datetime,symbol,open,high,low,close,volume
2021-05-14 12:35:00,NSE:BOSCHLTD,13805.05,13814.9,13791.0,13814.8,97.0
2021-05-14 12:40:00,NSE:BOSCHLTD,13805.2,13846.15,13800.0,13834.0,230.0
2021-05-14 12:45:00,NSE:BOSCHLTD,13840.0,13844.0,13828.45,13829.7,105.0
2021-05-14 12:50:00,NSE:BOSCHLTD,13818.95,13820.95,13792.0,13793.75,311.0
2021-05-14 12:55:00,NSE:BOSCHLTD,13793.75,13804.8,13780.0,13800.0,312.0
2021-05-14 13:00:00,NSE:BOSCHLTD,13818.05,13859.0,13817.5,13847.0,255.0
2021-05-14 13:05:00,NSE:BOSCHLTD,13842.0,13846.95,13825.35,13840.0,191.0
2021-05-14 13:10:00,NSE:BOSCHLTD,13852.95,13854.25,13826.7,13826.7,177.0
2021-05-14 13:15:00,NSE:BOSCHLTD,13825.95,13825.95,13781.0,13783.25,473.0
2021-05-14 13:20:00,NSE:BOSCHLTD,13785.0,13849.8,13785.0,13842.0,235.0
2021-05-14 13:25:00,NSE:BOSCHLTD,13830.15,13842.0,13813.0,13831.3,295.0
2021-05-14 13:30:00,NSE:BOSCHLTD,13845.0,13858.05,13843.65,13847.0,110.0
2021-05-14 13:35:00,NSE:BOSCHLTD,13851.0,13854.85,13825.0,13825.0,141.0
2021-05-14 13:40:00,NSE:BOSCHLTD,13820.0,13830.0,13810.1,13811.0,293.0
2021-05-14 13:45:00,NSE:BOSCHLTD,13818.2,13830.0,13810.0,13825.0,259.0
2021-05-14 13:50:00,NSE:BOSCHLTD,13829.8,13849.95,13829.65,13836.7,94.0
2021-05-14 13:55:00,NSE:BOSCHLTD,13848.7,13848.7,13790.0,13790.0,440.0
2021-05-14 14:00:00,NSE:BOSCHLTD,13780.0,13815.95,13780.0,13814.95,245.0
2021-05-14 14:05:00,NSE:BOSCHLTD,13813.75,13834.25,13803.0,13820.6,105.0
2021-05-14 14:10:00,NSE:BOSCHLTD,13834.0,13835.75,13820.7,13835.75,50.0
2021-05-14 14:15:00,NSE:BOSCHLTD,13834.95,13860.0,13820.7,13849.0,312.0
2021-05-14 14:20:00,NSE:BOSCHLTD,13841.5,13855.0,13829.25,13829.25,107.0
2021-05-14 14:25:00,NSE:BOSCHLTD,13825.6,13844.95,13814.4,13830.0,184.0
2021-05-14 14:30:00,NSE:BOSCHLTD,13841.1,13848.2,13824.0,13824.45,117.0
2021-05-14 14:35:00,NSE:BOSCHLTD,13841.55,13843.0,13830.25,13841.0,22.0
2021-05-14 14:40:00,NSE:BOSCHLTD,13830.8,13847.0,13825.05,13841.45,83.0
2021-05-14 14:45:00,NSE:BOSCHLTD,13830.0,13873.0,13827.5,13873.0,415.0
2021-05-14 14:50:00,NSE:BOSCHLTD,13870.0,13873.0,13829.0,13829.0,321.0
2021-05-14 14:55:00,NSE:BOSCHLTD,13842.0,13842.0,13812.45,13824.7,266.0
2021-05-14 15:00:00,NSE:BOSCHLTD,13812.3,13819.0,13781.2,13807.9,531.0
2021-05-14 15:05:00,NSE:BOSCHLTD,13807.0,13812.2,13780.0,13782.0,340.0
2021-05-14 15:10:00,NSE:BOSCHLTD,13785.0,13800.0,13750.75,13774.0,1159.0
2021-05-14 15:15:00,NSE:BOSCHLTD,13770.0,13792.1,13756.4,13760.05,804.0
2021-05-14 15:20:00,NSE:BOSCHLTD,13766.0,13796.15,13731.5,13771.7,1565.0
2021-05-14 15:25:00,NSE:BOSCHLTD,13767.6,13799.95,13750.0,13799.95,699.0
2021-05-14 15:40:00,NSE:BOSCHLTD,13772.05,13799.95,13772.05,13799.95,18.0
2021-05-14 15:45:00,NSE:BOSCHLTD,13772.05,13772.05,13772.05,13772.05,1.0
2021-05-14 15:50:00,NSE:BOSCHLTD,13772.05,13772.05,13772.05,13772.05,4.0
2021-05-17 09:05:00,NSE:BOSCHLTD,13880.0,13880.0,13880.0,13880.0,41.0
2021-05-17 09:15:00,NSE:BOSCHLTD,13879.95,13933.9,13722.85,13804.3,1455.0
2021-05-17 09:20:00,NSE:BOSCHLTD,13796.25,13800.0,13746.3,13786.2,328.0
2021-05-17 09:25:00,NSE:BOSCHLTD,13789.95,13818.0,13750.0,13813.15,733.0
2021-05-17 09:30:00,NSE:BOSCHLTD,13817.9,13829.8,13782.65,13797.5,491.0
2021-05-17 09:35:00,NSE:BOSCHLTD,13817.15,13850.4,13802.95,13820.0,413.0
2021-05-17 09:40:00,NSE:BOSCHLTD,13827.65,13846.45,13821.45,13835.9,321.0
2021-05-17 09:45:00,NSE:BOSCHLTD,13838.9,13872.75,13823.2,13825.15,359.0
2021-05-17 09:50:00,NSE:BOSCHLTD,13833.85,13840.0,13800.0,13840.0,186.0
2021-05-17 09:55:00,NSE:BOSCHLTD,13849.9,13849.9,13780.7,13806.6,369.0
2021-05-17 10:00:00,NSE:BOSCHLTD,13802.85,13869.3,13794.55,13815.55,358.0
2021-05-17 10:05:00,NSE:BOSCHLTD,13833.2,13869.55,13800.0,13829.15,539.0
2021-05-17 10:10:00,NSE:BOSCHLTD,13816.7,13874.0,13805.65,13850.2,971.0
2021-05-17 10:15:00,NSE:BOSCHLTD,13850.6,13897.7,13850.6,13897.7,365.0
2021-05-17 10:20:00,NSE:BOSCHLTD,13898.0,13898.0,13878.5,13889.95,340.0
2021-05-17 10:25:00,NSE:BOSCHLTD,13890.0,13899.0,13885.0,13885.0,367.0
2021-05-17 10:30:00,NSE:BOSCHLTD,13885.35,13896.95,13863.25,13891.5,256.0
2021-05-17 10:35:00,NSE:BOSCHLTD,13895.0,13930.0,13895.0,13930.0,417.0
2021-05-17 10:40:00,NSE:BOSCHLTD,13930.0,13932.5,13907.65,13919.0,200.0
2021-05-17 10:45:00,NSE:BOSCHLTD,13919.0,13947.75,13909.35,13947.4,411.0
2021-05-17 10:50:00,NSE:BOSCHLTD,13933.25,13950.0,13910.0,13936.05,250.0
2021-05-17 10:55:00,NSE:BOSCHLTD,13947.75,13994.85,13909.95,13985.05,922.0
2021-05-17 11:00:00,NSE:BOSCHLTD,13985.0,14023.7,13938.25,13975.85,978.0
2021-05-17 11:05:00,NSE:BOSCHLTD,13965.1,13975.0,13922.4,13959.4,363.0
2021-05-17 11:10:00,NSE:BOSCHLTD,13959.95,13974.0,13920.85,13974.0,347.0
2021-05-17 11:15:00,NSE:BOSCHLTD,13978.75,14006.0,13951.25,13972.45,658.0
2021-05-17 11:20:00,NSE:BOSCHLTD,13957.6,13969.45,13956.3,13960.55,45.0
2021-05-17 11:25:00,NSE:BOSCHLTD,13960.0,13966.85,13925.0,13937.45,270.0
2021-05-17 11:30:00,NSE:BOSCHLTD,13927.9,13940.65,13912.1,13928.95,215.0
2021-05-17 11:35:00,NSE:BOSCHLTD,13928.95,13984.95,13928.75,13984.95,224.0
2021-05-17 11:40:00,NSE:BOSCHLTD,13961.55,14006.45,13961.55,13998.7,487.0
2021-05-17 11:45:00,NSE:BOSCHLTD,13990.6,14086.1,13990.6,14066.0,1457.0
2021-05-17 11:50:00,NSE:BOSCHLTD,14074.0,14075.8,14055.1,14056.6,802.0
2021-05-17 11:55:00,NSE:BOSCHLTD,14066.0,14066.0,14012.6,14020.0,599.0
2021-05-17 12:00:00,NSE:BOSCHLTD,14020.0,14020.0,13973.45,14009.15,864.0
2021-05-17 12:05:00,NSE:BOSCHLTD,13997.5,14099.95,13992.7,14080.5,1404.0
2021-05-17 12:10:00,NSE:BOSCHLTD,14096.35,14150.0,14081.45,14126.6,1322.0
2021-05-17 12:15:00,NSE:BOSCHLTD,14138.95,14150.0,14104.3,14120.0,598.0
2021-05-17 12:20:00,NSE:BOSCHLTD,14117.45,14135.0,14100.3,14132.15,511.0
2021-05-17 12:25:00,NSE:BOSCHLTD,14118.85,14149.0,14113.1,14147.45,177.0
2021-05-17 12:30:00,NSE:BOSCHLTD,14132.25,14149.0,14119.1,14140.0,294.0
2021-05-17 12:35:00,NSE:BOSCHLTD,14140.65,14176.55,14140.65,14140.75,472.0
2021-05-17 12:40:00,NSE:BOSCHLTD,14146.6,14157.45,14125.0,14146.0,275.0
2021-05-17 12:45:00,NSE:BOSCHLTD,14171.55,14190.0,14156.25,14173.85,402.0
2021-05-17 12:50:00,NSE:BOSCHLTD,14180.45,14220.0,14172.0,14195.0,827.0
2021-05-17 12:55:00,NSE:BOSCHLTD,14185.05,14195.0,14135.1,14150.05,250.0
2021-05-17 13:00:00,NSE:BOSCHLTD,14150.0,14150.0,14100.05,14100.05,517.0
2021-05-17 13:05:00,NSE:BOSCHLTD,14100.15,14126.15,14100.0,14107.55,187.0
2021-05-17 13:10:00,NSE:BOSCHLTD,14120.75,14120.75,14084.1,14086.2,277.0
2021-05-17 13:15:00,NSE:BOSCHLTD,14075.0,14090.35,14058.15,14070.0,564.0
2021-05-17 13:20:00,NSE:BOSCHLTD,14070.05,14080.0,14052.0,14055.5,233.0
2021-05-17 13:25:00,NSE:BOSCHLTD,14055.5,14059.9,14026.05,14034.7,357.0
2021-05-17 13:30:00,NSE:BOSCHLTD,14033.75,14069.65,14026.05,14067.35,90.0
2021-05-17 13:35:00,NSE:BOSCHLTD,14067.1,14123.0,14058.8,14107.5,149.0
2021-05-17 13:40:00,NSE:BOSCHLTD,14107.5,14122.9,14086.85,14090.0,265.0
2021-05-17 13:45:00,NSE:BOSCHLTD,14088.2,14125.8,14087.5,14125.8,81.0
2021-05-17 13:50:00,NSE:BOSCHLTD,14122.05,14125.0,14115.45,14116.65,237.0
2021-05-17 13:55:00,NSE:BOSCHLTD,14124.95,14140.0,14124.0,14130.0,234.0
2021-05-17 14:00:00,NSE:BOSCHLTD,14134.1,14160.0,14133.0,14145.0,149.0
2021-05-17 14:05:00,NSE:BOSCHLTD,14144.8,14175.0,14142.0,14166.55,82.0
2021-05-17 14:10:00,NSE:BOSCHLTD,14175.0,14177.0,14123.75,14123.75,223.0
2021-05-17 14:15:00,NSE:BOSCHLTD,14120.0,14147.7,14111.25,14131.2,93.0
2021-05-17 14:20:00,NSE:BOSCHLTD,14132.2,14132.2,14104.45,14104.45,142.0
2021-05-17 14:25:00,NSE:BOSCHLTD,14118.25,14138.0,14118.25,14138.0,158.0
2021-05-17 14:30:00,NSE:BOSCHLTD,14148.9,14180.0,14148.0,14180.0,413.0
2021-05-17 14:35:00,NSE:BOSCHLTD,14180.0,14180.0,14143.5,14147.5,223.0
2021-05-17 14:40:00,NSE:BOSCHLTD,14150.0,14151.3,14125.0,14130.0,167.0
2021-05-17 14:45:00,NSE:BOSCHLTD,14130.0,14141.05,14118.1,14130.05,181.0
2021-05-17 14:50:00,NSE:BOSCHLTD,14139.85,14149.0,14130.05,14147.25,109.0
2021-05-17 14:55:00,NSE:BOSCHLTD,14149.0,14198.45,14130.1,14186.3,710.0
2021-05-17 15:00:00,NSE:BOSCHLTD,14186.45,14213.35,14186.45,14201.45,484.0
2021-05-17 15:05:00,NSE:BOSCHLTD,14210.95,14219.95,14185.15,14205.1,767.0
2021-05-17 15:10:00,NSE:BOSCHLTD,14205.0,14250.0,14200.05,14206.75,1153.0
2021-05-17 15:15:00,NSE:BOSCHLTD,14210.25,14237.95,14200.15,14220.85,747.0
2021-05-17 15:20:00,NSE:BOSCHLTD,14231.85,14250.0,14203.25,14225.3,723.0
2021-05-17 15:25:00,NSE:BOSCHLTD,14237.85,14240.75,14211.1,14240.75,579.0
2021-05-17 15:30:00,NSE:BOSCHLTD,14210.0,14210.0,14210.0,14210.0,2.0
2021-05-17 15:40:00,NSE:BOSCHLTD,14218.85,14218.85,14218.85,14218.85,2.0
2021-05-17 15:45:00,NSE:BOSCHLTD,14218.85,14218.85,14210.0,14218.85,3.0
2021-05-18 09:05:00,NSE:BOSCHLTD,14317.0,14317.0,14317.0,14317.0,41.0
2021-05-18 09:15:00,NSE:BOSCHLTD,14245.1,14329.1,14242.4,14277.2,1448.0
2021-05-18 09:20:00,NSE:BOSCHLTD,14279.7,14349.95,14279.7,14347.0,818.0
2021-05-18 09:25:00,NSE:BOSCHLTD,14335.0,14357.05,14300.0,14311.25,974.0
2021-05-18 09:30:00,NSE:BOSCHLTD,14300.0,14307.5,14200.0,14200.0,885.0
2021-05-18 09:35:00,NSE:BOSCHLTD,14207.55,14242.45,14181.2,14219.8,718.0
2021-05-18 09:40:00,NSE:BOSCHLTD,14210.05,14226.1,14170.0,14173.6,546.0
2021-05-18 09:45:00,NSE:BOSCHLTD,14173.7,14208.2,14160.05,14173.3,610.0
2021-05-18 09:50:00,NSE:BOSCHLTD,14173.35,14196.55,14117.2,14128.35,1091.0
2021-05-18 09:55:00,NSE:BOSCHLTD,14127.95,14204.0,14120.05,14199.9,372.0
2021-05-18 10:00:00,NSE:BOSCHLTD,14194.1,14194.1,14131.0,14158.35,596.0
2021-05-18 10:05:00,NSE:BOSCHLTD,14158.35,14199.8,14150.45,14160.1,836.0
2021-05-18 10:10:00,NSE:BOSCHLTD,14164.65,14200.0,14150.9,14200.0,423.0
2021-05-18 10:15:00,NSE:BOSCHLTD,14200.0,14243.85,14200.0,14208.0,381.0
2021-05-18 10:20:00,NSE:BOSCHLTD,14220.0,14220.0,14180.75,14211.25,280.0
2021-05-18 10:25:00,NSE:BOSCHLTD,14207.55,14275.0,14207.55,14275.0,1194.0
2021-05-18 10:30:00,NSE:BOSCHLTD,14278.85,14399.0,14263.1,14373.6,1872.0
2021-05-18 10:35:00,NSE:BOSCHLTD,14385.0,14434.0,14369.85,14380.0,1805.0
2021-05-18 10:40:00,NSE:BOSCHLTD,14385.65,14400.05,14350.0,14380.0,767.0
2021-05-18 10:45:00,NSE:BOSCHLTD,14360.05,14387.75,14360.05,14381.0,381.0
2021-05-18 10:50:00,NSE:BOSCHLTD,14362.6,14415.0,14354.8,14354.8,1767.0
2021-05-18 10:55:00,NSE:BOSCHLTD,14351.2,14367.05,14321.65,14325.0,1510.0
2021-05-18 11:00:00,NSE:BOSCHLTD,14322.0,14455.0,14322.0,14430.05,3547.0
2021-05-18 11:05:00,NSE:BOSCHLTD,14445.0,14446.95,14422.5,14445.0,371.0
2021-05-18 11:10:00,NSE:BOSCHLTD,14440.0,14443.2,14380.4,14400.15,637.0
2021-05-18 11:15:00,NSE:BOSCHLTD,14412.25,14480.0,14412.25,14460.0,1369.0
2021-05-18 11:20:00,NSE:BOSCHLTD,14460.05,14482.45,14450.05,14481.8,763.0
2021-05-18 11:25:00,NSE:BOSCHLTD,14471.05,14520.0,14457.9,14489.95,1615.0
2021-05-18 11:30:00,NSE:BOSCHLTD,14482.2,14490.0,14431.25,14445.0,606.0
2021-05-18 11:35:00,NSE:BOSCHLTD,14450.0,14483.05,14440.05,14458.3,334.0
2021-05-18 11:40:00,NSE:BOSCHLTD,14465.05,14499.0,14465.05,14467.05,441.0
2021-05-18 11:45:00,NSE:BOSCHLTD,14475.0,14505.0,14470.05,14485.0,460.0
2021-05-18 11:50:00,NSE:BOSCHLTD,14485.0,14489.25,14450.0,14464.15,303.0
2021-05-18 11:55:00,NSE:BOSCHLTD,14464.15,14487.45,14453.2,14454.95,124.0
2021-05-18 12:00:00,NSE:BOSCHLTD,14469.15,14470.95,14450.0,14450.0,141.0
2021-05-18 12:05:00,NSE:BOSCHLTD,14452.45,14475.4,14452.45,14470.0,269.0
2021-05-18 12:10:00,NSE:BOSCHLTD,14455.05,14500.0,14450.05,14450.05,494.0
2021-05-18 12:15:00,NSE:BOSCHLTD,14461.45,14500.0,14450.0,14467.05,345.0
2021-05-18 12:20:00,NSE:BOSCHLTD,14466.5,14490.95,14455.1,14480.0,549.0
2021-05-18 12:25:00,NSE:BOSCHLTD,14479.55,14490.0,14461.05,14469.6,320.0
2021-05-18 12:30:00,NSE:BOSCHLTD,14469.6,14485.0,14441.55,14477.0,577.0
2021-05-18 12:35:00,NSE:BOSCHLTD,14469.2,14500.0,14457.0,14490.0,409.0
2021-05-18 12:40:00,NSE:BOSCHLTD,14490.0,14490.0,14470.0,14470.0,27.0
2021-05-18 12:45:00,NSE:BOSCHLTD,14470.0,14501.0,14470.0,14500.0,413.0
2021-05-18 12:50:00,NSE:BOSCHLTD,14503.9,14509.0,14490.0,14490.0,108.0
2021-05-18 12:55:00,NSE:BOSCHLTD,14487.05,14487.05,14450.0,14454.95,396.0
2021-05-18 13:00:00,NSE:BOSCHLTD,14455.0,14455.0,14402.2,14419.9,757.0
2021-05-18 13:05:00,NSE:BOSCHLTD,14409.9,14433.0,14409.9,14411.25,168.0
2021-05-18 13:10:00,NSE:BOSCHLTD,14411.25,14425.95,14402.0,14416.25,147.0
2021-05-18 13:15:00,NSE:BOSCHLTD,14423.35,14423.35,14405.95,14420.0,73.0
2021-05-18 13:20:00,NSE:BOSCHLTD,14420.0,14422.2,14383.05,14395.8,206.0
2021-05-18 13:25:00,NSE:BOSCHLTD,14390.45,14396.45,14370.0,14370.0,413.0
2021-05-18 13:30:00,NSE:BOSCHLTD,14370.0,14412.2,14370.0,14412.2,314.0
2021-05-18 13:35:00,NSE:BOSCHLTD,14402.0,14429.85,14402.0,14420.5,162.0
2021-05-18 13:40:00,NSE:BOSCHLTD,14420.0,14429.95,14401.15,14409.45,220.0
2021-05-18 13:45:00,NSE:BOSCHLTD,14409.45,14470.5,14405.8,14455.1,596.0
2021-05-18 13:50:00,NSE:BOSCHLTD,14454.65,14467.15,14440.0,14454.65,165.0
2021-05-18 13:55:00,NSE:BOSCHLTD,14443.8,14445.35,14406.0,14407.05,197.0
2021-05-18 14:00:00,NSE:BOSCHLTD,14435.7,14460.0,14428.8,14452.55,355.0
2021-05-18 14:05:00,NSE:BOSCHLTD,14460.0,14500.0,14450.15,14498.5,524.0
2021-05-18 14:10:00,NSE:BOSCHLTD,14486.25,14520.0,14472.7,14485.0,621.0
2021-05-18 14:15:00,NSE:BOSCHLTD,14475.85,14490.55,14462.05,14490.55,96.0
2021-05-18 14:20:00,NSE:BOSCHLTD,14485.0,14511.3,14485.0,14495.65,245.0
2021-05-18 14:25:00,NSE:BOSCHLTD,14488.15,14490.0,14443.35,14447.5,475.0
2021-05-18 14:30:00,NSE:BOSCHLTD,14440.0,14459.7,14440.0,14451.0,24.0
2021-05-18 14:35:00,NSE:BOSCHLTD,14451.0,14475.0,14450.5,14464.4,338.0
2021-05-18 14:40:00,NSE:BOSCHLTD,14450.9,14460.0,14440.0,14450.65,120.0
2021-05-18 14:45:00,NSE:BOSCHLTD,14446.65,14461.5,14446.15,14450.9,31.0
2021-05-18 14:50:00,NSE:BOSCHLTD,14460.0,14460.0,14446.25,14453.0,119.0
2021-05-18 14:55:00,NSE:BOSCHLTD,14450.0,14453.0,14419.4,14425.25,582.0
2021-05-18 15:00:00,NSE:BOSCHLTD,14434.0,14475.0,14434.0,14475.0,687.0
2021-05-18 15:05:00,NSE:BOSCHLTD,14470.5,14490.0,14461.95,14461.95,602.0
2021-05-18 15:10:00,NSE:BOSCHLTD,14480.55,14485.15,14462.9,14477.95,523.0
2021-05-18 15:15:00,NSE:BOSCHLTD,14471.0,14485.0,14465.2,14476.05,584.0
2021-05-18 15:20:00,NSE:BOSCHLTD,14475.0,14480.0,14425.7,14426.4,2221.0
2021-05-18 15:25:00,NSE:BOSCHLTD,14415.9,14472.95,14414.45,14427.0,1546.0
2021-05-18 15:50:00,NSE:BOSCHLTD,14450.55,14450.55,14450.55,14450.55,1.0
2021-05-18 15:55:00,NSE:BOSCHLTD,14450.55,14450.55,14450.55,14450.55,15.0
2021-05-19 09:05:00,NSE:BOSCHLTD,14437.0,14437.0,14437.0,14437.0,145.0
2021-05-19 09:15:00,NSE:BOSCHLTD,14432.55,14524.95,14357.05,14430.0,1554.0
2021-05-19 09:20:00,NSE:BOSCHLTD,14410.0,14432.4,14364.45,14366.85,1399.0
2021-05-19 09:25:00,NSE:BOSCHLTD,14370.95,14432.45,14362.2,14424.0,625.0
2021-05-19 09:30:00,NSE:BOSCHLTD,14413.5,14499.0,14411.65,14467.85,1035.0
2021-05-19 09:35:00,NSE:BOSCHLTD,14471.15,14524.0,14436.6,14500.0,823.0
2021-05-19 09:40:00,NSE:BOSCHLTD,14494.4,14497.35,14470.0,14487.5,277.0
2021-05-19 09:45:00,NSE:BOSCHLTD,14498.45,14500.0,14480.05,14480.55,342.0
2021-05-19 09:50:00,NSE:BOSCHLTD,14491.0,14550.0,14482.05,14550.0,830.0
2021-05-19 09:55:00,NSE:BOSCHLTD,14550.0,14649.0,14550.0,14635.0,2058.0
2021-05-19 10:00:00,NSE:BOSCHLTD,14630.0,14654.85,14612.5,14654.85,845.0
2021-05-19 10:05:00,NSE:BOSCHLTD,14655.0,14678.5,14629.65,14660.0,860.0
2021-05-19 10:10:00,NSE:BOSCHLTD,14660.0,14664.45,14632.15,14636.05,531.0
2021-05-19 10:15:00,NSE:BOSCHLTD,14632.15,14639.95,14577.0,14623.25,1065.0
2021-05-19 10:20:00,NSE:BOSCHLTD,14623.35,14625.0,14609.05,14612.05,531.0
2021-05-19 10:25:00,NSE:BOSCHLTD,14612.15,14657.2,14612.05,14648.75,823.0
2021-05-19 10:30:00,NSE:BOSCHLTD,14647.45,14699.0,14647.45,14698.0,1257.0
2021-05-19 10:35:00,NSE:BOSCHLTD,14697.5,14735.0,14692.1,14695.0,1272.0
2021-05-19 10:40:00,NSE:BOSCHLTD,14697.75,14719.8,14695.0,14704.3,387.0
2021-05-19 10:45:00,NSE:BOSCHLTD,14707.15,14729.9,14700.35,14705.75,739.0
2021-05-19 10:50:00,NSE:BOSCHLTD,14705.75,14719.0,14702.0,14710.15,226.0
2021-05-19 10:55:00,NSE:BOSCHLTD,14713.0,14713.0,14635.25,14692.15,972.0
2021-05-19 11:00:00,NSE:BOSCHLTD,14690.95,14693.0,14625.05,14639.95,923.0
2021-05-19 11:05:00,NSE:BOSCHLTD,14639.95,14687.0,14630.1,14668.95,465.0
2021-05-19 11:10:00,NSE:BOSCHLTD,14669.0,14710.0,14650.25,14706.6,870.0
2021-05-19 11:15:00,NSE:BOSCHLTD,14710.0,14744.9,14693.9,14709.95,1115.0
2021-05-19 11:20:00,NSE:BOSCHLTD,14687.65,14708.1,14687.65,14688.2,369.0
2021-05-19 11:25:00,NSE:BOSCHLTD,14688.2,14693.1,14670.0,14670.2,184.0
2021-05-19 11:30:00,NSE:BOSCHLTD,14670.2,14679.7,14650.05,14655.0,274.0
2021-05-19 11:35:00,NSE:BOSCHLTD,14658.45,14699.95,14658.45,14683.85,436.0
2021-05-19 11:40:00,NSE:BOSCHLTD,14692.95,14695.0,14660.05,14685.0,439.0
2021-05-19 11:45:00,NSE:BOSCHLTD,14684.9,14690.0,14660.2,14680.75,306.0
2021-05-19 11:50:00,NSE:BOSCHLTD,14678.0,14678.0,14665.7,14676.95,303.0
2021-05-19 11:55:00,NSE:BOSCHLTD,14670.0,14676.9,14655.0,14659.95,268.0
2021-05-19 12:00:00,NSE:BOSCHLTD,14651.2,14651.25,14621.1,14630.05,978.0
2021-05-19 12:05:00,NSE:BOSCHLTD,14640.0,14650.0,14631.05,14650.0,906.0
2021-05-19 12:10:00,NSE:BOSCHLTD,14650.0,14699.0,14649.0,14686.8,1128.0
2021-05-19 12:15:00,NSE:BOSCHLTD,14672.45,14672.45,14601.0,14629.5,1375.0
2021-05-19 12:20:00,NSE:BOSCHLTD,14610.7,14610.7,14555.0,14596.2,857.0
2021-05-19 12:25:00,NSE:BOSCHLTD,14582.6,14611.0,14580.25,14606.95,262.0
2021-05-19 12:30:00,NSE:BOSCHLTD,14606.95,14606.95,14572.8,14575.0,316.0
2021-05-19 12:35:00,NSE:BOSCHLTD,14569.65,14603.1,14552.15,14564.0,357.0
2021-05-19 12:40:00,NSE:BOSCHLTD,14575.5,14578.6,14524.0,14530.05,1054.0
2021-05-19 12:45:00,NSE:BOSCHLTD,14530.05,14540.0,14525.0,14533.1,484.0
2021-05-19 12:50:00,NSE:BOSCHLTD,14533.2,14540.0,14530.0,14538.7,571.0
2021-05-19 12:55:00,NSE:BOSCHLTD,14539.4,14570.05,14530.0,14569.6,592.0
2021-05-19 13:00:00,NSE:BOSCHLTD,14568.95,14629.0,14563.05,14607.6,817.0
2021-05-19 13:05:00,NSE:BOSCHLTD,14610.0,14629.8,14592.0,14628.0,293.0
2021-05-19 13:10:00,NSE:BOSCHLTD,14620.1,14649.6,14617.4,14644.0,280.0
2021-05-19 13:15:00,NSE:BOSCHLTD,14634.35,14725.0,14634.35,14705.0,1431.0
2021-05-19 13:20:00,NSE:BOSCHLTD,14704.95,14749.0,14700.85,14731.85,883.0
2021-05-19 13:25:00,NSE:BOSCHLTD,14722.75,14744.9,14701.45,14701.45,976.0
2021-05-19 13:30:00,NSE:BOSCHLTD,14710.0,14715.0,14670.9,14715.0,1121.0
2021-05-19 13:35:00,NSE:BOSCHLTD,14700.15,14730.0,14684.35,14721.15,934.0
2021-05-19 13:40:00,NSE:BOSCHLTD,14729.95,14750.55,14710.15,14740.05,1029.0
2021-05-19 13:45:00,NSE:BOSCHLTD,14748.05,14774.0,14740.0,14770.0,996.0
2021-05-19 13:50:00,NSE:BOSCHLTD,14762.0,14800.0,14762.0,14794.0,1389.0
2021-05-19 13:55:00,NSE:BOSCHLTD,14799.0,14800.0,14748.05,14757.4,955.0
2021-05-19 14:00:00,NSE:BOSCHLTD,14757.4,14777.9,14683.85,14698.0,2380.0
2021-05-19 14:05:00,NSE:BOSCHLTD,14692.1,14739.6,14692.1,14730.0,799.0
2021-05-19 14:10:00,NSE:BOSCHLTD,14730.0,14743.0,14703.0,14717.45,381.0
2021-05-19 14:15:00,NSE:BOSCHLTD,14706.0,14745.0,14690.4,14735.55,710.0
2021-05-19 14:20:00,NSE:BOSCHLTD,14736.0,14756.85,14720.4,14720.4,504.0
2021-05-19 14:25:00,NSE:BOSCHLTD,14721.8,14744.9,14715.0,14729.15,576.0
2021-05-19 14:30:00,NSE:BOSCHLTD,14720.9,14740.1,14720.0,14731.0,775.0
2021-05-19 14:35:00,NSE:BOSCHLTD,14737.45,14759.95,14728.95,14735.05,352.0
2021-05-19 14:40:00,NSE:BOSCHLTD,14749.05,14755.35,14728.0,14732.05,353.0
2021-05-19 14:45:00,NSE:BOSCHLTD,14733.0,14745.15,14732.0,14733.15,212.0
2021-05-19 14:50:00,NSE:BOSCHLTD,14733.15,14736.25,14720.0,14725.35,251.0
2021-05-19 14:55:00,NSE:BOSCHLTD,14730.0,14784.35,14716.3,14779.65,1193.0
2021-05-19 15:00:00,NSE:BOSCHLTD,14768.9,14835.0,14763.8,14831.0,2050.0
2021-05-19 15:05:00,NSE:BOSCHLTD,14830.0,14833.0,14782.7,14808.0,2006.0
2021-05-19 15:10:00,NSE:BOSCHLTD,14808.0,14825.0,14795.55,14824.65,910.0
2021-05-19 15:15:00,NSE:BOSCHLTD,14826.0,14826.0,14749.65,14767.45,1979.0
2021-05-19 15:20:00,NSE:BOSCHLTD,14772.2,14787.5,14727.8,14730.0,1716.0
2021-05-19 15:25:00,NSE:BOSCHLTD,14723.45,14743.7,14680.0,14687.0,1467.0
2021-05-19 15:30:00,NSE:BOSCHLTD,14699.95,14699.95,14699.95,14699.95,1.0
2021-05-19 15:40:00,NSE:BOSCHLTD,14780.55,14780.55,14780.55,14780.55,6.0
2021-05-20 09:05:00,NSE:BOSCHLTD,14770.0,14770.0,14770.0,14770.0,88.0
2021-05-20 09:15:00,NSE:BOSCHLTD,14769.2,14867.95,14710.05,14764.15,3882.0
2021-05-20 09:20:00,NSE:BOSCHLTD,14764.15,14764.15,14717.0,14735.05,1410.0
2021-05-20 09:25:00,NSE:BOSCHLTD,14735.0,14735.0,14600.0,14600.0,1429.0
2021-05-20 09:30:00,NSE:BOSCHLTD,14607.3,14658.15,14581.85,14607.5,1930.0
2021-05-20 09:35:00,NSE:BOSCHLTD,14605.0,14690.05,14605.0,14680.1,1084.0
2021-05-20 09:40:00,NSE:BOSCHLTD,14675.05,14735.05,14670.2,14722.05,1118.0
2021-05-20 09:45:00,NSE:BOSCHLTD,14737.6,14753.65,14714.0,14727.6,806.0
2021-05-20 09:50:00,NSE:BOSCHLTD,14739.2,14780.0,14701.15,14735.0,2455.0
2021-05-20 09:55:00,NSE:BOSCHLTD,14724.0,14753.35,14684.45,14707.5,939.0
2021-05-20 10:00:00,NSE:BOSCHLTD,14707.5,14730.05,14675.0,14718.7,588.0
2021-05-20 10:05:00,NSE:BOSCHLTD,14718.7,14743.2,14716.25,14736.35,192.0
2021-05-20 10:10:00,NSE:BOSCHLTD,14730.35,14740.0,14716.65,14718.75,193.0
2021-05-20 10:15:00,NSE:BOSCHLTD,14718.75,14731.9,14718.75,14726.9,168.0
2021-05-20 10:20:00,NSE:BOSCHLTD,14720.55,14745.5,14720.55,14735.8,270.0
2021-05-20 10:25:00,NSE:BOSCHLTD,14725.0,14732.5,14681.0,14698.25,397.0
2021-05-20 10:30:00,NSE:BOSCHLTD,14697.0,14699.0,14670.0,14670.0,173.0
2021-05-20 10:35:00,NSE:BOSCHLTD,14670.0,14702.05,14670.0,14702.05,139.0
2021-05-20 10:40:00,NSE:BOSCHLTD,14685.45,14710.0,14681.4,14705.15,218.0
2021-05-20 10:45:00,NSE:BOSCHLTD,14697.55,14736.45,14696.9,14736.45,155.0
2021-05-20 10:50:00,NSE:BOSCHLTD,14731.55,14731.55,14682.5,14711.25,288.0
2021-05-20 10:55:00,NSE:BOSCHLTD,14711.25,14734.4,14690.0,14734.4,217.0
2021-05-20 11:00:00,NSE:BOSCHLTD,14736.0,14745.7,14675.0,14686.65,772.0
2021-05-20 11:05:00,NSE:BOSCHLTD,14699.85,14732.05,14674.35,14697.3,1018.0
2021-05-20 11:10:00,NSE:BOSCHLTD,14691.2,14691.2,14630.05,14645.25,461.0
2021-05-20 11:15:00,NSE:BOSCHLTD,14645.25,14666.1,14645.25,14657.9,163.0
2021-05-20 11:20:00,NSE:BOSCHLTD,14648.05,14674.9,14640.85,14652.0,278.0
2021-05-20 11:25:00,NSE:BOSCHLTD,14654.7,14659.25,14642.0,14650.0,143.0
2021-05-20 11:30:00,NSE:BOSCHLTD,14652.15,14656.25,14608.75,14622.6,322.0
2021-05-20 11:35:00,NSE:BOSCHLTD,14620.0,14666.4,14620.0,14653.6,240.0
2021-05-20 11:40:00,NSE:BOSCHLTD,14653.6,14675.3,14631.9,14660.0,857.0
2021-05-20 11:45:00,NSE:BOSCHLTD,14669.55,14669.55,14615.0,14643.15,539.0
2021-05-20 11:50:00,NSE:BOSCHLTD,14640.0,14660.0,14630.0,14658.0,159.0
2021-05-20 11:55:00,NSE:BOSCHLTD,14650.1,14655.7,14625.2,14630.0,310.0
2021-05-20 12:00:00,NSE:BOSCHLTD,14630.0,14634.0,14621.35,14621.75,192.0
2021-05-20 12:05:00,NSE:BOSCHLTD,14625.0,14645.2,14620.0,14621.0,208.0
2021-05-20 12:10:00,NSE:BOSCHLTD,14630.95,14645.6,14630.95,14645.0,86.0
2021-05-20 12:15:00,NSE:BOSCHLTD,14645.0,14678.0,14641.5,14642.55,367.0
2021-05-20 12:20:00,NSE:BOSCHLTD,14642.5,14646.0,14622.1,14632.45,109.0
2021-05-20 12:25:00,NSE:BOSCHLTD,14644.0,14649.8,14611.95,14611.95,160.0
2021-05-20 12:30:00,NSE:BOSCHLTD,14611.95,14633.8,14610.0,14631.15,175.0
2021-05-20 12:35:00,NSE:BOSCHLTD,14633.8,14633.8,14620.0,14631.0,52.0
2021-05-20 12:40:00,NSE:BOSCHLTD,14620.4,14629.95,14611.0,14622.0,49.0
2021-05-20 12:45:00,NSE:BOSCHLTD,14636.5,14650.0,14622.1,14646.45,154.0
2021-05-20 12:50:00,NSE:BOSCHLTD,14645.2,14648.55,14635.0,14635.0,16.0
2021-05-20 12:55:00,NSE:BOSCHLTD,14637.5,14638.35,14630.0,14630.0,69.0
2021-05-20 13:00:00,NSE:BOSCHLTD,14630.0,14650.0,14617.25,14635.0,302.0
2021-05-20 13:05:00,NSE:BOSCHLTD,14629.5,14649.2,14615.2,14616.5,403.0
2021-05-20 13:10:00,NSE:BOSCHLTD,14616.05,14634.6,14600.0,14616.8,419.0
2021-05-20 13:15:00,NSE:BOSCHLTD,14614.95,14790.0,14550.2,14777.2,3772.0
2021-05-20 13:20:00,NSE:BOSCHLTD,14787.0,15500.0,14779.25,15417.95,47682.0
2021-05-20 13:25:00,NSE:BOSCHLTD,15426.95,15639.75,15269.2,15569.9,44554.0
2021-05-20 13:30:00,NSE:BOSCHLTD,15572.15,16250.0,15551.95,16042.0,72609.0
2021-05-20 13:35:00,NSE:BOSCHLTD,16023.15,16136.65,15944.9,15960.1,31260.0
2021-05-20 13:40:00,NSE:BOSCHLTD,15977.55,16197.3,15956.3,16082.35,27355.0
2021-05-20 13:45:00,NSE:BOSCHLTD,16082.35,16170.0,16010.0,16065.0,15767.0
2021-05-20 13:50:00,NSE:BOSCHLTD,16055.0,16078.95,15857.85,15879.45,22975.0
2021-05-20 13:55:00,NSE:BOSCHLTD,15899.0,16039.85,15868.0,15905.0,14211.0
2021-05-20 14:00:00,NSE:BOSCHLTD,15909.95,15928.7,15860.25,15862.4,16215.0
2021-05-20 14:05:00,NSE:BOSCHLTD,15864.15,15882.3,15701.0,15816.4,26862.0
2021-05-20 14:10:00,NSE:BOSCHLTD,15820.05,15854.15,15759.6,15767.0,8653.0
2021-05-20 14:15:00,NSE:BOSCHLTD,15766.05,15870.0,15760.05,15815.0,9175.0
2021-05-20 14:20:00,NSE:BOSCHLTD,15809.0,15824.9,15600.0,15625.05,16561.0
2021-05-20 14:25:00,NSE:BOSCHLTD,15625.05,15699.9,15618.3,15665.9,12268.0
2021-05-20 14:30:00,NSE:BOSCHLTD,15665.0,15675.15,15526.05,15600.45,14453.0
2021-05-20 14:35:00,NSE:BOSCHLTD,15589.5,15663.05,15540.0,15616.75,9306.0
2021-05-20 14:40:00,NSE:BOSCHLTD,15625.0,15779.0,15572.7,15749.95,13681.0
2021-05-20 14:45:00,NSE:BOSCHLTD,15750.0,15998.95,15725.2,15892.25,34702.0
2021-05-20 14:50:00,NSE:BOSCHLTD,15880.0,15892.7,15810.05,15830.95,8703.0
2021-05-20 14:55:00,NSE:BOSCHLTD,15839.2,15940.0,15821.0,15923.05,9663.0
2021-05-20 15:00:00,NSE:BOSCHLTD,15936.85,15937.0,15850.0,15906.0,7012.0
2021-05-20 15:05:00,NSE:BOSCHLTD,15910.0,15916.8,15840.0,15850.05,8587.0
2021-05-20 15:10:00,NSE:BOSCHLTD,15860.0,15865.0,15732.55,15784.9,11255.0
2021-05-20 15:15:00,NSE:BOSCHLTD,15773.4,15860.0,15772.6,15840.65,6638.0
2021-05-20 15:20:00,NSE:BOSCHLTD,15840.65,15907.5,15808.5,15873.45,8779.0
2021-05-20 15:25:00,NSE:BOSCHLTD,15871.55,15900.0,15840.1,15845.0,5325.0
2021-05-20 15:40:00,NSE:BOSCHLTD,15845.8,15845.8,15845.0,15845.8,161.0
2021-05-20 15:45:00,NSE:BOSCHLTD,15845.8,15845.8,15845.0,15845.8,24.0
2021-05-20 15:50:00,NSE:BOSCHLTD,15845.8,15845.8,15845.8,15845.8,10.0
2021-05-21 09:05:00,NSE:BOSCHLTD,15841.0,15841.0,15841.0,15841.0,1355.0
2021-05-21 09:15:00,NSE:BOSCHLTD,15788.75,15788.75,15053.0,15144.0,34992.0
2021-05-21 09:20:00,NSE:BOSCHLTD,15153.7,15273.9,15125.85,15243.95,13942.0
2021-05-21 09:25:00,NSE:BOSCHLTD,15242.2,15267.8,15101.5,15240.0,12039.0
2021-05-21 09:30:00,NSE:BOSCHLTD,15240.0,15319.95,15235.15,15306.0,7991.0
2021-05-21 09:35:00,NSE:BOSCHLTD,15306.0,15350.0,15281.05,15335.1,10943.0
2021-05-21 09:40:00,NSE:BOSCHLTD,15347.75,15511.05,15330.05,15440.0,34314.0
2021-05-21 09:45:00,NSE:BOSCHLTD,15439.9,15439.9,15332.0,15350.0,8586.0
2021-05-21 09:50:00,NSE:BOSCHLTD,15329.4,15359.0,15252.9,15309.0,7233.0
2021-05-21 09:55:00,NSE:BOSCHLTD,15309.0,15319.05,15270.0,15314.0,3069.0
2021-05-21 10:00:00,NSE:BOSCHLTD,15314.0,15324.8,15283.0,15310.0,2810.0
2021-05-21 10:05:00,NSE:BOSCHLTD,15310.0,15449.95,15299.5,15392.95,5762.0
2021-05-21 10:10:00,NSE:BOSCHLTD,15395.05,15399.3,15352.2,15357.1,1908.0
2021-05-21 10:15:00,NSE:BOSCHLTD,15357.0,15390.0,15356.0,15370.0,1447.0
2021-05-21 10:20:00,NSE:BOSCHLTD,15368.85,15390.0,15362.05,15390.0,1263.0
2021-05-21 10:25:00,NSE:BOSCHLTD,15390.0,15420.0,15380.25,15410.0,1541.0
2021-05-21 10:30:00,NSE:BOSCHLTD,15402.5,15410.0,15375.0,15393.0,1607.0
2021-05-21 10:35:00,NSE:BOSCHLTD,15393.0,15396.0,15347.15,15354.0,1957.0
2021-05-21 10:40:00,NSE:BOSCHLTD,15353.95,15387.9,15350.0,15360.0,1220.0
2021-05-21 10:45:00,NSE:BOSCHLTD,15360.0,15363.9,15315.2,15328.0,2583.0
2021-05-21 10:50:00,NSE:BOSCHLTD,15328.0,15336.9,15295.8,15315.2,2471.0
2021-05-21 10:55:00,NSE:BOSCHLTD,15320.0,15338.4,15315.2,15338.4,1024.0
2021-05-21 11:00:00,NSE:BOSCHLTD,15339.35,15352.45,15315.0,15318.15,1303.0
2021-05-21 11:05:00,NSE:BOSCHLTD,15328.75,15328.8,15316.0,15325.0,404.0
2021-05-21 11:10:00,NSE:BOSCHLTD,15320.0,15347.0,15320.0,15339.8,705.0
2021-05-21 11:15:00,NSE:BOSCHLTD,15341.0,15344.9,15280.0,15281.0,2569.0
2021-05-21 11:20:00,NSE:BOSCHLTD,15282.65,15301.0,15260.0,15266.3,3102.0
2021-05-21 11:25:00,NSE:BOSCHLTD,15266.3,15286.85,15263.8,15276.0,1317.0
2021-05-21 11:30:00,NSE:BOSCHLTD,15275.0,15293.95,15275.0,15286.1,1265.0
2021-05-21 11:35:00,NSE:BOSCHLTD,15280.0,15284.7,15270.0,15278.9,977.0
2021-05-21 11:40:00,NSE:BOSCHLTD,15271.05,15286.3,15250.0,15255.0,2544.0
2021-05-21 11:45:00,NSE:BOSCHLTD,15251.0,15269.85,15250.0,15261.0,2175.0
2021-05-21 11:50:00,NSE:BOSCHLTD,15257.0,15308.95,15255.0,15300.0,2341.0
2021-05-21 11:55:00,NSE:BOSCHLTD,15300.0,15316.1,15295.0,15300.1,2773.0
2021-05-21 12:00:00,NSE:BOSCHLTD,15300.1,15364.95,15300.1,15347.65,4111.0
2021-05-21 12:05:00,NSE:BOSCHLTD,15347.55,15363.7,15323.2,15335.45,6303.0
2021-05-21 12:10:00,NSE:BOSCHLTD,15340.65,15344.4,15292.0,15309.65,1227.0
2021-05-21 12:15:00,NSE:BOSCHLTD,15302.05,15319.75,15298.05,15298.05,2508.0
2021-05-21 12:20:00,NSE:BOSCHLTD,15300.0,15310.0,15285.05,15308.95,1228.0
2021-05-21 12:25:00,NSE:BOSCHLTD,15308.95,15324.9,15300.05,15312.2,618.0
2021-05-21 12:30:00,NSE:BOSCHLTD,15318.0,15324.0,15285.05,15316.15,1570.0
2021-05-21 12:35:00,NSE:BOSCHLTD,15303.05,15322.45,15300.0,15310.15,886.0
2021-05-21 12:40:00,NSE:BOSCHLTD,15310.65,15333.75,15310.65,15323.1,488.0
2021-05-21 12:45:00,NSE:BOSCHLTD,15333.75,15347.0,15325.0,15338.0,649.0
2021-05-21 12:50:00,NSE:BOSCHLTD,15343.0,15348.4,15333.0,15345.0,889.0
2021-05-21 12:55:00,NSE:BOSCHLTD,15345.0,15345.0,15315.95,15315.95,359.0
2021-05-21 13:00:00,NSE:BOSCHLTD,15327.7,15330.0,15310.0,15310.0,461.0
2021-05-21 13:05:00,NSE:BOSCHLTD,15310.0,15329.95,15300.0,15322.5,865.0
2021-05-21 13:10:00,NSE:BOSCHLTD,15322.5,15354.9,15317.6,15345.0,2132.0
2021-05-21 13:15:00,NSE:BOSCHLTD,15345.0,15352.95,15340.0,15345.0,493.0
2021-05-21 13:20:00,NSE:BOSCHLTD,15331.75,15375.0,15327.05,15370.0,2292.0
2021-05-21 13:25:00,NSE:BOSCHLTD,15375.0,15375.0,15345.4,15345.4,789.0
2021-05-21 13:30:00,NSE:BOSCHLTD,15345.4,15359.5,15330.0,15350.05,943.0
2021-05-21 13:35:00,NSE:BOSCHLTD,15350.05,15375.0,15348.4,15374.95,776.0
2021-05-21 13:40:00,NSE:BOSCHLTD,15375.0,15398.05,15364.95,15385.05,2445.0
2021-05-21 13:45:00,NSE:BOSCHLTD,15390.0,15394.95,15352.6,15358.85,1412.0
2021-05-21 13:50:00,NSE:BOSCHLTD,15358.8,15377.8,15351.05,15376.0,551.0
2021-05-21 13:55:00,NSE:BOSCHLTD,15376.0,15376.0,15363.15,15373.0,536.0
2021-05-21 14:00:00,NSE:BOSCHLTD,15370.5,15400.0,15370.5,15385.0,1896.0
2021-05-21 14:05:00,NSE:BOSCHLTD,15390.0,15390.0,15372.0,15372.25,371.0
2021-05-21 14:10:00,NSE:BOSCHLTD,15380.0,15380.0,15365.55,15375.0,757.0
2021-05-21 14:15:00,NSE:BOSCHLTD,15370.0,15379.85,15366.1,15367.0,513.0
2021-05-21 14:20:00,NSE:BOSCHLTD,15370.0,15375.0,15311.4,15324.05,2414.0
2021-05-21 14:25:00,NSE:BOSCHLTD,15325.0,15360.0,15320.05,15335.2,933.0
2021-05-21 14:30:00,NSE:BOSCHLTD,15335.15,15445.0,15335.15,15401.0,4612.0
2021-05-21 14:35:00,NSE:BOSCHLTD,15398.4,15407.9,15360.9,15389.0,1107.0
2021-05-21 14:40:00,NSE:BOSCHLTD,15379.05,15388.95,15362.0,15367.0,1234.0
2021-05-21 14:45:00,NSE:BOSCHLTD,15367.0,15376.0,15342.0,15353.35,922.0
2021-05-21 14:50:00,NSE:BOSCHLTD,15339.45,15355.7,15325.45,15328.2,1383.0
2021-05-21 14:55:00,NSE:BOSCHLTD,15337.0,15345.0,15328.8,15328.8,668.0
2021-05-21 15:00:00,NSE:BOSCHLTD,15330.0,15338.25,15281.5,15320.0,3457.0
2021-05-21 15:05:00,NSE:BOSCHLTD,15310.0,15320.0,15267.95,15287.6,2618.0
2021-05-21 15:10:00,NSE:BOSCHLTD,15273.75,15293.85,15265.15,15290.0,3097.0
2021-05-21 15:15:00,NSE:BOSCHLTD,15281.3,15312.65,15280.85,15283.85,5232.0
2021-05-21 15:20:00,NSE:BOSCHLTD,15287.4,15298.0,15253.1,15281.75,5265.0
2021-05-21 15:25:00,NSE:BOSCHLTD,15272.0,15295.05,15260.0,15290.0,3706.0
2021-05-21 15:40:00,NSE:BOSCHLTD,15288.15,15290.0,15288.15,15288.15,35.0
2021-05-21 15:45:00,NSE:BOSCHLTD,15288.15,15290.0,15288.15,15288.15,3.0
2021-05-21 15:50:00,NSE:BOSCHLTD,15288.15,15288.15,15288.15,15288.15,1.0
2021-05-24 09:05:00,NSE:BOSCHLTD,15380.0,15380.0,15380.0,15380.0,187.0
2021-05-24 09:15:00,NSE:BOSCHLTD,15360.0,15570.4,15300.0,15370.1,7385.0
2021-05-24 09:20:00,NSE:BOSCHLTD,15355.75,15419.9,15355.05,15409.95,2116.0
2021-05-24 09:25:00,NSE:BOSCHLTD,15410.0,15415.3,15350.0,15369.0,2563.0
2021-05-24 09:30:00,NSE:BOSCHLTD,15371.05,15400.0,15308.1,15354.65,4474.0
2021-05-24 09:35:00,NSE:BOSCHLTD,15348.25,15400.0,15320.05,15390.55,1255.0
2021-05-24 09:40:00,NSE:BOSCHLTD,15375.4,15389.1,15330.0,15330.0,1127.0
2021-05-24 09:45:00,NSE:BOSCHLTD,15330.15,15333.95,15225.05,15250.55,4308.0
2021-05-24 09:50:00,NSE:BOSCHLTD,15245.0,15274.1,15236.5,15252.0,1483.0
2021-05-24 09:55:00,NSE:BOSCHLTD,15252.0,15274.5,15230.0,15230.0,1671.0
2021-05-24 10:00:00,NSE:BOSCHLTD,15230.0,15251.45,15200.0,15200.0,2872.0
2021-05-24 10:05:00,NSE:BOSCHLTD,15200.0,15201.75,15163.85,15188.75,2865.0
2021-05-24 10:10:00,NSE:BOSCHLTD,15188.75,15270.4,15176.25,15261.0,3199.0
2021-05-24 10:15:00,NSE:BOSCHLTD,15270.0,15350.0,15257.0,15322.3,2138.0
2021-05-24 10:20:00,NSE:BOSCHLTD,15333.95,15339.85,15250.0,15262.1,1488.0
2021-05-24 10:25:00,NSE:BOSCHLTD,15263.0,15293.9,15260.0,15277.4,490.0
2021-05-24 10:30:00,NSE:BOSCHLTD,15265.0,15300.0,15260.05,15289.45,515.0
2021-05-24 10:35:00,NSE:BOSCHLTD,15278.25,15291.0,15270.0,15270.0,277.0
2021-05-24 10:40:00,NSE:BOSCHLTD,15270.0,15278.05,15253.5,15278.0,238.0
2021-05-24 10:45:00,NSE:BOSCHLTD,15278.0,15280.0,15266.0,15277.2,213.0
2021-05-24 10:50:00,NSE:BOSCHLTD,15265.85,15335.2,15265.85,15312.1,540.0
2021-05-24 10:55:00,NSE:BOSCHLTD,15311.15,15333.95,15301.65,15315.0,593.0
2021-05-24 11:00:00,NSE:BOSCHLTD,15310.0,15320.0,15290.0,15290.6,890.0
2021-05-24 11:05:00,NSE:BOSCHLTD,15290.0,15350.0,15266.2,15340.5,1103.0
2021-05-24 11:10:00,NSE:BOSCHLTD,15337.85,15360.0,15314.25,15358.85,1367.0
2021-05-24 11:15:00,NSE:BOSCHLTD,15348.0,15389.9,15340.05,15349.0,1498.0
2021-05-24 11:20:00,NSE:BOSCHLTD,15354.7,15383.9,15345.2,15378.0,519.0
2021-05-24 11:25:00,NSE:BOSCHLTD,15370.0,15370.0,15300.0,15311.3,1321.0
2021-05-24 11:30:00,NSE:BOSCHLTD,15312.2,15328.05,15301.05,15310.0,599.0
2021-05-24 11:35:00,NSE:BOSCHLTD,15302.2,15335.0,15264.2,15284.3,1269.0
2021-05-24 11:40:00,NSE:BOSCHLTD,15272.05,15314.45,15271.0,15300.1,593.0
2021-05-24 11:45:00,NSE:BOSCHLTD,15311.0,15321.0,15293.8,15293.8,386.0
2021-05-24 11:50:00,NSE:BOSCHLTD,15289.95,15319.85,15289.95,15305.05,395.0
2021-05-24 11:55:00,NSE:BOSCHLTD,15313.4,15359.35,15306.15,15359.0,658.0
2021-05-24 12:00:00,NSE:BOSCHLTD,15350.0,15350.0,15329.0,15343.0,365.0
2021-05-24 12:05:00,NSE:BOSCHLTD,15343.0,15350.0,15334.5,15340.0,192.0
2021-05-24 12:10:00,NSE:BOSCHLTD,15340.0,15357.85,15314.45,15357.85,474.0
2021-05-24 12:15:00,NSE:BOSCHLTD,15343.85,15370.0,15335.75,15368.0,699.0
2021-05-24 12:20:00,NSE:BOSCHLTD,15367.5,15370.0,15352.45,15367.45,452.0
2021-05-24 12:25:00,NSE:BOSCHLTD,15365.0,15400.0,15355.0,15395.95,1364.0
2021-05-24 12:30:00,NSE:BOSCHLTD,15380.0,15394.0,15376.5,15379.45,1102.0
2021-05-24 12:35:00,NSE:BOSCHLTD,15379.05,15387.55,15367.3,15380.0,365.0
2021-05-24 12:40:00,NSE:BOSCHLTD,15370.0,15375.0,15325.0,15340.0,698.0
2021-05-24 12:45:00,NSE:BOSCHLTD,15338.0,15349.85,15320.5,15326.8,388.0
2021-05-24 12:50:00,NSE:BOSCHLTD,15333.0,15337.5,15284.0,15300.0,951.0
2021-05-24 12:55:00,NSE:BOSCHLTD,15291.2,15339.5,15291.2,15320.0,182.0
2021-05-24 13:00:00,NSE:BOSCHLTD,15329.4,15335.0,15315.1,15335.0,167.0
2021-05-24 13:05:00,NSE:BOSCHLTD,15342.0,15342.0,15321.0,15325.0,109.0
2021-05-24 13:10:00,NSE:BOSCHLTD,15322.0,15325.0,15315.0,15324.85,168.0
2021-05-24 13:15:00,NSE:BOSCHLTD,15315.0,15325.0,15282.35,15315.1,650.0
2021-05-24 13:20:00,NSE:BOSCHLTD,15312.0,15315.0,15300.0,15315.0,119.0
2021-05-24 13:25:00,NSE:BOSCHLTD,15315.0,15315.0,15301.75,15305.0,63.0
2021-05-24 13:30:00,NSE:BOSCHLTD,15302.0,15317.7,15302.0,15317.7,172.0
2021-05-24 13:35:00,NSE:BOSCHLTD,15317.7,15320.0,15310.0,15319.95,294.0
2021-05-24 13:40:00,NSE:BOSCHLTD,15327.1,15327.1,15310.05,15310.25,264.0
2021-05-24 13:45:00,NSE:BOSCHLTD,15324.6,15329.65,15307.95,15329.65,224.0
2021-05-24 13:50:00,NSE:BOSCHLTD,15329.7,15330.0,15311.7,15320.0,318.0
2021-05-24 13:55:00,NSE:BOSCHLTD,15312.1,15327.55,15306.45,15306.8,213.0
2021-05-24 14:00:00,NSE:BOSCHLTD,15323.55,15327.9,15309.4,15324.7,200.0
2021-05-24 14:05:00,NSE:BOSCHLTD,15324.6,15324.6,15306.0,15306.0,145.0
2021-05-24 14:10:00,NSE:BOSCHLTD,15306.0,15318.2,15306.0,15318.0,262.0
2021-05-24 14:15:00,NSE:BOSCHLTD,15318.0,15323.65,15306.0,15319.5,255.0
2021-05-24 14:20:00,NSE:BOSCHLTD,15310.0,15320.0,15309.0,15320.0,168.0
2021-05-24 14:25:00,NSE:BOSCHLTD,15314.35,15321.0,15307.0,15319.95,436.0
2021-05-24 14:30:00,NSE:BOSCHLTD,15320.0,15330.75,15309.7,15330.75,464.0
2021-05-24 14:35:00,NSE:BOSCHLTD,15332.0,15338.0,15316.0,15317.8,245.0
2021-05-24 14:40:00,NSE:BOSCHLTD,15317.8,15325.3,15290.0,15299.0,769.0
2021-05-24 14:45:00,NSE:BOSCHLTD,15282.0,15297.15,15250.0,15258.3,1365.0
2021-05-24 14:50:00,NSE:BOSCHLTD,15262.0,15277.6,15259.95,15271.85,669.0
2021-05-24 14:55:00,NSE:BOSCHLTD,15260.75,15262.0,15205.0,15210.0,1335.0
2021-05-24 15:00:00,NSE:BOSCHLTD,15210.0,15229.35,15150.0,15221.0,2759.0
2021-05-24 15:05:00,NSE:BOSCHLTD,15230.0,15234.4,15171.1,15187.35,2149.0
2021-05-24 15:10:00,NSE:BOSCHLTD,15190.0,15212.3,15155.0,15212.3,2322.0
2021-05-24 15:15:00,NSE:BOSCHLTD,15196.75,15209.8,15160.0,15178.45,1726.0
2021-05-24 15:20:00,NSE:BOSCHLTD,15178.95,15223.4,15170.15,15209.9,2615.0
2021-05-24 15:25:00,NSE:BOSCHLTD,15209.9,15230.0,15173.85,15190.5,2929.0
2021-05-24 15:40:00,NSE:BOSCHLTD,15193.3,15193.3,15190.5,15190.5,28.0
2021-05-24 15:45:00,NSE:BOSCHLTD,15193.3,15193.3,15193.3,15193.3,2.0
2021-05-24 15:55:00,NSE:BOSCHLTD,15193.3,15193.3,15190.5,15190.5,26.0
2021-05-25 09:05:00,NSE:BOSCHLTD,15259.0,15259.0,15259.0,15259.0,81.0
2021-05-25 09:15:00,NSE:BOSCHLTD,15259.0,15349.9,15202.0,15263.75,2564.0
2021-05-25 09:20:00,NSE:BOSCHLTD,15255.0,15266.85,15175.6,15239.05,1956.0
2021-05-25 09:25:00,NSE:BOSCHLTD,15223.55,15247.35,15157.25,15230.0,1768.0
2021-05-25 09:30:00,NSE:BOSCHLTD,15215.0,15233.9,15195.0,15211.7,1163.0
2021-05-25 09:35:00,NSE:BOSCHLTD,15217.95,15234.95,15206.5,15224.0,463.0
2021-05-25 09:40:00,NSE:BOSCHLTD,15220.0,15225.65,15170.0,15179.75,1561.0
2021-05-25 09:45:00,NSE:BOSCHLTD,15170.5,15200.0,15100.55,15144.25,1897.0
2021-05-25 09:50:00,NSE:BOSCHLTD,15144.35,15150.0,15108.0,15132.95,1673.0
2021-05-25 09:55:00,NSE:BOSCHLTD,15133.0,15174.2,15124.3,15139.9,1809.0
2021-05-25 10:00:00,NSE:BOSCHLTD,15141.3,15145.6,15130.0,15142.0,433.0
2021-05-25 10:05:00,NSE:BOSCHLTD,15142.0,15168.05,15131.05,15161.0,744.0
2021-05-25 10:10:00,NSE:BOSCHLTD,15161.0,15230.0,15150.75,15211.5,1376.0
2021-05-25 10:15:00,NSE:BOSCHLTD,15211.5,15214.45,15160.05,15213.95,1161.0
2021-05-25 10:20:00,NSE:BOSCHLTD,15205.1,15210.0,15160.0,15190.0,367.0
2021-05-25 10:25:00,NSE:BOSCHLTD,15200.0,15210.0,15169.35,15175.0,491.0
2021-05-25 10:30:00,NSE:BOSCHLTD,15170.05,15185.5,15160.1,15160.1,447.0
2021-05-25 10:35:00,NSE:BOSCHLTD,15160.15,15179.0,15160.1,15160.15,286.0
2021-05-25 10:40:00,NSE:BOSCHLTD,15160.1,15185.5,15145.0,15170.05,735.0
2021-05-25 10:45:00,NSE:BOSCHLTD,15183.5,15183.5,15124.25,15155.0,1751.0
2021-05-25 10:50:00,NSE:BOSCHLTD,15160.0,15160.0,15135.0,15150.0,306.0
2021-05-25 10:55:00,NSE:BOSCHLTD,15150.0,15155.0,15140.0,15143.0,148.0
2021-05-25 11:00:00,NSE:BOSCHLTD,15143.0,15143.0,15115.0,15125.0,1188.0
2021-05-25 11:05:00,NSE:BOSCHLTD,15135.0,15143.45,15125.0,15132.05,473.0
2021-05-25 11:10:00,NSE:BOSCHLTD,15143.2,15143.2,15132.05,15135.05,193.0
2021-05-25 11:15:00,NSE:BOSCHLTD,15135.2,15142.85,15110.0,15118.5,1256.0
2021-05-25 11:20:00,NSE:BOSCHLTD,15118.95,15133.7,15110.0,15126.05,541.0
2021-05-25 11:25:00,NSE:BOSCHLTD,15113.15,15125.1,15105.0,15120.1,374.0
2021-05-25 11:30:00,NSE:BOSCHLTD,15121.35,15155.0,15121.35,15149.5,410.0
2021-05-25 11:35:00,NSE:BOSCHLTD,15142.3,15153.6,15130.0,15142.0,286.0
2021-05-25 11:40:00,NSE:BOSCHLTD,15140.0,15144.1,15115.0,15126.0,504.0
2021-05-25 11:45:00,NSE:BOSCHLTD,15130.0,15152.9,15130.0,15148.95,573.0
2021-05-25 11:50:00,NSE:BOSCHLTD,15140.0,15144.95,15130.85,15132.5,217.0
2021-05-25 11:55:00,NSE:BOSCHLTD,15144.65,15148.25,15130.0,15130.0,375.0
2021-05-25 12:00:00,NSE:BOSCHLTD,15119.0,15141.3,15119.0,15122.95,351.0
2021-05-25 12:05:00,NSE:BOSCHLTD,15140.0,15140.0,15119.05,15123.45,427.0
2021-05-25 12:10:00,NSE:BOSCHLTD,15120.15,15134.2,15116.0,15121.0,395.0
2021-05-25 12:15:00,NSE:BOSCHLTD,15121.0,15135.95,15115.0,15115.3,283.0
2021-05-25 12:20:00,NSE:BOSCHLTD,15127.5,15127.5,15112.0,15120.0,270.0
2021-05-25 12:25:00,NSE:BOSCHLTD,15125.0,15125.0,15113.0,15121.65,235.0
2021-05-25 12:30:00,NSE:BOSCHLTD,15122.0,15122.0,15110.0,15117.9,295.0
2021-05-25 12:35:00,NSE:BOSCHLTD,15110.0,15123.6,15110.0,15120.0,726.0
2021-05-25 12:40:00,NSE:BOSCHLTD,15121.0,15125.0,15111.05,15111.5,240.0
2021-05-25 12:45:00,NSE:BOSCHLTD,15122.75,15122.75,15111.5,15114.6,182.0
2021-05-25 12:50:00,NSE:BOSCHLTD,15121.55,15139.95,15113.15,15125.0,547.0
2021-05-25 12:55:00,NSE:BOSCHLTD,15125.0,15135.55,15117.5,15118.2,172.0
2021-05-25 13:00:00,NSE:BOSCHLTD,15124.25,15124.25,15100.0,15100.0,1331.0
2021-05-25 13:05:00,NSE:BOSCHLTD,15101.0,15117.55,15062.0,15074.8,1194.0
2021-05-25 13:10:00,NSE:BOSCHLTD,15073.95,15098.7,15065.0,15089.45,1237.0
2021-05-25 13:15:00,NSE:BOSCHLTD,15077.15,15119.95,15065.0,15097.5,1138.0
2021-05-25 13:20:00,NSE:BOSCHLTD,15108.95,15118.65,15080.05,15106.6,717.0
2021-05-25 13:25:00,NSE:BOSCHLTD,15106.6,15106.6,15076.45,15095.3,642.0
2021-05-25 13:30:00,NSE:BOSCHLTD,15099.0,15122.0,15089.05,15112.5,695.0
2021-05-25 13:35:00,NSE:BOSCHLTD,15119.95,15119.95,15100.05,15100.05,441.0
2021-05-25 13:40:00,NSE:BOSCHLTD,15100.0,15104.7,15080.0,15080.0,191.0
2021-05-25 13:45:00,NSE:BOSCHLTD,15074.0,15088.6,15065.0,15085.0,928.0
2021-05-25 13:50:00,NSE:BOSCHLTD,15078.9,15088.25,15051.0,15051.0,453.0
2021-05-25 13:55:00,NSE:BOSCHLTD,15051.0,15100.0,15050.9,15091.8,818.0
2021-05-25 14:00:00,NSE:BOSCHLTD,15091.75,15092.55,15071.1,15072.0,261.0
2021-05-25 14:05:00,NSE:BOSCHLTD,15070.0,15079.95,15063.0,15065.0,240.0
2021-05-25 14:10:00,NSE:BOSCHLTD,15065.0,15074.75,15040.05,15040.1,798.0
2021-05-25 14:15:00,NSE:BOSCHLTD,15040.3,15064.1,15032.05,15054.0,921.0
2021-05-25 14:20:00,NSE:BOSCHLTD,15059.0,15060.0,15045.05,15050.3,233.0
2021-05-25 14:25:00,NSE:BOSCHLTD,15050.25,15057.95,15047.0,15047.05,261.0
2021-05-25 14:30:00,NSE:BOSCHLTD,15047.15,15077.0,15047.0,15077.0,590.0
2021-05-25 14:35:00,NSE:BOSCHLTD,15064.7,15090.0,15058.05,15081.05,915.0
2021-05-25 14:40:00,NSE:BOSCHLTD,15081.0,15086.6,15058.5,15075.0,299.0
2021-05-25 14:45:00,NSE:BOSCHLTD,15067.6,15079.0,15055.1,15077.8,726.0
2021-05-25 14:50:00,NSE:BOSCHLTD,15080.0,15081.85,15022.95,15030.85,906.0
2021-05-25 14:55:00,NSE:BOSCHLTD,15043.1,15050.55,15029.0,15039.15,454.0
2021-05-25 15:00:00,NSE:BOSCHLTD,15048.0,15060.05,15047.05,15051.2,619.0
2021-05-25 15:05:00,NSE:BOSCHLTD,15051.2,15055.0,15000.0,15020.0,2422.0
2021-05-25 15:10:00,NSE:BOSCHLTD,15016.0,15043.5,14977.45,15020.1,4170.0
2021-05-25 15:15:00,NSE:BOSCHLTD,15020.1,15060.05,15012.15,15054.4,2416.0
2021-05-25 15:20:00,NSE:BOSCHLTD,15054.45,15078.3,15045.7,15078.0,1620.0
2021-05-25 15:25:00,NSE:BOSCHLTD,15078.3,15088.3,15050.0,15067.7,1038.0
2021-05-25 15:30:00,NSE:BOSCHLTD,15067.7,15067.7,15067.7,15067.7,39.0
2021-05-25 15:40:00,NSE:BOSCHLTD,15030.3,15067.7,15030.3,15067.7,16.0
2021-05-25 15:45:00,NSE:BOSCHLTD,15030.3,15030.3,15030.3,15030.3,3.0
2021-05-26 09:05:00,NSE:BOSCHLTD,15170.0,15170.0,15170.0,15170.0,210.0
2021-05-26 09:15:00,NSE:BOSCHLTD,15139.9,15247.65,15121.7,15145.45,3708.0
2021-05-26 09:20:00,NSE:BOSCHLTD,15138.1,15160.85,15085.7,15105.0,1972.0
2021-05-26 09:25:00,NSE:BOSCHLTD,15105.0,15146.5,15080.5,15085.35,988.0
2021-05-26 09:30:00,NSE:BOSCHLTD,15080.0,15119.25,15070.1,15092.95,544.0
2021-05-26 09:35:00,NSE:BOSCHLTD,15094.3,15098.9,15001.15,15047.9,1640.0
2021-05-26 09:40:00,NSE:BOSCHLTD,15022.1,15076.95,15022.05,15076.95,727.0
2021-05-26 09:45:00,NSE:BOSCHLTD,15080.0,15093.75,15060.0,15070.0,742.0
2021-05-26 09:50:00,NSE:BOSCHLTD,15067.5,15075.0,15045.1,15065.15,234.0
2021-05-26 09:55:00,NSE:BOSCHLTD,15065.15,15065.15,15044.0,15044.0,177.0
2021-05-26 10:00:00,NSE:BOSCHLTD,15050.0,15064.0,15050.0,15062.3,103.0
2021-05-26 10:05:00,NSE:BOSCHLTD,15065.0,15080.0,15056.0,15078.0,259.0
2021-05-26 10:10:00,NSE:BOSCHLTD,15079.0,15079.95,15062.6,15079.5,293.0
2021-05-26 10:15:00,NSE:BOSCHLTD,15079.5,15080.0,15071.0,15071.0,273.0
2021-05-26 10:20:00,NSE:BOSCHLTD,15075.0,15075.0,15040.0,15064.0,939.0
2021-05-26 10:25:00,NSE:BOSCHLTD,15055.0,15063.65,15030.0,15038.45,674.0
2021-05-26 10:30:00,NSE:BOSCHLTD,15031.0,15050.0,15025.0,15040.0,447.0
2021-05-26 10:35:00,NSE:BOSCHLTD,15040.0,15044.35,15026.1,15040.0,286.0
2021-05-26 10:40:00,NSE:BOSCHLTD,15040.0,15049.95,15032.25,15044.0,370.0
2021-05-26 10:45:00,NSE:BOSCHLTD,15044.0,15064.4,15033.55,15062.65,324.0
2021-05-26 10:50:00,NSE:BOSCHLTD,15052.45,15070.0,15052.45,15070.0,200.0
2021-05-26 10:55:00,NSE:BOSCHLTD,15070.0,15070.0,15055.7,15055.7,314.0
2021-05-26 11:00:00,NSE:BOSCHLTD,15067.3,15067.3,15035.0,15052.0,260.0
2021-05-26 11:05:00,NSE:BOSCHLTD,15052.0,15052.0,15040.0,15050.25,363.0
2021-05-26 11:10:00,NSE:BOSCHLTD,15050.2,15059.05,15035.3,15054.95,190.0
2021-05-26 11:15:00,NSE:BOSCHLTD,15055.0,15065.0,15050.0,15050.05,364.0
2021-05-26 11:20:00,NSE:BOSCHLTD,15058.4,15067.25,15050.2,15065.0,194.0
2021-05-26 11:25:00,NSE:BOSCHLTD,15065.0,15075.0,15050.15,15060.15,632.0
2021-05-26 11:30:00,NSE:BOSCHLTD,15050.0,15050.0,15035.0,15043.95,327.0
2021-05-26 11:35:00,NSE:BOSCHLTD,15044.0,15044.0,15025.0,15025.5,493.0
2021-05-26 11:40:00,NSE:BOSCHLTD,15032.1,15046.35,15029.6,15035.0,468.0
2021-05-26 11:45:00,NSE:BOSCHLTD,15033.0,15043.95,15026.0,15038.55,287.0
2021-05-26 11:50:00,NSE:BOSCHLTD,15039.0,15043.0,15030.2,15040.85,197.0
2021-05-26 11:55:00,NSE:BOSCHLTD,15030.0,15044.35,15030.0,15041.0,409.0
2021-05-26 12:00:00,NSE:BOSCHLTD,15041.0,15044.0,15032.25,15044.0,124.0
2021-05-26 12:05:00,NSE:BOSCHLTD,15035.1,15044.0,15035.1,15040.0,76.0
2021-05-26 12:10:00,NSE:BOSCHLTD,15033.0,15039.4,15025.0,15025.05,370.0
2021-05-26 12:15:00,NSE:BOSCHLTD,15026.0,15033.8,15020.9,15025.0,338.0
2021-05-26 12:20:00,NSE:BOSCHLTD,15033.8,15035.8,15025.0,15025.0,153.0
2021-05-26 12:25:00,NSE:BOSCHLTD,15025.0,15032.55,15011.0,15030.85,472.0
2021-05-26 12:30:00,NSE:BOSCHLTD,15025.0,15025.0,15012.3,15025.0,158.0
2021-05-26 12:35:00,NSE:BOSCHLTD,15029.85,15029.85,15011.0,15016.35,107.0
2021-05-26 12:40:00,NSE:BOSCHLTD,15016.75,15021.35,14982.0,14991.0,1790.0
2021-05-26 12:45:00,NSE:BOSCHLTD,14999.0,15012.0,14995.0,15000.0,177.0
2021-05-26 12:50:00,NSE:BOSCHLTD,15006.85,15015.0,14995.05,15010.3,314.0
2021-05-26 12:55:00,NSE:BOSCHLTD,15010.3,15015.0,15000.0,15000.3,308.0
2021-05-26 13:00:00,NSE:BOSCHLTD,15000.5,15009.7,14981.4,14990.7,267.0
2021-05-26 13:05:00,NSE:BOSCHLTD,14990.7,15015.0,14990.0,14990.0,269.0
2021-05-26 13:10:00,NSE:BOSCHLTD,14990.0,15009.9,14990.0,15000.0,107.0
2021-05-26 13:15:00,NSE:BOSCHLTD,15000.0,15011.75,14990.05,14995.0,162.0
2021-05-26 13:20:00,NSE:BOSCHLTD,14997.0,15006.5,14990.0,14991.05,129.0
2021-05-26 13:25:00,NSE:BOSCHLTD,14991.0,15006.35,14990.0,14991.75,125.0
2021-05-26 13:30:00,NSE:BOSCHLTD,15003.15,15003.15,14981.05,14982.05,271.0
2021-05-26 13:35:00,NSE:BOSCHLTD,14984.4,14997.1,14972.75,14973.1,758.0
2021-05-26 13:40:00,NSE:BOSCHLTD,14973.1,14977.0,14951.0,14951.0,757.0
2021-05-26 13:45:00,NSE:BOSCHLTD,14958.0,14958.0,14930.15,14947.3,953.0
2021-05-26 13:50:00,NSE:BOSCHLTD,14951.55,14954.55,14922.0,14923.15,1011.0
2021-05-26 13:55:00,NSE:BOSCHLTD,14930.0,14958.65,14921.95,14939.25,591.0
2021-05-26 14:00:00,NSE:BOSCHLTD,14939.25,14950.35,14925.0,14943.05,712.0
2021-05-26 14:05:00,NSE:BOSCHLTD,14945.0,14954.95,14940.0,14950.0,429.0
2021-05-26 14:10:00,NSE:BOSCHLTD,14950.0,14953.8,14935.0,14944.75,86.0
2021-05-26 14:15:00,NSE:BOSCHLTD,14944.75,14944.75,14935.0,14937.25,99.0
2021-05-26 14:20:00,NSE:BOSCHLTD,14944.0,14944.4,14935.0,14937.0,143.0
2021-05-26 14:25:00,NSE:BOSCHLTD,14935.25,14943.0,14915.0,14927.6,761.0
2021-05-26 14:30:00,NSE:BOSCHLTD,14927.6,14927.6,14903.0,14903.0,562.0
2021-05-26 14:35:00,NSE:BOSCHLTD,14916.0,14916.25,14902.3,14913.4,692.0
2021-05-26 14:40:00,NSE:BOSCHLTD,14913.4,14914.7,14891.0,14905.0,639.0
2021-05-26 14:45:00,NSE:BOSCHLTD,14909.55,14909.55,14900.0,14900.0,342.0
2021-05-26 14:50:00,NSE:BOSCHLTD,14900.0,14904.65,14895.0,14904.65,691.0
2021-05-26 14:55:00,NSE:BOSCHLTD,14900.0,14904.65,14892.65,14896.0,244.0
2021-05-26 15:00:00,NSE:BOSCHLTD,14891.95,14900.0,14864.05,14880.25,1276.0
2021-05-26 15:05:00,NSE:BOSCHLTD,14880.35,14890.0,14857.7,14876.8,1009.0
2021-05-26 15:10:00,NSE:BOSCHLTD,14880.0,14910.0,14874.45,14897.35,811.0
2021-05-26 15:15:00,NSE:BOSCHLTD,14906.05,14906.05,14877.1,14879.0,1085.0
2021-05-26 15:20:00,NSE:BOSCHLTD,14886.6,14889.55,14855.05,14876.25,1467.0
2021-05-26 15:25:00,NSE:BOSCHLTD,14878.75,14923.4,14878.75,14903.0,716.0
2021-05-26 15:40:00,NSE:BOSCHLTD,14882.35,14882.35,14882.35,14882.35,1.0
2021-05-26 15:45:00,NSE:BOSCHLTD,14882.35,14903.0,14882.35,14882.35,6.0
2021-05-26 15:55:00,NSE:BOSCHLTD,14882.35,14882.35,14882.35,14882.35,2.0
2021-05-27 09:05:00,NSE:BOSCHLTD,14945.0,14945.0,14945.0,14945.0,93.0
2021-05-27 09:15:00,NSE:BOSCHLTD,14940.0,14970.0,14861.4,14918.3,1047.0
2021-05-27 09:20:00,NSE:BOSCHLTD,14906.0,14915.25,14851.05,14864.95,1003.0
2021-05-27 09:25:00,NSE:BOSCHLTD,14852.1,14910.0,14840.0,14878.5,2081.0
2021-05-27 09:30:00,NSE:BOSCHLTD,14890.0,14948.45,14882.2,14929.9,779.0
2021-05-27 09:35:00,NSE:BOSCHLTD,14929.9,15030.05,14921.65,15019.95,1829.0
2021-05-27 09:40:00,NSE:BOSCHLTD,15020.0,15131.9,14976.35,15120.05,6078.0
2021-05-27 09:45:00,NSE:BOSCHLTD,15129.0,15211.15,15106.7,15146.0,4510.0
2021-05-27 09:50:00,NSE:BOSCHLTD,15149.0,15149.0,15080.0,15124.0,1597.0
2021-05-27 09:55:00,NSE:BOSCHLTD,15124.0,15130.0,15100.2,15105.25,610.0
2021-05-27 10:00:00,NSE:BOSCHLTD,15113.6,15113.7,15058.9,15110.0,1130.0
2021-05-27 10:05:00,NSE:BOSCHLTD,15110.0,15150.0,15107.6,15140.05,1155.0
2021-05-27 10:10:00,NSE:BOSCHLTD,15140.05,15142.9,15112.0,15134.55,449.0
2021-05-27 10:15:00,NSE:BOSCHLTD,15122.75,15134.0,15116.0,15129.7,171.0
2021-05-27 10:20:00,NSE:BOSCHLTD,15120.0,15145.85,15120.0,15122.4,736.0
2021-05-27 10:25:00,NSE:BOSCHLTD,15125.0,15169.95,15125.0,15140.0,948.0
2021-05-27 10:30:00,NSE:BOSCHLTD,15139.5,15147.95,15103.0,15110.0,763.0
2021-05-27 10:35:00,NSE:BOSCHLTD,15108.25,15122.55,15075.1,15075.1,688.0
2021-05-27 10:40:00,NSE:BOSCHLTD,15071.65,15093.25,15054.9,15070.4,641.0
2021-05-27 10:45:00,NSE:BOSCHLTD,15066.2,15131.6,15065.0,15112.05,573.0
2021-05-27 10:50:00,NSE:BOSCHLTD,15114.25,15114.25,15073.45,15090.0,282.0
2021-05-27 10:55:00,NSE:BOSCHLTD,15093.0,15121.95,15075.15,15111.0,244.0
2021-05-27 11:00:00,NSE:BOSCHLTD,15116.7,15116.95,15083.0,15100.1,251.0
2021-05-27 11:05:00,NSE:BOSCHLTD,15101.25,15122.0,15100.2,15115.0,208.0
2021-05-27 11:10:00,NSE:BOSCHLTD,15112.05,15151.5,15112.05,15139.35,1129.0
2021-05-27 11:15:00,NSE:BOSCHLTD,15139.35,15149.0,15115.0,15125.15,347.0
2021-05-27 11:20:00,NSE:BOSCHLTD,15125.15,15150.0,15125.15,15149.95,400.0
2021-05-27 11:25:00,NSE:BOSCHLTD,15140.0,15150.0,15130.15,15134.6,787.0
2021-05-27 11:30:00,NSE:BOSCHLTD,15132.0,15150.0,15130.0,15131.0,242.0
2021-05-27 11:35:00,NSE:BOSCHLTD,15131.0,15150.0,15131.0,15137.05,149.0
2021-05-27 11:40:00,NSE:BOSCHLTD,15132.25,15178.6,15132.25,15178.6,379.0
2021-05-27 11:45:00,NSE:BOSCHLTD,15180.0,15199.0,15163.15,15178.0,1623.0
2021-05-27 11:50:00,NSE:BOSCHLTD,15167.2,15178.0,15132.3,15132.3,920.0
2021-05-27 11:55:00,NSE:BOSCHLTD,15132.25,15160.0,15130.1,15140.0,711.0
2021-05-27 12:00:00,NSE:BOSCHLTD,15140.0,15150.0,15105.0,15108.0,471.0
2021-05-27 12:05:00,NSE:BOSCHLTD,15118.9,15140.0,15108.85,15128.0,167.0
2021-05-27 12:10:00,NSE:BOSCHLTD,15128.0,15130.0,15105.4,15130.0,895.0
2021-05-27 12:15:00,NSE:BOSCHLTD,15140.0,15150.0,15127.7,15130.85,692.0
2021-05-27 12:20:00,NSE:BOSCHLTD,15139.1,15160.0,15132.15,15144.8,595.0
2021-05-27 12:25:00,NSE:BOSCHLTD,15145.0,15145.0,15132.55,15134.25,276.0
2021-05-27 12:30:00,NSE:BOSCHLTD,15134.55,15145.0,15134.55,15145.0,239.0
2021-05-27 12:35:00,NSE:BOSCHLTD,15145.0,15145.0,15140.2,15143.85,116.0
2021-05-27 12:40:00,NSE:BOSCHLTD,15144.25,15155.0,15142.0,15150.0,1029.0
2021-05-27 12:45:00,NSE:BOSCHLTD,15149.95,15160.0,15129.65,15131.05,817.0
2021-05-27 12:50:00,NSE:BOSCHLTD,15131.05,15146.05,15131.05,15136.0,77.0
2021-05-27 12:55:00,NSE:BOSCHLTD,15136.1,15145.6,15125.0,15132.8,244.0
2021-05-27 13:00:00,NSE:BOSCHLTD,15125.0,15125.0,15101.0,15101.0,414.0
2021-05-27 13:05:00,NSE:BOSCHLTD,15101.0,15107.65,15076.0,15080.0,544.0
2021-05-27 13:10:00,NSE:BOSCHLTD,15075.0,15081.95,15065.0,15066.05,248.0
2021-05-27 13:15:00,NSE:BOSCHLTD,15067.1,15090.7,15067.0,15077.55,499.0
2021-05-27 13:20:00,NSE:BOSCHLTD,15079.95,15110.0,15079.95,15089.9,810.0
2021-05-27 13:25:00,NSE:BOSCHLTD,15095.9,15110.0,15095.9,15105.85,198.0
2021-05-27 13:30:00,NSE:BOSCHLTD,15099.05,15110.0,15075.05,15075.05,276.0
2021-05-27 13:35:00,NSE:BOSCHLTD,15084.95,15088.5,15075.0,15080.55,79.0
2021-05-27 13:40:00,NSE:BOSCHLTD,15080.55,15095.45,15064.05,15074.2,335.0
2021-05-27 13:45:00,NSE:BOSCHLTD,15082.35,15082.4,15055.0,15057.0,340.0
2021-05-27 13:50:00,NSE:BOSCHLTD,15057.0,15063.55,15033.0,15049.35,521.0
2021-05-27 13:55:00,NSE:BOSCHLTD,15048.95,15055.95,15039.05,15050.0,251.0
2021-05-27 14:00:00,NSE:BOSCHLTD,15055.95,15078.15,15055.95,15064.9,378.0
2021-05-27 14:05:00,NSE:BOSCHLTD,15064.9,15073.7,15050.1,15055.05,223.0
2021-05-27 14:10:00,NSE:BOSCHLTD,15063.95,15065.0,15011.95,15019.9,930.0
2021-05-27 14:15:00,NSE:BOSCHLTD,15009.5,15031.6,14977.3,15005.1,755.0
2021-05-27 14:20:00,NSE:BOSCHLTD,15005.1,15013.2,14985.0,15013.2,541.0
2021-05-27 14:25:00,NSE:BOSCHLTD,15013.35,15024.5,15003.3,15016.15,299.0
2021-05-27 14:30:00,NSE:BOSCHLTD,15035.0,15049.25,15014.25,15024.85,551.0
2021-05-27 14:35:00,NSE:BOSCHLTD,15039.4,15040.0,15000.0,15012.0,353.0
2021-05-27 14:40:00,NSE:BOSCHLTD,15002.25,15028.45,15002.25,15028.45,329.0
2021-05-27 14:45:00,NSE:BOSCHLTD,15014.2,15035.5,15014.2,15022.8,201.0
2021-05-27 14:50:00,NSE:BOSCHLTD,15034.75,15034.75,15000.0,15009.3,558.0
2021-05-27 14:55:00,NSE:BOSCHLTD,15009.3,15019.7,15003.25,15006.15,215.0
2021-05-27 15:00:00,NSE:BOSCHLTD,15010.0,15028.0,14971.75,14974.9,2126.0
2021-05-27 15:05:00,NSE:BOSCHLTD,14979.95,15051.25,14972.15,15041.7,2704.0
2021-05-27 15:10:00,NSE:BOSCHLTD,15042.0,15123.0,15041.95,15111.7,3010.0
2021-05-27 15:15:00,NSE:BOSCHLTD,15119.9,15120.0,15070.0,15109.95,2095.0
2021-05-27 15:20:00,NSE:BOSCHLTD,15109.95,15147.8,15080.0,15137.85,2128.0
2021-05-27 15:25:00,NSE:BOSCHLTD,15137.9,15150.0,15110.2,15145.0,1497.0
2021-05-27 15:30:00,NSE:BOSCHLTD,15130.0,15130.0,15130.0,15130.0,8.0
2021-05-27 15:45:00,NSE:BOSCHLTD,15067.9,15067.9,15067.9,15067.9,7.0
2021-05-27 15:55:00,NSE:BOSCHLTD,15067.9,15067.9,15067.9,15067.9,10.0
2021-05-28 09:05:00,NSE:BOSCHLTD,15100.0,15100.0,15100.0,15100.0,90.0
2021-05-28 09:15:00,NSE:BOSCHLTD,15117.0,15189.9,15055.05,15082.0,1382.0
2021-05-28 09:20:00,NSE:BOSCHLTD,15085.15,15137.0,15085.15,15114.7,853.0
2021-05-28 09:25:00,NSE:BOSCHLTD,15110.0,15114.2,15002.65,15044.1,1191.0
2021-05-28 09:30:00,NSE:BOSCHLTD,15044.1,15132.05,15044.1,15084.9,1082.0
2021-05-28 09:35:00,NSE:BOSCHLTD,15091.2,15130.0,15082.25,15122.15,403.0
2021-05-28 09:40:00,NSE:BOSCHLTD,15120.05,15140.0,15110.1,15114.4,298.0
2021-05-28 09:45:00,NSE:BOSCHLTD,15114.4,15119.7,15101.0,15113.9,332.0
2021-05-28 09:50:00,NSE:BOSCHLTD,15114.0,15131.55,15114.0,15131.0,403.0
2021-05-28 09:55:00,NSE:BOSCHLTD,15117.85,15129.9,15113.3,15124.7,142.0
2021-05-28 10:00:00,NSE:BOSCHLTD,15124.0,15130.2,15114.0,15118.4,167.0
2021-05-28 10:05:00,NSE:BOSCHLTD,15117.15,15130.0,15113.95,15125.45,129.0
2021-05-28 10:10:00,NSE:BOSCHLTD,15116.05,15128.9,15116.05,15120.0,71.0
2021-05-28 10:15:00,NSE:BOSCHLTD,15120.35,15128.9,15114.25,15128.0,395.0
2021-05-28 10:20:00,NSE:BOSCHLTD,15128.0,15128.0,15105.2,15105.6,249.0
2021-05-28 10:25:00,NSE:BOSCHLTD,15105.6,15105.6,15051.0,15083.25,527.0
2021-05-28 10:30:00,NSE:BOSCHLTD,15083.25,15116.55,15070.0,15075.7,625.0
2021-05-28 10:35:00,NSE:BOSCHLTD,15062.95,15083.25,15051.0,15070.0,303.0
2021-05-28 10:40:00,NSE:BOSCHLTD,15069.9,15081.4,15060.0,15081.4,69.0
2021-05-28 10:45:00,NSE:BOSCHLTD,15080.0,15137.0,15070.55,15124.05,529.0
2021-05-28 10:50:00,NSE:BOSCHLTD,15124.05,15124.05,15102.0,15110.0,89.0
2021-05-28 10:55:00,NSE:BOSCHLTD,15097.25,15110.0,15092.8,15110.0,115.0
2021-05-28 11:00:00,NSE:BOSCHLTD,15119.7,15123.0,15098.8,15111.0,141.0
2021-05-28 11:05:00,NSE:BOSCHLTD,15100.1,15110.0,15100.1,15101.0,14.0
2021-05-28 11:10:00,NSE:BOSCHLTD,15101.0,15110.4,15101.0,15105.0,55.0
2021-05-28 11:15:00,NSE:BOSCHLTD,15101.0,15101.0,15075.55,15082.1,155.0
2021-05-28 11:20:00,NSE:BOSCHLTD,15082.1,15102.65,15080.9,15102.65,114.0
2021-05-28 11:25:00,NSE:BOSCHLTD,15086.0,15098.3,15081.05,15081.05,26.0
2021-05-28 11:30:00,NSE:BOSCHLTD,15094.25,15113.0,15081.4,15090.05,176.0
2021-05-28 11:35:00,NSE:BOSCHLTD,15090.1,15120.0,15090.1,15120.0,301.0
2021-05-28 11:40:00,NSE:BOSCHLTD,15112.95,15112.95,15104.35,15110.0,82.0
2021-05-28 11:45:00,NSE:BOSCHLTD,15099.85,15110.0,15091.15,15106.85,49.0
2021-05-28 11:50:00,NSE:BOSCHLTD,15095.1,15119.45,15095.1,15110.0,128.0
2021-05-28 11:55:00,NSE:BOSCHLTD,15110.0,15130.0,15106.5,15120.65,305.0
2021-05-28 12:00:00,NSE:BOSCHLTD,15120.65,15150.0,15120.65,15136.6,436.0
2021-05-28 12:05:00,NSE:BOSCHLTD,15136.6,15157.15,15123.15,15150.0,635.0
2021-05-28 12:10:00,NSE:BOSCHLTD,15150.0,15157.0,15123.25,15135.7,443.0
2021-05-28 12:15:00,NSE:BOSCHLTD,15137.45,15142.75,15126.0,15126.0,69.0
2021-05-28 12:20:00,NSE:BOSCHLTD,15135.95,15143.9,15126.8,15130.1,137.0
2021-05-28 12:25:00,NSE:BOSCHLTD,15130.0,15143.9,15126.0,15133.35,95.0
2021-05-28 12:30:00,NSE:BOSCHLTD,15135.0,15136.95,15106.25,15106.25,264.0
2021-05-28 12:35:00,NSE:BOSCHLTD,15107.65,15123.9,15097.05,15108.0,171.0
2021-05-28 12:40:00,NSE:BOSCHLTD,15100.0,15108.0,15097.0,15097.0,60.0
2021-05-28 12:45:00,NSE:BOSCHLTD,15097.0,15097.0,15095.0,15096.1,106.0
2021-05-28 12:50:00,NSE:BOSCHLTD,15096.4,15107.75,15071.1,15085.0,153.0
2021-05-28 12:55:00,NSE:BOSCHLTD,15088.4,15095.0,15085.0,15095.0,123.0
2021-05-28 13:00:00,NSE:BOSCHLTD,15098.6,15106.0,15086.25,15097.1,116.0
2021-05-28 13:05:00,NSE:BOSCHLTD,15090.05,15096.05,15081.95,15085.45,34.0
2021-05-28 13:10:00,NSE:BOSCHLTD,15085.45,15097.95,15081.25,15081.25,71.0
2021-05-28 13:15:00,NSE:BOSCHLTD,15084.0,15108.0,15084.0,15096.1,95.0
2021-05-28 13:20:00,NSE:BOSCHLTD,15096.1,15107.95,15096.0,15096.55,32.0
2021-05-28 13:25:00,NSE:BOSCHLTD,15107.0,15108.0,15096.1,15096.1,41.0
2021-05-28 13:30:00,NSE:BOSCHLTD,15107.95,15107.95,15097.0,15100.05,33.0
2021-05-28 13:35:00,NSE:BOSCHLTD,15133.75,15140.7,15121.35,15122.45,433.0
2021-05-28 13:40:00,NSE:BOSCHLTD,15122.0,15136.45,15100.0,15100.0,256.0
2021-05-28 13:45:00,NSE:BOSCHLTD,15090.0,15119.95,15086.8,15119.95,120.0
2021-05-28 13:50:00,NSE:BOSCHLTD,15121.8,15121.8,15106.0,15115.95,40.0
2021-05-28 13:55:00,NSE:BOSCHLTD,15106.0,15128.6,15106.0,15115.75,160.0
2021-05-28 14:00:00,NSE:BOSCHLTD,15106.25,15128.0,15106.0,15124.4,111.0
2021-05-28 14:05:00,NSE:BOSCHLTD,15109.75,15120.45,15100.0,15102.0,92.0
2021-05-28 14:10:00,NSE:BOSCHLTD,15105.0,15117.55,15082.95,15088.0,292.0
2021-05-28 14:15:00,NSE:BOSCHLTD,15088.0,15120.0,15080.0,15113.2,148.0
2021-05-28 14:20:00,NSE:BOSCHLTD,15113.55,15113.55,15093.65,15099.05,25.0
2021-05-28 14:25:00,NSE:BOSCHLTD,15109.65,15110.85,15090.1,15090.45,67.0
2021-05-28 14:30:00,NSE:BOSCHLTD,15090.05,15102.8,15090.0,15100.0,151.0
2021-05-28 14:35:00,NSE:BOSCHLTD,15091.0,15099.6,15085.0,15095.0,103.0
2021-05-28 14:40:00,NSE:BOSCHLTD,15094.85,15113.55,15085.05,15102.7,169.0
2021-05-28 14:45:00,NSE:BOSCHLTD,15115.35,15125.0,15110.9,15111.15,225.0
2021-05-28 14:50:00,NSE:BOSCHLTD,15119.85,15119.85,15101.0,15115.0,189.0
2021-05-28 14:55:00,NSE:BOSCHLTD,15115.05,15119.95,15105.8,15119.9,136.0
2021-05-28 15:00:00,NSE:BOSCHLTD,15111.0,15119.95,15090.1,15099.7,349.0
2021-05-28 15:05:00,NSE:BOSCHLTD,15099.75,15107.05,15080.0,15100.0,514.0
2021-05-28 15:10:00,NSE:BOSCHLTD,15100.0,15125.0,15093.7,15122.25,540.0
2021-05-28 15:15:00,NSE:BOSCHLTD,15116.7,15120.0,15101.0,15106.8,697.0
2021-05-28 15:20:00,NSE:BOSCHLTD,15106.75,15120.0,15090.9,15098.8,746.0
2021-05-28 15:25:00,NSE:BOSCHLTD,15107.4,15111.0,15085.0,15090.0,433.0
2021-05-28 15:30:00,NSE:BOSCHLTD,15100.0,15100.0,15100.0,15100.0,1.0
2021-05-28 15:40:00,NSE:BOSCHLTD,15104.45,15104.45,15104.45,15104.45,3.0
2021-05-28 15:50:00,NSE:BOSCHLTD,15104.45,15104.45,15100.0,15100.0,4.0
2021-05-28 15:55:00,NSE:BOSCHLTD,15104.45,15104.45,15104.45,15104.45,1.0
2021-05-31 09:05:00,NSE:BOSCHLTD,15133.0,15133.0,15133.0,15133.0,22.0
2021-05-31 09:15:00,NSE:BOSCHLTD,15132.85,15140.0,15005.1,15063.0,1357.0
2021-05-31 09:20:00,NSE:BOSCHLTD,15054.0,15077.85,15033.9,15065.45,539.0
2021-05-31 09:25:00,NSE:BOSCHLTD,15066.2,15099.95,15049.85,15076.55,440.0
2021-05-31 09:30:00,NSE:BOSCHLTD,15055.0,15079.2,15025.05,15032.95,544.0
2021-05-31 09:35:00,NSE:BOSCHLTD,15025.5,15090.0,15018.0,15090.0,600.0
2021-05-31 09:40:00,NSE:BOSCHLTD,15090.0,15174.95,15090.0,15130.0,890.0
2021-05-31 09:45:00,NSE:BOSCHLTD,15123.0,15140.0,15091.45,15130.0,696.0
2021-05-31 09:50:00,NSE:BOSCHLTD,15140.95,15289.0,15130.5,15273.45,2629.0
2021-05-31 09:55:00,NSE:BOSCHLTD,15275.0,15320.0,15250.0,15296.7,2631.0
2021-05-31 10:00:00,NSE:BOSCHLTD,15286.6,15309.95,15240.05,15272.55,905.0
2021-05-31 10:05:00,NSE:BOSCHLTD,15264.0,15292.35,15241.0,15283.5,626.0
2021-05-31 10:10:00,NSE:BOSCHLTD,15276.65,15286.5,15242.65,15242.65,756.0
2021-05-31 10:15:00,NSE:BOSCHLTD,15241.85,15300.0,15211.0,15300.0,2030.0
2021-05-31 10:20:00,NSE:BOSCHLTD,15295.0,15389.75,15295.0,15340.0,2166.0
2021-05-31 10:25:00,NSE:BOSCHLTD,15345.0,15349.45,15300.5,15301.5,265.0
2021-05-31 10:30:00,NSE:BOSCHLTD,15314.0,15322.05,15275.0,15279.45,630.0
2021-05-31 10:35:00,NSE:BOSCHLTD,15290.0,15299.9,15253.05,15286.25,220.0
2021-05-31 10:40:00,NSE:BOSCHLTD,15285.6,15350.0,15275.0,15330.0,1311.0
2021-05-31 10:45:00,NSE:BOSCHLTD,15339.0,15359.65,15312.7,15354.15,1445.0
2021-05-31 10:50:00,NSE:BOSCHLTD,15355.0,15360.0,15320.4,15325.5,1150.0
2021-05-31 10:55:00,NSE:BOSCHLTD,15322.05,15324.0,15292.0,15310.5,482.0
2021-05-31 11:00:00,NSE:BOSCHLTD,15301.7,15321.0,15292.0,15292.0,285.0
2021-05-31 11:05:00,NSE:BOSCHLTD,15292.0,15312.0,15281.05,15300.05,316.0
2021-05-31 11:10:00,NSE:BOSCHLTD,15310.5,15340.0,15300.0,15325.0,404.0
2021-05-31 11:15:00,NSE:BOSCHLTD,15325.0,15336.0,15320.0,15325.0,165.0
2021-05-31 11:20:00,NSE:BOSCHLTD,15325.0,15330.0,15307.1,15316.5,266.0
2021-05-31 11:25:00,NSE:BOSCHLTD,15314.05,15325.95,15307.1,15315.0,225.0
2021-05-31 11:30:00,NSE:BOSCHLTD,15312.0,15325.95,15307.1,15313.55,464.0
2021-05-31 11:35:00,NSE:BOSCHLTD,15314.0,15338.05,15307.1,15319.5,625.0
2021-05-31 11:40:00,NSE:BOSCHLTD,15319.5,15320.0,15307.5,15307.55,173.0
2021-05-31 11:45:00,NSE:BOSCHLTD,15307.65,15307.65,15284.0,15296.4,361.0
2021-05-31 11:50:00,NSE:BOSCHLTD,15295.95,15300.0,15281.0,15290.35,151.0
2021-05-31 11:55:00,NSE:BOSCHLTD,15291.0,15307.0,15281.0,15300.0,166.0
2021-05-31 12:00:00,NSE:BOSCHLTD,15300.0,15317.55,15284.0,15309.5,341.0
2021-05-31 12:05:00,NSE:BOSCHLTD,15298.7,15318.35,15295.2,15313.05,214.0
2021-05-31 12:10:00,NSE:BOSCHLTD,15307.5,15440.0,15300.05,15417.0,4252.0
2021-05-31 12:15:00,NSE:BOSCHLTD,15415.25,15420.0,15369.0,15382.4,1230.0
2021-05-31 12:20:00,NSE:BOSCHLTD,15369.5,15385.0,15365.2,15375.0,267.0
2021-05-31 12:25:00,NSE:BOSCHLTD,15376.15,15385.0,15365.25,15366.3,131.0
2021-05-31 12:30:00,NSE:BOSCHLTD,15366.5,15381.0,15365.5,15365.5,230.0
2021-05-31 12:35:00,NSE:BOSCHLTD,15365.05,15380.95,15360.0,15370.8,456.0
2021-05-31 12:40:00,NSE:BOSCHLTD,15372.1,15394.95,15346.0,15350.0,435.0
2021-05-31 12:45:00,NSE:BOSCHLTD,15350.05,15353.9,15319.4,15350.4,494.0
2021-05-31 12:50:00,NSE:BOSCHLTD,15352.5,15352.5,15319.0,15319.0,226.0
2021-05-31 12:55:00,NSE:BOSCHLTD,15319.5,15332.95,15316.0,15329.15,229.0
2021-05-31 13:00:00,NSE:BOSCHLTD,15330.1,15332.95,15316.0,15327.0,114.0
2021-05-31 13:05:00,NSE:BOSCHLTD,15327.4,15329.25,15300.0,15300.0,154.0
2021-05-31 13:10:00,NSE:BOSCHLTD,15300.0,15316.7,15300.0,15305.0,265.0
2021-05-31 13:15:00,NSE:BOSCHLTD,15305.0,15314.95,15280.0,15285.15,829.0
2021-05-31 13:20:00,NSE:BOSCHLTD,15294.0,15294.6,15283.0,15291.0,103.0
2021-05-31 13:25:00,NSE:BOSCHLTD,15285.0,15291.0,15254.0,15279.75,752.0
2021-05-31 13:30:00,NSE:BOSCHLTD,15268.75,15299.95,15268.75,15288.0,247.0
2021-05-31 13:35:00,NSE:BOSCHLTD,15285.05,15300.0,15282.15,15288.05,211.0
2021-05-31 13:40:00,NSE:BOSCHLTD,15288.3,15298.95,15284.55,15285.7,142.0
2021-05-31 13:45:00,NSE:BOSCHLTD,15284.1,15284.2,15260.0,15267.95,140.0
2021-05-31 13:50:00,NSE:BOSCHLTD,15260.0,15264.85,15230.3,15250.0,970.0
2021-05-31 13:55:00,NSE:BOSCHLTD,15249.95,15263.15,15240.0,15259.7,212.0
2021-05-31 14:00:00,NSE:BOSCHLTD,15269.8,15295.9,15256.3,15295.9,261.0
2021-05-31 14:05:00,NSE:BOSCHLTD,15280.15,15295.4,15277.5,15290.6,110.0
2021-05-31 14:10:00,NSE:BOSCHLTD,15276.65,15276.65,15255.0,15260.0,168.0
2021-05-31 14:15:00,NSE:BOSCHLTD,15269.0,15269.0,15221.15,15237.9,512.0
2021-05-31 14:20:00,NSE:BOSCHLTD,15237.9,15247.5,15230.4,15235.0,84.0
2021-05-31 14:25:00,NSE:BOSCHLTD,15235.0,15235.4,15223.5,15224.0,163.0
2021-05-31 14:30:00,NSE:BOSCHLTD,15223.0,15269.0,15223.0,15260.0,169.0
2021-05-31 14:35:00,NSE:BOSCHLTD,15252.25,15269.0,15251.0,15254.8,92.0
2021-05-31 14:40:00,NSE:BOSCHLTD,15264.0,15264.0,15230.0,15238.55,156.0
2021-05-31 14:45:00,NSE:BOSCHLTD,15235.0,15249.6,15232.05,15235.55,95.0
2021-05-31 14:50:00,NSE:BOSCHLTD,15235.55,15243.65,15227.15,15243.35,370.0
2021-05-31 14:55:00,NSE:BOSCHLTD,15231.95,15243.4,15229.5,15232.0,126.0
2021-05-31 15:00:00,NSE:BOSCHLTD,15228.9,15267.0,15227.15,15267.0,775.0
2021-05-31 15:05:00,NSE:BOSCHLTD,15275.95,15276.4,15258.0,15258.0,337.0
2021-05-31 15:10:00,NSE:BOSCHLTD,15255.05,15264.0,15231.1,15255.0,947.0
2021-05-31 15:15:00,NSE:BOSCHLTD,15246.0,15258.0,15231.0,15243.0,1114.0
2021-05-31 15:20:00,NSE:BOSCHLTD,15242.85,15283.0,15235.0,15280.0,1457.0
2021-05-31 15:25:00,NSE:BOSCHLTD,15289.75,15295.0,15236.05,15264.0,704.0
2021-05-31 15:30:00,NSE:BOSCHLTD,15253.0,15253.0,15253.0,15253.0,11.0
2021-05-31 15:40:00,NSE:BOSCHLTD,15256.5,15256.5,15253.0,15256.5,54.0
2021-05-31 15:45:00,NSE:BOSCHLTD,15256.5,15256.5,15256.5,15256.5,6.0
2021-05-31 15:50:00,NSE:BOSCHLTD,15256.5,15256.5,15256.5,15256.5,1.0
2021-06-01 09:05:00,NSE:BOSCHLTD,15270.0,15270.0,15270.0,15270.0,31.0
2021-06-01 09:15:00,NSE:BOSCHLTD,15300.0,15349.3,15261.0,15348.25,988.0
2021-06-01 09:20:00,NSE:BOSCHLTD,15335.0,15348.0,15307.6,15345.0,409.0
2021-06-01 09:25:00,NSE:BOSCHLTD,15345.0,15350.0,15285.0,15300.0,314.0
2021-06-01 09:30:00,NSE:BOSCHLTD,15300.0,15339.95,15293.85,15325.55,211.0
2021-06-01 09:35:00,NSE:BOSCHLTD,15325.55,15375.0,15315.0,15360.0,610.0
2021-06-01 09:40:00,NSE:BOSCHLTD,15360.0,15364.95,15315.75,15350.0,513.0
2021-06-01 09:45:00,NSE:BOSCHLTD,15340.0,15350.0,15331.85,15340.0,303.0
2021-06-01 09:50:00,NSE:BOSCHLTD,15335.0,15345.0,15301.1,15318.0,289.0
2021-06-01 09:55:00,NSE:BOSCHLTD,15320.0,15327.9,15275.0,15275.0,263.0
2021-06-01 10:00:00,NSE:BOSCHLTD,15273.9,15300.0,15272.05,15298.15,164.0
2021-06-01 10:05:00,NSE:BOSCHLTD,15298.0,15299.15,15280.85,15297.3,136.0
2021-06-01 10:10:00,NSE:BOSCHLTD,15288.8,15288.8,15231.0,15235.0,1072.0
2021-06-01 10:15:00,NSE:BOSCHLTD,15235.0,15260.1,15235.0,15235.1,247.0
2021-06-01 10:20:00,NSE:BOSCHLTD,15246.75,15248.25,15210.0,15212.3,511.0
2021-06-01 10:25:00,NSE:BOSCHLTD,15226.4,15249.3,15209.0,15244.5,324.0
2021-06-01 10:30:00,NSE:BOSCHLTD,15234.15,15249.9,15211.5,15215.05,248.0
2021-06-01 10:35:00,NSE:BOSCHLTD,15223.65,15230.95,15215.0,15225.3,76.0
2021-06-01 10:40:00,NSE:BOSCHLTD,15224.0,15224.95,15215.0,15221.3,42.0
2021-06-01 10:45:00,NSE:BOSCHLTD,15204.95,15222.15,15200.0,15205.15,450.0
2021-06-01 10:50:00,NSE:BOSCHLTD,15217.4,15237.6,15208.3,15227.95,200.0
2021-06-01 10:55:00,NSE:BOSCHLTD,15227.95,15227.95,15207.2,15224.0,84.0
2021-06-01 11:00:00,NSE:BOSCHLTD,15224.15,15228.7,15207.95,15221.75,135.0
2021-06-01 11:05:00,NSE:BOSCHLTD,15220.0,15220.0,15175.0,15186.3,883.0
2021-06-01 11:10:00,NSE:BOSCHLTD,15175.2,15191.0,15153.2,15175.6,980.0
2021-06-01 11:15:00,NSE:BOSCHLTD,15186.35,15186.35,15151.0,15158.55,138.0
2021-06-01 11:20:00,NSE:BOSCHLTD,15170.0,15170.0,15160.5,15170.0,58.0
2021-06-01 11:25:00,NSE:BOSCHLTD,15160.65,15189.95,15160.5,15189.95,196.0
2021-06-01 11:30:00,NSE:BOSCHLTD,15190.0,15219.45,15171.0,15171.0,159.0
2021-06-01 11:35:00,NSE:BOSCHLTD,15160.05,15176.6,15142.2,15156.3,336.0
2021-06-01 11:40:00,NSE:BOSCHLTD,15140.05,15170.45,15140.05,15160.0,121.0
2021-06-01 11:45:00,NSE:BOSCHLTD,15156.0,15163.95,15120.0,15129.0,298.0
2021-06-01 11:50:00,NSE:BOSCHLTD,15130.0,15140.55,15119.85,15129.9,215.0
2021-06-01 11:55:00,NSE:BOSCHLTD,15129.9,15147.4,15102.0,15134.75,209.0
2021-06-01 12:00:00,NSE:BOSCHLTD,15134.75,15143.55,15115.0,15129.25,113.0
2021-06-01 12:05:00,NSE:BOSCHLTD,15129.25,15137.7,15115.0,15125.0,72.0
2021-06-01 12:10:00,NSE:BOSCHLTD,15124.95,15160.0,15124.95,15150.3,359.0
2021-06-01 12:15:00,NSE:BOSCHLTD,15159.95,15167.95,15157.5,15159.5,48.0
2021-06-01 12:20:00,NSE:BOSCHLTD,15159.5,15159.5,15133.8,15143.8,103.0
2021-06-01 12:25:00,NSE:BOSCHLTD,15143.0,15149.95,15132.4,15133.0,39.0
2021-06-01 12:30:00,NSE:BOSCHLTD,15133.0,15144.8,15133.0,15144.7,30.0
2021-06-01 12:35:00,NSE:BOSCHLTD,15134.0,15156.7,15134.0,15156.7,237.0
2021-06-01 12:40:00,NSE:BOSCHLTD,15156.15,15172.8,15146.65,15146.65,263.0
2021-06-01 12:45:00,NSE:BOSCHLTD,15136.0,15146.2,15127.95,15131.0,136.0
2021-06-01 12:50:00,NSE:BOSCHLTD,15131.0,15147.95,15131.0,15134.0,29.0
2021-06-01 12:55:00,NSE:BOSCHLTD,15135.0,15148.4,15113.7,15126.65,139.0
2021-06-01 13:00:00,NSE:BOSCHLTD,15115.65,15124.4,15110.1,15110.6,113.0
2021-06-01 13:05:00,NSE:BOSCHLTD,15110.1,15115.0,15102.25,15114.0,124.0
2021-06-01 13:10:00,NSE:BOSCHLTD,15103.0,15120.0,15103.0,15115.0,57.0
2021-06-01 13:15:00,NSE:BOSCHLTD,15115.0,15141.55,15115.0,15140.95,165.0
2021-06-01 13:20:00,NSE:BOSCHLTD,15135.95,15160.0,15135.95,15141.5,238.0
2021-06-01 13:25:00,NSE:BOSCHLTD,15141.5,15158.0,15140.0,15142.0,145.0
2021-06-01 13:30:00,NSE:BOSCHLTD,15140.1,15156.35,15115.9,15115.9,245.0
2021-06-01 13:35:00,NSE:BOSCHLTD,15120.0,15129.7,15115.9,15124.75,60.0
2021-06-01 13:40:00,NSE:BOSCHLTD,15124.75,15129.95,15116.0,15116.1,92.0
2021-06-01 13:45:00,NSE:BOSCHLTD,15115.9,15137.2,15115.9,15131.45,95.0
2021-06-01 13:50:00,NSE:BOSCHLTD,15131.45,15154.7,15131.45,15136.0,158.0
2021-06-01 13:55:00,NSE:BOSCHLTD,15136.0,15150.0,15125.05,15150.0,154.0
2021-06-01 14:00:00,NSE:BOSCHLTD,15130.85,15132.0,15120.0,15129.6,268.0
2021-06-01 14:05:00,NSE:BOSCHLTD,15127.5,15127.5,15108.0,15110.0,182.0
2021-06-01 14:10:00,NSE:BOSCHLTD,15110.0,15126.95,15108.0,15126.9,108.0
2021-06-01 14:15:00,NSE:BOSCHLTD,15116.05,15147.25,15110.0,15135.7,393.0
2021-06-01 14:20:00,NSE:BOSCHLTD,15130.6,15133.45,15108.0,15115.6,106.0
2021-06-01 14:25:00,NSE:BOSCHLTD,15117.5,15130.0,15117.5,15130.0,78.0
2021-06-01 14:30:00,NSE:BOSCHLTD,15130.0,15134.9,15108.0,15113.5,147.0
2021-06-01 14:35:00,NSE:BOSCHLTD,15111.1,15126.7,15100.0,15126.35,757.0
2021-06-01 14:40:00,NSE:BOSCHLTD,15113.45,15135.0,15110.6,15118.65,188.0
2021-06-01 14:45:00,NSE:BOSCHLTD,15118.55,15128.0,15118.55,15118.55,37.0
2021-06-01 14:50:00,NSE:BOSCHLTD,15127.65,15130.85,15120.05,15120.25,39.0
2021-06-01 14:55:00,NSE:BOSCHLTD,15118.55,15129.9,15107.0,15107.05,444.0
2021-06-01 15:00:00,NSE:BOSCHLTD,15123.3,15123.3,15110.05,15121.95,112.0
2021-06-01 15:05:00,NSE:BOSCHLTD,15122.0,15125.0,15107.05,15121.65,269.0
2021-06-01 15:10:00,NSE:BOSCHLTD,15122.85,15128.95,15110.0,15125.0,357.0
2021-06-01 15:15:00,NSE:BOSCHLTD,15125.0,15138.75,15101.0,15119.5,682.0
2021-06-01 15:20:00,NSE:BOSCHLTD,15105.9,15116.4,15080.5,15103.9,796.0
2021-06-01 15:25:00,NSE:BOSCHLTD,15103.9,15115.0,15085.75,15115.0,568.0
2021-06-01 15:40:00,NSE:BOSCHLTD,15108.55,15115.0,15108.55,15108.55,36.0
2021-06-01 15:45:00,NSE:BOSCHLTD,15108.55,15115.0,15108.55,15108.55,7.0
2021-06-02 09:05:00,NSE:BOSCHLTD,15120.0,15120.0,15120.0,15120.0,34.0
2021-06-02 09:15:00,NSE:BOSCHLTD,15137.35,15220.0,15137.35,15187.9,1115.0
2021-06-02 09:20:00,NSE:BOSCHLTD,15191.25,15255.0,15184.75,15240.0,795.0
2021-06-02 09:25:00,NSE:BOSCHLTD,15230.7,15255.0,15203.1,15215.65,549.0
2021-06-02 09:30:00,NSE:BOSCHLTD,15214.7,15240.0,15190.0,15236.05,363.0
2021-06-02 09:35:00,NSE:BOSCHLTD,15227.0,15300.0,15227.0,15283.25,1183.0
2021-06-02 09:40:00,NSE:BOSCHLTD,15283.3,15293.85,15222.15,15275.0,842.0
2021-06-02 09:45:00,NSE:BOSCHLTD,15275.0,15279.95,15258.55,15278.05,256.0
2021-06-02 09:50:00,NSE:BOSCHLTD,15277.95,15279.5,15237.75,15245.0,291.0
2021-06-02 09:55:00,NSE:BOSCHLTD,15251.0,15261.9,15241.0,15241.0,203.0
2021-06-02 10:00:00,NSE:BOSCHLTD,15233.0,15233.0,15200.0,15214.65,535.0
2021-06-02 10:05:00,NSE:BOSCHLTD,15202.9,15257.65,15202.9,15237.05,235.0
2021-06-02 10:10:00,NSE:BOSCHLTD,15249.75,15249.75,15210.1,15237.95,159.0
2021-06-02 10:15:00,NSE:BOSCHLTD,15228.3,15239.0,15226.0,15227.1,53.0
2021-06-02 10:20:00,NSE:BOSCHLTD,15224.35,15230.0,15211.25,15218.45,71.0
2021-06-02 10:25:00,NSE:BOSCHLTD,15225.0,15233.05,15214.3,15225.0,57.0
2021-06-02 10:30:00,NSE:BOSCHLTD,15225.0,15233.9,15211.05,15228.6,190.0
2021-06-02 10:35:00,NSE:BOSCHLTD,15222.0,15236.35,15213.55,15236.35,230.0
2021-06-02 10:40:00,NSE:BOSCHLTD,15238.2,15260.0,15238.2,15260.0,149.0
2021-06-02 10:45:00,NSE:BOSCHLTD,15261.05,15265.0,15255.2,15255.2,80.0
2021-06-02 10:50:00,NSE:BOSCHLTD,15256.1,15256.1,15236.05,15242.95,111.0
2021-06-02 10:55:00,NSE:BOSCHLTD,15242.95,15251.95,15241.1,15250.0,38.0
2021-06-02 11:00:00,NSE:BOSCHLTD,15236.1,15256.75,15225.4,15250.0,90.0
2021-06-02 11:05:00,NSE:BOSCHLTD,15250.0,15257.7,15246.45,15250.0,43.0
2021-06-02 11:10:00,NSE:BOSCHLTD,15256.55,15256.55,15250.0,15250.05,79.0
2021-06-02 11:15:00,NSE:BOSCHLTD,15250.1,15265.75,15250.05,15265.75,273.0
2021-06-02 11:20:00,NSE:BOSCHLTD,15265.75,15285.0,15265.2,15273.25,328.0
2021-06-02 11:25:00,NSE:BOSCHLTD,15281.85,15285.0,15266.85,15279.95,147.0
2021-06-02 11:30:00,NSE:BOSCHLTD,15270.35,15280.0,15237.5,15245.0,184.0
2021-06-02 11:35:00,NSE:BOSCHLTD,15244.75,15261.1,15236.55,15250.2,67.0
2021-06-02 11:40:00,NSE:BOSCHLTD,15250.2,15258.55,15231.55,15235.55,107.0
2021-06-02 11:45:00,NSE:BOSCHLTD,15249.25,15259.45,15238.65,15249.35,135.0
2021-06-02 11:50:00,NSE:BOSCHLTD,15249.5,15262.9,15249.5,15252.35,95.0
2021-06-02 11:55:00,NSE:BOSCHLTD,15263.65,15265.3,15245.0,15263.95,92.0
2021-06-02 12:00:00,NSE:BOSCHLTD,15263.9,15264.65,15240.0,15248.25,94.0
2021-06-02 12:05:00,NSE:BOSCHLTD,15259.45,15259.45,15238.0,15238.0,109.0
2021-06-02 12:10:00,NSE:BOSCHLTD,15248.95,15252.7,15227.0,15227.0,104.0
2021-06-02 12:15:00,NSE:BOSCHLTD,15231.0,15247.3,15227.5,15236.55,55.0
2021-06-02 12:20:00,NSE:BOSCHLTD,15249.95,15249.95,15211.05,15224.75,273.0
2021-06-02 12:25:00,NSE:BOSCHLTD,15225.6,15225.9,15211.15,15221.5,45.0
2021-06-02 12:30:00,NSE:BOSCHLTD,15211.9,15226.0,15211.9,15217.75,59.0
2021-06-02 12:35:00,NSE:BOSCHLTD,15217.8,15224.9,15211.05,15221.35,75.0
2021-06-02 12:40:00,NSE:BOSCHLTD,15221.35,15221.35,15201.0,15205.35,116.0
2021-06-02 12:45:00,NSE:BOSCHLTD,15206.0,15210.95,15187.5,15187.7,202.0
2021-06-02 12:50:00,NSE:BOSCHLTD,15175.0,15199.65,15175.0,15185.1,169.0
2021-06-02 12:55:00,NSE:BOSCHLTD,15185.15,15198.95,15171.0,15171.05,167.0
2021-06-02 13:00:00,NSE:BOSCHLTD,15171.05,15182.5,15152.0,15163.2,292.0
2021-06-02 13:05:00,NSE:BOSCHLTD,15153.9,15165.9,15152.1,15164.0,49.0
2021-06-02 13:10:00,NSE:BOSCHLTD,15155.0,15181.95,15155.0,15172.45,201.0
2021-06-02 13:15:00,NSE:BOSCHLTD,15172.5,15181.25,15160.65,15174.65,50.0
2021-06-02 13:20:00,NSE:BOSCHLTD,15174.65,15232.8,15174.65,15232.8,484.0
2021-06-02 13:25:00,NSE:BOSCHLTD,15232.65,15251.95,15218.5,15250.0,278.0
2021-06-02 13:30:00,NSE:BOSCHLTD,15255.0,15320.0,15252.1,15283.05,1691.0
2021-06-02 13:35:00,NSE:BOSCHLTD,15285.0,15285.0,15223.9,15230.0,320.0
2021-06-02 13:40:00,NSE:BOSCHLTD,15230.0,15243.8,15201.2,15210.0,281.0
2021-06-02 13:45:00,NSE:BOSCHLTD,15230.75,15247.95,15230.7,15240.0,286.0
2021-06-02 13:50:00,NSE:BOSCHLTD,15220.05,15230.0,15215.55,15229.95,107.0
2021-06-02 13:55:00,NSE:BOSCHLTD,15220.55,15258.65,15220.55,15256.15,292.0
2021-06-02 14:00:00,NSE:BOSCHLTD,15249.65,15259.95,15245.0,15250.05,82.0
2021-06-02 14:05:00,NSE:BOSCHLTD,15252.0,15270.0,15246.4,15268.25,904.0
2021-06-02 14:10:00,NSE:BOSCHLTD,15268.25,15268.25,15254.15,15254.15,24.0
2021-06-02 14:15:00,NSE:BOSCHLTD,15254.1,15260.0,15229.55,15235.0,179.0
2021-06-02 14:20:00,NSE:BOSCHLTD,15229.0,15262.95,15229.0,15262.95,138.0
2021-06-02 14:25:00,NSE:BOSCHLTD,15250.65,15259.5,15237.1,15240.0,50.0
2021-06-02 14:30:00,NSE:BOSCHLTD,15251.65,15257.35,15223.55,15248.95,282.0
2021-06-02 14:35:00,NSE:BOSCHLTD,15235.3,15264.95,15235.3,15250.6,148.0
2021-06-02 14:40:00,NSE:BOSCHLTD,15252.35,15276.95,15242.05,15250.0,174.0
2021-06-02 14:45:00,NSE:BOSCHLTD,15250.0,15273.75,15250.0,15259.0,157.0
2021-06-02 14:50:00,NSE:BOSCHLTD,15260.45,15300.0,15259.95,15259.95,536.0
2021-06-02 14:55:00,NSE:BOSCHLTD,15273.7,15284.55,15252.4,15284.55,186.0
2021-06-02 15:00:00,NSE:BOSCHLTD,15274.0,15289.0,15265.6,15271.25,221.0
2021-06-02 15:05:00,NSE:BOSCHLTD,15285.95,15337.55,15272.65,15306.0,1151.0
2021-06-02 15:10:00,NSE:BOSCHLTD,15305.9,15319.85,15285.0,15290.0,402.0
2021-06-02 15:15:00,NSE:BOSCHLTD,15298.35,15309.0,15285.5,15289.6,546.0
2021-06-02 15:20:00,NSE:BOSCHLTD,15285.6,15339.0,15282.55,15290.3,1095.0
2021-06-02 15:25:00,NSE:BOSCHLTD,15292.25,15325.0,15274.75,15300.5,753.0
2021-06-02 15:40:00,NSE:BOSCHLTD,15302.75,15302.75,15302.75,15302.75,3.0
2021-06-02 15:45:00,NSE:BOSCHLTD,15302.75,15302.75,15302.75,15302.75,5.0
2021-06-02 15:50:00,NSE:BOSCHLTD,15302.75,15302.75,15300.5,15300.5,30.0
2021-06-02 15:55:00,NSE:BOSCHLTD,15302.75,15302.75,15302.75,15302.75,1.0
2021-06-03 09:05:00,NSE:BOSCHLTD,15318.3,15318.3,15318.3,15318.3,54.0
2021-06-03 09:15:00,NSE:BOSCHLTD,15325.0,15400.0,15325.0,15366.15,1228.0
2021-06-03 09:20:00,NSE:BOSCHLTD,15366.15,15380.0,15345.0,15345.0,610.0
2021-06-03 09:25:00,NSE:BOSCHLTD,15370.0,15377.95,15301.0,15365.75,786.0
2021-06-03 09:30:00,NSE:BOSCHLTD,15365.25,15369.75,15334.7,15360.35,414.0
2021-06-03 09:35:00,NSE:BOSCHLTD,15358.0,15379.75,15347.1,15352.25,310.0
2021-06-03 09:40:00,NSE:BOSCHLTD,15357.5,15440.0,15350.0,15425.0,1492.0
2021-06-03 09:45:00,NSE:BOSCHLTD,15429.95,15498.95,15405.6,15498.95,3225.0
2021-06-03 09:50:00,NSE:BOSCHLTD,15490.0,15550.0,15490.0,15540.0,7975.0
2021-06-03 09:55:00,NSE:BOSCHLTD,15539.65,15549.0,15450.0,15498.95,3199.0
2021-06-03 10:00:00,NSE:BOSCHLTD,15500.0,15520.05,15461.7,15482.15,1492.0
2021-06-03 10:05:00,NSE:BOSCHLTD,15482.15,15505.2,15462.1,15499.9,548.0
2021-06-03 10:10:00,NSE:BOSCHLTD,15494.0,15503.95,15465.0,15481.4,605.0
2021-06-03 10:15:00,NSE:BOSCHLTD,15470.2,15508.0,15470.2,15495.05,380.0
2021-06-03 10:20:00,NSE:BOSCHLTD,15492.4,15508.0,15490.35,15500.0,373.0
2021-06-03 10:25:00,NSE:BOSCHLTD,15492.1,15550.55,15475.05,15530.0,2102.0
2021-06-03 10:30:00,NSE:BOSCHLTD,15532.85,15650.0,15530.0,15629.55,4049.0
2021-06-03 10:35:00,NSE:BOSCHLTD,15630.0,15690.9,15625.0,15673.7,3367.0
2021-06-03 10:40:00,NSE:BOSCHLTD,15671.85,15683.65,15628.0,15642.0,1849.0
2021-06-03 10:45:00,NSE:BOSCHLTD,15647.3,15649.9,15580.0,15605.9,985.0
2021-06-03 10:50:00,NSE:BOSCHLTD,15615.0,15618.75,15584.0,15609.0,763.0
2021-06-03 10:55:00,NSE:BOSCHLTD,15600.4,15610.0,15582.05,15600.4,576.0
2021-06-03 11:00:00,NSE:BOSCHLTD,15595.45,15606.0,15585.1,15595.0,326.0
2021-06-03 11:05:00,NSE:BOSCHLTD,15594.85,15605.0,15586.0,15598.0,306.0
2021-06-03 11:10:00,NSE:BOSCHLTD,15600.0,15600.0,15557.9,15567.55,733.0
2021-06-03 11:15:00,NSE:BOSCHLTD,15571.0,15584.0,15563.25,15578.75,353.0
2021-06-03 11:20:00,NSE:BOSCHLTD,15578.75,15586.95,15560.0,15586.9,474.0
2021-06-03 11:25:00,NSE:BOSCHLTD,15586.8,15586.8,15550.0,15565.0,451.0
2021-06-03 11:30:00,NSE:BOSCHLTD,15561.0,15581.9,15550.25,15581.9,404.0
2021-06-03 11:35:00,NSE:BOSCHLTD,15587.25,15591.95,15569.05,15589.95,198.0
2021-06-03 11:40:00,NSE:BOSCHLTD,15590.45,15627.35,15580.95,15619.9,1338.0
2021-06-03 11:45:00,NSE:BOSCHLTD,15620.0,15625.0,15603.25,15614.95,436.0
2021-06-03 11:50:00,NSE:BOSCHLTD,15614.9,15614.9,15588.9,15609.5,230.0
2021-06-03 11:55:00,NSE:BOSCHLTD,15609.5,15649.85,15600.0,15649.75,589.0
2021-06-03 12:00:00,NSE:BOSCHLTD,15634.1,15650.0,15618.75,15636.4,560.0
2021-06-03 12:05:00,NSE:BOSCHLTD,15625.75,15646.85,15616.95,15617.75,408.0
2021-06-03 12:10:00,NSE:BOSCHLTD,15625.0,15625.0,15583.05,15583.05,1024.0
2021-06-03 12:15:00,NSE:BOSCHLTD,15594.75,15625.0,15582.9,15609.05,448.0
2021-06-03 12:20:00,NSE:BOSCHLTD,15609.0,15649.95,15609.0,15649.95,846.0
2021-06-03 12:25:00,NSE:BOSCHLTD,15650.95,15659.9,15634.0,15636.05,1013.0
2021-06-03 12:30:00,NSE:BOSCHLTD,15643.95,15660.0,15630.3,15650.0,440.0
2021-06-03 12:35:00,NSE:BOSCHLTD,15644.05,15654.35,15610.1,15621.85,392.0
2021-06-03 12:40:00,NSE:BOSCHLTD,15621.85,15627.75,15605.3,15619.95,297.0
2021-06-03 12:45:00,NSE:BOSCHLTD,15610.55,15620.0,15557.15,15606.95,684.0
2021-06-03 12:50:00,NSE:BOSCHLTD,15600.0,15610.25,15594.35,15596.05,133.0
2021-06-03 12:55:00,NSE:BOSCHLTD,15606.9,15620.0,15596.0,15620.0,452.0
2021-06-03 13:00:00,NSE:BOSCHLTD,15610.0,15615.95,15594.35,15600.0,144.0
2021-06-03 13:05:00,NSE:BOSCHLTD,15605.65,15605.65,15569.15,15579.65,567.0
2021-06-03 13:10:00,NSE:BOSCHLTD,15570.0,15580.5,15549.35,15554.8,1088.0
2021-06-03 13:15:00,NSE:BOSCHLTD,15550.0,15560.0,15524.0,15560.0,428.0
2021-06-03 13:20:00,NSE:BOSCHLTD,15556.0,15585.5,15551.5,15571.45,153.0
2021-06-03 13:25:00,NSE:BOSCHLTD,15562.35,15571.7,15520.0,15560.0,519.0
2021-06-03 13:30:00,NSE:BOSCHLTD,15552.35,15560.0,15539.95,15556.35,168.0
2021-06-03 13:35:00,NSE:BOSCHLTD,15550.1,15560.0,15528.6,15531.25,477.0
2021-06-03 13:40:00,NSE:BOSCHLTD,15530.15,15560.0,15530.15,15551.05,331.0
2021-06-03 13:45:00,NSE:BOSCHLTD,15551.0,15560.0,15535.05,15545.55,242.0
2021-06-03 13:50:00,NSE:BOSCHLTD,15535.2,15554.0,15530.0,15550.7,436.0
2021-06-03 13:55:00,NSE:BOSCHLTD,15551.3,15559.2,15534.6,15549.5,413.0
2021-06-03 14:00:00,NSE:BOSCHLTD,15549.95,15554.85,15548.2,15549.95,248.0
2021-06-03 14:05:00,NSE:BOSCHLTD,15550.0,15560.05,15538.7,15551.45,610.0
2021-06-03 14:10:00,NSE:BOSCHLTD,15551.4,15556.1,15545.0,15554.4,146.0
2021-06-03 14:15:00,NSE:BOSCHLTD,15554.8,15554.8,15540.0,15547.95,172.0
2021-06-03 14:20:00,NSE:BOSCHLTD,15540.05,15554.8,15540.05,15550.0,490.0
2021-06-03 14:25:00,NSE:BOSCHLTD,15549.95,15553.85,15540.0,15545.6,346.0
2021-06-03 14:30:00,NSE:BOSCHLTD,15553.55,15553.65,15545.7,15550.0,225.0
2021-06-03 14:35:00,NSE:BOSCHLTD,15553.2,15585.0,15553.2,15563.45,515.0
2021-06-03 14:40:00,NSE:BOSCHLTD,15563.35,15563.65,15540.0,15549.8,392.0
2021-06-03 14:45:00,NSE:BOSCHLTD,15552.0,15554.8,15530.6,15537.4,834.0
2021-06-03 14:50:00,NSE:BOSCHLTD,15530.95,15539.0,15526.0,15536.5,430.0
2021-06-03 14:55:00,NSE:BOSCHLTD,15536.5,15550.0,15530.15,15540.1,341.0
2021-06-03 15:00:00,NSE:BOSCHLTD,15544.7,15568.3,15534.05,15550.65,1640.0
2021-06-03 15:05:00,NSE:BOSCHLTD,15550.65,15550.65,15534.05,15548.05,783.0
2021-06-03 15:10:00,NSE:BOSCHLTD,15540.0,15561.1,15531.7,15531.7,833.0
2021-06-03 15:15:00,NSE:BOSCHLTD,15542.25,15558.3,15530.3,15544.45,1286.0
2021-06-03 15:20:00,NSE:BOSCHLTD,15534.15,15594.5,15531.5,15540.0,1764.0
2021-06-03 15:25:00,NSE:BOSCHLTD,15535.0,15575.2,15535.0,15569.75,809.0
2021-06-03 15:30:00,NSE:BOSCHLTD,15560.0,15560.0,15560.0,15560.0,1.0
2021-06-03 15:40:00,NSE:BOSCHLTD,15552.05,15552.05,15552.05,15552.05,45.0
2021-06-04 09:05:00,NSE:BOSCHLTD,15574.0,15574.0,15574.0,15574.0,184.0
2021-06-04 09:15:00,NSE:BOSCHLTD,15574.0,15670.0,15565.0,15627.15,2298.0
2021-06-04 09:20:00,NSE:BOSCHLTD,15628.2,15648.8,15583.85,15621.35,1255.0
2021-06-04 09:25:00,NSE:BOSCHLTD,15621.35,15625.0,15563.65,15615.2,848.0
2021-06-04 09:30:00,NSE:BOSCHLTD,15624.2,15630.0,15600.0,15613.1,553.0
2021-06-04 09:35:00,NSE:BOSCHLTD,15619.95,15627.1,15586.55,15586.55,629.0
2021-06-04 09:40:00,NSE:BOSCHLTD,15598.9,15615.0,15585.0,15614.0,287.0
2021-06-04 09:45:00,NSE:BOSCHLTD,15614.75,15624.7,15587.25,15600.0,703.0
2021-06-04 09:50:00,NSE:BOSCHLTD,15594.5,15660.0,15590.0,15640.0,1177.0
2021-06-04 09:55:00,NSE:BOSCHLTD,15648.7,15665.0,15631.6,15645.0,971.0
2021-06-04 10:00:00,NSE:BOSCHLTD,15645.0,15685.0,15645.0,15675.0,962.0
2021-06-04 10:05:00,NSE:BOSCHLTD,15675.0,15676.95,15640.0,15654.5,407.0
2021-06-04 10:10:00,NSE:BOSCHLTD,15665.0,15665.0,15642.0,15658.4,193.0
2021-06-04 10:15:00,NSE:BOSCHLTD,15650.0,15675.0,15650.0,15664.65,307.0
2021-06-04 10:20:00,NSE:BOSCHLTD,15663.55,15683.1,15660.0,15683.1,593.0
2021-06-04 10:25:00,NSE:BOSCHLTD,15683.1,15698.9,15670.6,15690.0,705.0
2021-06-04 10:30:00,NSE:BOSCHLTD,15682.1,15690.0,15650.0,15662.85,459.0
2021-06-04 10:35:00,NSE:BOSCHLTD,15651.0,15664.55,15583.0,15585.0,1093.0
2021-06-04 10:40:00,NSE:BOSCHLTD,15598.05,15639.95,15585.0,15622.6,511.0
2021-06-04 10:45:00,NSE:BOSCHLTD,15623.85,15623.85,15593.0,15593.0,269.0
2021-06-04 10:50:00,NSE:BOSCHLTD,15599.0,15620.0,15592.0,15619.9,249.0
2021-06-04 10:55:00,NSE:BOSCHLTD,15619.9,15625.0,15608.15,15609.0,102.0
2021-06-04 11:00:00,NSE:BOSCHLTD,15621.3,15623.0,15607.0,15618.25,139.0
2021-06-04 11:05:00,NSE:BOSCHLTD,15618.25,15624.95,15602.0,15602.0,264.0
2021-06-04 11:10:00,NSE:BOSCHLTD,15600.0,15609.2,15548.1,15570.0,1270.0
2021-06-04 11:15:00,NSE:BOSCHLTD,15569.1,15584.2,15525.0,15540.15,713.0
2021-06-04 11:20:00,NSE:BOSCHLTD,15540.0,15540.0,15515.1,15529.6,248.0
2021-06-04 11:25:00,NSE:BOSCHLTD,15529.6,15563.0,15520.0,15560.7,240.0
2021-06-04 11:30:00,NSE:BOSCHLTD,15563.0,15572.15,15548.5,15569.0,201.0
2021-06-04 11:35:00,NSE:BOSCHLTD,15570.0,15599.0,15570.0,15594.45,158.0
2021-06-04 11:40:00,NSE:BOSCHLTD,15599.0,15615.0,15581.05,15615.0,498.0
2021-06-04 11:45:00,NSE:BOSCHLTD,15613.75,15620.0,15600.0,15609.1,235.0
2021-06-04 11:50:00,NSE:BOSCHLTD,15609.1,15641.0,15593.75,15631.05,588.0
2021-06-04 11:55:00,NSE:BOSCHLTD,15657.25,15695.0,15648.75,15690.0,1585.0
2021-06-04 12:00:00,NSE:BOSCHLTD,15698.0,15721.55,15683.7,15696.55,1406.0
2021-06-04 12:05:00,NSE:BOSCHLTD,15698.25,15733.25,15687.35,15707.75,997.0
2021-06-04 12:10:00,NSE:BOSCHLTD,15692.7,15720.0,15690.0,15705.3,406.0
2021-06-04 12:15:00,NSE:BOSCHLTD,15705.3,15720.0,15697.7,15703.0,611.0
2021-06-04 12:20:00,NSE:BOSCHLTD,15703.0,15705.8,15682.55,15688.0,311.0
2021-06-04 12:25:00,NSE:BOSCHLTD,15685.0,15688.0,15672.0,15679.95,311.0
2021-06-04 12:30:00,NSE:BOSCHLTD,15679.95,15680.0,15660.0,15669.95,212.0
2021-06-04 12:35:00,NSE:BOSCHLTD,15660.4,15703.55,15660.4,15680.75,717.0
2021-06-04 12:40:00,NSE:BOSCHLTD,15680.8,15680.8,15644.0,15644.95,439.0
2021-06-04 12:45:00,NSE:BOSCHLTD,15644.95,15657.85,15635.0,15651.25,260.0
2021-06-04 12:50:00,NSE:BOSCHLTD,15645.0,15654.6,15630.0,15633.0,255.0
2021-06-04 12:55:00,NSE:BOSCHLTD,15639.95,15640.0,15630.0,15640.0,264.0
2021-06-04 13:00:00,NSE:BOSCHLTD,15640.0,15640.0,15619.65,15625.55,327.0
2021-06-04 13:05:00,NSE:BOSCHLTD,15625.3,15635.0,15614.05,15629.8,189.0
2021-06-04 13:10:00,NSE:BOSCHLTD,15629.8,15635.0,15620.8,15634.0,95.0
2021-06-04 13:15:00,NSE:BOSCHLTD,15634.0,15634.0,15620.65,15620.9,40.0
2021-06-04 13:20:00,NSE:BOSCHLTD,15620.95,15631.85,15620.95,15623.9,30.0
2021-06-04 13:25:00,NSE:BOSCHLTD,15623.0,15624.0,15610.05,15621.35,158.0
2021-06-04 13:30:00,NSE:BOSCHLTD,15622.55,15623.75,15610.0,15622.85,140.0
2021-06-04 13:35:00,NSE:BOSCHLTD,15615.0,15622.75,15605.1,15618.95,138.0
2021-06-04 13:40:00,NSE:BOSCHLTD,15619.05,15619.95,15595.05,15595.05,211.0
2021-06-04 13:45:00,NSE:BOSCHLTD,15590.0,15611.0,15580.0,15610.75,231.0
2021-06-04 13:50:00,NSE:BOSCHLTD,15596.35,15610.5,15582.0,15597.8,101.0
2021-06-04 13:55:00,NSE:BOSCHLTD,15588.0,15621.0,15588.0,15615.95,212.0
2021-06-04 14:00:00,NSE:BOSCHLTD,15621.0,15635.0,15616.15,15635.0,214.0
2021-06-04 14:05:00,NSE:BOSCHLTD,15633.85,15638.95,15624.9,15638.95,154.0
2021-06-04 14:10:00,NSE:BOSCHLTD,15639.0,15656.95,15626.95,15656.95,173.0
2021-06-04 14:15:00,NSE:BOSCHLTD,15634.25,15690.0,15634.25,15679.85,552.0
2021-06-04 14:20:00,NSE:BOSCHLTD,15664.6,15690.0,15649.2,15688.95,226.0
2021-06-04 14:25:00,NSE:BOSCHLTD,15688.9,15688.9,15652.6,15675.0,709.0
2021-06-04 14:30:00,NSE:BOSCHLTD,15664.9,15680.0,15664.9,15669.95,148.0
2021-06-04 14:35:00,NSE:BOSCHLTD,15665.05,15673.2,15620.55,15639.8,400.0
2021-06-04 14:40:00,NSE:BOSCHLTD,15645.85,15674.0,15642.55,15660.05,318.0
2021-06-04 14:45:00,NSE:BOSCHLTD,15663.2,15673.0,15650.55,15650.55,156.0
2021-06-04 14:50:00,NSE:BOSCHLTD,15656.05,15667.0,15651.0,15666.75,123.0
2021-06-04 14:55:00,NSE:BOSCHLTD,15666.75,15686.65,15655.5,15677.8,784.0
2021-06-04 15:00:00,NSE:BOSCHLTD,15673.0,15695.95,15645.0,15665.0,700.0
2021-06-04 15:05:00,NSE:BOSCHLTD,15664.55,15665.0,15621.05,15636.55,369.0
2021-06-04 15:10:00,NSE:BOSCHLTD,15645.9,15680.0,15635.0,15655.2,758.0
2021-06-04 15:15:00,NSE:BOSCHLTD,15655.15,15665.0,15635.0,15638.0,713.0
2021-06-04 15:20:00,NSE:BOSCHLTD,15640.0,15645.0,15583.1,15610.0,1200.0
2021-06-04 15:25:00,NSE:BOSCHLTD,15600.05,15615.65,15582.75,15593.3,810.0
2021-06-04 15:40:00,NSE:BOSCHLTD,15636.85,15636.85,15636.85,15636.85,1.0
2021-06-07 09:05:00,NSE:BOSCHLTD,15798.65,15798.65,15798.65,15798.65,182.0
2021-06-07 09:15:00,NSE:BOSCHLTD,15798.65,15798.65,15676.05,15760.0,1041.0
2021-06-07 09:20:00,NSE:BOSCHLTD,15750.0,15759.05,15700.0,15723.1,706.0
2021-06-07 09:25:00,NSE:BOSCHLTD,15725.0,15765.0,15712.35,15764.0,452.0
2021-06-07 09:30:00,NSE:BOSCHLTD,15758.0,15800.0,15753.15,15773.6,1150.0
2021-06-07 09:35:00,NSE:BOSCHLTD,15768.2,15768.2,15740.0,15740.0,340.0
2021-06-07 09:40:00,NSE:BOSCHLTD,15749.4,15760.5,15742.05,15746.0,87.0
2021-06-07 09:45:00,NSE:BOSCHLTD,15742.0,15870.0,15740.0,15835.0,2150.0
2021-06-07 09:50:00,NSE:BOSCHLTD,15846.95,15846.95,15765.5,15805.0,688.0
2021-06-07 09:55:00,NSE:BOSCHLTD,15800.0,15811.15,15786.1,15800.0,345.0
2021-06-07 10:00:00,NSE:BOSCHLTD,15808.0,15815.0,15798.85,15808.6,428.0
2021-06-07 10:05:00,NSE:BOSCHLTD,15814.0,15835.0,15809.0,15821.15,351.0
2021-06-07 10:10:00,NSE:BOSCHLTD,15821.15,15824.8,15780.0,15791.4,672.0
2021-06-07 10:15:00,NSE:BOSCHLTD,15790.35,15816.35,15785.6,15816.35,235.0
2021-06-07 10:20:00,NSE:BOSCHLTD,15807.1,15819.45,15789.95,15789.95,322.0
2021-06-07 10:25:00,NSE:BOSCHLTD,15799.9,15800.0,15785.0,15799.95,268.0
2021-06-07 10:30:00,NSE:BOSCHLTD,15799.0,15799.0,15774.8,15780.0,144.0
2021-06-07 10:35:00,NSE:BOSCHLTD,15782.15,15801.0,15770.0,15801.0,335.0
2021-06-07 10:40:00,NSE:BOSCHLTD,15805.2,15820.0,15805.2,15810.0,87.0
2021-06-07 10:45:00,NSE:BOSCHLTD,15818.85,15820.0,15809.95,15820.0,105.0
2021-06-07 10:50:00,NSE:BOSCHLTD,15820.0,15820.0,15800.9,15800.95,95.0
2021-06-07 10:55:00,NSE:BOSCHLTD,15814.4,15814.4,15800.7,15800.75,26.0
2021-06-07 11:00:00,NSE:BOSCHLTD,15800.7,15820.0,15781.4,15786.2,664.0
2021-06-07 11:05:00,NSE:BOSCHLTD,15786.25,15816.0,15780.65,15796.75,72.0
2021-06-07 11:10:00,NSE:BOSCHLTD,15790.0,15800.0,15790.0,15800.0,107.0
2021-06-07 11:15:00,NSE:BOSCHLTD,15797.1,15804.95,15790.05,15804.95,318.0
2021-06-07 11:20:00,NSE:BOSCHLTD,15807.45,15825.0,15795.4,15825.0,366.0
2021-06-07 11:25:00,NSE:BOSCHLTD,15825.0,15832.95,15800.0,15800.0,152.0
2021-06-07 11:30:00,NSE:BOSCHLTD,15790.0,15809.5,15774.9,15800.0,587.0
2021-06-07 11:35:00,NSE:BOSCHLTD,15794.55,15810.0,15794.55,15799.95,31.0
2021-06-07 11:40:00,NSE:BOSCHLTD,15790.05,15799.8,15786.7,15794.45,48.0
2021-06-07 11:45:00,NSE:BOSCHLTD,15794.4,15794.55,15770.0,15794.55,100.0
2021-06-07 11:50:00,NSE:BOSCHLTD,15794.55,15794.55,15778.2,15790.45,78.0
2021-06-07 11:55:00,NSE:BOSCHLTD,15790.45,15790.45,15778.2,15780.35,41.0
2021-06-07 12:00:00,NSE:BOSCHLTD,15780.35,15792.9,15770.0,15770.0,153.0
2021-06-07 12:05:00,NSE:BOSCHLTD,15779.95,15783.55,15740.0,15773.5,592.0
2021-06-07 12:10:00,NSE:BOSCHLTD,15785.3,15785.8,15765.35,15783.0,70.0
2021-06-07 12:15:00,NSE:BOSCHLTD,15782.35,15790.0,15779.9,15789.95,48.0
2021-06-07 12:20:00,NSE:BOSCHLTD,15783.0,15788.5,15762.5,15787.95,128.0
2021-06-07 12:25:00,NSE:BOSCHLTD,15783.3,15787.85,15740.1,15745.0,6366.0
2021-06-07 12:30:00,NSE:BOSCHLTD,15745.0,15763.55,15723.85,15733.5,390.0
2021-06-07 12:35:00,NSE:BOSCHLTD,15725.2,15751.95,15707.25,15735.35,380.0
2021-06-07 12:40:00,NSE:BOSCHLTD,15725.25,15750.95,15721.15,15733.05,102.0
2021-06-07 12:45:00,NSE:BOSCHLTD,15726.1,15727.0,15635.0,15660.05,1022.0
2021-06-07 12:50:00,NSE:BOSCHLTD,15670.6,15699.95,15657.8,15664.0,250.0
2021-06-07 12:55:00,NSE:BOSCHLTD,15660.0,15667.0,15635.0,15667.0,264.0
2021-06-07 13:00:00,NSE:BOSCHLTD,15669.0,15683.0,15662.0,15669.05,86.0
2021-06-07 13:05:00,NSE:BOSCHLTD,15679.2,15680.0,15669.05,15680.0,174.0
2021-06-07 13:10:00,NSE:BOSCHLTD,15671.0,15680.0,15651.0,15651.05,175.0
2021-06-07 13:15:00,NSE:BOSCHLTD,15651.05,15672.3,15632.0,15644.8,291.0
2021-06-07 13:20:00,NSE:BOSCHLTD,15658.7,15680.0,15636.2,15679.9,239.0
2021-06-07 13:25:00,NSE:BOSCHLTD,15675.65,15680.0,15625.05,15625.05,228.0
2021-06-07 13:30:00,NSE:BOSCHLTD,15617.2,15626.9,15590.0,15615.0,743.0
2021-06-07 13:35:00,NSE:BOSCHLTD,15615.25,15635.45,15615.25,15627.5,225.0
2021-06-07 13:40:00,NSE:BOSCHLTD,15627.5,15639.85,15626.4,15627.05,256.0
2021-06-07 13:45:00,NSE:BOSCHLTD,15627.1,15638.35,15570.0,15584.35,423.0
2021-06-07 13:50:00,NSE:BOSCHLTD,15576.05,15610.0,15575.0,15610.0,369.0
2021-06-07 13:55:00,NSE:BOSCHLTD,15617.6,15636.6,15605.05,15617.05,266.0
2021-06-07 14:00:00,NSE:BOSCHLTD,15620.0,15638.0,15620.0,15636.85,38.0
2021-06-07 14:05:00,NSE:BOSCHLTD,15636.85,15658.55,15635.85,15643.65,254.0
2021-06-07 14:10:00,NSE:BOSCHLTD,15643.7,15680.0,15643.7,15675.0,365.0
2021-06-07 14:15:00,NSE:BOSCHLTD,15672.4,15699.4,15652.1,15684.55,436.0
2021-06-07 14:20:00,NSE:BOSCHLTD,15694.8,15705.05,15680.45,15687.3,336.0
2021-06-07 14:25:00,NSE:BOSCHLTD,15698.15,15708.8,15684.05,15708.8,196.0
2021-06-07 14:30:00,NSE:BOSCHLTD,15698.1,15712.9,15698.1,15706.0,209.0
2021-06-07 14:35:00,NSE:BOSCHLTD,15692.0,15699.75,15686.1,15690.1,64.0
2021-06-07 14:40:00,NSE:BOSCHLTD,15690.15,15698.95,15685.0,15690.0,154.0
2021-06-07 14:45:00,NSE:BOSCHLTD,15698.9,15700.0,15656.75,15661.25,285.0
2021-06-07 14:50:00,NSE:BOSCHLTD,15650.0,15665.45,15640.05,15646.0,235.0
2021-06-07 14:55:00,NSE:BOSCHLTD,15641.05,15665.25,15641.05,15645.05,195.0
2021-06-07 15:00:00,NSE:BOSCHLTD,15645.15,15674.1,15645.15,15656.1,328.0
2021-06-07 15:05:00,NSE:BOSCHLTD,15663.2,15680.0,15641.95,15650.65,324.0
2021-06-07 15:10:00,NSE:BOSCHLTD,15651.5,15666.5,15641.95,15660.0,313.0
2021-06-07 15:15:00,NSE:BOSCHLTD,15650.0,15665.4,15631.4,15631.4,703.0
2021-06-07 15:20:00,NSE:BOSCHLTD,15647.1,15647.1,15630.7,15637.95,512.0
2021-06-07 15:25:00,NSE:BOSCHLTD,15637.95,15640.0,15627.1,15635.0,308.0
2021-06-07 15:40:00,NSE:BOSCHLTD,15649.25,15649.25,15649.25,15649.25,1.0
2021-06-08 09:05:00,NSE:BOSCHLTD,15691.0,15691.0,15691.0,15691.0,29.0
2021-06-08 09:15:00,NSE:BOSCHLTD,15690.8,15819.5,15686.7,15819.5,1493.0
2021-06-08 09:20:00,NSE:BOSCHLTD,15814.5,16020.25,15814.5,15990.0,6938.0
2021-06-08 09:25:00,NSE:BOSCHLTD,16000.1,16028.95,15928.65,15952.5,3454.0
2021-06-08 09:30:00,NSE:BOSCHLTD,15959.75,15964.8,15845.45,15875.85,2222.0
2021-06-08 09:35:00,NSE:BOSCHLTD,15879.5,15900.0,15840.0,15882.2,1100.0
2021-06-08 09:40:00,NSE:BOSCHLTD,15868.0,15902.35,15830.0,15880.0,1653.0
2021-06-08 09:45:00,NSE:BOSCHLTD,15885.0,15899.4,15841.1,15852.75,709.0
2021-06-08 09:50:00,NSE:BOSCHLTD,15860.0,15884.0,15848.15,15859.45,609.0
2021-06-08 09:55:00,NSE:BOSCHLTD,15850.0,15850.0,15800.0,15837.0,1287.0
2021-06-08 10:00:00,NSE:BOSCHLTD,15837.0,15843.95,15759.65,15817.5,1525.0
2021-06-08 10:05:00,NSE:BOSCHLTD,15820.5,15860.0,15781.25,15815.0,1087.0
2021-06-08 10:10:00,NSE:BOSCHLTD,15813.0,15813.0,15786.0,15797.35,304.0
2021-06-08 10:15:00,NSE:BOSCHLTD,15785.0,15802.5,15753.1,15788.95,673.0
2021-06-08 10:20:00,NSE:BOSCHLTD,15788.95,15811.45,15776.3,15787.6,343.0
2021-06-08 10:25:00,NSE:BOSCHLTD,15788.0,15820.0,15782.05,15820.0,251.0
2021-06-08 10:30:00,NSE:BOSCHLTD,15815.0,15846.0,15815.0,15822.8,867.0
2021-06-08 10:35:00,NSE:BOSCHLTD,15803.65,15820.5,15800.0,15817.5,284.0
2021-06-08 10:40:00,NSE:BOSCHLTD,15816.0,15845.15,15816.0,15831.0,210.0
2021-06-08 10:45:00,NSE:BOSCHLTD,15829.95,15860.0,15820.05,15855.0,753.0
2021-06-08 10:50:00,NSE:BOSCHLTD,15855.0,15898.0,15850.0,15882.0,731.0
2021-06-08 10:55:00,NSE:BOSCHLTD,15885.0,15894.3,15872.05,15889.95,314.0
2021-06-08 11:00:00,NSE:BOSCHLTD,15898.0,15898.0,15864.2,15878.15,404.0
2021-06-08 11:05:00,NSE:BOSCHLTD,15878.15,15884.6,15864.95,15872.15,135.0
2021-06-08 11:10:00,NSE:BOSCHLTD,15880.35,15880.35,15856.0,15862.0,126.0
2021-06-08 11:15:00,NSE:BOSCHLTD,15873.0,15882.6,15859.1,15882.6,113.0
2021-06-08 11:20:00,NSE:BOSCHLTD,15880.45,15880.45,15864.05,15872.9,69.0
2021-06-08 11:25:00,NSE:BOSCHLTD,15871.5,15872.0,15855.0,15866.85,73.0
2021-06-08 11:30:00,NSE:BOSCHLTD,15855.3,15875.8,15855.0,15868.9,223.0
2021-06-08 11:35:00,NSE:BOSCHLTD,15875.8,15875.8,15865.0,15866.0,91.0
2021-06-08 11:40:00,NSE:BOSCHLTD,15860.0,15860.0,15828.75,15850.0,292.0
2021-06-08 11:45:00,NSE:BOSCHLTD,15850.0,15890.0,15850.0,15883.35,345.0
2021-06-08 11:50:00,NSE:BOSCHLTD,15890.0,15925.0,15874.2,15903.75,1344.0
2021-06-08 11:55:00,NSE:BOSCHLTD,15919.45,15930.0,15901.5,15904.5,409.0
2021-06-08 12:00:00,NSE:BOSCHLTD,15912.75,15918.95,15889.35,15904.2,238.0
2021-06-08 12:05:00,NSE:BOSCHLTD,15904.25,15950.0,15885.5,15925.6,1505.0
2021-06-08 12:10:00,NSE:BOSCHLTD,15928.45,15940.0,15908.5,15925.0,275.0
2021-06-08 12:15:00,NSE:BOSCHLTD,15925.0,15930.0,15910.05,15911.0,98.0
2021-06-08 12:20:00,NSE:BOSCHLTD,15910.0,15930.0,15908.25,15922.45,295.0
2021-06-08 12:25:00,NSE:BOSCHLTD,15922.3,15925.0,15907.05,15924.8,104.0
2021-06-08 12:30:00,NSE:BOSCHLTD,15916.5,15932.0,15900.3,15908.9,213.0
2021-06-08 12:35:00,NSE:BOSCHLTD,15909.7,15916.9,15898.55,15909.95,134.0
2021-06-08 12:40:00,NSE:BOSCHLTD,15909.0,15920.0,15898.4,15913.0,348.0
2021-06-08 12:45:00,NSE:BOSCHLTD,15913.0,15913.0,15900.05,15908.5,192.0
2021-06-08 12:50:00,NSE:BOSCHLTD,15900.05,15910.0,15900.0,15900.0,101.0
2021-06-08 12:55:00,NSE:BOSCHLTD,15909.0,15923.0,15900.0,15915.0,214.0
2021-06-08 13:00:00,NSE:BOSCHLTD,15922.0,15922.0,15909.0,15909.0,40.0
2021-06-08 13:05:00,NSE:BOSCHLTD,15913.85,15913.85,15891.05,15895.3,260.0
2021-06-08 13:10:00,NSE:BOSCHLTD,15895.0,15908.05,15893.8,15895.75,195.0
2021-06-08 13:15:00,NSE:BOSCHLTD,15914.0,15914.0,15895.55,15900.0,60.0
2021-06-08 13:20:00,NSE:BOSCHLTD,15900.0,15909.75,15900.0,15907.0,109.0
2021-06-08 13:25:00,NSE:BOSCHLTD,15900.0,15922.9,15900.0,15917.65,403.0
2021-06-08 13:30:00,NSE:BOSCHLTD,15904.85,15938.0,15897.0,15922.0,163.0
2021-06-08 13:35:00,NSE:BOSCHLTD,15922.0,15930.0,15922.0,15928.0,116.0
2021-06-08 13:40:00,NSE:BOSCHLTD,15928.0,15928.0,15897.65,15909.0,119.0
2021-06-08 13:45:00,NSE:BOSCHLTD,15907.6,15907.6,15880.0,15880.0,159.0
2021-06-08 13:50:00,NSE:BOSCHLTD,15880.0,15890.0,15880.0,15881.7,65.0
2021-06-08 13:55:00,NSE:BOSCHLTD,15890.0,15891.6,15830.2,15848.95,745.0
2021-06-08 14:00:00,NSE:BOSCHLTD,15855.0,15860.0,15820.0,15833.6,370.0
2021-06-08 14:05:00,NSE:BOSCHLTD,15825.0,15904.5,15825.0,15900.0,680.0
2021-06-08 14:10:00,NSE:BOSCHLTD,15900.0,15950.0,15900.0,15900.0,795.0
2021-06-08 14:15:00,NSE:BOSCHLTD,15902.25,15935.4,15900.0,15935.4,502.0
2021-06-08 14:20:00,NSE:BOSCHLTD,15930.0,15942.6,15924.55,15930.0,270.0
2021-06-08 14:25:00,NSE:BOSCHLTD,15930.0,15990.0,15910.35,15980.25,1318.0
2021-06-08 14:30:00,NSE:BOSCHLTD,15980.1,15980.1,15958.5,15975.0,524.0
2021-06-08 14:35:00,NSE:BOSCHLTD,15975.0,15980.0,15965.1,15979.3,467.0
2021-06-08 14:40:00,NSE:BOSCHLTD,15980.0,15986.5,15965.05,15980.0,515.0
2021-06-08 14:45:00,NSE:BOSCHLTD,15980.0,15980.0,15920.0,15940.0,493.0
2021-06-08 14:50:00,NSE:BOSCHLTD,15937.0,15939.95,15920.0,15925.0,274.0
2021-06-08 14:55:00,NSE:BOSCHLTD,15925.0,15951.1,15910.5,15928.5,758.0
2021-06-08 15:00:00,NSE:BOSCHLTD,15948.95,15948.95,15900.0,15925.0,765.0
2021-06-08 15:05:00,NSE:BOSCHLTD,15924.5,15936.85,15890.0,15909.0,605.0
2021-06-08 15:10:00,NSE:BOSCHLTD,15918.0,15924.95,15884.55,15900.0,587.0
2021-06-08 15:15:00,NSE:BOSCHLTD,15890.05,15925.75,15871.0,15895.1,1175.0
2021-06-08 15:20:00,NSE:BOSCHLTD,15901.0,15925.0,15894.2,15894.2,842.0
2021-06-08 15:25:00,NSE:BOSCHLTD,15900.35,15900.9,15884.6,15900.0,736.0
2021-06-08 15:30:00,NSE:BOSCHLTD,15900.0,15900.0,15900.0,15900.0,9.0
2021-06-08 15:40:00,NSE:BOSCHLTD,15908.4,15908.4,15900.0,15900.0,58.0
2021-06-09 09:05:00,NSE:BOSCHLTD,15951.2,15951.2,15951.2,15951.2,75.0
2021-06-09 09:15:00,NSE:BOSCHLTD,15951.2,15998.95,15910.25,15945.0,997.0
2021-06-09 09:20:00,NSE:BOSCHLTD,15940.0,15949.5,15916.95,15942.0,550.0
2021-06-09 09:25:00,NSE:BOSCHLTD,15940.5,15998.0,15939.0,15980.0,725.0
2021-06-09 09:30:00,NSE:BOSCHLTD,15987.2,15987.2,15961.5,15981.0,296.0
2021-06-09 09:35:00,NSE:BOSCHLTD,15982.0,15982.0,15950.0,15979.0,516.0
2021-06-09 09:40:00,NSE:BOSCHLTD,15975.95,15994.5,15972.25,15982.5,428.0
2021-06-09 09:45:00,NSE:BOSCHLTD,15987.3,16075.0,15973.5,16062.35,1458.0
2021-06-09 09:50:00,NSE:BOSCHLTD,16075.0,16085.1,16022.9,16036.5,844.0
2021-06-09 09:55:00,NSE:BOSCHLTD,16028.0,16040.0,15999.0,16000.0,843.0
2021-06-09 10:00:00,NSE:BOSCHLTD,16008.0,16022.2,16000.55,16013.55,290.0
2021-06-09 10:05:00,NSE:BOSCHLTD,16013.55,16013.95,15999.0,15999.0,373.0
2021-06-09 10:10:00,NSE:BOSCHLTD,16005.0,16020.0,15999.0,16010.0,444.0
2021-06-09 10:15:00,NSE:BOSCHLTD,16010.0,16080.0,16003.55,16079.05,608.0
2021-06-09 10:20:00,NSE:BOSCHLTD,16080.0,16200.0,16073.95,16160.0,5417.0
2021-06-09 10:25:00,NSE:BOSCHLTD,16145.6,16172.1,16051.55,16060.55,1686.0
2021-06-09 10:30:00,NSE:BOSCHLTD,16071.35,16077.0,16020.0,16050.0,949.0
2021-06-09 10:35:00,NSE:BOSCHLTD,16050.0,16052.7,16025.0,16049.95,161.0
2021-06-09 10:40:00,NSE:BOSCHLTD,16036.15,16074.0,16030.0,16069.5,325.0
2021-06-09 10:45:00,NSE:BOSCHLTD,16070.0,16070.0,16009.5,16032.05,853.0
2021-06-09 10:50:00,NSE:BOSCHLTD,16031.0,16039.5,16011.05,16018.0,110.0
2021-06-09 10:55:00,NSE:BOSCHLTD,16018.0,16070.5,16018.0,16060.45,1594.0
2021-06-09 11:00:00,NSE:BOSCHLTD,16065.7,16069.95,16050.0,16058.25,154.0
2021-06-09 11:05:00,NSE:BOSCHLTD,16056.1,16082.45,16050.0,16065.1,257.0
2021-06-09 11:10:00,NSE:BOSCHLTD,16074.0,16077.8,16060.2,16068.2,69.0
2021-06-09 11:15:00,NSE:BOSCHLTD,16073.95,16073.95,16060.0,16060.0,116.0
2021-06-09 11:20:00,NSE:BOSCHLTD,16060.0,16060.0,16050.0,16050.0,57.0
2021-06-09 11:25:00,NSE:BOSCHLTD,16035.0,16051.5,16030.45,16031.6,361.0
2021-06-09 11:30:00,NSE:BOSCHLTD,16031.0,16038.0,16020.0,16020.0,98.0
2021-06-09 11:35:00,NSE:BOSCHLTD,16021.0,16060.0,16021.0,16050.05,625.0
2021-06-09 11:40:00,NSE:BOSCHLTD,16059.95,16060.0,16050.0,16058.9,36.0
2021-06-09 11:45:00,NSE:BOSCHLTD,16050.15,16059.0,16050.0,16050.0,105.0
2021-06-09 11:50:00,NSE:BOSCHLTD,16057.5,16072.0,16050.0,16057.55,352.0
2021-06-09 11:55:00,NSE:BOSCHLTD,16069.5,16070.0,16040.0,16054.9,243.0
2021-06-09 12:00:00,NSE:BOSCHLTD,16052.25,16052.8,16031.5,16031.5,52.0
2021-06-09 12:05:00,NSE:BOSCHLTD,16042.5,16043.8,16024.5,16025.95,105.0
2021-06-09 12:10:00,NSE:BOSCHLTD,16041.65,16041.65,16025.95,16026.05,159.0
2021-06-09 12:15:00,NSE:BOSCHLTD,16035.0,16037.0,16025.0,16035.0,121.0
2021-06-09 12:20:00,NSE:BOSCHLTD,16025.0,16040.0,16020.0,16039.5,307.0
2021-06-09 12:25:00,NSE:BOSCHLTD,16035.0,16055.0,16033.0,16045.0,267.0
2021-06-09 12:30:00,NSE:BOSCHLTD,16045.0,16055.8,16032.95,16040.0,202.0
2021-06-09 12:35:00,NSE:BOSCHLTD,16035.45,16050.25,16020.0,16030.5,86.0
2021-06-09 12:40:00,NSE:BOSCHLTD,16039.0,16040.0,16020.0,16030.0,120.0
2021-06-09 12:45:00,NSE:BOSCHLTD,16030.0,16032.0,16020.05,16023.25,35.0
2021-06-09 12:50:00,NSE:BOSCHLTD,16031.9,16050.0,16022.5,16045.0,484.0
2021-06-09 12:55:00,NSE:BOSCHLTD,16045.0,16069.15,16041.05,16046.95,977.0
2021-06-09 13:00:00,NSE:BOSCHLTD,16054.55,16062.15,16008.0,16017.9,536.0
2021-06-09 13:05:00,NSE:BOSCHLTD,16017.95,16020.95,15870.0,15889.0,3469.0
2021-06-09 13:10:00,NSE:BOSCHLTD,15879.9,15928.6,15800.0,15800.05,1632.0
2021-06-09 13:15:00,NSE:BOSCHLTD,15803.7,15846.5,15723.85,15829.85,1347.0
2021-06-09 13:20:00,NSE:BOSCHLTD,15829.85,15844.05,15774.05,15841.0,732.0
2021-06-09 13:25:00,NSE:BOSCHLTD,15842.15,15920.0,15819.3,15915.0,983.0
2021-06-09 13:30:00,NSE:BOSCHLTD,15920.0,15920.0,15837.9,15860.95,621.0
2021-06-09 13:35:00,NSE:BOSCHLTD,15844.5,15900.4,15840.5,15865.5,739.0
2021-06-09 13:40:00,NSE:BOSCHLTD,15865.55,15938.0,15865.55,15913.45,434.0
2021-06-09 13:45:00,NSE:BOSCHLTD,15913.5,15927.95,15878.15,15927.95,562.0
2021-06-09 13:50:00,NSE:BOSCHLTD,15927.95,15947.4,15889.45,15899.6,644.0
2021-06-09 13:55:00,NSE:BOSCHLTD,15894.1,15894.1,15870.0,15874.5,263.0
2021-06-09 14:00:00,NSE:BOSCHLTD,15881.5,15900.0,15862.05,15898.5,306.0
2021-06-09 14:05:00,NSE:BOSCHLTD,15891.05,15950.0,15891.0,15935.85,419.0
2021-06-09 14:10:00,NSE:BOSCHLTD,15944.95,15949.5,15914.8,15925.25,148.0
2021-06-09 14:15:00,NSE:BOSCHLTD,15930.0,15940.0,15925.5,15938.85,260.0
2021-06-09 14:20:00,NSE:BOSCHLTD,15938.95,15939.0,15860.25,15860.25,566.0
2021-06-09 14:25:00,NSE:BOSCHLTD,15840.0,15865.5,15829.2,15835.0,473.0
2021-06-09 14:30:00,NSE:BOSCHLTD,15841.65,15859.5,15738.9,15749.95,885.0
2021-06-09 14:35:00,NSE:BOSCHLTD,15750.0,15815.25,15745.5,15793.5,427.0
2021-06-09 14:40:00,NSE:BOSCHLTD,15793.5,15793.5,15702.45,15717.0,627.0
2021-06-09 14:45:00,NSE:BOSCHLTD,15705.05,15755.95,15650.0,15750.0,1733.0
2021-06-09 14:50:00,NSE:BOSCHLTD,15725.1,15773.1,15725.1,15765.0,472.0
2021-06-09 14:55:00,NSE:BOSCHLTD,15760.5,15782.6,15750.0,15754.8,453.0
2021-06-09 15:00:00,NSE:BOSCHLTD,15771.85,15786.6,15755.6,15774.0,475.0
2021-06-09 15:05:00,NSE:BOSCHLTD,15771.35,15855.5,15751.0,15835.75,3590.0
2021-06-09 15:10:00,NSE:BOSCHLTD,15859.95,15900.0,15822.05,15860.0,2474.0
2021-06-09 15:15:00,NSE:BOSCHLTD,15853.7,15863.95,15783.0,15843.35,1239.0
2021-06-09 15:20:00,NSE:BOSCHLTD,15844.9,15855.95,15800.05,15822.55,1386.0
2021-06-09 15:25:00,NSE:BOSCHLTD,15809.95,15821.0,15760.0,15800.0,546.0
2021-06-09 15:40:00,NSE:BOSCHLTD,15827.5,15827.5,15800.0,15800.0,5.0
2021-06-10 09:05:00,NSE:BOSCHLTD,15929.9,15929.9,15929.9,15929.9,43.0
2021-06-10 09:15:00,NSE:BOSCHLTD,15900.05,15986.0,15835.7,15884.9,2036.0
2021-06-10 09:20:00,NSE:BOSCHLTD,15877.25,15919.5,15800.0,15885.0,2792.0
2021-06-10 09:25:00,NSE:BOSCHLTD,15894.0,15923.3,15874.5,15909.5,2140.0
2021-06-10 09:30:00,NSE:BOSCHLTD,15897.0,16005.0,15897.0,15963.0,4701.0
2021-06-10 09:35:00,NSE:BOSCHLTD,15974.8,15982.95,15932.65,15956.85,487.0
2021-06-10 09:40:00,NSE:BOSCHLTD,15921.0,15946.1,15900.0,15936.0,640.0
2021-06-10 09:45:00,NSE:BOSCHLTD,15936.0,15973.5,15936.0,15940.0,228.0
2021-06-10 09:50:00,NSE:BOSCHLTD,15937.5,15950.9,15865.45,15898.0,1541.0
2021-06-10 09:55:00,NSE:BOSCHLTD,15898.0,15905.45,15866.5,15887.45,319.0
2021-06-10 10:00:00,NSE:BOSCHLTD,15887.45,15887.5,15850.0,15864.95,863.0
2021-06-10 10:05:00,NSE:BOSCHLTD,15860.0,15870.0,15850.0,15868.5,199.0
2021-06-10 10:10:00,NSE:BOSCHLTD,15870.0,15875.0,15859.5,15874.0,367.0
2021-06-10 10:15:00,NSE:BOSCHLTD,15868.5,15896.0,15860.0,15860.0,220.0
2021-06-10 10:20:00,NSE:BOSCHLTD,15850.95,15880.0,15850.0,15880.0,181.0
2021-06-10 10:25:00,NSE:BOSCHLTD,15871.55,15884.75,15865.05,15879.0,86.0
2021-06-10 10:30:00,NSE:BOSCHLTD,15881.8,15883.1,15865.5,15870.0,29.0
2021-06-10 10:35:00,NSE:BOSCHLTD,15874.45,15890.0,15864.55,15890.0,268.0
2021-06-10 10:40:00,NSE:BOSCHLTD,15879.0,15896.45,15879.0,15896.45,82.0
2021-06-10 10:45:00,NSE:BOSCHLTD,15895.0,15918.0,15892.7,15909.0,232.0
2021-06-10 10:50:00,NSE:BOSCHLTD,15909.0,15918.05,15898.65,15916.85,158.0
2021-06-10 10:55:00,NSE:BOSCHLTD,15900.05,15965.5,15900.0,15950.0,1106.0
2021-06-10 11:00:00,NSE:BOSCHLTD,15950.0,15954.95,15909.05,15909.05,145.0
2021-06-10 11:05:00,NSE:BOSCHLTD,15910.1,15918.0,15874.5,15877.1,527.0
2021-06-10 11:10:00,NSE:BOSCHLTD,15880.5,15888.0,15800.0,15820.0,1375.0
2021-06-10 11:15:00,NSE:BOSCHLTD,15840.05,15865.5,15708.15,15743.5,2709.0
2021-06-10 11:20:00,NSE:BOSCHLTD,15740.0,15782.6,15740.0,15768.05,344.0
2021-06-10 11:25:00,NSE:BOSCHLTD,15780.0,15800.0,15769.5,15774.45,452.0
2021-06-10 11:30:00,NSE:BOSCHLTD,15780.0,15800.0,15780.0,15785.0,176.0
2021-06-10 11:35:00,NSE:BOSCHLTD,15796.5,15800.0,15788.3,15790.0,53.0
2021-06-10 11:40:00,NSE:BOSCHLTD,15800.0,15800.0,15779.0,15799.85,138.0
2021-06-10 11:45:00,NSE:BOSCHLTD,15790.0,15798.55,15780.05,15785.2,144.0
2021-06-10 11:50:00,NSE:BOSCHLTD,15783.15,15799.8,15758.0,15780.0,115.0
2021-06-10 11:55:00,NSE:BOSCHLTD,15780.15,15793.9,15774.0,15793.9,97.0
2021-06-10 12:00:00,NSE:BOSCHLTD,15781.5,15794.75,15781.5,15791.95,53.0
2021-06-10 12:05:00,NSE:BOSCHLTD,15780.05,15810.0,15780.05,15801.0,247.0
2021-06-10 12:10:00,NSE:BOSCHLTD,15808.15,15840.0,15806.95,15822.85,257.0
2021-06-10 12:15:00,NSE:BOSCHLTD,15833.45,15874.0,15833.45,15874.0,262.0
2021-06-10 12:20:00,NSE:BOSCHLTD,15873.95,15873.95,15800.0,15806.0,420.0
2021-06-10 12:25:00,NSE:BOSCHLTD,15810.0,15819.0,15780.0,15780.0,225.0
2021-06-10 12:30:00,NSE:BOSCHLTD,15778.5,15803.0,15778.5,15799.5,116.0
2021-06-10 12:35:00,NSE:BOSCHLTD,15802.9,15818.85,15791.5,15818.85,144.0
2021-06-10 12:40:00,NSE:BOSCHLTD,15813.0,15830.0,15781.5,15791.95,126.0
2021-06-10 12:45:00,NSE:BOSCHLTD,15796.35,15799.65,15756.4,15765.6,478.0
2021-06-10 12:50:00,NSE:BOSCHLTD,15783.0,15783.0,15700.0,15745.0,1501.0
2021-06-10 12:55:00,NSE:BOSCHLTD,15745.1,15778.5,15745.1,15764.85,111.0
2021-06-10 13:00:00,NSE:BOSCHLTD,15754.5,15780.0,15753.15,15772.5,95.0
2021-06-10 13:05:00,NSE:BOSCHLTD,15789.0,15802.0,15763.0,15772.7,212.0
2021-06-10 13:10:00,NSE:BOSCHLTD,15772.2,15800.0,15771.0,15780.45,99.0
2021-06-10 13:15:00,NSE:BOSCHLTD,15799.95,15820.0,15780.85,15802.5,377.0
2021-06-10 13:20:00,NSE:BOSCHLTD,15819.0,15820.0,15793.65,15805.0,97.0
2021-06-10 13:25:00,NSE:BOSCHLTD,15804.0,15805.0,15761.0,15771.0,200.0
2021-06-10 13:30:00,NSE:BOSCHLTD,15758.25,15799.0,15758.25,15799.0,111.0
2021-06-10 13:35:00,NSE:BOSCHLTD,15799.0,15799.0,15758.0,15766.45,208.0
2021-06-10 13:40:00,NSE:BOSCHLTD,15755.4,15780.0,15753.05,15760.0,164.0
2021-06-10 13:45:00,NSE:BOSCHLTD,15760.0,15786.7,15750.0,15776.05,212.0
2021-06-10 13:50:00,NSE:BOSCHLTD,15775.05,15783.0,15758.85,15768.15,73.0
2021-06-10 13:55:00,NSE:BOSCHLTD,15777.0,15780.8,15739.0,15739.0,276.0
2021-06-10 14:00:00,NSE:BOSCHLTD,15749.1,15749.65,15662.1,15727.6,698.0
2021-06-10 14:05:00,NSE:BOSCHLTD,15736.65,15739.55,15632.0,15649.95,1410.0
2021-06-10 14:10:00,NSE:BOSCHLTD,15650.0,15725.0,15650.0,15705.05,243.0
2021-06-10 14:15:00,NSE:BOSCHLTD,15712.5,15725.0,15690.0,15725.0,598.0
2021-06-10 14:20:00,NSE:BOSCHLTD,15716.95,15725.0,15697.0,15706.55,270.0
2021-06-10 14:25:00,NSE:BOSCHLTD,15706.55,15718.0,15658.5,15675.05,418.0
2021-06-10 14:30:00,NSE:BOSCHLTD,15681.0,15700.0,15675.0,15685.45,175.0
2021-06-10 14:35:00,NSE:BOSCHLTD,15711.2,15715.0,15692.2,15705.05,174.0
2021-06-10 14:40:00,NSE:BOSCHLTD,15715.0,15715.0,15702.0,15702.0,86.0
2021-06-10 14:45:00,NSE:BOSCHLTD,15714.0,15715.0,15689.0,15693.0,87.0
2021-06-10 14:50:00,NSE:BOSCHLTD,15681.05,15725.0,15672.35,15725.0,214.0
2021-06-10 14:55:00,NSE:BOSCHLTD,15730.0,15749.0,15650.0,15686.9,1342.0
2021-06-10 15:00:00,NSE:BOSCHLTD,15686.9,15814.6,15684.0,15800.0,3174.0
2021-06-10 15:05:00,NSE:BOSCHLTD,15793.05,15836.55,15776.35,15836.0,1515.0
2021-06-10 15:10:00,NSE:BOSCHLTD,15836.0,15838.65,15800.0,15816.0,890.0
2021-06-10 15:15:00,NSE:BOSCHLTD,15806.05,15830.0,15780.9,15780.9,865.0
2021-06-10 15:20:00,NSE:BOSCHLTD,15790.0,15794.9,15750.0,15783.9,737.0
2021-06-10 15:25:00,NSE:BOSCHLTD,15780.0,15838.0,15760.0,15838.0,932.0
2021-06-10 15:40:00,NSE:BOSCHLTD,15786.6,15786.6,15786.6,15786.6,5.0
2021-06-11 09:05:00,NSE:BOSCHLTD,15940.0,15940.0,15940.0,15940.0,153.0
2021-06-11 09:15:00,NSE:BOSCHLTD,15940.0,15993.35,15853.0,15980.0,2960.0
2021-06-11 09:20:00,NSE:BOSCHLTD,15962.5,15971.45,15907.25,15912.25,742.0
2021-06-11 09:25:00,NSE:BOSCHLTD,15920.95,15920.95,15853.3,15898.95,433.0
2021-06-11 09:30:00,NSE:BOSCHLTD,15910.7,15917.0,15811.2,15856.95,1113.0
2021-06-11 09:35:00,NSE:BOSCHLTD,15856.5,15971.45,15856.5,15932.45,1244.0
2021-06-11 09:40:00,NSE:BOSCHLTD,15943.35,15953.2,15930.0,15932.2,610.0
2021-06-11 09:45:00,NSE:BOSCHLTD,15946.0,15960.0,15930.15,15946.2,508.0
2021-06-11 09:50:00,NSE:BOSCHLTD,15965.15,15988.0,15946.5,15981.15,1383.0
2021-06-11 09:55:00,NSE:BOSCHLTD,15985.0,15999.0,15972.3,15980.0,1302.0
2021-06-11 10:00:00,NSE:BOSCHLTD,15980.0,16029.1,15952.9,16006.35,2001.0
2021-06-11 10:05:00,NSE:BOSCHLTD,16014.3,16014.55,15977.9,15988.95,305.0
2021-06-11 10:10:00,NSE:BOSCHLTD,15988.95,15990.7,15967.0,15967.0,502.0
2021-06-11 10:15:00,NSE:BOSCHLTD,15978.85,15979.0,15946.05,15956.75,444.0
2021-06-11 10:20:00,NSE:BOSCHLTD,15972.95,16000.0,15972.5,15980.0,432.0
2021-06-11 10:25:00,NSE:BOSCHLTD,15986.6,16000.0,15954.1,15955.55,549.0
2021-06-11 10:30:00,NSE:BOSCHLTD,15973.8,15998.65,15957.4,15962.5,304.0
2021-06-11 10:35:00,NSE:BOSCHLTD,15977.65,15999.0,15977.65,15980.05,221.0
2021-06-11 10:40:00,NSE:BOSCHLTD,15993.9,16000.0,15977.85,15990.2,415.0
2021-06-11 10:45:00,NSE:BOSCHLTD,15983.15,15988.15,15956.0,15970.35,692.0
2021-06-11 10:50:00,NSE:BOSCHLTD,15971.95,15977.95,15948.3,15974.95,425.0
2021-06-11 10:55:00,NSE:BOSCHLTD,15963.2,15974.95,15940.0,15967.75,417.0
2021-06-11 11:00:00,NSE:BOSCHLTD,15967.75,15979.85,15940.0,15950.85,471.0
2021-06-11 11:05:00,NSE:BOSCHLTD,15950.0,15959.6,15942.5,15955.8,131.0
2021-06-11 11:10:00,NSE:BOSCHLTD,15954.95,15955.0,15935.0,15935.0,161.0
2021-06-11 11:15:00,NSE:BOSCHLTD,15947.3,15949.0,15900.05,15919.0,449.0
2021-06-11 11:20:00,NSE:BOSCHLTD,15918.9,15929.8,15910.65,15929.0,237.0
2021-06-11 11:25:00,NSE:BOSCHLTD,15929.0,15930.0,15900.0,15900.0,509.0
2021-06-11 11:30:00,NSE:BOSCHLTD,15909.0,15910.0,15890.0,15890.0,357.0
2021-06-11 11:35:00,NSE:BOSCHLTD,15899.95,15909.85,15876.7,15909.0,396.0
2021-06-11 11:40:00,NSE:BOSCHLTD,15908.95,15909.0,15880.0,15880.0,222.0
2021-06-11 11:45:00,NSE:BOSCHLTD,15880.0,15890.1,15875.0,15888.0,174.0
2021-06-11 11:50:00,NSE:BOSCHLTD,15889.0,15899.85,15878.4,15899.85,257.0
2021-06-11 11:55:00,NSE:BOSCHLTD,15899.95,15899.95,15870.0,15881.1,535.0
2021-06-11 12:00:00,NSE:BOSCHLTD,15883.05,15890.0,15881.0,15890.0,171.0
2021-06-11 12:05:00,NSE:BOSCHLTD,15882.05,15899.95,15880.4,15899.95,112.0
2021-06-11 12:10:00,NSE:BOSCHLTD,15899.8,15899.95,15852.05,15863.05,427.0
2021-06-11 12:15:00,NSE:BOSCHLTD,15853.05,15874.7,15850.1,15850.1,312.0
2021-06-11 12:20:00,NSE:BOSCHLTD,15850.0,15875.0,15850.0,15875.0,115.0
2021-06-11 12:25:00,NSE:BOSCHLTD,15874.9,15900.0,15866.1,15900.0,436.0
2021-06-11 12:30:00,NSE:BOSCHLTD,15900.0,15930.0,15893.1,15912.1,208.0
2021-06-11 12:35:00,NSE:BOSCHLTD,15907.95,15926.0,15904.55,15913.0,161.0
2021-06-11 12:40:00,NSE:BOSCHLTD,15925.0,15960.0,15913.7,15959.0,394.0
2021-06-11 12:45:00,NSE:BOSCHLTD,15959.0,15975.0,15940.05,15940.05,217.0
2021-06-11 12:50:00,NSE:BOSCHLTD,15945.0,15959.9,15945.0,15955.0,203.0
2021-06-11 12:55:00,NSE:BOSCHLTD,15945.6,15957.0,15945.6,15949.55,243.0
2021-06-11 13:00:00,NSE:BOSCHLTD,15960.0,15960.0,15920.4,15920.4,444.0
2021-06-11 13:05:00,NSE:BOSCHLTD,15933.0,15954.95,15920.0,15947.6,121.0
2021-06-11 13:10:00,NSE:BOSCHLTD,15945.05,15960.0,15937.55,15949.55,130.0
2021-06-11 13:15:00,NSE:BOSCHLTD,15956.4,15960.0,15944.0,15960.0,111.0
2021-06-11 13:20:00,NSE:BOSCHLTD,15960.0,15960.0,15920.0,15934.75,159.0
2021-06-11 13:25:00,NSE:BOSCHLTD,15920.0,15933.9,15899.95,15910.05,558.0
2021-06-11 13:30:00,NSE:BOSCHLTD,15899.95,15929.3,15879.55,15929.3,264.0
2021-06-11 13:35:00,NSE:BOSCHLTD,15917.25,15934.65,15915.9,15931.7,171.0
2021-06-11 13:40:00,NSE:BOSCHLTD,15917.3,15950.0,15915.6,15940.0,102.0
2021-06-11 13:45:00,NSE:BOSCHLTD,15940.0,15941.85,15924.7,15941.85,49.0
2021-06-11 13:50:00,NSE:BOSCHLTD,15939.9,15939.9,15920.0,15920.0,73.0
2021-06-11 13:55:00,NSE:BOSCHLTD,15920.2,15940.0,15920.0,15937.75,52.0
2021-06-11 14:00:00,NSE:BOSCHLTD,15935.4,15939.5,15929.1,15938.0,26.0
2021-06-11 14:05:00,NSE:BOSCHLTD,15928.05,15940.0,15925.15,15938.7,90.0
2021-06-11 14:10:00,NSE:BOSCHLTD,15924.25,15937.35,15921.15,15932.3,32.0
2021-06-11 14:15:00,NSE:BOSCHLTD,15932.3,15932.5,15921.0,15921.0,57.0
2021-06-11 14:20:00,NSE:BOSCHLTD,15919.0,15921.75,15910.65,15910.65,57.0
2021-06-11 14:25:00,NSE:BOSCHLTD,15915.0,15932.0,15910.05,15932.0,73.0
2021-06-11 14:30:00,NSE:BOSCHLTD,15923.5,15950.0,15921.55,15945.0,285.0
2021-06-11 14:35:00,NSE:BOSCHLTD,15950.0,15980.0,15936.55,15955.2,667.0
2021-06-11 14:40:00,NSE:BOSCHLTD,15959.2,15980.0,15938.35,15940.45,490.0
2021-06-11 14:45:00,NSE:BOSCHLTD,15944.55,15967.0,15930.4,15964.9,257.0
2021-06-11 14:50:00,NSE:BOSCHLTD,15964.9,15971.9,15930.4,15930.4,472.0
2021-06-11 14:55:00,NSE:BOSCHLTD,15930.4,15960.95,15930.4,15940.0,507.0
2021-06-11 15:00:00,NSE:BOSCHLTD,15937.05,15968.95,15914.6,15948.0,1150.0
2021-06-11 15:05:00,NSE:BOSCHLTD,15940.0,15960.0,15937.25,15937.25,435.0
2021-06-11 15:10:00,NSE:BOSCHLTD,15937.1,15944.25,15920.0,15929.9,1022.0
2021-06-11 15:15:00,NSE:BOSCHLTD,15929.85,15939.25,15882.5,15901.3,1776.0
2021-06-11 15:20:00,NSE:BOSCHLTD,15901.65,15934.8,15890.0,15903.1,430.0
2021-06-11 15:25:00,NSE:BOSCHLTD,15891.4,15899.0,15860.75,15899.0,434.0
2021-06-11 15:30:00,NSE:BOSCHLTD,15899.0,15899.0,15899.0,15899.0,3.0
2021-06-11 15:40:00,NSE:BOSCHLTD,15919.25,15919.25,15899.0,15899.0,11.0
2021-06-14 09:05:00,NSE:BOSCHLTD,15950.0,15950.0,15950.0,15950.0,84.0
2021-06-14 09:15:00,NSE:BOSCHLTD,15950.0,15950.0,15811.2,15819.3,1176.0
2021-06-14 09:20:00,NSE:BOSCHLTD,15825.0,15836.45,15790.4,15812.25,864.0
2021-06-14 09:25:00,NSE:BOSCHLTD,15809.95,15809.95,15715.0,15730.0,1351.0
2021-06-14 09:30:00,NSE:BOSCHLTD,15724.9,15742.5,15554.3,15622.4,3484.0
2021-06-14 09:35:00,NSE:BOSCHLTD,15640.7,15739.25,15634.5,15718.45,1305.0
2021-06-14 09:40:00,NSE:BOSCHLTD,15706.55,15731.2,15689.95,15725.0,410.0
2021-06-14 09:45:00,NSE:BOSCHLTD,15713.35,15740.0,15693.2,15710.0,751.0
2021-06-14 09:50:00,NSE:BOSCHLTD,15710.0,15740.0,15692.5,15739.1,380.0
2021-06-14 09:55:00,NSE:BOSCHLTD,15742.1,15760.0,15721.0,15746.95,1207.0
2021-06-14 10:00:00,NSE:BOSCHLTD,15748.1,15774.8,15721.0,15739.45,468.0
2021-06-14 10:05:00,NSE:BOSCHLTD,15743.4,15750.0,15720.0,15735.4,481.0
2021-06-14 10:10:00,NSE:BOSCHLTD,15745.0,15786.1,15729.55,15773.0,313.0
2021-06-14 10:15:00,NSE:BOSCHLTD,15780.0,15809.9,15759.05,15792.7,258.0
2021-06-14 10:20:00,NSE:BOSCHLTD,15785.0,15834.0,15781.55,15785.0,1306.0
2021-06-14 10:25:00,NSE:BOSCHLTD,15785.0,15817.9,15785.0,15807.6,238.0
2021-06-14 10:30:00,NSE:BOSCHLTD,15807.6,15825.65,15799.95,15824.45,265.0
2021-06-14 10:35:00,NSE:BOSCHLTD,15824.4,15832.95,15820.05,15820.05,142.0
2021-06-14 10:40:00,NSE:BOSCHLTD,15827.45,15853.9,15818.55,15853.9,471.0
2021-06-14 10:45:00,NSE:BOSCHLTD,15853.85,15860.0,15841.1,15846.85,323.0
2021-06-14 10:50:00,NSE:BOSCHLTD,15843.6,15860.0,15836.8,15836.8,166.0
2021-06-14 10:55:00,NSE:BOSCHLTD,15837.7,15880.0,15815.95,15829.65,903.0
2021-06-14 11:00:00,NSE:BOSCHLTD,15831.25,15840.0,15814.45,15834.95,503.0
2021-06-14 11:05:00,NSE:BOSCHLTD,15833.0,15833.55,15803.5,15820.0,383.0
2021-06-14 11:10:00,NSE:BOSCHLTD,15829.25,15894.65,15829.25,15843.1,2317.0
2021-06-14 11:15:00,NSE:BOSCHLTD,15858.45,15865.5,15831.3,15835.25,321.0
2021-06-14 11:20:00,NSE:BOSCHLTD,15828.7,15830.0,15812.35,15815.9,68.0
2021-06-14 11:25:00,NSE:BOSCHLTD,15812.55,15837.95,15812.55,15837.95,56.0
2021-06-14 11:30:00,NSE:BOSCHLTD,15837.95,15845.9,15827.85,15830.0,74.0
2021-06-14 11:35:00,NSE:BOSCHLTD,15830.0,15834.95,15822.05,15825.45,37.0
2021-06-14 11:40:00,NSE:BOSCHLTD,15829.95,15847.65,15825.45,15836.9,45.0
2021-06-14 11:45:00,NSE:BOSCHLTD,15836.9,15849.95,15836.9,15849.95,30.0
2021-06-14 11:50:00,NSE:BOSCHLTD,15849.95,15855.0,15841.7,15853.55,40.0
2021-06-14 11:55:00,NSE:BOSCHLTD,15853.55,15874.5,15853.55,15869.95,99.0
2021-06-14 12:00:00,NSE:BOSCHLTD,15861.5,15879.95,15859.95,15865.0,175.0
2021-06-14 12:05:00,NSE:BOSCHLTD,15865.0,15870.0,15850.0,15859.95,124.0
2021-06-14 12:10:00,NSE:BOSCHLTD,15867.65,15869.85,15858.6,15868.3,26.0
2021-06-14 12:15:00,NSE:BOSCHLTD,15867.65,15869.9,15850.0,15850.0,67.0
2021-06-14 12:20:00,NSE:BOSCHLTD,15853.85,15879.7,15853.85,15874.4,86.0
2021-06-14 12:25:00,NSE:BOSCHLTD,15875.0,15882.7,15865.1,15878.4,63.0
2021-06-14 12:30:00,NSE:BOSCHLTD,15877.0,15880.0,15862.05,15879.95,79.0
2021-06-14 12:35:00,NSE:BOSCHLTD,15879.95,15880.0,15872.9,15880.0,31.0
2021-06-14 12:40:00,NSE:BOSCHLTD,15880.4,15899.0,15880.15,15883.0,197.0
2021-06-14 12:45:00,NSE:BOSCHLTD,15883.0,15893.0,15881.45,15881.45,40.0
2021-06-14 12:50:00,NSE:BOSCHLTD,15882.0,15892.85,15881.45,15892.85,85.0
2021-06-14 12:55:00,NSE:BOSCHLTD,15891.05,15895.95,15882.05,15895.95,282.0
2021-06-14 13:00:00,NSE:BOSCHLTD,15895.9,15899.2,15885.1,15895.0,254.0
2021-06-14 13:05:00,NSE:BOSCHLTD,15895.0,15895.0,15878.85,15894.0,291.0
2021-06-14 13:10:00,NSE:BOSCHLTD,15894.0,15894.0,15843.0,15858.0,360.0
2021-06-14 13:15:00,NSE:BOSCHLTD,15841.0,15860.0,15831.6,15842.85,198.0
2021-06-14 13:20:00,NSE:BOSCHLTD,15833.1,15937.9,15833.1,15912.8,743.0
2021-06-14 13:25:00,NSE:BOSCHLTD,15908.9,15915.35,15867.1,15896.5,298.0
2021-06-14 13:30:00,NSE:BOSCHLTD,15886.5,15902.7,15868.75,15890.35,226.0
2021-06-14 13:35:00,NSE:BOSCHLTD,15902.05,15902.05,15871.1,15885.15,217.0
2021-06-14 13:40:00,NSE:BOSCHLTD,15895.0,15895.65,15877.5,15893.6,167.0
2021-06-14 13:45:00,NSE:BOSCHLTD,15880.5,15895.8,15869.15,15891.45,285.0
2021-06-14 13:50:00,NSE:BOSCHLTD,15882.75,15906.0,15877.5,15895.0,307.0
2021-06-14 13:55:00,NSE:BOSCHLTD,15895.0,15902.9,15855.55,15865.0,183.0
2021-06-14 14:00:00,NSE:BOSCHLTD,15867.65,15867.65,15849.95,15850.05,113.0
2021-06-14 14:05:00,NSE:BOSCHLTD,15850.0,15859.95,15850.0,15858.55,64.0
2021-06-14 14:10:00,NSE:BOSCHLTD,15858.55,15867.95,15850.0,15860.3,193.0
2021-06-14 14:15:00,NSE:BOSCHLTD,15860.0,15895.0,15851.0,15894.0,121.0
2021-06-14 14:20:00,NSE:BOSCHLTD,15883.6,15893.1,15871.5,15890.95,37.0
2021-06-14 14:25:00,NSE:BOSCHLTD,15894.0,15894.0,15868.85,15879.55,56.0
2021-06-14 14:30:00,NSE:BOSCHLTD,15879.2,15889.0,15851.0,15887.9,343.0
2021-06-14 14:35:00,NSE:BOSCHLTD,15887.8,15910.0,15870.0,15893.35,414.0
2021-06-14 14:40:00,NSE:BOSCHLTD,15908.1,15945.1,15903.25,15943.0,497.0
2021-06-14 14:45:00,NSE:BOSCHLTD,15943.0,15945.9,15928.75,15937.25,544.0
2021-06-14 14:50:00,NSE:BOSCHLTD,15964.1,15970.0,15884.95,15884.95,1940.0
2021-06-14 14:55:00,NSE:BOSCHLTD,15880.0,15899.95,15867.25,15883.5,258.0
2021-06-14 15:00:00,NSE:BOSCHLTD,15882.8,15892.05,15860.0,15860.0,246.0
2021-06-14 15:05:00,NSE:BOSCHLTD,15866.65,15949.85,15860.0,15935.55,533.0
2021-06-14 15:10:00,NSE:BOSCHLTD,15946.45,15946.45,15890.3,15900.0,568.0
2021-06-14 15:15:00,NSE:BOSCHLTD,15901.0,15909.7,15875.0,15880.0,1035.0
2021-06-14 15:20:00,NSE:BOSCHLTD,15880.0,15974.95,15864.65,15973.2,1231.0
2021-06-14 15:25:00,NSE:BOSCHLTD,15975.0,15981.0,15900.05,15924.9,693.0
2021-06-14 15:40:00,NSE:BOSCHLTD,15914.6,15914.6,15914.6,15914.6,2.0
2021-06-15 09:05:00,NSE:BOSCHLTD,15999.0,15999.0,15999.0,15999.0,30.0
2021-06-15 09:15:00,NSE:BOSCHLTD,15997.8,16069.95,15371.25,16006.3,4004.0
2021-06-15 09:20:00,NSE:BOSCHLTD,16000.0,16005.85,15950.0,15979.2,690.0
2021-06-15 09:25:00,NSE:BOSCHLTD,15979.25,16000.0,15979.25,15982.1,265.0
2021-06-15 09:30:00,NSE:BOSCHLTD,15983.0,15998.55,15975.15,15991.45,84.0
2021-06-15 09:35:00,NSE:BOSCHLTD,15987.6,15989.9,15956.15,15958.0,234.0
2021-06-15 09:40:00,NSE:BOSCHLTD,15951.0,15979.0,15919.9,15966.55,892.0
2021-06-15 09:45:00,NSE:BOSCHLTD,15966.7,15975.7,15930.0,15930.0,159.0
2021-06-15 09:50:00,NSE:BOSCHLTD,15930.65,15952.3,15900.0,15908.35,453.0
2021-06-15 09:55:00,NSE:BOSCHLTD,15900.0,15924.5,15900.0,15922.0,140.0
2021-06-15 10:00:00,NSE:BOSCHLTD,15910.0,15922.0,15907.0,15910.0,107.0
2021-06-15 10:05:00,NSE:BOSCHLTD,15902.1,15930.0,15870.0,15930.0,746.0
2021-06-15 10:10:00,NSE:BOSCHLTD,15921.0,15978.55,15915.3,15949.95,269.0
2021-06-15 10:15:00,NSE:BOSCHLTD,15945.9,15957.6,15932.05,15935.8,165.0
2021-06-15 10:20:00,NSE:BOSCHLTD,15948.9,15948.9,15927.0,15934.45,165.0
2021-06-15 10:25:00,NSE:BOSCHLTD,15920.0,15928.65,15910.2,15920.8,160.0
2021-06-15 10:30:00,NSE:BOSCHLTD,15910.2,15926.95,15905.0,15911.95,167.0
2021-06-15 10:35:00,NSE:BOSCHLTD,15918.2,15923.25,15906.5,15910.25,67.0
2021-06-15 10:40:00,NSE:BOSCHLTD,15912.3,15915.0,15908.0,15910.25,27.0
2021-06-15 10:45:00,NSE:BOSCHLTD,15910.25,15921.3,15910.25,15912.0,26.0
2021-06-15 10:50:00,NSE:BOSCHLTD,15920.0,15924.6,15911.1,15911.1,54.0
2021-06-15 10:55:00,NSE:BOSCHLTD,15917.4,15919.9,15911.0,15911.0,26.0
2021-06-15 11:00:00,NSE:BOSCHLTD,15911.0,15940.0,15911.0,15929.15,642.0
2021-06-15 11:05:00,NSE:BOSCHLTD,15937.35,15947.0,15927.05,15947.0,123.0
2021-06-15 11:10:00,NSE:BOSCHLTD,15949.0,15949.0,15902.5,15909.55,201.0
2021-06-15 11:15:00,NSE:BOSCHLTD,15902.5,15920.0,15878.25,15920.0,271.0
2021-06-15 11:20:00,NSE:BOSCHLTD,15919.9,15920.0,15904.35,15904.35,24.0
2021-06-15 11:25:00,NSE:BOSCHLTD,15907.0,15915.9,15890.05,15890.05,106.0
2021-06-15 11:30:00,NSE:BOSCHLTD,15900.0,15903.15,15890.0,15901.9,33.0
2021-06-15 11:35:00,NSE:BOSCHLTD,15891.05,15920.05,15891.05,15904.0,70.0
2021-06-15 11:40:00,NSE:BOSCHLTD,15919.05,15922.75,15905.15,15913.45,61.0
2021-06-15 11:45:00,NSE:BOSCHLTD,15922.0,15928.95,15910.05,15911.0,61.0
2021-06-15 11:50:00,NSE:BOSCHLTD,15911.0,15930.65,15911.0,15917.55,136.0
2021-06-15 11:55:00,NSE:BOSCHLTD,15924.8,15924.8,15904.1,15916.1,105.0
2021-06-15 12:00:00,NSE:BOSCHLTD,15905.3,15914.95,15895.0,15914.95,212.0
2021-06-15 12:05:00,NSE:BOSCHLTD,15914.95,15922.0,15909.6,15910.0,167.0
2021-06-15 12:10:00,NSE:BOSCHLTD,15910.0,15924.0,15910.0,15923.95,213.0
2021-06-15 12:15:00,NSE:BOSCHLTD,15911.0,15925.0,15905.0,15913.8,179.0
2021-06-15 12:20:00,NSE:BOSCHLTD,15913.5,15925.9,15905.05,15921.95,28.0
2021-06-15 12:25:00,NSE:BOSCHLTD,15920.95,15920.95,15908.7,15911.1,86.0
2021-06-15 12:30:00,NSE:BOSCHLTD,15910.35,15913.5,15900.0,15911.45,117.0
2021-06-15 12:35:00,NSE:BOSCHLTD,15911.45,15917.4,15902.2,15916.25,34.0
2021-06-15 12:40:00,NSE:BOSCHLTD,15916.25,15922.0,15905.8,15907.0,54.0
2021-06-15 12:45:00,NSE:BOSCHLTD,15919.0,15923.0,15909.0,15923.0,53.0
2021-06-15 12:50:00,NSE:BOSCHLTD,15909.05,15942.9,15909.05,15942.9,81.0
2021-06-15 12:55:00,NSE:BOSCHLTD,15930.35,15947.0,15930.35,15945.0,87.0
2021-06-15 13:00:00,NSE:BOSCHLTD,15944.25,15945.0,15930.15,15942.35,85.0
2021-06-15 13:05:00,NSE:BOSCHLTD,15940.0,15965.0,15931.0,15946.4,495.0
2021-06-15 13:10:00,NSE:BOSCHLTD,15958.3,15958.3,15941.95,15942.0,37.0
2021-06-15 13:15:00,NSE:BOSCHLTD,15942.0,15955.0,15941.95,15945.0,100.0
2021-06-15 13:20:00,NSE:BOSCHLTD,15954.8,15955.0,15927.2,15941.2,128.0
2021-06-15 13:25:00,NSE:BOSCHLTD,15939.1,15954.0,15927.8,15951.2,209.0
2021-06-15 13:30:00,NSE:BOSCHLTD,15938.45,15949.9,15920.85,15920.85,190.0
2021-06-15 13:35:00,NSE:BOSCHLTD,15921.7,15921.7,15880.05,15895.0,310.0
2021-06-15 13:40:00,NSE:BOSCHLTD,15905.0,15914.4,15895.0,15903.3,93.0
2021-06-15 13:45:00,NSE:BOSCHLTD,15895.0,15899.4,15880.0,15881.25,99.0
2021-06-15 13:50:00,NSE:BOSCHLTD,15893.45,15899.9,15880.0,15890.05,116.0
2021-06-15 13:55:00,NSE:BOSCHLTD,15899.7,15920.1,15890.05,15895.5,119.0
2021-06-15 14:00:00,NSE:BOSCHLTD,15905.8,15918.15,15905.8,15918.15,16.0
2021-06-15 14:05:00,NSE:BOSCHLTD,15918.15,15918.15,15906.2,15906.2,11.0
2021-06-15 14:10:00,NSE:BOSCHLTD,15906.1,15920.0,15897.75,15920.0,124.0
2021-06-15 14:15:00,NSE:BOSCHLTD,15918.9,15925.0,15905.05,15920.3,76.0
2021-06-15 14:20:00,NSE:BOSCHLTD,15906.45,15925.0,15906.45,15924.9,55.0
2021-06-15 14:25:00,NSE:BOSCHLTD,15923.95,15923.95,15903.55,15905.6,63.0
2021-06-15 14:30:00,NSE:BOSCHLTD,15916.0,15917.0,15896.0,15896.0,130.0
2021-06-15 14:35:00,NSE:BOSCHLTD,15900.0,15902.85,15891.0,15891.05,65.0
2021-06-15 14:40:00,NSE:BOSCHLTD,15899.65,15899.9,15864.55,15868.6,403.0
2021-06-15 14:45:00,NSE:BOSCHLTD,15883.05,15889.95,15860.0,15882.9,220.0
2021-06-15 14:50:00,NSE:BOSCHLTD,15863.3,15885.0,15863.3,15879.15,232.0
2021-06-15 14:55:00,NSE:BOSCHLTD,15883.1,15890.0,15871.0,15890.0,44.0
2021-06-15 15:00:00,NSE:BOSCHLTD,15884.65,15900.0,15879.45,15890.0,98.0
2021-06-15 15:05:00,NSE:BOSCHLTD,15876.25,15887.0,15845.05,15847.6,269.0
2021-06-15 15:10:00,NSE:BOSCHLTD,15859.0,15870.0,15855.1,15869.4,315.0
2021-06-15 15:15:00,NSE:BOSCHLTD,15869.4,15869.4,15836.0,15850.0,427.0
2021-06-15 15:20:00,NSE:BOSCHLTD,15850.1,15870.0,15840.55,15862.0,823.0
2021-06-15 15:25:00,NSE:BOSCHLTD,15857.8,15868.95,15830.0,15850.95,234.0
2021-06-15 15:40:00,NSE:BOSCHLTD,15859.6,15859.6,15859.6,15859.6,7.0
2021-06-16 09:05:00,NSE:BOSCHLTD,15898.8,15898.8,15898.8,15898.8,16.0
2021-06-16 09:15:00,NSE:BOSCHLTD,15870.1,15932.55,15850.85,15877.7,1531.0
2021-06-16 09:20:00,NSE:BOSCHLTD,15885.75,15922.95,15863.8,15922.95,291.0
2021-06-16 09:25:00,NSE:BOSCHLTD,15922.9,15922.9,15873.75,15899.35,173.0
2021-06-16 09:30:00,NSE:BOSCHLTD,15899.35,15916.65,15888.05,15913.2,138.0
2021-06-16 09:35:00,NSE:BOSCHLTD,15902.0,15915.0,15900.0,15915.0,212.0
2021-06-16 09:40:00,NSE:BOSCHLTD,15915.0,15933.5,15851.1,15861.0,415.0
2021-06-16 09:45:00,NSE:BOSCHLTD,15851.25,15869.25,15801.0,15801.0,1626.0
2021-06-16 09:50:00,NSE:BOSCHLTD,15810.0,15827.7,15781.15,15825.5,646.0
2021-06-16 09:55:00,NSE:BOSCHLTD,15813.15,15855.3,15810.0,15833.2,82.0
2021-06-16 10:00:00,NSE:BOSCHLTD,15833.2,15873.35,15832.05,15850.0,433.0
2021-06-16 10:05:00,NSE:BOSCHLTD,15850.0,15883.45,15846.5,15859.0,583.0
2021-06-16 10:10:00,NSE:BOSCHLTD,15870.55,15870.55,15830.6,15841.7,55.0
2021-06-16 10:15:00,NSE:BOSCHLTD,15842.05,15866.7,15832.0,15837.6,270.0
2021-06-16 10:20:00,NSE:BOSCHLTD,15840.0,15840.0,15810.0,15825.2,140.0
2021-06-16 10:25:00,NSE:BOSCHLTD,15810.0,15825.0,15810.0,15815.05,44.0
2021-06-16 10:30:00,NSE:BOSCHLTD,15815.05,15846.05,15812.4,15829.05,101.0
2021-06-16 10:35:00,NSE:BOSCHLTD,15825.35,15830.95,15810.0,15813.35,123.0
2021-06-16 10:40:00,NSE:BOSCHLTD,15815.0,15837.7,15815.0,15816.6,71.0
2021-06-16 10:45:00,NSE:BOSCHLTD,15816.7,15829.45,15816.0,15816.0,55.0
2021-06-16 10:50:00,NSE:BOSCHLTD,15815.2,15819.95,15728.3,15766.75,624.0
2021-06-16 10:55:00,NSE:BOSCHLTD,15752.0,15762.9,15751.0,15755.0,147.0
2021-06-16 11:00:00,NSE:BOSCHLTD,15755.0,15818.85,15750.0,15818.85,424.0
2021-06-16 11:05:00,NSE:BOSCHLTD,15817.8,15836.8,15817.8,15826.25,414.0
2021-06-16 11:10:00,NSE:BOSCHLTD,15826.1,15829.95,15815.15,15820.0,56.0
2021-06-16 11:15:00,NSE:BOSCHLTD,15825.95,15825.95,15780.0,15795.0,99.0
2021-06-16 11:20:00,NSE:BOSCHLTD,15790.05,15823.65,15790.05,15809.0,97.0
2021-06-16 11:25:00,NSE:BOSCHLTD,15795.45,15813.0,15795.45,15795.6,46.0
2021-06-16 11:30:00,NSE:BOSCHLTD,15796.75,15819.9,15796.75,15819.55,77.0
2021-06-16 11:35:00,NSE:BOSCHLTD,15819.95,15819.95,15805.2,15805.2,25.0
2021-06-16 11:40:00,NSE:BOSCHLTD,15810.0,15812.9,15800.0,15800.0,36.0
2021-06-16 11:45:00,NSE:BOSCHLTD,15797.3,15800.7,15780.2,15780.2,85.0
2021-06-16 11:50:00,NSE:BOSCHLTD,15798.0,15825.0,15798.0,15803.45,468.0
2021-06-16 11:55:00,NSE:BOSCHLTD,15836.05,15895.0,15821.65,15874.05,1104.0
2021-06-16 12:00:00,NSE:BOSCHLTD,15895.1,15905.45,15879.2,15880.3,653.0
2021-06-16 12:05:00,NSE:BOSCHLTD,15880.0,15892.0,15854.8,15858.4,188.0
2021-06-16 12:10:00,NSE:BOSCHLTD,15852.0,15886.95,15852.0,15886.95,161.0
2021-06-16 12:15:00,NSE:BOSCHLTD,15891.6,15899.95,15876.25,15884.0,133.0
2021-06-16 12:20:00,NSE:BOSCHLTD,15882.4,15893.0,15882.0,15885.0,109.0
2021-06-16 12:25:00,NSE:BOSCHLTD,15882.0,15887.95,15870.0,15870.0,46.0
2021-06-16 12:30:00,NSE:BOSCHLTD,15870.0,15879.35,15861.05,15870.05,124.0
2021-06-16 12:35:00,NSE:BOSCHLTD,15870.05,15884.65,15844.6,15844.6,384.0
2021-06-16 12:40:00,NSE:BOSCHLTD,15832.8,15838.5,15804.65,15817.6,304.0
2021-06-16 12:45:00,NSE:BOSCHLTD,15817.6,15873.0,15805.0,15848.0,147.0
2021-06-16 12:50:00,NSE:BOSCHLTD,15855.0,15869.25,15848.0,15859.6,85.0
2021-06-16 12:55:00,NSE:BOSCHLTD,15848.05,15924.75,15844.8,15907.6,1434.0
2021-06-16 13:00:00,NSE:BOSCHLTD,15907.6,15930.0,15904.8,15908.1,404.0
2021-06-16 13:05:00,NSE:BOSCHLTD,15906.85,15930.0,15901.75,15928.5,335.0
2021-06-16 13:10:00,NSE:BOSCHLTD,15921.05,15921.05,15899.55,15899.95,267.0
2021-06-16 13:15:00,NSE:BOSCHLTD,15892.65,15915.0,15892.65,15911.4,89.0
2021-06-16 13:20:00,NSE:BOSCHLTD,15908.2,15908.65,15890.0,15890.95,235.0
2021-06-16 13:25:00,NSE:BOSCHLTD,15895.0,15914.0,15891.0,15914.0,137.0
2021-06-16 13:30:00,NSE:BOSCHLTD,15913.95,15942.45,15901.45,15940.1,591.0
2021-06-16 13:35:00,NSE:BOSCHLTD,15940.0,15941.0,15916.4,15916.4,196.0
2021-06-16 13:40:00,NSE:BOSCHLTD,15914.0,15915.0,15900.0,15902.2,154.0
2021-06-16 13:45:00,NSE:BOSCHLTD,15915.0,15924.0,15900.0,15912.0,138.0
2021-06-16 13:50:00,NSE:BOSCHLTD,15912.0,15920.0,15900.0,15906.1,46.0
2021-06-16 13:55:00,NSE:BOSCHLTD,15906.1,15919.05,15900.0,15900.0,65.0
2021-06-16 14:00:00,NSE:BOSCHLTD,15900.0,15900.0,15883.0,15883.0,117.0
2021-06-16 14:05:00,NSE:BOSCHLTD,15887.8,15907.8,15880.0,15886.35,101.0
2021-06-16 14:10:00,NSE:BOSCHLTD,15896.3,15906.0,15882.0,15889.75,88.0
2021-06-16 14:15:00,NSE:BOSCHLTD,15895.0,15896.85,15882.3,15882.3,33.0
2021-06-16 14:20:00,NSE:BOSCHLTD,15880.0,15900.0,15875.0,15900.0,127.0
2021-06-16 14:25:00,NSE:BOSCHLTD,15900.0,15908.1,15875.65,15878.9,141.0
2021-06-16 14:30:00,NSE:BOSCHLTD,15895.2,15895.2,15880.0,15889.9,24.0
2021-06-16 14:35:00,NSE:BOSCHLTD,15880.0,15888.55,15876.0,15880.0,46.0
2021-06-16 14:40:00,NSE:BOSCHLTD,15878.0,15878.0,15850.0,15850.3,393.0
2021-06-16 14:45:00,NSE:BOSCHLTD,15850.0,15884.3,15850.0,15884.3,68.0
2021-06-16 14:50:00,NSE:BOSCHLTD,15884.3,15884.3,15860.0,15861.05,29.0
2021-06-16 14:55:00,NSE:BOSCHLTD,15869.45,15884.95,15861.0,15879.9,78.0
2021-06-16 15:00:00,NSE:BOSCHLTD,15879.9,15879.9,15825.1,15860.0,844.0
2021-06-16 15:05:00,NSE:BOSCHLTD,15870.0,15880.0,15865.9,15875.85,148.0
2021-06-16 15:10:00,NSE:BOSCHLTD,15872.15,15894.95,15850.0,15850.0,682.0
2021-06-16 15:15:00,NSE:BOSCHLTD,15845.1,15847.75,15790.0,15790.0,752.0
2021-06-16 15:20:00,NSE:BOSCHLTD,15785.3,15835.7,15781.4,15829.55,860.0
2021-06-16 15:25:00,NSE:BOSCHLTD,15820.55,15839.95,15780.0,15839.95,538.0
2021-06-16 15:40:00,NSE:BOSCHLTD,15831.25,15831.25,15831.25,15831.25,15.0
2021-06-17 09:05:00,NSE:BOSCHLTD,15750.0,15750.0,15750.0,15750.0,51.0
2021-06-17 09:15:00,NSE:BOSCHLTD,15760.0,15760.0,15531.25,15638.45,3287.0
2021-06-17 09:20:00,NSE:BOSCHLTD,15625.1,15677.5,15614.95,15676.5,1169.0
2021-06-17 09:25:00,NSE:BOSCHLTD,15672.0,15700.0,15640.55,15685.5,666.0
2021-06-17 09:30:00,NSE:BOSCHLTD,15684.0,15698.95,15669.8,15671.95,509.0
2021-06-17 09:35:00,NSE:BOSCHLTD,15660.0,15693.5,15650.2,15690.0,504.0
2021-06-17 09:40:00,NSE:BOSCHLTD,15685.05,15693.55,15680.05,15692.55,223.0
2021-06-17 09:45:00,NSE:BOSCHLTD,15691.5,15707.2,15691.5,15706.5,341.0
2021-06-17 09:50:00,NSE:BOSCHLTD,15700.7,15749.4,15700.7,15730.0,508.0
2021-06-17 09:55:00,NSE:BOSCHLTD,15730.0,15747.7,15719.85,15747.7,175.0
2021-06-17 10:00:00,NSE:BOSCHLTD,15739.15,15767.15,15735.6,15742.8,527.0
2021-06-17 10:05:00,NSE:BOSCHLTD,15741.1,15757.7,15705.3,15727.0,334.0
2021-06-17 10:10:00,NSE:BOSCHLTD,15727.95,15759.75,15726.3,15738.4,188.0
2021-06-17 10:15:00,NSE:BOSCHLTD,15735.0,15743.0,15732.15,15734.0,50.0
2021-06-17 10:20:00,NSE:BOSCHLTD,15734.0,15734.0,15705.3,15734.0,456.0
2021-06-17 10:25:00,NSE:BOSCHLTD,15730.0,15746.6,15725.0,15734.15,70.0
2021-06-17 10:30:00,NSE:BOSCHLTD,15744.95,15744.95,15730.0,15733.5,37.0
2021-06-17 10:35:00,NSE:BOSCHLTD,15733.5,15745.0,15725.0,15738.0,298.0
2021-06-17 10:40:00,NSE:BOSCHLTD,15738.0,15740.0,15709.7,15720.0,235.0
2021-06-17 10:45:00,NSE:BOSCHLTD,15719.7,15745.0,15719.7,15737.95,152.0
2021-06-17 10:50:00,NSE:BOSCHLTD,15727.5,15730.5,15715.5,15720.1,68.0
2021-06-17 10:55:00,NSE:BOSCHLTD,15720.0,15720.0,15700.0,15709.5,149.0
2021-06-17 11:00:00,NSE:BOSCHLTD,15709.5,15709.5,15688.9,15688.9,1077.0
2021-06-17 11:05:00,NSE:BOSCHLTD,15695.75,15695.75,15665.0,15694.5,218.0
2021-06-17 11:10:00,NSE:BOSCHLTD,15695.3,15717.9,15680.0,15697.55,212.0
2021-06-17 11:15:00,NSE:BOSCHLTD,15688.85,15694.25,15670.0,15670.25,382.0
2021-06-17 11:20:00,NSE:BOSCHLTD,15676.5,15696.2,15665.0,15688.3,175.0
2021-06-17 11:25:00,NSE:BOSCHLTD,15685.0,15687.0,15671.0,15687.0,91.0
2021-06-17 11:30:00,NSE:BOSCHLTD,15685.5,15696.7,15670.0,15675.7,134.0
2021-06-17 11:35:00,NSE:BOSCHLTD,15672.1,15680.0,15649.5,15650.0,452.0
2021-06-17 11:40:00,NSE:BOSCHLTD,15652.5,15676.4,15641.15,15670.0,218.0
2021-06-17 11:45:00,NSE:BOSCHLTD,15673.5,15680.0,15648.1,15660.0,168.0
2021-06-17 11:50:00,NSE:BOSCHLTD,15659.8,15690.05,15651.05,15685.0,296.0
2021-06-17 11:55:00,NSE:BOSCHLTD,15684.0,15684.0,15650.0,15651.0,180.0
2021-06-17 12:00:00,NSE:BOSCHLTD,15642.05,15674.4,15631.3,15665.95,429.0
2021-06-17 12:05:00,NSE:BOSCHLTD,15654.05,15672.9,15641.75,15655.5,147.0
2021-06-17 12:10:00,NSE:BOSCHLTD,15655.0,15657.0,15630.0,15641.0,113.0
2021-06-17 12:15:00,NSE:BOSCHLTD,15630.0,15648.0,15630.0,15648.0,30.0
2021-06-17 12:20:00,NSE:BOSCHLTD,15648.0,15680.0,15640.0,15651.15,386.0
2021-06-17 12:25:00,NSE:BOSCHLTD,15652.45,15656.8,15630.0,15635.35,76.0
2021-06-17 12:30:00,NSE:BOSCHLTD,15640.5,15652.0,15625.0,15652.0,277.0
2021-06-17 12:35:00,NSE:BOSCHLTD,15652.0,15675.0,15642.4,15657.05,114.0
2021-06-17 12:40:00,NSE:BOSCHLTD,15660.1,15675.05,15655.9,15675.0,185.0
2021-06-17 12:45:00,NSE:BOSCHLTD,15680.0,15690.0,15660.0,15678.05,109.0
2021-06-17 12:50:00,NSE:BOSCHLTD,15685.5,15690.0,15660.0,15670.5,73.0
2021-06-17 12:55:00,NSE:BOSCHLTD,15672.75,15674.6,15646.6,15656.8,101.0
2021-06-17 13:00:00,NSE:BOSCHLTD,15656.8,15669.0,15640.0,15669.0,172.0
2021-06-17 13:05:00,NSE:BOSCHLTD,15661.75,15666.45,15651.1,15658.55,90.0
2021-06-17 13:10:00,NSE:BOSCHLTD,15654.95,15665.0,15640.05,15651.0,83.0
2021-06-17 13:15:00,NSE:BOSCHLTD,15644.1,15659.9,15642.2,15657.8,97.0
2021-06-17 13:20:00,NSE:BOSCHLTD,15657.8,15657.9,15631.05,15642.0,114.0
2021-06-17 13:25:00,NSE:BOSCHLTD,15633.0,15658.0,15620.0,15620.0,210.0
2021-06-17 13:30:00,NSE:BOSCHLTD,15632.1,15633.35,15611.25,15621.9,226.0
2021-06-17 13:35:00,NSE:BOSCHLTD,15621.9,15622.5,15606.0,15606.1,215.0
2021-06-17 13:40:00,NSE:BOSCHLTD,15610.5,15615.75,15586.45,15604.5,774.0
2021-06-17 13:45:00,NSE:BOSCHLTD,15609.05,15619.0,15600.0,15612.0,91.0
2021-06-17 13:50:00,NSE:BOSCHLTD,15611.9,15627.75,15610.0,15618.0,86.0
2021-06-17 13:55:00,NSE:BOSCHLTD,15619.5,15619.5,15570.0,15575.1,376.0
2021-06-17 14:00:00,NSE:BOSCHLTD,15575.0,15600.05,15571.7,15598.0,143.0
2021-06-17 14:05:00,NSE:BOSCHLTD,15598.0,15600.0,15555.0,15560.0,292.0
2021-06-17 14:10:00,NSE:BOSCHLTD,15560.0,15578.25,15542.0,15542.0,624.0
2021-06-17 14:15:00,NSE:BOSCHLTD,15548.75,15554.85,15532.0,15532.0,306.0
2021-06-17 14:20:00,NSE:BOSCHLTD,15548.4,15550.0,15490.0,15506.95,1156.0
2021-06-17 14:25:00,NSE:BOSCHLTD,15511.25,15511.25,15451.25,15466.35,1118.0
2021-06-17 14:30:00,NSE:BOSCHLTD,15469.95,15492.85,15460.65,15477.0,1005.0
2021-06-17 14:35:00,NSE:BOSCHLTD,15479.85,15489.0,15439.0,15448.5,589.0
2021-06-17 14:40:00,NSE:BOSCHLTD,15430.0,15448.25,15391.45,15395.5,1678.0
2021-06-17 14:45:00,NSE:BOSCHLTD,15395.5,15432.65,15381.0,15424.4,628.0
2021-06-17 14:50:00,NSE:BOSCHLTD,15424.5,15450.85,15385.0,15389.0,1082.0
2021-06-17 14:55:00,NSE:BOSCHLTD,15394.3,15401.05,15381.0,15399.0,654.0
2021-06-17 15:00:00,NSE:BOSCHLTD,15399.0,15419.4,15388.0,15407.4,6481.0
2021-06-17 15:05:00,NSE:BOSCHLTD,15407.0,15412.45,15393.25,15403.0,1299.0
2021-06-17 15:10:00,NSE:BOSCHLTD,15400.0,15425.0,15392.7,15408.1,1168.0
2021-06-17 15:15:00,NSE:BOSCHLTD,15408.2,15411.75,15380.0,15400.0,2011.0
2021-06-17 15:20:00,NSE:BOSCHLTD,15399.9,15423.0,15375.0,15393.0,2029.0
2021-06-17 15:25:00,NSE:BOSCHLTD,15394.5,15407.15,15384.25,15404.0,543.0
2021-06-17 15:40:00,NSE:BOSCHLTD,15399.85,15399.85,15399.85,15399.85,10.0
2021-06-18 09:05:00,NSE:BOSCHLTD,15450.0,15450.0,15450.0,15450.0,74.0
2021-06-18 09:15:00,NSE:BOSCHLTD,15470.0,15545.0,15470.0,15485.0,1945.0
2021-06-18 09:20:00,NSE:BOSCHLTD,15468.0,15485.95,15409.9,15478.6,1302.0
2021-06-18 09:25:00,NSE:BOSCHLTD,15473.75,15494.0,15440.0,15440.1,616.0
2021-06-18 09:30:00,NSE:BOSCHLTD,15447.0,15482.0,15435.0,15480.0,657.0
2021-06-18 09:35:00,NSE:BOSCHLTD,15476.6,15484.25,15450.0,15465.0,254.0
2021-06-18 09:40:00,NSE:BOSCHLTD,15474.0,15485.0,15452.1,15459.15,376.0
2021-06-18 09:45:00,NSE:BOSCHLTD,15460.0,15473.95,15421.7,15421.7,534.0
2021-06-18 09:50:00,NSE:BOSCHLTD,15421.7,15435.05,15400.0,15400.65,483.0
2021-06-18 09:55:00,NSE:BOSCHLTD,15408.0,15408.0,15310.0,15354.3,1645.0
2021-06-18 10:00:00,NSE:BOSCHLTD,15348.0,15388.95,15314.5,15388.5,540.0
2021-06-18 10:05:00,NSE:BOSCHLTD,15378.05,15425.0,15378.05,15415.0,545.0
2021-06-18 10:10:00,NSE:BOSCHLTD,15402.0,15418.35,15387.6,15413.85,184.0
2021-06-18 10:15:00,NSE:BOSCHLTD,15412.45,15414.55,15351.55,15355.0,220.0
2021-06-18 10:20:00,NSE:BOSCHLTD,15355.0,15370.0,15336.0,15336.0,211.0
2021-06-18 10:25:00,NSE:BOSCHLTD,15333.3,15333.3,15275.1,15291.2,1381.0
2021-06-18 10:30:00,NSE:BOSCHLTD,15300.0,15319.6,15266.0,15298.45,454.0
2021-06-18 10:35:00,NSE:BOSCHLTD,15298.2,15305.0,15271.2,15275.5,316.0
2021-06-18 10:40:00,NSE:BOSCHLTD,15287.6,15299.95,15270.05,15290.0,126.0
2021-06-18 10:45:00,NSE:BOSCHLTD,15277.0,15289.8,15254.35,15254.35,340.0
2021-06-18 10:50:00,NSE:BOSCHLTD,15253.0,15253.0,15202.1,15210.0,514.0
2021-06-18 10:55:00,NSE:BOSCHLTD,15210.0,15210.0,15091.45,15092.0,1349.0
2021-06-18 11:00:00,NSE:BOSCHLTD,15090.0,15248.55,15089.0,15132.0,1787.0
2021-06-18 11:05:00,NSE:BOSCHLTD,15135.0,15262.65,15121.6,15258.0,1102.0
2021-06-18 11:10:00,NSE:BOSCHLTD,15260.0,15288.0,15235.5,15282.0,215.0
2021-06-18 11:15:00,NSE:BOSCHLTD,15276.25,15310.5,15265.0,15265.0,731.0
2021-06-18 11:20:00,NSE:BOSCHLTD,15279.95,15293.9,15267.0,15291.0,243.0
2021-06-18 11:25:00,NSE:BOSCHLTD,15293.95,15317.0,15269.5,15301.75,230.0
2021-06-18 11:30:00,NSE:BOSCHLTD,15299.7,15301.0,15222.85,15239.05,145.0
2021-06-18 11:35:00,NSE:BOSCHLTD,15240.0,15262.5,15223.2,15240.0,145.0
2021-06-18 11:40:00,NSE:BOSCHLTD,15248.05,15265.0,15248.05,15260.0,97.0
2021-06-18 11:45:00,NSE:BOSCHLTD,15260.0,15260.0,15238.8,15258.65,130.0
2021-06-18 11:50:00,NSE:BOSCHLTD,15260.0,15298.5,15258.0,15298.5,53.0
2021-06-18 11:55:00,NSE:BOSCHLTD,15294.0,15294.0,15252.5,15257.6,87.0
2021-06-18 12:00:00,NSE:BOSCHLTD,15273.0,15273.0,15243.15,15268.55,360.0
2021-06-18 12:05:00,NSE:BOSCHLTD,15270.0,15285.0,15235.0,15235.0,180.0
2021-06-18 12:10:00,NSE:BOSCHLTD,15232.0,15232.0,15210.0,15226.95,207.0
2021-06-18 12:15:00,NSE:BOSCHLTD,15227.0,15248.95,15227.0,15241.45,104.0
2021-06-18 12:20:00,NSE:BOSCHLTD,15241.45,15248.65,15234.45,15235.5,76.0
2021-06-18 12:25:00,NSE:BOSCHLTD,15244.45,15256.45,15215.65,15215.65,416.0
2021-06-18 12:30:00,NSE:BOSCHLTD,15221.65,15246.0,15221.65,15240.0,113.0
2021-06-18 12:35:00,NSE:BOSCHLTD,15241.5,15250.35,15230.0,15241.5,111.0
2021-06-18 12:40:00,NSE:BOSCHLTD,15255.0,15281.45,15255.0,15265.45,258.0
2021-06-18 12:45:00,NSE:BOSCHLTD,15265.45,15278.2,15256.2,15268.0,80.0
2021-06-18 12:50:00,NSE:BOSCHLTD,15275.0,15280.0,15260.0,15271.5,83.0
2021-06-18 12:55:00,NSE:BOSCHLTD,15271.5,15271.5,15240.0,15250.0,117.0
2021-06-18 13:00:00,NSE:BOSCHLTD,15240.25,15242.4,15189.0,15230.95,568.0
2021-06-18 13:05:00,NSE:BOSCHLTD,15231.05,15250.0,15231.05,15240.35,46.0
2021-06-18 13:10:00,NSE:BOSCHLTD,15240.65,15260.0,15212.3,15219.95,209.0
2021-06-18 13:15:00,NSE:BOSCHLTD,15216.0,15221.95,15200.0,15211.45,249.0
2021-06-18 13:20:00,NSE:BOSCHLTD,15211.5,15211.5,15190.0,15196.95,199.0
2021-06-18 13:25:00,NSE:BOSCHLTD,15190.0,15200.0,15171.6,15178.45,234.0
2021-06-18 13:30:00,NSE:BOSCHLTD,15171.0,15189.0,15154.0,15155.45,272.0
2021-06-18 13:35:00,NSE:BOSCHLTD,15155.0,15162.45,15130.0,15130.25,522.0
2021-06-18 13:40:00,NSE:BOSCHLTD,15139.9,15166.7,15130.95,15166.7,295.0
2021-06-18 13:45:00,NSE:BOSCHLTD,15153.1,15199.05,15153.1,15178.45,319.0
2021-06-18 13:50:00,NSE:BOSCHLTD,15170.3,15189.1,15160.0,15170.6,334.0
2021-06-18 13:55:00,NSE:BOSCHLTD,15160.05,15220.0,15156.85,15200.0,781.0
2021-06-18 14:00:00,NSE:BOSCHLTD,15210.0,15214.15,15179.6,15196.95,371.0
2021-06-18 14:05:00,NSE:BOSCHLTD,15190.5,15197.0,15168.7,15190.5,619.0
2021-06-18 14:10:00,NSE:BOSCHLTD,15200.0,15211.0,15187.15,15190.5,438.0
2021-06-18 14:15:00,NSE:BOSCHLTD,15190.5,15200.1,15188.2,15197.45,248.0
2021-06-18 14:20:00,NSE:BOSCHLTD,15194.6,15214.4,15190.0,15199.6,500.0
2021-06-18 14:25:00,NSE:BOSCHLTD,15199.6,15219.55,15190.8,15212.9,636.0
2021-06-18 14:30:00,NSE:BOSCHLTD,15206.5,15247.25,15202.8,15235.5,918.0
2021-06-18 14:35:00,NSE:BOSCHLTD,15241.6,15248.0,15171.25,15190.0,677.0
2021-06-18 14:40:00,NSE:BOSCHLTD,15196.3,15198.0,15178.4,15189.0,312.0
2021-06-18 14:45:00,NSE:BOSCHLTD,15192.2,15201.45,15185.0,15195.2,596.0
2021-06-18 14:50:00,NSE:BOSCHLTD,15183.45,15204.55,15183.45,15199.5,1004.0
2021-06-18 14:55:00,NSE:BOSCHLTD,15200.0,15214.7,15189.8,15210.0,901.0
2021-06-18 15:00:00,NSE:BOSCHLTD,15201.0,15245.0,15145.0,15191.65,4055.0
2021-06-18 15:05:00,NSE:BOSCHLTD,15190.0,15226.6,15173.2,15223.9,3221.0
2021-06-18 15:10:00,NSE:BOSCHLTD,15215.3,15240.0,15212.35,15216.25,4214.0
2021-06-18 15:15:00,NSE:BOSCHLTD,15212.8,15237.95,15206.5,15226.6,4341.0
2021-06-18 15:20:00,NSE:BOSCHLTD,15226.55,15236.85,15225.05,15226.35,4290.0
2021-06-18 15:25:00,NSE:BOSCHLTD,15226.35,15243.95,15190.25,15235.0,2510.0
2021-06-18 15:40:00,NSE:BOSCHLTD,15211.3,15211.3,15211.3,15211.3,10.0
2021-06-21 09:05:00,NSE:BOSCHLTD,15099.0,15099.0,15099.0,15099.0,81.0
2021-06-21 09:15:00,NSE:BOSCHLTD,15080.0,15097.1,15003.2,15054.6,1154.0
2021-06-21 09:20:00,NSE:BOSCHLTD,15040.0,15060.95,14950.0,14985.45,2328.0
2021-06-21 09:25:00,NSE:BOSCHLTD,14985.5,15024.8,14970.45,15005.1,675.0
2021-06-21 09:30:00,NSE:BOSCHLTD,15005.1,15018.85,14975.05,15012.65,1258.0
2021-06-21 09:35:00,NSE:BOSCHLTD,15011.75,15054.05,15008.85,15054.05,1466.0
2021-06-21 09:40:00,NSE:BOSCHLTD,15049.95,15060.0,15035.0,15051.2,954.0
2021-06-21 09:45:00,NSE:BOSCHLTD,15051.2,15051.2,15008.45,15026.6,806.0
2021-06-21 09:50:00,NSE:BOSCHLTD,15026.6,15050.0,14995.05,15029.75,1011.0
2021-06-21 09:55:00,NSE:BOSCHLTD,15034.35,15055.15,15020.0,15020.0,1101.0
2021-06-21 10:00:00,NSE:BOSCHLTD,15026.7,15027.55,14998.5,15000.0,1174.0
2021-06-21 10:05:00,NSE:BOSCHLTD,15000.4,15037.3,14998.5,15037.3,405.0
2021-06-21 10:10:00,NSE:BOSCHLTD,15030.0,15045.0,15003.0,15013.8,1246.0
2021-06-21 10:15:00,NSE:BOSCHLTD,15014.2,15037.25,15011.8,15027.25,279.0
2021-06-21 10:20:00,NSE:BOSCHLTD,15026.3,15047.95,15010.0,15033.05,1139.0
2021-06-21 10:25:00,NSE:BOSCHLTD,15031.9,15045.45,15018.6,15029.65,700.0
2021-06-21 10:30:00,NSE:BOSCHLTD,15038.5,15045.85,15010.0,15015.0,649.0
2021-06-21 10:35:00,NSE:BOSCHLTD,15015.0,15032.3,15000.0,15009.35,620.0
2021-06-21 10:40:00,NSE:BOSCHLTD,15007.55,15039.0,15007.55,15032.95,418.0
2021-06-21 10:45:00,NSE:BOSCHLTD,15036.8,15039.0,15023.6,15028.15,213.0
2021-06-21 10:50:00,NSE:BOSCHLTD,15020.85,15038.0,15011.9,15037.9,468.0
2021-06-21 10:55:00,NSE:BOSCHLTD,15037.8,15060.95,15031.75,15057.4,474.0
2021-06-21 11:00:00,NSE:BOSCHLTD,15048.95,15059.7,15009.0,15028.35,448.0
2021-06-21 11:05:00,NSE:BOSCHLTD,15025.25,15040.0,15025.25,15029.0,128.0
2021-06-21 11:10:00,NSE:BOSCHLTD,15029.0,15049.75,15028.95,15049.2,307.0
2021-06-21 11:15:00,NSE:BOSCHLTD,15049.25,15074.25,15034.9,15049.5,1280.0
2021-06-21 11:20:00,NSE:BOSCHLTD,15059.8,15067.65,15050.0,15060.8,416.0
2021-06-21 11:25:00,NSE:BOSCHLTD,15055.1,15063.0,15050.1,15062.95,614.0
2021-06-21 11:30:00,NSE:BOSCHLTD,15062.9,15062.9,15050.45,15062.3,430.0
2021-06-21 11:35:00,NSE:BOSCHLTD,15058.55,15065.5,15057.85,15065.45,438.0
2021-06-21 11:40:00,NSE:BOSCHLTD,15068.0,15074.7,15056.7,15065.25,239.0
2021-06-21 11:45:00,NSE:BOSCHLTD,15065.25,15099.0,15065.2,15087.45,692.0
2021-06-21 11:50:00,NSE:BOSCHLTD,15087.4,15111.95,15070.6,15099.5,714.0
2021-06-21 11:55:00,NSE:BOSCHLTD,15099.25,15099.25,15090.05,15097.45,249.0
2021-06-21 12:00:00,NSE:BOSCHLTD,15097.45,15097.45,15060.0,15064.0,215.0
2021-06-21 12:05:00,NSE:BOSCHLTD,15064.0,15065.15,15050.0,15063.45,303.0
2021-06-21 12:10:00,NSE:BOSCHLTD,15064.4,15064.45,15046.55,15052.75,261.0
2021-06-21 12:15:00,NSE:BOSCHLTD,15052.65,15052.65,15025.8,15043.95,199.0
2021-06-21 12:20:00,NSE:BOSCHLTD,15043.95,15043.95,15033.2,15042.0,193.0
2021-06-21 12:25:00,NSE:BOSCHLTD,15034.85,15074.5,15034.85,15069.9,328.0
2021-06-21 12:30:00,NSE:BOSCHLTD,15069.9,15082.5,15065.25,15081.45,167.0
2021-06-21 12:35:00,NSE:BOSCHLTD,15081.45,15081.45,15051.0,15055.9,264.0
2021-06-21 12:40:00,NSE:BOSCHLTD,15055.85,15056.4,15040.0,15055.7,147.0
2021-06-21 12:45:00,NSE:BOSCHLTD,15055.75,15059.3,15035.05,15049.4,150.0
2021-06-21 12:50:00,NSE:BOSCHLTD,15053.8,15065.0,15041.35,15064.95,113.0
2021-06-21 12:55:00,NSE:BOSCHLTD,15064.95,15078.65,15052.25,15076.4,117.0
2021-06-21 13:00:00,NSE:BOSCHLTD,15076.4,15076.4,15061.8,15070.3,131.0
2021-06-21 13:05:00,NSE:BOSCHLTD,15079.4,15108.05,15070.9,15105.0,890.0
2021-06-21 13:10:00,NSE:BOSCHLTD,15105.0,15125.0,15094.8,15119.0,886.0
2021-06-21 13:15:00,NSE:BOSCHLTD,15114.7,15116.85,15083.85,15092.85,739.0
2021-06-21 13:20:00,NSE:BOSCHLTD,15090.35,15124.95,15090.05,15101.0,403.0
2021-06-21 13:25:00,NSE:BOSCHLTD,15095.9,15111.55,15095.9,15109.05,227.0
2021-06-21 13:30:00,NSE:BOSCHLTD,15116.0,15119.8,15059.35,15069.5,1600.0
2021-06-21 13:35:00,NSE:BOSCHLTD,15068.5,15068.5,15010.0,15029.75,2513.0
2021-06-21 13:40:00,NSE:BOSCHLTD,15030.15,15030.15,14998.5,14998.5,3097.0
2021-06-21 13:45:00,NSE:BOSCHLTD,14998.5,15029.65,14998.5,15005.55,1076.0
2021-06-21 13:50:00,NSE:BOSCHLTD,15005.55,15040.0,15005.3,15030.0,514.0
2021-06-21 13:55:00,NSE:BOSCHLTD,15030.95,15045.0,15030.6,15040.05,171.0
2021-06-21 14:00:00,NSE:BOSCHLTD,15040.05,15063.6,15037.6,15063.55,405.0
2021-06-21 14:05:00,NSE:BOSCHLTD,15063.55,15063.55,15050.0,15050.15,575.0
2021-06-21 14:10:00,NSE:BOSCHLTD,15063.3,15063.3,15050.0,15056.5,265.0
2021-06-21 14:15:00,NSE:BOSCHLTD,15060.75,15061.9,15040.0,15058.05,313.0
2021-06-21 14:20:00,NSE:BOSCHLTD,15059.1,15062.0,15046.0,15058.0,173.0
2021-06-21 14:25:00,NSE:BOSCHLTD,15058.0,15077.05,15058.0,15077.0,311.0
2021-06-21 14:30:00,NSE:BOSCHLTD,15076.95,15084.0,15075.0,15081.95,162.0
2021-06-21 14:35:00,NSE:BOSCHLTD,15081.95,15100.0,15075.0,15100.0,460.0
2021-06-21 14:40:00,NSE:BOSCHLTD,15100.0,15100.0,15082.2,15087.0,314.0
2021-06-21 14:45:00,NSE:BOSCHLTD,15087.0,15095.0,15078.05,15086.8,408.0
2021-06-21 14:50:00,NSE:BOSCHLTD,15086.8,15110.0,15080.45,15106.8,622.0
2021-06-21 14:55:00,NSE:BOSCHLTD,15106.8,15119.6,15100.0,15111.0,592.0
2021-06-21 15:00:00,NSE:BOSCHLTD,15110.9,15110.9,15075.0,15075.0,593.0
2021-06-21 15:05:00,NSE:BOSCHLTD,15085.35,15105.0,15079.45,15090.0,589.0
2021-06-21 15:10:00,NSE:BOSCHLTD,15090.0,15114.9,15080.05,15080.05,938.0
2021-06-21 15:15:00,NSE:BOSCHLTD,15085.0,15107.0,15085.0,15100.0,631.0
2021-06-21 15:20:00,NSE:BOSCHLTD,15100.0,15110.0,15090.4,15101.65,1088.0
2021-06-21 15:25:00,NSE:BOSCHLTD,15099.85,15118.0,15090.0,15090.0,773.0
2021-06-21 15:40:00,NSE:BOSCHLTD,15096.85,15096.85,15096.85,15096.85,4.0
2021-06-22 09:05:00,NSE:BOSCHLTD,15185.0,15185.0,15185.0,15185.0,78.0
2021-06-22 09:15:00,NSE:BOSCHLTD,15185.0,15225.0,15150.15,15185.0,1121.0
2021-06-22 09:20:00,NSE:BOSCHLTD,15199.0,15216.45,15184.95,15200.0,535.0
2021-06-22 09:25:00,NSE:BOSCHLTD,15206.5,15250.0,15195.9,15225.0,565.0
2021-06-22 09:30:00,NSE:BOSCHLTD,15215.1,15250.9,15211.45,15249.9,725.0
2021-06-22 09:35:00,NSE:BOSCHLTD,15249.95,15250.0,15215.55,15225.85,290.0
2021-06-22 09:40:00,NSE:BOSCHLTD,15226.0,15226.0,15207.9,15219.75,150.0
2021-06-22 09:45:00,NSE:BOSCHLTD,15219.5,15233.5,15205.6,15219.0,338.0
2021-06-22 09:50:00,NSE:BOSCHLTD,15229.4,15229.4,15163.35,15167.75,768.0
2021-06-22 09:55:00,NSE:BOSCHLTD,15167.0,15212.0,15165.0,15210.0,170.0
2021-06-22 10:00:00,NSE:BOSCHLTD,15201.4,15228.9,15201.2,15208.6,238.0
2021-06-22 10:05:00,NSE:BOSCHLTD,15218.9,15250.0,15205.05,15250.0,803.0
2021-06-22 10:10:00,NSE:BOSCHLTD,15250.0,15250.0,15225.05,15225.05,138.0
2021-06-22 10:15:00,NSE:BOSCHLTD,15236.25,15249.9,15226.0,15249.9,111.0
2021-06-22 10:20:00,NSE:BOSCHLTD,15249.9,15287.4,15249.9,15250.0,589.0
2021-06-22 10:25:00,NSE:BOSCHLTD,15250.0,15279.55,15250.0,15265.0,248.0
2021-06-22 10:30:00,NSE:BOSCHLTD,15256.0,15265.25,15240.15,15250.55,230.0
2021-06-22 10:35:00,NSE:BOSCHLTD,15250.5,15265.05,15230.0,15240.4,142.0
2021-06-22 10:40:00,NSE:BOSCHLTD,15239.7,15247.95,15230.0,15246.15,143.0
2021-06-22 10:45:00,NSE:BOSCHLTD,15230.65,15255.6,15226.05,15255.4,49.0
2021-06-22 10:50:00,NSE:BOSCHLTD,15245.0,15255.0,15231.15,15232.1,118.0
2021-06-22 10:55:00,NSE:BOSCHLTD,15239.85,15239.85,15201.05,15201.1,324.0
2021-06-22 11:00:00,NSE:BOSCHLTD,15201.1,15212.3,15200.0,15200.0,311.0
2021-06-22 11:05:00,NSE:BOSCHLTD,15200.0,15200.0,15184.95,15196.15,285.0
2021-06-22 11:10:00,NSE:BOSCHLTD,15196.05,15200.2,15194.1,15194.15,65.0
2021-06-22 11:15:00,NSE:BOSCHLTD,15194.1,15198.55,15170.0,15178.25,505.0
2021-06-22 11:20:00,NSE:BOSCHLTD,15184.0,15198.55,15178.0,15180.55,191.0
2021-06-22 11:25:00,NSE:BOSCHLTD,15191.9,15207.75,15191.9,15207.75,120.0
2021-06-22 11:30:00,NSE:BOSCHLTD,15207.1,15243.9,15181.0,15241.5,603.0
2021-06-22 11:35:00,NSE:BOSCHLTD,15221.95,15250.0,15221.95,15245.0,195.0
2021-06-22 11:40:00,NSE:BOSCHLTD,15244.95,15250.0,15235.0,15250.0,189.0
2021-06-22 11:45:00,NSE:BOSCHLTD,15250.0,15250.0,15236.6,15249.6,307.0
2021-06-22 11:50:00,NSE:BOSCHLTD,15249.45,15249.45,15232.85,15233.3,8.0
2021-06-22 11:55:00,NSE:BOSCHLTD,15233.3,15250.0,15232.95,15239.9,43.0
2021-06-22 12:00:00,NSE:BOSCHLTD,15249.35,15254.8,15248.8,15250.55,281.0
2021-06-22 12:05:00,NSE:BOSCHLTD,15250.55,15252.9,15240.95,15252.9,76.0
2021-06-22 12:10:00,NSE:BOSCHLTD,15242.4,15252.0,15240.95,15241.05,57.0
2021-06-22 12:15:00,NSE:BOSCHLTD,15250.8,15260.6,15226.5,15229.75,754.0
2021-06-22 12:20:00,NSE:BOSCHLTD,15229.0,15229.6,15212.95,15216.0,148.0
2021-06-22 12:25:00,NSE:BOSCHLTD,15216.0,15229.55,15208.45,15209.95,153.0
2021-06-22 12:30:00,NSE:BOSCHLTD,15210.0,15231.25,15200.5,15224.65,142.0
2021-06-22 12:35:00,NSE:BOSCHLTD,15224.65,15255.0,15213.25,15233.0,141.0
2021-06-22 12:40:00,NSE:BOSCHLTD,15243.15,15243.15,15213.4,15213.4,132.0
2021-06-22 12:45:00,NSE:BOSCHLTD,15232.0,15232.0,15213.0,15218.0,168.0
2021-06-22 12:50:00,NSE:BOSCHLTD,15210.1,15233.85,15210.1,15232.85,264.0
2021-06-22 12:55:00,NSE:BOSCHLTD,15232.8,15232.8,15210.1,15210.1,258.0
2021-06-22 13:00:00,NSE:BOSCHLTD,15221.3,15221.3,15210.1,15211.0,36.0
2021-06-22 13:05:00,NSE:BOSCHLTD,15219.9,15220.1,15211.0,15211.05,57.0
2021-06-22 13:10:00,NSE:BOSCHLTD,15222.0,15230.25,15212.7,15212.7,62.0
2021-06-22 13:15:00,NSE:BOSCHLTD,15213.05,15223.7,15208.65,15208.65,73.0
2021-06-22 13:20:00,NSE:BOSCHLTD,15205.0,15214.95,15205.0,15214.05,60.0
2021-06-22 13:25:00,NSE:BOSCHLTD,15213.9,15215.0,15200.0,15201.0,49.0
2021-06-22 13:30:00,NSE:BOSCHLTD,15201.0,15214.75,15201.0,15211.0,48.0
2021-06-22 13:35:00,NSE:BOSCHLTD,15219.4,15219.45,15201.0,15201.0,161.0
2021-06-22 13:40:00,NSE:BOSCHLTD,15195.0,15198.1,15180.0,15188.0,353.0
2021-06-22 13:45:00,NSE:BOSCHLTD,15188.0,15188.1,15175.0,15177.0,86.0
2021-06-22 13:50:00,NSE:BOSCHLTD,15186.95,15188.1,15175.8,15180.0,58.0
2021-06-22 13:55:00,NSE:BOSCHLTD,15176.2,15193.85,15175.85,15183.75,96.0
2021-06-22 14:00:00,NSE:BOSCHLTD,15175.9,15183.95,15175.8,15183.95,165.0
2021-06-22 14:05:00,NSE:BOSCHLTD,15183.95,15183.95,15170.0,15170.1,149.0
2021-06-22 14:10:00,NSE:BOSCHLTD,15167.0,15175.1,15160.0,15170.95,109.0
2021-06-22 14:15:00,NSE:BOSCHLTD,15160.0,15174.95,15160.0,15172.85,97.0
2021-06-22 14:20:00,NSE:BOSCHLTD,15175.0,15190.0,15163.65,15186.95,163.0
2021-06-22 14:25:00,NSE:BOSCHLTD,15168.9,15198.0,15168.9,15197.95,176.0
2021-06-22 14:30:00,NSE:BOSCHLTD,15209.0,15209.0,15181.0,15200.05,108.0
2021-06-22 14:35:00,NSE:BOSCHLTD,15200.05,15210.0,15187.0,15200.65,170.0
2021-06-22 14:40:00,NSE:BOSCHLTD,15189.4,15203.35,15165.75,15176.7,342.0
2021-06-22 14:45:00,NSE:BOSCHLTD,15177.0,15182.0,15164.0,15164.0,141.0
2021-06-22 14:50:00,NSE:BOSCHLTD,15164.0,15169.0,15150.0,15152.9,365.0
2021-06-22 14:55:00,NSE:BOSCHLTD,15152.85,15179.95,15150.0,15178.0,54.0
2021-06-22 15:00:00,NSE:BOSCHLTD,15179.75,15179.75,15158.7,15176.75,305.0
2021-06-22 15:05:00,NSE:BOSCHLTD,15186.05,15186.05,15121.0,15131.9,600.0
2021-06-22 15:10:00,NSE:BOSCHLTD,15139.85,15144.6,15116.05,15130.0,647.0
2021-06-22 15:15:00,NSE:BOSCHLTD,15132.2,15142.45,15100.0,15100.05,872.0
2021-06-22 15:20:00,NSE:BOSCHLTD,15100.1,15137.65,15094.0,15119.15,342.0
2021-06-22 15:25:00,NSE:BOSCHLTD,15124.2,15125.9,15079.5,15090.0,666.0
2021-06-22 15:40:00,NSE:BOSCHLTD,15128.6,15128.6,15090.0,15090.0,8.0
2021-06-23 09:05:00,NSE:BOSCHLTD,15220.0,15220.0,15220.0,15220.0,73.0
2021-06-23 09:15:00,NSE:BOSCHLTD,15220.0,15267.4,15192.3,15195.0,678.0
2021-06-23 09:20:00,NSE:BOSCHLTD,15194.35,15212.5,15154.8,15169.0,641.0
2021-06-23 09:25:00,NSE:BOSCHLTD,15165.5,15218.2,15165.5,15195.45,461.0
2021-06-23 09:30:00,NSE:BOSCHLTD,15195.3,15195.3,15170.0,15175.55,281.0
2021-06-23 09:35:00,NSE:BOSCHLTD,15175.5,15194.9,15166.1,15194.85,647.0
2021-06-23 09:40:00,NSE:BOSCHLTD,15194.75,15243.9,15194.55,15212.3,501.0
2021-06-23 09:45:00,NSE:BOSCHLTD,15212.3,15212.3,15188.0,15194.45,338.0
2021-06-23 09:50:00,NSE:BOSCHLTD,15194.4,15194.4,15177.8,15183.05,432.0
2021-06-23 09:55:00,NSE:BOSCHLTD,15183.0,15183.0,15160.25,15164.05,250.0
2021-06-23 10:00:00,NSE:BOSCHLTD,15163.55,15169.85,15160.15,15169.85,581.0
2021-06-23 10:05:00,NSE:BOSCHLTD,15169.95,15185.0,15163.95,15183.85,283.0
2021-06-23 10:10:00,NSE:BOSCHLTD,15169.4,15171.65,15120.0,15129.85,383.0
2021-06-23 10:15:00,NSE:BOSCHLTD,15117.4,15117.4,15063.0,15079.05,697.0
2021-06-23 10:20:00,NSE:BOSCHLTD,15078.95,15080.0,15071.0,15079.0,252.0
2021-06-23 10:25:00,NSE:BOSCHLTD,15071.0,15079.0,15040.05,15054.9,605.0
2021-06-23 10:30:00,NSE:BOSCHLTD,15055.0,15109.6,15055.0,15109.6,266.0
2021-06-23 10:35:00,NSE:BOSCHLTD,15109.5,15119.0,15087.0,15099.0,326.0
2021-06-23 10:40:00,NSE:BOSCHLTD,15099.7,15101.9,15067.9,15076.75,583.0
2021-06-23 10:45:00,NSE:BOSCHLTD,15095.9,15117.9,15079.45,15117.9,345.0
2021-06-23 10:50:00,NSE:BOSCHLTD,15110.0,15130.0,15110.0,15130.0,443.0
2021-06-23 10:55:00,NSE:BOSCHLTD,15130.0,15130.0,15105.3,15117.3,386.0
2021-06-23 11:00:00,NSE:BOSCHLTD,15102.6,15119.0,15100.0,15107.8,377.0
2021-06-23 11:05:00,NSE:BOSCHLTD,15107.75,15107.75,15100.0,15106.4,150.0
2021-06-23 11:10:00,NSE:BOSCHLTD,15115.0,15115.0,15081.2,15091.15,264.0
2021-06-23 11:15:00,NSE:BOSCHLTD,15091.4,15115.95,15091.0,15099.35,275.0
2021-06-23 11:20:00,NSE:BOSCHLTD,15099.35,15099.35,15085.05,15088.0,328.0
2021-06-23 11:25:00,NSE:BOSCHLTD,15096.8,15096.8,15080.0,15083.2,186.0
2021-06-23 11:30:00,NSE:BOSCHLTD,15083.2,15120.0,15081.45,15116.5,376.0
2021-06-23 11:35:00,NSE:BOSCHLTD,15124.3,15124.3,15092.1,15092.1,69.0
2021-06-23 11:40:00,NSE:BOSCHLTD,15091.05,15099.5,15080.0,15081.65,179.0
2021-06-23 11:45:00,NSE:BOSCHLTD,15076.0,15121.65,15076.0,15079.35,524.0
2021-06-23 11:50:00,NSE:BOSCHLTD,15095.0,15095.0,15080.0,15080.0,370.0
2021-06-23 11:55:00,NSE:BOSCHLTD,15083.45,15103.75,15052.6,15059.5,708.0
2021-06-23 12:00:00,NSE:BOSCHLTD,15056.9,15093.6,15056.9,15066.65,1003.0
2021-06-23 12:05:00,NSE:BOSCHLTD,15077.15,15078.0,15050.0,15074.95,605.0
2021-06-23 12:10:00,NSE:BOSCHLTD,15065.7,15079.0,15065.7,15079.0,266.0
2021-06-23 12:15:00,NSE:BOSCHLTD,15068.0,15075.2,15056.0,15057.0,287.0
2021-06-23 12:20:00,NSE:BOSCHLTD,15057.95,15080.05,15055.0,15068.4,939.0
2021-06-23 12:25:00,NSE:BOSCHLTD,15067.75,15068.0,15060.35,15068.0,197.0
2021-06-23 12:30:00,NSE:BOSCHLTD,15068.0,15068.8,15050.55,15065.25,231.0
2021-06-23 12:35:00,NSE:BOSCHLTD,15064.8,15064.8,15050.15,15052.0,427.0
2021-06-23 12:40:00,NSE:BOSCHLTD,15052.0,15061.2,15011.4,15024.1,2416.0
2021-06-23 12:45:00,NSE:BOSCHLTD,15024.05,15071.95,15017.7,15060.0,806.0
2021-06-23 12:50:00,NSE:BOSCHLTD,15049.15,15107.2,15045.55,15081.5,1026.0
2021-06-23 12:55:00,NSE:BOSCHLTD,15081.75,15110.8,15081.75,15094.55,1123.0
2021-06-23 13:00:00,NSE:BOSCHLTD,15094.25,15109.85,15084.55,15101.1,1148.0
2021-06-23 13:05:00,NSE:BOSCHLTD,15084.55,15097.5,15073.05,15073.25,738.0
2021-06-23 13:10:00,NSE:BOSCHLTD,15073.05,15085.7,15065.05,15070.0,448.0
2021-06-23 13:15:00,NSE:BOSCHLTD,15063.0,15094.15,15048.45,15083.85,881.0
2021-06-23 13:20:00,NSE:BOSCHLTD,15086.65,15099.1,15076.0,15087.5,598.0
2021-06-23 13:25:00,NSE:BOSCHLTD,15087.55,15098.5,15070.3,15087.0,737.0
2021-06-23 13:30:00,NSE:BOSCHLTD,15090.0,15146.6,15090.0,15119.3,1940.0
2021-06-23 13:35:00,NSE:BOSCHLTD,15116.4,15125.0,15085.9,15093.8,1034.0
2021-06-23 13:40:00,NSE:BOSCHLTD,15090.05,15093.75,15064.65,15074.15,664.0
2021-06-23 13:45:00,NSE:BOSCHLTD,15075.0,15103.0,15066.95,15092.85,653.0
2021-06-23 13:50:00,NSE:BOSCHLTD,15087.0,15105.0,15084.95,15084.95,542.0
2021-06-23 13:55:00,NSE:BOSCHLTD,15100.5,15104.0,15090.25,15091.15,237.0
2021-06-23 14:00:00,NSE:BOSCHLTD,15090.3,15098.65,15084.3,15090.65,277.0
2021-06-23 14:05:00,NSE:BOSCHLTD,15090.65,15117.95,15084.55,15103.45,442.0
2021-06-23 14:10:00,NSE:BOSCHLTD,15102.85,15103.0,15090.0,15090.0,307.0
2021-06-23 14:15:00,NSE:BOSCHLTD,15090.0,15090.0,15073.0,15073.0,407.0
2021-06-23 14:20:00,NSE:BOSCHLTD,15073.0,15090.0,15066.0,15088.0,214.0
2021-06-23 14:25:00,NSE:BOSCHLTD,15087.8,15087.8,15065.05,15077.0,304.0
2021-06-23 14:30:00,NSE:BOSCHLTD,15080.0,15094.65,15073.55,15082.9,384.0
2021-06-23 14:35:00,NSE:BOSCHLTD,15082.9,15082.9,15064.45,15064.45,293.0
2021-06-23 14:40:00,NSE:BOSCHLTD,15060.55,15061.7,15027.0,15061.7,1023.0
2021-06-23 14:45:00,NSE:BOSCHLTD,15076.0,15076.75,15054.4,15070.0,317.0
2021-06-23 14:50:00,NSE:BOSCHLTD,15075.2,15079.65,15063.95,15069.2,369.0
2021-06-23 14:55:00,NSE:BOSCHLTD,15058.75,15074.0,15052.0,15064.0,739.0
2021-06-23 15:00:00,NSE:BOSCHLTD,15064.0,15075.0,15040.2,15060.0,1202.0
2021-06-23 15:05:00,NSE:BOSCHLTD,15056.05,15094.9,15052.4,15080.0,1336.0
2021-06-23 15:10:00,NSE:BOSCHLTD,15079.7,15079.7,15048.05,15069.95,562.0
2021-06-23 15:15:00,NSE:BOSCHLTD,15065.05,15079.0,15056.0,15057.05,933.0
2021-06-23 15:20:00,NSE:BOSCHLTD,15057.05,15066.0,15053.35,15063.9,918.0
2021-06-23 15:25:00,NSE:BOSCHLTD,15063.9,15085.0,15050.0,15076.0,1032.0
2021-06-23 15:30:00,NSE:BOSCHLTD,15076.0,15076.0,15076.0,15076.0,1.0
2021-06-23 15:50:00,NSE:BOSCHLTD,15064.55,15064.55,15064.55,15064.55,2.0
2021-06-24 09:05:00,NSE:BOSCHLTD,15076.0,15076.0,15076.0,15076.0,26.0
2021-06-24 09:15:00,NSE:BOSCHLTD,15076.0,15140.5,15074.9,15095.0,902.0
2021-06-24 09:20:00,NSE:BOSCHLTD,15101.25,15106.4,15085.05,15102.05,271.0
2021-06-24 09:25:00,NSE:BOSCHLTD,15088.1,15156.0,15088.1,15146.05,1319.0
2021-06-24 09:30:00,NSE:BOSCHLTD,15150.0,15169.9,15115.0,15126.25,1059.0
2021-06-24 09:35:00,NSE:BOSCHLTD,15126.25,15129.2,15101.05,15102.0,312.0
2021-06-24 09:40:00,NSE:BOSCHLTD,15112.7,15116.1,15085.0,15110.0,489.0
2021-06-24 09:45:00,NSE:BOSCHLTD,15113.65,15113.9,15095.5,15095.5,137.0
2021-06-24 09:50:00,NSE:BOSCHLTD,15106.1,15106.1,15069.0,15084.5,491.0
2021-06-24 09:55:00,NSE:BOSCHLTD,15071.35,15086.4,15060.55,15064.55,324.0
2021-06-24 10:00:00,NSE:BOSCHLTD,15071.0,15071.0,15022.2,15068.6,567.0
2021-06-24 10:05:00,NSE:BOSCHLTD,15068.6,15077.5,15061.45,15073.85,93.0
2021-06-24 10:10:00,NSE:BOSCHLTD,15062.85,15080.0,15062.0,15062.6,200.0
2021-06-24 10:15:00,NSE:BOSCHLTD,15075.7,15088.35,15063.45,15088.35,123.0
2021-06-24 10:20:00,NSE:BOSCHLTD,15090.0,15099.55,15067.1,15067.25,118.0
2021-06-24 10:25:00,NSE:BOSCHLTD,15076.7,15076.7,15050.0,15051.0,150.0
2021-06-24 10:30:00,NSE:BOSCHLTD,15059.25,15074.1,15053.35,15066.55,67.0
2021-06-24 10:35:00,NSE:BOSCHLTD,15060.2,15080.0,15060.2,15075.0,372.0
2021-06-24 10:40:00,NSE:BOSCHLTD,15075.0,15080.0,15075.0,15079.55,49.0
2021-06-24 10:45:00,NSE:BOSCHLTD,15079.45,15090.0,15076.0,15080.65,213.0
2021-06-24 10:50:00,NSE:BOSCHLTD,15089.7,15089.7,15065.0,15065.0,269.0
2021-06-24 10:55:00,NSE:BOSCHLTD,15064.9,15064.9,15035.1,15048.8,255.0
2021-06-24 11:00:00,NSE:BOSCHLTD,15056.85,15066.65,15050.0,15061.35,70.0
2021-06-24 11:05:00,NSE:BOSCHLTD,15050.05,15058.9,15050.05,15051.05,27.0
2021-06-24 11:10:00,NSE:BOSCHLTD,15058.95,15067.05,15052.0,15052.5,141.0
2021-06-24 11:15:00,NSE:BOSCHLTD,15057.85,15065.0,15040.05,15040.4,139.0
2021-06-24 11:20:00,NSE:BOSCHLTD,15040.4,15045.0,15030.0,15044.0,209.0
2021-06-24 11:25:00,NSE:BOSCHLTD,15032.6,15060.05,15031.4,15060.05,242.0
2021-06-24 11:30:00,NSE:BOSCHLTD,15065.0,15089.55,15065.0,15078.9,172.0
2021-06-24 11:35:00,NSE:BOSCHLTD,15085.8,15090.0,15078.9,15087.95,212.0
2021-06-24 11:40:00,NSE:BOSCHLTD,15078.3,15080.95,15072.25,15080.0,39.0
2021-06-24 11:45:00,NSE:BOSCHLTD,15080.0,15093.0,15073.05,15090.25,54.0
2021-06-24 11:50:00,NSE:BOSCHLTD,15089.65,15090.2,15077.1,15090.2,178.0
2021-06-24 11:55:00,NSE:BOSCHLTD,15090.0,15090.25,15050.0,15084.85,437.0
2021-06-24 12:00:00,NSE:BOSCHLTD,15095.0,15095.0,15078.65,15080.0,72.0
2021-06-24 12:05:00,NSE:BOSCHLTD,15073.4,15089.55,15070.75,15070.85,61.0
2021-06-24 12:10:00,NSE:BOSCHLTD,15085.2,15092.55,15073.3,15073.35,164.0
2021-06-24 12:15:00,NSE:BOSCHLTD,15087.15,15087.15,15050.0,15050.0,239.0
2021-06-24 12:20:00,NSE:BOSCHLTD,15053.85,15066.05,15040.0,15040.0,242.0
2021-06-24 12:25:00,NSE:BOSCHLTD,15040.1,15042.95,14981.0,14990.0,1877.0
2021-06-24 12:30:00,NSE:BOSCHLTD,14990.0,15000.0,14966.05,14970.0,583.0
2021-06-24 12:35:00,NSE:BOSCHLTD,14982.2,14998.85,14971.05,14990.2,251.0
2021-06-24 12:40:00,NSE:BOSCHLTD,14990.1,14999.0,14990.0,14992.0,156.0
2021-06-24 12:45:00,NSE:BOSCHLTD,14991.0,15000.0,14983.0,14983.3,142.0
2021-06-24 12:50:00,NSE:BOSCHLTD,14983.2,14999.2,14983.15,14985.05,183.0
2021-06-24 12:55:00,NSE:BOSCHLTD,14990.0,15000.0,14985.1,14991.05,61.0
2021-06-24 13:00:00,NSE:BOSCHLTD,14992.0,15000.0,14986.0,14995.0,182.0
2021-06-24 13:05:00,NSE:BOSCHLTD,14997.8,15000.0,14988.15,15000.0,158.0
2021-06-24 13:10:00,NSE:BOSCHLTD,15000.0,15000.05,14990.2,14991.95,253.0
2021-06-24 13:15:00,NSE:BOSCHLTD,14991.95,15000.0,14990.25,14998.95,97.0
2021-06-24 13:20:00,NSE:BOSCHLTD,14990.4,14999.0,14990.4,14997.7,81.0
2021-06-24 13:25:00,NSE:BOSCHLTD,14991.2,14998.8,14985.1,14987.0,146.0
2021-06-24 13:30:00,NSE:BOSCHLTD,14987.0,14998.0,14985.1,14994.0,97.0
2021-06-24 13:35:00,NSE:BOSCHLTD,14996.6,15002.05,14988.95,15002.05,131.0
2021-06-24 13:40:00,NSE:BOSCHLTD,14990.1,15020.25,14987.6,15019.9,76.0
2021-06-24 13:45:00,NSE:BOSCHLTD,15008.5,15014.65,15008.25,15014.0,46.0
2021-06-24 13:50:00,NSE:BOSCHLTD,15008.0,15008.0,14987.25,14998.2,126.0
2021-06-24 13:55:00,NSE:BOSCHLTD,14998.2,14998.2,14980.0,14980.0,213.0
2021-06-24 14:00:00,NSE:BOSCHLTD,14980.0,14999.0,14980.0,14998.0,103.0
2021-06-24 14:05:00,NSE:BOSCHLTD,14997.95,15010.5,14993.15,15000.0,575.0
2021-06-24 14:10:00,NSE:BOSCHLTD,15000.05,15006.75,14981.0,14990.0,146.0
2021-06-24 14:15:00,NSE:BOSCHLTD,14990.0,14995.65,14980.0,14980.25,140.0
2021-06-24 14:20:00,NSE:BOSCHLTD,14980.25,14998.7,14949.65,14964.05,593.0
2021-06-24 14:25:00,NSE:BOSCHLTD,14958.9,14964.45,14947.05,14950.05,341.0
2021-06-24 14:30:00,NSE:BOSCHLTD,14950.0,14980.0,14949.0,14949.0,361.0
2021-06-24 14:35:00,NSE:BOSCHLTD,14949.0,14974.75,14911.0,14946.5,646.0
2021-06-24 14:40:00,NSE:BOSCHLTD,14945.2,14960.0,14945.2,14952.0,99.0
2021-06-24 14:45:00,NSE:BOSCHLTD,14950.0,14958.35,14940.4,14958.0,341.0
2021-06-24 14:50:00,NSE:BOSCHLTD,14958.0,14973.0,14956.8,14972.0,339.0
2021-06-24 14:55:00,NSE:BOSCHLTD,14962.75,14979.95,14960.8,14972.0,464.0
2021-06-24 15:00:00,NSE:BOSCHLTD,14967.15,14985.0,14945.0,14958.0,1191.0
2021-06-24 15:05:00,NSE:BOSCHLTD,14958.3,14970.0,14938.0,14959.65,944.0
2021-06-24 15:10:00,NSE:BOSCHLTD,14959.0,14989.1,14939.6,14957.05,1438.0
2021-06-24 15:15:00,NSE:BOSCHLTD,14977.2,14977.2,14940.05,14941.9,722.0
2021-06-24 15:20:00,NSE:BOSCHLTD,14941.35,14954.95,14930.0,14937.0,1548.0
2021-06-24 15:25:00,NSE:BOSCHLTD,14930.9,14948.8,14930.0,14935.0,1451.0
2021-06-24 15:40:00,NSE:BOSCHLTD,14950.0,14950.0,14935.0,14935.0,10.0
2021-06-25 09:05:00,NSE:BOSCHLTD,14994.85,14994.85,14994.85,14994.85,36.0
2021-06-25 09:15:00,NSE:BOSCHLTD,14994.85,15046.35,14994.7,15029.0,920.0
2021-06-25 09:20:00,NSE:BOSCHLTD,15018.75,15050.0,15018.0,15045.0,406.0
2021-06-25 09:25:00,NSE:BOSCHLTD,15039.05,15045.0,15022.55,15033.05,385.0
2021-06-25 09:30:00,NSE:BOSCHLTD,15031.55,15098.85,15031.55,15066.05,1295.0
2021-06-25 09:35:00,NSE:BOSCHLTD,15074.85,15095.0,15063.15,15094.45,335.0
2021-06-25 09:40:00,NSE:BOSCHLTD,15089.95,15091.75,15051.05,15051.05,410.0
2021-06-25 09:45:00,NSE:BOSCHLTD,15051.05,15081.0,15051.05,15069.1,256.0
2021-06-25 09:50:00,NSE:BOSCHLTD,15069.1,15095.0,15069.1,15082.55,288.0
2021-06-25 09:55:00,NSE:BOSCHLTD,15093.75,15097.0,15057.0,15077.3,696.0
2021-06-25 10:00:00,NSE:BOSCHLTD,15069.05,15069.5,15021.0,15031.0,649.0
2021-06-25 10:05:00,NSE:BOSCHLTD,15031.45,15040.0,14995.0,15000.0,937.0
2021-06-25 10:10:00,NSE:BOSCHLTD,14995.2,15000.0,14971.35,15000.0,356.0
2021-06-25 10:15:00,NSE:BOSCHLTD,14992.5,15019.45,14991.15,15007.55,290.0
2021-06-25 10:20:00,NSE:BOSCHLTD,15019.9,15025.0,14996.0,15000.0,999.0
2021-06-25 10:25:00,NSE:BOSCHLTD,15000.65,15011.0,14991.35,14999.95,346.0
2021-06-25 10:30:00,NSE:BOSCHLTD,15000.0,15000.0,14980.0,14989.45,186.0
2021-06-25 10:35:00,NSE:BOSCHLTD,14989.45,15000.0,14989.45,14999.75,65.0
2021-06-25 10:40:00,NSE:BOSCHLTD,14999.95,15000.0,14979.5,14979.5,244.0
2021-06-25 10:45:00,NSE:BOSCHLTD,14980.65,14995.75,14975.0,14975.0,142.0
2021-06-25 10:50:00,NSE:BOSCHLTD,14975.0,15025.0,14971.05,15020.4,336.0
2021-06-25 10:55:00,NSE:BOSCHLTD,15025.0,15029.95,15010.55,15029.95,2946.0
2021-06-25 11:00:00,NSE:BOSCHLTD,15021.0,15035.0,15020.05,15033.25,104.0
2021-06-25 11:05:00,NSE:BOSCHLTD,15040.0,15040.0,15025.05,15034.35,87.0
2021-06-25 11:10:00,NSE:BOSCHLTD,15027.05,15038.0,15021.4,15024.45,373.0
2021-06-25 11:15:00,NSE:BOSCHLTD,15022.05,15037.65,15020.0,15026.95,170.0
2021-06-25 11:20:00,NSE:BOSCHLTD,15026.85,15037.0,15020.05,15036.9,139.0
2021-06-25 11:25:00,NSE:BOSCHLTD,15035.0,15039.8,15030.3,15034.5,106.0
2021-06-25 11:30:00,NSE:BOSCHLTD,15039.8,15044.0,15030.0,15036.0,225.0
2021-06-25 11:35:00,NSE:BOSCHLTD,15031.55,15045.0,15028.5,15031.65,112.0
2021-06-25 11:40:00,NSE:BOSCHLTD,15044.0,15045.0,15031.3,15035.0,282.0
2021-06-25 11:45:00,NSE:BOSCHLTD,15033.5,15049.45,15033.5,15049.45,69.0
2021-06-25 11:50:00,NSE:BOSCHLTD,15049.45,15050.0,15043.5,15043.5,60.0
2021-06-25 11:55:00,NSE:BOSCHLTD,15050.0,15065.0,15050.0,15055.55,211.0
2021-06-25 12:00:00,NSE:BOSCHLTD,15052.6,15063.9,15047.2,15049.35,50.0
2021-06-25 12:05:00,NSE:BOSCHLTD,15048.1,15049.7,15042.05,15048.95,77.0
2021-06-25 12:10:00,NSE:BOSCHLTD,15043.5,15077.45,15043.5,15072.05,218.0
2021-06-25 12:15:00,NSE:BOSCHLTD,15079.05,15082.85,15059.0,15077.85,132.0
2021-06-25 12:20:00,NSE:BOSCHLTD,15065.05,15076.5,15058.5,15058.5,130.0
2021-06-25 12:25:00,NSE:BOSCHLTD,15060.0,15075.0,15057.0,15058.5,374.0
2021-06-25 12:30:00,NSE:BOSCHLTD,15068.7,15100.0,15065.0,15090.05,639.0
2021-06-25 12:35:00,NSE:BOSCHLTD,15081.1,15088.85,15058.15,15070.6,114.0
2021-06-25 12:40:00,NSE:BOSCHLTD,15070.6,15086.6,15070.6,15084.1,105.0
2021-06-25 12:45:00,NSE:BOSCHLTD,15072.05,15084.0,15060.0,15060.0,112.0
2021-06-25 12:50:00,NSE:BOSCHLTD,15069.0,15089.95,15060.0,15089.95,133.0
2021-06-25 12:55:00,NSE:BOSCHLTD,15085.0,15095.0,15085.0,15090.0,272.0
2021-06-25 13:00:00,NSE:BOSCHLTD,15090.0,15095.0,15070.6,15094.95,225.0
2021-06-25 13:05:00,NSE:BOSCHLTD,15094.5,15131.9,15072.25,15112.2,1416.0
2021-06-25 13:10:00,NSE:BOSCHLTD,15117.0,15119.85,15100.05,15100.1,246.0
2021-06-25 13:15:00,NSE:BOSCHLTD,15103.0,15113.3,15102.0,15102.0,100.0
2021-06-25 13:20:00,NSE:BOSCHLTD,15101.05,15111.95,15100.0,15110.55,245.0
2021-06-25 13:25:00,NSE:BOSCHLTD,15111.05,15112.0,15090.0,15090.0,116.0
2021-06-25 13:30:00,NSE:BOSCHLTD,15070.6,15120.0,15060.15,15120.0,438.0
2021-06-25 13:35:00,NSE:BOSCHLTD,15120.05,15123.95,15097.0,15108.4,345.0
2021-06-25 13:40:00,NSE:BOSCHLTD,15112.55,15134.95,15112.55,15129.05,331.0
2021-06-25 13:45:00,NSE:BOSCHLTD,15135.0,15147.6,15115.5,15115.5,718.0
2021-06-25 13:50:00,NSE:BOSCHLTD,15115.75,15134.8,15097.0,15104.9,409.0
2021-06-25 13:55:00,NSE:BOSCHLTD,15099.05,15140.55,15099.05,15136.45,514.0
2021-06-25 14:00:00,NSE:BOSCHLTD,15125.7,15140.5,15125.35,15132.9,215.0
2021-06-25 14:05:00,NSE:BOSCHLTD,15139.55,15139.6,15115.15,15125.0,307.0
2021-06-25 14:10:00,NSE:BOSCHLTD,15124.5,15134.8,15110.15,15112.65,385.0
2021-06-25 14:15:00,NSE:BOSCHLTD,15132.25,15133.9,15110.25,15111.0,411.0
2021-06-25 14:20:00,NSE:BOSCHLTD,15112.1,15118.2,15102.0,15108.15,372.0
2021-06-25 14:25:00,NSE:BOSCHLTD,15117.0,15130.0,15107.05,15117.2,264.0
2021-06-25 14:30:00,NSE:BOSCHLTD,15118.55,15129.0,15105.0,15109.75,333.0
2021-06-25 14:35:00,NSE:BOSCHLTD,15117.0,15118.55,15100.0,15100.0,344.0
2021-06-25 14:40:00,NSE:BOSCHLTD,15104.95,15105.75,15082.5,15087.0,519.0
2021-06-25 14:45:00,NSE:BOSCHLTD,15104.0,15105.4,15090.0,15091.9,129.0
2021-06-25 14:50:00,NSE:BOSCHLTD,15092.95,15102.55,15092.95,15099.0,135.0
2021-06-25 14:55:00,NSE:BOSCHLTD,15093.5,15097.4,15060.0,15064.5,432.0
2021-06-25 15:00:00,NSE:BOSCHLTD,15076.45,15090.0,15060.55,15090.0,284.0
2021-06-25 15:05:00,NSE:BOSCHLTD,15082.6,15095.5,15061.1,15061.25,511.0
2021-06-25 15:10:00,NSE:BOSCHLTD,15061.5,15085.0,15061.5,15066.05,332.0
2021-06-25 15:15:00,NSE:BOSCHLTD,15073.0,15084.45,15066.7,15071.0,396.0
2021-06-25 15:20:00,NSE:BOSCHLTD,15071.05,15095.0,15063.1,15094.55,698.0
2021-06-25 15:25:00,NSE:BOSCHLTD,15094.55,15094.55,15063.05,15070.0,474.0
2021-06-28 09:05:00,NSE:BOSCHLTD,15180.0,15180.0,15180.0,15180.0,60.0
2021-06-28 09:15:00,NSE:BOSCHLTD,15180.0,15180.0,15070.0,15105.75,948.0
2021-06-28 09:20:00,NSE:BOSCHLTD,15105.6,15113.0,15070.0,15091.35,282.0
2021-06-28 09:25:00,NSE:BOSCHLTD,15082.95,15130.0,15075.0,15126.45,237.0
2021-06-28 09:30:00,NSE:BOSCHLTD,15126.95,15150.0,15117.15,15133.15,342.0
2021-06-28 09:35:00,NSE:BOSCHLTD,15133.0,15133.0,15070.0,15070.0,336.0
2021-06-28 09:40:00,NSE:BOSCHLTD,15070.0,15086.05,15070.0,15086.05,188.0
2021-06-28 09:45:00,NSE:BOSCHLTD,15082.0,15097.85,15076.6,15096.3,133.0
2021-06-28 09:50:00,NSE:BOSCHLTD,15100.0,15121.15,15091.0,15099.1,171.0
2021-06-28 09:55:00,NSE:BOSCHLTD,15103.95,15116.0,15083.4,15115.65,298.0
2021-06-28 10:00:00,NSE:BOSCHLTD,15115.25,15116.0,15090.3,15116.0,146.0
2021-06-28 10:05:00,NSE:BOSCHLTD,15119.3,15135.0,15106.2,15130.35,329.0
2021-06-28 10:10:00,NSE:BOSCHLTD,15135.0,15139.7,15127.8,15127.8,79.0
2021-06-28 10:15:00,NSE:BOSCHLTD,15127.0,15149.3,15113.3,15113.3,210.0
2021-06-28 10:20:00,NSE:BOSCHLTD,15110.0,15119.0,15084.85,15116.9,298.0
2021-06-28 10:25:00,NSE:BOSCHLTD,15092.6,15115.95,15092.6,15109.0,206.0
2021-06-28 10:30:00,NSE:BOSCHLTD,15097.0,15124.0,15093.1,15118.0,273.0
2021-06-28 10:35:00,NSE:BOSCHLTD,15119.8,15119.8,15074.2,15074.2,356.0
2021-06-28 10:40:00,NSE:BOSCHLTD,15084.6,15086.25,15072.0,15086.25,114.0
2021-06-28 10:45:00,NSE:BOSCHLTD,15086.05,15090.2,15075.05,15090.2,44.0
2021-06-28 10:50:00,NSE:BOSCHLTD,15089.5,15089.5,15076.0,15079.2,53.0
2021-06-28 10:55:00,NSE:BOSCHLTD,15079.15,15091.0,15072.0,15076.65,277.0
2021-06-28 11:00:00,NSE:BOSCHLTD,15089.4,15103.45,15077.0,15090.3,57.0
2021-06-28 11:05:00,NSE:BOSCHLTD,15103.45,15124.95,15103.45,15124.95,250.0
2021-06-28 11:10:00,NSE:BOSCHLTD,15141.1,15141.1,15104.45,15105.6,134.0
2021-06-28 11:15:00,NSE:BOSCHLTD,15101.8,15125.0,15101.8,15125.0,141.0
2021-06-28 11:20:00,NSE:BOSCHLTD,15122.5,15129.0,15122.5,15122.5,138.0
2021-06-28 11:25:00,NSE:BOSCHLTD,15124.0,15129.0,15122.5,15129.0,98.0
2021-06-28 11:30:00,NSE:BOSCHLTD,15126.95,15136.6,15122.5,15136.6,78.0
2021-06-28 11:35:00,NSE:BOSCHLTD,15135.0,15135.95,15133.9,15135.95,195.0
2021-06-28 11:40:00,NSE:BOSCHLTD,15135.9,15135.9,15123.3,15134.9,89.0
2021-06-28 11:45:00,NSE:BOSCHLTD,15125.35,15134.8,15122.5,15123.0,162.0
2021-06-28 11:50:00,NSE:BOSCHLTD,15122.5,15128.8,15122.5,15124.0,227.0
2021-06-28 11:55:00,NSE:BOSCHLTD,15123.0,15132.1,15113.65,15115.0,244.0
2021-06-28 12:00:00,NSE:BOSCHLTD,15115.0,15117.45,15101.0,15101.0,285.0
2021-06-28 12:05:00,NSE:BOSCHLTD,15101.0,15110.0,15101.0,15105.05,175.0
2021-06-28 12:10:00,NSE:BOSCHLTD,15105.75,15117.0,15105.0,15116.6,151.0
2021-06-28 12:15:00,NSE:BOSCHLTD,15107.0,15125.9,15105.0,15123.95,166.0
2021-06-28 12:20:00,NSE:BOSCHLTD,15115.4,15170.0,15115.4,15156.55,587.0
2021-06-28 12:25:00,NSE:BOSCHLTD,15141.45,15152.95,15130.0,15130.0,240.0
2021-06-28 12:30:00,NSE:BOSCHLTD,15133.9,15136.55,15116.0,15116.0,112.0
2021-06-28 12:35:00,NSE:BOSCHLTD,15116.0,15131.75,15116.0,15116.0,231.0
2021-06-28 12:40:00,NSE:BOSCHLTD,15124.1,15132.65,15116.1,15132.65,215.0
2021-06-28 12:45:00,NSE:BOSCHLTD,15132.65,15139.9,15118.6,15134.35,219.0
2021-06-28 12:50:00,NSE:BOSCHLTD,15121.9,15138.4,15121.0,15121.0,212.0
2021-06-28 12:55:00,NSE:BOSCHLTD,15121.0,15133.8,15116.0,15116.0,183.0
2021-06-28 13:00:00,NSE:BOSCHLTD,15118.0,15128.1,15112.0,15112.0,127.0
2021-06-28 13:05:00,NSE:BOSCHLTD,15112.05,15124.35,15105.0,15105.0,226.0
2021-06-28 13:10:00,NSE:BOSCHLTD,15116.45,15129.0,15102.15,15116.3,334.0
2021-06-28 13:15:00,NSE:BOSCHLTD,15119.75,15129.0,15110.15,15125.95,193.0
2021-06-28 13:20:00,NSE:BOSCHLTD,15112.0,15140.0,15112.0,15125.0,391.0
2021-06-28 13:25:00,NSE:BOSCHLTD,15125.0,15138.55,15123.45,15124.0,223.0
2021-06-28 13:30:00,NSE:BOSCHLTD,15134.2,15134.95,15118.05,15118.05,155.0
2021-06-28 13:35:00,NSE:BOSCHLTD,15118.0,15127.95,15112.0,15112.0,200.0
2021-06-28 13:40:00,NSE:BOSCHLTD,15112.0,15125.75,15112.0,15113.0,134.0
2021-06-28 13:45:00,NSE:BOSCHLTD,15113.0,15128.5,15113.0,15116.05,195.0
2021-06-28 13:50:00,NSE:BOSCHLTD,15118.05,15128.55,15116.05,15118.0,110.0
2021-06-28 13:55:00,NSE:BOSCHLTD,15118.0,15125.0,15117.0,15117.0,194.0
2021-06-28 14:00:00,NSE:BOSCHLTD,15117.05,15124.25,15113.0,15124.05,198.0
2021-06-28 14:05:00,NSE:BOSCHLTD,15116.2,15125.0,15116.0,15117.0,184.0
2021-06-28 14:10:00,NSE:BOSCHLTD,15116.0,15124.95,15116.0,15117.0,131.0
2021-06-28 14:15:00,NSE:BOSCHLTD,15116.0,15117.1,15113.0,15113.0,156.0
2021-06-28 14:20:00,NSE:BOSCHLTD,15113.0,15160.0,15113.0,15144.65,640.0
2021-06-28 14:25:00,NSE:BOSCHLTD,15129.6,15169.0,15129.6,15160.0,726.0
2021-06-28 14:30:00,NSE:BOSCHLTD,15160.0,15160.0,15139.35,15144.75,191.0
2021-06-28 14:35:00,NSE:BOSCHLTD,15145.05,15156.8,15131.45,15132.0,261.0
2021-06-28 14:40:00,NSE:BOSCHLTD,15132.0,15150.0,15132.0,15135.1,194.0
2021-06-28 14:45:00,NSE:BOSCHLTD,15136.8,15168.9,15136.8,15150.0,520.0
2021-06-28 14:50:00,NSE:BOSCHLTD,15150.05,15174.9,15148.15,15162.7,279.0
2021-06-28 14:55:00,NSE:BOSCHLTD,15163.15,15175.0,15150.1,15155.0,372.0
2021-06-28 15:00:00,NSE:BOSCHLTD,15162.95,15165.4,15148.0,15159.2,406.0
2021-06-28 15:05:00,NSE:BOSCHLTD,15154.1,15163.9,15136.0,15147.0,698.0
2021-06-28 15:10:00,NSE:BOSCHLTD,15147.0,15157.6,15137.05,15149.8,337.0
2021-06-28 15:15:00,NSE:BOSCHLTD,15149.95,15166.45,15144.0,15166.45,391.0
2021-06-28 15:20:00,NSE:BOSCHLTD,15160.1,15181.2,15147.05,15181.2,844.0
2021-06-28 15:25:00,NSE:BOSCHLTD,15174.4,15185.95,15104.9,15120.1,706.0
2021-06-28 15:40:00,NSE:BOSCHLTD,15152.3,15152.3,15152.3,15152.3,3.0
2021-06-29 09:05:00,NSE:BOSCHLTD,15200.0,15200.0,15200.0,15200.0,101.0
2021-06-29 09:15:00,NSE:BOSCHLTD,15200.0,15200.0,15155.0,15189.7,502.0
2021-06-29 09:20:00,NSE:BOSCHLTD,15189.7,15215.0,15162.15,15200.0,688.0
2021-06-29 09:25:00,NSE:BOSCHLTD,15201.25,15203.0,15180.0,15184.5,184.0
2021-06-29 09:30:00,NSE:BOSCHLTD,15180.05,15212.0,15171.7,15198.0,235.0
2021-06-29 09:35:00,NSE:BOSCHLTD,15205.0,15205.0,15186.2,15186.2,76.0
2021-06-29 09:40:00,NSE:BOSCHLTD,15180.0,15199.85,15177.0,15198.0,147.0
2021-06-29 09:45:00,NSE:BOSCHLTD,15198.0,15198.0,15177.0,15180.0,54.0
2021-06-29 09:50:00,NSE:BOSCHLTD,15189.0,15189.0,15145.0,15150.0,451.0
2021-06-29 09:55:00,NSE:BOSCHLTD,15154.5,15166.8,15136.05,15160.4,285.0
2021-06-29 10:00:00,NSE:BOSCHLTD,15150.0,15166.75,15142.85,15148.5,134.0
2021-06-29 10:05:00,NSE:BOSCHLTD,15157.1,15157.35,15140.0,15145.2,131.0
2021-06-29 10:10:00,NSE:BOSCHLTD,15144.9,15167.0,15129.0,15167.0,261.0
2021-06-29 10:15:00,NSE:BOSCHLTD,15166.0,15181.5,15162.05,15162.05,95.0
2021-06-29 10:20:00,NSE:BOSCHLTD,15169.5,15170.95,15151.0,15151.0,52.0
2021-06-29 10:25:00,NSE:BOSCHLTD,15151.0,15163.7,15150.0,15150.05,124.0
2021-06-29 10:30:00,NSE:BOSCHLTD,15150.0,15158.95,15140.0,15144.05,92.0
2021-06-29 10:35:00,NSE:BOSCHLTD,15156.0,15170.8,15145.0,15156.05,179.0
2021-06-29 10:40:00,NSE:BOSCHLTD,15154.85,15155.95,15131.0,15154.8,164.0
2021-06-29 10:45:00,NSE:BOSCHLTD,15156.0,15163.9,15145.5,15163.55,75.0
2021-06-29 10:50:00,NSE:BOSCHLTD,15162.0,15162.0,15145.5,15149.0,118.0
2021-06-29 10:55:00,NSE:BOSCHLTD,15158.0,15163.0,15148.0,15155.95,324.0
2021-06-29 11:00:00,NSE:BOSCHLTD,15158.45,15195.0,15157.5,15194.0,428.0
2021-06-29 11:05:00,NSE:BOSCHLTD,15193.5,15200.7,15190.0,15194.0,334.0
2021-06-29 11:10:00,NSE:BOSCHLTD,15205.0,15209.15,15195.0,15205.0,137.0
2021-06-29 11:15:00,NSE:BOSCHLTD,15204.95,15230.05,15195.05,15200.9,447.0
2021-06-29 11:20:00,NSE:BOSCHLTD,15209.8,15209.8,15197.05,15209.0,78.0
2021-06-29 11:25:00,NSE:BOSCHLTD,15208.75,15220.0,15194.0,15194.0,323.0
2021-06-29 11:30:00,NSE:BOSCHLTD,15200.0,15200.0,15175.0,15175.0,320.0
2021-06-29 11:35:00,NSE:BOSCHLTD,15175.0,15188.05,15170.0,15175.0,326.0
2021-06-29 11:40:00,NSE:BOSCHLTD,15175.0,15195.0,15160.0,15160.0,398.0
2021-06-29 11:45:00,NSE:BOSCHLTD,15176.95,15192.3,15150.0,15192.0,516.0
2021-06-29 11:50:00,NSE:BOSCHLTD,15190.0,15196.05,15165.0,15168.2,317.0
2021-06-29 11:55:00,NSE:BOSCHLTD,15164.8,15185.0,15150.0,15185.0,443.0
2021-06-29 12:00:00,NSE:BOSCHLTD,15195.05,15250.0,15190.05,15205.45,828.0
2021-06-29 12:05:00,NSE:BOSCHLTD,15199.4,15206.75,15156.8,15169.5,216.0
2021-06-29 12:10:00,NSE:BOSCHLTD,15162.0,15173.95,15150.0,15160.5,371.0
2021-06-29 12:15:00,NSE:BOSCHLTD,15163.45,15165.0,15145.0,15149.0,330.0
2021-06-29 12:20:00,NSE:BOSCHLTD,15145.0,15156.05,15129.0,15142.45,246.0
2021-06-29 12:25:00,NSE:BOSCHLTD,15143.3,15145.0,15114.05,15125.95,305.0
2021-06-29 12:30:00,NSE:BOSCHLTD,15125.9,15128.0,15103.95,15118.3,210.0
2021-06-29 12:35:00,NSE:BOSCHLTD,15119.8,15129.4,15105.0,15108.45,205.0
2021-06-29 12:40:00,NSE:BOSCHLTD,15108.45,15125.0,15105.0,15111.05,198.0
2021-06-29 12:45:00,NSE:BOSCHLTD,15111.0,15120.0,15104.0,15114.0,182.0
2021-06-29 12:50:00,NSE:BOSCHLTD,15113.9,15150.0,15100.0,15108.65,1360.0
2021-06-29 12:55:00,NSE:BOSCHLTD,15108.65,15119.9,15100.0,15118.45,379.0
2021-06-29 13:00:00,NSE:BOSCHLTD,15110.0,15118.8,15100.0,15110.15,468.0
2021-06-29 13:05:00,NSE:BOSCHLTD,15110.2,15115.9,15100.5,15114.9,169.0
2021-06-29 13:10:00,NSE:BOSCHLTD,15112.5,15125.0,15105.0,15113.6,68.0
2021-06-29 13:15:00,NSE:BOSCHLTD,15120.0,15140.0,15108.95,15126.15,114.0
2021-06-29 13:20:00,NSE:BOSCHLTD,15140.0,15140.0,15125.0,15125.0,17.0
2021-06-29 13:25:00,NSE:BOSCHLTD,15122.5,15139.45,15122.5,15139.3,49.0
2021-06-29 13:30:00,NSE:BOSCHLTD,15139.25,15145.0,15100.15,15113.5,251.0
2021-06-29 13:35:00,NSE:BOSCHLTD,15100.4,15175.0,15100.0,15128.95,783.0
2021-06-29 13:40:00,NSE:BOSCHLTD,15129.0,15182.95,15123.0,15166.5,424.0
2021-06-29 13:45:00,NSE:BOSCHLTD,15173.1,15183.0,15173.0,15181.0,122.0
2021-06-29 13:50:00,NSE:BOSCHLTD,15174.0,15183.0,15156.0,15183.0,374.0
2021-06-29 13:55:00,NSE:BOSCHLTD,15183.0,15183.0,15152.2,15157.0,46.0
2021-06-29 14:00:00,NSE:BOSCHLTD,15165.0,15165.0,15135.0,15164.3,216.0
2021-06-29 14:05:00,NSE:BOSCHLTD,15164.6,15188.5,15148.5,15188.05,366.0
2021-06-29 14:10:00,NSE:BOSCHLTD,15187.5,15197.45,15174.0,15193.0,317.0
2021-06-29 14:15:00,NSE:BOSCHLTD,15192.95,15192.95,15150.0,15169.5,196.0
2021-06-29 14:20:00,NSE:BOSCHLTD,15169.5,15169.5,15123.0,15123.0,460.0
2021-06-29 14:25:00,NSE:BOSCHLTD,15123.0,15134.95,15116.0,15124.55,351.0
2021-06-29 14:30:00,NSE:BOSCHLTD,15126.0,15126.0,15093.0,15097.2,594.0
2021-06-29 14:35:00,NSE:BOSCHLTD,15097.2,15120.0,15075.1,15115.2,335.0
2021-06-29 14:40:00,NSE:BOSCHLTD,15118.05,15150.0,15105.0,15139.0,348.0
2021-06-29 14:45:00,NSE:BOSCHLTD,15145.0,15147.0,15123.65,15136.5,108.0
2021-06-29 14:50:00,NSE:BOSCHLTD,15136.0,15136.0,15113.9,15122.6,221.0
2021-06-29 14:55:00,NSE:BOSCHLTD,15117.15,15135.85,15116.05,15133.45,119.0
2021-06-29 15:00:00,NSE:BOSCHLTD,15122.45,15150.0,15061.65,15062.7,2178.0
2021-06-29 15:05:00,NSE:BOSCHLTD,15073.45,15081.2,14982.35,15007.8,1857.0
2021-06-29 15:10:00,NSE:BOSCHLTD,15001.0,15006.6,14972.0,14989.75,2088.0
2021-06-29 15:15:00,NSE:BOSCHLTD,14995.5,15009.6,14970.0,15001.75,2219.0
2021-06-29 15:20:00,NSE:BOSCHLTD,15001.75,15033.15,15000.0,15022.5,1739.0
2021-06-29 15:25:00,NSE:BOSCHLTD,15014.2,15075.0,15014.05,15074.95,961.0
2021-06-29 15:40:00,NSE:BOSCHLTD,15025.6,15025.6,15025.6,15025.6,1.0
2021-06-30 09:05:00,NSE:BOSCHLTD,15070.7,15070.7,15070.7,15070.7,12.0
2021-06-30 09:15:00,NSE:BOSCHLTD,15070.7,15129.05,15060.0,15115.6,653.0
2021-06-30 09:20:00,NSE:BOSCHLTD,15105.6,15135.0,15105.6,15129.95,292.0
2021-06-30 09:25:00,NSE:BOSCHLTD,15124.5,15125.2,15103.7,15120.0,145.0
2021-06-30 09:30:00,NSE:BOSCHLTD,15103.55,15128.0,15091.5,15112.5,214.0
2021-06-30 09:35:00,NSE:BOSCHLTD,15111.0,15120.0,15104.0,15109.5,25.0
2021-06-30 09:40:00,NSE:BOSCHLTD,15109.5,15120.0,15100.05,15100.05,217.0
2021-06-30 09:45:00,NSE:BOSCHLTD,15107.3,15122.5,15100.0,15101.45,151.0
2021-06-30 09:50:00,NSE:BOSCHLTD,15110.0,15122.5,15080.0,15088.3,467.0
2021-06-30 09:55:00,NSE:BOSCHLTD,15088.3,15134.0,15088.3,15134.0,138.0
2021-06-30 10:00:00,NSE:BOSCHLTD,15136.55,15148.9,15124.45,15140.0,379.0
2021-06-30 10:05:00,NSE:BOSCHLTD,15130.75,15140.7,15112.5,15132.05,63.0
2021-06-30 10:10:00,NSE:BOSCHLTD,15139.5,15147.65,15132.05,15147.0,57.0
2021-06-30 10:15:00,NSE:BOSCHLTD,15145.0,15145.0,15120.0,15120.0,276.0
2021-06-30 10:20:00,NSE:BOSCHLTD,15120.2,15123.25,15103.85,15109.65,60.0
2021-06-30 10:25:00,NSE:BOSCHLTD,15108.65,15124.5,15104.0,15124.5,32.0
2021-06-30 10:30:00,NSE:BOSCHLTD,15130.0,15139.5,15130.0,15130.0,15.0
2021-06-30 10:35:00,NSE:BOSCHLTD,15141.5,15151.2,15097.2,15104.95,487.0
2021-06-30 10:40:00,NSE:BOSCHLTD,15099.0,15108.0,15057.05,15078.45,618.0
2021-06-30 10:45:00,NSE:BOSCHLTD,15080.0,15080.0,15067.0,15079.4,316.0
2021-06-30 10:50:00,NSE:BOSCHLTD,15079.4,15080.0,15075.0,15075.0,73.0
2021-06-30 10:55:00,NSE:BOSCHLTD,15079.95,15080.0,15070.0,15070.0,59.0
2021-06-30 11:00:00,NSE:BOSCHLTD,15079.15,15080.0,15065.0,15070.05,139.0
2021-06-30 11:05:00,NSE:BOSCHLTD,15070.05,15072.05,14950.6,14953.05,5612.0
2021-06-30 11:10:00,NSE:BOSCHLTD,14953.05,14987.3,14953.0,14958.1,1567.0
2021-06-30 11:15:00,NSE:BOSCHLTD,14958.1,14985.8,14941.0,14943.35,1672.0
2021-06-30 11:20:00,NSE:BOSCHLTD,14943.2,14961.7,14941.45,14956.95,1038.0
2021-06-30 11:25:00,NSE:BOSCHLTD,14956.95,15010.0,14956.95,15003.0,335.0
2021-06-30 11:30:00,NSE:BOSCHLTD,15003.0,15009.8,14990.0,15009.8,236.0
2021-06-30 11:35:00,NSE:BOSCHLTD,15009.0,15029.9,15003.1,15028.95,268.0
2021-06-30 11:40:00,NSE:BOSCHLTD,15029.8,15039.4,15024.2,15033.45,153.0
2021-06-30 11:45:00,NSE:BOSCHLTD,15016.6,15028.2,15015.0,15028.0,344.0
2021-06-30 11:50:00,NSE:BOSCHLTD,15034.9,15039.4,15022.55,15039.4,241.0
2021-06-30 11:55:00,NSE:BOSCHLTD,15040.0,15045.0,15030.05,15044.95,202.0
2021-06-30 12:00:00,NSE:BOSCHLTD,15044.95,15044.95,15029.1,15041.95,66.0
2021-06-30 12:05:00,NSE:BOSCHLTD,15031.5,15049.95,15031.5,15049.45,224.0
2021-06-30 12:10:00,NSE:BOSCHLTD,15039.05,15050.0,15035.0,15046.35,166.0
2021-06-30 12:15:00,NSE:BOSCHLTD,15046.95,15049.85,15037.55,15048.95,102.0
2021-06-30 12:20:00,NSE:BOSCHLTD,15040.55,15040.55,14992.0,15000.0,357.0
2021-06-30 12:25:00,NSE:BOSCHLTD,14990.0,15004.8,14982.25,14995.5,342.0
2021-06-30 12:30:00,NSE:BOSCHLTD,14995.5,15006.05,14995.5,15002.5,58.0
2021-06-30 12:35:00,NSE:BOSCHLTD,15002.5,15013.8,14996.0,15000.0,103.0
2021-06-30 12:40:00,NSE:BOSCHLTD,15000.0,15007.45,14994.3,15007.45,151.0
2021-06-30 12:45:00,NSE:BOSCHLTD,15006.0,15007.45,14980.0,14980.05,200.0
2021-06-30 12:50:00,NSE:BOSCHLTD,14981.5,15005.4,14981.5,14992.9,63.0
2021-06-30 12:55:00,NSE:BOSCHLTD,14993.5,15013.75,14993.5,15006.0,117.0
2021-06-30 13:00:00,NSE:BOSCHLTD,15004.95,15017.8,15000.05,15000.05,74.0
2021-06-30 13:05:00,NSE:BOSCHLTD,14998.0,15012.45,14983.35,14991.45,183.0
2021-06-30 13:10:00,NSE:BOSCHLTD,14995.65,15004.1,14989.1,14990.0,138.0
2021-06-30 13:15:00,NSE:BOSCHLTD,14990.0,15007.4,14990.0,14997.0,41.0
2021-06-30 13:20:00,NSE:BOSCHLTD,15006.5,15006.5,14980.0,14983.5,140.0
2021-06-30 13:25:00,NSE:BOSCHLTD,14983.5,15000.0,14975.0,14979.85,292.0
2021-06-30 13:30:00,NSE:BOSCHLTD,14980.05,14992.45,14968.0,14977.45,295.0
2021-06-30 13:35:00,NSE:BOSCHLTD,14979.0,14986.45,14968.9,14968.9,19.0
2021-06-30 13:40:00,NSE:BOSCHLTD,14981.85,14981.85,14950.1,14950.9,263.0
2021-06-30 13:45:00,NSE:BOSCHLTD,14955.0,14964.5,14955.0,14958.85,75.0
2021-06-30 13:50:00,NSE:BOSCHLTD,14959.5,14991.1,14959.5,14991.1,59.0
2021-06-30 13:55:00,NSE:BOSCHLTD,14979.1,14995.0,14976.05,14985.05,102.0
2021-06-30 14:00:00,NSE:BOSCHLTD,14985.05,14985.05,14958.85,14973.0,171.0
2021-06-30 14:05:00,NSE:BOSCHLTD,14973.0,14989.5,14973.0,14984.95,18.0
2021-06-30 14:10:00,NSE:BOSCHLTD,14977.55,14989.05,14976.2,14976.9,73.0
2021-06-30 14:15:00,NSE:BOSCHLTD,14980.15,14999.45,14980.15,14990.5,144.0
2021-06-30 14:20:00,NSE:BOSCHLTD,14986.0,14990.0,14980.0,14980.6,40.0
2021-06-30 14:25:00,NSE:BOSCHLTD,14990.0,14990.0,14960.45,14969.2,185.0
2021-06-30 14:30:00,NSE:BOSCHLTD,14977.6,14977.6,14951.0,14958.0,171.0
2021-06-30 14:35:00,NSE:BOSCHLTD,14968.1,14977.15,14958.05,14969.8,123.0
2021-06-30 14:40:00,NSE:BOSCHLTD,14972.0,14972.0,14945.1,14961.05,462.0
2021-06-30 14:45:00,NSE:BOSCHLTD,14960.95,14969.5,14950.0,14952.15,211.0
2021-06-30 14:50:00,NSE:BOSCHLTD,14952.15,14969.0,14952.15,14961.0,207.0
2021-06-30 14:55:00,NSE:BOSCHLTD,14968.0,14968.0,14952.0,14956.0,161.0
2021-06-30 15:00:00,NSE:BOSCHLTD,14964.0,15036.55,14956.0,15036.15,1545.0
2021-06-30 15:05:00,NSE:BOSCHLTD,15036.2,15042.0,14989.95,14989.95,1368.0
2021-06-30 15:10:00,NSE:BOSCHLTD,14989.95,15033.2,14971.55,15014.6,1487.0
2021-06-30 15:15:00,NSE:BOSCHLTD,15023.85,15056.3,15018.0,15050.0,1529.0
2021-06-30 15:20:00,NSE:BOSCHLTD,15055.0,15063.05,15035.8,15042.0,1390.0
2021-06-30 15:25:00,NSE:BOSCHLTD,15043.45,15046.45,15005.55,15034.0,985.0
2021-06-30 15:30:00,NSE:BOSCHLTD,15005.0,15005.0,15005.0,15005.0,2.0
2021-06-30 15:40:00,NSE:BOSCHLTD,15025.15,15025.15,15025.15,15025.15,1.0
2021-07-01 09:05:00,NSE:BOSCHLTD,15100.0,15100.0,15100.0,15100.0,40.0
2021-07-01 09:15:00,NSE:BOSCHLTD,15105.0,15105.05,14991.45,14999.95,1322.0
2021-07-01 09:20:00,NSE:BOSCHLTD,14999.95,15063.0,14980.7,15010.0,1030.0
2021-07-01 09:25:00,NSE:BOSCHLTD,15009.8,15029.0,14995.0,14995.0,284.0
2021-07-01 09:30:00,NSE:BOSCHLTD,15001.55,15040.0,15001.55,15035.05,310.0
2021-07-01 09:35:00,NSE:BOSCHLTD,15035.65,15055.8,15015.0,15049.5,386.0
2021-07-01 09:40:00,NSE:BOSCHLTD,15054.0,15074.95,15039.05,15053.95,134.0
2021-07-01 09:45:00,NSE:BOSCHLTD,15040.0,15055.45,15040.0,15051.05,42.0
2021-07-01 09:50:00,NSE:BOSCHLTD,15061.45,15061.45,15035.0,15043.5,83.0
2021-07-01 09:55:00,NSE:BOSCHLTD,15046.45,15046.45,15030.0,15031.3,79.0
2021-07-01 10:00:00,NSE:BOSCHLTD,15036.5,15040.7,15023.25,15023.25,45.0
2021-07-01 10:05:00,NSE:BOSCHLTD,15018.0,15030.95,15009.7,15030.95,71.0
2021-07-01 10:10:00,NSE:BOSCHLTD,15037.3,15039.9,15025.55,15035.0,9.0
2021-07-01 10:15:00,NSE:BOSCHLTD,15035.0,15050.95,15028.55,15050.95,89.0
2021-07-01 10:20:00,NSE:BOSCHLTD,15049.5,15059.8,15042.3,15059.8,120.0
2021-07-01 10:25:00,NSE:BOSCHLTD,15059.8,15059.8,15038.4,15038.4,56.0
2021-07-01 10:30:00,NSE:BOSCHLTD,15025.0,15034.85,15019.05,15034.45,79.0
2021-07-01 10:35:00,NSE:BOSCHLTD,15034.75,15042.0,15024.85,15024.85,56.0
2021-07-01 10:40:00,NSE:BOSCHLTD,15033.0,15041.0,15018.0,15041.0,56.0
2021-07-01 10:45:00,NSE:BOSCHLTD,15040.75,15049.0,15040.0,15047.25,19.0
2021-07-01 10:50:00,NSE:BOSCHLTD,15040.5,15040.5,15025.5,15030.05,81.0
2021-07-01 10:55:00,NSE:BOSCHLTD,15030.05,15039.0,15024.0,15039.0,46.0
2021-07-01 11:00:00,NSE:BOSCHLTD,15028.5,15052.0,15028.5,15052.0,97.0
2021-07-01 11:05:00,NSE:BOSCHLTD,15052.0,15065.0,15046.5,15059.9,194.0
2021-07-01 11:10:00,NSE:BOSCHLTD,15048.35,15061.55,15047.5,15054.5,56.0
2021-07-01 11:15:00,NSE:BOSCHLTD,15054.5,15099.0,15048.05,15081.0,248.0
2021-07-01 11:20:00,NSE:BOSCHLTD,15061.6,15078.0,15060.8,15078.0,56.0
2021-07-01 11:25:00,NSE:BOSCHLTD,15077.95,15077.95,15066.0,15077.95,22.0
2021-07-01 11:30:00,NSE:BOSCHLTD,15080.85,15080.85,15070.55,15080.0,19.0
2021-07-01 11:35:00,NSE:BOSCHLTD,15080.0,15083.4,15067.75,15069.0,90.0
2021-07-01 11:40:00,NSE:BOSCHLTD,15071.95,15083.95,15048.1,15069.05,190.0
2021-07-01 11:45:00,NSE:BOSCHLTD,15082.45,15083.55,15060.6,15060.6,21.0
2021-07-01 11:50:00,NSE:BOSCHLTD,15076.5,15098.0,15067.5,15098.0,112.0
2021-07-01 11:55:00,NSE:BOSCHLTD,15097.5,15097.5,15088.0,15090.0,67.0
2021-07-01 12:00:00,NSE:BOSCHLTD,15090.0,15096.0,15082.0,15091.6,69.0
2021-07-01 12:05:00,NSE:BOSCHLTD,15091.55,15097.4,15082.5,15085.55,13.0
2021-07-01 12:10:00,NSE:BOSCHLTD,15092.95,15099.0,15085.5,15099.0,71.0
2021-07-01 12:15:00,NSE:BOSCHLTD,15086.0,15098.9,15080.0,15088.5,84.0
2021-07-01 12:20:00,NSE:BOSCHLTD,15089.9,15093.45,15075.0,15092.85,50.0
2021-07-01 12:25:00,NSE:BOSCHLTD,15082.5,15097.6,15080.0,15092.0,93.0
2021-07-01 12:30:00,NSE:BOSCHLTD,15096.8,15110.0,15080.05,15110.0,525.0
2021-07-01 12:35:00,NSE:BOSCHLTD,15121.2,15145.0,15109.5,15131.95,600.0
2021-07-01 12:40:00,NSE:BOSCHLTD,15124.55,15133.0,15100.0,15107.9,80.0
2021-07-01 12:45:00,NSE:BOSCHLTD,15105.05,15119.15,15105.05,15118.0,81.0
2021-07-01 12:50:00,NSE:BOSCHLTD,15118.0,15126.0,15108.1,15111.1,134.0
2021-07-01 12:55:00,NSE:BOSCHLTD,15109.9,15142.0,15106.7,15140.0,287.0
2021-07-01 13:00:00,NSE:BOSCHLTD,15140.0,15163.95,15140.0,15142.85,304.0
2021-07-01 13:05:00,NSE:BOSCHLTD,15142.9,15161.0,15142.5,15161.0,183.0
2021-07-01 13:10:00,NSE:BOSCHLTD,15160.0,15160.0,15143.1,15144.05,92.0
2021-07-01 13:15:00,NSE:BOSCHLTD,15153.0,15158.95,15143.0,15143.0,71.0
2021-07-01 13:20:00,NSE:BOSCHLTD,15143.0,15163.95,15143.0,15163.95,193.0
2021-07-01 13:25:00,NSE:BOSCHLTD,15157.55,15175.0,15155.05,15169.95,177.0
2021-07-01 13:30:00,NSE:BOSCHLTD,15172.4,15173.0,15155.0,15167.2,121.0
2021-07-01 13:35:00,NSE:BOSCHLTD,15167.15,15168.4,15157.05,15160.0,184.0
2021-07-01 13:40:00,NSE:BOSCHLTD,15167.65,15190.0,15161.0,15190.0,225.0
2021-07-01 13:45:00,NSE:BOSCHLTD,15181.05,15190.0,15156.0,15174.0,392.0
2021-07-01 13:50:00,NSE:BOSCHLTD,15170.0,15180.0,15164.05,15165.1,462.0
2021-07-01 13:55:00,NSE:BOSCHLTD,15165.0,15177.85,15164.0,15170.7,123.0
2021-07-01 14:00:00,NSE:BOSCHLTD,15162.0,15173.6,15161.0,15170.0,165.0
2021-07-01 14:05:00,NSE:BOSCHLTD,15169.95,15179.0,15163.0,15177.0,110.0
2021-07-01 14:10:00,NSE:BOSCHLTD,15177.0,15180.0,15171.0,15175.0,41.0
2021-07-01 14:15:00,NSE:BOSCHLTD,15174.95,15175.0,15166.0,15166.6,59.0
2021-07-01 14:20:00,NSE:BOSCHLTD,15166.6,15174.9,15166.0,15174.9,198.0
2021-07-01 14:25:00,NSE:BOSCHLTD,15168.05,15174.0,15163.0,15172.0,200.0
2021-07-01 14:30:00,NSE:BOSCHLTD,15172.05,15179.0,15171.7,15179.0,69.0
2021-07-01 14:35:00,NSE:BOSCHLTD,15171.0,15178.45,15167.2,15168.0,43.0
2021-07-01 14:40:00,NSE:BOSCHLTD,15176.0,15176.0,15161.0,15167.0,333.0
2021-07-01 14:45:00,NSE:BOSCHLTD,15167.0,15167.0,15141.0,15158.0,597.0
2021-07-01 14:50:00,NSE:BOSCHLTD,15163.9,15167.05,15147.0,15163.45,409.0
2021-07-01 14:55:00,NSE:BOSCHLTD,15147.0,15180.0,15147.0,15180.0,405.0
2021-07-01 15:00:00,NSE:BOSCHLTD,15180.0,15180.45,15151.0,15166.05,953.0
2021-07-01 15:05:00,NSE:BOSCHLTD,15160.0,15179.95,15140.0,15174.0,676.0
2021-07-01 15:10:00,NSE:BOSCHLTD,15174.0,15194.95,15162.05,15189.9,332.0
2021-07-01 15:15:00,NSE:BOSCHLTD,15189.0,15199.65,15183.1,15190.0,818.0
2021-07-01 15:20:00,NSE:BOSCHLTD,15199.0,15243.5,15198.0,15219.05,1142.0
2021-07-01 15:25:00,NSE:BOSCHLTD,15214.55,15218.85,15131.05,15212.0,870.0
2021-07-01 15:40:00,NSE:BOSCHLTD,15187.6,15187.6,15187.6,15187.6,2.0
2021-07-02 09:05:00,NSE:BOSCHLTD,15264.0,15264.0,15264.0,15264.0,99.0
2021-07-02 09:15:00,NSE:BOSCHLTD,15245.0,15259.95,15143.35,15240.25,1160.0
2021-07-02 09:20:00,NSE:BOSCHLTD,15225.0,15240.25,15200.0,15215.25,535.0
2021-07-02 09:25:00,NSE:BOSCHLTD,15215.2,15235.0,15188.0,15235.0,1216.0
2021-07-02 09:30:00,NSE:BOSCHLTD,15235.0,15250.0,15211.0,15224.25,635.0
2021-07-02 09:35:00,NSE:BOSCHLTD,15221.8,15244.35,15220.8,15226.2,196.0
2021-07-02 09:40:00,NSE:BOSCHLTD,15223.45,15239.45,15213.5,15220.05,160.0
2021-07-02 09:45:00,NSE:BOSCHLTD,15233.55,15239.7,15210.25,15239.7,316.0
2021-07-02 09:50:00,NSE:BOSCHLTD,15221.5,15239.85,15214.2,15237.6,89.0
2021-07-02 09:55:00,NSE:BOSCHLTD,15237.35,15243.45,15220.0,15239.95,98.0
2021-07-02 10:00:00,NSE:BOSCHLTD,15227.75,15242.0,15225.5,15238.35,128.0
2021-07-02 10:05:00,NSE:BOSCHLTD,15229.2,15265.0,15229.2,15250.05,255.0
2021-07-02 10:10:00,NSE:BOSCHLTD,15262.0,15276.35,15252.95,15268.3,388.0
2021-07-02 10:15:00,NSE:BOSCHLTD,15257.3,15260.95,15223.85,15230.0,371.0
2021-07-02 10:20:00,NSE:BOSCHLTD,15246.5,15299.0,15227.65,15270.0,703.0
2021-07-02 10:25:00,NSE:BOSCHLTD,15265.1,15294.2,15250.15,15250.15,379.0
2021-07-02 10:30:00,NSE:BOSCHLTD,15250.0,15283.95,15250.0,15270.55,203.0
2021-07-02 10:35:00,NSE:BOSCHLTD,15275.0,15275.0,15237.0,15237.0,571.0
2021-07-02 10:40:00,NSE:BOSCHLTD,15237.0,15256.7,15227.25,15243.45,690.0
2021-07-02 10:45:00,NSE:BOSCHLTD,15240.5,15240.5,15220.7,15231.5,515.0
2021-07-02 10:50:00,NSE:BOSCHLTD,15221.0,15237.9,15193.5,15200.0,606.0
2021-07-02 10:55:00,NSE:BOSCHLTD,15200.0,15224.5,15195.05,15207.7,453.0
2021-07-02 11:00:00,NSE:BOSCHLTD,15207.65,15237.9,15207.65,15225.0,579.0
2021-07-02 11:05:00,NSE:BOSCHLTD,15225.0,15255.95,15220.0,15230.15,510.0
2021-07-02 11:10:00,NSE:BOSCHLTD,15230.2,15250.0,15230.05,15250.0,611.0
2021-07-02 11:15:00,NSE:BOSCHLTD,15240.95,15271.85,15237.1,15250.35,420.0
2021-07-02 11:20:00,NSE:BOSCHLTD,15250.55,15295.0,15250.55,15260.05,669.0
2021-07-02 11:25:00,NSE:BOSCHLTD,15260.3,15275.9,15250.0,15252.75,191.0
2021-07-02 11:30:00,NSE:BOSCHLTD,15252.75,15265.75,15247.5,15250.45,131.0
2021-07-02 11:35:00,NSE:BOSCHLTD,15250.45,15285.95,15250.4,15260.0,552.0
2021-07-02 11:40:00,NSE:BOSCHLTD,15260.0,15295.0,15260.0,15275.0,583.0
2021-07-02 11:45:00,NSE:BOSCHLTD,15274.3,15280.3,15267.55,15272.0,201.0
2021-07-02 11:50:00,NSE:BOSCHLTD,15271.95,15295.0,15263.35,15273.0,423.0
2021-07-02 11:55:00,NSE:BOSCHLTD,15279.9,15285.95,15265.0,15267.7,258.0
2021-07-02 12:00:00,NSE:BOSCHLTD,15267.7,15281.7,15265.35,15266.3,161.0
2021-07-02 12:05:00,NSE:BOSCHLTD,15277.0,15280.75,15255.95,15259.0,173.0
2021-07-02 12:10:00,NSE:BOSCHLTD,15258.95,15280.75,15255.0,15263.55,229.0
2021-07-02 12:15:00,NSE:BOSCHLTD,15264.0,15288.0,15264.0,15267.4,344.0
2021-07-02 12:20:00,NSE:BOSCHLTD,15267.8,15282.0,15265.05,15280.0,227.0
2021-07-02 12:25:00,NSE:BOSCHLTD,15280.0,15287.8,15265.05,15272.4,189.0
2021-07-02 12:30:00,NSE:BOSCHLTD,15265.85,15279.65,15262.0,15270.95,235.0
2021-07-02 12:35:00,NSE:BOSCHLTD,15262.1,15292.95,15262.05,15280.0,433.0
2021-07-02 12:40:00,NSE:BOSCHLTD,15281.0,15292.6,15270.1,15274.95,214.0
2021-07-02 12:45:00,NSE:BOSCHLTD,15280.0,15284.95,15270.0,15274.25,91.0
2021-07-02 12:50:00,NSE:BOSCHLTD,15285.0,15288.25,15274.0,15285.0,104.0
2021-07-02 12:55:00,NSE:BOSCHLTD,15284.95,15287.95,15265.0,15275.15,542.0
2021-07-02 13:00:00,NSE:BOSCHLTD,15275.3,15290.0,15260.05,15272.0,761.0
2021-07-02 13:05:00,NSE:BOSCHLTD,15272.0,15284.95,15261.7,15280.0,390.0
2021-07-02 13:10:00,NSE:BOSCHLTD,15280.0,15299.0,15266.2,15280.0,1026.0
2021-07-02 13:15:00,NSE:BOSCHLTD,15280.05,15290.0,15263.95,15279.0,950.0
2021-07-02 13:20:00,NSE:BOSCHLTD,15279.0,15290.0,15268.7,15278.9,469.0
2021-07-02 13:25:00,NSE:BOSCHLTD,15285.7,15290.0,15275.0,15289.0,246.0
2021-07-02 13:30:00,NSE:BOSCHLTD,15280.0,15288.7,15275.75,15276.95,184.0
2021-07-02 13:35:00,NSE:BOSCHLTD,15279.0,15284.4,15275.0,15275.0,88.0
2021-07-02 13:40:00,NSE:BOSCHLTD,15280.85,15294.55,15269.2,15269.2,376.0
2021-07-02 13:45:00,NSE:BOSCHLTD,15280.8,15300.0,15269.95,15270.45,680.0
2021-07-02 13:50:00,NSE:BOSCHLTD,15270.45,15278.35,15260.0,15269.9,322.0
2021-07-02 13:55:00,NSE:BOSCHLTD,15261.7,15280.85,15261.0,15274.0,323.0
2021-07-02 14:00:00,NSE:BOSCHLTD,15270.0,15273.9,15220.15,15247.0,1837.0
2021-07-02 14:05:00,NSE:BOSCHLTD,15251.3,15276.15,15250.0,15264.5,208.0
2021-07-02 14:10:00,NSE:BOSCHLTD,15264.5,15275.0,15251.4,15253.4,196.0
2021-07-02 14:15:00,NSE:BOSCHLTD,15263.2,15274.95,15250.0,15263.8,383.0
2021-07-02 14:20:00,NSE:BOSCHLTD,15263.8,15274.7,15250.0,15261.05,244.0
2021-07-02 14:25:00,NSE:BOSCHLTD,15261.05,15277.95,15260.0,15265.1,153.0
2021-07-02 14:30:00,NSE:BOSCHLTD,15270.0,15279.0,15260.0,15267.45,184.0
2021-07-02 14:35:00,NSE:BOSCHLTD,15270.05,15284.95,15263.1,15273.15,154.0
2021-07-02 14:40:00,NSE:BOSCHLTD,15273.15,15298.45,15270.0,15290.0,636.0
2021-07-02 14:45:00,NSE:BOSCHLTD,15290.0,15297.0,15263.2,15290.0,679.0
2021-07-02 14:50:00,NSE:BOSCHLTD,15290.0,15295.15,15266.9,15266.9,259.0
2021-07-02 14:55:00,NSE:BOSCHLTD,15264.2,15291.0,15264.2,15290.0,653.0
2021-07-02 15:00:00,NSE:BOSCHLTD,15280.0,15342.05,15280.0,15325.75,1605.0
2021-07-02 15:05:00,NSE:BOSCHLTD,15338.85,15380.0,15325.75,15374.95,1012.0
2021-07-02 15:10:00,NSE:BOSCHLTD,15375.0,15390.0,15360.0,15384.9,1075.0
2021-07-02 15:15:00,NSE:BOSCHLTD,15382.05,15394.45,15367.0,15376.65,1342.0
2021-07-02 15:20:00,NSE:BOSCHLTD,15385.1,15394.95,15366.25,15386.0,1685.0
2021-07-02 15:25:00,NSE:BOSCHLTD,15367.55,15381.2,15297.6,15365.1,1480.0
2021-07-02 15:40:00,NSE:BOSCHLTD,15357.75,15357.75,15357.75,15357.75,18.0
2021-07-05 09:05:00,NSE:BOSCHLTD,15400.1,15400.1,15400.1,15400.1,102.0
2021-07-05 09:15:00,NSE:BOSCHLTD,15414.7,15620.0,15375.05,15592.35,4637.0
2021-07-05 09:20:00,NSE:BOSCHLTD,15592.45,15676.6,15580.5,15674.0,3162.0
2021-07-05 09:25:00,NSE:BOSCHLTD,15665.05,15722.85,15665.0,15697.65,3600.0
2021-07-05 09:30:00,NSE:BOSCHLTD,15695.95,15775.0,15685.95,15769.3,2601.0
2021-07-05 09:35:00,NSE:BOSCHLTD,15759.1,15783.05,15710.5,15777.0,2799.0
2021-07-05 09:40:00,NSE:BOSCHLTD,15777.0,15824.6,15775.0,15788.8,3114.0
2021-07-05 09:45:00,NSE:BOSCHLTD,15787.95,15798.55,15731.7,15740.9,1220.0
2021-07-05 09:50:00,NSE:BOSCHLTD,15736.15,15749.0,15710.0,15719.65,905.0
2021-07-05 09:55:00,NSE:BOSCHLTD,15719.55,15730.0,15710.0,15725.1,717.0
2021-07-05 10:00:00,NSE:BOSCHLTD,15726.55,15726.55,15674.6,15674.6,987.0
2021-07-05 10:05:00,NSE:BOSCHLTD,15679.15,15689.6,15642.45,15652.4,1109.0
2021-07-05 10:10:00,NSE:BOSCHLTD,15659.95,15700.0,15643.9,15686.55,860.0
2021-07-05 10:15:00,NSE:BOSCHLTD,15699.3,15699.3,15644.0,15662.0,633.0
2021-07-05 10:20:00,NSE:BOSCHLTD,15658.45,15777.0,15651.9,15744.2,1609.0
2021-07-05 10:25:00,NSE:BOSCHLTD,15744.2,15898.95,15735.05,15887.9,4678.0
2021-07-05 10:30:00,NSE:BOSCHLTD,15893.95,16124.75,15888.35,15990.0,10703.0
2021-07-05 10:35:00,NSE:BOSCHLTD,15985.2,16070.0,15974.15,16050.6,4435.0
2021-07-05 10:40:00,NSE:BOSCHLTD,16070.0,16179.8,16053.05,16140.2,8078.0
2021-07-05 10:45:00,NSE:BOSCHLTD,16151.25,16155.65,16090.9,16150.0,4926.0
2021-07-05 10:50:00,NSE:BOSCHLTD,16137.35,16155.65,16118.5,16136.85,3347.0
2021-07-05 10:55:00,NSE:BOSCHLTD,16134.35,16144.95,16001.9,16060.05,11684.0
2021-07-05 11:00:00,NSE:BOSCHLTD,16061.0,16070.9,15982.5,15990.0,2565.0
2021-07-05 11:05:00,NSE:BOSCHLTD,15990.0,16042.45,15970.0,16029.0,3059.0
2021-07-05 11:10:00,NSE:BOSCHLTD,16005.0,16019.75,15960.0,15980.0,2259.0
2021-07-05 11:15:00,NSE:BOSCHLTD,15975.9,15983.8,15963.0,15983.8,703.0
2021-07-05 11:20:00,NSE:BOSCHLTD,15972.0,16025.0,15972.0,16024.6,1544.0
2021-07-05 11:25:00,NSE:BOSCHLTD,16025.0,16028.8,15991.5,16015.1,849.0
2021-07-05 11:30:00,NSE:BOSCHLTD,16015.0,16040.0,16011.55,16035.0,824.0
2021-07-05 11:35:00,NSE:BOSCHLTD,16037.0,16044.0,15980.8,15993.05,1485.0
2021-07-05 11:40:00,NSE:BOSCHLTD,16002.9,16003.25,15951.0,15953.35,1153.0
2021-07-05 11:45:00,NSE:BOSCHLTD,15964.2,15989.9,15951.0,15960.4,973.0
2021-07-05 11:50:00,NSE:BOSCHLTD,15960.4,15966.0,15884.95,15910.65,2956.0
2021-07-05 11:55:00,NSE:BOSCHLTD,15910.0,15939.0,15903.05,15925.0,496.0
2021-07-05 12:00:00,NSE:BOSCHLTD,15942.65,15944.15,15908.0,15919.15,724.0
2021-07-05 12:05:00,NSE:BOSCHLTD,15915.0,15925.05,15900.0,15908.2,730.0
2021-07-05 12:10:00,NSE:BOSCHLTD,15908.25,15917.7,15887.8,15917.65,862.0
2021-07-05 12:15:00,NSE:BOSCHLTD,15917.65,15944.75,15905.5,15914.0,1270.0
2021-07-05 12:20:00,NSE:BOSCHLTD,15905.0,15918.7,15876.0,15885.95,1022.0
2021-07-05 12:25:00,NSE:BOSCHLTD,15898.6,15898.7,15868.55,15879.85,579.0
2021-07-05 12:30:00,NSE:BOSCHLTD,15870.5,15899.0,15870.05,15895.6,463.0
2021-07-05 12:35:00,NSE:BOSCHLTD,15875.6,15897.6,15875.0,15876.8,379.0
2021-07-05 12:40:00,NSE:BOSCHLTD,15886.2,15907.75,15875.25,15900.0,792.0
2021-07-05 12:45:00,NSE:BOSCHLTD,15902.0,15934.3,15900.0,15906.35,682.0
2021-07-05 12:50:00,NSE:BOSCHLTD,15920.0,15928.0,15906.55,15911.0,208.0
2021-07-05 12:55:00,NSE:BOSCHLTD,15911.1,15919.4,15900.0,15900.0,650.0
2021-07-05 13:00:00,NSE:BOSCHLTD,15903.2,15917.4,15900.0,15904.8,248.0
2021-07-05 13:05:00,NSE:BOSCHLTD,15904.85,15914.35,15900.0,15908.2,755.0
2021-07-05 13:10:00,NSE:BOSCHLTD,15907.35,15919.2,15900.0,15900.0,2379.0
2021-07-05 13:15:00,NSE:BOSCHLTD,15900.0,15908.5,15820.0,15820.0,1073.0
2021-07-05 13:20:00,NSE:BOSCHLTD,15845.6,15845.6,15770.0,15796.3,2029.0
2021-07-05 13:25:00,NSE:BOSCHLTD,15783.45,15795.95,15750.0,15762.8,1577.0
2021-07-05 13:30:00,NSE:BOSCHLTD,15765.35,15808.25,15750.0,15757.6,2346.0
2021-07-05 13:35:00,NSE:BOSCHLTD,15755.0,15770.0,15727.0,15737.85,833.0
2021-07-05 13:40:00,NSE:BOSCHLTD,15737.65,15738.95,15708.4,15719.95,777.0
2021-07-05 13:45:00,NSE:BOSCHLTD,15724.5,15786.15,15724.5,15773.25,1317.0
2021-07-05 13:50:00,NSE:BOSCHLTD,15772.35,15786.15,15736.55,15752.95,535.0
2021-07-05 13:55:00,NSE:BOSCHLTD,15751.3,15752.95,15725.0,15733.2,820.0
2021-07-05 14:00:00,NSE:BOSCHLTD,15733.3,15737.1,15720.05,15725.95,344.0
2021-07-05 14:05:00,NSE:BOSCHLTD,15730.0,15771.65,15725.95,15750.0,828.0
2021-07-05 14:10:00,NSE:BOSCHLTD,15748.45,15772.85,15747.05,15765.45,450.0
2021-07-05 14:15:00,NSE:BOSCHLTD,15765.9,15787.45,15763.0,15770.0,1110.0
2021-07-05 14:20:00,NSE:BOSCHLTD,15769.95,15769.95,15724.05,15736.05,505.0
2021-07-05 14:25:00,NSE:BOSCHLTD,15736.6,15751.65,15731.45,15745.0,240.0
2021-07-05 14:30:00,NSE:BOSCHLTD,15748.1,15769.95,15735.35,15740.05,839.0
2021-07-05 14:35:00,NSE:BOSCHLTD,15740.4,15775.25,15732.05,15733.1,760.0
2021-07-05 14:40:00,NSE:BOSCHLTD,15744.95,15754.9,15701.0,15738.05,2497.0
2021-07-05 14:45:00,NSE:BOSCHLTD,15735.15,15750.0,15705.0,15725.0,685.0
2021-07-05 14:50:00,NSE:BOSCHLTD,15721.05,15730.0,15712.35,15721.0,552.0
2021-07-05 14:55:00,NSE:BOSCHLTD,15726.5,15747.55,15715.25,15731.0,577.0
2021-07-05 15:00:00,NSE:BOSCHLTD,15730.0,15738.55,15710.0,15720.1,1035.0
2021-07-05 15:05:00,NSE:BOSCHLTD,15727.1,15735.6,15720.0,15727.0,1612.0
2021-07-05 15:10:00,NSE:BOSCHLTD,15727.45,15730.0,15701.0,15701.0,11942.0
2021-07-05 15:15:00,NSE:BOSCHLTD,15707.0,15707.0,15656.9,15664.95,2074.0
2021-07-05 15:20:00,NSE:BOSCHLTD,15669.0,15725.0,15661.9,15720.0,2308.0
2021-07-05 15:25:00,NSE:BOSCHLTD,15720.05,15725.0,15690.65,15714.75,960.0
2021-07-05 15:40:00,NSE:BOSCHLTD,15716.35,15716.35,15714.75,15714.75,12.0
2021-07-06 09:05:00,NSE:BOSCHLTD,15715.45,15715.45,15715.45,15715.45,102.0
2021-07-06 09:15:00,NSE:BOSCHLTD,15716.0,15764.9,15688.4,15698.95,1395.0
2021-07-06 09:20:00,NSE:BOSCHLTD,15701.15,15732.45,15673.35,15712.85,1167.0
2021-07-06 09:25:00,NSE:BOSCHLTD,15694.65,15707.05,15670.65,15680.2,465.0
2021-07-06 09:30:00,NSE:BOSCHLTD,15680.2,15695.0,15668.85,15687.3,603.0
2021-07-06 09:35:00,NSE:BOSCHLTD,15676.95,15689.25,15602.9,15655.0,638.0
2021-07-06 09:40:00,NSE:BOSCHLTD,15649.75,15660.85,15638.35,15645.0,340.0
2021-07-06 09:45:00,NSE:BOSCHLTD,15650.0,15664.4,15644.5,15663.85,486.0
2021-07-06 09:50:00,NSE:BOSCHLTD,15650.0,15696.2,15650.0,15696.2,1173.0
2021-07-06 09:55:00,NSE:BOSCHLTD,15696.2,15696.2,15660.0,15665.85,413.0
2021-07-06 10:00:00,NSE:BOSCHLTD,15665.85,15666.0,15638.0,15648.15,382.0
2021-07-06 10:05:00,NSE:BOSCHLTD,15647.9,15650.0,15635.05,15644.75,114.0
2021-07-06 10:10:00,NSE:BOSCHLTD,15637.2,15650.0,15621.45,15626.0,176.0
2021-07-06 10:15:00,NSE:BOSCHLTD,15626.2,15658.0,15620.1,15645.7,264.0
2021-07-06 10:20:00,NSE:BOSCHLTD,15650.0,15650.0,15600.0,15600.85,674.0
2021-07-06 10:25:00,NSE:BOSCHLTD,15601.0,15665.6,15601.0,15645.1,422.0
2021-07-06 10:30:00,NSE:BOSCHLTD,15645.05,15650.0,15641.5,15644.75,277.0
2021-07-06 10:35:00,NSE:BOSCHLTD,15644.75,15650.0,15639.8,15650.0,276.0
2021-07-06 10:40:00,NSE:BOSCHLTD,15649.95,15675.8,15640.9,15674.5,470.0
2021-07-06 10:45:00,NSE:BOSCHLTD,15674.5,15674.5,15651.2,15665.5,91.0
2021-07-06 10:50:00,NSE:BOSCHLTD,15656.9,15683.25,15656.9,15673.0,372.0
2021-07-06 10:55:00,NSE:BOSCHLTD,15673.95,15686.75,15673.0,15679.6,189.0
2021-07-06 11:00:00,NSE:BOSCHLTD,15681.6,15692.35,15662.65,15662.65,384.0
2021-07-06 11:05:00,NSE:BOSCHLTD,15658.85,15678.95,15638.65,15678.95,370.0
2021-07-06 11:10:00,NSE:BOSCHLTD,15684.95,15692.0,15650.0,15669.35,389.0
2021-07-06 11:15:00,NSE:BOSCHLTD,15669.5,15682.85,15663.5,15666.8,244.0
2021-07-06 11:20:00,NSE:BOSCHLTD,15677.75,15681.1,15635.0,15645.0,420.0
2021-07-06 11:25:00,NSE:BOSCHLTD,15645.0,15650.2,15640.0,15650.0,260.0
2021-07-06 11:30:00,NSE:BOSCHLTD,15650.0,15650.0,15636.6,15650.0,143.0
2021-07-06 11:35:00,NSE:BOSCHLTD,15650.0,15662.15,15635.0,15662.15,467.0
2021-07-06 11:40:00,NSE:BOSCHLTD,15662.15,15679.75,15662.05,15676.9,239.0
2021-07-06 11:45:00,NSE:BOSCHLTD,15670.05,15694.8,15650.0,15675.0,618.0
2021-07-06 11:50:00,NSE:BOSCHLTD,15675.0,15692.5,15670.0,15680.65,280.0
2021-07-06 11:55:00,NSE:BOSCHLTD,15680.65,15703.55,15672.5,15679.15,640.0
2021-07-06 12:00:00,NSE:BOSCHLTD,15689.45,15694.25,15686.05,15694.25,78.0
2021-07-06 12:05:00,NSE:BOSCHLTD,15688.0,15699.9,15687.7,15697.85,114.0
2021-07-06 12:10:00,NSE:BOSCHLTD,15697.0,15717.85,15644.2,15649.9,5053.0
2021-07-06 12:15:00,NSE:BOSCHLTD,15640.85,15650.0,15636.45,15645.1,447.0
2021-07-06 12:20:00,NSE:BOSCHLTD,15650.0,15650.0,15637.1,15650.0,141.0
2021-07-06 12:25:00,NSE:BOSCHLTD,15642.0,15650.0,15638.0,15638.0,284.0
2021-07-06 12:30:00,NSE:BOSCHLTD,15640.0,15650.0,15640.0,15650.0,109.0
2021-07-06 12:35:00,NSE:BOSCHLTD,15650.0,15650.0,15642.05,15650.0,85.0
2021-07-06 12:40:00,NSE:BOSCHLTD,15650.0,15650.0,15642.45,15643.05,132.0
2021-07-06 12:45:00,NSE:BOSCHLTD,15650.0,15650.0,15640.15,15650.0,250.0
2021-07-06 12:50:00,NSE:BOSCHLTD,15644.05,15650.0,15640.1,15645.0,120.0
2021-07-06 12:55:00,NSE:BOSCHLTD,15640.55,15650.0,15640.35,15650.0,191.0
2021-07-06 13:00:00,NSE:BOSCHLTD,15642.95,15650.0,15642.95,15645.55,509.0
2021-07-06 13:05:00,NSE:BOSCHLTD,15650.0,15650.0,15637.1,15641.25,229.0
2021-07-06 13:10:00,NSE:BOSCHLTD,15641.25,15648.6,15636.4,15648.6,74.0
2021-07-06 13:15:00,NSE:BOSCHLTD,15648.9,15650.0,15635.0,15640.05,97.0
2021-07-06 13:20:00,NSE:BOSCHLTD,15649.75,15650.0,15640.0,15640.0,71.0
2021-07-06 13:25:00,NSE:BOSCHLTD,15644.95,15650.0,15640.0,15650.0,64.0
2021-07-06 13:30:00,NSE:BOSCHLTD,15650.0,15650.0,15640.0,15650.0,98.0
2021-07-06 13:35:00,NSE:BOSCHLTD,15650.0,15650.0,15642.1,15650.0,70.0
2021-07-06 13:40:00,NSE:BOSCHLTD,15650.0,15650.0,15642.15,15642.2,290.0
2021-07-06 13:45:00,NSE:BOSCHLTD,15649.95,15650.0,15625.5,15649.85,439.0
2021-07-06 13:50:00,NSE:BOSCHLTD,15649.95,15650.0,15630.3,15643.25,264.0
2021-07-06 13:55:00,NSE:BOSCHLTD,15643.25,15650.0,15625.8,15639.95,90.0
2021-07-06 14:00:00,NSE:BOSCHLTD,15630.75,15657.6,15616.5,15650.15,857.0
2021-07-06 14:05:00,NSE:BOSCHLTD,15650.55,15657.6,15602.05,15644.0,778.0
2021-07-06 14:10:00,NSE:BOSCHLTD,15640.05,15647.95,15631.45,15635.0,117.0
2021-07-06 14:15:00,NSE:BOSCHLTD,15635.7,15644.8,15560.0,15569.45,554.0
2021-07-06 14:20:00,NSE:BOSCHLTD,15570.45,15592.8,15525.0,15592.8,608.0
2021-07-06 14:25:00,NSE:BOSCHLTD,15594.0,15623.95,15570.0,15579.55,5770.0
2021-07-06 14:30:00,NSE:BOSCHLTD,15570.0,15570.0,15371.0,15389.3,2732.0
2021-07-06 14:35:00,NSE:BOSCHLTD,15389.2,15453.15,15377.7,15431.95,912.0
2021-07-06 14:40:00,NSE:BOSCHLTD,15431.95,15438.3,15378.0,15430.0,1130.0
2021-07-06 14:45:00,NSE:BOSCHLTD,15427.1,15450.0,15361.6,15379.9,1533.0
2021-07-06 14:50:00,NSE:BOSCHLTD,15379.9,15440.0,15371.0,15439.0,526.0
2021-07-06 14:55:00,NSE:BOSCHLTD,15439.0,15450.0,15412.15,15420.0,304.0
2021-07-06 15:00:00,NSE:BOSCHLTD,15417.05,15428.9,15410.0,15427.95,750.0
2021-07-06 15:05:00,NSE:BOSCHLTD,15427.8,15427.85,15350.0,15398.0,1063.0
2021-07-06 15:10:00,NSE:BOSCHLTD,15397.95,15397.95,15360.0,15369.8,639.0
2021-07-06 15:15:00,NSE:BOSCHLTD,15354.25,15400.0,15330.9,15399.0,997.0
2021-07-06 15:20:00,NSE:BOSCHLTD,15400.0,15405.55,15319.6,15369.0,977.0
2021-07-06 15:25:00,NSE:BOSCHLTD,15369.0,15389.0,15356.05,15370.0,640.0
2021-07-06 15:40:00,NSE:BOSCHLTD,15378.65,15378.65,15378.65,15378.65,2.0
2021-07-07 09:05:00,NSE:BOSCHLTD,15519.0,15519.0,15519.0,15519.0,304.0
2021-07-07 09:15:00,NSE:BOSCHLTD,15525.0,15564.1,15419.1,15538.9,3445.0
2021-07-07 09:20:00,NSE:BOSCHLTD,15534.8,15600.0,15526.15,15600.0,2737.0
2021-07-07 09:25:00,NSE:BOSCHLTD,15588.65,15609.9,15500.0,15520.0,3343.0
2021-07-07 09:30:00,NSE:BOSCHLTD,15509.8,15531.9,15469.0,15497.1,1812.0
2021-07-07 09:35:00,NSE:BOSCHLTD,15500.0,15509.3,15451.0,15455.4,1100.0
2021-07-07 09:40:00,NSE:BOSCHLTD,15455.3,15500.0,15455.0,15475.95,621.0
2021-07-07 09:45:00,NSE:BOSCHLTD,15480.0,15484.8,15405.8,15411.0,825.0
2021-07-07 09:50:00,NSE:BOSCHLTD,15411.0,15447.0,15380.0,15401.35,1577.0
2021-07-07 09:55:00,NSE:BOSCHLTD,15415.2,15523.05,15405.7,15501.85,2646.0
2021-07-07 10:00:00,NSE:BOSCHLTD,15503.9,15576.35,15485.95,15555.95,3548.0
2021-07-07 10:05:00,NSE:BOSCHLTD,15552.8,15560.0,15496.0,15500.0,1262.0
2021-07-07 10:10:00,NSE:BOSCHLTD,15500.0,15504.0,15485.0,15499.95,640.0
2021-07-07 10:15:00,NSE:BOSCHLTD,15494.9,15501.85,15470.0,15480.0,426.0
2021-07-07 10:20:00,NSE:BOSCHLTD,15459.95,15504.05,15459.95,15504.05,348.0
2021-07-07 10:25:00,NSE:BOSCHLTD,15504.0,15505.0,15476.85,15499.2,236.0
2021-07-07 10:30:00,NSE:BOSCHLTD,15490.0,15498.1,15470.2,15486.5,231.0
2021-07-07 10:35:00,NSE:BOSCHLTD,15489.85,15498.4,15472.0,15473.25,208.0
2021-07-07 10:40:00,NSE:BOSCHLTD,15485.45,15500.0,15473.35,15499.7,198.0
2021-07-07 10:45:00,NSE:BOSCHLTD,15485.4,15506.0,15485.4,15500.0,312.0
2021-07-07 10:50:00,NSE:BOSCHLTD,15499.95,15540.95,15494.1,15525.0,554.0
2021-07-07 10:55:00,NSE:BOSCHLTD,15525.75,15525.75,15495.45,15498.9,180.0
2021-07-07 11:00:00,NSE:BOSCHLTD,15507.85,15517.9,15493.95,15508.35,116.0
2021-07-07 11:05:00,NSE:BOSCHLTD,15515.0,15525.0,15509.0,15516.0,171.0
2021-07-07 11:10:00,NSE:BOSCHLTD,15525.0,15529.0,15511.5,15519.2,148.0
2021-07-07 11:15:00,NSE:BOSCHLTD,15529.0,15552.55,15520.05,15534.25,803.0
2021-07-07 11:20:00,NSE:BOSCHLTD,15540.55,15575.0,15530.0,15566.4,992.0
2021-07-07 11:25:00,NSE:BOSCHLTD,15562.0,15566.65,15501.6,15511.85,697.0
2021-07-07 11:30:00,NSE:BOSCHLTD,15509.8,15526.0,15501.0,15524.85,95.0
2021-07-07 11:35:00,NSE:BOSCHLTD,15524.95,15528.95,15516.4,15526.6,261.0
2021-07-07 11:40:00,NSE:BOSCHLTD,15524.0,15525.95,15516.0,15524.05,47.0
2021-07-07 11:45:00,NSE:BOSCHLTD,15515.6,15535.95,15515.6,15534.5,120.0
2021-07-07 11:50:00,NSE:BOSCHLTD,15534.5,15551.25,15531.7,15542.9,372.0
2021-07-07 11:55:00,NSE:BOSCHLTD,15540.1,15575.7,15540.0,15564.0,801.0
2021-07-07 12:00:00,NSE:BOSCHLTD,15563.35,15568.8,15535.0,15542.05,402.0
2021-07-07 12:05:00,NSE:BOSCHLTD,15539.95,15558.05,15499.45,15524.45,1580.0
2021-07-07 12:10:00,NSE:BOSCHLTD,15522.3,15555.25,15515.1,15555.0,928.0
2021-07-07 12:15:00,NSE:BOSCHLTD,15555.0,15570.0,15520.0,15520.0,954.0
2021-07-07 12:20:00,NSE:BOSCHLTD,15529.8,15533.65,15521.8,15532.35,21.0
2021-07-07 12:25:00,NSE:BOSCHLTD,15530.0,15539.75,15520.6,15531.85,518.0
2021-07-07 12:30:00,NSE:BOSCHLTD,15524.55,15537.0,15524.55,15534.0,100.0
2021-07-07 12:35:00,NSE:BOSCHLTD,15536.1,15536.1,15477.45,15500.0,923.0
2021-07-07 12:40:00,NSE:BOSCHLTD,15500.0,15505.7,15484.8,15500.0,436.0
2021-07-07 12:45:00,NSE:BOSCHLTD,15490.15,15500.0,15486.0,15492.05,237.0
2021-07-07 12:50:00,NSE:BOSCHLTD,15492.05,15499.95,15488.0,15488.05,107.0
2021-07-07 12:55:00,NSE:BOSCHLTD,15496.5,15500.0,15482.0,15491.25,212.0
2021-07-07 13:00:00,NSE:BOSCHLTD,15490.95,15490.95,15465.65,15485.1,231.0
2021-07-07 13:05:00,NSE:BOSCHLTD,15484.9,15500.0,15473.3,15490.6,487.0
2021-07-07 13:10:00,NSE:BOSCHLTD,15498.95,15500.0,15490.6,15500.0,28.0
2021-07-07 13:15:00,NSE:BOSCHLTD,15500.0,15500.0,15492.05,15493.0,484.0
2021-07-07 13:20:00,NSE:BOSCHLTD,15491.15,15493.5,15481.25,15493.45,134.0
2021-07-07 13:25:00,NSE:BOSCHLTD,15483.65,15487.8,15473.5,15473.65,149.0
2021-07-07 13:30:00,NSE:BOSCHLTD,15481.6,15497.95,15481.6,15497.8,40.0
2021-07-07 13:35:00,NSE:BOSCHLTD,15497.5,15500.0,15490.65,15499.35,666.0
2021-07-07 13:40:00,NSE:BOSCHLTD,15500.0,15500.0,15495.25,15500.0,502.0
2021-07-07 13:45:00,NSE:BOSCHLTD,15499.95,15499.95,15492.1,15492.6,51.0
2021-07-07 13:50:00,NSE:BOSCHLTD,15498.7,15500.0,15480.15,15480.85,981.0
2021-07-07 13:55:00,NSE:BOSCHLTD,15490.45,15491.95,15475.0,15490.0,80.0
2021-07-07 14:00:00,NSE:BOSCHLTD,15491.0,15500.0,15490.05,15498.9,157.0
2021-07-07 14:05:00,NSE:BOSCHLTD,15499.35,15500.0,15491.15,15492.55,37.0
2021-07-07 14:10:00,NSE:BOSCHLTD,15500.0,15500.0,15492.55,15493.0,34.0
2021-07-07 14:15:00,NSE:BOSCHLTD,15500.0,15500.0,15485.05,15493.1,111.0
2021-07-07 14:20:00,NSE:BOSCHLTD,15493.1,15493.1,15480.0,15480.0,61.0
2021-07-07 14:25:00,NSE:BOSCHLTD,15480.0,15488.0,15473.2,15473.2,80.0
2021-07-07 14:30:00,NSE:BOSCHLTD,15474.05,15488.0,15470.3,15475.15,193.0
2021-07-07 14:35:00,NSE:BOSCHLTD,15475.25,15499.35,15475.25,15495.35,177.0
2021-07-07 14:40:00,NSE:BOSCHLTD,15497.0,15497.0,15485.3,15493.5,71.0
2021-07-07 14:45:00,NSE:BOSCHLTD,15494.0,15494.0,15451.0,15456.05,583.0
2021-07-07 14:50:00,NSE:BOSCHLTD,15464.05,15499.0,15464.05,15494.95,211.0
2021-07-07 14:55:00,NSE:BOSCHLTD,15494.95,15500.0,15492.9,15492.9,229.0
2021-07-07 15:00:00,NSE:BOSCHLTD,15493.0,15500.0,15486.6,15499.95,838.0
2021-07-07 15:05:00,NSE:BOSCHLTD,15499.95,15500.0,15479.25,15493.45,1805.0
2021-07-07 15:10:00,NSE:BOSCHLTD,15494.9,15500.0,15483.15,15500.0,2079.0
2021-07-07 15:15:00,NSE:BOSCHLTD,15500.0,15500.0,15488.3,15500.0,2470.0
2021-07-07 15:20:00,NSE:BOSCHLTD,15500.0,15500.0,15490.25,15500.0,3217.0
2021-07-07 15:25:00,NSE:BOSCHLTD,15500.0,15518.8,15462.05,15498.95,1814.0
2021-07-07 15:40:00,NSE:BOSCHLTD,15498.35,15498.95,15498.35,15498.95,15.0
2021-07-08 09:05:00,NSE:BOSCHLTD,15555.0,15555.0,15555.0,15555.0,30.0
2021-07-08 09:15:00,NSE:BOSCHLTD,15553.7,15600.0,15518.2,15526.35,701.0
2021-07-08 09:20:00,NSE:BOSCHLTD,15522.35,15524.35,15400.0,15496.25,938.0
2021-07-08 09:25:00,NSE:BOSCHLTD,15485.85,15502.15,15393.05,15449.55,1242.0
2021-07-08 09:30:00,NSE:BOSCHLTD,15459.4,15460.0,15436.75,15460.0,227.0
2021-07-08 09:35:00,NSE:BOSCHLTD,15460.0,15460.0,15415.25,15448.9,788.0
2021-07-08 09:40:00,NSE:BOSCHLTD,15453.55,15460.0,15397.05,15425.95,645.0
2021-07-08 09:45:00,NSE:BOSCHLTD,15441.0,15454.0,15417.6,15447.0,371.0
2021-07-08 09:50:00,NSE:BOSCHLTD,15452.95,15463.4,15441.8,15460.0,144.0
2021-07-08 09:55:00,NSE:BOSCHLTD,15460.0,15463.05,15400.05,15422.55,407.0
2021-07-08 10:00:00,NSE:BOSCHLTD,15423.0,15445.0,15421.05,15434.9,690.0
2021-07-08 10:05:00,NSE:BOSCHLTD,15444.95,15445.0,15410.0,15422.2,326.0
2021-07-08 10:10:00,NSE:BOSCHLTD,15427.9,15438.35,15415.4,15421.85,152.0
2021-07-08 10:15:00,NSE:BOSCHLTD,15431.55,15434.9,15370.0,15400.0,601.0
2021-07-08 10:20:00,NSE:BOSCHLTD,15397.35,15400.0,15387.0,15390.0,168.0
2021-07-08 10:25:00,NSE:BOSCHLTD,15390.0,15407.35,15388.8,15388.8,314.0
2021-07-08 10:30:00,NSE:BOSCHLTD,15399.95,15407.9,15390.25,15406.4,76.0
2021-07-08 10:35:00,NSE:BOSCHLTD,15405.75,15405.75,15385.0,15395.1,135.0
2021-07-08 10:40:00,NSE:BOSCHLTD,15395.1,15408.0,15356.95,15400.0,353.0
2021-07-08 10:45:00,NSE:BOSCHLTD,15400.0,15407.45,15386.55,15386.55,170.0
2021-07-08 10:50:00,NSE:BOSCHLTD,15392.2,15406.95,15385.05,15400.0,208.0
2021-07-08 10:55:00,NSE:BOSCHLTD,15400.0,15409.95,15394.55,15394.7,300.0
2021-07-08 11:00:00,NSE:BOSCHLTD,15390.0,15399.9,15378.0,15389.3,123.0
2021-07-08 11:05:00,NSE:BOSCHLTD,15378.0,15407.95,15374.4,15392.2,324.0
2021-07-08 11:10:00,NSE:BOSCHLTD,15392.2,15394.4,15371.7,15393.9,153.0
2021-07-08 11:15:00,NSE:BOSCHLTD,15399.35,15405.55,15391.35,15405.55,177.0
2021-07-08 11:20:00,NSE:BOSCHLTD,15400.6,15408.6,15387.0,15399.95,272.0
2021-07-08 11:25:00,NSE:BOSCHLTD,15400.0,15400.0,15391.45,15399.9,52.0
2021-07-08 11:30:00,NSE:BOSCHLTD,15392.05,15400.0,15392.05,15400.0,42.0
2021-07-08 11:35:00,NSE:BOSCHLTD,15399.9,15400.0,15394.0,15400.0,167.0
2021-07-08 11:40:00,NSE:BOSCHLTD,15400.0,15400.0,15348.0,15364.05,715.0
2021-07-08 11:45:00,NSE:BOSCHLTD,15360.95,15373.6,15360.95,15373.6,60.0
2021-07-08 11:50:00,NSE:BOSCHLTD,15376.3,15400.0,15374.9,15399.95,530.0
2021-07-08 11:55:00,NSE:BOSCHLTD,15389.15,15399.85,15291.0,15294.4,2292.0
2021-07-08 12:00:00,NSE:BOSCHLTD,15302.65,15331.35,15292.85,15320.0,638.0
2021-07-08 12:05:00,NSE:BOSCHLTD,15320.0,15330.0,15316.0,15329.95,181.0
2021-07-08 12:10:00,NSE:BOSCHLTD,15329.95,15330.0,15320.15,15326.0,144.0
2021-07-08 12:15:00,NSE:BOSCHLTD,15330.0,15330.0,15320.1,15320.55,198.0
2021-07-08 12:20:00,NSE:BOSCHLTD,15328.75,15328.75,15250.0,15299.05,1639.0
2021-07-08 12:25:00,NSE:BOSCHLTD,15297.9,15321.9,15265.7,15316.0,454.0
2021-07-08 12:30:00,NSE:BOSCHLTD,15316.35,15340.0,15316.35,15333.05,149.0
2021-07-08 12:35:00,NSE:BOSCHLTD,15333.1,15339.95,15299.45,15312.3,480.0
2021-07-08 12:40:00,NSE:BOSCHLTD,15312.25,15336.0,15298.0,15336.0,219.0
2021-07-08 12:45:00,NSE:BOSCHLTD,15336.0,15336.0,15309.25,15312.7,111.0
2021-07-08 12:50:00,NSE:BOSCHLTD,15324.3,15330.0,15324.3,15325.0,44.0
2021-07-08 12:55:00,NSE:BOSCHLTD,15325.0,15339.9,15307.0,15307.0,341.0
2021-07-08 13:00:00,NSE:BOSCHLTD,15319.5,15320.8,15300.0,15310.4,119.0
2021-07-08 13:05:00,NSE:BOSCHLTD,15310.4,15310.4,15289.85,15290.0,330.0
2021-07-08 13:10:00,NSE:BOSCHLTD,15295.0,15300.0,15290.0,15298.7,332.0
2021-07-08 13:15:00,NSE:BOSCHLTD,15290.05,15300.0,15284.0,15300.0,623.0
2021-07-08 13:20:00,NSE:BOSCHLTD,15300.0,15331.1,15298.2,15331.1,876.0
2021-07-08 13:25:00,NSE:BOSCHLTD,15330.0,15342.0,15325.25,15333.2,178.0
2021-07-08 13:30:00,NSE:BOSCHLTD,15326.0,15334.0,15317.0,15324.35,121.0
2021-07-08 13:35:00,NSE:BOSCHLTD,15317.1,15328.95,15300.0,15313.85,246.0
2021-07-08 13:40:00,NSE:BOSCHLTD,15319.35,15328.0,15316.5,15327.95,104.0
2021-07-08 13:45:00,NSE:BOSCHLTD,15324.8,15325.85,15270.0,15300.0,748.0
2021-07-08 13:50:00,NSE:BOSCHLTD,15300.0,15300.0,15220.0,15239.05,1043.0
2021-07-08 13:55:00,NSE:BOSCHLTD,15228.55,15242.65,15201.95,15238.35,374.0
2021-07-08 14:00:00,NSE:BOSCHLTD,15238.3,15238.3,15180.4,15209.5,583.0
2021-07-08 14:05:00,NSE:BOSCHLTD,15213.6,15244.65,15201.15,15241.8,225.0
2021-07-08 14:10:00,NSE:BOSCHLTD,15244.75,15276.8,15244.75,15266.35,232.0
2021-07-08 14:15:00,NSE:BOSCHLTD,15261.95,15275.0,15256.25,15273.6,78.0
2021-07-08 14:20:00,NSE:BOSCHLTD,15268.8,15268.8,15234.75,15247.5,229.0
2021-07-08 14:25:00,NSE:BOSCHLTD,15237.2,15252.85,15233.85,15248.9,140.0
2021-07-08 14:30:00,NSE:BOSCHLTD,15244.8,15249.0,15190.0,15194.7,824.0
2021-07-08 14:35:00,NSE:BOSCHLTD,15194.7,15216.4,15190.05,15205.0,151.0
2021-07-08 14:40:00,NSE:BOSCHLTD,15205.0,15227.9,15196.05,15216.35,524.0
2021-07-08 14:45:00,NSE:BOSCHLTD,15224.0,15269.4,15224.0,15258.5,392.0
2021-07-08 14:50:00,NSE:BOSCHLTD,15246.65,15258.8,15230.0,15232.05,142.0
2021-07-08 14:55:00,NSE:BOSCHLTD,15230.0,15235.95,15206.05,15208.6,274.0
2021-07-08 15:00:00,NSE:BOSCHLTD,15220.0,15233.05,15219.1,15233.0,172.0
2021-07-08 15:05:00,NSE:BOSCHLTD,15234.05,15247.25,15222.5,15240.0,764.0
2021-07-08 15:10:00,NSE:BOSCHLTD,15245.95,15263.95,15226.15,15262.95,1026.0
2021-07-08 15:15:00,NSE:BOSCHLTD,15263.0,15300.0,15260.05,15300.0,966.0
2021-07-08 15:20:00,NSE:BOSCHLTD,15300.0,15320.0,15260.3,15298.25,1452.0
2021-07-08 15:25:00,NSE:BOSCHLTD,15298.2,15300.0,15250.0,15300.0,850.0
2021-07-08 15:30:00,NSE:BOSCHLTD,15300.0,15300.0,15300.0,15300.0,5.0
2021-07-08 15:45:00,NSE:BOSCHLTD,15273.3,15300.0,15273.3,15300.0,7.0
2021-07-09 09:05:00,NSE:BOSCHLTD,15323.0,15323.0,15323.0,15323.0,15.0
2021-07-09 09:15:00,NSE:BOSCHLTD,15323.0,15326.8,15237.6,15250.2,981.0
2021-07-09 09:20:00,NSE:BOSCHLTD,15262.0,15262.0,15198.7,15235.0,859.0
2021-07-09 09:25:00,NSE:BOSCHLTD,15225.85,15225.85,15130.35,15146.5,1163.0
2021-07-09 09:30:00,NSE:BOSCHLTD,15146.5,15175.35,15131.55,15132.1,671.0
2021-07-09 09:35:00,NSE:BOSCHLTD,15140.0,15173.95,15115.2,15155.5,556.0
2021-07-09 09:40:00,NSE:BOSCHLTD,15155.55,15175.0,15155.55,15174.95,229.0
2021-07-09 09:45:00,NSE:BOSCHLTD,15161.35,15174.65,15137.05,15141.65,294.0
2021-07-09 09:50:00,NSE:BOSCHLTD,15150.0,15200.0,15150.0,15198.9,357.0
2021-07-09 09:55:00,NSE:BOSCHLTD,15200.0,15200.0,15180.0,15180.0,286.0
2021-07-09 10:00:00,NSE:BOSCHLTD,15175.35,15198.6,15175.35,15193.95,209.0
2021-07-09 10:05:00,NSE:BOSCHLTD,15185.0,15220.8,15183.2,15210.0,472.0
2021-07-09 10:10:00,NSE:BOSCHLTD,15220.95,15279.95,15200.5,15210.5,3141.0
2021-07-09 10:15:00,NSE:BOSCHLTD,15204.0,15214.95,15130.3,15169.7,954.0
2021-07-09 10:20:00,NSE:BOSCHLTD,15169.75,15199.65,15163.4,15183.2,248.0
2021-07-09 10:25:00,NSE:BOSCHLTD,15197.0,15198.35,15150.0,15162.45,671.0
2021-07-09 10:30:00,NSE:BOSCHLTD,15175.6,15175.6,15150.0,15169.7,710.0
2021-07-09 10:35:00,NSE:BOSCHLTD,15173.1,15193.5,15157.2,15171.15,237.0
2021-07-09 10:40:00,NSE:BOSCHLTD,15183.95,15190.55,15167.9,15167.9,333.0
2021-07-09 10:45:00,NSE:BOSCHLTD,15185.0,15195.95,15166.5,15179.95,146.0
2021-07-09 10:50:00,NSE:BOSCHLTD,15185.45,15195.8,15174.45,15180.15,317.0
2021-07-09 10:55:00,NSE:BOSCHLTD,15186.35,15197.95,15181.05,15187.45,216.0
2021-07-09 11:00:00,NSE:BOSCHLTD,15181.05,15194.4,15145.1,15159.25,1440.0
2021-07-09 11:05:00,NSE:BOSCHLTD,15169.3,15187.45,15159.0,15161.15,783.0
2021-07-09 11:10:00,NSE:BOSCHLTD,15160.0,15180.55,15160.0,15170.0,48.0
2021-07-09 11:15:00,NSE:BOSCHLTD,15187.0,15187.0,15160.2,15162.0,290.0
2021-07-09 11:20:00,NSE:BOSCHLTD,15169.7,15187.0,15162.05,15186.95,94.0
2021-07-09 11:25:00,NSE:BOSCHLTD,15186.85,15191.55,15170.0,15180.0,232.0
2021-07-09 11:30:00,NSE:BOSCHLTD,15180.0,15190.1,15180.0,15181.0,120.0
2021-07-09 11:35:00,NSE:BOSCHLTD,15183.45,15191.25,15178.0,15186.35,64.0
2021-07-09 11:40:00,NSE:BOSCHLTD,15186.35,15190.0,15175.0,15175.0,193.0
2021-07-09 11:45:00,NSE:BOSCHLTD,15191.95,15200.0,15180.0,15182.45,288.0
2021-07-09 11:50:00,NSE:BOSCHLTD,15199.3,15205.0,15176.55,15189.9,25823.0
2021-07-09 11:55:00,NSE:BOSCHLTD,15200.0,15211.95,15186.7,15194.3,323.0
2021-07-09 12:00:00,NSE:BOSCHLTD,15193.05,15217.8,15190.05,15209.05,348.0
2021-07-09 12:05:00,NSE:BOSCHLTD,15200.05,15219.95,15200.05,15205.45,148.0
2021-07-09 12:10:00,NSE:BOSCHLTD,15216.65,15249.3,15205.6,15235.85,994.0
2021-07-09 12:15:00,NSE:BOSCHLTD,15224.8,15249.65,15219.5,15220.25,497.0
2021-07-09 12:20:00,NSE:BOSCHLTD,15220.25,15225.8,15202.1,15202.25,176.0
2021-07-09 12:25:00,NSE:BOSCHLTD,15205.7,15218.75,15181.0,15182.55,325.0
2021-07-09 12:30:00,NSE:BOSCHLTD,15200.0,15210.7,15183.45,15200.0,236.0
2021-07-09 12:35:00,NSE:BOSCHLTD,15200.0,15220.0,15200.0,15206.25,240.0
2021-07-09 12:40:00,NSE:BOSCHLTD,15217.6,15220.0,15205.0,15206.85,347.0
2021-07-09 12:45:00,NSE:BOSCHLTD,15216.8,15235.8,15205.15,15225.75,842.0
2021-07-09 12:50:00,NSE:BOSCHLTD,15230.35,15247.6,15223.75,15237.9,646.0
2021-07-09 12:55:00,NSE:BOSCHLTD,15237.9,15237.9,15206.6,15235.0,301.0
2021-07-09 13:00:00,NSE:BOSCHLTD,15235.0,15236.6,15212.0,15213.35,160.0
2021-07-09 13:05:00,NSE:BOSCHLTD,15226.3,15242.65,15190.0,15190.0,22805.0
2021-07-09 13:10:00,NSE:BOSCHLTD,15183.3,15200.9,15176.8,15192.5,427.0
2021-07-09 13:15:00,NSE:BOSCHLTD,15192.5,15200.9,15187.0,15200.9,77.0
2021-07-09 13:20:00,NSE:BOSCHLTD,15194.05,15203.05,15176.55,15189.55,346.0
2021-07-09 13:25:00,NSE:BOSCHLTD,15194.95,15195.0,15178.5,15181.0,163.0
2021-07-09 13:30:00,NSE:BOSCHLTD,15193.95,15200.0,15183.75,15198.5,436.0
2021-07-09 13:35:00,NSE:BOSCHLTD,15190.75,15199.95,15190.75,15192.2,44.0
2021-07-09 13:40:00,NSE:BOSCHLTD,15200.0,15200.0,15185.05,15185.25,89.0
2021-07-09 13:45:00,NSE:BOSCHLTD,15199.75,15200.0,15185.0,15188.0,60.0
2021-07-09 13:50:00,NSE:BOSCHLTD,15188.0,15198.15,15179.55,15185.0,410.0
2021-07-09 13:55:00,NSE:BOSCHLTD,15185.0,15199.95,15185.0,15190.05,90.0
2021-07-09 14:00:00,NSE:BOSCHLTD,15200.0,15209.25,15190.0,15193.75,961.0
2021-07-09 14:05:00,NSE:BOSCHLTD,15205.0,15205.0,15195.2,15200.0,109.0
2021-07-09 14:10:00,NSE:BOSCHLTD,15204.0,15234.85,15200.0,15228.05,263.0
2021-07-09 14:15:00,NSE:BOSCHLTD,15230.45,15239.85,15225.0,15231.0,241.0
2021-07-09 14:20:00,NSE:BOSCHLTD,15231.0,15233.9,15225.0,15228.05,128.0
2021-07-09 14:25:00,NSE:BOSCHLTD,15225.0,15231.0,15211.0,15213.75,282.0
2021-07-09 14:30:00,NSE:BOSCHLTD,15218.4,15226.15,15190.0,15195.0,268.0
2021-07-09 14:35:00,NSE:BOSCHLTD,15200.0,15218.75,15195.05,15212.4,104.0
2021-07-09 14:40:00,NSE:BOSCHLTD,15212.4,15247.8,15211.6,15238.8,809.0
2021-07-09 14:45:00,NSE:BOSCHLTD,15238.8,15317.65,15236.55,15285.15,3752.0
2021-07-09 14:50:00,NSE:BOSCHLTD,15285.65,15299.7,15270.1,15299.7,1242.0
2021-07-09 14:55:00,NSE:BOSCHLTD,15290.4,15316.55,15264.15,15285.95,859.0
2021-07-09 15:00:00,NSE:BOSCHLTD,15272.75,15279.15,15266.0,15267.1,336.0
2021-07-09 15:05:00,NSE:BOSCHLTD,15270.9,15307.95,15266.0,15281.95,842.0
2021-07-09 15:10:00,NSE:BOSCHLTD,15277.45,15282.5,15260.7,15279.45,936.0
2021-07-09 15:15:00,NSE:BOSCHLTD,15270.5,15286.45,15242.35,15271.7,1625.0
2021-07-09 15:20:00,NSE:BOSCHLTD,15271.7,15328.0,15271.7,15321.05,1323.0
2021-07-09 15:25:00,NSE:BOSCHLTD,15321.05,15400.0,15321.05,15381.55,1331.0
2021-07-09 15:40:00,NSE:BOSCHLTD,15299.05,15299.05,15299.05,15299.05,16.0
2021-07-12 09:05:00,NSE:BOSCHLTD,15374.7,15374.7,15374.7,15374.7,130.0
2021-07-12 09:15:00,NSE:BOSCHLTD,15378.9,15444.55,15350.25,15362.6,1562.0
2021-07-12 09:20:00,NSE:BOSCHLTD,15384.5,15394.65,15329.15,15332.3,1018.0
2021-07-12 09:25:00,NSE:BOSCHLTD,15340.0,15399.95,15331.1,15399.95,536.0
2021-07-12 09:30:00,NSE:BOSCHLTD,15382.9,15446.65,15382.9,15436.8,793.0
2021-07-12 09:35:00,NSE:BOSCHLTD,15432.0,15434.9,15405.3,15405.3,484.0
2021-07-12 09:40:00,NSE:BOSCHLTD,15405.55,15496.95,15405.55,15462.2,993.0
2021-07-12 09:45:00,NSE:BOSCHLTD,15474.95,15474.95,15426.1,15426.1,489.0
2021-07-12 09:50:00,NSE:BOSCHLTD,15426.15,15458.35,15407.0,15455.0,475.0
2021-07-12 09:55:00,NSE:BOSCHLTD,15454.5,15460.0,15412.15,15425.5,447.0
2021-07-12 10:00:00,NSE:BOSCHLTD,15420.05,15433.4,15275.35,15370.1,12477.0
2021-07-12 10:05:00,NSE:BOSCHLTD,15365.0,15376.0,15365.0,15375.7,140.0
2021-07-12 10:10:00,NSE:BOSCHLTD,15370.0,15382.9,15360.7,15379.3,151.0
2021-07-12 10:15:00,NSE:BOSCHLTD,15381.4,15395.85,15381.4,15383.45,213.0
2021-07-12 10:20:00,NSE:BOSCHLTD,15393.5,15393.55,15383.45,15386.9,150.0
2021-07-12 10:25:00,NSE:BOSCHLTD,15386.3,15392.05,15375.05,15383.25,279.0
2021-07-12 10:30:00,NSE:BOSCHLTD,15383.25,15385.35,15377.05,15377.15,133.0
2021-07-12 10:35:00,NSE:BOSCHLTD,15385.35,15389.9,15378.0,15378.55,64.0
2021-07-12 10:40:00,NSE:BOSCHLTD,15389.9,15389.9,15368.0,15368.0,232.0
2021-07-12 10:45:00,NSE:BOSCHLTD,15365.5,15366.1,15350.0,15350.05,580.0
2021-07-12 10:50:00,NSE:BOSCHLTD,15350.05,15359.9,15340.05,15340.05,108.0
2021-07-12 10:55:00,NSE:BOSCHLTD,15339.0,15340.0,15330.1,15335.0,81.0
2021-07-12 11:00:00,NSE:BOSCHLTD,15339.0,15339.0,15300.0,15313.0,420.0
2021-07-12 11:05:00,NSE:BOSCHLTD,15302.05,15313.0,15290.0,15296.2,368.0
2021-07-12 11:10:00,NSE:BOSCHLTD,15290.0,15337.5,15290.0,15321.85,581.0
2021-07-12 11:15:00,NSE:BOSCHLTD,15320.45,15324.55,15302.15,15308.15,218.0
2021-07-12 11:20:00,NSE:BOSCHLTD,15322.5,15325.6,15315.0,15325.0,168.0
2021-07-12 11:25:00,NSE:BOSCHLTD,15323.95,15323.95,15315.0,15322.2,56.0
2021-07-12 11:30:00,NSE:BOSCHLTD,15315.0,15320.0,15300.0,15300.0,252.0
2021-07-12 11:35:00,NSE:BOSCHLTD,15301.0,15308.6,15301.0,15308.6,98.0
2021-07-12 11:40:00,NSE:BOSCHLTD,15302.0,15312.6,15300.0,15300.0,61.0
2021-07-12 11:45:00,NSE:BOSCHLTD,15307.1,15312.6,15300.7,15309.2,93.0
2021-07-12 11:50:00,NSE:BOSCHLTD,15310.0,15325.8,15310.0,15315.95,43.0
2021-07-12 11:55:00,NSE:BOSCHLTD,15324.95,15324.95,15310.55,15323.35,42.0
2021-07-12 12:00:00,NSE:BOSCHLTD,15323.3,15323.3,15312.05,15323.0,22.0
2021-07-12 12:05:00,NSE:BOSCHLTD,15324.95,15330.0,15302.0,15302.0,253.0
2021-07-12 12:10:00,NSE:BOSCHLTD,15301.7,15307.8,15290.0,15294.6,294.0
2021-07-12 12:15:00,NSE:BOSCHLTD,15290.1,15315.1,15290.1,15311.8,65.0
2021-07-12 12:20:00,NSE:BOSCHLTD,15320.5,15321.55,15310.5,15321.55,82.0
2021-07-12 12:25:00,NSE:BOSCHLTD,15316.0,15316.55,15302.0,15302.0,265.0
2021-07-12 12:30:00,NSE:BOSCHLTD,15310.6,15330.0,15302.0,15325.0,213.0
2021-07-12 12:35:00,NSE:BOSCHLTD,15333.85,15349.85,15325.1,15338.6,87.0
2021-07-12 12:40:00,NSE:BOSCHLTD,15353.35,15353.35,15302.05,15321.35,242.0
2021-07-12 12:45:00,NSE:BOSCHLTD,15310.0,15337.2,15310.0,15334.85,71.0
2021-07-12 12:50:00,NSE:BOSCHLTD,15319.25,15337.1,15319.25,15320.85,23.0
2021-07-12 12:55:00,NSE:BOSCHLTD,15320.85,15335.4,15320.85,15321.0,31.0
2021-07-12 13:00:00,NSE:BOSCHLTD,15321.0,15332.15,15306.9,15306.9,67.0
2021-07-12 13:05:00,NSE:BOSCHLTD,15311.0,15312.2,15291.0,15291.0,252.0
2021-07-12 13:10:00,NSE:BOSCHLTD,15286.0,15292.25,15250.0,15265.3,776.0
2021-07-12 13:15:00,NSE:BOSCHLTD,15260.0,15260.0,15215.15,15241.0,614.0
2021-07-12 13:20:00,NSE:BOSCHLTD,15248.75,15270.0,15241.05,15266.85,135.0
2021-07-12 13:25:00,NSE:BOSCHLTD,15273.7,15280.0,15253.4,15274.65,243.0
2021-07-12 13:30:00,NSE:BOSCHLTD,15274.65,15275.0,15262.8,15263.3,18.0
2021-07-12 13:35:00,NSE:BOSCHLTD,15277.95,15277.95,15255.1,15262.8,89.0
2021-07-12 13:40:00,NSE:BOSCHLTD,15261.1,15270.0,15255.0,15258.8,56.0
2021-07-12 13:45:00,NSE:BOSCHLTD,15269.95,15272.8,15258.2,15258.6,50.0
2021-07-12 13:50:00,NSE:BOSCHLTD,15267.0,15267.0,15258.0,15258.0,39.0
2021-07-12 13:55:00,NSE:BOSCHLTD,15263.85,15263.85,15235.2,15237.0,121.0
2021-07-12 14:00:00,NSE:BOSCHLTD,15248.55,15250.0,15235.0,15249.85,101.0
2021-07-12 14:05:00,NSE:BOSCHLTD,15238.35,15250.0,15238.35,15249.4,63.0
2021-07-12 14:10:00,NSE:BOSCHLTD,15252.8,15252.8,15220.0,15235.2,143.0
2021-07-12 14:15:00,NSE:BOSCHLTD,15221.55,15243.55,15221.55,15243.55,134.0
2021-07-12 14:20:00,NSE:BOSCHLTD,15243.55,15249.5,15229.7,15229.7,169.0
2021-07-12 14:25:00,NSE:BOSCHLTD,15240.0,15250.0,15231.4,15247.0,102.0
2021-07-12 14:30:00,NSE:BOSCHLTD,15250.0,15250.0,15237.35,15247.95,25.0
2021-07-12 14:35:00,NSE:BOSCHLTD,15237.35,15237.35,15210.1,15224.45,349.0
2021-07-12 14:40:00,NSE:BOSCHLTD,15211.1,15230.0,15210.0,15223.85,188.0
2021-07-12 14:45:00,NSE:BOSCHLTD,15226.85,15230.0,15212.0,15221.0,98.0
2021-07-12 14:50:00,NSE:BOSCHLTD,15229.55,15245.0,15229.55,15230.2,181.0
2021-07-12 14:55:00,NSE:BOSCHLTD,15230.2,15242.9,15225.4,15226.05,52.0
2021-07-12 15:00:00,NSE:BOSCHLTD,15237.0,15265.0,15237.0,15259.25,746.0
2021-07-12 15:05:00,NSE:BOSCHLTD,15251.85,15256.5,15226.0,15234.3,169.0
2021-07-12 15:10:00,NSE:BOSCHLTD,15234.3,15234.3,15187.3,15191.05,718.0
2021-07-12 15:15:00,NSE:BOSCHLTD,15191.05,15226.1,15180.0,15196.3,1657.0
2021-07-12 15:20:00,NSE:BOSCHLTD,15214.15,15250.05,15204.7,15240.0,830.0
2021-07-12 15:25:00,NSE:BOSCHLTD,15240.0,15257.95,15220.05,15257.6,662.0
2021-07-12 15:40:00,NSE:BOSCHLTD,15219.75,15219.75,15219.75,15219.75,1.0
2021-07-13 09:05:00,NSE:BOSCHLTD,15370.0,15370.0,15370.0,15370.0,69.0
2021-07-13 09:15:00,NSE:BOSCHLTD,15370.0,15370.0,15286.9,15310.3,1189.0
2021-07-13 09:20:00,NSE:BOSCHLTD,15321.85,15367.0,15310.55,15354.0,520.0
2021-07-13 09:25:00,NSE:BOSCHLTD,15354.0,15354.0,15320.6,15343.0,249.0
2021-07-13 09:30:00,NSE:BOSCHLTD,15349.9,15349.9,15333.05,15340.0,266.0
2021-07-13 09:35:00,NSE:BOSCHLTD,15330.1,15346.35,15305.15,15317.95,513.0
2021-07-13 09:40:00,NSE:BOSCHLTD,15315.0,15315.0,15275.0,15298.6,527.0
2021-07-13 09:45:00,NSE:BOSCHLTD,15306.0,15399.9,15294.0,15375.0,2279.0
2021-07-13 09:50:00,NSE:BOSCHLTD,15376.5,15390.0,15366.0,15384.55,1091.0
2021-07-13 09:55:00,NSE:BOSCHLTD,15375.35,15395.0,15370.8,15375.3,787.0
2021-07-13 10:00:00,NSE:BOSCHLTD,15371.35,15379.5,15340.0,15360.35,905.0
2021-07-13 10:05:00,NSE:BOSCHLTD,15360.3,15439.45,15360.3,15436.0,1757.0
2021-07-13 10:10:00,NSE:BOSCHLTD,15436.0,15462.35,15402.0,15412.0,1193.0
2021-07-13 10:15:00,NSE:BOSCHLTD,15402.4,15465.0,15388.25,15415.0,2281.0
2021-07-13 10:20:00,NSE:BOSCHLTD,15425.0,15431.45,15401.45,15415.4,554.0
2021-07-13 10:25:00,NSE:BOSCHLTD,15415.45,15439.95,15403.6,15434.45,408.0
2021-07-13 10:30:00,NSE:BOSCHLTD,15432.5,15499.8,15432.0,15497.9,2431.0
2021-07-13 10:35:00,NSE:BOSCHLTD,15484.9,15533.95,15450.0,15456.15,2188.0
2021-07-13 10:40:00,NSE:BOSCHLTD,15456.15,15464.75,15423.05,15442.5,741.0
2021-07-13 10:45:00,NSE:BOSCHLTD,15443.95,15455.1,15426.25,15455.0,352.0
2021-07-13 10:50:00,NSE:BOSCHLTD,15445.55,15457.8,15426.0,15429.15,314.0
2021-07-13 10:55:00,NSE:BOSCHLTD,15438.0,15448.45,15420.15,15436.5,513.0
2021-07-13 11:00:00,NSE:BOSCHLTD,15449.0,15479.3,15435.1,15462.75,770.0
2021-07-13 11:05:00,NSE:BOSCHLTD,15472.4,15496.5,15467.6,15477.3,501.0
2021-07-13 11:10:00,NSE:BOSCHLTD,15477.3,15487.5,15460.0,15460.0,332.0
2021-07-13 11:15:00,NSE:BOSCHLTD,15466.5,15466.5,15437.4,15447.1,405.0
2021-07-13 11:20:00,NSE:BOSCHLTD,15459.0,15478.9,15447.3,15478.9,298.0
2021-07-13 11:25:00,NSE:BOSCHLTD,15478.9,15490.0,15465.95,15484.5,331.0
2021-07-13 11:30:00,NSE:BOSCHLTD,15490.0,15490.0,15456.95,15469.5,188.0
2021-07-13 11:35:00,NSE:BOSCHLTD,15457.85,15470.85,15457.85,15469.0,67.0
2021-07-13 11:40:00,NSE:BOSCHLTD,15469.9,15472.45,15446.85,15456.0,594.0
2021-07-13 11:45:00,NSE:BOSCHLTD,15456.0,15469.6,15448.85,15462.8,749.0
2021-07-13 11:50:00,NSE:BOSCHLTD,15452.0,15497.95,15448.65,15485.05,1230.0
2021-07-13 11:55:00,NSE:BOSCHLTD,15486.5,15494.55,15451.65,15467.9,418.0
2021-07-13 12:00:00,NSE:BOSCHLTD,15472.8,15495.8,15471.0,15492.2,261.0
2021-07-13 12:05:00,NSE:BOSCHLTD,15494.65,15494.65,15453.65,15466.5,227.0
2021-07-13 12:10:00,NSE:BOSCHLTD,15466.5,15475.0,15451.6,15460.05,356.0
2021-07-13 12:15:00,NSE:BOSCHLTD,15462.5,15467.4,15450.45,15464.65,165.0
2021-07-13 12:20:00,NSE:BOSCHLTD,15462.0,15477.45,15454.5,15457.75,236.0
2021-07-13 12:25:00,NSE:BOSCHLTD,15458.1,15489.5,15458.1,15489.5,285.0
2021-07-13 12:30:00,NSE:BOSCHLTD,15489.5,15489.5,15474.85,15475.35,272.0
2021-07-13 12:35:00,NSE:BOSCHLTD,15466.3,15473.65,15454.75,15461.0,305.0
2021-07-13 12:40:00,NSE:BOSCHLTD,15459.0,15487.45,15459.0,15477.5,385.0
2021-07-13 12:45:00,NSE:BOSCHLTD,15477.5,15486.9,15452.4,15452.4,124.0
2021-07-13 12:50:00,NSE:BOSCHLTD,15452.4,15468.45,15451.55,15461.55,87.0
2021-07-13 12:55:00,NSE:BOSCHLTD,15466.65,15479.95,15455.2,15471.75,276.0
2021-07-13 13:00:00,NSE:BOSCHLTD,15464.0,15480.0,15458.1,15462.45,94.0
2021-07-13 13:05:00,NSE:BOSCHLTD,15463.5,15469.25,15451.55,15453.0,185.0
2021-07-13 13:10:00,NSE:BOSCHLTD,15453.0,15469.05,15445.15,15445.15,201.0
2021-07-13 13:15:00,NSE:BOSCHLTD,15445.15,15453.05,15425.05,15445.3,695.0
2021-07-13 13:20:00,NSE:BOSCHLTD,15446.0,15462.5,15438.9,15452.0,346.0
2021-07-13 13:25:00,NSE:BOSCHLTD,15454.9,15459.9,15441.0,15454.55,190.0
2021-07-13 13:30:00,NSE:BOSCHLTD,15470.0,15470.0,15451.45,15451.45,187.0
2021-07-13 13:35:00,NSE:BOSCHLTD,15454.45,15479.95,15450.0,15465.2,214.0
2021-07-13 13:40:00,NSE:BOSCHLTD,15465.2,15475.0,15460.35,15462.35,154.0
2021-07-13 13:45:00,NSE:BOSCHLTD,15477.45,15477.45,15456.1,15456.1,204.0
2021-07-13 13:50:00,NSE:BOSCHLTD,15453.4,15461.9,15453.4,15461.9,66.0
2021-07-13 13:55:00,NSE:BOSCHLTD,15461.9,15475.0,15457.6,15461.75,91.0
2021-07-13 14:00:00,NSE:BOSCHLTD,15462.0,15479.0,15450.0,15450.15,367.0
2021-07-13 14:05:00,NSE:BOSCHLTD,15459.95,15460.0,15451.5,15459.7,36.0
2021-07-13 14:10:00,NSE:BOSCHLTD,15459.8,15462.15,15452.25,15462.15,71.0
2021-07-13 14:15:00,NSE:BOSCHLTD,15471.55,15485.0,15464.6,15478.35,142.0
2021-07-13 14:20:00,NSE:BOSCHLTD,15487.45,15496.8,15478.6,15496.8,145.0
2021-07-13 14:25:00,NSE:BOSCHLTD,15496.8,15499.85,15383.95,15387.15,1624.0
2021-07-13 14:30:00,NSE:BOSCHLTD,15381.45,15381.45,15276.9,15339.0,2640.0
2021-07-13 14:35:00,NSE:BOSCHLTD,15339.0,15348.0,15303.05,15312.05,1275.0
2021-07-13 14:40:00,NSE:BOSCHLTD,15310.5,15340.0,15310.05,15319.5,234.0
2021-07-13 14:45:00,NSE:BOSCHLTD,15318.0,15336.9,15310.65,15313.75,702.0
2021-07-13 14:50:00,NSE:BOSCHLTD,15313.75,15317.25,15260.8,15280.45,1082.0
2021-07-13 14:55:00,NSE:BOSCHLTD,15288.0,15325.45,15280.8,15307.0,920.0
2021-07-13 15:00:00,NSE:BOSCHLTD,15307.0,15349.45,15225.0,15250.05,14394.0
2021-07-13 15:05:00,NSE:BOSCHLTD,15250.05,15276.75,15122.55,15170.0,3294.0
2021-07-13 15:10:00,NSE:BOSCHLTD,15170.0,15209.95,15160.55,15205.55,937.0
2021-07-13 15:15:00,NSE:BOSCHLTD,15208.3,15240.95,15202.35,15224.2,1471.0
2021-07-13 15:20:00,NSE:BOSCHLTD,15210.1,15255.35,15204.8,15255.35,2011.0
2021-07-13 15:25:00,NSE:BOSCHLTD,15255.35,15255.35,15200.1,15247.35,934.0
2021-07-13 15:40:00,NSE:BOSCHLTD,15238.35,15247.35,15238.35,15247.35,5.0
2021-07-14 09:05:00,NSE:BOSCHLTD,15294.0,15294.0,15294.0,15294.0,81.0
2021-07-14 09:15:00,NSE:BOSCHLTD,15294.0,15319.75,15250.05,15284.45,678.0
2021-07-14 09:20:00,NSE:BOSCHLTD,15262.5,15295.4,15245.2,15286.45,1039.0
2021-07-14 09:25:00,NSE:BOSCHLTD,15286.45,15299.95,15250.0,15253.55,686.0
2021-07-14 09:30:00,NSE:BOSCHLTD,15238.35,15277.5,15220.05,15259.55,378.0
2021-07-14 09:35:00,NSE:BOSCHLTD,15268.5,15291.7,15260.0,15267.8,313.0
2021-07-14 09:40:00,NSE:BOSCHLTD,15261.8,15290.0,15235.7,15270.0,214.0
2021-07-14 09:45:00,NSE:BOSCHLTD,15280.5,15285.0,15256.75,15272.95,241.0
2021-07-14 09:50:00,NSE:BOSCHLTD,15273.5,15277.2,15255.0,15255.0,69.0
2021-07-14 09:55:00,NSE:BOSCHLTD,15262.55,15265.1,15250.0,15263.95,225.0
2021-07-14 10:00:00,NSE:BOSCHLTD,15248.35,15260.35,15241.5,15255.45,217.0
2021-07-14 10:05:00,NSE:BOSCHLTD,15245.2,15255.55,15245.0,15255.0,162.0
2021-07-14 10:10:00,NSE:BOSCHLTD,15250.0,15254.8,15245.15,15254.7,94.0
2021-07-14 10:15:00,NSE:BOSCHLTD,15254.85,15255.0,15233.4,15233.4,330.0
2021-07-14 10:20:00,NSE:BOSCHLTD,15233.4,15249.95,15230.0,15249.95,67.0
2021-07-14 10:25:00,NSE:BOSCHLTD,15252.4,15274.3,15252.0,15262.75,483.0
2021-07-14 10:30:00,NSE:BOSCHLTD,15262.7,15265.4,15253.5,15260.45,30.0
2021-07-14 10:35:00,NSE:BOSCHLTD,15273.55,15290.05,15268.5,15274.05,545.0
2021-07-14 10:40:00,NSE:BOSCHLTD,15277.75,15282.0,15265.0,15280.1,125.0
2021-07-14 10:45:00,NSE:BOSCHLTD,15282.0,15295.0,15280.5,15280.5,181.0
2021-07-14 10:50:00,NSE:BOSCHLTD,15273.9,15296.25,15268.8,15273.3,273.0
2021-07-14 10:55:00,NSE:BOSCHLTD,15273.3,15286.4,15268.6,15280.0,114.0
2021-07-14 11:00:00,NSE:BOSCHLTD,15270.05,15280.0,15270.0,15270.0,25.0
2021-07-14 11:05:00,NSE:BOSCHLTD,15279.05,15279.4,15240.6,15272.0,849.0
2021-07-14 11:10:00,NSE:BOSCHLTD,15272.0,15283.25,15262.55,15273.9,167.0
2021-07-14 11:15:00,NSE:BOSCHLTD,15280.55,15280.55,15265.5,15275.0,115.0
2021-07-14 11:20:00,NSE:BOSCHLTD,15268.0,15274.75,15260.1,15268.2,83.0
2021-07-14 11:25:00,NSE:BOSCHLTD,15265.0,15268.2,15260.0,15265.75,101.0
2021-07-14 11:30:00,NSE:BOSCHLTD,15265.75,15275.0,15255.25,15260.0,67.0
2021-07-14 11:35:00,NSE:BOSCHLTD,15260.0,15271.5,15257.0,15265.0,121.0
2021-07-14 11:40:00,NSE:BOSCHLTD,15265.0,15265.0,15240.0,15248.75,317.0
2021-07-14 11:45:00,NSE:BOSCHLTD,15248.95,15250.0,15231.1,15248.0,484.0
2021-07-14 11:50:00,NSE:BOSCHLTD,15248.0,15250.0,15241.0,15241.5,390.0
2021-07-14 11:55:00,NSE:BOSCHLTD,15250.0,15250.0,15236.0,15236.0,84.0
2021-07-14 12:00:00,NSE:BOSCHLTD,15231.05,15245.95,15231.05,15238.2,24.0
2021-07-14 12:05:00,NSE:BOSCHLTD,15238.2,15252.6,15238.2,15252.55,125.0
2021-07-14 12:10:00,NSE:BOSCHLTD,15253.95,15257.35,15244.9,15252.05,55.0
2021-07-14 12:15:00,NSE:BOSCHLTD,15252.0,15262.05,15251.7,15253.0,43.0
2021-07-14 12:20:00,NSE:BOSCHLTD,15253.0,15253.0,15250.0,15251.0,116.0
2021-07-14 12:25:00,NSE:BOSCHLTD,15250.0,15260.0,15250.0,15260.0,144.0
2021-07-14 12:30:00,NSE:BOSCHLTD,15265.05,15265.05,15251.1,15256.0,48.0
2021-07-14 12:35:00,NSE:BOSCHLTD,15256.0,15260.0,15250.0,15250.0,82.0
2021-07-14 12:40:00,NSE:BOSCHLTD,15258.0,15265.0,15250.0,15263.95,40.0
2021-07-14 12:45:00,NSE:BOSCHLTD,15255.45,15265.0,15254.6,15265.0,53.0
2021-07-14 12:50:00,NSE:BOSCHLTD,15265.0,15267.75,15258.0,15266.9,41.0
2021-07-14 12:55:00,NSE:BOSCHLTD,15266.9,15270.0,15258.0,15266.05,206.0
2021-07-14 13:00:00,NSE:BOSCHLTD,15270.0,15303.0,15270.0,15293.9,706.0
2021-07-14 13:05:00,NSE:BOSCHLTD,15289.6,15289.6,15270.0,15275.0,127.0
2021-07-14 13:10:00,NSE:BOSCHLTD,15270.65,15294.9,15270.65,15285.0,96.0
2021-07-14 13:15:00,NSE:BOSCHLTD,15294.0,15310.0,15285.0,15291.55,474.0
2021-07-14 13:20:00,NSE:BOSCHLTD,15291.6,15312.9,15291.6,15296.6,118.0
2021-07-14 13:25:00,NSE:BOSCHLTD,15300.0,15300.0,15291.0,15297.25,500.0
2021-07-14 13:30:00,NSE:BOSCHLTD,15291.0,15297.25,15277.2,15283.7,121.0
2021-07-14 13:35:00,NSE:BOSCHLTD,15282.15,15300.0,15282.15,15300.0,50.0
2021-07-14 13:40:00,NSE:BOSCHLTD,15303.75,15309.1,15295.75,15308.85,94.0
2021-07-14 13:45:00,NSE:BOSCHLTD,15300.2,15318.35,15297.05,15318.35,379.0
2021-07-14 13:50:00,NSE:BOSCHLTD,15318.15,15350.0,15304.5,15349.25,1069.0
2021-07-14 13:55:00,NSE:BOSCHLTD,15337.25,15350.0,15324.2,15332.45,328.0
2021-07-14 14:00:00,NSE:BOSCHLTD,15335.25,15340.0,15324.45,15340.0,576.0
2021-07-14 14:05:00,NSE:BOSCHLTD,15338.0,15350.0,15331.15,15350.0,648.0
2021-07-14 14:10:00,NSE:BOSCHLTD,15350.0,15382.25,15344.05,15369.9,1524.0
2021-07-14 14:15:00,NSE:BOSCHLTD,15369.85,15385.7,15353.75,15380.25,494.0
2021-07-14 14:20:00,NSE:BOSCHLTD,15375.0,15376.5,15361.0,15370.0,312.0
2021-07-14 14:25:00,NSE:BOSCHLTD,15367.95,15380.25,15367.95,15370.65,496.0
2021-07-14 14:30:00,NSE:BOSCHLTD,15368.0,15377.4,15353.1,15365.8,536.0
2021-07-14 14:35:00,NSE:BOSCHLTD,15366.0,15375.95,15364.95,15370.95,315.0
2021-07-14 14:40:00,NSE:BOSCHLTD,15369.15,15374.5,15361.7,15370.0,436.0
2021-07-14 14:45:00,NSE:BOSCHLTD,15364.35,15370.0,15346.1,15346.15,352.0
2021-07-14 14:50:00,NSE:BOSCHLTD,15346.05,15356.75,15329.1,15340.0,847.0
2021-07-14 14:55:00,NSE:BOSCHLTD,15337.45,15344.4,15322.0,15327.95,904.0
2021-07-14 15:00:00,NSE:BOSCHLTD,15332.0,15343.8,15328.6,15336.5,381.0
2021-07-14 15:05:00,NSE:BOSCHLTD,15345.0,15359.35,15337.5,15358.5,541.0
2021-07-14 15:10:00,NSE:BOSCHLTD,15347.85,15374.2,15343.15,15374.15,1142.0
2021-07-14 15:15:00,NSE:BOSCHLTD,15374.2,15375.0,15358.5,15375.0,1375.0
2021-07-14 15:20:00,NSE:BOSCHLTD,15378.8,15397.0,15370.2,15390.15,2476.0
2021-07-14 15:25:00,NSE:BOSCHLTD,15382.55,15400.0,15382.4,15390.0,1517.0
2021-07-14 15:45:00,NSE:BOSCHLTD,15371.15,15371.15,15371.15,15371.15,2.0
2021-07-15 09:05:00,NSE:BOSCHLTD,15449.0,15449.0,15449.0,15449.0,91.0
2021-07-15 09:15:00,NSE:BOSCHLTD,15449.0,15463.2,15401.55,15446.1,735.0
2021-07-15 09:20:00,NSE:BOSCHLTD,15446.35,15457.35,15425.0,15440.1,792.0
2021-07-15 09:25:00,NSE:BOSCHLTD,15430.5,15488.8,15430.5,15461.35,690.0
2021-07-15 09:30:00,NSE:BOSCHLTD,15462.05,15498.0,15462.05,15496.45,987.0
2021-07-15 09:35:00,NSE:BOSCHLTD,15487.1,15498.0,15474.05,15474.05,510.0
2021-07-15 09:40:00,NSE:BOSCHLTD,15474.65,15484.8,15474.05,15475.0,107.0
2021-07-15 09:45:00,NSE:BOSCHLTD,15485.5,15493.3,15468.25,15484.6,339.0
2021-07-15 09:50:00,NSE:BOSCHLTD,15490.0,15500.0,15457.15,15470.0,863.0
2021-07-15 09:55:00,NSE:BOSCHLTD,15475.0,15484.8,15475.0,15476.95,151.0
2021-07-15 10:00:00,NSE:BOSCHLTD,15477.0,15477.0,15453.7,15470.0,343.0
2021-07-15 10:05:00,NSE:BOSCHLTD,15470.0,15493.55,15464.25,15468.0,270.0
2021-07-15 10:10:00,NSE:BOSCHLTD,15472.4,15478.0,15458.0,15459.9,161.0
2021-07-15 10:15:00,NSE:BOSCHLTD,15463.15,15463.15,15453.4,15453.5,127.0
2021-07-15 10:20:00,NSE:BOSCHLTD,15456.75,15456.75,15430.0,15436.95,801.0
2021-07-15 10:25:00,NSE:BOSCHLTD,15436.9,15436.9,15401.0,15420.0,985.0
2021-07-15 10:30:00,NSE:BOSCHLTD,15420.0,15420.0,15372.4,15379.6,624.0
2021-07-15 10:35:00,NSE:BOSCHLTD,15371.0,15411.95,15366.9,15411.95,957.0
2021-07-15 10:40:00,NSE:BOSCHLTD,15411.95,15421.1,15411.95,15420.0,207.0
2021-07-15 10:45:00,NSE:BOSCHLTD,15415.5,15436.0,15380.8,15399.95,1228.0
2021-07-15 10:50:00,NSE:BOSCHLTD,15399.95,15403.0,15384.05,15403.0,167.0
2021-07-15 10:55:00,NSE:BOSCHLTD,15403.0,15427.55,15403.0,15427.55,164.0
2021-07-15 11:00:00,NSE:BOSCHLTD,15427.55,15428.95,15414.8,15414.8,124.0
2021-07-15 11:05:00,NSE:BOSCHLTD,15411.3,15422.35,15399.6,15399.6,312.0
2021-07-15 11:10:00,NSE:BOSCHLTD,15399.0,15399.0,15372.0,15384.7,318.0
2021-07-15 11:15:00,NSE:BOSCHLTD,15386.9,15393.35,15350.65,15367.75,446.0
2021-07-15 11:20:00,NSE:BOSCHLTD,15367.7,15386.8,15367.7,15384.95,280.0
2021-07-15 11:25:00,NSE:BOSCHLTD,15384.95,15391.2,15378.05,15390.0,97.0
2021-07-15 11:30:00,NSE:BOSCHLTD,15390.0,15398.8,15387.0,15392.1,358.0
2021-07-15 11:35:00,NSE:BOSCHLTD,15392.85,15407.9,15392.85,15407.9,186.0
2021-07-15 11:40:00,NSE:BOSCHLTD,15403.5,15403.5,15370.0,15385.0,277.0
2021-07-15 11:45:00,NSE:BOSCHLTD,15378.0,15385.0,15370.0,15373.5,145.0
2021-07-15 11:50:00,NSE:BOSCHLTD,15377.1,15382.5,15375.4,15381.95,171.0
2021-07-15 11:55:00,NSE:BOSCHLTD,15381.9,15384.0,15380.0,15380.05,40.0
2021-07-15 12:00:00,NSE:BOSCHLTD,15382.35,15382.35,15350.0,15359.3,260.0
2021-07-15 12:05:00,NSE:BOSCHLTD,15357.0,15368.35,15356.1,15361.6,117.0
2021-07-15 12:10:00,NSE:BOSCHLTD,15361.6,15369.0,15360.15,15368.95,44.0
2021-07-15 12:15:00,NSE:BOSCHLTD,15369.9,15369.9,15335.4,15344.55,370.0
2021-07-15 12:20:00,NSE:BOSCHLTD,15343.3,15357.45,15342.1,15344.85,152.0
2021-07-15 12:25:00,NSE:BOSCHLTD,15344.85,15352.75,15344.85,15348.0,138.0
2021-07-15 12:30:00,NSE:BOSCHLTD,15344.95,15349.45,15320.0,15330.0,322.0
2021-07-15 12:35:00,NSE:BOSCHLTD,15331.0,15349.95,15331.0,15338.45,232.0
2021-07-15 12:40:00,NSE:BOSCHLTD,15338.45,15338.45,15333.15,15333.15,74.0
2021-07-15 12:45:00,NSE:BOSCHLTD,15333.15,15337.0,15320.0,15329.95,363.0
2021-07-15 12:50:00,NSE:BOSCHLTD,15324.55,15332.45,15324.55,15326.95,86.0
2021-07-15 12:55:00,NSE:BOSCHLTD,15327.0,15330.5,15303.0,15316.35,498.0
2021-07-15 13:00:00,NSE:BOSCHLTD,15311.85,15334.6,15291.05,15334.6,752.0
2021-07-15 13:05:00,NSE:BOSCHLTD,15331.1,15345.45,15317.05,15340.55,199.0
2021-07-15 13:10:00,NSE:BOSCHLTD,15342.05,15361.5,15342.05,15355.65,465.0
2021-07-15 13:15:00,NSE:BOSCHLTD,15355.65,15399.9,15355.65,15399.9,406.0
2021-07-15 13:20:00,NSE:BOSCHLTD,15392.05,15423.95,15392.05,15405.0,980.0
2021-07-15 13:25:00,NSE:BOSCHLTD,15408.2,15408.2,15374.9,15390.0,296.0
2021-07-15 13:30:00,NSE:BOSCHLTD,15387.0,15394.1,15340.4,15342.0,513.0
2021-07-15 13:35:00,NSE:BOSCHLTD,15352.35,15352.35,15340.0,15347.45,24.0
2021-07-15 13:40:00,NSE:BOSCHLTD,15350.05,15355.5,15350.05,15350.05,68.0
2021-07-15 13:45:00,NSE:BOSCHLTD,15353.7,15373.4,15338.0,15339.25,489.0
2021-07-15 13:50:00,NSE:BOSCHLTD,15339.25,15355.95,15338.0,15343.5,175.0
2021-07-15 13:55:00,NSE:BOSCHLTD,15345.1,15347.0,15340.0,15340.0,33.0
2021-07-15 14:00:00,NSE:BOSCHLTD,15342.0,15359.95,15335.0,15349.0,149.0
2021-07-15 14:05:00,NSE:BOSCHLTD,15351.15,15351.15,15335.0,15346.5,151.0
2021-07-15 14:10:00,NSE:BOSCHLTD,15344.25,15346.4,15335.0,15335.0,430.0
2021-07-15 14:15:00,NSE:BOSCHLTD,15344.9,15344.9,15335.05,15343.5,43.0
2021-07-15 14:20:00,NSE:BOSCHLTD,15340.0,15343.5,15335.0,15339.0,26.0
2021-07-15 14:25:00,NSE:BOSCHLTD,15339.0,15339.0,15336.0,15339.0,18.0
2021-07-15 14:30:00,NSE:BOSCHLTD,15343.5,15343.5,15335.05,15335.05,42.0
2021-07-15 14:35:00,NSE:BOSCHLTD,15335.0,15343.5,15310.0,15324.8,843.0
2021-07-15 14:40:00,NSE:BOSCHLTD,15324.85,15324.85,15314.8,15315.0,107.0
2021-07-15 14:45:00,NSE:BOSCHLTD,15310.0,15326.95,15310.0,15326.95,81.0
2021-07-15 14:50:00,NSE:BOSCHLTD,15327.0,15332.5,15327.0,15332.5,155.0
2021-07-15 14:55:00,NSE:BOSCHLTD,15336.55,15336.55,15315.0,15320.3,88.0
2021-07-15 15:00:00,NSE:BOSCHLTD,15320.3,15352.35,15318.0,15342.6,429.0
2021-07-15 15:05:00,NSE:BOSCHLTD,15342.6,15366.5,15330.0,15341.4,316.0
2021-07-15 15:10:00,NSE:BOSCHLTD,15341.4,15345.6,15324.85,15338.3,467.0
2021-07-15 15:15:00,NSE:BOSCHLTD,15340.0,15343.55,15325.35,15338.1,442.0
2021-07-15 15:20:00,NSE:BOSCHLTD,15334.35,15344.4,15320.5,15332.0,558.0
2021-07-15 15:25:00,NSE:BOSCHLTD,15334.55,15339.9,15302.15,15325.0,472.0
2021-07-15 15:40:00,NSE:BOSCHLTD,15336.9,15336.9,15336.9,15336.9,1.0
2021-07-16 09:05:00,NSE:BOSCHLTD,15375.0,15375.0,15375.0,15375.0,26.0
2021-07-16 09:15:00,NSE:BOSCHLTD,15389.9,15420.0,15334.95,15380.0,947.0
2021-07-16 09:20:00,NSE:BOSCHLTD,15391.55,15403.3,15285.55,15285.55,1280.0
2021-07-16 09:25:00,NSE:BOSCHLTD,15280.05,15367.2,15280.0,15333.2,631.0
2021-07-16 09:30:00,NSE:BOSCHLTD,15331.7,15341.0,15309.0,15324.95,316.0
2021-07-16 09:35:00,NSE:BOSCHLTD,15316.5,15331.2,15282.05,15282.05,553.0
2021-07-16 09:40:00,NSE:BOSCHLTD,15297.0,15320.9,15285.0,15319.0,292.0
2021-07-16 09:45:00,NSE:BOSCHLTD,15315.0,15327.15,15298.5,15327.15,142.0
2021-07-16 09:50:00,NSE:BOSCHLTD,15327.15,15327.4,15301.85,15319.75,204.0
2021-07-16 09:55:00,NSE:BOSCHLTD,15320.0,15332.3,15301.5,15328.6,109.0
2021-07-16 10:00:00,NSE:BOSCHLTD,15328.6,15333.1,15290.0,15290.0,381.0
2021-07-16 10:05:00,NSE:BOSCHLTD,15290.0,15296.95,15250.0,15252.05,954.0
2021-07-16 10:10:00,NSE:BOSCHLTD,15260.75,15287.45,15250.75,15280.0,112.0
2021-07-16 10:15:00,NSE:BOSCHLTD,15282.0,15299.05,15282.0,15297.0,85.0
2021-07-16 10:20:00,NSE:BOSCHLTD,15297.0,15297.0,15280.0,15284.75,65.0
2021-07-16 10:25:00,NSE:BOSCHLTD,15290.2,15304.45,15280.0,15281.15,282.0
2021-07-16 10:30:00,NSE:BOSCHLTD,15292.5,15310.2,15282.45,15282.45,163.0
2021-07-16 10:35:00,NSE:BOSCHLTD,15294.0,15300.0,15281.7,15282.0,91.0
2021-07-16 10:40:00,NSE:BOSCHLTD,15282.0,15311.65,15282.0,15285.0,186.0
2021-07-16 10:45:00,NSE:BOSCHLTD,15295.4,15298.5,15278.45,15280.6,120.0
2021-07-16 10:50:00,NSE:BOSCHLTD,15280.6,15280.6,15277.5,15280.6,16.0
2021-07-16 10:55:00,NSE:BOSCHLTD,15280.5,15289.3,15270.0,15270.0,131.0
2021-07-16 11:00:00,NSE:BOSCHLTD,15280.25,15295.55,15273.9,15290.0,99.0
2021-07-16 11:05:00,NSE:BOSCHLTD,15289.0,15299.1,15285.0,15296.9,64.0
2021-07-16 11:10:00,NSE:BOSCHLTD,15296.85,15304.6,15285.85,15304.6,185.0
2021-07-16 11:15:00,NSE:BOSCHLTD,15304.65,15338.25,15298.55,15338.25,384.0
2021-07-16 11:20:00,NSE:BOSCHLTD,15339.25,15374.25,15337.0,15345.0,1382.0
2021-07-16 11:25:00,NSE:BOSCHLTD,15345.55,15345.55,15300.0,15304.0,376.0
2021-07-16 11:30:00,NSE:BOSCHLTD,15310.05,15312.0,15300.0,15300.0,63.0
2021-07-16 11:35:00,NSE:BOSCHLTD,15310.0,15310.0,15300.0,15308.85,61.0
2021-07-16 11:40:00,NSE:BOSCHLTD,15308.85,15314.7,15305.0,15314.7,29.0
2021-07-16 11:45:00,NSE:BOSCHLTD,15314.45,15314.45,15305.0,15305.0,4.0
2021-07-16 11:50:00,NSE:BOSCHLTD,15314.7,15314.75,15306.0,15306.0,13.0
2021-07-16 11:55:00,NSE:BOSCHLTD,15316.35,15329.05,15307.25,15329.05,102.0
2021-07-16 12:00:00,NSE:BOSCHLTD,15328.5,15336.7,15318.1,15323.0,212.0
2021-07-16 12:05:00,NSE:BOSCHLTD,15321.0,15336.65,15313.0,15328.7,287.0
2021-07-16 12:10:00,NSE:BOSCHLTD,15326.3,15339.5,15322.5,15339.5,182.0
2021-07-16 12:15:00,NSE:BOSCHLTD,15330.0,15341.85,15330.0,15338.0,79.0
2021-07-16 12:20:00,NSE:BOSCHLTD,15340.1,15342.85,15330.0,15342.0,267.0
2021-07-16 12:25:00,NSE:BOSCHLTD,15340.45,15340.45,15332.05,15340.0,63.0
2021-07-16 12:30:00,NSE:BOSCHLTD,15340.0,15340.0,15320.05,15338.45,222.0
2021-07-16 12:35:00,NSE:BOSCHLTD,15339.65,15352.0,15336.0,15350.0,153.0
2021-07-16 12:40:00,NSE:BOSCHLTD,15350.0,15356.0,15340.5,15356.0,69.0
2021-07-16 12:45:00,NSE:BOSCHLTD,15355.0,15370.6,15343.6,15370.6,551.0
2021-07-16 12:50:00,NSE:BOSCHLTD,15370.6,15401.55,15370.6,15397.95,1350.0
2021-07-16 12:55:00,NSE:BOSCHLTD,15400.05,15414.6,15391.25,15400.5,511.0
2021-07-16 13:00:00,NSE:BOSCHLTD,15400.0,15408.35,15375.0,15386.75,486.0
2021-07-16 13:05:00,NSE:BOSCHLTD,15375.15,15387.35,15361.5,15380.0,383.0
2021-07-16 13:10:00,NSE:BOSCHLTD,15380.0,15414.0,15373.5,15390.45,583.0
2021-07-16 13:15:00,NSE:BOSCHLTD,15390.45,15411.9,15386.0,15406.4,173.0
2021-07-16 13:20:00,NSE:BOSCHLTD,15402.0,15407.3,15394.4,15405.0,453.0
2021-07-16 13:25:00,NSE:BOSCHLTD,15400.0,15405.0,15373.5,15375.3,632.0
2021-07-16 13:30:00,NSE:BOSCHLTD,15375.3,15378.35,15337.0,15346.45,293.0
2021-07-16 13:35:00,NSE:BOSCHLTD,15346.45,15348.55,15326.05,15345.0,196.0
2021-07-16 13:40:00,NSE:BOSCHLTD,15345.0,15345.0,15322.65,15324.95,163.0
2021-07-16 13:45:00,NSE:BOSCHLTD,15325.0,15335.55,15314.1,15330.15,233.0
2021-07-16 13:50:00,NSE:BOSCHLTD,15330.15,15330.15,15300.1,15304.55,699.0
2021-07-16 13:55:00,NSE:BOSCHLTD,15304.55,15325.0,15300.0,15304.5,230.0
2021-07-16 14:00:00,NSE:BOSCHLTD,15310.05,15315.8,15300.0,15315.75,211.0
2021-07-16 14:05:00,NSE:BOSCHLTD,15315.8,15336.75,15315.0,15336.75,142.0
2021-07-16 14:10:00,NSE:BOSCHLTD,15336.75,15336.75,15316.65,15334.0,91.0
2021-07-16 14:15:00,NSE:BOSCHLTD,15330.0,15335.8,15319.4,15329.35,105.0
2021-07-16 14:20:00,NSE:BOSCHLTD,15327.45,15334.0,15321.4,15331.3,155.0
2021-07-16 14:25:00,NSE:BOSCHLTD,15331.3,15333.6,15285.5,15296.7,803.0
2021-07-16 14:30:00,NSE:BOSCHLTD,15296.6,15298.0,15288.05,15295.0,96.0
2021-07-16 14:35:00,NSE:BOSCHLTD,15291.5,15305.0,15288.5,15296.05,229.0
2021-07-16 14:40:00,NSE:BOSCHLTD,15296.05,15302.3,15288.05,15293.0,71.0
2021-07-16 14:45:00,NSE:BOSCHLTD,15293.0,15309.65,15292.5,15307.55,160.0
2021-07-16 14:50:00,NSE:BOSCHLTD,15300.0,15300.0,15275.8,15298.75,466.0
2021-07-16 14:55:00,NSE:BOSCHLTD,15297.0,15303.2,15284.0,15285.6,135.0
2021-07-16 15:00:00,NSE:BOSCHLTD,15293.0,15303.0,15263.0,15288.4,737.0
2021-07-16 15:05:00,NSE:BOSCHLTD,15300.5,15302.95,15275.0,15275.0,625.0
2021-07-16 15:10:00,NSE:BOSCHLTD,15275.0,15301.5,15275.0,15301.5,576.0
2021-07-16 15:15:00,NSE:BOSCHLTD,15290.4,15300.0,15282.05,15282.05,755.0
2021-07-16 15:20:00,NSE:BOSCHLTD,15282.05,15310.0,15270.8,15275.5,884.0
2021-07-16 15:25:00,NSE:BOSCHLTD,15272.0,15304.0,15271.1,15282.7,292.0
2021-07-16 15:30:00,NSE:BOSCHLTD,15289.8,15289.8,15289.8,15289.8,12.0
2021-07-16 15:40:00,NSE:BOSCHLTD,15287.95,15287.95,15287.95,15287.95,4.0
2021-07-19 09:05:00,NSE:BOSCHLTD,15250.0,15250.0,15250.0,15250.0,100.0
2021-07-19 09:15:00,NSE:BOSCHLTD,15249.95,15249.95,15108.15,15171.5,1569.0
2021-07-19 09:20:00,NSE:BOSCHLTD,15185.4,15200.0,15134.3,15189.15,474.0
2021-07-19 09:25:00,NSE:BOSCHLTD,15190.5,15250.3,15189.1,15250.0,1116.0
2021-07-19 09:30:00,NSE:BOSCHLTD,15255.0,15268.15,15219.05,15240.0,1246.0
2021-07-19 09:35:00,NSE:BOSCHLTD,15232.55,15238.15,15200.5,15213.05,424.0
2021-07-19 09:40:00,NSE:BOSCHLTD,15213.1,15213.1,15177.0,15188.95,622.0
2021-07-19 09:45:00,NSE:BOSCHLTD,15190.45,15213.6,15190.45,15212.0,74.0
2021-07-19 09:50:00,NSE:BOSCHLTD,15212.0,15241.6,15201.1,15225.0,293.0
2021-07-19 09:55:00,NSE:BOSCHLTD,15237.6,15262.3,15225.0,15262.0,432.0
2021-07-19 10:00:00,NSE:BOSCHLTD,15262.2,15271.2,15250.75,15260.0,239.0
2021-07-19 10:05:00,NSE:BOSCHLTD,15265.5,15270.0,15250.0,15261.0,611.0
2021-07-19 10:10:00,NSE:BOSCHLTD,15261.2,15264.0,15250.0,15264.0,467.0
2021-07-19 10:15:00,NSE:BOSCHLTD,15262.6,15262.65,15250.0,15257.2,738.0
2021-07-19 10:20:00,NSE:BOSCHLTD,15250.0,15262.5,15250.0,15261.0,267.0
2021-07-19 10:25:00,NSE:BOSCHLTD,15260.75,15294.45,15260.75,15293.75,317.0
2021-07-19 10:30:00,NSE:BOSCHLTD,15293.9,15293.9,15259.3,15280.65,166.0
2021-07-19 10:35:00,NSE:BOSCHLTD,15290.0,15298.0,15288.8,15295.0,375.0
2021-07-19 10:40:00,NSE:BOSCHLTD,15296.2,15298.6,15275.7,15287.5,134.0
2021-07-19 10:45:00,NSE:BOSCHLTD,15281.8,15288.4,15275.0,15288.4,68.0
2021-07-19 10:50:00,NSE:BOSCHLTD,15285.35,15288.0,15275.0,15282.2,84.0
2021-07-19 10:55:00,NSE:BOSCHLTD,15278.65,15278.65,15265.0,15270.15,187.0
2021-07-19 11:00:00,NSE:BOSCHLTD,15265.5,15289.75,15265.0,15278.7,239.0
2021-07-19 11:05:00,NSE:BOSCHLTD,15281.6,15283.25,15266.25,15283.25,55.0
2021-07-19 11:10:00,NSE:BOSCHLTD,15275.5,15280.1,15266.75,15280.1,34.0
2021-07-19 11:15:00,NSE:BOSCHLTD,15280.1,15284.85,15271.2,15277.5,91.0
2021-07-19 11:20:00,NSE:BOSCHLTD,15275.9,15280.05,15268.8,15276.25,57.0
2021-07-19 11:25:00,NSE:BOSCHLTD,15270.05,15280.05,15270.0,15280.05,45.0
2021-07-19 11:30:00,NSE:BOSCHLTD,15280.0,15282.15,15270.0,15280.05,90.0
2021-07-19 11:35:00,NSE:BOSCHLTD,15282.2,15285.0,15270.05,15280.0,112.0
2021-07-19 11:40:00,NSE:BOSCHLTD,15280.0,15280.0,15271.45,15271.45,39.0
2021-07-19 11:45:00,NSE:BOSCHLTD,15277.6,15281.95,15271.45,15279.35,73.0
2021-07-19 11:50:00,NSE:BOSCHLTD,15279.25,15282.2,15266.45,15275.0,323.0
2021-07-19 11:55:00,NSE:BOSCHLTD,15275.05,15275.05,15265.0,15272.05,139.0
2021-07-19 12:00:00,NSE:BOSCHLTD,15265.0,15270.0,15250.0,15255.3,252.0
2021-07-19 12:05:00,NSE:BOSCHLTD,15255.3,15260.0,15250.0,15254.55,102.0
2021-07-19 12:10:00,NSE:BOSCHLTD,15251.0,15261.7,15250.0,15259.5,46.0
2021-07-19 12:15:00,NSE:BOSCHLTD,15262.15,15275.0,15257.05,15264.3,134.0
2021-07-19 12:20:00,NSE:BOSCHLTD,15265.0,15280.7,15250.65,15261.2,224.0
2021-07-19 12:25:00,NSE:BOSCHLTD,15266.45,15275.0,15259.65,15267.0,102.0
2021-07-19 12:30:00,NSE:BOSCHLTD,15260.0,15261.0,15250.0,15261.0,115.0
2021-07-19 12:35:00,NSE:BOSCHLTD,15257.5,15268.8,15250.4,15264.9,99.0
2021-07-19 12:40:00,NSE:BOSCHLTD,15255.95,15264.9,15250.0,15250.0,85.0
2021-07-19 12:45:00,NSE:BOSCHLTD,15255.0,15255.0,15242.0,15243.1,774.0
2021-07-19 12:50:00,NSE:BOSCHLTD,15243.1,15244.0,15237.0,15240.05,102.0
2021-07-19 12:55:00,NSE:BOSCHLTD,15237.0,15240.05,15194.05,15200.55,1124.0
2021-07-19 13:00:00,NSE:BOSCHLTD,15194.05,15194.05,15180.0,15190.9,189.0
2021-07-19 13:05:00,NSE:BOSCHLTD,15192.0,15192.3,15164.0,15172.45,192.0
2021-07-19 13:10:00,NSE:BOSCHLTD,15172.45,15250.0,15170.9,15230.0,803.0
2021-07-19 13:15:00,NSE:BOSCHLTD,15231.2,15255.0,15220.0,15252.0,263.0
2021-07-19 13:20:00,NSE:BOSCHLTD,15252.0,15257.3,15250.0,15257.3,136.0
2021-07-19 13:25:00,NSE:BOSCHLTD,15257.3,15271.6,15250.0,15250.0,270.0
2021-07-19 13:30:00,NSE:BOSCHLTD,15255.0,15263.65,15250.0,15250.0,116.0
2021-07-19 13:35:00,NSE:BOSCHLTD,15255.0,15270.0,15250.0,15260.85,94.0
2021-07-19 13:40:00,NSE:BOSCHLTD,15267.0,15272.3,15254.2,15268.35,262.0
2021-07-19 13:45:00,NSE:BOSCHLTD,15268.35,15268.35,15250.05,15255.05,51.0
2021-07-19 13:50:00,NSE:BOSCHLTD,15258.95,15261.8,15258.85,15261.0,69.0
2021-07-19 13:55:00,NSE:BOSCHLTD,15258.35,15268.8,15258.35,15268.8,82.0
2021-07-19 14:00:00,NSE:BOSCHLTD,15268.95,15268.95,15260.15,15264.7,16.0
2021-07-19 14:05:00,NSE:BOSCHLTD,15260.0,15268.5,15260.0,15263.75,63.0
2021-07-19 14:10:00,NSE:BOSCHLTD,15264.0,15264.5,15260.0,15260.0,56.0
2021-07-19 14:15:00,NSE:BOSCHLTD,15262.4,15262.4,15260.0,15260.0,136.0
2021-07-19 14:20:00,NSE:BOSCHLTD,15262.4,15262.4,15232.05,15235.9,188.0
2021-07-19 14:25:00,NSE:BOSCHLTD,15226.85,15226.85,15212.5,15219.1,145.0
2021-07-19 14:30:00,NSE:BOSCHLTD,15219.1,15219.1,15194.0,15206.75,246.0
2021-07-19 14:35:00,NSE:BOSCHLTD,15206.5,15216.6,15200.0,15213.05,501.0
2021-07-19 14:40:00,NSE:BOSCHLTD,15218.15,15219.4,15172.0,15190.55,592.0
2021-07-19 14:45:00,NSE:BOSCHLTD,15182.3,15198.0,15180.9,15198.0,66.0
2021-07-19 14:50:00,NSE:BOSCHLTD,15189.95,15205.5,15181.7,15205.5,99.0
2021-07-19 14:55:00,NSE:BOSCHLTD,15205.5,15229.5,15202.5,15222.15,128.0
2021-07-19 15:00:00,NSE:BOSCHLTD,15222.15,15250.0,15204.0,15249.5,684.0
2021-07-19 15:05:00,NSE:BOSCHLTD,15250.05,15250.05,15227.5,15235.3,245.0
2021-07-19 15:10:00,NSE:BOSCHLTD,15235.3,15235.3,15196.55,15196.55,540.0
2021-07-19 15:15:00,NSE:BOSCHLTD,15196.55,15202.3,15190.25,15202.3,712.0
2021-07-19 15:20:00,NSE:BOSCHLTD,15202.3,15225.9,15198.05,15224.5,339.0
2021-07-19 15:25:00,NSE:BOSCHLTD,15224.4,15270.0,15214.9,15227.7,897.0
2021-07-19 15:45:00,NSE:BOSCHLTD,15218.5,15218.5,15218.5,15218.5,1.0
2021-07-20 09:05:00,NSE:BOSCHLTD,15218.5,15218.5,15218.5,15218.5,38.0
2021-07-20 09:15:00,NSE:BOSCHLTD,15218.5,15252.4,15109.0,15180.3,762.0
2021-07-20 09:20:00,NSE:BOSCHLTD,15177.5,15196.7,15136.6,15185.0,329.0
2021-07-20 09:25:00,NSE:BOSCHLTD,15185.0,15209.0,15185.0,15200.0,235.0
2021-07-20 09:30:00,NSE:BOSCHLTD,15209.3,15210.0,15122.8,15122.8,364.0
2021-07-20 09:35:00,NSE:BOSCHLTD,15139.5,15164.95,15139.5,15161.0,211.0
2021-07-20 09:40:00,NSE:BOSCHLTD,15170.0,15202.0,15165.0,15200.0,412.0
2021-07-20 09:45:00,NSE:BOSCHLTD,15200.0,15207.75,15200.0,15200.0,147.0
2021-07-20 09:50:00,NSE:BOSCHLTD,15200.0,15210.0,15181.0,15181.0,176.0
2021-07-20 09:55:00,NSE:BOSCHLTD,15173.8,15185.1,15161.0,15180.95,150.0
2021-07-20 10:00:00,NSE:BOSCHLTD,15189.0,15189.55,15167.7,15167.7,51.0
2021-07-20 10:05:00,NSE:BOSCHLTD,15180.95,15180.95,15168.0,15180.95,40.0
2021-07-20 10:10:00,NSE:BOSCHLTD,15192.0,15199.95,15180.95,15181.05,194.0
2021-07-20 10:15:00,NSE:BOSCHLTD,15182.0,15189.0,15164.0,15164.1,36.0
2021-07-20 10:20:00,NSE:BOSCHLTD,15168.0,15169.45,15132.0,15147.7,380.0
2021-07-20 10:25:00,NSE:BOSCHLTD,15141.2,15160.65,15122.5,15132.0,246.0
2021-07-20 10:30:00,NSE:BOSCHLTD,15125.0,15157.95,15111.0,15147.0,296.0
2021-07-20 10:35:00,NSE:BOSCHLTD,15147.0,15159.0,15120.0,15130.0,139.0
2021-07-20 10:40:00,NSE:BOSCHLTD,15120.0,15123.5,15086.2,15106.45,417.0
2021-07-20 10:45:00,NSE:BOSCHLTD,15101.15,15105.0,15050.0,15061.15,446.0
2021-07-20 10:50:00,NSE:BOSCHLTD,15067.4,15076.2,15000.05,15047.8,1076.0
2021-07-20 10:55:00,NSE:BOSCHLTD,15040.8,15049.95,15035.0,15039.95,573.0
2021-07-20 11:00:00,NSE:BOSCHLTD,15039.95,15057.3,15030.25,15056.75,525.0
2021-07-20 11:05:00,NSE:BOSCHLTD,15046.05,15052.1,15000.05,15013.35,1240.0
2021-07-20 11:10:00,NSE:BOSCHLTD,15016.5,15017.0,15000.05,15017.0,632.0
2021-07-20 11:15:00,NSE:BOSCHLTD,15017.0,15022.05,15000.05,15002.0,300.0
2021-07-20 11:20:00,NSE:BOSCHLTD,15011.15,15034.95,15001.0,15034.95,107.0
2021-07-20 11:25:00,NSE:BOSCHLTD,15034.95,15039.95,15013.4,15031.5,217.0
2021-07-20 11:30:00,NSE:BOSCHLTD,15031.5,15065.25,15025.0,15049.5,141.0
2021-07-20 11:35:00,NSE:BOSCHLTD,15059.85,15065.5,15034.5,15034.5,172.0
2021-07-20 11:40:00,NSE:BOSCHLTD,15049.95,15063.65,15031.9,15063.65,72.0
2021-07-20 11:45:00,NSE:BOSCHLTD,15064.5,15067.95,15052.9,15067.95,34.0
2021-07-20 11:50:00,NSE:BOSCHLTD,15068.0,15068.0,15066.5,15067.5,56.0
2021-07-20 11:55:00,NSE:BOSCHLTD,15067.5,15079.85,15060.0,15060.0,277.0
2021-07-20 12:00:00,NSE:BOSCHLTD,15052.0,15056.4,15026.95,15030.15,227.0
2021-07-20 12:05:00,NSE:BOSCHLTD,15034.5,15035.7,15001.25,15004.0,248.0
2021-07-20 12:10:00,NSE:BOSCHLTD,15017.25,15023.7,15001.0,15020.05,288.0
2021-07-20 12:15:00,NSE:BOSCHLTD,15023.8,15028.5,15015.0,15028.5,45.0
2021-07-20 12:20:00,NSE:BOSCHLTD,15028.5,15063.0,15021.0,15060.0,45.0
2021-07-20 12:25:00,NSE:BOSCHLTD,15059.95,15060.0,15050.05,15059.95,29.0
2021-07-20 12:30:00,NSE:BOSCHLTD,15059.95,15073.0,15040.05,15073.0,291.0
2021-07-20 12:35:00,NSE:BOSCHLTD,15075.0,15085.0,15060.0,15085.0,126.0
2021-07-20 12:40:00,NSE:BOSCHLTD,15085.0,15087.5,15060.0,15079.55,64.0
2021-07-20 12:45:00,NSE:BOSCHLTD,15077.55,15088.45,15055.7,15072.2,186.0
2021-07-20 12:50:00,NSE:BOSCHLTD,15078.6,15080.0,15066.05,15071.0,101.0
2021-07-20 12:55:00,NSE:BOSCHLTD,15080.0,15100.0,15071.0,15090.15,231.0
2021-07-20 13:00:00,NSE:BOSCHLTD,15100.0,15117.45,15100.0,15117.0,231.0
2021-07-20 13:05:00,NSE:BOSCHLTD,15114.0,15133.5,15082.9,15087.0,259.0
2021-07-20 13:10:00,NSE:BOSCHLTD,15093.0,15094.3,15069.0,15078.8,153.0
2021-07-20 13:15:00,NSE:BOSCHLTD,15080.0,15080.0,15057.0,15062.0,780.0
2021-07-20 13:20:00,NSE:BOSCHLTD,15061.95,15080.0,15061.95,15066.55,44.0
2021-07-20 13:25:00,NSE:BOSCHLTD,15078.0,15080.0,15067.0,15079.5,29.0
2021-07-20 13:30:00,NSE:BOSCHLTD,15079.5,15079.5,15060.05,15061.05,91.0
2021-07-20 13:35:00,NSE:BOSCHLTD,15067.0,15070.05,15060.05,15062.05,158.0
2021-07-20 13:40:00,NSE:BOSCHLTD,15061.05,15063.0,15051.0,15060.0,127.0
2021-07-20 13:45:00,NSE:BOSCHLTD,15060.0,15079.0,15052.65,15078.95,137.0
2021-07-20 13:50:00,NSE:BOSCHLTD,15079.0,15098.5,15079.0,15098.45,302.0
2021-07-20 13:55:00,NSE:BOSCHLTD,15095.85,15103.5,15086.0,15100.0,142.0
2021-07-20 14:00:00,NSE:BOSCHLTD,15099.95,15099.95,15094.0,15094.0,20.0
2021-07-20 14:05:00,NSE:BOSCHLTD,15094.0,15099.95,15081.0,15081.0,49.0
2021-07-20 14:10:00,NSE:BOSCHLTD,15090.0,15103.1,15081.0,15098.95,59.0
2021-07-20 14:15:00,NSE:BOSCHLTD,15103.1,15103.1,15070.0,15073.1,127.0
2021-07-20 14:20:00,NSE:BOSCHLTD,15070.0,15070.0,15060.0,15069.0,48.0
2021-07-20 14:25:00,NSE:BOSCHLTD,15068.9,15069.0,15060.1,15062.5,42.0
2021-07-20 14:30:00,NSE:BOSCHLTD,15069.0,15097.45,15069.0,15088.5,162.0
2021-07-20 14:35:00,NSE:BOSCHLTD,15090.0,15090.0,15074.75,15079.2,22.0
2021-07-20 14:40:00,NSE:BOSCHLTD,15089.6,15089.6,15077.05,15086.95,18.0
2021-07-20 14:45:00,NSE:BOSCHLTD,15086.95,15086.95,15073.6,15078.9,32.0
2021-07-20 14:50:00,NSE:BOSCHLTD,15071.0,15079.0,15070.0,15075.0,20.0
2021-07-20 14:55:00,NSE:BOSCHLTD,15079.0,15086.95,15062.5,15062.5,61.0
2021-07-20 15:00:00,NSE:BOSCHLTD,15062.6,15072.0,15054.45,15071.95,543.0
2021-07-20 15:05:00,NSE:BOSCHLTD,15060.0,15074.95,15060.0,15072.0,191.0
2021-07-20 15:10:00,NSE:BOSCHLTD,15072.05,15089.75,15060.0,15060.0,474.0
2021-07-20 15:15:00,NSE:BOSCHLTD,15059.35,15065.0,15030.15,15036.0,477.0
2021-07-20 15:20:00,NSE:BOSCHLTD,15032.05,15043.45,15015.3,15043.45,974.0
2021-07-20 15:25:00,NSE:BOSCHLTD,15047.55,15047.7,15015.0,15045.0,674.0
2021-07-20 15:40:00,NSE:BOSCHLTD,15046.25,15046.25,15046.25,15046.25,1.0
2021-07-22 09:05:00,NSE:BOSCHLTD,15150.0,15150.0,15150.0,15150.0,55.0
2021-07-22 09:15:00,NSE:BOSCHLTD,15150.0,15150.0,15091.0,15108.9,444.0
2021-07-22 09:20:00,NSE:BOSCHLTD,15115.55,15133.5,15111.0,15115.05,244.0
2021-07-22 09:25:00,NSE:BOSCHLTD,15111.45,15135.2,15111.45,15118.5,110.0
2021-07-22 09:30:00,NSE:BOSCHLTD,15135.0,15200.0,15135.0,15190.0,444.0
2021-07-22 09:35:00,NSE:BOSCHLTD,15199.9,15209.95,15180.0,15190.0,421.0
2021-07-22 09:40:00,NSE:BOSCHLTD,15189.95,15192.9,15170.0,15170.0,55.0
2021-07-22 09:45:00,NSE:BOSCHLTD,15173.9,15175.85,15163.55,15172.5,62.0
2021-07-22 09:50:00,NSE:BOSCHLTD,15172.45,15185.75,15163.0,15178.5,155.0
2021-07-22 09:55:00,NSE:BOSCHLTD,15189.9,15210.0,15150.0,15162.5,2440.0
2021-07-22 10:00:00,NSE:BOSCHLTD,15162.9,15250.0,15121.5,15240.0,4536.0
2021-07-22 10:05:00,NSE:BOSCHLTD,15239.9,15279.95,15161.0,15220.0,3992.0
2021-07-22 10:10:00,NSE:BOSCHLTD,15213.05,15219.95,15180.15,15217.95,2602.0
2021-07-22 10:15:00,NSE:BOSCHLTD,15211.0,15250.35,15195.25,15229.15,2519.0
2021-07-22 10:20:00,NSE:BOSCHLTD,15220.1,15229.65,15206.35,15211.05,184.0
2021-07-22 10:25:00,NSE:BOSCHLTD,15205.65,15218.85,15193.75,15198.65,133.0
2021-07-22 10:30:00,NSE:BOSCHLTD,15195.0,15199.0,15174.2,15174.2,70.0
2021-07-22 10:35:00,NSE:BOSCHLTD,15175.0,15189.8,15160.05,15169.95,391.0
2021-07-22 10:40:00,NSE:BOSCHLTD,15170.8,15188.0,15155.0,15171.0,158.0
2021-07-22 10:45:00,NSE:BOSCHLTD,15171.0,15176.95,15157.0,15165.15,222.0
2021-07-22 10:50:00,NSE:BOSCHLTD,15175.45,15180.6,15166.05,15168.0,46.0
2021-07-22 10:55:00,NSE:BOSCHLTD,15179.0,15180.0,15165.05,15169.0,134.0
2021-07-22 11:00:00,NSE:BOSCHLTD,15178.35,15189.8,15178.35,15189.65,41.0
2021-07-22 11:05:00,NSE:BOSCHLTD,15188.6,15188.65,15165.05,15184.45,125.0
2021-07-22 11:10:00,NSE:BOSCHLTD,15184.4,15186.95,15165.0,15182.95,73.0
2021-07-22 11:15:00,NSE:BOSCHLTD,15189.5,15189.5,15172.7,15185.95,75.0
2021-07-22 11:20:00,NSE:BOSCHLTD,15188.3,15188.3,15170.05,15173.25,78.0
2021-07-22 11:25:00,NSE:BOSCHLTD,15183.0,15183.0,15160.0,15160.0,286.0
2021-07-22 11:30:00,NSE:BOSCHLTD,15169.5,15169.5,15151.55,15163.4,56.0
2021-07-22 11:35:00,NSE:BOSCHLTD,15152.3,15169.5,15150.0,15156.3,254.0
2021-07-22 11:40:00,NSE:BOSCHLTD,15160.5,15169.5,15151.0,15151.05,79.0
2021-07-22 11:45:00,NSE:BOSCHLTD,15160.5,15161.0,15150.0,15155.9,62.0
2021-07-22 11:50:00,NSE:BOSCHLTD,15155.9,15160.0,15150.05,15160.0,38.0
2021-07-22 11:55:00,NSE:BOSCHLTD,15161.5,15164.45,15150.05,15150.05,184.0
2021-07-22 12:00:00,NSE:BOSCHLTD,15162.9,15162.9,15150.05,15155.0,25.0
2021-07-22 12:05:00,NSE:BOSCHLTD,15155.0,15169.5,15129.95,15150.0,222.0
2021-07-22 12:10:00,NSE:BOSCHLTD,15159.35,15169.5,15142.3,15169.5,210.0
2021-07-22 12:15:00,NSE:BOSCHLTD,15169.45,15169.5,15152.2,15164.0,145.0
2021-07-22 12:20:00,NSE:BOSCHLTD,15164.0,15164.0,15145.45,15149.3,85.0
2021-07-22 12:25:00,NSE:BOSCHLTD,15150.0,15169.45,15132.5,15145.0,162.0
2021-07-22 12:30:00,NSE:BOSCHLTD,15150.0,15157.45,15150.0,15154.85,55.0
2021-07-22 12:35:00,NSE:BOSCHLTD,15156.0,15161.0,15140.1,15150.0,70.0
2021-07-22 12:40:00,NSE:BOSCHLTD,15133.35,15150.0,15133.35,15133.55,80.0
2021-07-22 12:45:00,NSE:BOSCHLTD,15133.75,15155.0,15133.5,15148.1,51.0
2021-07-22 12:50:00,NSE:BOSCHLTD,15148.0,15158.95,15148.0,15148.5,31.0
2021-07-22 12:55:00,NSE:BOSCHLTD,15148.6,15150.0,15148.0,15148.0,66.0
2021-07-22 13:00:00,NSE:BOSCHLTD,15154.5,15160.95,15148.0,15157.5,101.0
2021-07-22 13:05:00,NSE:BOSCHLTD,15148.5,15169.0,15148.0,15148.0,404.0
2021-07-22 13:10:00,NSE:BOSCHLTD,15150.65,15157.9,15140.0,15140.0,107.0
2021-07-22 13:15:00,NSE:BOSCHLTD,15138.0,15144.0,15120.0,15120.0,138.0
2021-07-22 13:20:00,NSE:BOSCHLTD,15127.15,15127.15,15115.05,15124.9,93.0
2021-07-22 13:25:00,NSE:BOSCHLTD,15124.8,15125.0,15101.05,15105.05,218.0
2021-07-22 13:30:00,NSE:BOSCHLTD,15110.0,15124.75,15110.0,15115.1,68.0
2021-07-22 13:35:00,NSE:BOSCHLTD,15120.0,15140.0,15117.0,15129.3,77.0
2021-07-22 13:40:00,NSE:BOSCHLTD,15130.0,15135.95,15121.0,15126.0,19.0
2021-07-22 13:45:00,NSE:BOSCHLTD,15128.0,15131.95,15121.2,15121.3,67.0
2021-07-22 13:50:00,NSE:BOSCHLTD,15121.5,15130.9,15115.15,15119.55,89.0
2021-07-22 13:55:00,NSE:BOSCHLTD,15126.7,15127.5,15105.8,15120.5,54.0
2021-07-22 14:00:00,NSE:BOSCHLTD,15120.5,15124.35,15116.7,15116.7,153.0
2021-07-22 14:05:00,NSE:BOSCHLTD,15110.05,15112.0,15080.15,15091.45,477.0
2021-07-22 14:10:00,NSE:BOSCHLTD,15081.05,15091.45,15077.0,15090.0,107.0
2021-07-22 14:15:00,NSE:BOSCHLTD,15090.0,15100.0,15090.0,15096.0,104.0
2021-07-22 14:20:00,NSE:BOSCHLTD,15096.0,15096.0,15052.55,15068.2,351.0
2021-07-22 14:25:00,NSE:BOSCHLTD,15069.0,15084.8,15067.5,15084.8,62.0
2021-07-22 14:30:00,NSE:BOSCHLTD,15083.85,15092.6,15071.15,15092.6,102.0
2021-07-22 14:35:00,NSE:BOSCHLTD,15087.0,15107.9,15080.5,15100.0,419.0
2021-07-22 14:40:00,NSE:BOSCHLTD,15107.0,15116.85,15105.7,15105.7,116.0
2021-07-22 14:45:00,NSE:BOSCHLTD,15110.95,15125.0,15100.0,15100.0,225.0
2021-07-22 14:50:00,NSE:BOSCHLTD,15103.5,15113.0,15100.0,15111.05,471.0
2021-07-22 14:55:00,NSE:BOSCHLTD,15123.0,15135.0,15105.0,15123.0,139.0
2021-07-22 15:00:00,NSE:BOSCHLTD,15129.0,15168.45,15112.05,15144.05,1064.0
2021-07-22 15:05:00,NSE:BOSCHLTD,15169.0,15169.0,15141.1,15153.75,169.0
2021-07-22 15:10:00,NSE:BOSCHLTD,15153.5,15160.0,15129.05,15129.05,608.0
2021-07-22 15:15:00,NSE:BOSCHLTD,15124.55,15141.55,15111.45,15114.95,579.0
2021-07-22 15:20:00,NSE:BOSCHLTD,15114.95,15132.55,15114.95,15125.5,356.0
2021-07-22 15:25:00,NSE:BOSCHLTD,15132.3,15141.95,15111.0,15112.0,419.0
2021-07-22 15:40:00,NSE:BOSCHLTD,15137.3,15137.3,15112.0,15112.0,30.0
2021-07-23 09:05:00,NSE:BOSCHLTD,15182.7,15182.7,15182.7,15182.7,27.0
2021-07-23 09:15:00,NSE:BOSCHLTD,15182.7,15182.7,15150.0,15170.8,296.0
2021-07-23 09:20:00,NSE:BOSCHLTD,15170.0,15192.15,15145.0,15168.05,260.0
2021-07-23 09:25:00,NSE:BOSCHLTD,15168.0,15169.65,15138.0,15150.0,507.0
2021-07-23 09:30:00,NSE:BOSCHLTD,15139.55,15160.1,15050.0,15081.5,597.0
2021-07-23 09:35:00,NSE:BOSCHLTD,15070.0,15111.0,15070.0,15100.5,342.0
2021-07-23 09:40:00,NSE:BOSCHLTD,15111.0,15117.0,15060.0,15060.0,549.0
2021-07-23 09:45:00,NSE:BOSCHLTD,15051.1,15105.7,15040.05,15100.0,1247.0
2021-07-23 09:50:00,NSE:BOSCHLTD,15100.0,15125.1,15100.0,15109.0,227.0
2021-07-23 09:55:00,NSE:BOSCHLTD,15109.0,15130.0,15109.0,15109.0,118.0
2021-07-23 10:00:00,NSE:BOSCHLTD,15122.95,15122.95,15100.0,15100.0,74.0
2021-07-23 10:05:00,NSE:BOSCHLTD,15100.0,15109.5,15100.0,15108.0,160.0
2021-07-23 10:10:00,NSE:BOSCHLTD,15095.0,15113.75,15095.0,15113.75,291.0
2021-07-23 10:15:00,NSE:BOSCHLTD,15101.7,15109.5,15100.0,15100.0,668.0
2021-07-23 10:20:00,NSE:BOSCHLTD,15100.0,15115.0,15100.0,15102.5,253.0
2021-07-23 10:25:00,NSE:BOSCHLTD,15111.15,15122.9,15102.0,15121.5,136.0
2021-07-23 10:30:00,NSE:BOSCHLTD,15120.0,15123.0,15102.05,15114.0,33.0
2021-07-23 10:35:00,NSE:BOSCHLTD,15102.0,15114.5,15101.2,15110.0,386.0
2021-07-23 10:40:00,NSE:BOSCHLTD,15103.5,15103.5,15097.0,15100.0,268.0
2021-07-23 10:45:00,NSE:BOSCHLTD,15108.7,15108.7,15100.0,15100.0,9.0
2021-07-23 10:50:00,NSE:BOSCHLTD,15100.0,15108.0,15100.0,15106.8,86.0
2021-07-23 10:55:00,NSE:BOSCHLTD,15097.0,15118.0,15097.0,15100.0,145.0
2021-07-23 11:00:00,NSE:BOSCHLTD,15095.0,15111.3,15093.0,15109.5,438.0
2021-07-23 11:05:00,NSE:BOSCHLTD,15101.0,15113.0,15101.0,15105.4,50.0
2021-07-23 11:10:00,NSE:BOSCHLTD,15108.4,15109.85,15095.0,15097.35,269.0
2021-07-23 11:15:00,NSE:BOSCHLTD,15108.45,15109.95,15097.35,15100.05,175.0
2021-07-23 11:20:00,NSE:BOSCHLTD,15100.05,15102.4,15100.05,15100.05,33.0
2021-07-23 11:25:00,NSE:BOSCHLTD,15101.0,15104.25,15101.0,15101.0,126.0
2021-07-23 11:30:00,NSE:BOSCHLTD,15090.05,15105.0,15060.0,15102.05,940.0
2021-07-23 11:35:00,NSE:BOSCHLTD,15110.0,15114.85,15103.5,15112.05,38.0
2021-07-23 11:40:00,NSE:BOSCHLTD,15117.25,15129.7,15117.25,15120.1,136.0
2021-07-23 11:45:00,NSE:BOSCHLTD,15120.1,15120.1,15100.95,15100.95,316.0
2021-07-23 11:50:00,NSE:BOSCHLTD,15114.0,15114.0,15100.0,15100.0,94.0
2021-07-23 11:55:00,NSE:BOSCHLTD,15100.0,15109.5,15069.35,15069.35,493.0
2021-07-23 12:00:00,NSE:BOSCHLTD,15060.0,15080.0,15060.0,15080.0,143.0
2021-07-23 12:05:00,NSE:BOSCHLTD,15070.0,15070.0,15060.1,15063.0,191.0
2021-07-23 12:10:00,NSE:BOSCHLTD,15065.0,15065.0,15060.0,15062.9,282.0
2021-07-23 12:15:00,NSE:BOSCHLTD,15062.9,15085.0,15049.9,15085.0,478.0
2021-07-23 12:20:00,NSE:BOSCHLTD,15082.55,15082.55,15066.0,15079.55,105.0
2021-07-23 12:25:00,NSE:BOSCHLTD,15070.0,15080.0,15067.6,15080.0,84.0
2021-07-23 12:30:00,NSE:BOSCHLTD,15099.95,15099.95,15080.0,15080.0,168.0
2021-07-23 12:35:00,NSE:BOSCHLTD,15080.0,15080.0,15068.75,15080.0,74.0
2021-07-23 12:40:00,NSE:BOSCHLTD,15070.15,15080.0,15066.0,15077.9,65.0
2021-07-23 12:45:00,NSE:BOSCHLTD,15077.9,15077.9,15077.9,15077.9,2.0
2021-07-23 12:50:00,NSE:BOSCHLTD,15070.1,15070.1,15070.1,15070.1,186.0
2021-07-23 12:55:00,NSE:BOSCHLTD,15070.0,15083.0,15064.9,15070.5,131.0
2021-07-23 13:00:00,NSE:BOSCHLTD,15078.95,15078.95,15078.95,15078.95,1.0
2021-07-23 13:15:00,NSE:BOSCHLTD,15080.0,15080.0,15080.0,15080.0,340.0
2021-07-23 13:25:00,NSE:BOSCHLTD,15075.2,15080.0,15075.2,15075.2,159.0
2021-07-23 13:30:00,NSE:BOSCHLTD,15075.2,15080.0,15068.0,15079.45,533.0
2021-07-23 13:35:00,NSE:BOSCHLTD,15069.0,15079.85,15068.3,15068.3,43.0
2021-07-23 13:40:00,NSE:BOSCHLTD,15068.3,15077.95,15061.45,15062.0,22.0
2021-07-23 13:45:00,NSE:BOSCHLTD,15062.0,15065.15,15061.0,15061.0,44.0
2021-07-23 13:50:00,NSE:BOSCHLTD,15061.05,15067.9,15061.0,15067.9,11.0
2021-07-23 13:55:00,NSE:BOSCHLTD,15070.0,15081.0,15070.0,15071.0,222.0
2021-07-23 14:00:00,NSE:BOSCHLTD,15071.05,15080.0,15070.9,15080.0,58.0
2021-07-23 14:05:00,NSE:BOSCHLTD,15080.0,15080.0,15071.55,15079.0,8.0
2021-07-23 14:10:00,NSE:BOSCHLTD,15071.1,15079.05,15070.0,15075.0,83.0
2021-07-23 14:15:00,NSE:BOSCHLTD,15079.5,15080.0,15061.05,15061.85,291.0
2021-07-23 14:20:00,NSE:BOSCHLTD,15062.0,15079.05,15062.0,15079.05,58.0
2021-07-23 14:25:00,NSE:BOSCHLTD,15077.95,15078.0,15068.0,15070.0,23.0
2021-07-23 14:30:00,NSE:BOSCHLTD,15078.0,15080.0,15067.1,15070.65,85.0
2021-07-23 14:35:00,NSE:BOSCHLTD,15081.0,15081.0,15073.3,15080.0,203.0
2021-07-23 14:40:00,NSE:BOSCHLTD,15080.0,15080.0,15070.55,15078.0,64.0
2021-07-23 14:45:00,NSE:BOSCHLTD,15070.0,15073.2,15063.05,15063.05,145.0
2021-07-23 14:50:00,NSE:BOSCHLTD,15070.0,15070.0,15061.1,15062.4,109.0
2021-07-23 14:55:00,NSE:BOSCHLTD,15062.4,15070.0,15060.5,15062.4,43.0
2021-07-23 15:00:00,NSE:BOSCHLTD,15062.4,15063.55,15060.0,15062.4,312.0
2021-07-23 15:05:00,NSE:BOSCHLTD,15062.4,15065.0,15050.0,15059.75,349.0
2021-07-23 15:10:00,NSE:BOSCHLTD,15059.75,15061.0,15046.15,15061.0,639.0
2021-07-23 15:15:00,NSE:BOSCHLTD,15060.9,15060.9,15040.8,15049.0,396.0
2021-07-23 15:20:00,NSE:BOSCHLTD,15045.1,15060.0,15040.0,15055.55,410.0
2021-07-23 15:25:00,NSE:BOSCHLTD,15058.0,15080.0,15051.0,15070.1,418.0
2021-07-23 15:40:00,NSE:BOSCHLTD,15055.35,15055.35,15055.35,15055.35,3.0
2021-07-26 09:05:00,NSE:BOSCHLTD,15080.0,15080.0,15080.0,15080.0,45.0
2021-07-26 09:15:00,NSE:BOSCHLTD,15080.0,15097.7,14976.75,15005.0,852.0
2021-07-26 09:20:00,NSE:BOSCHLTD,15011.2,15036.3,14975.4,15032.6,323.0
2021-07-26 09:25:00,NSE:BOSCHLTD,15021.75,15046.3,15020.0,15020.0,322.0
2021-07-26 09:30:00,NSE:BOSCHLTD,15000.0,15012.85,14980.0,15006.05,1477.0
2021-07-26 09:35:00,NSE:BOSCHLTD,15003.0,15005.05,14980.05,14980.05,696.0
2021-07-26 09:40:00,NSE:BOSCHLTD,14986.85,15007.0,14980.05,15007.0,230.0
2021-07-26 09:45:00,NSE:BOSCHLTD,15007.0,15007.0,14980.05,14983.5,221.0
2021-07-26 09:50:00,NSE:BOSCHLTD,14982.4,14992.5,14982.4,14991.0,350.0
2021-07-26 09:55:00,NSE:BOSCHLTD,14993.95,14999.25,14983.0,14992.2,83.0
2021-07-26 10:00:00,NSE:BOSCHLTD,14991.95,14993.1,14986.1,14993.0,195.0
2021-07-26 10:05:00,NSE:BOSCHLTD,14993.0,15017.95,14987.05,15011.0,205.0
2021-07-26 10:10:00,NSE:BOSCHLTD,15000.0,15024.25,15000.0,15006.7,181.0
2021-07-26 10:15:00,NSE:BOSCHLTD,15010.0,15031.25,15001.05,15031.25,62.0
2021-07-26 10:20:00,NSE:BOSCHLTD,15024.0,15040.0,15012.0,15031.5,139.0
2021-07-26 10:25:00,NSE:BOSCHLTD,15030.05,15030.05,15020.2,15027.0,163.0
2021-07-26 10:30:00,NSE:BOSCHLTD,15021.2,15032.35,15011.65,15013.5,275.0
2021-07-26 10:35:00,NSE:BOSCHLTD,15015.0,15022.0,15002.3,15015.0,203.0
2021-07-26 10:40:00,NSE:BOSCHLTD,15015.0,15015.0,15007.5,15014.85,108.0
2021-07-26 10:45:00,NSE:BOSCHLTD,15001.1,15017.35,15001.1,15003.5,165.0
2021-07-26 10:50:00,NSE:BOSCHLTD,15001.1,15031.5,15001.1,15031.5,285.0
2021-07-26 10:55:00,NSE:BOSCHLTD,15010.35,15022.35,15005.55,15021.0,98.0
2021-07-26 11:00:00,NSE:BOSCHLTD,15020.0,15030.0,15010.55,15030.0,22.0
2021-07-26 11:05:00,NSE:BOSCHLTD,15021.0,15025.0,15015.15,15015.15,13.0
2021-07-26 11:10:00,NSE:BOSCHLTD,15015.15,15028.65,15015.0,15027.65,20.0
2021-07-26 11:15:00,NSE:BOSCHLTD,15019.55,15033.1,15019.55,15019.6,138.0
2021-07-26 11:20:00,NSE:BOSCHLTD,15020.05,15030.0,15020.0,15022.0,40.0
2021-07-26 11:25:00,NSE:BOSCHLTD,15031.0,15033.1,15019.6,15020.05,69.0
2021-07-26 11:30:00,NSE:BOSCHLTD,15020.1,15020.1,15006.0,15006.05,137.0
2021-07-26 11:35:00,NSE:BOSCHLTD,15015.0,15017.9,15006.7,15006.7,236.0
2021-07-26 11:40:00,NSE:BOSCHLTD,15000.0,15000.0,14983.0,14985.0,417.0
2021-07-26 11:45:00,NSE:BOSCHLTD,14985.0,14985.0,14974.2,14974.2,395.0
2021-07-26 11:50:00,NSE:BOSCHLTD,14979.0,14990.95,14974.0,14987.1,147.0
2021-07-26 11:55:00,NSE:BOSCHLTD,14987.1,15016.75,14987.1,15003.0,74.0
2021-07-26 12:00:00,NSE:BOSCHLTD,15010.5,15012.0,14997.0,14997.0,37.0
2021-07-26 12:05:00,NSE:BOSCHLTD,14992.65,15004.0,14992.65,15000.0,30.0
2021-07-26 12:10:00,NSE:BOSCHLTD,14991.35,15000.0,14990.0,15000.0,79.0
2021-07-26 12:15:00,NSE:BOSCHLTD,15000.0,15004.5,14987.0,14987.0,72.0
2021-07-26 12:20:00,NSE:BOSCHLTD,15001.5,15010.0,14989.7,15008.95,79.0
2021-07-26 12:25:00,NSE:BOSCHLTD,15011.0,15025.65,15006.0,15015.05,117.0
2021-07-26 12:30:00,NSE:BOSCHLTD,15016.5,15025.0,15016.0,15025.0,86.0
2021-07-26 12:35:00,NSE:BOSCHLTD,15027.0,15048.95,15027.0,15035.05,246.0
2021-07-26 12:40:00,NSE:BOSCHLTD,15035.0,15035.0,15017.0,15024.0,30.0
2021-07-26 12:45:00,NSE:BOSCHLTD,15025.0,15027.0,15012.25,15012.25,145.0
2021-07-26 12:50:00,NSE:BOSCHLTD,15027.0,15034.9,15018.05,15018.05,49.0
2021-07-26 12:55:00,NSE:BOSCHLTD,15014.3,15014.3,15010.05,15010.05,5.0
2021-07-26 13:00:00,NSE:BOSCHLTD,15001.5,15026.95,15001.4,15015.0,48.0
2021-07-26 13:05:00,NSE:BOSCHLTD,15024.0,15024.0,15001.1,15001.5,61.0
2021-07-26 13:10:00,NSE:BOSCHLTD,15014.95,15016.45,14992.55,14995.5,76.0
2021-07-26 13:15:00,NSE:BOSCHLTD,15004.5,15008.85,14993.0,15004.0,19.0
2021-07-26 13:20:00,NSE:BOSCHLTD,15000.0,15004.0,14992.55,14992.6,47.0
2021-07-26 13:25:00,NSE:BOSCHLTD,15002.2,15015.0,14993.0,14999.9,109.0
2021-07-26 13:30:00,NSE:BOSCHLTD,15003.0,15013.5,14998.55,15000.0,134.0
2021-07-26 13:35:00,NSE:BOSCHLTD,15005.0,15015.5,14997.0,15015.35,43.0
2021-07-26 13:40:00,NSE:BOSCHLTD,15009.05,15018.85,15003.3,15008.9,74.0
2021-07-26 13:45:00,NSE:BOSCHLTD,15008.85,15010.0,14994.05,14994.05,29.0
2021-07-26 13:50:00,NSE:BOSCHLTD,14990.0,14995.85,14990.0,14995.05,126.0
2021-07-26 13:55:00,NSE:BOSCHLTD,14986.55,14992.8,14980.0,14980.0,121.0
2021-07-26 14:00:00,NSE:BOSCHLTD,14980.5,14990.0,14980.5,14990.0,25.0
2021-07-26 14:05:00,NSE:BOSCHLTD,14990.0,14994.0,14985.0,14985.0,11.0
2021-07-26 14:10:00,NSE:BOSCHLTD,14990.35,14990.35,14985.0,14986.0,36.0
2021-07-26 14:15:00,NSE:BOSCHLTD,14992.3,14992.3,14981.3,14991.45,153.0
2021-07-26 14:20:00,NSE:BOSCHLTD,14991.45,15010.0,14991.45,15010.0,78.0
2021-07-26 14:25:00,NSE:BOSCHLTD,15009.0,15014.55,14993.05,15005.05,82.0
2021-07-26 14:30:00,NSE:BOSCHLTD,15010.0,15014.0,14999.0,15011.55,165.0
2021-07-26 14:35:00,NSE:BOSCHLTD,15011.55,15015.1,15005.0,15005.0,100.0
2021-07-26 14:40:00,NSE:BOSCHLTD,15005.0,15016.3,15005.0,15013.4,42.0
2021-07-26 14:45:00,NSE:BOSCHLTD,15005.0,15011.0,15005.0,15005.0,240.0
2021-07-26 14:50:00,NSE:BOSCHLTD,15005.0,15014.0,15002.15,15002.15,183.0
2021-07-26 14:55:00,NSE:BOSCHLTD,15001.85,15001.85,14990.85,14991.85,88.0
2021-07-26 15:00:00,NSE:BOSCHLTD,14991.85,14997.0,14985.0,14997.0,168.0
2021-07-26 15:05:00,NSE:BOSCHLTD,14997.0,14997.0,14970.6,14972.25,521.0
2021-07-26 15:10:00,NSE:BOSCHLTD,14985.0,14992.3,14976.0,14981.0,272.0
2021-07-26 15:15:00,NSE:BOSCHLTD,14981.0,14992.75,14975.0,14987.85,277.0
2021-07-26 15:20:00,NSE:BOSCHLTD,14980.0,14991.0,14969.35,14976.3,1120.0
2021-07-26 15:25:00,NSE:BOSCHLTD,14987.35,14995.45,14975.0,14975.6,399.0
2021-07-26 15:40:00,NSE:BOSCHLTD,14981.3,14981.3,14981.3,14981.3,1.0
2021-07-27 09:05:00,NSE:BOSCHLTD,15033.75,15033.75,15033.75,15033.75,15.0
2021-07-27 09:15:00,NSE:BOSCHLTD,15033.75,15051.9,14982.4,15008.6,551.0
2021-07-27 09:20:00,NSE:BOSCHLTD,15000.0,15024.85,14975.7,15000.0,398.0
2021-07-27 09:25:00,NSE:BOSCHLTD,14984.9,15010.5,14967.05,15010.5,403.0
2021-07-27 09:30:00,NSE:BOSCHLTD,15016.5,15016.5,15000.0,15014.95,162.0
2021-07-27 09:35:00,NSE:BOSCHLTD,15007.45,15030.0,15000.0,15030.0,219.0
2021-07-27 09:40:00,NSE:BOSCHLTD,15033.0,15035.0,15013.65,15035.0,213.0
2021-07-27 09:45:00,NSE:BOSCHLTD,15035.0,15062.9,15034.6,15056.0,291.0
2021-07-27 09:50:00,NSE:BOSCHLTD,15057.0,15068.0,15050.95,15050.95,71.0
2021-07-27 09:55:00,NSE:BOSCHLTD,15050.95,15062.0,15035.8,15050.0,201.0
2021-07-27 10:00:00,NSE:BOSCHLTD,15051.0,15068.95,15050.0,15061.65,109.0
2021-07-27 10:05:00,NSE:BOSCHLTD,15067.65,15067.65,15057.0,15064.0,47.0
2021-07-27 10:10:00,NSE:BOSCHLTD,15064.95,15064.95,15057.0,15057.0,24.0
2021-07-27 10:15:00,NSE:BOSCHLTD,15060.0,15068.0,15060.0,15065.0,24.0
2021-07-27 10:20:00,NSE:BOSCHLTD,15065.0,15099.95,15058.55,15087.05,227.0
2021-07-27 10:25:00,NSE:BOSCHLTD,15087.05,15092.95,15078.2,15080.0,173.0
2021-07-27 10:30:00,NSE:BOSCHLTD,15080.0,15098.95,15070.05,15090.0,178.0
2021-07-27 10:35:00,NSE:BOSCHLTD,15089.0,15136.2,15074.6,15111.7,466.0
2021-07-27 10:40:00,NSE:BOSCHLTD,15124.0,15144.35,15112.5,15130.2,190.0
2021-07-27 10:45:00,NSE:BOSCHLTD,15127.9,15145.0,15121.0,15145.0,332.0
2021-07-27 10:50:00,NSE:BOSCHLTD,15144.0,15180.0,15138.0,15173.6,457.0
2021-07-27 10:55:00,NSE:BOSCHLTD,15170.0,15176.9,15160.5,15175.2,241.0
2021-07-27 11:00:00,NSE:BOSCHLTD,15163.5,15178.5,15133.5,15157.5,396.0
2021-07-27 11:05:00,NSE:BOSCHLTD,15163.5,15163.5,15145.5,15159.85,105.0
2021-07-27 11:10:00,NSE:BOSCHLTD,15157.7,15159.9,15139.3,15153.85,128.0
2021-07-27 11:15:00,NSE:BOSCHLTD,15145.5,15159.75,15131.3,15144.0,112.0
2021-07-27 11:20:00,NSE:BOSCHLTD,15141.6,15143.95,15116.25,15125.75,267.0
2021-07-27 11:25:00,NSE:BOSCHLTD,15136.5,15169.05,15125.75,15162.75,361.0
2021-07-27 11:30:00,NSE:BOSCHLTD,15151.7,15162.0,15135.0,15149.95,322.0
2021-07-27 11:35:00,NSE:BOSCHLTD,15134.35,15145.0,15108.0,15116.9,97.0
2021-07-27 11:40:00,NSE:BOSCHLTD,15119.65,15126.0,15112.5,15122.85,144.0
2021-07-27 11:45:00,NSE:BOSCHLTD,15122.7,15122.7,15100.0,15116.95,420.0
2021-07-27 11:50:00,NSE:BOSCHLTD,15115.0,15145.35,15115.0,15145.35,514.0
2021-07-27 11:55:00,NSE:BOSCHLTD,15136.5,15150.0,15135.95,15148.5,109.0
2021-07-27 12:00:00,NSE:BOSCHLTD,15149.45,15150.0,15138.5,15150.0,212.0
2021-07-27 12:05:00,NSE:BOSCHLTD,15145.0,15148.0,15100.0,15105.0,447.0
2021-07-27 12:10:00,NSE:BOSCHLTD,15105.0,15107.0,15089.0,15100.0,196.0
2021-07-27 12:15:00,NSE:BOSCHLTD,15100.0,15100.0,15085.05,15097.0,230.0
2021-07-27 12:20:00,NSE:BOSCHLTD,15075.5,15075.5,15024.0,15028.35,446.0
2021-07-27 12:25:00,NSE:BOSCHLTD,15034.35,15074.15,15034.35,15074.15,211.0
2021-07-27 12:30:00,NSE:BOSCHLTD,15072.5,15075.55,15027.05,15041.2,147.0
2021-07-27 12:35:00,NSE:BOSCHLTD,15033.8,15046.8,15021.0,15033.0,156.0
2021-07-27 12:40:00,NSE:BOSCHLTD,15033.0,15035.35,14990.0,15020.0,667.0
2021-07-27 12:45:00,NSE:BOSCHLTD,15025.0,15048.0,15020.0,15025.4,331.0
2021-07-27 12:50:00,NSE:BOSCHLTD,15026.9,15046.1,15022.55,15043.45,154.0
2021-07-27 12:55:00,NSE:BOSCHLTD,15021.25,15044.85,15006.6,15031.45,195.0
2021-07-27 13:00:00,NSE:BOSCHLTD,15010.05,15030.0,15010.05,15028.5,72.0
2021-07-27 13:05:00,NSE:BOSCHLTD,15019.55,15032.7,14992.25,15002.9,660.0
2021-07-27 13:10:00,NSE:BOSCHLTD,15000.0,15014.2,14979.75,15000.0,867.0
2021-07-27 13:15:00,NSE:BOSCHLTD,15000.0,15022.75,14953.55,15010.6,659.0
2021-07-27 13:20:00,NSE:BOSCHLTD,15017.05,15024.95,15001.5,15013.3,213.0
2021-07-27 13:25:00,NSE:BOSCHLTD,15010.3,15059.95,15010.0,15057.0,306.0
2021-07-27 13:30:00,NSE:BOSCHLTD,15059.0,15072.0,15049.0,15054.0,260.0
2021-07-27 13:35:00,NSE:BOSCHLTD,15055.55,15062.8,15010.85,15043.15,233.0
2021-07-27 13:40:00,NSE:BOSCHLTD,15036.1,15069.95,15035.0,15068.8,193.0
2021-07-27 13:45:00,NSE:BOSCHLTD,15057.35,15068.15,15039.0,15043.55,176.0
2021-07-27 13:50:00,NSE:BOSCHLTD,15042.6,15054.0,15026.0,15038.85,347.0
2021-07-27 13:55:00,NSE:BOSCHLTD,15030.0,15035.0,14998.5,15019.0,557.0
2021-07-27 14:00:00,NSE:BOSCHLTD,15018.95,15030.1,15009.45,15020.9,394.0
2021-07-27 14:05:00,NSE:BOSCHLTD,15012.0,15027.95,15012.0,15027.9,96.0
2021-07-27 14:10:00,NSE:BOSCHLTD,15027.9,15059.6,15027.9,15059.0,161.0
2021-07-27 14:15:00,NSE:BOSCHLTD,15059.0,15059.0,15020.6,15031.45,89.0
2021-07-27 14:20:00,NSE:BOSCHLTD,15021.05,15036.75,15015.3,15031.35,68.0
2021-07-27 14:25:00,NSE:BOSCHLTD,15031.35,15053.95,15021.0,15044.9,276.0
2021-07-27 14:30:00,NSE:BOSCHLTD,15052.45,15055.8,15034.5,15034.5,79.0
2021-07-27 14:35:00,NSE:BOSCHLTD,15023.05,15052.05,15023.05,15041.95,73.0
2021-07-27 14:40:00,NSE:BOSCHLTD,15041.0,15050.0,15030.0,15047.85,128.0
2021-07-27 14:45:00,NSE:BOSCHLTD,15036.15,15049.95,15031.25,15046.0,128.0
2021-07-27 14:50:00,NSE:BOSCHLTD,15046.0,15060.0,15046.0,15051.0,117.0
2021-07-27 14:55:00,NSE:BOSCHLTD,15059.95,15060.0,15046.55,15059.95,80.0
2021-07-27 15:00:00,NSE:BOSCHLTD,15059.95,15060.0,15042.0,15060.0,131.0
2021-07-27 15:05:00,NSE:BOSCHLTD,15060.0,15060.0,15034.55,15040.5,187.0
2021-07-27 15:10:00,NSE:BOSCHLTD,15041.9,15055.0,15035.0,15045.0,274.0
2021-07-27 15:15:00,NSE:BOSCHLTD,15045.0,15057.0,15038.35,15049.95,309.0
2021-07-27 15:20:00,NSE:BOSCHLTD,15045.0,15049.95,15021.1,15021.1,304.0
2021-07-27 15:25:00,NSE:BOSCHLTD,15021.15,15039.0,15007.65,15022.0,550.0
2021-07-28 09:05:00,NSE:BOSCHLTD,15022.0,15022.0,15022.0,15022.0,7.0
2021-07-28 09:15:00,NSE:BOSCHLTD,15022.0,15175.0,15008.45,15019.05,432.0
2021-07-28 09:20:00,NSE:BOSCHLTD,15022.05,15062.4,15011.5,15049.5,679.0
2021-07-28 09:25:00,NSE:BOSCHLTD,15048.1,15066.0,15034.55,15066.0,358.0
2021-07-28 09:30:00,NSE:BOSCHLTD,15070.15,15089.95,15052.55,15064.5,445.0
2021-07-28 09:35:00,NSE:BOSCHLTD,15075.15,15099.1,15052.7,15057.65,290.0
2021-07-28 09:40:00,NSE:BOSCHLTD,15047.05,15058.0,15012.05,15013.8,171.0
2021-07-28 09:45:00,NSE:BOSCHLTD,15019.9,15026.75,15003.9,15011.0,281.0
2021-07-28 09:50:00,NSE:BOSCHLTD,15011.0,15031.5,14984.05,15027.95,469.0
2021-07-28 09:55:00,NSE:BOSCHLTD,15025.2,15028.8,14990.0,15010.55,322.0
2021-07-28 10:00:00,NSE:BOSCHLTD,15022.45,15022.75,14995.05,15007.0,35.0
2021-07-28 10:05:00,NSE:BOSCHLTD,15007.0,15024.35,15003.05,15020.95,119.0
2021-07-28 10:10:00,NSE:BOSCHLTD,15022.3,15074.95,15017.9,15072.5,610.0
2021-07-28 10:15:00,NSE:BOSCHLTD,15067.4,15070.45,15039.0,15045.0,57.0
2021-07-28 10:20:00,NSE:BOSCHLTD,15040.7,15045.0,15008.05,15008.05,108.0
2021-07-28 10:25:00,NSE:BOSCHLTD,15008.05,15013.5,14990.55,14992.6,131.0
2021-07-28 10:30:00,NSE:BOSCHLTD,14983.9,15041.0,14983.9,15026.85,391.0
2021-07-28 10:35:00,NSE:BOSCHLTD,15025.0,15038.55,15015.05,15015.05,94.0
2021-07-28 10:40:00,NSE:BOSCHLTD,15024.95,15024.95,14990.0,14990.0,78.0
2021-07-28 10:45:00,NSE:BOSCHLTD,14982.0,14999.9,14940.05,14950.9,648.0
2021-07-28 10:50:00,NSE:BOSCHLTD,14950.95,14970.0,14945.95,14950.5,317.0
2021-07-28 10:55:00,NSE:BOSCHLTD,14962.5,14964.7,14921.0,14943.15,186.0
2021-07-28 11:00:00,NSE:BOSCHLTD,14930.0,14940.0,14900.0,14939.0,612.0
2021-07-28 11:05:00,NSE:BOSCHLTD,14933.4,14933.4,14911.75,14916.0,83.0
2021-07-28 11:10:00,NSE:BOSCHLTD,14924.05,14947.3,14915.0,14946.0,116.0
2021-07-28 11:15:00,NSE:BOSCHLTD,14947.0,14966.95,14939.35,14966.95,215.0
2021-07-28 11:20:00,NSE:BOSCHLTD,14965.2,14966.85,14935.45,14963.5,60.0
2021-07-28 11:25:00,NSE:BOSCHLTD,14963.5,14964.0,14941.0,14951.95,67.0
2021-07-28 11:30:00,NSE:BOSCHLTD,14951.95,14989.95,14935.0,14986.0,620.0
2021-07-28 11:35:00,NSE:BOSCHLTD,14965.9,14989.95,14965.9,14980.0,348.0
2021-07-28 11:40:00,NSE:BOSCHLTD,14975.0,15000.0,14960.15,14968.45,361.0
2021-07-28 11:45:00,NSE:BOSCHLTD,14995.0,15006.35,14982.05,15006.25,143.0
2021-07-28 11:50:00,NSE:BOSCHLTD,15001.0,15013.15,14995.0,15009.45,272.0
2021-07-28 11:55:00,NSE:BOSCHLTD,15009.0,15009.2,14992.5,15009.2,295.0
2021-07-28 12:00:00,NSE:BOSCHLTD,14995.8,15017.5,14995.8,15017.5,103.0
2021-07-28 12:05:00,NSE:BOSCHLTD,15017.5,15045.8,15004.7,15029.95,364.0
2021-07-28 12:10:00,NSE:BOSCHLTD,15028.0,15037.6,15022.5,15031.8,42.0
2021-07-28 12:15:00,NSE:BOSCHLTD,15033.0,15047.5,15006.25,15006.25,209.0
2021-07-28 12:20:00,NSE:BOSCHLTD,15007.55,15028.3,14998.0,15019.8,120.0
2021-07-28 12:25:00,NSE:BOSCHLTD,15019.8,15025.4,14990.6,15004.55,109.0
2021-07-28 12:30:00,NSE:BOSCHLTD,15008.2,15025.0,15000.0,15025.0,36.0
2021-07-28 12:35:00,NSE:BOSCHLTD,15025.0,15038.2,15004.5,15038.15,238.0
2021-07-28 12:40:00,NSE:BOSCHLTD,15023.35,15037.95,15016.0,15016.05,75.0
2021-07-28 12:45:00,NSE:BOSCHLTD,15022.25,15025.35,15006.6,15011.9,83.0
2021-07-28 12:50:00,NSE:BOSCHLTD,15024.25,15024.25,15013.0,15015.2,59.0
2021-07-28 12:55:00,NSE:BOSCHLTD,15022.4,15023.85,15010.05,15021.95,44.0
2021-07-28 13:00:00,NSE:BOSCHLTD,15014.05,15022.0,15012.05,15022.0,37.0
2021-07-28 13:05:00,NSE:BOSCHLTD,15022.0,15022.0,15012.6,15022.0,46.0
2021-07-28 13:10:00,NSE:BOSCHLTD,15021.1,15022.0,15011.85,15021.95,125.0
2021-07-28 13:15:00,NSE:BOSCHLTD,15021.4,15021.95,15000.0,15021.35,141.0
2021-07-28 13:20:00,NSE:BOSCHLTD,15014.05,15022.0,15011.5,15012.15,67.0
2021-07-28 13:25:00,NSE:BOSCHLTD,15014.05,15038.0,15012.5,15038.0,77.0
2021-07-28 13:30:00,NSE:BOSCHLTD,15031.85,15048.0,15031.8,15048.0,90.0
2021-07-28 13:35:00,NSE:BOSCHLTD,15044.0,15057.55,15044.0,15056.6,74.0
2021-07-28 13:40:00,NSE:BOSCHLTD,15048.0,15056.65,15031.4,15043.0,250.0
2021-07-28 13:45:00,NSE:BOSCHLTD,15038.0,15051.95,15033.0,15041.0,102.0
2021-07-28 13:50:00,NSE:BOSCHLTD,15049.0,15051.0,15035.0,15050.9,77.0
2021-07-28 13:55:00,NSE:BOSCHLTD,15048.9,15058.4,15025.0,15052.55,248.0
2021-07-28 14:00:00,NSE:BOSCHLTD,15051.95,15052.0,15028.55,15036.9,135.0
2021-07-28 14:05:00,NSE:BOSCHLTD,15039.0,15044.3,15030.9,15039.45,39.0
2021-07-28 14:10:00,NSE:BOSCHLTD,15041.6,15041.6,15020.0,15033.6,66.0
2021-07-28 14:15:00,NSE:BOSCHLTD,15034.8,15034.8,15020.0,15029.9,33.0
2021-07-28 14:20:00,NSE:BOSCHLTD,15029.45,15029.45,14998.9,15000.5,400.0
2021-07-28 14:25:00,NSE:BOSCHLTD,15005.9,15009.9,15000.5,15004.85,63.0
2021-07-28 14:30:00,NSE:BOSCHLTD,15009.8,15015.5,15000.5,15012.0,441.0
2021-07-28 14:35:00,NSE:BOSCHLTD,15012.0,15019.6,15010.0,15016.15,184.0
2021-07-28 14:40:00,NSE:BOSCHLTD,15010.0,15013.6,14968.0,15002.6,719.0
2021-07-28 14:45:00,NSE:BOSCHLTD,15011.5,15026.1,15011.5,15020.8,515.0
2021-07-28 14:50:00,NSE:BOSCHLTD,15025.0,15030.0,15003.3,15030.0,236.0
2021-07-28 14:55:00,NSE:BOSCHLTD,15031.0,15037.2,15000.9,15016.6,695.0
2021-07-28 15:00:00,NSE:BOSCHLTD,15029.95,15041.6,15011.9,15040.95,486.0
2021-07-28 15:05:00,NSE:BOSCHLTD,15030.25,15041.75,15007.55,15007.55,391.0
2021-07-28 15:10:00,NSE:BOSCHLTD,15020.95,15022.85,15011.5,15013.35,202.0
2021-07-28 15:15:00,NSE:BOSCHLTD,15008.0,15020.9,15003.1,15019.95,549.0
2021-07-28 15:20:00,NSE:BOSCHLTD,15016.1,15021.95,15003.05,15003.55,344.0
2021-07-28 15:25:00,NSE:BOSCHLTD,15000.0,15026.0,14925.2,15026.0,657.0
2021-07-28 15:30:00,NSE:BOSCHLTD,14965.0,14965.0,14965.0,14965.0,3.0
2021-07-28 15:55:00,NSE:BOSCHLTD,15012.0,15012.0,14965.0,14965.0,7.0
2021-07-29 09:05:00,NSE:BOSCHLTD,15046.4,15046.4,15046.4,15046.4,13.0
2021-07-29 09:15:00,NSE:BOSCHLTD,15072.05,15114.95,15027.6,15027.6,374.0
2021-07-29 09:20:00,NSE:BOSCHLTD,15030.9,15048.55,15007.5,15021.85,224.0
2021-07-29 09:25:00,NSE:BOSCHLTD,15033.0,15033.0,15010.95,15014.95,213.0
2021-07-29 09:30:00,NSE:BOSCHLTD,15025.2,15030.0,15003.0,15016.5,246.0
2021-07-29 09:35:00,NSE:BOSCHLTD,15025.0,15044.9,15001.75,15005.0,348.0
2021-07-29 09:40:00,NSE:BOSCHLTD,15003.0,15027.05,15003.0,15021.85,193.0
2021-07-29 09:45:00,NSE:BOSCHLTD,15023.9,15043.9,15023.9,15032.9,199.0
2021-07-29 09:50:00,NSE:BOSCHLTD,15020.55,15044.0,15020.55,15025.65,78.0
2021-07-29 09:55:00,NSE:BOSCHLTD,15025.6,15046.1,15025.6,15043.45,194.0
2021-07-29 10:00:00,NSE:BOSCHLTD,15036.0,15049.95,15034.65,15049.85,93.0
2021-07-29 10:05:00,NSE:BOSCHLTD,15049.5,15049.5,15036.05,15049.05,66.0
2021-07-29 10:10:00,NSE:BOSCHLTD,15049.35,15049.35,15030.0,15030.3,131.0
2021-07-29 10:15:00,NSE:BOSCHLTD,15041.55,15043.9,15012.2,15020.95,173.0
2021-07-29 10:20:00,NSE:BOSCHLTD,15017.9,15023.6,14998.0,15003.0,224.0
2021-07-29 10:25:00,NSE:BOSCHLTD,15002.95,15010.0,14992.2,15006.95,197.0
2021-07-29 10:30:00,NSE:BOSCHLTD,15006.95,15019.65,15000.0,15012.05,165.0
2021-07-29 10:35:00,NSE:BOSCHLTD,15019.65,15035.0,15012.25,15032.1,88.0
2021-07-29 10:40:00,NSE:BOSCHLTD,15025.2,15029.9,15017.1,15029.9,78.0
2021-07-29 10:45:00,NSE:BOSCHLTD,15021.95,15021.95,15018.0,15018.0,14.0
2021-07-29 10:50:00,NSE:BOSCHLTD,15018.0,15020.0,15005.0,15014.3,86.0
2021-07-29 10:55:00,NSE:BOSCHLTD,15016.45,15016.45,15002.05,15002.05,25.0
2021-07-29 11:00:00,NSE:BOSCHLTD,15012.0,15012.0,14994.25,15007.9,191.0
2021-07-29 11:05:00,NSE:BOSCHLTD,15007.9,15015.0,15000.0,15003.05,156.0
2021-07-29 11:10:00,NSE:BOSCHLTD,15003.05,15012.85,15001.0,15003.15,56.0
2021-07-29 11:15:00,NSE:BOSCHLTD,15003.15,15013.55,15002.95,15004.5,237.0
2021-07-29 11:20:00,NSE:BOSCHLTD,15005.05,15010.0,14980.55,14980.85,188.0
2021-07-29 11:25:00,NSE:BOSCHLTD,15001.5,15002.6,15000.0,15000.0,47.0
2021-07-29 11:30:00,NSE:BOSCHLTD,14992.55,15000.0,14989.6,15000.0,30.0
2021-07-29 11:35:00,NSE:BOSCHLTD,14994.0,14999.95,14958.4,14958.4,291.0
2021-07-29 11:40:00,NSE:BOSCHLTD,14951.2,14965.4,14898.0,14900.0,2232.0
2021-07-29 11:45:00,NSE:BOSCHLTD,14919.0,14936.95,14885.15,14936.95,257.0
2021-07-29 11:50:00,NSE:BOSCHLTD,14928.05,14939.75,14907.9,14920.65,95.0
2021-07-29 11:55:00,NSE:BOSCHLTD,14921.0,14935.0,14920.6,14920.9,89.0
2021-07-29 12:00:00,NSE:BOSCHLTD,14920.9,14931.85,14913.05,14916.5,91.0
2021-07-29 12:05:00,NSE:BOSCHLTD,14921.7,14926.45,14918.0,14926.4,48.0
2021-07-29 12:10:00,NSE:BOSCHLTD,14920.0,14939.1,14900.0,14900.0,494.0
2021-07-29 12:15:00,NSE:BOSCHLTD,14899.95,14899.95,14851.0,14876.55,581.0
2021-07-29 12:20:00,NSE:BOSCHLTD,14876.55,14891.15,14861.0,14861.0,309.0
2021-07-29 12:25:00,NSE:BOSCHLTD,14860.5,14861.95,14816.75,14828.0,855.0
2021-07-29 12:30:00,NSE:BOSCHLTD,14826.95,14850.45,14825.0,14838.55,363.0
2021-07-29 12:35:00,NSE:BOSCHLTD,14838.65,14882.4,14838.65,14866.35,142.0
2021-07-29 12:40:00,NSE:BOSCHLTD,14876.45,14882.0,14850.0,14854.95,171.0
2021-07-29 12:45:00,NSE:BOSCHLTD,14854.95,14868.45,14852.05,14852.05,148.0
2021-07-29 12:50:00,NSE:BOSCHLTD,14852.05,14870.05,14845.05,14853.0,153.0
2021-07-29 12:55:00,NSE:BOSCHLTD,14853.0,14870.6,14850.0,14868.45,156.0
2021-07-29 13:00:00,NSE:BOSCHLTD,14875.5,14889.95,14866.0,14868.8,209.0
2021-07-29 13:05:00,NSE:BOSCHLTD,14866.25,14888.0,14865.1,14883.75,96.0
2021-07-29 13:10:00,NSE:BOSCHLTD,14888.95,14890.0,14873.35,14873.65,128.0
2021-07-29 13:15:00,NSE:BOSCHLTD,14873.35,14885.0,14866.05,14882.85,62.0
2021-07-29 13:20:00,NSE:BOSCHLTD,14882.7,14885.05,14870.0,14874.95,132.0
2021-07-29 13:25:00,NSE:BOSCHLTD,14867.65,14875.0,14865.0,14865.0,200.0
2021-07-29 13:30:00,NSE:BOSCHLTD,14872.0,14872.0,14860.0,14872.0,82.0
2021-07-29 13:35:00,NSE:BOSCHLTD,14872.0,14880.0,14863.6,14877.0,114.0
2021-07-29 13:40:00,NSE:BOSCHLTD,14875.5,14875.5,14850.0,14866.5,201.0
2021-07-29 13:45:00,NSE:BOSCHLTD,14867.7,14880.0,14860.1,14871.85,190.0
2021-07-29 13:50:00,NSE:BOSCHLTD,14871.85,14880.0,14860.5,14880.0,282.0
2021-07-29 13:55:00,NSE:BOSCHLTD,14879.95,14885.0,14861.6,14874.95,161.0
2021-07-29 14:00:00,NSE:BOSCHLTD,14874.0,14896.0,14865.0,14896.0,93.0
2021-07-29 14:05:00,NSE:BOSCHLTD,14896.0,14896.0,14872.4,14885.15,251.0
2021-07-29 14:10:00,NSE:BOSCHLTD,14884.95,14893.2,14868.55,14893.2,187.0
2021-07-29 14:15:00,NSE:BOSCHLTD,14893.65,14894.0,14877.2,14893.0,236.0
2021-07-29 14:20:00,NSE:BOSCHLTD,14889.95,14894.0,14860.5,14874.65,134.0
2021-07-29 14:25:00,NSE:BOSCHLTD,14875.8,14879.6,14860.0,14875.0,250.0
2021-07-29 14:30:00,NSE:BOSCHLTD,14875.0,14881.9,14854.35,14875.3,238.0
2021-07-29 14:35:00,NSE:BOSCHLTD,14880.0,14885.35,14863.0,14875.0,700.0
2021-07-29 14:40:00,NSE:BOSCHLTD,14875.0,14893.9,14870.0,14893.8,1143.0
2021-07-29 14:45:00,NSE:BOSCHLTD,14894.0,14920.65,14884.7,14917.8,1013.0
2021-07-29 14:50:00,NSE:BOSCHLTD,14917.8,14919.85,14902.75,14917.85,595.0
2021-07-29 14:55:00,NSE:BOSCHLTD,14917.85,14949.95,14915.85,14949.7,771.0
2021-07-29 15:00:00,NSE:BOSCHLTD,14949.7,14969.95,14940.0,14954.95,1579.0
2021-07-29 15:05:00,NSE:BOSCHLTD,14954.95,14954.95,14925.0,14943.95,810.0
2021-07-29 15:10:00,NSE:BOSCHLTD,14943.95,14943.95,14901.6,14919.9,867.0
2021-07-29 15:15:00,NSE:BOSCHLTD,14919.9,14921.95,14901.5,14921.0,922.0
2021-07-29 15:20:00,NSE:BOSCHLTD,14926.45,14966.8,14902.9,14916.3,1751.0
2021-07-29 15:25:00,NSE:BOSCHLTD,14900.0,14960.0,14899.4,14960.0,917.0
2021-07-29 15:40:00,NSE:BOSCHLTD,14933.3,14933.3,14933.3,14933.3,1.0
2021-07-30 09:05:00,NSE:BOSCHLTD,14957.15,14957.15,14957.15,14957.15,5.0
2021-07-30 09:15:00,NSE:BOSCHLTD,14957.15,14965.0,14901.0,14910.0,767.0
2021-07-30 09:20:00,NSE:BOSCHLTD,14910.05,14925.0,14866.55,14870.0,529.0
2021-07-30 09:25:00,NSE:BOSCHLTD,14868.5,14884.45,14839.25,14849.95,594.0
2021-07-30 09:30:00,NSE:BOSCHLTD,14850.0,14926.2,14850.0,14916.0,385.0
2021-07-30 09:35:00,NSE:BOSCHLTD,14919.0,14972.0,14908.9,14970.0,340.0
2021-07-30 09:40:00,NSE:BOSCHLTD,14970.0,14977.5,14950.6,14959.5,230.0
2021-07-30 09:45:00,NSE:BOSCHLTD,14959.95,14959.95,14922.0,14942.6,186.0
2021-07-30 09:50:00,NSE:BOSCHLTD,14931.0,14977.05,14931.0,14977.05,278.0
2021-07-30 09:55:00,NSE:BOSCHLTD,14990.0,15000.0,14951.0,14976.45,382.0
2021-07-30 10:00:00,NSE:BOSCHLTD,14977.0,14982.6,14965.0,14980.0,94.0
2021-07-30 10:05:00,NSE:BOSCHLTD,14967.3,14980.1,14967.0,14967.0,101.0
2021-07-30 10:10:00,NSE:BOSCHLTD,14978.9,15028.0,14961.05,15016.05,449.0
2021-07-30 10:15:00,NSE:BOSCHLTD,15028.5,15049.0,14990.0,15036.0,736.0
2021-07-30 10:20:00,NSE:BOSCHLTD,15050.0,15110.0,15026.25,15107.8,1725.0
2021-07-30 10:25:00,NSE:BOSCHLTD,15105.0,15138.15,15093.0,15121.0,911.0
2021-07-30 10:30:00,NSE:BOSCHLTD,15122.65,15175.0,15105.0,15164.8,3601.0
2021-07-30 10:35:00,NSE:BOSCHLTD,15166.45,15325.0,15137.55,15200.0,8340.0
2021-07-30 10:40:00,NSE:BOSCHLTD,15200.0,15205.45,15140.2,15148.5,661.0
2021-07-30 10:45:00,NSE:BOSCHLTD,15148.5,15156.8,15125.2,15147.0,268.0
2021-07-30 10:50:00,NSE:BOSCHLTD,15150.0,15158.0,15121.1,15133.85,253.0
2021-07-30 10:55:00,NSE:BOSCHLTD,15120.0,15133.5,15111.05,15128.65,413.0
2021-07-30 11:00:00,NSE:BOSCHLTD,15118.5,15203.85,15118.5,15200.0,1329.0
2021-07-30 11:05:00,NSE:BOSCHLTD,15200.0,15222.65,15190.05,15212.0,549.0
2021-07-30 11:10:00,NSE:BOSCHLTD,15212.0,15227.0,15195.0,15210.0,354.0
2021-07-30 11:15:00,NSE:BOSCHLTD,15210.0,15210.0,15195.0,15201.0,299.0
2021-07-30 11:20:00,NSE:BOSCHLTD,15200.0,15201.0,15152.05,15154.5,145.0
2021-07-30 11:25:00,NSE:BOSCHLTD,15154.5,15180.0,15141.0,15142.55,296.0
2021-07-30 11:30:00,NSE:BOSCHLTD,15140.0,15152.65,15131.4,15152.65,188.0
2021-07-30 11:35:00,NSE:BOSCHLTD,15152.65,15164.9,15152.65,15163.85,68.0
2021-07-30 11:40:00,NSE:BOSCHLTD,15163.85,15169.45,15148.5,15169.0,200.0
2021-07-30 11:45:00,NSE:BOSCHLTD,15169.45,15200.0,15169.45,15198.0,156.0
2021-07-30 11:50:00,NSE:BOSCHLTD,15198.0,15200.0,15169.0,15185.55,203.0
2021-07-30 11:55:00,NSE:BOSCHLTD,15185.65,15185.65,15151.15,15169.15,83.0
2021-07-30 12:00:00,NSE:BOSCHLTD,15170.05,15183.65,15163.65,15168.1,54.0
2021-07-30 12:05:00,NSE:BOSCHLTD,15175.0,15175.0,15161.5,15166.95,39.0
2021-07-30 12:10:00,NSE:BOSCHLTD,15160.05,15180.6,15160.05,15171.65,109.0
2021-07-30 12:15:00,NSE:BOSCHLTD,15172.0,15187.05,15161.0,15183.05,336.0
2021-07-30 12:20:00,NSE:BOSCHLTD,15183.05,15183.05,15163.2,15168.75,47.0
2021-07-30 12:25:00,NSE:BOSCHLTD,15168.75,15177.8,15152.0,15161.95,106.0
2021-07-30 12:30:00,NSE:BOSCHLTD,15161.95,15166.85,15161.95,15166.85,44.0
2021-07-30 12:35:00,NSE:BOSCHLTD,15163.5,15163.5,15151.0,15158.7,31.0
2021-07-30 12:40:00,NSE:BOSCHLTD,15161.35,15166.0,15150.0,15161.0,179.0
2021-07-30 12:45:00,NSE:BOSCHLTD,15161.0,15164.0,15153.5,15164.0,74.0
2021-07-30 12:50:00,NSE:BOSCHLTD,15155.0,15171.45,15155.0,15162.0,67.0
2021-07-30 12:55:00,NSE:BOSCHLTD,15162.35,15162.35,15131.25,15136.0,279.0
2021-07-30 13:00:00,NSE:BOSCHLTD,15136.05,15137.0,15100.0,15104.95,432.0
2021-07-30 13:05:00,NSE:BOSCHLTD,15100.7,15100.7,15047.55,15074.9,1260.0
2021-07-30 13:10:00,NSE:BOSCHLTD,15075.0,15100.0,15060.0,15066.75,451.0
2021-07-30 13:15:00,NSE:BOSCHLTD,15060.0,15060.0,15001.0,15012.1,1474.0
2021-07-30 13:20:00,NSE:BOSCHLTD,15012.1,15015.7,15005.0,15012.0,664.0
2021-07-30 13:25:00,NSE:BOSCHLTD,15012.95,15023.4,15006.7,15010.0,661.0
2021-07-30 13:30:00,NSE:BOSCHLTD,15010.0,15023.15,15010.0,15021.0,246.0
2021-07-30 13:35:00,NSE:BOSCHLTD,15039.85,15039.85,15005.0,15010.0,793.0
2021-07-30 13:40:00,NSE:BOSCHLTD,15010.0,15039.85,15001.0,15030.0,934.0
2021-07-30 13:45:00,NSE:BOSCHLTD,15037.1,15050.05,15030.0,15047.85,530.0
2021-07-30 13:50:00,NSE:BOSCHLTD,15049.6,15074.6,15035.25,15062.0,354.0
2021-07-30 13:55:00,NSE:BOSCHLTD,15068.45,15081.3,15044.45,15044.45,323.0
2021-07-30 14:00:00,NSE:BOSCHLTD,15039.05,15066.0,15015.85,15038.2,793.0
2021-07-30 14:05:00,NSE:BOSCHLTD,15038.15,15038.15,15016.0,15031.5,175.0
2021-07-30 14:10:00,NSE:BOSCHLTD,15030.85,15040.0,15027.1,15040.0,68.0
2021-07-30 14:15:00,NSE:BOSCHLTD,15040.0,15070.8,15035.65,15048.15,381.0
2021-07-30 14:20:00,NSE:BOSCHLTD,15061.5,15068.05,15036.05,15045.0,158.0
2021-07-30 14:25:00,NSE:BOSCHLTD,15045.0,15049.35,15023.5,15039.8,100.0
2021-07-30 14:30:00,NSE:BOSCHLTD,15037.0,15038.0,15000.6,15011.8,1135.0
2021-07-30 14:35:00,NSE:BOSCHLTD,15011.75,15023.0,15004.9,15023.0,130.0
2021-07-30 14:40:00,NSE:BOSCHLTD,15030.6,15050.0,15024.7,15031.5,198.0
2021-07-30 14:45:00,NSE:BOSCHLTD,15043.5,15043.5,15000.6,15005.1,369.0
2021-07-30 14:50:00,NSE:BOSCHLTD,15005.1,15053.55,15000.0,15045.5,1814.0
2021-07-30 14:55:00,NSE:BOSCHLTD,15033.3,15033.3,15000.5,15009.35,339.0
2021-07-30 15:00:00,NSE:BOSCHLTD,15009.35,15025.5,14993.25,15025.5,539.0
2021-07-30 15:05:00,NSE:BOSCHLTD,15021.0,15022.3,14997.9,15011.0,448.0
2021-07-30 15:10:00,NSE:BOSCHLTD,15008.4,15008.4,14991.7,15001.15,366.0
2021-07-30 15:15:00,NSE:BOSCHLTD,15004.3,15013.45,14960.0,14969.95,1861.0
2021-07-30 15:20:00,NSE:BOSCHLTD,14959.15,14960.0,14934.55,14934.55,2001.0
2021-07-30 15:25:00,NSE:BOSCHLTD,14939.95,14973.1,14925.65,14940.0,1569.0
2021-07-30 15:40:00,NSE:BOSCHLTD,14968.25,14968.25,14940.0,14940.0,14.0
2021-08-02 09:05:00,NSE:BOSCHLTD,15073.05,15073.05,15073.05,15073.05,13.0
2021-08-02 09:15:00,NSE:BOSCHLTD,15073.05,15089.1,15026.05,15053.45,882.0
2021-08-02 09:20:00,NSE:BOSCHLTD,15054.9,15070.35,15030.0,15064.0,278.0
2021-08-02 09:25:00,NSE:BOSCHLTD,15075.6,15083.4,15034.45,15073.0,676.0
2021-08-02 09:30:00,NSE:BOSCHLTD,15070.35,15101.85,15055.55,15093.05,301.0
2021-08-02 09:35:00,NSE:BOSCHLTD,15110.0,15127.9,15093.0,15113.0,350.0
2021-08-02 09:40:00,NSE:BOSCHLTD,15107.85,15112.35,15074.4,15074.4,289.0
2021-08-02 09:45:00,NSE:BOSCHLTD,15073.75,15111.9,15073.75,15111.9,172.0
2021-08-02 09:50:00,NSE:BOSCHLTD,15106.9,15115.0,15080.15,15080.15,370.0
2021-08-02 09:55:00,NSE:BOSCHLTD,15094.5,15123.0,15082.7,15120.05,416.0
2021-08-02 10:00:00,NSE:BOSCHLTD,15125.0,15150.0,15120.0,15142.3,448.0
2021-08-02 10:05:00,NSE:BOSCHLTD,15140.65,15164.45,15126.85,15161.0,695.0
2021-08-02 10:10:00,NSE:BOSCHLTD,15153.4,15170.0,15150.0,15157.75,244.0
2021-08-02 10:15:00,NSE:BOSCHLTD,15150.0,15150.0,15130.0,15130.05,145.0
2021-08-02 10:20:00,NSE:BOSCHLTD,15130.05,15156.75,15130.0,15152.9,118.0
2021-08-02 10:25:00,NSE:BOSCHLTD,15150.0,15159.95,15140.05,15140.05,94.0
2021-08-02 10:30:00,NSE:BOSCHLTD,15151.5,15151.5,15135.0,15136.7,50.0
2021-08-02 10:35:00,NSE:BOSCHLTD,15136.7,15180.9,15131.65,15163.6,540.0
2021-08-02 10:40:00,NSE:BOSCHLTD,15161.6,15170.0,15150.0,15159.25,104.0
2021-08-02 10:45:00,NSE:BOSCHLTD,15165.95,15205.1,15150.05,15199.75,892.0
2021-08-02 10:50:00,NSE:BOSCHLTD,15194.35,15194.35,15166.05,15177.5,33.0
2021-08-02 10:55:00,NSE:BOSCHLTD,15175.0,15177.5,15160.45,15160.45,42.0
2021-08-02 11:00:00,NSE:BOSCHLTD,15165.25,15168.0,15151.05,15154.05,41.0
2021-08-02 11:05:00,NSE:BOSCHLTD,15151.05,15153.0,15140.05,15140.05,64.0
2021-08-02 11:10:00,NSE:BOSCHLTD,15140.0,15159.0,15135.15,15159.0,79.0
2021-08-02 11:15:00,NSE:BOSCHLTD,15155.05,15156.0,15135.0,15146.1,138.0
2021-08-02 11:20:00,NSE:BOSCHLTD,15149.6,15160.0,15136.95,15138.05,200.0
2021-08-02 11:25:00,NSE:BOSCHLTD,15142.65,15160.5,15138.0,15144.4,147.0
2021-08-02 11:30:00,NSE:BOSCHLTD,15141.25,15169.55,15141.25,15166.65,163.0
2021-08-02 11:35:00,NSE:BOSCHLTD,15165.85,15188.95,15165.85,15180.25,580.0
2021-08-02 11:40:00,NSE:BOSCHLTD,15180.25,15180.25,15135.0,15135.0,440.0
2021-08-02 11:45:00,NSE:BOSCHLTD,15130.05,15143.15,15130.0,15142.5,226.0
2021-08-02 11:50:00,NSE:BOSCHLTD,15142.5,15143.95,15135.0,15135.0,219.0
2021-08-02 11:55:00,NSE:BOSCHLTD,15135.0,15144.0,15135.0,15139.65,59.0
2021-08-02 12:00:00,NSE:BOSCHLTD,15141.95,15141.95,15135.0,15135.0,98.0
2021-08-02 12:05:00,NSE:BOSCHLTD,15135.85,15150.0,15135.7,15142.65,82.0
2021-08-02 12:10:00,NSE:BOSCHLTD,15146.2,15149.95,15135.8,15139.05,69.0
2021-08-02 12:15:00,NSE:BOSCHLTD,15139.05,15149.95,15136.15,15138.6,432.0
2021-08-02 12:20:00,NSE:BOSCHLTD,15138.6,15152.95,15135.55,15150.0,570.0
2021-08-02 12:25:00,NSE:BOSCHLTD,15145.5,15145.5,15135.6,15139.6,84.0
2021-08-02 12:30:00,NSE:BOSCHLTD,15136.65,15147.05,15135.45,15142.15,76.0
2021-08-02 12:35:00,NSE:BOSCHLTD,15141.9,15143.95,15135.05,15142.6,280.0
2021-08-02 12:40:00,NSE:BOSCHLTD,15139.75,15144.0,15135.0,15135.0,219.0
2021-08-02 12:45:00,NSE:BOSCHLTD,15135.0,15135.0,15052.0,15052.0,2072.0
2021-08-02 12:50:00,NSE:BOSCHLTD,15060.0,15060.05,15050.0,15051.6,154.0
2021-08-02 12:55:00,NSE:BOSCHLTD,15051.6,15082.5,15036.05,15071.5,1732.0
2021-08-02 13:00:00,NSE:BOSCHLTD,15069.0,15086.5,15044.6,15057.95,727.0
2021-08-02 13:05:00,NSE:BOSCHLTD,15053.1,15072.85,15051.1,15059.9,281.0
2021-08-02 13:10:00,NSE:BOSCHLTD,15059.9,15059.9,15018.8,15018.8,356.0
2021-08-02 13:15:00,NSE:BOSCHLTD,15020.15,15033.3,15017.4,15023.85,452.0
2021-08-02 13:20:00,NSE:BOSCHLTD,15026.35,15033.95,15025.0,15025.7,477.0
2021-08-02 13:25:00,NSE:BOSCHLTD,15028.55,15044.9,15025.4,15029.95,217.0
2021-08-02 13:30:00,NSE:BOSCHLTD,15029.8,15044.35,15005.2,15010.8,552.0
2021-08-02 13:35:00,NSE:BOSCHLTD,15009.0,15024.25,15005.1,15012.0,337.0
2021-08-02 13:40:00,NSE:BOSCHLTD,15012.0,15034.45,15006.0,15032.85,90.0
2021-08-02 13:45:00,NSE:BOSCHLTD,15034.75,15034.75,15032.0,15034.55,168.0
2021-08-02 13:50:00,NSE:BOSCHLTD,15034.85,15044.9,15027.75,15030.0,178.0
2021-08-02 13:55:00,NSE:BOSCHLTD,15030.4,15043.3,15014.35,15025.4,640.0
2021-08-02 14:00:00,NSE:BOSCHLTD,15020.65,15025.25,15007.0,15019.55,417.0
2021-08-02 14:05:00,NSE:BOSCHLTD,15016.95,15030.4,15010.05,15018.25,675.0
2021-08-02 14:10:00,NSE:BOSCHLTD,15016.1,15040.0,15016.1,15028.55,185.0
2021-08-02 14:15:00,NSE:BOSCHLTD,15025.0,15086.65,15025.0,15058.0,525.0
2021-08-02 14:20:00,NSE:BOSCHLTD,15058.0,15131.9,15058.0,15089.55,1115.0
2021-08-02 14:25:00,NSE:BOSCHLTD,15112.05,15199.4,15096.8,15184.5,2667.0
2021-08-02 14:30:00,NSE:BOSCHLTD,15214.5,15290.0,15213.8,15276.0,2551.0
2021-08-02 14:35:00,NSE:BOSCHLTD,15275.1,15300.0,15249.65,15285.5,3696.0
2021-08-02 14:40:00,NSE:BOSCHLTD,15289.5,15347.0,15264.05,15270.65,2568.0
2021-08-02 14:45:00,NSE:BOSCHLTD,15270.0,15270.65,15242.15,15250.0,617.0
2021-08-02 14:50:00,NSE:BOSCHLTD,15250.0,15270.0,15242.05,15270.0,501.0
2021-08-02 14:55:00,NSE:BOSCHLTD,15282.4,15329.3,15280.0,15317.75,1824.0
2021-08-02 15:00:00,NSE:BOSCHLTD,15317.75,15324.0,15275.3,15319.5,1449.0
2021-08-02 15:05:00,NSE:BOSCHLTD,15318.25,15333.0,15303.7,15307.2,765.0
2021-08-02 15:10:00,NSE:BOSCHLTD,15313.0,15314.15,15275.05,15291.1,1204.0
2021-08-02 15:15:00,NSE:BOSCHLTD,15298.5,15310.0,15286.8,15292.0,645.0
2021-08-02 15:20:00,NSE:BOSCHLTD,15300.0,15300.0,15275.05,15291.35,822.0
2021-08-02 15:25:00,NSE:BOSCHLTD,15298.7,15305.2,15255.1,15270.0,1592.0
2021-08-02 15:40:00,NSE:BOSCHLTD,15300.1,15300.1,15300.1,15300.1,1.0
2021-08-03 09:05:00,NSE:BOSCHLTD,15300.1,15300.1,15300.1,15300.1,63.0
2021-08-03 09:15:00,NSE:BOSCHLTD,15300.0,15380.5,15280.3,15305.05,1541.0
2021-08-03 09:20:00,NSE:BOSCHLTD,15305.0,15310.0,15276.3,15282.05,761.0
2021-08-03 09:25:00,NSE:BOSCHLTD,15293.0,15300.0,15280.0,15300.0,267.0
2021-08-03 09:30:00,NSE:BOSCHLTD,15292.0,15302.4,15276.0,15288.0,421.0
2021-08-03 09:35:00,NSE:BOSCHLTD,15288.0,15322.3,15284.4,15294.6,309.0
2021-08-03 09:40:00,NSE:BOSCHLTD,15300.0,15326.0,15297.05,15326.0,418.0
2021-08-03 09:45:00,NSE:BOSCHLTD,15320.0,15325.0,15294.6,15305.0,995.0
2021-08-03 09:50:00,NSE:BOSCHLTD,15307.5,15308.0,15270.45,15281.95,359.0
2021-08-03 09:55:00,NSE:BOSCHLTD,15270.2,15288.55,15222.35,15222.35,2095.0
2021-08-03 10:00:00,NSE:BOSCHLTD,15230.0,15243.4,15221.05,15229.35,188.0
2021-08-03 10:05:00,NSE:BOSCHLTD,15237.05,15250.0,15237.05,15248.9,101.0
2021-08-03 10:10:00,NSE:BOSCHLTD,15240.05,15250.0,15235.75,15246.5,405.0
2021-08-03 10:15:00,NSE:BOSCHLTD,15246.5,15262.1,15235.0,15245.4,444.0
2021-08-03 10:20:00,NSE:BOSCHLTD,15251.65,15262.75,15230.0,15246.0,1099.0
2021-08-03 10:25:00,NSE:BOSCHLTD,15235.0,15239.55,15212.0,15212.0,256.0
2021-08-03 10:30:00,NSE:BOSCHLTD,15212.0,15219.0,15200.0,15210.0,164.0
2021-08-03 10:35:00,NSE:BOSCHLTD,15212.0,15232.35,15212.0,15232.35,209.0
2021-08-03 10:40:00,NSE:BOSCHLTD,15229.1,15240.0,15220.0,15240.0,53.0
2021-08-03 10:45:00,NSE:BOSCHLTD,15244.5,15250.0,15225.1,15235.35,77.0
2021-08-03 10:50:00,NSE:BOSCHLTD,15225.05,15234.7,15225.0,15225.0,97.0
2021-08-03 10:55:00,NSE:BOSCHLTD,15228.0,15238.3,15226.0,15238.3,88.0
2021-08-03 11:00:00,NSE:BOSCHLTD,15231.05,15231.2,15216.45,15228.0,73.0
2021-08-03 11:05:00,NSE:BOSCHLTD,15228.0,15231.25,15215.4,15225.0,126.0
2021-08-03 11:10:00,NSE:BOSCHLTD,15220.0,15236.05,15210.05,15236.05,135.0
2021-08-03 11:15:00,NSE:BOSCHLTD,15224.2,15233.0,15210.05,15210.05,90.0
2021-08-03 11:20:00,NSE:BOSCHLTD,15210.05,15239.4,15210.05,15218.0,76.0
2021-08-03 11:25:00,NSE:BOSCHLTD,15218.0,15239.35,15210.05,15232.55,74.0
2021-08-03 11:30:00,NSE:BOSCHLTD,15232.55,15244.5,15228.0,15228.0,34.0
2021-08-03 11:35:00,NSE:BOSCHLTD,15229.65,15239.9,15220.05,15224.7,88.0
2021-08-03 11:40:00,NSE:BOSCHLTD,15224.7,15240.0,15211.0,15211.05,106.0
2021-08-03 11:45:00,NSE:BOSCHLTD,15219.15,15220.0,15210.05,15220.0,79.0
2021-08-03 11:50:00,NSE:BOSCHLTD,15222.65,15226.5,15211.0,15211.2,84.0
2021-08-03 11:55:00,NSE:BOSCHLTD,15220.0,15220.45,15210.0,15210.0,90.0
2021-08-03 12:00:00,NSE:BOSCHLTD,15216.0,15220.0,15208.0,15216.0,45.0
2021-08-03 12:05:00,NSE:BOSCHLTD,15216.0,15238.3,15210.05,15235.0,168.0
2021-08-03 12:10:00,NSE:BOSCHLTD,15240.25,15257.0,15184.0,15184.2,2970.0
2021-08-03 12:15:00,NSE:BOSCHLTD,15196.45,15247.15,15186.0,15230.75,1119.0
2021-08-03 12:20:00,NSE:BOSCHLTD,15241.2,15250.7,15225.7,15249.0,594.0
2021-08-03 12:25:00,NSE:BOSCHLTD,15249.0,15250.0,15225.0,15228.0,601.0
2021-08-03 12:30:00,NSE:BOSCHLTD,15227.4,15235.5,15187.6,15207.1,608.0
2021-08-03 12:35:00,NSE:BOSCHLTD,15200.05,15232.3,15200.05,15231.45,468.0
2021-08-03 12:40:00,NSE:BOSCHLTD,15231.5,15250.0,15220.7,15246.0,702.0
2021-08-03 12:45:00,NSE:BOSCHLTD,15234.05,15246.0,15225.0,15240.0,74.0
2021-08-03 12:50:00,NSE:BOSCHLTD,15225.25,15248.4,15225.25,15236.0,69.0
2021-08-03 12:55:00,NSE:BOSCHLTD,15236.0,15247.4,15236.0,15236.85,83.0
2021-08-03 13:00:00,NSE:BOSCHLTD,15239.95,15241.75,15225.0,15230.0,62.0
2021-08-03 13:05:00,NSE:BOSCHLTD,15226.25,15230.0,15215.0,15217.5,41.0
2021-08-03 13:10:00,NSE:BOSCHLTD,15217.5,15226.05,15211.3,15226.05,61.0
2021-08-03 13:15:00,NSE:BOSCHLTD,15220.4,15239.9,15220.4,15225.45,106.0
2021-08-03 13:20:00,NSE:BOSCHLTD,15236.8,15240.0,15220.45,15220.95,324.0
2021-08-03 13:25:00,NSE:BOSCHLTD,15233.15,15233.15,15222.25,15232.0,120.0
2021-08-03 13:30:00,NSE:BOSCHLTD,15232.0,15250.0,15227.1,15227.15,134.0
2021-08-03 13:35:00,NSE:BOSCHLTD,15227.15,15243.6,15227.1,15236.95,178.0
2021-08-03 13:40:00,NSE:BOSCHLTD,15237.0,15240.3,15231.4,15238.5,104.0
2021-08-03 13:45:00,NSE:BOSCHLTD,15237.0,15238.5,15227.1,15227.1,319.0
2021-08-03 13:50:00,NSE:BOSCHLTD,15227.1,15243.8,15227.1,15235.6,95.0
2021-08-03 13:55:00,NSE:BOSCHLTD,15235.6,15250.0,15220.05,15227.5,1782.0
2021-08-03 14:00:00,NSE:BOSCHLTD,15234.0,15250.0,15227.05,15240.0,214.0
2021-08-03 14:05:00,NSE:BOSCHLTD,15235.6,15249.9,15231.35,15243.0,137.0
2021-08-03 14:10:00,NSE:BOSCHLTD,15245.75,15253.05,15231.0,15248.85,307.0
2021-08-03 14:15:00,NSE:BOSCHLTD,15249.95,15255.05,15237.7,15249.95,843.0
2021-08-03 14:20:00,NSE:BOSCHLTD,15249.9,15250.2,15227.35,15239.0,1301.0
2021-08-03 14:25:00,NSE:BOSCHLTD,15250.0,15250.0,15240.0,15241.3,120.0
2021-08-03 14:30:00,NSE:BOSCHLTD,15250.0,15253.25,15234.0,15250.0,1659.0
2021-08-03 14:35:00,NSE:BOSCHLTD,15250.0,15250.0,15243.3,15243.4,263.0
2021-08-03 14:40:00,NSE:BOSCHLTD,15249.0,15250.0,15239.0,15250.0,448.0
2021-08-03 14:45:00,NSE:BOSCHLTD,15247.65,15250.0,15220.5,15239.0,442.0
2021-08-03 14:50:00,NSE:BOSCHLTD,15235.95,15235.95,15216.9,15228.8,523.0
2021-08-03 14:55:00,NSE:BOSCHLTD,15225.0,15225.0,15190.0,15193.6,753.0
2021-08-03 15:00:00,NSE:BOSCHLTD,15199.95,15224.0,15195.05,15222.0,677.0
2021-08-03 15:05:00,NSE:BOSCHLTD,15222.0,15228.65,15210.0,15226.2,902.0
2021-08-03 15:10:00,NSE:BOSCHLTD,15220.1,15250.0,15216.8,15246.5,870.0
2021-08-03 15:15:00,NSE:BOSCHLTD,15246.05,15258.75,15237.35,15245.0,1224.0
2021-08-03 15:20:00,NSE:BOSCHLTD,15245.0,15252.7,15237.55,15242.0,1733.0
2021-08-03 15:25:00,NSE:BOSCHLTD,15247.1,15250.0,15240.0,15249.9,1468.0
2021-08-03 15:30:00,NSE:BOSCHLTD,15249.9,15249.9,15249.9,15249.9,10.0
2021-08-03 15:40:00,NSE:BOSCHLTD,15238.75,15238.75,15238.75,15238.75,2.0
2021-08-04 09:05:00,NSE:BOSCHLTD,15350.0,15350.0,15350.0,15350.0,96.0
2021-08-04 09:15:00,NSE:BOSCHLTD,15300.0,15360.0,15299.05,15330.0,3497.0
2021-08-04 09:20:00,NSE:BOSCHLTD,15309.05,15430.0,15309.05,15397.5,5345.0
2021-08-04 09:25:00,NSE:BOSCHLTD,15399.8,15414.0,15373.6,15406.15,2238.0
2021-08-04 09:30:00,NSE:BOSCHLTD,15391.4,15419.9,15388.5,15403.9,1207.0
2021-08-04 09:35:00,NSE:BOSCHLTD,15400.05,15434.95,15392.3,15411.0,1378.0
2021-08-04 09:40:00,NSE:BOSCHLTD,15440.0,15465.95,15390.0,15420.0,3114.0
2021-08-04 09:45:00,NSE:BOSCHLTD,15428.7,15546.95,15410.6,15525.0,2774.0
2021-08-04 09:50:00,NSE:BOSCHLTD,15508.0,15600.0,15493.4,15496.45,4126.0
2021-08-04 09:55:00,NSE:BOSCHLTD,15484.5,15530.0,15460.05,15499.0,1589.0
2021-08-04 10:00:00,NSE:BOSCHLTD,15490.6,15520.35,15451.8,15520.35,1622.0
2021-08-04 10:05:00,NSE:BOSCHLTD,15504.0,15513.0,15490.0,15504.0,814.0
2021-08-04 10:10:00,NSE:BOSCHLTD,15503.95,15504.05,15453.6,15470.0,791.0
2021-08-04 10:15:00,NSE:BOSCHLTD,15466.5,15503.2,15436.55,15438.05,2127.0
2021-08-04 10:20:00,NSE:BOSCHLTD,15438.05,15449.25,15402.0,15424.0,925.0
2021-08-04 10:25:00,NSE:BOSCHLTD,15424.0,15438.95,15400.05,15402.0,428.0
2021-08-04 10:30:00,NSE:BOSCHLTD,15402.05,15412.4,15384.4,15384.4,536.0
2021-08-04 10:35:00,NSE:BOSCHLTD,15384.4,15394.4,15342.95,15390.0,1143.0
2021-08-04 10:40:00,NSE:BOSCHLTD,15390.0,15402.85,15365.0,15402.85,532.0
2021-08-04 10:45:00,NSE:BOSCHLTD,15410.0,15418.55,15370.0,15391.5,776.0
2021-08-04 10:50:00,NSE:BOSCHLTD,15408.05,15409.2,15320.0,15330.0,617.0
2021-08-04 10:55:00,NSE:BOSCHLTD,15330.6,15369.0,15320.0,15369.0,576.0
2021-08-04 11:00:00,NSE:BOSCHLTD,15369.0,15385.0,15351.0,15376.5,761.0
2021-08-04 11:05:00,NSE:BOSCHLTD,15378.0,15378.0,15360.0,15360.0,232.0
2021-08-04 11:10:00,NSE:BOSCHLTD,15364.3,15364.3,15320.0,15340.6,418.0
2021-08-04 11:15:00,NSE:BOSCHLTD,15353.75,15367.5,15321.0,15338.0,519.0
2021-08-04 11:20:00,NSE:BOSCHLTD,15338.05,15349.45,15330.05,15347.95,519.0
2021-08-04 11:25:00,NSE:BOSCHLTD,15348.0,15360.8,15325.0,15325.0,457.0
2021-08-04 11:30:00,NSE:BOSCHLTD,15340.5,15341.15,15321.0,15331.3,253.0
2021-08-04 11:35:00,NSE:BOSCHLTD,15331.25,15331.3,15250.0,15279.0,1974.0
2021-08-04 11:40:00,NSE:BOSCHLTD,15290.9,15301.15,15270.0,15270.05,567.0
2021-08-04 11:45:00,NSE:BOSCHLTD,15280.0,15296.85,15238.8,15282.0,825.0
2021-08-04 11:50:00,NSE:BOSCHLTD,15286.15,15286.15,15267.95,15280.0,247.0
2021-08-04 11:55:00,NSE:BOSCHLTD,15280.0,15280.35,15250.0,15266.05,354.0
2021-08-04 12:00:00,NSE:BOSCHLTD,15271.5,15298.25,15256.85,15289.5,261.0
2021-08-04 12:05:00,NSE:BOSCHLTD,15283.5,15310.0,15283.5,15309.0,490.0
2021-08-04 12:10:00,NSE:BOSCHLTD,15310.0,15346.5,15293.35,15339.15,587.0
2021-08-04 12:15:00,NSE:BOSCHLTD,15339.0,15349.5,15330.05,15344.3,276.0
2021-08-04 12:20:00,NSE:BOSCHLTD,15349.5,15349.5,15330.05,15331.7,227.0
2021-08-04 12:25:00,NSE:BOSCHLTD,15346.0,15360.0,15330.4,15336.0,340.0
2021-08-04 12:30:00,NSE:BOSCHLTD,15340.75,15355.8,15330.05,15340.0,318.0
2021-08-04 12:35:00,NSE:BOSCHLTD,15344.75,15381.9,15330.55,15363.0,313.0
2021-08-04 12:40:00,NSE:BOSCHLTD,15380.7,15386.95,15355.6,15374.7,328.0
2021-08-04 12:45:00,NSE:BOSCHLTD,15383.8,15396.85,15370.65,15390.0,668.0
2021-08-04 12:50:00,NSE:BOSCHLTD,15390.4,15395.25,15370.7,15384.85,427.0
2021-08-04 12:55:00,NSE:BOSCHLTD,15387.0,15393.95,15328.5,15330.15,430.0
2021-08-04 13:00:00,NSE:BOSCHLTD,15331.0,15331.0,15230.0,15231.0,1229.0
2021-08-04 13:05:00,NSE:BOSCHLTD,15240.8,15250.0,15149.8,15216.0,2091.0
2021-08-04 13:10:00,NSE:BOSCHLTD,15216.0,15220.55,15143.2,15161.9,894.0
2021-08-04 13:15:00,NSE:BOSCHLTD,15153.0,15250.0,15150.0,15250.0,1265.0
2021-08-04 13:20:00,NSE:BOSCHLTD,15273.55,15347.95,15244.8,15285.05,1135.0
2021-08-04 13:25:00,NSE:BOSCHLTD,15288.0,15298.5,15243.6,15285.0,961.0
2021-08-04 13:30:00,NSE:BOSCHLTD,15287.95,15290.0,15233.8,15233.8,377.0
2021-08-04 13:35:00,NSE:BOSCHLTD,15248.85,15251.75,15212.45,15239.2,910.0
2021-08-04 13:40:00,NSE:BOSCHLTD,15250.0,15250.0,15216.0,15216.0,441.0
2021-08-04 13:45:00,NSE:BOSCHLTD,15229.5,15229.5,15173.0,15186.0,532.0
2021-08-04 13:50:00,NSE:BOSCHLTD,15196.5,15251.85,15178.5,15203.1,616.0
2021-08-04 13:55:00,NSE:BOSCHLTD,15209.8,15236.8,15180.7,15225.0,676.0
2021-08-04 14:00:00,NSE:BOSCHLTD,15227.5,15241.45,15205.5,15213.2,649.0
2021-08-04 14:05:00,NSE:BOSCHLTD,15224.9,15229.5,15180.3,15194.95,783.0
2021-08-04 14:10:00,NSE:BOSCHLTD,15201.6,15215.0,15179.0,15201.5,613.0
2021-08-04 14:15:00,NSE:BOSCHLTD,15211.55,15267.2,15200.0,15220.75,1095.0
2021-08-04 14:20:00,NSE:BOSCHLTD,15226.5,15243.05,15200.0,15200.5,556.0
2021-08-04 14:25:00,NSE:BOSCHLTD,15209.9,15241.45,15188.0,15210.05,701.0
2021-08-04 14:30:00,NSE:BOSCHLTD,15220.9,15240.3,15211.0,15233.3,562.0
2021-08-04 14:35:00,NSE:BOSCHLTD,15233.85,15270.0,15222.05,15252.25,831.0
2021-08-04 14:40:00,NSE:BOSCHLTD,15265.2,15270.0,15220.0,15233.95,581.0
2021-08-04 14:45:00,NSE:BOSCHLTD,15239.75,15254.1,15213.9,15213.9,880.0
2021-08-04 14:50:00,NSE:BOSCHLTD,15226.5,15233.0,15182.65,15200.0,835.0
2021-08-04 14:55:00,NSE:BOSCHLTD,15200.0,15768.65,15193.0,15646.5,42643.0
2021-08-04 15:00:00,NSE:BOSCHLTD,15612.45,15788.0,15412.9,15450.0,41083.0
2021-08-04 15:05:00,NSE:BOSCHLTD,15442.55,15578.9,15433.1,15445.35,14585.0
2021-08-04 15:10:00,NSE:BOSCHLTD,15435.55,15435.55,15270.0,15353.0,12685.0
2021-08-04 15:15:00,NSE:BOSCHLTD,15351.0,15359.0,15121.0,15121.0,11467.0
2021-08-04 15:20:00,NSE:BOSCHLTD,15127.65,15166.45,15075.0,15075.0,7182.0
2021-08-04 15:25:00,NSE:BOSCHLTD,15080.2,15100.0,15042.75,15080.5,4418.0
2021-08-04 15:30:00,NSE:BOSCHLTD,15099.9,15099.9,15099.9,15099.9,13.0
2021-08-04 15:40:00,NSE:BOSCHLTD,15455.9,15455.9,15455.9,15455.9,20.0
2021-08-05 09:05:00,NSE:BOSCHLTD,15240.0,15240.0,15240.0,15240.0,256.0
2021-08-05 09:15:00,NSE:BOSCHLTD,15188.85,15188.85,14900.05,14940.0,10025.0
2021-08-05 09:20:00,NSE:BOSCHLTD,14940.65,14996.9,14818.55,14964.1,9525.0
2021-08-05 09:25:00,NSE:BOSCHLTD,14950.5,14968.5,14825.0,14855.7,7385.0
2021-08-05 09:30:00,NSE:BOSCHLTD,14865.0,14900.0,14742.0,14752.1,7700.0
2021-08-05 09:35:00,NSE:BOSCHLTD,14750.0,14826.95,14682.0,14683.55,6532.0
2021-08-05 09:40:00,NSE:BOSCHLTD,14674.45,14751.65,14674.15,14739.05,4090.0
2021-08-05 09:45:00,NSE:BOSCHLTD,14758.25,14832.55,14734.05,14736.05,5287.0
2021-08-05 09:50:00,NSE:BOSCHLTD,14725.6,14764.4,14711.45,14764.4,2064.0
2021-08-05 09:55:00,NSE:BOSCHLTD,14764.45,14799.95,14727.9,14751.05,2743.0
2021-08-05 10:00:00,NSE:BOSCHLTD,14767.5,14780.0,14690.0,14725.0,3312.0
2021-08-05 10:05:00,NSE:BOSCHLTD,14721.0,14772.0,14720.0,14748.6,904.0
2021-08-05 10:10:00,NSE:BOSCHLTD,14749.5,14784.0,14740.0,14784.0,1222.0
2021-08-05 10:15:00,NSE:BOSCHLTD,14784.0,14790.0,14750.05,14762.25,1359.0
2021-08-05 10:20:00,NSE:BOSCHLTD,14767.0,14799.0,14765.0,14783.8,1117.0
2021-08-05 10:25:00,NSE:BOSCHLTD,14783.8,14784.0,14750.0,14768.2,1594.0
2021-08-05 10:30:00,NSE:BOSCHLTD,14768.15,14780.95,14750.0,14767.5,1374.0
2021-08-05 10:35:00,NSE:BOSCHLTD,14766.3,14799.0,14760.0,14781.15,968.0
2021-08-05 10:40:00,NSE:BOSCHLTD,14787.25,14787.25,14756.0,14783.6,810.0
2021-08-05 10:45:00,NSE:BOSCHLTD,14780.0,14785.0,14760.0,14775.6,538.0
2021-08-05 10:50:00,NSE:BOSCHLTD,14775.0,14785.0,14755.2,14780.0,574.0
2021-08-05 10:55:00,NSE:BOSCHLTD,14780.0,14780.0,14750.2,14776.95,1530.0
2021-08-05 11:00:00,NSE:BOSCHLTD,14780.0,14820.0,14770.25,14820.0,1367.0
2021-08-05 11:05:00,NSE:BOSCHLTD,14817.0,14820.0,14799.0,14811.1,913.0
2021-08-05 11:10:00,NSE:BOSCHLTD,14811.1,14818.55,14798.0,14809.95,423.0
2021-08-05 11:15:00,NSE:BOSCHLTD,14809.0,14814.0,14799.0,14809.95,700.0
2021-08-05 11:20:00,NSE:BOSCHLTD,14801.05,14813.3,14800.0,14813.3,537.0
2021-08-05 11:25:00,NSE:BOSCHLTD,14808.0,14830.0,14808.0,14819.95,850.0
2021-08-05 11:30:00,NSE:BOSCHLTD,14820.0,14828.0,14803.1,14819.0,4230.0
2021-08-05 11:35:00,NSE:BOSCHLTD,14819.0,14834.95,14811.85,14833.55,1288.0
2021-08-05 11:40:00,NSE:BOSCHLTD,14828.05,14848.7,14820.0,14823.5,1232.0
2021-08-05 11:45:00,NSE:BOSCHLTD,14823.6,14845.0,14820.0,14842.0,923.0
2021-08-05 11:50:00,NSE:BOSCHLTD,14839.65,14843.85,14827.0,14836.6,553.0
2021-08-05 11:55:00,NSE:BOSCHLTD,14835.0,14835.0,14822.05,14829.95,291.0
2021-08-05 12:00:00,NSE:BOSCHLTD,14811.0,14825.0,14764.7,14784.75,2150.0
2021-08-05 12:05:00,NSE:BOSCHLTD,14778.95,14819.9,14770.25,14808.95,1364.0
2021-08-05 12:10:00,NSE:BOSCHLTD,14812.95,14882.55,14808.45,14869.35,2208.0
2021-08-05 12:15:00,NSE:BOSCHLTD,14856.35,14870.95,14836.0,14836.95,1580.0
2021-08-05 12:20:00,NSE:BOSCHLTD,14837.0,14850.0,14821.05,14822.55,553.0
2021-08-05 12:25:00,NSE:BOSCHLTD,14822.1,14840.3,14822.1,14830.0,553.0
2021-08-05 12:30:00,NSE:BOSCHLTD,14825.25,14827.5,14794.95,14825.0,624.0
2021-08-05 12:35:00,NSE:BOSCHLTD,14819.05,14824.45,14808.0,14819.0,176.0
2021-08-05 12:40:00,NSE:BOSCHLTD,14812.0,14835.0,14787.8,14811.9,790.0
2021-08-05 12:45:00,NSE:BOSCHLTD,14802.05,14815.0,14791.3,14799.75,338.0
2021-08-05 12:50:00,NSE:BOSCHLTD,14807.9,14834.85,14800.0,14821.55,628.0
2021-08-05 12:55:00,NSE:BOSCHLTD,14821.55,14833.75,14818.25,14823.0,322.0
2021-08-05 13:00:00,NSE:BOSCHLTD,14820.0,14856.0,14810.25,14855.5,1022.0
2021-08-05 13:05:00,NSE:BOSCHLTD,14851.5,14874.8,14850.0,14860.0,1095.0
2021-08-05 13:10:00,NSE:BOSCHLTD,14860.0,14869.35,14845.6,14865.0,605.0
2021-08-05 13:15:00,NSE:BOSCHLTD,14860.0,14868.0,14850.1,14855.0,371.0
2021-08-05 13:20:00,NSE:BOSCHLTD,14855.0,14870.0,14850.0,14856.25,1112.0
2021-08-05 13:25:00,NSE:BOSCHLTD,14856.3,14869.2,14850.0,14851.9,472.0
2021-08-05 13:30:00,NSE:BOSCHLTD,14862.8,14920.0,14850.0,14900.0,4172.0
2021-08-05 13:35:00,NSE:BOSCHLTD,14900.05,14900.05,14882.75,14888.5,1779.0
2021-08-05 13:40:00,NSE:BOSCHLTD,14892.75,14935.0,14888.15,14930.0,1974.0
2021-08-05 13:45:00,NSE:BOSCHLTD,14931.0,14934.55,14891.8,14896.0,881.0
2021-08-05 13:50:00,NSE:BOSCHLTD,14893.85,14917.0,14891.8,14910.1,326.0
2021-08-05 13:55:00,NSE:BOSCHLTD,14910.1,14922.95,14893.2,14898.0,1175.0
2021-08-05 14:00:00,NSE:BOSCHLTD,14895.05,14911.65,14889.95,14892.1,461.0
2021-08-05 14:05:00,NSE:BOSCHLTD,14893.2,14915.0,14889.2,14906.3,656.0
2021-08-05 14:10:00,NSE:BOSCHLTD,14904.0,14927.3,14899.95,14925.0,570.0
2021-08-05 14:15:00,NSE:BOSCHLTD,14925.0,14929.95,14900.0,14917.5,749.0
2021-08-05 14:20:00,NSE:BOSCHLTD,14917.5,14924.9,14870.15,14890.0,662.0
2021-08-05 14:25:00,NSE:BOSCHLTD,14886.45,14914.5,14884.2,14910.0,546.0
2021-08-05 14:30:00,NSE:BOSCHLTD,14904.65,14915.25,14900.0,14901.0,667.0
2021-08-05 14:35:00,NSE:BOSCHLTD,14910.0,14920.0,14902.5,14910.0,1057.0
2021-08-05 14:40:00,NSE:BOSCHLTD,14915.0,14916.25,14900.0,14901.05,575.0
2021-08-05 14:45:00,NSE:BOSCHLTD,14909.0,14913.55,14870.25,14870.25,759.0
2021-08-05 14:50:00,NSE:BOSCHLTD,14870.3,14889.85,14870.3,14875.05,381.0
2021-08-05 14:55:00,NSE:BOSCHLTD,14885.35,14919.3,14884.45,14892.05,873.0
2021-08-05 15:00:00,NSE:BOSCHLTD,14899.95,14920.0,14892.0,14915.1,1527.0
2021-08-05 15:05:00,NSE:BOSCHLTD,14915.1,14930.0,14905.0,14916.0,1389.0
2021-08-05 15:10:00,NSE:BOSCHLTD,14916.0,14916.0,14850.65,14860.0,2920.0
2021-08-05 15:15:00,NSE:BOSCHLTD,14860.0,14875.95,14848.05,14852.0,1713.0
2021-08-05 15:20:00,NSE:BOSCHLTD,14852.0,14880.0,14824.5,14880.0,2730.0
2021-08-05 15:25:00,NSE:BOSCHLTD,14865.05,14879.55,14849.85,14865.0,1037.0
2021-08-05 15:40:00,NSE:BOSCHLTD,14876.8,14876.8,14865.0,14865.0,2.0
2021-08-06 09:05:00,NSE:BOSCHLTD,14876.0,14876.0,14876.0,14876.0,83.0
2021-08-06 09:15:00,NSE:BOSCHLTD,14898.0,14977.85,14865.0,14934.9,2076.0
2021-08-06 09:20:00,NSE:BOSCHLTD,14934.95,14950.0,14890.0,14900.0,886.0
2021-08-06 09:25:00,NSE:BOSCHLTD,14900.0,14926.5,14841.9,14900.0,1128.0
2021-08-06 09:30:00,NSE:BOSCHLTD,14904.0,14965.0,14893.5,14947.95,1091.0
2021-08-06 09:35:00,NSE:BOSCHLTD,14950.0,14960.9,14910.0,14933.15,668.0
2021-08-06 09:40:00,NSE:BOSCHLTD,14927.0,14932.45,14887.5,14912.85,495.0
2021-08-06 09:45:00,NSE:BOSCHLTD,14912.8,14930.0,14909.9,14922.05,330.0
2021-08-06 09:50:00,NSE:BOSCHLTD,14922.0,14930.0,14901.95,14905.05,246.0
2021-08-06 09:55:00,NSE:BOSCHLTD,14905.05,14922.8,14900.0,14900.1,159.0
2021-08-06 10:00:00,NSE:BOSCHLTD,14900.05,15035.0,14900.05,15010.0,3200.0
2021-08-06 10:05:00,NSE:BOSCHLTD,15019.9,15019.9,14981.85,14990.0,954.0
2021-08-06 10:10:00,NSE:BOSCHLTD,14980.55,14996.75,14965.0,14980.55,919.0
2021-08-06 10:15:00,NSE:BOSCHLTD,14990.0,14993.0,14971.0,14990.0,524.0
2021-08-06 10:20:00,NSE:BOSCHLTD,14989.95,14990.0,14964.95,14965.2,734.0
2021-08-06 10:25:00,NSE:BOSCHLTD,14964.95,14974.35,14920.6,14923.45,813.0
2021-08-06 10:30:00,NSE:BOSCHLTD,14925.0,14955.0,14901.05,14920.9,505.0
2021-08-06 10:35:00,NSE:BOSCHLTD,14908.95,14914.5,14877.1,14881.3,706.0
2021-08-06 10:40:00,NSE:BOSCHLTD,14878.5,14938.45,14878.5,14926.5,859.0
2021-08-06 10:45:00,NSE:BOSCHLTD,14920.0,14925.0,14896.6,14913.0,1172.0
2021-08-06 10:50:00,NSE:BOSCHLTD,14912.95,14917.15,14888.2,14900.0,275.0
2021-08-06 10:55:00,NSE:BOSCHLTD,14892.5,14913.0,14892.15,14913.0,321.0
2021-08-06 11:00:00,NSE:BOSCHLTD,14911.55,14954.0,14911.5,14949.0,617.0
2021-08-06 11:05:00,NSE:BOSCHLTD,14949.0,14949.0,14926.45,14938.45,233.0
2021-08-06 11:10:00,NSE:BOSCHLTD,14941.0,14950.0,14928.9,14944.45,3314.0
2021-08-06 11:15:00,NSE:BOSCHLTD,14935.0,14955.0,14935.0,14942.25,237.0
2021-08-06 11:20:00,NSE:BOSCHLTD,14942.3,14952.45,14937.85,14948.95,142.0
2021-08-06 11:25:00,NSE:BOSCHLTD,14941.4,14949.15,14904.0,14927.75,433.0
2021-08-06 11:30:00,NSE:BOSCHLTD,14920.55,14937.8,14916.05,14936.6,132.0
2021-08-06 11:35:00,NSE:BOSCHLTD,14920.55,14933.95,14916.05,14919.05,102.0
2021-08-06 11:40:00,NSE:BOSCHLTD,14916.4,14931.1,14912.0,14931.1,268.0
2021-08-06 11:45:00,NSE:BOSCHLTD,14931.05,14939.0,14921.6,14939.0,123.0
2021-08-06 11:50:00,NSE:BOSCHLTD,14938.85,14938.85,14920.0,14930.0,250.0
2021-08-06 11:55:00,NSE:BOSCHLTD,14923.45,14933.2,14910.05,14910.1,247.0
2021-08-06 12:00:00,NSE:BOSCHLTD,14926.45,14944.9,14916.05,14932.45,129.0
2021-08-06 12:05:00,NSE:BOSCHLTD,14923.85,14936.0,14910.3,14923.15,267.0
2021-08-06 12:10:00,NSE:BOSCHLTD,14910.35,14929.8,14910.35,14929.45,103.0
2021-08-06 12:15:00,NSE:BOSCHLTD,14922.0,14930.0,14913.0,14917.65,205.0
2021-08-06 12:20:00,NSE:BOSCHLTD,14917.65,14936.0,14917.65,14929.4,153.0
2021-08-06 12:25:00,NSE:BOSCHLTD,14920.2,14936.9,14920.0,14931.0,155.0
2021-08-06 12:30:00,NSE:BOSCHLTD,14930.95,14932.45,14915.0,14928.5,273.0
2021-08-06 12:35:00,NSE:BOSCHLTD,14916.05,14945.7,14916.05,14945.7,378.0
2021-08-06 12:40:00,NSE:BOSCHLTD,14949.95,14949.95,14927.0,14930.0,121.0
2021-08-06 12:45:00,NSE:BOSCHLTD,14930.0,14938.25,14920.05,14930.0,129.0
2021-08-06 12:50:00,NSE:BOSCHLTD,14920.0,14931.0,14912.0,14920.0,187.0
2021-08-06 12:55:00,NSE:BOSCHLTD,14919.95,14936.85,14911.95,14924.95,211.0
2021-08-06 13:00:00,NSE:BOSCHLTD,14916.05,14937.0,14916.05,14936.0,234.0
2021-08-06 13:05:00,NSE:BOSCHLTD,14935.95,14936.95,14922.65,14932.95,117.0
2021-08-06 13:10:00,NSE:BOSCHLTD,14932.95,14940.0,14927.0,14940.0,252.0
2021-08-06 13:15:00,NSE:BOSCHLTD,14939.75,14946.55,14937.0,14943.0,156.0
2021-08-06 13:20:00,NSE:BOSCHLTD,14942.2,14970.0,14927.3,14960.1,502.0
2021-08-06 13:25:00,NSE:BOSCHLTD,14960.25,14975.0,14943.55,14964.0,348.0
2021-08-06 13:30:00,NSE:BOSCHLTD,14958.3,14964.0,14941.5,14951.35,205.0
2021-08-06 13:35:00,NSE:BOSCHLTD,14942.0,14955.0,14941.5,14953.05,91.0
2021-08-06 13:40:00,NSE:BOSCHLTD,14953.05,14962.0,14945.0,14954.85,190.0
2021-08-06 13:45:00,NSE:BOSCHLTD,14954.85,14964.0,14942.5,14954.95,292.0
2021-08-06 13:50:00,NSE:BOSCHLTD,14946.0,14955.0,14943.9,14953.45,150.0
2021-08-06 13:55:00,NSE:BOSCHLTD,14953.35,14954.0,14942.85,14950.0,94.0
2021-08-06 14:00:00,NSE:BOSCHLTD,14947.75,14952.0,14927.0,14928.0,443.0
2021-08-06 14:05:00,NSE:BOSCHLTD,14928.0,14935.65,14927.0,14934.95,324.0
2021-08-06 14:10:00,NSE:BOSCHLTD,14927.1,14935.0,14920.0,14920.0,382.0
2021-08-06 14:15:00,NSE:BOSCHLTD,14920.0,14928.95,14920.0,14923.0,245.0
2021-08-06 14:20:00,NSE:BOSCHLTD,14922.9,14928.95,14895.45,14905.0,546.0
2021-08-06 14:25:00,NSE:BOSCHLTD,14904.95,14929.0,14891.05,14929.0,597.0
2021-08-06 14:30:00,NSE:BOSCHLTD,14914.75,14950.0,14914.75,14950.0,707.0
2021-08-06 14:35:00,NSE:BOSCHLTD,14941.0,14950.0,14914.6,14926.45,352.0
2021-08-06 14:40:00,NSE:BOSCHLTD,14915.4,14934.05,14900.15,14902.95,390.0
2021-08-06 14:45:00,NSE:BOSCHLTD,14902.0,14915.0,14900.0,14900.0,274.0
2021-08-06 14:50:00,NSE:BOSCHLTD,14900.05,14911.45,14891.0,14891.0,342.0
2021-08-06 14:55:00,NSE:BOSCHLTD,14892.0,14900.0,14883.9,14899.45,475.0
2021-08-06 15:00:00,NSE:BOSCHLTD,14894.0,14942.0,14894.0,14935.0,1121.0
2021-08-06 15:05:00,NSE:BOSCHLTD,14940.0,14940.0,14890.5,14924.65,853.0
2021-08-06 15:10:00,NSE:BOSCHLTD,14919.55,14919.55,14875.05,14908.45,579.0
2021-08-06 15:15:00,NSE:BOSCHLTD,14899.55,14900.8,14868.0,14881.0,1009.0
2021-08-06 15:20:00,NSE:BOSCHLTD,14880.0,14890.1,14873.65,14886.05,939.0
2021-08-06 15:25:00,NSE:BOSCHLTD,14886.4,14900.0,14880.2,14881.1,882.0
2021-08-06 15:30:00,NSE:BOSCHLTD,14900.0,14900.0,14900.0,14900.0,1.0
2021-08-06 15:50:00,NSE:BOSCHLTD,14901.3,14901.3,14901.3,14901.3,1.0
2021-08-09 09:05:00,NSE:BOSCHLTD,14875.0,14875.0,14875.0,14875.0,27.0
2021-08-09 09:15:00,NSE:BOSCHLTD,14875.0,14965.3,14866.0,14965.3,462.0
2021-08-09 09:20:00,NSE:BOSCHLTD,14950.0,14974.0,14915.65,14916.5,524.0
2021-08-09 09:25:00,NSE:BOSCHLTD,14917.5,14945.0,14917.5,14940.0,424.0
2021-08-09 09:30:00,NSE:BOSCHLTD,14940.0,14959.45,14925.0,14951.95,240.0
2021-08-09 09:35:00,NSE:BOSCHLTD,14933.0,14955.0,14928.8,14939.1,105.0
2021-08-09 09:40:00,NSE:BOSCHLTD,14939.0,14948.85,14917.55,14944.35,203.0
2021-08-09 09:45:00,NSE:BOSCHLTD,14934.3,14953.85,14932.55,14949.0,141.0
2021-08-09 09:50:00,NSE:BOSCHLTD,14940.05,14953.0,14925.0,14925.0,81.0
2021-08-09 09:55:00,NSE:BOSCHLTD,14930.25,14940.55,14918.0,14920.4,192.0
2021-08-09 10:00:00,NSE:BOSCHLTD,14917.5,14947.45,14917.5,14929.55,98.0
2021-08-09 10:05:00,NSE:BOSCHLTD,14923.5,14943.6,14917.0,14932.5,230.0
2021-08-09 10:10:00,NSE:BOSCHLTD,14929.0,14929.0,14911.5,14924.15,97.0
2021-08-09 10:15:00,NSE:BOSCHLTD,14922.0,14922.0,14910.0,14910.15,187.0
2021-08-09 10:20:00,NSE:BOSCHLTD,14911.0,14927.4,14911.0,14924.9,123.0
2021-08-09 10:25:00,NSE:BOSCHLTD,14934.25,14960.0,14916.6,14949.5,310.0
2021-08-09 10:30:00,NSE:BOSCHLTD,14949.5,14957.0,14935.65,14955.0,76.0
2021-08-09 10:35:00,NSE:BOSCHLTD,14954.95,14959.5,14945.2,14956.5,49.0
2021-08-09 10:40:00,NSE:BOSCHLTD,14945.8,14960.5,14943.3,14958.2,257.0
2021-08-09 10:45:00,NSE:BOSCHLTD,14965.0,14970.0,14955.0,14956.5,454.0
2021-08-09 10:50:00,NSE:BOSCHLTD,14960.0,14970.0,14956.5,14970.0,44.0
2021-08-09 10:55:00,NSE:BOSCHLTD,14974.9,14999.0,14957.0,14970.0,552.0
2021-08-09 11:00:00,NSE:BOSCHLTD,14961.05,14980.5,14955.3,14962.0,268.0
2021-08-09 11:05:00,NSE:BOSCHLTD,14959.95,14959.95,14945.0,14948.0,117.0
2021-08-09 11:10:00,NSE:BOSCHLTD,14940.0,14956.5,14940.0,14950.0,172.0
2021-08-09 11:15:00,NSE:BOSCHLTD,14938.0,14950.0,14938.0,14950.0,28.0
2021-08-09 11:20:00,NSE:BOSCHLTD,14941.05,14979.0,14941.05,14965.45,892.0
2021-08-09 11:25:00,NSE:BOSCHLTD,14963.6,14963.6,14941.1,14952.7,136.0
2021-08-09 11:30:00,NSE:BOSCHLTD,14935.1,14947.3,14916.0,14928.0,298.0
2021-08-09 11:35:00,NSE:BOSCHLTD,14917.5,14925.0,14917.5,14925.0,4.0
2021-08-09 11:40:00,NSE:BOSCHLTD,14925.0,14935.0,14925.0,14925.0,45.0
2021-08-09 11:45:00,NSE:BOSCHLTD,14925.0,14925.0,14905.0,14914.45,433.0
2021-08-09 11:50:00,NSE:BOSCHLTD,14905.05,14912.75,14880.0,14880.05,453.0
2021-08-09 11:55:00,NSE:BOSCHLTD,14888.95,14900.0,14880.0,14888.9,216.0
2021-08-09 12:00:00,NSE:BOSCHLTD,14885.5,14896.3,14881.0,14885.0,90.0
2021-08-09 12:05:00,NSE:BOSCHLTD,14885.0,14900.0,14879.95,14886.0,90.0
2021-08-09 12:10:00,NSE:BOSCHLTD,14895.0,14899.4,14878.6,14889.0,120.0
2021-08-09 12:15:00,NSE:BOSCHLTD,14878.0,14888.85,14874.0,14880.0,88.0
2021-08-09 12:20:00,NSE:BOSCHLTD,14885.9,14885.9,14870.0,14880.0,85.0
2021-08-09 12:25:00,NSE:BOSCHLTD,14885.0,14900.0,14885.0,14885.0,95.0
2021-08-09 12:30:00,NSE:BOSCHLTD,14883.0,14899.9,14883.0,14899.05,44.0
2021-08-09 12:35:00,NSE:BOSCHLTD,14889.1,14900.0,14889.1,14892.05,73.0
2021-08-09 12:40:00,NSE:BOSCHLTD,14890.2,14900.0,14885.2,14899.0,127.0
2021-08-09 12:45:00,NSE:BOSCHLTD,14889.0,14898.95,14889.0,14898.95,35.0
2021-08-09 12:50:00,NSE:BOSCHLTD,14891.3,14899.0,14875.0,14875.0,69.0
2021-08-09 12:55:00,NSE:BOSCHLTD,14875.0,14884.0,14819.4,14860.0,606.0
2021-08-09 13:00:00,NSE:BOSCHLTD,14851.5,14870.2,14840.0,14869.85,138.0
2021-08-09 13:05:00,NSE:BOSCHLTD,14860.75,14877.15,14857.05,14877.15,71.0
2021-08-09 13:10:00,NSE:BOSCHLTD,14877.0,14877.2,14850.0,14874.0,305.0
2021-08-09 13:15:00,NSE:BOSCHLTD,14878.45,14878.45,14840.0,14850.0,156.0
2021-08-09 13:20:00,NSE:BOSCHLTD,14850.0,14850.0,14825.65,14825.65,241.0
2021-08-09 13:25:00,NSE:BOSCHLTD,14834.95,14847.55,14780.25,14780.25,931.0
2021-08-09 13:30:00,NSE:BOSCHLTD,14789.95,14803.55,14770.05,14797.45,306.0
2021-08-09 13:35:00,NSE:BOSCHLTD,14797.5,14804.25,14750.0,14762.9,499.0
2021-08-09 13:40:00,NSE:BOSCHLTD,14760.0,14779.45,14740.0,14763.05,485.0
2021-08-09 13:45:00,NSE:BOSCHLTD,14774.9,14804.15,14773.5,14799.95,1022.0
2021-08-09 13:50:00,NSE:BOSCHLTD,14799.6,14820.0,14785.55,14820.0,236.0
2021-08-09 13:55:00,NSE:BOSCHLTD,14812.0,14825.0,14805.4,14816.95,119.0
2021-08-09 14:00:00,NSE:BOSCHLTD,14805.6,14818.65,14805.25,14814.9,67.0
2021-08-09 14:05:00,NSE:BOSCHLTD,14815.0,14815.0,14800.0,14800.5,239.0
2021-08-09 14:10:00,NSE:BOSCHLTD,14802.2,14804.95,14792.3,14803.95,203.0
2021-08-09 14:15:00,NSE:BOSCHLTD,14803.45,14803.45,14790.0,14799.95,71.0
2021-08-09 14:20:00,NSE:BOSCHLTD,14795.05,14799.0,14775.0,14787.0,397.0
2021-08-09 14:25:00,NSE:BOSCHLTD,14790.55,14800.0,14790.55,14791.55,145.0
2021-08-09 14:30:00,NSE:BOSCHLTD,14800.0,14800.0,14766.0,14779.5,1695.0
2021-08-09 14:35:00,NSE:BOSCHLTD,14784.1,14797.55,14775.05,14790.0,120.0
2021-08-09 14:40:00,NSE:BOSCHLTD,14790.0,14790.0,14680.0,14699.2,2496.0
2021-08-09 14:45:00,NSE:BOSCHLTD,14700.0,14715.0,14680.0,14688.0,996.0
2021-08-09 14:50:00,NSE:BOSCHLTD,14688.0,14692.4,14666.9,14672.3,666.0
2021-08-09 14:55:00,NSE:BOSCHLTD,14672.3,14685.0,14670.0,14671.15,469.0
2021-08-09 15:00:00,NSE:BOSCHLTD,14675.0,14715.0,14675.0,14715.0,983.0
2021-08-09 15:05:00,NSE:BOSCHLTD,14714.95,14725.0,14700.05,14723.0,624.0
2021-08-09 15:10:00,NSE:BOSCHLTD,14725.0,14755.0,14723.0,14754.95,1218.0
2021-08-09 15:15:00,NSE:BOSCHLTD,14755.0,14759.95,14701.0,14705.0,1302.0
2021-08-09 15:20:00,NSE:BOSCHLTD,14715.0,14720.0,14681.0,14701.0,2684.0
2021-08-09 15:25:00,NSE:BOSCHLTD,14700.95,14701.0,14690.0,14700.0,1060.0
2021-08-09 15:30:00,NSE:BOSCHLTD,14700.0,14700.0,14700.0,14700.0,10.0
2021-08-09 15:40:00,NSE:BOSCHLTD,14711.0,14711.0,14711.0,14711.0,2.0
2021-08-10 09:05:00,NSE:BOSCHLTD,14740.4,14740.4,14740.4,14740.4,8.0
2021-08-10 09:15:00,NSE:BOSCHLTD,14737.55,14763.05,14710.0,14720.0,1003.0
2021-08-10 09:20:00,NSE:BOSCHLTD,14725.0,14739.0,14669.9,14739.0,804.0
2021-08-10 09:25:00,NSE:BOSCHLTD,14744.95,14778.1,14719.5,14761.55,424.0
2021-08-10 09:30:00,NSE:BOSCHLTD,14772.6,14785.65,14743.0,14770.0,260.0
2021-08-10 09:35:00,NSE:BOSCHLTD,14771.0,14786.0,14770.0,14783.95,205.0
2021-08-10 09:40:00,NSE:BOSCHLTD,14785.95,14795.0,14751.5,14753.95,615.0
2021-08-10 09:45:00,NSE:BOSCHLTD,14765.25,14765.25,14729.0,14739.35,313.0
2021-08-10 09:50:00,NSE:BOSCHLTD,14739.7,14739.7,14711.0,14721.0,564.0
2021-08-10 09:55:00,NSE:BOSCHLTD,14721.0,14721.0,14705.45,14705.45,152.0
2021-08-10 10:00:00,NSE:BOSCHLTD,14716.25,14719.9,14706.1,14708.05,62.0
2021-08-10 10:05:00,NSE:BOSCHLTD,14718.95,14718.95,14705.0,14705.0,54.0
2021-08-10 10:10:00,NSE:BOSCHLTD,14719.0,14721.0,14713.05,14715.0,68.0
2021-08-10 10:15:00,NSE:BOSCHLTD,14715.0,14721.0,14710.0,14716.95,82.0
2021-08-10 10:20:00,NSE:BOSCHLTD,14710.0,14721.0,14702.9,14709.25,217.0
2021-08-10 10:25:00,NSE:BOSCHLTD,14690.0,14706.0,14675.0,14691.4,341.0
2021-08-10 10:30:00,NSE:BOSCHLTD,14682.0,14705.0,14682.0,14705.0,51.0
2021-08-10 10:35:00,NSE:BOSCHLTD,14704.75,14714.85,14700.0,14710.45,83.0
2021-08-10 10:40:00,NSE:BOSCHLTD,14703.15,14710.6,14700.0,14710.45,59.0
2021-08-10 10:45:00,NSE:BOSCHLTD,14714.95,14719.0,14707.55,14719.0,83.0
2021-08-10 10:50:00,NSE:BOSCHLTD,14711.7,14721.15,14710.1,14721.15,94.0
2021-08-10 10:55:00,NSE:BOSCHLTD,14717.15,14736.45,14717.15,14723.55,173.0
2021-08-10 11:00:00,NSE:BOSCHLTD,14716.5,14724.1,14700.0,14724.1,218.0
2021-08-10 11:05:00,NSE:BOSCHLTD,14717.1,14717.1,14704.5,14704.5,80.0
2021-08-10 11:10:00,NSE:BOSCHLTD,14710.0,14710.0,14680.0,14685.0,404.0
2021-08-10 11:15:00,NSE:BOSCHLTD,14685.0,14696.65,14678.65,14688.0,108.0
2021-08-10 11:20:00,NSE:BOSCHLTD,14688.0,14688.0,14670.0,14679.95,151.0
2021-08-10 11:25:00,NSE:BOSCHLTD,14679.95,14684.0,14670.0,14670.0,212.0
2021-08-10 11:30:00,NSE:BOSCHLTD,14669.0,14683.0,14660.0,14679.6,217.0
2021-08-10 11:35:00,NSE:BOSCHLTD,14679.6,14679.6,14670.0,14670.0,92.0
2021-08-10 11:40:00,NSE:BOSCHLTD,14667.15,14672.0,14661.15,14672.0,95.0
2021-08-10 11:45:00,NSE:BOSCHLTD,14675.0,14675.0,14665.0,14665.0,48.0
2021-08-10 11:50:00,NSE:BOSCHLTD,14671.0,14680.0,14667.85,14670.9,87.0
2021-08-10 11:55:00,NSE:BOSCHLTD,14670.05,14675.0,14670.0,14675.0,25.0
2021-08-10 12:00:00,NSE:BOSCHLTD,14674.95,14675.0,14665.0,14675.0,172.0
2021-08-10 12:05:00,NSE:BOSCHLTD,14675.0,14675.0,14650.4,14659.95,180.0
2021-08-10 12:10:00,NSE:BOSCHLTD,14655.2,14666.05,14655.0,14659.05,80.0
2021-08-10 12:15:00,NSE:BOSCHLTD,14659.0,14672.2,14659.0,14660.0,79.0
2021-08-10 12:20:00,NSE:BOSCHLTD,14660.0,14676.0,14659.0,14667.65,249.0
2021-08-10 12:25:00,NSE:BOSCHLTD,14672.4,14678.65,14659.0,14659.0,243.0
2021-08-10 12:30:00,NSE:BOSCHLTD,14659.0,14659.0,14611.6,14636.0,941.0
2021-08-10 12:35:00,NSE:BOSCHLTD,14628.55,14640.0,14625.0,14630.5,271.0
2021-08-10 12:40:00,NSE:BOSCHLTD,14638.25,14680.3,14631.05,14680.3,245.0
2021-08-10 12:45:00,NSE:BOSCHLTD,14680.3,14680.3,14635.05,14635.05,440.0
2021-08-10 12:50:00,NSE:BOSCHLTD,14635.05,14642.9,14620.0,14623.4,199.0
2021-08-10 12:55:00,NSE:BOSCHLTD,14623.4,14627.7,14622.0,14622.3,176.0
2021-08-10 13:00:00,NSE:BOSCHLTD,14622.0,14632.6,14600.35,14630.45,615.0
2021-08-10 13:05:00,NSE:BOSCHLTD,14624.0,14644.0,14611.5,14611.5,156.0
2021-08-10 13:10:00,NSE:BOSCHLTD,14611.0,14617.5,14600.25,14604.05,222.0
2021-08-10 13:15:00,NSE:BOSCHLTD,14604.0,14614.85,14602.0,14610.0,124.0
2021-08-10 13:20:00,NSE:BOSCHLTD,14606.1,14620.0,14606.0,14620.0,287.0
2021-08-10 13:25:00,NSE:BOSCHLTD,14607.15,14640.0,14606.75,14630.15,265.0
2021-08-10 13:30:00,NSE:BOSCHLTD,14624.9,14640.0,14620.5,14640.0,183.0
2021-08-10 13:35:00,NSE:BOSCHLTD,14644.0,14655.0,14635.0,14645.05,854.0
2021-08-10 13:40:00,NSE:BOSCHLTD,14636.0,14645.55,14625.0,14635.0,342.0
2021-08-10 13:45:00,NSE:BOSCHLTD,14637.6,14647.55,14629.5,14630.0,335.0
2021-08-10 13:50:00,NSE:BOSCHLTD,14629.45,14629.45,14600.1,14600.1,519.0
2021-08-10 13:55:00,NSE:BOSCHLTD,14600.1,14600.1,14511.35,14525.0,1878.0
2021-08-10 14:00:00,NSE:BOSCHLTD,14517.1,14521.45,14465.85,14499.85,1275.0
2021-08-10 14:05:00,NSE:BOSCHLTD,14496.0,14496.0,14405.15,14421.0,1423.0
2021-08-10 14:10:00,NSE:BOSCHLTD,14420.0,14422.45,14373.1,14373.2,800.0
2021-08-10 14:15:00,NSE:BOSCHLTD,14364.95,14402.6,14328.6,14367.1,1349.0
2021-08-10 14:20:00,NSE:BOSCHLTD,14374.5,14425.0,14355.85,14400.05,1000.0
2021-08-10 14:25:00,NSE:BOSCHLTD,14400.05,14431.65,14400.05,14419.2,588.0
2021-08-10 14:30:00,NSE:BOSCHLTD,14413.5,14423.05,14401.8,14404.95,387.0
2021-08-10 14:35:00,NSE:BOSCHLTD,14403.0,14436.95,14400.0,14424.95,329.0
2021-08-10 14:40:00,NSE:BOSCHLTD,14418.5,14438.75,14414.15,14420.0,472.0
2021-08-10 14:45:00,NSE:BOSCHLTD,14420.0,14440.0,14419.3,14430.0,359.0
2021-08-10 14:50:00,NSE:BOSCHLTD,14426.0,14442.95,14402.9,14419.75,579.0
2021-08-10 14:55:00,NSE:BOSCHLTD,14416.3,14424.1,14405.0,14413.2,356.0
2021-08-10 15:00:00,NSE:BOSCHLTD,14415.0,14461.7,14415.0,14461.7,820.0
2021-08-10 15:05:00,NSE:BOSCHLTD,14466.95,14490.7,14450.0,14477.85,972.0
2021-08-10 15:10:00,NSE:BOSCHLTD,14477.0,14477.0,14425.2,14430.9,1043.0
2021-08-10 15:15:00,NSE:BOSCHLTD,14430.85,14440.0,14411.0,14412.0,1237.0
2021-08-10 15:20:00,NSE:BOSCHLTD,14411.0,14450.0,14411.0,14445.9,942.0
2021-08-10 15:25:00,NSE:BOSCHLTD,14445.95,14467.8,14431.15,14451.0,600.0
2021-08-10 15:40:00,NSE:BOSCHLTD,14443.6,14443.6,14443.6,14443.6,1.0
2021-08-11 09:05:00,NSE:BOSCHLTD,14311.0,14311.0,14311.0,14311.0,392.0
2021-08-11 09:15:00,NSE:BOSCHLTD,14349.35,14480.9,14349.35,14472.15,2399.0
2021-08-11 09:20:00,NSE:BOSCHLTD,14496.3,14496.3,14373.95,14383.7,1510.0
2021-08-11 09:25:00,NSE:BOSCHLTD,14384.55,14420.0,14362.4,14420.0,741.0
2021-08-11 09:30:00,NSE:BOSCHLTD,14413.8,14434.75,14350.95,14356.0,1018.0
2021-08-11 09:35:00,NSE:BOSCHLTD,14361.9,14362.45,14284.5,14284.5,1451.0
2021-08-11 09:40:00,NSE:BOSCHLTD,14294.8,14320.0,14250.4,14250.4,1775.0
2021-08-11 09:45:00,NSE:BOSCHLTD,14256.0,14318.65,14253.8,14277.0,769.0
2021-08-11 09:50:00,NSE:BOSCHLTD,14276.85,14310.8,14260.15,14269.1,479.0
2021-08-11 09:55:00,NSE:BOSCHLTD,14268.05,14272.5,14220.0,14240.0,1573.0
2021-08-11 10:00:00,NSE:BOSCHLTD,14249.95,14274.95,14235.0,14238.0,605.0
2021-08-11 10:05:00,NSE:BOSCHLTD,14225.0,14239.95,14193.65,14193.65,1220.0
2021-08-11 10:10:00,NSE:BOSCHLTD,14194.95,14224.95,14180.0,14200.0,1125.0
2021-08-11 10:15:00,NSE:BOSCHLTD,14190.0,14225.0,14176.0,14225.0,334.0
2021-08-11 10:20:00,NSE:BOSCHLTD,14220.0,14236.9,14207.95,14212.6,819.0
2021-08-11 10:25:00,NSE:BOSCHLTD,14207.6,14234.75,14200.0,14234.75,222.0
2021-08-11 10:30:00,NSE:BOSCHLTD,14225.9,14225.9,14181.85,14193.75,378.0
2021-08-11 10:35:00,NSE:BOSCHLTD,14193.75,14228.0,14192.5,14207.9,540.0
2021-08-11 10:40:00,NSE:BOSCHLTD,14207.95,14220.0,14191.15,14191.15,279.0
2021-08-11 10:45:00,NSE:BOSCHLTD,14196.0,14220.0,14183.75,14190.0,447.0
2021-08-11 10:50:00,NSE:BOSCHLTD,14190.0,14192.9,14177.0,14188.15,216.0
2021-08-11 10:55:00,NSE:BOSCHLTD,14190.0,14190.0,14175.0,14176.5,131.0
2021-08-11 11:00:00,NSE:BOSCHLTD,14175.05,14193.0,14151.0,14165.1,517.0
2021-08-11 11:05:00,NSE:BOSCHLTD,14165.25,14195.15,14153.85,14183.05,342.0
2021-08-11 11:10:00,NSE:BOSCHLTD,14182.05,14192.55,14168.8,14169.0,135.0
2021-08-11 11:15:00,NSE:BOSCHLTD,14169.0,14175.0,14140.6,14144.85,1029.0
2021-08-11 11:20:00,NSE:BOSCHLTD,14150.05,14192.5,14140.0,14190.0,478.0
2021-08-11 11:25:00,NSE:BOSCHLTD,14196.05,14235.9,14180.2,14235.9,256.0
2021-08-11 11:30:00,NSE:BOSCHLTD,14232.35,14239.9,14212.2,14239.9,373.0
2021-08-11 11:35:00,NSE:BOSCHLTD,14229.75,14234.8,14213.0,14225.0,90.0
2021-08-11 11:40:00,NSE:BOSCHLTD,14234.0,14239.4,14225.0,14230.0,44.0
2021-08-11 11:45:00,NSE:BOSCHLTD,14225.0,14239.9,14221.0,14237.75,162.0
2021-08-11 11:50:00,NSE:BOSCHLTD,14228.8,14228.8,14201.15,14201.15,157.0
2021-08-11 11:55:00,NSE:BOSCHLTD,14201.05,14201.05,14172.25,14190.0,850.0
2021-08-11 12:00:00,NSE:BOSCHLTD,14190.0,14231.1,14177.0,14222.6,660.0
2021-08-11 12:05:00,NSE:BOSCHLTD,14230.95,14230.95,14196.8,14206.55,498.0
2021-08-11 12:10:00,NSE:BOSCHLTD,14206.55,14211.0,14185.0,14194.8,441.0
2021-08-11 12:15:00,NSE:BOSCHLTD,14186.4,14220.0,14186.4,14208.05,328.0
2021-08-11 12:20:00,NSE:BOSCHLTD,14209.5,14220.0,14205.15,14218.65,873.0
2021-08-11 12:25:00,NSE:BOSCHLTD,14218.65,14249.9,14206.0,14225.0,721.0
2021-08-11 12:30:00,NSE:BOSCHLTD,14225.0,14300.0,14225.0,14271.8,924.0
2021-08-11 12:35:00,NSE:BOSCHLTD,14270.0,14272.0,14235.75,14238.8,313.0
2021-08-11 12:40:00,NSE:BOSCHLTD,14233.8,14270.0,14226.8,14270.0,468.0
2021-08-11 12:45:00,NSE:BOSCHLTD,14262.5,14270.0,14245.0,14266.45,542.0
2021-08-11 12:50:00,NSE:BOSCHLTD,14266.4,14268.1,14223.0,14239.05,584.0
2021-08-11 12:55:00,NSE:BOSCHLTD,14240.55,14270.0,14230.2,14262.05,802.0
2021-08-11 13:00:00,NSE:BOSCHLTD,14262.0,14310.0,14252.15,14281.15,894.0
2021-08-11 13:05:00,NSE:BOSCHLTD,14272.65,14300.0,14250.05,14262.7,724.0
2021-08-11 13:10:00,NSE:BOSCHLTD,14258.8,14294.9,14253.25,14280.0,331.0
2021-08-11 13:15:00,NSE:BOSCHLTD,14280.0,14292.4,14250.25,14280.0,615.0
2021-08-11 13:20:00,NSE:BOSCHLTD,14275.0,14280.0,14266.15,14268.6,561.0
2021-08-11 13:25:00,NSE:BOSCHLTD,14268.65,14280.0,14255.95,14256.1,459.0
2021-08-11 13:30:00,NSE:BOSCHLTD,14267.45,14299.95,14265.65,14289.7,340.0
2021-08-11 13:35:00,NSE:BOSCHLTD,14290.0,14301.0,14280.0,14280.0,503.0
2021-08-11 13:40:00,NSE:BOSCHLTD,14280.0,14304.8,14280.0,14304.0,308.0
2021-08-11 13:45:00,NSE:BOSCHLTD,14300.3,14333.15,14280.75,14302.4,969.0
2021-08-11 13:50:00,NSE:BOSCHLTD,14301.15,14343.4,14287.05,14302.6,758.0
2021-08-11 13:55:00,NSE:BOSCHLTD,14302.05,14320.0,14292.4,14301.1,266.0
2021-08-11 14:00:00,NSE:BOSCHLTD,14339.45,14357.0,14316.0,14349.45,766.0
2021-08-11 14:05:00,NSE:BOSCHLTD,14349.3,14360.0,14301.7,14342.5,926.0
2021-08-11 14:10:00,NSE:BOSCHLTD,14340.75,14380.0,14311.1,14326.9,968.0
2021-08-11 14:15:00,NSE:BOSCHLTD,14347.65,14347.65,14318.65,14336.5,363.0
2021-08-11 14:20:00,NSE:BOSCHLTD,14334.6,14350.0,14321.7,14331.25,389.0
2021-08-11 14:25:00,NSE:BOSCHLTD,14331.0,14338.85,14315.0,14315.0,378.0
2021-08-11 14:30:00,NSE:BOSCHLTD,14315.0,14350.0,14310.0,14319.95,1038.0
2021-08-11 14:35:00,NSE:BOSCHLTD,14311.3,14333.0,14311.3,14318.75,246.0
2021-08-11 14:40:00,NSE:BOSCHLTD,14318.75,14349.9,14318.75,14320.5,1039.0
2021-08-11 14:45:00,NSE:BOSCHLTD,14320.0,14349.7,14317.9,14319.95,459.0
2021-08-11 14:50:00,NSE:BOSCHLTD,14318.1,14323.2,14297.15,14300.0,944.0
2021-08-11 14:55:00,NSE:BOSCHLTD,14307.55,14315.05,14285.65,14315.0,660.0
2021-08-11 15:00:00,NSE:BOSCHLTD,14306.9,14329.95,14306.9,14324.5,484.0
2021-08-11 15:05:00,NSE:BOSCHLTD,14328.1,14351.0,14328.05,14344.95,1238.0
2021-08-11 15:10:00,NSE:BOSCHLTD,14342.0,14345.0,14300.0,14302.65,724.0
2021-08-11 15:15:00,NSE:BOSCHLTD,14295.2,14309.2,14283.95,14285.95,859.0
2021-08-11 15:20:00,NSE:BOSCHLTD,14293.95,14323.25,14274.75,14305.55,2156.0
2021-08-11 15:25:00,NSE:BOSCHLTD,14300.55,14317.2,14280.0,14300.0,1059.0
2021-08-11 15:40:00,NSE:BOSCHLTD,14310.8,14310.8,14310.8,14310.8,1.0
2021-08-12 09:05:00,NSE:BOSCHLTD,14313.0,14313.0,14313.0,14313.0,27.0
2021-08-12 09:15:00,NSE:BOSCHLTD,14313.0,14374.0,14313.0,14360.0,914.0
2021-08-12 09:20:00,NSE:BOSCHLTD,14360.0,14360.0,14325.0,14341.4,447.0
2021-08-12 09:25:00,NSE:BOSCHLTD,14340.1,14366.95,14335.0,14335.0,413.0
2021-08-12 09:30:00,NSE:BOSCHLTD,14348.1,14389.95,14348.1,14386.7,330.0
2021-08-12 09:35:00,NSE:BOSCHLTD,14386.3,14397.45,14375.15,14389.8,405.0
2021-08-12 09:40:00,NSE:BOSCHLTD,14405.0,14437.3,14391.3,14418.0,806.0
2021-08-12 09:45:00,NSE:BOSCHLTD,14418.75,14499.15,14405.05,14470.0,850.0
2021-08-12 09:50:00,NSE:BOSCHLTD,14470.0,14485.05,14455.45,14478.75,206.0
2021-08-12 09:55:00,NSE:BOSCHLTD,14467.95,14481.85,14465.0,14465.0,147.0
2021-08-12 10:00:00,NSE:BOSCHLTD,14465.0,14485.95,14457.45,14463.1,202.0
2021-08-12 10:05:00,NSE:BOSCHLTD,14459.8,14459.8,14417.05,14429.8,285.0
2021-08-12 10:10:00,NSE:BOSCHLTD,14421.9,14435.25,14405.35,14430.0,324.0
2021-08-12 10:15:00,NSE:BOSCHLTD,14425.0,14440.0,14417.65,14419.0,235.0
2021-08-12 10:20:00,NSE:BOSCHLTD,14419.0,14432.65,14417.8,14429.8,121.0
2021-08-12 10:25:00,NSE:BOSCHLTD,14429.75,14429.75,14380.0,14380.15,302.0
2021-08-12 10:30:00,NSE:BOSCHLTD,14390.05,14397.5,14370.95,14386.35,157.0
2021-08-12 10:35:00,NSE:BOSCHLTD,14387.0,14398.05,14381.0,14381.0,172.0
2021-08-12 10:40:00,NSE:BOSCHLTD,14390.85,14390.85,14370.5,14375.0,117.0
2021-08-12 10:45:00,NSE:BOSCHLTD,14370.0,14377.85,14366.0,14375.0,93.0
2021-08-12 10:50:00,NSE:BOSCHLTD,14372.0,14378.7,14369.5,14370.05,71.0
2021-08-12 10:55:00,NSE:BOSCHLTD,14370.05,14381.45,14360.0,14360.0,176.0
2021-08-12 11:00:00,NSE:BOSCHLTD,14358.0,14364.9,14348.0,14355.0,193.0
2021-08-12 11:05:00,NSE:BOSCHLTD,14347.55,14362.45,14345.6,14350.0,131.0
2021-08-12 11:10:00,NSE:BOSCHLTD,14350.1,14358.7,14340.1,14350.0,252.0
2021-08-12 11:15:00,NSE:BOSCHLTD,14350.0,14373.65,14339.75,14370.0,252.0
2021-08-12 11:20:00,NSE:BOSCHLTD,14364.0,14364.0,14350.0,14354.75,67.0
2021-08-12 11:25:00,NSE:BOSCHLTD,14354.85,14366.55,14349.85,14366.55,157.0
2021-08-12 11:30:00,NSE:BOSCHLTD,14364.0,14379.0,14356.0,14374.25,161.0
2021-08-12 11:35:00,NSE:BOSCHLTD,14374.2,14385.75,14364.85,14385.0,281.0
2021-08-12 11:40:00,NSE:BOSCHLTD,14383.0,14400.0,14378.85,14390.0,192.0
2021-08-12 11:45:00,NSE:BOSCHLTD,14390.0,14428.9,14388.3,14400.0,292.0
2021-08-12 11:50:00,NSE:BOSCHLTD,14400.05,14413.15,14400.0,14400.0,221.0
2021-08-12 11:55:00,NSE:BOSCHLTD,14403.95,14404.0,14372.0,14373.7,169.0
2021-08-12 12:00:00,NSE:BOSCHLTD,14372.05,14383.7,14362.45,14365.0,241.0
2021-08-12 12:05:00,NSE:BOSCHLTD,14365.0,14374.0,14365.0,14374.0,130.0
2021-08-12 12:10:00,NSE:BOSCHLTD,14366.7,14375.0,14350.0,14361.75,304.0
2021-08-12 12:15:00,NSE:BOSCHLTD,14369.85,14369.85,14343.55,14348.55,129.0
2021-08-12 12:20:00,NSE:BOSCHLTD,14340.0,14360.0,14334.3,14343.0,96.0
2021-08-12 12:25:00,NSE:BOSCHLTD,14349.95,14355.0,14338.85,14353.7,217.0
2021-08-12 12:30:00,NSE:BOSCHLTD,14341.5,14354.85,14336.4,14337.2,219.0
2021-08-12 12:35:00,NSE:BOSCHLTD,14337.2,14348.95,14337.0,14347.1,81.0
2021-08-12 12:40:00,NSE:BOSCHLTD,14338.0,14350.0,14338.0,14342.05,195.0
2021-08-12 12:45:00,NSE:BOSCHLTD,14342.05,14349.8,14338.0,14349.8,94.0
2021-08-12 12:50:00,NSE:BOSCHLTD,14340.3,14355.0,14338.05,14349.9,164.0
2021-08-12 12:55:00,NSE:BOSCHLTD,14349.85,14360.0,14342.0,14348.0,254.0
2021-08-12 13:00:00,NSE:BOSCHLTD,14341.35,14355.0,14340.0,14348.3,77.0
2021-08-12 13:05:00,NSE:BOSCHLTD,14349.0,14358.95,14340.05,14344.0,179.0
2021-08-12 13:10:00,NSE:BOSCHLTD,14344.6,14355.0,14338.05,14345.3,118.0
2021-08-12 13:15:00,NSE:BOSCHLTD,14338.05,14349.95,14330.0,14341.9,93.0
2021-08-12 13:20:00,NSE:BOSCHLTD,14338.15,14359.0,14338.15,14350.0,213.0
2021-08-12 13:25:00,NSE:BOSCHLTD,14349.85,14357.55,14343.2,14350.0,138.0
2021-08-12 13:30:00,NSE:BOSCHLTD,14350.0,14350.0,14332.05,14333.0,110.0
2021-08-12 13:35:00,NSE:BOSCHLTD,14332.5,14339.6,14325.1,14325.1,198.0
2021-08-12 13:40:00,NSE:BOSCHLTD,14325.1,14335.0,14321.05,14325.55,201.0
2021-08-12 13:45:00,NSE:BOSCHLTD,14325.55,14334.35,14321.05,14321.1,118.0
2021-08-12 13:50:00,NSE:BOSCHLTD,14322.45,14332.3,14320.05,14320.05,104.0
2021-08-12 13:55:00,NSE:BOSCHLTD,14320.05,14333.85,14302.7,14320.0,548.0
2021-08-12 14:00:00,NSE:BOSCHLTD,14320.0,14329.85,14309.05,14320.0,262.0
2021-08-12 14:05:00,NSE:BOSCHLTD,14320.0,14332.0,14314.2,14314.2,194.0
2021-08-12 14:10:00,NSE:BOSCHLTD,14314.2,14315.1,14302.0,14302.0,202.0
2021-08-12 14:15:00,NSE:BOSCHLTD,14302.8,14302.8,14274.0,14299.95,795.0
2021-08-12 14:20:00,NSE:BOSCHLTD,14295.0,14298.95,14278.15,14294.95,65.0
2021-08-12 14:25:00,NSE:BOSCHLTD,14294.95,14300.0,14283.2,14295.0,161.0
2021-08-12 14:30:00,NSE:BOSCHLTD,14287.2,14295.05,14275.5,14285.6,177.0
2021-08-12 14:35:00,NSE:BOSCHLTD,14285.05,14340.0,14285.0,14330.0,976.0
2021-08-12 14:40:00,NSE:BOSCHLTD,14320.55,14333.45,14290.1,14300.65,300.0
2021-08-12 14:45:00,NSE:BOSCHLTD,14300.7,14324.95,14293.85,14307.25,204.0
2021-08-12 14:50:00,NSE:BOSCHLTD,14306.4,14315.0,14290.0,14290.1,235.0
2021-08-12 14:55:00,NSE:BOSCHLTD,14290.0,14305.95,14282.0,14290.2,248.0
2021-08-12 15:00:00,NSE:BOSCHLTD,14290.0,14330.0,14290.0,14307.5,976.0
2021-08-12 15:05:00,NSE:BOSCHLTD,14306.8,14320.0,14295.1,14312.0,574.0
2021-08-12 15:10:00,NSE:BOSCHLTD,14309.9,14315.0,14298.05,14307.8,1109.0
2021-08-12 15:15:00,NSE:BOSCHLTD,14307.75,14323.45,14300.0,14310.25,744.0
2021-08-12 15:20:00,NSE:BOSCHLTD,14314.4,14324.85,14290.05,14295.65,1303.0
2021-08-12 15:25:00,NSE:BOSCHLTD,14295.95,14325.0,14295.95,14320.0,632.0
2021-08-12 15:40:00,NSE:BOSCHLTD,14306.95,14306.95,14306.95,14306.95,1.0
2021-08-13 09:05:00,NSE:BOSCHLTD,14328.4,14328.4,14328.4,14328.4,50.0
2021-08-13 09:15:00,NSE:BOSCHLTD,14328.4,14378.0,14315.35,14344.2,776.0
2021-08-13 09:20:00,NSE:BOSCHLTD,14344.1,14374.95,14330.0,14372.4,596.0
2021-08-13 09:25:00,NSE:BOSCHLTD,14368.75,14400.0,14353.75,14400.0,387.0
2021-08-13 09:30:00,NSE:BOSCHLTD,14402.5,14413.0,14382.7,14387.5,291.0
2021-08-13 09:35:00,NSE:BOSCHLTD,14397.6,14398.7,14382.7,14392.5,146.0
2021-08-13 09:40:00,NSE:BOSCHLTD,14386.25,14398.8,14379.4,14380.25,172.0
2021-08-13 09:45:00,NSE:BOSCHLTD,14381.25,14400.0,14365.05,14365.05,151.0
2021-08-13 09:50:00,NSE:BOSCHLTD,14360.0,14409.0,14355.1,14409.0,276.0
2021-08-13 09:55:00,NSE:BOSCHLTD,14398.15,14419.2,14395.4,14402.25,310.0
2021-08-13 10:00:00,NSE:BOSCHLTD,14401.8,14437.45,14401.8,14424.85,185.0
2021-08-13 10:05:00,NSE:BOSCHLTD,14426.55,14435.0,14405.0,14419.95,189.0
2021-08-13 10:10:00,NSE:BOSCHLTD,14413.8,14428.7,14407.6,14428.7,70.0
2021-08-13 10:15:00,NSE:BOSCHLTD,14423.8,14434.95,14415.1,14425.0,181.0
2021-08-13 10:20:00,NSE:BOSCHLTD,14416.3,14425.0,14413.45,14413.45,126.0
2021-08-13 10:25:00,NSE:BOSCHLTD,14417.5,14423.5,14406.0,14419.65,154.0
2021-08-13 10:30:00,NSE:BOSCHLTD,14420.7,14430.0,14410.0,14426.25,264.0
2021-08-13 10:35:00,NSE:BOSCHLTD,14417.6,14425.0,14410.0,14423.7,154.0
2021-08-13 10:40:00,NSE:BOSCHLTD,14423.7,14423.7,14410.6,14423.45,132.0
2021-08-13 10:45:00,NSE:BOSCHLTD,14423.35,14432.0,14410.5,14425.0,110.0
2021-08-13 10:50:00,NSE:BOSCHLTD,14415.55,14436.9,14415.55,14436.9,149.0
2021-08-13 10:55:00,NSE:BOSCHLTD,14424.35,14426.2,14415.6,14426.2,124.0
2021-08-13 11:00:00,NSE:BOSCHLTD,14427.5,14433.6,14419.4,14433.6,27.0
2021-08-13 11:05:00,NSE:BOSCHLTD,14440.0,14515.05,14432.55,14511.25,1559.0
2021-08-13 11:10:00,NSE:BOSCHLTD,14507.45,14695.0,14489.05,14691.25,4028.0
2021-08-13 11:15:00,NSE:BOSCHLTD,14672.55,14737.45,14636.15,14645.15,4356.0
2021-08-13 11:20:00,NSE:BOSCHLTD,14645.15,14660.0,14612.15,14624.95,1009.0
2021-08-13 11:25:00,NSE:BOSCHLTD,14624.95,14624.95,14585.8,14621.0,1043.0
2021-08-13 11:30:00,NSE:BOSCHLTD,14617.55,14622.0,14590.0,14600.1,730.0
2021-08-13 11:35:00,NSE:BOSCHLTD,14601.25,14611.0,14596.5,14596.5,320.0
2021-08-13 11:40:00,NSE:BOSCHLTD,14595.0,14598.4,14550.05,14568.25,497.0
2021-08-13 11:45:00,NSE:BOSCHLTD,14555.95,14571.2,14550.0,14553.55,438.0
2021-08-13 11:50:00,NSE:BOSCHLTD,14553.5,14563.75,14518.2,14525.05,494.0
2021-08-13 11:55:00,NSE:BOSCHLTD,14528.85,14541.45,14505.15,14522.45,261.0
2021-08-13 12:00:00,NSE:BOSCHLTD,14511.25,14521.2,14480.0,14492.15,632.0
2021-08-13 12:05:00,NSE:BOSCHLTD,14492.1,14511.15,14450.05,14467.8,539.0
2021-08-13 12:10:00,NSE:BOSCHLTD,14470.95,14485.2,14461.25,14480.0,107.0
2021-08-13 12:15:00,NSE:BOSCHLTD,14480.0,14531.95,14470.0,14531.95,311.0
2021-08-13 12:20:00,NSE:BOSCHLTD,14522.6,14531.0,14500.05,14516.2,422.0
2021-08-13 12:25:00,NSE:BOSCHLTD,14508.95,14516.1,14478.0,14486.25,199.0
2021-08-13 12:30:00,NSE:BOSCHLTD,14488.45,14493.4,14475.05,14475.05,164.0
2021-08-13 12:35:00,NSE:BOSCHLTD,14485.0,14521.45,14475.05,14499.8,541.0
2021-08-13 12:40:00,NSE:BOSCHLTD,14499.85,14502.0,14480.1,14480.1,109.0
2021-08-13 12:45:00,NSE:BOSCHLTD,14480.1,14507.4,14480.0,14501.2,150.0
2021-08-13 12:50:00,NSE:BOSCHLTD,14494.05,14503.65,14480.0,14480.05,112.0
2021-08-13 12:55:00,NSE:BOSCHLTD,14480.05,14487.1,14450.0,14464.95,480.0
2021-08-13 13:00:00,NSE:BOSCHLTD,14458.4,14465.0,14419.0,14431.25,555.0
2021-08-13 13:05:00,NSE:BOSCHLTD,14422.9,14433.1,14387.7,14409.45,551.0
2021-08-13 13:10:00,NSE:BOSCHLTD,14416.2,14429.0,14410.05,14412.0,319.0
2021-08-13 13:15:00,NSE:BOSCHLTD,14412.1,14425.2,14412.1,14425.2,116.0
2021-08-13 13:20:00,NSE:BOSCHLTD,14425.2,14437.45,14420.6,14437.45,61.0
2021-08-13 13:25:00,NSE:BOSCHLTD,14429.05,14442.0,14420.05,14424.75,57.0
2021-08-13 13:30:00,NSE:BOSCHLTD,14424.75,14466.5,14422.65,14466.5,736.0
2021-08-13 13:35:00,NSE:BOSCHLTD,14456.4,14467.3,14450.0,14450.5,162.0
2021-08-13 13:40:00,NSE:BOSCHLTD,14452.5,14465.0,14450.0,14450.05,285.0
2021-08-13 13:45:00,NSE:BOSCHLTD,14450.05,14465.0,14450.0,14455.0,204.0
2021-08-13 13:50:00,NSE:BOSCHLTD,14455.0,14460.0,14450.0,14456.0,261.0
2021-08-13 13:55:00,NSE:BOSCHLTD,14456.0,14458.7,14450.0,14450.0,245.0
2021-08-13 14:00:00,NSE:BOSCHLTD,14450.0,14462.45,14450.0,14450.05,724.0
2021-08-13 14:05:00,NSE:BOSCHLTD,14452.5,14500.6,14450.0,14465.15,1766.0
2021-08-13 14:10:00,NSE:BOSCHLTD,14471.05,14471.05,14410.9,14411.05,443.0
2021-08-13 14:15:00,NSE:BOSCHLTD,14411.05,14438.9,14410.0,14438.9,382.0
2021-08-13 14:20:00,NSE:BOSCHLTD,14440.6,14446.75,14432.0,14440.0,146.0
2021-08-13 14:25:00,NSE:BOSCHLTD,14440.0,14442.05,14432.0,14440.0,494.0
2021-08-13 14:30:00,NSE:BOSCHLTD,14443.75,14450.0,14432.0,14446.2,232.0
2021-08-13 14:35:00,NSE:BOSCHLTD,14440.0,14450.0,14440.0,14446.25,75.0
2021-08-13 14:40:00,NSE:BOSCHLTD,14446.25,14450.0,14440.3,14450.0,429.0
2021-08-13 14:45:00,NSE:BOSCHLTD,14451.1,14460.0,14435.4,14450.0,239.0
2021-08-13 14:50:00,NSE:BOSCHLTD,14446.2,14454.95,14442.55,14450.0,153.0
2021-08-13 14:55:00,NSE:BOSCHLTD,14449.95,14450.0,14440.0,14446.25,396.0
2021-08-13 15:00:00,NSE:BOSCHLTD,14458.8,14467.95,14450.0,14455.05,468.0
2021-08-13 15:05:00,NSE:BOSCHLTD,14454.75,14483.75,14440.0,14475.0,1857.0
2021-08-13 15:10:00,NSE:BOSCHLTD,14440.1,14472.95,14430.1,14430.1,2437.0
2021-08-13 15:15:00,NSE:BOSCHLTD,14430.1,14451.0,14410.05,14413.5,1955.0
2021-08-13 15:20:00,NSE:BOSCHLTD,14410.05,14435.2,14408.6,14416.35,2272.0
2021-08-13 15:25:00,NSE:BOSCHLTD,14416.6,14455.0,14411.1,14450.0,2079.0
2021-08-13 15:30:00,NSE:BOSCHLTD,14455.0,14455.0,14455.0,14455.0,1.0
2021-08-13 15:40:00,NSE:BOSCHLTD,14436.8,14436.8,14436.8,14436.8,1.0
