datetime,symbol,open,high,low,close,volume
2021-05-11 14:10:00,NSE:VOLTAS,1009.3,1011.0,1005.3,1010.35,137133.0
2021-05-11 14:15:00,NSE:VOLTAS,1010.8,1010.8,1007.45,1007.45,87893.0
2021-05-11 14:20:00,NSE:VOLTAS,1007.45,1007.45,998.0,999.2,180853.0
2021-05-11 14:25:00,NSE:VOLTAS,999.2,1003.95,999.05,1002.0,69841.0
2021-05-11 14:30:00,NSE:VOLTAS,1002.05,1009.4,1002.0,1007.8,91951.0
2021-05-11 14:35:00,NSE:VOLTAS,1007.2,1009.3,1005.2,1006.4,70216.0
2021-05-11 14:40:00,NSE:VOLTAS,1006.4,1009.25,1006.0,1008.8,65363.0
2021-05-11 14:45:00,NSE:VOLTAS,1008.8,1014.75,1008.05,1013.05,158101.0
2021-05-11 14:50:00,NSE:VOLTAS,1013.25,1014.6,1010.65,1011.5,108599.0
2021-05-11 14:55:00,NSE:VOLTAS,1012.25,1015.65,1011.5,1011.6,110712.0
2021-05-11 15:00:00,NSE:VOLTAS,1011.0,1013.9,1008.9,1011.15,104103.0
2021-05-11 15:05:00,NSE:VOLTAS,1011.15,1011.8,1009.75,1010.0,98263.0
2021-05-11 15:10:00,NSE:VOLTAS,1009.95,1011.25,1009.95,1010.9,88178.0
2021-05-11 15:15:00,NSE:VOLTAS,1010.95,1011.0,1009.75,1009.95,113853.0
2021-05-11 15:20:00,NSE:VOLTAS,1009.95,1010.0,1007.05,1007.8,96392.0
2021-05-11 15:25:00,NSE:VOLTAS,1007.75,1010.0,1007.5,1009.8,47621.0
2021-05-11 15:30:00,NSE:VOLTAS,1010.0,1010.0,1010.0,1010.0,100.0
2021-05-11 15:40:00,NSE:VOLTAS,1010.25,1010.25,1010.0,1010.25,541.0
2021-05-11 15:45:00,NSE:VOLTAS,1010.25,1010.25,1010.0,1010.25,504.0
2021-05-11 15:50:00,NSE:VOLTAS,1010.25,1010.25,1010.25,1010.25,4.0
2021-05-11 15:55:00,NSE:VOLTAS,1010.25,1010.25,1010.25,1010.25,225.0
2021-05-12 09:05:00,NSE:VOLTAS,1024.0,1024.0,1024.0,1024.0,25952.0
2021-05-12 09:15:00,NSE:VOLTAS,1021.9,1021.9,992.0,1007.4,572269.0
2021-05-12 09:20:00,NSE:VOLTAS,1007.4,1010.45,1002.0,1007.35,138260.0
2021-05-12 09:25:00,NSE:VOLTAS,1007.35,1007.95,1000.9,1003.4,165947.0
2021-05-12 09:30:00,NSE:VOLTAS,1002.85,1005.8,998.0,1005.1,126584.0
2021-05-12 09:35:00,NSE:VOLTAS,1005.1,1005.2,988.0,990.3,165903.0
2021-05-12 09:40:00,NSE:VOLTAS,990.95,995.6,989.15,993.3,114607.0
2021-05-12 09:45:00,NSE:VOLTAS,993.7,1000.6,993.4,999.95,85268.0
2021-05-12 09:50:00,NSE:VOLTAS,999.95,1001.3,996.65,1000.15,73637.0
2021-05-12 09:55:00,NSE:VOLTAS,1000.0,1002.65,998.0,1000.3,77536.0
2021-05-12 10:00:00,NSE:VOLTAS,1000.2,1001.25,998.0,999.45,52491.0
2021-05-12 10:05:00,NSE:VOLTAS,999.45,1001.0,996.25,999.65,32101.0
2021-05-12 10:10:00,NSE:VOLTAS,999.7,1002.0,998.35,999.0,70631.0
2021-05-12 10:15:00,NSE:VOLTAS,998.85,999.2,993.6,995.0,58600.0
2021-05-12 10:20:00,NSE:VOLTAS,994.65,995.95,991.7,992.95,37596.0
2021-05-12 10:25:00,NSE:VOLTAS,993.15,995.0,991.0,992.3,23074.0
2021-05-12 10:30:00,NSE:VOLTAS,992.3,994.5,987.1,994.4,116536.0
2021-05-12 10:35:00,NSE:VOLTAS,993.6,996.0,992.05,995.4,28615.0
2021-05-12 10:40:00,NSE:VOLTAS,995.8,996.0,993.0,993.0,16973.0
2021-05-12 10:45:00,NSE:VOLTAS,993.6,994.95,993.0,993.65,12072.0
2021-05-12 10:50:00,NSE:VOLTAS,993.7,994.6,990.4,991.7,21121.0
2021-05-12 10:55:00,NSE:VOLTAS,991.5,992.35,988.0,990.4,30503.0
2021-05-12 11:00:00,NSE:VOLTAS,990.95,992.35,988.1,992.25,25122.0
2021-05-12 11:05:00,NSE:VOLTAS,992.1,992.65,990.35,991.7,11758.0
2021-05-12 11:10:00,NSE:VOLTAS,991.1,992.6,990.0,991.2,10041.0
2021-05-12 11:15:00,NSE:VOLTAS,991.1,991.35,985.5,986.9,62008.0
2021-05-12 11:20:00,NSE:VOLTAS,987.0,987.0,978.0,984.5,148981.0
2021-05-12 11:25:00,NSE:VOLTAS,984.35,989.0,984.2,986.0,26266.0
2021-05-12 11:30:00,NSE:VOLTAS,986.0,986.75,983.6,985.7,28698.0
2021-05-12 11:35:00,NSE:VOLTAS,985.25,986.95,984.0,985.0,13991.0
2021-05-12 11:40:00,NSE:VOLTAS,985.25,988.75,984.0,987.15,20699.0
2021-05-12 11:45:00,NSE:VOLTAS,987.15,990.7,986.3,990.7,26207.0
2021-05-12 11:50:00,NSE:VOLTAS,989.95,991.0,989.0,991.0,21942.0
2021-05-12 11:55:00,NSE:VOLTAS,991.05,991.75,990.3,991.75,24633.0
2021-05-12 12:00:00,NSE:VOLTAS,991.7,993.3,988.0,988.55,30595.0
2021-05-12 12:05:00,NSE:VOLTAS,989.0,995.3,988.55,993.15,36833.0
2021-05-12 12:10:00,NSE:VOLTAS,992.65,993.1,989.6,990.95,17742.0
2021-05-12 12:15:00,NSE:VOLTAS,990.45,993.8,990.4,993.4,25024.0
2021-05-12 12:20:00,NSE:VOLTAS,993.85,994.9,992.0,993.9,33603.0
2021-05-12 12:25:00,NSE:VOLTAS,994.3,998.8,993.0,998.6,48914.0
2021-05-12 12:30:00,NSE:VOLTAS,998.55,1001.0,996.6,996.6,89790.0
2021-05-12 12:35:00,NSE:VOLTAS,997.5,999.0,996.3,996.3,34853.0
2021-05-12 12:40:00,NSE:VOLTAS,996.9,997.45,994.0,994.2,22036.0
2021-05-12 12:45:00,NSE:VOLTAS,994.1,994.75,993.1,993.15,10841.0
2021-05-12 12:50:00,NSE:VOLTAS,993.15,994.7,991.6,992.2,21721.0
2021-05-12 12:55:00,NSE:VOLTAS,992.1,992.65,990.2,992.3,22443.0
2021-05-12 13:00:00,NSE:VOLTAS,991.7,994.2,991.7,992.65,16335.0
2021-05-12 13:05:00,NSE:VOLTAS,992.65,994.0,992.2,993.2,12073.0
2021-05-12 13:10:00,NSE:VOLTAS,993.8,995.0,993.0,994.0,21533.0
2021-05-12 13:15:00,NSE:VOLTAS,994.1,997.5,993.9,997.1,25187.0
2021-05-12 13:20:00,NSE:VOLTAS,997.5,997.5,992.1,992.25,19226.0
2021-05-12 13:25:00,NSE:VOLTAS,992.2,993.45,991.2,992.0,15108.0
2021-05-12 13:30:00,NSE:VOLTAS,992.0,993.05,988.95,989.7,60113.0
2021-05-12 13:35:00,NSE:VOLTAS,989.75,991.35,987.3,989.5,29865.0
2021-05-12 13:40:00,NSE:VOLTAS,989.5,989.95,987.05,988.95,19903.0
2021-05-12 13:45:00,NSE:VOLTAS,989.0,990.25,987.45,988.3,26114.0
2021-05-12 13:50:00,NSE:VOLTAS,988.05,990.0,988.05,989.7,7237.0
2021-05-12 13:55:00,NSE:VOLTAS,989.6,990.0,988.3,988.9,15945.0
2021-05-12 14:00:00,NSE:VOLTAS,988.45,991.6,988.4,988.85,27396.0
2021-05-12 14:05:00,NSE:VOLTAS,988.7,989.8,988.15,988.45,11292.0
2021-05-12 14:10:00,NSE:VOLTAS,988.1,990.0,988.0,989.8,16747.0
2021-05-12 14:15:00,NSE:VOLTAS,989.8,991.0,989.15,989.4,18341.0
2021-05-12 14:20:00,NSE:VOLTAS,989.4,990.0,988.05,988.85,24871.0
2021-05-12 14:25:00,NSE:VOLTAS,989.0,1005.0,988.65,991.7,844909.0
2021-05-12 14:30:00,NSE:VOLTAS,992.1,994.45,985.6,988.6,425723.0
2021-05-12 14:35:00,NSE:VOLTAS,988.25,989.8,976.2,983.6,322034.0
2021-05-12 14:40:00,NSE:VOLTAS,983.45,991.0,980.2,987.45,150796.0
2021-05-12 14:45:00,NSE:VOLTAS,987.3,987.55,983.3,985.95,81281.0
2021-05-12 14:50:00,NSE:VOLTAS,985.3,986.5,972.15,975.0,183035.0
2021-05-12 14:55:00,NSE:VOLTAS,975.0,977.55,971.2,972.1,160654.0
2021-05-12 15:00:00,NSE:VOLTAS,972.25,979.0,971.95,978.4,120656.0
2021-05-12 15:05:00,NSE:VOLTAS,979.0,979.5,974.6,978.5,90396.0
2021-05-12 15:10:00,NSE:VOLTAS,978.0,978.0,970.15,971.0,98134.0
2021-05-12 15:15:00,NSE:VOLTAS,970.0,973.15,968.05,970.2,234484.0
2021-05-12 15:20:00,NSE:VOLTAS,970.2,971.9,967.65,970.0,122816.0
2021-05-12 15:25:00,NSE:VOLTAS,970.0,970.6,961.6,962.85,144395.0
2021-05-12 15:30:00,NSE:VOLTAS,961.6,961.6,961.6,961.6,1304.0
2021-05-12 15:40:00,NSE:VOLTAS,972.0,972.0,961.6,972.0,1172.0
2021-05-12 15:45:00,NSE:VOLTAS,972.0,972.0,972.0,972.0,5.0
2021-05-12 15:50:00,NSE:VOLTAS,972.0,972.0,972.0,972.0,15.0
2021-05-12 15:55:00,NSE:VOLTAS,972.0,972.0,961.6,972.0,261.0
2021-05-14 09:05:00,NSE:VOLTAS,979.0,979.0,979.0,979.0,6884.0
2021-05-14 09:15:00,NSE:VOLTAS,978.95,986.0,972.0,977.15,151099.0
2021-05-14 09:20:00,NSE:VOLTAS,977.3,979.4,970.0,979.15,76553.0
2021-05-14 09:25:00,NSE:VOLTAS,979.2,986.6,975.0,983.35,125877.0
2021-05-14 09:30:00,NSE:VOLTAS,983.35,983.95,978.05,980.6,58693.0
2021-05-14 09:35:00,NSE:VOLTAS,979.4,981.85,975.25,980.0,96391.0
2021-05-14 09:40:00,NSE:VOLTAS,980.0,983.0,978.45,982.05,73915.0
2021-05-14 09:45:00,NSE:VOLTAS,982.05,985.45,977.85,978.25,89222.0
2021-05-14 09:50:00,NSE:VOLTAS,978.65,979.15,972.0,973.3,87970.0
2021-05-14 09:55:00,NSE:VOLTAS,973.3,976.05,967.45,969.05,92730.0
2021-05-14 10:00:00,NSE:VOLTAS,968.8,971.3,964.35,966.5,73547.0
2021-05-14 10:05:00,NSE:VOLTAS,966.7,971.85,966.7,971.55,39962.0
2021-05-14 10:10:00,NSE:VOLTAS,971.8,972.0,965.6,968.75,47926.0
2021-05-14 10:15:00,NSE:VOLTAS,967.2,972.0,967.0,970.85,44478.0
2021-05-14 10:20:00,NSE:VOLTAS,971.05,975.65,970.05,973.5,45025.0
2021-05-14 10:25:00,NSE:VOLTAS,974.4,974.6,971.0,972.85,39631.0
2021-05-14 10:30:00,NSE:VOLTAS,973.15,975.55,972.85,973.55,20010.0
2021-05-14 10:35:00,NSE:VOLTAS,973.7,973.7,967.2,967.6,33067.0
2021-05-14 10:40:00,NSE:VOLTAS,968.0,971.0,967.25,970.05,24843.0
2021-05-14 10:45:00,NSE:VOLTAS,970.45,970.5,968.5,969.9,11640.0
2021-05-14 10:50:00,NSE:VOLTAS,970.0,972.4,968.7,971.65,21681.0
2021-05-14 10:55:00,NSE:VOLTAS,971.7,972.6,968.3,968.3,30823.0
2021-05-14 11:00:00,NSE:VOLTAS,968.0,971.8,968.0,969.2,23738.0
2021-05-14 11:05:00,NSE:VOLTAS,969.75,973.0,969.2,973.0,24088.0
2021-05-14 11:10:00,NSE:VOLTAS,972.6,973.7,967.25,970.15,46284.0
2021-05-14 11:15:00,NSE:VOLTAS,970.95,971.85,968.85,970.35,17368.0
2021-05-14 11:20:00,NSE:VOLTAS,969.75,971.9,967.5,971.2,31792.0
2021-05-14 11:25:00,NSE:VOLTAS,971.6,974.65,970.45,972.4,33186.0
2021-05-14 11:30:00,NSE:VOLTAS,972.6,973.5,969.35,971.55,16964.0
2021-05-14 11:35:00,NSE:VOLTAS,971.55,972.65,969.05,970.0,23551.0
2021-05-14 11:40:00,NSE:VOLTAS,970.0,971.0,967.75,968.0,39562.0
2021-05-14 11:45:00,NSE:VOLTAS,967.7,969.75,963.0,969.75,95307.0
2021-05-14 11:50:00,NSE:VOLTAS,969.8,974.95,968.0,974.0,78939.0
2021-05-14 11:55:00,NSE:VOLTAS,974.0,974.65,970.85,971.2,35340.0
2021-05-14 12:00:00,NSE:VOLTAS,971.25,972.8,968.7,970.4,40079.0
2021-05-14 12:05:00,NSE:VOLTAS,969.8,974.0,969.35,971.45,44814.0
2021-05-14 12:10:00,NSE:VOLTAS,971.65,973.0,970.0,970.25,59982.0
2021-05-14 12:15:00,NSE:VOLTAS,970.55,971.0,967.75,970.95,39468.0
2021-05-14 12:20:00,NSE:VOLTAS,971.0,971.45,969.05,970.05,14955.0
2021-05-14 12:25:00,NSE:VOLTAS,970.35,971.0,969.75,970.1,15316.0
2021-05-14 12:30:00,NSE:VOLTAS,970.45,974.0,968.6,973.15,31246.0
2021-05-14 12:35:00,NSE:VOLTAS,973.15,983.0,973.0,982.0,106775.0
2021-05-14 12:40:00,NSE:VOLTAS,982.1,986.95,978.5,978.65,133036.0
2021-05-14 12:45:00,NSE:VOLTAS,979.0,982.5,978.7,982.0,34374.0
2021-05-14 12:50:00,NSE:VOLTAS,982.25,989.45,982.0,987.2,111867.0
2021-05-14 12:55:00,NSE:VOLTAS,987.8,992.85,986.75,992.0,122974.0
2021-05-14 13:00:00,NSE:VOLTAS,991.9,995.95,991.0,992.6,149967.0
2021-05-14 13:05:00,NSE:VOLTAS,992.5,992.75,989.0,992.25,95109.0
2021-05-14 13:10:00,NSE:VOLTAS,992.35,997.0,992.3,995.85,88405.0
2021-05-14 13:15:00,NSE:VOLTAS,995.1,999.0,994.2,994.8,119364.0
2021-05-14 13:20:00,NSE:VOLTAS,994.65,997.0,993.5,995.8,55711.0
2021-05-14 13:25:00,NSE:VOLTAS,995.5,1001.9,995.5,1000.0,118805.0
2021-05-14 13:30:00,NSE:VOLTAS,1000.65,1003.9,998.0,1001.1,119709.0
2021-05-14 13:35:00,NSE:VOLTAS,1001.7,1001.7,995.05,998.85,81313.0
2021-05-14 13:40:00,NSE:VOLTAS,998.7,1000.7,998.05,999.5,57567.0
2021-05-14 13:45:00,NSE:VOLTAS,999.5,1000.55,996.45,996.8,87735.0
2021-05-14 13:50:00,NSE:VOLTAS,997.0,1009.55,997.0,1006.8,125751.0
2021-05-14 13:55:00,NSE:VOLTAS,1006.8,1008.0,1002.45,1004.15,76459.0
2021-05-14 14:00:00,NSE:VOLTAS,1004.05,1010.9,1003.05,1006.95,120777.0
2021-05-14 14:05:00,NSE:VOLTAS,1007.0,1012.75,1006.5,1009.5,141979.0
2021-05-14 14:10:00,NSE:VOLTAS,1009.55,1012.2,1006.05,1008.35,90063.0
2021-05-14 14:15:00,NSE:VOLTAS,1008.35,1010.0,1006.4,1006.9,62795.0
2021-05-14 14:20:00,NSE:VOLTAS,1006.7,1009.4,1006.7,1009.0,35029.0
2021-05-14 14:25:00,NSE:VOLTAS,1009.0,1010.0,1002.05,1005.0,73186.0
2021-05-14 14:30:00,NSE:VOLTAS,1004.55,1009.0,1004.5,1007.85,53585.0
2021-05-14 14:35:00,NSE:VOLTAS,1008.25,1012.5,1008.2,1011.65,66985.0
2021-05-14 14:40:00,NSE:VOLTAS,1011.15,1014.9,1008.0,1009.45,152880.0
2021-05-14 14:45:00,NSE:VOLTAS,1010.05,1013.95,1009.6,1010.85,65398.0
2021-05-14 14:50:00,NSE:VOLTAS,1010.8,1011.4,1007.8,1009.85,142528.0
2021-05-14 14:55:00,NSE:VOLTAS,1009.1,1009.45,1001.65,1001.65,90140.0
2021-05-14 15:00:00,NSE:VOLTAS,1001.95,1005.7,998.0,1003.5,111783.0
2021-05-14 15:05:00,NSE:VOLTAS,1004.05,1004.05,996.4,996.8,87367.0
2021-05-14 15:10:00,NSE:VOLTAS,997.2,1001.5,996.4,999.25,85860.0
2021-05-14 15:15:00,NSE:VOLTAS,999.3,1000.1,997.2,998.9,106925.0
2021-05-14 15:20:00,NSE:VOLTAS,998.9,1000.95,997.5,999.1,88769.0
2021-05-14 15:25:00,NSE:VOLTAS,999.1,1001.25,997.2,1001.25,45131.0
2021-05-14 15:30:00,NSE:VOLTAS,1000.0,1000.0,1000.0,1000.0,18.0
2021-05-14 15:40:00,NSE:VOLTAS,999.35,1000.0,999.35,999.35,783.0
2021-05-14 15:45:00,NSE:VOLTAS,999.35,999.35,999.35,999.35,10.0
2021-05-14 15:50:00,NSE:VOLTAS,999.35,999.35,999.35,999.35,3.0
2021-05-17 09:05:00,NSE:VOLTAS,1002.0,1002.0,1002.0,1002.0,4724.0
2021-05-17 09:15:00,NSE:VOLTAS,1000.0,1000.0,969.75,973.1,278402.0
2021-05-17 09:20:00,NSE:VOLTAS,973.45,976.7,966.0,972.2,136630.0
2021-05-17 09:25:00,NSE:VOLTAS,972.7,974.0,953.0,955.8,241507.0
2021-05-17 09:30:00,NSE:VOLTAS,956.45,966.75,955.85,966.45,193778.0
2021-05-17 09:35:00,NSE:VOLTAS,966.45,969.95,964.9,967.7,110279.0
2021-05-17 09:40:00,NSE:VOLTAS,967.0,968.6,962.2,963.4,139814.0
2021-05-17 09:45:00,NSE:VOLTAS,963.0,969.0,963.0,967.25,46667.0
2021-05-17 09:50:00,NSE:VOLTAS,967.25,972.5,966.3,970.7,74099.0
2021-05-17 09:55:00,NSE:VOLTAS,971.35,977.2,971.1,975.6,80945.0
2021-05-17 10:00:00,NSE:VOLTAS,975.6,978.0,975.1,977.6,57853.0
2021-05-17 10:05:00,NSE:VOLTAS,977.05,977.65,972.25,974.0,36201.0
2021-05-17 10:10:00,NSE:VOLTAS,973.75,974.9,970.1,972.4,33909.0
2021-05-17 10:15:00,NSE:VOLTAS,972.4,973.4,967.6,971.45,51046.0
2021-05-17 10:20:00,NSE:VOLTAS,971.45,971.45,965.1,968.55,54270.0
2021-05-17 10:25:00,NSE:VOLTAS,968.7,974.3,968.65,973.7,34953.0
2021-05-17 10:30:00,NSE:VOLTAS,974.65,975.9,973.2,973.8,34891.0
2021-05-17 10:35:00,NSE:VOLTAS,973.3,976.0,972.2,973.05,23167.0
2021-05-17 10:40:00,NSE:VOLTAS,973.0,975.2,968.8,970.2,34247.0
2021-05-17 10:45:00,NSE:VOLTAS,970.5,971.9,969.05,970.0,41736.0
2021-05-17 10:50:00,NSE:VOLTAS,969.75,971.05,966.05,967.9,43025.0
2021-05-17 10:55:00,NSE:VOLTAS,967.5,968.9,965.2,967.2,57371.0
2021-05-17 11:00:00,NSE:VOLTAS,967.2,969.4,967.2,968.85,20939.0
2021-05-17 11:05:00,NSE:VOLTAS,969.45,970.35,968.5,968.65,25139.0
2021-05-17 11:10:00,NSE:VOLTAS,968.6,969.7,968.0,968.45,29182.0
2021-05-17 11:15:00,NSE:VOLTAS,968.9,974.8,968.3,974.45,45853.0
2021-05-17 11:20:00,NSE:VOLTAS,973.8,975.0,973.4,973.7,30961.0
2021-05-17 11:25:00,NSE:VOLTAS,973.7,974.0,972.9,973.35,9680.0
2021-05-17 11:30:00,NSE:VOLTAS,973.55,973.9,972.9,973.5,5994.0
2021-05-17 11:35:00,NSE:VOLTAS,973.5,974.5,971.55,972.9,14853.0
2021-05-17 11:40:00,NSE:VOLTAS,972.95,974.5,972.9,973.2,8107.0
2021-05-17 11:45:00,NSE:VOLTAS,973.1,975.0,972.55,974.6,10347.0
2021-05-17 11:50:00,NSE:VOLTAS,974.6,974.9,973.3,973.6,7278.0
2021-05-17 11:55:00,NSE:VOLTAS,974.0,975.0,973.6,975.0,10766.0
2021-05-17 12:00:00,NSE:VOLTAS,975.0,975.0,974.0,974.1,5976.0
2021-05-17 12:05:00,NSE:VOLTAS,974.1,975.0,973.5,974.7,11972.0
2021-05-17 12:10:00,NSE:VOLTAS,975.0,976.5,974.05,974.05,31113.0
2021-05-17 12:15:00,NSE:VOLTAS,974.5,975.95,974.5,975.1,7727.0
2021-05-17 12:20:00,NSE:VOLTAS,975.5,975.7,973.15,973.9,13595.0
2021-05-17 12:25:00,NSE:VOLTAS,974.0,975.7,973.9,975.45,9987.0
2021-05-17 12:30:00,NSE:VOLTAS,975.25,977.95,975.0,976.85,28167.0
2021-05-17 12:35:00,NSE:VOLTAS,976.85,977.35,975.25,975.95,13515.0
2021-05-17 12:40:00,NSE:VOLTAS,975.95,976.6,975.5,976.0,10440.0
2021-05-17 12:45:00,NSE:VOLTAS,975.85,977.45,975.65,977.45,12022.0
2021-05-17 12:50:00,NSE:VOLTAS,976.8,977.5,975.0,976.0,18053.0
2021-05-17 12:55:00,NSE:VOLTAS,975.8,977.45,975.8,976.75,8994.0
2021-05-17 13:00:00,NSE:VOLTAS,976.45,978.0,976.3,978.0,11533.0
2021-05-17 13:05:00,NSE:VOLTAS,977.65,981.8,977.65,980.8,55363.0
2021-05-17 13:10:00,NSE:VOLTAS,980.8,985.0,980.75,982.6,85480.0
2021-05-17 13:15:00,NSE:VOLTAS,982.6,982.6,977.0,977.35,53263.0
2021-05-17 13:20:00,NSE:VOLTAS,977.35,978.55,977.35,977.8,12045.0
2021-05-17 13:25:00,NSE:VOLTAS,977.8,980.0,977.6,980.0,12155.0
2021-05-17 13:30:00,NSE:VOLTAS,980.0,982.35,979.8,982.35,25408.0
2021-05-17 13:35:00,NSE:VOLTAS,982.0,984.0,979.65,983.5,29396.0
2021-05-17 13:40:00,NSE:VOLTAS,983.5,983.5,980.45,981.8,8560.0
2021-05-17 13:45:00,NSE:VOLTAS,981.6,982.0,980.65,981.9,8586.0
2021-05-17 13:50:00,NSE:VOLTAS,981.4,981.55,979.35,980.0,14182.0
2021-05-17 13:55:00,NSE:VOLTAS,980.0,982.85,980.0,982.85,10816.0
2021-05-17 14:00:00,NSE:VOLTAS,982.5,982.9,980.25,982.0,11016.0
2021-05-17 14:05:00,NSE:VOLTAS,982.0,982.45,980.9,982.25,10572.0
2021-05-17 14:10:00,NSE:VOLTAS,982.7,984.55,982.0,983.65,18616.0
2021-05-17 14:15:00,NSE:VOLTAS,983.55,983.55,982.0,983.0,15049.0
2021-05-17 14:20:00,NSE:VOLTAS,983.1,984.55,982.95,984.0,16722.0
2021-05-17 14:25:00,NSE:VOLTAS,983.6,984.85,983.6,983.6,17992.0
2021-05-17 14:30:00,NSE:VOLTAS,984.3,986.65,984.3,985.95,32665.0
2021-05-17 14:35:00,NSE:VOLTAS,986.0,988.75,986.0,987.9,51118.0
2021-05-17 14:40:00,NSE:VOLTAS,988.0,988.7,984.85,985.55,27311.0
2021-05-17 14:45:00,NSE:VOLTAS,985.55,985.55,983.15,983.75,21952.0
2021-05-17 14:50:00,NSE:VOLTAS,984.25,985.0,982.5,982.5,26983.0
2021-05-17 14:55:00,NSE:VOLTAS,982.4,983.8,981.2,983.8,27799.0
2021-05-17 15:00:00,NSE:VOLTAS,983.3,984.9,981.5,984.35,24597.0
2021-05-17 15:05:00,NSE:VOLTAS,984.35,984.45,983.05,983.9,18468.0
2021-05-17 15:10:00,NSE:VOLTAS,983.9,984.7,983.0,983.75,26733.0
2021-05-17 15:15:00,NSE:VOLTAS,983.75,985.0,983.1,984.1,46036.0
2021-05-17 15:20:00,NSE:VOLTAS,984.1,985.0,982.0,982.05,30519.0
2021-05-17 15:25:00,NSE:VOLTAS,982.1,984.95,982.1,983.5,30766.0
2021-05-17 15:30:00,NSE:VOLTAS,983.5,983.5,983.5,983.5,80.0
2021-05-17 15:40:00,NSE:VOLTAS,983.65,983.65,983.65,983.65,46.0
2021-05-17 15:45:00,NSE:VOLTAS,983.65,983.65,983.65,983.65,50.0
2021-05-17 15:50:00,NSE:VOLTAS,983.65,983.65,983.5,983.65,60.0
2021-05-17 15:55:00,NSE:VOLTAS,983.65,983.65,983.5,983.5,155.0
2021-05-18 09:05:00,NSE:VOLTAS,990.0,990.0,990.0,990.0,984.0
2021-05-18 09:15:00,NSE:VOLTAS,989.95,1000.55,988.0,1000.35,122162.0
2021-05-18 09:20:00,NSE:VOLTAS,999.65,1005.1,998.2,999.9,105535.0
2021-05-18 09:25:00,NSE:VOLTAS,1000.7,1003.8,999.45,1001.75,43792.0
2021-05-18 09:30:00,NSE:VOLTAS,1001.8,1002.2,989.3,992.1,77663.0
2021-05-18 09:35:00,NSE:VOLTAS,992.35,997.0,990.2,996.85,45662.0
2021-05-18 09:40:00,NSE:VOLTAS,996.25,999.15,996.1,997.4,44434.0
2021-05-18 09:45:00,NSE:VOLTAS,997.0,998.35,996.05,996.7,14345.0
2021-05-18 09:50:00,NSE:VOLTAS,996.5,996.7,990.9,991.0,57009.0
2021-05-18 09:55:00,NSE:VOLTAS,991.3,993.95,987.8,993.95,40985.0
2021-05-18 10:00:00,NSE:VOLTAS,993.95,993.95,990.0,991.1,14673.0
2021-05-18 10:05:00,NSE:VOLTAS,991.0,992.0,990.0,990.0,19058.0
2021-05-18 10:10:00,NSE:VOLTAS,990.0,990.55,988.0,989.3,21951.0
2021-05-18 10:15:00,NSE:VOLTAS,988.85,990.4,988.2,989.2,13715.0
2021-05-18 10:20:00,NSE:VOLTAS,988.95,990.0,988.0,989.25,9604.0
2021-05-18 10:25:00,NSE:VOLTAS,989.5,990.0,985.1,986.15,36580.0
2021-05-18 10:30:00,NSE:VOLTAS,986.5,988.8,986.5,987.95,13413.0
2021-05-18 10:35:00,NSE:VOLTAS,987.95,990.1,987.25,990.1,14218.0
2021-05-18 10:40:00,NSE:VOLTAS,989.35,991.15,988.65,990.8,13444.0
2021-05-18 10:45:00,NSE:VOLTAS,990.3,991.0,989.5,990.05,15354.0
2021-05-18 10:50:00,NSE:VOLTAS,990.55,991.0,990.15,990.25,7296.0
2021-05-18 10:55:00,NSE:VOLTAS,990.3,992.0,990.2,991.9,14474.0
2021-05-18 11:00:00,NSE:VOLTAS,991.55,992.0,990.0,990.7,12826.0
2021-05-18 11:05:00,NSE:VOLTAS,990.7,991.0,990.2,990.7,7986.0
2021-05-18 11:10:00,NSE:VOLTAS,990.7,991.7,990.6,991.45,7731.0
2021-05-18 11:15:00,NSE:VOLTAS,991.2,991.5,988.25,989.4,26398.0
2021-05-18 11:20:00,NSE:VOLTAS,989.4,989.95,987.6,989.2,15117.0
2021-05-18 11:25:00,NSE:VOLTAS,989.25,991.5,989.2,990.0,11166.0
2021-05-18 11:30:00,NSE:VOLTAS,990.1,990.1,989.25,989.5,7545.0
2021-05-18 11:35:00,NSE:VOLTAS,989.6,990.0,989.0,989.45,7315.0
2021-05-18 11:40:00,NSE:VOLTAS,989.0,990.0,989.0,989.3,4579.0
2021-05-18 11:45:00,NSE:VOLTAS,989.3,990.0,987.65,989.95,9757.0
2021-05-18 11:50:00,NSE:VOLTAS,989.95,990.45,988.65,989.5,5707.0
2021-05-18 11:55:00,NSE:VOLTAS,989.5,991.0,989.5,990.85,8697.0
2021-05-18 12:00:00,NSE:VOLTAS,990.85,993.0,990.4,992.15,19668.0
2021-05-18 12:05:00,NSE:VOLTAS,992.2,992.7,992.0,992.5,13375.0
2021-05-18 12:10:00,NSE:VOLTAS,992.45,992.8,991.5,991.75,11603.0
2021-05-18 12:15:00,NSE:VOLTAS,991.75,991.9,989.85,990.85,10685.0
2021-05-18 12:20:00,NSE:VOLTAS,990.4,991.15,989.65,990.7,7212.0
2021-05-18 12:25:00,NSE:VOLTAS,990.45,991.15,989.6,989.6,9578.0
2021-05-18 12:30:00,NSE:VOLTAS,989.65,991.7,989.5,989.85,14194.0
2021-05-18 12:35:00,NSE:VOLTAS,989.85,991.1,989.55,991.1,6498.0
2021-05-18 12:40:00,NSE:VOLTAS,990.6,991.15,990.0,990.15,5112.0
2021-05-18 12:45:00,NSE:VOLTAS,990.0,991.3,990.0,990.55,9413.0
2021-05-18 12:50:00,NSE:VOLTAS,990.55,990.75,989.3,989.5,8157.0
2021-05-18 12:55:00,NSE:VOLTAS,989.5,989.65,988.05,988.5,8612.0
2021-05-18 13:00:00,NSE:VOLTAS,988.2,989.85,987.6,989.4,8882.0
2021-05-18 13:05:00,NSE:VOLTAS,989.4,991.0,989.0,990.4,8576.0
2021-05-18 13:10:00,NSE:VOLTAS,990.3,990.95,989.3,989.65,9163.0
2021-05-18 13:15:00,NSE:VOLTAS,989.65,992.8,989.3,992.35,15281.0
2021-05-18 13:20:00,NSE:VOLTAS,992.3,995.0,992.3,994.6,58076.0
2021-05-18 13:25:00,NSE:VOLTAS,994.8,996.6,994.0,994.7,33812.0
2021-05-18 13:30:00,NSE:VOLTAS,994.7,995.6,993.6,993.75,12966.0
2021-05-18 13:35:00,NSE:VOLTAS,993.75,994.25,992.65,992.8,10771.0
2021-05-18 13:40:00,NSE:VOLTAS,992.8,993.95,992.15,992.6,9505.0
2021-05-18 13:45:00,NSE:VOLTAS,992.55,992.95,991.3,991.45,15200.0
2021-05-18 13:50:00,NSE:VOLTAS,991.35,992.45,990.75,991.35,11078.0
2021-05-18 13:55:00,NSE:VOLTAS,991.3,991.85,989.6,990.5,13201.0
2021-05-18 14:00:00,NSE:VOLTAS,990.5,991.85,990.0,990.55,18437.0
2021-05-18 14:05:00,NSE:VOLTAS,990.2,992.4,990.2,991.9,11057.0
2021-05-18 14:10:00,NSE:VOLTAS,991.8,992.2,991.25,991.5,4981.0
2021-05-18 14:15:00,NSE:VOLTAS,991.5,993.0,991.15,992.85,7651.0
2021-05-18 14:20:00,NSE:VOLTAS,992.5,993.0,991.55,992.65,12459.0
2021-05-18 14:25:00,NSE:VOLTAS,992.5,992.8,991.65,992.05,8998.0
2021-05-18 14:30:00,NSE:VOLTAS,992.05,999.45,991.4,999.45,99470.0
2021-05-18 14:35:00,NSE:VOLTAS,999.45,999.9,999.0,999.45,48853.0
2021-05-18 14:40:00,NSE:VOLTAS,999.45,999.75,999.0,999.7,20394.0
2021-05-18 14:45:00,NSE:VOLTAS,999.2,1008.5,999.15,1008.2,141723.0
2021-05-18 14:50:00,NSE:VOLTAS,1008.7,1013.25,1006.05,1006.05,227867.0
2021-05-18 14:55:00,NSE:VOLTAS,1006.05,1009.8,1004.15,1009.15,59156.0
2021-05-18 15:00:00,NSE:VOLTAS,1009.8,1011.3,1007.7,1008.2,59256.0
2021-05-18 15:05:00,NSE:VOLTAS,1008.2,1010.25,1007.3,1008.0,50672.0
2021-05-18 15:10:00,NSE:VOLTAS,1008.0,1008.0,1005.0,1006.05,51206.0
2021-05-18 15:15:00,NSE:VOLTAS,1006.1,1007.3,1003.6,1007.0,66934.0
2021-05-18 15:20:00,NSE:VOLTAS,1007.0,1008.9,1006.3,1007.7,48811.0
2021-05-18 15:25:00,NSE:VOLTAS,1007.75,1010.5,1007.7,1009.85,44508.0
2021-05-18 15:40:00,NSE:VOLTAS,1007.75,1009.85,1007.75,1007.75,17.0
2021-05-18 15:45:00,NSE:VOLTAS,1007.75,1007.75,1007.75,1007.75,2.0
2021-05-19 09:05:00,NSE:VOLTAS,1009.0,1009.0,1009.0,1009.0,4032.0
2021-05-19 09:15:00,NSE:VOLTAS,1009.0,1018.85,1008.45,1017.1,142761.0
2021-05-19 09:20:00,NSE:VOLTAS,1017.8,1026.0,1013.7,1025.0,225817.0
2021-05-19 09:25:00,NSE:VOLTAS,1025.65,1028.5,1020.35,1026.05,146775.0
2021-05-19 09:30:00,NSE:VOLTAS,1026.8,1026.8,1023.6,1023.6,73874.0
2021-05-19 09:35:00,NSE:VOLTAS,1024.0,1025.75,1022.0,1025.55,60766.0
2021-05-19 09:40:00,NSE:VOLTAS,1025.95,1030.0,1023.7,1027.7,137364.0
2021-05-19 09:45:00,NSE:VOLTAS,1027.5,1028.8,1020.65,1021.25,146615.0
2021-05-19 09:50:00,NSE:VOLTAS,1021.35,1022.9,1018.3,1022.9,91936.0
2021-05-19 09:55:00,NSE:VOLTAS,1022.55,1029.0,1022.55,1029.0,78691.0
2021-05-19 10:00:00,NSE:VOLTAS,1028.9,1032.9,1028.55,1031.5,166635.0
2021-05-19 10:05:00,NSE:VOLTAS,1032.0,1033.9,1027.2,1028.5,148739.0
2021-05-19 10:10:00,NSE:VOLTAS,1028.25,1028.95,1026.0,1027.05,49174.0
2021-05-19 10:15:00,NSE:VOLTAS,1026.55,1029.15,1024.8,1025.9,63903.0
2021-05-19 10:20:00,NSE:VOLTAS,1025.9,1026.45,1021.4,1021.5,78826.0
2021-05-19 10:25:00,NSE:VOLTAS,1021.55,1025.8,1020.9,1024.1,48666.0
2021-05-19 10:30:00,NSE:VOLTAS,1024.1,1025.0,1021.25,1021.4,31654.0
2021-05-19 10:35:00,NSE:VOLTAS,1021.05,1023.5,1019.8,1020.15,60267.0
2021-05-19 10:40:00,NSE:VOLTAS,1020.15,1024.0,1020.0,1023.65,40448.0
2021-05-19 10:45:00,NSE:VOLTAS,1023.65,1025.0,1022.05,1022.3,46707.0
2021-05-19 10:50:00,NSE:VOLTAS,1022.15,1023.9,1022.0,1023.35,32847.0
2021-05-19 10:55:00,NSE:VOLTAS,1023.35,1023.9,1020.55,1021.6,25736.0
2021-05-19 11:00:00,NSE:VOLTAS,1021.65,1021.95,1019.05,1019.8,73155.0
2021-05-19 11:05:00,NSE:VOLTAS,1019.85,1020.45,1016.95,1020.0,60416.0
2021-05-19 11:10:00,NSE:VOLTAS,1019.95,1020.0,1018.2,1019.45,22196.0
2021-05-19 11:15:00,NSE:VOLTAS,1019.1,1019.3,1015.0,1015.1,90253.0
2021-05-19 11:20:00,NSE:VOLTAS,1015.1,1016.0,1015.1,1015.9,21018.0
2021-05-19 11:25:00,NSE:VOLTAS,1015.8,1017.7,1015.3,1015.45,132663.0
2021-05-19 11:30:00,NSE:VOLTAS,1015.45,1016.6,1015.45,1016.2,125289.0
2021-05-19 11:35:00,NSE:VOLTAS,1016.3,1016.5,1013.9,1014.05,42830.0
2021-05-19 11:40:00,NSE:VOLTAS,1013.9,1016.5,1013.6,1015.5,25207.0
2021-05-19 11:45:00,NSE:VOLTAS,1015.75,1016.5,1015.35,1016.5,16025.0
2021-05-19 11:50:00,NSE:VOLTAS,1016.5,1016.85,1014.1,1016.75,19757.0
2021-05-19 11:55:00,NSE:VOLTAS,1016.8,1019.6,1016.75,1018.25,31574.0
2021-05-19 12:00:00,NSE:VOLTAS,1018.45,1020.0,1017.55,1017.6,39836.0
2021-05-19 12:05:00,NSE:VOLTAS,1018.0,1019.1,1017.35,1017.9,12648.0
2021-05-19 12:10:00,NSE:VOLTAS,1017.9,1018.75,1017.3,1018.4,14752.0
2021-05-19 12:15:00,NSE:VOLTAS,1018.55,1018.55,1017.7,1018.15,6660.0
2021-05-19 12:20:00,NSE:VOLTAS,1018.15,1019.75,1018.15,1019.75,16115.0
2021-05-19 12:25:00,NSE:VOLTAS,1019.95,1022.0,1019.65,1021.75,36228.0
2021-05-19 12:30:00,NSE:VOLTAS,1021.75,1022.0,1019.9,1021.35,20893.0
2021-05-19 12:35:00,NSE:VOLTAS,1021.45,1023.25,1020.5,1023.05,24699.0
2021-05-19 12:40:00,NSE:VOLTAS,1023.05,1023.5,1021.5,1023.0,25583.0
2021-05-19 12:45:00,NSE:VOLTAS,1023.3,1023.3,1021.45,1021.7,17758.0
2021-05-19 12:50:00,NSE:VOLTAS,1021.7,1021.95,1017.45,1018.0,25275.0
2021-05-19 12:55:00,NSE:VOLTAS,1017.5,1018.45,1016.5,1018.2,18107.0
2021-05-19 13:00:00,NSE:VOLTAS,1018.4,1019.4,1017.55,1018.1,21652.0
2021-05-19 13:05:00,NSE:VOLTAS,1018.55,1018.55,1017.4,1017.9,8687.0
2021-05-19 13:10:00,NSE:VOLTAS,1017.9,1019.95,1017.9,1019.85,8749.0
2021-05-19 13:15:00,NSE:VOLTAS,1019.7,1021.9,1019.3,1020.85,20036.0
2021-05-19 13:20:00,NSE:VOLTAS,1020.85,1021.45,1019.5,1019.85,8918.0
2021-05-19 13:25:00,NSE:VOLTAS,1019.95,1021.4,1019.7,1021.35,13556.0
2021-05-19 13:30:00,NSE:VOLTAS,1021.1,1021.3,1019.65,1019.95,15264.0
2021-05-19 13:35:00,NSE:VOLTAS,1020.1,1020.6,1018.6,1018.6,32796.0
2021-05-19 13:40:00,NSE:VOLTAS,1019.0,1022.0,1018.1,1020.95,42032.0
2021-05-19 13:45:00,NSE:VOLTAS,1020.95,1020.95,1018.6,1019.05,19823.0
2021-05-19 13:50:00,NSE:VOLTAS,1019.1,1021.0,1018.75,1020.1,12130.0
2021-05-19 13:55:00,NSE:VOLTAS,1020.55,1021.6,1019.1,1019.75,25362.0
2021-05-19 14:00:00,NSE:VOLTAS,1019.75,1020.6,1019.2,1020.35,9985.0
2021-05-19 14:05:00,NSE:VOLTAS,1020.35,1021.2,1020.0,1021.0,7618.0
2021-05-19 14:10:00,NSE:VOLTAS,1021.05,1021.2,1019.1,1019.35,13488.0
2021-05-19 14:15:00,NSE:VOLTAS,1019.65,1019.8,1018.25,1019.55,19624.0
2021-05-19 14:20:00,NSE:VOLTAS,1019.55,1019.7,1018.65,1018.8,8311.0
2021-05-19 14:25:00,NSE:VOLTAS,1018.85,1020.0,1018.85,1019.2,12979.0
2021-05-19 14:30:00,NSE:VOLTAS,1019.6,1019.6,1015.6,1018.15,38142.0
2021-05-19 14:35:00,NSE:VOLTAS,1017.8,1020.6,1017.8,1020.6,25613.0
2021-05-19 14:40:00,NSE:VOLTAS,1021.0,1021.5,1020.2,1021.2,26106.0
2021-05-19 14:45:00,NSE:VOLTAS,1021.3,1021.7,1020.6,1021.65,14176.0
2021-05-19 14:50:00,NSE:VOLTAS,1021.65,1023.25,1018.2,1022.5,51876.0
2021-05-19 14:55:00,NSE:VOLTAS,1022.4,1023.8,1022.0,1022.1,30722.0
2021-05-19 15:00:00,NSE:VOLTAS,1022.1,1023.0,1020.25,1020.8,36405.0
2021-05-19 15:05:00,NSE:VOLTAS,1021.0,1021.0,1018.3,1019.35,33347.0
2021-05-19 15:10:00,NSE:VOLTAS,1019.5,1021.0,1019.05,1019.8,44258.0
2021-05-19 15:15:00,NSE:VOLTAS,1020.0,1021.0,1019.4,1021.0,53678.0
2021-05-19 15:20:00,NSE:VOLTAS,1020.4,1021.0,1018.45,1019.95,50409.0
2021-05-19 15:25:00,NSE:VOLTAS,1019.95,1020.0,1015.5,1016.55,18585.0
2021-05-19 15:30:00,NSE:VOLTAS,1016.5,1016.5,1016.5,1016.5,124.0
2021-05-19 15:40:00,NSE:VOLTAS,1020.0,1020.0,1016.5,1020.0,570.0
2021-05-19 15:45:00,NSE:VOLTAS,1020.0,1020.0,1020.0,1020.0,32.0
2021-05-19 15:50:00,NSE:VOLTAS,1020.0,1020.0,1020.0,1020.0,15.0
2021-05-19 15:55:00,NSE:VOLTAS,1020.0,1020.0,1016.5,1016.5,201.0
2021-05-20 09:05:00,NSE:VOLTAS,1022.0,1022.0,1022.0,1022.0,2799.0
2021-05-20 09:15:00,NSE:VOLTAS,1023.95,1029.75,1023.1,1024.4,87246.0
2021-05-20 09:20:00,NSE:VOLTAS,1024.35,1026.0,1013.25,1015.15,82811.0
2021-05-20 09:25:00,NSE:VOLTAS,1015.9,1017.35,1006.3,1008.0,63595.0
2021-05-20 09:30:00,NSE:VOLTAS,1007.05,1012.45,1000.6,1012.0,116258.0
2021-05-20 09:35:00,NSE:VOLTAS,1012.2,1016.55,1011.25,1014.5,51868.0
2021-05-20 09:40:00,NSE:VOLTAS,1014.5,1020.0,1014.45,1019.65,30694.0
2021-05-20 09:45:00,NSE:VOLTAS,1020.0,1020.0,1012.0,1013.3,32466.0
2021-05-20 09:50:00,NSE:VOLTAS,1013.55,1015.05,1013.05,1015.05,5546.0
2021-05-20 09:55:00,NSE:VOLTAS,1015.55,1015.85,1014.0,1014.7,12357.0
2021-05-20 10:00:00,NSE:VOLTAS,1014.7,1015.8,1013.45,1013.45,10982.0
2021-05-20 10:05:00,NSE:VOLTAS,1013.05,1015.0,1013.05,1014.0,5692.0
2021-05-20 10:10:00,NSE:VOLTAS,1014.0,1015.5,1013.1,1014.95,11889.0
2021-05-20 10:15:00,NSE:VOLTAS,1014.4,1015.2,1013.8,1014.25,3395.0
2021-05-20 10:20:00,NSE:VOLTAS,1014.1,1015.0,1013.0,1013.1,22675.0
2021-05-20 10:25:00,NSE:VOLTAS,1013.8,1013.8,1008.85,1008.85,20212.0
2021-05-20 10:30:00,NSE:VOLTAS,1008.5,1009.0,1004.95,1009.0,35922.0
2021-05-20 10:35:00,NSE:VOLTAS,1009.0,1010.0,1006.9,1009.35,13414.0
2021-05-20 10:40:00,NSE:VOLTAS,1009.75,1009.9,1007.4,1009.15,6324.0
2021-05-20 10:45:00,NSE:VOLTAS,1009.7,1009.85,1008.05,1008.65,5351.0
2021-05-20 10:50:00,NSE:VOLTAS,1009.2,1012.85,1008.55,1010.85,13264.0
2021-05-20 10:55:00,NSE:VOLTAS,1010.95,1014.55,1010.2,1013.25,12284.0
2021-05-20 11:00:00,NSE:VOLTAS,1013.4,1013.7,1012.1,1012.8,5413.0
2021-05-20 11:05:00,NSE:VOLTAS,1012.5,1013.2,1012.0,1012.0,5401.0
2021-05-20 11:10:00,NSE:VOLTAS,1012.0,1012.4,1011.65,1011.7,1756.0
2021-05-20 11:15:00,NSE:VOLTAS,1011.65,1012.7,1011.05,1011.05,2534.0
2021-05-20 11:20:00,NSE:VOLTAS,1011.5,1011.5,1009.1,1009.9,15094.0
2021-05-20 11:25:00,NSE:VOLTAS,1009.9,1011.0,1008.5,1008.5,4569.0
2021-05-20 11:30:00,NSE:VOLTAS,1009.0,1010.9,1009.0,1010.75,5078.0
2021-05-20 11:35:00,NSE:VOLTAS,1010.75,1010.95,1009.85,1010.55,8683.0
2021-05-20 11:40:00,NSE:VOLTAS,1010.55,1012.25,1010.55,1012.25,9705.0
2021-05-20 11:45:00,NSE:VOLTAS,1012.25,1012.6,1011.8,1012.6,2232.0
2021-05-20 11:50:00,NSE:VOLTAS,1012.6,1013.6,1012.5,1012.95,5206.0
2021-05-20 11:55:00,NSE:VOLTAS,1012.65,1014.9,1012.65,1014.4,5866.0
2021-05-20 12:00:00,NSE:VOLTAS,1014.15,1017.05,1014.1,1016.45,23997.0
2021-05-20 12:05:00,NSE:VOLTAS,1016.4,1019.1,1015.85,1016.15,19882.0
2021-05-20 12:10:00,NSE:VOLTAS,1016.25,1019.1,1015.4,1018.55,16933.0
2021-05-20 12:15:00,NSE:VOLTAS,1018.55,1019.0,1016.0,1016.05,7280.0
2021-05-20 12:20:00,NSE:VOLTAS,1016.05,1018.45,1015.4,1017.75,10757.0
2021-05-20 12:25:00,NSE:VOLTAS,1017.4,1018.0,1016.1,1016.9,4167.0
2021-05-20 12:30:00,NSE:VOLTAS,1016.9,1016.9,1015.5,1016.35,8072.0
2021-05-20 12:35:00,NSE:VOLTAS,1016.45,1017.0,1015.65,1015.7,3508.0
2021-05-20 12:40:00,NSE:VOLTAS,1015.7,1016.2,1014.95,1016.0,7771.0
2021-05-20 12:45:00,NSE:VOLTAS,1015.95,1016.3,1015.0,1015.15,6222.0
2021-05-20 12:50:00,NSE:VOLTAS,1015.3,1015.4,1013.2,1014.0,10961.0
2021-05-20 12:55:00,NSE:VOLTAS,1013.7,1014.0,1012.65,1012.65,6260.0
2021-05-20 13:00:00,NSE:VOLTAS,1012.7,1015.1,1012.4,1014.8,7284.0
2021-05-20 13:05:00,NSE:VOLTAS,1014.8,1014.8,1013.8,1013.95,3610.0
2021-05-20 13:10:00,NSE:VOLTAS,1013.95,1014.0,1012.1,1012.25,6521.0
2021-05-20 13:15:00,NSE:VOLTAS,1012.45,1013.75,1012.2,1013.5,6356.0
2021-05-20 13:20:00,NSE:VOLTAS,1013.1,1014.5,1012.55,1014.5,2695.0
2021-05-20 13:25:00,NSE:VOLTAS,1014.15,1014.75,1012.9,1013.75,2325.0
2021-05-20 13:30:00,NSE:VOLTAS,1013.4,1014.1,1012.35,1013.5,3995.0
2021-05-20 13:35:00,NSE:VOLTAS,1013.05,1013.9,1012.6,1013.8,4136.0
2021-05-20 13:40:00,NSE:VOLTAS,1012.7,1014.2,1012.35,1014.2,6744.0
2021-05-20 13:45:00,NSE:VOLTAS,1013.7,1016.7,1013.25,1016.1,10550.0
2021-05-20 13:50:00,NSE:VOLTAS,1015.55,1016.4,1014.5,1016.2,8068.0
2021-05-20 13:55:00,NSE:VOLTAS,1016.2,1016.2,1014.1,1015.0,7552.0
2021-05-20 14:00:00,NSE:VOLTAS,1015.4,1016.0,1014.0,1016.0,5419.0
2021-05-20 14:05:00,NSE:VOLTAS,1015.95,1015.95,1014.05,1014.8,4975.0
2021-05-20 14:10:00,NSE:VOLTAS,1014.05,1015.45,1012.9,1012.9,5164.0
2021-05-20 14:15:00,NSE:VOLTAS,1013.8,1013.8,1012.1,1013.1,5381.0
2021-05-20 14:20:00,NSE:VOLTAS,1013.1,1014.8,1012.55,1013.05,6618.0
2021-05-20 14:25:00,NSE:VOLTAS,1013.4,1013.95,1012.5,1013.75,6708.0
2021-05-20 14:30:00,NSE:VOLTAS,1013.75,1013.75,1010.45,1011.95,13428.0
2021-05-20 14:35:00,NSE:VOLTAS,1011.45,1012.35,1010.45,1011.0,7100.0
2021-05-20 14:40:00,NSE:VOLTAS,1011.0,1012.0,1010.25,1012.0,5555.0
2021-05-20 14:45:00,NSE:VOLTAS,1012.0,1012.0,1010.9,1011.65,12663.0
2021-05-20 14:50:00,NSE:VOLTAS,1011.65,1011.95,1009.0,1009.0,13042.0
2021-05-20 14:55:00,NSE:VOLTAS,1009.0,1010.95,1009.0,1009.4,14599.0
2021-05-20 15:00:00,NSE:VOLTAS,1010.0,1011.0,1008.1,1009.5,22356.0
2021-05-20 15:05:00,NSE:VOLTAS,1009.5,1010.25,1008.3,1008.5,18758.0
2021-05-20 15:10:00,NSE:VOLTAS,1008.45,1010.0,1006.5,1009.4,26449.0
2021-05-20 15:15:00,NSE:VOLTAS,1009.05,1010.0,1008.0,1009.8,25923.0
2021-05-20 15:20:00,NSE:VOLTAS,1009.5,1010.4,1007.3,1008.0,21202.0
2021-05-20 15:25:00,NSE:VOLTAS,1008.45,1011.0,1006.0,1008.0,18524.0
2021-05-20 15:40:00,NSE:VOLTAS,1008.9,1008.9,1008.0,1008.0,58.0
2021-05-21 09:05:00,NSE:VOLTAS,1010.0,1010.0,1010.0,1010.0,719.0
2021-05-21 09:15:00,NSE:VOLTAS,1009.2,1015.65,1006.05,1006.45,67484.0
2021-05-21 09:20:00,NSE:VOLTAS,1006.05,1009.0,1004.2,1006.25,35502.0
2021-05-21 09:25:00,NSE:VOLTAS,1005.6,1006.4,1002.15,1005.2,35249.0
2021-05-21 09:30:00,NSE:VOLTAS,1005.75,1006.85,1003.0,1006.1,18976.0
2021-05-21 09:35:00,NSE:VOLTAS,1006.05,1006.75,1004.4,1005.55,7310.0
2021-05-21 09:40:00,NSE:VOLTAS,1005.15,1005.9,1004.45,1005.45,9703.0
2021-05-21 09:45:00,NSE:VOLTAS,1005.5,1006.0,1003.5,1005.1,7593.0
2021-05-21 09:50:00,NSE:VOLTAS,1005.0,1005.0,994.0,994.0,74297.0
2021-05-21 09:55:00,NSE:VOLTAS,994.0,1001.75,992.9,1001.65,51475.0
2021-05-21 10:00:00,NSE:VOLTAS,1000.7,1001.6,998.45,1001.5,29140.0
2021-05-21 10:05:00,NSE:VOLTAS,1001.7,1008.7,1000.15,1005.0,45761.0
2021-05-21 10:10:00,NSE:VOLTAS,1005.15,1007.5,1004.9,1006.0,17824.0
2021-05-21 10:15:00,NSE:VOLTAS,1006.35,1015.0,1005.9,1011.45,174267.0
2021-05-21 10:20:00,NSE:VOLTAS,1011.1,1013.0,1008.35,1012.55,43421.0
2021-05-21 10:25:00,NSE:VOLTAS,1012.55,1016.65,1012.25,1014.55,53245.0
2021-05-21 10:30:00,NSE:VOLTAS,1014.3,1015.65,1013.0,1015.0,43788.0
2021-05-21 10:35:00,NSE:VOLTAS,1015.0,1015.0,1006.85,1009.0,29794.0
2021-05-21 10:40:00,NSE:VOLTAS,1009.0,1009.0,1006.45,1007.0,15099.0
2021-05-21 10:45:00,NSE:VOLTAS,1006.75,1007.6,1004.0,1007.45,26536.0
2021-05-21 10:50:00,NSE:VOLTAS,1007.05,1007.5,1005.0,1005.1,5848.0
2021-05-21 10:55:00,NSE:VOLTAS,1005.95,1006.0,1004.0,1005.25,6947.0
2021-05-21 11:00:00,NSE:VOLTAS,1005.8,1006.45,1005.2,1006.0,4083.0
2021-05-21 11:05:00,NSE:VOLTAS,1006.05,1009.0,1006.0,1007.75,11297.0
2021-05-21 11:10:00,NSE:VOLTAS,1007.2,1007.6,1005.95,1006.5,10062.0
2021-05-21 11:15:00,NSE:VOLTAS,1006.05,1007.05,1005.55,1007.05,2599.0
2021-05-21 11:20:00,NSE:VOLTAS,1007.25,1009.0,1006.65,1008.7,6752.0
2021-05-21 11:25:00,NSE:VOLTAS,1008.6,1009.6,1008.55,1008.8,3045.0
2021-05-21 11:30:00,NSE:VOLTAS,1008.8,1009.35,1007.55,1007.55,5365.0
2021-05-21 11:35:00,NSE:VOLTAS,1007.55,1009.3,1007.55,1008.5,2589.0
2021-05-21 11:40:00,NSE:VOLTAS,1008.3,1008.45,1007.4,1008.0,3348.0
2021-05-21 11:45:00,NSE:VOLTAS,1008.0,1008.8,1007.65,1008.5,4435.0
2021-05-21 11:50:00,NSE:VOLTAS,1008.1,1008.45,1007.0,1007.45,2030.0
2021-05-21 11:55:00,NSE:VOLTAS,1007.45,1007.95,1006.5,1006.85,4035.0
2021-05-21 12:00:00,NSE:VOLTAS,1007.0,1007.25,1006.15,1006.7,7940.0
2021-05-21 12:05:00,NSE:VOLTAS,1007.25,1008.1,1007.0,1007.15,1734.0
2021-05-21 12:10:00,NSE:VOLTAS,1007.3,1007.3,1006.5,1006.8,1919.0
2021-05-21 12:15:00,NSE:VOLTAS,1006.95,1007.5,1004.85,1004.85,9551.0
2021-05-21 12:20:00,NSE:VOLTAS,1004.65,1007.7,1004.1,1006.25,7288.0
2021-05-21 12:25:00,NSE:VOLTAS,1006.35,1006.65,1005.5,1006.15,2208.0
2021-05-21 12:30:00,NSE:VOLTAS,1006.45,1006.95,1005.6,1006.0,2943.0
2021-05-21 12:35:00,NSE:VOLTAS,1006.05,1006.05,1001.05,1002.1,25397.0
2021-05-21 12:40:00,NSE:VOLTAS,1002.1,1003.8,1001.8,1002.75,13955.0
2021-05-21 12:45:00,NSE:VOLTAS,1002.75,1004.95,1002.25,1003.75,8447.0
2021-05-21 12:50:00,NSE:VOLTAS,1003.3,1003.8,1001.15,1001.3,12492.0
2021-05-21 12:55:00,NSE:VOLTAS,1001.3,1003.3,1000.6,1003.0,9319.0
2021-05-21 13:00:00,NSE:VOLTAS,1003.0,1003.2,1001.55,1001.55,6301.0
2021-05-21 13:05:00,NSE:VOLTAS,1001.5,1002.5,1001.1,1002.15,4493.0
2021-05-21 13:10:00,NSE:VOLTAS,1002.15,1002.9,1001.0,1001.0,12916.0
2021-05-21 13:15:00,NSE:VOLTAS,1001.0,1001.2,1000.2,1000.95,16037.0
2021-05-21 13:20:00,NSE:VOLTAS,1000.95,1001.45,1000.5,1000.5,5135.0
2021-05-21 13:25:00,NSE:VOLTAS,1000.55,1001.0,998.35,1000.0,21442.0
2021-05-21 13:30:00,NSE:VOLTAS,1000.45,1002.3,1000.0,1002.0,11339.0
2021-05-21 13:35:00,NSE:VOLTAS,1002.3,1002.35,1000.8,1000.9,6209.0
2021-05-21 13:40:00,NSE:VOLTAS,1001.25,1002.75,1000.6,1002.25,6721.0
2021-05-21 13:45:00,NSE:VOLTAS,1002.25,1002.7,1001.45,1002.0,4572.0
2021-05-21 13:50:00,NSE:VOLTAS,1002.0,1002.95,1001.35,1001.95,4355.0
2021-05-21 13:55:00,NSE:VOLTAS,1002.0,1002.5,1001.4,1002.0,2823.0
2021-05-21 14:00:00,NSE:VOLTAS,1002.25,1003.75,1002.05,1003.1,4979.0
2021-05-21 14:05:00,NSE:VOLTAS,1003.1,1003.95,1002.2,1003.25,3573.0
2021-05-21 14:10:00,NSE:VOLTAS,1003.9,1005.4,1003.9,1004.9,9739.0
2021-05-21 14:15:00,NSE:VOLTAS,1004.5,1005.0,1002.5,1002.55,3290.0
2021-05-21 14:20:00,NSE:VOLTAS,1002.55,1003.6,1002.25,1002.25,3895.0
2021-05-21 14:25:00,NSE:VOLTAS,1002.15,1003.4,1001.9,1002.9,4390.0
2021-05-21 14:30:00,NSE:VOLTAS,1003.4,1003.55,1002.5,1002.55,14854.0
2021-05-21 14:35:00,NSE:VOLTAS,1002.55,1003.8,1002.5,1003.2,4320.0
2021-05-21 14:40:00,NSE:VOLTAS,1003.2,1005.15,1003.15,1004.05,6088.0
2021-05-21 14:45:00,NSE:VOLTAS,1004.6,1005.0,1003.15,1003.6,6307.0
2021-05-21 14:50:00,NSE:VOLTAS,1003.6,1004.2,1002.4,1003.3,4409.0
2021-05-21 14:55:00,NSE:VOLTAS,1003.5,1003.55,1001.55,1003.2,8078.0
2021-05-21 15:00:00,NSE:VOLTAS,1003.75,1003.75,999.0,1000.05,27706.0
2021-05-21 15:05:00,NSE:VOLTAS,1000.0,1001.25,1000.0,1001.15,12416.0
2021-05-21 15:10:00,NSE:VOLTAS,1001.2,1001.2,998.0,998.35,56915.0
2021-05-21 15:15:00,NSE:VOLTAS,998.35,1000.75,998.0,1000.0,28327.0
2021-05-21 15:20:00,NSE:VOLTAS,999.85,1000.5,998.0,999.2,36120.0
2021-05-21 15:25:00,NSE:VOLTAS,999.2,999.9,997.1,997.15,25219.0
2021-05-21 15:30:00,NSE:VOLTAS,998.0,998.0,998.0,998.0,25.0
2021-05-21 15:40:00,NSE:VOLTAS,999.85,999.85,998.0,999.85,555.0
2021-05-21 15:45:00,NSE:VOLTAS,999.85,999.85,999.85,999.85,13.0
2021-05-21 15:50:00,NSE:VOLTAS,999.85,999.85,998.0,998.0,164.0
2021-05-21 15:55:00,NSE:VOLTAS,999.85,999.85,998.0,998.0,434.0
2021-05-24 09:05:00,NSE:VOLTAS,1002.0,1002.0,1002.0,1002.0,384.0
2021-05-24 09:15:00,NSE:VOLTAS,999.95,1007.95,998.0,1004.25,53797.0
2021-05-24 09:20:00,NSE:VOLTAS,1004.2,1009.0,1003.7,1007.95,28052.0
2021-05-24 09:25:00,NSE:VOLTAS,1007.65,1007.95,1005.3,1005.9,18069.0
2021-05-24 09:30:00,NSE:VOLTAS,1005.9,1007.3,1004.75,1005.5,29169.0
2021-05-24 09:35:00,NSE:VOLTAS,1006.0,1006.75,1002.75,1003.0,14260.0
2021-05-24 09:40:00,NSE:VOLTAS,1002.65,1003.3,1000.25,1001.65,27682.0
2021-05-24 09:45:00,NSE:VOLTAS,1001.6,1001.95,996.15,999.45,32576.0
2021-05-24 09:50:00,NSE:VOLTAS,999.05,1001.0,998.85,1001.0,14355.0
2021-05-24 09:55:00,NSE:VOLTAS,1001.0,1002.95,1000.75,1001.2,22067.0
2021-05-24 10:00:00,NSE:VOLTAS,1000.3,1001.2,997.0,999.0,9974.0
2021-05-24 10:05:00,NSE:VOLTAS,998.55,999.95,997.95,999.0,7261.0
2021-05-24 10:10:00,NSE:VOLTAS,999.4,1000.8,998.85,999.95,6514.0
2021-05-24 10:15:00,NSE:VOLTAS,1000.6,1003.0,1000.2,1002.6,7542.0
2021-05-24 10:20:00,NSE:VOLTAS,1003.0,1003.0,1001.55,1002.9,3853.0
2021-05-24 10:25:00,NSE:VOLTAS,1002.5,1002.5,1000.7,1001.5,3560.0
2021-05-24 10:30:00,NSE:VOLTAS,1001.2,1002.45,1001.2,1001.45,3398.0
2021-05-24 10:35:00,NSE:VOLTAS,1001.45,1002.85,1001.45,1002.65,4850.0
2021-05-24 10:40:00,NSE:VOLTAS,1002.65,1004.65,1001.35,1001.85,7113.0
2021-05-24 10:45:00,NSE:VOLTAS,1002.0,1002.45,1000.0,1001.15,7956.0
2021-05-24 10:50:00,NSE:VOLTAS,1000.8,1001.95,1000.8,1001.95,5155.0
2021-05-24 10:55:00,NSE:VOLTAS,1002.15,1002.95,1001.65,1002.25,6858.0
2021-05-24 11:00:00,NSE:VOLTAS,1002.25,1002.5,999.3,1000.0,20365.0
2021-05-24 11:05:00,NSE:VOLTAS,1000.0,1001.0,993.05,994.1,35243.0
2021-05-24 11:10:00,NSE:VOLTAS,994.7,996.25,992.25,993.1,91663.0
2021-05-24 11:15:00,NSE:VOLTAS,993.75,995.5,993.2,993.95,30518.0
2021-05-24 11:20:00,NSE:VOLTAS,993.95,997.2,993.85,996.75,11353.0
2021-05-24 11:25:00,NSE:VOLTAS,996.25,997.5,995.25,997.4,60841.0
2021-05-24 11:30:00,NSE:VOLTAS,997.35,999.8,997.35,997.9,12374.0
2021-05-24 11:35:00,NSE:VOLTAS,998.35,999.55,998.35,999.55,6455.0
2021-05-24 11:40:00,NSE:VOLTAS,999.3,1001.5,999.3,999.9,46261.0
2021-05-24 11:45:00,NSE:VOLTAS,1000.0,1009.9,999.8,1009.6,123396.0
2021-05-24 11:50:00,NSE:VOLTAS,1009.55,1011.0,1006.0,1006.55,55356.0
2021-05-24 11:55:00,NSE:VOLTAS,1006.2,1006.75,1002.0,1004.75,22312.0
2021-05-24 12:00:00,NSE:VOLTAS,1004.75,1007.0,1004.45,1007.0,9008.0
2021-05-24 12:05:00,NSE:VOLTAS,1007.0,1007.0,1005.0,1005.5,5048.0
2021-05-24 12:10:00,NSE:VOLTAS,1005.0,1005.9,1004.35,1005.7,3852.0
2021-05-24 12:15:00,NSE:VOLTAS,1005.35,1008.0,1005.0,1006.7,7219.0
2021-05-24 12:20:00,NSE:VOLTAS,1006.2,1006.75,1004.4,1005.45,14268.0
2021-05-24 12:25:00,NSE:VOLTAS,1005.55,1007.15,1005.5,1006.75,5294.0
2021-05-24 12:30:00,NSE:VOLTAS,1006.0,1007.85,1005.5,1007.85,4152.0
2021-05-24 12:35:00,NSE:VOLTAS,1007.5,1007.8,1006.5,1007.5,3632.0
2021-05-24 12:40:00,NSE:VOLTAS,1006.9,1007.2,1006.5,1007.2,6060.0
2021-05-24 12:45:00,NSE:VOLTAS,1007.2,1008.4,1007.0,1007.85,8271.0
2021-05-24 12:50:00,NSE:VOLTAS,1007.2,1007.8,1006.4,1006.4,6438.0
2021-05-24 12:55:00,NSE:VOLTAS,1006.4,1006.95,1006.0,1006.15,3055.0
2021-05-24 13:00:00,NSE:VOLTAS,1006.2,1006.9,1005.35,1006.75,6476.0
2021-05-24 13:05:00,NSE:VOLTAS,1006.2,1006.75,1005.3,1005.3,4904.0
2021-05-24 13:10:00,NSE:VOLTAS,1005.95,1006.4,1005.1,1006.4,3543.0
2021-05-24 13:15:00,NSE:VOLTAS,1006.55,1008.0,1006.55,1007.6,4840.0
2021-05-24 13:20:00,NSE:VOLTAS,1007.35,1008.5,1007.35,1007.8,3128.0
2021-05-24 13:25:00,NSE:VOLTAS,1007.8,1008.5,1007.35,1008.45,4814.0
2021-05-24 13:30:00,NSE:VOLTAS,1008.0,1008.2,1007.1,1008.15,4118.0
2021-05-24 13:35:00,NSE:VOLTAS,1008.15,1008.2,1006.9,1007.35,4075.0
2021-05-24 13:40:00,NSE:VOLTAS,1007.0,1007.75,1006.95,1007.1,1719.0
2021-05-24 13:45:00,NSE:VOLTAS,1007.1,1008.0,1006.35,1007.5,5022.0
2021-05-24 13:50:00,NSE:VOLTAS,1007.9,1008.0,1006.85,1007.05,1382.0
2021-05-24 13:55:00,NSE:VOLTAS,1006.8,1007.35,1006.25,1007.0,6783.0
2021-05-24 14:00:00,NSE:VOLTAS,1007.15,1007.75,1005.5,1005.5,7309.0
2021-05-24 14:05:00,NSE:VOLTAS,1005.5,1006.95,1005.05,1006.1,16949.0
2021-05-24 14:10:00,NSE:VOLTAS,1006.1,1006.4,1002.35,1002.4,14469.0
2021-05-24 14:15:00,NSE:VOLTAS,1002.4,1004.0,1001.0,1001.05,14237.0
2021-05-24 14:20:00,NSE:VOLTAS,1001.05,1002.5,1000.0,1000.15,23590.0
2021-05-24 14:25:00,NSE:VOLTAS,1000.75,1001.75,1000.1,1000.1,6589.0
2021-05-24 14:30:00,NSE:VOLTAS,1000.35,1001.35,1000.15,1001.0,7064.0
2021-05-24 14:35:00,NSE:VOLTAS,1001.0,1002.1,1000.9,1001.45,6864.0
2021-05-24 14:40:00,NSE:VOLTAS,1001.05,1002.5,1000.2,1001.0,11832.0
2021-05-24 14:45:00,NSE:VOLTAS,1001.0,1001.5,998.7,999.0,12165.0
2021-05-24 14:50:00,NSE:VOLTAS,998.7,1001.45,998.7,1000.4,15307.0
2021-05-24 14:55:00,NSE:VOLTAS,1000.4,1000.85,999.85,1000.45,14876.0
2021-05-24 15:00:00,NSE:VOLTAS,1000.0,1001.65,1000.0,1000.45,24039.0
2021-05-24 15:05:00,NSE:VOLTAS,1000.45,1000.55,997.0,998.0,21465.0
2021-05-24 15:10:00,NSE:VOLTAS,998.6,999.15,993.6,995.15,39559.0
2021-05-24 15:15:00,NSE:VOLTAS,995.15,996.95,994.45,996.75,18983.0
2021-05-24 15:20:00,NSE:VOLTAS,996.8,996.95,993.3,994.3,33575.0
2021-05-24 15:25:00,NSE:VOLTAS,994.3,996.0,994.0,996.0,22452.0
2021-05-24 15:40:00,NSE:VOLTAS,996.6,996.6,996.0,996.0,151.0
2021-05-24 15:45:00,NSE:VOLTAS,996.6,996.6,996.6,996.6,2.0
2021-05-25 09:05:00,NSE:VOLTAS,998.0,998.0,998.0,998.0,1340.0
2021-05-25 09:15:00,NSE:VOLTAS,1002.0,1005.3,1001.5,1001.95,44577.0
2021-05-25 09:20:00,NSE:VOLTAS,1001.95,1001.95,1000.05,1001.35,22734.0
2021-05-25 09:25:00,NSE:VOLTAS,1000.95,1001.8,999.65,1000.25,15537.0
2021-05-25 09:30:00,NSE:VOLTAS,1000.25,1001.7,998.3,1001.55,30200.0
2021-05-25 09:35:00,NSE:VOLTAS,1001.45,1003.7,1000.65,1002.75,22025.0
2021-05-25 09:40:00,NSE:VOLTAS,1002.5,1003.0,1000.7,1002.15,15767.0
2021-05-25 09:45:00,NSE:VOLTAS,1002.15,1005.0,1001.0,1004.0,24481.0
2021-05-25 09:50:00,NSE:VOLTAS,1003.95,1003.95,1002.05,1002.05,8418.0
2021-05-25 09:55:00,NSE:VOLTAS,1002.5,1004.6,1002.35,1004.45,8240.0
2021-05-25 10:00:00,NSE:VOLTAS,1004.45,1005.0,1004.15,1004.5,6771.0
2021-05-25 10:05:00,NSE:VOLTAS,1004.2,1004.9,1003.4,1004.6,8273.0
2021-05-25 10:10:00,NSE:VOLTAS,1004.25,1004.95,1003.55,1003.7,5576.0
2021-05-25 10:15:00,NSE:VOLTAS,1003.45,1006.55,1003.45,1005.7,23320.0
2021-05-25 10:20:00,NSE:VOLTAS,1005.7,1006.0,1005.2,1005.6,5822.0
2021-05-25 10:25:00,NSE:VOLTAS,1005.25,1005.6,1004.1,1004.1,4889.0
2021-05-25 10:30:00,NSE:VOLTAS,1004.05,1005.0,1002.9,1003.5,4242.0
2021-05-25 10:35:00,NSE:VOLTAS,1003.85,1004.4,1003.45,1004.0,2646.0
2021-05-25 10:40:00,NSE:VOLTAS,1004.35,1004.35,1002.5,1003.0,8814.0
2021-05-25 10:45:00,NSE:VOLTAS,1002.95,1003.0,1000.7,1002.1,15441.0
2021-05-25 10:50:00,NSE:VOLTAS,1001.55,1002.0,1001.05,1001.3,4933.0
2021-05-25 10:55:00,NSE:VOLTAS,1001.1,1001.95,1001.0,1001.9,3576.0
2021-05-25 11:00:00,NSE:VOLTAS,1001.9,1003.0,1001.4,1003.0,5712.0
2021-05-25 11:05:00,NSE:VOLTAS,1003.0,1003.2,1002.0,1002.8,4041.0
2021-05-25 11:10:00,NSE:VOLTAS,1002.25,1002.25,1001.35,1001.65,2558.0
2021-05-25 11:15:00,NSE:VOLTAS,1001.6,1001.6,999.5,1000.95,13235.0
2021-05-25 11:20:00,NSE:VOLTAS,1000.95,1001.5,1000.0,1000.8,6587.0
2021-05-25 11:25:00,NSE:VOLTAS,1001.25,1001.25,1000.1,1000.35,4709.0
2021-05-25 11:30:00,NSE:VOLTAS,1000.35,1001.2,1000.0,1000.9,4627.0
2021-05-25 11:35:00,NSE:VOLTAS,1000.45,1001.2,1000.15,1000.85,2811.0
2021-05-25 11:40:00,NSE:VOLTAS,1000.8,1001.15,999.3,1000.5,8602.0
2021-05-25 11:45:00,NSE:VOLTAS,1000.85,1002.6,1000.8,1002.05,5840.0
2021-05-25 11:50:00,NSE:VOLTAS,1002.4,1002.5,999.75,999.95,25740.0
2021-05-25 11:55:00,NSE:VOLTAS,999.6,1000.65,999.3,999.45,11535.0
2021-05-25 12:00:00,NSE:VOLTAS,999.5,1000.55,999.25,999.95,11301.0
2021-05-25 12:05:00,NSE:VOLTAS,1000.0,1001.2,999.95,1000.6,4152.0
2021-05-25 12:10:00,NSE:VOLTAS,1000.9,1003.35,1000.6,1003.2,14641.0
2021-05-25 12:15:00,NSE:VOLTAS,1002.75,1003.15,1001.35,1002.45,7077.0
2021-05-25 12:20:00,NSE:VOLTAS,1002.1,1002.75,1002.1,1002.2,3250.0
2021-05-25 12:25:00,NSE:VOLTAS,1002.65,1003.15,1001.85,1002.8,11290.0
2021-05-25 12:30:00,NSE:VOLTAS,1002.2,1003.0,1001.55,1003.0,7815.0
2021-05-25 12:35:00,NSE:VOLTAS,1003.0,1004.0,1002.95,1003.8,8474.0
2021-05-25 12:40:00,NSE:VOLTAS,1003.5,1004.0,1003.2,1003.8,4593.0
2021-05-25 12:45:00,NSE:VOLTAS,1003.5,1003.5,1002.15,1002.3,2517.0
2021-05-25 12:50:00,NSE:VOLTAS,1002.0,1002.4,1001.0,1001.0,5014.0
2021-05-25 12:55:00,NSE:VOLTAS,1001.4,1001.4,998.0,998.95,29362.0
2021-05-25 13:00:00,NSE:VOLTAS,998.0,998.15,995.0,995.35,35563.0
2021-05-25 13:05:00,NSE:VOLTAS,995.35,995.35,991.35,993.0,49459.0
2021-05-25 13:10:00,NSE:VOLTAS,992.55,993.0,991.0,992.45,33993.0
2021-05-25 13:15:00,NSE:VOLTAS,992.2,993.0,990.0,993.0,23365.0
2021-05-25 13:20:00,NSE:VOLTAS,992.45,994.2,992.45,993.5,11759.0
2021-05-25 13:25:00,NSE:VOLTAS,993.5,994.0,992.7,993.7,17379.0
2021-05-25 13:30:00,NSE:VOLTAS,993.7,994.35,992.4,992.5,10186.0
2021-05-25 13:35:00,NSE:VOLTAS,992.5,992.6,991.0,992.1,11199.0
2021-05-25 13:40:00,NSE:VOLTAS,992.3,993.55,991.55,991.95,12810.0
2021-05-25 13:45:00,NSE:VOLTAS,991.55,992.05,991.0,991.45,7666.0
2021-05-25 13:50:00,NSE:VOLTAS,991.7,992.7,991.1,992.15,5037.0
2021-05-25 13:55:00,NSE:VOLTAS,992.45,992.75,991.65,992.05,8472.0
2021-05-25 14:00:00,NSE:VOLTAS,991.95,991.95,990.4,990.8,8447.0
2021-05-25 14:05:00,NSE:VOLTAS,990.3,992.45,990.3,992.1,11611.0
2021-05-25 14:10:00,NSE:VOLTAS,992.1,992.25,985.0,987.75,50077.0
2021-05-25 14:15:00,NSE:VOLTAS,987.9,989.2,987.55,987.85,11833.0
2021-05-25 14:20:00,NSE:VOLTAS,987.75,989.7,987.2,988.55,11551.0
2021-05-25 14:25:00,NSE:VOLTAS,988.1,988.35,986.9,987.35,9010.0
2021-05-25 14:30:00,NSE:VOLTAS,987.45,990.95,987.05,989.65,20863.0
2021-05-25 14:35:00,NSE:VOLTAS,990.0,990.85,989.0,989.15,9832.0
2021-05-25 14:40:00,NSE:VOLTAS,989.15,990.85,987.9,988.7,12175.0
2021-05-25 14:45:00,NSE:VOLTAS,988.7,991.6,988.45,991.5,12429.0
2021-05-25 14:50:00,NSE:VOLTAS,990.9,991.35,989.4,990.2,5942.0
2021-05-25 14:55:00,NSE:VOLTAS,989.9,990.35,988.1,988.5,6509.0
2021-05-25 15:00:00,NSE:VOLTAS,988.5,989.95,987.1,989.95,15197.0
2021-05-25 15:05:00,NSE:VOLTAS,989.5,990.0,987.55,988.75,15927.0
2021-05-25 15:10:00,NSE:VOLTAS,988.75,988.8,986.4,987.35,21369.0
2021-05-25 15:15:00,NSE:VOLTAS,986.9,989.55,986.6,988.5,30832.0
2021-05-25 15:20:00,NSE:VOLTAS,988.65,989.0,987.5,988.2,19692.0
2021-05-25 15:25:00,NSE:VOLTAS,988.2,988.8,988.0,988.0,19905.0
2021-05-25 15:30:00,NSE:VOLTAS,988.0,988.0,988.0,988.0,1.0
2021-05-25 15:40:00,NSE:VOLTAS,988.2,988.2,988.0,988.2,100.0
2021-05-25 15:45:00,NSE:VOLTAS,988.2,988.2,988.0,988.0,167.0
2021-05-25 15:50:00,NSE:VOLTAS,988.2,988.2,988.2,988.2,338.0
2021-05-25 15:55:00,NSE:VOLTAS,988.2,988.2,988.2,988.2,10.0
2021-05-26 09:05:00,NSE:VOLTAS,990.0,990.0,990.0,990.0,754.0
2021-05-26 09:15:00,NSE:VOLTAS,990.9,994.65,988.0,989.6,73695.0
2021-05-26 09:20:00,NSE:VOLTAS,990.0,992.2,977.45,977.65,106149.0
2021-05-26 09:25:00,NSE:VOLTAS,978.25,983.5,977.3,983.4,40467.0
2021-05-26 09:30:00,NSE:VOLTAS,982.95,983.3,980.65,982.5,30088.0
2021-05-26 09:35:00,NSE:VOLTAS,982.7,984.0,977.95,978.2,46619.0
2021-05-26 09:40:00,NSE:VOLTAS,978.6,979.75,975.1,975.1,39615.0
2021-05-26 09:45:00,NSE:VOLTAS,975.1,980.25,975.1,979.6,43947.0
2021-05-26 09:50:00,NSE:VOLTAS,979.45,985.0,979.45,984.95,45029.0
2021-05-26 09:55:00,NSE:VOLTAS,984.95,988.25,984.95,987.6,33790.0
2021-05-26 10:00:00,NSE:VOLTAS,987.35,988.0,985.1,985.4,23130.0
2021-05-26 10:05:00,NSE:VOLTAS,985.4,987.45,985.4,986.75,13486.0
2021-05-26 10:10:00,NSE:VOLTAS,986.9,988.55,986.5,987.8,17097.0
2021-05-26 10:15:00,NSE:VOLTAS,987.7,989.9,987.7,989.7,18761.0
2021-05-26 10:20:00,NSE:VOLTAS,989.7,990.55,987.0,988.25,36855.0
2021-05-26 10:25:00,NSE:VOLTAS,988.25,990.7,988.25,989.9,25948.0
2021-05-26 10:30:00,NSE:VOLTAS,989.9,990.55,989.35,990.0,8292.0
2021-05-26 10:35:00,NSE:VOLTAS,989.0,989.85,987.95,989.65,24441.0
2021-05-26 10:40:00,NSE:VOLTAS,989.75,990.5,989.0,990.0,17156.0
2021-05-26 10:45:00,NSE:VOLTAS,990.0,992.25,989.8,991.75,19729.0
2021-05-26 10:50:00,NSE:VOLTAS,991.8,992.8,991.3,992.45,16280.0
2021-05-26 10:55:00,NSE:VOLTAS,992.7,993.1,992.1,992.95,9351.0
2021-05-26 11:00:00,NSE:VOLTAS,992.7,993.95,992.05,993.95,14229.0
2021-05-26 11:05:00,NSE:VOLTAS,994.0,994.7,992.5,994.05,16195.0
2021-05-26 11:10:00,NSE:VOLTAS,993.95,994.95,993.5,994.25,14548.0
2021-05-26 11:15:00,NSE:VOLTAS,994.8,995.0,993.85,994.95,14548.0
2021-05-26 11:20:00,NSE:VOLTAS,994.45,995.5,994.05,994.05,16433.0
2021-05-26 11:25:00,NSE:VOLTAS,994.05,994.25,992.5,993.1,20591.0
2021-05-26 11:30:00,NSE:VOLTAS,993.1,994.0,993.05,994.0,12184.0
2021-05-26 11:35:00,NSE:VOLTAS,993.9,994.0,989.1,989.8,21573.0
2021-05-26 11:40:00,NSE:VOLTAS,989.2,990.45,988.5,989.35,10146.0
2021-05-26 11:45:00,NSE:VOLTAS,989.3,989.3,987.0,987.5,28137.0
2021-05-26 11:50:00,NSE:VOLTAS,987.5,987.5,985.6,986.3,14227.0
2021-05-26 11:55:00,NSE:VOLTAS,986.3,986.7,985.5,986.1,9614.0
2021-05-26 12:00:00,NSE:VOLTAS,986.0,987.1,985.05,985.7,27327.0
2021-05-26 12:05:00,NSE:VOLTAS,985.75,987.0,985.0,985.15,16756.0
2021-05-26 12:10:00,NSE:VOLTAS,985.2,986.0,985.2,985.65,6990.0
2021-05-26 12:15:00,NSE:VOLTAS,985.65,986.05,985.25,985.35,7792.0
2021-05-26 12:20:00,NSE:VOLTAS,985.35,986.05,985.35,985.95,8927.0
2021-05-26 12:25:00,NSE:VOLTAS,985.95,989.0,985.95,988.55,20056.0
2021-05-26 12:30:00,NSE:VOLTAS,989.05,992.1,988.9,992.1,9614.0
2021-05-26 12:35:00,NSE:VOLTAS,991.55,992.5,991.45,992.25,16367.0
2021-05-26 12:40:00,NSE:VOLTAS,992.2,992.4,990.65,991.85,13170.0
2021-05-26 12:45:00,NSE:VOLTAS,991.95,993.0,991.6,991.9,11758.0
2021-05-26 12:50:00,NSE:VOLTAS,991.85,992.75,991.65,992.4,3945.0
2021-05-26 12:55:00,NSE:VOLTAS,992.4,992.45,991.45,992.05,8181.0
2021-05-26 13:00:00,NSE:VOLTAS,992.05,992.4,990.9,991.5,5212.0
2021-05-26 13:05:00,NSE:VOLTAS,992.0,992.3,991.15,991.15,3716.0
2021-05-26 13:10:00,NSE:VOLTAS,991.15,991.95,991.0,991.05,3341.0
2021-05-26 13:15:00,NSE:VOLTAS,991.1,991.25,990.45,990.55,5757.0
2021-05-26 13:20:00,NSE:VOLTAS,990.65,990.9,990.0,990.5,4491.0
2021-05-26 13:25:00,NSE:VOLTAS,990.5,993.0,990.5,992.4,11875.0
2021-05-26 13:30:00,NSE:VOLTAS,992.4,992.6,989.85,990.6,67275.0
2021-05-26 13:35:00,NSE:VOLTAS,990.6,991.8,990.3,990.9,2030.0
2021-05-26 13:40:00,NSE:VOLTAS,990.9,991.9,990.25,990.7,3201.0
2021-05-26 13:45:00,NSE:VOLTAS,990.95,992.25,990.95,992.25,3917.0
2021-05-26 13:50:00,NSE:VOLTAS,992.25,992.25,991.35,991.6,1416.0
2021-05-26 13:55:00,NSE:VOLTAS,991.25,992.0,991.05,991.7,5291.0
2021-05-26 14:00:00,NSE:VOLTAS,991.75,991.95,990.7,991.5,1683.0
2021-05-26 14:05:00,NSE:VOLTAS,991.2,991.5,990.35,991.4,3765.0
2021-05-26 14:10:00,NSE:VOLTAS,991.4,991.4,990.4,991.3,3941.0
2021-05-26 14:15:00,NSE:VOLTAS,991.25,991.3,990.0,990.9,2145.0
2021-05-26 14:20:00,NSE:VOLTAS,991.0,991.0,990.15,990.85,2581.0
2021-05-26 14:25:00,NSE:VOLTAS,990.85,991.7,988.05,989.25,9762.0
2021-05-26 14:30:00,NSE:VOLTAS,989.25,989.5,988.0,988.7,10989.0
2021-05-26 14:35:00,NSE:VOLTAS,988.7,989.0,988.15,988.5,3398.0
2021-05-26 14:40:00,NSE:VOLTAS,988.7,989.0,988.25,988.5,5066.0
2021-05-26 14:45:00,NSE:VOLTAS,988.95,988.95,986.55,987.9,11669.0
2021-05-26 14:50:00,NSE:VOLTAS,988.0,988.0,986.1,986.7,7155.0
2021-05-26 14:55:00,NSE:VOLTAS,986.7,987.95,986.7,987.0,8594.0
2021-05-26 15:00:00,NSE:VOLTAS,987.65,988.45,986.3,987.8,31991.0
2021-05-26 15:05:00,NSE:VOLTAS,987.8,988.35,987.0,988.0,21963.0
2021-05-26 15:10:00,NSE:VOLTAS,988.0,990.0,987.5,989.9,27592.0
2021-05-26 15:15:00,NSE:VOLTAS,989.9,991.4,989.5,990.7,29319.0
2021-05-26 15:20:00,NSE:VOLTAS,990.65,991.55,990.4,991.45,16366.0
2021-05-26 15:25:00,NSE:VOLTAS,991.5,992.55,991.0,992.0,17776.0
2021-05-26 15:30:00,NSE:VOLTAS,992.25,992.25,992.25,992.25,25.0
2021-05-26 15:40:00,NSE:VOLTAS,989.3,989.3,989.3,989.3,20.0
2021-05-26 15:50:00,NSE:VOLTAS,989.3,989.3,989.3,989.3,45.0
2021-05-26 15:55:00,NSE:VOLTAS,989.3,989.3,989.3,989.3,8.0
2021-05-27 09:05:00,NSE:VOLTAS,995.0,995.0,995.0,995.0,660.0
2021-05-27 09:15:00,NSE:VOLTAS,994.9,997.7,987.0,987.8,49587.0
2021-05-27 09:20:00,NSE:VOLTAS,988.2,990.95,988.2,990.05,22130.0
2021-05-27 09:25:00,NSE:VOLTAS,989.4,991.6,985.3,990.8,35661.0
2021-05-27 09:30:00,NSE:VOLTAS,990.25,991.2,989.5,989.75,12020.0
2021-05-27 09:35:00,NSE:VOLTAS,989.95,993.55,989.6,992.8,23069.0
2021-05-27 09:40:00,NSE:VOLTAS,992.8,992.8,989.1,990.5,12917.0
2021-05-27 09:45:00,NSE:VOLTAS,989.9,990.4,987.25,987.95,13397.0
2021-05-27 09:50:00,NSE:VOLTAS,987.8,989.15,986.35,989.15,9469.0
2021-05-27 09:55:00,NSE:VOLTAS,989.3,989.85,987.2,989.5,12069.0
2021-05-27 10:00:00,NSE:VOLTAS,989.6,990.3,989.0,989.9,13377.0
2021-05-27 10:05:00,NSE:VOLTAS,989.9,992.15,989.9,992.15,9859.0
2021-05-27 10:10:00,NSE:VOLTAS,992.2,995.0,991.75,994.5,44753.0
2021-05-27 10:15:00,NSE:VOLTAS,994.5,997.0,993.85,996.6,48852.0
2021-05-27 10:20:00,NSE:VOLTAS,996.8,998.45,996.2,996.7,39188.0
2021-05-27 10:25:00,NSE:VOLTAS,996.6,997.25,993.1,996.45,23752.0
2021-05-27 10:30:00,NSE:VOLTAS,996.45,996.7,994.0,995.45,17523.0
2021-05-27 10:35:00,NSE:VOLTAS,995.0,995.6,994.3,994.8,7496.0
2021-05-27 10:40:00,NSE:VOLTAS,994.05,994.55,993.0,994.2,12694.0
2021-05-27 10:45:00,NSE:VOLTAS,994.5,997.5,994.1,997.4,13574.0
2021-05-27 10:50:00,NSE:VOLTAS,997.45,998.0,996.6,996.7,19362.0
2021-05-27 10:55:00,NSE:VOLTAS,996.8,997.0,995.05,996.0,8761.0
2021-05-27 11:00:00,NSE:VOLTAS,995.55,997.0,995.4,996.8,4686.0
2021-05-27 11:05:00,NSE:VOLTAS,996.8,996.8,995.05,995.9,9740.0
2021-05-27 11:10:00,NSE:VOLTAS,995.85,996.2,994.65,995.8,7012.0
2021-05-27 11:15:00,NSE:VOLTAS,995.75,996.75,995.35,996.65,6081.0
2021-05-27 11:20:00,NSE:VOLTAS,996.3,997.0,995.5,996.3,6886.0
2021-05-27 11:25:00,NSE:VOLTAS,996.75,997.8,996.0,996.0,9499.0
2021-05-27 11:30:00,NSE:VOLTAS,996.0,996.5,995.0,995.5,6238.0
2021-05-27 11:35:00,NSE:VOLTAS,995.0,996.3,994.9,995.35,6616.0
2021-05-27 11:40:00,NSE:VOLTAS,995.9,995.9,993.6,994.85,10552.0
2021-05-27 11:45:00,NSE:VOLTAS,994.4,995.5,994.35,994.9,3377.0
2021-05-27 11:50:00,NSE:VOLTAS,994.9,995.7,994.6,995.15,2717.0
2021-05-27 11:55:00,NSE:VOLTAS,995.15,995.35,994.35,994.95,5189.0
2021-05-27 12:00:00,NSE:VOLTAS,994.4,995.0,993.65,994.3,1480.0
2021-05-27 12:05:00,NSE:VOLTAS,994.0,994.55,993.4,993.95,5119.0
2021-05-27 12:10:00,NSE:VOLTAS,993.3,994.85,993.15,993.85,6911.0
2021-05-27 12:15:00,NSE:VOLTAS,993.8,994.65,993.0,994.45,12725.0
2021-05-27 12:20:00,NSE:VOLTAS,993.9,997.0,993.9,996.05,13679.0
2021-05-27 12:25:00,NSE:VOLTAS,996.1,1001.75,996.1,1001.05,58586.0
2021-05-27 12:30:00,NSE:VOLTAS,1001.05,1001.5,1000.0,1000.85,18517.0
2021-05-27 12:35:00,NSE:VOLTAS,1000.6,1000.8,998.55,999.85,8517.0
2021-05-27 12:40:00,NSE:VOLTAS,999.8,999.8,997.6,997.85,8433.0
2021-05-27 12:45:00,NSE:VOLTAS,997.8,998.7,997.25,998.25,13283.0
2021-05-27 12:50:00,NSE:VOLTAS,998.25,998.65,998.05,998.4,5788.0
2021-05-27 12:55:00,NSE:VOLTAS,998.45,998.5,997.55,997.55,6057.0
2021-05-27 13:00:00,NSE:VOLTAS,997.2,997.55,994.5,995.25,11329.0
2021-05-27 13:05:00,NSE:VOLTAS,995.6,995.95,995.1,995.1,4660.0
2021-05-27 13:10:00,NSE:VOLTAS,995.1,996.15,995.1,995.65,3165.0
2021-05-27 13:15:00,NSE:VOLTAS,995.2,995.6,994.45,994.75,6690.0
2021-05-27 13:20:00,NSE:VOLTAS,994.5,996.15,994.45,994.6,7958.0
2021-05-27 13:25:00,NSE:VOLTAS,994.6,994.85,993.5,994.4,10844.0
2021-05-27 13:30:00,NSE:VOLTAS,994.5,994.75,993.8,994.35,2407.0
2021-05-27 13:35:00,NSE:VOLTAS,994.1,995.0,994.0,994.85,3937.0
2021-05-27 13:40:00,NSE:VOLTAS,994.85,996.4,994.85,996.0,5981.0
2021-05-27 13:45:00,NSE:VOLTAS,996.0,996.85,994.9,996.85,17037.0
2021-05-27 13:50:00,NSE:VOLTAS,996.45,996.95,995.5,996.95,4759.0
2021-05-27 13:55:00,NSE:VOLTAS,996.7,998.0,996.45,998.0,6777.0
2021-05-27 14:00:00,NSE:VOLTAS,997.95,998.0,996.45,997.5,3216.0
2021-05-27 14:05:00,NSE:VOLTAS,997.35,997.85,996.5,997.25,2026.0
2021-05-27 14:10:00,NSE:VOLTAS,996.85,997.55,994.45,994.45,9177.0
2021-05-27 14:15:00,NSE:VOLTAS,994.45,994.9,993.5,994.9,12299.0
2021-05-27 14:20:00,NSE:VOLTAS,993.6,994.7,993.55,994.2,1863.0
2021-05-27 14:25:00,NSE:VOLTAS,994.0,994.45,993.5,994.0,9197.0
2021-05-27 14:30:00,NSE:VOLTAS,993.55,994.25,993.5,993.5,1859.0
2021-05-27 14:35:00,NSE:VOLTAS,993.0,994.15,993.0,993.25,18198.0
2021-05-27 14:40:00,NSE:VOLTAS,993.25,994.7,993.25,994.4,3856.0
2021-05-27 14:45:00,NSE:VOLTAS,994.65,994.7,993.5,994.25,4132.0
2021-05-27 14:50:00,NSE:VOLTAS,993.95,994.35,993.05,994.0,5339.0
2021-05-27 14:55:00,NSE:VOLTAS,993.9,996.9,993.9,995.8,26440.0
2021-05-27 15:00:00,NSE:VOLTAS,996.05,996.6,995.35,996.25,27720.0
2021-05-27 15:05:00,NSE:VOLTAS,996.25,996.3,995.0,995.55,40422.0
2021-05-27 15:10:00,NSE:VOLTAS,995.35,995.9,995.0,995.55,40142.0
2021-05-27 15:15:00,NSE:VOLTAS,995.55,997.55,995.55,997.35,52835.0
2021-05-27 15:20:00,NSE:VOLTAS,997.35,998.5,997.35,997.95,31493.0
2021-05-27 15:25:00,NSE:VOLTAS,997.9,998.8,996.65,998.8,31718.0
2021-05-27 15:40:00,NSE:VOLTAS,996.35,998.8,996.35,998.8,219.0
2021-05-27 15:50:00,NSE:VOLTAS,996.35,996.35,996.35,996.35,3.0
2021-05-28 09:05:00,NSE:VOLTAS,1001.0,1001.0,1001.0,1001.0,518.0
2021-05-28 09:15:00,NSE:VOLTAS,1003.15,1005.0,1000.0,1002.2,19601.0
2021-05-28 09:20:00,NSE:VOLTAS,1002.25,1006.4,1001.65,1003.0,42912.0
2021-05-28 09:25:00,NSE:VOLTAS,1003.55,1003.55,998.1,1001.85,22249.0
2021-05-28 09:30:00,NSE:VOLTAS,1001.85,1006.85,1001.5,1006.05,25908.0
2021-05-28 09:35:00,NSE:VOLTAS,1006.0,1007.75,1005.4,1007.25,35488.0
2021-05-28 09:40:00,NSE:VOLTAS,1007.0,1008.8,1006.65,1007.85,21730.0
2021-05-28 09:45:00,NSE:VOLTAS,1007.85,1008.5,1006.45,1007.0,12388.0
2021-05-28 09:50:00,NSE:VOLTAS,1006.5,1007.0,1005.0,1006.9,13537.0
2021-05-28 09:55:00,NSE:VOLTAS,1006.9,1007.25,1006.0,1006.4,7348.0
2021-05-28 10:00:00,NSE:VOLTAS,1006.3,1007.15,1005.9,1006.25,16556.0
2021-05-28 10:05:00,NSE:VOLTAS,1006.5,1006.5,1005.0,1005.25,8676.0
2021-05-28 10:10:00,NSE:VOLTAS,1005.45,1006.6,1004.7,1006.05,9055.0
2021-05-28 10:15:00,NSE:VOLTAS,1006.05,1006.05,1004.2,1004.9,16460.0
2021-05-28 10:20:00,NSE:VOLTAS,1004.65,1004.95,1003.0,1004.7,10062.0
2021-05-28 10:25:00,NSE:VOLTAS,1004.85,1004.85,1003.1,1004.5,5862.0
2021-05-28 10:30:00,NSE:VOLTAS,1004.1,1004.8,1003.1,1003.4,158201.0
2021-05-28 10:35:00,NSE:VOLTAS,1003.85,1003.9,1002.15,1002.95,5138.0
2021-05-28 10:40:00,NSE:VOLTAS,1002.5,1003.4,1002.5,1003.2,3280.0
2021-05-28 10:45:00,NSE:VOLTAS,1003.2,1003.35,1001.0,1001.1,13011.0
2021-05-28 10:50:00,NSE:VOLTAS,1001.25,1002.2,1000.3,1002.2,11355.0
2021-05-28 10:55:00,NSE:VOLTAS,1002.35,1004.85,1000.95,1003.85,18144.0
2021-05-28 11:00:00,NSE:VOLTAS,1003.85,1004.05,1000.55,1001.0,4860.0
2021-05-28 11:05:00,NSE:VOLTAS,1001.0,1001.45,1000.25,1000.65,10868.0
2021-05-28 11:10:00,NSE:VOLTAS,1000.8,1001.0,1000.55,1000.75,5008.0
2021-05-28 11:15:00,NSE:VOLTAS,1000.75,1001.0,999.85,1001.0,6571.0
2021-05-28 11:20:00,NSE:VOLTAS,1001.0,1001.7,998.8,1001.5,15509.0
2021-05-28 11:25:00,NSE:VOLTAS,1001.5,1003.8,1001.25,1002.35,6395.0
2021-05-28 11:30:00,NSE:VOLTAS,1002.3,1005.0,1001.8,1004.9,9761.0
2021-05-28 11:35:00,NSE:VOLTAS,1004.8,1005.3,1003.55,1004.35,8436.0
2021-05-28 11:40:00,NSE:VOLTAS,1004.35,1006.0,1003.15,1005.4,7608.0
2021-05-28 11:45:00,NSE:VOLTAS,1005.95,1006.0,1003.6,1003.7,5111.0
2021-05-28 11:50:00,NSE:VOLTAS,1003.55,1004.1,1003.2,1003.45,5438.0
2021-05-28 11:55:00,NSE:VOLTAS,1003.4,1004.2,1002.05,1002.15,4338.0
2021-05-28 12:00:00,NSE:VOLTAS,1002.4,1002.7,1001.1,1001.5,3177.0
2021-05-28 12:05:00,NSE:VOLTAS,1001.55,1003.1,1001.55,1002.8,3246.0
2021-05-28 12:10:00,NSE:VOLTAS,1003.1,1003.6,1002.25,1003.55,4423.0
2021-05-28 12:15:00,NSE:VOLTAS,1003.55,1003.55,1001.6,1002.0,3163.0
2021-05-28 12:20:00,NSE:VOLTAS,1002.0,1002.55,1001.85,1002.05,1552.0
2021-05-28 12:25:00,NSE:VOLTAS,1002.05,1003.0,1002.05,1002.3,2856.0
2021-05-28 12:30:00,NSE:VOLTAS,1003.05,1003.2,1002.05,1002.8,2272.0
2021-05-28 12:35:00,NSE:VOLTAS,1003.2,1003.6,1002.0,1003.55,3843.0
2021-05-28 12:40:00,NSE:VOLTAS,1003.3,1003.3,1002.0,1002.1,1701.0
2021-05-28 12:45:00,NSE:VOLTAS,1002.1,1002.85,1001.7,1002.3,3272.0
2021-05-28 12:50:00,NSE:VOLTAS,1002.0,1002.75,1001.8,1002.1,1057.0
2021-05-28 12:55:00,NSE:VOLTAS,1002.1,1002.3,1000.55,1000.55,5798.0
2021-05-28 13:00:00,NSE:VOLTAS,1000.55,1002.3,1000.4,1002.0,4543.0
2021-05-28 13:05:00,NSE:VOLTAS,1001.85,1002.25,1001.05,1001.45,2103.0
2021-05-28 13:10:00,NSE:VOLTAS,1001.45,1004.0,1001.15,1003.8,5301.0
2021-05-28 13:15:00,NSE:VOLTAS,1003.8,1003.95,1002.65,1003.2,4798.0
2021-05-28 13:20:00,NSE:VOLTAS,1003.2,1003.2,1001.75,1002.5,2299.0
2021-05-28 13:25:00,NSE:VOLTAS,1003.05,1003.6,1002.15,1003.0,1948.0
2021-05-28 13:30:00,NSE:VOLTAS,1003.15,1004.0,1002.75,1003.9,5047.0
2021-05-28 13:35:00,NSE:VOLTAS,1004.0,1004.0,1002.4,1002.65,4195.0
2021-05-28 13:40:00,NSE:VOLTAS,1002.85,1003.35,1001.2,1001.85,5135.0
2021-05-28 13:45:00,NSE:VOLTAS,1001.55,1002.8,1000.95,1001.6,4296.0
2021-05-28 13:50:00,NSE:VOLTAS,1001.7,1002.55,1001.6,1002.5,3500.0
2021-05-28 13:55:00,NSE:VOLTAS,1002.55,1002.55,1002.05,1002.2,698.0
2021-05-28 14:00:00,NSE:VOLTAS,1002.4,1002.9,1002.3,1002.4,3248.0
2021-05-28 14:05:00,NSE:VOLTAS,1002.4,1002.6,1002.0,1002.5,1832.0
2021-05-28 14:10:00,NSE:VOLTAS,1002.25,1002.5,1000.5,1000.9,7199.0
2021-05-28 14:15:00,NSE:VOLTAS,1000.5,1002.05,999.85,1001.3,11054.0
2021-05-28 14:20:00,NSE:VOLTAS,1001.45,1001.45,1000.0,1000.95,4675.0
2021-05-28 14:25:00,NSE:VOLTAS,1001.0,1001.95,1000.8,1001.75,2093.0
2021-05-28 14:30:00,NSE:VOLTAS,1001.9,1002.5,1001.55,1002.35,3740.0
2021-05-28 14:35:00,NSE:VOLTAS,1001.85,1002.55,1000.7,1000.7,4594.0
2021-05-28 14:40:00,NSE:VOLTAS,1000.25,1001.95,1000.15,1001.95,7881.0
2021-05-28 14:45:00,NSE:VOLTAS,1001.5,1001.55,1000.05,1000.95,4387.0
2021-05-28 14:50:00,NSE:VOLTAS,1000.45,1002.0,999.1,999.1,12966.0
2021-05-28 14:55:00,NSE:VOLTAS,999.3,1001.3,997.8,999.0,36783.0
2021-05-28 15:00:00,NSE:VOLTAS,999.45,1001.8,999.0,1001.0,10981.0
2021-05-28 15:05:00,NSE:VOLTAS,1001.0,1001.0,999.9,1000.95,8758.0
2021-05-28 15:10:00,NSE:VOLTAS,1000.95,1001.5,1000.0,1000.65,10160.0
2021-05-28 15:15:00,NSE:VOLTAS,1000.7,1001.5,999.9,999.9,17461.0
2021-05-28 15:20:00,NSE:VOLTAS,999.95,1001.0,999.65,1001.0,18106.0
2021-05-28 15:25:00,NSE:VOLTAS,1001.05,1001.55,1000.0,1000.5,19949.0
2021-05-28 15:40:00,NSE:VOLTAS,1000.45,1000.5,1000.45,1000.5,178.0
2021-05-28 15:45:00,NSE:VOLTAS,1000.45,1000.45,1000.45,1000.45,10.0
2021-05-28 15:50:00,NSE:VOLTAS,1000.45,1000.5,1000.45,1000.5,9.0
2021-05-28 15:55:00,NSE:VOLTAS,1000.45,1000.5,1000.45,1000.45,205.0
2021-05-31 09:05:00,NSE:VOLTAS,1007.0,1007.0,1007.0,1007.0,1066.0
2021-05-31 09:15:00,NSE:VOLTAS,1007.45,1007.5,998.2,1004.9,40476.0
2021-05-31 09:20:00,NSE:VOLTAS,1003.5,1012.0,1003.5,1010.65,57441.0
2021-05-31 09:25:00,NSE:VOLTAS,1009.75,1014.0,1007.65,1013.95,45325.0
2021-05-31 09:30:00,NSE:VOLTAS,1013.3,1013.75,1008.85,1010.55,77513.0
2021-05-31 09:35:00,NSE:VOLTAS,1011.25,1014.0,1010.5,1014.0,42525.0
2021-05-31 09:40:00,NSE:VOLTAS,1014.0,1014.5,1010.1,1012.15,29650.0
2021-05-31 09:45:00,NSE:VOLTAS,1012.2,1012.6,1007.75,1009.4,36914.0
2021-05-31 09:50:00,NSE:VOLTAS,1009.5,1010.0,1008.15,1009.5,18739.0
2021-05-31 09:55:00,NSE:VOLTAS,1009.5,1010.0,1008.5,1008.5,12713.0
2021-05-31 10:00:00,NSE:VOLTAS,1008.95,1011.8,1008.3,1011.0,168675.0
2021-05-31 10:05:00,NSE:VOLTAS,1011.3,1013.15,1010.75,1011.95,18053.0
2021-05-31 10:10:00,NSE:VOLTAS,1011.95,1013.2,1010.8,1012.75,22242.0
2021-05-31 10:15:00,NSE:VOLTAS,1013.25,1015.0,1012.75,1013.7,38765.0
2021-05-31 10:20:00,NSE:VOLTAS,1014.0,1014.0,1012.0,1013.0,17562.0
2021-05-31 10:25:00,NSE:VOLTAS,1013.0,1014.5,1012.05,1013.85,15930.0
2021-05-31 10:30:00,NSE:VOLTAS,1014.15,1015.0,1012.8,1014.35,25477.0
2021-05-31 10:35:00,NSE:VOLTAS,1014.25,1014.95,1013.05,1014.0,15069.0
2021-05-31 10:40:00,NSE:VOLTAS,1014.1,1014.1,1011.2,1011.45,25437.0
2021-05-31 10:45:00,NSE:VOLTAS,1011.5,1012.55,1009.45,1009.9,24404.0
2021-05-31 10:50:00,NSE:VOLTAS,1009.8,1010.4,1009.15,1010.15,7233.0
2021-05-31 10:55:00,NSE:VOLTAS,1010.15,1010.6,1009.25,1009.6,13563.0
2021-05-31 11:00:00,NSE:VOLTAS,1010.0,1012.0,1009.35,1010.0,15473.0
2021-05-31 11:05:00,NSE:VOLTAS,1010.05,1011.5,1009.7,1010.85,10166.0
2021-05-31 11:10:00,NSE:VOLTAS,1010.8,1010.95,1010.0,1010.35,3481.0
2021-05-31 11:15:00,NSE:VOLTAS,1010.4,1010.8,1010.05,1010.5,2912.0
2021-05-31 11:20:00,NSE:VOLTAS,1010.25,1012.85,1010.25,1012.25,9351.0
2021-05-31 11:25:00,NSE:VOLTAS,1012.75,1012.9,1006.65,1009.05,37048.0
2021-05-31 11:30:00,NSE:VOLTAS,1008.6,1009.5,1007.0,1008.75,15906.0
2021-05-31 11:35:00,NSE:VOLTAS,1008.75,1010.25,1008.7,1010.25,5367.0
2021-05-31 11:40:00,NSE:VOLTAS,1010.95,1011.9,1010.15,1011.15,6677.0
2021-05-31 11:45:00,NSE:VOLTAS,1011.1,1011.8,1011.0,1011.25,5431.0
2021-05-31 11:50:00,NSE:VOLTAS,1011.2,1011.7,1010.15,1011.0,6000.0
2021-05-31 11:55:00,NSE:VOLTAS,1010.55,1012.0,1010.55,1010.8,7931.0
2021-05-31 12:00:00,NSE:VOLTAS,1010.8,1011.4,1010.2,1010.2,5270.0
2021-05-31 12:05:00,NSE:VOLTAS,1010.6,1011.0,1009.6,1010.7,4752.0
2021-05-31 12:10:00,NSE:VOLTAS,1010.5,1010.8,1009.8,1009.8,2985.0
2021-05-31 12:15:00,NSE:VOLTAS,1010.35,1011.0,1009.3,1009.85,4168.0
2021-05-31 12:20:00,NSE:VOLTAS,1009.45,1010.95,1009.05,1009.1,3077.0
2021-05-31 12:25:00,NSE:VOLTAS,1009.1,1009.7,1008.8,1009.35,3801.0
2021-05-31 12:30:00,NSE:VOLTAS,1009.7,1009.7,1008.15,1009.15,3948.0
2021-05-31 12:35:00,NSE:VOLTAS,1008.9,1009.15,1008.4,1008.55,2649.0
2021-05-31 12:40:00,NSE:VOLTAS,1008.3,1008.9,1007.5,1008.5,9049.0
2021-05-31 12:45:00,NSE:VOLTAS,1008.5,1009.0,1007.1,1008.0,7387.0
2021-05-31 12:50:00,NSE:VOLTAS,1008.0,1008.2,1007.0,1007.5,6922.0
2021-05-31 12:55:00,NSE:VOLTAS,1007.1,1008.2,1007.0,1007.55,9818.0
2021-05-31 13:00:00,NSE:VOLTAS,1007.5,1009.1,1007.4,1008.55,5606.0
2021-05-31 13:05:00,NSE:VOLTAS,1008.55,1008.7,1007.35,1007.85,3951.0
2021-05-31 13:10:00,NSE:VOLTAS,1007.6,1008.0,1006.5,1006.5,9779.0
2021-05-31 13:15:00,NSE:VOLTAS,1006.25,1006.95,1005.5,1005.55,13592.0
2021-05-31 13:20:00,NSE:VOLTAS,1005.35,1006.45,1005.1,1005.6,7914.0
2021-05-31 13:25:00,NSE:VOLTAS,1005.85,1006.0,1005.4,1005.8,4997.0
2021-05-31 13:30:00,NSE:VOLTAS,1005.75,1006.0,1005.25,1005.65,5905.0
2021-05-31 13:35:00,NSE:VOLTAS,1005.65,1006.0,1005.0,1005.55,157425.0
2021-05-31 13:40:00,NSE:VOLTAS,1005.5,1005.65,1003.8,1004.2,16143.0
2021-05-31 13:45:00,NSE:VOLTAS,1004.2,1005.05,1004.0,1004.55,8822.0
2021-05-31 13:50:00,NSE:VOLTAS,1004.65,1005.0,1003.3,1003.8,5502.0
2021-05-31 13:55:00,NSE:VOLTAS,1003.75,1005.05,1003.4,1004.7,6243.0
2021-05-31 14:00:00,NSE:VOLTAS,1004.7,1006.7,1004.7,1006.7,7712.0
2021-05-31 14:05:00,NSE:VOLTAS,1006.45,1008.7,1005.75,1008.25,16806.0
2021-05-31 14:10:00,NSE:VOLTAS,1008.0,1008.0,1006.95,1007.7,9821.0
2021-05-31 14:15:00,NSE:VOLTAS,1008.0,1008.5,1006.9,1008.0,4963.0
2021-05-31 14:20:00,NSE:VOLTAS,1008.0,1010.8,1007.9,1010.0,66877.0
2021-05-31 14:25:00,NSE:VOLTAS,1010.0,1011.0,1009.45,1009.55,18538.0
2021-05-31 14:30:00,NSE:VOLTAS,1009.45,1010.9,1009.25,1009.9,10879.0
2021-05-31 14:35:00,NSE:VOLTAS,1009.8,1012.0,1009.25,1010.1,9637.0
2021-05-31 14:40:00,NSE:VOLTAS,1010.1,1011.4,1010.0,1010.0,4108.0
2021-05-31 14:45:00,NSE:VOLTAS,1010.0,1011.0,1009.05,1009.45,9250.0
2021-05-31 14:50:00,NSE:VOLTAS,1009.9,1010.1,1008.55,1009.45,7547.0
2021-05-31 14:55:00,NSE:VOLTAS,1009.0,1009.25,1007.4,1007.4,9096.0
2021-05-31 15:00:00,NSE:VOLTAS,1007.8,1009.0,1007.3,1007.95,7568.0
2021-05-31 15:05:00,NSE:VOLTAS,1007.9,1008.0,1006.2,1006.9,11746.0
2021-05-31 15:10:00,NSE:VOLTAS,1006.5,1008.0,1006.5,1007.3,15322.0
2021-05-31 15:15:00,NSE:VOLTAS,1007.2,1007.75,1006.1,1007.75,26067.0
2021-05-31 15:20:00,NSE:VOLTAS,1007.9,1008.45,1006.45,1007.35,23524.0
2021-05-31 15:25:00,NSE:VOLTAS,1007.5,1009.6,1007.4,1009.6,12638.0
2021-05-31 15:40:00,NSE:VOLTAS,1007.3,1009.6,1007.3,1009.6,445.0
2021-05-31 15:45:00,NSE:VOLTAS,1007.3,1009.6,1007.3,1009.6,92.0
2021-05-31 15:55:00,NSE:VOLTAS,1007.3,1007.3,1007.3,1007.3,25.0
2021-06-01 09:05:00,NSE:VOLTAS,1010.35,1010.35,1010.35,1010.35,409.0
2021-06-01 09:15:00,NSE:VOLTAS,1011.95,1015.0,1009.4,1014.9,27735.0
2021-06-01 09:20:00,NSE:VOLTAS,1015.0,1016.9,1014.2,1016.1,32938.0
2021-06-01 09:25:00,NSE:VOLTAS,1016.4,1016.7,1014.95,1015.7,14823.0
2021-06-01 09:30:00,NSE:VOLTAS,1015.35,1019.0,1015.0,1018.5,33796.0
2021-06-01 09:35:00,NSE:VOLTAS,1018.35,1019.0,1016.4,1018.0,27191.0
2021-06-01 09:40:00,NSE:VOLTAS,1017.95,1019.85,1016.75,1016.75,18780.0
2021-06-01 09:45:00,NSE:VOLTAS,1016.9,1017.75,1016.35,1017.35,18064.0
2021-06-01 09:50:00,NSE:VOLTAS,1017.35,1017.35,1013.1,1013.9,20582.0
2021-06-01 09:55:00,NSE:VOLTAS,1013.9,1013.9,1012.5,1012.55,15476.0
2021-06-01 10:00:00,NSE:VOLTAS,1012.5,1013.4,1011.0,1011.5,12019.0
2021-06-01 10:05:00,NSE:VOLTAS,1011.05,1014.95,1011.05,1014.3,10792.0
2021-06-01 10:10:00,NSE:VOLTAS,1014.4,1015.7,1013.15,1013.9,15416.0
2021-06-01 10:15:00,NSE:VOLTAS,1013.85,1014.0,1010.3,1010.7,15304.0
2021-06-01 10:20:00,NSE:VOLTAS,1010.35,1011.0,1008.7,1009.75,15308.0
2021-06-01 10:25:00,NSE:VOLTAS,1009.75,1012.7,1009.75,1012.6,7406.0
2021-06-01 10:30:00,NSE:VOLTAS,1012.7,1013.0,1010.65,1011.0,3980.0
2021-06-01 10:35:00,NSE:VOLTAS,1010.85,1012.0,1010.6,1010.6,3741.0
2021-06-01 10:40:00,NSE:VOLTAS,1010.9,1010.9,1009.15,1009.7,5934.0
2021-06-01 10:45:00,NSE:VOLTAS,1010.0,1011.0,1009.7,1011.0,2779.0
2021-06-01 10:50:00,NSE:VOLTAS,1010.55,1011.7,1010.55,1011.25,2626.0
2021-06-01 10:55:00,NSE:VOLTAS,1011.25,1011.5,1010.0,1011.1,2240.0
2021-06-01 11:00:00,NSE:VOLTAS,1010.7,1011.7,1010.35,1011.7,3536.0
2021-06-01 11:05:00,NSE:VOLTAS,1011.8,1012.0,1010.5,1010.7,4652.0
2021-06-01 11:10:00,NSE:VOLTAS,1010.6,1011.1,1009.3,1010.0,6436.0
2021-06-01 11:15:00,NSE:VOLTAS,1009.7,1010.5,1008.65,1008.95,8415.0
2021-06-01 11:20:00,NSE:VOLTAS,1008.95,1009.6,1007.8,1009.6,5778.0
2021-06-01 11:25:00,NSE:VOLTAS,1009.75,1011.1,1009.5,1010.9,4238.0
2021-06-01 11:30:00,NSE:VOLTAS,1010.9,1011.5,1010.5,1011.0,3173.0
2021-06-01 11:35:00,NSE:VOLTAS,1010.9,1011.2,1009.5,1009.9,2219.0
2021-06-01 11:40:00,NSE:VOLTAS,1009.5,1010.0,1007.9,1008.0,8140.0
2021-06-01 11:45:00,NSE:VOLTAS,1007.9,1008.2,1006.9,1007.15,6137.0
2021-06-01 11:50:00,NSE:VOLTAS,1007.4,1008.5,1006.15,1008.0,9083.0
2021-06-01 11:55:00,NSE:VOLTAS,1008.0,1009.5,1008.0,1008.4,3484.0
2021-06-01 12:00:00,NSE:VOLTAS,1008.4,1009.0,1008.05,1008.75,800.0
2021-06-01 12:05:00,NSE:VOLTAS,1008.75,1009.9,1008.3,1009.45,2712.0
2021-06-01 12:10:00,NSE:VOLTAS,1009.45,1010.5,1009.0,1009.45,3051.0
2021-06-01 12:15:00,NSE:VOLTAS,1009.85,1010.8,1009.75,1010.8,2167.0
2021-06-01 12:20:00,NSE:VOLTAS,1010.8,1011.2,1010.3,1010.9,2247.0
2021-06-01 12:25:00,NSE:VOLTAS,1010.9,1011.85,1010.9,1011.15,4373.0
2021-06-01 12:30:00,NSE:VOLTAS,1011.05,1011.5,1010.65,1011.3,2786.0
2021-06-01 12:35:00,NSE:VOLTAS,1010.9,1012.75,1010.9,1012.75,5195.0
2021-06-01 12:40:00,NSE:VOLTAS,1012.5,1013.0,1011.6,1011.65,3175.0
2021-06-01 12:45:00,NSE:VOLTAS,1011.65,1013.9,1011.65,1013.75,5011.0
2021-06-01 12:50:00,NSE:VOLTAS,1013.25,1013.65,1012.1,1012.5,2450.0
2021-06-01 12:55:00,NSE:VOLTAS,1012.1,1012.5,1011.0,1011.5,4213.0
2021-06-01 13:00:00,NSE:VOLTAS,1011.5,1011.9,1010.05,1010.5,3634.0
2021-06-01 13:05:00,NSE:VOLTAS,1010.45,1010.8,1010.0,1010.6,3578.0
2021-06-01 13:10:00,NSE:VOLTAS,1010.0,1010.6,1009.05,1009.5,4214.0
2021-06-01 13:15:00,NSE:VOLTAS,1009.5,1010.35,1008.65,1009.8,4118.0
2021-06-01 13:20:00,NSE:VOLTAS,1009.8,1011.9,1009.6,1011.55,2567.0
2021-06-01 13:25:00,NSE:VOLTAS,1011.9,1012.0,1011.15,1011.2,2382.0
2021-06-01 13:30:00,NSE:VOLTAS,1011.15,1011.9,1011.15,1011.9,1878.0
2021-06-01 13:35:00,NSE:VOLTAS,1011.9,1012.0,1011.35,1011.75,2073.0
2021-06-01 13:40:00,NSE:VOLTAS,1011.2,1012.35,1011.2,1012.35,2615.0
2021-06-01 13:45:00,NSE:VOLTAS,1011.95,1012.45,1011.55,1012.45,3729.0
2021-06-01 13:50:00,NSE:VOLTAS,1012.0,1013.4,1012.0,1012.95,8941.0
2021-06-01 13:55:00,NSE:VOLTAS,1012.9,1013.45,1011.6,1011.6,4375.0
2021-06-01 14:00:00,NSE:VOLTAS,1011.65,1012.2,1009.65,1009.8,3734.0
2021-06-01 14:05:00,NSE:VOLTAS,1010.35,1010.35,1009.15,1010.05,3059.0
2021-06-01 14:10:00,NSE:VOLTAS,1010.3,1011.7,1010.3,1011.7,1552.0
2021-06-01 14:15:00,NSE:VOLTAS,1011.7,1012.5,1010.9,1011.4,2285.0
2021-06-01 14:20:00,NSE:VOLTAS,1011.7,1012.0,1011.0,1012.0,1398.0
2021-06-01 14:25:00,NSE:VOLTAS,1011.65,1012.5,1011.65,1012.25,1749.0
2021-06-01 14:30:00,NSE:VOLTAS,1012.25,1013.0,1011.5,1012.65,3382.0
2021-06-01 14:35:00,NSE:VOLTAS,1012.65,1013.75,1012.2,1012.45,4963.0
2021-06-01 14:40:00,NSE:VOLTAS,1012.45,1013.3,1012.2,1012.45,3581.0
2021-06-01 14:45:00,NSE:VOLTAS,1012.2,1016.95,1010.95,1015.15,34915.0
2021-06-01 14:50:00,NSE:VOLTAS,1015.4,1015.4,1013.5,1014.05,6677.0
2021-06-01 14:55:00,NSE:VOLTAS,1014.3,1014.7,1013.4,1013.4,5048.0
2021-06-01 15:00:00,NSE:VOLTAS,1014.2,1015.0,1013.6,1014.6,8139.0
2021-06-01 15:05:00,NSE:VOLTAS,1015.0,1015.35,1013.0,1013.0,10490.0
2021-06-01 15:10:00,NSE:VOLTAS,1013.0,1014.6,1012.9,1014.5,6049.0
2021-06-01 15:15:00,NSE:VOLTAS,1014.0,1014.5,1012.85,1014.2,17919.0
2021-06-01 15:20:00,NSE:VOLTAS,1014.15,1015.3,1010.35,1011.2,37136.0
2021-06-01 15:25:00,NSE:VOLTAS,1011.0,1014.55,1010.15,1011.45,11706.0
2021-06-01 15:30:00,NSE:VOLTAS,1013.0,1013.0,1013.0,1013.0,4.0
2021-06-01 15:40:00,NSE:VOLTAS,1013.2,1013.2,1013.0,1013.2,446.0
2021-06-01 15:45:00,NSE:VOLTAS,1013.2,1013.2,1013.2,1013.2,19.0
2021-06-01 15:50:00,NSE:VOLTAS,1013.2,1013.2,1013.2,1013.2,60.0
2021-06-01 15:55:00,NSE:VOLTAS,1013.2,1013.2,1013.0,1013.2,95.0
2021-06-02 09:05:00,NSE:VOLTAS,1010.85,1010.85,1010.85,1010.85,1348.0
2021-06-02 09:15:00,NSE:VOLTAS,1010.85,1019.0,1008.25,1017.8,33330.0
2021-06-02 09:20:00,NSE:VOLTAS,1017.6,1019.8,1016.45,1018.5,32659.0
2021-06-02 09:25:00,NSE:VOLTAS,1017.9,1019.8,1016.65,1016.75,14245.0
2021-06-02 09:30:00,NSE:VOLTAS,1016.8,1018.5,1015.2,1018.05,13494.0
2021-06-02 09:35:00,NSE:VOLTAS,1018.3,1019.7,1016.4,1019.7,10916.0
2021-06-02 09:40:00,NSE:VOLTAS,1019.8,1019.8,1017.55,1018.95,9753.0
2021-06-02 09:45:00,NSE:VOLTAS,1019.5,1019.5,1018.0,1018.6,5357.0
2021-06-02 09:50:00,NSE:VOLTAS,1018.5,1018.65,1017.65,1017.95,4031.0
2021-06-02 09:55:00,NSE:VOLTAS,1018.15,1022.0,1018.0,1020.5,37131.0
2021-06-02 10:00:00,NSE:VOLTAS,1020.5,1021.95,1019.35,1021.95,25743.0
2021-06-02 10:05:00,NSE:VOLTAS,1022.0,1025.0,1021.5,1024.3,36574.0
2021-06-02 10:10:00,NSE:VOLTAS,1024.7,1025.0,1021.65,1023.3,33542.0
2021-06-02 10:15:00,NSE:VOLTAS,1023.2,1026.5,1021.1,1024.75,50743.0
2021-06-02 10:20:00,NSE:VOLTAS,1025.0,1025.0,1023.6,1024.4,11781.0
2021-06-02 10:25:00,NSE:VOLTAS,1024.4,1024.5,1022.55,1023.4,20948.0
2021-06-02 10:30:00,NSE:VOLTAS,1023.5,1023.8,1021.6,1022.3,7856.0
2021-06-02 10:35:00,NSE:VOLTAS,1022.75,1023.0,1021.7,1022.4,7407.0
2021-06-02 10:40:00,NSE:VOLTAS,1022.35,1024.0,1021.5,1024.0,7381.0
2021-06-02 10:45:00,NSE:VOLTAS,1024.0,1024.5,1023.05,1023.6,5972.0
2021-06-02 10:50:00,NSE:VOLTAS,1023.35,1024.2,1022.65,1022.9,6079.0
2021-06-02 10:55:00,NSE:VOLTAS,1022.9,1023.55,1022.0,1022.25,6492.0
2021-06-02 11:00:00,NSE:VOLTAS,1022.2,1022.8,1021.25,1022.55,10534.0
2021-06-02 11:05:00,NSE:VOLTAS,1022.15,1022.95,1021.1,1022.95,5962.0
2021-06-02 11:10:00,NSE:VOLTAS,1022.95,1026.8,1022.25,1026.8,23158.0
2021-06-02 11:15:00,NSE:VOLTAS,1026.9,1029.5,1026.55,1029.25,51605.0
2021-06-02 11:20:00,NSE:VOLTAS,1029.2,1031.5,1028.55,1030.0,60148.0
2021-06-02 11:25:00,NSE:VOLTAS,1030.0,1030.8,1029.25,1029.8,21885.0
2021-06-02 11:30:00,NSE:VOLTAS,1029.35,1029.75,1027.35,1028.25,20886.0
2021-06-02 11:35:00,NSE:VOLTAS,1028.75,1029.75,1028.2,1029.2,10993.0
2021-06-02 11:40:00,NSE:VOLTAS,1029.35,1030.0,1029.25,1029.95,10471.0
2021-06-02 11:45:00,NSE:VOLTAS,1030.0,1033.0,1029.35,1032.95,42904.0
2021-06-02 11:50:00,NSE:VOLTAS,1032.95,1033.0,1032.0,1032.4,24763.0
2021-06-02 11:55:00,NSE:VOLTAS,1032.0,1032.5,1030.25,1032.0,20035.0
2021-06-02 12:00:00,NSE:VOLTAS,1032.4,1032.9,1032.05,1032.9,20537.0
2021-06-02 12:05:00,NSE:VOLTAS,1032.75,1032.9,1031.2,1032.4,13462.0
2021-06-02 12:10:00,NSE:VOLTAS,1032.55,1032.6,1030.55,1031.0,14464.0
2021-06-02 12:15:00,NSE:VOLTAS,1031.0,1032.5,1030.35,1032.5,14478.0
2021-06-02 12:20:00,NSE:VOLTAS,1032.15,1034.0,1032.15,1033.6,22391.0
2021-06-02 12:25:00,NSE:VOLTAS,1033.6,1034.0,1032.0,1032.15,16458.0
2021-06-02 12:30:00,NSE:VOLTAS,1032.15,1033.0,1031.45,1032.8,13154.0
2021-06-02 12:35:00,NSE:VOLTAS,1032.8,1032.85,1030.25,1030.7,11775.0
2021-06-02 12:40:00,NSE:VOLTAS,1030.5,1032.3,1030.5,1031.2,14085.0
2021-06-02 12:45:00,NSE:VOLTAS,1031.2,1031.6,1030.2,1030.85,11784.0
2021-06-02 12:50:00,NSE:VOLTAS,1030.35,1031.15,1029.25,1031.15,19314.0
2021-06-02 12:55:00,NSE:VOLTAS,1030.65,1031.15,1030.0,1030.25,6617.0
2021-06-02 13:00:00,NSE:VOLTAS,1030.5,1030.8,1027.6,1027.7,21836.0
2021-06-02 13:05:00,NSE:VOLTAS,1027.75,1028.25,1026.95,1027.7,16778.0
2021-06-02 13:10:00,NSE:VOLTAS,1027.3,1028.0,1027.3,1028.0,6150.0
2021-06-02 13:15:00,NSE:VOLTAS,1027.9,1029.05,1026.35,1029.05,18448.0
2021-06-02 13:20:00,NSE:VOLTAS,1029.2,1029.35,1027.35,1027.35,7407.0
2021-06-02 13:25:00,NSE:VOLTAS,1027.3,1028.45,1027.3,1027.8,3590.0
2021-06-02 13:30:00,NSE:VOLTAS,1027.8,1028.8,1027.5,1028.3,8425.0
2021-06-02 13:35:00,NSE:VOLTAS,1028.5,1028.7,1028.0,1028.7,3418.0
2021-06-02 13:40:00,NSE:VOLTAS,1028.7,1029.0,1027.4,1027.6,6101.0
2021-06-02 13:45:00,NSE:VOLTAS,1027.65,1027.7,1027.0,1027.5,5877.0
2021-06-02 13:50:00,NSE:VOLTAS,1027.45,1028.0,1027.0,1027.5,1990.0
2021-06-02 13:55:00,NSE:VOLTAS,1027.95,1028.0,1027.3,1027.95,3645.0
2021-06-02 14:00:00,NSE:VOLTAS,1027.95,1028.25,1027.3,1027.5,5991.0
2021-06-02 14:05:00,NSE:VOLTAS,1027.5,1028.2,1024.85,1024.95,22426.0
2021-06-02 14:10:00,NSE:VOLTAS,1024.9,1025.7,1024.5,1024.95,10806.0
2021-06-02 14:15:00,NSE:VOLTAS,1024.95,1026.35,1024.3,1025.55,6976.0
2021-06-02 14:20:00,NSE:VOLTAS,1026.05,1026.7,1025.25,1026.5,5493.0
2021-06-02 14:25:00,NSE:VOLTAS,1026.65,1027.7,1026.0,1026.4,12988.0
2021-06-02 14:30:00,NSE:VOLTAS,1026.05,1027.45,1025.9,1026.45,4417.0
2021-06-02 14:35:00,NSE:VOLTAS,1026.4,1027.4,1025.5,1027.0,11058.0
2021-06-02 14:40:00,NSE:VOLTAS,1027.4,1029.95,1027.0,1029.95,19219.0
2021-06-02 14:45:00,NSE:VOLTAS,1029.95,1031.0,1028.75,1031.0,19235.0
2021-06-02 14:50:00,NSE:VOLTAS,1031.0,1031.7,1030.15,1030.15,14737.0
2021-06-02 14:55:00,NSE:VOLTAS,1030.2,1030.55,1028.6,1028.6,13363.0
2021-06-02 15:00:00,NSE:VOLTAS,1028.5,1030.6,1028.4,1030.6,11647.0
2021-06-02 15:05:00,NSE:VOLTAS,1029.9,1031.35,1029.7,1030.6,12783.0
2021-06-02 15:10:00,NSE:VOLTAS,1030.65,1031.0,1030.0,1030.25,12319.0
2021-06-02 15:15:00,NSE:VOLTAS,1030.65,1034.5,1030.0,1034.5,57449.0
2021-06-02 15:20:00,NSE:VOLTAS,1034.45,1038.0,1034.0,1036.25,80672.0
2021-06-02 15:25:00,NSE:VOLTAS,1036.5,1038.9,1036.0,1038.0,44895.0
2021-06-02 15:40:00,NSE:VOLTAS,1034.4,1038.0,1034.4,1038.0,489.0
2021-06-02 15:50:00,NSE:VOLTAS,1034.4,1034.4,1034.4,1034.4,81.0
2021-06-03 09:05:00,NSE:VOLTAS,1042.0,1042.0,1042.0,1042.0,3608.0
2021-06-03 09:15:00,NSE:VOLTAS,1042.0,1047.6,1036.95,1047.5,169252.0
2021-06-03 09:20:00,NSE:VOLTAS,1047.7,1047.75,1042.0,1043.8,72480.0
2021-06-03 09:25:00,NSE:VOLTAS,1044.0,1044.3,1040.7,1041.6,57661.0
2021-06-03 09:30:00,NSE:VOLTAS,1041.95,1046.0,1041.0,1045.35,31271.0
2021-06-03 09:35:00,NSE:VOLTAS,1045.9,1052.0,1045.5,1051.7,108286.0
2021-06-03 09:40:00,NSE:VOLTAS,1052.95,1055.2,1050.0,1050.75,162161.0
2021-06-03 09:45:00,NSE:VOLTAS,1050.25,1050.8,1049.3,1050.1,84873.0
2021-06-03 09:50:00,NSE:VOLTAS,1050.45,1053.05,1049.1,1053.05,41680.0
2021-06-03 09:55:00,NSE:VOLTAS,1053.0,1056.8,1052.7,1054.4,94833.0
2021-06-03 10:00:00,NSE:VOLTAS,1054.4,1057.85,1052.9,1054.3,90266.0
2021-06-03 10:05:00,NSE:VOLTAS,1054.2,1055.0,1053.05,1053.15,32279.0
2021-06-03 10:10:00,NSE:VOLTAS,1053.75,1054.05,1052.0,1053.2,26826.0
2021-06-03 10:15:00,NSE:VOLTAS,1053.55,1055.6,1053.2,1055.0,24963.0
2021-06-03 10:20:00,NSE:VOLTAS,1055.15,1056.5,1054.95,1056.05,22142.0
2021-06-03 10:25:00,NSE:VOLTAS,1056.05,1057.8,1055.65,1056.6,32946.0
2021-06-03 10:30:00,NSE:VOLTAS,1056.65,1056.9,1054.75,1055.5,22548.0
2021-06-03 10:35:00,NSE:VOLTAS,1055.05,1056.6,1054.95,1056.15,13278.0
2021-06-03 10:40:00,NSE:VOLTAS,1056.2,1060.0,1056.2,1058.45,67495.0
2021-06-03 10:45:00,NSE:VOLTAS,1059.1,1061.0,1058.75,1060.2,54422.0
2021-06-03 10:50:00,NSE:VOLTAS,1060.2,1063.9,1059.35,1063.0,97844.0
2021-06-03 10:55:00,NSE:VOLTAS,1063.0,1066.1,1062.2,1064.8,90685.0
2021-06-03 11:00:00,NSE:VOLTAS,1064.9,1070.0,1063.6,1069.25,118802.0
2021-06-03 11:05:00,NSE:VOLTAS,1069.4,1070.55,1067.45,1070.3,83229.0
2021-06-03 11:10:00,NSE:VOLTAS,1070.5,1077.5,1070.0,1076.1,148373.0
2021-06-03 11:15:00,NSE:VOLTAS,1076.1,1077.05,1071.0,1071.95,116449.0
2021-06-03 11:20:00,NSE:VOLTAS,1071.8,1072.45,1065.55,1066.9,106641.0
2021-06-03 11:25:00,NSE:VOLTAS,1066.35,1067.95,1066.0,1066.95,43667.0
2021-06-03 11:30:00,NSE:VOLTAS,1067.0,1073.0,1066.45,1072.0,41627.0
2021-06-03 11:35:00,NSE:VOLTAS,1072.05,1073.55,1069.5,1070.35,42337.0
2021-06-03 11:40:00,NSE:VOLTAS,1070.2,1070.95,1068.15,1069.6,32995.0
2021-06-03 11:45:00,NSE:VOLTAS,1069.5,1073.9,1069.15,1073.35,27972.0
2021-06-03 11:50:00,NSE:VOLTAS,1073.35,1073.9,1070.85,1072.9,23890.0
2021-06-03 11:55:00,NSE:VOLTAS,1072.9,1075.65,1072.2,1074.0,38513.0
2021-06-03 12:00:00,NSE:VOLTAS,1074.0,1074.8,1072.3,1072.7,30751.0
2021-06-03 12:05:00,NSE:VOLTAS,1072.65,1074.55,1071.05,1074.05,20175.0
2021-06-03 12:10:00,NSE:VOLTAS,1074.8,1081.5,1074.55,1080.75,120809.0
2021-06-03 12:15:00,NSE:VOLTAS,1080.25,1082.95,1079.25,1081.1,91643.0
2021-06-03 12:20:00,NSE:VOLTAS,1080.55,1083.2,1080.55,1083.2,42022.0
2021-06-03 12:25:00,NSE:VOLTAS,1082.65,1083.2,1080.35,1082.0,40654.0
2021-06-03 12:30:00,NSE:VOLTAS,1082.0,1084.85,1080.6,1084.85,62862.0
2021-06-03 12:35:00,NSE:VOLTAS,1084.95,1085.0,1082.55,1083.8,35208.0
2021-06-03 12:40:00,NSE:VOLTAS,1083.95,1090.7,1083.95,1088.75,159168.0
2021-06-03 12:45:00,NSE:VOLTAS,1088.55,1091.1,1082.7,1083.5,157791.0
2021-06-03 12:50:00,NSE:VOLTAS,1082.95,1085.7,1080.6,1085.0,128662.0
2021-06-03 12:55:00,NSE:VOLTAS,1085.25,1090.25,1085.25,1090.25,85593.0
2021-06-03 13:00:00,NSE:VOLTAS,1090.25,1093.0,1088.25,1092.5,82668.0
2021-06-03 13:05:00,NSE:VOLTAS,1092.2,1095.0,1089.9,1093.0,100102.0
2021-06-03 13:10:00,NSE:VOLTAS,1093.0,1096.35,1093.0,1096.0,97041.0
2021-06-03 13:15:00,NSE:VOLTAS,1096.15,1102.45,1095.5,1097.15,217327.0
2021-06-03 13:20:00,NSE:VOLTAS,1097.1,1101.15,1095.7,1097.0,136838.0
2021-06-03 13:25:00,NSE:VOLTAS,1097.0,1097.1,1093.75,1094.55,160088.0
2021-06-03 13:30:00,NSE:VOLTAS,1094.5,1096.9,1094.5,1096.55,64841.0
2021-06-03 13:35:00,NSE:VOLTAS,1096.9,1101.05,1096.85,1100.1,94809.0
2021-06-03 13:40:00,NSE:VOLTAS,1099.75,1100.0,1093.35,1097.0,188907.0
2021-06-03 13:45:00,NSE:VOLTAS,1097.0,1099.8,1094.55,1097.25,74890.0
2021-06-03 13:50:00,NSE:VOLTAS,1097.5,1098.9,1096.4,1097.7,40705.0
2021-06-03 13:55:00,NSE:VOLTAS,1097.7,1098.3,1096.7,1096.95,54766.0
2021-06-03 14:00:00,NSE:VOLTAS,1096.95,1097.0,1093.5,1096.45,91527.0
2021-06-03 14:05:00,NSE:VOLTAS,1096.45,1097.0,1095.25,1096.2,41041.0
2021-06-03 14:10:00,NSE:VOLTAS,1096.35,1096.65,1091.95,1092.85,83775.0
2021-06-03 14:15:00,NSE:VOLTAS,1092.9,1100.0,1092.5,1098.6,132144.0
2021-06-03 14:20:00,NSE:VOLTAS,1098.95,1105.0,1098.65,1101.0,219638.0
2021-06-03 14:25:00,NSE:VOLTAS,1101.4,1106.6,1100.0,1106.6,132854.0
2021-06-03 14:30:00,NSE:VOLTAS,1106.1,1110.0,1105.2,1108.85,199658.0
2021-06-03 14:35:00,NSE:VOLTAS,1108.65,1115.0,1108.4,1112.75,194523.0
2021-06-03 14:40:00,NSE:VOLTAS,1113.25,1118.65,1112.95,1115.5,245655.0
2021-06-03 14:45:00,NSE:VOLTAS,1115.25,1115.45,1104.95,1107.95,265439.0
2021-06-03 14:50:00,NSE:VOLTAS,1107.7,1110.45,1107.5,1109.25,103316.0
2021-06-03 14:55:00,NSE:VOLTAS,1109.35,1111.0,1109.3,1110.3,91388.0
2021-06-03 15:00:00,NSE:VOLTAS,1110.8,1111.4,1109.0,1110.25,99803.0
2021-06-03 15:05:00,NSE:VOLTAS,1110.0,1111.65,1109.75,1111.65,111855.0
2021-06-03 15:10:00,NSE:VOLTAS,1111.2,1115.4,1109.9,1110.25,157744.0
2021-06-03 15:15:00,NSE:VOLTAS,1110.7,1112.6,1109.85,1112.0,173744.0
2021-06-03 15:20:00,NSE:VOLTAS,1112.0,1114.6,1109.85,1111.0,203218.0
2021-06-03 15:25:00,NSE:VOLTAS,1111.35,1112.35,1111.05,1111.9,72040.0
2021-06-03 15:30:00,NSE:VOLTAS,1111.9,1111.9,1111.9,1111.9,53.0
2021-06-03 15:40:00,NSE:VOLTAS,1111.55,1111.9,1111.55,1111.9,61.0
2021-06-04 09:05:00,NSE:VOLTAS,1113.0,1113.0,1113.0,1113.0,5390.0
2021-06-04 09:15:00,NSE:VOLTAS,1113.0,1115.0,1103.4,1112.35,173117.0
2021-06-04 09:20:00,NSE:VOLTAS,1113.7,1119.95,1108.05,1117.85,168632.0
2021-06-04 09:25:00,NSE:VOLTAS,1116.85,1117.45,1112.0,1113.1,88043.0
2021-06-04 09:30:00,NSE:VOLTAS,1113.15,1115.55,1110.2,1114.0,64963.0
2021-06-04 09:35:00,NSE:VOLTAS,1113.55,1115.5,1111.8,1112.15,36913.0
2021-06-04 09:40:00,NSE:VOLTAS,1112.8,1124.0,1111.4,1123.05,115956.0
2021-06-04 09:45:00,NSE:VOLTAS,1122.65,1125.0,1112.7,1114.45,140602.0
2021-06-04 09:50:00,NSE:VOLTAS,1114.7,1118.4,1112.15,1116.6,115060.0
2021-06-04 09:55:00,NSE:VOLTAS,1116.0,1116.5,1108.05,1108.9,154233.0
2021-06-04 10:00:00,NSE:VOLTAS,1109.0,1111.8,1108.05,1110.55,45493.0
2021-06-04 10:05:00,NSE:VOLTAS,1110.55,1111.5,1109.4,1109.95,36720.0
2021-06-04 10:10:00,NSE:VOLTAS,1110.0,1115.5,1109.7,1114.1,35642.0
2021-06-04 10:15:00,NSE:VOLTAS,1114.55,1116.5,1111.65,1115.8,35489.0
2021-06-04 10:20:00,NSE:VOLTAS,1116.1,1117.5,1115.0,1115.8,27405.0
2021-06-04 10:25:00,NSE:VOLTAS,1116.05,1116.85,1115.0,1115.0,14899.0
2021-06-04 10:30:00,NSE:VOLTAS,1115.0,1115.5,1113.4,1114.55,21223.0
2021-06-04 10:35:00,NSE:VOLTAS,1114.55,1115.0,1109.0,1110.05,47234.0
2021-06-04 10:40:00,NSE:VOLTAS,1110.05,1111.85,1109.0,1110.2,21257.0
2021-06-04 10:45:00,NSE:VOLTAS,1110.3,1111.85,1109.15,1109.45,17350.0
2021-06-04 10:50:00,NSE:VOLTAS,1109.7,1112.0,1109.45,1111.05,12031.0
2021-06-04 10:55:00,NSE:VOLTAS,1110.95,1111.7,1109.0,1109.1,11645.0
2021-06-04 11:00:00,NSE:VOLTAS,1109.6,1110.2,1106.35,1107.7,25618.0
2021-06-04 11:05:00,NSE:VOLTAS,1107.8,1108.6,1102.3,1102.7,55656.0
2021-06-04 11:10:00,NSE:VOLTAS,1103.35,1104.95,1100.6,1101.95,79030.0
2021-06-04 11:15:00,NSE:VOLTAS,1102.4,1102.7,1098.8,1100.35,53086.0
2021-06-04 11:20:00,NSE:VOLTAS,1100.35,1103.95,1099.0,1102.65,30457.0
2021-06-04 11:25:00,NSE:VOLTAS,1102.15,1106.65,1102.0,1106.0,25638.0
2021-06-04 11:30:00,NSE:VOLTAS,1106.0,1106.0,1103.8,1105.05,18385.0
2021-06-04 11:35:00,NSE:VOLTAS,1105.65,1106.5,1102.95,1103.95,20796.0
2021-06-04 11:40:00,NSE:VOLTAS,1103.95,1104.7,1101.1,1103.05,15644.0
2021-06-04 11:45:00,NSE:VOLTAS,1103.15,1106.0,1103.15,1105.05,12864.0
2021-06-04 11:50:00,NSE:VOLTAS,1105.8,1107.0,1105.0,1105.85,14468.0
2021-06-04 11:55:00,NSE:VOLTAS,1105.9,1105.9,1102.15,1104.8,13493.0
2021-06-04 12:00:00,NSE:VOLTAS,1105.45,1105.9,1103.0,1103.65,10512.0
2021-06-04 12:05:00,NSE:VOLTAS,1103.2,1104.3,1101.75,1103.25,14000.0
2021-06-04 12:10:00,NSE:VOLTAS,1103.9,1103.9,1101.05,1101.5,9499.0
2021-06-04 12:15:00,NSE:VOLTAS,1101.5,1102.3,1100.0,1101.15,16145.0
2021-06-04 12:20:00,NSE:VOLTAS,1101.8,1103.0,1100.8,1101.5,9340.0
2021-06-04 12:25:00,NSE:VOLTAS,1102.25,1102.9,1100.8,1100.8,8598.0
2021-06-04 12:30:00,NSE:VOLTAS,1101.0,1102.0,1100.25,1100.25,10028.0
2021-06-04 12:35:00,NSE:VOLTAS,1100.2,1102.35,1098.2,1101.5,27491.0
2021-06-04 12:40:00,NSE:VOLTAS,1102.0,1102.45,1100.65,1101.65,12187.0
2021-06-04 12:45:00,NSE:VOLTAS,1101.65,1102.85,1101.2,1102.45,10198.0
2021-06-04 12:50:00,NSE:VOLTAS,1101.8,1103.0,1100.25,1102.25,21146.0
2021-06-04 12:55:00,NSE:VOLTAS,1102.15,1106.0,1102.0,1105.5,23388.0
2021-06-04 13:00:00,NSE:VOLTAS,1105.4,1109.0,1105.4,1107.55,42370.0
2021-06-04 13:05:00,NSE:VOLTAS,1108.0,1110.85,1107.0,1110.5,39303.0
2021-06-04 13:10:00,NSE:VOLTAS,1110.5,1114.0,1110.1,1110.7,43331.0
2021-06-04 13:15:00,NSE:VOLTAS,1110.75,1110.75,1107.2,1107.6,30581.0
2021-06-04 13:20:00,NSE:VOLTAS,1108.0,1110.0,1107.2,1109.4,13483.0
2021-06-04 13:25:00,NSE:VOLTAS,1109.4,1109.45,1105.7,1105.75,8322.0
2021-06-04 13:30:00,NSE:VOLTAS,1106.4,1108.05,1105.7,1106.95,4632.0
2021-06-04 13:35:00,NSE:VOLTAS,1107.25,1107.65,1106.5,1106.95,3234.0
2021-06-04 13:40:00,NSE:VOLTAS,1106.65,1106.95,1101.75,1101.75,17629.0
2021-06-04 13:45:00,NSE:VOLTAS,1103.0,1105.35,1102.3,1104.8,13645.0
2021-06-04 13:50:00,NSE:VOLTAS,1105.0,1106.2,1104.15,1105.25,7951.0
2021-06-04 13:55:00,NSE:VOLTAS,1106.0,1107.0,1105.25,1106.35,7254.0
2021-06-04 14:00:00,NSE:VOLTAS,1106.0,1106.5,1104.8,1105.0,15692.0
2021-06-04 14:05:00,NSE:VOLTAS,1105.0,1106.0,1103.0,1106.0,10239.0
2021-06-04 14:10:00,NSE:VOLTAS,1106.0,1106.0,1105.05,1105.95,5725.0
2021-06-04 14:15:00,NSE:VOLTAS,1105.95,1106.5,1105.4,1106.0,7955.0
2021-06-04 14:20:00,NSE:VOLTAS,1105.6,1106.0,1105.05,1105.05,8721.0
2021-06-04 14:25:00,NSE:VOLTAS,1105.05,1106.0,1105.05,1106.0,12544.0
2021-06-04 14:30:00,NSE:VOLTAS,1106.0,1107.7,1105.7,1107.7,6336.0
2021-06-04 14:35:00,NSE:VOLTAS,1107.55,1108.95,1105.25,1105.65,9987.0
2021-06-04 14:40:00,NSE:VOLTAS,1105.5,1108.1,1105.5,1107.8,6951.0
2021-06-04 14:45:00,NSE:VOLTAS,1108.4,1110.0,1106.2,1108.55,33762.0
2021-06-04 14:50:00,NSE:VOLTAS,1109.0,1109.45,1106.0,1109.0,20179.0
2021-06-04 14:55:00,NSE:VOLTAS,1109.2,1109.75,1107.0,1107.0,25311.0
2021-06-04 15:00:00,NSE:VOLTAS,1107.5,1108.5,1104.5,1105.5,24958.0
2021-06-04 15:05:00,NSE:VOLTAS,1105.5,1106.8,1104.25,1105.65,29070.0
2021-06-04 15:10:00,NSE:VOLTAS,1106.15,1109.0,1106.15,1107.6,33989.0
2021-06-04 15:15:00,NSE:VOLTAS,1107.05,1107.65,1105.1,1106.05,58219.0
2021-06-04 15:20:00,NSE:VOLTAS,1106.45,1106.5,1098.0,1099.0,88497.0
2021-06-04 15:25:00,NSE:VOLTAS,1098.65,1104.0,1098.65,1101.1,24442.0
2021-06-04 15:30:00,NSE:VOLTAS,1101.1,1101.1,1101.1,1101.1,1.0
2021-06-04 15:40:00,NSE:VOLTAS,1104.45,1104.45,1101.1,1101.1,356.0
2021-06-07 09:05:00,NSE:VOLTAS,1109.95,1109.95,1109.95,1109.95,1956.0
2021-06-07 09:15:00,NSE:VOLTAS,1107.8,1108.15,1098.15,1100.55,90377.0
2021-06-07 09:20:00,NSE:VOLTAS,1100.4,1102.8,1099.0,1099.1,38133.0
2021-06-07 09:25:00,NSE:VOLTAS,1099.8,1102.5,1096.7,1099.1,29448.0
2021-06-07 09:30:00,NSE:VOLTAS,1098.6,1100.0,1093.9,1098.6,38431.0
2021-06-07 09:35:00,NSE:VOLTAS,1098.6,1100.9,1096.2,1099.35,20185.0
2021-06-07 09:40:00,NSE:VOLTAS,1099.95,1100.75,1098.55,1098.75,12725.0
2021-06-07 09:45:00,NSE:VOLTAS,1098.75,1104.0,1098.0,1101.35,36394.0
2021-06-07 09:50:00,NSE:VOLTAS,1101.35,1101.35,1095.8,1099.55,22271.0
2021-06-07 09:55:00,NSE:VOLTAS,1100.0,1103.45,1097.05,1103.45,26647.0
2021-06-07 10:00:00,NSE:VOLTAS,1103.05,1112.05,1103.0,1110.95,46669.0
2021-06-07 10:05:00,NSE:VOLTAS,1111.3,1114.5,1110.05,1112.8,95814.0
2021-06-07 10:10:00,NSE:VOLTAS,1112.8,1112.85,1109.3,1111.4,34089.0
2021-06-07 10:15:00,NSE:VOLTAS,1111.0,1112.5,1109.7,1112.25,22062.0
2021-06-07 10:20:00,NSE:VOLTAS,1112.8,1114.0,1112.0,1112.9,22058.0
2021-06-07 10:25:00,NSE:VOLTAS,1112.9,1118.2,1112.0,1118.0,51193.0
2021-06-07 10:30:00,NSE:VOLTAS,1117.75,1118.9,1108.1,1110.2,56538.0
2021-06-07 10:35:00,NSE:VOLTAS,1110.45,1111.4,1107.2,1110.4,44539.0
2021-06-07 10:40:00,NSE:VOLTAS,1110.4,1111.7,1109.0,1110.0,16796.0
2021-06-07 10:45:00,NSE:VOLTAS,1110.5,1114.85,1109.75,1114.15,16014.0
2021-06-07 10:50:00,NSE:VOLTAS,1114.2,1115.85,1113.9,1114.45,22767.0
2021-06-07 10:55:00,NSE:VOLTAS,1114.45,1116.0,1113.6,1113.6,23000.0
2021-06-07 11:00:00,NSE:VOLTAS,1113.6,1114.3,1111.0,1111.85,20560.0
2021-06-07 11:05:00,NSE:VOLTAS,1111.85,1111.85,1109.2,1110.0,11801.0
2021-06-07 11:10:00,NSE:VOLTAS,1110.0,1110.55,1109.05,1110.0,11255.0
2021-06-07 11:15:00,NSE:VOLTAS,1110.0,1110.3,1107.7,1107.9,13504.0
2021-06-07 11:20:00,NSE:VOLTAS,1107.9,1108.25,1105.65,1106.85,21160.0
2021-06-07 11:25:00,NSE:VOLTAS,1106.5,1108.5,1106.0,1108.5,9120.0
2021-06-07 11:30:00,NSE:VOLTAS,1108.1,1108.85,1106.65,1106.65,12948.0
2021-06-07 11:35:00,NSE:VOLTAS,1106.65,1107.1,1104.05,1105.95,24642.0
2021-06-07 11:40:00,NSE:VOLTAS,1106.0,1106.1,1104.0,1104.5,7922.0
2021-06-07 11:45:00,NSE:VOLTAS,1104.5,1105.0,1101.05,1101.05,23888.0
2021-06-07 11:50:00,NSE:VOLTAS,1101.9,1102.5,1101.1,1101.4,12539.0
2021-06-07 11:55:00,NSE:VOLTAS,1101.35,1103.5,1101.0,1102.05,11964.0
2021-06-07 12:00:00,NSE:VOLTAS,1102.25,1103.7,1102.0,1102.45,7356.0
2021-06-07 12:05:00,NSE:VOLTAS,1102.7,1103.7,1102.0,1103.45,5810.0
2021-06-07 12:10:00,NSE:VOLTAS,1103.45,1103.6,1103.0,1103.0,3566.0
2021-06-07 12:15:00,NSE:VOLTAS,1103.0,1103.9,1102.3,1103.35,7047.0
2021-06-07 12:20:00,NSE:VOLTAS,1103.8,1104.0,1103.05,1103.05,4230.0
2021-06-07 12:25:00,NSE:VOLTAS,1103.05,1105.55,1102.8,1105.5,5892.0
2021-06-07 12:30:00,NSE:VOLTAS,1105.75,1106.15,1105.15,1106.0,3625.0
2021-06-07 12:35:00,NSE:VOLTAS,1106.2,1108.0,1105.7,1107.0,12816.0
2021-06-07 12:40:00,NSE:VOLTAS,1107.0,1107.4,1105.2,1105.2,8401.0
2021-06-07 12:45:00,NSE:VOLTAS,1105.15,1105.15,1101.5,1102.15,10549.0
2021-06-07 12:50:00,NSE:VOLTAS,1102.0,1103.45,1101.5,1101.65,8132.0
2021-06-07 12:55:00,NSE:VOLTAS,1101.65,1102.15,1100.75,1101.05,14458.0
2021-06-07 13:00:00,NSE:VOLTAS,1101.55,1102.0,1100.95,1102.0,5903.0
2021-06-07 13:05:00,NSE:VOLTAS,1101.85,1102.05,1101.0,1102.05,8771.0
2021-06-07 13:10:00,NSE:VOLTAS,1102.05,1103.5,1102.0,1102.5,10003.0
2021-06-07 13:15:00,NSE:VOLTAS,1102.5,1102.85,1102.0,1102.65,2975.0
2021-06-07 13:20:00,NSE:VOLTAS,1102.95,1103.6,1102.65,1103.35,7965.0
2021-06-07 13:25:00,NSE:VOLTAS,1103.3,1104.6,1102.85,1103.4,11064.0
2021-06-07 13:30:00,NSE:VOLTAS,1103.4,1103.8,1102.5,1102.65,5690.0
2021-06-07 13:35:00,NSE:VOLTAS,1102.65,1102.95,1101.6,1102.35,14430.0
2021-06-07 13:40:00,NSE:VOLTAS,1102.35,1102.45,1101.4,1102.0,6275.0
2021-06-07 13:45:00,NSE:VOLTAS,1101.95,1102.5,1101.5,1101.7,4677.0
2021-06-07 13:50:00,NSE:VOLTAS,1101.6,1103.05,1101.2,1102.35,9000.0
2021-06-07 13:55:00,NSE:VOLTAS,1103.1,1104.5,1102.45,1104.45,6742.0
2021-06-07 14:00:00,NSE:VOLTAS,1104.6,1104.95,1103.8,1104.9,14226.0
2021-06-07 14:05:00,NSE:VOLTAS,1104.15,1105.0,1103.8,1103.8,6798.0
2021-06-07 14:10:00,NSE:VOLTAS,1104.35,1105.8,1103.95,1105.8,9033.0
2021-06-07 14:15:00,NSE:VOLTAS,1106.0,1106.0,1104.55,1104.8,6962.0
2021-06-07 14:20:00,NSE:VOLTAS,1105.0,1105.35,1103.65,1103.65,12128.0
2021-06-07 14:25:00,NSE:VOLTAS,1103.65,1104.0,1101.6,1102.4,8838.0
2021-06-07 14:30:00,NSE:VOLTAS,1102.2,1102.8,1100.4,1100.45,12107.0
2021-06-07 14:35:00,NSE:VOLTAS,1100.85,1101.85,1100.25,1100.5,10285.0
2021-06-07 14:40:00,NSE:VOLTAS,1100.5,1100.9,1099.35,1100.1,21065.0
2021-06-07 14:45:00,NSE:VOLTAS,1100.05,1100.8,1099.25,1100.25,7746.0
2021-06-07 14:50:00,NSE:VOLTAS,1100.25,1100.8,1095.25,1095.25,23453.0
2021-06-07 14:55:00,NSE:VOLTAS,1095.75,1099.45,1095.75,1098.45,9636.0
2021-06-07 15:00:00,NSE:VOLTAS,1098.95,1099.45,1098.3,1099.05,8843.0
2021-06-07 15:05:00,NSE:VOLTAS,1099.05,1099.05,1096.5,1097.5,11557.0
2021-06-07 15:10:00,NSE:VOLTAS,1097.5,1098.0,1095.6,1095.7,38244.0
2021-06-07 15:15:00,NSE:VOLTAS,1095.75,1097.35,1095.55,1097.35,37382.0
2021-06-07 15:20:00,NSE:VOLTAS,1096.85,1098.0,1095.55,1096.6,24202.0
2021-06-07 15:25:00,NSE:VOLTAS,1096.65,1098.0,1096.2,1096.6,36701.0
2021-06-07 15:40:00,NSE:VOLTAS,1096.8,1096.8,1096.6,1096.6,4.0
2021-06-08 09:05:00,NSE:VOLTAS,1104.0,1104.0,1104.0,1104.0,1167.0
2021-06-08 09:15:00,NSE:VOLTAS,1100.0,1102.65,1096.05,1100.7,25287.0
2021-06-08 09:20:00,NSE:VOLTAS,1101.0,1104.0,1100.7,1102.25,17002.0
2021-06-08 09:25:00,NSE:VOLTAS,1101.7,1102.05,1096.1,1096.15,20326.0
2021-06-08 09:30:00,NSE:VOLTAS,1096.15,1099.2,1095.1,1097.05,12632.0
2021-06-08 09:35:00,NSE:VOLTAS,1097.5,1098.0,1094.0,1094.7,11443.0
2021-06-08 09:40:00,NSE:VOLTAS,1094.4,1096.0,1094.15,1094.5,9034.0
2021-06-08 09:45:00,NSE:VOLTAS,1095.0,1095.0,1091.85,1093.7,25937.0
2021-06-08 09:50:00,NSE:VOLTAS,1094.0,1096.0,1092.6,1095.3,12768.0
2021-06-08 09:55:00,NSE:VOLTAS,1095.0,1096.35,1093.7,1094.35,10428.0
2021-06-08 10:00:00,NSE:VOLTAS,1094.0,1095.0,1091.5,1095.0,14467.0
2021-06-08 10:05:00,NSE:VOLTAS,1095.0,1096.0,1094.55,1094.65,8908.0
2021-06-08 10:10:00,NSE:VOLTAS,1095.0,1097.4,1094.1,1095.6,8496.0
2021-06-08 10:15:00,NSE:VOLTAS,1095.7,1097.0,1095.0,1095.0,11257.0
2021-06-08 10:20:00,NSE:VOLTAS,1095.0,1095.95,1094.0,1094.15,4031.0
2021-06-08 10:25:00,NSE:VOLTAS,1094.4,1094.8,1093.5,1094.45,2725.0
2021-06-08 10:30:00,NSE:VOLTAS,1094.45,1095.0,1093.45,1093.6,2863.0
2021-06-08 10:35:00,NSE:VOLTAS,1093.6,1094.25,1093.2,1093.5,4759.0
2021-06-08 10:40:00,NSE:VOLTAS,1093.5,1096.0,1093.25,1094.4,4733.0
2021-06-08 10:45:00,NSE:VOLTAS,1094.45,1095.0,1093.3,1093.3,6382.0
2021-06-08 10:50:00,NSE:VOLTAS,1093.3,1095.0,1091.2,1092.1,23593.0
2021-06-08 10:55:00,NSE:VOLTAS,1092.6,1095.1,1092.0,1094.2,126225.0
2021-06-08 11:00:00,NSE:VOLTAS,1094.2,1094.75,1093.6,1094.6,2619.0
2021-06-08 11:05:00,NSE:VOLTAS,1094.6,1095.35,1093.6,1093.85,2632.0
2021-06-08 11:10:00,NSE:VOLTAS,1094.2,1094.7,1093.6,1093.7,867.0
2021-06-08 11:15:00,NSE:VOLTAS,1093.55,1095.15,1093.45,1094.5,6184.0
2021-06-08 11:20:00,NSE:VOLTAS,1094.0,1094.4,1093.1,1093.1,3202.0
2021-06-08 11:25:00,NSE:VOLTAS,1093.5,1093.95,1093.1,1093.3,1439.0
2021-06-08 11:30:00,NSE:VOLTAS,1093.4,1093.4,1087.8,1088.0,22143.0
2021-06-08 11:35:00,NSE:VOLTAS,1088.0,1089.9,1088.0,1089.8,5288.0
2021-06-08 11:40:00,NSE:VOLTAS,1089.9,1089.9,1085.4,1086.1,23138.0
2021-06-08 11:45:00,NSE:VOLTAS,1086.0,1086.15,1082.25,1083.7,38090.0
2021-06-08 11:50:00,NSE:VOLTAS,1083.7,1085.7,1083.65,1083.85,12710.0
2021-06-08 11:55:00,NSE:VOLTAS,1084.0,1084.95,1083.05,1083.6,6433.0
2021-06-08 12:00:00,NSE:VOLTAS,1083.6,1084.25,1081.4,1082.25,19222.0
2021-06-08 12:05:00,NSE:VOLTAS,1082.1,1082.7,1080.1,1080.55,13457.0
2021-06-08 12:10:00,NSE:VOLTAS,1080.5,1082.5,1080.5,1082.2,10030.0
2021-06-08 12:15:00,NSE:VOLTAS,1082.2,1083.0,1080.4,1080.7,8959.0
2021-06-08 12:20:00,NSE:VOLTAS,1080.3,1081.0,1076.6,1076.6,39212.0
2021-06-08 12:25:00,NSE:VOLTAS,1076.95,1080.4,1076.8,1080.05,17418.0
2021-06-08 12:30:00,NSE:VOLTAS,1079.6,1079.85,1078.2,1079.05,13008.0
2021-06-08 12:35:00,NSE:VOLTAS,1079.0,1080.05,1077.6,1079.5,11431.0
2021-06-08 12:40:00,NSE:VOLTAS,1079.45,1080.25,1077.8,1078.45,14237.0
2021-06-08 12:45:00,NSE:VOLTAS,1078.25,1079.45,1076.0,1076.0,22185.0
2021-06-08 12:50:00,NSE:VOLTAS,1076.0,1077.5,1075.25,1075.9,19343.0
2021-06-08 12:55:00,NSE:VOLTAS,1076.05,1076.7,1074.2,1074.75,35869.0
2021-06-08 13:00:00,NSE:VOLTAS,1074.75,1075.0,1074.0,1074.4,14073.0
2021-06-08 13:05:00,NSE:VOLTAS,1074.55,1077.9,1074.55,1075.0,37260.0
2021-06-08 13:10:00,NSE:VOLTAS,1075.0,1076.0,1074.4,1074.7,16585.0
2021-06-08 13:15:00,NSE:VOLTAS,1074.7,1075.85,1074.5,1075.05,20659.0
2021-06-08 13:20:00,NSE:VOLTAS,1075.0,1077.25,1075.0,1075.75,18212.0
2021-06-08 13:25:00,NSE:VOLTAS,1075.7,1078.0,1075.65,1077.05,19155.0
2021-06-08 13:30:00,NSE:VOLTAS,1077.05,1079.0,1075.65,1076.6,30650.0
2021-06-08 13:35:00,NSE:VOLTAS,1076.6,1077.55,1075.05,1077.05,17913.0
2021-06-08 13:40:00,NSE:VOLTAS,1077.0,1077.1,1075.05,1075.5,14998.0
2021-06-08 13:45:00,NSE:VOLTAS,1075.5,1076.95,1074.85,1075.55,17810.0
2021-06-08 13:50:00,NSE:VOLTAS,1075.3,1077.5,1075.15,1076.5,11761.0
2021-06-08 13:55:00,NSE:VOLTAS,1076.45,1077.0,1072.3,1074.95,33691.0
2021-06-08 14:00:00,NSE:VOLTAS,1074.7,1075.0,1072.0,1072.05,18035.0
2021-06-08 14:05:00,NSE:VOLTAS,1072.05,1074.35,1072.0,1073.9,15672.0
2021-06-08 14:10:00,NSE:VOLTAS,1073.45,1073.45,1071.5,1072.2,16512.0
2021-06-08 14:15:00,NSE:VOLTAS,1072.1,1073.0,1071.0,1072.6,17342.0
2021-06-08 14:20:00,NSE:VOLTAS,1072.95,1074.7,1072.55,1072.9,17160.0
2021-06-08 14:25:00,NSE:VOLTAS,1072.9,1073.45,1071.7,1071.85,13308.0
2021-06-08 14:30:00,NSE:VOLTAS,1071.85,1072.6,1071.5,1071.55,16048.0
2021-06-08 14:35:00,NSE:VOLTAS,1071.55,1071.95,1070.05,1071.85,30840.0
2021-06-08 14:40:00,NSE:VOLTAS,1071.65,1072.45,1070.1,1070.75,22342.0
2021-06-08 14:45:00,NSE:VOLTAS,1071.15,1074.0,1070.5,1072.7,28513.0
2021-06-08 14:50:00,NSE:VOLTAS,1072.2,1073.0,1071.05,1071.05,15005.0
2021-06-08 14:55:00,NSE:VOLTAS,1071.0,1073.75,1071.0,1073.7,25312.0
2021-06-08 15:00:00,NSE:VOLTAS,1073.7,1075.0,1072.3,1072.8,22930.0
2021-06-08 15:05:00,NSE:VOLTAS,1072.55,1073.0,1070.4,1071.0,33420.0
2021-06-08 15:10:00,NSE:VOLTAS,1071.2,1072.0,1070.55,1071.4,29925.0
2021-06-08 15:15:00,NSE:VOLTAS,1071.2,1072.6,1070.5,1070.8,40916.0
2021-06-08 15:20:00,NSE:VOLTAS,1070.8,1072.0,1070.1,1071.35,38414.0
2021-06-08 15:25:00,NSE:VOLTAS,1071.35,1072.65,1071.0,1072.6,30447.0
2021-06-08 15:30:00,NSE:VOLTAS,1073.0,1073.0,1073.0,1073.0,32.0
2021-06-08 15:40:00,NSE:VOLTAS,1071.6,1071.6,1071.6,1071.6,50.0
2021-06-09 09:05:00,NSE:VOLTAS,1078.5,1078.5,1078.5,1078.5,1878.0
2021-06-09 09:15:00,NSE:VOLTAS,1077.25,1077.6,1071.85,1075.2,32516.0
2021-06-09 09:20:00,NSE:VOLTAS,1076.0,1076.0,1067.6,1068.6,42690.0
2021-06-09 09:25:00,NSE:VOLTAS,1068.2,1069.3,1065.2,1066.15,31400.0
2021-06-09 09:30:00,NSE:VOLTAS,1065.85,1068.65,1064.5,1067.45,26024.0
2021-06-09 09:35:00,NSE:VOLTAS,1067.4,1067.75,1064.0,1065.55,20884.0
2021-06-09 09:40:00,NSE:VOLTAS,1065.45,1067.7,1064.35,1065.45,33517.0
2021-06-09 09:45:00,NSE:VOLTAS,1065.45,1070.0,1064.7,1068.55,58142.0
2021-06-09 09:50:00,NSE:VOLTAS,1068.95,1069.0,1067.15,1067.6,14433.0
2021-06-09 09:55:00,NSE:VOLTAS,1068.2,1069.0,1066.45,1067.0,18230.0
2021-06-09 10:00:00,NSE:VOLTAS,1067.0,1067.6,1066.0,1066.85,7459.0
2021-06-09 10:05:00,NSE:VOLTAS,1066.5,1070.8,1066.5,1069.1,29051.0
2021-06-09 10:10:00,NSE:VOLTAS,1069.15,1070.0,1066.55,1067.1,14083.0
2021-06-09 10:15:00,NSE:VOLTAS,1067.65,1067.65,1066.05,1066.7,8777.0
2021-06-09 10:20:00,NSE:VOLTAS,1067.0,1068.85,1066.7,1068.85,5685.0
2021-06-09 10:25:00,NSE:VOLTAS,1068.85,1068.9,1066.05,1066.05,11442.0
2021-06-09 10:30:00,NSE:VOLTAS,1065.5,1065.95,1061.7,1063.0,43040.0
2021-06-09 10:35:00,NSE:VOLTAS,1063.0,1065.0,1062.25,1063.7,16675.0
2021-06-09 10:40:00,NSE:VOLTAS,1063.7,1064.95,1063.5,1064.45,5011.0
2021-06-09 10:45:00,NSE:VOLTAS,1064.45,1064.6,1062.65,1064.35,12849.0
2021-06-09 10:50:00,NSE:VOLTAS,1064.3,1065.0,1064.0,1064.9,15609.0
2021-06-09 10:55:00,NSE:VOLTAS,1064.9,1066.45,1064.55,1065.1,15504.0
2021-06-09 11:00:00,NSE:VOLTAS,1065.7,1065.7,1063.65,1063.65,7709.0
2021-06-09 11:05:00,NSE:VOLTAS,1063.5,1066.0,1063.5,1064.65,7733.0
2021-06-09 11:10:00,NSE:VOLTAS,1064.65,1066.15,1064.3,1064.95,6875.0
2021-06-09 11:15:00,NSE:VOLTAS,1064.75,1068.1,1064.75,1066.45,11715.0
2021-06-09 11:20:00,NSE:VOLTAS,1066.75,1068.8,1066.45,1068.0,11006.0
2021-06-09 11:25:00,NSE:VOLTAS,1068.0,1068.45,1065.6,1066.05,14258.0
2021-06-09 11:30:00,NSE:VOLTAS,1066.05,1067.5,1065.3,1066.0,6838.0
2021-06-09 11:35:00,NSE:VOLTAS,1066.0,1067.55,1066.0,1066.65,7513.0
2021-06-09 11:40:00,NSE:VOLTAS,1066.65,1067.05,1066.1,1066.7,4063.0
2021-06-09 11:45:00,NSE:VOLTAS,1066.7,1069.5,1066.05,1068.05,18049.0
2021-06-09 11:50:00,NSE:VOLTAS,1068.05,1069.35,1067.8,1068.75,8709.0
2021-06-09 11:55:00,NSE:VOLTAS,1068.75,1068.85,1066.5,1066.5,7746.0
2021-06-09 12:00:00,NSE:VOLTAS,1066.5,1066.95,1066.05,1066.15,4822.0
2021-06-09 12:05:00,NSE:VOLTAS,1066.15,1067.1,1064.65,1065.3,11429.0
2021-06-09 12:10:00,NSE:VOLTAS,1065.3,1066.1,1064.9,1064.9,3214.0
2021-06-09 12:15:00,NSE:VOLTAS,1065.0,1065.45,1063.65,1064.6,5397.0
2021-06-09 12:20:00,NSE:VOLTAS,1063.7,1066.2,1063.7,1065.45,6505.0
2021-06-09 12:25:00,NSE:VOLTAS,1065.05,1065.45,1064.0,1065.05,5284.0
2021-06-09 12:30:00,NSE:VOLTAS,1064.45,1065.75,1063.7,1063.75,9565.0
2021-06-09 12:35:00,NSE:VOLTAS,1063.75,1064.75,1063.6,1063.95,8305.0
2021-06-09 12:40:00,NSE:VOLTAS,1063.95,1065.0,1063.0,1063.7,8345.0
2021-06-09 12:45:00,NSE:VOLTAS,1063.7,1064.55,1062.95,1063.2,10931.0
2021-06-09 12:50:00,NSE:VOLTAS,1063.2,1064.4,1062.7,1062.7,7278.0
2021-06-09 12:55:00,NSE:VOLTAS,1063.05,1065.7,1063.0,1063.5,17299.0
2021-06-09 13:00:00,NSE:VOLTAS,1063.8,1063.9,1062.7,1063.7,6911.0
2021-06-09 13:05:00,NSE:VOLTAS,1064.45,1065.75,1058.7,1059.05,28903.0
2021-06-09 13:10:00,NSE:VOLTAS,1059.9,1060.0,1056.0,1056.5,14817.0
2021-06-09 13:15:00,NSE:VOLTAS,1056.5,1060.0,1055.0,1059.5,25596.0
2021-06-09 13:20:00,NSE:VOLTAS,1058.6,1059.0,1055.0,1058.3,15165.0
2021-06-09 13:25:00,NSE:VOLTAS,1059.7,1061.05,1058.5,1059.4,16579.0
2021-06-09 13:30:00,NSE:VOLTAS,1059.25,1059.25,1054.4,1055.55,28929.0
2021-06-09 13:35:00,NSE:VOLTAS,1055.0,1059.95,1054.2,1057.25,18552.0
2021-06-09 13:40:00,NSE:VOLTAS,1057.25,1058.5,1056.55,1057.4,6487.0
2021-06-09 13:45:00,NSE:VOLTAS,1056.8,1057.6,1055.2,1055.75,3929.0
2021-06-09 13:50:00,NSE:VOLTAS,1055.35,1056.8,1054.55,1055.05,13015.0
2021-06-09 13:55:00,NSE:VOLTAS,1055.2,1055.9,1054.1,1055.8,7249.0
2021-06-09 14:00:00,NSE:VOLTAS,1055.8,1056.0,1055.15,1055.65,3711.0
2021-06-09 14:05:00,NSE:VOLTAS,1055.85,1058.0,1055.8,1057.45,8342.0
2021-06-09 14:10:00,NSE:VOLTAS,1057.35,1057.4,1056.25,1056.6,5140.0
2021-06-09 14:15:00,NSE:VOLTAS,1056.6,1057.65,1056.15,1057.05,3814.0
2021-06-09 14:20:00,NSE:VOLTAS,1057.05,1057.55,1053.85,1054.95,10808.0
2021-06-09 14:25:00,NSE:VOLTAS,1054.3,1055.0,1053.5,1053.5,8382.0
2021-06-09 14:30:00,NSE:VOLTAS,1053.5,1053.5,1050.3,1051.15,17844.0
2021-06-09 14:35:00,NSE:VOLTAS,1050.7,1052.95,1050.7,1051.95,8453.0
2021-06-09 14:40:00,NSE:VOLTAS,1051.95,1051.95,1048.05,1048.65,23978.0
2021-06-09 14:45:00,NSE:VOLTAS,1048.45,1050.85,1044.45,1050.8,29786.0
2021-06-09 14:50:00,NSE:VOLTAS,1050.55,1053.4,1050.5,1053.2,9235.0
2021-06-09 14:55:00,NSE:VOLTAS,1053.5,1054.3,1051.05,1051.5,6116.0
2021-06-09 15:00:00,NSE:VOLTAS,1052.0,1053.8,1050.0,1050.55,14614.0
2021-06-09 15:05:00,NSE:VOLTAS,1050.8,1051.0,1046.9,1047.6,27610.0
2021-06-09 15:10:00,NSE:VOLTAS,1047.55,1047.55,1042.85,1045.3,76859.0
2021-06-09 15:15:00,NSE:VOLTAS,1045.3,1048.0,1044.45,1045.3,62419.0
2021-06-09 15:20:00,NSE:VOLTAS,1045.35,1047.0,1043.1,1043.4,58853.0
2021-06-09 15:25:00,NSE:VOLTAS,1043.5,1047.0,1043.4,1046.8,15200.0
2021-06-09 15:30:00,NSE:VOLTAS,1046.1,1046.1,1046.1,1046.1,100.0
2021-06-09 15:40:00,NSE:VOLTAS,1046.0,1046.0,1046.0,1046.0,5.0
2021-06-10 09:05:00,NSE:VOLTAS,1047.9,1047.9,1047.9,1047.9,941.0
2021-06-10 09:15:00,NSE:VOLTAS,1049.2,1055.0,1046.2,1049.55,39642.0
2021-06-10 09:20:00,NSE:VOLTAS,1050.3,1052.35,1048.0,1051.0,22399.0
2021-06-10 09:25:00,NSE:VOLTAS,1051.0,1051.5,1046.35,1050.9,19960.0
2021-06-10 09:30:00,NSE:VOLTAS,1049.85,1053.0,1049.85,1051.6,20484.0
2021-06-10 09:35:00,NSE:VOLTAS,1051.95,1054.85,1051.65,1054.45,7759.0
2021-06-10 09:40:00,NSE:VOLTAS,1053.75,1053.8,1052.4,1053.45,8043.0
2021-06-10 09:45:00,NSE:VOLTAS,1053.45,1056.9,1053.05,1054.15,19333.0
2021-06-10 09:50:00,NSE:VOLTAS,1053.95,1054.5,1048.5,1049.3,15376.0
2021-06-10 09:55:00,NSE:VOLTAS,1048.7,1049.45,1046.1,1048.5,14538.0
2021-06-10 10:00:00,NSE:VOLTAS,1048.4,1049.5,1047.0,1047.45,8834.0
2021-06-10 10:05:00,NSE:VOLTAS,1047.45,1049.7,1047.45,1048.45,3966.0
2021-06-10 10:10:00,NSE:VOLTAS,1048.2,1048.9,1047.0,1048.3,7607.0
2021-06-10 10:15:00,NSE:VOLTAS,1048.3,1049.0,1047.0,1047.75,7368.0
2021-06-10 10:20:00,NSE:VOLTAS,1047.75,1048.65,1045.1,1048.65,9593.0
2021-06-10 10:25:00,NSE:VOLTAS,1048.15,1049.0,1047.05,1048.35,4206.0
2021-06-10 10:30:00,NSE:VOLTAS,1048.8,1051.2,1048.35,1050.95,8268.0
2021-06-10 10:35:00,NSE:VOLTAS,1050.6,1050.9,1049.25,1050.0,6509.0
2021-06-10 10:40:00,NSE:VOLTAS,1050.0,1052.55,1049.55,1051.0,7003.0
2021-06-10 10:45:00,NSE:VOLTAS,1051.15,1053.25,1051.15,1053.25,8490.0
2021-06-10 10:50:00,NSE:VOLTAS,1052.65,1054.4,1052.65,1053.9,6629.0
2021-06-10 10:55:00,NSE:VOLTAS,1053.8,1053.95,1052.6,1053.1,6202.0
2021-06-10 11:00:00,NSE:VOLTAS,1053.1,1053.6,1051.8,1051.8,4828.0
2021-06-10 11:05:00,NSE:VOLTAS,1051.8,1051.8,1048.85,1049.7,5535.0
2021-06-10 11:10:00,NSE:VOLTAS,1049.05,1050.15,1048.25,1049.9,5515.0
2021-06-10 11:15:00,NSE:VOLTAS,1049.9,1051.0,1049.9,1051.0,2580.0
2021-06-10 11:20:00,NSE:VOLTAS,1050.8,1053.0,1050.8,1052.75,2916.0
2021-06-10 11:25:00,NSE:VOLTAS,1052.75,1053.35,1051.35,1051.5,5235.0
2021-06-10 11:30:00,NSE:VOLTAS,1051.55,1054.45,1051.35,1054.1,7250.0
2021-06-10 11:35:00,NSE:VOLTAS,1054.8,1055.0,1053.45,1054.2,4843.0
2021-06-10 11:40:00,NSE:VOLTAS,1054.0,1054.3,1053.1,1053.15,1746.0
2021-06-10 11:45:00,NSE:VOLTAS,1053.15,1055.2,1053.15,1054.6,10724.0
2021-06-10 11:50:00,NSE:VOLTAS,1054.9,1056.15,1054.55,1056.1,12932.0
2021-06-10 11:55:00,NSE:VOLTAS,1056.0,1056.75,1055.2,1056.0,8738.0
2021-06-10 12:00:00,NSE:VOLTAS,1055.85,1055.95,1053.9,1054.65,8571.0
2021-06-10 12:05:00,NSE:VOLTAS,1054.65,1054.95,1053.0,1054.0,11076.0
2021-06-10 12:10:00,NSE:VOLTAS,1053.95,1056.2,1053.4,1056.2,6001.0
2021-06-10 12:15:00,NSE:VOLTAS,1055.95,1059.65,1055.2,1057.8,29330.0
2021-06-10 12:20:00,NSE:VOLTAS,1057.15,1058.35,1056.0,1056.4,20080.0
2021-06-10 12:25:00,NSE:VOLTAS,1056.0,1057.75,1055.35,1056.6,9202.0
2021-06-10 12:30:00,NSE:VOLTAS,1057.95,1058.45,1057.55,1057.8,8119.0
2021-06-10 12:35:00,NSE:VOLTAS,1057.55,1057.7,1055.35,1057.1,12154.0
2021-06-10 12:40:00,NSE:VOLTAS,1056.5,1057.8,1055.0,1055.0,4687.0
2021-06-10 12:45:00,NSE:VOLTAS,1054.5,1054.95,1053.5,1054.2,13544.0
2021-06-10 12:50:00,NSE:VOLTAS,1054.2,1056.0,1054.05,1055.0,4744.0
2021-06-10 12:55:00,NSE:VOLTAS,1054.9,1055.1,1053.1,1053.1,6249.0
2021-06-10 13:00:00,NSE:VOLTAS,1053.15,1053.15,1050.7,1051.55,11946.0
2021-06-10 13:05:00,NSE:VOLTAS,1051.55,1053.5,1051.55,1052.9,4668.0
2021-06-10 13:10:00,NSE:VOLTAS,1052.8,1053.9,1052.8,1053.2,4365.0
2021-06-10 13:15:00,NSE:VOLTAS,1053.2,1054.5,1052.0,1053.6,7166.0
2021-06-10 13:20:00,NSE:VOLTAS,1053.8,1055.0,1052.75,1053.35,5308.0
2021-06-10 13:25:00,NSE:VOLTAS,1053.35,1055.5,1053.35,1054.45,4499.0
2021-06-10 13:30:00,NSE:VOLTAS,1055.0,1056.6,1054.4,1054.7,6398.0
2021-06-10 13:35:00,NSE:VOLTAS,1055.3,1055.95,1053.75,1055.15,3610.0
2021-06-10 13:40:00,NSE:VOLTAS,1054.65,1055.4,1053.6,1053.6,3272.0
2021-06-10 13:45:00,NSE:VOLTAS,1053.6,1054.55,1053.0,1053.8,5011.0
2021-06-10 13:50:00,NSE:VOLTAS,1053.55,1054.4,1051.55,1053.6,5276.0
2021-06-10 13:55:00,NSE:VOLTAS,1053.75,1054.8,1053.25,1053.7,3428.0
2021-06-10 14:00:00,NSE:VOLTAS,1053.7,1054.05,1051.0,1051.15,6719.0
2021-06-10 14:05:00,NSE:VOLTAS,1051.15,1053.2,1051.15,1052.95,9129.0
2021-06-10 14:10:00,NSE:VOLTAS,1052.95,1054.5,1052.1,1054.1,4124.0
2021-06-10 14:15:00,NSE:VOLTAS,1054.1,1055.0,1053.55,1054.85,5266.0
2021-06-10 14:20:00,NSE:VOLTAS,1054.8,1055.0,1053.3,1054.5,2255.0
2021-06-10 14:25:00,NSE:VOLTAS,1054.0,1055.4,1052.45,1053.4,5154.0
2021-06-10 14:30:00,NSE:VOLTAS,1053.4,1055.45,1053.4,1054.95,5724.0
2021-06-10 14:35:00,NSE:VOLTAS,1055.0,1057.8,1054.1,1057.8,10155.0
2021-06-10 14:40:00,NSE:VOLTAS,1058.4,1058.45,1055.5,1055.5,13642.0
2021-06-10 14:45:00,NSE:VOLTAS,1055.0,1058.55,1054.45,1058.55,34237.0
2021-06-10 14:50:00,NSE:VOLTAS,1058.5,1058.5,1054.55,1054.8,18235.0
2021-06-10 14:55:00,NSE:VOLTAS,1054.8,1055.4,1054.4,1055.0,8882.0
2021-06-10 15:00:00,NSE:VOLTAS,1054.85,1055.5,1053.7,1054.5,10391.0
2021-06-10 15:05:00,NSE:VOLTAS,1055.0,1055.5,1054.15,1054.15,10499.0
2021-06-10 15:10:00,NSE:VOLTAS,1054.1,1055.0,1054.0,1054.3,9951.0
2021-06-10 15:15:00,NSE:VOLTAS,1054.3,1056.0,1053.95,1056.0,22748.0
2021-06-10 15:20:00,NSE:VOLTAS,1056.0,1056.55,1055.4,1055.85,20753.0
2021-06-10 15:25:00,NSE:VOLTAS,1055.8,1056.0,1055.05,1056.0,13730.0
2021-06-10 15:45:00,NSE:VOLTAS,1055.2,1055.2,1055.2,1055.2,5.0
2021-06-11 09:05:00,NSE:VOLTAS,1062.0,1062.0,1062.0,1062.0,1593.0
2021-06-11 09:15:00,NSE:VOLTAS,1060.7,1062.85,1057.15,1058.0,28230.0
2021-06-11 09:20:00,NSE:VOLTAS,1057.55,1058.05,1055.1,1056.6,13070.0
2021-06-11 09:25:00,NSE:VOLTAS,1056.35,1061.4,1056.0,1059.6,18409.0
2021-06-11 09:30:00,NSE:VOLTAS,1059.7,1059.7,1056.0,1056.35,7643.0
2021-06-11 09:35:00,NSE:VOLTAS,1056.75,1057.25,1055.0,1056.1,12803.0
2021-06-11 09:40:00,NSE:VOLTAS,1055.15,1056.1,1054.0,1054.55,10922.0
2021-06-11 09:45:00,NSE:VOLTAS,1054.55,1056.0,1054.55,1055.25,6119.0
2021-06-11 09:50:00,NSE:VOLTAS,1056.0,1056.0,1047.05,1049.2,55463.0
2021-06-11 09:55:00,NSE:VOLTAS,1046.75,1048.85,1044.05,1047.5,51004.0
2021-06-11 10:00:00,NSE:VOLTAS,1046.9,1048.0,1045.1,1045.1,14348.0
2021-06-11 10:05:00,NSE:VOLTAS,1045.1,1048.35,1045.0,1046.95,12068.0
2021-06-11 10:10:00,NSE:VOLTAS,1047.05,1047.6,1044.05,1045.0,20039.0
2021-06-11 10:15:00,NSE:VOLTAS,1044.95,1047.15,1043.6,1045.95,42108.0
2021-06-11 10:20:00,NSE:VOLTAS,1046.0,1046.4,1044.9,1046.1,17863.0
2021-06-11 10:25:00,NSE:VOLTAS,1046.1,1049.55,1045.0,1048.8,15793.0
2021-06-11 10:30:00,NSE:VOLTAS,1049.45,1050.0,1048.0,1049.65,41117.0
2021-06-11 10:35:00,NSE:VOLTAS,1049.2,1050.0,1047.7,1050.0,27877.0
2021-06-11 10:40:00,NSE:VOLTAS,1050.0,1052.05,1049.95,1052.05,6590.0
2021-06-11 10:45:00,NSE:VOLTAS,1051.7,1053.7,1051.6,1052.9,16387.0
2021-06-11 10:50:00,NSE:VOLTAS,1053.0,1055.0,1052.6,1053.2,14694.0
2021-06-11 10:55:00,NSE:VOLTAS,1052.9,1054.0,1050.55,1050.6,5566.0
2021-06-11 11:00:00,NSE:VOLTAS,1050.65,1051.6,1050.55,1051.2,3815.0
2021-06-11 11:05:00,NSE:VOLTAS,1051.2,1052.0,1051.1,1051.9,3006.0
2021-06-11 11:10:00,NSE:VOLTAS,1051.5,1052.0,1051.45,1051.55,5687.0
2021-06-11 11:15:00,NSE:VOLTAS,1051.45,1051.9,1047.8,1048.35,16262.0
2021-06-11 11:20:00,NSE:VOLTAS,1049.2,1050.2,1046.6,1047.3,6085.0
2021-06-11 11:25:00,NSE:VOLTAS,1047.0,1048.2,1046.5,1046.55,4730.0
2021-06-11 11:30:00,NSE:VOLTAS,1046.55,1046.75,1045.25,1045.65,6353.0
2021-06-11 11:35:00,NSE:VOLTAS,1045.25,1047.7,1045.25,1046.35,3432.0
2021-06-11 11:40:00,NSE:VOLTAS,1046.55,1047.75,1046.35,1047.2,3118.0
2021-06-11 11:45:00,NSE:VOLTAS,1046.55,1048.85,1046.55,1048.25,4693.0
2021-06-11 11:50:00,NSE:VOLTAS,1048.9,1048.9,1046.05,1047.65,2828.0
2021-06-11 11:55:00,NSE:VOLTAS,1047.5,1049.0,1047.5,1048.95,2411.0
2021-06-11 12:00:00,NSE:VOLTAS,1048.4,1050.0,1048.4,1050.0,2357.0
2021-06-11 12:05:00,NSE:VOLTAS,1049.7,1049.7,1049.0,1049.5,3451.0
2021-06-11 12:10:00,NSE:VOLTAS,1049.0,1049.5,1044.8,1045.7,9723.0
2021-06-11 12:15:00,NSE:VOLTAS,1045.7,1045.7,1042.4,1043.0,15290.0
2021-06-11 12:20:00,NSE:VOLTAS,1042.6,1043.9,1042.1,1043.35,20026.0
2021-06-11 12:25:00,NSE:VOLTAS,1043.0,1044.6,1039.95,1044.6,31807.0
2021-06-11 12:30:00,NSE:VOLTAS,1043.9,1047.85,1043.5,1047.5,22197.0
2021-06-11 12:35:00,NSE:VOLTAS,1047.3,1047.95,1046.4,1047.65,4688.0
2021-06-11 12:40:00,NSE:VOLTAS,1047.65,1049.15,1047.25,1048.5,6082.0
2021-06-11 12:45:00,NSE:VOLTAS,1048.45,1049.0,1048.1,1048.1,3163.0
2021-06-11 12:50:00,NSE:VOLTAS,1048.65,1048.95,1048.0,1048.4,1895.0
2021-06-11 12:55:00,NSE:VOLTAS,1048.55,1049.2,1048.25,1049.0,2794.0
2021-06-11 13:00:00,NSE:VOLTAS,1048.4,1048.45,1047.05,1047.85,4473.0
2021-06-11 13:05:00,NSE:VOLTAS,1047.45,1048.7,1047.2,1047.5,3086.0
2021-06-11 13:10:00,NSE:VOLTAS,1047.15,1048.1,1047.15,1048.1,1573.0
2021-06-11 13:15:00,NSE:VOLTAS,1048.35,1049.75,1047.8,1048.7,5259.0
2021-06-11 13:20:00,NSE:VOLTAS,1048.75,1049.2,1041.7,1042.5,28906.0
2021-06-11 13:25:00,NSE:VOLTAS,1042.3,1043.9,1040.35,1040.65,35425.0
2021-06-11 13:30:00,NSE:VOLTAS,1040.55,1042.3,1040.4,1040.85,21541.0
2021-06-11 13:35:00,NSE:VOLTAS,1040.55,1041.65,1038.6,1040.1,27338.0
2021-06-11 13:40:00,NSE:VOLTAS,1040.0,1040.95,1038.85,1039.7,21459.0
2021-06-11 13:45:00,NSE:VOLTAS,1039.3,1045.0,1039.3,1043.8,13629.0
2021-06-11 13:50:00,NSE:VOLTAS,1043.8,1046.25,1043.8,1045.55,6949.0
2021-06-11 13:55:00,NSE:VOLTAS,1045.95,1045.95,1044.7,1045.1,7245.0
2021-06-11 14:00:00,NSE:VOLTAS,1045.05,1045.5,1045.0,1045.2,4045.0
2021-06-11 14:05:00,NSE:VOLTAS,1045.45,1045.75,1045.2,1045.35,1142.0
2021-06-11 14:10:00,NSE:VOLTAS,1045.5,1047.0,1045.2,1046.65,6648.0
2021-06-11 14:15:00,NSE:VOLTAS,1046.85,1047.8,1045.7,1046.0,4473.0
2021-06-11 14:20:00,NSE:VOLTAS,1046.0,1046.8,1045.85,1046.25,3142.0
2021-06-11 14:25:00,NSE:VOLTAS,1046.7,1047.5,1046.2,1047.2,5007.0
2021-06-11 14:30:00,NSE:VOLTAS,1047.25,1047.25,1046.35,1046.35,4115.0
2021-06-11 14:35:00,NSE:VOLTAS,1046.75,1046.8,1045.2,1045.2,1680.0
2021-06-11 14:40:00,NSE:VOLTAS,1045.75,1046.5,1045.25,1045.9,4037.0
2021-06-11 14:45:00,NSE:VOLTAS,1045.85,1046.5,1044.2,1044.9,4791.0
2021-06-11 14:50:00,NSE:VOLTAS,1044.9,1046.0,1044.9,1046.0,1632.0
2021-06-11 14:55:00,NSE:VOLTAS,1045.5,1045.95,1044.0,1045.4,5030.0
2021-06-11 15:00:00,NSE:VOLTAS,1045.4,1047.45,1045.4,1046.8,7665.0
2021-06-11 15:05:00,NSE:VOLTAS,1046.8,1049.0,1046.45,1047.0,5814.0
2021-06-11 15:10:00,NSE:VOLTAS,1046.9,1046.95,1045.0,1046.0,7052.0
2021-06-11 15:15:00,NSE:VOLTAS,1045.25,1046.65,1044.5,1046.2,16157.0
2021-06-11 15:20:00,NSE:VOLTAS,1046.25,1046.7,1045.0,1045.0,12316.0
2021-06-11 15:25:00,NSE:VOLTAS,1045.1,1047.45,1045.1,1046.9,8863.0
2021-06-11 15:40:00,NSE:VOLTAS,1046.15,1046.15,1046.15,1046.15,225.0
2021-06-14 09:05:00,NSE:VOLTAS,1042.0,1042.0,1042.0,1042.0,3038.0
2021-06-14 09:15:00,NSE:VOLTAS,1043.1,1044.95,1034.5,1036.15,61724.0
2021-06-14 09:20:00,NSE:VOLTAS,1036.3,1039.65,1033.3,1035.3,33942.0
2021-06-14 09:25:00,NSE:VOLTAS,1035.25,1035.7,1033.75,1033.75,12058.0
2021-06-14 09:30:00,NSE:VOLTAS,1032.9,1033.0,1021.05,1021.7,60506.0
2021-06-14 09:35:00,NSE:VOLTAS,1021.6,1031.85,1020.45,1031.7,27645.0
2021-06-14 09:40:00,NSE:VOLTAS,1030.8,1034.5,1030.0,1033.85,14622.0
2021-06-14 09:45:00,NSE:VOLTAS,1033.85,1035.0,1025.4,1028.15,24446.0
2021-06-14 09:50:00,NSE:VOLTAS,1028.0,1030.45,1027.85,1030.45,9158.0
2021-06-14 09:55:00,NSE:VOLTAS,1031.0,1043.1,1030.55,1042.15,66672.0
2021-06-14 10:00:00,NSE:VOLTAS,1042.45,1046.6,1034.9,1036.55,50696.0
2021-06-14 10:05:00,NSE:VOLTAS,1036.5,1037.3,1033.8,1034.0,11072.0
2021-06-14 10:10:00,NSE:VOLTAS,1034.6,1037.15,1033.2,1035.0,11147.0
2021-06-14 10:15:00,NSE:VOLTAS,1034.5,1035.85,1033.95,1035.65,4846.0
2021-06-14 10:20:00,NSE:VOLTAS,1035.65,1037.05,1033.85,1033.85,7274.0
2021-06-14 10:25:00,NSE:VOLTAS,1034.5,1037.0,1034.05,1035.55,5638.0
2021-06-14 10:30:00,NSE:VOLTAS,1035.4,1035.4,1033.2,1034.15,3258.0
2021-06-14 10:35:00,NSE:VOLTAS,1034.8,1037.85,1034.3,1037.85,5483.0
2021-06-14 10:40:00,NSE:VOLTAS,1037.85,1040.0,1037.3,1039.15,3597.0
2021-06-14 10:45:00,NSE:VOLTAS,1039.5,1040.0,1038.0,1039.1,4380.0
2021-06-14 10:50:00,NSE:VOLTAS,1039.1,1039.4,1036.0,1036.0,3497.0
2021-06-14 10:55:00,NSE:VOLTAS,1035.15,1039.15,1035.15,1038.6,2512.0
2021-06-14 11:00:00,NSE:VOLTAS,1038.7,1039.2,1033.2,1033.75,7272.0
2021-06-14 11:05:00,NSE:VOLTAS,1033.35,1033.65,1031.5,1031.6,6041.0
2021-06-14 11:10:00,NSE:VOLTAS,1031.6,1031.9,1030.55,1031.55,5472.0
2021-06-14 11:15:00,NSE:VOLTAS,1031.55,1036.5,1030.55,1035.4,36859.0
2021-06-14 11:20:00,NSE:VOLTAS,1034.95,1035.8,1032.85,1033.5,7627.0
2021-06-14 11:25:00,NSE:VOLTAS,1033.5,1033.55,1031.4,1032.05,7133.0
2021-06-14 11:30:00,NSE:VOLTAS,1032.2,1032.6,1031.0,1032.15,4104.0
2021-06-14 11:35:00,NSE:VOLTAS,1032.45,1034.7,1032.25,1033.7,3824.0
2021-06-14 11:40:00,NSE:VOLTAS,1033.7,1034.65,1033.45,1033.65,2570.0
2021-06-14 11:45:00,NSE:VOLTAS,1033.45,1034.1,1032.0,1032.15,2178.0
2021-06-14 11:50:00,NSE:VOLTAS,1032.15,1032.65,1031.2,1031.55,2458.0
2021-06-14 11:55:00,NSE:VOLTAS,1031.55,1033.4,1031.5,1033.3,2288.0
2021-06-14 12:00:00,NSE:VOLTAS,1033.6,1037.0,1033.2,1036.9,8129.0
2021-06-14 12:05:00,NSE:VOLTAS,1036.8,1039.95,1036.6,1039.4,8211.0
2021-06-14 12:10:00,NSE:VOLTAS,1039.05,1040.05,1038.65,1039.4,7310.0
2021-06-14 12:15:00,NSE:VOLTAS,1039.4,1040.65,1036.9,1037.1,5689.0
2021-06-14 12:20:00,NSE:VOLTAS,1037.1,1037.65,1036.25,1037.3,2254.0
2021-06-14 12:25:00,NSE:VOLTAS,1037.2,1038.0,1036.55,1037.55,4284.0
2021-06-14 12:30:00,NSE:VOLTAS,1037.9,1037.9,1034.15,1034.55,4725.0
2021-06-14 12:35:00,NSE:VOLTAS,1034.1,1036.05,1034.0,1035.8,2637.0
2021-06-14 12:40:00,NSE:VOLTAS,1035.85,1035.85,1034.1,1034.7,3636.0
2021-06-14 12:45:00,NSE:VOLTAS,1034.3,1036.4,1034.25,1036.05,2724.0
2021-06-14 12:50:00,NSE:VOLTAS,1036.55,1038.5,1036.35,1036.9,3617.0
2021-06-14 12:55:00,NSE:VOLTAS,1036.55,1036.95,1034.5,1035.7,6429.0
2021-06-14 13:00:00,NSE:VOLTAS,1035.7,1036.3,1034.45,1034.6,3884.0
2021-06-14 13:05:00,NSE:VOLTAS,1035.25,1035.25,1033.9,1034.55,3886.0
2021-06-14 13:10:00,NSE:VOLTAS,1034.0,1034.65,1031.35,1032.05,10590.0
2021-06-14 13:15:00,NSE:VOLTAS,1031.5,1032.75,1031.45,1032.25,4239.0
2021-06-14 13:20:00,NSE:VOLTAS,1032.25,1036.95,1032.1,1036.85,7662.0
2021-06-14 13:25:00,NSE:VOLTAS,1036.4,1038.55,1036.25,1037.5,8191.0
2021-06-14 13:30:00,NSE:VOLTAS,1037.65,1039.7,1037.05,1038.0,11548.0
2021-06-14 13:35:00,NSE:VOLTAS,1038.05,1038.85,1036.3,1037.75,16669.0
2021-06-14 13:40:00,NSE:VOLTAS,1037.7,1038.9,1036.8,1038.65,10822.0
2021-06-14 13:45:00,NSE:VOLTAS,1038.65,1039.4,1036.1,1038.0,19106.0
2021-06-14 13:50:00,NSE:VOLTAS,1038.0,1039.4,1036.9,1038.9,11463.0
2021-06-14 13:55:00,NSE:VOLTAS,1039.4,1039.5,1037.6,1038.85,9389.0
2021-06-14 14:00:00,NSE:VOLTAS,1038.85,1039.95,1037.7,1038.5,9177.0
2021-06-14 14:05:00,NSE:VOLTAS,1038.5,1040.7,1038.0,1040.25,11648.0
2021-06-14 14:10:00,NSE:VOLTAS,1040.85,1044.4,1040.45,1042.25,25070.0
2021-06-14 14:15:00,NSE:VOLTAS,1042.35,1043.8,1041.05,1043.4,5915.0
2021-06-14 14:20:00,NSE:VOLTAS,1043.4,1043.4,1037.65,1038.0,8523.0
2021-06-14 14:25:00,NSE:VOLTAS,1038.3,1040.2,1038.3,1039.5,3100.0
2021-06-14 14:30:00,NSE:VOLTAS,1039.35,1040.2,1039.25,1039.5,1433.0
2021-06-14 14:35:00,NSE:VOLTAS,1039.5,1040.45,1038.65,1040.25,3214.0
2021-06-14 14:40:00,NSE:VOLTAS,1039.9,1041.35,1038.55,1040.0,3252.0
2021-06-14 14:45:00,NSE:VOLTAS,1040.65,1040.95,1039.95,1040.5,4901.0
2021-06-14 14:50:00,NSE:VOLTAS,1040.6,1041.0,1039.4,1041.0,1831.0
2021-06-14 14:55:00,NSE:VOLTAS,1040.55,1042.5,1040.55,1042.2,4333.0
2021-06-14 15:00:00,NSE:VOLTAS,1042.2,1042.95,1040.65,1041.3,4319.0
2021-06-14 15:05:00,NSE:VOLTAS,1041.35,1042.75,1040.8,1041.85,5382.0
2021-06-14 15:10:00,NSE:VOLTAS,1042.05,1042.6,1041.0,1041.8,8362.0
2021-06-14 15:15:00,NSE:VOLTAS,1042.5,1044.9,1041.8,1044.2,13422.0
2021-06-14 15:20:00,NSE:VOLTAS,1044.2,1044.8,1042.5,1044.45,22491.0
2021-06-14 15:25:00,NSE:VOLTAS,1044.0,1044.8,1041.15,1043.2,11629.0
2021-06-14 15:40:00,NSE:VOLTAS,1043.05,1043.2,1043.05,1043.2,7.0
2021-06-15 09:05:00,NSE:VOLTAS,1049.65,1049.65,1049.65,1049.65,1062.0
2021-06-15 09:15:00,NSE:VOLTAS,1048.2,1052.25,1046.0,1052.25,38193.0
2021-06-15 09:20:00,NSE:VOLTAS,1052.0,1053.1,1051.0,1052.0,35271.0
2021-06-15 09:25:00,NSE:VOLTAS,1052.0,1058.8,1051.5,1054.7,38086.0
2021-06-15 09:30:00,NSE:VOLTAS,1054.6,1055.65,1050.0,1050.0,31291.0
2021-06-15 09:35:00,NSE:VOLTAS,1050.0,1052.2,1048.0,1052.2,26671.0
2021-06-15 09:40:00,NSE:VOLTAS,1051.85,1057.15,1051.0,1056.0,49379.0
2021-06-15 09:45:00,NSE:VOLTAS,1055.5,1056.8,1053.25,1053.5,21929.0
2021-06-15 09:50:00,NSE:VOLTAS,1053.5,1056.9,1053.5,1056.9,17345.0
2021-06-15 09:55:00,NSE:VOLTAS,1056.15,1056.15,1053.0,1054.0,43948.0
2021-06-15 10:00:00,NSE:VOLTAS,1054.0,1056.8,1053.25,1055.9,22409.0
2021-06-15 10:05:00,NSE:VOLTAS,1055.9,1057.6,1055.2,1057.5,22305.0
2021-06-15 10:10:00,NSE:VOLTAS,1057.05,1059.4,1057.05,1057.55,22791.0
2021-06-15 10:15:00,NSE:VOLTAS,1058.0,1059.95,1058.0,1059.35,19501.0
2021-06-15 10:20:00,NSE:VOLTAS,1059.35,1059.95,1055.4,1056.75,25555.0
2021-06-15 10:25:00,NSE:VOLTAS,1056.75,1058.3,1056.1,1058.15,16239.0
2021-06-15 10:30:00,NSE:VOLTAS,1057.85,1058.05,1056.3,1056.8,10772.0
2021-06-15 10:35:00,NSE:VOLTAS,1057.4,1057.4,1056.1,1056.45,11266.0
2021-06-15 10:40:00,NSE:VOLTAS,1056.45,1057.3,1055.55,1056.0,17561.0
2021-06-15 10:45:00,NSE:VOLTAS,1056.0,1057.0,1056.0,1056.65,4852.0
2021-06-15 10:50:00,NSE:VOLTAS,1056.95,1057.45,1056.05,1057.0,5479.0
2021-06-15 10:55:00,NSE:VOLTAS,1057.5,1058.0,1056.3,1056.65,7966.0
2021-06-15 11:00:00,NSE:VOLTAS,1056.65,1057.9,1056.5,1057.75,5264.0
2021-06-15 11:05:00,NSE:VOLTAS,1057.85,1059.0,1057.65,1058.2,11155.0
2021-06-15 11:10:00,NSE:VOLTAS,1057.7,1059.0,1057.45,1058.8,6448.0
2021-06-15 11:15:00,NSE:VOLTAS,1058.85,1059.05,1057.9,1058.75,12755.0
2021-06-15 11:20:00,NSE:VOLTAS,1061.0,1061.0,1059.5,1060.2,25674.0
2021-06-15 11:25:00,NSE:VOLTAS,1060.2,1061.0,1059.3,1060.6,12116.0
2021-06-15 11:30:00,NSE:VOLTAS,1060.1,1064.0,1060.0,1063.65,28619.0
2021-06-15 11:35:00,NSE:VOLTAS,1063.65,1066.45,1063.05,1064.05,59387.0
2021-06-15 11:40:00,NSE:VOLTAS,1064.7,1065.5,1063.5,1065.5,29391.0
2021-06-15 11:45:00,NSE:VOLTAS,1065.5,1068.0,1065.0,1067.15,48110.0
2021-06-15 11:50:00,NSE:VOLTAS,1067.15,1067.5,1064.0,1065.25,32835.0
2021-06-15 11:55:00,NSE:VOLTAS,1065.0,1065.3,1063.0,1063.95,24130.0
2021-06-15 12:00:00,NSE:VOLTAS,1063.9,1065.7,1063.4,1065.1,13524.0
2021-06-15 12:05:00,NSE:VOLTAS,1065.7,1065.9,1065.0,1065.0,10079.0
2021-06-15 12:10:00,NSE:VOLTAS,1065.0,1065.45,1065.0,1065.0,10157.0
2021-06-15 12:15:00,NSE:VOLTAS,1065.0,1065.05,1064.0,1065.0,11462.0
2021-06-15 12:20:00,NSE:VOLTAS,1064.65,1065.0,1063.0,1063.15,15321.0
2021-06-15 12:25:00,NSE:VOLTAS,1063.5,1063.5,1062.15,1062.8,14447.0
2021-06-15 12:30:00,NSE:VOLTAS,1062.8,1063.3,1061.05,1062.0,21394.0
2021-06-15 12:35:00,NSE:VOLTAS,1061.85,1063.9,1061.5,1061.55,8803.0
2021-06-15 12:40:00,NSE:VOLTAS,1062.2,1062.2,1061.5,1061.65,10113.0
2021-06-15 12:45:00,NSE:VOLTAS,1061.65,1062.85,1061.6,1062.35,6533.0
2021-06-15 12:50:00,NSE:VOLTAS,1062.8,1063.2,1061.4,1061.5,8800.0
2021-06-15 12:55:00,NSE:VOLTAS,1061.5,1063.75,1061.5,1063.2,8421.0
2021-06-15 13:00:00,NSE:VOLTAS,1063.75,1065.0,1063.3,1065.0,11509.0
2021-06-15 13:05:00,NSE:VOLTAS,1065.0,1065.0,1062.25,1062.5,6685.0
2021-06-15 13:10:00,NSE:VOLTAS,1062.5,1064.0,1062.45,1063.3,7481.0
2021-06-15 13:15:00,NSE:VOLTAS,1063.3,1064.65,1062.75,1063.0,6797.0
2021-06-15 13:20:00,NSE:VOLTAS,1063.05,1064.1,1062.5,1062.5,8607.0
2021-06-15 13:25:00,NSE:VOLTAS,1062.5,1063.85,1062.3,1063.4,4937.0
2021-06-15 13:30:00,NSE:VOLTAS,1063.45,1064.2,1063.05,1063.3,8587.0
2021-06-15 13:35:00,NSE:VOLTAS,1063.25,1063.55,1058.7,1058.85,39983.0
2021-06-15 13:40:00,NSE:VOLTAS,1058.95,1061.85,1058.85,1059.35,12400.0
2021-06-15 13:45:00,NSE:VOLTAS,1059.0,1059.55,1057.1,1058.5,13039.0
2021-06-15 13:50:00,NSE:VOLTAS,1059.05,1059.05,1056.5,1058.0,10629.0
2021-06-15 13:55:00,NSE:VOLTAS,1057.8,1059.55,1057.8,1058.65,8150.0
2021-06-15 14:00:00,NSE:VOLTAS,1058.55,1061.55,1058.1,1061.0,5690.0
2021-06-15 14:05:00,NSE:VOLTAS,1061.0,1061.4,1060.15,1061.3,7524.0
2021-06-15 14:10:00,NSE:VOLTAS,1061.3,1062.7,1060.45,1062.3,6979.0
2021-06-15 14:15:00,NSE:VOLTAS,1061.85,1061.85,1060.95,1061.1,4695.0
2021-06-15 14:20:00,NSE:VOLTAS,1061.15,1061.15,1059.6,1059.7,11324.0
2021-06-15 14:25:00,NSE:VOLTAS,1059.75,1060.0,1058.55,1059.4,4964.0
2021-06-15 14:30:00,NSE:VOLTAS,1059.4,1060.05,1059.1,1059.95,6244.0
2021-06-15 14:35:00,NSE:VOLTAS,1059.9,1060.0,1058.7,1059.75,9541.0
2021-06-15 14:40:00,NSE:VOLTAS,1059.75,1060.0,1058.75,1059.15,9135.0
2021-06-15 14:45:00,NSE:VOLTAS,1059.8,1060.0,1059.8,1060.0,13764.0
2021-06-15 14:50:00,NSE:VOLTAS,1060.0,1060.25,1059.85,1060.2,21991.0
2021-06-15 14:55:00,NSE:VOLTAS,1060.0,1065.0,1059.9,1062.8,49026.0
2021-06-15 15:00:00,NSE:VOLTAS,1063.0,1064.0,1061.4,1063.35,12139.0
2021-06-15 15:05:00,NSE:VOLTAS,1063.35,1064.0,1062.0,1062.35,15781.0
2021-06-15 15:10:00,NSE:VOLTAS,1062.05,1062.35,1060.5,1061.2,17369.0
2021-06-15 15:15:00,NSE:VOLTAS,1061.35,1062.7,1060.9,1061.7,26613.0
2021-06-15 15:20:00,NSE:VOLTAS,1061.65,1061.7,1060.0,1061.45,19500.0
2021-06-15 15:25:00,NSE:VOLTAS,1061.45,1062.7,1059.05,1060.0,24578.0
2021-06-15 15:40:00,NSE:VOLTAS,1061.7,1061.7,1060.0,1060.0,56.0
2021-06-16 09:05:00,NSE:VOLTAS,1060.95,1060.95,1060.95,1060.95,1186.0
2021-06-16 09:15:00,NSE:VOLTAS,1060.45,1060.6,1050.15,1051.35,30298.0
2021-06-16 09:20:00,NSE:VOLTAS,1051.2,1051.2,1046.2,1047.3,52592.0
2021-06-16 09:25:00,NSE:VOLTAS,1048.1,1049.35,1043.0,1046.65,53070.0
2021-06-16 09:30:00,NSE:VOLTAS,1046.1,1047.0,1042.1,1044.1,42614.0
2021-06-16 09:35:00,NSE:VOLTAS,1044.15,1044.5,1041.2,1041.8,30407.0
2021-06-16 09:40:00,NSE:VOLTAS,1041.9,1044.45,1041.9,1043.3,11841.0
2021-06-16 09:45:00,NSE:VOLTAS,1043.9,1044.1,1040.6,1042.0,22584.0
2021-06-16 09:50:00,NSE:VOLTAS,1042.5,1044.0,1041.05,1043.5,11689.0
2021-06-16 09:55:00,NSE:VOLTAS,1043.5,1043.9,1042.2,1043.9,9125.0
2021-06-16 10:00:00,NSE:VOLTAS,1043.8,1045.9,1043.05,1043.2,15057.0
2021-06-16 10:05:00,NSE:VOLTAS,1043.5,1044.0,1041.05,1041.2,11261.0
2021-06-16 10:10:00,NSE:VOLTAS,1042.2,1044.0,1042.0,1043.15,6355.0
2021-06-16 10:15:00,NSE:VOLTAS,1043.65,1043.9,1042.0,1042.4,3432.0
2021-06-16 10:20:00,NSE:VOLTAS,1042.4,1042.8,1040.25,1040.3,8160.0
2021-06-16 10:25:00,NSE:VOLTAS,1040.35,1042.05,1036.35,1038.35,27549.0
2021-06-16 10:30:00,NSE:VOLTAS,1038.4,1041.9,1037.4,1040.6,9858.0
2021-06-16 10:35:00,NSE:VOLTAS,1040.9,1042.0,1040.1,1040.85,4997.0
2021-06-16 10:40:00,NSE:VOLTAS,1040.7,1041.7,1040.0,1040.5,4166.0
2021-06-16 10:45:00,NSE:VOLTAS,1041.35,1041.4,1040.2,1040.5,5937.0
2021-06-16 10:50:00,NSE:VOLTAS,1040.8,1041.45,1040.0,1040.2,3717.0
2021-06-16 10:55:00,NSE:VOLTAS,1040.25,1041.5,1040.0,1041.5,7087.0
2021-06-16 11:00:00,NSE:VOLTAS,1041.3,1041.9,1038.45,1040.0,10061.0
2021-06-16 11:05:00,NSE:VOLTAS,1040.0,1043.0,1040.0,1040.45,6929.0
2021-06-16 11:10:00,NSE:VOLTAS,1040.3,1040.8,1039.15,1039.6,3928.0
2021-06-16 11:15:00,NSE:VOLTAS,1039.4,1040.25,1038.2,1038.6,5835.0
2021-06-16 11:20:00,NSE:VOLTAS,1038.4,1038.95,1035.0,1035.35,20500.0
2021-06-16 11:25:00,NSE:VOLTAS,1034.05,1036.15,1033.0,1036.15,24177.0
2021-06-16 11:30:00,NSE:VOLTAS,1036.0,1036.5,1035.0,1035.55,7545.0
2021-06-16 11:35:00,NSE:VOLTAS,1035.5,1036.65,1035.5,1035.55,5631.0
2021-06-16 11:40:00,NSE:VOLTAS,1035.6,1036.0,1033.0,1033.05,15053.0
2021-06-16 11:45:00,NSE:VOLTAS,1033.1,1035.0,1032.0,1034.25,12806.0
2021-06-16 11:50:00,NSE:VOLTAS,1034.1,1035.0,1033.0,1033.15,12390.0
2021-06-16 11:55:00,NSE:VOLTAS,1033.0,1034.0,1032.1,1033.15,15795.0
2021-06-16 12:00:00,NSE:VOLTAS,1032.95,1034.6,1031.25,1032.2,15667.0
2021-06-16 12:05:00,NSE:VOLTAS,1032.2,1033.55,1032.0,1032.9,10655.0
2021-06-16 12:10:00,NSE:VOLTAS,1032.9,1033.8,1032.5,1033.4,6090.0
2021-06-16 12:15:00,NSE:VOLTAS,1033.4,1035.0,1032.7,1035.0,12472.0
2021-06-16 12:20:00,NSE:VOLTAS,1034.4,1035.0,1034.0,1034.85,10438.0
2021-06-16 12:25:00,NSE:VOLTAS,1034.65,1036.35,1034.3,1036.0,14945.0
2021-06-16 12:30:00,NSE:VOLTAS,1035.3,1035.85,1034.0,1034.05,9533.0
2021-06-16 12:35:00,NSE:VOLTAS,1034.05,1035.0,1032.35,1032.55,11363.0
2021-06-16 12:40:00,NSE:VOLTAS,1032.5,1032.5,1027.2,1029.0,50449.0
2021-06-16 12:45:00,NSE:VOLTAS,1028.95,1029.05,1027.6,1027.95,24039.0
2021-06-16 12:50:00,NSE:VOLTAS,1028.0,1029.65,1027.85,1029.35,7934.0
2021-06-16 12:55:00,NSE:VOLTAS,1029.35,1030.5,1029.0,1029.0,10855.0
2021-06-16 13:00:00,NSE:VOLTAS,1029.1,1029.6,1028.5,1028.8,9308.0
2021-06-16 13:05:00,NSE:VOLTAS,1029.25,1031.8,1029.05,1031.25,67808.0
2021-06-16 13:10:00,NSE:VOLTAS,1031.3,1033.8,1031.0,1032.8,11650.0
2021-06-16 13:15:00,NSE:VOLTAS,1032.85,1034.7,1032.85,1033.05,13391.0
2021-06-16 13:20:00,NSE:VOLTAS,1033.0,1033.4,1031.7,1032.55,7755.0
2021-06-16 13:25:00,NSE:VOLTAS,1032.6,1033.35,1031.35,1032.6,18150.0
2021-06-16 13:30:00,NSE:VOLTAS,1032.25,1033.0,1030.6,1031.25,8701.0
2021-06-16 13:35:00,NSE:VOLTAS,1030.7,1032.0,1030.5,1030.55,3663.0
2021-06-16 13:40:00,NSE:VOLTAS,1030.6,1031.5,1030.3,1030.3,105571.0
2021-06-16 13:45:00,NSE:VOLTAS,1030.6,1031.5,1030.35,1031.25,5332.0
2021-06-16 13:50:00,NSE:VOLTAS,1030.85,1031.5,1030.8,1030.85,3815.0
2021-06-16 13:55:00,NSE:VOLTAS,1030.9,1032.45,1030.85,1031.85,6645.0
2021-06-16 14:00:00,NSE:VOLTAS,1031.6,1032.4,1031.25,1031.35,4009.0
2021-06-16 14:05:00,NSE:VOLTAS,1031.35,1033.0,1030.9,1032.2,7170.0
2021-06-16 14:10:00,NSE:VOLTAS,1032.35,1032.9,1031.0,1031.0,4905.0
2021-06-16 14:15:00,NSE:VOLTAS,1031.05,1032.0,1030.0,1030.6,15784.0
2021-06-16 14:20:00,NSE:VOLTAS,1030.65,1032.0,1030.05,1031.35,4496.0
2021-06-16 14:25:00,NSE:VOLTAS,1031.2,1031.65,1030.5,1031.15,5943.0
2021-06-16 14:30:00,NSE:VOLTAS,1031.2,1032.65,1030.75,1032.2,6954.0
2021-06-16 14:35:00,NSE:VOLTAS,1032.0,1032.45,1030.8,1031.6,5410.0
2021-06-16 14:40:00,NSE:VOLTAS,1031.7,1032.0,1031.15,1032.0,4690.0
2021-06-16 14:45:00,NSE:VOLTAS,1031.95,1033.5,1031.85,1032.4,13559.0
2021-06-16 14:50:00,NSE:VOLTAS,1032.2,1032.8,1030.0,1030.55,44900.0
2021-06-16 14:55:00,NSE:VOLTAS,1030.0,1031.2,1030.0,1030.4,19261.0
2021-06-16 15:00:00,NSE:VOLTAS,1030.4,1030.9,1029.35,1030.0,28477.0
2021-06-16 15:05:00,NSE:VOLTAS,1030.0,1030.35,1029.3,1030.0,31227.0
2021-06-16 15:10:00,NSE:VOLTAS,1030.0,1030.25,1029.25,1029.95,40165.0
2021-06-16 15:15:00,NSE:VOLTAS,1029.7,1030.15,1026.35,1027.5,63194.0
2021-06-16 15:20:00,NSE:VOLTAS,1027.5,1028.0,1025.0,1026.75,80981.0
2021-06-16 15:25:00,NSE:VOLTAS,1026.8,1026.95,1022.0,1024.95,28894.0
2021-06-16 15:30:00,NSE:VOLTAS,1025.85,1025.85,1025.85,1025.85,1380.0
2021-06-16 15:40:00,NSE:VOLTAS,1028.15,1028.15,1025.85,1025.85,43.0
2021-06-17 09:05:00,NSE:VOLTAS,1023.2,1023.2,1023.2,1023.2,1280.0
2021-06-17 09:15:00,NSE:VOLTAS,1022.8,1024.0,1012.75,1016.75,60888.0
2021-06-17 09:20:00,NSE:VOLTAS,1016.9,1018.95,1014.35,1018.7,24585.0
2021-06-17 09:25:00,NSE:VOLTAS,1018.7,1026.35,1018.5,1025.7,34932.0
2021-06-17 09:30:00,NSE:VOLTAS,1025.65,1027.0,1022.4,1024.9,27600.0
2021-06-17 09:35:00,NSE:VOLTAS,1025.0,1030.0,1024.7,1028.65,27638.0
2021-06-17 09:40:00,NSE:VOLTAS,1028.6,1030.0,1025.1,1026.05,31500.0
2021-06-17 09:45:00,NSE:VOLTAS,1026.2,1026.9,1023.5,1026.75,11093.0
2021-06-17 09:50:00,NSE:VOLTAS,1026.9,1029.3,1025.5,1029.3,13213.0
2021-06-17 09:55:00,NSE:VOLTAS,1029.3,1031.85,1028.0,1028.7,22994.0
2021-06-17 10:00:00,NSE:VOLTAS,1028.5,1030.35,1028.5,1030.2,14708.0
2021-06-17 10:05:00,NSE:VOLTAS,1030.2,1030.2,1029.0,1029.2,11227.0
2021-06-17 10:10:00,NSE:VOLTAS,1029.6,1033.95,1029.35,1033.2,30677.0
2021-06-17 10:15:00,NSE:VOLTAS,1033.75,1036.0,1033.35,1035.8,57307.0
2021-06-17 10:20:00,NSE:VOLTAS,1035.8,1036.0,1032.7,1033.05,37811.0
2021-06-17 10:25:00,NSE:VOLTAS,1033.0,1034.3,1033.0,1034.3,29223.0
2021-06-17 10:30:00,NSE:VOLTAS,1034.0,1038.45,1034.0,1038.3,30885.0
2021-06-17 10:35:00,NSE:VOLTAS,1038.0,1039.05,1035.4,1036.0,18100.0
2021-06-17 10:40:00,NSE:VOLTAS,1036.0,1037.4,1033.65,1034.25,16191.0
2021-06-17 10:45:00,NSE:VOLTAS,1034.2,1034.2,1029.7,1029.7,22158.0
2021-06-17 10:50:00,NSE:VOLTAS,1030.0,1030.25,1028.4,1029.45,16550.0
2021-06-17 10:55:00,NSE:VOLTAS,1030.0,1030.0,1028.5,1029.45,12559.0
2021-06-17 11:00:00,NSE:VOLTAS,1029.5,1029.5,1026.6,1029.0,14949.0
2021-06-17 11:05:00,NSE:VOLTAS,1029.1,1029.8,1028.0,1028.1,12817.0
2021-06-17 11:10:00,NSE:VOLTAS,1028.65,1029.8,1028.2,1029.5,2930.0
2021-06-17 11:15:00,NSE:VOLTAS,1028.75,1028.85,1024.1,1025.9,20940.0
2021-06-17 11:20:00,NSE:VOLTAS,1025.9,1026.0,1024.5,1025.4,8927.0
2021-06-17 11:25:00,NSE:VOLTAS,1025.4,1028.05,1025.05,1027.85,7648.0
2021-06-17 11:30:00,NSE:VOLTAS,1028.25,1028.9,1025.95,1026.5,3740.0
2021-06-17 11:35:00,NSE:VOLTAS,1026.05,1026.7,1021.25,1021.95,16492.0
2021-06-17 11:40:00,NSE:VOLTAS,1022.0,1024.8,1022.0,1024.8,5943.0
2021-06-17 11:45:00,NSE:VOLTAS,1024.95,1025.5,1023.1,1023.95,3582.0
2021-06-17 11:50:00,NSE:VOLTAS,1024.0,1025.35,1023.05,1025.25,7652.0
2021-06-17 11:55:00,NSE:VOLTAS,1025.25,1026.55,1024.45,1026.25,5404.0
2021-06-17 12:00:00,NSE:VOLTAS,1026.25,1026.3,1023.0,1025.0,8704.0
2021-06-17 12:05:00,NSE:VOLTAS,1025.0,1025.0,1024.0,1024.1,2626.0
2021-06-17 12:10:00,NSE:VOLTAS,1024.4,1024.55,1023.0,1024.1,6629.0
2021-06-17 12:15:00,NSE:VOLTAS,1023.85,1024.45,1021.8,1023.0,10023.0
2021-06-17 12:20:00,NSE:VOLTAS,1023.5,1025.65,1023.4,1025.0,14229.0
2021-06-17 12:25:00,NSE:VOLTAS,1025.0,1027.3,1025.0,1026.3,13712.0
2021-06-17 12:30:00,NSE:VOLTAS,1025.9,1028.75,1025.9,1028.55,20847.0
2021-06-17 12:35:00,NSE:VOLTAS,1028.6,1029.4,1028.05,1028.7,8271.0
2021-06-17 12:40:00,NSE:VOLTAS,1028.7,1029.9,1027.75,1029.5,11781.0
2021-06-17 12:45:00,NSE:VOLTAS,1029.5,1030.7,1029.1,1030.55,16680.0
2021-06-17 12:50:00,NSE:VOLTAS,1030.0,1030.9,1029.3,1030.9,7578.0
2021-06-17 12:55:00,NSE:VOLTAS,1030.95,1031.5,1030.15,1030.9,6439.0
2021-06-17 13:00:00,NSE:VOLTAS,1030.8,1030.8,1029.7,1030.8,4686.0
2021-06-17 13:05:00,NSE:VOLTAS,1030.95,1030.95,1028.25,1029.0,8077.0
2021-06-17 13:10:00,NSE:VOLTAS,1028.95,1030.9,1028.85,1029.5,10950.0
2021-06-17 13:15:00,NSE:VOLTAS,1030.05,1030.8,1029.3,1030.75,3878.0
2021-06-17 13:20:00,NSE:VOLTAS,1030.7,1031.0,1029.3,1030.85,4959.0
2021-06-17 13:25:00,NSE:VOLTAS,1030.9,1031.45,1030.0,1030.35,5009.0
2021-06-17 13:30:00,NSE:VOLTAS,1030.35,1031.0,1029.35,1031.0,6067.0
2021-06-17 13:35:00,NSE:VOLTAS,1030.5,1031.1,1029.35,1030.4,3092.0
2021-06-17 13:40:00,NSE:VOLTAS,1030.4,1031.5,1029.65,1031.2,4748.0
2021-06-17 13:45:00,NSE:VOLTAS,1031.2,1031.25,1029.7,1030.55,3917.0
2021-06-17 13:50:00,NSE:VOLTAS,1030.55,1030.8,1030.0,1030.35,3620.0
2021-06-17 13:55:00,NSE:VOLTAS,1030.2,1039.8,1028.8,1038.65,50827.0
2021-06-17 14:00:00,NSE:VOLTAS,1038.5,1041.5,1036.25,1038.35,44973.0
2021-06-17 14:05:00,NSE:VOLTAS,1038.5,1042.9,1031.3,1031.45,70123.0
2021-06-17 14:10:00,NSE:VOLTAS,1032.35,1033.5,1027.85,1029.5,47991.0
2021-06-17 14:15:00,NSE:VOLTAS,1029.5,1030.0,1025.0,1027.0,28563.0
2021-06-17 14:20:00,NSE:VOLTAS,1027.5,1027.55,1024.05,1026.2,21882.0
2021-06-17 14:25:00,NSE:VOLTAS,1026.2,1027.2,1024.3,1027.15,9396.0
2021-06-17 14:30:00,NSE:VOLTAS,1027.2,1029.5,1026.25,1027.8,24281.0
2021-06-17 14:35:00,NSE:VOLTAS,1027.9,1028.0,1025.3,1025.8,5793.0
2021-06-17 14:40:00,NSE:VOLTAS,1025.85,1026.25,1025.05,1025.75,6237.0
2021-06-17 14:45:00,NSE:VOLTAS,1025.75,1028.45,1025.0,1026.4,17296.0
2021-06-17 14:50:00,NSE:VOLTAS,1026.3,1026.9,1025.4,1026.0,3779.0
2021-06-17 14:55:00,NSE:VOLTAS,1026.35,1026.35,1025.0,1025.65,7668.0
2021-06-17 15:00:00,NSE:VOLTAS,1026.55,1029.9,1026.15,1029.9,16276.0
2021-06-17 15:05:00,NSE:VOLTAS,1030.0,1030.65,1028.5,1029.1,14414.0
2021-06-17 15:10:00,NSE:VOLTAS,1029.15,1031.0,1028.5,1030.35,17008.0
2021-06-17 15:15:00,NSE:VOLTAS,1030.35,1030.8,1029.4,1030.8,16847.0
2021-06-17 15:20:00,NSE:VOLTAS,1030.5,1032.55,1030.15,1032.55,18991.0
2021-06-17 15:25:00,NSE:VOLTAS,1032.5,1032.85,1028.4,1032.5,12486.0
2021-06-17 15:40:00,NSE:VOLTAS,1030.25,1030.25,1030.25,1030.25,5.0
2021-06-18 09:05:00,NSE:VOLTAS,1039.95,1039.95,1039.95,1039.95,1213.0
2021-06-18 09:15:00,NSE:VOLTAS,1039.95,1039.95,1033.5,1038.05,27374.0
2021-06-18 09:20:00,NSE:VOLTAS,1038.85,1038.85,1030.65,1032.8,16068.0
2021-06-18 09:25:00,NSE:VOLTAS,1034.25,1037.0,1034.25,1035.1,12509.0
2021-06-18 09:30:00,NSE:VOLTAS,1035.05,1036.8,1033.1,1034.65,9283.0
2021-06-18 09:35:00,NSE:VOLTAS,1035.35,1036.2,1032.6,1035.4,7628.0
2021-06-18 09:40:00,NSE:VOLTAS,1035.4,1035.95,1033.05,1034.1,7556.0
2021-06-18 09:45:00,NSE:VOLTAS,1033.7,1034.1,1030.25,1031.45,11299.0
2021-06-18 09:50:00,NSE:VOLTAS,1030.75,1033.85,1029.5,1030.7,19186.0
2021-06-18 09:55:00,NSE:VOLTAS,1030.75,1030.75,1026.5,1028.55,20702.0
2021-06-18 10:00:00,NSE:VOLTAS,1028.55,1031.9,1026.3,1031.0,15766.0
2021-06-18 10:05:00,NSE:VOLTAS,1031.4,1031.85,1029.5,1030.1,5860.0
2021-06-18 10:10:00,NSE:VOLTAS,1030.0,1031.0,1028.05,1029.7,5591.0
2021-06-18 10:15:00,NSE:VOLTAS,1028.75,1031.7,1028.6,1030.3,4665.0
2021-06-18 10:20:00,NSE:VOLTAS,1030.95,1031.95,1029.0,1029.0,8550.0
2021-06-18 10:25:00,NSE:VOLTAS,1029.0,1029.55,1024.1,1025.8,22248.0
2021-06-18 10:30:00,NSE:VOLTAS,1025.6,1027.0,1023.1,1024.65,12923.0
2021-06-18 10:35:00,NSE:VOLTAS,1024.85,1025.7,1023.2,1023.7,4802.0
2021-06-18 10:40:00,NSE:VOLTAS,1023.45,1026.05,1022.1,1026.0,10097.0
2021-06-18 10:45:00,NSE:VOLTAS,1025.25,1026.0,1023.25,1023.75,3637.0
2021-06-18 10:50:00,NSE:VOLTAS,1023.55,1023.55,1019.55,1019.55,14782.0
2021-06-18 10:55:00,NSE:VOLTAS,1019.85,1019.85,1013.1,1013.3,30864.0
2021-06-18 11:00:00,NSE:VOLTAS,1012.75,1022.15,1006.4,1009.0,52133.0
2021-06-18 11:05:00,NSE:VOLTAS,1010.0,1015.65,1002.2,1011.2,150948.0
2021-06-18 11:10:00,NSE:VOLTAS,1010.05,1015.8,1008.2,1015.0,39547.0
2021-06-18 11:15:00,NSE:VOLTAS,1015.6,1019.45,1013.2,1018.4,16051.0
2021-06-18 11:20:00,NSE:VOLTAS,1018.95,1020.0,1018.25,1019.6,4690.0
2021-06-18 11:25:00,NSE:VOLTAS,1018.7,1019.25,1016.8,1017.3,8541.0
2021-06-18 11:30:00,NSE:VOLTAS,1017.8,1017.8,1012.15,1013.8,10067.0
2021-06-18 11:35:00,NSE:VOLTAS,1013.15,1014.0,1011.55,1013.05,4757.0
2021-06-18 11:40:00,NSE:VOLTAS,1012.9,1014.9,1012.5,1013.65,2781.0
2021-06-18 11:45:00,NSE:VOLTAS,1013.65,1014.2,1012.05,1013.8,5521.0
2021-06-18 11:50:00,NSE:VOLTAS,1014.1,1014.9,1013.3,1014.85,2083.0
2021-06-18 11:55:00,NSE:VOLTAS,1014.9,1015.4,1012.8,1014.05,4022.0
2021-06-18 12:00:00,NSE:VOLTAS,1014.75,1018.0,1014.25,1017.8,6528.0
2021-06-18 12:05:00,NSE:VOLTAS,1017.8,1022.7,1017.8,1018.85,20142.0
2021-06-18 12:10:00,NSE:VOLTAS,1018.5,1022.8,1018.1,1022.7,9957.0
2021-06-18 12:15:00,NSE:VOLTAS,1022.7,1025.5,1022.35,1025.5,11236.0
2021-06-18 12:20:00,NSE:VOLTAS,1025.5,1028.95,1024.7,1027.5,11097.0
2021-06-18 12:25:00,NSE:VOLTAS,1027.75,1028.05,1025.3,1026.0,5106.0
2021-06-18 12:30:00,NSE:VOLTAS,1026.05,1026.95,1024.2,1026.95,3585.0
2021-06-18 12:35:00,NSE:VOLTAS,1026.8,1027.55,1024.4,1027.55,7395.0
2021-06-18 12:40:00,NSE:VOLTAS,1027.55,1029.75,1027.0,1029.75,19138.0
2021-06-18 12:45:00,NSE:VOLTAS,1029.3,1033.45,1029.0,1031.85,19997.0
2021-06-18 12:50:00,NSE:VOLTAS,1031.9,1032.0,1030.35,1030.5,11102.0
2021-06-18 12:55:00,NSE:VOLTAS,1030.1,1030.85,1027.45,1027.85,13265.0
2021-06-18 13:00:00,NSE:VOLTAS,1028.0,1028.0,1024.9,1025.65,8724.0
2021-06-18 13:05:00,NSE:VOLTAS,1025.5,1025.8,1023.8,1024.55,6123.0
2021-06-18 13:10:00,NSE:VOLTAS,1024.55,1027.8,1024.55,1025.8,10707.0
2021-06-18 13:15:00,NSE:VOLTAS,1025.6,1028.0,1025.3,1026.15,4127.0
2021-06-18 13:20:00,NSE:VOLTAS,1026.0,1026.25,1025.0,1025.4,2972.0
2021-06-18 13:25:00,NSE:VOLTAS,1025.6,1025.95,1023.9,1025.0,8609.0
2021-06-18 13:30:00,NSE:VOLTAS,1025.1,1027.2,1025.1,1026.45,4367.0
2021-06-18 13:35:00,NSE:VOLTAS,1026.55,1026.55,1024.7,1025.95,2024.0
2021-06-18 13:40:00,NSE:VOLTAS,1025.6,1032.85,1025.6,1032.2,21683.0
2021-06-18 13:45:00,NSE:VOLTAS,1032.6,1033.75,1032.3,1032.85,9519.0
2021-06-18 13:50:00,NSE:VOLTAS,1032.85,1034.85,1032.3,1034.0,13625.0
2021-06-18 13:55:00,NSE:VOLTAS,1033.75,1038.95,1033.4,1037.15,31929.0
2021-06-18 14:00:00,NSE:VOLTAS,1037.35,1037.35,1032.05,1032.25,11521.0
2021-06-18 14:05:00,NSE:VOLTAS,1032.05,1032.85,1029.0,1031.5,20560.0
2021-06-18 14:10:00,NSE:VOLTAS,1031.3,1032.0,1030.5,1031.25,1355.0
2021-06-18 14:15:00,NSE:VOLTAS,1031.25,1033.3,1031.25,1032.95,3946.0
2021-06-18 14:20:00,NSE:VOLTAS,1032.95,1032.95,1030.2,1031.85,2976.0
2021-06-18 14:25:00,NSE:VOLTAS,1031.8,1032.7,1029.2,1031.45,3053.0
2021-06-18 14:30:00,NSE:VOLTAS,1031.95,1031.95,1028.65,1030.95,16551.0
2021-06-18 14:35:00,NSE:VOLTAS,1030.95,1032.0,1027.45,1029.8,10876.0
2021-06-18 14:40:00,NSE:VOLTAS,1029.55,1031.5,1029.55,1030.4,5520.0
2021-06-18 14:45:00,NSE:VOLTAS,1030.4,1031.15,1028.8,1029.3,6396.0
2021-06-18 14:50:00,NSE:VOLTAS,1029.3,1030.25,1028.9,1029.55,3794.0
2021-06-18 14:55:00,NSE:VOLTAS,1029.7,1030.5,1026.0,1029.65,27913.0
2021-06-18 15:00:00,NSE:VOLTAS,1028.65,1030.7,1025.35,1028.3,181761.0
2021-06-18 15:05:00,NSE:VOLTAS,1028.95,1034.95,1028.5,1034.5,163725.0
2021-06-18 15:10:00,NSE:VOLTAS,1034.5,1034.6,1029.55,1031.75,154502.0
2021-06-18 15:15:00,NSE:VOLTAS,1030.75,1031.8,1030.0,1030.0,171778.0
2021-06-18 15:20:00,NSE:VOLTAS,1029.85,1029.85,1024.2,1025.6,235828.0
2021-06-18 15:25:00,NSE:VOLTAS,1025.6,1027.8,1024.8,1027.25,108330.0
2021-06-18 15:30:00,NSE:VOLTAS,1027.25,1027.25,1027.25,1027.25,25.0
2021-06-18 15:40:00,NSE:VOLTAS,1029.3,1029.3,1027.25,1027.25,172.0
2021-06-21 09:05:00,NSE:VOLTAS,1017.5,1017.5,1017.5,1017.5,892.0
2021-06-21 09:15:00,NSE:VOLTAS,1015.05,1017.45,1007.05,1012.4,27999.0
2021-06-21 09:20:00,NSE:VOLTAS,1012.65,1022.5,1011.25,1017.65,29534.0
2021-06-21 09:25:00,NSE:VOLTAS,1019.25,1019.3,1016.0,1018.7,14982.0
2021-06-21 09:30:00,NSE:VOLTAS,1018.05,1018.7,1011.0,1016.4,15325.0
2021-06-21 09:35:00,NSE:VOLTAS,1017.0,1018.95,1013.8,1018.25,7505.0
2021-06-21 09:40:00,NSE:VOLTAS,1018.25,1018.9,1015.9,1017.1,6134.0
2021-06-21 09:45:00,NSE:VOLTAS,1017.75,1017.75,1015.05,1015.75,6302.0
2021-06-21 09:50:00,NSE:VOLTAS,1015.8,1016.15,1012.25,1015.75,4661.0
2021-06-21 09:55:00,NSE:VOLTAS,1015.8,1019.0,1015.8,1017.5,5350.0
2021-06-21 10:00:00,NSE:VOLTAS,1017.0,1018.3,1015.9,1016.35,2890.0
2021-06-21 10:05:00,NSE:VOLTAS,1016.35,1018.1,1015.4,1018.0,1626.0
2021-06-21 10:10:00,NSE:VOLTAS,1018.2,1019.7,1017.3,1018.65,2168.0
2021-06-21 10:15:00,NSE:VOLTAS,1018.05,1018.65,1017.1,1018.1,774.0
2021-06-21 10:20:00,NSE:VOLTAS,1018.45,1018.7,1016.5,1016.5,3151.0
2021-06-21 10:25:00,NSE:VOLTAS,1016.45,1018.3,1016.15,1016.95,1937.0
2021-06-21 10:30:00,NSE:VOLTAS,1017.05,1017.05,1012.0,1014.3,25365.0
2021-06-21 10:35:00,NSE:VOLTAS,1014.5,1014.8,1013.3,1014.7,2383.0
2021-06-21 10:40:00,NSE:VOLTAS,1014.2,1015.0,1013.95,1014.05,1507.0
2021-06-21 10:45:00,NSE:VOLTAS,1014.5,1014.75,1013.7,1014.05,3447.0
2021-06-21 10:50:00,NSE:VOLTAS,1014.05,1014.75,1013.0,1013.75,3362.0
2021-06-21 10:55:00,NSE:VOLTAS,1013.8,1014.6,1012.55,1013.4,2565.0
2021-06-21 11:00:00,NSE:VOLTAS,1013.15,1013.15,1010.1,1011.6,8274.0
2021-06-21 11:05:00,NSE:VOLTAS,1011.85,1012.05,1010.55,1010.9,3599.0
2021-06-21 11:10:00,NSE:VOLTAS,1010.8,1012.75,1010.8,1012.5,2963.0
2021-06-21 11:15:00,NSE:VOLTAS,1012.75,1014.9,1012.05,1013.55,9033.0
2021-06-21 11:20:00,NSE:VOLTAS,1013.25,1013.25,1012.0,1012.5,4819.0
2021-06-21 11:25:00,NSE:VOLTAS,1012.5,1013.65,1012.1,1012.7,2064.0
2021-06-21 11:30:00,NSE:VOLTAS,1012.65,1013.65,1012.15,1012.15,5503.0
2021-06-21 11:35:00,NSE:VOLTAS,1012.05,1012.8,1011.15,1012.35,4375.0
2021-06-21 11:40:00,NSE:VOLTAS,1012.35,1012.65,1011.2,1011.5,2214.0
2021-06-21 11:45:00,NSE:VOLTAS,1011.5,1012.5,1011.35,1011.7,1974.0
2021-06-21 11:50:00,NSE:VOLTAS,1011.7,1014.6,1011.6,1014.6,3662.0
2021-06-21 11:55:00,NSE:VOLTAS,1015.75,1015.75,1014.1,1014.95,10188.0
2021-06-21 12:00:00,NSE:VOLTAS,1014.15,1015.6,1013.8,1014.95,4178.0
2021-06-21 12:05:00,NSE:VOLTAS,1014.4,1015.6,1012.1,1013.2,5191.0
2021-06-21 12:10:00,NSE:VOLTAS,1012.7,1013.5,1012.5,1012.85,3324.0
2021-06-21 12:15:00,NSE:VOLTAS,1013.2,1013.8,1012.5,1013.35,3652.0
2021-06-21 12:20:00,NSE:VOLTAS,1013.2,1014.95,1013.2,1014.7,3851.0
2021-06-21 12:25:00,NSE:VOLTAS,1014.65,1016.3,1013.1,1015.8,12005.0
2021-06-21 12:30:00,NSE:VOLTAS,1015.75,1018.05,1015.75,1017.45,17779.0
2021-06-21 12:35:00,NSE:VOLTAS,1017.45,1017.95,1016.0,1016.45,5762.0
2021-06-21 12:40:00,NSE:VOLTAS,1016.4,1017.05,1014.2,1014.55,8443.0
2021-06-21 12:45:00,NSE:VOLTAS,1014.6,1015.0,1012.5,1014.55,9147.0
2021-06-21 12:50:00,NSE:VOLTAS,1014.55,1015.6,1013.5,1015.25,6855.0
2021-06-21 12:55:00,NSE:VOLTAS,1015.25,1015.95,1013.7,1015.95,7221.0
2021-06-21 13:00:00,NSE:VOLTAS,1015.5,1016.2,1014.1,1015.15,7570.0
2021-06-21 13:05:00,NSE:VOLTAS,1015.15,1016.1,1014.0,1014.65,5341.0
2021-06-21 13:10:00,NSE:VOLTAS,1014.25,1015.25,1014.25,1015.0,2991.0
2021-06-21 13:15:00,NSE:VOLTAS,1015.0,1015.15,1012.15,1012.15,9979.0
2021-06-21 13:20:00,NSE:VOLTAS,1012.45,1012.95,1010.8,1011.0,8041.0
2021-06-21 13:25:00,NSE:VOLTAS,1010.9,1013.15,1010.0,1012.3,12987.0
2021-06-21 13:30:00,NSE:VOLTAS,1012.35,1014.25,1012.1,1013.0,4057.0
2021-06-21 13:35:00,NSE:VOLTAS,1013.0,1014.65,1013.0,1014.1,3318.0
2021-06-21 13:40:00,NSE:VOLTAS,1014.5,1014.5,1013.0,1013.6,3142.0
2021-06-21 13:45:00,NSE:VOLTAS,1013.6,1013.8,1010.5,1011.3,7000.0
2021-06-21 13:50:00,NSE:VOLTAS,1011.75,1013.45,1010.45,1012.35,6315.0
2021-06-21 13:55:00,NSE:VOLTAS,1012.4,1014.0,1011.75,1013.3,4973.0
2021-06-21 14:00:00,NSE:VOLTAS,1013.75,1016.35,1013.65,1015.3,9084.0
2021-06-21 14:05:00,NSE:VOLTAS,1015.6,1015.9,1013.95,1015.4,5077.0
2021-06-21 14:10:00,NSE:VOLTAS,1017.0,1017.0,1014.05,1016.6,15372.0
2021-06-21 14:15:00,NSE:VOLTAS,1016.35,1017.55,1015.2,1015.2,14070.0
2021-06-21 14:20:00,NSE:VOLTAS,1016.1,1018.35,1015.55,1018.25,14356.0
2021-06-21 14:25:00,NSE:VOLTAS,1018.25,1019.0,1017.3,1018.35,7358.0
2021-06-21 14:30:00,NSE:VOLTAS,1018.4,1020.0,1017.7,1019.75,7923.0
2021-06-21 14:35:00,NSE:VOLTAS,1019.7,1019.85,1017.55,1019.75,8343.0
2021-06-21 14:40:00,NSE:VOLTAS,1019.75,1020.0,1018.0,1019.4,4343.0
2021-06-21 14:45:00,NSE:VOLTAS,1019.4,1020.0,1018.45,1018.6,3840.0
2021-06-21 14:50:00,NSE:VOLTAS,1018.2,1021.75,1018.2,1021.2,11636.0
2021-06-21 14:55:00,NSE:VOLTAS,1021.25,1021.4,1018.7,1019.05,4488.0
2021-06-21 15:00:00,NSE:VOLTAS,1019.35,1020.0,1016.7,1018.65,8218.0
2021-06-21 15:05:00,NSE:VOLTAS,1018.6,1019.1,1017.05,1018.6,4994.0
2021-06-21 15:10:00,NSE:VOLTAS,1019.05,1019.05,1017.3,1017.6,7129.0
2021-06-21 15:15:00,NSE:VOLTAS,1018.2,1018.9,1017.5,1018.5,10969.0
2021-06-21 15:20:00,NSE:VOLTAS,1018.35,1019.9,1018.15,1019.8,10172.0
2021-06-21 15:25:00,NSE:VOLTAS,1019.95,1021.85,1018.75,1019.0,15426.0
2021-06-21 15:30:00,NSE:VOLTAS,1020.65,1020.65,1020.65,1020.65,10.0
2021-06-21 15:40:00,NSE:VOLTAS,1019.15,1019.15,1019.15,1019.15,9.0
2021-06-22 09:05:00,NSE:VOLTAS,1027.9,1027.9,1027.9,1027.9,704.0
2021-06-22 09:15:00,NSE:VOLTAS,1027.85,1029.1,1024.85,1028.9,37408.0
2021-06-22 09:20:00,NSE:VOLTAS,1028.75,1030.3,1023.85,1023.85,33458.0
2021-06-22 09:25:00,NSE:VOLTAS,1024.05,1025.95,1022.0,1024.15,15877.0
2021-06-22 09:30:00,NSE:VOLTAS,1024.6,1025.7,1023.15,1024.5,11346.0
2021-06-22 09:35:00,NSE:VOLTAS,1024.95,1026.55,1023.6,1025.0,9420.0
2021-06-22 09:40:00,NSE:VOLTAS,1025.0,1025.0,1023.95,1024.8,2549.0
2021-06-22 09:45:00,NSE:VOLTAS,1024.75,1025.05,1023.3,1024.0,4201.0
2021-06-22 09:50:00,NSE:VOLTAS,1023.6,1024.35,1022.0,1022.5,5806.0
2021-06-22 09:55:00,NSE:VOLTAS,1022.1,1024.15,1022.05,1023.6,5031.0
2021-06-22 10:00:00,NSE:VOLTAS,1023.6,1024.8,1022.8,1023.0,2599.0
2021-06-22 10:05:00,NSE:VOLTAS,1023.2,1023.8,1023.05,1023.8,2932.0
2021-06-22 10:10:00,NSE:VOLTAS,1023.8,1024.3,1022.0,1022.0,6875.0
2021-06-22 10:15:00,NSE:VOLTAS,1021.45,1025.0,1021.35,1025.0,13170.0
2021-06-22 10:20:00,NSE:VOLTAS,1025.6,1026.0,1024.25,1024.7,4542.0
2021-06-22 10:25:00,NSE:VOLTAS,1024.9,1025.8,1024.0,1024.85,1635.0
2021-06-22 10:30:00,NSE:VOLTAS,1025.05,1025.6,1024.45,1024.8,1791.0
2021-06-22 10:35:00,NSE:VOLTAS,1025.0,1025.0,1024.5,1025.0,1716.0
2021-06-22 10:40:00,NSE:VOLTAS,1024.55,1025.4,1024.35,1024.4,1822.0
2021-06-22 10:45:00,NSE:VOLTAS,1024.95,1025.5,1024.0,1024.2,4413.0
2021-06-22 10:50:00,NSE:VOLTAS,1024.0,1024.45,1023.5,1023.95,2819.0
2021-06-22 10:55:00,NSE:VOLTAS,1023.7,1023.85,1023.0,1023.05,2759.0
2021-06-22 11:00:00,NSE:VOLTAS,1022.7,1023.35,1022.3,1022.85,2790.0
2021-06-22 11:05:00,NSE:VOLTAS,1022.6,1024.2,1022.55,1023.8,3737.0
2021-06-22 11:10:00,NSE:VOLTAS,1023.5,1023.5,1022.85,1023.4,1616.0
2021-06-22 11:15:00,NSE:VOLTAS,1023.0,1023.5,1022.45,1023.25,2364.0
2021-06-22 11:20:00,NSE:VOLTAS,1023.4,1023.4,1022.4,1022.95,2382.0
2021-06-22 11:25:00,NSE:VOLTAS,1022.95,1023.0,1022.4,1022.5,762.0
2021-06-22 11:30:00,NSE:VOLTAS,1022.4,1022.9,1022.05,1022.25,2007.0
2021-06-22 11:35:00,NSE:VOLTAS,1022.0,1022.05,1021.05,1021.7,6080.0
2021-06-22 11:40:00,NSE:VOLTAS,1021.55,1022.0,1020.3,1022.0,11418.0
2021-06-22 11:45:00,NSE:VOLTAS,1023.0,1024.0,1022.9,1023.85,4804.0
2021-06-22 11:50:00,NSE:VOLTAS,1024.4,1024.65,1023.05,1024.3,3525.0
2021-06-22 11:55:00,NSE:VOLTAS,1024.25,1024.7,1023.15,1024.7,4024.0
2021-06-22 12:00:00,NSE:VOLTAS,1024.7,1025.5,1024.2,1025.0,6535.0
2021-06-22 12:05:00,NSE:VOLTAS,1024.95,1025.2,1024.65,1025.0,9767.0
2021-06-22 12:10:00,NSE:VOLTAS,1025.0,1025.5,1024.8,1024.9,16480.0
2021-06-22 12:15:00,NSE:VOLTAS,1024.8,1025.3,1024.45,1024.5,6925.0
2021-06-22 12:20:00,NSE:VOLTAS,1024.5,1025.0,1023.95,1023.95,9631.0
2021-06-22 12:25:00,NSE:VOLTAS,1024.35,1024.35,1023.05,1023.45,2008.0
2021-06-22 12:30:00,NSE:VOLTAS,1023.15,1025.0,1023.15,1023.85,4144.0
2021-06-22 12:35:00,NSE:VOLTAS,1024.4,1024.4,1021.5,1022.3,9613.0
2021-06-22 12:40:00,NSE:VOLTAS,1022.75,1023.7,1022.3,1023.55,4944.0
2021-06-22 12:45:00,NSE:VOLTAS,1023.5,1023.6,1022.55,1023.1,1990.0
2021-06-22 12:50:00,NSE:VOLTAS,1023.2,1023.65,1023.05,1023.45,5891.0
2021-06-22 12:55:00,NSE:VOLTAS,1023.4,1024.55,1022.8,1023.45,13692.0
2021-06-22 13:00:00,NSE:VOLTAS,1023.0,1023.6,1023.0,1023.35,1653.0
2021-06-22 13:05:00,NSE:VOLTAS,1023.0,1023.95,1023.0,1023.8,1571.0
2021-06-22 13:10:00,NSE:VOLTAS,1023.4,1024.75,1023.1,1024.7,7537.0
2021-06-22 13:15:00,NSE:VOLTAS,1024.65,1026.0,1024.3,1024.75,20369.0
2021-06-22 13:20:00,NSE:VOLTAS,1024.75,1026.0,1024.0,1024.05,14171.0
2021-06-22 13:25:00,NSE:VOLTAS,1024.05,1024.45,1023.5,1024.0,12945.0
2021-06-22 13:30:00,NSE:VOLTAS,1024.0,1026.4,1023.7,1025.0,55267.0
2021-06-22 13:35:00,NSE:VOLTAS,1025.0,1025.0,1023.5,1023.65,17665.0
2021-06-22 13:40:00,NSE:VOLTAS,1023.6,1025.45,1023.5,1025.35,16585.0
2021-06-22 13:45:00,NSE:VOLTAS,1025.3,1025.5,1024.4,1024.75,13286.0
2021-06-22 13:50:00,NSE:VOLTAS,1024.9,1025.65,1023.55,1023.85,19233.0
2021-06-22 13:55:00,NSE:VOLTAS,1024.0,1024.7,1023.8,1024.0,8730.0
2021-06-22 14:00:00,NSE:VOLTAS,1024.0,1024.25,1023.45,1024.25,8453.0
2021-06-22 14:05:00,NSE:VOLTAS,1024.0,1024.4,1023.15,1024.0,12596.0
2021-06-22 14:10:00,NSE:VOLTAS,1023.7,1024.0,1022.75,1023.2,3497.0
2021-06-22 14:15:00,NSE:VOLTAS,1023.2,1023.2,1021.0,1021.0,5843.0
2021-06-22 14:20:00,NSE:VOLTAS,1021.35,1023.05,1021.25,1021.8,6120.0
2021-06-22 14:25:00,NSE:VOLTAS,1021.35,1022.8,1021.35,1021.95,5065.0
2021-06-22 14:30:00,NSE:VOLTAS,1021.7,1023.15,1021.7,1023.0,963.0
2021-06-22 14:35:00,NSE:VOLTAS,1022.5,1023.0,1022.1,1022.7,1273.0
2021-06-22 14:40:00,NSE:VOLTAS,1022.7,1023.1,1022.35,1022.65,3795.0
2021-06-22 14:45:00,NSE:VOLTAS,1022.2,1023.0,1021.35,1022.45,3814.0
2021-06-22 14:50:00,NSE:VOLTAS,1022.35,1022.8,1021.05,1021.95,8257.0
2021-06-22 14:55:00,NSE:VOLTAS,1021.5,1023.0,1021.4,1021.5,6808.0
2021-06-22 15:00:00,NSE:VOLTAS,1022.45,1022.8,1018.6,1019.7,14509.0
2021-06-22 15:05:00,NSE:VOLTAS,1020.0,1022.4,1018.6,1021.0,21521.0
2021-06-22 15:10:00,NSE:VOLTAS,1021.1,1021.8,1020.25,1021.0,10888.0
2021-06-22 15:15:00,NSE:VOLTAS,1021.5,1021.8,1018.0,1018.35,29932.0
2021-06-22 15:20:00,NSE:VOLTAS,1018.4,1021.15,1018.1,1021.0,23533.0
2021-06-22 15:25:00,NSE:VOLTAS,1021.0,1022.0,1018.2,1022.0,14804.0
2021-06-22 15:40:00,NSE:VOLTAS,1020.2,1022.0,1020.2,1022.0,51.0
2021-06-23 09:05:00,NSE:VOLTAS,1027.8,1027.8,1027.8,1027.8,1216.0
2021-06-23 09:15:00,NSE:VOLTAS,1027.95,1028.0,1022.75,1024.1,16917.0
2021-06-23 09:20:00,NSE:VOLTAS,1024.0,1025.0,1019.2,1022.3,17631.0
2021-06-23 09:25:00,NSE:VOLTAS,1022.25,1023.5,1021.05,1022.25,7435.0
2021-06-23 09:30:00,NSE:VOLTAS,1022.4,1022.4,1019.3,1019.3,8288.0
2021-06-23 09:35:00,NSE:VOLTAS,1019.9,1021.5,1018.75,1021.5,6961.0
2021-06-23 09:40:00,NSE:VOLTAS,1021.0,1024.55,1021.0,1024.45,9648.0
2021-06-23 09:45:00,NSE:VOLTAS,1024.4,1025.45,1023.25,1025.0,7681.0
2021-06-23 09:50:00,NSE:VOLTAS,1024.95,1026.0,1024.1,1024.7,9619.0
2021-06-23 09:55:00,NSE:VOLTAS,1024.45,1025.7,1024.45,1024.9,5995.0
2021-06-23 10:00:00,NSE:VOLTAS,1024.8,1027.8,1024.8,1027.25,14434.0
2021-06-23 10:05:00,NSE:VOLTAS,1027.3,1028.75,1026.2,1028.75,9706.0
2021-06-23 10:10:00,NSE:VOLTAS,1028.4,1029.9,1027.0,1027.0,19732.0
2021-06-23 10:15:00,NSE:VOLTAS,1027.8,1027.8,1024.15,1026.65,13810.0
2021-06-23 10:20:00,NSE:VOLTAS,1025.9,1028.9,1025.35,1028.4,7397.0
2021-06-23 10:25:00,NSE:VOLTAS,1028.5,1031.15,1028.2,1030.95,23055.0
2021-06-23 10:30:00,NSE:VOLTAS,1030.55,1032.0,1029.0,1032.0,21023.0
2021-06-23 10:35:00,NSE:VOLTAS,1032.0,1033.5,1031.0,1032.4,24298.0
2021-06-23 10:40:00,NSE:VOLTAS,1033.0,1037.9,1033.0,1037.8,74248.0
2021-06-23 10:45:00,NSE:VOLTAS,1037.25,1039.5,1035.0,1038.5,61142.0
2021-06-23 10:50:00,NSE:VOLTAS,1038.5,1039.0,1034.75,1035.8,51999.0
2021-06-23 10:55:00,NSE:VOLTAS,1036.45,1038.0,1034.5,1037.7,38660.0
2021-06-23 11:00:00,NSE:VOLTAS,1037.8,1038.85,1036.0,1037.15,34480.0
2021-06-23 11:05:00,NSE:VOLTAS,1037.2,1041.65,1037.0,1041.0,59496.0
2021-06-23 11:10:00,NSE:VOLTAS,1041.0,1043.0,1040.05,1041.0,50009.0
2021-06-23 11:15:00,NSE:VOLTAS,1041.0,1042.9,1040.5,1042.0,27014.0
2021-06-23 11:20:00,NSE:VOLTAS,1042.0,1042.0,1039.0,1039.75,21339.0
2021-06-23 11:25:00,NSE:VOLTAS,1039.75,1039.8,1037.0,1037.0,24824.0
2021-06-23 11:30:00,NSE:VOLTAS,1037.4,1039.15,1037.0,1038.45,8622.0
2021-06-23 11:35:00,NSE:VOLTAS,1038.45,1038.45,1036.5,1036.5,28752.0
2021-06-23 11:40:00,NSE:VOLTAS,1036.5,1037.15,1036.5,1036.7,6157.0
2021-06-23 11:45:00,NSE:VOLTAS,1037.05,1037.15,1035.9,1035.9,14104.0
2021-06-23 11:50:00,NSE:VOLTAS,1036.0,1039.45,1035.45,1039.0,16033.0
2021-06-23 11:55:00,NSE:VOLTAS,1039.0,1039.0,1036.5,1036.5,10911.0
2021-06-23 12:00:00,NSE:VOLTAS,1037.0,1038.7,1037.0,1038.4,8165.0
2021-06-23 12:05:00,NSE:VOLTAS,1038.0,1038.65,1037.0,1038.5,7724.0
2021-06-23 12:10:00,NSE:VOLTAS,1038.5,1040.0,1038.5,1039.55,11361.0
2021-06-23 12:15:00,NSE:VOLTAS,1039.65,1040.0,1039.1,1039.55,9065.0
2021-06-23 12:20:00,NSE:VOLTAS,1040.0,1040.95,1038.1,1040.95,12248.0
2021-06-23 12:25:00,NSE:VOLTAS,1041.0,1042.0,1039.6,1041.0,24740.0
2021-06-23 12:30:00,NSE:VOLTAS,1041.55,1041.55,1040.15,1040.25,16200.0
2021-06-23 12:35:00,NSE:VOLTAS,1040.7,1041.4,1039.7,1040.25,10298.0
2021-06-23 12:40:00,NSE:VOLTAS,1040.2,1040.85,1038.65,1039.6,19437.0
2021-06-23 12:45:00,NSE:VOLTAS,1039.5,1040.6,1038.25,1039.4,12288.0
2021-06-23 12:50:00,NSE:VOLTAS,1039.95,1040.9,1039.3,1040.85,7754.0
2021-06-23 12:55:00,NSE:VOLTAS,1040.4,1040.9,1039.4,1040.15,8575.0
2021-06-23 13:00:00,NSE:VOLTAS,1040.05,1041.3,1039.6,1040.2,13772.0
2021-06-23 13:05:00,NSE:VOLTAS,1040.3,1040.4,1037.3,1037.4,14487.0
2021-06-23 13:10:00,NSE:VOLTAS,1037.9,1039.8,1036.5,1039.6,10382.0
2021-06-23 13:15:00,NSE:VOLTAS,1039.7,1040.4,1038.1,1039.8,9995.0
2021-06-23 13:20:00,NSE:VOLTAS,1039.8,1040.4,1037.4,1038.65,12961.0
2021-06-23 13:25:00,NSE:VOLTAS,1038.8,1040.0,1037.2,1040.0,6195.0
2021-06-23 13:30:00,NSE:VOLTAS,1040.1,1041.0,1039.85,1041.0,11513.0
2021-06-23 13:35:00,NSE:VOLTAS,1041.0,1041.2,1039.95,1040.9,6225.0
2021-06-23 13:40:00,NSE:VOLTAS,1040.25,1041.2,1038.65,1039.6,8564.0
2021-06-23 13:45:00,NSE:VOLTAS,1038.9,1042.0,1038.85,1042.0,17670.0
2021-06-23 13:50:00,NSE:VOLTAS,1041.95,1046.15,1041.95,1044.9,60419.0
2021-06-23 13:55:00,NSE:VOLTAS,1044.9,1045.0,1040.9,1040.9,23397.0
2021-06-23 14:00:00,NSE:VOLTAS,1041.7,1041.9,1038.0,1038.7,31318.0
2021-06-23 14:05:00,NSE:VOLTAS,1038.9,1041.0,1038.05,1040.0,17329.0
2021-06-23 14:10:00,NSE:VOLTAS,1040.6,1040.65,1038.55,1039.0,9728.0
2021-06-23 14:15:00,NSE:VOLTAS,1038.1,1039.8,1037.25,1039.8,18495.0
2021-06-23 14:20:00,NSE:VOLTAS,1039.8,1042.0,1038.2,1038.35,16884.0
2021-06-23 14:25:00,NSE:VOLTAS,1038.8,1038.95,1036.05,1036.95,18849.0
2021-06-23 14:30:00,NSE:VOLTAS,1037.1,1039.0,1036.65,1038.5,14139.0
2021-06-23 14:35:00,NSE:VOLTAS,1039.05,1039.05,1036.5,1036.5,19676.0
2021-06-23 14:40:00,NSE:VOLTAS,1037.15,1037.15,1033.05,1035.0,37271.0
2021-06-23 14:45:00,NSE:VOLTAS,1034.5,1035.4,1033.5,1034.4,8428.0
2021-06-23 14:50:00,NSE:VOLTAS,1034.85,1035.3,1033.1,1034.0,7907.0
2021-06-23 14:55:00,NSE:VOLTAS,1033.5,1034.0,1030.0,1030.0,27722.0
2021-06-23 15:00:00,NSE:VOLTAS,1030.55,1033.0,1029.7,1032.5,18273.0
2021-06-23 15:05:00,NSE:VOLTAS,1032.75,1032.75,1030.15,1030.5,13820.0
2021-06-23 15:10:00,NSE:VOLTAS,1030.9,1031.65,1030.1,1030.1,12988.0
2021-06-23 15:15:00,NSE:VOLTAS,1030.1,1030.7,1030.0,1030.5,17604.0
2021-06-23 15:20:00,NSE:VOLTAS,1030.15,1030.9,1030.0,1030.0,28015.0
2021-06-23 15:25:00,NSE:VOLTAS,1030.15,1034.0,1030.15,1034.0,14820.0
2021-06-23 15:30:00,NSE:VOLTAS,1034.5,1034.5,1034.5,1034.5,122.0
2021-06-23 15:40:00,NSE:VOLTAS,1030.75,1030.75,1030.75,1030.75,10.0
2021-06-24 09:05:00,NSE:VOLTAS,1034.95,1034.95,1034.95,1034.95,836.0
2021-06-24 09:15:00,NSE:VOLTAS,1034.8,1036.5,1030.45,1036.45,51576.0
2021-06-24 09:20:00,NSE:VOLTAS,1036.6,1037.0,1028.8,1030.75,69908.0
2021-06-24 09:25:00,NSE:VOLTAS,1030.55,1031.1,1029.0,1030.7,21595.0
2021-06-24 09:30:00,NSE:VOLTAS,1030.1,1031.45,1029.0,1030.8,18995.0
2021-06-24 09:35:00,NSE:VOLTAS,1030.9,1031.8,1029.05,1029.75,11986.0
2021-06-24 09:40:00,NSE:VOLTAS,1029.75,1029.75,1027.65,1028.55,17792.0
2021-06-24 09:45:00,NSE:VOLTAS,1028.45,1030.4,1028.45,1030.4,10576.0
2021-06-24 09:50:00,NSE:VOLTAS,1030.5,1032.6,1030.5,1031.3,10616.0
2021-06-24 09:55:00,NSE:VOLTAS,1031.35,1032.45,1031.0,1031.3,11982.0
2021-06-24 10:00:00,NSE:VOLTAS,1032.95,1032.95,1031.2,1031.45,5838.0
2021-06-24 10:05:00,NSE:VOLTAS,1031.45,1032.5,1030.0,1030.0,5542.0
2021-06-24 10:10:00,NSE:VOLTAS,1030.0,1030.7,1027.6,1028.1,8654.0
2021-06-24 10:15:00,NSE:VOLTAS,1028.6,1029.4,1026.3,1029.0,11050.0
2021-06-24 10:20:00,NSE:VOLTAS,1029.0,1029.95,1027.8,1028.1,5320.0
2021-06-24 10:25:00,NSE:VOLTAS,1028.25,1030.6,1028.25,1030.1,4949.0
2021-06-24 10:30:00,NSE:VOLTAS,1030.6,1032.35,1030.05,1032.0,7871.0
2021-06-24 10:35:00,NSE:VOLTAS,1032.0,1034.2,1032.0,1033.3,20844.0
2021-06-24 10:40:00,NSE:VOLTAS,1033.0,1034.0,1030.95,1031.1,10727.0
2021-06-24 10:45:00,NSE:VOLTAS,1031.1,1031.25,1029.2,1029.95,10283.0
2021-06-24 10:50:00,NSE:VOLTAS,1030.25,1030.45,1029.1,1029.75,4807.0
2021-06-24 10:55:00,NSE:VOLTAS,1029.7,1030.0,1028.55,1028.75,3227.0
2021-06-24 11:00:00,NSE:VOLTAS,1029.4,1030.0,1028.9,1029.5,4133.0
2021-06-24 11:05:00,NSE:VOLTAS,1029.0,1030.0,1028.35,1029.55,5079.0
2021-06-24 11:10:00,NSE:VOLTAS,1029.7,1029.95,1028.85,1029.95,4119.0
2021-06-24 11:15:00,NSE:VOLTAS,1029.9,1029.9,1027.5,1028.15,8699.0
2021-06-24 11:20:00,NSE:VOLTAS,1027.8,1028.9,1027.8,1028.2,2648.0
2021-06-24 11:25:00,NSE:VOLTAS,1028.6,1028.9,1028.05,1028.8,1201.0
2021-06-24 11:30:00,NSE:VOLTAS,1028.8,1028.9,1024.55,1026.0,28391.0
2021-06-24 11:35:00,NSE:VOLTAS,1025.65,1026.8,1025.45,1025.45,5161.0
2021-06-24 11:40:00,NSE:VOLTAS,1026.3,1026.45,1024.05,1026.0,9457.0
2021-06-24 11:45:00,NSE:VOLTAS,1025.75,1026.65,1025.7,1026.05,3930.0
2021-06-24 11:50:00,NSE:VOLTAS,1026.05,1026.5,1024.1,1024.95,10814.0
2021-06-24 11:55:00,NSE:VOLTAS,1024.6,1025.15,1023.6,1025.0,8083.0
2021-06-24 12:00:00,NSE:VOLTAS,1024.65,1025.0,1024.0,1024.55,8097.0
2021-06-24 12:05:00,NSE:VOLTAS,1024.95,1025.0,1024.25,1024.25,3796.0
2021-06-24 12:10:00,NSE:VOLTAS,1024.5,1027.45,1024.25,1024.85,13567.0
2021-06-24 12:15:00,NSE:VOLTAS,1025.0,1026.8,1024.85,1025.7,8183.0
2021-06-24 12:20:00,NSE:VOLTAS,1025.8,1026.35,1024.2,1024.2,11621.0
2021-06-24 12:25:00,NSE:VOLTAS,1024.1,1025.2,1024.1,1024.45,6821.0
2021-06-24 12:30:00,NSE:VOLTAS,1024.8,1025.45,1024.1,1024.5,4523.0
2021-06-24 12:35:00,NSE:VOLTAS,1024.35,1025.95,1024.35,1025.0,10281.0
2021-06-24 12:40:00,NSE:VOLTAS,1025.0,1025.65,1024.6,1025.15,7981.0
2021-06-24 12:45:00,NSE:VOLTAS,1025.1,1025.8,1024.55,1025.8,6660.0
2021-06-24 12:50:00,NSE:VOLTAS,1025.55,1028.3,1024.65,1026.65,11789.0
2021-06-24 12:55:00,NSE:VOLTAS,1026.6,1028.0,1026.25,1026.85,7342.0
2021-06-24 13:00:00,NSE:VOLTAS,1026.55,1028.0,1025.95,1027.55,7178.0
2021-06-24 13:05:00,NSE:VOLTAS,1027.8,1028.0,1026.15,1026.7,9078.0
2021-06-24 13:10:00,NSE:VOLTAS,1026.35,1026.95,1026.0,1026.8,4976.0
2021-06-24 13:15:00,NSE:VOLTAS,1026.7,1027.5,1025.6,1027.0,6735.0
2021-06-24 13:20:00,NSE:VOLTAS,1027.0,1027.8,1024.65,1024.8,5927.0
2021-06-24 13:25:00,NSE:VOLTAS,1024.8,1026.4,1024.7,1025.8,6241.0
2021-06-24 13:30:00,NSE:VOLTAS,1025.8,1026.65,1025.0,1025.3,5996.0
2021-06-24 13:35:00,NSE:VOLTAS,1025.3,1026.9,1025.1,1026.5,5176.0
2021-06-24 13:40:00,NSE:VOLTAS,1026.35,1026.35,1024.5,1024.95,13775.0
2021-06-24 13:45:00,NSE:VOLTAS,1025.1,1025.1,1024.2,1024.6,5108.0
2021-06-24 13:50:00,NSE:VOLTAS,1024.65,1025.0,1023.85,1024.2,6909.0
2021-06-24 13:55:00,NSE:VOLTAS,1024.4,1025.0,1023.25,1024.4,7758.0
2021-06-24 14:00:00,NSE:VOLTAS,1024.0,1025.2,1023.9,1024.5,5816.0
2021-06-24 14:05:00,NSE:VOLTAS,1024.45,1025.3,1024.3,1024.65,5257.0
2021-06-24 14:10:00,NSE:VOLTAS,1024.95,1025.3,1024.5,1024.85,5337.0
2021-06-24 14:15:00,NSE:VOLTAS,1024.85,1024.85,1023.6,1024.8,6879.0
2021-06-24 14:20:00,NSE:VOLTAS,1024.5,1024.5,1022.05,1022.4,9613.0
2021-06-24 14:25:00,NSE:VOLTAS,1022.4,1023.9,1022.4,1023.4,4920.0
2021-06-24 14:30:00,NSE:VOLTAS,1023.4,1024.9,1020.1,1022.0,11170.0
2021-06-24 14:35:00,NSE:VOLTAS,1022.4,1024.9,1022.3,1024.45,7368.0
2021-06-24 14:40:00,NSE:VOLTAS,1024.7,1024.8,1023.0,1024.1,5000.0
2021-06-24 14:45:00,NSE:VOLTAS,1023.85,1024.8,1022.6,1024.8,11130.0
2021-06-24 14:50:00,NSE:VOLTAS,1024.55,1025.25,1023.8,1023.8,10205.0
2021-06-24 14:55:00,NSE:VOLTAS,1024.0,1024.55,1022.3,1022.85,8186.0
2021-06-24 15:00:00,NSE:VOLTAS,1022.9,1024.7,1022.65,1022.65,11837.0
2021-06-24 15:05:00,NSE:VOLTAS,1022.7,1023.0,1019.25,1021.9,20847.0
2021-06-24 15:10:00,NSE:VOLTAS,1021.6,1025.45,1021.6,1024.5,28531.0
2021-06-24 15:15:00,NSE:VOLTAS,1024.75,1025.0,1023.05,1024.4,27960.0
2021-06-24 15:20:00,NSE:VOLTAS,1024.4,1024.95,1022.3,1024.15,31302.0
2021-06-24 15:25:00,NSE:VOLTAS,1025.0,1026.0,1023.95,1025.0,17137.0
2021-06-24 15:40:00,NSE:VOLTAS,1023.6,1023.6,1023.6,1023.6,20.0
2021-06-25 09:05:00,NSE:VOLTAS,1025.4,1025.4,1025.4,1025.4,257.0
2021-06-25 09:15:00,NSE:VOLTAS,1025.05,1033.0,1023.6,1033.0,37503.0
2021-06-25 09:20:00,NSE:VOLTAS,1033.9,1038.2,1027.35,1029.35,189323.0
2021-06-25 09:25:00,NSE:VOLTAS,1030.15,1031.55,1028.0,1030.55,26200.0
2021-06-25 09:30:00,NSE:VOLTAS,1030.85,1032.0,1027.8,1030.05,33363.0
2021-06-25 09:35:00,NSE:VOLTAS,1030.05,1032.55,1030.05,1031.6,21024.0
2021-06-25 09:40:00,NSE:VOLTAS,1031.7,1032.55,1029.55,1029.6,13284.0
2021-06-25 09:45:00,NSE:VOLTAS,1029.5,1032.0,1029.2,1031.5,8094.0
2021-06-25 09:50:00,NSE:VOLTAS,1031.0,1032.0,1030.7,1030.85,3776.0
2021-06-25 09:55:00,NSE:VOLTAS,1030.85,1031.55,1030.0,1030.1,3501.0
2021-06-25 10:00:00,NSE:VOLTAS,1030.1,1031.4,1028.0,1029.2,6892.0
2021-06-25 10:05:00,NSE:VOLTAS,1029.05,1030.85,1028.0,1030.85,4743.0
2021-06-25 10:10:00,NSE:VOLTAS,1030.85,1031.25,1029.55,1030.75,4989.0
2021-06-25 10:15:00,NSE:VOLTAS,1031.25,1031.7,1030.05,1031.7,5669.0
2021-06-25 10:20:00,NSE:VOLTAS,1031.2,1032.35,1030.65,1031.85,7621.0
2021-06-25 10:25:00,NSE:VOLTAS,1031.4,1031.8,1030.4,1031.0,1991.0
2021-06-25 10:30:00,NSE:VOLTAS,1030.6,1031.65,1030.0,1030.25,2594.0
2021-06-25 10:35:00,NSE:VOLTAS,1030.5,1031.7,1030.0,1031.2,2214.0
2021-06-25 10:40:00,NSE:VOLTAS,1031.2,1031.85,1030.5,1031.6,1830.0
2021-06-25 10:45:00,NSE:VOLTAS,1031.4,1031.6,1030.25,1031.0,1671.0
2021-06-25 10:50:00,NSE:VOLTAS,1031.0,1031.8,1030.45,1031.4,10630.0
2021-06-25 10:55:00,NSE:VOLTAS,1031.4,1031.8,1030.8,1031.7,6551.0
2021-06-25 11:00:00,NSE:VOLTAS,1031.7,1031.7,1031.15,1031.5,2233.0
2021-06-25 11:05:00,NSE:VOLTAS,1031.5,1031.8,1030.0,1030.5,8984.0
2021-06-25 11:10:00,NSE:VOLTAS,1031.0,1031.0,1029.15,1030.45,4608.0
2021-06-25 11:15:00,NSE:VOLTAS,1030.4,1030.4,1028.95,1029.1,1365.0
2021-06-25 11:20:00,NSE:VOLTAS,1029.2,1030.35,1028.25,1029.55,4993.0
2021-06-25 11:25:00,NSE:VOLTAS,1028.9,1030.1,1028.55,1030.1,3693.0
2021-06-25 11:30:00,NSE:VOLTAS,1030.25,1031.6,1029.2,1031.55,11591.0
2021-06-25 11:35:00,NSE:VOLTAS,1031.55,1033.0,1030.95,1031.2,31168.0
2021-06-25 11:40:00,NSE:VOLTAS,1031.2,1031.7,1030.8,1031.7,11771.0
2021-06-25 11:45:00,NSE:VOLTAS,1031.7,1032.8,1031.7,1032.1,22847.0
2021-06-25 11:50:00,NSE:VOLTAS,1032.0,1032.0,1031.5,1031.7,8937.0
2021-06-25 11:55:00,NSE:VOLTAS,1031.7,1032.75,1031.7,1032.5,10893.0
2021-06-25 12:00:00,NSE:VOLTAS,1032.5,1032.8,1032.2,1032.3,6369.0
2021-06-25 12:05:00,NSE:VOLTAS,1032.3,1033.0,1030.75,1032.1,31972.0
2021-06-25 12:10:00,NSE:VOLTAS,1032.1,1033.4,1031.9,1032.9,22725.0
2021-06-25 12:15:00,NSE:VOLTAS,1033.8,1035.35,1033.15,1034.95,41332.0
2021-06-25 12:20:00,NSE:VOLTAS,1035.35,1037.7,1034.8,1037.55,17193.0
2021-06-25 12:25:00,NSE:VOLTAS,1037.65,1038.0,1036.0,1036.9,15015.0
2021-06-25 12:30:00,NSE:VOLTAS,1036.3,1036.9,1035.8,1036.5,6461.0
2021-06-25 12:35:00,NSE:VOLTAS,1036.5,1037.55,1036.25,1036.45,6141.0
2021-06-25 12:40:00,NSE:VOLTAS,1036.25,1037.0,1035.3,1036.5,12358.0
2021-06-25 12:45:00,NSE:VOLTAS,1036.25,1036.8,1035.2,1035.75,4707.0
2021-06-25 12:50:00,NSE:VOLTAS,1035.45,1035.65,1034.15,1035.5,5001.0
2021-06-25 12:55:00,NSE:VOLTAS,1035.5,1035.5,1034.2,1034.7,2996.0
2021-06-25 13:00:00,NSE:VOLTAS,1034.7,1036.65,1034.7,1035.8,2848.0
2021-06-25 13:05:00,NSE:VOLTAS,1035.8,1035.85,1034.7,1035.55,2219.0
2021-06-25 13:10:00,NSE:VOLTAS,1035.6,1035.8,1034.0,1034.1,8301.0
2021-06-25 13:15:00,NSE:VOLTAS,1034.4,1035.2,1033.9,1034.6,4945.0
2021-06-25 13:20:00,NSE:VOLTAS,1034.5,1034.55,1032.4,1033.05,3998.0
2021-06-25 13:25:00,NSE:VOLTAS,1032.6,1033.6,1032.0,1032.95,4170.0
2021-06-25 13:30:00,NSE:VOLTAS,1033.4,1034.15,1032.35,1034.1,1936.0
2021-06-25 13:35:00,NSE:VOLTAS,1034.1,1034.5,1033.15,1033.85,3995.0
2021-06-25 13:40:00,NSE:VOLTAS,1033.4,1034.1,1032.25,1033.3,1694.0
2021-06-25 13:45:00,NSE:VOLTAS,1033.0,1034.4,1032.4,1034.25,3759.0
2021-06-25 13:50:00,NSE:VOLTAS,1034.25,1034.5,1033.7,1034.0,845.0
2021-06-25 13:55:00,NSE:VOLTAS,1033.65,1034.15,1033.1,1033.1,1380.0
2021-06-25 14:00:00,NSE:VOLTAS,1033.0,1033.85,1031.9,1032.85,21708.0
2021-06-25 14:05:00,NSE:VOLTAS,1033.05,1034.25,1033.05,1034.25,3259.0
2021-06-25 14:10:00,NSE:VOLTAS,1034.25,1034.4,1031.95,1031.95,2802.0
2021-06-25 14:15:00,NSE:VOLTAS,1031.55,1033.75,1030.3,1031.2,9874.0
2021-06-25 14:20:00,NSE:VOLTAS,1030.8,1032.0,1030.45,1030.85,5631.0
2021-06-25 14:25:00,NSE:VOLTAS,1030.2,1032.15,1029.5,1032.0,6630.0
2021-06-25 14:30:00,NSE:VOLTAS,1031.6,1032.05,1030.65,1030.95,4440.0
2021-06-25 14:35:00,NSE:VOLTAS,1030.75,1032.15,1030.0,1030.0,7090.0
2021-06-25 14:40:00,NSE:VOLTAS,1028.45,1030.65,1028.15,1030.35,6437.0
2021-06-25 14:45:00,NSE:VOLTAS,1029.85,1030.25,1027.4,1027.8,9129.0
2021-06-25 14:50:00,NSE:VOLTAS,1028.25,1031.5,1028.15,1031.35,19355.0
2021-06-25 14:55:00,NSE:VOLTAS,1030.65,1031.6,1030.45,1031.35,4602.0
2021-06-25 15:00:00,NSE:VOLTAS,1031.0,1032.0,1030.25,1030.8,16175.0
2021-06-25 15:05:00,NSE:VOLTAS,1030.55,1030.8,1028.85,1029.85,10772.0
2021-06-25 15:10:00,NSE:VOLTAS,1029.35,1031.2,1029.35,1030.45,13750.0
2021-06-25 15:15:00,NSE:VOLTAS,1029.7,1030.9,1029.55,1030.3,13463.0
2021-06-25 15:20:00,NSE:VOLTAS,1030.3,1030.55,1028.55,1028.95,18451.0
2021-06-25 15:25:00,NSE:VOLTAS,1028.6,1030.0,1026.95,1030.0,18701.0
2021-06-25 15:40:00,NSE:VOLTAS,1029.95,1030.0,1029.95,1030.0,197.0
2021-06-28 09:05:00,NSE:VOLTAS,1032.5,1032.5,1032.5,1032.5,439.0
2021-06-28 09:15:00,NSE:VOLTAS,1034.55,1044.0,1033.2,1043.25,75380.0
2021-06-28 09:20:00,NSE:VOLTAS,1043.35,1051.4,1043.0,1044.5,130054.0
2021-06-28 09:25:00,NSE:VOLTAS,1044.5,1054.05,1044.5,1054.0,116272.0
2021-06-28 09:30:00,NSE:VOLTAS,1054.0,1054.8,1052.0,1052.25,75069.0
2021-06-28 09:35:00,NSE:VOLTAS,1052.35,1054.5,1049.9,1050.2,57253.0
2021-06-28 09:40:00,NSE:VOLTAS,1050.8,1056.8,1049.3,1056.15,65190.0
2021-06-28 09:45:00,NSE:VOLTAS,1056.25,1058.0,1055.1,1057.65,74772.0
2021-06-28 09:50:00,NSE:VOLTAS,1057.95,1057.95,1056.0,1056.15,33133.0
2021-06-28 09:55:00,NSE:VOLTAS,1056.35,1056.95,1052.4,1055.65,44277.0
2021-06-28 10:00:00,NSE:VOLTAS,1055.65,1056.45,1053.45,1055.65,30824.0
2021-06-28 10:05:00,NSE:VOLTAS,1056.0,1059.4,1055.9,1056.75,81308.0
2021-06-28 10:10:00,NSE:VOLTAS,1057.4,1061.0,1056.35,1059.5,58550.0
2021-06-28 10:15:00,NSE:VOLTAS,1059.5,1060.0,1057.9,1059.1,22983.0
2021-06-28 10:20:00,NSE:VOLTAS,1059.1,1060.95,1054.2,1054.2,72181.0
2021-06-28 10:25:00,NSE:VOLTAS,1053.65,1054.65,1050.4,1053.0,94405.0
2021-06-28 10:30:00,NSE:VOLTAS,1053.1,1053.9,1052.2,1052.2,20795.0
2021-06-28 10:35:00,NSE:VOLTAS,1052.5,1052.5,1050.55,1051.75,15985.0
2021-06-28 10:40:00,NSE:VOLTAS,1051.35,1051.85,1048.0,1048.05,40966.0
2021-06-28 10:45:00,NSE:VOLTAS,1048.05,1048.5,1046.2,1047.45,34864.0
2021-06-28 10:50:00,NSE:VOLTAS,1047.45,1048.0,1045.2,1047.75,26913.0
2021-06-28 10:55:00,NSE:VOLTAS,1047.7,1052.75,1047.7,1052.05,31390.0
2021-06-28 11:00:00,NSE:VOLTAS,1052.5,1055.0,1051.3,1054.75,31257.0
2021-06-28 11:05:00,NSE:VOLTAS,1053.75,1055.5,1053.1,1054.25,23755.0
2021-06-28 11:10:00,NSE:VOLTAS,1053.9,1057.0,1053.45,1055.35,31358.0
2021-06-28 11:15:00,NSE:VOLTAS,1055.6,1056.35,1054.05,1054.4,23715.0
2021-06-28 11:20:00,NSE:VOLTAS,1054.45,1054.45,1051.45,1051.6,13150.0
2021-06-28 11:25:00,NSE:VOLTAS,1051.95,1053.85,1051.6,1052.65,6481.0
2021-06-28 11:30:00,NSE:VOLTAS,1052.45,1052.85,1050.0,1051.95,8050.0
2021-06-28 11:35:00,NSE:VOLTAS,1051.6,1051.95,1050.85,1051.1,3977.0
2021-06-28 11:40:00,NSE:VOLTAS,1051.1,1052.15,1050.7,1051.45,5042.0
2021-06-28 11:45:00,NSE:VOLTAS,1051.35,1052.0,1049.1,1049.5,12576.0
2021-06-28 11:50:00,NSE:VOLTAS,1049.55,1050.0,1048.1,1049.2,8802.0
2021-06-28 11:55:00,NSE:VOLTAS,1049.55,1049.9,1047.25,1047.85,12209.0
2021-06-28 12:00:00,NSE:VOLTAS,1047.9,1049.5,1047.25,1048.4,9901.0
2021-06-28 12:05:00,NSE:VOLTAS,1048.2,1048.85,1046.65,1047.55,18243.0
2021-06-28 12:10:00,NSE:VOLTAS,1047.55,1048.95,1047.15,1048.95,10976.0
2021-06-28 12:15:00,NSE:VOLTAS,1048.55,1048.95,1047.0,1047.35,8578.0
2021-06-28 12:20:00,NSE:VOLTAS,1047.0,1047.4,1046.3,1046.7,10276.0
2021-06-28 12:25:00,NSE:VOLTAS,1046.3,1049.4,1046.3,1047.05,16614.0
2021-06-28 12:30:00,NSE:VOLTAS,1047.05,1048.15,1045.9,1046.55,13861.0
2021-06-28 12:35:00,NSE:VOLTAS,1046.6,1046.8,1046.0,1046.5,7023.0
2021-06-28 12:40:00,NSE:VOLTAS,1046.5,1046.8,1045.1,1045.55,18231.0
2021-06-28 12:45:00,NSE:VOLTAS,1045.5,1046.8,1044.3,1044.95,18261.0
2021-06-28 12:50:00,NSE:VOLTAS,1044.95,1044.95,1044.0,1044.0,4475.0
2021-06-28 12:55:00,NSE:VOLTAS,1044.0,1044.5,1043.3,1044.0,11149.0
2021-06-28 13:00:00,NSE:VOLTAS,1044.45,1046.0,1044.1,1045.65,10413.0
2021-06-28 13:05:00,NSE:VOLTAS,1045.1,1045.9,1044.25,1044.3,9021.0
2021-06-28 13:10:00,NSE:VOLTAS,1044.35,1045.5,1043.85,1045.3,6425.0
2021-06-28 13:15:00,NSE:VOLTAS,1045.3,1047.6,1045.3,1045.55,17691.0
2021-06-28 13:20:00,NSE:VOLTAS,1045.55,1049.3,1045.55,1048.75,106032.0
2021-06-28 13:25:00,NSE:VOLTAS,1048.75,1049.85,1048.45,1049.15,16444.0
2021-06-28 13:30:00,NSE:VOLTAS,1049.1,1049.75,1046.0,1046.0,11651.0
2021-06-28 13:35:00,NSE:VOLTAS,1046.0,1046.5,1044.1,1044.95,16535.0
2021-06-28 13:40:00,NSE:VOLTAS,1044.5,1046.35,1044.5,1045.95,12386.0
2021-06-28 13:45:00,NSE:VOLTAS,1046.0,1046.0,1044.4,1045.5,3933.0
2021-06-28 13:50:00,NSE:VOLTAS,1045.6,1045.9,1044.5,1044.75,5724.0
2021-06-28 13:55:00,NSE:VOLTAS,1044.95,1046.0,1044.85,1045.65,2169.0
2021-06-28 14:00:00,NSE:VOLTAS,1045.25,1045.9,1044.2,1045.8,7911.0
2021-06-28 14:05:00,NSE:VOLTAS,1045.45,1046.0,1044.7,1045.0,5728.0
2021-06-28 14:10:00,NSE:VOLTAS,1045.0,1045.85,1044.0,1044.4,10484.0
2021-06-28 14:15:00,NSE:VOLTAS,1044.25,1045.0,1043.0,1044.95,12381.0
2021-06-28 14:20:00,NSE:VOLTAS,1045.0,1045.35,1044.3,1045.0,3839.0
2021-06-28 14:25:00,NSE:VOLTAS,1045.0,1045.0,1043.0,1044.0,9197.0
2021-06-28 14:30:00,NSE:VOLTAS,1044.0,1045.0,1043.5,1044.45,7188.0
2021-06-28 14:35:00,NSE:VOLTAS,1044.5,1044.7,1041.6,1041.6,13843.0
2021-06-28 14:40:00,NSE:VOLTAS,1041.8,1043.6,1041.8,1043.15,13720.0
2021-06-28 14:45:00,NSE:VOLTAS,1043.15,1043.9,1039.7,1040.0,48521.0
2021-06-28 14:50:00,NSE:VOLTAS,1040.0,1040.95,1039.65,1040.5,23063.0
2021-06-28 14:55:00,NSE:VOLTAS,1040.65,1040.8,1039.2,1040.15,21190.0
2021-06-28 15:00:00,NSE:VOLTAS,1040.05,1040.6,1039.7,1040.0,24886.0
2021-06-28 15:05:00,NSE:VOLTAS,1040.1,1040.7,1039.0,1040.0,28439.0
2021-06-28 15:10:00,NSE:VOLTAS,1040.0,1044.75,1039.9,1043.85,70366.0
2021-06-28 15:15:00,NSE:VOLTAS,1044.3,1046.25,1042.35,1044.35,59397.0
2021-06-28 15:20:00,NSE:VOLTAS,1044.3,1044.4,1042.1,1043.6,38130.0
2021-06-28 15:25:00,NSE:VOLTAS,1043.6,1045.15,1042.15,1044.95,34495.0
2021-06-28 15:40:00,NSE:VOLTAS,1042.55,1042.55,1042.55,1042.55,63.0
2021-06-29 09:05:00,NSE:VOLTAS,1048.0,1048.0,1048.0,1048.0,572.0
2021-06-29 09:15:00,NSE:VOLTAS,1048.7,1049.8,1042.9,1047.0,33146.0
2021-06-29 09:20:00,NSE:VOLTAS,1047.0,1047.9,1042.75,1043.15,29737.0
2021-06-29 09:25:00,NSE:VOLTAS,1043.35,1044.35,1041.45,1042.1,13339.0
2021-06-29 09:30:00,NSE:VOLTAS,1042.8,1047.75,1042.0,1046.55,20061.0
2021-06-29 09:35:00,NSE:VOLTAS,1046.0,1047.0,1044.4,1044.75,7764.0
2021-06-29 09:40:00,NSE:VOLTAS,1045.15,1046.3,1044.1,1046.1,6176.0
2021-06-29 09:45:00,NSE:VOLTAS,1046.1,1047.5,1045.0,1046.3,13302.0
2021-06-29 09:50:00,NSE:VOLTAS,1046.7,1048.45,1046.35,1048.0,7265.0
2021-06-29 09:55:00,NSE:VOLTAS,1048.5,1051.5,1048.2,1049.5,26932.0
2021-06-29 10:00:00,NSE:VOLTAS,1049.5,1049.5,1047.1,1047.85,11690.0
2021-06-29 10:05:00,NSE:VOLTAS,1047.5,1048.0,1046.55,1047.4,6957.0
2021-06-29 10:10:00,NSE:VOLTAS,1047.0,1048.0,1045.55,1048.0,5975.0
2021-06-29 10:15:00,NSE:VOLTAS,1047.55,1049.5,1047.55,1048.0,4745.0
2021-06-29 10:20:00,NSE:VOLTAS,1048.0,1048.0,1043.6,1044.9,15146.0
2021-06-29 10:25:00,NSE:VOLTAS,1044.9,1045.0,1041.3,1043.8,12595.0
2021-06-29 10:30:00,NSE:VOLTAS,1043.75,1044.35,1039.5,1040.6,31280.0
2021-06-29 10:35:00,NSE:VOLTAS,1040.6,1041.15,1039.15,1040.0,25917.0
2021-06-29 10:40:00,NSE:VOLTAS,1040.2,1041.2,1039.95,1040.45,30869.0
2021-06-29 10:45:00,NSE:VOLTAS,1040.8,1045.95,1040.45,1045.0,59392.0
2021-06-29 10:50:00,NSE:VOLTAS,1045.0,1045.0,1044.1,1044.15,12149.0
2021-06-29 10:55:00,NSE:VOLTAS,1044.15,1044.55,1043.4,1044.0,7118.0
2021-06-29 11:00:00,NSE:VOLTAS,1044.0,1045.0,1044.0,1044.35,8089.0
2021-06-29 11:05:00,NSE:VOLTAS,1044.0,1044.8,1042.4,1044.1,21705.0
2021-06-29 11:10:00,NSE:VOLTAS,1044.1,1044.9,1044.0,1044.35,1884.0
2021-06-29 11:15:00,NSE:VOLTAS,1044.35,1044.9,1043.5,1044.0,2472.0
2021-06-29 11:20:00,NSE:VOLTAS,1044.0,1044.75,1044.0,1044.35,2723.0
2021-06-29 11:25:00,NSE:VOLTAS,1044.45,1045.0,1043.7,1044.05,5907.0
2021-06-29 11:30:00,NSE:VOLTAS,1044.05,1044.6,1044.0,1044.1,1796.0
2021-06-29 11:35:00,NSE:VOLTAS,1044.1,1044.9,1043.4,1044.35,2115.0
2021-06-29 11:40:00,NSE:VOLTAS,1044.8,1045.0,1043.0,1043.05,3409.0
2021-06-29 11:45:00,NSE:VOLTAS,1042.95,1044.0,1042.05,1042.05,3422.0
2021-06-29 11:50:00,NSE:VOLTAS,1042.1,1042.6,1040.35,1041.25,7175.0
2021-06-29 11:55:00,NSE:VOLTAS,1041.25,1042.4,1041.0,1041.55,1609.0
2021-06-29 12:00:00,NSE:VOLTAS,1041.5,1041.95,1041.05,1041.25,2280.0
2021-06-29 12:05:00,NSE:VOLTAS,1041.35,1041.75,1041.05,1041.2,2591.0
2021-06-29 12:10:00,NSE:VOLTAS,1041.2,1041.45,1041.0,1041.05,1823.0
2021-06-29 12:15:00,NSE:VOLTAS,1041.3,1041.35,1040.5,1040.7,4278.0
2021-06-29 12:20:00,NSE:VOLTAS,1040.7,1041.35,1040.3,1040.8,2440.0
2021-06-29 12:25:00,NSE:VOLTAS,1040.8,1041.35,1040.3,1041.0,6898.0
2021-06-29 12:30:00,NSE:VOLTAS,1041.25,1042.05,1040.8,1041.15,1121453.0
2021-06-29 12:35:00,NSE:VOLTAS,1041.15,1041.15,1037.05,1037.15,27571.0
2021-06-29 12:40:00,NSE:VOLTAS,1037.5,1037.85,1035.5,1035.5,17687.0
2021-06-29 12:45:00,NSE:VOLTAS,1035.5,1036.55,1035.1,1036.4,6572.0
2021-06-29 12:50:00,NSE:VOLTAS,1036.45,1037.0,1036.0,1036.05,9130.0
2021-06-29 12:55:00,NSE:VOLTAS,1036.4,1039.35,1035.6,1035.7,22593.0
2021-06-29 13:00:00,NSE:VOLTAS,1036.0,1036.65,1035.6,1035.8,6012.0
2021-06-29 13:05:00,NSE:VOLTAS,1035.8,1036.1,1035.7,1035.85,9111.0
2021-06-29 13:10:00,NSE:VOLTAS,1035.8,1036.0,1033.2,1034.35,26582.0
2021-06-29 13:15:00,NSE:VOLTAS,1034.35,1034.55,1034.2,1034.2,9191.0
2021-06-29 13:20:00,NSE:VOLTAS,1034.2,1035.0,1034.2,1034.55,4232.0
2021-06-29 13:25:00,NSE:VOLTAS,1034.55,1035.0,1034.15,1034.5,13022.0
2021-06-29 13:30:00,NSE:VOLTAS,1034.5,1035.0,1034.4,1034.9,34155.0
2021-06-29 13:35:00,NSE:VOLTAS,1034.9,1035.0,1034.75,1034.85,10886.0
2021-06-29 13:40:00,NSE:VOLTAS,1034.85,1035.0,1034.5,1034.5,5645.0
2021-06-29 13:45:00,NSE:VOLTAS,1034.5,1035.1,1034.15,1034.7,42368.0
2021-06-29 13:50:00,NSE:VOLTAS,1034.65,1035.25,1034.1,1034.45,88369.0
2021-06-29 13:55:00,NSE:VOLTAS,1034.45,1035.0,1034.0,1034.1,3863.0
2021-06-29 14:00:00,NSE:VOLTAS,1034.1,1034.1,1029.8,1032.15,44275.0
2021-06-29 14:05:00,NSE:VOLTAS,1032.15,1033.8,1032.05,1033.2,3071.0
2021-06-29 14:10:00,NSE:VOLTAS,1033.05,1035.0,1031.75,1031.75,7359.0
2021-06-29 14:15:00,NSE:VOLTAS,1032.3,1033.9,984.35,1029.25,168372.0
2021-06-29 14:20:00,NSE:VOLTAS,1029.4,1031.55,1029.3,1030.0,16938.0
2021-06-29 14:25:00,NSE:VOLTAS,1030.3,1032.05,1028.6,1029.65,12038.0
2021-06-29 14:30:00,NSE:VOLTAS,1029.85,1030.5,1025.6,1027.25,23153.0
2021-06-29 14:35:00,NSE:VOLTAS,1027.25,1027.25,1025.2,1025.85,18287.0
2021-06-29 14:40:00,NSE:VOLTAS,1025.75,1026.0,1023.75,1025.2,25091.0
2021-06-29 14:45:00,NSE:VOLTAS,1025.75,1026.55,1023.3,1023.6,23065.0
2021-06-29 14:50:00,NSE:VOLTAS,1023.5,1024.5,1022.2,1023.8,22877.0
2021-06-29 14:55:00,NSE:VOLTAS,1024.0,1027.95,1023.8,1027.0,16088.0
2021-06-29 15:00:00,NSE:VOLTAS,1026.95,1029.05,1025.65,1028.6,28695.0
2021-06-29 15:05:00,NSE:VOLTAS,1028.6,1029.5,1026.45,1029.2,19395.0
2021-06-29 15:10:00,NSE:VOLTAS,1029.15,1029.55,1027.35,1028.45,23124.0
2021-06-29 15:15:00,NSE:VOLTAS,1028.6,1030.2,1028.1,1029.5,36779.0
2021-06-29 15:20:00,NSE:VOLTAS,1029.9,1029.9,1027.0,1028.8,43035.0
2021-06-29 15:25:00,NSE:VOLTAS,1028.8,1030.0,1026.0,1028.0,27150.0
2021-06-29 15:40:00,NSE:VOLTAS,1028.4,1028.4,1028.4,1028.4,25.0
2021-06-30 09:05:00,NSE:VOLTAS,1033.0,1033.0,1033.0,1033.0,828.0
2021-06-30 09:15:00,NSE:VOLTAS,1032.95,1035.9,1028.55,1029.7,22911.0
2021-06-30 09:20:00,NSE:VOLTAS,1030.6,1034.5,1030.05,1032.55,11234.0
2021-06-30 09:25:00,NSE:VOLTAS,1032.2,1032.5,1029.7,1031.35,10536.0
2021-06-30 09:30:00,NSE:VOLTAS,1031.05,1034.5,1030.55,1031.8,6253.0
2021-06-30 09:35:00,NSE:VOLTAS,1031.45,1033.0,1031.05,1032.0,3382.0
2021-06-30 09:40:00,NSE:VOLTAS,1031.6,1033.0,1031.0,1031.45,3908.0
2021-06-30 09:45:00,NSE:VOLTAS,1031.45,1033.0,1031.0,1032.05,2324.0
2021-06-30 09:50:00,NSE:VOLTAS,1032.1,1033.25,1031.95,1032.8,4278.0
2021-06-30 09:55:00,NSE:VOLTAS,1032.8,1033.25,1032.3,1032.6,3596.0
2021-06-30 10:00:00,NSE:VOLTAS,1032.4,1032.4,1030.4,1031.3,5284.0
2021-06-30 10:05:00,NSE:VOLTAS,1032.0,1033.15,1030.3,1031.65,4566.0
2021-06-30 10:10:00,NSE:VOLTAS,1032.0,1032.0,1030.1,1030.6,6446.0
2021-06-30 10:15:00,NSE:VOLTAS,1031.0,1031.0,1026.25,1027.15,17883.0
2021-06-30 10:20:00,NSE:VOLTAS,1027.0,1027.9,1025.4,1025.4,18424.0
2021-06-30 10:25:00,NSE:VOLTAS,1025.4,1025.95,1022.8,1025.0,13890.0
2021-06-30 10:30:00,NSE:VOLTAS,1025.0,1025.75,1024.4,1025.0,7450.0
2021-06-30 10:35:00,NSE:VOLTAS,1025.0,1025.0,1023.55,1023.55,4957.0
2021-06-30 10:40:00,NSE:VOLTAS,1023.55,1024.95,1023.55,1024.6,4608.0
2021-06-30 10:45:00,NSE:VOLTAS,1024.65,1025.0,1024.05,1024.25,7209.0
2021-06-30 10:50:00,NSE:VOLTAS,1024.65,1024.95,1024.05,1024.45,2561.0
2021-06-30 10:55:00,NSE:VOLTAS,1024.6,1025.0,1023.55,1023.75,7135.0
2021-06-30 11:00:00,NSE:VOLTAS,1023.75,1024.6,1020.5,1021.4,14460.0
2021-06-30 11:05:00,NSE:VOLTAS,1021.45,1023.25,1021.4,1022.2,7368.0
2021-06-30 11:10:00,NSE:VOLTAS,1022.5,1022.55,1021.5,1021.75,6747.0
2021-06-30 11:15:00,NSE:VOLTAS,1021.75,1022.5,1021.6,1021.65,7299.0
2021-06-30 11:20:00,NSE:VOLTAS,1021.65,1022.0,1018.8,1019.5,21367.0
2021-06-30 11:25:00,NSE:VOLTAS,1019.95,1020.0,1017.2,1018.45,21227.0
2021-06-30 11:30:00,NSE:VOLTAS,1018.55,1018.55,1017.15,1018.0,25417.0
2021-06-30 11:35:00,NSE:VOLTAS,1019.0,1019.8,1017.9,1019.55,102132.0
2021-06-30 11:40:00,NSE:VOLTAS,1019.8,1020.5,1019.05,1019.05,16039.0
2021-06-30 11:45:00,NSE:VOLTAS,1019.05,1019.5,1018.0,1019.0,7339.0
2021-06-30 11:50:00,NSE:VOLTAS,1019.6,1021.05,1018.6,1018.95,24276.0
2021-06-30 11:55:00,NSE:VOLTAS,1018.75,1020.25,1018.2,1019.7,22889.0
2021-06-30 12:00:00,NSE:VOLTAS,1020.25,1020.25,1019.3,1020.1,10099.0
2021-06-30 12:05:00,NSE:VOLTAS,1019.95,1020.1,1019.3,1019.7,7125.0
2021-06-30 12:10:00,NSE:VOLTAS,1020.0,1020.1,1019.4,1019.9,6613.0
2021-06-30 12:15:00,NSE:VOLTAS,1020.0,1020.0,1018.05,1018.55,9756.0
2021-06-30 12:20:00,NSE:VOLTAS,1019.0,1019.45,1018.1,1018.5,14884.0
2021-06-30 12:25:00,NSE:VOLTAS,1018.95,1019.2,1018.0,1018.6,10240.0
2021-06-30 12:30:00,NSE:VOLTAS,1018.6,1019.7,1017.2,1018.55,50280.0
2021-06-30 12:35:00,NSE:VOLTAS,1019.05,1019.15,1017.7,1018.5,11325.0
2021-06-30 12:40:00,NSE:VOLTAS,1018.8,1019.65,1018.5,1019.3,6457.0
2021-06-30 12:45:00,NSE:VOLTAS,1019.3,1021.5,1019.3,1021.0,9285.0
2021-06-30 12:50:00,NSE:VOLTAS,1021.05,1023.0,1021.05,1022.1,25451.0
2021-06-30 12:55:00,NSE:VOLTAS,1021.9,1021.9,1019.95,1021.05,26751.0
2021-06-30 13:00:00,NSE:VOLTAS,1021.05,1021.5,1020.0,1021.35,10935.0
2021-06-30 13:05:00,NSE:VOLTAS,1021.0,1022.85,1021.0,1022.75,11010.0
2021-06-30 13:10:00,NSE:VOLTAS,1022.15,1025.0,1022.15,1024.05,13425.0
2021-06-30 13:15:00,NSE:VOLTAS,1023.85,1024.05,1021.35,1021.45,8362.0
2021-06-30 13:20:00,NSE:VOLTAS,1021.45,1021.6,1020.1,1020.2,6370.0
2021-06-30 13:25:00,NSE:VOLTAS,1020.2,1020.9,1018.45,1018.9,7214.0
2021-06-30 13:30:00,NSE:VOLTAS,1019.0,1020.55,1019.0,1019.6,30351.0
2021-06-30 13:35:00,NSE:VOLTAS,1019.6,1020.4,1019.25,1019.55,4700.0
2021-06-30 13:40:00,NSE:VOLTAS,1019.5,1020.6,1018.3,1019.5,14779.0
2021-06-30 13:45:00,NSE:VOLTAS,1019.05,1019.5,1018.5,1019.15,4584.0
2021-06-30 13:50:00,NSE:VOLTAS,1018.6,1020.55,1018.6,1019.5,5506.0
2021-06-30 13:55:00,NSE:VOLTAS,1019.5,1020.6,1019.05,1019.5,18184.0
2021-06-30 14:00:00,NSE:VOLTAS,1019.5,1019.75,1017.25,1018.3,14638.0
2021-06-30 14:05:00,NSE:VOLTAS,1018.85,1018.85,1017.1,1017.15,14386.0
2021-06-30 14:10:00,NSE:VOLTAS,1017.25,1017.95,1015.55,1016.3,21323.0
2021-06-30 14:15:00,NSE:VOLTAS,1016.5,1018.9,1016.05,1018.1,19744.0
2021-06-30 14:20:00,NSE:VOLTAS,1018.05,1018.85,1016.95,1018.1,14443.0
2021-06-30 14:25:00,NSE:VOLTAS,1018.65,1018.9,1016.6,1016.6,18371.0
2021-06-30 14:30:00,NSE:VOLTAS,1016.6,1018.95,1016.15,1018.1,25355.0
2021-06-30 14:35:00,NSE:VOLTAS,1018.65,1019.9,1018.15,1019.85,18611.0
2021-06-30 14:40:00,NSE:VOLTAS,1019.3,1020.25,1017.4,1017.4,17656.0
2021-06-30 14:45:00,NSE:VOLTAS,1017.5,1019.95,1016.55,1019.9,29496.0
2021-06-30 14:50:00,NSE:VOLTAS,1019.9,1019.9,1018.1,1019.8,20041.0
2021-06-30 14:55:00,NSE:VOLTAS,1019.8,1020.5,1019.0,1019.4,19086.0
2021-06-30 15:00:00,NSE:VOLTAS,1019.65,1024.0,1019.4,1023.65,38544.0
2021-06-30 15:05:00,NSE:VOLTAS,1023.65,1024.5,1023.0,1023.8,30089.0
2021-06-30 15:10:00,NSE:VOLTAS,1024.0,1024.3,1021.9,1022.2,34521.0
2021-06-30 15:15:00,NSE:VOLTAS,1022.2,1022.85,1021.1,1021.9,33784.0
2021-06-30 15:20:00,NSE:VOLTAS,1021.9,1023.1,1021.3,1021.45,34312.0
2021-06-30 15:25:00,NSE:VOLTAS,1021.5,1021.7,1020.0,1021.0,22924.0
2021-06-30 15:40:00,NSE:VOLTAS,1022.45,1022.45,1021.0,1021.0,54.0
2021-07-01 09:05:00,NSE:VOLTAS,1024.0,1024.0,1024.0,1024.0,358.0
2021-07-01 09:15:00,NSE:VOLTAS,1024.0,1025.4,1017.9,1021.3,15879.0
2021-07-01 09:20:00,NSE:VOLTAS,1021.05,1021.85,1019.25,1020.8,8544.0
2021-07-01 09:25:00,NSE:VOLTAS,1020.0,1021.75,1017.0,1018.2,11282.0
2021-07-01 09:30:00,NSE:VOLTAS,1018.3,1020.95,1012.0,1020.5,70314.0
2021-07-01 09:35:00,NSE:VOLTAS,1020.1,1023.85,1019.6,1023.0,12762.0
2021-07-01 09:40:00,NSE:VOLTAS,1022.6,1022.6,1020.1,1020.55,5224.0
2021-07-01 09:45:00,NSE:VOLTAS,1020.15,1020.15,1018.1,1019.0,4530.0
2021-07-01 09:50:00,NSE:VOLTAS,1019.05,1019.55,1018.4,1019.55,1851.0
2021-07-01 09:55:00,NSE:VOLTAS,1019.75,1019.8,1018.6,1018.6,2808.0
2021-07-01 10:00:00,NSE:VOLTAS,1018.5,1019.4,1018.5,1019.35,957.0
2021-07-01 10:05:00,NSE:VOLTAS,1019.2,1019.2,1018.5,1018.55,2076.0
2021-07-01 10:10:00,NSE:VOLTAS,1018.55,1018.75,1018.0,1018.0,3911.0
2021-07-01 10:15:00,NSE:VOLTAS,1018.0,1019.3,1018.0,1018.7,2594.0
2021-07-01 10:20:00,NSE:VOLTAS,1018.7,1021.55,1018.5,1020.55,4587.0
2021-07-01 10:25:00,NSE:VOLTAS,1020.6,1021.05,1018.9,1019.4,4592.0
2021-07-01 10:30:00,NSE:VOLTAS,1019.4,1019.4,1017.35,1017.85,3592.0
2021-07-01 10:35:00,NSE:VOLTAS,1017.85,1019.4,1017.65,1018.15,2486.0
2021-07-01 10:40:00,NSE:VOLTAS,1017.75,1018.2,1017.45,1017.75,934.0
2021-07-01 10:45:00,NSE:VOLTAS,1017.75,1018.05,1017.35,1017.8,1229.0
2021-07-01 10:50:00,NSE:VOLTAS,1017.9,1017.9,1016.9,1016.9,1550.0
2021-07-01 10:55:00,NSE:VOLTAS,1016.9,1019.35,1016.15,1018.0,3906.0
2021-07-01 11:00:00,NSE:VOLTAS,1018.0,1019.3,1017.6,1018.95,1269.0
2021-07-01 11:05:00,NSE:VOLTAS,1018.75,1019.4,1018.2,1019.4,995.0
2021-07-01 11:10:00,NSE:VOLTAS,1019.4,1019.9,1018.95,1019.9,646.0
2021-07-01 11:15:00,NSE:VOLTAS,1019.85,1020.0,1018.75,1019.9,734.0
2021-07-01 11:20:00,NSE:VOLTAS,1019.7,1019.9,1018.7,1018.8,980.0
2021-07-01 11:25:00,NSE:VOLTAS,1018.7,1019.0,1018.15,1018.15,1428.0
2021-07-01 11:30:00,NSE:VOLTAS,1018.4,1018.45,1017.85,1018.4,1391.0
2021-07-01 11:35:00,NSE:VOLTAS,1018.6,1018.7,1016.65,1016.75,2149.0
2021-07-01 11:40:00,NSE:VOLTAS,1016.7,1017.8,1016.7,1017.8,1204.0
2021-07-01 11:45:00,NSE:VOLTAS,1017.8,1017.8,1016.7,1017.15,466.0
2021-07-01 11:50:00,NSE:VOLTAS,1017.15,1017.5,1016.55,1016.95,1946.0
2021-07-01 11:55:00,NSE:VOLTAS,1016.55,1017.0,1016.1,1016.3,2694.0
2021-07-01 12:00:00,NSE:VOLTAS,1016.55,1018.15,1016.2,1016.9,4402.0
2021-07-01 12:05:00,NSE:VOLTAS,1016.95,1017.15,1016.05,1016.7,1817.0
2021-07-01 12:10:00,NSE:VOLTAS,1016.7,1017.15,1015.55,1015.85,6984.0
2021-07-01 12:15:00,NSE:VOLTAS,1016.0,1016.0,1014.05,1015.7,20470.0
2021-07-01 12:20:00,NSE:VOLTAS,1016.0,1016.0,1014.65,1015.0,5691.0
2021-07-01 12:25:00,NSE:VOLTAS,1015.05,1015.85,1015.0,1015.0,3915.0
2021-07-01 12:30:00,NSE:VOLTAS,1015.05,1015.45,1014.1,1015.15,10161.0
2021-07-01 12:35:00,NSE:VOLTAS,1015.0,1016.6,1014.5,1016.6,20859.0
2021-07-01 12:40:00,NSE:VOLTAS,1017.0,1017.25,1015.65,1016.2,5637.0
2021-07-01 12:45:00,NSE:VOLTAS,1016.15,1017.25,1015.95,1017.2,3419.0
2021-07-01 12:50:00,NSE:VOLTAS,1017.1,1018.75,1017.1,1017.65,4978.0
2021-07-01 12:55:00,NSE:VOLTAS,1017.8,1018.0,1017.0,1017.4,1420.0
2021-07-01 13:00:00,NSE:VOLTAS,1017.5,1018.5,1017.5,1018.0,2230.0
2021-07-01 13:05:00,NSE:VOLTAS,1018.3,1019.2,1018.05,1018.1,3562.0
2021-07-01 13:10:00,NSE:VOLTAS,1018.5,1019.4,1017.8,1018.05,3800.0
2021-07-01 13:15:00,NSE:VOLTAS,1018.1,1019.15,1017.9,1018.05,1941.0
2021-07-01 13:20:00,NSE:VOLTAS,1018.05,1019.3,1017.85,1019.3,2908.0
2021-07-01 13:25:00,NSE:VOLTAS,1019.45,1019.45,1017.2,1017.7,5770.0
2021-07-01 13:30:00,NSE:VOLTAS,1017.7,1018.15,1017.0,1017.15,4801.0
2021-07-01 13:35:00,NSE:VOLTAS,1017.05,1018.0,1016.65,1017.1,2937.0
2021-07-01 13:40:00,NSE:VOLTAS,1017.1,1018.0,1017.1,1017.25,1301.0
2021-07-01 13:45:00,NSE:VOLTAS,1017.25,1017.65,1016.2,1016.85,3428.0
2021-07-01 13:50:00,NSE:VOLTAS,1016.7,1017.45,1015.95,1017.45,3700.0
2021-07-01 13:55:00,NSE:VOLTAS,1017.45,1017.5,1016.6,1017.2,2561.0
2021-07-01 14:00:00,NSE:VOLTAS,1017.2,1017.75,1016.25,1017.75,5833.0
2021-07-01 14:05:00,NSE:VOLTAS,1017.1,1017.85,1016.45,1017.0,4320.0
2021-07-01 14:10:00,NSE:VOLTAS,1017.0,1017.9,1016.9,1017.15,3118.0
2021-07-01 14:15:00,NSE:VOLTAS,1017.1,1017.95,1016.8,1016.85,3299.0
2021-07-01 14:20:00,NSE:VOLTAS,1016.9,1017.95,1016.05,1017.95,12021.0
2021-07-01 14:25:00,NSE:VOLTAS,1017.6,1018.05,1016.7,1016.7,3783.0
2021-07-01 14:30:00,NSE:VOLTAS,1016.7,1017.95,1016.2,1016.65,16640.0
2021-07-01 14:35:00,NSE:VOLTAS,1016.2,1017.7,1016.2,1017.2,2840.0
2021-07-01 14:40:00,NSE:VOLTAS,1017.25,1017.65,1012.9,1013.85,19454.0
2021-07-01 14:45:00,NSE:VOLTAS,1013.55,1015.0,1013.5,1014.05,10085.0
2021-07-01 14:50:00,NSE:VOLTAS,1014.05,1014.45,1012.95,1013.6,12862.0
2021-07-01 14:55:00,NSE:VOLTAS,1013.7,1014.35,1012.7,1013.65,20573.0
2021-07-01 15:00:00,NSE:VOLTAS,1013.95,1014.45,1013.15,1013.6,12632.0
2021-07-01 15:05:00,NSE:VOLTAS,1014.1,1014.4,1012.5,1012.55,12564.0
2021-07-01 15:10:00,NSE:VOLTAS,1012.5,1013.65,1012.0,1013.05,13979.0
2021-07-01 15:15:00,NSE:VOLTAS,1013.0,1013.6,1012.1,1012.3,19303.0
2021-07-01 15:20:00,NSE:VOLTAS,1012.25,1013.9,1012.25,1013.35,18263.0
2021-07-01 15:25:00,NSE:VOLTAS,1013.35,1013.9,1012.0,1012.35,14723.0
2021-07-01 15:30:00,NSE:VOLTAS,1012.35,1012.35,1012.35,1012.35,10.0
2021-07-01 15:40:00,NSE:VOLTAS,1013.0,1013.0,1013.0,1013.0,3.0
2021-07-02 09:05:00,NSE:VOLTAS,1017.0,1017.0,1017.0,1017.0,1060.0
2021-07-02 09:15:00,NSE:VOLTAS,1013.0,1015.85,1009.0,1010.35,25968.0
2021-07-02 09:20:00,NSE:VOLTAS,1010.35,1010.35,1003.05,1004.65,29388.0
2021-07-02 09:25:00,NSE:VOLTAS,1004.05,1005.1,997.2,1002.0,56843.0
2021-07-02 09:30:00,NSE:VOLTAS,1002.25,1004.0,1002.0,1003.55,24645.0
2021-07-02 09:35:00,NSE:VOLTAS,1003.05,1005.0,1000.35,1004.55,12678.0
2021-07-02 09:40:00,NSE:VOLTAS,1004.0,1004.65,1001.55,1002.5,9937.0
2021-07-02 09:45:00,NSE:VOLTAS,1002.5,1004.0,1002.0,1003.85,7851.0
2021-07-02 09:50:00,NSE:VOLTAS,1003.5,1005.8,1002.65,1005.3,13034.0
2021-07-02 09:55:00,NSE:VOLTAS,1005.3,1011.8,1005.25,1009.6,26201.0
2021-07-02 10:00:00,NSE:VOLTAS,1009.75,1010.0,1007.45,1008.0,6882.0
2021-07-02 10:05:00,NSE:VOLTAS,1007.5,1007.75,1006.75,1007.0,5501.0
2021-07-02 10:10:00,NSE:VOLTAS,1007.15,1009.6,1006.6,1009.05,11125.0
2021-07-02 10:15:00,NSE:VOLTAS,1009.05,1010.8,1009.05,1010.0,11517.0
2021-07-02 10:20:00,NSE:VOLTAS,1010.0,1012.4,1009.6,1012.4,9249.0
2021-07-02 10:25:00,NSE:VOLTAS,1011.9,1013.0,1010.45,1013.0,6572.0
2021-07-02 10:30:00,NSE:VOLTAS,1012.55,1013.0,1010.2,1010.2,10826.0
2021-07-02 10:35:00,NSE:VOLTAS,1009.95,1009.95,1007.5,1008.25,14860.0
2021-07-02 10:40:00,NSE:VOLTAS,1007.8,1009.0,1006.8,1007.8,11507.0
2021-07-02 10:45:00,NSE:VOLTAS,1007.7,1009.0,1006.75,1008.0,5738.0
2021-07-02 10:50:00,NSE:VOLTAS,1008.65,1009.2,1007.85,1008.9,3124.0
2021-07-02 10:55:00,NSE:VOLTAS,1008.9,1010.95,1008.9,1009.35,9123.0
2021-07-02 11:00:00,NSE:VOLTAS,1009.8,1010.5,1009.0,1009.0,4297.0
2021-07-02 11:05:00,NSE:VOLTAS,1009.0,1009.25,1007.0,1007.0,5458.0
2021-07-02 11:10:00,NSE:VOLTAS,1007.0,1007.0,1005.6,1006.2,4272.0
2021-07-02 11:15:00,NSE:VOLTAS,1005.95,1007.2,1005.1,1006.95,11156.0
2021-07-02 11:20:00,NSE:VOLTAS,1007.7,1008.0,1006.0,1006.8,5305.0
2021-07-02 11:25:00,NSE:VOLTAS,1006.85,1007.3,1006.25,1006.65,4578.0
2021-07-02 11:30:00,NSE:VOLTAS,1006.7,1006.95,1005.6,1006.15,5028.0
2021-07-02 11:35:00,NSE:VOLTAS,1006.05,1007.5,1006.0,1006.5,3915.0
2021-07-02 11:40:00,NSE:VOLTAS,1006.5,1007.25,1006.1,1006.4,2977.0
2021-07-02 11:45:00,NSE:VOLTAS,1006.35,1007.75,1006.35,1007.4,2387.0
2021-07-02 11:50:00,NSE:VOLTAS,1007.8,1008.0,1006.85,1007.45,4435.0
2021-07-02 11:55:00,NSE:VOLTAS,1007.9,1009.0,1007.15,1007.65,5001.0
2021-07-02 12:00:00,NSE:VOLTAS,1007.6,1008.75,1007.6,1008.05,2739.0
2021-07-02 12:05:00,NSE:VOLTAS,1008.05,1008.9,1007.0,1007.15,5032.0
2021-07-02 12:10:00,NSE:VOLTAS,1007.05,1008.5,1007.0,1007.25,3047.0
2021-07-02 12:15:00,NSE:VOLTAS,1007.2,1008.1,1007.0,1008.1,4000.0
2021-07-02 12:20:00,NSE:VOLTAS,1007.95,1009.2,1006.85,1007.55,4679.0
2021-07-02 12:25:00,NSE:VOLTAS,1007.55,1008.65,1007.15,1008.0,3234.0
2021-07-02 12:30:00,NSE:VOLTAS,1008.0,1009.9,1008.0,1009.5,3135.0
2021-07-02 12:35:00,NSE:VOLTAS,1009.5,1009.7,1008.05,1008.9,6319.0
2021-07-02 12:40:00,NSE:VOLTAS,1008.55,1010.2,1008.25,1009.6,4313.0
2021-07-02 12:45:00,NSE:VOLTAS,1009.6,1010.5,1009.1,1010.2,3796.0
2021-07-02 12:50:00,NSE:VOLTAS,1010.2,1010.6,1009.05,1009.35,9182.0
2021-07-02 12:55:00,NSE:VOLTAS,1009.45,1011.0,1008.0,1009.7,14894.0
2021-07-02 13:00:00,NSE:VOLTAS,1009.6,1010.95,1008.3,1010.05,7531.0
2021-07-02 13:05:00,NSE:VOLTAS,1010.15,1010.4,1008.8,1008.8,4059.0
2021-07-02 13:10:00,NSE:VOLTAS,1008.8,1009.35,1008.7,1009.1,3482.0
2021-07-02 13:15:00,NSE:VOLTAS,1009.2,1010.3,1007.3,1007.5,4252.0
2021-07-02 13:20:00,NSE:VOLTAS,1007.5,1011.7,1007.5,1009.4,11520.0
2021-07-02 13:25:00,NSE:VOLTAS,1009.45,1009.45,1008.8,1009.1,3849.0
2021-07-02 13:30:00,NSE:VOLTAS,1009.15,1009.85,1009.1,1009.8,3082.0
2021-07-02 13:35:00,NSE:VOLTAS,1009.15,1011.35,1009.1,1010.0,8913.0
2021-07-02 13:40:00,NSE:VOLTAS,1010.1,1011.95,1009.9,1011.65,4409.0
2021-07-02 13:45:00,NSE:VOLTAS,1011.65,1011.9,1010.05,1010.05,9445.0
2021-07-02 13:50:00,NSE:VOLTAS,1010.05,1010.9,1009.5,1010.85,3845.0
2021-07-02 13:55:00,NSE:VOLTAS,1010.5,1011.65,1010.15,1010.45,4336.0
2021-07-02 14:00:00,NSE:VOLTAS,1010.45,1010.45,1008.05,1008.75,6782.0
2021-07-02 14:05:00,NSE:VOLTAS,1009.0,1011.65,1008.6,1010.8,9559.0
2021-07-02 14:10:00,NSE:VOLTAS,1010.8,1011.65,1010.4,1010.4,5634.0
2021-07-02 14:15:00,NSE:VOLTAS,1010.6,1011.6,1010.45,1011.1,6356.0
2021-07-02 14:20:00,NSE:VOLTAS,1011.05,1012.95,1009.5,1012.25,14056.0
2021-07-02 14:25:00,NSE:VOLTAS,1012.2,1014.95,1011.65,1013.95,14931.0
2021-07-02 14:30:00,NSE:VOLTAS,1013.35,1013.95,1012.1,1013.15,6269.0
2021-07-02 14:35:00,NSE:VOLTAS,1013.25,1013.55,1012.05,1012.3,3851.0
2021-07-02 14:40:00,NSE:VOLTAS,1012.45,1012.85,1010.7,1011.5,11167.0
2021-07-02 14:45:00,NSE:VOLTAS,1011.45,1012.0,1010.6,1011.5,4968.0
2021-07-02 14:50:00,NSE:VOLTAS,1011.5,1013.0,1011.45,1012.0,4057.0
2021-07-02 14:55:00,NSE:VOLTAS,1012.0,1013.3,1010.8,1012.3,6855.0
2021-07-02 15:00:00,NSE:VOLTAS,1012.25,1012.4,1011.1,1011.95,9584.0
2021-07-02 15:05:00,NSE:VOLTAS,1011.95,1013.25,1011.85,1012.8,9765.0
2021-07-02 15:10:00,NSE:VOLTAS,1012.35,1015.0,1012.35,1014.55,12727.0
2021-07-02 15:15:00,NSE:VOLTAS,1014.75,1016.3,1013.25,1013.25,21131.0
2021-07-02 15:20:00,NSE:VOLTAS,1013.6,1015.6,1013.3,1013.55,30869.0
2021-07-02 15:25:00,NSE:VOLTAS,1013.45,1014.85,1010.7,1013.0,8986.0
2021-07-02 15:40:00,NSE:VOLTAS,1013.9,1013.9,1013.9,1013.9,20.0
2021-07-05 09:05:00,NSE:VOLTAS,1018.2,1018.2,1018.2,1018.2,243.0
2021-07-05 09:15:00,NSE:VOLTAS,1019.35,1022.55,1016.9,1020.0,18836.0
2021-07-05 09:20:00,NSE:VOLTAS,1020.0,1022.4,1019.8,1021.0,13073.0
2021-07-05 09:25:00,NSE:VOLTAS,1020.8,1020.8,1018.0,1019.1,8430.0
2021-07-05 09:30:00,NSE:VOLTAS,1019.6,1021.0,1018.65,1019.0,6518.0
2021-07-05 09:35:00,NSE:VOLTAS,1019.7,1020.0,1018.05,1019.0,3905.0
2021-07-05 09:40:00,NSE:VOLTAS,1019.0,1021.35,1019.0,1020.8,3861.0
2021-07-05 09:45:00,NSE:VOLTAS,1020.1,1020.5,1018.9,1018.95,1741.0
2021-07-05 09:50:00,NSE:VOLTAS,1018.95,1018.95,1017.5,1018.6,3396.0
2021-07-05 09:55:00,NSE:VOLTAS,1018.2,1018.5,1017.5,1017.6,1451.0
2021-07-05 10:00:00,NSE:VOLTAS,1017.7,1018.5,1017.5,1018.0,2231.0
2021-07-05 10:05:00,NSE:VOLTAS,1018.5,1019.9,1018.0,1019.55,2432.0
2021-07-05 10:10:00,NSE:VOLTAS,1019.55,1021.65,1019.0,1021.05,3747.0
2021-07-05 10:15:00,NSE:VOLTAS,1020.5,1021.2,1019.65,1021.2,3689.0
2021-07-05 10:20:00,NSE:VOLTAS,1020.25,1020.75,1019.5,1019.5,952.0
2021-07-05 10:25:00,NSE:VOLTAS,1019.85,1021.0,1019.15,1019.8,2934.0
2021-07-05 10:30:00,NSE:VOLTAS,1020.45,1020.7,1020.0,1020.5,1770.0
2021-07-05 10:35:00,NSE:VOLTAS,1020.45,1020.6,1019.8,1020.35,1475.0
2021-07-05 10:40:00,NSE:VOLTAS,1020.4,1020.45,1019.05,1019.1,4806.0
2021-07-05 10:45:00,NSE:VOLTAS,1019.15,1019.7,1018.35,1019.2,2441.0
2021-07-05 10:50:00,NSE:VOLTAS,1019.7,1021.0,1019.2,1021.0,2149.0
2021-07-05 10:55:00,NSE:VOLTAS,1021.0,1024.45,1020.9,1022.3,15984.0
2021-07-05 11:00:00,NSE:VOLTAS,1021.3,1022.55,1019.5,1019.65,8683.0
2021-07-05 11:05:00,NSE:VOLTAS,1019.65,1020.2,1014.8,1015.1,13293.0
2021-07-05 11:10:00,NSE:VOLTAS,1015.8,1017.5,1014.75,1015.0,13056.0
2021-07-05 11:15:00,NSE:VOLTAS,1015.0,1016.45,1013.75,1014.95,19498.0
2021-07-05 11:20:00,NSE:VOLTAS,1015.45,1015.8,1014.45,1015.2,2763.0
2021-07-05 11:25:00,NSE:VOLTAS,1015.25,1016.0,1015.05,1015.35,1542.0
2021-07-05 11:30:00,NSE:VOLTAS,1015.95,1016.2,1015.3,1015.45,2137.0
2021-07-05 11:35:00,NSE:VOLTAS,1016.0,1016.9,1015.5,1016.1,4272.0
2021-07-05 11:40:00,NSE:VOLTAS,1016.65,1017.4,1016.25,1017.4,1837.0
2021-07-05 11:45:00,NSE:VOLTAS,1017.4,1017.4,1015.2,1015.55,4453.0
2021-07-05 11:50:00,NSE:VOLTAS,1015.9,1015.9,1015.0,1015.15,6185.0
2021-07-05 11:55:00,NSE:VOLTAS,1015.15,1015.8,1015.15,1015.3,1661.0
2021-07-05 12:00:00,NSE:VOLTAS,1015.05,1016.35,1013.7,1015.4,10861.0
2021-07-05 12:05:00,NSE:VOLTAS,1015.0,1016.95,1014.9,1016.95,4369.0
2021-07-05 12:10:00,NSE:VOLTAS,1016.95,1018.2,1016.0,1017.25,5924.0
2021-07-05 12:15:00,NSE:VOLTAS,1017.25,1017.25,1015.8,1015.85,1646.0
2021-07-05 12:20:00,NSE:VOLTAS,1015.8,1017.55,1015.8,1017.2,3040.0
2021-07-05 12:25:00,NSE:VOLTAS,1016.6,1017.2,1015.85,1016.5,3185.0
2021-07-05 12:30:00,NSE:VOLTAS,1017.0,1017.25,1016.1,1016.65,1049.0
2021-07-05 12:35:00,NSE:VOLTAS,1016.65,1016.9,1015.65,1016.1,710.0
2021-07-05 12:40:00,NSE:VOLTAS,1016.1,1016.25,1015.5,1015.65,560.0
2021-07-05 12:45:00,NSE:VOLTAS,1015.55,1016.9,1015.55,1016.4,1048.0
2021-07-05 12:50:00,NSE:VOLTAS,1016.35,1017.15,1016.0,1016.0,11068.0
2021-07-05 12:55:00,NSE:VOLTAS,1016.0,1016.55,1016.0,1016.4,730.0
2021-07-05 13:00:00,NSE:VOLTAS,1016.0,1016.7,1016.0,1016.05,708.0
2021-07-05 13:05:00,NSE:VOLTAS,1016.5,1017.05,1016.1,1016.4,2335.0
2021-07-05 13:10:00,NSE:VOLTAS,1016.8,1016.8,1016.0,1016.5,675.0
2021-07-05 13:15:00,NSE:VOLTAS,1016.45,1016.45,1015.75,1015.75,976.0
2021-07-05 13:20:00,NSE:VOLTAS,1016.4,1016.6,1013.85,1015.8,6490.0
2021-07-05 13:25:00,NSE:VOLTAS,1015.85,1016.1,1014.7,1015.05,8220.0
2021-07-05 13:30:00,NSE:VOLTAS,1015.5,1016.5,1014.95,1014.95,7995.0
2021-07-05 13:35:00,NSE:VOLTAS,1015.45,1016.2,1014.95,1015.0,2276.0
2021-07-05 13:40:00,NSE:VOLTAS,1015.8,1016.0,1014.65,1014.65,3970.0
2021-07-05 13:45:00,NSE:VOLTAS,1015.15,1015.7,1014.0,1015.25,7392.0
2021-07-05 13:50:00,NSE:VOLTAS,1015.25,1015.7,1014.0,1014.1,7979.0
2021-07-05 13:55:00,NSE:VOLTAS,1014.1,1015.2,1014.0,1014.0,6186.0
2021-07-05 14:00:00,NSE:VOLTAS,1014.0,1014.9,1013.75,1014.0,8421.0
2021-07-05 14:05:00,NSE:VOLTAS,1013.95,1015.2,1013.85,1013.85,7002.0
2021-07-05 14:10:00,NSE:VOLTAS,1013.85,1014.8,1013.3,1013.65,7324.0
2021-07-05 14:15:00,NSE:VOLTAS,1013.65,1014.25,1012.95,1014.2,8160.0
2021-07-05 14:20:00,NSE:VOLTAS,1014.1,1014.25,1012.9,1013.2,6422.0
2021-07-05 14:25:00,NSE:VOLTAS,1013.0,1013.7,1012.9,1013.1,5253.0
2021-07-05 14:30:00,NSE:VOLTAS,1013.1,1016.0,1013.0,1014.75,10015.0
2021-07-05 14:35:00,NSE:VOLTAS,1015.0,1015.8,1014.6,1014.75,6465.0
2021-07-05 14:40:00,NSE:VOLTAS,1014.75,1015.75,1014.65,1014.75,9438.0
2021-07-05 14:45:00,NSE:VOLTAS,1014.75,1016.0,1013.0,1013.7,36793.0
2021-07-05 14:50:00,NSE:VOLTAS,1013.7,1013.7,1012.8,1013.0,6705.0
2021-07-05 14:55:00,NSE:VOLTAS,1013.4,1013.9,1013.0,1013.8,4227.0
2021-07-05 15:00:00,NSE:VOLTAS,1013.5,1014.5,1013.15,1014.0,17248.0
2021-07-05 15:05:00,NSE:VOLTAS,1013.8,1014.5,1013.15,1013.8,11263.0
2021-07-05 15:10:00,NSE:VOLTAS,1013.55,1014.45,1013.05,1013.8,9926.0
2021-07-05 15:15:00,NSE:VOLTAS,1013.85,1014.5,1013.45,1014.5,19425.0
2021-07-05 15:20:00,NSE:VOLTAS,1014.5,1016.0,1014.0,1016.0,25273.0
2021-07-05 15:25:00,NSE:VOLTAS,1016.0,1016.0,1015.0,1016.0,24802.0
2021-07-06 09:05:00,NSE:VOLTAS,1016.4,1016.4,1016.4,1016.4,488.0
2021-07-06 09:15:00,NSE:VOLTAS,1019.2,1020.8,1017.2,1017.45,21292.0
2021-07-06 09:20:00,NSE:VOLTAS,1017.8,1019.8,1017.0,1018.45,5187.0
2021-07-06 09:25:00,NSE:VOLTAS,1018.3,1018.9,1015.25,1017.2,8489.0
2021-07-06 09:30:00,NSE:VOLTAS,1017.2,1018.5,1016.4,1017.7,4014.0
2021-07-06 09:35:00,NSE:VOLTAS,1017.25,1019.35,1017.25,1018.5,3038.0
2021-07-06 09:40:00,NSE:VOLTAS,1018.5,1019.0,1015.45,1017.4,6985.0
2021-07-06 09:45:00,NSE:VOLTAS,1016.35,1018.5,1016.0,1018.5,4073.0
2021-07-06 09:50:00,NSE:VOLTAS,1018.5,1018.85,1018.0,1018.35,1082.0
2021-07-06 09:55:00,NSE:VOLTAS,1018.35,1018.35,1016.5,1016.5,2305.0
2021-07-06 10:00:00,NSE:VOLTAS,1016.95,1016.95,1015.0,1015.7,4294.0
2021-07-06 10:05:00,NSE:VOLTAS,1016.25,1016.9,1015.45,1015.5,924.0
2021-07-06 10:10:00,NSE:VOLTAS,1015.9,1015.9,1014.2,1014.25,2504.0
2021-07-06 10:15:00,NSE:VOLTAS,1014.25,1016.9,1014.25,1016.9,6518.0
2021-07-06 10:20:00,NSE:VOLTAS,1016.35,1017.75,1016.15,1016.6,3169.0
2021-07-06 10:25:00,NSE:VOLTAS,1016.9,1017.45,1016.45,1016.45,1455.0
2021-07-06 10:30:00,NSE:VOLTAS,1016.95,1018.45,1016.35,1018.05,1835.0
2021-07-06 10:35:00,NSE:VOLTAS,1018.45,1020.1,1017.65,1018.5,12882.0
2021-07-06 10:40:00,NSE:VOLTAS,1018.45,1018.6,1017.55,1017.75,1842.0
2021-07-06 10:45:00,NSE:VOLTAS,1017.75,1019.0,1017.2,1019.0,2966.0
2021-07-06 10:50:00,NSE:VOLTAS,1019.0,1019.5,1017.75,1019.05,2308.0
2021-07-06 10:55:00,NSE:VOLTAS,1018.85,1019.1,1018.25,1018.4,978.0
2021-07-06 11:00:00,NSE:VOLTAS,1018.25,1019.1,1018.25,1018.9,1529.0
2021-07-06 11:05:00,NSE:VOLTAS,1018.5,1022.0,1018.5,1021.9,14849.0
2021-07-06 11:10:00,NSE:VOLTAS,1021.95,1022.0,1021.0,1021.0,3580.0
2021-07-06 11:15:00,NSE:VOLTAS,1021.0,1022.95,1021.0,1022.8,9557.0
2021-07-06 11:20:00,NSE:VOLTAS,1022.35,1023.95,1022.05,1022.75,6670.0
2021-07-06 11:25:00,NSE:VOLTAS,1022.5,1024.0,1022.2,1022.55,8425.0
2021-07-06 11:30:00,NSE:VOLTAS,1022.45,1023.25,1022.05,1022.7,8223.0
2021-07-06 11:35:00,NSE:VOLTAS,1022.65,1023.3,1022.1,1022.35,5772.0
2021-07-06 11:40:00,NSE:VOLTAS,1022.1,1022.85,1019.95,1020.0,10108.0
2021-07-06 11:45:00,NSE:VOLTAS,1019.8,1020.65,1018.65,1019.0,8135.0
2021-07-06 11:50:00,NSE:VOLTAS,1020.2,1020.45,1018.8,1018.8,13614.0
2021-07-06 11:55:00,NSE:VOLTAS,1018.05,1019.8,1017.9,1019.8,4053.0
2021-07-06 12:00:00,NSE:VOLTAS,1019.4,1020.5,1019.1,1020.1,6314.0
2021-07-06 12:05:00,NSE:VOLTAS,1020.2,1020.9,1018.7,1019.05,7889.0
2021-07-06 12:10:00,NSE:VOLTAS,1019.6,1021.0,1019.3,1020.9,3275.0
2021-07-06 12:15:00,NSE:VOLTAS,1020.95,1022.2,1020.55,1021.7,5177.0
2021-07-06 12:20:00,NSE:VOLTAS,1021.7,1022.35,1021.05,1021.05,3448.0
2021-07-06 12:25:00,NSE:VOLTAS,1021.0,1022.6,1020.45,1021.35,3183.0
2021-07-06 12:30:00,NSE:VOLTAS,1021.35,1022.0,1019.75,1019.75,6993.0
2021-07-06 12:35:00,NSE:VOLTAS,1019.8,1020.9,1019.15,1020.9,3792.0
2021-07-06 12:40:00,NSE:VOLTAS,1020.8,1022.15,1019.8,1022.15,10899.0
2021-07-06 12:45:00,NSE:VOLTAS,1021.8,1023.8,1021.55,1023.2,7901.0
2021-07-06 12:50:00,NSE:VOLTAS,1023.65,1024.0,1022.25,1023.35,11020.0
2021-07-06 12:55:00,NSE:VOLTAS,1024.0,1024.9,1022.65,1024.9,13922.0
2021-07-06 13:00:00,NSE:VOLTAS,1024.95,1027.85,1024.4,1027.5,30046.0
2021-07-06 13:05:00,NSE:VOLTAS,1027.9,1028.2,1026.2,1026.2,9502.0
2021-07-06 13:10:00,NSE:VOLTAS,1026.2,1026.65,1024.0,1024.0,10814.0
2021-07-06 13:15:00,NSE:VOLTAS,1024.0,1025.2,1024.0,1025.0,5715.0
2021-07-06 13:20:00,NSE:VOLTAS,1025.0,1025.0,1023.45,1024.1,8854.0
2021-07-06 13:25:00,NSE:VOLTAS,1024.05,1025.75,1024.05,1024.9,5880.0
2021-07-06 13:30:00,NSE:VOLTAS,1025.0,1025.65,1024.1,1025.5,4188.0
2021-07-06 13:35:00,NSE:VOLTAS,1025.5,1026.25,1024.45,1024.95,6843.0
2021-07-06 13:40:00,NSE:VOLTAS,1025.2,1026.25,1025.1,1025.6,2927.0
2021-07-06 13:45:00,NSE:VOLTAS,1025.6,1025.7,1023.7,1024.75,10708.0
2021-07-06 13:50:00,NSE:VOLTAS,1024.8,1025.55,1021.9,1022.35,14211.0
2021-07-06 13:55:00,NSE:VOLTAS,1022.35,1023.0,1021.35,1022.05,7223.0
2021-07-06 14:00:00,NSE:VOLTAS,1021.95,1023.2,1021.6,1022.0,5192.0
2021-07-06 14:05:00,NSE:VOLTAS,1022.05,1022.5,1020.9,1021.6,8390.0
2021-07-06 14:10:00,NSE:VOLTAS,1021.6,1021.8,1019.5,1021.0,9103.0
2021-07-06 14:15:00,NSE:VOLTAS,1020.95,1021.65,1020.0,1020.6,4297.0
2021-07-06 14:20:00,NSE:VOLTAS,1020.15,1020.15,1017.4,1018.6,9763.0
2021-07-06 14:25:00,NSE:VOLTAS,1018.55,1019.3,1016.0,1016.0,15718.0
2021-07-06 14:30:00,NSE:VOLTAS,1016.35,1016.5,1013.0,1013.3,10221.0
2021-07-06 14:35:00,NSE:VOLTAS,1013.3,1015.7,1012.0,1012.1,12663.0
2021-07-06 14:40:00,NSE:VOLTAS,1012.6,1014.95,1011.8,1014.8,8647.0
2021-07-06 14:45:00,NSE:VOLTAS,1014.45,1016.5,1013.75,1014.05,13293.0
2021-07-06 14:50:00,NSE:VOLTAS,1014.05,1016.35,1014.0,1015.15,10742.0
2021-07-06 14:55:00,NSE:VOLTAS,1014.7,1015.2,1013.2,1013.35,10609.0
2021-07-06 15:00:00,NSE:VOLTAS,1013.35,1015.85,1013.0,1014.0,12045.0
2021-07-06 15:05:00,NSE:VOLTAS,1014.55,1014.85,1011.15,1012.25,13628.0
2021-07-06 15:10:00,NSE:VOLTAS,1012.2,1013.0,1012.0,1012.05,10240.0
2021-07-06 15:15:00,NSE:VOLTAS,1012.05,1014.15,1012.05,1013.0,22031.0
2021-07-06 15:20:00,NSE:VOLTAS,1013.0,1014.45,1011.95,1013.25,26772.0
2021-07-06 15:25:00,NSE:VOLTAS,1012.9,1014.15,1009.75,1012.0,25953.0
2021-07-06 15:40:00,NSE:VOLTAS,1012.6,1012.6,1012.6,1012.6,15.0
2021-07-07 09:05:00,NSE:VOLTAS,1012.6,1012.6,1012.6,1012.6,1375.0
2021-07-07 09:15:00,NSE:VOLTAS,1013.0,1016.65,1006.75,1016.45,18703.0
2021-07-07 09:20:00,NSE:VOLTAS,1016.4,1016.4,1012.2,1013.95,5880.0
2021-07-07 09:25:00,NSE:VOLTAS,1014.35,1014.55,1012.35,1013.0,8248.0
2021-07-07 09:30:00,NSE:VOLTAS,1013.35,1014.8,1012.2,1014.0,4449.0
2021-07-07 09:35:00,NSE:VOLTAS,1014.4,1014.7,1013.2,1013.6,3819.0
2021-07-07 09:40:00,NSE:VOLTAS,1013.5,1013.5,1009.25,1011.2,12393.0
2021-07-07 09:45:00,NSE:VOLTAS,1011.2,1011.4,1007.65,1008.8,10332.0
2021-07-07 09:50:00,NSE:VOLTAS,1008.8,1010.35,1008.0,1009.6,5591.0
2021-07-07 09:55:00,NSE:VOLTAS,1009.6,1011.6,1009.05,1010.4,3865.0
2021-07-07 10:00:00,NSE:VOLTAS,1010.75,1010.75,1009.85,1010.0,1525.0
2021-07-07 10:05:00,NSE:VOLTAS,1010.7,1011.8,1009.9,1011.0,2289.0
2021-07-07 10:10:00,NSE:VOLTAS,1011.35,1011.55,1010.25,1011.1,1645.0
2021-07-07 10:15:00,NSE:VOLTAS,1011.3,1012.8,1010.9,1012.25,1922.0
2021-07-07 10:20:00,NSE:VOLTAS,1012.75,1015.3,1012.25,1015.0,9649.0
2021-07-07 10:25:00,NSE:VOLTAS,1014.55,1014.95,1013.45,1014.0,1587.0
2021-07-07 10:30:00,NSE:VOLTAS,1013.25,1013.9,1011.95,1011.95,1238.0
2021-07-07 10:35:00,NSE:VOLTAS,1012.35,1015.0,1011.95,1013.9,3565.0
2021-07-07 10:40:00,NSE:VOLTAS,1014.4,1014.6,1013.25,1014.55,1578.0
2021-07-07 10:45:00,NSE:VOLTAS,1014.0,1014.55,1013.25,1013.9,723.0
2021-07-07 10:50:00,NSE:VOLTAS,1014.15,1015.45,1013.7,1014.25,1911.0
2021-07-07 10:55:00,NSE:VOLTAS,1014.8,1014.8,1013.25,1013.6,920.0
2021-07-07 11:00:00,NSE:VOLTAS,1013.2,1013.45,1012.65,1013.4,1344.0
2021-07-07 11:05:00,NSE:VOLTAS,1012.95,1014.05,1012.95,1013.1,1574.0
2021-07-07 11:10:00,NSE:VOLTAS,1013.1,1013.8,1011.4,1011.8,2900.0
2021-07-07 11:15:00,NSE:VOLTAS,1011.75,1012.55,1011.55,1011.8,2376.0
2021-07-07 11:20:00,NSE:VOLTAS,1011.8,1012.6,1011.1,1011.8,2777.0
2021-07-07 11:25:00,NSE:VOLTAS,1011.4,1012.55,1011.35,1011.35,3028.0
2021-07-07 11:30:00,NSE:VOLTAS,1012.1,1012.1,1010.05,1010.5,6276.0
2021-07-07 11:35:00,NSE:VOLTAS,1010.5,1010.9,1010.15,1010.45,2050.0
2021-07-07 11:40:00,NSE:VOLTAS,1010.4,1010.95,1010.25,1010.5,370.0
2021-07-07 11:45:00,NSE:VOLTAS,1010.5,1012.0,1010.5,1011.3,1112.0
2021-07-07 11:50:00,NSE:VOLTAS,1011.35,1011.7,1006.05,1007.0,42273.0
2021-07-07 11:55:00,NSE:VOLTAS,1007.45,1008.0,1005.05,1006.0,56994.0
2021-07-07 12:00:00,NSE:VOLTAS,1005.75,1009.25,1005.55,1008.45,12660.0
2021-07-07 12:05:00,NSE:VOLTAS,1008.0,1009.0,1007.25,1008.15,9404.0
2021-07-07 12:10:00,NSE:VOLTAS,1007.85,1008.25,1007.2,1008.25,4400.0
2021-07-07 12:15:00,NSE:VOLTAS,1008.5,1008.5,1005.5,1006.15,10551.0
2021-07-07 12:20:00,NSE:VOLTAS,1006.75,1007.2,1006.0,1006.65,5763.0
2021-07-07 12:25:00,NSE:VOLTAS,1006.65,1007.35,1005.9,1006.0,10222.0
2021-07-07 12:30:00,NSE:VOLTAS,1006.1,1006.45,1004.15,1005.05,19402.0
2021-07-07 12:35:00,NSE:VOLTAS,1004.7,1005.0,1004.05,1004.9,12734.0
2021-07-07 12:40:00,NSE:VOLTAS,1004.35,1005.45,1004.3,1005.1,12018.0
2021-07-07 12:45:00,NSE:VOLTAS,1005.6,1005.6,1004.55,1004.6,6861.0
2021-07-07 12:50:00,NSE:VOLTAS,1004.65,1005.0,1004.4,1004.5,13199.0
2021-07-07 12:55:00,NSE:VOLTAS,1004.5,1005.3,1004.5,1005.15,8580.0
2021-07-07 13:00:00,NSE:VOLTAS,1005.15,1005.15,1004.0,1004.7,10192.0
2021-07-07 13:05:00,NSE:VOLTAS,1004.55,1005.0,1004.5,1004.7,5175.0
2021-07-07 13:10:00,NSE:VOLTAS,1004.7,1005.9,1004.05,1005.75,11413.0
2021-07-07 13:15:00,NSE:VOLTAS,1005.75,1005.75,1004.0,1004.0,7535.0
2021-07-07 13:20:00,NSE:VOLTAS,1004.0,1005.5,1003.15,1005.25,10331.0
2021-07-07 13:25:00,NSE:VOLTAS,1005.25,1005.5,1003.7,1004.45,5546.0
2021-07-07 13:30:00,NSE:VOLTAS,1004.45,1005.35,1003.85,1003.85,4178.0
2021-07-07 13:35:00,NSE:VOLTAS,1004.0,1004.7,1003.85,1004.0,3485.0
2021-07-07 13:40:00,NSE:VOLTAS,1004.0,1005.95,1004.0,1005.35,5237.0
2021-07-07 13:45:00,NSE:VOLTAS,1005.4,1005.95,1005.0,1005.95,5001.0
2021-07-07 13:50:00,NSE:VOLTAS,1005.8,1007.3,1005.5,1006.95,13406.0
2021-07-07 13:55:00,NSE:VOLTAS,1006.85,1006.95,1005.6,1006.15,8541.0
2021-07-07 14:00:00,NSE:VOLTAS,1005.75,1006.95,1005.75,1006.7,3402.0
2021-07-07 14:05:00,NSE:VOLTAS,1006.75,1007.95,1005.55,1007.1,10416.0
2021-07-07 14:10:00,NSE:VOLTAS,1006.55,1007.5,1006.3,1007.15,4154.0
2021-07-07 14:15:00,NSE:VOLTAS,1007.15,1008.95,1007.15,1008.05,10311.0
2021-07-07 14:20:00,NSE:VOLTAS,1008.05,1008.05,1006.5,1007.1,8249.0
2021-07-07 14:25:00,NSE:VOLTAS,1007.1,1009.05,1006.8,1007.55,7729.0
2021-07-07 14:30:00,NSE:VOLTAS,1007.1,1007.65,1005.25,1005.4,12743.0
2021-07-07 14:35:00,NSE:VOLTAS,1005.55,1007.0,1005.55,1005.8,12063.0
2021-07-07 14:40:00,NSE:VOLTAS,1006.0,1006.55,1004.75,1005.0,13188.0
2021-07-07 14:45:00,NSE:VOLTAS,1005.0,1005.2,1004.0,1004.7,24434.0
2021-07-07 14:50:00,NSE:VOLTAS,1005.0,1006.25,1004.3,1004.4,17510.0
2021-07-07 14:55:00,NSE:VOLTAS,1004.5,1005.5,1004.0,1004.55,10215.0
2021-07-07 15:00:00,NSE:VOLTAS,1005.0,1006.15,1004.55,1005.25,28522.0
2021-07-07 15:05:00,NSE:VOLTAS,1005.0,1005.5,1004.65,1005.1,27918.0
2021-07-07 15:10:00,NSE:VOLTAS,1005.2,1005.7,1004.6,1005.25,26087.0
2021-07-07 15:15:00,NSE:VOLTAS,1005.0,1005.5,1004.7,1005.0,28363.0
2021-07-07 15:20:00,NSE:VOLTAS,1005.0,1006.9,1004.8,1006.5,66319.0
2021-07-07 15:25:00,NSE:VOLTAS,1006.8,1009.4,1006.05,1006.05,25315.0
2021-07-07 15:30:00,NSE:VOLTAS,1008.0,1008.0,1008.0,1008.0,3.0
2021-07-07 15:40:00,NSE:VOLTAS,1005.5,1005.5,1005.5,1005.5,128.0
2021-07-08 09:05:00,NSE:VOLTAS,1012.0,1012.0,1012.0,1012.0,1365.0
2021-07-08 09:15:00,NSE:VOLTAS,1012.0,1012.0,1006.3,1010.0,24546.0
2021-07-08 09:20:00,NSE:VOLTAS,1010.15,1014.5,1007.3,1011.9,16932.0
2021-07-08 09:25:00,NSE:VOLTAS,1012.45,1012.85,1010.25,1010.9,8368.0
2021-07-08 09:30:00,NSE:VOLTAS,1010.9,1013.0,1010.0,1011.2,7621.0
2021-07-08 09:35:00,NSE:VOLTAS,1011.2,1012.4,1010.2,1010.5,4130.0
2021-07-08 09:40:00,NSE:VOLTAS,1010.75,1014.2,1009.45,1014.2,17884.0
2021-07-08 09:45:00,NSE:VOLTAS,1014.1,1019.0,1012.75,1017.7,53896.0
2021-07-08 09:50:00,NSE:VOLTAS,1017.7,1020.85,1015.5,1020.2,36278.0
2021-07-08 09:55:00,NSE:VOLTAS,1020.35,1021.95,1018.5,1020.0,31441.0
2021-07-08 10:00:00,NSE:VOLTAS,1020.45,1023.65,1020.0,1020.5,29292.0
2021-07-08 10:05:00,NSE:VOLTAS,1020.4,1021.5,1019.0,1020.9,18918.0
2021-07-08 10:10:00,NSE:VOLTAS,1020.1,1022.65,1019.5,1022.35,12147.0
2021-07-08 10:15:00,NSE:VOLTAS,1022.25,1023.7,1019.45,1020.75,18960.0
2021-07-08 10:20:00,NSE:VOLTAS,1020.75,1021.0,1019.25,1019.25,9324.0
2021-07-08 10:25:00,NSE:VOLTAS,1019.45,1021.5,1019.1,1019.6,8856.0
2021-07-08 10:30:00,NSE:VOLTAS,1019.7,1022.8,1018.55,1022.15,15213.0
2021-07-08 10:35:00,NSE:VOLTAS,1022.15,1024.8,1021.65,1023.0,32439.0
2021-07-08 10:40:00,NSE:VOLTAS,1023.0,1023.9,1022.3,1023.0,8808.0
2021-07-08 10:45:00,NSE:VOLTAS,1022.95,1023.2,1020.7,1021.0,6174.0
2021-07-08 10:50:00,NSE:VOLTAS,1020.9,1021.35,1018.4,1018.5,10007.0
2021-07-08 10:55:00,NSE:VOLTAS,1018.5,1019.2,1018.0,1018.0,11821.0
2021-07-08 11:00:00,NSE:VOLTAS,1018.5,1018.5,1016.6,1017.45,10049.0
2021-07-08 11:05:00,NSE:VOLTAS,1017.35,1017.4,1015.55,1016.45,12365.0
2021-07-08 11:10:00,NSE:VOLTAS,1016.45,1016.45,1015.5,1016.05,7293.0
2021-07-08 11:15:00,NSE:VOLTAS,1015.65,1019.6,1015.55,1019.6,11991.0
2021-07-08 11:20:00,NSE:VOLTAS,1019.6,1021.0,1019.5,1020.55,8923.0
2021-07-08 11:25:00,NSE:VOLTAS,1020.0,1021.8,1019.6,1020.9,10521.0
2021-07-08 11:30:00,NSE:VOLTAS,1021.3,1021.65,1020.9,1021.35,3632.0
2021-07-08 11:35:00,NSE:VOLTAS,1021.85,1022.5,1020.9,1022.1,15192.0
2021-07-08 11:40:00,NSE:VOLTAS,1022.3,1022.75,1021.5,1021.95,9498.0
2021-07-08 11:45:00,NSE:VOLTAS,1021.9,1022.5,1021.1,1022.5,8725.0
2021-07-08 11:50:00,NSE:VOLTAS,1022.05,1022.95,1021.9,1022.6,4134.0
2021-07-08 11:55:00,NSE:VOLTAS,1023.0,1023.4,1022.6,1023.05,13655.0
2021-07-08 12:00:00,NSE:VOLTAS,1023.0,1023.1,1019.4,1020.0,21524.0
2021-07-08 12:05:00,NSE:VOLTAS,1019.05,1019.6,1017.7,1018.7,12133.0
2021-07-08 12:10:00,NSE:VOLTAS,1018.7,1019.15,1016.3,1016.55,8743.0
2021-07-08 12:15:00,NSE:VOLTAS,1016.85,1016.85,1015.0,1015.0,10757.0
2021-07-08 12:20:00,NSE:VOLTAS,1015.3,1017.2,1015.0,1017.0,7712.0
2021-07-08 12:25:00,NSE:VOLTAS,1017.1,1019.0,1016.75,1016.8,5736.0
2021-07-08 12:30:00,NSE:VOLTAS,1016.8,1017.25,1016.0,1016.0,3791.0
2021-07-08 12:35:00,NSE:VOLTAS,1016.3,1017.0,1015.05,1016.4,6363.0
2021-07-08 12:40:00,NSE:VOLTAS,1016.6,1016.75,1015.1,1015.9,3930.0
2021-07-08 12:45:00,NSE:VOLTAS,1015.95,1016.4,1015.1,1016.3,5007.0
2021-07-08 12:50:00,NSE:VOLTAS,1015.6,1016.15,1015.1,1015.1,2646.0
2021-07-08 12:55:00,NSE:VOLTAS,1015.2,1015.65,1015.0,1015.0,3566.0
2021-07-08 13:00:00,NSE:VOLTAS,1015.0,1015.2,1013.0,1013.95,10215.0
2021-07-08 13:05:00,NSE:VOLTAS,1014.3,1014.85,1013.9,1014.85,4519.0
2021-07-08 13:10:00,NSE:VOLTAS,1015.0,1015.4,1014.0,1014.0,2123.0
2021-07-08 13:15:00,NSE:VOLTAS,1014.0,1014.35,1012.1,1012.8,7519.0
2021-07-08 13:20:00,NSE:VOLTAS,1012.25,1012.7,1011.4,1011.85,6770.0
2021-07-08 13:25:00,NSE:VOLTAS,1011.4,1013.95,1011.4,1013.6,4675.0
2021-07-08 13:30:00,NSE:VOLTAS,1013.2,1013.5,1012.0,1012.1,2436.0
2021-07-08 13:35:00,NSE:VOLTAS,1012.05,1012.5,1011.1,1011.5,3976.0
2021-07-08 13:40:00,NSE:VOLTAS,1011.5,1012.5,1011.2,1012.5,2290.0
2021-07-08 13:45:00,NSE:VOLTAS,1012.5,1012.9,1011.95,1012.4,4364.0
2021-07-08 13:50:00,NSE:VOLTAS,1011.8,1011.9,1010.2,1010.45,3579.0
2021-07-08 13:55:00,NSE:VOLTAS,1010.2,1011.1,1009.15,1009.6,5527.0
2021-07-08 14:00:00,NSE:VOLTAS,1009.1,1009.5,1008.0,1008.35,18858.0
2021-07-08 14:05:00,NSE:VOLTAS,1008.85,1009.15,1008.0,1008.8,8258.0
2021-07-08 14:10:00,NSE:VOLTAS,1008.6,1010.45,1008.25,1009.15,6719.0
2021-07-08 14:15:00,NSE:VOLTAS,1009.5,1012.5,1009.0,1012.05,11290.0
2021-07-08 14:20:00,NSE:VOLTAS,1011.55,1012.55,1010.0,1010.05,5073.0
2021-07-08 14:25:00,NSE:VOLTAS,1010.0,1011.25,1008.8,1008.95,5976.0
2021-07-08 14:30:00,NSE:VOLTAS,1008.8,1010.0,1008.5,1009.25,4980.0
2021-07-08 14:35:00,NSE:VOLTAS,1008.95,1009.55,1007.95,1007.95,4651.0
2021-07-08 14:40:00,NSE:VOLTAS,1007.95,1010.5,1007.85,1008.95,5441.0
2021-07-08 14:45:00,NSE:VOLTAS,1008.95,1010.4,1008.95,1009.45,4315.0
2021-07-08 14:50:00,NSE:VOLTAS,1009.35,1010.9,1009.15,1010.1,2527.0
2021-07-08 14:55:00,NSE:VOLTAS,1010.55,1010.55,1008.05,1008.85,8448.0
2021-07-08 15:00:00,NSE:VOLTAS,1008.95,1011.6,1008.95,1011.5,7299.0
2021-07-08 15:05:00,NSE:VOLTAS,1011.5,1011.9,1009.85,1009.95,8349.0
2021-07-08 15:10:00,NSE:VOLTAS,1010.65,1012.45,1010.45,1012.45,9906.0
2021-07-08 15:15:00,NSE:VOLTAS,1012.45,1013.2,1011.85,1012.25,15059.0
2021-07-08 15:20:00,NSE:VOLTAS,1012.7,1012.7,1010.75,1012.45,19294.0
2021-07-08 15:25:00,NSE:VOLTAS,1012.5,1012.5,1010.65,1011.9,9729.0
2021-07-09 09:05:00,NSE:VOLTAS,1012.8,1012.8,1012.8,1012.8,938.0
2021-07-09 09:15:00,NSE:VOLTAS,1012.8,1017.5,1006.55,1010.5,28592.0
2021-07-09 09:20:00,NSE:VOLTAS,1010.0,1010.4,1003.0,1008.0,23787.0
2021-07-09 09:25:00,NSE:VOLTAS,1008.0,1009.0,1006.0,1008.85,7441.0
2021-07-09 09:30:00,NSE:VOLTAS,1008.85,1010.85,1008.15,1010.4,5954.0
2021-07-09 09:35:00,NSE:VOLTAS,1010.4,1011.6,1009.0,1009.75,7865.0
2021-07-09 09:40:00,NSE:VOLTAS,1009.8,1010.35,1007.0,1008.55,6122.0
2021-07-09 09:45:00,NSE:VOLTAS,1008.6,1008.6,1006.1,1007.5,4986.0
2021-07-09 09:50:00,NSE:VOLTAS,1006.95,1010.0,1006.95,1010.0,3491.0
2021-07-09 09:55:00,NSE:VOLTAS,1010.0,1010.0,1008.5,1009.65,2513.0
2021-07-09 10:00:00,NSE:VOLTAS,1009.2,1010.0,1009.1,1009.95,1755.0
2021-07-09 10:05:00,NSE:VOLTAS,1009.95,1011.9,1009.6,1011.8,8195.0
2021-07-09 10:10:00,NSE:VOLTAS,1011.85,1012.95,1009.1,1009.1,10323.0
2021-07-09 10:15:00,NSE:VOLTAS,1009.1,1010.6,1009.1,1009.95,5768.0
2021-07-09 10:20:00,NSE:VOLTAS,1010.0,1010.45,1008.1,1008.1,2806.0
2021-07-09 10:25:00,NSE:VOLTAS,1008.1,1009.4,1008.05,1009.4,1647.0
2021-07-09 10:30:00,NSE:VOLTAS,1009.4,1009.45,1008.2,1008.7,2383.0
2021-07-09 10:35:00,NSE:VOLTAS,1008.65,1009.8,1008.65,1008.9,1835.0
2021-07-09 10:40:00,NSE:VOLTAS,1008.95,1010.4,1008.95,1010.25,3008.0
2021-07-09 10:45:00,NSE:VOLTAS,1010.4,1010.9,1010.0,1010.55,1409.0
2021-07-09 10:50:00,NSE:VOLTAS,1010.25,1010.7,1008.45,1008.85,3355.0
2021-07-09 10:55:00,NSE:VOLTAS,1008.9,1010.4,1008.35,1008.9,1101.0
2021-07-09 11:00:00,NSE:VOLTAS,1008.3,1008.65,1007.25,1007.75,4827.0
2021-07-09 11:05:00,NSE:VOLTAS,1007.7,1008.8,1006.7,1008.45,4430.0
2021-07-09 11:10:00,NSE:VOLTAS,1008.45,1008.8,1008.3,1008.45,922.0
2021-07-09 11:15:00,NSE:VOLTAS,1008.45,1008.75,1007.25,1008.35,1546.0
2021-07-09 11:20:00,NSE:VOLTAS,1008.0,1008.7,1007.65,1008.7,1270.0
2021-07-09 11:25:00,NSE:VOLTAS,1008.75,1010.0,1008.75,1009.95,3108.0
2021-07-09 11:30:00,NSE:VOLTAS,1009.95,1009.95,1008.6,1009.05,802.0
2021-07-09 11:35:00,NSE:VOLTAS,1009.05,1009.9,1009.05,1009.7,685.0
2021-07-09 11:40:00,NSE:VOLTAS,1009.3,1010.0,1009.05,1010.0,1635.0
2021-07-09 11:45:00,NSE:VOLTAS,1009.65,1010.0,1009.6,1009.65,1000.0
2021-07-09 11:50:00,NSE:VOLTAS,1009.7,1010.0,1009.3,1010.0,2220.0
2021-07-09 11:55:00,NSE:VOLTAS,1009.6,1010.0,1009.4,1009.4,595.0
2021-07-09 12:00:00,NSE:VOLTAS,1009.75,1009.75,1008.85,1009.25,1974.0
2021-07-09 12:05:00,NSE:VOLTAS,1008.85,1008.85,1007.0,1007.8,4366.0
2021-07-09 12:10:00,NSE:VOLTAS,1007.35,1010.0,1007.3,1010.0,4143.0
2021-07-09 12:15:00,NSE:VOLTAS,1009.9,1009.9,1008.0,1008.65,6073.0
2021-07-09 12:20:00,NSE:VOLTAS,1008.65,1009.25,1008.0,1008.0,1531.0
2021-07-09 12:25:00,NSE:VOLTAS,1008.5,1008.5,1007.8,1007.8,2023.0
2021-07-09 12:30:00,NSE:VOLTAS,1008.25,1008.5,1007.7,1008.5,1544.0
2021-07-09 12:35:00,NSE:VOLTAS,1008.25,1008.5,1007.85,1008.05,2034.0
2021-07-09 12:40:00,NSE:VOLTAS,1008.5,1008.5,1008.0,1008.15,2539.0
2021-07-09 12:45:00,NSE:VOLTAS,1008.2,1010.3,1008.0,1009.05,6809.0
2021-07-09 12:50:00,NSE:VOLTAS,1009.25,1012.3,1009.25,1011.35,8153.0
2021-07-09 12:55:00,NSE:VOLTAS,1011.4,1011.55,1009.75,1010.25,2661.0
2021-07-09 13:00:00,NSE:VOLTAS,1010.0,1010.5,1009.25,1009.25,1735.0
2021-07-09 13:05:00,NSE:VOLTAS,1009.2,1010.0,1009.1,1009.5,2454.0
2021-07-09 13:10:00,NSE:VOLTAS,1009.5,1010.5,1009.35,1009.4,3758.0
2021-07-09 13:15:00,NSE:VOLTAS,1009.4,1010.8,1009.4,1010.4,2594.0
2021-07-09 13:20:00,NSE:VOLTAS,1010.45,1011.35,1010.45,1011.3,2390.0
2021-07-09 13:25:00,NSE:VOLTAS,1010.8,1011.3,1010.45,1011.0,2684.0
2021-07-09 13:30:00,NSE:VOLTAS,1011.4,1012.0,1010.5,1010.6,2514.0
2021-07-09 13:35:00,NSE:VOLTAS,1010.6,1011.1,1008.4,1008.55,5781.0
2021-07-09 13:40:00,NSE:VOLTAS,1009.05,1009.9,1008.4,1009.05,1939.0
2021-07-09 13:45:00,NSE:VOLTAS,1009.1,1009.95,1008.7,1009.95,1525.0
2021-07-09 13:50:00,NSE:VOLTAS,1009.3,1009.95,1009.1,1009.6,2315.0
2021-07-09 13:55:00,NSE:VOLTAS,1009.55,1009.6,1009.05,1009.45,1284.0
2021-07-09 14:00:00,NSE:VOLTAS,1009.2,1011.8,1008.65,1011.4,3940.0
2021-07-09 14:05:00,NSE:VOLTAS,1011.0,1012.0,1010.9,1011.65,3272.0
2021-07-09 14:10:00,NSE:VOLTAS,1011.15,1012.0,1010.6,1011.45,3809.0
2021-07-09 14:15:00,NSE:VOLTAS,1011.3,1011.95,1010.75,1010.8,1344.0
2021-07-09 14:20:00,NSE:VOLTAS,1010.8,1013.0,1010.8,1012.35,7031.0
2021-07-09 14:25:00,NSE:VOLTAS,1012.9,1013.0,1012.05,1012.05,3119.0
2021-07-09 14:30:00,NSE:VOLTAS,1012.05,1012.5,1010.05,1010.95,4421.0
2021-07-09 14:35:00,NSE:VOLTAS,1010.4,1012.95,1010.4,1010.85,2564.0
2021-07-09 14:40:00,NSE:VOLTAS,1011.05,1013.3,1011.05,1013.25,3458.0
2021-07-09 14:45:00,NSE:VOLTAS,1013.5,1015.0,1013.25,1015.0,11369.0
2021-07-09 14:50:00,NSE:VOLTAS,1014.6,1015.0,1013.6,1014.05,3994.0
2021-07-09 14:55:00,NSE:VOLTAS,1014.05,1015.0,1013.5,1014.05,4924.0
2021-07-09 15:00:00,NSE:VOLTAS,1013.55,1014.55,1013.55,1013.9,8790.0
2021-07-09 15:05:00,NSE:VOLTAS,1014.3,1015.0,1013.95,1014.55,8955.0
2021-07-09 15:10:00,NSE:VOLTAS,1014.5,1015.25,1013.75,1015.05,12830.0
2021-07-09 15:15:00,NSE:VOLTAS,1015.3,1015.7,1013.95,1015.25,95693.0
2021-07-09 15:20:00,NSE:VOLTAS,1015.3,1018.55,1015.15,1017.2,35378.0
2021-07-09 15:25:00,NSE:VOLTAS,1017.2,1017.25,1015.05,1016.0,7620.0
2021-07-09 15:30:00,NSE:VOLTAS,1015.7,1015.7,1015.7,1015.7,6.0
2021-07-09 15:40:00,NSE:VOLTAS,1015.4,1015.4,1015.4,1015.4,1.0
2021-07-12 09:05:00,NSE:VOLTAS,1019.1,1019.1,1019.1,1019.1,385.0
2021-07-12 09:15:00,NSE:VOLTAS,1017.75,1022.0,1017.75,1021.5,19673.0
2021-07-12 09:20:00,NSE:VOLTAS,1020.85,1022.65,1020.45,1021.8,16437.0
2021-07-12 09:25:00,NSE:VOLTAS,1021.55,1026.5,1021.3,1025.55,53269.0
2021-07-12 09:30:00,NSE:VOLTAS,1025.95,1026.25,1023.0,1024.5,19316.0
2021-07-12 09:35:00,NSE:VOLTAS,1024.3,1024.5,1023.2,1023.45,16079.0
2021-07-12 09:40:00,NSE:VOLTAS,1023.95,1025.85,1023.55,1025.05,10473.0
2021-07-12 09:45:00,NSE:VOLTAS,1024.9,1025.8,1024.25,1024.55,12069.0
2021-07-12 09:50:00,NSE:VOLTAS,1024.85,1026.2,1024.15,1025.25,26545.0
2021-07-12 09:55:00,NSE:VOLTAS,1025.3,1026.4,1024.85,1026.4,7711.0
2021-07-12 10:00:00,NSE:VOLTAS,1026.3,1026.4,1025.05,1026.15,6765.0
2021-07-12 10:05:00,NSE:VOLTAS,1026.15,1028.0,1025.55,1027.4,17456.0
2021-07-12 10:10:00,NSE:VOLTAS,1027.3,1027.5,1025.55,1026.2,12883.0
2021-07-12 10:15:00,NSE:VOLTAS,1026.2,1027.0,1025.0,1025.7,6969.0
2021-07-12 10:20:00,NSE:VOLTAS,1025.85,1026.95,1025.0,1026.95,4013.0
2021-07-12 10:25:00,NSE:VOLTAS,1027.35,1027.35,1025.0,1025.0,10190.0
2021-07-12 10:30:00,NSE:VOLTAS,1025.05,1025.5,1024.2,1024.3,5135.0
2021-07-12 10:35:00,NSE:VOLTAS,1024.9,1025.6,1024.45,1025.45,5884.0
2021-07-12 10:40:00,NSE:VOLTAS,1025.0,1025.9,1024.7,1025.25,8832.0
2021-07-12 10:45:00,NSE:VOLTAS,1025.35,1026.0,1025.0,1025.0,3142.0
2021-07-12 10:50:00,NSE:VOLTAS,1025.0,1025.3,1024.35,1025.0,3318.0
2021-07-12 10:55:00,NSE:VOLTAS,1025.0,1025.0,1023.8,1025.0,7608.0
2021-07-12 11:00:00,NSE:VOLTAS,1024.95,1025.5,1024.9,1025.5,3679.0
2021-07-12 11:05:00,NSE:VOLTAS,1025.4,1025.4,1024.5,1024.8,2055.0
2021-07-12 11:10:00,NSE:VOLTAS,1024.6,1024.9,1022.5,1022.95,8870.0
2021-07-12 11:15:00,NSE:VOLTAS,1023.25,1024.85,1022.95,1024.25,5347.0
2021-07-12 11:20:00,NSE:VOLTAS,1024.5,1024.85,1023.65,1023.65,2702.0
2021-07-12 11:25:00,NSE:VOLTAS,1023.95,1025.0,1023.75,1024.35,5943.0
2021-07-12 11:30:00,NSE:VOLTAS,1024.35,1024.95,1023.4,1024.25,3788.0
2021-07-12 11:35:00,NSE:VOLTAS,1024.1,1025.0,1023.95,1024.95,1244.0
2021-07-12 11:40:00,NSE:VOLTAS,1024.95,1025.65,1024.65,1024.9,2594.0
2021-07-12 11:45:00,NSE:VOLTAS,1024.9,1025.5,1024.55,1024.8,1768.0
2021-07-12 11:50:00,NSE:VOLTAS,1024.8,1025.4,1024.6,1024.6,1627.0
2021-07-12 11:55:00,NSE:VOLTAS,1024.65,1025.2,1024.2,1024.4,2509.0
2021-07-12 12:00:00,NSE:VOLTAS,1024.4,1025.3,1024.4,1025.0,2198.0
2021-07-12 12:05:00,NSE:VOLTAS,1025.0,1025.5,1024.5,1025.5,4071.0
2021-07-12 12:10:00,NSE:VOLTAS,1025.0,1025.5,1024.7,1024.7,4209.0
2021-07-12 12:15:00,NSE:VOLTAS,1024.7,1025.4,1024.6,1025.05,2841.0
2021-07-12 12:20:00,NSE:VOLTAS,1025.2,1025.25,1024.6,1025.0,2204.0
2021-07-12 12:25:00,NSE:VOLTAS,1025.0,1025.15,1023.85,1023.9,2192.0
2021-07-12 12:30:00,NSE:VOLTAS,1024.1,1024.4,1023.3,1024.35,3457.0
2021-07-12 12:35:00,NSE:VOLTAS,1024.45,1024.8,1024.35,1024.45,4923.0
2021-07-12 12:40:00,NSE:VOLTAS,1024.4,1025.45,1024.35,1025.0,3633.0
2021-07-12 12:45:00,NSE:VOLTAS,1025.0,1025.5,1024.0,1024.2,3917.0
2021-07-12 12:50:00,NSE:VOLTAS,1024.15,1025.5,1024.0,1024.75,4284.0
2021-07-12 12:55:00,NSE:VOLTAS,1025.0,1025.5,1024.25,1024.4,3338.0
2021-07-12 13:00:00,NSE:VOLTAS,1024.7,1024.7,1023.65,1024.25,2833.0
2021-07-12 13:05:00,NSE:VOLTAS,1023.7,1024.05,1022.5,1022.5,16256.0
2021-07-12 13:10:00,NSE:VOLTAS,1023.0,1023.8,1021.1,1021.7,24104.0
2021-07-12 13:15:00,NSE:VOLTAS,1021.7,1021.85,1019.2,1021.4,25500.0
2021-07-12 13:20:00,NSE:VOLTAS,1020.9,1021.65,1020.2,1020.8,9231.0
2021-07-12 13:25:00,NSE:VOLTAS,1020.95,1021.95,1020.95,1021.5,6034.0
2021-07-12 13:30:00,NSE:VOLTAS,1021.9,1021.9,1020.55,1021.05,4464.0
2021-07-12 13:35:00,NSE:VOLTAS,1021.05,1021.5,1020.25,1020.45,5505.0
2021-07-12 13:40:00,NSE:VOLTAS,1020.95,1021.95,1020.85,1021.5,7394.0
2021-07-12 13:45:00,NSE:VOLTAS,1021.4,1021.95,1020.7,1021.0,3613.0
2021-07-12 13:50:00,NSE:VOLTAS,1021.0,1021.75,1020.5,1020.85,4921.0
2021-07-12 13:55:00,NSE:VOLTAS,1021.1,1021.95,1020.15,1021.25,10924.0
2021-07-12 14:00:00,NSE:VOLTAS,1021.25,1021.6,1020.6,1020.7,4463.0
2021-07-12 14:05:00,NSE:VOLTAS,1020.7,1021.4,1020.5,1020.65,3050.0
2021-07-12 14:10:00,NSE:VOLTAS,1020.7,1021.9,1020.45,1020.7,8367.0
2021-07-12 14:15:00,NSE:VOLTAS,1020.7,1021.95,1020.6,1021.4,4738.0
2021-07-12 14:20:00,NSE:VOLTAS,1021.45,1021.85,1020.65,1021.45,4644.0
2021-07-12 14:25:00,NSE:VOLTAS,1021.45,1022.0,1020.6,1022.0,4774.0
2021-07-12 14:30:00,NSE:VOLTAS,1022.0,1023.8,1020.0,1020.0,11986.0
2021-07-12 14:35:00,NSE:VOLTAS,1020.0,1020.0,1014.55,1014.55,13408.0
2021-07-12 14:40:00,NSE:VOLTAS,1014.55,1016.0,1013.75,1014.6,10432.0
2021-07-12 14:45:00,NSE:VOLTAS,1014.6,1016.2,1014.0,1015.15,7192.0
2021-07-12 14:50:00,NSE:VOLTAS,1015.15,1016.45,1014.95,1015.55,10218.0
2021-07-12 14:55:00,NSE:VOLTAS,1015.55,1016.1,1015.2,1015.65,6838.0
2021-07-12 15:00:00,NSE:VOLTAS,1015.7,1018.4,1015.7,1018.4,11144.0
2021-07-12 15:05:00,NSE:VOLTAS,1018.0,1018.05,1016.6,1016.9,4789.0
2021-07-12 15:10:00,NSE:VOLTAS,1017.0,1017.65,1016.15,1017.25,7290.0
2021-07-12 15:15:00,NSE:VOLTAS,1017.0,1017.65,1015.55,1017.3,10147.0
2021-07-12 15:20:00,NSE:VOLTAS,1017.25,1018.45,1016.45,1018.2,17475.0
2021-07-12 15:25:00,NSE:VOLTAS,1018.1,1020.0,1017.4,1020.0,16566.0
2021-07-12 15:40:00,NSE:VOLTAS,1017.4,1017.4,1017.4,1017.4,2.0
2021-07-13 09:05:00,NSE:VOLTAS,1026.0,1026.0,1026.0,1026.0,770.0
2021-07-13 09:15:00,NSE:VOLTAS,1025.95,1027.3,1019.9,1023.35,26925.0
2021-07-13 09:20:00,NSE:VOLTAS,1022.9,1025.3,1021.35,1023.2,10949.0
2021-07-13 09:25:00,NSE:VOLTAS,1022.7,1025.35,1022.45,1025.0,11640.0
2021-07-13 09:30:00,NSE:VOLTAS,1025.0,1025.3,1022.45,1022.45,3786.0
2021-07-13 09:35:00,NSE:VOLTAS,1022.6,1023.9,1021.95,1022.95,5079.0
2021-07-13 09:40:00,NSE:VOLTAS,1023.0,1023.0,1020.55,1022.0,5027.0
2021-07-13 09:45:00,NSE:VOLTAS,1022.0,1022.6,1020.05,1020.9,84188.0
2021-07-13 09:50:00,NSE:VOLTAS,1021.4,1022.9,1020.9,1021.8,5564.0
2021-07-13 09:55:00,NSE:VOLTAS,1021.8,1021.8,1016.9,1018.25,14921.0
2021-07-13 10:00:00,NSE:VOLTAS,1018.9,1021.95,1018.35,1021.9,10571.0
2021-07-13 10:05:00,NSE:VOLTAS,1021.65,1021.65,1020.0,1021.35,1414.0
2021-07-13 10:10:00,NSE:VOLTAS,1021.0,1021.0,1019.4,1019.65,5810.0
2021-07-13 10:15:00,NSE:VOLTAS,1019.65,1021.45,1019.3,1019.3,2335.0
2021-07-13 10:20:00,NSE:VOLTAS,1019.55,1021.9,1019.15,1021.0,3001.0
2021-07-13 10:25:00,NSE:VOLTAS,1021.1,1021.75,1020.0,1020.0,2265.0
2021-07-13 10:30:00,NSE:VOLTAS,1020.0,1021.7,1019.45,1020.3,7977.0
2021-07-13 10:35:00,NSE:VOLTAS,1020.4,1020.6,1019.85,1019.9,3060.0
2021-07-13 10:40:00,NSE:VOLTAS,1019.9,1020.6,1019.05,1020.2,3340.0
2021-07-13 10:45:00,NSE:VOLTAS,1020.25,1021.3,1020.0,1020.5,2841.0
2021-07-13 10:50:00,NSE:VOLTAS,1020.5,1020.75,1019.95,1020.0,1382.0
2021-07-13 10:55:00,NSE:VOLTAS,1020.0,1021.1,1020.0,1020.7,933.0
2021-07-13 11:00:00,NSE:VOLTAS,1020.7,1020.95,1020.05,1020.05,830.0
2021-07-13 11:05:00,NSE:VOLTAS,1020.5,1021.1,1020.0,1020.65,1157.0
2021-07-13 11:10:00,NSE:VOLTAS,1020.65,1021.15,1020.0,1020.0,3207.0
2021-07-13 11:15:00,NSE:VOLTAS,1020.0,1020.8,1020.0,1020.75,4216.0
2021-07-13 11:20:00,NSE:VOLTAS,1020.3,1021.15,1020.0,1020.0,3192.0
2021-07-13 11:25:00,NSE:VOLTAS,1020.0,1020.5,1019.9,1020.0,2706.0
2021-07-13 11:30:00,NSE:VOLTAS,1020.0,1021.0,1020.0,1020.05,1822.0
2021-07-13 11:35:00,NSE:VOLTAS,1020.05,1020.6,1020.0,1020.0,949.0
2021-07-13 11:40:00,NSE:VOLTAS,1020.0,1021.4,1020.0,1020.4,4394.0
2021-07-13 11:45:00,NSE:VOLTAS,1020.4,1024.8,1019.85,1023.95,340935.0
2021-07-13 11:50:00,NSE:VOLTAS,1023.95,1025.5,1023.4,1024.05,10164.0
2021-07-13 11:55:00,NSE:VOLTAS,1024.1,1024.95,1023.1,1023.5,22542.0
2021-07-13 12:00:00,NSE:VOLTAS,1023.5,1024.0,1023.1,1023.3,3606.0
2021-07-13 12:05:00,NSE:VOLTAS,1023.75,1023.9,1020.8,1020.9,22516.0
2021-07-13 12:10:00,NSE:VOLTAS,1020.85,1021.5,1020.0,1020.85,35459.0
2021-07-13 12:15:00,NSE:VOLTAS,1020.4,1020.7,1020.0,1020.45,27225.0
2021-07-13 12:20:00,NSE:VOLTAS,1020.0,1022.95,1020.0,1022.15,6260.0
2021-07-13 12:25:00,NSE:VOLTAS,1021.85,1022.7,1020.0,1021.8,222307.0
2021-07-13 12:30:00,NSE:VOLTAS,1022.1,1024.5,1022.1,1023.85,11909.0
2021-07-13 12:35:00,NSE:VOLTAS,1023.85,1027.0,1023.4,1024.95,34204.0
2021-07-13 12:40:00,NSE:VOLTAS,1025.25,1026.45,1024.6,1025.8,8015.0
2021-07-13 12:45:00,NSE:VOLTAS,1025.75,1029.9,1025.75,1029.9,36115.0
2021-07-13 12:50:00,NSE:VOLTAS,1029.9,1031.2,1029.0,1031.15,29280.0
2021-07-13 12:55:00,NSE:VOLTAS,1030.95,1031.75,1029.45,1030.8,29231.0
2021-07-13 13:00:00,NSE:VOLTAS,1030.75,1033.8,1030.0,1033.45,25395.0
2021-07-13 13:05:00,NSE:VOLTAS,1033.85,1035.0,1032.5,1034.0,32765.0
2021-07-13 13:10:00,NSE:VOLTAS,1033.65,1034.8,1032.7,1034.05,22697.0
2021-07-13 13:15:00,NSE:VOLTAS,1034.15,1036.95,1029.0,1035.0,83227.0
2021-07-13 13:20:00,NSE:VOLTAS,1035.5,1037.6,1034.0,1037.0,38156.0
2021-07-13 13:25:00,NSE:VOLTAS,1037.0,1037.85,1035.35,1036.25,14081.0
2021-07-13 13:30:00,NSE:VOLTAS,1036.0,1037.5,1035.6,1036.0,9985.0
2021-07-13 13:35:00,NSE:VOLTAS,1035.85,1035.95,1031.75,1032.45,46285.0
2021-07-13 13:40:00,NSE:VOLTAS,1032.05,1032.5,1030.55,1032.0,12320.0
2021-07-13 13:45:00,NSE:VOLTAS,1031.65,1033.7,1031.45,1032.9,8907.0
2021-07-13 13:50:00,NSE:VOLTAS,1032.35,1033.0,1030.65,1032.0,25551.0
2021-07-13 13:55:00,NSE:VOLTAS,1031.85,1032.0,1030.9,1031.0,9469.0
2021-07-13 14:00:00,NSE:VOLTAS,1031.3,1033.35,1030.85,1033.35,9833.0
2021-07-13 14:05:00,NSE:VOLTAS,1033.45,1035.0,1033.0,1033.75,12859.0
2021-07-13 14:10:00,NSE:VOLTAS,1033.75,1035.0,1033.05,1033.1,6384.0
2021-07-13 14:15:00,NSE:VOLTAS,1033.1,1034.0,1033.0,1033.0,2795.0
2021-07-13 14:20:00,NSE:VOLTAS,1033.6,1033.7,1032.45,1033.05,6645.0
2021-07-13 14:25:00,NSE:VOLTAS,1033.05,1033.75,1032.65,1033.0,4156.0
2021-07-13 14:30:00,NSE:VOLTAS,1033.0,1033.5,1030.8,1032.0,24979.0
2021-07-13 14:35:00,NSE:VOLTAS,1030.05,1031.45,1030.05,1030.65,12157.0
2021-07-13 14:40:00,NSE:VOLTAS,1030.65,1031.2,1030.1,1030.8,5523.0
2021-07-13 14:45:00,NSE:VOLTAS,1031.0,1032.5,1031.0,1031.5,6159.0
2021-07-13 14:50:00,NSE:VOLTAS,1031.4,1032.5,1030.45,1032.35,12793.0
2021-07-13 14:55:00,NSE:VOLTAS,1032.5,1033.0,1031.7,1031.95,8808.0
2021-07-13 15:00:00,NSE:VOLTAS,1031.95,1032.5,1031.25,1032.05,13211.0
2021-07-13 15:05:00,NSE:VOLTAS,1032.2,1032.55,1032.05,1032.5,26826.0
2021-07-13 15:10:00,NSE:VOLTAS,1032.5,1035.95,1031.85,1032.0,27273.0
2021-07-13 15:15:00,NSE:VOLTAS,1032.55,1034.15,1032.3,1033.7,15720.0
2021-07-13 15:20:00,NSE:VOLTAS,1033.8,1034.95,1033.8,1034.65,22494.0
2021-07-13 15:25:00,NSE:VOLTAS,1034.65,1035.25,1034.0,1034.0,17421.0
2021-07-13 15:30:00,NSE:VOLTAS,1034.0,1034.0,1034.0,1034.0,5.0
2021-07-13 15:40:00,NSE:VOLTAS,1033.5,1033.5,1033.5,1033.5,1.0
2021-07-14 09:05:00,NSE:VOLTAS,1039.95,1039.95,1039.95,1039.95,3261.0
2021-07-14 09:15:00,NSE:VOLTAS,1037.25,1039.1,1035.1,1039.05,54096.0
2021-07-14 09:20:00,NSE:VOLTAS,1039.5,1041.0,1038.65,1039.4,45096.0
2021-07-14 09:25:00,NSE:VOLTAS,1039.5,1044.8,1038.65,1043.9,69308.0
2021-07-14 09:30:00,NSE:VOLTAS,1043.35,1043.65,1040.0,1040.7,39962.0
2021-07-14 09:35:00,NSE:VOLTAS,1040.3,1042.5,1040.2,1041.1,24068.0
2021-07-14 09:40:00,NSE:VOLTAS,1041.1,1041.75,1040.25,1040.3,14558.0
2021-07-14 09:45:00,NSE:VOLTAS,1040.25,1040.65,1036.35,1036.35,40149.0
2021-07-14 09:50:00,NSE:VOLTAS,1036.7,1040.9,1035.0,1040.0,989760.0
2021-07-14 09:55:00,NSE:VOLTAS,1039.55,1039.8,1035.7,1037.0,13450.0
2021-07-14 10:00:00,NSE:VOLTAS,1037.45,1038.15,1036.5,1037.3,9284.0
2021-07-14 10:05:00,NSE:VOLTAS,1037.1,1037.15,1034.0,1034.15,22413.0
2021-07-14 10:10:00,NSE:VOLTAS,1034.15,1035.0,1034.1,1034.3,8240.0
2021-07-14 10:15:00,NSE:VOLTAS,1034.7,1034.85,1034.05,1034.65,6547.0
2021-07-14 10:20:00,NSE:VOLTAS,1034.1,1035.05,1034.0,1035.0,6753.0
2021-07-14 10:25:00,NSE:VOLTAS,1034.9,1034.9,1034.15,1034.2,6639.0
2021-07-14 10:30:00,NSE:VOLTAS,1034.2,1034.2,1030.25,1031.5,29648.0
2021-07-14 10:35:00,NSE:VOLTAS,1031.5,1032.25,1029.35,1030.95,29536.0
2021-07-14 10:40:00,NSE:VOLTAS,1031.05,1031.65,1028.4,1029.0,24659.0
2021-07-14 10:45:00,NSE:VOLTAS,1028.7,1032.45,1028.7,1032.15,6814.0
2021-07-14 10:50:00,NSE:VOLTAS,1032.0,1034.45,1031.5,1032.15,13312.0
2021-07-14 10:55:00,NSE:VOLTAS,1032.05,1033.0,1031.25,1033.0,4022.0
2021-07-14 11:00:00,NSE:VOLTAS,1032.6,1034.4,1030.65,1033.5,14655.0
2021-07-14 11:05:00,NSE:VOLTAS,1032.95,1034.6,1031.65,1034.25,6442.0
2021-07-14 11:10:00,NSE:VOLTAS,1034.25,1035.55,1034.0,1035.45,9713.0
2021-07-14 11:15:00,NSE:VOLTAS,1035.15,1035.55,1030.7,1030.7,12203.0
2021-07-14 11:20:00,NSE:VOLTAS,1031.0,1031.5,1028.5,1028.85,21224.0
2021-07-14 11:25:00,NSE:VOLTAS,1029.5,1032.45,1028.85,1030.6,67151.0
2021-07-14 11:30:00,NSE:VOLTAS,1030.6,1032.1,1030.6,1031.7,4679.0
2021-07-14 11:35:00,NSE:VOLTAS,1032.1,1033.95,1031.1,1033.1,10317.0
2021-07-14 11:40:00,NSE:VOLTAS,1033.1,1035.95,1033.1,1035.6,16775.0
2021-07-14 11:45:00,NSE:VOLTAS,1035.15,1036.7,1033.0,1033.5,22747.0
2021-07-14 11:50:00,NSE:VOLTAS,1033.5,1034.7,1033.35,1034.5,6698.0
2021-07-14 11:55:00,NSE:VOLTAS,1034.5,1035.0,1032.25,1032.25,8206.0
2021-07-14 12:00:00,NSE:VOLTAS,1032.15,1033.0,1032.0,1033.0,9065.0
2021-07-14 12:05:00,NSE:VOLTAS,1033.0,1034.9,1031.9,1033.65,14607.0
2021-07-14 12:10:00,NSE:VOLTAS,1033.85,1034.5,1033.4,1033.8,2830.0
2021-07-14 12:15:00,NSE:VOLTAS,1033.8,1034.85,1033.65,1034.1,4165.0
2021-07-14 12:20:00,NSE:VOLTAS,1034.6,1034.6,1033.0,1033.05,3445.0
2021-07-14 12:25:00,NSE:VOLTAS,1033.05,1033.75,1032.0,1032.0,9971.0
2021-07-14 12:30:00,NSE:VOLTAS,1032.0,1035.75,1031.35,1035.75,15753.0
2021-07-14 12:35:00,NSE:VOLTAS,1036.1,1036.5,1034.25,1035.6,9882.0
2021-07-14 12:40:00,NSE:VOLTAS,1035.6,1036.0,1033.15,1034.35,11092.0
2021-07-14 12:45:00,NSE:VOLTAS,1034.35,1034.7,1030.6,1030.6,23517.0
2021-07-14 12:50:00,NSE:VOLTAS,1030.65,1033.3,1030.0,1032.7,10726.0
2021-07-14 12:55:00,NSE:VOLTAS,1033.4,1033.95,1032.4,1033.05,4609.0
2021-07-14 13:00:00,NSE:VOLTAS,1033.5,1034.25,1033.05,1033.35,6546.0
2021-07-14 13:05:00,NSE:VOLTAS,1033.35,1033.95,1032.6,1032.9,3089.0
2021-07-14 13:10:00,NSE:VOLTAS,1032.9,1033.65,1032.0,1032.0,4308.0
2021-07-14 13:15:00,NSE:VOLTAS,1032.05,1032.5,1031.65,1032.15,3850.0
2021-07-14 13:20:00,NSE:VOLTAS,1032.15,1032.6,1031.0,1031.1,5524.0
2021-07-14 13:25:00,NSE:VOLTAS,1031.1,1031.65,1030.25,1031.0,6669.0
2021-07-14 13:30:00,NSE:VOLTAS,1030.8,1031.05,1030.05,1030.5,5179.0
2021-07-14 13:35:00,NSE:VOLTAS,1030.5,1031.4,1027.05,1027.35,16636.0
2021-07-14 13:40:00,NSE:VOLTAS,1027.35,1029.5,1027.0,1029.5,7675.0
2021-07-14 13:45:00,NSE:VOLTAS,1029.4,1031.9,1029.4,1030.95,9027.0
2021-07-14 13:50:00,NSE:VOLTAS,1030.95,1032.95,1030.25,1032.35,10250.0
2021-07-14 13:55:00,NSE:VOLTAS,1032.35,1032.8,1030.2,1032.75,8872.0
2021-07-14 14:00:00,NSE:VOLTAS,1032.45,1032.8,1031.6,1032.5,2466.0
2021-07-14 14:05:00,NSE:VOLTAS,1032.5,1032.7,1031.8,1032.3,3955.0
2021-07-14 14:10:00,NSE:VOLTAS,1032.65,1032.65,1031.6,1032.1,2618.0
2021-07-14 14:15:00,NSE:VOLTAS,1032.5,1032.65,1031.1,1031.8,5864.0
2021-07-14 14:20:00,NSE:VOLTAS,1031.8,1033.0,1031.6,1032.9,66248.0
2021-07-14 14:25:00,NSE:VOLTAS,1032.9,1033.0,1032.0,1032.5,4184.0
2021-07-14 14:30:00,NSE:VOLTAS,1032.35,1032.4,1031.85,1032.05,7281.0
2021-07-14 14:35:00,NSE:VOLTAS,1032.05,1032.5,1032.0,1032.0,3875.0
2021-07-14 14:40:00,NSE:VOLTAS,1032.0,1032.5,1031.85,1032.15,6489.0
2021-07-14 14:45:00,NSE:VOLTAS,1032.1,1032.7,1031.55,1032.7,6689.0
2021-07-14 14:50:00,NSE:VOLTAS,1032.85,1032.85,1031.6,1032.0,6134.0
2021-07-14 14:55:00,NSE:VOLTAS,1031.95,1032.0,1030.2,1030.8,11251.0
2021-07-14 15:00:00,NSE:VOLTAS,1030.8,1032.0,1030.35,1030.7,16128.0
2021-07-14 15:05:00,NSE:VOLTAS,1030.7,1030.75,1029.1,1030.2,22590.0
2021-07-14 15:10:00,NSE:VOLTAS,1030.15,1030.4,1029.6,1030.4,51028.0
2021-07-14 15:15:00,NSE:VOLTAS,1030.4,1030.55,1029.6,1030.5,33024.0
2021-07-14 15:20:00,NSE:VOLTAS,1030.5,1032.05,1030.35,1032.05,40360.0
2021-07-14 15:25:00,NSE:VOLTAS,1032.0,1033.0,1031.85,1033.0,38060.0
2021-07-14 15:40:00,NSE:VOLTAS,1030.65,1030.65,1030.65,1030.65,30.0
2021-07-15 09:05:00,NSE:VOLTAS,1034.4,1034.4,1034.4,1034.4,1227.0
2021-07-15 09:15:00,NSE:VOLTAS,1035.65,1038.3,1032.05,1036.8,20993.0
2021-07-15 09:20:00,NSE:VOLTAS,1036.5,1038.0,1035.0,1035.0,12734.0
2021-07-15 09:25:00,NSE:VOLTAS,1035.1,1037.85,1033.85,1037.85,10880.0
2021-07-15 09:30:00,NSE:VOLTAS,1038.0,1040.85,1036.0,1040.85,24531.0
2021-07-15 09:35:00,NSE:VOLTAS,1040.5,1040.95,1039.0,1040.1,14934.0
2021-07-15 09:40:00,NSE:VOLTAS,1040.1,1041.6,1039.95,1040.35,15805.0
2021-07-15 09:45:00,NSE:VOLTAS,1040.0,1041.0,1039.0,1040.0,10482.0
2021-07-15 09:50:00,NSE:VOLTAS,1040.0,1041.2,1038.3,1040.2,16804.0
2021-07-15 09:55:00,NSE:VOLTAS,1039.95,1041.35,1038.3,1041.35,15111.0
2021-07-15 10:00:00,NSE:VOLTAS,1041.3,1044.15,1040.5,1044.0,20210.0
2021-07-15 10:05:00,NSE:VOLTAS,1043.45,1044.0,1041.55,1044.0,36260.0
2021-07-15 10:10:00,NSE:VOLTAS,1044.0,1046.4,1043.75,1045.4,40028.0
2021-07-15 10:15:00,NSE:VOLTAS,1045.35,1047.8,1045.35,1046.5,27467.0
2021-07-15 10:20:00,NSE:VOLTAS,1045.95,1047.85,1045.95,1047.0,77890.0
2021-07-15 10:25:00,NSE:VOLTAS,1046.95,1047.0,1044.1,1045.65,60577.0
2021-07-15 10:30:00,NSE:VOLTAS,1045.65,1047.4,1044.75,1045.6,21776.0
2021-07-15 10:35:00,NSE:VOLTAS,1045.6,1046.0,1045.0,1045.45,7826.0
2021-07-15 10:40:00,NSE:VOLTAS,1045.9,1046.05,1042.7,1043.0,14199.0
2021-07-15 10:45:00,NSE:VOLTAS,1042.7,1043.9,1041.3,1042.1,15871.0
2021-07-15 10:50:00,NSE:VOLTAS,1042.1,1042.1,1040.15,1040.15,10023.0
2021-07-15 10:55:00,NSE:VOLTAS,1040.1,1042.0,1040.05,1041.5,9659.0
2021-07-15 11:00:00,NSE:VOLTAS,1041.5,1043.2,1041.15,1042.6,10381.0
2021-07-15 11:05:00,NSE:VOLTAS,1042.2,1042.2,1040.6,1041.7,8892.0
2021-07-15 11:10:00,NSE:VOLTAS,1041.5,1042.7,1040.9,1041.35,7123.0
2021-07-15 11:15:00,NSE:VOLTAS,1041.15,1041.85,1040.75,1040.95,3354.0
2021-07-15 11:20:00,NSE:VOLTAS,1040.95,1041.7,1040.3,1041.15,6089.0
2021-07-15 11:25:00,NSE:VOLTAS,1041.0,1042.5,1039.4,1042.5,12336.0
2021-07-15 11:30:00,NSE:VOLTAS,1042.0,1042.4,1040.75,1042.25,22721.0
2021-07-15 11:35:00,NSE:VOLTAS,1042.0,1044.2,1042.0,1043.95,11131.0
2021-07-15 11:40:00,NSE:VOLTAS,1043.95,1045.5,1043.9,1044.45,13602.0
2021-07-15 11:45:00,NSE:VOLTAS,1044.2,1045.0,1043.6,1044.6,20513.0
2021-07-15 11:50:00,NSE:VOLTAS,1044.9,1047.9,1044.55,1047.3,59356.0
2021-07-15 11:55:00,NSE:VOLTAS,1047.75,1048.75,1043.15,1043.15,27183.0
2021-07-15 12:00:00,NSE:VOLTAS,1043.7,1045.0,1042.2,1044.6,14429.0
2021-07-15 12:05:00,NSE:VOLTAS,1044.55,1045.0,1044.05,1044.65,5359.0
2021-07-15 12:10:00,NSE:VOLTAS,1044.6,1044.7,1043.0,1043.1,5163.0
2021-07-15 12:15:00,NSE:VOLTAS,1043.1,1043.35,1042.0,1042.45,4260.0
2021-07-15 12:20:00,NSE:VOLTAS,1042.45,1043.0,1042.0,1042.25,3237.0
2021-07-15 12:25:00,NSE:VOLTAS,1042.3,1043.15,1042.05,1042.7,4530.0
2021-07-15 12:30:00,NSE:VOLTAS,1042.7,1042.95,1041.15,1041.15,2373.0
2021-07-15 12:35:00,NSE:VOLTAS,1041.15,1042.0,1040.5,1041.55,5929.0
2021-07-15 12:40:00,NSE:VOLTAS,1041.55,1042.15,1041.0,1042.15,4146.0
2021-07-15 12:45:00,NSE:VOLTAS,1041.8,1042.45,1040.6,1041.3,3454.0
2021-07-15 12:50:00,NSE:VOLTAS,1041.3,1042.0,1040.3,1040.5,3842.0
2021-07-15 12:55:00,NSE:VOLTAS,1040.5,1041.25,1040.1,1041.25,6161.0
2021-07-15 13:00:00,NSE:VOLTAS,1040.5,1041.0,1040.1,1040.2,3528.0
2021-07-15 13:05:00,NSE:VOLTAS,1040.2,1042.0,1040.0,1041.8,10746.0
2021-07-15 13:10:00,NSE:VOLTAS,1041.8,1042.5,1041.1,1041.1,8476.0
2021-07-15 13:15:00,NSE:VOLTAS,1041.1,1041.35,1040.0,1040.15,7506.0
2021-07-15 13:20:00,NSE:VOLTAS,1040.1,1040.65,1039.1,1040.2,9866.0
2021-07-15 13:25:00,NSE:VOLTAS,1040.7,1040.9,1040.0,1040.4,4394.0
2021-07-15 13:30:00,NSE:VOLTAS,1040.4,1040.6,1040.0,1040.05,3490.0
2021-07-15 13:35:00,NSE:VOLTAS,1040.2,1040.55,1039.4,1040.25,24069.0
2021-07-15 13:40:00,NSE:VOLTAS,1040.25,1041.0,1040.25,1040.6,2849.0
2021-07-15 13:45:00,NSE:VOLTAS,1040.6,1040.9,1040.0,1040.25,2311.0
2021-07-15 13:50:00,NSE:VOLTAS,1040.25,1041.5,1040.0,1041.5,3465.0
2021-07-15 13:55:00,NSE:VOLTAS,1041.1,1041.6,1040.5,1041.5,3223.0
2021-07-15 14:00:00,NSE:VOLTAS,1041.6,1042.5,1041.25,1042.35,10572.0
2021-07-15 14:05:00,NSE:VOLTAS,1043.0,1044.45,1042.5,1043.6,12330.0
2021-07-15 14:10:00,NSE:VOLTAS,1043.6,1043.6,1042.4,1043.0,5458.0
2021-07-15 14:15:00,NSE:VOLTAS,1043.0,1043.3,1041.25,1041.75,4888.0
2021-07-15 14:20:00,NSE:VOLTAS,1041.75,1043.85,1041.75,1042.35,2941.0
2021-07-15 14:25:00,NSE:VOLTAS,1042.35,1043.85,1042.0,1043.85,7986.0
2021-07-15 14:30:00,NSE:VOLTAS,1042.3,1043.6,1042.3,1042.5,2697.0
2021-07-15 14:35:00,NSE:VOLTAS,1042.5,1042.75,1042.0,1042.05,4063.0
2021-07-15 14:40:00,NSE:VOLTAS,1042.05,1044.0,1042.0,1042.0,4329.0
2021-07-15 14:45:00,NSE:VOLTAS,1042.0,1044.7,1042.0,1044.7,9437.0
2021-07-15 14:50:00,NSE:VOLTAS,1043.95,1044.9,1042.45,1042.6,11604.0
2021-07-15 14:55:00,NSE:VOLTAS,1042.6,1042.95,1041.7,1041.7,5967.0
2021-07-15 15:00:00,NSE:VOLTAS,1042.05,1042.75,1040.15,1042.75,28674.0
2021-07-15 15:05:00,NSE:VOLTAS,1043.4,1044.95,1042.7,1043.6,37060.0
2021-07-15 15:10:00,NSE:VOLTAS,1043.6,1044.9,1043.6,1044.35,18357.0
2021-07-15 15:15:00,NSE:VOLTAS,1044.4,1045.0,1040.7,1041.0,60110.0
2021-07-15 15:20:00,NSE:VOLTAS,1040.95,1042.85,1040.55,1042.05,36505.0
2021-07-15 15:25:00,NSE:VOLTAS,1042.45,1044.0,1041.6,1044.0,18500.0
2021-07-15 15:30:00,NSE:VOLTAS,1044.0,1044.0,1044.0,1044.0,515.0
2021-07-15 15:40:00,NSE:VOLTAS,1042.7,1044.0,1042.7,1044.0,100.0
2021-07-16 09:05:00,NSE:VOLTAS,1044.0,1044.0,1044.0,1044.0,1153.0
2021-07-16 09:15:00,NSE:VOLTAS,1044.05,1048.0,1044.05,1045.75,17886.0
2021-07-16 09:20:00,NSE:VOLTAS,1046.0,1047.5,1043.65,1047.1,9649.0
2021-07-16 09:25:00,NSE:VOLTAS,1047.1,1048.9,1047.0,1048.0,10723.0
2021-07-16 09:30:00,NSE:VOLTAS,1048.5,1049.4,1043.8,1044.5,21216.0
2021-07-16 09:35:00,NSE:VOLTAS,1044.5,1045.9,1043.4,1045.55,5152.0
2021-07-16 09:40:00,NSE:VOLTAS,1045.25,1045.9,1042.8,1042.8,6833.0
2021-07-16 09:45:00,NSE:VOLTAS,1043.3,1047.0,1042.55,1046.25,22665.0
2021-07-16 09:50:00,NSE:VOLTAS,1046.7,1048.0,1046.0,1046.6,10593.0
2021-07-16 09:55:00,NSE:VOLTAS,1046.0,1046.4,1045.2,1045.5,4058.0
2021-07-16 10:00:00,NSE:VOLTAS,1045.15,1045.6,1043.7,1045.0,6075.0
2021-07-16 10:05:00,NSE:VOLTAS,1044.9,1044.95,1043.0,1043.8,7210.0
2021-07-16 10:10:00,NSE:VOLTAS,1043.8,1044.75,1042.55,1044.3,5530.0
2021-07-16 10:15:00,NSE:VOLTAS,1044.25,1045.0,1043.3,1044.35,3618.0
2021-07-16 10:20:00,NSE:VOLTAS,1044.5,1044.65,1042.5,1042.5,2017.0
2021-07-16 10:25:00,NSE:VOLTAS,1042.95,1044.1,1042.5,1044.1,2754.0
2021-07-16 10:30:00,NSE:VOLTAS,1043.5,1044.45,1043.5,1043.5,1834.0
2021-07-16 10:35:00,NSE:VOLTAS,1043.5,1044.45,1043.0,1043.8,2082.0
2021-07-16 10:40:00,NSE:VOLTAS,1043.45,1044.05,1043.35,1043.45,1792.0
2021-07-16 10:45:00,NSE:VOLTAS,1043.9,1044.0,1043.3,1043.95,1696.0
2021-07-16 10:50:00,NSE:VOLTAS,1043.5,1043.95,1043.1,1043.85,2493.0
2021-07-16 10:55:00,NSE:VOLTAS,1043.45,1043.8,1042.8,1043.3,1431.0
2021-07-16 11:00:00,NSE:VOLTAS,1043.3,1045.0,1042.8,1044.75,8097.0
2021-07-16 11:05:00,NSE:VOLTAS,1044.3,1045.0,1043.5,1043.55,1351.0
2021-07-16 11:10:00,NSE:VOLTAS,1043.0,1044.0,1043.0,1043.85,1737.0
2021-07-16 11:15:00,NSE:VOLTAS,1043.5,1043.95,1042.0,1042.0,4289.0
2021-07-16 11:20:00,NSE:VOLTAS,1041.95,1043.0,1041.5,1042.95,8046.0
2021-07-16 11:25:00,NSE:VOLTAS,1042.85,1042.85,1039.1,1040.0,8995.0
2021-07-16 11:30:00,NSE:VOLTAS,1039.5,1041.3,1039.1,1041.3,11081.0
2021-07-16 11:35:00,NSE:VOLTAS,1041.45,1042.4,1040.85,1041.4,3169.0
2021-07-16 11:40:00,NSE:VOLTAS,1041.5,1042.05,1040.7,1041.5,2647.0
2021-07-16 11:45:00,NSE:VOLTAS,1041.3,1041.5,1041.1,1041.5,1118.0
2021-07-16 11:50:00,NSE:VOLTAS,1041.2,1041.5,1040.55,1041.0,5601.0
2021-07-16 11:55:00,NSE:VOLTAS,1041.0,1041.5,1039.6,1040.2,2468.0
2021-07-16 12:00:00,NSE:VOLTAS,1039.7,1040.05,1039.05,1039.3,3637.0
2021-07-16 12:05:00,NSE:VOLTAS,1039.3,1039.6,1038.0,1039.05,5482.0
2021-07-16 12:10:00,NSE:VOLTAS,1039.05,1042.0,1039.05,1042.0,5833.0
2021-07-16 12:15:00,NSE:VOLTAS,1041.15,1042.0,1040.9,1041.45,5875.0
2021-07-16 12:20:00,NSE:VOLTAS,1041.3,1042.0,1041.05,1041.2,1907.0
2021-07-16 12:25:00,NSE:VOLTAS,1041.05,1043.0,1041.05,1043.0,17380.0
2021-07-16 12:30:00,NSE:VOLTAS,1043.0,1046.85,1043.0,1045.0,29480.0
2021-07-16 12:35:00,NSE:VOLTAS,1044.75,1045.7,1044.0,1044.9,4755.0
2021-07-16 12:40:00,NSE:VOLTAS,1044.85,1046.85,1044.25,1046.65,8301.0
2021-07-16 12:45:00,NSE:VOLTAS,1046.2,1048.0,1046.1,1047.15,13935.0
2021-07-16 12:50:00,NSE:VOLTAS,1047.25,1048.85,1046.25,1047.45,20302.0
2021-07-16 12:55:00,NSE:VOLTAS,1047.65,1047.95,1045.45,1046.0,5313.0
2021-07-16 13:00:00,NSE:VOLTAS,1046.0,1046.45,1044.75,1046.45,3687.0
2021-07-16 13:05:00,NSE:VOLTAS,1046.45,1048.6,1046.1,1048.0,7984.0
2021-07-16 13:10:00,NSE:VOLTAS,1047.85,1053.8,1047.8,1051.0,56447.0
2021-07-16 13:15:00,NSE:VOLTAS,1050.8,1050.95,1048.95,1050.0,27851.0
2021-07-16 13:20:00,NSE:VOLTAS,1050.0,1057.85,1048.8,1056.25,52955.0
2021-07-16 13:25:00,NSE:VOLTAS,1056.55,1061.95,1056.25,1057.25,104837.0
2021-07-16 13:30:00,NSE:VOLTAS,1057.0,1057.55,1053.55,1054.7,27787.0
2021-07-16 13:35:00,NSE:VOLTAS,1054.6,1055.0,1053.25,1054.0,17958.0
2021-07-16 13:40:00,NSE:VOLTAS,1054.0,1055.0,1052.15,1052.7,18463.0
2021-07-16 13:45:00,NSE:VOLTAS,1052.95,1056.05,1052.25,1055.55,20074.0
2021-07-16 13:50:00,NSE:VOLTAS,1055.5,1056.0,1054.05,1054.55,18625.0
2021-07-16 13:55:00,NSE:VOLTAS,1054.55,1055.0,1053.6,1054.2,14550.0
2021-07-16 14:00:00,NSE:VOLTAS,1054.55,1055.0,1054.1,1054.85,7826.0
2021-07-16 14:05:00,NSE:VOLTAS,1054.8,1055.0,1053.75,1054.85,7580.0
2021-07-16 14:10:00,NSE:VOLTAS,1054.95,1056.0,1054.05,1055.0,50198.0
2021-07-16 14:15:00,NSE:VOLTAS,1055.0,1058.2,1054.0,1058.2,57175.0
2021-07-16 14:20:00,NSE:VOLTAS,1058.15,1058.5,1056.6,1057.15,17364.0
2021-07-16 14:25:00,NSE:VOLTAS,1057.2,1057.45,1053.55,1054.5,62770.0
2021-07-16 14:30:00,NSE:VOLTAS,1055.0,1059.2,1054.95,1058.0,33661.0
2021-07-16 14:35:00,NSE:VOLTAS,1057.8,1058.0,1055.85,1056.15,14268.0
2021-07-16 14:40:00,NSE:VOLTAS,1056.15,1057.0,1056.0,1056.0,10744.0
2021-07-16 14:45:00,NSE:VOLTAS,1056.3,1056.65,1053.8,1055.0,28610.0
2021-07-16 14:50:00,NSE:VOLTAS,1054.95,1055.0,1054.05,1054.95,10025.0
2021-07-16 14:55:00,NSE:VOLTAS,1055.0,1055.0,1052.5,1052.95,24388.0
2021-07-16 15:00:00,NSE:VOLTAS,1052.75,1054.0,1052.75,1054.0,12748.0
2021-07-16 15:05:00,NSE:VOLTAS,1054.0,1054.0,1052.6,1053.2,18129.0
2021-07-16 15:10:00,NSE:VOLTAS,1052.6,1054.0,1051.7,1052.55,43656.0
2021-07-16 15:15:00,NSE:VOLTAS,1052.6,1053.0,1050.05,1052.0,64825.0
2021-07-16 15:20:00,NSE:VOLTAS,1052.0,1052.5,1049.05,1049.95,94081.0
2021-07-16 15:25:00,NSE:VOLTAS,1049.9,1050.0,1049.0,1049.9,39071.0
2021-07-16 15:30:00,NSE:VOLTAS,1049.8,1049.8,1049.8,1049.8,15.0
2021-07-16 15:40:00,NSE:VOLTAS,1051.05,1051.05,1051.05,1051.05,3.0
2021-07-19 09:05:00,NSE:VOLTAS,1044.75,1044.75,1044.75,1044.75,471.0
2021-07-19 09:15:00,NSE:VOLTAS,1045.15,1045.75,1032.0,1044.85,48269.0
2021-07-19 09:20:00,NSE:VOLTAS,1045.15,1049.4,1044.75,1048.8,20801.0
2021-07-19 09:25:00,NSE:VOLTAS,1048.85,1053.0,1047.55,1051.2,13386.0
2021-07-19 09:30:00,NSE:VOLTAS,1050.55,1053.0,1041.55,1044.1,37135.0
2021-07-19 09:35:00,NSE:VOLTAS,1044.1,1044.6,1040.05,1040.55,18629.0
2021-07-19 09:40:00,NSE:VOLTAS,1040.05,1044.15,1040.05,1042.3,5060.0
2021-07-19 09:45:00,NSE:VOLTAS,1042.1,1043.4,1041.2,1041.85,3442.0
2021-07-19 09:50:00,NSE:VOLTAS,1041.75,1041.75,1038.95,1039.25,11110.0
2021-07-19 09:55:00,NSE:VOLTAS,1039.25,1044.75,1039.2,1041.35,9741.0
2021-07-19 10:00:00,NSE:VOLTAS,1041.45,1043.15,1040.65,1041.75,4825.0
2021-07-19 10:05:00,NSE:VOLTAS,1042.0,1042.4,1039.0,1039.3,20862.0
2021-07-19 10:10:00,NSE:VOLTAS,1039.05,1040.0,1037.4,1039.0,17919.0
2021-07-19 10:15:00,NSE:VOLTAS,1039.0,1039.2,1038.0,1038.7,7647.0
2021-07-19 10:20:00,NSE:VOLTAS,1038.2,1039.75,1038.2,1039.7,4406.0
2021-07-19 10:25:00,NSE:VOLTAS,1039.1,1042.95,1038.8,1041.1,33474.0
2021-07-19 10:30:00,NSE:VOLTAS,1041.1,1041.6,1039.45,1039.5,6728.0
2021-07-19 10:35:00,NSE:VOLTAS,1039.45,1042.0,1039.45,1041.75,2661.0
2021-07-19 10:40:00,NSE:VOLTAS,1041.65,1041.95,1040.5,1041.0,5623.0
2021-07-19 10:45:00,NSE:VOLTAS,1041.0,1041.9,1039.1,1040.85,66623.0
2021-07-19 10:50:00,NSE:VOLTAS,1041.35,1041.35,1039.8,1040.0,108753.0
2021-07-19 10:55:00,NSE:VOLTAS,1040.0,1040.9,1040.0,1040.25,2479.0
2021-07-19 11:00:00,NSE:VOLTAS,1040.0,1041.85,1040.0,1040.05,4888.0
2021-07-19 11:05:00,NSE:VOLTAS,1040.55,1042.6,1040.1,1042.5,2770.0
2021-07-19 11:10:00,NSE:VOLTAS,1041.95,1044.8,1041.95,1044.6,9595.0
2021-07-19 11:15:00,NSE:VOLTAS,1044.15,1047.4,1044.05,1047.15,10725.0
2021-07-19 11:20:00,NSE:VOLTAS,1046.7,1047.9,1044.4,1044.65,12434.0
2021-07-19 11:25:00,NSE:VOLTAS,1044.6,1045.65,1043.5,1044.7,7190.0
2021-07-19 11:30:00,NSE:VOLTAS,1044.7,1046.8,1044.55,1046.1,11770.0
2021-07-19 11:35:00,NSE:VOLTAS,1045.6,1047.0,1045.05,1046.9,5589.0
2021-07-19 11:40:00,NSE:VOLTAS,1047.0,1047.25,1045.45,1045.45,4985.0
2021-07-19 11:45:00,NSE:VOLTAS,1045.45,1049.95,1045.4,1049.8,5956.0
2021-07-19 11:50:00,NSE:VOLTAS,1049.3,1050.7,1046.55,1046.7,9893.0
2021-07-19 11:55:00,NSE:VOLTAS,1047.2,1048.45,1046.7,1048.05,2776.0
2021-07-19 12:00:00,NSE:VOLTAS,1048.0,1048.0,1045.1,1046.05,6264.0
2021-07-19 12:05:00,NSE:VOLTAS,1045.45,1047.05,1045.4,1046.35,3318.0
2021-07-19 12:10:00,NSE:VOLTAS,1046.0,1047.55,1044.05,1046.95,10248.0
2021-07-19 12:15:00,NSE:VOLTAS,1046.95,1047.8,1045.85,1045.95,4000.0
2021-07-19 12:20:00,NSE:VOLTAS,1046.0,1046.3,1044.3,1044.55,5799.0
2021-07-19 12:25:00,NSE:VOLTAS,1044.6,1044.9,1042.85,1043.0,9638.0
2021-07-19 12:30:00,NSE:VOLTAS,1043.1,1043.85,1042.2,1042.85,7696.0
2021-07-19 12:35:00,NSE:VOLTAS,1042.85,1042.95,1040.55,1041.5,12844.0
2021-07-19 12:40:00,NSE:VOLTAS,1041.5,1041.5,1040.2,1040.2,3852.0
2021-07-19 12:45:00,NSE:VOLTAS,1040.2,1041.75,1040.0,1040.0,12473.0
2021-07-19 12:50:00,NSE:VOLTAS,1040.0,1040.5,1039.45,1040.3,4064.0
2021-07-19 12:55:00,NSE:VOLTAS,1039.65,1040.25,1039.6,1040.25,4145.0
2021-07-19 13:00:00,NSE:VOLTAS,1040.25,1040.55,1039.55,1039.75,4928.0
2021-07-19 13:05:00,NSE:VOLTAS,1040.0,1040.25,1039.25,1039.8,8043.0
2021-07-19 13:10:00,NSE:VOLTAS,1040.05,1040.95,1039.4,1040.0,4777.0
2021-07-19 13:15:00,NSE:VOLTAS,1040.2,1040.95,1040.0,1040.0,2333.0
2021-07-19 13:20:00,NSE:VOLTAS,1040.0,1040.65,1040.0,1040.0,2231.0
2021-07-19 13:25:00,NSE:VOLTAS,1040.15,1041.3,1040.0,1040.75,5302.0
2021-07-19 13:30:00,NSE:VOLTAS,1040.75,1041.7,1040.0,1040.0,4285.0
2021-07-19 13:35:00,NSE:VOLTAS,1040.25,1040.75,1040.0,1040.0,1930.0
2021-07-19 13:40:00,NSE:VOLTAS,1040.5,1040.75,1040.05,1040.55,1360.0
2021-07-19 13:45:00,NSE:VOLTAS,1040.55,1040.75,1040.2,1040.25,1842.0
2021-07-19 13:50:00,NSE:VOLTAS,1040.7,1040.75,1040.0,1040.0,1611.0
2021-07-19 13:55:00,NSE:VOLTAS,1040.0,1040.55,1039.7,1040.4,3933.0
2021-07-19 14:00:00,NSE:VOLTAS,1040.55,1040.75,1040.0,1040.5,3450.0
2021-07-19 14:05:00,NSE:VOLTAS,1040.5,1040.75,1040.4,1040.7,1069.0
2021-07-19 14:10:00,NSE:VOLTAS,1040.7,1040.75,1039.55,1040.0,5064.0
2021-07-19 14:15:00,NSE:VOLTAS,1040.0,1040.4,1040.0,1040.05,1799.0
2021-07-19 14:20:00,NSE:VOLTAS,1040.05,1040.4,1039.5,1040.0,2887.0
2021-07-19 14:25:00,NSE:VOLTAS,1040.4,1040.4,1037.1,1038.2,14559.0
2021-07-19 14:30:00,NSE:VOLTAS,1037.6,1037.75,1036.0,1036.0,7418.0
2021-07-19 14:35:00,NSE:VOLTAS,1036.0,1036.35,1033.95,1034.45,10422.0
2021-07-19 14:40:00,NSE:VOLTAS,1034.45,1035.2,1033.9,1033.9,5587.0
2021-07-19 14:45:00,NSE:VOLTAS,1034.0,1036.4,1032.6,1035.15,9388.0
2021-07-19 14:50:00,NSE:VOLTAS,1034.8,1036.0,1034.5,1035.5,21087.0
2021-07-19 14:55:00,NSE:VOLTAS,1035.5,1038.05,1034.5,1038.05,12279.0
2021-07-19 15:00:00,NSE:VOLTAS,1037.1,1039.45,1036.3,1039.45,18134.0
2021-07-19 15:05:00,NSE:VOLTAS,1038.95,1039.35,1038.05,1039.35,9036.0
2021-07-19 15:10:00,NSE:VOLTAS,1038.8,1039.35,1038.05,1039.35,9110.0
2021-07-19 15:15:00,NSE:VOLTAS,1038.35,1039.35,1038.35,1039.25,10484.0
2021-07-19 15:20:00,NSE:VOLTAS,1039.25,1040.95,1039.25,1040.45,12740.0
2021-07-19 15:25:00,NSE:VOLTAS,1040.35,1040.8,1038.15,1040.0,6987.0
2021-07-19 15:40:00,NSE:VOLTAS,1039.05,1039.05,1039.05,1039.05,1.0
2021-07-20 09:05:00,NSE:VOLTAS,1039.05,1039.05,1039.05,1039.05,285.0
2021-07-20 09:15:00,NSE:VOLTAS,1039.95,1040.9,1032.25,1034.25,16331.0
2021-07-20 09:20:00,NSE:VOLTAS,1034.5,1036.8,1033.5,1035.7,8638.0
2021-07-20 09:25:00,NSE:VOLTAS,1035.8,1036.7,1033.75,1034.0,4788.0
2021-07-20 09:30:00,NSE:VOLTAS,1034.6,1035.4,1032.7,1033.0,11339.0
2021-07-20 09:35:00,NSE:VOLTAS,1032.7,1033.0,1031.0,1031.0,6548.0
2021-07-20 09:40:00,NSE:VOLTAS,1031.45,1033.5,1031.4,1032.0,3766.0
2021-07-20 09:45:00,NSE:VOLTAS,1031.9,1033.3,1029.25,1031.55,9242.0
2021-07-20 09:50:00,NSE:VOLTAS,1031.55,1032.25,1028.4,1028.7,6855.0
2021-07-20 09:55:00,NSE:VOLTAS,1028.7,1030.7,1027.2,1030.0,7303.0
2021-07-20 10:00:00,NSE:VOLTAS,1030.0,1030.6,1029.1,1029.35,2063.0
2021-07-20 10:05:00,NSE:VOLTAS,1029.35,1029.85,1027.6,1029.85,4269.0
2021-07-20 10:10:00,NSE:VOLTAS,1029.15,1031.6,1029.15,1031.05,5227.0
2021-07-20 10:15:00,NSE:VOLTAS,1031.05,1031.65,1030.15,1030.4,2230.0
2021-07-20 10:20:00,NSE:VOLTAS,1030.4,1031.05,1029.05,1029.45,2672.0
2021-07-20 10:25:00,NSE:VOLTAS,1029.45,1029.95,1022.05,1024.0,18510.0
2021-07-20 10:30:00,NSE:VOLTAS,1023.4,1025.0,1023.4,1024.5,2199.0
2021-07-20 10:35:00,NSE:VOLTAS,1024.5,1024.5,1022.3,1022.3,7165.0
2021-07-20 10:40:00,NSE:VOLTAS,1022.8,1022.8,1018.6,1018.6,11759.0
2021-07-20 10:45:00,NSE:VOLTAS,1019.0,1019.0,1015.0,1015.75,12436.0
2021-07-20 10:50:00,NSE:VOLTAS,1015.75,1017.0,1013.0,1016.4,12065.0
2021-07-20 10:55:00,NSE:VOLTAS,1016.4,1017.45,1016.05,1016.4,5345.0
2021-07-20 11:00:00,NSE:VOLTAS,1016.55,1016.55,1014.05,1014.25,5515.0
2021-07-20 11:05:00,NSE:VOLTAS,1014.25,1014.85,1011.0,1011.05,8450.0
2021-07-20 11:10:00,NSE:VOLTAS,1011.1,1011.75,1009.05,1009.05,6277.0
2021-07-20 11:15:00,NSE:VOLTAS,1009.05,1009.4,1005.0,1005.65,16540.0
2021-07-20 11:20:00,NSE:VOLTAS,1006.0,1007.5,1004.65,1006.85,8210.0
2021-07-20 11:25:00,NSE:VOLTAS,1006.85,1008.75,1006.0,1007.75,8685.0
2021-07-20 11:30:00,NSE:VOLTAS,1007.7,1011.0,1007.7,1010.4,7255.0
2021-07-20 11:35:00,NSE:VOLTAS,1010.55,1014.5,1010.55,1013.0,11031.0
2021-07-20 11:40:00,NSE:VOLTAS,1013.65,1017.0,1013.0,1016.8,14524.0
2021-07-20 11:45:00,NSE:VOLTAS,1016.8,1018.0,1015.1,1017.05,12320.0
2021-07-20 11:50:00,NSE:VOLTAS,1017.05,1018.2,1016.35,1017.2,3553.0
2021-07-20 11:55:00,NSE:VOLTAS,1017.0,1017.0,1015.05,1015.05,4846.0
2021-07-20 12:00:00,NSE:VOLTAS,1015.0,1016.1,1014.7,1016.0,3898.0
2021-07-20 12:05:00,NSE:VOLTAS,1015.6,1016.0,1014.3,1014.7,1239.0
2021-07-20 12:10:00,NSE:VOLTAS,1014.5,1015.7,1014.05,1015.45,2671.0
2021-07-20 12:15:00,NSE:VOLTAS,1014.9,1015.7,1014.45,1015.7,1870.0
2021-07-20 12:20:00,NSE:VOLTAS,1015.95,1017.65,1015.25,1017.05,2373.0
2021-07-20 12:25:00,NSE:VOLTAS,1017.0,1018.4,1016.95,1017.85,2545.0
2021-07-20 12:30:00,NSE:VOLTAS,1017.85,1019.35,1017.65,1018.75,3015.0
2021-07-20 12:35:00,NSE:VOLTAS,1018.75,1019.85,1018.5,1018.65,3613.0
2021-07-20 12:40:00,NSE:VOLTAS,1018.65,1019.95,1018.2,1019.35,5847.0
2021-07-20 12:45:00,NSE:VOLTAS,1019.35,1022.0,1019.35,1021.5,9088.0
2021-07-20 12:50:00,NSE:VOLTAS,1021.5,1021.5,1020.45,1020.95,2407.0
2021-07-20 12:55:00,NSE:VOLTAS,1020.6,1022.3,1020.3,1022.1,3539.0
2021-07-20 13:00:00,NSE:VOLTAS,1022.0,1024.3,1022.0,1023.7,3439.0
2021-07-20 13:05:00,NSE:VOLTAS,1023.7,1025.75,1023.7,1024.5,7472.0
2021-07-20 13:10:00,NSE:VOLTAS,1024.5,1024.5,1022.8,1023.0,3651.0
2021-07-20 13:15:00,NSE:VOLTAS,1022.95,1024.25,1022.75,1023.0,5543.0
2021-07-20 13:20:00,NSE:VOLTAS,1022.85,1024.0,1022.8,1022.8,1156.0
2021-07-20 13:25:00,NSE:VOLTAS,1022.8,1022.95,1021.25,1021.5,1588.0
2021-07-20 13:30:00,NSE:VOLTAS,1021.5,1023.25,1021.1,1022.45,1669.0
2021-07-20 13:35:00,NSE:VOLTAS,1022.85,1023.6,1022.0,1023.15,2282.0
2021-07-20 13:40:00,NSE:VOLTAS,1022.7,1023.55,1021.6,1023.1,5475.0
2021-07-20 13:45:00,NSE:VOLTAS,1023.1,1023.7,1023.0,1023.0,454.0
2021-07-20 13:50:00,NSE:VOLTAS,1023.0,1023.45,1022.0,1023.4,2292.0
2021-07-20 13:55:00,NSE:VOLTAS,1023.35,1024.6,1022.65,1024.45,1896.0
2021-07-20 14:00:00,NSE:VOLTAS,1024.45,1026.6,1024.0,1025.8,3227.0
2021-07-20 14:05:00,NSE:VOLTAS,1025.85,1026.35,1024.9,1025.8,2722.0
2021-07-20 14:10:00,NSE:VOLTAS,1025.9,1028.0,1025.9,1026.65,5442.0
2021-07-20 14:15:00,NSE:VOLTAS,1027.0,1029.0,1024.55,1024.55,3244.0
2021-07-20 14:20:00,NSE:VOLTAS,1024.05,1026.55,1024.05,1026.55,5490.0
2021-07-20 14:25:00,NSE:VOLTAS,1026.5,1027.5,1026.0,1027.5,2017.0
2021-07-20 14:30:00,NSE:VOLTAS,1027.85,1027.9,1026.1,1027.1,8622.0
2021-07-20 14:35:00,NSE:VOLTAS,1027.65,1027.65,1026.0,1027.2,1685.0
2021-07-20 14:40:00,NSE:VOLTAS,1026.8,1028.9,1026.7,1028.5,5064.0
2021-07-20 14:45:00,NSE:VOLTAS,1027.95,1028.95,1027.3,1028.1,1698.0
2021-07-20 14:50:00,NSE:VOLTAS,1028.1,1030.0,1028.1,1029.6,5620.0
2021-07-20 14:55:00,NSE:VOLTAS,1029.9,1030.15,1028.6,1029.8,4638.0
2021-07-20 15:00:00,NSE:VOLTAS,1030.0,1030.0,1026.7,1027.15,7433.0
2021-07-20 15:05:00,NSE:VOLTAS,1027.6,1028.25,1026.1,1027.7,3853.0
2021-07-20 15:10:00,NSE:VOLTAS,1027.9,1027.9,1025.8,1025.8,5994.0
2021-07-20 15:15:00,NSE:VOLTAS,1026.3,1027.0,1025.95,1026.8,5973.0
2021-07-20 15:20:00,NSE:VOLTAS,1026.4,1027.5,1026.1,1026.4,8153.0
2021-07-20 15:25:00,NSE:VOLTAS,1026.4,1027.0,1024.1,1024.15,10538.0
2021-07-22 09:05:00,NSE:VOLTAS,1037.0,1037.0,1037.0,1037.0,721.0
2021-07-22 09:15:00,NSE:VOLTAS,1034.25,1042.2,1032.6,1039.9,39946.0
2021-07-22 09:20:00,NSE:VOLTAS,1040.0,1043.0,1034.15,1036.45,27582.0
2021-07-22 09:25:00,NSE:VOLTAS,1037.0,1038.75,1031.85,1032.7,19405.0
2021-07-22 09:30:00,NSE:VOLTAS,1032.55,1034.0,1026.0,1032.3,29623.0
2021-07-22 09:35:00,NSE:VOLTAS,1032.3,1038.65,1031.65,1038.0,20083.0
2021-07-22 09:40:00,NSE:VOLTAS,1038.2,1052.0,1037.0,1050.25,79335.0
2021-07-22 09:45:00,NSE:VOLTAS,1050.55,1055.9,1045.05,1046.4,79676.0
2021-07-22 09:50:00,NSE:VOLTAS,1046.9,1048.2,1045.0,1047.0,20841.0
2021-07-22 09:55:00,NSE:VOLTAS,1046.95,1049.3,1046.0,1047.05,16374.0
2021-07-22 10:00:00,NSE:VOLTAS,1046.6,1054.25,1046.6,1053.1,48213.0
2021-07-22 10:05:00,NSE:VOLTAS,1053.0,1054.95,1050.5,1054.95,32833.0
2021-07-22 10:10:00,NSE:VOLTAS,1054.85,1054.9,1051.9,1051.95,17242.0
2021-07-22 10:15:00,NSE:VOLTAS,1051.25,1054.0,1049.05,1051.25,39672.0
2021-07-22 10:20:00,NSE:VOLTAS,1051.2,1051.25,1047.2,1050.0,23012.0
2021-07-22 10:25:00,NSE:VOLTAS,1049.75,1052.5,1049.65,1052.25,18744.0
2021-07-22 10:30:00,NSE:VOLTAS,1052.5,1053.35,1051.55,1052.5,8295.0
2021-07-22 10:35:00,NSE:VOLTAS,1052.55,1054.6,1052.55,1053.35,12933.0
2021-07-22 10:40:00,NSE:VOLTAS,1053.35,1053.35,1050.35,1050.5,5574.0
2021-07-22 10:45:00,NSE:VOLTAS,1050.4,1052.35,1049.65,1052.35,11897.0
2021-07-22 10:50:00,NSE:VOLTAS,1052.4,1053.55,1051.45,1052.4,8778.0
2021-07-22 10:55:00,NSE:VOLTAS,1052.5,1053.0,1051.3,1052.05,5745.0
2021-07-22 11:00:00,NSE:VOLTAS,1052.05,1053.7,1051.6,1052.7,5996.0
2021-07-22 11:05:00,NSE:VOLTAS,1052.0,1055.0,1052.0,1054.8,11931.0
2021-07-22 11:10:00,NSE:VOLTAS,1054.75,1054.75,1052.6,1053.0,4847.0
2021-07-22 11:15:00,NSE:VOLTAS,1053.0,1054.05,1052.85,1053.65,4089.0
2021-07-22 11:20:00,NSE:VOLTAS,1053.65,1054.0,1051.85,1052.2,2777.0
2021-07-22 11:25:00,NSE:VOLTAS,1052.2,1052.2,1051.0,1051.9,3360.0
2021-07-22 11:30:00,NSE:VOLTAS,1051.95,1052.0,1050.15,1051.15,5976.0
2021-07-22 11:35:00,NSE:VOLTAS,1051.15,1052.0,1050.35,1051.8,6585.0
2021-07-22 11:40:00,NSE:VOLTAS,1051.25,1052.0,1050.65,1050.65,5768.0
2021-07-22 11:45:00,NSE:VOLTAS,1050.65,1052.0,1050.05,1052.0,4502.0
2021-07-22 11:50:00,NSE:VOLTAS,1052.0,1052.0,1050.05,1050.65,2987.0
2021-07-22 11:55:00,NSE:VOLTAS,1050.6,1050.8,1050.05,1050.8,2144.0
2021-07-22 12:00:00,NSE:VOLTAS,1050.7,1050.95,1046.3,1047.5,17190.0
2021-07-22 12:05:00,NSE:VOLTAS,1047.2,1047.95,1043.85,1046.0,15538.0
2021-07-22 12:10:00,NSE:VOLTAS,1045.9,1046.1,1043.3,1044.3,9154.0
2021-07-22 12:15:00,NSE:VOLTAS,1044.0,1044.25,1041.0,1042.6,11239.0
2021-07-22 12:20:00,NSE:VOLTAS,1042.8,1043.9,1042.5,1043.5,2627.0
2021-07-22 12:25:00,NSE:VOLTAS,1043.25,1045.2,1042.35,1042.95,5403.0
2021-07-22 12:30:00,NSE:VOLTAS,1042.2,1043.6,1041.15,1042.0,8303.0
2021-07-22 12:35:00,NSE:VOLTAS,1042.0,1046.25,1041.45,1044.7,13064.0
2021-07-22 12:40:00,NSE:VOLTAS,1045.0,1046.0,1044.3,1045.1,2375.0
2021-07-22 12:45:00,NSE:VOLTAS,1045.1,1045.65,1044.65,1044.95,2642.0
2021-07-22 12:50:00,NSE:VOLTAS,1044.5,1044.85,1043.5,1044.1,3169.0
2021-07-22 12:55:00,NSE:VOLTAS,1043.1,1044.6,1043.1,1043.7,2713.0
2021-07-22 13:00:00,NSE:VOLTAS,1044.15,1045.35,1043.25,1044.85,2357.0
2021-07-22 13:05:00,NSE:VOLTAS,1044.85,1045.95,1044.1,1044.15,5985.0
2021-07-22 13:10:00,NSE:VOLTAS,1044.65,1045.95,1044.0,1044.5,2448.0
2021-07-22 13:15:00,NSE:VOLTAS,1044.1,1044.55,1043.2,1043.9,4436.0
2021-07-22 13:20:00,NSE:VOLTAS,1043.35,1044.55,1043.35,1044.05,1098.0
2021-07-22 13:25:00,NSE:VOLTAS,1044.0,1044.55,1043.05,1043.3,2920.0
2021-07-22 13:30:00,NSE:VOLTAS,1043.3,1044.6,1043.0,1044.1,4098.0
2021-07-22 13:35:00,NSE:VOLTAS,1044.4,1046.0,1044.3,1045.1,5512.0
2021-07-22 13:40:00,NSE:VOLTAS,1045.1,1045.5,1044.7,1044.9,1284.0
2021-07-22 13:45:00,NSE:VOLTAS,1044.6,1045.0,1043.15,1044.05,2660.0
2021-07-22 13:50:00,NSE:VOLTAS,1044.95,1045.5,1044.45,1045.2,1549.0
2021-07-22 13:55:00,NSE:VOLTAS,1045.1,1046.0,1045.0,1045.45,5906.0
2021-07-22 14:00:00,NSE:VOLTAS,1045.15,1049.0,1045.0,1047.75,13252.0
2021-07-22 14:05:00,NSE:VOLTAS,1048.0,1049.7,1047.45,1048.45,7450.0
2021-07-22 14:10:00,NSE:VOLTAS,1048.4,1049.9,1048.0,1049.5,7284.0
2021-07-22 14:15:00,NSE:VOLTAS,1049.45,1050.0,1046.9,1047.0,15807.0
2021-07-22 14:20:00,NSE:VOLTAS,1046.5,1047.3,1045.2,1046.35,6598.0
2021-07-22 14:25:00,NSE:VOLTAS,1046.25,1046.7,1045.15,1046.25,3670.0
2021-07-22 14:30:00,NSE:VOLTAS,1046.25,1046.85,1045.35,1046.0,3205.0
2021-07-22 14:35:00,NSE:VOLTAS,1045.55,1046.15,1045.45,1045.6,1338.0
2021-07-22 14:40:00,NSE:VOLTAS,1045.6,1045.95,1044.5,1045.05,4553.0
2021-07-22 14:45:00,NSE:VOLTAS,1045.25,1046.85,1045.05,1045.05,5146.0
2021-07-22 14:50:00,NSE:VOLTAS,1045.05,1046.35,1044.75,1044.75,5967.0
2021-07-22 14:55:00,NSE:VOLTAS,1045.25,1048.0,1045.15,1048.0,8444.0
2021-07-22 15:00:00,NSE:VOLTAS,1048.0,1049.8,1047.5,1049.1,11145.0
2021-07-22 15:05:00,NSE:VOLTAS,1049.6,1049.8,1048.05,1049.05,5668.0
2021-07-22 15:10:00,NSE:VOLTAS,1049.3,1049.6,1047.7,1048.4,10056.0
2021-07-22 15:15:00,NSE:VOLTAS,1048.1,1049.0,1047.8,1049.0,14731.0
2021-07-22 15:20:00,NSE:VOLTAS,1049.0,1050.75,1049.0,1050.65,21563.0
2021-07-22 15:25:00,NSE:VOLTAS,1050.7,1050.85,1048.0,1050.0,15739.0
2021-07-22 15:30:00,NSE:VOLTAS,1050.25,1050.25,1050.25,1050.25,20.0
2021-07-22 15:40:00,NSE:VOLTAS,1049.2,1049.2,1049.2,1049.2,4.0
2021-07-23 09:05:00,NSE:VOLTAS,1056.0,1056.0,1056.0,1056.0,917.0
2021-07-23 09:15:00,NSE:VOLTAS,1054.85,1055.5,1050.0,1053.95,18546.0
2021-07-23 09:20:00,NSE:VOLTAS,1053.95,1054.7,1050.55,1050.55,14026.0
2021-07-23 09:25:00,NSE:VOLTAS,1050.45,1053.35,1050.3,1050.3,9099.0
2021-07-23 09:30:00,NSE:VOLTAS,1050.95,1050.95,1043.55,1044.85,23075.0
2021-07-23 09:35:00,NSE:VOLTAS,1043.55,1047.45,1043.5,1046.0,8253.0
2021-07-23 09:40:00,NSE:VOLTAS,1045.45,1046.0,1043.5,1044.35,4982.0
2021-07-23 09:45:00,NSE:VOLTAS,1044.05,1046.1,1043.1,1045.85,16142.0
2021-07-23 09:50:00,NSE:VOLTAS,1045.8,1050.0,1045.2,1049.2,9379.0
2021-07-23 09:55:00,NSE:VOLTAS,1049.9,1049.95,1048.15,1049.9,5525.0
2021-07-23 10:00:00,NSE:VOLTAS,1049.3,1051.0,1047.25,1048.3,8612.0
2021-07-23 10:05:00,NSE:VOLTAS,1047.55,1047.55,1045.05,1045.05,5068.0
2021-07-23 10:10:00,NSE:VOLTAS,1045.55,1049.7,1045.4,1049.7,7943.0
2021-07-23 10:15:00,NSE:VOLTAS,1049.7,1052.0,1049.5,1051.95,9885.0
2021-07-23 10:20:00,NSE:VOLTAS,1051.95,1052.0,1049.8,1051.35,10108.0
2021-07-23 10:25:00,NSE:VOLTAS,1051.1,1052.8,1050.05,1052.3,7022.0
2021-07-23 10:30:00,NSE:VOLTAS,1052.5,1052.5,1050.05,1051.7,9457.0
2021-07-23 10:35:00,NSE:VOLTAS,1051.7,1052.0,1048.0,1048.5,6640.0
2021-07-23 10:40:00,NSE:VOLTAS,1048.1,1048.7,1046.35,1047.9,5491.0
2021-07-23 10:45:00,NSE:VOLTAS,1047.35,1048.35,1047.25,1047.7,2576.0
2021-07-23 10:50:00,NSE:VOLTAS,1047.75,1047.75,1045.0,1046.1,4814.0
2021-07-23 10:55:00,NSE:VOLTAS,1046.5,1047.75,1045.6,1046.65,4592.0
2021-07-23 11:00:00,NSE:VOLTAS,1046.45,1046.45,1045.55,1046.0,2052.0
2021-07-23 11:05:00,NSE:VOLTAS,1046.0,1047.45,1046.0,1047.35,2380.0
2021-07-23 11:10:00,NSE:VOLTAS,1046.9,1047.55,1044.15,1045.85,7084.0
2021-07-23 11:15:00,NSE:VOLTAS,1044.85,1045.7,1044.5,1045.6,4106.0
2021-07-23 11:20:00,NSE:VOLTAS,1045.4,1046.8,1045.25,1045.6,1056.0
2021-07-23 11:25:00,NSE:VOLTAS,1045.6,1047.0,1044.1,1047.0,9453.0
2021-07-23 11:30:00,NSE:VOLTAS,1047.0,1047.0,1045.65,1045.65,1158.0
2021-07-23 11:35:00,NSE:VOLTAS,1046.25,1047.5,1045.2,1047.4,2640.0
2021-07-23 11:40:00,NSE:VOLTAS,1046.8,1047.5,1046.8,1047.4,262.0
2021-07-23 11:45:00,NSE:VOLTAS,1047.4,1047.85,1047.4,1047.85,1176.0
2021-07-23 11:50:00,NSE:VOLTAS,1047.85,1048.0,1047.05,1048.0,1262.0
2021-07-23 11:55:00,NSE:VOLTAS,1048.0,1048.0,1046.85,1047.05,3551.0
2021-07-23 12:00:00,NSE:VOLTAS,1047.0,1050.0,1047.0,1049.85,6471.0
2021-07-23 12:05:00,NSE:VOLTAS,1049.85,1050.2,1049.35,1049.7,5047.0
2021-07-23 12:10:00,NSE:VOLTAS,1050.0,1050.2,1047.75,1048.55,2987.0
2021-07-23 12:15:00,NSE:VOLTAS,1048.65,1049.5,1048.1,1049.5,1510.0
2021-07-23 12:20:00,NSE:VOLTAS,1049.5,1049.9,1048.9,1049.9,565.0
2021-07-23 12:25:00,NSE:VOLTAS,1049.85,1050.0,1049.0,1050.0,792.0
2021-07-23 12:30:00,NSE:VOLTAS,1050.0,1050.0,1049.3,1050.0,1739.0
2021-07-23 12:35:00,NSE:VOLTAS,1049.6,1050.0,1049.1,1049.95,4003.0
2021-07-23 12:40:00,NSE:VOLTAS,1049.9,1049.95,1048.7,1049.9,966.0
2021-07-23 12:45:00,NSE:VOLTAS,1050.0,1050.0,1050.0,1050.0,113.0
2021-07-23 12:55:00,NSE:VOLTAS,1050.6,1051.85,1050.55,1051.6,9663.0
2021-07-23 13:00:00,NSE:VOLTAS,1051.05,1051.05,1051.05,1051.05,44.0
2021-07-23 13:15:00,NSE:VOLTAS,1049.9,1049.9,1049.65,1049.85,11142.0
2021-07-23 13:25:00,NSE:VOLTAS,1050.0,1050.2,1049.45,1049.5,7762.0
2021-07-23 13:30:00,NSE:VOLTAS,1049.45,1050.8,1049.25,1050.7,3803.0
2021-07-23 13:35:00,NSE:VOLTAS,1050.0,1052.0,1049.95,1052.0,4324.0
2021-07-23 13:40:00,NSE:VOLTAS,1052.3,1053.0,1051.3,1051.5,7527.0
2021-07-23 13:45:00,NSE:VOLTAS,1051.4,1052.0,1051.0,1051.05,4023.0
2021-07-23 13:50:00,NSE:VOLTAS,1051.05,1051.95,1051.0,1051.0,2516.0
2021-07-23 13:55:00,NSE:VOLTAS,1051.3,1052.75,1051.0,1052.0,4098.0
2021-07-23 14:00:00,NSE:VOLTAS,1051.5,1051.95,1051.0,1051.1,1037.0
2021-07-23 14:05:00,NSE:VOLTAS,1051.8,1052.15,1050.15,1050.4,6347.0
2021-07-23 14:10:00,NSE:VOLTAS,1050.85,1051.9,1050.75,1051.9,1373.0
2021-07-23 14:15:00,NSE:VOLTAS,1051.3,1051.9,1051.3,1051.5,493.0
2021-07-23 14:20:00,NSE:VOLTAS,1051.5,1051.7,1051.0,1051.7,3101.0
2021-07-23 14:25:00,NSE:VOLTAS,1051.65,1051.65,1048.75,1049.9,14444.0
2021-07-23 14:30:00,NSE:VOLTAS,1049.9,1051.0,1049.9,1050.45,3880.0
2021-07-23 14:35:00,NSE:VOLTAS,1050.0,1051.4,1050.0,1051.0,2464.0
2021-07-23 14:40:00,NSE:VOLTAS,1051.35,1052.0,1051.0,1051.0,3262.0
2021-07-23 14:45:00,NSE:VOLTAS,1051.0,1052.55,1050.8,1052.0,5423.0
2021-07-23 14:50:00,NSE:VOLTAS,1052.1,1052.45,1048.7,1049.1,4248.0
2021-07-23 14:55:00,NSE:VOLTAS,1049.25,1049.6,1047.3,1048.55,8155.0
2021-07-23 15:00:00,NSE:VOLTAS,1048.55,1048.9,1045.45,1045.45,6677.0
2021-07-23 15:05:00,NSE:VOLTAS,1047.2,1047.2,1045.1,1045.3,13399.0
2021-07-23 15:10:00,NSE:VOLTAS,1045.3,1045.95,1043.85,1045.0,12291.0
2021-07-23 15:15:00,NSE:VOLTAS,1045.35,1045.7,1044.85,1045.0,11951.0
2021-07-23 15:20:00,NSE:VOLTAS,1045.0,1045.5,1044.25,1045.25,16233.0
2021-07-23 15:25:00,NSE:VOLTAS,1045.2,1047.9,1044.25,1044.25,10121.0
2021-07-23 15:40:00,NSE:VOLTAS,1045.4,1045.4,1044.25,1044.25,25.0
2021-07-26 09:05:00,NSE:VOLTAS,1040.25,1040.25,1040.25,1040.25,1878.0
2021-07-26 09:15:00,NSE:VOLTAS,1040.25,1047.85,1035.0,1036.0,27376.0
2021-07-26 09:20:00,NSE:VOLTAS,1035.55,1037.65,1032.25,1037.5,12215.0
2021-07-26 09:25:00,NSE:VOLTAS,1037.7,1040.55,1037.05,1040.55,9384.0
2021-07-26 09:30:00,NSE:VOLTAS,1040.55,1040.55,1036.5,1038.15,8866.0
2021-07-26 09:35:00,NSE:VOLTAS,1038.15,1039.95,1037.9,1038.35,7713.0
2021-07-26 09:40:00,NSE:VOLTAS,1037.9,1038.15,1036.45,1037.2,8553.0
2021-07-26 09:45:00,NSE:VOLTAS,1036.85,1037.8,1036.0,1037.55,4201.0
2021-07-26 09:50:00,NSE:VOLTAS,1036.95,1039.9,1036.95,1039.5,2127.0
2021-07-26 09:55:00,NSE:VOLTAS,1039.9,1041.3,1039.2,1039.5,8341.0
2021-07-26 10:00:00,NSE:VOLTAS,1039.25,1042.45,1039.25,1041.1,11426.0
2021-07-26 10:05:00,NSE:VOLTAS,1041.75,1042.0,1040.4,1041.6,3558.0
2021-07-26 10:10:00,NSE:VOLTAS,1041.8,1043.45,1041.3,1042.6,4198.0
2021-07-26 10:15:00,NSE:VOLTAS,1042.55,1043.4,1041.8,1042.55,9165.0
2021-07-26 10:20:00,NSE:VOLTAS,1041.9,1043.15,1040.25,1041.6,4059.0
2021-07-26 10:25:00,NSE:VOLTAS,1042.0,1042.85,1041.9,1042.6,1440.0
2021-07-26 10:30:00,NSE:VOLTAS,1042.6,1043.4,1041.7,1042.35,3057.0
2021-07-26 10:35:00,NSE:VOLTAS,1042.45,1043.4,1042.45,1043.2,1578.0
2021-07-26 10:40:00,NSE:VOLTAS,1043.3,1043.3,1042.35,1042.35,1026.0
2021-07-26 10:45:00,NSE:VOLTAS,1042.5,1043.0,1041.65,1042.85,2591.0
2021-07-26 10:50:00,NSE:VOLTAS,1042.4,1042.85,1041.85,1042.0,1130.0
2021-07-26 10:55:00,NSE:VOLTAS,1041.95,1042.65,1041.65,1042.45,668.0
2021-07-26 11:00:00,NSE:VOLTAS,1042.45,1042.7,1041.45,1041.5,1603.0
2021-07-26 11:05:00,NSE:VOLTAS,1041.4,1042.2,1041.4,1042.2,705.0
2021-07-26 11:10:00,NSE:VOLTAS,1041.6,1042.0,1040.5,1041.0,1166.0
2021-07-26 11:15:00,NSE:VOLTAS,1041.0,1042.85,1040.4,1042.85,4069.0
2021-07-26 11:20:00,NSE:VOLTAS,1042.6,1042.9,1042.0,1042.55,3272.0
2021-07-26 11:25:00,NSE:VOLTAS,1042.9,1043.0,1041.2,1041.85,4369.0
2021-07-26 11:30:00,NSE:VOLTAS,1041.85,1041.95,1040.0,1040.1,3586.0
2021-07-26 11:35:00,NSE:VOLTAS,1040.1,1040.55,1039.7,1039.7,2446.0
2021-07-26 11:40:00,NSE:VOLTAS,1039.7,1040.0,1038.45,1039.85,4913.0
2021-07-26 11:45:00,NSE:VOLTAS,1039.75,1040.65,1039.2,1040.0,3277.0
2021-07-26 11:50:00,NSE:VOLTAS,1039.95,1042.95,1039.6,1042.6,3224.0
2021-07-26 11:55:00,NSE:VOLTAS,1042.65,1042.65,1041.5,1041.85,1459.0
2021-07-26 12:00:00,NSE:VOLTAS,1041.55,1041.7,1039.0,1040.15,9400.0
2021-07-26 12:05:00,NSE:VOLTAS,1040.15,1041.45,1039.7,1040.55,2136.0
2021-07-26 12:10:00,NSE:VOLTAS,1041.2,1043.45,1040.45,1043.15,4674.0
2021-07-26 12:15:00,NSE:VOLTAS,1042.45,1043.0,1041.5,1041.5,3061.0
2021-07-26 12:20:00,NSE:VOLTAS,1042.0,1043.8,1041.95,1043.75,2890.0
2021-07-26 12:25:00,NSE:VOLTAS,1043.8,1044.3,1042.55,1043.1,6221.0
2021-07-26 12:30:00,NSE:VOLTAS,1043.3,1044.05,1043.0,1043.95,3497.0
2021-07-26 12:35:00,NSE:VOLTAS,1043.95,1044.3,1043.1,1044.0,1289.0
2021-07-26 12:40:00,NSE:VOLTAS,1044.0,1044.0,1042.1,1042.75,1747.0
2021-07-26 12:45:00,NSE:VOLTAS,1042.75,1044.0,1042.15,1042.4,4260.0
2021-07-26 12:50:00,NSE:VOLTAS,1042.85,1042.85,1041.85,1042.35,1369.0
2021-07-26 12:55:00,NSE:VOLTAS,1042.0,1043.8,1041.55,1042.5,3706.0
2021-07-26 13:00:00,NSE:VOLTAS,1042.75,1044.0,1042.35,1044.0,7161.0
2021-07-26 13:05:00,NSE:VOLTAS,1043.1,1043.75,1041.85,1042.15,6694.0
2021-07-26 13:10:00,NSE:VOLTAS,1041.9,1042.4,1040.0,1040.5,5077.0
2021-07-26 13:15:00,NSE:VOLTAS,1040.6,1043.3,1040.3,1043.3,1577.0
2021-07-26 13:20:00,NSE:VOLTAS,1043.3,1043.3,1041.95,1042.5,2107.0
2021-07-26 13:25:00,NSE:VOLTAS,1042.4,1044.0,1042.15,1042.7,6307.0
2021-07-26 13:30:00,NSE:VOLTAS,1042.7,1043.9,1040.85,1041.0,6871.0
2021-07-26 13:35:00,NSE:VOLTAS,1040.9,1044.0,1040.9,1042.7,1724.0
2021-07-26 13:40:00,NSE:VOLTAS,1042.9,1044.0,1042.55,1043.1,3603.0
2021-07-26 13:45:00,NSE:VOLTAS,1043.1,1043.7,1042.75,1043.25,1301.0
2021-07-26 13:50:00,NSE:VOLTAS,1043.25,1043.7,1042.65,1042.65,1611.0
2021-07-26 13:55:00,NSE:VOLTAS,1043.35,1043.35,1041.5,1041.9,2138.0
2021-07-26 14:00:00,NSE:VOLTAS,1041.95,1042.35,1040.25,1042.35,2596.0
2021-07-26 14:05:00,NSE:VOLTAS,1042.3,1042.3,1040.8,1041.8,2907.0
2021-07-26 14:10:00,NSE:VOLTAS,1041.8,1041.8,1040.25,1040.3,1872.0
2021-07-26 14:15:00,NSE:VOLTAS,1040.6,1041.85,1040.1,1041.75,2854.0
2021-07-26 14:20:00,NSE:VOLTAS,1041.75,1042.4,1041.15,1042.4,2338.0
2021-07-26 14:25:00,NSE:VOLTAS,1042.4,1042.95,1041.55,1042.8,2046.0
2021-07-26 14:30:00,NSE:VOLTAS,1042.9,1042.95,1040.0,1040.1,3060.0
2021-07-26 14:35:00,NSE:VOLTAS,1040.0,1041.35,1039.85,1040.55,3290.0
2021-07-26 14:40:00,NSE:VOLTAS,1041.15,1041.55,1037.0,1037.2,7169.0
2021-07-26 14:45:00,NSE:VOLTAS,1037.0,1037.1,1034.0,1034.3,10240.0
2021-07-26 14:50:00,NSE:VOLTAS,1034.3,1035.4,1034.0,1035.0,3476.0
2021-07-26 14:55:00,NSE:VOLTAS,1035.0,1035.0,1028.9,1029.0,139750.0
2021-07-26 15:00:00,NSE:VOLTAS,1029.0,1030.0,1025.1,1026.0,62566.0
2021-07-26 15:05:00,NSE:VOLTAS,1025.95,1027.25,1025.6,1025.95,33732.0
2021-07-26 15:10:00,NSE:VOLTAS,1026.25,1027.35,1025.9,1026.65,35481.0
2021-07-26 15:15:00,NSE:VOLTAS,1026.65,1027.6,1026.3,1027.0,34586.0
2021-07-26 15:20:00,NSE:VOLTAS,1026.9,1028.05,1026.5,1027.0,40362.0
2021-07-26 15:25:00,NSE:VOLTAS,1026.95,1031.2,1026.65,1030.0,38758.0
2021-07-26 15:40:00,NSE:VOLTAS,1026.95,1026.95,1026.95,1026.95,6.0
2021-07-27 09:05:00,NSE:VOLTAS,1033.75,1033.75,1033.75,1033.75,2082.0
2021-07-27 09:15:00,NSE:VOLTAS,1036.2,1039.25,1033.5,1038.7,34951.0
2021-07-27 09:20:00,NSE:VOLTAS,1038.7,1041.95,1037.55,1039.0,26214.0
2021-07-27 09:25:00,NSE:VOLTAS,1039.0,1042.0,1037.95,1041.8,10866.0
2021-07-27 09:30:00,NSE:VOLTAS,1042.55,1045.65,1041.55,1045.4,31023.0
2021-07-27 09:35:00,NSE:VOLTAS,1045.5,1048.0,1044.0,1047.4,33981.0
2021-07-27 09:40:00,NSE:VOLTAS,1047.4,1047.45,1043.45,1043.9,12406.0
2021-07-27 09:45:00,NSE:VOLTAS,1043.45,1044.25,1042.15,1042.65,15089.0
2021-07-27 09:50:00,NSE:VOLTAS,1042.65,1042.65,1040.1,1041.5,24336.0
2021-07-27 09:55:00,NSE:VOLTAS,1041.0,1044.1,1041.0,1043.2,7009.0
2021-07-27 10:00:00,NSE:VOLTAS,1042.55,1043.5,1042.05,1042.05,2304.0
2021-07-27 10:05:00,NSE:VOLTAS,1042.55,1043.5,1041.5,1042.5,3738.0
2021-07-27 10:10:00,NSE:VOLTAS,1042.8,1043.0,1041.35,1042.45,7752.0
2021-07-27 10:15:00,NSE:VOLTAS,1043.0,1045.8,1042.95,1044.25,13046.0
2021-07-27 10:20:00,NSE:VOLTAS,1044.2,1044.2,1040.6,1042.6,7127.0
2021-07-27 10:25:00,NSE:VOLTAS,1042.6,1043.0,1041.5,1042.0,5669.0
2021-07-27 10:30:00,NSE:VOLTAS,1041.8,1044.55,1041.7,1044.45,3365.0
2021-07-27 10:35:00,NSE:VOLTAS,1044.3,1044.3,1042.05,1043.0,5157.0
2021-07-27 10:40:00,NSE:VOLTAS,1043.4,1043.4,1042.35,1042.85,3251.0
2021-07-27 10:45:00,NSE:VOLTAS,1042.85,1042.85,1041.55,1041.7,1892.0
2021-07-27 10:50:00,NSE:VOLTAS,1041.65,1041.9,1041.0,1041.8,5642.0
2021-07-27 10:55:00,NSE:VOLTAS,1041.8,1041.8,1039.4,1040.95,113895.0
2021-07-27 11:00:00,NSE:VOLTAS,1040.95,1041.0,1038.8,1039.4,6021.0
2021-07-27 11:05:00,NSE:VOLTAS,1039.55,1040.0,1038.0,1038.65,5851.0
2021-07-27 11:10:00,NSE:VOLTAS,1038.6,1039.25,1038.4,1038.95,2215.0
2021-07-27 11:15:00,NSE:VOLTAS,1039.0,1040.35,1038.75,1039.6,4381.0
2021-07-27 11:20:00,NSE:VOLTAS,1039.25,1040.2,1038.35,1038.75,4303.0
2021-07-27 11:25:00,NSE:VOLTAS,1038.7,1039.6,1035.2,1035.5,13869.0
2021-07-27 11:30:00,NSE:VOLTAS,1035.3,1035.65,1031.1,1035.65,14845.0
2021-07-27 11:35:00,NSE:VOLTAS,1035.65,1036.85,1035.35,1036.2,2876.0
2021-07-27 11:40:00,NSE:VOLTAS,1036.2,1037.0,1035.5,1036.75,7535.0
2021-07-27 11:45:00,NSE:VOLTAS,1036.9,1039.0,1033.2,1033.9,146338.0
2021-07-27 11:50:00,NSE:VOLTAS,1033.8,1034.5,1033.2,1033.9,6858.0
2021-07-27 11:55:00,NSE:VOLTAS,1033.8,1034.25,1029.55,1032.15,13078.0
2021-07-27 12:00:00,NSE:VOLTAS,1031.5,1031.5,1027.7,1030.8,7695.0
2021-07-27 12:05:00,NSE:VOLTAS,1030.8,1031.8,1030.0,1031.3,5473.0
2021-07-27 12:10:00,NSE:VOLTAS,1031.3,1031.65,1030.35,1030.55,3204.0
2021-07-27 12:15:00,NSE:VOLTAS,1031.05,1031.3,1030.15,1031.15,5002.0
2021-07-27 12:20:00,NSE:VOLTAS,1030.9,1032.7,1030.3,1031.4,2842.0
2021-07-27 12:25:00,NSE:VOLTAS,1031.2,1032.3,1029.15,1031.2,4270.0
2021-07-27 12:30:00,NSE:VOLTAS,1031.2,1031.5,1027.0,1027.6,6509.0
2021-07-27 12:35:00,NSE:VOLTAS,1027.6,1027.95,1022.2,1025.6,16232.0
2021-07-27 12:40:00,NSE:VOLTAS,1025.6,1027.7,1025.6,1026.75,4175.0
2021-07-27 12:45:00,NSE:VOLTAS,1026.75,1028.7,1026.2,1028.65,5425.0
2021-07-27 12:50:00,NSE:VOLTAS,1028.65,1028.7,1026.3,1026.65,3736.0
2021-07-27 12:55:00,NSE:VOLTAS,1026.65,1026.65,1023.3,1023.3,11448.0
2021-07-27 13:00:00,NSE:VOLTAS,1024.35,1025.0,1023.65,1024.6,5349.0
2021-07-27 13:05:00,NSE:VOLTAS,1025.0,1025.0,1022.0,1022.75,6661.0
2021-07-27 13:10:00,NSE:VOLTAS,1022.95,1023.4,1021.8,1023.35,6345.0
2021-07-27 13:15:00,NSE:VOLTAS,1023.4,1024.4,1021.2,1023.0,7407.0
2021-07-27 13:20:00,NSE:VOLTAS,1023.55,1024.7,1023.1,1024.7,4143.0
2021-07-27 13:25:00,NSE:VOLTAS,1024.7,1025.0,1023.8,1025.0,5966.0
2021-07-27 13:30:00,NSE:VOLTAS,1025.0,1025.0,1024.35,1025.0,5311.0
2021-07-27 13:35:00,NSE:VOLTAS,1025.0,1025.0,1023.5,1024.15,5248.0
2021-07-27 13:40:00,NSE:VOLTAS,1024.7,1025.2,1023.85,1025.0,18389.0
2021-07-27 13:45:00,NSE:VOLTAS,1025.0,1025.0,1023.35,1024.65,6645.0
2021-07-27 13:50:00,NSE:VOLTAS,1025.0,1025.0,1023.15,1024.15,6043.0
2021-07-27 13:55:00,NSE:VOLTAS,1024.15,1024.35,1020.75,1021.6,5270.0
2021-07-27 14:00:00,NSE:VOLTAS,1021.6,1024.25,1021.0,1024.25,11258.0
2021-07-27 14:05:00,NSE:VOLTAS,1024.4,1025.0,1022.75,1023.95,3811.0
2021-07-27 14:10:00,NSE:VOLTAS,1023.95,1024.0,1020.05,1020.4,4148.0
2021-07-27 14:15:00,NSE:VOLTAS,1020.4,1020.8,1019.0,1020.3,6969.0
2021-07-27 14:20:00,NSE:VOLTAS,1020.3,1020.55,1019.85,1020.4,1256.0
2021-07-27 14:25:00,NSE:VOLTAS,1020.4,1021.7,1019.55,1020.2,4296.0
2021-07-27 14:30:00,NSE:VOLTAS,1020.2,1020.6,1019.0,1019.75,3563.0
2021-07-27 14:35:00,NSE:VOLTAS,1019.85,1020.6,1019.05,1019.65,2977.0
2021-07-27 14:40:00,NSE:VOLTAS,1020.05,1022.25,1019.45,1022.2,3972.0
2021-07-27 14:45:00,NSE:VOLTAS,1022.2,1022.2,1020.0,1021.0,3639.0
2021-07-27 14:50:00,NSE:VOLTAS,1021.0,1022.65,1021.0,1022.5,2309.0
2021-07-27 14:55:00,NSE:VOLTAS,1022.2,1022.5,1020.7,1021.0,3122.0
2021-07-27 15:00:00,NSE:VOLTAS,1021.0,1022.4,1019.95,1021.4,7137.0
2021-07-27 15:05:00,NSE:VOLTAS,1021.4,1021.75,1019.05,1019.25,5971.0
2021-07-27 15:10:00,NSE:VOLTAS,1019.25,1019.65,1018.6,1019.65,10012.0
2021-07-27 15:15:00,NSE:VOLTAS,1018.6,1020.0,1018.6,1020.0,15701.0
2021-07-27 15:20:00,NSE:VOLTAS,1019.95,1021.0,1018.6,1020.3,17543.0
2021-07-27 15:25:00,NSE:VOLTAS,1020.0,1023.15,1019.1,1020.1,10802.0
2021-07-27 15:30:00,NSE:VOLTAS,1019.5,1019.5,1019.5,1019.5,346.0
2021-07-27 15:40:00,NSE:VOLTAS,1020.05,1020.05,1020.05,1020.05,8.0
2021-07-28 09:05:00,NSE:VOLTAS,1020.0,1020.0,1020.0,1020.0,1248.0
2021-07-28 09:15:00,NSE:VOLTAS,1020.0,1020.05,1013.05,1015.55,40332.0
2021-07-28 09:20:00,NSE:VOLTAS,1014.85,1015.95,1011.45,1013.9,26386.0
2021-07-28 09:25:00,NSE:VOLTAS,1013.5,1018.0,1013.3,1018.0,12753.0
2021-07-28 09:30:00,NSE:VOLTAS,1017.95,1021.6,1017.75,1021.0,18184.0
2021-07-28 09:35:00,NSE:VOLTAS,1021.0,1022.95,1020.1,1022.75,13720.0
2021-07-28 09:40:00,NSE:VOLTAS,1022.35,1022.75,1017.7,1018.5,14873.0
2021-07-28 09:45:00,NSE:VOLTAS,1018.5,1021.05,1018.5,1019.3,9297.0
2021-07-28 09:50:00,NSE:VOLTAS,1019.1,1021.4,1017.2,1020.3,16378.0
2021-07-28 09:55:00,NSE:VOLTAS,1020.0,1020.95,1019.3,1020.95,10445.0
2021-07-28 10:00:00,NSE:VOLTAS,1020.9,1023.9,1020.3,1023.8,13826.0
2021-07-28 10:05:00,NSE:VOLTAS,1023.7,1025.4,1023.25,1023.4,26995.0
2021-07-28 10:10:00,NSE:VOLTAS,1023.3,1023.65,1020.7,1020.7,13507.0
2021-07-28 10:15:00,NSE:VOLTAS,1020.6,1021.0,1018.65,1019.45,6245.0
2021-07-28 10:20:00,NSE:VOLTAS,1019.0,1019.5,1018.05,1019.4,6741.0
2021-07-28 10:25:00,NSE:VOLTAS,1019.25,1020.5,1018.95,1020.0,3659.0
2021-07-28 10:30:00,NSE:VOLTAS,1020.0,1020.6,1016.9,1017.7,6923.0
2021-07-28 10:35:00,NSE:VOLTAS,1017.65,1019.75,1017.3,1018.15,4430.0
2021-07-28 10:40:00,NSE:VOLTAS,1018.15,1018.15,1013.85,1015.0,19841.0
2021-07-28 10:45:00,NSE:VOLTAS,1015.0,1015.5,1012.6,1015.45,17026.0
2021-07-28 10:50:00,NSE:VOLTAS,1015.45,1015.65,1012.0,1012.05,22972.0
2021-07-28 10:55:00,NSE:VOLTAS,1012.6,1012.6,1009.0,1010.95,23767.0
2021-07-28 11:00:00,NSE:VOLTAS,1010.95,1012.45,1010.25,1010.8,7357.0
2021-07-28 11:05:00,NSE:VOLTAS,1010.8,1012.45,1010.35,1011.85,6015.0
2021-07-28 11:10:00,NSE:VOLTAS,1011.35,1012.75,1011.35,1012.05,3986.0
2021-07-28 11:15:00,NSE:VOLTAS,1011.95,1013.2,1011.3,1012.75,12136.0
2021-07-28 11:20:00,NSE:VOLTAS,1013.45,1014.0,1012.2,1013.2,4799.0
2021-07-28 11:25:00,NSE:VOLTAS,1012.8,1014.95,1012.8,1014.55,3141.0
2021-07-28 11:30:00,NSE:VOLTAS,1014.6,1014.8,1013.6,1014.65,2513.0
2021-07-28 11:35:00,NSE:VOLTAS,1013.4,1014.0,1012.9,1013.6,2978.0
2021-07-28 11:40:00,NSE:VOLTAS,1013.45,1014.0,1012.5,1013.9,1850.0
2021-07-28 11:45:00,NSE:VOLTAS,1013.9,1013.9,1012.5,1012.9,2720.0
2021-07-28 11:50:00,NSE:VOLTAS,1012.9,1013.8,1012.0,1013.8,5157.0
2021-07-28 11:55:00,NSE:VOLTAS,1013.85,1014.25,1012.2,1013.1,3361.0
2021-07-28 12:00:00,NSE:VOLTAS,1013.75,1014.9,1012.8,1014.55,4421.0
2021-07-28 12:05:00,NSE:VOLTAS,1014.55,1016.9,1014.55,1016.9,5053.0
2021-07-28 12:10:00,NSE:VOLTAS,1016.4,1017.6,1015.7,1016.25,5481.0
2021-07-28 12:15:00,NSE:VOLTAS,1016.8,1017.0,1016.05,1016.85,2910.0
2021-07-28 12:20:00,NSE:VOLTAS,1016.9,1018.8,1016.3,1018.8,11746.0
2021-07-28 12:25:00,NSE:VOLTAS,1018.85,1021.0,1018.85,1019.05,12847.0
2021-07-28 12:30:00,NSE:VOLTAS,1019.05,1020.45,1018.8,1019.7,3648.0
2021-07-28 12:35:00,NSE:VOLTAS,1020.0,1020.9,1019.35,1020.25,3802.0
2021-07-28 12:40:00,NSE:VOLTAS,1020.3,1020.9,1018.7,1018.7,8633.0
2021-07-28 12:45:00,NSE:VOLTAS,1018.6,1020.5,1018.6,1020.0,5723.0
2021-07-28 12:50:00,NSE:VOLTAS,1020.2,1021.95,1019.4,1021.8,8729.0
2021-07-28 12:55:00,NSE:VOLTAS,1021.9,1021.9,1019.0,1019.7,8039.0
2021-07-28 13:00:00,NSE:VOLTAS,1019.1,1020.25,1019.05,1020.05,3762.0
2021-07-28 13:05:00,NSE:VOLTAS,1019.55,1020.1,1018.65,1019.7,4995.0
2021-07-28 13:10:00,NSE:VOLTAS,1019.35,1020.05,1018.65,1020.05,2714.0
2021-07-28 13:15:00,NSE:VOLTAS,1020.05,1020.05,1018.5,1018.7,2998.0
2021-07-28 13:20:00,NSE:VOLTAS,1019.25,1019.35,1018.5,1019.3,1976.0
2021-07-28 13:25:00,NSE:VOLTAS,1019.35,1020.0,1018.05,1019.5,5227.0
2021-07-28 13:30:00,NSE:VOLTAS,1019.5,1020.25,1019.5,1019.7,3849.0
2021-07-28 13:35:00,NSE:VOLTAS,1019.75,1020.25,1018.6,1018.6,4163.0
2021-07-28 13:40:00,NSE:VOLTAS,1018.95,1020.0,1018.65,1019.4,2305.0
2021-07-28 13:45:00,NSE:VOLTAS,1019.95,1020.25,1019.45,1020.25,1575.0
2021-07-28 13:50:00,NSE:VOLTAS,1020.25,1020.3,1019.15,1019.35,3994.0
2021-07-28 13:55:00,NSE:VOLTAS,1019.35,1020.0,1018.75,1019.75,2234.0
2021-07-28 14:00:00,NSE:VOLTAS,1019.75,1020.0,1018.45,1019.65,2328.0
2021-07-28 14:05:00,NSE:VOLTAS,1019.25,1020.0,1018.55,1019.5,1487.0
2021-07-28 14:10:00,NSE:VOLTAS,1018.8,1019.9,1018.5,1019.3,2118.0
2021-07-28 14:15:00,NSE:VOLTAS,1019.3,1020.0,1019.15,1019.4,2681.0
2021-07-28 14:20:00,NSE:VOLTAS,1019.9,1020.0,1015.9,1016.0,4783.0
2021-07-28 14:25:00,NSE:VOLTAS,1015.9,1017.5,1012.55,1014.95,10523.0
2021-07-28 14:30:00,NSE:VOLTAS,1014.95,1015.0,1012.5,1013.0,3744.0
2021-07-28 14:35:00,NSE:VOLTAS,1013.4,1013.6,1011.6,1012.85,5737.0
2021-07-28 14:40:00,NSE:VOLTAS,1012.9,1014.95,1011.65,1014.95,11785.0
2021-07-28 14:45:00,NSE:VOLTAS,1015.0,1015.75,1012.55,1015.3,4725.0
2021-07-28 14:50:00,NSE:VOLTAS,1015.1,1016.6,1014.6,1016.05,1630.0
2021-07-28 14:55:00,NSE:VOLTAS,1016.05,1016.9,1014.45,1015.8,5229.0
2021-07-28 15:00:00,NSE:VOLTAS,1016.3,1016.3,1014.3,1015.05,5614.0
2021-07-28 15:05:00,NSE:VOLTAS,1015.05,1017.7,1015.05,1016.65,11121.0
2021-07-28 15:10:00,NSE:VOLTAS,1016.35,1017.45,1015.85,1016.2,9499.0
2021-07-28 15:15:00,NSE:VOLTAS,1016.2,1016.75,1015.7,1016.5,12020.0
2021-07-28 15:20:00,NSE:VOLTAS,1016.5,1016.9,1015.75,1016.4,20215.0
2021-07-28 15:25:00,NSE:VOLTAS,1016.4,1018.25,1015.0,1015.05,10836.0
2021-07-28 15:50:00,NSE:VOLTAS,1016.45,1016.45,1016.45,1016.45,2.0
2021-07-29 09:05:00,NSE:VOLTAS,1022.0,1022.0,1022.0,1022.0,370.0
2021-07-29 09:15:00,NSE:VOLTAS,1023.15,1026.3,1020.95,1023.2,13077.0
2021-07-29 09:20:00,NSE:VOLTAS,1023.0,1024.0,1022.0,1023.25,8392.0
2021-07-29 09:25:00,NSE:VOLTAS,1023.1,1023.8,1020.6,1020.65,9873.0
2021-07-29 09:30:00,NSE:VOLTAS,1021.15,1022.7,1019.05,1022.7,5335.0
2021-07-29 09:35:00,NSE:VOLTAS,1022.7,1023.35,1021.2,1021.4,4491.0
2021-07-29 09:40:00,NSE:VOLTAS,1021.8,1022.65,1021.0,1022.1,3211.0
2021-07-29 09:45:00,NSE:VOLTAS,1022.15,1023.8,1022.15,1023.3,6420.0
2021-07-29 09:50:00,NSE:VOLTAS,1023.75,1023.9,1022.3,1023.0,2874.0
2021-07-29 09:55:00,NSE:VOLTAS,1022.9,1024.25,1021.35,1021.35,7447.0
2021-07-29 10:00:00,NSE:VOLTAS,1022.25,1023.0,1021.15,1023.0,3107.0
2021-07-29 10:05:00,NSE:VOLTAS,1023.0,1023.75,1021.6,1023.45,6032.0
2021-07-29 10:10:00,NSE:VOLTAS,1023.45,1023.85,1022.1,1022.1,3346.0
2021-07-29 10:15:00,NSE:VOLTAS,1021.5,1024.7,1021.5,1022.65,6683.0
2021-07-29 10:20:00,NSE:VOLTAS,1022.8,1025.15,1022.8,1024.2,4138.0
2021-07-29 10:25:00,NSE:VOLTAS,1024.2,1024.85,1023.05,1024.5,1823.0
2021-07-29 10:30:00,NSE:VOLTAS,1024.85,1026.0,1024.55,1025.75,6412.0
2021-07-29 10:35:00,NSE:VOLTAS,1025.05,1025.95,1024.9,1025.95,1463.0
2021-07-29 10:40:00,NSE:VOLTAS,1025.95,1027.2,1025.5,1026.45,3901.0
2021-07-29 10:45:00,NSE:VOLTAS,1026.6,1027.7,1025.6,1026.3,3283.0
2021-07-29 10:50:00,NSE:VOLTAS,1025.7,1026.4,1025.45,1026.05,2391.0
2021-07-29 10:55:00,NSE:VOLTAS,1025.45,1026.0,1024.85,1026.0,2691.0
2021-07-29 11:00:00,NSE:VOLTAS,1025.45,1029.0,1025.4,1028.9,14146.0
2021-07-29 11:05:00,NSE:VOLTAS,1028.9,1029.3,1027.4,1028.4,19729.0
2021-07-29 11:10:00,NSE:VOLTAS,1028.4,1030.55,1028.15,1028.8,20012.0
2021-07-29 11:15:00,NSE:VOLTAS,1028.7,1028.85,1026.9,1028.05,7318.0
2021-07-29 11:20:00,NSE:VOLTAS,1028.05,1029.6,1028.05,1029.5,4147.0
2021-07-29 11:25:00,NSE:VOLTAS,1029.5,1029.8,1026.1,1028.0,9662.0
2021-07-29 11:30:00,NSE:VOLTAS,1028.1,1028.45,1026.95,1027.45,5876.0
2021-07-29 11:35:00,NSE:VOLTAS,1027.45,1027.65,1026.0,1026.4,7694.0
2021-07-29 11:40:00,NSE:VOLTAS,1026.1,1026.4,1025.05,1025.05,5776.0
2021-07-29 11:45:00,NSE:VOLTAS,1025.7,1026.0,1024.5,1025.9,6182.0
2021-07-29 11:50:00,NSE:VOLTAS,1026.0,1026.5,1025.55,1026.0,3103.0
2021-07-29 11:55:00,NSE:VOLTAS,1026.35,1027.0,1026.0,1026.2,2116.0
2021-07-29 12:00:00,NSE:VOLTAS,1026.2,1026.7,1024.5,1024.5,4601.0
2021-07-29 12:05:00,NSE:VOLTAS,1024.4,1026.5,1024.4,1025.9,3187.0
2021-07-29 12:10:00,NSE:VOLTAS,1025.25,1025.25,1024.05,1024.05,1479.0
2021-07-29 12:15:00,NSE:VOLTAS,1023.75,1026.6,1023.7,1026.6,5083.0
2021-07-29 12:20:00,NSE:VOLTAS,1026.6,1027.0,1026.15,1026.8,3919.0
2021-07-29 12:25:00,NSE:VOLTAS,1026.75,1027.25,1025.0,1025.95,5056.0
2021-07-29 12:30:00,NSE:VOLTAS,1025.95,1028.7,1025.95,1028.65,10099.0
2021-07-29 12:35:00,NSE:VOLTAS,1028.9,1029.0,1027.8,1029.0,7130.0
2021-07-29 12:40:00,NSE:VOLTAS,1028.95,1029.85,1028.6,1028.85,7024.0
2021-07-29 12:45:00,NSE:VOLTAS,1028.55,1029.3,1027.2,1027.45,7073.0
2021-07-29 12:50:00,NSE:VOLTAS,1026.95,1027.9,1026.7,1027.8,6305.0
2021-07-29 12:55:00,NSE:VOLTAS,1027.75,1029.3,1027.75,1028.85,7289.0
2021-07-29 13:00:00,NSE:VOLTAS,1028.2,1030.0,1028.2,1029.65,12937.0
2021-07-29 13:05:00,NSE:VOLTAS,1029.65,1030.0,1029.1,1029.65,4460.0
2021-07-29 13:10:00,NSE:VOLTAS,1029.7,1030.0,1026.5,1027.0,11405.0
2021-07-29 13:15:00,NSE:VOLTAS,1027.2,1028.8,1027.2,1028.65,4553.0
2021-07-29 13:20:00,NSE:VOLTAS,1028.4,1030.0,1027.85,1030.0,15539.0
2021-07-29 13:25:00,NSE:VOLTAS,1029.95,1030.0,1028.45,1028.55,6101.0
2021-07-29 13:30:00,NSE:VOLTAS,1028.55,1030.0,1028.55,1030.0,4045.0
2021-07-29 13:35:00,NSE:VOLTAS,1029.5,1030.0,1029.5,1029.95,10507.0
2021-07-29 13:40:00,NSE:VOLTAS,1029.95,1030.0,1027.1,1027.55,13476.0
2021-07-29 13:45:00,NSE:VOLTAS,1027.35,1028.8,1027.35,1028.7,3028.0
2021-07-29 13:50:00,NSE:VOLTAS,1028.7,1029.75,1028.7,1029.35,4556.0
2021-07-29 13:55:00,NSE:VOLTAS,1029.65,1030.0,1029.45,1030.0,6031.0
2021-07-29 14:00:00,NSE:VOLTAS,1030.0,1030.0,1029.2,1029.6,4427.0
2021-07-29 14:05:00,NSE:VOLTAS,1029.6,1029.6,1028.25,1028.85,4178.0
2021-07-29 14:10:00,NSE:VOLTAS,1028.75,1029.5,1028.35,1029.15,4507.0
2021-07-29 14:15:00,NSE:VOLTAS,1029.0,1029.0,1027.0,1027.0,8605.0
2021-07-29 14:20:00,NSE:VOLTAS,1027.25,1027.75,1026.3,1027.7,4824.0
2021-07-29 14:25:00,NSE:VOLTAS,1027.95,1028.75,1027.7,1028.7,5811.0
2021-07-29 14:30:00,NSE:VOLTAS,1028.1,1028.9,1028.05,1028.9,3939.0
2021-07-29 14:35:00,NSE:VOLTAS,1028.4,1029.45,1026.45,1026.8,6747.0
2021-07-29 14:40:00,NSE:VOLTAS,1027.35,1029.0,1026.75,1028.85,5436.0
2021-07-29 14:45:00,NSE:VOLTAS,1029.4,1029.4,1027.05,1027.45,7442.0
2021-07-29 14:50:00,NSE:VOLTAS,1027.9,1028.65,1027.2,1028.65,4799.0
2021-07-29 14:55:00,NSE:VOLTAS,1028.85,1028.85,1027.05,1028.5,8859.0
2021-07-29 15:00:00,NSE:VOLTAS,1028.5,1033.2,1028.5,1030.5,33473.0
2021-07-29 15:05:00,NSE:VOLTAS,1030.5,1031.35,1028.75,1030.0,11271.0
2021-07-29 15:10:00,NSE:VOLTAS,1029.95,1032.2,1029.95,1031.4,16881.0
2021-07-29 15:15:00,NSE:VOLTAS,1031.95,1032.45,1030.45,1031.8,19658.0
2021-07-29 15:20:00,NSE:VOLTAS,1031.85,1032.95,1031.05,1031.95,29776.0
2021-07-29 15:25:00,NSE:VOLTAS,1032.0,1032.0,1029.45,1029.55,16747.0
2021-07-29 15:40:00,NSE:VOLTAS,1031.25,1031.25,1029.55,1029.55,100.0
2021-07-30 09:05:00,NSE:VOLTAS,1031.0,1031.0,1031.0,1031.0,694.0
2021-07-30 09:15:00,NSE:VOLTAS,1030.0,1031.0,1027.2,1028.8,10385.0
2021-07-30 09:20:00,NSE:VOLTAS,1029.3,1031.9,1029.25,1030.35,5697.0
2021-07-30 09:25:00,NSE:VOLTAS,1030.45,1031.05,1026.75,1027.85,3652.0
2021-07-30 09:30:00,NSE:VOLTAS,1028.0,1031.5,1028.0,1030.25,4496.0
2021-07-30 09:35:00,NSE:VOLTAS,1030.0,1032.0,1029.55,1031.4,3437.0
2021-07-30 09:40:00,NSE:VOLTAS,1031.25,1032.55,1030.35,1030.4,8363.0
2021-07-30 09:45:00,NSE:VOLTAS,1030.45,1031.95,1028.9,1030.0,5567.0
2021-07-30 09:50:00,NSE:VOLTAS,1030.0,1034.3,1029.8,1032.2,7847.0
2021-07-30 09:55:00,NSE:VOLTAS,1032.8,1034.65,1031.7,1034.3,4904.0
2021-07-30 10:00:00,NSE:VOLTAS,1034.05,1035.7,1032.6,1035.35,7606.0
2021-07-30 10:05:00,NSE:VOLTAS,1036.45,1036.9,1035.0,1035.45,9827.0
2021-07-30 10:10:00,NSE:VOLTAS,1035.45,1036.55,1034.1,1036.0,4839.0
2021-07-30 10:15:00,NSE:VOLTAS,1035.3,1035.65,1033.15,1034.1,5071.0
2021-07-30 10:20:00,NSE:VOLTAS,1034.1,1036.3,1034.0,1035.9,1933.0
2021-07-30 10:25:00,NSE:VOLTAS,1035.85,1038.0,1035.5,1037.35,9038.0
2021-07-30 10:30:00,NSE:VOLTAS,1037.15,1038.45,1036.15,1036.7,6417.0
2021-07-30 10:35:00,NSE:VOLTAS,1036.65,1038.45,1036.1,1037.95,5565.0
2021-07-30 10:40:00,NSE:VOLTAS,1037.7,1039.55,1035.6,1036.2,14811.0
2021-07-30 10:45:00,NSE:VOLTAS,1036.25,1036.25,1034.55,1035.35,4004.0
2021-07-30 10:50:00,NSE:VOLTAS,1035.05,1037.65,1034.9,1036.95,2575.0
2021-07-30 10:55:00,NSE:VOLTAS,1037.2,1038.75,1037.1,1038.15,1722.0
2021-07-30 11:00:00,NSE:VOLTAS,1038.25,1038.4,1036.4,1037.45,9644.0
2021-07-30 11:05:00,NSE:VOLTAS,1037.5,1038.0,1036.15,1036.85,10701.0
2021-07-30 11:10:00,NSE:VOLTAS,1036.8,1039.0,1036.45,1038.0,4760.0
2021-07-30 11:15:00,NSE:VOLTAS,1038.1,1039.0,1037.55,1038.0,7377.0
2021-07-30 11:20:00,NSE:VOLTAS,1038.0,1040.0,1037.85,1039.1,10790.0
2021-07-30 11:25:00,NSE:VOLTAS,1039.1,1039.45,1038.05,1039.1,6098.0
2021-07-30 11:30:00,NSE:VOLTAS,1039.1,1040.0,1038.3,1039.35,5676.0
2021-07-30 11:35:00,NSE:VOLTAS,1039.8,1040.9,1038.65,1039.95,27604.0
2021-07-30 11:40:00,NSE:VOLTAS,1039.95,1041.0,1039.15,1041.0,13422.0
2021-07-30 11:45:00,NSE:VOLTAS,1041.0,1046.85,1040.6,1046.65,102590.0
2021-07-30 11:50:00,NSE:VOLTAS,1045.7,1056.0,1045.7,1052.85,72805.0
2021-07-30 11:55:00,NSE:VOLTAS,1053.6,1057.95,1053.6,1055.0,50990.0
2021-07-30 12:00:00,NSE:VOLTAS,1054.6,1058.0,1053.2,1057.2,37005.0
2021-07-30 12:05:00,NSE:VOLTAS,1057.0,1060.0,1055.9,1058.7,45722.0
2021-07-30 12:10:00,NSE:VOLTAS,1059.0,1062.75,1058.2,1059.6,70082.0
2021-07-30 12:15:00,NSE:VOLTAS,1059.3,1060.25,1057.6,1058.4,21961.0
2021-07-30 12:20:00,NSE:VOLTAS,1058.1,1058.5,1054.0,1056.5,30659.0
2021-07-30 12:25:00,NSE:VOLTAS,1056.5,1059.75,1055.3,1059.75,13582.0
2021-07-30 12:30:00,NSE:VOLTAS,1059.75,1061.35,1058.1,1061.0,15644.0
2021-07-30 12:35:00,NSE:VOLTAS,1061.0,1061.0,1057.5,1057.5,14646.0
2021-07-30 12:40:00,NSE:VOLTAS,1058.0,1060.0,1057.0,1059.65,9547.0
2021-07-30 12:45:00,NSE:VOLTAS,1059.5,1059.55,1057.6,1058.0,6766.0
2021-07-30 12:50:00,NSE:VOLTAS,1058.5,1060.0,1056.35,1059.0,17129.0
2021-07-30 12:55:00,NSE:VOLTAS,1058.6,1060.3,1058.5,1059.85,17762.0
2021-07-30 13:00:00,NSE:VOLTAS,1060.4,1062.0,1059.45,1059.45,34446.0
2021-07-30 13:05:00,NSE:VOLTAS,1060.05,1061.9,1059.0,1060.6,22138.0
2021-07-30 13:10:00,NSE:VOLTAS,1061.0,1062.6,1059.5,1060.0,28343.0
2021-07-30 13:15:00,NSE:VOLTAS,1060.35,1060.8,1058.55,1059.6,10989.0
2021-07-30 13:20:00,NSE:VOLTAS,1059.6,1062.0,1059.0,1061.95,13085.0
2021-07-30 13:25:00,NSE:VOLTAS,1061.2,1064.5,1061.2,1064.25,28516.0
2021-07-30 13:30:00,NSE:VOLTAS,1064.25,1064.8,1061.0,1061.3,15176.0
2021-07-30 13:35:00,NSE:VOLTAS,1061.55,1061.65,1060.15,1060.5,8975.0
2021-07-30 13:40:00,NSE:VOLTAS,1061.0,1061.6,1059.2,1059.55,12967.0
2021-07-30 13:45:00,NSE:VOLTAS,1059.55,1060.0,1057.05,1057.5,14854.0
2021-07-30 13:50:00,NSE:VOLTAS,1058.0,1060.0,1057.05,1058.8,9353.0
2021-07-30 13:55:00,NSE:VOLTAS,1058.85,1065.0,1058.8,1063.6,42150.0
2021-07-30 14:00:00,NSE:VOLTAS,1064.15,1064.15,1060.1,1060.5,7289.0
2021-07-30 14:05:00,NSE:VOLTAS,1060.45,1063.2,1060.45,1062.15,8916.0
2021-07-30 14:10:00,NSE:VOLTAS,1062.85,1064.75,1061.4,1063.25,13130.0
2021-07-30 14:15:00,NSE:VOLTAS,1063.3,1063.9,1060.6,1061.2,7764.0
2021-07-30 14:20:00,NSE:VOLTAS,1060.75,1061.9,1060.3,1060.6,3394.0
2021-07-30 14:25:00,NSE:VOLTAS,1060.6,1060.9,1058.75,1059.7,12467.0
2021-07-30 14:30:00,NSE:VOLTAS,1060.25,1060.25,1059.05,1059.15,3339.0
2021-07-30 14:35:00,NSE:VOLTAS,1058.9,1059.55,1058.1,1058.5,6438.0
2021-07-30 14:40:00,NSE:VOLTAS,1058.55,1059.4,1058.0,1058.95,6113.0
2021-07-30 14:45:00,NSE:VOLTAS,1058.5,1059.3,1058.0,1058.15,5936.0
2021-07-30 14:50:00,NSE:VOLTAS,1058.3,1058.3,1054.0,1054.5,21169.0
2021-07-30 14:55:00,NSE:VOLTAS,1054.55,1057.05,1054.0,1056.95,5616.0
2021-07-30 15:00:00,NSE:VOLTAS,1056.45,1059.15,1055.0,1059.15,16775.0
2021-07-30 15:05:00,NSE:VOLTAS,1059.05,1059.3,1057.0,1057.45,15526.0
2021-07-30 15:10:00,NSE:VOLTAS,1057.7,1059.0,1057.0,1058.5,17538.0
2021-07-30 15:15:00,NSE:VOLTAS,1058.5,1060.5,1058.5,1060.5,35086.0
2021-07-30 15:20:00,NSE:VOLTAS,1060.2,1061.0,1058.55,1060.4,43315.0
2021-07-30 15:25:00,NSE:VOLTAS,1060.75,1061.3,1058.95,1060.0,24359.0
2021-07-30 15:40:00,NSE:VOLTAS,1059.2,1059.2,1059.2,1059.2,9.0
2021-08-02 09:05:00,NSE:VOLTAS,1068.9,1068.9,1068.9,1068.9,2225.0
2021-08-02 09:15:00,NSE:VOLTAS,1066.0,1066.0,1058.2,1060.7,44028.0
2021-08-02 09:20:00,NSE:VOLTAS,1060.7,1061.85,1055.45,1056.15,23128.0
2021-08-02 09:25:00,NSE:VOLTAS,1056.25,1057.6,1054.15,1056.3,18795.0
2021-08-02 09:30:00,NSE:VOLTAS,1056.3,1061.9,1056.3,1061.05,19764.0
2021-08-02 09:35:00,NSE:VOLTAS,1061.15,1064.2,1060.5,1064.2,19590.0
2021-08-02 09:40:00,NSE:VOLTAS,1064.55,1070.0,1064.3,1069.6,60790.0
2021-08-02 09:45:00,NSE:VOLTAS,1068.8,1079.85,1068.8,1075.5,133427.0
2021-08-02 09:50:00,NSE:VOLTAS,1074.9,1076.25,1071.15,1071.6,68229.0
2021-08-02 09:55:00,NSE:VOLTAS,1071.4,1072.95,1068.45,1070.3,49784.0
2021-08-02 10:00:00,NSE:VOLTAS,1070.3,1071.0,1066.0,1066.0,31297.0
2021-08-02 10:05:00,NSE:VOLTAS,1066.0,1076.15,1065.6,1074.5,38388.0
2021-08-02 10:10:00,NSE:VOLTAS,1074.0,1077.95,1072.8,1077.75,24116.0
2021-08-02 10:15:00,NSE:VOLTAS,1077.2,1079.65,1075.55,1077.25,45706.0
2021-08-02 10:20:00,NSE:VOLTAS,1077.15,1077.5,1073.1,1073.25,15077.0
2021-08-02 10:25:00,NSE:VOLTAS,1074.0,1074.45,1072.55,1073.85,13472.0
2021-08-02 10:30:00,NSE:VOLTAS,1073.9,1078.0,1073.15,1075.85,25014.0
2021-08-02 10:35:00,NSE:VOLTAS,1076.0,1076.25,1075.1,1075.5,6330.0
2021-08-02 10:40:00,NSE:VOLTAS,1075.0,1075.9,1073.3,1074.5,9826.0
2021-08-02 10:45:00,NSE:VOLTAS,1074.5,1075.35,1073.75,1074.0,9197.0
2021-08-02 10:50:00,NSE:VOLTAS,1074.45,1074.75,1071.1,1073.0,13641.0
2021-08-02 10:55:00,NSE:VOLTAS,1073.1,1075.0,1073.0,1074.2,12736.0
2021-08-02 11:00:00,NSE:VOLTAS,1074.45,1074.8,1070.5,1071.6,11364.0
2021-08-02 11:05:00,NSE:VOLTAS,1072.0,1072.0,1068.6,1071.1,12996.0
2021-08-02 11:10:00,NSE:VOLTAS,1071.15,1072.2,1071.0,1071.5,3179.0
2021-08-02 11:15:00,NSE:VOLTAS,1071.4,1071.7,1069.2,1071.2,7434.0
2021-08-02 11:20:00,NSE:VOLTAS,1071.0,1071.6,1070.1,1071.5,5315.0
2021-08-02 11:25:00,NSE:VOLTAS,1071.5,1073.45,1071.4,1072.25,6644.0
2021-08-02 11:30:00,NSE:VOLTAS,1073.0,1073.0,1071.5,1071.9,5505.0
2021-08-02 11:35:00,NSE:VOLTAS,1072.4,1072.5,1065.05,1067.35,27177.0
2021-08-02 11:40:00,NSE:VOLTAS,1067.7,1069.05,1066.7,1069.05,6881.0
2021-08-02 11:45:00,NSE:VOLTAS,1069.15,1069.5,1066.05,1066.75,8293.0
2021-08-02 11:50:00,NSE:VOLTAS,1066.75,1068.0,1065.1,1065.35,9164.0
2021-08-02 11:55:00,NSE:VOLTAS,1065.35,1065.35,1062.25,1064.0,21278.0
2021-08-02 12:00:00,NSE:VOLTAS,1063.95,1067.0,1062.6,1066.5,17823.0
2021-08-02 12:05:00,NSE:VOLTAS,1067.15,1067.5,1065.9,1066.9,5907.0
2021-08-02 12:10:00,NSE:VOLTAS,1066.4,1067.3,1066.2,1067.1,2138.0
2021-08-02 12:15:00,NSE:VOLTAS,1067.4,1068.2,1067.0,1068.0,5042.0
2021-08-02 12:20:00,NSE:VOLTAS,1068.5,1069.4,1067.55,1068.25,10280.0
2021-08-02 12:25:00,NSE:VOLTAS,1068.55,1068.95,1067.95,1068.9,1519.0
2021-08-02 12:30:00,NSE:VOLTAS,1068.55,1069.95,1068.3,1068.3,4535.0
2021-08-02 12:35:00,NSE:VOLTAS,1068.2,1069.0,1068.0,1068.95,2796.0
2021-08-02 12:40:00,NSE:VOLTAS,1068.9,1069.45,1067.0,1068.5,6854.0
2021-08-02 12:45:00,NSE:VOLTAS,1067.95,1068.0,1065.65,1065.8,1956.0
2021-08-02 12:50:00,NSE:VOLTAS,1066.0,1067.0,1065.85,1066.5,1971.0
2021-08-02 12:55:00,NSE:VOLTAS,1066.5,1067.55,1065.9,1066.2,3903.0
2021-08-02 13:00:00,NSE:VOLTAS,1066.25,1066.95,1063.0,1063.0,9357.0
2021-08-02 13:05:00,NSE:VOLTAS,1063.65,1064.0,1062.05,1062.85,10389.0
2021-08-02 13:10:00,NSE:VOLTAS,1062.75,1063.6,1057.55,1057.55,30453.0
2021-08-02 13:15:00,NSE:VOLTAS,1058.25,1062.25,1058.05,1061.6,11791.0
2021-08-02 13:20:00,NSE:VOLTAS,1061.0,1064.35,1060.9,1063.2,7781.0
2021-08-02 13:25:00,NSE:VOLTAS,1063.3,1063.95,1060.95,1061.6,6110.0
2021-08-02 13:30:00,NSE:VOLTAS,1061.4,1064.0,1061.35,1063.8,6181.0
2021-08-02 13:35:00,NSE:VOLTAS,1063.5,1064.45,1063.35,1063.4,8028.0
2021-08-02 13:40:00,NSE:VOLTAS,1063.4,1064.45,1063.15,1064.0,3016.0
2021-08-02 13:45:00,NSE:VOLTAS,1064.0,1065.15,1063.7,1064.15,6137.0
2021-08-02 13:50:00,NSE:VOLTAS,1064.15,1064.15,1059.0,1059.0,11946.0
2021-08-02 13:55:00,NSE:VOLTAS,1059.0,1059.0,1051.3,1055.2,40720.0
2021-08-02 14:00:00,NSE:VOLTAS,1055.4,1057.4,1052.7,1056.5,30664.0
2021-08-02 14:05:00,NSE:VOLTAS,1056.35,1057.5,1055.25,1057.35,7621.0
2021-08-02 14:10:00,NSE:VOLTAS,1057.0,1057.35,1053.0,1053.0,9785.0
2021-08-02 14:15:00,NSE:VOLTAS,1053.45,1053.65,1050.8,1052.95,19856.0
2021-08-02 14:20:00,NSE:VOLTAS,1053.0,1053.8,1052.55,1053.5,7891.0
2021-08-02 14:25:00,NSE:VOLTAS,1053.75,1054.25,1053.0,1054.05,6830.0
2021-08-02 14:30:00,NSE:VOLTAS,1054.05,1054.4,1053.15,1053.9,4977.0
2021-08-02 14:35:00,NSE:VOLTAS,1053.9,1054.4,1052.65,1052.8,5051.0
2021-08-02 14:40:00,NSE:VOLTAS,1053.55,1054.55,1052.9,1054.0,3999.0
2021-08-02 14:45:00,NSE:VOLTAS,1053.95,1054.6,1053.4,1053.95,8203.0
2021-08-02 14:50:00,NSE:VOLTAS,1054.5,1056.45,1052.45,1052.45,21253.0
2021-08-02 14:55:00,NSE:VOLTAS,1052.8,1052.9,1050.5,1052.0,19301.0
2021-08-02 15:00:00,NSE:VOLTAS,1051.85,1054.4,1051.35,1054.05,9027.0
2021-08-02 15:05:00,NSE:VOLTAS,1054.4,1054.65,1052.0,1053.0,9605.0
2021-08-02 15:10:00,NSE:VOLTAS,1053.0,1054.1,1052.55,1054.1,11757.0
2021-08-02 15:15:00,NSE:VOLTAS,1054.2,1054.45,1052.0,1052.0,22506.0
2021-08-02 15:20:00,NSE:VOLTAS,1052.0,1053.75,1052.0,1053.0,24260.0
2021-08-02 15:25:00,NSE:VOLTAS,1053.65,1058.45,1052.9,1057.8,19580.0
2021-08-02 15:40:00,NSE:VOLTAS,1053.5,1057.8,1053.5,1057.8,9.0
2021-08-03 09:05:00,NSE:VOLTAS,1054.0,1054.0,1054.0,1054.0,750.0
2021-08-03 09:15:00,NSE:VOLTAS,1054.45,1061.75,1054.45,1057.8,31113.0
2021-08-03 09:20:00,NSE:VOLTAS,1057.0,1058.9,1047.3,1047.3,45030.0
2021-08-03 09:25:00,NSE:VOLTAS,1048.15,1054.6,1045.5,1054.35,26509.0
2021-08-03 09:30:00,NSE:VOLTAS,1054.8,1054.9,1049.3,1051.0,16377.0
2021-08-03 09:35:00,NSE:VOLTAS,1051.0,1051.7,1046.6,1046.6,11447.0
2021-08-03 09:40:00,NSE:VOLTAS,1046.75,1046.75,1039.1,1045.6,49670.0
2021-08-03 09:45:00,NSE:VOLTAS,1044.5,1045.8,1040.2,1040.9,22487.0
2021-08-03 09:50:00,NSE:VOLTAS,1040.9,1042.95,1038.1,1038.5,23981.0
2021-08-03 09:55:00,NSE:VOLTAS,1038.45,1042.9,1038.1,1042.7,17241.0
2021-08-03 10:00:00,NSE:VOLTAS,1042.3,1044.05,1040.45,1043.9,18303.0
2021-08-03 10:05:00,NSE:VOLTAS,1043.6,1046.2,1043.05,1044.25,21699.0
2021-08-03 10:10:00,NSE:VOLTAS,1044.0,1046.15,1043.8,1045.95,20614.0
2021-08-03 10:15:00,NSE:VOLTAS,1045.75,1048.2,1045.0,1046.15,25041.0
2021-08-03 10:20:00,NSE:VOLTAS,1046.05,1048.35,1045.1,1047.0,15895.0
2021-08-03 10:25:00,NSE:VOLTAS,1047.5,1047.5,1046.0,1046.2,7174.0
2021-08-03 10:30:00,NSE:VOLTAS,1046.15,1046.5,1042.8,1043.65,16693.0
2021-08-03 10:35:00,NSE:VOLTAS,1043.65,1046.9,1042.5,1046.9,9249.0
2021-08-03 10:40:00,NSE:VOLTAS,1046.45,1046.6,1043.0,1043.8,10333.0
2021-08-03 10:45:00,NSE:VOLTAS,1043.7,1045.95,1043.25,1045.9,2271.0
2021-08-03 10:50:00,NSE:VOLTAS,1045.75,1045.75,1044.3,1044.35,7517.0
2021-08-03 10:55:00,NSE:VOLTAS,1044.75,1046.45,1043.3,1046.45,5117.0
2021-08-03 11:00:00,NSE:VOLTAS,1046.0,1047.4,1045.45,1047.15,8659.0
2021-08-03 11:05:00,NSE:VOLTAS,1046.6,1048.8,1046.55,1047.9,9792.0
2021-08-03 11:10:00,NSE:VOLTAS,1048.0,1048.25,1046.05,1046.7,10653.0
2021-08-03 11:15:00,NSE:VOLTAS,1046.7,1048.8,1046.7,1048.0,5279.0
2021-08-03 11:20:00,NSE:VOLTAS,1048.25,1049.0,1045.65,1046.9,7756.0
2021-08-03 11:25:00,NSE:VOLTAS,1047.6,1047.6,1045.65,1045.9,5345.0
2021-08-03 11:30:00,NSE:VOLTAS,1046.5,1047.0,1045.8,1046.0,4733.0
2021-08-03 11:35:00,NSE:VOLTAS,1046.0,1046.85,1043.1,1043.1,7792.0
2021-08-03 11:40:00,NSE:VOLTAS,1043.1,1044.5,1043.1,1043.85,5873.0
2021-08-03 11:45:00,NSE:VOLTAS,1043.8,1044.35,1040.5,1041.6,16650.0
2021-08-03 11:50:00,NSE:VOLTAS,1041.0,1042.45,1037.25,1039.85,30057.0
2021-08-03 11:55:00,NSE:VOLTAS,1039.95,1041.0,1039.3,1040.35,9151.0
2021-08-03 12:00:00,NSE:VOLTAS,1040.1,1040.85,1039.0,1040.5,14291.0
2021-08-03 12:05:00,NSE:VOLTAS,1040.5,1041.35,1039.3,1040.45,5905.0
2021-08-03 12:10:00,NSE:VOLTAS,1039.9,1041.0,1038.2,1039.15,5724.0
2021-08-03 12:15:00,NSE:VOLTAS,1038.75,1041.0,1038.4,1040.35,11354.0
2021-08-03 12:20:00,NSE:VOLTAS,1040.25,1041.65,1039.8,1041.0,26776.0
2021-08-03 12:25:00,NSE:VOLTAS,1041.35,1041.9,1040.5,1040.5,4745.0
2021-08-03 12:30:00,NSE:VOLTAS,1040.3,1041.1,1039.1,1040.0,5347.0
2021-08-03 12:35:00,NSE:VOLTAS,1040.0,1041.0,1039.55,1040.6,3560.0
2021-08-03 12:40:00,NSE:VOLTAS,1040.25,1040.8,1039.6,1040.3,4773.0
2021-08-03 12:45:00,NSE:VOLTAS,1040.9,1041.65,1039.5,1040.0,6569.0
2021-08-03 12:50:00,NSE:VOLTAS,1040.0,1040.5,1039.0,1039.6,5867.0
2021-08-03 12:55:00,NSE:VOLTAS,1039.6,1042.0,1039.0,1041.5,9903.0
2021-08-03 13:00:00,NSE:VOLTAS,1042.0,1046.0,1040.9,1044.7,36122.0
2021-08-03 13:05:00,NSE:VOLTAS,1044.55,1045.35,1043.0,1043.2,13550.0
2021-08-03 13:10:00,NSE:VOLTAS,1043.65,1043.95,1041.55,1041.55,5432.0
2021-08-03 13:15:00,NSE:VOLTAS,1041.55,1041.7,1038.25,1039.3,25217.0
2021-08-03 13:20:00,NSE:VOLTAS,1039.55,1040.0,1037.0,1038.1,7171.0
2021-08-03 13:25:00,NSE:VOLTAS,1038.4,1041.25,1038.4,1040.55,8416.0
2021-08-03 13:30:00,NSE:VOLTAS,1041.0,1041.1,1038.0,1038.5,8627.0
2021-08-03 13:35:00,NSE:VOLTAS,1038.5,1040.8,1038.5,1039.35,3331.0
2021-08-03 13:40:00,NSE:VOLTAS,1039.85,1040.95,1039.15,1040.05,4841.0
2021-08-03 13:45:00,NSE:VOLTAS,1040.05,1040.4,1035.1,1035.8,47872.0
2021-08-03 13:50:00,NSE:VOLTAS,1036.0,1037.05,1034.0,1035.05,30866.0
2021-08-03 13:55:00,NSE:VOLTAS,1035.1,1035.5,1034.05,1035.0,19283.0
2021-08-03 14:00:00,NSE:VOLTAS,1035.3,1035.5,1033.15,1034.8,8386.0
2021-08-03 14:05:00,NSE:VOLTAS,1035.3,1035.6,1034.05,1035.1,6785.0
2021-08-03 14:10:00,NSE:VOLTAS,1035.1,1035.15,1033.1,1033.85,10181.0
2021-08-03 14:15:00,NSE:VOLTAS,1034.8,1035.45,1033.8,1035.1,5545.0
2021-08-03 14:20:00,NSE:VOLTAS,1035.3,1035.3,1033.0,1034.7,11037.0
2021-08-03 14:25:00,NSE:VOLTAS,1034.25,1035.25,1034.0,1035.05,4263.0
2021-08-03 14:30:00,NSE:VOLTAS,1034.65,1035.2,1034.0,1034.4,7312.0
2021-08-03 14:35:00,NSE:VOLTAS,1034.45,1035.05,1034.2,1034.75,2122.0
2021-08-03 14:40:00,NSE:VOLTAS,1034.75,1035.45,1034.3,1035.0,6293.0
2021-08-03 14:45:00,NSE:VOLTAS,1034.9,1035.45,1034.5,1034.9,4454.0
2021-08-03 14:50:00,NSE:VOLTAS,1034.9,1035.45,1034.4,1035.0,38378.0
2021-08-03 14:55:00,NSE:VOLTAS,1035.0,1035.4,1034.65,1035.0,15887.0
2021-08-03 15:00:00,NSE:VOLTAS,1035.0,1035.2,1034.75,1035.0,126472.0
2021-08-03 15:05:00,NSE:VOLTAS,1035.0,1038.3,1034.85,1038.05,111510.0
2021-08-03 15:10:00,NSE:VOLTAS,1038.05,1038.05,1035.0,1035.65,32166.0
2021-08-03 15:15:00,NSE:VOLTAS,1035.65,1036.45,1034.7,1034.75,29817.0
2021-08-03 15:20:00,NSE:VOLTAS,1034.7,1035.35,1034.0,1034.8,53015.0
2021-08-03 15:25:00,NSE:VOLTAS,1035.05,1037.9,1034.95,1037.9,28017.0
2021-08-03 15:40:00,NSE:VOLTAS,1035.35,1035.35,1035.35,1035.35,90.0
2021-08-04 09:05:00,NSE:VOLTAS,1042.8,1042.8,1042.8,1042.8,3072.0
2021-08-04 09:15:00,NSE:VOLTAS,1042.75,1044.3,1037.0,1040.45,28233.0
2021-08-04 09:20:00,NSE:VOLTAS,1040.9,1042.8,1039.15,1042.6,14615.0
2021-08-04 09:25:00,NSE:VOLTAS,1041.6,1041.85,1038.0,1040.2,15296.0
2021-08-04 09:30:00,NSE:VOLTAS,1039.65,1039.95,1038.7,1039.8,6183.0
2021-08-04 09:35:00,NSE:VOLTAS,1039.35,1039.8,1038.05,1038.1,4688.0
2021-08-04 09:40:00,NSE:VOLTAS,1038.05,1038.05,1036.0,1036.5,7895.0
2021-08-04 09:45:00,NSE:VOLTAS,1036.95,1037.0,1033.7,1034.7,12352.0
2021-08-04 09:50:00,NSE:VOLTAS,1034.9,1035.3,1033.0,1034.35,10534.0
2021-08-04 09:55:00,NSE:VOLTAS,1034.35,1037.9,1034.35,1037.0,9049.0
2021-08-04 10:00:00,NSE:VOLTAS,1036.85,1038.0,1035.7,1037.2,6938.0
2021-08-04 10:05:00,NSE:VOLTAS,1037.2,1040.0,1036.65,1039.95,9794.0
2021-08-04 10:10:00,NSE:VOLTAS,1039.9,1040.35,1038.5,1040.3,12509.0
2021-08-04 10:15:00,NSE:VOLTAS,1040.3,1042.8,1040.25,1042.45,12627.0
2021-08-04 10:20:00,NSE:VOLTAS,1042.55,1045.0,1042.05,1043.95,14003.0
2021-08-04 10:25:00,NSE:VOLTAS,1044.0,1048.4,1043.8,1048.15,32200.0
2021-08-04 10:30:00,NSE:VOLTAS,1047.9,1048.0,1043.8,1046.65,22415.0
2021-08-04 10:35:00,NSE:VOLTAS,1046.6,1046.8,1044.9,1046.5,4412.0
2021-08-04 10:40:00,NSE:VOLTAS,1046.5,1046.65,1042.0,1042.4,17381.0
2021-08-04 10:45:00,NSE:VOLTAS,1042.05,1044.0,1039.6,1041.15,13749.0
2021-08-04 10:50:00,NSE:VOLTAS,1041.15,1041.2,1039.0,1039.9,9849.0
2021-08-04 10:55:00,NSE:VOLTAS,1039.95,1040.45,1037.45,1038.15,10456.0
2021-08-04 11:00:00,NSE:VOLTAS,1038.35,1040.45,1038.3,1039.2,3274.0
2021-08-04 11:05:00,NSE:VOLTAS,1039.2,1040.8,1038.65,1040.6,2384.0
2021-08-04 11:10:00,NSE:VOLTAS,1040.55,1040.8,1039.3,1040.5,2207.0
2021-08-04 11:15:00,NSE:VOLTAS,1040.55,1040.55,1038.4,1039.35,5037.0
2021-08-04 11:20:00,NSE:VOLTAS,1039.15,1039.7,1038.8,1039.2,1644.0
2021-08-04 11:25:00,NSE:VOLTAS,1039.3,1039.5,1035.05,1035.8,12362.0
2021-08-04 11:30:00,NSE:VOLTAS,1035.5,1037.1,1034.4,1037.1,10601.0
2021-08-04 11:35:00,NSE:VOLTAS,1036.85,1037.15,1035.05,1035.85,4957.0
2021-08-04 11:40:00,NSE:VOLTAS,1036.2,1036.25,1035.1,1035.7,4223.0
2021-08-04 11:45:00,NSE:VOLTAS,1035.4,1037.75,1034.95,1037.2,14622.0
2021-08-04 11:50:00,NSE:VOLTAS,1037.3,1039.55,1036.9,1039.55,7197.0
2021-08-04 11:55:00,NSE:VOLTAS,1039.6,1040.2,1038.4,1040.2,9735.0
2021-08-04 12:00:00,NSE:VOLTAS,1040.15,1040.15,1038.65,1039.1,15639.0
2021-08-04 12:05:00,NSE:VOLTAS,1039.2,1039.9,1038.8,1039.8,4961.0
2021-08-04 12:10:00,NSE:VOLTAS,1039.65,1040.5,1039.25,1040.4,3706.0
2021-08-04 12:15:00,NSE:VOLTAS,1040.5,1042.0,1039.9,1041.35,8181.0
2021-08-04 12:20:00,NSE:VOLTAS,1041.35,1041.75,1039.35,1040.0,6789.0
2021-08-04 12:25:00,NSE:VOLTAS,1040.0,1040.05,1036.9,1038.15,12323.0
2021-08-04 12:30:00,NSE:VOLTAS,1038.0,1039.25,1037.35,1037.35,7197.0
2021-08-04 12:35:00,NSE:VOLTAS,1037.35,1038.0,1035.05,1036.1,14245.0
2021-08-04 12:40:00,NSE:VOLTAS,1035.85,1036.5,1033.4,1034.95,41615.0
2021-08-04 12:45:00,NSE:VOLTAS,1035.0,1035.0,1033.55,1033.6,5320.0
2021-08-04 12:50:00,NSE:VOLTAS,1033.6,1035.8,1033.5,1035.65,14723.0
2021-08-04 12:55:00,NSE:VOLTAS,1035.55,1036.4,1034.0,1034.6,8892.0
2021-08-04 13:00:00,NSE:VOLTAS,1034.6,1035.4,1029.35,1030.55,30020.0
2021-08-04 13:05:00,NSE:VOLTAS,1030.5,1030.8,1028.15,1029.2,18010.0
2021-08-04 13:10:00,NSE:VOLTAS,1029.15,1031.7,1028.35,1031.5,11257.0
2021-08-04 13:15:00,NSE:VOLTAS,1031.2,1034.95,1030.9,1033.8,22153.0
2021-08-04 13:20:00,NSE:VOLTAS,1033.8,1035.0,1032.4,1033.8,13128.0
2021-08-04 13:25:00,NSE:VOLTAS,1033.75,1034.15,1029.8,1030.55,28945.0
2021-08-04 13:30:00,NSE:VOLTAS,1030.65,1032.25,1030.0,1031.6,8763.0
2021-08-04 13:35:00,NSE:VOLTAS,1031.6,1031.8,1030.0,1030.3,10943.0
2021-08-04 13:40:00,NSE:VOLTAS,1030.3,1031.6,1030.0,1030.2,6937.0
2021-08-04 13:45:00,NSE:VOLTAS,1030.2,1030.55,1028.5,1029.45,6025.0
2021-08-04 13:50:00,NSE:VOLTAS,1029.35,1030.4,1028.75,1029.1,6161.0
2021-08-04 13:55:00,NSE:VOLTAS,1029.1,1030.15,1028.45,1030.0,7684.0
2021-08-04 14:00:00,NSE:VOLTAS,1029.9,1030.6,1028.95,1030.3,14379.0
2021-08-04 14:05:00,NSE:VOLTAS,1030.0,1030.7,1029.05,1030.0,8757.0
2021-08-04 14:10:00,NSE:VOLTAS,1030.0,1031.15,1029.1,1030.0,63598.0
2021-08-04 14:15:00,NSE:VOLTAS,1030.0,1031.2,1029.65,1030.55,30368.0
2021-08-04 14:20:00,NSE:VOLTAS,1030.6,1033.7,1030.1,1032.15,17105.0
2021-08-04 14:25:00,NSE:VOLTAS,1032.05,1032.9,1030.45,1030.45,8096.0
2021-08-04 14:30:00,NSE:VOLTAS,1030.45,1031.8,1030.45,1031.75,2176.0
2021-08-04 14:35:00,NSE:VOLTAS,1031.15,1033.5,1031.0,1033.5,3857.0
2021-08-04 14:40:00,NSE:VOLTAS,1033.4,1034.55,1032.1,1034.15,5310.0
2021-08-04 14:45:00,NSE:VOLTAS,1034.3,1034.3,1031.6,1032.6,4776.0
2021-08-04 14:50:00,NSE:VOLTAS,1032.75,1033.3,1031.3,1032.65,7992.0
2021-08-04 14:55:00,NSE:VOLTAS,1032.95,1033.1,1031.4,1032.95,5021.0
2021-08-04 15:00:00,NSE:VOLTAS,1034.0,1034.0,1032.4,1033.0,10964.0
2021-08-04 15:05:00,NSE:VOLTAS,1033.35,1033.85,1031.75,1032.8,7954.0
2021-08-04 15:10:00,NSE:VOLTAS,1032.8,1033.5,1032.3,1033.1,7707.0
2021-08-04 15:15:00,NSE:VOLTAS,1033.0,1033.85,1032.1,1032.15,13221.0
2021-08-04 15:20:00,NSE:VOLTAS,1032.05,1032.85,1031.1,1032.0,21843.0
2021-08-04 15:25:00,NSE:VOLTAS,1032.0,1034.0,1031.85,1032.55,41062.0
2021-08-04 15:30:00,NSE:VOLTAS,1033.95,1033.95,1033.95,1033.95,74.0
2021-08-04 15:40:00,NSE:VOLTAS,1032.65,1032.65,1032.65,1032.65,6.0
2021-08-05 09:05:00,NSE:VOLTAS,1038.0,1038.0,1038.0,1038.0,1225.0
2021-08-05 09:15:00,NSE:VOLTAS,1037.5,1042.6,1035.45,1038.2,40195.0
2021-08-05 09:20:00,NSE:VOLTAS,1038.2,1038.95,1036.0,1037.45,14924.0
2021-08-05 09:25:00,NSE:VOLTAS,1037.45,1037.45,1031.15,1032.65,14098.0
2021-08-05 09:30:00,NSE:VOLTAS,1032.15,1032.65,1025.2,1026.5,21309.0
2021-08-05 09:35:00,NSE:VOLTAS,1026.65,1033.0,1026.2,1030.1,17951.0
2021-08-05 09:40:00,NSE:VOLTAS,1030.8,1032.7,1029.35,1032.05,19596.0
2021-08-05 09:45:00,NSE:VOLTAS,1032.0,1032.2,1028.35,1028.95,14324.0
2021-08-05 09:50:00,NSE:VOLTAS,1029.5,1030.8,1028.05,1030.1,11071.0
2021-08-05 09:55:00,NSE:VOLTAS,1030.1,1030.2,1027.0,1027.05,12217.0
2021-08-05 10:00:00,NSE:VOLTAS,1027.05,1028.2,1026.0,1027.05,14644.0
2021-08-05 10:05:00,NSE:VOLTAS,1027.2,1029.3,1026.55,1029.1,16199.0
2021-08-05 10:10:00,NSE:VOLTAS,1029.35,1034.0,1029.15,1031.25,16577.0
2021-08-05 10:15:00,NSE:VOLTAS,1031.7,1032.15,1030.75,1031.6,10456.0
2021-08-05 10:20:00,NSE:VOLTAS,1031.0,1032.1,1030.75,1031.25,8671.0
2021-08-05 10:25:00,NSE:VOLTAS,1031.6,1031.65,1028.1,1028.85,17714.0
2021-08-05 10:30:00,NSE:VOLTAS,1028.5,1029.0,1027.0,1028.2,9757.0
2021-08-05 10:35:00,NSE:VOLTAS,1028.05,1029.65,1026.4,1028.25,22464.0
2021-08-05 10:40:00,NSE:VOLTAS,1028.95,1028.95,1026.0,1026.3,11507.0
2021-08-05 10:45:00,NSE:VOLTAS,1026.0,1028.0,1025.8,1027.8,12699.0
2021-08-05 10:50:00,NSE:VOLTAS,1027.95,1028.0,1026.3,1027.05,10239.0
2021-08-05 10:55:00,NSE:VOLTAS,1027.1,1027.8,1026.45,1026.7,9621.0
2021-08-05 11:00:00,NSE:VOLTAS,1026.6,1028.5,1026.3,1028.3,10985.0
2021-08-05 11:05:00,NSE:VOLTAS,1027.75,1030.75,1027.6,1029.05,11644.0
2021-08-05 11:10:00,NSE:VOLTAS,1028.95,1030.0,1027.9,1028.9,11641.0
2021-08-05 11:15:00,NSE:VOLTAS,1028.9,1030.1,1027.1,1027.75,10285.0
2021-08-05 11:20:00,NSE:VOLTAS,1027.15,1027.65,1026.4,1027.0,8727.0
2021-08-05 11:25:00,NSE:VOLTAS,1027.1,1028.0,1026.25,1026.25,9271.0
2021-08-05 11:30:00,NSE:VOLTAS,1026.3,1029.0,1026.2,1028.4,5269.0
2021-08-05 11:35:00,NSE:VOLTAS,1029.0,1030.0,1028.2,1030.0,4486.0
2021-08-05 11:40:00,NSE:VOLTAS,1030.8,1031.6,1030.55,1030.75,8678.0
2021-08-05 11:45:00,NSE:VOLTAS,1030.75,1034.6,1030.75,1033.6,9620.0
2021-08-05 11:50:00,NSE:VOLTAS,1033.95,1037.2,1033.25,1034.5,16960.0
2021-08-05 11:55:00,NSE:VOLTAS,1036.0,1039.85,1036.0,1036.15,14184.0
2021-08-05 12:00:00,NSE:VOLTAS,1036.7,1036.7,1034.9,1035.5,7032.0
2021-08-05 12:05:00,NSE:VOLTAS,1035.8,1037.8,1035.8,1036.4,4414.0
2021-08-05 12:10:00,NSE:VOLTAS,1036.4,1037.5,1035.6,1035.7,2066.0
2021-08-05 12:15:00,NSE:VOLTAS,1036.0,1037.25,1035.65,1036.6,2048.0
2021-08-05 12:20:00,NSE:VOLTAS,1036.65,1037.2,1036.35,1037.2,2209.0
2021-08-05 12:25:00,NSE:VOLTAS,1037.05,1037.95,1036.55,1037.0,3572.0
2021-08-05 12:30:00,NSE:VOLTAS,1036.95,1038.0,1036.5,1037.45,3362.0
2021-08-05 12:35:00,NSE:VOLTAS,1037.4,1041.8,1037.05,1039.05,19176.0
2021-08-05 12:40:00,NSE:VOLTAS,1039.05,1039.85,1038.45,1038.75,4929.0
2021-08-05 12:45:00,NSE:VOLTAS,1039.2,1040.6,1038.4,1039.6,6455.0
2021-08-05 12:50:00,NSE:VOLTAS,1039.05,1039.75,1037.5,1038.4,5649.0
2021-08-05 12:55:00,NSE:VOLTAS,1038.35,1038.7,1037.4,1037.65,1752.0
2021-08-05 13:00:00,NSE:VOLTAS,1037.4,1038.1,1036.8,1037.0,3551.0
2021-08-05 13:05:00,NSE:VOLTAS,1037.0,1038.0,1036.75,1037.35,4111.0
2021-08-05 13:10:00,NSE:VOLTAS,1037.35,1037.85,1037.0,1037.15,1200.0
2021-08-05 13:15:00,NSE:VOLTAS,1037.55,1038.0,1036.75,1037.0,3485.0
2021-08-05 13:20:00,NSE:VOLTAS,1037.05,1037.45,1036.4,1036.8,4143.0
2021-08-05 13:25:00,NSE:VOLTAS,1037.0,1037.5,1036.5,1037.0,3406.0
2021-08-05 13:30:00,NSE:VOLTAS,1037.0,1037.4,1036.45,1037.1,3547.0
2021-08-05 13:35:00,NSE:VOLTAS,1036.7,1037.5,1036.45,1036.7,3159.0
2021-08-05 13:40:00,NSE:VOLTAS,1036.8,1037.45,1036.4,1036.7,3418.0
2021-08-05 13:45:00,NSE:VOLTAS,1037.35,1038.05,1036.5,1037.0,29367.0
2021-08-05 13:50:00,NSE:VOLTAS,1037.0,1038.0,1036.7,1037.0,33582.0
2021-08-05 13:55:00,NSE:VOLTAS,1037.0,1037.0,1035.05,1035.45,19449.0
2021-08-05 14:00:00,NSE:VOLTAS,1035.45,1036.8,1035.05,1036.1,3686.0
2021-08-05 14:05:00,NSE:VOLTAS,1036.65,1037.95,1036.4,1037.75,3981.0
2021-08-05 14:10:00,NSE:VOLTAS,1036.95,1041.4,1036.95,1040.95,16539.0
2021-08-05 14:15:00,NSE:VOLTAS,1041.5,1043.75,1040.1,1040.1,21362.0
2021-08-05 14:20:00,NSE:VOLTAS,1039.7,1040.7,1038.35,1038.65,8695.0
2021-08-05 14:25:00,NSE:VOLTAS,1038.7,1040.7,1037.95,1038.95,5247.0
2021-08-05 14:30:00,NSE:VOLTAS,1039.6,1041.75,1039.35,1041.1,9663.0
2021-08-05 14:35:00,NSE:VOLTAS,1041.55,1043.0,1040.35,1042.3,10982.0
2021-08-05 14:40:00,NSE:VOLTAS,1042.3,1042.3,1040.6,1041.0,7553.0
2021-08-05 14:45:00,NSE:VOLTAS,1040.85,1042.05,1040.35,1041.65,5234.0
2021-08-05 14:50:00,NSE:VOLTAS,1041.2,1041.85,1040.4,1041.3,6241.0
2021-08-05 14:55:00,NSE:VOLTAS,1041.05,1041.55,1038.85,1039.75,15128.0
2021-08-05 15:00:00,NSE:VOLTAS,1040.45,1045.2,1040.3,1045.2,15305.0
2021-08-05 15:05:00,NSE:VOLTAS,1045.6,1047.0,1044.0,1046.6,31571.0
2021-08-05 15:10:00,NSE:VOLTAS,1046.75,1046.8,1044.05,1044.05,13583.0
2021-08-05 15:15:00,NSE:VOLTAS,1044.7,1045.3,1043.65,1044.85,12668.0
2021-08-05 15:20:00,NSE:VOLTAS,1045.0,1046.75,1044.4,1046.05,18027.0
2021-08-05 15:25:00,NSE:VOLTAS,1046.05,1049.0,1045.35,1047.75,26459.0
2021-08-05 15:30:00,NSE:VOLTAS,1048.0,1048.0,1048.0,1048.0,27.0
2021-08-05 15:40:00,NSE:VOLTAS,1045.3,1045.3,1045.3,1045.3,9.0
2021-08-06 09:05:00,NSE:VOLTAS,1049.0,1049.0,1049.0,1049.0,1488.0
2021-08-06 09:15:00,NSE:VOLTAS,1050.7,1052.95,1042.2,1049.45,62730.0
2021-08-06 09:20:00,NSE:VOLTAS,1049.0,1061.0,1049.0,1058.9,99327.0
2021-08-06 09:25:00,NSE:VOLTAS,1059.35,1059.35,1047.9,1048.1,64975.0
2021-08-06 09:30:00,NSE:VOLTAS,1048.45,1058.95,1047.8,1056.85,49361.0
2021-08-06 09:35:00,NSE:VOLTAS,1057.4,1060.75,1055.85,1059.5,43139.0
2021-08-06 09:40:00,NSE:VOLTAS,1059.6,1060.15,1057.4,1058.4,24144.0
2021-08-06 09:45:00,NSE:VOLTAS,1058.4,1060.0,1056.0,1060.0,18370.0
2021-08-06 09:50:00,NSE:VOLTAS,1060.0,1067.0,1059.8,1062.55,96865.0
2021-08-06 09:55:00,NSE:VOLTAS,1062.55,1063.6,1057.75,1059.7,46229.0
2021-08-06 10:00:00,NSE:VOLTAS,1059.85,1060.8,1057.45,1059.0,22708.0
2021-08-06 10:05:00,NSE:VOLTAS,1059.7,1061.4,1057.7,1060.8,19015.0
2021-08-06 10:10:00,NSE:VOLTAS,1059.9,1065.6,1059.2,1065.5,51395.0
2021-08-06 10:15:00,NSE:VOLTAS,1065.85,1066.0,1061.0,1061.85,30357.0
2021-08-06 10:20:00,NSE:VOLTAS,1061.85,1064.0,1059.6,1059.6,15806.0
2021-08-06 10:25:00,NSE:VOLTAS,1059.8,1060.65,1053.2,1053.85,45457.0
2021-08-06 10:30:00,NSE:VOLTAS,1053.35,1055.3,1051.9,1053.35,23368.0
2021-08-06 10:35:00,NSE:VOLTAS,1053.35,1054.45,1050.65,1051.6,20677.0
2021-08-06 10:40:00,NSE:VOLTAS,1051.15,1053.05,1049.15,1051.05,23210.0
2021-08-06 10:45:00,NSE:VOLTAS,1051.05,1051.5,1049.05,1049.5,19332.0
2021-08-06 10:50:00,NSE:VOLTAS,1050.0,1051.7,1046.5,1047.1,29496.0
2021-08-06 10:55:00,NSE:VOLTAS,1047.3,1048.6,1046.65,1048.0,20242.0
2021-08-06 11:00:00,NSE:VOLTAS,1049.0,1053.55,1048.2,1052.75,34598.0
2021-08-06 11:05:00,NSE:VOLTAS,1052.7,1055.0,1051.6,1051.75,20866.0
2021-08-06 11:10:00,NSE:VOLTAS,1051.1,1053.0,1050.85,1052.1,14510.0
2021-08-06 11:15:00,NSE:VOLTAS,1052.55,1054.65,1052.1,1052.7,16771.0
2021-08-06 11:20:00,NSE:VOLTAS,1052.7,1056.0,1052.65,1055.15,11786.0
2021-08-06 11:25:00,NSE:VOLTAS,1055.05,1055.3,1054.0,1054.45,4535.0
2021-08-06 11:30:00,NSE:VOLTAS,1054.3,1055.5,1054.15,1054.45,9132.0
2021-08-06 11:35:00,NSE:VOLTAS,1054.45,1055.0,1052.2,1054.1,13728.0
2021-08-06 11:40:00,NSE:VOLTAS,1054.05,1055.3,1054.0,1054.05,9919.0
2021-08-06 11:45:00,NSE:VOLTAS,1054.4,1055.0,1054.0,1054.45,3641.0
2021-08-06 11:50:00,NSE:VOLTAS,1054.55,1055.5,1054.0,1054.5,13412.0
2021-08-06 11:55:00,NSE:VOLTAS,1054.25,1054.65,1050.05,1051.0,22798.0
2021-08-06 12:00:00,NSE:VOLTAS,1051.0,1055.25,1044.45,1051.95,61170.0
2021-08-06 12:05:00,NSE:VOLTAS,1052.0,1068.55,1046.1,1066.3,616152.0
2021-08-06 12:10:00,NSE:VOLTAS,1066.55,1073.9,1058.15,1062.65,369459.0
2021-08-06 12:15:00,NSE:VOLTAS,1062.65,1064.25,1055.05,1055.75,156026.0
2021-08-06 12:20:00,NSE:VOLTAS,1055.75,1068.8,1052.7,1064.6,165469.0
2021-08-06 12:25:00,NSE:VOLTAS,1064.6,1064.85,1056.8,1058.35,52855.0
2021-08-06 12:30:00,NSE:VOLTAS,1058.0,1059.6,1048.15,1049.3,118675.0
2021-08-06 12:35:00,NSE:VOLTAS,1049.5,1051.9,1043.25,1044.9,128704.0
2021-08-06 12:40:00,NSE:VOLTAS,1044.9,1051.6,1044.0,1048.65,52675.0
2021-08-06 12:45:00,NSE:VOLTAS,1048.65,1049.95,1045.45,1047.0,26543.0
2021-08-06 12:50:00,NSE:VOLTAS,1046.55,1048.6,1044.35,1048.6,21650.0
2021-08-06 12:55:00,NSE:VOLTAS,1048.55,1061.8,1048.0,1057.45,116578.0
2021-08-06 13:00:00,NSE:VOLTAS,1057.45,1061.0,1052.0,1056.0,53596.0
2021-08-06 13:05:00,NSE:VOLTAS,1055.6,1058.85,1047.5,1048.15,40162.0
2021-08-06 13:10:00,NSE:VOLTAS,1048.95,1052.15,1048.95,1051.0,18770.0
2021-08-06 13:15:00,NSE:VOLTAS,1051.0,1052.5,1047.75,1047.9,13840.0
2021-08-06 13:20:00,NSE:VOLTAS,1048.6,1050.0,1047.75,1049.0,11764.0
2021-08-06 13:25:00,NSE:VOLTAS,1049.75,1050.0,1048.0,1049.1,5549.0
2021-08-06 13:30:00,NSE:VOLTAS,1049.1,1051.15,1048.4,1050.7,6899.0
2021-08-06 13:35:00,NSE:VOLTAS,1051.0,1054.15,1050.5,1052.6,11186.0
2021-08-06 13:40:00,NSE:VOLTAS,1053.0,1053.0,1051.15,1052.05,13630.0
2021-08-06 13:45:00,NSE:VOLTAS,1052.1,1052.8,1051.5,1051.8,3629.0
2021-08-06 13:50:00,NSE:VOLTAS,1051.5,1051.7,1048.45,1049.45,15315.0
2021-08-06 13:55:00,NSE:VOLTAS,1049.95,1051.0,1048.9,1050.1,6820.0
2021-08-06 14:00:00,NSE:VOLTAS,1050.2,1051.35,1046.0,1046.65,22585.0
2021-08-06 14:05:00,NSE:VOLTAS,1046.65,1050.0,1046.65,1048.9,9754.0
2021-08-06 14:10:00,NSE:VOLTAS,1048.35,1050.2,1048.25,1049.75,6691.0
2021-08-06 14:15:00,NSE:VOLTAS,1049.1,1051.05,1047.1,1051.0,11508.0
2021-08-06 14:20:00,NSE:VOLTAS,1051.0,1052.5,1049.7,1051.8,9895.0
2021-08-06 14:25:00,NSE:VOLTAS,1052.2,1057.8,1051.45,1055.75,43468.0
2021-08-06 14:30:00,NSE:VOLTAS,1055.6,1055.6,1052.15,1052.85,14209.0
2021-08-06 14:35:00,NSE:VOLTAS,1052.75,1052.75,1048.5,1050.1,17892.0
2021-08-06 14:40:00,NSE:VOLTAS,1049.95,1050.8,1048.3,1049.05,9197.0
2021-08-06 14:45:00,NSE:VOLTAS,1049.45,1050.7,1049.0,1049.3,13552.0
2021-08-06 14:50:00,NSE:VOLTAS,1049.45,1050.7,1049.05,1050.0,10480.0
2021-08-06 14:55:00,NSE:VOLTAS,1050.2,1050.7,1048.0,1049.2,22185.0
2021-08-06 15:00:00,NSE:VOLTAS,1049.5,1050.8,1049.25,1050.4,25097.0
2021-08-06 15:05:00,NSE:VOLTAS,1050.05,1052.0,1049.0,1049.0,40881.0
2021-08-06 15:10:00,NSE:VOLTAS,1049.55,1049.65,1047.7,1048.35,24417.0
2021-08-06 15:15:00,NSE:VOLTAS,1047.2,1050.65,1046.05,1049.0,52101.0
2021-08-06 15:20:00,NSE:VOLTAS,1049.35,1050.05,1047.85,1048.0,55431.0
2021-08-06 15:25:00,NSE:VOLTAS,1048.0,1049.45,1036.05,1046.5,58468.0
2021-08-06 15:30:00,NSE:VOLTAS,1046.5,1046.5,1046.5,1046.5,52.0
2021-08-06 15:40:00,NSE:VOLTAS,1047.9,1047.9,1046.5,1046.5,150.0
2021-08-09 09:05:00,NSE:VOLTAS,1052.2,1052.2,1052.2,1052.2,2286.0
2021-08-09 09:15:00,NSE:VOLTAS,1051.85,1053.0,1029.45,1041.9,84405.0
2021-08-09 09:20:00,NSE:VOLTAS,1041.9,1041.9,1036.25,1039.0,35469.0
2021-08-09 09:25:00,NSE:VOLTAS,1039.5,1043.7,1036.6,1041.95,12397.0
2021-08-09 09:30:00,NSE:VOLTAS,1042.45,1044.95,1041.2,1043.15,10263.0
2021-08-09 09:35:00,NSE:VOLTAS,1042.45,1043.05,1037.7,1039.35,9452.0
2021-08-09 09:40:00,NSE:VOLTAS,1039.0,1041.2,1037.8,1038.75,7432.0
2021-08-09 09:45:00,NSE:VOLTAS,1038.5,1039.55,1036.6,1038.7,14008.0
2021-08-09 09:50:00,NSE:VOLTAS,1038.65,1039.1,1036.5,1037.7,6109.0
2021-08-09 09:55:00,NSE:VOLTAS,1037.65,1038.05,1035.5,1036.3,13272.0
2021-08-09 10:00:00,NSE:VOLTAS,1036.4,1038.9,1036.15,1037.9,11822.0
2021-08-09 10:05:00,NSE:VOLTAS,1037.3,1037.65,1034.4,1036.8,12048.0
2021-08-09 10:10:00,NSE:VOLTAS,1036.15,1037.25,1035.6,1036.35,5843.0
2021-08-09 10:15:00,NSE:VOLTAS,1036.35,1036.7,1033.9,1035.6,6744.0
2021-08-09 10:20:00,NSE:VOLTAS,1036.15,1039.25,1035.65,1037.2,9593.0
2021-08-09 10:25:00,NSE:VOLTAS,1037.65,1037.85,1036.5,1037.1,2816.0
2021-08-09 10:30:00,NSE:VOLTAS,1037.1,1038.05,1037.0,1037.65,2612.0
2021-08-09 10:35:00,NSE:VOLTAS,1037.2,1038.65,1036.5,1037.2,5386.0
2021-08-09 10:40:00,NSE:VOLTAS,1037.0,1038.0,1036.95,1037.55,2247.0
2021-08-09 10:45:00,NSE:VOLTAS,1037.55,1038.3,1036.5,1037.25,6644.0
2021-08-09 10:50:00,NSE:VOLTAS,1037.3,1040.0,1036.45,1037.05,20397.0
2021-08-09 10:55:00,NSE:VOLTAS,1037.1,1037.9,1036.5,1037.7,3248.0
2021-08-09 11:00:00,NSE:VOLTAS,1037.6,1038.25,1036.5,1037.0,2179.0
2021-08-09 11:05:00,NSE:VOLTAS,1036.5,1037.1,1036.2,1037.0,4090.0
2021-08-09 11:10:00,NSE:VOLTAS,1037.0,1038.5,1036.3,1037.8,6026.0
2021-08-09 11:15:00,NSE:VOLTAS,1037.1,1038.0,1036.45,1037.0,5148.0
2021-08-09 11:20:00,NSE:VOLTAS,1037.05,1038.3,1037.0,1037.0,1675.0
2021-08-09 11:25:00,NSE:VOLTAS,1037.35,1038.5,1036.2,1036.7,11898.0
2021-08-09 11:30:00,NSE:VOLTAS,1036.65,1038.5,1036.5,1036.55,2454.0
2021-08-09 11:35:00,NSE:VOLTAS,1036.55,1038.4,1036.5,1037.0,1847.0
2021-08-09 11:40:00,NSE:VOLTAS,1037.25,1038.0,1037.0,1037.45,873.0
2021-08-09 11:45:00,NSE:VOLTAS,1037.95,1038.1,1036.6,1037.25,1955.0
2021-08-09 11:50:00,NSE:VOLTAS,1037.15,1038.0,1036.6,1037.0,3749.0
2021-08-09 11:55:00,NSE:VOLTAS,1037.0,1037.65,1036.5,1036.95,7088.0
2021-08-09 12:00:00,NSE:VOLTAS,1036.5,1038.0,1036.5,1037.25,3144.0
2021-08-09 12:05:00,NSE:VOLTAS,1037.2,1038.5,1037.0,1037.25,2950.0
2021-08-09 12:10:00,NSE:VOLTAS,1037.7,1038.0,1037.2,1037.35,2044.0
2021-08-09 12:15:00,NSE:VOLTAS,1037.3,1037.7,1035.75,1036.3,12362.0
2021-08-09 12:20:00,NSE:VOLTAS,1036.2,1036.2,1033.5,1035.0,16725.0
2021-08-09 12:25:00,NSE:VOLTAS,1034.1,1034.35,1027.5,1028.75,30335.0
2021-08-09 12:30:00,NSE:VOLTAS,1029.35,1030.75,1026.5,1028.05,21538.0
2021-08-09 12:35:00,NSE:VOLTAS,1027.65,1029.6,1027.1,1029.5,8801.0
2021-08-09 12:40:00,NSE:VOLTAS,1028.95,1029.5,1028.0,1028.35,4331.0
2021-08-09 12:45:00,NSE:VOLTAS,1028.1,1028.85,1027.1,1028.2,7781.0
2021-08-09 12:50:00,NSE:VOLTAS,1027.4,1029.1,1027.4,1027.7,4466.0
2021-08-09 12:55:00,NSE:VOLTAS,1027.6,1028.25,1026.75,1027.75,6241.0
2021-08-09 13:00:00,NSE:VOLTAS,1027.15,1027.75,1026.7,1027.35,2690.0
2021-08-09 13:05:00,NSE:VOLTAS,1027.1,1030.0,1026.95,1028.25,8143.0
2021-08-09 13:10:00,NSE:VOLTAS,1028.7,1029.7,1027.1,1027.35,6549.0
2021-08-09 13:15:00,NSE:VOLTAS,1027.95,1028.65,1027.0,1027.1,4339.0
2021-08-09 13:20:00,NSE:VOLTAS,1027.7,1027.7,1021.4,1024.4,34014.0
2021-08-09 13:25:00,NSE:VOLTAS,1024.5,1025.35,1022.15,1022.2,12562.0
2021-08-09 13:30:00,NSE:VOLTAS,1022.2,1025.0,1022.15,1022.5,14887.0
2021-08-09 13:35:00,NSE:VOLTAS,1023.1,1024.0,1022.0,1023.4,7358.0
2021-08-09 13:40:00,NSE:VOLTAS,1023.4,1024.15,1022.0,1023.65,14352.0
2021-08-09 13:45:00,NSE:VOLTAS,1023.2,1023.35,1020.0,1021.05,31361.0
2021-08-09 13:50:00,NSE:VOLTAS,1021.15,1023.6,1020.2,1023.25,10457.0
2021-08-09 13:55:00,NSE:VOLTAS,1023.25,1025.55,1023.0,1024.5,14036.0
2021-08-09 14:00:00,NSE:VOLTAS,1024.5,1025.5,1023.45,1023.45,6796.0
2021-08-09 14:05:00,NSE:VOLTAS,1024.05,1024.9,1022.3,1022.85,13161.0
2021-08-09 14:10:00,NSE:VOLTAS,1022.85,1024.9,1022.1,1024.3,6542.0
2021-08-09 14:15:00,NSE:VOLTAS,1024.3,1025.2,1023.0,1023.0,8727.0
2021-08-09 14:20:00,NSE:VOLTAS,1023.05,1025.8,1022.15,1024.25,8132.0
2021-08-09 14:25:00,NSE:VOLTAS,1024.3,1026.1,1023.45,1025.25,4962.0
2021-08-09 14:30:00,NSE:VOLTAS,1025.25,1026.0,1024.3,1024.7,3412.0
2021-08-09 14:35:00,NSE:VOLTAS,1024.75,1025.95,1024.7,1025.55,4654.0
2021-08-09 14:40:00,NSE:VOLTAS,1025.05,1025.9,1024.05,1024.25,6121.0
2021-08-09 14:45:00,NSE:VOLTAS,1024.15,1024.95,1023.0,1023.3,7181.0
2021-08-09 14:50:00,NSE:VOLTAS,1024.05,1024.3,1022.3,1023.95,6362.0
2021-08-09 14:55:00,NSE:VOLTAS,1023.95,1023.95,1022.7,1023.15,4852.0
2021-08-09 15:00:00,NSE:VOLTAS,1023.5,1024.55,1023.05,1023.6,13735.0
2021-08-09 15:05:00,NSE:VOLTAS,1023.65,1024.7,1022.7,1024.4,15159.0
2021-08-09 15:10:00,NSE:VOLTAS,1024.6,1024.7,1023.05,1023.8,18186.0
2021-08-09 15:15:00,NSE:VOLTAS,1023.8,1025.0,1023.3,1024.5,17308.0
2021-08-09 15:20:00,NSE:VOLTAS,1024.65,1026.4,1023.15,1026.4,22573.0
2021-08-09 15:25:00,NSE:VOLTAS,1026.4,1028.35,1023.55,1027.7,31776.0
2021-08-09 15:40:00,NSE:VOLTAS,1024.7,1027.7,1024.7,1027.7,4.0
2021-08-10 09:05:00,NSE:VOLTAS,1023.0,1023.0,1023.0,1023.0,1506.0
2021-08-10 09:15:00,NSE:VOLTAS,1023.7,1028.35,1020.1,1022.15,34817.0
2021-08-10 09:20:00,NSE:VOLTAS,1022.05,1023.7,1015.2,1018.35,69119.0
2021-08-10 09:25:00,NSE:VOLTAS,1018.15,1020.9,1018.15,1019.55,11820.0
2021-08-10 09:30:00,NSE:VOLTAS,1019.4,1021.4,1019.1,1021.0,6611.0
2021-08-10 09:35:00,NSE:VOLTAS,1020.7,1021.3,1018.3,1019.5,5370.0
2021-08-10 09:40:00,NSE:VOLTAS,1018.6,1019.05,1017.05,1017.3,10248.0
2021-08-10 09:45:00,NSE:VOLTAS,1017.45,1018.9,1015.25,1018.2,27582.0
2021-08-10 09:50:00,NSE:VOLTAS,1017.95,1020.6,1016.5,1019.8,12248.0
2021-08-10 09:55:00,NSE:VOLTAS,1019.35,1019.75,1016.2,1016.35,15587.0
2021-08-10 10:00:00,NSE:VOLTAS,1016.8,1017.1,1013.35,1013.35,16980.0
2021-08-10 10:05:00,NSE:VOLTAS,1013.65,1013.95,1011.25,1012.05,35298.0
2021-08-10 10:10:00,NSE:VOLTAS,1012.0,1016.4,1010.45,1015.55,24507.0
2021-08-10 10:15:00,NSE:VOLTAS,1015.55,1015.7,1010.0,1010.3,18059.0
2021-08-10 10:20:00,NSE:VOLTAS,1011.0,1013.9,1010.9,1013.55,16608.0
2021-08-10 10:25:00,NSE:VOLTAS,1013.0,1013.65,1012.0,1012.6,7085.0
2021-08-10 10:30:00,NSE:VOLTAS,1012.65,1013.25,1010.7,1011.5,6026.0
2021-08-10 10:35:00,NSE:VOLTAS,1011.5,1011.8,1010.5,1011.25,6970.0
2021-08-10 10:40:00,NSE:VOLTAS,1011.15,1012.0,1009.0,1010.0,29410.0
2021-08-10 10:45:00,NSE:VOLTAS,1010.0,1011.8,1010.0,1010.05,13141.0
2021-08-10 10:50:00,NSE:VOLTAS,1010.05,1012.85,1010.05,1011.7,10415.0
2021-08-10 10:55:00,NSE:VOLTAS,1011.2,1011.6,1009.15,1010.0,8538.0
2021-08-10 11:00:00,NSE:VOLTAS,1010.0,1010.0,1009.15,1010.0,4498.0
2021-08-10 11:05:00,NSE:VOLTAS,1009.75,1010.55,1009.15,1009.6,16135.0
2021-08-10 11:10:00,NSE:VOLTAS,1009.7,1010.5,1009.2,1010.0,9813.0
2021-08-10 11:15:00,NSE:VOLTAS,1009.5,1010.9,1009.15,1010.45,9573.0
2021-08-10 11:20:00,NSE:VOLTAS,1010.4,1011.0,1009.15,1010.0,5170.0
2021-08-10 11:25:00,NSE:VOLTAS,1010.0,1012.15,1009.65,1011.15,7053.0
2021-08-10 11:30:00,NSE:VOLTAS,1010.95,1011.55,1010.35,1011.2,2120.0
2021-08-10 11:35:00,NSE:VOLTAS,1011.2,1011.3,1010.2,1010.45,8926.0
2021-08-10 11:40:00,NSE:VOLTAS,1010.4,1010.5,1009.5,1010.35,8470.0
2021-08-10 11:45:00,NSE:VOLTAS,1010.35,1010.35,1009.0,1009.9,6568.0
2021-08-10 11:50:00,NSE:VOLTAS,1009.9,1011.5,1009.75,1010.6,56608.0
2021-08-10 11:55:00,NSE:VOLTAS,1010.6,1012.0,1010.6,1011.5,6441.0
2021-08-10 12:00:00,NSE:VOLTAS,1011.1,1011.9,1010.55,1011.15,6802.0
2021-08-10 12:05:00,NSE:VOLTAS,1011.05,1011.8,1011.0,1011.25,4272.0
2021-08-10 12:10:00,NSE:VOLTAS,1011.25,1012.0,1011.15,1011.8,3867.0
2021-08-10 12:15:00,NSE:VOLTAS,1011.5,1012.1,1011.3,1011.65,2354.0
2021-08-10 12:20:00,NSE:VOLTAS,1011.65,1012.1,1011.65,1012.0,2896.0
2021-08-10 12:25:00,NSE:VOLTAS,1012.0,1013.0,1011.65,1012.6,7947.0
2021-08-10 12:30:00,NSE:VOLTAS,1012.05,1012.65,1010.05,1011.1,37708.0
2021-08-10 12:35:00,NSE:VOLTAS,1011.0,1011.9,1010.6,1011.4,5283.0
2021-08-10 12:40:00,NSE:VOLTAS,1010.95,1012.1,1010.95,1011.3,9222.0
2021-08-10 12:45:00,NSE:VOLTAS,1011.3,1012.0,1011.25,1012.0,5512.0
2021-08-10 12:50:00,NSE:VOLTAS,1011.55,1012.0,1009.65,1009.95,14858.0
2021-08-10 12:55:00,NSE:VOLTAS,1009.9,1010.0,1007.15,1009.05,21748.0
2021-08-10 13:00:00,NSE:VOLTAS,1008.55,1008.7,1005.4,1006.25,13459.0
2021-08-10 13:05:00,NSE:VOLTAS,1006.2,1006.95,1005.0,1006.85,12027.0
2021-08-10 13:10:00,NSE:VOLTAS,1006.85,1006.85,1005.1,1006.05,6699.0
2021-08-10 13:15:00,NSE:VOLTAS,1005.9,1006.4,1005.1,1005.75,4845.0
2021-08-10 13:20:00,NSE:VOLTAS,1005.7,1006.7,1005.5,1006.3,6130.0
2021-08-10 13:25:00,NSE:VOLTAS,1006.3,1006.7,1005.7,1006.05,5851.0
2021-08-10 13:30:00,NSE:VOLTAS,1006.15,1007.5,1005.55,1007.15,6454.0
2021-08-10 13:35:00,NSE:VOLTAS,1007.1,1008.55,1006.3,1007.5,6358.0
2021-08-10 13:40:00,NSE:VOLTAS,1007.55,1007.9,1005.45,1005.95,3996.0
2021-08-10 13:45:00,NSE:VOLTAS,1005.65,1006.75,1005.1,1005.1,2824.0
2021-08-10 13:50:00,NSE:VOLTAS,1005.1,1005.65,1002.95,1003.4,10859.0
2021-08-10 13:55:00,NSE:VOLTAS,1003.35,1003.55,998.2,998.2,35300.0
2021-08-10 14:00:00,NSE:VOLTAS,998.4,999.5,997.1,997.7,18958.0
2021-08-10 14:05:00,NSE:VOLTAS,997.7,997.8,990.85,991.9,42724.0
2021-08-10 14:10:00,NSE:VOLTAS,991.9,997.4,991.45,996.95,64940.0
2021-08-10 14:15:00,NSE:VOLTAS,997.4,1001.0,997.15,1000.25,23655.0
2021-08-10 14:20:00,NSE:VOLTAS,1000.25,1001.7,998.85,999.25,43097.0
2021-08-10 14:25:00,NSE:VOLTAS,999.0,1000.9,998.95,1000.0,14870.0
2021-08-10 14:30:00,NSE:VOLTAS,999.95,1000.4,999.35,999.85,4457.0
2021-08-10 14:35:00,NSE:VOLTAS,999.85,1000.8,999.2,1000.0,8767.0
2021-08-10 14:40:00,NSE:VOLTAS,1000.0,1000.95,999.15,1000.35,5442.0
2021-08-10 14:45:00,NSE:VOLTAS,1000.0,1001.75,999.7,1000.35,56089.0
2021-08-10 14:50:00,NSE:VOLTAS,1000.25,1001.3,1000.05,1000.05,4710.0
2021-08-10 14:55:00,NSE:VOLTAS,1000.1,1001.05,999.65,1000.9,66684.0
2021-08-10 15:00:00,NSE:VOLTAS,1000.9,1001.35,1000.15,1001.35,9472.0
2021-08-10 15:05:00,NSE:VOLTAS,1001.0,1001.3,999.3,999.3,15300.0
2021-08-10 15:10:00,NSE:VOLTAS,999.4,1000.0,997.55,998.0,60444.0
2021-08-10 15:15:00,NSE:VOLTAS,997.95,998.75,995.15,998.0,85529.0
2021-08-10 15:20:00,NSE:VOLTAS,998.0,998.35,995.35,997.3,60027.0
2021-08-10 15:25:00,NSE:VOLTAS,998.05,1000.1,997.1,1000.0,30890.0
2021-08-10 15:40:00,NSE:VOLTAS,998.2,1000.0,998.2,1000.0,139.0
2021-08-11 09:05:00,NSE:VOLTAS,996.5,996.5,996.5,996.5,1305.0
2021-08-11 09:15:00,NSE:VOLTAS,996.2,996.25,981.0,982.75,82370.0
2021-08-11 09:20:00,NSE:VOLTAS,982.75,984.45,980.0,982.5,41442.0
2021-08-11 09:25:00,NSE:VOLTAS,982.5,982.5,973.0,980.7,74432.0
2021-08-11 09:30:00,NSE:VOLTAS,981.0,991.8,980.8,986.1,74467.0
2021-08-11 09:35:00,NSE:VOLTAS,986.5,986.5,980.3,981.2,31671.0
2021-08-11 09:40:00,NSE:VOLTAS,980.9,981.85,975.55,979.1,37091.0
2021-08-11 09:45:00,NSE:VOLTAS,979.8,981.2,976.0,979.25,25267.0
2021-08-11 09:50:00,NSE:VOLTAS,978.9,981.95,978.9,980.05,25352.0
2021-08-11 09:55:00,NSE:VOLTAS,980.45,980.45,975.1,976.0,18515.0
2021-08-11 10:00:00,NSE:VOLTAS,976.3,976.3,970.7,972.2,49372.0
2021-08-11 10:05:00,NSE:VOLTAS,972.0,972.15,969.35,970.25,24684.0
2021-08-11 10:10:00,NSE:VOLTAS,970.0,973.15,968.15,968.9,22002.0
2021-08-11 10:15:00,NSE:VOLTAS,968.3,968.3,965.2,967.65,31461.0
2021-08-11 10:20:00,NSE:VOLTAS,968.0,970.85,967.15,968.4,24600.0
2021-08-11 10:25:00,NSE:VOLTAS,968.4,973.3,966.4,970.0,49036.0
2021-08-11 10:30:00,NSE:VOLTAS,970.0,970.0,964.9,965.3,182594.0
2021-08-11 10:35:00,NSE:VOLTAS,965.5,967.25,964.9,966.35,34965.0
2021-08-11 10:40:00,NSE:VOLTAS,966.2,966.7,965.0,965.55,17592.0
2021-08-11 10:45:00,NSE:VOLTAS,965.95,966.1,960.5,960.7,36229.0
2021-08-11 10:50:00,NSE:VOLTAS,961.5,962.75,958.55,962.1,39132.0
2021-08-11 10:55:00,NSE:VOLTAS,961.95,962.35,957.2,960.0,31000.0
2021-08-11 11:00:00,NSE:VOLTAS,960.0,962.25,955.7,962.25,22554.0
2021-08-11 11:05:00,NSE:VOLTAS,962.35,964.0,961.15,961.4,17227.0
2021-08-11 11:10:00,NSE:VOLTAS,961.4,961.9,960.2,960.7,58815.0
2021-08-11 11:15:00,NSE:VOLTAS,960.8,961.0,959.25,959.5,140689.0
2021-08-11 11:20:00,NSE:VOLTAS,959.5,963.0,958.85,962.5,18247.0
2021-08-11 11:25:00,NSE:VOLTAS,962.5,963.9,962.05,963.45,8335.0
2021-08-11 11:30:00,NSE:VOLTAS,963.8,966.9,963.8,966.0,16418.0
2021-08-11 11:35:00,NSE:VOLTAS,965.8,967.1,965.0,966.85,8452.0
2021-08-11 11:40:00,NSE:VOLTAS,967.3,968.1,966.8,967.7,13469.0
2021-08-11 11:45:00,NSE:VOLTAS,967.2,970.0,966.05,968.3,25731.0
2021-08-11 11:50:00,NSE:VOLTAS,968.3,970.45,966.55,966.95,24260.0
2021-08-11 11:55:00,NSE:VOLTAS,966.6,967.6,964.2,965.45,18412.0
2021-08-11 12:00:00,NSE:VOLTAS,965.85,966.2,964.25,964.75,18790.0
2021-08-11 12:05:00,NSE:VOLTAS,964.75,967.25,964.25,965.9,16835.0
2021-08-11 12:10:00,NSE:VOLTAS,965.75,968.85,964.0,967.85,345252.0
2021-08-11 12:15:00,NSE:VOLTAS,967.85,968.25,965.6,968.0,17072.0
2021-08-11 12:20:00,NSE:VOLTAS,968.0,970.05,967.65,969.45,8533.0
2021-08-11 12:25:00,NSE:VOLTAS,969.45,970.1,967.0,967.8,10589.0
2021-08-11 12:30:00,NSE:VOLTAS,967.4,969.35,967.4,969.1,12654.0
2021-08-11 12:35:00,NSE:VOLTAS,969.2,970.4,966.15,968.1,19432.0
2021-08-11 12:40:00,NSE:VOLTAS,968.35,969.45,968.0,968.95,6978.0
2021-08-11 12:45:00,NSE:VOLTAS,968.95,970.4,968.0,969.25,17460.0
2021-08-11 12:50:00,NSE:VOLTAS,969.25,970.45,969.05,969.5,6411.0
2021-08-11 12:55:00,NSE:VOLTAS,969.45,972.0,969.0,971.55,17674.0
2021-08-11 13:00:00,NSE:VOLTAS,972.0,973.75,971.85,972.65,26042.0
2021-08-11 13:05:00,NSE:VOLTAS,972.7,974.75,972.25,974.6,39163.0
2021-08-11 13:10:00,NSE:VOLTAS,974.55,974.95,973.0,974.5,17766.0
2021-08-11 13:15:00,NSE:VOLTAS,974.6,983.25,974.15,982.8,67158.0
2021-08-11 13:20:00,NSE:VOLTAS,982.8,986.85,982.05,986.0,280921.0
2021-08-11 13:25:00,NSE:VOLTAS,986.0,986.5,982.9,984.5,56958.0
2021-08-11 13:30:00,NSE:VOLTAS,984.0,984.0,979.2,979.2,17763.0
2021-08-11 13:35:00,NSE:VOLTAS,979.1,982.2,977.45,982.2,37433.0
2021-08-11 13:40:00,NSE:VOLTAS,982.4,985.8,982.0,984.55,18398.0
2021-08-11 13:45:00,NSE:VOLTAS,984.9,986.0,983.6,985.5,18472.0
2021-08-11 13:50:00,NSE:VOLTAS,986.1,993.35,985.25,993.35,42370.0
2021-08-11 13:55:00,NSE:VOLTAS,993.4,994.0,989.05,991.75,33563.0
2021-08-11 14:00:00,NSE:VOLTAS,991.45,991.8,989.6,990.25,18575.0
2021-08-11 14:05:00,NSE:VOLTAS,990.15,990.75,989.55,990.5,15508.0
2021-08-11 14:10:00,NSE:VOLTAS,990.5,992.0,989.9,990.55,19528.0
2021-08-11 14:15:00,NSE:VOLTAS,990.55,993.35,990.0,992.9,12700.0
2021-08-11 14:20:00,NSE:VOLTAS,992.5,997.9,992.45,995.1,36534.0
2021-08-11 14:25:00,NSE:VOLTAS,995.85,996.0,990.85,991.35,13834.0
2021-08-11 14:30:00,NSE:VOLTAS,991.3,992.75,990.65,991.45,13993.0
2021-08-11 14:35:00,NSE:VOLTAS,991.45,991.9,990.0,990.55,10156.0
2021-08-11 14:40:00,NSE:VOLTAS,990.5,996.0,990.3,996.0,16073.0
2021-08-11 14:45:00,NSE:VOLTAS,996.2,1002.35,990.55,992.55,63181.0
2021-08-11 14:50:00,NSE:VOLTAS,993.0,997.45,992.55,997.0,34891.0
2021-08-11 14:55:00,NSE:VOLTAS,997.1,999.55,996.5,997.85,25733.0
2021-08-11 15:00:00,NSE:VOLTAS,998.0,1001.5,998.0,1000.8,58102.0
2021-08-11 15:05:00,NSE:VOLTAS,1000.6,1002.15,999.0,1000.85,53847.0
2021-08-11 15:10:00,NSE:VOLTAS,1000.8,1003.35,1000.0,1000.0,37149.0
2021-08-11 15:15:00,NSE:VOLTAS,1000.0,1002.4,998.8,1001.7,65710.0
2021-08-11 15:20:00,NSE:VOLTAS,1001.25,1002.95,998.45,998.65,60024.0
2021-08-11 15:25:00,NSE:VOLTAS,998.6,1002.45,998.55,1002.45,20222.0
2021-08-11 15:45:00,NSE:VOLTAS,1000.5,1000.5,1000.5,1000.5,78.0
