datetime,symbol,open,high,low,close,volume
2021-05-10 10:50:00,NSE:ZYDUSWELL,2151.15,2155.0,2151.0,2152.1,745.0
2021-05-10 10:55:00,NSE:ZYDUSWELL,2154.95,2155.9,2152.1,2153.0,882.0
2021-05-10 11:00:00,NSE:ZYDUSWELL,2154.65,2157.4,2150.0,2150.0,1878.0
2021-05-10 11:05:00,NSE:ZYDUSWELL,2151.0,2155.6,2146.25,2149.45,1369.0
2021-05-10 11:10:00,NSE:ZYDUSWELL,2149.1,2157.0,2149.0,2156.0,1084.0
2021-05-10 11:15:00,NSE:ZYDUSWELL,2156.0,2160.0,2153.2,2158.05,1430.0
2021-05-10 11:20:00,NSE:ZYDUSWELL,2160.0,2160.0,2158.15,2159.1,799.0
2021-05-10 11:25:00,NSE:ZYDUSWELL,2160.0,2160.0,2156.1,2158.0,1275.0
2021-05-10 11:30:00,NSE:ZYDUSWELL,2158.05,2158.75,2154.95,2154.95,586.0
2021-05-10 11:35:00,NSE:ZYDUSWELL,2153.7,2158.0,2151.1,2155.05,639.0
2021-05-10 11:40:00,NSE:ZYDUSWELL,2155.05,2157.95,2153.05,2153.05,284.0
2021-05-10 11:45:00,NSE:ZYDUSWELL,2157.95,2159.4,2152.0,2152.3,1122.0
2021-05-10 11:50:00,NSE:ZYDUSWELL,2152.0,2158.9,2152.0,2154.0,565.0
2021-05-10 11:55:00,NSE:ZYDUSWELL,2152.45,2155.0,2147.95,2148.0,1418.0
2021-05-10 12:00:00,NSE:ZYDUSWELL,2147.05,2148.95,2144.8,2146.55,611.0
2021-05-10 12:05:00,NSE:ZYDUSWELL,2146.65,2154.0,2146.65,2150.35,508.0
2021-05-10 12:10:00,NSE:ZYDUSWELL,2153.2,2153.2,2150.05,2150.15,238.0
2021-05-10 12:15:00,NSE:ZYDUSWELL,2150.25,2153.95,2150.25,2151.0,182.0
2021-05-10 12:20:00,NSE:ZYDUSWELL,2153.05,2157.95,2151.0,2157.95,761.0
2021-05-10 12:25:00,NSE:ZYDUSWELL,2155.5,2160.0,2154.4,2158.95,2165.0
2021-05-10 12:30:00,NSE:ZYDUSWELL,2158.6,2160.0,2156.0,2160.0,1254.0
2021-05-10 12:35:00,NSE:ZYDUSWELL,2156.05,2160.0,2155.1,2157.05,484.0
2021-05-10 12:40:00,NSE:ZYDUSWELL,2157.2,2159.6,2157.2,2157.6,82.0
2021-05-10 12:45:00,NSE:ZYDUSWELL,2157.5,2158.0,2141.0,2147.5,2575.0
2021-05-10 12:50:00,NSE:ZYDUSWELL,2151.7,2155.85,2147.7,2152.1,868.0
2021-05-10 12:55:00,NSE:ZYDUSWELL,2148.95,2152.55,2146.45,2148.0,1055.0
2021-05-10 13:00:00,NSE:ZYDUSWELL,2148.0,2164.9,2148.0,2159.0,5915.0
2021-05-10 13:05:00,NSE:ZYDUSWELL,2159.0,2164.9,2156.0,2158.0,4378.0
2021-05-10 13:10:00,NSE:ZYDUSWELL,2158.0,2161.05,2154.15,2156.15,4573.0
2021-05-10 13:15:00,NSE:ZYDUSWELL,2156.15,2158.65,2150.1,2155.65,928.0
2021-05-10 13:20:00,NSE:ZYDUSWELL,2156.6,2163.9,2152.5,2161.7,2890.0
2021-05-10 13:25:00,NSE:ZYDUSWELL,2161.7,2163.85,2154.0,2154.0,2293.0
2021-05-10 13:30:00,NSE:ZYDUSWELL,2154.0,2160.0,2154.0,2156.95,1170.0
2021-05-10 13:35:00,NSE:ZYDUSWELL,2154.0,2199.95,2153.0,2196.0,24492.0
2021-05-10 13:40:00,NSE:ZYDUSWELL,2195.0,2220.0,2180.1,2210.35,104817.0
2021-05-10 13:45:00,NSE:ZYDUSWELL,2210.3,2215.0,2187.2,2203.0,104782.0
2021-05-10 13:50:00,NSE:ZYDUSWELL,2204.95,2208.0,2186.2,2190.0,37734.0
2021-05-10 13:55:00,NSE:ZYDUSWELL,2191.0,2191.0,2156.25,2159.8,53812.0
2021-05-10 14:00:00,NSE:ZYDUSWELL,2162.05,2174.9,2160.1,2172.8,18596.0
2021-05-10 14:05:00,NSE:ZYDUSWELL,2172.5,2173.0,2161.35,2165.0,12884.0
2021-05-10 14:10:00,NSE:ZYDUSWELL,2165.0,2168.05,2162.0,2162.0,4300.0
2021-05-10 14:15:00,NSE:ZYDUSWELL,2162.0,2165.05,2162.0,2164.0,4884.0
2021-05-10 14:20:00,NSE:ZYDUSWELL,2164.0,2165.0,2162.0,2163.05,5075.0
2021-05-10 14:25:00,NSE:ZYDUSWELL,2162.85,2163.6,2142.35,2150.75,18033.0
2021-05-10 14:30:00,NSE:ZYDUSWELL,2151.6,2152.0,2140.4,2148.35,10081.0
2021-05-10 14:35:00,NSE:ZYDUSWELL,2148.35,2148.35,2135.0,2142.6,9437.0
2021-05-10 14:40:00,NSE:ZYDUSWELL,2141.15,2141.15,2125.0,2132.0,16244.0
2021-05-10 14:45:00,NSE:ZYDUSWELL,2130.25,2133.8,2115.0,2128.2,26258.0
2021-05-10 14:50:00,NSE:ZYDUSWELL,2130.0,2141.0,2129.95,2134.65,10565.0
2021-05-10 14:55:00,NSE:ZYDUSWELL,2133.15,2134.95,2120.1,2125.0,13067.0
2021-05-10 15:00:00,NSE:ZYDUSWELL,2125.0,2135.0,2125.0,2126.0,6691.0
2021-05-10 15:05:00,NSE:ZYDUSWELL,2127.0,2128.55,2116.1,2116.1,11997.0
2021-05-10 15:10:00,NSE:ZYDUSWELL,2117.0,2126.0,2116.0,2118.0,11492.0
2021-05-10 15:15:00,NSE:ZYDUSWELL,2118.0,2119.0,2081.6,2095.0,26892.0
2021-05-10 15:20:00,NSE:ZYDUSWELL,2097.0,2108.8,2085.0,2097.0,12892.0
2021-05-10 15:25:00,NSE:ZYDUSWELL,2097.5,2109.0,2092.55,2100.1,7461.0
2021-05-10 15:40:00,NSE:ZYDUSWELL,2108.85,2108.85,2100.1,2108.85,384.0
2021-05-10 15:45:00,NSE:ZYDUSWELL,2108.85,2108.85,2108.85,2108.85,3.0
2021-05-10 15:50:00,NSE:ZYDUSWELL,2108.85,2108.85,2108.85,2108.85,36.0
2021-05-10 15:55:00,NSE:ZYDUSWELL,2108.85,2108.85,2108.85,2108.85,12.0
2021-05-11 09:05:00,NSE:ZYDUSWELL,2110.0,2110.0,2110.0,2110.0,1548.0
2021-05-11 09:15:00,NSE:ZYDUSWELL,2111.95,2155.0,2100.05,2143.45,20135.0
2021-05-11 09:20:00,NSE:ZYDUSWELL,2143.4,2143.45,2133.05,2140.0,8416.0
2021-05-11 09:25:00,NSE:ZYDUSWELL,2139.8,2145.65,2122.2,2126.1,7074.0
2021-05-11 09:30:00,NSE:ZYDUSWELL,2126.1,2128.0,2122.35,2124.8,4399.0
2021-05-11 09:35:00,NSE:ZYDUSWELL,2124.95,2127.0,2118.0,2126.2,3429.0
2021-05-11 09:40:00,NSE:ZYDUSWELL,2126.0,2127.0,2124.0,2126.1,2763.0
2021-05-11 09:45:00,NSE:ZYDUSWELL,2125.4,2127.0,2123.5,2127.0,3107.0
2021-05-11 09:50:00,NSE:ZYDUSWELL,2125.95,2127.0,2123.0,2123.25,1305.0
2021-05-11 09:55:00,NSE:ZYDUSWELL,2123.3,2125.0,2123.3,2125.0,1000.0
2021-05-11 10:00:00,NSE:ZYDUSWELL,2125.0,2125.0,2121.45,2122.0,709.0
2021-05-11 10:05:00,NSE:ZYDUSWELL,2122.0,2126.95,2121.9,2126.95,956.0
2021-05-11 10:10:00,NSE:ZYDUSWELL,2126.85,2126.85,2123.2,2125.0,609.0
2021-05-11 10:15:00,NSE:ZYDUSWELL,2124.05,2130.8,2124.05,2126.0,1175.0
2021-05-11 10:20:00,NSE:ZYDUSWELL,2126.0,2127.95,2123.0,2124.95,800.0
2021-05-11 10:25:00,NSE:ZYDUSWELL,2124.95,2125.0,2122.15,2124.55,575.0
2021-05-11 10:30:00,NSE:ZYDUSWELL,2124.4,2125.0,2122.6,2125.0,788.0
2021-05-11 10:35:00,NSE:ZYDUSWELL,2125.0,2130.0,2123.5,2130.0,1156.0
2021-05-11 10:40:00,NSE:ZYDUSWELL,2127.8,2129.35,2124.0,2124.85,769.0
2021-05-11 10:45:00,NSE:ZYDUSWELL,2123.55,2127.0,2123.5,2126.0,3051.0
2021-05-11 10:50:00,NSE:ZYDUSWELL,2126.0,2127.0,2125.0,2125.55,2648.0
2021-05-11 10:55:00,NSE:ZYDUSWELL,2125.55,2126.8,2123.0,2123.0,1089.0
2021-05-11 11:00:00,NSE:ZYDUSWELL,2124.9,2124.95,2119.85,2120.0,1021.0
2021-05-11 11:05:00,NSE:ZYDUSWELL,2120.0,2120.2,2113.2,2116.9,3159.0
2021-05-11 11:10:00,NSE:ZYDUSWELL,2118.0,2119.95,2116.1,2119.9,1806.0
2021-05-11 11:15:00,NSE:ZYDUSWELL,2118.95,2120.0,2116.65,2118.2,462.0
2021-05-11 11:20:00,NSE:ZYDUSWELL,2120.0,2120.0,2118.2,2118.35,240.0
2021-05-11 11:25:00,NSE:ZYDUSWELL,2120.0,2120.95,2118.3,2120.95,609.0
2021-05-11 11:30:00,NSE:ZYDUSWELL,2120.9,2121.7,2118.0,2121.65,979.0
2021-05-11 11:35:00,NSE:ZYDUSWELL,2121.95,2126.95,2121.9,2122.0,587.0
2021-05-11 11:40:00,NSE:ZYDUSWELL,2120.85,2122.0,2120.6,2121.0,362.0
2021-05-11 11:45:00,NSE:ZYDUSWELL,2121.0,2124.9,2119.45,2122.0,671.0
2021-05-11 11:50:00,NSE:ZYDUSWELL,2124.95,2125.0,2122.0,2124.0,266.0
2021-05-11 11:55:00,NSE:ZYDUSWELL,2124.0,2125.0,2122.3,2125.0,307.0
2021-05-11 12:00:00,NSE:ZYDUSWELL,2125.0,2125.0,2120.6,2121.0,503.0
2021-05-11 12:05:00,NSE:ZYDUSWELL,2121.0,2123.0,2120.05,2123.0,386.0
2021-05-11 12:10:00,NSE:ZYDUSWELL,2124.95,2126.6,2123.0,2124.05,590.0
2021-05-11 12:15:00,NSE:ZYDUSWELL,2126.5,2126.5,2123.0,2126.0,830.0
2021-05-11 12:20:00,NSE:ZYDUSWELL,2123.85,2126.6,2123.85,2126.6,474.0
2021-05-11 12:25:00,NSE:ZYDUSWELL,2126.55,2127.0,2122.15,2126.1,1934.0
2021-05-11 12:30:00,NSE:ZYDUSWELL,2126.1,2127.0,2123.0,2123.0,353.0
2021-05-11 12:35:00,NSE:ZYDUSWELL,2123.05,2125.0,2123.0,2125.0,427.0
2021-05-11 12:40:00,NSE:ZYDUSWELL,2125.0,2126.2,2125.0,2125.0,395.0
2021-05-11 12:45:00,NSE:ZYDUSWELL,2125.0,2125.0,2120.1,2120.15,1529.0
2021-05-11 12:50:00,NSE:ZYDUSWELL,2122.0,2124.2,2120.3,2123.0,290.0
2021-05-11 12:55:00,NSE:ZYDUSWELL,2122.95,2123.0,2121.0,2123.0,359.0
2021-05-11 13:00:00,NSE:ZYDUSWELL,2123.0,2123.0,2120.4,2120.4,233.0
2021-05-11 13:05:00,NSE:ZYDUSWELL,2120.4,2123.2,2120.4,2123.2,333.0
2021-05-11 13:10:00,NSE:ZYDUSWELL,2122.55,2123.15,2121.0,2122.4,285.0
2021-05-11 13:15:00,NSE:ZYDUSWELL,2121.0,2122.55,2120.15,2120.3,275.0
2021-05-11 13:20:00,NSE:ZYDUSWELL,2120.5,2122.0,2120.25,2120.95,129.0
2021-05-11 13:25:00,NSE:ZYDUSWELL,2120.0,2120.55,2118.0,2120.55,809.0
2021-05-11 13:30:00,NSE:ZYDUSWELL,2120.8,2122.55,2119.2,2122.0,531.0
2021-05-11 13:35:00,NSE:ZYDUSWELL,2121.75,2122.0,2119.75,2119.75,1130.0
2021-05-11 13:40:00,NSE:ZYDUSWELL,2122.0,2122.0,2119.35,2122.0,384.0
2021-05-11 13:45:00,NSE:ZYDUSWELL,2120.0,2122.0,2120.0,2120.5,137.0
2021-05-11 13:50:00,NSE:ZYDUSWELL,2120.0,2121.9,2119.0,2121.8,325.0
2021-05-11 13:55:00,NSE:ZYDUSWELL,2121.85,2123.0,2120.55,2120.6,505.0
2021-05-11 14:00:00,NSE:ZYDUSWELL,2122.85,2122.85,2120.65,2122.65,59.0
2021-05-11 14:05:00,NSE:ZYDUSWELL,2122.95,2122.95,2120.6,2121.0,130.0
2021-05-11 14:10:00,NSE:ZYDUSWELL,2121.95,2123.0,2121.0,2122.8,361.0
2021-05-11 14:15:00,NSE:ZYDUSWELL,2122.25,2122.5,2120.15,2122.5,612.0
2021-05-11 14:20:00,NSE:ZYDUSWELL,2122.5,2122.5,2121.0,2122.5,283.0
2021-05-11 14:25:00,NSE:ZYDUSWELL,2122.0,2123.4,2121.0,2123.0,1578.0
2021-05-11 14:30:00,NSE:ZYDUSWELL,2121.15,2123.0,2121.0,2123.0,1410.0
2021-05-11 14:35:00,NSE:ZYDUSWELL,2123.0,2123.0,2121.0,2121.0,493.0
2021-05-11 14:40:00,NSE:ZYDUSWELL,2119.2,2119.2,2115.0,2115.45,1626.0
2021-05-11 14:45:00,NSE:ZYDUSWELL,2116.95,2119.0,2114.0,2115.05,1615.0
2021-05-11 14:50:00,NSE:ZYDUSWELL,2114.7,2116.65,2110.4,2112.3,1209.0
2021-05-11 14:55:00,NSE:ZYDUSWELL,2111.9,2115.1,2110.0,2111.6,1159.0
2021-05-11 15:00:00,NSE:ZYDUSWELL,2113.25,2113.25,2110.5,2112.5,1170.0
2021-05-11 15:05:00,NSE:ZYDUSWELL,2112.5,2113.35,2111.25,2113.0,588.0
2021-05-11 15:10:00,NSE:ZYDUSWELL,2113.0,2115.0,2110.0,2112.7,2966.0
2021-05-11 15:15:00,NSE:ZYDUSWELL,2112.8,2116.0,2111.4,2116.0,2126.0
2021-05-11 15:20:00,NSE:ZYDUSWELL,2112.8,2115.45,2106.1,2106.1,4518.0
2021-05-11 15:25:00,NSE:ZYDUSWELL,2106.9,2111.0,2102.0,2109.0,4569.0
2021-05-11 15:30:00,NSE:ZYDUSWELL,2109.9,2109.9,2109.9,2109.9,10.0
2021-05-11 15:40:00,NSE:ZYDUSWELL,2110.65,2110.65,2109.9,2110.65,26.0
2021-05-11 15:45:00,NSE:ZYDUSWELL,2110.65,2110.65,2109.9,2109.9,84.0
2021-05-11 15:55:00,NSE:ZYDUSWELL,2110.65,2110.65,2110.65,2110.65,5.0
2021-05-12 09:05:00,NSE:ZYDUSWELL,2125.2,2125.2,2125.2,2125.2,718.0
2021-05-12 09:15:00,NSE:ZYDUSWELL,2125.2,2145.0,2125.0,2131.65,6951.0
2021-05-12 09:20:00,NSE:ZYDUSWELL,2132.15,2134.3,2116.5,2118.35,6638.0
2021-05-12 09:25:00,NSE:ZYDUSWELL,2118.35,2125.0,2116.0,2123.5,1745.0
2021-05-12 09:30:00,NSE:ZYDUSWELL,2124.4,2124.5,2120.05,2123.0,2011.0
2021-05-12 09:35:00,NSE:ZYDUSWELL,2123.55,2125.0,2121.5,2123.15,995.0
2021-05-12 09:40:00,NSE:ZYDUSWELL,2124.6,2127.0,2123.25,2124.55,1393.0
2021-05-12 09:45:00,NSE:ZYDUSWELL,2125.0,2127.0,2123.25,2127.0,887.0
2021-05-12 09:50:00,NSE:ZYDUSWELL,2124.65,2127.0,2122.0,2122.0,2368.0
2021-05-12 09:55:00,NSE:ZYDUSWELL,2123.05,2127.0,2122.35,2124.8,757.0
2021-05-12 10:00:00,NSE:ZYDUSWELL,2124.8,2125.0,2121.95,2122.0,638.0
2021-05-12 10:05:00,NSE:ZYDUSWELL,2122.0,2124.0,2120.3,2121.05,464.0
2021-05-12 10:10:00,NSE:ZYDUSWELL,2121.05,2123.8,2121.0,2122.7,319.0
2021-05-12 10:15:00,NSE:ZYDUSWELL,2122.95,2124.45,2120.5,2124.45,633.0
2021-05-12 10:20:00,NSE:ZYDUSWELL,2124.45,2124.45,2121.0,2123.4,568.0
2021-05-12 10:25:00,NSE:ZYDUSWELL,2124.45,2124.75,2118.05,2120.45,1372.0
2021-05-12 10:30:00,NSE:ZYDUSWELL,2121.65,2121.95,2116.0,2119.9,1203.0
2021-05-12 10:35:00,NSE:ZYDUSWELL,2117.6,2118.85,2116.05,2117.1,520.0
2021-05-12 10:40:00,NSE:ZYDUSWELL,2119.0,2119.0,2116.6,2118.9,381.0
2021-05-12 10:45:00,NSE:ZYDUSWELL,2118.9,2118.9,2117.3,2118.8,259.0
2021-05-12 10:50:00,NSE:ZYDUSWELL,2118.9,2118.9,2117.0,2118.5,573.0
2021-05-12 10:55:00,NSE:ZYDUSWELL,2118.5,2118.5,2117.0,2117.0,125.0
2021-05-12 11:00:00,NSE:ZYDUSWELL,2118.5,2118.5,2116.0,2118.3,540.0
2021-05-12 11:05:00,NSE:ZYDUSWELL,2118.35,2118.9,2117.0,2118.9,151.0
2021-05-12 11:10:00,NSE:ZYDUSWELL,2118.9,2119.0,2117.05,2118.0,243.0
2021-05-12 11:15:00,NSE:ZYDUSWELL,2119.0,2119.0,2116.0,2116.0,722.0
2021-05-12 11:20:00,NSE:ZYDUSWELL,2116.0,2119.0,2115.5,2118.05,335.0
2021-05-12 11:25:00,NSE:ZYDUSWELL,2119.9,2121.15,2118.55,2121.15,721.0
2021-05-12 11:30:00,NSE:ZYDUSWELL,2121.9,2122.15,2120.0,2122.0,163.0
2021-05-12 11:35:00,NSE:ZYDUSWELL,2121.75,2124.9,2121.75,2124.9,742.0
2021-05-12 11:40:00,NSE:ZYDUSWELL,2125.0,2125.0,2121.15,2122.0,1135.0
2021-05-12 11:45:00,NSE:ZYDUSWELL,2123.0,2123.0,2118.05,2120.0,1118.0
2021-05-12 11:50:00,NSE:ZYDUSWELL,2120.0,2125.0,2119.95,2124.5,1141.0
2021-05-12 11:55:00,NSE:ZYDUSWELL,2124.2,2124.5,2121.25,2124.5,810.0
2021-05-12 12:00:00,NSE:ZYDUSWELL,2123.0,2124.5,2120.05,2120.05,298.0
2021-05-12 12:05:00,NSE:ZYDUSWELL,2121.0,2124.8,2121.0,2122.85,169.0
2021-05-12 12:10:00,NSE:ZYDUSWELL,2124.65,2124.65,2121.8,2124.0,321.0
2021-05-12 12:15:00,NSE:ZYDUSWELL,2124.6,2124.6,2122.0,2124.0,316.0
2021-05-12 12:20:00,NSE:ZYDUSWELL,2124.5,2124.5,2122.5,2122.7,269.0
2021-05-12 12:25:00,NSE:ZYDUSWELL,2124.35,2124.35,2121.0,2121.0,276.0
2021-05-12 12:30:00,NSE:ZYDUSWELL,2122.0,2122.0,2121.1,2122.0,378.0
2021-05-12 12:35:00,NSE:ZYDUSWELL,2122.0,2122.0,2121.1,2122.0,286.0
2021-05-12 12:40:00,NSE:ZYDUSWELL,2122.0,2122.0,2120.0,2120.0,230.0
2021-05-12 12:45:00,NSE:ZYDUSWELL,2120.0,2122.0,2120.0,2122.0,316.0
2021-05-12 12:50:00,NSE:ZYDUSWELL,2122.0,2123.95,2120.15,2120.7,438.0
2021-05-12 12:55:00,NSE:ZYDUSWELL,2123.05,2123.05,2119.9,2119.9,584.0
2021-05-12 13:00:00,NSE:ZYDUSWELL,2121.9,2122.0,2119.5,2119.5,196.0
2021-05-12 13:05:00,NSE:ZYDUSWELL,2118.0,2119.1,2116.75,2118.0,824.0
2021-05-12 13:10:00,NSE:ZYDUSWELL,2119.05,2119.9,2118.0,2118.05,199.0
2021-05-12 13:15:00,NSE:ZYDUSWELL,2119.0,2120.8,2117.85,2119.9,141.0
2021-05-12 13:20:00,NSE:ZYDUSWELL,2119.9,2121.5,2117.95,2121.25,346.0
2021-05-12 13:25:00,NSE:ZYDUSWELL,2121.1,2121.1,2118.0,2118.25,131.0
2021-05-12 13:30:00,NSE:ZYDUSWELL,2118.3,2121.0,2118.25,2121.0,499.0
2021-05-12 13:35:00,NSE:ZYDUSWELL,2121.0,2121.0,2116.85,2119.0,592.0
2021-05-12 13:40:00,NSE:ZYDUSWELL,2120.0,2120.0,2119.0,2119.05,366.0
2021-05-12 13:45:00,NSE:ZYDUSWELL,2117.0,2118.95,2117.0,2118.75,107.0
2021-05-12 13:50:00,NSE:ZYDUSWELL,2118.0,2118.0,2116.0,2116.2,190.0
2021-05-12 13:55:00,NSE:ZYDUSWELL,2116.3,2117.7,2115.0,2117.7,700.0
2021-05-12 14:00:00,NSE:ZYDUSWELL,2118.0,2120.4,2116.05,2119.0,336.0
2021-05-12 14:05:00,NSE:ZYDUSWELL,2119.0,2119.0,2116.4,2118.95,83.0
2021-05-12 14:10:00,NSE:ZYDUSWELL,2118.95,2119.0,2118.0,2118.0,122.0
2021-05-12 14:15:00,NSE:ZYDUSWELL,2118.0,2122.2,2117.0,2118.1,1261.0
2021-05-12 14:20:00,NSE:ZYDUSWELL,2120.15,2120.15,2118.0,2118.0,465.0
2021-05-12 14:25:00,NSE:ZYDUSWELL,2117.0,2119.3,2115.8,2116.85,876.0
2021-05-12 14:30:00,NSE:ZYDUSWELL,2115.3,2119.9,2115.0,2117.55,1144.0
2021-05-12 14:35:00,NSE:ZYDUSWELL,2117.55,2118.5,2116.0,2116.0,240.0
2021-05-12 14:40:00,NSE:ZYDUSWELL,2115.0,2115.0,2110.05,2110.1,953.0
2021-05-12 14:45:00,NSE:ZYDUSWELL,2113.15,2113.15,2110.15,2112.0,763.0
2021-05-12 14:50:00,NSE:ZYDUSWELL,2110.3,2111.0,2105.6,2105.6,1469.0
2021-05-12 14:55:00,NSE:ZYDUSWELL,2105.0,2105.25,2100.0,2100.05,1329.0
2021-05-12 15:00:00,NSE:ZYDUSWELL,2100.95,2102.1,2092.75,2102.0,2211.0
2021-05-12 15:05:00,NSE:ZYDUSWELL,2102.0,2107.85,2092.55,2092.75,2883.0
2021-05-12 15:10:00,NSE:ZYDUSWELL,2094.75,2099.8,2094.75,2098.7,782.0
2021-05-12 15:15:00,NSE:ZYDUSWELL,2098.7,2100.0,2095.0,2096.1,1463.0
2021-05-12 15:20:00,NSE:ZYDUSWELL,2098.8,2100.0,2085.25,2090.0,2463.0
2021-05-12 15:25:00,NSE:ZYDUSWELL,2088.95,2094.95,2081.0,2094.9,1344.0
2021-05-12 15:40:00,NSE:ZYDUSWELL,2096.2,2096.2,2096.2,2096.2,3.0
2021-05-12 15:50:00,NSE:ZYDUSWELL,2096.2,2096.2,2096.2,2096.2,20.0
2021-05-12 15:55:00,NSE:ZYDUSWELL,2096.2,2096.2,2094.9,2096.2,100.0
2021-05-14 09:05:00,NSE:ZYDUSWELL,2112.6,2112.6,2112.6,2112.6,237.0
2021-05-14 09:15:00,NSE:ZYDUSWELL,2112.65,2120.0,2105.05,2106.95,1608.0
2021-05-14 09:20:00,NSE:ZYDUSWELL,2106.2,2109.7,2101.0,2104.0,1516.0
2021-05-14 09:25:00,NSE:ZYDUSWELL,2105.2,2109.95,2103.0,2108.8,1280.0
2021-05-14 09:30:00,NSE:ZYDUSWELL,2108.95,2108.95,2104.0,2104.8,584.0
2021-05-14 09:35:00,NSE:ZYDUSWELL,2106.9,2108.95,2104.8,2106.05,365.0
2021-05-14 09:40:00,NSE:ZYDUSWELL,2106.25,2112.8,2106.25,2112.8,754.0
2021-05-14 09:45:00,NSE:ZYDUSWELL,2113.0,2115.0,2109.95,2112.25,331.0
2021-05-14 09:50:00,NSE:ZYDUSWELL,2112.85,2113.5,2109.0,2112.4,266.0
2021-05-14 09:55:00,NSE:ZYDUSWELL,2112.25,2116.75,2109.05,2115.35,1020.0
2021-05-14 10:00:00,NSE:ZYDUSWELL,2116.05,2120.0,2114.0,2114.0,1808.0
2021-05-14 10:05:00,NSE:ZYDUSWELL,2117.05,2121.35,2117.05,2121.2,379.0
2021-05-14 10:10:00,NSE:ZYDUSWELL,2118.4,2121.0,2109.45,2110.65,571.0
2021-05-14 10:15:00,NSE:ZYDUSWELL,2111.9,2111.9,2108.15,2109.4,337.0
2021-05-14 10:20:00,NSE:ZYDUSWELL,2108.55,2117.0,2108.4,2115.75,303.0
2021-05-14 10:25:00,NSE:ZYDUSWELL,2115.35,2117.65,2110.0,2112.15,638.0
2021-05-14 10:30:00,NSE:ZYDUSWELL,2111.15,2113.95,2109.95,2113.4,537.0
2021-05-14 10:35:00,NSE:ZYDUSWELL,2113.4,2114.0,2106.45,2106.45,688.0
2021-05-14 10:40:00,NSE:ZYDUSWELL,2107.35,2110.45,2106.3,2108.85,137.0
2021-05-14 10:45:00,NSE:ZYDUSWELL,2108.85,2110.05,2103.45,2105.95,413.0
2021-05-14 10:50:00,NSE:ZYDUSWELL,2105.6,2109.8,2105.0,2107.25,327.0
2021-05-14 10:55:00,NSE:ZYDUSWELL,2108.55,2110.3,2104.65,2108.0,308.0
2021-05-14 11:00:00,NSE:ZYDUSWELL,2108.0,2108.0,2104.75,2104.75,322.0
2021-05-14 11:05:00,NSE:ZYDUSWELL,2104.15,2107.55,2104.05,2107.2,132.0
2021-05-14 11:10:00,NSE:ZYDUSWELL,2106.75,2107.6,2100.85,2103.75,428.0
2021-05-14 11:15:00,NSE:ZYDUSWELL,2105.35,2107.6,2102.85,2107.45,268.0
2021-05-14 11:20:00,NSE:ZYDUSWELL,2107.45,2107.55,2100.0,2105.2,937.0
2021-05-14 11:25:00,NSE:ZYDUSWELL,2104.2,2107.4,2101.1,2105.3,62.0
2021-05-14 11:30:00,NSE:ZYDUSWELL,2107.3,2107.95,2105.65,2105.65,262.0
2021-05-14 11:35:00,NSE:ZYDUSWELL,2107.55,2107.55,2096.5,2099.1,1097.0
2021-05-14 11:40:00,NSE:ZYDUSWELL,2100.05,2105.95,2096.2,2102.25,1151.0
2021-05-14 11:45:00,NSE:ZYDUSWELL,2100.85,2101.75,2096.2,2098.4,254.0
2021-05-14 11:50:00,NSE:ZYDUSWELL,2098.4,2101.65,2096.55,2100.25,770.0
2021-05-14 11:55:00,NSE:ZYDUSWELL,2099.9,2102.7,2096.2,2100.4,404.0
2021-05-14 12:00:00,NSE:ZYDUSWELL,2100.2,2100.2,2096.0,2096.0,482.0
2021-05-14 12:05:00,NSE:ZYDUSWELL,2098.1,2098.1,2080.1,2084.95,1999.0
2021-05-14 12:10:00,NSE:ZYDUSWELL,2084.95,2090.0,2084.9,2085.15,216.0
2021-05-14 12:15:00,NSE:ZYDUSWELL,2085.15,2089.3,2083.35,2089.0,818.0
2021-05-14 12:20:00,NSE:ZYDUSWELL,2088.5,2089.7,2085.1,2089.7,150.0
2021-05-14 12:25:00,NSE:ZYDUSWELL,2089.65,2090.0,2087.85,2090.0,332.0
2021-05-14 12:30:00,NSE:ZYDUSWELL,2090.0,2090.0,2085.1,2089.0,540.0
2021-05-14 12:35:00,NSE:ZYDUSWELL,2086.9,2090.0,2086.9,2090.0,593.0
2021-05-14 12:40:00,NSE:ZYDUSWELL,2090.0,2090.0,2087.5,2089.15,64.0
2021-05-14 12:45:00,NSE:ZYDUSWELL,2088.7,2090.0,2087.3,2090.0,67.0
2021-05-14 12:50:00,NSE:ZYDUSWELL,2088.95,2090.0,2088.95,2090.0,57.0
2021-05-14 12:55:00,NSE:ZYDUSWELL,2088.4,2090.0,2087.55,2087.55,207.0
2021-05-14 13:00:00,NSE:ZYDUSWELL,2090.0,2104.85,2088.25,2104.85,1050.0
2021-05-14 13:05:00,NSE:ZYDUSWELL,2101.75,2105.0,2100.65,2101.6,178.0
2021-05-14 13:10:00,NSE:ZYDUSWELL,2104.0,2107.1,2100.0,2106.8,813.0
2021-05-14 13:15:00,NSE:ZYDUSWELL,2104.3,2106.85,2096.0,2100.0,140.0
2021-05-14 13:20:00,NSE:ZYDUSWELL,2103.6,2105.95,2099.6,2101.05,340.0
2021-05-14 13:25:00,NSE:ZYDUSWELL,2101.25,2106.0,2101.25,2104.55,441.0
2021-05-14 13:30:00,NSE:ZYDUSWELL,2104.55,2105.0,2100.0,2104.65,304.0
2021-05-14 13:35:00,NSE:ZYDUSWELL,2100.6,2104.4,2100.1,2102.05,857.0
2021-05-14 13:40:00,NSE:ZYDUSWELL,2101.25,2102.2,2101.25,2101.45,53.0
2021-05-14 13:45:00,NSE:ZYDUSWELL,2101.5,2105.9,2101.5,2102.6,139.0
2021-05-14 13:50:00,NSE:ZYDUSWELL,2102.6,2114.45,2101.45,2110.0,940.0
2021-05-14 13:55:00,NSE:ZYDUSWELL,2110.0,2113.15,2110.0,2112.0,324.0
2021-05-14 14:00:00,NSE:ZYDUSWELL,2110.0,2118.0,2109.45,2112.45,1730.0
2021-05-14 14:05:00,NSE:ZYDUSWELL,2111.5,2115.95,2111.5,2114.0,430.0
2021-05-14 14:10:00,NSE:ZYDUSWELL,2114.0,2115.5,2110.05,2112.95,328.0
2021-05-14 14:15:00,NSE:ZYDUSWELL,2110.45,2114.5,2110.45,2112.4,428.0
2021-05-14 14:20:00,NSE:ZYDUSWELL,2112.95,2120.0,2111.0,2113.0,1036.0
2021-05-14 14:25:00,NSE:ZYDUSWELL,2113.0,2115.85,2111.75,2114.0,123.0
2021-05-14 14:30:00,NSE:ZYDUSWELL,2114.0,2116.0,2113.8,2115.0,271.0
2021-05-14 14:35:00,NSE:ZYDUSWELL,2113.15,2118.0,2113.15,2116.6,770.0
2021-05-14 14:40:00,NSE:ZYDUSWELL,2117.55,2117.75,2115.0,2117.05,544.0
2021-05-14 14:45:00,NSE:ZYDUSWELL,2115.0,2117.0,2115.0,2116.0,534.0
2021-05-14 14:50:00,NSE:ZYDUSWELL,2115.0,2118.9,2115.0,2115.05,453.0
2021-05-14 14:55:00,NSE:ZYDUSWELL,2115.05,2119.0,2115.0,2115.0,850.0
2021-05-14 15:00:00,NSE:ZYDUSWELL,2116.0,2121.0,2115.0,2115.75,2758.0
2021-05-14 15:05:00,NSE:ZYDUSWELL,2117.55,2121.0,2117.55,2120.4,818.0
2021-05-14 15:10:00,NSE:ZYDUSWELL,2120.0,2121.0,2119.4,2120.15,1499.0
2021-05-14 15:15:00,NSE:ZYDUSWELL,2120.15,2127.95,2120.15,2125.0,3116.0
2021-05-14 15:20:00,NSE:ZYDUSWELL,2124.95,2159.0,2120.9,2155.8,18127.0
2021-05-14 15:25:00,NSE:ZYDUSWELL,2157.95,2160.0,2147.95,2150.0,11703.0
2021-05-14 15:40:00,NSE:ZYDUSWELL,2144.5,2144.5,2144.5,2144.5,60.0
2021-05-14 15:45:00,NSE:ZYDUSWELL,2144.5,2150.0,2144.5,2144.5,772.0
2021-05-14 15:50:00,NSE:ZYDUSWELL,2144.5,2144.5,2144.5,2144.5,20.0
2021-05-14 15:55:00,NSE:ZYDUSWELL,2144.5,2150.0,2144.5,2144.5,27.0
2021-05-17 09:05:00,NSE:ZYDUSWELL,2166.45,2166.45,2166.45,2166.45,565.0
2021-05-17 09:15:00,NSE:ZYDUSWELL,2165.0,2178.4,2152.9,2159.35,5260.0
2021-05-17 09:20:00,NSE:ZYDUSWELL,2159.0,2160.0,2153.1,2157.85,3028.0
2021-05-17 09:25:00,NSE:ZYDUSWELL,2158.05,2158.45,2140.0,2143.2,2059.0
2021-05-17 09:30:00,NSE:ZYDUSWELL,2142.0,2148.35,2141.05,2142.5,1708.0
2021-05-17 09:35:00,NSE:ZYDUSWELL,2141.55,2149.05,2141.5,2146.5,1456.0
2021-05-17 09:40:00,NSE:ZYDUSWELL,2143.25,2150.0,2143.25,2146.35,1217.0
2021-05-17 09:45:00,NSE:ZYDUSWELL,2148.45,2149.35,2142.2,2144.9,429.0
2021-05-17 09:50:00,NSE:ZYDUSWELL,2144.85,2148.75,2140.6,2148.75,597.0
2021-05-17 09:55:00,NSE:ZYDUSWELL,2148.8,2149.7,2145.75,2148.0,251.0
2021-05-17 10:00:00,NSE:ZYDUSWELL,2146.45,2147.9,2145.0,2145.05,394.0
2021-05-17 10:05:00,NSE:ZYDUSWELL,2147.75,2147.75,2141.0,2145.0,1052.0
2021-05-17 10:10:00,NSE:ZYDUSWELL,2144.95,2144.95,2141.3,2143.6,141.0
2021-05-17 10:15:00,NSE:ZYDUSWELL,2143.6,2143.6,2139.75,2142.0,473.0
2021-05-17 10:20:00,NSE:ZYDUSWELL,2142.0,2143.5,2140.9,2143.5,243.0
2021-05-17 10:25:00,NSE:ZYDUSWELL,2141.45,2146.75,2140.95,2146.75,854.0
2021-05-17 10:30:00,NSE:ZYDUSWELL,2145.05,2146.7,2142.1,2144.35,357.0
2021-05-17 10:35:00,NSE:ZYDUSWELL,2143.85,2144.35,2141.6,2142.95,166.0
2021-05-17 10:40:00,NSE:ZYDUSWELL,2144.6,2146.6,2143.15,2145.5,362.0
2021-05-17 10:45:00,NSE:ZYDUSWELL,2145.5,2145.5,2143.2,2144.95,172.0
2021-05-17 10:50:00,NSE:ZYDUSWELL,2144.9,2149.0,2144.25,2144.25,653.0
2021-05-17 10:55:00,NSE:ZYDUSWELL,2144.25,2147.9,2143.15,2147.5,352.0
2021-05-17 11:00:00,NSE:ZYDUSWELL,2147.0,2147.0,2143.7,2146.0,173.0
2021-05-17 11:05:00,NSE:ZYDUSWELL,2145.8,2146.0,2136.0,2136.75,1216.0
2021-05-17 11:10:00,NSE:ZYDUSWELL,2136.4,2146.0,2136.4,2144.45,594.0
2021-05-17 11:15:00,NSE:ZYDUSWELL,2142.3,2144.95,2141.6,2144.95,48.0
2021-05-17 11:20:00,NSE:ZYDUSWELL,2141.45,2146.0,2141.45,2145.0,235.0
2021-05-17 11:25:00,NSE:ZYDUSWELL,2144.65,2144.75,2141.5,2142.75,188.0
2021-05-17 11:30:00,NSE:ZYDUSWELL,2144.6,2145.0,2143.3,2145.0,146.0
2021-05-17 11:35:00,NSE:ZYDUSWELL,2145.0,2146.0,2143.95,2146.0,359.0
2021-05-17 11:40:00,NSE:ZYDUSWELL,2147.0,2148.55,2142.0,2142.0,2501.0
2021-05-17 11:45:00,NSE:ZYDUSWELL,2139.95,2141.95,2138.55,2139.3,216.0
2021-05-17 11:50:00,NSE:ZYDUSWELL,2141.7,2144.45,2141.7,2142.15,97.0
2021-05-17 11:55:00,NSE:ZYDUSWELL,2144.3,2144.3,2141.8,2142.5,355.0
2021-05-17 12:00:00,NSE:ZYDUSWELL,2142.65,2142.65,2138.8,2139.5,148.0
2021-05-17 12:05:00,NSE:ZYDUSWELL,2139.0,2142.55,2137.25,2142.55,505.0
2021-05-17 12:10:00,NSE:ZYDUSWELL,2144.0,2144.0,2140.05,2142.95,215.0
2021-05-17 12:15:00,NSE:ZYDUSWELL,2143.3,2143.65,2140.4,2142.0,37.0
2021-05-17 12:20:00,NSE:ZYDUSWELL,2142.0,2142.0,2140.35,2142.0,48.0
2021-05-17 12:25:00,NSE:ZYDUSWELL,2141.5,2143.6,2141.0,2141.2,285.0
2021-05-17 12:30:00,NSE:ZYDUSWELL,2141.0,2143.45,2140.8,2142.95,73.0
2021-05-17 12:35:00,NSE:ZYDUSWELL,2142.7,2143.0,2141.0,2143.0,42.0
2021-05-17 12:40:00,NSE:ZYDUSWELL,2143.0,2143.65,2142.15,2143.6,584.0
2021-05-17 12:45:00,NSE:ZYDUSWELL,2143.6,2143.9,2141.65,2143.6,134.0
2021-05-17 12:50:00,NSE:ZYDUSWELL,2141.6,2145.75,2140.5,2142.55,488.0
2021-05-17 12:55:00,NSE:ZYDUSWELL,2140.95,2143.4,2140.7,2143.4,119.0
2021-05-17 13:00:00,NSE:ZYDUSWELL,2142.1,2144.1,2142.05,2144.1,173.0
2021-05-17 13:05:00,NSE:ZYDUSWELL,2141.25,2143.5,2140.6,2142.75,91.0
2021-05-17 13:10:00,NSE:ZYDUSWELL,2140.8,2143.1,2140.3,2141.95,121.0
2021-05-17 13:15:00,NSE:ZYDUSWELL,2141.95,2142.65,2139.0,2139.0,618.0
2021-05-17 13:20:00,NSE:ZYDUSWELL,2140.0,2140.9,2138.35,2139.95,683.0
2021-05-17 13:25:00,NSE:ZYDUSWELL,2138.05,2138.05,2133.4,2136.15,1477.0
2021-05-17 13:30:00,NSE:ZYDUSWELL,2136.15,2140.0,2136.15,2140.0,367.0
2021-05-17 13:35:00,NSE:ZYDUSWELL,2139.9,2140.1,2137.25,2138.6,602.0
2021-05-17 13:40:00,NSE:ZYDUSWELL,2139.9,2139.9,2133.65,2133.65,175.0
2021-05-17 13:45:00,NSE:ZYDUSWELL,2133.5,2138.0,2133.5,2134.85,129.0
2021-05-17 13:50:00,NSE:ZYDUSWELL,2137.55,2139.85,2135.9,2137.0,294.0
2021-05-17 13:55:00,NSE:ZYDUSWELL,2139.15,2140.0,2137.25,2140.0,540.0
2021-05-17 14:00:00,NSE:ZYDUSWELL,2140.0,2140.0,2139.65,2140.0,239.0
2021-05-17 14:05:00,NSE:ZYDUSWELL,2139.05,2140.85,2139.0,2140.0,228.0
2021-05-17 14:10:00,NSE:ZYDUSWELL,2139.0,2140.0,2134.25,2138.1,773.0
2021-05-17 14:15:00,NSE:ZYDUSWELL,2136.15,2139.55,2135.65,2137.9,238.0
2021-05-17 14:20:00,NSE:ZYDUSWELL,2137.95,2140.7,2137.9,2140.0,145.0
2021-05-17 14:25:00,NSE:ZYDUSWELL,2139.9,2140.0,2137.85,2140.0,183.0
2021-05-17 14:30:00,NSE:ZYDUSWELL,2140.4,2140.4,2138.65,2140.0,185.0
2021-05-17 14:35:00,NSE:ZYDUSWELL,2139.0,2140.35,2139.0,2139.0,37.0
2021-05-17 14:40:00,NSE:ZYDUSWELL,2140.0,2140.0,2138.05,2138.05,539.0
2021-05-17 14:45:00,NSE:ZYDUSWELL,2138.05,2140.0,2138.0,2139.95,311.0
2021-05-17 14:50:00,NSE:ZYDUSWELL,2138.0,2138.0,2135.6,2137.8,540.0
2021-05-17 14:55:00,NSE:ZYDUSWELL,2137.5,2137.5,2134.9,2135.55,674.0
2021-05-17 15:00:00,NSE:ZYDUSWELL,2136.9,2137.0,2134.9,2135.0,872.0
2021-05-17 15:05:00,NSE:ZYDUSWELL,2134.0,2135.9,2131.0,2134.2,1235.0
2021-05-17 15:10:00,NSE:ZYDUSWELL,2133.35,2135.9,2131.0,2131.35,1250.0
2021-05-17 15:15:00,NSE:ZYDUSWELL,2133.2,2133.2,2128.0,2128.5,1487.0
2021-05-17 15:20:00,NSE:ZYDUSWELL,2130.0,2136.45,2128.0,2136.45,2208.0
2021-05-17 15:25:00,NSE:ZYDUSWELL,2136.45,2140.1,2121.15,2126.0,3338.0
2021-05-17 15:30:00,NSE:ZYDUSWELL,2121.0,2121.0,2121.0,2121.0,50.0
2021-05-17 15:45:00,NSE:ZYDUSWELL,2131.8,2131.8,2131.8,2131.8,8.0
2021-05-17 15:55:00,NSE:ZYDUSWELL,2131.8,2131.8,2121.0,2131.8,259.0
2021-05-18 09:05:00,NSE:ZYDUSWELL,2136.9,2136.9,2136.9,2136.9,153.0
2021-05-18 09:15:00,NSE:ZYDUSWELL,2133.0,2136.85,2131.85,2132.85,666.0
2021-05-18 09:20:00,NSE:ZYDUSWELL,2133.5,2136.95,2130.0,2130.0,781.0
2021-05-18 09:25:00,NSE:ZYDUSWELL,2129.0,2134.65,2117.95,2125.5,3470.0
2021-05-18 09:30:00,NSE:ZYDUSWELL,2135.85,2135.85,2120.0,2125.0,1664.0
2021-05-18 09:35:00,NSE:ZYDUSWELL,2124.05,2128.35,2124.05,2126.3,569.0
2021-05-18 09:40:00,NSE:ZYDUSWELL,2124.15,2126.15,2121.0,2126.15,565.0
2021-05-18 09:45:00,NSE:ZYDUSWELL,2128.9,2138.8,2128.9,2137.5,1411.0
2021-05-18 09:50:00,NSE:ZYDUSWELL,2135.3,2137.5,2128.8,2130.0,3509.0
2021-05-18 09:55:00,NSE:ZYDUSWELL,2130.55,2131.7,2121.1,2131.3,245.0
2021-05-18 10:00:00,NSE:ZYDUSWELL,2131.05,2131.05,2125.4,2126.4,683.0
2021-05-18 10:05:00,NSE:ZYDUSWELL,2125.1,2130.05,2123.0,2123.15,731.0
2021-05-18 10:10:00,NSE:ZYDUSWELL,2125.9,2129.0,2125.0,2127.3,144.0
2021-05-18 10:15:00,NSE:ZYDUSWELL,2127.35,2132.6,2127.35,2130.0,483.0
2021-05-18 10:20:00,NSE:ZYDUSWELL,2130.05,2130.3,2121.1,2125.6,1380.0
2021-05-18 10:25:00,NSE:ZYDUSWELL,2128.0,2128.85,2125.05,2127.35,187.0
2021-05-18 10:30:00,NSE:ZYDUSWELL,2126.45,2129.3,2120.35,2122.6,529.0
2021-05-18 10:35:00,NSE:ZYDUSWELL,2121.3,2125.0,2121.3,2124.3,97.0
2021-05-18 10:40:00,NSE:ZYDUSWELL,2124.3,2128.95,2123.25,2126.65,246.0
2021-05-18 10:45:00,NSE:ZYDUSWELL,2128.0,2128.95,2126.65,2126.9,108.0
2021-05-18 10:50:00,NSE:ZYDUSWELL,2126.95,2129.95,2126.05,2127.95,123.0
2021-05-18 10:55:00,NSE:ZYDUSWELL,2124.95,2129.35,2124.8,2129.35,107.0
2021-05-18 11:00:00,NSE:ZYDUSWELL,2130.5,2131.0,2125.4,2128.25,62.0
2021-05-18 11:05:00,NSE:ZYDUSWELL,2130.05,2130.05,2125.9,2129.9,163.0
2021-05-18 11:10:00,NSE:ZYDUSWELL,2129.95,2131.05,2124.0,2127.4,922.0
2021-05-18 11:15:00,NSE:ZYDUSWELL,2127.55,2128.05,2125.0,2127.95,180.0
2021-05-18 11:20:00,NSE:ZYDUSWELL,2128.0,2129.25,2125.4,2126.05,26.0
2021-05-18 11:25:00,NSE:ZYDUSWELL,2126.45,2129.15,2126.05,2128.5,86.0
2021-05-18 11:30:00,NSE:ZYDUSWELL,2129.0,2129.0,2122.6,2122.6,460.0
2021-05-18 11:35:00,NSE:ZYDUSWELL,2122.0,2128.65,2122.0,2125.0,615.0
2021-05-18 11:40:00,NSE:ZYDUSWELL,2125.0,2128.05,2122.35,2125.0,269.0
2021-05-18 11:45:00,NSE:ZYDUSWELL,2123.05,2125.45,2122.0,2123.9,123.0
2021-05-18 11:50:00,NSE:ZYDUSWELL,2122.05,2124.0,2120.45,2121.7,217.0
2021-05-18 11:55:00,NSE:ZYDUSWELL,2121.5,2125.0,2120.35,2125.0,181.0
2021-05-18 12:00:00,NSE:ZYDUSWELL,2125.0,2126.0,2120.35,2120.35,270.0
2021-05-18 12:05:00,NSE:ZYDUSWELL,2125.25,2125.25,2122.7,2122.75,25.0
2021-05-18 12:10:00,NSE:ZYDUSWELL,2124.3,2126.0,2120.2,2126.0,277.0
2021-05-18 12:15:00,NSE:ZYDUSWELL,2125.85,2128.7,2125.85,2128.7,39.0
2021-05-18 12:20:00,NSE:ZYDUSWELL,2128.0,2128.0,2121.85,2124.65,192.0
2021-05-18 12:25:00,NSE:ZYDUSWELL,2124.5,2124.5,2120.25,2122.05,147.0
2021-05-18 12:30:00,NSE:ZYDUSWELL,2124.5,2124.85,2122.0,2124.45,114.0
2021-05-18 12:35:00,NSE:ZYDUSWELL,2122.0,2122.2,2121.1,2122.2,294.0
2021-05-18 12:40:00,NSE:ZYDUSWELL,2122.2,2123.3,2119.5,2123.3,920.0
2021-05-18 12:45:00,NSE:ZYDUSWELL,2123.3,2125.45,2117.0,2120.35,1222.0
2021-05-18 12:50:00,NSE:ZYDUSWELL,2123.2,2127.55,2119.05,2127.55,508.0
2021-05-18 12:55:00,NSE:ZYDUSWELL,2128.0,2129.95,2122.55,2122.55,518.0
2021-05-18 13:00:00,NSE:ZYDUSWELL,2123.45,2124.0,2122.05,2122.05,12.0
2021-05-18 13:05:00,NSE:ZYDUSWELL,2122.35,2124.95,2122.35,2124.5,96.0
2021-05-18 13:10:00,NSE:ZYDUSWELL,2124.8,2124.95,2121.55,2121.95,242.0
2021-05-18 13:15:00,NSE:ZYDUSWELL,2122.05,2124.55,2121.0,2121.0,86.0
2021-05-18 13:20:00,NSE:ZYDUSWELL,2121.0,2124.5,2120.0,2120.0,539.0
2021-05-18 13:25:00,NSE:ZYDUSWELL,2124.1,2125.0,2121.0,2124.8,226.0
2021-05-18 13:30:00,NSE:ZYDUSWELL,2124.7,2124.8,2120.65,2124.15,134.0
2021-05-18 13:35:00,NSE:ZYDUSWELL,2121.35,2125.0,2121.0,2122.7,568.0
2021-05-18 13:40:00,NSE:ZYDUSWELL,2123.45,2123.45,2121.0,2121.0,42.0
2021-05-18 13:45:00,NSE:ZYDUSWELL,2121.0,2123.8,2121.0,2121.0,45.0
2021-05-18 13:50:00,NSE:ZYDUSWELL,2121.0,2123.25,2120.45,2120.5,76.0
2021-05-18 13:55:00,NSE:ZYDUSWELL,2120.3,2122.9,2119.0,2120.75,315.0
2021-05-18 14:00:00,NSE:ZYDUSWELL,2120.75,2125.0,2120.75,2121.65,262.0
2021-05-18 14:05:00,NSE:ZYDUSWELL,2121.0,2122.0,2119.3,2122.0,199.0
2021-05-18 14:10:00,NSE:ZYDUSWELL,2121.0,2123.1,2118.0,2121.15,710.0
2021-05-18 14:15:00,NSE:ZYDUSWELL,2121.6,2121.6,2118.4,2118.4,68.0
2021-05-18 14:20:00,NSE:ZYDUSWELL,2118.3,2120.0,2118.3,2119.0,130.0
2021-05-18 14:25:00,NSE:ZYDUSWELL,2119.0,2121.4,2118.2,2121.15,234.0
2021-05-18 14:30:00,NSE:ZYDUSWELL,2121.2,2121.7,2118.2,2120.8,305.0
2021-05-18 14:35:00,NSE:ZYDUSWELL,2118.2,2122.0,2117.5,2117.5,367.0
2021-05-18 14:40:00,NSE:ZYDUSWELL,2120.35,2122.0,2120.05,2120.05,132.0
2021-05-18 14:45:00,NSE:ZYDUSWELL,2122.0,2122.0,2120.0,2120.05,105.0
2021-05-18 14:50:00,NSE:ZYDUSWELL,2121.95,2121.95,2117.65,2117.65,338.0
2021-05-18 14:55:00,NSE:ZYDUSWELL,2119.75,2119.75,2117.0,2117.05,392.0
2021-05-18 15:00:00,NSE:ZYDUSWELL,2119.55,2120.65,2116.0,2120.65,402.0
2021-05-18 15:05:00,NSE:ZYDUSWELL,2120.7,2124.05,2117.0,2123.75,972.0
2021-05-18 15:10:00,NSE:ZYDUSWELL,2123.8,2125.0,2120.85,2124.0,1308.0
2021-05-18 15:15:00,NSE:ZYDUSWELL,2124.55,2125.0,2123.0,2123.0,1040.0
2021-05-18 15:20:00,NSE:ZYDUSWELL,2124.0,2132.0,2123.0,2129.0,2766.0
2021-05-18 15:25:00,NSE:ZYDUSWELL,2125.25,2128.4,2111.0,2111.0,2030.0
2021-05-18 15:30:00,NSE:ZYDUSWELL,2124.9,2124.9,2124.9,2124.9,1.0
2021-05-18 15:40:00,NSE:ZYDUSWELL,2123.1,2124.9,2123.1,2123.1,17.0
2021-05-18 15:45:00,NSE:ZYDUSWELL,2123.1,2124.9,2123.1,2124.9,8.0
2021-05-19 09:05:00,NSE:ZYDUSWELL,2126.9,2126.9,2126.9,2126.9,63.0
2021-05-19 09:15:00,NSE:ZYDUSWELL,2128.0,2128.8,2108.5,2111.7,1246.0
2021-05-19 09:20:00,NSE:ZYDUSWELL,2111.25,2113.4,2109.0,2112.1,1539.0
2021-05-19 09:25:00,NSE:ZYDUSWELL,2111.05,2112.75,2106.2,2107.3,828.0
2021-05-19 09:30:00,NSE:ZYDUSWELL,2107.65,2107.75,2100.0,2104.15,2737.0
2021-05-19 09:35:00,NSE:ZYDUSWELL,2104.7,2106.05,2102.0,2104.4,521.0
2021-05-19 09:40:00,NSE:ZYDUSWELL,2104.0,2106.35,2103.0,2105.0,324.0
2021-05-19 09:45:00,NSE:ZYDUSWELL,2104.6,2104.7,2093.1,2099.55,2077.0
2021-05-19 09:50:00,NSE:ZYDUSWELL,2095.45,2099.05,2091.3,2095.9,891.0
2021-05-19 09:55:00,NSE:ZYDUSWELL,2095.8,2105.75,2095.75,2102.9,326.0
2021-05-19 10:00:00,NSE:ZYDUSWELL,2102.65,2103.0,2096.65,2099.3,313.0
2021-05-19 10:05:00,NSE:ZYDUSWELL,2099.3,2102.45,2098.2,2100.2,180.0
2021-05-19 10:10:00,NSE:ZYDUSWELL,2102.7,2105.0,2100.7,2100.7,268.0
2021-05-19 10:15:00,NSE:ZYDUSWELL,2102.45,2103.0,2100.05,2102.5,564.0
2021-05-19 10:20:00,NSE:ZYDUSWELL,2101.6,2102.9,2096.0,2097.0,571.0
2021-05-19 10:25:00,NSE:ZYDUSWELL,2096.75,2100.0,2096.0,2098.5,368.0
2021-05-19 10:30:00,NSE:ZYDUSWELL,2098.85,2100.0,2098.5,2099.25,173.0
2021-05-19 10:35:00,NSE:ZYDUSWELL,2099.25,2100.0,2098.0,2098.0,240.0
2021-05-19 10:40:00,NSE:ZYDUSWELL,2098.25,2100.95,2097.05,2097.5,366.0
2021-05-19 10:45:00,NSE:ZYDUSWELL,2100.05,2101.0,2097.7,2101.0,257.0
2021-05-19 10:50:00,NSE:ZYDUSWELL,2101.55,2103.15,2099.35,2101.1,126.0
2021-05-19 10:55:00,NSE:ZYDUSWELL,2101.9,2102.65,2098.65,2099.0,212.0
2021-05-19 11:00:00,NSE:ZYDUSWELL,2101.1,2102.45,2100.05,2100.3,123.0
2021-05-19 11:05:00,NSE:ZYDUSWELL,2100.65,2102.65,2100.65,2101.5,240.0
2021-05-19 11:10:00,NSE:ZYDUSWELL,2101.75,2104.0,2101.45,2101.65,130.0
2021-05-19 11:15:00,NSE:ZYDUSWELL,2101.6,2103.35,2100.35,2102.7,152.0
2021-05-19 11:20:00,NSE:ZYDUSWELL,2102.8,2103.75,2100.55,2101.45,153.0
2021-05-19 11:25:00,NSE:ZYDUSWELL,2101.75,2104.0,2101.05,2102.3,82.0
2021-05-19 11:30:00,NSE:ZYDUSWELL,2102.3,2103.95,2100.35,2100.35,103.0
2021-05-19 11:35:00,NSE:ZYDUSWELL,2100.85,2103.0,2100.4,2102.45,148.0
2021-05-19 11:40:00,NSE:ZYDUSWELL,2101.95,2103.5,2100.4,2100.4,269.0
2021-05-19 11:45:00,NSE:ZYDUSWELL,2100.5,2103.5,2100.4,2101.7,231.0
2021-05-19 11:50:00,NSE:ZYDUSWELL,2101.5,2104.05,2101.5,2103.0,47.0
2021-05-19 11:55:00,NSE:ZYDUSWELL,2103.1,2106.55,2102.5,2103.8,212.0
2021-05-19 12:00:00,NSE:ZYDUSWELL,2103.65,2106.4,2103.65,2105.05,86.0
2021-05-19 12:05:00,NSE:ZYDUSWELL,2105.05,2107.5,2104.0,2106.0,207.0
2021-05-19 12:10:00,NSE:ZYDUSWELL,2106.25,2106.25,2103.25,2103.25,139.0
2021-05-19 12:15:00,NSE:ZYDUSWELL,2103.9,2105.45,2103.25,2103.4,94.0
2021-05-19 12:20:00,NSE:ZYDUSWELL,2103.35,2104.85,2101.0,2101.2,274.0
2021-05-19 12:25:00,NSE:ZYDUSWELL,2101.7,2102.25,2100.1,2101.25,320.0
2021-05-19 12:30:00,NSE:ZYDUSWELL,2100.55,2102.4,2100.15,2102.0,39.0
2021-05-19 12:35:00,NSE:ZYDUSWELL,2102.2,2102.6,2098.15,2099.5,737.0
2021-05-19 12:40:00,NSE:ZYDUSWELL,2099.05,2099.45,2092.0,2092.25,690.0
2021-05-19 12:45:00,NSE:ZYDUSWELL,2095.55,2101.0,2093.45,2098.05,613.0
2021-05-19 12:50:00,NSE:ZYDUSWELL,2098.95,2101.75,2098.75,2101.0,118.0
2021-05-19 12:55:00,NSE:ZYDUSWELL,2101.15,2103.5,2101.0,2102.2,130.0
2021-05-19 13:00:00,NSE:ZYDUSWELL,2101.7,2103.0,2101.7,2101.75,101.0
2021-05-19 13:05:00,NSE:ZYDUSWELL,2101.85,2103.0,2100.2,2102.95,124.0
2021-05-19 13:10:00,NSE:ZYDUSWELL,2100.8,2102.95,2100.25,2102.95,230.0
2021-05-19 13:15:00,NSE:ZYDUSWELL,2101.1,2102.8,2101.0,2101.0,148.0
2021-05-19 13:20:00,NSE:ZYDUSWELL,2101.0,2102.75,2100.0,2102.1,187.0
2021-05-19 13:25:00,NSE:ZYDUSWELL,2100.1,2102.15,2100.0,2100.0,118.0
2021-05-19 13:30:00,NSE:ZYDUSWELL,2100.05,2101.35,2098.2,2100.0,209.0
2021-05-19 13:35:00,NSE:ZYDUSWELL,2100.0,2100.5,2096.4,2098.35,306.0
2021-05-19 13:40:00,NSE:ZYDUSWELL,2100.5,2105.0,2100.2,2100.2,345.0
2021-05-19 13:45:00,NSE:ZYDUSWELL,2101.8,2105.35,2101.8,2105.35,56.0
2021-05-19 13:50:00,NSE:ZYDUSWELL,2103.85,2104.95,2103.85,2104.9,67.0
2021-05-19 13:55:00,NSE:ZYDUSWELL,2105.0,2105.0,2104.0,2104.9,234.0
2021-05-19 14:00:00,NSE:ZYDUSWELL,2104.85,2104.9,2104.0,2104.9,82.0
2021-05-19 14:05:00,NSE:ZYDUSWELL,2104.9,2104.9,2103.85,2103.85,72.0
2021-05-19 14:10:00,NSE:ZYDUSWELL,2105.0,2105.9,2104.0,2104.7,364.0
2021-05-19 14:15:00,NSE:ZYDUSWELL,2105.9,2107.0,2105.9,2107.0,122.0
2021-05-19 14:20:00,NSE:ZYDUSWELL,2108.75,2109.9,2106.0,2106.7,305.0
2021-05-19 14:25:00,NSE:ZYDUSWELL,2106.7,2108.25,2105.05,2105.5,212.0
2021-05-19 14:30:00,NSE:ZYDUSWELL,2105.0,2108.0,2105.0,2108.0,74.0
2021-05-19 14:35:00,NSE:ZYDUSWELL,2108.0,2109.0,2104.35,2107.45,431.0
2021-05-19 14:40:00,NSE:ZYDUSWELL,2107.0,2113.2,2107.0,2110.3,1791.0
2021-05-19 14:45:00,NSE:ZYDUSWELL,2110.8,2111.1,2110.8,2111.1,98.0
2021-05-19 14:50:00,NSE:ZYDUSWELL,2111.1,2111.1,2106.25,2108.2,438.0
2021-05-19 14:55:00,NSE:ZYDUSWELL,2107.65,2113.2,2107.65,2110.6,787.0
2021-05-19 15:00:00,NSE:ZYDUSWELL,2112.95,2113.0,2110.65,2111.0,331.0
2021-05-19 15:05:00,NSE:ZYDUSWELL,2112.6,2112.65,2110.85,2110.85,410.0
2021-05-19 15:10:00,NSE:ZYDUSWELL,2111.0,2111.95,2110.0,2110.0,1225.0
2021-05-19 15:15:00,NSE:ZYDUSWELL,2111.0,2111.0,2110.0,2111.0,747.0
2021-05-19 15:20:00,NSE:ZYDUSWELL,2110.0,2117.95,2110.0,2115.75,2084.0
2021-05-19 15:25:00,NSE:ZYDUSWELL,2115.9,2117.95,2110.0,2117.95,892.0
2021-05-20 09:05:00,NSE:ZYDUSWELL,2128.45,2128.45,2128.45,2128.45,552.0
2021-05-20 09:15:00,NSE:ZYDUSWELL,2125.55,2136.7,2120.05,2127.2,2957.0
2021-05-20 09:20:00,NSE:ZYDUSWELL,2125.1,2127.7,2122.05,2125.2,2165.0
2021-05-20 09:25:00,NSE:ZYDUSWELL,2125.0,2127.95,2121.0,2121.0,1037.0
2021-05-20 09:30:00,NSE:ZYDUSWELL,2121.0,2123.55,2120.6,2122.85,529.0
2021-05-20 09:35:00,NSE:ZYDUSWELL,2122.0,2122.0,2120.65,2121.0,236.0
2021-05-20 09:40:00,NSE:ZYDUSWELL,2121.05,2125.0,2120.7,2120.7,1147.0
2021-05-20 09:45:00,NSE:ZYDUSWELL,2120.0,2124.7,2119.0,2124.7,1031.0
2021-05-20 09:50:00,NSE:ZYDUSWELL,2121.9,2125.0,2121.8,2125.0,402.0
2021-05-20 09:55:00,NSE:ZYDUSWELL,2125.0,2125.0,2121.85,2122.55,224.0
2021-05-20 10:00:00,NSE:ZYDUSWELL,2124.9,2124.9,2122.2,2124.0,193.0
2021-05-20 10:05:00,NSE:ZYDUSWELL,2123.2,2124.0,2122.3,2122.3,68.0
2021-05-20 10:10:00,NSE:ZYDUSWELL,2124.0,2124.0,2121.8,2123.5,160.0
2021-05-20 10:15:00,NSE:ZYDUSWELL,2122.0,2122.0,2119.0,2121.25,408.0
2021-05-20 10:20:00,NSE:ZYDUSWELL,2121.25,2122.75,2120.0,2122.75,80.0
2021-05-20 10:25:00,NSE:ZYDUSWELL,2122.8,2122.95,2120.05,2120.05,300.0
2021-05-20 10:30:00,NSE:ZYDUSWELL,2120.0,2121.5,2112.55,2115.0,632.0
2021-05-20 10:35:00,NSE:ZYDUSWELL,2115.1,2122.85,2114.1,2118.0,444.0
2021-05-20 10:40:00,NSE:ZYDUSWELL,2119.0,2121.6,2119.0,2119.0,469.0
2021-05-20 10:45:00,NSE:ZYDUSWELL,2122.0,2125.0,2119.05,2121.6,781.0
2021-05-20 10:50:00,NSE:ZYDUSWELL,2124.15,2124.95,2120.5,2121.05,220.0
2021-05-20 10:55:00,NSE:ZYDUSWELL,2123.55,2124.85,2120.5,2124.1,185.0
2021-05-20 11:00:00,NSE:ZYDUSWELL,2124.05,2124.7,2121.4,2123.95,133.0
2021-05-20 11:05:00,NSE:ZYDUSWELL,2123.95,2124.15,2121.25,2124.1,492.0
2021-05-20 11:10:00,NSE:ZYDUSWELL,2124.9,2125.0,2123.05,2125.0,900.0
2021-05-20 11:15:00,NSE:ZYDUSWELL,2125.0,2125.0,2123.0,2124.95,323.0
2021-05-20 11:20:00,NSE:ZYDUSWELL,2126.0,2135.0,2126.0,2133.95,699.0
2021-05-20 11:25:00,NSE:ZYDUSWELL,2132.1,2134.0,2130.0,2131.0,406.0
2021-05-20 11:30:00,NSE:ZYDUSWELL,2131.0,2132.55,2130.0,2132.0,138.0
2021-05-20 11:35:00,NSE:ZYDUSWELL,2132.0,2133.75,2130.05,2133.0,344.0
2021-05-20 11:40:00,NSE:ZYDUSWELL,2132.0,2134.0,2132.0,2134.0,246.0
2021-05-20 11:45:00,NSE:ZYDUSWELL,2132.0,2134.0,2132.0,2134.0,340.0
2021-05-20 11:50:00,NSE:ZYDUSWELL,2132.0,2135.0,2132.0,2134.1,450.0
2021-05-20 11:55:00,NSE:ZYDUSWELL,2134.0,2134.0,2130.0,2130.25,1001.0
2021-05-20 12:00:00,NSE:ZYDUSWELL,2131.0,2132.5,2130.2,2130.25,248.0
2021-05-20 12:05:00,NSE:ZYDUSWELL,2132.2,2132.45,2125.1,2125.1,521.0
2021-05-20 12:10:00,NSE:ZYDUSWELL,2127.9,2128.75,2125.0,2128.75,307.0
2021-05-20 12:15:00,NSE:ZYDUSWELL,2130.0,2135.0,2130.0,2133.85,718.0
2021-05-20 12:20:00,NSE:ZYDUSWELL,2132.7,2135.0,2131.05,2133.0,50563.0
2021-05-20 12:25:00,NSE:ZYDUSWELL,2130.8,2133.0,2128.0,2128.0,419.0
2021-05-20 12:30:00,NSE:ZYDUSWELL,2129.3,2132.0,2126.7,2132.0,339.0
2021-05-20 12:35:00,NSE:ZYDUSWELL,2132.0,2132.0,2126.95,2126.95,605.0
2021-05-20 12:40:00,NSE:ZYDUSWELL,2130.0,2130.8,2127.0,2128.85,450.0
2021-05-20 12:45:00,NSE:ZYDUSWELL,2127.45,2129.95,2126.5,2128.6,347.0
2021-05-20 12:50:00,NSE:ZYDUSWELL,2126.05,2127.45,2125.0,2127.1,179.0
2021-05-20 12:55:00,NSE:ZYDUSWELL,2123.55,2128.0,2123.55,2125.1,611.0
2021-05-20 13:00:00,NSE:ZYDUSWELL,2125.4,2125.4,2120.4,2123.4,268.0
2021-05-20 13:05:00,NSE:ZYDUSWELL,2125.3,2126.0,2124.3,2124.35,55.0
2021-05-20 13:10:00,NSE:ZYDUSWELL,2124.3,2126.0,2124.05,2125.65,77.0
2021-05-20 13:15:00,NSE:ZYDUSWELL,2124.15,2125.65,2120.0,2122.45,167.0
2021-05-20 13:20:00,NSE:ZYDUSWELL,2122.35,2126.0,2117.55,2125.1,497.0
2021-05-20 13:25:00,NSE:ZYDUSWELL,2125.95,2125.95,2121.0,2121.45,121.0
2021-05-20 13:30:00,NSE:ZYDUSWELL,2121.45,2123.05,2120.0,2120.0,192.0
2021-05-20 13:35:00,NSE:ZYDUSWELL,2123.45,2123.45,2118.9,2118.9,543.0
2021-05-20 13:40:00,NSE:ZYDUSWELL,2118.55,2122.7,2118.0,2122.1,132.0
2021-05-20 13:45:00,NSE:ZYDUSWELL,2123.95,2124.0,2122.35,2124.0,17.0
2021-05-20 13:50:00,NSE:ZYDUSWELL,2122.7,2124.45,2122.25,2122.4,110.0
2021-05-20 13:55:00,NSE:ZYDUSWELL,2124.45,2126.0,2115.0,2115.0,429.0
2021-05-20 14:00:00,NSE:ZYDUSWELL,2117.9,2123.0,2117.8,2120.55,352.0
2021-05-20 14:05:00,NSE:ZYDUSWELL,2120.0,2123.85,2119.85,2121.8,220.0
2021-05-20 14:10:00,NSE:ZYDUSWELL,2122.5,2122.85,2118.0,2120.35,195.0
2021-05-20 14:15:00,NSE:ZYDUSWELL,2120.0,2120.0,2117.0,2119.2,165.0
2021-05-20 14:20:00,NSE:ZYDUSWELL,2119.45,2122.5,2117.05,2117.05,294.0
2021-05-20 14:25:00,NSE:ZYDUSWELL,2117.05,2117.65,2116.0,2117.3,186.0
2021-05-20 14:30:00,NSE:ZYDUSWELL,2117.25,2117.25,2113.2,2113.85,722.0
2021-05-20 14:35:00,NSE:ZYDUSWELL,2116.7,2117.75,2113.2,2116.05,413.0
2021-05-20 14:40:00,NSE:ZYDUSWELL,2117.75,2117.75,2115.25,2115.25,151.0
2021-05-20 14:45:00,NSE:ZYDUSWELL,2117.65,2122.6,2116.75,2122.0,97.0
2021-05-20 14:50:00,NSE:ZYDUSWELL,2121.95,2122.0,2114.35,2114.8,1076.0
2021-05-20 14:55:00,NSE:ZYDUSWELL,2115.85,2120.55,2113.9,2118.55,232.0
2021-05-20 15:00:00,NSE:ZYDUSWELL,2120.0,2123.95,2116.1,2123.95,215.0
2021-05-20 15:05:00,NSE:ZYDUSWELL,2122.0,2123.0,2119.55,2122.0,474.0
2021-05-20 15:10:00,NSE:ZYDUSWELL,2122.0,2124.85,2120.65,2120.9,724.0
2021-05-20 15:15:00,NSE:ZYDUSWELL,2120.9,2123.8,2120.85,2120.85,653.0
2021-05-20 15:20:00,NSE:ZYDUSWELL,2120.85,2124.95,2114.0,2116.15,1219.0
2021-05-20 15:25:00,NSE:ZYDUSWELL,2117.7,2130.0,2115.5,2118.0,1268.0
2021-05-20 15:55:00,NSE:ZYDUSWELL,2122.3,2122.3,2122.3,2122.3,2.0
2021-05-21 09:05:00,NSE:ZYDUSWELL,2120.0,2120.0,2120.0,2120.0,156.0
2021-05-21 09:15:00,NSE:ZYDUSWELL,2120.0,2120.0,2105.75,2110.7,855.0
2021-05-21 09:20:00,NSE:ZYDUSWELL,2110.55,2118.85,2110.55,2118.85,1258.0
2021-05-21 09:25:00,NSE:ZYDUSWELL,2117.4,2119.85,2116.2,2116.3,242.0
2021-05-21 09:30:00,NSE:ZYDUSWELL,2116.25,2116.25,2112.1,2112.8,1284.0
2021-05-21 09:35:00,NSE:ZYDUSWELL,2111.95,2116.1,2110.55,2110.55,868.0
2021-05-21 09:40:00,NSE:ZYDUSWELL,2109.0,2114.9,2108.0,2112.65,775.0
2021-05-21 09:45:00,NSE:ZYDUSWELL,2112.1,2112.7,2109.2,2112.0,418.0
2021-05-21 09:50:00,NSE:ZYDUSWELL,2112.0,2117.75,2112.0,2116.1,308.0
2021-05-21 09:55:00,NSE:ZYDUSWELL,2115.0,2116.1,2113.15,2114.0,244.0
2021-05-21 10:00:00,NSE:ZYDUSWELL,2114.0,2116.05,2114.0,2115.5,164.0
2021-05-21 10:05:00,NSE:ZYDUSWELL,2114.0,2115.5,2114.0,2114.0,95.0
2021-05-21 10:10:00,NSE:ZYDUSWELL,2114.0,2116.1,2112.05,2112.05,156.0
2021-05-21 10:15:00,NSE:ZYDUSWELL,2112.05,2115.7,2112.05,2114.0,136.0
2021-05-21 10:20:00,NSE:ZYDUSWELL,2112.8,2113.1,2110.0,2110.0,1070.0
2021-05-21 10:25:00,NSE:ZYDUSWELL,2108.8,2111.35,2107.0,2108.1,176.0
2021-05-21 10:30:00,NSE:ZYDUSWELL,2107.85,2112.2,2106.95,2107.0,536.0
2021-05-21 10:35:00,NSE:ZYDUSWELL,2106.75,2108.6,2105.25,2106.05,560.0
2021-05-21 10:40:00,NSE:ZYDUSWELL,2106.05,2109.8,2106.05,2109.8,254.0
2021-05-21 10:45:00,NSE:ZYDUSWELL,2108.2,2109.8,2106.0,2106.25,379.0
2021-05-21 10:50:00,NSE:ZYDUSWELL,2106.0,2109.05,2105.05,2107.75,703.0
2021-05-21 10:55:00,NSE:ZYDUSWELL,2107.5,2110.45,2106.05,2109.55,175.0
2021-05-21 11:00:00,NSE:ZYDUSWELL,2109.55,2110.0,2106.6,2109.1,196.0
2021-05-21 11:05:00,NSE:ZYDUSWELL,2109.0,2110.2,2106.65,2107.2,1208.0
2021-05-21 11:10:00,NSE:ZYDUSWELL,2106.15,2108.65,2105.45,2108.0,166.0
2021-05-21 11:15:00,NSE:ZYDUSWELL,2106.55,2110.0,2106.55,2108.05,120.0
2021-05-21 11:20:00,NSE:ZYDUSWELL,2109.0,2112.0,2107.75,2112.0,238.0
2021-05-21 11:25:00,NSE:ZYDUSWELL,2110.05,2112.0,2110.05,2110.25,256.0
2021-05-21 11:30:00,NSE:ZYDUSWELL,2110.15,2112.0,2110.1,2112.0,60.0
2021-05-21 11:35:00,NSE:ZYDUSWELL,2110.45,2111.75,2110.0,2111.0,86.0
2021-05-21 11:40:00,NSE:ZYDUSWELL,2110.0,2111.4,2110.0,2110.0,32.0
2021-05-21 11:45:00,NSE:ZYDUSWELL,2110.0,2110.95,2109.0,2109.0,198.0
2021-05-21 11:50:00,NSE:ZYDUSWELL,2109.05,2109.05,2106.5,2107.8,449.0
2021-05-21 11:55:00,NSE:ZYDUSWELL,2107.8,2110.1,2107.8,2110.0,433.0
2021-05-21 12:00:00,NSE:ZYDUSWELL,2110.0,2112.0,2108.0,2112.0,687.0
2021-05-21 12:05:00,NSE:ZYDUSWELL,2111.6,2112.15,2111.4,2111.4,78.0
2021-05-21 12:10:00,NSE:ZYDUSWELL,2111.25,2113.9,2111.25,2113.9,102.0
2021-05-21 12:15:00,NSE:ZYDUSWELL,2112.4,2113.0,2112.0,2113.0,86.0
2021-05-21 12:20:00,NSE:ZYDUSWELL,2113.0,2113.85,2112.0,2112.0,82.0
2021-05-21 12:25:00,NSE:ZYDUSWELL,2112.7,2113.9,2112.55,2113.05,177.0
2021-05-21 12:30:00,NSE:ZYDUSWELL,2113.9,2113.9,2113.05,2113.25,49.0
2021-05-21 12:35:00,NSE:ZYDUSWELL,2113.9,2115.05,2113.25,2114.8,437.0
2021-05-21 12:40:00,NSE:ZYDUSWELL,2116.0,2119.95,2115.7,2115.7,455.0
2021-05-21 12:45:00,NSE:ZYDUSWELL,2115.65,2117.6,2114.75,2114.8,24.0
2021-05-21 12:50:00,NSE:ZYDUSWELL,2114.05,2116.25,2113.25,2116.25,263.0
2021-05-21 12:55:00,NSE:ZYDUSWELL,2117.0,2117.0,2114.4,2116.25,39.0
2021-05-21 13:00:00,NSE:ZYDUSWELL,2114.65,2115.1,2111.95,2111.95,125.0
2021-05-21 13:05:00,NSE:ZYDUSWELL,2111.05,2114.7,2110.8,2113.5,304.0
2021-05-21 13:10:00,NSE:ZYDUSWELL,2110.95,2113.3,2110.85,2111.1,75.0
2021-05-21 13:15:00,NSE:ZYDUSWELL,2111.1,2114.05,2110.0,2112.8,325.0
2021-05-21 13:20:00,NSE:ZYDUSWELL,2111.4,2114.05,2111.0,2112.15,67.0
2021-05-21 13:25:00,NSE:ZYDUSWELL,2111.65,2111.65,2111.65,2111.65,1.0
2021-05-21 13:30:00,NSE:ZYDUSWELL,2113.0,2113.55,2111.6,2113.55,40.0
2021-05-21 13:35:00,NSE:ZYDUSWELL,2113.5,2113.5,2111.15,2111.15,52.0
2021-05-21 13:40:00,NSE:ZYDUSWELL,2112.85,2113.65,2111.15,2113.65,44.0
2021-05-21 13:45:00,NSE:ZYDUSWELL,2113.65,2113.65,2110.0,2110.0,240.0
2021-05-21 13:50:00,NSE:ZYDUSWELL,2111.75,2113.6,2111.4,2111.4,47.0
2021-05-21 13:55:00,NSE:ZYDUSWELL,2113.5,2113.5,2113.5,2113.5,6.0
2021-05-21 14:00:00,NSE:ZYDUSWELL,2110.0,2114.05,2109.0,2114.0,694.0
2021-05-21 14:05:00,NSE:ZYDUSWELL,2117.6,2118.0,2114.0,2117.95,356.0
2021-05-21 14:10:00,NSE:ZYDUSWELL,2114.2,2117.95,2114.0,2115.25,266.0
2021-05-21 14:15:00,NSE:ZYDUSWELL,2117.75,2117.75,2115.0,2115.0,28.0
2021-05-21 14:20:00,NSE:ZYDUSWELL,2115.0,2116.4,2115.0,2116.4,24.0
2021-05-21 14:25:00,NSE:ZYDUSWELL,2114.15,2116.0,2114.15,2116.0,50.0
2021-05-21 14:30:00,NSE:ZYDUSWELL,2116.0,2117.85,2114.65,2114.65,338.0
2021-05-21 14:35:00,NSE:ZYDUSWELL,2114.65,2114.65,2110.9,2110.9,103.0
2021-05-21 14:40:00,NSE:ZYDUSWELL,2112.25,2114.65,2110.25,2114.45,165.0
2021-05-21 14:45:00,NSE:ZYDUSWELL,2114.65,2114.65,2110.35,2112.0,268.0
2021-05-21 14:50:00,NSE:ZYDUSWELL,2112.5,2114.65,2110.55,2113.5,359.0
2021-05-21 14:55:00,NSE:ZYDUSWELL,2111.4,2113.7,2110.4,2112.75,123.0
2021-05-21 15:00:00,NSE:ZYDUSWELL,2112.75,2114.65,2110.5,2112.0,244.0
2021-05-21 15:05:00,NSE:ZYDUSWELL,2114.25,2114.5,2111.0,2112.95,85.0
2021-05-21 15:10:00,NSE:ZYDUSWELL,2112.95,2113.0,2111.0,2111.0,230.0
2021-05-21 15:15:00,NSE:ZYDUSWELL,2112.0,2112.0,2110.0,2111.0,451.0
2021-05-21 15:20:00,NSE:ZYDUSWELL,2110.15,2112.95,2106.0,2108.85,1246.0
2021-05-21 15:25:00,NSE:ZYDUSWELL,2109.95,2115.0,2105.55,2108.0,933.0
2021-05-21 15:45:00,NSE:ZYDUSWELL,2110.15,2110.15,2108.0,2110.15,7.0
2021-05-21 15:50:00,NSE:ZYDUSWELL,2110.15,2110.15,2110.15,2110.15,1.0
2021-05-24 09:05:00,NSE:ZYDUSWELL,2119.0,2119.0,2119.0,2119.0,287.0
2021-05-24 09:15:00,NSE:ZYDUSWELL,2117.8,2118.95,2111.0,2118.55,559.0
2021-05-24 09:20:00,NSE:ZYDUSWELL,2114.6,2119.95,2096.15,2104.95,2615.0
2021-05-24 09:25:00,NSE:ZYDUSWELL,2101.7,2103.55,2098.0,2098.0,1456.0
2021-05-24 09:30:00,NSE:ZYDUSWELL,2096.1,2099.05,2086.1,2089.25,2126.0
2021-05-24 09:35:00,NSE:ZYDUSWELL,2090.0,2094.7,2086.0,2087.0,1891.0
2021-05-24 09:40:00,NSE:ZYDUSWELL,2087.0,2093.25,2086.0,2088.0,3398.0
2021-05-24 09:45:00,NSE:ZYDUSWELL,2088.0,2093.65,2088.0,2092.3,638.0
2021-05-24 09:50:00,NSE:ZYDUSWELL,2093.5,2098.5,2093.5,2096.8,241.0
2021-05-24 09:55:00,NSE:ZYDUSWELL,2096.75,2099.0,2092.0,2097.05,687.0
2021-05-24 10:00:00,NSE:ZYDUSWELL,2096.7,2098.0,2092.75,2093.35,296.0
2021-05-24 10:05:00,NSE:ZYDUSWELL,2094.95,2094.95,2092.0,2092.0,423.0
2021-05-24 10:10:00,NSE:ZYDUSWELL,2091.0,2096.1,2091.0,2092.9,166.0
2021-05-24 10:15:00,NSE:ZYDUSWELL,2092.9,2094.8,2091.3,2092.4,169.0
2021-05-24 10:20:00,NSE:ZYDUSWELL,2092.55,2095.0,2091.15,2091.15,176.0
2021-05-24 10:25:00,NSE:ZYDUSWELL,2091.25,2093.0,2089.0,2091.4,601.0
2021-05-24 10:30:00,NSE:ZYDUSWELL,2089.25,2093.0,2088.1,2091.0,143.0
2021-05-24 10:35:00,NSE:ZYDUSWELL,2093.0,2093.0,2091.0,2092.7,77.0
2021-05-24 10:40:00,NSE:ZYDUSWELL,2091.0,2093.0,2091.0,2091.0,215.0
2021-05-24 10:45:00,NSE:ZYDUSWELL,2091.0,2091.95,2090.05,2090.05,159.0
2021-05-24 10:50:00,NSE:ZYDUSWELL,2091.95,2091.95,2090.05,2090.05,73.0
2021-05-24 10:55:00,NSE:ZYDUSWELL,2090.5,2093.0,2090.5,2092.95,101.0
2021-05-24 11:00:00,NSE:ZYDUSWELL,2092.95,2092.95,2090.55,2092.9,131.0
2021-05-24 11:05:00,NSE:ZYDUSWELL,2093.0,2093.95,2092.0,2092.0,160.0
2021-05-24 11:10:00,NSE:ZYDUSWELL,2092.0,2100.0,2092.0,2100.0,876.0
2021-05-24 11:15:00,NSE:ZYDUSWELL,2100.0,2101.6,2097.2,2100.0,640.0
2021-05-24 11:20:00,NSE:ZYDUSWELL,2100.25,2100.25,2097.0,2097.8,218.0
2021-05-24 11:25:00,NSE:ZYDUSWELL,2098.55,2100.0,2097.05,2099.85,170.0
2021-05-24 11:30:00,NSE:ZYDUSWELL,2100.25,2100.25,2097.55,2098.85,50.0
2021-05-24 11:35:00,NSE:ZYDUSWELL,2099.0,2102.0,2098.25,2101.7,326.0
2021-05-24 11:40:00,NSE:ZYDUSWELL,2101.7,2101.7,2099.15,2100.0,177.0
2021-05-24 11:45:00,NSE:ZYDUSWELL,2101.1,2102.6,2100.0,2102.0,913.0
2021-05-24 11:50:00,NSE:ZYDUSWELL,2102.55,2102.55,2100.0,2100.0,225.0
2021-05-24 11:55:00,NSE:ZYDUSWELL,2100.0,2102.5,2099.75,2102.5,184.0
2021-05-24 12:00:00,NSE:ZYDUSWELL,2098.65,2099.95,2097.7,2099.15,31.0
2021-05-24 12:05:00,NSE:ZYDUSWELL,2099.1,2099.15,2097.0,2097.0,974.0
2021-05-24 12:10:00,NSE:ZYDUSWELL,2092.3,2096.0,2092.3,2096.0,349.0
2021-05-24 12:15:00,NSE:ZYDUSWELL,2096.65,2099.45,2096.65,2099.45,103.0
2021-05-24 12:20:00,NSE:ZYDUSWELL,2099.0,2099.0,2095.5,2095.5,67.0
2021-05-24 12:25:00,NSE:ZYDUSWELL,2095.15,2097.65,2095.15,2097.65,27.0
2021-05-24 12:30:00,NSE:ZYDUSWELL,2097.65,2098.0,2095.15,2095.15,70.0
2021-05-24 12:35:00,NSE:ZYDUSWELL,2097.65,2097.65,2095.0,2095.0,193.0
2021-05-24 12:40:00,NSE:ZYDUSWELL,2097.45,2097.9,2094.05,2094.05,80.0
2021-05-24 12:45:00,NSE:ZYDUSWELL,2096.4,2096.6,2096.35,2096.6,31.0
2021-05-24 12:50:00,NSE:ZYDUSWELL,2095.5,2098.0,2095.0,2095.5,173.0
2021-05-24 12:55:00,NSE:ZYDUSWELL,2097.15,2097.95,2095.0,2095.0,85.0
2021-05-24 13:00:00,NSE:ZYDUSWELL,2095.0,2097.0,2095.0,2097.0,12.0
2021-05-24 13:05:00,NSE:ZYDUSWELL,2097.5,2097.5,2095.5,2096.25,38.0
2021-05-24 13:10:00,NSE:ZYDUSWELL,2095.3,2097.95,2095.3,2097.95,119.0
2021-05-24 13:15:00,NSE:ZYDUSWELL,2098.0,2098.0,2095.5,2097.35,70.0
2021-05-24 13:20:00,NSE:ZYDUSWELL,2097.35,2097.95,2095.9,2097.95,41.0
2021-05-24 13:25:00,NSE:ZYDUSWELL,2098.0,2098.0,2095.5,2097.6,64.0
2021-05-24 13:30:00,NSE:ZYDUSWELL,2097.0,2097.65,2095.6,2097.65,43.0
2021-05-24 13:35:00,NSE:ZYDUSWELL,2097.65,2098.0,2096.05,2098.0,80.0
2021-05-24 13:40:00,NSE:ZYDUSWELL,2096.95,2097.5,2096.95,2097.5,13.0
2021-05-24 13:45:00,NSE:ZYDUSWELL,2097.5,2097.5,2095.0,2097.0,177.0
2021-05-24 13:50:00,NSE:ZYDUSWELL,2095.1,2096.55,2095.0,2095.75,95.0
2021-05-24 13:55:00,NSE:ZYDUSWELL,2095.85,2096.2,2094.0,2096.2,36.0
2021-05-24 14:00:00,NSE:ZYDUSWELL,2092.9,2096.2,2092.9,2093.0,324.0
2021-05-24 14:05:00,NSE:ZYDUSWELL,2092.6,2092.9,2090.0,2092.1,1174.0
2021-05-24 14:10:00,NSE:ZYDUSWELL,2092.1,2096.0,2092.1,2095.05,253.0
2021-05-24 14:15:00,NSE:ZYDUSWELL,2094.65,2096.85,2094.65,2096.85,66.0
2021-05-24 14:20:00,NSE:ZYDUSWELL,2094.7,2097.35,2093.3,2095.2,15.0
2021-05-24 14:25:00,NSE:ZYDUSWELL,2093.4,2095.8,2093.3,2095.0,55.0
2021-05-24 14:30:00,NSE:ZYDUSWELL,2095.0,2096.0,2093.25,2096.0,347.0
2021-05-24 14:35:00,NSE:ZYDUSWELL,2093.8,2097.0,2093.8,2097.0,68.0
2021-05-24 14:40:00,NSE:ZYDUSWELL,2094.65,2095.6,2094.0,2095.0,55.0
2021-05-24 14:45:00,NSE:ZYDUSWELL,2096.75,2096.9,2094.95,2094.95,176.0
2021-05-24 14:50:00,NSE:ZYDUSWELL,2093.0,2095.0,2090.55,2095.0,119.0
2021-05-24 14:55:00,NSE:ZYDUSWELL,2095.0,2095.55,2091.6,2092.4,124.0
2021-05-24 15:00:00,NSE:ZYDUSWELL,2094.95,2096.0,2091.7,2095.4,649.0
2021-05-24 15:05:00,NSE:ZYDUSWELL,2095.95,2101.0,2093.45,2098.7,1045.0
2021-05-24 15:10:00,NSE:ZYDUSWELL,2097.85,2099.95,2093.4,2093.4,326.0
2021-05-24 15:15:00,NSE:ZYDUSWELL,2091.75,2098.7,2091.75,2093.2,579.0
2021-05-24 15:20:00,NSE:ZYDUSWELL,2093.25,2099.95,2091.0,2096.0,1121.0
2021-05-24 15:25:00,NSE:ZYDUSWELL,2096.0,2096.0,2091.0,2091.0,1636.0
2021-05-24 15:30:00,NSE:ZYDUSWELL,2103.0,2103.0,2103.0,2103.0,2.0
2021-05-24 15:50:00,NSE:ZYDUSWELL,2094.85,2094.85,2094.85,2094.85,4.0
2021-05-25 09:05:00,NSE:ZYDUSWELL,2098.0,2098.0,2098.0,2098.0,55.0
2021-05-25 09:15:00,NSE:ZYDUSWELL,2098.0,2102.0,2090.2,2102.0,337.0
2021-05-25 09:20:00,NSE:ZYDUSWELL,2101.95,2101.95,2094.0,2098.5,251.0
2021-05-25 09:25:00,NSE:ZYDUSWELL,2098.55,2099.75,2096.45,2096.7,898.0
2021-05-25 09:30:00,NSE:ZYDUSWELL,2096.0,2098.35,2094.65,2094.65,232.0
2021-05-25 09:35:00,NSE:ZYDUSWELL,2097.7,2099.0,2096.7,2098.1,631.0
2021-05-25 09:40:00,NSE:ZYDUSWELL,2096.7,2104.05,2096.7,2104.0,592.0
2021-05-25 09:45:00,NSE:ZYDUSWELL,2100.85,2103.95,2100.85,2102.0,96.0
2021-05-25 09:50:00,NSE:ZYDUSWELL,2105.35,2112.0,2105.35,2110.7,1053.0
2021-05-25 09:55:00,NSE:ZYDUSWELL,2110.7,2110.7,2104.7,2110.0,456.0
2021-05-25 10:00:00,NSE:ZYDUSWELL,2108.9,2111.8,2108.0,2108.85,144.0
2021-05-25 10:05:00,NSE:ZYDUSWELL,2110.0,2112.0,2108.05,2111.0,238.0
2021-05-25 10:10:00,NSE:ZYDUSWELL,2111.5,2111.75,2107.55,2107.55,573.0
2021-05-25 10:15:00,NSE:ZYDUSWELL,2110.0,2110.95,2107.3,2110.95,302.0
2021-05-25 10:20:00,NSE:ZYDUSWELL,2110.5,2110.5,2107.65,2110.0,386.0
2021-05-25 10:25:00,NSE:ZYDUSWELL,2110.45,2110.5,2107.25,2109.95,733.0
2021-05-25 10:30:00,NSE:ZYDUSWELL,2110.0,2110.45,2107.9,2110.45,232.0
2021-05-25 10:35:00,NSE:ZYDUSWELL,2107.9,2110.0,2107.15,2110.0,1146.0
2021-05-25 10:40:00,NSE:ZYDUSWELL,2110.0,2110.5,2107.0,2110.0,307.0
2021-05-25 10:45:00,NSE:ZYDUSWELL,2109.55,2111.0,2108.0,2110.45,330.0
2021-05-25 10:50:00,NSE:ZYDUSWELL,2110.15,2112.0,2108.15,2110.0,142.0
2021-05-25 10:55:00,NSE:ZYDUSWELL,2111.85,2111.85,2110.0,2110.0,66.0
2021-05-25 11:00:00,NSE:ZYDUSWELL,2110.0,2110.4,2108.0,2110.0,145.0
2021-05-25 11:05:00,NSE:ZYDUSWELL,2108.05,2112.0,2108.05,2110.0,248.0
2021-05-25 11:10:00,NSE:ZYDUSWELL,2111.0,2111.0,2108.7,2110.0,211.0
2021-05-25 11:15:00,NSE:ZYDUSWELL,2107.65,2110.4,2107.65,2110.3,69.0
2021-05-25 11:20:00,NSE:ZYDUSWELL,2109.8,2110.4,2108.45,2108.45,102.0
2021-05-25 11:25:00,NSE:ZYDUSWELL,2107.85,2110.05,2107.85,2108.35,32.0
2021-05-25 11:30:00,NSE:ZYDUSWELL,2110.05,2110.05,2110.0,2110.0,6.0
2021-05-25 11:35:00,NSE:ZYDUSWELL,2110.0,2110.6,2107.85,2110.6,116.0
2021-05-25 11:40:00,NSE:ZYDUSWELL,2109.5,2110.0,2107.85,2110.0,53.0
2021-05-25 11:45:00,NSE:ZYDUSWELL,2107.85,2110.1,2107.5,2110.1,191.0
2021-05-25 11:50:00,NSE:ZYDUSWELL,2110.15,2110.2,2110.0,2110.0,72.0
2021-05-25 11:55:00,NSE:ZYDUSWELL,2110.05,2110.95,2110.0,2110.95,55.0
2021-05-25 12:00:00,NSE:ZYDUSWELL,2109.15,2110.95,2109.15,2110.95,93.0
2021-05-25 12:05:00,NSE:ZYDUSWELL,2110.95,2111.9,2110.95,2111.9,51.0
2021-05-25 12:10:00,NSE:ZYDUSWELL,2112.45,2119.5,2111.25,2119.5,959.0
2021-05-25 12:15:00,NSE:ZYDUSWELL,2118.0,2119.8,2115.35,2116.95,236.0
2021-05-25 12:20:00,NSE:ZYDUSWELL,2117.0,2119.1,2115.3,2117.9,254.0
2021-05-25 12:25:00,NSE:ZYDUSWELL,2115.0,2119.0,2115.0,2117.7,524.0
2021-05-25 12:30:00,NSE:ZYDUSWELL,2117.0,2117.45,2114.5,2115.15,187.0
2021-05-25 12:35:00,NSE:ZYDUSWELL,2117.45,2117.95,2115.15,2117.95,58.0
2021-05-25 12:40:00,NSE:ZYDUSWELL,2115.7,2117.15,2114.5,2115.0,82.0
2021-05-25 12:45:00,NSE:ZYDUSWELL,2113.75,2118.5,2113.75,2118.5,532.0
2021-05-25 12:50:00,NSE:ZYDUSWELL,2117.75,2117.9,2114.75,2117.9,87.0
2021-05-25 12:55:00,NSE:ZYDUSWELL,2115.05,2116.75,2112.0,2116.75,175.0
2021-05-25 13:00:00,NSE:ZYDUSWELL,2115.0,2116.1,2114.2,2115.0,71.0
2021-05-25 13:05:00,NSE:ZYDUSWELL,2115.0,2118.45,2115.0,2118.45,182.0
2021-05-25 13:10:00,NSE:ZYDUSWELL,2115.9,2118.0,2115.9,2118.0,16.0
2021-05-25 13:15:00,NSE:ZYDUSWELL,2115.8,2117.95,2115.55,2115.55,134.0
2021-05-25 13:20:00,NSE:ZYDUSWELL,2115.2,2116.2,2112.35,2115.0,840.0
2021-05-25 13:25:00,NSE:ZYDUSWELL,2115.45,2116.0,2112.1,2116.0,1087.0
2021-05-25 13:30:00,NSE:ZYDUSWELL,2115.85,2115.85,2113.1,2114.85,234.0
2021-05-25 13:35:00,NSE:ZYDUSWELL,2115.35,2118.0,2115.2,2115.2,50187.0
2021-05-25 13:40:00,NSE:ZYDUSWELL,2118.45,2118.45,2115.75,2116.0,419.0
2021-05-25 13:45:00,NSE:ZYDUSWELL,2116.3,2116.3,2116.2,2116.2,21.0
2021-05-25 13:50:00,NSE:ZYDUSWELL,2116.2,2118.5,2115.0,2118.5,100.0
2021-05-25 13:55:00,NSE:ZYDUSWELL,2118.5,2118.5,2115.0,2115.0,179.0
2021-05-25 14:00:00,NSE:ZYDUSWELL,2115.0,2116.95,2115.0,2115.5,131.0
2021-05-25 14:05:00,NSE:ZYDUSWELL,2115.15,2118.0,2115.15,2115.55,49.0
2021-05-25 14:10:00,NSE:ZYDUSWELL,2117.0,2119.0,2116.85,2116.85,121.0
2021-05-25 14:15:00,NSE:ZYDUSWELL,2118.55,2118.95,2115.75,2118.95,148.0
2021-05-25 14:20:00,NSE:ZYDUSWELL,2118.0,2119.75,2116.85,2118.9,243.0
2021-05-25 14:25:00,NSE:ZYDUSWELL,2116.85,2118.9,2115.5,2115.5,277.0
2021-05-25 14:30:00,NSE:ZYDUSWELL,2118.0,2118.85,2118.0,2118.6,38.0
2021-05-25 14:35:00,NSE:ZYDUSWELL,2115.9,2120.0,2115.9,2120.0,548.0
2021-05-25 14:40:00,NSE:ZYDUSWELL,2119.7,2119.7,2117.55,2118.0,68.0
2021-05-25 14:45:00,NSE:ZYDUSWELL,2120.0,2120.0,2116.4,2119.5,551.0
2021-05-25 14:50:00,NSE:ZYDUSWELL,2116.5,2119.5,2115.5,2119.5,100.0
2021-05-25 14:55:00,NSE:ZYDUSWELL,2116.4,2119.4,2115.05,2115.05,151.0
2021-05-25 15:00:00,NSE:ZYDUSWELL,2116.05,2120.0,2116.05,2119.95,749.0
2021-05-25 15:05:00,NSE:ZYDUSWELL,2119.0,2122.0,2117.5,2118.45,597.0
2021-05-25 15:10:00,NSE:ZYDUSWELL,2118.5,2119.95,2115.0,2115.0,678.0
2021-05-25 15:15:00,NSE:ZYDUSWELL,2116.1,2121.0,2115.15,2115.15,443.0
2021-05-25 15:20:00,NSE:ZYDUSWELL,2117.55,2118.4,2115.15,2116.05,770.0
2021-05-25 15:25:00,NSE:ZYDUSWELL,2116.05,2119.0,2115.0,2118.8,1455.0
2021-05-25 15:30:00,NSE:ZYDUSWELL,2118.0,2118.0,2118.0,2118.0,16.0
2021-05-25 15:40:00,NSE:ZYDUSWELL,2116.75,2116.75,2116.75,2116.75,2.0
2021-05-26 09:05:00,NSE:ZYDUSWELL,2118.0,2118.0,2118.0,2118.0,59.0
2021-05-26 09:15:00,NSE:ZYDUSWELL,2118.0,2118.0,2106.25,2109.85,271.0
2021-05-26 09:20:00,NSE:ZYDUSWELL,2113.0,2114.3,2095.1,2102.45,1007.0
2021-05-26 09:25:00,NSE:ZYDUSWELL,2106.0,2110.15,2104.3,2105.05,170.0
2021-05-26 09:30:00,NSE:ZYDUSWELL,2104.0,2110.0,2101.5,2106.05,596.0
2021-05-26 09:35:00,NSE:ZYDUSWELL,2104.4,2107.4,2101.25,2101.25,78.0
2021-05-26 09:40:00,NSE:ZYDUSWELL,2101.15,2104.05,2095.1,2101.9,505.0
2021-05-26 09:45:00,NSE:ZYDUSWELL,2099.7,2102.55,2097.25,2098.35,283.0
2021-05-26 09:50:00,NSE:ZYDUSWELL,2098.15,2106.25,2098.15,2104.25,110.0
2021-05-26 09:55:00,NSE:ZYDUSWELL,2104.05,2106.25,2103.15,2103.6,66.0
2021-05-26 10:00:00,NSE:ZYDUSWELL,2105.75,2105.95,2100.55,2102.9,370.0
2021-05-26 10:05:00,NSE:ZYDUSWELL,2104.05,2108.45,2104.05,2108.0,104.0
2021-05-26 10:10:00,NSE:ZYDUSWELL,2105.3,2109.8,2105.3,2106.0,359.0
2021-05-26 10:15:00,NSE:ZYDUSWELL,2106.0,2109.75,2102.3,2109.75,230.0
2021-05-26 10:20:00,NSE:ZYDUSWELL,2109.8,2111.0,2107.85,2107.9,201.0
2021-05-26 10:25:00,NSE:ZYDUSWELL,2107.0,2110.5,2105.75,2109.9,359.0
2021-05-26 10:30:00,NSE:ZYDUSWELL,2108.95,2114.95,2107.8,2110.35,182.0
2021-05-26 10:35:00,NSE:ZYDUSWELL,2110.35,2110.35,2108.75,2110.0,73.0
2021-05-26 10:40:00,NSE:ZYDUSWELL,2108.8,2110.85,2107.4,2108.05,264.0
2021-05-26 10:45:00,NSE:ZYDUSWELL,2108.05,2110.9,2107.4,2108.05,334.0
2021-05-26 10:50:00,NSE:ZYDUSWELL,2107.6,2110.7,2107.35,2108.3,166.0
2021-05-26 10:55:00,NSE:ZYDUSWELL,2107.85,2112.0,2107.85,2110.55,298.0
2021-05-26 11:00:00,NSE:ZYDUSWELL,2110.5,2112.0,2110.0,2110.0,103.0
2021-05-26 11:05:00,NSE:ZYDUSWELL,2110.5,2110.85,2107.15,2109.75,142.0
2021-05-26 11:10:00,NSE:ZYDUSWELL,2109.0,2111.45,2107.55,2107.55,125.0
2021-05-26 11:15:00,NSE:ZYDUSWELL,2109.0,2111.0,2108.0,2108.05,113.0
2021-05-26 11:20:00,NSE:ZYDUSWELL,2108.05,2110.65,2108.0,2110.0,72.0
2021-05-26 11:25:00,NSE:ZYDUSWELL,2108.7,2110.95,2108.45,2109.0,27.0
2021-05-26 11:30:00,NSE:ZYDUSWELL,2108.35,2110.0,2106.05,2110.0,1421.0
2021-05-26 11:35:00,NSE:ZYDUSWELL,2109.45,2111.95,2107.0,2109.7,338.0
2021-05-26 11:40:00,NSE:ZYDUSWELL,2107.05,2111.8,2107.05,2111.8,70.0
2021-05-26 11:45:00,NSE:ZYDUSWELL,2109.95,2113.9,2109.95,2113.45,283.0
2021-05-26 11:50:00,NSE:ZYDUSWELL,2113.4,2113.9,2110.4,2113.9,50.0
2021-05-26 11:55:00,NSE:ZYDUSWELL,2114.0,2119.0,2113.55,2118.8,797.0
2021-05-26 12:00:00,NSE:ZYDUSWELL,2122.0,2128.9,2122.0,2128.1,1716.0
2021-05-26 12:05:00,NSE:ZYDUSWELL,2128.9,2135.0,2127.25,2130.6,3010.0
2021-05-26 12:10:00,NSE:ZYDUSWELL,2130.6,2130.6,2122.9,2123.15,371.0
2021-05-26 12:15:00,NSE:ZYDUSWELL,2123.15,2125.0,2120.0,2121.15,254.0
2021-05-26 12:20:00,NSE:ZYDUSWELL,2125.0,2125.0,2119.5,2119.5,388.0
2021-05-26 12:25:00,NSE:ZYDUSWELL,2118.4,2119.95,2118.0,2119.9,122.0
2021-05-26 12:30:00,NSE:ZYDUSWELL,2119.9,2120.0,2117.45,2118.15,128.0
2021-05-26 12:35:00,NSE:ZYDUSWELL,2119.0,2127.15,2119.0,2124.55,134.0
2021-05-26 12:40:00,NSE:ZYDUSWELL,2126.95,2128.95,2115.1,2124.25,1214.0
2021-05-26 12:45:00,NSE:ZYDUSWELL,2126.55,2134.0,2122.0,2134.0,1501.0
2021-05-26 12:50:00,NSE:ZYDUSWELL,2134.0,2141.0,2134.0,2137.05,3449.0
2021-05-26 12:55:00,NSE:ZYDUSWELL,2138.0,2145.75,2135.0,2145.75,3624.0
2021-05-26 13:00:00,NSE:ZYDUSWELL,2144.9,2146.45,2136.45,2136.45,820.0
2021-05-26 13:05:00,NSE:ZYDUSWELL,2136.0,2137.1,2126.0,2130.95,978.0
2021-05-26 13:10:00,NSE:ZYDUSWELL,2128.65,2134.2,2128.65,2132.25,563.0
2021-05-26 13:15:00,NSE:ZYDUSWELL,2133.7,2133.7,2132.0,2133.0,452.0
2021-05-26 13:20:00,NSE:ZYDUSWELL,2133.0,2133.0,2125.0,2126.0,783.0
2021-05-26 13:25:00,NSE:ZYDUSWELL,2126.0,2126.0,2122.0,2124.85,497.0
2021-05-26 13:30:00,NSE:ZYDUSWELL,2124.95,2125.55,2122.5,2125.55,138.0
2021-05-26 13:35:00,NSE:ZYDUSWELL,2124.95,2125.0,2122.0,2122.0,259.0
2021-05-26 13:40:00,NSE:ZYDUSWELL,2122.0,2123.75,2115.65,2116.65,564.0
2021-05-26 13:45:00,NSE:ZYDUSWELL,2119.85,2121.55,2119.1,2121.0,15.0
2021-05-26 13:50:00,NSE:ZYDUSWELL,2119.0,2123.35,2119.0,2123.35,152.0
2021-05-26 13:55:00,NSE:ZYDUSWELL,2123.35,2124.25,2120.65,2122.8,228.0
2021-05-26 14:00:00,NSE:ZYDUSWELL,2122.8,2124.55,2119.0,2119.0,202.0
2021-05-26 14:05:00,NSE:ZYDUSWELL,2120.15,2122.4,2119.85,2122.4,51.0
2021-05-26 14:10:00,NSE:ZYDUSWELL,2122.0,2122.0,2118.05,2118.05,120.0
2021-05-26 14:15:00,NSE:ZYDUSWELL,2118.05,2119.75,2118.05,2118.05,81.0
2021-05-26 14:20:00,NSE:ZYDUSWELL,2118.0,2120.65,2116.0,2116.0,316.0
2021-05-26 14:25:00,NSE:ZYDUSWELL,2116.95,2118.65,2116.0,2118.65,174.0
2021-05-26 14:30:00,NSE:ZYDUSWELL,2118.65,2121.5,2117.4,2120.75,172.0
2021-05-26 14:35:00,NSE:ZYDUSWELL,2118.85,2121.0,2118.05,2120.9,108.0
2021-05-26 14:40:00,NSE:ZYDUSWELL,2119.0,2122.85,2119.0,2122.3,140.0
2021-05-26 14:45:00,NSE:ZYDUSWELL,2119.4,2121.25,2117.0,2117.0,353.0
2021-05-26 14:50:00,NSE:ZYDUSWELL,2116.0,2116.0,2114.0,2114.0,612.0
2021-05-26 14:55:00,NSE:ZYDUSWELL,2114.0,2114.75,2114.0,2114.0,49.0
2021-05-26 15:00:00,NSE:ZYDUSWELL,2114.75,2115.0,2110.1,2112.1,895.0
2021-05-26 15:05:00,NSE:ZYDUSWELL,2115.0,2115.0,2109.95,2112.0,369.0
2021-05-26 15:10:00,NSE:ZYDUSWELL,2111.55,2115.0,2111.55,2114.1,420.0
2021-05-26 15:15:00,NSE:ZYDUSWELL,2114.1,2115.0,2107.1,2111.05,746.0
2021-05-26 15:20:00,NSE:ZYDUSWELL,2111.4,2119.0,2111.4,2118.05,808.0
2021-05-26 15:25:00,NSE:ZYDUSWELL,2115.05,2118.0,2112.05,2115.0,1535.0
2021-05-26 15:45:00,NSE:ZYDUSWELL,2113.55,2113.55,2113.55,2113.55,10.0
2021-05-27 09:05:00,NSE:ZYDUSWELL,2128.0,2128.0,2128.0,2128.0,115.0
2021-05-27 09:15:00,NSE:ZYDUSWELL,2128.0,2128.0,2110.6,2118.65,1022.0
2021-05-27 09:20:00,NSE:ZYDUSWELL,2118.65,2119.55,2110.6,2110.7,828.0
2021-05-27 09:25:00,NSE:ZYDUSWELL,2110.95,2114.3,2110.2,2113.05,109.0
2021-05-27 09:30:00,NSE:ZYDUSWELL,2113.2,2113.5,2110.25,2110.25,114.0
2021-05-27 09:35:00,NSE:ZYDUSWELL,2110.0,2112.4,2107.75,2111.6,293.0
2021-05-27 09:40:00,NSE:ZYDUSWELL,2109.05,2112.35,2108.65,2112.0,169.0
2021-05-27 09:45:00,NSE:ZYDUSWELL,2112.55,2112.55,2109.25,2109.6,91.0
2021-05-27 09:50:00,NSE:ZYDUSWELL,2109.7,2111.25,2109.7,2111.25,111.0
2021-05-27 09:55:00,NSE:ZYDUSWELL,2111.15,2111.15,2110.0,2111.15,98.0
2021-05-27 10:00:00,NSE:ZYDUSWELL,2111.0,2112.45,2107.5,2107.5,193.0
2021-05-27 10:05:00,NSE:ZYDUSWELL,2107.5,2107.6,2105.0,2107.6,122.0
2021-05-27 10:10:00,NSE:ZYDUSWELL,2108.45,2109.75,2105.1,2107.5,180.0
2021-05-27 10:15:00,NSE:ZYDUSWELL,2105.35,2110.0,2105.1,2110.0,263.0
2021-05-27 10:20:00,NSE:ZYDUSWELL,2108.2,2109.5,2105.75,2107.45,147.0
2021-05-27 10:25:00,NSE:ZYDUSWELL,2106.8,2109.6,2106.5,2107.1,80.0
2021-05-27 10:30:00,NSE:ZYDUSWELL,2106.7,2110.0,2106.7,2108.05,99.0
2021-05-27 10:35:00,NSE:ZYDUSWELL,2108.05,2113.0,2108.05,2111.55,191.0
2021-05-27 10:40:00,NSE:ZYDUSWELL,2111.55,2119.55,2111.55,2118.75,237.0
2021-05-27 10:45:00,NSE:ZYDUSWELL,2118.75,2129.15,2118.75,2127.55,3592.0
2021-05-27 10:50:00,NSE:ZYDUSWELL,2127.95,2127.95,2122.55,2124.55,304.0
2021-05-27 10:55:00,NSE:ZYDUSWELL,2122.0,2126.55,2121.0,2121.8,429.0
2021-05-27 11:00:00,NSE:ZYDUSWELL,2121.8,2123.15,2118.3,2121.1,242.0
2021-05-27 11:05:00,NSE:ZYDUSWELL,2116.05,2119.45,2115.2,2118.95,577.0
2021-05-27 11:10:00,NSE:ZYDUSWELL,2119.0,2126.0,2119.0,2123.3,217.0
2021-05-27 11:15:00,NSE:ZYDUSWELL,2123.3,2124.2,2120.1,2120.4,250.0
2021-05-27 11:20:00,NSE:ZYDUSWELL,2120.0,2124.95,2120.0,2120.5,269.0
2021-05-27 11:25:00,NSE:ZYDUSWELL,2123.25,2123.35,2119.65,2123.0,183.0
2021-05-27 11:30:00,NSE:ZYDUSWELL,2121.95,2123.35,2116.85,2122.0,413.0
2021-05-27 11:35:00,NSE:ZYDUSWELL,2121.25,2121.55,2118.05,2120.7,159.0
2021-05-27 11:40:00,NSE:ZYDUSWELL,2118.15,2121.8,2118.15,2118.5,89.0
2021-05-27 11:45:00,NSE:ZYDUSWELL,2121.75,2122.35,2119.25,2122.35,75.0
2021-05-27 11:50:00,NSE:ZYDUSWELL,2122.0,2125.0,2120.05,2125.0,199.0
2021-05-27 11:55:00,NSE:ZYDUSWELL,2124.25,2124.25,2118.0,2119.75,121.0
2021-05-27 12:00:00,NSE:ZYDUSWELL,2119.7,2119.7,2116.7,2117.0,145.0
2021-05-27 12:05:00,NSE:ZYDUSWELL,2117.0,2117.0,2115.25,2116.0,37.0
2021-05-27 12:10:00,NSE:ZYDUSWELL,2116.9,2118.95,2113.9,2118.25,147.0
2021-05-27 12:15:00,NSE:ZYDUSWELL,2118.85,2118.85,2115.9,2118.15,101.0
2021-05-27 12:20:00,NSE:ZYDUSWELL,2118.95,2118.95,2116.2,2118.5,105.0
2021-05-27 12:25:00,NSE:ZYDUSWELL,2116.2,2118.65,2116.2,2116.2,12.0
2021-05-27 12:30:00,NSE:ZYDUSWELL,2116.2,2116.2,2116.2,2116.2,10.0
2021-05-27 12:35:00,NSE:ZYDUSWELL,2116.3,2116.3,2114.05,2114.65,116.0
2021-05-27 12:40:00,NSE:ZYDUSWELL,2116.0,2117.55,2116.0,2117.45,115.0
2021-05-27 12:45:00,NSE:ZYDUSWELL,2115.05,2119.55,2115.05,2117.45,101.0
2021-05-27 12:50:00,NSE:ZYDUSWELL,2116.55,2117.0,2114.0,2117.0,95.0
2021-05-27 12:55:00,NSE:ZYDUSWELL,2115.1,2115.1,2108.7,2109.4,1080.0
2021-05-27 13:00:00,NSE:ZYDUSWELL,2110.9,2115.5,2108.7,2115.5,257.0
2021-05-27 13:05:00,NSE:ZYDUSWELL,2113.2,2116.15,2113.2,2116.15,101.0
2021-05-27 13:10:00,NSE:ZYDUSWELL,2116.65,2127.15,2116.6,2123.45,2027.0
2021-05-27 13:15:00,NSE:ZYDUSWELL,2126.2,2126.2,2119.65,2121.35,380.0
2021-05-27 13:20:00,NSE:ZYDUSWELL,2118.9,2121.6,2118.9,2121.0,94.0
2021-05-27 13:25:00,NSE:ZYDUSWELL,2121.05,2122.75,2120.5,2120.5,122.0
2021-05-27 13:30:00,NSE:ZYDUSWELL,2120.5,2124.0,2119.2,2124.0,108.0
2021-05-27 13:35:00,NSE:ZYDUSWELL,2124.45,2125.0,2122.5,2125.0,171.0
2021-05-27 13:40:00,NSE:ZYDUSWELL,2125.0,2125.0,2121.5,2121.55,190.0
2021-05-27 13:45:00,NSE:ZYDUSWELL,2120.8,2121.95,2118.9,2118.9,62.0
2021-05-27 13:50:00,NSE:ZYDUSWELL,2121.95,2121.95,2118.4,2118.4,70.0
2021-05-27 13:55:00,NSE:ZYDUSWELL,2120.0,2121.35,2118.0,2120.9,219.0
2021-05-27 14:00:00,NSE:ZYDUSWELL,2121.0,2121.65,2121.0,2121.65,11.0
2021-05-27 14:05:00,NSE:ZYDUSWELL,2120.85,2120.85,2119.0,2119.0,16.0
2021-05-27 14:10:00,NSE:ZYDUSWELL,2119.0,2120.65,2116.95,2116.95,96.0
2021-05-27 14:15:00,NSE:ZYDUSWELL,2115.0,2119.2,2114.3,2119.2,434.0
2021-05-27 14:20:00,NSE:ZYDUSWELL,2116.55,2116.55,2115.0,2115.0,160.0
2021-05-27 14:25:00,NSE:ZYDUSWELL,2112.65,2117.0,2112.65,2116.1,337.0
2021-05-27 14:30:00,NSE:ZYDUSWELL,2118.0,2118.0,2115.6,2117.85,104.0
2021-05-27 14:35:00,NSE:ZYDUSWELL,2118.0,2118.0,2115.05,2115.05,145.0
2021-05-27 14:40:00,NSE:ZYDUSWELL,2115.0,2115.05,2110.0,2112.85,169.0
2021-05-27 14:45:00,NSE:ZYDUSWELL,2113.7,2113.7,2110.0,2113.5,213.0
2021-05-27 14:50:00,NSE:ZYDUSWELL,2111.6,2114.9,2110.0,2114.9,143.0
2021-05-27 14:55:00,NSE:ZYDUSWELL,2114.9,2114.9,2095.95,2099.0,1809.0
2021-05-27 15:00:00,NSE:ZYDUSWELL,2099.1,2100.0,2098.95,2099.95,1656.0
2021-05-27 15:05:00,NSE:ZYDUSWELL,2099.95,2100.0,2098.0,2099.95,1362.0
2021-05-27 15:10:00,NSE:ZYDUSWELL,2099.95,2100.0,2099.7,2100.0,1179.0
2021-05-27 15:15:00,NSE:ZYDUSWELL,2099.95,2113.0,2099.95,2110.1,1192.0
2021-05-27 15:20:00,NSE:ZYDUSWELL,2112.0,2113.2,2100.95,2101.15,1276.0
2021-05-27 15:25:00,NSE:ZYDUSWELL,2101.15,2113.2,2101.1,2112.0,1041.0
2021-05-27 15:40:00,NSE:ZYDUSWELL,2102.35,2102.35,2102.35,2102.35,5.0
2021-05-27 15:45:00,NSE:ZYDUSWELL,2102.35,2102.35,2102.35,2102.35,12.0
2021-05-28 09:05:00,NSE:ZYDUSWELL,2112.0,2112.0,2112.0,2112.0,54.0
2021-05-28 09:15:00,NSE:ZYDUSWELL,2111.95,2112.45,2102.5,2105.75,684.0
2021-05-28 09:20:00,NSE:ZYDUSWELL,2103.3,2106.7,2095.2,2099.7,787.0
2021-05-28 09:25:00,NSE:ZYDUSWELL,2098.55,2099.8,2092.75,2097.45,943.0
2021-05-28 09:30:00,NSE:ZYDUSWELL,2098.7,2104.0,2093.2,2101.35,1099.0
2021-05-28 09:35:00,NSE:ZYDUSWELL,2102.7,2104.0,2100.8,2101.9,441.0
2021-05-28 09:40:00,NSE:ZYDUSWELL,2101.05,2102.0,2097.85,2099.35,380.0
2021-05-28 09:45:00,NSE:ZYDUSWELL,2099.35,2101.1,2098.05,2098.05,92.0
2021-05-28 09:50:00,NSE:ZYDUSWELL,2099.45,2099.95,2098.0,2099.6,140.0
2021-05-28 09:55:00,NSE:ZYDUSWELL,2099.9,2100.95,2098.0,2099.9,94.0
2021-05-28 10:00:00,NSE:ZYDUSWELL,2099.9,2099.9,2097.45,2099.9,184.0
2021-05-28 10:05:00,NSE:ZYDUSWELL,2097.3,2099.9,2097.3,2099.9,70.0
2021-05-28 10:10:00,NSE:ZYDUSWELL,2097.5,2099.9,2097.5,2099.9,298.0
2021-05-28 10:15:00,NSE:ZYDUSWELL,2099.9,2101.95,2099.0,2099.95,153.0
2021-05-28 10:20:00,NSE:ZYDUSWELL,2097.0,2099.1,2095.25,2097.0,419.0
2021-05-28 10:25:00,NSE:ZYDUSWELL,2098.35,2099.0,2095.4,2096.95,669.0
2021-05-28 10:30:00,NSE:ZYDUSWELL,2097.6,2099.85,2097.05,2097.05,30.0
2021-05-28 10:35:00,NSE:ZYDUSWELL,2098.1,2100.75,2098.1,2100.75,17.0
2021-05-28 10:40:00,NSE:ZYDUSWELL,2101.35,2101.8,2100.0,2101.8,101.0
2021-05-28 10:45:00,NSE:ZYDUSWELL,2102.0,2102.0,2098.1,2099.95,165.0
2021-05-28 10:50:00,NSE:ZYDUSWELL,2100.7,2108.1,2100.7,2104.4,763.0
2021-05-28 10:55:00,NSE:ZYDUSWELL,2106.45,2112.7,2106.35,2110.0,643.0
2021-05-28 11:00:00,NSE:ZYDUSWELL,2108.25,2109.95,2104.0,2104.0,363.0
2021-05-28 11:05:00,NSE:ZYDUSWELL,2105.0,2105.0,2098.9,2101.25,602.0
2021-05-28 11:10:00,NSE:ZYDUSWELL,2100.9,2104.65,2100.0,2104.65,139.0
2021-05-28 11:15:00,NSE:ZYDUSWELL,2103.0,2103.0,2100.05,2102.2,157.0
2021-05-28 11:20:00,NSE:ZYDUSWELL,2102.2,2102.2,2100.1,2100.1,26.0
2021-05-28 11:25:00,NSE:ZYDUSWELL,2101.6,2101.6,2100.1,2100.6,35.0
2021-05-28 11:30:00,NSE:ZYDUSWELL,2100.05,2105.5,2100.05,2105.1,172.0
2021-05-28 11:35:00,NSE:ZYDUSWELL,2108.0,2110.0,2108.0,2109.5,84.0
2021-05-28 11:40:00,NSE:ZYDUSWELL,2108.0,2108.3,2106.0,2106.0,59.0
2021-05-28 11:45:00,NSE:ZYDUSWELL,2106.0,2106.0,2099.0,2099.0,247.0
2021-05-28 11:50:00,NSE:ZYDUSWELL,2098.0,2103.0,2098.0,2100.3,371.0
2021-05-28 11:55:00,NSE:ZYDUSWELL,2100.25,2102.95,2100.25,2102.0,23.0
2021-05-28 12:00:00,NSE:ZYDUSWELL,2102.95,2108.0,2100.4,2105.3,122.0
2021-05-28 12:05:00,NSE:ZYDUSWELL,2107.85,2108.0,2105.2,2107.85,99.0
2021-05-28 12:10:00,NSE:ZYDUSWELL,2107.9,2109.95,2107.9,2108.0,26.0
2021-05-28 12:15:00,NSE:ZYDUSWELL,2109.85,2109.95,2107.85,2109.95,65.0
2021-05-28 12:20:00,NSE:ZYDUSWELL,2110.0,2110.0,2110.0,2110.0,61.0
2021-05-28 12:25:00,NSE:ZYDUSWELL,2108.0,2110.0,2107.85,2107.85,250.0
2021-05-28 12:30:00,NSE:ZYDUSWELL,2103.65,2106.55,2103.65,2104.7,43.0
2021-05-28 12:35:00,NSE:ZYDUSWELL,2103.85,2106.5,2103.35,2105.4,22.0
2021-05-28 12:40:00,NSE:ZYDUSWELL,2102.45,2106.05,2102.4,2106.05,62.0
2021-05-28 12:45:00,NSE:ZYDUSWELL,2106.05,2107.0,2105.0,2105.0,56.0
2021-05-28 12:50:00,NSE:ZYDUSWELL,2104.45,2107.0,2104.45,2107.0,37.0
2021-05-28 12:55:00,NSE:ZYDUSWELL,2104.6,2106.0,2103.7,2103.7,35.0
2021-05-28 13:00:00,NSE:ZYDUSWELL,2104.45,2105.75,2104.0,2104.0,146.0
2021-05-28 13:05:00,NSE:ZYDUSWELL,2106.95,2107.0,2104.65,2107.0,28.0
2021-05-28 13:10:00,NSE:ZYDUSWELL,2104.8,2107.0,2104.8,2104.95,30.0
2021-05-28 13:15:00,NSE:ZYDUSWELL,2107.0,2109.9,2104.25,2109.9,340.0
2021-05-28 13:20:00,NSE:ZYDUSWELL,2110.0,2111.0,2105.45,2107.6,894.0
2021-05-28 13:25:00,NSE:ZYDUSWELL,2109.95,2109.95,2105.0,2107.0,97.0
2021-05-28 13:30:00,NSE:ZYDUSWELL,2109.75,2109.75,2105.05,2105.05,51.0
2021-05-28 13:35:00,NSE:ZYDUSWELL,2107.65,2107.65,2100.7,2103.7,53.0
2021-05-28 13:40:00,NSE:ZYDUSWELL,2106.95,2106.95,2103.3,2103.3,77.0
2021-05-28 13:45:00,NSE:ZYDUSWELL,2103.35,2106.5,2103.2,2106.5,21.0
2021-05-28 13:50:00,NSE:ZYDUSWELL,2101.95,2105.15,2101.95,2105.15,43.0
2021-05-28 13:55:00,NSE:ZYDUSWELL,2105.7,2109.8,2105.7,2109.0,154.0
2021-05-28 14:00:00,NSE:ZYDUSWELL,2109.5,2109.5,2107.05,2109.0,103.0
2021-05-28 14:05:00,NSE:ZYDUSWELL,2107.05,2107.05,2107.0,2107.0,53.0
2021-05-28 14:10:00,NSE:ZYDUSWELL,2109.0,2109.0,2107.0,2107.0,119.0
2021-05-28 14:15:00,NSE:ZYDUSWELL,2107.0,2108.35,2104.85,2104.85,689.0
2021-05-28 14:20:00,NSE:ZYDUSWELL,2102.85,2107.05,2102.5,2107.05,79.0
2021-05-28 14:25:00,NSE:ZYDUSWELL,2104.35,2105.8,2100.75,2105.8,117.0
2021-05-28 14:30:00,NSE:ZYDUSWELL,2105.8,2105.8,2101.1,2102.85,150.0
2021-05-28 14:35:00,NSE:ZYDUSWELL,2100.4,2104.95,2100.4,2104.35,110.0
2021-05-28 14:40:00,NSE:ZYDUSWELL,2104.95,2104.95,2100.1,2100.1,119.0
2021-05-28 14:45:00,NSE:ZYDUSWELL,2100.0,2103.75,2099.85,2101.95,232.0
2021-05-28 14:50:00,NSE:ZYDUSWELL,2101.5,2105.25,2101.5,2104.95,181.0
2021-05-28 14:55:00,NSE:ZYDUSWELL,2105.1,2107.05,2105.0,2107.05,77.0
2021-05-28 15:00:00,NSE:ZYDUSWELL,2106.9,2106.95,2100.6,2102.65,204.0
2021-05-28 15:05:00,NSE:ZYDUSWELL,2104.85,2104.95,2100.05,2100.05,247.0
2021-05-28 15:10:00,NSE:ZYDUSWELL,2101.8,2105.0,2100.1,2103.65,259.0
2021-05-28 15:15:00,NSE:ZYDUSWELL,2104.95,2105.0,2100.75,2104.45,268.0
2021-05-28 15:20:00,NSE:ZYDUSWELL,2104.25,2104.45,2098.1,2100.0,604.0
2021-05-28 15:25:00,NSE:ZYDUSWELL,2103.05,2104.35,2098.15,2099.95,465.0
2021-05-28 15:30:00,NSE:ZYDUSWELL,2099.9,2099.9,2099.9,2099.9,5.0
2021-05-28 15:40:00,NSE:ZYDUSWELL,2102.05,2102.05,2102.05,2102.05,4.0
2021-05-28 15:45:00,NSE:ZYDUSWELL,2102.05,2102.05,2102.05,2102.05,3.0
2021-05-28 15:55:00,NSE:ZYDUSWELL,2102.05,2102.05,2099.9,2099.9,25.0
2021-05-31 09:05:00,NSE:ZYDUSWELL,2105.35,2105.35,2105.35,2105.35,56.0
2021-05-31 09:15:00,NSE:ZYDUSWELL,2105.4,2119.0,2102.05,2107.5,1607.0
2021-05-31 09:20:00,NSE:ZYDUSWELL,2108.9,2109.95,2103.5,2103.5,296.0
2021-05-31 09:25:00,NSE:ZYDUSWELL,2103.25,2105.85,2096.05,2097.0,565.0
2021-05-31 09:30:00,NSE:ZYDUSWELL,2095.3,2118.5,2095.0,2116.0,1942.0
2021-05-31 09:35:00,NSE:ZYDUSWELL,2111.2,2119.95,2111.2,2112.65,367.0
2021-05-31 09:40:00,NSE:ZYDUSWELL,2114.7,2115.0,2111.35,2111.4,250.0
2021-05-31 09:45:00,NSE:ZYDUSWELL,2114.15,2114.85,2111.4,2111.4,117.0
2021-05-31 09:50:00,NSE:ZYDUSWELL,2114.25,2117.2,2105.0,2105.0,231.0
2021-05-31 09:55:00,NSE:ZYDUSWELL,2107.65,2112.15,2105.65,2106.05,412.0
2021-05-31 10:00:00,NSE:ZYDUSWELL,2110.0,2112.5,2110.0,2110.2,39.0
2021-05-31 10:05:00,NSE:ZYDUSWELL,2112.45,2114.9,2110.0,2114.9,163.0
2021-05-31 10:10:00,NSE:ZYDUSWELL,2111.4,2115.5,2111.4,2115.4,207.0
2021-05-31 10:15:00,NSE:ZYDUSWELL,2115.45,2116.7,2112.25,2115.5,406.0
2021-05-31 10:20:00,NSE:ZYDUSWELL,2114.95,2117.0,2114.95,2116.0,140.0
2021-05-31 10:25:00,NSE:ZYDUSWELL,2116.0,2120.0,2115.25,2117.6,341.0
2021-05-31 10:30:00,NSE:ZYDUSWELL,2117.6,2117.6,2115.2,2117.6,162.0
2021-05-31 10:35:00,NSE:ZYDUSWELL,2115.55,2119.0,2115.55,2117.4,93.0
2021-05-31 10:40:00,NSE:ZYDUSWELL,2117.6,2119.0,2116.2,2119.0,173.0
2021-05-31 10:45:00,NSE:ZYDUSWELL,2119.0,2120.0,2117.4,2120.0,273.0
2021-05-31 10:50:00,NSE:ZYDUSWELL,2120.0,2120.0,2116.0,2116.0,222.0
2021-05-31 10:55:00,NSE:ZYDUSWELL,2114.05,2117.3,2114.05,2117.3,194.0
2021-05-31 11:00:00,NSE:ZYDUSWELL,2118.0,2118.0,2115.1,2115.45,152.0
2021-05-31 11:05:00,NSE:ZYDUSWELL,2115.1,2117.85,2113.3,2115.5,345.0
2021-05-31 11:10:00,NSE:ZYDUSWELL,2115.45,2115.45,2113.15,2113.15,28.0
2021-05-31 11:15:00,NSE:ZYDUSWELL,2113.0,2115.0,2113.0,2114.6,24.0
2021-05-31 11:20:00,NSE:ZYDUSWELL,2114.55,2116.0,2114.0,2114.0,118.0
2021-05-31 11:25:00,NSE:ZYDUSWELL,2113.1,2113.8,2107.25,2109.65,209.0
2021-05-31 11:30:00,NSE:ZYDUSWELL,2109.0,2109.95,2109.0,2109.95,8.0
2021-05-31 11:35:00,NSE:ZYDUSWELL,2110.0,2110.0,2109.5,2109.5,58.0
2021-05-31 11:40:00,NSE:ZYDUSWELL,2109.95,2109.95,2108.0,2108.0,73.0
2021-05-31 11:45:00,NSE:ZYDUSWELL,2109.7,2109.7,2105.05,2108.3,175.0
2021-05-31 11:50:00,NSE:ZYDUSWELL,2106.65,2108.85,2106.65,2106.85,362.0
2021-05-31 11:55:00,NSE:ZYDUSWELL,2108.55,2115.8,2108.0,2115.8,408.0
2021-05-31 12:00:00,NSE:ZYDUSWELL,2116.75,2116.75,2110.1,2111.25,278.0
2021-05-31 12:05:00,NSE:ZYDUSWELL,2111.25,2113.65,2111.25,2113.65,57.0
2021-05-31 12:10:00,NSE:ZYDUSWELL,2111.1,2113.55,2111.05,2111.3,70.0
2021-05-31 12:15:00,NSE:ZYDUSWELL,2113.8,2114.9,2112.35,2112.35,35.0
2021-05-31 12:20:00,NSE:ZYDUSWELL,2114.95,2114.95,2111.3,2111.3,546.0
2021-05-31 12:25:00,NSE:ZYDUSWELL,2114.5,2115.0,2111.7,2111.7,165.0
2021-05-31 12:30:00,NSE:ZYDUSWELL,2115.35,2115.35,2113.85,2113.85,216.0
2021-05-31 12:35:00,NSE:ZYDUSWELL,2112.45,2113.85,2097.1,2097.1,2330.0
2021-05-31 12:40:00,NSE:ZYDUSWELL,2099.9,2100.0,2097.05,2098.2,728.0
2021-05-31 12:45:00,NSE:ZYDUSWELL,2098.0,2100.0,2097.55,2100.0,323.0
2021-05-31 12:50:00,NSE:ZYDUSWELL,2100.0,2107.9,2100.0,2105.1,298.0
2021-05-31 12:55:00,NSE:ZYDUSWELL,2107.45,2107.6,2103.05,2104.25,70.0
2021-05-31 13:00:00,NSE:ZYDUSWELL,2106.45,2107.6,2104.05,2106.9,43.0
2021-05-31 13:05:00,NSE:ZYDUSWELL,2103.75,2106.85,2102.85,2103.25,53.0
2021-05-31 13:10:00,NSE:ZYDUSWELL,2103.0,2107.0,2103.0,2107.0,127.0
2021-05-31 13:15:00,NSE:ZYDUSWELL,2107.0,2107.0,2101.0,2105.0,1321.0
2021-05-31 13:20:00,NSE:ZYDUSWELL,2106.6,2106.65,2105.0,2106.5,82.0
2021-05-31 13:25:00,NSE:ZYDUSWELL,2106.5,2108.2,2106.5,2108.15,194.0
2021-05-31 13:30:00,NSE:ZYDUSWELL,2107.8,2108.8,2102.45,2105.0,726.0
2021-05-31 13:35:00,NSE:ZYDUSWELL,2106.6,2107.75,2106.6,2107.75,17.0
2021-05-31 13:40:00,NSE:ZYDUSWELL,2108.2,2108.2,2105.0,2107.0,69.0
2021-05-31 13:45:00,NSE:ZYDUSWELL,2107.75,2107.75,2105.0,2105.0,153.0
2021-05-31 13:50:00,NSE:ZYDUSWELL,2104.0,2106.95,2097.6,2097.6,2620.0
2021-05-31 13:55:00,NSE:ZYDUSWELL,2097.0,2099.45,2097.0,2098.0,554.0
2021-05-31 14:00:00,NSE:ZYDUSWELL,2097.0,2097.95,2097.0,2097.95,37.0
2021-05-31 14:05:00,NSE:ZYDUSWELL,2097.0,2097.95,2097.0,2097.95,201.0
2021-05-31 14:10:00,NSE:ZYDUSWELL,2097.0,2097.95,2096.0,2096.0,335.0
2021-05-31 14:15:00,NSE:ZYDUSWELL,2093.2,2095.9,2090.0,2094.9,856.0
2021-05-31 14:20:00,NSE:ZYDUSWELL,2094.9,2095.95,2094.05,2095.55,88.0
2021-05-31 14:25:00,NSE:ZYDUSWELL,2095.55,2102.35,2095.0,2100.8,191.0
2021-05-31 14:30:00,NSE:ZYDUSWELL,2099.05,2103.4,2099.05,2103.4,194.0
2021-05-31 14:35:00,NSE:ZYDUSWELL,2102.55,2109.8,2093.45,2105.5,2020.0
2021-05-31 14:40:00,NSE:ZYDUSWELL,2106.5,2107.0,2100.45,2102.3,108.0
2021-05-31 14:45:00,NSE:ZYDUSWELL,2102.3,2105.7,2101.75,2105.7,155.0
2021-05-31 14:50:00,NSE:ZYDUSWELL,2105.65,2105.65,2101.85,2103.75,51.0
2021-05-31 14:55:00,NSE:ZYDUSWELL,2103.8,2103.95,2096.75,2096.75,279.0
2021-05-31 15:00:00,NSE:ZYDUSWELL,2099.75,2103.8,2098.35,2101.7,77.0
2021-05-31 15:05:00,NSE:ZYDUSWELL,2099.5,2103.0,2099.5,2100.0,132.0
2021-05-31 15:10:00,NSE:ZYDUSWELL,2100.0,2105.0,2100.0,2105.0,469.0
2021-05-31 15:15:00,NSE:ZYDUSWELL,2104.05,2104.05,2090.9,2096.3,1467.0
2021-05-31 15:20:00,NSE:ZYDUSWELL,2099.9,2100.0,2092.3,2092.3,1058.0
2021-05-31 15:25:00,NSE:ZYDUSWELL,2092.3,2099.95,2092.0,2094.95,726.0
2021-05-31 15:40:00,NSE:ZYDUSWELL,2096.2,2096.2,2096.2,2096.2,2.0
2021-05-31 15:45:00,NSE:ZYDUSWELL,2096.2,2096.2,2096.2,2096.2,2.0
2021-05-31 15:55:00,NSE:ZYDUSWELL,2096.2,2096.2,2094.95,2096.2,56.0
2021-06-01 09:05:00,NSE:ZYDUSWELL,2096.2,2096.2,2096.2,2096.2,66.0
2021-06-01 09:15:00,NSE:ZYDUSWELL,2094.95,2100.0,2091.85,2099.0,848.0
2021-06-01 09:20:00,NSE:ZYDUSWELL,2098.0,2099.0,2091.75,2095.8,573.0
2021-06-01 09:25:00,NSE:ZYDUSWELL,2095.55,2098.9,2094.5,2098.0,105.0
2021-06-01 09:30:00,NSE:ZYDUSWELL,2097.25,2097.55,2093.4,2095.3,444.0
2021-06-01 09:35:00,NSE:ZYDUSWELL,2095.75,2095.8,2091.85,2093.1,211.0
2021-06-01 09:40:00,NSE:ZYDUSWELL,2094.85,2098.1,2093.4,2095.05,226.0
2021-06-01 09:45:00,NSE:ZYDUSWELL,2095.75,2097.35,2095.2,2095.2,160.0
2021-06-01 09:50:00,NSE:ZYDUSWELL,2095.2,2096.95,2091.8,2091.8,204.0
2021-06-01 09:55:00,NSE:ZYDUSWELL,2091.8,2094.55,2091.8,2094.45,64.0
2021-06-01 10:00:00,NSE:ZYDUSWELL,2094.45,2095.0,2091.8,2092.15,326.0
2021-06-01 10:05:00,NSE:ZYDUSWELL,2092.15,2094.3,2091.3,2092.7,304.0
2021-06-01 10:10:00,NSE:ZYDUSWELL,2091.6,2093.6,2089.0,2089.0,847.0
2021-06-01 10:15:00,NSE:ZYDUSWELL,2089.0,2091.65,2085.3,2085.6,628.0
2021-06-01 10:20:00,NSE:ZYDUSWELL,2086.0,2090.4,2085.05,2090.4,733.0
2021-06-01 10:25:00,NSE:ZYDUSWELL,2091.4,2092.3,2088.35,2089.0,255.0
2021-06-01 10:30:00,NSE:ZYDUSWELL,2089.95,2090.0,2088.5,2089.95,24.0
2021-06-01 10:35:00,NSE:ZYDUSWELL,2088.2,2090.0,2088.2,2090.0,21.0
2021-06-01 10:40:00,NSE:ZYDUSWELL,2089.7,2089.85,2089.7,2089.85,19.0
2021-06-01 10:45:00,NSE:ZYDUSWELL,2088.0,2089.05,2086.05,2089.05,325.0
2021-06-01 10:50:00,NSE:ZYDUSWELL,2090.5,2090.5,2086.0,2087.95,736.0
2021-06-01 10:55:00,NSE:ZYDUSWELL,2089.8,2091.75,2089.8,2091.75,24.0
2021-06-01 11:00:00,NSE:ZYDUSWELL,2088.85,2090.9,2088.1,2090.0,44.0
2021-06-01 11:05:00,NSE:ZYDUSWELL,2089.9,2090.0,2089.9,2089.9,19.0
2021-06-01 11:10:00,NSE:ZYDUSWELL,2087.1,2094.65,2087.1,2091.8,816.0
2021-06-01 11:15:00,NSE:ZYDUSWELL,2092.65,2094.55,2087.2,2089.75,207.0
2021-06-01 11:20:00,NSE:ZYDUSWELL,2094.0,2094.0,2086.05,2088.0,299.0
2021-06-01 11:25:00,NSE:ZYDUSWELL,2086.1,2088.0,2086.1,2086.4,106.0
2021-06-01 11:30:00,NSE:ZYDUSWELL,2089.45,2092.7,2089.45,2090.45,92.0
2021-06-01 11:35:00,NSE:ZYDUSWELL,2090.4,2091.95,2090.35,2091.95,64.0
2021-06-01 11:40:00,NSE:ZYDUSWELL,2090.0,2090.0,2087.35,2087.35,76.0
2021-06-01 11:45:00,NSE:ZYDUSWELL,2089.9,2094.3,2087.1,2094.3,137.0
2021-06-01 11:50:00,NSE:ZYDUSWELL,2089.7,2094.6,2088.0,2088.0,85.0
2021-06-01 11:55:00,NSE:ZYDUSWELL,2092.3,2092.3,2092.3,2092.3,70.0
2021-06-01 12:00:00,NSE:ZYDUSWELL,2090.35,2090.85,2085.15,2090.85,266.0
2021-06-01 12:05:00,NSE:ZYDUSWELL,2087.35,2091.8,2086.6,2087.85,276.0
2021-06-01 12:10:00,NSE:ZYDUSWELL,2089.95,2089.95,2088.55,2088.55,101.0
2021-06-01 12:15:00,NSE:ZYDUSWELL,2088.7,2089.95,2088.7,2089.95,53.0
2021-06-01 12:20:00,NSE:ZYDUSWELL,2089.95,2089.95,2087.75,2087.75,88.0
2021-06-01 12:25:00,NSE:ZYDUSWELL,2087.75,2087.95,2085.7,2087.5,54.0
2021-06-01 12:30:00,NSE:ZYDUSWELL,2085.0,2087.8,2085.0,2085.1,400.0
2021-06-01 12:35:00,NSE:ZYDUSWELL,2085.05,2085.1,2070.65,2075.6,2703.0
2021-06-01 12:40:00,NSE:ZYDUSWELL,2077.2,2079.7,2077.0,2079.7,115.0
2021-06-01 12:45:00,NSE:ZYDUSWELL,2079.6,2081.45,2064.3,2073.95,1480.0
2021-06-01 12:50:00,NSE:ZYDUSWELL,2074.4,2077.1,2067.75,2071.05,385.0
2021-06-01 12:55:00,NSE:ZYDUSWELL,2070.6,2076.9,2070.6,2076.45,203.0
2021-06-01 13:00:00,NSE:ZYDUSWELL,2079.95,2080.5,2069.0,2074.35,1128.0
2021-06-01 13:05:00,NSE:ZYDUSWELL,2074.55,2077.3,2074.45,2076.8,259.0
2021-06-01 13:10:00,NSE:ZYDUSWELL,2077.8,2081.95,2076.5,2081.0,57.0
2021-06-01 13:15:00,NSE:ZYDUSWELL,2081.4,2082.0,2079.35,2082.0,10.0
2021-06-01 13:20:00,NSE:ZYDUSWELL,2081.0,2082.6,2077.55,2078.25,59.0
2021-06-01 13:25:00,NSE:ZYDUSWELL,2078.05,2081.3,2077.1,2078.0,102.0
2021-06-01 13:30:00,NSE:ZYDUSWELL,2080.1,2083.85,2078.0,2083.0,304.0
2021-06-01 13:35:00,NSE:ZYDUSWELL,2081.0,2081.8,2077.95,2081.4,61.0
2021-06-01 13:40:00,NSE:ZYDUSWELL,2077.95,2080.75,2077.95,2080.0,115.0
2021-06-01 13:45:00,NSE:ZYDUSWELL,2080.95,2081.0,2080.9,2080.9,30.0
2021-06-01 13:50:00,NSE:ZYDUSWELL,2079.0,2080.95,2079.0,2080.95,13.0
2021-06-01 13:55:00,NSE:ZYDUSWELL,2081.0,2081.0,2080.9,2080.95,24.0
2021-06-01 14:00:00,NSE:ZYDUSWELL,2080.95,2080.95,2077.55,2079.7,167.0
2021-06-01 14:05:00,NSE:ZYDUSWELL,2079.85,2079.9,2077.95,2077.95,39.0
2021-06-01 14:10:00,NSE:ZYDUSWELL,2077.55,2079.25,2077.55,2079.0,51.0
2021-06-01 14:15:00,NSE:ZYDUSWELL,2078.95,2080.65,2077.0,2080.65,118.0
2021-06-01 14:20:00,NSE:ZYDUSWELL,2079.65,2084.75,2079.65,2084.7,49.0
2021-06-01 14:25:00,NSE:ZYDUSWELL,2083.0,2084.3,2081.0,2082.2,92.0
2021-06-01 14:30:00,NSE:ZYDUSWELL,2082.2,2084.0,2076.8,2080.55,203.0
2021-06-01 14:35:00,NSE:ZYDUSWELL,2081.1,2083.7,2080.25,2080.9,104.0
2021-06-01 14:40:00,NSE:ZYDUSWELL,2080.9,2082.25,2080.0,2081.75,43.0
2021-06-01 14:45:00,NSE:ZYDUSWELL,2081.75,2083.4,2080.7,2082.95,83.0
2021-06-01 14:50:00,NSE:ZYDUSWELL,2083.4,2083.7,2083.0,2083.7,181.0
2021-06-01 14:55:00,NSE:ZYDUSWELL,2083.7,2083.7,2080.95,2083.0,185.0
2021-06-01 15:00:00,NSE:ZYDUSWELL,2083.6,2083.6,2080.0,2083.25,239.0
2021-06-01 15:05:00,NSE:ZYDUSWELL,2082.45,2083.2,2076.7,2082.5,318.0
2021-06-01 15:10:00,NSE:ZYDUSWELL,2083.2,2083.2,2078.75,2079.75,679.0
2021-06-01 15:15:00,NSE:ZYDUSWELL,2078.6,2079.6,2076.0,2079.55,313.0
2021-06-01 15:20:00,NSE:ZYDUSWELL,2079.6,2079.6,2076.45,2078.95,383.0
2021-06-01 15:25:00,NSE:ZYDUSWELL,2077.0,2082.0,2076.0,2079.0,552.0
2021-06-01 15:45:00,NSE:ZYDUSWELL,2079.3,2079.3,2079.3,2079.3,5.0
2021-06-02 09:05:00,NSE:ZYDUSWELL,2079.0,2079.0,2079.0,2079.0,238.0
2021-06-02 09:15:00,NSE:ZYDUSWELL,2074.95,2074.95,2060.6,2071.5,969.0
2021-06-02 09:20:00,NSE:ZYDUSWELL,2073.75,2075.0,2072.75,2073.5,159.0
2021-06-02 09:25:00,NSE:ZYDUSWELL,2072.65,2077.8,2072.65,2072.75,577.0
2021-06-02 09:30:00,NSE:ZYDUSWELL,2070.65,2075.0,2070.4,2075.0,239.0
2021-06-02 09:35:00,NSE:ZYDUSWELL,2075.0,2080.0,2073.05,2079.85,210.0
2021-06-02 09:40:00,NSE:ZYDUSWELL,2080.0,2083.0,2079.7,2082.95,81.0
2021-06-02 09:45:00,NSE:ZYDUSWELL,2083.6,2085.0,2080.3,2085.0,481.0
2021-06-02 09:50:00,NSE:ZYDUSWELL,2085.0,2092.5,2082.8,2082.8,745.0
2021-06-02 09:55:00,NSE:ZYDUSWELL,2086.5,2092.5,2084.25,2091.9,162.0
2021-06-02 10:00:00,NSE:ZYDUSWELL,2086.8,2089.9,2085.15,2089.9,230.0
2021-06-02 10:05:00,NSE:ZYDUSWELL,2089.0,2091.9,2085.0,2085.0,231.0
2021-06-02 10:10:00,NSE:ZYDUSWELL,2087.45,2090.0,2087.4,2089.0,286.0
2021-06-02 10:15:00,NSE:ZYDUSWELL,2090.05,2091.6,2086.3,2086.3,205.0
2021-06-02 10:20:00,NSE:ZYDUSWELL,2086.3,2087.0,2077.25,2077.25,757.0
2021-06-02 10:25:00,NSE:ZYDUSWELL,2075.7,2087.3,2072.05,2084.75,120.0
2021-06-02 10:30:00,NSE:ZYDUSWELL,2079.5,2088.9,2079.5,2086.1,129.0
2021-06-02 10:35:00,NSE:ZYDUSWELL,2083.7,2085.0,2082.25,2084.2,107.0
2021-06-02 10:40:00,NSE:ZYDUSWELL,2081.95,2084.15,2081.95,2082.3,41.0
2021-06-02 10:45:00,NSE:ZYDUSWELL,2081.05,2085.0,2081.05,2085.0,22.0
2021-06-02 10:50:00,NSE:ZYDUSWELL,2083.4,2083.4,2079.35,2082.5,84.0
2021-06-02 10:55:00,NSE:ZYDUSWELL,2080.0,2081.95,2078.15,2079.75,70.0
2021-06-02 11:00:00,NSE:ZYDUSWELL,2077.1,2079.95,2075.1,2075.1,71.0
2021-06-02 11:05:00,NSE:ZYDUSWELL,2075.0,2075.0,2055.55,2060.0,2751.0
2021-06-02 11:10:00,NSE:ZYDUSWELL,2060.0,2069.7,2058.75,2066.95,964.0
2021-06-02 11:15:00,NSE:ZYDUSWELL,2067.0,2068.95,2060.6,2068.85,205.0
2021-06-02 11:20:00,NSE:ZYDUSWELL,2066.0,2069.5,2066.0,2069.5,136.0
2021-06-02 11:25:00,NSE:ZYDUSWELL,2068.0,2072.4,2068.0,2072.4,102.0
2021-06-02 11:30:00,NSE:ZYDUSWELL,2072.2,2073.9,2072.05,2073.8,124.0
2021-06-02 11:35:00,NSE:ZYDUSWELL,2072.2,2073.2,2069.1,2073.15,122.0
2021-06-02 11:40:00,NSE:ZYDUSWELL,2073.8,2073.8,2072.0,2073.0,165.0
2021-06-02 11:45:00,NSE:ZYDUSWELL,2070.45,2074.05,2070.45,2073.5,257.0
2021-06-02 11:50:00,NSE:ZYDUSWELL,2074.8,2074.95,2074.0,2074.95,14.0
2021-06-02 11:55:00,NSE:ZYDUSWELL,2074.0,2074.9,2074.0,2074.9,53.0
2021-06-02 12:00:00,NSE:ZYDUSWELL,2072.4,2074.9,2072.0,2072.0,82.0
2021-06-02 12:05:00,NSE:ZYDUSWELL,2072.0,2074.85,2070.8,2070.85,305.0
2021-06-02 12:10:00,NSE:ZYDUSWELL,2073.0,2074.0,2073.0,2074.0,30.0
2021-06-02 12:15:00,NSE:ZYDUSWELL,2072.05,2072.05,2072.05,2072.05,10.0
2021-06-02 12:20:00,NSE:ZYDUSWELL,2070.0,2074.25,2070.0,2074.25,111.0
2021-06-02 12:25:00,NSE:ZYDUSWELL,2074.15,2075.0,2072.6,2075.0,77.0
2021-06-02 12:30:00,NSE:ZYDUSWELL,2075.95,2079.45,2075.95,2079.1,113.0
2021-06-02 12:35:00,NSE:ZYDUSWELL,2079.35,2079.35,2075.6,2075.6,53.0
2021-06-02 12:40:00,NSE:ZYDUSWELL,2077.45,2077.45,2077.45,2077.45,2.0
2021-06-02 12:45:00,NSE:ZYDUSWELL,2077.45,2079.9,2077.0,2079.9,170.0
2021-06-02 12:50:00,NSE:ZYDUSWELL,2080.0,2082.3,2077.1,2082.3,202.0
2021-06-02 12:55:00,NSE:ZYDUSWELL,2083.0,2083.1,2080.0,2083.1,366.0
2021-06-02 13:00:00,NSE:ZYDUSWELL,2083.0,2088.0,2083.0,2086.0,264.0
2021-06-02 13:05:00,NSE:ZYDUSWELL,2086.05,2086.05,2078.4,2083.5,1275.0
2021-06-02 13:10:00,NSE:ZYDUSWELL,2081.6,2081.6,2078.55,2078.55,22.0
2021-06-02 13:15:00,NSE:ZYDUSWELL,2080.35,2080.7,2079.95,2079.95,42.0
2021-06-02 13:20:00,NSE:ZYDUSWELL,2080.0,2088.5,2080.0,2085.2,538.0
2021-06-02 13:25:00,NSE:ZYDUSWELL,2087.15,2087.9,2082.55,2082.85,15.0
2021-06-02 13:30:00,NSE:ZYDUSWELL,2084.05,2088.1,2083.7,2085.45,30.0
2021-06-02 13:35:00,NSE:ZYDUSWELL,2084.1,2084.1,2082.85,2083.4,145.0
2021-06-02 13:40:00,NSE:ZYDUSWELL,2083.45,2083.45,2077.9,2081.95,228.0
2021-06-02 13:45:00,NSE:ZYDUSWELL,2082.0,2089.25,2082.0,2086.0,361.0
2021-06-02 13:50:00,NSE:ZYDUSWELL,2086.0,2087.55,2082.25,2082.25,77.0
2021-06-02 13:55:00,NSE:ZYDUSWELL,2080.05,2086.3,2080.05,2086.3,270.0
2021-06-02 14:00:00,NSE:ZYDUSWELL,2084.05,2084.05,2075.2,2077.7,357.0
2021-06-02 14:05:00,NSE:ZYDUSWELL,2080.0,2080.0,2066.65,2068.75,1458.0
2021-06-02 14:10:00,NSE:ZYDUSWELL,2065.15,2069.65,2065.15,2069.1,176.0
2021-06-02 14:15:00,NSE:ZYDUSWELL,2069.45,2079.95,2069.0,2079.25,942.0
2021-06-02 14:20:00,NSE:ZYDUSWELL,2076.35,2084.55,2076.35,2082.15,69.0
2021-06-02 14:25:00,NSE:ZYDUSWELL,2084.4,2087.8,2082.3,2084.75,407.0
2021-06-02 14:30:00,NSE:ZYDUSWELL,2083.6,2084.7,2081.5,2083.85,34.0
2021-06-02 14:35:00,NSE:ZYDUSWELL,2081.5,2084.6,2081.0,2083.05,47.0
2021-06-02 14:40:00,NSE:ZYDUSWELL,2084.05,2085.0,2084.05,2085.0,10.0
2021-06-02 14:45:00,NSE:ZYDUSWELL,2085.0,2085.0,2085.0,2085.0,11.0
2021-06-02 14:50:00,NSE:ZYDUSWELL,2082.35,2084.0,2081.4,2084.0,85.0
2021-06-02 14:55:00,NSE:ZYDUSWELL,2081.5,2084.0,2066.7,2066.7,1300.0
2021-06-02 15:00:00,NSE:ZYDUSWELL,2067.85,2070.0,2065.0,2065.0,1611.0
2021-06-02 15:05:00,NSE:ZYDUSWELL,2065.0,2070.0,2065.0,2068.9,1351.0
2021-06-02 15:10:00,NSE:ZYDUSWELL,2070.0,2070.0,2069.3,2069.9,1397.0
2021-06-02 15:15:00,NSE:ZYDUSWELL,2069.9,2070.0,2069.7,2070.0,2493.0
2021-06-02 15:20:00,NSE:ZYDUSWELL,2069.95,2081.8,2069.85,2073.7,2935.0
2021-06-02 15:25:00,NSE:ZYDUSWELL,2073.7,2075.35,2060.0,2060.0,2113.0
2021-06-02 15:30:00,NSE:ZYDUSWELL,2060.0,2060.0,2060.0,2060.0,79.0
2021-06-02 15:45:00,NSE:ZYDUSWELL,2069.5,2069.5,2069.5,2069.5,1.0
2021-06-03 09:05:00,NSE:ZYDUSWELL,2070.95,2070.95,2070.95,2070.95,284.0
2021-06-03 09:15:00,NSE:ZYDUSWELL,2073.2,2079.95,2072.1,2075.0,249.0
2021-06-03 09:20:00,NSE:ZYDUSWELL,2072.1,2083.6,2072.0,2080.8,677.0
2021-06-03 09:25:00,NSE:ZYDUSWELL,2082.95,2082.95,2077.0,2081.3,273.0
2021-06-03 09:30:00,NSE:ZYDUSWELL,2081.8,2086.9,2079.45,2081.85,378.0
2021-06-03 09:35:00,NSE:ZYDUSWELL,2079.95,2087.95,2079.95,2082.0,412.0
2021-06-03 09:40:00,NSE:ZYDUSWELL,2081.1,2082.45,2077.05,2078.95,263.0
2021-06-03 09:45:00,NSE:ZYDUSWELL,2078.95,2083.6,2078.95,2081.0,441.0
2021-06-03 09:50:00,NSE:ZYDUSWELL,2083.0,2083.0,2080.0,2080.3,108.0
2021-06-03 09:55:00,NSE:ZYDUSWELL,2080.3,2080.4,2079.0,2080.4,397.0
2021-06-03 10:00:00,NSE:ZYDUSWELL,2077.9,2080.15,2076.05,2078.95,210.0
2021-06-03 10:05:00,NSE:ZYDUSWELL,2079.95,2083.5,2076.85,2083.5,148.0
2021-06-03 10:10:00,NSE:ZYDUSWELL,2083.25,2083.4,2082.5,2082.5,196.0
2021-06-03 10:15:00,NSE:ZYDUSWELL,2081.5,2083.0,2080.0,2082.0,178.0
2021-06-03 10:20:00,NSE:ZYDUSWELL,2082.85,2083.0,2080.7,2083.0,43.0
2021-06-03 10:25:00,NSE:ZYDUSWELL,2083.0,2088.8,2081.75,2087.95,338.0
2021-06-03 10:30:00,NSE:ZYDUSWELL,2086.05,2088.85,2086.0,2086.0,54.0
2021-06-03 10:35:00,NSE:ZYDUSWELL,2086.0,2088.35,2080.95,2082.4,612.0
2021-06-03 10:40:00,NSE:ZYDUSWELL,2085.45,2088.0,2085.45,2088.0,143.0
2021-06-03 10:45:00,NSE:ZYDUSWELL,2088.0,2088.0,2086.85,2086.85,176.0
2021-06-03 10:50:00,NSE:ZYDUSWELL,2086.85,2087.4,2083.1,2087.4,264.0
2021-06-03 10:55:00,NSE:ZYDUSWELL,2085.4,2095.0,2085.4,2094.95,608.0
2021-06-03 11:00:00,NSE:ZYDUSWELL,2095.0,2107.7,2095.0,2101.05,3285.0
2021-06-03 11:05:00,NSE:ZYDUSWELL,2101.85,2101.85,2080.35,2082.0,1162.0
2021-06-03 11:10:00,NSE:ZYDUSWELL,2082.0,2087.95,2078.95,2087.95,550.0
2021-06-03 11:15:00,NSE:ZYDUSWELL,2090.05,2092.15,2087.05,2087.05,354.0
2021-06-03 11:20:00,NSE:ZYDUSWELL,2089.0,2089.0,2085.5,2085.6,101.0
2021-06-03 11:25:00,NSE:ZYDUSWELL,2088.2,2088.2,2082.0,2086.2,881.0
2021-06-03 11:30:00,NSE:ZYDUSWELL,2084.05,2086.25,2082.55,2086.25,57.0
2021-06-03 11:35:00,NSE:ZYDUSWELL,2086.4,2086.4,2082.7,2082.7,77.0
2021-06-03 11:40:00,NSE:ZYDUSWELL,2085.45,2086.8,2084.85,2085.45,48.0
2021-06-03 11:45:00,NSE:ZYDUSWELL,2086.75,2095.5,2086.75,2091.0,516.0
2021-06-03 11:50:00,NSE:ZYDUSWELL,2090.9,2098.0,2089.65,2096.55,307.0
2021-06-03 11:55:00,NSE:ZYDUSWELL,2096.55,2097.95,2096.5,2097.0,150.0
2021-06-03 12:00:00,NSE:ZYDUSWELL,2097.0,2099.0,2096.5,2097.4,241.0
2021-06-03 12:05:00,NSE:ZYDUSWELL,2097.05,2098.95,2094.25,2094.25,337.0
2021-06-03 12:10:00,NSE:ZYDUSWELL,2092.25,2092.3,2090.8,2091.05,28.0
2021-06-03 12:15:00,NSE:ZYDUSWELL,2090.8,2091.4,2088.3,2088.3,38.0
2021-06-03 12:20:00,NSE:ZYDUSWELL,2090.0,2096.15,2089.55,2090.05,248.0
2021-06-03 12:25:00,NSE:ZYDUSWELL,2090.05,2090.05,2084.0,2084.05,209.0
2021-06-03 12:30:00,NSE:ZYDUSWELL,2084.05,2085.55,2080.1,2082.3,385.0
2021-06-03 12:35:00,NSE:ZYDUSWELL,2080.1,2085.8,2080.0,2081.6,267.0
2021-06-03 12:40:00,NSE:ZYDUSWELL,2080.0,2082.6,2076.0,2077.55,478.0
2021-06-03 12:45:00,NSE:ZYDUSWELL,2077.7,2079.5,2077.0,2077.0,154.0
2021-06-03 12:50:00,NSE:ZYDUSWELL,2077.0,2077.0,2075.0,2075.0,996.0
2021-06-03 12:55:00,NSE:ZYDUSWELL,2076.0,2076.8,2074.25,2076.8,279.0
2021-06-03 13:00:00,NSE:ZYDUSWELL,2076.75,2078.8,2073.3,2078.8,169.0
2021-06-03 13:05:00,NSE:ZYDUSWELL,2082.7,2085.8,2081.7,2085.0,179.0
2021-06-03 13:10:00,NSE:ZYDUSWELL,2086.35,2086.35,2080.15,2080.35,118.0
2021-06-03 13:15:00,NSE:ZYDUSWELL,2081.0,2082.0,2078.95,2081.85,159.0
2021-06-03 13:20:00,NSE:ZYDUSWELL,2082.9,2084.85,2082.9,2084.75,49.0
2021-06-03 13:25:00,NSE:ZYDUSWELL,2084.3,2084.3,2081.0,2081.6,112.0
2021-06-03 13:30:00,NSE:ZYDUSWELL,2084.35,2088.4,2084.35,2087.35,256.0
2021-06-03 13:35:00,NSE:ZYDUSWELL,2085.85,2088.25,2085.0,2087.55,62.0
2021-06-03 13:40:00,NSE:ZYDUSWELL,2087.6,2090.0,2085.2,2088.4,189.0
2021-06-03 13:45:00,NSE:ZYDUSWELL,2087.95,2089.35,2087.0,2089.15,108.0
2021-06-03 13:50:00,NSE:ZYDUSWELL,2086.15,2089.95,2085.8,2089.95,48.0
2021-06-03 13:55:00,NSE:ZYDUSWELL,2089.9,2089.95,2086.7,2089.0,136.0
2021-06-03 14:00:00,NSE:ZYDUSWELL,2085.8,2089.0,2085.8,2089.0,75.0
2021-06-03 14:05:00,NSE:ZYDUSWELL,2089.0,2089.0,2087.0,2087.0,236.0
2021-06-03 14:10:00,NSE:ZYDUSWELL,2085.0,2086.45,2085.0,2086.4,180.0
2021-06-03 14:15:00,NSE:ZYDUSWELL,2085.0,2086.25,2085.0,2086.2,17.0
2021-06-03 14:20:00,NSE:ZYDUSWELL,2086.25,2089.95,2086.25,2087.0,577.0
2021-06-03 14:25:00,NSE:ZYDUSWELL,2090.0,2090.0,2088.2,2088.2,28.0
2021-06-03 14:30:00,NSE:ZYDUSWELL,2087.75,2087.9,2084.55,2084.55,194.0
2021-06-03 14:35:00,NSE:ZYDUSWELL,2084.3,2084.3,2081.2,2081.75,121.0
2021-06-03 14:40:00,NSE:ZYDUSWELL,2084.75,2085.5,2082.05,2084.85,213.0
2021-06-03 14:45:00,NSE:ZYDUSWELL,2083.2,2083.2,2083.2,2083.2,20.0
2021-06-03 14:50:00,NSE:ZYDUSWELL,2081.95,2083.2,2081.55,2083.1,104.0
2021-06-03 14:55:00,NSE:ZYDUSWELL,2081.55,2086.0,2081.5,2086.0,343.0
2021-06-03 15:00:00,NSE:ZYDUSWELL,2083.9,2086.3,2081.9,2086.3,142.0
2021-06-03 15:05:00,NSE:ZYDUSWELL,2087.5,2087.5,2075.0,2084.95,893.0
2021-06-03 15:10:00,NSE:ZYDUSWELL,2083.05,2087.85,2081.3,2087.85,339.0
2021-06-03 15:15:00,NSE:ZYDUSWELL,2087.4,2089.85,2080.0,2088.05,313.0
2021-06-03 15:20:00,NSE:ZYDUSWELL,2088.0,2088.65,2080.1,2086.15,711.0
2021-06-03 15:25:00,NSE:ZYDUSWELL,2085.0,2088.0,2082.0,2085.0,636.0
2021-06-03 15:50:00,NSE:ZYDUSWELL,2083.75,2083.75,2083.75,2083.75,11.0
2021-06-04 09:05:00,NSE:ZYDUSWELL,2095.25,2095.25,2095.25,2095.25,127.0
2021-06-04 09:15:00,NSE:ZYDUSWELL,2095.25,2107.45,2089.05,2095.0,1199.0
2021-06-04 09:20:00,NSE:ZYDUSWELL,2097.1,2099.95,2095.05,2096.5,503.0
2021-06-04 09:25:00,NSE:ZYDUSWELL,2096.5,2096.95,2090.95,2093.35,1687.0
2021-06-04 09:30:00,NSE:ZYDUSWELL,2093.0,2096.35,2093.0,2096.1,91.0
2021-06-04 09:35:00,NSE:ZYDUSWELL,2096.1,2096.95,2093.25,2093.25,393.0
2021-06-04 09:40:00,NSE:ZYDUSWELL,2095.4,2096.55,2093.1,2096.3,75.0
2021-06-04 09:45:00,NSE:ZYDUSWELL,2096.5,2096.85,2092.0,2094.0,304.0
2021-06-04 09:50:00,NSE:ZYDUSWELL,2093.95,2096.0,2092.5,2096.0,111.0
2021-06-04 09:55:00,NSE:ZYDUSWELL,2096.0,2096.0,2092.15,2092.95,111.0
2021-06-04 10:00:00,NSE:ZYDUSWELL,2092.6,2094.9,2087.95,2088.0,265.0
2021-06-04 10:05:00,NSE:ZYDUSWELL,2088.75,2092.0,2088.05,2092.0,543.0
2021-06-04 10:10:00,NSE:ZYDUSWELL,2090.0,2091.45,2086.0,2086.7,358.0
2021-06-04 10:15:00,NSE:ZYDUSWELL,2087.1,2091.0,2086.65,2088.0,236.0
2021-06-04 10:20:00,NSE:ZYDUSWELL,2088.0,2090.0,2088.0,2088.25,134.0
2021-06-04 10:25:00,NSE:ZYDUSWELL,2090.0,2090.0,2090.0,2090.0,68.0
2021-06-04 10:30:00,NSE:ZYDUSWELL,2088.0,2090.0,2086.6,2089.55,352.0
2021-06-04 10:35:00,NSE:ZYDUSWELL,2089.55,2089.55,2087.65,2087.65,103.0
2021-06-04 10:40:00,NSE:ZYDUSWELL,2087.35,2089.5,2085.9,2087.75,299.0
2021-06-04 10:45:00,NSE:ZYDUSWELL,2085.2,2087.7,2082.35,2087.7,430.0
2021-06-04 10:50:00,NSE:ZYDUSWELL,2085.55,2085.55,2085.55,2085.55,21.0
2021-06-04 10:55:00,NSE:ZYDUSWELL,2087.75,2087.75,2086.15,2087.6,35.0
2021-06-04 11:00:00,NSE:ZYDUSWELL,2087.75,2087.75,2087.75,2087.75,4.0
2021-06-04 11:05:00,NSE:ZYDUSWELL,2087.6,2087.95,2080.0,2087.9,140411.0
2021-06-04 11:10:00,NSE:ZYDUSWELL,2092.45,2098.25,2092.45,2094.05,1298.0
2021-06-04 11:15:00,NSE:ZYDUSWELL,2092.65,2099.3,2089.5,2096.85,2953.0
2021-06-04 11:20:00,NSE:ZYDUSWELL,2093.95,2098.65,2093.95,2094.0,287.0
2021-06-04 11:25:00,NSE:ZYDUSWELL,2097.2,2098.05,2093.0,2094.9,135.0
2021-06-04 11:30:00,NSE:ZYDUSWELL,2091.0,2093.55,2091.0,2091.0,78.0
2021-06-04 11:35:00,NSE:ZYDUSWELL,2094.65,2094.65,2094.45,2094.45,29.0
2021-06-04 11:40:00,NSE:ZYDUSWELL,2092.15,2096.2,2082.1,2089.75,1322.0
2021-06-04 11:45:00,NSE:ZYDUSWELL,2087.05,2095.0,2087.05,2095.0,37.0
2021-06-04 11:50:00,NSE:ZYDUSWELL,2095.2,2095.2,2095.0,2095.0,40.0
2021-06-04 11:55:00,NSE:ZYDUSWELL,2091.0,2095.0,2088.25,2095.0,232.0
2021-06-04 12:00:00,NSE:ZYDUSWELL,2095.0,2098.65,2094.05,2094.05,238.0
2021-06-04 12:05:00,NSE:ZYDUSWELL,2094.9,2097.6,2094.05,2097.6,24.0
2021-06-04 12:10:00,NSE:ZYDUSWELL,2097.6,2097.6,2094.05,2096.55,61.0
2021-06-04 12:15:00,NSE:ZYDUSWELL,2095.55,2097.95,2095.55,2095.55,40.0
2021-06-04 12:20:00,NSE:ZYDUSWELL,2098.65,2098.65,2095.45,2096.85,225.0
2021-06-04 12:25:00,NSE:ZYDUSWELL,2094.75,2098.4,2090.2,2097.9,362.0
2021-06-04 12:30:00,NSE:ZYDUSWELL,2097.9,2097.9,2095.0,2095.0,22.0
2021-06-04 12:35:00,NSE:ZYDUSWELL,2095.0,2095.0,2093.0,2093.0,54.0
2021-06-04 12:40:00,NSE:ZYDUSWELL,2093.0,2094.65,2093.0,2094.65,76.0
2021-06-04 12:45:00,NSE:ZYDUSWELL,2094.65,2096.65,2094.65,2096.65,259.0
2021-06-04 12:50:00,NSE:ZYDUSWELL,2095.15,2098.7,2095.15,2095.65,28.0
2021-06-04 12:55:00,NSE:ZYDUSWELL,2101.65,2101.65,2097.65,2098.1,521.0
2021-06-04 13:00:00,NSE:ZYDUSWELL,2096.0,2096.0,2096.0,2096.0,50.0
2021-06-04 13:05:00,NSE:ZYDUSWELL,2097.55,2099.0,2096.05,2098.65,59.0
2021-06-04 13:10:00,NSE:ZYDUSWELL,2098.65,2098.65,2094.5,2094.5,121.0
2021-06-04 13:15:00,NSE:ZYDUSWELL,2095.65,2096.6,2095.65,2096.1,262.0
2021-06-04 13:20:00,NSE:ZYDUSWELL,2096.4,2096.9,2093.45,2093.7,73.0
2021-06-04 13:25:00,NSE:ZYDUSWELL,2093.65,2096.0,2093.65,2095.7,254.0
2021-06-04 13:30:00,NSE:ZYDUSWELL,2095.7,2095.7,2095.7,2095.7,101.0
2021-06-04 13:35:00,NSE:ZYDUSWELL,2095.7,2096.3,2094.3,2095.3,83.0
2021-06-04 13:40:00,NSE:ZYDUSWELL,2096.3,2096.95,2094.0,2094.0,518.0
2021-06-04 13:45:00,NSE:ZYDUSWELL,2095.25,2095.25,2095.25,2095.25,2.0
2021-06-04 13:50:00,NSE:ZYDUSWELL,2094.0,2095.9,2094.0,2095.9,76.0
2021-06-04 13:55:00,NSE:ZYDUSWELL,2092.5,2094.9,2092.5,2092.55,248.0
2021-06-04 14:00:00,NSE:ZYDUSWELL,2092.5,2093.95,2092.5,2093.95,101.0
2021-06-04 14:05:00,NSE:ZYDUSWELL,2092.5,2094.0,2092.5,2094.0,197.0
2021-06-04 14:10:00,NSE:ZYDUSWELL,2091.8,2093.4,2090.95,2093.4,126.0
2021-06-04 14:15:00,NSE:ZYDUSWELL,2093.65,2093.95,2093.65,2093.95,12.0
2021-06-04 14:20:00,NSE:ZYDUSWELL,2093.65,2093.9,2090.1,2091.9,51.0
2021-06-04 14:25:00,NSE:ZYDUSWELL,2090.1,2091.9,2090.05,2091.9,42.0
2021-06-04 14:30:00,NSE:ZYDUSWELL,2092.0,2092.0,2090.1,2091.95,49.0
2021-06-04 14:35:00,NSE:ZYDUSWELL,2090.05,2094.0,2090.05,2094.0,835.0
2021-06-04 14:40:00,NSE:ZYDUSWELL,2094.0,2094.0,2090.5,2090.5,137.0
2021-06-04 14:45:00,NSE:ZYDUSWELL,2091.05,2100.0,2090.65,2097.55,1389.0
2021-06-04 14:50:00,NSE:ZYDUSWELL,2097.0,2100.0,2097.0,2099.0,1824.0
2021-06-04 14:55:00,NSE:ZYDUSWELL,2099.0,2102.45,2095.05,2096.1,849.0
2021-06-04 15:00:00,NSE:ZYDUSWELL,2098.25,2102.0,2097.0,2097.45,751.0
2021-06-04 15:05:00,NSE:ZYDUSWELL,2099.9,2099.9,2095.15,2097.3,850.0
2021-06-04 15:10:00,NSE:ZYDUSWELL,2098.15,2099.95,2090.75,2096.65,730.0
2021-06-04 15:15:00,NSE:ZYDUSWELL,2097.0,2097.0,2091.55,2096.45,1031.0
2021-06-04 15:20:00,NSE:ZYDUSWELL,2097.0,2100.0,2096.95,2097.3,1573.0
2021-06-04 15:25:00,NSE:ZYDUSWELL,2097.95,2100.0,2090.05,2091.0,622.0
2021-06-04 15:40:00,NSE:ZYDUSWELL,2096.9,2096.9,2096.9,2096.9,2.0
2021-06-07 09:05:00,NSE:ZYDUSWELL,2117.0,2117.0,2117.0,2117.0,430.0
2021-06-07 09:15:00,NSE:ZYDUSWELL,2117.0,2125.0,2115.0,2118.75,3665.0
2021-06-07 09:20:00,NSE:ZYDUSWELL,2122.0,2123.95,2118.05,2121.95,867.0
2021-06-07 09:25:00,NSE:ZYDUSWELL,2121.95,2122.95,2119.0,2119.85,865.0
2021-06-07 09:30:00,NSE:ZYDUSWELL,2119.8,2119.8,2111.0,2111.0,1184.0
2021-06-07 09:35:00,NSE:ZYDUSWELL,2111.0,2117.0,2110.55,2117.0,710.0
2021-06-07 09:40:00,NSE:ZYDUSWELL,2117.0,2119.95,2115.5,2119.95,834.0
2021-06-07 09:45:00,NSE:ZYDUSWELL,2117.6,2124.0,2116.3,2121.7,962.0
2021-06-07 09:50:00,NSE:ZYDUSWELL,2121.95,2122.0,2118.0,2118.7,499.0
2021-06-07 09:55:00,NSE:ZYDUSWELL,2120.5,2124.9,2118.25,2122.15,837.0
2021-06-07 10:00:00,NSE:ZYDUSWELL,2122.2,2123.0,2118.1,2123.0,351.0
2021-06-07 10:05:00,NSE:ZYDUSWELL,2122.0,2122.75,2120.0,2120.5,223.0
2021-06-07 10:10:00,NSE:ZYDUSWELL,2120.55,2123.0,2119.0,2122.15,331.0
2021-06-07 10:15:00,NSE:ZYDUSWELL,2122.25,2123.0,2120.3,2122.95,269.0
2021-06-07 10:20:00,NSE:ZYDUSWELL,2121.15,2123.0,2118.1,2118.1,320.0
2021-06-07 10:25:00,NSE:ZYDUSWELL,2120.9,2122.0,2118.0,2121.45,211.0
2021-06-07 10:30:00,NSE:ZYDUSWELL,2121.0,2121.8,2117.05,2117.05,183.0
2021-06-07 10:35:00,NSE:ZYDUSWELL,2117.5,2117.5,2112.0,2112.0,1956.0
2021-06-07 10:40:00,NSE:ZYDUSWELL,2112.0,2114.35,2111.15,2114.0,599.0
2021-06-07 10:45:00,NSE:ZYDUSWELL,2112.5,2115.0,2112.3,2114.95,828.0
2021-06-07 10:50:00,NSE:ZYDUSWELL,2113.05,2115.0,2113.0,2115.0,1072.0
2021-06-07 10:55:00,NSE:ZYDUSWELL,2114.95,2115.0,2113.0,2113.0,168.0
2021-06-07 11:00:00,NSE:ZYDUSWELL,2113.05,2115.0,2112.6,2112.6,139.0
2021-06-07 11:05:00,NSE:ZYDUSWELL,2112.6,2114.65,2112.0,2112.35,180.0
2021-06-07 11:10:00,NSE:ZYDUSWELL,2112.15,2114.95,2112.1,2112.65,243.0
2021-06-07 11:15:00,NSE:ZYDUSWELL,2112.65,2115.0,2112.1,2115.0,217.0
2021-06-07 11:20:00,NSE:ZYDUSWELL,2114.05,2114.9,2110.95,2110.95,702.0
2021-06-07 11:25:00,NSE:ZYDUSWELL,2110.55,2113.2,2109.5,2110.3,460.0
2021-06-07 11:30:00,NSE:ZYDUSWELL,2110.0,2113.0,2109.0,2109.0,527.0
2021-06-07 11:35:00,NSE:ZYDUSWELL,2109.0,2113.0,2109.0,2112.9,300.0
2021-06-07 11:40:00,NSE:ZYDUSWELL,2110.05,2114.9,2109.05,2113.1,361.0
2021-06-07 11:45:00,NSE:ZYDUSWELL,2113.45,2115.0,2109.65,2111.0,707.0
2021-06-07 11:50:00,NSE:ZYDUSWELL,2111.0,2111.4,2109.0,2109.45,558.0
2021-06-07 11:55:00,NSE:ZYDUSWELL,2109.75,2111.45,2103.2,2106.85,1690.0
2021-06-07 12:00:00,NSE:ZYDUSWELL,2105.2,2106.05,2102.6,2105.75,750.0
2021-06-07 12:05:00,NSE:ZYDUSWELL,2105.0,2105.0,2101.35,2103.0,554.0
2021-06-07 12:10:00,NSE:ZYDUSWELL,2102.7,2105.0,2102.7,2103.1,322.0
2021-06-07 12:15:00,NSE:ZYDUSWELL,2103.2,2104.95,2101.95,2101.95,248.0
2021-06-07 12:20:00,NSE:ZYDUSWELL,2103.35,2104.95,2101.05,2101.05,444.0
2021-06-07 12:25:00,NSE:ZYDUSWELL,2101.55,2102.0,2100.1,2100.45,426.0
2021-06-07 12:30:00,NSE:ZYDUSWELL,2100.45,2103.85,2100.4,2100.45,432.0
2021-06-07 12:35:00,NSE:ZYDUSWELL,2100.95,2104.1,2100.45,2102.7,456.0
2021-06-07 12:40:00,NSE:ZYDUSWELL,2103.05,2103.75,2100.5,2101.35,251.0
2021-06-07 12:45:00,NSE:ZYDUSWELL,2101.45,2103.8,2100.55,2103.0,185.0
2021-06-07 12:50:00,NSE:ZYDUSWELL,2102.05,2107.7,2100.65,2102.0,444.0
2021-06-07 12:55:00,NSE:ZYDUSWELL,2102.0,2102.5,2100.4,2102.5,238.0
2021-06-07 13:00:00,NSE:ZYDUSWELL,2102.5,2103.75,2100.55,2101.05,288.0
2021-06-07 13:05:00,NSE:ZYDUSWELL,2101.1,2103.75,2100.55,2100.55,234.0
2021-06-07 13:10:00,NSE:ZYDUSWELL,2102.35,2103.5,2100.65,2102.0,332.0
2021-06-07 13:15:00,NSE:ZYDUSWELL,2102.0,2102.55,2100.65,2100.65,237.0
2021-06-07 13:20:00,NSE:ZYDUSWELL,2102.0,2102.95,2100.65,2100.7,434.0
2021-06-07 13:25:00,NSE:ZYDUSWELL,2101.4,2102.0,2100.4,2101.35,262.0
2021-06-07 13:30:00,NSE:ZYDUSWELL,2101.35,2102.0,2100.5,2100.7,218.0
2021-06-07 13:35:00,NSE:ZYDUSWELL,2102.0,2102.0,2100.5,2100.55,140.0
2021-06-07 13:40:00,NSE:ZYDUSWELL,2100.6,2102.0,2100.6,2102.0,1278.0
2021-06-07 13:45:00,NSE:ZYDUSWELL,2101.65,2102.0,2100.3,2100.3,289.0
2021-06-07 13:50:00,NSE:ZYDUSWELL,2101.35,2102.5,2100.3,2100.45,372.0
2021-06-07 13:55:00,NSE:ZYDUSWELL,2100.45,2105.55,2100.3,2104.0,758.0
2021-06-07 14:00:00,NSE:ZYDUSWELL,2102.6,2103.9,2100.3,2100.3,252.0
2021-06-07 14:05:00,NSE:ZYDUSWELL,2100.3,2104.05,2100.3,2100.35,343.0
2021-06-07 14:10:00,NSE:ZYDUSWELL,2102.75,2102.8,2100.5,2100.55,283.0
2021-06-07 14:15:00,NSE:ZYDUSWELL,2100.5,2104.3,2100.5,2101.25,352.0
2021-06-07 14:20:00,NSE:ZYDUSWELL,2101.25,2106.55,2101.0,2106.5,508.0
2021-06-07 14:25:00,NSE:ZYDUSWELL,2106.65,2107.75,2103.75,2104.5,754.0
2021-06-07 14:30:00,NSE:ZYDUSWELL,2103.95,2105.85,2101.7,2102.0,286.0
2021-06-07 14:35:00,NSE:ZYDUSWELL,2102.35,2104.3,2100.75,2100.75,355.0
2021-06-07 14:40:00,NSE:ZYDUSWELL,2102.9,2103.0,2098.0,2098.0,2117.0
2021-06-07 14:45:00,NSE:ZYDUSWELL,2097.05,2099.0,2097.05,2097.2,456.0
2021-06-07 14:50:00,NSE:ZYDUSWELL,2097.2,2099.0,2097.2,2098.0,538.0
2021-06-07 14:55:00,NSE:ZYDUSWELL,2098.0,2099.0,2097.2,2097.2,213.0
2021-06-07 15:00:00,NSE:ZYDUSWELL,2098.65,2103.1,2097.2,2100.0,1634.0
2021-06-07 15:05:00,NSE:ZYDUSWELL,2101.3,2107.75,2100.0,2100.0,690.0
2021-06-07 15:10:00,NSE:ZYDUSWELL,2100.0,2104.0,2100.0,2103.55,581.0
2021-06-07 15:15:00,NSE:ZYDUSWELL,2104.0,2107.45,2100.1,2102.55,1019.0
2021-06-07 15:20:00,NSE:ZYDUSWELL,2101.85,2105.3,2101.65,2103.0,1023.0
2021-06-07 15:25:00,NSE:ZYDUSWELL,2100.0,2103.0,2100.0,2100.0,1508.0
2021-06-07 15:30:00,NSE:ZYDUSWELL,2103.0,2103.0,2103.0,2103.0,10.0
2021-06-07 15:40:00,NSE:ZYDUSWELL,2101.55,2101.55,2101.55,2101.55,2.0
2021-06-08 09:05:00,NSE:ZYDUSWELL,2103.0,2103.0,2103.0,2103.0,28.0
2021-06-08 09:15:00,NSE:ZYDUSWELL,2103.4,2110.0,2103.3,2109.6,892.0
2021-06-08 09:20:00,NSE:ZYDUSWELL,2109.75,2110.0,2103.0,2108.9,678.0
2021-06-08 09:25:00,NSE:ZYDUSWELL,2105.9,2109.7,2101.75,2102.2,388.0
2021-06-08 09:30:00,NSE:ZYDUSWELL,2105.75,2105.75,2101.85,2103.05,149.0
2021-06-08 09:35:00,NSE:ZYDUSWELL,2103.4,2105.9,2101.0,2101.2,360.0
2021-06-08 09:40:00,NSE:ZYDUSWELL,2101.2,2101.2,2091.0,2091.0,933.0
2021-06-08 09:45:00,NSE:ZYDUSWELL,2091.0,2097.85,2091.0,2092.05,284.0
2021-06-08 09:50:00,NSE:ZYDUSWELL,2092.05,2095.0,2086.25,2086.25,1059.0
2021-06-08 09:55:00,NSE:ZYDUSWELL,2088.3,2089.5,2076.3,2081.0,1076.0
2021-06-08 10:00:00,NSE:ZYDUSWELL,2081.4,2088.7,2080.65,2084.55,774.0
2021-06-08 10:05:00,NSE:ZYDUSWELL,2081.65,2088.75,2081.65,2084.95,225.0
2021-06-08 10:10:00,NSE:ZYDUSWELL,2082.95,2085.0,2082.95,2084.6,109.0
2021-06-08 10:15:00,NSE:ZYDUSWELL,2085.45,2085.7,2083.0,2084.0,89.0
2021-06-08 10:20:00,NSE:ZYDUSWELL,2084.0,2088.0,2081.05,2081.05,590.0
2021-06-08 10:25:00,NSE:ZYDUSWELL,2082.1,2082.1,2077.0,2079.95,355.0
2021-06-08 10:30:00,NSE:ZYDUSWELL,2081.3,2082.95,2063.25,2078.35,3164.0
2021-06-08 10:35:00,NSE:ZYDUSWELL,2078.95,2082.2,2078.95,2081.7,248.0
2021-06-08 10:40:00,NSE:ZYDUSWELL,2081.75,2083.95,2081.7,2083.4,117.0
2021-06-08 10:45:00,NSE:ZYDUSWELL,2083.4,2083.4,2080.05,2080.1,134.0
2021-06-08 10:50:00,NSE:ZYDUSWELL,2080.05,2082.15,2078.05,2079.85,231.0
2021-06-08 10:55:00,NSE:ZYDUSWELL,2079.95,2079.95,2076.0,2077.5,184.0
2021-06-08 11:00:00,NSE:ZYDUSWELL,2079.75,2082.3,2077.95,2080.05,275.0
2021-06-08 11:05:00,NSE:ZYDUSWELL,2080.05,2083.45,2080.05,2082.6,166.0
2021-06-08 11:10:00,NSE:ZYDUSWELL,2082.6,2090.0,2082.6,2086.15,435.0
2021-06-08 11:15:00,NSE:ZYDUSWELL,2085.0,2085.3,2081.0,2081.0,213.0
2021-06-08 11:20:00,NSE:ZYDUSWELL,2080.05,2081.25,2079.9,2080.0,214.0
2021-06-08 11:25:00,NSE:ZYDUSWELL,2080.0,2081.3,2080.0,2080.0,172.0
2021-06-08 11:30:00,NSE:ZYDUSWELL,2080.0,2081.3,2078.95,2080.0,117.0
2021-06-08 11:35:00,NSE:ZYDUSWELL,2081.3,2084.3,2079.45,2082.0,251.0
2021-06-08 11:40:00,NSE:ZYDUSWELL,2082.0,2088.5,2080.0,2082.85,480.0
2021-06-08 11:45:00,NSE:ZYDUSWELL,2082.85,2085.6,2080.55,2084.85,380.0
2021-06-08 11:50:00,NSE:ZYDUSWELL,2084.2,2086.0,2083.05,2083.05,84.0
2021-06-08 11:55:00,NSE:ZYDUSWELL,2085.0,2085.0,2082.6,2084.8,166.0
2021-06-08 12:00:00,NSE:ZYDUSWELL,2082.6,2082.6,2078.0,2080.0,463.0
2021-06-08 12:05:00,NSE:ZYDUSWELL,2080.65,2081.9,2080.0,2080.0,126.0
2021-06-08 12:10:00,NSE:ZYDUSWELL,2080.0,2083.0,2079.9,2079.9,224.0
2021-06-08 12:15:00,NSE:ZYDUSWELL,2080.0,2080.0,2080.0,2080.0,151.0
2021-06-08 12:20:00,NSE:ZYDUSWELL,2080.0,2080.0,2078.0,2078.0,163.0
2021-06-08 12:25:00,NSE:ZYDUSWELL,2076.65,2079.5,2076.0,2077.0,311.0
2021-06-08 12:30:00,NSE:ZYDUSWELL,2077.0,2078.8,2076.5,2076.5,169.0
2021-06-08 12:35:00,NSE:ZYDUSWELL,2076.5,2082.55,2076.5,2079.35,594.0
2021-06-08 12:40:00,NSE:ZYDUSWELL,2079.35,2079.8,2076.6,2076.6,192.0
2021-06-08 12:45:00,NSE:ZYDUSWELL,2076.6,2080.0,2076.5,2076.5,268.0
2021-06-08 12:50:00,NSE:ZYDUSWELL,2076.4,2079.0,2076.4,2076.85,141.0
2021-06-08 12:55:00,NSE:ZYDUSWELL,2076.85,2084.55,2076.75,2079.0,499.0
2021-06-08 13:00:00,NSE:ZYDUSWELL,2079.0,2083.1,2079.0,2079.5,247.0
2021-06-08 13:05:00,NSE:ZYDUSWELL,2079.5,2082.2,2079.0,2079.15,148.0
2021-06-08 13:10:00,NSE:ZYDUSWELL,2079.15,2082.45,2077.2,2081.7,132.0
2021-06-08 13:15:00,NSE:ZYDUSWELL,2082.6,2083.4,2080.0,2080.95,164.0
2021-06-08 13:20:00,NSE:ZYDUSWELL,2080.95,2083.3,2080.7,2081.0,270.0
2021-06-08 13:25:00,NSE:ZYDUSWELL,2081.0,2084.4,2079.1,2080.4,284.0
2021-06-08 13:30:00,NSE:ZYDUSWELL,2080.6,2082.45,2079.3,2081.2,103.0
2021-06-08 13:35:00,NSE:ZYDUSWELL,2081.2,2083.0,2080.0,2082.6,277.0
2021-06-08 13:40:00,NSE:ZYDUSWELL,2080.05,2083.15,2079.15,2079.3,197.0
2021-06-08 13:45:00,NSE:ZYDUSWELL,2079.55,2083.4,2079.55,2081.1,269.0
2021-06-08 13:50:00,NSE:ZYDUSWELL,2081.1,2083.4,2079.0,2079.05,405.0
2021-06-08 13:55:00,NSE:ZYDUSWELL,2079.05,2081.5,2079.0,2079.9,130.0
2021-06-08 14:00:00,NSE:ZYDUSWELL,2079.9,2082.65,2079.0,2079.8,153.0
2021-06-08 14:05:00,NSE:ZYDUSWELL,2079.8,2081.95,2079.15,2080.05,137.0
2021-06-08 14:10:00,NSE:ZYDUSWELL,2080.1,2081.8,2079.05,2080.0,223.0
2021-06-08 14:15:00,NSE:ZYDUSWELL,2080.0,2083.4,2080.0,2080.05,369.0
2021-06-08 14:20:00,NSE:ZYDUSWELL,2080.05,2083.0,2078.8,2080.05,607.0
2021-06-08 14:25:00,NSE:ZYDUSWELL,2080.05,2083.0,2080.05,2080.8,229.0
2021-06-08 14:30:00,NSE:ZYDUSWELL,2080.8,2082.0,2079.6,2080.05,143.0
2021-06-08 14:35:00,NSE:ZYDUSWELL,2080.3,2082.0,2079.4,2079.5,341.0
2021-06-08 14:40:00,NSE:ZYDUSWELL,2079.5,2080.0,2077.45,2079.0,500.0
2021-06-08 14:45:00,NSE:ZYDUSWELL,2077.7,2079.0,2077.0,2077.9,306.0
2021-06-08 14:50:00,NSE:ZYDUSWELL,2078.95,2078.95,2076.0,2076.0,1097.0
2021-06-08 14:55:00,NSE:ZYDUSWELL,2077.0,2078.0,2075.1,2075.1,293.0
2021-06-08 15:00:00,NSE:ZYDUSWELL,2077.0,2078.75,2073.0,2077.0,1192.0
2021-06-08 15:05:00,NSE:ZYDUSWELL,2076.05,2076.15,2072.0,2074.05,543.0
2021-06-08 15:10:00,NSE:ZYDUSWELL,2074.2,2078.0,2073.55,2074.95,949.0
2021-06-08 15:15:00,NSE:ZYDUSWELL,2074.95,2076.0,2072.7,2075.05,561.0
2021-06-08 15:20:00,NSE:ZYDUSWELL,2076.0,2076.0,2073.0,2075.0,1069.0
2021-06-08 15:25:00,NSE:ZYDUSWELL,2074.1,2075.0,2072.0,2072.0,1678.0
2021-06-08 15:30:00,NSE:ZYDUSWELL,2072.0,2072.0,2072.0,2072.0,50.0
2021-06-08 15:40:00,NSE:ZYDUSWELL,2074.35,2074.35,2072.0,2072.0,50.0
2021-06-09 09:05:00,NSE:ZYDUSWELL,2084.95,2084.95,2084.95,2084.95,114.0
2021-06-09 09:15:00,NSE:ZYDUSWELL,2084.85,2084.9,2070.05,2082.0,474.0
2021-06-09 09:20:00,NSE:ZYDUSWELL,2080.3,2083.1,2075.0,2075.75,350.0
2021-06-09 09:25:00,NSE:ZYDUSWELL,2075.75,2083.7,2075.4,2083.0,408.0
2021-06-09 09:30:00,NSE:ZYDUSWELL,2081.85,2083.0,2078.05,2078.25,371.0
2021-06-09 09:35:00,NSE:ZYDUSWELL,2078.25,2081.2,2077.05,2081.0,349.0
2021-06-09 09:40:00,NSE:ZYDUSWELL,2081.15,2083.0,2078.05,2078.3,306.0
2021-06-09 09:45:00,NSE:ZYDUSWELL,2079.95,2080.0,2074.95,2075.55,687.0
2021-06-09 09:50:00,NSE:ZYDUSWELL,2075.55,2077.9,2075.0,2075.0,270.0
2021-06-09 09:55:00,NSE:ZYDUSWELL,2075.0,2075.1,2072.0,2072.05,1784.0
2021-06-09 10:00:00,NSE:ZYDUSWELL,2071.0,2074.9,2070.05,2072.75,231.0
2021-06-09 10:05:00,NSE:ZYDUSWELL,2072.75,2076.6,2072.1,2075.05,174.0
2021-06-09 10:10:00,NSE:ZYDUSWELL,2075.05,2078.0,2075.05,2075.55,184.0
2021-06-09 10:15:00,NSE:ZYDUSWELL,2075.55,2081.75,2075.55,2081.0,744.0
2021-06-09 10:20:00,NSE:ZYDUSWELL,2081.0,2084.95,2077.5,2077.5,601.0
2021-06-09 10:25:00,NSE:ZYDUSWELL,2079.25,2079.25,2075.55,2075.6,77.0
2021-06-09 10:30:00,NSE:ZYDUSWELL,2075.6,2078.35,2075.55,2076.3,159.0
2021-06-09 10:35:00,NSE:ZYDUSWELL,2076.3,2078.5,2076.1,2076.35,100.0
2021-06-09 10:40:00,NSE:ZYDUSWELL,2076.35,2078.45,2076.05,2078.4,89.0
2021-06-09 10:45:00,NSE:ZYDUSWELL,2076.55,2079.8,2076.5,2078.45,134.0
2021-06-09 10:50:00,NSE:ZYDUSWELL,2076.7,2077.0,2073.2,2073.2,410.0
2021-06-09 10:55:00,NSE:ZYDUSWELL,2073.2,2075.0,2073.2,2073.6,108.0
2021-06-09 11:00:00,NSE:ZYDUSWELL,2073.55,2075.0,2073.55,2074.25,253.0
2021-06-09 11:05:00,NSE:ZYDUSWELL,2074.25,2075.5,2074.25,2074.3,132.0
2021-06-09 11:10:00,NSE:ZYDUSWELL,2074.3,2076.0,2074.25,2074.3,215.0
2021-06-09 11:15:00,NSE:ZYDUSWELL,2074.3,2078.7,2074.3,2074.3,283.0
2021-06-09 11:20:00,NSE:ZYDUSWELL,2074.3,2076.95,2074.0,2074.05,128.0
2021-06-09 11:25:00,NSE:ZYDUSWELL,2074.15,2077.45,2074.15,2074.4,143.0
2021-06-09 11:30:00,NSE:ZYDUSWELL,2074.4,2074.55,2074.0,2074.1,118.0
2021-06-09 11:35:00,NSE:ZYDUSWELL,2074.1,2076.4,2074.0,2076.4,85.0
2021-06-09 11:40:00,NSE:ZYDUSWELL,2074.1,2075.9,2074.0,2074.05,103.0
2021-06-09 11:45:00,NSE:ZYDUSWELL,2076.0,2076.0,2074.0,2074.0,219.0
2021-06-09 11:50:00,NSE:ZYDUSWELL,2074.0,2076.0,2074.0,2074.05,351.0
2021-06-09 11:55:00,NSE:ZYDUSWELL,2074.05,2076.0,2074.0,2074.05,122.0
2021-06-09 12:00:00,NSE:ZYDUSWELL,2074.05,2081.05,2074.05,2080.25,738.0
2021-06-09 12:05:00,NSE:ZYDUSWELL,2078.25,2080.2,2077.2,2077.25,118.0
2021-06-09 12:10:00,NSE:ZYDUSWELL,2077.25,2079.75,2075.0,2077.85,350.0
2021-06-09 12:15:00,NSE:ZYDUSWELL,2075.05,2078.7,2075.05,2077.65,282.0
2021-06-09 12:20:00,NSE:ZYDUSWELL,2075.4,2078.4,2075.35,2077.95,99.0
2021-06-09 12:25:00,NSE:ZYDUSWELL,2076.2,2079.0,2075.35,2076.35,206.0
2021-06-09 12:30:00,NSE:ZYDUSWELL,2075.6,2081.2,2075.3,2077.1,972.0
2021-06-09 12:35:00,NSE:ZYDUSWELL,2077.1,2082.45,2075.3,2076.85,458.0
2021-06-09 12:40:00,NSE:ZYDUSWELL,2076.85,2079.25,2076.05,2076.05,101.0
2021-06-09 12:45:00,NSE:ZYDUSWELL,2076.05,2077.9,2075.3,2075.35,82.0
2021-06-09 12:50:00,NSE:ZYDUSWELL,2075.35,2079.65,2075.35,2077.0,110.0
2021-06-09 12:55:00,NSE:ZYDUSWELL,2077.0,2079.9,2076.1,2077.45,169.0
2021-06-09 13:00:00,NSE:ZYDUSWELL,2079.75,2080.0,2072.0,2072.0,1042.0
2021-06-09 13:05:00,NSE:ZYDUSWELL,2071.25,2071.25,2070.0,2070.0,1458.0
2021-06-09 13:10:00,NSE:ZYDUSWELL,2070.0,2075.8,2070.0,2070.25,333.0
2021-06-09 13:15:00,NSE:ZYDUSWELL,2069.2,2070.0,2069.0,2069.0,198.0
2021-06-09 13:20:00,NSE:ZYDUSWELL,2070.0,2070.75,2068.1,2070.0,81.0
2021-06-09 13:25:00,NSE:ZYDUSWELL,2070.0,2073.0,2070.0,2072.2,221.0
2021-06-09 13:30:00,NSE:ZYDUSWELL,2072.2,2072.2,2068.1,2068.1,232.0
2021-06-09 13:35:00,NSE:ZYDUSWELL,2068.1,2070.0,2068.1,2068.15,130.0
2021-06-09 13:40:00,NSE:ZYDUSWELL,2070.0,2070.0,2068.0,2070.0,158.0
2021-06-09 13:45:00,NSE:ZYDUSWELL,2069.85,2072.2,2069.85,2070.0,214.0
2021-06-09 13:50:00,NSE:ZYDUSWELL,2070.0,2070.0,2068.05,2069.9,170.0
2021-06-09 13:55:00,NSE:ZYDUSWELL,2069.0,2073.45,2069.0,2069.75,507.0
2021-06-09 14:00:00,NSE:ZYDUSWELL,2069.75,2070.0,2069.75,2070.0,28.0
2021-06-09 14:05:00,NSE:ZYDUSWELL,2070.0,2071.0,2069.75,2070.0,152.0
2021-06-09 14:10:00,NSE:ZYDUSWELL,2070.0,2070.0,2069.75,2069.75,46.0
2021-06-09 14:15:00,NSE:ZYDUSWELL,2069.75,2070.0,2068.95,2070.0,61.0
2021-06-09 14:20:00,NSE:ZYDUSWELL,2070.0,2070.0,2069.0,2069.0,135.0
2021-06-09 14:25:00,NSE:ZYDUSWELL,2070.0,2070.0,2070.0,2070.0,64.0
2021-06-09 14:30:00,NSE:ZYDUSWELL,2070.0,2070.0,2069.05,2070.0,48.0
2021-06-09 14:35:00,NSE:ZYDUSWELL,2069.95,2072.9,2069.0,2070.95,214.0
2021-06-09 14:40:00,NSE:ZYDUSWELL,2070.05,2070.5,2065.3,2065.3,525.0
2021-06-09 14:45:00,NSE:ZYDUSWELL,2065.0,2074.0,2065.0,2067.55,1020.0
2021-06-09 14:50:00,NSE:ZYDUSWELL,2069.4,2069.4,2066.0,2068.45,87.0
2021-06-09 14:55:00,NSE:ZYDUSWELL,2069.9,2070.0,2068.45,2070.0,27.0
2021-06-09 15:00:00,NSE:ZYDUSWELL,2072.0,2074.8,2067.05,2069.75,666.0
2021-06-09 15:05:00,NSE:ZYDUSWELL,2071.55,2073.4,2066.0,2067.0,463.0
2021-06-09 15:10:00,NSE:ZYDUSWELL,2067.0,2067.0,2061.5,2062.95,978.0
2021-06-09 15:15:00,NSE:ZYDUSWELL,2061.7,2067.6,2061.7,2065.35,995.0
2021-06-09 15:20:00,NSE:ZYDUSWELL,2064.0,2067.95,2063.45,2063.5,492.0
2021-06-09 15:25:00,NSE:ZYDUSWELL,2063.5,2065.0,2062.0,2063.0,706.0
2021-06-09 15:50:00,NSE:ZYDUSWELL,2065.75,2065.75,2065.75,2065.75,1.0
2021-06-10 09:05:00,NSE:ZYDUSWELL,2069.6,2069.6,2069.6,2069.6,155.0
2021-06-10 09:15:00,NSE:ZYDUSWELL,2070.15,2087.0,2070.15,2087.0,591.0
2021-06-10 09:20:00,NSE:ZYDUSWELL,2086.1,2086.1,2075.0,2078.65,470.0
2021-06-10 09:25:00,NSE:ZYDUSWELL,2078.6,2078.65,2072.6,2074.65,256.0
2021-06-10 09:30:00,NSE:ZYDUSWELL,2072.3,2075.5,2072.05,2074.35,89.0
2021-06-10 09:35:00,NSE:ZYDUSWELL,2074.35,2080.0,2071.0,2079.2,316.0
2021-06-10 09:40:00,NSE:ZYDUSWELL,2078.1,2079.75,2072.8,2074.05,325.0
2021-06-10 09:45:00,NSE:ZYDUSWELL,2074.05,2079.05,2072.55,2072.55,225.0
2021-06-10 09:50:00,NSE:ZYDUSWELL,2074.6,2076.7,2073.0,2073.9,123.0
2021-06-10 09:55:00,NSE:ZYDUSWELL,2074.0,2077.9,2072.55,2073.0,333.0
2021-06-10 10:00:00,NSE:ZYDUSWELL,2074.65,2074.65,2073.0,2073.0,47.0
2021-06-10 10:05:00,NSE:ZYDUSWELL,2074.0,2077.75,2073.0,2076.0,241.0
2021-06-10 10:10:00,NSE:ZYDUSWELL,2076.0,2078.2,2075.0,2078.1,163.0
2021-06-10 10:15:00,NSE:ZYDUSWELL,2076.0,2077.7,2075.0,2075.0,47.0
2021-06-10 10:20:00,NSE:ZYDUSWELL,2075.0,2077.3,2073.1,2075.1,40.0
2021-06-10 10:25:00,NSE:ZYDUSWELL,2075.1,2077.35,2073.0,2075.45,134.0
2021-06-10 10:30:00,NSE:ZYDUSWELL,2074.0,2077.35,2073.0,2076.0,137.0
2021-06-10 10:35:00,NSE:ZYDUSWELL,2076.0,2078.1,2074.05,2078.1,139.0
2021-06-10 10:40:00,NSE:ZYDUSWELL,2077.2,2077.2,2073.0,2076.15,306.0
2021-06-10 10:45:00,NSE:ZYDUSWELL,2074.15,2078.0,2074.15,2077.0,189.0
2021-06-10 10:50:00,NSE:ZYDUSWELL,2075.35,2079.95,2075.2,2079.95,216.0
2021-06-10 10:55:00,NSE:ZYDUSWELL,2079.6,2079.6,2076.0,2076.0,165.0
2021-06-10 11:00:00,NSE:ZYDUSWELL,2076.0,2080.0,2076.0,2077.0,379.0
2021-06-10 11:05:00,NSE:ZYDUSWELL,2077.0,2079.25,2075.6,2075.6,100.0
2021-06-10 11:10:00,NSE:ZYDUSWELL,2075.55,2077.7,2075.5,2075.5,30.0
2021-06-10 11:15:00,NSE:ZYDUSWELL,2075.5,2077.5,2075.5,2076.0,135.0
2021-06-10 11:20:00,NSE:ZYDUSWELL,2077.7,2077.7,2075.5,2075.5,183.0
2021-06-10 11:25:00,NSE:ZYDUSWELL,2075.5,2077.45,2075.5,2077.45,111.0
2021-06-10 11:30:00,NSE:ZYDUSWELL,2076.35,2077.45,2076.35,2077.0,69.0
2021-06-10 11:35:00,NSE:ZYDUSWELL,2076.35,2077.0,2076.35,2077.0,108.0
2021-06-10 11:40:00,NSE:ZYDUSWELL,2076.35,2077.0,2073.0,2073.0,430.0
2021-06-10 11:45:00,NSE:ZYDUSWELL,2073.05,2074.0,2073.05,2073.35,21.0
2021-06-10 11:50:00,NSE:ZYDUSWELL,2075.0,2076.0,2073.0,2073.0,372.0
2021-06-10 11:55:00,NSE:ZYDUSWELL,2074.55,2075.25,2073.05,2075.0,31.0
2021-06-10 12:00:00,NSE:ZYDUSWELL,2075.0,2076.1,2074.55,2075.0,70.0
2021-06-10 12:05:00,NSE:ZYDUSWELL,2074.25,2075.95,2074.25,2074.3,26.0
2021-06-10 12:10:00,NSE:ZYDUSWELL,2075.95,2077.45,2074.3,2075.0,197.0
2021-06-10 12:15:00,NSE:ZYDUSWELL,2075.0,2076.0,2074.3,2075.0,45.0
2021-06-10 12:20:00,NSE:ZYDUSWELL,2074.0,2075.0,2074.0,2074.0,27.0
2021-06-10 12:25:00,NSE:ZYDUSWELL,2075.0,2075.0,2074.0,2075.0,26.0
2021-06-10 12:30:00,NSE:ZYDUSWELL,2074.95,2076.6,2074.95,2075.25,258.0
2021-06-10 12:35:00,NSE:ZYDUSWELL,2075.25,2076.95,2075.0,2075.0,208.0
2021-06-10 12:40:00,NSE:ZYDUSWELL,2075.0,2075.05,2075.0,2075.0,162.0
2021-06-10 12:45:00,NSE:ZYDUSWELL,2075.0,2075.0,2074.0,2075.0,32.0
2021-06-10 12:50:00,NSE:ZYDUSWELL,2073.1,2077.45,2073.1,2077.45,49.0
2021-06-10 12:55:00,NSE:ZYDUSWELL,2076.0,2076.0,2075.0,2075.0,121.0
2021-06-10 13:00:00,NSE:ZYDUSWELL,2077.45,2077.45,2074.0,2074.05,216.0
2021-06-10 13:05:00,NSE:ZYDUSWELL,2074.1,2075.2,2074.0,2075.2,168.0
2021-06-10 13:10:00,NSE:ZYDUSWELL,2075.5,2076.65,2073.0,2075.4,99.0
2021-06-10 13:15:00,NSE:ZYDUSWELL,2076.9,2076.9,2073.85,2073.85,55.0
2021-06-10 13:20:00,NSE:ZYDUSWELL,2075.0,2076.4,2075.0,2076.25,40.0
2021-06-10 13:25:00,NSE:ZYDUSWELL,2074.5,2075.95,2073.0,2075.75,148.0
2021-06-10 13:30:00,NSE:ZYDUSWELL,2076.0,2076.25,2073.1,2076.25,447.0
2021-06-10 13:35:00,NSE:ZYDUSWELL,2076.25,2076.9,2073.0,2073.6,175.0
2021-06-10 13:40:00,NSE:ZYDUSWELL,2073.05,2074.45,2071.0,2071.55,250.0
2021-06-10 13:45:00,NSE:ZYDUSWELL,2071.55,2073.0,2071.0,2071.0,209.0
2021-06-10 13:50:00,NSE:ZYDUSWELL,2070.45,2071.0,2066.0,2067.2,672.0
2021-06-10 13:55:00,NSE:ZYDUSWELL,2067.3,2071.95,2066.95,2068.5,255.0
2021-06-10 14:00:00,NSE:ZYDUSWELL,2070.5,2070.5,2067.05,2067.05,268.0
2021-06-10 14:05:00,NSE:ZYDUSWELL,2067.05,2069.65,2067.0,2067.0,442.0
2021-06-10 14:10:00,NSE:ZYDUSWELL,2067.0,2069.7,2067.0,2067.0,168.0
2021-06-10 14:15:00,NSE:ZYDUSWELL,2067.0,2069.05,2066.0,2066.85,152.0
2021-06-10 14:20:00,NSE:ZYDUSWELL,2066.75,2069.55,2066.5,2066.5,151.0
2021-06-10 14:25:00,NSE:ZYDUSWELL,2067.1,2068.75,2066.3,2066.65,119.0
2021-06-10 14:30:00,NSE:ZYDUSWELL,2066.35,2068.65,2066.1,2068.4,153.0
2021-06-10 14:35:00,NSE:ZYDUSWELL,2066.35,2068.9,2066.0,2067.0,267.0
2021-06-10 14:40:00,NSE:ZYDUSWELL,2066.05,2067.45,2062.0,2063.0,888.0
2021-06-10 14:45:00,NSE:ZYDUSWELL,2062.5,2069.9,2062.0,2065.7,1183.0
2021-06-10 14:50:00,NSE:ZYDUSWELL,2064.0,2068.05,2062.4,2067.2,622.0
2021-06-10 14:55:00,NSE:ZYDUSWELL,2064.25,2066.95,2063.0,2064.35,163.0
2021-06-10 15:00:00,NSE:ZYDUSWELL,2063.15,2066.6,2063.1,2064.1,437.0
2021-06-10 15:05:00,NSE:ZYDUSWELL,2065.85,2066.5,2063.0,2063.05,478.0
2021-06-10 15:10:00,NSE:ZYDUSWELL,2063.0,2067.45,2062.5,2064.05,745.0
2021-06-10 15:15:00,NSE:ZYDUSWELL,2064.2,2066.9,2063.3,2065.85,323.0
2021-06-10 15:20:00,NSE:ZYDUSWELL,2064.2,2066.0,2063.0,2063.05,722.0
2021-06-10 15:25:00,NSE:ZYDUSWELL,2063.15,2087.0,2063.15,2070.0,2199.0
2021-06-10 15:30:00,NSE:ZYDUSWELL,2070.0,2070.0,2070.0,2070.0,10.0
2021-06-10 15:40:00,NSE:ZYDUSWELL,2069.8,2070.0,2069.8,2070.0,11.0
2021-06-11 09:05:00,NSE:ZYDUSWELL,2076.85,2076.85,2076.85,2076.85,65.0
2021-06-11 09:15:00,NSE:ZYDUSWELL,2076.85,2082.95,2063.1,2076.2,587.0
2021-06-11 09:20:00,NSE:ZYDUSWELL,2077.65,2078.3,2072.55,2078.3,275.0
2021-06-11 09:25:00,NSE:ZYDUSWELL,2074.2,2074.2,2070.95,2073.7,285.0
2021-06-11 09:30:00,NSE:ZYDUSWELL,2071.45,2073.0,2069.35,2069.35,338.0
2021-06-11 09:35:00,NSE:ZYDUSWELL,2069.05,2074.7,2069.05,2073.5,53.0
2021-06-11 09:40:00,NSE:ZYDUSWELL,2072.05,2074.05,2072.0,2072.0,59.0
2021-06-11 09:45:00,NSE:ZYDUSWELL,2072.0,2072.0,2068.9,2070.0,280.0
2021-06-11 09:50:00,NSE:ZYDUSWELL,2070.0,2070.0,2063.0,2064.9,429.0
2021-06-11 09:55:00,NSE:ZYDUSWELL,2062.1,2067.35,2062.1,2063.0,317.0
2021-06-11 10:00:00,NSE:ZYDUSWELL,2063.1,2063.1,2052.7,2058.7,2198.0
2021-06-11 10:05:00,NSE:ZYDUSWELL,2059.2,2060.05,2057.75,2057.75,343.0
2021-06-11 10:10:00,NSE:ZYDUSWELL,2058.0,2060.0,2057.75,2058.15,264.0
2021-06-11 10:15:00,NSE:ZYDUSWELL,2057.75,2059.6,2057.75,2059.6,217.0
2021-06-11 10:20:00,NSE:ZYDUSWELL,2059.9,2059.95,2057.75,2059.75,449.0
2021-06-11 10:25:00,NSE:ZYDUSWELL,2059.75,2059.9,2057.75,2059.7,385.0
2021-06-11 10:30:00,NSE:ZYDUSWELL,2059.7,2059.7,2057.05,2057.25,340.0
2021-06-11 10:35:00,NSE:ZYDUSWELL,2058.9,2058.9,2057.0,2058.1,52.0
2021-06-11 10:40:00,NSE:ZYDUSWELL,2058.1,2059.95,2056.0,2058.25,442.0
2021-06-11 10:45:00,NSE:ZYDUSWELL,2058.3,2059.0,2056.4,2058.0,210.0
2021-06-11 10:50:00,NSE:ZYDUSWELL,2059.0,2059.85,2056.5,2059.05,372.0
2021-06-11 10:55:00,NSE:ZYDUSWELL,2059.05,2059.05,2055.9,2055.9,394.0
2021-06-11 11:00:00,NSE:ZYDUSWELL,2055.0,2057.6,2053.0,2053.0,641.0
2021-06-11 11:05:00,NSE:ZYDUSWELL,2053.0,2058.05,2052.7,2052.8,998.0
2021-06-11 11:10:00,NSE:ZYDUSWELL,2055.0,2055.9,2052.8,2052.8,354.0
2021-06-11 11:15:00,NSE:ZYDUSWELL,2052.8,2056.1,2050.1,2050.1,1855.0
2021-06-11 11:20:00,NSE:ZYDUSWELL,2050.1,2052.25,2048.55,2050.0,4070.0
2021-06-11 11:25:00,NSE:ZYDUSWELL,2050.0,2050.0,2046.05,2048.2,1501.0
2021-06-11 11:30:00,NSE:ZYDUSWELL,2048.2,2049.9,2045.75,2045.75,1288.0
2021-06-11 11:35:00,NSE:ZYDUSWELL,2048.0,2048.85,2045.75,2047.75,1746.0
2021-06-11 11:40:00,NSE:ZYDUSWELL,2047.75,2050.0,2046.0,2048.05,1189.0
2021-06-11 11:45:00,NSE:ZYDUSWELL,2048.05,2049.9,2046.55,2047.2,667.0
2021-06-11 11:50:00,NSE:ZYDUSWELL,2047.15,2049.85,2046.05,2049.85,179.0
2021-06-11 11:55:00,NSE:ZYDUSWELL,2048.5,2054.95,2047.5,2047.5,996.0
2021-06-11 12:00:00,NSE:ZYDUSWELL,2048.5,2050.0,2047.1,2048.35,96.0
2021-06-11 12:05:00,NSE:ZYDUSWELL,2047.1,2049.95,2047.1,2048.5,87.0
2021-06-11 12:10:00,NSE:ZYDUSWELL,2048.5,2049.95,2047.95,2048.0,95.0
2021-06-11 12:15:00,NSE:ZYDUSWELL,2048.0,2049.95,2047.1,2049.45,124.0
2021-06-11 12:20:00,NSE:ZYDUSWELL,2047.7,2049.95,2047.1,2048.0,398.0
2021-06-11 12:25:00,NSE:ZYDUSWELL,2048.0,2049.0,2047.1,2048.9,45.0
2021-06-11 12:30:00,NSE:ZYDUSWELL,2048.9,2049.95,2047.15,2048.9,150.0
2021-06-11 12:35:00,NSE:ZYDUSWELL,2047.95,2049.8,2047.15,2049.45,83.0
2021-06-11 12:40:00,NSE:ZYDUSWELL,2047.0,2049.95,2047.0,2048.9,101.0
2021-06-11 12:45:00,NSE:ZYDUSWELL,2048.9,2049.95,2047.55,2047.55,222.0
2021-06-11 12:50:00,NSE:ZYDUSWELL,2048.9,2049.95,2047.65,2048.9,68.0
2021-06-11 12:55:00,NSE:ZYDUSWELL,2048.9,2049.95,2047.25,2048.0,218.0
2021-06-11 13:00:00,NSE:ZYDUSWELL,2048.0,2049.95,2046.0,2048.0,1195.0
2021-06-11 13:05:00,NSE:ZYDUSWELL,2048.0,2049.6,2046.9,2048.0,388.0
2021-06-11 13:10:00,NSE:ZYDUSWELL,2048.75,2049.75,2048.0,2048.15,459.0
2021-06-11 13:15:00,NSE:ZYDUSWELL,2048.2,2049.95,2048.1,2048.2,138.0
2021-06-11 13:20:00,NSE:ZYDUSWELL,2049.95,2049.95,2048.3,2048.3,49.0
2021-06-11 13:25:00,NSE:ZYDUSWELL,2048.35,2049.0,2048.1,2048.1,388.0
2021-06-11 13:30:00,NSE:ZYDUSWELL,2048.1,2048.9,2048.1,2048.2,69.0
2021-06-11 13:35:00,NSE:ZYDUSWELL,2048.2,2049.0,2048.2,2048.8,140.0
2021-06-11 13:40:00,NSE:ZYDUSWELL,2048.8,2050.0,2048.8,2049.0,351.0
2021-06-11 13:45:00,NSE:ZYDUSWELL,2049.0,2050.0,2049.0,2050.0,179.0
2021-06-11 13:50:00,NSE:ZYDUSWELL,2050.0,2050.0,2049.05,2049.5,153.0
2021-06-11 13:55:00,NSE:ZYDUSWELL,2049.2,2049.95,2047.5,2049.8,257.0
2021-06-11 14:00:00,NSE:ZYDUSWELL,2049.8,2049.95,2048.05,2048.05,115.0
2021-06-11 14:05:00,NSE:ZYDUSWELL,2049.0,2050.0,2046.3,2049.5,350.0
2021-06-11 14:10:00,NSE:ZYDUSWELL,2049.1,2052.0,2049.0,2049.0,803.0
2021-06-11 14:15:00,NSE:ZYDUSWELL,2049.0,2049.35,2049.0,2049.0,38.0
2021-06-11 14:20:00,NSE:ZYDUSWELL,2049.0,2049.45,2049.0,2049.35,187.0
2021-06-11 14:25:00,NSE:ZYDUSWELL,2049.0,2050.0,2048.3,2050.0,217.0
2021-06-11 14:30:00,NSE:ZYDUSWELL,2049.15,2050.0,2049.0,2050.0,316.0
2021-06-11 14:35:00,NSE:ZYDUSWELL,2049.95,2050.0,2049.0,2049.0,235.0
2021-06-11 14:40:00,NSE:ZYDUSWELL,2049.0,2050.0,2047.0,2050.0,245.0
2021-06-11 14:45:00,NSE:ZYDUSWELL,2049.5,2050.0,2049.0,2049.1,111.0
2021-06-11 14:50:00,NSE:ZYDUSWELL,2049.1,2050.0,2049.0,2049.1,636.0
2021-06-11 14:55:00,NSE:ZYDUSWELL,2049.05,2053.2,2048.95,2049.0,624.0
2021-06-11 15:00:00,NSE:ZYDUSWELL,2049.0,2050.0,2049.0,2049.55,265.0
2021-06-11 15:05:00,NSE:ZYDUSWELL,2049.95,2050.0,2049.55,2050.0,580.0
2021-06-11 15:10:00,NSE:ZYDUSWELL,2050.0,2050.8,2049.0,2049.05,572.0
2021-06-11 15:15:00,NSE:ZYDUSWELL,2050.0,2050.4,2044.4,2047.0,3936.0
2021-06-11 15:20:00,NSE:ZYDUSWELL,2044.8,2048.0,2044.7,2048.0,804.0
2021-06-11 15:25:00,NSE:ZYDUSWELL,2048.0,2058.0,2044.05,2047.0,1692.0
2021-06-11 15:40:00,NSE:ZYDUSWELL,2046.95,2046.95,2046.95,2046.95,2.0
2021-06-14 09:05:00,NSE:ZYDUSWELL,2057.7,2057.7,2057.7,2057.7,104.0
2021-06-14 09:15:00,NSE:ZYDUSWELL,2057.65,2057.65,2050.0,2052.45,420.0
2021-06-14 09:20:00,NSE:ZYDUSWELL,2050.5,2053.7,2014.0,2027.1,2382.0
2021-06-14 09:25:00,NSE:ZYDUSWELL,2023.35,2032.85,2021.0,2029.95,1333.0
2021-06-14 09:30:00,NSE:ZYDUSWELL,2027.05,2028.6,2024.9,2028.1,1066.0
2021-06-14 09:35:00,NSE:ZYDUSWELL,2026.75,2039.0,2026.75,2039.0,460.0
2021-06-14 09:40:00,NSE:ZYDUSWELL,2037.5,2041.1,2037.5,2038.1,186.0
2021-06-14 09:45:00,NSE:ZYDUSWELL,2038.1,2042.8,2038.0,2042.8,127.0
2021-06-14 09:50:00,NSE:ZYDUSWELL,2040.75,2045.85,2038.65,2042.05,278.0
2021-06-14 09:55:00,NSE:ZYDUSWELL,2046.95,2048.4,2040.05,2045.95,584.0
2021-06-14 10:00:00,NSE:ZYDUSWELL,2041.95,2042.85,2035.55,2035.55,435.0
2021-06-14 10:05:00,NSE:ZYDUSWELL,2035.2,2038.85,2035.0,2037.9,93.0
2021-06-14 10:10:00,NSE:ZYDUSWELL,2038.0,2039.9,2035.2,2038.6,140.0
2021-06-14 10:15:00,NSE:ZYDUSWELL,2036.0,2038.9,2031.05,2037.0,417.0
2021-06-14 10:20:00,NSE:ZYDUSWELL,2037.0,2038.85,2031.2,2031.2,227.0
2021-06-14 10:25:00,NSE:ZYDUSWELL,2031.2,2037.3,2031.2,2035.9,121.0
2021-06-14 10:30:00,NSE:ZYDUSWELL,2037.35,2037.35,2032.7,2034.7,78.0
2021-06-14 10:35:00,NSE:ZYDUSWELL,2032.7,2039.6,2032.7,2037.1,243.0
2021-06-14 10:40:00,NSE:ZYDUSWELL,2037.75,2040.9,2037.1,2038.55,158.0
2021-06-14 10:45:00,NSE:ZYDUSWELL,2038.55,2040.45,2036.4,2036.4,180.0
2021-06-14 10:50:00,NSE:ZYDUSWELL,2035.6,2037.9,2035.0,2036.4,200.0
2021-06-14 10:55:00,NSE:ZYDUSWELL,2035.55,2037.85,2034.8,2034.8,100.0
2021-06-14 11:00:00,NSE:ZYDUSWELL,2034.8,2037.45,2034.8,2037.45,117.0
2021-06-14 11:05:00,NSE:ZYDUSWELL,2035.0,2038.45,2035.0,2035.45,149.0
2021-06-14 11:10:00,NSE:ZYDUSWELL,2037.0,2037.8,2035.3,2037.8,32.0
2021-06-14 11:15:00,NSE:ZYDUSWELL,2038.65,2040.0,2038.65,2040.0,125.0
2021-06-14 11:20:00,NSE:ZYDUSWELL,2040.0,2045.0,2038.2,2045.0,367.0
2021-06-14 11:25:00,NSE:ZYDUSWELL,2043.4,2045.1,2042.65,2042.65,286.0
2021-06-14 11:30:00,NSE:ZYDUSWELL,2044.15,2045.55,2039.95,2040.0,226.0
2021-06-14 11:35:00,NSE:ZYDUSWELL,2039.95,2043.9,2039.95,2040.05,88.0
2021-06-14 11:40:00,NSE:ZYDUSWELL,2043.5,2044.0,2040.45,2040.45,193.0
2021-06-14 11:45:00,NSE:ZYDUSWELL,2040.1,2040.1,2040.1,2040.1,15.0
2021-06-14 11:50:00,NSE:ZYDUSWELL,2042.4,2043.0,2040.4,2040.4,10.0
2021-06-14 11:55:00,NSE:ZYDUSWELL,2042.95,2042.95,2040.0,2040.0,300.0
2021-06-14 12:00:00,NSE:ZYDUSWELL,2042.45,2044.0,2042.45,2043.05,127.0
2021-06-14 12:05:00,NSE:ZYDUSWELL,2045.4,2045.4,2042.0,2044.0,57.0
2021-06-14 12:10:00,NSE:ZYDUSWELL,2043.1,2045.0,2042.55,2042.55,173.0
2021-06-14 12:15:00,NSE:ZYDUSWELL,2045.95,2045.95,2045.0,2045.0,127.0
2021-06-14 12:20:00,NSE:ZYDUSWELL,2045.0,2045.0,2042.6,2045.0,47.0
2021-06-14 12:25:00,NSE:ZYDUSWELL,2042.6,2046.35,2042.6,2044.95,234.0
2021-06-14 12:30:00,NSE:ZYDUSWELL,2043.55,2043.55,2043.55,2043.55,4.0
2021-06-14 12:35:00,NSE:ZYDUSWELL,2043.05,2043.05,2042.6,2042.6,24.0
2021-06-14 12:40:00,NSE:ZYDUSWELL,2045.7,2046.0,2043.65,2044.15,48.0
2021-06-14 12:45:00,NSE:ZYDUSWELL,2046.6,2048.0,2045.45,2048.0,62.0
2021-06-14 12:50:00,NSE:ZYDUSWELL,2048.0,2048.0,2047.35,2047.35,19.0
2021-06-14 12:55:00,NSE:ZYDUSWELL,2047.4,2051.8,2047.35,2051.8,661.0
2021-06-14 13:00:00,NSE:ZYDUSWELL,2053.2,2061.45,2053.2,2059.55,913.0
2021-06-14 13:05:00,NSE:ZYDUSWELL,2059.9,2060.0,2055.05,2057.0,82.0
2021-06-14 13:10:00,NSE:ZYDUSWELL,2055.25,2055.25,2051.8,2055.0,344.0
2021-06-14 13:15:00,NSE:ZYDUSWELL,2052.95,2054.9,2050.0,2052.2,719.0
2021-06-14 13:20:00,NSE:ZYDUSWELL,2052.2,2052.55,2047.5,2047.5,760.0
2021-06-14 13:25:00,NSE:ZYDUSWELL,2045.0,2046.0,2041.35,2044.75,116.0
2021-06-14 13:30:00,NSE:ZYDUSWELL,2044.75,2044.8,2040.1,2040.1,43.0
2021-06-14 13:35:00,NSE:ZYDUSWELL,2041.95,2043.6,2040.1,2041.2,99.0
2021-06-14 13:40:00,NSE:ZYDUSWELL,2046.25,2046.25,2046.05,2046.05,4.0
2021-06-14 13:45:00,NSE:ZYDUSWELL,2043.05,2049.5,2043.05,2047.95,81.0
2021-06-14 13:50:00,NSE:ZYDUSWELL,2049.85,2050.0,2047.55,2047.55,88.0
2021-06-14 13:55:00,NSE:ZYDUSWELL,2048.15,2048.15,2041.55,2045.4,139.0
2021-06-14 14:00:00,NSE:ZYDUSWELL,2048.15,2050.0,2047.85,2050.0,237.0
2021-06-14 14:05:00,NSE:ZYDUSWELL,2050.95,2051.0,2047.05,2047.05,533.0
2021-06-14 14:10:00,NSE:ZYDUSWELL,2049.65,2050.05,2045.45,2045.45,358.0
2021-06-14 14:15:00,NSE:ZYDUSWELL,2044.75,2046.95,2041.3,2043.8,45.0
2021-06-14 14:20:00,NSE:ZYDUSWELL,2046.15,2050.0,2046.05,2049.95,679.0
2021-06-14 14:25:00,NSE:ZYDUSWELL,2050.0,2050.0,2043.0,2043.05,372.0
2021-06-14 14:30:00,NSE:ZYDUSWELL,2044.4,2045.2,2043.0,2043.0,41.0
2021-06-14 14:35:00,NSE:ZYDUSWELL,2041.0,2043.3,2040.2,2043.0,61.0
2021-06-14 14:40:00,NSE:ZYDUSWELL,2042.0,2043.0,2041.1,2041.2,47.0
2021-06-14 14:45:00,NSE:ZYDUSWELL,2045.25,2046.9,2044.55,2044.55,224.0
2021-06-14 14:50:00,NSE:ZYDUSWELL,2044.0,2044.0,2041.55,2041.55,31.0
2021-06-14 14:55:00,NSE:ZYDUSWELL,2043.8,2045.0,2042.0,2043.0,144.0
2021-06-14 15:00:00,NSE:ZYDUSWELL,2045.0,2045.0,2042.35,2042.8,212.0
2021-06-14 15:05:00,NSE:ZYDUSWELL,2044.15,2045.95,2040.05,2045.95,434.0
2021-06-14 15:10:00,NSE:ZYDUSWELL,2046.9,2049.9,2045.1,2045.1,278.0
2021-06-14 15:15:00,NSE:ZYDUSWELL,2045.0,2048.3,2038.7,2040.0,436.0
2021-06-14 15:20:00,NSE:ZYDUSWELL,2043.95,2049.0,2042.0,2049.0,707.0
2021-06-14 15:25:00,NSE:ZYDUSWELL,2049.0,2049.9,2043.0,2049.9,302.0
2021-06-14 15:40:00,NSE:ZYDUSWELL,2044.7,2044.7,2044.7,2044.7,25.0
2021-06-15 09:05:00,NSE:ZYDUSWELL,2055.0,2055.0,2055.0,2055.0,27.0
2021-06-15 09:15:00,NSE:ZYDUSWELL,2060.0,2060.0,2052.5,2055.45,424.0
2021-06-15 09:20:00,NSE:ZYDUSWELL,2055.4,2056.2,2050.25,2051.25,394.0
2021-06-15 09:25:00,NSE:ZYDUSWELL,2050.9,2053.0,2048.0,2049.7,176.0
2021-06-15 09:30:00,NSE:ZYDUSWELL,2049.7,2049.7,2045.0,2049.0,181.0
2021-06-15 09:35:00,NSE:ZYDUSWELL,2048.0,2048.0,2041.0,2043.55,278.0
2021-06-15 09:40:00,NSE:ZYDUSWELL,2044.9,2050.95,2042.1,2046.1,666.0
2021-06-15 09:45:00,NSE:ZYDUSWELL,2045.05,2047.45,2043.75,2047.35,184.0
2021-06-15 09:50:00,NSE:ZYDUSWELL,2047.6,2049.95,2043.0,2044.9,159.0
2021-06-15 09:55:00,NSE:ZYDUSWELL,2043.8,2046.2,2043.55,2044.0,74.0
2021-06-15 10:00:00,NSE:ZYDUSWELL,2046.8,2047.55,2045.0,2047.55,107.0
2021-06-15 10:05:00,NSE:ZYDUSWELL,2047.0,2047.6,2045.05,2045.05,199.0
2021-06-15 10:10:00,NSE:ZYDUSWELL,2045.1,2047.6,2043.95,2043.95,109.0
2021-06-15 10:15:00,NSE:ZYDUSWELL,2046.45,2046.45,2043.8,2045.95,40.0
2021-06-15 10:20:00,NSE:ZYDUSWELL,2043.85,2052.25,2043.85,2050.0,751.0
2021-06-15 10:25:00,NSE:ZYDUSWELL,2050.0,2050.0,2046.3,2048.8,210.0
2021-06-15 10:30:00,NSE:ZYDUSWELL,2048.55,2049.95,2047.0,2048.7,101.0
2021-06-15 10:35:00,NSE:ZYDUSWELL,2047.0,2049.85,2043.0,2043.0,440.0
2021-06-15 10:40:00,NSE:ZYDUSWELL,2043.0,2051.0,2042.1,2044.3,889.0
2021-06-15 10:45:00,NSE:ZYDUSWELL,2043.75,2043.75,2040.05,2040.05,532.0
2021-06-15 10:50:00,NSE:ZYDUSWELL,2040.1,2042.2,2036.0,2038.75,1039.0
2021-06-15 10:55:00,NSE:ZYDUSWELL,2038.7,2040.0,2034.75,2038.85,410.0
2021-06-15 11:00:00,NSE:ZYDUSWELL,2039.95,2040.0,2039.0,2039.0,81.0
2021-06-15 11:05:00,NSE:ZYDUSWELL,2038.0,2040.0,2036.15,2040.0,168.0
2021-06-15 11:10:00,NSE:ZYDUSWELL,2039.0,2040.0,2035.1,2039.05,318.0
2021-06-15 11:15:00,NSE:ZYDUSWELL,2036.05,2039.95,2036.05,2039.8,91.0
2021-06-15 11:20:00,NSE:ZYDUSWELL,2037.1,2039.6,2036.05,2039.6,113.0
2021-06-15 11:25:00,NSE:ZYDUSWELL,2039.95,2040.0,2037.8,2038.3,197.0
2021-06-15 11:30:00,NSE:ZYDUSWELL,2038.55,2040.0,2037.05,2037.8,397.0
2021-06-15 11:35:00,NSE:ZYDUSWELL,2039.25,2039.25,2035.0,2038.75,336.0
2021-06-15 11:40:00,NSE:ZYDUSWELL,2036.5,2036.95,2032.55,2036.1,568.0
2021-06-15 11:45:00,NSE:ZYDUSWELL,2037.3,2039.45,2035.65,2039.45,263.0
2021-06-15 11:50:00,NSE:ZYDUSWELL,2039.4,2040.0,2033.0,2036.15,438.0
2021-06-15 11:55:00,NSE:ZYDUSWELL,2036.1,2044.95,2035.05,2040.0,3096.0
2021-06-15 12:00:00,NSE:ZYDUSWELL,2040.0,2045.05,2040.0,2045.0,630.0
2021-06-15 12:05:00,NSE:ZYDUSWELL,2045.0,2056.1,2040.05,2056.1,1457.0
2021-06-15 12:10:00,NSE:ZYDUSWELL,2060.0,2060.0,2045.1,2045.1,1128.0
2021-06-15 12:15:00,NSE:ZYDUSWELL,2045.0,2046.15,2041.05,2041.05,362.0
2021-06-15 12:20:00,NSE:ZYDUSWELL,2041.1,2043.2,2038.75,2038.75,271.0
2021-06-15 12:25:00,NSE:ZYDUSWELL,2038.75,2040.0,2037.0,2040.0,142.0
2021-06-15 12:30:00,NSE:ZYDUSWELL,2040.0,2040.0,2037.05,2040.0,257.0
2021-06-15 12:35:00,NSE:ZYDUSWELL,2040.0,2040.1,2038.05,2038.05,132.0
2021-06-15 12:40:00,NSE:ZYDUSWELL,2037.55,2040.0,2037.0,2037.55,299.0
2021-06-15 12:45:00,NSE:ZYDUSWELL,2037.55,2040.0,2036.5,2036.75,84.0
2021-06-15 12:50:00,NSE:ZYDUSWELL,2038.65,2040.0,2037.85,2038.6,2236.0
2021-06-15 12:55:00,NSE:ZYDUSWELL,2040.0,2040.3,2037.8,2039.2,780.0
2021-06-15 13:00:00,NSE:ZYDUSWELL,2037.8,2040.0,2037.8,2039.0,36.0
2021-06-15 13:05:00,NSE:ZYDUSWELL,2039.0,2042.15,2037.5,2038.0,497.0
2021-06-15 13:10:00,NSE:ZYDUSWELL,2038.0,2039.95,2037.0,2039.95,319.0
2021-06-15 13:15:00,NSE:ZYDUSWELL,2039.95,2041.8,2038.0,2040.0,194.0
2021-06-15 13:20:00,NSE:ZYDUSWELL,2040.0,2040.0,2038.0,2038.0,64.0
2021-06-15 13:25:00,NSE:ZYDUSWELL,2039.9,2040.0,2037.0,2040.0,168.0
2021-06-15 13:30:00,NSE:ZYDUSWELL,2040.0,2040.0,2037.95,2039.55,135.0
2021-06-15 13:35:00,NSE:ZYDUSWELL,2039.9,2039.95,2037.95,2038.7,61.0
2021-06-15 13:40:00,NSE:ZYDUSWELL,2038.7,2040.0,2037.0,2040.0,132.0
2021-06-15 13:45:00,NSE:ZYDUSWELL,2039.35,2040.0,2037.25,2037.4,80.0
2021-06-15 13:50:00,NSE:ZYDUSWELL,2037.4,2039.7,2037.4,2039.7,183.0
2021-06-15 13:55:00,NSE:ZYDUSWELL,2039.7,2040.0,2039.7,2040.0,195.0
2021-06-15 14:00:00,NSE:ZYDUSWELL,2040.0,2040.0,2037.0,2039.95,390.0
2021-06-15 14:05:00,NSE:ZYDUSWELL,2040.0,2040.0,2040.0,2040.0,162.0
2021-06-15 14:10:00,NSE:ZYDUSWELL,2037.15,2039.95,2037.0,2039.95,165.0
2021-06-15 14:15:00,NSE:ZYDUSWELL,2040.0,2040.0,2035.4,2035.4,550.0
2021-06-15 14:20:00,NSE:ZYDUSWELL,2039.0,2039.0,2035.85,2035.9,214.0
2021-06-15 14:25:00,NSE:ZYDUSWELL,2035.9,2038.9,2035.05,2035.2,131.0
2021-06-15 14:30:00,NSE:ZYDUSWELL,2037.7,2038.05,2035.75,2037.9,57.0
2021-06-15 14:35:00,NSE:ZYDUSWELL,2037.9,2037.9,2035.3,2035.3,220.0
2021-06-15 14:40:00,NSE:ZYDUSWELL,2035.25,2039.05,2035.25,2036.0,95.0
2021-06-15 14:45:00,NSE:ZYDUSWELL,2038.9,2040.0,2037.9,2038.55,188.0
2021-06-15 14:50:00,NSE:ZYDUSWELL,2039.35,2040.0,2039.0,2039.0,100.0
2021-06-15 14:55:00,NSE:ZYDUSWELL,2037.6,2040.0,2037.0,2037.0,446.0
2021-06-15 15:00:00,NSE:ZYDUSWELL,2039.05,2040.0,2036.25,2039.95,153.0
2021-06-15 15:05:00,NSE:ZYDUSWELL,2039.9,2040.0,2036.3,2037.35,258.0
2021-06-15 15:10:00,NSE:ZYDUSWELL,2039.35,2039.95,2037.2,2039.95,157.0
2021-06-15 15:15:00,NSE:ZYDUSWELL,2040.0,2040.0,2030.0,2037.75,2027.0
2021-06-15 15:20:00,NSE:ZYDUSWELL,2032.3,2038.15,2031.95,2037.0,564.0
2021-06-15 15:25:00,NSE:ZYDUSWELL,2037.0,2037.0,2035.0,2035.0,520.0
2021-06-15 15:40:00,NSE:ZYDUSWELL,2034.7,2034.7,2034.7,2034.7,10.0
2021-06-16 09:05:00,NSE:ZYDUSWELL,2043.35,2043.35,2043.35,2043.35,100.0
2021-06-16 09:15:00,NSE:ZYDUSWELL,2043.35,2043.35,2035.0,2041.95,339.0
2021-06-16 09:20:00,NSE:ZYDUSWELL,2041.0,2042.9,2038.6,2039.05,312.0
2021-06-16 09:25:00,NSE:ZYDUSWELL,2040.25,2043.35,2040.0,2043.35,248.0
2021-06-16 09:30:00,NSE:ZYDUSWELL,2040.65,2043.35,2040.65,2043.0,48.0
2021-06-16 09:35:00,NSE:ZYDUSWELL,2043.0,2043.95,2040.2,2043.9,324.0
2021-06-16 09:40:00,NSE:ZYDUSWELL,2043.9,2043.9,2040.0,2040.0,64.0
2021-06-16 09:45:00,NSE:ZYDUSWELL,2041.95,2042.0,2038.0,2040.95,178.0
2021-06-16 09:50:00,NSE:ZYDUSWELL,2041.0,2043.95,2040.0,2040.0,61.0
2021-06-16 09:55:00,NSE:ZYDUSWELL,2040.0,2042.0,2039.65,2039.9,168.0
2021-06-16 10:00:00,NSE:ZYDUSWELL,2039.0,2040.65,2039.0,2040.65,30.0
2021-06-16 10:05:00,NSE:ZYDUSWELL,2041.0,2042.0,2038.0,2039.65,56.0
2021-06-16 10:10:00,NSE:ZYDUSWELL,2039.65,2039.65,2038.0,2038.95,171.0
2021-06-16 10:15:00,NSE:ZYDUSWELL,2038.95,2038.95,2037.45,2037.45,64.0
2021-06-16 10:20:00,NSE:ZYDUSWELL,2037.45,2039.8,2037.0,2039.5,116.0
2021-06-16 10:25:00,NSE:ZYDUSWELL,2037.15,2038.0,2035.0,2035.7,386.0
2021-06-16 10:30:00,NSE:ZYDUSWELL,2036.5,2036.5,2032.0,2035.35,342.0
2021-06-16 10:35:00,NSE:ZYDUSWELL,2035.35,2036.95,2034.9,2036.95,31.0
2021-06-16 10:40:00,NSE:ZYDUSWELL,2036.8,2041.0,2036.8,2038.1,163.0
2021-06-16 10:45:00,NSE:ZYDUSWELL,2038.0,2038.5,2033.7,2038.5,39.0
2021-06-16 10:50:00,NSE:ZYDUSWELL,2040.65,2041.7,2038.7,2038.7,35.0
2021-06-16 10:55:00,NSE:ZYDUSWELL,2038.25,2040.55,2034.5,2034.5,825.0
2021-06-16 11:00:00,NSE:ZYDUSWELL,2034.4,2038.45,2032.6,2038.45,243.0
2021-06-16 11:05:00,NSE:ZYDUSWELL,2038.0,2065.0,2038.0,2064.85,3921.0
2021-06-16 11:10:00,NSE:ZYDUSWELL,2056.6,2062.75,2051.35,2055.0,2010.0
2021-06-16 11:15:00,NSE:ZYDUSWELL,2055.0,2057.15,2048.0,2056.2,486.0
2021-06-16 11:20:00,NSE:ZYDUSWELL,2056.2,2060.95,2051.55,2059.5,734.0
2021-06-16 11:25:00,NSE:ZYDUSWELL,2056.9,2059.85,2052.1,2053.8,331.0
2021-06-16 11:30:00,NSE:ZYDUSWELL,2055.35,2076.6,2051.05,2073.95,3841.0
2021-06-16 11:35:00,NSE:ZYDUSWELL,2072.0,2075.0,2061.1,2066.65,1674.0
2021-06-16 11:40:00,NSE:ZYDUSWELL,2065.9,2066.0,2061.85,2062.0,232.0
2021-06-16 11:45:00,NSE:ZYDUSWELL,2063.3,2067.8,2062.95,2062.95,283.0
2021-06-16 11:50:00,NSE:ZYDUSWELL,2065.85,2071.2,2065.2,2065.65,443.0
2021-06-16 11:55:00,NSE:ZYDUSWELL,2065.65,2069.0,2065.65,2065.75,56.0
2021-06-16 12:00:00,NSE:ZYDUSWELL,2065.5,2068.8,2065.5,2068.75,422.0
2021-06-16 12:05:00,NSE:ZYDUSWELL,2068.8,2068.8,2065.5,2066.0,203.0
2021-06-16 12:10:00,NSE:ZYDUSWELL,2066.0,2066.0,2060.1,2061.35,190.0
2021-06-16 12:15:00,NSE:ZYDUSWELL,2063.9,2065.0,2062.0,2063.2,92.0
2021-06-16 12:20:00,NSE:ZYDUSWELL,2064.95,2069.8,2063.5,2068.0,471.0
2021-06-16 12:25:00,NSE:ZYDUSWELL,2068.4,2075.0,2068.0,2074.0,2053.0
2021-06-16 12:30:00,NSE:ZYDUSWELL,2070.8,2072.9,2069.0,2069.0,405.0
2021-06-16 12:35:00,NSE:ZYDUSWELL,2069.0,2072.7,2067.1,2072.7,126.0
2021-06-16 12:40:00,NSE:ZYDUSWELL,2069.95,2070.0,2062.4,2064.95,1132.0
2021-06-16 12:45:00,NSE:ZYDUSWELL,2063.8,2067.5,2062.55,2067.5,125.0
2021-06-16 12:50:00,NSE:ZYDUSWELL,2063.8,2069.85,2063.8,2066.35,164.0
2021-06-16 12:55:00,NSE:ZYDUSWELL,2067.1,2068.85,2065.45,2065.45,211.0
2021-06-16 13:00:00,NSE:ZYDUSWELL,2063.15,2064.95,2063.1,2063.1,515.0
2021-06-16 13:05:00,NSE:ZYDUSWELL,2063.1,2068.0,2063.1,2066.1,352.0
2021-06-16 13:10:00,NSE:ZYDUSWELL,2066.0,2066.1,2063.1,2064.5,74.0
2021-06-16 13:15:00,NSE:ZYDUSWELL,2066.95,2068.0,2064.05,2067.0,83.0
2021-06-16 13:20:00,NSE:ZYDUSWELL,2067.0,2067.0,2065.05,2067.0,10.0
2021-06-16 13:25:00,NSE:ZYDUSWELL,2065.9,2067.6,2063.4,2063.4,101.0
2021-06-16 13:30:00,NSE:ZYDUSWELL,2063.45,2068.0,2063.45,2065.3,308.0
2021-06-16 13:35:00,NSE:ZYDUSWELL,2064.85,2064.9,2064.85,2064.9,7.0
2021-06-16 13:40:00,NSE:ZYDUSWELL,2064.25,2064.25,2064.25,2064.25,54.0
2021-06-16 13:45:00,NSE:ZYDUSWELL,2064.5,2068.0,2064.25,2068.0,124.0
2021-06-16 13:50:00,NSE:ZYDUSWELL,2068.0,2068.0,2065.5,2065.7,68.0
2021-06-16 13:55:00,NSE:ZYDUSWELL,2067.95,2067.95,2064.7,2064.7,471.0
2021-06-16 14:00:00,NSE:ZYDUSWELL,2064.7,2068.0,2064.7,2068.0,54.0
2021-06-16 14:05:00,NSE:ZYDUSWELL,2066.0,2067.8,2064.7,2064.7,138.0
2021-06-16 14:10:00,NSE:ZYDUSWELL,2064.7,2067.1,2064.7,2065.0,335.0
2021-06-16 14:15:00,NSE:ZYDUSWELL,2065.0,2065.0,2054.5,2057.6,1484.0
2021-06-16 14:20:00,NSE:ZYDUSWELL,2057.05,2060.0,2056.3,2056.35,452.0
2021-06-16 14:25:00,NSE:ZYDUSWELL,2056.35,2060.0,2056.35,2060.0,47.0
2021-06-16 14:30:00,NSE:ZYDUSWELL,2060.0,2063.05,2060.0,2060.6,289.0
2021-06-16 14:35:00,NSE:ZYDUSWELL,2063.2,2063.2,2060.55,2060.95,28.0
2021-06-16 14:40:00,NSE:ZYDUSWELL,2063.1,2064.0,2060.55,2060.55,125.0
2021-06-16 14:45:00,NSE:ZYDUSWELL,2063.05,2064.0,2061.4,2061.5,105.0
2021-06-16 14:50:00,NSE:ZYDUSWELL,2060.8,2065.25,2060.8,2062.7,466.0
2021-06-16 14:55:00,NSE:ZYDUSWELL,2062.7,2065.35,2062.7,2064.5,362.0
2021-06-16 15:00:00,NSE:ZYDUSWELL,2064.4,2066.05,2062.7,2062.95,607.0
2021-06-16 15:05:00,NSE:ZYDUSWELL,2064.0,2064.45,2054.0,2054.95,1561.0
2021-06-16 15:10:00,NSE:ZYDUSWELL,2055.1,2061.2,2055.1,2059.0,578.0
2021-06-16 15:15:00,NSE:ZYDUSWELL,2058.95,2058.95,2049.85,2049.85,2438.0
2021-06-16 15:20:00,NSE:ZYDUSWELL,2049.8,2049.8,2041.0,2044.0,984.0
2021-06-16 15:25:00,NSE:ZYDUSWELL,2044.95,2045.2,2040.9,2044.0,746.0
2021-06-16 15:30:00,NSE:ZYDUSWELL,2046.7,2046.7,2046.7,2046.7,10.0
2021-06-16 15:45:00,NSE:ZYDUSWELL,2054.15,2054.15,2046.7,2046.7,247.0
2021-06-17 09:05:00,NSE:ZYDUSWELL,2030.0,2030.0,2030.0,2030.0,83.0
2021-06-17 09:15:00,NSE:ZYDUSWELL,2039.3,2042.0,2029.95,2038.5,696.0
2021-06-17 09:20:00,NSE:ZYDUSWELL,2043.0,2058.7,2043.0,2055.95,625.0
2021-06-17 09:25:00,NSE:ZYDUSWELL,2055.05,2055.05,2050.45,2050.85,310.0
2021-06-17 09:30:00,NSE:ZYDUSWELL,2053.95,2054.0,2043.05,2043.55,361.0
2021-06-17 09:35:00,NSE:ZYDUSWELL,2044.0,2048.9,2040.0,2048.85,145.0
2021-06-17 09:40:00,NSE:ZYDUSWELL,2049.85,2049.95,2040.55,2041.65,281.0
2021-06-17 09:45:00,NSE:ZYDUSWELL,2043.85,2046.35,2041.75,2042.7,88.0
2021-06-17 09:50:00,NSE:ZYDUSWELL,2042.75,2053.95,2042.75,2051.6,168.0
2021-06-17 09:55:00,NSE:ZYDUSWELL,2050.7,2053.4,2045.35,2046.9,693.0
2021-06-17 10:00:00,NSE:ZYDUSWELL,2046.95,2055.0,2044.2,2055.0,177.0
2021-06-17 10:05:00,NSE:ZYDUSWELL,2055.0,2055.0,2051.1,2055.0,149.0
2021-06-17 10:10:00,NSE:ZYDUSWELL,2052.45,2058.65,2052.45,2053.4,164.0
2021-06-17 10:15:00,NSE:ZYDUSWELL,2055.65,2057.45,2053.4,2056.35,99.0
2021-06-17 10:20:00,NSE:ZYDUSWELL,2055.9,2057.95,2055.05,2057.05,115.0
2021-06-17 10:25:00,NSE:ZYDUSWELL,2055.0,2055.0,2050.0,2050.0,144.0
2021-06-17 10:30:00,NSE:ZYDUSWELL,2049.0,2053.7,2048.5,2050.0,405.0
2021-06-17 10:35:00,NSE:ZYDUSWELL,2049.3,2050.0,2043.0,2045.55,639.0
2021-06-17 10:40:00,NSE:ZYDUSWELL,2048.9,2048.9,2044.35,2048.9,71.0
2021-06-17 10:45:00,NSE:ZYDUSWELL,2048.9,2049.3,2046.35,2046.65,52.0
2021-06-17 10:50:00,NSE:ZYDUSWELL,2045.7,2047.35,2034.05,2035.0,410.0
2021-06-17 10:55:00,NSE:ZYDUSWELL,2038.35,2040.0,2036.1,2040.0,125.0
2021-06-17 11:00:00,NSE:ZYDUSWELL,2037.85,2040.0,2037.0,2040.0,53.0
2021-06-17 11:05:00,NSE:ZYDUSWELL,2039.0,2043.85,2038.5,2038.5,318.0
2021-06-17 11:10:00,NSE:ZYDUSWELL,2040.0,2041.85,2035.85,2035.85,197.0
2021-06-17 11:15:00,NSE:ZYDUSWELL,2037.55,2041.15,2035.25,2037.95,194.0
2021-06-17 11:20:00,NSE:ZYDUSWELL,2040.0,2040.0,2036.6,2037.85,50.0
2021-06-17 11:25:00,NSE:ZYDUSWELL,2037.9,2042.5,2037.65,2037.65,245.0
2021-06-17 11:30:00,NSE:ZYDUSWELL,2036.75,2040.0,2036.6,2039.15,180.0
2021-06-17 11:35:00,NSE:ZYDUSWELL,2040.0,2040.0,2039.3,2039.3,55.0
2021-06-17 11:40:00,NSE:ZYDUSWELL,2039.75,2040.0,2037.2,2038.4,288.0
2021-06-17 11:45:00,NSE:ZYDUSWELL,2038.85,2038.85,2033.1,2037.0,427.0
2021-06-17 11:50:00,NSE:ZYDUSWELL,2036.9,2036.9,2033.1,2035.1,65.0
2021-06-17 11:55:00,NSE:ZYDUSWELL,2034.5,2036.75,2034.0,2036.75,141.0
2021-06-17 12:00:00,NSE:ZYDUSWELL,2036.85,2036.9,2034.2,2036.9,60.0
2021-06-17 12:05:00,NSE:ZYDUSWELL,2036.9,2036.9,2035.35,2036.9,60.0
2021-06-17 12:10:00,NSE:ZYDUSWELL,2037.45,2038.1,2035.3,2036.05,69.0
2021-06-17 12:15:00,NSE:ZYDUSWELL,2036.5,2037.7,2035.3,2036.0,36.0
2021-06-17 12:20:00,NSE:ZYDUSWELL,2037.7,2037.7,2037.7,2037.7,7.0
2021-06-17 12:25:00,NSE:ZYDUSWELL,2038.9,2039.95,2036.4,2039.4,27.0
2021-06-17 12:30:00,NSE:ZYDUSWELL,2040.0,2040.0,2039.0,2039.0,44.0
2021-06-17 12:35:00,NSE:ZYDUSWELL,2039.65,2039.65,2036.95,2036.95,35.0
2021-06-17 12:40:00,NSE:ZYDUSWELL,2038.55,2039.75,2037.5,2037.5,16.0
2021-06-17 12:45:00,NSE:ZYDUSWELL,2037.7,2040.0,2037.7,2038.0,72.0
2021-06-17 12:50:00,NSE:ZYDUSWELL,2039.8,2040.0,2037.7,2037.7,14.0
2021-06-17 12:55:00,NSE:ZYDUSWELL,2039.95,2040.0,2037.75,2040.0,24.0
2021-06-17 13:00:00,NSE:ZYDUSWELL,2040.0,2040.0,2036.95,2038.45,92.0
2021-06-17 13:05:00,NSE:ZYDUSWELL,2039.95,2040.0,2039.95,2040.0,20.0
2021-06-17 13:10:00,NSE:ZYDUSWELL,2040.0,2040.0,2040.0,2040.0,9.0
2021-06-17 13:15:00,NSE:ZYDUSWELL,2039.1,2040.0,2038.7,2040.0,84.0
2021-06-17 13:20:00,NSE:ZYDUSWELL,2039.85,2039.85,2038.45,2039.8,38.0
2021-06-17 13:25:00,NSE:ZYDUSWELL,2040.0,2040.0,2039.05,2039.05,25.0
2021-06-17 13:30:00,NSE:ZYDUSWELL,2039.0,2039.1,2039.0,2039.1,32.0
2021-06-17 13:35:00,NSE:ZYDUSWELL,2040.0,2040.0,2039.0,2039.0,247.0
2021-06-17 13:40:00,NSE:ZYDUSWELL,2040.0,2040.0,2040.0,2040.0,2.0
2021-06-17 13:45:00,NSE:ZYDUSWELL,2040.0,2040.0,2039.05,2039.05,38.0
2021-06-17 13:50:00,NSE:ZYDUSWELL,2039.8,2040.0,2039.05,2039.05,151.0
2021-06-17 13:55:00,NSE:ZYDUSWELL,2039.0,2040.0,2039.0,2039.05,55.0
2021-06-17 14:00:00,NSE:ZYDUSWELL,2039.05,2039.4,2039.0,2039.0,62.0
2021-06-17 14:05:00,NSE:ZYDUSWELL,2039.1,2039.1,2032.0,2032.0,756.0
2021-06-17 14:10:00,NSE:ZYDUSWELL,2032.0,2035.3,2032.0,2032.0,181.0
2021-06-17 14:15:00,NSE:ZYDUSWELL,2032.0,2035.25,2031.0,2031.0,159.0
2021-06-17 14:20:00,NSE:ZYDUSWELL,2031.0,2033.5,2031.0,2031.0,148.0
2021-06-17 14:25:00,NSE:ZYDUSWELL,2031.0,2033.9,2030.05,2031.0,174.0
2021-06-17 14:30:00,NSE:ZYDUSWELL,2030.8,2034.75,2030.8,2032.0,172.0
2021-06-17 14:35:00,NSE:ZYDUSWELL,2032.0,2034.5,2030.0,2030.0,510.0
2021-06-17 14:40:00,NSE:ZYDUSWELL,2030.5,2032.9,2030.0,2030.0,147.0
2021-06-17 14:45:00,NSE:ZYDUSWELL,2032.9,2033.75,2030.0,2030.0,51.0
2021-06-17 14:50:00,NSE:ZYDUSWELL,2030.1,2033.3,2030.0,2030.05,206.0
2021-06-17 14:55:00,NSE:ZYDUSWELL,2030.05,2032.75,2030.05,2030.05,162.0
2021-06-17 15:00:00,NSE:ZYDUSWELL,2032.7,2034.95,2030.0,2031.6,324.0
2021-06-17 15:05:00,NSE:ZYDUSWELL,2030.6,2030.6,2016.0,2018.65,4347.0
2021-06-17 15:10:00,NSE:ZYDUSWELL,2018.65,2023.3,2016.0,2020.0,1660.0
2021-06-17 15:15:00,NSE:ZYDUSWELL,2018.8,2020.0,2014.0,2019.95,2416.0
2021-06-17 15:20:00,NSE:ZYDUSWELL,2017.45,2045.0,2016.7,2036.25,16234.0
2021-06-17 15:25:00,NSE:ZYDUSWELL,2035.9,2058.9,2035.9,2048.0,5103.0
2021-06-17 15:30:00,NSE:ZYDUSWELL,2045.55,2045.55,2045.55,2045.55,2.0
2021-06-17 15:40:00,NSE:ZYDUSWELL,2034.5,2034.5,2034.5,2034.5,70.0
2021-06-18 09:05:00,NSE:ZYDUSWELL,2050.0,2050.0,2050.0,2050.0,132.0
2021-06-18 09:15:00,NSE:ZYDUSWELL,2050.0,2054.5,2040.6,2040.6,659.0
2021-06-18 09:20:00,NSE:ZYDUSWELL,2040.6,2043.85,2038.3,2041.5,259.0
2021-06-18 09:25:00,NSE:ZYDUSWELL,2040.4,2042.7,2030.5,2036.95,438.0
2021-06-18 09:30:00,NSE:ZYDUSWELL,2034.65,2038.15,2030.0,2034.9,278.0
2021-06-18 09:35:00,NSE:ZYDUSWELL,2037.9,2039.7,2032.35,2035.9,112.0
2021-06-18 09:40:00,NSE:ZYDUSWELL,2038.5,2038.5,2030.25,2030.25,93.0
2021-06-18 09:45:00,NSE:ZYDUSWELL,2032.55,2036.1,2031.0,2031.0,115.0
2021-06-18 09:50:00,NSE:ZYDUSWELL,2033.85,2034.9,2024.0,2025.35,319.0
2021-06-18 09:55:00,NSE:ZYDUSWELL,2022.9,2027.4,2017.05,2022.75,1141.0
2021-06-18 10:00:00,NSE:ZYDUSWELL,2017.85,2024.7,2017.1,2022.6,285.0
2021-06-18 10:05:00,NSE:ZYDUSWELL,2024.35,2027.2,2020.0,2022.45,191.0
2021-06-18 10:10:00,NSE:ZYDUSWELL,2023.35,2032.95,2021.6,2024.4,292.0
2021-06-18 10:15:00,NSE:ZYDUSWELL,2020.55,2025.25,2020.55,2020.85,111.0
2021-06-18 10:20:00,NSE:ZYDUSWELL,2021.15,2024.0,2020.3,2020.5,124.0
2021-06-18 10:25:00,NSE:ZYDUSWELL,2021.0,2021.25,2016.1,2016.5,519.0
2021-06-18 10:30:00,NSE:ZYDUSWELL,2016.45,2018.95,2013.05,2014.0,243.0
2021-06-18 10:35:00,NSE:ZYDUSWELL,2014.0,2014.75,2006.6,2009.75,385.0
2021-06-18 10:40:00,NSE:ZYDUSWELL,2007.0,2010.0,2002.45,2005.0,749.0
2021-06-18 10:45:00,NSE:ZYDUSWELL,2005.0,2007.95,2003.0,2003.05,120.0
2021-06-18 10:50:00,NSE:ZYDUSWELL,2003.0,2004.95,2001.5,2001.5,535.0
2021-06-18 10:55:00,NSE:ZYDUSWELL,2001.5,2003.8,1991.65,1992.45,1392.0
2021-06-18 11:00:00,NSE:ZYDUSWELL,1991.0,2000.0,1985.3,1991.4,601.0
2021-06-18 11:05:00,NSE:ZYDUSWELL,1988.05,2005.95,1988.05,2001.0,384.0
2021-06-18 11:10:00,NSE:ZYDUSWELL,2000.1,2017.0,2000.1,2017.0,1039.0
2021-06-18 11:15:00,NSE:ZYDUSWELL,2019.3,2024.05,2010.6,2010.85,328.0
2021-06-18 11:20:00,NSE:ZYDUSWELL,2010.8,2021.8,2010.8,2021.8,190.0
2021-06-18 11:25:00,NSE:ZYDUSWELL,2016.2,2020.0,2012.65,2012.75,193.0
2021-06-18 11:30:00,NSE:ZYDUSWELL,2016.45,2018.75,2012.8,2016.1,71.0
2021-06-18 11:35:00,NSE:ZYDUSWELL,2013.25,2015.25,2012.8,2012.85,24.0
2021-06-18 11:40:00,NSE:ZYDUSWELL,2015.05,2016.15,2012.0,2012.05,81.0
2021-06-18 11:45:00,NSE:ZYDUSWELL,2013.75,2015.85,2012.1,2014.9,66.0
2021-06-18 11:50:00,NSE:ZYDUSWELL,2015.0,2018.85,2013.0,2016.1,84.0
2021-06-18 11:55:00,NSE:ZYDUSWELL,2016.1,2017.85,2016.0,2017.8,12.0
2021-06-18 12:00:00,NSE:ZYDUSWELL,2016.1,2019.5,2015.05,2019.5,82.0
2021-06-18 12:05:00,NSE:ZYDUSWELL,2017.05,2020.75,2017.05,2020.05,100.0
2021-06-18 12:10:00,NSE:ZYDUSWELL,2020.05,2021.75,2016.2,2019.8,280.0
2021-06-18 12:15:00,NSE:ZYDUSWELL,2022.75,2022.75,2016.1,2016.1,94.0
2021-06-18 12:20:00,NSE:ZYDUSWELL,2016.1,2020.0,2016.1,2016.9,33.0
2021-06-18 12:25:00,NSE:ZYDUSWELL,2016.9,2020.1,2016.9,2018.5,42.0
2021-06-18 12:30:00,NSE:ZYDUSWELL,2018.5,2020.9,2018.15,2019.0,51.0
2021-06-18 12:35:00,NSE:ZYDUSWELL,2019.6,2021.9,2019.0,2019.0,54.0
2021-06-18 12:40:00,NSE:ZYDUSWELL,2019.0,2020.85,2018.0,2020.85,25.0
2021-06-18 12:45:00,NSE:ZYDUSWELL,2019.05,2021.85,2019.05,2021.85,34.0
2021-06-18 12:50:00,NSE:ZYDUSWELL,2018.9,2021.9,2018.9,2021.9,11.0
2021-06-18 12:55:00,NSE:ZYDUSWELL,2020.15,2020.15,2018.0,2018.0,68.0
2021-06-18 13:00:00,NSE:ZYDUSWELL,2019.7,2020.1,2017.1,2017.1,54.0
2021-06-18 13:05:00,NSE:ZYDUSWELL,2017.1,2019.35,2017.1,2017.1,12.0
2021-06-18 13:10:00,NSE:ZYDUSWELL,2019.1,2019.5,2017.3,2017.7,214.0
2021-06-18 13:15:00,NSE:ZYDUSWELL,2017.0,2019.4,2016.8,2018.65,45.0
2021-06-18 13:20:00,NSE:ZYDUSWELL,2018.75,2021.4,2018.0,2021.05,507.0
2021-06-18 13:25:00,NSE:ZYDUSWELL,2017.4,2017.4,2017.0,2017.0,22.0
2021-06-18 13:30:00,NSE:ZYDUSWELL,2016.0,2016.1,2016.0,2016.1,15.0
2021-06-18 13:35:00,NSE:ZYDUSWELL,2018.75,2018.75,2016.25,2016.6,23.0
2021-06-18 13:40:00,NSE:ZYDUSWELL,2019.0,2022.4,2018.95,2022.4,43.0
2021-06-18 13:45:00,NSE:ZYDUSWELL,2021.85,2036.7,2018.95,2036.0,611.0
2021-06-18 13:50:00,NSE:ZYDUSWELL,2036.0,2042.0,2029.9,2031.8,362.0
2021-06-18 13:55:00,NSE:ZYDUSWELL,2035.25,2043.0,2035.25,2040.0,203.0
2021-06-18 14:00:00,NSE:ZYDUSWELL,2040.0,2040.0,2038.0,2038.0,278.0
2021-06-18 14:05:00,NSE:ZYDUSWELL,2036.0,2036.0,2025.95,2034.1,589.0
2021-06-18 14:10:00,NSE:ZYDUSWELL,2036.5,2037.5,2032.4,2033.25,145.0
2021-06-18 14:15:00,NSE:ZYDUSWELL,2031.65,2031.65,2031.5,2031.5,12.0
2021-06-18 14:20:00,NSE:ZYDUSWELL,2034.05,2036.95,2031.7,2033.35,55.0
2021-06-18 14:25:00,NSE:ZYDUSWELL,2037.2,2037.2,2033.65,2033.65,122.0
2021-06-18 14:30:00,NSE:ZYDUSWELL,2037.2,2038.7,2033.25,2033.25,224.0
2021-06-18 14:35:00,NSE:ZYDUSWELL,2037.0,2038.15,2034.55,2038.15,76.0
2021-06-18 14:40:00,NSE:ZYDUSWELL,2038.0,2039.65,2034.8,2039.65,146.0
2021-06-18 14:45:00,NSE:ZYDUSWELL,2039.65,2039.65,2034.05,2034.45,167.0
2021-06-18 14:50:00,NSE:ZYDUSWELL,2038.15,2045.0,2036.0,2036.0,385.0
2021-06-18 14:55:00,NSE:ZYDUSWELL,2039.25,2043.85,2029.0,2029.55,779.0
2021-06-18 15:00:00,NSE:ZYDUSWELL,2024.15,2048.0,2023.9,2046.9,3004.0
2021-06-18 15:05:00,NSE:ZYDUSWELL,2046.95,2079.9,2046.95,2077.8,7242.0
2021-06-18 15:10:00,NSE:ZYDUSWELL,2079.95,2083.0,2069.25,2083.0,4398.0
2021-06-18 15:15:00,NSE:ZYDUSWELL,2084.35,2090.0,2075.15,2090.0,3753.0
2021-06-18 15:20:00,NSE:ZYDUSWELL,2090.0,2102.9,2088.6,2095.05,6393.0
2021-06-18 15:25:00,NSE:ZYDUSWELL,2100.0,2118.5,2095.1,2115.05,9704.0
2021-06-21 09:05:00,NSE:ZYDUSWELL,2088.0,2088.0,2088.0,2088.0,524.0
2021-06-21 09:15:00,NSE:ZYDUSWELL,2084.5,2088.05,2050.0,2069.9,1747.0
2021-06-21 09:20:00,NSE:ZYDUSWELL,2064.7,2070.0,2055.2,2061.55,1666.0
2021-06-21 09:25:00,NSE:ZYDUSWELL,2062.9,2071.85,2061.05,2067.2,703.0
2021-06-21 09:30:00,NSE:ZYDUSWELL,2070.5,2070.5,2060.0,2060.0,918.0
2021-06-21 09:35:00,NSE:ZYDUSWELL,2060.0,2067.6,2060.0,2067.6,419.0
2021-06-21 09:40:00,NSE:ZYDUSWELL,2066.5,2070.2,2062.15,2070.2,667.0
2021-06-21 09:45:00,NSE:ZYDUSWELL,2067.0,2067.65,2062.0,2062.05,575.0
2021-06-21 09:50:00,NSE:ZYDUSWELL,2062.05,2064.95,2060.0,2064.95,260.0
2021-06-21 09:55:00,NSE:ZYDUSWELL,2060.95,2064.75,2059.6,2063.25,299.0
2021-06-21 10:00:00,NSE:ZYDUSWELL,2064.9,2067.3,2060.0,2061.45,150.0
2021-06-21 10:05:00,NSE:ZYDUSWELL,2059.6,2069.15,2059.0,2069.15,370.0
2021-06-21 10:10:00,NSE:ZYDUSWELL,2069.15,2070.0,2055.05,2061.15,535.0
2021-06-21 10:15:00,NSE:ZYDUSWELL,2057.1,2066.7,2057.1,2065.85,1258.0
2021-06-21 10:20:00,NSE:ZYDUSWELL,2066.0,2070.1,2065.8,2070.0,314.0
2021-06-21 10:25:00,NSE:ZYDUSWELL,2070.1,2071.0,2066.3,2068.1,118.0
2021-06-21 10:30:00,NSE:ZYDUSWELL,2068.0,2068.0,2061.45,2066.8,383.0
2021-06-21 10:35:00,NSE:ZYDUSWELL,2065.1,2065.1,2060.05,2062.0,145.0
2021-06-21 10:40:00,NSE:ZYDUSWELL,2062.0,2064.0,2060.0,2063.55,520.0
2021-06-21 10:45:00,NSE:ZYDUSWELL,2064.0,2067.0,2062.95,2064.85,84.0
2021-06-21 10:50:00,NSE:ZYDUSWELL,2064.25,2064.9,2062.25,2064.8,136.0
2021-06-21 10:55:00,NSE:ZYDUSWELL,2064.8,2065.0,2062.9,2064.95,144.0
2021-06-21 11:00:00,NSE:ZYDUSWELL,2061.0,2064.85,2061.0,2062.25,155.0
2021-06-21 11:05:00,NSE:ZYDUSWELL,2064.55,2064.8,2060.0,2060.0,131.0
2021-06-21 11:10:00,NSE:ZYDUSWELL,2060.05,2062.1,2059.0,2060.6,87.0
2021-06-21 11:15:00,NSE:ZYDUSWELL,2062.15,2063.8,2061.1,2061.1,34.0
2021-06-21 11:20:00,NSE:ZYDUSWELL,2063.8,2064.0,2059.0,2063.25,356.0
2021-06-21 11:25:00,NSE:ZYDUSWELL,2061.2,2062.7,2059.55,2062.7,74.0
2021-06-21 11:30:00,NSE:ZYDUSWELL,2062.65,2062.7,2060.25,2062.7,85.0
2021-06-21 11:35:00,NSE:ZYDUSWELL,2062.5,2062.7,2060.45,2062.65,16.0
2021-06-21 11:40:00,NSE:ZYDUSWELL,2062.65,2063.45,2060.5,2060.5,67.0
2021-06-21 11:45:00,NSE:ZYDUSWELL,2063.5,2063.5,2063.2,2063.4,23.0
2021-06-21 11:50:00,NSE:ZYDUSWELL,2061.05,2061.05,2061.05,2061.05,5.0
2021-06-21 11:55:00,NSE:ZYDUSWELL,2061.15,2063.5,2061.15,2063.5,246.0
2021-06-21 12:00:00,NSE:ZYDUSWELL,2061.0,2061.8,2059.5,2059.5,249.0
2021-06-21 12:05:00,NSE:ZYDUSWELL,2061.65,2061.8,2059.5,2060.0,146.0
2021-06-21 12:10:00,NSE:ZYDUSWELL,2059.6,2061.8,2059.5,2061.8,75.0
2021-06-21 12:15:00,NSE:ZYDUSWELL,2059.6,2061.8,2059.6,2061.75,22.0
2021-06-21 12:20:00,NSE:ZYDUSWELL,2061.8,2061.8,2059.5,2059.5,75.0
2021-06-21 12:25:00,NSE:ZYDUSWELL,2059.5,2061.8,2059.5,2061.8,50.0
2021-06-21 12:30:00,NSE:ZYDUSWELL,2061.75,2061.75,2059.55,2059.55,6.0
2021-06-21 12:35:00,NSE:ZYDUSWELL,2060.2,2062.45,2059.55,2062.15,772.0
2021-06-21 12:40:00,NSE:ZYDUSWELL,2059.55,2062.5,2059.55,2062.2,142.0
2021-06-21 12:45:00,NSE:ZYDUSWELL,2061.0,2063.0,2059.55,2062.0,181.0
2021-06-21 12:50:00,NSE:ZYDUSWELL,2063.5,2063.5,2060.05,2060.2,260.0
2021-06-21 12:55:00,NSE:ZYDUSWELL,2060.05,2061.85,2059.55,2061.85,95.0
2021-06-21 13:00:00,NSE:ZYDUSWELL,2061.85,2061.95,2059.55,2059.85,32.0
2021-06-21 13:05:00,NSE:ZYDUSWELL,2059.55,2061.65,2059.55,2060.0,32.0
2021-06-21 13:10:00,NSE:ZYDUSWELL,2061.9,2061.95,2060.0,2060.45,87.0
2021-06-21 13:15:00,NSE:ZYDUSWELL,2062.0,2063.5,2060.05,2063.45,90.0
2021-06-21 13:20:00,NSE:ZYDUSWELL,2063.85,2066.0,2062.75,2065.8,390.0
2021-06-21 13:25:00,NSE:ZYDUSWELL,2065.8,2067.3,2065.8,2067.3,106.0
2021-06-21 13:30:00,NSE:ZYDUSWELL,2064.3,2064.3,2064.3,2064.3,1.0
2021-06-21 13:40:00,NSE:ZYDUSWELL,2065.0,2067.0,2064.8,2067.0,28.0
2021-06-21 13:45:00,NSE:ZYDUSWELL,2065.05,2066.75,2065.0,2066.65,56.0
2021-06-21 13:50:00,NSE:ZYDUSWELL,2063.5,2063.5,2060.0,2062.8,252.0
2021-06-21 13:55:00,NSE:ZYDUSWELL,2064.1,2064.95,2062.2,2063.8,62.0
2021-06-21 14:00:00,NSE:ZYDUSWELL,2061.05,2061.05,2060.8,2060.85,23.0
2021-06-21 14:05:00,NSE:ZYDUSWELL,2060.25,2060.25,2060.0,2060.05,51.0
2021-06-21 14:10:00,NSE:ZYDUSWELL,2062.5,2064.7,2060.05,2061.55,232.0
2021-06-21 14:15:00,NSE:ZYDUSWELL,2062.6,2063.1,2055.0,2058.45,1183.0
2021-06-21 14:20:00,NSE:ZYDUSWELL,2055.0,2057.45,2045.0,2050.0,1155.0
2021-06-21 14:25:00,NSE:ZYDUSWELL,2050.0,2051.5,2045.6,2050.0,325.0
2021-06-21 14:30:00,NSE:ZYDUSWELL,2050.0,2050.0,2049.8,2050.0,349.0
2021-06-21 14:35:00,NSE:ZYDUSWELL,2050.0,2052.35,2048.1,2050.0,401.0
2021-06-21 14:40:00,NSE:ZYDUSWELL,2048.85,2050.75,2048.0,2050.0,110.0
2021-06-21 14:45:00,NSE:ZYDUSWELL,2050.0,2050.0,2048.4,2048.5,324.0
2021-06-21 14:50:00,NSE:ZYDUSWELL,2048.55,2050.0,2045.6,2047.4,187.0
2021-06-21 14:55:00,NSE:ZYDUSWELL,2048.05,2050.4,2048.0,2049.4,474.0
2021-06-21 15:00:00,NSE:ZYDUSWELL,2050.0,2050.0,2046.8,2049.0,387.0
2021-06-21 15:05:00,NSE:ZYDUSWELL,2049.0,2049.0,2044.05,2044.8,382.0
2021-06-21 15:10:00,NSE:ZYDUSWELL,2044.0,2045.8,2042.0,2045.0,2022.0
2021-06-21 15:15:00,NSE:ZYDUSWELL,2043.7,2047.45,2042.25,2045.0,381.0
2021-06-21 15:20:00,NSE:ZYDUSWELL,2045.0,2070.0,2041.1,2070.0,7293.0
2021-06-21 15:25:00,NSE:ZYDUSWELL,2070.0,2072.2,2060.45,2071.85,3306.0
2021-06-22 09:05:00,NSE:ZYDUSWELL,2052.0,2052.0,2052.0,2052.0,86.0
2021-06-22 09:15:00,NSE:ZYDUSWELL,2052.1,2073.15,2052.1,2067.3,667.0
2021-06-22 09:20:00,NSE:ZYDUSWELL,2072.15,2073.1,2062.55,2066.95,473.0
2021-06-22 09:25:00,NSE:ZYDUSWELL,2065.95,2071.25,2063.95,2071.25,236.0
2021-06-22 09:30:00,NSE:ZYDUSWELL,2072.8,2073.0,2066.15,2069.0,684.0
2021-06-22 09:35:00,NSE:ZYDUSWELL,2070.0,2070.0,2065.45,2070.0,87.0
2021-06-22 09:40:00,NSE:ZYDUSWELL,2068.15,2069.95,2067.0,2068.95,62.0
2021-06-22 09:45:00,NSE:ZYDUSWELL,2067.0,2067.95,2065.0,2065.95,29.0
2021-06-22 09:50:00,NSE:ZYDUSWELL,2066.0,2067.9,2063.1,2067.9,153.0
2021-06-22 09:55:00,NSE:ZYDUSWELL,2067.9,2067.9,2065.0,2065.0,12.0
2021-06-22 10:00:00,NSE:ZYDUSWELL,2065.0,2067.1,2065.0,2065.0,26.0
2021-06-22 10:05:00,NSE:ZYDUSWELL,2066.95,2066.95,2062.25,2063.75,159.0
2021-06-22 10:10:00,NSE:ZYDUSWELL,2062.05,2062.05,2060.0,2061.2,102.0
2021-06-22 10:15:00,NSE:ZYDUSWELL,2060.0,2062.9,2059.15,2062.65,40.0
2021-06-22 10:20:00,NSE:ZYDUSWELL,2062.8,2062.8,2058.75,2061.45,34.0
2021-06-22 10:25:00,NSE:ZYDUSWELL,2059.9,2061.2,2054.7,2054.7,235.0
2021-06-22 10:30:00,NSE:ZYDUSWELL,2054.8,2055.0,2050.7,2053.8,139.0
2021-06-22 10:35:00,NSE:ZYDUSWELL,2056.5,2060.25,2055.4,2060.25,189.0
2021-06-22 10:40:00,NSE:ZYDUSWELL,2060.25,2060.25,2057.55,2059.9,58.0
2021-06-22 10:45:00,NSE:ZYDUSWELL,2057.3,2059.9,2056.4,2059.9,88.0
2021-06-22 10:50:00,NSE:ZYDUSWELL,2056.9,2056.9,2050.0,2056.3,535.0
2021-06-22 10:55:00,NSE:ZYDUSWELL,2055.0,2058.35,2053.8,2058.35,212.0
2021-06-22 11:00:00,NSE:ZYDUSWELL,2055.65,2055.65,2055.35,2055.35,46.0
2021-06-22 11:05:00,NSE:ZYDUSWELL,2055.15,2057.4,2054.7,2057.4,57.0
2021-06-22 11:10:00,NSE:ZYDUSWELL,2055.8,2055.8,2052.25,2054.6,248.0
2021-06-22 11:15:00,NSE:ZYDUSWELL,2050.7,2053.05,2050.05,2053.05,85.0
2021-06-22 11:20:00,NSE:ZYDUSWELL,2054.75,2054.95,2050.15,2050.15,244.0
2021-06-22 11:25:00,NSE:ZYDUSWELL,2053.3,2053.5,2053.3,2053.45,12.0
2021-06-22 11:30:00,NSE:ZYDUSWELL,2054.55,2056.4,2054.55,2055.05,176.0
2021-06-22 11:35:00,NSE:ZYDUSWELL,2054.55,2058.35,2054.55,2058.35,13.0
2021-06-22 11:40:00,NSE:ZYDUSWELL,2055.4,2056.9,2054.7,2056.9,277.0
2021-06-22 11:45:00,NSE:ZYDUSWELL,2053.85,2053.85,2051.9,2051.9,70.0
2021-06-22 11:50:00,NSE:ZYDUSWELL,2055.0,2055.6,2052.4,2055.6,14.0
2021-06-22 11:55:00,NSE:ZYDUSWELL,2055.6,2055.6,2055.5,2055.5,3.0
2021-06-22 12:00:00,NSE:ZYDUSWELL,2056.8,2057.9,2055.4,2055.4,50.0
2021-06-22 12:05:00,NSE:ZYDUSWELL,2057.9,2058.35,2055.3,2055.3,79.0
2021-06-22 12:10:00,NSE:ZYDUSWELL,2055.15,2055.15,2053.0,2055.15,15.0
2021-06-22 12:15:00,NSE:ZYDUSWELL,2056.05,2057.5,2056.05,2057.5,19.0
2021-06-22 12:20:00,NSE:ZYDUSWELL,2057.5,2057.95,2055.75,2057.95,139.0
2021-06-22 12:25:00,NSE:ZYDUSWELL,2055.8,2059.0,2055.8,2057.95,204.0
2021-06-22 12:30:00,NSE:ZYDUSWELL,2056.7,2059.45,2056.0,2059.45,74.0
2021-06-22 12:35:00,NSE:ZYDUSWELL,2056.75,2060.0,2056.75,2060.0,63.0
2021-06-22 12:40:00,NSE:ZYDUSWELL,2060.0,2060.0,2055.2,2058.5,169.0
2021-06-22 12:45:00,NSE:ZYDUSWELL,2059.65,2062.8,2059.2,2062.75,306.0
2021-06-22 12:50:00,NSE:ZYDUSWELL,2061.1,2061.1,2061.1,2061.1,6.0
2021-06-22 12:55:00,NSE:ZYDUSWELL,2063.55,2063.55,2057.8,2060.3,163.0
2021-06-22 13:00:00,NSE:ZYDUSWELL,2059.85,2060.95,2058.45,2058.45,51.0
2021-06-22 13:05:00,NSE:ZYDUSWELL,2060.05,2065.05,2060.05,2061.7,328.0
2021-06-22 13:10:00,NSE:ZYDUSWELL,2058.4,2059.05,2058.4,2059.05,54.0
2021-06-22 13:15:00,NSE:ZYDUSWELL,2061.25,2062.9,2060.05,2060.05,76.0
2021-06-22 13:20:00,NSE:ZYDUSWELL,2056.9,2056.9,2056.9,2056.9,12.0
2021-06-22 13:25:00,NSE:ZYDUSWELL,2055.25,2055.25,2055.15,2055.15,103.0
2021-06-22 13:30:00,NSE:ZYDUSWELL,2057.25,2065.0,2057.25,2063.0,278.0
2021-06-22 13:35:00,NSE:ZYDUSWELL,2058.45,2064.55,2057.3,2064.55,68.0
2021-06-22 13:40:00,NSE:ZYDUSWELL,2060.05,2063.3,2060.05,2060.1,44.0
2021-06-22 13:45:00,NSE:ZYDUSWELL,2061.0,2063.0,2061.0,2063.0,76.0
2021-06-22 13:50:00,NSE:ZYDUSWELL,2063.0,2070.0,2060.85,2066.1,560.0
2021-06-22 13:55:00,NSE:ZYDUSWELL,2066.3,2075.0,2066.3,2070.3,601.0
2021-06-22 14:00:00,NSE:ZYDUSWELL,2066.45,2075.6,2066.45,2075.6,626.0
2021-06-22 14:05:00,NSE:ZYDUSWELL,2078.0,2079.45,2072.55,2075.25,796.0
2021-06-22 14:10:00,NSE:ZYDUSWELL,2077.8,2077.8,2061.8,2064.05,256.0
2021-06-22 14:15:00,NSE:ZYDUSWELL,2069.25,2075.9,2067.8,2068.55,929.0
2021-06-22 14:20:00,NSE:ZYDUSWELL,2068.5,2070.0,2063.55,2065.55,162.0
2021-06-22 14:25:00,NSE:ZYDUSWELL,2066.55,2069.7,2063.15,2067.95,70.0
2021-06-22 14:30:00,NSE:ZYDUSWELL,2069.85,2069.85,2062.55,2062.55,62.0
2021-06-22 14:35:00,NSE:ZYDUSWELL,2065.1,2065.1,2062.05,2065.1,135.0
2021-06-22 14:40:00,NSE:ZYDUSWELL,2067.6,2067.6,2062.0,2062.1,166.0
2021-06-22 14:45:00,NSE:ZYDUSWELL,2065.9,2068.35,2062.65,2065.85,128.0
2021-06-22 14:50:00,NSE:ZYDUSWELL,2068.3,2069.5,2066.1,2066.9,64.0
2021-06-22 14:55:00,NSE:ZYDUSWELL,2066.9,2066.9,2063.5,2064.15,78.0
2021-06-22 15:00:00,NSE:ZYDUSWELL,2066.8,2066.8,2062.05,2062.3,59.0
2021-06-22 15:05:00,NSE:ZYDUSWELL,2065.15,2065.15,2060.8,2060.8,226.0
2021-06-22 15:10:00,NSE:ZYDUSWELL,2060.0,2062.0,2056.0,2058.1,399.0
2021-06-22 15:15:00,NSE:ZYDUSWELL,2063.2,2068.0,2060.0,2061.8,83.0
2021-06-22 15:20:00,NSE:ZYDUSWELL,2061.35,2065.35,2052.1,2062.4,400.0
2021-06-22 15:25:00,NSE:ZYDUSWELL,2063.75,2069.0,2054.25,2055.05,550.0
2021-06-22 15:55:00,NSE:ZYDUSWELL,2060.75,2060.75,2060.75,2060.75,1.0
2021-06-23 09:05:00,NSE:ZYDUSWELL,2070.5,2070.5,2070.5,2070.5,28.0
2021-06-23 09:15:00,NSE:ZYDUSWELL,2070.5,2070.5,2060.1,2062.1,265.0
2021-06-23 09:20:00,NSE:ZYDUSWELL,2062.05,2063.35,2056.05,2056.05,394.0
2021-06-23 09:25:00,NSE:ZYDUSWELL,2056.05,2062.65,2056.05,2062.65,114.0
2021-06-23 09:30:00,NSE:ZYDUSWELL,2061.3,2061.3,2051.0,2058.95,307.0
2021-06-23 09:35:00,NSE:ZYDUSWELL,2058.75,2060.0,2056.05,2060.0,412.0
2021-06-23 09:40:00,NSE:ZYDUSWELL,2058.7,2060.0,2055.8,2055.8,181.0
2021-06-23 09:45:00,NSE:ZYDUSWELL,2058.1,2058.1,2052.85,2053.1,268.0
2021-06-23 09:50:00,NSE:ZYDUSWELL,2056.25,2058.75,2055.3,2058.65,69.0
2021-06-23 09:55:00,NSE:ZYDUSWELL,2057.55,2059.95,2054.0,2059.8,209.0
2021-06-23 10:00:00,NSE:ZYDUSWELL,2059.85,2059.95,2056.1,2057.7,36.0
2021-06-23 10:05:00,NSE:ZYDUSWELL,2054.55,2058.45,2054.55,2058.45,236.0
2021-06-23 10:10:00,NSE:ZYDUSWELL,2058.35,2058.35,2058.35,2058.35,1.0
2021-06-23 10:15:00,NSE:ZYDUSWELL,2055.6,2055.6,2050.1,2050.1,1131.0
2021-06-23 10:20:00,NSE:ZYDUSWELL,2049.0,2050.75,2046.45,2050.75,142.0
2021-06-23 10:25:00,NSE:ZYDUSWELL,2050.8,2050.8,2045.0,2050.65,324.0
2021-06-23 10:30:00,NSE:ZYDUSWELL,2047.2,2047.2,2043.0,2045.0,536.0
2021-06-23 10:35:00,NSE:ZYDUSWELL,2045.0,2045.0,2041.65,2043.4,101.0
2021-06-23 10:40:00,NSE:ZYDUSWELL,2043.45,2047.85,2043.45,2047.85,144.0
2021-06-23 10:45:00,NSE:ZYDUSWELL,2047.85,2050.45,2046.15,2050.45,182.0
2021-06-23 10:50:00,NSE:ZYDUSWELL,2050.65,2050.65,2049.9,2049.9,24.0
2021-06-23 10:55:00,NSE:ZYDUSWELL,2047.5,2049.95,2047.5,2049.9,17.0
2021-06-23 11:00:00,NSE:ZYDUSWELL,2049.9,2049.9,2046.45,2047.3,138.0
2021-06-23 11:05:00,NSE:ZYDUSWELL,2046.25,2047.65,2045.0,2047.0,66.0
2021-06-23 11:10:00,NSE:ZYDUSWELL,2046.0,2046.5,2046.0,2046.5,3.0
2021-06-23 11:15:00,NSE:ZYDUSWELL,2046.35,2046.35,2045.55,2046.25,36.0
2021-06-23 11:20:00,NSE:ZYDUSWELL,2045.0,2046.35,2045.0,2045.0,30.0
2021-06-23 11:25:00,NSE:ZYDUSWELL,2047.65,2050.2,2046.6,2046.65,235.0
2021-06-23 11:30:00,NSE:ZYDUSWELL,2046.65,2046.65,2046.65,2046.65,11.0
2021-06-23 11:35:00,NSE:ZYDUSWELL,2051.45,2051.45,2046.65,2046.65,253.0
2021-06-23 11:40:00,NSE:ZYDUSWELL,2046.65,2049.5,2046.65,2049.5,11.0
2021-06-23 11:45:00,NSE:ZYDUSWELL,2047.0,2047.05,2046.65,2046.65,5.0
2021-06-23 11:50:00,NSE:ZYDUSWELL,2048.4,2050.8,2047.55,2050.8,97.0
2021-06-23 11:55:00,NSE:ZYDUSWELL,2048.6,2048.6,2048.6,2048.6,17.0
2021-06-23 12:00:00,NSE:ZYDUSWELL,2048.55,2050.05,2048.55,2050.05,20.0
2021-06-23 12:05:00,NSE:ZYDUSWELL,2051.0,2051.0,2048.65,2048.65,21.0
2021-06-23 12:10:00,NSE:ZYDUSWELL,2047.55,2047.55,2040.1,2043.05,425.0
2021-06-23 12:15:00,NSE:ZYDUSWELL,2045.75,2048.5,2043.3,2045.3,115.0
2021-06-23 12:20:00,NSE:ZYDUSWELL,2044.55,2046.25,2043.1,2045.85,49.0
2021-06-23 12:25:00,NSE:ZYDUSWELL,2045.65,2050.35,2043.6,2050.35,184.0
2021-06-23 12:30:00,NSE:ZYDUSWELL,2051.95,2052.5,2048.0,2051.0,214.0
2021-06-23 12:35:00,NSE:ZYDUSWELL,2047.05,2050.45,2047.0,2048.45,149.0
2021-06-23 12:40:00,NSE:ZYDUSWELL,2052.5,2052.65,2048.25,2052.65,306.0
2021-06-23 12:45:00,NSE:ZYDUSWELL,2052.75,2052.75,2044.0,2044.0,161.0
2021-06-23 12:50:00,NSE:ZYDUSWELL,2044.95,2049.0,2044.95,2046.8,468.0
2021-06-23 12:55:00,NSE:ZYDUSWELL,2046.7,2049.85,2046.35,2046.5,84.0
2021-06-23 13:00:00,NSE:ZYDUSWELL,2050.0,2050.0,2046.8,2049.0,137.0
2021-06-23 13:05:00,NSE:ZYDUSWELL,2050.0,2050.0,2050.0,2050.0,30.0
2021-06-23 13:10:00,NSE:ZYDUSWELL,2045.7,2047.95,2045.7,2046.05,36.0
2021-06-23 13:15:00,NSE:ZYDUSWELL,2047.7,2049.95,2044.0,2047.65,70.0
2021-06-23 13:20:00,NSE:ZYDUSWELL,2047.3,2049.95,2046.55,2046.55,21.0
2021-06-23 13:25:00,NSE:ZYDUSWELL,2047.95,2047.95,2047.9,2047.9,9.0
2021-06-23 13:30:00,NSE:ZYDUSWELL,2049.65,2049.85,2046.95,2049.55,15.0
2021-06-23 13:35:00,NSE:ZYDUSWELL,2045.2,2047.5,2045.2,2047.5,58.0
2021-06-23 13:40:00,NSE:ZYDUSWELL,2046.55,2046.55,2045.6,2045.6,12.0
2021-06-23 13:45:00,NSE:ZYDUSWELL,2048.35,2048.35,2046.3,2046.3,9.0
2021-06-23 13:50:00,NSE:ZYDUSWELL,2048.3,2048.9,2048.3,2048.9,6.0
2021-06-23 13:55:00,NSE:ZYDUSWELL,2046.4,2049.5,2046.4,2049.5,11.0
2021-06-23 14:00:00,NSE:ZYDUSWELL,2049.45,2049.9,2045.7,2047.25,75.0
2021-06-23 14:05:00,NSE:ZYDUSWELL,2049.25,2049.9,2044.1,2044.2,127.0
2021-06-23 14:10:00,NSE:ZYDUSWELL,2046.3,2048.85,2044.2,2044.8,130.0
2021-06-23 14:15:00,NSE:ZYDUSWELL,2046.6,2049.55,2045.95,2049.05,80.0
2021-06-23 14:20:00,NSE:ZYDUSWELL,2049.05,2050.0,2046.85,2049.95,137.0
2021-06-23 14:25:00,NSE:ZYDUSWELL,2049.6,2049.6,2043.0,2043.0,380.0
2021-06-23 14:30:00,NSE:ZYDUSWELL,2044.9,2045.0,2041.0,2041.1,125.0
2021-06-23 14:35:00,NSE:ZYDUSWELL,2044.3,2044.3,2041.0,2041.0,146.0
2021-06-23 14:40:00,NSE:ZYDUSWELL,2040.05,2043.6,2040.0,2043.6,165.0
2021-06-23 14:45:00,NSE:ZYDUSWELL,2043.85,2044.75,2040.0,2040.05,300.0
2021-06-23 14:50:00,NSE:ZYDUSWELL,2041.85,2043.15,2041.85,2043.15,20.0
2021-06-23 14:55:00,NSE:ZYDUSWELL,2041.3,2044.75,2040.6,2043.65,125.0
2021-06-23 15:00:00,NSE:ZYDUSWELL,2043.65,2044.5,2040.0,2042.1,302.0
2021-06-23 15:05:00,NSE:ZYDUSWELL,2041.6,2042.85,2040.0,2042.8,177.0
2021-06-23 15:10:00,NSE:ZYDUSWELL,2042.55,2044.3,2041.15,2041.2,224.0
2021-06-23 15:15:00,NSE:ZYDUSWELL,2041.2,2042.9,2040.0,2040.45,412.0
2021-06-23 15:20:00,NSE:ZYDUSWELL,2040.0,2047.8,2040.0,2041.5,697.0
2021-06-23 15:25:00,NSE:ZYDUSWELL,2041.25,2045.35,2039.0,2040.0,536.0
2021-06-23 15:30:00,NSE:ZYDUSWELL,2040.0,2040.0,2040.0,2040.0,105.0
2021-06-24 09:05:00,NSE:ZYDUSWELL,2040.0,2040.0,2040.0,2040.0,75.0
2021-06-24 09:15:00,NSE:ZYDUSWELL,2040.05,2045.0,2040.05,2041.05,178.0
2021-06-24 09:20:00,NSE:ZYDUSWELL,2041.65,2047.4,2041.65,2045.8,18.0
2021-06-24 09:25:00,NSE:ZYDUSWELL,2044.35,2047.2,2043.2,2044.1,103.0
2021-06-24 09:30:00,NSE:ZYDUSWELL,2043.2,2043.5,2037.65,2039.9,301.0
2021-06-24 09:35:00,NSE:ZYDUSWELL,2040.1,2042.35,2035.0,2039.0,350.0
2021-06-24 09:40:00,NSE:ZYDUSWELL,2039.95,2042.8,2038.9,2042.6,167.0
2021-06-24 09:45:00,NSE:ZYDUSWELL,2042.05,2045.05,2042.0,2042.0,657.0
2021-06-24 09:50:00,NSE:ZYDUSWELL,2040.0,2040.0,2038.0,2038.55,226.0
2021-06-24 09:55:00,NSE:ZYDUSWELL,2038.1,2048.25,2038.1,2045.7,42.0
2021-06-24 10:00:00,NSE:ZYDUSWELL,2048.3,2050.0,2047.65,2049.5,80.0
2021-06-24 10:05:00,NSE:ZYDUSWELL,2049.0,2052.0,2048.25,2050.05,359.0
2021-06-24 10:10:00,NSE:ZYDUSWELL,2048.15,2050.1,2048.0,2050.0,188.0
2021-06-24 10:15:00,NSE:ZYDUSWELL,2049.95,2054.45,2049.95,2054.45,145.0
2021-06-24 10:20:00,NSE:ZYDUSWELL,2052.25,2054.25,2050.0,2052.0,100.0
2021-06-24 10:25:00,NSE:ZYDUSWELL,2050.5,2050.5,2050.0,2050.0,37.0
2021-06-24 10:30:00,NSE:ZYDUSWELL,2050.1,2052.0,2050.0,2050.0,151.0
2021-06-24 10:35:00,NSE:ZYDUSWELL,2050.7,2051.9,2050.0,2051.9,51.0
2021-06-24 10:40:00,NSE:ZYDUSWELL,2050.55,2051.0,2050.55,2051.0,16.0
2021-06-24 10:45:00,NSE:ZYDUSWELL,2050.55,2051.0,2050.0,2050.5,13.0
2021-06-24 10:50:00,NSE:ZYDUSWELL,2050.5,2064.95,2050.5,2064.45,1236.0
2021-06-24 10:55:00,NSE:ZYDUSWELL,2064.5,2064.5,2060.0,2061.9,564.0
2021-06-24 11:00:00,NSE:ZYDUSWELL,2062.0,2062.35,2060.0,2060.0,123.0
2021-06-24 11:05:00,NSE:ZYDUSWELL,2062.0,2062.4,2060.0,2061.0,368.0
2021-06-24 11:10:00,NSE:ZYDUSWELL,2060.0,2060.0,2050.0,2053.35,280.0
2021-06-24 11:15:00,NSE:ZYDUSWELL,2053.35,2054.95,2050.05,2053.1,144.0
2021-06-24 11:20:00,NSE:ZYDUSWELL,2051.05,2051.05,2043.15,2043.15,215.0
2021-06-24 11:25:00,NSE:ZYDUSWELL,2039.05,2042.55,2039.05,2040.5,84.0
2021-06-24 11:30:00,NSE:ZYDUSWELL,2041.45,2041.45,2040.5,2040.5,34.0
2021-06-24 11:35:00,NSE:ZYDUSWELL,2040.5,2043.05,2040.0,2043.05,75.0
2021-06-24 11:40:00,NSE:ZYDUSWELL,2043.8,2046.55,2043.8,2044.3,29.0
2021-06-24 11:45:00,NSE:ZYDUSWELL,2042.85,2042.85,2042.0,2042.1,42.0
2021-06-24 11:50:00,NSE:ZYDUSWELL,2045.2,2045.2,2043.7,2043.75,30.0
2021-06-24 11:55:00,NSE:ZYDUSWELL,2043.8,2051.4,2043.8,2050.05,186.0
2021-06-24 12:00:00,NSE:ZYDUSWELL,2052.15,2052.15,2044.65,2044.75,177.0
2021-06-24 12:05:00,NSE:ZYDUSWELL,2044.2,2044.7,2040.8,2041.4,48.0
2021-06-24 12:10:00,NSE:ZYDUSWELL,2041.9,2049.65,2041.9,2048.0,46.0
2021-06-24 12:15:00,NSE:ZYDUSWELL,2047.55,2047.55,2045.15,2045.4,168.0
2021-06-24 12:20:00,NSE:ZYDUSWELL,2045.4,2045.4,2043.8,2043.8,37.0
2021-06-24 12:25:00,NSE:ZYDUSWELL,2043.75,2048.95,2043.75,2048.2,58.0
2021-06-24 12:30:00,NSE:ZYDUSWELL,2046.6,2046.6,2044.65,2046.0,26.0
2021-06-24 12:35:00,NSE:ZYDUSWELL,2045.35,2047.7,2045.35,2046.55,45.0
2021-06-24 12:40:00,NSE:ZYDUSWELL,2046.1,2049.15,2046.1,2049.15,4.0
2021-06-24 12:45:00,NSE:ZYDUSWELL,2048.3,2050.7,2048.3,2050.7,15.0
2021-06-24 12:50:00,NSE:ZYDUSWELL,2050.0,2050.95,2050.0,2050.0,3.0
2021-06-24 12:55:00,NSE:ZYDUSWELL,2048.05,2048.6,2045.0,2045.0,188.0
2021-06-24 13:00:00,NSE:ZYDUSWELL,2046.15,2048.0,2044.8,2045.0,201.0
2021-06-24 13:05:00,NSE:ZYDUSWELL,2044.95,2052.0,2044.75,2050.85,219.0
2021-06-24 13:10:00,NSE:ZYDUSWELL,2051.4,2051.4,2050.0,2050.05,31.0
2021-06-24 13:15:00,NSE:ZYDUSWELL,2050.0,2050.0,2043.8,2044.95,292.0
2021-06-24 13:20:00,NSE:ZYDUSWELL,2043.9,2044.1,2043.65,2043.75,43.0
2021-06-24 13:25:00,NSE:ZYDUSWELL,2044.0,2052.1,2044.0,2051.25,71.0
2021-06-24 13:30:00,NSE:ZYDUSWELL,2051.2,2055.0,2051.2,2055.0,55.0
2021-06-24 13:35:00,NSE:ZYDUSWELL,2052.05,2052.25,2051.0,2051.65,48.0
2021-06-24 13:40:00,NSE:ZYDUSWELL,2054.95,2054.95,2052.0,2052.0,20.0
2021-06-24 13:45:00,NSE:ZYDUSWELL,2052.0,2053.95,2051.35,2051.35,3.0
2021-06-24 13:50:00,NSE:ZYDUSWELL,2051.0,2051.0,2046.65,2047.0,127.0
2021-06-24 13:55:00,NSE:ZYDUSWELL,2046.1,2046.1,2046.1,2046.1,1.0
2021-06-24 14:00:00,NSE:ZYDUSWELL,2047.55,2048.3,2044.55,2048.15,28.0
2021-06-24 14:05:00,NSE:ZYDUSWELL,2045.0,2049.6,2043.95,2049.6,171.0
2021-06-24 14:10:00,NSE:ZYDUSWELL,2050.45,2050.45,2043.05,2043.1,149.0
2021-06-24 14:15:00,NSE:ZYDUSWELL,2043.05,2047.1,2043.0,2043.1,51.0
2021-06-24 14:20:00,NSE:ZYDUSWELL,2043.65,2043.65,2043.05,2043.05,7.0
2021-06-24 14:25:00,NSE:ZYDUSWELL,2046.6,2046.6,2046.45,2046.45,32.0
2021-06-24 14:30:00,NSE:ZYDUSWELL,2045.5,2050.9,2045.5,2049.05,163.0
2021-06-24 14:35:00,NSE:ZYDUSWELL,2047.1,2047.1,2045.5,2046.0,31.0
2021-06-24 14:40:00,NSE:ZYDUSWELL,2047.0,2047.9,2047.0,2047.9,12.0
2021-06-24 14:45:00,NSE:ZYDUSWELL,2049.2,2053.9,2047.9,2049.3,147.0
2021-06-24 14:50:00,NSE:ZYDUSWELL,2049.2,2051.55,2047.55,2051.55,32.0
2021-06-24 14:55:00,NSE:ZYDUSWELL,2052.0,2053.9,2046.55,2046.55,74.0
2021-06-24 15:00:00,NSE:ZYDUSWELL,2047.1,2053.85,2047.1,2051.8,85.0
2021-06-24 15:05:00,NSE:ZYDUSWELL,2051.8,2060.25,2048.6,2060.25,538.0
2021-06-24 15:10:00,NSE:ZYDUSWELL,2060.25,2077.95,2058.6,2059.95,3446.0
2021-06-24 15:15:00,NSE:ZYDUSWELL,2067.95,2082.1,2066.8,2080.1,4315.0
2021-06-24 15:20:00,NSE:ZYDUSWELL,2081.95,2089.95,2079.9,2085.0,2098.0
2021-06-24 15:25:00,NSE:ZYDUSWELL,2085.0,2093.8,2056.45,2084.95,3465.0
2021-06-24 15:40:00,NSE:ZYDUSWELL,2077.7,2077.7,2077.7,2077.7,1.0
2021-06-25 09:05:00,NSE:ZYDUSWELL,2078.0,2078.0,2078.0,2078.0,41.0
2021-06-25 09:15:00,NSE:ZYDUSWELL,2078.0,2087.9,2076.45,2086.3,874.0
2021-06-25 09:20:00,NSE:ZYDUSWELL,2082.15,2082.8,2077.35,2080.2,323.0
2021-06-25 09:25:00,NSE:ZYDUSWELL,2080.2,2085.0,2076.0,2083.85,333.0
2021-06-25 09:30:00,NSE:ZYDUSWELL,2082.6,2084.05,2075.05,2079.95,366.0
2021-06-25 09:35:00,NSE:ZYDUSWELL,2076.1,2081.5,2076.1,2080.05,544.0
2021-06-25 09:40:00,NSE:ZYDUSWELL,2080.15,2084.95,2080.15,2080.35,136.0
2021-06-25 09:45:00,NSE:ZYDUSWELL,2083.85,2084.85,2081.0,2081.0,642.0
2021-06-25 09:50:00,NSE:ZYDUSWELL,2083.8,2083.8,2081.0,2081.0,788.0
2021-06-25 09:55:00,NSE:ZYDUSWELL,2081.0,2082.5,2076.15,2080.0,236.0
2021-06-25 10:00:00,NSE:ZYDUSWELL,2075.0,2078.8,2070.0,2075.6,169.0
2021-06-25 10:05:00,NSE:ZYDUSWELL,2072.2,2081.0,2071.0,2080.45,156.0
2021-06-25 10:10:00,NSE:ZYDUSWELL,2081.0,2084.1,2072.3,2080.35,199.0
2021-06-25 10:15:00,NSE:ZYDUSWELL,2080.55,2081.45,2066.3,2078.1,652.0
2021-06-25 10:20:00,NSE:ZYDUSWELL,2079.85,2082.95,2079.85,2080.55,62.0
2021-06-25 10:25:00,NSE:ZYDUSWELL,2080.05,2080.05,2070.65,2076.45,51.0
2021-06-25 10:30:00,NSE:ZYDUSWELL,2076.45,2079.55,2073.55,2075.75,61.0
2021-06-25 10:35:00,NSE:ZYDUSWELL,2073.25,2075.45,2073.25,2074.8,33.0
2021-06-25 10:40:00,NSE:ZYDUSWELL,2071.35,2071.35,2066.3,2070.45,220.0
2021-06-25 10:45:00,NSE:ZYDUSWELL,2069.95,2069.95,2067.6,2067.65,7.0
2021-06-25 10:50:00,NSE:ZYDUSWELL,2064.0,2068.5,2063.4,2068.5,75.0
2021-06-25 10:55:00,NSE:ZYDUSWELL,2068.45,2068.45,2068.4,2068.4,2.0
2021-06-25 11:00:00,NSE:ZYDUSWELL,2068.3,2068.3,2066.1,2066.25,17.0
2021-06-25 11:05:00,NSE:ZYDUSWELL,2066.9,2066.95,2066.15,2066.95,31.0
2021-06-25 11:10:00,NSE:ZYDUSWELL,2067.35,2070.05,2067.0,2070.05,99.0
2021-06-25 11:15:00,NSE:ZYDUSWELL,2070.05,2073.3,2070.05,2073.3,15.0
2021-06-25 11:20:00,NSE:ZYDUSWELL,2073.0,2074.5,2071.85,2071.85,13.0
2021-06-25 11:25:00,NSE:ZYDUSWELL,2073.55,2074.7,2072.1,2072.1,179.0
2021-06-25 11:30:00,NSE:ZYDUSWELL,2070.75,2071.45,2067.75,2068.1,40.0
2021-06-25 11:35:00,NSE:ZYDUSWELL,2070.2,2071.95,2067.75,2070.6,68.0
2021-06-25 11:40:00,NSE:ZYDUSWELL,2068.4,2071.9,2068.4,2071.9,34.0
2021-06-25 11:45:00,NSE:ZYDUSWELL,2071.35,2073.95,2071.35,2073.95,9.0
2021-06-25 11:50:00,NSE:ZYDUSWELL,2075.0,2077.35,2074.7,2075.05,29.0
2021-06-25 11:55:00,NSE:ZYDUSWELL,2077.8,2077.8,2075.85,2075.85,27.0
2021-06-25 12:00:00,NSE:ZYDUSWELL,2079.0,2081.35,2065.05,2067.0,771.0
2021-06-25 12:05:00,NSE:ZYDUSWELL,2069.8,2072.1,2069.8,2070.65,115.0
2021-06-25 12:10:00,NSE:ZYDUSWELL,2070.0,2070.45,2068.95,2068.95,33.0
2021-06-25 12:15:00,NSE:ZYDUSWELL,2071.25,2081.5,2070.6,2081.5,649.0
2021-06-25 12:20:00,NSE:ZYDUSWELL,2077.9,2083.0,2077.9,2082.0,94.0
2021-06-25 12:25:00,NSE:ZYDUSWELL,2079.05,2079.05,2077.0,2077.0,35.0
2021-06-25 12:30:00,NSE:ZYDUSWELL,2077.2,2077.2,2076.0,2076.0,99.0
2021-06-25 12:35:00,NSE:ZYDUSWELL,2078.2,2079.95,2078.2,2079.95,20.0
2021-06-25 12:40:00,NSE:ZYDUSWELL,2079.25,2081.0,2079.25,2081.0,6.0
2021-06-25 12:45:00,NSE:ZYDUSWELL,2078.55,2079.2,2077.9,2079.2,67.0
2021-06-25 12:50:00,NSE:ZYDUSWELL,2082.6,2082.6,2079.0,2080.95,73.0
2021-06-25 12:55:00,NSE:ZYDUSWELL,2080.25,2080.25,2080.25,2080.25,2.0
2021-06-25 13:00:00,NSE:ZYDUSWELL,2080.1,2080.1,2077.55,2077.6,4.0
2021-06-25 13:05:00,NSE:ZYDUSWELL,2080.15,2080.15,2076.8,2076.8,23.0
2021-06-25 13:10:00,NSE:ZYDUSWELL,2076.0,2076.0,2076.0,2076.0,171.0
2021-06-25 13:15:00,NSE:ZYDUSWELL,2076.05,2079.35,2076.05,2079.35,28.0
2021-06-25 13:20:00,NSE:ZYDUSWELL,2079.5,2080.0,2078.0,2080.0,228.0
2021-06-25 13:25:00,NSE:ZYDUSWELL,2080.0,2080.0,2077.55,2077.55,20.0
2021-06-25 13:30:00,NSE:ZYDUSWELL,2080.0,2080.0,2075.25,2075.25,403.0
2021-06-25 13:35:00,NSE:ZYDUSWELL,2077.75,2079.7,2077.75,2079.15,25.0
2021-06-25 13:40:00,NSE:ZYDUSWELL,2079.65,2080.25,2076.45,2076.45,138.0
2021-06-25 13:45:00,NSE:ZYDUSWELL,2078.0,2079.0,2076.3,2079.0,157.0
2021-06-25 13:50:00,NSE:ZYDUSWELL,2080.2,2080.35,2076.05,2078.7,36.0
2021-06-25 13:55:00,NSE:ZYDUSWELL,2078.65,2078.65,2078.65,2078.65,10.0
2021-06-25 14:00:00,NSE:ZYDUSWELL,2079.0,2079.0,2072.1,2074.05,55.0
2021-06-25 14:05:00,NSE:ZYDUSWELL,2073.95,2078.6,2070.5,2078.6,41.0
2021-06-25 14:10:00,NSE:ZYDUSWELL,2079.75,2079.75,2069.25,2071.95,70.0
2021-06-25 14:15:00,NSE:ZYDUSWELL,2066.55,2075.9,2066.55,2075.9,183.0
2021-06-25 14:20:00,NSE:ZYDUSWELL,2078.9,2080.35,2072.1,2072.1,241.0
2021-06-25 14:25:00,NSE:ZYDUSWELL,2074.55,2077.3,2073.1,2073.1,25.0
2021-06-25 14:30:00,NSE:ZYDUSWELL,2073.75,2075.25,2073.1,2075.25,355.0
2021-06-25 14:35:00,NSE:ZYDUSWELL,2075.5,2075.5,2073.1,2075.3,39.0
2021-06-25 14:40:00,NSE:ZYDUSWELL,2075.3,2075.7,2072.6,2075.6,45.0
2021-06-25 14:45:00,NSE:ZYDUSWELL,2072.1,2073.35,2070.0,2073.35,108.0
2021-06-25 14:50:00,NSE:ZYDUSWELL,2075.25,2079.0,2072.7,2079.0,70.0
2021-06-25 14:55:00,NSE:ZYDUSWELL,2079.0,2079.0,2074.1,2075.0,106.0
2021-06-25 15:00:00,NSE:ZYDUSWELL,2075.95,2076.7,2073.45,2074.5,61.0
2021-06-25 15:05:00,NSE:ZYDUSWELL,2075.0,2078.0,2073.25,2075.55,504.0
2021-06-25 15:10:00,NSE:ZYDUSWELL,2077.0,2077.0,2070.0,2071.25,1303.0
2021-06-25 15:15:00,NSE:ZYDUSWELL,2072.55,2080.0,2069.2,2073.6,279.0
2021-06-25 15:20:00,NSE:ZYDUSWELL,2073.35,2073.85,2070.0,2073.35,120.0
2021-06-25 15:25:00,NSE:ZYDUSWELL,2070.05,2072.55,2065.05,2065.3,402.0
2021-06-25 15:30:00,NSE:ZYDUSWELL,2065.3,2065.3,2065.3,2065.3,1.0
2021-06-25 15:45:00,NSE:ZYDUSWELL,2071.95,2071.95,2065.3,2065.3,25.0
2021-06-28 09:05:00,NSE:ZYDUSWELL,2080.9,2080.9,2080.9,2080.9,161.0
2021-06-28 09:15:00,NSE:ZYDUSWELL,2075.65,2081.45,2075.0,2075.0,739.0
2021-06-28 09:20:00,NSE:ZYDUSWELL,2075.85,2088.7,2075.0,2081.1,1206.0
2021-06-28 09:25:00,NSE:ZYDUSWELL,2081.15,2100.45,2081.15,2093.65,1850.0
2021-06-28 09:30:00,NSE:ZYDUSWELL,2093.7,2106.25,2093.7,2101.15,1870.0
2021-06-28 09:35:00,NSE:ZYDUSWELL,2102.3,2110.0,2097.75,2099.05,4079.0
2021-06-28 09:40:00,NSE:ZYDUSWELL,2096.35,2100.0,2087.35,2100.0,1494.0
2021-06-28 09:45:00,NSE:ZYDUSWELL,2100.0,2100.0,2086.5,2090.2,517.0
2021-06-28 09:50:00,NSE:ZYDUSWELL,2093.4,2093.95,2090.05,2093.3,176.0
2021-06-28 09:55:00,NSE:ZYDUSWELL,2093.3,2100.0,2093.3,2096.05,331.0
2021-06-28 10:00:00,NSE:ZYDUSWELL,2099.0,2100.0,2095.0,2098.5,740.0
2021-06-28 10:05:00,NSE:ZYDUSWELL,2096.0,2108.75,2095.6,2100.25,4100.0
2021-06-28 10:10:00,NSE:ZYDUSWELL,2101.0,2102.65,2096.65,2098.0,611.0
2021-06-28 10:15:00,NSE:ZYDUSWELL,2098.35,2102.0,2098.35,2099.0,677.0
2021-06-28 10:20:00,NSE:ZYDUSWELL,2100.95,2102.65,2099.0,2100.0,522.0
2021-06-28 10:25:00,NSE:ZYDUSWELL,2102.3,2102.3,2098.3,2102.0,339.0
2021-06-28 10:30:00,NSE:ZYDUSWELL,2100.0,2102.0,2090.95,2095.45,581.0
2021-06-28 10:35:00,NSE:ZYDUSWELL,2095.45,2097.3,2092.85,2095.45,106.0
2021-06-28 10:40:00,NSE:ZYDUSWELL,2089.5,2089.5,2085.05,2087.35,562.0
2021-06-28 10:45:00,NSE:ZYDUSWELL,2087.6,2088.6,2087.0,2088.0,52.0
2021-06-28 10:50:00,NSE:ZYDUSWELL,2088.0,2088.65,2088.0,2088.0,60.0
2021-06-28 10:55:00,NSE:ZYDUSWELL,2088.95,2089.0,2088.0,2088.0,218.0
2021-06-28 11:00:00,NSE:ZYDUSWELL,2087.05,2088.6,2087.0,2087.05,53.0
2021-06-28 11:05:00,NSE:ZYDUSWELL,2087.0,2092.0,2087.0,2091.95,333.0
2021-06-28 11:10:00,NSE:ZYDUSWELL,2091.95,2092.0,2091.0,2091.4,98.0
2021-06-28 11:15:00,NSE:ZYDUSWELL,2091.45,2091.45,2086.6,2086.6,89.0
2021-06-28 11:20:00,NSE:ZYDUSWELL,2086.7,2092.0,2086.6,2089.7,129.0
2021-06-28 11:25:00,NSE:ZYDUSWELL,2088.1,2094.6,2088.1,2094.6,53.0
2021-06-28 11:30:00,NSE:ZYDUSWELL,2088.1,2093.4,2088.1,2093.4,127.0
2021-06-28 11:35:00,NSE:ZYDUSWELL,2093.55,2096.65,2090.95,2090.95,122.0
2021-06-28 11:40:00,NSE:ZYDUSWELL,2091.3,2096.7,2090.9,2093.0,217.0
2021-06-28 11:45:00,NSE:ZYDUSWELL,2093.8,2096.35,2093.8,2096.25,6.0
2021-06-28 11:50:00,NSE:ZYDUSWELL,2096.3,2096.3,2094.0,2094.0,32.0
2021-06-28 11:55:00,NSE:ZYDUSWELL,2093.1,2093.1,2088.05,2092.35,526.0
2021-06-28 12:00:00,NSE:ZYDUSWELL,2096.5,2096.5,2093.3,2094.95,159.0
2021-06-28 12:05:00,NSE:ZYDUSWELL,2092.4,2096.0,2092.35,2094.1,115.0
2021-06-28 12:10:00,NSE:ZYDUSWELL,2094.1,2094.1,2089.85,2093.6,133.0
2021-06-28 12:15:00,NSE:ZYDUSWELL,2092.3,2093.55,2092.3,2092.3,50.0
2021-06-28 12:20:00,NSE:ZYDUSWELL,2092.3,2094.85,2092.3,2092.3,144.0
2021-06-28 12:25:00,NSE:ZYDUSWELL,2092.3,2094.0,2092.3,2092.3,130.0
2021-06-28 12:30:00,NSE:ZYDUSWELL,2090.95,2090.95,2089.95,2089.95,669.0
2021-06-28 12:35:00,NSE:ZYDUSWELL,2088.1,2090.0,2088.1,2090.0,14.0
2021-06-28 12:40:00,NSE:ZYDUSWELL,2088.25,2090.0,2088.05,2089.7,119.0
2021-06-28 12:45:00,NSE:ZYDUSWELL,2088.1,2092.45,2088.1,2092.45,127.0
2021-06-28 12:50:00,NSE:ZYDUSWELL,2093.25,2094.0,2089.9,2092.25,872.0
2021-06-28 12:55:00,NSE:ZYDUSWELL,2093.1,2094.15,2089.5,2092.7,241.0
2021-06-28 13:00:00,NSE:ZYDUSWELL,2092.65,2092.65,2090.5,2090.5,5.0
2021-06-28 13:05:00,NSE:ZYDUSWELL,2092.65,2092.65,2091.5,2091.9,74.0
2021-06-28 13:10:00,NSE:ZYDUSWELL,2089.55,2093.65,2089.55,2092.85,58.0
2021-06-28 13:15:00,NSE:ZYDUSWELL,2093.0,2093.9,2089.0,2089.0,32.0
2021-06-28 13:20:00,NSE:ZYDUSWELL,2089.0,2093.85,2088.25,2093.85,62.0
2021-06-28 13:25:00,NSE:ZYDUSWELL,2093.85,2093.85,2093.2,2093.2,13.0
2021-06-28 13:30:00,NSE:ZYDUSWELL,2091.45,2093.75,2091.45,2093.75,20.0
2021-06-28 13:35:00,NSE:ZYDUSWELL,2091.35,2092.7,2088.05,2090.15,123.0
2021-06-28 13:40:00,NSE:ZYDUSWELL,2090.8,2090.95,2088.15,2090.7,72.0
2021-06-28 13:45:00,NSE:ZYDUSWELL,2092.25,2093.75,2090.25,2090.25,31.0
2021-06-28 13:50:00,NSE:ZYDUSWELL,2090.35,2093.45,2088.05,2093.45,201.0
2021-06-28 13:55:00,NSE:ZYDUSWELL,2092.75,2094.65,2088.7,2091.0,299.0
2021-06-28 14:00:00,NSE:ZYDUSWELL,2091.0,2093.5,2089.65,2093.5,87.0
2021-06-28 14:05:00,NSE:ZYDUSWELL,2091.2,2093.0,2090.55,2092.9,65.0
2021-06-28 14:10:00,NSE:ZYDUSWELL,2090.0,2095.0,2090.0,2094.65,950.0
2021-06-28 14:15:00,NSE:ZYDUSWELL,2095.0,2096.95,2092.6,2096.65,273.0
2021-06-28 14:20:00,NSE:ZYDUSWELL,2095.35,2095.35,2090.4,2093.0,114.0
2021-06-28 14:25:00,NSE:ZYDUSWELL,2094.0,2094.0,2091.55,2092.3,68.0
2021-06-28 14:30:00,NSE:ZYDUSWELL,2093.95,2093.95,2082.75,2082.75,427.0
2021-06-28 14:35:00,NSE:ZYDUSWELL,2081.45,2084.65,2077.0,2081.25,624.0
2021-06-28 14:40:00,NSE:ZYDUSWELL,2084.15,2086.65,2079.35,2082.45,74.0
2021-06-28 14:45:00,NSE:ZYDUSWELL,2085.1,2086.4,2080.8,2084.3,153.0
2021-06-28 14:50:00,NSE:ZYDUSWELL,2080.65,2086.7,2078.45,2083.9,185.0
2021-06-28 14:55:00,NSE:ZYDUSWELL,2084.0,2089.2,2077.0,2077.0,383.0
2021-06-28 15:00:00,NSE:ZYDUSWELL,2082.2,2087.8,2082.2,2085.25,255.0
2021-06-28 15:05:00,NSE:ZYDUSWELL,2082.25,2087.65,2081.0,2085.8,285.0
2021-06-28 15:10:00,NSE:ZYDUSWELL,2082.0,2086.95,2081.85,2085.6,310.0
2021-06-28 15:15:00,NSE:ZYDUSWELL,2083.05,2086.0,2081.4,2084.85,320.0
2021-06-28 15:20:00,NSE:ZYDUSWELL,2083.8,2085.75,2081.0,2085.75,332.0
2021-06-28 15:25:00,NSE:ZYDUSWELL,2081.4,2090.0,2075.0,2079.0,854.0
2021-06-28 15:40:00,NSE:ZYDUSWELL,2083.4,2083.4,2079.0,2079.0,23.0
2021-06-29 09:05:00,NSE:ZYDUSWELL,2084.0,2084.0,2084.0,2084.0,55.0
2021-06-29 09:15:00,NSE:ZYDUSWELL,2084.05,2091.55,2080.05,2088.65,377.0
2021-06-29 09:20:00,NSE:ZYDUSWELL,2092.0,2094.35,2086.65,2086.65,318.0
2021-06-29 09:25:00,NSE:ZYDUSWELL,2084.85,2089.9,2084.7,2089.9,153.0
2021-06-29 09:30:00,NSE:ZYDUSWELL,2086.5,2090.0,2084.9,2087.15,101.0
2021-06-29 09:35:00,NSE:ZYDUSWELL,2089.75,2089.75,2084.9,2084.9,83.0
2021-06-29 09:40:00,NSE:ZYDUSWELL,2083.0,2085.0,2076.95,2081.65,429.0
2021-06-29 09:45:00,NSE:ZYDUSWELL,2081.05,2081.95,2073.45,2080.65,368.0
2021-06-29 09:50:00,NSE:ZYDUSWELL,2081.3,2081.3,2076.0,2077.8,165.0
2021-06-29 09:55:00,NSE:ZYDUSWELL,2075.15,2080.0,2075.05,2075.25,204.0
2021-06-29 10:00:00,NSE:ZYDUSWELL,2075.2,2075.2,2060.85,2062.7,1106.0
2021-06-29 10:05:00,NSE:ZYDUSWELL,2062.35,2066.6,2060.65,2063.95,356.0
2021-06-29 10:10:00,NSE:ZYDUSWELL,2061.45,2068.3,2060.2,2065.05,324.0
2021-06-29 10:15:00,NSE:ZYDUSWELL,2065.75,2066.55,2063.4,2063.4,32.0
2021-06-29 10:20:00,NSE:ZYDUSWELL,2065.25,2065.25,2062.25,2062.25,222.0
2021-06-29 10:25:00,NSE:ZYDUSWELL,2064.85,2068.1,2062.4,2064.8,145.0
2021-06-29 10:30:00,NSE:ZYDUSWELL,2067.4,2067.4,2064.0,2064.3,50.0
2021-06-29 10:35:00,NSE:ZYDUSWELL,2064.05,2066.3,2064.0,2066.3,41.0
2021-06-29 10:40:00,NSE:ZYDUSWELL,2066.0,2066.0,2063.3,2064.95,166.0
2021-06-29 10:45:00,NSE:ZYDUSWELL,2064.95,2067.35,2064.7,2065.1,48.0
2021-06-29 10:50:00,NSE:ZYDUSWELL,2066.85,2068.5,2065.4,2068.5,84.0
2021-06-29 10:55:00,NSE:ZYDUSWELL,2068.5,2070.05,2068.5,2068.5,188.0
2021-06-29 11:00:00,NSE:ZYDUSWELL,2074.75,2077.0,2070.65,2070.65,518.0
2021-06-29 11:05:00,NSE:ZYDUSWELL,2074.2,2075.4,2072.4,2072.4,8.0
2021-06-29 11:10:00,NSE:ZYDUSWELL,2074.9,2074.9,2072.05,2073.55,35.0
2021-06-29 11:15:00,NSE:ZYDUSWELL,2074.35,2074.45,2074.35,2074.45,3.0
2021-06-29 11:20:00,NSE:ZYDUSWELL,2070.05,2071.4,2067.35,2071.35,258.0
2021-06-29 11:25:00,NSE:ZYDUSWELL,2074.3,2074.4,2069.6,2071.65,147.0
2021-06-29 11:30:00,NSE:ZYDUSWELL,2069.25,2071.95,2066.65,2066.65,230.0
2021-06-29 11:35:00,NSE:ZYDUSWELL,2065.05,2067.5,2065.05,2067.5,145.0
2021-06-29 11:40:00,NSE:ZYDUSWELL,2067.95,2070.55,2065.45,2067.7,121.0
2021-06-29 11:45:00,NSE:ZYDUSWELL,2070.5,2073.35,2067.95,2068.0,267.0
2021-06-29 11:50:00,NSE:ZYDUSWELL,2069.55,2071.8,2069.45,2071.8,9.0
2021-06-29 11:55:00,NSE:ZYDUSWELL,2072.0,2074.1,2069.55,2074.1,82.0
2021-06-29 12:00:00,NSE:ZYDUSWELL,2072.85,2074.75,2072.85,2074.75,36.0
2021-06-29 12:05:00,NSE:ZYDUSWELL,2074.0,2076.9,2074.0,2076.9,68.0
2021-06-29 12:10:00,NSE:ZYDUSWELL,2070.15,2074.4,2070.15,2072.6,194.0
2021-06-29 12:15:00,NSE:ZYDUSWELL,2074.75,2074.75,2074.75,2074.75,15.0
2021-06-29 12:20:00,NSE:ZYDUSWELL,2074.65,2074.65,2071.3,2071.3,51.0
2021-06-29 12:25:00,NSE:ZYDUSWELL,2072.85,2073.1,2072.85,2073.1,14.0
2021-06-29 12:30:00,NSE:ZYDUSWELL,2070.0,2070.0,2069.0,2069.0,81.0
2021-06-29 12:35:00,NSE:ZYDUSWELL,2068.55,2070.1,2067.0,2070.1,174.0
2021-06-29 12:40:00,NSE:ZYDUSWELL,2071.0,2071.95,2071.0,2071.95,31.0
2021-06-29 12:45:00,NSE:ZYDUSWELL,2070.3,2070.3,2068.4,2068.45,35.0
2021-06-29 12:50:00,NSE:ZYDUSWELL,2068.95,2069.15,2066.0,2069.15,123.0
2021-06-29 12:55:00,NSE:ZYDUSWELL,2067.2,2069.3,2066.3,2069.3,77.0
2021-06-29 13:00:00,NSE:ZYDUSWELL,2069.15,2069.15,2065.1,2066.55,77.0
2021-06-29 13:05:00,NSE:ZYDUSWELL,2066.6,2066.6,2065.0,2065.15,275.0
2021-06-29 13:10:00,NSE:ZYDUSWELL,2066.0,2069.15,2066.0,2069.15,45.0
2021-06-29 13:15:00,NSE:ZYDUSWELL,2069.15,2069.15,2069.05,2069.05,6.0
2021-06-29 13:25:00,NSE:ZYDUSWELL,2068.9,2068.9,2067.15,2067.15,46.0
2021-06-29 13:30:00,NSE:ZYDUSWELL,2069.1,2069.2,2069.0,2069.0,52.0
2021-06-29 13:35:00,NSE:ZYDUSWELL,2069.0,2069.0,2069.0,2069.0,1.0
2021-06-29 13:40:00,NSE:ZYDUSWELL,2072.25,2075.4,2072.05,2072.75,658.0
2021-06-29 13:45:00,NSE:ZYDUSWELL,2073.1,2073.1,2069.1,2069.1,31.0
2021-06-29 13:50:00,NSE:ZYDUSWELL,2071.65,2071.65,2067.55,2069.15,107.0
2021-06-29 13:55:00,NSE:ZYDUSWELL,2068.6,2068.6,2066.15,2067.45,87.0
2021-06-29 14:00:00,NSE:ZYDUSWELL,2066.3,2067.65,2065.0,2065.0,453.0
2021-06-29 14:05:00,NSE:ZYDUSWELL,2064.6,2064.85,2060.0,2064.85,638.0
2021-06-29 14:10:00,NSE:ZYDUSWELL,2064.7,2064.7,2064.65,2064.7,20.0
2021-06-29 14:15:00,NSE:ZYDUSWELL,2067.1,2067.75,2062.05,2067.75,489.0
2021-06-29 14:20:00,NSE:ZYDUSWELL,2067.35,2069.75,2066.25,2066.25,37.0
2021-06-29 14:25:00,NSE:ZYDUSWELL,2067.45,2067.45,2066.75,2067.35,16.0
2021-06-29 14:30:00,NSE:ZYDUSWELL,2063.6,2067.0,2062.0,2067.0,284.0
2021-06-29 14:35:00,NSE:ZYDUSWELL,2067.0,2068.95,2062.7,2062.7,143.0
2021-06-29 14:40:00,NSE:ZYDUSWELL,2060.05,2065.85,2060.05,2061.8,278.0
2021-06-29 14:45:00,NSE:ZYDUSWELL,2066.35,2066.35,2061.5,2063.05,218.0
2021-06-29 14:50:00,NSE:ZYDUSWELL,2063.85,2066.35,2063.1,2066.35,115.0
2021-06-29 14:55:00,NSE:ZYDUSWELL,2064.9,2066.2,2064.9,2066.2,19.0
2021-06-29 15:00:00,NSE:ZYDUSWELL,2063.7,2066.2,2061.75,2061.75,212.0
2021-06-29 15:05:00,NSE:ZYDUSWELL,2063.85,2066.35,2060.35,2066.35,108.0
2021-06-29 15:10:00,NSE:ZYDUSWELL,2065.7,2078.95,2061.15,2077.0,766.0
2021-06-29 15:15:00,NSE:ZYDUSWELL,2075.0,2094.6,2069.5,2090.5,2231.0
2021-06-29 15:20:00,NSE:ZYDUSWELL,2090.5,2102.0,2090.0,2100.0,2870.0
2021-06-29 15:25:00,NSE:ZYDUSWELL,2100.0,2106.0,2100.0,2105.0,3751.0
2021-06-29 15:40:00,NSE:ZYDUSWELL,2092.6,2105.0,2092.6,2105.0,7.0
2021-06-30 09:05:00,NSE:ZYDUSWELL,2111.0,2111.0,2111.0,2111.0,162.0
2021-06-30 09:15:00,NSE:ZYDUSWELL,2110.95,2114.0,2101.1,2106.1,1157.0
2021-06-30 09:20:00,NSE:ZYDUSWELL,2106.1,2107.35,2093.65,2104.1,886.0
2021-06-30 09:25:00,NSE:ZYDUSWELL,2100.85,2106.95,2100.85,2102.05,442.0
2021-06-30 09:30:00,NSE:ZYDUSWELL,2102.05,2108.95,2099.25,2100.05,622.0
2021-06-30 09:35:00,NSE:ZYDUSWELL,2097.25,2100.6,2090.85,2091.25,725.0
2021-06-30 09:40:00,NSE:ZYDUSWELL,2094.1,2096.3,2090.25,2091.95,750.0
2021-06-30 09:45:00,NSE:ZYDUSWELL,2094.95,2097.3,2091.9,2096.35,710.0
2021-06-30 09:50:00,NSE:ZYDUSWELL,2100.0,2109.0,2100.0,2106.0,1119.0
2021-06-30 09:55:00,NSE:ZYDUSWELL,2106.0,2108.0,2104.55,2108.0,466.0
2021-06-30 10:00:00,NSE:ZYDUSWELL,2104.8,2109.0,2104.8,2107.0,898.0
2021-06-30 10:05:00,NSE:ZYDUSWELL,2107.0,2110.0,2107.0,2108.15,626.0
2021-06-30 10:10:00,NSE:ZYDUSWELL,2110.0,2110.0,2107.1,2108.8,311.0
2021-06-30 10:15:00,NSE:ZYDUSWELL,2108.95,2108.95,2107.0,2107.05,201.0
2021-06-30 10:20:00,NSE:ZYDUSWELL,2107.0,2108.95,2104.85,2105.6,383.0
2021-06-30 10:25:00,NSE:ZYDUSWELL,2107.0,2108.0,2105.7,2106.95,249.0
2021-06-30 10:30:00,NSE:ZYDUSWELL,2106.95,2107.0,2104.05,2105.0,297.0
2021-06-30 10:35:00,NSE:ZYDUSWELL,2105.9,2109.0,2105.4,2107.65,737.0
2021-06-30 10:40:00,NSE:ZYDUSWELL,2107.2,2107.65,2105.7,2107.1,616.0
2021-06-30 10:45:00,NSE:ZYDUSWELL,2107.4,2110.0,2104.55,2105.05,477.0
2021-06-30 10:50:00,NSE:ZYDUSWELL,2107.0,2109.0,2106.05,2106.45,182.0
2021-06-30 10:55:00,NSE:ZYDUSWELL,2109.0,2109.0,2101.0,2101.0,471.0
2021-06-30 11:00:00,NSE:ZYDUSWELL,2104.0,2104.0,2100.3,2101.0,105.0
2021-06-30 11:05:00,NSE:ZYDUSWELL,2102.0,2102.0,2100.15,2100.75,167.0
2021-06-30 11:10:00,NSE:ZYDUSWELL,2104.0,2104.0,2100.5,2102.3,149.0
2021-06-30 11:15:00,NSE:ZYDUSWELL,2103.95,2104.0,2103.0,2103.0,51.0
2021-06-30 11:20:00,NSE:ZYDUSWELL,2102.95,2102.95,2100.5,2100.5,341.0
2021-06-30 11:25:00,NSE:ZYDUSWELL,2100.5,2104.0,2100.25,2101.35,404.0
2021-06-30 11:30:00,NSE:ZYDUSWELL,2102.9,2104.0,2101.35,2102.05,59.0
2021-06-30 11:35:00,NSE:ZYDUSWELL,2102.0,2104.0,2101.25,2103.95,255.0
2021-06-30 11:40:00,NSE:ZYDUSWELL,2101.05,2113.8,2101.0,2111.0,1699.0
2021-06-30 11:45:00,NSE:ZYDUSWELL,2112.5,2114.0,2110.0,2112.05,554.0
2021-06-30 11:50:00,NSE:ZYDUSWELL,2113.0,2114.0,2110.0,2110.0,315.0
2021-06-30 11:55:00,NSE:ZYDUSWELL,2106.0,2110.3,2106.0,2109.3,432.0
2021-06-30 12:00:00,NSE:ZYDUSWELL,2109.35,2113.35,2108.5,2112.55,176.0
2021-06-30 12:05:00,NSE:ZYDUSWELL,2112.45,2117.8,2109.35,2115.8,1616.0
2021-06-30 12:10:00,NSE:ZYDUSWELL,2116.05,2119.0,2112.75,2112.75,1078.0
2021-06-30 12:15:00,NSE:ZYDUSWELL,2112.7,2114.0,2101.55,2105.95,815.0
2021-06-30 12:20:00,NSE:ZYDUSWELL,2102.7,2107.45,2100.1,2104.95,18909.0
2021-06-30 12:25:00,NSE:ZYDUSWELL,2106.1,2108.0,2106.1,2107.45,63.0
2021-06-30 12:30:00,NSE:ZYDUSWELL,2106.05,2112.0,2104.85,2111.6,328.0
2021-06-30 12:35:00,NSE:ZYDUSWELL,2107.65,2108.0,2103.65,2107.2,411.0
2021-06-30 12:40:00,NSE:ZYDUSWELL,2107.0,2112.0,2102.0,2102.0,327.0
2021-06-30 12:45:00,NSE:ZYDUSWELL,2104.95,2108.0,2104.85,2106.4,110.0
2021-06-30 12:50:00,NSE:ZYDUSWELL,2106.5,2106.5,2102.0,2104.5,181.0
2021-06-30 12:55:00,NSE:ZYDUSWELL,2106.5,2111.0,2106.5,2107.65,456.0
2021-06-30 13:00:00,NSE:ZYDUSWELL,2108.75,2110.35,2105.2,2110.0,163.0
2021-06-30 13:05:00,NSE:ZYDUSWELL,2106.2,2109.95,2101.55,2108.0,420.0
2021-06-30 13:10:00,NSE:ZYDUSWELL,2105.0,2105.0,2101.0,2101.25,52.0
2021-06-30 13:15:00,NSE:ZYDUSWELL,2103.0,2103.0,2101.25,2102.0,285.0
2021-06-30 13:20:00,NSE:ZYDUSWELL,2102.0,2102.85,2100.4,2100.4,130.0
2021-06-30 13:25:00,NSE:ZYDUSWELL,2100.0,2103.55,2099.2,2100.4,1266.0
2021-06-30 13:30:00,NSE:ZYDUSWELL,2100.0,2103.1,2099.35,2103.1,26.0
2021-06-30 13:35:00,NSE:ZYDUSWELL,2099.25,2103.1,2098.8,2100.1,27.0
2021-06-30 13:40:00,NSE:ZYDUSWELL,2098.7,2103.0,2098.7,2102.95,60119.0
2021-06-30 13:45:00,NSE:ZYDUSWELL,2104.0,2104.0,2103.0,2103.0,38.0
2021-06-30 13:50:00,NSE:ZYDUSWELL,2102.95,2104.7,2101.4,2102.7,159.0
2021-06-30 13:55:00,NSE:ZYDUSWELL,2103.0,2105.4,2101.55,2105.4,35.0
2021-06-30 14:00:00,NSE:ZYDUSWELL,2102.65,2105.4,2100.2,2100.25,66.0
2021-06-30 14:05:00,NSE:ZYDUSWELL,2101.5,2102.65,2100.2,2100.2,53.0
2021-06-30 14:10:00,NSE:ZYDUSWELL,2103.7,2103.7,2100.25,2100.3,23.0
2021-06-30 14:15:00,NSE:ZYDUSWELL,2103.7,2109.4,2103.7,2106.1,103.0
2021-06-30 14:20:00,NSE:ZYDUSWELL,2108.05,2110.0,2108.05,2109.95,95.0
2021-06-30 14:25:00,NSE:ZYDUSWELL,2109.95,2110.0,2104.4,2104.45,107.0
2021-06-30 14:30:00,NSE:ZYDUSWELL,2104.4,2105.0,2100.5,2100.55,383.0
2021-06-30 14:35:00,NSE:ZYDUSWELL,2100.55,2103.5,2100.5,2100.7,63.0
2021-06-30 14:40:00,NSE:ZYDUSWELL,2101.05,2104.0,2097.4,2104.0,590.0
2021-06-30 14:45:00,NSE:ZYDUSWELL,2105.75,2105.75,2099.0,2099.0,129.0
2021-06-30 14:50:00,NSE:ZYDUSWELL,2099.2,2102.25,2097.0,2100.0,364.0
2021-06-30 14:55:00,NSE:ZYDUSWELL,2099.0,2102.75,2095.5,2099.0,459.0
2021-06-30 15:00:00,NSE:ZYDUSWELL,2101.65,2101.65,2098.9,2101.4,94.0
2021-06-30 15:05:00,NSE:ZYDUSWELL,2101.4,2102.25,2095.4,2097.0,41386.0
2021-06-30 15:10:00,NSE:ZYDUSWELL,2102.7,2109.0,2100.15,2109.0,955.0
2021-06-30 15:15:00,NSE:ZYDUSWELL,2109.0,2115.0,2101.0,2108.95,3003.0
2021-06-30 15:20:00,NSE:ZYDUSWELL,2105.65,2108.95,2101.25,2105.35,735.0
2021-06-30 15:25:00,NSE:ZYDUSWELL,2105.3,2107.95,2097.0,2104.0,640.0
2021-06-30 15:40:00,NSE:ZYDUSWELL,2100.75,2100.75,2100.75,2100.75,2.0
2021-07-01 09:05:00,NSE:ZYDUSWELL,2118.7,2118.7,2118.7,2118.7,134.0
2021-07-01 09:15:00,NSE:ZYDUSWELL,2118.7,2118.7,2108.0,2113.5,1712.0
2021-07-01 09:20:00,NSE:ZYDUSWELL,2113.5,2115.0,2110.1,2114.5,1093.0
2021-07-01 09:25:00,NSE:ZYDUSWELL,2114.8,2120.0,2112.0,2112.0,746.0
2021-07-01 09:30:00,NSE:ZYDUSWELL,2111.0,2115.85,2109.0,2115.8,218.0
2021-07-01 09:35:00,NSE:ZYDUSWELL,2112.7,2132.9,2112.7,2127.05,5888.0
2021-07-01 09:40:00,NSE:ZYDUSWELL,2124.4,2125.0,2121.0,2125.0,652.0
2021-07-01 09:45:00,NSE:ZYDUSWELL,2125.0,2128.0,2124.3,2127.0,1258.0
2021-07-01 09:50:00,NSE:ZYDUSWELL,2128.0,2128.0,2123.0,2126.0,880.0
2021-07-01 09:55:00,NSE:ZYDUSWELL,2126.4,2126.4,2122.05,2123.0,403.0
2021-07-01 10:00:00,NSE:ZYDUSWELL,2123.1,2125.65,2121.8,2121.8,317.0
2021-07-01 10:05:00,NSE:ZYDUSWELL,2121.75,2122.85,2114.0,2120.0,497.0
2021-07-01 10:10:00,NSE:ZYDUSWELL,2120.0,2125.0,2117.25,2119.3,261.0
2021-07-01 10:15:00,NSE:ZYDUSWELL,2120.0,2123.9,2120.0,2120.9,184.0
2021-07-01 10:20:00,NSE:ZYDUSWELL,2120.05,2122.75,2117.8,2117.8,391.0
2021-07-01 10:25:00,NSE:ZYDUSWELL,2117.7,2122.75,2116.45,2122.75,74.0
2021-07-01 10:30:00,NSE:ZYDUSWELL,2122.8,2129.0,2120.75,2129.0,1553.0
2021-07-01 10:35:00,NSE:ZYDUSWELL,2129.0,2130.05,2127.0,2130.0,1352.0
2021-07-01 10:40:00,NSE:ZYDUSWELL,2130.05,2130.95,2125.85,2130.2,830.0
2021-07-01 10:45:00,NSE:ZYDUSWELL,2130.15,2130.5,2130.0,2130.15,578.0
2021-07-01 10:50:00,NSE:ZYDUSWELL,2130.15,2130.15,2118.6,2125.0,2106.0
2021-07-01 10:55:00,NSE:ZYDUSWELL,2125.15,2129.75,2123.95,2125.45,529.0
2021-07-01 11:00:00,NSE:ZYDUSWELL,2127.0,2130.0,2125.5,2127.95,502.0
2021-07-01 11:05:00,NSE:ZYDUSWELL,2129.0,2129.0,2122.45,2127.0,610.0
2021-07-01 11:10:00,NSE:ZYDUSWELL,2124.7,2129.0,2123.5,2123.5,575.0
2021-07-01 11:15:00,NSE:ZYDUSWELL,2125.5,2130.0,2125.05,2129.0,966.0
2021-07-01 11:20:00,NSE:ZYDUSWELL,2126.8,2131.85,2126.8,2130.0,1276.0
2021-07-01 11:25:00,NSE:ZYDUSWELL,2130.0,2138.0,2130.0,2138.0,2997.0
2021-07-01 11:30:00,NSE:ZYDUSWELL,2139.0,2141.7,2133.4,2141.7,3141.0
2021-07-01 11:35:00,NSE:ZYDUSWELL,2142.0,2149.0,2137.65,2146.0,6205.0
2021-07-01 11:40:00,NSE:ZYDUSWELL,2147.95,2149.0,2134.4,2144.45,1226.0
2021-07-01 11:45:00,NSE:ZYDUSWELL,2142.0,2148.75,2142.0,2143.35,1625.0
2021-07-01 11:50:00,NSE:ZYDUSWELL,2143.5,2147.5,2143.0,2144.0,636.0
2021-07-01 11:55:00,NSE:ZYDUSWELL,2143.85,2149.0,2143.85,2147.9,1102.0
2021-07-01 12:00:00,NSE:ZYDUSWELL,2146.9,2148.95,2143.85,2146.0,1034.0
2021-07-01 12:05:00,NSE:ZYDUSWELL,2143.85,2147.2,2143.85,2144.9,527.0
2021-07-01 12:10:00,NSE:ZYDUSWELL,2144.95,2146.45,2142.05,2143.15,855.0
2021-07-01 12:15:00,NSE:ZYDUSWELL,2143.15,2148.0,2143.05,2148.0,899.0
2021-07-01 12:20:00,NSE:ZYDUSWELL,2147.8,2148.9,2144.45,2147.0,1182.0
2021-07-01 12:25:00,NSE:ZYDUSWELL,2147.0,2147.9,2140.4,2142.25,873.0
2021-07-01 12:30:00,NSE:ZYDUSWELL,2142.9,2146.9,2141.6,2142.0,994.0
2021-07-01 12:35:00,NSE:ZYDUSWELL,2143.65,2146.0,2141.75,2143.05,1738.0
2021-07-01 12:40:00,NSE:ZYDUSWELL,2143.0,2145.9,2140.0,2142.95,748.0
2021-07-01 12:45:00,NSE:ZYDUSWELL,2143.4,2148.0,2142.3,2148.0,503.0
2021-07-01 12:50:00,NSE:ZYDUSWELL,2146.1,2152.5,2146.1,2152.4,3889.0
2021-07-01 12:55:00,NSE:ZYDUSWELL,2152.0,2155.0,2150.0,2150.4,1371.0
2021-07-01 13:00:00,NSE:ZYDUSWELL,2150.0,2150.0,2141.6,2141.6,1833.0
2021-07-01 13:05:00,NSE:ZYDUSWELL,2144.45,2144.95,2140.0,2144.0,616.0
2021-07-01 13:10:00,NSE:ZYDUSWELL,2141.7,2144.8,2141.7,2143.25,477.0
2021-07-01 13:15:00,NSE:ZYDUSWELL,2144.8,2146.7,2142.95,2145.95,437.0
2021-07-01 13:20:00,NSE:ZYDUSWELL,2145.7,2148.0,2145.7,2147.9,761.0
2021-07-01 13:25:00,NSE:ZYDUSWELL,2147.9,2148.0,2144.25,2147.95,516.0
2021-07-01 13:30:00,NSE:ZYDUSWELL,2147.95,2148.0,2144.9,2146.4,368.0
2021-07-01 13:35:00,NSE:ZYDUSWELL,2146.4,2148.0,2145.0,2147.9,426.0
2021-07-01 13:40:00,NSE:ZYDUSWELL,2146.3,2147.95,2143.0,2147.4,874.0
2021-07-01 13:45:00,NSE:ZYDUSWELL,2145.0,2147.1,2141.35,2142.95,579.0
2021-07-01 13:50:00,NSE:ZYDUSWELL,2142.95,2146.95,2141.45,2144.4,482.0
2021-07-01 13:55:00,NSE:ZYDUSWELL,2144.9,2146.9,2144.0,2144.1,487.0
2021-07-01 14:00:00,NSE:ZYDUSWELL,2145.8,2145.95,2141.0,2144.0,709.0
2021-07-01 14:05:00,NSE:ZYDUSWELL,2141.75,2145.0,2141.75,2144.9,492.0
2021-07-01 14:10:00,NSE:ZYDUSWELL,2145.0,2146.0,2143.3,2146.0,537.0
2021-07-01 14:15:00,NSE:ZYDUSWELL,2144.9,2146.0,2144.0,2145.0,526.0
2021-07-01 14:20:00,NSE:ZYDUSWELL,2143.45,2147.95,2143.45,2146.05,982.0
2021-07-01 14:25:00,NSE:ZYDUSWELL,2147.9,2153.0,2146.05,2151.0,1187.0
2021-07-01 14:30:00,NSE:ZYDUSWELL,2151.0,2154.65,2151.0,2152.9,464.0
2021-07-01 14:35:00,NSE:ZYDUSWELL,2152.8,2152.95,2147.7,2152.65,542.0
2021-07-01 14:40:00,NSE:ZYDUSWELL,2150.25,2152.0,2147.5,2149.55,1582.0
2021-07-01 14:45:00,NSE:ZYDUSWELL,2150.0,2151.25,2145.0,2149.9,843.0
2021-07-01 14:50:00,NSE:ZYDUSWELL,2149.9,2151.7,2147.4,2151.7,726.0
2021-07-01 14:55:00,NSE:ZYDUSWELL,2150.05,2152.45,2147.9,2150.0,694.0
2021-07-01 15:00:00,NSE:ZYDUSWELL,2149.45,2152.95,2148.8,2150.15,773.0
2021-07-01 15:05:00,NSE:ZYDUSWELL,2150.15,2153.0,2150.05,2151.1,1134.0
2021-07-01 15:10:00,NSE:ZYDUSWELL,2153.0,2153.0,2150.0,2150.0,2425.0
2021-07-01 15:15:00,NSE:ZYDUSWELL,2150.1,2152.0,2146.0,2149.4,2559.0
2021-07-01 15:20:00,NSE:ZYDUSWELL,2149.8,2150.0,2146.05,2148.0,1441.0
2021-07-01 15:25:00,NSE:ZYDUSWELL,2148.95,2150.0,2143.0,2145.0,2367.0
2021-07-01 15:40:00,NSE:ZYDUSWELL,2149.6,2149.6,2145.0,2145.0,5.0
2021-07-02 09:05:00,NSE:ZYDUSWELL,2160.0,2160.0,2160.0,2160.0,357.0
2021-07-02 09:15:00,NSE:ZYDUSWELL,2160.35,2175.0,2155.0,2170.2,6618.0
2021-07-02 09:20:00,NSE:ZYDUSWELL,2172.15,2172.9,2165.0,2167.95,1327.0
2021-07-02 09:25:00,NSE:ZYDUSWELL,2166.7,2172.25,2165.1,2166.05,1500.0
2021-07-02 09:30:00,NSE:ZYDUSWELL,2165.05,2166.0,2157.0,2164.7,2831.0
2021-07-02 09:35:00,NSE:ZYDUSWELL,2162.05,2169.0,2162.05,2166.0,1132.0
2021-07-02 09:40:00,NSE:ZYDUSWELL,2165.0,2168.85,2165.0,2165.05,672.0
2021-07-02 09:45:00,NSE:ZYDUSWELL,2165.05,2174.0,2165.05,2172.45,2543.0
2021-07-02 09:50:00,NSE:ZYDUSWELL,2173.45,2177.0,2170.85,2172.8,2110.0
2021-07-02 09:55:00,NSE:ZYDUSWELL,2172.25,2173.0,2166.05,2168.0,466.0
2021-07-02 10:00:00,NSE:ZYDUSWELL,2167.1,2174.0,2167.0,2171.4,686.0
2021-07-02 10:05:00,NSE:ZYDUSWELL,2171.8,2171.95,2168.15,2168.85,789.0
2021-07-02 10:10:00,NSE:ZYDUSWELL,2168.0,2172.1,2167.0,2170.45,969.0
2021-07-02 10:15:00,NSE:ZYDUSWELL,2167.55,2172.0,2166.05,2169.6,403.0
2021-07-02 10:20:00,NSE:ZYDUSWELL,2172.6,2173.45,2166.0,2166.0,577.0
2021-07-02 10:25:00,NSE:ZYDUSWELL,2166.15,2170.0,2166.15,2168.75,366.0
2021-07-02 10:30:00,NSE:ZYDUSWELL,2166.6,2168.95,2166.0,2168.95,257.0
2021-07-02 10:35:00,NSE:ZYDUSWELL,2168.95,2169.0,2166.05,2166.05,175.0
2021-07-02 10:40:00,NSE:ZYDUSWELL,2168.75,2169.05,2161.05,2163.0,611.0
2021-07-02 10:45:00,NSE:ZYDUSWELL,2160.65,2162.95,2157.0,2157.05,553.0
2021-07-02 10:50:00,NSE:ZYDUSWELL,2159.85,2161.45,2151.1,2151.75,731.0
2021-07-02 10:55:00,NSE:ZYDUSWELL,2151.05,2158.0,2151.05,2155.45,313.0
2021-07-02 11:00:00,NSE:ZYDUSWELL,2158.0,2160.05,2155.0,2157.0,343.0
2021-07-02 11:05:00,NSE:ZYDUSWELL,2157.0,2159.95,2155.0,2158.0,338.0
2021-07-02 11:10:00,NSE:ZYDUSWELL,2155.0,2158.25,2155.0,2155.0,145.0
2021-07-02 11:15:00,NSE:ZYDUSWELL,2155.0,2156.15,2151.75,2154.15,249.0
2021-07-02 11:20:00,NSE:ZYDUSWELL,2153.5,2157.05,2151.75,2152.75,435.0
2021-07-02 11:25:00,NSE:ZYDUSWELL,2152.2,2159.45,2146.05,2148.1,1782.0
2021-07-02 11:30:00,NSE:ZYDUSWELL,2150.0,2150.6,2148.3,2149.6,144.0
2021-07-02 11:35:00,NSE:ZYDUSWELL,2148.55,2152.3,2147.55,2152.3,507.0
2021-07-02 11:40:00,NSE:ZYDUSWELL,2152.0,2164.85,2152.0,2160.8,442.0
2021-07-02 11:45:00,NSE:ZYDUSWELL,2163.0,2163.0,2156.35,2157.4,164.0
2021-07-02 11:50:00,NSE:ZYDUSWELL,2157.2,2157.4,2150.0,2155.25,822.0
2021-07-02 11:55:00,NSE:ZYDUSWELL,2153.75,2157.4,2151.15,2157.4,131.0
2021-07-02 12:00:00,NSE:ZYDUSWELL,2157.4,2158.0,2156.35,2156.35,755.0
2021-07-02 12:05:00,NSE:ZYDUSWELL,2158.0,2165.95,2158.0,2165.95,1755.0
2021-07-02 12:10:00,NSE:ZYDUSWELL,2165.05,2166.0,2154.85,2160.0,641.0
2021-07-02 12:15:00,NSE:ZYDUSWELL,2159.0,2160.0,2156.4,2158.55,476.0
2021-07-02 12:20:00,NSE:ZYDUSWELL,2156.0,2157.95,2151.05,2157.95,546.0
2021-07-02 12:25:00,NSE:ZYDUSWELL,2154.8,2157.15,2152.7,2154.1,66.0
2021-07-02 12:30:00,NSE:ZYDUSWELL,2155.25,2158.55,2151.05,2153.3,528.0
2021-07-02 12:35:00,NSE:ZYDUSWELL,2155.0,2158.0,2151.0,2156.0,836.0
2021-07-02 12:40:00,NSE:ZYDUSWELL,2158.15,2158.15,2152.95,2156.6,67.0
2021-07-02 12:45:00,NSE:ZYDUSWELL,2154.6,2157.95,2154.0,2155.1,141.0
2021-07-02 12:50:00,NSE:ZYDUSWELL,2155.0,2159.95,2155.0,2155.15,218.0
2021-07-02 12:55:00,NSE:ZYDUSWELL,2155.1,2160.0,2155.05,2158.2,288.0
2021-07-02 13:00:00,NSE:ZYDUSWELL,2158.2,2159.95,2155.25,2158.3,630.0
2021-07-02 13:05:00,NSE:ZYDUSWELL,2158.0,2158.5,2155.0,2155.0,167.0
2021-07-02 13:10:00,NSE:ZYDUSWELL,2154.95,2154.95,2151.75,2152.9,107.0
2021-07-02 13:15:00,NSE:ZYDUSWELL,2152.9,2154.85,2151.0,2151.05,655.0
2021-07-02 13:20:00,NSE:ZYDUSWELL,2152.0,2152.6,2151.95,2151.95,980.0
2021-07-02 13:25:00,NSE:ZYDUSWELL,2152.45,2152.5,2151.05,2151.05,154.0
2021-07-02 13:30:00,NSE:ZYDUSWELL,2151.3,2151.3,2148.0,2150.0,213.0
2021-07-02 13:35:00,NSE:ZYDUSWELL,2150.6,2150.6,2146.95,2149.25,166.0
2021-07-02 13:40:00,NSE:ZYDUSWELL,2149.95,2151.85,2149.85,2151.85,149.0
2021-07-02 13:45:00,NSE:ZYDUSWELL,2151.85,2151.85,2145.05,2145.2,453.0
2021-07-02 13:50:00,NSE:ZYDUSWELL,2145.0,2145.0,2135.5,2142.95,1620.0
2021-07-02 13:55:00,NSE:ZYDUSWELL,2142.0,2149.05,2142.0,2147.9,244.0
2021-07-02 14:00:00,NSE:ZYDUSWELL,2146.65,2147.1,2141.0,2141.0,245.0
2021-07-02 14:05:00,NSE:ZYDUSWELL,2143.4,2144.3,2141.4,2143.4,181.0
2021-07-02 14:10:00,NSE:ZYDUSWELL,2142.0,2145.2,2141.45,2142.05,70.0
2021-07-02 14:15:00,NSE:ZYDUSWELL,2144.85,2144.9,2144.0,2144.0,116.0
2021-07-02 14:20:00,NSE:ZYDUSWELL,2141.0,2146.15,2141.0,2143.45,209.0
2021-07-02 14:25:00,NSE:ZYDUSWELL,2145.0,2145.15,2142.15,2142.15,186.0
2021-07-02 14:30:00,NSE:ZYDUSWELL,2140.05,2140.5,2135.0,2135.0,453.0
2021-07-02 14:35:00,NSE:ZYDUSWELL,2137.25,2140.0,2132.95,2137.7,713.0
2021-07-02 14:40:00,NSE:ZYDUSWELL,2135.45,2140.0,2133.65,2138.35,156.0
2021-07-02 14:45:00,NSE:ZYDUSWELL,2140.0,2142.9,2138.05,2138.8,165.0
2021-07-02 14:50:00,NSE:ZYDUSWELL,2141.25,2153.95,2140.1,2152.0,1470.0
2021-07-02 14:55:00,NSE:ZYDUSWELL,2150.0,2154.9,2150.0,2150.35,292.0
2021-07-02 15:00:00,NSE:ZYDUSWELL,2152.75,2153.0,2150.55,2153.0,221.0
2021-07-02 15:05:00,NSE:ZYDUSWELL,2153.0,2153.95,2150.0,2152.0,715.0
2021-07-02 15:10:00,NSE:ZYDUSWELL,2153.95,2155.0,2138.0,2139.6,1860.0
2021-07-02 15:15:00,NSE:ZYDUSWELL,2134.95,2151.95,2134.95,2138.35,821.0
2021-07-02 15:20:00,NSE:ZYDUSWELL,2138.4,2142.8,2120.0,2126.65,2076.0
2021-07-02 15:25:00,NSE:ZYDUSWELL,2125.0,2143.35,2115.0,2115.0,1877.0
2021-07-02 15:40:00,NSE:ZYDUSWELL,2138.75,2138.75,2115.0,2115.0,10.0
2021-07-05 09:05:00,NSE:ZYDUSWELL,2136.0,2136.0,2136.0,2136.0,293.0
2021-07-05 09:15:00,NSE:ZYDUSWELL,2140.65,2144.3,2122.0,2125.35,883.0
2021-07-05 09:20:00,NSE:ZYDUSWELL,2125.0,2126.5,2111.0,2111.0,929.0
2021-07-05 09:25:00,NSE:ZYDUSWELL,2116.45,2125.45,2111.1,2121.95,933.0
2021-07-05 09:30:00,NSE:ZYDUSWELL,2125.05,2127.3,2120.0,2122.0,310.0
2021-07-05 09:35:00,NSE:ZYDUSWELL,2122.0,2128.15,2121.95,2128.15,138.0
2021-07-05 09:40:00,NSE:ZYDUSWELL,2128.3,2129.95,2124.2,2128.65,453.0
2021-07-05 09:45:00,NSE:ZYDUSWELL,2128.65,2130.0,2120.75,2124.5,349.0
2021-07-05 09:50:00,NSE:ZYDUSWELL,2124.0,2124.5,2120.0,2120.0,326.0
2021-07-05 09:55:00,NSE:ZYDUSWELL,2120.0,2122.85,2116.55,2121.25,258.0
2021-07-05 10:00:00,NSE:ZYDUSWELL,2122.0,2125.0,2122.0,2122.45,104.0
2021-07-05 10:05:00,NSE:ZYDUSWELL,2125.0,2125.0,2118.1,2118.95,422.0
2021-07-05 10:10:00,NSE:ZYDUSWELL,2121.5,2121.5,2118.6,2118.85,195.0
2021-07-05 10:15:00,NSE:ZYDUSWELL,2118.2,2121.8,2118.2,2120.95,60.0
2021-07-05 10:20:00,NSE:ZYDUSWELL,2120.0,2122.95,2120.0,2121.0,407.0
2021-07-05 10:25:00,NSE:ZYDUSWELL,2120.75,2123.0,2120.0,2122.95,34.0
2021-07-05 10:30:00,NSE:ZYDUSWELL,2121.1,2125.0,2120.4,2120.8,138.0
2021-07-05 10:35:00,NSE:ZYDUSWELL,2123.95,2123.95,2120.25,2122.0,71.0
2021-07-05 10:40:00,NSE:ZYDUSWELL,2122.0,2124.8,2122.0,2122.55,143.0
2021-07-05 10:45:00,NSE:ZYDUSWELL,2122.2,2124.05,2122.0,2122.0,37.0
2021-07-05 10:50:00,NSE:ZYDUSWELL,2124.0,2125.0,2123.35,2123.9,408.0
2021-07-05 10:55:00,NSE:ZYDUSWELL,2124.95,2124.95,2120.1,2121.95,224.0
2021-07-05 11:00:00,NSE:ZYDUSWELL,2122.0,2122.7,2120.15,2120.55,57.0
2021-07-05 11:05:00,NSE:ZYDUSWELL,2122.75,2124.05,2119.55,2121.0,491.0
2021-07-05 11:10:00,NSE:ZYDUSWELL,2118.45,2122.15,2118.45,2121.6,73.0
2021-07-05 11:15:00,NSE:ZYDUSWELL,2121.0,2121.0,2118.0,2120.95,256.0
2021-07-05 11:20:00,NSE:ZYDUSWELL,2120.0,2121.0,2115.05,2120.2,239.0
2021-07-05 11:25:00,NSE:ZYDUSWELL,2121.0,2121.0,2116.8,2116.8,148.0
2021-07-05 11:30:00,NSE:ZYDUSWELL,2119.4,2122.4,2118.65,2120.6,79.0
2021-07-05 11:35:00,NSE:ZYDUSWELL,2122.0,2124.55,2122.0,2124.05,161.0
2021-07-05 11:40:00,NSE:ZYDUSWELL,2124.55,2124.85,2121.95,2121.95,99.0
2021-07-05 11:45:00,NSE:ZYDUSWELL,2124.1,2124.1,2119.8,2119.8,18.0
2021-07-05 11:50:00,NSE:ZYDUSWELL,2119.05,2121.95,2118.05,2121.0,154.0
2021-07-05 11:55:00,NSE:ZYDUSWELL,2121.9,2124.55,2121.9,2124.5,28.0
2021-07-05 12:00:00,NSE:ZYDUSWELL,2124.45,2125.0,2121.8,2121.8,160.0
2021-07-05 12:05:00,NSE:ZYDUSWELL,2123.95,2124.65,2121.8,2122.55,72.0
2021-07-05 12:10:00,NSE:ZYDUSWELL,2124.65,2124.65,2122.55,2124.65,61.0
2021-07-05 12:15:00,NSE:ZYDUSWELL,2122.6,2126.4,2122.35,2126.05,595.0
2021-07-05 12:20:00,NSE:ZYDUSWELL,2126.05,2129.0,2126.0,2128.75,658.0
2021-07-05 12:25:00,NSE:ZYDUSWELL,2128.75,2129.0,2127.2,2127.3,156.0
2021-07-05 12:30:00,NSE:ZYDUSWELL,2125.25,2129.9,2123.65,2127.1,258.0
2021-07-05 12:35:00,NSE:ZYDUSWELL,2127.15,2130.0,2125.0,2127.25,925.0
2021-07-05 12:40:00,NSE:ZYDUSWELL,2129.3,2130.0,2129.3,2130.0,38.0
2021-07-05 12:45:00,NSE:ZYDUSWELL,2130.0,2130.0,2126.95,2128.4,159.0
2021-07-05 12:50:00,NSE:ZYDUSWELL,2130.0,2130.0,2126.25,2128.4,269.0
2021-07-05 12:55:00,NSE:ZYDUSWELL,2126.55,2129.6,2126.55,2129.6,53.0
2021-07-05 13:00:00,NSE:ZYDUSWELL,2128.5,2130.0,2125.0,2125.0,496.0
2021-07-05 13:05:00,NSE:ZYDUSWELL,2128.7,2128.95,2126.85,2126.85,45.0
2021-07-05 13:10:00,NSE:ZYDUSWELL,2126.4,2129.0,2126.4,2126.4,52.0
2021-07-05 13:15:00,NSE:ZYDUSWELL,2128.9,2129.0,2125.45,2126.9,152.0
2021-07-05 13:20:00,NSE:ZYDUSWELL,2125.05,2127.45,2125.05,2127.2,36.0
2021-07-05 13:25:00,NSE:ZYDUSWELL,2125.2,2127.85,2125.15,2127.75,35.0
2021-07-05 13:30:00,NSE:ZYDUSWELL,2127.0,2128.85,2125.0,2125.85,64.0
2021-07-05 13:35:00,NSE:ZYDUSWELL,2126.9,2127.9,2125.95,2126.3,188.0
2021-07-05 13:40:00,NSE:ZYDUSWELL,2127.95,2127.95,2125.0,2126.85,177.0
2021-07-05 13:45:00,NSE:ZYDUSWELL,2125.0,2125.0,2125.0,2125.0,18.0
2021-07-05 13:50:00,NSE:ZYDUSWELL,2125.0,2125.05,2125.0,2125.05,59.0
2021-07-05 13:55:00,NSE:ZYDUSWELL,2125.65,2127.9,2125.05,2127.9,103.0
2021-07-05 14:00:00,NSE:ZYDUSWELL,2127.85,2127.95,2125.7,2125.7,33.0
2021-07-05 14:05:00,NSE:ZYDUSWELL,2128.4,2128.4,2125.0,2125.5,86.0
2021-07-05 14:10:00,NSE:ZYDUSWELL,2127.0,2128.0,2125.0,2125.05,136.0
2021-07-05 14:15:00,NSE:ZYDUSWELL,2125.05,2125.95,2125.0,2125.0,216.0
2021-07-05 14:20:00,NSE:ZYDUSWELL,2122.55,2124.15,2122.0,2122.05,622.0
2021-07-05 14:25:00,NSE:ZYDUSWELL,2122.05,2122.05,2118.05,2121.55,380.0
2021-07-05 14:30:00,NSE:ZYDUSWELL,2123.65,2123.95,2118.95,2120.55,126.0
2021-07-05 14:35:00,NSE:ZYDUSWELL,2123.25,2124.95,2121.1,2124.95,162.0
2021-07-05 14:40:00,NSE:ZYDUSWELL,2127.0,2127.0,2120.05,2122.45,79.0
2021-07-05 14:45:00,NSE:ZYDUSWELL,2122.95,2124.5,2121.75,2122.05,55.0
2021-07-05 14:50:00,NSE:ZYDUSWELL,2124.45,2124.5,2124.0,2124.0,9.0
2021-07-05 14:55:00,NSE:ZYDUSWELL,2124.5,2124.5,2121.0,2123.7,88.0
2021-07-05 15:00:00,NSE:ZYDUSWELL,2124.0,2124.5,2122.25,2123.8,28.0
2021-07-05 15:05:00,NSE:ZYDUSWELL,2121.1,2125.0,2121.1,2122.95,556.0
2021-07-05 15:10:00,NSE:ZYDUSWELL,2123.0,2123.0,2120.0,2120.85,389.0
2021-07-05 15:15:00,NSE:ZYDUSWELL,2119.6,2121.8,2115.6,2115.6,316.0
2021-07-05 15:20:00,NSE:ZYDUSWELL,2115.05,2120.0,2115.0,2117.7,932.0
2021-07-05 15:25:00,NSE:ZYDUSWELL,2115.0,2122.0,2115.0,2120.0,881.0
2021-07-05 15:45:00,NSE:ZYDUSWELL,2119.65,2120.0,2119.65,2120.0,51.0
2021-07-06 09:05:00,NSE:ZYDUSWELL,2134.0,2134.0,2134.0,2134.0,32.0
2021-07-06 09:15:00,NSE:ZYDUSWELL,2133.0,2133.0,2119.65,2124.0,609.0
2021-07-06 09:20:00,NSE:ZYDUSWELL,2120.5,2124.35,2119.5,2119.5,292.0
2021-07-06 09:25:00,NSE:ZYDUSWELL,2119.35,2119.4,2111.55,2119.4,197.0
2021-07-06 09:30:00,NSE:ZYDUSWELL,2120.75,2122.6,2118.2,2122.6,347.0
2021-07-06 09:35:00,NSE:ZYDUSWELL,2122.25,2122.25,2115.45,2115.45,412.0
2021-07-06 09:40:00,NSE:ZYDUSWELL,2116.95,2120.05,2115.75,2120.05,423.0
2021-07-06 09:45:00,NSE:ZYDUSWELL,2117.0,2118.15,2115.0,2115.0,172.0
2021-07-06 09:50:00,NSE:ZYDUSWELL,2117.65,2118.15,2115.0,2118.15,375.0
2021-07-06 09:55:00,NSE:ZYDUSWELL,2115.15,2117.95,2115.05,2117.45,97.0
2021-07-06 10:00:00,NSE:ZYDUSWELL,2115.0,2117.0,2111.15,2112.65,303.0
2021-07-06 10:05:00,NSE:ZYDUSWELL,2112.4,2115.0,2111.15,2112.0,241.0
2021-07-06 10:10:00,NSE:ZYDUSWELL,2112.0,2118.0,2112.0,2118.0,163.0
2021-07-06 10:15:00,NSE:ZYDUSWELL,2116.7,2118.5,2115.7,2115.8,83.0
2021-07-06 10:20:00,NSE:ZYDUSWELL,2115.8,2115.8,2114.2,2114.25,20.0
2021-07-06 10:25:00,NSE:ZYDUSWELL,2114.35,2117.25,2114.2,2114.65,82.0
2021-07-06 10:30:00,NSE:ZYDUSWELL,2117.5,2126.0,2114.6,2126.0,410.0
2021-07-06 10:35:00,NSE:ZYDUSWELL,2126.0,2133.25,2124.4,2132.95,522.0
2021-07-06 10:40:00,NSE:ZYDUSWELL,2134.0,2140.0,2132.95,2139.0,856.0
2021-07-06 10:45:00,NSE:ZYDUSWELL,2138.0,2140.0,2135.7,2139.0,451.0
2021-07-06 10:50:00,NSE:ZYDUSWELL,2141.0,2142.9,2139.45,2141.85,161.0
2021-07-06 10:55:00,NSE:ZYDUSWELL,2142.0,2142.0,2136.45,2139.35,64.0
2021-07-06 11:00:00,NSE:ZYDUSWELL,2139.5,2142.4,2137.4,2140.0,298.0
2021-07-06 11:05:00,NSE:ZYDUSWELL,2135.7,2140.15,2135.7,2135.75,442.0
2021-07-06 11:10:00,NSE:ZYDUSWELL,2135.7,2139.95,2135.7,2136.6,130.0
2021-07-06 11:15:00,NSE:ZYDUSWELL,2136.6,2139.45,2136.6,2136.8,87.0
2021-07-06 11:20:00,NSE:ZYDUSWELL,2136.2,2139.95,2135.7,2137.1,215.0
2021-07-06 11:25:00,NSE:ZYDUSWELL,2136.05,2139.55,2136.05,2136.1,56.0
2021-07-06 11:30:00,NSE:ZYDUSWELL,2136.1,2139.8,2136.1,2139.45,136.0
2021-07-06 11:35:00,NSE:ZYDUSWELL,2139.65,2144.3,2137.35,2144.3,688.0
2021-07-06 11:40:00,NSE:ZYDUSWELL,2143.9,2143.9,2137.05,2140.85,200.0
2021-07-06 11:45:00,NSE:ZYDUSWELL,2137.35,2139.0,2136.5,2137.7,249.0
2021-07-06 11:50:00,NSE:ZYDUSWELL,2136.95,2142.0,2136.95,2140.5,177.0
2021-07-06 11:55:00,NSE:ZYDUSWELL,2139.7,2142.0,2138.8,2140.5,134.0
2021-07-06 12:00:00,NSE:ZYDUSWELL,2140.5,2142.0,2140.5,2142.0,87.0
2021-07-06 12:05:00,NSE:ZYDUSWELL,2143.0,2143.0,2138.75,2138.85,581.0
2021-07-06 12:10:00,NSE:ZYDUSWELL,2138.75,2140.0,2132.0,2132.0,492.0
2021-07-06 12:15:00,NSE:ZYDUSWELL,2133.0,2133.0,2130.1,2130.1,17.0
2021-07-06 12:20:00,NSE:ZYDUSWELL,2132.3,2133.0,2130.1,2131.55,120.0
2021-07-06 12:25:00,NSE:ZYDUSWELL,2133.0,2135.25,2130.2,2130.2,181.0
2021-07-06 12:30:00,NSE:ZYDUSWELL,2133.6,2133.6,2126.0,2126.0,1032.0
2021-07-06 12:35:00,NSE:ZYDUSWELL,2128.55,2128.55,2121.0,2121.0,385.0
2021-07-06 12:40:00,NSE:ZYDUSWELL,2122.55,2126.55,2120.2,2126.55,43.0
2021-07-06 12:45:00,NSE:ZYDUSWELL,2129.65,2129.8,2127.5,2129.8,76.0
2021-07-06 12:50:00,NSE:ZYDUSWELL,2127.65,2129.85,2127.65,2129.85,18.0
2021-07-06 12:55:00,NSE:ZYDUSWELL,2129.85,2129.9,2127.85,2129.0,185.0
2021-07-06 13:00:00,NSE:ZYDUSWELL,2129.0,2129.9,2127.75,2129.0,287.0
2021-07-06 13:05:00,NSE:ZYDUSWELL,2128.55,2128.55,2120.05,2125.25,484.0
2021-07-06 13:10:00,NSE:ZYDUSWELL,2124.1,2126.95,2122.55,2122.55,102.0
2021-07-06 13:15:00,NSE:ZYDUSWELL,2122.7,2124.4,2122.7,2124.4,105.0
2021-07-06 13:20:00,NSE:ZYDUSWELL,2127.65,2127.65,2125.0,2127.5,13.0
2021-07-06 13:25:00,NSE:ZYDUSWELL,2126.0,2127.6,2122.85,2125.0,109.0
2021-07-06 13:30:00,NSE:ZYDUSWELL,2124.95,2125.65,2120.0,2120.0,214.0
2021-07-06 13:35:00,NSE:ZYDUSWELL,2118.0,2119.85,2112.7,2117.8,391.0
2021-07-06 13:40:00,NSE:ZYDUSWELL,2115.6,2118.85,2111.05,2118.85,359.0
2021-07-06 13:45:00,NSE:ZYDUSWELL,2118.15,2118.7,2116.8,2118.65,81.0
2021-07-06 13:50:00,NSE:ZYDUSWELL,2118.5,2119.7,2115.05,2115.05,116.0
2021-07-06 13:55:00,NSE:ZYDUSWELL,2118.15,2119.65,2116.3,2119.25,41.0
2021-07-06 14:00:00,NSE:ZYDUSWELL,2119.5,2119.5,2116.0,2119.35,84.0
2021-07-06 14:05:00,NSE:ZYDUSWELL,2119.35,2119.35,2116.05,2118.3,195.0
2021-07-06 14:10:00,NSE:ZYDUSWELL,2116.0,2118.65,2116.0,2116.35,66.0
2021-07-06 14:15:00,NSE:ZYDUSWELL,2118.6,2118.7,2113.75,2113.75,335.0
2021-07-06 14:20:00,NSE:ZYDUSWELL,2114.0,2114.0,2105.0,2108.0,1724.0
2021-07-06 14:25:00,NSE:ZYDUSWELL,2108.0,2111.1,2106.0,2109.8,193.0
2021-07-06 14:30:00,NSE:ZYDUSWELL,2108.3,2108.3,2101.1,2103.75,717.0
2021-07-06 14:35:00,NSE:ZYDUSWELL,2103.75,2108.35,2101.05,2101.05,209.0
2021-07-06 14:40:00,NSE:ZYDUSWELL,2103.8,2105.35,2101.85,2105.35,307.0
2021-07-06 14:45:00,NSE:ZYDUSWELL,2105.9,2108.95,2105.9,2108.95,22.0
2021-07-06 14:50:00,NSE:ZYDUSWELL,2109.55,2109.7,2102.55,2106.45,254.0
2021-07-06 14:55:00,NSE:ZYDUSWELL,2107.1,2111.15,2106.9,2106.95,115.0
2021-07-06 15:00:00,NSE:ZYDUSWELL,2109.3,2113.75,2106.0,2106.1,588.0
2021-07-06 15:05:00,NSE:ZYDUSWELL,2106.7,2111.1,2106.0,2111.1,231.0
2021-07-06 15:10:00,NSE:ZYDUSWELL,2108.95,2144.85,2108.95,2143.95,2614.0
2021-07-06 15:15:00,NSE:ZYDUSWELL,2145.0,2180.0,2140.3,2177.7,12153.0
2021-07-06 15:20:00,NSE:ZYDUSWELL,2179.8,2179.8,2161.15,2174.8,15812.0
2021-07-06 15:25:00,NSE:ZYDUSWELL,2170.35,2188.0,2158.35,2184.0,9979.0
2021-07-06 15:40:00,NSE:ZYDUSWELL,2169.35,2184.0,2169.35,2184.0,23.0
2021-07-07 09:05:00,NSE:ZYDUSWELL,2190.0,2190.0,2190.0,2190.0,238.0
2021-07-07 09:15:00,NSE:ZYDUSWELL,2180.05,2188.0,2150.15,2163.25,1730.0
2021-07-07 09:20:00,NSE:ZYDUSWELL,2163.0,2183.9,2156.65,2183.9,1646.0
2021-07-07 09:25:00,NSE:ZYDUSWELL,2183.9,2183.9,2171.4,2173.75,372.0
2021-07-07 09:30:00,NSE:ZYDUSWELL,2173.55,2176.75,2167.15,2175.0,976.0
2021-07-07 09:35:00,NSE:ZYDUSWELL,2174.55,2174.55,2162.2,2162.2,191.0
2021-07-07 09:40:00,NSE:ZYDUSWELL,2161.45,2167.25,2161.45,2163.15,187.0
2021-07-07 09:45:00,NSE:ZYDUSWELL,2163.15,2169.0,2151.4,2168.0,632.0
2021-07-07 09:50:00,NSE:ZYDUSWELL,2168.0,2172.55,2166.65,2166.65,325.0
2021-07-07 09:55:00,NSE:ZYDUSWELL,2165.0,2165.3,2161.0,2161.55,208.0
2021-07-07 10:00:00,NSE:ZYDUSWELL,2164.5,2164.5,2160.0,2162.9,110.0
2021-07-07 10:05:00,NSE:ZYDUSWELL,2160.05,2161.95,2155.0,2161.95,216.0
2021-07-07 10:10:00,NSE:ZYDUSWELL,2162.0,2162.0,2157.0,2157.0,121.0
2021-07-07 10:15:00,NSE:ZYDUSWELL,2155.1,2158.0,2155.1,2158.0,129.0
2021-07-07 10:20:00,NSE:ZYDUSWELL,2158.4,2158.4,2157.55,2157.6,142.0
2021-07-07 10:25:00,NSE:ZYDUSWELL,2156.9,2158.85,2156.15,2156.15,60.0
2021-07-07 10:30:00,NSE:ZYDUSWELL,2158.15,2158.25,2155.0,2157.55,161.0
2021-07-07 10:35:00,NSE:ZYDUSWELL,2157.2,2158.85,2155.2,2158.85,42.0
2021-07-07 10:40:00,NSE:ZYDUSWELL,2158.85,2162.95,2158.15,2162.95,268.0
2021-07-07 10:45:00,NSE:ZYDUSWELL,2163.0,2169.7,2162.95,2167.05,265.0
2021-07-07 10:50:00,NSE:ZYDUSWELL,2167.05,2167.05,2167.0,2167.0,47.0
2021-07-07 10:55:00,NSE:ZYDUSWELL,2167.9,2167.9,2160.2,2160.2,186.0
2021-07-07 11:00:00,NSE:ZYDUSWELL,2160.15,2163.55,2159.2,2163.35,83.0
2021-07-07 11:05:00,NSE:ZYDUSWELL,2160.8,2167.55,2160.25,2165.7,188.0
2021-07-07 11:10:00,NSE:ZYDUSWELL,2163.0,2163.0,2156.1,2159.7,412.0
2021-07-07 11:15:00,NSE:ZYDUSWELL,2162.0,2166.85,2160.65,2160.65,276.0
2021-07-07 11:20:00,NSE:ZYDUSWELL,2162.25,2165.0,2159.95,2165.0,54.0
2021-07-07 11:25:00,NSE:ZYDUSWELL,2163.7,2165.0,2163.7,2163.7,52.0
2021-07-07 11:30:00,NSE:ZYDUSWELL,2163.75,2170.0,2163.75,2170.0,467.0
2021-07-07 11:35:00,NSE:ZYDUSWELL,2170.65,2174.0,2170.0,2172.0,665.0
2021-07-07 11:40:00,NSE:ZYDUSWELL,2172.0,2173.95,2170.55,2170.55,203.0
2021-07-07 11:45:00,NSE:ZYDUSWELL,2170.1,2173.0,2170.0,2170.25,297.0
2021-07-07 11:50:00,NSE:ZYDUSWELL,2170.0,2173.3,2169.05,2169.05,188.0
2021-07-07 11:55:00,NSE:ZYDUSWELL,2170.15,2170.5,2170.15,2170.5,23.0
2021-07-07 12:00:00,NSE:ZYDUSWELL,2174.0,2175.45,2171.95,2175.45,453.0
2021-07-07 12:05:00,NSE:ZYDUSWELL,2177.7,2178.0,2175.0,2175.05,519.0
2021-07-07 12:10:00,NSE:ZYDUSWELL,2175.05,2177.0,2174.8,2174.8,622.0
2021-07-07 12:15:00,NSE:ZYDUSWELL,2177.0,2177.0,2173.55,2174.8,150.0
2021-07-07 12:20:00,NSE:ZYDUSWELL,2175.0,2176.0,2174.75,2174.75,30.0
2021-07-07 12:25:00,NSE:ZYDUSWELL,2172.7,2175.45,2165.0,2166.05,809.0
2021-07-07 12:30:00,NSE:ZYDUSWELL,2166.05,2171.5,2164.6,2166.55,235.0
2021-07-07 12:35:00,NSE:ZYDUSWELL,2166.5,2167.1,2164.05,2164.05,353.0
2021-07-07 12:40:00,NSE:ZYDUSWELL,2162.3,2164.4,2162.05,2162.05,98.0
2021-07-07 12:45:00,NSE:ZYDUSWELL,2162.05,2162.05,2157.75,2162.0,182.0
2021-07-07 12:50:00,NSE:ZYDUSWELL,2158.85,2158.85,2158.85,2158.85,40.0
2021-07-07 12:55:00,NSE:ZYDUSWELL,2159.5,2159.55,2158.45,2158.6,58.0
2021-07-07 13:00:00,NSE:ZYDUSWELL,2158.5,2158.6,2158.45,2158.45,18.0
2021-07-07 13:05:00,NSE:ZYDUSWELL,2158.6,2162.05,2158.45,2162.05,224.0
2021-07-07 13:10:00,NSE:ZYDUSWELL,2162.05,2162.05,2161.15,2161.15,77.0
2021-07-07 13:15:00,NSE:ZYDUSWELL,2161.15,2161.55,2161.15,2161.55,12.0
2021-07-07 13:20:00,NSE:ZYDUSWELL,2163.75,2163.75,2161.65,2161.65,23.0
2021-07-07 13:25:00,NSE:ZYDUSWELL,2163.15,2163.55,2161.15,2163.55,50.0
2021-07-07 13:30:00,NSE:ZYDUSWELL,2162.4,2166.85,2161.2,2165.05,204.0
2021-07-07 13:35:00,NSE:ZYDUSWELL,2165.0,2172.0,2165.0,2168.8,387.0
2021-07-07 13:40:00,NSE:ZYDUSWELL,2168.8,2169.55,2163.7,2169.55,572.0
2021-07-07 13:45:00,NSE:ZYDUSWELL,2168.0,2171.4,2168.0,2171.4,75.0
2021-07-07 13:50:00,NSE:ZYDUSWELL,2168.2,2168.2,2168.2,2168.2,2.0
2021-07-07 13:55:00,NSE:ZYDUSWELL,2168.15,2168.15,2166.0,2168.15,221.0
2021-07-07 14:00:00,NSE:ZYDUSWELL,2171.0,2171.2,2168.0,2168.0,103.0
2021-07-07 14:05:00,NSE:ZYDUSWELL,2168.0,2171.0,2165.95,2168.5,204.0
2021-07-07 14:10:00,NSE:ZYDUSWELL,2168.05,2171.9,2168.0,2168.0,150.0
2021-07-07 14:15:00,NSE:ZYDUSWELL,2167.05,2169.95,2166.4,2168.0,149.0
2021-07-07 14:20:00,NSE:ZYDUSWELL,2171.5,2171.5,2168.1,2168.85,47.0
2021-07-07 14:25:00,NSE:ZYDUSWELL,2171.3,2171.3,2168.0,2168.0,291.0
2021-07-07 14:30:00,NSE:ZYDUSWELL,2169.4,2170.0,2168.0,2168.65,23.0
2021-07-07 14:35:00,NSE:ZYDUSWELL,2168.0,2171.25,2168.0,2168.0,181.0
2021-07-07 14:40:00,NSE:ZYDUSWELL,2168.05,2168.95,2166.35,2168.0,99.0
2021-07-07 14:45:00,NSE:ZYDUSWELL,2168.0,2171.85,2168.0,2169.95,191.0
2021-07-07 14:50:00,NSE:ZYDUSWELL,2170.0,2170.0,2168.0,2168.0,262.0
2021-07-07 14:55:00,NSE:ZYDUSWELL,2169.85,2169.85,2167.45,2167.45,90.0
2021-07-07 15:00:00,NSE:ZYDUSWELL,2169.2,2169.65,2167.65,2169.15,210.0
2021-07-07 15:05:00,NSE:ZYDUSWELL,2169.2,2169.2,2166.05,2166.05,723.0
2021-07-07 15:10:00,NSE:ZYDUSWELL,2166.15,2169.95,2166.15,2169.95,348.0
2021-07-07 15:15:00,NSE:ZYDUSWELL,2169.8,2171.45,2168.05,2171.45,323.0
2021-07-07 15:20:00,NSE:ZYDUSWELL,2171.5,2171.5,2168.0,2168.0,510.0
2021-07-07 15:25:00,NSE:ZYDUSWELL,2168.0,2170.0,2168.0,2170.0,1069.0
2021-07-08 09:05:00,NSE:ZYDUSWELL,2181.0,2181.0,2181.0,2181.0,78.0
2021-07-08 09:15:00,NSE:ZYDUSWELL,2185.0,2195.0,2161.05,2190.25,2821.0
2021-07-08 09:20:00,NSE:ZYDUSWELL,2190.25,2190.25,2176.1,2188.0,1023.0
2021-07-08 09:25:00,NSE:ZYDUSWELL,2188.05,2194.0,2188.05,2189.2,1072.0
2021-07-08 09:30:00,NSE:ZYDUSWELL,2191.3,2199.9,2183.25,2199.9,4480.0
2021-07-08 09:35:00,NSE:ZYDUSWELL,2199.9,2206.5,2197.0,2200.5,6010.0
2021-07-08 09:40:00,NSE:ZYDUSWELL,2202.0,2210.0,2199.3,2208.0,6776.0
2021-07-08 09:45:00,NSE:ZYDUSWELL,2208.0,2211.45,2200.0,2201.0,4750.0
2021-07-08 09:50:00,NSE:ZYDUSWELL,2202.65,2205.55,2198.4,2198.4,2620.0
2021-07-08 09:55:00,NSE:ZYDUSWELL,2200.35,2220.0,2198.45,2220.0,10946.0
2021-07-08 10:00:00,NSE:ZYDUSWELL,2220.05,2224.0,2210.25,2218.45,3064.0
2021-07-08 10:05:00,NSE:ZYDUSWELL,2217.4,2217.45,2211.0,2212.0,545.0
2021-07-08 10:10:00,NSE:ZYDUSWELL,2212.0,2215.0,2205.0,2205.6,976.0
2021-07-08 10:15:00,NSE:ZYDUSWELL,2205.6,2212.0,2204.0,2210.0,4379.0
2021-07-08 10:20:00,NSE:ZYDUSWELL,2210.0,2211.0,2202.05,2202.1,11689.0
2021-07-08 10:25:00,NSE:ZYDUSWELL,2202.1,2207.95,2202.05,2202.05,653.0
2021-07-08 10:30:00,NSE:ZYDUSWELL,2205.45,2216.6,2203.7,2215.05,3255.0
2021-07-08 10:35:00,NSE:ZYDUSWELL,2215.1,2215.95,2210.15,2212.0,1501.0
2021-07-08 10:40:00,NSE:ZYDUSWELL,2213.05,2216.9,2205.15,2210.0,11652.0
2021-07-08 10:45:00,NSE:ZYDUSWELL,2210.5,2212.0,2205.95,2210.0,1125.0
2021-07-08 10:50:00,NSE:ZYDUSWELL,2210.0,2215.0,2210.0,2214.45,960.0
2021-07-08 10:55:00,NSE:ZYDUSWELL,2215.0,2215.0,2210.0,2210.0,422.0
2021-07-08 11:00:00,NSE:ZYDUSWELL,2210.3,2211.5,2202.05,2202.05,1535.0
2021-07-08 11:05:00,NSE:ZYDUSWELL,2201.9,2206.25,2201.9,2204.05,971.0
2021-07-08 11:10:00,NSE:ZYDUSWELL,2205.95,2205.95,2202.25,2204.6,242.0
2021-07-08 11:15:00,NSE:ZYDUSWELL,2204.95,2212.0,2204.95,2209.3,773.0
2021-07-08 11:20:00,NSE:ZYDUSWELL,2211.2,2213.0,2205.0,2209.9,333.0
2021-07-08 11:25:00,NSE:ZYDUSWELL,2207.5,2212.0,2207.5,2209.6,327.0
2021-07-08 11:30:00,NSE:ZYDUSWELL,2211.9,2212.0,2206.55,2212.0,9407.0
2021-07-08 11:35:00,NSE:ZYDUSWELL,2212.0,2212.0,2206.15,2210.05,2305.0
2021-07-08 11:40:00,NSE:ZYDUSWELL,2208.3,2210.0,2207.35,2209.45,78.0
2021-07-08 11:45:00,NSE:ZYDUSWELL,2207.35,2211.2,2206.1,2210.05,776.0
2021-07-08 11:50:00,NSE:ZYDUSWELL,2211.2,2216.4,2210.5,2216.4,1635.0
2021-07-08 11:55:00,NSE:ZYDUSWELL,2216.0,2216.95,2209.25,2209.25,2188.0
2021-07-08 12:00:00,NSE:ZYDUSWELL,2210.65,2210.75,2209.05,2209.95,209.0
2021-07-08 12:05:00,NSE:ZYDUSWELL,2209.2,2210.5,2206.55,2210.0,880.0
2021-07-08 12:10:00,NSE:ZYDUSWELL,2210.4,2210.45,2208.05,2210.35,342.0
2021-07-08 12:15:00,NSE:ZYDUSWELL,2207.4,2210.35,2207.25,2210.0,617.0
2021-07-08 12:20:00,NSE:ZYDUSWELL,2208.45,2214.5,2208.4,2214.45,294.0
2021-07-08 12:25:00,NSE:ZYDUSWELL,2214.45,2214.95,2209.8,2213.85,1288.0
2021-07-08 12:30:00,NSE:ZYDUSWELL,2213.7,2214.8,2210.35,2214.1,223.0
2021-07-08 12:35:00,NSE:ZYDUSWELL,2211.7,2214.5,2209.3,2212.1,496.0
2021-07-08 12:40:00,NSE:ZYDUSWELL,2212.45,2215.65,2209.8,2215.65,654.0
2021-07-08 12:45:00,NSE:ZYDUSWELL,2215.65,2215.65,2211.45,2212.3,109.0
2021-07-08 12:50:00,NSE:ZYDUSWELL,2211.6,2214.0,2208.5,2212.25,1899.0
2021-07-08 12:55:00,NSE:ZYDUSWELL,2212.4,2212.45,2208.4,2210.0,406.0
2021-07-08 13:00:00,NSE:ZYDUSWELL,2208.05,2210.45,2206.65,2208.9,578.0
2021-07-08 13:05:00,NSE:ZYDUSWELL,2208.0,2210.0,2205.0,2210.0,1129.0
2021-07-08 13:10:00,NSE:ZYDUSWELL,2211.0,2211.95,2205.4,2205.4,482.0
2021-07-08 13:15:00,NSE:ZYDUSWELL,2204.15,2210.8,2204.0,2208.85,573.0
2021-07-08 13:20:00,NSE:ZYDUSWELL,2207.0,2210.0,2204.3,2207.25,687.0
2021-07-08 13:25:00,NSE:ZYDUSWELL,2205.6,2209.55,2205.0,2209.55,453.0
2021-07-08 13:30:00,NSE:ZYDUSWELL,2209.5,2209.5,2206.45,2206.45,121.0
2021-07-08 13:35:00,NSE:ZYDUSWELL,2205.8,2207.0,2205.8,2207.0,36.0
2021-07-08 13:40:00,NSE:ZYDUSWELL,2208.95,2208.95,2206.55,2208.9,89.0
2021-07-08 13:45:00,NSE:ZYDUSWELL,2206.95,2209.4,2206.95,2209.0,233.0
2021-07-08 13:50:00,NSE:ZYDUSWELL,2207.6,2208.45,2206.5,2206.5,185.0
2021-07-08 13:55:00,NSE:ZYDUSWELL,2205.8,2205.8,2190.05,2193.0,1571.0
2021-07-08 14:00:00,NSE:ZYDUSWELL,2191.0,2191.45,2180.2,2190.0,1367.0
2021-07-08 14:05:00,NSE:ZYDUSWELL,2190.0,2191.45,2186.85,2191.45,388.0
2021-07-08 14:10:00,NSE:ZYDUSWELL,2195.0,2200.0,2195.0,2198.15,822.0
2021-07-08 14:15:00,NSE:ZYDUSWELL,2198.15,2199.3,2196.0,2196.0,138.0
2021-07-08 14:20:00,NSE:ZYDUSWELL,2195.0,2197.0,2190.05,2192.1,379.0
2021-07-08 14:25:00,NSE:ZYDUSWELL,2191.0,2191.9,2186.05,2188.9,369.0
2021-07-08 14:30:00,NSE:ZYDUSWELL,2188.95,2189.9,2185.4,2185.45,394.0
2021-07-08 14:35:00,NSE:ZYDUSWELL,2182.0,2185.8,2180.05,2185.8,266.0
2021-07-08 14:40:00,NSE:ZYDUSWELL,2186.95,2187.3,2180.0,2182.75,972.0
2021-07-08 14:45:00,NSE:ZYDUSWELL,2182.15,2182.55,2175.0,2176.9,171.0
2021-07-08 14:50:00,NSE:ZYDUSWELL,2175.05,2188.5,2175.05,2185.75,431.0
2021-07-08 14:55:00,NSE:ZYDUSWELL,2183.25,2185.6,2182.95,2182.95,37.0
2021-07-08 15:00:00,NSE:ZYDUSWELL,2182.0,2186.25,2182.0,2186.15,124.0
2021-07-08 15:05:00,NSE:ZYDUSWELL,2186.15,2195.25,2184.6,2185.65,1018.0
2021-07-08 15:10:00,NSE:ZYDUSWELL,2189.45,2193.65,2182.05,2183.2,1226.0
2021-07-08 15:15:00,NSE:ZYDUSWELL,2184.35,2184.35,2181.0,2181.65,10367.0
2021-07-08 15:20:00,NSE:ZYDUSWELL,2181.7,2191.45,2180.1,2183.0,1162.0
2021-07-08 15:25:00,NSE:ZYDUSWELL,2184.75,2187.95,2181.25,2183.25,853.0
2021-07-08 15:30:00,NSE:ZYDUSWELL,2187.0,2187.0,2187.0,2187.0,44.0
2021-07-08 15:40:00,NSE:ZYDUSWELL,2183.45,2187.0,2183.45,2187.0,84.0
2021-07-09 09:05:00,NSE:ZYDUSWELL,2204.4,2204.4,2204.4,2204.4,70.0
2021-07-09 09:15:00,NSE:ZYDUSWELL,2200.0,2200.0,2184.05,2184.05,741.0
2021-07-09 09:20:00,NSE:ZYDUSWELL,2186.45,2193.0,2184.25,2190.0,916.0
2021-07-09 09:25:00,NSE:ZYDUSWELL,2190.0,2194.4,2186.1,2186.1,721.0
2021-07-09 09:30:00,NSE:ZYDUSWELL,2187.15,2194.6,2187.15,2192.85,234.0
2021-07-09 09:35:00,NSE:ZYDUSWELL,2193.7,2202.0,2193.7,2193.75,754.0
2021-07-09 09:40:00,NSE:ZYDUSWELL,2193.55,2194.6,2187.05,2187.1,706.0
2021-07-09 09:45:00,NSE:ZYDUSWELL,2188.0,2196.0,2187.05,2196.0,365.0
2021-07-09 09:50:00,NSE:ZYDUSWELL,2193.55,2195.0,2191.55,2193.0,200.0
2021-07-09 09:55:00,NSE:ZYDUSWELL,2193.0,2207.25,2193.0,2203.55,1248.0
2021-07-09 10:00:00,NSE:ZYDUSWELL,2203.55,2204.3,2196.35,2201.2,677.0
2021-07-09 10:05:00,NSE:ZYDUSWELL,2201.35,2202.8,2198.6,2201.95,429.0
2021-07-09 10:10:00,NSE:ZYDUSWELL,2199.45,2204.0,2199.45,2201.35,287.0
2021-07-09 10:15:00,NSE:ZYDUSWELL,2201.35,2204.05,2200.0,2201.4,254.0
2021-07-09 10:20:00,NSE:ZYDUSWELL,2201.4,2204.2,2200.1,2202.3,237.0
2021-07-09 10:25:00,NSE:ZYDUSWELL,2200.05,2203.5,2199.0,2200.25,210.0
2021-07-09 10:30:00,NSE:ZYDUSWELL,2202.1,2203.1,2199.0,2201.55,254.0
2021-07-09 10:35:00,NSE:ZYDUSWELL,2200.45,2202.55,2199.6,2201.0,210.0
2021-07-09 10:40:00,NSE:ZYDUSWELL,2200.05,2203.0,2200.05,2202.45,498.0
2021-07-09 10:45:00,NSE:ZYDUSWELL,2202.45,2203.9,2200.05,2200.7,209.0
2021-07-09 10:50:00,NSE:ZYDUSWELL,2202.65,2203.2,2199.75,2200.75,234.0
2021-07-09 10:55:00,NSE:ZYDUSWELL,2203.0,2203.4,2199.9,2200.15,271.0
2021-07-09 11:00:00,NSE:ZYDUSWELL,2202.5,2203.0,2198.85,2202.35,371.0
2021-07-09 11:05:00,NSE:ZYDUSWELL,2199.45,2203.55,2199.45,2202.9,374.0
2021-07-09 11:10:00,NSE:ZYDUSWELL,2200.9,2202.75,2199.45,2201.1,292.0
2021-07-09 11:15:00,NSE:ZYDUSWELL,2201.15,2202.95,2200.0,2200.4,595.0
2021-07-09 11:20:00,NSE:ZYDUSWELL,2200.05,2203.0,2200.0,2202.9,602.0
2021-07-09 11:25:00,NSE:ZYDUSWELL,2202.9,2203.5,2200.2,2202.85,431.0
2021-07-09 11:30:00,NSE:ZYDUSWELL,2202.85,2202.95,2198.25,2200.1,596.0
2021-07-09 11:35:00,NSE:ZYDUSWELL,2199.55,2202.8,2199.55,2202.8,470.0
2021-07-09 11:40:00,NSE:ZYDUSWELL,2200.75,2203.0,2200.05,2200.05,622.0
2021-07-09 11:45:00,NSE:ZYDUSWELL,2201.65,2203.45,2200.0,2202.6,173.0
2021-07-09 11:50:00,NSE:ZYDUSWELL,2202.6,2203.3,2202.0,2202.55,27.0
2021-07-09 11:55:00,NSE:ZYDUSWELL,2202.55,2203.75,2200.85,2202.9,474.0
2021-07-09 12:00:00,NSE:ZYDUSWELL,2203.0,2204.0,2200.05,2203.7,172.0
2021-07-09 12:05:00,NSE:ZYDUSWELL,2201.0,2202.95,2201.0,2202.25,63.0
2021-07-09 12:10:00,NSE:ZYDUSWELL,2201.1,2203.3,2200.25,2200.5,35.0
2021-07-09 12:15:00,NSE:ZYDUSWELL,2200.6,2203.55,2200.0,2203.0,222.0
2021-07-09 12:20:00,NSE:ZYDUSWELL,2200.75,2203.75,2200.15,2203.1,324.0
2021-07-09 12:25:00,NSE:ZYDUSWELL,2202.25,2203.5,2202.25,2203.5,120.0
2021-07-09 12:30:00,NSE:ZYDUSWELL,2203.9,2205.0,2203.5,2204.8,240.0
2021-07-09 12:35:00,NSE:ZYDUSWELL,2203.5,2204.8,2203.5,2203.5,151.0
2021-07-09 12:40:00,NSE:ZYDUSWELL,2203.5,2203.5,2203.5,2203.5,64.0
2021-07-09 12:45:00,NSE:ZYDUSWELL,2203.5,2204.45,2203.5,2203.55,51.0
2021-07-09 12:50:00,NSE:ZYDUSWELL,2203.5,2204.8,2203.5,2203.5,168.0
2021-07-09 12:55:00,NSE:ZYDUSWELL,2204.7,2206.6,2203.0,2206.15,243.0
2021-07-09 13:00:00,NSE:ZYDUSWELL,2206.15,2206.15,2204.4,2204.95,37.0
2021-07-09 13:05:00,NSE:ZYDUSWELL,2204.9,2206.15,2203.5,2206.0,181.0
2021-07-09 13:10:00,NSE:ZYDUSWELL,2207.0,2207.0,2203.5,2205.65,70.0
2021-07-09 13:15:00,NSE:ZYDUSWELL,2205.45,2205.45,2203.0,2203.5,97.0
2021-07-09 13:20:00,NSE:ZYDUSWELL,2203.5,2210.0,2203.5,2207.0,1459.0
2021-07-09 13:25:00,NSE:ZYDUSWELL,2203.5,2206.25,2203.5,2206.25,566.0
2021-07-09 13:30:00,NSE:ZYDUSWELL,2206.2,2206.2,2204.3,2204.3,297.0
2021-07-09 13:35:00,NSE:ZYDUSWELL,2203.5,2206.2,2203.5,2203.95,359.0
2021-07-09 13:40:00,NSE:ZYDUSWELL,2205.0,2206.7,2205.0,2205.3,72.0
2021-07-09 13:45:00,NSE:ZYDUSWELL,2205.05,2207.0,2205.0,2206.85,341.0
2021-07-09 13:50:00,NSE:ZYDUSWELL,2206.85,2207.0,2205.0,2205.0,258.0
2021-07-09 13:55:00,NSE:ZYDUSWELL,2206.0,2208.0,2205.0,2206.75,643.0
2021-07-09 14:00:00,NSE:ZYDUSWELL,2205.1,2207.1,2204.8,2207.0,169.0
2021-07-09 14:05:00,NSE:ZYDUSWELL,2206.95,2206.95,2206.95,2206.95,1.0
2021-07-09 14:10:00,NSE:ZYDUSWELL,2205.0,2206.0,2205.0,2205.05,57.0
2021-07-09 14:15:00,NSE:ZYDUSWELL,2205.05,2207.0,2205.0,2205.0,140.0
2021-07-09 14:20:00,NSE:ZYDUSWELL,2205.0,2206.5,2203.8,2205.0,312.0
2021-07-09 14:25:00,NSE:ZYDUSWELL,2205.0,2207.0,2204.85,2205.0,172.0
2021-07-09 14:30:00,NSE:ZYDUSWELL,2207.0,2208.05,2205.0,2208.0,427.0
2021-07-09 14:35:00,NSE:ZYDUSWELL,2208.95,2209.85,2207.1,2209.55,193.0
2021-07-09 14:40:00,NSE:ZYDUSWELL,2209.85,2230.0,2209.85,2219.95,5294.0
2021-07-09 14:45:00,NSE:ZYDUSWELL,2222.0,2229.95,2211.0,2211.0,3943.0
2021-07-09 14:50:00,NSE:ZYDUSWELL,2215.1,2220.35,2212.1,2214.15,539.0
2021-07-09 14:55:00,NSE:ZYDUSWELL,2213.8,2213.8,2205.0,2208.95,1326.0
2021-07-09 15:00:00,NSE:ZYDUSWELL,2206.25,2208.75,2205.0,2206.0,723.0
2021-07-09 15:05:00,NSE:ZYDUSWELL,2206.0,2209.0,2204.0,2208.95,2817.0
2021-07-09 15:10:00,NSE:ZYDUSWELL,2207.5,2207.75,2205.0,2205.0,3064.0
2021-07-09 15:15:00,NSE:ZYDUSWELL,2205.0,2207.65,2195.0,2195.0,1418.0
2021-07-09 15:20:00,NSE:ZYDUSWELL,2194.95,2194.95,2185.0,2188.3,1153.0
2021-07-09 15:25:00,NSE:ZYDUSWELL,2187.55,2197.0,2175.0,2185.8,1852.0
2021-07-09 15:30:00,NSE:ZYDUSWELL,2190.0,2190.0,2190.0,2190.0,25.0
2021-07-09 15:45:00,NSE:ZYDUSWELL,2198.4,2198.4,2198.4,2198.4,1.0
2021-07-12 09:05:00,NSE:ZYDUSWELL,2206.45,2206.45,2206.45,2206.45,224.0
2021-07-12 09:15:00,NSE:ZYDUSWELL,2205.9,2220.55,2204.0,2217.6,1552.0
2021-07-12 09:20:00,NSE:ZYDUSWELL,2215.55,2219.3,2212.05,2212.1,717.0
2021-07-12 09:25:00,NSE:ZYDUSWELL,2213.95,2218.85,2207.05,2218.85,596.0
2021-07-12 09:30:00,NSE:ZYDUSWELL,2220.0,2228.85,2215.65,2228.85,1708.0
2021-07-12 09:35:00,NSE:ZYDUSWELL,2224.35,2229.0,2216.55,2216.55,307.0
2021-07-12 09:40:00,NSE:ZYDUSWELL,2216.5,2219.95,2210.1,2210.1,549.0
2021-07-12 09:45:00,NSE:ZYDUSWELL,2208.7,2210.0,2207.55,2209.55,173.0
2021-07-12 09:50:00,NSE:ZYDUSWELL,2207.7,2211.7,2205.55,2211.7,297.0
2021-07-12 09:55:00,NSE:ZYDUSWELL,2213.0,2219.1,2207.15,2210.0,1837.0
2021-07-12 10:00:00,NSE:ZYDUSWELL,2210.0,2213.7,2209.05,2209.05,256.0
2021-07-12 10:05:00,NSE:ZYDUSWELL,2209.0,2216.55,2209.0,2211.75,337.0
2021-07-12 10:10:00,NSE:ZYDUSWELL,2210.0,2210.95,2206.0,2206.0,336.0
2021-07-12 10:15:00,NSE:ZYDUSWELL,2207.0,2215.8,2207.0,2215.35,473.0
2021-07-12 10:20:00,NSE:ZYDUSWELL,2210.0,2212.55,2210.0,2210.25,118.0
2021-07-12 10:25:00,NSE:ZYDUSWELL,2210.2,2212.5,2208.5,2208.5,523.0
2021-07-12 10:30:00,NSE:ZYDUSWELL,2210.1,2213.45,2205.65,2208.25,694.0
2021-07-12 10:35:00,NSE:ZYDUSWELL,2211.0,2213.15,2208.0,2208.95,231.0
2021-07-12 10:40:00,NSE:ZYDUSWELL,2209.6,2209.6,2206.1,2206.6,137.0
2021-07-12 10:45:00,NSE:ZYDUSWELL,2208.45,2212.95,2208.15,2208.15,186.0
2021-07-12 10:50:00,NSE:ZYDUSWELL,2209.75,2213.2,2206.0,2208.05,381.0
2021-07-12 10:55:00,NSE:ZYDUSWELL,2206.05,2212.6,2206.05,2210.8,274.0
2021-07-12 11:00:00,NSE:ZYDUSWELL,2210.05,2211.05,2210.05,2210.95,16.0
2021-07-12 11:05:00,NSE:ZYDUSWELL,2211.0,2215.8,2211.0,2214.75,255.0
2021-07-12 11:10:00,NSE:ZYDUSWELL,2214.0,2220.0,2214.0,2217.55,587.0
2021-07-12 11:15:00,NSE:ZYDUSWELL,2217.55,2217.55,2214.0,2214.0,134.0
2021-07-12 11:20:00,NSE:ZYDUSWELL,2212.0,2212.0,2208.0,2209.9,754.0
2021-07-12 11:25:00,NSE:ZYDUSWELL,2208.0,2210.0,2208.0,2208.05,73.0
2021-07-12 11:30:00,NSE:ZYDUSWELL,2210.0,2215.75,2210.0,2210.0,439.0
2021-07-12 11:35:00,NSE:ZYDUSWELL,2209.95,2211.9,2192.45,2210.15,1598.0
2021-07-12 11:40:00,NSE:ZYDUSWELL,2210.0,2222.0,2208.05,2218.6,1104.0
2021-07-12 11:45:00,NSE:ZYDUSWELL,2218.2,2218.2,2212.15,2216.15,62.0
2021-07-12 11:50:00,NSE:ZYDUSWELL,2217.4,2218.5,2210.95,2211.7,164.0
2021-07-12 11:55:00,NSE:ZYDUSWELL,2213.95,2216.15,2211.7,2216.15,332.0
2021-07-12 12:00:00,NSE:ZYDUSWELL,2215.3,2218.25,2215.3,2218.15,462.0
2021-07-12 12:05:00,NSE:ZYDUSWELL,2218.15,2218.15,2212.35,2212.35,118.0
2021-07-12 12:10:00,NSE:ZYDUSWELL,2212.2,2212.2,2212.2,2212.2,10.0
2021-07-12 12:15:00,NSE:ZYDUSWELL,2210.65,2214.1,2210.0,2210.0,162.0
2021-07-12 12:20:00,NSE:ZYDUSWELL,2210.0,2210.0,2207.0,2209.9,51.0
2021-07-12 12:25:00,NSE:ZYDUSWELL,2212.1,2214.35,2210.65,2213.15,371.0
2021-07-12 12:30:00,NSE:ZYDUSWELL,2213.2,2214.25,2211.15,2214.1,81.0
2021-07-12 12:35:00,NSE:ZYDUSWELL,2211.15,2214.25,2210.35,2214.25,87.0
2021-07-12 12:40:00,NSE:ZYDUSWELL,2210.8,2213.3,2210.8,2213.3,4.0
2021-07-12 12:45:00,NSE:ZYDUSWELL,2210.2,2212.25,2210.2,2211.0,63.0
2021-07-12 12:50:00,NSE:ZYDUSWELL,2210.2,2211.0,2210.2,2211.0,64.0
2021-07-12 12:55:00,NSE:ZYDUSWELL,2210.95,2211.0,2210.2,2210.2,74.0
2021-07-12 13:00:00,NSE:ZYDUSWELL,2210.95,2210.95,2205.05,2205.05,267.0
2021-07-12 13:05:00,NSE:ZYDUSWELL,2206.5,2207.0,2206.5,2207.0,31.0
2021-07-12 13:10:00,NSE:ZYDUSWELL,2204.55,2207.15,2192.35,2193.95,495.0
2021-07-12 13:15:00,NSE:ZYDUSWELL,2193.95,2195.05,2192.55,2195.05,362.0
2021-07-12 13:20:00,NSE:ZYDUSWELL,2195.1,2199.35,2195.1,2196.05,281.0
2021-07-12 13:25:00,NSE:ZYDUSWELL,2198.25,2198.4,2196.2,2197.65,45.0
2021-07-12 13:30:00,NSE:ZYDUSWELL,2199.05,2199.05,2196.35,2196.45,42.0
2021-07-12 13:35:00,NSE:ZYDUSWELL,2199.0,2206.15,2196.7,2203.45,185.0
2021-07-12 13:40:00,NSE:ZYDUSWELL,2205.0,2206.15,2199.95,2202.55,593.0
2021-07-12 13:45:00,NSE:ZYDUSWELL,2205.55,2205.7,2203.7,2203.7,132.0
2021-07-12 13:50:00,NSE:ZYDUSWELL,2204.35,2205.45,2200.65,2200.65,115.0
2021-07-12 13:55:00,NSE:ZYDUSWELL,2200.0,2200.9,2200.0,2200.9,7.0
2021-07-12 14:00:00,NSE:ZYDUSWELL,2201.6,2202.1,2198.0,2200.5,37.0
2021-07-12 14:05:00,NSE:ZYDUSWELL,2200.5,2200.65,2198.5,2199.5,309.0
2021-07-12 14:10:00,NSE:ZYDUSWELL,2201.3,2201.3,2197.6,2198.5,26.0
2021-07-12 14:15:00,NSE:ZYDUSWELL,2198.9,2198.9,2196.85,2196.85,9.0
2021-07-12 14:20:00,NSE:ZYDUSWELL,2198.75,2202.0,2195.0,2202.0,863.0
2021-07-12 14:25:00,NSE:ZYDUSWELL,2204.65,2208.55,2204.65,2207.95,326.0
2021-07-12 14:30:00,NSE:ZYDUSWELL,2208.15,2208.2,2202.15,2202.55,168.0
2021-07-12 14:35:00,NSE:ZYDUSWELL,2200.0,2200.0,2195.0,2196.1,185.0
2021-07-12 14:40:00,NSE:ZYDUSWELL,2197.1,2199.35,2196.05,2197.75,77.0
2021-07-12 14:45:00,NSE:ZYDUSWELL,2195.05,2195.05,2190.0,2190.65,636.0
2021-07-12 14:50:00,NSE:ZYDUSWELL,2194.75,2196.4,2192.25,2194.95,134.0
2021-07-12 14:55:00,NSE:ZYDUSWELL,2194.75,2195.0,2193.0,2194.0,52.0
2021-07-12 15:00:00,NSE:ZYDUSWELL,2197.95,2199.0,2190.2,2192.45,443.0
2021-07-12 15:05:00,NSE:ZYDUSWELL,2192.5,2204.85,2192.5,2197.3,474.0
2021-07-12 15:10:00,NSE:ZYDUSWELL,2196.55,2196.55,2190.0,2192.65,685.0
2021-07-12 15:15:00,NSE:ZYDUSWELL,2192.9,2197.25,2180.05,2190.5,1564.0
2021-07-12 15:20:00,NSE:ZYDUSWELL,2190.5,2194.95,2185.0,2189.95,285.0
2021-07-12 15:25:00,NSE:ZYDUSWELL,2188.75,2189.9,2186.0,2189.15,566.0
2021-07-12 15:40:00,NSE:ZYDUSWELL,2190.65,2190.65,2190.65,2190.65,50.0
2021-07-13 09:05:00,NSE:ZYDUSWELL,2205.7,2205.7,2205.7,2205.7,98.0
2021-07-13 09:15:00,NSE:ZYDUSWELL,2205.65,2205.65,2180.05,2197.15,577.0
2021-07-13 09:20:00,NSE:ZYDUSWELL,2192.55,2197.95,2192.55,2194.05,143.0
2021-07-13 09:25:00,NSE:ZYDUSWELL,2192.95,2193.1,2192.0,2192.0,129.0
2021-07-13 09:30:00,NSE:ZYDUSWELL,2190.05,2192.0,2190.0,2192.0,39.0
2021-07-13 09:35:00,NSE:ZYDUSWELL,2192.0,2194.85,2192.0,2194.0,86.0
2021-07-13 09:40:00,NSE:ZYDUSWELL,2195.6,2197.6,2194.85,2197.15,72.0
2021-07-13 09:45:00,NSE:ZYDUSWELL,2195.5,2198.95,2195.5,2198.9,63.0
2021-07-13 09:50:00,NSE:ZYDUSWELL,2198.9,2198.9,2192.0,2192.0,148.0
2021-07-13 09:55:00,NSE:ZYDUSWELL,2194.35,2198.0,2191.0,2198.0,210.0
2021-07-13 10:00:00,NSE:ZYDUSWELL,2200.0,2200.95,2200.0,2200.0,342.0
2021-07-13 10:05:00,NSE:ZYDUSWELL,2202.7,2203.35,2202.6,2202.6,85.0
2021-07-13 10:10:00,NSE:ZYDUSWELL,2202.6,2204.35,2202.6,2203.5,59.0
2021-07-13 10:15:00,NSE:ZYDUSWELL,2202.6,2204.3,2202.6,2204.3,62.0
2021-07-13 10:20:00,NSE:ZYDUSWELL,2202.6,2205.0,2202.0,2205.0,169.0
2021-07-13 10:25:00,NSE:ZYDUSWELL,2205.0,2205.0,2200.0,2200.0,153.0
2021-07-13 10:30:00,NSE:ZYDUSWELL,2200.0,2203.05,2200.0,2203.05,5.0
2021-07-13 10:35:00,NSE:ZYDUSWELL,2201.6,2201.6,2198.35,2200.05,247.0
2021-07-13 10:40:00,NSE:ZYDUSWELL,2200.0,2201.0,2199.35,2201.0,68.0
2021-07-13 10:45:00,NSE:ZYDUSWELL,2200.0,2200.75,2199.55,2200.0,85.0
2021-07-13 10:50:00,NSE:ZYDUSWELL,2198.7,2202.5,2198.7,2202.15,196.0
2021-07-13 10:55:00,NSE:ZYDUSWELL,2199.9,2202.95,2199.9,2200.0,107.0
2021-07-13 11:00:00,NSE:ZYDUSWELL,2199.95,2202.35,2199.95,2202.35,1176.0
2021-07-13 11:05:00,NSE:ZYDUSWELL,2201.05,2201.65,2200.0,2201.65,144.0
2021-07-13 11:10:00,NSE:ZYDUSWELL,2200.05,2203.8,2200.0,2203.2,98.0
2021-07-13 11:15:00,NSE:ZYDUSWELL,2203.35,2203.4,2200.0,2203.0,132.0
2021-07-13 11:20:00,NSE:ZYDUSWELL,2202.75,2202.95,2200.45,2202.4,42.0
2021-07-13 11:25:00,NSE:ZYDUSWELL,2202.45,2202.45,2201.1,2202.3,14.0
2021-07-13 11:30:00,NSE:ZYDUSWELL,2202.25,2202.25,2200.85,2200.85,8.0
2021-07-13 11:35:00,NSE:ZYDUSWELL,2202.3,2202.3,2200.1,2200.1,51.0
2021-07-13 11:40:00,NSE:ZYDUSWELL,2200.05,2201.95,2200.0,2201.95,51.0
2021-07-13 11:45:00,NSE:ZYDUSWELL,2200.0,2202.95,2200.0,2201.15,143.0
2021-07-13 11:50:00,NSE:ZYDUSWELL,2200.55,2204.0,2200.55,2201.6,127.0
2021-07-13 11:55:00,NSE:ZYDUSWELL,2204.0,2204.75,2201.65,2204.75,34.0
2021-07-13 12:00:00,NSE:ZYDUSWELL,2201.6,2201.95,2200.0,2200.0,109.0
2021-07-13 12:05:00,NSE:ZYDUSWELL,2201.95,2201.95,2200.0,2200.0,36.0
2021-07-13 12:10:00,NSE:ZYDUSWELL,2200.1,2201.95,2200.05,2200.05,37.0
2021-07-13 12:15:00,NSE:ZYDUSWELL,2200.0,2200.05,2200.0,2200.0,18.0
2021-07-13 12:20:00,NSE:ZYDUSWELL,2200.0,2200.7,2199.2,2200.0,168.0
2021-07-13 12:25:00,NSE:ZYDUSWELL,2200.0,2200.8,2199.05,2200.65,534.0
2021-07-13 12:30:00,NSE:ZYDUSWELL,2200.0,2200.0,2200.0,2200.0,31.0
2021-07-13 12:35:00,NSE:ZYDUSWELL,2200.9,2201.5,2200.0,2201.5,135.0
2021-07-13 12:40:00,NSE:ZYDUSWELL,2200.0,2201.45,2200.0,2200.0,27.0
2021-07-13 12:45:00,NSE:ZYDUSWELL,2200.0,2201.95,2200.0,2201.9,198.0
2021-07-13 12:50:00,NSE:ZYDUSWELL,2201.9,2201.9,2201.8,2201.8,9.0
2021-07-13 12:55:00,NSE:ZYDUSWELL,2200.0,2201.75,2199.75,2199.75,42.0
2021-07-13 13:00:00,NSE:ZYDUSWELL,2199.75,2201.8,2199.75,2201.8,26.0
2021-07-13 13:05:00,NSE:ZYDUSWELL,2199.95,2201.75,2199.95,2201.75,106.0
2021-07-13 13:10:00,NSE:ZYDUSWELL,2201.95,2201.95,2200.0,2200.0,33.0
2021-07-13 13:15:00,NSE:ZYDUSWELL,2200.1,2200.1,2200.1,2200.1,1.0
2021-07-13 13:20:00,NSE:ZYDUSWELL,2200.0,2201.9,2200.0,2200.0,60.0
2021-07-13 13:25:00,NSE:ZYDUSWELL,2201.95,2201.95,2201.95,2201.95,38.0
2021-07-13 13:30:00,NSE:ZYDUSWELL,2201.7,2202.0,2200.05,2202.0,48.0
2021-07-13 13:35:00,NSE:ZYDUSWELL,2199.95,2201.9,2199.95,2200.0,156.0
2021-07-13 13:40:00,NSE:ZYDUSWELL,2199.95,2204.05,2199.95,2204.05,416.0
2021-07-13 13:45:00,NSE:ZYDUSWELL,2201.05,2203.8,2200.3,2203.8,28.0
2021-07-13 13:50:00,NSE:ZYDUSWELL,2201.25,2203.55,2200.3,2201.0,44.0
2021-07-13 13:55:00,NSE:ZYDUSWELL,2200.8,2202.0,2200.55,2202.0,19.0
2021-07-13 14:00:00,NSE:ZYDUSWELL,2201.0,2204.95,2201.0,2204.95,136.0
2021-07-13 14:05:00,NSE:ZYDUSWELL,2200.0,2203.1,2200.0,2202.1,342.0
2021-07-13 14:10:00,NSE:ZYDUSWELL,2200.75,2200.75,2200.05,2200.05,195.0
2021-07-13 14:15:00,NSE:ZYDUSWELL,2200.05,2200.05,2200.05,2200.05,25.0
2021-07-13 14:20:00,NSE:ZYDUSWELL,2200.05,2203.75,2200.05,2203.75,37.0
2021-07-13 14:25:00,NSE:ZYDUSWELL,2202.0,2203.8,2200.35,2200.35,16.0
2021-07-13 14:30:00,NSE:ZYDUSWELL,2201.0,2201.05,2200.1,2200.15,51.0
2021-07-13 14:35:00,NSE:ZYDUSWELL,2200.15,2201.0,2200.05,2201.0,133.0
2021-07-13 14:40:00,NSE:ZYDUSWELL,2200.1,2201.0,2200.05,2200.05,128.0
2021-07-13 14:45:00,NSE:ZYDUSWELL,2200.2,2200.2,2200.05,2200.2,44.0
2021-07-13 14:50:00,NSE:ZYDUSWELL,2200.9,2201.0,2200.05,2200.1,144.0
2021-07-13 14:55:00,NSE:ZYDUSWELL,2200.05,2201.0,2200.05,2201.0,118.0
2021-07-13 15:00:00,NSE:ZYDUSWELL,2201.0,2201.0,2200.0,2200.0,185.0
2021-07-13 15:05:00,NSE:ZYDUSWELL,2200.5,2215.0,2199.3,2212.15,43198.0
2021-07-13 15:10:00,NSE:ZYDUSWELL,2210.95,2210.95,2205.45,2207.05,541.0
2021-07-13 15:15:00,NSE:ZYDUSWELL,2206.55,2208.9,2200.0,2203.15,695.0
2021-07-13 15:20:00,NSE:ZYDUSWELL,2204.25,2215.0,2193.05,2210.0,962.0
2021-07-13 15:25:00,NSE:ZYDUSWELL,2212.0,2212.0,2192.0,2192.0,586.0
2021-07-13 15:45:00,NSE:ZYDUSWELL,2195.95,2195.95,2192.0,2192.0,15.0
2021-07-14 09:05:00,NSE:ZYDUSWELL,2194.9,2194.9,2194.9,2194.9,83.0
2021-07-14 09:15:00,NSE:ZYDUSWELL,2196.85,2197.6,2188.6,2191.4,248.0
2021-07-14 09:20:00,NSE:ZYDUSWELL,2193.2,2202.0,2193.2,2201.0,121.0
2021-07-14 09:25:00,NSE:ZYDUSWELL,2201.5,2202.0,2194.0,2194.0,119.0
2021-07-14 09:30:00,NSE:ZYDUSWELL,2192.55,2195.25,2186.95,2186.95,549.0
2021-07-14 09:35:00,NSE:ZYDUSWELL,2184.15,2190.1,2184.15,2188.0,293.0
2021-07-14 09:40:00,NSE:ZYDUSWELL,2188.0,2189.4,2187.1,2187.25,365.0
2021-07-14 09:45:00,NSE:ZYDUSWELL,2187.25,2192.2,2187.25,2192.2,174.0
2021-07-14 09:50:00,NSE:ZYDUSWELL,2193.4,2195.0,2193.4,2194.3,496.0
2021-07-14 09:55:00,NSE:ZYDUSWELL,2195.0,2198.0,2193.05,2198.0,222.0
2021-07-14 10:00:00,NSE:ZYDUSWELL,2197.4,2197.6,2195.0,2195.0,52.0
2021-07-14 10:05:00,NSE:ZYDUSWELL,2195.0,2195.0,2192.25,2194.25,131.0
2021-07-14 10:10:00,NSE:ZYDUSWELL,2195.65,2203.0,2195.2,2200.0,113.0
2021-07-14 10:15:00,NSE:ZYDUSWELL,2202.8,2205.0,2198.65,2205.0,277.0
2021-07-14 10:20:00,NSE:ZYDUSWELL,2205.0,2205.2,2204.95,2205.15,97.0
2021-07-14 10:25:00,NSE:ZYDUSWELL,2205.0,2206.95,2199.0,2199.0,140.0
2021-07-14 10:30:00,NSE:ZYDUSWELL,2201.8,2203.1,2199.85,2199.85,52.0
2021-07-14 10:35:00,NSE:ZYDUSWELL,2199.5,2204.85,2199.5,2204.7,116.0
2021-07-14 10:40:00,NSE:ZYDUSWELL,2202.65,2202.7,2199.05,2202.05,106.0
2021-07-14 10:45:00,NSE:ZYDUSWELL,2203.35,2204.4,2202.4,2203.95,63.0
2021-07-14 10:50:00,NSE:ZYDUSWELL,2204.0,2207.85,2204.0,2207.1,103.0
2021-07-14 10:55:00,NSE:ZYDUSWELL,2207.45,2208.45,2205.05,2206.95,60.0
2021-07-14 11:00:00,NSE:ZYDUSWELL,2207.0,2208.5,2206.75,2206.75,74.0
2021-07-14 11:05:00,NSE:ZYDUSWELL,2208.15,2209.85,2206.8,2207.0,261.0
2021-07-14 11:10:00,NSE:ZYDUSWELL,2208.55,2208.55,2206.8,2207.75,144.0
2021-07-14 11:15:00,NSE:ZYDUSWELL,2206.05,2206.6,2204.1,2206.6,172.0
2021-07-14 11:20:00,NSE:ZYDUSWELL,2206.5,2206.6,2199.0,2199.0,141.0
2021-07-14 11:25:00,NSE:ZYDUSWELL,2198.25,2198.6,2194.0,2197.1,103.0
2021-07-14 11:30:00,NSE:ZYDUSWELL,2197.25,2197.25,2195.55,2196.6,40.0
2021-07-14 11:35:00,NSE:ZYDUSWELL,2198.3,2200.0,2191.5,2191.5,374.0
2021-07-14 11:40:00,NSE:ZYDUSWELL,2195.1,2195.4,2193.4,2195.4,91.0
2021-07-14 11:45:00,NSE:ZYDUSWELL,2195.45,2196.95,2193.15,2195.15,41.0
2021-07-14 11:50:00,NSE:ZYDUSWELL,2195.6,2200.0,2194.0,2196.95,134.0
2021-07-14 11:55:00,NSE:ZYDUSWELL,2198.0,2198.0,2194.95,2197.2,59.0
2021-07-14 12:00:00,NSE:ZYDUSWELL,2199.0,2199.9,2197.4,2199.6,114.0
2021-07-14 12:05:00,NSE:ZYDUSWELL,2198.4,2199.9,2197.3,2199.9,50.0
2021-07-14 12:10:00,NSE:ZYDUSWELL,2199.9,2199.9,2197.3,2197.3,23.0
2021-07-14 12:15:00,NSE:ZYDUSWELL,2198.45,2198.95,2197.4,2197.8,24.0
2021-07-14 12:20:00,NSE:ZYDUSWELL,2199.2,2202.2,2199.2,2202.15,43.0
2021-07-14 12:25:00,NSE:ZYDUSWELL,2201.7,2204.5,2201.7,2202.4,147.0
2021-07-14 12:30:00,NSE:ZYDUSWELL,2202.4,2203.9,2202.4,2202.4,55.0
2021-07-14 12:35:00,NSE:ZYDUSWELL,2204.45,2204.5,2204.25,2204.25,23.0
2021-07-14 12:40:00,NSE:ZYDUSWELL,2204.5,2204.5,2203.15,2204.1,141.0
2021-07-14 12:45:00,NSE:ZYDUSWELL,2202.65,2203.2,2201.7,2201.7,37.0
2021-07-14 12:50:00,NSE:ZYDUSWELL,2203.65,2203.65,2202.5,2202.5,33.0
2021-07-14 12:55:00,NSE:ZYDUSWELL,2203.25,2204.05,2201.4,2202.0,42.0
2021-07-14 13:00:00,NSE:ZYDUSWELL,2203.35,2203.35,2195.15,2195.15,109.0
2021-07-14 13:05:00,NSE:ZYDUSWELL,2197.1,2202.15,2197.1,2197.4,171.0
2021-07-14 13:10:00,NSE:ZYDUSWELL,2197.8,2204.1,2197.8,2204.1,79.0
2021-07-14 13:15:00,NSE:ZYDUSWELL,2201.95,2202.0,2197.15,2202.0,428.0
2021-07-14 13:20:00,NSE:ZYDUSWELL,2200.0,2210.3,2198.05,2201.65,1228.0
2021-07-14 13:25:00,NSE:ZYDUSWELL,2199.2,2201.65,2198.55,2198.7,38.0
2021-07-14 13:30:00,NSE:ZYDUSWELL,2199.6,2199.9,2198.0,2198.0,64.0
2021-07-14 13:35:00,NSE:ZYDUSWELL,2198.25,2198.5,2197.05,2198.45,31.0
2021-07-14 13:40:00,NSE:ZYDUSWELL,2197.7,2198.5,2196.6,2198.0,91.0
2021-07-14 13:45:00,NSE:ZYDUSWELL,2195.25,2198.0,2195.15,2195.6,143.0
2021-07-14 13:50:00,NSE:ZYDUSWELL,2197.6,2198.0,2197.6,2197.95,20.0
2021-07-14 13:55:00,NSE:ZYDUSWELL,2198.0,2198.5,2195.35,2198.5,153.0
2021-07-14 14:00:00,NSE:ZYDUSWELL,2196.15,2197.6,2195.15,2195.45,120.0
2021-07-14 14:05:00,NSE:ZYDUSWELL,2198.45,2198.5,2195.45,2195.45,65.0
2021-07-14 14:10:00,NSE:ZYDUSWELL,2195.0,2195.0,2195.0,2195.0,279.0
2021-07-14 14:15:00,NSE:ZYDUSWELL,2194.0,2195.0,2194.0,2195.0,45.0
2021-07-14 14:20:00,NSE:ZYDUSWELL,2196.55,2197.6,2194.2,2194.85,49.0
2021-07-14 14:25:00,NSE:ZYDUSWELL,2194.85,2194.85,2192.55,2192.55,31.0
2021-07-14 14:30:00,NSE:ZYDUSWELL,2194.15,2194.3,2193.9,2194.2,27.0
2021-07-14 14:35:00,NSE:ZYDUSWELL,2194.1,2194.1,2193.2,2193.2,78.0
2021-07-14 14:40:00,NSE:ZYDUSWELL,2193.25,2194.95,2193.25,2193.95,97.0
2021-07-14 14:45:00,NSE:ZYDUSWELL,2193.85,2193.9,2193.8,2193.9,7.0
2021-07-14 14:50:00,NSE:ZYDUSWELL,2194.0,2194.0,2190.0,2191.45,197.0
2021-07-14 14:55:00,NSE:ZYDUSWELL,2190.1,2192.6,2190.0,2192.6,45.0
2021-07-14 15:00:00,NSE:ZYDUSWELL,2192.65,2193.95,2189.2,2191.35,466.0
2021-07-14 15:05:00,NSE:ZYDUSWELL,2191.3,2194.9,2190.15,2194.9,315.0
2021-07-14 15:10:00,NSE:ZYDUSWELL,2194.9,2194.9,2188.5,2190.45,462.0
2021-07-14 15:15:00,NSE:ZYDUSWELL,2190.35,2191.5,2188.0,2188.95,451.0
2021-07-14 15:20:00,NSE:ZYDUSWELL,2189.25,2189.7,2187.8,2188.0,308.0
2021-07-14 15:25:00,NSE:ZYDUSWELL,2188.0,2189.5,2185.0,2189.0,1408.0
2021-07-14 15:45:00,NSE:ZYDUSWELL,2188.65,2189.0,2188.65,2189.0,58.0
2021-07-15 09:05:00,NSE:ZYDUSWELL,2177.0,2177.0,2177.0,2177.0,10.0
2021-07-15 09:15:00,NSE:ZYDUSWELL,2177.0,2190.0,2176.5,2190.0,579.0
2021-07-15 09:20:00,NSE:ZYDUSWELL,2186.55,2186.55,2180.6,2181.2,261.0
2021-07-15 09:25:00,NSE:ZYDUSWELL,2181.25,2186.25,2181.25,2183.3,227.0
2021-07-15 09:30:00,NSE:ZYDUSWELL,2183.3,2187.45,2183.0,2186.35,285.0
2021-07-15 09:35:00,NSE:ZYDUSWELL,2186.95,2191.4,2186.95,2191.4,154.0
2021-07-15 09:40:00,NSE:ZYDUSWELL,2189.9,2191.0,2187.85,2188.1,306.0
2021-07-15 09:45:00,NSE:ZYDUSWELL,2186.45,2199.75,2185.75,2197.0,571.0
2021-07-15 09:50:00,NSE:ZYDUSWELL,2195.3,2199.8,2195.3,2199.8,156.0
2021-07-15 09:55:00,NSE:ZYDUSWELL,2199.75,2199.9,2193.0,2193.2,746.0
2021-07-15 10:00:00,NSE:ZYDUSWELL,2193.05,2196.05,2188.15,2195.6,328.0
2021-07-15 10:05:00,NSE:ZYDUSWELL,2193.0,2194.45,2190.8,2190.8,150.0
2021-07-15 10:10:00,NSE:ZYDUSWELL,2190.0,2190.75,2188.0,2189.75,44.0
2021-07-15 10:15:00,NSE:ZYDUSWELL,2193.0,2195.0,2192.0,2195.0,82.0
2021-07-15 10:20:00,NSE:ZYDUSWELL,2192.5,2197.05,2192.05,2195.05,419.0
2021-07-15 10:25:00,NSE:ZYDUSWELL,2192.7,2194.7,2191.1,2191.35,126.0
2021-07-15 10:30:00,NSE:ZYDUSWELL,2191.85,2194.5,2190.1,2190.1,111.0
2021-07-15 10:35:00,NSE:ZYDUSWELL,2190.1,2192.6,2188.4,2188.4,171.0
2021-07-15 10:40:00,NSE:ZYDUSWELL,2191.95,2193.0,2189.95,2189.95,188.0
2021-07-15 10:45:00,NSE:ZYDUSWELL,2189.15,2195.0,2188.95,2190.25,350.0
2021-07-15 10:50:00,NSE:ZYDUSWELL,2187.9,2195.0,2187.9,2195.0,247.0
2021-07-15 10:55:00,NSE:ZYDUSWELL,2195.0,2195.0,2187.9,2192.35,298.0
2021-07-15 11:00:00,NSE:ZYDUSWELL,2192.65,2198.95,2190.5,2198.35,567.0
2021-07-15 11:05:00,NSE:ZYDUSWELL,2196.5,2199.85,2196.5,2196.5,88.0
2021-07-15 11:10:00,NSE:ZYDUSWELL,2197.05,2200.0,2197.05,2200.0,508.0
2021-07-15 11:15:00,NSE:ZYDUSWELL,2198.0,2200.0,2197.2,2200.0,44.0
2021-07-15 11:20:00,NSE:ZYDUSWELL,2197.55,2199.95,2197.05,2197.05,19.0
2021-07-15 11:25:00,NSE:ZYDUSWELL,2193.8,2193.8,2186.2,2189.65,585.0
2021-07-15 11:30:00,NSE:ZYDUSWELL,2190.0,2192.7,2190.0,2192.7,47.0
2021-07-15 11:35:00,NSE:ZYDUSWELL,2195.85,2196.6,2193.2,2196.6,35.0
2021-07-15 11:40:00,NSE:ZYDUSWELL,2196.55,2199.95,2193.5,2196.05,138.0
2021-07-15 11:45:00,NSE:ZYDUSWELL,2196.8,2200.0,2196.8,2199.5,174.0
2021-07-15 11:50:00,NSE:ZYDUSWELL,2199.5,2199.5,2193.65,2193.65,16.0
2021-07-15 11:55:00,NSE:ZYDUSWELL,2196.0,2196.0,2183.0,2183.0,247.0
2021-07-15 12:00:00,NSE:ZYDUSWELL,2186.2,2203.0,2186.2,2203.0,652.0
2021-07-15 12:05:00,NSE:ZYDUSWELL,2200.0,2200.9,2192.45,2192.45,264.0
2021-07-15 12:10:00,NSE:ZYDUSWELL,2191.9,2191.9,2191.15,2191.5,31.0
2021-07-15 12:15:00,NSE:ZYDUSWELL,2195.05,2198.3,2193.75,2198.3,114.0
2021-07-15 12:20:00,NSE:ZYDUSWELL,2197.1,2199.25,2195.15,2195.15,21.0
2021-07-15 12:25:00,NSE:ZYDUSWELL,2195.1,2198.05,2193.85,2195.0,124.0
2021-07-15 12:30:00,NSE:ZYDUSWELL,2195.0,2200.5,2195.0,2200.5,1317.0
2021-07-15 12:35:00,NSE:ZYDUSWELL,2200.5,2200.5,2196.85,2196.85,163.0
2021-07-15 12:40:00,NSE:ZYDUSWELL,2195.55,2201.75,2195.55,2200.05,152.0
2021-07-15 12:45:00,NSE:ZYDUSWELL,2200.05,2200.05,2199.35,2199.35,167.0
2021-07-15 12:50:00,NSE:ZYDUSWELL,2195.8,2200.2,2195.8,2200.2,78.0
2021-07-15 12:55:00,NSE:ZYDUSWELL,2200.0,2201.8,2195.0,2195.0,127.0
2021-07-15 13:00:00,NSE:ZYDUSWELL,2195.55,2195.55,2188.65,2193.8,216.0
2021-07-15 13:05:00,NSE:ZYDUSWELL,2191.6,2197.2,2191.6,2196.25,39.0
2021-07-15 13:10:00,NSE:ZYDUSWELL,2195.3,2201.0,2195.3,2200.0,210.0
2021-07-15 13:15:00,NSE:ZYDUSWELL,2200.1,2201.0,2200.0,2201.0,136.0
2021-07-15 13:20:00,NSE:ZYDUSWELL,2200.0,2200.9,2200.0,2200.9,91.0
2021-07-15 13:25:00,NSE:ZYDUSWELL,2200.9,2200.9,2197.85,2197.85,210.0
2021-07-15 13:30:00,NSE:ZYDUSWELL,2200.0,2200.0,2196.3,2198.95,12.0
2021-07-15 13:35:00,NSE:ZYDUSWELL,2199.6,2199.6,2199.0,2199.0,15.0
2021-07-15 13:40:00,NSE:ZYDUSWELL,2193.65,2198.85,2193.65,2194.25,172.0
2021-07-15 13:45:00,NSE:ZYDUSWELL,2197.6,2199.7,2194.25,2197.25,188.0
2021-07-15 13:50:00,NSE:ZYDUSWELL,2195.15,2195.15,2192.35,2192.35,84.0
2021-07-15 13:55:00,NSE:ZYDUSWELL,2191.95,2196.45,2191.95,2196.45,37.0
2021-07-15 14:00:00,NSE:ZYDUSWELL,2199.0,2199.0,2191.8,2195.25,165.0
2021-07-15 14:10:00,NSE:ZYDUSWELL,2195.05,2195.05,2191.2,2191.25,38.0
2021-07-15 14:15:00,NSE:ZYDUSWELL,2194.05,2194.05,2190.6,2194.05,117.0
2021-07-15 14:20:00,NSE:ZYDUSWELL,2193.5,2195.5,2192.1,2195.5,68.0
2021-07-15 14:25:00,NSE:ZYDUSWELL,2196.0,2197.75,2194.05,2194.05,53.0
2021-07-15 14:30:00,NSE:ZYDUSWELL,2194.05,2197.8,2194.05,2195.45,95.0
2021-07-15 14:35:00,NSE:ZYDUSWELL,2193.8,2195.1,2190.9,2190.9,84.0
2021-07-15 14:40:00,NSE:ZYDUSWELL,2192.35,2192.35,2190.5,2192.0,104.0
2021-07-15 14:45:00,NSE:ZYDUSWELL,2191.45,2193.8,2190.5,2190.5,81.0
2021-07-15 14:50:00,NSE:ZYDUSWELL,2191.95,2195.4,2190.5,2195.4,232.0
2021-07-15 14:55:00,NSE:ZYDUSWELL,2195.4,2198.45,2194.35,2195.15,47.0
2021-07-15 15:00:00,NSE:ZYDUSWELL,2194.5,2207.7,2194.5,2202.55,2072.0
2021-07-15 15:05:00,NSE:ZYDUSWELL,2205.0,2216.8,2200.0,2215.05,3982.0
2021-07-15 15:10:00,NSE:ZYDUSWELL,2215.0,2229.95,2215.0,2226.55,6096.0
2021-07-15 15:15:00,NSE:ZYDUSWELL,2225.0,2237.05,2221.6,2236.95,5600.0
2021-07-15 15:20:00,NSE:ZYDUSWELL,2237.0,2260.0,2237.0,2255.9,11491.0
2021-07-15 15:25:00,NSE:ZYDUSWELL,2257.75,2284.8,2240.05,2250.0,11776.0
2021-07-15 15:40:00,NSE:ZYDUSWELL,2239.65,2250.0,2239.65,2250.0,15.0
2021-07-16 09:05:00,NSE:ZYDUSWELL,2279.9,2279.9,2279.9,2279.9,451.0
2021-07-16 09:15:00,NSE:ZYDUSWELL,2278.45,2278.45,2225.0,2241.0,2403.0
2021-07-16 09:20:00,NSE:ZYDUSWELL,2240.0,2244.65,2232.65,2240.0,700.0
2021-07-16 09:25:00,NSE:ZYDUSWELL,2240.65,2249.6,2240.05,2247.0,695.0
2021-07-16 09:30:00,NSE:ZYDUSWELL,2245.55,2245.55,2242.55,2242.55,383.0
2021-07-16 09:35:00,NSE:ZYDUSWELL,2241.05,2244.55,2235.0,2235.05,446.0
2021-07-16 09:40:00,NSE:ZYDUSWELL,2235.05,2235.65,2231.0,2231.0,218.0
2021-07-16 09:45:00,NSE:ZYDUSWELL,2230.75,2241.7,2230.0,2239.6,681.0
2021-07-16 09:50:00,NSE:ZYDUSWELL,2238.75,2244.0,2235.85,2240.7,372.0
2021-07-16 09:55:00,NSE:ZYDUSWELL,2241.0,2241.0,2230.05,2230.05,736.0
2021-07-16 10:00:00,NSE:ZYDUSWELL,2233.2,2235.55,2230.85,2231.6,235.0
2021-07-16 10:05:00,NSE:ZYDUSWELL,2232.4,2233.75,2228.75,2228.8,396.0
2021-07-16 10:10:00,NSE:ZYDUSWELL,2231.25,2232.0,2228.75,2232.0,423.0
2021-07-16 10:15:00,NSE:ZYDUSWELL,2232.0,2236.7,2232.0,2233.95,88.0
2021-07-16 10:20:00,NSE:ZYDUSWELL,2233.95,2240.2,2233.95,2238.25,204.0
2021-07-16 10:25:00,NSE:ZYDUSWELL,2238.0,2239.6,2234.75,2236.2,112.0
2021-07-16 10:30:00,NSE:ZYDUSWELL,2238.25,2238.25,2235.75,2235.75,83.0
2021-07-16 10:35:00,NSE:ZYDUSWELL,2235.85,2239.0,2235.45,2239.0,88.0
2021-07-16 10:40:00,NSE:ZYDUSWELL,2235.25,2235.25,2230.1,2230.1,194.0
2021-07-16 10:45:00,NSE:ZYDUSWELL,2232.95,2235.15,2230.0,2232.55,129.0
2021-07-16 10:50:00,NSE:ZYDUSWELL,2232.55,2236.0,2230.25,2230.55,140.0
2021-07-16 10:55:00,NSE:ZYDUSWELL,2233.4,2233.7,2230.0,2230.0,155.0
2021-07-16 11:00:00,NSE:ZYDUSWELL,2230.0,2232.95,2230.0,2230.05,59.0
2021-07-16 11:05:00,NSE:ZYDUSWELL,2233.05,2234.3,2231.25,2231.25,77.0
2021-07-16 11:10:00,NSE:ZYDUSWELL,2231.25,2233.7,2230.1,2230.1,72.0
2021-07-16 11:15:00,NSE:ZYDUSWELL,2230.1,2240.0,2230.1,2240.0,690.0
2021-07-16 11:20:00,NSE:ZYDUSWELL,2239.6,2239.6,2232.85,2239.6,131.0
2021-07-16 11:25:00,NSE:ZYDUSWELL,2234.35,2234.35,2230.0,2232.85,278.0
2021-07-16 11:30:00,NSE:ZYDUSWELL,2228.05,2234.05,2228.05,2234.05,106.0
2021-07-16 11:35:00,NSE:ZYDUSWELL,2233.7,2233.7,2229.0,2229.0,85.0
2021-07-16 11:40:00,NSE:ZYDUSWELL,2231.95,2231.95,2228.05,2231.8,148.0
2021-07-16 11:45:00,NSE:ZYDUSWELL,2234.0,2234.65,2232.3,2232.3,305.0
2021-07-16 11:50:00,NSE:ZYDUSWELL,2230.3,2233.8,2230.0,2233.2,84.0
2021-07-16 11:55:00,NSE:ZYDUSWELL,2233.2,2234.95,2231.6,2234.55,27.0
2021-07-16 12:00:00,NSE:ZYDUSWELL,2234.4,2235.55,2232.35,2235.55,46.0
2021-07-16 12:05:00,NSE:ZYDUSWELL,2233.0,2238.7,2231.6,2238.7,498.0
2021-07-16 12:10:00,NSE:ZYDUSWELL,2238.2,2238.3,2238.0,2238.0,77.0
2021-07-16 12:15:00,NSE:ZYDUSWELL,2239.0,2239.3,2237.0,2237.0,66.0
2021-07-16 12:20:00,NSE:ZYDUSWELL,2239.45,2239.85,2239.45,2239.85,52.0
2021-07-16 12:25:00,NSE:ZYDUSWELL,2237.95,2239.55,2237.2,2237.2,96.0
2021-07-16 12:30:00,NSE:ZYDUSWELL,2237.2,2237.2,2236.45,2236.6,62.0
2021-07-16 12:35:00,NSE:ZYDUSWELL,2238.7,2240.0,2236.35,2240.0,57.0
2021-07-16 12:40:00,NSE:ZYDUSWELL,2236.55,2239.0,2236.25,2236.55,85.0
2021-07-16 12:45:00,NSE:ZYDUSWELL,2236.4,2239.0,2236.4,2239.0,51.0
2021-07-16 12:50:00,NSE:ZYDUSWELL,2239.0,2241.55,2236.7,2236.7,365.0
2021-07-16 12:55:00,NSE:ZYDUSWELL,2236.55,2236.7,2236.0,2236.0,67.0
2021-07-16 13:00:00,NSE:ZYDUSWELL,2238.6,2238.6,2238.6,2238.6,1.0
2021-07-16 13:05:00,NSE:ZYDUSWELL,2238.75,2238.75,2236.7,2236.8,44.0
2021-07-16 13:10:00,NSE:ZYDUSWELL,2237.05,2245.6,2237.05,2245.6,491.0
2021-07-16 13:15:00,NSE:ZYDUSWELL,2241.05,2243.65,2238.35,2238.35,59.0
2021-07-16 13:20:00,NSE:ZYDUSWELL,2239.95,2245.15,2239.95,2242.0,407.0
2021-07-16 13:25:00,NSE:ZYDUSWELL,2244.65,2245.0,2244.65,2245.0,32.0
2021-07-16 13:30:00,NSE:ZYDUSWELL,2245.0,2248.4,2245.0,2247.05,129.0
2021-07-16 13:35:00,NSE:ZYDUSWELL,2247.05,2248.2,2245.0,2245.05,284.0
2021-07-16 13:40:00,NSE:ZYDUSWELL,2246.3,2246.3,2246.05,2246.25,19.0
2021-07-16 13:45:00,NSE:ZYDUSWELL,2246.25,2248.45,2246.25,2248.45,84.0
2021-07-16 13:50:00,NSE:ZYDUSWELL,2246.3,2249.6,2246.25,2249.6,171.0
2021-07-16 13:55:00,NSE:ZYDUSWELL,2249.55,2249.95,2246.5,2246.5,141.0
2021-07-16 14:00:00,NSE:ZYDUSWELL,2246.5,2250.0,2242.2,2244.95,378.0
2021-07-16 14:05:00,NSE:ZYDUSWELL,2241.45,2244.9,2235.0,2235.0,683.0
2021-07-16 14:10:00,NSE:ZYDUSWELL,2237.0,2249.15,2235.05,2246.25,421.0
2021-07-16 14:15:00,NSE:ZYDUSWELL,2245.5,2247.5,2237.3,2237.3,261.0
2021-07-16 14:20:00,NSE:ZYDUSWELL,2235.7,2239.85,2235.0,2238.7,94.0
2021-07-16 14:25:00,NSE:ZYDUSWELL,2236.3,2239.6,2236.05,2239.15,59.0
2021-07-16 14:30:00,NSE:ZYDUSWELL,2239.05,2239.75,2237.2,2239.75,90.0
2021-07-16 14:35:00,NSE:ZYDUSWELL,2237.5,2237.95,2235.1,2235.1,207.0
2021-07-16 14:40:00,NSE:ZYDUSWELL,2237.8,2237.8,2232.05,2234.85,488.0
2021-07-16 14:45:00,NSE:ZYDUSWELL,2232.1,2234.65,2230.0,2233.05,244.0
2021-07-16 14:50:00,NSE:ZYDUSWELL,2235.55,2235.55,2230.25,2235.05,183.0
2021-07-16 14:55:00,NSE:ZYDUSWELL,2232.95,2235.35,2231.75,2235.35,64.0
2021-07-16 15:00:00,NSE:ZYDUSWELL,2234.7,2235.55,2228.9,2233.95,535.0
2021-07-16 15:05:00,NSE:ZYDUSWELL,2233.9,2244.3,2233.9,2243.8,509.0
2021-07-16 15:10:00,NSE:ZYDUSWELL,2240.7,2240.7,2228.1,2229.75,761.0
2021-07-16 15:15:00,NSE:ZYDUSWELL,2229.65,2232.8,2225.0,2229.45,1437.0
2021-07-16 15:20:00,NSE:ZYDUSWELL,2225.0,2277.0,2224.0,2277.0,11590.0
2021-07-16 15:25:00,NSE:ZYDUSWELL,2276.0,2290.0,2260.05,2265.0,8199.0
2021-07-16 15:40:00,NSE:ZYDUSWELL,2262.05,2265.0,2262.05,2265.0,60.0
2021-07-19 09:05:00,NSE:ZYDUSWELL,2250.0,2250.0,2250.0,2250.0,149.0
2021-07-19 09:15:00,NSE:ZYDUSWELL,2253.05,2262.05,2226.0,2247.0,1976.0
2021-07-19 09:20:00,NSE:ZYDUSWELL,2246.2,2252.55,2243.45,2249.95,223.0
2021-07-19 09:25:00,NSE:ZYDUSWELL,2248.3,2254.95,2248.3,2250.0,479.0
2021-07-19 09:30:00,NSE:ZYDUSWELL,2253.25,2254.0,2245.3,2249.0,532.0
2021-07-19 09:35:00,NSE:ZYDUSWELL,2249.0,2251.9,2246.2,2249.4,161.0
2021-07-19 09:40:00,NSE:ZYDUSWELL,2246.9,2250.0,2246.7,2248.85,227.0
2021-07-19 09:45:00,NSE:ZYDUSWELL,2248.3,2255.45,2247.25,2254.6,256.0
2021-07-19 09:50:00,NSE:ZYDUSWELL,2254.65,2260.0,2254.3,2255.8,617.0
2021-07-19 09:55:00,NSE:ZYDUSWELL,2255.65,2260.8,2254.0,2254.0,636.0
2021-07-19 10:00:00,NSE:ZYDUSWELL,2254.0,2254.0,2246.25,2246.8,574.0
2021-07-19 10:05:00,NSE:ZYDUSWELL,2246.3,2250.5,2246.25,2246.25,48.0
2021-07-19 10:10:00,NSE:ZYDUSWELL,2246.25,2255.05,2246.25,2255.05,603.0
2021-07-19 10:15:00,NSE:ZYDUSWELL,2255.0,2265.0,2245.15,2248.0,787.0
2021-07-19 10:20:00,NSE:ZYDUSWELL,2247.75,2248.9,2247.75,2248.9,35.0
2021-07-19 10:25:00,NSE:ZYDUSWELL,2248.0,2250.0,2248.0,2248.3,48.0
2021-07-19 10:30:00,NSE:ZYDUSWELL,2248.15,2250.0,2248.05,2249.25,101.0
2021-07-19 10:35:00,NSE:ZYDUSWELL,2248.55,2248.55,2247.0,2247.95,16.0
2021-07-19 10:40:00,NSE:ZYDUSWELL,2247.95,2249.4,2245.5,2248.9,205.0
2021-07-19 10:45:00,NSE:ZYDUSWELL,2248.8,2250.0,2248.3,2249.85,163.0
2021-07-19 10:50:00,NSE:ZYDUSWELL,2249.75,2253.75,2249.75,2250.0,534.0
2021-07-19 10:55:00,NSE:ZYDUSWELL,2249.1,2252.15,2249.1,2249.1,153.0
2021-07-19 11:00:00,NSE:ZYDUSWELL,2250.0,2251.55,2248.6,2250.5,58.0
2021-07-19 11:05:00,NSE:ZYDUSWELL,2250.05,2259.3,2250.05,2256.0,83.0
2021-07-19 11:10:00,NSE:ZYDUSWELL,2252.05,2255.95,2250.55,2250.6,244.0
2021-07-19 11:15:00,NSE:ZYDUSWELL,2252.1,2255.45,2251.25,2254.0,62.0
2021-07-19 11:20:00,NSE:ZYDUSWELL,2254.0,2256.0,2253.25,2255.85,89.0
2021-07-19 11:25:00,NSE:ZYDUSWELL,2252.65,2254.3,2252.05,2254.3,32.0
2021-07-19 11:30:00,NSE:ZYDUSWELL,2254.3,2260.0,2253.4,2255.3,282.0
2021-07-19 11:35:00,NSE:ZYDUSWELL,2256.95,2257.95,2255.0,2255.05,32.0
2021-07-19 11:40:00,NSE:ZYDUSWELL,2257.45,2260.0,2257.2,2258.35,151.0
2021-07-19 11:45:00,NSE:ZYDUSWELL,2257.15,2260.0,2256.1,2256.1,212.0
2021-07-19 11:50:00,NSE:ZYDUSWELL,2259.5,2260.0,2257.25,2257.35,111.0
2021-07-19 11:55:00,NSE:ZYDUSWELL,2260.35,2264.0,2258.15,2262.4,358.0
2021-07-19 12:00:00,NSE:ZYDUSWELL,2264.0,2264.0,2259.55,2260.05,281.0
2021-07-19 12:05:00,NSE:ZYDUSWELL,2262.15,2270.0,2258.05,2258.05,1438.0
2021-07-19 12:10:00,NSE:ZYDUSWELL,2258.05,2260.0,2254.05,2254.2,562.0
2021-07-19 12:15:00,NSE:ZYDUSWELL,2254.5,2254.5,2245.0,2245.0,1407.0
2021-07-19 12:20:00,NSE:ZYDUSWELL,2234.8,2246.95,2228.35,2243.0,2236.0
2021-07-19 12:25:00,NSE:ZYDUSWELL,2241.35,2243.5,2239.5,2241.0,170.0
2021-07-19 12:30:00,NSE:ZYDUSWELL,2241.75,2254.55,2241.55,2252.9,3273.0
2021-07-19 12:35:00,NSE:ZYDUSWELL,2253.5,2253.5,2244.05,2244.05,118.0
2021-07-19 12:40:00,NSE:ZYDUSWELL,2244.05,2245.3,2228.0,2229.45,774.0
2021-07-19 12:45:00,NSE:ZYDUSWELL,2228.95,2239.55,2227.0,2235.45,330.0
2021-07-19 12:50:00,NSE:ZYDUSWELL,2237.35,2237.8,2230.85,2233.1,146.0
2021-07-19 12:55:00,NSE:ZYDUSWELL,2230.0,2234.95,2230.0,2230.0,116.0
2021-07-19 13:00:00,NSE:ZYDUSWELL,2230.0,2230.3,2226.2,2230.3,139.0
2021-07-19 13:05:00,NSE:ZYDUSWELL,2230.0,2238.5,2225.7,2231.15,517.0
2021-07-19 13:10:00,NSE:ZYDUSWELL,2230.45,2234.5,2230.05,2232.95,62.0
2021-07-19 13:15:00,NSE:ZYDUSWELL,2232.95,2237.35,2232.95,2236.3,59.0
2021-07-19 13:20:00,NSE:ZYDUSWELL,2237.35,2241.55,2236.45,2236.45,70.0
2021-07-19 13:25:00,NSE:ZYDUSWELL,2240.5,2243.15,2238.25,2243.15,47.0
2021-07-19 13:30:00,NSE:ZYDUSWELL,2243.2,2245.4,2241.05,2245.4,54.0
2021-07-19 13:35:00,NSE:ZYDUSWELL,2241.25,2241.25,2240.0,2241.0,132.0
2021-07-19 13:40:00,NSE:ZYDUSWELL,2241.0,2244.0,2240.0,2243.15,62.0
2021-07-19 13:45:00,NSE:ZYDUSWELL,2241.1,2248.9,2241.1,2248.4,280.0
2021-07-19 13:50:00,NSE:ZYDUSWELL,2248.45,2250.0,2246.0,2246.6,590.0
2021-07-19 13:55:00,NSE:ZYDUSWELL,2246.0,2247.8,2246.0,2246.0,42.0
2021-07-19 14:00:00,NSE:ZYDUSWELL,2246.95,2246.95,2244.8,2246.0,19.0
2021-07-19 14:05:00,NSE:ZYDUSWELL,2246.0,2246.0,2242.5,2243.4,30.0
2021-07-19 14:10:00,NSE:ZYDUSWELL,2245.95,2245.95,2243.65,2243.65,4.0
2021-07-19 14:15:00,NSE:ZYDUSWELL,2246.0,2246.0,2242.5,2244.2,32.0
2021-07-19 14:20:00,NSE:ZYDUSWELL,2237.4,2237.4,2232.25,2233.45,372.0
2021-07-19 14:25:00,NSE:ZYDUSWELL,2236.6,2241.05,2232.0,2235.45,105.0
2021-07-19 14:30:00,NSE:ZYDUSWELL,2236.45,2237.75,2232.05,2232.2,43.0
2021-07-19 14:35:00,NSE:ZYDUSWELL,2235.35,2235.35,2221.2,2232.3,810.0
2021-07-19 14:40:00,NSE:ZYDUSWELL,2233.15,2235.0,2223.15,2226.2,610.0
2021-07-19 14:45:00,NSE:ZYDUSWELL,2226.2,2227.0,2219.95,2225.0,880.0
2021-07-19 14:50:00,NSE:ZYDUSWELL,2225.0,2235.0,2225.0,2234.95,135.0
2021-07-19 14:55:00,NSE:ZYDUSWELL,2236.0,2237.45,2234.1,2234.15,58.0
2021-07-19 15:00:00,NSE:ZYDUSWELL,2235.5,2241.85,2233.0,2239.7,308.0
2021-07-19 15:05:00,NSE:ZYDUSWELL,2239.95,2240.0,2233.15,2234.6,344.0
2021-07-19 15:10:00,NSE:ZYDUSWELL,2237.75,2239.7,2233.0,2237.95,622.0
2021-07-19 15:15:00,NSE:ZYDUSWELL,2237.85,2240.7,2233.0,2236.0,421.0
2021-07-19 15:20:00,NSE:ZYDUSWELL,2234.0,2234.65,2228.05,2229.5,500.0
2021-07-19 15:25:00,NSE:ZYDUSWELL,2229.35,2232.35,2224.0,2225.0,563.0
2021-07-19 15:40:00,NSE:ZYDUSWELL,2232.95,2232.95,2232.95,2232.95,4.0
2021-07-20 09:05:00,NSE:ZYDUSWELL,2237.0,2237.0,2237.0,2237.0,18.0
2021-07-20 09:15:00,NSE:ZYDUSWELL,2237.0,2239.5,2230.0,2231.65,184.0
2021-07-20 09:20:00,NSE:ZYDUSWELL,2234.0,2240.0,2229.95,2229.95,931.0
2021-07-20 09:25:00,NSE:ZYDUSWELL,2229.85,2230.0,2220.4,2220.4,286.0
2021-07-20 09:30:00,NSE:ZYDUSWELL,2220.55,2224.1,2220.55,2224.1,233.0
2021-07-20 09:35:00,NSE:ZYDUSWELL,2224.0,2224.0,2205.5,2211.9,1482.0
2021-07-20 09:40:00,NSE:ZYDUSWELL,2212.95,2217.0,2210.95,2217.0,251.0
2021-07-20 09:45:00,NSE:ZYDUSWELL,2217.65,2219.8,2210.5,2212.0,191.0
2021-07-20 09:50:00,NSE:ZYDUSWELL,2212.0,2215.0,2212.0,2212.0,110.0
2021-07-20 09:55:00,NSE:ZYDUSWELL,2212.05,2216.15,2212.05,2213.35,362.0
2021-07-20 10:00:00,NSE:ZYDUSWELL,2215.5,2215.5,2210.5,2212.7,246.0
2021-07-20 10:05:00,NSE:ZYDUSWELL,2212.75,2214.0,2212.7,2212.7,157.0
2021-07-20 10:10:00,NSE:ZYDUSWELL,2214.0,2215.0,2210.0,2211.0,300.0
2021-07-20 10:15:00,NSE:ZYDUSWELL,2210.05,2215.0,2210.0,2215.0,66.0
2021-07-20 10:20:00,NSE:ZYDUSWELL,2215.0,2219.5,2215.0,2215.3,91.0
2021-07-20 10:25:00,NSE:ZYDUSWELL,2212.55,2213.6,2210.05,2212.45,26.0
2021-07-20 10:30:00,NSE:ZYDUSWELL,2212.55,2215.0,2210.15,2213.45,63.0
2021-07-20 10:35:00,NSE:ZYDUSWELL,2212.4,2216.25,2210.1,2210.45,228.0
2021-07-20 10:40:00,NSE:ZYDUSWELL,2208.0,2209.0,2204.0,2207.05,628.0
2021-07-20 10:45:00,NSE:ZYDUSWELL,2207.5,2210.55,2207.0,2207.0,536.0
2021-07-20 10:50:00,NSE:ZYDUSWELL,2204.0,2206.0,2204.0,2206.0,171.0
2021-07-20 10:55:00,NSE:ZYDUSWELL,2205.8,2207.65,2205.0,2206.2,88.0
2021-07-20 11:00:00,NSE:ZYDUSWELL,2206.2,2208.6,2205.5,2206.85,15.0
2021-07-20 11:05:00,NSE:ZYDUSWELL,2208.0,2209.3,2200.0,2202.65,317.0
2021-07-20 11:10:00,NSE:ZYDUSWELL,2200.15,2200.15,2189.95,2199.0,666.0
2021-07-20 11:15:00,NSE:ZYDUSWELL,2200.8,2203.45,2196.85,2196.85,113.0
2021-07-20 11:20:00,NSE:ZYDUSWELL,2196.0,2196.0,2186.0,2186.0,344.0
2021-07-20 11:25:00,NSE:ZYDUSWELL,2186.0,2189.55,2186.0,2189.55,60.0
2021-07-20 11:30:00,NSE:ZYDUSWELL,2187.8,2193.9,2187.0,2187.0,255.0
2021-07-20 11:35:00,NSE:ZYDUSWELL,2190.3,2192.8,2190.3,2192.75,56.0
2021-07-20 11:40:00,NSE:ZYDUSWELL,2190.15,2192.85,2190.05,2190.95,141.0
2021-07-20 11:45:00,NSE:ZYDUSWELL,2191.7,2193.0,2190.05,2190.1,64.0
2021-07-20 11:50:00,NSE:ZYDUSWELL,2190.8,2195.0,2190.8,2194.15,212.0
2021-07-20 11:55:00,NSE:ZYDUSWELL,2196.5,2196.5,2195.0,2195.0,12.0
2021-07-20 12:00:00,NSE:ZYDUSWELL,2194.15,2195.95,2193.0,2193.8,49.0
2021-07-20 12:05:00,NSE:ZYDUSWELL,2193.0,2196.45,2192.0,2193.15,91.0
2021-07-20 12:10:00,NSE:ZYDUSWELL,2196.1,2196.1,2189.0,2189.0,114.0
2021-07-20 12:15:00,NSE:ZYDUSWELL,2189.95,2190.0,2189.95,2190.0,11.0
2021-07-20 12:20:00,NSE:ZYDUSWELL,2189.0,2193.7,2189.0,2191.3,226.0
2021-07-20 12:25:00,NSE:ZYDUSWELL,2194.45,2197.9,2194.45,2197.9,190.0
2021-07-20 12:30:00,NSE:ZYDUSWELL,2198.0,2198.0,2195.05,2195.05,566.0
2021-07-20 12:35:00,NSE:ZYDUSWELL,2198.05,2198.05,2197.95,2198.0,61.0
2021-07-20 12:40:00,NSE:ZYDUSWELL,2198.0,2208.0,2198.0,2208.0,446.0
2021-07-20 12:45:00,NSE:ZYDUSWELL,2208.0,2208.0,2202.65,2202.65,54.0
2021-07-20 12:50:00,NSE:ZYDUSWELL,2202.0,2211.0,2201.2,2211.0,490.0
2021-07-20 12:55:00,NSE:ZYDUSWELL,2210.0,2210.6,2207.05,2210.6,44.0
2021-07-20 13:00:00,NSE:ZYDUSWELL,2207.9,2210.95,2207.9,2210.95,18.0
2021-07-20 13:05:00,NSE:ZYDUSWELL,2210.6,2210.95,2207.05,2210.95,59.0
2021-07-20 13:10:00,NSE:ZYDUSWELL,2210.95,2210.95,2205.65,2205.65,211.0
2021-07-20 13:15:00,NSE:ZYDUSWELL,2210.0,2211.0,2210.0,2211.0,150.0
2021-07-20 13:20:00,NSE:ZYDUSWELL,2208.3,2209.0,2207.0,2207.0,13.0
2021-07-20 13:25:00,NSE:ZYDUSWELL,2206.3,2208.4,2205.65,2208.4,32.0
2021-07-20 13:30:00,NSE:ZYDUSWELL,2202.8,2207.35,2202.8,2206.7,118.0
2021-07-20 13:35:00,NSE:ZYDUSWELL,2207.35,2208.5,2207.35,2208.5,36.0
2021-07-20 13:40:00,NSE:ZYDUSWELL,2208.5,2210.95,2206.15,2210.95,51.0
2021-07-20 13:45:00,NSE:ZYDUSWELL,2213.0,2213.0,2210.05,2210.8,78.0
2021-07-20 13:50:00,NSE:ZYDUSWELL,2211.3,2211.3,2204.45,2207.35,61.0
2021-07-20 13:55:00,NSE:ZYDUSWELL,2205.15,2208.0,2204.0,2204.0,120.0
2021-07-20 14:00:00,NSE:ZYDUSWELL,2207.0,2207.0,2204.1,2206.3,5.0
2021-07-20 14:05:00,NSE:ZYDUSWELL,2207.0,2207.0,2204.0,2206.45,38.0
2021-07-20 14:10:00,NSE:ZYDUSWELL,2206.9,2207.0,2206.85,2206.85,28.0
2021-07-20 14:15:00,NSE:ZYDUSWELL,2210.6,2211.95,2210.0,2210.0,35.0
2021-07-20 14:20:00,NSE:ZYDUSWELL,2205.55,2208.8,2202.7,2205.5,45.0
2021-07-20 14:25:00,NSE:ZYDUSWELL,2207.75,2213.05,2207.75,2209.0,434.0
2021-07-20 14:30:00,NSE:ZYDUSWELL,2209.0,2209.0,2209.0,2209.0,31.0
2021-07-20 14:35:00,NSE:ZYDUSWELL,2202.8,2208.5,2202.8,2208.5,160.0
2021-07-20 14:40:00,NSE:ZYDUSWELL,2207.7,2208.8,2205.15,2208.7,149.0
2021-07-20 14:45:00,NSE:ZYDUSWELL,2204.3,2208.7,2202.8,2205.65,93.0
2021-07-20 14:50:00,NSE:ZYDUSWELL,2206.55,2207.9,2201.1,2205.75,126.0
2021-07-20 14:55:00,NSE:ZYDUSWELL,2205.65,2207.45,2203.0,2207.45,85.0
2021-07-20 15:00:00,NSE:ZYDUSWELL,2207.45,2208.95,2205.8,2205.8,87.0
2021-07-20 15:05:00,NSE:ZYDUSWELL,2209.0,2209.0,2204.6,2204.6,41.0
2021-07-20 15:10:00,NSE:ZYDUSWELL,2206.6,2206.6,2205.0,2206.0,231.0
2021-07-20 15:15:00,NSE:ZYDUSWELL,2205.4,2208.2,2203.55,2203.6,398.0
2021-07-20 15:20:00,NSE:ZYDUSWELL,2207.95,2207.95,2198.0,2203.85,524.0
2021-07-20 15:25:00,NSE:ZYDUSWELL,2199.2,2207.95,2198.0,2207.95,463.0
2021-07-22 09:05:00,NSE:ZYDUSWELL,2224.6,2224.6,2224.6,2224.6,162.0
2021-07-22 09:15:00,NSE:ZYDUSWELL,2224.35,2224.6,2211.75,2212.85,112.0
2021-07-22 09:20:00,NSE:ZYDUSWELL,2214.5,2219.15,2212.95,2215.1,144.0
2021-07-22 09:25:00,NSE:ZYDUSWELL,2212.95,2217.55,2208.85,2213.05,311.0
2021-07-22 09:30:00,NSE:ZYDUSWELL,2215.7,2219.15,2215.7,2216.9,65.0
2021-07-22 09:35:00,NSE:ZYDUSWELL,2218.55,2219.25,2211.05,2215.8,124.0
2021-07-22 09:40:00,NSE:ZYDUSWELL,2213.25,2215.1,2208.8,2208.9,92.0
2021-07-22 09:45:00,NSE:ZYDUSWELL,2208.65,2210.7,2201.7,2201.7,333.0
2021-07-22 09:50:00,NSE:ZYDUSWELL,2201.15,2212.55,2201.15,2206.7,154.0
2021-07-22 09:55:00,NSE:ZYDUSWELL,2204.55,2209.9,2204.55,2209.3,28.0
2021-07-22 10:00:00,NSE:ZYDUSWELL,2207.05,2208.4,2206.0,2206.55,73.0
2021-07-22 10:05:00,NSE:ZYDUSWELL,2206.55,2209.1,2206.0,2206.2,60.0
2021-07-22 10:10:00,NSE:ZYDUSWELL,2206.1,2209.25,2206.0,2206.0,132.0
2021-07-22 10:15:00,NSE:ZYDUSWELL,2206.0,2206.0,2206.0,2206.0,12.0
2021-07-22 10:20:00,NSE:ZYDUSWELL,2204.55,2204.6,2202.2,2202.2,121.0
2021-07-22 10:25:00,NSE:ZYDUSWELL,2200.25,2203.0,2199.05,2199.05,280.0
2021-07-22 10:30:00,NSE:ZYDUSWELL,2200.8,2210.0,2199.5,2200.45,405.0
2021-07-22 10:35:00,NSE:ZYDUSWELL,2203.05,2205.3,2200.8,2201.45,225.0
2021-07-22 10:40:00,NSE:ZYDUSWELL,2201.4,2201.4,2199.75,2200.05,52.0
2021-07-22 10:45:00,NSE:ZYDUSWELL,2199.75,2201.7,2199.75,2200.0,14.0
2021-07-22 10:50:00,NSE:ZYDUSWELL,2201.0,2201.0,2200.0,2200.0,12.0
2021-07-22 10:55:00,NSE:ZYDUSWELL,2200.0,2202.7,2200.0,2202.7,44.0
2021-07-22 11:00:00,NSE:ZYDUSWELL,2200.4,2203.3,2200.4,2201.0,69.0
2021-07-22 11:05:00,NSE:ZYDUSWELL,2214.9,2215.1,2210.0,2213.9,550.0
2021-07-22 11:10:00,NSE:ZYDUSWELL,2211.05,2215.5,2210.05,2215.5,113.0
2021-07-22 11:15:00,NSE:ZYDUSWELL,2215.0,2224.65,2215.0,2221.45,565.0
2021-07-22 11:20:00,NSE:ZYDUSWELL,2220.9,2220.9,2215.9,2215.9,55.0
2021-07-22 11:25:00,NSE:ZYDUSWELL,2215.0,2220.85,2215.0,2216.0,115.0
2021-07-22 11:30:00,NSE:ZYDUSWELL,2216.0,2224.05,2212.7,2224.05,768.0
2021-07-22 11:35:00,NSE:ZYDUSWELL,2224.65,2249.0,2222.2,2241.0,1429.0
2021-07-22 11:40:00,NSE:ZYDUSWELL,2245.35,2245.7,2236.0,2236.0,277.0
2021-07-22 11:45:00,NSE:ZYDUSWELL,2234.55,2234.55,2227.7,2230.15,282.0
2021-07-22 11:50:00,NSE:ZYDUSWELL,2229.0,2234.85,2224.0,2232.9,609.0
2021-07-22 11:55:00,NSE:ZYDUSWELL,2232.9,2234.25,2230.85,2234.2,113.0
2021-07-22 12:00:00,NSE:ZYDUSWELL,2233.2,2235.7,2230.1,2235.7,289.0
2021-07-22 12:05:00,NSE:ZYDUSWELL,2235.45,2235.45,2231.15,2233.0,277.0
2021-07-22 12:10:00,NSE:ZYDUSWELL,2233.25,2233.25,2230.0,2232.3,146.0
2021-07-22 12:15:00,NSE:ZYDUSWELL,2230.0,2243.05,2230.0,2240.0,454.0
2021-07-22 12:20:00,NSE:ZYDUSWELL,2240.4,2263.8,2240.4,2252.0,2733.0
2021-07-22 12:25:00,NSE:ZYDUSWELL,2250.15,2254.0,2245.0,2254.0,1897.0
2021-07-22 12:30:00,NSE:ZYDUSWELL,2254.8,2258.55,2248.55,2248.55,300.0
2021-07-22 12:35:00,NSE:ZYDUSWELL,2245.75,2260.0,2240.7,2256.35,995.0
2021-07-22 12:40:00,NSE:ZYDUSWELL,2256.3,2275.0,2252.6,2260.0,2579.0
2021-07-22 12:45:00,NSE:ZYDUSWELL,2261.4,2270.35,2260.05,2268.55,750.0
2021-07-22 12:50:00,NSE:ZYDUSWELL,2264.6,2268.95,2262.2,2265.25,250.0
2021-07-22 12:55:00,NSE:ZYDUSWELL,2262.2,2262.2,2252.35,2252.35,447.0
2021-07-22 13:00:00,NSE:ZYDUSWELL,2250.75,2260.2,2250.75,2260.2,316.0
2021-07-22 13:05:00,NSE:ZYDUSWELL,2260.0,2264.7,2254.95,2264.2,328.0
2021-07-22 13:10:00,NSE:ZYDUSWELL,2260.75,2261.65,2257.6,2257.6,44.0
2021-07-22 13:15:00,NSE:ZYDUSWELL,2255.0,2257.65,2254.0,2256.6,36.0
2021-07-22 13:20:00,NSE:ZYDUSWELL,2259.95,2260.0,2256.2,2258.55,42.0
2021-07-22 13:25:00,NSE:ZYDUSWELL,2259.95,2260.05,2255.6,2256.25,827.0
2021-07-22 13:30:00,NSE:ZYDUSWELL,2256.0,2259.0,2253.95,2259.0,208.0
2021-07-22 13:35:00,NSE:ZYDUSWELL,2259.0,2259.0,2250.05,2250.65,860.0
2021-07-22 13:40:00,NSE:ZYDUSWELL,2249.0,2249.0,2243.45,2247.1,340.0
2021-07-22 13:45:00,NSE:ZYDUSWELL,2250.0,2251.0,2244.6,2248.5,100.0
2021-07-22 13:50:00,NSE:ZYDUSWELL,2246.0,2250.0,2240.55,2240.55,287.0
2021-07-22 13:55:00,NSE:ZYDUSWELL,2240.6,2240.6,2231.45,2235.0,181.0
2021-07-22 14:00:00,NSE:ZYDUSWELL,2239.6,2244.5,2239.6,2244.3,60.0
2021-07-22 14:05:00,NSE:ZYDUSWELL,2244.3,2245.0,2240.0,2240.0,92.0
2021-07-22 14:10:00,NSE:ZYDUSWELL,2238.25,2238.25,2235.95,2235.95,96.0
2021-07-22 14:15:00,NSE:ZYDUSWELL,2235.0,2239.0,2235.0,2237.05,45.0
2021-07-22 14:20:00,NSE:ZYDUSWELL,2237.05,2237.55,2235.2,2235.2,13.0
2021-07-22 14:25:00,NSE:ZYDUSWELL,2237.35,2238.85,2235.0,2236.15,257.0
2021-07-22 14:30:00,NSE:ZYDUSWELL,2230.0,2232.0,2230.0,2231.5,694.0
2021-07-22 14:35:00,NSE:ZYDUSWELL,2231.5,2232.0,2230.05,2230.05,126.0
2021-07-22 14:40:00,NSE:ZYDUSWELL,2232.0,2232.0,2230.0,2230.1,72.0
2021-07-22 14:45:00,NSE:ZYDUSWELL,2232.0,2232.0,2223.05,2228.85,824.0
2021-07-22 14:50:00,NSE:ZYDUSWELL,2225.8,2226.8,2216.35,2220.0,1305.0
2021-07-22 14:55:00,NSE:ZYDUSWELL,2217.25,2220.0,2213.3,2217.65,547.0
2021-07-22 15:00:00,NSE:ZYDUSWELL,2217.6,2222.0,2213.25,2214.95,776.0
2021-07-22 15:05:00,NSE:ZYDUSWELL,2214.95,2220.9,2210.05,2212.2,663.0
2021-07-22 15:10:00,NSE:ZYDUSWELL,2216.0,2216.7,2212.5,2216.7,191.0
2021-07-22 15:15:00,NSE:ZYDUSWELL,2216.15,2220.0,2210.05,2213.0,664.0
2021-07-22 15:20:00,NSE:ZYDUSWELL,2211.25,2215.3,2210.0,2213.0,801.0
2021-07-22 15:25:00,NSE:ZYDUSWELL,2213.0,2219.95,2211.7,2212.55,490.0
2021-07-22 15:45:00,NSE:ZYDUSWELL,2214.7,2214.7,2212.55,2212.55,10.0
2021-07-23 09:05:00,NSE:ZYDUSWELL,2220.0,2220.0,2220.0,2220.0,15.0
2021-07-23 09:15:00,NSE:ZYDUSWELL,2214.7,2224.7,2214.7,2220.95,299.0
2021-07-23 09:20:00,NSE:ZYDUSWELL,2220.35,2222.35,2217.7,2218.2,35.0
2021-07-23 09:25:00,NSE:ZYDUSWELL,2219.9,2220.7,2217.75,2220.7,54.0
2021-07-23 09:30:00,NSE:ZYDUSWELL,2220.7,2220.7,2212.25,2214.95,275.0
2021-07-23 09:35:00,NSE:ZYDUSWELL,2212.3,2216.9,2212.3,2215.4,33.0
2021-07-23 09:40:00,NSE:ZYDUSWELL,2215.4,2219.55,2215.4,2215.4,60.0
2021-07-23 09:45:00,NSE:ZYDUSWELL,2216.7,2216.7,2215.0,2215.25,295.0
2021-07-23 09:50:00,NSE:ZYDUSWELL,2215.3,2220.0,2214.15,2219.25,114.0
2021-07-23 09:55:00,NSE:ZYDUSWELL,2222.2,2222.3,2220.0,2220.7,127.0
2021-07-23 10:00:00,NSE:ZYDUSWELL,2220.7,2224.2,2220.7,2221.2,92.0
2021-07-23 10:05:00,NSE:ZYDUSWELL,2221.25,2223.55,2220.7,2220.7,47.0
2021-07-23 10:10:00,NSE:ZYDUSWELL,2220.55,2225.0,2219.9,2224.7,166.0
2021-07-23 10:15:00,NSE:ZYDUSWELL,2222.05,2225.0,2222.05,2223.8,45.0
2021-07-23 10:20:00,NSE:ZYDUSWELL,2224.95,2225.0,2223.45,2223.5,19.0
2021-07-23 10:25:00,NSE:ZYDUSWELL,2223.45,2225.0,2223.45,2224.95,71.0
2021-07-23 10:30:00,NSE:ZYDUSWELL,2225.0,2225.0,2223.85,2225.0,27.0
2021-07-23 10:35:00,NSE:ZYDUSWELL,2223.5,2223.55,2221.85,2221.85,36.0
2021-07-23 10:40:00,NSE:ZYDUSWELL,2223.7,2223.7,2219.2,2219.2,35.0
2021-07-23 10:45:00,NSE:ZYDUSWELL,2218.3,2222.2,2218.1,2218.1,43.0
2021-07-23 10:50:00,NSE:ZYDUSWELL,2217.75,2217.75,2216.45,2216.45,21.0
2021-07-23 10:55:00,NSE:ZYDUSWELL,2215.05,2215.05,2215.0,2215.0,82.0
2021-07-23 11:00:00,NSE:ZYDUSWELL,2217.85,2219.25,2216.35,2218.75,51.0
2021-07-23 11:05:00,NSE:ZYDUSWELL,2215.85,2221.4,2215.85,2221.4,48.0
2021-07-23 11:10:00,NSE:ZYDUSWELL,2223.6,2223.8,2221.65,2223.45,7.0
2021-07-23 11:15:00,NSE:ZYDUSWELL,2223.45,2223.45,2223.45,2223.45,4.0
2021-07-23 11:20:00,NSE:ZYDUSWELL,2221.25,2231.75,2221.25,2230.0,374.0
2021-07-23 11:25:00,NSE:ZYDUSWELL,2230.0,2243.8,2230.0,2235.05,622.0
2021-07-23 11:30:00,NSE:ZYDUSWELL,2235.0,2235.0,2230.0,2230.8,264.0
2021-07-23 11:35:00,NSE:ZYDUSWELL,2230.95,2234.95,2230.0,2234.95,127.0
2021-07-23 11:45:00,NSE:ZYDUSWELL,2234.95,2234.95,2230.05,2230.05,80.0
2021-07-23 11:50:00,NSE:ZYDUSWELL,2230.05,2234.9,2230.0,2234.9,106.0
2021-07-23 11:55:00,NSE:ZYDUSWELL,2234.95,2234.95,2225.85,2231.95,439.0
2021-07-23 12:00:00,NSE:ZYDUSWELL,2229.55,2229.55,2228.1,2228.85,17.0
2021-07-23 12:05:00,NSE:ZYDUSWELL,2226.85,2226.85,2226.85,2226.85,10.0
2021-07-23 12:10:00,NSE:ZYDUSWELL,2227.55,2227.55,2225.0,2225.0,15.0
2021-07-23 12:15:00,NSE:ZYDUSWELL,2227.0,2227.7,2225.35,2227.55,24.0
2021-07-23 12:20:00,NSE:ZYDUSWELL,2225.1,2227.55,2225.05,2227.55,66.0
2021-07-23 12:25:00,NSE:ZYDUSWELL,2225.7,2225.7,2225.7,2225.7,31.0
2021-07-23 12:30:00,NSE:ZYDUSWELL,2225.7,2234.55,2225.05,2234.55,203.0
2021-07-23 12:35:00,NSE:ZYDUSWELL,2231.55,2231.55,2229.55,2230.95,14.0
2021-07-23 12:40:00,NSE:ZYDUSWELL,2231.0,2231.0,2225.75,2225.75,26.0
2021-07-23 12:55:00,NSE:ZYDUSWELL,2227.0,2229.85,2225.15,2229.85,187.0
2021-07-23 13:25:00,NSE:ZYDUSWELL,2225.0,2225.0,2225.0,2225.0,365.0
2021-07-23 13:30:00,NSE:ZYDUSWELL,2224.5,2230.1,2224.5,2228.3,28.0
2021-07-23 13:35:00,NSE:ZYDUSWELL,2230.3,2230.7,2227.15,2227.15,54.0
2021-07-23 13:40:00,NSE:ZYDUSWELL,2226.85,2227.15,2225.45,2225.75,22.0
2021-07-23 13:45:00,NSE:ZYDUSWELL,2225.65,2226.05,2225.65,2226.05,35.0
2021-07-23 13:50:00,NSE:ZYDUSWELL,2227.7,2228.6,2224.95,2224.95,24.0
2021-07-23 13:55:00,NSE:ZYDUSWELL,2223.45,2223.5,2220.85,2222.0,57.0
2021-07-23 14:00:00,NSE:ZYDUSWELL,2221.0,2222.0,2220.9,2220.9,39.0
2021-07-23 14:05:00,NSE:ZYDUSWELL,2221.95,2221.95,2216.2,2216.2,20.0
2021-07-23 14:10:00,NSE:ZYDUSWELL,2217.95,2218.8,2216.2,2218.8,31.0
2021-07-23 14:15:00,NSE:ZYDUSWELL,2219.85,2219.85,2216.2,2216.2,21.0
2021-07-23 14:20:00,NSE:ZYDUSWELL,2216.2,2217.0,2213.05,2213.05,420.0
2021-07-23 14:25:00,NSE:ZYDUSWELL,2214.95,2215.15,2213.05,2213.05,145.0
2021-07-23 14:30:00,NSE:ZYDUSWELL,2213.05,2215.3,2213.05,2215.0,7.0
2021-07-23 14:35:00,NSE:ZYDUSWELL,2213.05,2220.0,2213.05,2215.0,276.0
2021-07-23 14:40:00,NSE:ZYDUSWELL,2213.05,2214.95,2213.05,2214.7,100.0
2021-07-23 14:45:00,NSE:ZYDUSWELL,2213.05,2213.35,2211.05,2213.35,107.0
2021-07-23 14:50:00,NSE:ZYDUSWELL,2213.85,2214.25,2211.2,2213.95,38.0
2021-07-23 14:55:00,NSE:ZYDUSWELL,2213.3,2214.7,2213.2,2213.2,36.0
2021-07-23 15:00:00,NSE:ZYDUSWELL,2213.2,2214.5,2212.2,2212.6,266.0
2021-07-23 15:05:00,NSE:ZYDUSWELL,2213.05,2215.0,2212.25,2214.65,261.0
2021-07-23 15:10:00,NSE:ZYDUSWELL,2214.7,2214.7,2212.25,2214.35,201.0
2021-07-23 15:15:00,NSE:ZYDUSWELL,2213.45,2219.8,2212.25,2219.0,312.0
2021-07-23 15:20:00,NSE:ZYDUSWELL,2215.9,2219.0,2215.5,2218.85,130.0
2021-07-23 15:25:00,NSE:ZYDUSWELL,2215.05,2219.0,2211.0,2211.0,450.0
2021-07-26 09:05:00,NSE:ZYDUSWELL,2213.75,2213.75,2213.75,2213.75,229.0
2021-07-26 09:15:00,NSE:ZYDUSWELL,2213.75,2220.0,2211.05,2215.55,483.0
2021-07-26 09:20:00,NSE:ZYDUSWELL,2215.0,2216.3,2215.0,2215.2,80.0
2021-07-26 09:25:00,NSE:ZYDUSWELL,2217.6,2231.95,2215.55,2226.25,420.0
2021-07-26 09:30:00,NSE:ZYDUSWELL,2224.35,2228.85,2220.85,2220.85,330.0
2021-07-26 09:35:00,NSE:ZYDUSWELL,2221.05,2223.25,2220.6,2222.7,72.0
2021-07-26 09:40:00,NSE:ZYDUSWELL,2223.0,2223.0,2220.75,2221.1,48.0
2021-07-26 09:45:00,NSE:ZYDUSWELL,2221.0,2223.0,2215.1,2215.3,217.0
2021-07-26 09:50:00,NSE:ZYDUSWELL,2218.3,2219.55,2215.75,2219.2,646.0
2021-07-26 09:55:00,NSE:ZYDUSWELL,2216.2,2219.15,2215.35,2215.35,63.0
2021-07-26 10:00:00,NSE:ZYDUSWELL,2218.0,2218.95,2216.1,2218.75,10.0
2021-07-26 10:05:00,NSE:ZYDUSWELL,2216.25,2219.5,2216.1,2219.5,70.0
2021-07-26 10:10:00,NSE:ZYDUSWELL,2218.45,2221.2,2218.45,2218.5,52.0
2021-07-26 10:15:00,NSE:ZYDUSWELL,2216.55,2218.6,2215.75,2217.75,259.0
2021-07-26 10:20:00,NSE:ZYDUSWELL,2215.75,2217.95,2215.45,2216.1,81.0
2021-07-26 10:25:00,NSE:ZYDUSWELL,2218.0,2218.0,2216.5,2216.5,10.0
2021-07-26 10:30:00,NSE:ZYDUSWELL,2218.55,2218.6,2215.1,2218.6,27.0
2021-07-26 10:35:00,NSE:ZYDUSWELL,2218.6,2219.95,2218.6,2218.6,7.0
2021-07-26 10:40:00,NSE:ZYDUSWELL,2217.85,2219.1,2215.1,2215.1,54.0
2021-07-26 10:45:00,NSE:ZYDUSWELL,2215.2,2216.7,2215.2,2216.7,9.0
2021-07-26 10:50:00,NSE:ZYDUSWELL,2217.65,2219.5,2215.45,2219.5,104.0
2021-07-26 10:55:00,NSE:ZYDUSWELL,2219.2,2219.9,2219.1,2219.1,55.0
2021-07-26 11:00:00,NSE:ZYDUSWELL,2219.95,2219.95,2218.1,2219.95,74.0
2021-07-26 11:05:00,NSE:ZYDUSWELL,2219.9,2219.95,2217.4,2219.95,33.0
2021-07-26 11:10:00,NSE:ZYDUSWELL,2219.85,2219.95,2216.25,2216.25,25.0
2021-07-26 11:15:00,NSE:ZYDUSWELL,2216.1,2225.0,2215.3,2224.85,169.0
2021-07-26 11:20:00,NSE:ZYDUSWELL,2224.85,2224.85,2221.45,2222.2,26.0
2021-07-26 11:25:00,NSE:ZYDUSWELL,2221.85,2224.55,2221.85,2224.55,13.0
2021-07-26 11:30:00,NSE:ZYDUSWELL,2221.85,2224.35,2221.85,2224.35,16.0
2021-07-26 11:35:00,NSE:ZYDUSWELL,2221.55,2221.55,2221.55,2221.55,23.0
2021-07-26 11:40:00,NSE:ZYDUSWELL,2221.0,2228.1,2218.35,2226.55,700.0
2021-07-26 11:45:00,NSE:ZYDUSWELL,2224.95,2224.95,2217.05,2217.05,24.0
2021-07-26 11:50:00,NSE:ZYDUSWELL,2221.1,2221.1,2216.45,2216.45,83.0
2021-07-26 11:55:00,NSE:ZYDUSWELL,2219.35,2219.35,2217.1,2217.1,8.0
2021-07-26 12:00:00,NSE:ZYDUSWELL,2214.75,2215.8,2214.65,2214.65,253.0
2021-07-26 12:05:00,NSE:ZYDUSWELL,2214.7,2216.95,2214.7,2216.9,14.0
2021-07-26 12:10:00,NSE:ZYDUSWELL,2216.95,2220.9,2215.2,2220.85,75.0
2021-07-26 12:15:00,NSE:ZYDUSWELL,2220.85,2220.85,2216.55,2219.6,52.0
2021-07-26 12:20:00,NSE:ZYDUSWELL,2215.0,2215.25,2215.0,2215.25,108.0
2021-07-26 12:25:00,NSE:ZYDUSWELL,2215.1,2216.95,2215.0,2216.95,94.0
2021-07-26 12:30:00,NSE:ZYDUSWELL,2214.65,2225.0,2214.65,2217.6,347.0
2021-07-26 12:35:00,NSE:ZYDUSWELL,2219.95,2223.95,2219.55,2223.95,20.0
2021-07-26 12:40:00,NSE:ZYDUSWELL,2224.65,2224.85,2215.75,2215.75,191.0
2021-07-26 12:45:00,NSE:ZYDUSWELL,2217.7,2217.7,2215.4,2215.8,9.0
2021-07-26 12:50:00,NSE:ZYDUSWELL,2218.25,2218.45,2218.25,2218.3,17.0
2021-07-26 12:55:00,NSE:ZYDUSWELL,2215.45,2218.7,2214.65,2214.65,104.0
2021-07-26 13:00:00,NSE:ZYDUSWELL,2214.5,2216.5,2212.35,2216.5,573.0
2021-07-26 13:05:00,NSE:ZYDUSWELL,2217.8,2220.0,2213.45,2214.75,604.0
2021-07-26 13:10:00,NSE:ZYDUSWELL,2215.0,2215.0,2213.85,2213.85,202.0
2021-07-26 13:15:00,NSE:ZYDUSWELL,2215.0,2215.0,2215.0,2215.0,18.0
2021-07-26 13:20:00,NSE:ZYDUSWELL,2215.0,2215.0,2215.0,2215.0,6.0
2021-07-26 13:25:00,NSE:ZYDUSWELL,2215.0,2216.65,2215.0,2216.65,28.0
2021-07-26 13:30:00,NSE:ZYDUSWELL,2216.7,2216.75,2212.05,2212.05,49.0
2021-07-26 13:35:00,NSE:ZYDUSWELL,2212.05,2215.7,2212.05,2214.5,62.0
2021-07-26 13:40:00,NSE:ZYDUSWELL,2214.0,2214.0,2211.75,2211.75,33.0
2021-07-26 13:45:00,NSE:ZYDUSWELL,2211.75,2213.9,2211.75,2213.9,31.0
2021-07-26 13:50:00,NSE:ZYDUSWELL,2212.0,2213.4,2212.0,2213.4,520.0
2021-07-26 13:55:00,NSE:ZYDUSWELL,2213.9,2213.9,2212.05,2212.1,49.0
2021-07-26 14:00:00,NSE:ZYDUSWELL,2212.05,2213.95,2212.05,2213.5,122.0
2021-07-26 14:05:00,NSE:ZYDUSWELL,2213.5,2213.5,2212.75,2212.75,170.0
2021-07-26 14:10:00,NSE:ZYDUSWELL,2212.75,2214.0,2210.3,2211.8,899.0
2021-07-26 14:15:00,NSE:ZYDUSWELL,2211.8,2211.9,2210.75,2210.75,40.0
2021-07-26 14:20:00,NSE:ZYDUSWELL,2210.75,2212.5,2210.75,2212.5,243.0
2021-07-26 14:25:00,NSE:ZYDUSWELL,2210.75,2210.75,2210.75,2210.75,32.0
2021-07-26 14:30:00,NSE:ZYDUSWELL,2210.3,2212.0,2210.05,2212.0,390.0
2021-07-26 14:35:00,NSE:ZYDUSWELL,2212.5,2212.5,2212.4,2212.4,9.0
2021-07-26 14:40:00,NSE:ZYDUSWELL,2212.0,2212.35,2210.05,2211.1,157.0
2021-07-26 14:45:00,NSE:ZYDUSWELL,2210.05,2212.0,2210.0,2212.0,154.0
2021-07-26 14:50:00,NSE:ZYDUSWELL,2211.45,2211.45,2204.15,2206.3,195.0
2021-07-26 14:55:00,NSE:ZYDUSWELL,2206.35,2207.35,2204.55,2204.55,448.0
2021-07-26 15:00:00,NSE:ZYDUSWELL,2206.2,2206.5,2204.05,2204.1,181.0
2021-07-26 15:05:00,NSE:ZYDUSWELL,2205.95,2209.95,2204.05,2204.7,448.0
2021-07-26 15:10:00,NSE:ZYDUSWELL,2204.7,2206.75,2192.05,2192.2,939.0
2021-07-26 15:15:00,NSE:ZYDUSWELL,2194.9,2204.95,2191.0,2201.05,340.0
2021-07-26 15:20:00,NSE:ZYDUSWELL,2201.15,2209.0,2201.15,2208.6,210.0
2021-07-26 15:25:00,NSE:ZYDUSWELL,2208.6,2212.0,2200.15,2203.0,268.0
2021-07-26 15:40:00,NSE:ZYDUSWELL,2203.1,2203.1,2203.0,2203.0,8.0
2021-07-27 09:05:00,NSE:ZYDUSWELL,2211.0,2211.0,2211.0,2211.0,10.0
2021-07-27 09:15:00,NSE:ZYDUSWELL,2211.0,2219.45,2204.45,2210.55,266.0
2021-07-27 09:20:00,NSE:ZYDUSWELL,2213.5,2213.95,2209.75,2209.75,223.0
2021-07-27 09:25:00,NSE:ZYDUSWELL,2213.5,2213.7,2210.75,2210.95,57.0
2021-07-27 09:30:00,NSE:ZYDUSWELL,2211.15,2212.95,2208.9,2212.05,266.0
2021-07-27 09:35:00,NSE:ZYDUSWELL,2209.45,2209.45,2208.05,2208.05,36.0
2021-07-27 09:40:00,NSE:ZYDUSWELL,2209.45,2211.2,2208.1,2209.45,101.0
2021-07-27 09:45:00,NSE:ZYDUSWELL,2211.85,2217.45,2211.85,2213.45,85.0
2021-07-27 09:50:00,NSE:ZYDUSWELL,2212.0,2214.55,2211.95,2211.95,149.0
2021-07-27 09:55:00,NSE:ZYDUSWELL,2211.95,2212.0,2211.95,2211.95,9.0
2021-07-27 10:00:00,NSE:ZYDUSWELL,2212.0,2215.0,2201.15,2215.0,585.0
2021-07-27 10:05:00,NSE:ZYDUSWELL,2219.7,2237.9,2219.35,2229.5,1110.0
2021-07-27 10:10:00,NSE:ZYDUSWELL,2228.85,2228.85,2216.8,2220.5,167.0
2021-07-27 10:15:00,NSE:ZYDUSWELL,2219.05,2219.05,2215.85,2217.0,83.0
2021-07-27 10:20:00,NSE:ZYDUSWELL,2216.45,2218.2,2216.45,2217.25,70.0
2021-07-27 10:25:00,NSE:ZYDUSWELL,2219.85,2219.85,2216.6,2216.6,11.0
2021-07-27 10:30:00,NSE:ZYDUSWELL,2217.0,2227.0,2217.0,2226.9,63.0
2021-07-27 10:35:00,NSE:ZYDUSWELL,2224.3,2225.45,2220.1,2225.45,42.0
2021-07-27 10:40:00,NSE:ZYDUSWELL,2221.6,2225.0,2221.6,2222.5,206.0
2021-07-27 10:45:00,NSE:ZYDUSWELL,2228.0,2234.4,2228.0,2233.0,1078.0
2021-07-27 10:50:00,NSE:ZYDUSWELL,2234.3,2237.25,2230.55,2236.75,404.0
2021-07-27 10:55:00,NSE:ZYDUSWELL,2233.9,2233.9,2231.45,2231.45,173.0
2021-07-27 11:00:00,NSE:ZYDUSWELL,2230.55,2231.7,2230.55,2231.7,70.0
2021-07-27 11:05:00,NSE:ZYDUSWELL,2232.05,2234.05,2232.05,2233.05,268.0
2021-07-27 11:10:00,NSE:ZYDUSWELL,2233.2,2236.8,2233.0,2236.8,51.0
2021-07-27 11:15:00,NSE:ZYDUSWELL,2231.6,2236.3,2231.3,2234.4,363.0
2021-07-27 11:20:00,NSE:ZYDUSWELL,2235.4,2239.4,2233.95,2233.95,97.0
2021-07-27 11:25:00,NSE:ZYDUSWELL,2235.75,2235.75,2224.95,2224.95,38.0
2021-07-27 11:30:00,NSE:ZYDUSWELL,2224.9,2224.9,2222.2,2224.25,44.0
2021-07-27 11:35:00,NSE:ZYDUSWELL,2224.25,2224.25,2222.95,2222.95,14.0
2021-07-27 11:40:00,NSE:ZYDUSWELL,2223.0,2230.0,2222.25,2222.25,136.0
2021-07-27 11:45:00,NSE:ZYDUSWELL,2225.65,2225.65,2223.9,2223.9,17.0
2021-07-27 11:50:00,NSE:ZYDUSWELL,2226.95,2227.65,2224.3,2227.65,16.0
2021-07-27 11:55:00,NSE:ZYDUSWELL,2227.75,2231.0,2223.0,2223.0,43.0
2021-07-27 12:00:00,NSE:ZYDUSWELL,2225.05,2225.9,2225.05,2225.9,108.0
2021-07-27 12:05:00,NSE:ZYDUSWELL,2225.0,2227.15,2223.0,2223.0,110.0
2021-07-27 12:10:00,NSE:ZYDUSWELL,2222.0,2222.0,2218.75,2219.55,299.0
2021-07-27 12:15:00,NSE:ZYDUSWELL,2219.5,2219.5,2215.95,2217.05,246.0
2021-07-27 12:20:00,NSE:ZYDUSWELL,2217.05,2217.95,2215.95,2217.95,73.0
2021-07-27 12:25:00,NSE:ZYDUSWELL,2217.95,2217.95,2216.0,2216.0,131.0
2021-07-27 12:30:00,NSE:ZYDUSWELL,2216.0,2217.05,2216.0,2217.05,22.0
2021-07-27 12:35:00,NSE:ZYDUSWELL,2216.0,2222.35,2216.0,2222.35,264.0
2021-07-27 12:40:00,NSE:ZYDUSWELL,2220.25,2220.25,2215.85,2220.0,127.0
2021-07-27 12:45:00,NSE:ZYDUSWELL,2220.0,2220.25,2217.65,2219.9,56.0
2021-07-27 12:50:00,NSE:ZYDUSWELL,2218.1,2219.0,2215.85,2218.95,83.0
2021-07-27 12:55:00,NSE:ZYDUSWELL,2218.1,2218.95,2218.1,2218.95,130.0
2021-07-27 13:00:00,NSE:ZYDUSWELL,2218.1,2218.95,2218.1,2218.9,28.0
2021-07-27 13:05:00,NSE:ZYDUSWELL,2217.55,2217.55,2205.0,2205.0,883.0
2021-07-27 13:10:00,NSE:ZYDUSWELL,2204.85,2214.6,2204.0,2210.3,205.0
2021-07-27 13:15:00,NSE:ZYDUSWELL,2210.4,2212.0,2207.8,2212.0,39.0
2021-07-27 13:20:00,NSE:ZYDUSWELL,2212.0,2215.3,2212.0,2215.3,61.0
2021-07-27 13:25:00,NSE:ZYDUSWELL,2218.9,2221.0,2218.0,2221.0,43.0
2021-07-27 13:30:00,NSE:ZYDUSWELL,2218.7,2220.1,2218.0,2220.1,15.0
2021-07-27 13:35:00,NSE:ZYDUSWELL,2217.85,2217.85,2210.0,2212.0,229.0
2021-07-27 13:40:00,NSE:ZYDUSWELL,2213.5,2219.0,2212.35,2219.0,104.0
2021-07-27 13:45:00,NSE:ZYDUSWELL,2218.9,2221.5,2218.9,2219.75,136.0
2021-07-27 13:50:00,NSE:ZYDUSWELL,2220.0,2220.0,2219.0,2219.0,407.0
2021-07-27 13:55:00,NSE:ZYDUSWELL,2213.65,2213.65,2210.55,2210.55,25.0
2021-07-27 14:00:00,NSE:ZYDUSWELL,2210.6,2218.45,2210.6,2218.45,109.0
2021-07-27 14:05:00,NSE:ZYDUSWELL,2215.0,2218.4,2215.0,2218.4,43.0
2021-07-27 14:10:00,NSE:ZYDUSWELL,2213.1,2215.25,2210.65,2210.65,65.0
2021-07-27 14:15:00,NSE:ZYDUSWELL,2210.55,2213.0,2209.0,2213.0,262.0
2021-07-27 14:20:00,NSE:ZYDUSWELL,2214.55,2220.1,2213.55,2213.55,184.0
2021-07-27 14:25:00,NSE:ZYDUSWELL,2217.0,2219.3,2217.0,2219.0,343.0
2021-07-27 14:30:00,NSE:ZYDUSWELL,2219.0,2219.65,2219.0,2219.0,57.0
2021-07-27 14:35:00,NSE:ZYDUSWELL,2219.0,2219.2,2210.0,2210.0,465.0
2021-07-27 14:40:00,NSE:ZYDUSWELL,2210.0,2216.8,2210.0,2210.0,156.0
2021-07-27 14:45:00,NSE:ZYDUSWELL,2213.15,2214.15,2211.0,2211.7,231.0
2021-07-27 14:50:00,NSE:ZYDUSWELL,2210.8,2213.0,2210.0,2213.0,76.0
2021-07-27 14:55:00,NSE:ZYDUSWELL,2213.95,2214.15,2210.0,2210.5,55.0
2021-07-27 15:00:00,NSE:ZYDUSWELL,2212.0,2212.0,2206.0,2206.0,249.0
2021-07-27 15:05:00,NSE:ZYDUSWELL,2208.1,2212.0,2203.0,2205.45,429.0
2021-07-27 15:10:00,NSE:ZYDUSWELL,2205.45,2209.2,2200.1,2200.35,508.0
2021-07-27 15:15:00,NSE:ZYDUSWELL,2200.85,2203.15,2193.45,2195.3,321.0
2021-07-27 15:20:00,NSE:ZYDUSWELL,2195.0,2195.0,2186.05,2186.95,575.0
2021-07-27 15:25:00,NSE:ZYDUSWELL,2186.95,2201.9,2186.95,2190.1,636.0
2021-07-27 15:45:00,NSE:ZYDUSWELL,2198.8,2198.8,2190.1,2190.1,11.0
2021-07-28 09:05:00,NSE:ZYDUSWELL,2185.0,2185.0,2185.0,2185.0,95.0
2021-07-28 09:15:00,NSE:ZYDUSWELL,2194.2,2200.0,2180.0,2186.8,534.0
2021-07-28 09:20:00,NSE:ZYDUSWELL,2187.1,2192.0,2186.15,2190.0,267.0
2021-07-28 09:25:00,NSE:ZYDUSWELL,2188.35,2189.95,2181.05,2189.95,565.0
2021-07-28 09:30:00,NSE:ZYDUSWELL,2189.1,2189.3,2185.1,2187.45,133.0
2021-07-28 09:35:00,NSE:ZYDUSWELL,2185.0,2185.0,2162.4,2164.0,1090.0
2021-07-28 09:40:00,NSE:ZYDUSWELL,2160.45,2166.75,2155.0,2158.45,976.0
2021-07-28 09:45:00,NSE:ZYDUSWELL,2159.6,2161.0,2151.05,2151.05,431.0
2021-07-28 09:50:00,NSE:ZYDUSWELL,2150.05,2151.85,2147.15,2148.15,776.0
2021-07-28 09:55:00,NSE:ZYDUSWELL,2148.0,2159.8,2146.8,2159.8,500.0
2021-07-28 10:00:00,NSE:ZYDUSWELL,2157.45,2166.05,2157.45,2161.05,640.0
2021-07-28 10:05:00,NSE:ZYDUSWELL,2162.4,2164.9,2160.0,2160.0,185.0
2021-07-28 10:10:00,NSE:ZYDUSWELL,2160.0,2163.8,2157.5,2157.5,334.0
2021-07-28 10:15:00,NSE:ZYDUSWELL,2158.75,2161.5,2158.75,2159.05,19.0
2021-07-28 10:20:00,NSE:ZYDUSWELL,2158.1,2164.9,2157.75,2164.15,180.0
2021-07-28 10:25:00,NSE:ZYDUSWELL,2164.9,2164.9,2160.65,2160.65,41.0
2021-07-28 10:30:00,NSE:ZYDUSWELL,2160.7,2163.9,2160.0,2163.9,143.0
2021-07-28 10:35:00,NSE:ZYDUSWELL,2164.0,2164.45,2161.05,2161.05,65.0
2021-07-28 10:40:00,NSE:ZYDUSWELL,2163.5,2163.5,2158.0,2160.85,650.0
2021-07-28 10:45:00,NSE:ZYDUSWELL,2156.65,2156.65,2152.5,2153.25,284.0
2021-07-28 10:50:00,NSE:ZYDUSWELL,2154.55,2158.5,2153.65,2155.4,61.0
2021-07-28 10:55:00,NSE:ZYDUSWELL,2153.45,2155.65,2153.0,2153.05,87.0
2021-07-28 11:00:00,NSE:ZYDUSWELL,2153.1,2157.0,2153.1,2155.75,16.0
2021-07-28 11:05:00,NSE:ZYDUSWELL,2156.2,2159.75,2153.8,2159.75,187.0
2021-07-28 11:10:00,NSE:ZYDUSWELL,2156.95,2156.95,2149.2,2156.0,626.0
2021-07-28 11:15:00,NSE:ZYDUSWELL,2159.6,2162.0,2156.7,2157.45,68.0
2021-07-28 11:20:00,NSE:ZYDUSWELL,2156.8,2159.95,2155.6,2158.9,114.0
2021-07-28 11:25:00,NSE:ZYDUSWELL,2159.0,2161.5,2155.6,2155.6,200.0
2021-07-28 11:30:00,NSE:ZYDUSWELL,2159.2,2159.2,2154.55,2154.55,34.0
2021-07-28 11:35:00,NSE:ZYDUSWELL,2152.55,2157.1,2149.95,2157.1,523.0
2021-07-28 11:40:00,NSE:ZYDUSWELL,2155.1,2155.1,2155.1,2155.1,6.0
2021-07-28 11:45:00,NSE:ZYDUSWELL,2155.1,2155.1,2151.15,2153.0,84.0
2021-07-28 11:50:00,NSE:ZYDUSWELL,2152.95,2153.0,2152.95,2153.0,85.0
2021-07-28 11:55:00,NSE:ZYDUSWELL,2153.0,2153.0,2151.1,2152.95,96.0
2021-07-28 12:00:00,NSE:ZYDUSWELL,2153.0,2155.1,2153.0,2155.1,245.0
2021-07-28 12:05:00,NSE:ZYDUSWELL,2154.0,2158.25,2154.0,2158.25,16.0
2021-07-28 12:10:00,NSE:ZYDUSWELL,2157.2,2161.3,2155.25,2161.3,61.0
2021-07-28 12:15:00,NSE:ZYDUSWELL,2161.3,2162.0,2161.3,2162.0,116.0
2021-07-28 12:20:00,NSE:ZYDUSWELL,2161.9,2161.9,2161.0,2161.0,2.0
2021-07-28 12:25:00,NSE:ZYDUSWELL,2161.95,2161.95,2160.0,2161.55,24.0
2021-07-28 12:30:00,NSE:ZYDUSWELL,2162.15,2162.65,2160.0,2160.9,24.0
2021-07-28 12:35:00,NSE:ZYDUSWELL,2161.95,2161.95,2155.0,2159.7,235.0
2021-07-28 12:40:00,NSE:ZYDUSWELL,2162.65,2166.7,2162.65,2166.7,295.0
2021-07-28 12:45:00,NSE:ZYDUSWELL,2165.45,2165.45,2162.75,2164.9,25.0
2021-07-28 12:50:00,NSE:ZYDUSWELL,2164.9,2164.9,2164.9,2164.9,2.0
2021-07-28 12:55:00,NSE:ZYDUSWELL,2162.0,2164.45,2162.0,2164.45,82.0
2021-07-28 13:00:00,NSE:ZYDUSWELL,2164.7,2172.3,2164.7,2172.3,315.0
2021-07-28 13:05:00,NSE:ZYDUSWELL,2172.55,2175.0,2170.8,2173.0,1332.0
2021-07-28 13:10:00,NSE:ZYDUSWELL,2172.05,2173.1,2172.0,2173.05,70.0
2021-07-28 13:15:00,NSE:ZYDUSWELL,2173.15,2175.0,2172.3,2175.0,896.0
2021-07-28 13:20:00,NSE:ZYDUSWELL,2174.0,2174.0,2174.0,2174.0,197.0
2021-07-28 13:25:00,NSE:ZYDUSWELL,2175.0,2175.0,2174.0,2175.0,55.0
2021-07-28 13:30:00,NSE:ZYDUSWELL,2174.95,2174.95,2174.95,2174.95,56.0
2021-07-28 13:35:00,NSE:ZYDUSWELL,2174.95,2174.95,2162.5,2167.05,478.0
2021-07-28 13:40:00,NSE:ZYDUSWELL,2167.05,2170.0,2166.05,2166.05,538.0
2021-07-28 13:45:00,NSE:ZYDUSWELL,2169.1,2170.0,2169.0,2170.0,209.0
2021-07-28 13:50:00,NSE:ZYDUSWELL,2170.0,2170.0,2169.0,2169.0,349.0
2021-07-28 13:55:00,NSE:ZYDUSWELL,2169.0,2170.0,2169.0,2169.0,74.0
2021-07-28 14:00:00,NSE:ZYDUSWELL,2169.9,2172.75,2169.0,2170.05,948.0
2021-07-28 14:05:00,NSE:ZYDUSWELL,2173.0,2174.8,2169.5,2169.5,245.0
2021-07-28 14:10:00,NSE:ZYDUSWELL,2169.5,2169.5,2167.05,2167.05,12.0
2021-07-28 14:15:00,NSE:ZYDUSWELL,2170.45,2170.45,2167.7,2167.7,13.0
2021-07-28 14:20:00,NSE:ZYDUSWELL,2167.5,2168.55,2166.1,2168.55,14.0
2021-07-28 14:25:00,NSE:ZYDUSWELL,2165.45,2169.45,2165.45,2166.2,76.0
2021-07-28 14:30:00,NSE:ZYDUSWELL,2167.65,2169.05,2165.45,2165.45,32.0
2021-07-28 14:35:00,NSE:ZYDUSWELL,2165.5,2172.8,2165.5,2172.8,80.0
2021-07-28 14:40:00,NSE:ZYDUSWELL,2172.25,2172.25,2164.0,2164.0,459.0
2021-07-28 14:45:00,NSE:ZYDUSWELL,2164.2,2165.55,2157.65,2163.6,132.0
2021-07-28 14:50:00,NSE:ZYDUSWELL,2164.75,2164.75,2155.8,2157.05,353.0
2021-07-28 14:55:00,NSE:ZYDUSWELL,2156.25,2160.0,2156.25,2159.95,82.0
2021-07-28 15:00:00,NSE:ZYDUSWELL,2158.85,2160.0,2157.0,2157.0,39.0
2021-07-28 15:05:00,NSE:ZYDUSWELL,2156.0,2160.0,2155.0,2156.75,420.0
2021-07-28 15:10:00,NSE:ZYDUSWELL,2157.6,2157.6,2150.05,2150.05,320.0
2021-07-28 15:15:00,NSE:ZYDUSWELL,2152.1,2154.9,2150.1,2153.95,261.0
2021-07-28 15:20:00,NSE:ZYDUSWELL,2155.0,2157.2,2152.05,2152.3,640.0
2021-07-28 15:25:00,NSE:ZYDUSWELL,2155.6,2157.2,2151.0,2152.95,505.0
2021-07-29 09:05:00,NSE:ZYDUSWELL,2165.05,2165.05,2165.05,2165.05,27.0
2021-07-29 09:15:00,NSE:ZYDUSWELL,2165.0,2165.05,2154.0,2156.85,141.0
2021-07-29 09:20:00,NSE:ZYDUSWELL,2156.65,2157.5,2156.65,2157.0,38.0
2021-07-29 09:25:00,NSE:ZYDUSWELL,2159.85,2160.8,2157.7,2158.0,64.0
2021-07-29 09:30:00,NSE:ZYDUSWELL,2158.0,2158.05,2158.0,2158.05,101.0
2021-07-29 09:35:00,NSE:ZYDUSWELL,2159.5,2162.3,2159.05,2159.05,28.0
2021-07-29 09:45:00,NSE:ZYDUSWELL,2161.55,2163.35,2160.4,2160.4,80.0
2021-07-29 09:50:00,NSE:ZYDUSWELL,2160.7,2163.75,2160.7,2163.75,23.0
2021-07-29 09:55:00,NSE:ZYDUSWELL,2163.85,2163.85,2159.0,2162.9,264.0
2021-07-29 10:00:00,NSE:ZYDUSWELL,2160.8,2163.7,2160.55,2160.8,128.0
2021-07-29 10:05:00,NSE:ZYDUSWELL,2163.4,2163.55,2160.8,2163.0,164.0
2021-07-29 10:10:00,NSE:ZYDUSWELL,2160.85,2163.3,2158.5,2162.05,304.0
2021-07-29 10:15:00,NSE:ZYDUSWELL,2162.7,2162.85,2158.3,2162.55,179.0
2021-07-29 10:20:00,NSE:ZYDUSWELL,2162.6,2178.05,2162.6,2170.0,630.0
2021-07-29 10:25:00,NSE:ZYDUSWELL,2170.3,2174.05,2166.15,2174.05,301.0
2021-07-29 10:30:00,NSE:ZYDUSWELL,2179.05,2179.85,2171.45,2177.0,135.0
2021-07-29 10:35:00,NSE:ZYDUSWELL,2174.25,2174.25,2173.0,2173.0,151.0
2021-07-29 10:40:00,NSE:ZYDUSWELL,2174.0,2178.9,2174.0,2174.0,291.0
2021-07-29 10:45:00,NSE:ZYDUSWELL,2174.0,2177.2,2173.0,2177.2,269.0
2021-07-29 10:50:00,NSE:ZYDUSWELL,2178.15,2178.95,2178.15,2178.95,45.0
2021-07-29 10:55:00,NSE:ZYDUSWELL,2176.35,2179.6,2176.35,2177.05,47.0
2021-07-29 11:00:00,NSE:ZYDUSWELL,2178.6,2178.6,2175.95,2175.95,5.0
2021-07-29 11:05:00,NSE:ZYDUSWELL,2179.0,2179.0,2174.5,2176.85,32.0
2021-07-29 11:10:00,NSE:ZYDUSWELL,2177.85,2177.85,2174.5,2174.5,44.0
2021-07-29 11:15:00,NSE:ZYDUSWELL,2176.55,2176.55,2174.0,2176.0,104.0
2021-07-29 11:20:00,NSE:ZYDUSWELL,2174.0,2176.0,2174.0,2176.0,10.0
2021-07-29 11:25:00,NSE:ZYDUSWELL,2174.0,2174.0,2170.0,2170.0,230.0
2021-07-29 11:30:00,NSE:ZYDUSWELL,2166.8,2169.45,2166.8,2168.15,36.0
2021-07-29 11:35:00,NSE:ZYDUSWELL,2168.15,2168.15,2166.45,2166.45,127.0
2021-07-29 11:40:00,NSE:ZYDUSWELL,2166.4,2166.4,2162.05,2164.95,55.0
2021-07-29 11:45:00,NSE:ZYDUSWELL,2166.95,2166.95,2160.25,2160.25,89.0
2021-07-29 11:50:00,NSE:ZYDUSWELL,2161.25,2164.35,2160.1,2160.15,158.0
2021-07-29 11:55:00,NSE:ZYDUSWELL,2160.1,2164.6,2160.1,2163.1,5.0
2021-07-29 12:00:00,NSE:ZYDUSWELL,2161.25,2162.2,2161.05,2161.45,24.0
2021-07-29 12:05:00,NSE:ZYDUSWELL,2160.45,2160.45,2160.45,2160.45,11.0
2021-07-29 12:10:00,NSE:ZYDUSWELL,2160.45,2162.15,2160.0,2160.0,72.0
2021-07-29 12:15:00,NSE:ZYDUSWELL,2162.35,2165.75,2161.6,2164.65,164.0
2021-07-29 12:20:00,NSE:ZYDUSWELL,2165.15,2165.15,2162.8,2162.8,16.0
2021-07-29 12:25:00,NSE:ZYDUSWELL,2160.55,2162.85,2160.0,2162.85,83.0
2021-07-29 12:30:00,NSE:ZYDUSWELL,2160.4,2160.4,2160.05,2160.05,16.0
2021-07-29 12:35:00,NSE:ZYDUSWELL,2162.5,2162.85,2160.0,2162.85,63.0
2021-07-29 12:40:00,NSE:ZYDUSWELL,2162.85,2162.85,2162.85,2162.85,1.0
2021-07-29 12:45:00,NSE:ZYDUSWELL,2162.85,2168.55,2162.85,2168.55,202.0
2021-07-29 12:50:00,NSE:ZYDUSWELL,2167.25,2167.8,2167.25,2167.8,49.0
2021-07-29 12:55:00,NSE:ZYDUSWELL,2169.5,2170.8,2167.3,2169.05,27.0
2021-07-29 13:00:00,NSE:ZYDUSWELL,2173.75,2173.75,2166.65,2167.35,305.0
2021-07-29 13:05:00,NSE:ZYDUSWELL,2167.3,2167.3,2160.25,2160.25,61.0
2021-07-29 13:10:00,NSE:ZYDUSWELL,2162.85,2168.25,2162.0,2168.25,87.0
2021-07-29 13:15:00,NSE:ZYDUSWELL,2169.35,2169.35,2165.05,2165.05,17.0
2021-07-29 13:20:00,NSE:ZYDUSWELL,2164.65,2165.0,2162.1,2165.0,104.0
2021-07-29 13:25:00,NSE:ZYDUSWELL,2165.35,2166.0,2162.15,2162.8,231.0
2021-07-29 13:30:00,NSE:ZYDUSWELL,2162.55,2162.55,2160.0,2161.8,125.0
2021-07-29 13:35:00,NSE:ZYDUSWELL,2161.8,2161.8,2158.5,2158.5,60.0
2021-07-29 13:40:00,NSE:ZYDUSWELL,2158.5,2161.5,2158.5,2161.5,7.0
2021-07-29 13:45:00,NSE:ZYDUSWELL,2159.55,2159.55,2159.55,2159.55,3.0
2021-07-29 13:50:00,NSE:ZYDUSWELL,2159.5,2163.5,2159.5,2163.5,63.0
2021-07-29 13:55:00,NSE:ZYDUSWELL,2160.45,2161.65,2159.6,2159.6,26.0
2021-07-29 14:00:00,NSE:ZYDUSWELL,2159.6,2159.6,2159.6,2159.6,11.0
2021-07-29 14:05:00,NSE:ZYDUSWELL,2159.7,2161.95,2158.75,2158.75,56.0
2021-07-29 14:10:00,NSE:ZYDUSWELL,2158.7,2160.5,2158.3,2160.5,107.0
2021-07-29 14:15:00,NSE:ZYDUSWELL,2161.55,2161.55,2161.2,2161.2,26.0
2021-07-29 14:20:00,NSE:ZYDUSWELL,2161.85,2161.85,2161.85,2161.85,10.0
2021-07-29 14:25:00,NSE:ZYDUSWELL,2156.45,2161.1,2156.0,2156.0,237.0
2021-07-29 14:30:00,NSE:ZYDUSWELL,2156.0,2156.0,2155.0,2155.0,26.0
2021-07-29 14:35:00,NSE:ZYDUSWELL,2158.2,2161.05,2156.0,2158.25,74.0
2021-07-29 14:40:00,NSE:ZYDUSWELL,2158.25,2162.0,2158.25,2162.0,345.0
2021-07-29 14:45:00,NSE:ZYDUSWELL,2159.15,2161.95,2159.15,2161.95,21.0
2021-07-29 14:50:00,NSE:ZYDUSWELL,2158.3,2162.95,2158.0,2162.95,162.0
2021-07-29 14:55:00,NSE:ZYDUSWELL,2158.75,2162.3,2158.75,2161.15,196.0
2021-07-29 15:00:00,NSE:ZYDUSWELL,2162.25,2166.5,2161.1,2166.5,141.0
2021-07-29 15:05:00,NSE:ZYDUSWELL,2167.0,2174.15,2158.85,2163.9,488.0
2021-07-29 15:10:00,NSE:ZYDUSWELL,2166.65,2167.85,2155.0,2155.05,312.0
2021-07-29 15:15:00,NSE:ZYDUSWELL,2154.8,2159.0,2152.5,2154.4,119.0
2021-07-29 15:20:00,NSE:ZYDUSWELL,2155.7,2158.35,2154.0,2158.35,224.0
2021-07-29 15:25:00,NSE:ZYDUSWELL,2155.15,2158.45,2151.1,2153.65,390.0
2021-07-29 15:30:00,NSE:ZYDUSWELL,2154.7,2154.7,2154.7,2154.7,1.0
2021-07-29 15:45:00,NSE:ZYDUSWELL,2159.25,2159.25,2159.25,2159.25,1.0
2021-07-30 09:05:00,NSE:ZYDUSWELL,2170.0,2170.0,2170.0,2170.0,58.0
2021-07-30 09:15:00,NSE:ZYDUSWELL,2169.95,2169.95,2156.75,2158.2,207.0
2021-07-30 09:20:00,NSE:ZYDUSWELL,2158.6,2165.65,2158.6,2160.35,32.0
2021-07-30 09:25:00,NSE:ZYDUSWELL,2165.4,2165.4,2160.3,2160.35,150.0
2021-07-30 09:30:00,NSE:ZYDUSWELL,2163.95,2164.0,2160.3,2161.1,59.0
2021-07-30 09:35:00,NSE:ZYDUSWELL,2163.85,2170.9,2161.5,2170.8,265.0
2021-07-30 09:40:00,NSE:ZYDUSWELL,2168.05,2170.95,2168.05,2170.95,101.0
2021-07-30 09:45:00,NSE:ZYDUSWELL,2170.0,2173.8,2167.05,2173.8,215.0
2021-07-30 09:50:00,NSE:ZYDUSWELL,2173.8,2176.75,2170.25,2170.9,239.0
2021-07-30 09:55:00,NSE:ZYDUSWELL,2176.05,2176.2,2170.9,2174.95,63.0
2021-07-30 10:00:00,NSE:ZYDUSWELL,2176.95,2198.0,2176.95,2192.65,638.0
2021-07-30 10:05:00,NSE:ZYDUSWELL,2192.6,2198.0,2185.2,2185.2,366.0
2021-07-30 10:10:00,NSE:ZYDUSWELL,2184.9,2184.95,2181.1,2183.0,246.0
2021-07-30 10:15:00,NSE:ZYDUSWELL,2183.0,2183.0,2160.05,2177.45,573.0
2021-07-30 10:20:00,NSE:ZYDUSWELL,2164.9,2180.95,2164.9,2176.9,561.0
2021-07-30 10:25:00,NSE:ZYDUSWELL,2180.95,2180.95,2171.0,2175.95,238.0
2021-07-30 10:30:00,NSE:ZYDUSWELL,2171.05,2175.9,2171.0,2171.05,31.0
2021-07-30 10:35:00,NSE:ZYDUSWELL,2171.05,2175.0,2171.05,2175.0,82.0
2021-07-30 10:40:00,NSE:ZYDUSWELL,2175.0,2175.0,2172.1,2174.95,8.0
2021-07-30 10:45:00,NSE:ZYDUSWELL,2174.95,2177.95,2174.95,2177.95,204.0
2021-07-30 10:50:00,NSE:ZYDUSWELL,2177.95,2180.8,2177.95,2180.8,15.0
2021-07-30 10:55:00,NSE:ZYDUSWELL,2169.85,2169.85,2163.05,2169.15,295.0
2021-07-30 11:00:00,NSE:ZYDUSWELL,2168.7,2168.7,2163.1,2167.9,12.0
2021-07-30 11:05:00,NSE:ZYDUSWELL,2165.0,2169.25,2165.0,2168.5,134.0
2021-07-30 11:10:00,NSE:ZYDUSWELL,2165.35,2167.0,2165.35,2167.0,37.0
2021-07-30 11:15:00,NSE:ZYDUSWELL,2168.3,2169.95,2168.3,2168.4,106.0
2021-07-30 11:20:00,NSE:ZYDUSWELL,2169.95,2169.95,2165.7,2169.15,23.0
2021-07-30 11:25:00,NSE:ZYDUSWELL,2169.0,2169.0,2160.5,2165.95,100.0
2021-07-30 11:30:00,NSE:ZYDUSWELL,2166.0,2168.2,2157.05,2161.25,469.0
2021-07-30 11:35:00,NSE:ZYDUSWELL,2156.85,2157.35,2150.1,2150.1,288.0
2021-07-30 11:40:00,NSE:ZYDUSWELL,2151.2,2156.25,2150.35,2156.25,562.0
2021-07-30 11:45:00,NSE:ZYDUSWELL,2157.0,2161.95,2157.0,2161.95,16.0
2021-07-30 11:50:00,NSE:ZYDUSWELL,2161.95,2161.95,2157.6,2157.6,21.0
2021-07-30 11:55:00,NSE:ZYDUSWELL,2159.95,2159.95,2154.35,2158.85,142.0
2021-07-30 12:00:00,NSE:ZYDUSWELL,2155.3,2158.4,2153.05,2153.45,104.0
2021-07-30 12:05:00,NSE:ZYDUSWELL,2152.1,2157.6,2151.0,2151.0,76.0
2021-07-30 12:10:00,NSE:ZYDUSWELL,2150.35,2155.0,2150.35,2155.0,58.0
2021-07-30 12:15:00,NSE:ZYDUSWELL,2157.2,2165.4,2155.0,2162.35,558.0
2021-07-30 12:20:00,NSE:ZYDUSWELL,2162.55,2165.7,2162.55,2165.65,42.0
2021-07-30 12:25:00,NSE:ZYDUSWELL,2165.65,2165.65,2154.15,2156.0,129.0
2021-07-30 12:30:00,NSE:ZYDUSWELL,2158.35,2160.25,2158.35,2160.25,60.0
2021-07-30 12:35:00,NSE:ZYDUSWELL,2160.3,2164.0,2158.0,2164.0,116.0
2021-07-30 12:40:00,NSE:ZYDUSWELL,2160.05,2160.05,2144.9,2144.9,708.0
2021-07-30 12:45:00,NSE:ZYDUSWELL,2144.9,2153.4,2142.3,2150.0,107.0
2021-07-30 12:50:00,NSE:ZYDUSWELL,2152.3,2153.35,2150.15,2150.5,6.0
2021-07-30 12:55:00,NSE:ZYDUSWELL,2153.95,2154.0,2150.15,2150.15,30.0
2021-07-30 13:00:00,NSE:ZYDUSWELL,2151.05,2151.05,2142.0,2143.05,174.0
2021-07-30 13:05:00,NSE:ZYDUSWELL,2150.45,2155.0,2135.15,2139.9,1249.0
2021-07-30 13:10:00,NSE:ZYDUSWELL,2147.1,2152.0,2142.0,2152.0,161.0
2021-07-30 13:15:00,NSE:ZYDUSWELL,2154.0,2155.0,2152.0,2155.0,92.0
2021-07-30 13:20:00,NSE:ZYDUSWELL,2152.0,2154.95,2152.0,2154.95,86.0
2021-07-30 13:25:00,NSE:ZYDUSWELL,2154.95,2155.0,2153.15,2153.15,274.0
2021-07-30 13:30:00,NSE:ZYDUSWELL,2153.0,2156.25,2152.0,2156.25,107.0
2021-07-30 13:35:00,NSE:ZYDUSWELL,2154.05,2156.25,2152.3,2156.25,494.0
2021-07-30 13:40:00,NSE:ZYDUSWELL,2157.05,2160.0,2157.05,2159.0,150.0
2021-07-30 13:45:00,NSE:ZYDUSWELL,2158.5,2159.95,2158.0,2159.95,143.0
2021-07-30 13:50:00,NSE:ZYDUSWELL,2160.0,2160.0,2157.05,2159.65,240.0
2021-07-30 13:55:00,NSE:ZYDUSWELL,2172.0,2239.5,2115.0,2204.45,44984.0
2021-07-30 14:00:00,NSE:ZYDUSWELL,2199.85,2210.0,2160.6,2175.15,11289.0
2021-07-30 14:05:00,NSE:ZYDUSWELL,2171.25,2171.25,2126.55,2148.35,7836.0
2021-07-30 14:10:00,NSE:ZYDUSWELL,2144.3,2176.15,2144.25,2152.35,11593.0
2021-07-30 14:15:00,NSE:ZYDUSWELL,2150.0,2157.85,2142.6,2147.0,2515.0
2021-07-30 14:20:00,NSE:ZYDUSWELL,2146.1,2149.35,2135.0,2138.25,2752.0
2021-07-30 14:25:00,NSE:ZYDUSWELL,2138.05,2146.0,2136.8,2139.0,1180.0
2021-07-30 14:30:00,NSE:ZYDUSWELL,2138.0,2144.0,2134.35,2134.35,2447.0
2021-07-30 14:35:00,NSE:ZYDUSWELL,2132.0,2134.75,2116.0,2117.05,2691.0
2021-07-30 14:40:00,NSE:ZYDUSWELL,2115.0,2117.45,2105.0,2110.0,4107.0
2021-07-30 14:45:00,NSE:ZYDUSWELL,2110.0,2118.25,2105.0,2117.3,1157.0
2021-07-30 14:50:00,NSE:ZYDUSWELL,2117.0,2120.85,2108.0,2112.75,631.0
2021-07-30 14:55:00,NSE:ZYDUSWELL,2111.0,2112.75,2108.35,2109.2,592.0
2021-07-30 15:00:00,NSE:ZYDUSWELL,2112.4,2114.8,2101.0,2101.0,1126.0
2021-07-30 15:05:00,NSE:ZYDUSWELL,2100.1,2114.7,2100.1,2114.65,1561.0
2021-07-30 15:10:00,NSE:ZYDUSWELL,2112.35,2124.75,2110.0,2116.7,1548.0
2021-07-30 15:15:00,NSE:ZYDUSWELL,2112.05,2145.0,2112.05,2145.0,6742.0
2021-07-30 15:20:00,NSE:ZYDUSWELL,2148.0,2157.85,2144.85,2155.1,6215.0
2021-07-30 15:25:00,NSE:ZYDUSWELL,2157.6,2175.0,2155.0,2175.0,5758.0
2021-07-30 15:40:00,NSE:ZYDUSWELL,2141.0,2141.0,2141.0,2141.0,1.0
2021-08-02 09:05:00,NSE:ZYDUSWELL,2160.0,2160.0,2160.0,2160.0,289.0
2021-08-02 09:15:00,NSE:ZYDUSWELL,2165.0,2199.0,2165.0,2188.15,2651.0
2021-08-02 09:20:00,NSE:ZYDUSWELL,2190.0,2193.5,2183.0,2186.65,969.0
2021-08-02 09:25:00,NSE:ZYDUSWELL,2190.8,2190.8,2171.0,2171.0,1155.0
2021-08-02 09:30:00,NSE:ZYDUSWELL,2167.8,2175.0,2165.0,2169.5,1946.0
2021-08-02 09:35:00,NSE:ZYDUSWELL,2168.95,2172.95,2168.95,2171.0,236.0
2021-08-02 09:40:00,NSE:ZYDUSWELL,2174.0,2174.0,2169.0,2170.0,292.0
2021-08-02 09:45:00,NSE:ZYDUSWELL,2173.0,2173.0,2162.65,2162.7,609.0
2021-08-02 09:50:00,NSE:ZYDUSWELL,2165.8,2167.7,2163.2,2164.0,468.0
2021-08-02 09:55:00,NSE:ZYDUSWELL,2165.95,2167.6,2154.0,2156.3,424.0
2021-08-02 10:00:00,NSE:ZYDUSWELL,2154.85,2155.9,2145.05,2146.7,745.0
2021-08-02 10:05:00,NSE:ZYDUSWELL,2143.75,2148.7,2143.15,2145.0,227.0
2021-08-02 10:10:00,NSE:ZYDUSWELL,2142.45,2144.95,2141.05,2144.0,131.0
2021-08-02 10:15:00,NSE:ZYDUSWELL,2143.9,2144.95,2142.1,2144.1,173.0
2021-08-02 10:20:00,NSE:ZYDUSWELL,2142.3,2148.7,2141.85,2148.7,472.0
2021-08-02 10:25:00,NSE:ZYDUSWELL,2148.7,2148.75,2145.35,2147.8,106.0
2021-08-02 10:30:00,NSE:ZYDUSWELL,2146.25,2150.15,2143.55,2146.1,1137.0
2021-08-02 10:35:00,NSE:ZYDUSWELL,2146.15,2150.2,2146.15,2149.35,1640.0
2021-08-02 10:40:00,NSE:ZYDUSWELL,2146.25,2150.2,2145.0,2146.95,586.0
2021-08-02 10:45:00,NSE:ZYDUSWELL,2145.0,2146.5,2141.0,2145.0,411.0
2021-08-02 10:50:00,NSE:ZYDUSWELL,2143.3,2147.75,2143.3,2147.7,139.0
2021-08-02 10:55:00,NSE:ZYDUSWELL,2147.75,2147.75,2144.0,2144.0,157.0
2021-08-02 11:00:00,NSE:ZYDUSWELL,2144.0,2144.2,2144.0,2144.0,171.0
2021-08-02 11:05:00,NSE:ZYDUSWELL,2143.0,2149.5,2143.0,2149.4,451.0
2021-08-02 11:10:00,NSE:ZYDUSWELL,2146.05,2148.8,2136.05,2139.05,1180.0
2021-08-02 11:15:00,NSE:ZYDUSWELL,2138.95,2140.75,2135.05,2139.45,221.0
2021-08-02 11:20:00,NSE:ZYDUSWELL,2137.4,2148.3,2135.0,2144.35,1265.0
2021-08-02 11:25:00,NSE:ZYDUSWELL,2147.65,2149.05,2141.35,2144.4,101.0
2021-08-02 11:30:00,NSE:ZYDUSWELL,2143.75,2145.55,2142.0,2144.95,103.0
2021-08-02 11:35:00,NSE:ZYDUSWELL,2142.2,2145.0,2142.2,2142.3,72.0
2021-08-02 11:40:00,NSE:ZYDUSWELL,2142.3,2144.7,2141.5,2143.9,36.0
2021-08-02 11:45:00,NSE:ZYDUSWELL,2145.0,2145.0,2137.25,2139.9,309.0
2021-08-02 11:50:00,NSE:ZYDUSWELL,2137.45,2139.95,2135.6,2138.75,158.0
2021-08-02 11:55:00,NSE:ZYDUSWELL,2141.85,2143.0,2137.8,2142.8,144.0
2021-08-02 12:00:00,NSE:ZYDUSWELL,2140.75,2143.0,2136.75,2138.0,147.0
2021-08-02 12:05:00,NSE:ZYDUSWELL,2138.0,2140.0,2138.0,2139.95,165.0
2021-08-02 12:10:00,NSE:ZYDUSWELL,2137.4,2141.0,2135.05,2141.0,191.0
2021-08-02 12:15:00,NSE:ZYDUSWELL,2140.25,2142.5,2140.0,2140.0,150.0
2021-08-02 12:20:00,NSE:ZYDUSWELL,2140.0,2147.75,2140.0,2147.75,348.0
2021-08-02 12:25:00,NSE:ZYDUSWELL,2147.7,2150.25,2145.0,2145.0,442.0
2021-08-02 12:30:00,NSE:ZYDUSWELL,2145.0,2147.6,2145.0,2147.0,157.0
2021-08-02 12:35:00,NSE:ZYDUSWELL,2145.0,2147.0,2145.0,2147.0,91.0
2021-08-02 12:40:00,NSE:ZYDUSWELL,2146.0,2147.0,2145.0,2145.1,253.0
2021-08-02 12:45:00,NSE:ZYDUSWELL,2145.0,2151.0,2145.0,2151.0,475.0
2021-08-02 12:50:00,NSE:ZYDUSWELL,2155.0,2163.55,2152.65,2155.85,1184.0
2021-08-02 12:55:00,NSE:ZYDUSWELL,2155.75,2159.3,2145.3,2145.4,242.0
2021-08-02 13:00:00,NSE:ZYDUSWELL,2145.25,2147.9,2145.0,2147.9,99.0
2021-08-02 13:05:00,NSE:ZYDUSWELL,2145.05,2148.4,2145.0,2148.4,78.0
2021-08-02 13:10:00,NSE:ZYDUSWELL,2148.7,2149.6,2148.2,2148.2,19.0
2021-08-02 13:15:00,NSE:ZYDUSWELL,2148.9,2155.85,2148.0,2155.85,436.0
2021-08-02 13:20:00,NSE:ZYDUSWELL,2155.7,2183.25,2155.0,2174.2,3722.0
2021-08-02 13:25:00,NSE:ZYDUSWELL,2170.9,2175.25,2170.9,2171.55,77.0
2021-08-02 13:30:00,NSE:ZYDUSWELL,2171.55,2172.15,2171.5,2171.5,72.0
2021-08-02 13:35:00,NSE:ZYDUSWELL,2171.5,2175.9,2170.4,2170.4,269.0
2021-08-02 13:40:00,NSE:ZYDUSWELL,2168.05,2171.45,2161.75,2171.45,465.0
2021-08-02 13:45:00,NSE:ZYDUSWELL,2176.1,2180.0,2157.75,2157.75,820.0
2021-08-02 13:50:00,NSE:ZYDUSWELL,2158.2,2160.4,2158.2,2160.0,187.0
2021-08-02 13:55:00,NSE:ZYDUSWELL,2157.8,2164.0,2157.8,2161.25,249.0
2021-08-02 14:00:00,NSE:ZYDUSWELL,2161.0,2171.8,2161.0,2169.4,122.0
2021-08-02 14:05:00,NSE:ZYDUSWELL,2168.85,2169.85,2168.85,2169.85,123.0
2021-08-02 14:10:00,NSE:ZYDUSWELL,2167.15,2169.0,2167.0,2167.0,82.0
2021-08-02 14:15:00,NSE:ZYDUSWELL,2167.0,2168.0,2166.0,2166.0,175.0
2021-08-02 14:20:00,NSE:ZYDUSWELL,2166.0,2167.95,2166.0,2167.95,148.0
2021-08-02 14:25:00,NSE:ZYDUSWELL,2166.05,2169.2,2166.05,2167.35,151.0
2021-08-02 14:30:00,NSE:ZYDUSWELL,2169.0,2169.0,2168.0,2168.65,220.0
2021-08-02 14:35:00,NSE:ZYDUSWELL,2169.8,2169.85,2165.0,2165.1,243.0
2021-08-02 14:40:00,NSE:ZYDUSWELL,2165.1,2169.6,2165.1,2169.6,33.0
2021-08-02 14:45:00,NSE:ZYDUSWELL,2169.05,2169.1,2163.05,2166.2,198.0
2021-08-02 14:50:00,NSE:ZYDUSWELL,2164.6,2168.3,2164.6,2166.15,163.0
2021-08-02 14:55:00,NSE:ZYDUSWELL,2166.15,2169.0,2163.25,2163.25,170.0
2021-08-02 15:00:00,NSE:ZYDUSWELL,2166.0,2168.25,2162.0,2162.0,116.0
2021-08-02 15:05:00,NSE:ZYDUSWELL,2164.0,2164.45,2162.05,2164.45,75.0
2021-08-02 15:10:00,NSE:ZYDUSWELL,2168.0,2185.0,2166.65,2182.8,1210.0
2021-08-02 15:15:00,NSE:ZYDUSWELL,2182.8,2183.0,2173.15,2173.2,413.0
2021-08-02 15:20:00,NSE:ZYDUSWELL,2173.2,2179.95,2172.95,2174.7,279.0
2021-08-02 15:25:00,NSE:ZYDUSWELL,2177.9,2190.0,2175.05,2175.75,732.0
2021-08-02 15:40:00,NSE:ZYDUSWELL,2178.2,2178.2,2178.2,2178.2,4.0
2021-08-03 09:05:00,NSE:ZYDUSWELL,2193.4,2193.4,2193.4,2193.4,55.0
2021-08-03 09:15:00,NSE:ZYDUSWELL,2181.35,2189.95,2178.0,2178.1,380.0
2021-08-03 09:20:00,NSE:ZYDUSWELL,2180.3,2180.5,2177.9,2177.9,108.0
2021-08-03 09:25:00,NSE:ZYDUSWELL,2172.25,2174.3,2163.0,2171.65,225.0
2021-08-03 09:30:00,NSE:ZYDUSWELL,2171.8,2177.25,2171.8,2172.8,31.0
2021-08-03 09:35:00,NSE:ZYDUSWELL,2174.15,2177.95,2168.0,2168.0,230.0
2021-08-03 09:40:00,NSE:ZYDUSWELL,2168.0,2168.55,2164.75,2168.55,84.0
2021-08-03 09:45:00,NSE:ZYDUSWELL,2168.55,2170.0,2166.5,2166.5,66.0
2021-08-03 09:50:00,NSE:ZYDUSWELL,2166.5,2169.1,2165.0,2169.1,137.0
2021-08-03 09:55:00,NSE:ZYDUSWELL,2169.95,2178.0,2169.1,2177.0,310.0
2021-08-03 10:00:00,NSE:ZYDUSWELL,2177.0,2177.0,2167.55,2167.55,266.0
2021-08-03 10:05:00,NSE:ZYDUSWELL,2167.1,2180.0,2167.1,2176.55,333.0
2021-08-03 10:10:00,NSE:ZYDUSWELL,2178.1,2183.55,2175.2,2183.55,298.0
2021-08-03 10:15:00,NSE:ZYDUSWELL,2185.0,2190.0,2180.65,2187.2,291.0
2021-08-03 10:20:00,NSE:ZYDUSWELL,2187.2,2187.2,2182.05,2182.1,59.0
2021-08-03 10:25:00,NSE:ZYDUSWELL,2182.1,2187.05,2182.05,2183.45,143.0
2021-08-03 10:30:00,NSE:ZYDUSWELL,2182.3,2184.05,2182.0,2184.05,86.0
2021-08-03 10:35:00,NSE:ZYDUSWELL,2184.9,2186.9,2182.85,2185.1,86.0
2021-08-03 10:40:00,NSE:ZYDUSWELL,2185.1,2187.0,2185.1,2185.6,27.0
2021-08-03 10:45:00,NSE:ZYDUSWELL,2185.6,2185.6,2184.5,2184.5,153.0
2021-08-03 10:50:00,NSE:ZYDUSWELL,2185.0,2185.0,2181.8,2181.8,36.0
2021-08-03 10:55:00,NSE:ZYDUSWELL,2181.2,2181.2,2175.0,2179.45,154.0
2021-08-03 11:00:00,NSE:ZYDUSWELL,2179.8,2179.8,2172.45,2174.95,146.0
2021-08-03 11:05:00,NSE:ZYDUSWELL,2176.4,2177.95,2172.1,2172.1,37.0
2021-08-03 11:10:00,NSE:ZYDUSWELL,2172.0,2173.25,2170.0,2170.05,455.0
2021-08-03 11:15:00,NSE:ZYDUSWELL,2170.05,2170.55,2167.0,2167.0,203.0
2021-08-03 11:20:00,NSE:ZYDUSWELL,2166.15,2166.15,2162.8,2163.0,256.0
2021-08-03 11:25:00,NSE:ZYDUSWELL,2162.45,2170.95,2162.45,2170.95,111.0
2021-08-03 11:30:00,NSE:ZYDUSWELL,2170.05,2170.05,2162.0,2166.8,100.0
2021-08-03 11:35:00,NSE:ZYDUSWELL,2166.8,2170.05,2158.0,2160.0,386.0
2021-08-03 11:40:00,NSE:ZYDUSWELL,2155.25,2163.45,2155.0,2158.0,257.0
2021-08-03 11:45:00,NSE:ZYDUSWELL,2158.7,2175.0,2158.7,2171.6,209.0
2021-08-03 11:50:00,NSE:ZYDUSWELL,2171.75,2172.5,2170.65,2171.75,21.0
2021-08-03 11:55:00,NSE:ZYDUSWELL,2170.95,2170.95,2170.0,2170.15,52.0
2021-08-03 12:00:00,NSE:ZYDUSWELL,2170.0,2170.15,2170.0,2170.0,19.0
2021-08-03 12:05:00,NSE:ZYDUSWELL,2170.05,2171.15,2170.0,2170.0,151.0
2021-08-03 12:10:00,NSE:ZYDUSWELL,2170.0,2172.0,2170.0,2170.0,186.0
2021-08-03 12:15:00,NSE:ZYDUSWELL,2170.0,2177.0,2170.0,2172.6,335.0
2021-08-03 12:20:00,NSE:ZYDUSWELL,2171.75,2180.35,2171.75,2177.3,355.0
2021-08-03 12:25:00,NSE:ZYDUSWELL,2177.2,2177.95,2175.0,2175.0,188.0
2021-08-03 12:30:00,NSE:ZYDUSWELL,2175.0,2175.0,2170.9,2172.65,90.0
2021-08-03 12:35:00,NSE:ZYDUSWELL,2172.5,2172.5,2170.05,2170.5,76.0
2021-08-03 12:40:00,NSE:ZYDUSWELL,2170.0,2180.0,2170.0,2179.55,132.0
2021-08-03 12:45:00,NSE:ZYDUSWELL,2179.8,2179.85,2176.6,2176.6,26.0
2021-08-03 12:50:00,NSE:ZYDUSWELL,2175.25,2175.25,2172.0,2172.0,93.0
2021-08-03 12:55:00,NSE:ZYDUSWELL,2172.0,2173.75,2170.15,2172.6,186.0
2021-08-03 13:00:00,NSE:ZYDUSWELL,2171.75,2173.75,2169.1,2173.75,219.0
2021-08-03 13:05:00,NSE:ZYDUSWELL,2171.1,2177.95,2171.1,2173.7,259.0
2021-08-03 13:10:00,NSE:ZYDUSWELL,2172.0,2174.4,2170.3,2174.4,45.0
2021-08-03 13:15:00,NSE:ZYDUSWELL,2173.65,2174.4,2172.15,2174.05,17.0
2021-08-03 13:20:00,NSE:ZYDUSWELL,2172.55,2176.0,2172.55,2176.0,33.0
2021-08-03 13:25:00,NSE:ZYDUSWELL,2177.0,2177.8,2174.9,2177.75,53.0
2021-08-03 13:30:00,NSE:ZYDUSWELL,2177.0,2177.0,2176.9,2176.9,38.0
2021-08-03 13:35:00,NSE:ZYDUSWELL,2175.0,2175.0,2173.4,2174.8,11.0
2021-08-03 13:40:00,NSE:ZYDUSWELL,2172.05,2177.0,2171.5,2177.0,123.0
2021-08-03 13:45:00,NSE:ZYDUSWELL,2177.95,2177.95,2177.15,2177.15,31.0
2021-08-03 13:50:00,NSE:ZYDUSWELL,2174.75,2178.0,2173.65,2175.2,131.0
2021-08-03 13:55:00,NSE:ZYDUSWELL,2175.3,2176.75,2172.7,2176.15,49.0
2021-08-03 14:00:00,NSE:ZYDUSWELL,2174.15,2193.0,2174.15,2190.05,821.0
2021-08-03 14:05:00,NSE:ZYDUSWELL,2190.05,2193.4,2190.05,2192.0,157.0
2021-08-03 14:10:00,NSE:ZYDUSWELL,2190.35,2193.45,2190.0,2191.6,585.0
2021-08-03 14:15:00,NSE:ZYDUSWELL,2190.15,2192.95,2190.0,2191.9,44.0
2021-08-03 14:20:00,NSE:ZYDUSWELL,2190.0,2193.0,2190.0,2192.95,133.0
2021-08-03 14:25:00,NSE:ZYDUSWELL,2191.1,2191.6,2190.0,2190.1,154.0
2021-08-03 14:30:00,NSE:ZYDUSWELL,2191.0,2222.2,2191.0,2213.95,4242.0
2021-08-03 14:35:00,NSE:ZYDUSWELL,2211.0,2211.0,2205.0,2206.0,680.0
2021-08-03 14:40:00,NSE:ZYDUSWELL,2206.0,2207.2,2206.0,2206.95,107.0
2021-08-03 14:45:00,NSE:ZYDUSWELL,2207.0,2207.0,2194.3,2194.3,545.0
2021-08-03 14:50:00,NSE:ZYDUSWELL,2194.0,2196.2,2190.0,2190.05,273.0
2021-08-03 14:55:00,NSE:ZYDUSWELL,2192.75,2192.75,2185.0,2188.9,409.0
2021-08-03 15:00:00,NSE:ZYDUSWELL,2187.65,2191.1,2186.1,2186.55,86.0
2021-08-03 15:05:00,NSE:ZYDUSWELL,2186.55,2216.95,2183.9,2215.05,1103.0
2021-08-03 15:10:00,NSE:ZYDUSWELL,2215.05,2229.0,2209.95,2227.9,5988.0
2021-08-03 15:15:00,NSE:ZYDUSWELL,2227.95,2235.0,2225.25,2234.15,4877.0
2021-08-03 15:20:00,NSE:ZYDUSWELL,2232.45,2259.8,2232.45,2259.8,10090.0
2021-08-03 15:25:00,NSE:ZYDUSWELL,2259.8,2268.0,2250.2,2250.2,7165.0
2021-08-03 15:45:00,NSE:ZYDUSWELL,2240.75,2240.75,2240.75,2240.75,2.0
2021-08-04 09:05:00,NSE:ZYDUSWELL,2265.0,2265.0,2265.0,2265.0,187.0
2021-08-04 09:15:00,NSE:ZYDUSWELL,2265.0,2268.0,2241.0,2245.1,998.0
2021-08-04 09:20:00,NSE:ZYDUSWELL,2250.0,2250.0,2226.0,2229.35,1042.0
2021-08-04 09:25:00,NSE:ZYDUSWELL,2229.15,2242.0,2221.45,2242.0,548.0
2021-08-04 09:30:00,NSE:ZYDUSWELL,2242.9,2249.95,2235.0,2235.0,678.0
2021-08-04 09:35:00,NSE:ZYDUSWELL,2235.05,2242.95,2235.05,2242.0,279.0
2021-08-04 09:40:00,NSE:ZYDUSWELL,2241.6,2248.15,2237.55,2245.15,425.0
2021-08-04 09:45:00,NSE:ZYDUSWELL,2243.25,2243.25,2237.05,2237.45,329.0
2021-08-04 09:50:00,NSE:ZYDUSWELL,2237.0,2237.0,2236.5,2236.5,202.0
2021-08-04 09:55:00,NSE:ZYDUSWELL,2236.5,2239.0,2236.5,2236.6,67.0
2021-08-04 10:00:00,NSE:ZYDUSWELL,2236.6,2240.1,2236.3,2239.75,255.0
2021-08-04 10:05:00,NSE:ZYDUSWELL,2242.0,2242.05,2238.0,2239.85,398.0
2021-08-04 10:10:00,NSE:ZYDUSWELL,2237.65,2238.5,2235.05,2235.05,103.0
2021-08-04 10:15:00,NSE:ZYDUSWELL,2235.1,2237.25,2235.1,2237.0,30.0
2021-08-04 10:20:00,NSE:ZYDUSWELL,2237.0,2237.0,2235.0,2235.0,296.0
2021-08-04 10:25:00,NSE:ZYDUSWELL,2235.0,2238.9,2235.0,2238.25,177.0
2021-08-04 10:30:00,NSE:ZYDUSWELL,2238.95,2239.75,2235.7,2235.7,93.0
2021-08-04 10:35:00,NSE:ZYDUSWELL,2235.75,2238.0,2235.0,2236.35,108.0
2021-08-04 10:40:00,NSE:ZYDUSWELL,2236.0,2236.0,2235.0,2235.0,380.0
2021-08-04 10:45:00,NSE:ZYDUSWELL,2235.0,2235.0,2231.0,2232.45,88.0
2021-08-04 10:50:00,NSE:ZYDUSWELL,2232.0,2232.0,2230.2,2230.25,76.0
2021-08-04 10:55:00,NSE:ZYDUSWELL,2230.25,2231.85,2225.0,2227.25,335.0
2021-08-04 11:00:00,NSE:ZYDUSWELL,2229.95,2230.15,2227.5,2227.5,42.0
2021-08-04 11:05:00,NSE:ZYDUSWELL,2230.95,2231.45,2226.2,2229.25,98.0
2021-08-04 11:10:00,NSE:ZYDUSWELL,2229.25,2233.8,2229.25,2233.75,277.0
2021-08-04 11:15:00,NSE:ZYDUSWELL,2235.85,2238.0,2230.95,2238.0,426.0
2021-08-04 11:20:00,NSE:ZYDUSWELL,2238.0,2238.0,2225.8,2225.8,573.0
2021-08-04 11:25:00,NSE:ZYDUSWELL,2225.0,2228.4,2225.0,2228.1,234.0
2021-08-04 11:30:00,NSE:ZYDUSWELL,2229.35,2234.2,2225.0,2234.0,170.0
2021-08-04 11:35:00,NSE:ZYDUSWELL,2235.0,2240.0,2235.0,2239.2,245.0
2021-08-04 11:40:00,NSE:ZYDUSWELL,2240.3,2242.4,2240.0,2240.3,345.0
2021-08-04 11:45:00,NSE:ZYDUSWELL,2240.3,2241.35,2236.0,2238.0,181.0
2021-08-04 11:50:00,NSE:ZYDUSWELL,2235.05,2239.6,2235.05,2238.0,166.0
2021-08-04 11:55:00,NSE:ZYDUSWELL,2238.0,2240.0,2236.8,2236.8,717.0
2021-08-04 12:00:00,NSE:ZYDUSWELL,2235.05,2236.8,2235.0,2235.0,128.0
2021-08-04 12:05:00,NSE:ZYDUSWELL,2235.0,2241.8,2235.0,2236.05,175.0
2021-08-04 12:10:00,NSE:ZYDUSWELL,2236.05,2240.5,2236.0,2236.4,153.0
2021-08-04 12:15:00,NSE:ZYDUSWELL,2237.0,2243.0,2237.0,2238.85,163.0
2021-08-04 12:20:00,NSE:ZYDUSWELL,2238.15,2242.55,2233.95,2235.2,584.0
2021-08-04 12:25:00,NSE:ZYDUSWELL,2235.2,2245.05,2235.2,2243.0,645.0
2021-08-04 12:30:00,NSE:ZYDUSWELL,2233.55,2241.85,2233.55,2237.6,207.0
2021-08-04 12:35:00,NSE:ZYDUSWELL,2236.9,2240.2,2236.7,2238.2,206.0
2021-08-04 12:40:00,NSE:ZYDUSWELL,2238.25,2238.5,2238.25,2238.5,2.0
2021-08-04 12:45:00,NSE:ZYDUSWELL,2241.2,2242.5,2240.25,2242.5,210.0
2021-08-04 12:50:00,NSE:ZYDUSWELL,2242.5,2244.0,2240.55,2241.0,72.0
2021-08-04 12:55:00,NSE:ZYDUSWELL,2240.85,2242.5,2239.0,2239.75,267.0
2021-08-04 13:00:00,NSE:ZYDUSWELL,2240.1,2240.6,2225.5,2225.5,3893.0
2021-08-04 13:05:00,NSE:ZYDUSWELL,2227.0,2232.45,2227.0,2230.0,187.0
2021-08-04 13:10:00,NSE:ZYDUSWELL,2230.0,2234.0,2230.0,2230.2,164.0
2021-08-04 13:15:00,NSE:ZYDUSWELL,2233.7,2234.55,2232.1,2232.25,17.0
2021-08-04 13:20:00,NSE:ZYDUSWELL,2232.1,2234.9,2230.0,2230.15,160.0
2021-08-04 13:25:00,NSE:ZYDUSWELL,2230.0,2230.0,2229.45,2229.95,335.0
2021-08-04 13:30:00,NSE:ZYDUSWELL,2232.75,2232.75,2230.0,2230.0,99.0
2021-08-04 13:35:00,NSE:ZYDUSWELL,2230.0,2232.3,2226.05,2226.05,135.0
2021-08-04 13:40:00,NSE:ZYDUSWELL,2225.15,2227.75,2225.15,2225.85,110.0
2021-08-04 13:45:00,NSE:ZYDUSWELL,2225.85,2236.65,2225.8,2236.65,258.0
2021-08-04 13:50:00,NSE:ZYDUSWELL,2233.0,2242.4,2230.5,2242.4,431.0
2021-08-04 13:55:00,NSE:ZYDUSWELL,2237.45,2240.0,2230.15,2237.5,247.0
2021-08-04 14:00:00,NSE:ZYDUSWELL,2237.15,2241.5,2233.15,2236.5,95.0
2021-08-04 14:05:00,NSE:ZYDUSWELL,2234.0,2241.7,2234.0,2239.6,331.0
2021-08-04 14:10:00,NSE:ZYDUSWELL,2238.65,2242.5,2238.65,2242.5,65.0
2021-08-04 14:15:00,NSE:ZYDUSWELL,2240.05,2242.35,2240.0,2242.35,278.0
2021-08-04 14:20:00,NSE:ZYDUSWELL,2240.05,2241.0,2237.15,2238.0,118.0
2021-08-04 14:25:00,NSE:ZYDUSWELL,2238.0,2238.05,2237.45,2238.05,77.0
2021-08-04 14:30:00,NSE:ZYDUSWELL,2238.0,2240.9,2238.0,2240.9,187.0
2021-08-04 14:35:00,NSE:ZYDUSWELL,2238.0,2239.95,2236.1,2236.5,215.0
2021-08-04 14:40:00,NSE:ZYDUSWELL,2236.3,2241.85,2236.2,2240.0,538.0
2021-08-04 14:45:00,NSE:ZYDUSWELL,2240.0,2240.0,2237.3,2240.0,279.0
2021-08-04 14:50:00,NSE:ZYDUSWELL,2240.0,2241.45,2240.0,2241.45,294.0
2021-08-04 14:55:00,NSE:ZYDUSWELL,2241.5,2242.95,2240.0,2240.95,490.0
2021-08-04 15:00:00,NSE:ZYDUSWELL,2241.0,2241.0,2240.0,2240.05,616.0
2021-08-04 15:05:00,NSE:ZYDUSWELL,2241.0,2243.7,2240.0,2243.7,299.0
2021-08-04 15:10:00,NSE:ZYDUSWELL,2243.5,2246.9,2241.3,2241.3,481.0
2021-08-04 15:15:00,NSE:ZYDUSWELL,2241.35,2244.95,2240.05,2240.2,216.0
2021-08-04 15:20:00,NSE:ZYDUSWELL,2242.0,2289.0,2242.0,2289.0,9829.0
2021-08-04 15:25:00,NSE:ZYDUSWELL,2287.25,2301.0,2285.0,2297.1,16910.0
2021-08-04 15:30:00,NSE:ZYDUSWELL,2297.0,2297.0,2297.0,2297.0,35.0
2021-08-04 15:40:00,NSE:ZYDUSWELL,2282.85,2297.0,2282.85,2297.0,500.0
2021-08-05 09:05:00,NSE:ZYDUSWELL,2284.9,2284.9,2284.9,2284.9,71.0
2021-08-05 09:15:00,NSE:ZYDUSWELL,2290.0,2290.0,2266.65,2272.2,2227.0
2021-08-05 09:20:00,NSE:ZYDUSWELL,2272.05,2275.15,2261.4,2261.4,1079.0
2021-08-05 09:25:00,NSE:ZYDUSWELL,2263.0,2267.05,2242.8,2244.95,1452.0
2021-08-05 09:30:00,NSE:ZYDUSWELL,2246.95,2247.25,2240.0,2242.0,1160.0
2021-08-05 09:35:00,NSE:ZYDUSWELL,2242.5,2252.7,2241.0,2251.45,630.0
2021-08-05 09:40:00,NSE:ZYDUSWELL,2256.75,2260.0,2255.0,2256.4,457.0
2021-08-05 09:45:00,NSE:ZYDUSWELL,2256.4,2264.35,2255.6,2264.35,408.0
2021-08-05 09:50:00,NSE:ZYDUSWELL,2266.0,2266.0,2258.05,2261.0,463.0
2021-08-05 09:55:00,NSE:ZYDUSWELL,2262.0,2264.95,2257.7,2257.7,775.0
2021-08-05 10:00:00,NSE:ZYDUSWELL,2255.0,2257.1,2252.0,2252.0,248.0
2021-08-05 10:05:00,NSE:ZYDUSWELL,2250.05,2252.95,2250.0,2252.0,207.0
2021-08-05 10:10:00,NSE:ZYDUSWELL,2251.9,2251.9,2247.0,2247.0,266.0
2021-08-05 10:15:00,NSE:ZYDUSWELL,2247.15,2254.6,2247.15,2254.6,386.0
2021-08-05 10:20:00,NSE:ZYDUSWELL,2255.0,2258.2,2252.0,2252.0,90.0
2021-08-05 10:25:00,NSE:ZYDUSWELL,2252.0,2252.4,2249.0,2249.0,135.0
2021-08-05 10:30:00,NSE:ZYDUSWELL,2247.5,2248.45,2245.7,2248.1,329.0
2021-08-05 10:35:00,NSE:ZYDUSWELL,2247.5,2247.5,2246.9,2247.0,14.0
2021-08-05 10:40:00,NSE:ZYDUSWELL,2247.0,2250.0,2247.0,2247.05,104.0
2021-08-05 10:45:00,NSE:ZYDUSWELL,2247.0,2249.3,2247.0,2249.3,58.0
2021-08-05 10:50:00,NSE:ZYDUSWELL,2248.0,2248.0,2245.0,2246.5,101.0
2021-08-05 10:55:00,NSE:ZYDUSWELL,2245.0,2245.0,2244.0,2244.2,322.0
2021-08-05 11:00:00,NSE:ZYDUSWELL,2244.0,2245.95,2244.0,2244.3,29.0
2021-08-05 11:05:00,NSE:ZYDUSWELL,2244.5,2244.5,2240.1,2240.1,282.0
2021-08-05 11:10:00,NSE:ZYDUSWELL,2240.0,2241.45,2240.0,2240.0,152.0
2021-08-05 11:15:00,NSE:ZYDUSWELL,2240.0,2244.5,2240.0,2240.15,240.0
2021-08-05 11:20:00,NSE:ZYDUSWELL,2240.2,2243.8,2240.15,2242.45,94.0
2021-08-05 11:25:00,NSE:ZYDUSWELL,2240.15,2245.45,2240.1,2244.75,99.0
2021-08-05 11:30:00,NSE:ZYDUSWELL,2240.4,2253.95,2240.4,2253.95,665.0
2021-08-05 11:35:00,NSE:ZYDUSWELL,2253.0,2253.0,2242.2,2247.0,182.0
2021-08-05 11:40:00,NSE:ZYDUSWELL,2247.0,2247.0,2243.4,2247.0,71.0
2021-08-05 11:45:00,NSE:ZYDUSWELL,2243.95,2247.0,2243.95,2246.1,167.0
2021-08-05 11:50:00,NSE:ZYDUSWELL,2246.05,2256.0,2246.0,2251.05,406.0
2021-08-05 11:55:00,NSE:ZYDUSWELL,2249.6,2251.0,2245.5,2251.0,210.0
2021-08-05 12:00:00,NSE:ZYDUSWELL,2251.4,2251.4,2244.05,2244.05,121.0
2021-08-05 12:05:00,NSE:ZYDUSWELL,2244.85,2244.85,2243.95,2244.0,28.0
2021-08-05 12:10:00,NSE:ZYDUSWELL,2244.0,2252.0,2244.0,2252.0,264.0
2021-08-05 12:15:00,NSE:ZYDUSWELL,2248.15,2250.85,2248.15,2250.4,50.0
2021-08-05 12:20:00,NSE:ZYDUSWELL,2248.35,2250.4,2248.35,2250.4,35.0
2021-08-05 12:25:00,NSE:ZYDUSWELL,2250.7,2254.95,2250.4,2251.25,172.0
2021-08-05 12:30:00,NSE:ZYDUSWELL,2250.9,2255.95,2250.4,2252.45,190.0
2021-08-05 12:35:00,NSE:ZYDUSWELL,2253.8,2256.5,2253.65,2253.65,95.0
2021-08-05 12:40:00,NSE:ZYDUSWELL,2253.65,2254.35,2253.65,2253.65,14.0
2021-08-05 12:45:00,NSE:ZYDUSWELL,2253.65,2260.0,2252.5,2252.65,581.0
2021-08-05 12:50:00,NSE:ZYDUSWELL,2251.6,2256.05,2251.4,2256.0,157.0
2021-08-05 12:55:00,NSE:ZYDUSWELL,2253.2,2262.9,2253.15,2260.0,306.0
2021-08-05 13:00:00,NSE:ZYDUSWELL,2256.1,2256.3,2252.1,2253.1,38.0
2021-08-05 13:05:00,NSE:ZYDUSWELL,2256.0,2256.0,2252.45,2252.6,76.0
2021-08-05 13:10:00,NSE:ZYDUSWELL,2256.0,2260.2,2256.0,2259.0,274.0
2021-08-05 13:15:00,NSE:ZYDUSWELL,2259.15,2260.05,2256.05,2257.55,257.0
2021-08-05 13:20:00,NSE:ZYDUSWELL,2256.65,2256.65,2253.25,2254.3,23.0
2021-08-05 13:25:00,NSE:ZYDUSWELL,2257.85,2257.85,2251.0,2251.0,240.0
2021-08-05 13:30:00,NSE:ZYDUSWELL,2251.35,2251.35,2250.0,2251.1,31.0
2021-08-05 13:35:00,NSE:ZYDUSWELL,2251.15,2251.15,2249.35,2250.0,78.0
2021-08-05 13:40:00,NSE:ZYDUSWELL,2250.0,2250.0,2249.0,2249.0,23.0
2021-08-05 13:45:00,NSE:ZYDUSWELL,2255.15,2257.35,2253.9,2255.35,119.0
2021-08-05 13:50:00,NSE:ZYDUSWELL,2256.65,2256.65,2250.05,2250.05,15.0
2021-08-05 13:55:00,NSE:ZYDUSWELL,2250.15,2254.15,2249.2,2253.15,29.0
2021-08-05 14:00:00,NSE:ZYDUSWELL,2256.5,2256.55,2253.75,2253.75,21.0
2021-08-05 14:05:00,NSE:ZYDUSWELL,2253.15,2253.9,2251.8,2253.65,112.0
2021-08-05 14:10:00,NSE:ZYDUSWELL,2254.4,2254.4,2251.4,2251.8,58.0
2021-08-05 14:15:00,NSE:ZYDUSWELL,2251.65,2259.5,2251.65,2254.9,118.0
2021-08-05 14:20:00,NSE:ZYDUSWELL,2254.9,2257.3,2252.2,2252.2,87.0
2021-08-05 14:25:00,NSE:ZYDUSWELL,2254.9,2256.45,2253.6,2255.05,39.0
2021-08-05 14:30:00,NSE:ZYDUSWELL,2253.15,2255.95,2252.6,2253.9,46.0
2021-08-05 14:35:00,NSE:ZYDUSWELL,2253.9,2255.95,2253.3,2255.95,100.0
2021-08-05 14:40:00,NSE:ZYDUSWELL,2258.75,2258.75,2255.0,2255.0,163.0
2021-08-05 14:45:00,NSE:ZYDUSWELL,2254.9,2258.45,2254.8,2254.8,62.0
2021-08-05 14:50:00,NSE:ZYDUSWELL,2255.0,2258.0,2254.25,2254.75,126.0
2021-08-05 14:55:00,NSE:ZYDUSWELL,2253.95,2257.0,2253.3,2257.0,209.0
2021-08-05 15:00:00,NSE:ZYDUSWELL,2254.9,2257.0,2246.75,2249.35,358.0
2021-08-05 15:05:00,NSE:ZYDUSWELL,2248.95,2250.0,2246.0,2246.0,194.0
2021-08-05 15:10:00,NSE:ZYDUSWELL,2246.65,2260.0,2246.65,2259.75,650.0
2021-08-05 15:15:00,NSE:ZYDUSWELL,2257.75,2258.9,2246.0,2248.55,313.0
2021-08-05 15:20:00,NSE:ZYDUSWELL,2248.8,2254.0,2247.15,2247.15,716.0
2021-08-05 15:25:00,NSE:ZYDUSWELL,2250.05,2252.8,2245.0,2245.0,994.0
2021-08-05 15:40:00,NSE:ZYDUSWELL,2250.55,2250.55,2250.55,2250.55,2.0
2021-08-06 09:05:00,NSE:ZYDUSWELL,2231.05,2231.05,2231.05,2231.05,102.0
2021-08-06 09:15:00,NSE:ZYDUSWELL,2248.5,2248.55,2242.3,2243.0,143.0
2021-08-06 09:20:00,NSE:ZYDUSWELL,2243.1,2243.1,2235.6,2235.6,256.0
2021-08-06 09:25:00,NSE:ZYDUSWELL,2238.95,2238.95,2235.0,2235.05,62.0
2021-08-06 09:30:00,NSE:ZYDUSWELL,2235.0,2239.0,2235.0,2239.0,36.0
2021-08-06 09:35:00,NSE:ZYDUSWELL,2236.4,2237.7,2236.0,2237.55,93.0
2021-08-06 09:40:00,NSE:ZYDUSWELL,2235.5,2237.55,2235.0,2235.55,187.0
2021-08-06 09:45:00,NSE:ZYDUSWELL,2235.55,2238.95,2235.5,2238.95,78.0
2021-08-06 09:50:00,NSE:ZYDUSWELL,2236.3,2238.2,2235.0,2235.9,214.0
2021-08-06 09:55:00,NSE:ZYDUSWELL,2235.1,2238.1,2235.1,2235.6,41.0
2021-08-06 10:00:00,NSE:ZYDUSWELL,2235.6,2237.85,2225.05,2227.7,397.0
2021-08-06 10:05:00,NSE:ZYDUSWELL,2226.3,2228.25,2225.0,2225.0,341.0
2021-08-06 10:10:00,NSE:ZYDUSWELL,2228.1,2228.6,2225.05,2228.6,47.0
2021-08-06 10:15:00,NSE:ZYDUSWELL,2225.05,2229.15,2225.05,2227.3,177.0
2021-08-06 10:20:00,NSE:ZYDUSWELL,2227.3,2229.3,2227.3,2227.75,19.0
2021-08-06 10:25:00,NSE:ZYDUSWELL,2227.75,2228.3,2226.0,2227.75,130.0
2021-08-06 10:30:00,NSE:ZYDUSWELL,2227.7,2227.7,2225.5,2225.6,152.0
2021-08-06 10:35:00,NSE:ZYDUSWELL,2225.6,2227.2,2225.6,2227.2,10.0
2021-08-06 10:40:00,NSE:ZYDUSWELL,2225.6,2228.75,2225.6,2228.75,25.0
2021-08-06 10:45:00,NSE:ZYDUSWELL,2229.3,2233.7,2225.05,2233.7,475.0
2021-08-06 10:50:00,NSE:ZYDUSWELL,2230.35,2231.4,2226.05,2231.0,56.0
2021-08-06 10:55:00,NSE:ZYDUSWELL,2229.25,2233.95,2229.25,2233.95,42.0
2021-08-06 11:00:00,NSE:ZYDUSWELL,2233.95,2233.95,2231.85,2233.2,17.0
2021-08-06 11:05:00,NSE:ZYDUSWELL,2233.75,2234.9,2230.25,2230.25,130.0
2021-08-06 11:10:00,NSE:ZYDUSWELL,2228.05,2232.95,2228.05,2230.0,48.0
2021-08-06 11:15:00,NSE:ZYDUSWELL,2230.1,2232.25,2227.9,2229.6,48.0
2021-08-06 11:20:00,NSE:ZYDUSWELL,2232.35,2232.35,2230.05,2232.15,8.0
2021-08-06 11:25:00,NSE:ZYDUSWELL,2230.0,2234.3,2230.0,2234.2,83.0
2021-08-06 11:30:00,NSE:ZYDUSWELL,2234.8,2234.8,2231.65,2234.2,31.0
2021-08-06 11:35:00,NSE:ZYDUSWELL,2231.85,2233.05,2230.45,2230.45,25.0
2021-08-06 11:40:00,NSE:ZYDUSWELL,2232.95,2236.0,2231.65,2231.65,216.0
2021-08-06 11:45:00,NSE:ZYDUSWELL,2233.9,2236.65,2233.9,2236.65,57.0
2021-08-06 11:50:00,NSE:ZYDUSWELL,2237.95,2240.0,2237.85,2240.0,235.0
2021-08-06 11:55:00,NSE:ZYDUSWELL,2236.5,2244.15,2236.5,2244.15,75.0
2021-08-06 12:00:00,NSE:ZYDUSWELL,2244.15,2244.15,2236.6,2236.6,74.0
2021-08-06 12:10:00,NSE:ZYDUSWELL,2237.0,2238.5,2236.7,2238.5,16.0
2021-08-06 12:15:00,NSE:ZYDUSWELL,2238.5,2238.5,2238.5,2238.5,2.0
2021-08-06 12:20:00,NSE:ZYDUSWELL,2236.25,2239.15,2236.2,2239.15,25.0
2021-08-06 12:25:00,NSE:ZYDUSWELL,2239.15,2239.25,2239.15,2239.25,8.0
2021-08-06 12:30:00,NSE:ZYDUSWELL,2236.35,2236.35,2231.65,2231.65,351.0
2021-08-06 12:35:00,NSE:ZYDUSWELL,2231.95,2280.0,2230.1,2275.2,3249.0
2021-08-06 12:40:00,NSE:ZYDUSWELL,2270.55,2275.0,2252.65,2262.6,998.0
2021-08-06 12:45:00,NSE:ZYDUSWELL,2264.9,2264.9,2257.05,2257.85,168.0
2021-08-06 12:50:00,NSE:ZYDUSWELL,2257.95,2260.45,2250.45,2251.6,280.0
2021-08-06 12:55:00,NSE:ZYDUSWELL,2249.85,2253.85,2249.85,2250.7,127.0
2021-08-06 13:00:00,NSE:ZYDUSWELL,2250.0,2250.0,2250.0,2250.0,36.0
2021-08-06 13:05:00,NSE:ZYDUSWELL,2250.0,2254.35,2250.0,2250.0,159.0
2021-08-06 13:10:00,NSE:ZYDUSWELL,2253.2,2253.55,2250.0,2250.0,71.0
2021-08-06 13:15:00,NSE:ZYDUSWELL,2251.0,2251.0,2245.0,2246.0,400.0
2021-08-06 13:20:00,NSE:ZYDUSWELL,2248.5,2249.4,2247.6,2249.4,64.0
2021-08-06 13:25:00,NSE:ZYDUSWELL,2247.35,2252.15,2247.35,2252.15,43.0
2021-08-06 13:30:00,NSE:ZYDUSWELL,2256.4,2256.4,2245.65,2245.65,151.0
2021-08-06 13:35:00,NSE:ZYDUSWELL,2248.9,2252.25,2247.05,2250.25,58.0
2021-08-06 13:40:00,NSE:ZYDUSWELL,2250.25,2252.3,2247.95,2250.0,24.0
2021-08-06 13:45:00,NSE:ZYDUSWELL,2253.05,2253.95,2250.05,2252.8,156.0
2021-08-06 13:50:00,NSE:ZYDUSWELL,2250.3,2250.3,2250.3,2250.3,100.0
2021-08-06 13:55:00,NSE:ZYDUSWELL,2250.4,2250.6,2250.25,2250.25,13.0
2021-08-06 14:00:00,NSE:ZYDUSWELL,2253.05,2260.2,2242.2,2243.3,4097.0
2021-08-06 14:05:00,NSE:ZYDUSWELL,2243.3,2245.55,2240.4,2245.55,150.0
2021-08-06 14:10:00,NSE:ZYDUSWELL,2242.95,2243.85,2242.9,2243.85,12.0
2021-08-06 14:15:00,NSE:ZYDUSWELL,2244.0,2244.0,2244.0,2244.0,2.0
2021-08-06 14:20:00,NSE:ZYDUSWELL,2241.25,2243.45,2241.25,2243.45,11.0
2021-08-06 14:25:00,NSE:ZYDUSWELL,2243.45,2244.0,2243.45,2243.45,33.0
2021-08-06 14:30:00,NSE:ZYDUSWELL,2243.45,2245.55,2243.45,2244.65,165.0
2021-08-06 14:35:00,NSE:ZYDUSWELL,2241.0,2243.25,2241.0,2241.8,45.0
2021-08-06 14:40:00,NSE:ZYDUSWELL,2244.35,2244.35,2241.0,2242.5,24.0
2021-08-06 14:45:00,NSE:ZYDUSWELL,2242.4,2244.0,2239.7,2239.7,83.0
2021-08-06 14:50:00,NSE:ZYDUSWELL,2240.0,2240.0,2231.0,2233.0,275.0
2021-08-06 14:55:00,NSE:ZYDUSWELL,2233.0,2235.95,2231.25,2235.95,158.0
2021-08-06 15:00:00,NSE:ZYDUSWELL,2241.15,2241.15,2236.65,2240.0,61.0
2021-08-06 15:05:00,NSE:ZYDUSWELL,2235.3,2244.0,2235.3,2241.05,454.0
2021-08-06 15:10:00,NSE:ZYDUSWELL,2241.05,2242.45,2232.0,2232.05,118.0
2021-08-06 15:15:00,NSE:ZYDUSWELL,2233.95,2239.8,2230.1,2230.3,375.0
2021-08-06 15:20:00,NSE:ZYDUSWELL,2235.0,2237.55,2230.05,2232.8,341.0
2021-08-06 15:25:00,NSE:ZYDUSWELL,2234.4,2237.35,2227.6,2227.6,435.0
2021-08-06 15:50:00,NSE:ZYDUSWELL,2235.25,2235.25,2235.25,2235.25,1.0
2021-08-09 09:05:00,NSE:ZYDUSWELL,2244.4,2244.4,2244.4,2244.4,54.0
2021-08-09 09:15:00,NSE:ZYDUSWELL,2244.35,2244.35,2239.05,2241.9,159.0
2021-08-09 09:20:00,NSE:ZYDUSWELL,2241.95,2244.35,2240.75,2241.0,218.0
2021-08-09 09:25:00,NSE:ZYDUSWELL,2240.25,2241.85,2239.95,2240.05,11.0
2021-08-09 09:30:00,NSE:ZYDUSWELL,2238.7,2244.45,2230.85,2230.85,316.0
2021-08-09 09:35:00,NSE:ZYDUSWELL,2230.0,2233.05,2229.0,2233.05,94.0
2021-08-09 09:40:00,NSE:ZYDUSWELL,2233.5,2241.0,2233.45,2241.0,181.0
2021-08-09 09:45:00,NSE:ZYDUSWELL,2244.0,2244.95,2234.85,2235.0,563.0
2021-08-09 09:50:00,NSE:ZYDUSWELL,2234.95,2243.35,2233.05,2242.8,550.0
2021-08-09 09:55:00,NSE:ZYDUSWELL,2238.5,2245.0,2238.5,2239.0,382.0
2021-08-09 10:00:00,NSE:ZYDUSWELL,2235.75,2238.55,2235.75,2237.0,91.0
2021-08-09 10:05:00,NSE:ZYDUSWELL,2235.8,2242.05,2235.8,2240.9,116.0
2021-08-09 10:10:00,NSE:ZYDUSWELL,2243.7,2243.95,2240.05,2243.95,77.0
2021-08-09 10:15:00,NSE:ZYDUSWELL,2240.25,2243.55,2240.05,2240.05,36.0
2021-08-09 10:20:00,NSE:ZYDUSWELL,2241.95,2241.95,2235.0,2237.0,228.0
2021-08-09 10:25:00,NSE:ZYDUSWELL,2237.1,2242.6,2237.1,2240.0,84.0
2021-08-09 10:30:00,NSE:ZYDUSWELL,2240.0,2242.15,2237.0,2237.0,54.0
2021-08-09 10:35:00,NSE:ZYDUSWELL,2237.0,2237.0,2237.0,2237.0,31.0
2021-08-09 10:40:00,NSE:ZYDUSWELL,2237.0,2237.0,2235.3,2235.3,10.0
2021-08-09 10:45:00,NSE:ZYDUSWELL,2234.0,2236.1,2234.0,2234.0,145.0
2021-08-09 10:50:00,NSE:ZYDUSWELL,2234.0,2234.0,2233.0,2233.0,13.0
2021-08-09 10:55:00,NSE:ZYDUSWELL,2231.35,2233.5,2231.35,2233.5,148.0
2021-08-09 11:00:00,NSE:ZYDUSWELL,2235.25,2235.95,2233.15,2235.95,48.0
2021-08-09 11:05:00,NSE:ZYDUSWELL,2232.75,2235.2,2232.75,2232.8,31.0
2021-08-09 11:10:00,NSE:ZYDUSWELL,2234.85,2234.85,2232.5,2232.5,52.0
2021-08-09 11:15:00,NSE:ZYDUSWELL,2232.0,2232.5,2231.8,2232.0,93.0
2021-08-09 11:20:00,NSE:ZYDUSWELL,2232.0,2232.0,2226.0,2228.95,276.0
2021-08-09 11:25:00,NSE:ZYDUSWELL,2226.9,2239.95,2226.5,2239.95,589.0
2021-08-09 11:30:00,NSE:ZYDUSWELL,2239.95,2243.65,2234.35,2241.1,502.0
2021-08-09 11:35:00,NSE:ZYDUSWELL,2239.35,2263.1,2239.35,2260.0,1711.0
2021-08-09 11:40:00,NSE:ZYDUSWELL,2259.0,2259.0,2244.45,2244.45,849.0
2021-08-09 11:45:00,NSE:ZYDUSWELL,2246.1,2250.1,2245.6,2250.05,373.0
2021-08-09 11:50:00,NSE:ZYDUSWELL,2250.7,2252.3,2245.9,2250.0,820.0
2021-08-09 11:55:00,NSE:ZYDUSWELL,2252.0,2252.0,2240.05,2240.05,272.0
2021-08-09 12:00:00,NSE:ZYDUSWELL,2244.95,2248.1,2244.95,2248.1,31.0
2021-08-09 12:05:00,NSE:ZYDUSWELL,2245.0,2249.05,2244.15,2244.15,116.0
2021-08-09 12:10:00,NSE:ZYDUSWELL,2244.15,2247.6,2244.15,2244.75,14.0
2021-08-09 12:15:00,NSE:ZYDUSWELL,2247.05,2247.05,2235.05,2239.05,322.0
2021-08-09 12:20:00,NSE:ZYDUSWELL,2235.0,2240.0,2235.0,2237.4,338.0
2021-08-09 12:25:00,NSE:ZYDUSWELL,2237.5,2239.4,2236.0,2239.4,87.0
2021-08-09 12:30:00,NSE:ZYDUSWELL,2243.95,2244.0,2241.25,2241.25,30.0
2021-08-09 12:35:00,NSE:ZYDUSWELL,2241.25,2243.95,2241.25,2243.95,21.0
2021-08-09 12:40:00,NSE:ZYDUSWELL,2243.9,2243.9,2243.9,2243.9,20.0
2021-08-09 12:45:00,NSE:ZYDUSWELL,2239.05,2242.6,2239.05,2240.0,64.0
2021-08-09 12:50:00,NSE:ZYDUSWELL,2239.45,2242.15,2239.4,2239.65,28.0
2021-08-09 12:55:00,NSE:ZYDUSWELL,2239.4,2242.8,2237.0,2242.8,172.0
2021-08-09 13:00:00,NSE:ZYDUSWELL,2242.6,2242.6,2238.0,2238.0,168.0
2021-08-09 13:05:00,NSE:ZYDUSWELL,2237.0,2237.0,2236.25,2236.25,202.0
2021-08-09 13:10:00,NSE:ZYDUSWELL,2238.3,2238.3,2225.05,2235.65,1140.0
2021-08-09 13:15:00,NSE:ZYDUSWELL,2237.25,2238.95,2231.9,2231.9,153.0
2021-08-09 13:20:00,NSE:ZYDUSWELL,2232.85,2232.85,2227.7,2229.2,69.0
2021-08-09 13:25:00,NSE:ZYDUSWELL,2232.4,2232.4,2231.75,2231.75,10.0
2021-08-09 13:30:00,NSE:ZYDUSWELL,2227.8,2229.15,2222.75,2223.2,158.0
2021-08-09 13:35:00,NSE:ZYDUSWELL,2222.0,2226.8,2222.0,2222.95,153.0
2021-08-09 13:40:00,NSE:ZYDUSWELL,2224.75,2224.85,2221.0,2221.0,137.0
2021-08-09 13:45:00,NSE:ZYDUSWELL,2216.0,2221.5,2215.0,2217.95,670.0
2021-08-09 13:50:00,NSE:ZYDUSWELL,2215.05,2217.85,2211.15,2211.15,260.0
2021-08-09 13:55:00,NSE:ZYDUSWELL,2216.45,2218.55,2210.7,2216.05,361.0
2021-08-09 14:00:00,NSE:ZYDUSWELL,2215.55,2218.75,2215.55,2218.75,9.0
2021-08-09 14:05:00,NSE:ZYDUSWELL,2219.0,2224.2,2216.55,2220.95,373.0
2021-08-09 14:10:00,NSE:ZYDUSWELL,2223.2,2223.45,2219.5,2221.5,176.0
2021-08-09 14:15:00,NSE:ZYDUSWELL,2220.0,2225.0,2220.0,2221.05,178.0
2021-08-09 14:20:00,NSE:ZYDUSWELL,2224.65,2228.2,2221.05,2226.65,240.0
2021-08-09 14:25:00,NSE:ZYDUSWELL,2226.05,2228.9,2224.3,2228.9,58.0
2021-08-09 14:30:00,NSE:ZYDUSWELL,2227.7,2231.3,2226.6,2231.3,43.0
2021-08-09 14:35:00,NSE:ZYDUSWELL,2236.5,2236.5,2232.3,2232.3,176.0
2021-08-09 14:40:00,NSE:ZYDUSWELL,2232.05,2238.95,2232.05,2236.1,100.0
2021-08-09 14:45:00,NSE:ZYDUSWELL,2237.9,2240.0,2228.0,2228.0,321.0
2021-08-09 14:50:00,NSE:ZYDUSWELL,2228.0,2231.7,2228.0,2231.7,41.0
2021-08-09 14:55:00,NSE:ZYDUSWELL,2237.35,2239.95,2233.6,2239.8,114.0
2021-08-09 15:00:00,NSE:ZYDUSWELL,2239.75,2243.9,2236.95,2236.95,277.0
2021-08-09 15:05:00,NSE:ZYDUSWELL,2237.0,2252.9,2237.0,2245.05,1154.0
2021-08-09 15:10:00,NSE:ZYDUSWELL,2245.55,2256.95,2245.55,2256.95,285.0
2021-08-09 15:15:00,NSE:ZYDUSWELL,2255.9,2258.85,2245.05,2248.75,655.0
2021-08-09 15:20:00,NSE:ZYDUSWELL,2246.55,2275.0,2232.75,2265.0,3749.0
2021-08-09 15:25:00,NSE:ZYDUSWELL,2265.0,2278.0,2260.0,2275.0,2154.0
2021-08-09 15:50:00,NSE:ZYDUSWELL,2259.0,2259.0,2259.0,2259.0,25.0
2021-08-10 09:05:00,NSE:ZYDUSWELL,2267.0,2267.0,2267.0,2267.0,35.0
2021-08-10 09:15:00,NSE:ZYDUSWELL,2267.0,2267.0,2250.15,2256.0,263.0
2021-08-10 09:20:00,NSE:ZYDUSWELL,2262.35,2262.35,2255.95,2257.25,141.0
2021-08-10 09:25:00,NSE:ZYDUSWELL,2253.05,2254.45,2251.6,2253.2,30.0
2021-08-10 09:30:00,NSE:ZYDUSWELL,2250.75,2252.25,2241.65,2249.95,432.0
2021-08-10 09:35:00,NSE:ZYDUSWELL,2248.95,2249.1,2245.1,2247.55,192.0
2021-08-10 09:40:00,NSE:ZYDUSWELL,2247.35,2247.35,2243.4,2243.4,117.0
2021-08-10 09:45:00,NSE:ZYDUSWELL,2242.45,2246.75,2235.2,2243.4,298.0
2021-08-10 09:50:00,NSE:ZYDUSWELL,2241.15,2245.3,2241.15,2245.3,71.0
2021-08-10 09:55:00,NSE:ZYDUSWELL,2242.1,2245.55,2242.0,2242.0,42.0
2021-08-10 10:00:00,NSE:ZYDUSWELL,2242.0,2242.0,2232.75,2236.7,367.0
2021-08-10 10:05:00,NSE:ZYDUSWELL,2236.7,2239.75,2235.85,2237.0,89.0
2021-08-10 10:10:00,NSE:ZYDUSWELL,2237.0,2246.9,2237.0,2246.9,136.0
2021-08-10 10:15:00,NSE:ZYDUSWELL,2247.3,2247.3,2240.55,2240.6,65.0
2021-08-10 10:20:00,NSE:ZYDUSWELL,2242.8,2242.8,2237.0,2237.25,253.0
2021-08-10 10:25:00,NSE:ZYDUSWELL,2236.0,2239.65,2236.0,2237.2,297.0
2021-08-10 10:30:00,NSE:ZYDUSWELL,2239.7,2239.7,2237.15,2237.15,36.0
2021-08-10 10:35:00,NSE:ZYDUSWELL,2237.25,2244.55,2237.0,2241.0,145.0
2021-08-10 10:40:00,NSE:ZYDUSWELL,2241.7,2243.8,2240.0,2240.55,150.0
2021-08-10 10:45:00,NSE:ZYDUSWELL,2240.6,2244.45,2240.6,2240.9,65.0
2021-08-10 10:50:00,NSE:ZYDUSWELL,2240.55,2240.55,2240.55,2240.55,4.0
2021-08-10 10:55:00,NSE:ZYDUSWELL,2240.55,2243.1,2240.55,2240.65,20.0
2021-08-10 11:00:00,NSE:ZYDUSWELL,2254.25,2275.0,2254.25,2272.0,1602.0
2021-08-10 11:05:00,NSE:ZYDUSWELL,2270.4,2270.4,2261.85,2266.4,327.0
2021-08-10 11:10:00,NSE:ZYDUSWELL,2263.85,2266.45,2263.0,2263.0,150.0
2021-08-10 11:15:00,NSE:ZYDUSWELL,2263.0,2264.05,2260.0,2262.8,440.0
2021-08-10 11:20:00,NSE:ZYDUSWELL,2263.6,2270.0,2263.6,2270.0,275.0
2021-08-10 11:25:00,NSE:ZYDUSWELL,2273.0,2273.0,2263.95,2267.0,295.0
2021-08-10 11:30:00,NSE:ZYDUSWELL,2268.3,2268.9,2260.05,2264.5,354.0
2021-08-10 11:35:00,NSE:ZYDUSWELL,2260.0,2270.0,2260.0,2260.0,1372.0
2021-08-10 11:40:00,NSE:ZYDUSWELL,2263.1,2263.1,2260.0,2260.0,8.0
2021-08-10 11:45:00,NSE:ZYDUSWELL,2260.0,2268.05,2260.0,2268.05,144.0
2021-08-10 11:50:00,NSE:ZYDUSWELL,2264.85,2272.0,2264.1,2265.65,345.0
2021-08-10 11:55:00,NSE:ZYDUSWELL,2265.1,2265.4,2259.0,2259.0,471.0
2021-08-10 12:00:00,NSE:ZYDUSWELL,2262.85,2262.85,2260.7,2260.7,63.0
2021-08-10 12:05:00,NSE:ZYDUSWELL,2260.7,2263.2,2260.7,2260.7,69.0
2021-08-10 12:10:00,NSE:ZYDUSWELL,2263.85,2263.85,2263.35,2263.35,12.0
2021-08-10 12:15:00,NSE:ZYDUSWELL,2261.55,2264.6,2261.3,2261.3,53.0
2021-08-10 12:20:00,NSE:ZYDUSWELL,2260.9,2264.75,2260.7,2261.2,132.0
2021-08-10 12:25:00,NSE:ZYDUSWELL,2263.55,2264.35,2261.2,2261.25,35.0
2021-08-10 12:35:00,NSE:ZYDUSWELL,2261.0,2264.15,2261.0,2264.1,25.0
2021-08-10 12:40:00,NSE:ZYDUSWELL,2260.7,2260.7,2257.0,2259.0,366.0
2021-08-10 12:45:00,NSE:ZYDUSWELL,2260.7,2260.7,2256.05,2259.75,207.0
2021-08-10 12:50:00,NSE:ZYDUSWELL,2260.0,2260.0,2258.05,2259.75,23.0
2021-08-10 12:55:00,NSE:ZYDUSWELL,2258.0,2259.45,2258.0,2259.45,30.0
2021-08-10 13:00:00,NSE:ZYDUSWELL,2258.05,2258.05,2258.0,2258.0,48.0
2021-08-10 13:05:00,NSE:ZYDUSWELL,2258.0,2258.0,2255.0,2257.0,98.0
2021-08-10 13:10:00,NSE:ZYDUSWELL,2255.1,2257.4,2251.75,2251.75,140.0
2021-08-10 13:15:00,NSE:ZYDUSWELL,2251.65,2251.65,2251.65,2251.65,5.0
2021-08-10 13:20:00,NSE:ZYDUSWELL,2251.05,2253.15,2249.8,2253.15,217.0
2021-08-10 13:25:00,NSE:ZYDUSWELL,2253.1,2253.1,2247.05,2247.05,113.0
2021-08-10 13:30:00,NSE:ZYDUSWELL,2248.9,2250.85,2248.9,2250.8,36.0
2021-08-10 13:35:00,NSE:ZYDUSWELL,2250.95,2250.95,2246.1,2248.0,47.0
2021-08-10 13:40:00,NSE:ZYDUSWELL,2246.1,2246.1,2237.0,2237.0,392.0
2021-08-10 13:45:00,NSE:ZYDUSWELL,2237.6,2242.65,2237.6,2242.65,56.0
2021-08-10 13:50:00,NSE:ZYDUSWELL,2239.9,2241.5,2230.0,2230.0,1124.0
2021-08-10 13:55:00,NSE:ZYDUSWELL,2230.0,2233.7,2230.0,2233.7,156.0
2021-08-10 14:00:00,NSE:ZYDUSWELL,2233.55,2233.55,2226.05,2229.05,463.0
2021-08-10 14:05:00,NSE:ZYDUSWELL,2230.0,2230.0,2224.0,2226.0,737.0
2021-08-10 14:10:00,NSE:ZYDUSWELL,2224.0,2224.0,2215.0,2217.5,624.0
2021-08-10 14:15:00,NSE:ZYDUSWELL,2219.35,2226.2,2217.25,2222.6,283.0
2021-08-10 14:20:00,NSE:ZYDUSWELL,2222.05,2225.6,2219.5,2220.9,293.0
2021-08-10 14:25:00,NSE:ZYDUSWELL,2220.9,2227.15,2220.85,2221.0,313.0
2021-08-10 14:30:00,NSE:ZYDUSWELL,2223.5,2225.0,2220.05,2220.05,238.0
2021-08-10 14:35:00,NSE:ZYDUSWELL,2220.05,2228.5,2220.05,2227.3,790.0
2021-08-10 14:40:00,NSE:ZYDUSWELL,2227.4,2228.0,2223.15,2225.0,154.0
2021-08-10 14:45:00,NSE:ZYDUSWELL,2222.75,2224.95,2222.0,2222.4,116.0
2021-08-10 14:50:00,NSE:ZYDUSWELL,2220.0,2224.8,2217.0,2220.0,467.0
2021-08-10 14:55:00,NSE:ZYDUSWELL,2220.05,2223.05,2220.05,2222.2,126.0
2021-08-10 15:00:00,NSE:ZYDUSWELL,2224.6,2225.45,2222.3,2225.4,133.0
2021-08-10 15:05:00,NSE:ZYDUSWELL,2226.0,2226.0,2222.3,2223.0,269.0
2021-08-10 15:10:00,NSE:ZYDUSWELL,2225.1,2237.8,2225.1,2235.65,523.0
2021-08-10 15:15:00,NSE:ZYDUSWELL,2228.15,2234.15,2215.0,2216.0,802.0
2021-08-10 15:20:00,NSE:ZYDUSWELL,2219.9,2219.9,2192.2,2208.05,1606.0
2021-08-10 15:25:00,NSE:ZYDUSWELL,2230.6,2255.0,2225.05,2255.0,3757.0
2021-08-10 15:30:00,NSE:ZYDUSWELL,2255.0,2255.0,2255.0,2255.0,9.0
2021-08-10 15:40:00,NSE:ZYDUSWELL,2232.05,2232.05,2232.05,2232.05,12.0
