datetime,symbol,open,high,low,close,volume
2005-04-21 09:15:00,NSE:IGARASHI,143.26858703,153.05712404,142.37872003,150.92145214,44699.0
2005-04-22 09:15:00,NSE:IGARASHI,150.38752304,154.03598664,146.82805504,150.65448314,10321.0
2005-04-25 09:15:00,NSE:IGARASHI,151.27739004,152.87915064,147.71792204,151.36638564,11105.0
2005-04-26 09:15:00,NSE:IGARASHI,151.27739004,152.79016394,151.27739004,151.54435014,5612.0
2005-04-27 09:15:00,NSE:IGARASHI,158.39632604,165.87119994,152.16725704,159.06372629,34778.0
2005-04-28 09:15:00,NSE:IGARASHI,166.40512904,168.00688964,156.08266294,159.68663319,8314.0
2005-04-29 09:15:00,NSE:IGARASHI,167.29499604,167.29499604,151.63332794,155.77121839,6157.0
2005-05-02 09:15:00,NSE:IGARASHI,158.39632604,158.39632604,153.05712404,155.10381814,10023.0
2005-05-03 09:15:00,NSE:IGARASHI,157.06152554,157.50645904,155.72672504,155.72672504,3959.0
2005-05-04 09:15:00,NSE:IGARASHI,156.61659204,157.95139254,155.72672504,156.08266294,8013.0
2005-05-05 09:15:00,NSE:IGARASHI,156.61659204,164.62539504,156.61659204,158.70778839,15697.0
2005-05-06 09:15:00,NSE:IGARASHI,160.17606004,163.73552804,157.50645904,159.59765539,8711.0
2005-05-09 09:15:00,NSE:IGARASHI,160.17606004,163.20159894,158.61879279,159.41966419,6423.0
2005-05-10 09:15:00,NSE:IGARASHI,155.81572064,160.17606004,155.81572064,157.72892579,2703.0
2005-05-11 09:15:00,NSE:IGARASHI,151.27739004,159.99808664,151.27739004,158.12936594,2280.0
2005-05-12 09:15:00,NSE:IGARASHI,158.39632604,189.7641378,158.39632604,189.7641378,122828.0
2005-05-13 09:15:00,NSE:IGARASHI,194.88087305,199.33020805,178.24036014,180.46502764,96939.0
2005-05-16 09:15:00,NSE:IGARASHI,186.87207005,188.65180405,174.50292764,177.39499539,25722.0
2005-05-17 09:15:00,NSE:IGARASHI,180.90996114,184.91436265,175.30379904,176.59410619,27640.0
2005-05-18 09:15:00,NSE:IGARASHI,175.74873254,195.77074005,174.85886554,183.04564194,55181.0
2005-05-19 09:15:00,NSE:IGARASHI,186.78307445,210.00861205,186.42713655,194.9253664,158482.0
2005-05-20 09:15:00,NSE:IGARASHI,201.73284895,206.44914405,195.05884645,197.6839452,49849.0
2005-05-23 09:15:00,NSE:IGARASHI,200.84298195,200.84298195,191.4548762,193.36809915,9382.0
2005-05-24 09:15:00,NSE:IGARASHI,198.44034105,202.44474255,191.32140505,192.21127205,26235.0
2005-05-25 09:15:00,NSE:IGARASHI,195.77074005,197.46147845,189.54167105,191.2769117,11724.0
2005-05-26 09:15:00,NSE:IGARASHI,193.81303265,201.8663379,179.30820054,182.86766854,32966.0
2005-05-27 09:15:00,NSE:IGARASHI,181.88880595,187.76193705,175.34829239,177.21700419,18507.0
2005-05-30 09:15:00,NSE:IGARASHI,178.86326704,181.53286804,172.01129114,173.25710494,6209.0
2005-05-31 09:15:00,NSE:IGARASHI,175.30379904,182.37824169,173.21260269,177.66193769,9823.0
2005-06-01 09:15:00,NSE:IGARASHI,181.48837469,181.53286804,176.19366604,177.03903969,2483.0
2005-06-02 09:15:00,NSE:IGARASHI,177.03903969,179.70864069,170.89895739,172.23375789,4428.0
2005-06-03 09:15:00,NSE:IGARASHI,171.74433104,174.41393204,170.40953054,171.21040194,7214.0
2005-06-06 09:15:00,NSE:IGARASHI,174.32493644,174.41393204,170.23155714,170.80997069,4372.0
2005-06-07 09:15:00,NSE:IGARASHI,175.30379904,194.16897945,170.94345964,177.70643994,52629.0
2005-06-08 09:15:00,NSE:IGARASHI,194.88087305,195.68174445,180.64300104,181.97780154,17116.0
2005-06-09 09:15:00,NSE:IGARASHI,185.71524295,185.71524295,176.23815939,178.24036014,5416.0
2005-06-10 09:15:00,NSE:IGARASHI,183.26810869,183.26810869,173.52406504,173.96899854,6692.0
2005-06-13 09:15:00,NSE:IGARASHI,177.08353304,182.37824169,174.63639879,177.08353304,6200.0
2005-06-14 09:15:00,NSE:IGARASHI,177.48397319,180.64300104,171.78882439,173.70203844,2095.0
2005-06-15 09:15:00,NSE:IGARASHI,177.88440444,177.88440444,170.85446404,171.78882439,5821.0
2005-06-16 09:15:00,NSE:IGARASHI,172.85666479,175.30379904,170.85446404,171.52186429,3358.0
2005-06-17 09:15:00,NSE:IGARASHI,168.31833419,171.29939754,153.50205754,160.22055339,25600.0
2005-06-20 09:15:00,NSE:IGARASHI,164.62539504,164.62539504,155.37078714,156.52759644,9332.0
2005-06-21 09:15:00,NSE:IGARASHI,157.50645904,158.30733044,152.61219054,154.34743119,3483.0
2005-06-22 09:15:00,NSE:IGARASHI,157.95139254,175.83772814,154.16945779,164.09146594,13899.0
2005-06-23 09:15:00,NSE:IGARASHI,169.07473004,172.63419804,163.29059454,165.02583519,13291.0
2005-06-24 09:15:00,NSE:IGARASHI,167.29499604,179.30820054,165.51526204,175.83772814,26426.0
2005-06-27 09:15:00,NSE:IGARASHI,181.08793454,182.86766854,163.78002139,174.14697194,17809.0
2005-06-28 09:15:00,NSE:IGARASHI,173.52406504,174.14697194,166.93905814,167.38399164,4553.0
2005-06-29 09:15:00,NSE:IGARASHI,164.66988839,172.63419804,164.66988839,167.38399164,8361.0
2005-06-30 09:15:00,NSE:IGARASHI,171.74433104,179.75313404,169.20820119,177.35049314,18803.0
2005-07-01 09:15:00,NSE:IGARASHI,178.41833354,178.41833354,169.07473004,170.80997069,3494.0
2005-07-04 09:15:00,NSE:IGARASHI,173.16812714,175.30379904,167.38399164,169.69763694,4504.0
2005-07-05 09:15:00,NSE:IGARASHI,173.07913154,174.32493644,165.73772879,167.02803594,6330.0
2005-07-06 09:15:00,NSE:IGARASHI,163.95799479,173.52406504,163.95799479,171.87780219,4239.0
2005-07-07 09:15:00,NSE:IGARASHI,169.07473004,173.52406504,165.78222214,167.56195614,10897.0
2005-07-08 09:15:00,NSE:IGARASHI,169.07473004,169.07473004,166.40512904,167.07252929,2553.0
2005-07-11 09:15:00,NSE:IGARASHI,167.29499604,169.07473004,165.15932414,167.38399164,2598.0
2005-07-12 09:15:00,NSE:IGARASHI,173.07913154,185.98220305,170.85446404,178.32933794,21331.0
2005-07-13 09:15:00,NSE:IGARASHI,182.42273504,184.20246904,177.97340004,179.53066729,13554.0
2005-07-14 09:15:00,NSE:IGARASHI,182.20026829,182.42273504,175.30379904,178.59630694,4995.0
2005-07-15 09:15:00,NSE:IGARASHI,176.19366604,180.59850769,176.19366604,176.63859954,5412.0
2005-07-18 09:15:00,NSE:IGARASHI,179.75313404,192.12227645,178.41833354,189.63066664,30623.0
2005-07-19 09:15:00,NSE:IGARASHI,191.32140505,200.22007505,188.65180405,191.05444495,13150.0
2005-07-20 09:15:00,NSE:IGARASHI,193.5015792,195.14783315,183.40159764,185.80422965,12647.0
2005-07-21 09:15:00,NSE:IGARASHI,170.85446404,189.54167105,170.85446404,182.51173064,10185.0
2005-07-22 09:15:00,NSE:IGARASHI,176.86106629,201.99980905,176.86106629,192.8786723,24634.0
2005-07-25 09:15:00,NSE:IGARASHI,194.88087305,196.66060705,186.87207005,188.11787495,6458.0
2005-07-26 09:15:00,NSE:IGARASHI,186.87207005,186.96106564,177.97340004,180.82097444,7504.0
2005-07-27 09:15:00,NSE:IGARASHI,184.64740255,184.64740255,178.86326704,179.93110744,2754.0
2005-07-29 09:15:00,NSE:IGARASHI,179.75313404,188.65180405,169.96459704,181.93330819,47750.0
2005-08-01 09:15:00,NSE:IGARASHI,177.97340004,177.97340004,171.07693079,172.54520244,11717.0
2005-08-02 09:15:00,NSE:IGARASHI,176.63859954,182.42273504,171.74433104,180.68749439,18034.0
2005-08-03 09:15:00,NSE:IGARASHI,181.44387245,181.44387245,173.74653179,174.90335889,3529.0
2005-08-04 09:15:00,NSE:IGARASHI,177.97340004,179.75313404,173.61306064,174.41393204,3264.0
2005-08-05 09:15:00,NSE:IGARASHI,174.85886554,176.95006189,171.78882439,172.81217144,1602.0
2005-08-08 09:15:00,NSE:IGARASHI,175.30379904,179.75313404,171.87780219,178.64080029,6856.0
2005-08-09 09:15:00,NSE:IGARASHI,177.97340004,184.20246904,177.08353304,180.06459639,9033.0
2005-08-10 09:15:00,NSE:IGARASHI,178.86326704,188.65180405,178.86326704,186.2046698,8751.0
2005-08-11 09:15:00,NSE:IGARASHI,186.87207005,195.77074005,185.98220305,186.69409665,4409.0
2005-08-12 09:15:00,NSE:IGARASHI,185.98220305,185.98220305,179.84212964,182.24476164,5761.0
2005-08-16 09:15:00,NSE:IGARASHI,183.53506879,185.09233605,181.53286804,182.42273504,1033.0
2005-08-17 09:15:00,NSE:IGARASHI,186.87207005,191.32140505,184.20246904,189.54167105,2999.0
2005-08-18 09:15:00,NSE:IGARASHI,191.32140505,191.32140505,185.27030945,187.40599914,6690.0
2005-08-19 09:15:00,NSE:IGARASHI,186.87207005,190.43153805,185.09233605,187.8064304,9087.0
2005-08-22 09:15:00,NSE:IGARASHI,179.08573379,195.7262467,176.19366604,194.0354994,8539.0
2005-08-23 09:15:00,NSE:IGARASHI,191.32140505,193.99100605,186.96106564,190.43153805,20007.0
2005-08-24 09:15:00,NSE:IGARASHI,189.54167105,192.83417895,189.54167105,191.41040065,6940.0
2005-08-25 09:15:00,NSE:IGARASHI,191.32140505,201.99980905,191.32140505,198.9297679,7740.0
2005-08-26 09:15:00,NSE:IGARASHI,199.33020805,204.66941005,199.33020805,201.73284895,9773.0
2005-08-29 09:15:00,NSE:IGARASHI,195.77074005,209.11874505,195.77074005,206.09320615,5953.0
2005-08-30 09:15:00,NSE:IGARASHI,206.44914405,207.78394455,202.44474255,204.75840565,6420.0
2005-08-31 09:15:00,NSE:IGARASHI,205.55927705,206.44914405,202.88967605,204.04650315,2489.0
2005-09-01 09:15:00,NSE:IGARASHI,206.44914405,206.44914405,200.30907065,201.2434132,3561.0
2005-09-02 09:15:00,NSE:IGARASHI,201.55487555,201.55487555,197.55047405,199.9086127,2566.0
2005-09-05 09:15:00,NSE:IGARASHI,201.1544354,203.7350497,197.55047405,199.15223465,4417.0
2005-09-06 09:15:00,NSE:IGARASHI,195.77074005,195.77074005,191.8108319,194.0354994,2095.0
2005-09-08 09:15:00,NSE:IGARASHI,193.99100605,194.7474019,187.76193705,189.63066664,2243.0
2005-09-09 09:15:00,NSE:IGARASHI,191.32140505,198.44034105,191.32140505,195.94871345,2037.0
2005-09-12 09:15:00,NSE:IGARASHI,195.77074005,200.22007505,195.77074005,195.77074005,1347.0
2005-09-13 09:15:00,NSE:IGARASHI,195.77074005,201.91081345,195.68174445,200.30907065,12744.0
2005-09-14 09:15:00,NSE:IGARASHI,195.85973565,198.44034105,195.85973565,196.9720694,3004.0
2005-09-15 09:15:00,NSE:IGARASHI,196.0822024,198.44034105,193.99100605,195.94871345,3304.0
2005-09-16 09:15:00,NSE:IGARASHI,194.88087305,197.55047405,190.96546715,194.3024684,3188.0
2005-09-19 09:15:00,NSE:IGARASHI,195.77074005,196.66060705,189.54167105,191.2769117,2123.0
2005-09-20 09:15:00,NSE:IGARASHI,191.32140505,199.33020805,190.43153805,193.5905659,5267.0
2005-09-21 09:15:00,NSE:IGARASHI,193.99100605,193.99100605,185.09233605,188.6962974,6102.0
2005-09-22 09:15:00,NSE:IGARASHI,195.77074005,195.77074005,173.52406504,179.39719614,6260.0
2005-09-23 09:15:00,NSE:IGARASHI,180.64300104,185.98220305,164.66988839,182.37824169,10562.0
2005-09-26 09:15:00,NSE:IGARASHI,184.20246904,184.20246904,176.23815939,179.57516064,2287.0
2005-09-27 09:15:00,NSE:IGARASHI,177.97340004,185.09233605,177.97340004,182.1112727,3080.0
2005-09-28 09:15:00,NSE:IGARASHI,179.75313404,180.86546779,178.86326704,179.75313404,2795.0
2005-09-29 09:15:00,NSE:IGARASHI,180.19806754,195.77074005,179.75313404,189.00774195,7491.0
2005-09-30 09:15:00,NSE:IGARASHI,181.31040129,200.1755817,181.31040129,182.95666414,1186.0
2005-10-03 09:15:00,NSE:IGARASHI,183.31260204,186.8275767,180.19806754,183.04564194,2247.0
2005-10-04 09:15:00,NSE:IGARASHI,181.71084144,183.31260204,181.71084144,183.13462864,533.0
2005-10-05 09:15:00,NSE:IGARASHI,181.84433039,181.97780154,174.45842539,175.30379904,2318.0
2005-10-06 09:15:00,NSE:IGARASHI,178.10687119,182.37824169,176.19366604,181.57736139,4453.0
2005-10-07 09:15:00,NSE:IGARASHI,180.64300104,191.32140505,180.64300104,185.0478427,716231.0
2005-10-10 09:15:00,NSE:IGARASHI,186.87207005,188.65180405,179.04124044,179.48617394,7585.0
2005-10-11 09:15:00,NSE:IGARASHI,179.75313404,179.75313404,176.01569264,178.46282689,2118.0
2005-10-13 09:15:00,NSE:IGARASHI,176.63859954,180.15357419,174.41393204,174.85886554,5507.0
2005-10-14 09:15:00,NSE:IGARASHI,175.34829239,177.30599979,169.07473004,175.83772814,6472.0
2005-10-17 09:15:00,NSE:IGARASHI,173.56855839,177.08353304,169.96459704,176.46062614,5079.0
2005-10-18 09:15:00,NSE:IGARASHI,179.26370719,179.26370719,172.63419804,176.10467044,1419.0
2005-10-19 09:15:00,NSE:IGARASHI,169.96459704,176.10467044,162.93465664,174.81437219,13879.0
2005-10-20 09:15:00,NSE:IGARASHI,173.52406504,173.52406504,153.10161739,165.47076869,11756.0
2005-10-21 09:15:00,NSE:IGARASHI,162.84566104,168.18486304,160.17606004,164.71439064,4107.0
2005-10-24 09:15:00,NSE:IGARASHI,175.30379904,175.30379904,159.28619304,160.88795364,22032.0
2005-10-25 09:15:00,NSE:IGARASHI,173.03463819,173.74653179,158.39632604,159.99808664,9653.0
2005-10-26 09:15:00,NSE:IGARASHI,155.77121839,161.06592704,155.77121839,159.15272189,15913.0
2005-10-27 09:15:00,NSE:IGARASHI,163.73552804,164.71439064,152.21175039,160.17606004,52610.0
2005-10-28 09:15:00,NSE:IGARASHI,160.17606004,162.57870094,153.05712404,159.19719744,5837.0
2005-10-31 09:15:00,NSE:IGARASHI,157.15052114,179.75313404,156.70558764,173.79102514,16802.0
2005-11-01 09:15:00,NSE:IGARASHI,161.11042039,172.18926454,161.11042039,170.58750394,595.0
2005-11-02 09:15:00,NSE:IGARASHI,165.07032854,169.07473004,163.73552804,165.51526204,4867.0
2005-11-07 09:15:00,NSE:IGARASHI,162.04478964,169.07473004,157.15052114,161.28839379,4913.0
2005-11-08 09:15:00,NSE:IGARASHI,161.28839379,164.62539504,161.06592704,163.73552804,2221.0
2005-11-09 09:15:00,NSE:IGARASHI,162.84566104,164.62539504,155.72672504,160.79896694,3139.0
2005-11-10 09:15:00,NSE:IGARASHI,161.06592704,168.18486304,161.06592704,166.36063569,5069.0
2005-11-11 09:15:00,NSE:IGARASHI,167.29499604,169.07473004,164.22495489,164.80336844,857.0
2005-11-14 09:15:00,NSE:IGARASHI,169.07473004,169.07473004,160.17606004,161.15492264,1329.0
2005-11-16 09:15:00,NSE:IGARASHI,163.73552804,164.62539504,161.95579404,162.89015439,1011.0
2005-11-17 09:15:00,NSE:IGARASHI,158.61879279,170.36503719,158.61879279,168.67428989,7710.0
2005-11-18 09:15:00,NSE:IGARASHI,169.96459704,172.50072689,164.66988839,166.80556919,3317.0
2005-11-21 09:15:00,NSE:IGARASHI,166.40512904,168.18486304,164.18046154,164.58090169,527.0
2005-11-22 09:15:00,NSE:IGARASHI,161.95579404,165.51526204,161.95579404,164.18046154,404.0
2005-11-23 09:15:00,NSE:IGARASHI,163.73552804,163.73552804,157.23949894,158.17385929,3303.0
2005-11-24 09:15:00,NSE:IGARASHI,160.17606004,167.56195614,160.17606004,160.39852679,2886.0
2005-11-25 09:15:00,NSE:IGARASHI,169.96459704,169.96459704,160.30953119,163.06812779,3939.0
2005-11-28 09:15:00,NSE:IGARASHI,171.74433104,174.41393204,160.17606004,164.66988839,5162.0
2005-11-29 09:15:00,NSE:IGARASHI,162.04478964,166.40512904,161.28839379,163.82452364,3449.0
2005-11-30 09:15:00,NSE:IGARASHI,164.26945714,177.75093329,164.26945714,175.03683894,5928.0
2005-12-01 09:15:00,NSE:IGARASHI,180.55400545,185.98220305,174.41393204,178.37384019,5805.0
2005-12-02 09:15:00,NSE:IGARASHI,179.75313404,211.78834605,179.75313404,197.63946965,91027.0
2005-12-05 09:15:00,NSE:IGARASHI,197.99540755,199.5526748,187.76193705,191.85533415,14829.0
2005-12-06 09:15:00,NSE:IGARASHI,204.66941005,204.66941005,184.42493579,186.4716299,4484.0
2005-12-07 09:15:00,NSE:IGARASHI,189.09673755,201.55487555,186.9165634,194.9253664,19147.0
2005-12-08 09:15:00,NSE:IGARASHI,197.99540755,200.22007505,191.32140505,193.19013465,8827.0
2005-12-09 09:15:00,NSE:IGARASHI,193.99100605,193.99100605,187.76193705,189.6751422,3900.0
2005-12-12 09:15:00,NSE:IGARASHI,188.6962974,197.55047405,188.65180405,190.69849815,11164.0
2005-12-13 09:15:00,NSE:IGARASHI,191.32140505,192.21127205,186.07119864,187.67294145,13885.0
2005-12-14 09:15:00,NSE:IGARASHI,187.76193705,188.20687055,184.24696239,185.62626514,2429.0
2005-12-15 09:15:00,NSE:IGARASHI,186.69409665,186.87207005,175.39279464,177.21700419,3816.0
2005-12-16 09:15:00,NSE:IGARASHI,182.46722839,211.78834605,178.86326704,196.92756715,48158.0
2005-12-19 09:15:00,NSE:IGARASHI,199.33020805,203.33460955,187.76193705,190.6540048,21966.0
2005-12-20 09:15:00,NSE:IGARASHI,189.1412309,189.54167105,182.46722839,184.64740255,8732.0
2005-12-21 09:15:00,NSE:IGARASHI,187.7174437,189.45267545,182.42273504,183.66853995,4072.0
2005-12-22 09:15:00,NSE:IGARASHI,187.67294145,192.21127205,182.42273504,187.5394703,14139.0
2005-12-23 09:15:00,NSE:IGARASHI,192.12227645,192.21127205,180.64300104,181.88880595,7087.0
2005-12-26 09:15:00,NSE:IGARASHI,186.87207005,196.21567355,173.56855839,176.46062614,10335.0
2005-12-27 09:15:00,NSE:IGARASHI,177.03903969,181.53286804,177.03903969,178.50732914,8524.0
2005-12-28 09:15:00,NSE:IGARASHI,178.86326704,179.53066729,175.08133229,175.52626579,2797.0
2005-12-29 09:15:00,NSE:IGARASHI,178.01789339,180.19806754,177.08353304,178.77427144,15075.0
2005-12-30 09:15:00,NSE:IGARASHI,177.97340004,179.30820054,177.08353304,178.64080029,5007.0
2006-01-02 09:15:00,NSE:IGARASHI,179.70864069,179.70864069,176.41613279,177.97340004,2617.0
2006-01-03 09:15:00,NSE:IGARASHI,177.12802639,179.75313404,176.19366604,177.48397319,4455.0
2006-01-04 09:15:00,NSE:IGARASHI,183.22360645,183.22360645,177.08353304,178.28486239,8064.0
2006-01-05 09:15:00,NSE:IGARASHI,178.86326704,178.86326704,176.19366604,176.63859954,3797.0
2006-01-06 09:15:00,NSE:IGARASHI,177.08353304,193.54607255,177.08353304,188.6962974,203851.0
2006-01-09 09:15:00,NSE:IGARASHI,193.90201045,197.55047405,191.32140505,193.5015792,24608.0
2006-01-10 09:15:00,NSE:IGARASHI,195.77074005,195.77074005,185.09233605,187.2725102,5902.0
2006-01-12 09:15:00,NSE:IGARASHI,186.87207005,189.45267545,184.46942915,185.6707407,4770.0
2006-01-13 09:15:00,NSE:IGARASHI,185.98220305,188.65180405,185.18133164,186.73859889,4775.0
2006-01-16 09:15:00,NSE:IGARASHI,184.29146464,186.78307445,182.95666414,184.46942915,2068.0
2006-01-17 09:15:00,NSE:IGARASHI,188.65180405,191.1879339,179.75313404,180.55400545,4595.0
2006-01-18 09:15:00,NSE:IGARASHI,179.39719614,181.44387245,177.08353304,178.55180469,4832.0
2006-01-19 09:15:00,NSE:IGARASHI,179.75313404,186.87207005,179.75313404,185.40379839,2683.0
2006-01-20 09:15:00,NSE:IGARASHI,189.45267545,189.98660455,186.78307445,188.91876415,6889.0
2006-01-23 09:15:00,NSE:IGARASHI,186.9165634,188.65180405,184.20246904,185.40379839,1929.0
2006-01-24 09:15:00,NSE:IGARASHI,182.42273504,188.47383065,182.42273504,187.58396365,7311.0
2006-01-25 09:15:00,NSE:IGARASHI,186.87207005,189.45267545,185.98220305,188.4293373,5605.0
2006-01-27 09:15:00,NSE:IGARASHI,186.29366539,187.49497695,180.64300104,182.77867295,5503.0
2006-01-30 09:15:00,NSE:IGARASHI,205.55927705,205.55927705,178.86326704,180.55400545,4614.0
2006-01-31 09:15:00,NSE:IGARASHI,181.53286804,181.97780154,178.06239564,179.48617394,3451.0
2006-02-01 09:15:00,NSE:IGARASHI,178.86326704,178.86326704,169.87560144,170.40953054,3646.0
2006-02-02 09:15:00,NSE:IGARASHI,170.94345964,175.30379904,164.62539504,171.29939754,6099.0
2006-02-03 09:15:00,NSE:IGARASHI,170.85446404,170.85446404,168.58530319,168.98573444,1532.0
2006-02-06 09:15:00,NSE:IGARASHI,174.41393204,174.41393204,168.18486304,169.07473004,1337.0
2006-02-07 09:15:00,NSE:IGARASHI,171.07693079,171.07693079,165.55975539,166.13816894,1711.0
2006-02-08 09:15:00,NSE:IGARASHI,160.17606004,169.07473004,160.17606004,168.09586744,1583.0
2006-02-10 09:15:00,NSE:IGARASHI,174.85886554,174.85886554,167.96239629,172.01129114,2862.0
2006-02-13 09:15:00,NSE:IGARASHI,177.08353304,179.70864069,166.40512904,170.54300169,3001.0
2006-02-14 09:15:00,NSE:IGARASHI,169.16372564,170.80997069,167.29499604,168.49632539,2501.0
2006-02-15 09:15:00,NSE:IGARASHI,169.07473004,169.07473004,167.29499604,168.98573444,284.0
2006-02-16 09:15:00,NSE:IGARASHI,163.73552804,169.07473004,163.73552804,166.40512904,271.0
2006-02-17 09:15:00,NSE:IGARASHI,174.41393204,174.41393204,164.18046154,164.84786179,1502.0
2006-02-20 09:15:00,NSE:IGARASHI,164.66988839,165.51526204,158.39632604,161.86679844,4362.0
2006-02-21 09:15:00,NSE:IGARASHI,162.89015439,167.65093394,161.95579404,162.75666544,2373.0
2006-02-22 09:15:00,NSE:IGARASHI,163.73552804,164.62539504,160.17606004,161.77782064,5240.0
2006-02-23 09:15:00,NSE:IGARASHI,151.27739004,166.36063569,151.27739004,160.13156669,1739.0
2006-02-24 09:15:00,NSE:IGARASHI,162.75666544,166.27165789,160.17606004,163.91350144,2246.0
2006-02-27 09:15:00,NSE:IGARASHI,169.03023669,169.16372564,164.62539504,164.80336844,5419.0
2006-02-28 09:15:00,NSE:IGARASHI,164.62539504,164.84786179,162.04478964,162.04478964,406.0
2006-03-01 09:15:00,NSE:IGARASHI,163.73552804,175.65973694,162.84566104,171.69983769,7689.0
2006-03-02 09:15:00,NSE:IGARASHI,174.41393204,177.08353304,164.62539504,170.05359264,3249.0
2006-03-03 09:15:00,NSE:IGARASHI,167.29499604,170.85446404,164.84786179,166.53860019,3298.0
2006-03-06 09:15:00,NSE:IGARASHI,172.99013594,172.99013594,166.49412464,167.73992954,6055.0
2006-03-07 09:15:00,NSE:IGARASHI,169.07473004,169.07473004,167.29499604,168.18486304,1427.0
2006-03-08 09:15:00,NSE:IGARASHI,172.54520244,173.07913154,160.22055339,163.02363444,4876.0
2006-03-09 09:15:00,NSE:IGARASHI,167.20600044,167.29499604,155.90469844,158.35183269,3542.0
2006-03-10 09:15:00,NSE:IGARASHI,158.44081939,161.95579404,158.30733044,158.66328614,7897.0
2006-03-13 09:15:00,NSE:IGARASHI,168.14036969,168.14036969,157.95139254,160.97693144,2091.0
2006-03-14 09:15:00,NSE:IGARASHI,164.40292829,164.40292829,159.73112654,160.35403344,1415.0
2006-03-16 09:15:00,NSE:IGARASHI,159.15272189,160.39852679,157.95139254,157.95139254,1312.0
2006-03-17 09:15:00,NSE:IGARASHI,156.61659204,158.48532164,156.61659204,156.75006319,1642.0
2006-03-20 09:15:00,NSE:IGARASHI,145.09281439,161.42186494,145.09281439,150.69898539,21775.0
2006-03-21 09:15:00,NSE:IGARASHI,150.38752304,155.72672504,150.38752304,152.65668389,6860.0
2006-03-22 09:15:00,NSE:IGARASHI,153.01263069,157.50645904,150.03158514,155.68223169,2915.0
2006-03-23 09:15:00,NSE:IGARASHI,154.83685804,159.01923294,154.16945779,154.34743119,3242.0
2006-03-24 09:15:00,NSE:IGARASHI,152.25625264,153.05712404,151.72232354,152.61219054,6542.0
2006-03-27 09:15:00,NSE:IGARASHI,152.96812844,152.96812844,146.82805504,150.38752304,3923.0
2006-03-28 09:15:00,NSE:IGARASHI,147.09501514,149.27518929,143.93598729,145.62672569,4735.0
2006-03-29 09:15:00,NSE:IGARASHI,146.73905944,153.05712404,146.73905944,149.85359394,1874.0
2006-03-30 09:15:00,NSE:IGARASHI,149.85359394,152.61219054,145.53774789,152.30072819,4700.0
2006-03-31 09:15:00,NSE:IGARASHI,149.18619369,165.51526204,148.69678463,162.00028739,6727.0
2006-04-03 09:15:00,NSE:IGARASHI,166.31613344,169.07473004,163.73552804,167.25050269,4475.0
2006-04-04 09:15:00,NSE:IGARASHI,167.25050269,171.52186429,162.08926519,164.35843494,2727.0
2006-04-05 09:15:00,NSE:IGARASHI,165.51526204,174.14697194,164.22495489,170.63199729,4139.0
2006-04-07 09:15:00,NSE:IGARASHI,171.92230444,175.74873254,165.73772879,168.98573444,11220.0
2006-04-10 09:15:00,NSE:IGARASHI,170.40953054,170.40953054,162.48972314,164.66988839,1092.0
2006-04-12 09:15:00,NSE:IGARASHI,165.55975539,166.31613344,160.22055339,161.95579404,5069.0
2006-04-13 09:15:00,NSE:IGARASHI,160.17606004,161.82232289,155.77121839,158.35183269,1565.0
2006-04-17 09:15:00,NSE:IGARASHI,147.71792204,158.17385929,147.71792204,155.77121839,750.0
2006-04-18 09:15:00,NSE:IGARASHI,156.61659204,166.40512904,155.01483144,161.77782064,1669.0
2006-04-19 09:15:00,NSE:IGARASHI,168.98573444,194.16897945,157.63993019,190.8319782,994704.0
2006-04-20 09:15:00,NSE:IGARASHI,195.59276665,204.49143665,186.96106564,193.5015792,81311.0
2006-04-21 09:15:00,NSE:IGARASHI,183.35709539,192.21127205,176.19366604,179.30820054,718951.0
2006-04-24 09:15:00,NSE:IGARASHI,185.89320745,196.66060705,176.32713719,186.42713655,22712.0
2006-04-25 09:15:00,NSE:IGARASHI,186.87207005,188.65180405,178.10687119,181.88880595,6666.0
2006-04-26 09:15:00,NSE:IGARASHI,186.69409665,186.69409665,179.84212964,181.31040129,5486.0
2006-04-27 09:15:00,NSE:IGARASHI,179.13022714,182.42273504,174.41393204,176.54960394,4236.0
2006-04-28 09:15:00,NSE:IGARASHI,156.70558764,178.86326704,155.94919179,175.61526139,7788.0
2006-05-02 09:15:00,NSE:IGARASHI,173.52406504,177.97340004,169.16372564,171.07693079,1222.0
2006-05-03 09:15:00,NSE:IGARASHI,170.85446404,174.76986994,169.07473004,169.56415689,2949.0
2006-05-04 09:15:00,NSE:IGARASHI,173.43506944,173.43506944,167.29499604,168.18486304,1302.0
2006-05-05 09:15:00,NSE:IGARASHI,167.96239629,171.29939754,167.91790294,169.29719679,614.0
2006-05-08 09:15:00,NSE:IGARASHI,172.63419804,177.08353304,169.51966354,171.12142414,970.0
2006-05-09 09:15:00,NSE:IGARASHI,175.30379904,176.19366604,169.96459704,171.29939754,2684.0
2006-05-10 09:15:00,NSE:IGARASHI,169.11922339,172.58970469,167.82892514,168.54080094,2586.0
2006-05-11 09:15:00,NSE:IGARASHI,173.16812714,173.16812714,167.29499604,167.60645839,1580.0
2006-05-12 09:15:00,NSE:IGARASHI,169.96459704,171.21040194,163.86899919,165.38179089,1683.0
2006-05-15 09:15:00,NSE:IGARASHI,163.78002139,168.98573444,159.28619304,161.51086054,2655.0
2006-05-16 09:15:00,NSE:IGARASHI,158.39632604,162.35623419,154.92585364,155.94919179,1012.0
2006-05-17 09:15:00,NSE:IGARASHI,160.17606004,169.07473004,153.05712404,157.81792139,26717.0
2006-05-18 09:15:00,NSE:IGARASHI,160.17606004,160.17606004,149.76461614,151.23289669,7522.0
2006-05-19 09:15:00,NSE:IGARASHI,162.48972314,162.48972314,140.64347938,142.77916018,2771.0
2006-05-22 09:15:00,NSE:IGARASHI,135.70471753,140.59898603,118.35231103,130.23204438,5454.0
2006-05-23 09:15:00,NSE:IGARASHI,124.67037563,137.92938503,124.58138003,136.99502468,2430.0
2006-05-24 09:15:00,NSE:IGARASHI,145.84919244,145.84919244,133.92498353,135.43775743,2502.0
2006-05-25 09:15:00,NSE:IGARASHI,133.48005003,136.95052243,129.03071503,133.43555668,1329.0
2006-05-26 09:15:00,NSE:IGARASHI,137.48445153,140.42101263,135.66022418,137.84038943,2078.0
2006-05-29 09:15:00,NSE:IGARASHI,142.24524888,143.66902719,138.81925203,142.20074663,859.0
2006-05-30 09:15:00,NSE:IGARASHI,145.04832104,149.49765604,139.26418553,146.91705063,1908.0
2006-05-31 09:15:00,NSE:IGARASHI,136.14965103,151.98928364,122.89064163,144.95932544,14686.0
2006-06-01 09:15:00,NSE:IGARASHI,149.49765604,149.49765604,133.56904563,138.01838063,361.0
2006-06-02 09:15:00,NSE:IGARASHI,136.23864663,136.81705128,127.07300763,135.25978403,1018.0
2006-06-05 09:15:00,NSE:IGARASHI,137.92938503,137.92938503,126.85054088,128.40780813,328.0
2006-06-06 09:15:00,NSE:IGARASHI,121.02191203,128.14084803,121.02191203,122.80164603,683.0
2006-06-07 09:15:00,NSE:IGARASHI,121.02191203,124.58138003,101.97875822,111.18888168,1385.0
2006-06-08 09:15:00,NSE:IGARASHI,100.59946437,100.59946437,88.98670002,90.27700717,12642.0
2006-06-09 09:15:00,NSE:IGARASHI,84.98229852,104.11443903,84.98229852,101.88977152,2280.0
2006-06-12 09:15:00,NSE:IGARASHI,102.77963853,104.02545233,96.99550302,101.40034467,78049.0
2006-06-13 09:15:00,NSE:IGARASHI,101.44483802,101.44483802,93.43603502,93.61400842,1305.0
2006-06-14 09:15:00,NSE:IGARASHI,90.76643402,96.55056952,85.02679454,87.82987025,3061.0
2006-06-15 09:15:00,NSE:IGARASHI,88.98670002,101.80078482,88.942204,97.88537002,6448.0
2006-06-16 09:15:00,NSE:IGARASHI,104.11443903,113.90297603,99.04219712,107.98536048,5764.0
2006-06-19 09:15:00,NSE:IGARASHI,113.54702923,113.54702923,102.91311858,108.56377403,443.0
2006-06-20 09:15:00,NSE:IGARASHI,108.02985383,109.23117428,107.05100013,107.67390703,554.0
2006-06-21 09:15:00,NSE:IGARASHI,110.34350803,112.12324203,109.05320088,109.45364103,452.0
2006-06-22 09:15:00,NSE:IGARASHI,115.68271003,119.06420463,106.78404003,112.03425533,5322.0
2006-06-23 09:15:00,NSE:IGARASHI,112.16773538,113.90297603,110.38800138,112.25672208,525.0
2006-06-26 09:15:00,NSE:IGARASHI,110.65496148,110.69945483,103.53602548,105.49373288,2177.0
2006-06-27 09:15:00,NSE:IGARASHI,100.99990452,106.78404003,97.88537002,101.88977152,855.0
2006-06-28 09:15:00,NSE:IGARASHI,98.33030352,105.67170628,97.88537002,102.60166513,911.0
2006-06-29 09:15:00,NSE:IGARASHI,100.73294442,122.80164603,100.59946437,109.67610778,6391.0
2006-06-30 09:15:00,NSE:IGARASHI,115.68271003,122.80164603,108.60826738,118.97521793,6777.0
2006-07-03 09:15:00,NSE:IGARASHI,115.72720338,117.99637313,112.30121543,113.90297603,4782.0
2006-07-04 09:15:00,NSE:IGARASHI,111.27786838,113.90297603,110.61046813,110.61046813,439.0
2006-07-05 09:15:00,NSE:IGARASHI,113.01310903,113.01310903,108.56377403,111.18888168,3836.0
2006-07-06 09:15:00,NSE:IGARASHI,110.34350803,113.01310903,109.58712108,110.96641493,4860.0
2006-07-07 09:15:00,NSE:IGARASHI,110.07654793,119.24217803,110.03205458,114.48138068,2027.0
2006-07-10 09:15:00,NSE:IGARASHI,117.41795068,117.41795068,111.23337503,114.21443838,430.0
2006-07-11 09:15:00,NSE:IGARASHI,114.79284303,121.91177903,109.94306788,118.75275118,2791.0
2006-07-12 09:15:00,NSE:IGARASHI,118.75275118,128.14084803,112.39020213,124.80384678,3900.0
2006-07-13 09:15:00,NSE:IGARASHI,126.31662068,129.92058203,122.89064163,124.00297538,2909.0
2006-07-14 09:15:00,NSE:IGARASHI,117.50693738,124.58138003,117.46244403,124.31441993,2468.0
2006-07-17 09:15:00,NSE:IGARASHI,119.68711153,125.38225143,119.59811593,119.82058268,475.0
2006-07-18 09:15:00,NSE:IGARASHI,123.69151303,124.58138003,113.05760238,120.66597413,5561.0
2006-07-19 09:15:00,NSE:IGARASHI,115.90517678,116.66157263,115.90517678,116.66157263,224.0
2006-07-20 09:15:00,NSE:IGARASHI,116.17213688,122.66817488,116.17213688,119.59811593,566.0
2006-07-21 09:15:00,NSE:IGARASHI,116.75055043,120.13204503,114.79284303,115.54923888,17209.0
2006-07-24 09:15:00,NSE:IGARASHI,112.47918883,118.35231103,112.47918883,118.35231103,675.0
2006-07-25 09:15:00,NSE:IGARASHI,122.80164603,124.58138003,120.13204503,120.13204503,1333.0
2006-07-27 09:15:00,NSE:IGARASHI,119.24217803,120.13204503,118.44130663,120.13204503,1236.0
2006-07-28 09:15:00,NSE:IGARASHI,121.02191203,123.69151303,119.24217803,122.26771693,3724.0
2006-07-31 09:15:00,NSE:IGARASHI,120.13204503,124.58138003,119.68711153,119.82058268,1356.0
2006-08-01 09:15:00,NSE:IGARASHI,122.71265043,122.71265043,118.04084868,118.57477778,4.0
2006-08-02 09:15:00,NSE:IGARASHI,119.01971128,122.35671253,119.01971128,119.50913813,116.0
2006-08-03 09:15:00,NSE:IGARASHI,120.26551618,123.69151303,119.77610713,120.35451178,4571.0
2006-08-04 09:15:00,NSE:IGARASHI,124.58138003,124.58138003,120.13204503,121.42235218,1462.0
2006-08-07 09:15:00,NSE:IGARASHI,120.13204503,120.13204503,114.08094943,115.46024328,4082.0
2006-08-08 09:15:00,NSE:IGARASHI,115.68271003,115.68271003,113.90297603,115.63821668,9873.0
2006-08-09 09:15:00,NSE:IGARASHI,115.68271003,118.04084868,115.10430538,116.88403938,1453.0
2006-08-10 09:15:00,NSE:IGARASHI,124.53688668,124.53688668,118.79724453,120.13204503,790.0
2006-08-11 09:15:00,NSE:IGARASHI,120.13204503,122.80164603,117.01751053,118.44130663,783.0
2006-08-14 09:15:00,NSE:IGARASHI,122.75715268,129.03071503,120.13204503,127.29547438,7712.0
2006-08-16 09:15:00,NSE:IGARASHI,147.80691763,147.80691763,125.56024263,128.05185243,1720.0
2006-08-17 09:15:00,NSE:IGARASHI,122.35671253,128.94171943,121.95627238,124.58138003,1227.0
2006-08-18 09:15:00,NSE:IGARASHI,121.91177903,128.05185243,117.59591518,127.07300763,5940.0
2006-08-21 09:15:00,NSE:IGARASHI,125.02631353,137.03951803,125.02631353,132.41220963,6123.0
2006-08-22 09:15:00,NSE:IGARASHI,135.25978403,137.03951803,131.70031603,132.41220963,2728.0
2006-08-23 09:15:00,NSE:IGARASHI,129.25318178,130.27651993,122.08975243,122.57917928,7697.0
2006-08-24 09:15:00,NSE:IGARASHI,120.31001843,124.49238443,114.12544278,120.84393863,92538.0
2006-08-25 09:15:00,NSE:IGARASHI,123.69151303,126.36111403,121.02191203,122.08975243,1902.0
2006-08-28 09:15:00,NSE:IGARASHI,124.49238443,124.49238443,114.88183863,116.66157263,2646.0
2006-08-29 09:15:00,NSE:IGARASHI,117.46244403,123.15758393,117.46244403,119.42015143,3122.0
2006-08-30 09:15:00,NSE:IGARASHI,120.17653838,120.22104063,116.66157263,117.72940413,795.0
2006-08-31 09:15:00,NSE:IGARASHI,117.50693738,117.90737753,115.94967013,116.12764353,1362.0
2006-09-01 09:15:00,NSE:IGARASHI,115.99417238,116.57257703,112.12324203,113.45804253,140167.0
2006-09-04 09:15:00,NSE:IGARASHI,114.74834968,118.08535093,113.45804253,115.05980313,120927.0
2006-09-05 09:15:00,NSE:IGARASHI,117.46244403,133.30207663,117.46244403,125.96067388,60952.0
2006-09-06 09:15:00,NSE:IGARASHI,125.96067388,129.65362193,120.57697853,126.40560738,35067.0
2006-09-07 09:15:00,NSE:IGARASHI,121.11090763,127.25098103,121.11090763,124.35891328,6271.0
2006-09-08 09:15:00,NSE:IGARASHI,124.35891328,129.47564853,124.35891328,126.67257638,4193.0
2006-09-11 09:15:00,NSE:IGARASHI,128.14084803,129.38665293,120.13204503,122.53468593,3263.0
2006-09-12 09:15:00,NSE:IGARASHI,123.24657953,124.58138003,121.02191203,122.17873913,2010.0
2006-09-13 09:15:00,NSE:IGARASHI,124.58138003,129.38665293,124.04745093,125.78270938,6853.0
2006-09-14 09:15:00,NSE:IGARASHI,125.91618053,128.05185243,124.71485118,125.78270938,5098.0
2006-09-15 09:15:00,NSE:IGARASHI,123.29107288,127.25098103,123.06860613,125.73820713,1682.0
2006-09-18 09:15:00,NSE:IGARASHI,125.56024263,127.25098103,124.22544213,124.58138003,6461.0
2006-09-19 09:15:00,NSE:IGARASHI,128.58578153,131.25538253,126.53908743,127.38445218,10446.0
2006-09-20 09:15:00,NSE:IGARASHI,126.45010963,127.69591453,125.47124703,126.80604753,1839.0
2006-09-21 09:15:00,NSE:IGARASHI,129.03071503,129.03071503,125.29327363,127.02851428,5571.0
2006-09-22 09:15:00,NSE:IGARASHI,127.25098103,127.69591453,126.40560738,126.40560738,1647.0
2006-09-25 09:15:00,NSE:IGARASHI,125.07080688,128.00737688,125.07080688,125.78270938,4688.0
2006-09-26 09:15:00,NSE:IGARASHI,125.02631353,127.20648768,125.02631353,125.33777588,2118.0
2006-09-27 09:15:00,NSE:IGARASHI,126.36111403,131.70031603,125.51574038,130.72145343,6536.0
2006-09-28 09:15:00,NSE:IGARASHI,137.92938503,153.01263069,136.59458453,142.37872003,115865.0
2006-09-29 09:15:00,NSE:IGARASHI,144.73685869,145.93818804,137.48445153,138.73025644,26670.0
2006-10-03 09:15:00,NSE:IGARASHI,139.70911903,143.26858703,138.81925203,141.04391953,1673.0
2006-10-04 09:15:00,NSE:IGARASHI,144.15845404,144.15845404,136.14965103,137.92938503,2613.0
2006-10-05 09:15:00,NSE:IGARASHI,139.84259019,144.15845404,134.54789043,137.70691828,3623.0
2006-10-06 09:15:00,NSE:IGARASHI,137.92938503,149.49765604,136.14965103,145.04832104,5277.0
2006-10-09 09:15:00,NSE:IGARASHI,144.95932544,146.65008164,142.37872003,144.46991638,2352.0
2006-10-10 09:15:00,NSE:IGARASHI,145.76021464,145.76021464,136.14965103,136.95052243,8176.0
2006-10-11 09:15:00,NSE:IGARASHI,138.90824763,142.82365353,133.48005003,136.01617988,9046.0
2006-10-12 09:15:00,NSE:IGARASHI,142.28972444,142.28972444,134.36991703,138.06285619,2890.0
2006-10-13 09:15:00,NSE:IGARASHI,140.59898603,145.93818804,139.70911903,140.59898603,5403.0
2006-10-16 09:15:00,NSE:IGARASHI,141.48885303,141.48885303,133.48005003,134.94832168,20325.0
2006-10-17 09:15:00,NSE:IGARASHI,133.48005003,133.48005003,127.20648768,128.31882143,2112.0
2006-10-18 09:15:00,NSE:IGARASHI,129.92058203,129.92058203,127.25098103,127.56244338,2230.0
2006-10-19 09:15:00,NSE:IGARASHI,133.30207663,133.30207663,125.82718493,126.67257638,1733.0
2006-10-20 09:15:00,NSE:IGARASHI,127.78491013,130.36551553,127.78491013,130.36551553,227.0
2006-10-23 09:15:00,NSE:IGARASHI,130.81044903,131.43335593,127.78491013,131.16638693,7279.0
2006-10-26 09:15:00,NSE:IGARASHI,133.48005003,133.56904563,130.81044903,133.48005003,1849.0
2006-10-27 09:15:00,NSE:IGARASHI,134.28092143,139.62012344,132.59018303,132.99062318,20316.0
2006-10-30 09:15:00,NSE:IGARASHI,136.14965103,136.14965103,130.45451113,130.72145343,1646.0
2006-10-31 09:15:00,NSE:IGARASHI,129.16418618,129.16418618,124.58138003,126.93951868,2973.0
2006-11-02 09:15:00,NSE:IGARASHI,127.02851428,130.36551553,126.36111403,126.58358078,1258.0
2006-11-03 09:15:00,NSE:IGARASHI,126.36111403,126.58358078,122.13424578,124.49238443,3665.0
2006-11-06 09:15:00,NSE:IGARASHI,123.91397978,125.42675368,121.91177903,123.24657953,8964.0
2006-11-07 09:15:00,NSE:IGARASHI,123.69151303,124.58138003,121.02191203,121.91177903,8502.0
2006-11-08 09:15:00,NSE:IGARASHI,121.28887213,122.80164603,113.54702923,115.54923888,19657.0
2006-11-09 09:15:00,NSE:IGARASHI,119.68711153,120.13204503,114.88183863,115.81618118,8858.0
2006-11-10 09:15:00,NSE:IGARASHI,115.86068343,115.86068343,114.57037628,115.41574993,5600.0
2006-11-13 09:15:00,NSE:IGARASHI,115.68271003,118.79724453,113.90297603,114.83733638,25495.0
2006-11-14 09:15:00,NSE:IGARASHI,120.79944528,121.91177903,115.05980313,120.75495193,13013.0
2006-11-15 09:15:00,NSE:IGARASHI,121.91177903,122.75715268,117.55143963,117.55143963,650.0
2006-11-16 09:15:00,NSE:IGARASHI,118.88624013,118.88624013,118.88624013,118.88624013,8076.0
2006-11-17 09:15:00,NSE:IGARASHI,121.82278343,121.82278343,115.68271003,116.21663913,8683.0
2006-11-20 09:15:00,NSE:IGARASHI,112.34570878,116.97301718,112.21222873,115.50473663,2627.0
2006-11-21 09:15:00,NSE:IGARASHI,114.12544278,116.35011028,113.54702923,115.41574993,9431.0
2006-11-22 09:15:00,NSE:IGARASHI,116.35011028,118.35231103,115.37124768,115.37124768,5636.0
2006-11-23 09:15:00,NSE:IGARASHI,115.68271003,117.01751053,114.83733638,117.01751053,801.0
2006-11-24 09:15:00,NSE:IGARASHI,120.13204503,140.33202593,115.77170563,133.96947688,157914.0
2006-11-27 09:15:00,NSE:IGARASHI,134.99282393,135.70471753,124.71485118,126.40560738,40114.0
2006-11-28 09:15:00,NSE:IGARASHI,124.58138003,126.36111403,120.48798293,121.73380563,18094.0
2006-11-29 09:15:00,NSE:IGARASHI,125.29327363,126.98402093,121.11090763,122.04525018,17726.0
2006-11-30 09:15:00,NSE:IGARASHI,123.69151303,131.61132043,122.00077463,123.64701968,37702.0
2006-12-01 09:15:00,NSE:IGARASHI,124.93731793,128.58578153,121.02191203,122.49018368,49337.0
2006-12-04 09:15:00,NSE:IGARASHI,127.16198543,127.16198543,118.35231103,119.99857388,5796.0
2006-12-05 09:15:00,NSE:IGARASHI,120.13204503,121.28887213,117.99637313,118.39680438,4832.0
2006-12-06 09:15:00,NSE:IGARASHI,113.19108243,113.19108243,113.19108243,113.19108243,12026.0
2006-12-07 09:15:00,NSE:IGARASHI,117.28447063,117.28447063,117.28447063,117.28447063,33662.0
2006-12-08 09:15:00,NSE:IGARASHI,117.50693738,118.75275118,114.79284303,115.46024328,6098.0
2006-12-11 09:15:00,NSE:IGARASHI,113.01310903,114.79284303,108.87522748,112.12324203,6878.0
2006-12-12 09:15:00,NSE:IGARASHI,111.23337503,114.79284303,108.74174743,110.87742823,5256.0
2006-12-13 09:15:00,NSE:IGARASHI,109.00870753,113.72500263,107.67390703,111.85628193,4867.0
2006-12-14 09:15:00,NSE:IGARASHI,117.32897288,117.37344843,112.03425533,116.30561693,5581.0
2006-12-15 09:15:00,NSE:IGARASHI,113.90297603,117.46244403,113.90297603,114.43690513,8781.0
2006-12-18 09:15:00,NSE:IGARASHI,115.23777653,116.39460363,112.39020213,114.70384743,2741.0
2006-12-19 09:15:00,NSE:IGARASHI,115.23777653,115.68271003,113.01310903,113.05760238,8468.0
2006-12-20 09:15:00,NSE:IGARASHI,112.34570878,113.36905583,112.30121543,112.39020213,1744.0
2006-12-21 09:15:00,NSE:IGARASHI,110.43249473,113.01310903,110.43249473,111.27786838,1706.0
2006-12-22 09:15:00,NSE:IGARASHI,111.23337503,116.57257703,111.23337503,114.74834968,1930.0
2006-12-26 09:15:00,NSE:IGARASHI,112.25672208,118.12984428,112.21222873,117.59591518,9890.0
2006-12-27 09:15:00,NSE:IGARASHI,118.35231103,119.01971128,115.10430538,115.59371443,6604.0
2006-12-28 09:15:00,NSE:IGARASHI,113.90297603,115.68271003,112.43469548,113.94746938,4057.0
2006-12-29 09:15:00,NSE:IGARASHI,114.43690513,116.57257703,113.45804253,114.03644718,5097.0
2007-01-02 09:15:00,NSE:IGARASHI,119.77610713,119.77610713,114.83733638,114.97081643,1977.0
2007-01-03 09:15:00,NSE:IGARASHI,114.88183863,121.02191203,114.83733638,119.24217803,9400.0
2007-01-04 09:15:00,NSE:IGARASHI,116.83953713,119.06420463,116.83953713,117.90737753,954.0
2007-01-05 09:15:00,NSE:IGARASHI,119.90957828,119.95407163,116.75055043,117.01751053,942.0
2007-01-08 09:15:00,NSE:IGARASHI,114.88183863,118.30781768,112.30121543,113.94746938,7085.0
2007-01-09 09:15:00,NSE:IGARASHI,116.79504378,116.79504378,112.30121543,112.43469548,4339.0
2007-01-10 09:15:00,NSE:IGARASHI,114.74834968,114.79284303,113.45804253,113.81398933,2440.0
2007-01-11 09:15:00,NSE:IGARASHI,115.68271003,116.26111468,114.34790953,114.97081643,3852.0
2007-01-12 09:15:00,NSE:IGARASHI,118.35231103,119.24217803,113.28006913,117.37344843,3600.0
2007-01-15 09:15:00,NSE:IGARASHI,120.13204503,121.91177903,115.90517678,115.90517678,1944.0
2007-01-16 09:15:00,NSE:IGARASHI,117.46244403,117.46244403,113.99197163,114.30341618,3835.0
2007-01-17 09:15:00,NSE:IGARASHI,113.90297603,117.86288418,113.36905583,113.85848268,3433.0
2007-01-18 09:15:00,NSE:IGARASHI,117.90737753,117.99637313,114.43690513,114.74834968,4607.0
2007-01-19 09:15:00,NSE:IGARASHI,114.34790953,116.57257703,114.34790953,116.35011028,641.0
2007-01-22 09:15:00,NSE:IGARASHI,113.54702923,115.68271003,113.54702923,113.99197163,7941.0
2007-01-23 09:15:00,NSE:IGARASHI,124.40340663,124.40340663,114.43690513,114.61486963,676.0
2007-01-24 09:15:00,NSE:IGARASHI,119.24217803,119.24217803,113.01310903,113.14658908,74112.0
2007-01-25 09:15:00,NSE:IGARASHI,114.79284303,121.86728568,113.90297603,117.77390638,24224.0
2007-01-29 09:15:00,NSE:IGARASHI,120.93291643,121.02191203,114.97081643,116.66157263,2772.0
2007-01-31 09:15:00,NSE:IGARASHI,116.12764353,122.80164603,114.16993613,115.28226988,57016.0
2007-02-01 09:15:00,NSE:IGARASHI,119.24217803,119.24217803,115.05980313,116.12764353,31093.0
2007-02-02 09:15:00,NSE:IGARASHI,122.31221918,122.31221918,114.97081643,116.79504378,25092.0
2007-02-05 09:15:00,NSE:IGARASHI,118.17433763,129.78711088,115.72720338,125.47124703,99958.0
2007-02-06 09:15:00,NSE:IGARASHI,126.36111403,131.70031603,125.60471818,126.67257638,20815.0
2007-02-07 09:15:00,NSE:IGARASHI,122.35671253,128.14084803,122.13424578,124.53688668,23052.0
2007-02-08 09:15:00,NSE:IGARASHI,122.84613938,123.69151303,121.11090763,121.91177903,8327.0
2007-02-09 09:15:00,NSE:IGARASHI,117.90737753,123.15758393,117.46244403,119.06420463,16636.0
2007-02-12 09:15:00,NSE:IGARASHI,115.81618118,117.28447063,111.23337503,113.54702923,8794.0
2007-02-13 09:15:00,NSE:IGARASHI,114.79284303,117.41795068,113.32456248,114.16993613,2930.0
2007-02-14 09:15:00,NSE:IGARASHI,112.12324203,116.57257703,112.12324203,115.63821668,5377.0
2007-02-15 09:15:00,NSE:IGARASHI,118.79724453,121.91177903,115.68271003,118.08535093,15666.0
2007-02-19 09:15:00,NSE:IGARASHI,119.24217803,119.50913813,115.68271003,116.35011028,5681.0
2007-02-20 09:15:00,NSE:IGARASHI,113.94746938,117.23997728,113.90297603,114.48138068,2166.0
2007-02-21 09:15:00,NSE:IGARASHI,113.94746938,116.30561693,113.94746938,115.68271003,3854.0
2007-02-22 09:15:00,NSE:IGARASHI,114.39240288,115.68271003,113.10209573,113.23557578,1472.0
2007-02-23 09:15:00,NSE:IGARASHI,113.99197163,113.99197163,104.24791908,107.31796023,4490.0
2007-02-26 09:15:00,NSE:IGARASHI,105.98315973,109.45364103,105.00430603,106.87302673,2826.0
2007-02-27 09:15:00,NSE:IGARASHI,110.03205458,110.03205458,103.89197228,104.11443903,3518.0
2007-02-28 09:15:00,NSE:IGARASHI,99.70959737,104.64835923,98.90871707,99.62061067,3022.0
2007-03-01 09:15:00,NSE:IGARASHI,98.77523702,103.04659863,94.32590202,96.63955622,6480.0
2007-03-02 09:15:00,NSE:IGARASHI,98.77523702,102.33470502,98.77523702,99.44263727,2975.0
2007-03-05 09:15:00,NSE:IGARASHI,92.59066137,96.10563602,92.59066137,94.28140867,2621.0
2007-03-06 09:15:00,NSE:IGARASHI,92.72414142,97.79638332,91.03339412,91.70079437,1841.0
2007-03-07 09:15:00,NSE:IGARASHI,91.25586087,91.87876777,85.64969877,87.29595094,8850.0
2007-03-08 09:15:00,NSE:IGARASHI,86.76203252,90.76643402,85.96115044,90.09903377,3527.0
2007-03-09 09:15:00,NSE:IGARASHI,89.87656702,93.34704832,89.87656702,90.27700717,3412.0
2007-03-12 09:15:00,NSE:IGARASHI,89.47612687,91.65630102,87.20696602,88.942204,1995.0
2007-03-13 09:15:00,NSE:IGARASHI,87.65189952,89.87656702,87.5629146,89.47612687,7203.0
2007-03-14 09:15:00,NSE:IGARASHI,89.74308697,89.74308697,87.29595094,87.29595094,1348.0
2007-03-15 09:15:00,NSE:IGARASHI,89.87656702,89.87656702,87.25146204,89.87656702,13952.0
2007-03-16 09:15:00,NSE:IGARASHI,88.09683302,88.98670002,88.052337,88.98670002,470.0
2007-03-19 09:15:00,NSE:IGARASHI,88.4527816,88.4527816,88.4527816,88.4527816,1236.0
2007-03-20 09:15:00,NSE:IGARASHI,88.98670002,90.76643402,88.09683302,88.09683302,1629.0
2007-03-21 09:15:00,NSE:IGARASHI,99.84307742,99.84307742,87.20696602,88.67524835,843.0
2007-03-22 09:15:00,NSE:IGARASHI,88.63075144,88.63075144,84.53736502,86.80652854,6108.0
2007-03-23 09:15:00,NSE:IGARASHI,87.20696602,87.65189952,85.64969877,85.64969877,1050.0
2007-03-26 09:15:00,NSE:IGARASHI,84.98229852,88.09683302,84.58186104,84.62634994,21077.0
2007-03-28 09:15:00,NSE:IGARASHI,84.80432779,84.98229852,73.85896102,82.53516427,6372.0
2007-03-29 09:15:00,NSE:IGARASHI,82.84661594,91.12238082,82.80212704,88.27480375,6962.0
2007-03-30 09:15:00,NSE:IGARASHI,90.76643402,90.76643402,87.20696602,88.8977151,3081.0
2007-04-02 09:15:00,NSE:IGARASHI,87.20696602,87.5629146,84.8933136,85.42723202,716.0
2007-04-03 09:15:00,NSE:IGARASHI,82.98009777,82.98009777,82.98009777,82.98009777,0.0
2007-04-04 09:15:00,NSE:IGARASHI,85.42723202,88.80872929,85.42723202,85.42723202,3598.0
2007-04-05 09:15:00,NSE:IGARASHI,85.87216552,86.09463227,82.93560175,84.40388319,3236.0
2007-04-09 09:15:00,NSE:IGARASHI,86.05013625,88.67524835,85.42723202,87.20696602,13515.0
2007-04-10 09:15:00,NSE:IGARASHI,89.60960692,89.60960692,86.76203252,88.23031485,3011.0
2007-04-11 09:15:00,NSE:IGARASHI,89.87656702,90.76643402,86.98449927,87.1179811,12930.0
2007-04-12 09:15:00,NSE:IGARASHI,90.67744732,90.67744732,84.67084685,85.382736,1864.0
2007-04-13 09:15:00,NSE:IGARASHI,90.67744732,90.67744732,85.42723202,85.56071385,10785.0
2007-04-16 09:15:00,NSE:IGARASHI,92.36819462,92.36819462,84.80432779,86.45058085,11548.0
2007-04-17 09:15:00,NSE:IGARASHI,84.80432779,88.98670002,84.80432779,87.38493675,22446.0
2007-04-18 09:15:00,NSE:IGARASHI,88.54176652,88.54176652,87.20696602,87.96335119,7069.0
2007-04-19 09:15:00,NSE:IGARASHI,90.76643402,90.76643402,83.603002,85.07128344,27234.0
2007-04-20 09:15:00,NSE:IGARASHI,85.42723202,87.5629146,85.07128344,86.2281141,10201.0
2007-04-23 09:15:00,NSE:IGARASHI,85.56071385,87.20696602,83.91446079,84.22591335,8800.0
2007-04-24 09:15:00,NSE:IGARASHI,86.05013625,88.09683302,85.42723202,85.96115044,8684.0
2007-04-25 09:15:00,NSE:IGARASHI,90.72194067,90.76643402,86.31709902,86.85101744,18012.0
2007-04-26 09:15:00,NSE:IGARASHI,88.98670002,89.60960692,86.31709902,88.09683302,30337.0
2007-04-27 09:15:00,NSE:IGARASHI,87.1179811,88.31929977,86.31709902,87.02899529,10109.0
2007-04-30 09:15:00,NSE:IGARASHI,87.96335119,87.96335119,85.42723202,86.18361719,1687.0
2007-05-03 09:15:00,NSE:IGARASHI,86.53956577,87.20696602,86.13912829,86.6730476,2856.0
2007-05-04 09:15:00,NSE:IGARASHI,87.65189952,93.43603502,87.65189952,91.25586087,14964.0
2007-05-07 09:15:00,NSE:IGARASHI,92.10123452,97.57391657,91.74528772,93.08008822,29218.0
2007-05-08 09:15:00,NSE:IGARASHI,102.24571832,102.24571832,91.74528772,92.05674117,15048.0
2007-05-09 09:15:00,NSE:IGARASHI,90.23251382,95.21576902,90.18802047,93.34704832,14203.0
2007-05-10 09:15:00,NSE:IGARASHI,93.43603502,93.43603502,91.87876777,92.05674117,16043.0
2007-05-11 09:15:00,NSE:IGARASHI,90.45498057,93.43603502,89.69859362,90.67744732,7026.0
2007-05-14 09:15:00,NSE:IGARASHI,93.03559487,93.25806162,91.47832762,91.78978107,9053.0
2007-05-15 09:15:00,NSE:IGARASHI,90.94440742,91.61180767,88.71973725,89.96555372,3982.0
2007-05-16 09:15:00,NSE:IGARASHI,89.96555372,94.32590202,88.18581794,90.72194067,31491.0
2007-05-17 09:15:00,NSE:IGARASHI,92.36819462,92.36819462,89.87656702,90.09903377,2749.0
2007-05-18 09:15:00,NSE:IGARASHI,88.98670002,92.45718132,88.98670002,90.18802047,12672.0
2007-05-21 09:15:00,NSE:IGARASHI,91.56731432,91.56731432,87.5629146,90.18802047,6451.0
2007-05-22 09:15:00,NSE:IGARASHI,91.43383427,91.43383427,88.98670002,90.27700717,3370.0
2007-05-23 09:15:00,NSE:IGARASHI,91.52282097,91.52282097,87.65189952,88.0078481,7373.0
2007-05-24 09:15:00,NSE:IGARASHI,86.49506975,91.21136752,86.49506975,87.42943277,3048.0
2007-05-25 09:15:00,NSE:IGARASHI,86.6730476,90.63295397,86.6730476,89.34264682,2509.0
2007-05-28 09:15:00,NSE:IGARASHI,89.87656702,90.23251382,85.87216552,87.82987025,4266.0
2007-05-29 09:15:00,NSE:IGARASHI,89.34264682,89.34264682,85.56071385,86.85101744,1977.0
2007-05-30 09:15:00,NSE:IGARASHI,88.4527816,88.4527816,85.91666154,86.13912829,3100.0
2007-05-31 09:15:00,NSE:IGARASHI,85.87216552,90.76643402,85.87216552,88.98670002,16390.0
2007-06-01 09:15:00,NSE:IGARASHI,88.31929977,90.32150052,88.31929977,88.4972705,1502.0
2007-06-04 09:15:00,NSE:IGARASHI,89.69859362,92.45718132,88.76423327,88.942204,12333.0
2007-06-05 09:15:00,NSE:IGARASHI,89.43163352,91.12238082,89.38714017,89.87656702,3700.0
2007-06-06 09:15:00,NSE:IGARASHI,89.43163352,89.43163352,88.09683302,88.85321819,3701.0
2007-06-07 09:15:00,NSE:IGARASHI,88.98670002,90.32150052,87.42943277,88.36379579,4635.0
2007-06-08 09:15:00,NSE:IGARASHI,87.5629146,88.98670002,85.56071385,86.49506975,1976.0
2007-06-11 09:15:00,NSE:IGARASHI,86.85101744,87.96335119,86.76203252,87.1179811,4135.0
2007-06-12 09:15:00,NSE:IGARASHI,85.87216552,85.91666154,81.15586775,83.33604635,1314.0
2007-06-13 09:15:00,NSE:IGARASHI,84.22591335,84.22591335,79.33164485,80.4884675,3370.0
2007-06-14 09:15:00,NSE:IGARASHI,81.28934869,81.42283052,79.82106725,80.933401,2840.0
2007-06-15 09:15:00,NSE:IGARASHI,81.11137885,82.53516427,79.73208144,80.17701494,4137.0
2007-06-18 09:15:00,NSE:IGARASHI,81.20036377,84.0479355,79.64309652,79.77657835,4262.0
2007-06-19 09:15:00,NSE:IGARASHI,79.19816302,81.42283052,79.19816302,81.20036377,6969.0
2007-06-20 09:15:00,NSE:IGARASHI,80.17701494,82.75763102,80.17701494,82.2682015,7187.0
2007-06-21 09:15:00,NSE:IGARASHI,82.40168244,87.20696602,80.08803002,85.64969877,4704.0
2007-06-22 09:15:00,NSE:IGARASHI,84.71533575,85.96115044,83.78097985,84.71533575,8741.0
2007-06-25 09:15:00,NSE:IGARASHI,84.53736502,91.43383427,84.53736502,88.14132904,14980.0
2007-06-26 09:15:00,NSE:IGARASHI,88.98670002,88.98670002,87.47392879,88.98670002,4771.0
2007-06-27 09:15:00,NSE:IGARASHI,84.53736502,88.54176652,84.53736502,85.7831806,8049.0
2007-06-28 09:15:00,NSE:IGARASHI,87.20696602,87.20696602,84.98229852,85.42723202,2040.0
2007-06-29 09:15:00,NSE:IGARASHI,85.42723202,88.98670002,85.42723202,87.1179811,4132.0
2007-07-02 09:15:00,NSE:IGARASHI,88.98670002,88.98670002,84.53736502,85.29375019,7498.0
2007-07-03 09:15:00,NSE:IGARASHI,86.13912829,88.0078481,85.11578035,85.8276695,4012.0
2007-07-04 09:15:00,NSE:IGARASHI,86.53956577,86.94000325,84.53736502,84.71533575,4096.0
2007-07-05 09:15:00,NSE:IGARASHI,85.382736,86.2281141,83.82546875,85.11578035,1029.0
2007-07-06 09:15:00,NSE:IGARASHI,85.11578035,86.05013625,85.07128344,85.20476527,976.0
2007-07-09 09:15:00,NSE:IGARASHI,84.53736502,86.7175365,83.91446079,84.09243152,3838.0
2007-07-10 09:15:00,NSE:IGARASHI,84.58186104,84.58186104,82.75763102,82.98009777,4920.0
2007-07-11 09:15:00,NSE:IGARASHI,83.64749802,84.09243152,83.24706054,83.42503127,4411.0
2007-07-12 09:15:00,NSE:IGARASHI,83.46952729,84.53736502,82.6686461,83.1580685,5372.0
2007-07-13 09:15:00,NSE:IGARASHI,82.84661594,86.89551435,82.75763102,83.46952729,6818.0
2007-07-16 09:15:00,NSE:IGARASHI,84.4483801,84.8933136,82.57966029,82.93560175,12524.0
2007-07-17 09:15:00,NSE:IGARASHI,83.29154944,84.22591335,78.61974769,79.5541116,12180.0
2007-07-18 09:15:00,NSE:IGARASHI,80.08803002,81.28934869,77.41842902,79.33164485,10190.0
2007-07-19 09:15:00,NSE:IGARASHI,80.13252604,85.16026925,79.19816302,80.97789702,30387.0
2007-07-20 09:15:00,NSE:IGARASHI,81.02239304,82.31269752,78.6642446,79.02019229,6763.0
2007-07-23 09:15:00,NSE:IGARASHI,80.08803002,80.53296352,76.61754694,77.86336252,8932.0
2007-07-24 09:15:00,NSE:IGARASHI,79.19816302,80.53296352,77.68539179,79.06468119,4516.0
2007-07-25 09:15:00,NSE:IGARASHI,75.9946436,79.91005929,75.9946436,77.19596227,5688.0
2007-07-26 09:15:00,NSE:IGARASHI,78.30829602,79.37613375,77.41842902,78.17481419,1639.0
2007-07-27 09:15:00,NSE:IGARASHI,77.86336252,79.19816302,74.30389452,77.3294441,5332.0
2007-07-30 09:15:00,NSE:IGARASHI,74.74882802,76.39508019,73.94794594,74.704332,4744.0
2007-07-31 09:15:00,NSE:IGARASHI,75.63869502,75.63869502,72.07922702,74.74882802,4498.0
2007-08-01 09:15:00,NSE:IGARASHI,74.83781294,77.95234744,64.11492004,73.99244285,4347.0
2007-08-02 09:15:00,NSE:IGARASHI,74.30389452,74.30389452,72.21270885,72.8801091,4126.0
2007-08-03 09:15:00,NSE:IGARASHI,77.10697735,77.10697735,72.30169377,72.52416052,3333.0
2007-08-06 09:15:00,NSE:IGARASHI,71.23385604,74.57085729,70.29949302,73.814465,3363.0
2007-08-07 09:15:00,NSE:IGARASHI,74.74882802,74.74882802,72.25719775,74.12592379,2503.0
2007-08-08 09:15:00,NSE:IGARASHI,74.74882802,75.63869502,74.57085729,75.594199,2119.0
2007-08-09 09:15:00,NSE:IGARASHI,74.83781294,76.9289995,72.96909402,73.3250426,2957.0
2007-08-10 09:15:00,NSE:IGARASHI,72.96909402,73.7699761,70.74442652,70.74442652,854.0
2007-08-13 09:15:00,NSE:IGARASHI,71.18936002,72.61314544,71.18936002,72.034731,652.0
2007-08-14 09:15:00,NSE:IGARASHI,72.61314544,73.28054569,71.32284185,72.12372304,942.0
2007-08-16 09:15:00,NSE:IGARASHI,70.29949302,74.704332,70.29949302,72.924598,1236.0
2007-08-17 09:15:00,NSE:IGARASHI,68.29729227,72.924598,68.07482552,71.72327844,2628.0
2007-08-20 09:15:00,NSE:IGARASHI,77.41842902,77.41842902,69.00918854,69.27614419,2535.0
2007-08-21 09:15:00,NSE:IGARASHI,62.37967494,71.76777535,62.37967494,67.31844035,3242.0
2007-08-22 09:15:00,NSE:IGARASHI,69.40962602,69.40962602,64.20390585,64.51535752,1812.0
2007-08-23 09:15:00,NSE:IGARASHI,70.29949302,70.29949302,63.35852775,63.89245329,2628.0
2007-08-24 09:15:00,NSE:IGARASHI,64.07042402,64.96029102,63.80346125,64.4263726,2686.0
2007-08-27 09:15:00,NSE:IGARASHI,65.40522452,66.74002502,65.40522452,66.51755827,1765.0
2007-08-28 09:15:00,NSE:IGARASHI,66.74002502,66.74002502,64.64883935,66.47306225,469.0
2007-08-29 09:15:00,NSE:IGARASHI,66.74002502,70.254997,66.74002502,68.475263,2448.0
2007-08-30 09:15:00,NSE:IGARASHI,68.51975902,69.27614419,66.96249177,69.05367744,1093.0
2007-08-31 09:15:00,NSE:IGARASHI,71.1003751,71.23385604,68.51975902,68.51975902,4164.0
2007-09-03 09:15:00,NSE:IGARASHI,71.18936002,71.18936002,68.475263,69.67658879,7141.0
2007-09-04 09:15:00,NSE:IGARASHI,64.07042402,75.63869502,64.07042402,73.05807894,8089.0
2007-09-05 09:15:00,NSE:IGARASHI,74.30389452,75.41622827,71.72327844,72.96909402,1247.0
2007-09-06 09:15:00,NSE:IGARASHI,70.52195977,75.594199,70.52195977,74.79332404,2818.0
2007-09-07 09:15:00,NSE:IGARASHI,74.74882802,77.3294441,74.74882802,76.08362852,3230.0
2007-09-10 09:15:00,NSE:IGARASHI,73.85896102,85.69419479,73.85896102,79.86556327,16865.0
2007-09-11 09:15:00,NSE:IGARASHI,80.79992629,80.79992629,76.61754694,78.57525879,8132.0
2007-09-12 09:15:00,NSE:IGARASHI,79.77657835,80.08803002,78.75322952,78.84221444,0.0
2007-09-13 09:15:00,NSE:IGARASHI,77.50741394,79.91005929,77.50741394,79.06468119,6435.0
2007-09-14 09:15:00,NSE:IGARASHI,77.59639975,78.30829602,77.46292504,77.50741394,1326.0
2007-09-17 09:15:00,NSE:IGARASHI,77.15146625,78.53076277,76.08362852,76.12812454,3155.0
2007-09-18 09:15:00,NSE:IGARASHI,76.12812454,80.97789702,76.12812454,80.043534,10436.0
2007-09-19 09:15:00,NSE:IGARASHI,80.97789702,80.97789702,77.99684435,78.53076277,7997.0
2007-09-20 09:15:00,NSE:IGARASHI,77.95234744,78.30829602,75.23825754,75.90565779,784.0
2007-09-21 09:15:00,NSE:IGARASHI,74.30389452,78.30829602,74.30389452,77.28494719,2387.0
2007-09-24 09:15:00,NSE:IGARASHI,75.63869502,80.75543027,74.92679875,77.8188665,13484.0
2007-09-25 09:15:00,NSE:IGARASHI,77.50741394,79.06468119,74.74882802,75.50521319,7033.0
2007-09-26 09:15:00,NSE:IGARASHI,81.86776402,81.86776402,75.81666575,77.7743776,36684.0
2007-09-27 09:15:00,NSE:IGARASHI,77.46292504,78.2193111,74.83781294,75.5497101,4591.0
2007-09-28 09:15:00,NSE:IGARASHI,75.28274644,79.28714794,74.74882802,77.19596227,4696.0
2007-10-01 09:15:00,NSE:IGARASHI,75.28274644,77.86336252,75.01579079,76.61754694,2839.0
2007-10-03 09:15:00,NSE:IGARASHI,75.63869502,76.9289995,75.63869502,76.52856202,4055.0
2007-10-04 09:15:00,NSE:IGARASHI,78.44177785,81.86776402,76.84001369,77.99684435,24494.0
2007-10-05 09:15:00,NSE:IGARASHI,83.46952729,83.46952729,76.52856202,76.57305804,9368.0
2007-10-08 09:15:00,NSE:IGARASHI,77.41842902,77.41842902,73.01359004,75.90565779,881.0
2007-10-09 09:15:00,NSE:IGARASHI,77.373933,77.373933,73.85896102,73.90345704,1142.0
2007-10-10 09:15:00,NSE:IGARASHI,80.84441519,83.5585131,77.41842902,79.5541116,38177.0
2007-10-11 09:15:00,NSE:IGARASHI,79.19816302,81.86776402,77.41842902,80.4884675,8566.0
2007-10-12 09:15:00,NSE:IGARASHI,81.86776402,81.86776402,77.95234744,79.68759254,12145.0
2007-10-15 09:15:00,NSE:IGARASHI,78.30829602,80.53296352,77.59639975,78.2638,14903.0
2007-10-16 09:15:00,NSE:IGARASHI,77.41842902,78.17481419,77.41842902,77.41842902,2706.0
2007-10-17 09:15:00,NSE:IGARASHI,67.31844035,76.484066,67.31844035,74.08142777,9808.0
2007-10-18 09:15:00,NSE:IGARASHI,75.63869502,80.08803002,71.41182677,73.01359004,6073.0
2007-10-19 09:15:00,NSE:IGARASHI,71.41182677,73.85896102,69.63209277,71.72327844,1536.0
2007-10-22 09:15:00,NSE:IGARASHI,70.47746375,73.85896102,70.47746375,71.01138929,1382.0
2007-10-23 09:15:00,NSE:IGARASHI,71.41182677,72.924598,71.18936002,72.16821194,2465.0
2007-10-24 09:15:00,NSE:IGARASHI,74.74882802,74.74882802,71.32284185,73.3250426,6902.0
2007-10-25 09:15:00,NSE:IGARASHI,72.07922702,72.96909402,72.07922702,72.16821194,12788.0
2007-10-26 09:15:00,NSE:IGARASHI,71.50081169,75.63869502,71.50081169,73.45852354,1581.0
2007-10-29 09:15:00,NSE:IGARASHI,72.70213125,73.85896102,72.52416052,73.45852354,7767.0
2007-10-30 09:15:00,NSE:IGARASHI,73.28054569,75.01579079,69.85455952,71.36733075,4508.0
2007-10-31 09:15:00,NSE:IGARASHI,71.18936002,71.18936002,68.51975902,68.60874394,5069.0
2007-11-01 09:15:00,NSE:IGARASHI,69.40962602,69.40962602,65.93914294,66.78452104,15382.0
2007-11-02 09:15:00,NSE:IGARASHI,66.74002502,72.79112329,65.40522452,71.05587819,12617.0
2007-11-05 09:15:00,NSE:IGARASHI,69.40962602,74.6598431,68.07482552,73.72547919,8084.0
2007-11-06 09:15:00,NSE:IGARASHI,79.19816302,82.57966029,74.74882802,78.39728094,23575.0
2007-11-07 09:15:00,NSE:IGARASHI,80.08803002,80.08803002,72.52416052,76.4395771,5159.0
2007-11-08 09:15:00,NSE:IGARASHI,73.59199825,76.0391325,72.96909402,73.05807894,15641.0
2007-11-09 09:15:00,NSE:IGARASHI,72.96909402,72.96909402,72.96909402,72.96909402,112.0
2007-11-12 09:15:00,NSE:IGARASHI,71.18936002,79.9990451,69.09817435,78.2193111,8965.0
2007-11-13 09:15:00,NSE:IGARASHI,75.63869502,80.13252604,73.14706475,75.68319104,14104.0
2007-11-14 09:15:00,NSE:IGARASHI,74.57085729,76.08362852,73.19156077,73.3695315,2229.0
2007-11-15 09:15:00,NSE:IGARASHI,73.85896102,77.64089577,73.85896102,76.52856202,6004.0
2007-11-16 09:15:00,NSE:IGARASHI,75.63869502,88.98670002,75.32724335,86.31709902,46692.0
2007-11-19 09:15:00,NSE:IGARASHI,86.31709902,86.31709902,80.22151185,81.42283052,14912.0
2007-11-20 09:15:00,NSE:IGARASHI,83.64749802,84.4483801,78.88671135,81.3783345,98124.0
2007-11-21 09:15:00,NSE:IGARASHI,77.50741394,82.09023077,76.12812454,78.04133325,21757.0
2007-11-22 09:15:00,NSE:IGARASHI,79.95454819,79.9990451,75.63869502,78.30829602,7253.0
2007-11-23 09:15:00,NSE:IGARASHI,77.50741394,77.50741394,75.23825754,75.50521319,309.0
2007-11-26 09:15:00,NSE:IGARASHI,76.52856202,84.4483801,76.21711035,78.61974769,16346.0
2007-11-27 09:15:00,NSE:IGARASHI,74.2149096,78.30829602,74.2149096,77.55191085,455.0
2007-11-28 09:15:00,NSE:IGARASHI,78.75322952,79.1091781,77.50741394,79.1091781,1137.0
2007-11-29 09:15:00,NSE:IGARASHI,76.79552479,80.08803002,76.12812454,80.08803002,4557.0
2007-11-30 09:15:00,NSE:IGARASHI,79.9990451,79.9990451,75.68319104,78.2638,13797.0
2007-12-03 09:15:00,NSE:IGARASHI,78.75322952,78.75322952,75.01579079,75.41622827,21972.0
2007-12-04 09:15:00,NSE:IGARASHI,73.54750935,78.08582927,73.54750935,73.94794594,2908.0
2007-12-05 09:15:00,NSE:IGARASHI,76.97349552,77.95234744,74.88230985,76.0391325,2168.0
2007-12-06 09:15:00,NSE:IGARASHI,78.30829602,84.27040225,77.15146625,82.44617935,35197.0
2007-12-07 09:15:00,NSE:IGARASHI,82.75763102,89.87656702,82.13472679,88.67524835,95887.0
2007-12-10 09:15:00,NSE:IGARASHI,91.65630102,93.34704832,88.98670002,91.47832762,81564.0
2007-12-11 09:15:00,NSE:IGARASHI,93.43603502,107.67390703,87.20696602,89.83207367,96582.0
2007-12-12 09:15:00,NSE:IGARASHI,90.76643402,93.65850177,89.20916677,91.56731432,57202.0
2007-12-13 09:15:00,NSE:IGARASHI,92.54616802,95.97215597,87.25146204,88.18581794,22371.0
2007-12-14 09:15:00,NSE:IGARASHI,84.35939429,89.65410027,84.35939429,88.85321819,31477.0
2007-12-17 09:15:00,NSE:IGARASHI,88.98670002,89.29815347,84.98229852,88.052337,36802.0
2007-12-18 09:15:00,NSE:IGARASHI,88.54176652,88.54176652,84.75983177,86.45058085,15005.0
2007-12-19 09:15:00,NSE:IGARASHI,88.8977151,88.98670002,84.98229852,85.96115044,21272.0
2007-12-20 09:15:00,NSE:IGARASHI,85.42723202,87.1179811,84.62634994,84.84881669,8690.0
2007-12-24 09:15:00,NSE:IGARASHI,84.62634994,87.1179811,84.62634994,85.73868369,13430.0
2007-12-26 09:15:00,NSE:IGARASHI,87.1179811,88.98670002,86.53956577,86.94000325,7432.0
2007-12-27 09:15:00,NSE:IGARASHI,86.98449927,89.87656702,85.56071385,89.03119337,52739.0
2007-12-28 09:15:00,NSE:IGARASHI,95.21576902,106.60606663,91.65630102,101.57831807,371902.0
2007-12-31 09:15:00,NSE:IGARASHI,105.89417303,106.82853338,97.21796977,98.73074367,210766.0
2008-01-01 09:15:00,NSE:IGARASHI,99.66510402,105.89417303,98.77523702,103.35805208,102742.0
2008-01-02 09:15:00,NSE:IGARASHI,105.36025283,106.33910653,98.86422372,100.24351757,68628.0
2008-01-03 09:15:00,NSE:IGARASHI,102.33470502,113.01310903,101.44483802,109.14218758,250396.0
2008-01-04 09:15:00,NSE:IGARASHI,114.79284303,114.79284303,105.04879938,106.29461318,128734.0
2008-01-07 09:15:00,NSE:IGARASHI,107.67390703,112.12324203,100.68845107,108.51928068,122426.0
2008-01-08 09:15:00,NSE:IGARASHI,110.12104128,110.74394818,96.10563602,97.97435672,98173.0
2008-01-09 09:15:00,NSE:IGARASHI,97.88537002,100.91091782,91.70079437,96.23911607,41689.0
2008-01-10 09:15:00,NSE:IGARASHI,96.59506287,98.19682347,84.98229852,86.94000325,48705.0
2008-01-11 09:15:00,NSE:IGARASHI,87.20696602,90.76643402,85.42723202,86.49506975,12762.0
2008-01-14 09:15:00,NSE:IGARASHI,88.71973725,93.25806162,85.42723202,92.59066137,30913.0
2008-01-15 09:15:00,NSE:IGARASHI,88.98670002,94.19242197,88.09683302,88.4527816,9289.0
2008-01-16 09:15:00,NSE:IGARASHI,87.65189952,89.74308697,85.16026925,85.73868369,22115.0
2008-01-17 09:15:00,NSE:IGARASHI,86.40608394,90.72194067,85.60520275,87.38493675,29846.0
2008-01-18 09:15:00,NSE:IGARASHI,87.20696602,88.98670002,82.00124585,84.18141644,17747.0
2008-01-21 09:15:00,NSE:IGARASHI,80.97789702,88.09683302,67.89685479,71.76777535,25631.0
2008-01-22 09:15:00,NSE:IGARASHI,57.84135501,71.18936002,57.48540643,59.79905974,31881.0
2008-01-23 09:15:00,NSE:IGARASHI,71.41182677,71.76777535,64.11492004,70.83341144,13933.0
2008-01-24 09:15:00,NSE:IGARASHI,69.54310785,72.8801091,59.84355576,61.356327,26479.0
2008-01-25 09:15:00,NSE:IGARASHI,58.99818478,68.83121069,58.99818478,66.78452104,9516.0
2008-01-28 09:15:00,NSE:IGARASHI,67.62989202,71.01138929,62.33518603,68.8757076,11870.0
2008-01-29 09:15:00,NSE:IGARASHI,70.2105081,72.07922702,55.39422076,70.52195977,26190.0
2008-01-30 09:15:00,NSE:IGARASHI,71.18936002,71.81226425,67.05147669,68.60874394,10744.0
2008-01-31 09:15:00,NSE:IGARASHI,62.73562352,71.18936002,62.73562352,67.18495852,10630.0
2008-02-01 09:15:00,NSE:IGARASHI,68.51975902,69.98804135,62.33518603,67.31844035,24709.0
2008-02-04 09:15:00,NSE:IGARASHI,67.62989202,69.23165529,66.74002502,66.96249177,3265.0
2008-02-05 09:15:00,NSE:IGARASHI,68.51975902,68.51975902,66.29509152,67.71887694,5029.0
2008-02-06 09:15:00,NSE:IGARASHI,67.585396,67.62989202,64.96029102,66.56205429,3518.0
2008-02-07 09:15:00,NSE:IGARASHI,66.02812875,71.18936002,66.02812875,68.8757076,22511.0
2008-02-08 09:15:00,NSE:IGARASHI,67.71887694,69.00918854,61.40082301,62.82460844,12349.0
2008-02-11 09:15:00,NSE:IGARASHI,63.40302377,63.40302377,58.90919274,60.06602251,8265.0
2008-02-12 09:15:00,NSE:IGARASHI,60.06602251,62.86910535,58.95368876,60.33298528,13526.0
2008-02-13 09:15:00,NSE:IGARASHI,62.73562352,62.73562352,57.84135501,59.35412624,11655.0
2008-02-14 09:15:00,NSE:IGARASHI,62.29069002,63.44751979,59.79905974,60.9113935,19079.0
2008-02-15 09:15:00,NSE:IGARASHI,61.40082301,70.2105081,60.51095601,69.14266325,96872.0
2008-02-18 09:15:00,NSE:IGARASHI,69.40962602,72.79112329,67.89685479,70.07702627,20381.0
2008-02-19 09:15:00,NSE:IGARASHI,72.70213125,72.70213125,67.67438804,68.51975902,7129.0
2008-02-20 09:15:00,NSE:IGARASHI,63.18055702,67.5409071,63.18055702,65.71667619,7619.0
2008-02-21 09:15:00,NSE:IGARASHI,65.22725379,67.22945454,63.18055702,64.64883935,8431.0
2008-02-22 09:15:00,NSE:IGARASHI,61.66778578,64.82680919,61.62328977,63.0915721,3701.0
2008-02-25 09:15:00,NSE:IGARASHI,61.53430484,64.07042402,61.17835626,64.07042402,4589.0
2008-02-26 09:15:00,NSE:IGARASHI,64.07042402,64.78232029,63.62549052,63.62549052,4678.0
2008-02-27 09:15:00,NSE:IGARASHI,64.51535752,64.60434244,62.6466386,63.04707519,3169.0
2008-02-28 09:15:00,NSE:IGARASHI,63.62549052,64.60434244,63.18055702,63.40302377,2205.0
2008-02-29 09:15:00,NSE:IGARASHI,61.97923834,65.40522452,61.97923834,63.62549052,2062.0
2008-03-03 09:15:00,NSE:IGARASHI,62.73562352,63.18055702,61.13386025,62.42417184,2355.0
2008-03-04 09:15:00,NSE:IGARASHI,63.136061,63.18055702,58.95368876,58.99818478,1765.0
2008-03-05 09:15:00,NSE:IGARASHI,49.47660343,61.40082301,49.47660343,60.24399325,3026.0
2008-03-07 09:15:00,NSE:IGARASHI,57.88585103,57.88585103,55.66117997,56.06162101,4000.0
2008-03-10 09:15:00,NSE:IGARASHI,48.05281801,54.94928726,48.05281801,53.21404572,8661.0
2008-03-11 09:15:00,NSE:IGARASHI,49.87704447,56.86250309,49.87704447,54.63783559,4005.0
2008-03-12 09:15:00,NSE:IGARASHI,55.26073893,56.77351372,52.63563484,53.21404572,3725.0
2008-03-13 09:15:00,NSE:IGARASHI,54.72682051,54.72682051,51.61228601,51.7902603,2154.0
2008-03-14 09:15:00,NSE:IGARASHI,50.0105263,54.23739455,49.61008526,49.92153693,2305.0
2008-03-17 09:15:00,NSE:IGARASHI,48.94268501,51.3453268,48.94268501,49.07616684,6959.0
2008-03-18 09:15:00,NSE:IGARASHI,51.61228601,51.61228601,46.71801751,50.05501876,5000.0
2008-03-19 09:15:00,NSE:IGARASHI,48.94268501,51.56779355,46.36206893,46.49555076,4362.0
2008-03-24 09:15:00,NSE:IGARASHI,44.13740143,46.71801751,40.6669228,41.28983059,8897.0
2008-03-25 09:15:00,NSE:IGARASHI,40.53344097,46.71801751,40.53344097,44.49335001,14445.0
2008-03-26 09:15:00,NSE:IGARASHI,47.11845855,48.05281801,45.42770947,46.36206893,13141.0
2008-03-27 09:15:00,NSE:IGARASHI,48.05281801,55.12726155,46.27308401,47.11845855,29222.0
2008-03-28 09:15:00,NSE:IGARASHI,47.42991022,49.29863359,46.58453568,48.85370009,14895.0
2008-03-31 09:15:00,NSE:IGARASHI,46.27308401,48.63123334,46.27308401,46.62903259,5832.0
2008-04-01 09:15:00,NSE:IGARASHI,52.41316809,52.41316809,45.42770947,46.62903259,1392.0
2008-04-02 09:15:00,NSE:IGARASHI,50.63343409,50.63343409,46.80700243,46.80700243,475.0
2008-04-03 09:15:00,NSE:IGARASHI,46.98497672,50.72241901,45.38321701,48.63123334,3033.0
2008-04-04 09:15:00,NSE:IGARASHI,45.69466868,50.49995226,45.60568376,48.05281801,1148.0
2008-04-07 09:15:00,NSE:IGARASHI,46.58453568,47.91933618,46.58453568,47.3409253,707.0
2008-04-08 09:15:00,NSE:IGARASHI,46.54004322,52.41316809,46.54004322,48.27528476,1155.0
2008-04-09 09:15:00,NSE:IGARASHI,48.05281801,49.83255201,48.05281801,49.74356709,393.0
2008-04-10 09:15:00,NSE:IGARASHI,48.94268501,50.72241901,47.42991022,49.83255201,1270.0
2008-04-11 09:15:00,NSE:IGARASHI,52.94708651,53.39202001,48.31977722,49.1206593,1615.0
2008-04-15 09:15:00,NSE:IGARASHI,48.58673643,51.56779355,48.58673643,50.72241901,4219.0
2008-04-16 09:15:00,NSE:IGARASHI,50.72241901,53.39202001,50.4554598,52.59113793,2476.0
2008-04-17 09:15:00,NSE:IGARASHI,53.83695351,57.66338428,49.16515176,50.9003933,13204.0
2008-04-21 09:15:00,NSE:IGARASHI,53.39202001,56.77351372,51.16735251,52.6801273,17253.0
2008-04-22 09:15:00,NSE:IGARASHI,52.05721951,54.28188701,51.74576784,52.6801273,18171.0
2008-04-23 09:15:00,NSE:IGARASHI,53.79246105,53.79246105,52.50215301,52.54664547,990.0
2008-04-24 09:15:00,NSE:IGARASHI,54.19290209,54.19290209,51.74576784,51.92373768,866.0
2008-04-25 09:15:00,NSE:IGARASHI,52.05721951,52.45766055,48.6757258,50.27748551,1275.0
2008-04-28 09:15:00,NSE:IGARASHI,51.61228601,53.1250608,50.54444472,53.1250608,220.0
2008-04-29 09:15:00,NSE:IGARASHI,52.50215301,53.34752755,51.7902603,52.36867118,1902.0
2008-04-30 09:15:00,NSE:IGARASHI,51.47880418,54.63783559,51.07836759,51.3453268,3320.0
2008-05-02 09:15:00,NSE:IGARASHI,47.25193593,53.25853818,47.25193593,50.41096734,5801.0
2008-05-05 09:15:00,NSE:IGARASHI,50.81140393,51.56779355,49.96603384,50.09951122,29425.0
2008-05-06 09:15:00,NSE:IGARASHI,52.01272705,52.01272705,51.07836759,51.16735251,224.0
2008-05-07 09:15:00,NSE:IGARASHI,50.23299305,52.32417872,49.83255201,49.87704447,21291.0
2008-05-08 09:15:00,NSE:IGARASHI,49.87704447,49.92153693,49.87704447,49.92153693,339.0
2008-05-09 09:15:00,NSE:IGARASHI,49.20964422,49.65457772,48.05281801,48.89819255,3833.0
2008-05-12 09:15:00,NSE:IGARASHI,47.20744347,50.72241901,47.20744347,48.27528476,12877.0
2008-05-13 09:15:00,NSE:IGARASHI,48.05281801,52.41316809,46.85149934,47.87484372,1881.0
2008-05-14 09:15:00,NSE:IGARASHI,46.98497672,50.4554598,46.98497672,50.27748551,899.0
2008-05-15 09:15:00,NSE:IGARASHI,49.07616684,49.5655928,47.25193593,48.09731047,1569.0
2008-05-16 09:15:00,NSE:IGARASHI,46.94048426,48.05281801,46.58453568,47.96383309,4641.0
2008-05-20 09:15:00,NSE:IGARASHI,47.3409253,48.94268501,47.16295101,48.05281801,2695.0
2008-05-21 09:15:00,NSE:IGARASHI,47.69686943,53.30303509,47.69686943,50.85590084,2998.0
2008-05-22 09:15:00,NSE:IGARASHI,52.36867118,53.39202001,48.94268501,49.38761851,960.0
2008-05-23 09:15:00,NSE:IGARASHI,48.94268501,48.94268501,48.49775151,48.80920318,561.0
2008-05-26 09:15:00,NSE:IGARASHI,47.20744347,48.6757258,47.20744347,47.29643284,74.0
2008-05-27 09:15:00,NSE:IGARASHI,47.16295101,47.16295101,47.16295101,47.16295101,2757.0
2008-05-28 09:15:00,NSE:IGARASHI,47.16295101,47.16295101,45.87264297,45.91713543,1959.0
2008-05-29 09:15:00,NSE:IGARASHI,47.07396609,47.07396609,46.18409909,46.49555076,1348.0
2008-05-30 09:15:00,NSE:IGARASHI,47.60788451,47.60788451,44.62683184,46.31757647,1606.0
2008-06-02 09:15:00,NSE:IGARASHI,45.60568376,45.60568376,45.60568376,45.60568376,112.0
2008-06-03 09:15:00,NSE:IGARASHI,44.49335001,45.73916559,43.60348301,43.69246793,922.0
2008-06-04 09:15:00,NSE:IGARASHI,43.60348301,45.38321701,42.80260093,43.64797547,1966.0
2008-06-05 09:15:00,NSE:IGARASHI,48.05281801,48.05281801,42.75810847,43.3365238,3556.0
2008-06-06 09:15:00,NSE:IGARASHI,44.35986818,44.40436509,41.91273393,42.31317497,1145.0
2008-06-09 09:15:00,NSE:IGARASHI,36.48454701,42.98057522,36.48454701,41.82374901,736.0
2008-06-10 09:15:00,NSE:IGARASHI,45.38321701,46.13960218,40.93388201,43.60348301,1049.0
2008-06-11 09:15:00,NSE:IGARASHI,41.86824147,44.49335001,37.86383997,42.40216434,3528.0
2008-06-12 09:15:00,NSE:IGARASHI,40.04401501,42.26868251,39.46559968,41.82374901,105.0
2008-06-13 09:15:00,NSE:IGARASHI,43.60348301,45.33872455,41.5567898,41.82374901,1278.0
2008-06-17 09:15:00,NSE:IGARASHI,44.49335001,44.49335001,42.71361601,44.35986818,591.0
2008-06-18 09:15:00,NSE:IGARASHI,42.75810847,44.31537572,40.48894851,42.40216434,1248.0
2008-06-19 09:15:00,NSE:IGARASHI,44.04841651,44.04841651,42.31317497,43.64797547,359.0
2008-06-20 09:15:00,NSE:IGARASHI,44.04841651,44.04841651,40.17749684,40.31097422,2685.0
2008-06-23 09:15:00,NSE:IGARASHI,38.62022959,38.70921451,34.34886443,37.32992155,9879.0
2008-06-24 09:15:00,NSE:IGARASHI,37.37441401,40.48894851,34.48234626,39.10965555,14910.0
2008-06-25 09:15:00,NSE:IGARASHI,37.28542909,38.8871888,36.12859843,37.1074548,667.0
2008-06-26 09:15:00,NSE:IGARASHI,37.37441401,40.93388201,37.1074548,37.37441401,2661.0
2008-06-27 09:15:00,NSE:IGARASHI,35.59468001,37.77485505,34.8827873,37.77485505,567.0
2008-06-30 09:15:00,NSE:IGARASHI,35.90613168,38.21978855,35.41670572,35.81714676,893.0
2008-07-01 09:15:00,NSE:IGARASHI,35.59468001,37.24093218,34.70481301,34.70481301,1574.0
2008-07-02 09:15:00,NSE:IGARASHI,35.59468001,37.37441401,35.59468001,36.12859843,3199.0
2008-07-03 09:15:00,NSE:IGARASHI,37.64137322,37.64137322,34.74930547,35.55018755,1168.0
2008-07-04 09:15:00,NSE:IGARASHI,35.59468001,37.77485505,35.59468001,36.52903947,928.0
2008-07-07 09:15:00,NSE:IGARASHI,37.81934751,43.82594976,34.70481301,39.59908151,2762.0
2008-07-08 09:15:00,NSE:IGARASHI,37.37441401,42.62463109,37.37441401,37.9973218,1059.0
2008-07-09 09:15:00,NSE:IGARASHI,32.2131863,40.84489709,32.2131863,37.86383997,3902.0
2008-07-10 09:15:00,NSE:IGARASHI,38.26428101,39.15414801,38.26428101,39.15414801,232.0
2008-07-11 09:15:00,NSE:IGARASHI,37.37441401,39.15414801,37.37441401,37.9973218,2201.0
2008-07-14 09:15:00,NSE:IGARASHI,38.26428101,38.26428101,35.59468001,35.59468001,797.0
2008-07-15 09:15:00,NSE:IGARASHI,34.70481301,38.53124022,34.70481301,36.79599868,1646.0
2008-07-16 09:15:00,NSE:IGARASHI,35.7726543,38.62022959,35.59468001,35.81714676,2871.0
2008-07-17 09:15:00,NSE:IGARASHI,36.03961351,36.03961351,34.03741276,34.61582809,911.0
2008-07-18 09:15:00,NSE:IGARASHI,34.92727976,39.99952255,34.92727976,36.12859843,262.0
2008-07-21 09:15:00,NSE:IGARASHI,34.70481301,41.77925655,34.70481301,35.99512105,3174.0
2008-07-22 09:15:00,NSE:IGARASHI,39.51009659,39.95503009,36.17309534,37.19643972,2437.0
2008-07-23 09:15:00,NSE:IGARASHI,40.75590772,44.49335001,37.46339893,37.95282934,3316.0
2008-07-24 09:15:00,NSE:IGARASHI,37.01846543,38.26428101,36.57353193,36.88498805,1527.0
2008-07-25 09:15:00,NSE:IGARASHI,35.59468001,39.15414801,35.59468001,39.10965555,4017.0
2008-07-28 09:15:00,NSE:IGARASHI,39.15414801,41.02286693,39.10965555,40.97837447,225.0
2008-07-29 09:15:00,NSE:IGARASHI,44.04841651,44.04841651,38.93168126,39.7770558,1642.0
2008-07-30 09:15:00,NSE:IGARASHI,39.59908151,42.62463109,38.26428101,40.6669228,3352.0
2008-07-31 09:15:00,NSE:IGARASHI,39.95503009,40.62243034,39.19864047,40.62243034,206.0
2008-08-01 09:15:00,NSE:IGARASHI,38.8871888,41.82374901,38.8871888,41.64577472,1715.0
2008-08-04 09:15:00,NSE:IGARASHI,41.20084122,42.4466568,41.06736384,42.26868251,1448.0
2008-08-05 09:15:00,NSE:IGARASHI,41.20084122,44.04841651,41.15634876,42.4466568,1782.0
2008-08-06 09:15:00,NSE:IGARASHI,43.15854951,47.96383309,42.13520068,46.40656584,15409.0
2008-08-07 09:15:00,NSE:IGARASHI,45.38321701,46.58453568,44.49335001,44.53784247,2060.0
2008-08-08 09:15:00,NSE:IGARASHI,42.71361601,50.72241901,42.71361601,48.14180293,685.0
2008-08-11 09:15:00,NSE:IGARASHI,45.87264297,46.62903259,45.20524272,45.65017622,1490.0
2008-08-12 09:15:00,NSE:IGARASHI,44.53784247,44.53784247,43.20304197,43.95943159,282.0
2008-08-13 09:15:00,NSE:IGARASHI,42.80260093,48.94268501,42.80260093,45.47220193,2514.0
2008-08-14 09:15:00,NSE:IGARASHI,42.98057522,47.02946918,42.98057522,44.49335001,6456.0
2008-08-18 09:15:00,NSE:IGARASHI,43.60348301,43.60348301,43.15854951,43.15854951,2729.0
2008-08-19 09:15:00,NSE:IGARASHI,41.02286693,42.71361601,41.02286693,41.82374901,1033.0
2008-08-20 09:15:00,NSE:IGARASHI,42.71361601,42.71361601,41.91273393,42.0017233,950.0
2008-08-21 09:15:00,NSE:IGARASHI,41.82374901,42.71361601,40.04401501,40.88938955,3343.0
2008-08-22 09:15:00,NSE:IGARASHI,41.82374901,43.60348301,39.24313293,40.31097422,5002.0
2008-08-25 09:15:00,NSE:IGARASHI,40.93388201,40.93388201,40.04401501,40.75590772,251.0
2008-08-26 09:15:00,NSE:IGARASHI,42.53564172,42.53564172,39.59908151,39.73256334,282.0
2008-08-27 09:15:00,NSE:IGARASHI,39.68806643,42.40216434,39.64357397,40.97837447,505.0
2008-08-28 09:15:00,NSE:IGARASHI,40.04401501,41.69026718,40.04401501,41.60128226,2000.0
2008-08-29 09:15:00,NSE:IGARASHI,40.31097422,41.37881551,37.46339893,40.04401501,11161.0
2008-09-01 09:15:00,NSE:IGARASHI,40.04401501,40.48894851,40.04401501,40.08850747,842.0
2008-09-02 09:15:00,NSE:IGARASHI,42.26868251,42.4466568,40.93388201,41.82374901,2259.0
2008-09-04 09:15:00,NSE:IGARASHI,40.2219893,42.71361601,40.2219893,42.49114926,188.0
2008-09-05 09:15:00,NSE:IGARASHI,41.69026718,43.51449809,41.69026718,42.22419005,2148.0
2008-09-08 09:15:00,NSE:IGARASHI,41.06736384,47.11845855,41.06736384,45.60568376,10292.0
2008-09-09 09:15:00,NSE:IGARASHI,46.22859155,48.00832555,44.53784247,45.07176534,18354.0
2008-09-10 09:15:00,NSE:IGARASHI,45.38321701,46.27308401,44.31537572,45.5611913,4091.0
2008-09-11 09:15:00,NSE:IGARASHI,46.27308401,46.27308401,43.38101626,44.00392405,1354.0
2008-09-15 09:15:00,NSE:IGARASHI,41.82374901,44.18189834,40.53344097,43.06956459,7524.0
2008-09-16 09:15:00,NSE:IGARASHI,40.84489709,44.00392405,40.75590772,42.22419005,3288.0
2008-09-17 09:15:00,NSE:IGARASHI,41.51229734,43.55899055,39.3321223,40.48894851,9449.0
2008-09-18 09:15:00,NSE:IGARASHI,38.26428101,40.39996359,37.50789584,40.04401501,1894.0
2008-09-19 09:15:00,NSE:IGARASHI,39.28762984,40.04401501,39.28762984,39.99952255,1022.0
2008-09-22 09:15:00,NSE:IGARASHI,40.93388201,41.33432305,38.30877347,39.19864047,7364.0
2008-09-23 09:15:00,NSE:IGARASHI,38.4422553,40.39996359,36.79599868,37.24093218,5942.0
2008-09-24 09:15:00,NSE:IGARASHI,37.46339893,40.93388201,35.81714676,37.19643972,1306.0
2008-09-25 09:15:00,NSE:IGARASHI,36.57353193,37.32992155,35.63917247,36.88498805,978.0
2008-09-26 09:15:00,NSE:IGARASHI,38.26428101,41.73476409,35.01626468,36.52903947,794.0
2008-09-29 09:15:00,NSE:IGARASHI,32.52463797,41.33432305,32.52463797,36.97397297,2888.0
2008-09-30 09:15:00,NSE:IGARASHI,36.75150622,36.75150622,32.52463797,34.70481301,1064.0
2008-10-01 09:15:00,NSE:IGARASHI,36.92948051,40.93388201,35.37221326,36.52903947,1749.0
2008-10-03 09:15:00,NSE:IGARASHI,40.04401501,40.04401501,35.59468001,37.81934751,4357.0
2008-10-06 09:15:00,NSE:IGARASHI,34.70481301,34.70481301,33.23653068,33.90393093,3236.0
2008-10-07 09:15:00,NSE:IGARASHI,32.48014551,35.28322834,32.48014551,33.37001251,2683.0
2008-10-08 09:15:00,NSE:IGARASHI,28.56472893,31.54578605,28.56472893,29.58807776,6530.0
2008-10-10 09:15:00,NSE:IGARASHI,28.92067751,30.16649309,27.36341026,28.96516997,3963.0
2008-10-13 09:15:00,NSE:IGARASHI,27.58587701,30.16649309,26.74050247,28.74270322,12098.0
2008-10-14 09:15:00,NSE:IGARASHI,28.6537183,32.61362734,28.6537183,30.47794476,2902.0
2008-10-15 09:15:00,NSE:IGARASHI,29.36561101,30.25547801,27.67486371,28.43125155,541.0
2008-10-16 09:15:00,NSE:IGARASHI,27.58587701,27.94182381,25.80614301,27.27442356,14658.0
2008-10-17 09:15:00,NSE:IGARASHI,28.92067751,29.18763672,27.00746346,28.78719568,1172.0
2008-10-20 09:15:00,NSE:IGARASHI,28.47574401,30.16649309,27.58587701,28.16429056,1615.0
2008-10-21 09:15:00,NSE:IGARASHI,28.69821076,29.94402634,28.11979721,29.05415934,382.0
2008-10-22 09:15:00,NSE:IGARASHI,27.71935706,28.69821076,26.78499671,26.91847676,1141.0
2008-10-23 09:15:00,NSE:IGARASHI,29.27662609,29.27662609,26.78499671,27.89733046,3283.0
2008-10-24 09:15:00,NSE:IGARASHI,29.23212918,29.23212918,26.4290508,26.47354326,2281.0
2008-10-27 09:15:00,NSE:IGARASHI,25.85063547,28.03081051,24.38235581,25.80614301,1233.0
2008-10-28 09:15:00,NSE:IGARASHI,25.89512971,29.0986518,24.91627601,28.60922584,471.0
2008-10-29 09:15:00,NSE:IGARASHI,26.25107651,27.58587701,26.25107651,27.58587701,563.0
2008-10-31 09:15:00,NSE:IGARASHI,27.80834376,27.80834376,25.80614301,25.80614301,1288.0
2008-11-03 09:15:00,NSE:IGARASHI,25.80614301,26.69601001,25.40570197,25.80614301,4656.0
2008-11-04 09:15:00,NSE:IGARASHI,25.80614301,27.49689031,24.91627601,26.34006321,1785.0
2008-11-05 09:15:00,NSE:IGARASHI,26.69601001,29.67706268,26.25107651,26.47354326,1621.0
2008-11-06 09:15:00,NSE:IGARASHI,25.80614301,25.80614301,23.49248881,23.71495556,4035.0
2008-11-07 09:15:00,NSE:IGARASHI,24.42685005,24.42685005,22.20218255,22.20218255,5931.0
2008-11-10 09:15:00,NSE:IGARASHI,22.24667501,23.13654201,21.57927476,22.15768831,11365.0
2008-11-11 09:15:00,NSE:IGARASHI,21.84623397,21.84623397,18.7761937,19.75504829,14049.0
2008-11-12 09:15:00,NSE:IGARASHI,19.71055405,19.71055405,17.75284754,18.1532868,13963.0
2008-11-14 09:15:00,NSE:IGARASHI,18.2422735,18.687207,16.1065927,16.86298054,9983.0
2008-11-17 09:15:00,NSE:IGARASHI,16.50703196,17.75284754,15.2167257,15.9286193,4561.0
2008-11-18 09:15:00,NSE:IGARASHI,15.5726725,16.907473,15.30571329,15.6616592,30305.0
2008-11-19 09:15:00,NSE:IGARASHI,16.68500625,16.68500625,15.0387523,15.127739,7130.0
2008-11-20 09:15:00,NSE:IGARASHI,15.5726725,16.50703196,14.41584629,16.1065927,1415.0
2008-11-21 09:15:00,NSE:IGARASHI,15.127739,16.017606,14.94976471,15.08324654,5866.0
2008-11-24 09:15:00,NSE:IGARASHI,15.127739,15.127739,14.99425895,14.99425895,1417.0
2008-11-25 09:15:00,NSE:IGARASHI,15.127739,15.127739,14.237872,14.54932545,2592.0
2008-11-26 09:15:00,NSE:IGARASHI,14.237872,15.127739,13.7039518,13.7929385,1989.0
2008-11-28 09:15:00,NSE:IGARASHI,13.39249835,13.57047175,12.50263135,12.85857815,8719.0
2008-12-01 09:15:00,NSE:IGARASHI,12.5471247,13.21452495,12.05769785,12.23567125,5849.0
2008-12-02 09:15:00,NSE:IGARASHI,12.6361114,12.6361114,12.23567125,12.41364465,1419.0
2008-12-03 09:15:00,NSE:IGARASHI,11.568271,12.458138,11.568271,12.1021912,30171.0
2008-12-04 09:15:00,NSE:IGARASHI,12.458138,13.74844515,12.1911779,12.3691513,31768.0
2008-12-05 09:15:00,NSE:IGARASHI,12.458138,13.12553825,12.05769785,12.14668455,9904.0
2008-12-08 09:15:00,NSE:IGARASHI,12.23567125,12.458138,11.568271,12.3691513,7005.0
2008-12-10 09:15:00,NSE:IGARASHI,12.458138,12.7250981,11.16783085,11.4792843,51114.0
2008-12-11 09:15:00,NSE:IGARASHI,11.9242178,12.3691513,11.1233375,11.3902976,15936.0
2008-12-12 09:15:00,NSE:IGARASHI,11.4792843,11.568271,9.83303035,10.45593725,174581.0
2008-12-15 09:15:00,NSE:IGARASHI,11.2123242,11.9242178,10.54492395,10.678404,177889.0
2008-12-16 09:15:00,NSE:IGARASHI,11.1233375,12.8140848,10.63391065,12.8140848,163615.0
2008-12-17 09:15:00,NSE:IGARASHI,14.63831304,15.35020575,12.94756485,13.1700316,190284.0
2008-12-18 09:15:00,NSE:IGARASHI,13.03655155,13.92641855,13.03655155,13.74844515,27808.0
2008-12-19 09:15:00,NSE:IGARASHI,13.5259784,14.237872,13.5259784,13.83743185,16687.0
2008-12-22 09:15:00,NSE:IGARASHI,13.9709119,14.3268587,13.74844515,13.83743185,16831.0
2008-12-23 09:15:00,NSE:IGARASHI,13.0810449,13.6149651,12.458138,12.68060475,16203.0
2008-12-24 09:15:00,NSE:IGARASHI,12.0132045,12.76959145,11.7462444,12.23567125,5382.0
2008-12-26 09:15:00,NSE:IGARASHI,12.0132045,13.48148505,11.9242178,12.68060475,8736.0
2008-12-29 09:15:00,NSE:IGARASHI,12.458138,12.9030715,12.458138,12.85857815,2359.0
2008-12-30 09:15:00,NSE:IGARASHI,12.85857815,12.94756485,12.68060475,12.8140848,8445.0
2008-12-31 09:15:00,NSE:IGARASHI,12.68060475,13.348005,12.5471247,12.68060475,11545.0
2009-01-01 09:15:00,NSE:IGARASHI,12.6361114,14.46033875,12.6361114,13.9709119,26178.0
2009-01-02 09:15:00,NSE:IGARASHI,14.5938188,15.0387523,13.7929385,14.37135205,18710.0
2009-01-05 09:15:00,NSE:IGARASHI,14.41584629,15.127739,14.41584629,14.72729796,24531.0
2009-01-06 09:15:00,NSE:IGARASHI,15.39469821,15.39469821,14.41584629,14.5938188,27847.0
2009-01-07 09:15:00,NSE:IGARASHI,14.5938188,14.5938188,12.50263135,13.12553825,12005.0
2009-01-09 09:15:00,NSE:IGARASHI,12.68060475,13.6149651,12.14668455,12.8140848,14279.0
2009-01-12 09:15:00,NSE:IGARASHI,12.5471247,13.03655155,12.0132045,12.41364465,5859.0
2009-01-13 09:15:00,NSE:IGARASHI,12.41364465,12.458138,11.568271,11.70175105,3752.0
2009-01-14 09:15:00,NSE:IGARASHI,11.568271,12.8140848,11.568271,11.6572577,30678.0
2009-01-15 09:15:00,NSE:IGARASHI,11.34580425,11.9242178,11.2123242,11.4792843,6102.0
2009-01-16 09:15:00,NSE:IGARASHI,12.23567125,12.458138,11.6572577,12.2801646,4883.0
2009-01-19 09:15:00,NSE:IGARASHI,12.458138,12.68060475,12.2801646,12.458138,4418.0
2009-01-20 09:15:00,NSE:IGARASHI,12.2801646,12.41364465,11.70175105,12.1021912,1025.0
2009-01-21 09:15:00,NSE:IGARASHI,12.1911779,12.23567125,11.568271,11.61276435,6104.0
2009-01-22 09:15:00,NSE:IGARASHI,11.52377765,11.9242178,11.0343508,11.1233375,6078.0
2009-01-23 09:15:00,NSE:IGARASHI,10.8563774,11.34580425,10.678404,10.98985745,5793.0
2009-01-27 09:15:00,NSE:IGARASHI,10.8563774,11.568271,10.8563774,11.2123242,4382.0
2009-01-28 09:15:00,NSE:IGARASHI,11.16783085,11.52377765,10.81188405,11.3013109,3929.0
2009-01-29 09:15:00,NSE:IGARASHI,11.1233375,11.3902976,10.98985745,10.98985745,3746.0
2009-01-30 09:15:00,NSE:IGARASHI,10.90087075,11.3902976,10.90087075,11.2123242,4216.0
2009-02-02 09:15:00,NSE:IGARASHI,11.1233375,11.1233375,10.4114439,10.678404,14351.0
2009-02-03 09:15:00,NSE:IGARASHI,10.7673907,10.8563774,10.4114439,10.678404,8430.0
2009-02-04 09:15:00,NSE:IGARASHI,11.16783085,12.41364465,10.27796385,10.63391065,11527.0
2009-02-05 09:15:00,NSE:IGARASHI,10.63391065,10.9453641,10.54492395,10.678404,3452.0
2009-02-06 09:15:00,NSE:IGARASHI,10.7673907,10.90087075,10.01100375,10.0554971,8065.0
2009-02-09 09:15:00,NSE:IGARASHI,10.01100375,10.9453641,10.01100375,10.81188405,6368.0
2009-02-10 09:15:00,NSE:IGARASHI,10.90087075,10.98985745,10.678404,10.8563774,2084.0
2009-02-11 09:15:00,NSE:IGARASHI,11.1233375,11.2123242,10.5004306,10.63391065,8568.0
2009-02-12 09:15:00,NSE:IGARASHI,11.1233375,11.1233375,10.72289735,10.98985745,1969.0
2009-02-13 09:15:00,NSE:IGARASHI,11.1233375,11.1233375,10.7673907,11.1233375,2686.0
2009-02-16 09:15:00,NSE:IGARASHI,11.16783085,11.3902976,10.8563774,10.8563774,3049.0
2009-02-17 09:15:00,NSE:IGARASHI,10.72289735,10.8563774,10.45593725,10.678404,6354.0
2009-02-18 09:15:00,NSE:IGARASHI,10.8563774,10.8563774,10.54492395,10.678404,722.0
2009-02-19 09:15:00,NSE:IGARASHI,11.1233375,11.1233375,10.54492395,10.678404,4872.0
2009-02-20 09:15:00,NSE:IGARASHI,10.27796385,10.8563774,10.27796385,10.63391065,373.0
2009-02-24 09:15:00,NSE:IGARASHI,9.8775237,10.7673907,9.3436035,10.5004306,9493.0
2009-02-25 09:15:00,NSE:IGARASHI,10.1444838,10.90087075,10.1444838,10.678404,1842.0
2009-02-26 09:15:00,NSE:IGARASHI,11.568271,11.568271,9.9665104,10.36695055,2026.0
2009-02-27 09:15:00,NSE:IGARASHI,10.3224572,10.63391065,10.3224572,10.63391065,1910.0
2009-03-02 09:15:00,NSE:IGARASHI,10.7673907,11.1233375,10.7673907,11.1233375,3357.0
2009-03-03 09:15:00,NSE:IGARASHI,10.678404,10.678404,10.09999045,10.63391065,5092.0
2009-03-04 09:15:00,NSE:IGARASHI,10.4114439,10.45593725,10.01100375,10.2334705,2697.0
2009-03-05 09:15:00,NSE:IGARASHI,10.2334705,10.90087075,9.56607025,9.74404365,5038.0
2009-03-06 09:15:00,NSE:IGARASHI,9.788537,10.0554971,9.1656301,9.788537,696.0
2009-03-09 09:15:00,NSE:IGARASHI,10.01100375,10.01100375,8.9876567,9.2546168,6847.0
2009-03-12 09:15:00,NSE:IGARASHI,9.4325902,9.92201705,9.12113675,9.2546168,2559.0
2009-03-13 09:15:00,NSE:IGARASHI,10.5004306,11.0343508,9.788537,10.2334705,9333.0
2009-03-16 09:15:00,NSE:IGARASHI,9.92201705,11.0343508,9.3436035,9.47708355,27127.0
2009-03-17 09:15:00,NSE:IGARASHI,9.74404365,9.83303035,9.1656301,9.47708355,9109.0
2009-03-18 09:15:00,NSE:IGARASHI,9.788537,10.2334705,9.6105636,10.01100375,10558.0
2009-03-19 09:15:00,NSE:IGARASHI,10.2334705,10.4114439,10.01100375,10.1444838,5216.0
2009-03-20 09:15:00,NSE:IGARASHI,10.09999045,10.8563774,10.09999045,10.4114439,22392.0
2009-03-23 09:15:00,NSE:IGARASHI,11.7462444,11.7462444,9.8775237,10.3224572,44520.0
2009-03-24 09:15:00,NSE:IGARASHI,10.3224572,11.07884415,10.0554971,10.4114439,12008.0
2009-03-25 09:15:00,NSE:IGARASHI,10.678404,10.7673907,10.1444838,10.3224572,51522.0
2009-03-26 09:15:00,NSE:IGARASHI,10.678404,10.678404,10.2334705,10.3224572,37411.0
2009-03-27 09:15:00,NSE:IGARASHI,10.2334705,11.25681755,9.788537,10.54492395,10449.0
2009-03-30 09:15:00,NSE:IGARASHI,10.54492395,10.8563774,8.9876567,9.6995503,34977.0
2009-03-31 09:15:00,NSE:IGARASHI,9.788537,10.18897715,8.7206966,9.6105636,54132.0
2009-04-01 09:15:00,NSE:IGARASHI,9.788537,11.568271,9.38809685,11.568271,19115.0
2009-04-02 09:15:00,NSE:IGARASHI,12.0132045,13.8819252,12.0132045,13.8819252,100335.0
2009-04-06 09:15:00,NSE:IGARASHI,15.127739,15.2167257,12.59161805,12.94756485,51394.0
2009-04-08 09:15:00,NSE:IGARASHI,13.348005,14.81628555,12.5471247,14.0598986,0.0
2009-04-09 09:15:00,NSE:IGARASHI,14.10439195,14.81628555,13.5259784,14.01540525,27952.0
2009-04-13 09:15:00,NSE:IGARASHI,14.237872,15.127739,13.92641855,14.46033875,55084.0
2009-04-15 09:15:00,NSE:IGARASHI,15.83963171,15.83963171,14.19337865,15.39469821,26305.0
2009-04-16 09:15:00,NSE:IGARASHI,15.127739,15.97311354,13.8819252,14.10439195,31079.0
2009-04-17 09:15:00,NSE:IGARASHI,13.03655155,15.127739,13.03655155,14.10439195,0.0
2009-07-01 09:15:00,NSE:IGARASHI,14.10439195,14.10439195,14.10439195,14.10439195,0.0
2009-07-02 09:15:00,NSE:IGARASHI,14.10439195,14.10439195,14.10439195,14.10439195,0.0
2009-07-03 09:15:00,NSE:IGARASHI,14.10439195,14.10439195,14.10439195,14.10439195,0.0
2009-07-06 09:15:00,NSE:IGARASHI,14.10439195,14.10439195,14.10439195,14.10439195,0.0
2009-07-07 09:15:00,NSE:IGARASHI,14.10439195,14.10439195,14.10439195,14.10439195,0.0
2009-07-08 09:15:00,NSE:IGARASHI,14.10439195,14.10439195,14.10439195,14.10439195,0.0
2009-07-09 09:15:00,NSE:IGARASHI,14.10439195,14.10439195,14.10439195,14.10439195,0.0
2009-07-10 09:15:00,NSE:IGARASHI,14.10439195,14.10439195,14.10439195,14.10439195,0.0
2009-07-13 09:15:00,NSE:IGARASHI,14.10439195,14.10439195,14.10439195,14.10439195,0.0
2009-07-14 09:15:00,NSE:IGARASHI,14.10439195,14.10439195,14.10439195,14.10439195,0.0
2009-07-15 09:15:00,NSE:IGARASHI,14.10439195,14.10439195,14.10439195,14.10439195,0.0
2009-07-16 09:15:00,NSE:IGARASHI,14.10439195,14.10439195,14.10439195,14.10439195,0.0
2009-07-17 09:15:00,NSE:IGARASHI,14.10439195,14.10439195,14.10439195,14.10439195,0.0
2009-07-20 09:15:00,NSE:IGARASHI,14.10439195,14.10439195,14.10439195,14.10439195,0.0
2009-07-21 09:15:00,NSE:IGARASHI,14.10439195,14.10439195,14.10439195,14.10439195,0.0
2009-07-22 09:15:00,NSE:IGARASHI,14.10439195,14.10439195,14.10439195,14.10439195,0.0
2009-07-23 09:15:00,NSE:IGARASHI,14.10439195,14.10439195,14.10439195,14.10439195,0.0
2009-07-24 09:15:00,NSE:IGARASHI,14.10439195,14.10439195,14.10439195,14.10439195,0.0
2009-07-27 09:15:00,NSE:IGARASHI,14.10439195,14.10439195,14.10439195,14.10439195,0.0
2009-07-28 09:15:00,NSE:IGARASHI,14.10439195,14.10439195,14.10439195,14.10439195,0.0
2009-07-30 09:15:00,NSE:IGARASHI,14.10439195,14.10439195,14.10439195,14.10439195,0.0
2009-07-31 09:15:00,NSE:IGARASHI,14.10439195,14.10439195,14.10439195,14.10439195,0.0
2009-08-03 09:15:00,NSE:IGARASHI,14.10439195,14.10439195,14.10439195,14.10439195,0.0
2009-08-04 09:15:00,NSE:IGARASHI,14.10439195,14.10439195,14.10439195,14.10439195,0.0
2009-08-05 09:15:00,NSE:IGARASHI,14.10439195,14.10439195,14.10439195,14.10439195,0.0
2009-08-07 09:15:00,NSE:IGARASHI,14.10439195,14.10439195,14.10439195,14.10439195,0.0
2009-08-10 09:15:00,NSE:IGARASHI,14.10439195,14.10439195,14.10439195,14.10439195,0.0
2009-08-11 09:15:00,NSE:IGARASHI,14.10439195,14.10439195,14.10439195,14.10439195,0.0
2009-08-12 09:15:00,NSE:IGARASHI,14.10439195,14.10439195,14.10439195,14.10439195,0.0
2009-08-13 09:15:00,NSE:IGARASHI,14.10439195,14.10439195,14.10439195,14.10439195,0.0
2009-08-14 09:15:00,NSE:IGARASHI,14.10439195,14.10439195,14.10439195,14.10439195,0.0
2009-08-17 09:15:00,NSE:IGARASHI,14.10439195,14.10439195,14.10439195,14.10439195,0.0
2009-08-19 09:15:00,NSE:IGARASHI,14.10439195,14.10439195,14.10439195,14.10439195,0.0
2009-08-20 09:15:00,NSE:IGARASHI,14.10439195,14.10439195,14.10439195,14.10439195,0.0
2009-08-21 09:15:00,NSE:IGARASHI,19.1321405,19.6660607,19.1321405,19.6660607,7551.0
2009-08-24 09:15:00,NSE:IGARASHI,20.60042106,20.68940776,20.60042106,20.68940776,4208.0
2009-08-25 09:15:00,NSE:IGARASHI,21.71275481,21.75724905,21.71275481,21.75724905,4071.0
2009-08-26 09:15:00,NSE:IGARASHI,22.8695828,22.8695828,22.8695828,22.8695828,2545.0
2009-08-27 09:15:00,NSE:IGARASHI,24.02640901,24.02640901,22.82508856,23.80394226,26149.0
2009-08-28 09:15:00,NSE:IGARASHI,24.56032921,24.56032921,22.8695828,23.13654201,13552.0
2009-08-31 09:15:00,NSE:IGARASHI,23.18103447,24.29336822,22.60262181,23.35900876,12782.0
2009-09-01 09:15:00,NSE:IGARASHI,23.93742231,24.29336822,22.78059521,23.44799546,10175.0
2009-09-02 09:15:00,NSE:IGARASHI,23.67046221,23.67046221,22.91407526,23.13654201,3896.0
2009-09-03 09:15:00,NSE:IGARASHI,23.13654201,23.67046221,22.64711605,22.95856772,38717.0
2009-09-04 09:15:00,NSE:IGARASHI,23.13654201,23.67046221,22.24667501,22.60262181,9956.0
2009-09-07 09:15:00,NSE:IGARASHI,23.71495556,23.7594498,23.13654201,23.7594498,34219.0
2009-09-08 09:15:00,NSE:IGARASHI,24.96076847,24.96076847,24.91627601,24.96076847,33747.0
2009-09-09 09:15:00,NSE:IGARASHI,26.16208981,26.20658405,24.56032921,24.78279596,14586.0
2009-09-10 09:15:00,NSE:IGARASHI,24.91627601,24.96076847,23.58147551,23.58147551,7971.0
2009-09-11 09:15:00,NSE:IGARASHI,22.82508856,23.58147551,22.51363422,23.27002206,6137.0
2009-09-14 09:15:00,NSE:IGARASHI,23.13654201,23.7594498,22.33566171,23.35900876,4592.0
2009-09-15 09:15:00,NSE:IGARASHI,24.38235581,24.47134251,23.62596797,24.42685005,10312.0
2009-09-16 09:15:00,NSE:IGARASHI,25.00526271,25.67266296,23.80394226,25.67266296,39197.0
2009-09-17 09:15:00,NSE:IGARASHI,26.96296922,26.96296922,25.49468956,26.96296922,39026.0
2009-09-18 09:15:00,NSE:IGARASHI,28.34226396,28.34226396,28.34226396,28.34226396,16686.0
2009-09-22 09:15:00,NSE:IGARASHI,29.76605205,29.76605205,29.76605205,29.76605205,42246.0
2009-09-23 09:15:00,NSE:IGARASHI,31.27882684,31.27882684,28.52023647,31.14534501,204722.0
2009-09-24 09:15:00,NSE:IGARASHI,31.14534501,32.70261226,29.85503697,32.70261226,139901.0
2009-09-25 09:15:00,NSE:IGARASHI,33.37001251,34.34886443,32.2131863,34.34886443,72900.0
2009-09-29 09:15:00,NSE:IGARASHI,36.08410597,36.08410597,34.08190522,35.55018755,77292.0
2009-09-30 09:15:00,NSE:IGARASHI,37.28542909,37.32992155,33.77045355,33.81494601,45567.0
2009-10-01 09:15:00,NSE:IGARASHI,33.01406393,33.01406393,32.12419693,32.16869384,25558.0
2009-10-05 09:15:00,NSE:IGARASHI,32.12419693,32.83609409,30.92287826,31.41230422,15392.0
2009-11-20 09:15:00,NSE:IGARASHI,29.9885188,29.9885188,28.6537183,28.74270322,2126.0
2009-11-23 09:15:00,NSE:IGARASHI,28.74270322,28.74270322,28.29776972,28.34226396,224.0
2009-11-24 09:15:00,NSE:IGARASHI,28.83169259,28.92067751,28.29776972,28.56472893,2035.0
2009-11-25 09:15:00,NSE:IGARASHI,29.18763672,29.18763672,28.25327726,28.43125155,305.0
2009-11-26 09:15:00,NSE:IGARASHI,28.52023647,28.52023647,27.89733046,28.47574401,3592.0
2009-11-27 09:15:00,NSE:IGARASHI,27.94182381,27.94182381,27.05195681,27.05195681,6176.0
2009-11-30 09:15:00,NSE:IGARASHI,27.14094351,28.2087848,26.69601001,27.89733046,9439.0
2009-12-01 09:15:00,NSE:IGARASHI,28.47574401,29.32111855,26.96296922,29.32111855,11546.0
2009-12-02 09:15:00,NSE:IGARASHI,28.92067751,30.12199618,28.92067751,29.18763672,7729.0
2009-12-03 09:15:00,NSE:IGARASHI,29.63257022,29.89952943,28.47574401,29.63257022,17707.0
2009-12-04 09:15:00,NSE:IGARASHI,28.92067751,30.47794476,28.92067751,29.85503697,11533.0
2009-12-07 09:15:00,NSE:IGARASHI,30.47794476,30.96737072,29.14314426,29.89952943,5013.0
2009-12-08 09:15:00,NSE:IGARASHI,29.85503697,30.25547801,29.72155959,30.12199618,2023.0
2009-12-09 09:15:00,NSE:IGARASHI,30.25547801,31.01186318,29.36561101,29.45459593,3876.0
2009-12-10 09:15:00,NSE:IGARASHI,29.36561101,29.81054451,29.14314426,29.45459593,1939.0
2009-12-11 09:15:00,NSE:IGARASHI,29.36561101,30.38895984,29.36561101,30.16649309,6075.0
2009-12-14 09:15:00,NSE:IGARASHI,29.27662609,30.03301126,29.23212918,29.67706268,1237.0
2009-12-15 09:15:00,NSE:IGARASHI,28.92067751,29.36561101,28.47574401,28.78719568,8330.0
2009-12-16 09:15:00,NSE:IGARASHI,28.56472893,29.18763672,27.94182381,28.56472893,4811.0
2009-12-17 09:15:00,NSE:IGARASHI,29.05415934,29.23212918,28.16429056,29.00966243,2494.0
2009-12-18 09:15:00,NSE:IGARASHI,28.2087848,29.63257022,28.2087848,29.41010347,4381.0
2009-12-21 09:15:00,NSE:IGARASHI,29.58807776,29.58807776,28.52023647,28.60922584,1294.0
2009-12-22 09:15:00,NSE:IGARASHI,28.29776972,29.00966243,28.29776972,28.38675731,800.0
2009-12-23 09:15:00,NSE:IGARASHI,28.56472893,29.81054451,28.25327726,29.27662609,19706.0
2009-12-24 09:15:00,NSE:IGARASHI,30.74490397,30.74490397,30.74490397,30.74490397,3684.0
2009-12-29 09:15:00,NSE:IGARASHI,32.30217122,32.30217122,32.30217122,32.30217122,2114.0
2009-12-30 09:15:00,NSE:IGARASHI,33.94842784,33.94842784,33.1030533,33.94842784,76165.0
2009-12-31 09:15:00,NSE:IGARASHI,35.68366493,35.68366493,33.37001251,33.5479868,43139.0
2010-01-04 09:15:00,NSE:IGARASHI,33.81494601,34.66032055,33.14754576,33.94842784,17368.0
2010-01-05 09:15:00,NSE:IGARASHI,34.61582809,35.55018755,33.23653068,35.01626468,36331.0
2010-01-06 09:15:00,NSE:IGARASHI,36.39556209,36.79599868,33.85943847,36.70701376,111250.0
2010-01-07 09:15:00,NSE:IGARASHI,36.70701376,37.37441401,36.2175878,37.06296234,21823.0
2010-01-08 09:15:00,NSE:IGARASHI,38.84269634,40.80040018,37.32992155,40.80040018,77163.0
2010-01-11 09:15:00,NSE:IGARASHI,42.62463109,44.89379105,38.75370697,44.89379105,96438.0
2010-01-12 09:15:00,NSE:IGARASHI,46.27308401,46.27308401,40.39996359,40.48894851,79601.0
2010-01-13 09:15:00,NSE:IGARASHI,41.46780043,44.35986818,40.39996359,43.69246793,109893.0
2010-01-14 09:15:00,NSE:IGARASHI,45.42770947,48.09731047,44.49335001,45.65017622,151704.0
2010-01-15 09:15:00,NSE:IGARASHI,45.07176534,45.5611913,41.51229734,43.64797547,39027.0
2010-01-18 09:15:00,NSE:IGARASHI,43.47000118,43.60348301,41.64577472,42.31317497,30132.0
2010-01-19 09:15:00,NSE:IGARASHI,42.71361601,43.42550872,40.04401501,40.80040018,23309.0
2010-01-20 09:15:00,NSE:IGARASHI,40.93388201,42.71361601,39.42110722,40.35546668,42837.0
2010-01-21 09:15:00,NSE:IGARASHI,40.84489709,40.84489709,38.26428101,39.3321223,25662.0
2010-08-20 09:15:00,NSE:IGARASHI,62.29069002,64.07042402,61.13386025,62.6466386,47732.0
2010-08-23 09:15:00,NSE:IGARASHI,65.40522452,65.40522452,62.06822327,62.86910535,7696.0
2010-08-24 09:15:00,NSE:IGARASHI,62.73562352,62.73562352,61.26734119,61.26734119,3746.0
2010-08-25 09:15:00,NSE:IGARASHI,62.246194,62.246194,58.82020693,59.17615551,15351.0
2010-08-26 09:15:00,NSE:IGARASHI,60.46646,61.22285228,59.17615551,59.79905974,10359.0
2010-08-27 09:15:00,NSE:IGARASHI,60.86690459,60.95588951,58.33078453,59.04267368,7060.0
2010-08-30 09:15:00,NSE:IGARASHI,58.33078453,59.35412624,57.12945874,57.52990334,8288.0
2010-08-31 09:15:00,NSE:IGARASHI,58.24179249,58.24179249,56.06162101,57.57439224,10593.0
2010-09-01 09:15:00,NSE:IGARASHI,58.73122201,60.46646,58.73122201,60.46646,22071.0
2010-09-02 09:15:00,NSE:IGARASHI,62.60214169,63.49200869,61.48980794,63.49200869,14258.0
2010-09-03 09:15:00,NSE:IGARASHI,64.96029102,65.3162396,62.33518603,63.31403885,17690.0
2010-09-06 09:15:00,NSE:IGARASHI,64.73782427,64.96029102,63.44751979,64.4263726,31277.0
2010-09-07 09:15:00,NSE:IGARASHI,64.15940894,65.85015802,64.15940894,65.3607285,50079.0
2010-09-08 09:15:00,NSE:IGARASHI,65.3607285,67.585396,64.11492004,66.07262477,64909.0
2010-09-09 09:15:00,NSE:IGARASHI,66.07262477,72.70213125,66.02812875,69.27614419,331311.0
2010-09-13 09:15:00,NSE:IGARASHI,70.29949302,72.16821194,69.09817435,69.98804135,139435.0
2010-09-14 09:15:00,NSE:IGARASHI,71.9902421,71.9902421,68.51975902,69.45412204,66260.0
2010-09-15 09:15:00,NSE:IGARASHI,68.96469252,72.12372304,68.96469252,71.41182677,111469.0
2010-09-16 09:15:00,NSE:IGARASHI,71.36733075,78.57525879,71.36733075,77.8188665,731078.0
2010-09-17 09:15:00,NSE:IGARASHI,79.19816302,81.3338456,75.90565779,76.52856202,150020.0
2010-09-20 09:15:00,NSE:IGARASHI,79.02019229,79.02019229,75.63869502,76.21711035,70374.0
2010-09-21 09:15:00,NSE:IGARASHI,76.08362852,78.08582927,72.07922702,72.8801091,44841.0
2010-09-22 09:15:00,NSE:IGARASHI,75.95014669,75.9946436,71.18936002,72.30169377,50906.0
2010-09-23 09:15:00,NSE:IGARASHI,71.27834494,77.3294441,70.74442652,74.48186525,62622.0
2010-09-24 09:15:00,NSE:IGARASHI,75.41622827,77.46292504,74.88230985,75.32724335,46849.0
2010-09-27 09:15:00,NSE:IGARASHI,75.63869502,77.24045829,74.39287944,74.97129477,26017.0
2010-09-28 09:15:00,NSE:IGARASHI,75.63869502,75.63869502,71.85676027,72.39067869,33364.0
2010-09-29 09:15:00,NSE:IGARASHI,74.2593985,74.2593985,69.58759675,71.1003751,34481.0
2010-09-30 09:15:00,NSE:IGARASHI,71.67878954,72.8801091,70.43297485,71.45632279,14487.0
2010-10-01 09:15:00,NSE:IGARASHI,72.96909402,74.30389452,72.16821194,73.14706475,20328.0
2010-10-04 09:15:00,NSE:IGARASHI,72.07922702,75.63869502,72.07922702,73.50301244,20619.0
2010-10-05 09:15:00,NSE:IGARASHI,74.61534619,74.97129477,71.41182677,72.74662727,15407.0
2010-10-06 09:15:00,NSE:IGARASHI,73.01359004,74.2593985,72.96909402,73.50301244,17547.0
2010-10-07 09:15:00,NSE:IGARASHI,73.14706475,78.7087335,72.4351756,73.99244285,75159.0
2010-10-08 09:15:00,NSE:IGARASHI,75.1492655,75.19376152,72.74662727,72.96909402,16706.0
2010-10-11 09:15:00,NSE:IGARASHI,75.5497101,75.5497101,73.05807894,73.28054569,9694.0
2010-10-12 09:15:00,NSE:IGARASHI,72.8801091,73.28054569,70.74442652,71.90125629,17992.0
2010-10-13 09:15:00,NSE:IGARASHI,71.5453086,75.63869502,71.5453086,74.17041269,34851.0
2010-10-14 09:15:00,NSE:IGARASHI,73.3695315,76.4395771,73.05807894,74.6598431,65276.0
2010-10-15 09:15:00,NSE:IGARASHI,73.85896102,77.50741394,73.45852354,76.26159925,77867.0
2010-10-18 09:15:00,NSE:IGARASHI,78.79772554,83.20256452,78.30829602,81.3338456,329370.0
2010-10-19 09:15:00,NSE:IGARASHI,82.31269752,82.75763102,80.4439786,81.3338456,83815.0
2010-10-20 09:15:00,NSE:IGARASHI,80.97789702,83.91446079,79.5541116,80.17701494,101178.0
2010-10-21 09:15:00,NSE:IGARASHI,82.31269752,84.9378025,81.68979329,83.82546875,145511.0
2010-10-22 09:15:00,NSE:IGARASHI,83.20256452,86.31709902,82.13472679,82.57966029,33679.0
2010-10-25 09:15:00,NSE:IGARASHI,81.86776402,83.86996477,80.13252604,82.2682015,30629.0
2010-10-26 09:15:00,NSE:IGARASHI,81.42283052,88.31929977,81.24485979,87.20696602,236799.0
2010-10-27 09:15:00,NSE:IGARASHI,87.20696602,88.76423327,80.97789702,82.84661594,78077.0
2010-10-28 09:15:00,NSE:IGARASHI,81.86776402,82.75763102,76.52856202,79.82106725,216698.0
2010-10-29 09:15:00,NSE:IGARASHI,80.53296352,82.40168244,77.15146625,78.30829602,40065.0
2010-11-01 09:15:00,NSE:IGARASHI,80.08803002,80.08803002,77.06248044,78.30829602,28082.0
2010-11-02 09:15:00,NSE:IGARASHI,79.9990451,82.31269752,77.90785854,80.22151185,65247.0
2010-11-03 09:15:00,NSE:IGARASHI,79.64309652,80.97789702,78.2193111,78.2638,14820.0
2010-11-04 09:15:00,NSE:IGARASHI,77.90785854,79.153667,75.68319104,78.2193111,30003.0
2010-11-05 09:15:00,NSE:IGARASHI,81.86776402,81.86776402,77.46292504,78.53076277,10735.0
2010-11-08 09:15:00,NSE:IGARASHI,78.35279204,79.5986005,77.41842902,78.79772554,14599.0
2010-11-09 09:15:00,NSE:IGARASHI,78.75322952,80.57745954,78.35279204,78.61974769,13012.0
2010-11-10 09:15:00,NSE:IGARASHI,80.08803002,80.08803002,77.41842902,78.44177785,12238.0
2010-11-11 09:15:00,NSE:IGARASHI,77.50741394,79.19816302,76.08362852,76.79552479,28789.0
2010-11-12 09:15:00,NSE:IGARASHI,74.03693175,77.95234744,74.03693175,75.594199,17450.0
2010-11-15 09:15:00,NSE:IGARASHI,75.63869502,75.77217685,72.07922702,73.28054569,18328.0
2010-11-16 09:15:00,NSE:IGARASHI,73.05807894,74.48186525,69.49861094,70.2105081,17556.0
2010-11-18 09:15:00,NSE:IGARASHI,71.18936002,73.814465,66.38407644,72.74662727,35592.0
2010-11-19 09:15:00,NSE:IGARASHI,68.07482552,72.96909402,68.07482552,69.7655746,18261.0
2010-11-22 09:15:00,NSE:IGARASHI,69.40962602,72.74662727,67.62989202,68.69772975,13926.0
2010-11-23 09:15:00,NSE:IGARASHI,66.07262477,67.62989202,64.51535752,66.2061066,16660.0
2010-11-24 09:15:00,NSE:IGARASHI,65.85015802,68.78672179,65.40522452,65.85015802,11094.0
2010-11-25 09:15:00,NSE:IGARASHI,64.51535752,66.74002502,63.26954194,63.5365056,10353.0
2010-11-26 09:15:00,NSE:IGARASHI,63.71447544,63.71447544,58.33078453,60.73342276,19698.0
2010-11-29 09:15:00,NSE:IGARASHI,66.74002502,66.74002502,57.84135501,60.37747418,30897.0
2010-11-30 09:15:00,NSE:IGARASHI,65.85015802,66.60654319,61.40082301,65.71667619,16483.0
2010-12-01 09:15:00,NSE:IGARASHI,60.82240769,66.74002502,60.82240769,63.93694219,17581.0
2010-12-02 09:15:00,NSE:IGARASHI,64.55985354,67.1404625,64.51535752,66.2505955,14659.0
2010-12-03 09:15:00,NSE:IGARASHI,66.29509152,68.74222577,62.46866075,64.69332825,33865.0
2010-12-06 09:15:00,NSE:IGARASHI,58.33078453,67.585396,58.33078453,65.40522452,23991.0
2010-12-07 09:15:00,NSE:IGARASHI,66.74002502,72.07922702,58.82020693,62.73562352,450971.0
2010-12-08 09:15:00,NSE:IGARASHI,62.29069002,63.5365056,57.79685899,58.55325128,52833.0
2010-12-09 09:15:00,NSE:IGARASHI,59.62108901,63.5809945,59.62108901,61.57879375,116787.0
2010-12-10 09:15:00,NSE:IGARASHI,57.84135501,65.22725379,57.84135501,62.55765278,37647.0
2010-12-13 09:15:00,NSE:IGARASHI,66.74002502,66.74002502,63.18055702,64.55985354,68712.0
2010-12-14 09:15:00,NSE:IGARASHI,60.55545203,65.04927594,60.55545203,64.29289077,12843.0
2010-12-15 09:15:00,NSE:IGARASHI,58.77571803,64.29289077,58.77571803,63.26954194,20207.0
2010-12-16 09:15:00,NSE:IGARASHI,61.40082301,64.33738679,61.40082301,63.44751979,9482.0
2010-12-20 09:15:00,NSE:IGARASHI,57.93033993,64.4263726,57.93033993,64.11492004,16028.0
2010-12-21 09:15:00,NSE:IGARASHI,61.89025253,64.64883935,61.89025253,63.80346125,7606.0
2010-12-22 09:15:00,NSE:IGARASHI,53.83695351,65.40522452,53.83695351,64.96029102,50455.0
2010-12-23 09:15:00,NSE:IGARASHI,62.29069002,64.96029102,62.29069002,64.11492004,2535.0
2010-12-24 09:15:00,NSE:IGARASHI,62.29069002,66.29509152,62.29069002,63.62549052,5864.0
2010-12-27 09:15:00,NSE:IGARASHI,63.18055702,64.73782427,63.18055702,63.5809945,9596.0
2010-12-28 09:15:00,NSE:IGARASHI,63.5365056,68.51975902,63.44751979,66.82900994,31131.0
2010-12-29 09:15:00,NSE:IGARASHI,63.44751979,65.85015802,63.44751979,64.15940894,15652.0
2010-12-30 09:15:00,NSE:IGARASHI,63.18055702,65.40522452,63.18055702,64.96029102,13825.0
2010-12-31 09:15:00,NSE:IGARASHI,63.62549052,65.85015802,63.62549052,64.4263726,13144.0
2011-01-03 09:15:00,NSE:IGARASHI,65.00478704,65.7611731,64.60434244,65.00478704,7570.0
2011-01-04 09:15:00,NSE:IGARASHI,63.22505304,65.40522452,63.22505304,64.4708615,10159.0
2011-01-05 09:15:00,NSE:IGARASHI,63.18055702,65.09377285,63.18055702,64.73782427,33748.0
2011-01-06 09:15:00,NSE:IGARASHI,63.62549052,65.27174269,63.62549052,65.00478704,9529.0
2011-01-07 09:15:00,NSE:IGARASHI,62.86910535,65.18275777,62.86910535,64.915795,9353.0
2011-01-10 09:15:00,NSE:IGARASHI,62.91359425,65.00478704,62.91359425,64.915795,17232.0
2011-01-11 09:15:00,NSE:IGARASHI,63.49200869,65.13826175,63.49200869,64.8713061,43027.0
2011-01-12 09:15:00,NSE:IGARASHI,63.66998654,65.40522452,63.66998654,64.96029102,6953.0
2011-01-13 09:15:00,NSE:IGARASHI,63.44751979,65.40522452,63.44751979,64.64883935,20038.0
2011-01-14 09:15:00,NSE:IGARASHI,60.77791878,66.51755827,60.77791878,64.78232029,4856.0
2011-01-17 09:15:00,NSE:IGARASHI,63.18055702,65.22725379,63.18055702,64.96029102,63793.0
2011-01-18 09:15:00,NSE:IGARASHI,64.29289077,64.8713061,64.29289077,64.51535752,18685.0
2011-01-19 09:15:00,NSE:IGARASHI,60.64443784,64.82680919,60.64443784,64.51535752,7446.0
2011-01-20 09:15:00,NSE:IGARASHI,62.78011953,65.805662,62.78011953,64.73782427,6260.0
2011-01-21 09:15:00,NSE:IGARASHI,63.62549052,64.96029102,63.62549052,64.78232029,5885.0
2011-01-24 09:15:00,NSE:IGARASHI,64.07042402,65.49420944,64.07042402,64.55985354,3762.0
2011-01-25 09:15:00,NSE:IGARASHI,63.93694219,64.96029102,63.93694219,64.82680919,1412.0
2011-01-27 09:15:00,NSE:IGARASHI,63.66998654,67.5409071,63.66998654,64.51535752,64245.0
2011-01-28 09:15:00,NSE:IGARASHI,63.66998654,64.73782427,63.66998654,64.51535752,19419.0
2011-01-31 09:15:00,NSE:IGARASHI,62.33518603,64.96029102,62.33518603,64.73782427,21451.0
2011-02-01 09:15:00,NSE:IGARASHI,63.66998654,66.56205429,63.66998654,64.73782427,6141.0
2011-02-02 09:15:00,NSE:IGARASHI,63.66998654,65.3162396,63.66998654,64.96029102,6577.0
2011-02-03 09:15:00,NSE:IGARASHI,63.26954194,65.805662,63.26954194,64.96029102,7139.0
2011-02-04 09:15:00,NSE:IGARASHI,63.66998654,65.09377285,63.66998654,64.82680919,21575.0
2011-02-07 09:15:00,NSE:IGARASHI,64.73782427,65.18275777,64.73782427,64.96029102,18224.0
2011-02-08 09:15:00,NSE:IGARASHI,65.04927594,66.29509152,65.04927594,65.85015802,55277.0
2011-02-09 09:15:00,NSE:IGARASHI,65.85015802,66.47306225,65.85015802,65.98363985,32933.0
2011-02-10 09:15:00,NSE:IGARASHI,65.85015802,66.33958754,65.09377285,65.89465404,93195.0
2011-02-11 09:15:00,NSE:IGARASHI,65.85015802,66.29509152,65.85015802,65.93914294,23897.0
2011-02-14 09:15:00,NSE:IGARASHI,66.74002502,66.74002502,65.98363985,66.47306225,8818.0
2011-02-15 09:15:00,NSE:IGARASHI,65.89465404,67.585396,65.89465404,66.29509152,6967.0
2011-02-16 09:15:00,NSE:IGARASHI,66.11712079,66.74002502,66.11712079,66.33958754,4679.0
2011-02-17 09:15:00,NSE:IGARASHI,66.29509152,67.49641019,66.29509152,66.51755827,26017.0
2011-02-18 09:15:00,NSE:IGARASHI,66.29509152,66.60654319,66.29509152,66.51755827,1767.0
2011-02-21 09:15:00,NSE:IGARASHI,65.89465404,67.585396,65.89465404,66.51755827,13231.0
2011-02-22 09:15:00,NSE:IGARASHI,67.62989202,67.62989202,66.42857335,66.56205429,2319.0
2011-02-23 09:15:00,NSE:IGARASHI,66.38407644,66.6510401,66.38407644,66.56205429,5064.0
2011-02-24 09:15:00,NSE:IGARASHI,67.18495852,67.18495852,66.56205429,66.60654319,12997.0
2011-02-25 09:15:00,NSE:IGARASHI,66.29509152,67.18495852,66.29509152,66.60654319,35556.0
2011-02-28 09:15:00,NSE:IGARASHI,68.51975902,68.51975902,66.56205429,66.60654319,8708.0
2011-03-01 09:15:00,NSE:IGARASHI,66.51755827,67.05147669,65.98363985,66.33958754,51438.0
2011-03-03 09:15:00,NSE:IGARASHI,66.695529,66.96249177,66.38407644,66.38407644,43830.0
2011-03-04 09:15:00,NSE:IGARASHI,66.29509152,66.74002502,66.2061066,66.38407644,20505.0
2011-03-07 09:15:00,NSE:IGARASHI,66.29509152,66.695529,65.85015802,66.42857335,17107.0
2011-03-08 09:15:00,NSE:IGARASHI,71.18936002,71.18936002,64.55985354,64.82680919,3072.0
2011-03-09 09:15:00,NSE:IGARASHI,63.18055702,68.4307741,61.13386025,62.33518603,3837.0
2011-03-10 09:15:00,NSE:IGARASHI,61.13386025,62.29069002,60.51095601,60.68892675,4936.0
2011-03-11 09:15:00,NSE:IGARASHI,57.93033993,61.356327,57.93033993,59.75457084,4182.0
2011-03-14 09:15:00,NSE:IGARASHI,61.40082301,63.62549052,58.73122201,58.77571803,802.0
2011-03-15 09:15:00,NSE:IGARASHI,62.42417184,62.42417184,56.10611347,56.19510284,3667.0
2011-03-16 09:15:00,NSE:IGARASHI,60.06602251,60.06602251,55.21624647,56.06162101,1899.0
2011-03-17 09:15:00,NSE:IGARASHI,55.17175401,58.10831778,54.05942026,55.43871322,1540.0
2011-03-18 09:15:00,NSE:IGARASHI,54.81580543,57.35192549,54.81580543,56.72902126,755.0
2011-03-21 09:15:00,NSE:IGARASHI,57.84135501,60.77791878,57.39642151,57.44091753,329.0
2011-03-22 09:15:00,NSE:IGARASHI,57.84135501,57.84135501,55.30523584,56.15060593,8433.0
2011-03-23 09:15:00,NSE:IGARASHI,54.99377972,55.83915426,54.37087193,54.77131297,2154.0
2011-03-24 09:15:00,NSE:IGARASHI,54.37087193,57.66338428,52.6801273,53.48100493,3933.0
2011-03-25 09:15:00,NSE:IGARASHI,52.94708651,57.39642151,52.94708651,55.08276909,1521.0
2011-03-28 09:15:00,NSE:IGARASHI,55.08276909,55.08276909,49.20964422,51.87924522,4572.0
2011-03-29 09:15:00,NSE:IGARASHI,49.96603384,52.32417872,48.18629984,48.80920318,28876.0
2011-03-30 09:15:00,NSE:IGARASHI,49.52110034,51.38981926,48.05281801,48.72021826,16338.0
2011-03-31 09:15:00,NSE:IGARASHI,48.36426968,52.36867118,48.36426968,49.16515176,7832.0
2011-04-01 09:15:00,NSE:IGARASHI,54.99377972,54.99377972,48.36426968,52.27968626,2348.0
2011-04-04 09:15:00,NSE:IGARASHI,55.61668751,56.86250309,51.61228601,55.7946618,3801.0
2011-04-05 09:15:00,NSE:IGARASHI,55.3497283,58.73122201,55.30523584,57.30743659,2497.0
2011-04-06 09:15:00,NSE:IGARASHI,56.10611347,57.79685899,56.06162101,57.08496984,1474.0
2011-04-07 09:15:00,NSE:IGARASHI,58.64223709,58.64223709,56.2395953,57.12945874,815.0
2011-04-08 09:15:00,NSE:IGARASHI,56.06162101,58.19730359,56.06162101,56.41756959,3202.0
2011-04-11 09:15:00,NSE:IGARASHI,56.2395953,57.39642151,55.7946618,56.06162101,1789.0
2011-04-13 09:15:00,NSE:IGARASHI,56.50655451,57.30743659,55.88364672,57.26293968,1355.0
2011-04-15 09:15:00,NSE:IGARASHI,60.51095601,60.51095601,56.06162101,56.28408776,528.0
2011-04-18 09:15:00,NSE:IGARASHI,62.29069002,62.29069002,54.59333868,54.59333868,3769.0
2011-04-19 09:15:00,NSE:IGARASHI,55.61668751,55.61668751,52.94708651,53.83695351,1577.0
2011-04-20 09:15:00,NSE:IGARASHI,55.08276909,55.08276909,54.0149278,54.0149278,1538.0
2011-04-21 09:15:00,NSE:IGARASHI,54.37087193,54.37087193,53.39202001,54.14840518,1291.0
2011-04-25 09:15:00,NSE:IGARASHI,56.06162101,56.06162101,52.59113793,54.05942026,2477.0
2011-04-26 09:15:00,NSE:IGARASHI,55.08276909,55.08276909,52.63563484,53.65897922,3292.0
2011-04-27 09:15:00,NSE:IGARASHI,55.17175401,55.17175401,51.65677847,52.19070134,9002.0
2011-04-28 09:15:00,NSE:IGARASHI,52.50215301,53.39202001,51.83475276,53.1250608,1224.0
2011-04-29 09:15:00,NSE:IGARASHI,53.83695351,53.83695351,51.70127093,51.7902603,1846.0
2011-05-02 09:15:00,NSE:IGARASHI,53.25853818,53.25853818,47.38541776,48.45325905,11173.0
2011-05-03 09:15:00,NSE:IGARASHI,48.05281801,48.45325905,45.02726843,46.09510972,15335.0
2011-05-04 09:15:00,NSE:IGARASHI,47.11845855,48.36426968,46.27308401,46.80700243,2352.0
2011-05-05 09:15:00,NSE:IGARASHI,48.05281801,48.05281801,46.09510972,46.85149934,1759.0
2011-05-06 09:15:00,NSE:IGARASHI,47.16295101,51.52330109,47.16295101,47.20744347,1553.0
2011-05-09 09:15:00,NSE:IGARASHI,51.52330109,51.52330109,45.38321701,45.65017622,3120.0
2011-05-10 09:15:00,NSE:IGARASHI,46.94048426,46.94048426,45.73916559,45.82815051,1149.0
2011-05-11 09:15:00,NSE:IGARASHI,45.82815051,46.71801751,45.33872455,46.62903259,1830.0
2011-05-12 09:15:00,NSE:IGARASHI,44.93828351,46.67352505,44.84929859,45.69466868,357.0
2011-05-13 09:15:00,NSE:IGARASHI,46.27308401,46.62903259,45.82815051,45.82815051,1460.0
2011-05-16 09:15:00,NSE:IGARASHI,50.72241901,50.72241901,45.65017622,47.20744347,1842.0
2011-05-17 09:15:00,NSE:IGARASHI,48.94268501,49.78805955,47.16295101,48.63123334,2828.0
2011-05-18 09:15:00,NSE:IGARASHI,47.83035126,47.83035126,47.83035126,47.83035126,106.0
2011-05-19 09:15:00,NSE:IGARASHI,49.61008526,49.61008526,47.20744347,47.3409253,188.0
2011-05-20 09:15:00,NSE:IGARASHI,50.23299305,50.23299305,47.69686943,47.91933618,2194.0
2011-05-23 09:15:00,NSE:IGARASHI,51.52330109,51.52330109,46.80700243,48.49775151,1241.0
2011-05-24 09:15:00,NSE:IGARASHI,46.27308401,47.60788451,46.27308401,47.60788451,1130.0
2011-05-25 09:15:00,NSE:IGARASHI,47.16295101,47.83035126,47.16295101,47.38541776,1067.0
2011-05-26 09:15:00,NSE:IGARASHI,47.16295101,48.45325905,47.16295101,48.05281801,1594.0
2011-05-27 09:15:00,NSE:IGARASHI,48.49775151,48.49775151,46.62903259,46.80700243,2943.0
2011-05-30 09:15:00,NSE:IGARASHI,46.36206893,47.29643284,46.36206893,46.71801751,1399.0
2011-05-31 09:15:00,NSE:IGARASHI,46.71801751,47.60788451,46.36206893,46.76250997,1011.0
2011-06-01 09:15:00,NSE:IGARASHI,47.16295101,47.16295101,46.31757647,46.67352505,3420.0
2011-06-02 09:15:00,NSE:IGARASHI,46.71801751,47.02946918,45.51669884,45.69466868,8191.0
2011-06-03 09:15:00,NSE:IGARASHI,46.4510583,46.71801751,45.16075026,46.27308401,2929.0
2011-06-06 09:15:00,NSE:IGARASHI,48.94268501,48.94268501,45.1162578,45.38321701,852.0
2011-06-07 09:15:00,NSE:IGARASHI,44.2263908,45.96163234,44.2263908,44.89379105,2356.0
2011-06-08 09:15:00,NSE:IGARASHI,44.2263908,45.78365805,44.2263908,45.38321701,461.0
2011-06-09 09:15:00,NSE:IGARASHI,46.27308401,46.27308401,44.93828351,44.93828351,1576.0
2011-06-10 09:15:00,NSE:IGARASHI,44.53784247,46.05061726,44.53784247,46.0061248,470.0
2011-06-13 09:15:00,NSE:IGARASHI,45.16075026,45.73916559,42.8915903,45.1162578,2757.0
2011-06-14 09:15:00,NSE:IGARASHI,44.62683184,45.73916559,44.62683184,44.80480168,860.0
2011-06-15 09:15:00,NSE:IGARASHI,46.27308401,46.27308401,45.38321701,45.38321701,3428.0
2011-06-16 09:15:00,NSE:IGARASHI,44.49335001,45.16075026,40.62243034,44.09290897,6208.0
2011-06-17 09:15:00,NSE:IGARASHI,44.04841651,44.49335001,43.60348301,43.87044222,4342.0
2011-06-20 09:15:00,NSE:IGARASHI,44.71581676,44.71581676,42.09070822,44.00392405,613.0
2011-06-21 09:15:00,NSE:IGARASHI,42.71361601,43.60348301,42.35766743,42.62463109,1356.0
2011-06-22 09:15:00,NSE:IGARASHI,49.83255201,49.83255201,41.51229734,43.47000118,2489.0
2011-06-23 09:15:00,NSE:IGARASHI,42.8915903,42.8915903,42.8915903,42.8915903,109.0
2011-06-24 09:15:00,NSE:IGARASHI,48.85370009,48.85370009,41.82374901,42.40216434,3209.0
2011-06-27 09:15:00,NSE:IGARASHI,48.85370009,48.85370009,41.37881551,42.4466568,1432.0
2011-06-28 09:15:00,NSE:IGARASHI,42.26868251,43.82594976,41.42330797,42.09070822,3429.0
2011-06-29 09:15:00,NSE:IGARASHI,41.95723084,41.95723084,40.6669228,41.77925655,6152.0
2011-06-30 09:15:00,NSE:IGARASHI,41.20084122,41.77925655,40.57793343,41.51229734,10267.0
2011-07-01 09:15:00,NSE:IGARASHI,48.85370009,48.85370009,40.93388201,41.77925655,2276.0
2011-07-04 09:15:00,NSE:IGARASHI,42.66912355,43.11405705,41.37881551,41.5567898,3737.0
2011-07-05 09:15:00,NSE:IGARASHI,41.5567898,42.71361601,40.93388201,42.66912355,2380.0
2011-07-06 09:15:00,NSE:IGARASHI,47.91933618,47.91933618,40.93388201,42.0017233,7023.0
2011-07-07 09:15:00,NSE:IGARASHI,42.26868251,42.58013418,41.86824147,42.0017233,511.0
2011-07-08 09:15:00,NSE:IGARASHI,42.0017233,43.60348301,42.0017233,42.49114926,2829.0
2011-07-11 09:15:00,NSE:IGARASHI,48.05281801,48.05281801,41.02286693,41.1118563,4334.0
2011-07-12 09:15:00,NSE:IGARASHI,42.22419005,42.62463109,41.51229734,42.58013418,1610.0
2011-07-13 09:15:00,NSE:IGARASHI,42.17969759,42.58013418,41.37881551,42.58013418,1238.0
2011-07-14 09:15:00,NSE:IGARASHI,41.91273393,42.71361601,41.5567898,42.26868251,1301.0
2011-07-15 09:15:00,NSE:IGARASHI,44.71581676,44.71581676,41.82374901,42.26868251,1657.0
2011-07-18 09:15:00,NSE:IGARASHI,42.0017233,42.0017233,41.64577472,41.69026718,306.0
2011-07-19 09:15:00,NSE:IGARASHI,43.15854951,50.05501876,41.42330797,49.03166993,121452.0
2011-07-20 09:15:00,NSE:IGARASHI,48.05281801,49.20964422,46.94048426,47.3409253,31727.0
2011-07-21 09:15:00,NSE:IGARASHI,47.16295101,48.05281801,46.31757647,46.58453568,5027.0
2011-07-22 09:15:00,NSE:IGARASHI,46.27308401,48.76471072,46.27308401,46.76250997,1615.0
2011-07-25 09:15:00,NSE:IGARASHI,46.13960218,47.60788451,46.13960218,46.58453568,5835.0
2011-07-26 09:15:00,NSE:IGARASHI,46.54004322,46.54004322,44.62683184,44.80480168,5453.0
2011-07-27 09:15:00,NSE:IGARASHI,45.78365805,45.78365805,43.20304197,43.87044222,5843.0
2011-07-28 09:15:00,NSE:IGARASHI,43.20304197,44.27088326,43.15854951,43.64797547,2981.0
2011-07-29 09:15:00,NSE:IGARASHI,44.2263908,44.84929859,43.87044222,44.13740143,4497.0
2011-08-01 09:15:00,NSE:IGARASHI,48.89819255,48.89819255,44.93828351,45.69466868,2763.0
2011-08-02 09:15:00,NSE:IGARASHI,44.49335001,44.93828351,43.7814573,44.44885755,3295.0
2011-08-03 09:15:00,NSE:IGARASHI,43.24753443,48.05281801,43.24753443,44.27088326,1771.0
2011-08-04 09:15:00,NSE:IGARASHI,44.49335001,44.49335001,41.91273393,42.31317497,11769.0
2011-08-05 09:15:00,NSE:IGARASHI,41.82374901,41.82374901,38.39776284,40.6669228,6502.0
2011-08-08 09:15:00,NSE:IGARASHI,38.26428101,41.73476409,33.77045355,40.04401501,11809.0
2011-08-09 09:15:00,NSE:IGARASHI,48.00832555,48.00832555,35.7726543,38.08630672,5519.0
2011-08-10 09:15:00,NSE:IGARASHI,44.04841651,44.04841651,37.90833243,40.17749684,1787.0
2011-08-11 09:15:00,NSE:IGARASHI,38.26428101,45.38321701,38.26428101,42.49114926,2401.0
2011-08-12 09:15:00,NSE:IGARASHI,44.49335001,44.49335001,40.04401501,40.44445605,1476.0
2011-08-16 09:15:00,NSE:IGARASHI,41.37881551,43.51449809,40.26648176,40.48894851,790.0
2011-08-17 09:15:00,NSE:IGARASHI,40.04401501,40.04401501,36.12859843,36.52903947,11605.0
2011-08-18 09:15:00,NSE:IGARASHI,36.48454701,37.73036259,35.14974651,35.81714676,1359.0
2011-08-19 09:15:00,NSE:IGARASHI,41.82374901,41.82374901,33.81494601,36.75150622,1143.0
2011-08-22 09:15:00,NSE:IGARASHI,43.51449809,43.51449809,35.59468001,40.04401501,4115.0
2011-08-23 09:15:00,NSE:IGARASHI,39.37661476,39.42110722,39.37661476,39.37661476,2418.0
2011-08-24 09:15:00,NSE:IGARASHI,39.42110722,41.33432305,39.42110722,40.35546668,1150.0
2011-08-25 09:15:00,NSE:IGARASHI,40.04401501,44.04841651,39.24313293,39.86604072,4074.0
2011-08-26 09:15:00,NSE:IGARASHI,39.15414801,44.44885755,37.90833243,40.08850747,1088.0
2011-08-29 09:15:00,NSE:IGARASHI,42.26868251,42.62463109,38.26428101,40.04401501,1657.0
2011-08-30 09:15:00,NSE:IGARASHI,40.13299993,42.62463109,38.30877347,42.22419005,2454.0
2011-09-02 09:15:00,NSE:IGARASHI,44.44885755,44.44885755,39.28762984,40.35546668,3400.0
2011-09-05 09:15:00,NSE:IGARASHI,47.56339205,47.56339205,38.70921451,41.33432305,1335.0
2011-09-06 09:15:00,NSE:IGARASHI,40.04401501,41.82374901,38.75370697,41.1118563,73.0
2011-09-07 09:15:00,NSE:IGARASHI,40.62243034,43.11405705,40.62243034,41.33432305,1764.0
2011-09-08 09:15:00,NSE:IGARASHI,40.04401501,42.26868251,39.55458905,40.80040018,915.0
2011-09-09 09:15:00,NSE:IGARASHI,46.18409909,46.18409909,40.48894851,40.57793343,1568.0
2011-09-12 09:15:00,NSE:IGARASHI,39.15414801,40.93388201,37.90833243,40.17749684,505.0
2011-09-13 09:15:00,NSE:IGARASHI,40.04401501,41.15634876,40.04401501,40.04401501,559.0
2011-09-14 09:15:00,NSE:IGARASHI,40.04401501,45.38321701,39.59908151,41.82374901,1303.0
2011-09-15 09:15:00,NSE:IGARASHI,44.35986818,44.35986818,40.93388201,41.82374901,2085.0
2011-09-16 09:15:00,NSE:IGARASHI,41.20084122,42.58013418,41.20084122,42.26868251,1391.0
2011-09-19 09:15:00,NSE:IGARASHI,44.04841651,44.04841651,41.91273393,41.91273393,294.0
2011-09-20 09:15:00,NSE:IGARASHI,41.02286693,42.62463109,40.04401501,40.13299993,9567.0
2011-09-21 09:15:00,NSE:IGARASHI,40.04401501,40.93388201,38.79819943,39.28762984,12024.0
2011-09-22 09:15:00,NSE:IGARASHI,40.04401501,40.44445605,38.35326593,38.62022959,3712.0
2011-09-23 09:15:00,NSE:IGARASHI,37.41890647,38.70921451,37.06296234,38.17529609,1422.0
2011-09-26 09:15:00,NSE:IGARASHI,39.37661476,39.37661476,37.37441401,38.26428101,2534.0
2011-09-27 09:15:00,NSE:IGARASHI,44.6713243,44.6713243,38.08630672,38.39776284,2483.0
2011-09-28 09:15:00,NSE:IGARASHI,37.5523883,38.93168126,37.46339893,37.86383997,1686.0
2011-09-29 09:15:00,NSE:IGARASHI,39.55458905,39.59908151,37.81934751,38.57573268,147.0
2011-09-30 09:15:00,NSE:IGARASHI,37.41890647,38.66472205,36.84049559,37.24093218,1435.0
2011-10-03 09:15:00,NSE:IGARASHI,40.6669228,40.6669228,35.06076159,37.37441401,2754.0
2011-10-04 09:15:00,NSE:IGARASHI,38.26428101,38.70921451,36.52903947,36.52903947,540.0
2011-10-05 09:15:00,NSE:IGARASHI,39.86604072,39.86604072,36.79599868,36.79599868,330.0
2011-10-07 09:15:00,NSE:IGARASHI,37.37441401,39.10965555,36.6625213,37.28542909,2090.0
2011-10-10 09:15:00,NSE:IGARASHI,40.04401501,40.04401501,37.81934751,39.51009659,6079.0
2011-10-11 09:15:00,NSE:IGARASHI,41.73476409,41.73476409,37.5523883,37.81934751,5784.0
2011-10-12 09:15:00,NSE:IGARASHI,36.79599868,38.26428101,36.79599868,37.41890647,6063.0
2011-10-13 09:15:00,NSE:IGARASHI,36.61802884,37.64137322,36.61802884,37.37441401,1314.0
2011-10-14 09:15:00,NSE:IGARASHI,38.21978855,38.21978855,37.06296234,38.08630672,321.0
2011-10-17 09:15:00,NSE:IGARASHI,43.38101626,43.42550872,36.61802884,37.32992155,1228.0
2011-10-18 09:15:00,NSE:IGARASHI,36.48454701,36.48454701,35.01626468,36.30657272,558.0
2011-10-19 09:15:00,NSE:IGARASHI,37.37441401,37.37441401,35.81714676,36.39556209,2158.0
2011-10-20 09:15:00,NSE:IGARASHI,42.58013418,42.58013418,34.83829484,35.28322834,3021.0
2011-10-21 09:15:00,NSE:IGARASHI,36.84049559,36.84049559,34.30437197,35.23873143,1659.0
2011-10-24 09:15:00,NSE:IGARASHI,36.84049559,36.92948051,35.06076159,36.03961351,2363.0
2011-10-25 09:15:00,NSE:IGARASHI,35.59468001,35.59468001,35.59468001,35.59468001,325.0
2011-10-26 09:15:00,NSE:IGARASHI,35.01626468,36.57353193,35.01626468,36.52903947,1960.0
2011-10-28 09:15:00,NSE:IGARASHI,37.81934751,40.48894851,35.14974651,37.95282934,4083.0
2011-10-31 09:15:00,NSE:IGARASHI,38.8871888,38.8871888,36.57353193,38.8871888,92.0
2011-11-01 09:15:00,NSE:IGARASHI,38.26428101,38.26428101,36.92948051,36.97397297,1112.0
2011-11-02 09:15:00,NSE:IGARASHI,38.13079918,38.13079918,36.88498805,37.19643972,729.0
2011-11-03 09:15:00,NSE:IGARASHI,39.59908151,39.59908151,36.52903947,37.50789584,2028.0
2011-11-04 09:15:00,NSE:IGARASHI,36.6625213,38.08630672,36.6625213,38.08630672,973.0
2011-11-08 09:15:00,NSE:IGARASHI,43.38101626,43.42550872,36.17309534,36.2175878,1851.0
2011-11-09 09:15:00,NSE:IGARASHI,40.48894851,40.48894851,34.12639768,34.61582809,7587.0
2011-11-11 09:15:00,NSE:IGARASHI,37.37441401,37.59688076,35.59468001,36.70701376,12451.0
2011-11-14 09:15:00,NSE:IGARASHI,38.26428101,38.26428101,35.68366493,37.24093218,2135.0
2011-11-15 09:15:00,NSE:IGARASHI,38.62022959,38.62022959,34.12639768,35.72816184,2085.0
2011-11-16 09:15:00,NSE:IGARASHI,37.81934751,37.81934751,34.25987951,34.30437197,5846.0
2011-11-17 09:15:00,NSE:IGARASHI,33.85943847,36.84049559,33.85943847,34.21538705,3662.0
2011-11-18 09:15:00,NSE:IGARASHI,34.70481301,35.10525405,32.52463797,34.08190522,1703.0
2011-11-22 09:15:00,NSE:IGARASHI,32.12419693,33.85943847,32.12419693,33.37001251,564.0
2011-11-23 09:15:00,NSE:IGARASHI,33.77045355,33.77045355,32.39116059,32.92507901,802.0
2011-11-24 09:15:00,NSE:IGARASHI,34.25987951,36.03961351,31.27882684,32.88058655,1871.0
2011-11-25 09:15:00,NSE:IGARASHI,32.03521201,35.95062859,31.14534501,35.06076159,1749.0
2011-11-28 09:15:00,NSE:IGARASHI,35.81714676,36.84049559,33.81494601,34.48234626,1676.0
2011-11-29 09:15:00,NSE:IGARASHI,34.70481301,35.95062859,34.70481301,35.23873143,1123.0
2011-11-30 09:15:00,NSE:IGARASHI,35.55018755,35.55018755,33.85943847,33.94842784,451.0
2011-12-01 09:15:00,NSE:IGARASHI,34.70481301,36.48454701,33.63697172,33.72596109,4888.0
2011-12-02 09:15:00,NSE:IGARASHI,36.2175878,36.2175878,34.61582809,34.70481301,812.0
2011-12-05 09:15:00,NSE:IGARASHI,33.37001251,36.30657272,33.01406393,34.74930547,547.0
2011-12-07 09:15:00,NSE:IGARASHI,34.70481301,34.70481301,33.59247926,33.59247926,1638.0
2011-12-08 09:15:00,NSE:IGARASHI,34.25987951,34.25987951,32.30217122,32.79159718,1297.0
2011-12-09 09:15:00,NSE:IGARASHI,33.77045355,33.77045355,31.63477097,32.88058655,2185.0
2011-12-12 09:15:00,NSE:IGARASHI,32.96957147,32.96957147,32.96957147,32.96957147,112.0
2011-12-13 09:15:00,NSE:IGARASHI,32.03521201,33.9929203,31.63477097,33.72596109,4974.0
2011-12-14 09:15:00,NSE:IGARASHI,32.92507901,32.92507901,32.48014551,32.56913043,4.0
2011-12-15 09:15:00,NSE:IGARASHI,34.25987951,35.06076159,31.59027851,32.79159718,9798.0
2011-12-16 09:15:00,NSE:IGARASHI,31.59027851,34.12639768,30.70041151,33.45899743,10615.0
2011-12-19 09:15:00,NSE:IGARASHI,37.28542909,37.28542909,30.70041151,30.83389334,1464.0
2011-12-20 09:15:00,NSE:IGARASHI,32.48014551,34.25987951,27.63036947,27.7638513,1527.0
2011-12-21 09:15:00,NSE:IGARASHI,29.41010347,31.72376034,28.52023647,31.67926343,1214.0
2011-12-22 09:15:00,NSE:IGARASHI,35.55018755,35.55018755,29.45459593,29.94402634,11427.0
2011-12-23 09:15:00,NSE:IGARASHI,31.59027851,31.94622709,29.41010347,29.81054451,227.0
2011-12-26 09:15:00,NSE:IGARASHI,31.59027851,31.94622709,29.58807776,30.21098555,1268.0
2011-12-27 09:15:00,NSE:IGARASHI,28.92067751,29.81054451,28.92067751,29.23212918,1279.0
2011-12-28 09:15:00,NSE:IGARASHI,28.6537183,30.25547801,28.6537183,30.25547801,1256.0
2011-12-29 09:15:00,NSE:IGARASHI,29.36561101,32.92507901,28.47574401,29.0986518,166.0
2011-12-30 09:15:00,NSE:IGARASHI,28.07530297,31.85723772,27.71935706,30.34446293,566.0
2012-01-02 09:15:00,NSE:IGARASHI,34.66032055,34.66032055,28.6537183,32.07970447,1326.0
2012-01-03 09:15:00,NSE:IGARASHI,32.96957147,33.68146418,30.70041151,33.68146418,751.0
2012-01-04 09:15:00,NSE:IGARASHI,32.96957147,34.70481301,32.92507901,34.57133118,1560.0
2012-01-06 09:15:00,NSE:IGARASHI,33.23653068,33.23653068,32.52463797,32.92507901,1404.0
2012-01-09 09:15:00,NSE:IGARASHI,36.03961351,36.03961351,32.12419693,33.81494601,340.0
2012-01-10 09:15:00,NSE:IGARASHI,34.70481301,38.08630672,34.70481301,35.50569509,6239.0
2012-01-11 09:15:00,NSE:IGARASHI,34.30437197,36.12859843,34.30437197,35.72816184,1808.0
2012-01-12 09:15:00,NSE:IGARASHI,34.92727976,37.24093218,34.17089459,35.7726543,1279.0
2012-01-13 09:15:00,NSE:IGARASHI,37.15194726,37.37441401,34.79379793,36.2175878,733.0
2012-01-16 09:15:00,NSE:IGARASHI,40.04401501,40.04401501,34.03741276,36.70701376,468.0
2012-01-17 09:15:00,NSE:IGARASHI,38.75370697,39.06516309,36.08410597,36.12859843,2084.0
2012-01-18 09:15:00,NSE:IGARASHI,38.39776284,38.39776284,35.81714676,35.81714676,117.0
2012-01-19 09:15:00,NSE:IGARASHI,39.15414801,39.15414801,35.86163922,37.32992155,1623.0
2012-01-20 09:15:00,NSE:IGARASHI,38.26428101,38.53124022,37.50789584,38.17529609,2916.0
2012-01-23 09:15:00,NSE:IGARASHI,37.37441401,39.95503009,37.37441401,39.06516309,1139.0
2012-01-24 09:15:00,NSE:IGARASHI,38.39776284,39.7770558,38.26428101,38.75370697,4661.0
2012-01-25 09:15:00,NSE:IGARASHI,38.08630672,40.04401501,37.50789584,38.66472205,4424.0
2012-01-27 09:15:00,NSE:IGARASHI,40.04401501,40.88938955,39.02066618,40.44445605,11759.0
2012-01-30 09:15:00,NSE:IGARASHI,40.93388201,42.26868251,38.30877347,38.53124022,1614.0
2012-01-31 09:15:00,NSE:IGARASHI,39.99952255,40.31097422,38.8871888,39.15414801,2613.0
2012-02-01 09:15:00,NSE:IGARASHI,40.75590772,40.75590772,39.73256334,39.82154826,3847.0
2012-02-02 09:15:00,NSE:IGARASHI,39.91053318,40.84489709,39.15414801,39.3321223,2337.0
2012-02-06 09:15:00,NSE:IGARASHI,39.15414801,41.73476409,38.30877347,41.37881551,3687.0
2012-02-07 09:15:00,NSE:IGARASHI,41.37881551,41.69026718,39.68806643,39.68806643,1175.0
2012-02-08 09:15:00,NSE:IGARASHI,39.15414801,39.64357397,39.15414801,39.3321223,576.0
2012-02-09 09:15:00,NSE:IGARASHI,42.53564172,42.53564172,39.3321223,39.42110722,2156.0
2012-02-10 09:15:00,NSE:IGARASHI,41.69026718,41.73476409,39.82154826,41.5567898,1665.0
2012-02-13 09:15:00,NSE:IGARASHI,40.93388201,40.97837447,39.3321223,40.08850747,2721.0
2012-02-14 09:15:00,NSE:IGARASHI,40.08850747,41.15634876,40.04401501,41.1118563,4346.0
2012-02-15 09:15:00,NSE:IGARASHI,43.3365238,48.6757258,41.91273393,46.76250997,36253.0
2012-02-16 09:15:00,NSE:IGARASHI,47.65237697,48.54224397,44.76030922,45.60568376,6045.0
2012-02-17 09:15:00,NSE:IGARASHI,44.53784247,47.56339205,44.53784247,46.09510972,4299.0
2012-02-21 09:15:00,NSE:IGARASHI,46.71801751,46.71801751,42.71361601,43.7814573,5346.0
2012-02-22 09:15:00,NSE:IGARASHI,43.15854951,43.60348301,42.93608276,43.20304197,1654.0
2012-02-23 09:15:00,NSE:IGARASHI,42.93608276,44.04841651,42.17969759,43.06956459,677.0
2012-02-24 09:15:00,NSE:IGARASHI,41.82374901,44.49335001,41.82374901,42.58013418,768.0
2012-02-27 09:15:00,NSE:IGARASHI,43.60348301,43.60348301,39.24313293,40.48894851,2806.0
2012-02-28 09:15:00,NSE:IGARASHI,39.15414801,41.15634876,38.35326593,40.57793343,533.0
2012-02-29 09:15:00,NSE:IGARASHI,42.62463109,43.60348301,41.06736384,41.15634876,4181.0
2012-03-01 09:15:00,NSE:IGARASHI,42.71361601,42.71361601,40.93388201,41.42330797,1419.0
2012-03-02 09:15:00,NSE:IGARASHI,42.0017233,43.06956459,41.06736384,42.04621576,1798.0
2012-03-05 09:15:00,NSE:IGARASHI,41.82374901,42.71361601,40.93388201,42.66912355,836.0
2012-03-06 09:15:00,NSE:IGARASHI,40.97837447,42.58013418,40.93388201,41.86824147,3185.0
2012-03-07 09:15:00,NSE:IGARASHI,40.93388201,42.49114926,40.35546668,41.82374901,238.0
2012-03-09 09:15:00,NSE:IGARASHI,40.93388201,42.04621576,40.93388201,42.04621576,370.0
2012-03-12 09:15:00,NSE:IGARASHI,46.71801751,46.71801751,41.37881551,41.60128226,4084.0
2012-03-13 09:15:00,NSE:IGARASHI,41.82374901,42.26868251,39.68806643,41.64577472,1604.0
2012-03-14 09:15:00,NSE:IGARASHI,41.37881551,43.11405705,41.37881551,42.49114926,4988.0
2012-03-15 09:15:00,NSE:IGARASHI,40.44445605,42.58013418,40.26648176,41.37881551,3199.0
2012-03-16 09:15:00,NSE:IGARASHI,40.31097422,40.6669228,38.26428101,39.28762984,2295.0
2012-03-19 09:15:00,NSE:IGARASHI,38.26428101,39.15414801,37.19643972,38.93168126,1471.0
2012-03-20 09:15:00,NSE:IGARASHI,40.62243034,43.11405705,39.28762984,39.82154826,2008.0
2012-03-21 09:15:00,NSE:IGARASHI,41.37881551,41.37881551,40.04401501,40.08850747,1744.0
2012-03-22 09:15:00,NSE:IGARASHI,39.28762984,39.59908151,38.35326593,38.53124022,924.0
2012-03-23 09:15:00,NSE:IGARASHI,37.46339893,40.44445605,37.46339893,38.70921451,1587.0
2012-03-26 09:15:00,NSE:IGARASHI,38.26428101,39.91053318,38.21978855,38.93168126,2181.0
2012-03-27 09:15:00,NSE:IGARASHI,38.26428101,38.30877347,38.26428101,38.30877347,1191.0
2012-03-28 09:15:00,NSE:IGARASHI,37.81934751,39.10965555,37.5523883,37.86383997,1459.0
2012-03-29 09:15:00,NSE:IGARASHI,37.37441401,38.26428101,36.61802884,37.50789584,387.0
2012-03-30 09:15:00,NSE:IGARASHI,39.82154826,39.82154826,38.79819943,39.55458905,457.0
2012-04-02 09:15:00,NSE:IGARASHI,39.91053318,39.91053318,38.97617372,39.55458905,243.0
2012-04-03 09:15:00,NSE:IGARASHI,40.93388201,44.44885755,39.99952255,41.82374901,1077.0
2012-04-04 09:15:00,NSE:IGARASHI,42.26868251,42.62463109,41.42330797,41.46780043,718.0
2012-04-09 09:15:00,NSE:IGARASHI,40.17749684,42.53564172,40.13299993,41.1118563,367.0
2012-04-10 09:15:00,NSE:IGARASHI,42.62463109,42.62463109,40.93388201,40.93388201,823.0
2012-04-11 09:15:00,NSE:IGARASHI,40.93388201,44.49335001,40.93388201,43.15854951,1019.0
2012-04-12 09:15:00,NSE:IGARASHI,41.95723084,43.91493468,41.95723084,42.75810847,2244.0
2012-04-13 09:15:00,NSE:IGARASHI,41.95723084,45.38321701,41.95723084,43.20304197,2464.0
2012-04-16 09:15:00,NSE:IGARASHI,41.82374901,45.1162578,41.82374901,42.22419005,1650.0
2012-04-17 09:15:00,NSE:IGARASHI,43.95943159,43.95943159,41.82374901,41.95723084,266.0
2012-04-18 09:15:00,NSE:IGARASHI,43.55899055,43.55899055,41.51229734,42.80260093,346.0
2012-04-19 09:15:00,NSE:IGARASHI,42.80260093,44.40436509,42.80260093,44.40436509,1527.0
2012-04-20 09:15:00,NSE:IGARASHI,44.49335001,49.47660343,43.60348301,45.82815051,3435.0
2012-04-23 09:15:00,NSE:IGARASHI,44.31537572,47.83035126,44.27088326,46.76250997,2792.0
2012-04-24 09:15:00,NSE:IGARASHI,45.20524272,45.96163234,44.6713243,44.84929859,15615.0
2012-04-25 09:15:00,NSE:IGARASHI,49.38761851,53.79246105,48.05281801,53.79246105,28525.0
2012-04-26 09:15:00,NSE:IGARASHI,57.57439224,64.51535752,57.57439224,64.51535752,476701.0
2012-04-27 09:15:00,NSE:IGARASHI,66.2505955,67.9858406,58.06382176,60.64443784,280502.0
2012-04-30 09:15:00,NSE:IGARASHI,62.29069002,67.27394344,59.35412624,67.27394344,98409.0
2012-05-02 09:15:00,NSE:IGARASHI,68.07482552,71.85676027,65.04927594,67.31844035,143061.0
2012-05-03 09:15:00,NSE:IGARASHI,66.74002502,73.23605679,65.09377285,72.034731,123157.0
2012-05-04 09:15:00,NSE:IGARASHI,72.12372304,72.52416052,66.91799575,67.585396,52012.0
2012-05-07 09:15:00,NSE:IGARASHI,65.85015802,71.5453086,64.07042402,70.38847794,63124.0
2012-05-08 09:15:00,NSE:IGARASHI,71.18936002,72.56865654,67.76337385,68.16381044,19814.0
2012-05-09 09:15:00,NSE:IGARASHI,69.40962602,69.40962602,65.04927594,65.93914294,13657.0
2012-05-10 09:15:00,NSE:IGARASHI,67.62989202,68.51975902,63.18055702,63.93694219,8554.0
2012-05-11 09:15:00,NSE:IGARASHI,64.82680919,64.82680919,60.64443784,61.71227469,4881.0
2012-05-14 09:15:00,NSE:IGARASHI,62.33518603,63.9814391,60.15500743,62.73562352,8101.0
2012-05-15 09:15:00,NSE:IGARASHI,60.24399325,65.71667619,60.24399325,63.35852775,2850.0
2012-05-16 09:15:00,NSE:IGARASHI,61.40082301,63.93694219,61.00038553,63.62549052,17858.0
2012-05-17 09:15:00,NSE:IGARASHI,63.44751979,65.67218729,63.44751979,65.09377285,11189.0
2012-05-18 09:15:00,NSE:IGARASHI,64.915795,66.695529,63.62549052,66.11712079,4164.0
2012-05-21 09:15:00,NSE:IGARASHI,66.74002502,67.62989202,66.74002502,66.74002502,1857.0
2012-05-22 09:15:00,NSE:IGARASHI,68.475263,68.475263,63.18055702,64.025928,5821.0
2012-05-23 09:15:00,NSE:IGARASHI,61.13386025,64.24839475,61.13386025,62.246194,4541.0
2012-05-24 09:15:00,NSE:IGARASHI,62.29069002,64.07042402,61.71227469,62.42417184,513.0
2012-05-25 09:15:00,NSE:IGARASHI,64.07042402,64.29289077,63.62549052,63.66998654,703.0
2012-05-28 09:15:00,NSE:IGARASHI,64.07042402,65.44972054,61.53430484,61.93474144,1881.0
2012-05-29 09:15:00,NSE:IGARASHI,62.37967494,63.9814391,61.66778578,61.8012605,1546.0
2012-05-30 09:15:00,NSE:IGARASHI,61.17835626,63.136061,61.08937134,62.15720819,2690.0
2012-05-31 09:15:00,NSE:IGARASHI,61.17835626,61.17835626,59.22065153,60.06602251,1559.0
2012-06-01 09:15:00,NSE:IGARASHI,58.95368876,61.40082301,58.77571803,59.84355576,7428.0
2012-06-04 09:15:00,NSE:IGARASHI,57.88585103,61.97923834,57.88585103,60.55545203,786.0
2012-06-05 09:15:00,NSE:IGARASHI,61.40082301,62.29069002,58.73122201,59.62108901,8552.0
2012-06-06 09:15:00,NSE:IGARASHI,61.31183809,62.95809027,60.59994094,61.53430484,4090.0
2012-06-07 09:15:00,NSE:IGARASHI,58.73122201,65.09377285,58.73122201,65.00478704,3492.0
2012-06-08 09:15:00,NSE:IGARASHI,62.42417184,65.93914294,62.42417184,63.75897235,1724.0
2012-06-11 09:15:00,NSE:IGARASHI,63.26954194,64.4263726,62.95809027,64.07042402,2391.0
2012-06-12 09:15:00,NSE:IGARASHI,63.18055702,64.33738679,62.78011953,63.71447544,2175.0
2012-06-13 09:15:00,NSE:IGARASHI,63.35852775,64.4708615,62.6466386,63.04707519,2375.0
2012-06-14 09:15:00,NSE:IGARASHI,62.42417184,63.44751979,61.84575652,62.51315677,1864.0
2012-06-15 09:15:00,NSE:IGARASHI,61.08937134,65.71667619,61.08937134,62.95809027,3457.0
2012-06-18 09:15:00,NSE:IGARASHI,61.84575652,62.95809027,61.84575652,62.82460844,2339.0
2012-06-19 09:15:00,NSE:IGARASHI,61.40082301,62.29069002,60.59994094,61.40082301,2274.0
2012-06-20 09:15:00,NSE:IGARASHI,63.9814391,64.29289077,60.64443784,63.00258628,1942.0
2012-06-21 09:15:00,NSE:IGARASHI,63.18055702,63.62549052,62.11271928,62.33518603,3870.0
2012-06-22 09:15:00,NSE:IGARASHI,63.18055702,64.07042402,63.18055702,63.5365056,1302.0
2012-06-25 09:15:00,NSE:IGARASHI,63.0915721,64.915795,61.89025253,62.246194,1047.0
2012-06-26 09:15:00,NSE:IGARASHI,61.93474144,62.73562352,61.89025253,62.29069002,5225.0
2012-06-27 09:15:00,NSE:IGARASHI,64.07042402,64.07042402,61.8012605,62.29069002,1981.0
2012-06-28 09:15:00,NSE:IGARASHI,62.37967494,62.37967494,61.00038553,61.00038553,7151.0
2012-06-29 09:15:00,NSE:IGARASHI,62.29069002,62.29069002,60.73342276,60.95588951,6984.0
2012-07-02 09:15:00,NSE:IGARASHI,62.29069002,62.29069002,61.17835626,62.29069002,1329.0
2012-07-03 09:15:00,NSE:IGARASHI,61.40082301,62.86910535,61.40082301,62.86910535,1464.0
2012-07-04 09:15:00,NSE:IGARASHI,61.40082301,62.91359425,61.40082301,62.91359425,21184.0
2012-07-05 09:15:00,NSE:IGARASHI,64.60434244,68.8757076,63.80346125,68.16381044,59050.0
2012-07-06 09:15:00,NSE:IGARASHI,71.27834494,78.6642446,67.05147669,77.15146625,109215.0
2012-07-09 09:15:00,NSE:IGARASHI,78.57525879,82.53516427,76.17261344,76.61754694,240369.0
2012-07-10 09:15:00,NSE:IGARASHI,78.04133325,79.02019229,74.30389452,76.39508019,25264.0
2012-07-11 09:15:00,NSE:IGARASHI,74.92679875,76.4395771,72.52416052,73.41402752,11735.0
2012-07-12 09:15:00,NSE:IGARASHI,75.32724335,76.26159925,72.96909402,75.5497101,18165.0
2012-07-13 09:15:00,NSE:IGARASHI,78.30829602,78.30829602,73.41402752,74.43737635,7008.0
2012-07-16 09:15:00,NSE:IGARASHI,79.33164485,79.33164485,69.54310785,71.18936002,5954.0
2012-07-17 09:15:00,NSE:IGARASHI,70.96689327,74.48186525,69.45412204,69.45412204,4320.0
2012-07-18 09:15:00,NSE:IGARASHI,69.94354444,74.48186525,67.0959736,73.59199825,12600.0
2012-07-19 09:15:00,NSE:IGARASHI,75.5497101,75.63869502,73.3250426,73.3250426,4656.0
2012-07-20 09:15:00,NSE:IGARASHI,73.01359004,75.1492655,72.07922702,72.07922702,6089.0
2012-07-23 09:15:00,NSE:IGARASHI,73.50301244,73.50301244,70.43297485,70.87790835,2081.0
2012-07-24 09:15:00,NSE:IGARASHI,76.9289995,76.97349552,69.40962602,70.29949302,10100.0
2012-07-25 09:15:00,NSE:IGARASHI,71.01138929,71.144864,68.51975902,70.2105081,13258.0
2012-07-26 09:15:00,NSE:IGARASHI,71.1003751,72.96909402,67.76337385,68.29729227,14686.0
2012-07-27 09:15:00,NSE:IGARASHI,70.2105081,70.92239725,64.69332825,65.53870635,10555.0
2012-07-30 09:15:00,NSE:IGARASHI,63.26954194,67.00698779,63.26954194,64.69332825,7288.0
2012-07-31 09:15:00,NSE:IGARASHI,67.1404625,67.1404625,63.26954194,63.9814391,4626.0
2012-08-01 09:15:00,NSE:IGARASHI,62.82460844,65.85015802,62.82460844,64.07042402,3302.0
2012-08-02 09:15:00,NSE:IGARASHI,63.35852775,64.96029102,62.95809027,64.24839475,9571.0
2012-08-03 09:15:00,NSE:IGARASHI,65.3162396,65.3162396,62.55765278,63.136061,3225.0
2012-08-06 09:15:00,NSE:IGARASHI,65.98363985,70.03253025,64.15940894,64.60434244,33170.0
2012-08-07 09:15:00,NSE:IGARASHI,64.07042402,65.85015802,64.07042402,65.40522452,2791.0
2012-08-08 09:15:00,NSE:IGARASHI,64.24839475,65.7611731,63.18055702,63.49200869,4261.0
2012-08-09 09:15:00,NSE:IGARASHI,64.96029102,64.96029102,62.51315677,62.6911275,4745.0
2012-08-10 09:15:00,NSE:IGARASHI,63.84795727,63.84795727,61.8012605,61.8012605,2503.0
2012-08-13 09:15:00,NSE:IGARASHI,63.136061,65.53870635,60.59994094,64.96029102,8729.0
2012-08-14 09:15:00,NSE:IGARASHI,64.69332825,65.62769127,63.66998654,65.22725379,1072.0
2012-08-16 09:15:00,NSE:IGARASHI,64.07042402,65.3607285,63.89245329,64.96029102,4065.0
2012-08-17 09:15:00,NSE:IGARASHI,64.64883935,65.53870635,63.66998654,65.04927594,4502.0
2012-08-21 09:15:00,NSE:IGARASHI,64.20390585,65.04927594,64.07042402,64.55985354,2387.0
2012-08-22 09:15:00,NSE:IGARASHI,64.07042402,65.22725379,63.80346125,64.915795,1228.0
2012-08-23 09:15:00,NSE:IGARASHI,65.3162396,65.3162396,63.40302377,63.84795727,2514.0
2012-08-24 09:15:00,NSE:IGARASHI,63.22505304,64.07042402,62.33518603,62.82460844,6943.0
2012-08-27 09:15:00,NSE:IGARASHI,63.18055702,64.8713061,63.18055702,63.31403885,5107.0
2012-08-28 09:15:00,NSE:IGARASHI,62.29069002,64.025928,60.51095601,61.26734119,3107.0
2012-08-29 09:15:00,NSE:IGARASHI,61.31183809,62.29069002,60.19950434,60.51095601,4350.0
2012-08-30 09:15:00,NSE:IGARASHI,60.28848926,60.51095601,58.73122201,60.51095601,4281.0
2012-08-31 09:15:00,NSE:IGARASHI,58.77571803,61.8012605,58.77571803,59.39862226,4352.0
2012-09-03 09:15:00,NSE:IGARASHI,60.51095601,63.9814391,60.51095601,63.5809945,4250.0
2012-09-04 09:15:00,NSE:IGARASHI,62.91359425,65.40522452,60.9113935,62.6466386,8038.0
2012-09-05 09:15:00,NSE:IGARASHI,62.246194,62.91359425,61.13386025,62.86910535,1330.0
2012-09-06 09:15:00,NSE:IGARASHI,63.62549052,63.62549052,60.42197109,61.62328977,7388.0
2012-09-07 09:15:00,NSE:IGARASHI,61.53430484,67.40742527,61.53430484,65.71667619,24183.0
2012-09-10 09:15:00,NSE:IGARASHI,66.33958754,69.3206411,65.67218729,66.82900994,6545.0
2012-09-11 09:15:00,NSE:IGARASHI,68.25279625,71.1003751,66.74002502,69.49861094,15988.0
2012-09-12 09:15:00,NSE:IGARASHI,68.11932154,73.85896102,68.07482552,70.254997,22584.0
2012-09-13 09:15:00,NSE:IGARASHI,69.27614419,71.50081169,67.94134369,68.07482552,9158.0
2012-09-14 09:15:00,NSE:IGARASHI,67.67438804,69.3206411,67.40742527,67.67438804,6936.0
2012-09-17 09:15:00,NSE:IGARASHI,67.67438804,68.29729227,65.13826175,65.85015802,16247.0
2012-09-18 09:15:00,NSE:IGARASHI,65.3162396,68.34178829,65.04927594,66.29509152,4012.0
2012-09-20 09:15:00,NSE:IGARASHI,68.29729227,68.29729227,65.71667619,66.74002502,1097.0
2012-09-21 09:15:00,NSE:IGARASHI,66.51755827,69.18715927,66.51755827,66.74002502,5412.0
2012-09-24 09:15:00,NSE:IGARASHI,65.04927594,67.62989202,65.04927594,66.74002502,4829.0
2012-09-25 09:15:00,NSE:IGARASHI,66.74002502,68.96469252,66.6510401,67.40742527,3898.0
2012-09-26 09:15:00,NSE:IGARASHI,66.91799575,70.29949302,66.78452104,68.07482552,11796.0
2012-09-27 09:15:00,NSE:IGARASHI,68.69772975,68.69772975,67.40742527,68.34178829,1767.0
2012-09-28 09:15:00,NSE:IGARASHI,67.62989202,70.74442652,67.62989202,69.14266325,4059.0
2012-10-01 09:15:00,NSE:IGARASHI,67.62989202,70.29949302,66.78452104,69.7655746,7485.0
2012-10-03 09:15:00,NSE:IGARASHI,70.254997,73.63649427,70.16601119,72.924598,17354.0
2012-10-04 09:15:00,NSE:IGARASHI,74.74882802,74.92679875,69.72107769,71.23385604,19816.0
2012-10-05 09:15:00,NSE:IGARASHI,72.924598,72.924598,65.71667619,69.40962602,7371.0
2012-10-08 09:15:00,NSE:IGARASHI,71.90125629,71.90125629,69.3206411,69.63209277,6241.0
2012-10-09 09:15:00,NSE:IGARASHI,71.01138929,71.01138929,69.40962602,69.58759675,1517.0
2012-10-10 09:15:00,NSE:IGARASHI,69.54310785,69.85455952,67.62989202,67.94134369,4541.0
2012-10-11 09:15:00,NSE:IGARASHI,70.96689327,71.01138929,67.62989202,68.96469252,3170.0
2012-10-12 09:15:00,NSE:IGARASHI,68.9201965,75.37173225,68.9201965,72.34618979,44865.0
2012-10-15 09:15:00,NSE:IGARASHI,71.85676027,73.59199825,71.85676027,72.25719775,7448.0
2012-10-16 09:15:00,NSE:IGARASHI,72.96909402,73.3695315,70.34398904,70.96689327,6658.0
2012-10-17 09:15:00,NSE:IGARASHI,70.34398904,72.39067869,69.40962602,71.18936002,6952.0
2012-10-18 09:15:00,NSE:IGARASHI,71.63429352,73.814465,71.18936002,72.8801091,10727.0
2012-10-19 09:15:00,NSE:IGARASHI,76.35059129,76.35059129,71.32284185,72.52416052,5909.0
2012-10-22 09:15:00,NSE:IGARASHI,74.2593985,74.2593985,70.38847794,71.18936002,4062.0
2012-10-23 09:15:00,NSE:IGARASHI,71.85676027,71.85676027,69.49861094,69.49861094,3508.0
2012-10-25 09:15:00,NSE:IGARASHI,70.29949302,70.29949302,68.07482552,68.56425504,6254.0
2012-10-26 09:15:00,NSE:IGARASHI,68.51975902,69.85455952,66.96249177,68.29729227,2187.0
2012-10-29 09:15:00,NSE:IGARASHI,68.96469252,70.2105081,68.16381044,68.60874394,2350.0
2012-10-30 09:15:00,NSE:IGARASHI,69.40962602,69.40962602,66.82900994,67.22945454,784.0
2012-10-31 09:15:00,NSE:IGARASHI,67.67438804,68.74222577,67.27394344,67.62989202,805.0
2012-11-01 09:15:00,NSE:IGARASHI,67.0959736,67.9858406,66.78452104,67.67438804,1811.0
2012-11-02 09:15:00,NSE:IGARASHI,68.51975902,69.14266325,66.6510401,67.05147669,7338.0
2012-11-05 09:15:00,NSE:IGARASHI,66.78452104,67.585396,65.85015802,66.29509152,3396.0
2012-11-06 09:15:00,NSE:IGARASHI,65.85015802,68.34178829,65.3607285,66.11712079,3422.0
2012-11-07 09:15:00,NSE:IGARASHI,67.40742527,68.29729227,66.695529,67.62989202,3185.0
2012-11-08 09:15:00,NSE:IGARASHI,67.5409071,68.07482552,66.74002502,67.80786275,2371.0
2012-11-09 09:15:00,NSE:IGARASHI,67.89685479,67.89685479,66.29509152,66.56205429,1477.0
2012-11-12 09:15:00,NSE:IGARASHI,68.96469252,70.2105081,67.18495852,69.72107769,4153.0
2012-11-13 09:15:00,NSE:IGARASHI,71.1003751,71.1003751,68.25279625,69.89905554,5194.0
2012-11-15 09:15:00,NSE:IGARASHI,69.40962602,72.96909402,68.74222577,69.23165529,16024.0
2012-11-16 09:15:00,NSE:IGARASHI,75.01579079,75.01579079,70.74442652,72.07922702,35432.0
2012-11-19 09:15:00,NSE:IGARASHI,70.29949302,74.52636127,69.45412204,69.85455952,6829.0
2012-11-20 09:15:00,NSE:IGARASHI,72.96909402,72.96909402,69.85455952,70.29949302,7689.0
2012-11-21 09:15:00,NSE:IGARASHI,70.2105081,71.18936002,69.18715927,69.23165529,1917.0
2012-11-22 09:15:00,NSE:IGARASHI,68.78672179,73.3695315,68.78672179,72.70213125,10324.0
2012-11-23 09:15:00,NSE:IGARASHI,72.79112329,74.6598431,71.50081169,73.41402752,12079.0
2012-11-26 09:15:00,NSE:IGARASHI,75.1492655,79.1091781,73.90345704,74.48186525,56400.0
2012-11-27 09:15:00,NSE:IGARASHI,75.63869502,75.63869502,68.96469252,72.4796645,15821.0
2012-11-29 09:15:00,NSE:IGARASHI,74.30389452,74.30389452,71.63429352,72.07922702,4109.0
2012-11-30 09:15:00,NSE:IGARASHI,72.52416052,72.52416052,70.56645579,70.56645579,2979.0
2012-12-03 09:15:00,NSE:IGARASHI,72.07922702,73.68099029,71.18936002,72.74662727,13904.0
2012-12-04 09:15:00,NSE:IGARASHI,72.52416052,74.74882802,71.27834494,72.25719775,13231.0
2012-12-05 09:15:00,NSE:IGARASHI,72.07922702,73.54750935,70.74442652,71.1003751,10230.0
2012-12-06 09:15:00,NSE:IGARASHI,71.18936002,71.63429352,70.38847794,70.92239725,7341.0
2012-12-07 09:15:00,NSE:IGARASHI,73.3695315,73.3695315,71.45632279,72.034731,11225.0
2012-12-10 09:15:00,NSE:IGARASHI,73.41402752,74.03693175,72.16821194,72.65764235,14088.0
2012-12-11 09:15:00,NSE:IGARASHI,73.59199825,73.7699761,70.56645579,71.81226425,5027.0
2012-12-12 09:15:00,NSE:IGARASHI,71.36733075,72.034731,71.1003751,72.034731,3769.0
2012-12-13 09:15:00,NSE:IGARASHI,70.47746375,70.47746375,69.14266325,69.7655746,15467.0
2012-12-14 09:15:00,NSE:IGARASHI,70.83341144,72.07922702,67.71887694,68.4307741,28155.0
2012-12-17 09:15:00,NSE:IGARASHI,68.51975902,69.40962602,68.07482552,68.16381044,4536.0
2012-12-18 09:15:00,NSE:IGARASHI,68.11932154,75.28274644,68.07482552,70.16601119,191131.0
2012-12-19 09:15:00,NSE:IGARASHI,70.74442652,70.74442652,68.60874394,69.05367744,24287.0
2012-12-20 09:15:00,NSE:IGARASHI,68.20830735,70.16601119,67.1404625,69.40962602,7704.0
2012-12-21 09:15:00,NSE:IGARASHI,68.74222577,69.40962602,68.07482552,68.11932154,5071.0
2012-12-24 09:15:00,NSE:IGARASHI,67.85235877,69.67658879,66.96249177,68.38627719,2430.0
2012-12-26 09:15:00,NSE:IGARASHI,68.56425504,69.40962602,68.51975902,68.56425504,3929.0
2012-12-27 09:15:00,NSE:IGARASHI,67.80786275,71.01138929,67.76337385,69.3206411,6690.0
2012-12-28 09:15:00,NSE:IGARASHI,68.11932154,70.52195977,68.07482552,70.29949302,8615.0
2012-12-31 09:15:00,NSE:IGARASHI,71.1003751,71.18936002,69.49861094,70.16601119,3884.0
2013-01-01 09:15:00,NSE:IGARASHI,69.00918854,70.29949302,69.00918854,69.72107769,3146.0
2013-01-02 09:15:00,NSE:IGARASHI,70.29949302,71.94574519,69.09817435,69.09817435,4457.0
2013-01-03 09:15:00,NSE:IGARASHI,68.78672179,69.98804135,68.60874394,69.40962602,11820.0
2013-01-04 09:15:00,NSE:IGARASHI,70.07702627,70.2105081,68.69772975,69.05367744,4525.0
2013-01-07 09:15:00,NSE:IGARASHI,70.29949302,72.07922702,69.18715927,69.40962602,3682.0
2013-01-08 09:15:00,NSE:IGARASHI,69.58759675,70.52195977,68.51975902,68.8757076,8578.0
2013-01-09 09:15:00,NSE:IGARASHI,68.69772975,69.85455952,68.69772975,68.83121069,2495.0
2013-01-10 09:15:00,NSE:IGARASHI,68.60874394,69.7655746,68.11932154,68.96469252,2281.0
2013-01-11 09:15:00,NSE:IGARASHI,69.40962602,69.89905554,68.69772975,69.00918854,2975.0
2013-01-14 09:15:00,NSE:IGARASHI,70.29949302,70.29949302,68.60874394,68.83121069,1165.0
2013-01-15 09:15:00,NSE:IGARASHI,69.23165529,70.2105081,68.8757076,69.85455952,1877.0
2013-01-16 09:15:00,NSE:IGARASHI,69.7655746,70.12152229,68.74222577,68.83121069,4876.0
2013-01-17 09:15:00,NSE:IGARASHI,68.9201965,68.9201965,68.11932154,68.51975902,1518.0
2013-01-18 09:15:00,NSE:IGARASHI,68.51975902,68.8757076,66.82900994,66.96249177,5065.0
2013-01-21 09:15:00,NSE:IGARASHI,66.82900994,68.34178829,66.29509152,66.29509152,5222.0
2013-01-22 09:15:00,NSE:IGARASHI,66.42857335,68.38627719,66.07262477,66.87350685,2744.0
2013-01-23 09:15:00,NSE:IGARASHI,66.42857335,66.74002502,63.75897235,65.18275777,4402.0
2013-01-24 09:15:00,NSE:IGARASHI,64.4263726,65.3162396,63.66998654,63.75897235,2492.0
2013-01-25 09:15:00,NSE:IGARASHI,64.07042402,64.60434244,61.89025253,64.07042402,1663.0
2013-01-28 09:15:00,NSE:IGARASHI,64.24839475,65.62769127,64.24839475,64.96029102,818.0
2013-01-29 09:15:00,NSE:IGARASHI,64.07042402,65.49420944,62.42417184,63.49200869,1063.0
2013-01-30 09:15:00,NSE:IGARASHI,63.80346125,64.20390585,62.42417184,63.18055702,1475.0
2013-01-31 09:15:00,NSE:IGARASHI,61.84575652,63.18055702,61.53430484,63.18055702,4007.0
2013-02-01 09:15:00,NSE:IGARASHI,62.29069002,62.73562352,61.40082301,62.246194,692.0
2013-02-04 09:15:00,NSE:IGARASHI,61.84575652,63.04707519,60.77791878,61.13386025,2407.0
2013-02-05 09:15:00,NSE:IGARASHI,60.51095601,61.22285228,58.33078453,59.08717059,2738.0
2013-02-06 09:15:00,NSE:IGARASHI,59.62108901,60.9113935,58.37527343,58.50875526,2585.0
2013-02-07 09:15:00,NSE:IGARASHI,58.41977034,61.31183809,58.41977034,59.04267368,2053.0
2013-02-08 09:15:00,NSE:IGARASHI,59.17615551,62.20170509,58.73122201,58.99818478,3025.0
2013-02-11 09:15:00,NSE:IGARASHI,59.62108901,60.06602251,57.88585103,59.53210409,347.0
2013-02-12 09:15:00,NSE:IGARASHI,59.62108901,59.62108901,56.15060593,56.95148801,2904.0
2013-02-13 09:15:00,NSE:IGARASHI,58.99818478,63.71447544,58.28628851,62.15720819,10144.0
2013-02-14 09:15:00,NSE:IGARASHI,62.95809027,62.95809027,58.77571803,59.57659299,7188.0
2013-02-15 09:15:00,NSE:IGARASHI,59.62108901,60.06602251,57.21845078,57.84135501,4551.0
2013-02-18 09:15:00,NSE:IGARASHI,57.84135501,58.99818478,57.08496984,58.01932574,3090.0
2013-02-19 09:15:00,NSE:IGARASHI,58.73122201,60.37747418,57.48540643,59.08717059,994.0
2013-02-20 09:15:00,NSE:IGARASHI,58.01932574,59.71007393,57.88585103,58.99818478,6547.0
2013-02-21 09:15:00,NSE:IGARASHI,59.17615551,59.17615551,57.93033993,58.28628851,2266.0
2013-02-22 09:15:00,NSE:IGARASHI,57.84135501,58.64223709,57.84135501,58.28628851,1140.0
2013-02-25 09:15:00,NSE:IGARASHI,57.88585103,58.73122201,57.88585103,58.28628851,5197.0
2013-02-26 09:15:00,NSE:IGARASHI,58.28628851,59.30963734,56.10611347,56.2395953,8111.0
2013-02-27 09:15:00,NSE:IGARASHI,55.83915426,56.06162101,55.30523584,55.88364672,3844.0
2013-02-28 09:15:00,NSE:IGARASHI,55.26073893,55.61668751,48.94268501,50.4554598,8979.0
2013-03-01 09:15:00,NSE:IGARASHI,51.61228601,53.16955326,50.72241901,52.05721951,1973.0
2013-03-04 09:15:00,NSE:IGARASHI,50.98937822,50.98937822,48.98717747,49.52110034,4371.0
2013-03-05 09:15:00,NSE:IGARASHI,48.58673643,50.41096734,48.49775151,50.0105263,7496.0
2013-03-06 09:15:00,NSE:IGARASHI,50.0105263,53.30303509,49.96603384,50.54444472,6071.0
2013-03-07 09:15:00,NSE:IGARASHI,49.47660343,52.45766055,49.47660343,52.01272705,10600.0
2013-03-08 09:15:00,NSE:IGARASHI,55.92813918,55.92813918,51.16735251,53.03607143,4792.0
2013-03-11 09:15:00,NSE:IGARASHI,52.50215301,57.61888826,52.50215301,54.94928726,4596.0
2013-03-12 09:15:00,NSE:IGARASHI,55.26073893,58.28628851,53.74796859,54.81580543,11258.0
2013-03-13 09:15:00,NSE:IGARASHI,53.39202001,54.72682051,52.54664547,53.48100493,1394.0
2013-03-14 09:15:00,NSE:IGARASHI,54.28188701,55.88364672,53.52550184,54.72682051,1156.0
2013-03-15 09:15:00,NSE:IGARASHI,53.83695351,55.88364672,53.43651247,53.5699943,706.0
2013-03-18 09:15:00,NSE:IGARASHI,53.39202001,55.39422076,53.39202001,53.83695351,259.0
2013-03-19 09:15:00,NSE:IGARASHI,53.48100493,53.83695351,51.38981926,53.30303509,3617.0
2013-03-20 09:15:00,NSE:IGARASHI,51.61228601,53.39202001,50.72241901,52.27968626,3496.0
2013-03-21 09:15:00,NSE:IGARASHI,50.9003933,52.72461976,50.0105263,50.14400368,8848.0
2013-03-22 09:15:00,NSE:IGARASHI,50.05501876,50.05501876,47.51889959,47.65237697,3421.0
2013-03-25 09:15:00,NSE:IGARASHI,47.60788451,50.4554598,46.4510583,47.96383309,6053.0
2013-03-26 09:15:00,NSE:IGARASHI,46.71801751,47.51889959,45.02726843,45.42770947,1869.0
2013-03-28 09:15:00,NSE:IGARASHI,46.18409909,48.6757258,45.38321701,48.6757258,4021.0
2013-04-01 09:15:00,NSE:IGARASHI,47.60788451,50.27748551,47.60788451,49.83255201,687.0
2013-04-02 09:15:00,NSE:IGARASHI,48.58673643,51.52330109,48.58673643,50.72241901,1923.0
2013-04-03 09:15:00,NSE:IGARASHI,49.83255201,51.12286005,48.98717747,49.65457772,3903.0
2013-04-04 09:15:00,NSE:IGARASHI,49.07616684,50.27748551,48.14180293,48.94268501,1048.0
2013-04-05 09:15:00,NSE:IGARASHI,47.96383309,49.83255201,47.25193593,49.83255201,1505.0
2013-04-08 09:15:00,NSE:IGARASHI,48.40876659,51.43431172,48.36426968,49.03166993,1538.0
2013-04-09 09:15:00,NSE:IGARASHI,48.36426968,48.58673643,47.60788451,47.65237697,368.0
2013-04-10 09:15:00,NSE:IGARASHI,48.6757258,48.6757258,47.29643284,47.56339205,807.0
2013-04-11 09:15:00,NSE:IGARASHI,47.56339205,49.1206593,47.56339205,48.27528476,646.0
2013-04-12 09:15:00,NSE:IGARASHI,47.3409253,47.96383309,46.71801751,47.60788451,549.0
2013-04-15 09:15:00,NSE:IGARASHI,47.11845855,48.94268501,47.11845855,48.94268501,364.0
2013-04-16 09:15:00,NSE:IGARASHI,48.94268501,49.65457772,48.94268501,49.38761851,707.0
2013-04-17 09:15:00,NSE:IGARASHI,48.09731047,50.58893718,47.60788451,49.5655928,1913.0
2013-04-18 09:15:00,NSE:IGARASHI,52.05721951,52.05721951,49.07616684,51.21184497,15.0
2013-04-22 09:15:00,NSE:IGARASHI,52.59113793,55.26073893,50.32197797,50.32197797,642.0
2013-04-23 09:15:00,NSE:IGARASHI,53.16955326,53.16955326,51.03387068,51.87924522,1963.0
2013-04-25 09:15:00,NSE:IGARASHI,50.09951122,51.61228601,49.92153693,50.72241901,1005.0
2013-04-26 09:15:00,NSE:IGARASHI,50.72241901,52.32417872,50.72241901,50.72241901,1550.0
2013-04-29 09:15:00,NSE:IGARASHI,50.36647043,50.72241901,49.92153693,50.63343409,403.0
2013-04-30 09:15:00,NSE:IGARASHI,50.49995226,50.67792655,49.92153693,50.14400368,267.0
2013-05-02 09:15:00,NSE:IGARASHI,50.23299305,51.07836759,49.92153693,49.96603384,1127.0
2013-05-03 09:15:00,NSE:IGARASHI,49.92153693,49.92153693,48.76471072,49.74356709,7058.0
2013-05-06 09:15:00,NSE:IGARASHI,49.38761851,53.39202001,49.1206593,52.2351938,2664.0
2013-05-07 09:15:00,NSE:IGARASHI,53.39202001,55.48320568,52.63563484,53.97043534,3013.0
2013-05-08 09:15:00,NSE:IGARASHI,54.28188701,54.28188701,53.43651247,53.43651247,788.0
2013-05-09 09:15:00,NSE:IGARASHI,53.5699943,53.5699943,52.05721951,53.43651247,1335.0
2013-05-10 09:15:00,NSE:IGARASHI,52.50215301,52.50215301,51.61228601,52.50215301,447.0
2013-05-13 09:15:00,NSE:IGARASHI,54.63783559,56.50655451,54.63783559,55.12726155,2455.0
2013-05-14 09:15:00,NSE:IGARASHI,54.9047948,55.83915426,53.39202001,55.17175401,1440.0
2013-05-15 09:15:00,NSE:IGARASHI,55.61668751,56.95148801,54.72682051,56.50655451,3002.0
2013-05-16 09:15:00,NSE:IGARASHI,55.61668751,57.35192549,52.81360468,57.35192549,1575.0
2013-05-17 09:15:00,NSE:IGARASHI,55.17175401,58.99818478,54.0149278,58.28628851,5026.0
2013-05-20 09:15:00,NSE:IGARASHI,59.17615551,60.51095601,56.6845288,58.15280668,8638.0
2013-05-21 09:15:00,NSE:IGARASHI,59.93254068,61.84575652,59.22065153,60.77791878,5000.0
2013-05-22 09:15:00,NSE:IGARASHI,61.66778578,61.66778578,57.21845078,58.64223709,494.0
2013-05-23 09:15:00,NSE:IGARASHI,60.06602251,60.06602251,53.1250608,54.59333868,927.0
2013-05-24 09:15:00,NSE:IGARASHI,55.88364672,55.88364672,52.94708651,52.99157897,2529.0
2013-05-27 09:15:00,NSE:IGARASHI,53.39202001,53.39202001,51.43431172,52.63563484,3373.0
2013-05-28 09:15:00,NSE:IGARASHI,55.43871322,55.83915426,52.76911222,52.76911222,2125.0
2013-05-29 09:15:00,NSE:IGARASHI,54.77131297,54.77131297,50.72241901,51.65677847,1605.0
2013-05-30 09:15:00,NSE:IGARASHI,51.21184497,53.39202001,50.81140393,51.16735251,783.0
2013-05-31 09:15:00,NSE:IGARASHI,50.72241901,53.39202001,49.65457772,50.27748551,1802.0
2013-06-03 09:15:00,NSE:IGARASHI,50.09951122,52.41316809,49.16515176,50.72241901,436.0
2013-06-04 09:15:00,NSE:IGARASHI,50.81140393,52.05721951,50.05501876,50.32197797,797.0
2013-06-05 09:15:00,NSE:IGARASHI,51.16735251,53.21404572,51.16735251,53.21404572,2775.0
2013-06-06 09:15:00,NSE:IGARASHI,52.10171197,55.43871322,50.85590084,54.41536884,5050.0
2013-06-07 09:15:00,NSE:IGARASHI,54.19290209,55.61668751,53.03607143,54.50435376,3208.0
2013-06-10 09:15:00,NSE:IGARASHI,57.84135501,57.84135501,52.50215301,54.28188701,4166.0
2013-06-11 09:15:00,NSE:IGARASHI,53.03607143,54.68232805,52.14620443,53.1250608,1481.0
2013-06-12 09:15:00,NSE:IGARASHI,53.39202001,53.39202001,52.05721951,52.85810159,2229.0
2013-06-13 09:15:00,NSE:IGARASHI,53.25853818,56.64003634,51.21184497,56.64003634,3426.0
2013-06-14 09:15:00,NSE:IGARASHI,52.10171197,58.28628851,52.10171197,54.28188701,1175.0
2013-06-17 09:15:00,NSE:IGARASHI,52.50215301,54.9047948,51.74576784,54.23739455,2921.0
2013-06-18 09:15:00,NSE:IGARASHI,53.61448676,55.17175401,53.61448676,55.17175401,337.0
2013-06-19 09:15:00,NSE:IGARASHI,53.83695351,54.72682051,53.83695351,54.72682051,133.0
2013-06-20 09:15:00,NSE:IGARASHI,53.48100493,53.48100493,52.50215301,53.39202001,150.0
2013-06-21 09:15:00,NSE:IGARASHI,53.83695351,53.83695351,50.9003933,51.61228601,7946.0
2013-06-24 09:15:00,NSE:IGARASHI,51.16735251,52.14620443,51.16735251,51.61228601,11970.0
2013-06-25 09:15:00,NSE:IGARASHI,51.16735251,52.2351938,50.72241901,52.05721951,694.0
2013-06-26 09:15:00,NSE:IGARASHI,50.0105263,53.30303509,50.0105263,53.21404572,603.0
2013-06-27 09:15:00,NSE:IGARASHI,53.39202001,53.39202001,51.83475276,53.39202001,664.0
2013-06-28 09:15:00,NSE:IGARASHI,52.6801273,54.19290209,52.32417872,54.0149278,4896.0
2013-07-01 09:15:00,NSE:IGARASHI,52.27968626,53.79246105,52.27968626,52.63563484,1551.0
2013-07-02 09:15:00,NSE:IGARASHI,52.63563484,53.39202001,52.59113793,52.59113793,1591.0
2013-07-03 09:15:00,NSE:IGARASHI,52.27968626,53.39202001,52.2351938,53.39202001,628.0
2013-07-04 09:15:00,NSE:IGARASHI,52.81360468,53.52550184,52.50215301,53.39202001,1460.0
2013-07-05 09:15:00,NSE:IGARASHI,53.1250608,54.28188701,53.1250608,53.52550184,629.0
2013-07-08 09:15:00,NSE:IGARASHI,49.92153693,53.39202001,49.92153693,53.39202001,513.0
2013-07-10 09:15:00,NSE:IGARASHI,52.14620443,53.39202001,52.14620443,52.32417872,869.0
2013-07-11 09:15:00,NSE:IGARASHI,54.28188701,54.28188701,54.28188701,54.28188701,11293.0
2013-07-12 09:15:00,NSE:IGARASHI,54.28188701,64.8713061,54.28188701,64.8713061,13487.0
2013-07-15 09:15:00,NSE:IGARASHI,54.28188701,54.28188701,54.28188701,54.28188701,7870.0
2013-07-16 09:15:00,NSE:IGARASHI,52.81360468,53.34752755,51.92373768,51.92373768,451.0
2013-07-17 09:15:00,NSE:IGARASHI,52.05721951,52.05721951,52.05721951,52.05721951,561.0
2013-07-18 09:15:00,NSE:IGARASHI,58.64223709,58.64223709,56.95148801,56.95148801,891.0
2013-07-19 09:15:00,NSE:IGARASHI,56.50655451,57.79685899,56.06162101,56.06162101,1004.0
2013-07-22 09:15:00,NSE:IGARASHI,56.06162101,56.06162101,55.61668751,55.61668751,787.0
2013-07-23 09:15:00,NSE:IGARASHI,54.94928726,55.66117997,54.94928726,54.94928726,8006.0
2013-07-24 09:15:00,NSE:IGARASHI,56.95148801,56.95148801,56.06162101,56.81800618,584.0
2013-07-25 09:15:00,NSE:IGARASHI,54.99377972,56.06162101,54.99377972,56.06162101,561.0
2013-07-26 09:15:00,NSE:IGARASHI,55.66117997,55.66117997,55.57219505,55.57219505,1384.0
2013-07-30 09:15:00,NSE:IGARASHI,56.06162101,56.06162101,54.99377972,54.99377972,1214.0
2013-07-31 09:15:00,NSE:IGARASHI,54.99377972,55.17175401,54.99377972,55.17175401,1641.0
2013-08-02 09:15:00,NSE:IGARASHI,54.99377972,54.99377972,54.28188701,54.28188701,1759.0
2013-08-06 09:15:00,NSE:IGARASHI,54.81580543,54.81580543,54.81580543,54.81580543,112.0
2013-08-07 09:15:00,NSE:IGARASHI,54.4598613,54.54884622,54.4598613,54.54884622,2359.0
2013-08-12 09:15:00,NSE:IGARASHI,54.81580543,54.81580543,54.81580543,54.81580543,197.0
2013-08-13 09:15:00,NSE:IGARASHI,55.21624647,55.21624647,54.72682051,54.72682051,2697.0
2013-08-14 09:15:00,NSE:IGARASHI,57.79685899,59.17615551,57.79685899,58.73122201,18834.0
2013-08-16 09:15:00,NSE:IGARASHI,58.77571803,58.77571803,58.77571803,58.77571803,438.0
2013-08-19 09:15:00,NSE:IGARASHI,57.84135501,57.84135501,56.95148801,56.95148801,612.0
2013-08-20 09:15:00,NSE:IGARASHI,56.06162101,56.06162101,56.06162101,56.06162101,560.0
2013-08-21 09:15:00,NSE:IGARASHI,54.77131297,54.77131297,54.77131297,54.77131297,1168.0
2013-08-26 09:15:00,NSE:IGARASHI,55.66117997,57.39642151,55.66117997,57.39642151,955.0
2013-08-27 09:15:00,NSE:IGARASHI,57.39642151,57.39642151,56.41756959,56.41756959,732.0
2013-08-28 09:15:00,NSE:IGARASHI,55.17175401,57.75237009,55.17175401,56.06162101,712.0
2013-08-29 09:15:00,NSE:IGARASHI,56.10611347,56.10611347,56.10611347,56.10611347,112.0
2013-08-30 09:15:00,NSE:IGARASHI,56.50655451,56.50655451,56.50655451,56.50655451,11.0
2013-09-02 09:15:00,NSE:IGARASHI,56.28408776,56.86250309,56.28408776,56.32858022,1994.0
2013-09-03 09:15:00,NSE:IGARASHI,56.32858022,56.32858022,56.32858022,56.32858022,1123.0
2013-09-04 09:15:00,NSE:IGARASHI,56.55104697,56.55104697,56.50655451,56.50655451,1889.0
2013-09-05 09:15:00,NSE:IGARASHI,57.75237009,57.75237009,56.32858022,57.26293968,787.0
2013-09-06 09:15:00,NSE:IGARASHI,56.50655451,56.50655451,56.32858022,56.32858022,1440.0
2013-09-10 09:15:00,NSE:IGARASHI,56.95148801,59.62108901,56.95148801,59.62108901,11813.0
2013-09-11 09:15:00,NSE:IGARASHI,57.04047293,57.39642151,56.90699555,56.90699555,391.0
2013-09-12 09:15:00,NSE:IGARASHI,57.26293968,57.26293968,56.32858022,56.32858022,1741.0
2013-09-13 09:15:00,NSE:IGARASHI,57.17395476,57.17395476,56.32858022,56.95148801,1895.0
2013-09-16 09:15:00,NSE:IGARASHI,56.32858022,56.32858022,56.32858022,56.32858022,112.0
2013-09-17 09:15:00,NSE:IGARASHI,56.99598403,56.99598403,56.99598403,56.99598403,112.0
2013-09-18 09:15:00,NSE:IGARASHI,56.90699555,56.95148801,56.90699555,56.95148801,900.0
2013-09-20 09:15:00,NSE:IGARASHI,56.50655451,56.50655451,56.50655451,56.50655451,224.0
2013-09-23 09:15:00,NSE:IGARASHI,56.86250309,56.86250309,56.72902126,56.72902126,500.0
2013-09-26 09:15:00,NSE:IGARASHI,65.85015802,65.85015802,56.32858022,56.32858022,58.0
2013-09-27 09:15:00,NSE:IGARASHI,56.55104697,56.95148801,56.55104697,56.95148801,111.0
2013-09-30 09:15:00,NSE:IGARASHI,56.37307268,56.37307268,56.32858022,56.37307268,146.0
2013-10-01 09:15:00,NSE:IGARASHI,56.95148801,56.95148801,56.95148801,56.95148801,561.0
2013-10-03 09:15:00,NSE:IGARASHI,57.84135501,57.84135501,56.32858022,56.95148801,1102.0
2013-10-04 09:15:00,NSE:IGARASHI,56.95148801,56.95148801,56.37307268,56.37307268,2290.0
2013-10-07 09:15:00,NSE:IGARASHI,56.55104697,56.95148801,56.50655451,56.95148801,1778.0
2013-10-08 09:15:00,NSE:IGARASHI,57.84135501,57.84135501,56.37307268,56.37307268,618.0
2013-10-09 09:15:00,NSE:IGARASHI,56.72902126,57.61888826,56.72902126,56.95148801,3594.0
2013-10-10 09:15:00,NSE:IGARASHI,57.84135501,57.84135501,57.84135501,57.84135501,66.0
2013-10-11 09:15:00,NSE:IGARASHI,56.95148801,56.95148801,56.95148801,56.95148801,2055.0
2013-10-14 09:15:00,NSE:IGARASHI,57.04047293,57.04047293,56.55104697,56.55104697,4719.0
2013-10-15 09:15:00,NSE:IGARASHI,57.84135501,57.84135501,57.17395476,57.17395476,1657.0
2013-10-17 09:15:00,NSE:IGARASHI,58.28628851,58.28628851,58.10831778,58.28628851,9214.0
2013-10-18 09:15:00,NSE:IGARASHI,58.28628851,58.28628851,58.28628851,58.28628851,3326.0
2013-10-21 09:15:00,NSE:IGARASHI,58.68672599,58.68672599,58.28628851,58.28628851,4017.0
2013-10-22 09:15:00,NSE:IGARASHI,59.62108901,59.62108901,59.62108901,59.62108901,112.0
2013-10-23 09:15:00,NSE:IGARASHI,62.78011953,64.51535752,62.78011953,64.29289077,17039.0
2013-10-24 09:15:00,NSE:IGARASHI,66.38407644,67.18495852,66.38407644,67.18495852,5201.0
2013-10-25 09:15:00,NSE:IGARASHI,67.62989202,70.2105081,67.62989202,69.58759675,2493.0
2013-10-28 09:15:00,NSE:IGARASHI,66.78452104,67.62989202,65.85015802,65.85015802,3349.0
2013-10-29 09:15:00,NSE:IGARASHI,64.96029102,64.96029102,64.96029102,64.96029102,842.0
2013-10-30 09:15:00,NSE:IGARASHI,64.915795,64.96029102,63.18055702,63.18055702,1966.0
2013-10-31 09:15:00,NSE:IGARASHI,64.07042402,64.07042402,63.18055702,63.18055702,337.0
2013-11-01 09:15:00,NSE:IGARASHI,64.51535752,64.51535752,64.51535752,64.51535752,6709.0
2013-11-05 09:15:00,NSE:IGARASHI,64.07042402,65.40522452,64.07042402,64.60434244,1163.0
2013-11-06 09:15:00,NSE:IGARASHI,65.18275777,65.85015802,65.18275777,65.85015802,2101.0
2013-11-07 09:15:00,NSE:IGARASHI,64.55985354,66.29509152,64.55985354,65.85015802,1760.0
2013-11-08 09:15:00,NSE:IGARASHI,65.18275777,65.3162396,62.29069002,64.33738679,9081.0
2013-11-11 09:15:00,NSE:IGARASHI,60.68892675,64.07042402,60.68892675,63.0915721,2191.0
2013-11-12 09:15:00,NSE:IGARASHI,61.40082301,61.40082301,61.40082301,61.40082301,120.0
2013-11-14 09:15:00,NSE:IGARASHI,63.31403885,64.07042402,59.84355576,61.93474144,366.0
2013-11-18 09:15:00,NSE:IGARASHI,61.08937134,61.17835626,60.68892675,61.17835626,1240.0
2013-11-19 09:15:00,NSE:IGARASHI,61.356327,62.78011953,61.356327,62.78011953,2167.0
2013-11-20 09:15:00,NSE:IGARASHI,62.29069002,63.18055702,62.29069002,62.29069002,1454.0
2013-11-21 09:15:00,NSE:IGARASHI,63.18055702,63.18055702,63.18055702,63.18055702,112.0
2013-11-22 09:15:00,NSE:IGARASHI,61.40082301,63.00258628,61.40082301,62.29069002,533.0
2013-11-25 09:15:00,NSE:IGARASHI,64.69332825,64.69332825,62.33518603,62.33518603,167.0
2013-11-26 09:15:00,NSE:IGARASHI,63.62549052,64.51535752,63.22505304,64.51535752,1584.0
2013-11-27 09:15:00,NSE:IGARASHI,64.51535752,64.8713061,64.07042402,64.07042402,890.0
2013-11-28 09:15:00,NSE:IGARASHI,63.18055702,64.07042402,63.18055702,64.07042402,1718.0
2013-12-02 09:15:00,NSE:IGARASHI,63.9814391,64.4708615,62.246194,62.29069002,1585.0
2013-12-03 09:15:00,NSE:IGARASHI,61.84575652,62.46866075,61.84575652,62.46866075,3847.0
2013-12-04 09:15:00,NSE:IGARASHI,62.37967494,62.37967494,61.48980794,61.48980794,336.0
2013-12-05 09:15:00,NSE:IGARASHI,62.29069002,62.29069002,62.29069002,62.29069002,1798.0
2013-12-06 09:15:00,NSE:IGARASHI,62.73562352,62.73562352,61.40082301,61.40082301,955.0
2013-12-09 09:15:00,NSE:IGARASHI,62.20170509,62.20170509,61.48980794,61.48980794,730.0
2013-12-10 09:15:00,NSE:IGARASHI,61.84575652,61.84575652,61.84575652,61.84575652,561.0
2013-12-11 09:15:00,NSE:IGARASHI,62.29069002,62.29069002,62.15720819,62.29069002,816.0
2013-12-12 09:15:00,NSE:IGARASHI,61.84575652,61.84575652,61.40082301,61.40082301,2247.0
2013-12-16 09:15:00,NSE:IGARASHI,64.07042402,64.07042402,63.18055702,63.18055702,9108.0
2013-12-17 09:15:00,NSE:IGARASHI,61.84575652,62.29069002,61.84575652,62.29069002,393.0
2013-12-18 09:15:00,NSE:IGARASHI,61.62328977,62.29069002,61.22285228,62.29069002,1521.0
2013-12-19 09:15:00,NSE:IGARASHI,62.29069002,63.18055702,62.29069002,62.29069002,903.0
2013-12-20 09:15:00,NSE:IGARASHI,61.13386025,62.29069002,61.13386025,62.29069002,9049.0
2013-12-23 09:15:00,NSE:IGARASHI,61.22285228,62.29069002,60.73342276,60.73342276,1966.0
2013-12-24 09:15:00,NSE:IGARASHI,61.44531903,62.246194,60.95588951,60.95588951,3160.0
2013-12-26 09:15:00,NSE:IGARASHI,63.18055702,63.80346125,62.78011953,63.18055702,3140.0
2013-12-27 09:15:00,NSE:IGARASHI,63.18055702,66.74002502,63.18055702,66.74002502,10307.0
2013-12-30 09:15:00,NSE:IGARASHI,64.96029102,66.60654319,64.96029102,66.60654319,4707.0
2013-12-31 09:15:00,NSE:IGARASHI,65.85015802,72.96909402,65.85015802,72.96909402,18106.0
2014-01-01 09:15:00,NSE:IGARASHI,72.96909402,74.74882802,72.07922702,74.74882802,10870.0
2014-01-02 09:15:00,NSE:IGARASHI,73.85896102,74.30389452,71.18936002,71.18936002,4039.0
2014-01-03 09:15:00,NSE:IGARASHI,69.45412204,69.85455952,68.51975902,69.40962602,2948.0
2014-01-06 09:15:00,NSE:IGARASHI,69.40962602,72.52416052,69.40962602,72.52416052,4602.0
2014-01-07 09:15:00,NSE:IGARASHI,72.96909402,75.63869502,72.96909402,73.94794594,8333.0
2014-01-08 09:15:00,NSE:IGARASHI,75.63869502,76.08362852,74.30389452,74.74882802,7810.0
2014-01-09 09:15:00,NSE:IGARASHI,77.41842902,79.19816302,77.41842902,79.19816302,7193.0
2014-01-10 09:15:00,NSE:IGARASHI,79.19816302,80.97789702,79.19816302,80.53296352,6925.0
2014-01-13 09:15:00,NSE:IGARASHI,78.75322952,80.97789702,76.08362852,76.84001369,6998.0
2014-01-14 09:15:00,NSE:IGARASHI,76.84001369,77.41842902,74.03693175,74.30389452,3869.0
2014-01-15 09:15:00,NSE:IGARASHI,75.1492655,76.52856202,74.52636127,76.484066,3440.0
2014-01-16 09:15:00,NSE:IGARASHI,74.30389452,75.594199,74.30389452,75.594199,3493.0
2014-01-17 09:15:00,NSE:IGARASHI,75.63869502,76.75102877,71.36733075,71.36733075,6496.0
2014-01-20 09:15:00,NSE:IGARASHI,73.3250426,73.3250426,70.29949302,72.07922702,2300.0
2014-01-21 09:15:00,NSE:IGARASHI,72.07922702,72.07922702,70.38847794,70.38847794,1828.0
2014-01-22 09:15:00,NSE:IGARASHI,69.54310785,71.76777535,69.23165529,70.74442652,1947.0
2014-01-23 09:15:00,NSE:IGARASHI,71.144864,76.484066,70.56645579,74.704332,53973.0
2014-01-24 09:15:00,NSE:IGARASHI,76.08362852,77.41842902,69.40962602,72.96909402,45778.0
2014-01-27 09:15:00,NSE:IGARASHI,72.61314544,73.85896102,68.51975902,68.51975902,3343.0
2014-01-28 09:15:00,NSE:IGARASHI,69.45412204,69.49861094,65.93914294,65.93914294,5385.0
2014-01-29 09:15:00,NSE:IGARASHI,71.18936002,71.18936002,66.74002502,69.27614419,11007.0
2014-01-30 09:15:00,NSE:IGARASHI,67.80786275,69.67658879,67.80786275,69.67658879,2423.0
2014-01-31 09:15:00,NSE:IGARASHI,70.29949302,70.74442652,69.23165529,70.74442652,386.0
2014-02-03 09:15:00,NSE:IGARASHI,69.23165529,70.78892254,69.23165529,70.74442652,533.0
2014-02-04 09:15:00,NSE:IGARASHI,70.74442652,73.72547919,70.74442652,73.72547919,4261.0
2014-02-05 09:15:00,NSE:IGARASHI,73.05807894,74.6598431,73.05807894,73.54750935,4986.0
2014-02-06 09:15:00,NSE:IGARASHI,74.34839054,76.4395771,71.18936002,72.96909402,18883.0
2014-02-07 09:15:00,NSE:IGARASHI,72.96909402,74.30389452,72.96909402,72.96909402,230.0
2014-02-10 09:15:00,NSE:IGARASHI,74.52636127,77.64089577,74.12592379,74.74882802,19316.0
2014-02-11 09:15:00,NSE:IGARASHI,74.74882802,76.52856202,73.01359004,73.14706475,16572.0
2014-02-12 09:15:00,NSE:IGARASHI,73.85896102,75.63869502,73.19156077,73.50301244,4350.0
2014-02-13 09:15:00,NSE:IGARASHI,72.96909402,75.594199,72.96909402,73.99244285,9092.0
2014-02-14 09:15:00,NSE:IGARASHI,80.08803002,87.69639554,76.52856202,85.91666154,482277.0
2014-02-17 09:15:00,NSE:IGARASHI,88.09683302,103.09109198,87.25146204,103.09109198,807252.0
2014-02-18 09:15:00,NSE:IGARASHI,106.51707993,110.74394818,99.26466387,104.38139913,1124488.0
2014-02-19 09:15:00,NSE:IGARASHI,102.95761193,107.49593363,101.08889122,104.06994568,224785.0
2014-02-20 09:15:00,NSE:IGARASHI,105.00430603,111.94526863,103.44703878,106.38359988,575354.0
2014-02-21 09:15:00,NSE:IGARASHI,107.76289373,108.78624078,104.29241243,105.93866638,202832.0
2014-02-24 09:15:00,NSE:IGARASHI,105.44923953,109.36465433,103.66950553,106.60606663,125410.0
2014-02-25 09:15:00,NSE:IGARASHI,105.98315973,107.67390703,103.40254543,103.71399888,30704.0
2014-02-26 09:15:00,NSE:IGARASHI,105.00430603,105.09329273,100.55497102,101.35585132,25144.0
2014-02-28 09:15:00,NSE:IGARASHI,101.44483802,104.55937253,100.64395772,102.24571832,27346.0
2014-03-03 09:15:00,NSE:IGARASHI,101.26686462,103.13558533,93.43603502,96.63955622,88407.0
2014-03-04 09:15:00,NSE:IGARASHI,96.77303627,101.44483802,96.10563602,99.17567717,32227.0
2014-03-05 09:15:00,NSE:IGARASHI,103.62501218,103.80298558,98.77523702,98.90871707,17929.0
2014-03-06 09:15:00,NSE:IGARASHI,98.46378357,103.58051883,98.46378357,101.08889122,33638.0
2014-03-07 09:15:00,NSE:IGARASHI,100.64395772,103.84747893,98.81973037,99.22017052,22244.0
2014-03-10 09:15:00,NSE:IGARASHI,98.24131682,113.45804253,97.26246312,111.23337503,214765.0
2014-03-11 09:15:00,NSE:IGARASHI,113.45804253,126.98402093,113.45804253,120.97741868,679314.0
2014-03-12 09:15:00,NSE:IGARASHI,120.97741868,124.31441993,116.12764353,117.28447063,120562.0
2014-03-13 09:15:00,NSE:IGARASHI,116.66157263,123.69151303,116.66157263,118.84173788,117352.0
2014-03-14 09:15:00,NSE:IGARASHI,118.35231103,123.46904628,116.57257703,119.06420463,31533.0
2014-03-18 09:15:00,NSE:IGARASHI,119.24217803,124.31441993,111.23337503,119.82058268,65777.0
2014-03-19 09:15:00,NSE:IGARASHI,118.35231103,143.75801389,118.35231103,143.75801389,678609.0
2014-03-20 09:15:00,NSE:IGARASHI,147.71792204,149.85359394,136.28312218,138.15185178,490032.0
2014-03-21 09:15:00,NSE:IGARASHI,137.66242493,145.35978338,137.03951803,140.46551488,200914.0
2014-03-24 09:15:00,NSE:IGARASHI,142.73465794,162.75666544,141.48885303,144.78136094,1123388.0
2014-03-25 09:15:00,NSE:IGARASHI,143.89149394,146.24965038,136.86154463,140.46551488,218843.0
2014-03-26 09:15:00,NSE:IGARASHI,142.37872003,157.95139254,141.04391953,151.05492329,685494.0
2014-03-27 09:15:00,NSE:IGARASHI,152.16725704,156.61659204,144.64788089,145.89369469,188857.0
2014-03-28 09:15:00,NSE:IGARASHI,145.76021464,153.23509744,140.59898603,145.93818804,138914.0
2014-03-31 09:15:00,NSE:IGARASHI,145.04832104,156.39412529,145.04832104,152.25625264,169590.0
2014-04-01 09:15:00,NSE:IGARASHI,151.27739004,154.48092014,148.60778904,150.47651864,49344.0
2014-04-02 09:15:00,NSE:IGARASHI,152.92365289,153.45756419,146.96152619,147.80691763,37902.0
2014-04-03 09:15:00,NSE:IGARASHI,146.38312154,149.45316269,136.86154463,140.42101263,63062.0
2014-04-04 09:15:00,NSE:IGARASHI,138.37431853,142.33422668,128.58578153,132.18974288,195507.0
2014-04-07 09:15:00,NSE:IGARASHI,132.67917863,135.34877963,126.58358078,129.25318178,158274.0
2014-04-09 09:15:00,NSE:IGARASHI,132.14524953,146.82805504,127.38445218,143.35758263,516044.0
2014-04-10 09:15:00,NSE:IGARASHI,144.95932544,152.79016394,144.91484988,147.27298854,341631.0
2014-04-11 09:15:00,NSE:IGARASHI,144.64788089,151.14391889,142.55669343,143.80251613,101442.0
2014-04-15 09:15:00,NSE:IGARASHI,142.46771563,149.40866044,141.04391953,147.76241539,81103.0
2014-04-16 09:15:00,NSE:IGARASHI,146.29412594,157.50645904,145.93818804,150.47651864,183549.0
2014-04-17 09:15:00,NSE:IGARASHI,152.25625264,155.81572064,146.82805504,149.14171814,164142.0
2014-04-21 09:15:00,NSE:IGARASHI,150.12056294,155.59325389,149.14171814,152.47871939,80789.0
2014-04-22 09:15:00,NSE:IGARASHI,155.28179154,168.18486304,151.27739004,160.53199794,554781.0
2014-04-23 09:15:00,NSE:IGARASHI,162.84566104,164.62539504,155.94919179,157.32848564,111722.0
2014-04-25 09:15:00,NSE:IGARASHI,157.32848564,160.08706444,152.25625264,153.19059519,40718.0
2014-04-28 09:15:00,NSE:IGARASHI,153.94699104,159.28619304,152.16725704,154.52539569,49272.0
2014-04-29 09:15:00,NSE:IGARASHI,156.17165854,161.95579404,153.05712404,155.68223169,115877.0
2014-04-30 09:15:00,NSE:IGARASHI,157.23949894,158.39632604,147.71792204,151.76681689,51413.0
2014-05-02 09:15:00,NSE:IGARASHI,154.56989794,155.41526269,149.54214939,150.38752304,23003.0
2014-05-05 09:15:00,NSE:IGARASHI,149.54214939,152.07826144,147.71792204,149.05272254,27061.0
2014-05-06 09:15:00,NSE:IGARASHI,151.14391889,158.08486369,148.11836219,151.54435014,134500.0
2014-05-07 09:15:00,NSE:IGARASHI,151.27739004,156.48312089,149.49765604,151.98928364,85856.0
2014-05-08 09:15:00,NSE:IGARASHI,151.27739004,155.50425829,148.38532229,150.38752304,21896.0
2014-05-09 09:15:00,NSE:IGARASHI,149.54214939,153.63552869,147.80691763,148.78576244,43522.0
2014-05-12 09:15:00,NSE:IGARASHI,149.54214939,152.87915064,147.71792204,148.56329569,41128.0
2014-05-13 09:15:00,NSE:IGARASHI,149.05272254,154.56989794,147.76241539,150.03158514,75686.0
2014-05-14 09:15:00,NSE:IGARASHI,149.98708289,153.50205754,148.78576244,149.40866044,36965.0
2014-05-15 09:15:00,NSE:IGARASHI,145.49325454,156.43861864,145.49325454,150.96592769,68088.0
2014-05-16 09:15:00,NSE:IGARASHI,150.38752304,154.83685804,147.71792204,149.49765604,29780.0
2014-05-19 09:15:00,NSE:IGARASHI,149.00822919,165.51526204,148.42981564,161.77782064,268590.0
2014-05-20 09:15:00,NSE:IGARASHI,162.84566104,168.18486304,160.39852679,162.48972314,58804.0
2014-05-21 09:15:00,NSE:IGARASHI,161.51086054,164.62539504,160.17606004,161.64433169,39701.0
2014-05-22 09:15:00,NSE:IGARASHI,161.11042039,183.17913089,161.11042039,175.08133229,364996.0
2014-05-23 09:15:00,NSE:IGARASHI,175.92670594,180.64300104,165.51526204,168.58530319,101419.0
2014-05-26 09:15:00,NSE:IGARASHI,172.63419804,172.99013594,154.88135139,157.06152554,111043.0
2014-05-27 09:15:00,NSE:IGARASHI,157.15052114,159.28619304,147.98488214,150.87694989,119238.0
2014-05-28 09:15:00,NSE:IGARASHI,150.87694989,157.19499669,149.58665164,152.92365289,59350.0
2014-05-29 09:15:00,NSE:IGARASHI,152.83465729,155.54875164,148.78576244,150.34302969,35766.0
2014-05-30 09:15:00,NSE:IGARASHI,150.38752304,153.94699104,147.71792204,148.07385994,32976.0
2014-06-02 09:15:00,NSE:IGARASHI,147.71792204,156.70558764,140.28752369,155.68223169,155863.0
2014-06-03 09:15:00,NSE:IGARASHI,156.61659204,158.84125954,150.38752304,156.43861864,57427.0
2014-06-04 09:15:00,NSE:IGARASHI,156.61659204,160.04258889,151.41086119,156.75006319,108038.0
2014-06-05 09:15:00,NSE:IGARASHI,156.61659204,159.06372629,154.56989794,155.14832039,36820.0
2014-06-06 09:15:00,NSE:IGARASHI,156.61659204,164.62539504,154.16945779,163.78002139,237746.0
2014-06-09 09:15:00,NSE:IGARASHI,167.20600044,169.03023669,156.34963194,159.24169969,165267.0
2014-06-10 09:15:00,NSE:IGARASHI,160.30953119,163.73552804,156.88355214,162.40072754,64125.0
2014-06-11 09:15:00,NSE:IGARASHI,162.40072754,166.31613344,155.72672504,157.19499669,71734.0
2014-06-12 09:15:00,NSE:IGARASHI,156.61659204,161.82232289,156.61659204,157.86239694,27992.0
2014-06-13 09:15:00,NSE:IGARASHI,157.72892579,161.02143369,146.82805504,150.60998979,38554.0
2014-06-16 09:15:00,NSE:IGARASHI,149.49765604,149.49765604,145.04832104,146.78356169,34119.0
2014-06-17 09:15:00,NSE:IGARASHI,147.71792204,149.36418489,144.55889419,147.58445088,50615.0
2014-06-18 09:15:00,NSE:IGARASHI,146.11616144,147.71792204,140.59898603,143.75801389,87935.0
2014-06-19 09:15:00,NSE:IGARASHI,145.04832104,146.73905944,141.57784863,142.51219119,57169.0
2014-06-20 09:15:00,NSE:IGARASHI,142.51219119,144.38092079,138.19634513,138.95272319,31123.0
2014-06-23 09:15:00,NSE:IGARASHI,142.37872003,142.37872003,127.20648768,135.92718428,89952.0
2014-06-24 09:15:00,NSE:IGARASHI,135.92718428,163.11262114,135.57124638,157.46196569,887355.0
2014-06-25 09:15:00,NSE:IGARASHI,158.39632604,158.66328614,151.27739004,153.05712404,133603.0
2014-06-26 09:15:00,NSE:IGARASHI,154.79236469,157.32848564,151.90029694,152.96812844,109037.0
2014-06-27 09:15:00,NSE:IGARASHI,153.94699104,156.43861864,151.76681689,152.61219054,67841.0
2014-06-30 09:15:00,NSE:IGARASHI,154.30292894,165.51526204,152.16725704,160.75446469,159590.0
2014-07-01 09:15:00,NSE:IGARASHI,159.73112654,166.58310244,158.39632604,161.51086054,93440.0
2014-07-02 09:15:00,NSE:IGARASHI,162.40072754,165.87119994,158.52979719,159.77561989,67120.0
2014-07-03 09:15:00,NSE:IGARASHI,160.17606004,163.46856794,156.21615189,157.32848564,31728.0
2014-07-04 09:15:00,NSE:IGARASHI,159.28619304,163.42406569,153.50205754,158.48532164,56763.0
2014-07-07 09:15:00,NSE:IGARASHI,160.97693144,175.12582564,160.48752239,170.72099289,413211.0
2014-07-08 09:15:00,NSE:IGARASHI,172.32273569,177.43947094,157.50645904,159.55315314,182432.0
2014-07-09 09:15:00,NSE:IGARASHI,158.39632604,163.69103469,147.62892644,154.92585364,76149.0
2014-07-10 09:15:00,NSE:IGARASHI,154.88135139,161.86679844,147.71792204,156.30512969,77316.0
2014-07-11 09:15:00,NSE:IGARASHI,159.28619304,159.64213094,145.93818804,147.71792204,46805.0
2014-07-14 09:15:00,NSE:IGARASHI,150.60998979,153.50205754,148.38532229,149.54214939,37743.0
2014-07-15 09:15:00,NSE:IGARASHI,149.54214939,153.41306194,145.80471688,148.56329569,41487.0
2014-07-16 09:15:00,NSE:IGARASHI,148.56329569,155.37078714,148.56329569,151.09941664,59653.0
2014-07-17 09:15:00,NSE:IGARASHI,151.05492329,155.28179154,150.83245654,152.92365289,39621.0
2014-07-18 09:15:00,NSE:IGARASHI,154.56989794,155.45976494,150.12056294,154.08046219,48934.0
2014-07-21 09:15:00,NSE:IGARASHI,155.68223169,175.21480344,153.99148439,171.56635764,445894.0
2014-07-22 09:15:00,NSE:IGARASHI,170.09806819,185.80422965,170.09806819,177.35049314,614559.0
2014-07-23 09:15:00,NSE:IGARASHI,178.19586679,183.75753554,170.45402389,172.99013594,139789.0
2014-07-24 09:15:00,NSE:IGARASHI,172.63419804,176.63859954,170.94345964,171.56635764,42940.0
2014-07-25 09:15:00,NSE:IGARASHI,171.83332664,175.17032789,164.71439064,167.02803594,45593.0
2014-07-28 09:15:00,NSE:IGARASHI,165.51526204,170.40953054,162.31173194,164.62539504,33574.0
2014-07-30 09:15:00,NSE:IGARASHI,164.62539504,181.35489464,158.93025514,160.48752239,489380.0
2014-07-31 09:15:00,NSE:IGARASHI,160.17606004,167.73992954,156.39412529,157.63993019,177019.0
2014-08-01 09:15:00,NSE:IGARASHI,155.37078714,159.15272189,153.05712404,154.16945779,92259.0
2014-08-04 09:15:00,NSE:IGARASHI,155.32628489,159.24169969,155.32628489,157.68443244,56533.0
2014-08-05 09:15:00,NSE:IGARASHI,157.68443244,164.53639944,155.86019619,159.55315314,74289.0
2014-08-06 09:15:00,NSE:IGARASHI,159.28619304,167.11702264,158.39632604,159.90909994,76050.0
2014-08-07 09:15:00,NSE:IGARASHI,162.53419869,165.42626644,157.55095239,160.44302014,72876.0
2014-08-08 09:15:00,NSE:IGARASHI,157.50645904,159.28619304,153.14611964,154.48092014,36968.0
2014-08-11 09:15:00,NSE:IGARASHI,158.39632604,160.93245589,154.88135139,159.28619304,45007.0
2014-08-12 09:15:00,NSE:IGARASHI,159.06372629,167.02803594,159.06372629,164.89235514,126285.0
2014-08-13 09:15:00,NSE:IGARASHI,164.62539504,175.12582564,162.84566104,165.02583519,370293.0
2014-08-14 09:15:00,NSE:IGARASHI,167.11702264,178.95226264,165.55975539,176.68309289,451122.0
2014-08-18 09:15:00,NSE:IGARASHI,180.59850769,205.55927705,178.95226264,199.4636792,1748925.0
2014-08-19 09:15:00,NSE:IGARASHI,200.13107945,203.77954305,192.2557654,201.91081345,580645.0
2014-08-20 09:15:00,NSE:IGARASHI,201.8663379,208.22887805,201.10994205,205.7817438,370535.0
2014-08-21 09:15:00,NSE:IGARASHI,205.55927705,246.93809256,203.06764945,246.93809256,2066476.0
2014-08-22 09:15:00,NSE:IGARASHI,251.34294311,267.76097147,236.25968856,256.54864726,2790900.0
2014-08-25 09:15:00,NSE:IGARASHI,254.50196206,272.74423557,247.82795956,265.84776631,1235917.0
2014-08-26 09:15:00,NSE:IGARASHI,265.89225077,278.21690872,254.94689556,263.66758327,762590.0
2014-08-27 09:15:00,NSE:IGARASHI,265.00238377,271.00898602,256.81562516,259.97463521,298165.0
2014-08-28 09:15:00,NSE:IGARASHI,261.53190247,261.79888036,244.80242066,249.11827561,186604.0
2014-09-01 09:15:00,NSE:IGARASHI,250.94249406,259.39623056,241.64337501,251.56540986,300143.0
2014-09-02 09:15:00,NSE:IGARASHI,250.14162266,263.22264977,250.14162266,255.16936231,239542.0
2014-09-03 09:15:00,NSE:IGARASHI,252.72222806,261.62089806,250.58655616,251.87684551,227257.0
2014-09-04 09:15:00,NSE:IGARASHI,252.23281011,253.34514386,242.57775316,244.22400711,98552.0
2014-09-05 09:15:00,NSE:IGARASHI,242.57775316,255.74776696,242.57775316,251.56540986,124589.0
2014-09-08 09:15:00,NSE:IGARASHI,253.47862391,273.99004047,250.94249406,264.60196141,577698.0
2014-09-09 09:15:00,NSE:IGARASHI,264.73543256,272.29930207,263.40063206,266.42617097,238240.0
2014-09-10 09:15:00,NSE:IGARASHI,266.07023306,275.85877007,263.40063206,267.40503357,261424.0
2014-09-11 09:15:00,NSE:IGARASHI,267.93896266,274.87990747,265.18036606,270.03015011,177788.0
2014-09-12 09:15:00,NSE:IGARASHI,269.98563897,272.69975112,262.82222741,264.64643697,105438.0
2014-09-15 09:15:00,NSE:IGARASHI,263.84556556,273.54510697,256.28169606,266.20370422,167174.0
2014-09-16 09:15:00,NSE:IGARASHI,267.67198477,287.42704107,259.04029266,265.49182841,716721.0
2014-09-17 09:15:00,NSE:IGARASHI,267.13808236,273.81208487,261.30943572,269.62970107,158493.0
2014-09-18 09:15:00,NSE:IGARASHI,271.32043947,282.08783907,268.47288286,276.17023242,208471.0
2014-09-19 09:15:00,NSE:IGARASHI,278.57285552,284.40150217,275.85877007,277.81648637,140753.0
2014-09-22 09:15:00,NSE:IGARASHI,277.10457497,301.30897517,273.27816467,294.01204797,550229.0
2014-09-23 09:15:00,NSE:IGARASHI,296.68164897,304.51249637,285.20237357,289.69619302,258227.0
2014-09-24 09:15:00,NSE:IGARASHI,293.56711447,294.01204797,273.05569792,282.71075487,108735.0
2014-09-25 09:15:00,NSE:IGARASHI,282.08783907,283.91205752,255.70329141,261.30943572,101946.0
2014-09-26 09:15:00,NSE:IGARASHI,262.51076506,271.14248386,243.73456246,251.96583221,176160.0
2014-09-29 09:15:00,NSE:IGARASHI,251.87684551,267.84996707,251.87684551,260.68654661,149902.0
2014-09-30 09:15:00,NSE:IGARASHI,261.35394686,275.28036542,260.77551551,265.18036606,173144.0
2014-10-01 09:15:00,NSE:IGARASHI,262.55524952,267.09357122,258.86230146,260.37509316,52488.0
2014-10-07 09:15:00,NSE:IGARASHI,260.73103106,271.27596391,250.49756056,251.96583221,57280.0
2014-10-08 09:15:00,NSE:IGARASHI,253.61209506,262.91121411,247.91695516,254.23501086,114179.0
2014-10-09 09:15:00,NSE:IGARASHI,256.72662956,262.15482716,255.48082466,257.26055866,77575.0
2014-10-10 09:15:00,NSE:IGARASHI,258.06143006,258.06143006,245.15835856,247.42751051,62565.0
2014-10-13 09:15:00,NSE:IGARASHI,247.47202166,254.50196206,242.57775316,249.47422241,111449.0
2014-10-14 09:15:00,NSE:IGARASHI,250.94249406,258.46187911,249.69668916,251.12047636,56207.0
2014-10-16 09:15:00,NSE:IGARASHI,249.16276006,252.36629016,239.37422306,241.46541941,59512.0
2014-10-17 09:15:00,NSE:IGARASHI,239.37422306,243.37862456,234.21300336,239.99713886,54482.0
2014-10-20 09:15:00,NSE:IGARASHI,241.42090826,250.05262706,241.42090826,243.02268666,34271.0
2014-10-21 09:15:00,NSE:IGARASHI,245.69228766,257.48302541,242.04382406,255.03589116,139034.0
2014-10-22 09:15:00,NSE:IGARASHI,258.95129706,264.20150347,256.54864726,259.79667961,86670.0
2014-10-23 09:15:00,NSE:IGARASHI,261.62089806,264.29049906,259.39623056,262.28829831,34065.0
2014-10-27 09:15:00,NSE:IGARASHI,262.77771627,262.86670297,254.94689556,258.06143006,153025.0
2014-10-28 09:15:00,NSE:IGARASHI,254.94689556,293.47812777,254.94689556,289.60722412,1053020.0
2014-10-29 09:15:00,NSE:IGARASHI,293.30017217,298.55037857,281.37595437,283.37815512,350290.0
2014-10-30 09:15:00,NSE:IGARASHI,280.35258952,295.07990617,277.46052177,285.69179152,229256.0
2014-10-31 09:15:00,NSE:IGARASHI,287.60502337,295.30237292,282.97770607,285.11337797,184197.0
2014-11-03 09:15:00,NSE:IGARASHI,280.30810507,282.97770607,268.73983407,276.39269917,140032.0
2014-11-05 09:15:00,NSE:IGARASHI,276.34818802,280.21910947,268.38389616,278.08343757,93462.0
2014-11-07 09:15:00,NSE:IGARASHI,278.03895312,280.30810507,266.82662891,270.87550597,82826.0
2014-11-10 09:15:00,NSE:IGARASHI,271.58741736,275.76977447,264.82442816,266.42617097,43880.0
2014-11-11 09:15:00,NSE:IGARASHI,264.42397022,280.30810507,263.75656997,272.34378652,76019.0
2014-11-12 09:15:00,NSE:IGARASHI,270.51956807,274.65744072,263.44511652,264.77991702,68591.0
2014-11-13 09:15:00,NSE:IGARASHI,264.20150347,271.76537297,262.51076506,265.89225077,84953.0
2014-11-14 09:15:00,NSE:IGARASHI,265.84776631,274.47948512,262.82222741,265.44731727,96073.0
2014-11-17 09:15:00,NSE:IGARASHI,263.44511652,279.55170922,263.44511652,273.36715137,155451.0
2014-11-18 09:15:00,NSE:IGARASHI,274.96890307,275.68078777,268.38389616,269.62970107,51540.0
2014-11-19 09:15:00,NSE:IGARASHI,269.67418552,282.08783907,265.18036606,266.73763332,169829.0
2014-11-20 09:15:00,NSE:IGARASHI,266.96010007,270.43057247,255.34734461,260.59755991,73851.0
2014-11-21 09:15:00,NSE:IGARASHI,258.06143006,267.84996707,257.17156306,260.50856431,38484.0
2014-11-24 09:15:00,NSE:IGARASHI,258.06143006,264.20150347,254.94689556,259.61869731,36048.0
2014-11-25 09:15:00,NSE:IGARASHI,262.11031602,266.96010007,250.14162266,255.74776696,69765.0
2014-11-26 09:15:00,NSE:IGARASHI,252.72222806,264.29049906,252.72222806,261.30943572,56959.0
2014-11-27 09:15:00,NSE:IGARASHI,270.51956807,273.18916907,264.55745027,267.71649591,132441.0
2014-11-28 09:15:00,NSE:IGARASHI,267.71649591,271.40943507,266.07023306,267.49402916,45338.0
2014-12-01 09:15:00,NSE:IGARASHI,267.84996707,274.96890307,262.24381386,268.73983407,63182.0
2014-12-02 09:15:00,NSE:IGARASHI,265.66978402,268.29490057,262.95569856,265.84776631,21547.0
2014-12-03 09:15:00,NSE:IGARASHI,266.96010007,275.76977447,266.96010007,269.00678527,73252.0
2014-12-04 09:15:00,NSE:IGARASHI,270.87550597,270.87550597,265.26936166,266.78211777,20668.0
2014-12-05 09:15:00,NSE:IGARASHI,266.96010007,288.31690807,266.96010007,277.94996642,532467.0
2014-12-08 09:15:00,NSE:IGARASHI,280.30810507,296.01424872,280.21910947,288.18343692,349374.0
2014-12-09 09:15:00,NSE:IGARASHI,288.31690807,290.54157557,267.84996707,273.67858702,94737.0
2014-12-10 09:15:00,NSE:IGARASHI,272.29930207,275.85877007,265.62529956,269.80768336,36705.0
2014-12-11 09:15:00,NSE:IGARASHI,269.71869666,270.56405252,263.40063206,265.80328186,32838.0
2014-12-12 09:15:00,NSE:IGARASHI,267.84996707,272.83323117,263.40063206,263.75656997,37565.0
2014-12-15 09:15:00,NSE:IGARASHI,265.62529956,265.62529956,258.15042566,259.30723496,34927.0
2014-12-16 09:15:00,NSE:IGARASHI,258.06143006,259.30723496,240.26409006,248.18389746,52111.0
2014-12-17 09:15:00,NSE:IGARASHI,248.36188866,253.56761061,236.61562646,243.51209571,46048.0
2014-12-18 09:15:00,NSE:IGARASHI,244.84689621,255.74776696,244.84689621,253.87904626,38509.0
2014-12-19 09:15:00,NSE:IGARASHI,259.75216846,261.62089806,256.32618051,258.28389681,39033.0
2014-12-22 09:15:00,NSE:IGARASHI,256.72662956,259.79667961,254.94689556,257.70549216,20569.0
2014-12-23 09:15:00,NSE:IGARASHI,255.88124701,262.33278277,253.83456181,255.03589116,20659.0
2014-12-24 09:15:00,NSE:IGARASHI,252.90021036,260.55304876,252.72222806,255.79227811,20825.0
2014-12-26 09:15:00,NSE:IGARASHI,253.61209506,261.62089806,251.20944526,256.37069166,26036.0
2014-12-29 09:15:00,NSE:IGARASHI,257.74996771,258.95129706,254.85789996,255.92575816,15630.0
2014-12-30 09:15:00,NSE:IGARASHI,254.63543321,260.77551551,252.63323246,253.79007736,23474.0
2014-12-31 09:15:00,NSE:IGARASHI,251.83236106,261.62089806,251.20944526,257.66098101,42201.0
2015-01-01 09:15:00,NSE:IGARASHI,257.26055866,290.09664207,257.26055866,277.01558827,281740.0
2015-01-02 09:15:00,NSE:IGARASHI,277.72749967,280.17463392,271.45391952,272.69975112,56532.0
2015-01-05 09:15:00,NSE:IGARASHI,272.69975112,285.38035587,272.69975112,278.03895312,79442.0
2015-01-06 09:15:00,NSE:IGARASHI,276.03675237,276.03675237,264.02354786,265.44731727,47396.0
2015-01-07 09:15:00,NSE:IGARASHI,265.66978402,270.51956807,261.13148011,267.71649591,30069.0
2015-01-08 09:15:00,NSE:IGARASHI,268.82882966,289.11777947,268.73983407,277.94996642,264992.0
2015-01-09 09:15:00,NSE:IGARASHI,280.53057182,284.57945777,270.43057247,276.65964147,61122.0
2015-01-12 09:15:00,NSE:IGARASHI,278.08343757,293.21117657,275.85877007,286.98210757,165099.0
2015-01-13 09:15:00,NSE:IGARASHI,286.98210757,312.25432148,285.64730707,304.37899853,670132.0
2015-01-14 09:15:00,NSE:IGARASHI,307.89398208,317.54904793,307.36005298,312.83273503,302433.0
2015-01-15 09:15:00,NSE:IGARASHI,315.01291808,318.57238608,301.66491307,312.34331708,102102.0
2015-01-16 09:15:00,NSE:IGARASHI,308.78384908,315.90278508,303.57811823,308.29443112,66078.0
2015-01-19 09:15:00,NSE:IGARASHI,311.18649887,322.93272548,311.14198773,316.52570088,162768.0
2015-01-20 09:15:00,NSE:IGARASHI,316.52570088,319.86270213,307.13758623,309.05080028,67986.0
2015-01-21 09:15:00,NSE:IGARASHI,311.31997892,317.68251908,304.33451407,307.13758623,57847.0
2015-01-22 09:15:00,NSE:IGARASHI,307.71599978,320.35212008,302.64377567,309.71820053,94754.0
2015-01-23 09:15:00,NSE:IGARASHI,323.86710363,324.80145508,302.77724682,306.87064392,120612.0
2015-01-27 09:15:00,NSE:IGARASHI,311.45345008,313.23318408,300.90851722,306.64817717,59852.0
2015-01-28 09:15:00,NSE:IGARASHI,306.91511948,310.56358308,298.10544507,299.66271232,39293.0
2015-01-29 09:15:00,NSE:IGARASHI,298.99531207,306.82613278,296.10324432,300.37459702,49928.0
2015-01-30 09:15:00,NSE:IGARASHI,302.10984657,302.51029562,293.70059452,294.81292827,35679.0
2015-02-02 09:15:00,NSE:IGARASHI,294.81292827,299.12878322,290.09664207,292.49929187,24831.0
2015-02-03 09:15:00,NSE:IGARASHI,292.32130957,292.32130957,249.20724451,285.46932477,47429.0
2015-02-04 09:15:00,NSE:IGARASHI,288.49489037,304.29002962,284.40150217,297.21557807,92073.0
2015-02-05 09:15:00,NSE:IGARASHI,299.88517907,303.97857617,294.59046152,297.57151597,48427.0
2015-02-06 09:15:00,NSE:IGARASHI,295.43584407,295.43584407,285.60282262,287.51603667,20522.0
2015-02-09 09:15:00,NSE:IGARASHI,280.30810507,284.75744007,270.51956807,272.03235087,29488.0
2015-02-10 09:15:00,NSE:IGARASHI,264.29049906,281.19797207,264.29049906,272.56625327,37748.0
2015-02-11 09:15:00,NSE:IGARASHI,272.34378652,286.53717407,272.34378652,282.08783907,61845.0
2015-02-12 09:15:00,NSE:IGARASHI,282.08783907,287.42704107,281.19797207,283.33364397,29915.0
2015-02-13 09:15:00,NSE:IGARASHI,281.68739002,289.11777947,281.68739002,287.07110317,39920.0
2015-02-16 09:15:00,NSE:IGARASHI,286.09224057,289.20677507,280.48608737,282.71075487,21825.0
2015-02-18 09:15:00,NSE:IGARASHI,282.71075487,287.42704107,282.62176817,285.24685802,35095.0
2015-02-19 09:15:00,NSE:IGARASHI,283.86757307,287.42704107,282.35479027,284.93542237,22873.0
2015-02-20 09:15:00,NSE:IGARASHI,282.97770607,303.22218032,282.08783907,288.76184157,275542.0
2015-02-23 09:15:00,NSE:IGARASHI,291.78738047,298.10544507,288.89531272,290.94202462,29045.0
2015-02-24 09:15:00,NSE:IGARASHI,290.14112652,296.68164897,287.87197457,292.89971422,20168.0
2015-02-25 09:15:00,NSE:IGARASHI,302.55478007,319.46225308,298.99531207,312.07636587,553774.0
2015-02-26 09:15:00,NSE:IGARASHI,316.12525183,318.57238608,305.58031898,308.82833353,279428.0
2015-02-27 09:15:00,NSE:IGARASHI,308.82833353,324.80145508,303.48913153,315.23538483,143238.0
2015-03-02 09:15:00,NSE:IGARASHI,315.90278508,320.93052473,309.94066728,311.89838358,52098.0
2015-03-03 09:15:00,NSE:IGARASHI,320.35212008,329.96267478,317.14858998,322.39880528,147588.0
2015-03-04 09:15:00,NSE:IGARASHI,320.57458683,324.57898833,311.45345008,313.01071733,48431.0
2015-03-05 09:15:00,NSE:IGARASHI,311.58692123,325.69132208,311.58692123,320.21864893,48692.0
2015-03-09 09:15:00,NSE:IGARASHI,317.23758558,319.90718658,312.43231267,315.81378948,25474.0
2015-03-10 09:15:00,NSE:IGARASHI,314.34551783,371.51947259,314.34551783,357.72653409,646592.0
2015-03-11 09:15:00,NSE:IGARASHI,362.53180699,392.3423515,354.16706609,369.69525414,838996.0
2015-03-12 09:15:00,NSE:IGARASHI,373.78862454,380.72960494,363.64414074,366.44722179,121229.0
2015-03-13 09:15:00,NSE:IGARASHI,369.91772089,379.08334209,353.72213259,357.37059619,95774.0
2015-03-16 09:15:00,NSE:IGARASHI,360.93006419,360.93006419,335.16839673,343.66664438,71317.0
2015-03-17 09:15:00,NSE:IGARASHI,348.56091288,369.25032064,347.93799708,361.64193999,117116.0
2015-03-18 09:15:00,NSE:IGARASHI,362.88775379,364.71199894,344.42301354,349.80672668,75207.0
2015-03-19 09:15:00,NSE:IGARASHI,355.41287099,364.84547009,344.37852908,346.42521429,92267.0
2015-03-20 09:15:00,NSE:IGARASHI,351.18600274,353.27719909,333.74460953,338.23845568,48108.0
2015-03-23 09:15:00,NSE:IGARASHI,338.14946008,347.04813008,335.65784138,340.24065643,26925.0
2015-03-24 09:15:00,NSE:IGARASHI,342.24285718,346.15826308,336.36972608,338.90585593,23425.0
2015-03-25 09:15:00,NSE:IGARASHI,339.92919408,341.61993248,327.47105608,329.56225243,24414.0
2015-03-26 09:15:00,NSE:IGARASHI,330.49659498,336.36972608,323.06620553,325.06840628,37992.0
2015-03-27 09:15:00,NSE:IGARASHI,323.46665458,327.33758493,312.61026828,316.48118973,28822.0
2015-03-30 09:15:00,NSE:IGARASHI,315.90278508,336.36972608,315.90278508,334.14505858,41920.0
2015-03-31 09:15:00,NSE:IGARASHI,336.36972608,353.32168354,336.36972608,342.06486598,138482.0
2015-04-01 09:15:00,NSE:IGARASHI,343.31067979,357.68204964,342.42081278,355.23491539,67815.0
2015-04-06 09:15:00,NSE:IGARASHI,355.05693309,376.32474549,349.27279759,372.76527749,153065.0
2015-04-07 09:15:00,NSE:IGARASHI,379.08334209,387.98201209,370.40713884,374.41154034,131584.0
2015-04-08 09:15:00,NSE:IGARASHI,375.52387409,387.09214509,371.74193934,376.19127434,85277.0
2015-04-09 09:15:00,NSE:IGARASHI,379.70625789,391.49699564,372.85427309,377.88201274,127559.0
2015-04-10 09:15:00,NSE:IGARASHI,375.16793619,387.8930165,373.87761124,377.79302604,52830.0
2015-04-13 09:15:00,NSE:IGARASHI,381.75294309,391.31901335,378.28247069,385.97981134,88699.0
2015-04-15 09:15:00,NSE:IGARASHI,388.87187909,396.1687974,383.26572589,387.18114069,124375.0
2015-04-16 09:15:00,NSE:IGARASHI,388.87187909,460.95110611,387.75954534,438.30398206,2213938.0
2015-04-17 09:15:00,NSE:IGARASHI,432.47536211,453.83217011,420.1062197,423.6656877,575970.0
2015-04-20 09:15:00,NSE:IGARASHI,423.5766921,431.49649951,395.14543255,399.3723008,153864.0
2015-04-21 09:15:00,NSE:IGARASHI,402.0419018,405.7793521,387.09214509,394.52254344,100576.0
2015-04-22 09:15:00,NSE:IGARASHI,394.6560146,427.53660915,394.6560146,413.38770605,326613.0
2015-04-23 09:15:00,NSE:IGARASHI,416.41327165,422.5978295,402.44235085,405.02295625,121439.0
2015-04-24 09:15:00,NSE:IGARASHI,402.4868353,405.6013698,372.67629079,377.74854159,87587.0
2015-04-27 09:15:00,NSE:IGARASHI,379.08334209,382.55381449,353.27719909,364.66748779,92058.0
2015-04-28 09:15:00,NSE:IGARASHI,355.99128454,373.78862454,347.04813008,370.49613444,79255.0
2015-04-29 09:15:00,NSE:IGARASHI,377.08114134,381.30800959,368.44942254,371.11902354,84595.0
2015-04-30 09:15:00,NSE:IGARASHI,364.53400774,371.16353469,353.67764813,365.06793684,52105.0
2015-05-04 09:15:00,NSE:IGARASHI,369.20580949,380.86307609,365.77982154,372.63180634,57799.0
2015-05-05 09:15:00,NSE:IGARASHI,370.09567649,388.87187909,370.09567649,381.88641424,99983.0
2015-05-06 09:15:00,NSE:IGARASHI,383.97761059,391.4524845,360.44061954,363.82213194,85699.0
2015-05-07 09:15:00,NSE:IGARASHI,357.05913384,368.76087599,351.49746509,364.22255429,65170.0
2015-05-08 09:15:00,NSE:IGARASHI,372.63180634,380.68509379,371.51947259,374.01109129,77508.0
2015-05-11 09:15:00,NSE:IGARASHI,378.01549279,378.19347509,371.43047699,372.76527749,22671.0
2015-05-12 09:15:00,NSE:IGARASHI,374.67849154,377.88201274,357.32608504,360.48513069,32677.0
2015-05-13 09:15:00,NSE:IGARASHI,362.17586909,371.25252139,360.84106859,366.58071964,36128.0
2015-05-14 09:15:00,NSE:IGARASHI,361.37499769,379.92872464,361.37499769,373.92212239,45346.0
2015-05-15 09:15:00,NSE:IGARASHI,370.27366769,386.86967834,370.27366769,385.04545989,68347.0
2015-05-18 09:15:00,NSE:IGARASHI,386.86967834,389.45028375,374.63400709,381.17453844,47395.0
2015-05-19 09:15:00,NSE:IGARASHI,378.19347509,440.21721391,373.74414009,429.85024556,1169763.0
2015-05-20 09:15:00,NSE:IGARASHI,428.0260271,461.66299081,428.0260271,437.77007966,913238.0
2015-05-21 09:15:00,NSE:IGARASHI,437.81456411,464.51057411,429.4498232,455.12248616,342892.0
2015-05-22 09:15:00,NSE:IGARASHI,455.61190411,471.62951012,445.15596686,448.71543486,417806.0
2015-05-25 09:15:00,NSE:IGARASHI,448.75991931,459.61630561,431.80796186,438.65994666,207357.0
2015-05-26 09:15:00,NSE:IGARASHI,462.73084011,479.54934421,450.98458681,470.29470961,1385575.0
2015-05-27 09:15:00,NSE:IGARASHI,467.09120621,478.57046382,459.17137211,465.93434352,286848.0
2015-05-28 09:15:00,NSE:IGARASHI,465.22245881,473.09780846,451.25156471,455.87885531,124126.0
2015-05-29 09:15:00,NSE:IGARASHI,456.94670461,469.84977611,453.83217011,456.32378881,84248.0
2015-06-01 09:15:00,NSE:IGARASHI,459.88325681,465.57842341,446.31278506,450.53965331,70657.0
2015-06-02 09:15:00,NSE:IGARASHI,450.98458681,451.82996936,432.47536211,435.3229454,64909.0
2015-06-03 09:15:00,NSE:IGARASHI,434.70002961,437.28063501,383.66614824,413.0762704,125414.0
2015-06-04 09:15:00,NSE:IGARASHI,414.6780221,418.1484945,395.6348772,402.17539965,70193.0
2015-06-05 09:15:00,NSE:IGARASHI,400.2621678,413.5212039,392.8762806,407.06966815,100937.0
2015-06-08 09:15:00,NSE:IGARASHI,410.6736206,421.7969581,399.6392787,402.62033315,70753.0
2015-06-09 09:15:00,NSE:IGARASHI,404.8004895,417.3476231,395.9908151,411.16303855,90769.0
2015-06-10 09:15:00,NSE:IGARASHI,413.6991595,421.3520246,408.0040196,411.8304388,108327.0
2015-06-11 09:15:00,NSE:IGARASHI,406.00181885,416.41327165,395.456886,397.7705491,51309.0
2015-06-12 09:15:00,NSE:IGARASHI,400.2621678,406.5802235,386.20227809,394.38906339,60786.0
2015-06-15 09:15:00,NSE:IGARASHI,394.6560146,399.5502831,391.49699564,393.18774294,44293.0
2015-06-16 09:15:00,NSE:IGARASHI,393.3212141,394.1220855,379.30580884,386.86967834,43534.0
2015-06-17 09:15:00,NSE:IGARASHI,387.98201209,408.4489531,381.79742754,398.17099815,148372.0
2015-06-18 09:15:00,NSE:IGARASHI,398.61593165,447.60310111,398.08201145,437.28063501,621000.0
2015-06-19 09:15:00,NSE:IGARASHI,439.23836021,444.04363311,428.1150227,431.00709045,174097.0
2015-06-22 09:15:00,NSE:IGARASHI,434.61103401,479.86077987,434.52204731,468.82641127,702062.0
2015-06-23 09:15:00,NSE:IGARASHI,468.95990911,468.95990911,452.09692056,456.81320676,124521.0
2015-06-24 09:15:00,NSE:IGARASHI,458.28150511,475.10000921,452.49736961,456.10132206,189223.0
2015-06-25 09:15:00,NSE:IGARASHI,452.05243611,468.69295791,452.05243611,457.83657161,112577.0
2015-06-26 09:15:00,NSE:IGARASHI,455.96786871,474.29911112,455.96786871,470.91762541,295426.0
2015-06-29 09:15:00,NSE:IGARASHI,459.39383886,462.73084011,444.39957101,452.58636521,145528.0
2015-06-30 09:15:00,NSE:IGARASHI,466.29030811,486.75724912,461.84097311,479.86077987,493968.0
2015-07-01 09:15:00,NSE:IGARASHI,483.10881222,493.65371837,481.59602942,483.24226557,247929.0
2015-07-02 09:15:00,NSE:IGARASHI,486.75724912,490.31671712,471.98547471,474.21014221,101483.0
2015-07-03 09:15:00,NSE:IGARASHI,471.76300796,489.42685012,471.76300796,479.41584637,108929.0
2015-07-06 09:15:00,NSE:IGARASHI,466.77972607,495.65591912,466.77972607,492.54138462,146566.0
2015-07-07 09:15:00,NSE:IGARASHI,495.65591912,513.23079238,493.16430042,498.77045362,242573.0
2015-07-08 09:15:00,NSE:IGARASHI,497.21318637,515.23299313,490.31671712,503.21978862,156527.0
2015-07-09 09:15:00,NSE:IGARASHI,508.11405712,547.26820513,508.11405712,537.92460163,733802.0
2015-07-10 09:15:00,NSE:IGARASHI,543.70873713,576.54484724,534.14266688,568.00209734,459436.0
2015-07-13 09:15:00,NSE:IGARASHI,573.69726394,597.99062415,571.38358304,592.2509731,480089.0
2015-07-14 09:15:00,NSE:IGARASHI,596.21089015,614.00823015,578.41355014,609.55889515,278979.0
2015-07-15 09:15:00,NSE:IGARASHI,610.4042777,630.73772086,594.69810735,598.39107319,444111.0
2015-07-16 09:15:00,NSE:IGARASHI,602.43995915,618.01263165,598.12412199,602.7513948,158969.0
2015-07-17 09:15:00,NSE:IGARASHI,603.41879505,606.3998762,579.79283509,582.06198704,120863.0
2015-07-20 09:15:00,NSE:IGARASHI,587.08975339,587.57917134,561.50607714,568.75851099,135155.0
2015-07-21 09:15:00,NSE:IGARASHI,568.62501314,590.64922139,564.22016259,569.91532919,154808.0
2015-07-22 09:15:00,NSE:IGARASHI,572.98537924,609.3364284,569.47039569,602.6624259,511139.0
2015-07-23 09:15:00,NSE:IGARASHI,609.55889515,615.78796415,590.20428789,593.05187119,134819.0
2015-07-24 09:15:00,NSE:IGARASHI,596.21089015,596.21089015,573.96421514,575.74394914,80178.0
2015-07-27 09:15:00,NSE:IGARASHI,579.30341714,600.39327395,561.72854389,583.08535189,173411.0
2015-07-28 09:15:00,NSE:IGARASHI,582.86288514,595.94393894,578.41355014,582.99638299,80307.0
2015-07-29 09:15:00,NSE:IGARASHI,584.01970334,600.66022515,584.01970334,587.80163809,69115.0
2015-07-30 09:15:00,NSE:IGARASHI,596.21089015,605.10956015,588.20208714,591.71707069,124363.0
2015-07-31 09:15:00,NSE:IGARASHI,592.65142214,636.25490516,592.65142214,615.16504835,481367.0
2015-08-03 09:15:00,NSE:IGARASHI,617.47872925,651.20466186,615.34303065,637.7232035,373143.0
2015-08-04 09:15:00,NSE:IGARASHI,641.59410716,653.82977841,631.80557015,644.88662396,185033.0
2015-08-05 09:15:00,NSE:IGARASHI,647.77869171,688.49010697,646.93330916,667.31128126,506455.0
2015-08-06 09:15:00,NSE:IGARASHI,672.29451866,678.07865417,649.82537691,654.58614756,178404.0
2015-08-07 09:15:00,NSE:IGARASHI,653.29587601,664.73064916,642.57294306,647.91214506,103186.0
2015-08-10 09:15:00,NSE:IGARASHI,649.78089246,662.95091516,639.058004,645.68747756,128693.0
2015-08-11 09:15:00,NSE:IGARASHI,649.60291016,656.72184616,637.14477216,640.79320906,73746.0
2015-08-12 09:15:00,NSE:IGARASHI,637.94567025,641.32715596,610.27077985,613.7857634,69295.0
2015-08-13 09:15:00,NSE:IGARASHI,619.9258635,629.9813517,592.65142214,597.5901751,74750.0
2015-08-14 09:15:00,NSE:IGARASHI,597.50120619,614.00823015,571.38358304,597.67918849,71623.0
2015-08-17 09:15:00,NSE:IGARASHI,602.43995915,625.57650115,585.79943734,617.6121826,80019.0
2015-08-18 09:15:00,NSE:IGARASHI,621.57209965,631.36063665,617.65666705,622.90690015,52261.0
2015-08-19 09:15:00,NSE:IGARASHI,623.6632693,623.6632693,600.79372299,606.0439116,41817.0
2015-08-20 09:15:00,NSE:IGARASHI,596.21089015,611.96154495,583.04086744,590.15980344,33324.0
2015-08-21 09:15:00,NSE:IGARASHI,587.31222014,591.31662164,573.96421514,588.0685893,31853.0
2015-08-24 09:15:00,NSE:IGARASHI,543.61976823,578.41355014,472.51937712,490.00528147,80045.0
2015-08-25 09:15:00,NSE:IGARASHI,494.76605212,526.53431293,464.06564061,492.05196667,76383.0
2015-08-26 09:15:00,NSE:IGARASHI,488.53698312,506.69028772,475.18897812,484.08764812,41890.0
2015-08-27 09:15:00,NSE:IGARASHI,505.17750492,549.04793913,496.94623517,541.26160288,156546.0
2015-08-28 09:15:00,NSE:IGARASHI,548.86995684,566.84527914,520.83914633,539.30388658,130516.0
2015-08-31 09:15:00,NSE:IGARASHI,535.69993413,542.81887013,525.02153013,535.38849848,61315.0
2015-09-01 09:15:00,NSE:IGARASHI,532.14046613,532.14046613,509.35988872,518.79246113,33793.0
2015-09-02 09:15:00,NSE:IGARASHI,523.01932938,537.47966813,514.34312613,516.47882472,24553.0
2015-09-03 09:15:00,NSE:IGARASHI,533.83123123,537.47966813,517.59115847,526.04489498,48125.0
2015-09-04 09:15:00,NSE:IGARASHI,520.57219513,523.15282722,500.10525412,510.33872462,38136.0
2015-09-07 09:15:00,NSE:IGARASHI,519.50434583,553.05234063,508.24755497,527.55763328,123325.0
2015-09-08 09:15:00,NSE:IGARASHI,529.47086513,540.14926913,509.44885762,524.97704568,48360.0
2015-09-09 09:15:00,NSE:IGARASHI,531.25059913,543.70873713,523.24179613,524.97704568,49121.0
2015-09-10 09:15:00,NSE:IGARASHI,515.76689553,526.80126413,507.22419012,518.52550993,24678.0
2015-09-11 09:15:00,NSE:IGARASHI,525.46646363,536.58980113,521.55103103,526.08937943,33025.0
2015-09-14 09:15:00,NSE:IGARASHI,527.60216223,555.27700814,523.37529398,533.43078218,159356.0
2015-09-15 09:15:00,NSE:IGARASHI,537.12370353,538.19155283,519.94927933,521.72901333,28864.0
2015-09-16 09:15:00,NSE:IGARASHI,528.40301583,535.69993413,521.01712863,529.96028308,52253.0
2015-09-18 09:15:00,NSE:IGARASHI,530.36073213,542.81887013,524.17614758,528.49202923,54518.0
2015-09-21 09:15:00,NSE:IGARASHI,521.46206213,528.40301583,511.67352512,523.46426288,35768.0
2015-09-22 09:15:00,NSE:IGARASHI,527.20171318,530.27176323,502.95283742,508.20302603,29250.0
2015-09-23 09:15:00,NSE:IGARASHI,502.95283742,510.69468922,499.30435602,502.90835297,20380.0
2015-09-24 09:15:00,NSE:IGARASHI,505.97835853,513.45325913,498.77045362,501.03960557,19962.0
2015-09-28 09:15:00,NSE:IGARASHI,504.24315347,507.17970567,484.97751512,488.49249867,25391.0
2015-09-29 09:15:00,NSE:IGARASHI,485.86738212,493.60923392,467.18017511,476.87974321,51865.0
2015-09-30 09:15:00,NSE:IGARASHI,478.74844612,489.47133457,473.63171087,476.74624537,23264.0
2015-10-01 09:15:00,NSE:IGARASHI,483.19778112,484.04316367,471.71847902,473.98767546,18226.0
2015-10-05 09:15:00,NSE:IGARASHI,481.41804712,514.34312613,474.34359557,493.56474947,104170.0
2015-10-06 09:15:00,NSE:IGARASHI,497.12421747,500.68368547,477.01319657,479.19337962,85527.0
2015-10-07 09:15:00,NSE:IGARASHI,484.62155052,505.48894057,477.76961021,500.55018762,71542.0
2015-10-08 09:15:00,NSE:IGARASHI,500.50570317,583.75275214,491.29555302,570.09331149,1026717.0
2015-10-09 09:15:00,NSE:IGARASHI,566.75631024,573.47479719,543.93120388,546.73430273,281104.0
2015-10-12 09:15:00,NSE:IGARASHI,544.06470173,568.44703084,541.92900313,545.48847113,140842.0
2015-10-13 09:15:00,NSE:IGARASHI,548.11358768,567.64617724,540.14926913,546.42282258,164758.0
2015-10-14 09:15:00,NSE:IGARASHI,544.15367063,554.25364329,531.74001708,536.36733438,94444.0
2015-10-15 09:15:00,NSE:IGARASHI,540.95016723,568.58052869,540.14926913,546.82327163,246779.0
2015-10-16 09:15:00,NSE:IGARASHI,549.04793913,561.95101064,544.86555533,548.02457429,91866.0
2015-10-19 09:15:00,NSE:IGARASHI,548.15807213,577.52368314,548.15807213,570.53824499,285314.0
2015-10-20 09:15:00,NSE:IGARASHI,574.63161539,593.45232024,562.39594414,569.64837799,308204.0
2015-10-21 09:15:00,NSE:IGARASHI,572.98537924,578.81399919,556.61180864,562.35145969,80869.0
2015-10-23 09:15:00,NSE:IGARASHI,562.39594414,572.89636584,556.25584404,557.72414239,55558.0
2015-10-26 09:15:00,NSE:IGARASHI,556.38934189,560.61621014,543.04133688,546.95676948,41679.0
2015-10-27 09:15:00,NSE:IGARASHI,543.04133688,572.98537924,542.86335458,557.27920889,110358.0
2015-10-28 09:15:00,NSE:IGARASHI,552.78538943,567.73514614,549.93780613,553.58624304,76042.0
2015-10-29 09:15:00,NSE:IGARASHI,553.58624304,561.50607714,549.98229059,551.67305568,28852.0
2015-10-30 09:15:00,NSE:IGARASHI,551.71754013,556.61180864,542.95236798,547.17923623,36703.0
2015-11-02 09:15:00,NSE:IGARASHI,551.71754013,553.89772318,545.04353763,548.11358768,45677.0
2015-11-03 09:15:00,NSE:IGARASHI,551.71754013,553.71974089,543.04133688,544.73210198,25606.0
2015-11-04 09:15:00,NSE:IGARASHI,547.26820513,571.29461414,543.75322158,550.78318868,125054.0
2015-11-05 09:15:00,NSE:IGARASHI,549.93780613,564.17567814,544.82107088,546.42282258,59215.0
2015-11-06 09:15:00,NSE:IGARASHI,556.56732418,561.86204173,544.68757304,545.39950223,43445.0
2015-11-09 09:15:00,NSE:IGARASHI,533.92020013,539.88231793,520.12726163,531.20611468,46703.0
2015-11-10 09:15:00,NSE:IGARASHI,531.25059913,544.42062183,520.57219513,523.86471193,28288.0
2015-11-11 09:15:00,NSE:IGARASHI,529.47086513,542.81887013,523.46426288,540.90563828,24046.0
2015-11-13 09:15:00,NSE:IGARASHI,542.46290554,542.46290554,528.62548258,529.64884743,15320.0
2015-11-16 09:15:00,NSE:IGARASHI,529.47086513,535.25500063,523.73121408,527.95808233,20347.0
2015-11-17 09:15:00,NSE:IGARASHI,532.14046613,537.56863703,521.95148008,525.11049903,21072.0
2015-11-18 09:15:00,NSE:IGARASHI,526.00036603,540.14926913,517.32416278,519.94927933,34498.0
2015-11-19 09:15:00,NSE:IGARASHI,518.79246113,529.15942948,518.79246113,520.34972838,21935.0
2015-11-20 09:15:00,NSE:IGARASHI,527.69113113,550.56072193,520.12726163,540.54971818,116147.0
2015-11-23 09:15:00,NSE:IGARASHI,544.59860413,551.62857123,539.25940213,542.01797203,52031.0
2015-11-24 09:15:00,NSE:IGARASHI,551.71754013,558.74750723,542.86335458,545.62196898,114796.0
2015-11-26 09:15:00,NSE:IGARASHI,550.38273963,550.87215759,539.30388658,542.19595433,31577.0
2015-11-27 09:15:00,NSE:IGARASHI,546.11138693,549.04793913,534.81006713,536.94576573,29578.0
2015-11-30 09:15:00,NSE:IGARASHI,536.58980113,550.73870423,527.69113113,536.45630328,39462.0
2015-12-01 09:15:00,NSE:IGARASHI,535.69993413,541.61756748,531.25059913,532.31844843,21580.0
2015-12-02 09:15:00,NSE:IGARASHI,530.36073213,536.14486763,520.57219513,524.93256123,28463.0
2015-12-03 09:15:00,NSE:IGARASHI,524.97704568,551.67305568,521.46206213,537.56863703,99053.0
2015-12-04 09:15:00,NSE:IGARASHI,536.58980113,547.62416973,526.89023303,529.07041608,59024.0
2015-12-07 09:15:00,NSE:IGARASHI,533.83123123,540.99465168,526.97924643,528.26956248,21838.0
2015-12-08 09:15:00,NSE:IGARASHI,527.55763328,538.23603728,516.16734458,519.90479488,26877.0
2015-12-09 09:15:00,NSE:IGARASHI,531.25059913,531.25059913,495.03300332,499.88278737,29507.0
2015-12-10 09:15:00,NSE:IGARASHI,495.65591912,507.22419012,495.65591912,499.39336942,17481.0
2015-12-11 09:15:00,NSE:IGARASHI,503.57575322,516.07837567,496.81273732,498.68148472,30223.0
2015-12-14 09:15:00,NSE:IGARASHI,494.14313632,501.75149028,490.45021497,495.12201672,27474.0
2015-12-15 09:15:00,NSE:IGARASHI,496.63475502,521.90699563,489.87178362,513.85370817,89792.0
2015-12-16 09:15:00,NSE:IGARASHI,517.01272713,527.60216223,512.56339213,522.26296022,74058.0
2015-12-17 09:15:00,NSE:IGARASHI,529.42638068,534.81006713,525.11049903,529.78230078,37918.0
2015-12-18 09:15:00,NSE:IGARASHI,529.87131418,533.92020013,520.57219513,522.39641358,15414.0
2015-12-21 09:15:00,NSE:IGARASHI,516.16734458,547.17923623,516.16734458,540.72770048,123204.0
2015-12-22 09:15:00,NSE:IGARASHI,544.59860413,547.26820513,534.36513363,537.65765043,30818.0
2015-12-23 09:15:00,NSE:IGARASHI,542.81887013,546.33385368,535.69993413,537.96908608,19854.0
2015-12-24 09:15:00,NSE:IGARASHI,537.61316598,545.13250654,528.75898043,532.36293288,31887.0
2015-12-28 09:15:00,NSE:IGARASHI,532.36293288,554.34265668,527.95808233,543.30828808,83706.0
2015-12-29 09:15:00,NSE:IGARASHI,547.53515633,548.15807213,533.03033313,538.54751743,36249.0
2015-12-30 09:15:00,NSE:IGARASHI,545.04353763,550.69417529,540.37173588,546.51183598,57217.0
2015-12-31 09:15:00,NSE:IGARASHI,544.68757304,553.40830523,538.36953513,548.38053888,44743.0
2016-01-01 09:15:00,NSE:IGARASHI,551.71754013,589.98182114,543.70873713,573.34129934,245091.0
2016-01-04 09:15:00,NSE:IGARASHI,575.56596684,591.76155514,561.86204173,575.61045129,126621.0
2016-01-05 09:15:00,NSE:IGARASHI,578.36906569,582.86288514,565.11002959,575.34350009,61475.0
2016-01-06 09:15:00,NSE:IGARASHI,575.74394914,624.1972162,568.62501314,593.45232024,259777.0
2016-01-07 09:15:00,NSE:IGARASHI,588.02410484,593.54128914,574.23116634,577.43471424,63593.0
2016-01-08 09:15:00,NSE:IGARASHI,581.97301814,597.05627269,579.74835064,585.35450384,25630.0
2016-01-11 09:15:00,NSE:IGARASHI,572.62941464,587.04526894,569.69286244,577.30121639,24756.0
2016-01-12 09:15:00,NSE:IGARASHI,577.61265204,585.53248614,572.76291249,574.94305104,22813.0
2016-01-13 09:15:00,NSE:IGARASHI,579.30341714,585.44351724,543.70873713,559.41490748,42789.0
2016-01-14 09:15:00,NSE:IGARASHI,547.71313863,564.17567814,542.90783904,553.49727414,23967.0
2016-01-15 09:15:00,NSE:IGARASHI,559.68185869,559.68185869,538.59200188,542.24043878,35203.0
2016-01-18 09:15:00,NSE:IGARASHI,541.48406963,546.82327163,508.33652387,515.90039338,24572.0
2016-01-19 09:15:00,NSE:IGARASHI,521.99596453,527.69113113,493.87618512,515.41097542,35238.0
2016-01-20 09:15:00,NSE:IGARASHI,509.00392412,533.92020013,494.09865187,522.17394683,34003.0
2016-01-21 09:15:00,NSE:IGARASHI,524.26516098,538.99245093,519.01492788,521.81802672,14493.0
2016-01-22 09:15:00,NSE:IGARASHI,533.03033313,539.03693538,522.35192913,528.75898043,106142.0
2016-01-25 09:15:00,NSE:IGARASHI,534.23163578,549.93780613,511.67352512,525.11049903,32250.0
2016-01-27 09:15:00,NSE:IGARASHI,525.91139713,544.59860413,514.29864167,527.55763328,32745.0
2016-01-28 09:15:00,NSE:IGARASHI,522.44089803,539.25940213,520.57219513,525.33296578,31647.0
2016-01-29 09:15:00,NSE:IGARASHI,537.47966813,537.47966813,516.47882472,519.28187908,12622.0
2016-02-01 09:15:00,NSE:IGARASHI,507.26867458,529.47086513,507.26867458,515.76689553,11357.0
2016-02-02 09:15:00,NSE:IGARASHI,518.61447883,541.03913613,492.05196667,493.96515402,100413.0
2016-02-03 09:15:00,NSE:IGARASHI,493.87618512,497.12421747,471.67399457,483.10881222,32930.0
2016-02-04 09:15:00,NSE:IGARASHI,488.53698312,489.33788122,476.07884512,479.99427771,14417.0
2016-02-05 09:15:00,NSE:IGARASHI,481.59602942,495.47793682,479.72728202,486.53478237,31935.0
2016-02-08 09:15:00,NSE:IGARASHI,486.93523142,492.09645112,466.82421052,468.24802441,17345.0
2016-02-09 09:15:00,NSE:IGARASHI,471.62951012,471.62951012,453.87665456,455.78988641,13664.0
2016-02-10 09:15:00,NSE:IGARASHI,458.28150511,459.97227021,437.10267941,443.19825056,20425.0
2016-02-11 09:15:00,NSE:IGARASHI,453.78768566,453.78768566,363.42167399,394.74501019,104736.0
2016-02-12 09:15:00,NSE:IGARASHI,387.13662955,400.4401501,385.93532689,391.71946239,32110.0
2016-02-15 09:15:00,NSE:IGARASHI,394.6560146,422.5088428,394.6560146,417.5256054,35195.0
2016-02-16 09:15:00,NSE:IGARASHI,420.5511532,428.6489429,403.5546846,406.98068145,18434.0
2016-02-17 09:15:00,NSE:IGARASHI,417.03616075,417.03616075,387.09214509,400.66261685,25813.0
2016-02-18 09:15:00,NSE:IGARASHI,406.4022679,407.915024,397.90402025,401.4190127,15085.0
2016-02-19 09:15:00,NSE:IGARASHI,401.28553265,405.11195185,387.09214509,389.18334144,10109.0
2016-02-22 09:15:00,NSE:IGARASHI,403.1097511,403.1097511,379.21681324,382.37585889,35146.0
2016-02-23 09:15:00,NSE:IGARASHI,383.79962829,386.9141628,363.11022054,366.26926619,15261.0
2016-02-24 09:15:00,NSE:IGARASHI,362.17586909,364.80098564,348.82786409,354.92346194,32535.0
2016-02-25 09:15:00,NSE:IGARASHI,359.95120159,367.51507109,353.49966584,356.25826244,12642.0
2016-02-26 09:15:00,NSE:IGARASHI,356.97013824,359.50626809,349.00584638,351.58646068,13253.0
2016-02-29 09:15:00,NSE:IGARASHI,352.47632768,352.47632768,335.43537463,337.70452658,12970.0
2016-03-01 09:15:00,NSE:IGARASHI,334.58999208,405.245423,333.70012508,404.9784807,170354.0
2016-03-02 09:15:00,NSE:IGARASHI,412.5423502,467.18017511,412.5423502,447.51410551,393853.0
2016-03-03 09:15:00,NSE:IGARASHI,448.22601691,462.73084011,425.0894749,446.93570086,153522.0
2016-03-04 09:15:00,NSE:IGARASHI,435.7678789,453.38723661,434.25509611,440.92909861,53443.0
2016-03-08 09:15:00,NSE:IGARASHI,443.15376611,449.73877301,436.56875921,442.39737026,45087.0
2016-03-09 09:15:00,NSE:IGARASHI,438.88241341,446.71323411,432.6533444,442.97578381,31553.0
2016-03-10 09:15:00,NSE:IGARASHI,447.55861666,449.38283511,431.89695745,445.37843361,61760.0
2016-03-11 09:15:00,NSE:IGARASHI,444.88901566,458.28150511,438.17050201,445.95683826,90834.0
2016-03-14 09:15:00,NSE:IGARASHI,446.71323411,453.78768566,439.23836021,441.99694791,39217.0
2016-03-15 09:15:00,NSE:IGARASHI,444.04363311,452.05243611,436.56875921,440.21721391,26726.0
2016-03-16 09:15:00,NSE:IGARASHI,439.63878256,446.26830061,436.12382571,438.57095996,25273.0
2016-03-17 09:15:00,NSE:IGARASHI,443.42071731,449.38283511,436.70223036,445.06697126,32414.0
2016-03-18 09:15:00,NSE:IGARASHI,445.06697126,449.82776861,437.28063501,443.19825056,14306.0
2016-03-21 09:15:00,NSE:IGARASHI,443.15376611,458.28150511,438.97138231,448.84890601,60768.0
2016-03-22 09:15:00,NSE:IGARASHI,450.27270211,459.08240321,441.95243676,447.60310111,53270.0
2016-03-23 09:15:00,NSE:IGARASHI,451.16256911,502.41889053,446.04583386,488.89294772,349545.0
2016-03-28 09:15:00,NSE:IGARASHI,492.14093557,502.68588622,473.80969316,482.53038087,104904.0
2016-03-29 09:15:00,NSE:IGARASHI,482.57486532,497.43565312,480.26122892,485.28895077,40091.0
2016-03-30 09:15:00,NSE:IGARASHI,489.64931687,496.54578612,483.64271462,486.04536442,21675.0
2016-03-31 09:15:00,NSE:IGARASHI,488.53698312,500.10525412,483.55374572,490.89514847,59730.0
2016-04-01 09:15:00,NSE:IGARASHI,491.16209967,511.67352512,487.11321372,502.10745487,77673.0
2016-04-04 09:15:00,NSE:IGARASHI,505.93387407,525.91139713,502.77485512,519.68232813,72461.0
2016-04-05 09:15:00,NSE:IGARASHI,513.76469478,535.69993413,502.77485512,527.91359788,61759.0
2016-04-06 09:15:00,NSE:IGARASHI,520.92815972,555.09902584,520.92815972,550.51623748,108508.0
2016-04-07 09:15:00,NSE:IGARASHI,554.96557248,567.69066169,538.36953513,547.71313863,72632.0
2016-04-08 09:15:00,NSE:IGARASHI,550.87215759,557.05674214,544.15367063,548.06910323,34238.0
2016-04-11 09:15:00,NSE:IGARASHI,552.60740713,552.96337173,532.40741733,535.92240088,54474.0
2016-04-12 09:15:00,NSE:IGARASHI,538.32505068,540.99465168,507.26867458,511.27307608,121019.0
2016-04-13 09:15:00,NSE:IGARASHI,511.89599187,527.69113113,511.89599187,515.81142447,56835.0
2016-04-18 09:15:00,NSE:IGARASHI,519.94927933,536.14486763,508.15854158,524.04269423,62902.0
2016-04-20 09:15:00,NSE:IGARASHI,527.69113113,535.69993413,518.83694558,525.24399688,31248.0
2016-04-21 09:15:00,NSE:IGARASHI,530.53871443,549.84883723,527.33516653,532.49643073,114429.0
2016-04-22 09:15:00,NSE:IGARASHI,534.81006713,541.03913613,525.24399688,529.87131418,21431.0
2016-04-25 09:15:00,NSE:IGARASHI,528.35853138,544.06470173,527.24619763,532.36293288,84743.0
2016-04-26 09:15:00,NSE:IGARASHI,529.47086513,544.50963523,526.80126413,532.71889748,49562.0
2016-04-27 09:15:00,NSE:IGARASHI,531.47306588,544.46510629,531.47306588,537.61316598,23636.0
2016-04-28 09:15:00,NSE:IGARASHI,542.81887013,553.85323873,539.34837103,542.28496773,93955.0
2016-04-29 09:15:00,NSE:IGARASHI,542.81887013,549.04793913,529.51534958,544.33165293,34873.0
2016-05-02 09:15:00,NSE:IGARASHI,543.70873713,543.70873713,535.96688533,541.92900313,20173.0
2016-05-03 09:15:00,NSE:IGARASHI,546.37833813,549.71533938,541.92900313,546.46730704,17459.0
2016-05-04 09:15:00,NSE:IGARASHI,550.82767313,551.71754013,540.68317153,545.71093788,26090.0
2016-05-05 09:15:00,NSE:IGARASHI,546.82327163,589.98182114,545.13250654,579.61485279,434325.0
2016-05-06 09:15:00,NSE:IGARASHI,582.86288514,589.98182114,571.47259644,579.83731954,123625.0
2016-05-09 09:15:00,NSE:IGARASHI,579.88184849,601.55009215,568.09111074,582.81840069,93199.0
2016-05-10 09:15:00,NSE:IGARASHI,581.92853369,591.58357285,578.76951474,582.86288514,29948.0
2016-05-11 09:15:00,NSE:IGARASHI,577.52368314,585.97741964,567.82411504,581.61705354,63195.0
2016-05-12 09:15:00,NSE:IGARASHI,579.08095039,595.76595665,575.56596684,581.57256909,36867.0
2016-05-13 09:15:00,NSE:IGARASHI,586.33338424,586.68930434,575.92193144,576.81179844,19599.0
2016-05-16 09:15:00,NSE:IGARASHI,576.63381614,592.56245324,570.76071174,575.69946469,53811.0
2016-05-17 09:15:00,NSE:IGARASHI,581.97301814,587.75715364,573.74174839,580.41575089,29106.0
2016-05-18 09:15:00,NSE:IGARASHI,582.01750259,596.12192124,567.77963059,572.18448114,107033.0
2016-05-19 09:15:00,NSE:IGARASHI,572.18448114,581.48360019,551.76202459,558.56952493,41334.0
2016-05-20 09:15:00,NSE:IGARASHI,565.06554514,577.52368314,557.05674214,560.74970798,77801.0
2016-05-23 09:15:00,NSE:IGARASHI,565.64397649,565.86644324,544.19815508,547.26820513,18100.0
2016-05-24 09:15:00,NSE:IGARASHI,546.02237354,552.60740713,524.30964543,526.48982848,51504.0
2016-05-25 09:15:00,NSE:IGARASHI,531.87351493,542.81887013,527.91359788,532.18495058,29200.0
2016-05-26 09:15:00,NSE:IGARASHI,534.00916903,544.19815508,517.01272713,536.72329898,31549.0
2016-05-27 09:15:00,NSE:IGARASHI,537.47966813,560.61621014,536.58980113,556.65629309,34760.0
2016-05-30 09:15:00,NSE:IGARASHI,560.61621014,570.40474714,550.33825518,554.69857679,45941.0
2016-05-31 09:15:00,NSE:IGARASHI,558.65849384,560.61621014,545.66645343,549.22592143,17558.0
2016-06-01 09:15:00,NSE:IGARASHI,550.38273963,564.88756284,545.97788908,556.21135959,36163.0
2016-06-02 09:15:00,NSE:IGARASHI,549.93780613,566.66729684,549.93780613,563.90872694,19598.0
2016-06-03 09:15:00,NSE:IGARASHI,565.06554514,579.30341714,561.72854389,569.73734689,34418.0
2016-06-06 09:15:00,NSE:IGARASHI,571.29461414,576.63381614,565.15451404,571.25012969,29371.0
2016-06-07 09:15:00,NSE:IGARASHI,569.55936459,584.64261914,565.33249634,569.20344449,60945.0
2016-06-08 09:15:00,NSE:IGARASHI,568.62501314,578.41355014,567.82411504,575.96641589,20598.0
2016-06-09 09:15:00,NSE:IGARASHI,581.08315114,581.08315114,569.55936459,573.51928164,11352.0
2016-06-10 09:15:00,NSE:IGARASHI,573.34129934,582.68490284,570.00429809,574.49811754,18902.0
2016-06-13 09:15:00,NSE:IGARASHI,574.85408214,574.85408214,567.86864399,570.76071174,9985.0
2016-06-14 09:15:00,NSE:IGARASHI,568.40254639,589.80383885,567.73514614,587.66818474,44541.0
2016-06-15 09:15:00,NSE:IGARASHI,588.20208714,589.98182114,575.78843359,579.03646594,16474.0
2016-06-16 09:15:00,NSE:IGARASHI,574.85408214,581.97301814,572.40694789,574.67609984,7210.0
2016-06-17 09:15:00,NSE:IGARASHI,581.30561789,591.53908839,576.90076734,579.39238604,15858.0
2016-06-20 09:15:00,NSE:IGARASHI,574.05318404,587.04526894,574.05318404,577.92413219,16459.0
2016-06-21 09:15:00,NSE:IGARASHI,585.53248614,629.13596915,573.16331704,599.72587369,272898.0
2016-06-22 09:15:00,NSE:IGARASHI,602.43995915,624.68663415,591.76155514,595.3655076,158665.0
2016-06-23 09:15:00,NSE:IGARASHI,595.3655076,612.94038085,591.76155514,594.6536229,33910.0
2016-06-24 09:15:00,NSE:IGARASHI,571.29461414,582.86288514,541.12810503,572.85188139,88009.0
2016-06-27 09:15:00,NSE:IGARASHI,584.73158805,587.31222014,574.05318404,577.07874964,17461.0
2016-06-28 09:15:00,NSE:IGARASHI,584.73158805,595.76595665,570.40474714,572.49591679,63321.0
2016-06-29 09:15:00,NSE:IGARASHI,581.97301814,593.89725374,574.05318404,588.24657159,50023.0
2016-06-30 09:15:00,NSE:IGARASHI,589.53688764,600.4377584,573.16331704,592.33998649,22519.0
2016-07-01 09:15:00,NSE:IGARASHI,591.8060396,613.74127895,591.8060396,598.61353994,54625.0
2016-07-04 09:15:00,NSE:IGARASHI,603.95274195,610.44876215,600.92717635,608.49104585,23149.0
2016-07-05 09:15:00,NSE:IGARASHI,612.22849615,613.74127895,605.10956015,608.66902815,20949.0
2016-07-07 09:15:00,NSE:IGARASHI,608.66902815,627.17825285,602.43995915,611.33862915,69504.0
2016-07-08 09:15:00,NSE:IGARASHI,613.91926125,640.70424016,613.91926125,619.7478812,74267.0
2016-07-11 09:15:00,NSE:IGARASHI,619.7478812,636.07692286,618.45756515,627.9346665,108159.0
2016-07-12 09:15:00,NSE:IGARASHI,614.5866615,625.6209856,602.43995915,609.692393,353701.0
2016-07-13 09:15:00,NSE:IGARASHI,596.12192124,606.35539175,593.27433794,602.3954747,432310.0
2016-07-14 09:15:00,NSE:IGARASHI,590.4712391,601.46112324,589.09195414,597.5901751,239289.0
2016-07-15 09:15:00,NSE:IGARASHI,596.38887244,600.57125624,590.87168814,592.33998649,88758.0
2016-07-18 09:15:00,NSE:IGARASHI,593.54128914,599.9928249,583.75275214,591.98402189,94172.0
2016-07-19 09:15:00,NSE:IGARASHI,594.43115615,595.14304085,587.40118905,591.40559055,41430.0
2016-07-20 09:15:00,NSE:IGARASHI,594.6536229,599.77035815,589.31442089,592.74039105,78678.0
2016-07-21 09:15:00,NSE:IGARASHI,597.01178824,597.94613969,590.60473694,592.5179243,54344.0
2016-07-22 09:15:00,NSE:IGARASHI,594.38667169,600.57125624,590.24877235,592.87388889,32862.0
2016-07-25 09:15:00,NSE:IGARASHI,594.38667169,600.21529165,590.42675464,592.65142214,31614.0
2016-07-26 09:15:00,NSE:IGARASHI,591.85052405,597.81264185,590.87168814,592.65142214,59357.0
2016-07-27 09:15:00,NSE:IGARASHI,589.09195414,600.4377584,589.09195414,598.7469933,33915.0
2016-07-28 09:15:00,NSE:IGARASHI,599.77035815,600.12632274,591.09415489,592.60693769,21758.0
2016-07-29 09:15:00,NSE:IGARASHI,592.65142214,609.46992625,592.65142214,600.39327395,31581.0
2016-08-01 09:15:00,NSE:IGARASHI,605.99942715,621.03819725,596.65582365,601.8615278,98425.0
2016-08-02 09:15:00,NSE:IGARASHI,604.84260895,613.11836315,593.18532455,596.65582365,45724.0
2016-08-03 09:15:00,NSE:IGARASHI,596.2553746,607.77916115,591.31662164,591.89505299,69559.0
2016-08-04 09:15:00,NSE:IGARASHI,597.36770835,609.02499275,584.73158805,593.80824035,176626.0
2016-08-05 09:15:00,NSE:IGARASHI,598.83600669,607.33422765,593.80824035,600.83820745,35894.0
2016-08-08 09:15:00,NSE:IGARASHI,603.7302752,611.33862915,598.88049115,607.60117885,101270.0
2016-08-09 09:15:00,NSE:IGARASHI,606.4888451,647.82317616,606.4888451,631.62758786,263757.0
2016-08-10 09:15:00,NSE:IGARASHI,631.80557015,640.57074231,610.53773105,614.9425816,74566.0
2016-08-11 09:15:00,NSE:IGARASHI,613.9637457,630.82673425,612.22849615,615.1205639,58467.0
2016-08-12 09:15:00,NSE:IGARASHI,614.27518135,627.08928395,614.00823015,616.9002979,25085.0
2016-08-16 09:15:00,NSE:IGARASHI,622.28398435,636.25490516,610.27077985,629.84785385,49265.0
2016-08-17 09:15:00,NSE:IGARASHI,634.29718886,635.18705586,621.260664,623.35183365,36615.0
2016-08-18 09:15:00,NSE:IGARASHI,629.66987156,633.89673981,618.45756515,619.88133455,27207.0
2016-08-19 09:15:00,NSE:IGARASHI,621.8835353,632.69543715,609.82584635,617.9681472,59048.0
2016-08-22 09:15:00,NSE:IGARASHI,614.89809715,625.57650115,614.89809715,620.05931685,28080.0
2016-08-23 09:15:00,NSE:IGARASHI,620.23729915,622.90690015,614.89809715,615.69899525,23098.0
2016-08-24 09:15:00,NSE:IGARASHI,627.35623515,627.35623515,615.4765285,617.74568045,17177.0
2016-08-25 09:15:00,NSE:IGARASHI,615.78796415,622.37299775,615.4765285,619.34743215,16747.0
2016-08-26 09:15:00,NSE:IGARASHI,617.47872925,622.90690015,614.00823015,616.23289765,32126.0
2016-08-29 09:15:00,NSE:IGARASHI,610.44876215,622.01703315,609.6033796,615.031595,29320.0
2016-08-30 09:15:00,NSE:IGARASHI,615.7434797,621.4386018,613.1628476,617.65666705,34641.0
2016-08-31 09:15:00,NSE:IGARASHI,615.921462,640.6597557,610.89369565,634.78660681,69046.0
2016-09-01 09:15:00,NSE:IGARASHI,639.7698887,666.91083221,635.58750491,651.29367526,164166.0
2016-09-02 09:15:00,NSE:IGARASHI,651.42712861,657.03328181,644.79761056,649.51394126,27515.0
2016-09-06 09:15:00,NSE:IGARASHI,650.49277716,654.05224516,642.57294306,645.90994431,16179.0
2016-09-07 09:15:00,NSE:IGARASHI,646.08792661,660.28131416,646.08792661,650.89322621,34211.0
2016-09-08 09:15:00,NSE:IGARASHI,646.93330916,654.98659661,636.8333365,647.42272711,31933.0
2016-09-09 09:15:00,NSE:IGARASHI,653.91874731,658.50158016,640.79320906,642.97339211,11543.0
2016-09-12 09:15:00,NSE:IGARASHI,636.47737191,638.70203941,623.8412516,627.0447995,18024.0
2016-09-14 09:15:00,NSE:IGARASHI,626.46636815,639.81437316,623.8412516,627.26726625,18430.0
2016-09-15 09:15:00,NSE:IGARASHI,627.26726625,667.17778341,627.26726625,649.15797666,54832.0
2016-09-16 09:15:00,NSE:IGARASHI,654.05224516,665.53154726,636.34387406,643.55182346,38484.0
2016-09-19 09:15:00,NSE:IGARASHI,641.95007175,676.07645341,641.95007175,667.53374801,108809.0
2016-09-20 09:15:00,NSE:IGARASHI,668.29011716,675.40905316,652.27251116,654.85314326,30132.0
2016-09-21 09:15:00,NSE:IGARASHI,654.05224516,671.40465166,649.55842571,653.07340926,29643.0
2016-09-22 09:15:00,NSE:IGARASHI,652.36148006,662.95091516,648.93550991,650.18134151,19944.0
2016-09-23 09:15:00,NSE:IGARASHI,650.49277716,666.51038316,650.49277716,654.49717866,27184.0
2016-09-26 09:15:00,NSE:IGARASHI,661.48261681,684.97512342,655.83197916,665.84298291,114478.0
2016-09-27 09:15:00,NSE:IGARASHI,671.76061626,698.10066167,666.24343196,680.83722407,252747.0
2016-09-28 09:15:00,NSE:IGARASHI,684.26323872,703.61784597,684.26323872,696.18742982,182146.0
2016-09-29 09:15:00,NSE:IGARASHI,701.83811197,713.67333417,614.00823015,657.47821531,166039.0
2016-09-30 09:15:00,NSE:IGARASHI,655.83197916,682.30552242,654.05224516,677.36676946,43584.0
2016-10-03 09:15:00,NSE:IGARASHI,681.41565542,709.66893267,678.07865417,699.74689782,77509.0
2016-10-04 09:15:00,NSE:IGARASHI,694.14074462,724.08478698,689.64692517,713.89580092,158324.0
2016-10-05 09:15:00,NSE:IGARASHI,715.45306817,719.81343427,698.54559517,702.37201437,36318.0
2016-10-06 09:15:00,NSE:IGARASHI,702.99493017,715.45306817,692.76145967,700.05837797,22098.0
2016-10-07 09:15:00,NSE:IGARASHI,702.99493017,707.44426517,690.18082757,693.25087762,20104.0
2016-10-10 09:15:00,NSE:IGARASHI,700.28084472,700.32532917,688.97952492,691.07069457,25474.0
2016-10-13 09:15:00,NSE:IGARASHI,687.86719117,695.34209177,677.18878717,678.34560537,21812.0
2016-10-14 09:15:00,NSE:IGARASHI,678.96852117,685.15310572,676.29892017,680.83722407,17701.0
2016-10-17 09:15:00,NSE:IGARASHI,681.14870421,691.20419242,668.51258391,672.02756746,20923.0
2016-10-18 09:15:00,NSE:IGARASHI,674.51918616,683.23987387,671.93855407,675.36456871,11961.0
2016-10-19 09:15:00,NSE:IGARASHI,682.12754012,742.94997628,678.39008982,733.02794143,187103.0
2016-10-20 09:15:00,NSE:IGARASHI,735.92000918,737.69974318,710.11386617,722.34953743,61748.0
2016-10-21 09:15:00,NSE:IGARASHI,721.68213718,747.22132898,719.50195413,729.86892248,108013.0
2016-10-24 09:15:00,NSE:IGARASHI,732.36054118,735.03014218,715.98697058,720.52531897,22611.0
2016-10-25 09:15:00,NSE:IGARASHI,722.52751972,737.61077428,716.78786867,721.10370583,68615.0
2016-10-26 09:15:00,NSE:IGARASHI,725.24160518,735.92000918,717.23280217,721.50415488,49754.0
2016-10-27 09:15:00,NSE:IGARASHI,720.79227018,728.80107318,710.24736402,725.24160518,41153.0
2016-10-28 09:15:00,NSE:IGARASHI,721.41518597,733.25040818,716.34293517,718.92356727,26843.0
2016-11-01 09:15:00,NSE:IGARASHI,726.13147218,727.02133918,713.00593392,716.20943733,12131.0
2016-11-02 09:15:00,NSE:IGARASHI,710.24736402,710.24736402,690.53679217,699.52443107,40181.0
2016-11-03 09:15:00,NSE:IGARASHI,700.36981362,709.40198147,680.97072192,682.43902026,25928.0
2016-11-04 09:15:00,NSE:IGARASHI,685.77602151,694.09626017,677.32228501,685.19759017,20771.0
2016-11-07 09:15:00,NSE:IGARASHI,697.61124372,703.08389907,683.41785617,693.11742427,18917.0
2016-11-08 09:15:00,NSE:IGARASHI,698.72357747,709.84691497,691.56015702,696.85483007,23056.0
2016-11-09 09:15:00,NSE:IGARASHI,668.33460161,685.19759017,629.75888495,672.87295001,37539.0
2016-11-10 09:15:00,NSE:IGARASHI,686.79934187,699.03501312,671.84958516,678.30112092,16247.0
2016-11-11 09:15:00,NSE:IGARASHI,679.85838817,690.67029002,659.30247826,665.70948507,26038.0
2016-11-15 09:15:00,NSE:IGARASHI,668.91303296,675.09761751,621.12716615,650.09232811,37135.0
2016-11-16 09:15:00,NSE:IGARASHI,651.51614201,674.07425266,639.41392411,668.55706836,19130.0
2016-11-17 09:15:00,NSE:IGARASHI,678.07865417,679.72489032,632.69543715,643.24034331,9593.0
2016-11-18 09:15:00,NSE:IGARASHI,656.72184616,656.72184616,637.23374106,640.74872461,20433.0
2016-11-21 09:15:00,NSE:IGARASHI,637.18925661,649.51394126,581.97301814,599.8148426,53844.0
2016-11-22 09:15:00,NSE:IGARASHI,605.10956015,623.79676715,591.13863935,603.46332399,15541.0
2016-11-23 09:15:00,NSE:IGARASHI,622.72891785,642.83993875,605.243058,639.947871,14586.0
2016-11-24 09:15:00,NSE:IGARASHI,640.70424016,640.70424016,614.36419475,620.1928147,19288.0
2016-11-25 09:15:00,NSE:IGARASHI,634.92010465,645.15357516,613.0738787,628.86901795,16363.0
2016-11-28 09:15:00,NSE:IGARASHI,640.52625786,647.73420726,623.79676715,642.92890766,15993.0
2016-11-29 09:15:00,NSE:IGARASHI,649.60291016,657.38924641,634.83113575,641.41612486,7023.0
2016-11-30 09:15:00,NSE:IGARASHI,636.25490516,654.58614756,634.47517115,650.44829271,5358.0
2016-12-01 09:15:00,NSE:IGARASHI,645.19805961,658.27911341,640.70424016,644.8421395,6004.0
2016-12-02 09:15:00,NSE:IGARASHI,636.61086975,652.27251116,632.78440606,640.52625786,6320.0
2016-12-05 09:15:00,NSE:IGARASHI,637.14477216,650.49277716,631.98355245,641.14917366,5894.0
2016-12-06 09:15:00,NSE:IGARASHI,636.25490516,654.00776071,636.25490516,650.04784366,9531.0
2016-12-07 09:15:00,NSE:IGARASHI,658.36808231,658.36808231,637.58970566,640.34827556,1860.0
2016-12-08 09:15:00,NSE:IGARASHI,640.70424016,650.44829271,631.89453906,638.47957266,6217.0
2016-12-09 09:15:00,NSE:IGARASHI,646.88882471,652.27251116,638.47957266,640.08132436,2885.0
2016-12-12 09:15:00,NSE:IGARASHI,633.14037065,667.22226786,632.69543715,644.70864166,9211.0
2016-12-13 09:15:00,NSE:IGARASHI,651.38264416,661.17118116,635.0536025,644.57514381,5514.0
2016-12-14 09:15:00,NSE:IGARASHI,640.70424016,657.43373086,616.67783115,621.0826817,10535.0
2016-12-15 09:15:00,NSE:IGARASHI,622.90690015,636.25490516,614.9425816,624.0192339,12764.0
2016-12-16 09:15:00,NSE:IGARASHI,631.80557015,646.93330916,623.79676715,640.48177341,8031.0
2016-12-19 09:15:00,NSE:IGARASHI,646.88882471,662.77293286,640.48177341,655.34256121,16254.0
2016-12-20 09:15:00,NSE:IGARASHI,665.62051616,665.62051616,652.31699561,654.14121406,8219.0
2016-12-21 09:15:00,NSE:IGARASHI,654.09672961,665.39804941,649.73640801,653.60731166,24573.0
2016-12-22 09:15:00,NSE:IGARASHI,645.46501081,662.06104816,638.168137,646.48837566,37588.0
2016-12-23 09:15:00,NSE:IGARASHI,656.72184616,657.52274426,619.88133455,622.5064511,19864.0
2016-12-26 09:15:00,NSE:IGARASHI,627.26726625,627.3117507,594.56465399,604.93157785,21666.0
2016-12-27 09:15:00,NSE:IGARASHI,604.21969315,625.57650115,604.21969315,623.3963181,8876.0
2016-12-28 09:15:00,NSE:IGARASHI,623.3963181,635.36503816,623.3963181,628.95798685,3527.0
2016-12-29 09:15:00,NSE:IGARASHI,624.99806981,635.54302045,624.68663415,626.82233275,2654.0
2016-12-30 09:15:00,NSE:IGARASHI,637.14477216,640.70424016,625.84345235,628.33507106,6449.0
2017-01-02 09:15:00,NSE:IGARASHI,621.1716506,640.6597557,621.1716506,633.2738685,3216.0
2017-01-03 09:15:00,NSE:IGARASHI,640.12580881,649.60291016,638.92450616,644.88662396,8630.0
2017-01-04 09:15:00,NSE:IGARASHI,652.76192911,658.41261126,645.15357516,647.46721156,6936.0
2017-01-05 09:15:00,NSE:IGARASHI,649.55842571,658.27911341,649.55842571,655.65399686,5527.0
2017-01-06 09:15:00,NSE:IGARASHI,655.65399686,661.03768331,646.04344216,646.97779361,4291.0
2017-01-09 09:15:00,NSE:IGARASHI,649.95887476,653.16237816,636.34387406,638.03463916,2139.0
2017-01-10 09:15:00,NSE:IGARASHI,641.63859161,651.29367526,635.0536025,643.28487225,3029.0
2017-01-11 09:15:00,NSE:IGARASHI,643.32935671,647.77869171,634.47517115,640.17033775,8434.0
2017-01-12 09:15:00,NSE:IGARASHI,648.49057641,648.49057641,633.49633525,638.4350882,4923.0
2017-01-13 09:15:00,NSE:IGARASHI,638.96899061,644.21922371,635.36503816,636.69983866,1510.0
2017-01-16 09:15:00,NSE:IGARASHI,632.78440606,644.08572586,630.96018761,640.34827556,2448.0
2017-01-17 09:15:00,NSE:IGARASHI,644.88662396,652.18354226,641.59410716,650.09232811,5498.0
2017-01-18 09:15:00,NSE:IGARASHI,652.09452886,652.09452886,642.08352511,646.31039336,8840.0
2017-01-19 09:15:00,NSE:IGARASHI,645.15357516,652.05004441,640.74872461,643.10688996,8720.0
2017-01-20 09:15:00,NSE:IGARASHI,645.15357516,648.84654101,639.81437316,640.61527125,1568.0
2017-01-23 09:15:00,NSE:IGARASHI,643.90774356,646.75532686,630.91570315,633.718802,3002.0
2017-01-24 09:15:00,NSE:IGARASHI,634.03023765,639.81437316,630.02583615,631.7610857,3621.0
2017-01-25 09:15:00,NSE:IGARASHI,636.25490516,638.65755495,631.80557015,634.8756202,4618.0
2017-01-27 09:15:00,NSE:IGARASHI,646.04344216,662.06104816,641.59410716,644.30819261,19838.0
2017-01-30 09:15:00,NSE:IGARASHI,637.23374106,657.16677966,637.23374106,643.10688996,7985.0
2017-01-31 09:15:00,NSE:IGARASHI,653.16237816,656.63287726,612.22849615,649.02447881,35464.0
2017-02-01 09:15:00,NSE:IGARASHI,654.85314326,689.37997397,625.75448345,661.34916346,56565.0
2017-02-02 09:15:00,NSE:IGARASHI,659.39144716,693.82930897,641.81657391,682.26103797,38563.0
2017-02-03 09:15:00,NSE:IGARASHI,692.31652617,692.31652617,677.09981826,680.83722407,8673.0
2017-02-06 09:15:00,NSE:IGARASHI,686.97732417,710.91476427,683.41785617,692.18302832,34053.0
2017-02-07 09:15:00,NSE:IGARASHI,692.22755727,702.72797897,655.12009446,684.93063897,32386.0
2017-02-08 09:15:00,NSE:IGARASHI,684.93063897,702.06057872,663.17338191,681.81610447,32626.0
2017-02-09 09:15:00,NSE:IGARASHI,692.31652617,702.90596127,669.17998416,675.67600437,35669.0
2017-02-10 09:15:00,NSE:IGARASHI,682.48350472,688.57907587,674.60815507,680.30332167,10210.0
2017-02-13 09:15:00,NSE:IGARASHI,685.68700812,690.40329432,678.34560537,683.19538942,7811.0
2017-02-14 09:15:00,NSE:IGARASHI,689.55795627,689.55795627,678.07865417,680.48130396,7051.0
2017-02-15 09:15:00,NSE:IGARASHI,677.32228501,685.06409232,667.40025016,670.87074926,4623.0
2017-02-16 09:15:00,NSE:IGARASHI,669.40245091,680.74825517,667.40025016,672.51698541,7440.0
2017-02-17 09:15:00,NSE:IGARASHI,688.17862682,688.17862682,663.88526661,678.87955226,13648.0
2017-02-20 09:15:00,NSE:IGARASHI,678.25663646,679.68040587,669.22446861,672.42801651,4345.0
2017-02-21 09:15:00,NSE:IGARASHI,685.15310572,688.75705817,670.20334901,675.18658641,2997.0
2017-02-22 09:15:00,NSE:IGARASHI,678.92403671,682.52798917,667.40025016,672.02756746,4264.0
2017-02-23 09:15:00,NSE:IGARASHI,684.21875426,684.21875426,654.27471191,677.63372067,25354.0
2017-02-27 09:15:00,NSE:IGARASHI,680.48130396,685.15310572,671.89406962,675.98748451,10894.0
2017-02-28 09:15:00,NSE:IGARASHI,679.45793912,690.53679217,674.51918616,685.15310572,25077.0
2017-03-01 09:15:00,NSE:IGARASHI,686.93283972,716.34293517,686.93283972,701.03721387,41790.0
2017-03-02 09:15:00,NSE:IGARASHI,718.12266918,718.12266918,697.70021262,709.35749702,26436.0
2017-03-03 09:15:00,NSE:IGARASHI,701.92708087,710.95924872,677.63372067,693.16190872,22988.0
2017-03-06 09:15:00,NSE:IGARASHI,704.77466417,711.89360017,694.22975802,698.50111072,7987.0
2017-03-07 09:15:00,NSE:IGARASHI,698.54559517,702.99493017,685.55355476,690.09185867,8309.0
2017-03-08 09:15:00,NSE:IGARASHI,690.09185867,694.18522907,674.87515076,676.92183596,7144.0
2017-03-09 09:15:00,NSE:IGARASHI,677.18878717,697.56675927,674.11873712,692.45002402,10003.0
2017-03-10 09:15:00,NSE:IGARASHI,692.76145967,692.76145967,677.18878717,685.42005692,7258.0
2017-03-14 09:15:00,NSE:IGARASHI,698.54559517,709.22399917,683.99628751,704.01829502,11593.0
2017-03-15 09:15:00,NSE:IGARASHI,700.54779592,733.87332398,671.84958516,715.67553492,125910.0
2017-03-16 09:15:00,NSE:IGARASHI,722.52751972,728.80107318,719.67993643,721.50415488,19629.0
2017-03-17 09:15:00,NSE:IGARASHI,717.58876677,729.69094018,695.29756282,706.86583383,39798.0
2017-03-20 09:15:00,NSE:IGARASHI,720.21383883,729.69094018,699.65792892,723.32837333,17248.0
2017-03-21 09:15:00,NSE:IGARASHI,713.27288513,730.58080718,689.86939192,698.94604422,23521.0
2017-03-22 09:15:00,NSE:IGARASHI,699.43546217,729.69094018,694.09626017,719.94688763,19051.0
2017-03-23 09:15:00,NSE:IGARASHI,719.90240318,730.93677178,717.23280217,722.92796877,13200.0
2017-03-24 09:15:00,NSE:IGARASHI,725.24160518,733.91780843,725.24160518,727.42178823,18729.0
2017-03-27 09:15:00,NSE:IGARASHI,714.11826767,730.98125623,699.43546217,725.46407193,60534.0
2017-03-28 09:15:00,NSE:IGARASHI,725.24160518,729.42398898,697.65572817,711.27068437,56665.0
2017-03-29 09:15:00,NSE:IGARASHI,714.11826767,719.94688763,704.77466417,716.25396627,11174.0
2017-03-30 09:15:00,NSE:IGARASHI,722.83895538,724.26276927,709.22399917,713.31736958,15807.0
2017-03-31 09:15:00,NSE:IGARASHI,715.00813467,723.41738673,707.44426517,717.18831772,10289.0
2017-04-03 09:15:00,NSE:IGARASHI,713.58436527,729.69094018,713.58436527,717.36630002,12071.0
2017-04-05 09:15:00,NSE:IGARASHI,727.91120618,734.14027518,707.44426517,724.66317383,16512.0
2017-04-06 09:15:00,NSE:IGARASHI,725.33057408,726.13147218,707.39978072,711.35969777,16566.0
2017-04-07 09:15:00,NSE:IGARASHI,711.00373317,716.38741963,703.88479717,705.30856657,13194.0
2017-04-10 09:15:00,NSE:IGARASHI,714.56320117,724.17375588,707.48874962,709.40198147,8791.0
2017-04-11 09:15:00,NSE:IGARASHI,718.07818472,718.07818472,698.81254637,701.12622727,12980.0
2017-04-12 09:15:00,NSE:IGARASHI,720.61428788,720.61428788,694.09626017,700.72577822,12786.0
2017-04-13 09:15:00,NSE:IGARASHI,698.01169277,714.56320117,691.56015702,695.56455852,10624.0
2017-04-17 09:15:00,NSE:IGARASHI,710.95924872,710.95924872,689.86939192,692.36101062,11984.0
2017-04-18 09:15:00,NSE:IGARASHI,689.91387637,695.87599417,686.08745717,688.80154262,14402.0
2017-04-19 09:15:00,NSE:IGARASHI,689.64692517,700.94824497,681.90507337,684.75265667,17372.0
2017-04-20 09:15:00,NSE:IGARASHI,690.53679217,708.91256352,686.79934187,696.89935902,180138.0
2017-04-21 09:15:00,NSE:IGARASHI,697.65572817,704.95264647,696.32092767,702.19403207,22771.0
2017-04-24 09:15:00,NSE:IGARASHI,704.77466417,711.40418222,694.71917597,704.10726392,13340.0
2017-04-25 09:15:00,NSE:IGARASHI,702.99493017,711.89360017,698.54559517,710.73678197,10085.0
2017-04-26 09:15:00,NSE:IGARASHI,711.18171547,716.07598397,703.88479717,708.33413217,23173.0
2017-04-27 09:15:00,NSE:IGARASHI,709.22399917,724.21824033,707.44426517,709.17951472,8534.0
2017-04-28 09:15:00,NSE:IGARASHI,702.54999667,724.35173818,702.10506317,721.37070152,13905.0
2017-05-02 09:15:00,NSE:IGARASHI,724.30725373,755.05214968,722.61648863,745.17464378,64152.0
2017-05-03 09:15:00,NSE:IGARASHI,744.41823013,778.63362519,734.14027518,763.46140173,74581.0
2017-05-04 09:15:00,NSE:IGARASHI,765.33010464,839.67848361,756.92085259,802.7490031,201352.0
2017-05-05 09:15:00,NSE:IGARASHI,807.1093692,816.7199239,790.55786079,793.89486204,31523.0
2017-05-08 09:15:00,NSE:IGARASHI,793.58338189,810.4908549,775.96402419,783.66139154,35027.0
2017-05-09 09:15:00,NSE:IGARASHI,777.65478929,790.20189619,774.18429019,777.38779359,15166.0
2017-05-10 09:15:00,NSE:IGARASHI,778.63362519,831.758694,774.22877464,816.8979062,63670.0
2017-05-11 09:15:00,NSE:IGARASHI,819.5675072,824.4617757,789.00059354,796.87589869,38588.0
2017-05-12 09:15:00,NSE:IGARASHI,787.75476194,793.71687974,763.50588619,766.30898503,53429.0
2017-05-15 09:15:00,NSE:IGARASHI,769.73495519,774.18429019,762.66050364,764.79620224,15610.0
2017-05-16 09:15:00,NSE:IGARASHI,767.95522119,771.64818704,758.38915094,760.65830289,28272.0
2017-05-17 09:15:00,NSE:IGARASHI,761.68166773,777.74375819,759.05655119,763.10543714,26525.0
2017-05-18 09:15:00,NSE:IGARASHI,758.38915094,773.78384114,757.49928393,758.56713323,11112.0
2017-05-19 09:15:00,NSE:IGARASHI,758.38915094,812.4485712,738.81207693,776.63142444,169087.0
2017-05-22 09:15:00,NSE:IGARASHI,783.88385829,799.10056619,766.39795394,768.93405709,43566.0
2017-05-23 09:15:00,NSE:IGARASHI,774.18429019,776.14200649,731.47067418,735.65305798,56747.0
2017-05-24 09:15:00,NSE:IGARASHI,738.58961018,751.93761518,725.46407193,729.69094018,16953.0
2017-05-25 09:15:00,NSE:IGARASHI,741.25921118,750.42483238,736.18696038,743.39490978,13609.0
2017-05-26 09:15:00,NSE:IGARASHI,738.58961018,755.49708318,738.58961018,750.42483238,13427.0
2017-05-29 09:15:00,NSE:IGARASHI,760.30238278,768.66710589,735.16364003,738.94557478,13604.0
2017-05-30 09:15:00,NSE:IGARASHI,739.47947718,756.38695018,699.96936457,729.86892248,73846.0
2017-05-31 09:15:00,NSE:IGARASHI,734.14027518,765.28562019,729.69094018,760.92525409,27527.0
2017-06-01 09:15:00,NSE:IGARASHI,760.83628519,779.47900774,760.34686723,774.31778804,19175.0
2017-06-02 09:15:00,NSE:IGARASHI,780.36887474,797.89926354,774.18429019,791.93714574,38279.0
2017-06-05 09:15:00,NSE:IGARASHI,799.90146429,799.90146429,777.07635794,786.95386384,27223.0
2017-06-06 09:15:00,NSE:IGARASHI,786.95386384,791.58118114,774.22877464,782.05959534,12535.0
2017-06-07 09:15:00,NSE:IGARASHI,782.14860874,809.69000129,780.41335919,802.39308299,51100.0
2017-06-08 09:15:00,NSE:IGARASHI,807.1093692,816.8979062,783.97282719,806.35300004,88833.0
2017-06-09 09:15:00,NSE:IGARASHI,807.1093692,811.5587042,786.33099254,810.00143695,26729.0
2017-06-12 09:15:00,NSE:IGARASHI,801.23626479,818.5886713,801.23626479,816.14153705,71290.0
2017-06-13 09:15:00,NSE:IGARASHI,822.2371082,832.0256452,816.49745715,828.6441595,28929.0
2017-06-14 09:15:00,NSE:IGARASHI,832.0256452,885.41766522,827.5763102,881.59124601,245390.0
2017-06-15 09:15:00,NSE:IGARASHI,888.08726622,946.81848823,846.30800166,936.49603103,259348.0
2017-06-16 09:15:00,NSE:IGARASHI,945.12774093,1000.83341514,934.49383028,975.16075219,262703.0
2017-06-19 09:15:00,NSE:IGARASHI,977.07396624,981.96823474,925.46168023,932.22466943,92792.0
2017-06-20 09:15:00,NSE:IGARASHI,924.57181323,956.51803853,916.56301022,935.16123053,41500.0
2017-06-21 09:15:00,NSE:IGARASHI,925.46168023,941.79073968,882.74806422,911.04583482,150013.0
2017-06-22 09:15:00,NSE:IGARASHI,918.34274422,942.99206013,898.76567022,904.37183232,50599.0
2017-06-23 09:15:00,NSE:IGARASHI,904.99473922,912.42512867,880.96833021,891.15730737,27258.0
2017-06-27 09:15:00,NSE:IGARASHI,891.15730737,891.15730737,867.84279196,875.27316362,18866.0
2017-06-28 09:15:00,NSE:IGARASHI,869.44454366,872.06966021,845.59611696,858.49918846,69088.0
2017-06-29 09:15:00,NSE:IGARASHI,868.68817451,888.08726622,861.48022511,877.00841317,33396.0
2017-06-30 09:15:00,NSE:IGARASHI,879.18859621,886.26304776,865.75162231,879.23308067,18943.0
2017-07-03 09:15:00,NSE:IGARASHI,879.23308067,887.68681717,864.06085721,868.02077426,16759.0
2017-07-04 09:15:00,NSE:IGARASHI,869.44454366,934.22687018,866.41902256,920.78987847,95782.0
2017-07-05 09:15:00,NSE:IGARASHI,921.01234522,934.36035023,913.09252892,922.21366568,33010.0
2017-07-06 09:15:00,NSE:IGARASHI,921.14582527,947.70835523,921.14582527,939.29911208,39184.0
2017-07-07 09:15:00,NSE:IGARASHI,940.63391258,947.70835523,896.18505592,902.85905842,30300.0
2017-07-10 09:15:00,NSE:IGARASHI,899.65553722,920.12247822,892.53660122,907.57535352,5477.0
2017-07-11 09:15:00,NSE:IGARASHI,911.98019517,911.98019517,877.80931126,886.30753222,37106.0
2017-07-12 09:15:00,NSE:IGARASHI,887.24188367,920.87886517,886.52999897,909.48856757,26353.0
2017-07-13 09:15:00,NSE:IGARASHI,915.67314322,928.13128123,904.99473922,917.40838387,28527.0
2017-07-14 09:15:00,NSE:IGARASHI,916.47402352,925.46168023,904.77227247,917.23041047,13573.0
2017-07-17 09:15:00,NSE:IGARASHI,903.39297862,926.26256053,884.43882931,895.56214902,26173.0
2017-07-18 09:15:00,NSE:IGARASHI,896.85245617,918.34274422,891.60224087,910.73438137,13878.0
2017-07-19 09:15:00,NSE:IGARASHI,908.99914072,915.22820972,896.71897612,905.48416607,9965.0
2017-07-20 09:15:00,NSE:IGARASHI,905.39517937,917.36389052,900.54540422,913.62644912,7152.0
2017-07-21 09:15:00,NSE:IGARASHI,916.38503682,925.46168023,902.85905842,911.49076832,10728.0
2017-07-24 09:15:00,NSE:IGARASHI,911.22380822,938.80968523,899.47756382,916.29605012,17145.0
2017-07-25 09:15:00,NSE:IGARASHI,919.67754472,922.39163908,900.54540422,904.32733897,10279.0
2017-07-26 09:15:00,NSE:IGARASHI,918.78767772,918.78767772,898.85465692,903.52645867,7134.0
2017-07-27 09:15:00,NSE:IGARASHI,899.70003057,910.33394122,864.06085721,874.07186096,60316.0
2017-07-28 09:15:00,NSE:IGARASHI,872.51459371,907.66434022,869.26656136,903.21500522,19473.0
2017-07-31 09:15:00,NSE:IGARASHI,898.76567022,912.11367522,898.27624337,900.67888427,7553.0
2017-08-01 09:15:00,NSE:IGARASHI,901.43527122,912.11367522,875.36217701,883.63793122,88310.0
2017-08-02 09:15:00,NSE:IGARASHI,894.31633522,907.66434022,856.14102311,866.55247591,77200.0
2017-08-03 09:15:00,NSE:IGARASHI,869.26656136,880.96833021,859.65600666,863.34897251,11587.0
2017-08-04 09:15:00,NSE:IGARASHI,863.34897251,880.96833021,851.60271921,853.69388886,6427.0
2017-08-07 09:15:00,NSE:IGARASHI,853.69388886,870.73485971,846.30800166,852.40361731,8267.0
2017-08-08 09:15:00,NSE:IGARASHI,863.17099021,996.65104024,856.45250326,911.26830157,238599.0
2017-08-09 09:15:00,NSE:IGARASHI,916.56301022,920.12247822,877.40886221,895.11721552,44150.0
2017-08-10 09:15:00,NSE:IGARASHI,889.77803131,919.01014447,860.01197126,878.69917826,33091.0
2017-08-11 09:15:00,NSE:IGARASHI,855.16218721,906.77447322,850.04545196,883.68241567,24553.0
2017-08-14 09:15:00,NSE:IGARASHI,889.64453347,902.99253847,881.85819722,884.83923387,12779.0
2017-08-16 09:15:00,NSE:IGARASHI,902.59209832,902.59209832,876.65249306,893.20400147,15330.0
2017-08-17 09:15:00,NSE:IGARASHI,889.82251577,934.22687018,888.35421742,896.00708252,27195.0
2017-08-18 09:15:00,NSE:IGARASHI,887.24188367,893.42646822,880.96833021,885.23968292,13875.0
2017-08-21 09:15:00,NSE:IGARASHI,903.21500522,905.88460622,864.14982611,867.53135631,13821.0
2017-08-22 09:15:00,NSE:IGARASHI,867.62032521,884.57228267,867.62032521,875.94056387,6801.0
2017-08-23 09:15:00,NSE:IGARASHI,880.12294767,904.99473922,873.04849612,888.71018202,20346.0
2017-08-24 09:15:00,NSE:IGARASHI,888.79915092,900.45641752,883.50443337,887.33089706,17492.0
2017-08-28 09:15:00,NSE:IGARASHI,881.76922831,900.50091087,878.29872921,889.91149357,9847.0
2017-08-29 09:15:00,NSE:IGARASHI,888.39870187,896.94144287,879.45554742,885.77362981,22228.0
2017-08-30 09:15:00,NSE:IGARASHI,898.76567022,898.76567022,884.92824726,893.02602807,8646.0
2017-08-31 09:15:00,NSE:IGARASHI,884.52779822,903.21500522,883.63793122,889.77803131,5777.0
2017-09-01 09:15:00,NSE:IGARASHI,888.13175067,897.78681652,875.05069687,887.55336381,12695.0
2017-09-04 09:15:00,NSE:IGARASHI,901.07932442,901.07932442,877.14191101,880.34541442,7494.0
2017-09-05 09:15:00,NSE:IGARASHI,880.07846321,892.53660122,880.07846321,886.66349681,4527.0
2017-09-06 09:15:00,NSE:IGARASHI,886.35201667,889.64453347,880.96833021,886.57448342,2931.0
2017-09-07 09:15:00,NSE:IGARASHI,889.86700022,898.76567022,881.41326372,883.01501542,3192.0
2017-09-08 09:15:00,NSE:IGARASHI,884.52779822,889.86700022,876.51899521,879.54456081,4230.0
2017-09-11 09:15:00,NSE:IGARASHI,881.90268167,885.41766522,854.49478696,859.83398896,23863.0
2017-09-12 09:15:00,NSE:IGARASHI,880.79034792,880.79034792,862.37009211,866.33000916,18044.0
2017-09-13 09:15:00,NSE:IGARASHI,867.62032521,879.14411176,854.49478696,858.09873941,8697.0
2017-09-14 09:15:00,NSE:IGARASHI,861.39125621,867.57584076,845.90755261,850.97980341,28770.0
2017-09-15 09:15:00,NSE:IGARASHI,848.04325121,873.89387866,838.2547142,871.09082431,36651.0
2017-09-18 09:15:00,NSE:IGARASHI,880.70137901,880.70137901,856.05205421,858.67717076,17874.0
2017-09-19 09:15:00,NSE:IGARASHI,856.05205421,866.46350701,856.05205421,861.16878946,4390.0
2017-09-20 09:15:00,NSE:IGARASHI,858.72165521,865.84059121,845.64060141,849.11110051,9877.0
2017-09-21 09:15:00,NSE:IGARASHI,863.08202131,863.08202131,836.69744695,838.29919866,9405.0
2017-09-22 09:15:00,NSE:IGARASHI,840.0344482,849.82298521,828.5551461,840.70184846,10388.0
2017-09-25 09:15:00,NSE:IGARASHI,832.0256452,840.0344482,802.7490031,816.49745715,21465.0
2017-09-26 09:15:00,NSE:IGARASHI,810.6688372,824.32827785,765.06315344,809.20053885,92428.0
2017-09-27 09:15:00,NSE:IGARASHI,817.6097909,818.6776402,790.20189619,797.81025015,9145.0
2017-09-28 09:15:00,NSE:IGARASHI,809.6009879,809.6009879,784.86269419,800.92478465,62470.0
2017-09-29 09:15:00,NSE:IGARASHI,808.7111209,822.6820417,787.44332629,800.8803002,15987.0
2017-10-03 09:15:00,NSE:IGARASHI,800.8803002,812.4485712,783.97282719,789.00059354,9845.0
2017-10-04 09:15:00,NSE:IGARASHI,787.79924639,805.28515075,774.18429019,778.27766059,27688.0
2017-10-05 09:15:00,NSE:IGARASHI,782.90497789,782.90497789,769.73495519,778.41115844,27785.0
2017-10-06 09:15:00,NSE:IGARASHI,779.70147449,787.53229519,767.15432309,774.80720599,20610.0
2017-10-09 09:15:00,NSE:IGARASHI,774.27325909,858.72165521,774.18429019,794.42876444,60066.0
2017-10-10 09:15:00,NSE:IGARASHI,808.8891032,818.4996579,796.47544965,806.0415199,18900.0
2017-10-11 09:15:00,NSE:IGARASHI,806.3974845,823.1269752,798.25518365,803.9948347,22434.0
2017-10-12 09:15:00,NSE:IGARASHI,817.7877732,825.9745585,807.1093692,820.0124407,15634.0
2017-10-13 09:15:00,NSE:IGARASHI,820.1014096,832.0256452,795.45212929,825.3516427,62806.0
2017-10-16 09:15:00,NSE:IGARASHI,826.5084609,832.0256452,801.7701672,804.21730145,45677.0
2017-10-17 09:15:00,NSE:IGARASHI,804.21730145,811.51421975,789.17853135,795.27414699,13965.0
2017-10-18 09:15:00,NSE:IGARASHI,809.6009879,809.6009879,766.26445609,776.63142444,29860.0
2017-10-19 09:15:00,NSE:IGARASHI,778.72259409,799.8124509,775.07415719,782.59354224,7632.0
2017-10-23 09:15:00,NSE:IGARASHI,791.09176319,791.09176319,778.72259409,784.15080949,8019.0
2017-10-24 09:15:00,NSE:IGARASHI,791.09176319,791.09176319,769.73495519,777.20985579,16419.0
2017-10-25 09:15:00,NSE:IGARASHI,790.91378089,790.91378089,778.63362519,781.57017739,3835.0
2017-10-26 09:15:00,NSE:IGARASHI,784.01731164,789.31202919,768.88957264,781.03627499,10068.0
2017-10-27 09:15:00,NSE:IGARASHI,796.34199629,796.34199629,767.15432309,770.66930664,16513.0
2017-10-30 09:15:00,NSE:IGARASHI,765.37458909,800.8803002,765.28562019,792.9604661,17812.0
2017-10-31 09:15:00,NSE:IGARASHI,792.0705991,818.6776402,790.20189619,810.17941925,18805.0
2017-11-01 09:15:00,NSE:IGARASHI,810.6688372,816.8979062,796.43096519,803.8168524,8070.0
2017-11-02 09:15:00,NSE:IGARASHI,805.3296352,807.9992362,788.42216219,792.29306585,3830.0
2017-11-03 09:15:00,NSE:IGARASHI,792.29306585,801.01379804,780.41335919,800.4353667,27934.0
2017-11-06 09:15:00,NSE:IGARASHI,800.79133129,801.7701672,787.53229519,790.55786079,4626.0
2017-11-07 09:15:00,NSE:IGARASHI,790.60234524,801.23626479,769.82392409,774.85169044,25234.0
2017-11-08 09:15:00,NSE:IGARASHI,774.85169044,786.64242819,769.29002169,776.58693999,8990.0
2017-11-09 09:15:00,NSE:IGARASHI,776.58693999,803.5499012,774.18429019,797.54329894,9871.0
2017-11-10 09:15:00,NSE:IGARASHI,787.53229519,817.7877732,783.21645804,802.6600342,43167.0
2017-11-13 09:15:00,NSE:IGARASHI,792.0705991,792.0705991,768.17768794,771.24773799,33221.0
2017-11-14 09:15:00,NSE:IGARASHI,765.37458909,781.21425729,748.60061393,755.89753223,9553.0
2017-11-15 09:15:00,NSE:IGARASHI,755.89753223,770.62482219,747.48828018,756.65390139,17872.0
2017-11-16 09:15:00,NSE:IGARASHI,764.35126874,789.31202919,737.83324103,777.03187349,49810.0
2017-11-17 09:15:00,NSE:IGARASHI,789.26754474,793.76136419,759.32350239,790.42436294,25789.0
2017-11-20 09:15:00,NSE:IGARASHI,782.99399129,801.01379804,774.62922369,798.4776504,11156.0
2017-11-21 09:15:00,NSE:IGARASHI,792.69351489,800.8803002,784.06179609,798.83361499,21164.0
2017-11-22 09:15:00,NSE:IGARASHI,799.94594874,805.3296352,785.75256119,797.54329894,22240.0
2017-11-23 09:15:00,NSE:IGARASHI,793.58338189,800.7023179,791.71467899,793.58338189,4550.0
2017-11-24 09:15:00,NSE:IGARASHI,790.20189619,800.12393104,790.20189619,793.62786635,3615.0
2017-11-27 09:15:00,NSE:IGARASHI,800.79133129,800.79133129,779.52349219,791.04727874,13423.0
2017-11-28 09:15:00,NSE:IGARASHI,787.53229519,800.79133129,780.27986134,794.60674674,34498.0
2017-11-29 09:15:00,NSE:IGARASHI,799.9904332,803.01599879,780.41335919,796.5199341,13159.0
2017-11-30 09:15:00,NSE:IGARASHI,791.98163019,799.01159729,783.17192909,789.22306029,17296.0
2017-12-01 09:15:00,NSE:IGARASHI,796.43096519,796.47544965,771.51468919,776.31998879,24124.0
2017-12-04 09:15:00,NSE:IGARASHI,791.80364789,791.80364789,743.12791408,750.38034793,19765.0
2017-12-05 09:15:00,NSE:IGARASHI,763.50588619,763.50588619,744.37374568,748.46711609,34543.0
2017-12-06 09:15:00,NSE:IGARASHI,753.71734918,793.76136419,749.93541443,782.72699559,37466.0
2017-12-07 09:15:00,NSE:IGARASHI,796.43096519,799.9904332,774.18429019,775.87505529,13359.0
2017-12-08 09:15:00,NSE:IGARASHI,783.08296019,783.08296019,767.15432309,774.62922369,10037.0
2017-12-11 09:15:00,NSE:IGARASHI,781.30322619,781.30322619,762.88297039,766.57593624,9237.0
2017-12-12 09:15:00,NSE:IGARASHI,765.28562019,782.81600899,760.34686723,775.47460624,79535.0
2017-12-13 09:15:00,NSE:IGARASHI,760.74731628,783.75036044,760.74731628,779.21205654,5342.0
2017-12-14 09:15:00,NSE:IGARASHI,765.37458909,780.41335919,765.28562019,778.72259409,4209.0
2017-12-15 09:15:00,NSE:IGARASHI,790.91378089,794.65123119,771.73715594,778.36667399,3533.0
2017-12-18 09:15:00,NSE:IGARASHI,790.91378089,790.91378089,767.06535419,776.85389119,9769.0
2017-12-19 09:15:00,NSE:IGARASHI,765.41911803,799.8124509,765.41911803,781.65919079,7655.0
2017-12-20 09:15:00,NSE:IGARASHI,775.11864164,796.43096519,768.40015469,777.12084239,4103.0
2017-12-21 09:15:00,NSE:IGARASHI,791.89266129,791.98163019,774.18429019,787.53229519,8381.0
2017-12-22 09:15:00,NSE:IGARASHI,791.98163019,802.6600342,776.18649094,798.7446016,16721.0
2017-12-26 09:15:00,NSE:IGARASHI,800.8803002,805.10716845,790.24638064,796.47544965,7552.0
2017-12-27 09:15:00,NSE:IGARASHI,800.8803002,800.8803002,778.58914074,782.37107549,5580.0
2017-12-28 09:15:00,NSE:IGARASHI,776.00850864,788.15521099,770.17988869,771.60365809,8223.0
2017-12-29 09:15:00,NSE:IGARASHI,775.51909069,812.18162,759.81292034,764.21777089,53779.0
2018-01-01 09:15:00,NSE:IGARASHI,767.37678984,777.74375819,756.38695018,759.63498253,7148.0
2018-01-02 09:15:00,NSE:IGARASHI,766.75391853,767.24333649,746.59841318,751.40371278,18590.0
2018-01-03 09:15:00,NSE:IGARASHI,756.38695018,760.83628519,749.26801418,756.25345234,15830.0
2018-01-04 09:15:00,NSE:IGARASHI,765.28562019,765.28562019,751.93761518,756.29798128,18651.0
2018-01-05 09:15:00,NSE:IGARASHI,762.21557014,762.39355244,747.93321368,753.89533148,19728.0
2018-01-08 09:15:00,NSE:IGARASHI,757.41031503,757.41031503,745.21912823,747.93321368,17690.0
2018-01-09 09:15:00,NSE:IGARASHI,747.75523138,758.16668418,743.03894518,747.22132898,26002.0
2018-01-10 09:15:00,NSE:IGARASHI,747.22132898,755.49708318,742.77199398,743.83984328,35164.0
2018-01-11 09:15:00,NSE:IGARASHI,750.15788118,764.39575319,745.39711053,756.78739923,16377.0
2018-01-12 09:15:00,NSE:IGARASHI,772.40455619,772.40455619,749.53496538,756.96538153,9725.0
2018-01-15 09:15:00,NSE:IGARASHI,759.94641819,765.19665128,753.71734918,757.98870189,6597.0
2018-01-16 09:15:00,NSE:IGARASHI,772.22657389,772.22657389,751.53716613,765.50808694,31457.0
2018-01-17 09:15:00,NSE:IGARASHI,756.43143464,771.51468919,751.04774818,760.48032059,7090.0
2018-01-18 09:15:00,NSE:IGARASHI,771.51468919,771.51468919,743.03894518,746.90984883,14014.0
2018-01-19 09:15:00,NSE:IGARASHI,770.62482219,770.62482219,743.03894518,748.02218259,30979.0
2018-01-22 09:15:00,NSE:IGARASHI,747.48828018,755.23013198,738.72310803,745.66406173,87041.0
2018-01-23 09:15:00,NSE:IGARASHI,745.70854618,778.58914074,745.70854618,759.85744928,11454.0
2018-01-24 09:15:00,NSE:IGARASHI,749.44599648,756.29798128,745.70854618,747.31029788,50362.0
2018-01-25 09:15:00,NSE:IGARASHI,748.51164503,754.60721618,741.83764253,750.20236563,8403.0
2018-01-29 09:15:00,NSE:IGARASHI,753.71734918,769.73495519,746.59841318,765.81952259,15429.0
2018-01-30 09:15:00,NSE:IGARASHI,764.21777089,765.28562019,743.12791408,747.71074693,11473.0
2018-01-31 09:15:00,NSE:IGARASHI,738.58961018,751.93761518,738.58961018,741.61517578,6262.0
2018-02-01 09:15:00,NSE:IGARASHI,738.58961018,744.68518133,737.69974318,738.90104583,61891.0
2018-02-02 09:15:00,NSE:IGARASHI,743.03894518,743.03894518,721.68213718,727.77770833,21052.0
2018-02-05 09:15:00,NSE:IGARASHI,720.97025247,738.58961018,716.34293517,736.36494268,12605.0
2018-02-06 09:15:00,NSE:IGARASHI,710.82575087,716.74338422,600.8826919,703.35089477,91072.0
2018-02-07 09:15:00,NSE:IGARASHI,717.18831772,765.28562019,707.53323408,716.03149952,59985.0
2018-02-08 09:15:00,NSE:IGARASHI,714.56320117,729.42398898,714.16275213,721.94908838,20987.0
2018-02-09 09:15:00,NSE:IGARASHI,713.05041838,725.68653868,703.17291247,723.99577358,18047.0
2018-02-12 09:15:00,NSE:IGARASHI,714.74118347,733.25040818,714.74118347,730.13587368,5055.0
2018-02-14 09:15:00,NSE:IGARASHI,721.68213718,747.22132898,721.68213718,741.65966023,39763.0
2018-02-15 09:15:00,NSE:IGARASHI,741.25921118,746.90984883,721.94908838,730.09138923,8283.0
2018-02-16 09:15:00,NSE:IGARASHI,729.69094018,746.06451078,725.33057408,741.61517578,24956.0
2018-02-19 09:15:00,NSE:IGARASHI,742.06010928,760.83628519,722.21603958,751.98209963,20485.0
2018-02-20 09:15:00,NSE:IGARASHI,760.39135169,760.83628519,739.07902813,746.28697753,5088.0
2018-02-21 09:15:00,NSE:IGARASHI,743.26141193,746.59841318,734.14027518,738.23364558,3278.0
2018-02-22 09:15:00,NSE:IGARASHI,731.02574068,736.80987618,721.81563502,724.88564058,3817.0
2018-02-23 09:15:00,NSE:IGARASHI,735.92000918,737.69974318,728.04470402,735.51956013,9735.0
2018-02-26 09:15:00,NSE:IGARASHI,735.92000918,745.53056388,729.73542463,738.67857908,12861.0
2018-02-27 09:15:00,NSE:IGARASHI,738.67857908,738.67857908,728.80107318,732.76099023,3675.0
2018-02-28 09:15:00,NSE:IGARASHI,729.69094018,738.50064128,723.46187118,728.31165523,3644.0
2018-03-01 09:15:00,NSE:IGARASHI,734.58520868,734.58520868,725.28608963,730.40282488,3563.0
2018-03-05 09:15:00,NSE:IGARASHI,744.95217703,744.95217703,721.77110608,726.35393893,2211.0
2018-03-06 09:15:00,NSE:IGARASHI,725.37510302,731.47067418,725.24160518,728.22264183,8149.0
2018-03-07 09:15:00,NSE:IGARASHI,725.33057408,744.81867918,703.52883257,714.69669902,150216.0
2018-03-08 09:15:00,NSE:IGARASHI,718.87903833,727.82223727,703.88479717,717.54423783,4932.0
2018-03-09 09:15:00,NSE:IGARASHI,720.52531897,725.55304083,707.31076733,715.18611697,46683.0
2018-03-12 09:15:00,NSE:IGARASHI,713.67333417,729.69094018,698.54559517,707.71121637,94250.0
2018-03-13 09:15:00,NSE:IGARASHI,704.24076177,724.08478698,702.99493017,710.38081737,212175.0
2018-03-14 09:15:00,NSE:IGARASHI,718.12266918,718.12266918,708.42310108,709.80243052,16919.0
2018-03-15 09:15:00,NSE:IGARASHI,711.93808463,719.01253618,710.11386617,714.42970333,26656.0
2018-03-16 09:15:00,NSE:IGARASHI,714.87463683,717.41078447,708.33413217,711.53763558,4622.0
2018-03-19 09:15:00,NSE:IGARASHI,713.49535188,718.07818472,708.82355012,711.89360017,282034.0
2018-03-20 09:15:00,NSE:IGARASHI,715.67553492,716.34293517,712.78346717,714.16275213,212676.0
2018-03-21 09:15:00,NSE:IGARASHI,712.87243608,716.34293517,712.33853367,714.78566792,28212.0
2018-03-22 09:15:00,NSE:IGARASHI,716.12046842,718.12266918,712.87243608,715.09710358,5507.0
2018-03-23 09:15:00,NSE:IGARASHI,703.97376607,719.81343427,703.97376607,714.74118347,171505.0
2018-03-26 09:15:00,NSE:IGARASHI,719.01253618,722.70550202,711.89360017,713.76230308,24190.0
2018-03-27 09:15:00,NSE:IGARASHI,715.23060142,724.26276927,711.98256908,720.03590102,46385.0
2018-03-28 09:15:00,NSE:IGARASHI,720.65877233,721.23720368,715.49755263,719.90240318,283395.0
2018-04-02 09:15:00,NSE:IGARASHI,719.90240318,721.68213718,707.44426517,717.63325122,4836.0
2018-04-03 09:15:00,NSE:IGARASHI,710.46983077,719.45746968,710.46983077,714.42970333,7446.0
2018-04-04 09:15:00,NSE:IGARASHI,720.61428788,734.05130628,712.82795163,729.95789138,8057.0
2018-04-05 09:15:00,NSE:IGARASHI,729.95789138,756.29798128,729.95789138,754.42923389,13724.0
2018-04-06 09:15:00,NSE:IGARASHI,762.61601919,762.61601919,743.26141193,745.17464378,1674.0
2018-04-09 09:15:00,NSE:IGARASHI,756.38695018,756.38695018,738.63409463,747.08783113,4994.0
2018-04-10 09:15:00,NSE:IGARASHI,747.53276463,753.00546448,731.64865648,737.16584078,3421.0
2018-04-11 09:15:00,NSE:IGARASHI,743.92881218,747.57724909,730.75878948,745.61957728,1789.0
2018-04-12 09:15:00,NSE:IGARASHI,747.62177803,754.78519848,742.19356263,749.49048093,2295.0
2018-04-13 09:15:00,NSE:IGARASHI,740.36934418,746.55392873,734.14027518,736.45391158,2829.0
2018-04-16 09:15:00,NSE:IGARASHI,734.14027518,736.80987618,726.17595663,729.95789138,2249.0
2018-04-17 09:15:00,NSE:IGARASHI,730.44730933,743.03894518,729.77990908,736.89884508,5948.0
2018-04-18 09:15:00,NSE:IGARASHI,738.58961018,753.09443339,735.51956013,748.64509838,6512.0
2018-04-19 09:15:00,NSE:IGARASHI,749.26801418,755.98650114,737.16584078,742.99446073,2681.0
2018-04-20 09:15:00,NSE:IGARASHI,732.36054118,747.26581343,729.73542463,733.33937708,3004.0
2018-04-23 09:15:00,NSE:IGARASHI,732.40502563,774.05079234,728.00017508,755.27461643,11802.0
2018-04-24 09:15:00,NSE:IGARASHI,757.85524853,772.49352509,755.18564753,764.12880199,6248.0
2018-04-25 09:15:00,NSE:IGARASHI,763.50588619,763.50588619,733.25040818,735.65305798,3483.0
2018-04-26 09:15:00,NSE:IGARASHI,732.36054118,752.20456638,732.36054118,735.92000918,2579.0
2018-04-27 09:15:00,NSE:IGARASHI,741.83764253,768.84508819,734.67417758,757.98870189,6072.0
2018-04-30 09:15:00,NSE:IGARASHI,756.74291478,769.73495519,747.75523138,762.48252134,5350.0
2018-05-02 09:15:00,NSE:IGARASHI,771.51468919,775.07415719,752.02658409,755.09663414,8250.0
2018-05-03 09:15:00,NSE:IGARASHI,751.93761518,752.73851328,743.03894518,743.83984328,1535.0
2018-05-04 09:15:00,NSE:IGARASHI,743.08342963,754.60721618,735.92000918,748.68958284,4609.0
2018-05-07 09:15:00,NSE:IGARASHI,751.93761518,757.00986598,738.58961018,740.85876213,2185.0
2018-05-08 09:15:00,NSE:IGARASHI,738.85656138,745.53056388,734.22924408,739.92441068,3052.0
2018-05-09 09:15:00,NSE:IGARASHI,731.47067418,747.48828018,730.75878948,733.51735938,2767.0
2018-05-10 09:15:00,NSE:IGARASHI,736.23144483,746.37594643,730.66977608,739.21252598,5153.0
2018-05-11 09:15:00,NSE:IGARASHI,734.18475963,765.90853599,734.14027518,753.18344678,13377.0
2018-05-14 09:15:00,NSE:IGARASHI,744.28477678,767.55477214,738.58961018,739.39050828,2102.0
2018-05-15 09:15:00,NSE:IGARASHI,739.70194393,745.26361268,713.67333417,728.17815738,6404.0
2018-05-16 09:15:00,NSE:IGARASHI,731.82663878,735.83104028,720.79227018,722.03810177,2726.0
2018-05-17 09:15:00,NSE:IGARASHI,728.57860643,734.31825748,720.79227018,728.26717078,1958.0
2018-05-18 09:15:00,NSE:IGARASHI,726.35393893,728.80107318,711.98256908,717.09930433,1801.0
2018-05-21 09:15:00,NSE:IGARASHI,702.99493017,720.34733668,694.18522907,704.15174837,3556.0
2018-05-22 09:15:00,NSE:IGARASHI,704.90816202,725.24160518,690.13634312,708.20063433,21674.0
2018-05-23 09:15:00,NSE:IGARASHI,698.54559517,707.44426517,683.41785617,693.65132667,5388.0
2018-05-24 09:15:00,NSE:IGARASHI,692.18302832,742.14907818,662.06104816,715.80903277,30977.0
2018-05-25 09:15:00,NSE:IGARASHI,714.25176552,717.23280217,690.75925892,697.21079467,15973.0
2018-05-28 09:15:00,NSE:IGARASHI,696.76586117,698.54559517,688.75705817,695.34209177,12794.0
2018-05-29 09:15:00,NSE:IGARASHI,694.98612717,702.99493017,686.97732417,695.87599417,12220.0
2018-05-30 09:15:00,NSE:IGARASHI,695.87599417,702.19403207,686.08745717,688.71257372,47214.0
2018-05-31 09:15:00,NSE:IGARASHI,694.22975802,694.22975802,683.41785617,684.53018992,3233.0
2018-06-01 09:15:00,NSE:IGARASHI,683.41785617,698.54559517,676.34340462,697.43326142,10252.0
2018-06-04 09:15:00,NSE:IGARASHI,697.65572817,707.35529627,672.25003421,702.59448112,9946.0
2018-06-05 09:15:00,NSE:IGARASHI,688.93504047,688.93504047,659.65839836,668.95751741,51463.0
2018-06-06 09:15:00,NSE:IGARASHI,669.00200186,676.29892017,654.05224516,661.74961251,12035.0
2018-06-07 09:15:00,NSE:IGARASHI,662.95091516,664.81961806,646.97779361,650.67075946,6460.0
2018-06-08 09:15:00,NSE:IGARASHI,650.71524391,654.05224516,641.14917366,643.72980575,3612.0
2018-06-11 09:15:00,NSE:IGARASHI,640.74872461,649.60291016,625.709999,628.95798685,5669.0
2018-06-12 09:15:00,NSE:IGARASHI,629.40292035,667.22226786,626.33287031,647.15577591,28984.0
2018-06-13 09:15:00,NSE:IGARASHI,646.04344216,663.84078216,632.25050365,651.29367526,22213.0
2018-06-14 09:15:00,NSE:IGARASHI,637.63419011,676.20995126,637.63419011,657.96767776,33369.0
2018-06-15 09:15:00,NSE:IGARASHI,657.61171316,666.55486761,648.71304316,659.48041606,27870.0
2018-06-18 09:15:00,NSE:IGARASHI,657.21126411,659.08001151,643.37384116,645.46501081,2337.0
2018-06-19 09:15:00,NSE:IGARASHI,645.06460625,645.06460625,630.11480506,638.6130705,15476.0
2018-06-20 09:15:00,NSE:IGARASHI,633.05140175,642.1725385,631.80557015,635.0536025,15684.0
2018-06-21 09:15:00,NSE:IGARASHI,633.9857532,639.10248845,625.66547006,630.2483029,38467.0
2018-06-22 09:15:00,NSE:IGARASHI,629.269467,640.25930666,623.88573605,635.3205537,30016.0
2018-06-25 09:15:00,NSE:IGARASHI,634.47517115,637.9901547,614.00823015,619.5698989,4545.0
2018-06-26 09:15:00,NSE:IGARASHI,627.35623515,628.55753781,601.72807445,602.79592374,7839.0
2018-06-27 09:15:00,NSE:IGARASHI,603.32982615,618.4130807,595.32102315,612.40647845,43953.0
2018-06-28 09:15:00,NSE:IGARASHI,609.64786405,609.64786405,600.7047096,603.32982615,60825.0
2018-06-29 09:15:00,NSE:IGARASHI,603.50780845,614.00823015,603.46332399,611.2051313,23896.0
2018-07-02 09:15:00,NSE:IGARASHI,610.00382865,615.78796415,589.98182114,592.20648864,3703.0
2018-07-03 09:15:00,NSE:IGARASHI,593.94173819,627.35623515,592.56245324,618.90249865,15712.0
2018-07-04 09:15:00,NSE:IGARASHI,620.23729915,653.96327626,606.6668274,645.55402421,15433.0
2018-07-05 09:15:00,NSE:IGARASHI,645.15357516,662.77293286,628.24610215,657.61171316,10887.0
2018-07-06 09:15:00,NSE:IGARASHI,656.41041051,682.52798917,650.40380826,676.07645341,8837.0
2018-07-09 09:15:00,NSE:IGARASHI,676.07645341,699.43546217,676.07645341,695.43106067,4456.0
2018-07-10 09:15:00,NSE:IGARASHI,693.33989102,699.88039567,677.23327162,679.94735707,2798.0
2018-07-11 09:15:00,NSE:IGARASHI,681.46013987,703.88479717,675.49802207,685.95395932,2512.0
2018-07-12 09:15:00,NSE:IGARASHI,677.85618742,688.04517347,666.51038316,670.55926911,1117.0
2018-07-13 09:15:00,NSE:IGARASHI,685.19759017,685.19759017,632.4729704,651.38264416,3540.0
2018-07-16 09:15:00,NSE:IGARASHI,647.82317616,656.54386386,632.69543715,634.2527044,1214.0
2018-07-17 09:15:00,NSE:IGARASHI,632.69543715,650.22582596,632.69543715,643.15137441,4593.0
2018-07-18 09:15:00,NSE:IGARASHI,655.96547701,661.17118116,633.62978861,638.168137,2644.0
2018-07-19 09:15:00,NSE:IGARASHI,633.67427306,643.32935671,631.80557015,641.01567581,15910.0
2018-07-20 09:15:00,NSE:IGARASHI,642.39500525,655.60951241,637.14477216,648.93550991,2349.0
2018-07-23 09:15:00,NSE:IGARASHI,645.59850866,689.64692517,642.35047631,684.39669207,10672.0
2018-07-24 09:15:00,NSE:IGARASHI,675.40905316,698.54559517,673.62931916,693.51782882,9802.0
2018-07-25 09:15:00,NSE:IGARASHI,699.79142677,702.10506317,667.40025016,680.12533937,2554.0
2018-07-26 09:15:00,NSE:IGARASHI,678.47910321,688.75705817,660.10333186,668.77953511,2322.0
2018-07-27 09:15:00,NSE:IGARASHI,662.06104816,673.98528376,649.60291016,657.43373086,2398.0
2018-07-30 09:15:00,NSE:IGARASHI,657.30027751,680.74825517,650.49277716,676.92183596,1944.0
2018-07-31 09:15:00,NSE:IGARASHI,670.06985116,708.33413217,670.06985116,697.16631022,5506.0
2018-08-01 09:15:00,NSE:IGARASHI,690.53679217,697.38877697,681.19318867,686.44342176,2419.0
2018-08-02 09:15:00,NSE:IGARASHI,685.19759017,686.39889282,672.73945216,676.47690246,1557.0
2018-08-03 09:15:00,NSE:IGARASHI,683.46234062,694.89715827,683.41785617,689.60244072,2370.0
2018-08-06 09:15:00,NSE:IGARASHI,689.60244072,704.68569527,669.17998416,690.44782327,26735.0
2018-08-07 09:15:00,NSE:IGARASHI,704.19623282,710.11386617,685.19759017,706.55439817,13552.0
2018-08-08 09:15:00,NSE:IGARASHI,734.85215988,760.61381844,692.53899292,744.86316363,119831.0
2018-08-09 09:15:00,NSE:IGARASHI,744.24024783,747.44379573,702.99493017,708.02269652,13917.0
2018-08-10 09:15:00,NSE:IGARASHI,707.57776302,707.57776302,674.51918616,678.12313862,12871.0
2018-08-13 09:15:00,NSE:IGARASHI,676.34340462,702.10506317,669.62491766,684.53018992,6578.0
2018-08-14 09:15:00,NSE:IGARASHI,697.61124372,697.65572817,674.07425266,676.29892017,2014.0
2018-08-16 09:15:00,NSE:IGARASHI,677.45573837,688.17862682,668.02316596,679.63592142,6887.0
2018-08-17 09:15:00,NSE:IGARASHI,676.43241801,687.64472442,667.48921907,675.27555532,4642.0
2018-08-20 09:15:00,NSE:IGARASHI,675.27555532,684.30772317,668.73505066,670.55926911,2807.0
2018-08-21 09:15:00,NSE:IGARASHI,676.29892017,676.29892017,661.30467901,665.79849846,2586.0
2018-08-23 09:15:00,NSE:IGARASHI,669.40245091,679.85838817,658.67956246,661.43813236,3871.0
2018-08-24 09:15:00,NSE:IGARASHI,659.39144716,674.51918616,658.54606461,667.53374801,3344.0
2018-08-27 09:15:00,NSE:IGARASHI,663.52934651,674.25223496,659.61391391,668.33460161,6445.0
2018-08-28 09:15:00,NSE:IGARASHI,665.44253386,672.73945216,659.83638066,666.73284991,2019.0
2018-08-29 09:15:00,NSE:IGARASHI,665.62051616,670.95971816,659.43593161,662.19454601,5508.0
2018-08-30 09:15:00,NSE:IGARASHI,661.34916346,672.51698541,659.39144716,665.57603171,2480.0
2018-08-31 09:15:00,NSE:IGARASHI,663.03988406,670.60375357,650.49277716,655.03108106,4836.0
2018-09-03 09:15:00,NSE:IGARASHI,655.83197916,667.40025016,651.42712861,652.45049346,4301.0
2018-09-04 09:15:00,NSE:IGARASHI,654.76412986,657.56722871,649.64739461,649.73640801,2556.0
2018-09-05 09:15:00,NSE:IGARASHI,655.69848131,655.69848131,640.70424016,643.01787656,1649.0
2018-09-06 09:15:00,NSE:IGARASHI,658.50158016,667.31128126,647.91214506,663.30687976,5984.0
2018-09-07 09:15:00,NSE:IGARASHI,667.40025016,673.54035026,656.27691266,664.33020011,5744.0
2018-09-10 09:15:00,NSE:IGARASHI,659.21346486,659.21346486,637.45620781,638.65755495,6702.0
2018-09-11 09:15:00,NSE:IGARASHI,640.837738,662.50598166,634.07472211,641.727605,5046.0
2018-09-12 09:15:00,NSE:IGARASHI,635.40952261,670.95971816,635.40952261,666.37688532,9039.0
2018-09-14 09:15:00,NSE:IGARASHI,670.95971816,686.97732417,670.95971816,681.94955782,13503.0
2018-09-17 09:15:00,NSE:IGARASHI,693.02841087,711.89360017,682.57247362,697.92267937,18163.0
2018-09-18 09:15:00,NSE:IGARASHI,692.31652617,702.90596127,677.36676946,687.11082201,6036.0
2018-09-19 09:15:00,NSE:IGARASHI,687.37777322,694.09626017,678.79053887,688.84602707,9832.0
2018-09-21 09:15:00,NSE:IGARASHI,674.51918616,683.77382076,633.67427306,641.63859161,22885.0
2018-09-24 09:15:00,NSE:IGARASHI,640.70424016,654.05224516,635.36503816,638.168137,6005.0
2018-09-25 09:15:00,NSE:IGARASHI,640.70424016,648.66855871,606.9337786,632.33947256,26584.0
2018-09-26 09:15:00,NSE:IGARASHI,633.58530415,639.72540425,613.1628476,625.709999,15413.0
2018-09-27 09:15:00,NSE:IGARASHI,689.54999,702.0,662.0,688.45001,10071.0
2018-09-28 09:15:00,NSE:IGARASHI,683.79999,699.95001,643.0,679.29999,11191.0
2018-10-01 09:15:00,NSE:IGARASHI,660.0,677.54999,645.0,651.65002,3194.0
2018-10-03 09:15:00,NSE:IGARASHI,658.54999,658.54999,637.29999,641.15002,3710.0
2018-10-04 09:15:00,NSE:IGARASHI,631.25,645.0,609.0,616.0,4222.0
2018-10-05 09:15:00,NSE:IGARASHI,615.0,646.0,592.20001,631.15002,8449.0
2018-10-08 09:15:00,NSE:IGARASHI,582.0,629.95001,582.0,625.59998,10735.0
2018-10-09 09:15:00,NSE:IGARASHI,628.29999,639.75,606.09998,630.79999,9462.0
2018-10-10 09:15:00,NSE:IGARASHI,624.54999,643.0,621.09998,627.20001,3561.0
2018-10-11 09:15:00,NSE:IGARASHI,620.04999,649.75,608.65002,643.04999,11034.0
2018-10-12 09:15:00,NSE:IGARASHI,636.95001,648.54999,618.20001,642.45001,18057.0
2018-10-15 09:15:00,NSE:IGARASHI,632.25,642.54999,628.29999,633.95001,1105.0
2018-10-16 09:15:00,NSE:IGARASHI,628.0,643.54999,624.95001,627.79999,2282.0
2018-10-17 09:15:00,NSE:IGARASHI,630.79999,644.25,622.5,628.04999,2256.0
2018-10-19 09:15:00,NSE:IGARASHI,626.54999,634.95001,600.0,620.45001,4733.0
2018-10-22 09:15:00,NSE:IGARASHI,625.95001,634.90002,608.79999,629.75,6189.0
2018-10-23 09:15:00,NSE:IGARASHI,622.29999,623.79999,605.25,613.90002,8563.0
2018-10-24 09:15:00,NSE:IGARASHI,613.95001,616.0,606.34998,611.29999,3280.0
2018-10-25 09:15:00,NSE:IGARASHI,615.0,615.0,601.54999,612.59998,4186.0
2018-10-26 09:15:00,NSE:IGARASHI,606.09998,608.04999,582.70001,592.59998,8355.0
2018-10-29 09:15:00,NSE:IGARASHI,592.15002,605.04999,578.45001,601.0,10730.0
2018-10-30 09:15:00,NSE:IGARASHI,601.84998,605.54999,585.0,588.45001,3174.0
2018-10-31 09:15:00,NSE:IGARASHI,591.84998,603.0,582.20001,598.79999,6356.0
2018-11-01 09:15:00,NSE:IGARASHI,591.95001,607.15002,591.09998,600.79999,1606.0
2018-11-02 09:15:00,NSE:IGARASHI,604.04999,618.79999,594.0,615.09998,10771.0
2018-11-05 09:15:00,NSE:IGARASHI,613.04999,623.84998,606.45001,618.09998,5032.0
2018-11-06 09:15:00,NSE:IGARASHI,616.0,620.04999,608.79999,618.75,2472.0
2018-11-07 09:15:00,NSE:IGARASHI,616.04999,629.04999,605.0,618.79999,2018.0
2018-11-09 09:15:00,NSE:IGARASHI,613.0,629.79999,613.0,618.70001,2064.0
2018-11-12 09:15:00,NSE:IGARASHI,619.95001,620.0,607.25,614.09998,4218.0
2018-11-13 09:15:00,NSE:IGARASHI,613.25,619.0,599.29999,614.90002,9714.0
2018-11-14 09:15:00,NSE:IGARASHI,613.59998,615.0,610.0,613.25,1293.0
2018-11-15 09:15:00,NSE:IGARASHI,611.95001,614.09998,604.0,607.65002,5264.0
2018-11-16 09:15:00,NSE:IGARASHI,606.0,610.95001,599.09998,606.09998,2088.0
2018-11-19 09:15:00,NSE:IGARASHI,614.0,614.0,601.0,609.15002,2183.0
2018-11-20 09:15:00,NSE:IGARASHI,606.04999,609.84998,595.54999,603.34998,1293.0
2018-11-21 09:15:00,NSE:IGARASHI,601.65002,606.90002,592.75,598.59998,4242.0
2018-11-22 09:15:00,NSE:IGARASHI,604.90002,604.90002,595.0,600.90002,15833.0
2018-11-26 09:15:00,NSE:IGARASHI,600.95001,600.95001,585.0,597.59998,10390.0
2018-11-27 09:15:00,NSE:IGARASHI,592.15002,597.0,587.25,593.09998,2978.0
2018-11-28 09:15:00,NSE:IGARASHI,592.54999,593.95001,585.54999,591.34998,2787.0
2018-11-29 09:15:00,NSE:IGARASHI,588.04999,589.0,581.15002,586.15002,4365.0
2018-11-30 09:15:00,NSE:IGARASHI,584.75,598.75,581.0,592.0,11580.0
2018-12-03 09:15:00,NSE:IGARASHI,586.70001,586.70001,569.75,577.34998,7478.0
2018-12-04 09:15:00,NSE:IGARASHI,572.79999,577.45001,564.09998,569.0,2609.0
2018-12-05 09:15:00,NSE:IGARASHI,569.04999,600.0,551.09998,592.40002,27637.0
2018-12-06 09:15:00,NSE:IGARASHI,599.45001,600.0,559.0,591.45001,28884.0
2018-12-07 09:15:00,NSE:IGARASHI,587.20001,590.0,569.65002,586.65002,10534.0
2018-12-10 09:15:00,NSE:IGARASHI,583.95001,585.54999,564.15002,566.5,13454.0
2018-12-11 09:15:00,NSE:IGARASHI,577.0,577.0,562.20001,573.59998,7143.0
2018-12-12 09:15:00,NSE:IGARASHI,570.34998,599.29999,552.04999,556.09998,34393.0
2018-12-13 09:15:00,NSE:IGARASHI,557.09998,571.0,557.04999,568.59998,15986.0
2018-12-14 09:15:00,NSE:IGARASHI,570.90002,585.90002,564.09998,577.34998,25003.0
2018-12-17 09:15:00,NSE:IGARASHI,581.09998,581.70001,566.0,572.95001,5504.0
2018-12-18 09:15:00,NSE:IGARASHI,563.45001,571.90002,562.34998,567.5,6815.0
2018-12-19 09:15:00,NSE:IGARASHI,567.5,572.45001,565.04999,568.20001,2198.0
2018-12-20 09:15:00,NSE:IGARASHI,568.95001,569.0,564.79999,566.45001,2320.0
2018-12-21 09:15:00,NSE:IGARASHI,567.65002,568.20001,554.45001,561.34998,3226.0
2018-12-24 09:15:00,NSE:IGARASHI,561.40002,569.0,554.45001,567.5,5690.0
2018-12-26 09:15:00,NSE:IGARASHI,578.0,578.0,558.45001,562.54999,4816.0
2018-12-27 09:15:00,NSE:IGARASHI,561.09998,569.0,554.45001,566.54999,6908.0
2018-12-28 09:15:00,NSE:IGARASHI,577.84998,577.84998,547.59998,568.95001,30176.0
2018-12-31 09:15:00,NSE:IGARASHI,577.84998,577.84998,561.0,568.40002,17058.0
2019-01-01 09:15:00,NSE:IGARASHI,564.04999,568.75,559.34998,565.84998,6236.0
2019-01-02 09:15:00,NSE:IGARASHI,567.34998,568.45001,559.95001,562.45001,5083.0
2019-01-03 09:15:00,NSE:IGARASHI,563.79999,567.95001,554.0,561.75,3722.0
2019-01-04 09:15:00,NSE:IGARASHI,563.59998,563.59998,558.20001,559.79999,1301.0
2019-01-07 09:15:00,NSE:IGARASHI,570.95001,570.95001,546.20001,550.95001,4811.0
2019-01-08 09:15:00,NSE:IGARASHI,553.90002,560.95001,543.0,547.59998,4608.0
2019-01-09 09:15:00,NSE:IGARASHI,557.95001,564.15002,545.34998,549.59998,17793.0
2019-01-10 09:15:00,NSE:IGARASHI,547.5,556.40002,547.0,548.34998,1280.0
2019-01-11 09:15:00,NSE:IGARASHI,552.29999,552.29999,543.0,548.34998,5124.0
2019-01-14 09:15:00,NSE:IGARASHI,546.79999,550.0,535.59998,540.25,1559.0
2019-01-15 09:15:00,NSE:IGARASHI,542.59998,542.59998,534.0,540.95001,8373.0
2019-01-16 09:15:00,NSE:IGARASHI,538.95001,540.0,531.29999,532.40002,4079.0
2019-01-17 09:15:00,NSE:IGARASHI,530.59998,540.0,523.5,535.15002,17556.0
2019-01-18 09:15:00,NSE:IGARASHI,540.0,540.0,523.90002,527.70001,7997.0
2019-01-21 09:15:00,NSE:IGARASHI,523.70001,540.0,513.75,530.79999,5710.0
2019-01-22 09:15:00,NSE:IGARASHI,533.45001,537.0,523.09998,534.20001,3801.0
2019-01-23 09:15:00,NSE:IGARASHI,538.0,538.0,524.59998,536.54999,4982.0
2019-01-24 09:15:00,NSE:IGARASHI,535.34998,535.34998,521.15002,525.15002,5446.0
2019-01-25 09:15:00,NSE:IGARASHI,525.45001,534.75,517.59998,519.25,3194.0
2019-01-28 09:15:00,NSE:IGARASHI,519.25,525.0,511.04999,517.95001,4659.0
2019-01-29 09:15:00,NSE:IGARASHI,515.34998,524.79999,508.25,517.75,4520.0
2019-01-30 09:15:00,NSE:IGARASHI,523.75,534.79999,506.04999,514.65002,7103.0
2019-01-31 09:15:00,NSE:IGARASHI,510.04999,533.84998,503.0,521.04999,11347.0
2019-02-01 09:15:00,NSE:IGARASHI,512.04999,517.90002,500.75,506.14999,9760.0
2019-02-04 09:15:00,NSE:IGARASHI,502.89999,510.79999,497.39999,500.89999,13517.0
2019-02-05 09:15:00,NSE:IGARASHI,497.14999,505.0,484.79999,488.45001,7591.0
2019-02-06 09:15:00,NSE:IGARASHI,495.85001,499.14999,477.0,482.60001,7139.0
2019-02-07 09:15:00,NSE:IGARASHI,488.14999,495.0,471.0,480.75,9287.0
2019-02-08 09:15:00,NSE:IGARASHI,484.25,484.25,463.0,470.70001,7647.0
2019-02-11 09:15:00,NSE:IGARASHI,470.04999,474.95001,450.25,463.39999,6999.0
2019-02-12 09:15:00,NSE:IGARASHI,468.79999,470.89999,420.04999,431.39999,33397.0
2019-02-13 09:15:00,NSE:IGARASHI,442.0,448.54999,391.75,402.60001,23849.0
2019-02-14 09:15:00,NSE:IGARASHI,402.0,418.20001,385.60001,413.95001,11299.0
2019-02-15 09:15:00,NSE:IGARASHI,411.0,413.35001,390.0,392.85001,15353.0
2019-02-18 09:15:00,NSE:IGARASHI,385.0,400.0,384.14999,394.85001,8472.0
2019-02-19 09:15:00,NSE:IGARASHI,399.95001,406.35001,389.85001,394.04999,8630.0
2019-02-20 09:15:00,NSE:IGARASHI,393.29999,399.0,386.39999,395.79999,7194.0
2019-02-21 09:15:00,NSE:IGARASHI,396.0,402.0,385.0,394.39999,5871.0
2019-02-22 09:15:00,NSE:IGARASHI,395.0,399.89999,385.29999,391.39999,13321.0
2019-02-25 09:15:00,NSE:IGARASHI,395.0,399.79999,388.64999,393.45001,4633.0
2019-02-26 09:15:00,NSE:IGARASHI,390.04999,392.10001,386.04999,390.54999,44192.0
2019-02-27 09:15:00,NSE:IGARASHI,392.14999,392.64999,370.10001,376.89999,21946.0
2019-02-28 09:15:00,NSE:IGARASHI,378.0,387.95001,375.0,383.89999,5953.0
2019-03-01 09:15:00,NSE:IGARASHI,382.0,432.60001,381.95001,403.20001,86473.0
2019-03-05 09:15:00,NSE:IGARASHI,408.70001,423.5,401.0,406.29999,88357.0
2019-03-06 09:15:00,NSE:IGARASHI,410.0,414.89999,407.0,409.54999,62696.0
2019-03-07 09:15:00,NSE:IGARASHI,413.79999,413.79999,396.0,398.89999,24656.0
2019-03-08 09:15:00,NSE:IGARASHI,400.0,403.89999,392.0,396.35001,10105.0
2019-03-11 09:15:00,NSE:IGARASHI,402.0,407.0,395.04999,405.20001,37268.0
2019-03-12 09:15:00,NSE:IGARASHI,409.0,409.0,397.20001,401.70001,141460.0
2019-03-13 09:15:00,NSE:IGARASHI,404.04999,405.10001,395.10001,397.54999,15934.0
2019-03-14 09:15:00,NSE:IGARASHI,404.5,404.5,385.29999,388.14999,19145.0
2019-03-15 09:15:00,NSE:IGARASHI,392.5,392.5,373.20001,375.89999,18124.0
2019-03-18 09:15:00,NSE:IGARASHI,380.20001,380.39999,371.0,372.35001,8765.0
2019-03-19 09:15:00,NSE:IGARASHI,372.35001,384.70001,370.0,377.5,36586.0
2019-03-20 09:15:00,NSE:IGARASHI,378.0,381.54999,375.0,376.79999,15207.0
2019-03-22 09:15:00,NSE:IGARASHI,377.0,379.79999,367.5,370.75,14895.0
2019-03-25 09:15:00,NSE:IGARASHI,364.10001,373.0,358.20001,359.29999,16890.0
2019-03-26 09:15:00,NSE:IGARASHI,365.0,365.0,351.04999,352.79999,27354.0
2019-03-27 09:15:00,NSE:IGARASHI,354.95001,354.95001,345.20001,348.5,40425.0
2019-03-28 09:15:00,NSE:IGARASHI,355.5,355.5,346.04999,348.04999,51327.0
2019-03-29 09:15:00,NSE:IGARASHI,354.0,354.95001,344.10001,346.04999,14172.0
2019-04-01 09:15:00,NSE:IGARASHI,349.95001,372.89999,348.54999,357.60001,140227.0
2019-04-02 09:15:00,NSE:IGARASHI,364.5,368.89999,355.35001,359.60001,75142.0
2019-04-03 09:15:00,NSE:IGARASHI,362.35001,362.35001,348.10001,350.54999,30745.0
2019-04-04 09:15:00,NSE:IGARASHI,353.0,353.70001,334.10001,350.89999,50607.0
2019-04-05 09:15:00,NSE:IGARASHI,357.89999,357.89999,341.70001,344.70001,39172.0
2019-04-08 09:15:00,NSE:IGARASHI,348.60001,350.04999,343.39999,345.10001,17052.0
2019-04-09 09:15:00,NSE:IGARASHI,347.5,349.0,341.95001,344.64999,11179.0
2019-04-10 09:15:00,NSE:IGARASHI,348.29999,348.29999,335.79999,341.14999,43173.0
2019-04-11 09:15:00,NSE:IGARASHI,344.95001,344.95001,335.20001,336.45001,22843.0
2019-04-12 09:15:00,NSE:IGARASHI,336.64999,347.75,334.29999,336.39999,48217.0
2019-04-15 09:15:00,NSE:IGARASHI,339.70001,339.89999,335.10001,336.75,14230.0
2019-04-16 09:15:00,NSE:IGARASHI,339.95001,346.0,335.29999,336.89999,50534.0
2019-04-18 09:15:00,NSE:IGARASHI,337.14999,337.14999,326.04999,331.85001,34174.0
2019-04-22 09:15:00,NSE:IGARASHI,337.89999,337.89999,325.25,329.0,21383.0
2019-04-23 09:15:00,NSE:IGARASHI,329.04999,330.54999,321.79999,326.14999,19185.0
2019-04-24 09:15:00,NSE:IGARASHI,324.0,327.75,321.85001,324.79999,12419.0
2019-04-25 09:15:00,NSE:IGARASHI,326.95001,326.95001,320.10001,321.10001,16759.0
2019-04-26 09:15:00,NSE:IGARASHI,320.10001,330.0,317.0,320.60001,15687.0
2019-04-30 09:15:00,NSE:IGARASHI,321.0,325.0,304.10001,310.39999,28429.0
2019-05-02 09:15:00,NSE:IGARASHI,310.39999,310.39999,292.20001,295.95001,20980.0
2019-05-03 09:15:00,NSE:IGARASHI,296.0,297.0,278.10001,281.39999,67338.0
2019-05-06 09:15:00,NSE:IGARASHI,277.0,295.5,275.70001,292.04999,35905.0
2019-05-07 09:15:00,NSE:IGARASHI,288.45001,305.0,282.0,286.25,61908.0
2019-05-08 09:15:00,NSE:IGARASHI,280.04999,292.5,275.5,282.60001,17976.0
2019-05-09 09:15:00,NSE:IGARASHI,280.0,283.04999,276.0,277.25,10737.0
2019-05-10 09:15:00,NSE:IGARASHI,277.25,282.70001,264.64999,265.89999,17340.0
2019-05-13 09:15:00,NSE:IGARASHI,264.0,269.20001,257.5,261.14999,13782.0
2019-05-14 09:15:00,NSE:IGARASHI,257.54999,264.29999,254.35001,256.64999,11562.0
2019-05-15 09:15:00,NSE:IGARASHI,261.79999,261.79999,252.55,256.10001,11530.0
2019-05-16 09:15:00,NSE:IGARASHI,253.10001,258.54999,248.10001,254.39999,12388.0
2019-05-17 09:15:00,NSE:IGARASHI,252.0,257.39999,248.2,252.25,22024.0
2019-05-20 09:15:00,NSE:IGARASHI,257.04999,297.70001,257.04999,260.54999,61249.0
2019-05-21 09:15:00,NSE:IGARASHI,264.5,267.89999,255.55,257.20001,8069.0
2019-05-22 09:15:00,NSE:IGARASHI,257.25,261.75,252.10001,259.54999,28299.0
2019-05-23 09:15:00,NSE:IGARASHI,269.70001,269.70001,249.0,253.10001,15200.0
2019-05-24 09:15:00,NSE:IGARASHI,255.0,262.0,250.60001,255.05,18696.0
2019-05-27 09:15:00,NSE:IGARASHI,256.10001,288.0,256.0,268.45001,61382.0
2019-05-28 09:15:00,NSE:IGARASHI,272.95001,277.20001,270.14999,273.64999,29623.0
2019-05-29 09:15:00,NSE:IGARASHI,274.0,274.29999,264.10001,266.75,19216.0
2019-05-30 09:15:00,NSE:IGARASHI,268.79999,268.85001,255.14999,257.60001,22741.0
2019-05-31 09:15:00,NSE:IGARASHI,257.04999,264.85001,247.45,251.35001,18487.0
2019-06-03 09:15:00,NSE:IGARASHI,247.0,251.25,244.0,246.05,20231.0
2019-06-04 09:15:00,NSE:IGARASHI,245.0,249.0,241.0,244.60001,30285.0
2019-06-06 09:15:00,NSE:IGARASHI,244.85001,247.3,231.0,233.75,16623.0
2019-06-07 09:15:00,NSE:IGARASHI,232.10001,237.39999,228.10001,232.55,14411.0
2019-06-10 09:15:00,NSE:IGARASHI,231.0,234.85001,215.5,218.2,20063.0
2019-06-11 09:15:00,NSE:IGARASHI,213.7,216.0,206.0,208.45,35927.0
2019-06-12 09:15:00,NSE:IGARASHI,205.0,208.05,195.0,198.75,62851.0
2019-06-13 09:15:00,NSE:IGARASHI,195.3,200.7,186.5,187.39999,40161.0
2019-06-14 09:15:00,NSE:IGARASHI,188.55,190.39999,176.3,181.8,62147.0
2019-06-17 09:15:00,NSE:IGARASHI,181.0,188.89999,178.85001,183.0,42948.0
2019-06-18 09:15:00,NSE:IGARASHI,181.7,219.0,178.64999,182.8,350144.0
2019-06-19 09:15:00,NSE:IGARASHI,182.25,185.95,172.95,178.0,83861.0
2019-06-20 09:15:00,NSE:IGARASHI,180.0,193.89999,171.60001,183.3,178212.0
2019-06-21 09:15:00,NSE:IGARASHI,182.10001,188.45,180.0,182.55,45720.0
2019-06-24 09:15:00,NSE:IGARASHI,181.75,214.89999,180.39999,201.05,449968.0
2019-06-25 09:15:00,NSE:IGARASHI,197.2,241.25,197.2,237.2,1242147.0
2019-06-26 09:15:00,NSE:IGARASHI,235.25,271.5,233.0,262.14999,1384713.0
2019-06-27 09:15:00,NSE:IGARASHI,262.5,275.89999,257.29999,263.85001,659370.0
2019-06-28 09:15:00,NSE:IGARASHI,263.5,278.89999,263.20001,273.79999,361016.0
2019-07-01 09:15:00,NSE:IGARASHI,277.0,288.79999,275.0,285.70001,294290.0
2019-07-02 09:15:00,NSE:IGARASHI,287.95001,287.95001,268.0,271.20001,100591.0
2019-07-03 09:15:00,NSE:IGARASHI,270.0,270.0,250.55,253.55,86848.0
2019-07-04 09:15:00,NSE:IGARASHI,250.2,262.5,248.5,249.64999,62627.0
2019-07-05 09:15:00,NSE:IGARASHI,252.0,258.45001,236.5,238.5,54303.0
2019-07-08 09:15:00,NSE:IGARASHI,238.85001,239.8,221.0,222.64999,29512.0
2019-07-09 09:15:00,NSE:IGARASHI,220.55,228.10001,220.0,225.39999,34497.0
2019-07-10 09:15:00,NSE:IGARASHI,225.5,225.5,214.14999,214.14999,16879.0
2019-07-11 09:15:00,NSE:IGARASHI,211.05,219.0,203.45,215.35001,41843.0
2019-07-12 09:15:00,NSE:IGARASHI,211.0,217.89999,208.0,213.8,17141.0
2019-07-15 09:15:00,NSE:IGARASHI,218.7,221.0,210.14999,216.60001,18594.0
2019-07-16 09:15:00,NSE:IGARASHI,215.05,227.39999,215.0,227.39999,42132.0
2019-07-17 09:15:00,NSE:IGARASHI,229.05,238.75,229.05,238.75,19991.0
2019-07-18 09:15:00,NSE:IGARASHI,244.0,250.64999,226.85001,228.89999,48966.0
2019-07-19 09:15:00,NSE:IGARASHI,233.0,239.89999,220.10001,222.25,18583.0
2019-07-22 09:15:00,NSE:IGARASHI,222.25,227.7,214.45,220.10001,8620.0
2019-07-23 09:15:00,NSE:IGARASHI,216.85001,223.0,216.85001,218.7,5588.0
2019-07-24 09:15:00,NSE:IGARASHI,220.0,227.0,214.2,215.85001,8025.0
2019-07-25 09:15:00,NSE:IGARASHI,216.7,222.7,215.10001,217.64999,8960.0
2019-07-26 09:15:00,NSE:IGARASHI,219.8,219.8,213.05,214.89999,11020.0
2019-07-29 09:15:00,NSE:IGARASHI,217.0,217.8,204.2,204.2,8155.0
2019-07-30 09:15:00,NSE:IGARASHI,206.0,208.0,194.0,194.35001,13639.0
2019-07-31 09:15:00,NSE:IGARASHI,193.60001,204.05,185.0,198.89999,16524.0
2019-08-01 09:15:00,NSE:IGARASHI,196.0,196.14999,189.0,189.8,10510.0
2019-08-02 09:15:00,NSE:IGARASHI,190.0,199.25,183.35001,199.25,11719.0
2019-08-05 09:15:00,NSE:IGARASHI,199.95,202.8,192.0,198.3,9650.0
2019-08-06 09:15:00,NSE:IGARASHI,199.3,208.2,199.25,208.2,10805.0
2019-08-07 09:15:00,NSE:IGARASHI,210.0,218.60001,208.2,210.64999,17524.0
2019-08-08 09:15:00,NSE:IGARASHI,210.3,219.60001,210.0,213.89999,7348.0
2019-08-09 09:15:00,NSE:IGARASHI,224.0,224.0,213.0,214.75,8348.0
2019-08-13 09:15:00,NSE:IGARASHI,218.60001,219.8,210.0,210.0,3336.0
2019-08-14 09:15:00,NSE:IGARASHI,211.0,211.60001,199.5,200.5,7069.0
2019-08-16 09:15:00,NSE:IGARASHI,197.5,206.0,194.0,195.2,11657.0
2019-08-19 09:15:00,NSE:IGARASHI,195.0,204.95,192.45,204.95,17095.0
2019-08-20 09:15:00,NSE:IGARASHI,215.14999,215.14999,205.05,206.45,61202.0
2019-08-21 09:15:00,NSE:IGARASHI,207.5,216.75,196.14999,196.14999,18009.0
2019-08-22 09:15:00,NSE:IGARASHI,199.14999,205.95,188.14999,193.3,57598.0
2019-08-23 09:15:00,NSE:IGARASHI,202.95,202.95,202.95,202.95,15077.0
2019-08-26 09:15:00,NSE:IGARASHI,213.05,213.05,196.0,213.0,66507.0
2019-08-27 09:15:00,NSE:IGARASHI,219.7,223.64999,213.14999,215.5,39853.0
2019-08-28 09:15:00,NSE:IGARASHI,215.5,219.60001,204.75,204.75,14843.0
2019-08-29 09:15:00,NSE:IGARASHI,200.0,211.8,196.0,204.14999,17921.0
2019-08-30 09:15:00,NSE:IGARASHI,207.0,208.0,200.0,201.45,7152.0
2019-09-03 09:15:00,NSE:IGARASHI,202.0,202.0,192.0,193.3,18001.0
2019-09-04 09:15:00,NSE:IGARASHI,194.95,194.95,187.10001,188.35001,12231.0
2019-09-05 09:15:00,NSE:IGARASHI,189.05,197.75,189.05,197.75,10341.0
2019-09-06 09:15:00,NSE:IGARASHI,205.0,206.0,195.0,200.60001,25218.0
2019-09-09 09:15:00,NSE:IGARASHI,201.60001,204.8,196.95,200.55,29624.0
2019-09-11 09:15:00,NSE:IGARASHI,199.89999,208.2,196.0,199.7,43724.0
2019-09-12 09:15:00,NSE:IGARASHI,200.14999,209.64999,200.14999,209.25,46300.0
2019-09-13 09:15:00,NSE:IGARASHI,212.25,212.25,202.95,205.0,18023.0
2019-09-16 09:15:00,NSE:IGARASHI,206.85001,208.0,201.7,204.89999,41325.0
2019-09-17 09:15:00,NSE:IGARASHI,206.05,210.85001,198.95,200.2,143200.0
2019-09-18 09:15:00,NSE:IGARASHI,200.5,204.75,191.0,192.45,35963.0
2019-09-19 09:15:00,NSE:IGARASHI,189.95,193.39999,182.0,186.10001,160361.0
2019-09-20 09:15:00,NSE:IGARASHI,188.3,195.39999,186.3,195.39999,55118.0
2019-09-23 09:15:00,NSE:IGARASHI,205.05,205.14999,192.05,204.64999,84734.0
2019-09-24 09:15:00,NSE:IGARASHI,200.2,206.0,200.0,200.85001,16632.0
2019-09-25 09:15:00,NSE:IGARASHI,200.89999,200.89999,192.0,192.55,13448.0
2019-09-26 09:15:00,NSE:IGARASHI,199.45,202.14999,191.0,200.55,50961.0
2019-09-27 09:15:00,NSE:IGARASHI,199.95,205.35001,195.0,195.60001,20413.0
2019-09-30 09:15:00,NSE:IGARASHI,194.5,198.85001,186.64999,189.0,22600.0
2019-10-01 09:15:00,NSE:IGARASHI,190.14999,192.85001,182.0,183.95,22037.0
2019-10-03 09:15:00,NSE:IGARASHI,184.14999,186.8,181.0,182.05,10870.0
2019-10-04 09:15:00,NSE:IGARASHI,183.60001,191.14999,181.0,190.5,89342.0
2019-10-07 09:15:00,NSE:IGARASHI,192.05,200.0,191.95,200.0,45369.0
2019-10-09 09:15:00,NSE:IGARASHI,206.0,209.89999,195.2,197.7,67158.0
2019-10-10 09:15:00,NSE:IGARASHI,195.05,198.35001,192.05,193.45,10469.0
2019-10-11 09:15:00,NSE:IGARASHI,195.14999,195.14999,185.8,191.14999,55781.0
2019-10-14 09:15:00,NSE:IGARASHI,196.45,219.05,189.0,205.39999,129178.0
2019-10-15 09:15:00,NSE:IGARASHI,208.7,212.0,197.85001,201.10001,50878.0
2019-10-16 09:15:00,NSE:IGARASHI,207.89999,211.0,201.64999,203.85001,43156.0
2019-10-17 09:15:00,NSE:IGARASHI,206.0,244.60001,203.25,207.45,543745.0
2019-10-18 09:15:00,NSE:IGARASHI,208.95,224.7,207.64999,217.3,187285.0
2019-10-22 09:15:00,NSE:IGARASHI,218.95,225.0,213.0,215.85001,77628.0
2019-10-23 09:15:00,NSE:IGARASHI,212.10001,225.0,212.10001,216.55,216099.0
2019-10-24 09:15:00,NSE:IGARASHI,218.7,236.7,215.10001,216.55,193606.0
2019-10-25 09:15:00,NSE:IGARASHI,218.95,226.8,205.05,219.64999,98174.0
2019-10-29 09:15:00,NSE:IGARASHI,221.0,225.0,217.85001,219.85001,82059.0
2019-10-30 09:15:00,NSE:IGARASHI,223.0,230.0,217.05,218.89999,251319.0
2019-10-31 09:15:00,NSE:IGARASHI,222.0,251.8,220.2,237.7,612754.0
2019-11-01 09:15:00,NSE:IGARASHI,238.89999,258.0,238.55,248.39999,216916.0
2019-11-04 09:15:00,NSE:IGARASHI,249.64999,257.0,236.0,242.7,119323.0
2019-11-05 09:15:00,NSE:IGARASHI,243.89999,252.45,237.5,239.05,88356.0
2019-11-06 09:15:00,NSE:IGARASHI,240.2,251.8,239.0,245.14999,84400.0
2019-11-07 09:15:00,NSE:IGARASHI,247.55,250.0,241.60001,244.05,48898.0
2019-11-08 09:15:00,NSE:IGARASHI,240.0,247.45,236.0,238.7,57324.0
2019-11-11 09:15:00,NSE:IGARASHI,238.45,245.0,228.95,235.0,70209.0
2019-11-13 09:15:00,NSE:IGARASHI,235.0,245.7,232.64999,243.75,95983.0
2019-11-14 09:15:00,NSE:IGARASHI,243.05,246.8,237.60001,243.60001,44446.0
2019-11-15 09:15:00,NSE:IGARASHI,245.7,251.95,235.0,237.85001,40672.0
2019-11-18 09:15:00,NSE:IGARASHI,245.25,245.5,232.2,244.05,60733.0
2019-11-19 09:15:00,NSE:IGARASHI,244.0,246.0,236.14999,243.35001,38726.0
2019-11-20 09:15:00,NSE:IGARASHI,241.95,244.75,239.2,239.95,14096.0
2019-11-21 09:15:00,NSE:IGARASHI,241.0,263.79999,238.39999,252.60001,195158.0
2019-11-22 09:15:00,NSE:IGARASHI,253.89999,258.0,246.0,253.45,90907.0
2019-11-25 09:15:00,NSE:IGARASHI,252.05,258.75,248.0,251.3,69505.0
2019-11-26 09:15:00,NSE:IGARASHI,253.5,259.5,249.0,252.14999,50844.0
2019-11-27 09:15:00,NSE:IGARASHI,255.0,267.10001,254.60001,256.79999,63690.0
2019-11-28 09:15:00,NSE:IGARASHI,258.75,259.20001,245.39999,251.05,79155.0
2019-11-29 09:15:00,NSE:IGARASHI,252.89999,253.85001,242.5,246.5,35206.0
2019-12-02 09:15:00,NSE:IGARASHI,245.7,253.35001,238.25,243.5,28627.0
2019-12-03 09:15:00,NSE:IGARASHI,249.0,249.05,235.64999,236.85001,18222.0
2019-12-04 09:15:00,NSE:IGARASHI,236.89999,239.85001,230.0,231.55,20527.0
2019-12-05 09:15:00,NSE:IGARASHI,233.05,238.85001,229.35001,231.3,36128.0
2019-12-06 09:15:00,NSE:IGARASHI,231.5,233.2,225.0,226.0,15515.0
2019-12-09 09:15:00,NSE:IGARASHI,226.55,235.0,224.89999,228.64999,45305.0
2019-12-10 09:15:00,NSE:IGARASHI,229.05,233.5,219.55,224.39999,40935.0
2019-12-11 09:15:00,NSE:IGARASHI,223.60001,227.0,218.0,220.95,23695.0
2019-12-12 09:15:00,NSE:IGARASHI,223.05,225.39999,215.0,222.35001,199217.0
2019-12-13 09:15:00,NSE:IGARASHI,221.0,242.95,221.0,239.85001,78794.0
2019-12-16 09:15:00,NSE:IGARASHI,241.39999,249.39999,233.05,235.64999,80786.0
2019-12-17 09:15:00,NSE:IGARASHI,237.95,247.10001,237.05,242.89999,72147.0
2019-12-18 09:15:00,NSE:IGARASHI,243.0,246.60001,236.5,238.8,16306.0
2019-12-19 09:15:00,NSE:IGARASHI,240.2,246.25,236.60001,245.55,20638.0
2019-12-20 09:15:00,NSE:IGARASHI,246.0,247.0,241.39999,245.05,11708.0
2019-12-23 09:15:00,NSE:IGARASHI,247.0,291.39999,247.0,281.14999,2250284.0
2019-12-24 09:15:00,NSE:IGARASHI,280.0,337.35001,273.0,334.29999,5536700.0
2019-12-26 09:15:00,NSE:IGARASHI,342.0,401.0,335.0,398.70001,8529869.0
2019-12-27 09:15:00,NSE:IGARASHI,395.0,416.39999,372.29999,395.75,6059201.0
2019-12-30 09:15:00,NSE:IGARASHI,387.89999,405.0,373.60001,378.10001,1637814.0
2019-12-31 09:15:00,NSE:IGARASHI,378.0,395.10001,365.0,368.04999,1567757.0
2020-01-01 09:15:00,NSE:IGARASHI,369.0,378.70001,355.70001,372.5,1127378.0
2020-01-02 09:15:00,NSE:IGARASHI,376.20001,382.35001,364.5,368.5,597260.0
2020-01-03 09:15:00,NSE:IGARASHI,368.85001,371.0,351.75,353.60001,351076.0
2020-01-06 09:15:00,NSE:IGARASHI,350.0,350.0,318.25,322.39999,518147.0
2020-01-07 09:15:00,NSE:IGARASHI,326.79999,339.5,318.04999,332.75,667314.0
2020-01-08 09:15:00,NSE:IGARASHI,321.5,347.0,320.10001,332.60001,1076661.0
2020-01-09 09:15:00,NSE:IGARASHI,338.70001,344.0,335.0,337.60001,359144.0
2020-01-10 09:15:00,NSE:IGARASHI,339.35001,340.20001,325.5,326.89999,202867.0
2020-01-13 09:15:00,NSE:IGARASHI,330.0,337.70001,324.04999,330.29999,244117.0
2020-01-14 09:15:00,NSE:IGARASHI,331.04999,339.89999,325.5,328.10001,171137.0
2020-01-15 09:15:00,NSE:IGARASHI,328.10001,334.29999,326.0,328.04999,121217.0
2020-01-16 09:15:00,NSE:IGARASHI,328.0,360.85001,328.0,353.60001,1535617.0
2020-01-17 09:15:00,NSE:IGARASHI,353.5,359.75,343.10001,346.89999,425048.0
2020-01-20 09:15:00,NSE:IGARASHI,349.0,354.85001,344.10001,346.35001,320242.0
2020-01-21 09:15:00,NSE:IGARASHI,345.0,348.70001,336.25,337.75,131275.0
2020-01-22 09:15:00,NSE:IGARASHI,340.29999,343.79999,333.0,334.04999,160356.0
2020-01-23 09:15:00,NSE:IGARASHI,335.39999,341.85001,330.60001,334.35001,108482.0
2020-01-24 09:15:00,NSE:IGARASHI,335.0,339.0,331.10001,332.5,92841.0
2020-01-27 09:15:00,NSE:IGARASHI,330.0,336.5,327.0,328.95001,131246.0
2020-01-28 09:15:00,NSE:IGARASHI,331.0,333.14999,312.20001,317.25,148920.0
2020-01-29 09:15:00,NSE:IGARASHI,331.89999,331.89999,315.04999,316.39999,98896.0
2020-01-30 09:15:00,NSE:IGARASHI,318.04999,319.14999,311.5,312.45001,78510.0
2020-01-31 09:15:00,NSE:IGARASHI,314.70001,315.0,298.89999,304.10001,82655.0
2020-02-01 09:15:00,NSE:IGARASHI,298.10001,316.0,281.10001,290.04999,144844.0
2020-02-03 09:15:00,NSE:IGARASHI,280.14999,292.20001,280.14999,282.95001,87708.0
2020-02-04 09:15:00,NSE:IGARASHI,288.79999,311.20001,284.60001,311.20001,281858.0
2020-02-05 09:15:00,NSE:IGARASHI,324.0,333.64999,313.0,316.14999,247564.0
2020-02-06 09:15:00,NSE:IGARASHI,318.20001,353.89999,318.20001,329.95001,562097.0
2020-02-07 09:15:00,NSE:IGARASHI,330.0,336.0,326.14999,329.35001,118884.0
2020-02-10 09:15:00,NSE:IGARASHI,332.0,332.20001,318.10001,319.70001,56416.0
2020-02-11 09:15:00,NSE:IGARASHI,322.5,333.0,319.0,321.20001,122178.0
2020-02-12 09:15:00,NSE:IGARASHI,323.70001,325.95001,312.79999,314.14999,70040.0
2020-02-13 09:15:00,NSE:IGARASHI,316.0,329.0,315.20001,317.20001,107537.0
2020-02-14 09:15:00,NSE:IGARASHI,325.39999,368.0,325.39999,348.25,2588727.0
2020-02-17 09:15:00,NSE:IGARASHI,347.10001,357.85001,334.95001,339.95001,455189.0
2020-02-18 09:15:00,NSE:IGARASHI,340.0,347.0,330.10001,333.79999,175799.0
2020-02-19 09:15:00,NSE:IGARASHI,337.25,349.95001,332.39999,343.39999,269264.0
2020-02-20 09:15:00,NSE:IGARASHI,344.0,355.89999,338.39999,342.60001,364772.0
2020-02-24 09:15:00,NSE:IGARASHI,337.89999,341.89999,320.04999,321.5,157531.0
2020-02-25 09:15:00,NSE:IGARASHI,324.0,342.0,322.04999,335.89999,267883.0
2020-02-26 09:15:00,NSE:IGARASHI,332.0,345.79999,327.25,338.5,219442.0
2020-02-27 09:15:00,NSE:IGARASHI,335.5,362.0,335.5,356.95001,557980.0
2020-02-28 09:15:00,NSE:IGARASHI,348.89999,348.89999,332.0,337.14999,221690.0
2020-03-02 09:15:00,NSE:IGARASHI,346.64999,352.0,319.04999,325.14999,91068.0
2020-03-03 09:15:00,NSE:IGARASHI,332.35001,336.5,324.14999,326.60001,84997.0
2020-03-04 09:15:00,NSE:IGARASHI,328.0,333.14999,311.0,313.85001,119726.0
2020-03-05 09:15:00,NSE:IGARASHI,316.95001,327.70001,315.0,321.95001,142778.0
2020-03-06 09:15:00,NSE:IGARASHI,305.0,312.85001,300.20001,302.5,76966.0
2020-03-09 09:15:00,NSE:IGARASHI,290.20001,295.0,260.04999,267.39999,138727.0
2020-03-11 09:15:00,NSE:IGARASHI,267.39999,286.70001,262.60001,277.04999,142262.0
2020-03-12 09:15:00,NSE:IGARASHI,267.0,267.0,232.0,254.35001,129967.0
2020-03-13 09:15:00,NSE:IGARASHI,221.64999,270.60001,205.0,255.14999,114854.0
2020-03-16 09:15:00,NSE:IGARASHI,240.0,246.5,225.25,228.85001,70504.0
2020-03-17 09:15:00,NSE:IGARASHI,235.0,235.0,210.0,214.05,82988.0
2020-03-18 09:15:00,NSE:IGARASHI,221.85001,223.7,194.0,196.45,98997.0
2020-03-19 09:15:00,NSE:IGARASHI,190.0,190.0,175.5,178.3,118972.0
2020-03-20 09:15:00,NSE:IGARASHI,180.0,194.7,179.05,189.8,103314.0
2020-03-23 09:15:00,NSE:IGARASHI,174.0,190.0,170.85001,171.39999,30729.0
2020-03-24 09:15:00,NSE:IGARASHI,176.64999,188.5,157.95,168.7,37563.0
2020-03-25 09:15:00,NSE:IGARASHI,165.0,175.0,160.0,172.3,32376.0
2020-03-26 09:15:00,NSE:IGARASHI,173.05,189.5,172.35001,187.10001,38811.0
2020-03-27 09:15:00,NSE:IGARASHI,197.5,204.95,183.14999,188.3,41316.0
2020-03-30 09:15:00,NSE:IGARASHI,183.25,188.0,174.5,178.8,17785.0
2020-03-31 09:15:00,NSE:IGARASHI,189.95,189.95,178.0,184.35001,24767.0
2020-04-01 09:15:00,NSE:IGARASHI,185.8,196.0,165.95,165.95,120354.0
2020-04-03 09:15:00,NSE:IGARASHI,165.95,165.95,149.55,154.3,183903.0
2020-04-07 09:15:00,NSE:IGARASHI,163.0,165.0,157.60001,162.85001,78346.0
2020-04-08 09:15:00,NSE:IGARASHI,158.14999,174.89999,158.14999,170.60001,77961.0
2020-04-09 09:15:00,NSE:IGARASHI,172.14999,204.7,172.14999,202.8,314671.0
2020-04-13 09:15:00,NSE:IGARASHI,209.89999,211.05,190.0,197.0,141288.0
2020-04-15 09:15:00,NSE:IGARASHI,201.89999,214.39999,196.14999,198.2,122848.0
2020-04-16 09:15:00,NSE:IGARASHI,198.95,215.2,197.0,206.14999,81483.0
2020-04-17 09:15:00,NSE:IGARASHI,214.0,243.39999,206.0,238.3,430580.0
2020-04-20 09:15:00,NSE:IGARASHI,238.8,245.7,222.0,228.89999,229365.0
2020-04-21 09:15:00,NSE:IGARASHI,218.2,225.0,210.0,211.85001,77717.0
2020-04-22 09:15:00,NSE:IGARASHI,211.0,233.0,208.0,228.10001,113552.0
2020-04-23 09:15:00,NSE:IGARASHI,232.0,238.7,223.0,224.7,51002.0
2020-04-24 09:15:00,NSE:IGARASHI,220.0,227.45,215.39999,220.55,50807.0
2020-04-27 09:15:00,NSE:IGARASHI,223.0,232.0,221.55,225.75,62648.0
2020-04-28 09:15:00,NSE:IGARASHI,226.95,229.85001,220.5,222.14999,43598.0
2020-04-29 09:15:00,NSE:IGARASHI,222.3,247.5,222.25,238.64999,364022.0
2020-04-30 09:15:00,NSE:IGARASHI,243.0,253.0,238.0,238.89999,241868.0
2020-05-04 09:15:00,NSE:IGARASHI,230.0,230.0,220.14999,222.05,56875.0
2020-05-05 09:15:00,NSE:IGARASHI,224.10001,227.75,215.60001,216.60001,71353.0
2020-05-06 09:15:00,NSE:IGARASHI,217.7,224.0,212.5,213.60001,125329.0
2020-05-07 09:15:00,NSE:IGARASHI,213.0,220.7,213.0,215.05,94795.0
2020-05-08 09:15:00,NSE:IGARASHI,219.89999,224.0,218.0,218.75,90122.0
2020-05-11 09:15:00,NSE:IGARASHI,220.85001,237.7,220.2,231.45,585746.0
2020-05-12 09:15:00,NSE:IGARASHI,228.7,228.7,220.0,225.89999,64559.0
2020-05-13 09:15:00,NSE:IGARASHI,231.39999,235.89999,226.10001,227.05,60092.0
2020-05-14 09:15:00,NSE:IGARASHI,224.64999,233.7,222.39999,224.25,79498.0
2020-05-15 09:15:00,NSE:IGARASHI,224.2,228.14999,217.3,218.14999,58956.0
2020-05-18 09:15:00,NSE:IGARASHI,219.5,220.3,198.35001,201.10001,88619.0
2020-05-19 09:15:00,NSE:IGARASHI,203.0,209.35001,202.0,203.5,63846.0
2020-05-20 09:15:00,NSE:IGARASHI,203.5,213.75,203.45,209.75,68125.0
2020-05-21 09:15:00,NSE:IGARASHI,210.8,217.5,207.0,208.7,70172.0
2020-05-22 09:15:00,NSE:IGARASHI,207.5,210.55,202.14999,205.0,36084.0
2020-05-26 09:15:00,NSE:IGARASHI,207.0,211.0,205.0,205.85001,28795.0
2020-05-27 09:15:00,NSE:IGARASHI,208.0,208.95,203.10001,206.60001,38095.0
2020-05-28 09:15:00,NSE:IGARASHI,209.7,219.8,207.75,215.39999,150051.0
2020-05-29 09:15:00,NSE:IGARASHI,215.14999,243.0,213.0,225.60001,687559.0
2020-06-01 09:15:00,NSE:IGARASHI,229.75,236.35001,229.75,230.95,94098.0
2020-06-02 09:15:00,NSE:IGARASHI,232.64999,239.05,230.2,234.85001,105023.0
2020-06-03 09:15:00,NSE:IGARASHI,238.0,243.85001,233.05,235.10001,123952.0
2020-06-04 09:15:00,NSE:IGARASHI,237.0,269.70001,237.0,243.25,1067001.0
2020-06-05 09:15:00,NSE:IGARASHI,242.64999,249.0,234.3,239.10001,233390.0
2020-06-08 09:15:00,NSE:IGARASHI,241.5,249.14999,231.2,233.64999,234989.0
2020-06-09 09:15:00,NSE:IGARASHI,235.8,241.95,231.10001,232.5,116187.0
2020-06-10 09:15:00,NSE:IGARASHI,233.7,237.95,231.2,231.89999,51020.0
2020-06-11 09:15:00,NSE:IGARASHI,231.89999,234.0,220.0,222.14999,89715.0
2020-06-12 09:15:00,NSE:IGARASHI,211.0,224.45,208.0,222.95,80103.0
2020-06-15 09:15:00,NSE:IGARASHI,220.64999,230.5,220.0,221.14999,47824.0
2020-06-16 09:15:00,NSE:IGARASHI,225.0,232.39999,221.10001,227.89999,236370.0
2020-06-17 09:15:00,NSE:IGARASHI,225.25,236.7,225.25,234.5,159721.0
2020-06-18 09:15:00,NSE:IGARASHI,260.0,281.39999,260.0,281.39999,948623.0
2020-06-19 09:15:00,NSE:IGARASHI,305.0,332.89999,305.0,318.89999,2304240.0
2020-06-22 09:15:00,NSE:IGARASHI,318.60001,322.0,294.04999,299.70001,441509.0
2020-06-23 09:15:00,NSE:IGARASHI,299.70001,314.0,295.0,300.25,495742.0
2020-06-24 09:15:00,NSE:IGARASHI,301.20001,307.95001,285.0,287.85001,254942.0
2020-06-25 09:15:00,NSE:IGARASHI,280.0,295.45001,280.0,287.70001,131682.0
2020-06-26 09:15:00,NSE:IGARASHI,289.20001,293.89999,285.5,286.60001,79996.0
2020-06-29 09:15:00,NSE:IGARASHI,284.95001,287.95001,278.0,279.20001,58261.0
2020-06-30 09:15:00,NSE:IGARASHI,280.0,286.29999,276.0,277.04999,72789.0
2020-07-01 09:15:00,NSE:IGARASHI,277.20001,283.0,275.60001,278.25,92254.0
2020-07-02 09:15:00,NSE:IGARASHI,278.39999,298.35001,278.39999,289.25,278231.0
2020-07-03 09:15:00,NSE:IGARASHI,291.20001,291.39999,282.0,284.25,83913.0
2020-07-06 09:15:00,NSE:IGARASHI,285.70001,297.45001,284.0,284.54999,351087.0
2020-07-07 09:15:00,NSE:IGARASHI,286.0,287.89999,278.54999,279.35001,115168.0
2020-07-08 09:15:00,NSE:IGARASHI,280.75,284.70001,273.70001,275.25,77830.0
2020-07-09 09:15:00,NSE:IGARASHI,276.60001,288.0,275.60001,282.0,119314.0
2020-07-10 09:15:00,NSE:IGARASHI,279.64999,284.0,277.0,278.0,44133.0
2020-07-13 09:15:00,NSE:IGARASHI,280.89999,283.0,276.0,276.64999,33381.0
2020-07-14 09:15:00,NSE:IGARASHI,275.0,276.0,270.0,270.89999,40761.0
2020-07-15 09:15:00,NSE:IGARASHI,272.25,274.95001,263.0,264.20001,55997.0
2020-07-16 09:15:00,NSE:IGARASHI,260.0,264.20001,255.10001,261.20001,53662.0
2020-07-17 09:15:00,NSE:IGARASHI,261.70001,273.5,261.70001,271.45001,91619.0
2020-07-20 09:15:00,NSE:IGARASHI,271.89999,279.75,269.0,272.64999,59284.0
2020-07-21 09:15:00,NSE:IGARASHI,274.0,278.0,270.14999,270.45001,31673.0
2020-07-22 09:15:00,NSE:IGARASHI,270.5,274.89999,266.89999,268.04999,40446.0
2020-07-23 09:15:00,NSE:IGARASHI,271.70001,271.70001,267.0,268.60001,27146.0
2020-07-24 09:15:00,NSE:IGARASHI,269.64999,269.64999,263.0,263.79999,37222.0
2020-07-27 09:15:00,NSE:IGARASHI,265.14999,266.70001,257.29999,258.10001,33092.0
2020-07-28 09:15:00,NSE:IGARASHI,259.29999,273.60001,258.64999,265.75,185137.0
2020-07-29 09:15:00,NSE:IGARASHI,265.95001,265.95001,258.5,259.29999,47166.0
2020-07-30 09:15:00,NSE:IGARASHI,260.0,263.75,255.05,256.75,46411.0
2020-07-31 09:15:00,NSE:IGARASHI,258.04999,262.0,256.20001,258.04999,32960.0
2020-08-03 09:15:00,NSE:IGARASHI,259.35001,280.0,258.04999,275.10001,227382.0
2020-08-04 09:15:00,NSE:IGARASHI,277.10001,282.95001,271.0,275.45001,109954.0
2020-08-05 09:15:00,NSE:IGARASHI,270.0,292.0,262.10001,281.79999,338399.0
2020-08-06 09:15:00,NSE:IGARASHI,283.10001,284.35001,276.20001,277.85001,44072.0
2020-08-07 09:15:00,NSE:IGARASHI,283.0,293.35001,279.35001,282.64999,249222.0
2020-08-10 09:15:00,NSE:IGARASHI,284.10001,288.5,276.20001,277.29999,79159.0
2020-08-11 09:15:00,NSE:IGARASHI,279.25,292.0,277.60001,283.04999,159429.0
2020-08-12 09:15:00,NSE:IGARASHI,282.89999,292.0,277.10001,288.39999,356353.0
2020-08-13 09:15:00,NSE:IGARASHI,290.70001,294.0,284.79999,285.60001,138172.0
2020-08-14 09:15:00,NSE:IGARASHI,287.95001,308.79999,287.89999,290.35001,506137.0
2020-08-17 09:15:00,NSE:IGARASHI,290.54999,296.20001,285.29999,286.95001,84567.0
2020-08-18 09:15:00,NSE:IGARASHI,288.95001,317.0,288.95001,311.95001,658215.0
2020-08-19 09:15:00,NSE:IGARASHI,317.89999,324.5,309.10001,311.5,386737.0
2020-08-20 09:15:00,NSE:IGARASHI,309.89999,322.89999,306.39999,309.54999,234179.0
2020-08-21 09:15:00,NSE:IGARASHI,311.10001,318.89999,306.0,307.10001,114806.0
2020-08-24 09:15:00,NSE:IGARASHI,309.0,316.0,304.0,305.04999,94410.0
2020-08-25 09:15:00,NSE:IGARASHI,306.5,314.0,301.25,303.75,126054.0
2020-08-26 09:15:00,NSE:IGARASHI,306.45001,322.5,306.45001,312.5,448700.0
2020-08-27 09:15:00,NSE:IGARASHI,314.79999,319.85001,306.10001,308.79999,84363.0
2020-08-28 09:15:00,NSE:IGARASHI,311.0,330.0,308.10001,322.45001,580649.0
2020-08-31 09:15:00,NSE:IGARASHI,324.89999,327.0,298.10001,302.75,160735.0
2020-09-01 09:15:00,NSE:IGARASHI,304.85001,311.60001,295.0,302.85001,63819.0
2020-09-02 09:15:00,NSE:IGARASHI,302.85001,317.60001,295.10001,305.64999,216946.0
2020-09-03 09:15:00,NSE:IGARASHI,308.0,312.5,304.0,306.39999,55487.0
2020-09-04 09:15:00,NSE:IGARASHI,304.0,313.14999,298.25,303.75,93597.0
2020-09-07 09:15:00,NSE:IGARASHI,304.0,307.0,295.85001,298.75,40730.0
2020-09-08 09:15:00,NSE:IGARASHI,298.0,311.5,296.04999,301.25,161646.0
2020-09-09 09:15:00,NSE:IGARASHI,297.89999,299.95001,291.25,297.5,37935.0
2020-09-10 09:15:00,NSE:IGARASHI,299.79999,303.5,295.20001,296.64999,22474.0
2020-09-11 09:15:00,NSE:IGARASHI,297.0,302.35001,297.0,298.64999,21547.0
2020-09-14 09:15:00,NSE:IGARASHI,302.35001,308.20001,299.0,300.60001,56411.0
2020-09-15 09:15:00,NSE:IGARASHI,302.5,310.10001,301.04999,306.10001,66795.0
2020-09-16 09:15:00,NSE:IGARASHI,306.10001,322.0,305.64999,312.70001,186966.0
2020-09-17 09:15:00,NSE:IGARASHI,310.0,314.95001,307.35001,308.25,29629.0
2020-09-18 09:15:00,NSE:IGARASHI,310.0,312.89999,302.25,303.04999,33741.0
2020-09-21 09:15:00,NSE:IGARASHI,307.35001,309.35001,286.10001,288.70001,43836.0
2020-09-22 09:15:00,NSE:IGARASHI,288.04999,290.10001,263.95001,277.89999,100207.0
2020-09-23 09:15:00,NSE:IGARASHI,280.0,286.95001,269.0,275.95001,37928.0
2020-09-24 09:15:00,NSE:IGARASHI,276.0,276.0,261.0,262.10001,96428.0
2020-09-25 09:15:00,NSE:IGARASHI,270.0,280.29999,264.35001,277.10001,66602.0
2020-09-28 09:15:00,NSE:IGARASHI,279.89999,289.79999,277.29999,286.54999,37055.0
2020-09-29 09:15:00,NSE:IGARASHI,288.0,292.0,280.20001,283.0,24807.0
2020-09-30 09:15:00,NSE:IGARASHI,283.95001,290.0,280.39999,284.5,25203.0
2020-10-01 09:15:00,NSE:IGARASHI,290.0,296.0,285.70001,287.14999,62215.0
2020-10-05 09:15:00,NSE:IGARASHI,292.0,296.45001,288.14999,290.04999,30644.0
2020-10-06 09:15:00,NSE:IGARASHI,290.29999,293.89999,288.0,289.5,25852.0
2020-10-07 09:15:00,NSE:IGARASHI,289.85001,290.20001,285.10001,287.95001,13555.0
2020-10-08 09:15:00,NSE:IGARASHI,287.70001,288.0,280.04999,281.79999,24967.0
2020-10-09 09:15:00,NSE:IGARASHI,283.04999,286.45001,281.35001,283.60001,13094.0
2020-10-12 09:15:00,NSE:IGARASHI,280.75,283.0,276.0,277.14999,16476.0
2020-10-13 09:15:00,NSE:IGARASHI,277.14999,284.5,275.0,276.75,27121.0
2020-10-14 09:15:00,NSE:IGARASHI,277.04999,281.60001,272.54999,275.64999,21539.0
2020-10-15 09:15:00,NSE:IGARASHI,277.0,280.20001,273.10001,273.70001,14707.0
2020-10-16 09:15:00,NSE:IGARASHI,274.14999,287.89999,273.60001,286.29999,34296.0
2020-10-19 09:15:00,NSE:IGARASHI,288.0,290.89999,284.0,287.75,24552.0
2020-10-20 09:15:00,NSE:IGARASHI,285.75,287.75,280.5,281.60001,12375.0
2020-10-21 09:15:00,NSE:IGARASHI,286.85001,287.45001,276.79999,281.39999,19067.0
2020-10-22 09:15:00,NSE:IGARASHI,278.10001,284.0,278.0,280.29999,9422.0
2020-10-23 09:15:00,NSE:IGARASHI,282.10001,293.0,280.35001,284.45001,41938.0
2020-10-26 09:15:00,NSE:IGARASHI,285.0,286.89999,276.0,277.10001,15186.0
2020-10-27 09:15:00,NSE:IGARASHI,277.10001,279.5,274.0,276.64999,10482.0
2020-10-28 09:15:00,NSE:IGARASHI,277.95001,281.0,272.35001,273.35001,11493.0
2020-10-29 09:15:00,NSE:IGARASHI,271.45001,279.0,267.20001,273.39999,22921.0
2020-10-30 09:15:00,NSE:IGARASHI,277.54999,277.54999,268.85001,271.20001,9049.0
2020-11-02 09:15:00,NSE:IGARASHI,272.70001,275.60001,268.10001,271.0,12252.0
2020-11-03 09:15:00,NSE:IGARASHI,274.0,276.0,270.60001,272.25,10607.0
2020-11-04 09:15:00,NSE:IGARASHI,274.0,276.75,268.0,271.85001,10942.0
2020-11-05 09:15:00,NSE:IGARASHI,273.70001,284.0,272.5,276.85001,33440.0
2020-11-06 09:15:00,NSE:IGARASHI,279.0,287.79999,277.45001,281.89999,38792.0
2020-11-09 09:15:00,NSE:IGARASHI,282.35001,287.0,278.0,281.85001,28846.0
2020-11-10 09:15:00,NSE:IGARASHI,283.10001,286.0,280.0,282.04999,21552.0
2020-11-11 09:15:00,NSE:IGARASHI,283.60001,303.0,280.39999,291.75,108876.0
2020-11-12 09:15:00,NSE:IGARASHI,292.10001,306.79999,292.10001,295.5,173941.0
2020-11-13 09:15:00,NSE:IGARASHI,297.89999,297.89999,288.0,290.20001,44189.0
2020-11-14 18:00:00,NSE:IGARASHI,292.39999,296.95001,290.0,293.60001,10214.0
2020-11-17 09:15:00,NSE:IGARASHI,294.5,296.5,290.0,290.95001,28921.0
2020-11-18 09:15:00,NSE:IGARASHI,293.45001,318.79999,290.95001,309.5,336673.0
2020-11-19 09:15:00,NSE:IGARASHI,309.5,320.5,302.0,303.10001,134866.0
2020-11-20 09:15:00,NSE:IGARASHI,305.79999,356.0,305.54999,340.54999,1411948.0
2020-11-23 09:15:00,NSE:IGARASHI,346.60001,348.79999,329.85001,332.0,182571.0
2020-11-24 09:15:00,NSE:IGARASHI,336.89999,353.0,326.29999,339.70001,405759.0
2020-11-25 09:15:00,NSE:IGARASHI,341.39999,342.85001,325.10001,327.54999,89588.0
2020-11-26 09:15:00,NSE:IGARASHI,329.60001,332.25,322.0,327.75,44784.0
2020-11-27 09:15:00,NSE:IGARASHI,328.0,337.39999,325.0,329.10001,70463.0
2020-12-01 09:15:00,NSE:IGARASHI,329.10001,341.95001,322.14999,330.85001,92176.0
2020-12-02 09:15:00,NSE:IGARASHI,332.5,338.0,325.95001,329.25,42856.0
2020-12-03 09:15:00,NSE:IGARASHI,330.89999,340.5,330.89999,333.60001,74997.0
2020-12-04 09:15:00,NSE:IGARASHI,334.89999,338.0,329.5,331.35001,38700.0
2020-12-07 09:15:00,NSE:IGARASHI,333.89999,341.20001,327.60001,333.75,142585.0
2020-12-08 09:15:00,NSE:IGARASHI,337.95001,340.0,327.25,330.0,75454.0
2020-12-09 09:15:00,NSE:IGARASHI,335.0,341.0,329.29999,333.85001,104948.0
2020-12-10 09:15:00,NSE:IGARASHI,338.95001,340.0,326.95001,329.70001,91346.0
2020-12-11 09:15:00,NSE:IGARASHI,332.20001,349.85001,329.70001,338.29999,461726.0
2020-12-14 09:15:00,NSE:IGARASHI,340.0,346.85001,333.45001,339.10001,128854.0
2020-12-15 09:15:00,NSE:IGARASHI,340.60001,346.10001,332.25,339.04999,95354.0
2020-12-16 09:15:00,NSE:IGARASHI,339.25,345.79999,336.75,338.95001,100744.0
2020-12-17 09:15:00,NSE:IGARASHI,341.35001,363.0,337.45001,343.0,512110.0
2020-12-18 09:15:00,NSE:IGARASHI,344.0,348.75,337.85001,341.39999,94872.0
2020-12-21 09:15:00,NSE:IGARASHI,342.0,342.75,306.0,312.35001,98633.0
2020-12-22 09:15:00,NSE:IGARASHI,313.95001,329.95001,302.04999,326.60001,82987.0
2020-12-23 09:15:00,NSE:IGARASHI,326.95001,338.0,325.0,334.39999,55368.0
2020-12-24 09:15:00,NSE:IGARASHI,336.5,343.64999,331.0,331.95001,46652.0
2020-12-28 09:15:00,NSE:IGARASHI,333.75,339.70001,332.10001,333.95001,36144.0
2020-12-29 09:15:00,NSE:IGARASHI,335.64999,340.95001,327.0,328.39999,41972.0
2020-12-30 09:15:00,NSE:IGARASHI,330.10001,336.70001,327.14999,332.75,36476.0
2020-12-31 09:15:00,NSE:IGARASHI,330.0,348.5,329.95001,338.39999,253141.0
2021-01-01 09:15:00,NSE:IGARASHI,340.10001,342.89999,336.0,338.0,29876.0
2021-01-04 09:15:00,NSE:IGARASHI,338.0,345.95001,335.95001,337.45001,60832.0
2021-01-05 09:15:00,NSE:IGARASHI,336.5,396.75,333.0,378.95001,1395936.0
2021-01-06 09:15:00,NSE:IGARASHI,380.0,387.14999,353.79999,364.14999,364803.0
2021-01-07 09:15:00,NSE:IGARASHI,367.04999,372.85001,360.0,361.39999,98385.0
2021-01-08 09:15:00,NSE:IGARASHI,365.0,381.75,361.10001,362.25,275125.0
2021-01-11 09:15:00,NSE:IGARASHI,368.54999,368.70001,355.35001,357.85001,86930.0
2021-01-12 09:15:00,NSE:IGARASHI,360.0,374.5,356.04999,362.20001,205080.0
2021-01-13 09:15:00,NSE:IGARASHI,366.95001,380.0,357.0,363.85001,318595.0
2021-01-14 09:15:00,NSE:IGARASHI,366.60001,368.39999,358.0,359.39999,91350.0
2021-01-15 09:15:00,NSE:IGARASHI,359.0,361.35001,346.0,355.64999,81230.0
2021-01-18 09:15:00,NSE:IGARASHI,364.0,364.0,333.0,340.5,115534.0
2021-01-19 09:15:00,NSE:IGARASHI,342.0,352.75,335.14999,337.39999,103173.0
2021-01-20 09:15:00,NSE:IGARASHI,337.95001,342.0,332.0,333.60001,128036.0
2021-01-21 09:15:00,NSE:IGARASHI,336.5,350.95001,325.64999,328.64999,333449.0
2021-01-22 09:15:00,NSE:IGARASHI,327.0,344.89999,322.0,324.39999,229254.0
2021-01-25 09:15:00,NSE:IGARASHI,326.54999,332.89999,322.0,323.45001,58059.0
2021-01-27 09:15:00,NSE:IGARASHI,323.45001,325.60001,317.0,323.75,41618.0
2021-01-28 09:15:00,NSE:IGARASHI,315.04999,323.25,315.0,317.79999,44866.0
2021-01-29 09:15:00,NSE:IGARASHI,320.14999,325.54999,316.35001,317.95001,41076.0
2021-02-01 09:15:00,NSE:IGARASHI,319.54999,327.29999,311.14999,324.29999,62722.0
2021-02-02 09:15:00,NSE:IGARASHI,326.85001,344.79999,325.64999,328.85001,229422.0
2021-02-03 09:15:00,NSE:IGARASHI,332.10001,346.0,327.10001,328.14999,238755.0
2021-02-04 09:15:00,NSE:IGARASHI,329.70001,339.79999,329.35001,333.5,131856.0
2021-02-05 09:15:00,NSE:IGARASHI,333.0,337.89999,323.39999,327.35001,105844.0
2021-02-08 09:15:00,NSE:IGARASHI,329.5,339.70001,326.0,328.25,175323.0
2021-02-09 09:15:00,NSE:IGARASHI,331.0,339.04999,329.14999,332.64999,195069.0
2021-02-10 09:15:00,NSE:IGARASHI,333.0,339.10001,324.64999,328.75,129195.0
2021-02-11 09:15:00,NSE:IGARASHI,331.0,335.54999,327.79999,328.54999,80025.0
2021-02-12 09:15:00,NSE:IGARASHI,330.5,337.95001,329.60001,332.35001,159200.0
2021-02-15 09:15:00,NSE:IGARASHI,336.29999,341.75,326.25,327.70001,174732.0
2021-02-16 09:15:00,NSE:IGARASHI,329.20001,332.14999,317.45001,319.70001,158529.0
2021-02-17 09:15:00,NSE:IGARASHI,322.0,322.0,309.25,314.60001,172862.0
2021-02-18 09:15:00,NSE:IGARASHI,316.89999,329.70001,315.0,317.64999,204213.0
2021-02-19 09:15:00,NSE:IGARASHI,320.20001,324.45001,315.5,317.79999,83220.0
2021-02-22 09:15:00,NSE:IGARASHI,319.20001,326.25,316.29999,318.95001,156021.0
2021-02-23 09:15:00,NSE:IGARASHI,320.35001,328.10001,311.25,321.20001,167614.0
2021-02-24 09:15:00,NSE:IGARASHI,324.29999,333.54999,317.0,319.95001,158636.0
2021-02-25 09:15:00,NSE:IGARASHI,321.35001,328.29999,320.10001,321.10001,84441.0
2021-02-26 09:15:00,NSE:IGARASHI,320.0,323.70001,316.0,319.35001,55988.0
2021-03-01 09:15:00,NSE:IGARASHI,320.95,328.5,319.9,321.75,92257.0
2021-03-02 09:15:00,NSE:IGARASHI,323.4,326.45,318.5,319.4,71710.0
2021-03-03 09:15:00,NSE:IGARASHI,323.95,334.4,321.55,325.85,238339.0
2021-03-04 09:15:00,NSE:IGARASHI,321.0,346.0,321.0,337.25,612677.0
2021-03-05 09:15:00,NSE:IGARASHI,348.0,357.2,321.25,333.85,610370.0
2021-03-08 09:15:00,NSE:IGARASHI,341.0,354.0,334.0,335.55,311526.0
2021-03-09 09:15:00,NSE:IGARASHI,338.5,344.0,324.85,327.85,156361.0
2021-03-10 09:15:00,NSE:IGARASHI,331.6,332.6,318.0,319.65,201020.0
2021-03-12 09:15:00,NSE:IGARASHI,323.2,325.0,312.15,313.25,207131.0
2021-03-15 09:15:00,NSE:IGARASHI,315.0,317.9,310.0,311.95,176980.0
2021-03-16 09:15:00,NSE:IGARASHI,314.45,323.0,312.0,313.4,192478.0
2021-03-17 09:15:00,NSE:IGARASHI,314.7,320.5,308.7,310.0,134718.0
2021-03-18 09:15:00,NSE:IGARASHI,313.9,316.7,293.7,296.05,122304.0
2021-03-19 09:15:00,NSE:IGARASHI,294.4,297.35,286.5,291.5,136371.0
2021-03-22 09:15:00,NSE:IGARASHI,292.5,301.6,288.25,290.45,131616.0
2021-03-23 09:15:00,NSE:IGARASHI,291.0,295.0,286.4,287.7,123138.0
2021-03-24 09:15:00,NSE:IGARASHI,286.55,291.0,280.0,281.1,103926.0
2021-03-25 09:15:00,NSE:IGARASHI,282.4,283.0,267.0,268.25,155631.0
2021-03-26 09:15:00,NSE:IGARASHI,272.5,276.65,266.55,270.0,152202.0
2021-03-30 09:15:00,NSE:IGARASHI,274.0,278.0,263.0,265.7,123472.0
2021-03-31 09:15:00,NSE:IGARASHI,267.05,277.3,265.1,272.5,122310.0
2021-04-01 09:15:00,NSE:IGARASHI,275.2,289.0,273.95,285.3,150802.0
2021-04-05 09:15:00,NSE:IGARASHI,285.0,287.0,274.45,278.2,65415.0
2021-04-06 09:15:00,NSE:IGARASHI,280.5,306.85,280.5,301.35,356707.0
2021-04-07 09:15:00,NSE:IGARASHI,301.9,316.0,300.5,313.85,196023.0
2021-04-08 09:15:00,NSE:IGARASHI,316.35,333.1,310.0,331.5,395452.0
2021-04-09 09:15:00,NSE:IGARASHI,331.5,342.5,325.8,335.2,263727.0
2021-04-12 09:15:00,NSE:IGARASHI,328.0,329.4,307.45,319.55,205351.0
2021-04-13 09:15:00,NSE:IGARASHI,319.55,333.0,316.55,328.0,83194.0
2021-04-15 09:15:00,NSE:IGARASHI,326.0,328.0,313.15,325.8,67073.0
2021-04-16 09:15:00,NSE:IGARASHI,320.1,330.0,320.1,325.15,52421.0
2021-04-19 09:15:00,NSE:IGARASHI,318.9,322.75,306.45,318.8,76517.0
2021-04-20 09:15:00,NSE:IGARASHI,320.0,331.0,318.0,325.2,81975.0
2021-04-22 09:15:00,NSE:IGARASHI,324.0,324.2,315.3,316.0,42445.0
2021-04-23 09:15:00,NSE:IGARASHI,323.0,333.7,317.0,322.7,201053.0
2021-04-26 09:15:00,NSE:IGARASHI,329.9,347.7,326.9,334.75,326088.0
2021-04-27 09:15:00,NSE:IGARASHI,338.0,359.0,338.0,351.05,780587.0
2021-04-28 09:15:00,NSE:IGARASHI,351.2,372.4,351.2,365.9,611379.0
2021-04-29 09:15:00,NSE:IGARASHI,373.95,384.0,366.1,374.95,435380.0
2021-04-30 09:15:00,NSE:IGARASHI,370.0,373.7,356.0,361.55,143848.0
2021-05-03 09:15:00,NSE:IGARASHI,351.25,377.15,351.25,366.3,127626.0
2021-05-04 09:15:00,NSE:IGARASHI,369.25,372.2,351.35,354.4,89899.0
2021-05-05 09:15:00,NSE:IGARASHI,352.2,375.05,352.2,372.15,179137.0
2021-05-06 09:15:00,NSE:IGARASHI,375.5,446.55,375.5,446.55,1809489.0
2021-05-07 09:15:00,NSE:IGARASHI,458.0,464.0,418.0,422.6,586042.0
2021-05-10 09:15:00,NSE:IGARASHI,426.8,507.1,424.6,500.15,1438329.0
2021-05-11 09:15:00,NSE:IGARASHI,485.0,528.95,472.85,505.65,873442.0
2021-05-12 09:15:00,NSE:IGARASHI,505.0,509.0,476.25,480.6,191768.0
2021-05-14 09:15:00,NSE:IGARASHI,480.75,489.0,451.0,454.3,85857.0
2021-05-17 09:15:00,NSE:IGARASHI,457.95,483.4,445.0,467.5,75018.0
2021-05-18 09:15:00,NSE:IGARASHI,471.2,483.95,460.1,461.6,32706.0
2021-05-19 09:15:00,NSE:IGARASHI,464.95,479.0,461.05,465.5,64521.0
2021-05-20 09:15:00,NSE:IGARASHI,468.95,470.7,454.45,455.7,35120.0
2021-05-21 09:15:00,NSE:IGARASHI,460.7,497.0,460.7,475.9,243394.0
2021-05-24 09:15:00,NSE:IGARASHI,478.45,484.4,471.65,473.5,66821.0
2021-05-25 09:15:00,NSE:IGARASHI,477.0,485.3,465.0,480.1,97950.0
2021-05-26 09:15:00,NSE:IGARASHI,480.0,484.45,455.0,456.5,237385.0
2021-05-27 09:15:00,NSE:IGARASHI,457.8,459.8,434.0,436.8,191498.0
2021-05-28 09:15:00,NSE:IGARASHI,434.0,449.4,432.75,434.9,105136.0
2021-05-31 09:15:00,NSE:IGARASHI,437.0,455.0,426.1,430.15,186282.0
2021-06-01 09:15:00,NSE:IGARASHI,434.95,441.0,418.0,419.3,93223.0
2021-06-02 09:15:00,NSE:IGARASHI,423.4,439.9,419.4,421.6,136169.0
2021-06-03 09:15:00,NSE:IGARASHI,425.8,436.0,425.0,430.55,115449.0
2021-06-04 09:15:00,NSE:IGARASHI,433.0,434.9,425.6,429.0,44721.0
2021-06-07 09:15:00,NSE:IGARASHI,445.55,463.0,443.05,449.55,397606.0
2021-06-08 09:15:00,NSE:IGARASHI,451.0,458.05,445.55,449.25,136974.0
2021-06-09 09:15:00,NSE:IGARASHI,451.0,496.05,451.0,465.35,970296.0
2021-06-10 09:15:00,NSE:IGARASHI,470.0,485.85,465.0,470.55,154189.0
2021-06-11 09:15:00,NSE:IGARASHI,474.3,486.95,470.0,471.9,115408.0
2021-06-14 09:15:00,NSE:IGARASHI,474.6,485.9,456.15,478.85,232660.0
2021-06-15 09:15:00,NSE:IGARASHI,481.0,503.5,480.0,482.05,418601.0
2021-06-16 09:15:00,NSE:IGARASHI,484.9,489.8,478.05,481.15,91891.0
2021-06-17 09:15:00,NSE:IGARASHI,476.95,480.0,458.0,466.55,80423.0
2021-06-18 09:15:00,NSE:IGARASHI,469.9,473.4,449.0,459.6,104497.0
2021-06-21 09:15:00,NSE:IGARASHI,450.0,465.95,442.75,460.15,63590.0
2021-06-22 09:15:00,NSE:IGARASHI,465.0,477.05,457.0,460.35,69230.0
2021-06-23 09:15:00,NSE:IGARASHI,464.95,482.95,456.1,458.75,104832.0
2021-06-24 09:15:00,NSE:IGARASHI,462.95,484.95,461.5,472.2,403229.0
2021-06-25 09:15:00,NSE:IGARASHI,474.9,498.85,474.9,484.8,549815.0
2021-06-28 09:15:00,NSE:IGARASHI,498.0,514.7,490.2,495.4,595592.0
2021-06-29 09:15:00,NSE:IGARASHI,498.9,525.55,493.2,502.4,474143.0
2021-06-30 09:15:00,NSE:IGARASHI,506.4,528.4,497.0,500.5,259921.0
2021-07-01 09:15:00,NSE:IGARASHI,504.4,517.85,500.2,502.7,177092.0
2021-07-02 09:15:00,NSE:IGARASHI,506.1,514.25,495.2,497.7,102426.0
2021-07-05 09:15:00,NSE:IGARASHI,501.6,512.0,500.2,504.3,92957.0
2021-07-06 09:15:00,NSE:IGARASHI,506.2,544.8,503.5,517.6,1038392.0
2021-07-07 09:15:00,NSE:IGARASHI,521.75,534.15,519.9,522.6,166771.0
2021-07-08 09:15:00,NSE:IGARASHI,522.95,549.75,522.0,533.45,403021.0
2021-07-09 09:15:00,NSE:IGARASHI,537.65,560.95,526.45,554.0,339827.0
2021-07-12 09:15:00,NSE:IGARASHI,555.9,581.8,555.2,569.9,643645.0
2021-07-13 09:15:00,NSE:IGARASHI,573.0,587.0,559.1,562.9,312149.0
2021-07-14 09:15:00,NSE:IGARASHI,566.1,569.8,540.0,542.45,177209.0
2021-07-15 09:15:00,NSE:IGARASHI,546.0,562.8,542.55,547.65,200460.0
2021-07-16 09:15:00,NSE:IGARASHI,549.85,558.0,541.0,542.95,183906.0
2021-07-19 09:15:00,NSE:IGARASHI,536.7,540.1,522.75,529.2,91303.0
2021-07-20 09:15:00,NSE:IGARASHI,527.0,532.0,508.7,521.95,114854.0
