datetime,symbol,open,high,low,close,volume
2016-07-19 15:00:00,NSE:TCI,232.349229,233.704035,232.0105275,232.8234111,16534.0
2016-07-20 09:00:00,NSE:TCI,234.07660665,239.800662,234.07660665,237.93780375,36140.0
2016-07-20 11:00:00,NSE:TCI,238.2426351,240.478065,236.4813873,238.8522978,42514.0
2016-07-20 13:00:00,NSE:TCI,238.61520675,239.800662,237.09105,239.123259,10936.0
2016-07-20 15:00:00,NSE:TCI,239.123259,239.800662,237.8361933,238.88616795,23924.0
2016-07-21 09:00:00,NSE:TCI,239.123259,242.47640385,239.123259,240.478065,31314.0
2016-07-21 11:00:00,NSE:TCI,240.8167665,240.8167665,236.31203655,236.8878291,20454.0
2016-07-21 13:00:00,NSE:TCI,236.0749455,239.8684023,235.8039843,237.4297515,35342.0
2016-07-21 15:00:00,NSE:TCI,237.09105,237.19266045,234.07660665,235.56689325,23495.0
2016-07-22 09:00:00,NSE:TCI,235.736244,237.0233097,233.704035,236.10881565,16608.0
2016-07-22 11:00:00,NSE:TCI,235.736244,240.478065,234.7201395,238.20876495,33119.0
2016-07-22 13:00:00,NSE:TCI,238.20876495,241.73126055,237.19266045,239.22486945,41383.0
2016-07-22 15:00:00,NSE:TCI,238.6490769,239.76679185,237.93780375,238.54746645,9096.0
2016-07-25 09:00:00,NSE:TCI,240.9522471,243.3231576,237.9716739,242.13770235,59648.0
2016-07-25 11:00:00,NSE:TCI,241.86674115,242.13770235,240.478065,240.8167665,15076.0
2016-07-25 13:00:00,NSE:TCI,241.39255905,241.66352025,239.3264799,240.57967545,12892.0
2016-07-25 15:00:00,NSE:TCI,240.57967545,241.4264292,238.5813366,240.0038829,12563.0
2016-07-26 09:00:00,NSE:TCI,238.445856,239.3264799,234.381438,236.24429625,43284.0
2016-07-26 11:00:00,NSE:TCI,236.24429625,237.09105,235.6685037,236.31203655,24698.0
2016-07-26 13:00:00,NSE:TCI,236.7523485,238.41198585,235.736244,235.90559475,23185.0
2016-07-26 15:00:00,NSE:TCI,236.3459067,236.65073805,235.736244,236.413647,22261.0
2016-07-27 09:00:00,NSE:TCI,234.7201395,241.18933815,234.7201395,236.98943955,26119.0
2016-07-27 11:00:00,NSE:TCI,236.98943955,237.768453,236.0749455,237.1587903,9031.0
2016-07-27 13:00:00,NSE:TCI,237.09105,237.09105,235.8717246,236.3459067,6648.0
2016-07-27 15:00:00,NSE:TCI,235.90559475,237.768453,235.22819175,236.04107535,10363.0
2016-07-28 09:00:00,NSE:TCI,241.832871,249.8262264,240.478065,248.3359398,146157.0
2016-07-28 11:00:00,NSE:TCI,248.57303085,249.1488234,242.510274,242.510274,64372.0
2016-07-28 13:00:00,NSE:TCI,243.187677,257.41314,243.187677,255.380931,327760.0
2016-07-28 15:00:00,NSE:TCI,255.14383995,255.75350265,250.7745906,252.9422802,100385.0
2016-07-29 09:00:00,NSE:TCI,254.026125,259.0389072,252.09552645,254.39869665,236846.0
2016-07-29 11:00:00,NSE:TCI,254.39869665,255.0422295,253.0100205,254.9744892,75101.0
2016-07-29 13:00:00,NSE:TCI,254.9744892,254.9744892,252.84066975,252.90841005,78437.0
2016-07-29 15:00:00,NSE:TCI,252.8745399,254.9744892,249.31817415,252.70518915,77396.0
2016-08-01 09:00:00,NSE:TCI,257.17604895,259.7840505,254.0938653,255.75350265,77519.0
2016-08-01 11:00:00,NSE:TCI,255.75350265,256.058334,249.961707,252.671319,40143.0
2016-08-01 13:00:00,NSE:TCI,252.671319,254.39869665,249.961707,253.38259215,25801.0
2016-08-01 15:00:00,NSE:TCI,253.348722,253.348722,248.64077115,250.67298015,25076.0
2016-08-02 09:00:00,NSE:TCI,252.671319,256.058334,251.3842533,254.3648265,50525.0
2016-08-02 11:00:00,NSE:TCI,254.6357877,262.832364,253.6874235,255.7196325,162894.0
2016-08-02 13:00:00,NSE:TCI,255.95672355,256.058334,251.01168165,253.0100205,67513.0
2016-08-02 15:00:00,NSE:TCI,253.0100205,253.72129365,251.01168165,252.29874735,37713.0
2016-08-03 09:00:00,NSE:TCI,253.04389065,254.026125,239.800662,242.61188445,162887.0
2016-08-03 11:00:00,NSE:TCI,243.86508,246.47308155,242.7134949,243.62798895,51114.0
2016-08-03 13:00:00,NSE:TCI,243.86508,246.13438005,240.478065,242.61188445,81926.0
2016-08-03 15:00:00,NSE:TCI,241.832871,242.47640385,236.4813873,239.5297008,85020.0
2016-08-04 09:00:00,NSE:TCI,245.72793825,246.574692,238.3781157,244.91505465,145160.0
2016-08-04 11:00:00,NSE:TCI,245.11827555,247.252095,242.54414415,243.28928745,113726.0
2016-08-04 13:00:00,NSE:TCI,243.15380685,243.15380685,239.90227245,241.6296501,42393.0
2016-08-04 15:00:00,NSE:TCI,241.6296501,242.4425337,239.15712915,240.9522471,31097.0
2016-08-05 09:00:00,NSE:TCI,241.18933815,243.86508,238.61520675,240.03775305,38467.0
2016-08-05 11:00:00,NSE:TCI,240.478065,241.832871,239.800662,241.155468,23227.0
2016-08-05 13:00:00,NSE:TCI,241.155468,245.1521457,240.9522471,242.1715725,36215.0
2016-08-05 15:00:00,NSE:TCI,242.1715725,242.8489755,240.0716232,241.79900085,27960.0
2016-08-08 09:00:00,NSE:TCI,240.478065,242.7812352,238.445856,240.9522471,35699.0
2016-08-08 11:00:00,NSE:TCI,240.478065,241.832871,240.1393635,241.12159785,14488.0
2016-08-08 13:00:00,NSE:TCI,241.12159785,241.155468,239.42809035,239.800662,16865.0
2016-08-08 15:00:00,NSE:TCI,239.4619605,240.30871425,238.5135963,239.3264799,14889.0
2016-08-09 09:00:00,NSE:TCI,238.445856,239.800662,236.9555694,237.4297515,24835.0
2016-08-09 11:00:00,NSE:TCI,237.4297515,237.768453,232.8911514,236.0072052,19409.0
2016-08-09 13:00:00,NSE:TCI,235.6685037,237.768453,235.3298022,237.768453,11688.0
2016-08-09 15:00:00,NSE:TCI,237.768453,237.8361933,236.0072052,236.85395895,10623.0
2016-08-10 09:00:00,NSE:TCI,232.349229,239.800662,232.0782678,233.73790515,42145.0
2016-08-10 11:00:00,NSE:TCI,233.704035,235.736244,233.026632,234.9911007,15624.0
2016-08-10 13:00:00,NSE:TCI,234.55078875,234.7201395,230.994423,231.02829315,16118.0
2016-08-10 15:00:00,NSE:TCI,231.671826,232.9588917,231.02829315,231.77343645,8802.0
2016-08-11 09:00:00,NSE:TCI,231.671826,234.3136977,229.639617,229.67348715,14443.0
2016-08-11 11:00:00,NSE:TCI,230.68959165,230.82507225,227.91223935,228.284811,26296.0
2016-08-11 13:00:00,NSE:TCI,227.9461095,228.962214,226.930005,227.5396677,14168.0
2016-08-11 15:00:00,NSE:TCI,227.5396677,227.5396677,221.2398198,223.50911985,30743.0
2016-08-12 09:00:00,NSE:TCI,223.54299,227.77675875,220.2237153,227.43805725,61060.0
2016-08-12 11:00:00,NSE:TCI,227.607408,228.6235125,226.252602,227.16709605,12013.0
2016-08-12 13:00:00,NSE:TCI,227.30257665,227.91223935,224.897796,225.47358855,19777.0
2016-08-12 15:00:00,NSE:TCI,225.47358855,228.8267334,225.2364975,227.43805725,16487.0
2016-08-16 09:00:00,NSE:TCI,229.639617,234.8556201,229.639617,232.6879305,26434.0
2016-08-16 11:00:00,NSE:TCI,232.4169693,233.67016485,228.8267334,229.3009155,38112.0
2016-08-16 13:00:00,NSE:TCI,229.60574685,232.99276185,229.40252595,231.09603345,10702.0
2016-08-16 15:00:00,NSE:TCI,231.1299036,232.9588917,231.1299036,231.8073066,7519.0
2016-08-17 09:00:00,NSE:TCI,233.67016485,236.413647,231.0621633,233.53468425,26894.0
2016-08-17 11:00:00,NSE:TCI,233.026632,234.48304845,232.7556708,233.026632,14244.0
2016-08-17 13:00:00,NSE:TCI,233.026632,235.058841,232.349229,234.07660665,19104.0
2016-08-17 15:00:00,NSE:TCI,233.87338575,234.9911007,233.0943723,234.9911007,9903.0
2016-08-18 09:00:00,NSE:TCI,239.800662,247.62466665,239.800662,242.74736505,103414.0
2016-08-18 11:00:00,NSE:TCI,243.35702775,243.76346955,240.8845068,242.1715725,51809.0
2016-08-18 13:00:00,NSE:TCI,242.40866355,242.81510535,240.6135456,241.5619098,29708.0
2016-08-18 15:00:00,NSE:TCI,241.5619098,243.35702775,241.5619098,242.47640385,26359.0
2016-08-19 09:00:00,NSE:TCI,244.7457039,247.82788755,238.445856,239.4619605,153202.0
2016-08-19 11:00:00,NSE:TCI,239.4619605,240.478065,238.7845575,239.8684023,35132.0
2016-08-19 13:00:00,NSE:TCI,239.90227245,241.155468,239.123259,239.42809035,33685.0
2016-08-19 15:00:00,NSE:TCI,239.123259,239.123259,235.49915295,237.53136195,58014.0
2016-08-22 09:00:00,NSE:TCI,239.56357095,247.1166144,235.70237385,243.56024865,96865.0
2016-08-22 11:00:00,NSE:TCI,243.56024865,246.1682502,241.32481875,244.3392621,55599.0
2016-08-22 13:00:00,NSE:TCI,243.89895015,244.542483,241.46029935,243.187677,28130.0
2016-08-22 15:00:00,NSE:TCI,242.9844561,242.9844561,241.832871,242.40866355,29499.0
2016-08-23 09:00:00,NSE:TCI,243.83120985,243.86508,234.7878798,234.9911007,101682.0
2016-08-23 11:00:00,NSE:TCI,234.9911007,235.3975425,234.0427365,234.41530815,49412.0
2016-08-23 13:00:00,NSE:TCI,234.381438,235.058841,232.5524499,234.1104768,135143.0
2016-08-23 15:00:00,NSE:TCI,234.3136977,236.6846082,233.8395156,235.058841,24025.0
2016-08-24 09:00:00,NSE:TCI,236.44751715,244.84731435,236.44751715,241.832871,93393.0
2016-08-24 11:00:00,NSE:TCI,242.4425337,244.44087255,240.24097395,244.0683009,77052.0
2016-08-24 13:00:00,NSE:TCI,244.0683009,249.961707,242.5780143,246.3714711,111104.0
2016-08-24 15:00:00,NSE:TCI,246.33760095,247.1843547,244.77957405,245.99889945,51200.0
2016-08-25 09:00:00,NSE:TCI,247.252095,253.6196832,247.252095,251.28264285,143086.0
2016-08-25 11:00:00,NSE:TCI,250.94394135,251.6552145,249.284304,250.94394135,55444.0
2016-08-25 13:00:00,NSE:TCI,250.9100712,253.99225485,249.284304,249.3520443,136420.0
2016-08-25 15:00:00,NSE:TCI,250.13105775,250.63911,247.96336815,249.284304,70267.0
2016-08-26 09:00:00,NSE:TCI,200.0,209.0,190.0,200.0,64928.0
2016-08-26 11:00:00,NSE:TCI,200.0,200.0,194.0,200.0,27780.0
2016-08-26 13:00:00,NSE:TCI,199.95,200.0,194.2,197.0,20174.0
2016-08-26 15:00:00,NSE:TCI,197.0,198.85,193.0,195.15,47812.0
2016-08-29 09:00:00,NSE:TCI,202.0,202.0,188.0,188.3,22991.0
2016-08-29 11:00:00,NSE:TCI,188.2,189.8,185.4,185.4,28930.0
2016-08-29 13:00:00,NSE:TCI,185.4,190.0,185.4,190.0,28418.0
2016-08-29 15:00:00,NSE:TCI,187.2,189.95,187.2,189.15,6715.0
2016-08-30 09:00:00,NSE:TCI,189.0,189.0,181.5,183.0,29388.0
2016-08-30 11:00:00,NSE:TCI,183.0,183.95,179.7,180.65,55006.0
2016-08-30 13:00:00,NSE:TCI,181.2,182.95,179.7,180.7,21140.0
2016-08-30 15:00:00,NSE:TCI,180.7,181.05,179.7,180.15,8840.0
2016-08-31 09:00:00,NSE:TCI,180.0,185.7,176.0,182.0,30205.0
2016-08-31 11:00:00,NSE:TCI,183.4,187.8,181.6,181.6,38002.0
2016-08-31 13:00:00,NSE:TCI,181.0,185.35,180.05,184.45,24012.0
2016-08-31 15:00:00,NSE:TCI,184.45,184.45,181.3,183.0,3287.0
2016-09-01 09:00:00,NSE:TCI,188.5,189.0,180.1,186.0,13225.0
2016-09-01 11:00:00,NSE:TCI,186.0,190.0,185.85,190.0,28231.0
2016-09-01 13:00:00,NSE:TCI,190.0,192.15,189.0,190.5,37767.0
2016-09-01 15:00:00,NSE:TCI,190.0,192.0,189.15,191.25,6561.0
2016-09-02 09:00:00,NSE:TCI,190.25,196.0,186.2,188.25,13167.0
2016-09-02 11:00:00,NSE:TCI,188.75,192.75,188.75,191.0,5301.0
2016-09-02 13:00:00,NSE:TCI,191.5,191.5,188.6,189.95,7898.0
2016-09-02 15:00:00,NSE:TCI,189.95,192.9,188.6,191.15,11405.0
2016-09-06 09:00:00,NSE:TCI,192.0,193.2,186.0,187.5,13613.0
2016-09-06 11:00:00,NSE:TCI,188.0,189.9,187.9,189.0,4930.0
2016-09-06 13:00:00,NSE:TCI,189.0,190.0,185.0,185.0,20320.0
2016-09-06 15:00:00,NSE:TCI,185.0,188.0,184.1,185.8,6140.0
2016-09-07 09:00:00,NSE:TCI,187.4,188.95,183.0,187.0,8919.0
2016-09-07 11:00:00,NSE:TCI,187.0,188.0,185.4,185.55,7968.0
2016-09-07 13:00:00,NSE:TCI,187.0,187.0,185.55,186.75,1914.0
2016-09-07 15:00:00,NSE:TCI,186.0,187.0,185.1,186.1,5524.0
2016-09-08 09:00:00,NSE:TCI,183.4,188.0,183.4,185.35,18798.0
2016-09-08 11:00:00,NSE:TCI,185.35,187.0,185.0,185.0,6589.0
2016-09-08 13:00:00,NSE:TCI,187.0,187.0,184.2,185.0,6671.0
2016-09-08 15:00:00,NSE:TCI,186.0,186.0,184.0,184.35,2830.0
2016-09-09 09:00:00,NSE:TCI,180.7,188.0,180.7,184.5,13092.0
2016-09-09 11:00:00,NSE:TCI,186.0,187.95,184.5,186.0,5046.0
2016-09-09 13:00:00,NSE:TCI,187.5,189.6,186.0,187.55,17102.0
2016-09-09 15:00:00,NSE:TCI,187.55,193.55,187.55,191.65,16092.0
2016-09-12 09:00:00,NSE:TCI,192.0,194.3,187.95,187.95,33905.0
2016-09-12 11:00:00,NSE:TCI,188.0,189.65,184.1,185.05,36338.0
2016-09-12 13:00:00,NSE:TCI,185.5,186.5,181.5,183.5,24801.0
2016-09-12 15:00:00,NSE:TCI,183.55,185.35,183.5,183.85,4049.0
2016-09-14 09:00:00,NSE:TCI,181.1,184.5,181.0,182.45,13176.0
2016-09-14 11:00:00,NSE:TCI,182.95,184.5,181.85,183.0,6670.0
2016-09-14 13:00:00,NSE:TCI,183.0,186.6,182.0,184.15,17034.0
2016-09-14 15:00:00,NSE:TCI,184.15,184.6,183.05,183.85,3425.0
2016-09-15 09:00:00,NSE:TCI,183.05,185.35,182.0,182.65,11963.0
2016-09-15 11:00:00,NSE:TCI,183.7,184.0,181.2,184.0,19673.0
2016-09-15 13:00:00,NSE:TCI,183.95,183.95,181.45,181.95,9641.0
2016-09-15 15:00:00,NSE:TCI,181.5,182.85,181.2,181.9,7222.0
2016-09-16 09:00:00,NSE:TCI,184.55,184.55,181.75,183.35,9085.0
2016-09-16 11:00:00,NSE:TCI,183.2,187.4,182.4,186.95,27339.0
2016-09-16 13:00:00,NSE:TCI,186.95,193.0,184.15,189.3,55133.0
2016-09-16 15:00:00,NSE:TCI,189.3,199.95,189.3,196.25,73944.0
2016-09-19 09:00:00,NSE:TCI,196.0,204.9,193.9,203.3,68394.0
2016-09-19 11:00:00,NSE:TCI,203.7,206.0,202.5,205.1,45248.0
2016-09-19 13:00:00,NSE:TCI,205.3,205.9,203.0,204.0,18278.0
2016-09-19 15:00:00,NSE:TCI,203.95,207.5,203.5,205.1,17335.0
2016-09-20 09:00:00,NSE:TCI,202.25,205.0,200.15,201.55,18747.0
2016-09-20 11:00:00,NSE:TCI,202.85,204.5,199.0,199.5,14944.0
2016-09-20 13:00:00,NSE:TCI,199.0,199.0,196.95,198.5,10582.0
2016-09-20 15:00:00,NSE:TCI,198.95,200.05,198.5,199.35,7785.0
2016-09-21 09:00:00,NSE:TCI,199.9,210.0,199.0,200.5,17918.0
2016-09-21 11:00:00,NSE:TCI,200.5,202.5,200.3,201.0,9357.0
2016-09-21 13:00:00,NSE:TCI,201.0,201.0,199.0,200.15,8546.0
2016-09-21 15:00:00,NSE:TCI,200.15,202.0,200.0,200.75,6313.0
2016-09-22 09:00:00,NSE:TCI,202.05,203.55,196.6,198.0,10999.0
2016-09-22 11:00:00,NSE:TCI,197.8,198.0,195.75,197.9,8054.0
2016-09-22 13:00:00,NSE:TCI,197.95,198.25,197.3,197.6,1582.0
2016-09-22 15:00:00,NSE:TCI,197.55,198.0,196.9,197.4,4276.0
2016-09-23 09:00:00,NSE:TCI,199.9,203.95,196.55,199.9,12605.0
2016-09-23 11:00:00,NSE:TCI,199.65,201.0,198.05,199.4,5179.0
2016-09-23 13:00:00,NSE:TCI,199.45,200.0,197.15,197.15,5904.0
2016-09-23 15:00:00,NSE:TCI,197.05,198.75,195.1,196.15,5835.0
2016-09-26 09:00:00,NSE:TCI,196.0,198.0,191.5,195.0,10272.0
2016-09-26 11:00:00,NSE:TCI,195.25,195.25,192.0,192.1,7248.0
2016-09-26 13:00:00,NSE:TCI,193.5,195.2,192.0,193.3,5693.0
2016-09-26 15:00:00,NSE:TCI,193.2,193.95,193.0,193.45,2705.0
2016-09-27 09:00:00,NSE:TCI,194.4,195.05,190.35,191.4,10369.0
2016-09-27 11:00:00,NSE:TCI,191.0,192.85,190.25,190.5,3641.0
2016-09-27 13:00:00,NSE:TCI,190.6,191.5,190.35,190.95,4811.0
2016-09-27 15:00:00,NSE:TCI,190.45,191.0,190.25,190.5,3671.0
2016-09-28 09:00:00,NSE:TCI,190.05,195.95,190.05,193.7,12422.0
2016-09-28 11:00:00,NSE:TCI,193.0,195.0,193.0,194.5,4615.0
2016-09-28 13:00:00,NSE:TCI,194.45,194.5,191.55,193.0,5927.0
2016-09-28 15:00:00,NSE:TCI,192.1,193.8,190.45,191.35,6706.0
2016-09-29 09:00:00,NSE:TCI,192.25,193.95,191.0,191.05,7407.0
2016-09-29 11:00:00,NSE:TCI,192.25,192.4,180.0,183.05,16503.0
2016-09-29 13:00:00,NSE:TCI,184.0,186.0,178.0,179.6,27855.0
2016-09-29 15:00:00,NSE:TCI,179.25,185.85,179.25,183.35,14730.0
2016-09-30 09:00:00,NSE:TCI,185.0,187.0,179.0,184.45,14741.0
2016-09-30 11:00:00,NSE:TCI,185.45,185.95,183.65,184.5,6325.0
2016-09-30 13:00:00,NSE:TCI,184.5,186.8,183.05,186.75,8274.0
2016-09-30 15:00:00,NSE:TCI,186.8,188.25,185.4,186.05,168061.0
2016-10-03 09:00:00,NSE:TCI,190.0,199.0,189.05,190.6,25062.0
2016-10-03 11:00:00,NSE:TCI,190.7,191.4,189.15,190.0,17219.0
2016-10-03 13:00:00,NSE:TCI,190.0,191.35,189.0,190.0,16358.0
2016-10-03 15:00:00,NSE:TCI,190.0,190.0,188.15,189.1,7935.0
2016-10-04 09:00:00,NSE:TCI,191.65,191.65,188.35,190.0,7204.0
2016-10-04 11:00:00,NSE:TCI,190.0,191.0,185.25,187.7,11381.0
2016-10-04 13:00:00,NSE:TCI,187.95,188.35,185.9,186.0,5418.0
2016-10-04 15:00:00,NSE:TCI,186.85,187.0,185.5,186.15,5449.0
2016-10-05 09:00:00,NSE:TCI,185.0,189.3,185.0,186.25,11271.0
2016-10-05 11:00:00,NSE:TCI,186.3,188.0,186.3,187.0,4907.0
2016-10-05 13:00:00,NSE:TCI,187.8,187.8,184.5,184.9,10231.0
2016-10-05 15:00:00,NSE:TCI,185.0,185.9,184.6,185.05,12835.0
2016-10-06 09:00:00,NSE:TCI,186.1,189.8,186.0,187.65,9143.0
2016-10-06 11:00:00,NSE:TCI,186.65,188.0,186.5,187.7,6813.0
2016-10-06 13:00:00,NSE:TCI,187.0,187.55,185.9,185.9,4093.0
2016-10-06 15:00:00,NSE:TCI,185.5,186.9,185.15,185.8,2899.0
2016-10-07 09:00:00,NSE:TCI,185.2,187.0,184.8,185.95,11341.0
2016-10-07 11:00:00,NSE:TCI,186.45,187.85,184.65,184.65,5952.0
2016-10-07 13:00:00,NSE:TCI,185.0,186.45,184.2,184.55,5864.0
2016-10-07 15:00:00,NSE:TCI,185.6,187.45,185.0,186.25,5664.0
2016-10-10 09:00:00,NSE:TCI,185.0,188.85,185.0,186.45,5822.0
2016-10-10 11:00:00,NSE:TCI,185.6,187.0,184.4,185.1,9162.0
2016-10-10 13:00:00,NSE:TCI,185.0,185.5,182.45,183.55,11891.0
2016-10-10 15:00:00,NSE:TCI,183.55,183.85,182.45,183.05,5668.0
2016-10-13 09:00:00,NSE:TCI,183.05,185.95,180.0,182.0,14756.0
2016-10-13 11:00:00,NSE:TCI,182.0,182.2,178.95,179.65,20176.0
2016-10-13 13:00:00,NSE:TCI,179.65,179.7,177.0,178.25,17805.0
2016-10-13 15:00:00,NSE:TCI,178.25,178.25,176.5,177.1,19004.0
2016-10-14 09:00:00,NSE:TCI,177.3,181.75,176.15,180.0,11010.0
2016-10-14 11:00:00,NSE:TCI,180.0,180.7,177.0,179.45,6660.0
2016-10-14 13:00:00,NSE:TCI,178.95,181.35,178.95,181.3,6182.0
2016-10-14 15:00:00,NSE:TCI,180.5,181.6,180.5,181.25,4382.0
2016-10-17 09:00:00,NSE:TCI,183.4,183.4,179.0,179.3,15086.0
2016-10-17 11:00:00,NSE:TCI,179.8,180.3,178.5,178.5,6832.0
2016-10-17 13:00:00,NSE:TCI,178.5,179.3,178.0,178.5,6793.0
2016-10-17 15:00:00,NSE:TCI,178.9,178.9,177.5,178.4,4788.0
2016-10-18 09:00:00,NSE:TCI,178.45,180.5,178.0,180.0,13876.0
2016-10-18 11:00:00,NSE:TCI,180.0,180.35,178.5,179.5,9121.0
2016-10-18 13:00:00,NSE:TCI,179.95,182.9,178.0,180.0,20227.0
2016-10-18 15:00:00,NSE:TCI,180.0,180.9,179.35,179.85,7158.0
2016-10-19 09:00:00,NSE:TCI,181.05,184.4,175.2,180.6,38005.0
2016-10-19 11:00:00,NSE:TCI,180.25,181.4,179.6,179.7,10187.0
2016-10-19 13:00:00,NSE:TCI,179.7,180.9,179.2,179.25,9813.0
2016-10-19 15:00:00,NSE:TCI,179.0,179.95,178.0,178.5,11648.0
2016-10-20 09:00:00,NSE:TCI,179.0,181.0,177.0,179.7,19674.0
2016-10-20 11:00:00,NSE:TCI,179.15,179.7,178.15,179.0,6987.0
2016-10-20 13:00:00,NSE:TCI,179.45,180.8,178.55,180.2,9453.0
2016-10-20 15:00:00,NSE:TCI,180.2,180.8,180.0,180.3,2732.0
2016-10-21 09:00:00,NSE:TCI,179.05,182.95,179.05,181.7,14849.0
2016-10-21 11:00:00,NSE:TCI,181.3,182.8,180.0,182.05,6564.0
2016-10-21 13:00:00,NSE:TCI,182.0,182.4,180.1,181.0,7964.0
2016-10-21 15:00:00,NSE:TCI,181.25,181.25,180.0,180.5,10707.0
2016-10-24 09:00:00,NSE:TCI,183.8,184.4,180.15,181.3,16006.0
2016-10-24 11:00:00,NSE:TCI,181.3,181.4,180.15,181.0,3951.0
2016-10-24 13:00:00,NSE:TCI,180.95,182.0,180.15,180.5,9786.0
2016-10-24 15:00:00,NSE:TCI,180.15,181.05,179.2,180.3,9391.0
2016-10-25 09:00:00,NSE:TCI,181.65,182.5,179.1,182.0,9735.0
2016-10-25 11:00:00,NSE:TCI,181.35,182.4,180.75,182.4,8937.0
2016-10-25 13:00:00,NSE:TCI,182.5,183.0,180.5,182.95,11989.0
2016-10-25 15:00:00,NSE:TCI,182.05,183.0,181.05,182.15,6821.0
2016-10-26 09:00:00,NSE:TCI,182.4,182.5,180.0,181.5,4951.0
2016-10-26 11:00:00,NSE:TCI,181.15,188.5,181.15,184.4,62791.0
2016-10-26 13:00:00,NSE:TCI,184.5,185.0,183.0,183.5,43613.0
2016-10-26 15:00:00,NSE:TCI,183.0,184.7,182.45,183.35,14507.0
2016-10-27 09:00:00,NSE:TCI,181.55,185.1,177.2,184.6,15510.0
2016-10-27 11:00:00,NSE:TCI,183.3,184.5,179.1,182.45,18411.0
2016-10-27 13:00:00,NSE:TCI,182.05,182.5,180.25,181.65,3726.0
2016-10-27 15:00:00,NSE:TCI,181.65,181.9,180.7,181.3,860.0
2016-10-28 09:00:00,NSE:TCI,183.0,183.0,181.1,182.95,5557.0
2016-10-28 11:00:00,NSE:TCI,182.05,184.0,181.0,184.0,3727.0
2016-10-28 13:00:00,NSE:TCI,182.2,184.0,182.2,182.95,4124.0
2016-10-28 15:00:00,NSE:TCI,183.0,183.95,182.5,183.0,4141.0
2016-11-01 09:00:00,NSE:TCI,185.9,186.0,183.05,184.5,7373.0
2016-11-01 11:00:00,NSE:TCI,184.9,185.2,184.2,185.2,4928.0
2016-11-01 13:00:00,NSE:TCI,184.65,185.5,183.35,183.9,7754.0
2016-11-01 15:00:00,NSE:TCI,183.55,183.95,182.15,183.3,2503.0
2016-11-02 09:00:00,NSE:TCI,183.3,183.3,180.1,182.0,9044.0
2016-11-02 11:00:00,NSE:TCI,182.0,182.9,180.05,182.85,4515.0
2016-11-02 13:00:00,NSE:TCI,183.0,185.0,181.55,183.35,6169.0
2016-11-02 15:00:00,NSE:TCI,183.35,184.6,182.75,183.7,4691.0
2016-11-03 09:00:00,NSE:TCI,180.2,185.0,180.2,184.05,4984.0
2016-11-03 11:00:00,NSE:TCI,184.0,184.35,183.05,184.35,5228.0
2016-11-03 13:00:00,NSE:TCI,185.0,190.9,185.0,185.8,34346.0
2016-11-03 15:00:00,NSE:TCI,185.8,186.0,185.0,185.2,6698.0
2016-11-04 09:00:00,NSE:TCI,187.85,189.95,184.4,184.75,19555.0
2016-11-04 11:00:00,NSE:TCI,184.8,185.4,182.8,185.0,18959.0
2016-11-04 13:00:00,NSE:TCI,185.0,185.5,182.05,183.25,23979.0
2016-11-04 15:00:00,NSE:TCI,184.0,184.95,183.0,183.8,7506.0
2016-11-07 09:00:00,NSE:TCI,183.8,192.0,183.8,186.25,20210.0
2016-11-07 11:00:00,NSE:TCI,187.0,187.0,185.05,185.2,4644.0
2016-11-07 13:00:00,NSE:TCI,185.25,185.9,184.0,185.0,10075.0
2016-11-07 15:00:00,NSE:TCI,185.8,189.8,185.5,186.6,12455.0
2016-11-08 09:00:00,NSE:TCI,188.95,188.95,185.5,186.0,10835.0
2016-11-08 11:00:00,NSE:TCI,187.35,187.4,186.0,186.05,5949.0
2016-11-08 13:00:00,NSE:TCI,186.0,187.4,186.0,186.0,6755.0
2016-11-08 15:00:00,NSE:TCI,186.0,187.0,186.0,186.15,3782.0
2016-11-09 09:00:00,NSE:TCI,171.0,183.0,150.05,174.1,28593.0
2016-11-09 11:00:00,NSE:TCI,175.5,178.5,174.0,177.0,21686.0
2016-11-09 13:00:00,NSE:TCI,178.0,182.85,175.0,181.45,10855.0
2016-11-09 15:00:00,NSE:TCI,181.75,186.85,180.05,184.1,9608.0
2016-11-10 09:00:00,NSE:TCI,187.85,189.95,186.1,187.7,9556.0
2016-11-10 11:00:00,NSE:TCI,188.5,188.9,187.1,188.0,9436.0
2016-11-10 13:00:00,NSE:TCI,187.5,187.6,185.0,186.0,10406.0
2016-11-10 15:00:00,NSE:TCI,186.0,187.5,186.0,186.45,3963.0
2016-11-11 09:00:00,NSE:TCI,186.45,186.45,180.25,181.0,7849.0
2016-11-11 11:00:00,NSE:TCI,181.0,182.9,180.8,181.15,15527.0
2016-11-11 13:00:00,NSE:TCI,181.95,183.0,179.25,179.25,9530.0
2016-11-11 15:00:00,NSE:TCI,179.5,181.95,179.5,180.8,4670.0
2016-11-15 09:00:00,NSE:TCI,179.0,180.5,170.0,174.8,19019.0
2016-11-15 11:00:00,NSE:TCI,174.8,177.5,172.0,174.0,4496.0
2016-11-15 13:00:00,NSE:TCI,173.0,176.4,169.9,172.85,15210.0
2016-11-15 15:00:00,NSE:TCI,172.95,174.0,171.0,172.25,3485.0
2016-11-16 09:00:00,NSE:TCI,179.45,179.45,172.0,174.7,6354.0
2016-11-16 11:00:00,NSE:TCI,175.5,177.75,175.5,176.05,4898.0
2016-11-16 13:00:00,NSE:TCI,175.35,178.0,175.35,178.0,8685.0
2016-11-16 15:00:00,NSE:TCI,178.0,178.0,174.05,177.1,7734.0
2016-11-17 09:00:00,NSE:TCI,175.35,180.0,169.0,170.6,14661.0
2016-11-17 11:00:00,NSE:TCI,172.95,175.05,171.25,175.0,5402.0
2016-11-17 13:00:00,NSE:TCI,174.0,175.0,173.1,173.6,4147.0
2016-11-17 15:00:00,NSE:TCI,173.2,173.85,173.05,173.15,1546.0
2016-11-18 09:00:00,NSE:TCI,177.3,178.3,171.0,172.45,3212.0
2016-11-18 11:00:00,NSE:TCI,172.5,174.0,172.5,172.5,2727.0
2016-11-18 13:00:00,NSE:TCI,172.1,173.9,171.0,171.0,6347.0
2016-11-18 15:00:00,NSE:TCI,171.9,172.95,170.95,172.15,6047.0
2016-11-21 09:00:00,NSE:TCI,174.9,174.9,167.5,169.3,14723.0
2016-11-21 11:00:00,NSE:TCI,167.6,169.2,166.0,167.05,8017.0
2016-11-21 13:00:00,NSE:TCI,167.0,167.95,165.15,166.0,12339.0
2016-11-21 15:00:00,NSE:TCI,166.0,166.05,163.75,165.1,13950.0
2016-11-22 09:00:00,NSE:TCI,165.25,167.0,162.05,164.05,5269.0
2016-11-22 11:00:00,NSE:TCI,164.95,164.95,162.05,164.5,3261.0
2016-11-22 13:00:00,NSE:TCI,163.65,164.65,162.05,164.0,10181.0
2016-11-22 15:00:00,NSE:TCI,164.0,164.85,163.0,164.1,3232.0
2016-11-23 09:00:00,NSE:TCI,164.95,168.8,164.7,166.75,3463.0
2016-11-23 11:00:00,NSE:TCI,167.0,168.4,166.55,167.85,3945.0
2016-11-23 13:00:00,NSE:TCI,166.75,169.5,165.3,168.5,6293.0
2016-11-23 15:00:00,NSE:TCI,168.5,169.0,168.5,168.75,3304.0
2016-11-24 09:00:00,NSE:TCI,169.05,175.85,169.0,174.0,7959.0
2016-11-24 11:00:00,NSE:TCI,174.0,175.95,174.0,175.05,3644.0
2016-11-24 13:00:00,NSE:TCI,175.0,175.9,171.65,174.0,4544.0
2016-11-24 15:00:00,NSE:TCI,174.0,174.0,169.95,171.95,10893.0
2016-11-25 09:00:00,NSE:TCI,172.0,172.0,161.6,170.5,17172.0
2016-11-25 11:00:00,NSE:TCI,170.5,173.4,169.0,171.0,6319.0
2016-11-25 13:00:00,NSE:TCI,171.0,171.5,170.05,170.5,10031.0
2016-11-25 15:00:00,NSE:TCI,170.5,171.0,169.5,170.45,3471.0
2016-11-28 09:00:00,NSE:TCI,172.0,174.5,171.05,174.5,3246.0
2016-11-28 11:00:00,NSE:TCI,173.25,178.4,173.25,175.1,3193.0
2016-11-28 13:00:00,NSE:TCI,175.9,179.7,175.1,179.0,3885.0
2016-11-28 15:00:00,NSE:TCI,178.0,179.95,177.9,179.1,4483.0
2016-11-29 09:00:00,NSE:TCI,179.45,181.9,177.0,178.35,3222.0
2016-11-29 11:00:00,NSE:TCI,178.35,179.8,177.1,178.1,3568.0
2016-11-29 13:00:00,NSE:TCI,177.85,178.05,175.05,176.0,3208.0
2016-11-29 15:00:00,NSE:TCI,176.0,178.1,175.5,176.6,2652.0
2016-11-30 09:00:00,NSE:TCI,179.35,180.0,176.05,177.35,2527.0
2016-11-30 11:00:00,NSE:TCI,177.35,177.5,175.05,177.0,6188.0
2016-11-30 13:00:00,NSE:TCI,176.3,176.95,175.1,175.1,3193.0
2016-11-30 15:00:00,NSE:TCI,175.95,176.0,174.0,175.1,3509.0
2016-12-01 09:00:00,NSE:TCI,175.2,177.0,173.0,173.0,3220.0
2016-12-01 11:00:00,NSE:TCI,174.25,174.3,172.4,174.3,2933.0
2016-12-01 13:00:00,NSE:TCI,174.1,174.4,172.7,173.5,2574.0
2016-12-01 15:00:00,NSE:TCI,173.5,173.8,172.9,173.3,1315.0
2016-12-02 09:00:00,NSE:TCI,170.65,176.7,169.1,175.0,14015.0
2016-12-02 11:00:00,NSE:TCI,175.0,175.0,172.55,174.0,8210.0
2016-12-02 13:00:00,NSE:TCI,174.0,174.0,168.35,170.95,10717.0
2016-12-02 15:00:00,NSE:TCI,170.0,170.95,168.35,169.7,3530.0
2016-12-05 09:00:00,NSE:TCI,173.05,174.0,169.0,173.0,5617.0
2016-12-05 11:00:00,NSE:TCI,173.45,173.5,171.5,173.0,15909.0
2016-12-05 13:00:00,NSE:TCI,173.0,173.5,171.0,173.5,12696.0
2016-12-05 15:00:00,NSE:TCI,172.55,173.5,172.0,172.85,2610.0
2016-12-06 09:00:00,NSE:TCI,173.3,175.95,173.05,173.9,4457.0
2016-12-06 11:00:00,NSE:TCI,174.2,174.65,171.45,171.45,8182.0
2016-12-06 13:00:00,NSE:TCI,171.4,173.0,170.95,171.2,6964.0
2016-12-06 15:00:00,NSE:TCI,171.75,171.75,169.4,170.85,5752.0
2016-12-07 09:00:00,NSE:TCI,170.0,173.8,170.0,173.05,4106.0
2016-12-07 11:00:00,NSE:TCI,173.05,174.15,172.15,173.0,2678.0
2016-12-07 13:00:00,NSE:TCI,173.0,173.3,170.2,170.5,3331.0
2016-12-07 15:00:00,NSE:TCI,170.5,172.0,169.0,170.3,2087.0
2016-12-08 09:00:00,NSE:TCI,172.0,173.5,169.05,171.0,10473.0
2016-12-08 11:00:00,NSE:TCI,171.0,172.8,169.0,169.35,7749.0
2016-12-08 13:00:00,NSE:TCI,169.05,170.95,167.0,170.55,9367.0
2016-12-08 15:00:00,NSE:TCI,170.55,171.45,169.0,170.0,4487.0
2016-12-09 09:00:00,NSE:TCI,170.0,174.0,170.0,171.55,11603.0
2016-12-09 11:00:00,NSE:TCI,172.45,173.0,171.2,171.5,9236.0
2016-12-09 13:00:00,NSE:TCI,171.5,172.5,171.0,171.05,9900.0
2016-12-09 15:00:00,NSE:TCI,171.5,171.6,167.4,170.1,7443.0
2016-12-12 09:00:00,NSE:TCI,170.1,171.55,168.5,169.25,5415.0
2016-12-12 11:00:00,NSE:TCI,169.25,172.15,169.25,170.3,32684.0
2016-12-12 13:00:00,NSE:TCI,170.3,173.0,170.0,170.0,6672.0
2016-12-12 15:00:00,NSE:TCI,170.0,171.95,170.0,170.95,2207.0
2016-12-13 09:00:00,NSE:TCI,170.9,173.8,170.0,172.5,3856.0
2016-12-13 11:00:00,NSE:TCI,172.5,172.75,171.0,171.6,3470.0
2016-12-13 13:00:00,NSE:TCI,171.6,178.0,169.5,177.8,22025.0
2016-12-13 15:00:00,NSE:TCI,177.8,181.3,177.8,179.5,29068.0
2016-12-14 09:00:00,NSE:TCI,181.95,181.95,176.3,177.3,29426.0
2016-12-14 11:00:00,NSE:TCI,177.95,178.6,176.5,177.45,13514.0
2016-12-14 13:00:00,NSE:TCI,177.45,177.75,175.0,175.35,9383.0
2016-12-14 15:00:00,NSE:TCI,175.35,175.55,174.2,175.1,13358.0
2016-12-15 09:00:00,NSE:TCI,170.3,177.7,169.3,170.6,35666.0
2016-12-15 11:00:00,NSE:TCI,170.25,172.0,168.15,169.0,31318.0
2016-12-15 13:00:00,NSE:TCI,168.9,169.85,168.0,169.2,20221.0
2016-12-15 15:00:00,NSE:TCI,169.2,170.65,168.1,169.4,10148.0
2016-12-16 09:00:00,NSE:TCI,168.25,172.0,168.25,169.2,7908.0
2016-12-16 11:00:00,NSE:TCI,168.8,169.15,168.0,168.05,5269.0
2016-12-16 13:00:00,NSE:TCI,168.05,168.5,166.95,167.0,12956.0
2016-12-16 15:00:00,NSE:TCI,167.0,167.75,162.2,163.9,27295.0
2016-12-19 09:00:00,NSE:TCI,161.45,163.0,161.45,162.6,10151.0
2016-12-19 11:00:00,NSE:TCI,162.6,162.6,162.0,162.35,3877.0
2016-12-19 13:00:00,NSE:TCI,162.0,162.5,160.0,160.95,12547.0
2016-12-19 15:00:00,NSE:TCI,160.9,160.95,158.75,160.1,9217.0
2016-12-20 09:00:00,NSE:TCI,159.95,160.0,157.25,158.0,10378.0
2016-12-20 11:00:00,NSE:TCI,158.0,159.75,157.6,158.5,7025.0
2016-12-20 13:00:00,NSE:TCI,158.8,159.75,155.25,155.25,11783.0
2016-12-20 15:00:00,NSE:TCI,156.0,156.0,155.0,155.55,4693.0
2016-12-21 09:00:00,NSE:TCI,158.85,158.85,155.0,156.5,5516.0
2016-12-21 11:00:00,NSE:TCI,156.5,156.95,153.3,153.35,8760.0
2016-12-21 13:00:00,NSE:TCI,155.0,158.3,154.0,156.9,8022.0
2016-12-21 15:00:00,NSE:TCI,156.9,157.8,156.0,156.65,2923.0
2016-12-22 09:00:00,NSE:TCI,155.1,157.0,152.05,152.95,9262.0
2016-12-22 11:00:00,NSE:TCI,152.95,153.5,150.55,151.7,20131.0
2016-12-22 13:00:00,NSE:TCI,151.0,156.0,150.0,153.8,33932.0
2016-12-22 15:00:00,NSE:TCI,153.7,153.75,149.55,150.25,54386.0
2016-12-23 09:00:00,NSE:TCI,150.0,151.95,148.6,149.3,27371.0
2016-12-23 11:00:00,NSE:TCI,149.55,150.8,149.1,150.45,13917.0
2016-12-23 13:00:00,NSE:TCI,150.5,150.9,149.6,150.0,11136.0
2016-12-23 15:00:00,NSE:TCI,150.0,151.5,149.35,150.45,6185.0
2016-12-26 09:00:00,NSE:TCI,151.0,151.05,148.05,150.0,8061.0
2016-12-26 11:00:00,NSE:TCI,149.45,151.95,149.05,151.95,17516.0
2016-12-26 13:00:00,NSE:TCI,151.95,151.95,150.9,151.0,6898.0
2016-12-26 15:00:00,NSE:TCI,151.0,152.05,151.0,151.45,4202.0
2016-12-27 09:00:00,NSE:TCI,153.75,153.75,149.2,152.9,23918.0
2016-12-27 11:00:00,NSE:TCI,152.9,153.0,150.8,151.15,17012.0
2016-12-27 13:00:00,NSE:TCI,151.1,152.9,150.5,152.0,23156.0
2016-12-27 15:00:00,NSE:TCI,152.0,155.0,152.0,153.85,11882.0
2016-12-28 09:00:00,NSE:TCI,155.9,159.6,153.45,153.45,22469.0
2016-12-28 11:00:00,NSE:TCI,153.7,154.8,149.0,149.95,32135.0
2016-12-28 13:00:00,NSE:TCI,149.95,150.25,143.5,145.25,60247.0
2016-12-28 15:00:00,NSE:TCI,145.45,147.6,143.0,145.15,59717.0
2016-12-29 09:00:00,NSE:TCI,147.5,150.95,147.5,149.25,35703.0
2016-12-29 11:00:00,NSE:TCI,149.0,150.0,148.05,148.7,6650.0
2016-12-29 13:00:00,NSE:TCI,149.0,149.3,148.0,149.0,4916.0
2016-12-29 15:00:00,NSE:TCI,149.0,149.5,148.1,148.6,8717.0
2016-12-30 09:00:00,NSE:TCI,148.6,151.2,148.6,150.55,20304.0
2016-12-30 11:00:00,NSE:TCI,150.6,150.95,149.0,150.2,9752.0
2016-12-30 13:00:00,NSE:TCI,150.25,150.75,149.5,150.0,7001.0
2016-12-30 15:00:00,NSE:TCI,149.95,151.0,149.5,150.05,7192.0
2017-01-02 09:00:00,NSE:TCI,152.9,152.9,147.5,148.0,15602.0
2017-01-02 11:00:00,NSE:TCI,147.95,148.3,146.0,147.4,19505.0
2017-01-02 13:00:00,NSE:TCI,147.1,148.35,146.95,147.9,39744.0
2017-01-02 15:00:00,NSE:TCI,147.9,149.8,147.6,148.4,23862.0
2017-01-03 09:00:00,NSE:TCI,149.8,159.4,146.5,156.0,76920.0
2017-01-03 11:00:00,NSE:TCI,156.0,158.05,156.0,156.9,15937.0
2017-01-03 13:00:00,NSE:TCI,156.5,157.9,155.5,157.9,10217.0
2017-01-03 15:00:00,NSE:TCI,157.8,157.8,156.15,156.65,14261.0
2017-01-04 09:00:00,NSE:TCI,156.2,158.95,149.6,150.4,95330.0
2017-01-04 11:00:00,NSE:TCI,150.15,155.1,150.0,153.95,41311.0
2017-01-04 13:00:00,NSE:TCI,154.0,155.0,153.0,153.35,18726.0
2017-01-04 15:00:00,NSE:TCI,153.35,154.2,153.0,153.55,9555.0
2017-01-05 09:00:00,NSE:TCI,153.9,156.9,153.0,155.55,10460.0
2017-01-05 11:00:00,NSE:TCI,156.0,156.5,155.25,155.95,6941.0
2017-01-05 13:00:00,NSE:TCI,155.8,156.3,155.15,155.25,6825.0
2017-01-05 15:00:00,NSE:TCI,155.55,155.9,153.5,154.55,9766.0
2017-01-06 09:00:00,NSE:TCI,155.05,157.5,152.15,153.75,9385.0
2017-01-06 11:00:00,NSE:TCI,153.8,155.4,152.55,152.8,32786.0
2017-01-06 13:00:00,NSE:TCI,153.1,155.0,152.75,154.0,12398.0
2017-01-06 15:00:00,NSE:TCI,154.45,154.5,152.5,153.15,6214.0
2017-01-09 09:00:00,NSE:TCI,153.05,155.7,151.3,155.0,4592.0
2017-01-09 11:00:00,NSE:TCI,154.4,156.5,154.35,154.8,5262.0
2017-01-09 13:00:00,NSE:TCI,154.05,155.9,154.05,154.9,6239.0
2017-01-09 15:00:00,NSE:TCI,154.1,156.0,153.05,154.2,8163.0
2017-01-10 09:00:00,NSE:TCI,155.8,156.95,155.0,156.3,7184.0
2017-01-10 11:00:00,NSE:TCI,156.05,156.4,154.2,154.2,7266.0
2017-01-10 13:00:00,NSE:TCI,154.65,156.0,154.0,154.7,11182.0
2017-01-10 15:00:00,NSE:TCI,154.15,154.75,153.25,154.15,6349.0
2017-01-11 09:00:00,NSE:TCI,156.0,156.0,153.95,154.0,18763.0
2017-01-11 11:00:00,NSE:TCI,154.2,155.2,153.5,154.75,10318.0
2017-01-11 13:00:00,NSE:TCI,154.25,155.6,153.5,154.5,21374.0
2017-01-11 15:00:00,NSE:TCI,154.5,154.75,153.7,154.0,3595.0
2017-01-12 09:00:00,NSE:TCI,155.0,155.0,153.1,153.8,11876.0
2017-01-12 11:00:00,NSE:TCI,153.15,154.5,153.15,153.65,4805.0
2017-01-12 13:00:00,NSE:TCI,153.65,154.4,153.2,153.2,5914.0
2017-01-12 15:00:00,NSE:TCI,153.95,153.95,153.0,153.25,3855.0
2017-01-13 09:00:00,NSE:TCI,153.45,156.0,153.45,155.6,12870.0
2017-01-13 11:00:00,NSE:TCI,155.5,157.3,154.75,155.85,20979.0
2017-01-13 13:00:00,NSE:TCI,155.7,156.0,154.1,155.5,13183.0
2017-01-13 15:00:00,NSE:TCI,155.5,156.0,155.0,155.0,5838.0
2017-01-16 09:00:00,NSE:TCI,156.0,157.5,155.0,155.45,15709.0
2017-01-16 11:00:00,NSE:TCI,155.6,158.0,155.5,157.55,42974.0
2017-01-16 13:00:00,NSE:TCI,157.7,163.8,157.0,158.55,89973.0
2017-01-16 15:00:00,NSE:TCI,158.95,159.4,157.15,158.65,22549.0
2017-01-17 09:00:00,NSE:TCI,162.0,164.0,160.6,161.6,196913.0
2017-01-17 11:00:00,NSE:TCI,162.0,162.45,161.6,162.35,25342.0
2017-01-17 13:00:00,NSE:TCI,162.0,162.45,161.6,162.0,109598.0
2017-01-17 15:00:00,NSE:TCI,161.95,162.0,161.6,161.85,8280.0
2017-01-18 09:00:00,NSE:TCI,162.0,162.6,161.0,161.95,18332.0
2017-01-18 11:00:00,NSE:TCI,161.55,163.5,161.55,163.5,10895.0
2017-01-18 13:00:00,NSE:TCI,163.5,165.0,162.5,163.9,15750.0
2017-01-18 15:00:00,NSE:TCI,163.0,164.4,163.0,164.35,7042.0
2017-01-19 09:00:00,NSE:TCI,164.75,164.9,161.35,162.0,32261.0
2017-01-19 11:00:00,NSE:TCI,161.85,162.5,161.4,161.6,18350.0
2017-01-19 13:00:00,NSE:TCI,161.75,162.9,160.1,161.15,30759.0
2017-01-19 15:00:00,NSE:TCI,161.1,161.2,159.05,160.7,19541.0
2017-01-20 09:00:00,NSE:TCI,160.65,160.9,158.0,158.9,11552.0
2017-01-20 11:00:00,NSE:TCI,158.9,159.05,158.4,159.0,12621.0
2017-01-20 13:00:00,NSE:TCI,159.0,159.05,158.15,159.0,7291.0
2017-01-20 15:00:00,NSE:TCI,159.0,159.0,158.7,158.9,8254.0
2017-01-23 09:00:00,NSE:TCI,160.0,162.5,160.0,162.1,7238.0
2017-01-23 11:00:00,NSE:TCI,162.3,163.5,161.5,162.25,8440.0
2017-01-23 13:00:00,NSE:TCI,162.35,162.45,161.15,161.65,6267.0
2017-01-23 15:00:00,NSE:TCI,161.75,162.8,161.75,162.0,3728.0
2017-01-24 09:00:00,NSE:TCI,162.25,163.25,159.1,159.3,14623.0
2017-01-24 11:00:00,NSE:TCI,159.3,162.7,159.3,162.0,6156.0
2017-01-24 13:00:00,NSE:TCI,162.0,163.0,160.55,162.3,11906.0
2017-01-24 15:00:00,NSE:TCI,162.3,163.1,160.95,162.35,8141.0
2017-01-25 09:00:00,NSE:TCI,160.6,162.85,160.6,162.0,7058.0
2017-01-25 11:00:00,NSE:TCI,162.0,162.5,160.0,161.4,23086.0
2017-01-25 13:00:00,NSE:TCI,161.45,162.4,160.9,161.75,16297.0
2017-01-25 15:00:00,NSE:TCI,161.5,162.35,161.5,161.95,3124.0
2017-01-27 09:00:00,NSE:TCI,159.05,163.05,159.05,162.95,7846.0
2017-01-27 11:00:00,NSE:TCI,163.0,164.5,162.5,163.1,12116.0
2017-01-27 13:00:00,NSE:TCI,162.85,163.2,160.0,160.95,15616.0
2017-01-27 15:00:00,NSE:TCI,160.6,161.0,160.55,161.0,4683.0
2017-01-30 09:00:00,NSE:TCI,163.3,163.3,160.1,161.8,7452.0
2017-01-30 11:00:00,NSE:TCI,161.8,161.8,160.95,161.6,4465.0
2017-01-30 13:00:00,NSE:TCI,161.6,161.6,158.8,159.7,14408.0
2017-01-30 15:00:00,NSE:TCI,159.0,159.9,158.6,159.25,6206.0
2017-01-31 09:00:00,NSE:TCI,159.9,161.95,158.0,158.85,7291.0
2017-01-31 11:00:00,NSE:TCI,158.75,158.8,157.0,158.0,8612.0
2017-01-31 13:00:00,NSE:TCI,158.0,160.0,157.65,158.7,15405.0
2017-01-31 15:00:00,NSE:TCI,158.75,163.2,158.05,163.2,16376.0
2017-02-01 09:00:00,NSE:TCI,162.0,165.95,161.15,164.65,19745.0
2017-02-01 11:00:00,NSE:TCI,164.0,164.5,161.0,164.0,16828.0
2017-02-01 13:00:00,NSE:TCI,163.9,164.25,162.2,163.7,9109.0
2017-02-01 15:00:00,NSE:TCI,163.4,164.9,162.55,163.9,2540.0
2017-02-02 09:00:00,NSE:TCI,164.2,165.0,162.6,163.2,9371.0
2017-02-02 11:00:00,NSE:TCI,163.8,164.0,162.0,163.5,13021.0
2017-02-02 13:00:00,NSE:TCI,163.6,168.7,163.45,166.5,23803.0
2017-02-02 15:00:00,NSE:TCI,166.5,167.0,165.5,166.15,8478.0
2017-02-03 09:00:00,NSE:TCI,166.15,175.7,166.15,172.8,79132.0
2017-02-03 11:00:00,NSE:TCI,172.8,179.5,172.0,178.4,97010.0
2017-02-03 13:00:00,NSE:TCI,178.4,192.8,178.0,185.05,271601.0
2017-02-03 15:00:00,NSE:TCI,185.3,185.7,181.55,183.35,29271.0
2017-02-06 09:00:00,NSE:TCI,183.0,204.9,183.0,201.0,319986.0
2017-02-06 11:00:00,NSE:TCI,201.45,201.45,196.3,196.4,91885.0
2017-02-06 13:00:00,NSE:TCI,196.75,198.35,193.0,195.0,152116.0
2017-02-06 15:00:00,NSE:TCI,194.7,195.5,193.65,194.6,42007.0
2017-02-07 09:00:00,NSE:TCI,195.0,196.55,190.1,195.0,52546.0
2017-02-07 11:00:00,NSE:TCI,195.35,195.65,193.7,193.85,15319.0
2017-02-07 13:00:00,NSE:TCI,193.9,194.0,191.8,192.0,27541.0
2017-02-07 15:00:00,NSE:TCI,191.85,192.0,191.4,191.85,14124.0
2017-02-08 09:00:00,NSE:TCI,186.95,194.8,186.95,192.85,14969.0
2017-02-08 11:00:00,NSE:TCI,192.85,194.7,188.5,188.5,11094.0
2017-02-08 13:00:00,NSE:TCI,188.7,190.0,187.15,189.5,14962.0
2017-02-08 15:00:00,NSE:TCI,190.0,190.0,188.25,188.25,5994.0
2017-02-09 09:00:00,NSE:TCI,189.9,192.8,186.0,186.95,17191.0
2017-02-09 11:00:00,NSE:TCI,186.4,187.8,185.0,186.55,13198.0
2017-02-09 13:00:00,NSE:TCI,186.85,189.7,186.5,188.2,7885.0
2017-02-09 15:00:00,NSE:TCI,188.25,189.1,187.85,188.3,8281.0
2017-02-10 09:00:00,NSE:TCI,190.5,191.65,185.65,190.7,22372.0
2017-02-10 11:00:00,NSE:TCI,190.7,191.5,190.0,190.1,8529.0
2017-02-10 13:00:00,NSE:TCI,190.5,190.9,190.0,190.0,7700.0
2017-02-10 15:00:00,NSE:TCI,190.0,192.0,189.8,191.2,10274.0
2017-02-13 09:00:00,NSE:TCI,191.0,192.9,189.0,191.25,11372.0
2017-02-13 11:00:00,NSE:TCI,191.35,191.35,189.5,190.25,17121.0
2017-02-13 13:00:00,NSE:TCI,190.95,192.6,190.3,192.4,7084.0
2017-02-13 15:00:00,NSE:TCI,192.35,192.8,191.05,191.95,2977.0
2017-02-14 09:00:00,NSE:TCI,190.95,193.0,189.05,192.2,17300.0
2017-02-14 11:00:00,NSE:TCI,192.3,193.1,192.0,193.0,11695.0
2017-02-14 13:00:00,NSE:TCI,193.0,193.1,191.05,191.8,22265.0
2017-02-14 15:00:00,NSE:TCI,191.85,192.7,191.8,192.0,3147.0
2017-02-15 09:00:00,NSE:TCI,190.25,192.9,189.2,192.5,9902.0
2017-02-15 11:00:00,NSE:TCI,192.55,192.9,191.8,192.0,24527.0
2017-02-15 13:00:00,NSE:TCI,191.85,192.2,190.0,190.5,21877.0
2017-02-15 15:00:00,NSE:TCI,190.55,191.15,187.05,188.7,8294.0
2017-02-16 09:00:00,NSE:TCI,188.05,192.0,187.35,190.35,12093.0
2017-02-16 11:00:00,NSE:TCI,190.25,190.85,189.15,189.95,4076.0
2017-02-16 13:00:00,NSE:TCI,189.95,189.95,185.6,185.8,11437.0
2017-02-16 15:00:00,NSE:TCI,185.5,187.0,184.4,186.5,8648.0
2017-02-17 09:00:00,NSE:TCI,188.0,191.4,187.1,189.9,9751.0
2017-02-17 11:00:00,NSE:TCI,189.3,189.95,181.4,187.95,15399.0
2017-02-17 13:00:00,NSE:TCI,187.9,188.9,185.1,186.7,5342.0
2017-02-17 15:00:00,NSE:TCI,186.4,188.25,185.0,185.2,3655.0
2017-02-20 09:00:00,NSE:TCI,186.9,190.95,186.9,190.3,18553.0
2017-02-20 11:00:00,NSE:TCI,190.05,192.0,189.5,191.0,24993.0
2017-02-20 13:00:00,NSE:TCI,191.05,199.0,191.05,196.4,47270.0
2017-02-20 15:00:00,NSE:TCI,196.45,198.0,196.35,197.0,14977.0
2017-02-21 09:00:00,NSE:TCI,196.0,197.95,192.2,194.5,23837.0
2017-02-21 11:00:00,NSE:TCI,194.9,196.45,194.5,196.0,19398.0
2017-02-21 13:00:00,NSE:TCI,196.0,203.7,196.0,203.0,62641.0
2017-02-21 15:00:00,NSE:TCI,203.7,205.45,202.2,205.0,39204.0
2017-02-22 09:00:00,NSE:TCI,206.2,211.9,206.2,208.5,63719.0
2017-02-22 11:00:00,NSE:TCI,208.85,209.7,206.1,206.9,36318.0
2017-02-22 13:00:00,NSE:TCI,206.95,206.95,203.9,205.0,25823.0
2017-02-22 15:00:00,NSE:TCI,204.85,207.5,204.4,207.5,19593.0
2017-02-23 09:00:00,NSE:TCI,207.05,208.55,204.5,205.25,14226.0
2017-02-23 11:00:00,NSE:TCI,205.35,206.65,205.35,205.35,11902.0
2017-02-23 13:00:00,NSE:TCI,205.4,206.5,205.05,206.35,7883.0
2017-02-23 15:00:00,NSE:TCI,205.45,207.0,205.25,205.95,8463.0
2017-02-27 09:00:00,NSE:TCI,208.0,208.5,206.0,206.15,15483.0
2017-02-27 11:00:00,NSE:TCI,206.5,206.95,205.25,205.75,6287.0
2017-02-27 13:00:00,NSE:TCI,205.35,206.0,203.5,204.5,11972.0
2017-02-27 15:00:00,NSE:TCI,204.5,205.25,201.45,203.45,7072.0
2017-02-28 09:00:00,NSE:TCI,204.5,206.0,202.1,204.4,15657.0
2017-02-28 11:00:00,NSE:TCI,204.25,216.0,202.5,212.4,158651.0
2017-02-28 13:00:00,NSE:TCI,212.3,212.5,208.2,209.85,59564.0
2017-02-28 15:00:00,NSE:TCI,209.25,211.45,209.1,210.05,14198.0
2017-03-01 09:00:00,NSE:TCI,210.55,211.9,206.2,206.55,17533.0
2017-03-01 11:00:00,NSE:TCI,206.9,208.8,206.7,207.65,8932.0
2017-03-01 13:00:00,NSE:TCI,208.0,208.0,204.0,205.75,24892.0
2017-03-01 15:00:00,NSE:TCI,205.75,206.0,204.6,205.35,5192.0
2017-03-02 09:00:00,NSE:TCI,205.35,211.0,204.6,207.55,33068.0
2017-03-02 11:00:00,NSE:TCI,207.7,210.0,207.7,208.0,15267.0
2017-03-02 13:00:00,NSE:TCI,208.0,208.35,205.3,205.9,10674.0
2017-03-02 15:00:00,NSE:TCI,205.95,205.95,203.5,204.4,9911.0
2017-03-03 09:00:00,NSE:TCI,203.55,207.55,202.2,203.55,19569.0
2017-03-03 11:00:00,NSE:TCI,202.65,205.0,201.45,202.25,10256.0
2017-03-03 13:00:00,NSE:TCI,201.55,201.55,197.55,198.8,24728.0
2017-03-03 15:00:00,NSE:TCI,199.0,201.55,199.0,200.4,8401.0
2017-03-06 09:00:00,NSE:TCI,203.6,209.9,202.3,207.0,36966.0
2017-03-06 11:00:00,NSE:TCI,207.2,207.45,203.0,205.5,11938.0
2017-03-06 13:00:00,NSE:TCI,205.7,206.6,204.5,205.15,12295.0
2017-03-06 15:00:00,NSE:TCI,205.1,206.6,204.75,206.0,5734.0
2017-03-07 09:00:00,NSE:TCI,209.35,209.35,206.25,206.5,14089.0
2017-03-07 11:00:00,NSE:TCI,206.8,207.5,204.6,206.05,28130.0
2017-03-07 13:00:00,NSE:TCI,206.4,209.05,206.4,207.15,16352.0
2017-03-07 15:00:00,NSE:TCI,208.0,214.0,207.55,210.75,22935.0
2017-03-08 09:00:00,NSE:TCI,210.0,213.0,207.9,207.9,31904.0
2017-03-08 11:00:00,NSE:TCI,207.9,208.45,205.4,206.45,14654.0
2017-03-08 13:00:00,NSE:TCI,207.0,207.0,204.05,204.95,25733.0
2017-03-08 15:00:00,NSE:TCI,204.15,205.5,204.05,205.0,18058.0
2017-03-09 09:00:00,NSE:TCI,205.55,210.0,204.35,208.4,12224.0
2017-03-09 11:00:00,NSE:TCI,208.5,211.9,208.5,209.5,29428.0
2017-03-09 13:00:00,NSE:TCI,209.5,209.9,207.55,208.25,15057.0
2017-03-09 15:00:00,NSE:TCI,208.6,209.0,207.2,209.0,7269.0
2017-03-10 09:00:00,NSE:TCI,208.25,209.7,208.15,208.5,4134.0
2017-03-10 11:00:00,NSE:TCI,208.5,208.75,205.05,205.25,11960.0
2017-03-10 13:00:00,NSE:TCI,205.65,206.5,204.0,204.75,8614.0
2017-03-10 15:00:00,NSE:TCI,204.6,205.0,204.55,204.6,10408.0
2017-03-14 09:00:00,NSE:TCI,209.0,217.5,208.15,212.0,68592.0
2017-03-14 11:00:00,NSE:TCI,212.05,213.8,212.0,213.0,24639.0
2017-03-14 13:00:00,NSE:TCI,212.65,213.0,208.65,209.0,29559.0
2017-03-14 15:00:00,NSE:TCI,208.65,210.0,208.55,209.15,11647.0
2017-03-15 09:00:00,NSE:TCI,210.05,211.75,209.5,210.25,38945.0
2017-03-15 11:00:00,NSE:TCI,210.05,215.0,209.55,213.6,78766.0
2017-03-15 13:00:00,NSE:TCI,213.55,231.75,211.0,224.5,398403.0
2017-03-15 15:00:00,NSE:TCI,224.6,225.9,221.0,223.5,65121.0
2017-03-16 09:00:00,NSE:TCI,227.4,244.85,226.95,233.35,497095.0
2017-03-16 11:00:00,NSE:TCI,233.55,233.6,229.0,231.75,90140.0
2017-03-16 13:00:00,NSE:TCI,231.75,232.0,228.0,230.1,73385.0
2017-03-16 15:00:00,NSE:TCI,230.45,231.15,227.4,229.15,65662.0
2017-03-17 09:00:00,NSE:TCI,230.8,235.35,226.0,230.15,99856.0
2017-03-17 11:00:00,NSE:TCI,229.75,231.55,228.5,229.15,21859.0
2017-03-17 13:00:00,NSE:TCI,228.65,234.0,228.65,230.8,42401.0
2017-03-17 15:00:00,NSE:TCI,230.55,231.0,227.6,229.8,26581.0
2017-03-20 09:00:00,NSE:TCI,229.8,235.95,228.05,232.9,101556.0
2017-03-20 11:00:00,NSE:TCI,232.55,233.2,230.1,231.95,19577.0
2017-03-20 13:00:00,NSE:TCI,231.9,231.9,228.55,229.15,22237.0
2017-03-20 15:00:00,NSE:TCI,229.2,229.3,227.5,228.45,19304.0
2017-03-21 09:00:00,NSE:TCI,230.0,230.95,226.1,227.25,31861.0
2017-03-21 11:00:00,NSE:TCI,227.15,227.7,224.5,225.65,22830.0
2017-03-21 13:00:00,NSE:TCI,224.65,225.65,222.05,222.8,17457.0
2017-03-21 15:00:00,NSE:TCI,222.8,222.9,221.75,222.5,12015.0
2017-03-22 09:00:00,NSE:TCI,221.3,222.2,217.65,218.95,37961.0
2017-03-22 11:00:00,NSE:TCI,218.95,220.5,218.0,218.5,29709.0
2017-03-22 13:00:00,NSE:TCI,218.0,219.9,214.0,215.4,42297.0
2017-03-22 15:00:00,NSE:TCI,215.4,217.0,214.8,215.65,18753.0
2017-03-23 09:00:00,NSE:TCI,217.75,221.1,212.45,217.0,49791.0
2017-03-23 11:00:00,NSE:TCI,217.35,220.0,217.0,217.0,19429.0
2017-03-23 13:00:00,NSE:TCI,217.05,220.0,216.7,217.05,42565.0
2017-03-23 15:00:00,NSE:TCI,216.85,220.0,216.55,218.0,17322.0
2017-03-24 09:00:00,NSE:TCI,219.9,221.2,218.1,219.1,32089.0
2017-03-24 11:00:00,NSE:TCI,219.75,220.0,217.4,218.05,16399.0
2017-03-24 13:00:00,NSE:TCI,218.8,219.3,217.55,218.6,6409.0
2017-03-24 15:00:00,NSE:TCI,218.25,219.3,217.3,218.5,9106.0
2017-03-27 09:00:00,NSE:TCI,219.15,219.8,216.0,219.0,24554.0
2017-03-27 11:00:00,NSE:TCI,218.65,225.0,218.5,223.75,44785.0
2017-03-27 13:00:00,NSE:TCI,223.95,224.0,220.25,221.8,32245.0
2017-03-27 15:00:00,NSE:TCI,221.8,221.8,219.3,220.6,12665.0
2017-03-28 09:00:00,NSE:TCI,224.4,224.75,221.0,222.7,22718.0
2017-03-28 11:00:00,NSE:TCI,223.35,223.5,222.5,223.25,6488.0
2017-03-28 13:00:00,NSE:TCI,222.85,224.25,222.25,223.05,11962.0
2017-03-28 15:00:00,NSE:TCI,223.3,223.9,222.05,222.1,6998.0
2017-03-29 09:00:00,NSE:TCI,223.75,225.0,222.0,224.35,15909.0
2017-03-29 11:00:00,NSE:TCI,224.4,225.65,223.7,224.75,13122.0
2017-03-29 13:00:00,NSE:TCI,224.5,224.5,223.0,223.5,14093.0
2017-03-29 15:00:00,NSE:TCI,223.0,223.5,220.65,222.35,9775.0
2017-03-30 09:00:00,NSE:TCI,225.0,228.0,223.5,225.55,29795.0
2017-03-30 11:00:00,NSE:TCI,225.55,226.0,224.55,225.0,11087.0
2017-03-30 13:00:00,NSE:TCI,225.0,227.8,224.2,226.65,22649.0
2017-03-30 15:00:00,NSE:TCI,226.65,227.45,223.5,225.2,15479.0
2017-03-31 09:00:00,NSE:TCI,228.4,242.0,227.0,237.0,153473.0
2017-03-31 11:00:00,NSE:TCI,237.0,237.6,233.2,235.65,33529.0
2017-03-31 13:00:00,NSE:TCI,235.6,235.8,232.25,233.4,37819.0
2017-03-31 15:00:00,NSE:TCI,233.9,234.0,232.8,233.45,16718.0
2017-04-03 09:00:00,NSE:TCI,236.8,241.9,235.3,238.4,57571.0
2017-04-03 11:00:00,NSE:TCI,238.2,240.0,237.3,238.75,44569.0
2017-04-03 13:00:00,NSE:TCI,238.7,239.05,236.5,236.95,14835.0
2017-04-03 15:00:00,NSE:TCI,237.0,238.0,236.0,236.3,20316.0
2017-04-05 09:00:00,NSE:TCI,237.05,239.5,237.0,238.4,32264.0
2017-04-05 11:00:00,NSE:TCI,238.35,240.0,237.15,238.3,17250.0
2017-04-05 13:00:00,NSE:TCI,239.4,241.0,238.0,239.6,30418.0
2017-04-05 15:00:00,NSE:TCI,239.9,241.0,237.3,238.6,17186.0
2017-04-06 09:00:00,NSE:TCI,239.8,239.8,233.0,235.0,19734.0
2017-04-06 11:00:00,NSE:TCI,235.0,235.45,232.0,234.45,14114.0
2017-04-06 13:00:00,NSE:TCI,234.5,235.2,232.95,235.05,9706.0
2017-04-06 15:00:00,NSE:TCI,235.0,235.5,233.0,234.55,8915.0
2017-04-07 09:00:00,NSE:TCI,231.25,239.7,231.25,236.4,20135.0
2017-04-07 11:00:00,NSE:TCI,236.4,238.0,236.05,237.65,5627.0
2017-04-07 13:00:00,NSE:TCI,237.95,238.7,228.2,230.5,25767.0
2017-04-07 15:00:00,NSE:TCI,230.25,231.9,230.0,230.7,6934.0
2017-04-10 09:00:00,NSE:TCI,233.6,233.95,230.85,232.05,12422.0
2017-04-10 11:00:00,NSE:TCI,232.05,236.9,231.3,235.5,21251.0
2017-04-10 13:00:00,NSE:TCI,235.5,236.5,235.0,235.45,10349.0
2017-04-10 15:00:00,NSE:TCI,235.0,237.45,235.0,236.2,12831.0
2017-04-11 09:00:00,NSE:TCI,233.0,238.65,233.0,236.8,7871.0
2017-04-11 11:00:00,NSE:TCI,237.1,238.55,236.4,238.0,5070.0
2017-04-11 13:00:00,NSE:TCI,238.45,238.45,236.0,237.3,10862.0
2017-04-11 15:00:00,NSE:TCI,236.5,237.25,234.95,236.35,5536.0
2017-04-12 09:00:00,NSE:TCI,235.0,236.7,232.0,233.9,14226.0
2017-04-12 11:00:00,NSE:TCI,233.9,234.9,233.0,233.6,6941.0
2017-04-12 13:00:00,NSE:TCI,233.65,236.0,233.35,234.6,5824.0
2017-04-12 15:00:00,NSE:TCI,234.6,235.7,233.05,234.35,4750.0
2017-04-13 09:00:00,NSE:TCI,233.4,236.6,231.85,232.0,10248.0
2017-04-13 11:00:00,NSE:TCI,232.05,232.7,230.1,230.7,13476.0
2017-04-13 13:00:00,NSE:TCI,230.7,232.45,230.0,230.5,13396.0
2017-04-13 15:00:00,NSE:TCI,230.5,232.95,230.5,231.15,5849.0
2017-04-17 09:00:00,NSE:TCI,233.95,233.95,228.1,231.0,12575.0
2017-04-17 11:00:00,NSE:TCI,231.2,233.0,230.05,230.5,5842.0
2017-04-17 13:00:00,NSE:TCI,230.5,232.75,230.0,232.5,9052.0
2017-04-17 15:00:00,NSE:TCI,232.5,234.8,231.8,233.3,8337.0
2017-04-18 09:00:00,NSE:TCI,234.6,236.9,233.15,234.0,18375.0
2017-04-18 11:00:00,NSE:TCI,234.0,235.5,233.3,234.9,17406.0
2017-04-18 13:00:00,NSE:TCI,234.45,240.7,232.0,232.4,69345.0
2017-04-18 15:00:00,NSE:TCI,232.1,232.8,230.7,231.4,8484.0
2017-04-19 09:00:00,NSE:TCI,232.95,235.95,231.05,234.25,18607.0
2017-04-19 11:00:00,NSE:TCI,234.25,234.25,232.8,233.9,8337.0
2017-04-19 13:00:00,NSE:TCI,233.9,236.0,233.1,234.2,10272.0
2017-04-19 15:00:00,NSE:TCI,233.7,234.4,233.1,234.0,3977.0
2017-04-20 09:00:00,NSE:TCI,234.0,235.55,231.15,232.85,15803.0
2017-04-20 11:00:00,NSE:TCI,233.45,235.45,233.0,234.5,34627.0
2017-04-20 13:00:00,NSE:TCI,234.05,235.0,233.05,233.05,6330.0
2017-04-20 15:00:00,NSE:TCI,233.25,234.95,233.25,234.4,3623.0
2017-04-21 09:00:00,NSE:TCI,234.0,238.0,232.35,236.75,10199.0
2017-04-21 11:00:00,NSE:TCI,236.6,237.2,233.4,234.0,9605.0
2017-04-21 13:00:00,NSE:TCI,234.4,236.45,233.0,234.0,11505.0
2017-04-21 15:00:00,NSE:TCI,233.6,234.75,233.5,233.75,2407.0
2017-04-24 09:00:00,NSE:TCI,237.0,237.0,232.1,233.3,30402.0
2017-04-24 11:00:00,NSE:TCI,233.15,240.0,232.5,235.55,29378.0
2017-04-24 13:00:00,NSE:TCI,235.75,238.5,234.05,235.65,20182.0
2017-04-24 15:00:00,NSE:TCI,235.85,236.0,234.0,235.2,8785.0
2017-04-25 09:00:00,NSE:TCI,238.45,242.0,236.0,237.9,46052.0
2017-04-25 11:00:00,NSE:TCI,237.9,239.0,236.0,236.5,13401.0
2017-04-25 13:00:00,NSE:TCI,236.8,237.55,234.4,235.6,14019.0
2017-04-25 15:00:00,NSE:TCI,235.55,236.45,235.0,235.6,7698.0
2017-04-26 09:00:00,NSE:TCI,237.95,240.9,233.3,240.0,36218.0
2017-04-26 11:00:00,NSE:TCI,240.0,241.9,239.55,240.5,35637.0
2017-04-26 13:00:00,NSE:TCI,240.5,240.85,235.0,236.5,24439.0
2017-04-26 15:00:00,NSE:TCI,236.5,237.0,235.7,236.5,4764.0
2017-04-27 09:00:00,NSE:TCI,237.7,237.7,232.65,233.7,12536.0
2017-04-27 11:00:00,NSE:TCI,233.75,235.0,232.7,234.25,8252.0
2017-04-27 13:00:00,NSE:TCI,235.0,235.5,234.15,234.95,4483.0
2017-04-27 15:00:00,NSE:TCI,234.15,235.0,232.0,233.1,6309.0
2017-04-28 09:00:00,NSE:TCI,235.0,236.4,233.15,236.0,10545.0
2017-04-28 11:00:00,NSE:TCI,236.0,244.4,236.0,242.1,74165.0
2017-04-28 13:00:00,NSE:TCI,242.0,243.8,240.3,243.8,29745.0
2017-04-28 15:00:00,NSE:TCI,243.55,245.7,242.2,243.5,50791.0
2017-05-02 09:00:00,NSE:TCI,245.45,249.95,241.0,242.0,54941.0
2017-05-02 11:00:00,NSE:TCI,242.0,246.7,242.0,246.4,21800.0
2017-05-02 13:00:00,NSE:TCI,246.7,249.0,245.7,248.15,17533.0
2017-05-02 15:00:00,NSE:TCI,248.05,248.7,246.2,247.45,11186.0
2017-05-03 09:00:00,NSE:TCI,247.5,256.85,247.5,254.0,80165.0
2017-05-03 11:00:00,NSE:TCI,253.65,254.5,252.0,253.85,22743.0
2017-05-03 13:00:00,NSE:TCI,253.1,256.0,252.6,254.0,22281.0
2017-05-03 15:00:00,NSE:TCI,255.0,257.0,254.0,256.0,26991.0
2017-05-04 09:00:00,NSE:TCI,251.0,262.4,251.0,260.1,64661.0
2017-05-04 11:00:00,NSE:TCI,259.85,262.0,259.45,260.55,25821.0
2017-05-04 13:00:00,NSE:TCI,260.4,261.85,260.3,261.4,18158.0
2017-05-04 15:00:00,NSE:TCI,261.45,262.4,260.4,261.3,15091.0
2017-05-05 09:00:00,NSE:TCI,262.35,262.7,247.5,251.0,75738.0
2017-05-05 11:00:00,NSE:TCI,251.05,253.85,249.85,250.7,20037.0
2017-05-05 13:00:00,NSE:TCI,250.45,251.0,248.0,250.9,18347.0
2017-05-05 15:00:00,NSE:TCI,250.5,250.9,247.0,248.2,22310.0
2017-05-08 09:00:00,NSE:TCI,251.0,255.0,249.1,253.35,20029.0
2017-05-08 11:00:00,NSE:TCI,253.3,253.5,250.05,250.5,9412.0
2017-05-08 13:00:00,NSE:TCI,250.35,252.5,249.55,252.5,8772.0
2017-05-08 15:00:00,NSE:TCI,252.5,254.9,252.0,253.1,6505.0
2017-05-09 09:00:00,NSE:TCI,254.9,254.9,250.4,251.75,8894.0
2017-05-09 11:00:00,NSE:TCI,251.7,251.9,248.4,250.9,10627.0
2017-05-09 13:00:00,NSE:TCI,251.2,254.0,251.2,252.0,16352.0
2017-05-09 15:00:00,NSE:TCI,252.05,253.35,248.75,250.4,6624.0
2017-05-10 09:00:00,NSE:TCI,240.4,253.8,240.4,252.0,12383.0
2017-05-10 11:00:00,NSE:TCI,252.05,252.95,249.0,251.25,4928.0
2017-05-10 13:00:00,NSE:TCI,251.25,252.8,251.25,252.75,3456.0
2017-05-10 15:00:00,NSE:TCI,252.1,253.0,249.3,250.85,5327.0
2017-05-11 09:00:00,NSE:TCI,253.8,253.8,249.05,250.9,20976.0
2017-05-11 11:00:00,NSE:TCI,250.7,251.65,247.2,250.8,14647.0
2017-05-11 13:00:00,NSE:TCI,250.5,250.75,247.45,247.45,7921.0
2017-05-11 15:00:00,NSE:TCI,248.6,250.4,246.05,247.9,3310.0
2017-05-12 09:00:00,NSE:TCI,247.9,250.05,243.25,245.0,19577.0
2017-05-12 11:00:00,NSE:TCI,244.45,252.0,243.0,247.0,15915.0
2017-05-12 13:00:00,NSE:TCI,246.9,249.9,246.0,246.55,9396.0
2017-05-12 15:00:00,NSE:TCI,247.2,247.65,245.55,246.7,1514.0
2017-05-15 09:00:00,NSE:TCI,248.7,250.9,247.05,248.3,12670.0
2017-05-15 11:00:00,NSE:TCI,248.4,250.5,247.2,250.05,14586.0
2017-05-15 13:00:00,NSE:TCI,250.0,254.0,250.0,254.0,77841.0
2017-05-15 15:00:00,NSE:TCI,254.0,254.95,252.75,254.15,6622.0
2017-05-16 09:00:00,NSE:TCI,255.75,259.9,252.8,257.45,41496.0
2017-05-16 11:00:00,NSE:TCI,257.4,259.8,256.9,257.35,14763.0
2017-05-16 13:00:00,NSE:TCI,257.35,259.9,256.55,257.0,19948.0
2017-05-16 15:00:00,NSE:TCI,257.85,259.0,256.05,257.75,12851.0
2017-05-17 09:00:00,NSE:TCI,257.75,267.3,252.5,262.5,83798.0
2017-05-17 11:00:00,NSE:TCI,262.65,264.0,261.0,263.0,17922.0
2017-05-17 13:00:00,NSE:TCI,263.2,264.9,262.2,264.45,25995.0
2017-05-17 15:00:00,NSE:TCI,264.0,264.65,260.0,261.9,16280.0
2017-05-18 09:00:00,NSE:TCI,262.9,267.95,254.95,255.1,49322.0
2017-05-18 11:00:00,NSE:TCI,255.05,255.8,251.65,254.35,28029.0
2017-05-18 13:00:00,NSE:TCI,254.35,261.0,253.5,260.0,38190.0
2017-05-18 15:00:00,NSE:TCI,260.85,260.85,258.3,260.0,27010.0
2017-05-19 09:00:00,NSE:TCI,263.25,263.25,260.3,262.0,7269.0
2017-05-19 11:00:00,NSE:TCI,262.0,262.7,251.95,255.2,25431.0
2017-05-19 13:00:00,NSE:TCI,255.6,263.0,253.85,261.0,29713.0
2017-05-19 15:00:00,NSE:TCI,260.9,262.0,259.75,260.0,12580.0
2017-05-22 09:00:00,NSE:TCI,262.0,262.0,255.7,258.4,10013.0
2017-05-22 11:00:00,NSE:TCI,259.0,265.0,256.8,260.9,15679.0
2017-05-22 13:00:00,NSE:TCI,261.05,264.0,260.0,260.0,14148.0
2017-05-22 15:00:00,NSE:TCI,260.0,263.0,258.8,263.0,7565.0
2017-05-23 09:00:00,NSE:TCI,260.0,262.0,247.3,250.0,31339.0
2017-05-23 11:00:00,NSE:TCI,250.5,251.5,249.0,249.9,15004.0
2017-05-23 13:00:00,NSE:TCI,250.0,257.75,250.0,256.5,21584.0
2017-05-23 15:00:00,NSE:TCI,256.2,257.7,253.55,254.15,9447.0
2017-05-24 09:00:00,NSE:TCI,257.0,257.0,251.05,255.75,11466.0
2017-05-24 11:00:00,NSE:TCI,256.0,258.9,255.35,256.3,16969.0
2017-05-24 13:00:00,NSE:TCI,256.5,257.05,247.0,250.9,22897.0
2017-05-24 15:00:00,NSE:TCI,250.45,250.9,249.0,250.05,5765.0
2017-05-25 09:00:00,NSE:TCI,252.15,253.5,245.25,252.05,16304.0
2017-05-25 11:00:00,NSE:TCI,252.9,253.0,250.3,251.25,5078.0
2017-05-25 13:00:00,NSE:TCI,251.25,254.7,250.65,254.0,7109.0
2017-05-25 15:00:00,NSE:TCI,254.4,254.4,250.05,252.45,4984.0
2017-05-26 09:00:00,NSE:TCI,251.0,261.0,251.0,259.1,18961.0
2017-05-26 11:00:00,NSE:TCI,259.15,260.9,258.0,259.9,8635.0
2017-05-26 13:00:00,NSE:TCI,259.8,261.7,254.0,260.75,24423.0
2017-05-26 15:00:00,NSE:TCI,260.1,261.0,260.0,260.0,10450.0
2017-05-29 09:00:00,NSE:TCI,261.85,261.85,248.7,253.0,13347.0
2017-05-29 11:00:00,NSE:TCI,253.5,255.15,251.05,254.8,4899.0
2017-05-29 13:00:00,NSE:TCI,254.55,256.0,252.25,253.1,4539.0
2017-05-29 15:00:00,NSE:TCI,252.7,254.0,252.2,252.9,4651.0
2017-05-30 09:00:00,NSE:TCI,258.65,258.65,253.05,257.45,10699.0
2017-05-30 11:00:00,NSE:TCI,257.9,262.0,257.1,260.3,23032.0
2017-05-30 13:00:00,NSE:TCI,260.3,261.65,260.05,261.4,20071.0
2017-05-30 15:00:00,NSE:TCI,261.6,264.9,261.2,263.15,27942.0
2017-05-31 09:00:00,NSE:TCI,265.0,308.0,265.0,300.05,362526.0
2017-05-31 11:00:00,NSE:TCI,300.0,303.0,298.0,300.4,77870.0
2017-05-31 13:00:00,NSE:TCI,300.5,300.9,291.5,291.5,69522.0
2017-05-31 15:00:00,NSE:TCI,291.45,299.85,289.3,295.75,58373.0
2017-06-01 09:00:00,NSE:TCI,297.0,324.0,294.65,315.9,520881.0
2017-06-01 11:00:00,NSE:TCI,315.6,315.8,310.5,314.0,71894.0
2017-06-01 13:00:00,NSE:TCI,314.0,318.5,311.15,317.05,143067.0
2017-06-01 15:00:00,NSE:TCI,317.05,319.75,316.15,317.8,69036.0
2017-06-02 09:00:00,NSE:TCI,320.7,330.05,320.05,324.65,214120.0
2017-06-02 11:00:00,NSE:TCI,324.3,325.1,322.7,323.05,38245.0
2017-06-02 13:00:00,NSE:TCI,323.6,327.0,322.7,324.8,41451.0
2017-06-02 15:00:00,NSE:TCI,325.3,325.75,322.2,324.05,44676.0
2017-06-05 09:00:00,NSE:TCI,326.0,334.85,325.45,329.95,53143.0
2017-06-05 11:00:00,NSE:TCI,330.0,331.45,328.55,329.3,20545.0
2017-06-05 13:00:00,NSE:TCI,329.75,329.85,327.0,327.0,24367.0
2017-06-05 15:00:00,NSE:TCI,327.0,329.7,326.5,328.5,22166.0
2017-06-06 09:00:00,NSE:TCI,332.0,333.9,315.65,320.55,60489.0
2017-06-06 11:00:00,NSE:TCI,320.8,320.8,317.5,317.5,14584.0
2017-06-06 13:00:00,NSE:TCI,317.5,320.7,316.0,318.2,17696.0
2017-06-06 15:00:00,NSE:TCI,318.1,318.5,313.3,316.15,19440.0
2017-06-07 09:00:00,NSE:TCI,319.95,331.7,319.9,330.5,69269.0
2017-06-07 11:00:00,NSE:TCI,331.0,331.7,324.0,326.15,26146.0
2017-06-07 13:00:00,NSE:TCI,326.75,327.1,319.0,321.9,23099.0
2017-06-07 15:00:00,NSE:TCI,321.7,327.1,319.9,327.1,25567.0
2017-06-08 09:00:00,NSE:TCI,322.55,326.6,319.85,321.8,58754.0
2017-06-08 11:00:00,NSE:TCI,321.8,322.0,320.1,321.2,9533.0
2017-06-08 13:00:00,NSE:TCI,321.7,322.0,318.15,318.75,21148.0
2017-06-08 15:00:00,NSE:TCI,318.75,319.5,310.25,315.25,24405.0
2017-06-09 09:00:00,NSE:TCI,317.0,321.65,316.0,318.5,31183.0
2017-06-09 11:00:00,NSE:TCI,318.85,320.5,317.0,318.7,10370.0
2017-06-09 13:00:00,NSE:TCI,318.85,320.0,314.0,315.0,9636.0
2017-06-09 15:00:00,NSE:TCI,314.8,318.0,309.0,313.5,23022.0
2017-06-12 09:00:00,NSE:TCI,312.3,312.3,304.65,307.55,24660.0
2017-06-12 11:00:00,NSE:TCI,307.5,309.25,306.45,307.05,18959.0
2017-06-12 13:00:00,NSE:TCI,307.7,307.7,303.65,304.2,14005.0
2017-06-12 15:00:00,NSE:TCI,304.05,306.25,302.2,303.55,14071.0
2017-06-13 09:00:00,NSE:TCI,304.0,311.0,304.0,308.6,12521.0
2017-06-13 11:00:00,NSE:TCI,308.6,308.95,308.0,308.5,7945.0
2017-06-13 13:00:00,NSE:TCI,308.5,310.0,307.05,308.25,9191.0
2017-06-13 15:00:00,NSE:TCI,307.75,309.55,307.15,309.5,7656.0
2017-06-14 09:00:00,NSE:TCI,309.0,315.9,309.0,312.35,17085.0
2017-06-14 11:00:00,NSE:TCI,312.4,312.4,308.3,309.9,6041.0
2017-06-14 13:00:00,NSE:TCI,309.9,311.7,308.05,311.4,7129.0
2017-06-14 15:00:00,NSE:TCI,311.35,312.45,310.1,311.0,8272.0
2017-06-15 09:00:00,NSE:TCI,311.05,315.0,307.0,307.6,21135.0
2017-06-15 11:00:00,NSE:TCI,308.0,308.15,305.0,305.0,9510.0
2017-06-15 13:00:00,NSE:TCI,305.0,306.95,303.05,304.65,10986.0
2017-06-15 15:00:00,NSE:TCI,304.65,308.0,304.65,306.9,8099.0
2017-06-16 09:00:00,NSE:TCI,311.85,317.4,308.0,310.15,36181.0
2017-06-16 11:00:00,NSE:TCI,310.35,312.0,309.6,311.0,7392.0
2017-06-16 13:00:00,NSE:TCI,311.0,311.8,309.95,311.4,7979.0
2017-06-16 15:00:00,NSE:TCI,310.6,311.5,309.95,310.55,10788.0
2017-06-19 09:00:00,NSE:TCI,314.9,318.6,309.0,310.2,21616.0
2017-06-19 11:00:00,NSE:TCI,310.1,310.9,308.0,309.4,6270.0
2017-06-19 13:00:00,NSE:TCI,309.4,310.0,307.0,308.2,6021.0
2017-06-19 15:00:00,NSE:TCI,308.15,309.75,307.1,308.05,8317.0
2017-06-20 09:00:00,NSE:TCI,310.0,311.0,303.6,305.6,14612.0
2017-06-20 11:00:00,NSE:TCI,305.0,312.5,300.0,307.4,50135.0
2017-06-20 13:00:00,NSE:TCI,307.4,309.85,306.7,308.25,11380.0
2017-06-20 15:00:00,NSE:TCI,308.8,310.9,307.3,309.3,10010.0
2017-06-21 09:00:00,NSE:TCI,310.0,311.95,304.55,307.55,13087.0
2017-06-21 11:00:00,NSE:TCI,307.55,308.9,305.0,305.9,9042.0
2017-06-21 13:00:00,NSE:TCI,305.9,306.4,304.0,304.0,9673.0
2017-06-21 15:00:00,NSE:TCI,304.0,306.0,304.0,305.0,6574.0
2017-06-22 09:00:00,NSE:TCI,307.9,308.05,303.6,304.5,11685.0
2017-06-22 11:00:00,NSE:TCI,304.6,306.0,304.0,305.0,6141.0
2017-06-22 13:00:00,NSE:TCI,305.0,306.25,303.0,303.95,7473.0
2017-06-22 15:00:00,NSE:TCI,303.3,304.9,302.0,303.5,6185.0
2017-06-23 09:00:00,NSE:TCI,304.0,306.3,285.0,290.0,26844.0
2017-06-23 11:00:00,NSE:TCI,288.35,295.0,287.0,293.8,32811.0
2017-06-23 13:00:00,NSE:TCI,293.75,296.3,292.0,294.55,9156.0
2017-06-23 15:00:00,NSE:TCI,293.3,297.0,290.55,294.2,8515.0
2017-06-27 09:00:00,NSE:TCI,302.0,305.0,294.0,296.45,42108.0
2017-06-27 11:00:00,NSE:TCI,293.45,295.0,289.85,291.0,25853.0
2017-06-27 13:00:00,NSE:TCI,291.0,291.9,286.85,291.4,10908.0
2017-06-27 15:00:00,NSE:TCI,291.0,292.95,289.3,291.9,6230.0
2017-06-28 09:00:00,NSE:TCI,292.95,295.0,288.1,291.7,17249.0
2017-06-28 11:00:00,NSE:TCI,291.75,292.0,287.65,289.1,27285.0
2017-06-28 13:00:00,NSE:TCI,290.55,293.4,289.0,291.35,8969.0
2017-06-28 15:00:00,NSE:TCI,291.4,292.5,289.6,290.4,8241.0
2017-06-29 09:00:00,NSE:TCI,293.9,332.0,287.95,320.8,235774.0
2017-06-29 11:00:00,NSE:TCI,320.8,328.0,317.4,319.25,102353.0
2017-06-29 13:00:00,NSE:TCI,319.0,328.45,318.0,324.7,93982.0
2017-06-29 15:00:00,NSE:TCI,325.2,325.6,318.65,321.35,46197.0
2017-06-30 09:00:00,NSE:TCI,321.0,334.85,321.0,329.8,176506.0
2017-06-30 11:00:00,NSE:TCI,330.0,333.4,328.5,330.35,32334.0
2017-06-30 13:00:00,NSE:TCI,330.35,331.7,328.5,330.0,34946.0
2017-06-30 15:00:00,NSE:TCI,330.55,332.0,326.25,327.55,43495.0
2017-07-03 09:00:00,NSE:TCI,328.8,334.0,316.7,331.0,69306.0
2017-07-03 11:00:00,NSE:TCI,331.0,331.7,329.5,331.7,13963.0
2017-07-03 13:00:00,NSE:TCI,331.7,332.25,328.0,330.65,22657.0
2017-07-03 15:00:00,NSE:TCI,330.6,331.0,323.6,326.25,29761.0
2017-07-04 09:00:00,NSE:TCI,327.0,340.0,327.0,337.6,85251.0
2017-07-04 11:00:00,NSE:TCI,337.25,344.9,336.75,339.0,95614.0
2017-07-04 13:00:00,NSE:TCI,339.0,340.15,332.6,336.0,75585.0
2017-07-04 15:00:00,NSE:TCI,335.8,336.0,330.7,333.05,51698.0
2017-07-05 09:00:00,NSE:TCI,336.0,344.0,335.9,341.0,103638.0
2017-07-05 11:00:00,NSE:TCI,341.0,341.0,338.65,339.5,13526.0
2017-07-05 13:00:00,NSE:TCI,340.0,341.7,339.1,340.0,49680.0
2017-07-05 15:00:00,NSE:TCI,340.0,343.8,339.0,340.75,33949.0
2017-07-06 09:00:00,NSE:TCI,343.4,349.0,341.8,344.6,111853.0
2017-07-06 11:00:00,NSE:TCI,344.7,346.3,343.8,345.0,25532.0
2017-07-06 13:00:00,NSE:TCI,345.0,345.0,343.2,343.95,16219.0
2017-07-06 15:00:00,NSE:TCI,343.95,344.0,342.0,342.75,15421.0
2017-07-07 09:00:00,NSE:TCI,342.75,345.0,336.0,339.8,32405.0
2017-07-07 11:00:00,NSE:TCI,335.8,342.6,335.8,339.0,15632.0
2017-07-07 13:00:00,NSE:TCI,339.0,341.0,338.0,339.1,7239.0
2017-07-07 15:00:00,NSE:TCI,339.0,341.0,338.5,339.25,12459.0
2017-07-10 09:00:00,NSE:TCI,342.1,342.1,340.0,342.1,457.0
2017-07-10 11:00:00,NSE:TCI,342.1,344.2,339.8,342.0,1418.0
2017-07-10 13:00:00,NSE:TCI,342.0,342.9,339.25,340.0,12891.0
2017-07-10 15:00:00,NSE:TCI,340.2,340.2,335.35,338.0,8340.0
2017-07-11 09:00:00,NSE:TCI,339.05,341.3,334.25,335.25,29295.0
2017-07-11 11:00:00,NSE:TCI,335.9,339.75,334.9,336.5,24844.0
2017-07-11 13:00:00,NSE:TCI,336.95,338.85,334.0,334.75,37707.0
2017-07-11 15:00:00,NSE:TCI,334.95,335.75,331.35,333.6,14072.0
2017-07-12 09:00:00,NSE:TCI,335.65,336.3,331.0,334.9,16402.0
2017-07-12 11:00:00,NSE:TCI,334.5,338.5,333.35,337.5,19455.0
2017-07-12 13:00:00,NSE:TCI,337.75,340.4,337.55,339.05,24247.0
2017-07-12 15:00:00,NSE:TCI,339.4,341.0,339.1,340.1,63582.0
2017-07-13 09:00:00,NSE:TCI,340.1,343.35,325.0,333.1,63256.0
2017-07-13 11:00:00,NSE:TCI,333.1,335.0,329.05,331.25,23401.0
2017-07-13 13:00:00,NSE:TCI,333.0,333.8,331.25,332.8,8260.0
2017-07-13 15:00:00,NSE:TCI,332.8,334.0,332.0,332.95,12259.0
2017-07-14 09:00:00,NSE:TCI,335.8,335.8,330.0,330.7,16100.0
2017-07-14 11:00:00,NSE:TCI,330.0,331.45,327.5,327.55,13424.0
2017-07-14 13:00:00,NSE:TCI,327.95,328.0,325.2,327.85,15652.0
2017-07-14 15:00:00,NSE:TCI,327.55,327.55,321.5,324.55,17470.0
2017-07-17 09:00:00,NSE:TCI,327.7,327.7,318.4,319.9,25155.0
2017-07-17 11:00:00,NSE:TCI,319.9,320.0,318.0,319.4,15432.0
2017-07-17 13:00:00,NSE:TCI,319.0,320.0,318.0,319.0,11001.0
2017-07-17 15:00:00,NSE:TCI,319.0,320.0,318.0,318.8,7086.0
2017-07-18 09:00:00,NSE:TCI,318.0,328.8,318.0,327.0,32681.0
2017-07-18 11:00:00,NSE:TCI,326.45,327.0,323.0,326.0,8994.0
2017-07-18 13:00:00,NSE:TCI,326.35,326.9,323.5,325.45,9272.0
2017-07-18 15:00:00,NSE:TCI,325.4,327.9,323.6,326.9,8613.0
2017-07-19 09:00:00,NSE:TCI,326.9,330.0,322.0,323.75,25810.0
2017-07-19 11:00:00,NSE:TCI,324.0,328.05,323.75,324.9,7240.0
2017-07-19 13:00:00,NSE:TCI,324.95,327.0,323.55,324.7,6354.0
2017-07-19 15:00:00,NSE:TCI,324.75,325.5,322.55,323.95,5295.0
2017-07-20 09:00:00,NSE:TCI,324.5,327.55,322.5,324.4,9642.0
2017-07-20 11:00:00,NSE:TCI,324.4,327.95,324.25,326.3,9883.0
2017-07-20 13:00:00,NSE:TCI,326.3,326.85,324.5,324.9,3261.0
2017-07-20 15:00:00,NSE:TCI,325.0,325.95,323.15,324.65,9612.0
2017-07-21 09:00:00,NSE:TCI,322.1,324.4,320.0,320.0,11598.0
2017-07-21 11:00:00,NSE:TCI,321.0,324.85,320.35,322.5,7634.0
2017-07-21 13:00:00,NSE:TCI,322.35,322.65,320.0,322.3,10166.0
2017-07-21 15:00:00,NSE:TCI,320.45,321.2,320.0,320.6,6710.0
2017-07-24 09:00:00,NSE:TCI,321.0,323.9,318.0,318.35,11588.0
2017-07-24 11:00:00,NSE:TCI,319.5,319.5,317.0,318.0,13085.0
2017-07-24 13:00:00,NSE:TCI,318.2,318.5,317.5,317.9,4326.0
2017-07-24 15:00:00,NSE:TCI,317.5,318.25,317.5,317.6,5616.0
2017-07-25 09:00:00,NSE:TCI,321.4,327.2,316.3,324.4,29774.0
2017-07-25 11:00:00,NSE:TCI,324.4,325.75,321.1,323.35,7527.0
2017-07-25 13:00:00,NSE:TCI,323.35,325.75,320.0,321.3,14748.0
2017-07-25 15:00:00,NSE:TCI,321.35,321.9,320.2,321.1,3166.0
2017-07-26 09:00:00,NSE:TCI,323.85,323.85,318.65,322.9,10060.0
2017-07-26 11:00:00,NSE:TCI,322.85,322.95,318.0,319.65,6763.0
2017-07-26 13:00:00,NSE:TCI,319.05,320.5,318.0,319.7,10243.0
2017-07-26 15:00:00,NSE:TCI,319.0,320.0,317.65,318.9,5362.0
2017-07-27 09:00:00,NSE:TCI,320.0,321.5,319.0,320.95,8608.0
2017-07-27 11:00:00,NSE:TCI,321.55,322.65,317.25,318.6,12867.0
2017-07-27 13:00:00,NSE:TCI,318.2,318.8,316.1,316.15,9748.0
2017-07-27 15:00:00,NSE:TCI,316.6,317.2,315.0,315.85,6423.0
2017-07-28 09:00:00,NSE:TCI,311.1,315.35,308.25,311.7,18484.0
2017-07-28 11:00:00,NSE:TCI,311.65,314.8,311.0,313.8,6560.0
2017-07-28 13:00:00,NSE:TCI,313.7,314.9,312.0,312.0,8007.0
2017-07-28 15:00:00,NSE:TCI,311.0,315.0,308.5,310.3,10162.0
2017-07-31 09:00:00,NSE:TCI,310.35,320.0,310.35,317.0,11587.0
2017-07-31 11:00:00,NSE:TCI,316.9,319.0,314.1,316.0,11455.0
2017-07-31 13:00:00,NSE:TCI,315.9,316.0,314.0,314.9,4600.0
2017-07-31 15:00:00,NSE:TCI,314.55,315.95,313.15,315.0,6276.0
2017-08-01 09:00:00,NSE:TCI,312.4,316.0,310.7,313.95,6400.0
2017-08-01 11:00:00,NSE:TCI,313.95,313.95,305.2,308.95,18757.0
2017-08-01 13:00:00,NSE:TCI,308.15,309.0,302.9,304.6,25028.0
2017-08-01 15:00:00,NSE:TCI,305.05,305.9,300.0,303.15,17978.0
2017-08-02 09:00:00,NSE:TCI,305.0,312.75,305.0,310.3,20828.0
2017-08-02 11:00:00,NSE:TCI,309.75,310.2,305.0,307.0,17338.0
2017-08-02 13:00:00,NSE:TCI,307.0,307.0,302.5,303.15,11918.0
2017-08-02 15:00:00,NSE:TCI,303.85,306.45,303.0,304.15,30074.0
2017-08-03 09:00:00,NSE:TCI,305.1,318.0,304.0,307.0,59791.0
2017-08-03 11:00:00,NSE:TCI,307.0,308.25,304.0,306.4,18456.0
2017-08-03 13:00:00,NSE:TCI,306.9,308.5,302.1,302.2,28577.0
2017-08-03 15:00:00,NSE:TCI,302.6,304.65,299.2,301.95,21892.0
2017-08-04 09:00:00,NSE:TCI,303.95,307.65,302.15,303.55,8729.0
2017-08-04 11:00:00,NSE:TCI,303.5,305.3,296.15,298.75,13387.0
2017-08-04 13:00:00,NSE:TCI,298.7,300.45,297.0,298.35,9783.0
2017-08-04 15:00:00,NSE:TCI,298.05,299.35,297.5,298.15,5618.0
2017-08-07 09:00:00,NSE:TCI,300.9,306.0,295.0,301.2,24999.0
2017-08-07 11:00:00,NSE:TCI,301.2,302.0,300.05,301.4,7097.0
2017-08-07 13:00:00,NSE:TCI,301.25,303.0,298.0,300.8,15520.0
2017-08-07 15:00:00,NSE:TCI,300.4,300.4,296.9,298.8,7834.0
2017-08-08 09:00:00,NSE:TCI,297.7,299.65,291.5,294.0,14924.0
2017-08-08 11:00:00,NSE:TCI,294.25,294.35,291.5,292.0,19056.0
2017-08-08 13:00:00,NSE:TCI,292.3,293.95,290.65,290.8,8946.0
2017-08-08 15:00:00,NSE:TCI,290.8,292.0,290.0,291.1,7137.0
2017-08-09 09:00:00,NSE:TCI,287.9,294.95,284.0,284.0,30556.0
2017-08-09 11:00:00,NSE:TCI,284.05,286.45,283.65,285.1,22383.0
2017-08-09 13:00:00,NSE:TCI,285.0,285.5,280.05,281.9,22054.0
2017-08-09 15:00:00,NSE:TCI,281.0,283.8,275.25,279.5,17594.0
2017-08-10 09:00:00,NSE:TCI,278.1,279.8,270.25,271.9,28577.0
2017-08-10 11:00:00,NSE:TCI,271.9,282.5,271.0,275.55,34912.0
2017-08-10 13:00:00,NSE:TCI,275.65,277.0,272.0,272.0,15573.0
2017-08-10 15:00:00,NSE:TCI,272.0,277.95,271.5,274.45,16344.0
2017-08-11 09:00:00,NSE:TCI,271.9,286.7,261.0,279.55,39889.0
2017-08-11 11:00:00,NSE:TCI,279.6,287.5,279.55,285.7,43577.0
2017-08-11 13:00:00,NSE:TCI,284.85,285.95,275.0,278.55,34534.0
2017-08-11 15:00:00,NSE:TCI,277.95,283.0,276.1,277.95,8370.0
2017-08-14 09:00:00,NSE:TCI,282.0,288.1,281.1,285.6,13124.0
2017-08-14 11:00:00,NSE:TCI,285.6,285.6,280.0,282.9,14102.0
2017-08-14 13:00:00,NSE:TCI,283.0,285.3,282.05,283.65,7856.0
2017-08-14 15:00:00,NSE:TCI,284.0,285.8,282.5,283.6,9452.0
2017-08-16 09:00:00,NSE:TCI,287.0,291.75,285.0,289.95,19234.0
2017-08-16 11:00:00,NSE:TCI,289.35,290.7,285.1,285.75,51162.0
2017-08-16 13:00:00,NSE:TCI,285.15,286.0,284.0,285.05,21574.0
2017-08-16 15:00:00,NSE:TCI,284.95,285.95,284.0,284.85,8532.0
2017-08-17 09:00:00,NSE:TCI,287.0,288.7,282.05,287.85,28463.0
2017-08-17 11:00:00,NSE:TCI,288.65,288.65,284.45,285.4,7881.0
2017-08-17 13:00:00,NSE:TCI,285.7,287.9,285.0,286.05,5704.0
2017-08-17 15:00:00,NSE:TCI,286.1,288.7,283.95,285.65,9228.0
2017-08-18 09:00:00,NSE:TCI,285.95,285.95,279.0,279.9,12875.0
2017-08-18 11:00:00,NSE:TCI,279.85,280.0,277.0,278.0,18019.0
2017-08-18 13:00:00,NSE:TCI,277.45,279.25,276.55,278.35,8631.0
2017-08-18 15:00:00,NSE:TCI,278.45,279.15,276.65,277.7,5183.0
2017-08-21 09:00:00,NSE:TCI,276.1,281.45,276.0,276.45,7400.0
2017-08-21 11:00:00,NSE:TCI,276.45,277.0,276.0,276.7,3144.0
2017-08-21 13:00:00,NSE:TCI,277.0,277.0,271.0,272.85,15656.0
2017-08-21 15:00:00,NSE:TCI,272.85,276.5,269.5,276.1,8492.0
2017-08-22 09:00:00,NSE:TCI,273.5,276.7,265.3,268.7,10087.0
2017-08-22 11:00:00,NSE:TCI,267.6,273.35,266.5,273.35,14207.0
2017-08-22 13:00:00,NSE:TCI,273.4,276.3,273.05,274.0,16090.0
2017-08-22 15:00:00,NSE:TCI,273.85,274.7,272.65,273.95,4401.0
2017-08-23 09:00:00,NSE:TCI,275.45,279.25,268.65,274.5,16083.0
2017-08-23 11:00:00,NSE:TCI,274.5,276.45,273.9,275.75,5704.0
2017-08-23 13:00:00,NSE:TCI,275.75,277.45,275.0,275.0,5050.0
2017-08-23 15:00:00,NSE:TCI,274.8,275.0,271.65,273.5,5059.0
2017-08-24 09:00:00,NSE:TCI,273.0,277.1,273.0,276.4,8057.0
2017-08-24 11:00:00,NSE:TCI,276.35,277.0,273.9,275.3,5641.0
2017-08-24 13:00:00,NSE:TCI,276.45,276.5,273.5,274.0,4050.0
2017-08-24 15:00:00,NSE:TCI,273.65,276.15,273.6,274.0,4106.0
2017-08-28 09:00:00,NSE:TCI,277.9,277.9,272.3,273.15,6482.0
2017-08-28 11:00:00,NSE:TCI,273.95,280.6,273.25,275.2,29796.0
2017-08-28 13:00:00,NSE:TCI,275.0,289.5,273.0,286.05,54341.0
2017-08-28 15:00:00,NSE:TCI,286.0,292.0,284.85,289.5,36932.0
2017-08-29 09:00:00,NSE:TCI,288.55,294.0,282.0,284.5,15441.0
2017-08-29 11:00:00,NSE:TCI,284.95,285.0,283.0,283.95,8462.0
2017-08-29 13:00:00,NSE:TCI,283.95,284.9,280.1,283.35,8385.0
2017-08-29 15:00:00,NSE:TCI,283.05,283.9,282.0,283.5,2909.0
2017-08-30 09:00:00,NSE:TCI,285.0,289.0,283.0,283.45,8161.0
2017-08-30 11:00:00,NSE:TCI,283.95,286.4,283.3,284.9,7842.0
2017-08-30 13:00:00,NSE:TCI,285.05,285.05,283.2,284.0,3467.0
2017-08-30 15:00:00,NSE:TCI,284.0,285.05,283.25,284.2,3558.0
2017-08-31 09:00:00,NSE:TCI,284.2,287.35,284.1,285.8,4223.0
2017-08-31 11:00:00,NSE:TCI,285.5,294.9,283.6,290.95,59954.0
2017-08-31 13:00:00,NSE:TCI,290.55,291.25,286.95,287.15,9723.0
2017-08-31 15:00:00,NSE:TCI,287.25,287.25,285.15,286.35,12707.0
2017-09-01 09:00:00,NSE:TCI,286.0,291.25,285.5,289.45,10502.0
2017-09-01 11:00:00,NSE:TCI,289.45,289.95,286.95,287.6,5848.0
2017-09-01 13:00:00,NSE:TCI,287.8,289.1,280.15,282.7,36290.0
2017-09-01 15:00:00,NSE:TCI,282.0,282.65,280.0,281.0,15063.0
2017-09-04 09:00:00,NSE:TCI,283.0,284.55,278.05,282.75,13291.0
2017-09-04 11:00:00,NSE:TCI,282.0,283.35,278.0,280.5,8115.0
2017-09-04 13:00:00,NSE:TCI,281.0,282.75,281.0,282.0,5575.0
2017-09-04 15:00:00,NSE:TCI,282.55,282.7,280.1,281.65,3942.0
2017-09-05 09:00:00,NSE:TCI,283.9,286.1,280.15,282.55,6464.0
2017-09-05 11:00:00,NSE:TCI,282.0,284.95,281.15,284.7,2903.0
2017-09-05 13:00:00,NSE:TCI,282.0,282.0,280.5,281.0,6257.0
2017-09-05 15:00:00,NSE:TCI,281.15,281.75,280.3,281.1,3810.0
2017-09-06 09:00:00,NSE:TCI,277.0,282.75,272.9,281.25,16391.0
2017-09-06 11:00:00,NSE:TCI,281.25,282.5,280.3,281.8,5893.0
2017-09-06 13:00:00,NSE:TCI,281.45,286.0,281.45,282.5,17920.0
2017-09-06 15:00:00,NSE:TCI,283.6,291.0,282.4,287.95,21817.0
2017-09-07 09:00:00,NSE:TCI,290.05,292.1,285.0,285.5,10477.0
2017-09-07 11:00:00,NSE:TCI,285.5,288.0,285.0,285.05,5640.0
2017-09-07 13:00:00,NSE:TCI,285.15,286.4,284.25,285.0,5522.0
2017-09-07 15:00:00,NSE:TCI,285.3,287.65,284.2,286.0,3855.0
2017-09-08 09:00:00,NSE:TCI,283.5,284.6,277.05,281.85,15788.0
2017-09-08 11:00:00,NSE:TCI,282.0,283.6,280.0,281.35,7173.0
2017-09-08 13:00:00,NSE:TCI,280.0,284.0,280.0,283.0,6755.0
2017-09-08 15:00:00,NSE:TCI,283.0,283.0,281.0,281.9,2791.0
2017-09-11 09:00:00,NSE:TCI,280.9,284.85,279.95,283.25,5924.0
2017-09-11 11:00:00,NSE:TCI,283.5,286.0,281.15,284.75,17483.0
2017-09-11 13:00:00,NSE:TCI,285.0,293.5,284.2,290.25,31233.0
2017-09-11 15:00:00,NSE:TCI,291.85,291.95,289.0,290.4,5794.0
2017-09-12 09:00:00,NSE:TCI,292.0,300.0,291.65,299.7,41764.0
2017-09-12 11:00:00,NSE:TCI,301.0,314.7,298.85,306.8,99502.0
2017-09-12 13:00:00,NSE:TCI,306.75,306.75,299.95,300.95,16952.0
2017-09-12 15:00:00,NSE:TCI,300.55,301.95,300.15,301.25,14011.0
2017-09-13 09:00:00,NSE:TCI,304.8,305.3,301.0,304.65,16190.0
2017-09-13 11:00:00,NSE:TCI,304.1,304.1,296.7,298.9,8179.0
2017-09-13 13:00:00,NSE:TCI,298.9,299.75,288.0,292.95,29054.0
2017-09-13 15:00:00,NSE:TCI,292.95,292.95,288.0,290.3,11166.0
2017-09-14 09:00:00,NSE:TCI,290.35,296.35,290.35,295.2,13599.0
2017-09-14 11:00:00,NSE:TCI,295.0,296.0,293.5,295.05,6088.0
2017-09-14 13:00:00,NSE:TCI,294.9,298.15,294.55,297.0,16183.0
2017-09-14 15:00:00,NSE:TCI,297.5,297.95,297.0,297.15,4024.0
2017-09-15 09:00:00,NSE:TCI,293.1,299.4,290.35,292.75,18743.0
2017-09-15 11:00:00,NSE:TCI,293.0,296.0,292.0,295.75,4730.0
2017-09-15 13:00:00,NSE:TCI,295.75,295.75,293.45,295.0,6997.0
2017-09-15 15:00:00,NSE:TCI,295.0,296.05,294.4,296.0,6168.0
2017-09-18 09:00:00,NSE:TCI,296.1,302.5,295.0,296.25,10133.0
2017-09-18 11:00:00,NSE:TCI,295.8,297.0,293.15,293.25,4434.0
2017-09-18 13:00:00,NSE:TCI,293.65,296.0,292.1,294.7,11338.0
2017-09-18 15:00:00,NSE:TCI,294.65,295.4,292.1,293.05,5116.0
2017-09-19 09:00:00,NSE:TCI,299.6,306.75,299.55,303.6,55677.0
2017-09-19 11:00:00,NSE:TCI,303.8,304.4,300.3,302.0,11278.0
2017-09-19 13:00:00,NSE:TCI,302.8,303.4,298.0,299.25,14847.0
2017-09-19 15:00:00,NSE:TCI,299.35,300.0,291.0,294.45,34213.0
2017-09-20 09:00:00,NSE:TCI,295.8,295.8,289.3,292.9,16244.0
2017-09-20 11:00:00,NSE:TCI,292.55,295.0,289.1,290.85,19958.0
2017-09-20 13:00:00,NSE:TCI,291.0,291.9,288.4,288.5,19949.0
2017-09-20 15:00:00,NSE:TCI,288.7,288.9,287.0,287.9,10110.0
2017-09-21 09:00:00,NSE:TCI,288.0,290.4,284.0,287.0,19432.0
2017-09-21 11:00:00,NSE:TCI,287.0,287.9,283.4,284.85,15285.0
2017-09-21 13:00:00,NSE:TCI,284.85,284.85,283.0,284.0,23118.0
2017-09-21 15:00:00,NSE:TCI,284.0,286.95,283.0,284.05,8487.0
2017-09-22 09:00:00,NSE:TCI,282.95,283.0,274.6,275.5,29190.0
2017-09-22 11:00:00,NSE:TCI,276.5,277.0,274.6,275.0,16554.0
2017-09-22 13:00:00,NSE:TCI,275.25,277.0,273.0,273.45,17348.0
2017-09-22 15:00:00,NSE:TCI,274.0,274.0,270.5,272.3,8426.0
2017-09-25 09:00:00,NSE:TCI,273.15,274.75,256.0,264.0,41513.0
2017-09-25 11:00:00,NSE:TCI,264.0,267.5,259.1,260.25,38184.0
2017-09-25 13:00:00,NSE:TCI,260.75,263.0,256.0,261.8,25108.0
2017-09-25 15:00:00,NSE:TCI,262.5,262.5,258.0,260.9,17425.0
2017-09-26 09:00:00,NSE:TCI,263.9,265.0,259.9,262.0,10266.0
2017-09-26 11:00:00,NSE:TCI,262.0,262.0,259.0,259.9,15699.0
2017-09-26 13:00:00,NSE:TCI,259.8,263.9,259.55,262.9,24272.0
2017-09-26 15:00:00,NSE:TCI,262.0,265.05,262.0,264.0,10562.0
2017-09-27 09:00:00,NSE:TCI,270.0,277.95,269.85,270.0,34147.0
2017-09-27 11:00:00,NSE:TCI,270.0,270.0,265.6,267.95,13913.0
2017-09-27 13:00:00,NSE:TCI,267.45,270.95,262.35,264.2,21503.0
2017-09-27 15:00:00,NSE:TCI,264.45,265.75,262.35,263.85,8793.0
2017-09-28 09:00:00,NSE:TCI,266.75,271.95,264.0,268.6,9062.0
2017-09-28 11:00:00,NSE:TCI,268.6,270.0,265.6,265.6,7631.0
2017-09-28 13:00:00,NSE:TCI,265.6,266.95,262.55,264.15,11892.0
2017-09-28 15:00:00,NSE:TCI,264.15,268.95,264.15,266.6,4459.0
2017-09-29 09:00:00,NSE:TCI,268.0,269.85,265.9,267.3,7899.0
2017-09-29 11:00:00,NSE:TCI,267.2,269.45,265.9,269.0,5023.0
2017-09-29 13:00:00,NSE:TCI,269.2,269.9,268.4,269.0,5850.0
2017-09-29 15:00:00,NSE:TCI,268.95,272.0,268.0,269.75,9252.0
2017-10-03 09:00:00,NSE:TCI,271.75,274.0,267.45,270.95,8083.0
2017-10-03 11:00:00,NSE:TCI,270.4,270.7,268.3,268.35,5332.0
2017-10-03 13:00:00,NSE:TCI,269.2,271.45,267.5,270.5,13181.0
2017-10-03 15:00:00,NSE:TCI,270.5,271.75,270.05,270.85,9115.0
2017-10-04 09:00:00,NSE:TCI,277.0,277.1,267.0,271.05,73289.0
2017-10-04 11:00:00,NSE:TCI,271.05,273.0,268.25,269.85,14004.0
2017-10-04 13:00:00,NSE:TCI,269.85,271.2,263.8,265.85,22306.0
2017-10-04 15:00:00,NSE:TCI,265.85,266.95,263.5,265.15,12293.0
2017-10-05 09:00:00,NSE:TCI,265.85,274.2,265.85,268.0,14461.0
2017-10-05 11:00:00,NSE:TCI,268.0,268.4,266.0,268.05,6586.0
2017-10-05 13:00:00,NSE:TCI,266.7,269.5,266.7,267.5,5214.0
2017-10-05 15:00:00,NSE:TCI,267.55,269.95,266.0,267.1,8109.0
2017-10-06 09:00:00,NSE:TCI,268.5,271.7,267.5,269.5,10225.0
2017-10-06 11:00:00,NSE:TCI,269.95,272.0,268.5,269.9,7025.0
2017-10-06 13:00:00,NSE:TCI,269.0,269.9,268.0,269.9,4340.0
2017-10-06 15:00:00,NSE:TCI,269.1,270.25,268.5,269.0,35032.0
2017-10-09 09:00:00,NSE:TCI,271.2,271.45,267.2,268.4,8211.0
2017-10-09 11:00:00,NSE:TCI,268.4,268.5,264.45,266.0,18550.0
2017-10-09 13:00:00,NSE:TCI,265.95,267.5,257.65,261.7,38771.0
2017-10-09 15:00:00,NSE:TCI,261.7,264.0,261.5,262.7,9033.0
2017-10-10 09:00:00,NSE:TCI,263.0,271.0,263.0,270.2,21498.0
2017-10-10 11:00:00,NSE:TCI,270.55,271.8,265.5,270.75,18187.0
2017-10-10 13:00:00,NSE:TCI,270.9,271.5,270.1,271.5,12717.0
2017-10-10 15:00:00,NSE:TCI,271.5,273.0,270.85,271.65,7927.0
2017-10-11 09:00:00,NSE:TCI,274.8,275.95,272.7,274.7,22504.0
2017-10-11 11:00:00,NSE:TCI,274.95,276.8,274.1,275.0,40517.0
2017-10-11 13:00:00,NSE:TCI,275.4,276.2,272.0,272.2,28578.0
2017-10-11 15:00:00,NSE:TCI,272.2,273.8,272.15,272.85,6969.0
2017-10-12 09:00:00,NSE:TCI,275.0,275.0,272.05,272.2,5193.0
2017-10-12 11:00:00,NSE:TCI,272.4,273.6,271.0,271.05,6364.0
2017-10-12 13:00:00,NSE:TCI,270.1,272.9,270.05,272.4,8185.0
2017-10-12 15:00:00,NSE:TCI,272.4,273.35,271.0,272.05,4356.0
2017-10-13 09:00:00,NSE:TCI,272.05,293.9,271.0,288.65,208445.0
2017-10-13 11:00:00,NSE:TCI,288.6,293.0,284.15,284.15,73646.0
2017-10-13 13:00:00,NSE:TCI,284.3,287.1,281.4,282.05,43507.0
2017-10-13 15:00:00,NSE:TCI,282.15,282.2,279.6,281.8,24439.0
2017-10-16 09:00:00,NSE:TCI,284.0,291.2,282.0,283.4,43001.0
2017-10-16 11:00:00,NSE:TCI,283.0,285.9,283.0,284.9,7959.0
2017-10-16 13:00:00,NSE:TCI,284.9,288.85,283.85,285.5,20450.0
2017-10-16 15:00:00,NSE:TCI,285.95,285.95,283.0,284.5,11124.0
2017-10-17 09:00:00,NSE:TCI,283.0,284.95,282.1,284.25,10275.0
2017-10-17 11:00:00,NSE:TCI,284.25,286.0,281.0,281.7,10168.0
2017-10-17 13:00:00,NSE:TCI,281.9,290.95,281.1,284.05,47673.0
2017-10-17 15:00:00,NSE:TCI,284.0,285.5,283.0,284.0,10550.0
2017-10-18 09:00:00,NSE:TCI,284.0,288.25,280.5,282.75,16924.0
2017-10-18 11:00:00,NSE:TCI,283.15,283.15,279.0,280.25,16011.0
2017-10-18 13:00:00,NSE:TCI,280.7,281.0,278.0,280.0,10510.0
2017-10-18 15:00:00,NSE:TCI,280.0,280.5,278.25,279.8,7102.0
2017-10-23 09:00:00,NSE:TCI,281.9,283.6,275.15,277.1,19681.0
2017-10-23 11:00:00,NSE:TCI,277.15,280.05,276.35,280.05,14463.0
2017-10-23 13:00:00,NSE:TCI,280.5,286.75,276.45,283.0,64631.0
2017-10-23 15:00:00,NSE:TCI,283.1,285.65,283.0,284.45,11586.0
2017-10-24 09:00:00,NSE:TCI,280.1,283.9,280.1,282.0,7672.0
2017-10-24 11:00:00,NSE:TCI,281.55,285.55,280.3,281.7,10976.0
2017-10-24 13:00:00,NSE:TCI,281.85,282.25,278.3,278.35,11801.0
2017-10-24 15:00:00,NSE:TCI,278.25,279.4,278.0,278.45,5185.0
2017-10-25 09:00:00,NSE:TCI,282.5,283.5,274.25,276.8,20752.0
2017-10-25 11:00:00,NSE:TCI,277.0,277.7,272.25,273.55,14417.0
2017-10-25 13:00:00,NSE:TCI,273.65,276.4,273.65,275.3,9180.0
2017-10-25 15:00:00,NSE:TCI,276.25,277.0,273.1,274.8,10806.0
2017-10-26 09:00:00,NSE:TCI,274.1,280.0,272.3,277.45,8503.0
2017-10-26 11:00:00,NSE:TCI,277.45,279.4,275.05,275.3,6590.0
2017-10-26 13:00:00,NSE:TCI,275.25,277.0,274.05,274.6,6346.0
2017-10-26 15:00:00,NSE:TCI,274.6,278.0,274.3,276.0,4591.0
2017-10-27 09:00:00,NSE:TCI,276.0,280.0,275.55,279.35,14618.0
2017-10-27 11:00:00,NSE:TCI,279.9,281.05,277.6,278.0,9430.0
2017-10-27 13:00:00,NSE:TCI,278.0,278.5,276.5,277.65,5819.0
2017-10-27 15:00:00,NSE:TCI,277.6,279.35,276.8,278.2,5562.0
2017-10-30 09:00:00,NSE:TCI,279.0,282.0,279.0,279.05,7562.0
2017-10-30 11:00:00,NSE:TCI,279.55,281.0,276.0,276.7,9673.0
2017-10-30 13:00:00,NSE:TCI,277.85,278.7,276.1,276.95,8936.0
2017-10-30 15:00:00,NSE:TCI,276.5,280.0,276.5,278.6,7107.0
2017-10-31 09:00:00,NSE:TCI,279.0,283.0,275.0,276.65,18570.0
2017-10-31 11:00:00,NSE:TCI,276.9,278.0,275.3,276.85,6579.0
2017-10-31 13:00:00,NSE:TCI,277.4,279.45,276.4,279.05,8993.0
2017-10-31 15:00:00,NSE:TCI,279.25,280.95,279.0,279.4,6930.0
2017-11-01 09:00:00,NSE:TCI,283.6,283.6,278.75,281.4,11888.0
2017-11-01 11:00:00,NSE:TCI,281.4,281.5,279.0,279.05,7708.0
2017-11-01 13:00:00,NSE:TCI,279.05,279.05,275.0,277.65,15295.0
2017-11-01 15:00:00,NSE:TCI,277.65,278.1,277.0,277.6,3731.0
2017-11-02 09:00:00,NSE:TCI,279.95,286.0,278.25,282.55,36696.0
2017-11-02 11:00:00,NSE:TCI,282.1,283.45,279.0,280.8,16173.0
2017-11-02 13:00:00,NSE:TCI,280.65,282.0,280.0,280.45,5553.0
2017-11-02 15:00:00,NSE:TCI,281.4,282.0,279.0,280.6,7795.0
2017-11-03 09:00:00,NSE:TCI,294.95,302.0,285.3,290.2,196877.0
2017-11-03 11:00:00,NSE:TCI,290.2,291.0,287.45,289.2,42308.0
2017-11-03 13:00:00,NSE:TCI,289.2,292.0,286.05,290.5,35746.0
2017-11-03 15:00:00,NSE:TCI,290.0,295.0,289.55,293.05,59027.0
2017-11-06 09:00:00,NSE:TCI,293.0,293.0,285.95,291.5,22590.0
2017-11-06 11:00:00,NSE:TCI,291.0,291.8,291.0,291.05,15613.0
2017-11-06 13:00:00,NSE:TCI,291.4,294.9,290.1,290.55,22795.0
2017-11-06 15:00:00,NSE:TCI,290.6,291.7,290.0,290.55,6207.0
2017-11-07 09:00:00,NSE:TCI,293.95,293.95,285.45,287.5,17399.0
2017-11-07 11:00:00,NSE:TCI,287.8,292.0,287.8,292.0,19794.0
2017-11-07 13:00:00,NSE:TCI,291.5,291.85,286.8,288.25,29500.0
2017-11-07 15:00:00,NSE:TCI,288.2,288.85,287.0,287.85,4250.0
2017-11-08 09:00:00,NSE:TCI,286.2,288.95,283.05,283.05,10130.0
2017-11-08 11:00:00,NSE:TCI,283.0,283.9,282.9,283.7,5853.0
2017-11-08 13:00:00,NSE:TCI,283.85,283.85,280.0,280.65,4452.0
2017-11-08 15:00:00,NSE:TCI,280.65,284.7,280.25,281.45,5361.0
2017-11-09 09:00:00,NSE:TCI,282.0,284.95,280.0,284.0,9538.0
2017-11-09 11:00:00,NSE:TCI,284.0,285.0,282.25,284.25,16842.0
2017-11-09 13:00:00,NSE:TCI,283.75,286.95,283.75,284.1,19193.0
2017-11-09 15:00:00,NSE:TCI,284.15,284.9,283.15,283.85,8720.0
2017-11-10 09:00:00,NSE:TCI,281.05,284.45,279.2,280.25,6920.0
2017-11-10 11:00:00,NSE:TCI,280.15,281.6,277.0,280.0,7378.0
2017-11-10 13:00:00,NSE:TCI,280.0,281.3,277.65,277.65,5305.0
2017-11-10 15:00:00,NSE:TCI,277.65,280.0,277.0,278.85,5868.0
2017-11-13 09:00:00,NSE:TCI,282.75,282.75,276.05,276.1,3492.0
2017-11-13 11:00:00,NSE:TCI,276.8,278.05,276.0,276.8,5459.0
2017-11-13 13:00:00,NSE:TCI,276.8,277.55,275.5,277.4,3174.0
2017-11-13 15:00:00,NSE:TCI,276.1,277.45,275.6,276.0,2425.0
2017-11-14 09:00:00,NSE:TCI,275.75,277.85,273.5,274.9,4800.0
2017-11-14 11:00:00,NSE:TCI,274.85,275.45,273.1,274.65,2535.0
2017-11-14 13:00:00,NSE:TCI,274.95,275.7,272.1,272.25,5209.0
2017-11-14 15:00:00,NSE:TCI,272.6,274.65,272.6,274.05,2279.0
2017-11-15 09:00:00,NSE:TCI,272.05,275.8,271.5,271.95,3135.0
2017-11-15 11:00:00,NSE:TCI,271.95,275.0,271.95,274.0,3782.0
2017-11-15 13:00:00,NSE:TCI,273.7,274.0,265.25,267.5,60161.0
2017-11-15 15:00:00,NSE:TCI,267.5,268.5,265.0,266.65,6274.0
2017-11-16 09:00:00,NSE:TCI,268.0,275.0,262.4,268.6,16730.0
2017-11-16 11:00:00,NSE:TCI,268.9,271.3,268.75,269.55,4180.0
2017-11-16 13:00:00,NSE:TCI,270.0,273.4,270.0,271.0,64957.0
2017-11-16 15:00:00,NSE:TCI,270.15,273.2,267.0,270.35,8459.0
2017-11-17 09:00:00,NSE:TCI,274.0,275.0,270.85,272.0,9603.0
2017-11-17 11:00:00,NSE:TCI,271.9,280.8,270.95,276.0,32384.0
2017-11-17 13:00:00,NSE:TCI,275.85,282.1,273.2,281.55,30257.0
2017-11-17 15:00:00,NSE:TCI,282.0,294.0,282.0,289.3,127202.0
2017-11-20 09:00:00,NSE:TCI,292.8,299.0,290.05,294.0,151980.0
2017-11-20 11:00:00,NSE:TCI,292.8,295.0,290.75,293.2,27381.0
2017-11-20 13:00:00,NSE:TCI,293.35,294.0,292.05,293.0,18919.0
2017-11-20 15:00:00,NSE:TCI,293.0,294.55,290.55,292.7,23173.0
2017-11-21 09:00:00,NSE:TCI,294.55,304.8,294.55,298.1,110689.0
2017-11-21 11:00:00,NSE:TCI,298.0,299.3,290.0,293.45,37227.0
2017-11-21 13:00:00,NSE:TCI,292.0,293.8,285.1,287.0,44559.0
2017-11-21 15:00:00,NSE:TCI,287.0,288.9,287.0,287.9,8315.0
2017-11-22 09:00:00,NSE:TCI,287.55,294.4,286.3,292.4,16592.0
2017-11-22 11:00:00,NSE:TCI,292.0,292.4,287.5,288.95,9192.0
2017-11-22 13:00:00,NSE:TCI,288.95,291.5,288.0,290.25,9916.0
2017-11-22 15:00:00,NSE:TCI,290.25,291.05,288.05,289.35,6332.0
2017-11-23 09:00:00,NSE:TCI,291.75,295.05,286.5,294.05,31776.0
2017-11-23 11:00:00,NSE:TCI,293.75,297.0,293.0,293.0,23274.0
2017-11-23 13:00:00,NSE:TCI,293.05,294.4,291.55,293.6,7254.0
2017-11-23 15:00:00,NSE:TCI,293.25,294.95,293.0,293.95,6751.0
2017-11-24 09:00:00,NSE:TCI,295.0,297.0,293.65,296.05,15265.0
2017-11-24 11:00:00,NSE:TCI,296.0,297.0,293.1,293.55,10211.0
2017-11-24 13:00:00,NSE:TCI,293.55,295.0,292.2,295.0,14671.0
2017-11-24 15:00:00,NSE:TCI,295.0,300.2,294.4,297.95,26343.0
2017-11-27 09:00:00,NSE:TCI,310.5,318.0,307.4,310.4,191034.0
2017-11-27 11:00:00,NSE:TCI,310.4,312.2,309.0,309.1,53821.0
2017-11-27 13:00:00,NSE:TCI,309.15,312.5,308.0,309.8,78984.0
2017-11-27 15:00:00,NSE:TCI,309.8,310.75,307.5,308.4,35523.0
2017-11-28 09:00:00,NSE:TCI,310.45,314.95,309.05,313.0,55262.0
2017-11-28 11:00:00,NSE:TCI,313.0,313.0,309.1,310.4,36385.0
2017-11-28 13:00:00,NSE:TCI,310.45,310.75,306.6,307.9,30422.0
2017-11-28 15:00:00,NSE:TCI,307.95,309.3,307.0,308.0,16182.0
2017-11-29 09:00:00,NSE:TCI,310.0,312.0,308.0,309.3,27628.0
2017-11-29 11:00:00,NSE:TCI,309.3,313.95,309.0,310.0,39369.0
2017-11-29 13:00:00,NSE:TCI,310.0,311.7,307.0,308.0,15247.0
2017-11-29 15:00:00,NSE:TCI,308.3,308.95,307.0,307.75,7959.0
2017-11-30 09:00:00,NSE:TCI,307.4,307.4,300.05,305.55,18948.0
2017-11-30 11:00:00,NSE:TCI,305.65,306.15,302.3,302.5,13650.0
2017-11-30 13:00:00,NSE:TCI,302.5,304.9,302.3,304.0,11445.0
2017-11-30 15:00:00,NSE:TCI,304.4,304.65,302.0,302.8,9552.0
2017-12-01 09:00:00,NSE:TCI,302.5,311.45,302.5,309.1,21969.0
2017-12-01 11:00:00,NSE:TCI,308.5,309.25,302.55,305.0,17961.0
2017-12-01 13:00:00,NSE:TCI,304.95,306.85,298.8,299.95,19362.0
2017-12-01 15:00:00,NSE:TCI,299.9,301.5,298.0,299.3,9014.0
2017-12-04 09:00:00,NSE:TCI,303.8,303.8,294.05,297.8,18937.0
2017-12-04 11:00:00,NSE:TCI,297.15,301.1,296.0,300.0,8481.0
2017-12-04 13:00:00,NSE:TCI,301.75,301.75,298.1,299.0,8114.0
2017-12-04 15:00:00,NSE:TCI,298.95,301.0,294.0,296.9,12095.0
2017-12-05 09:00:00,NSE:TCI,297.9,297.9,291.5,294.55,11091.0
2017-12-05 11:00:00,NSE:TCI,295.0,295.5,292.45,294.25,8856.0
2017-12-05 13:00:00,NSE:TCI,294.0,296.0,291.25,295.9,6178.0
2017-12-05 15:00:00,NSE:TCI,295.05,296.35,287.1,292.7,9149.0
2017-12-06 09:00:00,NSE:TCI,291.5,293.0,290.6,292.2,7643.0
2017-12-06 11:00:00,NSE:TCI,291.55,293.0,291.0,292.7,6173.0
2017-12-06 13:00:00,NSE:TCI,292.25,292.55,290.5,291.9,5987.0
2017-12-06 15:00:00,NSE:TCI,291.9,292.5,291.0,291.45,3581.0
2017-12-07 09:00:00,NSE:TCI,290.0,297.15,290.0,293.3,20484.0
2017-12-07 11:00:00,NSE:TCI,293.05,294.2,292.35,293.6,4973.0
2017-12-07 13:00:00,NSE:TCI,293.65,297.0,293.15,294.95,5667.0
2017-12-07 15:00:00,NSE:TCI,294.7,294.7,292.7,293.6,5481.0
2017-12-08 09:00:00,NSE:TCI,295.9,297.0,294.0,296.1,6302.0
2017-12-08 11:00:00,NSE:TCI,296.1,297.95,294.85,297.75,13359.0
2017-12-08 13:00:00,NSE:TCI,297.95,303.1,296.0,296.45,28652.0
2017-12-08 15:00:00,NSE:TCI,296.45,297.9,296.05,297.05,6014.0
2017-12-11 09:00:00,NSE:TCI,298.85,298.85,291.65,292.7,7157.0
2017-12-11 11:00:00,NSE:TCI,292.7,293.6,289.65,291.1,8361.0
2017-12-11 13:00:00,NSE:TCI,292.25,294.5,291.2,293.15,6963.0
2017-12-11 15:00:00,NSE:TCI,293.15,295.1,292.65,293.95,3159.0
2017-12-12 09:00:00,NSE:TCI,295.95,295.95,292.15,293.1,4318.0
2017-12-12 11:00:00,NSE:TCI,293.25,295.25,291.05,291.8,4995.0
2017-12-12 13:00:00,NSE:TCI,292.95,293.0,291.65,291.8,5806.0
2017-12-12 15:00:00,NSE:TCI,291.8,292.6,290.0,291.6,6454.0
2017-12-13 09:00:00,NSE:TCI,291.5,292.0,289.5,290.05,5102.0
2017-12-13 11:00:00,NSE:TCI,290.0,293.0,290.0,290.0,7573.0
2017-12-13 13:00:00,NSE:TCI,290.65,291.2,285.75,287.6,8830.0
2017-12-13 15:00:00,NSE:TCI,287.05,289.5,287.0,289.5,2452.0
2017-12-14 09:00:00,NSE:TCI,287.85,289.5,281.75,285.0,14099.0
2017-12-14 11:00:00,NSE:TCI,284.8,285.3,282.5,284.05,5140.0
2017-12-14 13:00:00,NSE:TCI,284.25,284.9,282.0,283.9,10559.0
2017-12-14 15:00:00,NSE:TCI,283.55,285.4,283.15,284.45,3509.0
2017-12-15 09:00:00,NSE:TCI,288.0,291.2,285.0,286.95,11342.0
2017-12-15 11:00:00,NSE:TCI,286.9,288.25,285.05,285.8,4732.0
2017-12-15 13:00:00,NSE:TCI,285.7,288.55,285.7,287.45,5613.0
2017-12-15 15:00:00,NSE:TCI,287.1,288.0,286.0,286.25,3121.0
2017-12-18 09:00:00,NSE:TCI,290.0,290.05,275.75,287.9,27506.0
2017-12-18 11:00:00,NSE:TCI,287.95,290.0,287.0,287.0,8347.0
2017-12-18 13:00:00,NSE:TCI,287.4,287.45,286.0,286.8,7843.0
2017-12-18 15:00:00,NSE:TCI,286.8,289.8,286.6,287.8,8102.0
2017-12-19 09:00:00,NSE:TCI,287.9,293.95,287.2,291.6,13571.0
2017-12-19 11:00:00,NSE:TCI,291.55,293.0,290.0,291.5,5954.0
2017-12-19 13:00:00,NSE:TCI,291.5,293.0,289.0,291.8,12455.0
2017-12-19 15:00:00,NSE:TCI,291.2,293.0,290.0,291.65,5496.0
2017-12-20 09:00:00,NSE:TCI,295.8,295.8,291.5,295.3,15626.0
2017-12-20 11:00:00,NSE:TCI,295.3,299.3,295.0,299.0,21043.0
2017-12-20 13:00:00,NSE:TCI,299.0,299.3,296.75,298.0,10278.0
2017-12-20 15:00:00,NSE:TCI,297.6,299.5,297.0,297.0,12720.0
2017-12-21 09:00:00,NSE:TCI,296.0,301.0,296.0,299.15,17138.0
2017-12-21 11:00:00,NSE:TCI,299.55,299.75,296.0,296.05,9009.0
2017-12-21 13:00:00,NSE:TCI,296.0,298.2,296.0,298.0,8599.0
2017-12-21 15:00:00,NSE:TCI,298.1,305.0,297.35,300.65,38777.0
2017-12-22 09:00:00,NSE:TCI,298.0,302.15,298.0,298.65,6832.0
2017-12-22 11:00:00,NSE:TCI,298.65,299.1,297.95,298.0,4163.0
2017-12-22 13:00:00,NSE:TCI,297.5,299.0,294.0,294.5,8886.0
2017-12-22 15:00:00,NSE:TCI,294.8,297.9,294.05,296.6,5066.0
2017-12-26 09:00:00,NSE:TCI,298.9,300.95,294.0,299.9,10222.0
2017-12-26 11:00:00,NSE:TCI,299.95,306.0,298.9,304.7,37940.0
2017-12-26 13:00:00,NSE:TCI,304.75,304.95,300.0,302.45,11797.0
2017-12-26 15:00:00,NSE:TCI,302.4,302.4,298.0,300.0,13937.0
2017-12-27 09:00:00,NSE:TCI,300.0,300.0,296.0,296.75,12765.0
2017-12-27 11:00:00,NSE:TCI,296.0,298.75,296.0,296.6,5369.0
2017-12-27 13:00:00,NSE:TCI,296.75,297.1,295.15,295.7,7528.0
2017-12-27 15:00:00,NSE:TCI,295.3,296.45,294.4,295.2,4452.0
2017-12-28 09:00:00,NSE:TCI,295.0,297.95,294.05,295.3,5191.0
2017-12-28 11:00:00,NSE:TCI,295.25,295.7,292.65,293.15,6800.0
2017-12-28 13:00:00,NSE:TCI,293.1,294.0,291.5,292.4,10188.0
2017-12-28 15:00:00,NSE:TCI,292.05,292.4,291.05,291.6,6120.0
2017-12-29 09:00:00,NSE:TCI,293.55,294.75,290.3,291.5,5831.0
2017-12-29 11:00:00,NSE:TCI,291.5,292.0,289.4,290.9,7017.0
2017-12-29 13:00:00,NSE:TCI,290.15,290.85,288.05,289.5,7785.0
2017-12-29 15:00:00,NSE:TCI,289.75,291.45,289.05,290.05,3960.0
2018-01-01 09:00:00,NSE:TCI,294.0,294.0,287.8,288.4,8306.0
2018-01-01 11:00:00,NSE:TCI,288.75,291.0,288.1,288.75,9963.0
2018-01-01 13:00:00,NSE:TCI,288.8,291.0,288.25,290.1,12656.0
2018-01-01 15:00:00,NSE:TCI,290.15,293.0,290.1,290.75,4559.0
2018-01-02 09:00:00,NSE:TCI,293.9,293.9,286.7,288.0,6546.0
2018-01-02 11:00:00,NSE:TCI,288.0,290.0,287.0,288.9,8379.0
2018-01-02 13:00:00,NSE:TCI,288.25,289.4,287.05,287.1,5006.0
2018-01-02 15:00:00,NSE:TCI,287.75,288.05,286.8,287.0,5827.0
2018-01-03 09:00:00,NSE:TCI,290.0,292.8,286.2,290.25,7769.0
2018-01-03 11:00:00,NSE:TCI,290.65,292.8,288.0,288.0,7333.0
2018-01-03 13:00:00,NSE:TCI,288.0,292.15,287.15,287.85,7707.0
2018-01-03 15:00:00,NSE:TCI,287.85,291.9,287.85,290.2,4371.0
2018-01-04 09:00:00,NSE:TCI,287.25,292.75,287.2,290.05,11777.0
2018-01-04 11:00:00,NSE:TCI,290.0,290.05,287.3,287.5,6006.0
2018-01-04 13:00:00,NSE:TCI,287.8,289.95,287.1,289.9,9876.0
2018-01-04 15:00:00,NSE:TCI,291.0,291.65,290.0,290.55,3116.0
2018-01-05 09:00:00,NSE:TCI,288.1,298.0,288.1,295.45,24525.0
2018-01-05 11:00:00,NSE:TCI,295.7,296.55,294.5,294.55,9796.0
2018-01-05 13:00:00,NSE:TCI,294.65,295.9,294.0,294.35,5651.0
2018-01-05 15:00:00,NSE:TCI,294.35,296.0,294.1,295.0,3116.0
2018-01-08 09:00:00,NSE:TCI,297.0,305.9,293.45,299.5,39165.0
2018-01-08 11:00:00,NSE:TCI,300.0,304.5,297.0,300.55,35610.0
2018-01-08 13:00:00,NSE:TCI,300.6,301.15,296.5,298.45,14585.0
2018-01-08 15:00:00,NSE:TCI,298.75,299.0,296.0,297.25,7396.0
2018-01-09 09:00:00,NSE:TCI,297.25,299.95,292.25,294.0,28624.0
2018-01-09 11:00:00,NSE:TCI,294.0,294.95,292.5,293.35,8888.0
2018-01-09 13:00:00,NSE:TCI,293.35,294.95,293.35,294.25,11837.0
2018-01-09 15:00:00,NSE:TCI,294.25,294.9,294.0,294.25,7359.0
2018-01-10 09:00:00,NSE:TCI,294.7,296.0,292.0,293.0,12130.0
2018-01-10 11:00:00,NSE:TCI,293.1,293.2,292.1,292.5,8813.0
2018-01-10 13:00:00,NSE:TCI,292.25,292.9,291.0,291.0,5926.0
2018-01-10 15:00:00,NSE:TCI,291.3,293.0,291.0,292.0,2509.0
2018-01-11 09:00:00,NSE:TCI,287.2,295.9,287.2,291.8,7606.0
2018-01-11 11:00:00,NSE:TCI,291.75,292.75,290.0,292.7,5651.0
2018-01-11 13:00:00,NSE:TCI,292.65,292.65,289.0,289.9,11211.0
2018-01-11 15:00:00,NSE:TCI,289.85,290.95,289.85,290.3,3997.0
2018-01-12 09:00:00,NSE:TCI,294.5,294.5,287.45,293.0,29563.0
2018-01-12 11:00:00,NSE:TCI,293.0,293.1,286.0,289.9,24306.0
2018-01-12 13:00:00,NSE:TCI,289.05,289.95,287.15,288.5,5831.0
2018-01-12 15:00:00,NSE:TCI,287.85,290.95,287.25,289.15,5944.0
2018-01-15 09:00:00,NSE:TCI,290.3,291.25,287.75,289.05,11320.0
2018-01-15 11:00:00,NSE:TCI,288.9,289.0,287.0,288.0,11697.0
2018-01-15 13:00:00,NSE:TCI,288.3,292.0,287.0,287.45,25277.0
2018-01-15 15:00:00,NSE:TCI,287.75,287.75,286.2,287.0,6560.0
2018-01-16 09:00:00,NSE:TCI,288.4,290.0,284.5,284.5,12562.0
2018-01-16 11:00:00,NSE:TCI,284.4,285.25,282.8,283.45,15226.0
2018-01-16 13:00:00,NSE:TCI,283.45,285.1,280.25,283.1,16315.0
2018-01-16 15:00:00,NSE:TCI,283.0,283.8,283.0,283.0,8669.0
2018-01-17 09:00:00,NSE:TCI,282.05,283.05,278.15,281.0,9394.0
2018-01-17 11:00:00,NSE:TCI,281.25,287.25,279.9,283.4,17575.0
2018-01-17 13:00:00,NSE:TCI,283.05,285.25,282.35,284.0,13365.0
2018-01-17 15:00:00,NSE:TCI,283.3,285.7,282.75,285.0,9545.0
2018-01-18 09:00:00,NSE:TCI,288.0,288.0,283.35,283.85,7743.0
2018-01-18 11:00:00,NSE:TCI,283.9,291.85,282.45,287.25,19815.0
2018-01-18 13:00:00,NSE:TCI,288.2,288.2,280.4,281.0,17862.0
2018-01-18 15:00:00,NSE:TCI,281.0,281.0,279.0,279.4,5119.0
2018-01-19 09:00:00,NSE:TCI,280.25,288.7,276.0,284.4,16061.0
2018-01-19 11:00:00,NSE:TCI,285.0,286.0,281.05,285.05,12639.0
2018-01-19 13:00:00,NSE:TCI,285.0,285.85,283.0,285.4,5202.0
2018-01-19 15:00:00,NSE:TCI,285.1,286.0,283.9,285.05,4218.0
2018-01-22 09:00:00,NSE:TCI,284.4,287.9,280.05,280.9,7307.0
2018-01-22 11:00:00,NSE:TCI,280.0,280.9,277.85,279.25,12875.0
2018-01-22 13:00:00,NSE:TCI,279.25,279.9,278.0,279.5,5609.0
2018-01-22 15:00:00,NSE:TCI,278.5,280.0,278.15,279.1,10129.0
2018-01-23 09:00:00,NSE:TCI,282.9,282.9,279.85,281.35,4241.0
2018-01-23 11:00:00,NSE:TCI,281.15,282.15,280.4,280.4,2637.0
2018-01-23 13:00:00,NSE:TCI,280.0,281.0,279.15,279.8,3453.0
2018-01-23 15:00:00,NSE:TCI,279.9,280.3,279.0,279.85,2349.0
2018-01-24 09:00:00,NSE:TCI,281.95,281.95,277.5,278.0,3067.0
2018-01-24 11:00:00,NSE:TCI,278.05,279.8,277.25,277.9,4698.0
2018-01-24 13:00:00,NSE:TCI,278.05,281.45,277.4,277.9,6178.0
2018-01-24 15:00:00,NSE:TCI,277.85,277.95,277.1,277.5,2192.0
2018-01-25 09:00:00,NSE:TCI,276.6,282.8,276.5,279.95,10312.0
2018-01-25 11:00:00,NSE:TCI,279.3,281.95,277.0,277.7,6363.0
2018-01-25 13:00:00,NSE:TCI,277.3,279.4,276.0,278.0,8877.0
2018-01-25 15:00:00,NSE:TCI,278.0,278.0,273.0,275.45,8286.0
2018-01-29 09:00:00,NSE:TCI,277.0,279.95,275.15,275.95,7003.0
2018-01-29 11:00:00,NSE:TCI,276.0,276.5,273.0,273.2,15733.0
2018-01-29 13:00:00,NSE:TCI,273.8,281.55,272.1,280.0,34661.0
2018-01-29 15:00:00,NSE:TCI,280.0,284.1,280.0,280.6,19831.0
2018-01-30 09:00:00,NSE:TCI,286.0,286.0,276.0,277.3,8345.0
2018-01-30 11:00:00,NSE:TCI,276.65,277.85,276.5,276.5,2002.0
2018-01-30 13:00:00,NSE:TCI,276.55,278.0,275.0,276.3,5160.0
2018-01-30 15:00:00,NSE:TCI,276.75,276.75,274.0,275.0,8244.0
2018-01-31 09:00:00,NSE:TCI,274.0,276.3,274.0,276.2,4530.0
2018-01-31 11:00:00,NSE:TCI,274.0,276.2,273.0,276.2,7678.0
2018-01-31 13:00:00,NSE:TCI,275.1,279.85,273.15,278.0,20725.0
2018-01-31 15:00:00,NSE:TCI,277.65,281.5,277.35,280.15,10252.0
2018-02-01 09:00:00,NSE:TCI,285.4,289.0,281.8,286.1,13927.0
2018-02-01 11:00:00,NSE:TCI,286.0,287.0,280.05,283.55,21578.0
2018-02-01 13:00:00,NSE:TCI,284.0,287.65,280.85,282.2,9705.0
2018-02-01 15:00:00,NSE:TCI,282.0,283.0,280.95,281.75,4716.0
2018-02-02 09:00:00,NSE:TCI,280.0,280.05,260.0,269.75,22427.0
2018-02-02 11:00:00,NSE:TCI,269.15,274.95,265.0,272.65,20521.0
2018-02-02 13:00:00,NSE:TCI,272.0,274.3,269.4,272.9,25689.0
2018-02-02 15:00:00,NSE:TCI,272.85,274.05,272.0,272.05,8852.0
2018-02-05 09:00:00,NSE:TCI,261.5,268.0,258.0,267.05,32100.0
2018-02-05 11:00:00,NSE:TCI,267.95,268.0,265.0,265.9,25543.0
2018-02-05 13:00:00,NSE:TCI,266.0,268.0,264.05,264.05,6456.0
2018-02-05 15:00:00,NSE:TCI,264.7,265.85,262.5,264.55,2408.0
2018-02-06 09:00:00,NSE:TCI,260.1,260.1,244.95,250.0,15736.0
2018-02-06 11:00:00,NSE:TCI,250.0,252.45,246.0,251.5,8639.0
2018-02-06 13:00:00,NSE:TCI,252.45,268.75,252.45,264.35,23171.0
2018-02-06 15:00:00,NSE:TCI,264.85,264.85,261.7,263.85,28394.0
2018-02-07 09:00:00,NSE:TCI,267.75,270.0,267.0,267.9,6327.0
2018-02-07 11:00:00,NSE:TCI,267.15,269.95,265.05,268.5,6483.0
2018-02-07 13:00:00,NSE:TCI,268.5,269.2,266.35,268.0,4355.0
2018-02-07 15:00:00,NSE:TCI,268.2,268.8,265.15,266.5,4300.0
2018-02-08 09:00:00,NSE:TCI,270.0,278.8,269.9,277.35,9514.0
2018-02-08 11:00:00,NSE:TCI,277.35,277.5,273.0,273.5,5048.0
2018-02-08 13:00:00,NSE:TCI,273.55,274.65,270.7,271.0,4971.0
2018-02-08 15:00:00,NSE:TCI,272.2,277.0,272.2,274.9,5720.0
2018-02-09 09:00:00,NSE:TCI,275.0,290.1,265.55,285.05,148822.0
2018-02-09 11:00:00,NSE:TCI,285.05,288.0,282.0,283.0,49805.0
2018-02-09 13:00:00,NSE:TCI,283.0,283.9,280.2,283.0,13191.0
2018-02-09 15:00:00,NSE:TCI,281.95,282.9,280.35,281.7,14136.0
2018-02-12 09:00:00,NSE:TCI,286.0,299.0,285.65,291.1,87011.0
2018-02-12 11:00:00,NSE:TCI,292.3,298.0,290.5,297.5,25650.0
2018-02-12 13:00:00,NSE:TCI,297.5,297.5,293.0,293.75,31458.0
2018-02-12 15:00:00,NSE:TCI,293.95,296.5,293.3,295.2,10849.0
2018-02-14 09:00:00,NSE:TCI,297.25,299.0,294.0,296.6,7919.0
2018-02-14 11:00:00,NSE:TCI,296.05,301.0,295.0,299.0,43204.0
2018-02-14 13:00:00,NSE:TCI,299.0,300.0,296.45,297.85,14235.0
2018-02-14 15:00:00,NSE:TCI,297.9,298.5,295.0,295.75,7116.0
2018-02-15 09:00:00,NSE:TCI,294.5,300.95,293.15,298.0,13929.0
2018-02-15 11:00:00,NSE:TCI,298.0,300.9,296.15,297.75,66822.0
2018-02-15 13:00:00,NSE:TCI,297.05,297.05,292.0,293.0,6260.0
2018-02-15 15:00:00,NSE:TCI,292.55,294.0,292.05,293.0,1309.0
2018-02-16 09:00:00,NSE:TCI,292.3,293.85,288.05,288.95,5293.0
2018-02-16 11:00:00,NSE:TCI,288.4,289.4,282.0,282.7,6796.0
2018-02-16 13:00:00,NSE:TCI,282.7,284.3,282.7,283.05,2457.0
2018-02-16 15:00:00,NSE:TCI,283.7,285.3,282.5,282.5,2573.0
2018-02-19 09:00:00,NSE:TCI,281.35,282.6,277.5,280.0,7684.0
2018-02-19 11:00:00,NSE:TCI,280.0,280.45,278.5,278.6,8819.0
2018-02-19 13:00:00,NSE:TCI,279.25,279.95,278.5,278.55,4363.0
2018-02-19 15:00:00,NSE:TCI,278.85,280.95,278.5,279.15,14293.0
2018-02-20 09:00:00,NSE:TCI,280.0,281.5,275.5,275.5,4838.0
2018-02-20 11:00:00,NSE:TCI,275.9,276.0,273.0,275.25,16154.0
2018-02-20 13:00:00,NSE:TCI,276.0,280.95,276.0,280.0,54966.0
2018-02-20 15:00:00,NSE:TCI,280.05,282.0,279.6,280.55,4426.0
2018-02-21 09:00:00,NSE:TCI,283.95,283.95,278.25,279.1,3209.0
2018-02-21 11:00:00,NSE:TCI,279.05,283.95,278.3,283.95,6464.0
2018-02-21 13:00:00,NSE:TCI,282.7,284.0,279.0,283.9,14047.0
2018-02-21 15:00:00,NSE:TCI,284.85,292.95,284.85,290.0,27579.0
2018-02-22 09:00:00,NSE:TCI,287.35,290.65,283.2,283.7,14992.0
2018-02-22 11:00:00,NSE:TCI,283.7,291.8,283.7,288.3,16758.0
2018-02-22 13:00:00,NSE:TCI,288.2,290.45,286.7,286.75,16171.0
2018-02-22 15:00:00,NSE:TCI,288.25,292.0,284.0,288.0,21616.0
2018-02-23 09:00:00,NSE:TCI,288.0,288.0,285.3,287.75,3537.0
2018-02-23 11:00:00,NSE:TCI,287.2,288.85,286.0,286.4,2649.0
2018-02-23 13:00:00,NSE:TCI,286.45,286.75,280.55,282.6,10502.0
2018-02-23 15:00:00,NSE:TCI,282.1,283.4,281.25,282.5,3930.0
2018-02-26 09:00:00,NSE:TCI,284.0,285.0,279.25,281.8,6168.0
2018-02-26 11:00:00,NSE:TCI,282.0,282.0,280.0,280.35,3810.0
2018-02-26 13:00:00,NSE:TCI,279.9,280.9,279.0,280.0,2232.0
2018-02-26 15:00:00,NSE:TCI,280.1,281.6,279.6,281.6,3815.0
2018-02-27 09:00:00,NSE:TCI,278.35,282.65,278.35,282.15,8049.0
2018-02-27 11:00:00,NSE:TCI,282.15,282.55,281.3,282.25,7611.0
2018-02-27 13:00:00,NSE:TCI,282.05,282.05,276.25,277.9,6895.0
2018-02-27 15:00:00,NSE:TCI,277.9,278.65,276.85,277.65,2949.0
2018-02-28 09:00:00,NSE:TCI,277.05,278.55,273.0,277.1,3333.0
2018-02-28 11:00:00,NSE:TCI,276.85,278.2,276.15,277.0,1078.0
2018-02-28 13:00:00,NSE:TCI,276.75,276.75,273.0,274.6,7799.0
2018-02-28 15:00:00,NSE:TCI,274.6,276.6,273.2,274.0,3387.0
2018-03-01 09:00:00,NSE:TCI,282.0,282.0,270.7,273.05,9645.0
2018-03-01 11:00:00,NSE:TCI,273.15,274.9,272.0,273.75,4159.0
2018-03-01 13:00:00,NSE:TCI,273.8,273.8,271.0,271.35,2733.0
2018-03-01 15:00:00,NSE:TCI,271.35,272.0,271.05,271.15,2000.0
2018-03-05 09:00:00,NSE:TCI,271.1,274.85,265.2,271.0,15242.0
2018-03-05 11:00:00,NSE:TCI,270.8,277.1,270.8,275.35,22699.0
2018-03-05 13:00:00,NSE:TCI,275.35,275.5,270.0,275.0,12751.0
2018-03-05 15:00:00,NSE:TCI,274.8,277.75,274.8,277.3,6478.0
2018-03-06 09:00:00,NSE:TCI,278.0,279.95,274.05,276.9,14841.0
2018-03-06 11:00:00,NSE:TCI,277.6,277.95,274.5,276.95,4524.0
2018-03-06 13:00:00,NSE:TCI,277.0,281.8,275.65,278.75,15441.0
2018-03-06 15:00:00,NSE:TCI,278.65,278.7,271.1,273.8,7693.0
2018-03-07 09:00:00,NSE:TCI,274.0,275.15,270.4,273.8,5726.0
2018-03-07 11:00:00,NSE:TCI,272.5,275.0,270.0,272.75,9029.0
2018-03-07 13:00:00,NSE:TCI,272.8,273.0,269.0,269.1,8711.0
2018-03-07 15:00:00,NSE:TCI,270.5,271.9,270.05,271.5,2569.0
2018-03-08 09:00:00,NSE:TCI,271.05,272.7,265.45,267.4,12901.0
2018-03-08 11:00:00,NSE:TCI,267.0,270.45,265.7,270.0,8185.0
2018-03-08 13:00:00,NSE:TCI,270.0,274.7,269.8,271.0,11368.0
2018-03-08 15:00:00,NSE:TCI,271.45,273.0,268.45,269.4,5587.0
2018-03-09 09:00:00,NSE:TCI,271.75,274.2,269.3,270.9,5870.0
2018-03-09 11:00:00,NSE:TCI,271.15,271.65,267.5,268.45,6461.0
2018-03-09 13:00:00,NSE:TCI,267.95,268.0,260.0,261.95,61931.0
2018-03-09 15:00:00,NSE:TCI,261.2,262.65,258.3,260.25,5286.0
2018-03-12 09:00:00,NSE:TCI,262.55,263.95,261.7,261.7,2736.0
2018-03-12 11:00:00,NSE:TCI,261.55,266.0,260.0,261.15,7451.0
2018-03-12 13:00:00,NSE:TCI,261.8,262.65,260.0,260.0,4339.0
2018-03-12 15:00:00,NSE:TCI,260.65,260.85,255.1,257.85,17004.0
2018-03-13 09:00:00,NSE:TCI,257.0,260.75,257.0,260.3,5137.0
2018-03-13 11:00:00,NSE:TCI,260.3,263.0,259.05,260.55,10310.0
2018-03-13 13:00:00,NSE:TCI,261.0,261.5,255.4,258.0,10607.0
2018-03-13 15:00:00,NSE:TCI,257.65,260.0,257.0,258.65,2037.0
2018-03-14 09:00:00,NSE:TCI,260.05,262.35,258.65,261.4,10357.0
2018-03-14 11:00:00,NSE:TCI,261.2,261.7,259.65,261.05,7572.0
2018-03-14 13:00:00,NSE:TCI,261.55,263.3,260.95,261.9,8650.0
2018-03-14 15:00:00,NSE:TCI,261.9,263.95,261.25,262.25,3293.0
2018-03-15 09:00:00,NSE:TCI,261.0,265.75,261.0,264.0,10645.0
2018-03-15 11:00:00,NSE:TCI,264.0,266.0,262.9,265.0,15572.0
2018-03-15 13:00:00,NSE:TCI,265.0,265.9,263.0,265.45,10322.0
2018-03-15 15:00:00,NSE:TCI,263.8,265.5,263.0,264.65,8156.0
2018-03-16 09:00:00,NSE:TCI,263.95,265.8,253.95,263.0,24571.0
2018-03-16 11:00:00,NSE:TCI,263.0,264.65,261.75,263.7,33591.0
2018-03-16 13:00:00,NSE:TCI,263.0,266.9,263.0,265.45,189328.0
2018-03-16 15:00:00,NSE:TCI,265.0,265.9,264.5,265.9,3901.0
2018-03-19 09:00:00,NSE:TCI,268.95,268.95,254.0,256.35,16655.0
2018-03-19 11:00:00,NSE:TCI,256.05,256.5,255.0,256.0,30547.0
2018-03-19 13:00:00,NSE:TCI,256.5,257.0,255.25,256.5,41234.0
2018-03-19 15:00:00,NSE:TCI,256.3,257.0,256.0,256.15,2653.0
2018-03-20 09:00:00,NSE:TCI,259.95,260.45,252.3,260.45,11074.0
2018-03-20 11:00:00,NSE:TCI,260.4,264.55,256.7,262.45,11195.0
2018-03-20 13:00:00,NSE:TCI,263.1,263.95,258.6,260.45,46179.0
2018-03-20 15:00:00,NSE:TCI,260.2,264.85,260.0,261.15,4791.0
2018-03-21 09:00:00,NSE:TCI,265.05,268.0,262.55,263.9,11096.0
2018-03-21 11:00:00,NSE:TCI,264.4,265.0,261.0,262.0,9601.0
2018-03-21 13:00:00,NSE:TCI,261.6,262.35,258.9,261.0,4649.0
2018-03-21 15:00:00,NSE:TCI,261.2,265.8,261.0,265.0,109856.0
2018-03-22 09:00:00,NSE:TCI,261.0,267.95,261.0,265.4,21115.0
2018-03-22 11:00:00,NSE:TCI,265.4,265.95,264.4,265.25,14004.0
2018-03-22 13:00:00,NSE:TCI,265.3,265.7,264.5,265.0,45966.0
2018-03-22 15:00:00,NSE:TCI,265.0,266.2,264.55,265.2,12628.0
2018-03-23 09:00:00,NSE:TCI,252.0,263.0,252.0,255.55,9625.0
2018-03-23 11:00:00,NSE:TCI,255.15,255.9,250.0,255.0,14826.0
2018-03-23 13:00:00,NSE:TCI,255.0,258.9,253.1,258.85,12680.0
2018-03-23 15:00:00,NSE:TCI,257.8,263.0,257.8,258.75,4528.0
2018-03-26 09:00:00,NSE:TCI,267.5,267.5,260.0,262.0,11705.0
2018-03-26 11:00:00,NSE:TCI,262.65,264.8,261.6,264.1,12064.0
2018-03-26 13:00:00,NSE:TCI,264.1,264.85,263.3,264.45,53631.0
2018-03-26 15:00:00,NSE:TCI,264.45,264.45,263.2,263.85,22452.0
2018-03-27 09:00:00,NSE:TCI,265.0,270.6,264.55,265.95,15896.0
2018-03-27 11:00:00,NSE:TCI,265.05,266.9,261.95,265.7,28999.0
2018-03-27 13:00:00,NSE:TCI,264.15,269.0,263.95,267.45,10247.0
2018-03-27 15:00:00,NSE:TCI,266.6,268.7,264.3,265.5,7990.0
2018-03-28 09:00:00,NSE:TCI,265.0,266.0,262.05,265.0,6304.0
2018-03-28 11:00:00,NSE:TCI,265.0,270.85,264.7,270.0,13571.0
2018-03-28 13:00:00,NSE:TCI,270.25,274.1,269.55,271.15,18014.0
2018-03-28 15:00:00,NSE:TCI,271.15,274.0,266.45,270.4,6720.0
2018-04-02 09:00:00,NSE:TCI,271.0,271.9,267.75,271.5,4962.0
2018-04-02 11:00:00,NSE:TCI,272.0,275.95,270.3,275.15,8651.0
2018-04-02 13:00:00,NSE:TCI,275.0,276.3,274.6,276.0,7801.0
2018-04-02 15:00:00,NSE:TCI,276.0,276.6,276.0,276.15,5681.0
2018-04-03 09:00:00,NSE:TCI,276.1,285.6,276.0,281.7,14225.0
2018-04-03 11:00:00,NSE:TCI,281.95,283.4,281.3,282.85,8766.0
2018-04-03 13:00:00,NSE:TCI,283.0,286.35,282.0,285.15,37838.0
2018-04-03 15:00:00,NSE:TCI,285.8,286.3,285.0,285.35,8902.0
2018-04-04 09:00:00,NSE:TCI,287.0,298.0,287.0,293.8,59882.0
2018-04-04 11:00:00,NSE:TCI,293.8,295.0,286.0,290.25,22028.0
2018-04-04 13:00:00,NSE:TCI,290.5,293.0,288.4,292.0,21545.0
2018-04-04 15:00:00,NSE:TCI,292.0,292.0,281.6,287.55,16221.0
2018-04-05 09:00:00,NSE:TCI,288.35,294.05,288.35,291.8,18545.0
2018-04-05 11:00:00,NSE:TCI,292.0,292.0,288.05,290.0,20442.0
2018-04-05 13:00:00,NSE:TCI,289.1,292.0,289.1,290.0,10526.0
2018-04-05 15:00:00,NSE:TCI,289.55,290.9,286.4,289.2,4307.0
2018-04-06 09:00:00,NSE:TCI,286.1,291.45,282.45,284.5,8102.0
2018-04-06 11:00:00,NSE:TCI,283.5,285.05,282.4,285.0,3866.0
2018-04-06 13:00:00,NSE:TCI,285.95,287.6,284.5,285.0,6209.0
2018-04-06 15:00:00,NSE:TCI,285.0,285.3,284.8,285.0,4502.0
2018-04-09 09:00:00,NSE:TCI,289.2,289.2,285.0,285.35,2156.0
2018-04-09 11:00:00,NSE:TCI,286.45,287.0,283.55,285.5,44244.0
2018-04-09 13:00:00,NSE:TCI,285.0,286.8,284.0,285.0,8404.0
2018-04-09 15:00:00,NSE:TCI,285.0,286.0,285.0,285.0,1282.0
2018-04-10 09:00:00,NSE:TCI,284.2,287.0,284.2,285.55,1954.0
2018-04-10 11:00:00,NSE:TCI,286.0,290.0,284.1,285.65,11523.0
2018-04-10 13:00:00,NSE:TCI,286.5,286.5,284.95,285.0,2252.0
2018-04-10 15:00:00,NSE:TCI,285.05,285.8,284.75,285.0,393.0
2018-04-11 09:00:00,NSE:TCI,284.15,288.7,284.1,285.5,3442.0
2018-04-11 11:00:00,NSE:TCI,285.95,294.7,285.95,293.0,94259.0
2018-04-11 13:00:00,NSE:TCI,293.0,293.75,287.65,287.8,10926.0
2018-04-11 15:00:00,NSE:TCI,287.85,289.9,286.2,287.8,2315.0
2018-04-12 09:00:00,NSE:TCI,288.5,291.0,286.25,287.3,2941.0
2018-04-12 11:00:00,NSE:TCI,286.9,287.2,283.0,283.05,10550.0
2018-04-12 13:00:00,NSE:TCI,283.0,283.95,278.7,280.55,6743.0
2018-04-12 15:00:00,NSE:TCI,279.35,280.5,278.75,279.3,2247.0
2018-04-13 09:00:00,NSE:TCI,280.55,283.0,278.25,279.0,2855.0
2018-04-13 11:00:00,NSE:TCI,279.05,280.0,278.3,279.05,1673.0
2018-04-13 13:00:00,NSE:TCI,279.05,280.0,278.4,278.45,1783.0
2018-04-13 15:00:00,NSE:TCI,279.55,279.8,278.1,279.0,1580.0
2018-04-16 09:00:00,NSE:TCI,277.9,280.6,276.6,278.1,1640.0
2018-04-16 11:00:00,NSE:TCI,278.55,278.75,275.6,278.3,2059.0
2018-04-16 13:00:00,NSE:TCI,278.3,278.8,277.2,277.6,1804.0
2018-04-16 15:00:00,NSE:TCI,278.0,278.9,277.0,278.9,509.0
2018-04-17 09:00:00,NSE:TCI,282.9,287.0,280.5,281.85,15088.0
2018-04-17 11:00:00,NSE:TCI,280.0,281.4,272.55,274.1,18153.0
2018-04-17 13:00:00,NSE:TCI,275.3,276.5,271.1,274.7,8293.0
2018-04-17 15:00:00,NSE:TCI,272.6,275.45,272.1,273.45,6740.0
2018-04-18 09:00:00,NSE:TCI,274.95,277.5,272.5,273.95,5797.0
2018-04-18 11:00:00,NSE:TCI,274.0,275.15,272.0,275.0,5140.0
2018-04-18 13:00:00,NSE:TCI,274.35,274.7,272.7,273.0,2921.0
2018-04-18 15:00:00,NSE:TCI,273.0,273.9,272.1,273.05,3503.0
2018-04-19 09:00:00,NSE:TCI,279.75,279.75,273.0,275.05,2996.0
2018-04-19 11:00:00,NSE:TCI,274.5,276.1,273.5,273.5,3330.0
2018-04-19 13:00:00,NSE:TCI,273.0,274.7,272.75,273.55,2561.0
2018-04-19 15:00:00,NSE:TCI,273.8,274.0,272.0,273.15,2784.0
2018-04-20 09:00:00,NSE:TCI,274.3,274.7,273.2,274.35,2330.0
2018-04-20 11:00:00,NSE:TCI,274.35,276.0,274.1,275.0,2563.0
2018-04-20 13:00:00,NSE:TCI,274.15,277.15,273.2,275.55,3672.0
2018-04-20 15:00:00,NSE:TCI,275.5,276.0,273.0,274.3,6854.0
2018-04-23 09:00:00,NSE:TCI,275.15,276.85,272.2,273.25,3185.0
2018-04-23 11:00:00,NSE:TCI,274.0,276.0,273.3,276.0,3681.0
2018-04-23 13:00:00,NSE:TCI,275.1,275.8,273.3,273.3,1689.0
2018-04-23 15:00:00,NSE:TCI,273.95,273.95,272.15,273.05,1521.0
2018-04-24 09:00:00,NSE:TCI,275.95,284.7,272.05,281.8,33308.0
2018-04-24 11:00:00,NSE:TCI,282.0,283.5,278.0,280.0,44727.0
2018-04-24 13:00:00,NSE:TCI,280.5,298.0,280.0,289.5,234334.0
2018-04-24 15:00:00,NSE:TCI,289.7,292.0,287.1,289.8,46607.0
2018-04-25 09:00:00,NSE:TCI,289.4,298.8,287.0,289.4,67752.0
2018-04-25 11:00:00,NSE:TCI,289.35,290.0,282.0,286.0,24340.0
2018-04-25 13:00:00,NSE:TCI,286.0,288.0,275.35,277.25,22046.0
2018-04-25 15:00:00,NSE:TCI,277.25,279.8,275.1,276.7,13157.0
2018-04-26 09:00:00,NSE:TCI,278.9,278.9,272.85,275.95,7269.0
2018-04-26 11:00:00,NSE:TCI,276.0,284.0,275.0,281.75,8004.0
2018-04-26 13:00:00,NSE:TCI,280.05,285.5,280.05,284.05,41211.0
2018-04-26 15:00:00,NSE:TCI,284.05,285.75,284.0,285.0,10347.0
2018-04-27 09:00:00,NSE:TCI,285.05,288.0,278.7,285.7,13780.0
2018-04-27 11:00:00,NSE:TCI,285.7,295.15,285.7,291.5,53214.0
2018-04-27 13:00:00,NSE:TCI,291.5,292.0,288.0,289.0,9468.0
2018-04-27 15:00:00,NSE:TCI,289.05,293.0,286.1,290.2,7136.0
2018-04-30 09:00:00,NSE:TCI,288.25,289.95,287.0,288.7,5831.0
2018-04-30 11:00:00,NSE:TCI,288.2,294.95,286.8,294.8,20349.0
2018-04-30 13:00:00,NSE:TCI,294.35,294.95,291.15,293.8,27159.0
2018-04-30 15:00:00,NSE:TCI,293.8,293.8,291.5,292.65,9470.0
2018-05-02 09:00:00,NSE:TCI,288.8,293.05,285.6,286.2,5687.0
2018-05-02 11:00:00,NSE:TCI,287.1,289.15,285.1,286.0,5532.0
2018-05-02 13:00:00,NSE:TCI,285.25,289.95,281.7,282.0,8774.0
2018-05-02 15:00:00,NSE:TCI,281.75,283.1,278.0,280.85,5602.0
2018-05-03 09:00:00,NSE:TCI,282.3,283.55,277.0,277.45,4261.0
2018-05-03 11:00:00,NSE:TCI,277.8,278.2,275.0,276.35,6347.0
2018-05-03 13:00:00,NSE:TCI,276.9,283.45,275.65,282.0,6759.0
2018-05-03 15:00:00,NSE:TCI,281.25,282.65,281.0,281.3,2056.0
2018-05-04 09:00:00,NSE:TCI,281.5,283.4,281.0,281.1,2535.0
2018-05-04 11:00:00,NSE:TCI,281.1,283.15,277.25,277.65,6214.0
2018-05-04 13:00:00,NSE:TCI,277.65,282.7,277.65,280.1,4266.0
2018-05-04 15:00:00,NSE:TCI,280.0,283.4,279.5,280.0,2071.0
2018-05-07 09:00:00,NSE:TCI,280.75,283.0,279.05,281.3,3519.0
2018-05-07 11:00:00,NSE:TCI,281.1,282.95,277.25,282.5,6135.0
2018-05-07 13:00:00,NSE:TCI,282.0,286.9,281.8,283.0,18405.0
2018-05-07 15:00:00,NSE:TCI,282.0,282.0,275.5,277.25,5918.0
2018-05-08 09:00:00,NSE:TCI,280.0,281.9,277.5,281.5,2346.0
2018-05-08 11:00:00,NSE:TCI,281.45,281.9,280.0,281.0,5892.0
2018-05-08 13:00:00,NSE:TCI,280.4,281.0,277.95,278.05,2548.0
2018-05-08 15:00:00,NSE:TCI,278.3,279.5,277.6,277.65,615.0
2018-05-09 09:00:00,NSE:TCI,277.5,280.8,276.0,277.55,6753.0
2018-05-09 11:00:00,NSE:TCI,277.55,283.75,275.6,276.2,18066.0
2018-05-09 13:00:00,NSE:TCI,275.95,277.85,275.7,276.65,4063.0
2018-05-09 15:00:00,NSE:TCI,276.2,276.75,275.6,276.2,2307.0
2018-05-10 09:00:00,NSE:TCI,277.1,278.95,275.8,276.0,3388.0
2018-05-10 11:00:00,NSE:TCI,276.0,277.15,275.0,275.65,2079.0
2018-05-10 13:00:00,NSE:TCI,275.65,279.5,275.1,275.55,3762.0
2018-05-10 15:00:00,NSE:TCI,276.5,276.8,275.55,276.0,848.0
2018-05-11 09:00:00,NSE:TCI,275.5,277.45,274.1,276.4,2119.0
2018-05-11 11:00:00,NSE:TCI,276.3,277.2,274.1,276.5,2586.0
2018-05-11 13:00:00,NSE:TCI,276.5,277.0,274.25,276.35,3475.0
2018-05-11 15:00:00,NSE:TCI,275.1,277.0,274.35,276.05,2701.0
2018-05-14 09:00:00,NSE:TCI,272.15,281.0,272.15,278.2,6811.0
2018-05-14 11:00:00,NSE:TCI,278.75,278.95,272.0,273.55,6870.0
2018-05-14 13:00:00,NSE:TCI,273.5,275.05,273.15,275.0,3285.0
2018-05-14 15:00:00,NSE:TCI,275.25,275.5,272.05,272.45,2389.0
2018-05-15 09:00:00,NSE:TCI,273.9,273.9,271.3,273.0,3703.0
2018-05-15 11:00:00,NSE:TCI,273.0,278.0,272.2,274.75,5680.0
2018-05-15 13:00:00,NSE:TCI,274.0,277.0,272.55,273.5,3758.0
2018-05-15 15:00:00,NSE:TCI,273.5,274.5,271.55,272.85,3571.0
2018-05-16 09:00:00,NSE:TCI,271.45,271.45,269.1,270.05,6974.0
2018-05-16 11:00:00,NSE:TCI,270.1,273.95,268.1,272.8,6090.0
2018-05-16 13:00:00,NSE:TCI,272.8,273.1,270.45,272.45,76003.0
2018-05-16 15:00:00,NSE:TCI,272.4,276.6,272.0,273.65,3109.0
2018-05-17 09:00:00,NSE:TCI,284.9,299.8,278.25,285.0,236799.0
2018-05-17 11:00:00,NSE:TCI,285.0,287.8,285.0,286.1,16595.0
2018-05-17 13:00:00,NSE:TCI,286.5,299.0,284.95,292.5,124766.0
2018-05-17 15:00:00,NSE:TCI,292.5,297.9,291.15,295.05,39129.0
2018-05-18 09:00:00,NSE:TCI,290.0,294.9,286.1,288.3,16521.0
2018-05-18 11:00:00,NSE:TCI,288.3,288.7,282.2,285.9,12207.0
2018-05-18 13:00:00,NSE:TCI,285.9,296.5,283.0,287.55,107657.0
2018-05-18 15:00:00,NSE:TCI,287.6,292.5,284.5,285.55,26618.0
2018-05-21 09:00:00,NSE:TCI,288.8,289.0,281.5,282.05,15510.0
2018-05-21 11:00:00,NSE:TCI,282.0,282.3,278.2,278.85,9955.0
2018-05-21 13:00:00,NSE:TCI,279.95,281.9,278.55,279.95,6670.0
2018-05-21 15:00:00,NSE:TCI,280.0,280.0,276.15,278.0,4901.0
2018-05-22 09:00:00,NSE:TCI,278.0,279.4,275.05,275.05,8597.0
2018-05-22 11:00:00,NSE:TCI,275.05,275.7,272.5,274.15,5589.0
2018-05-22 13:00:00,NSE:TCI,274.3,275.0,273.1,273.95,3662.0
2018-05-22 15:00:00,NSE:TCI,274.6,276.0,274.6,275.3,5541.0
2018-05-23 09:00:00,NSE:TCI,277.8,278.2,275.05,276.75,3440.0
2018-05-23 11:00:00,NSE:TCI,276.95,277.6,275.75,277.25,3901.0
2018-05-23 13:00:00,NSE:TCI,277.15,279.0,275.2,276.0,2720.0
2018-05-23 15:00:00,NSE:TCI,276.0,277.15,274.05,275.5,2740.0
2018-05-24 09:00:00,NSE:TCI,275.25,278.0,274.75,276.05,3851.0
2018-05-24 11:00:00,NSE:TCI,276.05,276.75,274.15,275.7,2865.0
2018-05-24 13:00:00,NSE:TCI,275.0,275.95,274.35,275.1,4768.0
2018-05-24 15:00:00,NSE:TCI,275.1,275.95,274.65,275.95,2785.0
2018-05-25 09:00:00,NSE:TCI,275.25,285.0,275.25,282.2,7489.0
2018-05-25 11:00:00,NSE:TCI,282.95,283.0,275.75,279.95,4863.0
2018-05-25 13:00:00,NSE:TCI,279.05,284.4,279.05,282.85,7212.0
2018-05-25 15:00:00,NSE:TCI,282.15,284.55,280.2,283.6,5771.0
2018-05-28 09:00:00,NSE:TCI,280.6,289.55,280.6,285.0,6264.0
2018-05-28 11:00:00,NSE:TCI,285.1,288.4,284.6,288.0,4565.0
2018-05-28 13:00:00,NSE:TCI,288.0,289.6,286.85,287.85,3511.0
2018-05-28 15:00:00,NSE:TCI,286.85,288.4,286.0,287.0,1574.0
2018-05-29 09:00:00,NSE:TCI,285.45,289.85,285.1,287.65,1288.0
2018-05-29 11:00:00,NSE:TCI,287.0,287.25,284.35,285.45,6381.0
2018-05-29 13:00:00,NSE:TCI,284.5,285.45,284.5,285.45,2374.0
2018-05-29 15:00:00,NSE:TCI,285.0,285.9,284.65,285.65,2258.0
2018-05-30 09:00:00,NSE:TCI,281.05,286.6,281.05,285.25,2405.0
2018-05-30 11:00:00,NSE:TCI,285.25,285.5,284.5,285.0,4554.0
2018-05-30 13:00:00,NSE:TCI,285.2,286.5,284.75,285.0,8184.0
2018-05-30 15:00:00,NSE:TCI,285.0,289.0,284.8,285.25,2645.0
2018-05-31 09:00:00,NSE:TCI,285.7,287.6,285.25,285.55,1724.0
2018-05-31 11:00:00,NSE:TCI,285.4,285.85,284.05,285.0,9036.0
2018-05-31 13:00:00,NSE:TCI,285.5,289.0,284.5,285.0,7026.0
2018-05-31 15:00:00,NSE:TCI,285.35,285.4,284.1,285.0,1177.0
2018-06-01 09:00:00,NSE:TCI,285.0,285.9,284.2,285.7,3869.0
2018-06-01 11:00:00,NSE:TCI,285.45,285.45,284.5,285.2,6049.0
2018-06-01 13:00:00,NSE:TCI,284.8,286.85,284.8,286.1,5453.0
2018-06-01 15:00:00,NSE:TCI,286.1,289.0,285.5,286.35,6897.0
2018-06-04 09:00:00,NSE:TCI,287.3,289.0,273.1,277.45,7559.0
2018-06-04 11:00:00,NSE:TCI,276.95,277.9,275.0,276.05,3795.0
2018-06-04 13:00:00,NSE:TCI,276.05,281.55,275.6,281.25,4369.0
2018-06-04 15:00:00,NSE:TCI,280.05,282.0,280.0,282.0,1993.0
2018-06-05 09:00:00,NSE:TCI,284.7,284.7,276.3,277.0,12033.0
2018-06-05 11:00:00,NSE:TCI,276.45,280.05,276.35,277.7,11930.0
2018-06-05 13:00:00,NSE:TCI,277.65,281.0,277.6,279.2,5281.0
2018-06-05 15:00:00,NSE:TCI,279.3,284.0,279.3,281.0,4274.0
2018-06-06 09:00:00,NSE:TCI,281.15,290.0,279.0,281.95,16367.0
2018-06-06 11:00:00,NSE:TCI,281.6,282.25,275.6,279.0,17205.0
2018-06-06 13:00:00,NSE:TCI,279.0,283.0,278.05,281.0,26105.0
2018-06-06 15:00:00,NSE:TCI,281.65,281.65,279.0,280.0,5708.0
2018-06-07 09:00:00,NSE:TCI,280.1,284.45,280.1,284.0,6149.0
2018-06-07 11:00:00,NSE:TCI,284.0,287.2,283.3,284.0,14664.0
2018-06-07 13:00:00,NSE:TCI,284.5,286.0,283.5,283.9,4608.0
2018-06-07 15:00:00,NSE:TCI,284.2,284.5,281.3,282.7,1958.0
2018-06-08 09:00:00,NSE:TCI,282.4,282.5,278.6,282.05,9459.0
2018-06-08 11:00:00,NSE:TCI,282.7,284.85,280.15,282.75,4613.0
2018-06-08 13:00:00,NSE:TCI,282.5,284.75,281.7,281.9,5381.0
2018-06-08 15:00:00,NSE:TCI,281.7,290.0,281.7,290.0,5562.0
2018-06-11 09:00:00,NSE:TCI,288.0,297.0,288.0,294.65,27827.0
2018-06-11 11:00:00,NSE:TCI,294.3,296.5,293.75,295.5,12718.0
2018-06-11 13:00:00,NSE:TCI,295.5,296.0,293.1,294.15,6981.0
2018-06-11 15:00:00,NSE:TCI,293.8,294.0,285.1,290.55,8943.0
2018-06-12 09:00:00,NSE:TCI,290.55,293.0,288.0,291.1,4143.0
2018-06-12 11:00:00,NSE:TCI,291.1,291.9,288.0,290.0,5568.0
2018-06-12 13:00:00,NSE:TCI,289.2,291.0,288.4,288.5,1469.0
2018-06-12 15:00:00,NSE:TCI,288.5,289.8,282.05,285.5,10137.0
2018-06-13 09:00:00,NSE:TCI,285.5,288.6,283.0,283.85,6220.0
2018-06-13 11:00:00,NSE:TCI,283.85,287.3,283.35,285.05,11889.0
2018-06-13 13:00:00,NSE:TCI,285.05,285.25,279.65,283.5,18932.0
2018-06-13 15:00:00,NSE:TCI,284.05,287.85,284.05,285.3,6906.0
2018-06-14 09:00:00,NSE:TCI,284.3,287.65,284.3,286.15,2825.0
2018-06-14 11:00:00,NSE:TCI,286.15,288.2,284.8,285.05,1924.0
2018-06-14 13:00:00,NSE:TCI,285.85,286.9,284.55,285.0,4478.0
2018-06-14 15:00:00,NSE:TCI,285.4,287.0,285.0,285.15,1794.0
2018-06-15 09:00:00,NSE:TCI,292.95,292.95,286.05,289.1,4356.0
2018-06-15 11:00:00,NSE:TCI,288.5,290.1,287.0,289.05,4668.0
2018-06-15 13:00:00,NSE:TCI,288.45,289.4,285.3,289.4,8416.0
2018-06-15 15:00:00,NSE:TCI,289.05,290.0,286.0,289.0,6962.0
2018-06-18 09:00:00,NSE:TCI,285.15,292.0,280.1,288.3,6739.0
2018-06-18 11:00:00,NSE:TCI,288.1,288.1,285.15,286.95,6933.0
2018-06-18 13:00:00,NSE:TCI,286.8,287.25,285.3,287.0,3962.0
2018-06-18 15:00:00,NSE:TCI,287.0,287.0,283.7,284.0,5919.0
2018-06-19 09:00:00,NSE:TCI,284.9,287.3,282.95,284.75,3755.0
2018-06-19 11:00:00,NSE:TCI,284.8,286.5,284.3,285.4,3388.0
2018-06-19 13:00:00,NSE:TCI,285.0,286.85,284.55,285.7,4160.0
2018-06-19 15:00:00,NSE:TCI,285.7,288.8,285.7,286.65,2387.0
2018-06-20 09:00:00,NSE:TCI,282.2,287.55,282.05,284.95,26492.0
2018-06-20 11:00:00,NSE:TCI,283.75,292.0,283.75,291.5,18101.0
2018-06-20 13:00:00,NSE:TCI,290.25,292.0,286.75,289.1,16556.0
2018-06-20 15:00:00,NSE:TCI,289.1,291.9,289.05,290.75,6062.0
2018-06-21 09:00:00,NSE:TCI,289.5,289.5,286.5,287.95,1726.0
2018-06-21 11:00:00,NSE:TCI,287.9,288.95,286.1,286.1,2810.0
2018-06-21 13:00:00,NSE:TCI,287.0,290.0,285.5,287.65,4582.0
2018-06-21 15:00:00,NSE:TCI,287.2,287.9,285.55,285.7,798.0
2018-06-22 09:00:00,NSE:TCI,287.0,288.7,285.5,285.55,3675.0
2018-06-22 11:00:00,NSE:TCI,285.55,287.3,285.55,285.85,1437.0
2018-06-22 13:00:00,NSE:TCI,285.85,289.9,285.65,289.0,10707.0
2018-06-22 15:00:00,NSE:TCI,289.05,290.0,287.3,290.0,2227.0
2018-06-25 09:00:00,NSE:TCI,288.2,294.0,286.5,287.25,5116.0
2018-06-25 11:00:00,NSE:TCI,287.25,287.95,286.0,286.8,3934.0
2018-06-25 13:00:00,NSE:TCI,286.5,286.95,279.0,282.05,7476.0
2018-06-25 15:00:00,NSE:TCI,281.05,284.95,279.7,283.05,2629.0
2018-06-26 09:00:00,NSE:TCI,283.0,290.0,280.4,288.0,11157.0
2018-06-26 11:00:00,NSE:TCI,288.0,293.0,285.65,286.95,12119.0
2018-06-26 13:00:00,NSE:TCI,287.0,287.9,282.0,284.0,6213.0
2018-06-26 15:00:00,NSE:TCI,282.45,288.0,282.0,283.65,2011.0
2018-06-27 09:00:00,NSE:TCI,290.0,290.0,282.0,283.1,12091.0
2018-06-27 11:00:00,NSE:TCI,282.95,285.0,279.0,281.35,13243.0
2018-06-27 13:00:00,NSE:TCI,281.25,281.85,276.4,281.35,11806.0
2018-06-27 15:00:00,NSE:TCI,280.25,283.0,277.2,283.0,7774.0
2018-06-28 09:00:00,NSE:TCI,279.5,281.0,277.95,278.95,5214.0
2018-06-28 11:00:00,NSE:TCI,278.0,278.95,274.5,278.75,8584.0
2018-06-28 13:00:00,NSE:TCI,278.7,279.0,272.5,278.0,18465.0
2018-06-28 15:00:00,NSE:TCI,278.0,284.85,278.0,280.1,5951.0
2018-06-29 09:00:00,NSE:TCI,284.95,285.0,281.0,282.5,14613.0
2018-06-29 11:00:00,NSE:TCI,282.5,286.0,282.1,285.8,9594.0
2018-06-29 13:00:00,NSE:TCI,285.2,288.5,283.55,285.5,8542.0
2018-06-29 15:00:00,NSE:TCI,285.45,290.0,285.4,288.6,8058.0
2018-07-02 09:00:00,NSE:TCI,289.4,290.0,283.0,285.4,4185.0
2018-07-02 11:00:00,NSE:TCI,285.0,285.9,282.3,285.0,6394.0
2018-07-02 13:00:00,NSE:TCI,285.45,285.55,283.0,284.3,3806.0
2018-07-02 15:00:00,NSE:TCI,284.3,285.9,283.5,285.0,3221.0
2018-07-03 09:00:00,NSE:TCI,285.6,287.0,280.9,282.65,15045.0
2018-07-03 11:00:00,NSE:TCI,282.65,285.2,281.55,284.9,11113.0
2018-07-03 13:00:00,NSE:TCI,284.7,285.85,284.5,285.0,2816.0
2018-07-03 15:00:00,NSE:TCI,285.0,290.0,284.5,285.05,5508.0
2018-07-04 09:00:00,NSE:TCI,283.0,288.0,283.0,285.65,2975.0
2018-07-04 11:00:00,NSE:TCI,285.3,286.45,284.5,284.95,3186.0
2018-07-04 13:00:00,NSE:TCI,284.65,287.0,284.5,286.25,3574.0
2018-07-04 15:00:00,NSE:TCI,285.55,287.9,285.0,287.7,2260.0
2018-07-05 09:00:00,NSE:TCI,283.55,287.65,283.55,287.65,4369.0
2018-07-05 11:00:00,NSE:TCI,285.0,285.95,284.55,284.6,361.0
2018-07-05 13:00:00,NSE:TCI,284.6,285.8,284.0,284.5,3478.0
2018-07-05 15:00:00,NSE:TCI,284.5,286.5,283.2,284.9,2571.0
2018-07-06 09:00:00,NSE:TCI,284.9,286.85,282.15,285.5,1816.0
2018-07-06 11:00:00,NSE:TCI,285.5,285.95,284.8,284.9,2315.0
2018-07-06 13:00:00,NSE:TCI,284.9,285.35,283.55,284.55,5687.0
2018-07-06 15:00:00,NSE:TCI,284.5,284.8,284.5,284.5,3171.0
2018-07-09 09:00:00,NSE:TCI,284.05,294.7,284.05,290.55,10521.0
2018-07-09 11:00:00,NSE:TCI,290.0,290.8,285.55,288.65,7003.0
2018-07-09 13:00:00,NSE:TCI,288.6,291.0,287.25,290.05,4362.0
2018-07-09 15:00:00,NSE:TCI,290.05,292.5,289.55,290.3,4245.0
2018-07-10 09:00:00,NSE:TCI,291.25,295.0,290.35,290.45,4183.0
2018-07-10 11:00:00,NSE:TCI,290.7,292.8,290.4,291.15,2203.0
2018-07-10 13:00:00,NSE:TCI,291.0,292.0,289.0,290.65,9512.0
2018-07-10 15:00:00,NSE:TCI,291.0,291.35,290.65,291.0,1051.0
2018-07-11 09:00:00,NSE:TCI,290.05,292.0,290.05,290.9,796.0
2018-07-11 11:00:00,NSE:TCI,290.25,290.85,284.05,286.0,5662.0
2018-07-11 13:00:00,NSE:TCI,285.6,288.35,285.6,288.35,1871.0
2018-07-11 15:00:00,NSE:TCI,287.5,289.85,287.0,289.85,1558.0
2018-07-12 09:00:00,NSE:TCI,286.4,293.95,286.4,291.5,3957.0
2018-07-12 11:00:00,NSE:TCI,290.65,291.4,288.9,289.9,1625.0
2018-07-12 13:00:00,NSE:TCI,289.9,290.95,288.5,290.0,1787.0
2018-07-12 15:00:00,NSE:TCI,290.05,290.55,288.3,290.0,3290.0
2018-07-13 09:00:00,NSE:TCI,291.45,291.5,285.0,285.55,3610.0
2018-07-13 11:00:00,NSE:TCI,286.25,286.25,284.25,284.45,4824.0
2018-07-13 13:00:00,NSE:TCI,284.45,287.85,284.35,286.25,2564.0
2018-07-13 15:00:00,NSE:TCI,286.25,288.0,286.25,287.0,2437.0
2018-07-16 09:00:00,NSE:TCI,284.25,287.0,282.5,285.55,4204.0
2018-07-16 11:00:00,NSE:TCI,285.05,288.0,284.65,286.25,2459.0
2018-07-16 13:00:00,NSE:TCI,287.0,296.9,282.55,283.05,32924.0
2018-07-16 15:00:00,NSE:TCI,283.9,284.5,282.9,283.25,3846.0
2018-07-17 09:00:00,NSE:TCI,283.0,287.5,283.0,285.1,7873.0
2018-07-17 11:00:00,NSE:TCI,285.1,286.0,283.75,284.3,4250.0
2018-07-17 13:00:00,NSE:TCI,284.05,284.5,279.0,280.85,56491.0
2018-07-17 15:00:00,NSE:TCI,280.0,281.25,279.9,280.1,80836.0
2018-07-18 09:00:00,NSE:TCI,280.1,283.0,279.55,280.0,56929.0
2018-07-18 11:00:00,NSE:TCI,279.65,283.05,278.0,279.8,18987.0
2018-07-18 13:00:00,NSE:TCI,280.0,280.0,278.0,278.55,18426.0
2018-07-18 15:00:00,NSE:TCI,278.0,278.8,276.2,277.8,3614.0
2018-07-19 09:00:00,NSE:TCI,278.05,278.9,274.15,276.6,2063.0
2018-07-19 11:00:00,NSE:TCI,277.25,277.25,274.15,275.6,2309.0
2018-07-19 13:00:00,NSE:TCI,275.75,275.8,269.25,269.25,6524.0
2018-07-19 15:00:00,NSE:TCI,269.25,270.5,268.05,269.5,2548.0
2018-07-20 09:00:00,NSE:TCI,269.95,272.25,266.5,268.85,9311.0
2018-07-20 11:00:00,NSE:TCI,269.15,271.0,267.0,268.5,2286.0
2018-07-20 13:00:00,NSE:TCI,268.5,270.0,267.0,267.15,2390.0
2018-07-20 15:00:00,NSE:TCI,267.2,269.65,265.8,266.0,3225.0
2018-07-23 09:00:00,NSE:TCI,265.0,270.1,263.0,270.0,13995.0
2018-07-23 11:00:00,NSE:TCI,270.1,271.75,268.05,270.0,7235.0
2018-07-23 13:00:00,NSE:TCI,270.0,272.0,269.25,271.55,5382.0
2018-07-23 15:00:00,NSE:TCI,271.3,275.0,271.05,272.05,3180.0
2018-07-24 09:00:00,NSE:TCI,270.6,277.85,270.6,276.15,4445.0
2018-07-24 11:00:00,NSE:TCI,276.1,281.65,274.0,275.4,56574.0
2018-07-24 13:00:00,NSE:TCI,275.5,280.0,275.5,280.0,9458.0
2018-07-24 15:00:00,NSE:TCI,277.95,279.8,275.6,277.3,2452.0
2018-07-25 09:00:00,NSE:TCI,276.5,277.05,268.0,270.1,24166.0
2018-07-25 11:00:00,NSE:TCI,270.9,274.3,269.95,273.1,23221.0
2018-07-25 13:00:00,NSE:TCI,273.1,275.5,272.0,274.05,5267.0
2018-07-25 15:00:00,NSE:TCI,274.0,274.05,272.4,273.25,8469.0
2018-07-26 09:00:00,NSE:TCI,274.4,279.5,273.0,277.8,5280.0
2018-07-26 11:00:00,NSE:TCI,277.5,278.5,274.1,274.15,7359.0
2018-07-26 13:00:00,NSE:TCI,274.15,275.75,273.85,274.9,1486.0
2018-07-26 15:00:00,NSE:TCI,274.1,275.8,273.5,275.8,1852.0
2018-07-27 09:00:00,NSE:TCI,272.05,279.2,272.0,276.35,2789.0
2018-07-27 11:00:00,NSE:TCI,276.65,279.15,276.2,279.0,3142.0
2018-07-27 13:00:00,NSE:TCI,279.2,283.0,277.25,279.2,110682.0
2018-07-27 15:00:00,NSE:TCI,278.3,279.4,278.0,278.0,6302.0
2018-07-30 09:00:00,NSE:TCI,278.2,293.95,278.2,284.7,23809.0
2018-07-30 11:00:00,NSE:TCI,284.7,285.1,282.2,285.1,3630.0
2018-07-30 13:00:00,NSE:TCI,285.1,285.1,282.3,283.55,4024.0
2018-07-30 15:00:00,NSE:TCI,283.6,285.9,282.05,283.55,4532.0
2018-07-31 09:00:00,NSE:TCI,284.55,284.55,281.4,283.6,3048.0
2018-07-31 11:00:00,NSE:TCI,283.6,284.9,282.75,283.0,1648.0
2018-07-31 13:00:00,NSE:TCI,283.0,283.0,281.0,281.05,2040.0
2018-07-31 15:00:00,NSE:TCI,281.05,285.0,280.5,281.0,4700.0
2018-08-01 09:00:00,NSE:TCI,284.0,284.0,277.35,277.95,6231.0
2018-08-01 11:00:00,NSE:TCI,277.85,279.2,277.5,278.85,5162.0
2018-08-01 13:00:00,NSE:TCI,277.75,283.0,277.75,279.15,16448.0
2018-08-01 15:00:00,NSE:TCI,279.15,281.0,278.25,278.25,6226.0
2018-08-02 09:00:00,NSE:TCI,279.1,283.0,277.0,281.05,7379.0
2018-08-02 11:00:00,NSE:TCI,281.75,282.45,279.05,279.95,2342.0
2018-08-02 13:00:00,NSE:TCI,279.95,283.0,279.05,281.25,7522.0
2018-08-02 15:00:00,NSE:TCI,281.65,308.9,281.15,300.55,648159.0
2018-08-03 09:00:00,NSE:TCI,299.5,311.25,295.0,307.6,361684.0
2018-08-03 11:00:00,NSE:TCI,308.0,325.9,308.0,319.05,560971.0
2018-08-03 13:00:00,NSE:TCI,320.75,325.0,315.0,316.2,243407.0
2018-08-03 15:00:00,NSE:TCI,316.25,320.5,314.8,317.1,71047.0
2018-08-06 09:00:00,NSE:TCI,316.9,321.0,307.3,313.5,65632.0
2018-08-06 11:00:00,NSE:TCI,313.75,314.25,311.0,312.9,12845.0
2018-08-06 13:00:00,NSE:TCI,312.9,316.5,312.0,312.95,29277.0
2018-08-06 15:00:00,NSE:TCI,312.0,314.4,309.5,311.8,16805.0
2018-08-07 09:00:00,NSE:TCI,311.5,335.2,308.1,324.75,202669.0
2018-08-07 11:00:00,NSE:TCI,324.55,325.9,322.95,323.2,23752.0
2018-08-07 13:00:00,NSE:TCI,323.15,328.0,319.0,320.1,31340.0
2018-08-07 15:00:00,NSE:TCI,319.4,327.85,319.4,324.95,35099.0
2018-08-08 09:00:00,NSE:TCI,324.0,331.85,318.15,330.0,41450.0
2018-08-08 11:00:00,NSE:TCI,329.25,330.0,322.9,325.0,17764.0
2018-08-08 13:00:00,NSE:TCI,325.8,329.9,323.0,323.4,40407.0
2018-08-08 15:00:00,NSE:TCI,322.45,323.35,319.0,320.25,14102.0
2018-08-09 09:00:00,NSE:TCI,318.0,326.8,318.0,325.75,36881.0
2018-08-09 11:00:00,NSE:TCI,325.75,328.0,322.25,323.0,22796.0
2018-08-09 13:00:00,NSE:TCI,323.0,326.85,323.0,324.0,20678.0
2018-08-09 15:00:00,NSE:TCI,324.0,325.0,320.55,325.0,8216.0
2018-08-10 09:00:00,NSE:TCI,324.0,324.0,318.85,320.65,9139.0
2018-08-10 11:00:00,NSE:TCI,321.6,321.6,311.2,311.95,21215.0
2018-08-10 13:00:00,NSE:TCI,311.95,312.0,311.35,311.4,7502.0
2018-08-10 15:00:00,NSE:TCI,311.5,311.5,304.05,307.7,15248.0
2018-08-13 09:00:00,NSE:TCI,304.4,309.95,301.3,307.5,13096.0
2018-08-13 11:00:00,NSE:TCI,307.5,332.0,307.0,332.0,56143.0
2018-08-13 13:00:00,NSE:TCI,331.95,338.6,326.85,335.0,211139.0
2018-08-13 15:00:00,NSE:TCI,335.0,337.7,334.55,335.7,34138.0
2018-08-14 09:00:00,NSE:TCI,336.6,344.5,335.0,335.2,72871.0
2018-08-14 11:00:00,NSE:TCI,335.2,336.45,334.9,335.35,26318.0
2018-08-14 13:00:00,NSE:TCI,335.35,339.0,334.3,337.3,35227.0
2018-08-14 15:00:00,NSE:TCI,336.7,340.0,335.75,338.2,22899.0
2018-08-16 09:00:00,NSE:TCI,341.0,343.75,335.75,339.55,29796.0
2018-08-16 11:00:00,NSE:TCI,339.6,340.1,338.0,338.55,14323.0
2018-08-16 13:00:00,NSE:TCI,339.0,339.25,323.0,323.0,155893.0
2018-08-16 15:00:00,NSE:TCI,322.8,333.0,322.25,330.75,203173.0
2018-08-17 09:00:00,NSE:TCI,330.75,356.0,330.75,351.35,172365.0
2018-08-17 11:00:00,NSE:TCI,352.0,371.3,350.4,357.75,312670.0
2018-08-17 13:00:00,NSE:TCI,358.0,362.2,350.45,359.5,139719.0
2018-08-17 15:00:00,NSE:TCI,359.5,359.65,355.75,359.0,56581.0
2018-08-20 09:00:00,NSE:TCI,361.0,361.95,350.0,352.45,73025.0
2018-08-20 11:00:00,NSE:TCI,352.9,359.6,352.25,358.15,27001.0
2018-08-20 13:00:00,NSE:TCI,358.2,361.4,355.1,360.05,31833.0
2018-08-20 15:00:00,NSE:TCI,360.7,368.9,360.0,363.2,27530.0
2018-08-21 09:00:00,NSE:TCI,366.0,370.15,358.9,365.15,56385.0
2018-08-21 11:00:00,NSE:TCI,365.75,366.65,359.0,359.85,17935.0
2018-08-21 13:00:00,NSE:TCI,359.8,363.55,356.5,362.4,17451.0
2018-08-21 15:00:00,NSE:TCI,362.0,362.65,357.0,358.4,8536.0
2018-08-23 09:00:00,NSE:TCI,358.4,361.05,355.05,356.3,14402.0
2018-08-23 11:00:00,NSE:TCI,356.3,358.85,346.0,351.65,34236.0
2018-08-23 13:00:00,NSE:TCI,351.6,357.05,348.85,354.1,16474.0
2018-08-23 15:00:00,NSE:TCI,354.15,357.0,352.55,354.0,8677.0
2018-08-24 09:00:00,NSE:TCI,355.3,359.95,347.9,348.85,27334.0
2018-08-24 11:00:00,NSE:TCI,348.2,357.0,346.7,354.0,37154.0
2018-08-24 13:00:00,NSE:TCI,354.0,368.0,354.0,363.85,36521.0
2018-08-24 15:00:00,NSE:TCI,363.55,367.9,363.0,365.15,15784.0
2018-08-27 09:00:00,NSE:TCI,368.0,369.85,359.0,365.85,20164.0
2018-08-27 11:00:00,NSE:TCI,365.05,368.95,361.0,363.5,24587.0
2018-08-27 13:00:00,NSE:TCI,363.5,364.9,356.0,357.55,20302.0
2018-08-27 15:00:00,NSE:TCI,357.55,362.0,353.0,357.0,13064.0
2018-08-28 09:00:00,NSE:TCI,359.9,359.9,356.0,357.8,14487.0
2018-08-28 11:00:00,NSE:TCI,357.75,359.0,354.8,357.25,10806.0
2018-08-28 13:00:00,NSE:TCI,355.5,358.9,351.15,353.65,28136.0
2018-08-28 15:00:00,NSE:TCI,353.3,357.5,351.55,354.1,10903.0
2018-08-29 09:00:00,NSE:TCI,358.7,375.0,355.0,369.65,132774.0
2018-08-29 11:00:00,NSE:TCI,369.0,373.0,365.2,366.7,28273.0
2018-08-29 13:00:00,NSE:TCI,366.05,372.0,361.75,366.0,28402.0
2018-08-29 15:00:00,NSE:TCI,366.0,366.9,360.65,364.15,20679.0
2018-08-30 09:00:00,NSE:TCI,366.85,369.0,364.0,364.25,12274.0
2018-08-30 11:00:00,NSE:TCI,364.25,368.5,356.3,363.0,15678.0
2018-08-30 13:00:00,NSE:TCI,363.1,364.0,360.1,361.15,4344.0
2018-08-30 15:00:00,NSE:TCI,361.0,362.0,358.0,360.9,5968.0
2018-08-31 09:00:00,NSE:TCI,365.0,367.75,358.0,360.6,48812.0
2018-08-31 11:00:00,NSE:TCI,360.0,368.0,358.0,366.35,55426.0
2018-08-31 13:00:00,NSE:TCI,366.3,369.0,364.45,367.75,48471.0
2018-08-31 15:00:00,NSE:TCI,367.5,367.5,364.15,365.05,89858.0
2018-09-03 09:00:00,NSE:TCI,366.0,375.9,359.55,359.55,69154.0
2018-09-03 11:00:00,NSE:TCI,359.5,364.95,357.4,363.7,25652.0
2018-09-03 13:00:00,NSE:TCI,363.7,364.6,350.0,352.45,54154.0
2018-09-03 15:00:00,NSE:TCI,352.85,352.85,345.25,348.95,16908.0
2018-09-04 09:00:00,NSE:TCI,350.0,354.95,336.4,337.0,39467.0
2018-09-04 11:00:00,NSE:TCI,337.5,343.0,335.0,342.9,16737.0
2018-09-04 13:00:00,NSE:TCI,342.85,343.65,337.25,337.55,19213.0
2018-09-04 15:00:00,NSE:TCI,336.3,342.85,335.25,337.9,11909.0
2018-09-05 09:00:00,NSE:TCI,338.75,342.35,316.5,330.1,51860.0
2018-09-05 11:00:00,NSE:TCI,330.25,335.75,328.6,329.0,24513.0
2018-09-05 13:00:00,NSE:TCI,328.9,334.8,320.55,326.65,44560.0
2018-09-05 15:00:00,NSE:TCI,327.9,329.0,325.85,328.0,6051.0
2018-09-06 09:00:00,NSE:TCI,327.05,334.9,324.0,332.0,11463.0
2018-09-06 11:00:00,NSE:TCI,331.3,333.55,325.3,326.25,8102.0
2018-09-06 13:00:00,NSE:TCI,325.85,331.0,325.3,329.9,7664.0
2018-09-06 15:00:00,NSE:TCI,329.9,341.0,328.0,335.0,16829.0
2018-09-07 09:00:00,NSE:TCI,335.0,338.0,326.85,330.7,12496.0
2018-09-07 11:00:00,NSE:TCI,331.0,354.95,329.45,354.1,32048.0
2018-09-07 13:00:00,NSE:TCI,353.85,354.0,346.05,349.0,43179.0
2018-09-07 15:00:00,NSE:TCI,349.0,351.8,347.0,348.1,104755.0
2018-09-10 09:00:00,NSE:TCI,348.5,348.5,335.65,341.7,10143.0
2018-09-10 11:00:00,NSE:TCI,341.0,350.1,335.0,342.7,19318.0
2018-09-10 13:00:00,NSE:TCI,342.7,349.5,341.0,346.3,130055.0
2018-09-10 15:00:00,NSE:TCI,345.8,348.0,337.7,342.7,13972.0
2018-09-11 09:00:00,NSE:TCI,342.7,343.55,329.0,339.0,13998.0
2018-09-11 11:00:00,NSE:TCI,339.0,342.65,337.65,338.45,23418.0
2018-09-11 13:00:00,NSE:TCI,340.25,341.0,337.75,341.0,99691.0
2018-09-11 15:00:00,NSE:TCI,340.3,341.0,337.25,338.95,90496.0
2018-09-12 09:00:00,NSE:TCI,334.1,339.0,332.0,335.5,21706.0
2018-09-12 11:00:00,NSE:TCI,335.35,335.65,330.45,331.3,12380.0
2018-09-12 13:00:00,NSE:TCI,331.7,338.0,329.25,335.0,18482.0
2018-09-12 15:00:00,NSE:TCI,336.0,340.0,334.05,339.7,9577.0
2018-09-14 09:00:00,NSE:TCI,326.25,336.5,326.25,335.95,20137.0
2018-09-14 11:00:00,NSE:TCI,336.35,336.35,334.0,335.0,10215.0
2018-09-14 13:00:00,NSE:TCI,335.0,337.05,334.05,335.7,39123.0
2018-09-14 15:00:00,NSE:TCI,335.45,340.0,335.05,339.95,7524.0
2018-09-17 09:00:00,NSE:TCI,334.3,339.6,332.85,333.3,5044.0
2018-09-17 11:00:00,NSE:TCI,333.3,336.0,332.85,335.0,1496.0
2018-09-17 13:00:00,NSE:TCI,335.5,335.5,332.75,334.3,5293.0
2018-09-17 15:00:00,NSE:TCI,335.0,338.0,334.9,338.0,2711.0
2018-09-18 09:00:00,NSE:TCI,338.6,338.85,336.5,337.15,2691.0
2018-09-18 11:00:00,NSE:TCI,337.15,347.15,335.7,341.25,25922.0
2018-09-18 13:00:00,NSE:TCI,341.1,342.0,335.5,335.7,4131.0
2018-09-18 15:00:00,NSE:TCI,335.7,339.75,335.4,339.75,3258.0
2018-09-19 09:00:00,NSE:TCI,335.25,341.0,335.25,339.7,4319.0
2018-09-19 11:00:00,NSE:TCI,340.9,341.6,337.65,340.5,10577.0
2018-09-19 13:00:00,NSE:TCI,340.5,341.0,339.05,340.0,87799.0
2018-09-19 15:00:00,NSE:TCI,340.0,344.95,338.0,340.05,48294.0
2018-09-21 09:00:00,NSE:TCI,340.05,344.5,335.05,339.05,73625.0
2018-09-21 11:00:00,NSE:TCI,339.0,340.45,316.95,321.0,116587.0
2018-09-21 13:00:00,NSE:TCI,323.4,332.05,300.05,327.45,84332.0
2018-09-21 15:00:00,NSE:TCI,328.0,330.65,317.7,322.0,75195.0
2018-09-24 09:00:00,NSE:TCI,322.0,328.7,309.0,312.05,14584.0
2018-09-24 11:00:00,NSE:TCI,312.05,313.1,300.3,311.5,17118.0
2018-09-24 13:00:00,NSE:TCI,312.3,314.95,307.9,310.8,42756.0
2018-09-24 15:00:00,NSE:TCI,311.1,317.95,310.0,311.6,10097.0
2018-09-25 09:00:00,NSE:TCI,306.25,314.95,306.25,312.05,10589.0
2018-09-25 11:00:00,NSE:TCI,312.05,316.9,310.0,310.25,27082.0
2018-09-25 13:00:00,NSE:TCI,310.25,311.95,306.55,306.55,10225.0
2018-09-25 15:00:00,NSE:TCI,306.55,320.0,305.05,312.15,31015.0
2018-09-26 09:00:00,NSE:TCI,310.0,318.35,310.0,315.55,8477.0
2018-09-26 11:00:00,NSE:TCI,315.0,315.85,312.0,312.9,6416.0
2018-09-26 13:00:00,NSE:TCI,312.4,325.95,310.05,315.0,50325.0
2018-09-26 15:00:00,NSE:TCI,315.0,315.7,305.35,305.4,43317.0
2018-09-27 09:00:00,NSE:TCI,310.25,311.05,307.05,307.45,4877.0
2018-09-27 11:00:00,NSE:TCI,307.1,308.65,301.0,303.95,9746.0
2018-09-27 13:00:00,NSE:TCI,303.7,309.65,302.55,304.8,7652.0
2018-09-27 15:00:00,NSE:TCI,304.5,308.0,301.2,304.85,6237.0
2018-09-28 09:00:00,NSE:TCI,302.0,303.9,295.0,296.05,7996.0
2018-09-28 11:00:00,NSE:TCI,296.9,304.8,295.0,297.55,6357.0
2018-09-28 13:00:00,NSE:TCI,297.25,298.0,274.45,278.7,53636.0
2018-09-28 15:00:00,NSE:TCI,278.0,293.3,277.6,283.2,78039.0
2018-10-01 09:00:00,NSE:TCI,280.0,283.3,270.0,276.0,19546.0
2018-10-01 11:00:00,NSE:TCI,274.8,275.0,267.0,272.65,15380.0
2018-10-01 13:00:00,NSE:TCI,274.1,278.55,269.0,278.0,28881.0
2018-10-01 15:00:00,NSE:TCI,278.0,283.0,277.1,280.95,25274.0
2018-10-03 09:00:00,NSE:TCI,277.1,292.8,273.4,289.7,22600.0
2018-10-03 11:00:00,NSE:TCI,289.75,289.75,280.75,285.1,21739.0
2018-10-03 13:00:00,NSE:TCI,285.05,291.0,282.35,283.8,78217.0
2018-10-03 15:00:00,NSE:TCI,284.0,284.15,275.55,279.45,8608.0
2018-10-04 09:00:00,NSE:TCI,270.55,277.85,265.0,269.0,30796.0
2018-10-04 11:00:00,NSE:TCI,269.0,269.7,265.0,269.45,8958.0
2018-10-04 13:00:00,NSE:TCI,269.1,272.5,263.0,267.1,97936.0
2018-10-04 15:00:00,NSE:TCI,266.7,270.3,264.95,268.05,84222.0
2018-10-05 09:00:00,NSE:TCI,264.0,271.0,263.95,266.1,34170.0
2018-10-05 11:00:00,NSE:TCI,267.9,270.5,264.65,266.6,8871.0
2018-10-05 13:00:00,NSE:TCI,267.0,269.05,265.0,265.95,104239.0
2018-10-05 15:00:00,NSE:TCI,266.0,266.65,258.0,264.1,11423.0
2018-10-08 09:00:00,NSE:TCI,263.0,264.95,252.5,262.95,18673.0
2018-10-08 11:00:00,NSE:TCI,262.0,268.05,262.0,266.75,31076.0
2018-10-08 13:00:00,NSE:TCI,266.75,266.75,265.0,266.0,15931.0
2018-10-08 15:00:00,NSE:TCI,266.2,266.75,265.05,266.75,9663.0
2018-10-09 09:00:00,NSE:TCI,269.55,269.55,265.65,269.5,4593.0
2018-10-09 11:00:00,NSE:TCI,269.5,272.3,268.85,269.5,16212.0
2018-10-09 13:00:00,NSE:TCI,269.0,279.45,269.0,272.75,24407.0
2018-10-09 15:00:00,NSE:TCI,272.25,273.15,270.35,271.65,3208.0
2018-10-10 09:00:00,NSE:TCI,270.75,275.0,270.0,274.5,4305.0
2018-10-10 11:00:00,NSE:TCI,275.0,275.0,271.2,272.4,6313.0
2018-10-10 13:00:00,NSE:TCI,271.9,274.65,271.6,273.4,4110.0
2018-10-10 15:00:00,NSE:TCI,274.4,275.0,273.25,273.25,4732.0
2018-10-11 09:00:00,NSE:TCI,269.0,274.3,250.1,270.0,15677.0
2018-10-11 11:00:00,NSE:TCI,270.0,272.0,268.0,269.9,14890.0
2018-10-11 13:00:00,NSE:TCI,269.7,274.1,269.2,273.95,10465.0
2018-10-11 15:00:00,NSE:TCI,273.7,274.65,271.5,273.7,5345.0
2018-10-12 09:00:00,NSE:TCI,271.0,274.95,271.0,274.45,11373.0
2018-10-12 11:00:00,NSE:TCI,274.5,284.35,274.0,283.95,22770.0
2018-10-12 13:00:00,NSE:TCI,283.6,298.9,278.15,287.2,127673.0
2018-10-12 15:00:00,NSE:TCI,287.2,287.45,284.1,285.6,9515.0
2018-10-15 09:00:00,NSE:TCI,284.35,287.9,278.35,284.95,5668.0
2018-10-15 11:00:00,NSE:TCI,284.0,289.0,282.15,287.1,8943.0
2018-10-15 13:00:00,NSE:TCI,286.1,286.5,283.3,284.0,16964.0
2018-10-15 15:00:00,NSE:TCI,285.0,293.6,284.0,290.0,6618.0
2018-10-16 09:00:00,NSE:TCI,286.55,299.9,286.55,296.9,19523.0
2018-10-16 11:00:00,NSE:TCI,295.8,306.6,291.05,301.95,13766.0
2018-10-16 13:00:00,NSE:TCI,301.9,302.0,292.3,293.95,8024.0
2018-10-16 15:00:00,NSE:TCI,293.35,294.85,292.0,293.65,1751.0
2018-10-17 09:00:00,NSE:TCI,297.75,298.75,289.0,290.75,8375.0
2018-10-17 11:00:00,NSE:TCI,290.0,290.0,286.0,287.3,3014.0
2018-10-17 13:00:00,NSE:TCI,287.1,289.45,286.0,287.0,3724.0
2018-10-17 15:00:00,NSE:TCI,287.85,287.85,281.0,284.2,4213.0
2018-10-19 09:00:00,NSE:TCI,282.0,282.7,277.6,278.65,5685.0
2018-10-19 11:00:00,NSE:TCI,279.4,280.0,278.65,280.0,3221.0
2018-10-19 13:00:00,NSE:TCI,280.0,280.0,276.0,276.0,2808.0
2018-10-19 15:00:00,NSE:TCI,277.15,277.85,275.2,276.35,1535.0
2018-10-22 09:00:00,NSE:TCI,274.4,283.0,266.1,267.9,8915.0
2018-10-22 11:00:00,NSE:TCI,268.0,268.4,266.55,267.0,28209.0
2018-10-22 13:00:00,NSE:TCI,266.8,267.35,250.0,260.0,73407.0
2018-10-22 15:00:00,NSE:TCI,260.0,260.0,249.05,253.25,135808.0
2018-10-23 09:00:00,NSE:TCI,249.05,264.65,248.95,261.05,18465.0
2018-10-23 11:00:00,NSE:TCI,261.05,263.0,260.8,261.6,6434.0
2018-10-23 13:00:00,NSE:TCI,261.55,261.55,230.5,259.35,131679.0
2018-10-23 15:00:00,NSE:TCI,259.25,263.9,258.75,261.0,9254.0
2018-10-24 09:00:00,NSE:TCI,264.85,266.95,261.2,264.6,6874.0
2018-10-24 11:00:00,NSE:TCI,265.6,265.9,264.65,265.7,5618.0
2018-10-24 13:00:00,NSE:TCI,265.9,278.95,265.9,271.8,22745.0
2018-10-24 15:00:00,NSE:TCI,270.35,275.95,270.35,275.95,4857.0
2018-10-25 09:00:00,NSE:TCI,271.5,271.5,265.95,267.15,1377.0
2018-10-25 11:00:00,NSE:TCI,267.15,268.75,266.45,266.5,1086.0
2018-10-25 13:00:00,NSE:TCI,266.7,272.95,266.5,272.35,2322.0
2018-10-25 15:00:00,NSE:TCI,272.35,273.4,272.0,273.4,2896.0
2018-10-26 09:00:00,NSE:TCI,276.0,276.05,268.05,272.1,4709.0
2018-10-26 11:00:00,NSE:TCI,272.1,274.35,270.0,272.45,1999.0
2018-10-26 13:00:00,NSE:TCI,272.05,272.05,268.1,271.35,983.0
2018-10-26 15:00:00,NSE:TCI,271.0,273.0,269.5,273.0,1168.0
2018-10-29 09:00:00,NSE:TCI,274.0,276.0,270.95,275.0,1934.0
2018-10-29 11:00:00,NSE:TCI,274.45,281.0,274.45,280.25,5063.0
2018-10-29 13:00:00,NSE:TCI,280.25,283.8,279.7,281.1,4874.0
2018-10-29 15:00:00,NSE:TCI,280.95,282.3,278.4,280.1,11582.0
2018-10-30 09:00:00,NSE:TCI,284.25,285.0,279.05,282.35,5191.0
2018-10-30 11:00:00,NSE:TCI,282.35,283.5,281.45,282.75,876.0
2018-10-30 13:00:00,NSE:TCI,282.5,285.9,279.7,285.3,12705.0
2018-10-30 15:00:00,NSE:TCI,285.0,289.9,285.0,286.45,4614.0
2018-10-31 09:00:00,NSE:TCI,285.6,287.45,284.1,286.0,1981.0
2018-10-31 11:00:00,NSE:TCI,285.0,287.0,284.0,286.2,2296.0
2018-10-31 13:00:00,NSE:TCI,286.2,290.4,283.2,290.05,6170.0
2018-10-31 15:00:00,NSE:TCI,290.25,300.0,288.6,293.3,13624.0
2018-11-01 09:00:00,NSE:TCI,298.7,298.7,285.55,287.35,9634.0
2018-11-01 11:00:00,NSE:TCI,286.1,289.1,282.2,284.75,9155.0
2018-11-01 13:00:00,NSE:TCI,284.45,287.05,284.4,286.15,3086.0
2018-11-01 15:00:00,NSE:TCI,286.85,287.05,281.0,283.9,3539.0
2018-11-02 09:00:00,NSE:TCI,287.0,293.65,283.05,291.0,6188.0
2018-11-02 11:00:00,NSE:TCI,290.95,293.0,289.0,289.85,6727.0
2018-11-02 13:00:00,NSE:TCI,288.5,290.0,277.35,279.2,13296.0
2018-11-02 15:00:00,NSE:TCI,279.2,280.0,269.1,276.05,14098.0
2018-11-05 09:00:00,NSE:TCI,276.05,278.5,269.0,269.75,10560.0
2018-11-05 11:00:00,NSE:TCI,269.75,270.9,264.25,270.35,9392.0
2018-11-05 13:00:00,NSE:TCI,270.35,271.9,268.8,269.95,41180.0
2018-11-05 15:00:00,NSE:TCI,269.65,270.0,268.5,270.0,2728.0
2018-11-06 09:00:00,NSE:TCI,269.0,275.0,258.0,269.55,15195.0
2018-11-06 11:00:00,NSE:TCI,269.5,270.0,268.0,269.55,1479.0
2018-11-06 13:00:00,NSE:TCI,269.15,270.0,268.0,270.0,1571.0
2018-11-06 15:00:00,NSE:TCI,269.25,270.0,269.0,269.4,2863.0
2018-11-09 09:00:00,NSE:TCI,274.0,281.0,273.1,280.0,5810.0
2018-11-09 11:00:00,NSE:TCI,280.0,282.4,274.15,275.55,6253.0
2018-11-09 13:00:00,NSE:TCI,276.0,276.95,263.8,269.0,17455.0
2018-11-09 15:00:00,NSE:TCI,269.0,271.8,267.5,268.85,2968.0
2018-11-12 09:00:00,NSE:TCI,267.55,275.1,267.55,268.15,8653.0
2018-11-12 11:00:00,NSE:TCI,268.7,270.85,268.2,269.1,2630.0
2018-11-12 13:00:00,NSE:TCI,269.1,270.0,267.85,269.3,6318.0
2018-11-12 15:00:00,NSE:TCI,269.3,269.65,264.85,266.8,5947.0
2018-11-13 09:00:00,NSE:TCI,266.05,268.5,259.3,264.0,20781.0
2018-11-13 11:00:00,NSE:TCI,262.7,265.5,262.0,265.5,3655.0
2018-11-13 13:00:00,NSE:TCI,265.15,268.75,264.35,268.75,6500.0
2018-11-13 15:00:00,NSE:TCI,267.55,270.85,267.5,269.15,4002.0
2018-11-14 09:00:00,NSE:TCI,271.0,275.0,270.5,272.0,5403.0
2018-11-14 11:00:00,NSE:TCI,272.0,276.55,271.35,276.55,9291.0
2018-11-14 13:00:00,NSE:TCI,276.55,277.0,274.45,275.05,5349.0
2018-11-14 15:00:00,NSE:TCI,275.1,275.75,275.0,275.1,2333.0
2018-11-15 09:00:00,NSE:TCI,278.0,278.0,272.55,273.95,1973.0
2018-11-15 11:00:00,NSE:TCI,273.95,276.25,273.0,274.65,7176.0
2018-11-15 13:00:00,NSE:TCI,274.5,276.0,273.75,275.0,3631.0
2018-11-15 15:00:00,NSE:TCI,275.0,276.4,274.0,275.2,1514.0
2018-11-16 09:00:00,NSE:TCI,275.75,277.5,275.35,277.0,1661.0
2018-11-16 11:00:00,NSE:TCI,277.0,277.5,275.0,275.4,1857.0
2018-11-16 13:00:00,NSE:TCI,275.4,276.5,273.05,275.0,2743.0
2018-11-16 15:00:00,NSE:TCI,275.75,276.95,273.15,275.85,3101.0
2018-11-19 09:00:00,NSE:TCI,274.15,276.95,274.15,274.75,1708.0
2018-11-19 11:00:00,NSE:TCI,275.2,277.0,274.75,276.8,2772.0
2018-11-19 13:00:00,NSE:TCI,276.8,278.0,275.0,275.5,4489.0
2018-11-19 15:00:00,NSE:TCI,275.05,277.95,275.05,277.5,1550.0
2018-11-20 09:00:00,NSE:TCI,275.15,277.1,272.3,273.0,1895.0
2018-11-20 11:00:00,NSE:TCI,273.45,277.0,273.05,276.1,976.0
2018-11-20 13:00:00,NSE:TCI,276.4,276.7,274.0,274.5,2094.0
2018-11-20 15:00:00,NSE:TCI,274.6,276.6,274.2,274.5,885.0
2018-11-21 09:00:00,NSE:TCI,274.05,275.2,272.1,273.05,2818.0
2018-11-21 11:00:00,NSE:TCI,273.6,276.45,273.05,275.35,1749.0
2018-11-21 13:00:00,NSE:TCI,275.2,282.7,275.0,277.7,8353.0
2018-11-21 15:00:00,NSE:TCI,278.6,280.0,275.0,276.5,3461.0
2018-11-22 09:00:00,NSE:TCI,276.95,290.1,275.0,284.45,8509.0
2018-11-22 11:00:00,NSE:TCI,285.0,290.0,283.3,284.2,9873.0
2018-11-22 13:00:00,NSE:TCI,285.3,285.5,278.05,279.9,4694.0
2018-11-22 15:00:00,NSE:TCI,279.9,283.8,275.05,278.5,3715.0
2018-11-26 09:00:00,NSE:TCI,280.05,283.9,278.45,279.7,8654.0
2018-11-26 11:00:00,NSE:TCI,280.0,282.0,278.3,280.0,2395.0
2018-11-26 13:00:00,NSE:TCI,280.0,282.5,278.7,281.3,2671.0
2018-11-26 15:00:00,NSE:TCI,280.3,281.2,279.4,280.4,3285.0
2018-11-27 09:00:00,NSE:TCI,280.0,281.85,279.05,280.1,1912.0
2018-11-27 11:00:00,NSE:TCI,280.1,280.65,279.2,280.05,2097.0
2018-11-27 13:00:00,NSE:TCI,280.05,281.0,279.5,280.0,1128.0
2018-11-27 15:00:00,NSE:TCI,280.35,280.75,279.5,280.0,974.0
2018-11-28 09:00:00,NSE:TCI,282.0,282.0,276.25,278.75,2301.0
2018-11-28 11:00:00,NSE:TCI,278.25,279.85,277.0,278.1,26091.0
2018-11-28 13:00:00,NSE:TCI,278.1,280.7,278.0,279.75,3608.0
2018-11-28 15:00:00,NSE:TCI,279.75,280.0,278.05,279.7,1519.0
2018-11-29 09:00:00,NSE:TCI,280.95,282.55,272.7,278.0,5402.0
2018-11-29 11:00:00,NSE:TCI,278.95,280.75,277.0,278.05,2636.0
2018-11-29 13:00:00,NSE:TCI,278.0,280.55,278.0,280.45,2166.0
2018-11-29 15:00:00,NSE:TCI,280.45,281.85,280.4,281.85,1700.0
2018-11-30 09:00:00,NSE:TCI,278.8,282.35,278.75,282.0,1135.0
2018-11-30 11:00:00,NSE:TCI,282.35,282.35,279.15,280.0,3215.0
2018-11-30 13:00:00,NSE:TCI,280.0,298.0,280.0,288.0,44967.0
2018-11-30 15:00:00,NSE:TCI,287.55,288.0,284.55,285.9,4280.0
2018-12-03 09:00:00,NSE:TCI,292.6,292.95,286.85,287.65,7847.0
2018-12-03 11:00:00,NSE:TCI,288.65,289.05,285.8,285.8,4822.0
2018-12-03 13:00:00,NSE:TCI,285.75,289.0,282.95,286.75,5103.0
2018-12-03 15:00:00,NSE:TCI,285.7,288.5,283.0,283.6,6972.0
2018-12-04 09:00:00,NSE:TCI,284.0,287.45,281.5,283.6,2155.0
2018-12-04 11:00:00,NSE:TCI,283.6,284.0,281.0,281.95,3029.0
2018-12-04 13:00:00,NSE:TCI,282.0,283.1,281.0,281.0,1573.0
2018-12-04 15:00:00,NSE:TCI,281.0,282.8,280.0,281.2,1742.0
2018-12-05 09:00:00,NSE:TCI,280.0,281.3,278.0,281.3,1522.0
2018-12-05 11:00:00,NSE:TCI,281.1,283.8,278.85,283.8,2238.0
2018-12-05 13:00:00,NSE:TCI,283.6,284.95,281.55,282.0,10363.0
2018-12-05 15:00:00,NSE:TCI,282.0,284.75,282.0,283.55,3393.0
2018-12-06 09:00:00,NSE:TCI,283.0,283.95,279.0,279.9,2739.0
2018-12-06 11:00:00,NSE:TCI,280.0,282.6,279.95,281.25,6879.0
2018-12-06 13:00:00,NSE:TCI,281.0,281.3,279.85,280.0,2500.0
2018-12-06 15:00:00,NSE:TCI,280.0,281.0,279.65,280.95,1250.0
2018-12-07 09:00:00,NSE:TCI,280.9,282.1,278.1,278.1,2768.0
2018-12-07 11:00:00,NSE:TCI,278.1,279.15,278.1,278.65,704.0
2018-12-07 13:00:00,NSE:TCI,278.65,279.05,278.1,278.3,1329.0
2018-12-07 15:00:00,NSE:TCI,278.2,279.5,276.0,277.0,3550.0
2018-12-10 09:00:00,NSE:TCI,263.95,275.95,263.95,270.75,23359.0
2018-12-10 11:00:00,NSE:TCI,270.05,271.7,269.5,270.45,797.0
2018-12-10 13:00:00,NSE:TCI,270.1,274.85,270.05,274.0,2665.0
2018-12-10 15:00:00,NSE:TCI,272.6,274.0,269.5,270.85,2025.0
2018-12-11 09:00:00,NSE:TCI,269.05,270.0,260.1,269.1,15645.0
2018-12-11 11:00:00,NSE:TCI,270.0,272.6,270.0,270.65,1694.0
2018-12-11 13:00:00,NSE:TCI,270.7,276.0,270.7,272.6,4108.0
2018-12-11 15:00:00,NSE:TCI,273.3,277.0,271.05,275.0,3183.0
2018-12-12 09:00:00,NSE:TCI,271.75,278.6,271.75,276.05,5459.0
2018-12-12 11:00:00,NSE:TCI,276.95,277.0,275.15,275.25,960.0
2018-12-12 13:00:00,NSE:TCI,275.25,277.15,274.25,276.4,1755.0
2018-12-12 15:00:00,NSE:TCI,275.55,276.7,274.0,274.2,1283.0
2018-12-13 09:00:00,NSE:TCI,276.45,279.45,274.8,276.4,3824.0
2018-12-13 11:00:00,NSE:TCI,276.8,277.15,272.95,276.1,2018.0
2018-12-13 13:00:00,NSE:TCI,276.1,277.0,274.05,274.2,532.0
2018-12-13 15:00:00,NSE:TCI,274.2,274.65,270.65,273.0,2157.0
2018-12-14 09:00:00,NSE:TCI,273.05,275.45,271.3,275.0,2866.0
2018-12-14 11:00:00,NSE:TCI,275.9,275.9,274.0,275.45,917.0
2018-12-14 13:00:00,NSE:TCI,275.05,275.5,273.5,273.5,1059.0
2018-12-14 15:00:00,NSE:TCI,273.5,274.0,272.95,273.3,560.0
2018-12-17 09:00:00,NSE:TCI,271.0,274.35,270.25,273.85,3313.0
2018-12-17 11:00:00,NSE:TCI,273.8,273.8,271.25,271.25,1691.0
2018-12-17 13:00:00,NSE:TCI,272.45,272.85,271.0,271.8,1772.0
2018-12-17 15:00:00,NSE:TCI,271.75,272.5,271.0,271.0,872.0
2018-12-18 09:00:00,NSE:TCI,274.5,274.5,270.0,273.0,2409.0
2018-12-18 11:00:00,NSE:TCI,273.0,273.05,270.1,271.55,1797.0
2018-12-18 13:00:00,NSE:TCI,271.45,272.3,270.65,271.1,1326.0
2018-12-18 15:00:00,NSE:TCI,271.1,272.0,271.0,271.2,918.0
2018-12-19 09:00:00,NSE:TCI,271.35,273.55,271.0,272.0,3095.0
2018-12-19 11:00:00,NSE:TCI,272.75,285.7,272.05,285.7,18408.0
2018-12-19 13:00:00,NSE:TCI,285.7,293.0,282.0,282.15,87819.0
2018-12-19 15:00:00,NSE:TCI,282.15,283.75,277.7,280.0,8454.0
2018-12-20 09:00:00,NSE:TCI,282.95,287.0,275.15,281.25,4403.0
2018-12-20 11:00:00,NSE:TCI,281.25,284.15,279.3,280.65,92016.0
2018-12-20 13:00:00,NSE:TCI,280.65,283.0,277.55,282.05,4174.0
2018-12-20 15:00:00,NSE:TCI,282.8,283.1,279.4,282.05,1615.0
2018-12-21 09:00:00,NSE:TCI,283.9,283.9,274.1,276.3,4635.0
2018-12-21 11:00:00,NSE:TCI,276.75,277.15,275.2,275.75,908.0
2018-12-21 13:00:00,NSE:TCI,275.75,277.5,275.4,276.9,1171.0
2018-12-21 15:00:00,NSE:TCI,275.85,277.0,274.1,274.15,2307.0
2018-12-24 09:00:00,NSE:TCI,271.55,277.7,271.55,272.55,6163.0
2018-12-24 11:00:00,NSE:TCI,272.6,274.0,272.6,273.85,922.0
2018-12-24 13:00:00,NSE:TCI,273.85,274.35,272.0,272.4,884.0
2018-12-24 15:00:00,NSE:TCI,272.4,273.3,271.55,271.55,1841.0
2018-12-26 09:00:00,NSE:TCI,272.35,272.35,270.0,270.5,5591.0
2018-12-26 11:00:00,NSE:TCI,270.5,273.0,270.05,273.0,10765.0
2018-12-26 13:00:00,NSE:TCI,273.8,286.8,273.8,279.95,24748.0
2018-12-26 15:00:00,NSE:TCI,279.05,280.0,278.6,280.0,2362.0
2018-12-27 09:00:00,NSE:TCI,284.95,284.95,276.8,281.0,2911.0
2018-12-27 11:00:00,NSE:TCI,281.0,281.75,280.0,281.0,4256.0
2018-12-27 13:00:00,NSE:TCI,281.0,282.0,280.85,281.05,1719.0
2018-12-27 15:00:00,NSE:TCI,281.05,292.9,281.0,286.1,32170.0
2018-12-28 09:00:00,NSE:TCI,284.35,287.0,282.55,285.5,2461.0
2018-12-28 11:00:00,NSE:TCI,286.0,286.0,283.55,285.15,3589.0
2018-12-28 13:00:00,NSE:TCI,285.25,286.5,285.0,285.85,2725.0
2018-12-28 15:00:00,NSE:TCI,285.65,292.0,285.65,290.0,9189.0
2018-12-31 09:00:00,NSE:TCI,292.0,293.0,289.0,292.3,4277.0
2018-12-31 11:00:00,NSE:TCI,292.3,292.4,286.75,287.55,2424.0
2018-12-31 13:00:00,NSE:TCI,287.6,291.55,285.0,285.75,6272.0
2018-12-31 15:00:00,NSE:TCI,285.75,291.0,285.75,290.0,6324.0
2019-01-01 09:00:00,NSE:TCI,288.9,289.4,283.45,284.2,4174.0
2019-01-01 11:00:00,NSE:TCI,284.0,284.0,282.4,283.6,2025.0
2019-01-01 13:00:00,NSE:TCI,283.65,284.0,281.15,283.0,2202.0
2019-01-01 15:00:00,NSE:TCI,283.0,284.0,281.35,282.55,1797.0
2019-01-02 09:00:00,NSE:TCI,282.55,285.55,282.0,284.35,1241.0
2019-01-02 11:00:00,NSE:TCI,282.7,284.3,282.05,284.0,771.0
2019-01-02 13:00:00,NSE:TCI,282.95,283.0,280.2,281.8,695.0
2019-01-02 15:00:00,NSE:TCI,281.0,281.85,279.05,280.05,1424.0
2019-01-03 09:00:00,NSE:TCI,275.0,282.95,275.0,281.1,1233.0
2019-01-03 11:00:00,NSE:TCI,281.1,282.15,276.3,279.5,3013.0
2019-01-03 13:00:00,NSE:TCI,276.45,278.95,276.05,278.75,622.0
2019-01-03 15:00:00,NSE:TCI,278.9,280.3,277.0,277.25,1307.0
2019-01-04 09:00:00,NSE:TCI,281.5,281.5,273.0,276.1,5092.0
2019-01-04 11:00:00,NSE:TCI,276.55,285.1,276.55,284.95,2099.0
2019-01-04 13:00:00,NSE:TCI,284.95,289.6,280.05,283.15,10246.0
2019-01-04 15:00:00,NSE:TCI,283.6,286.0,281.2,283.75,2400.0
2019-01-07 09:00:00,NSE:TCI,283.75,288.0,282.6,286.85,4364.0
2019-01-07 11:00:00,NSE:TCI,286.85,289.0,285.4,285.4,10296.0
2019-01-07 13:00:00,NSE:TCI,285.5,286.7,283.6,285.65,2521.0
2019-01-07 15:00:00,NSE:TCI,287.1,287.9,284.2,287.0,1229.0
2019-01-08 09:00:00,NSE:TCI,285.3,287.95,281.9,282.85,2126.0
2019-01-08 11:00:00,NSE:TCI,283.0,283.0,279.2,283.0,3700.0
2019-01-08 13:00:00,NSE:TCI,282.65,287.0,282.65,286.0,6795.0
2019-01-08 15:00:00,NSE:TCI,284.05,284.05,283.3,283.35,379.0
2019-01-09 09:00:00,NSE:TCI,282.1,289.05,282.1,285.45,5121.0
2019-01-09 11:00:00,NSE:TCI,285.2,287.55,285.0,286.5,2783.0
2019-01-09 13:00:00,NSE:TCI,286.5,287.15,285.0,287.0,5382.0
2019-01-09 15:00:00,NSE:TCI,287.0,289.5,285.85,288.95,3998.0
2019-01-10 09:00:00,NSE:TCI,287.1,288.7,286.05,286.05,2324.0
2019-01-10 11:00:00,NSE:TCI,287.1,292.1,286.05,291.8,9329.0
2019-01-10 13:00:00,NSE:TCI,290.8,292.85,290.25,290.3,5900.0
2019-01-10 15:00:00,NSE:TCI,290.3,292.8,290.25,292.0,5548.0
2019-01-11 09:00:00,NSE:TCI,292.9,296.9,292.9,294.0,7010.0
2019-01-11 11:00:00,NSE:TCI,294.95,295.95,294.1,295.9,4968.0
2019-01-11 13:00:00,NSE:TCI,295.75,299.8,295.0,298.0,14567.0
2019-01-11 15:00:00,NSE:TCI,297.7,310.0,297.7,305.05,34499.0
2019-01-14 09:00:00,NSE:TCI,307.0,329.6,297.25,301.1,540622.0
2019-01-14 11:00:00,NSE:TCI,301.9,306.75,299.0,302.4,38887.0
2019-01-14 13:00:00,NSE:TCI,302.35,303.8,298.0,303.75,42149.0
2019-01-14 15:00:00,NSE:TCI,304.0,304.0,295.0,299.0,57940.0
2019-01-15 09:00:00,NSE:TCI,296.95,312.4,296.9,302.0,97563.0
2019-01-15 11:00:00,NSE:TCI,302.0,303.1,301.25,302.85,11746.0
2019-01-15 13:00:00,NSE:TCI,302.3,303.0,296.5,301.85,24479.0
2019-01-15 15:00:00,NSE:TCI,301.0,303.5,301.0,302.05,8928.0
2019-01-16 09:00:00,NSE:TCI,304.85,304.85,298.5,299.0,5483.0
2019-01-16 11:00:00,NSE:TCI,299.65,299.65,296.5,296.95,6304.0
2019-01-16 13:00:00,NSE:TCI,296.5,297.7,295.1,295.5,4731.0
2019-01-16 15:00:00,NSE:TCI,295.5,295.5,293.1,294.6,5004.0
2019-01-17 09:00:00,NSE:TCI,294.15,298.0,292.4,297.45,6769.0
2019-01-17 11:00:00,NSE:TCI,297.1,299.0,297.0,297.0,5613.0
2019-01-17 13:00:00,NSE:TCI,297.0,297.0,291.7,293.15,5292.0
2019-01-17 15:00:00,NSE:TCI,293.15,295.0,292.0,293.25,2448.0
2019-01-18 09:00:00,NSE:TCI,298.45,298.45,293.0,293.85,2948.0
2019-01-18 11:00:00,NSE:TCI,293.6,294.35,293.0,293.95,2028.0
2019-01-18 13:00:00,NSE:TCI,293.05,294.4,292.95,294.35,4394.0
2019-01-18 15:00:00,NSE:TCI,294.35,294.5,290.55,292.65,3087.0
2019-01-21 09:00:00,NSE:TCI,292.8,298.0,290.95,292.8,7042.0
2019-01-21 11:00:00,NSE:TCI,293.45,293.95,291.9,293.35,3034.0
2019-01-21 13:00:00,NSE:TCI,293.2,302.5,290.5,296.95,65521.0
2019-01-21 15:00:00,NSE:TCI,296.95,296.95,291.9,294.6,16069.0
2019-01-22 09:00:00,NSE:TCI,291.3,293.1,290.5,290.75,3575.0
2019-01-22 11:00:00,NSE:TCI,290.75,292.5,290.0,291.6,2894.0
2019-01-22 13:00:00,NSE:TCI,291.9,292.45,290.0,290.0,2011.0
2019-01-22 15:00:00,NSE:TCI,290.9,290.9,290.0,290.15,4311.0
2019-01-23 09:00:00,NSE:TCI,289.95,291.85,288.45,290.45,3645.0
2019-01-23 11:00:00,NSE:TCI,290.45,291.15,290.15,290.45,979.0
2019-01-23 13:00:00,NSE:TCI,290.05,290.9,288.65,290.35,9870.0
2019-01-23 15:00:00,NSE:TCI,290.7,291.0,290.0,290.5,3897.0
2019-01-24 09:00:00,NSE:TCI,291.15,291.15,289.15,290.45,23791.0
2019-01-24 11:00:00,NSE:TCI,290.95,290.95,290.0,290.0,6084.0
2019-01-24 13:00:00,NSE:TCI,290.1,290.25,290.0,290.25,816.0
2019-01-24 15:00:00,NSE:TCI,290.0,290.25,290.0,290.0,1558.0
2019-01-25 09:00:00,NSE:TCI,290.0,291.25,290.0,290.3,15998.0
2019-01-25 11:00:00,NSE:TCI,290.7,290.7,290.0,290.05,1726.0
2019-01-25 13:00:00,NSE:TCI,290.2,292.0,288.9,290.0,13153.0
2019-01-25 15:00:00,NSE:TCI,290.55,291.8,290.0,291.45,5189.0
2019-01-28 09:00:00,NSE:TCI,284.75,289.9,280.25,281.3,2150.0
2019-01-28 11:00:00,NSE:TCI,281.3,282.0,280.0,280.0,3407.0
2019-01-28 13:00:00,NSE:TCI,280.0,281.9,280.0,280.3,2464.0
2019-01-28 15:00:00,NSE:TCI,280.3,281.1,280.0,280.05,4927.0
2019-01-29 09:00:00,NSE:TCI,281.0,282.5,279.95,280.75,18445.0
2019-01-29 11:00:00,NSE:TCI,280.1,281.95,277.5,278.0,66793.0
2019-01-29 13:00:00,NSE:TCI,278.1,280.0,274.7,277.05,16626.0
2019-01-29 15:00:00,NSE:TCI,277.95,277.95,275.0,275.35,2470.0
2019-01-30 09:00:00,NSE:TCI,277.0,279.95,275.0,275.05,2107.0
2019-01-30 11:00:00,NSE:TCI,275.05,276.3,275.0,275.1,1779.0
2019-01-30 13:00:00,NSE:TCI,275.0,276.25,275.0,275.1,1877.0
2019-01-30 15:00:00,NSE:TCI,275.95,278.5,275.0,277.0,3524.0
2019-01-31 09:00:00,NSE:TCI,277.05,278.05,277.0,277.05,823.0
2019-01-31 11:00:00,NSE:TCI,277.05,280.75,277.05,279.1,1415.0
2019-01-31 13:00:00,NSE:TCI,279.1,281.75,278.1,278.1,1692.0
2019-01-31 15:00:00,NSE:TCI,278.1,278.75,277.5,277.6,1418.0
2019-02-01 09:00:00,NSE:TCI,278.05,282.3,278.0,278.4,643.0
2019-02-01 11:00:00,NSE:TCI,278.45,280.0,277.0,278.0,2195.0
2019-02-01 13:00:00,NSE:TCI,279.3,287.05,279.2,281.0,7403.0
2019-02-01 15:00:00,NSE:TCI,281.0,282.0,281.0,282.0,1390.0
2019-02-04 09:00:00,NSE:TCI,280.0,287.7,280.0,285.05,2945.0
2019-02-04 11:00:00,NSE:TCI,285.05,286.35,284.05,285.85,2443.0
2019-02-04 13:00:00,NSE:TCI,285.95,286.95,285.0,285.7,2407.0
2019-02-04 15:00:00,NSE:TCI,286.1,289.95,285.0,289.95,2531.0
2019-02-05 09:00:00,NSE:TCI,291.8,292.05,285.0,285.05,8941.0
2019-02-05 11:00:00,NSE:TCI,285.15,286.9,285.1,285.1,3173.0
2019-02-05 13:00:00,NSE:TCI,285.1,286.65,284.5,284.95,6899.0
2019-02-05 15:00:00,NSE:TCI,284.5,286.45,284.05,286.0,1834.0
2019-02-06 09:00:00,NSE:TCI,285.2,289.25,285.0,285.0,4242.0
2019-02-06 11:00:00,NSE:TCI,285.0,286.25,285.0,285.0,1494.0
2019-02-06 13:00:00,NSE:TCI,285.0,288.0,283.0,286.5,9287.0
2019-02-06 15:00:00,NSE:TCI,285.3,290.5,285.0,289.0,4027.0
2019-02-07 09:00:00,NSE:TCI,285.2,289.55,285.2,285.25,2980.0
2019-02-07 11:00:00,NSE:TCI,285.1,287.0,285.0,285.75,1976.0
2019-02-07 13:00:00,NSE:TCI,285.75,286.0,285.0,285.7,2069.0
2019-02-07 15:00:00,NSE:TCI,285.5,285.55,285.0,285.0,3050.0
2019-02-08 09:00:00,NSE:TCI,285.05,289.25,285.0,286.05,2781.0
2019-02-08 11:00:00,NSE:TCI,285.95,286.0,284.0,285.95,10566.0
2019-02-08 13:00:00,NSE:TCI,285.0,287.5,285.0,285.1,1458.0
2019-02-08 15:00:00,NSE:TCI,285.0,286.45,285.0,285.0,2873.0
2019-02-11 09:00:00,NSE:TCI,283.0,287.55,280.1,285.0,4049.0
2019-02-11 11:00:00,NSE:TCI,285.0,286.6,285.0,285.05,4486.0
2019-02-11 13:00:00,NSE:TCI,285.0,285.95,285.0,285.85,1566.0
2019-02-11 15:00:00,NSE:TCI,285.25,285.75,285.0,285.0,1960.0
2019-02-12 09:00:00,NSE:TCI,285.0,287.0,284.95,285.45,2061.0
2019-02-12 11:00:00,NSE:TCI,285.05,286.45,285.05,286.45,819.0
2019-02-12 13:00:00,NSE:TCI,285.05,286.5,282.1,285.9,2754.0
2019-02-12 15:00:00,NSE:TCI,282.2,286.0,282.2,284.8,1206.0
2019-02-13 09:00:00,NSE:TCI,286.0,286.1,273.9,276.9,8453.0
2019-02-13 11:00:00,NSE:TCI,276.9,277.95,275.0,276.05,3824.0
2019-02-13 13:00:00,NSE:TCI,276.05,277.5,275.0,275.1,3294.0
2019-02-13 15:00:00,NSE:TCI,275.15,275.95,274.4,274.4,4019.0
2019-02-14 09:00:00,NSE:TCI,276.15,278.65,274.15,275.7,2826.0
2019-02-14 11:00:00,NSE:TCI,274.5,277.6,271.1,277.6,2950.0
2019-02-14 13:00:00,NSE:TCI,276.9,279.2,275.55,278.2,1413.0
2019-02-14 15:00:00,NSE:TCI,278.15,278.15,275.1,275.1,1222.0
2019-02-15 09:00:00,NSE:TCI,283.8,283.8,275.6,280.0,6120.0
2019-02-15 11:00:00,NSE:TCI,280.0,280.7,280.0,280.0,3732.0
2019-02-15 13:00:00,NSE:TCI,278.85,282.35,278.85,281.0,2777.0
2019-02-15 15:00:00,NSE:TCI,281.0,283.0,280.0,281.15,5429.0
2019-02-18 09:00:00,NSE:TCI,277.4,280.95,275.5,280.3,7019.0
2019-02-18 11:00:00,NSE:TCI,280.05,280.4,275.5,280.05,2061.0
2019-02-18 13:00:00,NSE:TCI,280.0,280.5,280.0,280.05,1469.0
2019-02-18 15:00:00,NSE:TCI,280.05,280.55,280.0,280.0,2324.0
2019-02-19 09:00:00,NSE:TCI,280.05,282.25,278.95,280.55,4575.0
2019-02-19 11:00:00,NSE:TCI,280.55,281.1,280.1,280.1,1964.0
2019-02-19 13:00:00,NSE:TCI,280.1,281.5,280.0,280.0,1141.0
2019-02-19 15:00:00,NSE:TCI,280.0,281.9,280.0,281.9,1363.0
2019-02-20 09:00:00,NSE:TCI,280.15,281.9,280.0,280.55,2873.0
2019-02-20 11:00:00,NSE:TCI,280.05,280.9,280.05,280.05,346.0
2019-02-20 13:00:00,NSE:TCI,280.05,281.95,280.05,280.25,1227.0
2019-02-20 15:00:00,NSE:TCI,280.2,283.85,280.2,282.0,1925.0
2019-02-21 09:00:00,NSE:TCI,283.15,283.9,280.0,280.0,2899.0
2019-02-21 11:00:00,NSE:TCI,280.0,281.0,280.0,280.0,1815.0
2019-02-21 13:00:00,NSE:TCI,280.0,281.65,280.0,280.55,7325.0
2019-02-21 15:00:00,NSE:TCI,280.55,281.2,280.0,280.0,3219.0
2019-02-22 09:00:00,NSE:TCI,283.95,283.95,280.15,281.35,1914.0
2019-02-22 11:00:00,NSE:TCI,281.8,282.25,280.3,280.3,1635.0
2019-02-22 13:00:00,NSE:TCI,280.3,281.8,280.3,281.5,921.0
2019-02-22 15:00:00,NSE:TCI,280.7,280.95,280.0,280.0,2617.0
2019-02-25 09:00:00,NSE:TCI,282.0,283.1,279.9,282.05,4596.0
2019-02-25 11:00:00,NSE:TCI,282.35,282.55,281.5,281.5,12075.0
2019-02-25 13:00:00,NSE:TCI,281.0,282.6,280.25,282.05,5593.0
2019-02-25 15:00:00,NSE:TCI,282.05,282.7,282.0,282.0,231.0
2019-02-26 09:00:00,NSE:TCI,280.9,280.9,276.0,280.45,7490.0
2019-02-26 11:00:00,NSE:TCI,280.05,280.5,280.0,280.25,224.0
2019-02-26 13:00:00,NSE:TCI,280.25,280.5,280.0,280.0,2626.0
2019-02-26 15:00:00,NSE:TCI,280.0,281.0,280.0,280.0,4624.0
2019-02-27 09:00:00,NSE:TCI,280.4,284.85,280.4,283.85,844.0
2019-02-27 11:00:00,NSE:TCI,283.85,283.95,280.0,280.5,6659.0
2019-02-27 13:00:00,NSE:TCI,280.0,280.85,280.0,280.65,3299.0
2019-02-27 15:00:00,NSE:TCI,280.75,281.0,280.05,280.05,2385.0
2019-02-28 09:00:00,NSE:TCI,281.65,281.65,279.95,279.95,9422.0
2019-02-28 11:00:00,NSE:TCI,280.0,281.95,278.75,280.25,22427.0
2019-02-28 13:00:00,NSE:TCI,280.25,281.9,280.15,281.55,1880.0
2019-02-28 15:00:00,NSE:TCI,281.25,281.55,281.0,281.0,863.0
2019-03-01 09:00:00,NSE:TCI,281.05,285.0,281.05,282.35,2228.0
2019-03-01 11:00:00,NSE:TCI,282.45,283.9,282.0,283.4,1254.0
2019-03-01 13:00:00,NSE:TCI,282.45,283.7,280.5,281.45,2682.0
2019-03-01 15:00:00,NSE:TCI,281.65,282.75,280.0,280.0,3500.0
2019-03-05 09:00:00,NSE:TCI,284.7,284.7,279.7,281.9,4591.0
2019-03-05 11:00:00,NSE:TCI,282.3,283.6,281.5,282.4,7112.0
2019-03-05 13:00:00,NSE:TCI,282.4,285.0,282.4,284.0,5412.0
2019-03-05 15:00:00,NSE:TCI,284.05,290.0,284.0,286.65,3331.0
2019-03-06 09:00:00,NSE:TCI,286.65,298.0,286.65,298.0,12474.0
2019-03-06 11:00:00,NSE:TCI,298.0,301.0,296.0,296.0,12360.0
2019-03-06 13:00:00,NSE:TCI,296.0,297.3,292.6,294.15,5542.0
2019-03-06 15:00:00,NSE:TCI,293.7,296.35,291.45,295.1,5289.0
2019-03-07 09:00:00,NSE:TCI,294.0,300.0,294.0,296.9,4944.0
2019-03-07 11:00:00,NSE:TCI,296.9,297.7,296.1,297.0,9104.0
2019-03-07 13:00:00,NSE:TCI,297.0,297.25,296.3,296.3,6959.0
2019-03-07 15:00:00,NSE:TCI,296.3,297.0,294.0,296.0,3453.0
2019-03-08 09:00:00,NSE:TCI,298.0,300.0,298.0,299.25,5670.0
2019-03-08 11:00:00,NSE:TCI,298.95,298.95,297.55,298.9,696.0
2019-03-08 13:00:00,NSE:TCI,297.7,298.0,297.0,297.5,1003.0
2019-03-08 15:00:00,NSE:TCI,297.95,298.0,297.0,297.1,1147.0
2019-03-11 09:00:00,NSE:TCI,296.05,298.85,293.0,294.8,3457.0
2019-03-11 11:00:00,NSE:TCI,293.3,294.95,292.8,292.95,1225.0
2019-03-11 13:00:00,NSE:TCI,292.0,295.8,291.45,293.55,5996.0
2019-03-11 15:00:00,NSE:TCI,293.5,295.0,293.0,293.95,2029.0
2019-03-12 09:00:00,NSE:TCI,295.0,298.95,294.75,296.9,2992.0
2019-03-12 11:00:00,NSE:TCI,296.9,296.9,287.5,290.35,9123.0
2019-03-12 13:00:00,NSE:TCI,290.0,291.75,289.05,290.25,2445.0
2019-03-12 15:00:00,NSE:TCI,290.25,290.5,289.05,290.0,4387.0
2019-03-13 09:00:00,NSE:TCI,287.05,292.95,287.05,290.0,6957.0
2019-03-13 11:00:00,NSE:TCI,290.0,290.9,290.0,290.05,742.0
2019-03-13 13:00:00,NSE:TCI,290.05,292.8,290.05,290.2,1664.0
2019-03-13 15:00:00,NSE:TCI,290.2,292.45,290.05,291.0,2045.0
2019-03-14 09:00:00,NSE:TCI,288.0,294.75,288.0,292.85,2653.0
2019-03-14 11:00:00,NSE:TCI,292.8,294.95,292.8,292.85,1973.0
2019-03-14 13:00:00,NSE:TCI,294.25,294.75,292.55,294.35,670.0
2019-03-14 15:00:00,NSE:TCI,294.55,299.1,286.5,294.1,14518.0
2019-03-15 09:00:00,NSE:TCI,297.5,297.5,294.0,296.0,10693.0
2019-03-15 11:00:00,NSE:TCI,296.95,296.95,295.0,295.0,1275.0
2019-03-15 13:00:00,NSE:TCI,295.9,295.9,294.65,295.55,6138.0
2019-03-15 15:00:00,NSE:TCI,296.0,296.15,294.35,296.15,3146.0
2019-03-18 09:00:00,NSE:TCI,294.4,296.95,294.4,296.0,3136.0
2019-03-18 11:00:00,NSE:TCI,296.05,314.85,296.0,313.7,434499.0
2019-03-18 13:00:00,NSE:TCI,314.5,314.75,306.5,307.0,51697.0
2019-03-18 15:00:00,NSE:TCI,307.0,307.9,304.5,306.0,8873.0
2019-03-19 09:00:00,NSE:TCI,308.5,310.0,304.1,308.3,27710.0
2019-03-19 11:00:00,NSE:TCI,308.3,310.7,301.65,302.35,413937.0
2019-03-19 13:00:00,NSE:TCI,302.65,307.65,300.1,301.25,11979.0
2019-03-19 15:00:00,NSE:TCI,301.2,307.0,301.1,304.55,17705.0
2019-03-20 09:00:00,NSE:TCI,305.9,305.9,298.95,301.5,8128.0
2019-03-20 11:00:00,NSE:TCI,301.5,302.0,294.5,296.2,11537.0
2019-03-20 13:00:00,NSE:TCI,296.2,298.0,294.7,294.85,1859.0
2019-03-20 15:00:00,NSE:TCI,295.55,297.65,294.7,295.6,5439.0
2019-03-22 09:00:00,NSE:TCI,291.5,297.1,291.05,291.45,11055.0
2019-03-22 11:00:00,NSE:TCI,291.45,293.5,291.05,293.05,3891.0
2019-03-22 13:00:00,NSE:TCI,293.0,294.95,292.5,293.5,3391.0
2019-03-22 15:00:00,NSE:TCI,293.3,298.8,292.8,294.0,290324.0
2019-03-25 09:00:00,NSE:TCI,293.7,295.55,289.95,293.0,7373.0
2019-03-25 11:00:00,NSE:TCI,293.5,293.5,290.5,291.15,6600.0
2019-03-25 13:00:00,NSE:TCI,291.6,292.55,291.0,292.25,5451.0
2019-03-25 15:00:00,NSE:TCI,292.0,294.0,291.0,291.6,5079.0
2019-03-26 09:00:00,NSE:TCI,291.9,297.0,291.15,293.0,5423.0
2019-03-26 11:00:00,NSE:TCI,294.75,296.85,293.5,295.6,4866.0
2019-03-26 13:00:00,NSE:TCI,295.6,299.0,295.0,299.0,4830.0
2019-03-26 15:00:00,NSE:TCI,298.0,300.75,297.3,299.55,24352.0
2019-03-27 09:00:00,NSE:TCI,299.85,303.0,299.8,302.0,4129.0
2019-03-27 11:00:00,NSE:TCI,302.0,302.0,300.25,300.3,9221.0
2019-03-27 13:00:00,NSE:TCI,300.95,301.55,296.15,299.75,5157.0
2019-03-27 15:00:00,NSE:TCI,300.5,303.0,299.75,301.4,5523.0
2019-03-28 09:00:00,NSE:TCI,305.0,308.95,296.55,307.75,9157.0
2019-03-28 11:00:00,NSE:TCI,307.45,310.7,307.4,308.25,13529.0
2019-03-28 13:00:00,NSE:TCI,309.8,310.65,308.1,310.0,5328.0
2019-03-28 15:00:00,NSE:TCI,310.0,314.0,310.0,311.4,8733.0
2019-03-29 09:00:00,NSE:TCI,314.45,315.5,309.25,315.0,9265.0
2019-03-29 11:00:00,NSE:TCI,315.5,318.0,313.3,317.05,20184.0
2019-03-29 13:00:00,NSE:TCI,317.0,321.8,316.65,321.0,17153.0
2019-03-29 15:00:00,NSE:TCI,321.0,327.95,321.0,324.75,20289.0
2019-04-01 09:00:00,NSE:TCI,324.75,324.75,310.0,312.0,9581.0
2019-04-01 11:00:00,NSE:TCI,311.95,314.8,311.0,314.0,3242.0
2019-04-01 13:00:00,NSE:TCI,314.0,315.0,310.7,310.75,5901.0
2019-04-01 15:00:00,NSE:TCI,311.05,311.95,305.25,308.1,7414.0
2019-04-02 09:00:00,NSE:TCI,310.4,310.4,304.35,305.0,6278.0
2019-04-02 11:00:00,NSE:TCI,305.3,306.0,303.25,305.0,1893.0
2019-04-02 13:00:00,NSE:TCI,305.2,305.2,302.45,302.95,1046.0
2019-04-02 15:00:00,NSE:TCI,303.0,306.0,302.0,303.85,1856.0
2019-04-03 09:00:00,NSE:TCI,304.0,307.0,302.25,302.25,3649.0
2019-04-03 11:00:00,NSE:TCI,303.0,303.4,300.1,302.55,3100.0
2019-04-03 13:00:00,NSE:TCI,302.05,303.4,301.1,301.1,1300.0
2019-04-03 15:00:00,NSE:TCI,301.1,302.0,298.0,298.15,1847.0
2019-04-04 09:00:00,NSE:TCI,298.15,301.95,298.15,299.0,1637.0
2019-04-04 11:00:00,NSE:TCI,299.0,300.45,298.5,298.5,595.0
2019-04-04 13:00:00,NSE:TCI,298.95,299.4,295.1,296.45,2418.0
2019-04-04 15:00:00,NSE:TCI,296.0,296.05,295.5,295.5,1284.0
2019-04-05 09:00:00,NSE:TCI,296.9,308.3,296.9,306.6,4946.0
2019-04-05 11:00:00,NSE:TCI,306.5,306.5,304.3,305.0,7319.0
2019-04-05 13:00:00,NSE:TCI,305.0,305.25,303.95,304.55,15543.0
2019-04-05 15:00:00,NSE:TCI,304.5,307.9,303.1,305.4,2182.0
2019-04-08 09:00:00,NSE:TCI,302.0,311.0,302.0,306.9,2770.0
2019-04-08 11:00:00,NSE:TCI,306.05,306.45,301.5,302.1,1232.0
2019-04-08 13:00:00,NSE:TCI,301.5,301.5,297.5,299.75,4013.0
2019-04-08 15:00:00,NSE:TCI,298.2,300.1,296.05,297.85,1169.0
2019-04-09 09:00:00,NSE:TCI,299.8,299.8,296.45,298.0,303.0
2019-04-09 11:00:00,NSE:TCI,297.85,298.0,293.45,295.1,2522.0
2019-04-09 13:00:00,NSE:TCI,295.0,301.1,295.0,300.0,4499.0
2019-04-09 15:00:00,NSE:TCI,300.0,304.0,298.8,301.85,5368.0
2019-04-10 09:00:00,NSE:TCI,304.9,304.95,302.3,302.7,703.0
2019-04-10 11:00:00,NSE:TCI,302.7,303.0,299.7,301.5,1617.0
2019-04-10 13:00:00,NSE:TCI,301.5,302.0,296.0,298.15,1752.0
2019-04-10 15:00:00,NSE:TCI,298.0,298.1,296.1,296.2,1972.0
2019-04-11 09:00:00,NSE:TCI,300.35,300.35,297.1,297.1,1175.0
2019-04-11 11:00:00,NSE:TCI,297.1,299.2,295.55,295.55,1001.0
2019-04-11 13:00:00,NSE:TCI,295.95,296.0,294.6,295.5,2355.0
2019-04-11 15:00:00,NSE:TCI,295.5,295.5,292.35,294.0,2429.0
2019-04-12 09:00:00,NSE:TCI,298.15,298.15,294.25,298.1,5784.0
2019-04-12 11:00:00,NSE:TCI,297.3,303.5,297.3,300.0,6257.0
2019-04-12 13:00:00,NSE:TCI,300.0,301.5,299.0,300.0,2141.0
2019-04-12 15:00:00,NSE:TCI,300.0,304.0,298.55,301.55,4729.0
2019-04-15 09:00:00,NSE:TCI,303.65,303.7,297.1,300.3,514.0
2019-04-15 11:00:00,NSE:TCI,300.05,300.1,297.1,298.25,693.0
2019-04-15 13:00:00,NSE:TCI,299.15,300.0,295.05,300.0,9208.0
2019-04-15 15:00:00,NSE:TCI,300.0,301.0,296.05,298.4,11124.0
2019-04-16 09:00:00,NSE:TCI,303.15,303.15,297.1,297.5,1372.0
2019-04-16 11:00:00,NSE:TCI,297.6,298.85,296.25,296.65,2252.0
2019-04-16 13:00:00,NSE:TCI,296.7,297.55,296.1,296.35,1011.0
2019-04-16 15:00:00,NSE:TCI,296.25,297.25,295.05,297.25,2298.0
2019-04-18 09:00:00,NSE:TCI,298.3,298.3,285.1,288.95,8115.0
2019-04-18 11:00:00,NSE:TCI,288.65,290.45,285.1,285.2,8594.0
2019-04-18 13:00:00,NSE:TCI,285.2,289.15,285.2,288.2,6132.0
2019-04-18 15:00:00,NSE:TCI,288.3,289.8,285.15,286.3,4734.0
2019-04-22 09:00:00,NSE:TCI,285.0,290.55,282.15,290.55,4344.0
2019-04-22 11:00:00,NSE:TCI,290.35,292.8,288.1,290.0,3632.0
2019-04-22 13:00:00,NSE:TCI,290.0,290.75,288.4,290.35,6801.0
2019-04-22 15:00:00,NSE:TCI,290.0,292.9,288.1,288.45,4150.0
2019-04-23 09:00:00,NSE:TCI,287.65,291.8,287.65,289.5,420.0
2019-04-23 11:00:00,NSE:TCI,290.0,291.3,289.0,290.0,1186.0
2019-04-23 13:00:00,NSE:TCI,290.1,290.1,285.45,286.55,2354.0
2019-04-23 15:00:00,NSE:TCI,286.6,287.0,284.55,285.7,745.0
2019-04-24 09:00:00,NSE:TCI,285.7,286.35,282.9,284.0,4181.0
2019-04-24 11:00:00,NSE:TCI,283.2,284.3,282.05,284.3,7726.0
2019-04-24 13:00:00,NSE:TCI,284.3,286.75,284.3,286.0,2157.0
2019-04-24 15:00:00,NSE:TCI,286.05,286.75,284.75,286.05,2302.0
2019-04-25 09:00:00,NSE:TCI,284.1,287.15,284.05,285.0,1867.0
2019-04-25 11:00:00,NSE:TCI,285.95,286.85,285.0,285.95,5849.0
2019-04-25 13:00:00,NSE:TCI,285.95,286.0,285.1,285.15,1353.0
2019-04-25 15:00:00,NSE:TCI,285.1,285.65,285.0,285.2,1022.0
2019-04-26 09:00:00,NSE:TCI,283.05,287.8,283.05,287.8,1518.0
2019-04-26 11:00:00,NSE:TCI,287.5,289.1,284.55,286.8,2882.0
2019-04-26 13:00:00,NSE:TCI,286.75,288.5,286.0,288.5,31791.0
2019-04-26 15:00:00,NSE:TCI,288.5,290.2,286.2,286.9,1901.0
2019-04-30 09:00:00,NSE:TCI,288.0,290.9,284.35,289.3,5210.0
2019-04-30 11:00:00,NSE:TCI,289.5,291.5,289.25,290.05,2301.0
2019-04-30 13:00:00,NSE:TCI,290.75,293.5,289.5,292.9,6262.0
2019-04-30 15:00:00,NSE:TCI,293.0,293.0,289.25,289.85,1667.0
2019-05-02 09:00:00,NSE:TCI,290.45,290.45,286.45,287.3,306.0
2019-05-02 11:00:00,NSE:TCI,287.0,287.25,286.05,286.5,1002.0
2019-05-02 13:00:00,NSE:TCI,286.5,287.55,283.55,283.55,1454.0
2019-05-02 15:00:00,NSE:TCI,284.0,284.95,284.0,284.95,285.0
2019-05-03 09:00:00,NSE:TCI,285.05,287.75,282.9,283.05,1135.0
2019-05-03 11:00:00,NSE:TCI,283.5,285.15,282.95,284.4,1029.0
2019-05-03 13:00:00,NSE:TCI,284.95,284.95,282.45,283.0,1557.0
2019-05-03 15:00:00,NSE:TCI,283.0,283.9,281.5,281.5,871.0
2019-05-06 09:00:00,NSE:TCI,277.1,281.85,277.1,281.0,2126.0
2019-05-06 11:00:00,NSE:TCI,281.05,283.4,279.95,281.0,21766.0
2019-05-06 13:00:00,NSE:TCI,281.0,284.35,281.0,283.45,1300.0
2019-05-06 15:00:00,NSE:TCI,282.05,290.9,281.1,286.2,3563.0
2019-05-07 09:00:00,NSE:TCI,290.5,290.5,284.1,284.1,723.0
2019-05-07 11:00:00,NSE:TCI,285.0,287.8,285.0,285.7,112440.0
2019-05-07 13:00:00,NSE:TCI,286.0,287.55,285.0,285.0,2374.0
2019-05-07 15:00:00,NSE:TCI,285.05,286.5,285.0,285.0,21444.0
2019-05-08 09:00:00,NSE:TCI,282.0,287.95,281.5,285.35,1944.0
2019-05-08 11:00:00,NSE:TCI,285.35,285.9,284.0,285.9,2240.0
2019-05-08 13:00:00,NSE:TCI,286.0,286.0,282.5,283.0,2282.0
2019-05-08 15:00:00,NSE:TCI,282.5,283.95,280.5,282.35,3868.0
2019-05-09 09:00:00,NSE:TCI,280.0,282.0,280.0,281.9,646.0
2019-05-09 11:00:00,NSE:TCI,282.0,290.5,282.0,289.15,135614.0
2019-05-09 13:00:00,NSE:TCI,288.95,290.0,288.5,289.0,3627.0
2019-05-09 15:00:00,NSE:TCI,289.25,290.5,289.0,290.5,747.0
2019-05-10 09:00:00,NSE:TCI,289.75,289.75,285.05,286.2,1078.0
2019-05-10 11:00:00,NSE:TCI,286.15,286.6,285.35,286.2,1972.0
2019-05-10 13:00:00,NSE:TCI,286.0,287.2,285.0,286.0,3517.0
2019-05-10 15:00:00,NSE:TCI,285.6,285.95,284.0,285.05,2532.0
2019-05-13 09:00:00,NSE:TCI,285.0,287.95,283.1,287.5,3732.0
2019-05-13 11:00:00,NSE:TCI,287.2,287.85,286.85,287.05,1012.0
2019-05-13 13:00:00,NSE:TCI,287.9,288.0,286.7,287.15,1620.0
2019-05-13 15:00:00,NSE:TCI,287.35,288.0,286.0,288.0,1955.0
2019-05-14 09:00:00,NSE:TCI,286.85,286.95,284.3,286.25,1931.0
2019-05-14 11:00:00,NSE:TCI,286.25,286.95,285.65,286.05,456.0
2019-05-14 13:00:00,NSE:TCI,285.0,287.5,285.0,286.0,1664.0
2019-05-14 15:00:00,NSE:TCI,286.0,286.35,283.95,286.0,2739.0
2019-05-15 09:00:00,NSE:TCI,288.85,288.85,286.0,286.0,600.0
2019-05-15 11:00:00,NSE:TCI,286.0,289.8,286.0,288.6,738.0
2019-05-15 13:00:00,NSE:TCI,288.0,289.7,286.45,289.6,1791.0
2019-05-15 15:00:00,NSE:TCI,289.4,289.5,287.65,289.5,539.0
2019-05-16 09:00:00,NSE:TCI,285.15,288.95,285.15,286.0,964.0
2019-05-16 11:00:00,NSE:TCI,286.0,287.75,286.0,286.2,3219.0
2019-05-16 13:00:00,NSE:TCI,287.55,290.0,286.25,288.3,2108.0
2019-05-16 15:00:00,NSE:TCI,288.9,291.9,287.1,289.05,1420.0
2019-05-17 09:00:00,NSE:TCI,289.65,291.0,286.05,287.9,1299.0
2019-05-17 11:00:00,NSE:TCI,287.9,288.45,285.5,287.0,1605.0
2019-05-17 13:00:00,NSE:TCI,287.0,288.3,286.0,286.9,2058.0
2019-05-17 15:00:00,NSE:TCI,286.9,289.45,286.0,286.0,1123.0
2019-05-20 09:00:00,NSE:TCI,290.1,295.45,290.0,294.0,3871.0
2019-05-20 11:00:00,NSE:TCI,294.5,295.0,293.5,293.5,2892.0
2019-05-20 13:00:00,NSE:TCI,293.5,296.35,293.5,296.35,2368.0
2019-05-20 15:00:00,NSE:TCI,296.0,301.0,295.45,301.0,4863.0
2019-05-21 09:00:00,NSE:TCI,304.0,304.75,294.75,295.05,1586.0
2019-05-21 11:00:00,NSE:TCI,296.75,298.5,296.05,296.5,18353.0
2019-05-21 13:00:00,NSE:TCI,296.5,296.5,295.0,295.0,2107.0
2019-05-21 15:00:00,NSE:TCI,295.45,296.75,295.0,295.0,804.0
2019-05-22 09:00:00,NSE:TCI,299.0,299.0,286.0,291.9,5926.0
2019-05-22 11:00:00,NSE:TCI,291.9,293.5,291.0,291.5,715.0
2019-05-22 13:00:00,NSE:TCI,291.45,293.95,289.1,290.5,8694.0
2019-05-22 15:00:00,NSE:TCI,290.0,294.0,290.0,291.0,1543.0
2019-05-23 09:00:00,NSE:TCI,300.0,300.0,287.95,295.5,6583.0
2019-05-23 11:00:00,NSE:TCI,295.5,296.95,295.5,295.55,4526.0
2019-05-23 13:00:00,NSE:TCI,296.75,296.75,289.65,292.4,25354.0
2019-05-23 15:00:00,NSE:TCI,291.65,292.55,290.0,290.5,2718.0
2019-05-24 09:00:00,NSE:TCI,290.0,299.9,290.0,293.0,6659.0
2019-05-24 11:00:00,NSE:TCI,293.1,295.6,290.05,292.25,2814.0
2019-05-24 13:00:00,NSE:TCI,292.35,294.65,292.35,294.5,1040.0
2019-05-24 15:00:00,NSE:TCI,294.15,295.45,291.0,295.0,1652.0
2019-05-27 09:00:00,NSE:TCI,305.0,320.0,305.0,311.15,40276.0
2019-05-27 11:00:00,NSE:TCI,311.15,313.95,310.0,310.85,7703.0
2019-05-27 13:00:00,NSE:TCI,310.85,314.25,305.5,312.75,85275.0
2019-05-27 15:00:00,NSE:TCI,313.5,314.25,311.55,313.35,12197.0
2019-05-28 09:00:00,NSE:TCI,315.0,319.5,313.4,318.05,95919.0
2019-05-28 11:00:00,NSE:TCI,318.2,326.6,310.0,315.9,294150.0
2019-05-28 13:00:00,NSE:TCI,316.0,319.0,311.5,314.45,76679.0
2019-05-28 15:00:00,NSE:TCI,314.55,317.95,313.55,315.55,13246.0
2019-05-29 09:00:00,NSE:TCI,318.2,320.95,313.6,315.2,39738.0
2019-05-29 11:00:00,NSE:TCI,315.05,316.5,307.2,308.0,10945.0
2019-05-29 13:00:00,NSE:TCI,308.35,308.35,299.35,301.65,61685.0
2019-05-29 15:00:00,NSE:TCI,301.7,304.35,300.0,301.1,15940.0
2019-05-30 09:00:00,NSE:TCI,302.95,309.9,302.9,309.5,15157.0
2019-05-30 11:00:00,NSE:TCI,309.0,311.0,305.65,308.45,8545.0
2019-05-30 13:00:00,NSE:TCI,308.05,311.0,306.0,306.95,12161.0
2019-05-30 15:00:00,NSE:TCI,306.95,310.0,306.9,309.0,8401.0
2019-05-31 09:00:00,NSE:TCI,306.1,309.95,304.0,306.0,2920.0
2019-05-31 11:00:00,NSE:TCI,306.0,307.75,301.05,304.6,4094.0
2019-05-31 13:00:00,NSE:TCI,303.0,320.35,303.0,318.05,154190.0
2019-05-31 15:00:00,NSE:TCI,318.9,324.0,318.0,320.45,15197.0
2019-06-03 09:00:00,NSE:TCI,320.85,320.85,311.75,314.35,3464.0
2019-06-03 11:00:00,NSE:TCI,314.35,314.4,313.0,314.35,737.0
2019-06-03 13:00:00,NSE:TCI,313.1,314.3,313.0,313.0,1007.0
2019-06-03 15:00:00,NSE:TCI,313.95,314.0,311.0,311.0,5358.0
2019-06-04 09:00:00,NSE:TCI,310.0,311.65,304.0,308.1,5626.0
2019-06-04 11:00:00,NSE:TCI,308.05,309.45,308.05,308.8,1085.0
2019-06-04 13:00:00,NSE:TCI,308.5,312.0,308.5,310.1,3651.0
2019-06-04 15:00:00,NSE:TCI,310.0,310.0,305.5,307.05,3964.0
2019-06-06 09:00:00,NSE:TCI,307.6,309.8,303.35,305.8,2356.0
2019-06-06 11:00:00,NSE:TCI,305.8,309.0,302.35,302.35,3104.0
2019-06-06 13:00:00,NSE:TCI,302.35,304.55,301.0,302.25,5749.0
2019-06-06 15:00:00,NSE:TCI,301.1,303.0,301.0,301.65,2083.0
2019-06-07 09:00:00,NSE:TCI,304.0,304.45,300.2,301.5,1548.0
2019-06-07 11:00:00,NSE:TCI,301.9,302.95,297.95,301.0,12745.0
2019-06-07 13:00:00,NSE:TCI,301.35,301.5,300.1,300.85,1244.0
2019-06-07 15:00:00,NSE:TCI,300.95,301.4,300.0,301.35,4294.0
2019-06-10 09:00:00,NSE:TCI,299.5,302.35,299.5,301.0,7248.0
2019-06-10 11:00:00,NSE:TCI,300.4,300.9,299.75,300.5,6440.0
2019-06-10 13:00:00,NSE:TCI,300.0,301.5,300.0,300.1,1316.0
2019-06-10 15:00:00,NSE:TCI,300.3,301.55,300.0,300.0,4494.0
2019-06-11 09:00:00,NSE:TCI,300.15,306.75,300.0,300.5,2034.0
2019-06-11 11:00:00,NSE:TCI,300.05,302.0,299.9,301.95,4204.0
2019-06-11 13:00:00,NSE:TCI,300.35,300.95,300.0,300.5,1220.0
2019-06-11 15:00:00,NSE:TCI,300.1,300.35,300.0,300.0,3613.0
2019-06-12 09:00:00,NSE:TCI,300.0,304.45,300.0,300.25,1569.0
2019-06-12 11:00:00,NSE:TCI,300.2,301.5,299.8,301.2,11195.0
2019-06-12 13:00:00,NSE:TCI,300.3,301.5,300.0,300.0,3224.0
2019-06-12 15:00:00,NSE:TCI,300.0,300.5,299.8,300.0,2927.0
2019-06-13 09:00:00,NSE:TCI,300.1,302.95,300.0,300.2,2718.0
2019-06-13 11:00:00,NSE:TCI,300.9,300.9,300.0,300.0,2080.0
2019-06-13 13:00:00,NSE:TCI,300.0,301.0,299.9,300.1,3663.0
2019-06-13 15:00:00,NSE:TCI,300.45,300.9,299.3,300.0,3869.0
2019-06-14 09:00:00,NSE:TCI,296.15,302.45,296.15,300.3,2314.0
2019-06-14 11:00:00,NSE:TCI,300.0,300.2,299.8,300.0,2871.0
2019-06-14 13:00:00,NSE:TCI,300.3,300.3,298.55,299.15,5773.0
2019-06-14 15:00:00,NSE:TCI,299.5,299.5,295.0,296.75,1388.0
2019-06-17 09:00:00,NSE:TCI,295.3,296.8,292.85,296.0,3038.0
2019-06-17 11:00:00,NSE:TCI,295.9,296.25,293.05,293.9,1093.0
2019-06-17 13:00:00,NSE:TCI,294.0,294.0,291.6,291.6,7194.0
2019-06-17 15:00:00,NSE:TCI,291.5,292.5,290.1,290.8,2453.0
2019-06-18 09:00:00,NSE:TCI,290.8,295.45,288.35,294.7,3865.0
2019-06-18 11:00:00,NSE:TCI,295.0,296.0,291.45,294.05,23798.0
2019-06-18 13:00:00,NSE:TCI,295.0,295.0,290.8,293.7,4607.0
2019-06-18 15:00:00,NSE:TCI,295.0,299.0,293.15,296.0,2114.0
2019-06-19 09:00:00,NSE:TCI,291.5,298.35,291.5,295.4,2485.0
2019-06-19 11:00:00,NSE:TCI,296.7,297.55,294.5,295.05,3389.0
2019-06-19 13:00:00,NSE:TCI,295.15,295.9,294.05,295.9,4374.0
2019-06-19 15:00:00,NSE:TCI,295.6,296.35,294.15,295.0,1864.0
2019-06-20 09:00:00,NSE:TCI,293.1,299.7,292.4,295.0,892.0
2019-06-20 11:00:00,NSE:TCI,295.05,295.5,295.0,295.4,643.0
2019-06-20 13:00:00,NSE:TCI,296.45,297.5,295.0,296.0,2861.0
2019-06-20 15:00:00,NSE:TCI,297.5,298.5,295.5,298.0,2397.0
2019-06-21 09:00:00,NSE:TCI,297.6,300.95,293.35,297.8,1730.0
2019-06-21 11:00:00,NSE:TCI,295.5,297.9,295.35,295.5,4145.0
2019-06-21 13:00:00,NSE:TCI,295.5,297.6,295.1,297.0,2785.0
2019-06-21 15:00:00,NSE:TCI,297.0,301.9,297.0,300.0,3252.0
2019-06-24 09:00:00,NSE:TCI,297.4,302.3,286.7,296.0,7772.0
2019-06-24 11:00:00,NSE:TCI,296.5,300.0,296.5,298.0,8077.0
2019-06-24 13:00:00,NSE:TCI,299.7,299.7,295.25,295.25,607.0
2019-06-24 15:00:00,NSE:TCI,296.5,300.0,295.1,299.5,1564.0
2019-06-25 09:00:00,NSE:TCI,296.1,299.95,295.4,296.0,818.0
2019-06-25 11:00:00,NSE:TCI,296.95,298.2,293.35,295.0,40190.0
2019-06-25 13:00:00,NSE:TCI,295.0,302.45,295.0,299.05,36125.0
2019-06-25 15:00:00,NSE:TCI,300.0,301.9,297.3,297.55,3911.0
2019-06-26 09:00:00,NSE:TCI,296.8,300.4,296.8,297.05,414.0
2019-06-26 11:00:00,NSE:TCI,297.05,299.9,297.0,297.05,481.0
2019-06-26 13:00:00,NSE:TCI,299.15,300.0,297.05,297.05,1344.0
2019-06-26 15:00:00,NSE:TCI,297.6,299.0,297.0,297.8,591.0
2019-06-27 09:00:00,NSE:TCI,297.1,304.95,297.05,300.05,3601.0
2019-06-27 11:00:00,NSE:TCI,300.05,302.95,300.05,300.35,419.0
2019-06-27 13:00:00,NSE:TCI,300.35,301.9,299.95,300.0,673.0
2019-06-27 15:00:00,NSE:TCI,300.0,300.0,297.95,298.9,523.0
2019-06-28 09:00:00,NSE:TCI,297.9,303.8,297.9,301.35,3692.0
2019-06-28 11:00:00,NSE:TCI,301.35,303.0,301.25,303.0,3305.0
2019-06-28 13:00:00,NSE:TCI,302.6,310.35,301.0,310.35,25236.0
2019-06-28 15:00:00,NSE:TCI,310.35,315.0,307.35,311.15,60058.0
2019-07-01 09:00:00,NSE:TCI,310.0,310.0,302.05,305.0,6996.0
2019-07-01 11:00:00,NSE:TCI,305.0,305.5,303.3,304.0,1791.0
2019-07-01 13:00:00,NSE:TCI,305.05,305.05,300.85,303.55,3269.0
2019-07-01 15:00:00,NSE:TCI,303.0,305.15,300.8,302.8,3918.0
2019-07-02 09:00:00,NSE:TCI,303.0,305.5,298.4,298.85,1783.0
2019-07-02 11:00:00,NSE:TCI,298.95,302.0,298.5,302.0,1531.0
2019-07-02 13:00:00,NSE:TCI,302.0,304.2,300.05,304.2,1694.0
2019-07-02 15:00:00,NSE:TCI,304.15,306.0,301.3,305.0,1226.0
2019-07-03 09:00:00,NSE:TCI,301.25,305.95,301.25,302.3,1781.0
2019-07-03 11:00:00,NSE:TCI,302.7,303.55,300.85,303.0,1397.0
2019-07-03 13:00:00,NSE:TCI,302.8,303.0,300.0,301.95,946.0
2019-07-03 15:00:00,NSE:TCI,301.9,302.9,300.55,301.8,906.0
2019-07-04 09:00:00,NSE:TCI,299.25,303.75,299.25,301.45,498.0
2019-07-04 11:00:00,NSE:TCI,301.45,302.0,300.75,301.8,1735.0
2019-07-04 13:00:00,NSE:TCI,301.85,301.95,299.5,299.95,2741.0
2019-07-04 15:00:00,NSE:TCI,299.8,299.95,296.0,297.95,4059.0
2019-07-05 09:00:00,NSE:TCI,296.8,302.95,296.8,301.95,900.0
2019-07-05 11:00:00,NSE:TCI,301.95,309.0,301.0,305.95,3627.0
2019-07-05 13:00:00,NSE:TCI,305.95,305.95,298.4,301.5,2197.0
2019-07-05 15:00:00,NSE:TCI,301.5,301.5,296.0,298.65,1405.0
2019-07-08 09:00:00,NSE:TCI,295.15,298.65,293.65,295.5,15981.0
2019-07-08 11:00:00,NSE:TCI,295.0,295.8,290.1,292.75,51826.0
2019-07-08 13:00:00,NSE:TCI,292.75,292.8,280.7,288.5,5093.0
2019-07-08 15:00:00,NSE:TCI,286.0,288.35,285.0,286.05,1569.0
2019-07-09 09:00:00,NSE:TCI,284.1,291.8,284.1,288.75,4375.0
2019-07-09 11:00:00,NSE:TCI,289.5,292.0,289.25,291.95,554.0
2019-07-09 13:00:00,NSE:TCI,291.4,292.4,288.15,289.95,1070.0
2019-07-09 15:00:00,NSE:TCI,289.95,293.0,287.65,291.1,1109.0
2019-07-10 09:00:00,NSE:TCI,287.15,293.65,287.15,291.4,961.0
2019-07-10 11:00:00,NSE:TCI,291.4,293.35,288.2,293.3,1529.0
2019-07-10 13:00:00,NSE:TCI,293.3,296.55,291.65,293.5,2429.0
2019-07-10 15:00:00,NSE:TCI,293.55,294.35,288.0,290.0,4756.0
2019-07-11 09:00:00,NSE:TCI,288.6,295.0,288.6,292.7,1418.0
2019-07-11 11:00:00,NSE:TCI,292.7,292.7,290.5,292.6,453.0
2019-07-11 13:00:00,NSE:TCI,292.6,293.25,291.3,291.3,658.0
2019-07-11 15:00:00,NSE:TCI,291.75,293.15,290.0,290.05,4224.0
2019-07-12 09:00:00,NSE:TCI,294.0,294.0,287.1,291.95,2690.0
2019-07-12 11:00:00,NSE:TCI,291.95,292.95,291.35,292.7,1131.0
2019-07-12 13:00:00,NSE:TCI,292.4,295.2,290.2,293.9,2329.0
2019-07-12 15:00:00,NSE:TCI,294.0,295.85,290.1,293.15,1398.0
2019-07-15 09:00:00,NSE:TCI,293.15,293.15,290.55,291.05,670.0
2019-07-15 11:00:00,NSE:TCI,290.7,291.7,290.0,290.3,753.0
2019-07-15 13:00:00,NSE:TCI,291.05,293.7,290.2,292.5,928.0
2019-07-15 15:00:00,NSE:TCI,292.35,293.0,291.0,293.0,435.0
2019-07-16 09:00:00,NSE:TCI,292.0,299.0,291.0,298.65,3385.0
2019-07-16 11:00:00,NSE:TCI,298.65,298.65,294.1,295.95,1031.0
2019-07-16 13:00:00,NSE:TCI,291.7,296.0,291.7,293.05,2841.0
2019-07-16 15:00:00,NSE:TCI,293.45,294.0,292.05,292.05,1408.0
2019-07-17 09:00:00,NSE:TCI,291.1,294.15,291.1,291.6,1862.0
2019-07-17 11:00:00,NSE:TCI,291.7,292.35,291.7,291.7,99.0
2019-07-17 13:00:00,NSE:TCI,290.2,291.95,290.0,290.45,2097.0
2019-07-17 15:00:00,NSE:TCI,290.2,291.0,290.0,290.0,2176.0
2019-07-18 09:00:00,NSE:TCI,291.05,293.95,288.6,291.0,1483.0
2019-07-18 11:00:00,NSE:TCI,291.0,291.0,289.0,289.0,1353.0
2019-07-18 13:00:00,NSE:TCI,289.0,290.5,289.0,290.0,1136.0
2019-07-18 15:00:00,NSE:TCI,290.5,291.95,290.0,290.0,1414.0
2019-07-19 09:00:00,NSE:TCI,295.0,295.0,285.15,291.0,3298.0
2019-07-19 11:00:00,NSE:TCI,291.0,291.9,289.65,290.9,1102.0
2019-07-19 13:00:00,NSE:TCI,290.9,290.9,287.15,289.5,3384.0
2019-07-19 15:00:00,NSE:TCI,289.5,290.75,288.0,289.6,830.0
2019-07-22 09:00:00,NSE:TCI,287.65,287.95,285.0,286.05,1188.0
2019-07-22 11:00:00,NSE:TCI,288.0,290.05,285.05,290.0,9521.0
2019-07-22 13:00:00,NSE:TCI,290.05,290.05,284.0,284.0,4565.0
2019-07-22 15:00:00,NSE:TCI,284.0,285.0,278.1,278.1,3189.0
2019-07-23 09:00:00,NSE:TCI,280.05,284.65,278.0,280.0,3235.0
2019-07-23 11:00:00,NSE:TCI,279.95,280.3,277.9,280.0,1213.0
2019-07-23 13:00:00,NSE:TCI,280.0,280.0,278.0,279.0,2385.0
2019-07-23 15:00:00,NSE:TCI,278.1,279.55,277.4,278.95,1561.0
2019-07-24 09:00:00,NSE:TCI,275.25,282.35,273.65,275.0,2155.0
2019-07-24 11:00:00,NSE:TCI,275.0,276.35,274.2,275.3,10788.0
2019-07-24 13:00:00,NSE:TCI,275.3,280.0,275.3,277.0,849.0
2019-07-24 15:00:00,NSE:TCI,276.8,277.0,275.0,275.0,4862.0
2019-07-25 09:00:00,NSE:TCI,273.45,276.85,272.0,274.3,697.0
2019-07-25 11:00:00,NSE:TCI,274.7,275.5,272.0,275.0,6035.0
2019-07-25 13:00:00,NSE:TCI,275.0,275.4,274.8,275.0,3133.0
2019-07-25 15:00:00,NSE:TCI,275.0,278.2,275.0,275.0,1567.0
2019-07-26 09:00:00,NSE:TCI,273.05,276.8,272.0,275.1,4760.0
2019-07-26 11:00:00,NSE:TCI,275.8,277.0,274.45,275.7,969.0
2019-07-26 13:00:00,NSE:TCI,275.7,277.0,274.7,274.95,1584.0
2019-07-26 15:00:00,NSE:TCI,275.0,277.0,274.3,275.5,1082.0
2019-07-29 09:00:00,NSE:TCI,280.0,300.25,276.15,279.0,9126.0
2019-07-29 11:00:00,NSE:TCI,278.95,279.7,274.85,278.0,4211.0
2019-07-29 13:00:00,NSE:TCI,278.0,281.05,275.0,275.9,10136.0
2019-07-29 15:00:00,NSE:TCI,275.7,275.8,269.0,272.65,5810.0
2019-07-30 09:00:00,NSE:TCI,273.95,275.05,266.3,272.65,8492.0
2019-07-30 11:00:00,NSE:TCI,272.1,272.25,270.0,271.0,3818.0
2019-07-30 13:00:00,NSE:TCI,270.05,270.05,265.15,265.15,3029.0
2019-07-30 15:00:00,NSE:TCI,265.15,266.95,261.0,263.25,3508.0
2019-07-31 09:00:00,NSE:TCI,263.25,264.95,250.1,260.4,5006.0
2019-07-31 11:00:00,NSE:TCI,260.6,264.5,260.1,263.75,2484.0
2019-07-31 13:00:00,NSE:TCI,263.1,263.1,261.0,262.0,1829.0
2019-07-31 15:00:00,NSE:TCI,262.45,263.75,261.0,263.75,2350.0
2019-08-01 09:00:00,NSE:TCI,262.25,284.4,255.1,265.0,4516.0
2019-08-01 11:00:00,NSE:TCI,264.0,264.0,255.55,262.8,6774.0
2019-08-01 13:00:00,NSE:TCI,261.1,266.9,260.8,266.0,2739.0
2019-08-01 15:00:00,NSE:TCI,265.55,266.0,260.0,263.7,1683.0
2019-08-02 09:00:00,NSE:TCI,258.2,265.55,257.65,262.1,4855.0
2019-08-02 11:00:00,NSE:TCI,264.75,266.7,262.1,265.0,2574.0
2019-08-02 13:00:00,NSE:TCI,264.85,265.95,261.3,263.05,2348.0
2019-08-02 15:00:00,NSE:TCI,263.05,263.05,260.05,261.0,1482.0
2019-08-05 09:00:00,NSE:TCI,261.5,263.0,259.05,260.5,1934.0
2019-08-05 11:00:00,NSE:TCI,260.0,263.1,259.6,263.1,36300.0
2019-08-05 13:00:00,NSE:TCI,263.1,267.55,262.25,265.35,11503.0
2019-08-05 15:00:00,NSE:TCI,265.3,271.95,264.55,268.0,998.0
2019-08-06 09:00:00,NSE:TCI,264.9,270.05,261.25,267.0,2538.0
2019-08-06 11:00:00,NSE:TCI,267.0,271.0,266.15,268.15,53402.0
2019-08-06 13:00:00,NSE:TCI,268.15,271.0,262.55,267.0,57315.0
2019-08-06 15:00:00,NSE:TCI,266.05,269.05,264.05,264.5,1547.0
2019-08-07 09:00:00,NSE:TCI,268.15,268.15,265.0,267.0,878.0
2019-08-07 11:00:00,NSE:TCI,267.0,270.0,265.0,266.4,1196.0
2019-08-07 13:00:00,NSE:TCI,265.5,267.55,264.5,265.0,744.0
2019-08-07 15:00:00,NSE:TCI,265.0,265.0,261.5,261.5,1741.0
2019-08-08 09:00:00,NSE:TCI,263.1,268.0,262.3,264.55,87499.0
2019-08-08 11:00:00,NSE:TCI,264.55,265.45,262.5,264.2,245.0
2019-08-08 13:00:00,NSE:TCI,264.9,265.0,262.7,264.95,462.0
2019-08-08 15:00:00,NSE:TCI,264.65,265.0,258.1,261.55,7417.0
2019-08-09 09:00:00,NSE:TCI,264.9,265.95,262.7,265.65,1174.0
2019-08-09 11:00:00,NSE:TCI,265.65,267.35,265.25,267.0,506.0
2019-08-09 13:00:00,NSE:TCI,266.45,268.0,265.25,265.25,619.0
2019-08-09 15:00:00,NSE:TCI,267.4,269.5,265.7,268.0,1262.0
2019-08-13 09:00:00,NSE:TCI,262.1,266.0,261.15,265.45,1223.0
2019-08-13 11:00:00,NSE:TCI,264.8,265.45,259.5,259.5,3431.0
2019-08-13 13:00:00,NSE:TCI,259.5,262.85,259.5,261.05,570.0
2019-08-13 15:00:00,NSE:TCI,261.0,264.8,261.0,263.0,2692.0
2019-08-14 09:00:00,NSE:TCI,263.45,264.5,261.55,264.0,627.0
2019-08-14 11:00:00,NSE:TCI,264.0,264.1,262.0,264.0,1446.0
2019-08-14 13:00:00,NSE:TCI,264.5,264.85,262.5,264.8,5598.0
2019-08-14 15:00:00,NSE:TCI,264.55,265.4,263.0,265.4,956.0
2019-08-16 09:00:00,NSE:TCI,260.1,263.0,259.95,262.95,690.0
2019-08-16 11:00:00,NSE:TCI,263.25,264.9,263.0,263.0,1051.0
2019-08-16 13:00:00,NSE:TCI,263.0,269.0,263.0,268.0,5366.0
2019-08-16 15:00:00,NSE:TCI,268.0,269.0,267.0,267.05,4588.0
2019-08-19 09:00:00,NSE:TCI,267.25,272.0,267.25,270.5,1478.0
2019-08-19 11:00:00,NSE:TCI,269.05,270.15,269.0,269.0,452.0
2019-08-19 13:00:00,NSE:TCI,269.0,272.8,269.0,271.1,1163.0
2019-08-19 15:00:00,NSE:TCI,271.8,272.8,271.0,271.05,1011.0
2019-08-20 09:00:00,NSE:TCI,270.95,273.65,265.35,266.0,1528.0
2019-08-20 11:00:00,NSE:TCI,266.0,269.0,266.0,268.75,1756.0
2019-08-20 13:00:00,NSE:TCI,266.7,268.95,266.0,267.0,9972.0
2019-08-20 15:00:00,NSE:TCI,267.0,269.0,266.0,267.5,3043.0
2019-08-21 09:00:00,NSE:TCI,265.35,270.5,264.55,268.5,3912.0
2019-08-21 11:00:00,NSE:TCI,267.55,270.2,266.15,268.0,5050.0
2019-08-21 13:00:00,NSE:TCI,268.05,272.25,267.0,270.4,2748.0
2019-08-21 15:00:00,NSE:TCI,270.45,275.0,270.05,275.0,2795.0
2019-08-22 09:00:00,NSE:TCI,273.4,273.4,267.2,272.05,5721.0
2019-08-22 11:00:00,NSE:TCI,272.05,272.5,272.0,272.0,636.0
2019-08-22 13:00:00,NSE:TCI,272.0,273.2,272.0,272.0,728.0
2019-08-22 15:00:00,NSE:TCI,271.0,277.0,271.0,275.0,1991.0
2019-08-23 09:00:00,NSE:TCI,271.15,273.9,269.0,273.9,2656.0
2019-08-23 11:00:00,NSE:TCI,273.95,273.95,270.85,270.85,908.0
2019-08-23 13:00:00,NSE:TCI,270.85,274.35,270.85,271.25,1470.0
2019-08-23 15:00:00,NSE:TCI,272.9,283.9,271.3,280.4,3710.0
2019-08-26 09:00:00,NSE:TCI,281.25,283.0,277.65,281.05,5021.0
2019-08-26 11:00:00,NSE:TCI,280.75,283.95,280.75,282.0,1084.0
2019-08-26 13:00:00,NSE:TCI,282.0,286.85,282.0,286.85,1239.0
2019-08-26 15:00:00,NSE:TCI,286.1,288.35,285.0,287.35,780.0
2019-08-27 09:00:00,NSE:TCI,285.0,307.3,285.0,307.3,47144.0
2019-08-27 11:00:00,NSE:TCI,307.3,307.3,300.0,301.0,3210.0
2019-08-27 13:00:00,NSE:TCI,301.0,301.3,300.45,301.0,3687.0
2019-08-27 15:00:00,NSE:TCI,301.25,305.0,301.0,302.15,2738.0
2019-08-28 09:00:00,NSE:TCI,300.05,302.85,295.0,295.6,3696.0
2019-08-28 11:00:00,NSE:TCI,295.75,297.35,295.05,295.05,1291.0
2019-08-28 13:00:00,NSE:TCI,295.05,296.55,295.0,296.0,4152.0
2019-08-28 15:00:00,NSE:TCI,295.5,296.7,295.0,295.3,4027.0
2019-08-29 09:00:00,NSE:TCI,296.0,298.0,295.0,295.8,1369.0
2019-08-29 11:00:00,NSE:TCI,295.0,295.8,295.0,295.0,584.0
2019-08-29 13:00:00,NSE:TCI,295.0,295.5,295.0,295.25,623.0
2019-08-29 15:00:00,NSE:TCI,295.0,295.4,295.0,295.0,1269.0
2019-08-30 09:00:00,NSE:TCI,296.0,299.15,296.0,296.05,361.0
2019-08-30 11:00:00,NSE:TCI,297.0,297.6,297.0,297.6,1063.0
2019-08-30 13:00:00,NSE:TCI,297.0,300.55,292.0,292.1,3566.0
2019-08-30 15:00:00,NSE:TCI,292.0,295.0,291.3,291.8,1321.0
2019-09-03 09:00:00,NSE:TCI,295.0,295.0,284.0,284.0,1813.0
2019-09-03 11:00:00,NSE:TCI,283.0,286.0,281.0,282.0,1766.0
2019-09-03 13:00:00,NSE:TCI,281.65,282.0,279.0,279.95,2611.0
2019-09-03 15:00:00,NSE:TCI,280.75,280.75,276.2,279.9,1551.0
2019-09-04 09:00:00,NSE:TCI,276.05,279.45,276.05,278.4,526.0
2019-09-04 11:00:00,NSE:TCI,278.25,278.25,276.0,277.0,751.0
2019-09-04 13:00:00,NSE:TCI,276.9,277.0,275.55,276.0,659.0
2019-09-04 15:00:00,NSE:TCI,276.0,283.95,276.0,278.8,2575.0
2019-09-05 09:00:00,NSE:TCI,280.1,284.7,280.1,282.15,1472.0
2019-09-05 11:00:00,NSE:TCI,282.1,284.45,280.25,280.25,1433.0
2019-09-05 13:00:00,NSE:TCI,280.3,282.7,280.3,280.5,160.0
2019-09-05 15:00:00,NSE:TCI,280.65,282.15,280.65,280.75,493.0
2019-09-06 09:00:00,NSE:TCI,283.8,283.85,280.1,280.25,834.0
2019-09-06 11:00:00,NSE:TCI,281.0,281.45,280.15,280.4,349.0
2019-09-06 13:00:00,NSE:TCI,281.0,281.0,280.1,280.15,318.0
2019-09-06 15:00:00,NSE:TCI,280.8,281.95,280.1,280.1,1060.0
2019-09-09 09:00:00,NSE:TCI,280.05,281.9,280.05,281.0,1130.0
2019-09-09 11:00:00,NSE:TCI,280.15,281.85,280.15,280.55,487.0
2019-09-09 13:00:00,NSE:TCI,280.5,281.45,280.0,280.0,3462.0
2019-09-09 15:00:00,NSE:TCI,280.15,281.4,280.1,280.55,498.0
2019-09-11 09:00:00,NSE:TCI,280.05,282.75,279.1,280.35,10850.0
2019-09-11 11:00:00,NSE:TCI,280.4,281.75,280.0,281.15,3973.0
2019-09-11 13:00:00,NSE:TCI,280.0,284.0,278.0,284.0,11617.0
2019-09-11 15:00:00,NSE:TCI,284.0,284.0,280.1,282.0,4013.0
2019-09-12 09:00:00,NSE:TCI,282.4,283.0,280.8,281.0,728.0
2019-09-12 11:00:00,NSE:TCI,280.7,280.7,280.25,280.5,756.0
2019-09-12 13:00:00,NSE:TCI,280.3,280.75,278.0,279.65,3427.0
2019-09-12 15:00:00,NSE:TCI,280.2,280.2,279.0,279.0,315.0
2019-09-13 09:00:00,NSE:TCI,279.0,280.3,277.85,279.5,462.0
2019-09-13 11:00:00,NSE:TCI,279.85,280.0,278.0,279.8,1650.0
2019-09-13 13:00:00,NSE:TCI,279.95,279.95,278.3,279.85,720.0
2019-09-13 15:00:00,NSE:TCI,279.9,279.9,278.2,278.2,273.0
2019-09-16 09:00:00,NSE:TCI,278.95,281.95,272.1,277.0,1955.0
2019-09-16 11:00:00,NSE:TCI,276.95,277.4,272.15,272.15,3893.0
2019-09-16 13:00:00,NSE:TCI,275.0,275.95,272.5,274.6,1557.0
2019-09-16 15:00:00,NSE:TCI,270.95,271.15,270.2,271.15,9779.0
2019-09-17 09:00:00,NSE:TCI,271.15,272.15,269.0,270.8,1877.0
2019-09-17 11:00:00,NSE:TCI,270.2,271.0,262.4,264.0,22969.0
2019-09-17 13:00:00,NSE:TCI,263.1,269.55,262.65,266.05,6075.0
2019-09-17 15:00:00,NSE:TCI,266.1,268.95,265.0,266.7,1910.0
2019-09-18 09:00:00,NSE:TCI,270.0,270.05,267.0,267.8,1004.0
2019-09-18 11:00:00,NSE:TCI,268.9,268.9,267.1,267.15,360.0
2019-09-18 13:00:00,NSE:TCI,267.0,270.0,267.0,268.55,6173.0
2019-09-18 15:00:00,NSE:TCI,269.9,270.5,268.5,270.0,866.0
2019-09-19 09:00:00,NSE:TCI,267.75,270.15,267.75,268.15,670.0
2019-09-19 11:00:00,NSE:TCI,268.7,269.05,268.1,269.05,734.0
2019-09-19 13:00:00,NSE:TCI,271.2,271.5,268.1,268.3,691.0
2019-09-19 15:00:00,NSE:TCI,268.15,272.0,268.1,270.0,3393.0
2019-09-20 09:00:00,NSE:TCI,271.95,271.95,265.0,268.3,4871.0
2019-09-20 11:00:00,NSE:TCI,268.0,275.5,266.05,275.2,12847.0
2019-09-20 13:00:00,NSE:TCI,275.05,278.0,275.0,275.0,10283.0
2019-09-20 15:00:00,NSE:TCI,275.2,275.2,273.1,273.4,17580.0
2019-09-23 09:00:00,NSE:TCI,270.2,285.0,270.2,279.3,11630.0
2019-09-23 11:00:00,NSE:TCI,280.5,284.8,279.2,283.05,355349.0
2019-09-23 13:00:00,NSE:TCI,283.0,287.1,282.05,287.0,6937.0
2019-09-23 15:00:00,NSE:TCI,285.55,289.0,284.0,286.6,1381.0
2019-09-24 09:00:00,NSE:TCI,289.35,293.9,285.0,288.95,17496.0
2019-09-24 11:00:00,NSE:TCI,289.05,293.8,289.0,293.0,2908.0
2019-09-24 13:00:00,NSE:TCI,293.6,300.0,292.5,293.5,23849.0
2019-09-24 15:00:00,NSE:TCI,293.2,293.2,286.6,290.3,4119.0
2019-09-25 09:00:00,NSE:TCI,292.9,292.9,288.0,288.05,5226.0
2019-09-25 11:00:00,NSE:TCI,289.95,290.25,288.0,288.1,534.0
2019-09-25 13:00:00,NSE:TCI,288.1,290.35,288.0,288.1,4147.0
2019-09-25 15:00:00,NSE:TCI,288.0,288.5,288.0,288.0,360.0
2019-09-26 09:00:00,NSE:TCI,288.15,291.5,288.15,289.15,528.0
2019-09-26 11:00:00,NSE:TCI,290.9,291.0,285.1,285.3,3493.0
2019-09-26 13:00:00,NSE:TCI,285.4,287.75,284.0,285.75,3470.0
2019-09-26 15:00:00,NSE:TCI,284.15,284.9,284.05,284.9,606.0
2019-09-27 09:00:00,NSE:TCI,292.0,301.0,290.0,301.0,21167.0
2019-09-27 11:00:00,NSE:TCI,296.9,300.35,295.65,296.95,6293.0
2019-09-27 13:00:00,NSE:TCI,297.5,300.0,296.05,296.9,4504.0
2019-09-27 15:00:00,NSE:TCI,297.95,300.0,296.5,299.95,13728.0
2019-09-30 09:00:00,NSE:TCI,303.1,304.0,296.05,297.65,7964.0
2019-09-30 11:00:00,NSE:TCI,297.6,297.6,295.3,296.0,801.0
2019-09-30 13:00:00,NSE:TCI,296.0,302.95,295.5,302.0,10477.0
2019-09-30 15:00:00,NSE:TCI,302.05,313.0,301.4,311.0,75702.0
2019-10-01 09:00:00,NSE:TCI,311.0,311.0,299.05,299.1,2770.0
2019-10-01 11:00:00,NSE:TCI,299.1,302.8,296.05,301.9,2686.0
2019-10-01 13:00:00,NSE:TCI,299.95,299.95,288.0,292.0,11615.0
2019-10-01 15:00:00,NSE:TCI,291.15,292.05,290.05,291.95,11773.0
2019-10-03 09:00:00,NSE:TCI,291.95,292.7,285.5,290.25,2844.0
2019-10-03 11:00:00,NSE:TCI,290.0,291.45,288.1,288.5,805.0
2019-10-03 13:00:00,NSE:TCI,290.0,290.7,288.5,290.25,404.0
2019-10-03 15:00:00,NSE:TCI,289.05,292.0,288.1,289.0,1898.0
2019-10-04 09:00:00,NSE:TCI,293.0,295.8,287.0,290.65,103692.0
2019-10-04 11:00:00,NSE:TCI,291.0,291.95,283.0,283.95,100903.0
2019-10-04 13:00:00,NSE:TCI,284.0,284.0,278.0,280.15,5283.0
2019-10-04 15:00:00,NSE:TCI,280.0,281.6,279.1,281.6,3053.0
2019-10-07 09:00:00,NSE:TCI,283.7,283.7,280.0,280.0,1584.0
2019-10-07 11:00:00,NSE:TCI,279.85,285.95,279.85,284.55,13619.0
2019-10-07 13:00:00,NSE:TCI,283.5,283.5,278.0,278.6,606.0
2019-10-07 15:00:00,NSE:TCI,278.5,279.3,278.0,278.5,2525.0
2019-10-09 09:00:00,NSE:TCI,276.0,278.75,273.25,275.5,1878.0
2019-10-09 11:00:00,NSE:TCI,275.5,275.5,273.0,274.3,3947.0
2019-10-09 13:00:00,NSE:TCI,274.7,277.7,274.2,276.85,3236.0
2019-10-09 15:00:00,NSE:TCI,276.85,279.2,276.05,276.9,1551.0
2019-10-10 09:00:00,NSE:TCI,280.0,290.95,278.6,282.6,2957.0
2019-10-10 11:00:00,NSE:TCI,282.6,282.6,278.15,278.25,1390.0
2019-10-10 13:00:00,NSE:TCI,279.15,279.15,276.0,276.5,2672.0
2019-10-10 15:00:00,NSE:TCI,276.05,279.15,275.35,276.0,2971.0
2019-10-11 09:00:00,NSE:TCI,280.0,280.0,274.25,275.0,3045.0
2019-10-11 11:00:00,NSE:TCI,275.0,277.0,270.05,272.75,5385.0
2019-10-11 13:00:00,NSE:TCI,272.05,274.7,271.5,273.5,851.0
2019-10-11 15:00:00,NSE:TCI,273.5,273.95,272.1,273.15,1036.0
2019-10-14 09:00:00,NSE:TCI,277.0,282.0,275.2,281.0,4169.0
2019-10-14 11:00:00,NSE:TCI,280.7,281.9,278.0,280.0,2724.0
2019-10-14 13:00:00,NSE:TCI,280.0,285.95,278.75,283.15,5657.0
2019-10-14 15:00:00,NSE:TCI,282.6,284.0,281.0,283.95,1636.0
2019-10-15 09:00:00,NSE:TCI,287.9,287.9,282.9,282.9,444.0
2019-10-15 11:00:00,NSE:TCI,282.9,283.1,280.0,282.5,1837.0
2019-10-15 13:00:00,NSE:TCI,282.5,282.5,276.3,277.25,1752.0
2019-10-15 15:00:00,NSE:TCI,277.3,281.7,277.0,278.7,2335.0
2019-10-16 09:00:00,NSE:TCI,280.0,282.75,280.0,281.55,1810.0
2019-10-16 11:00:00,NSE:TCI,282.0,282.35,280.0,280.05,939.0
2019-10-16 13:00:00,NSE:TCI,280.05,281.95,280.05,280.25,1161.0
2019-10-16 15:00:00,NSE:TCI,280.25,280.6,280.0,280.0,1206.0
2019-10-17 09:00:00,NSE:TCI,275.3,283.15,275.3,281.7,1177.0
2019-10-17 11:00:00,NSE:TCI,280.45,281.7,275.85,281.7,3285.0
2019-10-17 13:00:00,NSE:TCI,281.7,284.0,280.0,281.1,1802.0
2019-10-17 15:00:00,NSE:TCI,281.1,284.0,281.0,284.0,1183.0
2019-10-18 09:00:00,NSE:TCI,281.65,284.5,276.45,282.45,727.0
2019-10-18 11:00:00,NSE:TCI,284.3,284.3,282.5,283.95,287.0
2019-10-18 13:00:00,NSE:TCI,282.05,283.0,280.0,280.55,1309.0
2019-10-18 15:00:00,NSE:TCI,280.0,281.8,280.0,280.3,711.0
2019-10-22 09:00:00,NSE:TCI,282.1,285.9,280.55,284.7,2934.0
2019-10-22 11:00:00,NSE:TCI,284.7,285.0,282.1,284.45,989.0
2019-10-22 13:00:00,NSE:TCI,284.1,285.4,282.1,284.5,1475.0
2019-10-22 15:00:00,NSE:TCI,285.4,285.75,284.2,285.75,699.0
2019-10-23 09:00:00,NSE:TCI,287.0,287.0,281.8,285.55,1452.0
2019-10-23 11:00:00,NSE:TCI,283.7,287.0,279.1,282.5,23449.0
2019-10-23 13:00:00,NSE:TCI,282.45,282.95,280.0,280.05,2652.0
2019-10-23 15:00:00,NSE:TCI,280.0,283.0,280.0,281.05,1724.0
2019-10-24 09:00:00,NSE:TCI,281.15,283.0,279.05,280.0,1611.0
2019-10-24 11:00:00,NSE:TCI,280.0,280.0,278.9,279.0,290.0
2019-10-24 13:00:00,NSE:TCI,279.0,279.0,277.0,278.5,481.0
2019-10-24 15:00:00,NSE:TCI,278.45,278.45,275.1,276.05,2331.0
2019-10-25 09:00:00,NSE:TCI,276.9,279.75,276.0,276.2,3868.0
2019-10-25 11:00:00,NSE:TCI,276.75,276.95,275.0,275.5,2997.0
2019-10-25 13:00:00,NSE:TCI,275.6,276.6,275.6,275.85,1845.0
2019-10-25 15:00:00,NSE:TCI,276.5,278.3,275.9,277.4,1213.0
2019-10-27 17:00:00,NSE:TCI,275.0,284.4,272.25,282.0,2465.0
2019-10-27 19:00:00,NSE:TCI,282.0,282.0,278.0,281.5,1540.0
2019-10-29 09:00:00,NSE:TCI,284.0,284.0,278.1,282.95,2203.0
2019-10-29 11:00:00,NSE:TCI,282.95,285.75,280.05,285.0,21370.0
2019-10-29 13:00:00,NSE:TCI,282.45,287.5,282.15,283.15,4387.0
2019-10-29 15:00:00,NSE:TCI,283.25,285.0,283.15,283.15,860.0
2019-10-30 09:00:00,NSE:TCI,288.45,288.45,280.3,282.0,881.0
2019-10-30 11:00:00,NSE:TCI,283.9,283.9,280.0,281.8,2125.0
2019-10-30 13:00:00,NSE:TCI,280.25,286.0,280.2,286.0,4383.0
2019-10-30 15:00:00,NSE:TCI,285.25,310.0,285.25,297.25,37897.0
2019-10-31 09:00:00,NSE:TCI,305.0,305.0,281.8,291.0,39302.0
2019-10-31 11:00:00,NSE:TCI,290.05,299.85,286.45,296.2,28975.0
2019-10-31 13:00:00,NSE:TCI,293.35,295.95,288.35,289.0,6626.0
2019-10-31 15:00:00,NSE:TCI,289.0,291.0,286.7,289.65,50251.0
2019-11-01 09:00:00,NSE:TCI,294.0,294.0,290.35,292.5,2747.0
2019-11-01 11:00:00,NSE:TCI,292.0,292.0,286.1,288.0,1729.0
2019-11-01 13:00:00,NSE:TCI,288.0,288.0,286.0,286.15,1233.0
2019-11-01 15:00:00,NSE:TCI,287.3,288.3,284.1,285.85,1808.0
2019-11-04 09:00:00,NSE:TCI,289.8,290.95,286.65,289.5,3745.0
2019-11-04 11:00:00,NSE:TCI,289.45,289.5,287.0,288.05,1278.0
2019-11-04 13:00:00,NSE:TCI,287.85,288.75,287.0,287.15,1698.0
2019-11-04 15:00:00,NSE:TCI,287.2,287.6,285.5,287.1,2564.0
2019-11-05 09:00:00,NSE:TCI,289.85,289.85,285.25,285.95,1753.0
2019-11-05 11:00:00,NSE:TCI,285.95,286.95,282.9,284.0,4872.0
2019-11-05 13:00:00,NSE:TCI,284.2,285.5,283.05,285.1,907.0
2019-11-05 15:00:00,NSE:TCI,284.95,289.0,282.1,289.0,2693.0
2019-11-06 09:00:00,NSE:TCI,284.65,288.5,283.1,285.95,3091.0
2019-11-06 11:00:00,NSE:TCI,284.95,288.0,282.0,283.0,11349.0
2019-11-06 13:00:00,NSE:TCI,283.0,287.1,282.5,287.1,6399.0
2019-11-06 15:00:00,NSE:TCI,287.45,293.0,285.1,288.15,4462.0
2019-11-07 09:00:00,NSE:TCI,286.0,287.4,283.1,283.5,1232.0
2019-11-07 11:00:00,NSE:TCI,283.5,284.0,280.5,282.9,4600.0
2019-11-07 13:00:00,NSE:TCI,282.9,284.0,282.0,283.05,328.0
2019-11-07 15:00:00,NSE:TCI,283.05,283.1,280.5,281.95,1330.0
2019-11-08 09:00:00,NSE:TCI,280.55,283.95,280.55,280.85,908.0
2019-11-08 11:00:00,NSE:TCI,280.6,280.7,278.5,279.0,1842.0
2019-11-08 13:00:00,NSE:TCI,279.0,280.75,278.0,278.6,1827.0
2019-11-08 15:00:00,NSE:TCI,278.5,278.5,277.05,278.0,1262.0
2019-11-11 09:00:00,NSE:TCI,275.05,281.25,272.25,276.05,3837.0
2019-11-11 11:00:00,NSE:TCI,276.05,277.95,275.5,275.5,1596.0
2019-11-11 13:00:00,NSE:TCI,277.0,277.95,275.75,276.0,676.0
2019-11-11 15:00:00,NSE:TCI,277.05,277.1,275.0,275.05,2140.0
2019-11-13 09:00:00,NSE:TCI,278.45,278.45,272.2,275.05,14677.0
2019-11-13 11:00:00,NSE:TCI,275.0,276.0,274.1,274.25,888.0
2019-11-13 13:00:00,NSE:TCI,274.0,275.1,273.1,274.0,2220.0
2019-11-13 15:00:00,NSE:TCI,274.0,275.8,272.0,275.8,1764.0
2019-11-14 09:00:00,NSE:TCI,273.25,276.95,272.0,272.1,2738.0
2019-11-14 11:00:00,NSE:TCI,273.0,273.85,271.3,273.4,2342.0
2019-11-14 13:00:00,NSE:TCI,273.1,273.55,271.5,271.95,3503.0
2019-11-14 15:00:00,NSE:TCI,272.0,274.0,272.0,273.0,10453.0
2019-11-15 09:00:00,NSE:TCI,274.85,278.0,273.35,276.0,9597.0
2019-11-15 11:00:00,NSE:TCI,277.0,277.8,277.0,277.0,2031.0
2019-11-15 13:00:00,NSE:TCI,277.0,279.2,277.0,278.9,2698.0
2019-11-15 15:00:00,NSE:TCI,278.35,283.0,278.0,282.0,4614.0
2019-11-18 09:00:00,NSE:TCI,284.7,285.8,281.0,282.85,4919.0
2019-11-18 11:00:00,NSE:TCI,282.05,283.95,281.1,282.25,2145.0
2019-11-18 13:00:00,NSE:TCI,282.25,284.5,281.25,283.85,3381.0
2019-11-18 15:00:00,NSE:TCI,283.0,286.0,283.0,283.0,2209.0
2019-11-19 09:00:00,NSE:TCI,287.95,287.95,283.1,285.8,1502.0
2019-11-19 11:00:00,NSE:TCI,285.35,286.0,284.1,286.0,812.0
2019-11-19 13:00:00,NSE:TCI,285.0,286.0,282.0,283.45,4285.0
2019-11-19 15:00:00,NSE:TCI,284.7,284.75,282.0,283.4,810.0
2019-11-20 09:00:00,NSE:TCI,284.95,285.95,284.05,284.5,1687.0
2019-11-20 11:00:00,NSE:TCI,285.15,285.6,282.0,282.25,1917.0
2019-11-20 13:00:00,NSE:TCI,282.0,283.0,281.1,282.7,1104.0
2019-11-20 15:00:00,NSE:TCI,282.4,282.4,276.4,277.95,2207.0
2019-11-21 09:00:00,NSE:TCI,278.85,281.7,278.45,279.0,1594.0
2019-11-21 11:00:00,NSE:TCI,279.0,279.05,278.2,278.85,2115.0
2019-11-21 13:00:00,NSE:TCI,278.3,278.3,272.35,274.2,4313.0
2019-11-21 15:00:00,NSE:TCI,274.35,274.9,272.3,273.35,2471.0
2019-11-22 09:00:00,NSE:TCI,275.0,275.5,273.2,273.9,2104.0
2019-11-22 11:00:00,NSE:TCI,273.5,274.35,271.45,272.35,1560.0
2019-11-22 13:00:00,NSE:TCI,273.25,273.95,271.5,273.85,947.0
2019-11-22 15:00:00,NSE:TCI,274.55,274.55,272.1,273.0,1533.0
2019-11-25 09:00:00,NSE:TCI,272.1,276.95,272.1,276.0,1977.0
2019-11-25 11:00:00,NSE:TCI,275.75,277.85,275.5,277.85,635.0
2019-11-25 13:00:00,NSE:TCI,276.5,276.8,274.5,276.55,1010.0
2019-11-25 15:00:00,NSE:TCI,276.8,277.7,272.5,277.0,1403.0
2019-11-26 09:00:00,NSE:TCI,279.8,280.9,272.1,272.1,4246.0
2019-11-26 11:00:00,NSE:TCI,271.7,276.75,271.5,274.0,4687.0
2019-11-26 13:00:00,NSE:TCI,274.85,274.9,271.5,273.9,1592.0
2019-11-26 15:00:00,NSE:TCI,271.6,275.95,271.6,271.8,1729.0
2019-11-27 09:00:00,NSE:TCI,276.8,278.0,272.15,275.2,2587.0
2019-11-27 11:00:00,NSE:TCI,275.55,276.8,273.0,273.0,1221.0
2019-11-27 13:00:00,NSE:TCI,273.0,274.0,272.05,274.0,1633.0
2019-11-27 15:00:00,NSE:TCI,273.1,274.0,272.7,274.0,636.0
2019-11-28 09:00:00,NSE:TCI,272.65,275.55,271.8,274.9,5494.0
2019-11-28 11:00:00,NSE:TCI,275.4,278.0,272.65,276.35,3246.0
2019-11-28 13:00:00,NSE:TCI,276.5,277.7,274.05,274.45,639.0
2019-11-28 15:00:00,NSE:TCI,274.5,275.65,273.55,274.1,1243.0
2019-11-29 09:00:00,NSE:TCI,271.65,275.55,271.65,273.55,2221.0
2019-11-29 11:00:00,NSE:TCI,273.1,275.0,272.5,273.0,24409.0
2019-11-29 13:00:00,NSE:TCI,273.05,273.75,272.2,272.85,8607.0
2019-11-29 15:00:00,NSE:TCI,272.8,273.0,272.2,272.2,1102.0
2019-12-02 09:00:00,NSE:TCI,273.15,274.3,272.0,272.45,1918.0
2019-12-02 11:00:00,NSE:TCI,272.9,273.3,270.95,272.8,2248.0
2019-12-02 13:00:00,NSE:TCI,272.8,272.8,271.65,271.8,420.0
2019-12-02 15:00:00,NSE:TCI,271.65,271.65,270.5,271.0,1419.0
2019-12-03 09:00:00,NSE:TCI,270.8,272.9,270.8,272.2,1761.0
2019-12-03 11:00:00,NSE:TCI,272.25,272.9,270.05,270.9,695.0
2019-12-03 13:00:00,NSE:TCI,270.9,271.85,270.1,270.8,924.0
2019-12-03 15:00:00,NSE:TCI,270.15,271.8,270.15,270.9,1033.0
2019-12-04 09:00:00,NSE:TCI,272.45,273.95,270.65,272.8,5591.0
2019-12-04 11:00:00,NSE:TCI,272.95,273.0,271.15,272.9,1138.0
2019-12-04 13:00:00,NSE:TCI,272.05,273.5,271.1,272.6,2350.0
2019-12-04 15:00:00,NSE:TCI,273.1,273.1,272.55,272.55,1189.0
2019-12-05 09:00:00,NSE:TCI,271.5,273.4,270.9,273.15,4299.0
2019-12-05 11:00:00,NSE:TCI,273.15,273.2,272.55,273.2,2344.0
2019-12-05 13:00:00,NSE:TCI,273.0,274.7,273.0,273.35,1732.0
2019-12-05 15:00:00,NSE:TCI,273.6,276.0,273.6,275.1,4788.0
2019-12-06 09:00:00,NSE:TCI,276.0,282.0,274.0,274.05,3410.0
2019-12-06 11:00:00,NSE:TCI,274.0,274.45,273.05,274.45,2983.0
2019-12-06 13:00:00,NSE:TCI,274.05,274.95,273.4,274.0,613.0
2019-12-06 15:00:00,NSE:TCI,274.0,274.75,273.4,274.0,2628.0
2019-12-09 09:00:00,NSE:TCI,279.0,279.0,274.0,274.4,2207.0
2019-12-09 11:00:00,NSE:TCI,274.0,274.2,273.1,273.4,4630.0
2019-12-09 13:00:00,NSE:TCI,272.1,273.3,269.15,270.85,4115.0
2019-12-09 15:00:00,NSE:TCI,271.0,271.0,266.15,268.4,2958.0
2019-12-10 09:00:00,NSE:TCI,270.0,271.6,267.55,267.75,1945.0
2019-12-10 11:00:00,NSE:TCI,267.55,267.95,265.15,266.95,2912.0
2019-12-10 13:00:00,NSE:TCI,267.1,267.75,265.75,265.75,3469.0
2019-12-10 15:00:00,NSE:TCI,265.95,267.8,265.35,267.8,1049.0
2019-12-11 09:00:00,NSE:TCI,266.8,268.95,266.0,266.8,1328.0
2019-12-11 11:00:00,NSE:TCI,266.05,266.05,263.85,265.0,2865.0
2019-12-11 13:00:00,NSE:TCI,264.95,265.85,262.35,264.8,2000.0
2019-12-11 15:00:00,NSE:TCI,265.05,265.8,263.3,264.6,389.0
2019-12-12 09:00:00,NSE:TCI,268.8,268.8,263.3,266.0,1389.0
2019-12-12 11:00:00,NSE:TCI,266.5,266.6,264.9,265.1,948.0
2019-12-12 13:00:00,NSE:TCI,266.2,276.0,265.4,272.5,16029.0
2019-12-12 15:00:00,NSE:TCI,272.5,280.0,272.5,275.3,20181.0
2019-12-13 09:00:00,NSE:TCI,276.4,279.05,269.5,269.6,4047.0
2019-12-13 11:00:00,NSE:TCI,269.5,272.35,269.5,270.5,2937.0
2019-12-13 13:00:00,NSE:TCI,270.5,274.4,270.05,273.9,2182.0
2019-12-13 15:00:00,NSE:TCI,273.95,274.4,271.1,272.4,853.0
2019-12-16 09:00:00,NSE:TCI,274.0,274.0,269.0,269.4,2940.0
2019-12-16 11:00:00,NSE:TCI,269.25,271.95,269.25,271.35,302757.0
2019-12-16 13:00:00,NSE:TCI,270.8,271.85,268.6,269.35,4842.0
2019-12-16 15:00:00,NSE:TCI,269.3,270.5,268.3,269.25,1965.0
2019-12-17 09:00:00,NSE:TCI,269.55,271.75,269.5,269.5,2151.0
2019-12-17 11:00:00,NSE:TCI,270.0,275.65,269.0,274.85,8994.0
2019-12-17 13:00:00,NSE:TCI,274.9,280.0,273.0,276.6,9315.0
2019-12-17 15:00:00,NSE:TCI,275.6,280.0,275.0,277.7,4685.0
2019-12-18 09:00:00,NSE:TCI,277.75,277.75,273.0,275.0,1504.0
2019-12-18 11:00:00,NSE:TCI,276.4,277.0,274.25,276.45,903.0
2019-12-18 13:00:00,NSE:TCI,275.1,276.35,273.2,273.55,1664.0
2019-12-18 15:00:00,NSE:TCI,273.7,274.0,273.05,274.0,550.0
2019-12-19 09:00:00,NSE:TCI,275.05,275.45,273.65,274.45,707.0
2019-12-19 11:00:00,NSE:TCI,275.05,275.05,274.0,274.0,671.0
2019-12-19 13:00:00,NSE:TCI,274.65,274.95,273.25,274.95,532.0
2019-12-19 15:00:00,NSE:TCI,274.3,275.15,271.5,275.15,1106.0
2019-12-20 09:00:00,NSE:TCI,274.8,274.8,270.55,272.5,1107.0
2019-12-20 11:00:00,NSE:TCI,272.15,273.3,270.1,272.8,2713.0
2019-12-20 13:00:00,NSE:TCI,272.0,272.75,271.15,271.7,1402.0
2019-12-20 15:00:00,NSE:TCI,271.15,271.75,271.15,271.35,874.0
2019-12-23 09:00:00,NSE:TCI,274.0,274.0,269.9,272.0,1843.0
2019-12-23 11:00:00,NSE:TCI,272.0,272.0,269.3,270.0,2233.0
2019-12-23 13:00:00,NSE:TCI,269.3,271.45,269.3,269.9,1301.0
2019-12-23 15:00:00,NSE:TCI,269.9,270.75,269.3,269.4,1963.0
2019-12-24 09:00:00,NSE:TCI,269.3,269.95,267.0,267.9,4666.0
2019-12-24 11:00:00,NSE:TCI,268.6,269.0,267.0,268.9,12926.0
2019-12-24 13:00:00,NSE:TCI,268.9,269.0,266.6,267.0,3695.0
2019-12-24 15:00:00,NSE:TCI,267.0,267.75,266.7,266.7,3826.0
2019-12-26 09:00:00,NSE:TCI,269.9,273.0,266.95,269.0,15445.0
2019-12-26 11:00:00,NSE:TCI,268.5,269.0,266.0,266.0,2113.0
2019-12-26 13:00:00,NSE:TCI,266.95,267.5,265.05,266.9,6783.0
2019-12-26 15:00:00,NSE:TCI,266.8,266.8,265.0,265.0,1422.0
2019-12-27 09:00:00,NSE:TCI,262.05,265.0,260.25,262.9,7643.0
2019-12-27 11:00:00,NSE:TCI,262.9,263.0,261.05,262.9,5287.0
2019-12-27 13:00:00,NSE:TCI,262.9,263.0,261.5,262.2,1508.0
2019-12-27 15:00:00,NSE:TCI,262.2,276.55,262.2,271.4,27955.0
2019-12-30 09:00:00,NSE:TCI,271.8,273.7,269.9,271.4,33212.0
2019-12-30 11:00:00,NSE:TCI,271.6,272.8,267.6,268.5,6628.0
2019-12-30 13:00:00,NSE:TCI,268.25,269.95,268.15,269.45,1492.0
2019-12-30 15:00:00,NSE:TCI,268.95,269.2,266.05,267.55,4496.0
2019-12-31 09:00:00,NSE:TCI,268.85,268.9,266.0,266.0,2368.0
2019-12-31 11:00:00,NSE:TCI,266.7,267.95,265.8,267.7,1059.0
2019-12-31 13:00:00,NSE:TCI,267.7,267.7,264.0,265.1,15427.0
2019-12-31 15:00:00,NSE:TCI,265.55,265.55,265.05,265.15,497.0
2020-01-01 09:00:00,NSE:TCI,266.1,268.75,265.1,267.7,1421.0
2020-01-01 11:00:00,NSE:TCI,267.65,267.65,262.55,265.6,3196.0
2020-01-01 13:00:00,NSE:TCI,264.05,267.0,264.0,265.95,1489.0
2020-01-01 15:00:00,NSE:TCI,266.0,266.0,264.0,264.5,1223.0
2020-01-02 09:00:00,NSE:TCI,265.05,268.95,264.0,268.0,4986.0
2020-01-02 11:00:00,NSE:TCI,268.7,269.0,268.0,269.0,917.0
2020-01-02 13:00:00,NSE:TCI,269.0,273.3,267.55,271.9,9329.0
2020-01-02 15:00:00,NSE:TCI,271.95,272.9,270.0,270.8,8342.0
2020-01-03 09:00:00,NSE:TCI,270.8,271.85,269.95,271.45,1783.0
2020-01-03 11:00:00,NSE:TCI,271.05,272.0,269.9,270.0,4526.0
2020-01-03 13:00:00,NSE:TCI,270.0,271.15,270.0,270.9,1235.0
2020-01-03 15:00:00,NSE:TCI,270.95,271.1,270.0,270.0,2697.0
2020-01-06 09:00:00,NSE:TCI,264.0,270.0,264.0,266.95,3983.0
2020-01-06 11:00:00,NSE:TCI,266.45,267.0,263.95,265.25,5286.0
2020-01-06 13:00:00,NSE:TCI,265.2,269.0,265.2,266.3,2423.0
2020-01-06 15:00:00,NSE:TCI,266.3,268.0,265.85,266.0,964.0
2020-01-07 09:00:00,NSE:TCI,267.15,275.7,267.15,271.0,5610.0
2020-01-07 11:00:00,NSE:TCI,270.55,271.6,269.0,269.5,49525.0
2020-01-07 13:00:00,NSE:TCI,269.45,271.6,267.8,269.5,1860.0
2020-01-07 15:00:00,NSE:TCI,269.5,269.5,267.15,269.0,2219.0
2020-01-08 09:00:00,NSE:TCI,268.0,271.85,267.0,270.0,7541.0
2020-01-08 11:00:00,NSE:TCI,270.65,270.85,270.0,270.0,3746.0
2020-01-08 13:00:00,NSE:TCI,270.0,270.8,270.0,270.0,1700.0
2020-01-08 15:00:00,NSE:TCI,270.85,273.85,270.4,271.0,4723.0
2020-01-09 09:00:00,NSE:TCI,275.0,275.05,272.0,272.25,8189.0
2020-01-09 11:00:00,NSE:TCI,272.25,272.9,272.0,272.3,591.0
2020-01-09 13:00:00,NSE:TCI,272.6,272.95,271.1,272.0,1414.0
2020-01-09 15:00:00,NSE:TCI,272.0,272.5,270.1,271.65,772.0
2020-01-10 09:00:00,NSE:TCI,271.3,274.0,271.3,271.8,1444.0
2020-01-10 11:00:00,NSE:TCI,272.0,272.95,270.3,270.3,2061.0
2020-01-10 13:00:00,NSE:TCI,270.25,270.5,269.05,269.4,553.0
2020-01-10 15:00:00,NSE:TCI,270.4,270.5,269.55,269.55,332.0
2020-01-13 09:00:00,NSE:TCI,272.95,273.55,269.9,270.25,1860.0
2020-01-13 11:00:00,NSE:TCI,270.45,273.05,270.45,272.35,1649.0
2020-01-13 13:00:00,NSE:TCI,272.0,273.8,272.0,272.35,550.0
2020-01-13 15:00:00,NSE:TCI,272.8,273.3,271.2,272.25,1198.0
2020-01-14 09:00:00,NSE:TCI,273.1,273.6,268.5,270.5,4169.0
2020-01-14 11:00:00,NSE:TCI,270.5,270.5,269.0,270.0,5892.0
2020-01-14 13:00:00,NSE:TCI,270.45,270.7,268.85,270.0,5042.0
2020-01-14 15:00:00,NSE:TCI,269.3,270.0,268.8,270.0,1627.0
2020-01-15 09:00:00,NSE:TCI,271.95,271.95,268.5,270.0,1820.0
2020-01-15 11:00:00,NSE:TCI,270.0,270.0,269.05,269.9,898.0
2020-01-15 13:00:00,NSE:TCI,269.0,270.2,268.75,269.9,19678.0
2020-01-15 15:00:00,NSE:TCI,270.0,277.45,268.65,271.0,15424.0
2020-01-16 09:00:00,NSE:TCI,274.5,275.0,270.55,274.4,5389.0
2020-01-16 11:00:00,NSE:TCI,273.9,273.95,272.9,273.0,1267.0
2020-01-16 13:00:00,NSE:TCI,272.8,273.0,269.5,270.0,8078.0
2020-01-16 15:00:00,NSE:TCI,270.0,271.0,270.0,270.55,1439.0
2020-01-17 09:00:00,NSE:TCI,273.0,273.0,269.0,270.9,2752.0
2020-01-17 11:00:00,NSE:TCI,270.5,270.85,269.05,269.1,2479.0
2020-01-17 13:00:00,NSE:TCI,269.95,270.85,268.05,268.05,3582.0
2020-01-17 15:00:00,NSE:TCI,268.0,271.0,268.0,271.0,3779.0
2020-01-20 09:00:00,NSE:TCI,271.95,271.95,268.05,270.15,2653.0
2020-01-20 11:00:00,NSE:TCI,268.5,269.0,267.5,268.7,1788.0
2020-01-20 13:00:00,NSE:TCI,268.7,269.9,267.9,268.65,2565.0
2020-01-20 15:00:00,NSE:TCI,268.65,269.75,267.9,268.0,830.0
2020-01-21 09:00:00,NSE:TCI,267.0,268.8,265.1,267.35,1069.0
2020-01-21 11:00:00,NSE:TCI,267.7,268.0,266.1,267.65,2330.0
2020-01-21 13:00:00,NSE:TCI,267.65,271.2,266.0,267.7,5920.0
2020-01-21 15:00:00,NSE:TCI,266.05,267.0,266.0,266.0,3403.0
2020-01-22 09:00:00,NSE:TCI,266.05,268.0,266.05,267.3,531.0
2020-01-22 11:00:00,NSE:TCI,267.95,268.05,266.05,267.0,1244.0
2020-01-22 13:00:00,NSE:TCI,267.2,267.95,266.75,266.75,455.0
2020-01-22 15:00:00,NSE:TCI,267.15,267.45,265.1,267.0,2750.0
2020-01-23 09:00:00,NSE:TCI,268.9,271.8,266.95,267.0,4551.0
2020-01-23 11:00:00,NSE:TCI,267.0,268.0,266.2,266.8,1156.0
2020-01-23 13:00:00,NSE:TCI,267.6,269.7,266.8,268.55,1157.0
2020-01-23 15:00:00,NSE:TCI,269.2,270.3,267.35,268.9,5011.0
2020-01-24 09:00:00,NSE:TCI,271.6,271.6,268.2,269.25,1977.0
2020-01-24 11:00:00,NSE:TCI,269.25,270.0,268.15,268.15,3403.0
2020-01-24 13:00:00,NSE:TCI,268.15,269.4,268.0,269.0,1976.0
2020-01-24 15:00:00,NSE:TCI,269.05,290.45,269.0,279.7,24807.0
2020-01-27 09:00:00,NSE:TCI,279.7,280.55,276.45,278.7,7383.0
2020-01-27 11:00:00,NSE:TCI,278.25,278.95,277.0,278.0,1692.0
2020-01-27 13:00:00,NSE:TCI,278.5,280.3,278.5,278.65,2051.0
2020-01-27 15:00:00,NSE:TCI,279.7,282.95,277.0,279.15,8899.0
2020-01-28 09:00:00,NSE:TCI,282.2,286.1,279.9,281.6,12689.0
2020-01-28 11:00:00,NSE:TCI,282.0,282.3,280.05,280.9,2155.0
2020-01-28 13:00:00,NSE:TCI,280.05,282.0,280.05,280.6,2290.0
2020-01-28 15:00:00,NSE:TCI,280.6,284.0,280.05,281.45,3838.0
2020-01-29 09:00:00,NSE:TCI,281.8,283.4,278.65,281.65,2072.0
2020-01-29 11:00:00,NSE:TCI,282.2,283.0,278.7,279.85,5426.0
2020-01-29 13:00:00,NSE:TCI,279.05,282.0,276.05,280.0,4440.0
2020-01-29 15:00:00,NSE:TCI,281.0,282.0,276.85,280.0,1432.0
2020-01-30 09:00:00,NSE:TCI,286.0,288.4,283.0,284.45,54328.0
2020-01-30 11:00:00,NSE:TCI,283.6,284.0,280.2,281.2,16083.0
2020-01-30 13:00:00,NSE:TCI,281.0,281.6,278.15,278.55,13022.0
2020-01-30 15:00:00,NSE:TCI,278.75,278.75,268.05,271.65,23885.0
2020-01-31 09:00:00,NSE:TCI,272.55,272.6,270.0,272.0,3348.0
2020-01-31 11:00:00,NSE:TCI,271.95,271.95,269.45,269.45,2221.0
2020-01-31 13:00:00,NSE:TCI,269.45,269.95,267.3,267.3,1880.0
2020-01-31 15:00:00,NSE:TCI,267.35,268.0,266.0,266.9,2091.0
2020-02-01 09:00:00,NSE:TCI,265.05,272.8,262.9,272.4,5248.0
2020-02-01 11:00:00,NSE:TCI,273.5,278.5,269.25,269.5,15898.0
2020-02-01 13:00:00,NSE:TCI,269.55,270.0,266.1,267.0,4900.0
2020-02-01 15:00:00,NSE:TCI,268.4,269.6,266.15,269.6,3922.0
2020-02-03 09:00:00,NSE:TCI,269.0,269.0,262.7,266.95,3741.0
2020-02-03 11:00:00,NSE:TCI,267.0,267.0,265.1,266.5,1440.0
2020-02-03 13:00:00,NSE:TCI,266.5,269.6,266.5,267.35,4180.0
2020-02-03 15:00:00,NSE:TCI,267.2,268.55,265.25,266.15,2387.0
2020-02-04 09:00:00,NSE:TCI,265.25,272.55,265.25,272.5,5332.0
2020-02-04 11:00:00,NSE:TCI,272.0,272.5,270.05,270.05,3600.0
2020-02-04 13:00:00,NSE:TCI,271.65,271.65,268.05,268.15,2621.0
2020-02-04 15:00:00,NSE:TCI,268.35,268.95,267.0,267.6,2607.0
2020-02-05 09:00:00,NSE:TCI,267.1,270.9,267.0,267.95,8383.0
2020-02-05 11:00:00,NSE:TCI,267.95,267.95,265.0,265.9,5291.0
2020-02-05 13:00:00,NSE:TCI,266.0,267.65,265.2,266.7,3692.0
2020-02-05 15:00:00,NSE:TCI,266.65,266.65,265.3,266.0,2401.0
2020-02-06 09:00:00,NSE:TCI,269.8,269.8,265.1,267.1,2692.0
2020-02-06 11:00:00,NSE:TCI,267.1,269.05,267.0,268.8,832.0
2020-02-06 13:00:00,NSE:TCI,267.45,268.5,265.7,266.9,878.0
2020-02-06 15:00:00,NSE:TCI,266.05,268.0,266.05,266.1,757.0
2020-02-07 09:00:00,NSE:TCI,269.35,269.35,265.85,266.05,963.0
2020-02-07 11:00:00,NSE:TCI,267.0,267.25,265.75,266.15,964.0
2020-02-07 13:00:00,NSE:TCI,266.3,267.0,265.2,266.0,3079.0
2020-02-07 15:00:00,NSE:TCI,266.0,266.55,265.5,265.85,485.0
2020-02-10 09:00:00,NSE:TCI,268.4,268.4,263.0,264.35,4219.0
2020-02-10 11:00:00,NSE:TCI,264.0,266.15,262.0,263.15,6481.0
2020-02-10 13:00:00,NSE:TCI,262.6,264.95,261.6,263.1,4901.0
2020-02-10 15:00:00,NSE:TCI,263.05,263.75,261.7,262.65,3832.0
2020-02-11 09:00:00,NSE:TCI,262.65,265.0,262.0,262.2,3648.0
2020-02-11 11:00:00,NSE:TCI,263.05,263.05,261.0,261.3,3402.0
2020-02-11 13:00:00,NSE:TCI,261.0,262.0,260.45,261.2,2450.0
2020-02-11 15:00:00,NSE:TCI,260.6,261.75,260.5,261.1,1581.0
2020-02-12 09:00:00,NSE:TCI,261.15,262.35,260.55,260.95,1375.0
2020-02-12 11:00:00,NSE:TCI,260.95,261.0,260.5,260.9,1812.0
2020-02-12 13:00:00,NSE:TCI,261.0,262.35,260.8,260.8,2427.0
2020-02-12 15:00:00,NSE:TCI,260.8,261.0,259.5,260.25,2666.0
2020-02-13 09:00:00,NSE:TCI,261.0,261.0,256.3,256.3,3212.0
2020-02-13 11:00:00,NSE:TCI,256.3,257.85,254.5,257.2,4101.0
2020-02-13 13:00:00,NSE:TCI,257.2,260.85,257.1,259.8,9468.0
2020-02-13 15:00:00,NSE:TCI,259.5,260.65,259.1,259.65,2517.0
2020-02-14 09:00:00,NSE:TCI,260.0,264.8,258.45,260.0,6032.0
2020-02-14 11:00:00,NSE:TCI,259.95,261.85,259.25,259.75,1298.0
2020-02-14 13:00:00,NSE:TCI,260.0,261.0,259.45,260.0,1367.0
2020-02-14 15:00:00,NSE:TCI,259.95,261.0,259.0,259.65,5308.0
2020-02-17 09:00:00,NSE:TCI,257.0,260.95,255.85,260.0,3297.0
2020-02-17 11:00:00,NSE:TCI,259.5,261.6,259.5,261.0,2909.0
2020-02-17 13:00:00,NSE:TCI,261.0,261.95,259.5,260.0,4236.0
2020-02-17 15:00:00,NSE:TCI,260.6,261.45,259.55,260.25,4002.0
2020-02-18 09:00:00,NSE:TCI,260.3,261.3,257.15,260.0,3790.0
2020-02-18 11:00:00,NSE:TCI,260.2,260.6,259.0,260.3,5280.0
2020-02-18 13:00:00,NSE:TCI,260.2,260.55,259.55,260.45,1898.0
2020-02-18 15:00:00,NSE:TCI,260.45,260.5,259.5,260.05,3093.0
2020-02-19 09:00:00,NSE:TCI,259.35,261.95,258.1,260.1,3505.0
2020-02-19 11:00:00,NSE:TCI,260.7,261.1,259.4,261.0,1369.0
2020-02-19 13:00:00,NSE:TCI,260.2,261.0,260.0,260.0,1778.0
2020-02-19 15:00:00,NSE:TCI,260.0,260.7,259.35,259.85,4435.0
2020-02-20 09:00:00,NSE:TCI,259.85,261.5,259.15,261.4,1626.0
2020-02-20 11:00:00,NSE:TCI,260.3,262.0,260.3,261.15,1462.0
2020-02-20 13:00:00,NSE:TCI,261.0,267.55,259.2,262.8,4012.0
2020-02-20 15:00:00,NSE:TCI,261.25,262.65,260.0,261.45,2395.0
2020-02-24 09:00:00,NSE:TCI,261.0,261.0,253.0,260.25,10600.0
2020-02-24 11:00:00,NSE:TCI,260.2,261.0,259.45,260.0,4017.0
2020-02-24 13:00:00,NSE:TCI,260.0,261.0,259.55,259.9,503.0
2020-02-24 15:00:00,NSE:TCI,259.45,260.7,259.45,260.7,1114.0
2020-02-25 09:00:00,NSE:TCI,261.0,261.0,259.25,260.7,1899.0
2020-02-25 11:00:00,NSE:TCI,259.6,260.8,259.6,260.0,749.0
2020-02-25 13:00:00,NSE:TCI,260.0,260.0,255.25,255.25,5698.0
2020-02-25 15:00:00,NSE:TCI,256.5,256.8,255.0,255.4,981.0
2020-02-26 09:00:00,NSE:TCI,257.45,257.45,252.4,253.3,2290.0
2020-02-26 11:00:00,NSE:TCI,252.1,254.75,252.1,253.9,984.0
2020-02-26 13:00:00,NSE:TCI,253.95,255.0,253.1,253.1,1155.0
2020-02-26 15:00:00,NSE:TCI,253.1,254.6,252.0,252.75,1223.0
2020-02-27 09:00:00,NSE:TCI,252.0,254.6,246.45,248.8,3072.0
2020-02-27 11:00:00,NSE:TCI,248.8,249.15,244.6,246.95,3828.0
2020-02-27 13:00:00,NSE:TCI,245.1,255.0,245.1,251.1,3889.0
2020-02-27 15:00:00,NSE:TCI,251.5,251.5,247.9,251.0,1621.0
2020-02-28 09:00:00,NSE:TCI,245.0,250.3,240.85,242.65,2975.0
2020-02-28 11:00:00,NSE:TCI,242.65,246.7,237.55,238.0,4972.0
2020-02-28 13:00:00,NSE:TCI,237.65,238.3,232.2,233.05,11003.0
2020-02-28 15:00:00,NSE:TCI,232.5,236.95,230.0,233.05,6576.0
2020-03-02 09:00:00,NSE:TCI,235.1,244.8,219.95,228.4,28395.0
2020-03-02 11:00:00,NSE:TCI,228.4,228.4,223.3,225.0,7497.0
2020-03-02 13:00:00,NSE:TCI,224.95,226.15,222.0,222.35,5393.0
2020-03-02 15:00:00,NSE:TCI,222.35,222.35,217.55,219.85,4246.0
2020-03-03 09:00:00,NSE:TCI,217.05,239.0,217.05,229.0,77269.0
2020-03-03 11:00:00,NSE:TCI,228.5,231.35,227.55,230.6,29457.0
2020-03-03 13:00:00,NSE:TCI,230.5,233.85,229.45,231.5,3638.0
2020-03-03 15:00:00,NSE:TCI,231.95,231.95,229.3,230.0,2819.0
2020-03-04 09:00:00,NSE:TCI,228.0,232.4,226.0,227.6,1332.0
2020-03-04 11:00:00,NSE:TCI,226.4,227.95,226.15,226.15,1276.0
2020-03-04 13:00:00,NSE:TCI,226.15,228.4,224.0,224.9,1702.0
2020-03-04 15:00:00,NSE:TCI,224.85,224.85,223.0,223.0,2263.0
2020-03-05 09:00:00,NSE:TCI,225.05,229.75,225.05,226.75,1867.0
2020-03-05 11:00:00,NSE:TCI,227.0,227.4,224.95,225.35,938.0
2020-03-05 13:00:00,NSE:TCI,225.6,225.6,219.05,220.45,3472.0
2020-03-05 15:00:00,NSE:TCI,220.45,226.35,208.9,222.05,47327.0
2020-03-06 09:00:00,NSE:TCI,213.0,213.0,202.0,207.1,13906.0
2020-03-06 11:00:00,NSE:TCI,207.3,207.95,207.0,207.95,3692.0
2020-03-06 13:00:00,NSE:TCI,207.35,208.0,207.3,208.0,13400.0
2020-03-06 15:00:00,NSE:TCI,208.0,208.0,204.0,205.0,3779.0
2020-03-09 09:00:00,NSE:TCI,204.95,204.95,192.95,196.0,5283.0
2020-03-09 11:00:00,NSE:TCI,198.0,198.55,196.0,196.0,4020.0
2020-03-09 13:00:00,NSE:TCI,196.7,197.9,193.0,196.65,5647.0
2020-03-09 15:00:00,NSE:TCI,196.65,197.0,193.2,194.0,1374.0
2020-03-11 09:00:00,NSE:TCI,199.95,199.95,192.05,192.1,1389.0
2020-03-11 11:00:00,NSE:TCI,192.1,196.0,190.55,196.0,2263.0
2020-03-11 13:00:00,NSE:TCI,194.95,196.0,193.55,196.0,3577.0
2020-03-11 15:00:00,NSE:TCI,196.0,196.0,190.4,190.4,1017.0
2020-03-12 09:00:00,NSE:TCI,181.0,183.6,170.6,172.4,16267.0
2020-03-12 11:00:00,NSE:TCI,172.4,186.1,167.8,182.05,15879.0
2020-03-12 13:00:00,NSE:TCI,182.0,185.0,172.55,172.55,4892.0
2020-03-12 15:00:00,NSE:TCI,172.5,184.5,168.0,174.95,5535.0
2020-03-13 09:00:00,NSE:TCI,160.0,201.2,149.0,177.95,11397.0
2020-03-13 11:00:00,NSE:TCI,174.0,184.5,170.0,183.25,4288.0
2020-03-13 13:00:00,NSE:TCI,183.3,189.0,175.0,181.0,5711.0
2020-03-13 15:00:00,NSE:TCI,181.75,190.7,180.05,185.1,2285.0
2020-03-16 09:00:00,NSE:TCI,166.95,185.1,166.95,175.1,10122.0
2020-03-16 11:00:00,NSE:TCI,177.2,186.85,177.2,185.1,7291.0
2020-03-16 13:00:00,NSE:TCI,185.0,190.2,183.15,189.05,4147.0
2020-03-16 15:00:00,NSE:TCI,189.05,190.9,189.0,189.9,1262.0
2020-03-17 09:00:00,NSE:TCI,189.0,195.0,189.0,192.1,14045.0
2020-03-17 11:00:00,NSE:TCI,193.9,193.95,189.05,190.35,2487.0
2020-03-17 13:00:00,NSE:TCI,191.05,191.95,188.75,190.45,4322.0
2020-03-17 15:00:00,NSE:TCI,190.0,190.45,189.0,190.0,11957.0
2020-03-18 09:00:00,NSE:TCI,188.25,193.15,180.15,190.0,8576.0
2020-03-18 11:00:00,NSE:TCI,190.0,192.0,171.2,171.3,6647.0
2020-03-18 13:00:00,NSE:TCI,174.3,174.8,159.4,167.8,18257.0
2020-03-18 15:00:00,NSE:TCI,167.75,179.0,165.5,169.25,2280.0
2020-03-19 09:00:00,NSE:TCI,154.1,167.9,138.8,150.05,12593.0
2020-03-19 11:00:00,NSE:TCI,150.1,158.2,150.1,154.7,2869.0
2020-03-19 13:00:00,NSE:TCI,154.95,158.9,151.1,158.2,6000.0
2020-03-19 15:00:00,NSE:TCI,158.45,158.95,157.0,158.0,2768.0
2020-03-20 09:00:00,NSE:TCI,172.6,172.6,146.55,157.8,2879.0
2020-03-20 11:00:00,NSE:TCI,157.85,157.85,155.5,155.7,3309.0
2020-03-20 13:00:00,NSE:TCI,155.95,157.75,151.4,153.95,13665.0
2020-03-20 15:00:00,NSE:TCI,152.85,152.95,150.6,151.95,17595.0
2020-03-23 09:00:00,NSE:TCI,148.0,150.95,121.6,135.0,16398.0
2020-03-23 11:00:00,NSE:TCI,135.1,141.95,130.0,140.15,12228.0
2020-03-23 13:00:00,NSE:TCI,140.15,170.0,135.0,135.0,10124.0
2020-03-23 15:00:00,NSE:TCI,139.45,139.45,135.0,135.0,1857.0
2020-03-24 09:00:00,NSE:TCI,135.35,147.0,135.35,140.0,4927.0
2020-03-24 11:00:00,NSE:TCI,140.45,144.9,140.0,144.15,1820.0
2020-03-24 13:00:00,NSE:TCI,144.05,146.0,140.0,142.95,4591.0
2020-03-24 15:00:00,NSE:TCI,140.05,146.8,140.05,146.8,1717.0
2020-03-25 09:00:00,NSE:TCI,138.0,144.2,138.0,143.85,789.0
2020-03-25 11:00:00,NSE:TCI,143.9,147.0,142.05,147.0,2151.0
2020-03-25 13:00:00,NSE:TCI,147.0,150.2,146.0,147.0,5877.0
2020-03-25 15:00:00,NSE:TCI,146.1,146.1,140.0,143.75,11543.0
2020-03-26 09:00:00,NSE:TCI,148.95,163.15,142.0,163.0,8782.0
2020-03-26 11:00:00,NSE:TCI,162.9,168.7,153.3,161.0,10768.0
2020-03-26 13:00:00,NSE:TCI,161.0,161.45,154.3,155.1,1521.0
2020-03-26 15:00:00,NSE:TCI,155.55,157.85,155.1,157.85,2055.0
2020-03-27 09:00:00,NSE:TCI,168.7,169.0,153.2,161.05,10463.0
2020-03-27 11:00:00,NSE:TCI,170.0,188.0,160.7,177.1,15590.0
2020-03-27 13:00:00,NSE:TCI,177.1,188.0,170.0,176.9,32117.0
2020-03-27 15:00:00,NSE:TCI,177.25,188.0,177.25,188.0,12248.0
2020-03-30 09:00:00,NSE:TCI,184.45,184.45,161.65,174.75,10908.0
2020-03-30 11:00:00,NSE:TCI,174.75,176.0,170.3,174.55,2997.0
2020-03-30 13:00:00,NSE:TCI,172.5,175.0,170.0,170.0,5668.0
2020-03-30 15:00:00,NSE:TCI,170.0,171.7,163.0,165.0,6718.0
2020-03-31 09:00:00,NSE:TCI,171.0,194.7,171.0,181.05,80815.0
2020-03-31 11:00:00,NSE:TCI,181.1,181.1,168.75,174.0,25210.0
2020-03-31 13:00:00,NSE:TCI,174.45,184.9,172.3,183.55,75093.0
2020-03-31 15:00:00,NSE:TCI,183.8,191.0,182.5,188.05,50033.0
2020-04-01 09:00:00,NSE:TCI,192.5,192.5,178.0,181.25,15671.0
2020-04-01 11:00:00,NSE:TCI,181.85,181.9,178.25,179.55,8427.0
2020-04-01 13:00:00,NSE:TCI,179.5,180.1,178.45,179.45,6912.0
2020-04-01 15:00:00,NSE:TCI,179.0,179.5,173.9,177.65,6292.0
2020-04-03 09:00:00,NSE:TCI,180.0,183.0,166.05,169.0,11626.0
2020-04-03 11:00:00,NSE:TCI,172.0,173.0,168.15,172.45,2756.0
2020-04-03 13:00:00,NSE:TCI,172.4,175.0,168.0,169.5,6179.0
2020-04-03 15:00:00,NSE:TCI,170.0,171.0,168.0,169.6,4790.0
2020-04-07 09:00:00,NSE:TCI,180.0,180.0,170.05,173.0,9544.0
2020-04-07 11:00:00,NSE:TCI,172.4,174.8,172.05,172.5,2454.0
2020-04-07 13:00:00,NSE:TCI,172.5,174.0,171.6,172.5,6297.0
2020-04-07 15:00:00,NSE:TCI,172.1,173.35,170.0,172.0,3014.0
2020-04-08 09:00:00,NSE:TCI,175.1,179.0,173.0,177.0,13112.0
2020-04-08 11:00:00,NSE:TCI,176.45,177.35,173.5,175.5,4665.0
2020-04-08 13:00:00,NSE:TCI,174.6,175.0,171.9,172.85,3441.0
2020-04-08 15:00:00,NSE:TCI,172.6,175.5,171.9,172.05,6303.0
2020-04-09 09:00:00,NSE:TCI,174.0,176.7,173.2,174.0,5932.0
2020-04-09 11:00:00,NSE:TCI,174.0,174.75,173.1,174.35,3294.0
2020-04-09 13:00:00,NSE:TCI,174.4,174.4,170.05,171.55,6628.0
2020-04-09 15:00:00,NSE:TCI,171.45,173.2,170.6,172.85,7674.0
2020-04-13 09:00:00,NSE:TCI,172.8,178.4,170.05,172.75,8854.0
2020-04-13 11:00:00,NSE:TCI,173.45,174.0,172.3,172.8,3297.0
2020-04-13 13:00:00,NSE:TCI,173.0,177.95,171.3,172.25,17777.0
2020-04-13 15:00:00,NSE:TCI,173.8,175.9,172.1,172.5,9019.0
2020-04-15 09:00:00,NSE:TCI,175.0,195.0,174.95,189.9,495609.0
2020-04-15 11:00:00,NSE:TCI,189.0,191.95,189.0,190.0,36918.0
2020-04-15 13:00:00,NSE:TCI,189.95,192.7,172.5,175.95,102531.0
2020-04-15 15:00:00,NSE:TCI,175.1,176.05,170.55,173.55,31866.0
2020-04-16 09:00:00,NSE:TCI,176.0,185.0,176.0,180.5,45586.0
2020-04-16 11:00:00,NSE:TCI,181.4,191.0,180.65,187.5,95610.0
2020-04-16 13:00:00,NSE:TCI,187.45,187.8,185.0,185.55,13412.0
2020-04-16 15:00:00,NSE:TCI,185.7,188.0,183.0,186.7,18846.0
2020-04-17 09:00:00,NSE:TCI,191.0,192.0,185.95,186.5,21485.0
2020-04-17 11:00:00,NSE:TCI,186.5,187.25,186.0,186.75,5433.0
2020-04-17 13:00:00,NSE:TCI,186.25,189.95,186.1,187.95,12465.0
2020-04-17 15:00:00,NSE:TCI,188.5,194.0,184.75,189.5,26778.0
2020-04-20 09:00:00,NSE:TCI,190.25,193.0,185.1,188.65,17883.0
2020-04-20 11:00:00,NSE:TCI,188.7,191.6,184.9,184.9,13927.0
2020-04-20 13:00:00,NSE:TCI,184.9,185.75,182.05,184.45,10484.0
2020-04-20 15:00:00,NSE:TCI,184.0,188.8,182.0,185.8,6964.0
2020-04-21 09:00:00,NSE:TCI,185.0,185.0,179.55,181.75,9107.0
2020-04-21 11:00:00,NSE:TCI,181.75,193.7,181.05,182.75,52010.0
2020-04-21 13:00:00,NSE:TCI,183.0,183.4,178.55,178.55,24091.0
2020-04-21 15:00:00,NSE:TCI,178.9,179.85,175.3,177.65,10936.0
2020-04-22 09:00:00,NSE:TCI,179.0,181.0,173.1,175.95,11652.0
2020-04-22 11:00:00,NSE:TCI,176.45,176.6,174.45,174.9,10003.0
2020-04-22 13:00:00,NSE:TCI,174.85,175.0,173.25,174.6,10543.0
2020-04-22 15:00:00,NSE:TCI,174.4,174.95,173.0,173.85,10190.0
2020-04-23 09:00:00,NSE:TCI,176.9,179.85,175.05,178.0,9686.0
2020-04-23 11:00:00,NSE:TCI,178.0,178.0,174.45,174.95,13656.0
2020-04-23 13:00:00,NSE:TCI,174.95,174.95,171.15,171.5,10622.0
2020-04-23 15:00:00,NSE:TCI,171.6,172.5,167.2,169.5,21411.0
2020-04-24 09:00:00,NSE:TCI,169.4,169.4,166.0,167.0,17163.0
2020-04-24 11:00:00,NSE:TCI,167.2,167.4,162.85,165.45,13867.0
2020-04-24 13:00:00,NSE:TCI,165.05,167.9,164.0,167.9,14063.0
2020-04-24 15:00:00,NSE:TCI,167.3,171.95,164.65,168.25,12910.0
2020-04-27 09:00:00,NSE:TCI,168.3,169.5,165.0,166.5,14161.0
2020-04-27 11:00:00,NSE:TCI,166.95,167.2,165.7,165.7,11802.0
2020-04-27 13:00:00,NSE:TCI,165.5,166.5,164.6,165.05,14834.0
2020-04-27 15:00:00,NSE:TCI,165.05,165.05,163.6,164.25,6835.0
2020-04-28 09:00:00,NSE:TCI,164.25,166.0,160.6,162.7,13710.0
2020-04-28 11:00:00,NSE:TCI,162.75,163.5,161.15,162.7,4619.0
2020-04-28 13:00:00,NSE:TCI,162.65,165.9,162.0,165.15,8183.0
2020-04-28 15:00:00,NSE:TCI,165.45,165.5,162.55,162.85,5359.0
2020-04-29 09:00:00,NSE:TCI,167.0,172.15,165.1,171.05,23766.0
2020-04-29 11:00:00,NSE:TCI,171.0,173.75,170.75,173.7,15535.0
2020-04-29 13:00:00,NSE:TCI,173.8,178.4,171.25,174.9,75403.0
2020-04-29 15:00:00,NSE:TCI,174.45,174.85,172.05,173.1,9024.0
2020-04-30 09:00:00,NSE:TCI,176.65,178.0,174.0,176.8,18235.0
2020-04-30 11:00:00,NSE:TCI,176.8,177.5,171.65,171.65,11206.0
2020-04-30 13:00:00,NSE:TCI,171.9,172.0,166.65,168.75,18316.0
2020-04-30 15:00:00,NSE:TCI,168.75,175.0,168.25,171.15,13838.0
2020-05-04 09:00:00,NSE:TCI,167.05,169.0,160.1,163.45,23575.0
2020-05-04 11:00:00,NSE:TCI,163.45,168.9,162.3,164.05,7523.0
2020-05-04 13:00:00,NSE:TCI,164.5,165.75,162.6,163.7,6043.0
2020-05-04 15:00:00,NSE:TCI,163.05,163.95,161.8,162.6,5805.0
2020-05-05 09:00:00,NSE:TCI,165.0,167.05,162.4,163.8,6493.0
2020-05-05 11:00:00,NSE:TCI,164.0,166.25,163.0,165.45,3409.0
2020-05-05 13:00:00,NSE:TCI,165.2,165.2,162.05,162.1,4098.0
2020-05-05 15:00:00,NSE:TCI,162.6,165.0,160.15,162.3,5672.0
2020-05-06 09:00:00,NSE:TCI,161.05,166.7,160.25,162.45,5645.0
2020-05-06 11:00:00,NSE:TCI,162.55,163.0,161.45,162.2,2904.0
2020-05-06 13:00:00,NSE:TCI,162.2,163.7,162.0,162.65,4343.0
2020-05-06 15:00:00,NSE:TCI,162.65,162.95,162.2,162.4,2623.0
2020-05-07 09:00:00,NSE:TCI,163.0,165.2,163.0,163.95,7076.0
2020-05-07 11:00:00,NSE:TCI,164.7,164.9,163.55,164.55,3681.0
2020-05-07 13:00:00,NSE:TCI,164.8,164.8,163.1,163.2,1755.0
2020-05-07 15:00:00,NSE:TCI,163.3,163.95,162.6,163.1,4084.0
2020-05-08 09:00:00,NSE:TCI,165.0,165.0,160.2,161.85,11538.0
2020-05-08 11:00:00,NSE:TCI,161.85,161.85,160.0,160.7,4135.0
2020-05-08 13:00:00,NSE:TCI,160.25,160.6,160.0,160.45,3521.0
2020-05-08 15:00:00,NSE:TCI,160.35,160.35,157.9,159.15,5909.0
2020-05-11 09:00:00,NSE:TCI,160.0,161.95,159.0,159.65,8081.0
2020-05-11 11:00:00,NSE:TCI,159.95,161.0,158.3,159.5,4479.0
2020-05-11 13:00:00,NSE:TCI,159.5,160.0,158.1,159.75,4986.0
2020-05-11 15:00:00,NSE:TCI,159.75,159.75,159.05,159.55,3191.0
2020-05-12 09:00:00,NSE:TCI,160.95,160.95,154.05,155.45,8834.0
2020-05-12 11:00:00,NSE:TCI,155.45,155.55,154.5,155.25,2540.0
2020-05-12 13:00:00,NSE:TCI,155.25,155.6,154.25,155.0,11306.0
2020-05-12 15:00:00,NSE:TCI,154.95,155.2,153.0,154.95,8990.0
2020-05-13 09:00:00,NSE:TCI,164.0,164.0,157.3,159.9,17571.0
2020-05-13 11:00:00,NSE:TCI,159.5,160.0,159.05,160.0,3540.0
2020-05-13 13:00:00,NSE:TCI,160.0,160.0,158.5,158.85,6164.0
2020-05-13 15:00:00,NSE:TCI,159.0,160.0,158.65,159.35,6275.0
2020-05-14 09:00:00,NSE:TCI,159.35,159.35,156.55,157.05,6714.0
2020-05-14 11:00:00,NSE:TCI,157.45,159.0,157.1,158.45,1674.0
2020-05-14 13:00:00,NSE:TCI,158.3,158.95,155.0,156.55,5853.0
2020-05-14 15:00:00,NSE:TCI,156.2,157.15,154.15,155.75,3390.0
2020-05-15 09:00:00,NSE:TCI,153.0,156.8,152.5,152.8,7169.0
2020-05-15 11:00:00,NSE:TCI,152.95,153.0,152.5,152.5,5446.0
2020-05-15 13:00:00,NSE:TCI,152.75,152.8,152.25,152.75,4336.0
2020-05-15 15:00:00,NSE:TCI,152.75,154.5,152.0,152.7,4389.0
2020-05-18 09:00:00,NSE:TCI,154.8,155.0,150.0,150.5,5704.0
2020-05-18 11:00:00,NSE:TCI,150.5,153.15,150.05,152.1,16103.0
2020-05-18 13:00:00,NSE:TCI,152.1,154.0,151.9,152.65,5353.0
2020-05-18 15:00:00,NSE:TCI,152.65,152.9,151.6,152.2,2577.0
2020-05-19 09:00:00,NSE:TCI,153.7,154.95,151.55,152.05,4210.0
2020-05-19 11:00:00,NSE:TCI,152.1,153.3,152.0,152.75,2277.0
2020-05-19 13:00:00,NSE:TCI,152.55,152.6,150.0,150.9,3202.0
2020-05-19 15:00:00,NSE:TCI,150.95,152.0,150.7,152.0,2168.0
2020-05-20 09:00:00,NSE:TCI,153.95,153.95,152.05,152.6,2761.0
2020-05-20 11:00:00,NSE:TCI,152.6,152.6,152.15,152.25,1729.0
2020-05-20 13:00:00,NSE:TCI,152.45,152.95,152.15,152.5,3016.0
2020-05-20 15:00:00,NSE:TCI,152.5,153.5,152.4,153.45,935.0
2020-05-21 09:00:00,NSE:TCI,152.9,153.2,151.05,152.95,2573.0
2020-05-21 11:00:00,NSE:TCI,152.0,154.0,152.0,153.7,2292.0
2020-05-21 13:00:00,NSE:TCI,153.65,153.95,150.7,150.7,6867.0
2020-05-21 15:00:00,NSE:TCI,150.7,152.3,150.7,151.4,1647.0
2020-05-22 09:00:00,NSE:TCI,150.6,152.5,145.55,148.5,4689.0
2020-05-22 11:00:00,NSE:TCI,148.5,149.95,146.0,149.2,2552.0
2020-05-22 13:00:00,NSE:TCI,149.7,149.8,147.0,149.3,3995.0
2020-05-22 15:00:00,NSE:TCI,149.35,150.1,146.0,148.45,3567.0
2020-05-26 09:00:00,NSE:TCI,150.5,151.0,149.0,149.5,7053.0
2020-05-26 11:00:00,NSE:TCI,149.0,150.2,148.45,149.7,3464.0
2020-05-26 13:00:00,NSE:TCI,149.05,150.0,148.9,150.0,2002.0
2020-05-26 15:00:00,NSE:TCI,148.45,149.9,147.1,149.5,3074.0
2020-05-27 09:00:00,NSE:TCI,149.0,149.0,147.15,147.9,1411.0
2020-05-27 11:00:00,NSE:TCI,147.9,148.35,147.1,148.0,2072.0
2020-05-27 13:00:00,NSE:TCI,147.85,149.75,147.85,149.2,2977.0
2020-05-27 15:00:00,NSE:TCI,149.05,149.5,147.85,148.0,2228.0
2020-05-28 09:00:00,NSE:TCI,150.5,151.0,145.85,149.6,6206.0
2020-05-28 11:00:00,NSE:TCI,151.15,155.0,150.45,152.1,18773.0
2020-05-28 13:00:00,NSE:TCI,153.05,154.0,151.0,151.15,3975.0
2020-05-28 15:00:00,NSE:TCI,152.3,153.5,151.65,152.5,4515.0
2020-05-29 09:00:00,NSE:TCI,153.0,153.0,149.85,151.75,5386.0
2020-05-29 11:00:00,NSE:TCI,151.8,153.1,151.7,152.5,4810.0
2020-05-29 13:00:00,NSE:TCI,152.45,154.05,152.45,152.5,8448.0
2020-05-29 15:00:00,NSE:TCI,152.5,154.5,152.5,153.0,7084.0
2020-06-01 09:00:00,NSE:TCI,155.0,160.0,154.8,159.75,20209.0
2020-06-01 11:00:00,NSE:TCI,160.95,162.65,159.95,161.3,14002.0
2020-06-01 13:00:00,NSE:TCI,161.7,162.25,160.0,160.9,17955.0
2020-06-01 15:00:00,NSE:TCI,160.9,161.05,157.6,159.4,12178.0
2020-06-02 09:00:00,NSE:TCI,161.0,164.05,160.05,162.3,25670.0
2020-06-02 11:00:00,NSE:TCI,162.35,164.9,162.0,163.3,12411.0
2020-06-02 13:00:00,NSE:TCI,163.6,164.8,163.35,164.0,12267.0
2020-06-02 15:00:00,NSE:TCI,164.0,165.0,162.0,164.4,12013.0
2020-06-03 09:00:00,NSE:TCI,163.5,169.9,162.3,164.0,41829.0
2020-06-03 11:00:00,NSE:TCI,163.5,165.95,163.5,164.75,14754.0
2020-06-03 13:00:00,NSE:TCI,165.0,166.0,163.55,165.6,23802.0
2020-06-03 15:00:00,NSE:TCI,165.6,167.0,163.55,164.95,8783.0
2020-06-04 09:00:00,NSE:TCI,163.8,167.95,162.0,162.85,22918.0
2020-06-04 11:00:00,NSE:TCI,162.85,163.7,161.0,162.5,4640.0
2020-06-04 13:00:00,NSE:TCI,161.85,162.55,160.0,161.0,8442.0
2020-06-04 15:00:00,NSE:TCI,161.45,162.0,158.95,160.5,7003.0
2020-06-05 09:00:00,NSE:TCI,161.5,164.85,160.5,162.35,29761.0
2020-06-05 11:00:00,NSE:TCI,162.2,169.5,162.0,169.0,68944.0
2020-06-05 13:00:00,NSE:TCI,169.0,178.3,168.7,178.0,128334.0
2020-06-05 15:00:00,NSE:TCI,178.05,184.4,177.85,179.9,65371.0
2020-06-08 09:00:00,NSE:TCI,185.0,187.95,181.05,185.75,68414.0
2020-06-08 11:00:00,NSE:TCI,185.75,185.95,184.0,185.85,17274.0
2020-06-08 13:00:00,NSE:TCI,185.8,187.75,181.0,184.35,38256.0
2020-06-08 15:00:00,NSE:TCI,183.15,183.15,179.9,181.1,15304.0
2020-06-09 09:00:00,NSE:TCI,181.1,183.35,174.8,177.05,22554.0
2020-06-09 11:00:00,NSE:TCI,178.0,180.0,175.2,176.8,15196.0
2020-06-09 13:00:00,NSE:TCI,176.0,176.9,173.1,173.15,13017.0
2020-06-09 15:00:00,NSE:TCI,173.15,174.4,172.9,173.0,4634.0
2020-06-10 09:00:00,NSE:TCI,175.9,175.9,170.0,173.0,12726.0
2020-06-10 11:00:00,NSE:TCI,173.0,177.7,172.5,176.0,10812.0
2020-06-10 13:00:00,NSE:TCI,176.0,176.4,173.5,174.9,6867.0
2020-06-10 15:00:00,NSE:TCI,174.5,175.65,170.0,173.3,17809.0
2020-06-11 09:00:00,NSE:TCI,173.0,173.0,171.0,171.2,10278.0
2020-06-11 11:00:00,NSE:TCI,171.5,171.95,169.1,169.9,12995.0
2020-06-11 13:00:00,NSE:TCI,168.55,171.0,168.2,169.75,7961.0
2020-06-11 15:00:00,NSE:TCI,169.2,169.35,166.2,167.65,6903.0
2020-06-12 09:00:00,NSE:TCI,160.0,165.0,160.0,163.8,10397.0
2020-06-12 11:00:00,NSE:TCI,163.8,164.7,162.6,164.4,3910.0
2020-06-12 13:00:00,NSE:TCI,163.5,167.85,163.5,166.8,8324.0
2020-06-12 15:00:00,NSE:TCI,166.55,168.5,166.0,167.3,4222.0
2020-06-15 09:00:00,NSE:TCI,169.0,169.0,165.0,166.45,5580.0
2020-06-15 11:00:00,NSE:TCI,166.45,166.6,164.05,164.9,4013.0
2020-06-15 13:00:00,NSE:TCI,164.9,166.4,164.0,165.7,3400.0
2020-06-15 15:00:00,NSE:TCI,165.15,165.15,160.3,163.25,7917.0
2020-06-16 09:00:00,NSE:TCI,164.7,168.2,164.7,167.45,13150.0
2020-06-16 11:00:00,NSE:TCI,167.0,167.4,163.5,164.0,6420.0
2020-06-16 13:00:00,NSE:TCI,164.0,164.0,160.5,162.65,6432.0
2020-06-16 15:00:00,NSE:TCI,161.65,162.9,159.9,160.8,6507.0
2020-06-17 09:00:00,NSE:TCI,162.75,166.0,153.35,159.9,19932.0
2020-06-17 11:00:00,NSE:TCI,160.3,163.5,159.05,162.6,6727.0
2020-06-17 13:00:00,NSE:TCI,163.0,165.7,161.5,162.55,13003.0
2020-06-17 15:00:00,NSE:TCI,162.1,164.8,162.05,163.3,3938.0
2020-06-18 09:00:00,NSE:TCI,165.45,166.0,161.0,164.1,6670.0
2020-06-18 11:00:00,NSE:TCI,164.95,169.15,163.05,167.4,11254.0
2020-06-18 13:00:00,NSE:TCI,167.0,168.15,166.05,166.15,4243.0
2020-06-18 15:00:00,NSE:TCI,166.7,167.75,166.25,166.75,1943.0
2020-06-19 09:00:00,NSE:TCI,165.25,171.65,165.25,169.0,12889.0
2020-06-19 11:00:00,NSE:TCI,169.05,173.0,169.0,172.55,13263.0
2020-06-19 13:00:00,NSE:TCI,172.2,172.2,169.25,169.6,9528.0
2020-06-19 15:00:00,NSE:TCI,169.65,171.3,169.0,169.9,3940.0
2020-06-22 09:00:00,NSE:TCI,169.9,174.4,166.35,168.35,13722.0
2020-06-22 11:00:00,NSE:TCI,168.4,169.1,164.05,167.6,17014.0
2020-06-22 13:00:00,NSE:TCI,167.75,172.0,167.1,168.45,12739.0
2020-06-22 15:00:00,NSE:TCI,168.4,169.25,167.0,168.05,3750.0
2020-06-23 09:00:00,NSE:TCI,170.0,176.8,168.55,172.65,35146.0
2020-06-23 11:00:00,NSE:TCI,172.85,173.4,172.1,172.35,5817.0
2020-06-23 13:00:00,NSE:TCI,172.5,173.4,171.15,172.15,10659.0
2020-06-23 15:00:00,NSE:TCI,171.1,172.1,171.0,171.8,4967.0
2020-06-24 09:00:00,NSE:TCI,173.45,174.85,172.15,172.6,16104.0
2020-06-24 11:00:00,NSE:TCI,172.5,172.95,171.8,172.55,5401.0
2020-06-24 13:00:00,NSE:TCI,172.0,174.6,170.15,172.2,25508.0
2020-06-24 15:00:00,NSE:TCI,172.0,172.0,169.65,170.85,8185.0
2020-06-25 09:00:00,NSE:TCI,173.7,173.7,168.0,171.6,7090.0
2020-06-25 11:00:00,NSE:TCI,171.6,171.6,168.5,168.5,3680.0
2020-06-25 13:00:00,NSE:TCI,168.95,170.45,168.0,168.6,5944.0
2020-06-25 15:00:00,NSE:TCI,168.6,169.15,168.5,168.95,2813.0
2020-06-26 09:00:00,NSE:TCI,172.0,172.5,170.1,171.5,9446.0
2020-06-26 11:00:00,NSE:TCI,170.6,171.25,169.8,170.5,2138.0
2020-06-26 13:00:00,NSE:TCI,170.9,171.0,169.0,169.55,4031.0
2020-06-26 15:00:00,NSE:TCI,169.5,170.0,169.1,169.6,3934.0
2020-06-29 09:00:00,NSE:TCI,171.45,175.0,170.05,171.5,26919.0
2020-06-29 11:00:00,NSE:TCI,171.95,172.0,170.1,171.0,7202.0
2020-06-29 13:00:00,NSE:TCI,170.95,171.0,169.05,169.75,10052.0
2020-06-29 15:00:00,NSE:TCI,169.75,170.9,169.0,169.5,3922.0
2020-06-30 09:00:00,NSE:TCI,172.0,172.0,170.0,170.8,4971.0
2020-06-30 11:00:00,NSE:TCI,170.75,171.0,169.5,170.0,3232.0
2020-06-30 13:00:00,NSE:TCI,170.0,170.85,168.05,168.05,2794.0
2020-06-30 15:00:00,NSE:TCI,167.55,170.0,167.55,168.75,1705.0
2020-07-01 09:00:00,NSE:TCI,168.8,171.8,164.05,167.75,6074.0
2020-07-01 11:00:00,NSE:TCI,167.8,167.95,167.05,167.95,1299.0
2020-07-01 13:00:00,NSE:TCI,168.0,170.0,167.6,169.0,3699.0
2020-07-01 15:00:00,NSE:TCI,168.7,169.6,167.0,168.95,3263.0
2020-07-02 09:00:00,NSE:TCI,169.1,173.2,169.1,171.0,10982.0
2020-07-02 11:00:00,NSE:TCI,171.15,171.35,169.0,170.0,4485.0
2020-07-02 13:00:00,NSE:TCI,170.0,170.3,169.0,169.9,5776.0
2020-07-02 15:00:00,NSE:TCI,169.75,169.75,168.8,169.3,1675.0
2020-07-03 09:00:00,NSE:TCI,172.0,172.0,169.3,169.65,3553.0
2020-07-03 11:00:00,NSE:TCI,169.3,171.25,169.0,170.0,7739.0
2020-07-03 13:00:00,NSE:TCI,169.95,170.15,167.5,169.55,6321.0
2020-07-03 15:00:00,NSE:TCI,169.55,170.7,168.25,168.9,4158.0
2020-07-06 09:00:00,NSE:TCI,169.75,172.0,169.55,170.95,10664.0
2020-07-06 11:00:00,NSE:TCI,170.9,173.95,169.85,173.5,35359.0
2020-07-06 13:00:00,NSE:TCI,173.5,173.8,172.5,173.8,12805.0
2020-07-06 15:00:00,NSE:TCI,173.8,175.5,173.55,174.3,18658.0
2020-07-07 09:00:00,NSE:TCI,175.55,182.0,173.05,176.95,54126.0
2020-07-07 11:00:00,NSE:TCI,176.3,177.95,174.0,177.05,17510.0
2020-07-07 13:00:00,NSE:TCI,177.45,178.0,177.1,177.65,9335.0
2020-07-07 15:00:00,NSE:TCI,177.65,179.0,175.25,176.0,9491.0
2020-07-08 09:00:00,NSE:TCI,176.0,179.0,175.8,178.45,14701.0
2020-07-08 11:00:00,NSE:TCI,177.35,178.7,175.5,176.75,11894.0
2020-07-08 13:00:00,NSE:TCI,176.75,176.75,170.35,172.0,14273.0
2020-07-08 15:00:00,NSE:TCI,172.0,172.4,170.5,171.05,9103.0
2020-07-09 09:00:00,NSE:TCI,171.55,176.9,171.55,175.1,14093.0
2020-07-09 11:00:00,NSE:TCI,174.75,175.7,171.85,174.45,12585.0
2020-07-09 13:00:00,NSE:TCI,174.05,174.4,172.0,172.8,6218.0
2020-07-09 15:00:00,NSE:TCI,173.0,178.95,172.95,175.4,16869.0
2020-07-10 09:00:00,NSE:TCI,175.8,175.8,172.2,173.8,6841.0
2020-07-10 11:00:00,NSE:TCI,173.75,174.8,172.0,172.8,4258.0
2020-07-10 13:00:00,NSE:TCI,172.9,172.95,171.05,172.85,3205.0
2020-07-10 15:00:00,NSE:TCI,172.65,172.9,171.0,171.5,1991.0
2020-07-13 09:00:00,NSE:TCI,178.25,178.45,171.5,172.6,5774.0
2020-07-13 11:00:00,NSE:TCI,172.3,172.85,170.55,170.85,12664.0
2020-07-13 13:00:00,NSE:TCI,170.75,172.9,169.0,170.0,8150.0
2020-07-13 15:00:00,NSE:TCI,169.7,170.0,167.25,168.4,10182.0
2020-07-14 09:00:00,NSE:TCI,166.35,170.45,165.5,166.85,6274.0
2020-07-14 11:00:00,NSE:TCI,167.35,167.4,165.0,165.75,7999.0
2020-07-14 13:00:00,NSE:TCI,165.4,167.35,164.4,167.3,12991.0
2020-07-14 15:00:00,NSE:TCI,167.3,171.65,167.15,169.9,8326.0
2020-07-15 09:00:00,NSE:TCI,170.5,174.45,165.6,169.7,13482.0
2020-07-15 11:00:00,NSE:TCI,170.15,171.5,169.0,169.4,5111.0
2020-07-15 13:00:00,NSE:TCI,169.45,169.65,166.15,168.0,7833.0
2020-07-15 15:00:00,NSE:TCI,167.9,167.9,162.25,165.45,8462.0
2020-07-16 09:00:00,NSE:TCI,169.15,169.15,165.95,167.0,3706.0
2020-07-16 11:00:00,NSE:TCI,166.6,167.0,166.55,166.6,591.0
2020-07-16 13:00:00,NSE:TCI,166.55,166.55,165.5,166.1,2101.0
2020-07-16 15:00:00,NSE:TCI,166.6,166.95,165.6,166.4,956.0
2020-07-17 09:00:00,NSE:TCI,167.9,169.2,166.55,168.15,6542.0
2020-07-17 11:00:00,NSE:TCI,167.05,168.05,166.55,167.6,2059.0
2020-07-17 13:00:00,NSE:TCI,167.6,168.2,164.9,165.6,9933.0
2020-07-17 15:00:00,NSE:TCI,165.55,168.25,165.3,166.9,5443.0
2020-07-20 09:00:00,NSE:TCI,166.55,168.95,166.45,168.5,9808.0
2020-07-20 11:00:00,NSE:TCI,168.1,170.5,167.3,170.05,6977.0
2020-07-20 13:00:00,NSE:TCI,170.45,172.15,170.0,170.05,7373.0
2020-07-20 15:00:00,NSE:TCI,170.75,172.2,170.1,171.1,6415.0
2020-07-21 09:00:00,NSE:TCI,170.2,173.5,169.05,171.35,9209.0
2020-07-21 11:00:00,NSE:TCI,171.0,171.45,170.0,171.2,7558.0
2020-07-21 13:00:00,NSE:TCI,171.2,171.4,167.5,171.0,13197.0
2020-07-21 15:00:00,NSE:TCI,170.2,173.8,169.1,171.6,5360.0
2020-07-22 09:00:00,NSE:TCI,172.9,173.45,171.5,172.15,6888.0
2020-07-22 11:00:00,NSE:TCI,172.15,172.5,172.0,172.0,2033.0
2020-07-22 13:00:00,NSE:TCI,172.0,172.05,171.0,171.7,5209.0
2020-07-22 15:00:00,NSE:TCI,171.65,172.05,171.05,171.75,906.0
2020-07-23 09:00:00,NSE:TCI,171.05,171.1,168.1,169.3,6590.0
2020-07-23 11:00:00,NSE:TCI,169.75,170.6,168.7,170.0,3873.0
2020-07-23 13:00:00,NSE:TCI,170.0,170.0,166.65,168.75,12785.0
2020-07-23 15:00:00,NSE:TCI,168.75,173.2,168.3,170.05,14256.0
2020-07-24 09:00:00,NSE:TCI,170.85,172.15,167.1,172.0,7571.0
2020-07-24 11:00:00,NSE:TCI,172.0,173.7,171.1,172.05,9106.0
2020-07-24 13:00:00,NSE:TCI,172.0,176.65,172.0,175.05,42519.0
2020-07-24 15:00:00,NSE:TCI,175.05,176.9,175.0,175.75,11992.0
2020-07-27 09:00:00,NSE:TCI,175.0,179.95,170.3,175.25,30951.0
2020-07-27 11:00:00,NSE:TCI,175.15,176.9,174.05,176.15,16266.0
2020-07-27 13:00:00,NSE:TCI,176.15,176.95,176.0,176.05,11903.0
2020-07-27 15:00:00,NSE:TCI,176.0,177.75,175.0,175.25,13484.0
2020-07-28 09:00:00,NSE:TCI,175.25,176.6,173.3,174.9,3623.0
2020-07-28 11:00:00,NSE:TCI,174.6,174.95,173.35,173.55,2252.0
2020-07-28 13:00:00,NSE:TCI,174.95,174.95,172.55,173.0,2432.0
2020-07-28 15:00:00,NSE:TCI,173.0,173.0,171.6,172.3,2444.0
2020-07-29 09:00:00,NSE:TCI,175.65,175.65,171.0,171.8,6119.0
2020-07-29 11:00:00,NSE:TCI,171.8,172.2,170.7,171.1,2108.0
2020-07-29 13:00:00,NSE:TCI,171.1,172.0,170.5,171.3,3641.0
2020-07-29 15:00:00,NSE:TCI,171.7,172.0,171.2,171.35,1752.0
2020-07-30 09:00:00,NSE:TCI,172.0,173.2,170.0,171.35,5621.0
2020-07-30 11:00:00,NSE:TCI,171.55,171.7,171.1,171.7,816.0
2020-07-30 13:00:00,NSE:TCI,171.2,171.4,167.1,168.6,10912.0
2020-07-30 15:00:00,NSE:TCI,168.2,169.05,168.0,168.35,3111.0
2020-07-31 09:00:00,NSE:TCI,171.9,171.9,165.95,166.8,9130.0
2020-07-31 11:00:00,NSE:TCI,167.5,170.5,166.85,168.95,8050.0
2020-07-31 13:00:00,NSE:TCI,168.9,172.9,168.05,172.05,8982.0
2020-07-31 15:00:00,NSE:TCI,172.0,176.45,170.8,173.3,7598.0
2020-08-03 09:00:00,NSE:TCI,176.0,176.8,170.1,170.35,3737.0
2020-08-03 11:00:00,NSE:TCI,170.95,172.8,170.05,172.7,3423.0
2020-08-03 13:00:00,NSE:TCI,172.05,173.6,172.0,173.6,6907.0
2020-08-03 15:00:00,NSE:TCI,173.35,175.1,173.0,174.65,10625.0
2020-08-04 09:00:00,NSE:TCI,174.65,174.95,172.1,172.7,3224.0
2020-08-04 11:00:00,NSE:TCI,172.65,173.25,172.1,172.65,1042.0
2020-08-04 13:00:00,NSE:TCI,172.65,175.95,172.05,173.15,7776.0
2020-08-04 15:00:00,NSE:TCI,173.0,175.75,173.0,174.35,3720.0
2020-08-05 09:00:00,NSE:TCI,174.4,174.85,172.75,173.6,2725.0
2020-08-05 11:00:00,NSE:TCI,173.85,174.0,172.3,172.5,1503.0
2020-08-05 13:00:00,NSE:TCI,172.5,172.95,171.8,172.85,1739.0
2020-08-05 15:00:00,NSE:TCI,172.95,173.0,171.35,172.45,1621.0
2020-08-06 09:00:00,NSE:TCI,173.5,173.5,169.85,170.85,7614.0
2020-08-06 11:00:00,NSE:TCI,170.85,171.9,170.0,171.5,6119.0
2020-08-06 13:00:00,NSE:TCI,171.5,172.2,171.1,172.2,7147.0
2020-08-06 15:00:00,NSE:TCI,172.05,172.2,170.85,171.2,4220.0
2020-08-07 09:00:00,NSE:TCI,173.0,174.0,171.25,173.7,4504.0
2020-08-07 11:00:00,NSE:TCI,173.95,175.1,173.1,174.15,9716.0
2020-08-07 13:00:00,NSE:TCI,174.35,174.95,173.4,174.9,4201.0
2020-08-07 15:00:00,NSE:TCI,174.55,174.75,173.4,174.1,2309.0
2020-08-10 09:00:00,NSE:TCI,176.9,176.9,173.3,175.75,10171.0
2020-08-10 11:00:00,NSE:TCI,175.85,176.0,175.0,175.0,7273.0
2020-08-10 13:00:00,NSE:TCI,175.0,177.0,175.0,177.0,5741.0
2020-08-10 15:00:00,NSE:TCI,177.0,180.0,175.1,179.0,18232.0
2020-08-11 09:00:00,NSE:TCI,179.9,191.9,179.85,189.35,100840.0
2020-08-11 11:00:00,NSE:TCI,189.3,189.9,187.15,188.15,18351.0
2020-08-11 13:00:00,NSE:TCI,188.3,188.3,185.6,187.2,13296.0
2020-08-11 15:00:00,NSE:TCI,187.7,189.5,186.0,187.35,14570.0
2020-08-12 09:00:00,NSE:TCI,187.5,193.05,182.1,187.0,51730.0
2020-08-12 11:00:00,NSE:TCI,187.05,188.45,187.0,188.25,40483.0
2020-08-12 13:00:00,NSE:TCI,188.0,192.0,187.0,188.4,73945.0
2020-08-12 15:00:00,NSE:TCI,188.4,192.45,187.65,190.3,24575.0
2020-08-13 09:00:00,NSE:TCI,190.35,208.8,190.35,203.9,172768.0
2020-08-13 11:00:00,NSE:TCI,203.95,208.0,203.7,206.75,58321.0
2020-08-13 13:00:00,NSE:TCI,206.3,214.4,206.0,209.55,105402.0
2020-08-13 15:00:00,NSE:TCI,209.95,212.0,208.5,210.35,32080.0
2020-08-14 09:00:00,NSE:TCI,212.0,222.9,202.75,206.9,40802.0
2020-08-14 11:00:00,NSE:TCI,206.9,209.95,205.5,208.15,8788.0
2020-08-14 13:00:00,NSE:TCI,208.15,208.15,205.0,207.1,55608.0
2020-08-14 15:00:00,NSE:TCI,207.1,209.5,206.15,209.5,18017.0
2020-08-17 09:00:00,NSE:TCI,208.1,215.0,207.0,207.55,15528.0
2020-08-17 11:00:00,NSE:TCI,207.7,208.0,205.3,206.0,5723.0
2020-08-17 13:00:00,NSE:TCI,206.0,206.25,204.0,205.75,7546.0
2020-08-17 15:00:00,NSE:TCI,206.1,213.0,204.55,207.95,13897.0
2020-08-18 09:00:00,NSE:TCI,212.8,215.0,209.45,212.0,23296.0
2020-08-18 11:00:00,NSE:TCI,212.0,215.7,209.0,215.05,20553.0
2020-08-18 13:00:00,NSE:TCI,214.0,227.0,214.0,225.05,77136.0
2020-08-18 15:00:00,NSE:TCI,225.45,229.5,222.6,227.0,23623.0
2020-08-19 09:00:00,NSE:TCI,227.95,228.0,222.0,223.55,15276.0
2020-08-19 11:00:00,NSE:TCI,223.55,224.1,223.5,223.95,6123.0
2020-08-19 13:00:00,NSE:TCI,223.85,229.2,223.7,224.9,12786.0
2020-08-19 15:00:00,NSE:TCI,224.85,227.8,222.2,222.2,13452.0
2020-08-20 09:00:00,NSE:TCI,224.45,232.45,220.85,231.4,21866.0
2020-08-20 11:00:00,NSE:TCI,231.45,235.0,227.0,230.4,32901.0
2020-08-20 13:00:00,NSE:TCI,230.4,235.6,229.75,233.55,24531.0
2020-08-20 15:00:00,NSE:TCI,233.55,236.0,230.0,233.65,15452.0
2020-08-21 09:00:00,NSE:TCI,237.95,239.0,234.0,237.0,19356.0
2020-08-21 11:00:00,NSE:TCI,237.6,238.1,236.15,236.95,10875.0
2020-08-21 13:00:00,NSE:TCI,237.0,238.0,234.0,234.6,7401.0
2020-08-21 15:00:00,NSE:TCI,236.0,237.05,230.0,235.8,221470.0
2020-08-24 09:00:00,NSE:TCI,235.8,241.75,227.85,230.65,19944.0
2020-08-24 11:00:00,NSE:TCI,230.4,231.85,227.5,231.6,9569.0
2020-08-24 13:00:00,NSE:TCI,231.5,232.0,228.0,229.15,7186.0
2020-08-24 15:00:00,NSE:TCI,228.9,231.1,227.0,228.8,10763.0
2020-08-25 09:00:00,NSE:TCI,229.2,231.95,225.0,228.0,17920.0
2020-08-25 11:00:00,NSE:TCI,228.1,231.7,228.0,229.85,19507.0
2020-08-25 13:00:00,NSE:TCI,229.85,231.5,229.25,230.0,3204.0
2020-08-25 15:00:00,NSE:TCI,230.0,231.6,228.5,229.0,5903.0
2020-08-26 09:00:00,NSE:TCI,230.2,237.55,224.75,233.0,21487.0
2020-08-26 11:00:00,NSE:TCI,232.75,235.15,231.0,234.15,5680.0
2020-08-26 13:00:00,NSE:TCI,234.85,234.85,232.25,232.4,4282.0
2020-08-26 15:00:00,NSE:TCI,233.0,233.3,225.25,228.4,6925.0
2020-08-27 09:00:00,NSE:TCI,229.55,231.0,225.15,225.15,7739.0
2020-08-27 11:00:00,NSE:TCI,226.3,226.65,225.0,226.05,8136.0
2020-08-27 13:00:00,NSE:TCI,226.3,226.9,225.85,226.7,7356.0
2020-08-27 15:00:00,NSE:TCI,226.5,227.45,226.35,226.55,2417.0
2020-08-28 09:00:00,NSE:TCI,225.1,227.2,222.35,224.95,8105.0
2020-08-28 11:00:00,NSE:TCI,224.95,225.55,222.0,222.85,6675.0
2020-08-28 13:00:00,NSE:TCI,222.9,226.6,222.15,226.3,16068.0
2020-08-28 15:00:00,NSE:TCI,226.75,226.75,224.05,225.0,4837.0
2020-08-31 09:00:00,NSE:TCI,225.5,226.3,216.95,218.8,5814.0
2020-08-31 11:00:00,NSE:TCI,219.25,219.5,210.0,215.0,8286.0
2020-08-31 13:00:00,NSE:TCI,215.0,216.65,208.0,210.2,7754.0
2020-08-31 15:00:00,NSE:TCI,210.95,214.1,209.15,211.0,3311.0
2020-09-01 09:00:00,NSE:TCI,212.1,213.05,207.0,207.35,3374.0
2020-09-01 11:00:00,NSE:TCI,208.65,208.65,202.0,205.45,3726.0
2020-09-01 13:00:00,NSE:TCI,205.45,211.0,204.35,208.0,3415.0
2020-09-01 15:00:00,NSE:TCI,208.4,211.0,205.0,211.0,1941.0
2020-09-02 09:00:00,NSE:TCI,209.65,215.6,209.15,214.5,5778.0
2020-09-02 11:00:00,NSE:TCI,213.6,216.95,213.4,216.45,2553.0
2020-09-02 13:00:00,NSE:TCI,216.5,217.95,215.1,216.25,19637.0
2020-09-02 15:00:00,NSE:TCI,215.55,217.85,214.1,217.0,3695.0
2020-09-03 09:00:00,NSE:TCI,219.95,220.15,218.0,219.15,4410.0
2020-09-03 11:00:00,NSE:TCI,219.15,221.0,219.05,220.3,5324.0
2020-09-03 13:00:00,NSE:TCI,220.3,221.0,219.7,220.05,3369.0
2020-09-03 15:00:00,NSE:TCI,221.0,221.5,219.05,221.5,8427.0
2020-09-04 09:00:00,NSE:TCI,217.95,218.95,211.65,214.15,6838.0
2020-09-04 11:00:00,NSE:TCI,214.05,224.0,212.75,224.0,9114.0
2020-09-04 13:00:00,NSE:TCI,224.0,226.5,221.2,221.25,9585.0
2020-09-04 15:00:00,NSE:TCI,221.6,221.95,220.0,220.0,3653.0
2020-09-07 09:00:00,NSE:TCI,221.1,224.0,217.0,217.7,3315.0
2020-09-07 11:00:00,NSE:TCI,216.9,216.9,201.95,209.55,12976.0
2020-09-07 13:00:00,NSE:TCI,209.6,212.55,209.2,211.0,7497.0
2020-09-07 15:00:00,NSE:TCI,211.0,216.5,210.45,213.8,4527.0
2020-09-08 09:00:00,NSE:TCI,212.35,220.45,212.35,220.0,3440.0
2020-09-08 11:00:00,NSE:TCI,220.2,224.25,218.25,219.55,162341.0
2020-09-08 13:00:00,NSE:TCI,219.5,222.95,218.25,218.25,6449.0
2020-09-08 15:00:00,NSE:TCI,218.95,220.55,218.0,220.0,6855.0
2020-09-09 09:00:00,NSE:TCI,218.85,218.85,208.0,212.0,10595.0
2020-09-09 11:00:00,NSE:TCI,211.55,213.8,211.35,211.85,3425.0
2020-09-09 13:00:00,NSE:TCI,210.0,215.0,210.0,214.75,5948.0
2020-09-09 15:00:00,NSE:TCI,215.0,219.0,212.1,215.0,1322579.0
2020-09-10 09:00:00,NSE:TCI,226.2,232.95,221.1,224.0,68143.0
2020-09-10 11:00:00,NSE:TCI,224.05,224.9,223.1,223.15,10010.0
2020-09-10 13:00:00,NSE:TCI,223.1,230.4,222.0,228.0,40954.0
2020-09-10 15:00:00,NSE:TCI,228.0,232.0,226.55,230.0,20864.0
2020-09-11 09:00:00,NSE:TCI,230.5,241.0,225.9,235.9,83296.0
2020-09-11 11:00:00,NSE:TCI,236.15,243.0,235.5,238.55,86742.0
2020-09-11 13:00:00,NSE:TCI,238.5,239.4,235.6,238.05,119487.0
2020-09-11 15:00:00,NSE:TCI,238.25,239.65,236.4,238.45,22136.0
2020-09-14 09:00:00,NSE:TCI,242.0,246.8,240.85,242.5,30370.0
2020-09-14 11:00:00,NSE:TCI,242.5,242.5,238.0,242.0,22215.0
2020-09-14 13:00:00,NSE:TCI,242.0,242.75,241.95,242.0,19216.0
2020-09-14 15:00:00,NSE:TCI,242.05,243.0,242.0,242.1,11878.0
2020-09-15 09:00:00,NSE:TCI,243.85,244.0,235.05,235.95,8657.0
2020-09-15 11:00:00,NSE:TCI,236.0,239.35,235.75,238.2,9051.0
2020-09-15 13:00:00,NSE:TCI,238.2,239.5,237.7,239.35,8081.0
2020-09-15 15:00:00,NSE:TCI,239.65,243.3,238.55,240.4,5677.0
2020-09-16 09:00:00,NSE:TCI,241.65,241.65,235.65,238.2,4639.0
2020-09-16 11:00:00,NSE:TCI,238.2,243.95,237.25,242.0,6106.0
2020-09-16 13:00:00,NSE:TCI,242.0,242.0,238.0,238.35,3063.0
2020-09-16 15:00:00,NSE:TCI,238.35,240.25,238.35,240.0,7798.0
2020-09-17 09:00:00,NSE:TCI,237.0,239.85,235.1,235.4,6195.0
2020-09-17 11:00:00,NSE:TCI,235.4,235.4,232.15,233.8,6301.0
2020-09-17 13:00:00,NSE:TCI,233.65,235.75,233.25,234.75,3253.0
2020-09-17 15:00:00,NSE:TCI,234.4,235.15,232.5,232.75,3490.0
2020-09-18 09:00:00,NSE:TCI,232.0,236.65,230.1,235.0,5598.0
2020-09-18 11:00:00,NSE:TCI,235.05,239.1,235.0,238.75,10258.0
2020-09-18 13:00:00,NSE:TCI,238.75,240.0,238.0,238.15,8042.0
2020-09-18 15:00:00,NSE:TCI,238.15,240.6,238.0,240.6,3159.0
2020-09-21 09:00:00,NSE:TCI,240.3,242.0,235.15,238.15,3729.0
2020-09-21 11:00:00,NSE:TCI,237.35,239.35,235.0,236.65,9873.0
2020-09-21 13:00:00,NSE:TCI,235.95,236.45,235.25,236.0,7079.0
2020-09-21 15:00:00,NSE:TCI,235.75,236.15,235.0,235.0,8940.0
2020-09-22 09:00:00,NSE:TCI,232.1,233.05,218.45,224.05,10371.0
2020-09-22 11:00:00,NSE:TCI,224.05,236.05,222.95,230.65,16196.0
2020-09-22 13:00:00,NSE:TCI,230.75,231.5,228.35,231.0,2652.0
2020-09-22 15:00:00,NSE:TCI,231.4,232.5,229.55,232.45,1915.0
2020-09-23 09:00:00,NSE:TCI,230.8,230.8,226.85,227.35,1404.0
2020-09-23 11:00:00,NSE:TCI,227.35,227.85,217.0,220.0,7498.0
2020-09-23 13:00:00,NSE:TCI,219.45,221.65,218.3,220.9,3215.0
2020-09-23 15:00:00,NSE:TCI,220.4,221.5,220.2,220.95,1640.0
2020-09-24 09:00:00,NSE:TCI,216.0,217.9,213.05,214.55,3904.0
2020-09-24 11:00:00,NSE:TCI,214.55,218.0,214.15,217.5,2686.0
2020-09-24 13:00:00,NSE:TCI,217.45,218.5,217.0,217.0,2486.0
2020-09-24 15:00:00,NSE:TCI,217.5,223.95,217.5,221.0,4326.0
2020-09-25 09:00:00,NSE:TCI,224.4,227.9,221.3,227.0,7180.0
2020-09-25 11:00:00,NSE:TCI,226.9,230.9,226.9,229.95,4977.0
2020-09-25 13:00:00,NSE:TCI,228.95,231.95,227.5,230.5,3271.0
2020-09-25 15:00:00,NSE:TCI,230.35,234.0,228.95,234.0,3211.0
2020-09-28 09:00:00,NSE:TCI,232.6,235.35,230.85,231.5,2569.0
2020-09-28 11:00:00,NSE:TCI,231.1,231.5,229.95,230.15,2238.0
2020-09-28 13:00:00,NSE:TCI,230.0,231.0,229.55,230.55,4763.0
2020-09-28 15:00:00,NSE:TCI,230.5,232.95,230.05,232.95,3357.0
2020-09-29 09:00:00,NSE:TCI,231.05,233.0,227.25,228.75,1833.0
2020-09-29 11:00:00,NSE:TCI,229.05,229.9,228.55,228.55,2500.0
2020-09-29 13:00:00,NSE:TCI,228.1,240.75,227.75,231.95,10571.0
2020-09-29 15:00:00,NSE:TCI,230.7,231.25,227.8,229.85,2070.0
2020-09-30 09:00:00,NSE:TCI,230.1,234.1,229.0,231.4,2520.0
2020-09-30 11:00:00,NSE:TCI,231.0,232.3,230.75,231.5,2392.0
2020-09-30 13:00:00,NSE:TCI,232.15,232.15,230.75,231.0,5042.0
2020-09-30 15:00:00,NSE:TCI,231.0,232.1,231.0,232.1,1981.0
2020-10-01 09:00:00,NSE:TCI,234.9,234.9,229.0,229.55,2660.0
2020-10-01 11:00:00,NSE:TCI,230.65,231.5,229.05,229.05,1720.0
2020-10-01 13:00:00,NSE:TCI,230.65,230.65,229.1,229.95,981.0
2020-10-01 15:00:00,NSE:TCI,229.8,229.9,226.15,228.25,1706.0
2020-10-05 09:00:00,NSE:TCI,229.4,230.45,227.0,228.3,2096.0
2020-10-05 11:00:00,NSE:TCI,228.05,228.9,225.55,227.25,1887.0
2020-10-05 13:00:00,NSE:TCI,228.3,230.0,225.3,227.1,4793.0
2020-10-05 15:00:00,NSE:TCI,227.55,227.95,225.3,226.5,962.0
2020-10-06 09:00:00,NSE:TCI,227.65,230.8,227.65,228.55,2886.0
2020-10-06 11:00:00,NSE:TCI,228.6,228.6,224.4,225.55,2854.0
2020-10-06 13:00:00,NSE:TCI,225.95,226.0,221.05,225.25,7100.0
2020-10-06 15:00:00,NSE:TCI,225.1,225.1,222.9,224.9,3215.0
2020-10-07 09:00:00,NSE:TCI,224.85,226.45,224.0,224.1,3125.0
2020-10-07 11:00:00,NSE:TCI,224.2,227.85,223.05,226.55,109418.0
2020-10-07 13:00:00,NSE:TCI,226.65,229.9,226.1,228.85,6081.0
2020-10-07 15:00:00,NSE:TCI,228.9,230.0,228.4,228.4,4502.0
2020-10-08 09:00:00,NSE:TCI,228.05,230.9,227.8,228.35,283920.0
2020-10-08 11:00:00,NSE:TCI,227.9,227.9,225.4,226.4,5110.0
2020-10-08 13:00:00,NSE:TCI,226.9,226.9,225.0,225.05,2418.0
2020-10-08 15:00:00,NSE:TCI,225.4,225.4,222.0,223.35,4575.0
2020-10-09 09:00:00,NSE:TCI,220.5,231.0,220.5,229.15,6305.0
2020-10-09 11:00:00,NSE:TCI,229.1,229.95,227.15,228.0,3664.0
2020-10-09 13:00:00,NSE:TCI,228.0,228.8,227.45,227.8,2468.0
2020-10-09 15:00:00,NSE:TCI,228.0,231.0,227.9,229.25,4243.0
2020-10-12 09:00:00,NSE:TCI,232.8,232.8,228.2,228.95,2220.0
2020-10-12 11:00:00,NSE:TCI,228.95,228.95,227.2,228.0,568.0
2020-10-12 13:00:00,NSE:TCI,228.1,228.6,225.2,225.2,1440.0
2020-10-12 15:00:00,NSE:TCI,225.5,225.75,223.35,224.6,846.0
2020-10-13 09:00:00,NSE:TCI,223.35,225.15,220.1,223.55,5422.0
2020-10-13 11:00:00,NSE:TCI,223.8,228.9,223.55,225.65,2911.0
2020-10-13 13:00:00,NSE:TCI,225.5,227.7,223.55,225.35,334556.0
2020-10-13 15:00:00,NSE:TCI,225.5,228.9,225.5,228.0,1519.0
2020-10-14 09:00:00,NSE:TCI,227.25,234.95,227.25,229.9,9732.0
2020-10-14 11:00:00,NSE:TCI,229.9,238.0,223.6,234.3,1030528.0
2020-10-14 13:00:00,NSE:TCI,234.1,234.1,230.35,233.25,17594.0
2020-10-14 15:00:00,NSE:TCI,233.2,235.0,230.1,233.65,10255.0
2020-10-15 09:00:00,NSE:TCI,240.05,244.35,235.95,238.35,83565.0
2020-10-15 11:00:00,NSE:TCI,238.15,240.75,233.75,240.2,32830.0
2020-10-15 13:00:00,NSE:TCI,240.0,240.35,236.15,238.4,36344.0
2020-10-15 15:00:00,NSE:TCI,238.75,239.3,234.0,237.0,15744.0
2020-10-16 09:00:00,NSE:TCI,237.7,237.7,232.05,234.2,11237.0
2020-10-16 11:00:00,NSE:TCI,234.2,235.0,233.1,234.0,6966.0
2020-10-16 13:00:00,NSE:TCI,234.0,234.6,233.65,233.95,2272.0
2020-10-16 15:00:00,NSE:TCI,233.9,236.0,233.2,236.0,4198.0
2020-10-19 09:00:00,NSE:TCI,235.0,235.0,230.05,230.45,3455.0
2020-10-19 11:00:00,NSE:TCI,230.45,231.0,230.2,230.55,1074.0
2020-10-19 13:00:00,NSE:TCI,230.55,232.9,228.0,230.8,5833.0
2020-10-19 15:00:00,NSE:TCI,231.75,231.75,228.9,228.9,2520.0
2020-10-20 09:00:00,NSE:TCI,231.85,233.0,230.0,230.0,2275.0
2020-10-20 11:00:00,NSE:TCI,230.0,230.1,227.05,227.7,3480.0
2020-10-20 13:00:00,NSE:TCI,227.6,228.45,227.05,227.65,1261.0
2020-10-20 15:00:00,NSE:TCI,227.1,228.1,226.05,227.6,1381.0
2020-10-21 09:00:00,NSE:TCI,226.0,230.0,226.0,229.95,1891.0
2020-10-21 11:00:00,NSE:TCI,230.0,230.0,227.7,228.35,3201.0
2020-10-21 13:00:00,NSE:TCI,228.45,229.5,226.0,227.7,2422.0
2020-10-21 15:00:00,NSE:TCI,228.05,229.95,228.0,229.05,4035.0
2020-10-22 09:00:00,NSE:TCI,228.9,231.3,228.85,230.0,2877.0
2020-10-22 11:00:00,NSE:TCI,230.1,230.7,229.95,230.6,2050.0
2020-10-22 13:00:00,NSE:TCI,230.1,232.5,230.1,231.0,6053.0
2020-10-22 15:00:00,NSE:TCI,231.15,233.0,230.0,230.95,1823.0
2020-10-23 09:00:00,NSE:TCI,230.0,230.9,228.05,230.0,4378.0
2020-10-23 11:00:00,NSE:TCI,230.0,230.35,227.65,230.0,5414.0
2020-10-23 13:00:00,NSE:TCI,230.0,230.75,229.35,230.4,5656.0
2020-10-23 15:00:00,NSE:TCI,230.0,231.7,229.6,230.15,2898.0
2020-10-26 09:00:00,NSE:TCI,228.05,230.0,227.3,228.5,1932.0
2020-10-26 11:00:00,NSE:TCI,228.75,228.75,227.3,227.55,597.0
2020-10-26 13:00:00,NSE:TCI,227.3,227.75,227.0,227.75,769.0
2020-10-26 15:00:00,NSE:TCI,226.45,227.75,226.45,227.75,728.0
2020-10-27 09:00:00,NSE:TCI,231.0,231.4,223.0,226.7,13025.0
2020-10-27 11:00:00,NSE:TCI,226.35,226.95,222.35,224.95,4482.0
2020-10-27 13:00:00,NSE:TCI,223.5,227.0,223.45,226.85,5275.0
2020-10-27 15:00:00,NSE:TCI,227.0,229.45,225.6,225.75,5387.0
2020-10-28 09:00:00,NSE:TCI,228.8,228.8,225.3,227.0,2035.0
2020-10-28 11:00:00,NSE:TCI,227.0,227.5,226.2,227.0,1356.0
2020-10-28 13:00:00,NSE:TCI,227.4,227.75,226.65,227.0,851.0
2020-10-28 15:00:00,NSE:TCI,226.65,228.0,226.65,228.0,955.0
2020-10-29 09:00:00,NSE:TCI,223.0,228.5,223.0,227.8,2889.0
2020-10-29 11:00:00,NSE:TCI,226.8,227.8,226.4,226.85,792.0
2020-10-29 13:00:00,NSE:TCI,227.05,227.65,225.45,227.3,2632.0
2020-10-29 15:00:00,NSE:TCI,227.0,229.95,226.1,227.0,2243.0
2020-10-30 09:00:00,NSE:TCI,227.2,229.15,227.2,228.75,1041.0
2020-10-30 11:00:00,NSE:TCI,227.35,227.35,223.1,224.35,1681.0
2020-10-30 13:00:00,NSE:TCI,224.4,224.95,223.05,224.7,1159.0
2020-10-30 15:00:00,NSE:TCI,223.65,225.9,223.65,224.5,1590.0
2020-11-02 09:00:00,NSE:TCI,225.5,236.35,224.0,232.0,29119.0
2020-11-02 11:00:00,NSE:TCI,232.0,232.95,230.0,230.8,4564.0
2020-11-02 13:00:00,NSE:TCI,230.5,232.0,227.0,227.0,6019.0
2020-11-02 15:00:00,NSE:TCI,227.0,228.7,223.55,224.85,4753.0
2020-11-03 09:00:00,NSE:TCI,227.0,231.95,227.0,227.8,5272.0
2020-11-03 11:00:00,NSE:TCI,228.0,228.0,226.5,226.8,840.0
2020-11-03 13:00:00,NSE:TCI,226.75,228.0,226.75,227.1,1163.0
2020-11-03 15:00:00,NSE:TCI,227.1,227.1,224.55,226.0,1663.0
2020-11-04 09:00:00,NSE:TCI,231.6,232.0,225.0,225.95,16726.0
2020-11-04 11:00:00,NSE:TCI,225.95,227.45,225.15,226.7,4215.0
2020-11-04 13:00:00,NSE:TCI,226.3,228.45,225.6,226.9,5394.0
2020-11-04 15:00:00,NSE:TCI,226.65,227.0,225.0,225.0,3891.0
2020-11-05 09:00:00,NSE:TCI,230.0,230.8,227.0,227.0,4177.0
2020-11-05 11:00:00,NSE:TCI,227.0,229.55,227.0,228.05,3614.0
2020-11-05 13:00:00,NSE:TCI,228.05,228.5,226.5,226.5,2974.0
2020-11-05 15:00:00,NSE:TCI,226.95,227.75,225.0,226.0,3538.0
2020-11-06 09:00:00,NSE:TCI,227.3,228.2,225.55,227.0,3541.0
2020-11-06 11:00:00,NSE:TCI,227.0,228.0,225.75,226.1,118744.0
2020-11-06 13:00:00,NSE:TCI,226.05,228.0,225.85,226.05,4368.0
2020-11-06 15:00:00,NSE:TCI,226.15,231.0,225.8,227.95,4024.0
2020-11-09 09:00:00,NSE:TCI,229.1,231.95,225.1,226.0,11118.0
2020-11-09 11:00:00,NSE:TCI,226.05,227.0,224.1,225.95,89421.0
2020-11-09 13:00:00,NSE:TCI,225.9,228.45,225.0,228.1,7035.0
2020-11-09 15:00:00,NSE:TCI,228.1,229.5,225.1,229.5,5624.0
2020-11-10 09:00:00,NSE:TCI,228.45,233.0,225.8,230.2,10797.0
2020-11-10 11:00:00,NSE:TCI,230.2,231.3,229.25,229.95,6807.0
2020-11-10 13:00:00,NSE:TCI,229.95,232.45,229.75,231.55,18144.0
2020-11-10 15:00:00,NSE:TCI,231.55,231.85,230.0,230.05,4083.0
2020-11-11 09:00:00,NSE:TCI,230.95,232.0,228.5,231.8,4244.0
2020-11-11 11:00:00,NSE:TCI,231.4,231.55,230.55,231.05,3268.0
2020-11-11 13:00:00,NSE:TCI,231.45,233.0,231.0,231.65,4901.0
2020-11-11 15:00:00,NSE:TCI,232.25,233.95,231.0,232.0,4410.0
2020-11-12 09:00:00,NSE:TCI,233.0,233.0,230.6,232.1,2335.0
2020-11-12 11:00:00,NSE:TCI,232.0,233.15,231.5,232.25,4296.0
2020-11-12 13:00:00,NSE:TCI,232.25,233.5,232.0,232.1,2942.0
2020-11-12 15:00:00,NSE:TCI,232.1,233.95,232.0,232.65,4064.0
2020-11-13 09:00:00,NSE:TCI,233.9,233.9,226.05,231.0,8637.0
2020-11-13 11:00:00,NSE:TCI,230.75,231.7,228.05,231.7,2517.0
2020-11-13 13:00:00,NSE:TCI,231.0,233.5,230.45,232.0,2443.0
2020-11-13 15:00:00,NSE:TCI,232.2,235.7,231.0,234.1,9099.0
2020-11-14 17:00:00,NSE:TCI,238.95,240.0,236.0,237.5,17605.0
2020-11-14 19:00:00,NSE:TCI,238.4,238.9,237.0,238.45,3173.0
2020-11-17 09:00:00,NSE:TCI,238.9,257.95,238.9,251.35,56657.0
2020-11-17 11:00:00,NSE:TCI,251.3,259.0,250.1,255.7,27218.0
2020-11-17 13:00:00,NSE:TCI,256.35,256.65,251.6,253.95,11302.0
2020-11-17 15:00:00,NSE:TCI,253.9,258.55,253.0,255.75,17007.0
2020-11-18 09:00:00,NSE:TCI,260.0,267.0,258.15,263.3,44610.0
2020-11-18 11:00:00,NSE:TCI,263.3,263.3,256.0,258.0,16536.0
2020-11-18 13:00:00,NSE:TCI,259.35,262.95,256.2,256.55,18086.0
2020-11-18 15:00:00,NSE:TCI,256.6,257.95,255.4,256.5,9779.0
2020-11-19 09:00:00,NSE:TCI,255.0,255.0,250.3,252.65,11628.0
2020-11-19 11:00:00,NSE:TCI,252.65,252.95,250.55,251.6,5140.0
2020-11-19 13:00:00,NSE:TCI,251.6,253.9,250.65,252.1,10617.0
2020-11-19 15:00:00,NSE:TCI,252.1,252.5,251.15,252.5,2621.0
2020-11-20 09:00:00,NSE:TCI,253.2,257.55,252.05,253.45,5939.0
2020-11-20 11:00:00,NSE:TCI,254.0,254.35,252.5,253.8,8014.0
2020-11-20 13:00:00,NSE:TCI,253.0,254.3,252.9,253.5,8223.0
2020-11-20 15:00:00,NSE:TCI,253.45,255.0,253.0,255.0,1999.0
2020-11-23 09:00:00,NSE:TCI,255.0,256.15,247.3,249.15,5904.0
2020-11-23 11:00:00,NSE:TCI,249.85,250.35,249.0,249.75,3937.0
2020-11-23 13:00:00,NSE:TCI,249.75,252.75,249.5,249.6,4124.0
2020-11-23 15:00:00,NSE:TCI,249.6,254.9,249.5,252.2,2252.0
2020-11-24 09:00:00,NSE:TCI,251.0,252.15,247.3,249.35,4582.0
2020-11-24 11:00:00,NSE:TCI,249.7,249.8,248.0,248.7,2760.0
2020-11-24 13:00:00,NSE:TCI,248.75,249.75,248.05,248.9,3100.0
2020-11-24 15:00:00,NSE:TCI,249.2,250.25,248.65,249.0,2391.0
2020-11-25 09:00:00,NSE:TCI,250.85,253.15,247.1,249.9,5530.0
2020-11-25 11:00:00,NSE:TCI,249.9,252.95,248.25,251.5,5299.0
2020-11-25 13:00:00,NSE:TCI,251.45,253.0,247.55,252.95,9113.0
2020-11-25 15:00:00,NSE:TCI,253.45,254.0,252.0,252.15,3102.0
2020-11-26 09:00:00,NSE:TCI,253.95,256.9,249.0,251.45,2743.0
2020-11-26 11:00:00,NSE:TCI,251.45,253.0,249.8,251.3,1375.0
2020-11-26 13:00:00,NSE:TCI,251.95,252.25,250.0,251.3,5200.0
2020-11-26 15:00:00,NSE:TCI,251.7,254.7,250.5,251.5,2311.0
2020-11-27 09:00:00,NSE:TCI,256.8,257.5,252.85,253.5,5880.0
2020-11-27 11:00:00,NSE:TCI,253.9,255.7,253.65,254.65,2720.0
2020-11-27 13:00:00,NSE:TCI,254.9,254.9,251.0,253.05,3316.0
2020-11-27 15:00:00,NSE:TCI,253.0,253.85,251.0,251.0,3913.0
2020-12-01 09:00:00,NSE:TCI,256.95,256.95,252.1,253.25,4437.0
2020-12-01 11:00:00,NSE:TCI,253.05,253.9,250.45,251.4,5000.0
2020-12-01 13:00:00,NSE:TCI,251.5,261.85,250.05,256.95,34164.0
2020-12-01 15:00:00,NSE:TCI,257.75,257.8,250.6,252.85,22198.0
2020-12-02 09:00:00,NSE:TCI,252.85,252.85,250.2,252.65,4408.0
2020-12-02 11:00:00,NSE:TCI,252.05,253.9,251.6,252.0,3498.0
2020-12-02 13:00:00,NSE:TCI,252.0,252.0,249.5,252.0,5954.0
2020-12-02 15:00:00,NSE:TCI,251.8,252.0,250.1,252.0,2100.0
2020-12-03 09:00:00,NSE:TCI,251.9,256.95,251.0,254.35,12500.0
2020-12-03 11:00:00,NSE:TCI,254.35,256.9,252.8,253.85,8650.0
2020-12-03 13:00:00,NSE:TCI,254.5,258.0,254.1,256.8,8606.0
2020-12-03 15:00:00,NSE:TCI,256.8,257.0,253.85,255.7,5032.0
2020-12-04 09:00:00,NSE:TCI,259.5,262.1,258.65,260.95,20785.0
2020-12-04 11:00:00,NSE:TCI,261.0,262.0,258.0,261.4,12762.0
2020-12-04 13:00:00,NSE:TCI,261.55,266.0,252.65,261.1,26107.0
2020-12-04 15:00:00,NSE:TCI,261.8,262.95,259.35,261.3,5764.0
2020-12-07 09:00:00,NSE:TCI,261.3,268.45,261.3,266.1,10757.0
2020-12-07 11:00:00,NSE:TCI,266.1,266.1,263.75,265.0,3839.0
2020-12-07 13:00:00,NSE:TCI,265.05,266.05,261.4,265.75,7268.0
2020-12-07 15:00:00,NSE:TCI,265.5,266.1,264.05,265.9,5626.0
2020-12-08 09:00:00,NSE:TCI,267.0,267.0,262.0,263.3,7685.0
2020-12-08 11:00:00,NSE:TCI,263.3,263.3,258.0,260.0,8735.0
2020-12-08 13:00:00,NSE:TCI,261.5,264.75,258.0,263.0,8428.0
2020-12-08 15:00:00,NSE:TCI,263.35,264.9,258.0,260.0,5040.0
2020-12-09 09:00:00,NSE:TCI,261.0,261.8,260.0,260.6,2735.0
2020-12-09 11:00:00,NSE:TCI,260.6,263.5,260.0,260.8,5777.0
2020-12-09 13:00:00,NSE:TCI,260.8,261.4,258.65,259.0,5800.0
2020-12-09 15:00:00,NSE:TCI,259.5,260.2,259.15,260.0,2441.0
2020-12-10 09:00:00,NSE:TCI,261.15,261.15,253.85,257.0,7119.0
2020-12-10 11:00:00,NSE:TCI,257.8,258.45,254.9,255.75,5909.0
2020-12-10 13:00:00,NSE:TCI,255.5,257.1,251.7,254.4,6375.0
2020-12-10 15:00:00,NSE:TCI,254.7,255.95,254.0,254.55,2695.0
2020-12-11 09:00:00,NSE:TCI,274.9,280.0,266.0,268.75,162576.0
2020-12-11 11:00:00,NSE:TCI,268.75,269.0,265.7,266.1,40212.0
2020-12-11 13:00:00,NSE:TCI,266.6,268.15,255.45,260.0,80371.0
2020-12-11 15:00:00,NSE:TCI,261.65,261.65,250.15,254.45,65590.0
2020-12-14 09:00:00,NSE:TCI,255.7,260.0,252.95,257.65,15877.0
2020-12-14 11:00:00,NSE:TCI,257.65,263.5,257.35,261.9,16369.0
2020-12-14 13:00:00,NSE:TCI,261.95,265.5,260.1,263.75,11806.0
2020-12-14 15:00:00,NSE:TCI,263.5,264.8,258.65,261.55,7690.0
2020-12-15 09:00:00,NSE:TCI,261.85,261.95,255.2,257.75,9172.0
2020-12-15 11:00:00,NSE:TCI,257.75,259.0,256.5,258.25,2373.0
2020-12-15 13:00:00,NSE:TCI,258.3,262.0,258.3,260.15,6396.0
2020-12-15 15:00:00,NSE:TCI,259.95,260.4,258.35,260.4,1792.0
2020-12-16 09:00:00,NSE:TCI,260.5,261.9,258.1,261.65,4657.0
2020-12-16 11:00:00,NSE:TCI,260.85,262.75,258.2,260.1,4808.0
2020-12-16 13:00:00,NSE:TCI,260.1,260.75,258.0,259.5,2807.0
2020-12-16 15:00:00,NSE:TCI,259.0,259.5,256.25,259.0,3932.0
2020-12-17 09:00:00,NSE:TCI,258.0,262.0,258.0,260.0,4007.0
2020-12-17 11:00:00,NSE:TCI,260.0,262.5,256.0,258.4,10091.0
2020-12-17 13:00:00,NSE:TCI,258.55,262.0,257.5,258.45,7216.0
2020-12-17 15:00:00,NSE:TCI,249.9,252.85,245.25,250.4,38322.0
2020-12-18 09:00:00,NSE:TCI,248.0,251.65,245.1,249.55,10572.0
2020-12-18 11:00:00,NSE:TCI,249.05,249.6,246.45,247.95,4741.0
2020-12-18 13:00:00,NSE:TCI,247.95,253.9,247.55,251.5,7706.0
2020-12-18 15:00:00,NSE:TCI,251.4,253.5,250.0,251.65,5333.0
2020-12-21 09:00:00,NSE:TCI,252.8,252.8,247.25,249.5,4017.0
2020-12-21 11:00:00,NSE:TCI,249.5,250.0,248.45,249.4,202642.0
2020-12-21 13:00:00,NSE:TCI,249.95,250.0,240.0,240.05,12707.0
2020-12-21 15:00:00,NSE:TCI,241.0,246.15,240.15,243.55,3846.0
2020-12-22 09:00:00,NSE:TCI,240.0,244.0,236.0,237.0,13120.0
2020-12-22 11:00:00,NSE:TCI,236.55,237.7,232.75,233.7,8905.0
2020-12-22 13:00:00,NSE:TCI,233.7,238.4,233.0,236.35,7155.0
2020-12-22 15:00:00,NSE:TCI,236.35,239.0,236.0,238.05,5045.0
2020-12-23 09:00:00,NSE:TCI,236.15,243.9,232.2,243.0,14736.0
2020-12-23 11:00:00,NSE:TCI,243.0,244.7,243.0,244.0,4973.0
2020-12-23 13:00:00,NSE:TCI,244.0,245.95,242.0,242.7,4581.0
2020-12-23 15:00:00,NSE:TCI,242.7,245.0,242.0,244.0,3677.0
2020-12-24 09:00:00,NSE:TCI,247.0,249.0,245.0,246.55,5754.0
2020-12-24 11:00:00,NSE:TCI,246.5,246.5,241.1,243.45,3382.0
2020-12-24 13:00:00,NSE:TCI,243.45,244.35,242.5,243.7,2707.0
2020-12-24 15:00:00,NSE:TCI,243.0,245.95,242.75,244.75,2505.0
2020-12-28 09:00:00,NSE:TCI,247.0,248.85,244.55,246.5,10719.0
2020-12-28 11:00:00,NSE:TCI,246.5,247.4,244.6,247.3,12899.0
2020-12-28 13:00:00,NSE:TCI,245.5,247.4,243.95,246.0,6309.0
2020-12-28 15:00:00,NSE:TCI,245.3,245.85,240.1,243.75,6124.0
2020-12-29 09:00:00,NSE:TCI,245.0,248.8,242.05,242.05,5784.0
2020-12-29 11:00:00,NSE:TCI,242.05,246.0,242.05,245.15,1871.0
2020-12-29 13:00:00,NSE:TCI,246.0,247.55,244.85,246.5,4827.0
2020-12-29 15:00:00,NSE:TCI,247.65,252.5,245.8,249.65,13198.0
2020-12-30 09:00:00,NSE:TCI,250.85,252.0,247.0,250.75,6009.0
2020-12-30 11:00:00,NSE:TCI,250.2,254.0,250.0,251.9,10849.0
2020-12-30 13:00:00,NSE:TCI,251.25,253.0,250.2,250.2,4465.0
2020-12-30 15:00:00,NSE:TCI,250.25,252.55,250.0,250.45,5309.0
2020-12-31 09:00:00,NSE:TCI,252.15,256.0,250.35,253.1,17677.0
2020-12-31 11:00:00,NSE:TCI,253.75,254.1,250.5,251.55,6350.0
2020-12-31 13:00:00,NSE:TCI,251.65,253.5,251.0,251.05,5237.0
2020-12-31 15:00:00,NSE:TCI,252.75,252.75,251.0,251.35,4834.0
2021-01-01 09:00:00,NSE:TCI,252.55,256.0,251.5,254.0,4147.0
2021-01-01 11:00:00,NSE:TCI,254.0,254.0,247.15,252.5,8382.0
2021-01-01 13:00:00,NSE:TCI,252.5,252.65,251.25,252.0,2702.0
2021-01-01 15:00:00,NSE:TCI,252.0,252.9,251.1,251.1,5104.0
2021-01-04 09:00:00,NSE:TCI,253.15,254.85,245.7,248.9,17740.0
2021-01-04 11:00:00,NSE:TCI,248.45,251.0,246.5,249.4,7598.0
2021-01-04 13:00:00,NSE:TCI,249.0,249.9,247.25,248.65,4352.0
2021-01-04 15:00:00,NSE:TCI,248.05,248.6,247.0,247.85,2561.0
2021-01-05 09:00:00,NSE:TCI,246.05,249.8,246.0,248.0,6118.0
2021-01-05 11:00:00,NSE:TCI,248.15,249.15,240.85,249.15,14019.0
2021-01-05 13:00:00,NSE:TCI,249.15,251.0,247.5,247.65,3183.0
2021-01-05 15:00:00,NSE:TCI,248.1,248.55,243.95,246.35,7114.0
2021-01-06 09:00:00,NSE:TCI,246.6,250.7,246.55,249.75,17091.0
2021-01-06 11:00:00,NSE:TCI,249.0,249.8,248.0,248.0,2090.0
2021-01-06 13:00:00,NSE:TCI,248.2,248.45,247.0,247.65,7731.0
2021-01-06 15:00:00,NSE:TCI,247.65,248.65,247.0,247.5,3630.0
2021-01-07 09:00:00,NSE:TCI,247.75,249.9,246.0,247.0,9285.0
2021-01-07 11:00:00,NSE:TCI,247.0,249.6,247.0,249.05,3831.0
2021-01-07 13:00:00,NSE:TCI,249.5,250.3,248.0,249.65,10486.0
2021-01-07 15:00:00,NSE:TCI,249.0,250.1,248.7,250.0,2752.0
2021-01-08 09:00:00,NSE:TCI,249.7,258.3,248.8,255.65,32318.0
2021-01-08 11:00:00,NSE:TCI,256.0,258.6,255.0,255.9,14368.0
2021-01-08 13:00:00,NSE:TCI,255.35,257.75,254.7,255.1,11103.0
2021-01-08 15:00:00,NSE:TCI,255.1,257.9,254.5,257.9,14749.0
2021-01-11 09:00:00,NSE:TCI,256.8,262.0,248.0,249.85,41743.0
2021-01-11 11:00:00,NSE:TCI,249.8,250.0,247.1,249.85,13125.0
2021-01-11 13:00:00,NSE:TCI,250.0,250.0,248.6,249.7,17360.0
2021-01-11 15:00:00,NSE:TCI,249.5,249.75,247.1,248.5,6201.0
2021-01-12 09:00:00,NSE:TCI,247.15,249.8,246.0,247.3,9785.0
2021-01-12 11:00:00,NSE:TCI,248.3,248.3,244.0,246.0,13940.0
2021-01-12 13:00:00,NSE:TCI,246.2,247.8,245.15,247.05,6311.0
2021-01-12 15:00:00,NSE:TCI,247.05,247.95,245.1,246.4,6019.0
2021-01-13 09:00:00,NSE:TCI,249.0,249.0,245.7,247.9,8352.0
2021-01-13 11:00:00,NSE:TCI,247.2,248.2,246.7,246.75,6615.0
2021-01-13 13:00:00,NSE:TCI,247.35,248.0,246.2,247.7,11510.0
2021-01-13 15:00:00,NSE:TCI,250.6,251.0,246.35,246.75,18634.0
2021-01-14 09:00:00,NSE:TCI,250.0,250.0,247.25,247.8,2728.0
2021-01-14 11:00:00,NSE:TCI,248.25,248.3,247.8,247.9,4062.0
2021-01-14 13:00:00,NSE:TCI,248.15,248.5,247.85,248.45,11507.0
2021-01-14 15:00:00,NSE:TCI,248.45,249.0,248.0,249.0,4394.0
2021-01-15 09:00:00,NSE:TCI,249.5,251.0,248.0,250.0,5699.0
2021-01-15 11:00:00,NSE:TCI,250.0,251.0,249.1,250.0,5392.0
2021-01-15 13:00:00,NSE:TCI,250.25,250.65,248.1,249.8,10483.0
2021-01-15 15:00:00,NSE:TCI,249.7,249.7,248.15,248.15,3020.0
2021-01-18 09:00:00,NSE:TCI,246.05,249.55,240.55,242.15,8217.0
2021-01-18 11:00:00,NSE:TCI,243.15,244.1,242.35,243.0,2372.0
2021-01-18 13:00:00,NSE:TCI,242.55,244.0,242.05,242.7,1417.0
2021-01-18 15:00:00,NSE:TCI,242.0,243.4,240.5,241.0,3585.0
2021-01-19 09:00:00,NSE:TCI,241.75,244.55,241.75,243.05,2753.0
2021-01-19 11:00:00,NSE:TCI,243.0,244.5,241.15,243.55,4803.0
2021-01-19 13:00:00,NSE:TCI,242.9,244.25,242.9,243.05,1143.0
2021-01-19 15:00:00,NSE:TCI,243.05,243.3,242.15,242.2,1753.0
2021-01-20 09:00:00,NSE:TCI,244.0,254.4,243.2,251.5,63838.0
2021-01-20 11:00:00,NSE:TCI,251.95,252.45,249.0,249.25,11657.0
2021-01-20 13:00:00,NSE:TCI,249.75,251.0,247.15,249.25,7603.0
2021-01-20 15:00:00,NSE:TCI,248.05,250.0,243.4,247.9,11995.0
2021-01-21 09:00:00,NSE:TCI,246.95,249.95,246.95,248.25,3149.0
2021-01-21 11:00:00,NSE:TCI,248.9,249.5,247.0,247.1,2510.0
2021-01-21 13:00:00,NSE:TCI,246.8,247.4,245.5,246.45,2367.0
2021-01-21 15:00:00,NSE:TCI,246.45,246.45,245.5,245.5,2710.0
2021-01-22 09:00:00,NSE:TCI,247.0,248.0,244.95,247.3,5287.0
2021-01-22 11:00:00,NSE:TCI,247.2,254.0,246.0,248.55,24242.0
2021-01-22 13:00:00,NSE:TCI,248.55,248.85,246.05,247.05,3227.0
2021-01-22 15:00:00,NSE:TCI,247.0,248.0,246.6,247.35,5356.0
2021-01-25 09:00:00,NSE:TCI,247.0,249.8,241.3,246.7,10478.0
2021-01-25 11:00:00,NSE:TCI,245.65,246.0,245.1,245.8,5400.0
2021-01-25 13:00:00,NSE:TCI,245.3,246.75,242.7,244.1,4382.0
2021-01-25 15:00:00,NSE:TCI,243.95,244.95,240.2,241.55,5916.0
2021-01-27 09:00:00,NSE:TCI,244.0,245.95,240.0,242.2,9267.0
2021-01-27 11:00:00,NSE:TCI,242.25,243.45,241.5,241.75,3832.0
2021-01-27 13:00:00,NSE:TCI,241.25,242.2,240.75,241.8,5684.0
2021-01-27 15:00:00,NSE:TCI,241.25,242.4,240.7,241.6,2480.0
2021-01-28 09:00:00,NSE:TCI,241.6,243.0,238.65,242.0,7074.0
2021-01-28 11:00:00,NSE:TCI,242.0,248.0,242.0,247.0,14035.0
2021-01-28 13:00:00,NSE:TCI,247.0,254.0,247.0,248.9,42547.0
2021-01-28 15:00:00,NSE:TCI,248.5,252.0,248.1,249.55,3729.0
2021-01-29 09:00:00,NSE:TCI,250.65,257.0,250.6,253.2,17724.0
2021-01-29 11:00:00,NSE:TCI,253.95,254.35,251.6,252.45,5223.0
2021-01-29 13:00:00,NSE:TCI,251.55,253.45,249.0,249.0,6740.0
2021-01-29 15:00:00,NSE:TCI,249.55,249.95,247.75,248.25,2103.0
2021-02-01 09:00:00,NSE:TCI,249.0,249.0,243.0,244.75,4340.0
2021-02-01 11:00:00,NSE:TCI,244.05,246.85,243.75,246.85,3075.0
2021-02-01 13:00:00,NSE:TCI,246.85,247.75,244.0,245.1,3303.0
2021-02-01 15:00:00,NSE:TCI,245.15,247.1,245.0,246.75,1582.0
2021-02-02 09:00:00,NSE:TCI,247.1,250.0,245.15,249.0,6061.0
2021-02-02 11:00:00,NSE:TCI,249.75,249.75,247.25,248.6,2446.0
2021-02-02 13:00:00,NSE:TCI,249.3,249.3,247.25,249.0,3600.0
2021-02-02 15:00:00,NSE:TCI,248.55,249.0,247.4,247.7,2842.0
2021-02-03 09:00:00,NSE:TCI,250.05,255.0,250.0,252.4,10842.0
2021-02-03 11:00:00,NSE:TCI,252.5,253.1,250.0,253.05,8040.0
2021-02-03 13:00:00,NSE:TCI,253.05,254.45,250.1,251.0,11241.0
2021-02-03 15:00:00,NSE:TCI,251.0,252.2,250.0,250.0,5547.0
2021-02-04 09:00:00,NSE:TCI,254.5,260.0,253.2,254.5,33083.0
2021-02-04 11:00:00,NSE:TCI,254.6,257.85,253.6,257.6,23971.0
2021-02-04 13:00:00,NSE:TCI,257.55,258.85,256.5,257.15,10785.0
2021-02-04 15:00:00,NSE:TCI,256.7,257.6,253.3,255.0,9504.0
2021-02-05 09:00:00,NSE:TCI,258.2,259.0,255.25,257.55,29185.0
2021-02-05 11:00:00,NSE:TCI,257.55,257.95,256.05,257.35,4263.0
2021-02-05 13:00:00,NSE:TCI,257.35,257.75,256.0,256.35,9262.0
2021-02-05 15:00:00,NSE:TCI,256.35,256.95,256.15,256.5,2877.0
2021-02-08 09:00:00,NSE:TCI,256.6,257.8,252.65,254.95,8512.0
2021-02-08 11:00:00,NSE:TCI,255.0,255.0,251.8,252.95,6669.0
2021-02-08 13:00:00,NSE:TCI,252.7,254.7,250.05,250.5,11465.0
2021-02-08 15:00:00,NSE:TCI,250.6,251.0,242.0,245.3,36675.0
2021-02-09 09:00:00,NSE:TCI,248.0,254.0,246.0,252.6,27628.0
2021-02-09 11:00:00,NSE:TCI,252.65,257.8,252.0,256.5,24201.0
2021-02-09 13:00:00,NSE:TCI,256.5,257.1,252.25,254.0,22950.0
2021-02-09 15:00:00,NSE:TCI,254.0,256.0,252.95,253.0,15189.0
2021-02-10 09:00:00,NSE:TCI,250.45,253.9,248.9,249.5,7224.0
2021-02-10 11:00:00,NSE:TCI,249.95,250.35,249.5,250.0,2387.0
2021-02-10 13:00:00,NSE:TCI,250.15,250.4,249.05,249.45,2010.0
2021-02-10 15:00:00,NSE:TCI,249.8,251.0,249.15,250.1,2982.0
2021-02-11 09:00:00,NSE:TCI,251.0,255.1,248.1,248.6,147193.0
2021-02-11 11:00:00,NSE:TCI,248.35,249.0,247.95,248.5,22582.0
2021-02-11 13:00:00,NSE:TCI,248.5,249.3,245.5,245.55,36576.0
2021-02-11 15:00:00,NSE:TCI,245.5,246.0,235.0,241.25,56559.0
2021-02-12 09:00:00,NSE:TCI,242.5,248.0,242.5,247.75,16778.0
2021-02-12 11:00:00,NSE:TCI,247.6,248.85,246.05,247.9,10255.0
2021-02-12 13:00:00,NSE:TCI,248.5,249.9,246.3,249.75,17998.0
2021-02-12 15:00:00,NSE:TCI,249.0,251.5,248.6,249.1,15664.0
2021-02-15 09:00:00,NSE:TCI,251.9,251.95,248.0,250.1,91602.0
2021-02-15 11:00:00,NSE:TCI,250.45,252.65,250.1,251.95,21637.0
2021-02-15 13:00:00,NSE:TCI,252.15,252.25,250.0,251.05,20929.0
2021-02-15 15:00:00,NSE:TCI,251.05,252.45,251.05,251.5,23683.0
2021-02-16 09:00:00,NSE:TCI,250.0,252.9,248.1,248.7,11347.0
2021-02-16 11:00:00,NSE:TCI,248.7,250.8,248.5,250.25,99808.0
2021-02-16 13:00:00,NSE:TCI,250.05,251.5,249.8,250.0,25872.0
2021-02-16 15:00:00,NSE:TCI,250.0,250.5,249.05,250.0,9085.0
2021-02-17 09:00:00,NSE:TCI,249.0,251.95,247.05,250.0,3992.0
2021-02-17 11:00:00,NSE:TCI,250.0,250.0,248.0,249.6,3174.0
2021-02-17 13:00:00,NSE:TCI,250.3,250.4,247.1,248.85,14349.0
2021-02-17 15:00:00,NSE:TCI,248.65,249.0,247.35,248.25,3722.0
2021-02-18 09:00:00,NSE:TCI,249.5,249.95,247.3,248.65,5653.0
2021-02-18 11:00:00,NSE:TCI,248.65,250.3,248.0,248.7,4358.0
2021-02-18 13:00:00,NSE:TCI,249.0,249.5,247.3,248.05,2862.0
2021-02-18 15:00:00,NSE:TCI,248.05,248.8,246.55,246.55,2834.0
2021-02-19 09:00:00,NSE:TCI,245.1,250.15,245.1,249.85,8512.0
2021-02-19 11:00:00,NSE:TCI,250.1,250.95,249.05,249.5,6548.0
2021-02-19 13:00:00,NSE:TCI,249.95,250.0,246.15,247.15,5366.0
2021-02-19 15:00:00,NSE:TCI,248.0,248.0,247.0,248.0,2399.0
2021-02-22 09:00:00,NSE:TCI,248.9,249.2,246.1,249.2,4580.0
2021-02-22 11:00:00,NSE:TCI,249.8,249.8,247.15,249.0,2753.0
2021-02-22 13:00:00,NSE:TCI,249.05,253.5,249.0,252.4,21557.0
2021-02-22 15:00:00,NSE:TCI,252.0,252.5,249.55,250.0,3641.0
2021-02-23 09:00:00,NSE:TCI,252.7,253.3,249.0,249.3,3877.0
2021-02-23 11:00:00,NSE:TCI,249.15,252.0,249.1,252.0,5167.0
2021-02-23 13:00:00,NSE:TCI,253.2,255.6,250.55,253.55,25798.0
2021-02-23 15:00:00,NSE:TCI,253.45,253.55,248.4,250.6,7714.0
2021-02-24 09:00:00,NSE:TCI,248.5,251.8,248.0,250.35,4913.0
2021-02-24 11:00:00,NSE:TCI,249.95,250.45,248.5,249.35,2922.0
2021-02-24 15:00:00,NSE:TCI,245.1,250.0,245.1,248.55,2201.0
2021-02-25 09:00:00,NSE:TCI,249.2,252.0,249.2,251.35,2949.0
2021-02-25 11:00:00,NSE:TCI,251.35,252.0,247.25,249.6,27735.0
2021-02-25 13:00:00,NSE:TCI,250.0,250.7,248.1,249.2,4248.0
2021-02-25 15:00:00,NSE:TCI,249.2,249.25,248.0,248.6,2851.0
2021-02-26 09:00:00,NSE:TCI,248.7,250.75,247.85,248.95,5533.0
2021-02-26 11:00:00,NSE:TCI,248.65,249.0,245.0,246.0,8295.0
2021-02-26 13:00:00,NSE:TCI,246.0,246.65,240.25,243.25,19419.0
2021-02-26 15:00:00,NSE:TCI,243.6,244.65,241.25,243.8,6211.0
2021-03-01 09:00:00,NSE:TCI,244.25,247.95,244.25,246.0,5228.0
2021-03-01 11:00:00,NSE:TCI,246.0,249.9,245.85,249.2,4270.0
2021-03-01 13:00:00,NSE:TCI,249.25,249.25,246.9,247.85,918.0
2021-03-01 15:00:00,NSE:TCI,248.0,248.0,245.05,245.25,2529.0
2021-03-02 09:00:00,NSE:TCI,248.1,248.1,242.1,245.15,15961.0
2021-03-02 11:00:00,NSE:TCI,245.0,245.7,242.1,243.05,12236.0
2021-03-02 13:00:00,NSE:TCI,244.1,246.75,243.3,244.95,18898.0
2021-03-02 15:00:00,NSE:TCI,245.0,246.5,244.4,245.2,6255.0
2021-03-03 09:00:00,NSE:TCI,246.2,251.4,246.2,249.15,15512.0
2021-03-03 11:00:00,NSE:TCI,249.6,249.9,246.0,246.95,31943.0
2021-03-03 13:00:00,NSE:TCI,246.95,247.9,244.1,244.65,25495.0
2021-03-03 15:00:00,NSE:TCI,244.95,245.0,244.3,244.95,4571.0
2021-03-04 09:00:00,NSE:TCI,246.0,249.95,244.85,249.8,19107.0
2021-03-04 11:00:00,NSE:TCI,249.8,251.0,246.6,248.35,63318.0
2021-03-04 13:00:00,NSE:TCI,248.35,249.95,246.45,247.5,12528.0
2021-03-04 15:00:00,NSE:TCI,247.5,248.45,246.5,247.35,8901.0
2021-03-05 09:00:00,NSE:TCI,250.0,263.0,248.35,251.0,152450.0
2021-03-05 11:00:00,NSE:TCI,251.0,251.85,249.9,250.95,19786.0
2021-03-05 13:00:00,NSE:TCI,250.95,252.55,245.1,245.85,64204.0
2021-03-05 15:00:00,NSE:TCI,245.85,247.0,245.0,246.0,9269.0
2021-03-08 09:00:00,NSE:TCI,247.25,265.0,247.25,250.0,58051.0
2021-03-08 11:00:00,NSE:TCI,250.1,250.4,249.05,250.1,30570.0
2021-03-08 13:00:00,NSE:TCI,250.1,250.2,247.6,249.15,107360.0
2021-03-08 15:00:00,NSE:TCI,249.55,249.7,247.1,248.1,8696.0
2021-03-09 09:00:00,NSE:TCI,251.0,256.3,248.95,249.95,290407.0
2021-03-09 11:00:00,NSE:TCI,249.95,250.75,247.35,248.85,21333.0
2021-03-09 13:00:00,NSE:TCI,248.85,249.15,247.05,248.7,24816.0
2021-03-09 15:00:00,NSE:TCI,248.0,248.7,245.15,247.05,17454.0
2021-03-10 09:00:00,NSE:TCI,247.5,250.0,247.5,249.9,13467.0
2021-03-10 11:00:00,NSE:TCI,249.9,250.0,248.15,249.6,6490.0
2021-03-10 13:00:00,NSE:TCI,249.6,250.1,247.05,247.3,105116.0
2021-03-10 15:00:00,NSE:TCI,247.1,248.1,246.25,247.3,8598.0
2021-03-12 09:00:00,NSE:TCI,248.5,250.15,246.0,248.0,15291.0
2021-03-12 11:00:00,NSE:TCI,248.0,249.45,246.2,248.95,30654.0
2021-03-12 13:00:00,NSE:TCI,249.0,249.0,243.35,243.65,14474.0
2021-03-12 15:00:00,NSE:TCI,244.0,245.65,243.55,244.35,5411.0
2021-03-15 09:00:00,NSE:TCI,249.4,249.4,244.0,246.25,25448.0
2021-03-15 11:00:00,NSE:TCI,246.25,246.35,240.2,241.8,13678.0
2021-03-15 13:00:00,NSE:TCI,241.65,245.0,240.0,242.1,22235.0
2021-03-15 15:00:00,NSE:TCI,242.1,244.85,242.05,244.85,3965.0
2021-03-16 09:00:00,NSE:TCI,244.6,247.85,243.7,246.55,15918.0
2021-03-16 11:00:00,NSE:TCI,246.55,246.75,245.0,246.65,6281.0
2021-03-16 13:00:00,NSE:TCI,246.6,246.65,244.55,244.9,156546.0
2021-03-16 15:00:00,NSE:TCI,245.2,245.2,242.45,243.35,6387.0
2021-03-17 09:00:00,NSE:TCI,244.6,246.45,243.35,244.9,9180.0
2021-03-17 11:00:00,NSE:TCI,244.85,245.55,243.45,244.2,107046.0
2021-03-17 13:00:00,NSE:TCI,244.2,245.1,242.5,243.0,9270.0
2021-03-17 15:00:00,NSE:TCI,243.0,243.0,242.5,243.0,9429.0
2021-03-18 09:00:00,NSE:TCI,243.75,245.0,241.9,243.0,4446.0
2021-03-18 11:00:00,NSE:TCI,243.0,244.8,242.0,243.3,5882.0
2021-03-18 13:00:00,NSE:TCI,241.55,242.4,240.0,240.7,9700.0
2021-03-18 15:00:00,NSE:TCI,241.35,242.95,240.4,242.5,3226.0
2021-03-19 09:00:00,NSE:TCI,240.05,243.85,240.05,242.35,12665.0
2021-03-19 11:00:00,NSE:TCI,242.7,246.0,241.55,242.7,6356.0
2021-03-19 13:00:00,NSE:TCI,243.35,243.7,241.5,243.0,4042.0
2021-03-19 15:00:00,NSE:TCI,242.85,243.65,240.1,240.85,3788.0
2021-03-22 09:00:00,NSE:TCI,244.9,259.55,244.7,255.0,276283.0
2021-03-22 11:00:00,NSE:TCI,254.9,258.4,253.55,255.0,184805.0
2021-03-22 13:00:00,NSE:TCI,255.0,257.4,254.25,255.7,78486.0
2021-03-22 15:00:00,NSE:TCI,256.0,260.7,255.7,258.65,116043.0
2021-03-23 09:00:00,NSE:TCI,261.0,269.0,260.3,264.0,191442.0
2021-03-23 11:00:00,NSE:TCI,264.3,266.85,263.1,265.1,69928.0
2021-03-23 13:00:00,NSE:TCI,265.1,266.25,264.75,265.45,28687.0
2021-03-23 15:00:00,NSE:TCI,265.45,266.25,264.65,265.05,37479.0
2021-03-24 09:00:00,NSE:TCI,266.0,271.9,266.0,271.35,95229.0
2021-03-24 11:00:00,NSE:TCI,270.75,271.85,269.5,270.35,41333.0
2021-03-24 13:00:00,NSE:TCI,270.3,270.95,265.2,270.0,69728.0
2021-03-24 15:00:00,NSE:TCI,270.0,271.0,267.95,270.1,34172.0
2021-03-25 09:00:00,NSE:TCI,269.85,272.35,251.95,252.4,77314.0
2021-03-25 11:00:00,NSE:TCI,252.5,255.2,250.15,254.5,24272.0
2021-03-25 13:00:00,NSE:TCI,254.45,256.5,251.45,255.1,24327.0
2021-03-25 15:00:00,NSE:TCI,255.1,255.1,241.0,247.6,45155.0
2021-03-26 09:00:00,NSE:TCI,251.0,255.3,251.0,253.9,26891.0
2021-03-26 11:00:00,NSE:TCI,254.0,254.7,251.85,254.65,16086.0
2021-03-26 13:00:00,NSE:TCI,254.25,256.0,253.45,255.2,8903.0
2021-03-26 15:00:00,NSE:TCI,255.0,265.0,255.0,260.45,21571.0
2021-03-30 09:00:00,NSE:TCI,260.45,267.65,260.45,264.0,32494.0
2021-03-30 11:00:00,NSE:TCI,264.0,264.55,262.25,263.85,27400.0
2021-03-30 13:00:00,NSE:TCI,263.85,264.2,261.7,262.55,10014.0
2021-03-30 15:00:00,NSE:TCI,262.6,264.25,261.3,262.25,25465.0
2021-03-31 09:00:00,NSE:TCI,263.6,266.95,263.1,264.2,12576.0
2021-03-31 11:00:00,NSE:TCI,264.2,265.45,263.1,264.0,8697.0
2021-03-31 13:00:00,NSE:TCI,264.0,264.0,255.4,258.05,12633.0
2021-03-31 15:00:00,NSE:TCI,258.05,258.05,254.0,256.15,5179.0
2021-04-01 09:00:00,NSE:TCI,257.0,264.7,257.0,263.3,13403.0
2021-04-01 11:00:00,NSE:TCI,263.3,265.25,263.0,264.5,20308.0
2021-04-01 13:00:00,NSE:TCI,264.65,264.85,263.1,263.5,4897.0
2021-04-01 15:00:00,NSE:TCI,263.5,265.25,263.05,264.95,7415.0
2021-04-05 09:00:00,NSE:TCI,267.8,267.8,255.0,257.1,16879.0
2021-04-05 11:00:00,NSE:TCI,257.25,259.55,256.7,259.0,3907.0
2021-04-05 13:00:00,NSE:TCI,258.5,258.5,256.6,257.0,5074.0
2021-04-05 15:00:00,NSE:TCI,257.15,259.75,257.15,258.5,10366.0
2021-04-06 09:00:00,NSE:TCI,259.3,262.5,256.25,261.85,9591.0
2021-04-06 11:00:00,NSE:TCI,262.0,264.1,260.7,262.0,20418.0
2021-04-06 13:00:00,NSE:TCI,262.5,263.95,261.65,263.5,16294.0
2021-04-06 15:00:00,NSE:TCI,263.65,263.95,260.0,263.2,6275.0
2021-04-07 09:00:00,NSE:TCI,262.0,263.15,259.75,260.65,6630.0
2021-04-07 11:00:00,NSE:TCI,260.65,262.95,259.75,261.55,6818.0
2021-04-07 13:00:00,NSE:TCI,261.45,262.1,260.0,260.3,3601.0
2021-04-07 15:00:00,NSE:TCI,261.1,261.45,258.9,260.05,3695.0
2021-04-08 09:00:00,NSE:TCI,264.0,266.2,261.2,266.0,17874.0
2021-04-08 11:00:00,NSE:TCI,265.25,266.2,264.8,265.55,12397.0
2021-04-08 13:00:00,NSE:TCI,265.95,269.8,265.0,266.75,23581.0
2021-04-08 15:00:00,NSE:TCI,266.75,268.0,265.2,265.45,9676.0
2021-04-09 09:00:00,NSE:TCI,267.15,267.8,262.0,266.95,14696.0
2021-04-09 11:00:00,NSE:TCI,266.95,288.5,266.95,287.6,212386.0
2021-04-09 13:00:00,NSE:TCI,288.3,288.45,278.65,282.1,155521.0
2021-04-09 15:00:00,NSE:TCI,282.15,283.05,281.0,281.85,34782.0
2021-04-12 09:00:00,NSE:TCI,273.95,273.95,263.0,269.1,46298.0
2021-04-12 11:00:00,NSE:TCI,269.05,270.7,268.5,269.35,19942.0
2021-04-12 13:00:00,NSE:TCI,269.0,270.95,268.55,269.95,11051.0
2021-04-12 15:00:00,NSE:TCI,270.0,272.0,266.2,270.0,8183.0
2021-04-13 09:00:00,NSE:TCI,268.0,277.95,264.1,266.5,16286.0
2021-04-13 11:00:00,NSE:TCI,267.05,267.7,262.0,262.15,9263.0
2021-04-13 13:00:00,NSE:TCI,262.05,262.05,254.1,259.35,35483.0
2021-04-13 15:00:00,NSE:TCI,259.7,259.7,255.1,256.55,10768.0
2021-04-15 09:00:00,NSE:TCI,257.0,263.9,256.05,262.0,22897.0
2021-04-15 11:00:00,NSE:TCI,262.0,267.0,261.3,262.85,11876.0
2021-04-15 13:00:00,NSE:TCI,262.25,265.4,261.6,262.25,7764.0
2021-04-15 15:00:00,NSE:TCI,262.8,268.0,261.55,262.5,7167.0
2021-04-16 09:00:00,NSE:TCI,260.0,271.1,260.0,269.65,16471.0
2021-04-16 11:00:00,NSE:TCI,270.0,271.9,267.0,270.1,25564.0
2021-04-16 13:00:00,NSE:TCI,269.85,273.2,268.95,272.8,17006.0
2021-04-16 15:00:00,NSE:TCI,272.75,272.75,267.9,269.95,10569.0
2021-04-19 09:00:00,NSE:TCI,262.25,266.0,260.5,264.15,11671.0
2021-04-19 11:00:00,NSE:TCI,263.75,264.9,258.35,263.5,10626.0
2021-04-19 13:00:00,NSE:TCI,263.55,265.0,262.75,263.25,4606.0
2021-04-19 15:00:00,NSE:TCI,263.55,264.1,260.55,262.9,6302.0
2021-04-20 09:00:00,NSE:TCI,262.95,269.0,259.95,267.0,18106.0
2021-04-20 11:00:00,NSE:TCI,266.7,267.9,257.0,261.75,15375.0
2021-04-20 13:00:00,NSE:TCI,261.95,274.9,261.95,267.85,23527.0
2021-04-20 15:00:00,NSE:TCI,268.0,273.8,267.35,271.7,9717.0
2021-04-22 09:00:00,NSE:TCI,266.0,269.05,266.0,268.5,10369.0
2021-04-22 11:00:00,NSE:TCI,268.1,269.1,267.15,267.7,4701.0
2021-04-22 13:00:00,NSE:TCI,267.15,268.85,267.15,267.65,3683.0
2021-04-22 15:00:00,NSE:TCI,267.25,267.25,265.5,265.95,4895.0
2021-04-23 09:00:00,NSE:TCI,269.0,269.0,265.0,268.0,6757.0
2021-04-23 11:00:00,NSE:TCI,268.0,268.0,266.6,267.15,2906.0
2021-04-23 13:00:00,NSE:TCI,266.55,268.5,266.55,267.45,5573.0
2021-04-23 15:00:00,NSE:TCI,267.4,268.0,267.0,267.0,2895.0
2021-04-26 09:00:00,NSE:TCI,269.0,269.0,264.5,266.0,8430.0
2021-04-26 11:00:00,NSE:TCI,266.25,266.35,265.8,265.9,2304.0
2021-04-26 13:00:00,NSE:TCI,265.9,266.25,265.25,266.0,8699.0
2021-04-26 15:00:00,NSE:TCI,265.75,267.2,265.4,267.0,9188.0
2021-04-27 09:00:00,NSE:TCI,262.2,267.7,262.2,266.15,4492.0
2021-04-27 11:00:00,NSE:TCI,265.55,267.3,265.0,266.4,8368.0
2021-04-27 13:00:00,NSE:TCI,266.15,268.3,266.15,267.5,4043.0
2021-04-27 15:00:00,NSE:TCI,268.1,268.1,265.85,266.9,2334.0
2021-04-28 09:00:00,NSE:TCI,268.1,268.9,265.3,265.6,3046.0
2021-04-28 11:00:00,NSE:TCI,265.6,265.65,264.0,264.7,2992.0
2021-04-28 13:00:00,NSE:TCI,264.25,265.0,262.45,264.65,4969.0
2021-04-28 15:00:00,NSE:TCI,264.35,265.15,263.5,263.5,4127.0
2021-04-29 09:00:00,NSE:TCI,267.7,267.7,262.45,265.2,13065.0
2021-04-29 11:00:00,NSE:TCI,265.0,266.0,264.7,266.0,2711.0
2021-04-29 13:00:00,NSE:TCI,266.15,267.25,265.0,265.0,3204.0
2021-04-29 15:00:00,NSE:TCI,265.15,265.95,264.7,265.9,5221.0
2021-04-30 09:00:00,NSE:TCI,263.05,266.65,261.95,265.1,11142.0
2021-04-30 11:00:00,NSE:TCI,265.0,267.0,264.95,266.05,5255.0
2021-04-30 13:00:00,NSE:TCI,266.05,266.05,264.75,265.0,7572.0
2021-04-30 15:00:00,NSE:TCI,264.95,265.0,263.55,264.5,5656.0
2021-05-03 09:00:00,NSE:TCI,263.7,266.7,262.85,264.3,10865.0
2021-05-03 11:00:00,NSE:TCI,264.45,266.0,264.0,265.5,3435.0
2021-05-03 13:00:00,NSE:TCI,265.9,266.0,265.05,265.5,4152.0
2021-05-03 15:00:00,NSE:TCI,266.0,269.0,265.2,267.15,6313.0
2021-05-04 09:00:00,NSE:TCI,267.75,274.75,267.75,274.0,12619.0
2021-05-04 11:00:00,NSE:TCI,274.0,274.55,270.95,272.55,3692.0
2021-05-04 13:00:00,NSE:TCI,272.05,272.05,267.25,268.0,7323.0
2021-05-04 15:00:00,NSE:TCI,268.65,271.95,268.65,271.9,2465.0
2021-05-05 09:00:00,NSE:TCI,275.3,275.3,270.15,272.55,4844.0
2021-05-05 11:00:00,NSE:TCI,272.7,277.0,272.0,276.0,15941.0
2021-05-05 13:00:00,NSE:TCI,276.0,276.9,274.0,276.6,9740.0
2021-05-05 15:00:00,NSE:TCI,275.6,278.0,269.0,275.55,16850.0
2021-05-06 09:00:00,NSE:TCI,276.95,279.85,276.1,276.8,4587.0
2021-05-06 11:00:00,NSE:TCI,276.8,284.0,275.65,278.85,26763.0
2021-05-06 13:00:00,NSE:TCI,278.7,279.75,277.0,279.65,6584.0
2021-05-06 15:00:00,NSE:TCI,279.05,282.8,271.25,277.3,5985.0
2021-05-07 09:00:00,NSE:TCI,278.85,284.75,277.75,282.75,19883.0
2021-05-07 11:00:00,NSE:TCI,282.75,291.0,282.05,286.0,58482.0
2021-05-07 13:00:00,NSE:TCI,286.5,286.95,284.05,285.95,12411.0
2021-05-07 15:00:00,NSE:TCI,285.5,286.45,280.8,281.25,20048.0
2021-05-10 09:00:00,NSE:TCI,283.15,290.0,282.0,287.95,24576.0
2021-05-10 11:00:00,NSE:TCI,288.1,290.0,285.0,285.35,9936.0
2021-05-10 13:00:00,NSE:TCI,285.35,286.9,283.0,284.65,9929.0
2021-05-10 15:00:00,NSE:TCI,284.75,287.0,282.75,285.45,4885.0
2021-05-11 09:00:00,NSE:TCI,283.0,285.0,280.0,284.0,9230.0
2021-05-11 11:00:00,NSE:TCI,283.95,284.35,281.1,283.55,13868.0
2021-05-11 13:00:00,NSE:TCI,283.6,284.15,283.0,283.85,4815.0
2021-05-11 15:00:00,NSE:TCI,283.85,289.3,280.1,289.0,8583.0
2021-05-12 09:00:00,NSE:TCI,289.95,300.75,285.7,292.3,73780.0
2021-05-12 11:00:00,NSE:TCI,292.3,295.0,288.6,290.15,17627.0
2021-05-12 13:00:00,NSE:TCI,290.15,290.75,285.0,285.0,11792.0
2021-05-12 15:00:00,NSE:TCI,285.5,286.55,283.1,284.25,8205.0
2021-05-14 09:00:00,NSE:TCI,289.25,289.25,279.0,282.5,14516.0
2021-05-14 11:00:00,NSE:TCI,282.5,282.5,274.5,276.25,13036.0
2021-05-14 13:00:00,NSE:TCI,276.5,277.9,275.15,276.0,3915.0
2021-05-14 15:00:00,NSE:TCI,276.0,276.0,271.0,273.1,6720.0
2021-05-17 09:00:00,NSE:TCI,275.45,282.5,275.45,278.5,9253.0
2021-05-17 11:00:00,NSE:TCI,278.5,278.55,276.85,278.05,2762.0
2021-05-17 13:00:00,NSE:TCI,277.95,282.5,277.3,281.05,7392.0
2021-05-17 15:00:00,NSE:TCI,281.0,283.3,280.0,281.55,2776.0
2021-05-18 09:00:00,NSE:TCI,282.95,285.0,279.55,282.3,9285.0
2021-05-18 11:00:00,NSE:TCI,282.3,283.6,274.2,282.2,16049.0
2021-05-18 13:00:00,NSE:TCI,282.2,309.7,280.7,300.8,476988.0
2021-05-18 15:00:00,NSE:TCI,300.9,308.15,293.0,300.75,192333.0
2021-05-19 09:00:00,NSE:TCI,301.0,310.0,298.2,300.8,48760.0
2021-05-19 11:00:00,NSE:TCI,300.8,303.0,296.15,299.1,17466.0
2021-05-19 13:00:00,NSE:TCI,299.45,301.0,292.0,293.35,15697.0
2021-05-19 15:00:00,NSE:TCI,293.25,299.15,292.0,295.45,26797.0
2021-05-20 09:00:00,NSE:TCI,297.85,308.3,290.9,302.5,87043.0
2021-05-20 11:00:00,NSE:TCI,302.5,304.45,299.7,302.45,18595.0
2021-05-20 13:00:00,NSE:TCI,302.45,310.0,300.95,302.0,121924.0
2021-05-20 15:00:00,NSE:TCI,301.5,305.95,301.0,302.8,22106.0
2021-05-21 09:00:00,NSE:TCI,307.85,318.0,304.35,313.7,108280.0
2021-05-21 11:00:00,NSE:TCI,313.7,313.7,310.0,311.65,27037.0
2021-05-21 13:00:00,NSE:TCI,311.7,312.0,310.0,310.55,30005.0
2021-05-21 15:00:00,NSE:TCI,310.75,312.0,310.15,311.0,16718.0
2021-05-24 09:00:00,NSE:TCI,309.6,319.0,307.5,317.45,33632.0
2021-05-24 11:00:00,NSE:TCI,317.45,317.95,314.6,315.5,16096.0
2021-05-24 13:00:00,NSE:TCI,315.05,317.0,312.0,313.35,19245.0
2021-05-24 15:00:00,NSE:TCI,313.95,314.0,310.1,312.55,10752.0
2021-05-25 09:00:00,NSE:TCI,316.45,318.35,313.55,314.45,23028.0
2021-05-25 11:00:00,NSE:TCI,314.4,316.2,313.2,314.05,13919.0
2021-05-25 13:00:00,NSE:TCI,314.1,314.15,300.1,305.4,34140.0
2021-05-25 15:00:00,NSE:TCI,305.4,309.0,302.15,305.5,10786.0
2021-05-26 09:00:00,NSE:TCI,325.0,351.8,313.35,348.0,876520.0
2021-05-26 11:00:00,NSE:TCI,348.0,364.65,347.0,359.45,1323431.0
2021-05-26 13:00:00,NSE:TCI,359.05,366.6,357.0,366.6,435013.0
2021-05-26 15:00:00,NSE:TCI,366.6,366.6,366.6,366.6,6924.0
2021-05-27 09:00:00,NSE:TCI,379.0,390.0,356.0,356.95,836204.0
2021-05-27 11:00:00,NSE:TCI,356.95,360.95,356.0,358.25,113217.0
2021-05-27 13:00:00,NSE:TCI,358.65,360.0,356.2,358.45,119495.0
2021-05-27 15:00:00,NSE:TCI,358.45,358.9,348.0,353.65,126828.0
2021-05-28 09:00:00,NSE:TCI,356.95,381.25,356.95,375.2,529546.0
2021-05-28 11:00:00,NSE:TCI,375.85,423.0,375.4,418.2,2433020.0
2021-05-28 13:00:00,NSE:TCI,418.2,424.0,413.8,415.85,636147.0
2021-05-28 15:00:00,NSE:TCI,417.15,424.35,415.15,421.7,425395.0
2021-05-31 09:00:00,NSE:TCI,426.0,495.0,426.0,487.0,3803338.0
2021-05-31 11:00:00,NSE:TCI,487.7,487.7,468.15,473.0,1360814.0
2021-05-31 13:00:00,NSE:TCI,473.5,484.0,463.4,476.95,1649708.0
2021-05-31 15:00:00,NSE:TCI,476.9,489.0,462.35,475.15,713587.0
2021-06-01 09:00:00,NSE:TCI,481.7,509.95,468.25,472.2,913743.0
2021-06-01 11:00:00,NSE:TCI,471.55,488.0,471.55,477.4,256007.0
2021-06-01 13:00:00,NSE:TCI,477.4,487.55,473.3,478.95,165968.0
2021-06-01 15:00:00,NSE:TCI,478.3,480.0,474.85,476.25,132723.0
2021-06-02 09:00:00,NSE:TCI,469.9,473.8,438.0,446.1,435478.0
2021-06-02 11:00:00,NSE:TCI,446.1,446.1,437.1,441.7,166278.0
2021-06-02 13:00:00,NSE:TCI,441.7,443.45,438.5,439.5,103792.0
2021-06-02 15:00:00,NSE:TCI,439.45,443.0,438.1,439.9,104754.0
2021-06-03 09:00:00,NSE:TCI,445.0,459.85,440.2,446.2,193546.0
2021-06-03 11:00:00,NSE:TCI,446.25,447.0,441.9,443.3,48630.0
2021-06-03 13:00:00,NSE:TCI,443.05,443.35,434.0,439.45,80700.0
2021-06-03 15:00:00,NSE:TCI,439.45,441.3,438.55,440.0,40478.0
2021-06-04 09:00:00,NSE:TCI,443.4,449.0,442.45,443.6,73091.0
2021-06-04 11:00:00,NSE:TCI,443.1,444.7,438.2,440.4,35115.0
2021-06-04 13:00:00,NSE:TCI,440.4,440.5,436.05,439.5,29312.0
2021-06-04 15:00:00,NSE:TCI,439.9,440.0,437.85,438.7,28792.0
2021-06-07 09:00:00,NSE:TCI,443.4,444.6,436.55,438.75,52237.0
2021-06-07 11:00:00,NSE:TCI,438.75,438.9,435.0,436.55,31364.0
2021-06-07 13:00:00,NSE:TCI,436.55,436.55,433.0,434.0,21916.0
2021-06-07 15:00:00,NSE:TCI,433.5,434.95,431.6,434.3,17503.0
2021-06-08 09:00:00,NSE:TCI,435.5,437.9,424.0,425.8,44511.0
2021-06-08 11:00:00,NSE:TCI,425.0,427.15,425.0,426.0,11670.0
2021-06-08 13:00:00,NSE:TCI,426.0,426.0,424.05,425.0,14164.0
2021-06-08 15:00:00,NSE:TCI,425.0,426.0,423.0,425.0,14147.0
2021-06-09 09:00:00,NSE:TCI,426.0,467.2,417.1,454.0,439124.0
2021-06-09 11:00:00,NSE:TCI,453.95,456.8,451.0,454.7,47161.0
2021-06-09 13:00:00,NSE:TCI,455.0,455.0,441.0,449.95,50842.0
2021-06-09 15:00:00,NSE:TCI,449.95,452.7,446.0,450.3,27909.0
2021-06-10 09:00:00,NSE:TCI,453.9,454.8,443.1,447.5,38811.0
2021-06-10 11:00:00,NSE:TCI,447.5,448.45,446.45,446.9,22673.0
2021-06-10 13:00:00,NSE:TCI,446.9,447.0,439.0,443.95,25058.0
2021-06-10 15:00:00,NSE:TCI,443.9,448.5,443.45,445.3,10043.0
2021-06-11 09:00:00,NSE:TCI,445.3,449.3,441.25,442.7,15981.0
2021-06-11 11:00:00,NSE:TCI,442.7,442.7,427.1,435.3,20388.0
2021-06-11 13:00:00,NSE:TCI,435.3,439.55,432.1,436.45,9598.0
2021-06-11 15:00:00,NSE:TCI,436.45,439.55,435.0,438.75,7758.0
2021-06-14 09:00:00,NSE:TCI,438.75,453.0,419.3,443.5,61479.0
2021-06-14 11:00:00,NSE:TCI,443.5,443.5,436.85,441.5,11945.0
2021-06-14 13:00:00,NSE:TCI,441.45,443.0,434.65,439.2,10901.0
2021-06-14 15:00:00,NSE:TCI,439.2,440.0,432.95,436.55,9947.0
2021-06-15 09:00:00,NSE:TCI,436.55,451.6,436.55,446.95,55453.0
2021-06-15 11:00:00,NSE:TCI,446.7,446.7,440.3,441.55,9661.0
2021-06-15 13:00:00,NSE:TCI,441.7,444.35,440.1,443.6,9434.0
2021-06-15 15:00:00,NSE:TCI,443.0,443.85,438.6,440.5,5449.0
2021-06-16 09:00:00,NSE:TCI,455.0,455.9,398.0,442.85,65504.0
2021-06-16 11:00:00,NSE:TCI,443.45,448.0,440.0,444.7,12286.0
2021-06-16 13:00:00,NSE:TCI,444.8,445.0,440.25,442.25,7513.0
2021-06-16 15:00:00,NSE:TCI,442.05,442.05,436.0,438.9,11544.0
2021-06-17 09:00:00,NSE:TCI,438.5,448.6,405.25,428.6,46440.0
2021-06-17 11:00:00,NSE:TCI,428.0,428.65,426.65,426.8,13378.0
2021-06-17 13:00:00,NSE:TCI,426.65,428.55,422.0,425.65,10123.0
2021-06-17 15:00:00,NSE:TCI,425.65,428.6,422.0,426.3,6552.0
2021-06-18 09:00:00,NSE:TCI,434.45,445.4,408.0,412.9,47855.0
2021-06-18 11:00:00,NSE:TCI,411.6,420.0,410.0,419.0,27348.0
2021-06-18 13:00:00,NSE:TCI,419.0,428.9,418.0,425.5,12282.0
2021-06-18 15:00:00,NSE:TCI,426.1,426.1,420.0,424.0,10354.0
2021-06-21 09:00:00,NSE:TCI,425.0,437.0,420.3,429.45,19254.0
2021-06-21 11:00:00,NSE:TCI,429.0,430.0,427.0,428.5,4534.0
2021-06-21 13:00:00,NSE:TCI,428.5,429.85,423.1,428.65,7122.0
2021-06-21 15:00:00,NSE:TCI,428.65,428.8,422.1,425.55,8099.0
2021-06-22 09:00:00,NSE:TCI,429.85,436.05,426.1,431.9,14903.0
2021-06-22 11:00:00,NSE:TCI,431.95,432.8,428.0,431.3,6593.0
2021-06-22 13:00:00,NSE:TCI,431.3,431.9,430.0,430.95,3298.0
2021-06-22 15:00:00,NSE:TCI,430.95,431.5,425.0,428.75,6117.0
2021-06-23 09:00:00,NSE:TCI,432.2,436.0,421.05,426.0,14760.0
2021-06-23 11:00:00,NSE:TCI,426.0,426.9,423.2,425.0,3857.0
2021-06-23 13:00:00,NSE:TCI,425.0,427.55,420.45,423.0,9197.0
2021-06-23 15:00:00,NSE:TCI,424.65,426.0,421.5,423.55,5203.0
2021-06-24 09:00:00,NSE:TCI,426.95,428.75,420.1,420.8,11588.0
2021-06-24 11:00:00,NSE:TCI,420.8,425.0,420.1,422.05,5858.0
2021-06-24 13:00:00,NSE:TCI,423.6,425.05,419.15,420.05,11561.0
2021-06-24 15:00:00,NSE:TCI,421.4,422.9,418.0,420.75,4346.0
2021-06-25 09:00:00,NSE:TCI,420.75,440.0,420.75,430.7,35112.0
2021-06-25 11:00:00,NSE:TCI,430.75,432.25,429.0,429.4,80625.0
2021-06-25 13:00:00,NSE:TCI,429.85,430.3,425.1,426.05,11427.0
2021-06-25 15:00:00,NSE:TCI,426.75,426.85,421.0,424.35,6948.0
2021-06-28 09:00:00,NSE:TCI,427.75,427.75,421.7,423.9,6060.0
2021-06-28 11:00:00,NSE:TCI,424.0,424.0,416.5,420.1,12932.0
2021-06-28 13:00:00,NSE:TCI,420.1,421.85,419.0,419.8,4702.0
2021-06-28 15:00:00,NSE:TCI,420.0,424.3,419.95,422.2,11832.0
2021-06-29 09:00:00,NSE:TCI,420.05,427.0,420.05,422.5,7943.0
2021-06-29 11:00:00,NSE:TCI,422.1,422.7,421.0,421.25,3341.0
2021-06-29 13:00:00,NSE:TCI,421.25,422.8,419.05,419.8,3605.0
2021-06-29 15:00:00,NSE:TCI,419.6,421.45,417.2,417.2,6864.0
2021-06-30 09:00:00,NSE:TCI,420.55,422.75,415.0,420.35,7341.0
2021-06-30 11:00:00,NSE:TCI,420.05,421.45,416.0,420.5,35978.0
2021-06-30 13:00:00,NSE:TCI,420.5,421.0,416.3,416.3,7171.0
2021-06-30 15:00:00,NSE:TCI,416.3,418.25,415.0,416.2,9402.0
2021-07-01 09:00:00,NSE:TCI,419.55,420.0,416.2,419.0,5370.0
2021-07-01 11:00:00,NSE:TCI,419.05,419.05,411.95,411.95,8390.0
2021-07-01 13:00:00,NSE:TCI,411.95,416.75,410.95,415.0,3122.0
2021-07-01 15:00:00,NSE:TCI,415.0,418.3,415.0,417.0,2428.0
2021-07-02 09:00:00,NSE:TCI,419.2,419.2,408.05,410.6,18776.0
2021-07-02 11:00:00,NSE:TCI,410.5,412.45,408.0,410.55,12353.0
2021-07-02 13:00:00,NSE:TCI,410.55,411.1,407.45,410.05,12766.0
2021-07-02 15:00:00,NSE:TCI,410.1,411.95,408.6,410.25,8338.0
2021-07-05 09:00:00,NSE:TCI,411.95,423.8,408.05,412.05,27947.0
2021-07-05 11:00:00,NSE:TCI,412.85,414.45,411.35,413.25,7879.0
2021-07-05 13:00:00,NSE:TCI,413.25,413.3,408.6,411.0,13557.0
2021-07-05 15:00:00,NSE:TCI,411.0,411.95,410.0,410.7,4599.0
2021-07-06 09:00:00,NSE:TCI,411.0,418.0,407.0,411.0,10975.0
2021-07-06 11:00:00,NSE:TCI,411.5,412.6,406.0,408.1,22568.0
2021-07-06 13:00:00,NSE:TCI,407.9,409.05,403.25,405.35,11541.0
2021-07-06 15:00:00,NSE:TCI,405.85,405.85,404.05,404.8,4190.0
2021-07-07 09:00:00,NSE:TCI,409.75,410.0,404.2,407.0,6616.0
2021-07-07 11:00:00,NSE:TCI,407.0,407.75,402.0,405.5,6294.0
2021-07-07 13:00:00,NSE:TCI,406.25,407.0,402.65,407.0,5080.0
2021-07-07 15:00:00,NSE:TCI,407.0,408.0,402.0,404.1,7836.0
2021-07-08 09:00:00,NSE:TCI,406.95,408.0,402.0,403.25,6105.0
2021-07-08 11:00:00,NSE:TCI,402.85,405.95,400.0,400.1,8864.0
2021-07-08 13:00:00,NSE:TCI,400.8,401.4,395.0,395.9,11861.0
2021-07-08 15:00:00,NSE:TCI,395.9,396.0,394.3,395.4,7348.0
2021-07-09 09:00:00,NSE:TCI,391.45,395.0,390.0,392.8,16525.0
2021-07-09 11:00:00,NSE:TCI,392.55,396.5,389.0,395.0,16309.0
2021-07-09 13:00:00,NSE:TCI,395.05,403.0,393.45,397.1,19931.0
2021-07-09 15:00:00,NSE:TCI,396.95,398.0,393.8,396.6,5678.0
2021-07-12 09:00:00,NSE:TCI,399.7,409.45,395.4,406.0,30130.0
2021-07-12 11:00:00,NSE:TCI,406.0,406.05,395.5,403.0,23732.0
2021-07-12 13:00:00,NSE:TCI,403.0,403.5,396.95,398.5,15164.0
2021-07-12 15:00:00,NSE:TCI,399.65,400.8,397.35,399.45,3784.0
2021-07-13 09:00:00,NSE:TCI,402.65,407.0,400.0,400.0,11268.0
2021-07-13 11:00:00,NSE:TCI,401.1,405.35,400.05,404.15,6133.0
2021-07-13 13:00:00,NSE:TCI,404.15,404.15,399.25,400.2,12669.0
2021-07-13 15:00:00,NSE:TCI,400.2,401.8,399.0,399.55,4127.0
2021-07-14 09:00:00,NSE:TCI,401.0,403.0,396.1,398.0,9400.0
2021-07-14 11:00:00,NSE:TCI,398.0,399.0,396.85,398.0,8701.0
2021-07-14 13:00:00,NSE:TCI,398.15,400.6,398.0,400.0,3219.0
2021-07-14 15:00:00,NSE:TCI,400.1,401.0,398.6,400.05,4995.0
2021-07-15 09:00:00,NSE:TCI,403.95,403.95,398.3,399.25,9918.0
2021-07-15 11:00:00,NSE:TCI,399.2,410.0,398.05,401.15,15806.0
2021-07-15 13:00:00,NSE:TCI,402.65,405.95,401.45,402.75,3747.0
2021-07-15 15:00:00,NSE:TCI,403.0,405.95,402.35,404.35,3156.0
2021-07-16 09:00:00,NSE:TCI,407.5,412.3,404.0,405.1,24170.0
2021-07-16 11:00:00,NSE:TCI,405.2,407.0,402.9,405.3,18752.0
2021-07-16 13:00:00,NSE:TCI,405.3,406.65,401.55,402.5,16581.0
2021-07-16 15:00:00,NSE:TCI,402.6,402.6,399.05,400.7,7413.0
2021-07-19 09:00:00,NSE:TCI,400.7,405.0,395.1,402.75,16987.0
2021-07-19 11:00:00,NSE:TCI,402.75,417.45,399.55,408.4,1065386.0
2021-07-19 13:00:00,NSE:TCI,408.4,415.4,408.05,411.75,21514.0
2021-07-19 15:00:00,NSE:TCI,410.55,412.7,410.0,411.65,12926.0
2021-07-20 09:00:00,NSE:TCI,419.7,419.7,401.55,404.75,51033.0
2021-07-20 11:00:00,NSE:TCI,405.75,412.9,395.95,408.0,25728.0
2021-07-20 13:00:00,NSE:TCI,408.35,414.0,405.3,405.3,12764.0
2021-07-20 15:00:00,NSE:TCI,406.45,406.7,401.3,404.5,5785.0
2021-07-22 09:00:00,NSE:TCI,411.2,423.8,407.4,417.55,84169.0
2021-07-22 11:00:00,NSE:TCI,417.6,418.0,412.5,414.7,21831.0
2021-07-22 13:00:00,NSE:TCI,415.0,416.0,413.05,415.7,13338.0
2021-07-22 15:00:00,NSE:TCI,415.7,415.7,412.0,414.15,6981.0
2021-07-23 09:00:00,NSE:TCI,421.95,421.95,410.45,414.25,9188.0
2021-07-23 11:00:00,NSE:TCI,414.25,414.25,411.65,413.4,11059.0
2021-07-23 13:00:00,NSE:TCI,413.4,413.65,411.05,412.25,11753.0
2021-07-23 15:00:00,NSE:TCI,412.0,413.65,412.0,413.65,8043.0
2021-07-26 09:00:00,NSE:TCI,416.0,416.0,405.25,411.5,15934.0
2021-07-26 11:00:00,NSE:TCI,412.0,414.7,412.0,412.5,11079.0
2021-07-26 13:00:00,NSE:TCI,412.55,415.45,410.25,412.6,9122.0
2021-07-26 15:00:00,NSE:TCI,412.45,415.3,411.1,414.15,12088.0
2021-07-27 09:00:00,NSE:TCI,414.15,426.5,414.15,423.55,61640.0
2021-07-27 11:00:00,NSE:TCI,424.0,428.0,422.0,422.5,73282.0
2021-07-27 13:00:00,NSE:TCI,422.15,433.0,421.5,425.4,53539.0
2021-07-27 15:00:00,NSE:TCI,425.25,432.45,425.0,425.45,26251.0
2021-07-28 09:00:00,NSE:TCI,434.0,434.0,405.1,414.05,42654.0
2021-07-28 11:00:00,NSE:TCI,414.9,419.95,413.05,419.6,7982.0
2021-07-28 13:00:00,NSE:TCI,418.3,420.5,413.4,415.15,16394.0
2021-07-28 15:00:00,NSE:TCI,415.2,416.85,413.0,414.95,7050.0
2021-07-29 09:00:00,NSE:TCI,415.1,417.6,410.35,415.35,8568.0
2021-07-29 11:00:00,NSE:TCI,415.3,416.95,413.55,415.2,5321.0
2021-07-29 13:00:00,NSE:TCI,414.75,417.9,414.0,417.85,4250.0
2021-07-29 15:00:00,NSE:TCI,416.65,418.4,416.0,416.3,4152.0
2021-07-30 09:00:00,NSE:TCI,418.75,428.3,412.6,423.75,23688.0
2021-07-30 11:00:00,NSE:TCI,423.0,425.95,418.15,421.75,22584.0
2021-07-30 13:00:00,NSE:TCI,421.6,424.0,419.0,419.7,9708.0
2021-07-30 15:00:00,NSE:TCI,420.65,422.65,419.9,421.65,7047.0
2021-08-02 09:00:00,NSE:TCI,428.0,428.0,417.0,422.6,13364.0
2021-08-02 11:00:00,NSE:TCI,422.65,427.45,420.55,422.8,12336.0
2021-08-02 13:00:00,NSE:TCI,422.6,428.0,421.5,426.5,17170.0
2021-08-02 15:00:00,NSE:TCI,425.3,426.15,422.0,424.9,8386.0
2021-08-03 09:00:00,NSE:TCI,429.8,448.5,425.25,445.2,103202.0
2021-08-03 11:00:00,NSE:TCI,445.0,446.0,434.0,435.6,37363.0
2021-08-03 13:00:00,NSE:TCI,435.6,447.0,432.5,444.8,37465.0
2021-08-03 15:00:00,NSE:TCI,445.0,449.65,438.3,444.85,27446.0
2021-08-04 09:00:00,NSE:TCI,464.5,473.6,450.05,454.25,168320.0
2021-08-04 11:00:00,NSE:TCI,454.2,457.4,453.2,455.0,60036.0
2021-08-04 13:00:00,NSE:TCI,455.0,455.5,446.0,449.2,40800.0
2021-08-04 15:00:00,NSE:TCI,449.55,449.55,445.0,446.25,15103.0
2021-08-05 09:00:00,NSE:TCI,454.95,455.0,434.4,437.55,26859.0
2021-08-05 11:00:00,NSE:TCI,437.15,447.95,436.05,442.8,8890.0
2021-08-05 13:00:00,NSE:TCI,442.7,442.75,437.0,439.95,7150.0
2021-08-05 15:00:00,NSE:TCI,439.95,454.6,439.95,449.4,17225.0
2021-08-06 09:00:00,NSE:TCI,449.0,453.0,441.35,444.35,13177.0
2021-08-06 11:00:00,NSE:TCI,444.35,450.8,444.1,449.1,8382.0
2021-08-06 13:00:00,NSE:TCI,448.95,451.2,447.9,451.2,18012.0
2021-08-06 15:00:00,NSE:TCI,451.85,456.25,447.0,452.95,13741.0
2021-08-09 09:00:00,NSE:TCI,452.0,454.9,445.25,450.0,20644.0
2021-08-09 11:00:00,NSE:TCI,449.95,450.5,449.4,450.0,6733.0
2021-08-09 13:00:00,NSE:TCI,450.05,450.2,438.0,442.0,14059.0
2021-08-09 15:00:00,NSE:TCI,442.75,443.0,439.05,440.75,3541.0
2021-08-10 09:00:00,NSE:TCI,430.0,444.0,430.0,440.25,8252.0
2021-08-10 11:00:00,NSE:TCI,440.0,450.0,439.25,442.0,12503.0
2021-08-10 13:00:00,NSE:TCI,441.5,446.0,422.6,425.65,19684.0
2021-08-10 15:00:00,NSE:TCI,427.15,429.7,426.9,428.7,4074.0
2021-08-11 09:00:00,NSE:TCI,425.6,435.0,402.45,410.45,19966.0
2021-08-11 11:00:00,NSE:TCI,410.4,420.35,405.0,420.35,9732.0
2021-08-11 13:00:00,NSE:TCI,420.35,424.0,420.05,421.7,6406.0
2021-08-11 15:00:00,NSE:TCI,421.7,426.0,421.35,426.0,5058.0
