datetime,symbol,open,high,low,close,volume
2020-11-18 13:30:00,NSE:SADBHAV,50.95,51.15,50.65,50.75,57726.0
2020-11-18 13:45:00,NSE:SADBHAV,50.7,50.9,50.4,50.65,35777.0
2020-11-18 14:00:00,NSE:SADBHAV,50.65,50.75,50.3,50.45,32636.0
2020-11-18 14:15:00,NSE:SADBHAV,50.4,50.7,50.35,50.55,20019.0
2020-11-18 14:30:00,NSE:SADBHAV,50.55,50.55,49.85,50.0,44807.0
2020-11-18 14:45:00,NSE:SADBHAV,50.0,50.6,49.75,50.6,70693.0
2020-11-18 15:00:00,NSE:SADBHAV,50.6,50.95,50.55,50.6,67751.0
2020-11-18 15:15:00,NSE:SADBHAV,50.55,50.7,50.2,50.35,95846.0
2020-11-18 15:30:00,NSE:SADBHAV,50.35,50.6,50.35,50.6,1400.0
2020-11-19 09:00:00,NSE:SADBHAV,51.0,51.0,51.0,51.0,3625.0
2020-11-19 09:15:00,NSE:SADBHAV,50.8,51.55,50.7,51.4,92416.0
2020-11-19 09:30:00,NSE:SADBHAV,51.45,51.75,51.25,51.5,56034.0
2020-11-19 09:45:00,NSE:SADBHAV,51.5,51.7,51.4,51.5,46013.0
2020-11-19 10:00:00,NSE:SADBHAV,51.6,51.9,51.35,51.5,75483.0
2020-11-19 10:15:00,NSE:SADBHAV,51.4,51.5,51.1,51.4,28169.0
2020-11-19 10:30:00,NSE:SADBHAV,51.4,51.4,51.25,51.25,20350.0
2020-11-19 10:45:00,NSE:SADBHAV,51.35,51.4,50.85,51.05,30678.0
2020-11-19 11:00:00,NSE:SADBHAV,51.0,51.35,50.9,51.25,41511.0
2020-11-19 11:15:00,NSE:SADBHAV,51.4,51.4,51.1,51.4,21652.0
2020-11-19 11:30:00,NSE:SADBHAV,51.2,51.4,51.15,51.3,5191.0
2020-11-19 11:45:00,NSE:SADBHAV,51.3,51.35,51.15,51.15,6979.0
2020-11-19 12:00:00,NSE:SADBHAV,51.3,51.35,51.1,51.2,6521.0
2020-11-19 12:15:00,NSE:SADBHAV,51.15,51.25,50.95,51.0,28496.0
2020-11-19 12:30:00,NSE:SADBHAV,51.0,51.2,51.0,51.1,12702.0
2020-11-19 12:45:00,NSE:SADBHAV,51.1,51.2,50.85,50.85,24505.0
2020-11-19 13:00:00,NSE:SADBHAV,50.9,51.0,50.7,50.7,50326.0
2020-11-19 13:15:00,NSE:SADBHAV,50.6,51.1,50.55,51.0,20152.0
2020-11-19 13:30:00,NSE:SADBHAV,51.0,51.0,50.05,50.2,65463.0
2020-11-19 13:45:00,NSE:SADBHAV,50.4,50.65,50.3,50.45,12863.0
2020-11-19 14:00:00,NSE:SADBHAV,50.45,50.75,50.4,50.45,37122.0
2020-11-19 14:15:00,NSE:SADBHAV,50.4,50.55,50.25,50.3,15589.0
2020-11-19 14:30:00,NSE:SADBHAV,50.25,50.6,50.0,50.6,44022.0
2020-11-19 14:45:00,NSE:SADBHAV,50.5,50.55,50.2,50.25,13652.0
2020-11-19 15:00:00,NSE:SADBHAV,50.35,50.7,50.2,50.45,22622.0
2020-11-19 15:15:00,NSE:SADBHAV,50.3,50.5,50.2,50.4,65238.0
2020-11-19 15:45:00,NSE:SADBHAV,50.3,50.3,50.3,50.3,10.0
2020-11-20 09:00:00,NSE:SADBHAV,50.75,50.75,50.75,50.75,2550.0
2020-11-20 09:15:00,NSE:SADBHAV,50.75,51.15,50.4,50.75,44552.0
2020-11-20 09:30:00,NSE:SADBHAV,50.8,51.0,50.55,50.85,24662.0
2020-11-20 09:45:00,NSE:SADBHAV,50.9,50.9,50.55,50.55,10361.0
2020-11-20 10:00:00,NSE:SADBHAV,50.75,50.75,50.4,50.65,13890.0
2020-11-20 10:15:00,NSE:SADBHAV,50.7,50.8,50.5,50.7,10493.0
2020-11-20 10:30:00,NSE:SADBHAV,50.75,50.8,50.6,50.75,7363.0
2020-11-20 10:45:00,NSE:SADBHAV,50.65,50.65,50.35,50.35,10432.0
2020-11-20 11:00:00,NSE:SADBHAV,50.5,50.5,50.2,50.45,12029.0
2020-11-20 11:15:00,NSE:SADBHAV,50.35,50.4,50.0,50.2,13950.0
2020-11-20 11:30:00,NSE:SADBHAV,50.2,50.2,50.0,50.0,13327.0
2020-11-20 11:45:00,NSE:SADBHAV,50.1,50.2,50.0,50.2,1974.0
2020-11-20 12:00:00,NSE:SADBHAV,50.15,50.65,50.0,50.55,17212.0
2020-11-20 12:15:00,NSE:SADBHAV,50.5,50.85,50.5,50.6,18687.0
2020-11-20 12:30:00,NSE:SADBHAV,50.6,50.7,50.3,50.3,4732.0
2020-11-20 12:45:00,NSE:SADBHAV,50.5,50.6,50.4,50.55,1517.0
2020-11-20 13:00:00,NSE:SADBHAV,50.5,50.6,50.5,50.5,3370.0
2020-11-20 13:15:00,NSE:SADBHAV,50.55,50.55,50.4,50.45,2688.0
2020-11-20 13:30:00,NSE:SADBHAV,50.45,50.6,50.45,50.55,5261.0
2020-11-20 13:45:00,NSE:SADBHAV,50.55,50.7,50.5,50.65,9782.0
2020-11-20 14:00:00,NSE:SADBHAV,50.7,50.8,50.6,50.8,16231.0
2020-11-20 14:15:00,NSE:SADBHAV,50.65,50.8,50.5,50.5,6625.0
2020-11-20 14:30:00,NSE:SADBHAV,50.5,50.8,50.5,50.7,7772.0
2020-11-20 14:45:00,NSE:SADBHAV,50.7,50.8,50.7,50.7,15189.0
2020-11-20 15:00:00,NSE:SADBHAV,50.7,50.8,50.6,50.65,11445.0
2020-11-20 15:15:00,NSE:SADBHAV,50.8,50.8,50.5,50.5,30327.0
2020-11-23 09:00:00,NSE:SADBHAV,50.8,50.8,50.8,50.8,479.0
2020-11-23 09:15:00,NSE:SADBHAV,50.8,51.0,50.0,50.3,27533.0
2020-11-23 09:30:00,NSE:SADBHAV,50.3,50.4,50.0,50.0,12445.0
2020-11-23 09:45:00,NSE:SADBHAV,50.0,50.2,49.1,49.4,38097.0
2020-11-23 10:00:00,NSE:SADBHAV,49.25,49.65,49.25,49.5,11747.0
2020-11-23 10:15:00,NSE:SADBHAV,49.65,49.95,49.65,49.95,9947.0
2020-11-23 10:30:00,NSE:SADBHAV,50.0,50.25,49.65,50.25,11036.0
2020-11-23 10:45:00,NSE:SADBHAV,50.05,50.2,49.9,49.95,3805.0
2020-11-23 11:00:00,NSE:SADBHAV,49.95,49.95,49.5,49.75,10568.0
2020-11-23 11:15:00,NSE:SADBHAV,49.8,49.95,49.6,49.9,5814.0
2020-11-23 11:30:00,NSE:SADBHAV,49.9,49.9,49.8,49.9,1180.0
2020-11-23 11:45:00,NSE:SADBHAV,49.9,50.05,49.8,50.0,15547.0
2020-11-23 12:00:00,NSE:SADBHAV,49.85,49.95,49.85,49.9,1623.0
2020-11-23 12:15:00,NSE:SADBHAV,49.9,49.9,49.7,49.85,3435.0
2020-11-23 12:30:00,NSE:SADBHAV,49.95,49.95,49.75,49.8,4918.0
2020-11-23 12:45:00,NSE:SADBHAV,49.8,49.9,49.75,49.9,2543.0
2020-11-23 13:00:00,NSE:SADBHAV,49.8,50.15,49.8,50.05,9992.0
2020-11-23 13:15:00,NSE:SADBHAV,50.05,50.25,50.05,50.25,2417.0
2020-11-23 13:30:00,NSE:SADBHAV,50.25,50.25,50.1,50.1,2474.0
2020-11-23 13:45:00,NSE:SADBHAV,50.1,50.2,50.0,50.05,2408.0
2020-11-23 14:00:00,NSE:SADBHAV,50.05,50.3,50.05,50.25,12475.0
2020-11-23 14:15:00,NSE:SADBHAV,50.2,50.25,50.1,50.15,3080.0
2020-11-23 14:30:00,NSE:SADBHAV,50.2,50.3,50.0,50.0,5271.0
2020-11-23 14:45:00,NSE:SADBHAV,50.15,50.25,50.05,50.25,7085.0
2020-11-23 15:00:00,NSE:SADBHAV,50.2,50.3,50.1,50.2,8181.0
2020-11-23 15:15:00,NSE:SADBHAV,50.2,50.3,50.0,50.0,25377.0
2020-11-24 09:00:00,NSE:SADBHAV,50.0,50.0,50.0,50.0,785.0
2020-11-24 09:15:00,NSE:SADBHAV,50.0,50.8,49.95,50.7,27182.0
2020-11-24 09:30:00,NSE:SADBHAV,50.65,50.7,50.2,50.3,12586.0
2020-11-24 09:45:00,NSE:SADBHAV,50.35,50.45,50.1,50.25,14376.0
2020-11-24 10:00:00,NSE:SADBHAV,50.25,50.35,50.15,50.2,7176.0
2020-11-24 10:15:00,NSE:SADBHAV,50.3,50.3,50.1,50.15,4941.0
2020-11-24 10:30:00,NSE:SADBHAV,50.2,50.25,50.15,50.25,4101.0
2020-11-24 10:45:00,NSE:SADBHAV,50.15,50.25,50.1,50.1,4359.0
2020-11-24 11:00:00,NSE:SADBHAV,50.1,50.2,49.85,49.85,11432.0
2020-11-24 11:15:00,NSE:SADBHAV,49.85,49.95,49.45,49.55,12568.0
2020-11-24 11:30:00,NSE:SADBHAV,49.55,49.8,49.55,49.6,5894.0
2020-11-24 11:45:00,NSE:SADBHAV,49.75,49.8,49.65,49.65,2569.0
2020-11-24 12:00:00,NSE:SADBHAV,49.8,49.9,49.7,49.8,3411.0
2020-11-24 12:15:00,NSE:SADBHAV,49.75,50.0,49.75,49.8,4162.0
2020-11-24 12:30:00,NSE:SADBHAV,49.8,50.05,49.8,50.05,4191.0
2020-11-24 12:45:00,NSE:SADBHAV,50.05,50.05,49.9,50.0,2024.0
2020-11-24 13:00:00,NSE:SADBHAV,50.0,50.05,49.85,49.85,4391.0
2020-11-24 13:15:00,NSE:SADBHAV,50.0,50.2,49.9,50.2,12186.0
2020-11-24 13:30:00,NSE:SADBHAV,50.15,50.2,50.0,50.15,5615.0
2020-11-24 13:45:00,NSE:SADBHAV,50.15,50.2,49.95,50.0,6750.0
2020-11-24 14:00:00,NSE:SADBHAV,49.95,50.15,49.95,50.15,9074.0
2020-11-24 14:15:00,NSE:SADBHAV,50.15,50.2,50.0,50.15,2104.0
2020-11-24 14:30:00,NSE:SADBHAV,50.15,50.15,50.0,50.0,13155.0
2020-11-24 14:45:00,NSE:SADBHAV,50.0,50.15,49.8,50.15,12006.0
2020-11-24 15:00:00,NSE:SADBHAV,50.0,50.15,50.0,50.1,3113.0
2020-11-24 15:15:00,NSE:SADBHAV,50.0,50.1,49.8,49.95,15175.0
2020-11-24 15:30:00,NSE:SADBHAV,49.9,49.9,49.9,49.9,300.0
2020-11-25 09:00:00,NSE:SADBHAV,50.1,50.1,50.1,50.1,236.0
2020-11-25 09:15:00,NSE:SADBHAV,50.1,50.4,50.0,50.35,8569.0
2020-11-25 09:30:00,NSE:SADBHAV,50.3,50.35,50.15,50.25,12406.0
2020-11-25 09:45:00,NSE:SADBHAV,50.2,50.3,50.1,50.25,7483.0
2020-11-25 10:00:00,NSE:SADBHAV,50.15,50.25,50.0,50.05,12113.0
2020-11-25 10:15:00,NSE:SADBHAV,50.0,50.0,49.5,49.5,17485.0
2020-11-25 10:30:00,NSE:SADBHAV,49.55,49.7,49.5,49.5,7204.0
2020-11-25 10:45:00,NSE:SADBHAV,49.5,49.65,49.1,49.25,16279.0
2020-11-25 11:00:00,NSE:SADBHAV,49.35,49.8,49.15,49.8,16732.0
2020-11-25 11:15:00,NSE:SADBHAV,49.8,49.9,49.5,49.55,18034.0
2020-11-25 11:30:00,NSE:SADBHAV,49.35,49.7,49.3,49.5,5235.0
2020-11-25 11:45:00,NSE:SADBHAV,49.55,49.75,49.55,49.6,1275.0
2020-11-25 12:00:00,NSE:SADBHAV,49.6,49.9,49.6,49.7,7039.0
2020-11-25 12:15:00,NSE:SADBHAV,49.8,49.8,49.55,49.75,3237.0
2020-11-25 12:30:00,NSE:SADBHAV,49.6,49.7,49.55,49.55,4867.0
2020-11-25 12:45:00,NSE:SADBHAV,49.6,49.85,49.6,49.75,3336.0
2020-11-25 13:00:00,NSE:SADBHAV,49.75,49.75,49.6,49.6,5348.0
2020-11-25 13:15:00,NSE:SADBHAV,49.6,49.7,49.6,49.6,2512.0
2020-11-25 13:30:00,NSE:SADBHAV,49.6,49.7,49.55,49.65,4369.0
2020-11-25 13:45:00,NSE:SADBHAV,49.65,49.75,49.5,49.75,24497.0
2020-11-25 14:00:00,NSE:SADBHAV,49.8,50.25,49.8,50.0,62270.0
2020-11-25 14:15:00,NSE:SADBHAV,50.0,50.25,50.0,50.25,17496.0
2020-11-25 14:30:00,NSE:SADBHAV,50.35,50.4,50.0,50.0,17536.0
2020-11-25 14:45:00,NSE:SADBHAV,50.15,50.2,50.0,50.15,17085.0
2020-11-25 15:00:00,NSE:SADBHAV,50.1,50.15,50.0,50.0,9362.0
2020-11-25 15:15:00,NSE:SADBHAV,50.1,50.2,49.85,49.85,22514.0
2020-11-26 09:00:00,NSE:SADBHAV,49.5,49.5,49.5,49.5,600.0
2020-11-26 09:15:00,NSE:SADBHAV,49.5,50.4,49.5,50.4,11580.0
2020-11-26 09:30:00,NSE:SADBHAV,50.4,50.4,49.95,50.1,8333.0
2020-11-26 09:45:00,NSE:SADBHAV,49.95,50.15,49.6,49.85,7401.0
2020-11-26 10:00:00,NSE:SADBHAV,49.7,49.9,49.65,49.85,8216.0
2020-11-26 10:15:00,NSE:SADBHAV,49.85,50.2,49.7,49.95,17813.0
2020-11-26 10:30:00,NSE:SADBHAV,49.95,50.0,49.75,50.0,4629.0
2020-11-26 10:45:00,NSE:SADBHAV,49.85,50.0,49.8,49.95,10510.0
2020-11-26 11:00:00,NSE:SADBHAV,49.95,49.95,49.7,49.8,8056.0
2020-11-26 11:15:00,NSE:SADBHAV,49.9,50.0,49.75,50.0,2558.0
2020-11-26 11:30:00,NSE:SADBHAV,50.0,50.15,49.85,50.05,5187.0
2020-11-26 11:45:00,NSE:SADBHAV,50.05,50.15,50.0,50.1,5407.0
2020-11-26 12:00:00,NSE:SADBHAV,50.05,50.1,50.0,50.0,3839.0
2020-11-26 12:15:00,NSE:SADBHAV,49.9,49.95,49.8,49.95,1032.0
2020-11-26 12:30:00,NSE:SADBHAV,49.85,50.05,49.85,49.9,2230.0
2020-11-26 12:45:00,NSE:SADBHAV,49.9,50.05,49.85,50.05,1495.0
2020-11-26 13:00:00,NSE:SADBHAV,50.05,50.1,50.0,50.0,2981.0
2020-11-26 13:15:00,NSE:SADBHAV,50.1,50.15,50.0,50.15,3879.0
2020-11-26 13:30:00,NSE:SADBHAV,50.15,50.15,50.05,50.05,587.0
2020-11-26 13:45:00,NSE:SADBHAV,50.05,50.15,50.05,50.05,6574.0
2020-11-26 14:00:00,NSE:SADBHAV,50.1,50.15,50.05,50.15,2449.0
2020-11-26 14:15:00,NSE:SADBHAV,50.1,50.15,50.0,50.1,4017.0
2020-11-26 14:30:00,NSE:SADBHAV,50.1,50.1,49.95,50.05,6966.0
2020-11-26 14:45:00,NSE:SADBHAV,49.95,50.05,49.95,50.0,2903.0
2020-11-26 15:00:00,NSE:SADBHAV,49.95,50.05,49.9,50.0,8023.0
2020-11-26 15:15:00,NSE:SADBHAV,49.9,50.25,49.65,50.2,36195.0
2020-11-26 15:30:00,NSE:SADBHAV,50.0,50.0,50.0,50.0,50.0
2020-11-27 09:00:00,NSE:SADBHAV,50.5,50.5,50.5,50.5,604.0
2020-11-27 09:15:00,NSE:SADBHAV,50.5,50.5,50.0,50.15,9205.0
2020-11-27 09:30:00,NSE:SADBHAV,50.05,50.25,50.05,50.2,11466.0
2020-11-27 09:45:00,NSE:SADBHAV,50.2,50.4,50.1,50.35,11212.0
2020-11-27 10:00:00,NSE:SADBHAV,50.35,50.35,50.15,50.15,10952.0
2020-11-27 10:15:00,NSE:SADBHAV,50.25,50.25,50.1,50.2,6767.0
2020-11-27 10:30:00,NSE:SADBHAV,50.1,50.2,50.05,50.2,4679.0
2020-11-27 10:45:00,NSE:SADBHAV,50.1,50.2,50.05,50.2,4824.0
2020-11-27 11:00:00,NSE:SADBHAV,50.1,50.2,50.0,50.0,4674.0
2020-11-27 11:15:00,NSE:SADBHAV,50.05,50.2,50.05,50.15,3836.0
2020-11-27 11:30:00,NSE:SADBHAV,50.2,50.2,50.15,50.15,2858.0
2020-11-27 11:45:00,NSE:SADBHAV,50.2,50.2,50.15,50.15,1817.0
2020-11-27 12:00:00,NSE:SADBHAV,50.15,50.2,50.0,50.1,22946.0
2020-11-27 12:15:00,NSE:SADBHAV,50.15,50.15,50.1,50.15,8994.0
2020-11-27 12:30:00,NSE:SADBHAV,50.15,50.6,50.1,50.5,91940.0
2020-11-27 12:45:00,NSE:SADBHAV,50.5,50.65,50.45,50.6,58873.0
2020-11-27 13:00:00,NSE:SADBHAV,50.6,51.35,50.6,51.2,124043.0
2020-11-27 13:15:00,NSE:SADBHAV,51.2,51.3,50.6,51.25,74777.0
2020-11-27 13:30:00,NSE:SADBHAV,51.25,51.9,50.9,51.45,156616.0
2020-11-27 13:45:00,NSE:SADBHAV,51.45,52.0,51.2,51.75,209359.0
2020-11-27 14:00:00,NSE:SADBHAV,51.75,52.5,51.7,52.05,118664.0
2020-11-27 14:15:00,NSE:SADBHAV,52.1,52.25,52.0,52.1,39586.0
2020-11-27 14:30:00,NSE:SADBHAV,52.0,52.2,52.0,52.1,80640.0
2020-11-27 14:45:00,NSE:SADBHAV,52.1,52.2,52.0,52.0,94668.0
2020-11-27 15:00:00,NSE:SADBHAV,52.05,52.1,51.75,51.75,103188.0
2020-11-27 15:15:00,NSE:SADBHAV,51.75,51.9,51.55,51.8,89247.0
2020-11-27 15:45:00,NSE:SADBHAV,51.85,51.85,51.85,51.85,100.0
2020-12-01 09:00:00,NSE:SADBHAV,53.25,53.25,53.25,53.25,9278.0
2020-12-01 09:15:00,NSE:SADBHAV,53.25,53.4,52.1,52.6,72927.0
2020-12-01 09:30:00,NSE:SADBHAV,52.6,52.95,52.4,52.45,62579.0
2020-12-01 09:45:00,NSE:SADBHAV,52.65,52.7,52.35,52.35,20705.0
2020-12-01 10:00:00,NSE:SADBHAV,52.35,52.45,52.1,52.45,22732.0
2020-12-01 10:15:00,NSE:SADBHAV,52.35,52.45,52.3,52.45,13034.0
2020-12-01 10:30:00,NSE:SADBHAV,52.35,52.8,52.35,52.55,22677.0
2020-12-01 10:45:00,NSE:SADBHAV,52.7,53.2,52.55,53.0,70934.0
2020-12-01 11:00:00,NSE:SADBHAV,53.15,53.25,52.9,53.15,60920.0
2020-12-01 11:15:00,NSE:SADBHAV,53.05,53.2,52.9,52.95,15283.0
2020-12-01 11:30:00,NSE:SADBHAV,52.95,53.0,52.75,52.85,13313.0
2020-12-01 11:45:00,NSE:SADBHAV,52.95,52.95,52.8,52.95,5405.0
2020-12-01 12:00:00,NSE:SADBHAV,52.85,53.05,52.8,53.05,13805.0
2020-12-01 12:15:00,NSE:SADBHAV,53.05,53.05,52.85,52.95,17512.0
2020-12-01 12:30:00,NSE:SADBHAV,52.85,52.9,52.65,52.75,13323.0
2020-12-01 12:45:00,NSE:SADBHAV,52.9,53.0,52.8,52.9,7884.0
2020-12-01 13:00:00,NSE:SADBHAV,52.85,52.9,52.6,52.8,10029.0
2020-12-01 13:15:00,NSE:SADBHAV,52.85,52.85,52.7,52.7,5156.0
2020-12-01 13:30:00,NSE:SADBHAV,52.7,52.9,52.7,52.8,6233.0
2020-12-01 13:45:00,NSE:SADBHAV,52.85,53.0,52.75,53.0,9298.0
2020-12-01 14:00:00,NSE:SADBHAV,53.0,53.1,52.9,53.0,14636.0
2020-12-01 14:15:00,NSE:SADBHAV,52.9,53.15,52.75,52.95,20499.0
2020-12-01 14:30:00,NSE:SADBHAV,52.85,53.0,52.65,52.75,32832.0
2020-12-01 14:45:00,NSE:SADBHAV,52.7,53.0,52.7,52.75,14049.0
2020-12-01 15:00:00,NSE:SADBHAV,52.7,53.0,52.0,52.4,101354.0
2020-12-01 15:15:00,NSE:SADBHAV,52.65,53.0,52.05,52.75,99524.0
2020-12-01 15:30:00,NSE:SADBHAV,52.2,52.2,52.2,52.2,1259.0
2020-12-01 15:45:00,NSE:SADBHAV,52.6,52.6,52.6,52.6,11.0
2020-12-02 09:00:00,NSE:SADBHAV,52.9,52.9,52.9,52.9,803.0
2020-12-02 09:15:00,NSE:SADBHAV,52.9,53.35,52.25,53.25,46379.0
2020-12-02 09:30:00,NSE:SADBHAV,53.25,53.9,53.1,53.55,56759.0
2020-12-02 09:45:00,NSE:SADBHAV,53.5,53.6,52.9,52.9,34288.0
2020-12-02 10:00:00,NSE:SADBHAV,52.9,53.0,52.5,52.6,15877.0
2020-12-02 10:15:00,NSE:SADBHAV,52.6,52.9,52.6,52.65,8525.0
2020-12-02 10:30:00,NSE:SADBHAV,52.7,53.0,52.65,52.95,10081.0
2020-12-02 10:45:00,NSE:SADBHAV,52.95,53.0,52.7,53.0,10375.0
2020-12-02 11:00:00,NSE:SADBHAV,53.0,53.2,52.8,53.1,8631.0
2020-12-02 11:15:00,NSE:SADBHAV,53.1,53.15,52.9,53.1,6782.0
2020-12-02 11:30:00,NSE:SADBHAV,53.1,53.15,52.8,52.95,12463.0
2020-12-02 11:45:00,NSE:SADBHAV,52.95,53.15,52.8,53.15,8033.0
2020-12-02 12:00:00,NSE:SADBHAV,53.15,53.25,53.1,53.25,6054.0
2020-12-02 12:15:00,NSE:SADBHAV,53.25,53.3,53.1,53.3,4400.0
2020-12-02 12:30:00,NSE:SADBHAV,53.3,53.3,53.15,53.25,10526.0
2020-12-02 12:45:00,NSE:SADBHAV,53.25,53.4,53.15,53.3,8134.0
2020-12-02 13:00:00,NSE:SADBHAV,53.3,53.3,53.15,53.15,19876.0
2020-12-02 13:15:00,NSE:SADBHAV,53.15,53.3,53.15,53.3,13678.0
2020-12-02 13:30:00,NSE:SADBHAV,53.2,53.25,53.15,53.15,7345.0
2020-12-02 13:45:00,NSE:SADBHAV,53.15,53.7,53.15,53.7,42756.0
2020-12-02 14:00:00,NSE:SADBHAV,53.7,53.8,53.2,53.3,17697.0
2020-12-02 14:15:00,NSE:SADBHAV,53.5,53.5,53.2,53.3,6534.0
2020-12-02 14:30:00,NSE:SADBHAV,53.35,53.45,53.25,53.3,5736.0
2020-12-02 14:45:00,NSE:SADBHAV,53.4,53.75,53.15,53.7,44731.0
2020-12-02 15:00:00,NSE:SADBHAV,53.7,53.9,53.55,53.75,45248.0
2020-12-02 15:15:00,NSE:SADBHAV,53.8,53.9,53.7,53.7,34669.0
2020-12-02 15:30:00,NSE:SADBHAV,53.75,53.75,53.75,53.75,50.0
2020-12-03 09:00:00,NSE:SADBHAV,54.55,54.55,54.55,54.55,1637.0
2020-12-03 09:15:00,NSE:SADBHAV,54.55,54.55,53.75,53.8,40076.0
2020-12-03 09:30:00,NSE:SADBHAV,53.8,54.2,53.2,53.4,60988.0
2020-12-03 09:45:00,NSE:SADBHAV,53.4,54.0,53.1,53.85,25520.0
2020-12-03 10:00:00,NSE:SADBHAV,54.0,54.2,53.8,54.15,14537.0
2020-12-03 10:15:00,NSE:SADBHAV,54.05,54.5,54.05,54.45,43362.0
2020-12-03 10:30:00,NSE:SADBHAV,54.45,54.45,54.0,54.0,10769.0
2020-12-03 10:45:00,NSE:SADBHAV,54.15,54.2,53.95,54.0,19008.0
2020-12-03 11:00:00,NSE:SADBHAV,54.0,54.0,53.85,54.0,9767.0
2020-12-03 11:15:00,NSE:SADBHAV,53.95,55.65,53.95,55.55,104652.0
2020-12-03 11:30:00,NSE:SADBHAV,55.65,60.0,55.45,57.7,553849.0
2020-12-03 11:45:00,NSE:SADBHAV,57.65,59.0,57.5,58.6,133021.0
2020-12-03 12:00:00,NSE:SADBHAV,58.6,58.6,57.6,58.0,65551.0
2020-12-03 12:15:00,NSE:SADBHAV,57.95,58.0,57.1,57.2,54043.0
2020-12-03 12:30:00,NSE:SADBHAV,57.3,57.95,57.2,57.65,41704.0
2020-12-03 12:45:00,NSE:SADBHAV,57.65,59.0,57.05,59.0,189685.0
2020-12-03 13:00:00,NSE:SADBHAV,59.05,59.9,59.0,59.35,232319.0
2020-12-03 13:15:00,NSE:SADBHAV,59.45,60.7,59.25,60.7,300524.0
2020-12-03 13:30:00,NSE:SADBHAV,60.5,61.0,60.3,60.35,216860.0
2020-12-03 13:45:00,NSE:SADBHAV,60.3,60.75,60.25,60.7,143468.0
2020-12-03 14:00:00,NSE:SADBHAV,60.7,61.65,60.6,61.4,286291.0
2020-12-03 14:15:00,NSE:SADBHAV,61.3,61.3,60.05,60.3,155376.0
2020-12-03 14:30:00,NSE:SADBHAV,60.3,60.85,60.2,60.75,83413.0
2020-12-03 14:45:00,NSE:SADBHAV,60.8,61.65,60.65,61.35,169404.0
2020-12-03 15:00:00,NSE:SADBHAV,61.35,61.75,61.1,61.5,386492.0
2020-12-03 15:15:00,NSE:SADBHAV,61.55,61.55,61.0,61.4,287293.0
2020-12-03 15:30:00,NSE:SADBHAV,61.3,61.3,61.3,61.3,141.0
2020-12-04 09:00:00,NSE:SADBHAV,61.95,61.95,61.95,61.95,15871.0
2020-12-04 09:15:00,NSE:SADBHAV,62.35,67.0,61.75,66.7,633162.0
2020-12-04 09:30:00,NSE:SADBHAV,66.7,66.9,65.2,66.4,312294.0
2020-12-04 09:45:00,NSE:SADBHAV,66.5,69.75,66.25,68.5,615852.0
2020-12-04 10:00:00,NSE:SADBHAV,68.65,69.5,67.05,67.45,276042.0
2020-12-04 10:15:00,NSE:SADBHAV,67.85,67.85,66.25,66.65,300888.0
2020-12-04 10:30:00,NSE:SADBHAV,66.65,67.15,66.4,67.0,147402.0
2020-12-04 10:45:00,NSE:SADBHAV,67.0,67.0,66.05,66.45,86021.0
2020-12-04 11:00:00,NSE:SADBHAV,66.4,66.9,66.15,66.5,84665.0
2020-12-04 11:15:00,NSE:SADBHAV,66.4,66.75,65.4,65.45,76111.0
2020-12-04 11:30:00,NSE:SADBHAV,65.45,66.4,64.6,66.1,177524.0
2020-12-04 11:45:00,NSE:SADBHAV,66.1,66.1,65.1,65.1,66843.0
2020-12-04 12:00:00,NSE:SADBHAV,65.0,65.55,64.55,65.35,64545.0
2020-12-04 12:15:00,NSE:SADBHAV,65.35,66.5,65.35,65.75,88120.0
2020-12-04 12:30:00,NSE:SADBHAV,65.55,65.95,65.1,65.1,35236.0
2020-12-04 12:45:00,NSE:SADBHAV,65.05,65.4,64.6,64.75,64486.0
2020-12-04 13:00:00,NSE:SADBHAV,64.75,65.0,64.6,65.0,23360.0
2020-12-04 13:15:00,NSE:SADBHAV,64.95,65.6,64.85,65.4,43994.0
2020-12-04 13:30:00,NSE:SADBHAV,65.35,65.9,65.15,65.4,61074.0
2020-12-04 13:45:00,NSE:SADBHAV,65.45,65.8,65.1,65.4,46513.0
2020-12-04 14:00:00,NSE:SADBHAV,65.4,65.5,64.75,64.8,54973.0
2020-12-04 14:15:00,NSE:SADBHAV,65.0,65.4,64.9,65.15,39755.0
2020-12-04 14:30:00,NSE:SADBHAV,65.25,66.35,65.15,66.25,126985.0
2020-12-04 14:45:00,NSE:SADBHAV,66.25,67.15,66.1,66.5,125269.0
2020-12-04 15:00:00,NSE:SADBHAV,66.5,67.3,66.3,67.0,203057.0
2020-12-04 15:15:00,NSE:SADBHAV,67.0,67.5,67.0,67.0,295844.0
2020-12-04 15:30:00,NSE:SADBHAV,67.15,67.15,67.15,67.15,190.0
2020-12-07 09:00:00,NSE:SADBHAV,67.9,67.9,67.9,67.9,22898.0
2020-12-07 09:15:00,NSE:SADBHAV,67.6,71.7,67.5,68.95,385634.0
2020-12-07 09:30:00,NSE:SADBHAV,68.95,70.0,68.95,69.3,148003.0
2020-12-07 09:45:00,NSE:SADBHAV,69.3,69.4,68.3,68.65,158924.0
2020-12-07 10:00:00,NSE:SADBHAV,68.7,70.3,68.55,70.3,80653.0
2020-12-07 10:15:00,NSE:SADBHAV,70.15,70.35,69.0,69.15,86515.0
2020-12-07 10:30:00,NSE:SADBHAV,69.1,70.0,69.0,69.9,47512.0
2020-12-07 10:45:00,NSE:SADBHAV,69.85,69.9,69.25,69.4,25452.0
2020-12-07 11:00:00,NSE:SADBHAV,69.4,69.6,69.2,69.6,20236.0
2020-12-07 11:15:00,NSE:SADBHAV,69.5,69.7,69.5,69.5,19555.0
2020-12-07 11:30:00,NSE:SADBHAV,69.5,69.7,69.3,69.45,15287.0
2020-12-07 11:45:00,NSE:SADBHAV,69.5,69.5,69.3,69.45,14745.0
2020-12-07 12:00:00,NSE:SADBHAV,69.3,69.5,69.25,69.4,15967.0
2020-12-07 12:15:00,NSE:SADBHAV,69.35,69.9,69.35,69.6,49441.0
2020-12-07 12:30:00,NSE:SADBHAV,69.6,69.95,69.6,69.9,23119.0
2020-12-07 12:45:00,NSE:SADBHAV,69.9,69.95,69.65,69.75,27350.0
2020-12-07 13:00:00,NSE:SADBHAV,69.75,69.9,69.7,69.75,18958.0
2020-12-07 13:15:00,NSE:SADBHAV,69.75,69.9,69.7,69.9,13055.0
2020-12-07 13:30:00,NSE:SADBHAV,69.9,69.9,69.5,69.6,23632.0
2020-12-07 13:45:00,NSE:SADBHAV,69.6,69.6,69.0,69.1,26960.0
2020-12-07 14:00:00,NSE:SADBHAV,69.05,69.55,69.0,69.4,22297.0
2020-12-07 14:15:00,NSE:SADBHAV,69.25,69.65,69.15,69.15,15948.0
2020-12-07 14:30:00,NSE:SADBHAV,69.3,69.3,69.0,69.15,11424.0
2020-12-07 14:45:00,NSE:SADBHAV,69.15,69.6,69.05,69.55,36112.0
2020-12-07 15:00:00,NSE:SADBHAV,69.6,70.75,69.2,69.75,186779.0
2020-12-07 15:15:00,NSE:SADBHAV,69.75,70.4,69.75,70.4,130082.0
2020-12-07 15:30:00,NSE:SADBHAV,70.25,70.25,70.05,70.05,1160.0
2020-12-07 15:45:00,NSE:SADBHAV,70.05,70.05,70.05,70.05,1175.0
2020-12-08 09:00:00,NSE:SADBHAV,72.0,72.0,72.0,72.0,11559.0
2020-12-08 09:15:00,NSE:SADBHAV,71.9,71.9,65.1,67.5,283176.0
2020-12-08 09:30:00,NSE:SADBHAV,67.5,68.95,66.0,66.2,181522.0
2020-12-08 09:45:00,NSE:SADBHAV,66.3,66.95,65.5,66.1,128285.0
2020-12-08 10:00:00,NSE:SADBHAV,66.1,66.85,65.55,66.2,93432.0
2020-12-08 10:15:00,NSE:SADBHAV,66.15,66.2,65.15,66.0,112546.0
2020-12-08 10:30:00,NSE:SADBHAV,66.0,66.05,65.5,65.6,50749.0
2020-12-08 10:45:00,NSE:SADBHAV,65.6,65.9,65.5,65.6,47180.0
2020-12-08 11:00:00,NSE:SADBHAV,65.6,65.85,65.0,65.05,107760.0
2020-12-08 11:15:00,NSE:SADBHAV,65.05,65.1,64.0,64.0,91900.0
2020-12-08 11:30:00,NSE:SADBHAV,64.0,65.1,62.25,63.7,154518.0
2020-12-08 11:45:00,NSE:SADBHAV,63.7,65.3,63.5,65.0,45174.0
2020-12-08 12:00:00,NSE:SADBHAV,64.85,65.2,64.55,65.2,26302.0
2020-12-08 12:15:00,NSE:SADBHAV,65.1,65.25,65.0,65.15,18804.0
2020-12-08 12:30:00,NSE:SADBHAV,65.15,65.5,65.1,65.25,27189.0
2020-12-08 12:45:00,NSE:SADBHAV,65.4,66.0,65.25,66.0,26423.0
2020-12-08 13:00:00,NSE:SADBHAV,66.0,66.0,65.4,65.6,32645.0
2020-12-08 13:15:00,NSE:SADBHAV,65.4,65.95,65.4,65.85,11565.0
2020-12-08 13:30:00,NSE:SADBHAV,65.75,66.0,65.7,65.8,16765.0
2020-12-08 13:45:00,NSE:SADBHAV,65.9,66.0,65.75,65.95,18033.0
2020-12-08 14:00:00,NSE:SADBHAV,66.0,66.0,65.5,65.8,12716.0
2020-12-08 14:15:00,NSE:SADBHAV,65.7,65.85,64.1,65.15,36330.0
2020-12-08 14:30:00,NSE:SADBHAV,65.2,65.65,65.05,65.65,14605.0
2020-12-08 14:45:00,NSE:SADBHAV,65.65,65.9,65.0,65.3,17228.0
2020-12-08 15:00:00,NSE:SADBHAV,65.4,65.6,65.1,65.55,24470.0
2020-12-08 15:15:00,NSE:SADBHAV,65.65,65.65,64.5,64.55,109846.0
2020-12-08 15:30:00,NSE:SADBHAV,64.55,65.05,64.55,65.05,1487.0
2020-12-08 15:45:00,NSE:SADBHAV,65.05,65.05,64.55,64.55,1631.0
2020-12-09 09:00:00,NSE:SADBHAV,65.6,65.6,65.6,65.6,2305.0
2020-12-09 09:15:00,NSE:SADBHAV,65.9,68.0,65.05,65.5,98722.0
2020-12-09 09:30:00,NSE:SADBHAV,65.6,66.9,65.05,66.55,54390.0
2020-12-09 09:45:00,NSE:SADBHAV,66.55,66.65,65.0,65.0,57799.0
2020-12-09 10:00:00,NSE:SADBHAV,65.0,65.55,64.85,65.05,25089.0
2020-12-09 10:15:00,NSE:SADBHAV,65.1,65.3,65.0,65.1,10428.0
2020-12-09 10:30:00,NSE:SADBHAV,65.1,65.1,65.0,65.1,6093.0
2020-12-09 10:45:00,NSE:SADBHAV,65.1,65.3,64.85,64.85,12337.0
2020-12-09 11:00:00,NSE:SADBHAV,64.85,65.0,64.5,64.8,14737.0
2020-12-09 11:15:00,NSE:SADBHAV,64.6,64.75,63.85,63.85,60209.0
2020-12-09 11:30:00,NSE:SADBHAV,64.2,64.2,63.85,64.05,26113.0
2020-12-09 11:45:00,NSE:SADBHAV,64.05,64.1,63.85,64.0,27120.0
2020-12-09 12:00:00,NSE:SADBHAV,64.0,64.25,63.8,64.2,24679.0
2020-12-09 12:15:00,NSE:SADBHAV,64.2,64.25,64.1,64.2,9095.0
2020-12-09 12:30:00,NSE:SADBHAV,64.2,64.35,64.0,64.0,14078.0
2020-12-09 12:45:00,NSE:SADBHAV,64.0,64.25,64.0,64.0,11829.0
2020-12-09 13:00:00,NSE:SADBHAV,64.15,64.25,63.95,64.0,6562.0
2020-12-09 13:15:00,NSE:SADBHAV,64.0,64.0,63.5,63.95,15501.0
2020-12-09 13:30:00,NSE:SADBHAV,63.95,64.0,63.5,64.0,17425.0
2020-12-09 13:45:00,NSE:SADBHAV,63.9,64.05,63.55,63.6,29423.0
2020-12-09 14:00:00,NSE:SADBHAV,63.9,64.05,63.5,63.5,15901.0
2020-12-09 14:15:00,NSE:SADBHAV,63.5,63.9,63.1,63.1,19435.0
2020-12-09 14:30:00,NSE:SADBHAV,63.2,63.8,63.15,63.45,17304.0
2020-12-09 14:45:00,NSE:SADBHAV,63.4,63.4,62.7,62.9,55968.0
2020-12-09 15:00:00,NSE:SADBHAV,62.9,63.0,62.55,62.9,38771.0
2020-12-09 15:15:00,NSE:SADBHAV,62.8,62.95,62.5,62.9,54115.0
2020-12-09 15:30:00,NSE:SADBHAV,62.9,62.9,62.85,62.9,3369.0
2020-12-09 15:45:00,NSE:SADBHAV,62.85,62.85,62.85,62.85,675.0
2020-12-10 09:00:00,NSE:SADBHAV,63.0,63.0,63.0,63.0,1876.0
2020-12-10 09:15:00,NSE:SADBHAV,62.9,63.15,58.0,59.8,53121.0
2020-12-10 09:30:00,NSE:SADBHAV,59.85,59.85,58.85,59.75,47917.0
2020-12-10 09:45:00,NSE:SADBHAV,59.75,60.05,59.0,59.55,45078.0
2020-12-10 10:00:00,NSE:SADBHAV,59.6,60.8,59.55,60.75,35432.0
2020-12-10 10:15:00,NSE:SADBHAV,60.3,60.7,59.1,60.1,44416.0
2020-12-10 10:30:00,NSE:SADBHAV,60.1,60.3,59.75,59.95,36030.0
2020-12-10 10:45:00,NSE:SADBHAV,59.95,60.6,59.95,60.6,31355.0
2020-12-10 11:00:00,NSE:SADBHAV,60.5,61.0,60.4,60.6,33576.0
2020-12-10 11:15:00,NSE:SADBHAV,60.6,60.6,59.75,59.8,35088.0
2020-12-10 11:30:00,NSE:SADBHAV,59.75,60.1,59.65,59.9,37918.0
2020-12-10 11:45:00,NSE:SADBHAV,60.0,60.4,60.0,60.25,28757.0
2020-12-10 12:00:00,NSE:SADBHAV,60.25,60.65,60.05,60.3,29818.0
2020-12-10 12:15:00,NSE:SADBHAV,60.3,60.5,60.1,60.5,29204.0
2020-12-10 12:30:00,NSE:SADBHAV,60.5,60.5,60.25,60.5,28116.0
2020-12-10 12:45:00,NSE:SADBHAV,60.45,60.65,60.15,60.6,25830.0
2020-12-10 13:00:00,NSE:SADBHAV,60.7,60.8,60.5,60.5,26630.0
2020-12-10 13:15:00,NSE:SADBHAV,60.5,60.7,60.0,60.5,16959.0
2020-12-10 13:30:00,NSE:SADBHAV,60.7,60.8,60.5,60.7,29863.0
2020-12-10 13:45:00,NSE:SADBHAV,60.7,60.7,60.35,60.5,29912.0
2020-12-10 14:00:00,NSE:SADBHAV,60.5,60.7,60.15,60.55,32576.0
2020-12-10 14:15:00,NSE:SADBHAV,60.55,61.4,60.55,61.2,34329.0
2020-12-10 14:30:00,NSE:SADBHAV,61.25,62.0,61.2,61.65,40415.0
2020-12-10 14:45:00,NSE:SADBHAV,61.7,62.05,61.7,61.95,36016.0
2020-12-10 15:00:00,NSE:SADBHAV,61.95,61.95,61.25,61.25,37257.0
2020-12-10 15:15:00,NSE:SADBHAV,61.35,61.5,61.1,61.5,37814.0
2020-12-10 15:30:00,NSE:SADBHAV,61.4,61.5,61.4,61.5,3658.0
2020-12-11 09:00:00,NSE:SADBHAV,61.95,61.95,61.95,61.95,2510.0
2020-12-11 09:15:00,NSE:SADBHAV,61.95,64.0,61.6,64.0,103875.0
2020-12-11 09:30:00,NSE:SADBHAV,64.0,64.0,63.3,63.9,29227.0
2020-12-11 09:45:00,NSE:SADBHAV,64.0,64.4,63.55,64.05,31463.0
2020-12-11 10:00:00,NSE:SADBHAV,64.05,64.2,63.85,64.0,33667.0
2020-12-11 10:15:00,NSE:SADBHAV,64.0,64.6,63.3,63.9,51814.0
2020-12-11 10:30:00,NSE:SADBHAV,64.0,65.2,63.05,65.05,83665.0
2020-12-11 10:45:00,NSE:SADBHAV,65.0,66.85,64.5,66.4,180037.0
2020-12-11 11:00:00,NSE:SADBHAV,66.4,66.5,66.0,66.05,55584.0
2020-12-11 11:15:00,NSE:SADBHAV,66.0,66.35,65.85,65.85,40122.0
2020-12-11 11:30:00,NSE:SADBHAV,65.85,66.0,65.05,65.3,35144.0
2020-12-11 11:45:00,NSE:SADBHAV,65.35,65.6,65.3,65.5,18564.0
2020-12-11 12:00:00,NSE:SADBHAV,65.45,65.6,65.3,65.35,7682.0
2020-12-11 12:15:00,NSE:SADBHAV,65.6,65.65,65.15,65.6,8591.0
2020-12-11 12:30:00,NSE:SADBHAV,65.55,65.55,65.35,65.4,8308.0
2020-12-11 12:45:00,NSE:SADBHAV,65.4,65.4,65.15,65.2,7561.0
2020-12-11 13:00:00,NSE:SADBHAV,65.2,65.4,65.2,65.2,7821.0
2020-12-11 13:15:00,NSE:SADBHAV,65.2,65.4,65.1,65.3,11925.0
2020-12-11 13:30:00,NSE:SADBHAV,65.25,65.5,65.1,65.15,9367.0
2020-12-11 13:45:00,NSE:SADBHAV,65.2,65.25,65.0,65.0,15793.0
2020-12-11 14:00:00,NSE:SADBHAV,65.0,65.0,64.0,64.0,46470.0
2020-12-11 14:15:00,NSE:SADBHAV,64.15,64.7,63.1,63.95,41640.0
2020-12-11 14:30:00,NSE:SADBHAV,63.95,64.4,63.8,64.0,28830.0
2020-12-11 14:45:00,NSE:SADBHAV,64.0,64.25,63.8,64.0,15862.0
2020-12-11 15:00:00,NSE:SADBHAV,63.9,64.25,63.9,63.95,18678.0
2020-12-11 15:15:00,NSE:SADBHAV,63.9,64.5,63.75,63.8,48025.0
2020-12-11 15:30:00,NSE:SADBHAV,64.4,64.4,64.0,64.0,1000.0
2020-12-11 15:45:00,NSE:SADBHAV,64.0,64.0,63.85,63.85,40394.0
2020-12-14 09:00:00,NSE:SADBHAV,65.4,65.4,65.4,65.4,2404.0
2020-12-14 09:15:00,NSE:SADBHAV,65.0,66.7,64.6,65.1,54655.0
2020-12-14 09:30:00,NSE:SADBHAV,64.9,65.4,64.5,65.0,24041.0
2020-12-14 09:45:00,NSE:SADBHAV,65.0,65.0,64.65,64.65,20653.0
2020-12-14 10:00:00,NSE:SADBHAV,64.6,64.85,64.2,64.2,12004.0
2020-12-14 10:15:00,NSE:SADBHAV,64.2,64.85,64.0,64.1,15709.0
2020-12-14 10:30:00,NSE:SADBHAV,64.1,64.3,64.05,64.1,7531.0
2020-12-14 10:45:00,NSE:SADBHAV,64.1,64.85,64.05,64.15,11907.0
2020-12-14 11:00:00,NSE:SADBHAV,64.5,64.55,64.05,64.1,16401.0
2020-12-14 11:15:00,NSE:SADBHAV,64.1,64.3,64.0,64.25,5755.0
2020-12-14 11:30:00,NSE:SADBHAV,64.25,64.6,64.05,64.45,3439.0
2020-12-14 11:45:00,NSE:SADBHAV,64.5,64.5,64.05,64.35,5114.0
2020-12-14 12:00:00,NSE:SADBHAV,64.35,64.4,64.1,64.3,2758.0
2020-12-14 12:15:00,NSE:SADBHAV,64.3,64.4,64.1,64.35,9362.0
2020-12-14 12:30:00,NSE:SADBHAV,64.3,64.3,64.0,64.25,8893.0
2020-12-14 12:45:00,NSE:SADBHAV,64.25,64.4,64.1,64.3,5229.0
2020-12-14 13:00:00,NSE:SADBHAV,64.35,64.35,64.1,64.2,5359.0
2020-12-14 13:15:00,NSE:SADBHAV,64.25,64.25,64.15,64.15,3340.0
2020-12-14 13:30:00,NSE:SADBHAV,64.2,64.35,64.15,64.3,6030.0
2020-12-14 13:45:00,NSE:SADBHAV,64.25,64.35,64.15,64.3,4073.0
2020-12-14 14:00:00,NSE:SADBHAV,64.35,64.4,64.3,64.3,2373.0
2020-12-14 14:15:00,NSE:SADBHAV,64.3,65.35,64.3,65.1,46956.0
2020-12-14 14:30:00,NSE:SADBHAV,65.2,65.2,64.65,64.8,9687.0
2020-12-14 14:45:00,NSE:SADBHAV,64.8,65.1,64.8,64.8,5338.0
2020-12-14 15:00:00,NSE:SADBHAV,64.8,65.0,64.65,64.9,14775.0
2020-12-14 15:15:00,NSE:SADBHAV,64.9,65.0,64.6,64.65,46274.0
2020-12-14 15:30:00,NSE:SADBHAV,64.8,64.8,64.65,64.8,125.0
2020-12-14 15:45:00,NSE:SADBHAV,64.8,64.8,64.65,64.8,250.0
2020-12-15 09:00:00,NSE:SADBHAV,65.25,65.25,65.25,65.25,2740.0
2020-12-15 09:15:00,NSE:SADBHAV,66.0,66.95,65.5,65.65,79854.0
2020-12-15 09:30:00,NSE:SADBHAV,65.65,66.2,65.55,65.6,65530.0
2020-12-15 09:45:00,NSE:SADBHAV,65.65,65.9,65.5,65.7,20848.0
2020-12-15 10:00:00,NSE:SADBHAV,65.7,65.85,65.4,65.55,33251.0
2020-12-15 10:15:00,NSE:SADBHAV,65.45,65.5,65.25,65.3,12385.0
2020-12-15 10:30:00,NSE:SADBHAV,65.3,65.85,65.2,65.45,11747.0
2020-12-15 10:45:00,NSE:SADBHAV,65.5,65.85,65.3,65.85,13364.0
2020-12-15 11:00:00,NSE:SADBHAV,65.8,65.85,65.5,65.8,9980.0
2020-12-15 11:15:00,NSE:SADBHAV,65.8,65.85,65.4,65.75,7588.0
2020-12-15 11:30:00,NSE:SADBHAV,65.7,65.8,65.4,65.55,9351.0
2020-12-15 11:45:00,NSE:SADBHAV,65.75,65.8,65.3,65.55,17478.0
2020-12-15 12:00:00,NSE:SADBHAV,65.5,65.7,65.35,65.7,4917.0
2020-12-15 12:15:00,NSE:SADBHAV,65.55,65.8,65.4,65.4,4136.0
2020-12-15 12:30:00,NSE:SADBHAV,65.5,65.75,65.2,65.45,7762.0
2020-12-15 12:45:00,NSE:SADBHAV,65.45,65.8,65.45,65.6,6663.0
2020-12-15 13:00:00,NSE:SADBHAV,65.6,65.95,65.5,65.75,8600.0
2020-12-15 13:15:00,NSE:SADBHAV,65.75,66.0,65.6,65.8,11449.0
2020-12-15 13:30:00,NSE:SADBHAV,65.7,65.95,65.3,65.7,9167.0
2020-12-15 13:45:00,NSE:SADBHAV,65.5,65.75,65.45,65.6,6028.0
2020-12-15 14:00:00,NSE:SADBHAV,65.55,65.7,65.5,65.65,5148.0
2020-12-15 14:15:00,NSE:SADBHAV,65.6,65.9,65.6,65.75,6699.0
2020-12-15 14:30:00,NSE:SADBHAV,65.75,66.0,65.65,65.65,10444.0
2020-12-15 14:45:00,NSE:SADBHAV,65.65,66.0,65.6,65.65,13108.0
2020-12-15 15:00:00,NSE:SADBHAV,65.7,65.95,65.65,65.85,14543.0
2020-12-15 15:15:00,NSE:SADBHAV,65.85,66.0,65.65,65.75,39668.0
2020-12-15 15:30:00,NSE:SADBHAV,65.8,65.8,65.75,65.75,73.0
2020-12-15 15:45:00,NSE:SADBHAV,65.8,65.8,65.8,65.8,4.0
2020-12-16 09:00:00,NSE:SADBHAV,66.5,66.5,66.5,66.5,3208.0
2020-12-16 09:15:00,NSE:SADBHAV,66.5,66.95,66.05,66.5,70844.0
2020-12-16 09:30:00,NSE:SADBHAV,66.6,66.9,66.35,66.45,63935.0
2020-12-16 09:45:00,NSE:SADBHAV,66.6,66.8,66.5,66.75,29383.0
2020-12-16 10:00:00,NSE:SADBHAV,66.7,66.75,66.65,66.7,23039.0
2020-12-16 10:15:00,NSE:SADBHAV,66.7,66.95,66.65,66.95,26238.0
2020-12-16 10:30:00,NSE:SADBHAV,66.9,66.9,66.7,66.7,10882.0
2020-12-16 10:45:00,NSE:SADBHAV,66.7,66.95,66.7,66.75,13690.0
2020-12-16 11:00:00,NSE:SADBHAV,66.75,68.35,66.75,67.45,116623.0
2020-12-16 11:15:00,NSE:SADBHAV,67.45,67.7,67.35,67.4,17782.0
2020-12-16 11:30:00,NSE:SADBHAV,67.4,67.75,67.1,67.75,41549.0
2020-12-16 11:45:00,NSE:SADBHAV,67.65,68.3,67.55,68.2,42636.0
2020-12-16 12:00:00,NSE:SADBHAV,68.2,68.3,67.85,67.9,49779.0
2020-12-16 12:15:00,NSE:SADBHAV,67.9,69.4,67.65,69.0,143408.0
2020-12-16 12:30:00,NSE:SADBHAV,69.0,69.2,68.0,68.1,44394.0
2020-12-16 12:45:00,NSE:SADBHAV,68.1,68.15,67.6,67.8,20301.0
2020-12-16 13:00:00,NSE:SADBHAV,67.8,68.05,67.8,67.9,7109.0
2020-12-16 13:15:00,NSE:SADBHAV,67.8,68.4,67.8,68.1,16639.0
2020-12-16 13:30:00,NSE:SADBHAV,68.15,68.35,68.0,68.15,12155.0
2020-12-16 13:45:00,NSE:SADBHAV,68.05,68.5,67.9,68.25,13911.0
2020-12-16 14:00:00,NSE:SADBHAV,68.25,68.3,67.8,67.85,20436.0
2020-12-16 14:15:00,NSE:SADBHAV,67.85,68.45,67.7,68.2,31592.0
2020-12-16 14:30:00,NSE:SADBHAV,68.2,68.6,68.2,68.5,36648.0
2020-12-16 14:45:00,NSE:SADBHAV,68.5,68.9,67.8,68.2,64996.0
2020-12-16 15:00:00,NSE:SADBHAV,68.15,68.3,67.7,67.75,38942.0
2020-12-16 15:15:00,NSE:SADBHAV,67.75,68.5,67.75,68.3,81910.0
2020-12-16 15:30:00,NSE:SADBHAV,68.3,68.3,68.1,68.1,777.0
2020-12-16 15:45:00,NSE:SADBHAV,68.1,68.3,68.1,68.1,1170.0
2020-12-17 09:00:00,NSE:SADBHAV,68.75,68.75,68.75,68.75,2306.0
2020-12-17 09:15:00,NSE:SADBHAV,68.4,69.85,68.0,68.5,56014.0
2020-12-17 09:30:00,NSE:SADBHAV,68.55,69.0,68.3,69.0,21318.0
2020-12-17 09:45:00,NSE:SADBHAV,68.85,69.15,68.75,69.0,28787.0
2020-12-17 10:00:00,NSE:SADBHAV,69.0,69.15,68.85,68.95,20429.0
2020-12-17 10:15:00,NSE:SADBHAV,68.8,69.0,67.8,68.3,53986.0
2020-12-17 10:30:00,NSE:SADBHAV,68.4,68.5,67.5,67.9,23506.0
2020-12-17 10:45:00,NSE:SADBHAV,67.95,68.1,67.95,67.95,9563.0
2020-12-17 11:00:00,NSE:SADBHAV,67.95,68.0,67.7,67.95,19999.0
2020-12-17 11:15:00,NSE:SADBHAV,67.85,68.0,67.75,67.75,9007.0
2020-12-17 11:30:00,NSE:SADBHAV,67.75,68.0,67.75,67.75,9315.0
2020-12-17 11:45:00,NSE:SADBHAV,67.75,68.0,67.3,67.7,26064.0
2020-12-17 12:00:00,NSE:SADBHAV,67.75,67.85,67.55,67.75,4305.0
2020-12-17 12:15:00,NSE:SADBHAV,67.85,67.85,67.7,67.8,5360.0
2020-12-17 12:30:00,NSE:SADBHAV,67.8,67.8,67.7,67.7,3027.0
2020-12-17 12:45:00,NSE:SADBHAV,67.85,67.85,67.55,67.6,9413.0
2020-12-17 13:00:00,NSE:SADBHAV,67.55,67.6,67.4,67.45,18083.0
2020-12-17 13:15:00,NSE:SADBHAV,67.4,67.5,67.4,67.45,4968.0
2020-12-17 13:30:00,NSE:SADBHAV,67.4,67.6,67.0,67.0,24643.0
2020-12-17 13:45:00,NSE:SADBHAV,67.0,67.2,66.5,66.7,34129.0
2020-12-17 14:00:00,NSE:SADBHAV,66.5,66.7,65.2,65.2,75352.0
2020-12-17 14:15:00,NSE:SADBHAV,65.25,65.5,64.5,64.7,88842.0
2020-12-17 14:30:00,NSE:SADBHAV,64.7,65.6,64.05,65.6,68309.0
2020-12-17 14:45:00,NSE:SADBHAV,65.5,65.6,65.25,65.4,22567.0
2020-12-17 15:00:00,NSE:SADBHAV,65.45,65.85,65.4,65.8,25057.0
2020-12-17 15:15:00,NSE:SADBHAV,65.75,65.8,65.3,65.55,52470.0
2020-12-17 15:30:00,NSE:SADBHAV,65.6,65.6,65.5,65.5,460.0
2020-12-17 15:45:00,NSE:SADBHAV,65.5,65.5,65.5,65.5,50.0
2020-12-18 09:00:00,NSE:SADBHAV,66.25,66.25,66.25,66.25,423.0
2020-12-18 09:15:00,NSE:SADBHAV,66.25,66.25,64.05,64.25,59158.0
2020-12-18 09:30:00,NSE:SADBHAV,64.45,64.5,64.05,64.25,22867.0
2020-12-18 09:45:00,NSE:SADBHAV,64.25,64.25,63.15,63.15,36301.0
2020-12-18 10:00:00,NSE:SADBHAV,63.4,63.4,62.15,63.4,87110.0
2020-12-18 10:15:00,NSE:SADBHAV,63.4,63.9,63.4,63.75,18792.0
2020-12-18 10:30:00,NSE:SADBHAV,63.75,63.75,63.4,63.5,28286.0
2020-12-18 10:45:00,NSE:SADBHAV,63.55,63.95,63.4,63.9,30855.0
2020-12-18 11:00:00,NSE:SADBHAV,63.9,64.0,63.5,63.95,10174.0
2020-12-18 11:15:00,NSE:SADBHAV,63.9,63.9,63.8,63.9,1292.0
2020-12-18 11:30:00,NSE:SADBHAV,63.9,64.3,63.9,64.0,10807.0
2020-12-18 11:45:00,NSE:SADBHAV,64.1,64.15,63.65,63.9,7360.0
2020-12-18 12:00:00,NSE:SADBHAV,63.9,63.95,63.75,63.95,3788.0
2020-12-18 12:15:00,NSE:SADBHAV,63.9,64.2,63.75,63.85,11472.0
2020-12-18 12:30:00,NSE:SADBHAV,63.85,63.85,63.65,63.75,3624.0
2020-12-18 12:45:00,NSE:SADBHAV,63.65,63.7,63.5,63.55,5151.0
2020-12-18 13:00:00,NSE:SADBHAV,63.55,63.75,63.5,63.55,5686.0
2020-12-18 13:15:00,NSE:SADBHAV,63.55,63.7,63.5,63.65,5145.0
2020-12-18 13:30:00,NSE:SADBHAV,63.65,63.85,63.5,63.55,9397.0
2020-12-18 13:45:00,NSE:SADBHAV,63.55,64.0,63.55,63.85,7571.0
2020-12-18 14:00:00,NSE:SADBHAV,63.85,64.05,63.8,64.0,2893.0
2020-12-18 14:15:00,NSE:SADBHAV,64.1,64.5,63.9,64.2,35866.0
2020-12-18 14:30:00,NSE:SADBHAV,64.15,64.2,63.9,64.1,16381.0
2020-12-18 14:45:00,NSE:SADBHAV,64.2,64.3,63.95,64.1,4263.0
2020-12-18 15:00:00,NSE:SADBHAV,64.0,64.15,63.85,63.9,23472.0
2020-12-18 15:15:00,NSE:SADBHAV,63.9,64.0,63.7,63.7,23780.0
2020-12-18 15:30:00,NSE:SADBHAV,63.9,63.9,63.9,63.9,5.0
2020-12-18 15:45:00,NSE:SADBHAV,63.9,63.9,63.9,63.9,2369.0
2020-12-21 09:00:00,NSE:SADBHAV,63.15,63.15,63.15,63.15,1698.0
2020-12-21 09:15:00,NSE:SADBHAV,63.9,64.55,63.0,63.1,28237.0
2020-12-21 09:30:00,NSE:SADBHAV,63.1,64.25,63.05,63.5,55961.0
2020-12-21 09:45:00,NSE:SADBHAV,63.45,63.8,63.3,63.45,23676.0
2020-12-21 10:00:00,NSE:SADBHAV,63.45,64.9,63.15,63.15,42625.0
2020-12-21 10:15:00,NSE:SADBHAV,63.3,63.55,63.25,63.45,7140.0
2020-12-21 10:30:00,NSE:SADBHAV,63.45,63.5,63.3,63.45,3262.0
2020-12-21 10:45:00,NSE:SADBHAV,63.45,63.5,63.2,63.2,7433.0
2020-12-21 11:00:00,NSE:SADBHAV,63.2,63.3,63.2,63.2,5514.0
2020-12-21 11:15:00,NSE:SADBHAV,63.2,63.25,63.1,63.25,3535.0
2020-12-21 11:30:00,NSE:SADBHAV,63.3,63.3,63.15,63.15,3300.0
2020-12-21 11:45:00,NSE:SADBHAV,63.15,63.25,63.0,63.0,13160.0
2020-12-21 12:00:00,NSE:SADBHAV,63.0,63.2,63.0,63.2,3127.0
2020-12-21 12:15:00,NSE:SADBHAV,63.2,63.3,63.05,63.3,4234.0
2020-12-21 12:30:00,NSE:SADBHAV,63.3,63.3,63.2,63.2,4255.0
2020-12-21 12:45:00,NSE:SADBHAV,63.15,63.2,62.5,62.5,24033.0
2020-12-21 13:00:00,NSE:SADBHAV,62.5,62.6,62.15,62.25,18934.0
2020-12-21 13:15:00,NSE:SADBHAV,62.2,62.25,62.05,62.2,9698.0
2020-12-21 13:30:00,NSE:SADBHAV,62.2,62.25,61.8,61.9,17073.0
2020-12-21 13:45:00,NSE:SADBHAV,61.95,62.0,61.0,61.0,19527.0
2020-12-21 14:00:00,NSE:SADBHAV,61.0,61.5,60.1,61.05,46557.0
2020-12-21 14:15:00,NSE:SADBHAV,61.1,61.1,58.8,58.8,59693.0
2020-12-21 14:30:00,NSE:SADBHAV,58.8,58.95,55.0,57.45,112987.0
2020-12-21 14:45:00,NSE:SADBHAV,57.8,58.55,57.1,57.35,58459.0
2020-12-21 15:00:00,NSE:SADBHAV,57.6,58.9,57.1,58.75,35586.0
2020-12-21 15:15:00,NSE:SADBHAV,58.7,59.0,58.5,58.7,92857.0
2020-12-21 15:30:00,NSE:SADBHAV,58.45,58.45,58.45,58.45,401.0
2020-12-21 15:45:00,NSE:SADBHAV,58.45,58.7,58.45,58.7,950.0
2020-12-22 09:00:00,NSE:SADBHAV,58.05,58.05,58.05,58.05,9027.0
2020-12-22 09:15:00,NSE:SADBHAV,60.0,66.0,59.05,59.3,292324.0
2020-12-22 09:30:00,NSE:SADBHAV,59.25,60.0,56.0,56.2,116910.0
2020-12-22 09:45:00,NSE:SADBHAV,55.7,58.1,55.1,58.0,100428.0
2020-12-22 10:00:00,NSE:SADBHAV,57.95,58.5,57.2,58.25,45577.0
2020-12-22 10:15:00,NSE:SADBHAV,58.0,61.0,57.95,61.0,71735.0
2020-12-22 10:30:00,NSE:SADBHAV,61.0,61.1,60.0,60.3,35096.0
2020-12-22 10:45:00,NSE:SADBHAV,60.2,60.3,59.6,60.05,46596.0
2020-12-22 11:00:00,NSE:SADBHAV,60.3,60.8,60.0,60.55,28728.0
2020-12-22 11:15:00,NSE:SADBHAV,60.35,60.55,59.0,59.6,33843.0
2020-12-22 11:30:00,NSE:SADBHAV,59.6,59.7,59.0,59.4,14786.0
2020-12-22 11:45:00,NSE:SADBHAV,59.2,60.35,59.2,60.05,19297.0
2020-12-22 12:00:00,NSE:SADBHAV,60.15,60.15,59.85,59.85,22653.0
2020-12-22 12:15:00,NSE:SADBHAV,59.95,60.05,59.4,59.85,13275.0
2020-12-22 12:30:00,NSE:SADBHAV,59.8,60.05,59.5,59.9,25640.0
2020-12-22 12:45:00,NSE:SADBHAV,59.9,60.85,59.9,60.8,35594.0
2020-12-22 13:00:00,NSE:SADBHAV,60.8,60.8,60.5,60.7,8104.0
2020-12-22 13:15:00,NSE:SADBHAV,60.6,61.1,60.6,61.0,23331.0
2020-12-22 13:30:00,NSE:SADBHAV,61.0,61.8,60.85,61.5,40306.0
2020-12-22 13:45:00,NSE:SADBHAV,61.45,61.9,61.0,61.9,26355.0
2020-12-22 14:00:00,NSE:SADBHAV,61.9,62.5,61.9,62.45,48946.0
2020-12-22 14:15:00,NSE:SADBHAV,62.25,62.5,62.0,62.15,26581.0
2020-12-22 14:30:00,NSE:SADBHAV,62.2,62.65,62.15,62.45,32889.0
2020-12-22 14:45:00,NSE:SADBHAV,62.55,62.55,61.3,61.95,27143.0
2020-12-22 15:00:00,NSE:SADBHAV,62.0,62.4,62.0,62.3,22205.0
2020-12-22 15:15:00,NSE:SADBHAV,62.1,62.6,61.95,62.0,67104.0
2020-12-22 15:30:00,NSE:SADBHAV,62.25,62.25,62.0,62.25,525.0
2020-12-22 15:45:00,NSE:SADBHAV,62.25,62.25,62.25,62.25,1283.0
2020-12-23 09:00:00,NSE:SADBHAV,62.5,62.5,62.5,62.5,10439.0
2020-12-23 09:15:00,NSE:SADBHAV,62.9,65.0,62.45,63.75,121286.0
2020-12-23 09:30:00,NSE:SADBHAV,63.55,64.0,63.2,63.65,38406.0
2020-12-23 09:45:00,NSE:SADBHAV,63.65,64.35,63.3,63.7,59170.0
2020-12-23 10:00:00,NSE:SADBHAV,63.7,63.8,63.35,63.7,20296.0
2020-12-23 10:15:00,NSE:SADBHAV,63.55,63.9,63.5,63.55,22257.0
2020-12-23 10:30:00,NSE:SADBHAV,63.55,63.8,63.5,63.55,12903.0
2020-12-23 10:45:00,NSE:SADBHAV,63.55,63.9,63.5,63.65,17835.0
2020-12-23 11:00:00,NSE:SADBHAV,63.65,63.7,63.3,63.3,16608.0
2020-12-23 11:15:00,NSE:SADBHAV,63.35,63.5,62.7,63.05,56239.0
2020-12-23 11:30:00,NSE:SADBHAV,63.0,63.05,62.85,62.9,5928.0
2020-12-23 11:45:00,NSE:SADBHAV,63.0,63.1,62.75,62.9,9516.0
2020-12-23 12:00:00,NSE:SADBHAV,62.9,63.2,62.6,63.1,13368.0
2020-12-23 12:15:00,NSE:SADBHAV,63.2,63.3,62.45,62.55,28810.0
2020-12-23 12:30:00,NSE:SADBHAV,62.5,62.75,62.5,62.75,19926.0
2020-12-23 12:45:00,NSE:SADBHAV,62.6,62.7,62.4,62.45,15121.0
2020-12-23 13:00:00,NSE:SADBHAV,62.45,62.75,62.4,62.5,15682.0
2020-12-23 13:15:00,NSE:SADBHAV,62.6,62.65,62.4,62.45,9526.0
2020-12-23 13:30:00,NSE:SADBHAV,62.45,62.7,62.4,62.5,24723.0
2020-12-23 13:45:00,NSE:SADBHAV,62.5,62.5,62.3,62.4,26365.0
2020-12-23 14:00:00,NSE:SADBHAV,62.4,62.4,61.55,62.2,27190.0
2020-12-23 14:15:00,NSE:SADBHAV,62.05,62.4,62.05,62.3,8516.0
2020-12-23 14:30:00,NSE:SADBHAV,62.4,62.4,62.0,62.1,20396.0
2020-12-23 14:45:00,NSE:SADBHAV,62.25,62.9,62.15,62.9,20158.0
2020-12-23 15:00:00,NSE:SADBHAV,62.9,63.1,62.7,63.0,37646.0
2020-12-23 15:15:00,NSE:SADBHAV,62.85,63.0,62.4,62.95,46298.0
2020-12-23 15:30:00,NSE:SADBHAV,62.85,62.85,62.85,62.85,50.0
2020-12-23 15:45:00,NSE:SADBHAV,62.85,62.85,62.85,62.85,530.0
2020-12-24 09:00:00,NSE:SADBHAV,65.0,65.0,65.0,65.0,5645.0
2020-12-24 09:15:00,NSE:SADBHAV,64.85,65.05,63.55,64.05,97238.0
2020-12-24 09:30:00,NSE:SADBHAV,64.5,64.5,64.0,64.25,22135.0
2020-12-24 09:45:00,NSE:SADBHAV,64.25,64.35,63.6,63.8,40428.0
2020-12-24 10:00:00,NSE:SADBHAV,63.65,63.95,63.5,63.75,16121.0
2020-12-24 10:15:00,NSE:SADBHAV,63.75,63.85,63.2,63.55,25312.0
2020-12-24 10:30:00,NSE:SADBHAV,63.5,63.85,63.25,63.8,14344.0
2020-12-24 10:45:00,NSE:SADBHAV,63.85,63.85,63.0,63.15,8417.0
2020-12-24 11:00:00,NSE:SADBHAV,63.15,63.3,62.1,62.2,23924.0
2020-12-24 11:15:00,NSE:SADBHAV,62.2,62.9,62.0,62.9,14544.0
2020-12-24 11:30:00,NSE:SADBHAV,62.65,62.65,62.1,62.5,10927.0
2020-12-24 11:45:00,NSE:SADBHAV,62.65,62.7,62.05,62.1,15687.0
2020-12-24 12:00:00,NSE:SADBHAV,62.15,62.5,62.05,62.2,9968.0
2020-12-24 12:15:00,NSE:SADBHAV,62.2,62.9,62.2,62.75,6818.0
2020-12-24 12:30:00,NSE:SADBHAV,62.8,63.1,62.8,62.85,4722.0
2020-12-24 12:45:00,NSE:SADBHAV,62.85,62.85,62.5,62.6,6085.0
2020-12-24 13:00:00,NSE:SADBHAV,62.6,62.7,62.35,62.35,5273.0
2020-12-24 13:15:00,NSE:SADBHAV,62.35,62.6,62.3,62.45,7966.0
2020-12-24 13:30:00,NSE:SADBHAV,62.5,62.8,62.4,62.4,6112.0
2020-12-24 13:45:00,NSE:SADBHAV,62.4,62.65,62.35,62.45,2608.0
2020-12-24 14:00:00,NSE:SADBHAV,62.45,62.7,62.35,62.45,7163.0
2020-12-24 14:15:00,NSE:SADBHAV,62.55,62.6,62.4,62.5,3171.0
2020-12-24 14:30:00,NSE:SADBHAV,62.5,63.45,62.45,63.2,28006.0
2020-12-24 14:45:00,NSE:SADBHAV,62.95,63.35,62.75,62.85,20683.0
2020-12-24 15:00:00,NSE:SADBHAV,62.85,63.3,62.6,63.0,36292.0
2020-12-24 15:15:00,NSE:SADBHAV,62.85,63.0,62.5,62.5,49429.0
2020-12-24 15:45:00,NSE:SADBHAV,62.9,62.9,62.9,62.9,410.0
2020-12-28 09:00:00,NSE:SADBHAV,65.05,65.05,65.05,65.05,7549.0
2020-12-28 09:15:00,NSE:SADBHAV,65.05,65.05,62.9,63.1,83385.0
2020-12-28 09:30:00,NSE:SADBHAV,63.2,63.6,63.1,63.25,37881.0
2020-12-28 09:45:00,NSE:SADBHAV,63.25,63.25,62.6,62.85,34294.0
2020-12-28 10:00:00,NSE:SADBHAV,62.85,62.85,62.55,62.7,15319.0
2020-12-28 10:15:00,NSE:SADBHAV,62.6,62.75,62.5,62.6,22345.0
2020-12-28 10:30:00,NSE:SADBHAV,62.7,62.7,62.4,62.45,12852.0
2020-12-28 10:45:00,NSE:SADBHAV,62.5,62.6,62.45,62.55,6791.0
2020-12-28 11:00:00,NSE:SADBHAV,62.55,62.6,62.0,62.1,21275.0
2020-12-28 11:15:00,NSE:SADBHAV,62.3,62.6,62.15,62.55,14308.0
2020-12-28 11:30:00,NSE:SADBHAV,62.55,62.6,62.4,62.6,7134.0
2020-12-28 11:45:00,NSE:SADBHAV,62.55,62.6,62.4,62.6,9431.0
2020-12-28 12:00:00,NSE:SADBHAV,62.6,62.6,62.45,62.45,11545.0
2020-12-28 12:15:00,NSE:SADBHAV,62.5,62.55,62.45,62.5,3349.0
2020-12-28 12:30:00,NSE:SADBHAV,62.45,62.55,62.4,62.55,9198.0
2020-12-28 12:45:00,NSE:SADBHAV,62.45,62.55,62.4,62.5,3914.0
2020-12-28 13:00:00,NSE:SADBHAV,62.5,62.55,62.45,62.55,4216.0
2020-12-28 13:15:00,NSE:SADBHAV,62.5,62.55,62.4,62.5,5371.0
2020-12-28 13:30:00,NSE:SADBHAV,62.5,63.4,62.45,63.3,51002.0
2020-12-28 13:45:00,NSE:SADBHAV,63.25,64.5,63.1,64.25,211947.0
2020-12-28 14:00:00,NSE:SADBHAV,64.25,64.25,63.35,63.4,50429.0
2020-12-28 14:15:00,NSE:SADBHAV,63.35,63.85,63.2,63.6,54431.0
2020-12-28 14:30:00,NSE:SADBHAV,63.55,63.55,63.05,63.05,28977.0
2020-12-28 14:45:00,NSE:SADBHAV,63.2,64.6,62.85,64.3,111655.0
2020-12-28 15:00:00,NSE:SADBHAV,64.25,64.25,63.15,63.15,58938.0
2020-12-28 15:15:00,NSE:SADBHAV,63.2,63.65,62.85,63.5,84628.0
2020-12-28 15:30:00,NSE:SADBHAV,63.3,63.5,63.3,63.3,12859.0
2020-12-28 15:45:00,NSE:SADBHAV,63.3,63.5,63.3,63.3,1647.0
2020-12-29 09:00:00,NSE:SADBHAV,64.0,64.0,64.0,64.0,1593.0
2020-12-29 09:15:00,NSE:SADBHAV,63.95,64.5,63.5,63.95,97230.0
2020-12-29 09:30:00,NSE:SADBHAV,63.95,64.3,63.3,63.3,41009.0
2020-12-29 09:45:00,NSE:SADBHAV,63.5,63.65,63.3,63.3,25676.0
2020-12-29 10:00:00,NSE:SADBHAV,63.3,63.6,63.2,63.2,35560.0
2020-12-29 10:15:00,NSE:SADBHAV,63.1,63.35,62.6,62.6,50809.0
2020-12-29 10:30:00,NSE:SADBHAV,62.55,62.8,62.1,62.3,63700.0
2020-12-29 10:45:00,NSE:SADBHAV,62.1,62.3,60.75,61.55,64847.0
2020-12-29 11:00:00,NSE:SADBHAV,61.55,62.45,61.25,62.4,15802.0
2020-12-29 11:15:00,NSE:SADBHAV,62.15,62.6,61.75,61.75,18277.0
2020-12-29 11:30:00,NSE:SADBHAV,61.7,62.0,61.6,61.7,47650.0
2020-12-29 11:45:00,NSE:SADBHAV,61.5,61.85,61.5,61.7,15350.0
2020-12-29 12:00:00,NSE:SADBHAV,61.7,62.0,61.55,61.7,17858.0
2020-12-29 12:15:00,NSE:SADBHAV,61.8,61.85,61.65,61.7,10921.0
2020-12-29 12:30:00,NSE:SADBHAV,61.7,61.85,61.65,61.7,14586.0
2020-12-29 12:45:00,NSE:SADBHAV,61.9,61.9,61.65,61.7,5550.0
2020-12-29 13:00:00,NSE:SADBHAV,61.7,61.75,61.6,61.7,6893.0
2020-12-29 13:15:00,NSE:SADBHAV,61.7,61.9,61.65,61.7,17855.0
2020-12-29 13:30:00,NSE:SADBHAV,61.7,61.85,61.6,61.7,13528.0
2020-12-29 13:45:00,NSE:SADBHAV,61.6,61.8,61.5,61.65,15814.0
2020-12-29 14:00:00,NSE:SADBHAV,61.6,61.8,61.4,61.4,24894.0
2020-12-29 14:15:00,NSE:SADBHAV,61.5,61.9,61.45,61.9,21167.0
2020-12-29 14:30:00,NSE:SADBHAV,61.75,61.9,61.4,61.5,33159.0
2020-12-29 14:45:00,NSE:SADBHAV,61.5,61.65,61.4,61.4,25861.0
2020-12-29 15:00:00,NSE:SADBHAV,61.4,61.55,61.25,61.5,34313.0
2020-12-29 15:15:00,NSE:SADBHAV,61.5,61.5,61.25,61.5,63714.0
2020-12-29 15:30:00,NSE:SADBHAV,61.5,61.5,61.45,61.45,1127.0
2020-12-29 15:45:00,NSE:SADBHAV,61.45,61.5,61.45,61.45,1380.0
2020-12-30 09:00:00,NSE:SADBHAV,62.1,62.1,62.1,62.1,365.0
2020-12-30 09:15:00,NSE:SADBHAV,62.1,62.1,60.8,61.0,47845.0
2020-12-30 09:30:00,NSE:SADBHAV,60.9,61.5,60.9,61.5,28684.0
2020-12-30 09:45:00,NSE:SADBHAV,61.45,61.9,61.2,61.5,20044.0
2020-12-30 10:00:00,NSE:SADBHAV,61.45,61.65,61.25,61.6,9357.0
2020-12-30 10:15:00,NSE:SADBHAV,61.6,61.7,61.5,61.6,11238.0
2020-12-30 10:30:00,NSE:SADBHAV,61.6,61.7,61.55,61.7,4641.0
2020-12-30 10:45:00,NSE:SADBHAV,61.7,61.95,61.7,61.9,24157.0
2020-12-30 11:00:00,NSE:SADBHAV,61.9,61.95,61.75,61.9,4177.0
2020-12-30 11:15:00,NSE:SADBHAV,61.8,61.9,61.55,61.8,13210.0
2020-12-30 11:30:00,NSE:SADBHAV,61.85,61.9,61.75,61.8,6259.0
2020-12-30 11:45:00,NSE:SADBHAV,61.8,61.8,61.7,61.7,8309.0
2020-12-30 12:00:00,NSE:SADBHAV,61.8,61.8,61.65,61.75,2054.0
2020-12-30 12:15:00,NSE:SADBHAV,61.75,61.75,61.65,61.75,3307.0
2020-12-30 12:30:00,NSE:SADBHAV,61.75,61.75,61.55,61.6,9363.0
2020-12-30 12:45:00,NSE:SADBHAV,61.6,61.7,61.55,61.65,3348.0
2020-12-30 13:00:00,NSE:SADBHAV,61.6,61.8,61.6,61.7,5316.0
2020-12-30 13:15:00,NSE:SADBHAV,61.8,61.8,61.55,61.55,4035.0
2020-12-30 13:30:00,NSE:SADBHAV,61.55,61.85,61.55,61.8,4630.0
2020-12-30 13:45:00,NSE:SADBHAV,61.8,61.95,61.75,61.9,4676.0
2020-12-30 14:00:00,NSE:SADBHAV,61.95,63.5,61.9,62.5,85627.0
2020-12-30 14:15:00,NSE:SADBHAV,62.5,62.8,62.1,62.15,18627.0
2020-12-30 14:30:00,NSE:SADBHAV,62.1,62.15,61.0,61.7,77577.0
2020-12-30 14:45:00,NSE:SADBHAV,61.7,61.8,61.5,61.65,46802.0
2020-12-30 15:00:00,NSE:SADBHAV,61.65,61.8,61.45,61.8,23702.0
2020-12-30 15:15:00,NSE:SADBHAV,61.8,62.0,61.15,61.3,68841.0
2020-12-30 15:30:00,NSE:SADBHAV,61.6,61.6,61.3,61.3,895.0
2020-12-30 15:45:00,NSE:SADBHAV,61.6,61.6,61.3,61.6,1914.0
2020-12-31 09:00:00,NSE:SADBHAV,61.7,61.7,61.7,61.7,708.0
2020-12-31 09:15:00,NSE:SADBHAV,61.2,63.3,61.2,62.9,79651.0
2020-12-31 09:30:00,NSE:SADBHAV,62.85,62.95,62.5,62.8,40162.0
2020-12-31 09:45:00,NSE:SADBHAV,62.75,63.7,62.75,63.55,110994.0
2020-12-31 10:00:00,NSE:SADBHAV,63.55,63.7,63.5,63.6,27715.0
2020-12-31 10:15:00,NSE:SADBHAV,63.5,63.7,63.5,63.5,52222.0
2020-12-31 10:30:00,NSE:SADBHAV,63.55,63.6,63.3,63.3,47661.0
2020-12-31 10:45:00,NSE:SADBHAV,63.5,63.5,62.7,62.8,12858.0
2020-12-31 11:00:00,NSE:SADBHAV,62.75,63.3,62.55,63.0,12279.0
2020-12-31 11:15:00,NSE:SADBHAV,63.0,63.0,62.8,63.0,4299.0
2020-12-31 11:30:00,NSE:SADBHAV,63.0,63.3,62.8,62.8,8235.0
2020-12-31 11:45:00,NSE:SADBHAV,62.8,63.0,62.75,62.75,3272.0
2020-12-31 12:00:00,NSE:SADBHAV,62.75,62.85,62.4,62.65,13401.0
2020-12-31 12:15:00,NSE:SADBHAV,62.75,62.8,62.1,62.3,22188.0
2020-12-31 12:30:00,NSE:SADBHAV,62.45,62.75,62.45,62.75,4754.0
2020-12-31 12:45:00,NSE:SADBHAV,62.75,62.85,62.45,62.45,8990.0
2020-12-31 13:00:00,NSE:SADBHAV,62.4,62.45,62.3,62.35,5636.0
2020-12-31 13:15:00,NSE:SADBHAV,62.35,62.55,62.35,62.5,9768.0
2020-12-31 13:30:00,NSE:SADBHAV,62.55,62.7,62.45,62.5,4523.0
2020-12-31 13:45:00,NSE:SADBHAV,62.5,62.7,62.45,62.65,4873.0
2020-12-31 14:00:00,NSE:SADBHAV,62.65,62.75,62.5,62.75,6910.0
2020-12-31 14:15:00,NSE:SADBHAV,62.75,62.85,62.55,62.55,7443.0
2020-12-31 14:30:00,NSE:SADBHAV,62.55,62.65,62.4,62.55,13239.0
2020-12-31 14:45:00,NSE:SADBHAV,62.55,62.65,62.35,62.45,5751.0
2020-12-31 15:00:00,NSE:SADBHAV,62.5,62.65,62.45,62.5,9480.0
2020-12-31 15:15:00,NSE:SADBHAV,62.5,62.8,62.2,62.6,30932.0
2020-12-31 15:30:00,NSE:SADBHAV,62.5,62.6,62.5,62.6,738.0
2020-12-31 15:45:00,NSE:SADBHAV,62.5,62.6,62.5,62.6,503.0
2021-01-01 09:00:00,NSE:SADBHAV,63.4,63.4,63.4,63.4,451.0
2021-01-01 09:15:00,NSE:SADBHAV,63.0,63.35,62.5,62.85,10612.0
2021-01-01 09:30:00,NSE:SADBHAV,62.9,62.9,62.5,62.65,10842.0
2021-01-01 09:45:00,NSE:SADBHAV,62.6,62.75,62.55,62.75,7035.0
2021-01-01 10:00:00,NSE:SADBHAV,62.75,62.9,62.6,62.9,9790.0
2021-01-01 10:15:00,NSE:SADBHAV,62.9,63.3,62.8,63.15,16681.0
2021-01-01 10:30:00,NSE:SADBHAV,63.25,63.25,62.8,62.9,17531.0
2021-01-01 10:45:00,NSE:SADBHAV,62.9,63.0,62.8,63.0,4332.0
2021-01-01 11:00:00,NSE:SADBHAV,62.95,62.95,62.7,62.95,4747.0
2021-01-01 11:15:00,NSE:SADBHAV,63.0,63.0,62.85,63.0,4764.0
2021-01-01 11:30:00,NSE:SADBHAV,63.0,63.25,62.85,63.0,7750.0
2021-01-01 11:45:00,NSE:SADBHAV,63.05,63.9,62.9,63.55,48754.0
2021-01-01 12:00:00,NSE:SADBHAV,63.4,64.0,63.35,63.45,50327.0
2021-01-01 12:15:00,NSE:SADBHAV,63.45,63.55,63.2,63.55,6562.0
2021-01-01 12:30:00,NSE:SADBHAV,63.3,63.5,63.3,63.45,1095.0
2021-01-01 12:45:00,NSE:SADBHAV,63.4,63.5,63.3,63.45,7091.0
2021-01-01 13:00:00,NSE:SADBHAV,63.45,63.65,63.3,63.5,8699.0
2021-01-01 13:15:00,NSE:SADBHAV,63.4,63.65,63.3,63.4,4479.0
2021-01-01 13:30:00,NSE:SADBHAV,63.4,63.5,63.25,63.4,5626.0
2021-01-01 13:45:00,NSE:SADBHAV,63.3,63.5,63.3,63.3,5444.0
2021-01-01 14:00:00,NSE:SADBHAV,63.25,63.75,63.25,63.7,8599.0
2021-01-01 14:15:00,NSE:SADBHAV,63.65,63.65,63.3,63.65,6522.0
2021-01-01 14:30:00,NSE:SADBHAV,63.65,63.7,63.25,63.35,6650.0
2021-01-01 14:45:00,NSE:SADBHAV,63.4,63.6,63.25,63.55,8880.0
2021-01-01 15:00:00,NSE:SADBHAV,63.5,63.5,63.0,63.3,16076.0
2021-01-01 15:15:00,NSE:SADBHAV,63.3,63.7,63.05,63.45,37313.0
2021-01-01 15:30:00,NSE:SADBHAV,63.3,63.3,63.3,63.3,423.0
2021-01-01 15:45:00,NSE:SADBHAV,63.3,63.3,63.3,63.3,3.0
2021-01-04 09:00:00,NSE:SADBHAV,64.0,64.0,64.0,64.0,939.0
2021-01-04 09:15:00,NSE:SADBHAV,63.95,64.35,63.55,63.6,19580.0
2021-01-04 09:30:00,NSE:SADBHAV,63.7,63.75,63.5,63.7,10444.0
2021-01-04 09:45:00,NSE:SADBHAV,63.65,63.95,63.6,63.85,24427.0
2021-01-04 10:00:00,NSE:SADBHAV,63.75,63.9,63.65,63.8,10752.0
2021-01-04 10:15:00,NSE:SADBHAV,63.7,63.8,63.5,63.55,23977.0
2021-01-04 10:30:00,NSE:SADBHAV,63.7,63.8,63.55,63.7,13748.0
2021-01-04 10:45:00,NSE:SADBHAV,63.7,63.8,63.6,63.6,13099.0
2021-01-04 11:00:00,NSE:SADBHAV,63.6,63.75,63.1,63.1,24786.0
2021-01-04 11:15:00,NSE:SADBHAV,63.15,63.45,63.0,63.45,517558.0
2021-01-04 11:30:00,NSE:SADBHAV,63.4,64.9,63.15,64.2,152134.0
2021-01-04 11:45:00,NSE:SADBHAV,64.25,64.7,64.05,64.1,48531.0
2021-01-04 12:00:00,NSE:SADBHAV,64.15,64.25,63.9,64.0,9115.0
2021-01-04 12:15:00,NSE:SADBHAV,64.0,64.15,63.8,63.8,11028.0
2021-01-04 12:30:00,NSE:SADBHAV,63.8,64.25,63.8,64.25,18768.0
2021-01-04 12:45:00,NSE:SADBHAV,64.15,64.3,63.8,63.8,22778.0
2021-01-04 13:00:00,NSE:SADBHAV,64.0,64.0,63.65,63.9,8512.0
2021-01-04 13:15:00,NSE:SADBHAV,63.9,64.0,63.6,64.0,5672.0
2021-01-04 13:30:00,NSE:SADBHAV,63.85,64.3,63.7,64.0,37880.0
2021-01-04 13:45:00,NSE:SADBHAV,64.0,64.35,63.95,64.3,8769.0
2021-01-04 14:00:00,NSE:SADBHAV,64.15,64.5,64.0,64.25,66749.0
2021-01-04 14:15:00,NSE:SADBHAV,64.45,64.5,64.2,64.35,21229.0
2021-01-04 14:30:00,NSE:SADBHAV,64.35,64.5,64.3,64.3,13870.0
2021-01-04 14:45:00,NSE:SADBHAV,64.45,64.6,64.3,64.45,25967.0
2021-01-04 15:00:00,NSE:SADBHAV,64.4,64.6,64.3,64.45,42849.0
2021-01-04 15:15:00,NSE:SADBHAV,64.3,64.8,64.3,64.65,67348.0
2021-01-04 15:30:00,NSE:SADBHAV,64.5,64.65,64.5,64.5,4700.0
2021-01-04 15:45:00,NSE:SADBHAV,64.5,64.65,64.5,64.65,1500.0
2021-01-05 09:00:00,NSE:SADBHAV,63.75,63.75,63.75,63.75,1096.0
2021-01-05 09:15:00,NSE:SADBHAV,64.0,64.0,62.7,62.95,142119.0
2021-01-05 09:30:00,NSE:SADBHAV,63.0,63.05,62.65,62.9,53509.0
2021-01-05 09:45:00,NSE:SADBHAV,62.9,63.4,62.85,63.35,20998.0
2021-01-05 10:00:00,NSE:SADBHAV,63.4,63.4,62.8,63.0,39297.0
2021-01-05 10:15:00,NSE:SADBHAV,62.8,63.0,62.7,62.85,7093.0
2021-01-05 10:30:00,NSE:SADBHAV,63.0,63.25,62.9,63.0,26486.0
2021-01-05 10:45:00,NSE:SADBHAV,63.05,63.65,63.05,63.5,31382.0
2021-01-05 11:00:00,NSE:SADBHAV,63.65,63.65,63.45,63.6,12020.0
2021-01-05 11:15:00,NSE:SADBHAV,63.5,63.95,63.5,63.8,105851.0
2021-01-05 11:30:00,NSE:SADBHAV,63.8,64.5,63.8,64.15,58409.0
2021-01-05 11:45:00,NSE:SADBHAV,64.2,64.2,63.65,63.65,7503.0
2021-01-05 12:00:00,NSE:SADBHAV,63.75,63.95,63.55,63.8,10278.0
2021-01-05 12:15:00,NSE:SADBHAV,63.9,63.9,63.75,63.75,408.0
2021-01-05 12:30:00,NSE:SADBHAV,63.75,63.9,63.7,63.8,4227.0
2021-01-05 12:45:00,NSE:SADBHAV,63.7,63.9,63.65,63.65,8997.0
2021-01-05 13:00:00,NSE:SADBHAV,63.65,63.85,63.65,63.85,4850.0
2021-01-05 13:15:00,NSE:SADBHAV,63.85,63.9,63.4,63.55,16804.0
2021-01-05 13:30:00,NSE:SADBHAV,63.55,63.75,63.5,63.7,5439.0
2021-01-05 13:45:00,NSE:SADBHAV,63.7,63.7,63.4,63.6,7150.0
2021-01-05 14:00:00,NSE:SADBHAV,63.5,63.75,63.5,63.7,5947.0
2021-01-05 14:15:00,NSE:SADBHAV,63.7,65.6,63.6,64.55,120843.0
2021-01-05 14:30:00,NSE:SADBHAV,64.35,64.6,64.15,64.25,21901.0
2021-01-05 14:45:00,NSE:SADBHAV,64.4,64.5,63.6,63.75,27083.0
2021-01-05 15:00:00,NSE:SADBHAV,63.9,64.15,63.9,64.0,10594.0
2021-01-05 15:15:00,NSE:SADBHAV,64.0,64.2,63.65,63.7,27677.0
2021-01-05 15:30:00,NSE:SADBHAV,63.9,63.9,63.7,63.9,1510.0
2021-01-06 09:00:00,NSE:SADBHAV,65.0,65.0,65.0,65.0,2905.0
2021-01-06 09:15:00,NSE:SADBHAV,65.25,65.55,64.5,64.85,94760.0
2021-01-06 09:30:00,NSE:SADBHAV,64.8,64.8,64.25,64.75,22931.0
2021-01-06 09:45:00,NSE:SADBHAV,64.5,66.1,64.5,65.5,149078.0
2021-01-06 10:00:00,NSE:SADBHAV,65.5,65.9,64.7,64.95,37907.0
2021-01-06 10:15:00,NSE:SADBHAV,65.0,65.3,64.9,64.95,21679.0
2021-01-06 10:30:00,NSE:SADBHAV,65.0,65.2,64.65,64.7,71409.0
2021-01-06 10:45:00,NSE:SADBHAV,64.65,64.85,64.65,64.65,13273.0
2021-01-06 11:00:00,NSE:SADBHAV,64.65,64.85,64.25,64.3,34818.0
2021-01-06 11:15:00,NSE:SADBHAV,64.25,64.7,64.2,64.4,29120.0
2021-01-06 11:30:00,NSE:SADBHAV,64.6,64.85,64.4,64.55,10142.0
2021-01-06 11:45:00,NSE:SADBHAV,64.55,64.55,64.25,64.25,6161.0
2021-01-06 12:00:00,NSE:SADBHAV,64.25,64.45,63.0,63.55,69386.0
2021-01-06 12:15:00,NSE:SADBHAV,63.75,63.75,63.5,63.55,17493.0
2021-01-06 12:30:00,NSE:SADBHAV,63.7,63.75,63.4,63.6,32021.0
2021-01-06 12:45:00,NSE:SADBHAV,63.6,63.75,63.6,63.7,7651.0
2021-01-06 13:00:00,NSE:SADBHAV,63.75,63.75,63.4,63.4,21621.0
2021-01-06 13:15:00,NSE:SADBHAV,63.3,63.65,63.25,63.5,16545.0
2021-01-06 13:30:00,NSE:SADBHAV,63.65,63.95,63.3,63.3,21472.0
2021-01-06 13:45:00,NSE:SADBHAV,63.3,63.45,62.65,62.9,45459.0
2021-01-06 14:00:00,NSE:SADBHAV,63.0,63.0,62.3,62.5,31101.0
2021-01-06 14:15:00,NSE:SADBHAV,62.55,63.5,62.5,63.15,24433.0
2021-01-06 14:30:00,NSE:SADBHAV,63.15,63.55,63.15,63.55,11197.0
2021-01-06 14:45:00,NSE:SADBHAV,63.5,63.7,63.4,63.4,10424.0
2021-01-06 15:00:00,NSE:SADBHAV,63.4,63.7,63.35,63.45,17950.0
2021-01-06 15:15:00,NSE:SADBHAV,63.6,63.7,63.35,63.55,58722.0
2021-01-06 15:45:00,NSE:SADBHAV,63.55,63.55,63.55,63.55,500.0
2021-01-07 09:00:00,NSE:SADBHAV,64.8,64.8,64.8,64.8,651.0
2021-01-07 09:15:00,NSE:SADBHAV,64.5,64.7,64.1,64.35,45805.0
2021-01-07 09:30:00,NSE:SADBHAV,64.35,64.4,63.9,63.9,22522.0
2021-01-07 09:45:00,NSE:SADBHAV,63.9,64.2,63.5,64.0,42487.0
2021-01-07 10:00:00,NSE:SADBHAV,64.1,64.7,63.95,64.55,56676.0
2021-01-07 10:15:00,NSE:SADBHAV,64.5,65.0,63.8,64.0,106789.0
2021-01-07 10:30:00,NSE:SADBHAV,63.8,64.15,63.55,63.7,27454.0
2021-01-07 10:45:00,NSE:SADBHAV,63.7,64.15,63.6,64.15,14612.0
2021-01-07 11:00:00,NSE:SADBHAV,64.15,64.7,64.05,64.55,22395.0
2021-01-07 11:15:00,NSE:SADBHAV,64.55,64.7,64.35,64.55,17051.0
2021-01-07 11:30:00,NSE:SADBHAV,64.4,64.65,64.4,64.4,17033.0
2021-01-07 11:45:00,NSE:SADBHAV,64.4,64.5,64.35,64.35,11974.0
2021-01-07 12:00:00,NSE:SADBHAV,64.35,64.45,64.25,64.25,9951.0
2021-01-07 12:15:00,NSE:SADBHAV,64.25,64.5,64.15,64.3,8166.0
2021-01-07 12:30:00,NSE:SADBHAV,64.5,64.9,64.35,64.7,30955.0
2021-01-07 12:45:00,NSE:SADBHAV,64.65,64.75,64.25,64.65,19985.0
2021-01-07 13:00:00,NSE:SADBHAV,64.65,64.9,64.4,64.75,32271.0
2021-01-07 13:15:00,NSE:SADBHAV,64.85,65.0,64.65,64.7,32134.0
2021-01-07 13:30:00,NSE:SADBHAV,64.7,64.7,64.3,64.35,17677.0
2021-01-07 13:45:00,NSE:SADBHAV,64.25,64.5,64.1,64.2,15349.0
2021-01-07 14:00:00,NSE:SADBHAV,64.35,64.4,64.15,64.2,8896.0
2021-01-07 14:15:00,NSE:SADBHAV,64.25,64.4,64.2,64.4,3912.0
2021-01-07 14:30:00,NSE:SADBHAV,64.2,64.55,64.2,64.4,18193.0
2021-01-07 14:45:00,NSE:SADBHAV,64.35,64.6,64.35,64.6,6254.0
2021-01-07 15:00:00,NSE:SADBHAV,64.5,64.8,64.3,64.8,33827.0
2021-01-07 15:15:00,NSE:SADBHAV,64.8,64.8,64.4,64.7,72394.0
2021-01-07 15:30:00,NSE:SADBHAV,64.6,64.6,64.6,64.6,2525.0
2021-01-07 15:45:00,NSE:SADBHAV,64.6,64.6,64.6,64.6,717.0
2021-01-08 09:00:00,NSE:SADBHAV,64.7,64.7,64.7,64.7,83.0
2021-01-08 09:15:00,NSE:SADBHAV,64.95,65.4,64.7,64.7,47393.0
2021-01-08 09:30:00,NSE:SADBHAV,64.75,64.8,64.55,64.55,35956.0
2021-01-08 09:45:00,NSE:SADBHAV,64.75,64.9,63.75,64.35,66822.0
2021-01-08 10:00:00,NSE:SADBHAV,64.25,64.5,63.9,64.3,32672.0
2021-01-08 10:15:00,NSE:SADBHAV,64.3,64.35,63.95,64.0,34723.0
2021-01-08 10:30:00,NSE:SADBHAV,64.15,64.35,63.95,64.35,18319.0
2021-01-08 10:45:00,NSE:SADBHAV,64.3,64.85,64.25,64.6,32060.0
2021-01-08 11:00:00,NSE:SADBHAV,64.6,64.95,64.4,64.45,18283.0
2021-01-08 11:15:00,NSE:SADBHAV,64.6,64.6,63.7,64.2,73466.0
2021-01-08 11:30:00,NSE:SADBHAV,64.2,64.3,63.9,64.05,17486.0
2021-01-08 11:45:00,NSE:SADBHAV,64.05,64.15,63.85,64.1,18235.0
2021-01-08 12:00:00,NSE:SADBHAV,64.2,64.2,63.8,63.9,33774.0
2021-01-08 12:15:00,NSE:SADBHAV,64.05,64.2,64.0,64.05,4120.0
2021-01-08 12:30:00,NSE:SADBHAV,64.15,64.2,64.0,64.1,2734.0
2021-01-08 12:45:00,NSE:SADBHAV,64.15,64.2,63.85,63.9,38038.0
2021-01-08 13:00:00,NSE:SADBHAV,63.9,64.05,63.9,63.95,5302.0
2021-01-08 13:15:00,NSE:SADBHAV,64.0,64.05,63.75,63.8,11955.0
2021-01-08 13:30:00,NSE:SADBHAV,63.75,63.9,63.0,63.15,74879.0
2021-01-08 13:45:00,NSE:SADBHAV,63.25,63.3,63.0,63.1,53791.0
2021-01-08 14:00:00,NSE:SADBHAV,63.1,63.35,62.75,62.75,61231.0
2021-01-08 14:15:00,NSE:SADBHAV,62.75,62.85,62.2,62.5,56717.0
2021-01-08 14:30:00,NSE:SADBHAV,62.4,62.5,62.3,62.4,33495.0
2021-01-08 14:45:00,NSE:SADBHAV,62.4,62.5,62.2,62.2,45857.0
2021-01-08 15:00:00,NSE:SADBHAV,62.35,62.4,62.0,62.25,115790.0
2021-01-08 15:15:00,NSE:SADBHAV,62.3,62.35,62.05,62.35,108324.0
2021-01-08 15:30:00,NSE:SADBHAV,62.15,62.15,62.15,62.15,500.0
2021-01-08 15:45:00,NSE:SADBHAV,62.15,62.15,62.15,62.15,1.0
2021-01-11 09:00:00,NSE:SADBHAV,62.95,62.95,62.95,62.95,1622.0
2021-01-11 09:15:00,NSE:SADBHAV,62.9,62.95,62.3,62.75,63820.0
2021-01-11 09:30:00,NSE:SADBHAV,62.75,62.8,62.4,62.6,40421.0
2021-01-11 09:45:00,NSE:SADBHAV,62.5,62.6,62.0,62.3,33968.0
2021-01-11 10:00:00,NSE:SADBHAV,62.35,62.5,61.5,61.7,64834.0
2021-01-11 10:15:00,NSE:SADBHAV,61.55,61.85,61.3,61.75,35648.0
2021-01-11 10:30:00,NSE:SADBHAV,61.7,62.15,61.5,61.9,34242.0
2021-01-11 10:45:00,NSE:SADBHAV,61.9,62.05,61.85,62.0,5329.0
2021-01-11 11:00:00,NSE:SADBHAV,61.9,64.25,61.9,63.65,269522.0
2021-01-11 11:15:00,NSE:SADBHAV,63.7,64.0,63.4,63.5,320841.0
2021-01-11 11:30:00,NSE:SADBHAV,63.5,63.7,63.35,63.55,104748.0
2021-01-11 11:45:00,NSE:SADBHAV,63.6,63.65,63.4,63.4,28334.0
2021-01-11 12:00:00,NSE:SADBHAV,63.5,63.5,62.95,63.1,80367.0
2021-01-11 12:15:00,NSE:SADBHAV,63.15,63.4,63.1,63.15,34278.0
2021-01-11 12:30:00,NSE:SADBHAV,63.2,63.35,63.15,63.25,40715.0
2021-01-11 12:45:00,NSE:SADBHAV,63.35,63.35,63.05,63.2,39734.0
2021-01-11 13:00:00,NSE:SADBHAV,63.35,63.35,63.05,63.05,31545.0
2021-01-11 13:15:00,NSE:SADBHAV,63.05,63.2,63.0,63.2,42106.0
2021-01-11 13:30:00,NSE:SADBHAV,63.1,63.2,62.9,63.05,27294.0
2021-01-11 13:45:00,NSE:SADBHAV,62.95,63.1,62.75,62.85,18613.0
2021-01-11 14:00:00,NSE:SADBHAV,62.85,63.1,62.7,63.0,43651.0
2021-01-11 14:15:00,NSE:SADBHAV,63.0,63.1,62.8,62.85,26875.0
2021-01-11 14:30:00,NSE:SADBHAV,62.85,63.0,62.75,62.8,21676.0
2021-01-11 14:45:00,NSE:SADBHAV,62.8,62.95,62.25,62.45,77890.0
2021-01-11 15:00:00,NSE:SADBHAV,62.45,62.7,61.7,61.85,139790.0
2021-01-11 15:15:00,NSE:SADBHAV,61.8,62.1,61.5,61.95,132166.0
2021-01-11 15:30:00,NSE:SADBHAV,62.0,62.0,61.95,62.0,827.0
2021-01-11 15:45:00,NSE:SADBHAV,62.0,62.0,61.95,61.95,5248.0
2021-01-12 09:00:00,NSE:SADBHAV,62.5,62.5,62.5,62.5,1490.0
2021-01-12 09:15:00,NSE:SADBHAV,62.5,62.8,61.5,62.65,101177.0
2021-01-12 09:30:00,NSE:SADBHAV,62.6,62.7,62.05,62.25,32965.0
2021-01-12 09:45:00,NSE:SADBHAV,62.2,62.25,62.15,62.15,23566.0
2021-01-12 10:00:00,NSE:SADBHAV,62.25,62.25,61.75,61.95,31729.0
2021-01-12 10:15:00,NSE:SADBHAV,62.0,62.0,61.75,61.95,29102.0
2021-01-12 10:30:00,NSE:SADBHAV,62.0,62.0,61.7,61.75,16716.0
2021-01-12 10:45:00,NSE:SADBHAV,61.75,61.9,61.65,61.75,34143.0
2021-01-12 11:00:00,NSE:SADBHAV,61.75,61.75,61.0,61.45,80814.0
2021-01-12 11:15:00,NSE:SADBHAV,61.4,61.75,61.1,61.5,43934.0
2021-01-12 11:30:00,NSE:SADBHAV,61.4,61.65,61.2,61.45,10299.0
2021-01-12 11:45:00,NSE:SADBHAV,61.6,61.9,61.55,61.55,28765.0
2021-01-12 12:00:00,NSE:SADBHAV,61.6,61.9,61.6,61.8,13483.0
2021-01-12 12:15:00,NSE:SADBHAV,61.85,62.7,61.5,62.5,93330.0
2021-01-12 12:30:00,NSE:SADBHAV,62.7,63.0,62.4,62.4,85639.0
2021-01-12 12:45:00,NSE:SADBHAV,62.4,62.45,62.05,62.05,24570.0
2021-01-12 13:00:00,NSE:SADBHAV,62.25,62.35,62.05,62.25,11842.0
2021-01-12 13:15:00,NSE:SADBHAV,62.3,62.7,62.25,62.6,19556.0
2021-01-12 13:30:00,NSE:SADBHAV,62.7,62.85,62.4,62.85,59219.0
2021-01-12 13:45:00,NSE:SADBHAV,62.8,63.5,62.65,62.95,119441.0
2021-01-12 14:00:00,NSE:SADBHAV,62.95,64.25,62.95,63.7,223112.0
2021-01-12 14:15:00,NSE:SADBHAV,63.7,63.85,63.35,63.45,27972.0
2021-01-12 14:30:00,NSE:SADBHAV,63.45,63.5,63.15,63.2,16208.0
2021-01-12 14:45:00,NSE:SADBHAV,63.2,63.4,63.0,63.0,23343.0
2021-01-12 15:00:00,NSE:SADBHAV,63.05,63.5,63.0,63.5,58918.0
2021-01-12 15:15:00,NSE:SADBHAV,63.65,65.5,63.45,65.2,567807.0
2021-01-12 15:30:00,NSE:SADBHAV,65.1,65.1,64.4,64.4,289.0
2021-01-12 15:45:00,NSE:SADBHAV,64.4,64.4,64.4,64.4,53.0
2021-01-13 09:00:00,NSE:SADBHAV,65.3,65.3,65.3,65.3,3923.0
2021-01-13 09:15:00,NSE:SADBHAV,65.3,66.0,64.55,65.4,256711.0
2021-01-13 09:30:00,NSE:SADBHAV,65.35,65.45,64.75,64.75,66674.0
2021-01-13 09:45:00,NSE:SADBHAV,64.85,65.4,64.0,65.0,126712.0
2021-01-13 10:00:00,NSE:SADBHAV,65.05,65.3,64.25,64.45,67616.0
2021-01-13 10:15:00,NSE:SADBHAV,64.5,64.9,64.4,64.6,32195.0
2021-01-13 10:30:00,NSE:SADBHAV,64.8,64.9,63.6,64.0,145263.0
2021-01-13 10:45:00,NSE:SADBHAV,63.9,64.55,63.75,63.95,275278.0
2021-01-13 11:00:00,NSE:SADBHAV,63.95,64.45,63.9,64.1,33912.0
2021-01-13 11:15:00,NSE:SADBHAV,64.25,64.3,63.75,63.95,42273.0
2021-01-13 11:30:00,NSE:SADBHAV,63.85,63.95,63.3,63.4,55567.0
2021-01-13 11:45:00,NSE:SADBHAV,63.4,63.5,63.15,63.4,40850.0
2021-01-13 12:00:00,NSE:SADBHAV,63.4,63.6,63.2,63.45,17682.0
2021-01-13 12:15:00,NSE:SADBHAV,63.6,63.85,63.45,63.55,15884.0
2021-01-13 12:30:00,NSE:SADBHAV,63.55,63.85,63.5,63.7,14445.0
2021-01-13 12:45:00,NSE:SADBHAV,63.85,63.9,63.6,63.75,12433.0
2021-01-13 13:00:00,NSE:SADBHAV,63.7,63.95,63.4,63.4,23038.0
2021-01-13 13:15:00,NSE:SADBHAV,63.3,63.65,63.15,63.4,39571.0
2021-01-13 13:30:00,NSE:SADBHAV,63.4,63.65,63.2,63.35,16889.0
2021-01-13 13:45:00,NSE:SADBHAV,63.25,63.45,63.0,63.05,42932.0
2021-01-13 14:00:00,NSE:SADBHAV,63.0,63.2,62.0,63.05,62521.0
2021-01-13 14:15:00,NSE:SADBHAV,63.2,63.2,62.75,62.9,22940.0
2021-01-13 14:30:00,NSE:SADBHAV,63.05,63.2,62.85,63.0,18216.0
2021-01-13 14:45:00,NSE:SADBHAV,63.15,63.35,62.9,63.15,18166.0
2021-01-13 15:00:00,NSE:SADBHAV,63.25,63.65,63.0,63.35,48070.0
2021-01-13 15:15:00,NSE:SADBHAV,63.45,63.5,62.8,62.95,68951.0
2021-01-13 15:30:00,NSE:SADBHAV,62.8,63.15,62.8,62.8,2245.0
2021-01-13 15:45:00,NSE:SADBHAV,63.15,63.15,62.8,63.15,1000.0
2021-01-14 09:00:00,NSE:SADBHAV,63.15,63.15,63.15,63.15,327.0
2021-01-14 09:15:00,NSE:SADBHAV,63.15,63.5,62.65,62.75,23700.0
2021-01-14 09:30:00,NSE:SADBHAV,62.8,62.9,62.2,62.25,44274.0
2021-01-14 09:45:00,NSE:SADBHAV,62.3,62.5,61.8,62.3,53952.0
2021-01-14 10:00:00,NSE:SADBHAV,62.35,62.4,62.0,62.05,26784.0
2021-01-14 10:15:00,NSE:SADBHAV,62.1,62.35,61.95,62.25,20020.0
2021-01-14 10:30:00,NSE:SADBHAV,62.35,62.35,62.05,62.2,18547.0
2021-01-14 10:45:00,NSE:SADBHAV,62.2,62.35,61.65,61.8,35919.0
2021-01-14 11:00:00,NSE:SADBHAV,61.8,62.0,61.8,61.9,31538.0
2021-01-14 11:15:00,NSE:SADBHAV,61.9,62.35,61.9,62.25,33089.0
2021-01-14 11:30:00,NSE:SADBHAV,62.25,62.35,62.05,62.2,18157.0
2021-01-14 11:45:00,NSE:SADBHAV,62.2,62.3,61.9,61.95,29415.0
2021-01-14 12:00:00,NSE:SADBHAV,62.0,62.0,61.85,61.9,29587.0
2021-01-14 12:15:00,NSE:SADBHAV,61.9,62.0,61.65,61.85,34950.0
2021-01-14 12:30:00,NSE:SADBHAV,62.0,62.0,61.85,61.95,13052.0
2021-01-14 12:45:00,NSE:SADBHAV,61.95,62.0,61.7,61.8,17915.0
2021-01-14 13:00:00,NSE:SADBHAV,61.9,61.9,61.75,61.8,5202.0
2021-01-14 13:15:00,NSE:SADBHAV,61.8,61.9,61.55,61.7,51637.0
2021-01-14 13:30:00,NSE:SADBHAV,61.7,61.8,61.65,61.8,9082.0
2021-01-14 13:45:00,NSE:SADBHAV,61.8,61.9,61.7,61.8,13437.0
2021-01-14 14:00:00,NSE:SADBHAV,61.9,61.9,61.65,61.65,22492.0
2021-01-14 14:15:00,NSE:SADBHAV,61.8,61.95,61.6,61.95,26108.0
2021-01-14 14:30:00,NSE:SADBHAV,61.95,62.2,61.65,61.65,22185.0
2021-01-14 14:45:00,NSE:SADBHAV,61.85,61.9,61.65,61.65,15110.0
2021-01-14 15:00:00,NSE:SADBHAV,61.65,61.8,61.65,61.65,19411.0
2021-01-14 15:15:00,NSE:SADBHAV,61.7,61.9,61.6,61.9,53750.0
2021-01-14 15:45:00,NSE:SADBHAV,61.75,61.75,61.75,61.75,2651.0
2021-01-15 09:00:00,NSE:SADBHAV,62.0,62.0,62.0,62.0,817.0
2021-01-15 09:15:00,NSE:SADBHAV,61.8,62.0,61.35,61.55,40444.0
2021-01-15 09:30:00,NSE:SADBHAV,61.55,61.6,61.1,61.15,28282.0
2021-01-15 09:45:00,NSE:SADBHAV,61.3,61.5,61.1,61.45,21843.0
2021-01-15 10:00:00,NSE:SADBHAV,61.45,61.8,61.35,61.6,12189.0
2021-01-15 10:15:00,NSE:SADBHAV,61.6,62.45,61.55,62.4,40743.0
2021-01-15 10:30:00,NSE:SADBHAV,62.3,62.35,61.8,62.0,25221.0
2021-01-15 10:45:00,NSE:SADBHAV,61.7,61.75,61.1,61.5,43250.0
2021-01-15 11:00:00,NSE:SADBHAV,61.5,61.5,61.3,61.45,8860.0
2021-01-15 11:15:00,NSE:SADBHAV,61.45,61.5,61.3,61.3,10010.0
2021-01-15 11:30:00,NSE:SADBHAV,61.35,61.5,61.25,61.4,5597.0
2021-01-15 11:45:00,NSE:SADBHAV,61.5,61.7,61.5,61.65,3078.0
2021-01-15 12:00:00,NSE:SADBHAV,61.7,61.85,61.5,61.75,13200.0
2021-01-15 12:15:00,NSE:SADBHAV,61.75,61.8,61.55,61.75,3940.0
2021-01-15 12:30:00,NSE:SADBHAV,61.6,62.1,61.6,62.0,7115.0
2021-01-15 12:45:00,NSE:SADBHAV,62.1,62.1,61.8,61.9,7450.0
2021-01-15 13:00:00,NSE:SADBHAV,61.95,62.0,61.85,61.95,5034.0
2021-01-15 13:15:00,NSE:SADBHAV,61.75,61.9,61.65,61.65,5466.0
2021-01-15 13:30:00,NSE:SADBHAV,61.6,61.8,61.6,61.8,2788.0
2021-01-15 13:45:00,NSE:SADBHAV,61.8,61.85,61.5,61.5,10309.0
2021-01-15 14:00:00,NSE:SADBHAV,61.65,61.65,61.05,61.15,26579.0
2021-01-15 14:15:00,NSE:SADBHAV,61.15,61.3,60.8,61.15,30965.0
2021-01-15 14:30:00,NSE:SADBHAV,61.15,61.35,61.1,61.25,17327.0
2021-01-15 14:45:00,NSE:SADBHAV,61.25,61.45,61.25,61.3,7251.0
2021-01-15 15:00:00,NSE:SADBHAV,61.35,61.4,61.15,61.2,16961.0
2021-01-15 15:15:00,NSE:SADBHAV,61.2,61.55,61.0,61.55,41509.0
2021-01-15 15:30:00,NSE:SADBHAV,61.2,61.2,61.2,61.2,50.0
2021-01-18 09:00:00,NSE:SADBHAV,61.7,61.7,61.7,61.7,284.0
2021-01-18 09:15:00,NSE:SADBHAV,61.7,61.7,61.0,61.4,24024.0
2021-01-18 09:30:00,NSE:SADBHAV,61.4,61.4,60.5,60.75,44695.0
2021-01-18 09:45:00,NSE:SADBHAV,60.8,61.25,60.5,60.55,30384.0
2021-01-18 10:00:00,NSE:SADBHAV,60.7,60.9,59.9,59.95,39518.0
2021-01-18 10:15:00,NSE:SADBHAV,59.9,60.1,59.8,59.8,31884.0
2021-01-18 10:30:00,NSE:SADBHAV,59.8,59.85,59.0,59.3,37789.0
2021-01-18 10:45:00,NSE:SADBHAV,59.35,59.95,59.2,59.7,13741.0
2021-01-18 11:00:00,NSE:SADBHAV,59.8,59.9,59.3,59.45,17799.0
2021-01-18 11:15:00,NSE:SADBHAV,59.45,59.8,59.45,59.6,15172.0
2021-01-18 11:30:00,NSE:SADBHAV,59.6,59.7,59.4,59.5,6442.0
2021-01-18 11:45:00,NSE:SADBHAV,59.5,59.7,59.3,59.45,16450.0
2021-01-18 12:00:00,NSE:SADBHAV,59.6,59.6,59.45,59.55,3128.0
2021-01-18 12:15:00,NSE:SADBHAV,59.6,59.6,59.45,59.6,3418.0
2021-01-18 12:30:00,NSE:SADBHAV,59.6,59.6,59.5,59.6,3542.0
2021-01-18 12:45:00,NSE:SADBHAV,59.6,59.6,59.5,59.55,7443.0
2021-01-18 13:00:00,NSE:SADBHAV,59.55,59.6,59.45,59.5,4301.0
2021-01-18 13:15:00,NSE:SADBHAV,59.6,59.6,59.55,59.55,3947.0
2021-01-18 13:30:00,NSE:SADBHAV,59.55,59.75,59.4,59.75,11262.0
2021-01-18 13:45:00,NSE:SADBHAV,59.85,60.2,59.75,60.2,8181.0
2021-01-18 14:00:00,NSE:SADBHAV,60.2,60.35,60.1,60.15,5436.0
2021-01-18 14:15:00,NSE:SADBHAV,60.25,60.25,60.0,60.0,11283.0
2021-01-18 14:30:00,NSE:SADBHAV,60.05,60.2,59.45,59.55,21859.0
2021-01-18 14:45:00,NSE:SADBHAV,59.55,59.55,59.15,59.25,25445.0
2021-01-18 15:00:00,NSE:SADBHAV,59.45,59.6,59.25,59.4,14720.0
2021-01-18 15:15:00,NSE:SADBHAV,59.25,59.45,59.05,59.4,47564.0
2021-01-18 15:30:00,NSE:SADBHAV,59.35,59.35,59.25,59.25,1208.0
2021-01-18 15:45:00,NSE:SADBHAV,59.25,59.25,59.25,59.25,504.0
2021-01-19 09:00:00,NSE:SADBHAV,59.35,59.35,59.35,59.35,1301.0
2021-01-19 09:15:00,NSE:SADBHAV,60.2,60.6,59.6,60.3,36822.0
2021-01-19 09:30:00,NSE:SADBHAV,60.3,60.7,60.05,60.1,16348.0
2021-01-19 09:45:00,NSE:SADBHAV,60.1,60.6,60.1,60.5,18905.0
2021-01-19 10:00:00,NSE:SADBHAV,60.6,60.7,60.45,60.6,6946.0
2021-01-19 10:15:00,NSE:SADBHAV,60.6,60.8,60.5,60.7,6142.0
2021-01-19 10:30:00,NSE:SADBHAV,60.7,61.0,60.65,60.8,12572.0
2021-01-19 10:45:00,NSE:SADBHAV,60.8,61.25,60.65,60.65,16642.0
2021-01-19 11:00:00,NSE:SADBHAV,60.65,60.9,60.4,60.4,22643.0
2021-01-19 11:15:00,NSE:SADBHAV,60.5,60.55,60.25,60.3,2708.0
2021-01-19 11:30:00,NSE:SADBHAV,60.3,60.55,60.3,60.3,3428.0
2021-01-19 11:45:00,NSE:SADBHAV,60.3,60.4,60.2,60.25,3386.0
2021-01-19 12:00:00,NSE:SADBHAV,60.25,60.5,60.2,60.4,7043.0
2021-01-19 12:15:00,NSE:SADBHAV,60.4,61.05,60.4,60.55,23637.0
2021-01-19 12:30:00,NSE:SADBHAV,60.75,61.05,60.55,60.9,7956.0
2021-01-19 12:45:00,NSE:SADBHAV,61.05,61.05,60.85,60.9,3417.0
2021-01-19 13:00:00,NSE:SADBHAV,60.9,60.95,60.75,60.75,6365.0
2021-01-19 13:15:00,NSE:SADBHAV,60.8,60.9,60.65,60.7,4805.0
2021-01-19 13:30:00,NSE:SADBHAV,60.8,60.8,60.55,60.6,4952.0
2021-01-19 13:45:00,NSE:SADBHAV,60.75,60.75,60.5,60.55,10904.0
2021-01-19 14:00:00,NSE:SADBHAV,60.7,60.75,60.55,60.6,3921.0
2021-01-19 14:15:00,NSE:SADBHAV,60.6,60.75,60.6,60.6,3882.0
2021-01-19 14:30:00,NSE:SADBHAV,60.75,61.3,60.55,60.75,31898.0
2021-01-19 14:45:00,NSE:SADBHAV,60.8,61.0,60.7,60.85,11012.0
2021-01-19 15:00:00,NSE:SADBHAV,60.85,61.1,60.8,61.0,18918.0
2021-01-19 15:15:00,NSE:SADBHAV,61.0,61.15,60.75,60.8,32903.0
2021-01-19 15:30:00,NSE:SADBHAV,60.95,60.95,60.95,60.95,902.0
2021-01-19 15:45:00,NSE:SADBHAV,60.95,60.95,60.95,60.95,1.0
2021-01-20 09:00:00,NSE:SADBHAV,61.0,61.0,61.0,61.0,535.0
2021-01-20 09:15:00,NSE:SADBHAV,61.4,61.55,60.8,61.1,36763.0
2021-01-20 09:30:00,NSE:SADBHAV,61.25,61.25,60.75,61.0,23104.0
2021-01-20 09:45:00,NSE:SADBHAV,61.0,61.1,60.8,60.8,7299.0
2021-01-20 10:00:00,NSE:SADBHAV,60.8,61.15,60.8,61.05,6973.0
2021-01-20 10:15:00,NSE:SADBHAV,61.05,61.4,61.0,61.25,5761.0
2021-01-20 10:30:00,NSE:SADBHAV,61.25,61.35,61.0,61.05,9517.0
2021-01-20 10:45:00,NSE:SADBHAV,61.05,61.7,60.9,61.55,42203.0
2021-01-20 11:00:00,NSE:SADBHAV,61.5,61.5,61.1,61.1,15946.0
2021-01-20 11:15:00,NSE:SADBHAV,61.1,61.1,60.85,60.85,11918.0
2021-01-20 11:30:00,NSE:SADBHAV,60.85,61.0,60.5,60.6,61114.0
2021-01-20 11:45:00,NSE:SADBHAV,60.65,60.85,60.65,60.75,1735.0
2021-01-20 12:00:00,NSE:SADBHAV,60.7,60.7,59.8,60.5,35734.0
2021-01-20 12:15:00,NSE:SADBHAV,60.6,60.75,60.4,60.65,3038.0
2021-01-20 12:30:00,NSE:SADBHAV,60.65,60.75,60.4,60.55,17311.0
2021-01-20 12:45:00,NSE:SADBHAV,60.6,60.75,60.55,60.6,5133.0
2021-01-20 13:00:00,NSE:SADBHAV,60.7,60.7,60.4,60.4,8485.0
2021-01-20 13:15:00,NSE:SADBHAV,60.65,60.75,60.4,60.55,3051.0
2021-01-20 13:30:00,NSE:SADBHAV,60.55,60.55,60.25,60.4,7859.0
2021-01-20 13:45:00,NSE:SADBHAV,60.5,60.7,60.4,60.45,3743.0
2021-01-20 14:00:00,NSE:SADBHAV,60.65,60.65,60.45,60.5,1367.0
2021-01-20 14:15:00,NSE:SADBHAV,60.5,60.55,60.45,60.45,1400.0
2021-01-20 14:30:00,NSE:SADBHAV,60.45,60.6,60.4,60.45,3475.0
2021-01-20 14:45:00,NSE:SADBHAV,60.45,60.6,60.4,60.6,11201.0
2021-01-20 15:00:00,NSE:SADBHAV,60.6,60.75,60.45,60.45,10211.0
2021-01-20 15:15:00,NSE:SADBHAV,60.45,60.55,60.1,60.3,40025.0
2021-01-20 15:30:00,NSE:SADBHAV,60.35,60.35,60.35,60.35,50.0
2021-01-20 15:45:00,NSE:SADBHAV,60.35,60.35,60.3,60.35,1387.0
2021-01-21 09:00:00,NSE:SADBHAV,61.0,61.0,61.0,61.0,310.0
2021-01-21 09:15:00,NSE:SADBHAV,60.7,61.35,60.5,61.15,40545.0
2021-01-21 09:30:00,NSE:SADBHAV,61.1,61.15,60.55,60.7,22728.0
2021-01-21 09:45:00,NSE:SADBHAV,60.7,60.85,60.6,60.8,7150.0
2021-01-21 10:00:00,NSE:SADBHAV,60.75,60.8,60.6,60.65,4242.0
2021-01-21 10:15:00,NSE:SADBHAV,60.65,60.85,60.65,60.7,8886.0
2021-01-21 10:30:00,NSE:SADBHAV,60.7,60.95,60.65,60.75,10577.0
2021-01-21 10:45:00,NSE:SADBHAV,60.8,60.95,60.65,60.85,15970.0
2021-01-21 11:00:00,NSE:SADBHAV,61.0,61.1,60.85,61.0,9445.0
2021-01-21 11:15:00,NSE:SADBHAV,61.0,61.1,60.8,60.85,10896.0
2021-01-21 11:30:00,NSE:SADBHAV,60.95,60.95,60.7,60.7,2475.0
2021-01-21 11:45:00,NSE:SADBHAV,60.7,60.85,60.65,60.65,5225.0
2021-01-21 12:00:00,NSE:SADBHAV,60.65,60.7,60.2,60.3,48640.0
2021-01-21 12:15:00,NSE:SADBHAV,60.2,60.2,59.9,60.0,45926.0
2021-01-21 12:30:00,NSE:SADBHAV,60.0,60.05,59.8,60.0,11829.0
2021-01-21 12:45:00,NSE:SADBHAV,60.0,60.05,59.95,60.0,4219.0
2021-01-21 13:00:00,NSE:SADBHAV,60.0,60.0,59.45,59.55,33345.0
2021-01-21 13:15:00,NSE:SADBHAV,59.55,59.85,59.35,59.75,25416.0
2021-01-21 13:30:00,NSE:SADBHAV,59.9,59.95,59.75,59.9,3486.0
2021-01-21 13:45:00,NSE:SADBHAV,59.75,59.95,59.75,59.85,3335.0
2021-01-21 14:00:00,NSE:SADBHAV,59.9,60.05,59.75,60.0,7235.0
2021-01-21 14:15:00,NSE:SADBHAV,60.0,60.05,59.8,59.9,8555.0
2021-01-21 14:30:00,NSE:SADBHAV,59.9,60.0,59.6,59.8,18400.0
2021-01-21 14:45:00,NSE:SADBHAV,59.65,59.7,59.2,59.2,21464.0
2021-01-21 15:00:00,NSE:SADBHAV,59.2,59.35,58.2,58.65,52302.0
2021-01-21 15:15:00,NSE:SADBHAV,58.75,59.45,58.3,59.0,45291.0
2021-01-21 15:30:00,NSE:SADBHAV,58.9,59.0,58.9,58.9,301.0
2021-01-22 09:00:00,NSE:SADBHAV,58.7,58.7,58.7,58.7,418.0
2021-01-22 09:15:00,NSE:SADBHAV,59.5,59.95,59.0,59.0,20013.0
2021-01-22 09:30:00,NSE:SADBHAV,59.0,59.25,58.6,59.15,18217.0
2021-01-22 09:45:00,NSE:SADBHAV,59.4,59.6,59.1,59.2,13516.0
2021-01-22 10:00:00,NSE:SADBHAV,59.1,60.75,58.65,59.75,103255.0
2021-01-22 10:15:00,NSE:SADBHAV,59.85,59.95,59.25,59.3,27490.0
2021-01-22 10:30:00,NSE:SADBHAV,59.45,59.6,58.7,58.85,28208.0
2021-01-22 10:45:00,NSE:SADBHAV,58.95,59.2,58.8,59.0,5288.0
2021-01-22 11:00:00,NSE:SADBHAV,59.0,59.1,58.8,58.85,6178.0
2021-01-22 11:15:00,NSE:SADBHAV,58.85,59.0,58.65,58.8,16420.0
2021-01-22 11:30:00,NSE:SADBHAV,58.8,59.1,58.7,59.1,5940.0
2021-01-22 11:45:00,NSE:SADBHAV,58.9,59.1,58.7,58.9,13961.0
2021-01-22 12:00:00,NSE:SADBHAV,58.9,58.95,58.7,58.9,10108.0
2021-01-22 12:15:00,NSE:SADBHAV,59.0,59.1,58.8,58.85,4832.0
2021-01-22 12:30:00,NSE:SADBHAV,58.9,58.9,58.25,58.25,33618.0
2021-01-22 12:45:00,NSE:SADBHAV,58.4,58.7,58.25,58.25,14192.0
2021-01-22 13:00:00,NSE:SADBHAV,58.25,58.45,58.15,58.15,11961.0
2021-01-22 13:15:00,NSE:SADBHAV,58.15,58.45,58.15,58.3,3618.0
2021-01-22 13:30:00,NSE:SADBHAV,58.45,58.65,58.3,58.3,12154.0
2021-01-22 13:45:00,NSE:SADBHAV,58.45,58.45,58.25,58.25,8156.0
2021-01-22 14:00:00,NSE:SADBHAV,58.35,58.35,58.05,58.25,9839.0
2021-01-22 14:15:00,NSE:SADBHAV,58.25,58.25,57.5,58.05,42888.0
2021-01-22 14:30:00,NSE:SADBHAV,58.1,58.4,58.0,58.2,6664.0
2021-01-22 14:45:00,NSE:SADBHAV,58.3,58.45,58.15,58.2,4745.0
2021-01-22 15:00:00,NSE:SADBHAV,58.3,58.3,57.7,57.85,16891.0
2021-01-22 15:15:00,NSE:SADBHAV,57.8,58.0,56.95,57.9,80541.0
2021-01-22 15:30:00,NSE:SADBHAV,57.9,57.9,57.45,57.45,3963.0
2021-01-22 15:45:00,NSE:SADBHAV,57.45,57.45,57.45,57.45,592.0
2021-01-25 09:00:00,NSE:SADBHAV,57.45,57.45,57.45,57.45,708.0
2021-01-25 09:15:00,NSE:SADBHAV,57.95,58.6,57.95,58.05,19311.0
2021-01-25 09:30:00,NSE:SADBHAV,58.15,58.15,57.5,57.8,15303.0
2021-01-25 09:45:00,NSE:SADBHAV,57.75,57.75,56.5,57.25,30008.0
2021-01-25 10:00:00,NSE:SADBHAV,57.25,57.75,57.25,57.4,9681.0
2021-01-25 10:15:00,NSE:SADBHAV,57.4,57.9,57.4,57.8,8712.0
2021-01-25 10:30:00,NSE:SADBHAV,57.8,58.0,57.75,57.9,8790.0
2021-01-25 10:45:00,NSE:SADBHAV,57.7,57.9,57.5,57.8,7986.0
2021-01-25 11:00:00,NSE:SADBHAV,57.9,57.95,57.7,57.8,2233.0
2021-01-25 11:15:00,NSE:SADBHAV,57.8,57.8,57.7,57.7,3908.0
2021-01-25 11:30:00,NSE:SADBHAV,57.7,57.8,57.7,57.8,2121.0
2021-01-25 11:45:00,NSE:SADBHAV,57.6,57.7,57.5,57.55,2967.0
2021-01-25 12:00:00,NSE:SADBHAV,57.5,57.5,57.15,57.5,3620.0
2021-01-25 12:15:00,NSE:SADBHAV,57.45,57.5,57.4,57.5,2373.0
2021-01-25 12:30:00,NSE:SADBHAV,57.5,57.5,57.4,57.45,5451.0
2021-01-25 12:45:00,NSE:SADBHAV,57.45,57.5,57.35,57.45,2961.0
2021-01-25 13:00:00,NSE:SADBHAV,57.35,57.55,57.35,57.55,1568.0
2021-01-25 13:15:00,NSE:SADBHAV,57.55,57.6,57.45,57.6,3411.0
2021-01-25 13:30:00,NSE:SADBHAV,57.5,57.6,57.35,57.6,5223.0
2021-01-25 13:45:00,NSE:SADBHAV,57.6,57.6,57.35,57.4,4898.0
2021-01-25 14:00:00,NSE:SADBHAV,57.4,57.4,57.0,57.0,109141.0
2021-01-25 14:15:00,NSE:SADBHAV,57.2,57.2,57.0,57.2,4925.0
2021-01-25 14:30:00,NSE:SADBHAV,57.0,57.25,57.0,57.25,3742.0
2021-01-25 14:45:00,NSE:SADBHAV,57.25,57.25,57.05,57.05,7111.0
2021-01-25 15:00:00,NSE:SADBHAV,57.15,57.3,57.1,57.3,8089.0
2021-01-25 15:15:00,NSE:SADBHAV,57.15,57.25,57.0,57.0,18811.0
2021-01-25 15:30:00,NSE:SADBHAV,57.1,57.1,57.1,57.1,5.0
2021-01-25 15:45:00,NSE:SADBHAV,57.1,57.1,57.1,57.1,4.0
2021-01-27 09:00:00,NSE:SADBHAV,55.2,55.2,55.2,55.2,5207.0
2021-01-27 09:15:00,NSE:SADBHAV,56.05,56.75,55.7,56.05,46312.0
2021-01-27 09:30:00,NSE:SADBHAV,56.15,56.25,55.9,56.0,11962.0
2021-01-27 09:45:00,NSE:SADBHAV,56.0,56.15,55.7,55.95,19402.0
2021-01-27 10:00:00,NSE:SADBHAV,55.8,55.9,55.35,55.8,37212.0
2021-01-27 10:15:00,NSE:SADBHAV,55.8,55.8,55.6,55.8,9356.0
2021-01-27 10:30:00,NSE:SADBHAV,55.7,55.8,55.1,55.25,59911.0
2021-01-27 10:45:00,NSE:SADBHAV,55.25,55.25,55.1,55.15,29639.0
2021-01-27 11:00:00,NSE:SADBHAV,55.2,55.2,54.5,55.0,58768.0
2021-01-27 11:15:00,NSE:SADBHAV,55.0,55.1,54.6,54.7,25941.0
2021-01-27 11:30:00,NSE:SADBHAV,54.7,54.75,53.8,54.1,92233.0
2021-01-27 11:45:00,NSE:SADBHAV,54.15,54.15,53.7,54.0,40545.0
2021-01-27 12:00:00,NSE:SADBHAV,54.0,54.1,53.9,54.0,22169.0
2021-01-27 12:15:00,NSE:SADBHAV,54.0,54.1,53.9,53.95,26683.0
2021-01-27 12:30:00,NSE:SADBHAV,54.0,54.0,53.9,54.0,13146.0
2021-01-27 12:45:00,NSE:SADBHAV,54.0,54.0,52.55,53.8,86166.0
2021-01-27 13:00:00,NSE:SADBHAV,53.65,54.0,53.65,53.95,10927.0
2021-01-27 13:15:00,NSE:SADBHAV,53.9,54.0,53.75,53.9,13285.0
2021-01-27 13:30:00,NSE:SADBHAV,53.85,53.85,52.9,53.4,42883.0
2021-01-27 13:45:00,NSE:SADBHAV,53.4,54.0,53.25,53.85,17329.0
2021-01-27 14:00:00,NSE:SADBHAV,53.95,54.0,53.7,53.85,13348.0
2021-01-27 14:15:00,NSE:SADBHAV,54.0,54.05,53.8,54.0,32385.0
2021-01-27 14:30:00,NSE:SADBHAV,54.0,54.05,53.6,53.9,22650.0
2021-01-27 14:45:00,NSE:SADBHAV,53.9,53.95,53.7,53.95,10808.0
2021-01-27 15:00:00,NSE:SADBHAV,53.95,53.95,53.6,53.7,35783.0
2021-01-27 15:15:00,NSE:SADBHAV,53.85,54.0,53.6,54.0,57889.0
2021-01-27 15:45:00,NSE:SADBHAV,53.85,54.0,53.85,53.85,700.0
2021-01-28 09:00:00,NSE:SADBHAV,53.5,53.5,53.5,53.5,191.0
2021-01-28 09:15:00,NSE:SADBHAV,53.5,53.5,52.2,53.05,59253.0
2021-01-28 09:30:00,NSE:SADBHAV,53.15,54.35,53.05,54.25,49817.0
2021-01-28 09:45:00,NSE:SADBHAV,54.3,55.35,54.3,54.9,47031.0
2021-01-28 10:00:00,NSE:SADBHAV,54.8,55.25,54.7,55.1,17421.0
2021-01-28 10:15:00,NSE:SADBHAV,55.25,55.9,55.2,55.3,26360.0
2021-01-28 10:30:00,NSE:SADBHAV,55.15,55.3,55.0,55.2,13807.0
2021-01-28 10:45:00,NSE:SADBHAV,55.25,55.4,55.15,55.4,2821.0
2021-01-28 11:00:00,NSE:SADBHAV,55.4,55.55,55.2,55.35,8548.0
2021-01-28 11:15:00,NSE:SADBHAV,55.25,55.5,55.05,55.45,21696.0
2021-01-28 11:30:00,NSE:SADBHAV,55.4,55.4,55.0,55.2,21209.0
2021-01-28 11:45:00,NSE:SADBHAV,55.05,55.2,55.05,55.1,3623.0
2021-01-28 12:00:00,NSE:SADBHAV,55.1,55.35,54.9,55.3,40823.0
2021-01-28 12:15:00,NSE:SADBHAV,55.2,55.35,54.8,55.05,31515.0
2021-01-28 12:30:00,NSE:SADBHAV,55.2,55.25,54.85,55.0,8015.0
2021-01-28 12:45:00,NSE:SADBHAV,55.0,55.15,54.9,55.05,7659.0
2021-01-28 13:00:00,NSE:SADBHAV,55.15,55.3,55.05,55.25,6650.0
2021-01-28 13:15:00,NSE:SADBHAV,55.25,55.7,55.05,55.55,16597.0
2021-01-28 13:30:00,NSE:SADBHAV,55.6,55.8,55.55,55.75,11139.0
2021-01-28 13:45:00,NSE:SADBHAV,55.7,55.7,55.5,55.6,151494.0
2021-01-28 14:00:00,NSE:SADBHAV,55.6,55.7,55.5,55.7,5811.0
2021-01-28 14:15:00,NSE:SADBHAV,55.65,55.85,55.5,55.85,13848.0
2021-01-28 14:30:00,NSE:SADBHAV,55.8,55.8,55.6,55.6,5284.0
2021-01-28 14:45:00,NSE:SADBHAV,55.6,55.7,55.5,55.65,10394.0
2021-01-28 15:00:00,NSE:SADBHAV,55.7,57.15,55.45,57.0,40535.0
2021-01-28 15:15:00,NSE:SADBHAV,57.0,57.0,55.8,56.0,101399.0
2021-01-28 15:30:00,NSE:SADBHAV,56.0,56.35,56.0,56.35,615.0
2021-01-28 15:45:00,NSE:SADBHAV,56.35,56.35,56.35,56.35,76.0
2021-01-29 09:00:00,NSE:SADBHAV,57.0,57.0,57.0,57.0,1350.0
2021-01-29 09:15:00,NSE:SADBHAV,57.0,58.0,56.75,57.0,80004.0
2021-01-29 09:30:00,NSE:SADBHAV,57.0,57.15,56.75,56.9,16356.0
2021-01-29 09:45:00,NSE:SADBHAV,56.9,57.1,56.8,57.0,10386.0
2021-01-29 10:00:00,NSE:SADBHAV,56.8,57.0,56.6,56.6,18020.0
2021-01-29 10:15:00,NSE:SADBHAV,56.65,56.8,56.35,56.35,21568.0
2021-01-29 10:30:00,NSE:SADBHAV,56.35,56.6,56.35,56.6,7296.0
2021-01-29 10:45:00,NSE:SADBHAV,56.55,56.6,56.5,56.6,6407.0
2021-01-29 11:00:00,NSE:SADBHAV,56.6,56.75,56.5,56.75,5082.0
2021-01-29 11:15:00,NSE:SADBHAV,56.8,57.65,56.8,57.6,23740.0
2021-01-29 11:30:00,NSE:SADBHAV,57.5,57.7,57.2,57.35,13264.0
2021-01-29 11:45:00,NSE:SADBHAV,57.5,57.7,57.35,57.65,15155.0
2021-01-29 12:00:00,NSE:SADBHAV,57.65,57.85,57.55,57.7,10041.0
2021-01-29 12:15:00,NSE:SADBHAV,57.75,58.0,57.6,57.75,22628.0
2021-01-29 12:30:00,NSE:SADBHAV,57.85,58.3,57.75,58.2,14053.0
2021-01-29 12:45:00,NSE:SADBHAV,58.3,58.95,58.3,58.35,31779.0
2021-01-29 13:00:00,NSE:SADBHAV,58.45,58.45,57.8,57.95,10890.0
2021-01-29 13:15:00,NSE:SADBHAV,58.0,58.0,57.75,57.9,6262.0
2021-01-29 13:30:00,NSE:SADBHAV,57.75,57.75,57.3,57.5,17349.0
2021-01-29 13:45:00,NSE:SADBHAV,57.5,57.5,57.3,57.45,4483.0
2021-01-29 14:00:00,NSE:SADBHAV,57.5,57.5,56.9,57.25,43678.0
2021-01-29 14:15:00,NSE:SADBHAV,57.25,58.0,57.2,58.0,61359.0
2021-01-29 14:30:00,NSE:SADBHAV,58.1,58.6,58.0,58.45,128452.0
2021-01-29 14:45:00,NSE:SADBHAV,58.3,58.9,57.7,58.3,38873.0
2021-01-29 15:00:00,NSE:SADBHAV,58.35,58.4,57.7,57.75,36450.0
2021-01-29 15:15:00,NSE:SADBHAV,58.0,58.0,57.5,57.55,44222.0
2021-01-29 15:30:00,NSE:SADBHAV,57.8,57.8,57.55,57.55,2020.0
2021-01-29 15:45:00,NSE:SADBHAV,57.8,57.8,57.55,57.8,1523.0
2021-02-01 09:00:00,NSE:SADBHAV,58.0,58.0,58.0,58.0,636.0
2021-02-01 09:15:00,NSE:SADBHAV,58.4,58.65,57.05,57.15,25644.0
2021-02-01 09:30:00,NSE:SADBHAV,57.15,57.25,56.8,57.2,18654.0
2021-02-01 09:45:00,NSE:SADBHAV,57.2,57.4,56.85,57.25,8808.0
2021-02-01 10:00:00,NSE:SADBHAV,57.15,57.9,57.05,57.75,10654.0
2021-02-01 10:15:00,NSE:SADBHAV,57.75,57.95,57.6,57.7,11434.0
2021-02-01 10:30:00,NSE:SADBHAV,57.75,58.15,57.75,58.0,21767.0
2021-02-01 10:45:00,NSE:SADBHAV,58.2,58.5,58.1,58.35,7675.0
2021-02-01 11:00:00,NSE:SADBHAV,58.4,58.5,57.95,58.1,7102.0
2021-02-01 11:15:00,NSE:SADBHAV,58.0,58.5,57.85,58.45,21207.0
2021-02-01 11:30:00,NSE:SADBHAV,58.45,60.0,58.3,59.25,91705.0
2021-02-01 11:45:00,NSE:SADBHAV,59.25,59.6,58.55,58.6,39346.0
2021-02-01 12:00:00,NSE:SADBHAV,58.7,59.1,58.5,58.5,15849.0
2021-02-01 12:15:00,NSE:SADBHAV,58.4,58.8,58.2,58.5,20012.0
2021-02-01 12:30:00,NSE:SADBHAV,58.7,58.75,58.45,58.7,5746.0
2021-02-01 12:45:00,NSE:SADBHAV,58.65,59.5,58.45,59.4,15995.0
2021-02-01 13:00:00,NSE:SADBHAV,59.4,59.4,58.4,58.45,22529.0
2021-02-01 13:15:00,NSE:SADBHAV,58.45,59.25,58.4,59.0,13302.0
2021-02-01 13:30:00,NSE:SADBHAV,59.2,59.25,58.0,58.7,15564.0
2021-02-01 13:45:00,NSE:SADBHAV,58.7,59.05,58.55,58.55,8879.0
2021-02-01 14:00:00,NSE:SADBHAV,58.55,59.25,58.55,58.65,15235.0
2021-02-01 14:15:00,NSE:SADBHAV,58.65,59.4,58.65,59.2,15630.0
2021-02-01 14:30:00,NSE:SADBHAV,59.2,59.9,59.1,59.8,43726.0
2021-02-01 14:45:00,NSE:SADBHAV,59.75,59.8,59.5,59.65,35895.0
2021-02-01 15:00:00,NSE:SADBHAV,59.6,59.65,59.3,59.35,15408.0
2021-02-01 15:15:00,NSE:SADBHAV,59.5,60.3,59.35,59.8,66836.0
2021-02-01 15:30:00,NSE:SADBHAV,59.8,59.8,59.8,59.8,1460.0
2021-02-01 15:45:00,NSE:SADBHAV,59.8,59.8,59.8,59.8,2225.0
2021-02-02 09:00:00,NSE:SADBHAV,61.0,61.0,61.0,61.0,6772.0
2021-02-02 09:15:00,NSE:SADBHAV,61.0,63.4,60.55,62.2,205345.0
2021-02-02 09:30:00,NSE:SADBHAV,62.25,62.4,61.5,61.75,44841.0
2021-02-02 09:45:00,NSE:SADBHAV,61.75,61.8,61.25,61.45,25376.0
2021-02-02 10:00:00,NSE:SADBHAV,61.45,61.5,60.95,61.0,48043.0
2021-02-02 10:15:00,NSE:SADBHAV,61.1,61.2,60.7,60.9,14640.0
2021-02-02 10:30:00,NSE:SADBHAV,60.8,61.0,60.7,60.7,11483.0
2021-02-02 10:45:00,NSE:SADBHAV,60.75,61.0,60.5,60.95,29702.0
2021-02-02 11:00:00,NSE:SADBHAV,61.1,61.4,60.8,61.2,10791.0
2021-02-02 11:15:00,NSE:SADBHAV,61.1,61.5,61.1,61.45,21755.0
2021-02-02 11:30:00,NSE:SADBHAV,61.35,61.6,61.1,61.35,17010.0
2021-02-02 11:45:00,NSE:SADBHAV,61.3,61.55,61.3,61.4,4505.0
2021-02-02 12:00:00,NSE:SADBHAV,61.35,61.6,61.3,61.5,15847.0
2021-02-02 12:15:00,NSE:SADBHAV,61.35,61.35,61.15,61.15,4121.0
2021-02-02 12:30:00,NSE:SADBHAV,61.1,61.25,60.75,60.95,20473.0
2021-02-02 12:45:00,NSE:SADBHAV,60.8,60.95,60.75,60.8,5607.0
2021-02-02 13:00:00,NSE:SADBHAV,60.75,60.75,60.25,60.35,21625.0
2021-02-02 13:15:00,NSE:SADBHAV,60.4,60.6,59.85,60.35,29924.0
2021-02-02 13:30:00,NSE:SADBHAV,60.55,61.0,60.45,60.9,5647.0
2021-02-02 13:45:00,NSE:SADBHAV,60.7,61.25,60.7,60.85,11698.0
2021-02-02 14:00:00,NSE:SADBHAV,60.8,61.3,60.8,61.3,19592.0
2021-02-02 14:15:00,NSE:SADBHAV,61.2,61.5,61.15,61.5,32419.0
2021-02-02 14:30:00,NSE:SADBHAV,61.5,61.55,61.3,61.3,17286.0
2021-02-02 14:45:00,NSE:SADBHAV,61.3,61.45,61.0,61.2,10993.0
2021-02-02 15:00:00,NSE:SADBHAV,61.25,61.5,61.2,61.4,14567.0
2021-02-02 15:15:00,NSE:SADBHAV,61.4,61.45,60.7,60.7,33940.0
2021-02-03 09:00:00,NSE:SADBHAV,62.0,62.0,62.0,62.0,1301.0
2021-02-03 09:15:00,NSE:SADBHAV,62.2,62.85,60.3,62.2,60924.0
2021-02-03 09:30:00,NSE:SADBHAV,62.2,62.45,61.8,61.8,72142.0
2021-02-03 09:45:00,NSE:SADBHAV,61.8,62.0,61.45,62.0,16025.0
2021-02-03 10:00:00,NSE:SADBHAV,61.8,61.95,61.3,61.45,33280.0
2021-02-03 10:15:00,NSE:SADBHAV,61.4,61.5,61.0,61.5,62105.0
2021-02-03 10:30:00,NSE:SADBHAV,61.35,63.25,61.35,62.75,333293.0
2021-02-03 10:45:00,NSE:SADBHAV,62.55,62.8,62.45,62.5,13641.0
2021-02-03 11:00:00,NSE:SADBHAV,62.5,62.5,61.8,61.95,40730.0
2021-02-03 11:15:00,NSE:SADBHAV,61.95,62.45,61.85,62.25,20426.0
2021-02-03 11:30:00,NSE:SADBHAV,62.15,62.4,62.0,62.2,24173.0
2021-02-03 11:45:00,NSE:SADBHAV,62.15,63.05,62.0,62.75,71376.0
2021-02-03 12:00:00,NSE:SADBHAV,62.75,63.05,62.7,62.7,37029.0
2021-02-03 12:15:00,NSE:SADBHAV,62.7,63.2,62.6,63.1,49816.0
2021-02-03 12:30:00,NSE:SADBHAV,63.15,63.6,62.9,63.05,83791.0
2021-02-03 12:45:00,NSE:SADBHAV,63.1,64.25,63.0,63.7,179919.0
2021-02-03 13:00:00,NSE:SADBHAV,63.7,64.0,63.45,64.0,42570.0
2021-02-03 13:15:00,NSE:SADBHAV,64.0,64.45,63.65,64.05,67744.0
2021-02-03 13:30:00,NSE:SADBHAV,64.0,64.3,64.0,64.15,50280.0
2021-02-03 13:45:00,NSE:SADBHAV,64.2,64.5,64.05,64.15,67467.0
2021-02-03 14:00:00,NSE:SADBHAV,64.15,64.15,63.55,63.6,57757.0
2021-02-03 14:15:00,NSE:SADBHAV,63.6,64.0,63.55,63.8,19693.0
2021-02-03 14:30:00,NSE:SADBHAV,63.7,63.95,63.7,63.75,20127.0
2021-02-03 14:45:00,NSE:SADBHAV,63.75,64.6,63.75,64.3,114939.0
2021-02-03 15:00:00,NSE:SADBHAV,64.25,64.45,63.85,63.85,92100.0
2021-02-03 15:15:00,NSE:SADBHAV,63.8,64.0,63.6,63.8,68705.0
2021-02-03 15:30:00,NSE:SADBHAV,64.05,64.05,64.05,64.05,500.0
2021-02-03 15:45:00,NSE:SADBHAV,64.05,64.05,63.8,63.8,5876.0
2021-02-04 09:00:00,NSE:SADBHAV,64.25,64.25,64.25,64.25,2717.0
2021-02-04 09:15:00,NSE:SADBHAV,64.05,64.95,63.05,64.35,94905.0
2021-02-04 09:30:00,NSE:SADBHAV,64.1,65.0,63.9,64.5,137818.0
2021-02-04 09:45:00,NSE:SADBHAV,64.45,65.0,64.4,64.4,39757.0
2021-02-04 10:00:00,NSE:SADBHAV,64.35,64.35,64.0,64.3,28158.0
2021-02-04 10:15:00,NSE:SADBHAV,64.25,64.6,64.15,64.5,39433.0
2021-02-04 10:30:00,NSE:SADBHAV,64.55,65.7,64.5,65.55,113632.0
2021-02-04 10:45:00,NSE:SADBHAV,65.7,66.4,65.0,65.7,272273.0
2021-02-04 11:00:00,NSE:SADBHAV,65.7,65.9,65.5,65.65,32771.0
2021-02-04 11:15:00,NSE:SADBHAV,65.65,66.0,65.65,65.8,53710.0
2021-02-04 11:30:00,NSE:SADBHAV,65.8,65.95,65.8,65.95,24897.0
2021-02-04 11:45:00,NSE:SADBHAV,65.95,66.05,65.8,65.95,61244.0
2021-02-04 12:00:00,NSE:SADBHAV,65.8,65.9,65.65,65.75,14196.0
2021-02-04 12:15:00,NSE:SADBHAV,65.75,65.9,65.65,65.75,18468.0
2021-02-04 12:30:00,NSE:SADBHAV,65.75,65.85,65.55,65.8,27041.0
2021-02-04 12:45:00,NSE:SADBHAV,65.8,65.8,65.55,65.55,15818.0
2021-02-04 13:00:00,NSE:SADBHAV,65.55,65.65,65.55,65.55,23115.0
2021-02-04 13:15:00,NSE:SADBHAV,65.55,65.7,65.55,65.55,13949.0
2021-02-04 13:30:00,NSE:SADBHAV,65.6,65.8,65.35,65.8,45147.0
2021-02-04 13:45:00,NSE:SADBHAV,65.7,65.8,65.5,65.5,19283.0
2021-02-04 14:00:00,NSE:SADBHAV,65.4,65.55,65.25,65.3,21486.0
2021-02-04 14:15:00,NSE:SADBHAV,65.5,65.5,65.25,65.3,10398.0
2021-02-04 14:30:00,NSE:SADBHAV,65.3,65.5,65.25,65.3,16147.0
2021-02-04 14:45:00,NSE:SADBHAV,65.3,65.4,65.25,65.35,19826.0
2021-02-04 15:00:00,NSE:SADBHAV,65.25,65.7,65.25,65.7,37762.0
2021-02-04 15:15:00,NSE:SADBHAV,65.75,65.8,65.25,65.35,79220.0
2021-02-04 15:30:00,NSE:SADBHAV,65.3,65.3,65.3,65.3,20.0
2021-02-04 15:45:00,NSE:SADBHAV,65.5,65.5,65.3,65.3,140.0
2021-02-05 09:00:00,NSE:SADBHAV,65.9,65.9,65.9,65.9,1646.0
2021-02-05 09:15:00,NSE:SADBHAV,65.95,66.45,65.5,65.7,85969.0
2021-02-05 09:30:00,NSE:SADBHAV,65.6,65.9,65.55,65.55,36792.0
2021-02-05 09:45:00,NSE:SADBHAV,65.55,65.6,64.55,64.85,97284.0
2021-02-05 10:00:00,NSE:SADBHAV,64.95,64.95,64.55,64.65,26455.0
2021-02-05 10:15:00,NSE:SADBHAV,64.6,64.6,63.05,63.05,117454.0
2021-02-05 10:30:00,NSE:SADBHAV,63.2,64.0,63.05,63.45,61863.0
2021-02-05 10:45:00,NSE:SADBHAV,63.45,63.75,63.3,63.45,10895.0
2021-02-05 11:00:00,NSE:SADBHAV,63.35,63.55,63.3,63.45,11221.0
2021-02-05 11:15:00,NSE:SADBHAV,63.55,63.55,63.3,63.35,10451.0
2021-02-05 11:30:00,NSE:SADBHAV,63.45,63.5,63.35,63.35,8202.0
2021-02-05 11:45:00,NSE:SADBHAV,63.45,64.8,63.4,64.65,54780.0
2021-02-05 12:00:00,NSE:SADBHAV,64.45,64.45,64.0,64.0,13541.0
2021-02-05 12:15:00,NSE:SADBHAV,64.0,64.15,63.4,63.4,18678.0
2021-02-05 12:30:00,NSE:SADBHAV,63.45,63.85,63.45,63.85,8962.0
2021-02-05 12:45:00,NSE:SADBHAV,63.85,64.0,63.7,63.7,4146.0
2021-02-05 13:00:00,NSE:SADBHAV,63.7,63.8,63.7,63.7,11117.0
2021-02-05 13:15:00,NSE:SADBHAV,63.7,63.75,63.35,63.4,26091.0
2021-02-05 13:30:00,NSE:SADBHAV,63.45,63.7,63.25,63.55,31309.0
2021-02-05 13:45:00,NSE:SADBHAV,63.5,63.8,63.35,63.8,16302.0
2021-02-05 14:00:00,NSE:SADBHAV,63.95,64.0,63.6,63.9,17493.0
2021-02-05 14:15:00,NSE:SADBHAV,63.75,63.95,63.7,63.75,4404.0
2021-02-05 14:30:00,NSE:SADBHAV,63.75,63.85,63.65,63.75,7075.0
2021-02-05 14:45:00,NSE:SADBHAV,63.65,64.0,63.65,63.85,9345.0
2021-02-05 15:00:00,NSE:SADBHAV,63.85,63.9,63.6,63.6,22347.0
2021-02-05 15:15:00,NSE:SADBHAV,63.65,64.0,63.45,64.0,62127.0
2021-02-05 15:30:00,NSE:SADBHAV,63.7,64.0,63.7,64.0,700.0
2021-02-05 15:45:00,NSE:SADBHAV,63.7,63.7,63.7,63.7,50.0
2021-02-08 09:00:00,NSE:SADBHAV,64.0,64.0,64.0,64.0,637.0
2021-02-08 09:15:00,NSE:SADBHAV,63.7,64.95,63.7,64.5,42325.0
2021-02-08 09:30:00,NSE:SADBHAV,64.55,64.55,64.25,64.35,40604.0
2021-02-08 09:45:00,NSE:SADBHAV,64.3,64.7,64.3,64.3,38286.0
2021-02-08 10:00:00,NSE:SADBHAV,64.3,64.3,63.8,63.95,28418.0
2021-02-08 10:15:00,NSE:SADBHAV,63.95,64.2,63.8,63.8,24629.0
2021-02-08 10:30:00,NSE:SADBHAV,63.8,63.9,62.6,63.05,97238.0
2021-02-08 10:45:00,NSE:SADBHAV,63.2,63.85,62.75,63.8,47413.0
2021-02-08 11:00:00,NSE:SADBHAV,63.6,63.75,62.9,62.9,42816.0
2021-02-08 11:15:00,NSE:SADBHAV,63.0,63.0,62.8,63.0,15789.0
2021-02-08 11:30:00,NSE:SADBHAV,63.0,63.05,61.65,62.4,67174.0
2021-02-08 11:45:00,NSE:SADBHAV,62.55,62.9,62.5,62.65,14095.0
2021-02-08 12:00:00,NSE:SADBHAV,62.7,62.8,62.45,62.7,21138.0
2021-02-08 12:15:00,NSE:SADBHAV,62.5,62.7,62.4,62.6,11350.0
2021-02-08 12:30:00,NSE:SADBHAV,62.6,62.6,62.35,62.55,3807.0
2021-02-08 12:45:00,NSE:SADBHAV,62.5,62.6,62.4,62.6,5264.0
2021-02-08 13:00:00,NSE:SADBHAV,62.5,62.8,62.45,62.65,9291.0
2021-02-08 13:15:00,NSE:SADBHAV,62.75,62.85,62.55,62.8,15250.0
2021-02-08 13:30:00,NSE:SADBHAV,62.75,62.8,62.35,62.65,28881.0
2021-02-08 13:45:00,NSE:SADBHAV,62.65,62.8,62.55,62.75,8461.0
2021-02-08 14:00:00,NSE:SADBHAV,62.6,62.8,62.45,62.5,20322.0
2021-02-08 14:15:00,NSE:SADBHAV,62.6,62.6,62.45,62.5,20868.0
2021-02-08 14:30:00,NSE:SADBHAV,62.5,62.55,62.4,62.45,7195.0
2021-02-08 14:45:00,NSE:SADBHAV,62.45,62.55,62.2,62.5,12491.0
2021-02-08 15:00:00,NSE:SADBHAV,62.35,62.5,62.0,62.25,33902.0
2021-02-08 15:15:00,NSE:SADBHAV,62.25,62.45,61.8,62.4,47621.0
2021-02-08 15:30:00,NSE:SADBHAV,62.1,62.4,62.1,62.4,200.0
2021-02-08 15:45:00,NSE:SADBHAV,62.1,62.4,62.1,62.1,2476.0
2021-02-09 09:00:00,NSE:SADBHAV,62.1,62.1,62.1,62.1,1249.0
2021-02-09 09:15:00,NSE:SADBHAV,62.5,63.0,62.1,62.3,61022.0
2021-02-09 09:30:00,NSE:SADBHAV,62.3,64.6,62.3,64.15,70391.0
2021-02-09 09:45:00,NSE:SADBHAV,64.15,64.25,63.4,63.7,31040.0
2021-02-09 10:00:00,NSE:SADBHAV,63.5,63.7,63.45,63.5,12189.0
2021-02-09 10:15:00,NSE:SADBHAV,63.5,63.75,63.45,63.75,13459.0
2021-02-09 10:30:00,NSE:SADBHAV,63.8,64.2,63.75,64.0,38967.0
2021-02-09 10:45:00,NSE:SADBHAV,64.0,64.0,63.75,64.0,9432.0
2021-02-09 11:00:00,NSE:SADBHAV,63.9,64.6,63.85,64.6,80486.0
2021-02-09 11:15:00,NSE:SADBHAV,64.6,65.4,64.2,64.5,115093.0
2021-02-09 11:30:00,NSE:SADBHAV,64.5,64.8,64.2,64.55,30087.0
2021-02-09 11:45:00,NSE:SADBHAV,64.55,65.5,64.55,64.9,63433.0
2021-02-09 12:00:00,NSE:SADBHAV,64.9,65.45,64.8,65.3,113149.0
2021-02-09 12:15:00,NSE:SADBHAV,65.35,65.35,64.35,64.35,43167.0
2021-02-09 12:30:00,NSE:SADBHAV,64.45,64.85,64.1,64.5,224714.0
2021-02-09 12:45:00,NSE:SADBHAV,64.7,64.7,64.4,64.4,20436.0
2021-02-09 13:00:00,NSE:SADBHAV,64.4,64.55,64.3,64.45,126409.0
2021-02-09 13:15:00,NSE:SADBHAV,64.55,64.7,64.35,64.65,8934.0
2021-02-09 13:30:00,NSE:SADBHAV,64.55,64.65,64.2,64.4,19552.0
2021-02-09 13:45:00,NSE:SADBHAV,64.4,64.45,64.0,64.4,43434.0
2021-02-09 14:00:00,NSE:SADBHAV,64.4,64.4,63.9,63.95,18899.0
2021-02-09 14:15:00,NSE:SADBHAV,63.95,64.0,63.85,64.0,23552.0
2021-02-09 14:30:00,NSE:SADBHAV,64.0,64.2,63.95,64.15,23671.0
2021-02-09 14:45:00,NSE:SADBHAV,64.15,64.2,63.6,63.7,47542.0
2021-02-09 15:00:00,NSE:SADBHAV,63.6,63.75,62.8,63.65,119086.0
2021-02-09 15:15:00,NSE:SADBHAV,63.7,64.95,63.25,63.3,185327.0
2021-02-09 15:30:00,NSE:SADBHAV,63.7,63.75,63.7,63.75,1678.0
2021-02-09 15:45:00,NSE:SADBHAV,63.75,63.75,63.7,63.75,1257.0
2021-02-10 09:00:00,NSE:SADBHAV,63.6,63.6,63.6,63.6,877.0
2021-02-10 09:15:00,NSE:SADBHAV,63.55,63.95,63.2,63.45,73448.0
2021-02-10 09:30:00,NSE:SADBHAV,63.45,63.5,63.05,63.5,71557.0
2021-02-10 09:45:00,NSE:SADBHAV,63.3,63.5,63.2,63.25,26932.0
2021-02-10 10:00:00,NSE:SADBHAV,63.15,63.25,62.5,63.2,69988.0
2021-02-10 10:15:00,NSE:SADBHAV,63.1,63.25,62.65,62.8,87363.0
2021-02-10 10:30:00,NSE:SADBHAV,62.8,62.8,62.25,62.4,50537.0
2021-02-10 10:45:00,NSE:SADBHAV,62.45,62.75,62.4,62.5,33945.0
2021-02-10 11:00:00,NSE:SADBHAV,62.5,62.95,62.5,62.7,43742.0
2021-02-10 11:15:00,NSE:SADBHAV,62.65,62.75,62.55,62.75,5797.0
2021-02-10 11:30:00,NSE:SADBHAV,62.75,62.75,62.55,62.75,8405.0
2021-02-10 11:45:00,NSE:SADBHAV,62.75,62.8,62.55,62.75,18288.0
2021-02-10 12:00:00,NSE:SADBHAV,62.65,62.8,62.65,62.8,2471.0
2021-02-10 12:15:00,NSE:SADBHAV,62.8,63.0,62.75,62.9,8193.0
2021-02-10 12:30:00,NSE:SADBHAV,62.9,62.95,62.7,62.75,4265.0
2021-02-10 12:45:00,NSE:SADBHAV,62.75,62.95,62.7,62.85,2157.0
2021-02-10 13:00:00,NSE:SADBHAV,62.85,62.85,62.55,62.8,4457.0
2021-02-10 13:15:00,NSE:SADBHAV,62.8,62.8,62.55,62.65,1716.0
2021-02-10 13:30:00,NSE:SADBHAV,62.6,62.65,62.4,62.55,70354.0
2021-02-10 13:45:00,NSE:SADBHAV,62.55,63.0,62.45,63.0,241262.0
2021-02-10 14:00:00,NSE:SADBHAV,62.9,63.0,62.75,62.9,5058.0
2021-02-10 14:15:00,NSE:SADBHAV,62.9,63.0,62.75,62.85,2649.0
2021-02-10 14:30:00,NSE:SADBHAV,62.85,62.85,62.7,62.85,5862.0
2021-02-10 14:45:00,NSE:SADBHAV,62.75,62.85,62.35,62.5,27226.0
2021-02-10 15:00:00,NSE:SADBHAV,62.5,62.95,62.35,62.75,36245.0
2021-02-10 15:15:00,NSE:SADBHAV,62.8,62.8,62.5,62.7,34526.0
2021-02-10 15:30:00,NSE:SADBHAV,62.75,62.75,62.6,62.75,201.0
2021-02-11 09:00:00,NSE:SADBHAV,62.95,62.95,62.95,62.95,361.0
2021-02-11 09:15:00,NSE:SADBHAV,62.95,63.6,62.6,63.4,66312.0
2021-02-11 09:30:00,NSE:SADBHAV,63.3,68.5,62.9,67.4,1444597.0
2021-02-11 09:45:00,NSE:SADBHAV,67.35,68.15,67.25,67.5,518055.0
2021-02-11 10:00:00,NSE:SADBHAV,67.45,67.65,67.25,67.4,256443.0
2021-02-11 10:15:00,NSE:SADBHAV,67.4,68.0,67.35,67.75,352832.0
2021-02-11 10:30:00,NSE:SADBHAV,67.75,69.7,67.6,69.55,549348.0
2021-02-11 10:45:00,NSE:SADBHAV,69.6,70.4,69.05,69.85,834759.0
2021-02-11 11:00:00,NSE:SADBHAV,69.8,70.95,69.55,69.7,559166.0
2021-02-11 11:15:00,NSE:SADBHAV,69.55,69.9,69.3,69.5,239574.0
2021-02-11 11:30:00,NSE:SADBHAV,69.5,69.75,69.15,69.65,264109.0
2021-02-11 11:45:00,NSE:SADBHAV,69.65,70.35,69.65,69.75,178162.0
2021-02-11 12:00:00,NSE:SADBHAV,69.7,69.9,69.7,69.7,119978.0
2021-02-11 12:15:00,NSE:SADBHAV,69.75,70.5,69.4,70.2,253687.0
2021-02-11 12:30:00,NSE:SADBHAV,70.25,72.9,70.15,72.7,862908.0
2021-02-11 12:45:00,NSE:SADBHAV,72.65,73.65,72.3,73.25,730436.0
2021-02-11 13:00:00,NSE:SADBHAV,73.1,74.45,72.55,73.8,495512.0
2021-02-11 13:15:00,NSE:SADBHAV,73.8,74.3,73.1,73.45,392601.0
2021-02-11 13:30:00,NSE:SADBHAV,73.45,73.5,72.7,72.7,151475.0
2021-02-11 13:45:00,NSE:SADBHAV,72.7,73.45,72.65,73.35,106530.0
2021-02-11 14:00:00,NSE:SADBHAV,73.45,75.1,73.0,75.1,828226.0
2021-02-11 14:15:00,NSE:SADBHAV,75.1,75.1,75.1,75.1,176989.0
2021-02-11 14:30:00,NSE:SADBHAV,75.1,75.1,75.1,75.1,43375.0
2021-02-11 14:45:00,NSE:SADBHAV,75.1,75.1,75.1,75.1,39189.0
2021-02-11 15:00:00,NSE:SADBHAV,75.1,75.1,75.1,75.1,19581.0
2021-02-11 15:15:00,NSE:SADBHAV,75.1,75.1,75.1,75.1,42927.0
2021-02-11 15:30:00,NSE:SADBHAV,75.1,75.1,75.1,75.1,223.0
2021-02-11 15:45:00,NSE:SADBHAV,75.1,75.1,75.1,75.1,310.0
2021-02-12 09:00:00,NSE:SADBHAV,79.0,79.0,79.0,79.0,83018.0
2021-02-12 09:15:00,NSE:SADBHAV,78.3,78.8,72.3,74.0,1572506.0
2021-02-12 09:30:00,NSE:SADBHAV,73.75,75.15,73.6,74.6,386352.0
2021-02-12 09:45:00,NSE:SADBHAV,74.6,75.0,74.05,74.3,278633.0
2021-02-12 10:00:00,NSE:SADBHAV,74.3,74.75,73.55,74.75,273080.0
2021-02-12 10:15:00,NSE:SADBHAV,74.45,76.9,74.05,76.9,326119.0
2021-02-12 10:30:00,NSE:SADBHAV,76.9,80.5,76.75,78.1,1463979.0
2021-02-12 10:45:00,NSE:SADBHAV,78.3,81.85,77.85,80.55,1182610.0
2021-02-12 11:00:00,NSE:SADBHAV,80.55,82.8,80.1,82.2,753866.0
2021-02-12 11:15:00,NSE:SADBHAV,82.2,85.4,82.2,83.95,1457307.0
2021-02-12 11:30:00,NSE:SADBHAV,84.0,84.8,82.5,83.85,588029.0
2021-02-12 11:45:00,NSE:SADBHAV,84.0,84.75,83.5,83.9,279904.0
2021-02-12 12:00:00,NSE:SADBHAV,83.6,84.15,83.2,83.2,265642.0
2021-02-12 12:15:00,NSE:SADBHAV,83.35,83.9,83.2,83.65,122417.0
2021-02-12 12:30:00,NSE:SADBHAV,83.75,83.75,82.75,82.95,200298.0
2021-02-12 12:45:00,NSE:SADBHAV,82.8,83.5,81.8,83.3,264270.0
2021-02-12 13:00:00,NSE:SADBHAV,83.2,83.3,82.55,82.9,135046.0
2021-02-12 13:15:00,NSE:SADBHAV,82.9,82.95,82.05,82.1,133629.0
2021-02-12 13:30:00,NSE:SADBHAV,82.2,82.75,81.7,81.75,169680.0
2021-02-12 13:45:00,NSE:SADBHAV,81.85,82.2,80.25,80.4,382065.0
2021-02-12 14:00:00,NSE:SADBHAV,80.5,81.25,78.3,80.8,515104.0
2021-02-12 14:15:00,NSE:SADBHAV,80.8,80.95,80.3,80.55,92918.0
2021-02-12 14:30:00,NSE:SADBHAV,80.55,80.65,79.3,79.5,213620.0
2021-02-12 14:45:00,NSE:SADBHAV,79.2,80.7,79.15,80.3,226150.0
2021-02-12 15:00:00,NSE:SADBHAV,80.15,80.3,78.1,79.35,206490.0
2021-02-12 15:15:00,NSE:SADBHAV,79.4,80.45,79.1,79.6,394187.0
2021-02-12 15:30:00,NSE:SADBHAV,79.75,79.75,79.6,79.6,9340.0
2021-02-12 15:45:00,NSE:SADBHAV,79.6,79.6,79.6,79.6,780.0
2021-02-15 09:00:00,NSE:SADBHAV,80.35,80.35,80.35,80.35,13240.0
2021-02-15 09:15:00,NSE:SADBHAV,80.8,81.75,77.15,81.2,636802.0
2021-02-15 09:30:00,NSE:SADBHAV,81.0,81.3,78.85,79.45,241811.0
2021-02-15 09:45:00,NSE:SADBHAV,79.25,79.85,78.75,79.35,105370.0
2021-02-15 10:00:00,NSE:SADBHAV,79.35,83.85,78.95,83.25,471515.0
2021-02-15 10:15:00,NSE:SADBHAV,83.05,83.15,81.75,82.0,194016.0
2021-02-15 10:30:00,NSE:SADBHAV,81.75,81.95,80.6,81.15,85734.0
2021-02-15 10:45:00,NSE:SADBHAV,81.1,81.5,81.05,81.2,30896.0
2021-02-15 11:00:00,NSE:SADBHAV,81.05,81.45,80.5,80.85,110071.0
2021-02-15 11:15:00,NSE:SADBHAV,80.9,80.95,80.1,80.5,57498.0
2021-02-15 11:30:00,NSE:SADBHAV,80.4,80.4,80.05,80.35,45619.0
2021-02-15 11:45:00,NSE:SADBHAV,80.3,80.95,80.15,80.65,52575.0
2021-02-15 12:00:00,NSE:SADBHAV,80.75,80.9,80.5,80.9,28038.0
2021-02-15 12:15:00,NSE:SADBHAV,80.75,80.9,80.35,80.65,45582.0
2021-02-15 12:30:00,NSE:SADBHAV,80.65,80.65,79.7,80.25,65468.0
2021-02-15 12:45:00,NSE:SADBHAV,80.3,80.7,80.0,80.45,37129.0
2021-02-15 13:00:00,NSE:SADBHAV,80.45,80.7,80.4,80.45,39246.0
2021-02-15 13:15:00,NSE:SADBHAV,80.45,80.75,80.2,80.25,31107.0
2021-02-15 13:30:00,NSE:SADBHAV,80.25,80.45,79.7,80.15,41519.0
2021-02-15 13:45:00,NSE:SADBHAV,80.05,80.4,80.0,80.25,17084.0
2021-02-15 14:00:00,NSE:SADBHAV,80.25,80.8,80.0,80.5,62641.0
2021-02-15 14:15:00,NSE:SADBHAV,80.65,80.65,80.2,80.4,38713.0
2021-02-15 14:30:00,NSE:SADBHAV,80.5,81.75,80.4,80.55,149466.0
2021-02-15 14:45:00,NSE:SADBHAV,80.55,80.7,80.1,80.4,45773.0
2021-02-15 15:00:00,NSE:SADBHAV,80.4,80.6,80.1,80.1,69690.0
2021-02-15 15:15:00,NSE:SADBHAV,80.1,80.5,79.35,80.5,147186.0
2021-02-15 15:30:00,NSE:SADBHAV,80.0,80.0,80.0,80.0,1785.0
2021-02-15 15:45:00,NSE:SADBHAV,80.0,80.0,80.0,80.0,500.0
2021-02-16 09:00:00,NSE:SADBHAV,80.9,80.9,80.9,80.9,12871.0
2021-02-16 09:15:00,NSE:SADBHAV,80.9,83.0,80.8,81.75,387717.0
2021-02-16 09:30:00,NSE:SADBHAV,81.6,82.6,81.15,81.9,198405.0
2021-02-16 09:45:00,NSE:SADBHAV,81.75,82.1,81.5,81.5,81197.0
2021-02-16 10:00:00,NSE:SADBHAV,81.6,81.6,80.55,80.8,144156.0
2021-02-16 10:15:00,NSE:SADBHAV,80.75,81.25,80.25,80.9,133604.0
2021-02-16 10:30:00,NSE:SADBHAV,80.8,80.95,80.6,80.7,95162.0
2021-02-16 10:45:00,NSE:SADBHAV,80.7,80.8,80.2,80.3,128658.0
2021-02-16 11:00:00,NSE:SADBHAV,80.2,80.4,80.0,80.25,102336.0
2021-02-16 11:15:00,NSE:SADBHAV,80.25,80.35,79.5,79.5,100715.0
2021-02-16 11:30:00,NSE:SADBHAV,79.75,79.75,79.0,79.45,150129.0
2021-02-16 11:45:00,NSE:SADBHAV,79.45,79.85,78.7,79.0,108113.0
2021-02-16 12:00:00,NSE:SADBHAV,79.0,79.4,78.6,78.8,119737.0
2021-02-16 12:15:00,NSE:SADBHAV,78.95,79.2,78.65,78.9,30536.0
2021-02-16 12:30:00,NSE:SADBHAV,78.85,79.0,77.25,77.8,240501.0
2021-02-16 12:45:00,NSE:SADBHAV,77.9,78.15,76.95,77.3,119239.0
2021-02-16 13:00:00,NSE:SADBHAV,77.3,77.5,76.7,77.45,81984.0
2021-02-16 13:15:00,NSE:SADBHAV,77.45,78.6,77.15,78.15,51565.0
2021-02-16 13:30:00,NSE:SADBHAV,78.2,78.45,77.7,77.85,33793.0
2021-02-16 13:45:00,NSE:SADBHAV,77.9,77.95,77.35,77.35,39900.0
2021-02-16 14:00:00,NSE:SADBHAV,77.5,77.8,77.0,77.55,50032.0
2021-02-16 14:15:00,NSE:SADBHAV,77.75,78.0,77.7,77.9,16646.0
2021-02-16 14:30:00,NSE:SADBHAV,77.9,78.55,77.85,78.4,49574.0
2021-02-16 14:45:00,NSE:SADBHAV,78.45,78.65,78.1,78.45,42670.0
2021-02-16 15:00:00,NSE:SADBHAV,78.55,78.65,77.9,78.05,65749.0
2021-02-16 15:15:00,NSE:SADBHAV,78.1,78.1,77.25,77.8,134576.0
2021-02-16 15:30:00,NSE:SADBHAV,77.8,77.85,77.8,77.8,2113.0
2021-02-16 15:45:00,NSE:SADBHAV,77.85,77.85,77.85,77.85,1517.0
2021-02-17 09:00:00,NSE:SADBHAV,77.9,77.9,77.9,77.9,2419.0
2021-02-17 09:15:00,NSE:SADBHAV,77.75,78.5,75.2,76.1,254343.0
2021-02-17 09:30:00,NSE:SADBHAV,76.1,76.4,75.5,76.05,95931.0
2021-02-17 09:45:00,NSE:SADBHAV,75.95,76.25,75.75,75.8,66825.0
2021-02-17 10:00:00,NSE:SADBHAV,75.85,76.65,75.6,76.6,67387.0
2021-02-17 10:15:00,NSE:SADBHAV,76.6,77.3,76.5,76.9,78822.0
2021-02-17 10:30:00,NSE:SADBHAV,76.9,77.6,76.8,77.4,31697.0
2021-02-17 10:45:00,NSE:SADBHAV,77.45,77.45,77.05,77.15,17664.0
2021-02-17 11:00:00,NSE:SADBHAV,77.15,77.3,76.5,76.75,58066.0
2021-02-17 11:15:00,NSE:SADBHAV,76.6,76.8,76.6,76.8,6718.0
2021-02-17 11:30:00,NSE:SADBHAV,76.8,77.3,76.6,77.05,28210.0
2021-02-17 11:45:00,NSE:SADBHAV,77.2,77.2,77.0,77.0,12025.0
2021-02-17 12:00:00,NSE:SADBHAV,77.0,77.4,77.0,77.05,33808.0
2021-02-17 12:15:00,NSE:SADBHAV,77.0,77.25,77.0,77.15,7994.0
2021-02-17 12:30:00,NSE:SADBHAV,77.05,77.25,77.0,77.0,18338.0
2021-02-17 12:45:00,NSE:SADBHAV,77.05,77.35,77.0,77.1,26444.0
2021-02-17 13:00:00,NSE:SADBHAV,77.1,77.2,77.0,77.05,48970.0
2021-02-17 13:15:00,NSE:SADBHAV,77.05,77.35,77.0,77.15,23904.0
2021-02-17 13:30:00,NSE:SADBHAV,77.0,77.25,77.0,77.1,50470.0
2021-02-17 13:45:00,NSE:SADBHAV,77.1,77.65,77.1,77.5,39299.0
2021-02-17 14:00:00,NSE:SADBHAV,77.5,80.0,77.35,79.1,168893.0
2021-02-17 14:15:00,NSE:SADBHAV,78.9,79.65,78.6,79.3,98465.0
2021-02-17 14:30:00,NSE:SADBHAV,79.2,80.7,79.2,80.65,181216.0
2021-02-17 14:45:00,NSE:SADBHAV,80.65,80.7,79.4,79.5,201488.0
2021-02-17 15:00:00,NSE:SADBHAV,79.6,80.5,79.3,80.2,141956.0
2021-02-17 15:15:00,NSE:SADBHAV,80.2,80.5,79.15,79.95,139542.0
2021-02-17 15:30:00,NSE:SADBHAV,79.45,79.95,79.45,79.45,3151.0
2021-02-17 15:45:00,NSE:SADBHAV,79.95,79.95,79.95,79.95,205.0
2021-02-18 09:00:00,NSE:SADBHAV,80.55,80.55,80.55,80.55,2267.0
2021-02-18 09:15:00,NSE:SADBHAV,80.75,80.85,79.05,79.25,137711.0
2021-02-18 09:30:00,NSE:SADBHAV,79.25,80.55,78.7,80.3,90011.0
2021-02-18 09:45:00,NSE:SADBHAV,80.45,80.45,79.1,79.5,36602.0
2021-02-18 10:00:00,NSE:SADBHAV,79.65,79.85,79.2,79.6,42538.0
2021-02-18 10:15:00,NSE:SADBHAV,79.7,79.7,78.35,78.75,76839.0
2021-02-18 10:30:00,NSE:SADBHAV,78.75,78.95,78.3,78.45,44696.0
2021-02-18 10:45:00,NSE:SADBHAV,78.4,78.55,77.7,78.55,149033.0
2021-02-18 11:00:00,NSE:SADBHAV,78.55,79.2,78.35,78.95,90727.0
2021-02-18 11:15:00,NSE:SADBHAV,78.9,78.9,77.95,78.3,50099.0
2021-02-18 11:30:00,NSE:SADBHAV,78.25,78.6,77.9,78.0,41112.0
2021-02-18 11:45:00,NSE:SADBHAV,78.0,78.8,77.7,78.1,49383.0
2021-02-18 12:00:00,NSE:SADBHAV,77.95,78.4,77.85,78.3,64370.0
2021-02-18 12:15:00,NSE:SADBHAV,78.25,78.3,77.9,77.9,27664.0
2021-02-18 12:30:00,NSE:SADBHAV,78.0,78.45,77.9,78.2,26937.0
2021-02-18 12:45:00,NSE:SADBHAV,78.05,78.3,77.95,78.0,15432.0
2021-02-18 13:00:00,NSE:SADBHAV,78.0,78.2,77.85,77.9,9816.0
2021-02-18 13:15:00,NSE:SADBHAV,78.0,78.25,77.85,78.0,15111.0
2021-02-18 13:30:00,NSE:SADBHAV,78.0,78.25,78.0,78.2,7820.0
2021-02-18 13:45:00,NSE:SADBHAV,78.2,78.2,77.8,77.95,16350.0
2021-02-18 14:00:00,NSE:SADBHAV,77.9,78.2,77.9,78.15,12232.0
2021-02-18 14:15:00,NSE:SADBHAV,78.15,78.2,77.8,77.85,26789.0
2021-02-18 14:30:00,NSE:SADBHAV,77.9,78.2,77.7,78.1,31910.0
2021-02-18 14:45:00,NSE:SADBHAV,78.1,78.15,77.8,77.95,18981.0
2021-02-18 15:00:00,NSE:SADBHAV,77.95,78.0,77.65,77.7,38408.0
2021-02-18 15:15:00,NSE:SADBHAV,77.7,78.05,77.0,77.55,111634.0
2021-02-18 15:30:00,NSE:SADBHAV,77.6,77.6,77.55,77.6,675.0
2021-02-18 15:45:00,NSE:SADBHAV,77.6,77.6,77.55,77.6,1533.0
2021-02-19 09:00:00,NSE:SADBHAV,78.9,78.9,78.9,78.9,2540.0
2021-02-19 09:15:00,NSE:SADBHAV,78.6,78.85,77.7,77.8,78910.0
2021-02-19 09:30:00,NSE:SADBHAV,77.7,78.25,77.7,78.2,37712.0
2021-02-19 09:45:00,NSE:SADBHAV,78.3,78.8,78.0,78.8,82354.0
2021-02-19 10:00:00,NSE:SADBHAV,78.8,78.8,78.05,78.25,29044.0
2021-02-19 10:15:00,NSE:SADBHAV,78.3,79.2,78.3,79.2,29126.0
2021-02-19 10:30:00,NSE:SADBHAV,79.25,79.3,78.45,79.0,35804.0
2021-02-19 10:45:00,NSE:SADBHAV,78.9,79.25,78.45,79.0,34782.0
2021-02-19 11:00:00,NSE:SADBHAV,79.0,79.25,78.75,79.15,42378.0
2021-02-19 11:15:00,NSE:SADBHAV,79.15,80.8,79.0,80.0,146783.0
2021-02-19 11:30:00,NSE:SADBHAV,80.1,80.5,79.6,80.0,52768.0
2021-02-19 11:45:00,NSE:SADBHAV,80.0,80.2,79.65,79.65,34408.0
2021-02-19 12:00:00,NSE:SADBHAV,79.85,79.95,79.35,79.35,16834.0
2021-02-19 12:15:00,NSE:SADBHAV,79.35,79.8,79.3,79.3,519278.0
2021-02-19 12:30:00,NSE:SADBHAV,79.3,79.4,79.0,79.05,20120.0
2021-02-19 12:45:00,NSE:SADBHAV,79.2,79.35,78.95,78.95,37639.0
2021-02-19 13:00:00,NSE:SADBHAV,79.0,79.15,78.35,78.85,56143.0
2021-02-19 13:15:00,NSE:SADBHAV,79.1,79.35,78.65,79.25,40788.0
2021-02-19 13:30:00,NSE:SADBHAV,79.4,79.4,78.6,78.85,16887.0
2021-02-19 13:45:00,NSE:SADBHAV,78.8,79.1,78.65,78.7,40883.0
2021-02-19 14:00:00,NSE:SADBHAV,78.7,78.85,77.2,77.3,51847.0
2021-02-19 14:15:00,NSE:SADBHAV,77.3,78.35,77.15,78.3,72762.0
2021-02-19 14:30:00,NSE:SADBHAV,78.3,78.6,77.7,77.7,22654.0
2021-02-19 14:45:00,NSE:SADBHAV,77.7,77.95,77.3,77.4,28427.0
2021-02-19 15:00:00,NSE:SADBHAV,77.4,78.1,77.4,77.75,39421.0
2021-02-19 15:15:00,NSE:SADBHAV,77.75,77.75,76.15,77.1,149815.0
2021-02-19 15:30:00,NSE:SADBHAV,77.05,77.05,77.05,77.05,50.0
2021-02-19 15:45:00,NSE:SADBHAV,77.05,77.05,77.05,77.05,171.0
2021-02-22 09:00:00,NSE:SADBHAV,78.4,78.4,78.4,78.4,2485.0
2021-02-22 09:15:00,NSE:SADBHAV,77.1,77.9,75.3,76.55,117734.0
2021-02-22 09:30:00,NSE:SADBHAV,76.65,76.65,75.25,75.95,74104.0
2021-02-22 09:45:00,NSE:SADBHAV,75.8,75.95,73.75,73.85,91873.0
2021-02-22 10:00:00,NSE:SADBHAV,73.95,74.75,73.25,73.6,98829.0
2021-02-22 10:15:00,NSE:SADBHAV,73.6,73.95,73.05,73.55,70207.0
2021-02-22 10:30:00,NSE:SADBHAV,73.55,74.25,73.45,74.15,47692.0
2021-02-22 10:45:00,NSE:SADBHAV,74.3,74.3,73.65,73.95,30159.0
2021-02-22 11:00:00,NSE:SADBHAV,74.0,74.6,73.45,74.0,102923.0
2021-02-22 11:15:00,NSE:SADBHAV,74.0,74.35,73.6,73.6,66106.0
2021-02-22 11:30:00,NSE:SADBHAV,73.6,74.1,73.5,73.85,39847.0
2021-02-22 11:45:00,NSE:SADBHAV,73.85,73.9,73.5,73.55,18682.0
2021-02-22 12:00:00,NSE:SADBHAV,73.7,73.8,73.55,73.7,12518.0
2021-02-22 12:15:00,NSE:SADBHAV,73.7,73.7,73.5,73.55,16543.0
2021-02-22 12:30:00,NSE:SADBHAV,73.65,74.15,72.65,72.85,408641.0
2021-02-22 12:45:00,NSE:SADBHAV,72.65,73.75,72.65,73.3,87046.0
2021-02-22 13:00:00,NSE:SADBHAV,73.3,73.4,72.9,73.3,19539.0
2021-02-22 13:15:00,NSE:SADBHAV,73.35,73.5,73.3,73.4,13070.0
2021-02-22 13:30:00,NSE:SADBHAV,73.3,73.4,72.7,72.7,31239.0
2021-02-22 13:45:00,NSE:SADBHAV,72.7,72.9,72.55,72.7,31947.0
2021-02-22 14:00:00,NSE:SADBHAV,72.75,73.2,72.6,72.7,28165.0
2021-02-22 14:15:00,NSE:SADBHAV,72.9,73.0,72.1,72.4,35973.0
2021-02-22 14:30:00,NSE:SADBHAV,72.5,73.0,72.35,72.9,42495.0
2021-02-22 14:45:00,NSE:SADBHAV,72.95,73.8,72.8,73.2,58961.0
2021-02-22 15:00:00,NSE:SADBHAV,73.15,73.2,72.6,72.65,49820.0
2021-02-22 15:15:00,NSE:SADBHAV,72.6,72.65,72.0,72.5,104692.0
2021-02-22 15:30:00,NSE:SADBHAV,72.5,72.5,72.5,72.5,1242.0
2021-02-22 15:45:00,NSE:SADBHAV,72.5,72.5,72.5,72.5,362.0
2021-02-23 09:00:00,NSE:SADBHAV,73.15,73.15,73.15,73.15,2052.0
2021-02-23 09:15:00,NSE:SADBHAV,73.25,74.4,72.9,73.9,90890.0
2021-02-23 09:30:00,NSE:SADBHAV,73.8,73.95,72.5,72.6,32918.0
2021-02-23 09:45:00,NSE:SADBHAV,72.5,73.2,71.25,72.95,68340.0
2021-02-23 10:00:00,NSE:SADBHAV,73.0,73.7,72.75,73.45,33992.0
2021-02-23 10:15:00,NSE:SADBHAV,73.4,73.8,73.1,73.55,48742.0
2021-02-23 10:30:00,NSE:SADBHAV,73.65,73.95,73.5,73.95,18717.0
2021-02-23 10:45:00,NSE:SADBHAV,73.85,74.15,73.5,74.15,30431.0
2021-02-23 11:00:00,NSE:SADBHAV,74.2,74.5,73.85,74.25,48124.0
2021-02-23 11:15:00,NSE:SADBHAV,74.25,74.25,73.8,73.9,14635.0
2021-02-23 11:30:00,NSE:SADBHAV,73.8,73.8,73.5,73.6,15572.0
2021-02-23 11:45:00,NSE:SADBHAV,73.5,73.75,73.5,73.55,9863.0
2021-02-23 12:00:00,NSE:SADBHAV,73.55,73.95,73.5,73.8,12583.0
2021-02-23 12:15:00,NSE:SADBHAV,73.8,73.9,73.65,73.8,9719.0
2021-02-23 12:30:00,NSE:SADBHAV,73.6,73.7,73.15,73.6,17589.0
2021-02-23 12:45:00,NSE:SADBHAV,73.6,73.9,73.5,73.55,10195.0
2021-02-23 13:00:00,NSE:SADBHAV,73.7,73.95,73.5,73.9,5396.0
2021-02-23 13:15:00,NSE:SADBHAV,73.95,73.95,73.6,73.75,11379.0
2021-02-23 13:30:00,NSE:SADBHAV,73.8,73.95,73.6,73.8,8601.0
2021-02-23 13:45:00,NSE:SADBHAV,73.75,74.0,73.7,74.0,24729.0
2021-02-23 14:00:00,NSE:SADBHAV,74.0,74.05,73.75,74.0,24111.0
2021-02-23 14:15:00,NSE:SADBHAV,73.7,73.8,73.6,73.8,29362.0
2021-02-23 14:30:00,NSE:SADBHAV,73.8,73.85,73.65,73.7,6812.0
2021-02-23 14:45:00,NSE:SADBHAV,73.7,73.9,73.7,73.85,27456.0
2021-02-23 15:00:00,NSE:SADBHAV,73.8,73.8,73.2,73.25,36742.0
2021-02-23 15:15:00,NSE:SADBHAV,73.25,73.5,72.55,73.3,59250.0
2021-02-23 15:30:00,NSE:SADBHAV,73.25,73.25,73.25,73.25,600.0
2021-02-23 15:45:00,NSE:SADBHAV,73.25,73.25,73.25,73.25,250.0
2021-02-24 09:00:00,NSE:SADBHAV,73.75,73.75,73.75,73.75,451.0
2021-02-24 09:15:00,NSE:SADBHAV,73.55,74.4,73.35,74.0,45356.0
2021-02-24 09:30:00,NSE:SADBHAV,74.0,74.3,73.85,74.1,21852.0
2021-02-24 09:45:00,NSE:SADBHAV,74.3,74.5,74.2,74.3,13881.0
2021-02-24 10:00:00,NSE:SADBHAV,74.25,74.5,74.15,74.3,14942.0
2021-02-24 10:15:00,NSE:SADBHAV,74.3,74.45,74.25,74.3,13452.0
2021-02-24 10:30:00,NSE:SADBHAV,74.4,74.9,74.3,74.5,47875.0
2021-02-24 10:45:00,NSE:SADBHAV,74.5,74.9,74.45,74.7,16554.0
2021-02-24 11:00:00,NSE:SADBHAV,74.7,74.8,74.25,74.25,23244.0
2021-02-24 11:15:00,NSE:SADBHAV,74.25,74.5,74.2,74.5,15146.0
2021-02-24 11:30:00,NSE:SADBHAV,74.4,74.5,74.0,74.0,18408.0
2021-02-24 15:45:00,NSE:SADBHAV,74.0,75.0,73.0,74.3,10256.0
2021-02-24 16:00:00,NSE:SADBHAV,74.1,74.35,74.0,74.15,8198.0
2021-02-24 16:15:00,NSE:SADBHAV,74.05,74.35,74.05,74.35,6812.0
2021-02-24 16:30:00,NSE:SADBHAV,74.35,75.0,74.35,74.6,20223.0
2021-02-24 16:45:00,NSE:SADBHAV,74.6,74.9,74.25,74.8,29958.0
2021-02-25 09:00:00,NSE:SADBHAV,75.6,75.6,75.6,75.6,861.0
2021-02-25 09:15:00,NSE:SADBHAV,75.3,76.3,75.25,75.75,77519.0
2021-02-25 09:30:00,NSE:SADBHAV,75.9,75.9,75.1,75.3,27296.0
2021-02-25 09:45:00,NSE:SADBHAV,75.3,75.75,75.2,75.2,23847.0
2021-02-25 10:00:00,NSE:SADBHAV,75.15,75.3,75.0,75.1,18089.0
2021-02-25 10:15:00,NSE:SADBHAV,75.2,75.35,75.05,75.15,13110.0
2021-02-25 10:30:00,NSE:SADBHAV,75.1,76.0,75.1,75.95,45482.0
2021-02-25 10:45:00,NSE:SADBHAV,75.9,75.95,75.55,75.55,16533.0
2021-02-25 11:00:00,NSE:SADBHAV,75.75,76.55,75.6,76.3,31647.0
2021-02-25 11:15:00,NSE:SADBHAV,76.3,76.4,75.9,75.9,11549.0
2021-02-25 11:30:00,NSE:SADBHAV,75.95,76.15,75.3,75.45,24020.0
2021-02-25 11:45:00,NSE:SADBHAV,75.5,75.8,75.05,75.8,10965.0
2021-02-25 12:00:00,NSE:SADBHAV,75.75,75.8,75.55,75.6,9035.0
2021-02-25 12:15:00,NSE:SADBHAV,75.6,75.75,75.5,75.7,5634.0
2021-02-25 12:30:00,NSE:SADBHAV,75.7,75.8,75.55,75.8,6476.0
2021-02-25 12:45:00,NSE:SADBHAV,75.7,75.8,75.55,75.65,4928.0
2021-02-25 13:00:00,NSE:SADBHAV,75.8,76.15,75.7,76.15,13242.0
2021-02-25 13:15:00,NSE:SADBHAV,76.1,76.1,75.8,75.8,11643.0
2021-02-25 13:30:00,NSE:SADBHAV,75.8,76.0,75.7,75.7,7975.0
2021-02-25 13:45:00,NSE:SADBHAV,75.7,75.75,75.5,75.7,6729.0
2021-02-25 14:00:00,NSE:SADBHAV,75.75,75.75,75.6,75.6,3825.0
2021-02-25 14:15:00,NSE:SADBHAV,75.75,75.9,75.55,75.75,6775.0
2021-02-25 14:30:00,NSE:SADBHAV,75.8,75.9,75.7,75.9,7396.0
2021-02-25 14:45:00,NSE:SADBHAV,75.9,76.0,75.75,75.8,7353.0
2021-02-25 15:00:00,NSE:SADBHAV,75.75,75.75,75.5,75.5,20262.0
2021-02-25 15:15:00,NSE:SADBHAV,75.5,75.6,75.3,75.5,35475.0
2021-02-25 15:30:00,NSE:SADBHAV,75.5,75.5,75.5,75.5,160.0
2021-02-25 15:45:00,NSE:SADBHAV,75.5,75.5,75.5,75.5,1011.0
2021-02-26 09:00:00,NSE:SADBHAV,72.6,72.6,72.6,72.6,3556.0
2021-02-26 09:15:00,NSE:SADBHAV,74.9,74.9,72.65,73.95,109955.0
2021-02-26 09:30:00,NSE:SADBHAV,73.75,74.0,73.45,74.0,32877.0
2021-02-26 09:45:00,NSE:SADBHAV,74.0,74.25,73.8,74.25,18236.0
2021-02-26 10:00:00,NSE:SADBHAV,74.15,75.3,74.0,74.65,37617.0
2021-02-26 10:15:00,NSE:SADBHAV,74.6,74.6,73.6,73.85,26310.0
2021-02-26 10:30:00,NSE:SADBHAV,74.0,74.2,73.8,73.95,15445.0
2021-02-26 10:45:00,NSE:SADBHAV,73.85,74.0,73.75,74.0,13151.0
2021-02-26 11:00:00,NSE:SADBHAV,73.85,73.9,73.3,73.5,29591.0
2021-02-26 11:15:00,NSE:SADBHAV,73.5,73.65,73.05,73.2,22969.0
2021-02-26 11:30:00,NSE:SADBHAV,73.45,73.5,72.7,73.2,37578.0
2021-02-26 11:45:00,NSE:SADBHAV,73.2,73.5,73.05,73.35,15325.0
2021-02-26 12:00:00,NSE:SADBHAV,73.4,73.4,73.0,73.2,13154.0
2021-02-26 12:15:00,NSE:SADBHAV,73.2,73.3,72.8,73.25,12218.0
2021-02-26 12:30:00,NSE:SADBHAV,73.2,73.3,73.0,73.15,4753.0
2021-02-26 12:45:00,NSE:SADBHAV,73.05,73.85,73.05,73.85,16520.0
2021-02-26 13:00:00,NSE:SADBHAV,73.85,73.9,73.4,73.6,16049.0
2021-02-26 13:15:00,NSE:SADBHAV,73.5,73.75,73.45,73.65,7678.0
2021-02-26 13:30:00,NSE:SADBHAV,73.65,73.75,73.5,73.75,8181.0
2021-02-26 13:45:00,NSE:SADBHAV,73.75,73.75,73.5,73.75,4588.0
2021-02-26 14:00:00,NSE:SADBHAV,73.75,74.2,73.6,74.15,19388.0
2021-02-26 14:15:00,NSE:SADBHAV,74.0,74.2,73.7,73.8,11490.0
2021-02-26 14:30:00,NSE:SADBHAV,73.9,73.9,73.6,73.8,4182.0
2021-02-26 14:45:00,NSE:SADBHAV,73.8,74.2,73.3,73.65,53548.0
2021-02-26 15:00:00,NSE:SADBHAV,73.65,73.9,73.4,73.4,20124.0
2021-02-26 15:15:00,NSE:SADBHAV,73.5,73.55,73.0,73.0,42495.0
2021-02-26 15:30:00,NSE:SADBHAV,73.25,73.4,73.25,73.25,1400.0
2021-02-26 15:45:00,NSE:SADBHAV,73.4,73.4,73.4,73.4,805.0
2021-03-01 09:00:00,NSE:SADBHAV,74.65,74.65,74.65,74.65,825.0
2021-03-01 09:15:00,NSE:SADBHAV,74.0,74.65,73.5,73.75,54999.0
2021-03-01 09:30:00,NSE:SADBHAV,73.75,74.35,73.75,74.05,22779.0
2021-03-01 09:45:00,NSE:SADBHAV,74.15,74.5,74.05,74.25,17684.0
2021-03-01 10:00:00,NSE:SADBHAV,74.3,74.45,74.0,74.15,11908.0
2021-03-01 10:15:00,NSE:SADBHAV,74.3,74.5,74.15,74.25,13398.0
2021-03-01 10:30:00,NSE:SADBHAV,74.25,74.45,74.05,74.2,17040.0
2021-03-01 10:45:00,NSE:SADBHAV,74.15,74.6,74.15,74.4,12908.0
2021-03-01 11:00:00,NSE:SADBHAV,74.4,74.45,74.05,74.25,15497.0
2021-03-01 11:15:00,NSE:SADBHAV,74.4,74.45,74.0,74.3,22900.0
2021-03-01 11:30:00,NSE:SADBHAV,74.3,74.35,73.95,74.0,66842.0
2021-03-01 11:45:00,NSE:SADBHAV,73.95,74.05,73.8,73.85,10426.0
2021-03-01 12:00:00,NSE:SADBHAV,73.85,73.95,73.8,73.85,5933.0
2021-03-01 12:15:00,NSE:SADBHAV,74.0,74.15,73.8,73.8,12981.0
2021-03-01 12:30:00,NSE:SADBHAV,73.9,73.95,73.55,73.6,13053.0
2021-03-01 12:45:00,NSE:SADBHAV,73.5,73.8,73.3,73.6,34027.0
2021-03-01 13:00:00,NSE:SADBHAV,73.45,73.55,73.35,73.35,6577.0
2021-03-01 13:15:00,NSE:SADBHAV,73.25,73.75,73.25,73.7,10636.0
2021-03-01 13:30:00,NSE:SADBHAV,73.65,73.95,73.6,73.75,7827.0
2021-03-01 13:45:00,NSE:SADBHAV,73.7,73.8,73.6,73.8,7610.0
2021-03-01 14:00:00,NSE:SADBHAV,73.8,74.1,73.3,73.45,28086.0
2021-03-01 14:15:00,NSE:SADBHAV,73.35,73.7,73.3,73.5,17652.0
2021-03-01 14:30:00,NSE:SADBHAV,73.5,73.75,73.5,73.65,9211.0
2021-03-01 14:45:00,NSE:SADBHAV,73.5,73.55,73.0,73.35,13093.0
2021-03-01 15:00:00,NSE:SADBHAV,73.2,73.3,72.8,73.0,37805.0
2021-03-01 15:15:00,NSE:SADBHAV,73.0,73.2,72.5,72.6,53484.0
2021-03-01 15:30:00,NSE:SADBHAV,72.6,72.9,72.6,72.9,1016.0
2021-03-01 15:45:00,NSE:SADBHAV,72.9,72.9,72.9,72.9,4.0
2021-03-02 09:00:00,NSE:SADBHAV,73.25,73.25,73.25,73.25,426.0
2021-03-02 09:15:00,NSE:SADBHAV,73.45,74.05,73.45,73.8,38166.0
2021-03-02 09:30:00,NSE:SADBHAV,73.7,73.95,73.55,73.95,20540.0
2021-03-02 09:45:00,NSE:SADBHAV,73.95,73.95,73.55,73.7,29367.0
2021-03-02 10:00:00,NSE:SADBHAV,73.7,73.9,73.6,73.65,12980.0
2021-03-02 10:15:00,NSE:SADBHAV,73.65,73.9,73.65,73.85,23524.0
2021-03-02 10:30:00,NSE:SADBHAV,73.9,73.95,73.65,73.95,15047.0
2021-03-02 10:45:00,NSE:SADBHAV,73.9,76.3,73.9,75.65,147783.0
2021-03-02 11:00:00,NSE:SADBHAV,75.7,75.85,74.75,75.45,47387.0
2021-03-02 11:15:00,NSE:SADBHAV,75.25,75.35,74.3,75.3,45137.0
2021-03-02 11:30:00,NSE:SADBHAV,75.3,75.8,74.6,75.8,25767.0
2021-03-02 11:45:00,NSE:SADBHAV,75.7,75.95,75.3,75.35,35145.0
2021-03-02 12:00:00,NSE:SADBHAV,75.5,75.55,75.1,75.3,7696.0
2021-03-02 12:15:00,NSE:SADBHAV,75.3,75.4,74.95,75.05,19358.0
2021-03-02 12:30:00,NSE:SADBHAV,74.95,75.05,74.75,75.05,9259.0
2021-03-02 12:45:00,NSE:SADBHAV,75.15,75.15,74.7,74.95,11371.0
2021-03-02 13:00:00,NSE:SADBHAV,74.95,74.95,74.7,74.7,7165.0
2021-03-02 13:15:00,NSE:SADBHAV,74.85,74.95,74.2,74.55,31948.0
2021-03-02 13:30:00,NSE:SADBHAV,74.7,74.7,74.4,74.5,10563.0
2021-03-02 13:45:00,NSE:SADBHAV,74.65,74.65,74.5,74.5,2142.0
2021-03-02 14:00:00,NSE:SADBHAV,74.65,75.0,74.45,74.95,11763.0
2021-03-02 14:15:00,NSE:SADBHAV,74.95,75.0,74.45,74.45,11271.0
2021-03-02 14:30:00,NSE:SADBHAV,74.5,74.6,74.3,74.45,13026.0
2021-03-02 14:45:00,NSE:SADBHAV,74.45,74.65,74.35,74.4,15124.0
2021-03-02 15:00:00,NSE:SADBHAV,74.5,74.95,74.4,74.75,21075.0
2021-03-02 15:15:00,NSE:SADBHAV,74.75,74.95,74.5,74.55,44094.0
2021-03-02 15:30:00,NSE:SADBHAV,74.7,74.7,74.7,74.7,500.0
2021-03-02 15:45:00,NSE:SADBHAV,74.7,74.7,74.55,74.55,100.0
2021-03-03 09:00:00,NSE:SADBHAV,74.0,74.0,74.0,74.0,4055.0
2021-03-03 09:15:00,NSE:SADBHAV,74.0,75.05,73.7,74.55,91135.0
2021-03-03 09:30:00,NSE:SADBHAV,74.55,75.0,74.05,74.5,45100.0
2021-03-03 09:45:00,NSE:SADBHAV,74.5,74.5,74.2,74.4,20848.0
2021-03-03 10:00:00,NSE:SADBHAV,74.35,74.5,74.1,74.4,24418.0
2021-03-03 10:15:00,NSE:SADBHAV,74.4,74.5,74.1,74.4,13051.0
2021-03-03 10:30:00,NSE:SADBHAV,74.4,74.5,74.3,74.5,8800.0
2021-03-03 10:45:00,NSE:SADBHAV,74.5,74.5,74.2,74.25,6066.0
2021-03-03 11:00:00,NSE:SADBHAV,74.2,74.3,74.2,74.3,3920.0
2021-03-03 11:15:00,NSE:SADBHAV,74.3,74.7,74.3,74.6,17513.0
2021-03-03 11:30:00,NSE:SADBHAV,74.6,74.65,74.35,74.4,10320.0
2021-03-03 11:45:00,NSE:SADBHAV,74.4,74.65,74.3,74.3,20176.0
2021-03-03 12:00:00,NSE:SADBHAV,74.35,74.5,74.3,74.5,15097.0
2021-03-03 12:15:00,NSE:SADBHAV,74.5,74.5,74.25,74.4,11625.0
2021-03-03 12:30:00,NSE:SADBHAV,74.3,74.4,74.2,74.4,6029.0
2021-03-03 12:45:00,NSE:SADBHAV,74.5,74.5,74.25,74.25,7414.0
2021-03-03 13:00:00,NSE:SADBHAV,74.25,74.5,74.25,74.3,6957.0
2021-03-03 13:15:00,NSE:SADBHAV,74.3,74.45,74.3,74.45,6604.0
2021-03-03 13:30:00,NSE:SADBHAV,74.35,74.45,74.2,74.3,12030.0
2021-03-03 13:45:00,NSE:SADBHAV,74.3,74.4,73.8,74.05,27838.0
2021-03-03 14:00:00,NSE:SADBHAV,74.15,74.3,74.1,74.1,14307.0
2021-03-03 14:15:00,NSE:SADBHAV,74.0,74.05,73.8,74.0,9124.0
2021-03-03 14:30:00,NSE:SADBHAV,74.1,74.3,73.9,74.3,9646.0
2021-03-03 14:45:00,NSE:SADBHAV,74.35,74.4,73.9,74.25,13139.0
2021-03-03 15:00:00,NSE:SADBHAV,74.25,74.25,73.95,73.95,12954.0
2021-03-03 15:15:00,NSE:SADBHAV,73.95,74.05,72.8,73.95,115362.0
2021-03-03 15:30:00,NSE:SADBHAV,73.95,73.95,73.45,73.45,1233.0
2021-03-03 15:45:00,NSE:SADBHAV,73.45,73.95,73.45,73.95,1156.0
2021-03-04 09:00:00,NSE:SADBHAV,72.85,72.85,72.85,72.85,895.0
2021-03-04 09:15:00,NSE:SADBHAV,72.55,74.35,72.45,73.8,49510.0
2021-03-04 09:30:00,NSE:SADBHAV,73.75,73.75,73.1,73.15,31704.0
2021-03-04 09:45:00,NSE:SADBHAV,73.15,73.65,73.05,73.6,4881.0
2021-03-04 10:00:00,NSE:SADBHAV,73.75,74.0,73.6,73.95,12621.0
2021-03-04 10:15:00,NSE:SADBHAV,73.8,73.85,73.5,73.85,11852.0
2021-03-04 10:30:00,NSE:SADBHAV,73.8,74.5,73.6,74.5,29416.0
2021-03-04 10:45:00,NSE:SADBHAV,74.55,74.8,74.2,74.35,20455.0
2021-03-04 11:00:00,NSE:SADBHAV,74.35,74.7,74.2,74.5,15783.0
2021-03-04 11:15:00,NSE:SADBHAV,74.35,74.5,74.0,74.25,8285.0
2021-03-04 11:30:00,NSE:SADBHAV,74.35,74.35,73.9,74.25,10959.0
2021-03-04 11:45:00,NSE:SADBHAV,74.15,74.5,74.1,74.35,9882.0
2021-03-04 12:00:00,NSE:SADBHAV,74.35,74.45,73.85,74.0,12246.0
2021-03-04 12:15:00,NSE:SADBHAV,74.0,74.0,73.65,73.75,11012.0
2021-03-04 12:30:00,NSE:SADBHAV,73.75,74.3,73.75,74.1,10190.0
2021-03-04 12:45:00,NSE:SADBHAV,74.1,74.2,74.0,74.1,3436.0
2021-03-04 13:00:00,NSE:SADBHAV,74.0,74.0,73.8,74.0,9417.0
2021-03-04 13:15:00,NSE:SADBHAV,73.85,74.0,73.8,73.8,9377.0
2021-03-04 13:30:00,NSE:SADBHAV,73.9,74.25,73.8,74.1,15224.0
2021-03-04 13:45:00,NSE:SADBHAV,74.0,74.1,73.8,73.8,9815.0
2021-03-04 14:00:00,NSE:SADBHAV,73.8,74.1,73.8,74.0,5167.0
2021-03-04 14:15:00,NSE:SADBHAV,74.0,74.25,74.0,74.1,8213.0
2021-03-04 14:30:00,NSE:SADBHAV,74.1,74.1,73.7,74.0,76175.0
2021-03-04 14:45:00,NSE:SADBHAV,73.8,74.1,73.7,73.85,15345.0
2021-03-04 15:00:00,NSE:SADBHAV,74.0,74.0,73.65,73.75,18941.0
2021-03-04 15:15:00,NSE:SADBHAV,73.9,74.05,73.7,73.95,25766.0
2021-03-04 15:30:00,NSE:SADBHAV,73.85,73.95,73.85,73.95,100.0
2021-03-04 15:45:00,NSE:SADBHAV,73.85,73.85,73.85,73.85,20.0
2021-03-05 09:00:00,NSE:SADBHAV,73.9,73.9,73.9,73.9,1206.0
2021-03-05 09:15:00,NSE:SADBHAV,73.6,74.9,73.6,74.2,33231.0
2021-03-05 09:30:00,NSE:SADBHAV,74.35,74.35,73.4,73.55,43639.0
2021-03-05 09:45:00,NSE:SADBHAV,73.65,73.75,73.5,73.7,18473.0
2021-03-05 10:00:00,NSE:SADBHAV,73.7,73.75,73.55,73.6,8164.0
2021-03-05 10:15:00,NSE:SADBHAV,73.7,73.7,73.5,73.65,8129.0
2021-03-05 10:30:00,NSE:SADBHAV,73.7,73.7,73.5,73.55,11698.0
2021-03-05 10:45:00,NSE:SADBHAV,73.5,73.6,73.15,73.15,14081.0
2021-03-05 11:00:00,NSE:SADBHAV,73.15,73.25,73.0,73.1,8458.0
2021-03-05 11:15:00,NSE:SADBHAV,73.1,73.35,72.9,73.05,47895.0
2021-03-05 11:30:00,NSE:SADBHAV,73.2,73.3,73.1,73.1,2485.0
2021-03-05 11:45:00,NSE:SADBHAV,73.2,73.25,72.9,73.0,11394.0
2021-03-05 12:00:00,NSE:SADBHAV,73.0,73.0,72.95,73.0,6268.0
2021-03-05 12:15:00,NSE:SADBHAV,73.0,73.25,73.0,73.25,3010.0
2021-03-05 12:30:00,NSE:SADBHAV,73.1,73.25,72.7,72.85,16401.0
2021-03-05 12:45:00,NSE:SADBHAV,72.85,73.1,72.85,72.95,4362.0
2021-03-05 13:00:00,NSE:SADBHAV,72.95,73.05,72.9,72.9,3112.0
2021-03-05 13:15:00,NSE:SADBHAV,73.1,73.1,72.85,72.85,4757.0
2021-03-05 13:30:00,NSE:SADBHAV,72.95,73.0,72.75,72.8,34180.0
2021-03-05 13:45:00,NSE:SADBHAV,72.85,72.9,72.6,72.75,7252.0
2021-03-05 14:00:00,NSE:SADBHAV,72.75,72.8,72.65,72.65,7743.0
2021-03-05 14:15:00,NSE:SADBHAV,72.65,72.8,72.5,72.65,9866.0
2021-03-05 14:30:00,NSE:SADBHAV,72.65,72.65,72.05,72.25,13702.0
2021-03-05 14:45:00,NSE:SADBHAV,72.3,72.5,72.3,72.45,4877.0
2021-03-05 15:00:00,NSE:SADBHAV,72.45,72.5,72.0,72.25,35751.0
2021-03-05 15:15:00,NSE:SADBHAV,72.25,72.35,72.0,72.25,45320.0
2021-03-05 15:30:00,NSE:SADBHAV,72.3,72.3,72.25,72.25,850.0
2021-03-05 15:45:00,NSE:SADBHAV,72.25,72.3,72.25,72.25,3941.0
2021-03-08 09:00:00,NSE:SADBHAV,72.8,72.8,72.8,72.8,1004.0
2021-03-08 09:15:00,NSE:SADBHAV,72.8,73.65,72.6,73.2,37558.0
2021-03-08 09:30:00,NSE:SADBHAV,73.1,73.2,72.95,73.0,23370.0
2021-03-08 09:45:00,NSE:SADBHAV,73.05,73.65,72.8,73.6,61149.0
2021-03-08 10:00:00,NSE:SADBHAV,73.75,75.25,73.7,74.6,140533.0
2021-03-08 10:15:00,NSE:SADBHAV,74.6,74.65,74.1,74.2,24732.0
2021-03-08 10:30:00,NSE:SADBHAV,74.25,74.25,73.75,73.75,18948.0
2021-03-08 10:45:00,NSE:SADBHAV,73.7,73.75,73.1,73.1,32775.0
2021-03-08 11:00:00,NSE:SADBHAV,73.25,73.5,73.05,73.25,25146.0
2021-03-08 11:15:00,NSE:SADBHAV,73.3,73.45,72.15,72.15,37071.0
2021-03-08 11:30:00,NSE:SADBHAV,72.35,72.75,71.6,72.55,56528.0
2021-03-08 11:45:00,NSE:SADBHAV,72.6,73.0,71.95,72.3,33106.0
2021-03-08 12:00:00,NSE:SADBHAV,72.4,72.45,71.65,72.25,105632.0
2021-03-08 12:15:00,NSE:SADBHAV,72.15,72.3,71.85,72.0,72410.0
2021-03-08 12:30:00,NSE:SADBHAV,71.9,72.25,71.85,72.2,7298.0
2021-03-08 12:45:00,NSE:SADBHAV,72.25,72.25,70.7,71.65,194394.0
2021-03-08 13:00:00,NSE:SADBHAV,71.65,71.9,71.6,71.9,9462.0
2021-03-08 13:15:00,NSE:SADBHAV,71.9,72.2,71.75,71.9,16275.0
2021-03-08 13:30:00,NSE:SADBHAV,71.8,72.15,71.7,71.7,8409.0
2021-03-08 13:45:00,NSE:SADBHAV,71.6,71.9,71.45,71.75,10739.0
2021-03-08 14:00:00,NSE:SADBHAV,71.65,71.95,71.65,71.95,4749.0
2021-03-08 14:15:00,NSE:SADBHAV,72.0,72.0,71.6,71.75,13023.0
2021-03-08 14:30:00,NSE:SADBHAV,71.6,71.75,71.55,71.75,10100.0
2021-03-08 14:45:00,NSE:SADBHAV,71.75,72.0,71.55,71.6,12368.0
2021-03-08 15:00:00,NSE:SADBHAV,71.6,72.2,71.2,71.6,53766.0
2021-03-08 15:15:00,NSE:SADBHAV,71.7,72.5,71.1,72.5,72732.0
2021-03-08 15:30:00,NSE:SADBHAV,72.5,72.5,72.5,72.5,1030.0
2021-03-08 15:45:00,NSE:SADBHAV,71.75,71.75,71.75,71.75,1000.0
2021-03-09 09:00:00,NSE:SADBHAV,72.5,72.5,72.5,72.5,852.0
2021-03-09 09:15:00,NSE:SADBHAV,72.6,73.8,72.4,72.45,62803.0
2021-03-09 09:30:00,NSE:SADBHAV,72.35,72.8,71.85,72.05,54582.0
2021-03-09 09:45:00,NSE:SADBHAV,72.05,72.2,71.7,72.15,22502.0
2021-03-09 10:00:00,NSE:SADBHAV,72.0,72.35,72.0,72.3,4048.0
2021-03-09 10:15:00,NSE:SADBHAV,72.2,72.25,71.9,72.05,11073.0
2021-03-09 10:30:00,NSE:SADBHAV,72.1,72.3,71.8,72.0,19763.0
2021-03-09 10:45:00,NSE:SADBHAV,71.95,72.25,71.75,71.9,15925.0
2021-03-09 11:00:00,NSE:SADBHAV,71.75,72.15,71.7,71.9,15291.0
2021-03-09 11:15:00,NSE:SADBHAV,71.8,72.1,71.75,71.9,21145.0
2021-03-09 11:30:00,NSE:SADBHAV,71.9,72.2,71.85,72.0,23457.0
2021-03-09 11:45:00,NSE:SADBHAV,72.0,72.25,71.9,72.1,15035.0
2021-03-09 12:00:00,NSE:SADBHAV,71.95,72.15,71.8,71.95,4903.0
2021-03-09 12:15:00,NSE:SADBHAV,71.95,72.0,71.6,71.9,20417.0
2021-03-09 12:30:00,NSE:SADBHAV,71.85,71.9,71.7,71.7,7679.0
2021-03-09 12:45:00,NSE:SADBHAV,71.65,71.85,71.6,71.6,2206.0
2021-03-09 13:00:00,NSE:SADBHAV,71.75,71.8,71.2,71.4,11281.0
2021-03-09 13:15:00,NSE:SADBHAV,71.3,71.5,71.1,71.35,12236.0
2021-03-09 13:30:00,NSE:SADBHAV,71.25,71.6,71.25,71.5,11331.0
2021-03-09 13:45:00,NSE:SADBHAV,71.4,71.5,69.5,70.75,83006.0
2021-03-09 14:00:00,NSE:SADBHAV,70.95,71.0,70.0,70.8,59125.0
2021-03-09 14:15:00,NSE:SADBHAV,70.9,71.4,69.5,70.25,224077.0
2021-03-09 14:30:00,NSE:SADBHAV,70.25,70.6,70.15,70.6,11470.0
2021-03-09 14:45:00,NSE:SADBHAV,70.65,70.85,70.45,70.75,5012.0
2021-03-09 15:00:00,NSE:SADBHAV,70.7,70.95,70.4,70.85,13095.0
2021-03-09 15:15:00,NSE:SADBHAV,70.95,71.1,70.1,70.5,52773.0
2021-03-09 15:30:00,NSE:SADBHAV,70.45,70.5,70.45,70.5,1050.0
2021-03-09 15:45:00,NSE:SADBHAV,70.45,70.5,70.45,70.5,3140.0
2021-03-10 09:00:00,NSE:SADBHAV,71.3,71.3,71.3,71.3,126.0
2021-03-10 09:15:00,NSE:SADBHAV,71.0,71.7,70.55,70.85,45211.0
2021-03-10 09:30:00,NSE:SADBHAV,70.7,71.2,70.4,71.2,35135.0
2021-03-10 09:45:00,NSE:SADBHAV,71.0,71.2,69.45,70.3,63252.0
2021-03-10 10:00:00,NSE:SADBHAV,70.35,71.15,70.1,71.05,39703.0
2021-03-10 10:15:00,NSE:SADBHAV,70.9,72.8,70.9,72.1,145252.0
2021-03-10 10:30:00,NSE:SADBHAV,72.05,72.1,71.55,71.7,19850.0
2021-03-10 10:45:00,NSE:SADBHAV,71.65,71.95,71.5,71.75,8305.0
2021-03-10 11:00:00,NSE:SADBHAV,71.6,71.8,71.55,71.8,3790.0
2021-03-10 11:15:00,NSE:SADBHAV,71.8,71.8,71.5,71.8,4813.0
2021-03-10 11:30:00,NSE:SADBHAV,71.8,71.85,71.65,71.75,4004.0
2021-03-10 11:45:00,NSE:SADBHAV,71.7,72.15,71.55,72.0,19221.0
2021-03-10 12:00:00,NSE:SADBHAV,72.0,73.2,72.0,72.2,83893.0
2021-03-10 12:15:00,NSE:SADBHAV,72.15,72.35,71.9,72.15,10185.0
2021-03-10 12:30:00,NSE:SADBHAV,72.1,72.15,71.85,72.05,5182.0
2021-03-10 12:45:00,NSE:SADBHAV,72.1,73.8,71.6,73.55,76197.0
2021-03-10 13:00:00,NSE:SADBHAV,73.6,74.95,73.55,73.9,173104.0
2021-03-10 13:15:00,NSE:SADBHAV,73.9,73.95,73.0,73.3,33755.0
2021-03-10 13:30:00,NSE:SADBHAV,73.4,73.9,73.35,73.45,21367.0
2021-03-10 13:45:00,NSE:SADBHAV,73.4,76.9,73.4,76.8,350243.0
2021-03-10 14:00:00,NSE:SADBHAV,76.8,77.1,75.6,76.95,295100.0
2021-03-10 14:15:00,NSE:SADBHAV,76.75,78.75,75.85,78.75,504048.0
2021-03-10 14:30:00,NSE:SADBHAV,78.8,79.4,77.7,78.15,333294.0
2021-03-10 14:45:00,NSE:SADBHAV,78.1,78.3,76.5,76.6,226931.0
2021-03-10 15:00:00,NSE:SADBHAV,76.65,77.35,75.45,75.6,225221.0
2021-03-10 15:15:00,NSE:SADBHAV,75.6,76.25,74.9,76.0,265454.0
2021-03-10 15:30:00,NSE:SADBHAV,75.75,76.0,75.75,75.75,15024.0
2021-03-10 15:45:00,NSE:SADBHAV,76.0,76.0,75.75,76.0,2328.0
2021-03-12 09:00:00,NSE:SADBHAV,76.95,76.95,76.95,76.95,6475.0
2021-03-12 09:15:00,NSE:SADBHAV,76.8,76.85,75.05,75.4,130228.0
2021-03-12 09:30:00,NSE:SADBHAV,75.5,75.5,74.6,74.7,64208.0
2021-03-12 09:45:00,NSE:SADBHAV,74.7,75.2,74.2,75.2,47463.0
2021-03-12 10:00:00,NSE:SADBHAV,75.15,75.2,74.7,74.8,14596.0
2021-03-12 10:15:00,NSE:SADBHAV,74.7,74.75,74.25,74.4,20997.0
2021-03-12 10:30:00,NSE:SADBHAV,74.45,74.45,74.15,74.4,25660.0
2021-03-12 10:45:00,NSE:SADBHAV,74.4,74.65,74.3,74.55,13424.0
2021-03-12 11:00:00,NSE:SADBHAV,74.55,74.7,74.0,74.4,20991.0
2021-03-12 11:15:00,NSE:SADBHAV,74.35,74.5,73.7,74.35,35104.0
2021-03-12 11:30:00,NSE:SADBHAV,74.25,74.4,74.15,74.4,3454.0
2021-03-12 11:45:00,NSE:SADBHAV,74.4,75.3,74.3,75.1,69091.0
2021-03-12 12:00:00,NSE:SADBHAV,75.1,75.15,73.05,74.35,82977.0
2021-03-12 12:15:00,NSE:SADBHAV,74.25,74.25,73.65,73.65,22020.0
2021-03-12 12:30:00,NSE:SADBHAV,73.6,74.0,73.6,74.0,9230.0
2021-03-12 12:45:00,NSE:SADBHAV,73.95,74.25,73.3,74.15,26440.0
2021-03-12 13:00:00,NSE:SADBHAV,74.2,74.6,73.4,74.55,126203.0
2021-03-12 13:15:00,NSE:SADBHAV,74.5,74.5,73.6,73.8,59982.0
2021-03-12 13:30:00,NSE:SADBHAV,73.9,73.95,72.15,72.65,71761.0
2021-03-12 13:45:00,NSE:SADBHAV,72.7,73.0,72.5,72.85,32560.0
2021-03-12 14:00:00,NSE:SADBHAV,72.85,73.2,72.55,73.0,62010.0
2021-03-12 14:15:00,NSE:SADBHAV,72.8,72.95,72.5,72.8,31733.0
2021-03-12 14:30:00,NSE:SADBHAV,72.85,73.2,72.75,72.95,33332.0
2021-03-12 14:45:00,NSE:SADBHAV,72.9,73.6,72.9,73.25,41371.0
2021-03-12 15:00:00,NSE:SADBHAV,73.15,73.55,73.15,73.4,21373.0
2021-03-12 15:15:00,NSE:SADBHAV,73.4,73.75,72.8,72.85,97197.0
2021-03-12 15:30:00,NSE:SADBHAV,73.3,73.3,73.3,73.3,2.0
2021-03-12 15:45:00,NSE:SADBHAV,73.3,73.3,73.3,73.3,7.0
2021-03-15 09:00:00,NSE:SADBHAV,73.65,73.65,73.65,73.65,438.0
2021-03-15 09:15:00,NSE:SADBHAV,73.2,73.2,71.6,71.75,69397.0
2021-03-15 09:30:00,NSE:SADBHAV,71.9,72.1,71.35,71.55,24168.0
2021-03-15 09:45:00,NSE:SADBHAV,71.65,72.5,71.55,72.15,16645.0
2021-03-15 10:00:00,NSE:SADBHAV,72.3,72.45,71.65,71.8,20162.0
2021-03-15 10:15:00,NSE:SADBHAV,71.8,71.95,71.5,71.8,21699.0
2021-03-15 10:30:00,NSE:SADBHAV,71.7,72.75,71.55,72.6,32004.0
2021-03-15 10:45:00,NSE:SADBHAV,72.6,72.7,72.5,72.5,16682.0
2021-03-15 11:00:00,NSE:SADBHAV,72.5,72.7,72.4,72.55,34396.0
2021-03-15 11:15:00,NSE:SADBHAV,72.5,72.7,72.35,72.65,26724.0
2021-03-15 11:30:00,NSE:SADBHAV,72.65,74.6,72.65,74.0,80816.0
2021-03-15 11:45:00,NSE:SADBHAV,73.75,73.75,73.05,73.25,19393.0
2021-03-15 12:00:00,NSE:SADBHAV,73.2,73.35,73.15,73.25,4715.0
2021-03-15 12:15:00,NSE:SADBHAV,73.1,73.15,72.5,72.95,20988.0
2021-03-15 12:30:00,NSE:SADBHAV,72.85,72.95,72.3,72.5,10253.0
2021-03-15 12:45:00,NSE:SADBHAV,72.6,72.6,72.45,72.6,6144.0
2021-03-15 13:00:00,NSE:SADBHAV,72.6,74.0,72.3,73.15,102327.0
2021-03-15 13:15:00,NSE:SADBHAV,73.15,73.7,72.65,72.75,43248.0
2021-03-15 13:30:00,NSE:SADBHAV,72.8,72.85,72.6,72.7,6550.0
2021-03-15 13:45:00,NSE:SADBHAV,72.7,72.95,72.55,72.6,13962.0
2021-03-15 14:00:00,NSE:SADBHAV,72.6,72.75,72.5,72.6,5685.0
2021-03-15 14:15:00,NSE:SADBHAV,72.6,72.7,72.5,72.65,2741.0
2021-03-15 14:30:00,NSE:SADBHAV,72.65,72.7,70.55,72.25,101147.0
2021-03-15 14:45:00,NSE:SADBHAV,72.25,72.65,72.1,72.6,13719.0
2021-03-15 15:00:00,NSE:SADBHAV,72.6,72.7,72.3,72.5,14226.0
2021-03-15 15:15:00,NSE:SADBHAV,72.4,72.65,71.3,72.1,38939.0
2021-03-15 15:30:00,NSE:SADBHAV,72.25,72.25,72.1,72.1,1403.0
2021-03-15 15:45:00,NSE:SADBHAV,72.25,72.25,72.1,72.25,888.0
2021-03-16 09:00:00,NSE:SADBHAV,72.85,72.85,72.85,72.85,1000.0
2021-03-16 09:15:00,NSE:SADBHAV,72.75,74.15,72.6,73.25,67606.0
2021-03-16 09:30:00,NSE:SADBHAV,73.3,73.5,72.9,73.1,28237.0
2021-03-16 09:45:00,NSE:SADBHAV,73.0,73.2,72.5,72.65,21665.0
2021-03-16 10:00:00,NSE:SADBHAV,72.6,72.75,72.55,72.65,6818.0
2021-03-16 10:15:00,NSE:SADBHAV,72.75,73.15,72.6,72.95,7507.0
2021-03-16 10:30:00,NSE:SADBHAV,73.0,73.15,72.95,73.15,5260.0
2021-03-16 10:45:00,NSE:SADBHAV,73.1,73.1,72.85,72.85,6830.0
2021-03-16 11:00:00,NSE:SADBHAV,73.0,73.05,72.8,73.0,1896.0
2021-03-16 11:15:00,NSE:SADBHAV,73.0,73.05,72.7,72.75,3776.0
2021-03-16 11:30:00,NSE:SADBHAV,72.75,72.75,72.3,72.35,9923.0
2021-03-16 11:45:00,NSE:SADBHAV,72.3,72.7,72.3,72.7,3548.0
2021-03-16 12:00:00,NSE:SADBHAV,72.6,72.6,72.35,72.35,3542.0
2021-03-16 12:15:00,NSE:SADBHAV,72.35,72.5,72.3,72.3,3661.0
2021-03-16 12:30:00,NSE:SADBHAV,72.5,72.65,72.3,72.65,2786.0
2021-03-16 12:45:00,NSE:SADBHAV,72.55,73.65,72.3,73.2,61875.0
2021-03-16 13:00:00,NSE:SADBHAV,73.1,73.65,72.35,72.5,76525.0
2021-03-16 13:15:00,NSE:SADBHAV,72.6,72.65,72.3,72.6,7432.0
2021-03-16 13:30:00,NSE:SADBHAV,72.5,72.6,72.35,72.35,3690.0
2021-03-16 13:45:00,NSE:SADBHAV,72.5,72.55,72.4,72.5,2834.0
2021-03-16 14:00:00,NSE:SADBHAV,72.45,72.55,72.25,72.5,13909.0
2021-03-16 14:15:00,NSE:SADBHAV,72.4,72.5,72.35,72.35,959.0
2021-03-16 14:30:00,NSE:SADBHAV,72.3,72.6,72.25,72.6,9742.0
2021-03-16 14:45:00,NSE:SADBHAV,72.45,72.65,72.35,72.6,7631.0
2021-03-16 15:00:00,NSE:SADBHAV,72.5,72.5,71.85,72.05,32802.0
2021-03-16 15:15:00,NSE:SADBHAV,72.05,72.6,71.5,72.5,59347.0
2021-03-16 15:30:00,NSE:SADBHAV,72.05,72.5,72.05,72.5,480.0
2021-03-16 15:45:00,NSE:SADBHAV,72.05,72.05,72.05,72.05,431.0
2021-03-17 09:00:00,NSE:SADBHAV,72.5,72.5,72.5,72.5,1084.0
2021-03-17 09:15:00,NSE:SADBHAV,73.45,73.5,72.35,72.5,32655.0
2021-03-17 09:30:00,NSE:SADBHAV,72.55,72.8,72.35,72.8,22669.0
2021-03-17 09:45:00,NSE:SADBHAV,72.8,72.8,72.25,72.45,10319.0
2021-03-17 10:00:00,NSE:SADBHAV,72.45,72.45,71.5,71.65,36679.0
2021-03-17 10:15:00,NSE:SADBHAV,71.5,71.85,71.0,71.6,27587.0
2021-03-17 10:30:00,NSE:SADBHAV,71.65,71.75,70.75,71.25,20801.0
2021-03-17 10:45:00,NSE:SADBHAV,71.1,72.25,70.6,71.55,100574.0
2021-03-17 11:00:00,NSE:SADBHAV,71.55,71.55,71.1,71.45,21502.0
2021-03-17 11:15:00,NSE:SADBHAV,71.35,71.6,71.35,71.35,3974.0
2021-03-17 11:30:00,NSE:SADBHAV,71.4,71.45,70.7,71.1,28001.0
2021-03-17 11:45:00,NSE:SADBHAV,71.0,71.6,71.0,71.3,15498.0
2021-03-17 12:00:00,NSE:SADBHAV,71.35,71.4,70.95,71.15,19882.0
2021-03-17 12:15:00,NSE:SADBHAV,71.15,72.0,70.7,71.2,141842.0
2021-03-17 12:30:00,NSE:SADBHAV,71.3,71.85,71.15,71.35,42900.0
2021-03-17 12:45:00,NSE:SADBHAV,71.35,71.35,70.85,70.85,11272.0
2021-03-17 13:00:00,NSE:SADBHAV,70.9,70.9,70.5,70.7,26884.0
2021-03-17 13:15:00,NSE:SADBHAV,70.7,70.8,70.45,70.45,19982.0
2021-03-17 13:30:00,NSE:SADBHAV,70.65,71.2,70.45,70.85,27199.0
2021-03-17 13:45:00,NSE:SADBHAV,70.9,70.95,70.4,70.5,28494.0
2021-03-17 14:00:00,NSE:SADBHAV,70.5,70.5,70.05,70.35,27517.0
2021-03-17 14:15:00,NSE:SADBHAV,70.15,70.3,69.7,70.05,43057.0
2021-03-17 14:30:00,NSE:SADBHAV,70.0,70.4,69.85,70.0,28494.0
2021-03-17 14:45:00,NSE:SADBHAV,70.0,70.2,69.9,70.2,4464.0
2021-03-17 15:00:00,NSE:SADBHAV,70.15,70.2,69.3,69.7,36333.0
2021-03-17 15:15:00,NSE:SADBHAV,69.5,70.25,69.2,69.55,52475.0
2021-03-17 15:30:00,NSE:SADBHAV,70.2,70.2,69.65,70.2,253.0
2021-03-17 15:45:00,NSE:SADBHAV,69.65,70.2,69.65,69.65,489.0
2021-03-18 09:00:00,NSE:SADBHAV,70.25,70.25,70.25,70.25,1196.0
2021-03-18 09:15:00,NSE:SADBHAV,70.25,71.35,70.2,70.2,114266.0
2021-03-18 09:30:00,NSE:SADBHAV,70.35,70.95,70.35,70.75,24991.0
2021-03-18 09:45:00,NSE:SADBHAV,70.65,70.95,70.5,70.65,26027.0
2021-03-18 10:00:00,NSE:SADBHAV,70.5,70.8,70.4,70.65,12762.0
2021-03-18 10:15:00,NSE:SADBHAV,70.75,70.75,69.8,69.8,17802.0
2021-03-18 10:30:00,NSE:SADBHAV,69.75,70.0,68.45,68.8,28200.0
2021-03-18 10:45:00,NSE:SADBHAV,68.8,69.65,68.25,69.6,40206.0
2021-03-18 11:00:00,NSE:SADBHAV,69.6,69.6,68.75,68.8,17306.0
2021-03-18 11:15:00,NSE:SADBHAV,68.95,68.95,68.55,68.6,9495.0
2021-03-18 11:30:00,NSE:SADBHAV,68.65,69.6,68.2,68.9,109223.0
2021-03-18 11:45:00,NSE:SADBHAV,68.75,69.5,68.0,69.0,157567.0
2021-03-18 12:00:00,NSE:SADBHAV,69.1,69.6,68.85,69.5,56420.0
2021-03-18 12:15:00,NSE:SADBHAV,69.45,69.5,69.0,69.0,12722.0
2021-03-18 12:30:00,NSE:SADBHAV,68.95,69.0,68.75,68.8,10121.0
2021-03-18 12:45:00,NSE:SADBHAV,68.95,69.0,68.6,68.7,6372.0
2021-03-18 13:00:00,NSE:SADBHAV,68.85,68.85,68.2,68.35,26731.0
2021-03-18 13:15:00,NSE:SADBHAV,68.3,68.65,68.15,68.45,30302.0
2021-03-18 13:30:00,NSE:SADBHAV,68.3,68.4,65.85,66.65,121200.0
2021-03-18 13:45:00,NSE:SADBHAV,66.55,67.45,65.95,66.0,77052.0
2021-03-18 14:00:00,NSE:SADBHAV,66.0,66.4,65.5,65.5,35551.0
2021-03-18 14:15:00,NSE:SADBHAV,65.5,66.3,65.05,66.25,53669.0
2021-03-18 14:30:00,NSE:SADBHAV,66.25,67.15,66.2,66.55,38056.0
2021-03-18 14:45:00,NSE:SADBHAV,66.5,66.8,66.35,66.35,19000.0
2021-03-18 15:00:00,NSE:SADBHAV,66.35,66.9,65.8,66.85,41020.0
2021-03-18 15:15:00,NSE:SADBHAV,66.75,66.85,66.0,66.0,81006.0
2021-03-18 15:30:00,NSE:SADBHAV,66.15,66.3,66.15,66.3,1812.0
2021-03-18 15:45:00,NSE:SADBHAV,66.3,66.3,66.3,66.3,760.0
2021-03-19 09:00:00,NSE:SADBHAV,65.6,65.6,65.6,65.6,1400.0
2021-03-19 09:15:00,NSE:SADBHAV,65.0,65.05,61.0,62.2,148585.0
2021-03-19 09:30:00,NSE:SADBHAV,62.15,63.7,62.0,63.3,80810.0
2021-03-19 09:45:00,NSE:SADBHAV,63.35,64.45,63.0,64.2,46799.0
2021-03-19 10:00:00,NSE:SADBHAV,64.2,64.95,64.0,64.95,45623.0
2021-03-19 10:15:00,NSE:SADBHAV,64.95,64.95,64.1,64.7,28326.0
2021-03-19 10:30:00,NSE:SADBHAV,64.7,64.85,64.2,64.55,43504.0
2021-03-19 10:45:00,NSE:SADBHAV,64.55,65.05,64.5,65.0,31466.0
2021-03-19 11:00:00,NSE:SADBHAV,65.0,65.05,64.8,65.0,29035.0
2021-03-19 11:15:00,NSE:SADBHAV,65.0,65.0,64.15,64.55,19954.0
2021-03-19 11:30:00,NSE:SADBHAV,64.6,64.6,64.05,64.15,8368.0
2021-03-19 11:45:00,NSE:SADBHAV,64.05,65.4,64.05,65.05,26862.0
2021-03-19 12:00:00,NSE:SADBHAV,65.15,65.2,64.6,64.8,9432.0
2021-03-19 12:15:00,NSE:SADBHAV,64.85,65.05,64.35,65.0,18208.0
2021-03-19 12:30:00,NSE:SADBHAV,65.05,65.3,64.8,65.15,4529.0
2021-03-19 12:45:00,NSE:SADBHAV,65.3,66.65,64.4,65.85,142130.0
2021-03-19 13:00:00,NSE:SADBHAV,65.7,65.75,65.35,65.5,6519.0
2021-03-19 13:15:00,NSE:SADBHAV,65.35,65.75,65.35,65.5,12157.0
2021-03-19 13:30:00,NSE:SADBHAV,65.4,65.7,64.7,65.35,17722.0
2021-03-19 13:45:00,NSE:SADBHAV,65.4,66.8,64.65,65.65,190396.0
2021-03-19 14:00:00,NSE:SADBHAV,65.65,67.25,65.6,67.25,73986.0
2021-03-19 14:15:00,NSE:SADBHAV,67.05,67.35,66.5,66.9,35701.0
2021-03-19 14:30:00,NSE:SADBHAV,66.9,67.3,66.45,67.0,30018.0
2021-03-19 14:45:00,NSE:SADBHAV,67.1,67.4,66.75,66.95,15510.0
2021-03-19 15:00:00,NSE:SADBHAV,66.85,67.0,66.2,66.5,37620.0
2021-03-19 15:15:00,NSE:SADBHAV,66.4,67.5,66.15,66.7,51787.0
2021-03-19 15:30:00,NSE:SADBHAV,66.7,66.7,66.6,66.7,391.0
2021-03-19 15:45:00,NSE:SADBHAV,66.6,66.7,66.6,66.7,854.0
2021-03-22 09:00:00,NSE:SADBHAV,67.0,67.0,67.0,67.0,1179.0
2021-03-22 09:15:00,NSE:SADBHAV,67.0,67.35,66.0,66.15,38514.0
2021-03-22 09:30:00,NSE:SADBHAV,66.1,67.55,66.1,67.4,22341.0
2021-03-22 09:45:00,NSE:SADBHAV,67.35,68.3,67.05,67.9,116225.0
2021-03-22 10:00:00,NSE:SADBHAV,67.85,67.95,67.15,67.65,65336.0
2021-03-22 10:15:00,NSE:SADBHAV,67.6,67.95,67.55,67.55,6649.0
2021-03-22 10:30:00,NSE:SADBHAV,67.6,68.0,67.2,67.5,18941.0
2021-03-22 10:45:00,NSE:SADBHAV,67.6,67.65,66.55,66.9,45766.0
2021-03-22 11:00:00,NSE:SADBHAV,66.95,69.65,66.8,69.6,233689.0
2021-03-22 11:15:00,NSE:SADBHAV,69.55,69.7,68.05,68.6,60641.0
2021-03-22 11:30:00,NSE:SADBHAV,68.6,68.7,68.35,68.5,5211.0
2021-03-22 11:45:00,NSE:SADBHAV,68.5,68.95,68.4,68.75,19555.0
2021-03-22 12:00:00,NSE:SADBHAV,68.8,68.8,68.15,68.25,4830.0
2021-03-22 12:15:00,NSE:SADBHAV,68.2,68.45,67.9,67.95,6670.0
2021-03-22 12:30:00,NSE:SADBHAV,68.0,68.15,67.55,67.95,11644.0
2021-03-22 12:45:00,NSE:SADBHAV,67.85,68.4,67.85,68.3,10529.0
2021-03-22 13:00:00,NSE:SADBHAV,68.35,68.65,68.2,68.2,9627.0
2021-03-22 13:15:00,NSE:SADBHAV,68.3,68.3,67.8,68.25,1289.0
2021-03-22 13:30:00,NSE:SADBHAV,68.1,68.3,68.0,68.05,2475.0
2021-03-22 13:45:00,NSE:SADBHAV,68.2,68.2,67.8,68.15,8393.0
2021-03-22 14:00:00,NSE:SADBHAV,68.2,68.25,68.1,68.25,1540.0
2021-03-22 14:15:00,NSE:SADBHAV,68.25,68.25,67.9,68.1,1327.0
2021-03-22 14:30:00,NSE:SADBHAV,68.05,68.4,68.0,68.4,19206.0
2021-03-22 14:45:00,NSE:SADBHAV,68.4,69.25,68.0,69.2,36732.0
2021-03-22 15:00:00,NSE:SADBHAV,69.3,69.35,68.1,68.25,66961.0
2021-03-22 15:15:00,NSE:SADBHAV,68.4,69.6,67.6,69.6,63603.0
2021-03-22 15:30:00,NSE:SADBHAV,68.5,68.5,68.5,68.5,2.0
2021-03-22 15:45:00,NSE:SADBHAV,68.5,68.5,68.5,68.5,172.0
2021-03-23 09:00:00,NSE:SADBHAV,69.4,69.4,69.4,69.4,2213.0
2021-03-23 09:15:00,NSE:SADBHAV,68.6,69.4,68.55,69.15,18227.0
2021-03-23 09:30:00,NSE:SADBHAV,69.1,69.1,68.6,69.0,20508.0
2021-03-23 09:45:00,NSE:SADBHAV,69.1,69.1,67.05,68.95,27260.0
2021-03-23 10:00:00,NSE:SADBHAV,68.8,70.0,67.55,69.4,98364.0
2021-03-23 10:15:00,NSE:SADBHAV,69.7,69.95,68.05,69.3,241448.0
2021-03-23 10:30:00,NSE:SADBHAV,69.2,69.4,68.9,69.0,31092.0
2021-03-23 10:45:00,NSE:SADBHAV,69.1,69.2,68.75,68.85,6364.0
2021-03-23 11:00:00,NSE:SADBHAV,69.0,69.2,68.65,68.85,6359.0
2021-03-23 11:15:00,NSE:SADBHAV,68.8,68.95,68.5,68.95,8268.0
2021-03-23 11:30:00,NSE:SADBHAV,68.95,69.2,68.4,68.55,11140.0
2021-03-23 11:45:00,NSE:SADBHAV,68.55,68.8,68.5,68.8,12422.0
2021-03-23 12:00:00,NSE:SADBHAV,68.8,69.4,68.25,69.1,86546.0
2021-03-23 12:15:00,NSE:SADBHAV,69.15,69.2,68.3,68.7,31078.0
2021-03-23 12:30:00,NSE:SADBHAV,68.55,68.65,68.25,68.25,6110.0
2021-03-23 12:45:00,NSE:SADBHAV,68.4,68.65,68.35,68.5,3536.0
2021-03-23 13:00:00,NSE:SADBHAV,68.5,68.65,68.5,68.6,448.0
2021-03-23 13:15:00,NSE:SADBHAV,68.5,68.65,68.4,68.55,2376.0
2021-03-23 13:30:00,NSE:SADBHAV,68.45,68.55,68.3,68.45,3342.0
2021-03-23 13:45:00,NSE:SADBHAV,68.45,68.5,68.25,68.5,1968.0
2021-03-23 14:00:00,NSE:SADBHAV,68.5,68.5,68.4,68.5,3662.0
2021-03-23 14:15:00,NSE:SADBHAV,68.35,68.9,68.35,68.55,14429.0
2021-03-23 14:30:00,NSE:SADBHAV,68.55,68.65,68.3,68.6,10698.0
2021-03-23 14:45:00,NSE:SADBHAV,68.6,68.65,68.2,68.2,9431.0
2021-03-23 15:00:00,NSE:SADBHAV,68.25,68.35,68.1,68.2,12244.0
2021-03-23 15:15:00,NSE:SADBHAV,68.25,68.35,67.55,68.0,42689.0
2021-03-23 15:30:00,NSE:SADBHAV,67.95,67.95,67.95,67.95,600.0
2021-03-23 15:45:00,NSE:SADBHAV,67.95,67.95,67.95,67.95,2.0
2021-03-24 09:00:00,NSE:SADBHAV,67.7,67.7,67.7,67.7,2525.0
2021-03-24 09:15:00,NSE:SADBHAV,67.1,67.25,66.6,66.75,40585.0
2021-03-24 09:30:00,NSE:SADBHAV,66.7,67.1,66.65,66.65,17851.0
2021-03-24 09:45:00,NSE:SADBHAV,66.7,66.7,65.6,65.8,60736.0
2021-03-24 10:00:00,NSE:SADBHAV,65.8,65.8,65.1,65.5,36007.0
2021-03-24 10:15:00,NSE:SADBHAV,65.65,65.8,65.25,65.35,17958.0
2021-03-24 10:30:00,NSE:SADBHAV,65.35,65.45,65.35,65.45,8872.0
2021-03-24 10:45:00,NSE:SADBHAV,65.4,65.5,65.2,65.35,15251.0
2021-03-24 11:00:00,NSE:SADBHAV,65.45,65.55,65.15,65.5,9205.0
2021-03-24 11:15:00,NSE:SADBHAV,65.4,65.5,65.35,65.35,4801.0
2021-03-24 11:30:00,NSE:SADBHAV,65.35,65.5,65.35,65.5,6125.0
2021-03-24 11:45:00,NSE:SADBHAV,65.5,66.15,65.4,65.7,30376.0
2021-03-24 12:00:00,NSE:SADBHAV,65.7,66.25,65.4,65.9,74040.0
2021-03-24 12:15:00,NSE:SADBHAV,65.9,65.9,65.65,65.8,4025.0
2021-03-24 12:30:00,NSE:SADBHAV,65.8,66.0,65.8,65.9,2547.0
2021-03-24 12:45:00,NSE:SADBHAV,65.9,66.05,65.6,66.05,18102.0
2021-03-24 13:00:00,NSE:SADBHAV,66.05,66.1,65.55,65.85,11506.0
2021-03-24 13:15:00,NSE:SADBHAV,65.8,66.15,65.8,66.0,2398.0
2021-03-24 13:30:00,NSE:SADBHAV,66.0,66.0,65.8,65.85,724.0
2021-03-24 13:45:00,NSE:SADBHAV,65.8,65.9,65.7,65.7,7327.0
2021-03-24 14:00:00,NSE:SADBHAV,65.8,65.9,65.6,65.7,5787.0
2021-03-24 14:15:00,NSE:SADBHAV,65.7,65.7,65.55,65.7,2476.0
2021-03-24 14:30:00,NSE:SADBHAV,65.7,65.7,65.0,65.05,36947.0
2021-03-24 14:45:00,NSE:SADBHAV,65.3,65.35,65.0,65.0,13015.0
2021-03-24 15:00:00,NSE:SADBHAV,65.0,65.2,64.45,64.7,32020.0
2021-03-24 15:15:00,NSE:SADBHAV,64.5,65.0,64.15,64.8,56258.0
2021-03-24 15:30:00,NSE:SADBHAV,64.6,64.6,64.6,64.6,60.0
2021-03-24 15:45:00,NSE:SADBHAV,64.6,64.8,64.6,64.8,126.0
2021-03-25 09:00:00,NSE:SADBHAV,64.6,64.6,64.6,64.6,473.0
2021-03-25 09:15:00,NSE:SADBHAV,64.6,64.85,62.3,62.45,63479.0
2021-03-25 09:30:00,NSE:SADBHAV,62.35,63.5,62.35,63.3,35112.0
2021-03-25 09:45:00,NSE:SADBHAV,63.25,63.25,62.2,62.55,28814.0
2021-03-25 10:00:00,NSE:SADBHAV,62.5,63.45,62.5,63.25,26597.0
2021-03-25 10:15:00,NSE:SADBHAV,63.25,63.25,62.6,62.8,12913.0
2021-03-25 10:30:00,NSE:SADBHAV,62.8,63.05,62.6,62.6,118313.0
2021-03-25 10:45:00,NSE:SADBHAV,62.5,62.95,62.2,62.4,44579.0
2021-03-25 11:00:00,NSE:SADBHAV,62.4,62.4,62.05,62.05,20385.0
2021-03-25 11:15:00,NSE:SADBHAV,62.3,62.4,62.1,62.3,16424.0
2021-03-25 11:30:00,NSE:SADBHAV,62.35,62.4,62.1,62.35,13840.0
2021-03-25 11:45:00,NSE:SADBHAV,62.4,62.4,61.65,61.65,26041.0
2021-03-25 12:00:00,NSE:SADBHAV,61.75,61.75,61.35,61.45,14862.0
2021-03-25 12:15:00,NSE:SADBHAV,61.45,61.9,61.4,61.65,7341.0
2021-03-25 12:30:00,NSE:SADBHAV,61.8,62.15,61.65,62.15,8394.0
2021-03-25 12:45:00,NSE:SADBHAV,62.25,62.5,61.75,62.0,10458.0
2021-03-25 13:00:00,NSE:SADBHAV,62.0,62.0,59.5,60.8,114523.0
2021-03-25 13:15:00,NSE:SADBHAV,60.9,61.05,59.95,60.9,58808.0
2021-03-25 13:30:00,NSE:SADBHAV,60.9,61.4,60.0,61.05,60599.0
2021-03-25 13:45:00,NSE:SADBHAV,61.05,61.75,60.7,61.35,47037.0
2021-03-25 14:00:00,NSE:SADBHAV,61.35,61.85,61.35,61.75,10939.0
2021-03-25 14:15:00,NSE:SADBHAV,61.75,61.9,61.45,61.65,7438.0
2021-03-25 14:30:00,NSE:SADBHAV,61.65,61.95,61.55,61.9,8810.0
2021-03-25 14:45:00,NSE:SADBHAV,61.9,62.45,61.75,62.1,22193.0
2021-03-25 15:00:00,NSE:SADBHAV,62.1,62.1,61.5,61.5,24260.0
2021-03-25 15:15:00,NSE:SADBHAV,61.4,62.0,60.75,61.75,42925.0
2021-03-25 15:30:00,NSE:SADBHAV,61.75,61.75,61.4,61.75,1000.0
2021-03-25 15:45:00,NSE:SADBHAV,61.4,61.75,61.4,61.75,45.0
2021-03-26 09:00:00,NSE:SADBHAV,62.0,62.0,62.0,62.0,4025.0
2021-03-26 09:15:00,NSE:SADBHAV,63.3,63.3,62.55,62.65,53245.0
2021-03-26 09:30:00,NSE:SADBHAV,62.65,63.55,62.65,63.2,20714.0
2021-03-26 09:45:00,NSE:SADBHAV,63.15,63.35,62.65,63.35,32605.0
2021-03-26 10:00:00,NSE:SADBHAV,63.3,63.4,62.85,63.15,26323.0
2021-03-26 10:15:00,NSE:SADBHAV,63.1,63.15,62.9,63.15,14407.0
2021-03-26 10:30:00,NSE:SADBHAV,63.0,63.15,62.95,62.95,7961.0
2021-03-26 10:45:00,NSE:SADBHAV,63.15,63.15,62.75,62.95,5797.0
2021-03-26 11:00:00,NSE:SADBHAV,63.0,63.25,60.8,62.55,62808.0
2021-03-26 11:15:00,NSE:SADBHAV,62.3,62.5,62.2,62.4,9660.0
2021-03-26 11:30:00,NSE:SADBHAV,62.4,62.55,62.25,62.5,5460.0
2021-03-26 11:45:00,NSE:SADBHAV,62.5,62.65,62.25,62.3,2824.0
2021-03-26 12:00:00,NSE:SADBHAV,62.55,62.65,62.3,62.45,6078.0
2021-03-26 12:15:00,NSE:SADBHAV,62.3,62.6,62.3,62.5,3408.0
2021-03-26 12:30:00,NSE:SADBHAV,62.5,62.6,62.4,62.55,4441.0
2021-03-26 12:45:00,NSE:SADBHAV,62.55,62.55,62.4,62.5,2868.0
2021-03-26 13:00:00,NSE:SADBHAV,62.55,62.65,62.4,62.4,8788.0
2021-03-26 13:15:00,NSE:SADBHAV,62.4,62.55,62.25,62.25,8909.0
2021-03-26 13:30:00,NSE:SADBHAV,62.2,62.4,62.2,62.4,3766.0
2021-03-26 13:45:00,NSE:SADBHAV,62.45,62.5,62.0,62.2,14133.0
2021-03-26 14:00:00,NSE:SADBHAV,62.3,62.5,61.6,62.3,23687.0
2021-03-26 14:15:00,NSE:SADBHAV,62.3,62.3,61.75,61.95,18265.0
2021-03-26 14:30:00,NSE:SADBHAV,62.0,62.3,61.65,61.65,6146.0
2021-03-26 14:45:00,NSE:SADBHAV,61.7,62.4,61.55,62.0,23952.0
2021-03-26 15:00:00,NSE:SADBHAV,62.0,62.25,61.7,62.25,17363.0
2021-03-26 15:15:00,NSE:SADBHAV,62.2,62.95,61.65,62.9,54733.0
2021-03-26 15:30:00,NSE:SADBHAV,62.1,62.1,62.1,62.1,300.0
2021-03-26 15:45:00,NSE:SADBHAV,62.1,62.1,62.1,62.1,151.0
2021-03-30 09:00:00,NSE:SADBHAV,62.25,62.25,62.25,62.25,3366.0
2021-03-30 09:15:00,NSE:SADBHAV,62.25,63.85,62.25,63.8,32991.0
2021-03-30 09:30:00,NSE:SADBHAV,63.6,64.0,63.35,63.7,22470.0
2021-03-30 09:45:00,NSE:SADBHAV,63.8,64.4,63.7,64.0,41798.0
2021-03-30 10:00:00,NSE:SADBHAV,64.15,64.15,63.4,63.5,12150.0
2021-03-30 10:15:00,NSE:SADBHAV,63.5,64.1,63.2,63.6,20945.0
2021-03-30 10:30:00,NSE:SADBHAV,64.0,64.35,63.6,63.8,10214.0
2021-03-30 10:45:00,NSE:SADBHAV,63.9,63.9,63.6,63.7,9828.0
2021-03-30 11:00:00,NSE:SADBHAV,63.7,63.8,63.5,63.75,8085.0
2021-03-30 11:15:00,NSE:SADBHAV,63.65,63.75,63.5,63.65,6244.0
2021-03-30 11:30:00,NSE:SADBHAV,63.8,63.8,63.5,63.65,3879.0
2021-03-30 11:45:00,NSE:SADBHAV,63.65,63.75,63.55,63.55,2704.0
2021-03-30 12:00:00,NSE:SADBHAV,63.65,63.65,63.5,63.6,6291.0
2021-03-30 12:15:00,NSE:SADBHAV,63.5,63.8,63.4,63.4,13422.0
2021-03-30 12:30:00,NSE:SADBHAV,63.4,63.65,63.35,63.4,5994.0
2021-03-30 12:45:00,NSE:SADBHAV,63.45,63.6,63.4,63.5,1332.0
2021-03-30 13:00:00,NSE:SADBHAV,63.55,63.55,63.0,63.1,8593.0
2021-03-30 13:15:00,NSE:SADBHAV,63.2,63.3,63.0,63.15,8303.0
2021-03-30 13:30:00,NSE:SADBHAV,62.9,63.0,62.7,62.9,14047.0
2021-03-30 13:45:00,NSE:SADBHAV,62.95,63.2,62.8,63.2,23379.0
2021-03-30 14:00:00,NSE:SADBHAV,63.2,63.2,62.85,63.1,2638.0
2021-03-30 14:15:00,NSE:SADBHAV,63.15,63.15,63.0,63.1,3898.0
2021-03-30 14:30:00,NSE:SADBHAV,63.25,63.35,63.1,63.1,15135.0
2021-03-30 14:45:00,NSE:SADBHAV,63.25,63.25,63.1,63.1,1337.0
2021-03-30 15:00:00,NSE:SADBHAV,63.2,63.2,62.75,62.8,10371.0
2021-03-30 15:15:00,NSE:SADBHAV,62.8,63.0,62.65,62.8,31160.0
2021-03-30 15:30:00,NSE:SADBHAV,62.85,62.85,62.85,62.85,35.0
2021-03-30 15:45:00,NSE:SADBHAV,62.85,62.85,62.8,62.8,325.0
2021-03-31 09:00:00,NSE:SADBHAV,63.7,63.7,63.7,63.7,115.0
2021-03-31 09:15:00,NSE:SADBHAV,63.05,64.2,62.7,63.0,67241.0
2021-03-31 09:30:00,NSE:SADBHAV,62.6,63.0,62.4,63.0,25744.0
2021-03-31 09:45:00,NSE:SADBHAV,63.0,63.45,62.7,63.45,25974.0
2021-03-31 10:00:00,NSE:SADBHAV,63.45,63.6,62.9,63.2,20743.0
2021-03-31 10:15:00,NSE:SADBHAV,63.4,63.95,62.85,63.4,65330.0
2021-03-31 10:30:00,NSE:SADBHAV,63.4,63.6,63.0,63.25,16899.0
2021-03-31 10:45:00,NSE:SADBHAV,63.25,63.25,62.75,63.0,5547.0
2021-03-31 11:00:00,NSE:SADBHAV,63.0,63.15,62.8,63.0,6460.0
2021-03-31 11:15:00,NSE:SADBHAV,63.0,63.3,62.85,62.95,200665.0
2021-03-31 11:30:00,NSE:SADBHAV,62.95,63.0,62.1,62.45,25495.0
2021-03-31 11:45:00,NSE:SADBHAV,62.45,62.45,62.05,62.25,7443.0
2021-03-31 12:00:00,NSE:SADBHAV,62.3,62.5,62.3,62.5,4586.0
2021-03-31 12:15:00,NSE:SADBHAV,62.45,63.25,62.15,62.35,82266.0
2021-03-31 12:30:00,NSE:SADBHAV,62.35,63.25,62.3,62.7,85032.0
2021-03-31 12:45:00,NSE:SADBHAV,62.8,63.0,62.8,62.85,8107.0
2021-03-31 13:00:00,NSE:SADBHAV,62.85,63.1,62.7,62.9,7507.0
2021-03-31 13:15:00,NSE:SADBHAV,62.8,62.9,62.2,62.55,15582.0
2021-03-31 13:30:00,NSE:SADBHAV,62.5,62.7,62.2,62.6,10714.0
2021-03-31 13:45:00,NSE:SADBHAV,62.65,62.65,62.5,62.65,4087.0
2021-03-31 14:00:00,NSE:SADBHAV,62.7,62.7,62.2,62.2,7263.0
2021-03-31 14:15:00,NSE:SADBHAV,62.2,62.7,62.2,62.65,24766.0
2021-03-31 14:30:00,NSE:SADBHAV,62.5,62.95,62.5,62.8,2916.0
2021-03-31 14:45:00,NSE:SADBHAV,62.75,62.75,62.5,62.65,3108.0
2021-03-31 15:00:00,NSE:SADBHAV,62.55,62.55,62.2,62.35,19003.0
2021-03-31 15:15:00,NSE:SADBHAV,62.95,62.95,62.05,62.35,34584.0
2021-03-31 15:45:00,NSE:SADBHAV,62.3,62.35,62.3,62.3,550.0
2021-04-01 09:00:00,NSE:SADBHAV,62.8,62.8,62.8,62.8,107.0
2021-04-01 09:15:00,NSE:SADBHAV,62.8,63.7,62.4,63.45,38256.0
2021-04-01 09:30:00,NSE:SADBHAV,63.35,63.5,63.15,63.5,16998.0
2021-04-01 09:45:00,NSE:SADBHAV,63.55,64.65,63.55,64.5,62539.0
2021-04-01 10:00:00,NSE:SADBHAV,64.5,65.4,64.5,65.15,45841.0
2021-04-01 10:15:00,NSE:SADBHAV,65.1,65.55,64.5,65.25,48490.0
2021-04-01 10:30:00,NSE:SADBHAV,65.05,65.25,64.65,65.0,12932.0
2021-04-01 10:45:00,NSE:SADBHAV,65.0,65.35,64.5,64.6,12137.0
2021-04-01 11:00:00,NSE:SADBHAV,64.6,64.8,64.3,64.5,6185.0
2021-04-01 11:15:00,NSE:SADBHAV,64.4,64.85,64.35,64.6,7178.0
2021-04-01 11:30:00,NSE:SADBHAV,64.6,64.75,64.2,64.25,8224.0
2021-04-01 11:45:00,NSE:SADBHAV,64.2,64.7,64.05,64.6,8784.0
2021-04-01 12:00:00,NSE:SADBHAV,64.6,64.6,64.3,64.5,1351.0
2021-04-01 12:15:00,NSE:SADBHAV,64.7,64.7,64.25,64.45,7963.0
2021-04-01 12:30:00,NSE:SADBHAV,64.6,64.8,64.5,64.75,5516.0
2021-04-01 12:45:00,NSE:SADBHAV,64.7,64.75,64.35,64.5,8056.0
2021-04-01 13:00:00,NSE:SADBHAV,64.6,64.8,64.6,64.7,2203.0
2021-04-01 13:15:00,NSE:SADBHAV,64.55,64.75,64.55,64.6,1132.0
2021-04-01 13:30:00,NSE:SADBHAV,64.75,65.1,64.55,65.1,13711.0
2021-04-01 13:45:00,NSE:SADBHAV,65.1,65.5,64.95,65.3,12223.0
2021-04-01 14:00:00,NSE:SADBHAV,65.15,65.3,64.95,65.3,12442.0
2021-04-01 14:15:00,NSE:SADBHAV,65.45,65.5,64.4,64.5,181273.0
2021-04-01 14:30:00,NSE:SADBHAV,64.5,64.5,63.65,63.8,305133.0
2021-04-01 14:45:00,NSE:SADBHAV,63.8,64.4,63.8,64.4,9157.0
2021-04-01 15:00:00,NSE:SADBHAV,64.4,64.75,64.0,64.5,224945.0
2021-04-01 15:15:00,NSE:SADBHAV,64.5,64.7,64.0,64.5,54848.0
2021-04-01 15:30:00,NSE:SADBHAV,64.3,64.5,64.3,64.3,560.0
2021-04-01 15:45:00,NSE:SADBHAV,64.3,64.3,64.3,64.3,207.0
2021-04-05 09:00:00,NSE:SADBHAV,63.8,63.8,63.8,63.8,1844.0
2021-04-05 09:15:00,NSE:SADBHAV,63.6,63.7,62.3,63.3,62212.0
2021-04-05 09:30:00,NSE:SADBHAV,63.35,63.5,62.85,63.0,29175.0
2021-04-05 09:45:00,NSE:SADBHAV,62.95,63.25,62.85,62.9,13076.0
2021-04-05 10:00:00,NSE:SADBHAV,62.85,62.9,62.5,62.55,11656.0
2021-04-05 10:15:00,NSE:SADBHAV,62.55,62.85,62.2,62.5,26504.0
2021-04-05 10:30:00,NSE:SADBHAV,62.6,62.65,62.3,62.3,18503.0
2021-04-05 10:45:00,NSE:SADBHAV,62.5,62.9,62.3,62.6,9342.0
2021-04-05 11:00:00,NSE:SADBHAV,62.6,62.6,62.4,62.4,6374.0
2021-04-05 11:15:00,NSE:SADBHAV,62.4,62.7,62.2,62.55,9047.0
2021-04-05 11:30:00,NSE:SADBHAV,62.7,62.75,62.45,62.75,9681.0
2021-04-05 11:45:00,NSE:SADBHAV,62.8,62.9,62.55,62.8,5858.0
2021-04-05 12:00:00,NSE:SADBHAV,62.7,62.8,62.55,62.7,1239.0
2021-04-05 12:15:00,NSE:SADBHAV,62.8,63.0,62.7,63.0,2442.0
2021-04-05 12:30:00,NSE:SADBHAV,62.9,63.1,62.8,62.9,6685.0
2021-04-05 12:45:00,NSE:SADBHAV,63.0,63.05,62.7,62.8,5144.0
2021-04-05 13:00:00,NSE:SADBHAV,62.8,62.9,62.7,62.9,1652.0
2021-04-05 13:15:00,NSE:SADBHAV,62.8,62.9,62.8,62.85,57.0
2021-04-05 13:30:00,NSE:SADBHAV,62.9,63.0,62.75,62.75,4454.0
2021-04-05 13:45:00,NSE:SADBHAV,62.75,63.3,62.75,63.15,5270.0
2021-04-05 14:00:00,NSE:SADBHAV,63.15,63.25,63.0,63.2,9772.0
2021-04-05 14:15:00,NSE:SADBHAV,63.2,63.45,63.1,63.4,3642.0
2021-04-05 14:30:00,NSE:SADBHAV,63.45,63.5,63.15,63.2,4651.0
2021-04-05 14:45:00,NSE:SADBHAV,63.35,63.55,63.2,63.25,10255.0
2021-04-05 15:00:00,NSE:SADBHAV,63.2,63.3,63.05,63.05,4310.0
2021-04-05 15:15:00,NSE:SADBHAV,63.2,63.2,62.9,62.9,32748.0
2021-04-05 15:30:00,NSE:SADBHAV,63.05,63.05,62.9,62.9,120.0
2021-04-05 15:45:00,NSE:SADBHAV,63.05,63.05,63.05,63.05,325.0
2021-04-06 09:00:00,NSE:SADBHAV,63.0,63.0,63.0,63.0,250.0
2021-04-06 09:15:00,NSE:SADBHAV,63.1,63.9,62.85,63.65,22735.0
2021-04-06 09:30:00,NSE:SADBHAV,63.8,64.2,63.6,63.8,14664.0
2021-04-06 09:45:00,NSE:SADBHAV,63.9,64.7,63.9,64.45,32633.0
2021-04-06 10:00:00,NSE:SADBHAV,64.45,64.5,64.1,64.25,24026.0
2021-04-06 10:15:00,NSE:SADBHAV,64.25,64.25,63.85,64.0,3611.0
2021-04-06 10:30:00,NSE:SADBHAV,63.9,64.0,63.8,63.85,2646.0
2021-04-06 10:45:00,NSE:SADBHAV,64.0,64.0,63.7,63.8,3646.0
2021-04-06 11:00:00,NSE:SADBHAV,63.8,63.95,63.4,63.95,12399.0
2021-04-06 11:15:00,NSE:SADBHAV,64.2,64.25,64.05,64.2,15630.0
2021-04-06 11:30:00,NSE:SADBHAV,64.2,64.2,64.1,64.2,3872.0
2021-04-06 11:45:00,NSE:SADBHAV,64.2,64.25,63.65,64.0,6258.0
2021-04-06 12:00:00,NSE:SADBHAV,63.75,64.3,63.75,64.05,9592.0
2021-04-06 12:15:00,NSE:SADBHAV,64.2,64.2,63.75,63.9,3855.0
2021-04-06 12:30:00,NSE:SADBHAV,63.75,63.95,63.45,63.5,8688.0
2021-04-06 12:45:00,NSE:SADBHAV,63.5,63.5,63.35,63.5,7530.0
2021-04-06 13:00:00,NSE:SADBHAV,63.5,63.85,63.4,63.85,2428.0
2021-04-06 13:15:00,NSE:SADBHAV,63.75,63.8,63.55,63.65,2260.0
2021-04-06 13:30:00,NSE:SADBHAV,63.65,63.75,63.5,63.5,1575.0
2021-04-06 13:45:00,NSE:SADBHAV,63.5,63.65,63.45,63.6,5153.0
2021-04-06 14:00:00,NSE:SADBHAV,63.6,63.65,63.45,63.65,1340.0
2021-04-06 14:15:00,NSE:SADBHAV,63.5,63.5,63.35,63.35,4245.0
2021-04-06 14:30:00,NSE:SADBHAV,63.45,63.45,62.7,63.0,21317.0
2021-04-06 14:45:00,NSE:SADBHAV,63.1,63.1,63.0,63.05,2568.0
2021-04-06 15:00:00,NSE:SADBHAV,63.0,63.2,62.35,62.5,34888.0
2021-04-06 15:15:00,NSE:SADBHAV,62.6,62.85,62.2,62.75,38588.0
2021-04-06 15:30:00,NSE:SADBHAV,62.5,62.5,62.5,62.5,100.0
2021-04-06 15:45:00,NSE:SADBHAV,62.5,62.75,62.5,62.5,75.0
2021-04-07 09:00:00,NSE:SADBHAV,62.6,62.6,62.6,62.6,503.0
2021-04-07 09:15:00,NSE:SADBHAV,62.5,63.6,62.5,63.4,28660.0
2021-04-07 09:30:00,NSE:SADBHAV,63.3,63.7,63.3,63.5,13546.0
2021-04-07 09:45:00,NSE:SADBHAV,63.5,63.6,63.4,63.5,5768.0
2021-04-07 10:00:00,NSE:SADBHAV,63.5,63.95,63.4,63.65,12792.0
2021-04-07 10:15:00,NSE:SADBHAV,63.55,64.0,63.55,63.85,10968.0
2021-04-07 10:30:00,NSE:SADBHAV,63.75,64.55,63.3,63.9,79955.0
2021-04-07 10:45:00,NSE:SADBHAV,63.95,63.95,63.2,63.5,15591.0
2021-04-07 11:00:00,NSE:SADBHAV,63.35,63.65,63.35,63.5,2651.0
2021-04-07 11:15:00,NSE:SADBHAV,63.65,63.65,63.45,63.45,5762.0
2021-04-07 11:30:00,NSE:SADBHAV,63.65,63.65,63.45,63.5,8625.0
2021-04-07 11:45:00,NSE:SADBHAV,63.5,63.6,63.5,63.6,4961.0
2021-04-07 12:00:00,NSE:SADBHAV,63.55,63.6,63.35,63.5,4590.0
2021-04-07 12:15:00,NSE:SADBHAV,63.5,63.6,63.4,63.4,4083.0
2021-04-07 12:30:00,NSE:SADBHAV,63.5,63.5,63.25,63.25,6857.0
2021-04-07 12:45:00,NSE:SADBHAV,63.4,63.5,63.3,63.4,5612.0
2021-04-07 13:00:00,NSE:SADBHAV,63.5,63.5,63.4,63.5,1778.0
2021-04-07 13:15:00,NSE:SADBHAV,63.45,63.5,63.1,63.1,8639.0
2021-04-07 13:30:00,NSE:SADBHAV,63.2,63.3,63.15,63.15,3133.0
2021-04-07 13:45:00,NSE:SADBHAV,63.15,63.3,63.15,63.25,473.0
2021-04-07 14:00:00,NSE:SADBHAV,63.2,63.35,63.2,63.35,2255.0
2021-04-07 14:15:00,NSE:SADBHAV,63.4,63.5,63.3,63.4,3492.0
2021-04-07 14:30:00,NSE:SADBHAV,63.4,63.45,63.25,63.4,1260.0
2021-04-07 14:45:00,NSE:SADBHAV,63.4,63.4,63.25,63.3,3208.0
2021-04-07 15:00:00,NSE:SADBHAV,63.3,63.4,63.2,63.3,4733.0
2021-04-07 15:15:00,NSE:SADBHAV,63.3,63.35,63.05,63.25,19645.0
2021-04-07 15:30:00,NSE:SADBHAV,63.35,63.35,63.35,63.35,201.0
2021-04-07 15:45:00,NSE:SADBHAV,63.2,63.2,63.2,63.2,80.0
2021-04-08 09:00:00,NSE:SADBHAV,63.5,63.5,63.5,63.5,69.0
2021-04-08 09:15:00,NSE:SADBHAV,63.55,64.6,63.55,64.6,32445.0
2021-04-08 09:30:00,NSE:SADBHAV,64.5,64.5,63.9,64.3,14994.0
2021-04-08 09:45:00,NSE:SADBHAV,64.3,64.55,64.25,64.45,8433.0
2021-04-08 10:00:00,NSE:SADBHAV,64.45,64.5,64.2,64.45,16625.0
2021-04-08 10:15:00,NSE:SADBHAV,64.45,64.9,64.25,64.65,25407.0
2021-04-08 10:30:00,NSE:SADBHAV,64.65,64.85,64.5,64.8,14274.0
2021-04-08 10:45:00,NSE:SADBHAV,64.75,64.8,64.45,64.65,4170.0
2021-04-08 11:00:00,NSE:SADBHAV,64.45,65.0,64.45,65.0,13931.0
2021-04-08 11:15:00,NSE:SADBHAV,65.0,65.15,64.8,64.95,9371.0
2021-04-08 11:30:00,NSE:SADBHAV,64.8,65.1,64.75,64.9,18241.0
2021-04-08 11:45:00,NSE:SADBHAV,64.9,64.9,64.7,64.75,8321.0
2021-04-08 12:00:00,NSE:SADBHAV,64.9,64.9,64.5,64.5,5409.0
2021-04-08 12:15:00,NSE:SADBHAV,64.6,64.8,64.55,64.6,3630.0
2021-04-08 12:30:00,NSE:SADBHAV,64.6,64.8,64.6,64.6,5857.0
2021-04-08 12:45:00,NSE:SADBHAV,64.65,64.9,64.6,64.65,8937.0
2021-04-08 13:00:00,NSE:SADBHAV,64.65,64.75,64.6,64.7,2398.0
2021-04-08 13:15:00,NSE:SADBHAV,64.7,64.75,64.55,64.55,1957.0
2021-04-08 13:30:00,NSE:SADBHAV,64.6,64.8,64.6,64.7,3216.0
2021-04-08 13:45:00,NSE:SADBHAV,64.7,64.8,64.0,64.35,25409.0
2021-04-08 14:00:00,NSE:SADBHAV,64.45,64.45,64.2,64.25,4443.0
2021-04-08 14:15:00,NSE:SADBHAV,64.3,64.4,64.05,64.1,6121.0
2021-04-08 14:30:00,NSE:SADBHAV,64.25,64.3,63.9,63.9,20138.0
2021-04-08 14:45:00,NSE:SADBHAV,64.0,64.15,63.9,64.15,5505.0
2021-04-08 15:00:00,NSE:SADBHAV,64.0,64.55,64.0,64.45,10655.0
2021-04-08 15:15:00,NSE:SADBHAV,64.35,64.45,64.0,64.05,36128.0
2021-04-08 15:30:00,NSE:SADBHAV,64.25,64.25,64.05,64.25,1019.0
2021-04-08 15:45:00,NSE:SADBHAV,64.25,64.25,64.25,64.25,40.0
2021-04-09 09:00:00,NSE:SADBHAV,64.2,64.2,64.2,64.2,634.0
2021-04-09 09:15:00,NSE:SADBHAV,64.0,64.1,63.55,63.95,7339.0
2021-04-09 09:30:00,NSE:SADBHAV,63.8,64.65,63.75,64.6,15745.0
2021-04-09 09:45:00,NSE:SADBHAV,64.5,64.55,64.2,64.5,5776.0
2021-04-09 10:00:00,NSE:SADBHAV,64.5,64.55,64.3,64.55,5158.0
2021-04-09 10:15:00,NSE:SADBHAV,64.5,64.55,64.25,64.5,2455.0
2021-04-09 10:30:00,NSE:SADBHAV,64.5,64.5,64.1,64.1,5453.0
2021-04-09 10:45:00,NSE:SADBHAV,64.25,64.25,63.65,64.0,11937.0
2021-04-09 11:00:00,NSE:SADBHAV,63.9,64.05,63.8,63.95,3006.0
2021-04-09 11:15:00,NSE:SADBHAV,63.85,64.0,63.75,63.85,1926.0
2021-04-09 11:30:00,NSE:SADBHAV,63.95,64.0,63.85,64.0,3841.0
2021-04-09 11:45:00,NSE:SADBHAV,64.0,64.15,64.0,64.05,3251.0
2021-04-09 12:00:00,NSE:SADBHAV,64.0,64.2,63.95,64.05,5735.0
2021-04-09 12:15:00,NSE:SADBHAV,64.05,64.1,63.95,64.1,1150.0
2021-04-09 12:30:00,NSE:SADBHAV,64.1,64.5,64.1,64.35,3799.0
2021-04-09 12:45:00,NSE:SADBHAV,64.4,64.45,64.1,64.1,2681.0
2021-04-09 13:00:00,NSE:SADBHAV,64.15,64.3,64.1,64.15,3115.0
2021-04-09 13:15:00,NSE:SADBHAV,64.25,64.3,64.05,64.3,2248.0
2021-04-09 13:30:00,NSE:SADBHAV,64.4,64.4,64.0,64.0,6601.0
2021-04-09 13:45:00,NSE:SADBHAV,64.0,64.15,64.0,64.05,2257.0
2021-04-09 14:00:00,NSE:SADBHAV,64.0,64.15,64.0,64.15,2680.0
2021-04-09 14:15:00,NSE:SADBHAV,64.15,64.3,64.05,64.15,8784.0
2021-04-09 14:30:00,NSE:SADBHAV,64.2,64.2,64.0,64.1,6391.0
2021-04-09 14:45:00,NSE:SADBHAV,64.1,64.2,63.9,64.1,6646.0
2021-04-09 15:00:00,NSE:SADBHAV,64.2,64.3,64.05,64.2,7460.0
2021-04-09 15:15:00,NSE:SADBHAV,64.05,64.5,64.0,64.25,28660.0
2021-04-09 15:30:00,NSE:SADBHAV,64.15,64.15,64.15,64.15,25.0
2021-04-12 09:00:00,NSE:SADBHAV,63.15,63.15,63.15,63.15,1144.0
2021-04-12 09:15:00,NSE:SADBHAV,63.45,63.5,61.5,61.8,119115.0
2021-04-12 09:30:00,NSE:SADBHAV,61.7,62.2,60.3,62.0,71849.0
2021-04-12 09:45:00,NSE:SADBHAV,62.2,62.35,61.5,62.1,16871.0
2021-04-12 10:00:00,NSE:SADBHAV,62.1,62.15,61.55,61.95,14399.0
2021-04-12 10:15:00,NSE:SADBHAV,61.95,62.0,61.35,61.4,18245.0
2021-04-12 10:30:00,NSE:SADBHAV,61.55,61.7,60.8,60.8,28715.0
2021-04-12 10:45:00,NSE:SADBHAV,60.8,61.0,60.55,61.0,12255.0
2021-04-12 11:00:00,NSE:SADBHAV,61.0,61.0,60.7,60.7,8894.0
2021-04-12 11:15:00,NSE:SADBHAV,60.7,61.0,60.7,60.9,7922.0
2021-04-12 11:30:00,NSE:SADBHAV,60.85,61.0,60.5,60.5,22040.0
2021-04-12 11:45:00,NSE:SADBHAV,60.65,60.8,60.3,60.3,18217.0
2021-04-12 12:00:00,NSE:SADBHAV,60.3,60.45,57.9,58.0,67001.0
2021-04-12 12:15:00,NSE:SADBHAV,57.95,59.5,57.7,59.25,35168.0
2021-04-12 12:30:00,NSE:SADBHAV,59.25,59.75,59.2,59.75,8926.0
2021-04-12 12:45:00,NSE:SADBHAV,59.75,59.9,59.5,59.8,11694.0
2021-04-12 13:00:00,NSE:SADBHAV,59.8,59.9,59.65,59.7,5215.0
2021-04-12 13:15:00,NSE:SADBHAV,59.6,59.8,59.5,59.8,6601.0
2021-04-12 13:30:00,NSE:SADBHAV,59.7,59.8,59.5,59.65,5522.0
2021-04-12 13:45:00,NSE:SADBHAV,59.5,59.65,58.5,59.1,39164.0
2021-04-12 14:00:00,NSE:SADBHAV,59.15,59.35,58.0,58.75,16717.0
2021-04-12 14:15:00,NSE:SADBHAV,58.65,59.1,58.6,58.85,7988.0
2021-04-12 14:30:00,NSE:SADBHAV,58.95,59.0,58.3,58.6,13471.0
2021-04-12 14:45:00,NSE:SADBHAV,58.7,58.7,58.4,58.65,16875.0
2021-04-12 15:00:00,NSE:SADBHAV,58.65,58.7,58.1,58.5,31793.0
2021-04-12 15:15:00,NSE:SADBHAV,58.45,58.5,57.0,57.7,86499.0
2021-04-12 15:30:00,NSE:SADBHAV,57.7,58.0,57.7,58.0,416.0
2021-04-12 15:45:00,NSE:SADBHAV,58.0,58.0,57.7,57.7,81.0
2021-04-13 09:00:00,NSE:SADBHAV,59.0,59.0,59.0,59.0,1625.0
2021-04-13 09:15:00,NSE:SADBHAV,59.05,59.9,58.75,59.45,39105.0
2021-04-13 09:30:00,NSE:SADBHAV,59.25,59.9,59.25,59.7,34947.0
2021-04-13 09:45:00,NSE:SADBHAV,59.7,60.8,59.65,60.8,11191.0
2021-04-13 10:00:00,NSE:SADBHAV,60.6,61.35,60.5,61.35,21509.0
2021-04-13 10:15:00,NSE:SADBHAV,61.45,62.0,60.7,60.9,32542.0
2021-04-13 10:30:00,NSE:SADBHAV,60.8,61.0,60.0,60.7,15567.0
2021-04-13 10:45:00,NSE:SADBHAV,60.6,60.6,59.8,60.0,8354.0
2021-04-13 11:00:00,NSE:SADBHAV,60.0,60.3,60.0,60.15,4254.0
2021-04-13 11:15:00,NSE:SADBHAV,60.1,60.2,59.8,59.8,3962.0
2021-04-13 11:30:00,NSE:SADBHAV,59.8,59.95,59.3,59.45,7730.0
2021-04-13 11:45:00,NSE:SADBHAV,59.55,60.4,59.5,60.4,11242.0
2021-04-13 12:00:00,NSE:SADBHAV,60.15,60.35,59.95,59.95,2673.0
2021-04-13 12:15:00,NSE:SADBHAV,60.05,60.55,60.0,60.5,11315.0
2021-04-13 12:30:00,NSE:SADBHAV,60.5,61.1,60.5,61.1,9120.0
2021-04-13 12:45:00,NSE:SADBHAV,61.1,61.3,60.6,61.0,8603.0
2021-04-13 13:00:00,NSE:SADBHAV,60.9,61.0,60.55,60.8,3078.0
2021-04-13 13:15:00,NSE:SADBHAV,60.75,60.9,60.6,60.75,1522.0
2021-04-13 13:30:00,NSE:SADBHAV,60.6,60.95,60.6,60.65,2257.0
2021-04-13 13:45:00,NSE:SADBHAV,60.65,61.1,60.65,61.05,3882.0
2021-04-13 14:00:00,NSE:SADBHAV,61.05,61.55,61.05,61.35,12552.0
2021-04-13 14:15:00,NSE:SADBHAV,61.55,61.8,61.25,61.55,16515.0
2021-04-13 14:30:00,NSE:SADBHAV,61.55,62.2,61.5,61.9,27824.0
2021-04-13 14:45:00,NSE:SADBHAV,61.9,62.1,61.85,61.9,13130.0
2021-04-13 15:00:00,NSE:SADBHAV,61.85,62.25,61.85,61.9,16130.0
2021-04-13 15:15:00,NSE:SADBHAV,62.1,62.4,61.2,61.5,37269.0
2021-04-13 15:30:00,NSE:SADBHAV,61.95,61.95,61.95,61.95,100.0
2021-04-15 09:00:00,NSE:SADBHAV,61.95,61.95,61.95,61.95,1023.0
2021-04-15 09:15:00,NSE:SADBHAV,61.5,63.3,60.4,62.85,59345.0
2021-04-15 09:30:00,NSE:SADBHAV,62.8,62.95,62.55,62.7,42810.0
2021-04-15 09:45:00,NSE:SADBHAV,62.55,62.7,62.0,62.25,18671.0
2021-04-15 10:00:00,NSE:SADBHAV,62.3,62.65,62.15,62.2,7569.0
2021-04-15 10:15:00,NSE:SADBHAV,62.25,62.35,62.0,62.0,5164.0
2021-04-15 10:30:00,NSE:SADBHAV,62.1,62.5,62.0,62.45,12312.0
2021-04-15 10:45:00,NSE:SADBHAV,62.4,62.8,62.2,62.6,17595.0
2021-04-15 11:00:00,NSE:SADBHAV,62.6,62.7,62.0,62.1,12876.0
2021-04-15 11:15:00,NSE:SADBHAV,62.05,62.25,62.0,62.0,12818.0
2021-04-15 11:30:00,NSE:SADBHAV,62.0,62.25,62.0,62.15,4480.0
2021-04-15 11:45:00,NSE:SADBHAV,62.1,62.65,62.1,62.6,4389.0
2021-04-15 12:00:00,NSE:SADBHAV,62.6,62.85,62.2,62.45,12273.0
2021-04-15 12:15:00,NSE:SADBHAV,62.5,63.4,62.5,63.35,27505.0
2021-04-15 12:30:00,NSE:SADBHAV,63.35,63.6,63.35,63.45,16974.0
2021-04-15 12:45:00,NSE:SADBHAV,63.35,64.0,63.35,63.5,16606.0
2021-04-15 13:00:00,NSE:SADBHAV,63.55,63.85,63.4,63.45,13354.0
2021-04-15 13:15:00,NSE:SADBHAV,63.45,63.75,63.4,63.7,3934.0
2021-04-15 13:30:00,NSE:SADBHAV,63.55,64.1,63.55,64.05,13322.0
2021-04-15 13:45:00,NSE:SADBHAV,64.05,64.25,63.9,63.95,7620.0
2021-04-15 14:00:00,NSE:SADBHAV,64.05,64.2,63.7,63.9,7736.0
2021-04-15 14:15:00,NSE:SADBHAV,63.9,63.9,63.7,63.7,5071.0
2021-04-15 14:30:00,NSE:SADBHAV,63.7,64.0,63.7,64.0,9664.0
2021-04-15 14:45:00,NSE:SADBHAV,63.8,64.0,63.75,63.8,4202.0
2021-04-15 15:00:00,NSE:SADBHAV,63.75,64.0,63.7,63.7,197692.0
2021-04-15 15:15:00,NSE:SADBHAV,63.7,64.5,63.7,64.5,76342.0
2021-04-15 15:30:00,NSE:SADBHAV,64.5,64.6,64.5,64.5,250.0
2021-04-15 15:45:00,NSE:SADBHAV,63.9,64.5,63.9,64.5,60.0
2021-04-16 09:00:00,NSE:SADBHAV,65.9,65.9,65.9,65.9,3202.0
2021-04-16 09:15:00,NSE:SADBHAV,65.05,65.75,63.5,64.35,38699.0
2021-04-16 09:30:00,NSE:SADBHAV,64.5,66.0,64.2,65.75,67944.0
2021-04-16 09:45:00,NSE:SADBHAV,65.5,67.3,65.5,66.6,90282.0
2021-04-16 10:00:00,NSE:SADBHAV,66.9,66.9,65.6,66.2,23377.0
2021-04-16 10:15:00,NSE:SADBHAV,66.05,66.2,65.6,65.6,16044.0
2021-04-16 10:30:00,NSE:SADBHAV,65.5,66.05,65.3,65.4,20581.0
2021-04-16 10:45:00,NSE:SADBHAV,65.35,65.4,65.1,65.35,13525.0
2021-04-16 11:00:00,NSE:SADBHAV,65.3,65.35,64.6,64.8,18386.0
2021-04-16 11:15:00,NSE:SADBHAV,64.95,64.95,64.65,64.65,3943.0
2021-04-16 11:30:00,NSE:SADBHAV,64.65,64.85,64.65,64.75,1896.0
2021-04-16 11:45:00,NSE:SADBHAV,64.7,64.8,64.5,64.75,3973.0
2021-04-16 12:00:00,NSE:SADBHAV,64.6,64.8,64.4,64.6,5561.0
2021-04-16 12:15:00,NSE:SADBHAV,64.45,64.6,64.45,64.5,1901.0
2021-04-16 12:30:00,NSE:SADBHAV,64.5,64.5,64.4,64.5,5397.0
2021-04-16 12:45:00,NSE:SADBHAV,64.5,64.5,64.35,64.35,14552.0
2021-04-16 13:00:00,NSE:SADBHAV,64.4,64.5,63.8,63.85,40997.0
2021-04-16 13:15:00,NSE:SADBHAV,64.1,64.25,63.95,64.1,17533.0
2021-04-16 13:30:00,NSE:SADBHAV,64.2,64.4,64.1,64.1,8822.0
2021-04-16 13:45:00,NSE:SADBHAV,64.05,64.25,63.95,64.2,3758.0
2021-04-16 14:00:00,NSE:SADBHAV,64.1,64.15,63.95,63.95,4950.0
2021-04-16 14:15:00,NSE:SADBHAV,64.0,64.0,63.8,63.9,8561.0
2021-04-16 14:30:00,NSE:SADBHAV,63.9,63.9,63.7,63.8,11673.0
2021-04-16 14:45:00,NSE:SADBHAV,63.8,64.1,63.75,63.8,9310.0
2021-04-16 15:00:00,NSE:SADBHAV,63.8,64.2,63.75,63.75,13212.0
2021-04-16 15:15:00,NSE:SADBHAV,63.8,63.95,63.2,63.7,21471.0
2021-04-16 15:30:00,NSE:SADBHAV,63.75,63.75,63.75,63.75,50.0
2021-04-19 09:00:00,NSE:SADBHAV,60.65,60.65,60.65,60.65,2995.0
2021-04-19 09:15:00,NSE:SADBHAV,60.6,60.95,56.05,60.4,120913.0
2021-04-19 09:30:00,NSE:SADBHAV,60.4,60.8,60.15,60.7,27185.0
2021-04-19 09:45:00,NSE:SADBHAV,60.7,61.0,60.5,60.65,33553.0
2021-04-19 10:00:00,NSE:SADBHAV,60.9,61.55,60.7,61.35,15574.0
2021-04-19 10:15:00,NSE:SADBHAV,61.35,61.4,61.05,61.25,4393.0
2021-04-19 10:30:00,NSE:SADBHAV,61.1,61.55,61.1,61.4,6363.0
2021-04-19 10:45:00,NSE:SADBHAV,61.5,62.0,61.2,61.2,21782.0
2021-04-19 11:00:00,NSE:SADBHAV,61.1,61.35,60.8,61.35,14315.0
2021-04-19 11:15:00,NSE:SADBHAV,61.35,61.35,60.8,61.0,20400.0
2021-04-19 11:30:00,NSE:SADBHAV,61.0,61.25,60.95,61.05,5262.0
2021-04-19 11:45:00,NSE:SADBHAV,61.0,61.35,61.0,61.2,8178.0
2021-04-19 12:00:00,NSE:SADBHAV,61.3,61.3,60.8,60.8,6553.0
2021-04-19 12:15:00,NSE:SADBHAV,60.95,60.95,60.5,60.65,6197.0
2021-04-19 12:30:00,NSE:SADBHAV,60.75,60.85,60.55,60.7,5240.0
2021-04-19 12:45:00,NSE:SADBHAV,60.6,61.1,60.6,61.1,5852.0
2021-04-19 13:00:00,NSE:SADBHAV,61.15,61.2,60.8,60.85,7703.0
2021-04-19 13:15:00,NSE:SADBHAV,60.85,61.2,60.8,61.05,4296.0
2021-04-19 13:30:00,NSE:SADBHAV,61.0,61.15,60.9,61.0,3099.0
2021-04-19 13:45:00,NSE:SADBHAV,61.0,61.05,60.7,61.05,4295.0
2021-04-19 14:00:00,NSE:SADBHAV,61.1,61.1,60.75,60.9,2800.0
2021-04-19 14:15:00,NSE:SADBHAV,60.9,61.05,60.5,60.7,11209.0
2021-04-19 14:30:00,NSE:SADBHAV,60.8,61.0,60.7,60.7,3023.0
2021-04-19 14:45:00,NSE:SADBHAV,60.8,60.8,60.55,60.7,5928.0
2021-04-19 15:00:00,NSE:SADBHAV,60.6,60.75,60.0,60.2,30813.0
2021-04-19 15:15:00,NSE:SADBHAV,60.2,60.45,60.0,60.0,21943.0
2021-04-19 15:30:00,NSE:SADBHAV,60.3,60.3,60.3,60.3,1119.0
2021-04-20 09:00:00,NSE:SADBHAV,61.85,61.85,61.85,61.85,315.0
2021-04-20 09:15:00,NSE:SADBHAV,61.85,62.5,60.2,62.35,38038.0
2021-04-20 09:30:00,NSE:SADBHAV,62.15,62.2,61.5,61.5,17368.0
2021-04-20 09:45:00,NSE:SADBHAV,61.5,62.55,61.5,62.0,46175.0
2021-04-20 10:00:00,NSE:SADBHAV,61.95,62.2,61.45,61.45,12934.0
2021-04-20 10:15:00,NSE:SADBHAV,61.55,61.65,61.3,61.4,4757.0
2021-04-20 10:30:00,NSE:SADBHAV,61.4,61.95,61.3,61.7,5480.0
2021-04-20 10:45:00,NSE:SADBHAV,61.9,62.0,61.7,61.75,4876.0
2021-04-20 11:00:00,NSE:SADBHAV,61.9,62.1,61.7,62.0,9497.0
2021-04-20 11:15:00,NSE:SADBHAV,61.8,62.05,61.6,61.6,7305.0
2021-04-20 11:30:00,NSE:SADBHAV,61.6,61.8,61.45,61.75,5256.0
2021-04-20 11:45:00,NSE:SADBHAV,61.65,61.75,61.65,61.75,2024.0
2021-04-20 12:00:00,NSE:SADBHAV,61.6,61.7,61.5,61.7,2867.0
2021-04-20 12:15:00,NSE:SADBHAV,61.65,61.8,61.4,61.5,4162.0
2021-04-20 12:30:00,NSE:SADBHAV,61.55,61.65,61.0,61.0,8613.0
2021-04-20 12:45:00,NSE:SADBHAV,61.2,61.35,61.0,61.35,4445.0
2021-04-20 13:00:00,NSE:SADBHAV,61.35,61.35,61.05,61.2,7091.0
2021-04-20 13:15:00,NSE:SADBHAV,61.2,61.3,61.2,61.2,1227.0
2021-04-20 13:30:00,NSE:SADBHAV,61.25,61.3,61.1,61.1,2614.0
2021-04-20 13:45:00,NSE:SADBHAV,61.05,61.25,61.05,61.15,1382.0
2021-04-20 14:00:00,NSE:SADBHAV,61.15,61.3,61.1,61.25,1646.0
2021-04-20 14:15:00,NSE:SADBHAV,61.25,61.3,60.75,60.9,17576.0
2021-04-20 14:30:00,NSE:SADBHAV,60.9,60.9,60.15,60.65,14018.0
2021-04-20 14:45:00,NSE:SADBHAV,60.7,60.7,59.4,59.7,18052.0
2021-04-20 15:00:00,NSE:SADBHAV,59.8,60.6,59.5,60.5,17127.0
2021-04-20 15:15:00,NSE:SADBHAV,60.45,60.9,59.0,60.5,37322.0
2021-04-20 15:30:00,NSE:SADBHAV,60.2,60.2,60.2,60.2,50.0
2021-04-22 09:00:00,NSE:SADBHAV,59.2,59.2,59.2,59.2,698.0
2021-04-22 09:15:00,NSE:SADBHAV,59.95,61.2,59.7,60.85,32576.0
2021-04-22 09:30:00,NSE:SADBHAV,61.0,61.05,60.4,60.65,12341.0
2021-04-22 09:45:00,NSE:SADBHAV,60.9,61.05,60.65,60.8,13256.0
2021-04-22 10:00:00,NSE:SADBHAV,60.8,60.9,60.5,60.5,6089.0
2021-04-22 10:15:00,NSE:SADBHAV,60.8,60.8,60.5,60.8,5205.0
2021-04-22 10:30:00,NSE:SADBHAV,60.8,60.95,60.5,60.85,6488.0
2021-04-22 10:45:00,NSE:SADBHAV,60.75,60.85,60.55,60.6,5362.0
2021-04-22 11:00:00,NSE:SADBHAV,60.6,60.75,60.3,60.75,9484.0
2021-04-22 11:15:00,NSE:SADBHAV,60.45,60.6,60.2,60.4,15498.0
2021-04-22 11:30:00,NSE:SADBHAV,60.4,60.5,59.9,60.35,11555.0
2021-04-22 11:45:00,NSE:SADBHAV,60.5,60.75,60.45,60.55,11688.0
2021-04-22 12:00:00,NSE:SADBHAV,60.65,60.8,60.65,60.75,1181.0
2021-04-22 12:15:00,NSE:SADBHAV,60.75,60.95,60.7,60.7,2013.0
2021-04-22 12:30:00,NSE:SADBHAV,60.7,60.75,60.3,60.7,3392.0
2021-04-22 12:45:00,NSE:SADBHAV,60.7,60.75,60.55,60.65,1546.0
2021-04-22 13:00:00,NSE:SADBHAV,60.65,60.9,60.55,60.8,4192.0
2021-04-22 13:15:00,NSE:SADBHAV,60.9,60.9,60.55,60.6,8175.0
2021-04-22 13:30:00,NSE:SADBHAV,60.7,60.7,60.35,60.7,4344.0
2021-04-22 13:45:00,NSE:SADBHAV,60.85,60.9,60.4,60.55,9045.0
2021-04-22 14:00:00,NSE:SADBHAV,60.65,60.65,60.4,60.4,700.0
2021-04-22 14:15:00,NSE:SADBHAV,60.55,60.75,60.55,60.6,1563.0
2021-04-22 14:30:00,NSE:SADBHAV,60.6,60.8,60.5,60.6,6665.0
2021-04-22 14:45:00,NSE:SADBHAV,60.8,60.8,60.55,60.7,6224.0
2021-04-22 15:00:00,NSE:SADBHAV,60.7,60.7,60.55,60.7,3041.0
2021-04-22 15:15:00,NSE:SADBHAV,60.4,60.7,60.0,60.35,23771.0
2021-04-22 15:30:00,NSE:SADBHAV,60.4,60.4,60.35,60.35,888.0
2021-04-23 09:00:00,NSE:SADBHAV,60.4,60.4,60.4,60.4,225.0
2021-04-23 09:15:00,NSE:SADBHAV,60.4,61.1,60.4,60.9,12955.0
2021-04-23 09:30:00,NSE:SADBHAV,60.7,61.0,60.4,60.95,14063.0
2021-04-23 09:45:00,NSE:SADBHAV,61.0,61.0,60.4,60.65,7725.0
2021-04-23 10:00:00,NSE:SADBHAV,60.5,60.9,60.5,60.85,5648.0
2021-04-23 10:15:00,NSE:SADBHAV,61.0,61.7,61.0,61.5,14701.0
2021-04-23 10:30:00,NSE:SADBHAV,61.45,61.6,61.35,61.35,3892.0
2021-04-23 10:45:00,NSE:SADBHAV,61.35,61.35,61.0,61.25,5728.0
2021-04-23 11:00:00,NSE:SADBHAV,61.15,61.25,61.1,61.1,2166.0
2021-04-23 11:15:00,NSE:SADBHAV,61.3,61.8,61.3,61.65,10887.0
2021-04-23 11:30:00,NSE:SADBHAV,61.65,61.65,61.4,61.4,4330.0
2021-04-23 11:45:00,NSE:SADBHAV,61.3,61.5,61.3,61.4,6537.0
2021-04-23 12:00:00,NSE:SADBHAV,61.4,61.45,61.15,61.35,5588.0
2021-04-23 12:15:00,NSE:SADBHAV,61.15,61.2,60.7,61.2,19148.0
2021-04-23 12:30:00,NSE:SADBHAV,61.05,61.15,60.95,61.05,2008.0
2021-04-23 12:45:00,NSE:SADBHAV,61.15,61.15,60.85,60.85,3602.0
2021-04-23 13:00:00,NSE:SADBHAV,60.85,60.95,60.85,60.85,1338.0
2021-04-23 13:15:00,NSE:SADBHAV,60.85,60.95,60.85,60.85,1851.0
2021-04-23 13:30:00,NSE:SADBHAV,60.85,60.95,60.6,60.95,19153.0
2021-04-23 13:45:00,NSE:SADBHAV,60.8,60.95,60.8,60.9,799.0
2021-04-23 14:00:00,NSE:SADBHAV,60.9,60.9,60.6,60.7,3978.0
2021-04-23 14:15:00,NSE:SADBHAV,60.55,60.7,60.4,60.5,7135.0
2021-04-23 14:30:00,NSE:SADBHAV,60.55,60.95,60.4,60.65,12144.0
2021-04-23 14:45:00,NSE:SADBHAV,60.6,60.95,60.6,60.75,5637.0
2021-04-23 15:00:00,NSE:SADBHAV,60.8,60.85,60.65,60.75,6598.0
2021-04-23 15:15:00,NSE:SADBHAV,60.75,60.75,60.0,60.35,37442.0
2021-04-23 15:30:00,NSE:SADBHAV,60.45,60.45,60.45,60.45,200.0
2021-04-23 15:45:00,NSE:SADBHAV,60.45,60.45,60.45,60.45,591.0
2021-04-26 09:00:00,NSE:SADBHAV,62.0,62.0,62.0,62.0,3022.0
2021-04-26 09:15:00,NSE:SADBHAV,62.0,62.05,61.15,61.6,22885.0
2021-04-26 09:30:00,NSE:SADBHAV,61.55,61.75,61.35,61.5,8988.0
2021-04-26 09:45:00,NSE:SADBHAV,61.5,61.6,61.4,61.45,4892.0
2021-04-26 10:00:00,NSE:SADBHAV,61.6,62.0,61.55,61.65,27361.0
2021-04-26 10:15:00,NSE:SADBHAV,61.75,61.8,61.4,61.4,6403.0
2021-04-26 10:30:00,NSE:SADBHAV,61.55,61.7,61.4,61.45,9325.0
2021-04-26 10:45:00,NSE:SADBHAV,61.6,61.6,61.4,61.45,2895.0
2021-04-26 11:00:00,NSE:SADBHAV,61.4,61.8,61.3,61.6,30085.0
2021-04-26 11:15:00,NSE:SADBHAV,61.45,61.6,61.4,61.4,722.0
2021-04-26 11:30:00,NSE:SADBHAV,61.6,61.6,61.0,61.45,10728.0
2021-04-26 11:45:00,NSE:SADBHAV,61.45,61.45,61.3,61.45,2072.0
2021-04-26 12:00:00,NSE:SADBHAV,61.45,61.55,61.3,61.45,3443.0
2021-04-26 12:15:00,NSE:SADBHAV,61.5,61.5,61.3,61.45,740.0
2021-04-26 12:30:00,NSE:SADBHAV,61.5,61.5,61.4,61.45,1020.0
2021-04-26 12:45:00,NSE:SADBHAV,61.45,61.45,61.3,61.3,4509.0
2021-04-26 13:00:00,NSE:SADBHAV,61.3,61.4,61.3,61.4,2450.0
2021-04-26 13:15:00,NSE:SADBHAV,61.4,61.5,61.3,61.5,3775.0
2021-04-26 13:30:00,NSE:SADBHAV,61.5,61.5,61.35,61.45,3878.0
2021-04-26 13:45:00,NSE:SADBHAV,61.25,61.4,61.2,61.2,4318.0
2021-04-26 14:00:00,NSE:SADBHAV,61.1,61.25,61.1,61.25,4570.0
2021-04-26 14:15:00,NSE:SADBHAV,61.15,61.25,60.8,60.85,9454.0
2021-04-26 14:30:00,NSE:SADBHAV,60.8,61.1,60.8,60.95,4719.0
2021-04-26 14:45:00,NSE:SADBHAV,60.8,60.95,60.7,60.75,4242.0
2021-04-26 15:00:00,NSE:SADBHAV,60.75,60.75,60.3,60.55,15875.0
2021-04-26 15:15:00,NSE:SADBHAV,60.55,61.0,60.3,60.6,22944.0
2021-04-26 15:45:00,NSE:SADBHAV,60.55,60.6,60.55,60.6,520.0
2021-04-27 09:00:00,NSE:SADBHAV,60.6,60.6,60.6,60.6,311.0
2021-04-27 09:15:00,NSE:SADBHAV,60.65,61.1,60.55,61.0,8744.0
2021-04-27 09:30:00,NSE:SADBHAV,60.9,61.0,60.8,60.95,6188.0
2021-04-27 09:45:00,NSE:SADBHAV,60.95,61.0,60.5,60.8,14450.0
2021-04-27 10:00:00,NSE:SADBHAV,60.85,63.75,60.85,63.7,111343.0
2021-04-27 10:15:00,NSE:SADBHAV,63.7,64.4,63.5,63.7,72880.0
2021-04-27 10:30:00,NSE:SADBHAV,63.5,64.8,63.3,64.1,68954.0
2021-04-27 10:45:00,NSE:SADBHAV,64.15,64.35,63.9,64.35,17799.0
2021-04-27 11:00:00,NSE:SADBHAV,64.5,64.5,63.95,63.95,15016.0
2021-04-27 11:15:00,NSE:SADBHAV,63.95,64.15,63.85,64.0,15059.0
2021-04-27 11:30:00,NSE:SADBHAV,64.0,64.15,63.85,63.85,6175.0
2021-04-27 11:45:00,NSE:SADBHAV,63.85,63.85,63.4,63.65,9487.0
2021-04-27 12:00:00,NSE:SADBHAV,63.65,63.7,63.4,63.4,3181.0
2021-04-27 12:15:00,NSE:SADBHAV,63.6,63.6,63.35,63.55,3293.0
2021-04-27 12:30:00,NSE:SADBHAV,63.5,63.65,63.45,63.6,6491.0
2021-04-27 12:45:00,NSE:SADBHAV,63.6,64.2,63.55,63.8,23625.0
2021-04-27 13:00:00,NSE:SADBHAV,63.9,63.9,63.6,63.75,2261.0
2021-04-27 13:15:00,NSE:SADBHAV,63.6,63.75,63.6,63.7,2284.0
2021-04-27 13:30:00,NSE:SADBHAV,63.6,63.7,63.5,63.7,4192.0
2021-04-27 13:45:00,NSE:SADBHAV,63.65,63.75,63.5,63.55,2202.0
2021-04-27 14:00:00,NSE:SADBHAV,63.55,63.7,63.3,63.55,6748.0
2021-04-27 14:15:00,NSE:SADBHAV,63.6,63.65,63.5,63.5,4042.0
2021-04-27 14:30:00,NSE:SADBHAV,63.5,63.7,63.35,63.35,9320.0
2021-04-27 14:45:00,NSE:SADBHAV,63.4,63.5,63.1,63.35,11755.0
2021-04-27 15:00:00,NSE:SADBHAV,63.4,64.25,63.35,64.2,29107.0
2021-04-27 15:15:00,NSE:SADBHAV,64.25,64.25,63.8,64.0,27554.0
2021-04-27 15:45:00,NSE:SADBHAV,63.85,63.85,63.85,63.85,500.0
2021-04-28 09:00:00,NSE:SADBHAV,64.7,64.7,64.7,64.7,119.0
2021-04-28 09:15:00,NSE:SADBHAV,63.5,65.7,63.5,65.4,75504.0
2021-04-28 09:30:00,NSE:SADBHAV,64.9,65.2,64.65,64.8,25142.0
2021-04-28 09:45:00,NSE:SADBHAV,64.8,65.0,64.6,64.85,15329.0
2021-04-28 10:00:00,NSE:SADBHAV,64.75,65.0,64.4,64.8,22351.0
2021-04-28 10:15:00,NSE:SADBHAV,64.95,65.0,64.75,64.75,4825.0
2021-04-28 10:30:00,NSE:SADBHAV,64.75,64.9,64.2,64.3,12441.0
2021-04-28 10:45:00,NSE:SADBHAV,64.25,64.5,64.1,64.1,10329.0
2021-04-28 11:00:00,NSE:SADBHAV,64.15,64.2,63.8,63.9,25920.0
2021-04-28 11:15:00,NSE:SADBHAV,63.85,64.0,63.7,63.8,3916.0
2021-04-28 11:30:00,NSE:SADBHAV,63.95,64.2,63.95,64.2,8216.0
2021-04-28 11:45:00,NSE:SADBHAV,64.2,64.2,64.0,64.0,2939.0
2021-04-28 12:00:00,NSE:SADBHAV,64.0,64.15,64.0,64.1,1999.0
2021-04-28 12:15:00,NSE:SADBHAV,64.1,64.2,64.0,64.0,3449.0
2021-04-28 12:30:00,NSE:SADBHAV,64.0,64.2,64.0,64.1,4761.0
2021-04-28 12:45:00,NSE:SADBHAV,64.05,64.2,64.0,64.2,4726.0
2021-04-28 13:00:00,NSE:SADBHAV,64.2,64.2,64.0,64.0,2218.0
2021-04-28 13:15:00,NSE:SADBHAV,64.1,64.15,63.9,64.1,2405.0
2021-04-28 13:30:00,NSE:SADBHAV,64.1,64.1,63.6,63.75,6255.0
2021-04-28 13:45:00,NSE:SADBHAV,63.8,64.2,63.75,64.15,7780.0
2021-04-28 14:00:00,NSE:SADBHAV,64.1,64.1,63.9,64.1,3883.0
2021-04-28 14:15:00,NSE:SADBHAV,64.0,64.1,63.85,63.9,7048.0
2021-04-28 14:30:00,NSE:SADBHAV,63.85,64.0,63.75,63.95,8735.0
2021-04-28 14:45:00,NSE:SADBHAV,63.95,64.0,63.8,63.8,10771.0
2021-04-28 15:00:00,NSE:SADBHAV,63.95,64.0,63.85,64.0,11343.0
2021-04-28 15:15:00,NSE:SADBHAV,63.9,64.1,63.65,63.65,23371.0
2021-04-28 15:30:00,NSE:SADBHAV,63.85,63.85,63.85,63.85,500.0
2021-04-29 09:00:00,NSE:SADBHAV,64.5,64.5,64.5,64.5,223.0
2021-04-29 09:15:00,NSE:SADBHAV,65.0,65.0,63.95,64.5,17197.0
2021-04-29 09:30:00,NSE:SADBHAV,64.5,64.5,64.15,64.25,10956.0
2021-04-29 09:45:00,NSE:SADBHAV,64.15,64.2,63.0,63.15,33024.0
2021-04-29 10:00:00,NSE:SADBHAV,63.15,63.55,63.0,63.35,9921.0
2021-04-29 10:15:00,NSE:SADBHAV,63.3,63.45,63.0,63.45,3753.0
2021-04-29 10:30:00,NSE:SADBHAV,63.4,63.45,62.8,62.85,10416.0
2021-04-29 10:45:00,NSE:SADBHAV,62.95,63.05,62.75,62.75,4295.0
2021-04-29 11:00:00,NSE:SADBHAV,62.75,63.0,62.65,62.75,7568.0
2021-04-29 11:15:00,NSE:SADBHAV,62.65,63.15,62.65,63.1,3944.0
2021-04-29 11:30:00,NSE:SADBHAV,63.1,63.1,62.65,62.75,23781.0
2021-04-29 11:45:00,NSE:SADBHAV,62.75,63.15,62.75,63.1,7261.0
2021-04-29 12:00:00,NSE:SADBHAV,63.1,63.2,62.95,63.1,2367.0
2021-04-29 12:15:00,NSE:SADBHAV,63.1,63.3,63.0,63.3,1831.0
2021-04-29 12:30:00,NSE:SADBHAV,63.2,64.05,63.2,63.65,18727.0
2021-04-29 12:45:00,NSE:SADBHAV,63.55,63.8,63.5,63.5,15056.0
2021-04-29 13:00:00,NSE:SADBHAV,63.5,63.6,63.15,63.4,3489.0
2021-04-29 13:15:00,NSE:SADBHAV,63.3,63.5,63.2,63.2,998.0
2021-04-29 13:30:00,NSE:SADBHAV,63.35,63.5,63.35,63.35,593.0
2021-04-29 13:45:00,NSE:SADBHAV,63.3,63.45,63.25,63.35,1754.0
2021-04-29 14:00:00,NSE:SADBHAV,63.25,63.4,63.25,63.25,1164.0
2021-04-29 14:15:00,NSE:SADBHAV,63.2,63.55,63.2,63.5,2231.0
2021-04-29 14:30:00,NSE:SADBHAV,63.5,63.5,63.3,63.3,4814.0
2021-04-29 14:45:00,NSE:SADBHAV,63.45,63.5,63.3,63.3,3971.0
2021-04-29 15:00:00,NSE:SADBHAV,63.3,63.45,63.2,63.35,5599.0
2021-04-29 15:15:00,NSE:SADBHAV,63.25,63.45,62.65,62.95,27962.0
2021-04-29 15:30:00,NSE:SADBHAV,62.95,62.95,62.95,62.95,1.0
2021-04-29 15:45:00,NSE:SADBHAV,63.15,63.15,63.15,63.15,100.0
2021-04-30 09:00:00,NSE:SADBHAV,62.45,62.45,62.45,62.45,100.0
2021-04-30 09:15:00,NSE:SADBHAV,62.05,64.0,61.9,63.2,31960.0
2021-04-30 09:30:00,NSE:SADBHAV,63.35,63.7,63.05,63.7,23906.0
2021-04-30 09:45:00,NSE:SADBHAV,63.7,63.8,63.15,63.5,10973.0
2021-04-30 10:00:00,NSE:SADBHAV,63.5,64.25,63.45,63.85,53658.0
2021-04-30 10:15:00,NSE:SADBHAV,63.85,64.0,63.35,63.9,30872.0
2021-04-30 10:30:00,NSE:SADBHAV,64.0,64.0,63.5,63.7,4124.0
2021-04-30 10:45:00,NSE:SADBHAV,63.55,63.75,63.55,63.75,2388.0
2021-04-30 11:00:00,NSE:SADBHAV,63.75,63.9,63.5,63.7,10398.0
2021-04-30 11:15:00,NSE:SADBHAV,63.8,63.85,63.6,63.65,1836.0
2021-04-30 11:30:00,NSE:SADBHAV,63.8,63.9,63.65,63.75,4706.0
2021-04-30 11:45:00,NSE:SADBHAV,63.75,63.75,63.55,63.55,2564.0
2021-04-30 12:00:00,NSE:SADBHAV,63.65,63.75,63.6,63.6,1018.0
2021-04-30 12:15:00,NSE:SADBHAV,63.6,63.9,63.6,63.75,5800.0
2021-04-30 12:30:00,NSE:SADBHAV,63.9,64.55,63.8,64.25,50727.0
2021-04-30 12:45:00,NSE:SADBHAV,64.0,64.3,63.15,63.3,53313.0
2021-04-30 13:00:00,NSE:SADBHAV,63.3,63.4,62.7,62.85,21836.0
2021-04-30 13:15:00,NSE:SADBHAV,62.85,63.0,62.3,62.4,23759.0
2021-04-30 13:30:00,NSE:SADBHAV,62.5,62.5,62.0,62.2,35555.0
2021-04-30 13:45:00,NSE:SADBHAV,62.2,62.5,62.0,62.45,5697.0
2021-04-30 14:00:00,NSE:SADBHAV,62.55,62.55,62.3,62.45,3256.0
2021-04-30 14:15:00,NSE:SADBHAV,62.45,62.7,62.3,62.7,9207.0
2021-04-30 14:30:00,NSE:SADBHAV,62.5,62.7,62.4,62.65,5238.0
2021-04-30 14:45:00,NSE:SADBHAV,62.65,62.65,62.25,62.4,4517.0
2021-04-30 15:00:00,NSE:SADBHAV,62.4,62.45,62.2,62.3,5937.0
2021-04-30 15:15:00,NSE:SADBHAV,62.3,62.4,62.0,62.2,33499.0
2021-04-30 15:30:00,NSE:SADBHAV,62.15,62.15,62.15,62.15,245.0
2021-04-30 15:45:00,NSE:SADBHAV,62.15,62.2,62.15,62.2,268.0
2021-05-03 09:00:00,NSE:SADBHAV,62.05,62.05,62.05,62.05,138.0
2021-05-03 09:15:00,NSE:SADBHAV,62.0,62.65,61.4,61.9,23398.0
2021-05-03 09:30:00,NSE:SADBHAV,61.9,62.9,61.75,62.55,17261.0
2021-05-03 09:45:00,NSE:SADBHAV,62.6,62.75,61.8,62.2,9306.0
2021-05-03 10:00:00,NSE:SADBHAV,62.4,62.45,62.1,62.35,7690.0
2021-05-03 10:15:00,NSE:SADBHAV,62.2,62.6,62.2,62.6,5376.0
2021-05-03 10:30:00,NSE:SADBHAV,62.45,62.6,62.4,62.5,1265.0
2021-05-03 10:45:00,NSE:SADBHAV,62.45,62.5,62.3,62.45,2951.0
2021-05-03 11:00:00,NSE:SADBHAV,62.5,62.55,62.05,62.05,6436.0
2021-05-03 11:15:00,NSE:SADBHAV,62.1,62.55,62.1,62.5,3869.0
2021-05-03 11:30:00,NSE:SADBHAV,62.5,62.5,62.0,62.5,7365.0
2021-05-03 11:45:00,NSE:SADBHAV,62.65,62.65,62.2,62.4,3362.0
2021-05-03 12:00:00,NSE:SADBHAV,62.45,62.65,62.35,62.55,5552.0
2021-05-03 12:15:00,NSE:SADBHAV,62.5,62.5,62.25,62.25,565.0
2021-05-03 12:30:00,NSE:SADBHAV,62.5,62.5,62.3,62.35,787.0
2021-05-03 12:45:00,NSE:SADBHAV,62.35,62.5,62.3,62.4,1340.0
2021-05-03 13:00:00,NSE:SADBHAV,62.35,62.5,62.25,62.5,7287.0
2021-05-03 13:15:00,NSE:SADBHAV,62.5,62.5,62.25,62.25,1568.0
2021-05-03 13:30:00,NSE:SADBHAV,62.2,62.45,62.05,62.05,7207.0
2021-05-03 13:45:00,NSE:SADBHAV,62.05,62.2,62.05,62.2,837.0
2021-05-03 14:00:00,NSE:SADBHAV,62.25,62.4,62.2,62.3,5122.0
2021-05-03 14:15:00,NSE:SADBHAV,62.45,62.5,62.15,62.3,7044.0
2021-05-03 14:30:00,NSE:SADBHAV,62.4,62.55,62.3,62.5,8270.0
2021-05-03 14:45:00,NSE:SADBHAV,62.55,62.65,62.4,62.45,7019.0
2021-05-03 15:00:00,NSE:SADBHAV,62.5,62.55,62.2,62.25,24267.0
2021-05-03 15:15:00,NSE:SADBHAV,62.25,62.45,61.75,62.3,23838.0
2021-05-04 09:00:00,NSE:SADBHAV,63.6,63.6,63.6,63.6,51.0
2021-05-04 09:15:00,NSE:SADBHAV,62.6,64.0,62.6,63.55,27541.0
2021-05-04 09:30:00,NSE:SADBHAV,63.4,63.55,63.05,63.25,29367.0
2021-05-04 09:45:00,NSE:SADBHAV,63.2,63.3,62.7,63.0,12672.0
2021-05-04 10:00:00,NSE:SADBHAV,63.0,63.45,63.0,63.45,7636.0
2021-05-04 10:15:00,NSE:SADBHAV,63.4,63.5,63.15,63.5,4468.0
2021-05-04 10:30:00,NSE:SADBHAV,63.3,63.5,63.15,63.4,10927.0
2021-05-04 10:45:00,NSE:SADBHAV,63.45,63.5,63.05,63.4,16885.0
2021-05-04 11:00:00,NSE:SADBHAV,63.4,63.85,63.4,63.7,23952.0
2021-05-04 11:15:00,NSE:SADBHAV,63.6,63.7,63.45,63.45,7564.0
2021-05-04 11:30:00,NSE:SADBHAV,63.6,63.8,63.25,63.25,11505.0
2021-05-04 11:45:00,NSE:SADBHAV,63.2,63.5,63.2,63.3,4218.0
2021-05-04 12:00:00,NSE:SADBHAV,63.3,63.35,63.15,63.35,3470.0
2021-05-04 12:15:00,NSE:SADBHAV,63.35,63.45,63.1,63.45,7406.0
2021-05-04 12:30:00,NSE:SADBHAV,63.15,63.35,63.1,63.2,3958.0
2021-05-04 12:45:00,NSE:SADBHAV,63.15,63.55,63.15,63.3,14046.0
2021-05-04 13:00:00,NSE:SADBHAV,63.3,63.3,62.95,62.95,14019.0
2021-05-04 13:15:00,NSE:SADBHAV,63.0,63.15,62.95,62.95,3521.0
2021-05-04 13:30:00,NSE:SADBHAV,62.95,63.05,62.95,62.95,2600.0
2021-05-04 13:45:00,NSE:SADBHAV,62.95,63.0,62.7,62.8,4870.0
2021-05-04 14:00:00,NSE:SADBHAV,63.05,63.35,62.85,63.25,6913.0
2021-05-04 14:15:00,NSE:SADBHAV,63.25,63.25,62.9,63.1,1783.0
2021-05-04 14:30:00,NSE:SADBHAV,63.3,63.45,62.55,62.75,17292.0
2021-05-04 14:45:00,NSE:SADBHAV,62.8,62.95,62.65,62.65,13247.0
2021-05-04 15:00:00,NSE:SADBHAV,62.5,62.85,62.5,62.7,14820.0
2021-05-04 15:15:00,NSE:SADBHAV,62.7,62.7,61.1,62.2,34335.0
2021-05-04 15:30:00,NSE:SADBHAV,62.2,62.2,62.2,62.2,100.0
2021-05-05 09:00:00,NSE:SADBHAV,63.0,63.0,63.0,63.0,1.0
2021-05-05 09:15:00,NSE:SADBHAV,62.7,62.9,62.25,62.7,9111.0
2021-05-05 09:30:00,NSE:SADBHAV,62.55,62.8,62.4,62.4,6976.0
2021-05-05 09:45:00,NSE:SADBHAV,62.5,62.8,62.25,62.4,13060.0
2021-05-05 10:00:00,NSE:SADBHAV,62.55,62.55,62.25,62.35,1577.0
2021-05-05 10:15:00,NSE:SADBHAV,62.35,62.65,62.3,62.6,4208.0
2021-05-05 10:30:00,NSE:SADBHAV,62.75,62.75,62.45,62.7,4510.0
2021-05-05 10:45:00,NSE:SADBHAV,62.7,62.7,62.25,62.45,7054.0
2021-05-05 11:00:00,NSE:SADBHAV,62.3,62.45,62.25,62.35,1228.0
2021-05-05 11:15:00,NSE:SADBHAV,62.5,62.65,62.4,62.65,2290.0
2021-05-05 11:30:00,NSE:SADBHAV,62.65,62.7,62.55,62.7,728.0
2021-05-05 11:45:00,NSE:SADBHAV,62.55,62.85,62.5,62.5,2709.0
2021-05-05 12:00:00,NSE:SADBHAV,62.55,62.75,62.5,62.65,1481.0
2021-05-05 12:15:00,NSE:SADBHAV,62.65,62.85,62.65,62.85,4132.0
2021-05-05 12:30:00,NSE:SADBHAV,62.65,62.65,62.6,62.6,581.0
2021-05-05 12:45:00,NSE:SADBHAV,62.8,63.1,62.7,62.8,6590.0
2021-05-05 13:00:00,NSE:SADBHAV,62.65,62.85,62.65,62.8,3928.0
2021-05-05 13:15:00,NSE:SADBHAV,62.7,63.05,62.7,63.0,7883.0
2021-05-05 13:30:00,NSE:SADBHAV,63.0,63.0,62.7,62.8,3941.0
2021-05-05 13:45:00,NSE:SADBHAV,62.7,62.75,62.45,62.45,4036.0
2021-05-05 14:00:00,NSE:SADBHAV,62.4,62.75,62.4,62.6,7679.0
2021-05-05 14:15:00,NSE:SADBHAV,62.6,62.75,62.4,62.65,5957.0
2021-05-05 14:30:00,NSE:SADBHAV,62.65,62.65,62.5,62.55,1433.0
2021-05-05 14:45:00,NSE:SADBHAV,62.55,62.85,62.45,62.8,6841.0
2021-05-05 15:00:00,NSE:SADBHAV,62.85,62.9,62.75,62.8,7887.0
2021-05-05 15:15:00,NSE:SADBHAV,62.8,62.8,62.15,62.5,15279.0
2021-05-05 15:30:00,NSE:SADBHAV,62.65,62.65,62.5,62.65,471.0
2021-05-05 15:45:00,NSE:SADBHAV,62.65,62.65,62.65,62.65,100.0
2021-05-06 09:00:00,NSE:SADBHAV,62.5,62.5,62.5,62.5,1277.0
2021-05-06 09:15:00,NSE:SADBHAV,62.5,63.25,62.3,62.75,6893.0
2021-05-06 09:30:00,NSE:SADBHAV,62.75,63.15,62.3,63.1,16104.0
2021-05-06 09:45:00,NSE:SADBHAV,63.05,63.1,62.7,62.7,4092.0
2021-05-06 10:00:00,NSE:SADBHAV,62.7,62.8,62.5,62.65,5296.0
2021-05-06 10:15:00,NSE:SADBHAV,62.55,62.75,62.4,62.75,7462.0
2021-05-06 10:30:00,NSE:SADBHAV,62.55,62.6,62.3,62.35,3719.0
2021-05-06 10:45:00,NSE:SADBHAV,62.35,62.5,62.3,62.5,1481.0
2021-05-06 11:00:00,NSE:SADBHAV,62.45,63.0,62.45,62.6,14044.0
2021-05-06 11:15:00,NSE:SADBHAV,62.6,62.6,62.3,62.3,3315.0
2021-05-06 11:30:00,NSE:SADBHAV,62.45,62.65,62.45,62.5,1334.0
2021-05-06 11:45:00,NSE:SADBHAV,62.6,62.75,62.55,62.6,3168.0
2021-05-06 12:00:00,NSE:SADBHAV,62.6,62.95,62.6,62.9,3659.0
2021-05-06 12:15:00,NSE:SADBHAV,62.8,62.85,62.6,62.6,1298.0
2021-05-06 12:30:00,NSE:SADBHAV,62.75,62.75,62.4,62.55,3622.0
2021-05-06 12:45:00,NSE:SADBHAV,62.45,62.7,62.4,62.7,1951.0
2021-05-06 13:00:00,NSE:SADBHAV,62.6,62.75,62.55,62.75,4736.0
2021-05-06 13:15:00,NSE:SADBHAV,62.7,62.8,62.4,62.4,4244.0
2021-05-06 13:30:00,NSE:SADBHAV,62.3,62.5,62.25,62.3,2647.0
2021-05-06 13:45:00,NSE:SADBHAV,62.45,62.5,62.35,62.5,1742.0
2021-05-06 14:00:00,NSE:SADBHAV,62.5,62.5,62.0,62.1,12031.0
2021-05-06 14:15:00,NSE:SADBHAV,62.2,62.5,62.2,62.4,2542.0
2021-05-06 14:30:00,NSE:SADBHAV,62.3,62.5,62.0,62.1,21909.0
2021-05-06 14:45:00,NSE:SADBHAV,62.15,62.25,61.85,61.85,9085.0
2021-05-06 15:00:00,NSE:SADBHAV,61.85,62.1,61.8,62.0,9773.0
2021-05-06 15:15:00,NSE:SADBHAV,62.1,62.15,61.85,62.1,20351.0
2021-05-06 15:30:00,NSE:SADBHAV,61.95,62.1,61.95,62.1,1101.0
2021-05-06 15:45:00,NSE:SADBHAV,61.95,61.95,61.95,61.95,5.0
2021-05-07 09:00:00,NSE:SADBHAV,63.0,63.0,63.0,63.0,3650.0
2021-05-07 09:15:00,NSE:SADBHAV,63.5,65.5,63.5,64.95,243896.0
2021-05-07 09:30:00,NSE:SADBHAV,65.3,67.6,65.0,67.3,324884.0
2021-05-07 09:45:00,NSE:SADBHAV,67.25,67.3,66.05,66.1,135623.0
2021-05-07 10:00:00,NSE:SADBHAV,66.1,66.25,65.2,65.5,138141.0
2021-05-07 10:15:00,NSE:SADBHAV,65.45,65.6,65.0,65.2,55140.0
2021-05-07 10:30:00,NSE:SADBHAV,65.25,65.6,64.55,65.1,72008.0
2021-05-07 10:45:00,NSE:SADBHAV,64.95,65.45,64.6,65.4,37054.0
2021-05-07 11:00:00,NSE:SADBHAV,65.15,65.3,65.0,65.0,12732.0
2021-05-07 11:15:00,NSE:SADBHAV,65.15,65.45,64.9,65.0,21923.0
2021-05-07 11:30:00,NSE:SADBHAV,65.0,65.1,64.65,64.95,24711.0
2021-05-07 11:45:00,NSE:SADBHAV,64.95,65.0,64.65,65.0,16424.0
2021-05-07 12:00:00,NSE:SADBHAV,65.0,65.0,64.3,64.4,20333.0
2021-05-07 12:15:00,NSE:SADBHAV,64.4,64.5,64.3,64.35,38358.0
2021-05-07 12:30:00,NSE:SADBHAV,64.45,64.5,64.3,64.45,20999.0
2021-05-07 12:45:00,NSE:SADBHAV,64.45,64.5,64.3,64.5,7375.0
2021-05-07 13:00:00,NSE:SADBHAV,64.45,64.5,64.35,64.35,9510.0
2021-05-07 13:15:00,NSE:SADBHAV,64.5,64.5,64.35,64.45,10087.0
2021-05-07 13:30:00,NSE:SADBHAV,64.35,64.45,63.75,63.95,31799.0
2021-05-07 13:45:00,NSE:SADBHAV,64.05,64.5,64.05,64.5,6472.0
2021-05-07 14:00:00,NSE:SADBHAV,64.35,64.5,64.2,64.45,15514.0
2021-05-07 14:15:00,NSE:SADBHAV,64.5,64.6,64.3,64.3,6297.0
2021-05-07 14:30:00,NSE:SADBHAV,64.5,64.55,64.2,64.35,5495.0
2021-05-07 14:45:00,NSE:SADBHAV,64.45,64.45,60.8,63.6,161846.0
2021-05-07 15:00:00,NSE:SADBHAV,63.65,63.65,62.55,62.55,61210.0
2021-05-07 15:15:00,NSE:SADBHAV,62.75,63.2,62.5,63.0,93168.0
2021-05-07 15:45:00,NSE:SADBHAV,62.85,63.0,62.85,63.0,747.0
2021-05-10 09:00:00,NSE:SADBHAV,63.55,63.55,63.55,63.55,147.0
2021-05-10 09:15:00,NSE:SADBHAV,63.55,63.9,62.6,63.5,47367.0
2021-05-10 09:30:00,NSE:SADBHAV,63.65,63.75,63.4,63.6,23818.0
2021-05-10 09:45:00,NSE:SADBHAV,63.6,63.6,63.25,63.4,12642.0
2021-05-10 10:00:00,NSE:SADBHAV,63.3,63.35,63.1,63.25,15195.0
2021-05-10 10:15:00,NSE:SADBHAV,63.15,63.25,63.05,63.1,6573.0
2021-05-10 10:30:00,NSE:SADBHAV,63.1,63.2,63.1,63.1,4851.0
2021-05-10 10:45:00,NSE:SADBHAV,63.1,63.5,63.1,63.5,12304.0
2021-05-10 11:00:00,NSE:SADBHAV,63.4,63.4,63.15,63.25,4948.0
2021-05-10 11:15:00,NSE:SADBHAV,63.35,63.55,63.3,63.35,6096.0
2021-05-10 11:30:00,NSE:SADBHAV,63.45,63.5,63.2,63.4,8599.0
2021-05-10 11:45:00,NSE:SADBHAV,63.4,63.45,63.3,63.35,5055.0
2021-05-10 12:00:00,NSE:SADBHAV,63.35,63.4,63.05,63.25,13236.0
2021-05-10 12:15:00,NSE:SADBHAV,63.1,63.45,63.1,63.45,4330.0
2021-05-10 12:30:00,NSE:SADBHAV,63.45,64.3,63.4,63.8,22527.0
2021-05-10 12:45:00,NSE:SADBHAV,63.75,63.8,63.45,63.8,6311.0
2021-05-10 13:00:00,NSE:SADBHAV,63.5,63.75,63.2,63.4,8492.0
2021-05-10 13:15:00,NSE:SADBHAV,63.3,63.4,63.3,63.4,6396.0
2021-05-10 13:30:00,NSE:SADBHAV,63.4,63.4,63.25,63.35,3903.0
2021-05-10 13:45:00,NSE:SADBHAV,63.35,64.05,63.25,64.0,20596.0
2021-05-10 14:00:00,NSE:SADBHAV,64.05,64.05,63.7,63.7,22745.0
2021-05-10 14:15:00,NSE:SADBHAV,63.7,63.85,63.7,63.85,17826.0
2021-05-10 14:30:00,NSE:SADBHAV,63.8,64.6,63.8,64.3,97641.0
2021-05-10 14:45:00,NSE:SADBHAV,64.3,64.3,63.8,63.95,23693.0
2021-05-10 15:00:00,NSE:SADBHAV,63.85,63.85,63.5,63.55,25399.0
2021-05-10 15:15:00,NSE:SADBHAV,63.7,63.7,63.2,63.4,40787.0
2021-05-10 15:30:00,NSE:SADBHAV,63.55,63.55,63.55,63.55,60.0
2021-05-10 15:45:00,NSE:SADBHAV,63.55,63.55,63.4,63.55,1337.0
2021-05-11 09:00:00,NSE:SADBHAV,63.4,63.4,63.4,63.4,5058.0
2021-05-11 09:15:00,NSE:SADBHAV,63.4,64.6,62.75,64.2,45850.0
2021-05-11 09:30:00,NSE:SADBHAV,64.25,64.75,63.95,64.3,20132.0
2021-05-11 09:45:00,NSE:SADBHAV,64.3,64.75,64.3,64.6,15443.0
2021-05-11 10:00:00,NSE:SADBHAV,64.5,64.7,64.3,64.45,24036.0
2021-05-11 10:15:00,NSE:SADBHAV,64.4,64.6,64.3,64.55,11625.0
2021-05-11 10:30:00,NSE:SADBHAV,64.6,68.0,64.45,66.75,283844.0
2021-05-11 10:45:00,NSE:SADBHAV,66.95,68.1,66.25,66.25,179045.0
2021-05-11 11:00:00,NSE:SADBHAV,66.45,67.1,66.25,66.45,75891.0
2021-05-11 11:15:00,NSE:SADBHAV,66.45,66.6,66.15,66.6,14297.0
2021-05-11 11:30:00,NSE:SADBHAV,66.6,66.8,66.35,66.5,25285.0
2021-05-11 11:45:00,NSE:SADBHAV,66.5,66.6,66.2,66.3,15384.0
2021-05-11 12:00:00,NSE:SADBHAV,66.5,66.65,66.3,66.45,22214.0
2021-05-11 12:15:00,NSE:SADBHAV,66.45,66.55,66.2,66.2,23958.0
2021-05-11 12:30:00,NSE:SADBHAV,66.5,66.75,65.7,65.9,59218.0
2021-05-11 12:45:00,NSE:SADBHAV,65.95,66.1,65.65,66.0,15816.0
2021-05-11 13:00:00,NSE:SADBHAV,65.95,66.2,65.65,65.8,14148.0
2021-05-11 13:15:00,NSE:SADBHAV,65.9,65.9,65.1,65.45,24965.0
2021-05-11 13:30:00,NSE:SADBHAV,65.5,65.6,65.4,65.4,10567.0
2021-05-11 13:45:00,NSE:SADBHAV,65.5,65.65,65.35,65.55,2248.0
2021-05-11 14:00:00,NSE:SADBHAV,65.55,65.9,65.55,65.9,11091.0
2021-05-11 14:15:00,NSE:SADBHAV,65.9,66.0,65.1,66.0,25928.0
2021-05-11 14:30:00,NSE:SADBHAV,66.05,67.25,65.75,66.3,68291.0
2021-05-11 14:45:00,NSE:SADBHAV,66.3,66.3,66.05,66.1,8347.0
2021-05-11 15:00:00,NSE:SADBHAV,66.3,66.35,65.5,65.85,42951.0
2021-05-11 15:15:00,NSE:SADBHAV,66.0,66.25,65.5,66.0,52006.0
2021-05-11 15:30:00,NSE:SADBHAV,66.0,66.0,65.8,65.8,651.0
2021-05-11 15:45:00,NSE:SADBHAV,65.8,66.0,65.8,66.0,5175.0
2021-05-12 09:00:00,NSE:SADBHAV,66.1,66.1,66.1,66.1,1460.0
2021-05-12 09:15:00,NSE:SADBHAV,66.35,67.35,66.35,67.1,61667.0
2021-05-12 09:30:00,NSE:SADBHAV,66.9,67.1,65.4,66.2,49135.0
2021-05-12 09:45:00,NSE:SADBHAV,65.85,67.0,65.85,66.25,24091.0
2021-05-12 10:00:00,NSE:SADBHAV,66.3,66.5,66.25,66.35,9844.0
2021-05-12 10:15:00,NSE:SADBHAV,66.3,66.4,65.75,65.75,8797.0
2021-05-12 10:30:00,NSE:SADBHAV,65.95,65.95,65.65,65.65,9534.0
2021-05-12 10:45:00,NSE:SADBHAV,65.65,66.0,65.05,65.35,30138.0
2021-05-12 11:00:00,NSE:SADBHAV,65.35,65.8,64.75,65.8,33336.0
2021-05-12 11:15:00,NSE:SADBHAV,66.1,66.55,66.0,66.45,19784.0
2021-05-12 11:30:00,NSE:SADBHAV,66.2,66.55,66.2,66.4,2925.0
2021-05-12 11:45:00,NSE:SADBHAV,66.6,66.7,66.1,66.35,8609.0
2021-05-12 12:00:00,NSE:SADBHAV,66.35,66.5,66.15,66.4,6445.0
2021-05-12 12:15:00,NSE:SADBHAV,66.4,66.5,66.35,66.35,5914.0
2021-05-12 12:30:00,NSE:SADBHAV,66.35,66.5,66.15,66.25,2653.0
2021-05-12 12:45:00,NSE:SADBHAV,66.3,66.5,66.15,66.4,4682.0
2021-05-12 13:00:00,NSE:SADBHAV,66.45,66.5,66.25,66.3,590.0
2021-05-12 13:15:00,NSE:SADBHAV,66.45,66.55,66.3,66.4,11291.0
2021-05-12 13:30:00,NSE:SADBHAV,66.3,66.4,66.2,66.35,4875.0
2021-05-12 13:45:00,NSE:SADBHAV,66.35,66.4,66.2,66.4,5173.0
2021-05-12 14:00:00,NSE:SADBHAV,66.35,66.45,66.25,66.3,4894.0
2021-05-12 14:15:00,NSE:SADBHAV,66.3,66.45,66.25,66.35,9062.0
2021-05-12 14:30:00,NSE:SADBHAV,66.4,66.4,65.75,65.8,16927.0
2021-05-12 14:45:00,NSE:SADBHAV,65.8,65.8,64.7,64.8,29830.0
2021-05-12 15:00:00,NSE:SADBHAV,64.65,65.45,64.65,64.9,18970.0
2021-05-12 15:15:00,NSE:SADBHAV,65.05,65.25,64.8,65.0,29615.0
2021-05-12 15:30:00,NSE:SADBHAV,64.8,64.8,64.8,64.8,246.0
2021-05-12 15:45:00,NSE:SADBHAV,65.0,65.0,65.0,65.0,90.0
2021-05-14 09:00:00,NSE:SADBHAV,65.05,65.05,65.05,65.05,111.0
2021-05-14 09:15:00,NSE:SADBHAV,65.05,65.75,65.05,65.25,35327.0
2021-05-14 09:30:00,NSE:SADBHAV,65.2,65.35,64.35,64.95,24689.0
2021-05-14 09:45:00,NSE:SADBHAV,64.9,64.9,64.5,64.5,15980.0
2021-05-14 10:00:00,NSE:SADBHAV,64.5,64.75,64.3,64.3,20462.0
2021-05-14 10:15:00,NSE:SADBHAV,64.5,64.75,64.4,64.45,20002.0
2021-05-14 10:30:00,NSE:SADBHAV,64.45,64.7,64.45,64.45,2658.0
2021-05-14 10:45:00,NSE:SADBHAV,64.5,64.65,64.4,64.55,3103.0
2021-05-14 11:00:00,NSE:SADBHAV,64.55,64.6,64.0,64.15,19850.0
2021-05-14 11:15:00,NSE:SADBHAV,64.1,64.35,63.9,64.0,9946.0
2021-05-14 11:30:00,NSE:SADBHAV,64.0,64.0,63.8,63.8,5767.0
2021-05-14 11:45:00,NSE:SADBHAV,63.85,63.95,63.65,63.75,5498.0
2021-05-14 12:00:00,NSE:SADBHAV,63.7,63.7,63.1,63.45,28651.0
2021-05-14 12:15:00,NSE:SADBHAV,63.45,64.0,63.45,63.7,9934.0
2021-05-14 12:30:00,NSE:SADBHAV,63.85,63.85,63.3,63.65,14231.0
2021-05-14 12:45:00,NSE:SADBHAV,64.0,64.0,63.5,63.8,8501.0
2021-05-14 13:00:00,NSE:SADBHAV,63.8,63.95,63.6,63.8,6550.0
2021-05-14 13:15:00,NSE:SADBHAV,63.85,64.0,63.85,64.0,6013.0
2021-05-14 13:30:00,NSE:SADBHAV,64.0,64.0,63.95,63.95,1378.0
2021-05-14 13:45:00,NSE:SADBHAV,64.0,64.0,63.75,63.8,3855.0
2021-05-14 14:00:00,NSE:SADBHAV,63.8,63.9,63.3,63.7,20729.0
2021-05-14 14:15:00,NSE:SADBHAV,63.8,64.0,63.35,63.45,16982.0
2021-05-14 14:30:00,NSE:SADBHAV,63.5,63.5,63.3,63.5,9052.0
2021-05-14 14:45:00,NSE:SADBHAV,63.4,63.8,63.4,63.7,7728.0
2021-05-14 15:00:00,NSE:SADBHAV,63.5,63.75,63.5,63.65,9431.0
2021-05-14 15:15:00,NSE:SADBHAV,63.65,63.7,63.15,63.45,40946.0
2021-05-14 15:30:00,NSE:SADBHAV,63.5,63.5,63.45,63.45,484.0
2021-05-14 15:45:00,NSE:SADBHAV,63.5,63.5,63.5,63.5,200.0
2021-05-17 09:00:00,NSE:SADBHAV,64.0,64.0,64.0,64.0,832.0
2021-05-17 09:15:00,NSE:SADBHAV,64.3,64.75,63.75,63.8,13268.0
2021-05-17 09:30:00,NSE:SADBHAV,63.8,64.4,63.4,63.85,25810.0
2021-05-17 09:45:00,NSE:SADBHAV,63.8,64.0,63.8,63.9,4432.0
2021-05-17 10:00:00,NSE:SADBHAV,63.9,64.75,63.85,64.5,24084.0
2021-05-17 10:15:00,NSE:SADBHAV,64.6,64.9,64.35,64.9,10418.0
2021-05-17 10:30:00,NSE:SADBHAV,64.8,65.8,64.65,65.2,39544.0
2021-05-17 10:45:00,NSE:SADBHAV,65.15,65.2,64.95,65.15,8109.0
2021-05-17 11:00:00,NSE:SADBHAV,65.15,65.2,64.75,64.75,6498.0
2021-05-17 11:15:00,NSE:SADBHAV,64.95,64.95,64.25,64.45,12044.0
2021-05-17 11:30:00,NSE:SADBHAV,64.4,64.5,64.3,64.5,7378.0
2021-05-17 11:45:00,NSE:SADBHAV,64.5,64.5,64.4,64.4,8519.0
2021-05-17 12:00:00,NSE:SADBHAV,64.5,64.5,64.4,64.5,15369.0
2021-05-17 12:15:00,NSE:SADBHAV,64.5,64.5,64.35,64.45,2803.0
2021-05-17 12:30:00,NSE:SADBHAV,64.45,64.85,64.45,64.8,8414.0
2021-05-17 12:45:00,NSE:SADBHAV,64.8,64.8,64.65,64.65,1763.0
2021-05-17 13:00:00,NSE:SADBHAV,64.5,64.8,64.45,64.45,4545.0
2021-05-17 13:15:00,NSE:SADBHAV,64.5,64.65,64.45,64.55,2022.0
2021-05-17 13:30:00,NSE:SADBHAV,64.5,64.7,64.5,64.65,1680.0
2021-05-17 13:45:00,NSE:SADBHAV,64.65,64.8,64.55,64.65,2769.0
2021-05-17 14:00:00,NSE:SADBHAV,64.65,64.7,64.15,64.15,7543.0
2021-05-17 14:15:00,NSE:SADBHAV,64.3,64.65,64.3,64.45,3482.0
2021-05-17 14:30:00,NSE:SADBHAV,64.45,64.6,64.3,64.4,10778.0
2021-05-17 14:45:00,NSE:SADBHAV,64.4,64.45,64.3,64.35,6253.0
2021-05-17 15:00:00,NSE:SADBHAV,64.45,64.5,64.3,64.3,23718.0
2021-05-17 15:15:00,NSE:SADBHAV,64.3,64.6,64.0,64.35,41606.0
2021-05-17 15:30:00,NSE:SADBHAV,64.35,64.35,64.25,64.25,500.0
2021-05-17 15:45:00,NSE:SADBHAV,64.25,64.35,64.25,64.25,753.0
2021-05-18 09:00:00,NSE:SADBHAV,66.0,66.0,66.0,66.0,2005.0
2021-05-18 09:15:00,NSE:SADBHAV,65.1,65.95,65.0,65.0,23604.0
2021-05-18 09:30:00,NSE:SADBHAV,64.9,65.4,64.65,64.7,20915.0
2021-05-18 09:45:00,NSE:SADBHAV,64.85,65.2,64.7,64.7,6905.0
2021-05-18 10:00:00,NSE:SADBHAV,64.8,64.85,64.75,64.8,4817.0
2021-05-18 10:15:00,NSE:SADBHAV,64.8,65.2,64.75,65.05,13768.0
2021-05-18 10:30:00,NSE:SADBHAV,65.0,65.15,64.9,64.9,3449.0
2021-05-18 10:45:00,NSE:SADBHAV,64.9,65.3,64.9,65.25,14098.0
2021-05-18 11:00:00,NSE:SADBHAV,65.15,65.25,65.0,65.15,14214.0
2021-05-18 11:15:00,NSE:SADBHAV,65.2,65.25,65.05,65.1,12939.0
2021-05-18 11:30:00,NSE:SADBHAV,65.05,65.7,65.0,65.35,18763.0
2021-05-18 11:45:00,NSE:SADBHAV,65.5,65.65,65.35,65.5,10977.0
2021-05-18 12:00:00,NSE:SADBHAV,65.35,66.6,65.35,66.2,59186.0
2021-05-18 12:15:00,NSE:SADBHAV,66.15,66.25,65.55,65.9,23879.0
2021-05-18 12:30:00,NSE:SADBHAV,65.9,66.3,65.9,66.1,11427.0
2021-05-18 12:45:00,NSE:SADBHAV,66.25,66.25,65.8,65.8,11369.0
2021-05-18 13:00:00,NSE:SADBHAV,65.8,66.0,65.8,66.0,7661.0
2021-05-18 13:15:00,NSE:SADBHAV,65.95,66.0,65.7,65.85,9554.0
2021-05-18 13:30:00,NSE:SADBHAV,65.7,65.8,65.55,65.75,4358.0
2021-05-18 13:45:00,NSE:SADBHAV,65.6,65.75,65.5,65.55,5372.0
2021-05-18 14:00:00,NSE:SADBHAV,65.6,65.6,65.35,65.45,6056.0
2021-05-18 14:15:00,NSE:SADBHAV,65.4,65.5,65.15,65.2,14877.0
2021-05-18 14:30:00,NSE:SADBHAV,65.3,65.5,65.2,65.3,5682.0
2021-05-18 14:45:00,NSE:SADBHAV,65.45,65.65,65.2,65.5,6819.0
2021-05-18 15:00:00,NSE:SADBHAV,65.4,65.5,65.2,65.25,15412.0
2021-05-18 15:15:00,NSE:SADBHAV,65.35,65.65,65.15,65.65,35124.0
2021-05-18 15:45:00,NSE:SADBHAV,65.3,65.65,65.3,65.65,416.0
2021-05-19 09:00:00,NSE:SADBHAV,65.6,65.6,65.6,65.6,15.0
2021-05-19 09:15:00,NSE:SADBHAV,65.3,66.2,65.3,66.0,26048.0
2021-05-19 09:30:00,NSE:SADBHAV,66.1,66.25,65.7,66.0,17156.0
2021-05-19 09:45:00,NSE:SADBHAV,66.0,66.15,65.85,66.1,8097.0
2021-05-19 10:00:00,NSE:SADBHAV,66.15,66.15,65.9,65.9,11001.0
2021-05-19 10:15:00,NSE:SADBHAV,66.0,66.0,65.5,65.6,16704.0
2021-05-19 10:30:00,NSE:SADBHAV,65.6,66.0,65.5,65.85,10406.0
2021-05-19 10:45:00,NSE:SADBHAV,65.85,66.0,65.65,65.9,3824.0
2021-05-19 11:00:00,NSE:SADBHAV,65.65,65.9,65.65,65.8,2319.0
2021-05-19 11:15:00,NSE:SADBHAV,65.8,65.8,65.6,65.8,6342.0
2021-05-19 11:30:00,NSE:SADBHAV,65.8,66.2,65.8,66.15,20680.0
2021-05-19 11:45:00,NSE:SADBHAV,66.15,67.0,66.15,66.55,52964.0
2021-05-19 12:00:00,NSE:SADBHAV,66.5,66.75,66.2,66.5,20575.0
2021-05-19 12:15:00,NSE:SADBHAV,66.5,66.65,66.2,66.3,7319.0
2021-05-19 12:30:00,NSE:SADBHAV,66.2,66.85,66.1,66.6,9516.0
2021-05-19 12:45:00,NSE:SADBHAV,66.45,66.5,66.15,66.3,4151.0
2021-05-19 13:00:00,NSE:SADBHAV,66.2,66.3,66.15,66.2,2974.0
2021-05-19 13:15:00,NSE:SADBHAV,66.15,66.25,66.05,66.1,5203.0
2021-05-19 13:30:00,NSE:SADBHAV,66.15,66.15,65.75,65.9,9352.0
2021-05-19 13:45:00,NSE:SADBHAV,65.9,66.95,65.35,66.3,54964.0
2021-05-19 14:00:00,NSE:SADBHAV,66.25,66.55,66.1,66.55,7966.0
2021-05-19 14:15:00,NSE:SADBHAV,66.4,66.55,66.15,66.4,17521.0
2021-05-19 14:30:00,NSE:SADBHAV,66.2,66.6,66.1,66.3,12201.0
2021-05-19 14:45:00,NSE:SADBHAV,66.45,66.7,66.1,66.1,11810.0
2021-05-19 15:00:00,NSE:SADBHAV,66.3,66.5,66.1,66.35,19989.0
2021-05-19 15:15:00,NSE:SADBHAV,66.4,66.45,66.1,66.2,36229.0
2021-05-19 15:30:00,NSE:SADBHAV,66.25,66.25,66.2,66.2,1100.0
2021-05-19 15:45:00,NSE:SADBHAV,66.25,66.25,66.25,66.25,227.0
2021-05-20 09:00:00,NSE:SADBHAV,67.2,67.2,67.2,67.2,1881.0
2021-05-20 09:15:00,NSE:SADBHAV,66.4,67.3,66.3,66.35,32011.0
2021-05-20 09:30:00,NSE:SADBHAV,66.4,66.95,66.15,66.6,21711.0
2021-05-20 09:45:00,NSE:SADBHAV,66.6,67.2,66.55,66.8,17146.0
2021-05-20 10:00:00,NSE:SADBHAV,66.85,67.0,66.75,66.8,12343.0
2021-05-20 10:15:00,NSE:SADBHAV,66.8,67.1,66.75,66.95,7208.0
2021-05-20 10:30:00,NSE:SADBHAV,67.0,69.85,66.95,69.2,400536.0
2021-05-20 10:45:00,NSE:SADBHAV,69.2,70.2,69.05,70.15,339739.0
2021-05-20 11:00:00,NSE:SADBHAV,70.15,70.9,69.7,70.35,521122.0
2021-05-20 11:15:00,NSE:SADBHAV,70.4,70.75,69.7,70.1,196411.0
2021-05-20 11:30:00,NSE:SADBHAV,70.1,70.4,69.95,70.15,68368.0
2021-05-20 11:45:00,NSE:SADBHAV,70.2,70.45,70.0,70.2,53962.0
2021-05-20 12:00:00,NSE:SADBHAV,70.1,70.35,70.0,70.3,34119.0
2021-05-20 12:15:00,NSE:SADBHAV,70.25,70.6,70.15,70.3,33796.0
2021-05-20 12:30:00,NSE:SADBHAV,70.3,70.5,70.2,70.2,28312.0
2021-05-20 12:45:00,NSE:SADBHAV,70.2,70.7,70.2,70.4,37933.0
2021-05-20 13:00:00,NSE:SADBHAV,70.4,70.45,70.2,70.3,27102.0
2021-05-20 13:15:00,NSE:SADBHAV,70.4,70.4,70.0,70.0,34544.0
2021-05-20 13:30:00,NSE:SADBHAV,70.0,70.0,69.2,69.8,75909.0
2021-05-20 13:45:00,NSE:SADBHAV,69.8,69.85,69.5,69.75,20882.0
2021-05-20 14:00:00,NSE:SADBHAV,69.7,69.8,69.5,69.55,18720.0
2021-05-20 14:15:00,NSE:SADBHAV,69.4,69.45,68.85,69.1,84396.0
2021-05-20 14:30:00,NSE:SADBHAV,69.1,69.45,68.7,69.2,36332.0
2021-05-20 14:45:00,NSE:SADBHAV,69.4,69.4,69.0,69.15,32602.0
2021-05-20 15:00:00,NSE:SADBHAV,69.1,69.35,68.75,69.1,92713.0
2021-05-20 15:15:00,NSE:SADBHAV,69.25,69.45,68.6,69.45,86005.0
2021-05-20 15:30:00,NSE:SADBHAV,69.35,69.35,69.05,69.05,1508.0
2021-05-21 09:00:00,NSE:SADBHAV,70.0,70.0,70.0,70.0,3550.0
2021-05-21 09:15:00,NSE:SADBHAV,70.7,71.8,70.5,71.25,213665.0
2021-05-21 09:30:00,NSE:SADBHAV,71.25,71.65,71.05,71.1,65569.0
2021-05-21 09:45:00,NSE:SADBHAV,71.1,71.45,70.65,70.75,59115.0
2021-05-21 10:00:00,NSE:SADBHAV,70.65,71.25,70.65,70.8,23150.0
2021-05-21 10:15:00,NSE:SADBHAV,70.8,71.0,70.75,70.8,12608.0
2021-05-21 10:30:00,NSE:SADBHAV,71.0,72.5,71.0,71.35,184620.0
2021-05-21 10:45:00,NSE:SADBHAV,71.4,71.65,71.05,71.1,21123.0
2021-05-21 11:00:00,NSE:SADBHAV,71.1,72.2,71.1,72.2,48943.0
2021-05-21 11:15:00,NSE:SADBHAV,72.2,72.2,71.7,71.8,61154.0
2021-05-21 11:30:00,NSE:SADBHAV,71.8,72.0,71.6,71.65,12725.0
2021-05-21 11:45:00,NSE:SADBHAV,71.4,71.5,71.15,71.4,20993.0
2021-05-21 12:00:00,NSE:SADBHAV,71.25,71.3,71.05,71.25,10934.0
2021-05-21 12:15:00,NSE:SADBHAV,71.2,72.0,71.1,71.6,26973.0
2021-05-21 12:30:00,NSE:SADBHAV,71.4,71.65,71.3,71.5,6209.0
2021-05-21 12:45:00,NSE:SADBHAV,71.45,71.5,71.1,71.3,8673.0
2021-05-21 13:00:00,NSE:SADBHAV,71.3,71.3,71.0,71.1,10766.0
2021-05-21 13:15:00,NSE:SADBHAV,71.05,71.1,70.35,70.55,38648.0
2021-05-21 13:30:00,NSE:SADBHAV,70.35,70.75,70.1,70.25,37419.0
2021-05-21 13:45:00,NSE:SADBHAV,70.2,70.75,70.2,70.4,12187.0
2021-05-21 14:00:00,NSE:SADBHAV,70.4,70.65,70.3,70.45,9086.0
2021-05-21 14:15:00,NSE:SADBHAV,70.4,70.65,70.15,70.3,19689.0
2021-05-21 14:30:00,NSE:SADBHAV,70.4,71.0,70.3,70.95,22535.0
2021-05-21 14:45:00,NSE:SADBHAV,70.9,71.0,70.55,70.6,13675.0
2021-05-21 15:00:00,NSE:SADBHAV,70.65,70.8,70.35,70.75,33418.0
2021-05-21 15:15:00,NSE:SADBHAV,70.75,70.8,70.1,70.3,113194.0
2021-05-21 15:30:00,NSE:SADBHAV,70.3,70.35,70.3,70.35,735.0
2021-05-21 15:45:00,NSE:SADBHAV,70.35,70.35,70.35,70.35,200.0
2021-05-24 09:00:00,NSE:SADBHAV,71.0,71.0,71.0,71.0,1748.0
2021-05-24 09:15:00,NSE:SADBHAV,71.0,72.35,70.95,71.25,46633.0
2021-05-24 09:30:00,NSE:SADBHAV,71.25,71.3,70.7,70.85,17147.0
2021-05-24 09:45:00,NSE:SADBHAV,70.8,71.0,70.65,70.95,12740.0
2021-05-24 10:00:00,NSE:SADBHAV,71.0,71.1,70.5,70.5,15738.0
2021-05-24 10:15:00,NSE:SADBHAV,70.5,70.95,70.5,70.8,13329.0
2021-05-24 10:30:00,NSE:SADBHAV,70.9,71.0,70.7,71.0,8528.0
2021-05-24 10:45:00,NSE:SADBHAV,71.05,71.1,70.9,70.9,5954.0
2021-05-24 11:00:00,NSE:SADBHAV,70.8,71.0,70.6,70.6,5865.0
2021-05-24 11:15:00,NSE:SADBHAV,70.65,71.0,70.3,70.45,25458.0
2021-05-24 11:30:00,NSE:SADBHAV,70.45,70.75,70.35,70.35,10837.0
2021-05-24 11:45:00,NSE:SADBHAV,70.35,70.5,70.3,70.5,9647.0
2021-05-24 12:00:00,NSE:SADBHAV,70.5,70.7,70.4,70.6,5408.0
2021-05-24 12:15:00,NSE:SADBHAV,70.6,70.75,70.5,70.5,4955.0
2021-05-24 12:30:00,NSE:SADBHAV,70.5,70.7,70.3,70.3,3162.0
2021-05-24 12:45:00,NSE:SADBHAV,70.4,70.45,70.3,70.45,3881.0
2021-05-24 13:00:00,NSE:SADBHAV,70.35,70.6,70.3,70.5,8035.0
2021-05-24 13:15:00,NSE:SADBHAV,70.5,70.75,70.4,70.75,9429.0
2021-05-24 13:30:00,NSE:SADBHAV,70.6,70.75,70.5,70.65,5325.0
2021-05-24 13:45:00,NSE:SADBHAV,70.55,70.65,70.45,70.6,5739.0
2021-05-24 14:00:00,NSE:SADBHAV,70.55,70.6,70.35,70.55,4706.0
2021-05-24 14:15:00,NSE:SADBHAV,70.45,70.85,70.45,70.75,10954.0
2021-05-24 14:30:00,NSE:SADBHAV,70.9,70.9,69.6,69.8,57045.0
2021-05-24 14:45:00,NSE:SADBHAV,69.8,70.25,69.8,70.1,13771.0
2021-05-24 15:00:00,NSE:SADBHAV,70.2,70.25,69.8,70.0,23229.0
2021-05-24 15:15:00,NSE:SADBHAV,70.0,70.0,69.2,69.5,56683.0
2021-05-24 15:30:00,NSE:SADBHAV,69.65,69.65,69.5,69.65,1100.0
2021-05-24 15:45:00,NSE:SADBHAV,69.65,69.65,69.5,69.65,1207.0
2021-05-25 09:00:00,NSE:SADBHAV,69.5,69.5,69.5,69.5,923.0
2021-05-25 09:15:00,NSE:SADBHAV,70.0,70.55,69.55,70.2,32562.0
2021-05-25 09:30:00,NSE:SADBHAV,70.2,70.4,69.95,70.2,14043.0
2021-05-25 09:45:00,NSE:SADBHAV,70.25,70.4,70.0,70.2,7992.0
2021-05-25 10:00:00,NSE:SADBHAV,70.1,71.6,70.0,71.25,77705.0
2021-05-25 10:15:00,NSE:SADBHAV,71.35,71.95,71.0,71.1,72813.0
2021-05-25 10:30:00,NSE:SADBHAV,71.2,71.5,70.9,70.9,33550.0
2021-05-25 10:45:00,NSE:SADBHAV,70.95,71.0,70.45,70.8,20734.0
2021-05-25 11:00:00,NSE:SADBHAV,70.95,71.05,70.4,70.6,11007.0
2021-05-25 11:15:00,NSE:SADBHAV,70.6,70.6,70.15,70.35,18546.0
2021-05-25 11:30:00,NSE:SADBHAV,70.25,71.0,70.1,70.15,34438.0
2021-05-25 11:45:00,NSE:SADBHAV,70.2,70.4,70.1,70.4,9661.0
2021-05-25 12:00:00,NSE:SADBHAV,70.4,70.4,70.15,70.25,8780.0
2021-05-25 12:15:00,NSE:SADBHAV,70.35,70.35,70.05,70.1,9862.0
2021-05-25 12:30:00,NSE:SADBHAV,70.35,70.75,70.1,70.6,7998.0
2021-05-25 12:45:00,NSE:SADBHAV,70.6,70.7,70.5,70.5,6367.0
2021-05-25 13:00:00,NSE:SADBHAV,70.4,70.55,70.05,70.15,14918.0
2021-05-25 13:15:00,NSE:SADBHAV,70.35,70.35,69.7,69.7,22779.0
2021-05-25 13:30:00,NSE:SADBHAV,69.8,69.95,68.7,69.45,53392.0
2021-05-25 13:45:00,NSE:SADBHAV,69.4,69.7,69.25,69.7,15533.0
2021-05-25 14:00:00,NSE:SADBHAV,69.75,69.75,68.75,68.75,46086.0
2021-05-25 14:15:00,NSE:SADBHAV,68.75,69.5,68.75,69.1,24753.0
2021-05-25 14:30:00,NSE:SADBHAV,69.2,69.5,68.9,69.25,13264.0
2021-05-25 14:45:00,NSE:SADBHAV,69.45,69.6,69.25,69.25,10360.0
2021-05-25 15:00:00,NSE:SADBHAV,69.4,69.6,69.0,69.05,16772.0
2021-05-25 15:15:00,NSE:SADBHAV,69.2,69.35,68.3,69.0,53618.0
2021-05-25 15:30:00,NSE:SADBHAV,69.05,69.05,69.05,69.05,500.0
2021-05-25 15:45:00,NSE:SADBHAV,69.05,69.05,69.0,69.0,1190.0
2021-05-26 09:00:00,NSE:SADBHAV,69.8,69.8,69.8,69.8,3234.0
2021-05-26 09:15:00,NSE:SADBHAV,69.8,70.35,69.5,69.8,20495.0
2021-05-26 09:30:00,NSE:SADBHAV,69.7,70.3,69.65,70.05,20835.0
2021-05-26 09:45:00,NSE:SADBHAV,70.1,70.6,70.1,70.3,28267.0
2021-05-26 10:00:00,NSE:SADBHAV,70.3,72.1,70.3,71.8,143968.0
2021-05-26 10:15:00,NSE:SADBHAV,71.7,71.7,71.1,71.3,29695.0
2021-05-26 10:30:00,NSE:SADBHAV,71.3,71.4,70.95,71.1,44854.0
2021-05-26 10:45:00,NSE:SADBHAV,71.05,71.1,70.75,71.0,25056.0
2021-05-26 11:00:00,NSE:SADBHAV,71.0,71.5,70.75,71.5,25313.0
2021-05-26 11:15:00,NSE:SADBHAV,71.55,71.6,70.85,71.1,18721.0
2021-05-26 11:30:00,NSE:SADBHAV,71.0,71.1,70.85,70.85,10605.0
2021-05-26 11:45:00,NSE:SADBHAV,71.0,71.0,70.8,70.95,3157.0
2021-05-26 12:00:00,NSE:SADBHAV,70.95,71.1,70.8,71.0,15589.0
2021-05-26 12:15:00,NSE:SADBHAV,71.0,71.05,70.85,71.0,11763.0
2021-05-26 12:30:00,NSE:SADBHAV,70.95,71.0,70.8,70.85,9830.0
2021-05-26 12:45:00,NSE:SADBHAV,70.9,70.95,70.65,70.8,5648.0
2021-05-26 13:00:00,NSE:SADBHAV,70.8,70.95,70.6,70.7,5894.0
2021-05-26 13:15:00,NSE:SADBHAV,70.8,70.8,70.25,70.45,12686.0
2021-05-26 13:30:00,NSE:SADBHAV,70.4,70.6,70.15,70.3,4494.0
2021-05-26 13:45:00,NSE:SADBHAV,70.4,70.9,70.3,70.8,6605.0
2021-05-26 14:00:00,NSE:SADBHAV,70.9,70.9,70.65,70.85,6917.0
2021-05-26 14:15:00,NSE:SADBHAV,70.75,71.0,70.4,71.0,17322.0
2021-05-26 14:30:00,NSE:SADBHAV,70.9,70.9,70.4,70.7,12649.0
2021-05-26 14:45:00,NSE:SADBHAV,70.5,70.65,70.25,70.35,14272.0
2021-05-26 15:00:00,NSE:SADBHAV,70.35,70.35,70.1,70.2,14589.0
2021-05-26 15:15:00,NSE:SADBHAV,70.1,70.9,70.1,70.45,33326.0
2021-05-26 15:30:00,NSE:SADBHAV,70.4,70.45,70.4,70.4,706.0
2021-05-27 09:00:00,NSE:SADBHAV,70.6,70.6,70.6,70.6,950.0
2021-05-27 09:15:00,NSE:SADBHAV,71.1,71.4,70.5,71.05,30020.0
2021-05-27 09:30:00,NSE:SADBHAV,71.1,71.3,70.7,70.8,23747.0
2021-05-27 09:45:00,NSE:SADBHAV,70.75,70.95,70.6,70.6,12439.0
2021-05-27 10:00:00,NSE:SADBHAV,70.65,71.1,70.6,70.75,12647.0
2021-05-27 10:15:00,NSE:SADBHAV,70.95,71.0,70.7,71.0,16241.0
2021-05-27 10:30:00,NSE:SADBHAV,71.05,71.1,70.8,70.85,8783.0
2021-05-27 10:45:00,NSE:SADBHAV,70.85,70.95,70.8,70.9,3145.0
2021-05-27 11:00:00,NSE:SADBHAV,70.9,71.05,70.8,71.0,12349.0
2021-05-27 11:15:00,NSE:SADBHAV,71.0,71.3,70.85,71.15,16848.0
2021-05-27 11:30:00,NSE:SADBHAV,71.1,71.15,71.0,71.0,11907.0
2021-05-27 11:45:00,NSE:SADBHAV,71.1,71.15,70.85,71.15,14780.0
2021-05-27 12:00:00,NSE:SADBHAV,71.05,71.05,70.7,70.75,5381.0
2021-05-27 12:15:00,NSE:SADBHAV,70.8,70.85,70.1,70.25,18179.0
2021-05-27 12:30:00,NSE:SADBHAV,70.15,70.45,70.0,70.4,8496.0
2021-05-27 12:45:00,NSE:SADBHAV,70.4,70.4,70.2,70.3,2166.0
2021-05-27 13:00:00,NSE:SADBHAV,70.35,70.45,70.3,70.45,1504.0
2021-05-27 13:15:00,NSE:SADBHAV,70.3,70.35,70.15,70.25,4835.0
2021-05-27 13:30:00,NSE:SADBHAV,70.35,70.35,70.15,70.35,11215.0
2021-05-27 13:45:00,NSE:SADBHAV,70.4,70.4,70.25,70.35,6993.0
2021-05-27 14:00:00,NSE:SADBHAV,70.25,70.4,70.1,70.2,9311.0
2021-05-27 14:15:00,NSE:SADBHAV,70.2,70.3,69.65,69.85,20261.0
2021-05-27 14:30:00,NSE:SADBHAV,69.85,70.0,69.8,70.0,7893.0
2021-05-27 14:45:00,NSE:SADBHAV,70.0,70.0,69.7,69.9,7709.0
2021-05-27 15:00:00,NSE:SADBHAV,69.8,70.0,69.8,69.95,11673.0
2021-05-27 15:15:00,NSE:SADBHAV,69.85,70.45,69.5,69.9,34638.0
2021-05-27 15:30:00,NSE:SADBHAV,69.8,69.8,69.8,69.8,400.0
2021-05-27 15:45:00,NSE:SADBHAV,69.8,69.8,69.8,69.8,200.0
2021-05-28 09:00:00,NSE:SADBHAV,70.25,70.25,70.25,70.25,3020.0
2021-05-28 09:15:00,NSE:SADBHAV,70.5,71.0,70.2,70.8,39430.0
2021-05-28 09:30:00,NSE:SADBHAV,70.8,70.9,70.6,70.7,18637.0
2021-05-28 09:45:00,NSE:SADBHAV,70.75,70.8,70.5,70.5,8447.0
2021-05-28 10:00:00,NSE:SADBHAV,70.55,70.55,70.2,70.4,7340.0
2021-05-28 10:15:00,NSE:SADBHAV,70.5,70.5,69.65,70.0,33229.0
2021-05-28 10:30:00,NSE:SADBHAV,70.25,70.3,69.95,70.15,10167.0
2021-05-28 10:45:00,NSE:SADBHAV,70.3,70.3,69.8,70.0,10820.0
2021-05-28 11:00:00,NSE:SADBHAV,69.75,69.85,69.35,69.45,14453.0
2021-05-28 11:15:00,NSE:SADBHAV,69.4,69.5,69.3,69.3,10988.0
2021-05-28 11:30:00,NSE:SADBHAV,69.3,69.5,69.15,69.25,6302.0
2021-05-28 11:45:00,NSE:SADBHAV,69.2,69.35,69.2,69.3,4155.0
2021-05-28 12:00:00,NSE:SADBHAV,69.3,69.45,69.1,69.25,7408.0
2021-05-28 12:15:00,NSE:SADBHAV,69.4,69.5,69.25,69.5,2418.0
2021-05-28 12:30:00,NSE:SADBHAV,69.35,69.5,69.3,69.45,3430.0
2021-05-28 12:45:00,NSE:SADBHAV,69.45,69.7,69.4,69.7,3678.0
2021-05-28 13:00:00,NSE:SADBHAV,69.75,70.05,69.5,70.0,7405.0
2021-05-28 13:15:00,NSE:SADBHAV,70.05,70.2,69.9,69.9,12298.0
2021-05-28 13:30:00,NSE:SADBHAV,69.9,69.9,69.6,69.65,5400.0
2021-05-28 13:45:00,NSE:SADBHAV,69.65,69.75,69.5,69.65,5165.0
2021-05-28 14:00:00,NSE:SADBHAV,69.6,69.7,69.4,69.4,5967.0
2021-05-28 14:15:00,NSE:SADBHAV,69.5,69.65,69.1,69.1,17586.0
2021-05-28 14:30:00,NSE:SADBHAV,69.35,69.65,69.25,69.65,7889.0
2021-05-28 14:45:00,NSE:SADBHAV,69.65,69.7,69.1,69.15,10602.0
2021-05-28 15:00:00,NSE:SADBHAV,69.15,69.35,68.6,68.8,40855.0
2021-05-28 15:15:00,NSE:SADBHAV,68.8,69.15,68.4,68.8,53285.0
2021-05-28 15:30:00,NSE:SADBHAV,68.8,68.8,68.8,68.8,1231.0
2021-05-28 15:45:00,NSE:SADBHAV,68.8,68.8,68.8,68.8,659.0
2021-05-31 09:00:00,NSE:SADBHAV,69.0,69.0,69.0,69.0,432.0
2021-05-31 09:15:00,NSE:SADBHAV,69.1,69.9,69.1,69.25,28875.0
2021-05-31 09:30:00,NSE:SADBHAV,69.2,69.2,67.9,68.5,56379.0
2021-05-31 09:45:00,NSE:SADBHAV,68.5,68.5,68.0,68.0,16275.0
2021-05-31 10:00:00,NSE:SADBHAV,67.85,68.5,67.75,68.25,35346.0
2021-05-31 10:15:00,NSE:SADBHAV,68.3,68.45,68.2,68.35,12229.0
2021-05-31 10:30:00,NSE:SADBHAV,68.35,68.35,67.65,68.0,19263.0
2021-05-31 10:45:00,NSE:SADBHAV,67.95,68.2,67.7,67.95,18393.0
2021-05-31 11:00:00,NSE:SADBHAV,67.7,68.15,67.7,67.95,11228.0
2021-05-31 11:15:00,NSE:SADBHAV,68.0,68.1,67.9,68.05,7586.0
2021-05-31 11:30:00,NSE:SADBHAV,68.05,68.3,67.85,67.85,17343.0
2021-05-31 11:45:00,NSE:SADBHAV,68.05,68.1,67.9,68.0,6572.0
2021-05-31 12:00:00,NSE:SADBHAV,68.0,68.0,67.9,68.0,4263.0
2021-05-31 12:15:00,NSE:SADBHAV,68.0,68.0,67.8,67.8,3681.0
2021-05-31 12:30:00,NSE:SADBHAV,67.85,67.95,67.7,67.95,7707.0
2021-05-31 12:45:00,NSE:SADBHAV,67.9,67.9,67.8,67.9,2976.0
2021-05-31 13:00:00,NSE:SADBHAV,67.9,67.95,67.75,67.8,4864.0
2021-05-31 13:15:00,NSE:SADBHAV,67.85,67.9,67.6,67.6,8932.0
2021-05-31 13:30:00,NSE:SADBHAV,67.65,67.75,67.2,67.4,19760.0
2021-05-31 13:45:00,NSE:SADBHAV,67.45,67.65,67.35,67.6,9676.0
2021-05-31 14:00:00,NSE:SADBHAV,67.65,67.75,67.55,67.75,16339.0
2021-05-31 14:15:00,NSE:SADBHAV,67.7,67.75,67.4,67.7,4724.0
2021-05-31 14:30:00,NSE:SADBHAV,67.65,67.75,67.55,67.7,6553.0
2021-05-31 14:45:00,NSE:SADBHAV,67.7,67.9,67.6,67.75,10333.0
2021-05-31 15:00:00,NSE:SADBHAV,67.75,67.75,67.5,67.65,12340.0
2021-05-31 15:15:00,NSE:SADBHAV,67.6,67.9,67.1,67.8,64124.0
2021-05-31 15:45:00,NSE:SADBHAV,67.55,67.55,67.55,67.55,336.0
2021-06-01 09:00:00,NSE:SADBHAV,68.0,68.0,68.0,68.0,1001.0
2021-06-01 09:15:00,NSE:SADBHAV,68.2,68.6,67.65,67.85,31743.0
2021-06-01 09:30:00,NSE:SADBHAV,67.8,68.2,67.75,68.2,18282.0
2021-06-01 09:45:00,NSE:SADBHAV,68.15,68.15,67.65,67.65,20155.0
2021-06-01 10:00:00,NSE:SADBHAV,67.7,67.9,67.65,67.8,5983.0
2021-06-01 10:15:00,NSE:SADBHAV,67.8,67.8,66.8,67.4,27497.0
2021-06-01 10:30:00,NSE:SADBHAV,67.4,67.55,66.65,66.65,18377.0
2021-06-01 10:45:00,NSE:SADBHAV,66.65,67.0,66.5,66.7,38296.0
2021-06-01 11:00:00,NSE:SADBHAV,66.9,66.9,66.5,66.6,5554.0
2021-06-01 11:15:00,NSE:SADBHAV,66.6,66.65,66.2,66.3,14171.0
2021-06-01 11:30:00,NSE:SADBHAV,66.3,66.45,65.9,66.05,20846.0
2021-06-01 11:45:00,NSE:SADBHAV,66.1,66.15,65.25,65.4,29420.0
2021-06-01 12:00:00,NSE:SADBHAV,65.45,65.6,64.6,65.0,71162.0
2021-06-01 12:15:00,NSE:SADBHAV,65.0,65.2,64.85,65.05,35719.0
2021-06-01 12:30:00,NSE:SADBHAV,65.05,65.1,64.85,64.9,40245.0
2021-06-01 12:45:00,NSE:SADBHAV,64.9,65.1,64.9,65.1,14935.0
2021-06-01 13:00:00,NSE:SADBHAV,65.1,65.15,65.0,65.0,7472.0
2021-06-01 13:15:00,NSE:SADBHAV,65.0,65.3,64.8,65.2,13942.0
2021-06-01 13:30:00,NSE:SADBHAV,65.2,65.3,65.0,65.3,10997.0
2021-06-01 13:45:00,NSE:SADBHAV,65.25,65.55,65.15,65.55,12817.0
2021-06-01 14:00:00,NSE:SADBHAV,65.55,65.7,65.0,65.0,15442.0
2021-06-01 14:15:00,NSE:SADBHAV,65.35,65.7,65.15,65.45,11397.0
2021-06-01 14:30:00,NSE:SADBHAV,65.45,65.5,65.2,65.35,6175.0
2021-06-01 14:45:00,NSE:SADBHAV,65.35,65.75,65.35,65.7,5436.0
2021-06-01 15:00:00,NSE:SADBHAV,65.65,65.75,65.5,65.5,5578.0
2021-06-01 15:15:00,NSE:SADBHAV,65.6,65.8,65.45,65.8,19364.0
2021-06-01 15:30:00,NSE:SADBHAV,65.6,65.6,65.6,65.6,250.0
2021-06-01 15:45:00,NSE:SADBHAV,65.6,65.8,65.6,65.6,367.0
2021-06-02 09:00:00,NSE:SADBHAV,65.8,65.8,65.8,65.8,178.0
2021-06-02 09:15:00,NSE:SADBHAV,65.6,66.7,65.3,65.75,34877.0
2021-06-02 09:30:00,NSE:SADBHAV,65.75,66.7,65.75,66.35,22903.0
2021-06-02 09:45:00,NSE:SADBHAV,66.35,66.5,66.1,66.45,10357.0
2021-06-02 10:00:00,NSE:SADBHAV,66.45,66.55,66.2,66.4,8371.0
2021-06-02 10:15:00,NSE:SADBHAV,66.4,66.5,66.25,66.45,5612.0
2021-06-02 10:30:00,NSE:SADBHAV,66.3,66.45,66.3,66.3,3156.0
2021-06-02 10:45:00,NSE:SADBHAV,66.45,66.6,66.25,66.5,6786.0
2021-06-02 11:00:00,NSE:SADBHAV,66.6,67.25,66.55,67.25,10876.0
2021-06-02 11:15:00,NSE:SADBHAV,67.3,67.6,67.1,67.45,29240.0
2021-06-02 11:30:00,NSE:SADBHAV,67.4,67.4,67.1,67.2,9825.0
2021-06-02 11:45:00,NSE:SADBHAV,67.15,67.4,67.0,67.25,10067.0
2021-06-02 12:00:00,NSE:SADBHAV,67.25,67.35,67.25,67.35,3461.0
2021-06-02 12:15:00,NSE:SADBHAV,67.45,67.45,66.8,66.9,17439.0
2021-06-02 12:30:00,NSE:SADBHAV,66.9,67.0,66.85,66.95,2419.0
2021-06-02 12:45:00,NSE:SADBHAV,66.95,67.0,66.85,66.95,3650.0
2021-06-02 13:00:00,NSE:SADBHAV,66.85,66.85,66.45,66.5,15824.0
2021-06-02 13:15:00,NSE:SADBHAV,66.45,66.5,66.4,66.5,5165.0
2021-06-02 13:30:00,NSE:SADBHAV,66.5,66.5,66.4,66.5,1986.0
2021-06-02 13:45:00,NSE:SADBHAV,66.5,66.5,66.4,66.5,6236.0
2021-06-02 14:00:00,NSE:SADBHAV,66.5,66.5,66.35,66.4,7941.0
2021-06-02 14:15:00,NSE:SADBHAV,66.5,66.55,66.4,66.4,13106.0
2021-06-02 14:30:00,NSE:SADBHAV,66.45,66.5,66.35,66.5,9222.0
2021-06-02 14:45:00,NSE:SADBHAV,66.5,66.55,66.3,66.45,27622.0
2021-06-02 15:00:00,NSE:SADBHAV,66.45,66.55,66.3,66.4,19537.0
2021-06-02 15:15:00,NSE:SADBHAV,66.4,66.5,66.25,66.45,36392.0
2021-06-02 15:30:00,NSE:SADBHAV,66.45,66.45,66.45,66.45,600.0
2021-06-02 15:45:00,NSE:SADBHAV,66.45,66.45,66.45,66.45,2100.0
2021-06-03 09:00:00,NSE:SADBHAV,69.5,69.5,69.5,69.5,20001.0
2021-06-03 09:15:00,NSE:SADBHAV,68.05,68.55,67.7,68.5,77872.0
2021-06-03 09:30:00,NSE:SADBHAV,68.5,69.05,68.05,68.95,73711.0
2021-06-03 09:45:00,NSE:SADBHAV,69.0,70.55,68.95,69.75,122976.0
2021-06-03 10:00:00,NSE:SADBHAV,69.75,69.85,69.2,69.8,31295.0
2021-06-03 10:15:00,NSE:SADBHAV,69.8,70.2,69.7,69.8,48518.0
2021-06-03 10:30:00,NSE:SADBHAV,69.8,69.9,69.7,69.9,9049.0
2021-06-03 10:45:00,NSE:SADBHAV,69.7,70.0,69.65,69.8,20065.0
2021-06-03 11:00:00,NSE:SADBHAV,69.8,69.8,69.35,69.45,15912.0
2021-06-03 11:15:00,NSE:SADBHAV,69.4,69.5,69.3,69.35,13164.0
2021-06-03 11:30:00,NSE:SADBHAV,69.35,69.55,69.0,69.15,15410.0
2021-06-03 11:45:00,NSE:SADBHAV,69.15,69.4,69.0,69.4,10289.0
2021-06-03 12:00:00,NSE:SADBHAV,69.3,69.85,69.1,69.55,15742.0
2021-06-03 12:15:00,NSE:SADBHAV,69.45,69.65,69.4,69.65,6347.0
2021-06-03 12:30:00,NSE:SADBHAV,69.5,70.15,69.25,69.6,66971.0
2021-06-03 12:45:00,NSE:SADBHAV,69.8,69.95,69.3,69.35,15512.0
2021-06-03 13:00:00,NSE:SADBHAV,69.55,69.55,69.25,69.45,3920.0
2021-06-03 13:15:00,NSE:SADBHAV,69.45,69.45,69.1,69.15,6109.0
2021-06-03 13:30:00,NSE:SADBHAV,69.15,69.6,69.05,69.6,7188.0
2021-06-03 13:45:00,NSE:SADBHAV,69.6,69.7,69.3,69.65,10500.0
2021-06-03 14:00:00,NSE:SADBHAV,69.7,70.0,69.6,69.9,9422.0
2021-06-03 14:15:00,NSE:SADBHAV,70.0,70.0,69.6,69.7,7951.0
2021-06-03 14:30:00,NSE:SADBHAV,69.7,70.0,69.55,69.7,10461.0
2021-06-03 14:45:00,NSE:SADBHAV,69.7,69.7,69.35,69.65,8278.0
2021-06-03 15:00:00,NSE:SADBHAV,69.65,69.9,69.45,69.5,27249.0
2021-06-03 15:15:00,NSE:SADBHAV,69.5,69.9,69.05,69.6,58065.0
2021-06-03 15:30:00,NSE:SADBHAV,69.65,69.65,69.65,69.65,200.0
2021-06-04 09:00:00,NSE:SADBHAV,69.9,69.9,69.9,69.9,151.0
2021-06-04 09:15:00,NSE:SADBHAV,69.9,71.0,69.8,70.1,63583.0
2021-06-04 09:30:00,NSE:SADBHAV,70.0,70.4,69.95,70.2,15571.0
2021-06-04 09:45:00,NSE:SADBHAV,70.4,70.65,69.75,69.95,29676.0
2021-06-04 10:00:00,NSE:SADBHAV,69.85,70.0,69.8,69.9,5871.0
2021-06-04 10:15:00,NSE:SADBHAV,69.9,70.2,69.9,70.05,3999.0
2021-06-04 10:30:00,NSE:SADBHAV,70.0,70.1,69.75,69.9,18557.0
2021-06-04 10:45:00,NSE:SADBHAV,69.8,69.95,69.5,69.65,19810.0
2021-06-04 11:00:00,NSE:SADBHAV,69.6,69.65,69.45,69.6,8393.0
2021-06-04 11:15:00,NSE:SADBHAV,69.5,69.6,69.3,69.45,14112.0
2021-06-04 11:30:00,NSE:SADBHAV,69.35,69.6,69.35,69.5,3744.0
2021-06-04 11:45:00,NSE:SADBHAV,69.5,69.8,69.5,69.6,3088.0
2021-06-04 12:00:00,NSE:SADBHAV,69.75,69.75,69.7,69.75,590.0
2021-06-04 12:15:00,NSE:SADBHAV,69.75,70.25,69.75,70.25,10303.0
2021-06-04 12:30:00,NSE:SADBHAV,70.0,70.1,69.8,69.95,2674.0
2021-06-04 12:45:00,NSE:SADBHAV,69.75,69.9,69.6,69.75,6418.0
2021-06-04 13:00:00,NSE:SADBHAV,69.7,69.9,69.65,69.9,6026.0
2021-06-04 13:15:00,NSE:SADBHAV,69.95,70.25,69.85,69.85,11505.0
2021-06-04 13:30:00,NSE:SADBHAV,69.85,69.9,69.75,69.75,933.0
2021-06-04 13:45:00,NSE:SADBHAV,69.75,69.95,69.75,69.95,2284.0
2021-06-04 14:00:00,NSE:SADBHAV,69.95,69.95,69.6,69.6,2616.0
2021-06-04 14:15:00,NSE:SADBHAV,69.8,70.0,69.6,69.95,17087.0
2021-06-04 14:30:00,NSE:SADBHAV,69.95,70.0,69.75,69.75,15401.0
2021-06-04 14:45:00,NSE:SADBHAV,69.45,69.9,69.3,69.9,27848.0
2021-06-04 15:00:00,NSE:SADBHAV,69.95,70.55,69.8,70.4,38628.0
2021-06-04 15:15:00,NSE:SADBHAV,70.35,70.45,70.0,70.05,35145.0
2021-06-04 15:30:00,NSE:SADBHAV,70.2,70.2,70.2,70.2,1000.0
2021-06-07 09:00:00,NSE:SADBHAV,71.0,71.0,71.0,71.0,1173.0
2021-06-07 09:15:00,NSE:SADBHAV,71.2,73.6,71.05,73.0,213812.0
2021-06-07 09:30:00,NSE:SADBHAV,73.0,74.45,72.2,72.9,205896.0
2021-06-07 09:45:00,NSE:SADBHAV,72.9,73.05,72.15,72.65,71248.0
2021-06-07 10:00:00,NSE:SADBHAV,72.7,73.45,72.05,73.1,51905.0
2021-06-07 10:15:00,NSE:SADBHAV,73.5,73.7,73.05,73.4,78587.0
2021-06-07 10:30:00,NSE:SADBHAV,73.35,73.55,72.7,72.9,31200.0
2021-06-07 10:45:00,NSE:SADBHAV,72.7,72.9,72.5,72.6,22585.0
2021-06-07 11:00:00,NSE:SADBHAV,72.6,73.0,72.6,72.8,19369.0
2021-06-07 11:15:00,NSE:SADBHAV,72.8,72.95,72.3,72.3,12101.0
2021-06-07 11:30:00,NSE:SADBHAV,72.3,72.75,72.15,72.25,25837.0
2021-06-07 11:45:00,NSE:SADBHAV,72.25,72.35,72.1,72.35,16015.0
2021-06-07 12:00:00,NSE:SADBHAV,72.2,73.5,72.15,73.3,69182.0
2021-06-07 12:15:00,NSE:SADBHAV,73.4,73.5,72.75,73.4,81226.0
2021-06-07 12:30:00,NSE:SADBHAV,73.4,74.3,73.2,73.3,178323.0
2021-06-07 12:45:00,NSE:SADBHAV,73.25,73.5,72.8,73.5,37226.0
2021-06-07 13:00:00,NSE:SADBHAV,73.6,75.75,73.6,74.7,514741.0
2021-06-07 13:15:00,NSE:SADBHAV,74.85,75.35,74.3,74.35,104714.0
2021-06-07 13:30:00,NSE:SADBHAV,74.35,75.55,74.0,75.2,134459.0
2021-06-07 13:45:00,NSE:SADBHAV,75.2,76.25,75.15,75.4,292430.0
2021-06-07 14:00:00,NSE:SADBHAV,75.3,75.35,74.45,74.55,72255.0
2021-06-07 14:15:00,NSE:SADBHAV,74.55,75.1,74.3,74.8,51936.0
2021-06-07 14:30:00,NSE:SADBHAV,74.75,74.75,74.35,74.55,55547.0
2021-06-07 14:45:00,NSE:SADBHAV,74.5,74.5,73.25,73.95,199963.0
2021-06-07 15:00:00,NSE:SADBHAV,74.0,74.15,73.6,73.9,50892.0
2021-06-07 15:15:00,NSE:SADBHAV,73.9,74.5,73.7,74.2,116463.0
2021-06-07 15:30:00,NSE:SADBHAV,74.2,74.2,74.0,74.0,217.0
2021-06-08 09:00:00,NSE:SADBHAV,74.8,74.8,74.8,74.8,8930.0
2021-06-08 09:15:00,NSE:SADBHAV,74.5,75.9,74.15,74.95,127825.0
2021-06-08 09:30:00,NSE:SADBHAV,74.8,77.7,74.55,76.15,299734.0
2021-06-08 09:45:00,NSE:SADBHAV,76.25,76.5,75.1,75.35,148212.0
2021-06-08 10:00:00,NSE:SADBHAV,75.5,75.5,74.45,75.15,101360.0
2021-06-08 10:15:00,NSE:SADBHAV,75.25,75.7,75.15,75.5,28854.0
2021-06-08 10:30:00,NSE:SADBHAV,75.35,75.65,75.2,75.5,13616.0
2021-06-08 10:45:00,NSE:SADBHAV,75.6,75.8,75.25,75.7,25276.0
2021-06-08 11:00:00,NSE:SADBHAV,75.7,76.2,75.5,75.85,45995.0
2021-06-08 11:15:00,NSE:SADBHAV,75.65,76.1,75.65,76.05,30366.0
2021-06-08 11:30:00,NSE:SADBHAV,76.05,76.45,75.85,76.45,46080.0
2021-06-08 11:45:00,NSE:SADBHAV,76.25,76.5,75.9,75.9,33842.0
2021-06-08 12:00:00,NSE:SADBHAV,75.95,75.95,75.1,75.2,36055.0
2021-06-08 12:15:00,NSE:SADBHAV,75.2,75.85,75.2,75.65,19734.0
2021-06-08 12:30:00,NSE:SADBHAV,75.6,76.0,75.45,75.85,9878.0
2021-06-08 12:45:00,NSE:SADBHAV,75.8,76.15,75.8,75.85,14862.0
2021-06-08 13:00:00,NSE:SADBHAV,76.0,76.35,75.9,76.35,14953.0
2021-06-08 13:15:00,NSE:SADBHAV,76.35,76.4,75.65,75.85,19437.0
2021-06-08 13:30:00,NSE:SADBHAV,75.7,75.85,75.45,75.7,11524.0
2021-06-08 13:45:00,NSE:SADBHAV,75.7,76.55,75.7,75.7,43701.0
2021-06-08 14:00:00,NSE:SADBHAV,75.7,75.8,75.55,75.6,13281.0
2021-06-08 14:15:00,NSE:SADBHAV,75.6,75.8,75.45,75.45,10474.0
2021-06-08 14:30:00,NSE:SADBHAV,75.6,75.65,75.35,75.35,10711.0
2021-06-08 14:45:00,NSE:SADBHAV,75.4,75.6,75.1,75.3,22494.0
2021-06-08 15:00:00,NSE:SADBHAV,75.3,75.4,75.0,75.2,38898.0
2021-06-08 15:15:00,NSE:SADBHAV,75.1,75.3,74.5,75.05,73594.0
2021-06-08 15:30:00,NSE:SADBHAV,75.3,75.3,75.0,75.0,2000.0
2021-06-09 09:00:00,NSE:SADBHAV,75.7,75.7,75.7,75.7,3548.0
2021-06-09 09:15:00,NSE:SADBHAV,75.8,75.85,74.0,74.65,48200.0
2021-06-09 09:30:00,NSE:SADBHAV,74.65,75.75,74.65,75.45,40736.0
2021-06-09 09:45:00,NSE:SADBHAV,75.35,75.5,75.05,75.3,15723.0
2021-06-09 10:00:00,NSE:SADBHAV,75.5,75.5,75.05,75.05,21892.0
2021-06-09 10:15:00,NSE:SADBHAV,75.05,75.1,74.7,74.75,26161.0
2021-06-09 10:30:00,NSE:SADBHAV,74.8,74.9,74.7,74.75,7161.0
2021-06-09 10:45:00,NSE:SADBHAV,74.7,74.8,74.35,74.35,23552.0
2021-06-09 11:00:00,NSE:SADBHAV,74.3,74.5,73.3,73.75,51777.0
2021-06-09 11:15:00,NSE:SADBHAV,73.75,74.6,73.7,74.5,27730.0
2021-06-09 11:30:00,NSE:SADBHAV,74.6,74.6,74.15,74.2,14979.0
2021-06-09 11:45:00,NSE:SADBHAV,74.2,74.4,73.9,74.0,22513.0
2021-06-09 12:00:00,NSE:SADBHAV,74.1,74.35,73.9,74.05,15163.0
2021-06-09 12:15:00,NSE:SADBHAV,74.05,74.4,74.05,74.4,10786.0
2021-06-09 12:30:00,NSE:SADBHAV,74.4,74.6,74.2,74.3,8763.0
2021-06-09 12:45:00,NSE:SADBHAV,74.3,74.35,73.85,73.85,12482.0
2021-06-09 13:00:00,NSE:SADBHAV,74.0,74.1,72.9,73.0,33455.0
2021-06-09 13:15:00,NSE:SADBHAV,72.8,73.15,71.1,72.45,82275.0
2021-06-09 13:30:00,NSE:SADBHAV,72.5,72.8,72.1,72.6,25573.0
2021-06-09 13:45:00,NSE:SADBHAV,72.5,72.85,72.25,72.6,31676.0
2021-06-09 14:00:00,NSE:SADBHAV,72.75,73.25,72.75,73.1,22905.0
2021-06-09 14:15:00,NSE:SADBHAV,73.1,73.1,72.4,72.4,26522.0
2021-06-09 14:30:00,NSE:SADBHAV,72.45,72.5,71.0,71.2,86196.0
2021-06-09 14:45:00,NSE:SADBHAV,71.2,71.75,70.6,71.25,38419.0
2021-06-09 15:00:00,NSE:SADBHAV,71.3,71.95,71.15,71.9,29250.0
2021-06-09 15:15:00,NSE:SADBHAV,71.95,72.1,71.4,72.0,44814.0
2021-06-09 15:30:00,NSE:SADBHAV,71.75,71.75,71.75,71.75,300.0
2021-06-10 09:00:00,NSE:SADBHAV,72.85,72.85,72.85,72.85,631.0
2021-06-10 09:15:00,NSE:SADBHAV,72.85,72.85,71.65,72.0,26710.0
2021-06-10 09:30:00,NSE:SADBHAV,72.0,73.45,72.0,73.45,53449.0
2021-06-10 09:45:00,NSE:SADBHAV,73.4,74.0,72.7,72.7,39392.0
2021-06-10 10:00:00,NSE:SADBHAV,72.8,72.8,72.6,72.75,6253.0
2021-06-10 10:15:00,NSE:SADBHAV,72.85,72.95,72.65,72.85,4493.0
2021-06-10 10:30:00,NSE:SADBHAV,72.85,73.8,72.8,73.7,48074.0
2021-06-10 10:45:00,NSE:SADBHAV,73.75,75.3,73.7,75.05,185743.0
2021-06-10 11:00:00,NSE:SADBHAV,75.0,75.6,74.7,74.8,100624.0
2021-06-10 11:15:00,NSE:SADBHAV,74.8,76.6,74.75,76.05,191492.0
2021-06-10 11:30:00,NSE:SADBHAV,75.8,76.05,74.75,75.4,156375.0
2021-06-10 11:45:00,NSE:SADBHAV,75.35,76.0,74.85,74.9,79955.0
2021-06-10 12:00:00,NSE:SADBHAV,75.0,75.15,74.6,74.75,28062.0
2021-06-10 12:15:00,NSE:SADBHAV,74.75,75.0,74.5,74.65,25730.0
2021-06-10 12:30:00,NSE:SADBHAV,74.75,74.85,74.6,74.75,24656.0
2021-06-10 12:45:00,NSE:SADBHAV,74.75,74.8,74.3,74.4,24459.0
2021-06-10 13:00:00,NSE:SADBHAV,74.5,74.8,74.4,74.4,10345.0
2021-06-10 13:15:00,NSE:SADBHAV,74.55,74.55,74.35,74.4,34048.0
2021-06-10 13:30:00,NSE:SADBHAV,74.35,74.45,73.4,73.6,41201.0
2021-06-10 13:45:00,NSE:SADBHAV,73.7,74.55,73.6,74.15,134077.0
2021-06-10 14:00:00,NSE:SADBHAV,74.2,74.2,73.8,73.9,18415.0
2021-06-10 14:15:00,NSE:SADBHAV,73.9,73.95,73.7,73.8,23149.0
2021-06-10 14:30:00,NSE:SADBHAV,73.8,73.9,73.6,73.8,69274.0
2021-06-10 14:45:00,NSE:SADBHAV,73.75,73.9,73.55,73.8,31628.0
2021-06-10 15:00:00,NSE:SADBHAV,73.75,73.9,73.65,73.8,70946.0
2021-06-10 15:15:00,NSE:SADBHAV,73.8,74.15,73.5,74.0,104266.0
2021-06-10 15:30:00,NSE:SADBHAV,73.8,73.8,73.75,73.75,291.0
2021-06-11 09:00:00,NSE:SADBHAV,74.4,74.4,74.4,74.4,240.0
2021-06-11 09:15:00,NSE:SADBHAV,74.4,74.9,73.85,74.5,49660.0
2021-06-11 09:30:00,NSE:SADBHAV,74.4,74.7,73.9,74.3,27817.0
2021-06-11 09:45:00,NSE:SADBHAV,74.2,74.9,74.1,74.9,14125.0
2021-06-11 10:00:00,NSE:SADBHAV,74.7,74.75,74.2,74.4,6847.0
2021-06-11 10:15:00,NSE:SADBHAV,74.3,74.4,73.3,73.6,51489.0
2021-06-11 10:30:00,NSE:SADBHAV,73.55,73.95,73.4,73.9,11184.0
2021-06-11 10:45:00,NSE:SADBHAV,73.95,74.15,73.6,74.15,24244.0
2021-06-11 11:00:00,NSE:SADBHAV,74.15,74.35,73.95,74.3,33575.0
2021-06-11 11:15:00,NSE:SADBHAV,74.35,74.35,73.65,73.8,29376.0
2021-06-11 11:30:00,NSE:SADBHAV,73.8,73.85,73.0,73.25,38472.0
2021-06-11 11:45:00,NSE:SADBHAV,73.5,74.0,73.35,74.0,48819.0
2021-06-11 12:00:00,NSE:SADBHAV,74.0,74.5,73.85,74.4,42878.0
2021-06-11 12:15:00,NSE:SADBHAV,74.25,75.5,74.2,74.75,72495.0
2021-06-11 12:30:00,NSE:SADBHAV,74.8,75.0,74.5,74.75,31921.0
2021-06-11 12:45:00,NSE:SADBHAV,74.85,76.4,74.8,75.45,151491.0
2021-06-11 13:00:00,NSE:SADBHAV,75.3,75.8,75.25,75.65,38916.0
2021-06-11 13:15:00,NSE:SADBHAV,75.5,75.7,75.3,75.55,50182.0
2021-06-11 13:30:00,NSE:SADBHAV,75.6,75.6,75.0,75.25,47518.0
2021-06-11 13:45:00,NSE:SADBHAV,75.25,75.6,75.2,75.5,23789.0
2021-06-11 14:00:00,NSE:SADBHAV,75.55,75.75,75.3,75.5,30791.0
2021-06-11 14:15:00,NSE:SADBHAV,75.5,75.8,75.25,75.25,34825.0
2021-06-11 14:30:00,NSE:SADBHAV,75.25,75.45,75.2,75.25,9815.0
2021-06-11 14:45:00,NSE:SADBHAV,75.25,75.4,75.0,75.0,49245.0
2021-06-11 15:00:00,NSE:SADBHAV,75.05,75.45,74.8,75.25,42715.0
2021-06-11 15:15:00,NSE:SADBHAV,75.15,75.2,74.85,75.2,59077.0
2021-06-11 15:30:00,NSE:SADBHAV,75.05,75.05,75.05,75.05,150.0
2021-06-14 09:00:00,NSE:SADBHAV,75.5,75.5,75.5,75.5,1851.0
2021-06-14 09:15:00,NSE:SADBHAV,75.5,75.65,73.05,73.2,106710.0
2021-06-14 09:30:00,NSE:SADBHAV,73.05,73.05,71.75,72.95,76420.0
2021-06-14 09:45:00,NSE:SADBHAV,72.6,73.5,72.0,73.35,68484.0
2021-06-14 10:00:00,NSE:SADBHAV,73.4,74.65,72.85,73.8,91774.0
2021-06-14 10:15:00,NSE:SADBHAV,73.75,73.8,73.45,73.6,11053.0
2021-06-14 10:30:00,NSE:SADBHAV,73.6,73.6,72.95,73.0,29760.0
2021-06-14 10:45:00,NSE:SADBHAV,73.0,73.8,72.8,73.8,34693.0
2021-06-14 11:00:00,NSE:SADBHAV,74.0,74.05,73.6,73.95,40113.0
2021-06-14 11:15:00,NSE:SADBHAV,74.0,78.0,73.8,76.6,317224.0
2021-06-14 11:30:00,NSE:SADBHAV,76.6,79.5,76.6,78.9,440958.0
2021-06-14 11:45:00,NSE:SADBHAV,78.95,80.3,78.45,79.95,407987.0
2021-06-14 12:00:00,NSE:SADBHAV,79.9,80.05,79.5,79.75,186519.0
2021-06-14 12:15:00,NSE:SADBHAV,79.85,79.85,79.3,79.3,94866.0
2021-06-14 12:30:00,NSE:SADBHAV,79.3,79.3,78.05,79.0,120596.0
2021-06-14 12:45:00,NSE:SADBHAV,79.0,79.25,79.0,79.05,52672.0
2021-06-14 13:00:00,NSE:SADBHAV,79.1,79.2,79.0,79.0,37232.0
2021-06-14 13:15:00,NSE:SADBHAV,79.0,79.25,79.0,79.2,29324.0
2021-06-14 13:30:00,NSE:SADBHAV,79.1,79.2,79.0,79.05,26614.0
2021-06-14 13:45:00,NSE:SADBHAV,79.05,79.2,79.0,79.15,47498.0
2021-06-14 14:00:00,NSE:SADBHAV,79.1,86.4,79.0,85.2,2134471.0
2021-06-14 14:15:00,NSE:SADBHAV,85.4,87.5,84.6,85.7,690970.0
2021-06-14 14:30:00,NSE:SADBHAV,85.85,85.9,84.3,84.65,423419.0
2021-06-14 14:45:00,NSE:SADBHAV,84.65,85.1,84.4,84.95,260679.0
2021-06-14 15:00:00,NSE:SADBHAV,85.0,85.0,82.45,83.0,382921.0
2021-06-14 15:15:00,NSE:SADBHAV,83.05,83.7,82.25,82.9,526293.0
2021-06-14 15:30:00,NSE:SADBHAV,83.35,83.35,82.9,82.9,600.0
2021-06-15 09:00:00,NSE:SADBHAV,83.8,83.8,83.8,83.8,13347.0
2021-06-15 09:15:00,NSE:SADBHAV,84.05,85.25,83.55,84.85,601642.0
2021-06-15 09:30:00,NSE:SADBHAV,84.8,91.0,83.9,88.25,2334853.0
2021-06-15 09:45:00,NSE:SADBHAV,88.15,88.25,86.7,87.75,487697.0
2021-06-15 10:00:00,NSE:SADBHAV,87.65,88.85,87.65,88.1,365993.0
2021-06-15 10:15:00,NSE:SADBHAV,88.35,89.35,87.7,88.7,200416.0
2021-06-15 10:30:00,NSE:SADBHAV,88.8,88.8,87.55,88.7,134674.0
2021-06-15 10:45:00,NSE:SADBHAV,88.65,89.3,87.8,88.25,197536.0
2021-06-15 11:00:00,NSE:SADBHAV,88.2,88.4,87.35,87.6,99500.0
2021-06-15 11:15:00,NSE:SADBHAV,87.55,87.9,87.3,87.8,61838.0
2021-06-15 11:30:00,NSE:SADBHAV,87.8,88.0,87.1,87.4,121928.0
2021-06-15 11:45:00,NSE:SADBHAV,87.25,88.0,86.55,87.7,150642.0
2021-06-15 12:00:00,NSE:SADBHAV,87.55,88.0,87.25,87.75,139474.0
2021-06-15 12:15:00,NSE:SADBHAV,87.7,88.0,87.5,87.5,65277.0
2021-06-15 12:30:00,NSE:SADBHAV,87.5,87.9,87.4,87.75,24045.0
2021-06-15 12:45:00,NSE:SADBHAV,87.75,88.35,87.45,87.7,91002.0
2021-06-15 13:00:00,NSE:SADBHAV,87.9,88.0,87.5,87.5,19166.0
2021-06-15 13:15:00,NSE:SADBHAV,87.3,87.7,87.1,87.1,34003.0
2021-06-15 13:30:00,NSE:SADBHAV,87.1,87.4,85.45,85.9,314950.0
2021-06-15 13:45:00,NSE:SADBHAV,85.8,85.9,84.4,85.45,179307.0
2021-06-15 14:00:00,NSE:SADBHAV,85.45,85.75,84.2,84.2,151604.0
2021-06-15 14:15:00,NSE:SADBHAV,84.3,85.0,83.75,84.7,126739.0
2021-06-15 14:30:00,NSE:SADBHAV,84.6,84.8,83.9,83.95,56432.0
2021-06-15 14:45:00,NSE:SADBHAV,84.0,84.1,82.55,82.8,379317.0
2021-06-15 15:00:00,NSE:SADBHAV,82.95,83.0,82.05,82.2,327796.0
2021-06-15 15:15:00,NSE:SADBHAV,82.3,83.8,82.2,82.75,375749.0
2021-06-15 15:30:00,NSE:SADBHAV,82.75,82.85,82.75,82.75,3100.0
2021-06-16 09:00:00,NSE:SADBHAV,82.95,82.95,82.95,82.95,5058.0
2021-06-16 09:15:00,NSE:SADBHAV,82.95,84.4,80.65,83.8,292759.0
2021-06-16 09:30:00,NSE:SADBHAV,83.8,83.85,82.35,82.65,93237.0
2021-06-16 09:45:00,NSE:SADBHAV,82.7,82.95,81.25,81.7,181835.0
2021-06-16 10:00:00,NSE:SADBHAV,81.7,82.8,81.7,82.2,71198.0
2021-06-16 10:15:00,NSE:SADBHAV,82.15,82.2,80.95,81.15,51558.0
2021-06-16 10:30:00,NSE:SADBHAV,81.2,81.45,80.95,81.2,44457.0
2021-06-16 10:45:00,NSE:SADBHAV,81.45,81.8,81.1,81.45,43744.0
2021-06-16 11:00:00,NSE:SADBHAV,81.45,81.55,80.8,81.2,165445.0
2021-06-16 11:15:00,NSE:SADBHAV,80.75,81.7,80.75,81.35,48916.0
2021-06-16 11:30:00,NSE:SADBHAV,81.6,81.85,81.1,81.1,64643.0
2021-06-16 11:45:00,NSE:SADBHAV,80.95,81.0,80.7,80.9,78246.0
2021-06-16 12:00:00,NSE:SADBHAV,80.8,80.9,80.15,80.9,60683.0
2021-06-16 12:15:00,NSE:SADBHAV,80.8,80.9,80.55,80.7,53760.0
2021-06-16 12:30:00,NSE:SADBHAV,80.7,80.85,79.1,79.5,103074.0
2021-06-16 12:45:00,NSE:SADBHAV,79.5,80.15,79.0,79.85,58840.0
2021-06-16 13:00:00,NSE:SADBHAV,79.75,80.1,79.35,80.0,49171.0
2021-06-16 13:15:00,NSE:SADBHAV,79.85,80.0,79.7,80.0,29299.0
2021-06-16 13:30:00,NSE:SADBHAV,79.85,80.1,79.8,80.0,32877.0
2021-06-16 13:45:00,NSE:SADBHAV,80.0,80.1,79.75,79.95,97567.0
2021-06-16 14:00:00,NSE:SADBHAV,79.9,80.5,79.75,79.75,95726.0
2021-06-16 14:15:00,NSE:SADBHAV,79.75,79.95,79.05,79.55,109432.0
2021-06-16 14:30:00,NSE:SADBHAV,79.65,79.7,79.0,79.4,56564.0
2021-06-16 14:45:00,NSE:SADBHAV,79.45,79.5,78.85,79.25,81006.0
2021-06-16 15:00:00,NSE:SADBHAV,79.25,79.7,78.5,79.4,155127.0
2021-06-16 15:15:00,NSE:SADBHAV,79.55,79.7,78.6,79.5,235796.0
2021-06-16 15:30:00,NSE:SADBHAV,79.5,79.5,79.1,79.5,2952.0
2021-06-17 09:00:00,NSE:SADBHAV,77.1,77.1,77.1,77.1,7460.0
2021-06-17 09:15:00,NSE:SADBHAV,77.75,80.05,77.0,79.85,159756.0
2021-06-17 09:30:00,NSE:SADBHAV,79.85,81.8,79.05,81.55,234375.0
2021-06-17 09:45:00,NSE:SADBHAV,81.55,81.75,80.5,81.0,83374.0
2021-06-17 10:00:00,NSE:SADBHAV,81.0,81.0,79.7,80.4,70291.0
2021-06-17 10:15:00,NSE:SADBHAV,80.4,80.4,79.9,80.05,30045.0
2021-06-17 10:30:00,NSE:SADBHAV,80.15,80.2,79.85,80.1,19862.0
2021-06-17 10:45:00,NSE:SADBHAV,80.05,80.25,79.85,79.9,18506.0
2021-06-17 11:00:00,NSE:SADBHAV,79.95,80.15,79.85,79.85,17594.0
2021-06-17 11:15:00,NSE:SADBHAV,79.85,80.3,79.85,80.1,11621.0
2021-06-17 11:30:00,NSE:SADBHAV,80.15,80.2,79.85,79.85,15763.0
2021-06-17 11:45:00,NSE:SADBHAV,80.05,80.15,79.85,79.9,18018.0
2021-06-17 12:00:00,NSE:SADBHAV,79.95,79.95,79.6,79.6,32649.0
2021-06-17 12:15:00,NSE:SADBHAV,79.6,79.6,78.7,79.0,39091.0
2021-06-17 12:30:00,NSE:SADBHAV,79.15,79.25,78.75,78.85,22428.0
2021-06-17 12:45:00,NSE:SADBHAV,78.95,79.35,78.85,79.3,4243.0
2021-06-17 13:00:00,NSE:SADBHAV,79.3,79.5,79.25,79.5,3483.0
2021-06-17 13:15:00,NSE:SADBHAV,79.5,79.7,79.4,79.55,11258.0
2021-06-17 13:30:00,NSE:SADBHAV,79.45,79.5,79.05,79.3,12979.0
2021-06-17 13:45:00,NSE:SADBHAV,79.35,79.5,79.0,79.0,21554.0
2021-06-17 14:00:00,NSE:SADBHAV,79.0,79.75,78.45,78.65,217591.0
2021-06-17 14:15:00,NSE:SADBHAV,78.85,78.9,77.15,77.45,120253.0
2021-06-17 14:30:00,NSE:SADBHAV,77.5,77.85,77.25,77.4,26374.0
2021-06-17 14:45:00,NSE:SADBHAV,77.5,78.0,77.5,78.0,34540.0
2021-06-17 15:00:00,NSE:SADBHAV,78.2,79.3,78.15,79.1,75936.0
2021-06-17 15:15:00,NSE:SADBHAV,79.1,79.85,78.95,79.7,106573.0
2021-06-17 15:30:00,NSE:SADBHAV,79.5,79.5,79.0,79.5,1100.0
2021-06-18 09:00:00,NSE:SADBHAV,80.25,80.25,80.25,80.25,8278.0
2021-06-18 09:15:00,NSE:SADBHAV,80.5,80.95,78.6,79.6,85945.0
2021-06-18 09:30:00,NSE:SADBHAV,79.85,80.5,79.5,79.5,77397.0
2021-06-18 09:45:00,NSE:SADBHAV,79.6,79.85,77.4,78.1,76792.0
2021-06-18 10:00:00,NSE:SADBHAV,77.85,78.4,77.5,77.7,87063.0
2021-06-18 10:15:00,NSE:SADBHAV,77.7,77.95,75.55,76.05,97224.0
2021-06-18 10:30:00,NSE:SADBHAV,76.1,76.7,75.85,76.0,66700.0
2021-06-18 10:45:00,NSE:SADBHAV,76.0,76.25,73.5,73.75,115386.0
2021-06-18 11:00:00,NSE:SADBHAV,73.5,75.4,73.5,75.05,80755.0
2021-06-18 11:15:00,NSE:SADBHAV,75.1,75.8,74.5,74.95,155937.0
2021-06-18 11:30:00,NSE:SADBHAV,74.9,74.9,74.0,74.85,66609.0
2021-06-18 11:45:00,NSE:SADBHAV,74.65,74.75,74.0,74.3,47883.0
2021-06-18 12:00:00,NSE:SADBHAV,74.25,74.5,73.95,74.15,71977.0
2021-06-18 12:15:00,NSE:SADBHAV,74.0,75.3,73.9,75.2,98350.0
2021-06-18 12:30:00,NSE:SADBHAV,75.35,75.35,74.5,74.9,52263.0
2021-06-18 12:45:00,NSE:SADBHAV,74.85,75.35,74.55,74.7,43166.0
2021-06-18 13:00:00,NSE:SADBHAV,74.7,74.8,74.35,74.6,37863.0
2021-06-18 13:15:00,NSE:SADBHAV,74.6,74.8,74.3,74.45,20137.0
2021-06-18 13:30:00,NSE:SADBHAV,74.5,75.6,74.3,75.6,21216.0
2021-06-18 13:45:00,NSE:SADBHAV,75.5,75.9,75.2,75.6,24823.0
2021-06-18 14:00:00,NSE:SADBHAV,75.7,76.35,75.55,76.2,80039.0
2021-06-18 14:15:00,NSE:SADBHAV,76.2,76.35,75.6,75.7,45255.0
2021-06-18 14:30:00,NSE:SADBHAV,75.85,76.8,75.8,76.7,47287.0
2021-06-18 14:45:00,NSE:SADBHAV,76.7,76.85,75.75,76.0,40848.0
2021-06-18 15:00:00,NSE:SADBHAV,75.9,76.1,75.6,75.8,68781.0
2021-06-18 15:15:00,NSE:SADBHAV,75.9,76.35,75.5,76.05,116186.0
2021-06-18 15:30:00,NSE:SADBHAV,76.25,76.25,75.85,76.25,5845.0
2021-06-21 09:00:00,NSE:SADBHAV,73.5,73.5,73.5,73.5,1050.0
2021-06-21 09:15:00,NSE:SADBHAV,72.95,76.15,72.9,76.05,108138.0
2021-06-21 09:30:00,NSE:SADBHAV,76.05,77.2,75.55,77.0,64454.0
2021-06-21 09:45:00,NSE:SADBHAV,76.9,77.7,75.85,77.5,58932.0
2021-06-21 10:00:00,NSE:SADBHAV,77.9,79.55,77.9,78.5,148275.0
2021-06-21 10:15:00,NSE:SADBHAV,78.55,79.8,78.3,78.65,64733.0
2021-06-21 10:30:00,NSE:SADBHAV,78.6,78.75,78.15,78.2,23283.0
2021-06-21 10:45:00,NSE:SADBHAV,78.35,78.5,77.95,78.4,28411.0
2021-06-21 11:00:00,NSE:SADBHAV,78.25,78.35,77.8,77.8,20301.0
2021-06-21 11:15:00,NSE:SADBHAV,77.9,78.5,77.7,78.35,17864.0
2021-06-21 11:30:00,NSE:SADBHAV,78.15,78.55,78.1,78.1,14607.0
2021-06-21 11:45:00,NSE:SADBHAV,78.25,78.25,77.7,78.05,7068.0
2021-06-21 12:00:00,NSE:SADBHAV,78.2,79.25,77.5,78.2,179202.0
2021-06-21 12:15:00,NSE:SADBHAV,78.35,79.15,78.0,78.75,126438.0
2021-06-21 12:30:00,NSE:SADBHAV,78.55,78.75,78.35,78.5,4071.0
2021-06-21 12:45:00,NSE:SADBHAV,78.5,78.9,78.4,78.5,10708.0
2021-06-21 13:00:00,NSE:SADBHAV,78.5,78.7,78.4,78.55,5732.0
2021-06-21 13:15:00,NSE:SADBHAV,78.45,78.6,78.0,78.0,18746.0
2021-06-21 13:30:00,NSE:SADBHAV,78.15,78.9,78.15,78.7,24595.0
2021-06-21 13:45:00,NSE:SADBHAV,78.75,79.9,78.7,79.25,96728.0
2021-06-21 14:00:00,NSE:SADBHAV,79.25,79.25,78.9,79.15,11699.0
2021-06-21 14:15:00,NSE:SADBHAV,79.15,79.45,79.0,79.3,16605.0
2021-06-21 14:30:00,NSE:SADBHAV,79.3,79.3,78.25,78.6,44365.0
2021-06-21 14:45:00,NSE:SADBHAV,78.6,78.9,78.1,78.45,27724.0
2021-06-21 15:00:00,NSE:SADBHAV,78.35,79.6,78.3,78.95,166336.0
2021-06-21 15:15:00,NSE:SADBHAV,79.0,79.15,78.6,79.05,75430.0
2021-06-21 15:30:00,NSE:SADBHAV,79.15,79.15,78.95,78.95,1700.0
2021-06-22 09:00:00,NSE:SADBHAV,79.6,79.6,79.6,79.6,1903.0
2021-06-22 09:15:00,NSE:SADBHAV,79.5,80.95,79.25,80.95,136594.0
2021-06-22 09:30:00,NSE:SADBHAV,80.9,81.3,80.45,80.85,63741.0
2021-06-22 09:45:00,NSE:SADBHAV,80.85,81.2,80.55,80.9,71343.0
2021-06-22 10:00:00,NSE:SADBHAV,80.9,80.9,80.1,80.25,33906.0
2021-06-22 10:15:00,NSE:SADBHAV,80.25,81.1,80.15,80.85,91265.0
2021-06-22 10:30:00,NSE:SADBHAV,81.15,82.55,81.1,81.85,210686.0
2021-06-22 10:45:00,NSE:SADBHAV,81.8,81.8,81.3,81.45,19749.0
2021-06-22 11:00:00,NSE:SADBHAV,81.4,81.6,80.95,81.35,27399.0
2021-06-22 11:15:00,NSE:SADBHAV,81.25,81.55,80.55,80.85,215233.0
2021-06-22 11:30:00,NSE:SADBHAV,81.0,81.45,80.3,80.7,232537.0
2021-06-22 11:45:00,NSE:SADBHAV,80.7,81.0,80.55,80.8,8109.0
2021-06-22 12:00:00,NSE:SADBHAV,80.95,81.0,80.55,80.75,13062.0
2021-06-22 12:15:00,NSE:SADBHAV,80.9,80.9,80.5,80.55,7357.0
2021-06-22 12:30:00,NSE:SADBHAV,80.7,81.0,80.55,80.85,35341.0
2021-06-22 12:45:00,NSE:SADBHAV,80.85,80.9,80.05,80.3,28470.0
2021-06-22 13:00:00,NSE:SADBHAV,80.3,80.3,79.8,80.15,31092.0
2021-06-22 13:15:00,NSE:SADBHAV,80.0,80.0,79.7,79.8,18131.0
2021-06-22 13:30:00,NSE:SADBHAV,79.8,80.0,79.75,80.0,5800.0
2021-06-22 13:45:00,NSE:SADBHAV,80.0,80.0,79.8,79.85,45392.0
2021-06-22 14:00:00,NSE:SADBHAV,79.8,79.9,79.1,79.45,52901.0
2021-06-22 14:15:00,NSE:SADBHAV,79.5,79.55,79.15,79.45,20949.0
2021-06-22 14:30:00,NSE:SADBHAV,79.5,79.6,79.4,79.5,85810.0
2021-06-22 14:45:00,NSE:SADBHAV,79.5,79.7,79.3,79.5,30963.0
2021-06-22 15:00:00,NSE:SADBHAV,79.45,79.6,79.25,79.5,89542.0
2021-06-22 15:15:00,NSE:SADBHAV,79.4,79.65,78.95,79.5,95721.0
2021-06-22 15:30:00,NSE:SADBHAV,79.35,79.4,79.35,79.4,516.0
2021-06-23 09:00:00,NSE:SADBHAV,79.3,79.3,79.3,79.3,2305.0
2021-06-23 09:15:00,NSE:SADBHAV,79.65,80.3,78.8,79.85,79423.0
2021-06-23 09:30:00,NSE:SADBHAV,79.35,80.0,78.9,79.95,44974.0
2021-06-23 09:45:00,NSE:SADBHAV,79.95,80.15,79.55,79.75,49312.0
2021-06-23 10:00:00,NSE:SADBHAV,80.0,80.1,79.35,79.4,20016.0
2021-06-23 10:15:00,NSE:SADBHAV,79.35,80.0,79.3,79.8,31607.0
2021-06-23 10:30:00,NSE:SADBHAV,79.8,81.0,79.75,80.15,67244.0
2021-06-23 10:45:00,NSE:SADBHAV,80.2,81.65,80.2,81.35,245062.0
2021-06-23 11:00:00,NSE:SADBHAV,81.4,81.4,80.5,80.5,24479.0
2021-06-23 11:15:00,NSE:SADBHAV,80.55,80.8,80.45,80.55,3305.0
2021-06-23 11:30:00,NSE:SADBHAV,80.55,80.8,80.5,80.55,4928.0
2021-06-23 11:45:00,NSE:SADBHAV,80.5,81.2,80.5,80.7,24171.0
2021-06-23 12:00:00,NSE:SADBHAV,80.7,81.2,80.5,81.2,41464.0
2021-06-23 12:15:00,NSE:SADBHAV,81.25,81.4,80.7,81.2,67404.0
2021-06-23 12:30:00,NSE:SADBHAV,81.2,81.3,80.75,80.85,14095.0
2021-06-23 12:45:00,NSE:SADBHAV,80.75,80.9,80.45,80.75,14604.0
2021-06-23 13:00:00,NSE:SADBHAV,80.9,80.9,79.7,79.9,36909.0
2021-06-23 13:15:00,NSE:SADBHAV,79.95,80.35,79.65,79.9,10381.0
2021-06-23 13:30:00,NSE:SADBHAV,79.95,80.2,79.95,80.0,5519.0
2021-06-23 13:45:00,NSE:SADBHAV,80.0,80.0,79.8,80.0,5789.0
2021-06-23 14:00:00,NSE:SADBHAV,80.0,80.1,79.8,79.9,9460.0
2021-06-23 14:15:00,NSE:SADBHAV,79.8,79.95,79.3,79.3,21503.0
2021-06-23 14:30:00,NSE:SADBHAV,79.45,79.75,78.95,78.95,29070.0
2021-06-23 14:45:00,NSE:SADBHAV,79.0,79.5,78.9,79.25,9578.0
2021-06-23 15:00:00,NSE:SADBHAV,79.25,79.4,78.9,79.4,27352.0
2021-06-23 15:15:00,NSE:SADBHAV,79.4,79.7,79.0,79.2,81991.0
2021-06-23 15:30:00,NSE:SADBHAV,79.3,79.3,79.3,79.3,36.0
2021-06-24 09:00:00,NSE:SADBHAV,79.55,79.55,79.55,79.55,437.0
2021-06-24 09:15:00,NSE:SADBHAV,79.6,80.2,79.35,79.75,53051.0
2021-06-24 09:30:00,NSE:SADBHAV,79.75,79.9,79.05,79.25,15789.0
2021-06-24 09:45:00,NSE:SADBHAV,79.3,79.3,78.5,78.75,18554.0
2021-06-24 10:00:00,NSE:SADBHAV,78.55,78.8,75.7,77.85,99561.0
2021-06-24 10:15:00,NSE:SADBHAV,77.9,78.4,77.1,77.75,78030.0
2021-06-24 10:30:00,NSE:SADBHAV,77.9,78.1,77.65,78.1,8584.0
2021-06-24 10:45:00,NSE:SADBHAV,78.1,78.1,77.35,77.75,31879.0
2021-06-24 11:00:00,NSE:SADBHAV,78.05,78.1,77.55,77.85,11287.0
2021-06-24 11:15:00,NSE:SADBHAV,77.95,77.95,77.55,77.6,2733.0
2021-06-24 11:30:00,NSE:SADBHAV,77.55,77.55,77.2,77.55,15180.0
2021-06-24 11:45:00,NSE:SADBHAV,77.65,77.65,77.15,77.5,9677.0
2021-06-24 12:00:00,NSE:SADBHAV,77.65,77.8,77.5,77.8,9695.0
2021-06-24 12:15:00,NSE:SADBHAV,77.7,77.8,77.65,77.75,5873.0
2021-06-24 12:30:00,NSE:SADBHAV,77.75,77.8,77.5,77.75,34452.0
2021-06-24 12:45:00,NSE:SADBHAV,77.45,77.5,77.3,77.35,10320.0
2021-06-24 13:00:00,NSE:SADBHAV,77.5,77.6,77.35,77.5,7095.0
2021-06-24 13:15:00,NSE:SADBHAV,77.65,77.85,77.55,77.7,9702.0
2021-06-24 13:30:00,NSE:SADBHAV,77.7,77.9,77.7,77.7,1454.0
2021-06-24 13:45:00,NSE:SADBHAV,77.7,77.7,77.0,77.35,24993.0
2021-06-24 14:00:00,NSE:SADBHAV,77.35,77.65,77.25,77.5,5589.0
2021-06-24 14:15:00,NSE:SADBHAV,77.25,77.35,76.9,76.95,39598.0
2021-06-24 14:30:00,NSE:SADBHAV,77.05,77.05,76.7,76.95,7104.0
2021-06-24 14:45:00,NSE:SADBHAV,76.85,77.0,76.75,76.8,4769.0
2021-06-24 15:00:00,NSE:SADBHAV,76.8,77.2,76.75,77.2,19647.0
2021-06-24 15:15:00,NSE:SADBHAV,77.25,77.35,76.75,76.75,60098.0
2021-06-24 15:30:00,NSE:SADBHAV,76.85,76.85,76.85,76.85,1.0
2021-06-25 09:00:00,NSE:SADBHAV,77.45,77.45,77.45,77.45,201.0
2021-06-25 09:15:00,NSE:SADBHAV,77.2,78.4,76.2,77.05,41662.0
2021-06-25 09:30:00,NSE:SADBHAV,77.05,78.5,76.85,78.1,55144.0
2021-06-25 09:45:00,NSE:SADBHAV,78.0,78.1,77.4,77.85,19878.0
2021-06-25 10:00:00,NSE:SADBHAV,77.85,78.25,77.45,78.15,29715.0
2021-06-25 10:15:00,NSE:SADBHAV,78.15,78.15,77.55,77.75,10008.0
2021-06-25 10:30:00,NSE:SADBHAV,77.8,77.95,77.6,77.75,5359.0
2021-06-25 10:45:00,NSE:SADBHAV,77.7,77.8,77.55,77.55,5674.0
2021-06-25 11:00:00,NSE:SADBHAV,77.55,77.65,77.3,77.45,3736.0
2021-06-25 11:15:00,NSE:SADBHAV,77.45,77.45,77.35,77.4,2992.0
2021-06-25 11:30:00,NSE:SADBHAV,77.3,77.55,77.3,77.55,18165.0
2021-06-25 11:45:00,NSE:SADBHAV,77.55,77.75,77.5,77.7,2481.0
2021-06-25 12:00:00,NSE:SADBHAV,77.75,77.75,77.4,77.4,3650.0
2021-06-25 12:15:00,NSE:SADBHAV,77.5,77.55,77.25,77.25,13299.0
2021-06-25 12:30:00,NSE:SADBHAV,77.25,77.25,76.65,77.15,45057.0
2021-06-25 12:45:00,NSE:SADBHAV,77.15,77.4,77.15,77.25,5254.0
2021-06-25 13:00:00,NSE:SADBHAV,77.3,77.35,77.2,77.35,1422.0
2021-06-25 13:15:00,NSE:SADBHAV,77.35,77.5,77.25,77.25,5472.0
2021-06-25 13:30:00,NSE:SADBHAV,77.1,77.1,76.75,76.75,15822.0
2021-06-25 13:45:00,NSE:SADBHAV,76.75,76.75,76.45,76.7,14577.0
2021-06-25 14:00:00,NSE:SADBHAV,76.7,76.7,76.5,76.55,14434.0
2021-06-25 14:15:00,NSE:SADBHAV,76.7,76.75,76.55,76.65,5344.0
2021-06-25 14:30:00,NSE:SADBHAV,76.7,76.75,76.45,76.55,18025.0
2021-06-25 14:45:00,NSE:SADBHAV,76.55,76.6,76.0,76.3,34258.0
2021-06-25 15:00:00,NSE:SADBHAV,76.3,76.35,75.8,76.15,28573.0
2021-06-25 15:15:00,NSE:SADBHAV,76.0,76.55,76.0,76.25,36164.0
2021-06-25 15:30:00,NSE:SADBHAV,76.05,76.05,76.05,76.05,1.0
2021-06-28 09:00:00,NSE:SADBHAV,76.5,76.5,76.5,76.5,2075.0
2021-06-28 09:15:00,NSE:SADBHAV,76.7,77.4,76.45,76.9,42358.0
2021-06-28 09:30:00,NSE:SADBHAV,76.85,78.15,76.6,78.15,45692.0
2021-06-28 09:45:00,NSE:SADBHAV,78.3,79.25,78.3,78.5,86137.0
2021-06-28 10:00:00,NSE:SADBHAV,78.25,78.75,77.6,77.75,58606.0
2021-06-28 10:15:00,NSE:SADBHAV,77.65,78.05,77.6,77.6,12004.0
2021-06-28 10:30:00,NSE:SADBHAV,77.7,77.7,76.75,76.9,40766.0
2021-06-28 10:45:00,NSE:SADBHAV,76.9,77.5,76.85,77.4,35483.0
2021-06-28 11:00:00,NSE:SADBHAV,77.25,78.05,77.25,77.7,19311.0
2021-06-28 11:15:00,NSE:SADBHAV,77.7,77.95,77.5,77.75,30072.0
2021-06-28 11:30:00,NSE:SADBHAV,77.65,77.75,77.0,77.5,8013.0
2021-06-28 11:45:00,NSE:SADBHAV,77.5,77.55,77.3,77.3,2802.0
2021-06-28 12:00:00,NSE:SADBHAV,77.4,77.5,77.35,77.5,1249.0
2021-06-28 12:15:00,NSE:SADBHAV,77.4,77.4,77.0,77.4,9078.0
2021-06-28 12:30:00,NSE:SADBHAV,77.2,77.75,77.2,77.7,5910.0
2021-06-28 12:45:00,NSE:SADBHAV,77.6,77.7,77.55,77.55,1709.0
2021-06-28 13:00:00,NSE:SADBHAV,77.75,79.05,77.75,78.2,61543.0
2021-06-28 13:15:00,NSE:SADBHAV,78.35,78.35,78.0,78.25,8131.0
2021-06-28 13:30:00,NSE:SADBHAV,78.25,78.65,77.8,77.8,16057.0
2021-06-28 13:45:00,NSE:SADBHAV,77.95,77.95,77.4,77.45,9930.0
2021-06-28 14:00:00,NSE:SADBHAV,77.45,78.15,77.4,78.15,23426.0
2021-06-28 14:15:00,NSE:SADBHAV,78.15,78.85,77.85,78.55,44392.0
2021-06-28 14:30:00,NSE:SADBHAV,78.6,78.95,78.5,78.75,31965.0
2021-06-28 14:45:00,NSE:SADBHAV,78.75,78.9,78.6,78.85,23897.0
2021-06-28 15:00:00,NSE:SADBHAV,78.85,80.6,78.85,80.5,192521.0
2021-06-28 15:15:00,NSE:SADBHAV,80.5,80.65,79.0,79.5,189147.0
2021-06-28 15:30:00,NSE:SADBHAV,79.9,79.9,79.9,79.9,50.0
2021-06-29 09:00:00,NSE:SADBHAV,79.45,79.45,79.45,79.45,1473.0
2021-06-29 09:15:00,NSE:SADBHAV,79.45,80.55,78.55,80.15,99123.0
2021-06-29 09:30:00,NSE:SADBHAV,80.05,81.25,80.05,81.05,72895.0
2021-06-29 09:45:00,NSE:SADBHAV,81.2,82.2,80.45,80.95,205622.0
2021-06-29 10:00:00,NSE:SADBHAV,80.9,80.9,80.35,80.7,25775.0
2021-06-29 10:15:00,NSE:SADBHAV,80.7,86.45,80.7,86.0,629120.0
2021-06-29 10:30:00,NSE:SADBHAV,86.1,86.55,84.35,84.45,644808.0
2021-06-29 10:45:00,NSE:SADBHAV,84.45,85.4,84.3,84.45,105640.0
2021-06-29 11:00:00,NSE:SADBHAV,84.7,85.5,84.45,84.85,81190.0
2021-06-29 11:15:00,NSE:SADBHAV,84.85,84.95,84.5,84.55,29339.0
2021-06-29 11:30:00,NSE:SADBHAV,84.5,85.3,84.5,85.0,68781.0
2021-06-29 11:45:00,NSE:SADBHAV,84.85,85.2,84.3,84.45,89879.0
2021-06-29 12:00:00,NSE:SADBHAV,84.5,87.9,84.45,87.8,711174.0
2021-06-29 12:15:00,NSE:SADBHAV,87.75,88.0,86.55,87.0,363603.0
2021-06-29 12:30:00,NSE:SADBHAV,87.05,87.5,85.75,86.6,300691.0
2021-06-29 12:45:00,NSE:SADBHAV,86.55,88.25,86.3,86.75,520501.0
2021-06-29 13:00:00,NSE:SADBHAV,86.75,86.95,86.1,86.6,155523.0
2021-06-29 13:15:00,NSE:SADBHAV,86.6,87.55,86.55,87.5,163368.0
2021-06-29 13:30:00,NSE:SADBHAV,87.5,89.2,87.25,88.5,454387.0
2021-06-29 13:45:00,NSE:SADBHAV,88.5,91.1,88.25,89.8,966176.0
2021-06-29 14:00:00,NSE:SADBHAV,89.9,93.0,89.25,92.55,1131346.0
2021-06-29 14:15:00,NSE:SADBHAV,92.65,93.3,90.65,92.4,790517.0
2021-06-29 14:30:00,NSE:SADBHAV,92.4,92.6,89.4,89.9,588571.0
2021-06-29 14:45:00,NSE:SADBHAV,89.85,90.0,88.3,89.75,281536.0
2021-06-29 15:00:00,NSE:SADBHAV,89.75,89.85,88.6,89.35,246305.0
2021-06-29 15:15:00,NSE:SADBHAV,89.3,90.0,89.15,89.45,492642.0
2021-06-29 15:30:00,NSE:SADBHAV,89.3,89.45,89.3,89.3,759.0
2021-06-30 09:00:00,NSE:SADBHAV,90.5,90.5,90.5,90.5,65163.0
2021-06-30 09:15:00,NSE:SADBHAV,91.4,93.15,90.5,91.5,1165012.0
2021-06-30 09:30:00,NSE:SADBHAV,91.4,96.5,91.3,94.5,878758.0
2021-06-30 09:45:00,NSE:SADBHAV,94.65,96.05,92.65,93.0,951019.0
2021-06-30 10:00:00,NSE:SADBHAV,93.0,93.7,92.35,92.7,352834.0
2021-06-30 10:15:00,NSE:SADBHAV,92.8,92.95,90.7,91.15,307100.0
2021-06-30 10:30:00,NSE:SADBHAV,91.15,91.2,89.7,90.6,176384.0
2021-06-30 10:45:00,NSE:SADBHAV,90.6,92.6,90.5,92.2,185554.0
2021-06-30 11:00:00,NSE:SADBHAV,92.0,93.2,92.0,93.05,150410.0
2021-06-30 11:15:00,NSE:SADBHAV,93.0,93.0,91.1,91.6,199314.0
2021-06-30 11:30:00,NSE:SADBHAV,91.55,91.95,91.2,91.3,50337.0
2021-06-30 11:45:00,NSE:SADBHAV,91.25,93.5,91.25,93.25,161722.0
2021-06-30 12:00:00,NSE:SADBHAV,93.4,95.0,93.4,94.35,634325.0
2021-06-30 12:15:00,NSE:SADBHAV,94.35,94.85,94.0,94.5,222399.0
2021-06-30 12:30:00,NSE:SADBHAV,94.45,95.5,93.65,95.1,403517.0
2021-06-30 12:45:00,NSE:SADBHAV,95.15,95.9,95.15,95.3,282279.0
2021-06-30 13:00:00,NSE:SADBHAV,95.3,95.8,94.45,95.65,196960.0
2021-06-30 13:15:00,NSE:SADBHAV,95.7,95.85,95.0,95.05,137357.0
2021-06-30 13:30:00,NSE:SADBHAV,95.05,95.5,94.55,95.25,135411.0
2021-06-30 13:45:00,NSE:SADBHAV,95.25,96.25,94.4,95.75,348214.0
2021-06-30 14:00:00,NSE:SADBHAV,95.95,95.95,94.0,94.5,155474.0
2021-06-30 14:15:00,NSE:SADBHAV,94.45,96.0,93.95,95.1,242803.0
2021-06-30 14:30:00,NSE:SADBHAV,95.2,95.5,94.1,94.95,155636.0
2021-06-30 14:45:00,NSE:SADBHAV,94.65,96.35,94.6,94.95,560945.0
2021-06-30 15:00:00,NSE:SADBHAV,94.95,95.0,92.7,93.8,502129.0
2021-06-30 15:15:00,NSE:SADBHAV,93.55,93.6,92.15,92.85,397135.0
2021-06-30 15:30:00,NSE:SADBHAV,92.95,93.2,92.95,93.2,5182.0
2021-07-01 09:00:00,NSE:SADBHAV,91.0,91.0,91.0,91.0,28024.0
2021-07-01 09:15:00,NSE:SADBHAV,89.5,93.7,89.5,90.85,517755.0
2021-07-01 09:30:00,NSE:SADBHAV,90.85,91.2,88.65,90.55,393150.0
2021-07-01 09:45:00,NSE:SADBHAV,90.5,90.65,87.35,88.1,333250.0
2021-07-01 10:00:00,NSE:SADBHAV,88.25,88.4,85.7,87.25,402561.0
2021-07-01 10:15:00,NSE:SADBHAV,87.15,87.9,86.15,87.4,153407.0
2021-07-01 10:30:00,NSE:SADBHAV,87.5,88.0,87.4,87.6,53080.0
2021-07-01 10:45:00,NSE:SADBHAV,87.7,87.7,87.0,87.2,38762.0
2021-07-01 11:00:00,NSE:SADBHAV,87.2,87.85,87.2,87.8,17703.0
2021-07-01 11:15:00,NSE:SADBHAV,87.85,89.25,87.6,89.0,101663.0
2021-07-01 11:30:00,NSE:SADBHAV,89.15,89.5,88.75,89.05,91111.0
2021-07-01 11:45:00,NSE:SADBHAV,89.15,89.6,88.95,89.0,53631.0
2021-07-01 12:00:00,NSE:SADBHAV,89.0,89.5,88.6,89.4,53301.0
2021-07-01 12:15:00,NSE:SADBHAV,89.35,89.5,88.4,88.5,33824.0
2021-07-01 12:30:00,NSE:SADBHAV,88.65,88.65,87.1,88.0,103170.0
2021-07-01 12:45:00,NSE:SADBHAV,88.0,88.2,87.55,87.7,18253.0
2021-07-01 13:00:00,NSE:SADBHAV,87.65,88.2,87.5,87.95,35019.0
2021-07-01 13:15:00,NSE:SADBHAV,88.0,88.2,87.25,87.25,32142.0
2021-07-01 13:30:00,NSE:SADBHAV,87.35,87.9,87.25,87.25,23202.0
2021-07-01 13:45:00,NSE:SADBHAV,87.25,87.75,86.8,87.45,60250.0
2021-07-01 14:00:00,NSE:SADBHAV,87.5,87.6,87.0,87.45,10527.0
2021-07-01 14:15:00,NSE:SADBHAV,87.45,87.45,86.85,87.05,27678.0
2021-07-01 14:30:00,NSE:SADBHAV,86.95,87.6,86.95,87.6,24658.0
2021-07-01 14:45:00,NSE:SADBHAV,87.6,88.65,87.55,88.55,99569.0
2021-07-01 15:00:00,NSE:SADBHAV,88.55,89.5,88.3,89.1,257353.0
2021-07-01 15:15:00,NSE:SADBHAV,89.1,89.65,87.8,88.8,225220.0
2021-07-01 15:30:00,NSE:SADBHAV,88.75,89.1,88.75,88.75,1202.0
2021-07-02 09:00:00,NSE:SADBHAV,90.05,90.05,90.05,90.05,10650.0
2021-07-02 09:15:00,NSE:SADBHAV,89.4,91.5,88.5,88.95,382489.0
2021-07-02 09:30:00,NSE:SADBHAV,88.95,88.95,88.05,88.5,89427.0
2021-07-02 09:45:00,NSE:SADBHAV,88.5,89.75,88.5,89.75,95632.0
2021-07-02 10:00:00,NSE:SADBHAV,89.75,89.85,89.15,89.2,99411.0
2021-07-02 10:15:00,NSE:SADBHAV,89.2,89.6,88.75,89.4,173765.0
2021-07-02 10:30:00,NSE:SADBHAV,89.4,90.35,89.0,89.05,298398.0
2021-07-02 10:45:00,NSE:SADBHAV,89.0,90.45,87.65,88.45,394407.0
2021-07-02 11:00:00,NSE:SADBHAV,88.45,88.85,87.6,87.9,99738.0
2021-07-02 11:15:00,NSE:SADBHAV,87.9,88.4,87.75,87.8,52357.0
2021-07-02 11:30:00,NSE:SADBHAV,87.9,88.0,86.75,87.15,217890.0
2021-07-02 11:45:00,NSE:SADBHAV,87.15,87.3,86.6,86.9,53608.0
2021-07-02 12:00:00,NSE:SADBHAV,87.0,87.2,86.6,87.0,27258.0
2021-07-02 12:15:00,NSE:SADBHAV,86.9,87.0,86.65,86.65,29700.0
2021-07-02 12:30:00,NSE:SADBHAV,86.85,87.2,86.75,86.95,45977.0
2021-07-02 12:45:00,NSE:SADBHAV,87.0,87.0,86.8,86.95,12809.0
2021-07-02 13:00:00,NSE:SADBHAV,87.0,87.15,86.7,86.9,30595.0
2021-07-02 13:15:00,NSE:SADBHAV,86.9,87.05,86.5,86.85,61853.0
2021-07-02 13:30:00,NSE:SADBHAV,87.0,87.15,86.55,86.75,43817.0
2021-07-02 13:45:00,NSE:SADBHAV,86.65,87.05,86.3,86.8,65921.0
2021-07-02 14:00:00,NSE:SADBHAV,86.65,86.8,85.85,86.1,86313.0
2021-07-02 14:15:00,NSE:SADBHAV,86.1,86.6,85.2,86.35,110268.0
2021-07-02 14:30:00,NSE:SADBHAV,86.35,86.4,84.7,84.9,130275.0
2021-07-02 14:45:00,NSE:SADBHAV,84.9,85.9,84.85,85.75,80633.0
2021-07-02 15:00:00,NSE:SADBHAV,85.85,86.95,85.7,86.65,191665.0
2021-07-02 15:15:00,NSE:SADBHAV,86.6,86.95,85.6,86.0,275896.0
2021-07-02 15:30:00,NSE:SADBHAV,85.8,85.8,85.8,85.8,510.0
2021-07-02 15:45:00,NSE:SADBHAV,86.45,86.45,86.45,86.45,302.0
2021-07-05 09:00:00,NSE:SADBHAV,88.4,88.4,88.4,88.4,13979.0
2021-07-05 09:15:00,NSE:SADBHAV,87.75,88.75,85.5,85.65,357629.0
2021-07-05 09:30:00,NSE:SADBHAV,85.7,85.7,84.25,84.5,308442.0
2021-07-05 09:45:00,NSE:SADBHAV,84.5,84.75,83.85,84.7,141749.0
2021-07-05 10:00:00,NSE:SADBHAV,84.4,84.55,83.25,83.6,174035.0
2021-07-05 10:15:00,NSE:SADBHAV,83.65,83.75,82.7,82.95,127261.0
2021-07-05 10:30:00,NSE:SADBHAV,82.95,83.0,82.35,82.35,196691.0
2021-07-05 10:45:00,NSE:SADBHAV,82.5,82.75,81.85,81.85,186016.0
2021-07-05 11:00:00,NSE:SADBHAV,81.95,82.5,81.9,82.45,94075.0
2021-07-05 11:15:00,NSE:SADBHAV,82.4,82.5,82.25,82.4,45786.0
2021-07-05 11:30:00,NSE:SADBHAV,82.45,83.0,82.3,82.8,100704.0
2021-07-05 11:45:00,NSE:SADBHAV,82.8,82.8,82.45,82.5,50898.0
2021-07-05 12:00:00,NSE:SADBHAV,82.5,82.8,82.35,82.4,68322.0
2021-07-05 12:15:00,NSE:SADBHAV,82.45,82.8,82.25,82.25,168898.0
2021-07-05 12:30:00,NSE:SADBHAV,82.15,82.25,80.75,82.25,231924.0
2021-07-05 12:45:00,NSE:SADBHAV,82.25,82.25,82.1,82.2,30399.0
2021-07-05 13:00:00,NSE:SADBHAV,82.25,83.6,82.15,83.4,135743.0
2021-07-05 13:15:00,NSE:SADBHAV,83.25,83.7,83.05,83.45,114151.0
2021-07-05 13:30:00,NSE:SADBHAV,83.45,83.5,82.8,83.1,62857.0
2021-07-05 13:45:00,NSE:SADBHAV,83.1,83.45,83.05,83.15,22662.0
2021-07-05 14:00:00,NSE:SADBHAV,83.3,83.3,83.0,83.0,38482.0
2021-07-05 14:15:00,NSE:SADBHAV,83.05,83.2,82.7,82.85,40660.0
2021-07-05 14:30:00,NSE:SADBHAV,82.85,83.0,82.7,83.0,31999.0
2021-07-05 14:45:00,NSE:SADBHAV,83.0,83.4,82.9,83.2,97417.0
2021-07-05 15:00:00,NSE:SADBHAV,83.25,83.3,82.2,82.5,102453.0
2021-07-05 15:15:00,NSE:SADBHAV,82.45,82.6,81.75,82.0,226966.0
2021-07-05 15:30:00,NSE:SADBHAV,82.0,82.3,82.0,82.3,2415.0
2021-07-06 09:00:00,NSE:SADBHAV,83.0,83.0,83.0,83.0,6200.0
2021-07-06 09:15:00,NSE:SADBHAV,82.9,83.9,82.3,83.0,310442.0
2021-07-06 09:30:00,NSE:SADBHAV,83.0,83.05,82.7,82.9,99687.0
2021-07-06 09:45:00,NSE:SADBHAV,82.9,82.9,81.5,82.15,116769.0
2021-07-06 10:00:00,NSE:SADBHAV,82.3,82.6,82.0,82.2,105570.0
2021-07-06 10:15:00,NSE:SADBHAV,82.25,83.0,81.45,82.6,183888.0
2021-07-06 10:30:00,NSE:SADBHAV,82.6,83.6,82.45,83.3,116020.0
2021-07-06 10:45:00,NSE:SADBHAV,83.3,87.0,83.3,85.45,1031282.0
2021-07-06 11:00:00,NSE:SADBHAV,85.45,86.2,85.0,85.75,431416.0
2021-07-06 11:15:00,NSE:SADBHAV,85.75,86.5,85.2,85.3,218833.0
2021-07-06 11:30:00,NSE:SADBHAV,85.35,86.0,85.3,85.75,72359.0
2021-07-06 11:45:00,NSE:SADBHAV,85.75,85.85,85.05,85.2,62049.0
2021-07-06 12:00:00,NSE:SADBHAV,85.2,85.5,85.15,85.35,58749.0
2021-07-06 12:15:00,NSE:SADBHAV,85.5,85.5,85.15,85.35,33035.0
2021-07-06 12:30:00,NSE:SADBHAV,85.25,85.35,84.75,85.0,81213.0
2021-07-06 12:45:00,NSE:SADBHAV,84.9,86.4,84.9,85.7,155965.0
2021-07-06 13:00:00,NSE:SADBHAV,85.75,85.9,85.55,85.65,28388.0
2021-07-06 13:15:00,NSE:SADBHAV,85.65,85.95,85.5,85.7,25818.0
2021-07-06 13:30:00,NSE:SADBHAV,85.8,85.95,85.4,85.8,107630.0
2021-07-06 13:45:00,NSE:SADBHAV,85.9,85.9,85.4,85.5,17667.0
2021-07-06 14:00:00,NSE:SADBHAV,85.5,85.75,85.2,85.6,45964.0
2021-07-06 14:15:00,NSE:SADBHAV,85.65,85.65,84.1,84.7,94903.0
2021-07-06 14:30:00,NSE:SADBHAV,84.55,84.8,83.2,84.2,127417.0
2021-07-06 14:45:00,NSE:SADBHAV,84.0,84.6,83.9,84.0,84027.0
2021-07-06 15:00:00,NSE:SADBHAV,83.9,84.0,82.9,83.0,136562.0
2021-07-06 15:15:00,NSE:SADBHAV,83.0,83.0,81.55,82.3,378230.0
2021-07-06 15:30:00,NSE:SADBHAV,82.3,82.35,82.3,82.35,275.0
2021-07-07 09:00:00,NSE:SADBHAV,82.6,82.6,82.6,82.6,954.0
2021-07-07 09:15:00,NSE:SADBHAV,82.6,84.45,82.6,84.0,193072.0
2021-07-07 09:30:00,NSE:SADBHAV,83.95,84.3,83.65,83.75,60930.0
2021-07-07 09:45:00,NSE:SADBHAV,83.6,83.6,82.75,83.25,124609.0
2021-07-07 10:00:00,NSE:SADBHAV,83.25,83.55,82.95,83.25,25711.0
2021-07-07 10:15:00,NSE:SADBHAV,83.25,84.0,83.1,83.95,133061.0
2021-07-07 10:30:00,NSE:SADBHAV,84.0,84.0,83.4,84.0,33044.0
2021-07-07 10:45:00,NSE:SADBHAV,84.0,84.0,83.5,83.6,42101.0
2021-07-07 11:00:00,NSE:SADBHAV,83.6,83.75,83.45,83.7,11977.0
2021-07-07 11:15:00,NSE:SADBHAV,83.75,84.0,83.65,84.0,13108.0
2021-07-07 11:30:00,NSE:SADBHAV,83.95,83.95,83.5,83.75,24824.0
2021-07-07 11:45:00,NSE:SADBHAV,83.75,83.9,83.65,83.85,5524.0
2021-07-07 12:00:00,NSE:SADBHAV,83.7,83.7,82.8,82.85,96361.0
2021-07-07 12:15:00,NSE:SADBHAV,82.85,83.0,82.85,83.0,18641.0
2021-07-07 12:30:00,NSE:SADBHAV,83.0,83.0,82.85,83.0,21994.0
2021-07-07 12:45:00,NSE:SADBHAV,83.0,83.0,82.7,82.8,24592.0
2021-07-07 13:00:00,NSE:SADBHAV,82.8,82.8,82.3,82.75,32516.0
2021-07-07 13:15:00,NSE:SADBHAV,82.75,82.8,82.65,82.8,10666.0
2021-07-07 13:30:00,NSE:SADBHAV,82.75,82.8,82.7,82.75,12519.0
2021-07-07 13:45:00,NSE:SADBHAV,82.8,82.85,82.65,82.8,10910.0
2021-07-07 14:00:00,NSE:SADBHAV,82.6,82.9,82.35,82.35,28191.0
2021-07-07 14:15:00,NSE:SADBHAV,82.4,82.7,82.1,82.45,38927.0
2021-07-07 14:30:00,NSE:SADBHAV,82.45,82.7,82.3,82.6,19014.0
2021-07-07 14:45:00,NSE:SADBHAV,82.7,82.9,82.0,82.45,63621.0
2021-07-07 15:00:00,NSE:SADBHAV,82.5,82.55,82.05,82.25,60340.0
2021-07-07 15:15:00,NSE:SADBHAV,82.25,82.9,82.05,82.9,116767.0
2021-07-07 15:30:00,NSE:SADBHAV,82.35,82.35,82.35,82.35,300.0
2021-07-08 09:00:00,NSE:SADBHAV,82.9,82.9,82.9,82.9,4113.0
2021-07-08 09:15:00,NSE:SADBHAV,82.75,83.2,82.45,82.8,76122.0
2021-07-08 09:30:00,NSE:SADBHAV,82.8,84.2,82.8,84.0,111313.0
2021-07-08 09:45:00,NSE:SADBHAV,84.0,84.0,83.25,83.55,27137.0
2021-07-08 10:00:00,NSE:SADBHAV,83.7,83.75,83.2,83.35,17598.0
2021-07-08 10:15:00,NSE:SADBHAV,83.45,83.55,83.05,83.3,14500.0
2021-07-08 10:30:00,NSE:SADBHAV,83.35,83.6,82.8,82.95,32656.0
2021-07-08 10:45:00,NSE:SADBHAV,82.95,83.0,82.75,82.8,61591.0
2021-07-08 11:00:00,NSE:SADBHAV,82.8,82.95,82.6,82.8,9409.0
2021-07-08 11:15:00,NSE:SADBHAV,82.65,82.95,82.65,82.9,8095.0
2021-07-08 11:30:00,NSE:SADBHAV,82.9,83.0,82.55,82.6,30806.0
2021-07-08 11:45:00,NSE:SADBHAV,82.6,82.75,82.5,82.6,12617.0
2021-07-08 12:00:00,NSE:SADBHAV,82.6,82.6,82.2,82.25,18786.0
2021-07-08 12:15:00,NSE:SADBHAV,82.25,82.25,80.5,81.3,159648.0
2021-07-08 12:30:00,NSE:SADBHAV,81.45,81.45,80.9,81.2,41074.0
2021-07-08 12:45:00,NSE:SADBHAV,81.3,81.95,81.2,81.6,34987.0
2021-07-08 13:00:00,NSE:SADBHAV,81.7,82.0,81.45,81.85,39864.0
2021-07-08 13:15:00,NSE:SADBHAV,81.85,82.0,81.65,81.8,8594.0
2021-07-08 13:30:00,NSE:SADBHAV,81.8,82.0,81.7,81.95,3826.0
2021-07-08 13:45:00,NSE:SADBHAV,81.95,82.0,81.05,81.05,31981.0
2021-07-08 14:00:00,NSE:SADBHAV,81.25,81.25,79.6,79.8,209977.0
2021-07-08 14:15:00,NSE:SADBHAV,79.9,80.0,79.8,79.95,39671.0
2021-07-08 14:30:00,NSE:SADBHAV,79.95,79.95,78.3,79.2,194414.0
2021-07-08 14:45:00,NSE:SADBHAV,79.15,79.8,79.15,79.55,100765.0
2021-07-08 15:00:00,NSE:SADBHAV,79.6,79.85,79.55,79.8,64792.0
2021-07-08 15:15:00,NSE:SADBHAV,79.8,79.95,79.55,79.85,107902.0
2021-07-08 15:30:00,NSE:SADBHAV,79.6,79.8,79.6,79.8,501.0
2021-07-09 09:00:00,NSE:SADBHAV,80.7,80.7,80.7,80.7,11032.0
2021-07-09 09:15:00,NSE:SADBHAV,80.75,83.0,79.5,82.7,552736.0
2021-07-09 09:30:00,NSE:SADBHAV,83.1,83.75,81.95,82.35,371749.0
2021-07-09 09:45:00,NSE:SADBHAV,82.25,82.6,82.0,82.35,34488.0
2021-07-09 10:00:00,NSE:SADBHAV,82.5,82.95,81.6,81.7,75237.0
2021-07-09 10:15:00,NSE:SADBHAV,81.75,82.0,81.45,81.55,59904.0
2021-07-09 10:30:00,NSE:SADBHAV,81.5,82.2,81.5,81.95,41036.0
2021-07-09 10:45:00,NSE:SADBHAV,81.8,82.15,81.8,81.9,23776.0
2021-07-09 11:00:00,NSE:SADBHAV,81.95,81.95,81.55,81.75,22381.0
2021-07-09 11:15:00,NSE:SADBHAV,81.75,81.9,81.5,81.5,15801.0
2021-07-09 11:30:00,NSE:SADBHAV,81.6,81.8,81.5,81.6,10675.0
2021-07-09 11:45:00,NSE:SADBHAV,81.7,81.95,81.6,81.9,16238.0
2021-07-09 12:00:00,NSE:SADBHAV,81.9,81.9,81.4,81.55,25051.0
2021-07-09 12:15:00,NSE:SADBHAV,81.45,82.0,81.4,81.8,46832.0
2021-07-09 12:30:00,NSE:SADBHAV,81.8,83.0,81.65,82.95,126885.0
2021-07-09 12:45:00,NSE:SADBHAV,82.75,82.95,82.35,82.55,70276.0
2021-07-09 13:00:00,NSE:SADBHAV,82.45,83.0,82.45,82.55,68574.0
2021-07-09 13:15:00,NSE:SADBHAV,82.65,83.0,82.4,82.4,41033.0
2021-07-09 13:30:00,NSE:SADBHAV,82.45,82.5,81.75,82.0,56985.0
2021-07-09 13:45:00,NSE:SADBHAV,82.1,82.5,81.85,82.5,9411.0
2021-07-09 14:00:00,NSE:SADBHAV,82.5,83.5,82.35,83.45,68734.0
2021-07-09 14:15:00,NSE:SADBHAV,83.45,83.5,82.85,82.95,37959.0
2021-07-09 14:30:00,NSE:SADBHAV,82.85,83.0,82.3,82.5,33365.0
2021-07-09 14:45:00,NSE:SADBHAV,82.6,83.7,82.4,83.25,76225.0
2021-07-09 15:00:00,NSE:SADBHAV,83.15,83.35,82.5,82.55,133318.0
2021-07-09 15:15:00,NSE:SADBHAV,82.6,82.95,82.3,82.6,125174.0
2021-07-09 15:30:00,NSE:SADBHAV,82.8,82.8,82.6,82.6,600.0
2021-07-12 09:00:00,NSE:SADBHAV,83.8,83.8,83.8,83.8,6386.0
2021-07-12 09:15:00,NSE:SADBHAV,83.8,83.85,82.8,83.75,115073.0
2021-07-12 09:30:00,NSE:SADBHAV,83.75,84.2,83.3,84.2,88437.0
2021-07-12 09:45:00,NSE:SADBHAV,84.2,85.75,84.1,84.8,275872.0
2021-07-12 10:00:00,NSE:SADBHAV,84.8,85.55,84.65,84.85,220428.0
2021-07-12 10:15:00,NSE:SADBHAV,85.0,85.45,84.75,84.8,131442.0
2021-07-12 10:30:00,NSE:SADBHAV,85.0,85.2,84.8,84.8,29839.0
2021-07-12 10:45:00,NSE:SADBHAV,84.9,85.25,84.5,85.0,61123.0
2021-07-12 11:00:00,NSE:SADBHAV,85.1,85.25,84.95,85.1,26605.0
2021-07-12 11:15:00,NSE:SADBHAV,85.1,85.35,84.9,85.35,49037.0
2021-07-12 11:30:00,NSE:SADBHAV,85.2,85.4,85.05,85.2,25047.0
2021-07-12 11:45:00,NSE:SADBHAV,85.2,85.4,85.0,85.3,25156.0
2021-07-12 12:00:00,NSE:SADBHAV,85.2,85.5,84.65,84.85,83641.0
2021-07-12 12:15:00,NSE:SADBHAV,84.8,85.0,84.45,84.9,63478.0
2021-07-12 12:30:00,NSE:SADBHAV,84.8,85.2,84.45,84.65,69012.0
2021-07-12 12:45:00,NSE:SADBHAV,84.65,84.9,84.6,84.7,15065.0
2021-07-12 13:00:00,NSE:SADBHAV,84.65,84.75,84.1,84.1,26139.0
2021-07-12 13:15:00,NSE:SADBHAV,84.25,84.95,83.7,84.6,257685.0
2021-07-12 13:30:00,NSE:SADBHAV,84.45,84.45,83.8,84.0,34490.0
2021-07-12 13:45:00,NSE:SADBHAV,84.0,84.0,83.15,83.35,86591.0
2021-07-12 14:00:00,NSE:SADBHAV,83.3,83.5,83.0,83.1,73951.0
2021-07-12 14:15:00,NSE:SADBHAV,83.1,83.5,83.0,83.25,34297.0
2021-07-12 14:30:00,NSE:SADBHAV,83.25,83.4,81.5,81.55,308061.0
2021-07-12 14:45:00,NSE:SADBHAV,81.75,82.75,81.7,82.5,76756.0
2021-07-12 15:00:00,NSE:SADBHAV,82.55,82.75,82.4,82.4,53517.0
2021-07-12 15:15:00,NSE:SADBHAV,82.5,83.9,82.5,83.15,133701.0
2021-07-12 15:30:00,NSE:SADBHAV,83.05,83.05,83.05,83.05,250.0
2021-07-13 09:00:00,NSE:SADBHAV,83.25,83.25,83.25,83.25,1875.0
2021-07-13 09:15:00,NSE:SADBHAV,83.9,85.0,83.55,84.55,202290.0
2021-07-13 09:30:00,NSE:SADBHAV,84.55,84.9,84.05,84.85,114810.0
2021-07-13 09:45:00,NSE:SADBHAV,84.6,85.5,84.3,85.4,204670.0
2021-07-13 10:00:00,NSE:SADBHAV,85.25,85.5,84.75,84.9,98076.0
2021-07-13 10:15:00,NSE:SADBHAV,84.75,85.1,84.65,84.9,39692.0
2021-07-13 10:30:00,NSE:SADBHAV,84.85,85.0,84.05,84.05,72715.0
2021-07-13 10:45:00,NSE:SADBHAV,84.05,84.2,83.8,84.0,39155.0
2021-07-13 11:00:00,NSE:SADBHAV,84.0,84.15,84.0,84.15,13475.0
2021-07-13 11:15:00,NSE:SADBHAV,84.15,84.3,84.0,84.15,8154.0
2021-07-13 11:30:00,NSE:SADBHAV,84.15,84.3,83.8,84.3,30970.0
2021-07-13 11:45:00,NSE:SADBHAV,84.3,84.7,83.75,84.15,155575.0
2021-07-13 12:00:00,NSE:SADBHAV,84.1,84.25,83.85,83.9,15547.0
2021-07-13 12:15:00,NSE:SADBHAV,83.9,84.25,83.9,84.2,10957.0
2021-07-13 12:30:00,NSE:SADBHAV,84.2,84.55,83.85,84.5,37929.0
2021-07-13 12:45:00,NSE:SADBHAV,84.6,84.7,84.4,84.4,14486.0
2021-07-13 13:00:00,NSE:SADBHAV,84.4,84.45,83.95,84.0,9515.0
2021-07-13 13:15:00,NSE:SADBHAV,84.1,87.9,83.9,85.8,1836758.0
2021-07-13 13:30:00,NSE:SADBHAV,85.8,86.65,82.6,84.05,1377288.0
2021-07-13 13:45:00,NSE:SADBHAV,84.1,84.65,83.65,84.6,318419.0
2021-07-13 14:00:00,NSE:SADBHAV,84.6,84.7,84.15,84.35,204210.0
2021-07-13 14:15:00,NSE:SADBHAV,84.45,85.35,84.45,84.9,364225.0
2021-07-13 14:30:00,NSE:SADBHAV,84.9,85.1,84.4,84.5,140171.0
2021-07-13 14:45:00,NSE:SADBHAV,84.55,84.6,84.0,84.4,141930.0
2021-07-13 15:00:00,NSE:SADBHAV,84.3,84.5,84.0,84.5,83800.0
2021-07-13 15:15:00,NSE:SADBHAV,84.5,84.7,84.05,84.05,301538.0
2021-07-13 15:30:00,NSE:SADBHAV,84.1,84.3,84.1,84.1,2501.0
2021-07-14 09:00:00,NSE:SADBHAV,83.5,83.5,83.5,83.5,4343.0
2021-07-14 09:15:00,NSE:SADBHAV,83.95,84.8,82.2,82.6,341636.0
2021-07-14 09:30:00,NSE:SADBHAV,82.4,82.65,81.75,82.3,351498.0
2021-07-14 09:45:00,NSE:SADBHAV,82.35,82.4,81.8,81.95,94623.0
2021-07-14 10:00:00,NSE:SADBHAV,81.95,82.35,81.8,82.0,74347.0
2021-07-14 10:15:00,NSE:SADBHAV,81.9,82.2,81.85,82.0,72030.0
2021-07-14 10:30:00,NSE:SADBHAV,81.95,82.0,81.85,82.0,41936.0
2021-07-14 10:45:00,NSE:SADBHAV,82.0,82.4,81.95,82.4,62167.0
2021-07-14 11:00:00,NSE:SADBHAV,82.4,84.9,82.05,83.6,833104.0
2021-07-14 11:15:00,NSE:SADBHAV,83.6,84.0,82.9,83.0,255619.0
2021-07-14 11:30:00,NSE:SADBHAV,82.95,83.0,82.35,82.45,25522.0
2021-07-14 11:45:00,NSE:SADBHAV,82.45,82.5,81.8,82.5,223570.0
2021-07-14 12:00:00,NSE:SADBHAV,82.45,82.5,82.15,82.4,17351.0
2021-07-14 12:15:00,NSE:SADBHAV,82.35,82.5,82.3,82.4,20735.0
2021-07-14 12:30:00,NSE:SADBHAV,82.4,82.5,82.3,82.5,18267.0
2021-07-14 12:45:00,NSE:SADBHAV,82.3,82.5,82.3,82.4,8306.0
2021-07-14 13:00:00,NSE:SADBHAV,82.4,82.45,82.3,82.3,7970.0
2021-07-14 13:15:00,NSE:SADBHAV,82.3,82.45,82.25,82.25,5030.0
2021-07-14 13:30:00,NSE:SADBHAV,82.4,82.4,82.1,82.25,14604.0
2021-07-14 13:45:00,NSE:SADBHAV,82.3,82.65,82.25,82.65,15655.0
2021-07-14 14:00:00,NSE:SADBHAV,82.55,82.55,82.1,82.4,18808.0
2021-07-14 14:15:00,NSE:SADBHAV,82.4,82.6,82.15,82.4,46013.0
2021-07-14 14:30:00,NSE:SADBHAV,82.35,82.55,82.2,82.5,11968.0
2021-07-14 14:45:00,NSE:SADBHAV,82.45,82.45,82.15,82.3,49048.0
2021-07-14 15:00:00,NSE:SADBHAV,82.3,82.4,81.85,81.85,110399.0
2021-07-14 15:15:00,NSE:SADBHAV,81.85,82.15,81.5,81.7,116472.0
2021-07-14 15:30:00,NSE:SADBHAV,81.9,81.9,81.9,81.9,50.0
2021-07-15 09:00:00,NSE:SADBHAV,82.3,82.3,82.3,82.3,2469.0
2021-07-15 09:15:00,NSE:SADBHAV,82.25,82.7,80.7,82.15,155235.0
2021-07-15 09:30:00,NSE:SADBHAV,82.3,82.35,82.0,82.15,34076.0
2021-07-15 09:45:00,NSE:SADBHAV,82.1,82.45,82.1,82.3,34652.0
2021-07-15 10:00:00,NSE:SADBHAV,82.3,82.7,82.25,82.4,40204.0
2021-07-15 10:15:00,NSE:SADBHAV,82.4,82.55,82.3,82.4,13007.0
2021-07-15 10:30:00,NSE:SADBHAV,82.3,82.5,82.0,82.0,32777.0
2021-07-15 10:45:00,NSE:SADBHAV,82.2,82.2,81.65,81.8,38342.0
2021-07-15 11:00:00,NSE:SADBHAV,81.75,82.2,81.75,82.0,20566.0
2021-07-15 11:15:00,NSE:SADBHAV,82.0,82.05,81.55,81.65,159986.0
2021-07-15 11:30:00,NSE:SADBHAV,81.75,81.75,80.9,81.5,75024.0
2021-07-15 11:45:00,NSE:SADBHAV,81.65,81.65,81.3,81.4,9956.0
2021-07-15 12:00:00,NSE:SADBHAV,81.4,81.65,81.4,81.4,15114.0
2021-07-15 12:15:00,NSE:SADBHAV,81.5,81.5,81.2,81.3,15032.0
2021-07-15 12:30:00,NSE:SADBHAV,81.3,81.45,81.25,81.4,3582.0
2021-07-15 12:45:00,NSE:SADBHAV,81.4,81.4,80.95,81.0,17844.0
2021-07-15 13:00:00,NSE:SADBHAV,81.05,81.25,81.0,81.0,10291.0
2021-07-15 13:15:00,NSE:SADBHAV,81.15,81.2,81.0,81.1,9947.0
2021-07-15 13:30:00,NSE:SADBHAV,81.05,81.25,80.95,81.25,68604.0
2021-07-15 13:45:00,NSE:SADBHAV,81.35,81.35,80.8,80.85,23727.0
2021-07-15 14:00:00,NSE:SADBHAV,80.75,81.0,80.75,80.9,109749.0
2021-07-15 14:15:00,NSE:SADBHAV,80.95,81.0,79.8,80.25,138432.0
2021-07-15 14:30:00,NSE:SADBHAV,80.3,80.6,80.15,80.4,20413.0
2021-07-15 14:45:00,NSE:SADBHAV,80.5,80.5,79.55,79.65,82590.0
2021-07-15 15:00:00,NSE:SADBHAV,79.65,79.9,78.85,79.55,342963.0
2021-07-15 15:15:00,NSE:SADBHAV,79.55,79.95,79.25,79.85,89903.0
2021-07-15 15:30:00,NSE:SADBHAV,79.85,79.85,79.7,79.85,1687.0
2021-07-16 09:00:00,NSE:SADBHAV,80.4,80.4,80.4,80.4,6746.0
2021-07-16 09:15:00,NSE:SADBHAV,80.5,81.45,80.2,81.25,152832.0
2021-07-16 09:30:00,NSE:SADBHAV,81.25,81.4,80.75,80.9,32412.0
2021-07-16 09:45:00,NSE:SADBHAV,80.85,81.15,80.7,80.85,60999.0
2021-07-16 10:00:00,NSE:SADBHAV,80.8,80.9,80.5,80.6,29857.0
2021-07-16 10:15:00,NSE:SADBHAV,80.6,80.75,80.3,80.6,8982.0
2021-07-16 10:30:00,NSE:SADBHAV,80.7,80.8,80.45,80.6,11553.0
2021-07-16 10:45:00,NSE:SADBHAV,80.4,80.6,80.05,80.2,29965.0
2021-07-16 11:00:00,NSE:SADBHAV,80.25,80.25,79.85,79.9,49525.0
2021-07-16 11:15:00,NSE:SADBHAV,79.9,80.0,79.6,80.0,26544.0
2021-07-16 11:30:00,NSE:SADBHAV,80.0,80.0,79.8,80.0,22257.0
2021-07-16 11:45:00,NSE:SADBHAV,80.0,80.0,79.85,80.0,15660.0
2021-07-16 12:00:00,NSE:SADBHAV,80.0,80.0,79.7,79.95,50247.0
2021-07-16 12:15:00,NSE:SADBHAV,79.95,80.0,79.75,80.0,28651.0
2021-07-16 12:30:00,NSE:SADBHAV,80.0,80.0,79.8,79.95,20260.0
2021-07-16 12:45:00,NSE:SADBHAV,79.85,80.0,79.8,79.8,20355.0
2021-07-16 13:00:00,NSE:SADBHAV,79.8,80.0,79.8,79.9,21825.0
2021-07-16 13:15:00,NSE:SADBHAV,79.9,79.95,79.2,79.4,33209.0
2021-07-16 13:30:00,NSE:SADBHAV,79.4,79.7,79.2,79.65,29397.0
2021-07-16 13:45:00,NSE:SADBHAV,79.6,79.75,79.5,79.6,20717.0
2021-07-16 14:00:00,NSE:SADBHAV,79.6,79.7,79.45,79.7,7733.0
2021-07-16 14:15:00,NSE:SADBHAV,79.6,79.85,79.6,79.8,6599.0
2021-07-16 14:30:00,NSE:SADBHAV,79.8,80.0,79.55,79.55,21171.0
2021-07-16 14:45:00,NSE:SADBHAV,79.6,79.95,79.1,79.4,61627.0
2021-07-16 15:00:00,NSE:SADBHAV,79.45,79.55,79.05,79.2,38635.0
2021-07-16 15:15:00,NSE:SADBHAV,79.15,79.4,79.05,79.35,87933.0
2021-07-16 15:30:00,NSE:SADBHAV,79.4,79.4,79.3,79.4,3250.0
2021-07-19 09:00:00,NSE:SADBHAV,78.1,78.1,78.1,78.1,7050.0
2021-07-19 09:15:00,NSE:SADBHAV,78.0,79.0,77.4,78.65,95571.0
2021-07-19 09:30:00,NSE:SADBHAV,78.75,78.95,78.6,78.75,43166.0
2021-07-19 09:45:00,NSE:SADBHAV,78.75,78.8,78.6,78.6,18361.0
2021-07-19 10:00:00,NSE:SADBHAV,78.6,78.7,78.1,78.1,30129.0
2021-07-19 10:15:00,NSE:SADBHAV,78.1,78.2,77.9,77.95,58917.0
2021-07-19 10:30:00,NSE:SADBHAV,78.0,78.25,77.95,78.25,21041.0
2021-07-19 10:45:00,NSE:SADBHAV,78.15,78.5,77.85,78.0,48680.0
2021-07-19 11:00:00,NSE:SADBHAV,78.0,78.0,77.6,77.85,35673.0
2021-07-19 11:15:00,NSE:SADBHAV,77.8,77.9,77.6,77.85,45062.0
2021-07-19 11:30:00,NSE:SADBHAV,77.75,78.0,77.75,77.75,19480.0
2021-07-19 11:45:00,NSE:SADBHAV,77.85,77.85,77.65,77.85,12509.0
2021-07-19 12:00:00,NSE:SADBHAV,77.8,78.0,77.45,77.8,46110.0
2021-07-19 12:15:00,NSE:SADBHAV,77.7,77.8,77.7,77.7,6511.0
2021-07-19 12:30:00,NSE:SADBHAV,77.7,77.8,77.55,77.75,19624.0
2021-07-19 12:45:00,NSE:SADBHAV,77.65,78.0,77.35,77.4,36416.0
2021-07-19 13:00:00,NSE:SADBHAV,77.5,77.55,77.05,77.45,41608.0
2021-07-19 13:15:00,NSE:SADBHAV,77.4,77.55,76.95,77.55,37831.0
2021-07-19 13:30:00,NSE:SADBHAV,77.55,77.65,77.1,77.25,21260.0
2021-07-19 13:45:00,NSE:SADBHAV,77.25,77.3,77.0,77.2,23492.0
2021-07-19 14:00:00,NSE:SADBHAV,77.2,77.4,77.05,77.15,35419.0
2021-07-19 14:15:00,NSE:SADBHAV,77.25,77.25,76.6,76.9,47794.0
2021-07-19 14:30:00,NSE:SADBHAV,77.0,77.2,76.7,76.95,37685.0
2021-07-19 14:45:00,NSE:SADBHAV,76.95,77.05,76.75,77.05,22082.0
2021-07-19 15:00:00,NSE:SADBHAV,77.0,77.2,76.7,76.85,56315.0
2021-07-19 15:15:00,NSE:SADBHAV,76.85,77.55,76.55,77.45,116670.0
2021-07-19 15:30:00,NSE:SADBHAV,77.5,77.5,77.05,77.05,1770.0
2021-07-20 09:00:00,NSE:SADBHAV,77.5,77.5,77.5,77.5,1056.0
2021-07-20 09:15:00,NSE:SADBHAV,76.55,77.0,75.55,76.6,197470.0
2021-07-20 09:30:00,NSE:SADBHAV,76.65,76.75,75.7,75.95,72449.0
2021-07-20 09:45:00,NSE:SADBHAV,75.95,76.1,75.1,75.6,57118.0
2021-07-20 10:00:00,NSE:SADBHAV,75.35,75.8,75.2,75.8,35590.0
2021-07-20 10:15:00,NSE:SADBHAV,75.8,75.85,75.3,75.4,17945.0
2021-07-20 10:30:00,NSE:SADBHAV,75.4,75.7,74.5,74.6,75419.0
2021-07-20 10:45:00,NSE:SADBHAV,74.6,74.6,73.5,74.15,112546.0
2021-07-20 11:00:00,NSE:SADBHAV,74.2,74.2,73.0,73.45,90072.0
2021-07-20 11:15:00,NSE:SADBHAV,73.3,73.85,73.3,73.5,33492.0
2021-07-20 11:30:00,NSE:SADBHAV,73.6,73.85,73.3,73.5,48324.0
2021-07-20 11:45:00,NSE:SADBHAV,73.45,74.0,73.4,73.75,53972.0
2021-07-20 12:00:00,NSE:SADBHAV,73.65,73.75,70.8,71.5,276110.0
2021-07-20 12:15:00,NSE:SADBHAV,71.5,72.3,70.0,71.95,306360.0
2021-07-20 12:30:00,NSE:SADBHAV,71.9,72.55,71.8,72.5,116921.0
2021-07-20 12:45:00,NSE:SADBHAV,72.4,72.7,71.9,72.0,56501.0
2021-07-20 13:00:00,NSE:SADBHAV,71.9,72.7,71.9,72.7,111784.0
2021-07-20 13:15:00,NSE:SADBHAV,72.65,73.25,72.45,72.5,67037.0
2021-07-20 13:30:00,NSE:SADBHAV,72.5,72.7,72.05,72.5,60024.0
2021-07-20 13:45:00,NSE:SADBHAV,72.45,72.8,72.1,72.45,42383.0
2021-07-20 14:00:00,NSE:SADBHAV,72.45,72.5,72.35,72.5,21936.0
2021-07-20 14:15:00,NSE:SADBHAV,72.5,72.5,71.8,72.0,88839.0
2021-07-20 14:30:00,NSE:SADBHAV,72.0,72.3,71.9,72.25,39121.0
2021-07-20 14:45:00,NSE:SADBHAV,72.3,72.45,71.95,72.25,38261.0
2021-07-20 15:00:00,NSE:SADBHAV,72.25,72.3,71.2,71.25,116548.0
2021-07-20 15:15:00,NSE:SADBHAV,71.35,72.7,71.05,72.35,185237.0
2021-07-20 15:30:00,NSE:SADBHAV,72.35,72.35,71.75,71.75,1181.0
2021-07-22 09:00:00,NSE:SADBHAV,73.7,73.7,73.7,73.7,8487.0
2021-07-22 09:15:00,NSE:SADBHAV,73.6,74.45,73.05,73.5,149576.0
2021-07-22 09:30:00,NSE:SADBHAV,73.4,74.3,73.3,73.85,92085.0
2021-07-22 09:45:00,NSE:SADBHAV,73.95,73.95,73.6,73.9,38495.0
2021-07-22 10:00:00,NSE:SADBHAV,73.9,73.95,73.6,73.65,36725.0
2021-07-22 10:15:00,NSE:SADBHAV,73.75,73.75,73.3,73.7,26324.0
2021-07-22 10:30:00,NSE:SADBHAV,73.7,74.0,73.5,73.55,20514.0
2021-07-22 10:45:00,NSE:SADBHAV,73.55,73.75,73.25,73.3,33545.0
2021-07-22 11:00:00,NSE:SADBHAV,73.3,73.5,73.2,73.4,15671.0
2021-07-22 11:15:00,NSE:SADBHAV,73.3,73.35,73.1,73.25,13982.0
2021-07-22 11:30:00,NSE:SADBHAV,73.25,73.45,73.2,73.25,16314.0
2021-07-22 11:45:00,NSE:SADBHAV,73.25,73.4,72.75,72.8,39311.0
2021-07-22 12:00:00,NSE:SADBHAV,72.8,72.85,72.75,72.85,19339.0
2021-07-22 12:15:00,NSE:SADBHAV,72.85,73.0,72.85,73.0,11334.0
2021-07-22 12:30:00,NSE:SADBHAV,73.0,73.0,72.8,72.9,14316.0
2021-07-22 12:45:00,NSE:SADBHAV,72.95,73.0,72.75,72.95,14821.0
2021-07-22 13:00:00,NSE:SADBHAV,72.95,73.05,72.95,73.05,7278.0
2021-07-22 13:15:00,NSE:SADBHAV,73.0,73.1,72.8,73.0,22354.0
2021-07-22 13:30:00,NSE:SADBHAV,73.0,73.1,72.9,73.0,11456.0
2021-07-22 13:45:00,NSE:SADBHAV,73.0,73.1,72.3,72.5,44224.0
2021-07-22 14:00:00,NSE:SADBHAV,72.5,72.5,72.35,72.45,11019.0
2021-07-22 14:15:00,NSE:SADBHAV,72.4,72.5,72.35,72.45,31636.0
2021-07-22 14:30:00,NSE:SADBHAV,72.5,72.5,72.3,72.45,17506.0
2021-07-22 14:45:00,NSE:SADBHAV,72.45,72.5,72.1,72.2,25283.0
2021-07-22 15:00:00,NSE:SADBHAV,72.45,72.65,72.1,72.35,68096.0
2021-07-22 15:15:00,NSE:SADBHAV,72.45,73.2,72.35,72.75,104835.0
2021-07-22 15:30:00,NSE:SADBHAV,72.7,72.75,72.7,72.75,2571.0
2021-07-23 09:00:00,NSE:SADBHAV,73.35,73.35,73.35,73.35,131.0
2021-07-23 09:15:00,NSE:SADBHAV,73.4,73.7,72.8,73.2,41045.0
2021-07-23 09:30:00,NSE:SADBHAV,73.2,73.2,72.25,72.95,49146.0
2021-07-23 09:45:00,NSE:SADBHAV,72.95,73.4,72.5,73.4,18159.0
2021-07-23 10:00:00,NSE:SADBHAV,73.35,73.6,73.0,73.6,36356.0
2021-07-23 10:15:00,NSE:SADBHAV,73.6,73.6,73.15,73.25,12863.0
2021-07-23 10:30:00,NSE:SADBHAV,73.25,73.4,71.75,71.9,47878.0
2021-07-23 10:45:00,NSE:SADBHAV,71.85,72.1,71.45,72.0,32972.0
2021-07-23 11:00:00,NSE:SADBHAV,71.9,72.0,71.65,71.85,33351.0
2021-07-23 11:15:00,NSE:SADBHAV,71.95,72.0,71.75,71.95,8840.0
2021-07-23 11:30:00,NSE:SADBHAV,71.9,72.0,71.85,71.95,4089.0
2021-07-23 11:45:00,NSE:SADBHAV,71.95,72.0,71.9,71.9,10367.0
2021-07-23 12:00:00,NSE:SADBHAV,71.95,72.0,71.9,72.0,11880.0
2021-07-23 12:15:00,NSE:SADBHAV,71.9,72.0,71.6,71.8,18242.0
2021-07-23 12:30:00,NSE:SADBHAV,71.8,72.0,71.4,71.95,34970.0
2021-07-23 12:45:00,NSE:SADBHAV,71.95,72.0,71.9,72.0,12245.0
2021-07-23 13:15:00,NSE:SADBHAV,71.9,72.0,71.9,71.9,11296.0
2021-07-23 13:30:00,NSE:SADBHAV,71.9,72.0,71.85,71.9,19862.0
2021-07-23 13:45:00,NSE:SADBHAV,72.0,72.0,71.9,72.0,10190.0
2021-07-23 14:00:00,NSE:SADBHAV,72.0,72.0,71.85,71.85,18695.0
2021-07-23 14:15:00,NSE:SADBHAV,71.85,72.0,71.85,72.0,10497.0
2021-07-23 14:30:00,NSE:SADBHAV,72.0,72.0,71.9,71.9,14016.0
2021-07-23 14:45:00,NSE:SADBHAV,72.0,72.0,71.8,71.85,13689.0
2021-07-23 15:00:00,NSE:SADBHAV,71.9,71.95,70.9,71.6,70073.0
2021-07-23 15:15:00,NSE:SADBHAV,71.6,71.8,71.5,71.8,44185.0
2021-07-23 15:30:00,NSE:SADBHAV,71.45,71.45,71.45,71.45,250.0
2021-07-26 09:00:00,NSE:SADBHAV,71.85,71.85,71.85,71.85,2614.0
2021-07-26 09:15:00,NSE:SADBHAV,71.8,72.3,71.1,72.2,77871.0
2021-07-26 09:30:00,NSE:SADBHAV,72.2,72.2,70.0,70.9,105623.0
2021-07-26 09:45:00,NSE:SADBHAV,71.05,71.25,70.85,71.0,23562.0
2021-07-26 10:00:00,NSE:SADBHAV,71.0,71.0,70.65,70.85,15319.0
2021-07-26 10:15:00,NSE:SADBHAV,70.9,71.0,70.65,70.65,23189.0
2021-07-26 10:30:00,NSE:SADBHAV,70.6,70.7,70.3,70.5,35211.0
2021-07-26 10:45:00,NSE:SADBHAV,70.5,70.5,70.15,70.5,25793.0
2021-07-26 11:00:00,NSE:SADBHAV,70.5,70.9,70.45,70.5,13925.0
2021-07-26 11:15:00,NSE:SADBHAV,70.5,70.5,70.1,70.25,18430.0
2021-07-26 11:30:00,NSE:SADBHAV,70.25,70.25,70.1,70.25,12063.0
2021-07-26 11:45:00,NSE:SADBHAV,70.25,70.25,69.35,69.7,88871.0
2021-07-26 12:00:00,NSE:SADBHAV,69.7,69.75,69.05,69.6,37519.0
2021-07-26 12:15:00,NSE:SADBHAV,69.7,69.9,69.55,69.8,14255.0
2021-07-26 12:30:00,NSE:SADBHAV,69.85,70.1,69.45,70.0,47886.0
2021-07-26 12:45:00,NSE:SADBHAV,69.95,70.0,69.85,70.0,21529.0
2021-07-26 13:00:00,NSE:SADBHAV,70.0,70.0,69.8,69.9,23127.0
2021-07-26 13:15:00,NSE:SADBHAV,69.9,70.0,69.6,69.75,15723.0
2021-07-26 13:30:00,NSE:SADBHAV,69.75,70.0,69.7,69.7,18516.0
2021-07-26 13:45:00,NSE:SADBHAV,69.65,69.8,69.5,69.7,19026.0
2021-07-26 14:00:00,NSE:SADBHAV,69.7,69.75,69.3,69.45,38703.0
2021-07-26 14:15:00,NSE:SADBHAV,69.45,69.65,68.75,68.95,85899.0
2021-07-26 14:30:00,NSE:SADBHAV,68.75,68.9,67.8,68.1,171774.0
2021-07-26 14:45:00,NSE:SADBHAV,68.0,68.6,68.0,68.45,53450.0
2021-07-26 15:00:00,NSE:SADBHAV,68.5,68.7,68.3,68.4,46022.0
2021-07-26 15:15:00,NSE:SADBHAV,68.45,68.45,67.8,68.15,110493.0
2021-07-26 15:30:00,NSE:SADBHAV,68.15,68.25,68.15,68.15,1474.0
2021-07-27 09:00:00,NSE:SADBHAV,69.0,69.0,69.0,69.0,7735.0
2021-07-27 09:15:00,NSE:SADBHAV,68.55,71.0,68.5,70.0,283999.0
2021-07-27 09:30:00,NSE:SADBHAV,70.0,70.0,69.65,69.95,168987.0
2021-07-27 09:45:00,NSE:SADBHAV,69.95,69.95,69.65,69.65,31551.0
2021-07-27 10:00:00,NSE:SADBHAV,69.65,69.95,69.55,69.85,18190.0
2021-07-27 10:15:00,NSE:SADBHAV,69.85,70.0,69.75,69.9,26146.0
2021-07-27 10:30:00,NSE:SADBHAV,69.9,69.9,69.6,69.75,9060.0
2021-07-27 10:45:00,NSE:SADBHAV,69.75,69.95,69.7,69.9,10565.0
2021-07-27 11:00:00,NSE:SADBHAV,69.9,69.95,69.75,69.9,11509.0
2021-07-27 11:15:00,NSE:SADBHAV,69.9,69.95,69.8,69.9,30082.0
2021-07-27 11:30:00,NSE:SADBHAV,69.8,69.95,69.8,69.8,34112.0
2021-07-27 11:45:00,NSE:SADBHAV,69.9,69.95,69.75,69.9,11068.0
2021-07-27 12:00:00,NSE:SADBHAV,69.8,69.9,69.7,69.7,8152.0
2021-07-27 12:15:00,NSE:SADBHAV,69.65,69.75,69.25,69.4,20472.0
2021-07-27 12:30:00,NSE:SADBHAV,69.35,69.4,68.85,69.0,32684.0
2021-07-27 12:45:00,NSE:SADBHAV,69.0,69.0,68.3,68.3,24566.0
2021-07-27 13:00:00,NSE:SADBHAV,68.3,68.4,67.2,67.8,99249.0
2021-07-27 13:15:00,NSE:SADBHAV,67.75,68.6,67.75,68.6,29836.0
2021-07-27 13:30:00,NSE:SADBHAV,68.7,68.8,68.45,68.65,14561.0
2021-07-27 13:45:00,NSE:SADBHAV,68.7,68.75,68.3,68.4,8817.0
2021-07-27 14:00:00,NSE:SADBHAV,68.4,68.85,68.35,68.55,23763.0
2021-07-27 14:15:00,NSE:SADBHAV,68.5,68.9,68.5,68.7,9909.0
2021-07-27 14:30:00,NSE:SADBHAV,68.65,68.8,68.5,68.65,16972.0
2021-07-27 14:45:00,NSE:SADBHAV,68.5,69.1,68.5,68.85,15410.0
2021-07-27 15:00:00,NSE:SADBHAV,68.9,69.45,68.85,69.4,25911.0
2021-07-27 15:15:00,NSE:SADBHAV,69.45,69.9,69.2,69.85,38269.0
2021-07-27 15:30:00,NSE:SADBHAV,69.45,69.45,69.4,69.4,700.0
2021-07-28 09:00:00,NSE:SADBHAV,69.25,69.25,69.25,69.25,1202.0
2021-07-28 09:15:00,NSE:SADBHAV,69.25,70.0,68.8,69.5,67544.0
2021-07-28 09:30:00,NSE:SADBHAV,69.5,70.3,68.95,69.3,179744.0
2021-07-28 09:45:00,NSE:SADBHAV,69.2,69.4,68.95,69.1,23638.0
2021-07-28 10:00:00,NSE:SADBHAV,69.25,69.95,69.15,69.8,34180.0
2021-07-28 10:15:00,NSE:SADBHAV,69.95,72.2,69.8,71.65,409384.0
2021-07-28 10:30:00,NSE:SADBHAV,71.65,71.8,69.75,69.8,123293.0
2021-07-28 10:45:00,NSE:SADBHAV,69.95,71.35,69.55,70.35,153408.0
2021-07-28 11:00:00,NSE:SADBHAV,70.4,70.85,70.2,70.8,34282.0
2021-07-28 11:15:00,NSE:SADBHAV,70.9,71.7,70.85,71.6,92855.0
2021-07-28 11:30:00,NSE:SADBHAV,71.7,71.85,71.0,71.75,59595.0
2021-07-28 11:45:00,NSE:SADBHAV,71.55,71.75,71.05,71.05,24036.0
2021-07-28 12:00:00,NSE:SADBHAV,71.2,71.4,70.9,70.95,65812.0
2021-07-28 12:15:00,NSE:SADBHAV,71.0,71.1,70.6,70.7,79416.0
2021-07-28 12:30:00,NSE:SADBHAV,70.7,70.7,69.6,70.2,82603.0
2021-07-28 12:45:00,NSE:SADBHAV,70.25,70.25,69.9,70.0,16301.0
2021-07-28 13:00:00,NSE:SADBHAV,69.95,70.1,69.85,70.0,22389.0
2021-07-28 13:15:00,NSE:SADBHAV,70.0,70.3,69.9,70.15,38009.0
2021-07-28 13:30:00,NSE:SADBHAV,70.15,70.3,69.95,70.1,30754.0
2021-07-28 13:45:00,NSE:SADBHAV,70.1,70.35,69.8,69.9,39405.0
2021-07-28 14:00:00,NSE:SADBHAV,69.9,70.3,69.85,69.9,23026.0
2021-07-28 14:15:00,NSE:SADBHAV,69.9,70.05,69.55,69.75,23392.0
2021-07-28 14:30:00,NSE:SADBHAV,69.75,70.1,69.75,70.0,11396.0
2021-07-28 14:45:00,NSE:SADBHAV,70.0,70.0,69.75,69.75,15236.0
2021-07-28 15:00:00,NSE:SADBHAV,69.9,69.9,69.5,69.8,74653.0
2021-07-28 15:15:00,NSE:SADBHAV,69.85,69.9,69.25,69.8,80356.0
2021-07-28 15:30:00,NSE:SADBHAV,69.7,69.7,69.7,69.7,50.0
2021-07-29 09:00:00,NSE:SADBHAV,70.45,70.45,70.45,70.45,162.0
2021-07-29 09:15:00,NSE:SADBHAV,70.25,71.1,70.15,70.85,64551.0
2021-07-29 09:30:00,NSE:SADBHAV,71.0,71.0,70.0,70.2,68737.0
2021-07-29 09:45:00,NSE:SADBHAV,70.2,70.4,69.95,70.0,24573.0
2021-07-29 10:00:00,NSE:SADBHAV,70.0,70.0,69.7,69.95,20780.0
2021-07-29 10:15:00,NSE:SADBHAV,70.0,70.0,69.6,69.95,31407.0
2021-07-29 10:30:00,NSE:SADBHAV,69.95,70.0,69.7,69.95,10104.0
2021-07-29 10:45:00,NSE:SADBHAV,69.8,70.0,69.8,70.0,22024.0
2021-07-29 11:00:00,NSE:SADBHAV,70.0,70.0,69.85,69.95,15259.0
2021-07-29 11:15:00,NSE:SADBHAV,69.95,70.2,69.85,69.85,22049.0
2021-07-29 11:30:00,NSE:SADBHAV,69.85,70.25,69.45,70.0,44690.0
2021-07-29 11:45:00,NSE:SADBHAV,70.15,71.0,70.15,70.85,87279.0
2021-07-29 12:00:00,NSE:SADBHAV,70.9,71.5,70.65,70.65,67237.0
2021-07-29 12:15:00,NSE:SADBHAV,70.6,70.95,70.3,70.4,41730.0
2021-07-29 12:30:00,NSE:SADBHAV,70.4,70.6,70.3,70.4,19163.0
2021-07-29 12:45:00,NSE:SADBHAV,70.35,70.55,70.2,70.3,24093.0
2021-07-29 13:00:00,NSE:SADBHAV,70.3,70.45,70.05,70.25,29930.0
2021-07-29 13:15:00,NSE:SADBHAV,70.25,70.4,70.1,70.2,26492.0
2021-07-29 13:30:00,NSE:SADBHAV,70.2,70.3,70.0,70.1,31477.0
2021-07-29 13:45:00,NSE:SADBHAV,70.05,70.1,69.9,70.0,18209.0
2021-07-29 14:00:00,NSE:SADBHAV,70.0,70.0,69.85,70.0,11723.0
2021-07-29 14:15:00,NSE:SADBHAV,70.0,70.05,69.9,70.0,11555.0
2021-07-29 14:30:00,NSE:SADBHAV,70.0,70.0,69.95,70.0,10483.0
2021-07-29 14:45:00,NSE:SADBHAV,69.9,70.0,69.5,69.65,33785.0
2021-07-29 15:00:00,NSE:SADBHAV,69.6,69.6,68.8,69.25,189669.0
2021-07-29 15:15:00,NSE:SADBHAV,69.1,69.5,69.1,69.25,70828.0
2021-07-29 15:30:00,NSE:SADBHAV,69.25,69.25,69.2,69.25,526.0
2021-07-30 09:00:00,NSE:SADBHAV,69.7,69.7,69.7,69.7,727.0
2021-07-30 09:15:00,NSE:SADBHAV,69.65,70.15,69.35,70.0,48258.0
2021-07-30 09:30:00,NSE:SADBHAV,70.1,70.2,69.9,69.95,27359.0
2021-07-30 09:45:00,NSE:SADBHAV,69.95,70.3,69.8,70.25,18194.0
2021-07-30 10:00:00,NSE:SADBHAV,70.1,70.3,70.0,70.2,20974.0
2021-07-30 10:15:00,NSE:SADBHAV,70.15,70.3,70.0,70.0,25862.0
2021-07-30 10:30:00,NSE:SADBHAV,70.0,71.4,69.95,70.25,226671.0
2021-07-30 10:45:00,NSE:SADBHAV,70.25,70.4,70.1,70.1,24249.0
2021-07-30 11:00:00,NSE:SADBHAV,70.2,70.35,69.7,70.0,51166.0
2021-07-30 11:15:00,NSE:SADBHAV,70.0,70.0,69.7,69.8,11866.0
2021-07-30 11:30:00,NSE:SADBHAV,69.85,70.05,69.85,70.0,16631.0
2021-07-30 11:45:00,NSE:SADBHAV,70.0,70.0,69.9,69.95,3471.0
2021-07-30 12:00:00,NSE:SADBHAV,70.0,70.0,69.85,69.9,7066.0
2021-07-30 12:15:00,NSE:SADBHAV,69.95,70.0,69.85,70.0,8028.0
2021-07-30 12:30:00,NSE:SADBHAV,70.0,70.0,69.8,69.9,14249.0
2021-07-30 12:45:00,NSE:SADBHAV,69.8,69.95,69.75,69.85,2823.0
2021-07-30 13:00:00,NSE:SADBHAV,69.85,70.2,69.7,69.95,20388.0
2021-07-30 13:15:00,NSE:SADBHAV,69.95,70.0,69.7,69.75,4330.0
2021-07-30 13:30:00,NSE:SADBHAV,69.7,70.35,69.5,69.55,87698.0
2021-07-30 13:45:00,NSE:SADBHAV,69.65,70.0,69.65,69.85,7985.0
2021-07-30 14:00:00,NSE:SADBHAV,69.75,70.15,69.3,70.0,37304.0
2021-07-30 14:15:00,NSE:SADBHAV,69.9,70.1,69.75,69.8,9339.0
2021-07-30 14:30:00,NSE:SADBHAV,69.9,69.95,69.75,69.8,6038.0
2021-07-30 14:45:00,NSE:SADBHAV,69.7,70.0,69.6,69.85,50616.0
2021-07-30 15:00:00,NSE:SADBHAV,69.85,69.85,69.5,69.55,30949.0
2021-07-30 15:15:00,NSE:SADBHAV,69.75,70.4,69.55,70.0,54230.0
2021-07-30 15:30:00,NSE:SADBHAV,70.0,70.0,69.8,70.0,2100.0
2021-08-02 09:00:00,NSE:SADBHAV,70.5,70.5,70.5,70.5,2917.0
2021-08-02 09:15:00,NSE:SADBHAV,70.7,70.7,69.7,70.1,53992.0
2021-08-02 09:30:00,NSE:SADBHAV,70.2,70.5,70.05,70.4,34111.0
2021-08-02 09:45:00,NSE:SADBHAV,70.2,70.45,70.2,70.4,8145.0
2021-08-02 10:00:00,NSE:SADBHAV,70.45,70.6,70.3,70.5,22106.0
2021-08-02 10:15:00,NSE:SADBHAV,70.45,70.9,70.35,70.4,38421.0
2021-08-02 10:30:00,NSE:SADBHAV,70.5,70.6,69.85,70.0,39379.0
2021-08-02 10:45:00,NSE:SADBHAV,69.95,70.05,69.85,70.0,18210.0
2021-08-02 11:00:00,NSE:SADBHAV,69.75,70.05,69.75,69.95,27469.0
2021-08-02 11:15:00,NSE:SADBHAV,70.0,70.1,69.8,70.0,15264.0
2021-08-02 11:30:00,NSE:SADBHAV,69.9,70.05,69.8,69.85,15062.0
2021-08-02 11:45:00,NSE:SADBHAV,69.95,70.0,69.85,70.0,10738.0
2021-08-02 12:00:00,NSE:SADBHAV,70.0,70.05,69.8,69.9,13320.0
2021-08-02 12:15:00,NSE:SADBHAV,70.0,70.05,69.9,70.0,8973.0
2021-08-02 12:30:00,NSE:SADBHAV,70.05,70.05,69.85,70.0,20370.0
2021-08-02 12:45:00,NSE:SADBHAV,69.9,70.05,69.9,70.0,2295.0
2021-08-02 13:00:00,NSE:SADBHAV,70.0,70.0,69.85,70.0,2147.0
2021-08-02 13:15:00,NSE:SADBHAV,70.0,70.0,69.8,69.8,15788.0
2021-08-02 13:30:00,NSE:SADBHAV,69.9,70.0,69.8,69.9,11611.0
2021-08-02 13:45:00,NSE:SADBHAV,69.85,70.0,69.85,69.9,6197.0
2021-08-02 14:00:00,NSE:SADBHAV,70.0,70.0,69.8,70.0,26616.0
2021-08-02 14:15:00,NSE:SADBHAV,70.0,70.0,67.3,68.75,114293.0
2021-08-02 14:30:00,NSE:SADBHAV,68.7,69.3,68.7,69.05,43887.0
2021-08-02 14:45:00,NSE:SADBHAV,69.0,69.1,68.6,68.9,19970.0
2021-08-02 15:00:00,NSE:SADBHAV,68.95,68.95,68.55,68.9,29507.0
2021-08-02 15:15:00,NSE:SADBHAV,68.75,69.5,68.75,69.25,61522.0
2021-08-02 15:30:00,NSE:SADBHAV,68.95,68.95,68.95,68.95,50.0
2021-08-03 09:00:00,NSE:SADBHAV,70.45,70.45,70.45,70.45,11320.0
2021-08-03 09:15:00,NSE:SADBHAV,70.65,71.05,69.55,70.2,186674.0
2021-08-03 09:30:00,NSE:SADBHAV,70.25,70.95,70.0,70.75,74352.0
2021-08-03 09:45:00,NSE:SADBHAV,70.75,71.0,70.1,70.2,53073.0
2021-08-03 10:00:00,NSE:SADBHAV,70.2,70.35,70.15,70.2,12382.0
2021-08-03 10:15:00,NSE:SADBHAV,70.2,70.9,70.15,70.55,44211.0
2021-08-03 10:30:00,NSE:SADBHAV,70.5,70.6,70.15,70.2,22532.0
2021-08-03 10:45:00,NSE:SADBHAV,70.15,70.4,70.1,70.3,18489.0
2021-08-03 11:00:00,NSE:SADBHAV,70.35,70.4,69.7,69.85,45681.0
2021-08-03 11:15:00,NSE:SADBHAV,69.8,70.0,69.8,70.0,14444.0
2021-08-03 11:30:00,NSE:SADBHAV,70.0,70.0,69.65,69.9,25133.0
2021-08-03 11:45:00,NSE:SADBHAV,70.0,70.25,69.85,70.1,27439.0
2021-08-03 12:00:00,NSE:SADBHAV,70.05,70.55,70.05,70.15,29776.0
2021-08-03 12:15:00,NSE:SADBHAV,70.2,70.35,70.1,70.15,12175.0
2021-08-03 12:30:00,NSE:SADBHAV,70.1,70.3,69.8,70.0,21648.0
2021-08-03 12:45:00,NSE:SADBHAV,69.85,70.1,69.8,69.9,17114.0
2021-08-03 13:00:00,NSE:SADBHAV,69.9,70.0,69.8,69.85,6151.0
2021-08-03 13:15:00,NSE:SADBHAV,69.9,69.95,69.85,69.9,4676.0
2021-08-03 13:30:00,NSE:SADBHAV,69.9,70.0,69.85,70.0,8588.0
2021-08-03 13:45:00,NSE:SADBHAV,70.0,70.05,69.85,69.95,29198.0
2021-08-03 14:00:00,NSE:SADBHAV,69.95,70.0,69.8,69.8,30585.0
2021-08-03 14:15:00,NSE:SADBHAV,70.0,70.0,69.8,69.8,6917.0
2021-08-03 14:30:00,NSE:SADBHAV,69.9,69.95,69.8,69.95,7670.0
2021-08-03 14:45:00,NSE:SADBHAV,69.8,69.95,69.8,69.85,28684.0
2021-08-03 15:00:00,NSE:SADBHAV,69.9,70.35,69.8,70.15,87394.0
2021-08-03 15:15:00,NSE:SADBHAV,70.15,70.25,69.8,69.8,70698.0
2021-08-03 15:30:00,NSE:SADBHAV,70.1,70.1,70.1,70.1,100.0
2021-08-04 09:00:00,NSE:SADBHAV,70.05,70.05,70.05,70.05,1358.0
2021-08-04 09:15:00,NSE:SADBHAV,70.05,70.6,69.8,69.9,46049.0
2021-08-04 09:30:00,NSE:SADBHAV,69.9,70.1,69.7,69.9,28729.0
2021-08-04 09:45:00,NSE:SADBHAV,69.75,70.3,69.75,70.0,42198.0
2021-08-04 10:00:00,NSE:SADBHAV,70.0,70.0,69.55,69.9,58736.0
2021-08-04 10:15:00,NSE:SADBHAV,69.9,69.95,69.7,69.75,11694.0
2021-08-04 10:30:00,NSE:SADBHAV,69.65,69.75,69.55,69.75,10518.0
2021-08-04 10:45:00,NSE:SADBHAV,69.75,69.95,69.6,69.6,6793.0
2021-08-04 11:00:00,NSE:SADBHAV,69.6,69.75,69.4,69.6,11782.0
2021-08-04 11:15:00,NSE:SADBHAV,69.5,69.55,69.3,69.35,5955.0
2021-08-04 11:30:00,NSE:SADBHAV,69.45,69.65,69.35,69.65,5054.0
2021-08-04 11:45:00,NSE:SADBHAV,69.65,69.65,69.2,69.2,10160.0
2021-08-04 12:00:00,NSE:SADBHAV,69.2,69.35,68.75,68.75,26587.0
2021-08-04 12:15:00,NSE:SADBHAV,68.9,69.0,68.25,68.45,31939.0
2021-08-04 12:30:00,NSE:SADBHAV,68.4,68.55,67.9,68.2,48962.0
2021-08-04 12:45:00,NSE:SADBHAV,68.15,68.2,67.8,68.0,37016.0
2021-08-04 13:00:00,NSE:SADBHAV,68.0,68.1,67.2,67.4,51225.0
2021-08-04 13:15:00,NSE:SADBHAV,67.45,68.0,67.45,67.8,23101.0
2021-08-04 13:30:00,NSE:SADBHAV,67.9,67.9,67.6,67.8,22584.0
2021-08-04 13:45:00,NSE:SADBHAV,67.8,67.9,67.65,67.9,12145.0
2021-08-04 14:00:00,NSE:SADBHAV,67.8,68.0,67.7,67.9,12595.0
2021-08-04 14:15:00,NSE:SADBHAV,67.9,68.05,67.7,67.9,10285.0
2021-08-04 14:30:00,NSE:SADBHAV,67.9,67.95,67.6,67.75,10124.0
2021-08-04 14:45:00,NSE:SADBHAV,67.75,67.9,67.7,67.75,7167.0
2021-08-04 15:00:00,NSE:SADBHAV,67.85,67.9,67.65,67.8,34318.0
2021-08-04 15:15:00,NSE:SADBHAV,67.8,68.0,67.5,67.9,56809.0
2021-08-04 15:30:00,NSE:SADBHAV,67.75,67.75,67.75,67.75,20.0
2021-08-05 09:00:00,NSE:SADBHAV,68.35,68.35,68.35,68.35,546.0
2021-08-05 09:15:00,NSE:SADBHAV,68.1,68.3,67.15,67.25,41886.0
2021-08-05 09:30:00,NSE:SADBHAV,67.05,67.05,65.0,66.05,100172.0
2021-08-05 09:45:00,NSE:SADBHAV,66.2,66.45,65.95,66.25,28633.0
2021-08-05 10:00:00,NSE:SADBHAV,66.1,66.1,65.6,65.85,34418.0
2021-08-05 10:15:00,NSE:SADBHAV,65.75,66.2,65.65,66.0,29582.0
2021-08-05 10:30:00,NSE:SADBHAV,65.85,66.25,65.75,66.2,14951.0
2021-08-05 10:45:00,NSE:SADBHAV,66.25,66.7,66.15,66.7,27611.0
2021-08-05 11:00:00,NSE:SADBHAV,66.6,67.6,66.6,67.5,61241.0
2021-08-05 11:15:00,NSE:SADBHAV,67.45,67.5,66.65,66.85,31132.0
2021-08-05 11:30:00,NSE:SADBHAV,66.85,67.2,66.85,66.95,12563.0
2021-08-05 11:45:00,NSE:SADBHAV,67.1,67.15,66.8,66.8,9796.0
2021-08-05 12:00:00,NSE:SADBHAV,66.8,66.95,66.65,66.8,5959.0
2021-08-05 12:15:00,NSE:SADBHAV,66.8,67.0,66.75,66.95,12004.0
2021-08-05 12:30:00,NSE:SADBHAV,66.85,67.3,66.85,67.3,16442.0
2021-08-05 12:45:00,NSE:SADBHAV,67.3,67.3,67.2,67.3,4034.0
2021-08-05 13:00:00,NSE:SADBHAV,67.3,67.3,67.1,67.1,2704.0
2021-08-05 13:15:00,NSE:SADBHAV,67.2,67.25,67.15,67.2,2185.0
2021-08-05 13:30:00,NSE:SADBHAV,67.15,67.5,67.15,67.4,12023.0
2021-08-05 13:45:00,NSE:SADBHAV,67.4,67.5,67.2,67.3,5296.0
2021-08-05 14:00:00,NSE:SADBHAV,67.3,67.6,67.3,67.5,2863.0
2021-08-05 14:15:00,NSE:SADBHAV,67.5,67.6,67.35,67.4,4014.0
2021-08-05 14:30:00,NSE:SADBHAV,67.45,67.5,67.05,67.25,13948.0
2021-08-05 14:45:00,NSE:SADBHAV,67.3,67.3,67.0,67.2,9556.0
2021-08-05 15:00:00,NSE:SADBHAV,67.2,67.4,66.85,67.0,21084.0
2021-08-05 15:15:00,NSE:SADBHAV,66.9,67.5,66.75,67.5,36356.0
2021-08-05 15:30:00,NSE:SADBHAV,67.05,67.5,67.05,67.5,1300.0
2021-08-06 09:00:00,NSE:SADBHAV,67.7,67.7,67.7,67.7,801.0
2021-08-06 09:15:00,NSE:SADBHAV,67.7,68.45,67.45,68.25,45228.0
2021-08-06 09:30:00,NSE:SADBHAV,68.4,68.6,68.1,68.45,20042.0
2021-08-06 09:45:00,NSE:SADBHAV,68.45,68.8,68.25,68.6,21702.0
2021-08-06 10:00:00,NSE:SADBHAV,68.55,69.0,68.5,68.65,30664.0
2021-08-06 10:15:00,NSE:SADBHAV,68.6,68.7,68.25,68.5,25977.0
2021-08-06 10:30:00,NSE:SADBHAV,68.5,68.5,68.0,68.25,4575.0
2021-08-06 10:45:00,NSE:SADBHAV,68.3,68.35,67.8,68.0,9693.0
2021-08-06 11:00:00,NSE:SADBHAV,68.1,68.25,68.0,68.1,3061.0
2021-08-06 11:15:00,NSE:SADBHAV,68.25,68.3,68.1,68.2,2145.0
2021-08-06 11:30:00,NSE:SADBHAV,68.15,68.3,67.8,68.15,19695.0
2021-08-06 11:45:00,NSE:SADBHAV,68.15,68.75,68.1,68.6,17564.0
2021-08-06 12:00:00,NSE:SADBHAV,68.6,68.7,68.5,68.65,9420.0
2021-08-06 12:15:00,NSE:SADBHAV,68.5,68.7,68.4,68.55,6740.0
2021-08-06 12:30:00,NSE:SADBHAV,68.65,68.65,68.5,68.6,4615.0
2021-08-06 12:45:00,NSE:SADBHAV,68.6,68.75,68.25,68.35,7444.0
2021-08-06 13:00:00,NSE:SADBHAV,68.35,68.5,68.2,68.2,8976.0
2021-08-06 13:15:00,NSE:SADBHAV,68.25,68.35,68.05,68.3,6874.0
2021-08-06 13:30:00,NSE:SADBHAV,68.3,68.3,68.25,68.3,1167.0
2021-08-06 13:45:00,NSE:SADBHAV,68.2,68.3,68.15,68.3,8706.0
2021-08-06 14:00:00,NSE:SADBHAV,68.25,68.35,68.2,68.35,2078.0
2021-08-06 14:15:00,NSE:SADBHAV,68.35,68.4,68.2,68.4,4759.0
2021-08-06 14:30:00,NSE:SADBHAV,68.45,68.45,68.25,68.25,13645.0
2021-08-06 14:45:00,NSE:SADBHAV,68.25,68.25,68.0,68.2,11594.0
2021-08-06 15:00:00,NSE:SADBHAV,68.15,68.2,68.0,68.05,19599.0
2021-08-06 15:15:00,NSE:SADBHAV,68.05,68.4,68.05,68.3,21504.0
2021-08-06 15:30:00,NSE:SADBHAV,68.15,68.15,68.15,68.15,50.0
2021-08-09 09:00:00,NSE:SADBHAV,68.5,68.5,68.5,68.5,130.0
2021-08-09 09:15:00,NSE:SADBHAV,68.5,69.3,68.5,68.55,50914.0
2021-08-09 09:30:00,NSE:SADBHAV,68.55,68.65,67.85,68.0,43186.0
2021-08-09 09:45:00,NSE:SADBHAV,68.0,68.35,68.0,68.1,6661.0
2021-08-09 10:00:00,NSE:SADBHAV,68.05,68.2,67.65,67.95,16140.0
2021-08-09 10:15:00,NSE:SADBHAV,67.8,68.5,67.55,68.5,19710.0
2021-08-09 10:30:00,NSE:SADBHAV,68.55,68.6,67.8,67.9,22113.0
2021-08-09 10:45:00,NSE:SADBHAV,67.8,67.95,67.65,67.75,9373.0
2021-08-09 11:00:00,NSE:SADBHAV,67.75,67.85,67.6,67.65,5792.0
2021-08-09 11:15:00,NSE:SADBHAV,67.65,67.8,67.6,67.6,5550.0
2021-08-09 11:30:00,NSE:SADBHAV,67.55,67.55,67.0,67.3,30616.0
2021-08-09 11:45:00,NSE:SADBHAV,67.3,67.3,67.05,67.2,7018.0
2021-08-09 12:00:00,NSE:SADBHAV,67.0,67.2,66.6,66.8,20605.0
2021-08-09 12:15:00,NSE:SADBHAV,66.85,66.85,66.45,66.8,12457.0
2021-08-09 12:30:00,NSE:SADBHAV,66.85,67.1,66.55,66.7,7849.0
2021-08-09 12:45:00,NSE:SADBHAV,66.7,66.85,66.35,66.5,7711.0
2021-08-09 13:00:00,NSE:SADBHAV,66.5,66.65,66.0,66.4,13175.0
2021-08-09 13:15:00,NSE:SADBHAV,66.4,66.4,65.75,66.0,27937.0
2021-08-09 13:30:00,NSE:SADBHAV,65.95,66.25,65.85,66.1,13802.0
2021-08-09 13:45:00,NSE:SADBHAV,66.0,66.0,64.8,65.5,69627.0
2021-08-09 14:00:00,NSE:SADBHAV,65.6,66.3,65.6,66.2,22873.0
2021-08-09 14:15:00,NSE:SADBHAV,66.3,66.3,65.9,65.95,10076.0
2021-08-09 14:30:00,NSE:SADBHAV,66.0,66.0,65.7,65.8,16010.0
2021-08-09 14:45:00,NSE:SADBHAV,65.8,65.9,65.4,65.5,16990.0
2021-08-09 15:00:00,NSE:SADBHAV,65.6,65.9,65.5,65.65,13934.0
2021-08-09 15:15:00,NSE:SADBHAV,65.75,65.85,65.1,65.85,64791.0
2021-08-09 15:30:00,NSE:SADBHAV,65.6,65.6,65.4,65.6,332.0
2021-08-10 09:00:00,NSE:SADBHAV,65.9,65.9,65.9,65.9,412.0
2021-08-10 09:15:00,NSE:SADBHAV,65.85,67.4,65.7,66.7,83210.0
2021-08-10 09:30:00,NSE:SADBHAV,66.65,66.95,66.65,66.7,13978.0
2021-08-10 09:45:00,NSE:SADBHAV,66.8,66.8,66.5,66.7,10763.0
2021-08-10 10:00:00,NSE:SADBHAV,65.7,66.05,64.2,65.7,80789.0
2021-08-10 10:15:00,NSE:SADBHAV,65.7,65.7,65.5,65.65,6258.0
2021-08-10 10:30:00,NSE:SADBHAV,65.65,65.65,65.0,65.4,17034.0
2021-08-10 10:45:00,NSE:SADBHAV,65.2,65.45,65.15,65.3,5506.0
2021-08-10 11:00:00,NSE:SADBHAV,65.3,65.6,65.25,65.5,5276.0
2021-08-10 11:15:00,NSE:SADBHAV,65.5,65.65,65.35,65.55,3323.0
2021-08-10 11:30:00,NSE:SADBHAV,65.55,66.45,65.55,66.1,22799.0
2021-08-10 11:45:00,NSE:SADBHAV,66.15,66.5,66.1,66.5,7965.0
2021-08-10 12:00:00,NSE:SADBHAV,66.5,66.55,66.2,66.3,9173.0
2021-08-10 12:15:00,NSE:SADBHAV,66.15,66.3,66.1,66.15,3121.0
2021-08-10 12:30:00,NSE:SADBHAV,66.15,66.15,65.1,65.45,60304.0
2021-08-10 12:45:00,NSE:SADBHAV,65.4,65.55,65.35,65.4,6532.0
2021-08-10 13:00:00,NSE:SADBHAV,65.4,65.45,65.15,65.45,7399.0
2021-08-10 13:15:00,NSE:SADBHAV,65.45,65.5,65.1,65.15,8727.0
2021-08-10 13:30:00,NSE:SADBHAV,65.25,65.25,64.55,65.0,30075.0
2021-08-10 13:45:00,NSE:SADBHAV,65.0,65.0,64.05,64.35,24663.0
2021-08-10 14:00:00,NSE:SADBHAV,64.3,64.45,62.05,62.4,121415.0
2021-08-10 14:15:00,NSE:SADBHAV,62.5,63.55,62.25,63.35,72158.0
2021-08-10 14:30:00,NSE:SADBHAV,63.4,63.55,63.25,63.5,35067.0
2021-08-10 14:45:00,NSE:SADBHAV,63.5,64.2,63.4,64.05,16630.0
2021-08-10 15:00:00,NSE:SADBHAV,64.1,64.35,63.9,64.2,31719.0
2021-08-10 15:15:00,NSE:SADBHAV,64.3,65.0,64.2,65.0,56724.0
2021-08-10 15:30:00,NSE:SADBHAV,64.4,65.0,64.4,65.0,1000.0
2021-08-11 09:00:00,NSE:SADBHAV,64.55,64.55,64.55,64.55,620.0
2021-08-11 09:15:00,NSE:SADBHAV,64.6,64.9,63.15,63.6,41651.0
2021-08-11 09:30:00,NSE:SADBHAV,63.7,64.15,62.55,62.55,40539.0
2021-08-11 09:45:00,NSE:SADBHAV,62.75,63.35,61.25,61.55,85881.0
2021-08-11 10:00:00,NSE:SADBHAV,61.6,61.95,60.1,60.55,102555.0
2021-08-11 10:15:00,NSE:SADBHAV,60.6,61.5,60.6,61.4,47989.0
2021-08-11 10:30:00,NSE:SADBHAV,61.2,61.35,60.65,60.8,40708.0
2021-08-11 10:45:00,NSE:SADBHAV,60.9,61.6,60.65,60.8,36824.0
2021-08-11 11:00:00,NSE:SADBHAV,60.7,61.15,60.6,60.95,22784.0
2021-08-11 11:15:00,NSE:SADBHAV,60.95,61.0,60.5,60.9,28524.0
2021-08-11 11:30:00,NSE:SADBHAV,60.8,61.3,60.8,61.25,20763.0
2021-08-11 11:45:00,NSE:SADBHAV,61.25,61.35,61.1,61.3,10583.0
2021-08-11 12:00:00,NSE:SADBHAV,61.35,62.4,61.15,62.05,17007.0
2021-08-11 12:15:00,NSE:SADBHAV,62.1,62.75,62.1,62.7,19606.0
2021-08-11 12:30:00,NSE:SADBHAV,62.7,62.7,62.0,62.15,48734.0
2021-08-11 12:45:00,NSE:SADBHAV,62.15,62.75,62.0,62.5,26354.0
2021-08-11 13:00:00,NSE:SADBHAV,62.55,62.95,62.5,62.75,17397.0
2021-08-11 13:15:00,NSE:SADBHAV,62.8,63.3,62.65,62.65,60029.0
2021-08-11 13:30:00,NSE:SADBHAV,62.65,63.1,62.6,62.75,9245.0
2021-08-11 13:45:00,NSE:SADBHAV,62.8,62.9,62.55,62.7,9406.0
2021-08-11 14:00:00,NSE:SADBHAV,62.7,62.85,62.45,62.85,10276.0
2021-08-11 14:15:00,NSE:SADBHAV,62.8,62.95,62.55,62.55,59889.0
2021-08-11 14:30:00,NSE:SADBHAV,62.55,63.0,62.5,62.7,12050.0
2021-08-11 14:45:00,NSE:SADBHAV,62.7,62.95,62.7,62.75,8276.0
2021-08-11 15:00:00,NSE:SADBHAV,62.8,62.9,62.75,62.8,18555.0
2021-08-11 15:15:00,NSE:SADBHAV,62.85,64.0,62.5,63.45,59925.0
2021-08-11 15:30:00,NSE:SADBHAV,63.1,63.45,63.1,63.45,80.0
2021-08-12 09:00:00,NSE:SADBHAV,63.65,63.65,63.65,63.65,1773.0
2021-08-12 09:15:00,NSE:SADBHAV,63.65,64.0,63.3,63.7,37611.0
2021-08-12 09:30:00,NSE:SADBHAV,63.85,65.55,63.75,64.9,76391.0
2021-08-12 09:45:00,NSE:SADBHAV,64.9,65.65,64.9,65.35,39463.0
2021-08-12 10:00:00,NSE:SADBHAV,65.25,66.8,65.2,66.8,61149.0
2021-08-12 10:15:00,NSE:SADBHAV,66.7,67.85,66.5,67.7,96203.0
2021-08-12 10:30:00,NSE:SADBHAV,67.6,68.5,67.1,67.7,115381.0
2021-08-12 10:45:00,NSE:SADBHAV,67.7,67.9,67.5,67.6,26362.0
2021-08-12 11:00:00,NSE:SADBHAV,67.75,67.75,67.2,67.3,21943.0
2021-08-12 11:15:00,NSE:SADBHAV,67.45,71.25,67.1,70.15,302031.0
2021-08-12 11:30:00,NSE:SADBHAV,70.1,70.2,69.1,69.4,97213.0
2021-08-12 11:45:00,NSE:SADBHAV,69.35,69.4,68.65,69.0,36978.0
2021-08-12 12:00:00,NSE:SADBHAV,68.9,69.4,68.9,69.15,31290.0
2021-08-12 12:15:00,NSE:SADBHAV,69.15,69.2,68.9,69.05,18848.0
2021-08-12 12:30:00,NSE:SADBHAV,68.95,69.2,68.6,68.7,14419.0
2021-08-12 12:45:00,NSE:SADBHAV,68.65,69.0,68.55,68.7,19809.0
2021-08-12 13:00:00,NSE:SADBHAV,68.6,69.1,68.5,68.55,17837.0
2021-08-12 13:15:00,NSE:SADBHAV,68.65,69.0,68.55,68.75,23667.0
2021-08-12 13:30:00,NSE:SADBHAV,68.8,69.0,68.75,68.95,37419.0
2021-08-12 13:45:00,NSE:SADBHAV,69.0,69.0,68.8,68.85,13489.0
2021-08-12 14:00:00,NSE:SADBHAV,69.0,69.0,68.8,68.85,21927.0
2021-08-12 14:15:00,NSE:SADBHAV,68.8,68.95,68.7,68.8,9401.0
2021-08-12 14:30:00,NSE:SADBHAV,68.8,69.75,68.8,69.65,66918.0
2021-08-12 14:45:00,NSE:SADBHAV,69.75,70.0,69.05,69.15,52182.0
2021-08-12 15:00:00,NSE:SADBHAV,69.15,69.4,69.05,69.1,40963.0
2021-08-12 15:15:00,NSE:SADBHAV,69.05,69.75,69.05,69.5,83367.0
2021-08-12 15:30:00,NSE:SADBHAV,69.5,69.5,69.3,69.3,110.0
2021-08-13 09:00:00,NSE:SADBHAV,70.2,70.2,70.2,70.2,2312.0
2021-08-13 09:15:00,NSE:SADBHAV,70.2,71.35,69.5,69.75,177400.0
2021-08-13 09:30:00,NSE:SADBHAV,69.8,69.85,69.55,69.7,25590.0
2021-08-13 09:45:00,NSE:SADBHAV,69.55,69.8,69.5,69.7,14402.0
2021-08-13 10:00:00,NSE:SADBHAV,69.7,69.75,69.5,69.55,18610.0
2021-08-13 10:15:00,NSE:SADBHAV,69.5,69.6,68.4,68.7,63958.0
2021-08-13 10:30:00,NSE:SADBHAV,68.6,68.9,68.45,68.5,19094.0
2021-08-13 10:45:00,NSE:SADBHAV,68.5,68.7,67.8,68.2,75129.0
2021-08-13 11:00:00,NSE:SADBHAV,68.2,68.5,68.1,68.45,6633.0
2021-08-13 11:15:00,NSE:SADBHAV,68.45,68.7,67.75,67.9,40979.0
2021-08-13 11:30:00,NSE:SADBHAV,67.9,68.2,67.85,68.0,9260.0
2021-08-13 11:45:00,NSE:SADBHAV,68.0,68.35,67.6,67.65,27547.0
2021-08-13 12:00:00,NSE:SADBHAV,67.7,67.7,62.5,66.45,190652.0
2021-08-13 12:15:00,NSE:SADBHAV,66.45,66.45,66.25,66.45,25947.0
2021-08-13 12:30:00,NSE:SADBHAV,66.4,66.55,66.3,66.45,11084.0
2021-08-13 12:45:00,NSE:SADBHAV,66.45,66.65,66.3,66.45,28004.0
2021-08-13 13:00:00,NSE:SADBHAV,66.6,66.6,66.05,66.45,24009.0
2021-08-13 13:15:00,NSE:SADBHAV,66.45,66.85,65.35,66.1,52357.0
2021-08-13 13:30:00,NSE:SADBHAV,66.15,66.2,66.0,66.1,8948.0
2021-08-13 13:45:00,NSE:SADBHAV,66.1,66.4,66.1,66.4,6745.0
2021-08-13 14:00:00,NSE:SADBHAV,66.4,66.5,66.3,66.45,8970.0
2021-08-13 14:15:00,NSE:SADBHAV,66.45,66.55,66.15,66.2,14289.0
2021-08-13 14:30:00,NSE:SADBHAV,66.3,66.55,66.25,66.3,6021.0
2021-08-13 14:45:00,NSE:SADBHAV,66.4,66.8,66.4,66.75,21784.0
2021-08-13 15:00:00,NSE:SADBHAV,66.85,67.3,66.8,67.15,37583.0
2021-08-13 15:15:00,NSE:SADBHAV,67.2,67.25,66.8,67.25,62271.0
2021-08-13 15:30:00,NSE:SADBHAV,67.0,67.25,67.0,67.25,200.0
