datetime,symbol,open,high,low,close,volume
2020-09-15 13:15:00,NSE:SHIL,83.2,83.2,82.8,82.9,214.0
2020-09-15 13:30:00,NSE:SHIL,82.9,83.0,82.9,82.95,2349.0
2020-09-15 13:45:00,NSE:SHIL,83.0,83.0,83.0,83.0,1972.0
2020-09-15 14:00:00,NSE:SHIL,82.8,83.5,82.8,83.35,2221.0
2020-09-15 14:15:00,NSE:SHIL,83.0,83.3,82.9,83.3,530.0
2020-09-15 14:30:00,NSE:SHIL,82.9,82.95,82.4,82.95,76779.0
2020-09-15 14:45:00,NSE:SHIL,82.95,83.3,82.5,83.0,49724.0
2020-09-15 15:00:00,NSE:SHIL,83.0,83.5,83.0,83.35,1279.0
2020-09-15 15:15:00,NSE:SHIL,83.35,83.55,82.55,83.4,3802.0
2020-09-15 15:30:00,NSE:SHIL,83.2,83.2,83.2,83.2,61.0
2020-09-16 09:15:00,NSE:SHIL,84.3,84.3,83.35,83.5,1142.0
2020-09-16 09:30:00,NSE:SHIL,83.45,84.1,83.25,84.1,1103.0
2020-09-16 09:45:00,NSE:SHIL,84.4,84.4,83.7,83.7,1379.0
2020-09-16 10:00:00,NSE:SHIL,83.6,83.6,83.0,83.0,992.0
2020-09-16 10:15:00,NSE:SHIL,82.95,83.75,82.65,83.0,2641.0
2020-09-16 10:30:00,NSE:SHIL,83.5,83.5,83.0,83.35,1234.0
2020-09-16 10:45:00,NSE:SHIL,83.7,83.9,83.5,83.9,596.0
2020-09-16 11:00:00,NSE:SHIL,84.0,84.4,83.8,84.2,6393.0
2020-09-16 11:15:00,NSE:SHIL,84.0,84.15,84.0,84.0,219.0
2020-09-16 11:30:00,NSE:SHIL,83.95,83.95,83.55,83.55,714.0
2020-09-16 11:45:00,NSE:SHIL,83.6,83.6,83.0,83.0,3611.0
2020-09-16 12:00:00,NSE:SHIL,83.0,83.0,83.0,83.0,410.0
2020-09-16 12:15:00,NSE:SHIL,83.0,83.25,83.0,83.25,3101.0
2020-09-16 12:30:00,NSE:SHIL,83.05,83.8,83.0,83.15,5322.0
2020-09-16 12:45:00,NSE:SHIL,83.15,83.5,83.15,83.4,255.0
2020-09-16 13:00:00,NSE:SHIL,83.1,83.1,83.1,83.1,30.0
2020-09-16 13:15:00,NSE:SHIL,83.15,83.15,83.0,83.15,1538.0
2020-09-16 13:30:00,NSE:SHIL,83.0,83.2,83.0,83.1,314.0
2020-09-16 13:45:00,NSE:SHIL,83.1,83.2,83.1,83.2,397.0
2020-09-16 14:00:00,NSE:SHIL,83.5,84.5,83.45,84.25,6195.0
2020-09-16 14:15:00,NSE:SHIL,84.2,85.2,84.0,84.45,7591.0
2020-09-16 14:30:00,NSE:SHIL,84.45,85.45,84.45,85.2,25033.0
2020-09-16 14:45:00,NSE:SHIL,85.15,85.8,85.15,85.65,3022.0
2020-09-16 15:00:00,NSE:SHIL,85.7,88.25,85.5,87.65,158273.0
2020-09-16 15:15:00,NSE:SHIL,87.6,87.6,85.55,86.7,56394.0
2020-09-16 15:30:00,NSE:SHIL,86.55,86.55,86.55,86.55,50.0
2020-09-17 09:00:00,NSE:SHIL,87.0,87.0,87.0,87.0,1.0
2020-09-17 09:15:00,NSE:SHIL,87.0,93.0,86.45,89.3,118427.0
2020-09-17 09:30:00,NSE:SHIL,89.0,89.3,88.2,88.75,6399.0
2020-09-17 09:45:00,NSE:SHIL,88.75,88.75,87.65,87.65,4961.0
2020-09-17 10:00:00,NSE:SHIL,87.65,88.85,87.65,88.5,5499.0
2020-09-17 10:15:00,NSE:SHIL,88.25,88.45,87.9,88.05,1474.0
2020-09-17 10:30:00,NSE:SHIL,88.1,88.5,87.7,87.85,4238.0
2020-09-17 10:45:00,NSE:SHIL,87.5,87.95,87.3,87.8,1479.0
2020-09-17 11:00:00,NSE:SHIL,87.8,88.0,87.3,87.3,2271.0
2020-09-17 11:15:00,NSE:SHIL,87.3,87.85,87.3,87.5,171.0
2020-09-17 11:30:00,NSE:SHIL,87.6,87.6,87.0,87.0,12719.0
2020-09-17 11:45:00,NSE:SHIL,86.75,86.95,84.2,85.65,7477.0
2020-09-17 12:00:00,NSE:SHIL,85.4,86.35,85.4,86.35,1658.0
2020-09-17 12:15:00,NSE:SHIL,86.3,86.85,86.0,86.85,2575.0
2020-09-17 12:30:00,NSE:SHIL,86.7,86.7,86.0,86.55,647.0
2020-09-17 12:45:00,NSE:SHIL,86.25,86.25,85.95,86.25,964.0
2020-09-17 13:00:00,NSE:SHIL,86.35,86.45,86.2,86.45,27.0
2020-09-17 13:15:00,NSE:SHIL,86.4,86.7,85.7,85.75,31073.0
2020-09-17 13:30:00,NSE:SHIL,85.7,86.5,85.0,86.05,72017.0
2020-09-17 13:45:00,NSE:SHIL,86.55,86.55,86.5,86.5,427.0
2020-09-17 14:00:00,NSE:SHIL,86.5,86.5,85.75,86.25,104788.0
2020-09-17 14:15:00,NSE:SHIL,86.1,86.7,86.05,86.3,3391.0
2020-09-17 14:30:00,NSE:SHIL,86.4,87.0,86.4,87.0,6669.0
2020-09-17 14:45:00,NSE:SHIL,87.25,87.25,86.5,86.55,20653.0
2020-09-17 15:00:00,NSE:SHIL,86.55,87.0,86.45,86.45,3440.0
2020-09-17 15:15:00,NSE:SHIL,86.3,87.1,85.55,86.9,6066.0
2020-09-17 15:30:00,NSE:SHIL,86.65,86.65,86.65,86.65,320.0
2020-09-18 09:00:00,NSE:SHIL,87.95,87.95,87.95,87.95,542.0
2020-09-18 09:15:00,NSE:SHIL,87.4,90.25,86.9,89.75,26208.0
2020-09-18 09:30:00,NSE:SHIL,89.7,89.75,88.8,89.0,9243.0
2020-09-18 09:45:00,NSE:SHIL,89.0,90.1,88.75,89.9,31705.0
2020-09-18 10:00:00,NSE:SHIL,89.95,90.5,89.65,89.9,20010.0
2020-09-18 10:15:00,NSE:SHIL,89.7,89.95,89.7,89.75,3250.0
2020-09-18 10:30:00,NSE:SHIL,89.65,89.65,89.05,89.3,1859.0
2020-09-18 10:45:00,NSE:SHIL,89.15,89.55,89.05,89.55,2284.0
2020-09-18 11:00:00,NSE:SHIL,89.65,89.65,89.1,89.4,910.0
2020-09-18 11:15:00,NSE:SHIL,89.4,89.4,89.0,89.1,1639.0
2020-09-18 11:30:00,NSE:SHIL,89.1,89.65,89.1,89.15,1449.0
2020-09-18 11:45:00,NSE:SHIL,89.0,89.55,89.0,89.5,1753.0
2020-09-18 12:00:00,NSE:SHIL,89.5,89.8,89.5,89.75,1924.0
2020-09-18 12:15:00,NSE:SHIL,89.75,90.0,89.7,89.75,3748.0
2020-09-18 12:30:00,NSE:SHIL,89.6,89.95,89.3,89.7,2174.0
2020-09-18 12:45:00,NSE:SHIL,89.5,89.55,89.35,89.35,673.0
2020-09-18 13:00:00,NSE:SHIL,89.35,89.5,89.35,89.5,781.0
2020-09-18 13:15:00,NSE:SHIL,88.95,89.1,88.9,89.0,6394.0
2020-09-18 13:30:00,NSE:SHIL,89.0,89.2,88.9,89.1,734.0
2020-09-18 13:45:00,NSE:SHIL,89.2,89.75,89.05,89.05,2194.0
2020-09-18 14:00:00,NSE:SHIL,89.05,89.05,89.05,89.05,5.0
2020-09-18 14:15:00,NSE:SHIL,88.8,89.05,88.7,88.7,2354.0
2020-09-18 14:30:00,NSE:SHIL,88.6,88.65,88.0,88.3,13022.0
2020-09-18 14:45:00,NSE:SHIL,87.75,88.55,87.5,88.3,10758.0
2020-09-18 15:00:00,NSE:SHIL,87.9,88.45,87.9,88.1,1494.0
2020-09-18 15:15:00,NSE:SHIL,88.5,88.8,88.1,88.1,7280.0
2020-09-18 15:45:00,NSE:SHIL,88.4,88.4,88.4,88.4,50.0
2020-09-21 09:00:00,NSE:SHIL,88.0,88.0,88.0,88.0,420.0
2020-09-21 09:15:00,NSE:SHIL,87.7,87.9,87.0,87.6,6347.0
2020-09-21 09:30:00,NSE:SHIL,87.9,88.7,87.75,87.85,4827.0
2020-09-21 09:45:00,NSE:SHIL,87.85,88.0,87.2,87.2,2212.0
2020-09-21 10:00:00,NSE:SHIL,87.55,87.55,87.05,87.4,2661.0
2020-09-21 10:15:00,NSE:SHIL,87.15,87.4,87.05,87.3,1282.0
2020-09-21 10:30:00,NSE:SHIL,87.4,87.4,87.05,87.2,245.0
2020-09-21 10:45:00,NSE:SHIL,87.3,87.3,86.75,86.95,2020.0
2020-09-21 11:00:00,NSE:SHIL,87.0,87.0,86.5,87.0,4917.0
2020-09-21 11:15:00,NSE:SHIL,86.9,86.95,86.4,86.85,1494.0
2020-09-21 11:30:00,NSE:SHIL,86.6,86.8,86.55,86.7,3281.0
2020-09-21 11:45:00,NSE:SHIL,86.8,86.8,86.5,86.5,1780.0
2020-09-21 12:00:00,NSE:SHIL,86.5,86.75,86.5,86.75,298.0
2020-09-21 12:15:00,NSE:SHIL,87.0,87.0,86.75,86.75,2726.0
2020-09-21 12:30:00,NSE:SHIL,86.75,86.75,86.3,86.75,26505.0
2020-09-21 12:45:00,NSE:SHIL,86.5,86.75,86.5,86.75,4326.0
2020-09-21 13:00:00,NSE:SHIL,86.5,86.7,86.5,86.55,669.0
2020-09-21 13:15:00,NSE:SHIL,86.6,86.6,86.4,86.4,2340.0
2020-09-21 13:30:00,NSE:SHIL,86.45,86.6,86.35,86.35,6430.0
2020-09-21 13:45:00,NSE:SHIL,86.25,86.25,85.0,85.0,3796.0
2020-09-21 14:00:00,NSE:SHIL,85.05,85.1,84.05,84.15,4344.0
2020-09-21 14:15:00,NSE:SHIL,84.05,84.95,83.5,83.65,4879.0
2020-09-21 14:30:00,NSE:SHIL,84.1,84.9,84.0,84.35,5810.0
2020-09-21 14:45:00,NSE:SHIL,84.75,85.0,84.0,85.0,3835.0
2020-09-21 15:00:00,NSE:SHIL,85.2,85.95,85.0,85.05,9271.0
2020-09-21 15:15:00,NSE:SHIL,85.0,85.8,85.0,85.35,8091.0
2020-09-21 15:30:00,NSE:SHIL,85.35,85.35,85.35,85.35,4.0
2020-09-22 09:15:00,NSE:SHIL,85.0,85.0,81.6,81.6,3841.0
2020-09-22 09:30:00,NSE:SHIL,81.6,82.9,80.55,82.55,6756.0
2020-09-22 09:45:00,NSE:SHIL,82.55,83.5,82.5,83.5,12077.0
2020-09-22 10:00:00,NSE:SHIL,84.15,84.15,83.5,83.85,7337.0
2020-09-22 10:15:00,NSE:SHIL,84.0,84.0,83.25,83.75,19898.0
2020-09-22 10:30:00,NSE:SHIL,84.0,84.0,83.5,83.5,740.0
2020-09-22 10:45:00,NSE:SHIL,83.7,83.85,82.65,83.4,6839.0
2020-09-22 11:00:00,NSE:SHIL,83.0,83.55,83.0,83.2,159.0
2020-09-22 11:15:00,NSE:SHIL,82.7,82.95,82.5,82.55,866.0
2020-09-22 11:30:00,NSE:SHIL,82.5,83.05,82.5,83.05,263.0
2020-09-22 11:45:00,NSE:SHIL,83.2,84.0,83.15,83.95,5447.0
2020-09-22 12:00:00,NSE:SHIL,83.95,83.95,83.95,83.95,20.0
2020-09-22 12:15:00,NSE:SHIL,83.9,84.15,83.35,84.0,24238.0
2020-09-22 12:30:00,NSE:SHIL,84.5,87.0,84.5,86.1,5265.0
2020-09-22 12:45:00,NSE:SHIL,86.75,86.8,85.75,85.75,1282.0
2020-09-22 13:00:00,NSE:SHIL,86.0,86.0,85.6,85.6,418.0
2020-09-22 13:15:00,NSE:SHIL,85.5,85.5,85.2,85.25,388.0
2020-09-22 13:30:00,NSE:SHIL,85.5,85.8,84.9,84.95,2803.0
2020-09-22 13:45:00,NSE:SHIL,84.95,84.95,84.7,84.7,501.0
2020-09-22 14:00:00,NSE:SHIL,84.15,84.75,83.05,83.05,814.0
2020-09-22 14:15:00,NSE:SHIL,82.95,83.55,82.95,83.0,1453.0
2020-09-22 14:30:00,NSE:SHIL,82.5,84.35,82.5,83.95,23323.0
2020-09-22 14:45:00,NSE:SHIL,84.0,84.0,83.95,83.95,6004.0
2020-09-22 15:00:00,NSE:SHIL,83.75,84.15,83.55,84.0,3152.0
2020-09-22 15:15:00,NSE:SHIL,84.2,84.25,83.05,83.45,5438.0
2020-09-23 09:00:00,NSE:SHIL,87.4,87.4,87.4,87.4,25.0
2020-09-23 09:15:00,NSE:SHIL,87.4,87.4,84.4,85.65,2431.0
2020-09-23 09:30:00,NSE:SHIL,85.7,86.9,85.5,86.45,8014.0
2020-09-23 09:45:00,NSE:SHIL,86.45,86.85,86.0,86.0,2470.0
2020-09-23 10:00:00,NSE:SHIL,86.0,86.4,85.0,85.85,9442.0
2020-09-23 10:15:00,NSE:SHIL,85.2,85.25,85.2,85.25,398.0
2020-09-23 10:30:00,NSE:SHIL,85.2,85.2,85.2,85.2,37.0
2020-09-23 10:45:00,NSE:SHIL,85.2,85.85,85.2,85.85,152.0
2020-09-23 11:00:00,NSE:SHIL,85.85,85.85,85.7,85.8,53.0
2020-09-23 11:15:00,NSE:SHIL,85.5,85.5,85.0,85.0,1126.0
2020-09-23 11:30:00,NSE:SHIL,85.3,85.3,84.45,84.8,1347.0
2020-09-23 11:45:00,NSE:SHIL,84.5,84.5,84.0,84.3,1474.0
2020-09-23 12:00:00,NSE:SHIL,84.3,85.0,84.3,85.0,6506.0
2020-09-23 12:15:00,NSE:SHIL,85.0,85.0,85.0,85.0,251.0
2020-09-23 12:30:00,NSE:SHIL,84.95,84.95,84.6,84.6,290.0
2020-09-23 12:45:00,NSE:SHIL,84.1,84.1,84.1,84.1,5297.0
2020-09-23 13:00:00,NSE:SHIL,84.5,84.6,84.1,84.55,542.0
2020-09-23 13:15:00,NSE:SHIL,84.9,84.9,84.85,84.9,1500.0
2020-09-23 13:30:00,NSE:SHIL,84.5,84.55,84.5,84.5,239.0
2020-09-23 13:45:00,NSE:SHIL,84.4,84.75,83.45,83.45,4933.0
2020-09-23 14:00:00,NSE:SHIL,83.7,83.85,83.1,83.85,1221.0
2020-09-23 14:15:00,NSE:SHIL,84.4,84.75,84.4,84.75,1601.0
2020-09-23 14:30:00,NSE:SHIL,85.0,85.0,84.55,84.55,3694.0
2020-09-23 14:45:00,NSE:SHIL,84.55,84.55,84.5,84.5,401.0
2020-09-23 15:00:00,NSE:SHIL,84.95,84.95,84.95,84.95,3.0
2020-09-23 15:15:00,NSE:SHIL,84.65,85.85,83.85,85.85,4341.0
2020-09-24 09:00:00,NSE:SHIL,84.9,84.9,84.9,84.9,1.0
2020-09-24 09:15:00,NSE:SHIL,84.9,84.9,82.65,82.75,10014.0
2020-09-24 09:30:00,NSE:SHIL,82.6,83.1,82.2,82.95,5453.0
2020-09-24 09:45:00,NSE:SHIL,83.0,83.25,82.5,83.15,3109.0
2020-09-24 10:00:00,NSE:SHIL,83.0,83.15,82.65,82.95,440.0
2020-09-24 10:15:00,NSE:SHIL,83.05,83.15,82.75,82.95,289.0
2020-09-24 10:30:00,NSE:SHIL,82.9,82.95,82.6,82.9,6505.0
2020-09-24 10:45:00,NSE:SHIL,82.9,82.95,82.6,82.65,919.0
2020-09-24 11:00:00,NSE:SHIL,82.7,82.9,82.6,82.9,592.0
2020-09-24 11:15:00,NSE:SHIL,82.9,83.05,82.65,82.7,747.0
2020-09-24 11:30:00,NSE:SHIL,82.65,83.05,82.65,83.0,47531.0
2020-09-24 11:45:00,NSE:SHIL,82.95,82.95,82.6,82.6,2005.0
2020-09-24 12:00:00,NSE:SHIL,82.6,83.0,82.6,83.0,301.0
2020-09-24 12:15:00,NSE:SHIL,82.8,82.95,82.8,82.9,409.0
2020-09-24 12:30:00,NSE:SHIL,82.9,82.95,82.7,82.95,70.0
2020-09-24 12:45:00,NSE:SHIL,82.95,82.95,82.95,82.95,15.0
2020-09-24 13:00:00,NSE:SHIL,82.95,83.15,82.75,83.15,8554.0
2020-09-24 13:15:00,NSE:SHIL,83.15,83.55,82.5,82.65,8069.0
2020-09-24 13:45:00,NSE:SHIL,83.0,83.0,82.9,83.0,221.0
2020-09-24 14:00:00,NSE:SHIL,82.7,82.95,82.7,82.95,110.0
2020-09-24 14:15:00,NSE:SHIL,82.95,82.95,82.95,82.95,24.0
2020-09-24 14:30:00,NSE:SHIL,82.7,82.75,82.4,82.4,1975.0
2020-09-24 14:45:00,NSE:SHIL,82.75,84.0,82.5,83.0,8012.0
2020-09-24 15:00:00,NSE:SHIL,83.0,84.1,82.8,84.1,92302.0
2020-09-24 15:15:00,NSE:SHIL,84.7,86.1,83.6,84.5,15215.0
2020-09-24 15:30:00,NSE:SHIL,83.3,83.3,83.3,83.3,29.0
2020-09-25 09:15:00,NSE:SHIL,86.1,86.1,84.0,84.75,1866.0
2020-09-25 09:30:00,NSE:SHIL,83.8,84.35,83.5,84.0,2899.0
2020-09-25 09:45:00,NSE:SHIL,83.9,84.0,83.7,83.7,771.0
2020-09-25 10:00:00,NSE:SHIL,83.65,83.65,83.35,83.55,525.0
2020-09-25 10:15:00,NSE:SHIL,83.35,83.35,83.0,83.0,7661.0
2020-09-25 10:30:00,NSE:SHIL,83.0,83.35,82.6,82.6,2131.0
2020-09-25 10:45:00,NSE:SHIL,83.15,83.15,82.5,82.95,966.0
2020-09-25 11:00:00,NSE:SHIL,83.15,83.15,82.8,82.8,100.0
2020-09-25 11:15:00,NSE:SHIL,83.15,83.15,83.15,83.15,1005.0
2020-09-25 11:30:00,NSE:SHIL,83.15,83.15,82.75,83.1,305.0
2020-09-25 11:45:00,NSE:SHIL,83.0,83.0,83.0,83.0,510.0
2020-09-25 12:15:00,NSE:SHIL,83.15,83.15,82.8,83.0,887.0
2020-09-25 12:30:00,NSE:SHIL,83.2,83.3,83.15,83.15,1316.0
2020-09-25 12:45:00,NSE:SHIL,83.15,83.15,83.0,83.15,2328.0
2020-09-25 13:00:00,NSE:SHIL,82.9,83.15,82.85,82.85,333.0
2020-09-25 13:15:00,NSE:SHIL,83.1,83.3,82.9,83.0,1026.0
2020-09-25 13:30:00,NSE:SHIL,83.0,83.15,82.7,82.7,1091.0
2020-09-25 13:45:00,NSE:SHIL,82.7,83.1,82.7,83.1,1262.0
2020-09-25 14:00:00,NSE:SHIL,83.15,83.15,83.0,83.0,1112.0
2020-09-25 14:15:00,NSE:SHIL,83.0,83.1,82.6,83.1,1222.0
2020-09-25 14:30:00,NSE:SHIL,83.0,83.15,82.95,82.95,1119.0
2020-09-25 14:45:00,NSE:SHIL,83.15,83.25,83.0,83.0,32499.0
2020-09-25 15:00:00,NSE:SHIL,83.0,84.0,82.85,83.0,112229.0
2020-09-25 15:15:00,NSE:SHIL,83.0,83.35,82.85,82.9,11693.0
2020-09-25 15:30:00,NSE:SHIL,82.9,82.9,82.9,82.9,5.0
2020-09-25 15:45:00,NSE:SHIL,83.65,83.65,83.65,83.65,200.0
2020-09-28 09:00:00,NSE:SHIL,84.9,84.9,84.9,84.9,20.0
2020-09-28 09:15:00,NSE:SHIL,84.9,85.05,83.6,84.75,1035.0
2020-09-28 09:30:00,NSE:SHIL,85.25,85.4,84.45,85.0,3157.0
2020-09-28 09:45:00,NSE:SHIL,85.1,85.85,84.65,85.05,79605.0
2020-09-28 10:00:00,NSE:SHIL,85.05,85.8,84.9,84.95,2456.0
2020-09-28 10:15:00,NSE:SHIL,84.95,85.05,84.95,85.0,3212.0
2020-09-28 10:30:00,NSE:SHIL,85.45,85.6,85.0,85.6,4693.0
2020-09-28 10:45:00,NSE:SHIL,85.05,85.5,84.9,85.05,957.0
2020-09-28 11:00:00,NSE:SHIL,85.75,85.75,84.65,84.75,3424.0
2020-09-28 11:15:00,NSE:SHIL,84.75,84.95,84.75,84.75,56.0
2020-09-28 11:30:00,NSE:SHIL,85.0,85.0,84.7,84.7,3190.0
2020-09-28 11:45:00,NSE:SHIL,85.4,85.4,84.75,84.75,1399.0
2020-09-28 12:00:00,NSE:SHIL,84.75,84.95,84.75,84.75,1467.0
2020-09-28 12:15:00,NSE:SHIL,84.7,85.0,84.7,85.0,654.0
2020-09-28 12:30:00,NSE:SHIL,84.9,84.9,84.7,84.7,248.0
2020-09-28 12:45:00,NSE:SHIL,84.75,84.75,84.6,84.75,243.0
2020-09-28 13:00:00,NSE:SHIL,85.0,85.05,84.7,84.7,6870.0
2020-09-28 13:15:00,NSE:SHIL,84.7,84.7,84.7,84.7,50.0
2020-09-28 13:45:00,NSE:SHIL,84.95,84.95,84.75,84.8,254.0
2020-09-28 14:00:00,NSE:SHIL,84.75,85.0,84.75,85.0,340.0
2020-09-28 14:15:00,NSE:SHIL,84.85,85.1,84.75,84.9,3325.0
2020-09-28 14:30:00,NSE:SHIL,84.9,84.9,84.9,84.9,250.0
2020-09-28 14:45:00,NSE:SHIL,84.9,85.15,84.8,85.0,1982.0
2020-09-28 15:00:00,NSE:SHIL,84.95,85.45,84.75,85.0,2129.0
2020-09-28 15:15:00,NSE:SHIL,84.9,85.5,84.45,84.45,2148.0
2020-09-29 09:15:00,NSE:SHIL,86.4,87.35,85.05,86.75,8299.0
2020-09-29 09:30:00,NSE:SHIL,86.65,86.7,85.45,86.7,2301.0
2020-09-29 09:45:00,NSE:SHIL,86.2,86.2,84.7,85.0,4622.0
2020-09-29 10:00:00,NSE:SHIL,84.9,85.0,84.9,85.0,200.0
2020-09-29 10:15:00,NSE:SHIL,84.85,85.0,84.5,84.5,5875.0
2020-09-29 10:30:00,NSE:SHIL,84.5,84.7,84.3,84.3,2267.0
2020-09-29 10:45:00,NSE:SHIL,84.3,84.75,84.3,84.55,740.0
2020-09-29 11:00:00,NSE:SHIL,84.4,84.4,81.65,82.9,19003.0
2020-09-29 11:15:00,NSE:SHIL,83.1,83.65,82.75,82.85,33499.0
2020-09-29 11:30:00,NSE:SHIL,83.0,83.0,82.9,82.95,7232.0
2020-09-29 11:45:00,NSE:SHIL,83.0,83.0,82.8,83.0,5832.0
2020-09-29 12:00:00,NSE:SHIL,83.0,83.0,82.85,82.85,111.0
2020-09-29 12:15:00,NSE:SHIL,82.85,83.0,82.85,83.0,363.0
2020-09-29 12:30:00,NSE:SHIL,83.0,83.0,82.85,82.9,2456.0
2020-09-29 12:45:00,NSE:SHIL,82.95,83.0,82.85,83.0,3966.0
2020-09-29 13:00:00,NSE:SHIL,82.95,83.0,82.95,83.0,120.0
2020-09-29 13:15:00,NSE:SHIL,83.0,83.0,83.0,83.0,216.0
2020-09-29 13:30:00,NSE:SHIL,82.6,82.7,82.5,82.7,1324.0
2020-09-29 13:45:00,NSE:SHIL,82.75,83.0,82.75,83.0,196.0
2020-09-29 14:00:00,NSE:SHIL,83.0,83.0,82.85,82.95,2221.0
2020-09-29 14:15:00,NSE:SHIL,83.0,83.0,82.9,82.95,5687.0
2020-09-29 14:30:00,NSE:SHIL,83.0,83.0,82.95,83.0,2431.0
2020-09-29 14:45:00,NSE:SHIL,83.0,83.0,82.85,82.85,916.0
2020-09-29 15:00:00,NSE:SHIL,82.75,82.95,82.65,82.95,751.0
2020-09-29 15:15:00,NSE:SHIL,82.95,82.95,82.3,82.4,4406.0
2020-09-29 15:45:00,NSE:SHIL,82.55,82.55,82.55,82.55,350.0
2020-09-30 09:15:00,NSE:SHIL,82.7,83.55,82.7,82.8,527.0
2020-09-30 09:30:00,NSE:SHIL,82.65,82.85,82.2,82.45,2375.0
2020-09-30 09:45:00,NSE:SHIL,82.6,83.3,82.6,83.25,1363.0
2020-09-30 10:00:00,NSE:SHIL,83.1,83.55,82.95,82.95,984.0
2020-09-30 10:15:00,NSE:SHIL,83.25,83.7,83.25,83.3,1294.0
2020-09-30 10:30:00,NSE:SHIL,83.3,83.3,83.3,83.3,1259.0
2020-09-30 10:45:00,NSE:SHIL,83.1,83.1,82.6,83.0,1204.0
2020-09-30 11:00:00,NSE:SHIL,83.0,83.0,82.3,82.35,187.0
2020-09-30 11:15:00,NSE:SHIL,82.65,82.9,82.45,82.9,1773.0
2020-09-30 11:30:00,NSE:SHIL,82.85,84.05,82.85,84.0,11596.0
2020-09-30 11:45:00,NSE:SHIL,83.95,83.95,83.0,83.45,790.0
2020-09-30 12:30:00,NSE:SHIL,83.55,83.55,83.45,83.45,728.0
2020-09-30 12:45:00,NSE:SHIL,83.25,83.3,83.0,83.0,986.0
2020-09-30 13:00:00,NSE:SHIL,83.0,83.15,82.95,83.0,898.0
2020-09-30 13:15:00,NSE:SHIL,83.05,83.05,82.95,83.0,294.0
2020-09-30 13:30:00,NSE:SHIL,82.95,82.95,82.95,82.95,316.0
2020-09-30 13:45:00,NSE:SHIL,83.0,83.05,82.9,83.05,3939.0
2020-09-30 14:00:00,NSE:SHIL,83.0,83.05,82.9,83.0,3308.0
2020-09-30 14:15:00,NSE:SHIL,83.0,83.15,82.9,83.05,18524.0
2020-09-30 14:30:00,NSE:SHIL,83.0,83.0,82.6,82.6,1044.0
2020-09-30 14:45:00,NSE:SHIL,82.7,83.0,82.45,83.0,4395.0
2020-09-30 15:00:00,NSE:SHIL,82.95,83.0,82.95,83.0,901.0
2020-09-30 15:15:00,NSE:SHIL,82.85,82.9,82.3,82.5,3534.0
2020-09-30 15:30:00,NSE:SHIL,82.55,82.55,82.55,82.55,150.0
2020-10-01 09:15:00,NSE:SHIL,83.15,83.9,83.1,83.3,1152.0
2020-10-01 09:30:00,NSE:SHIL,83.3,83.6,83.2,83.35,1595.0
2020-10-01 09:45:00,NSE:SHIL,83.35,83.35,83.0,83.0,1363.0
2020-10-01 10:00:00,NSE:SHIL,82.9,83.2,82.85,82.85,341.0
2020-10-01 10:15:00,NSE:SHIL,83.0,83.0,82.55,82.8,1459.0
2020-10-01 10:30:00,NSE:SHIL,83.2,83.2,82.55,82.65,6477.0
2020-10-01 10:45:00,NSE:SHIL,82.55,82.55,82.5,82.5,1913.0
2020-10-01 11:00:00,NSE:SHIL,82.5,82.75,82.5,82.55,763.0
2020-10-01 11:15:00,NSE:SHIL,82.5,82.85,82.5,82.8,1502.0
2020-10-01 11:30:00,NSE:SHIL,82.7,82.85,82.6,82.6,1298.0
2020-10-01 11:45:00,NSE:SHIL,82.6,82.65,82.6,82.65,314.0
2020-10-01 12:00:00,NSE:SHIL,82.65,82.65,82.65,82.65,112.0
2020-10-01 12:15:00,NSE:SHIL,83.1,83.1,82.5,82.55,1589.0
2020-10-01 12:30:00,NSE:SHIL,82.6,83.05,82.15,82.55,51287.0
2020-10-01 12:45:00,NSE:SHIL,82.5,82.7,82.2,82.2,7177.0
2020-10-01 13:00:00,NSE:SHIL,82.25,82.5,82.25,82.35,111.0
2020-10-01 13:15:00,NSE:SHIL,82.5,82.6,82.4,82.4,268.0
2020-10-01 13:30:00,NSE:SHIL,82.55,82.7,82.45,82.5,175.0
2020-10-01 13:45:00,NSE:SHIL,82.5,82.65,82.5,82.5,24.0
2020-10-01 14:00:00,NSE:SHIL,82.45,82.45,82.35,82.45,625.0
2020-10-01 14:15:00,NSE:SHIL,82.4,82.4,82.1,82.2,1722.0
2020-10-01 14:30:00,NSE:SHIL,82.35,82.4,82.15,82.4,2400.0
2020-10-01 14:45:00,NSE:SHIL,82.5,82.5,82.5,82.5,410.0
2020-10-01 15:00:00,NSE:SHIL,82.5,82.5,82.2,82.2,844.0
2020-10-01 15:15:00,NSE:SHIL,82.35,82.85,82.2,82.7,4870.0
2020-10-01 15:30:00,NSE:SHIL,82.3,82.3,82.3,82.3,100.0
2020-10-05 09:00:00,NSE:SHIL,81.0,81.0,81.0,81.0,40.0
2020-10-05 09:15:00,NSE:SHIL,81.0,83.85,81.0,82.75,1064.0
2020-10-05 09:30:00,NSE:SHIL,82.9,83.85,82.9,83.85,2075.0
2020-10-05 09:45:00,NSE:SHIL,83.55,83.55,83.5,83.55,1793.0
2020-10-05 10:00:00,NSE:SHIL,83.5,83.55,82.75,82.75,2744.0
2020-10-05 10:15:00,NSE:SHIL,83.05,83.3,82.75,82.75,612.0
2020-10-05 10:30:00,NSE:SHIL,82.8,83.0,82.75,83.0,1750.0
2020-10-05 10:45:00,NSE:SHIL,82.75,82.9,82.65,82.9,833.0
2020-10-05 11:00:00,NSE:SHIL,82.9,83.0,82.75,82.75,245.0
2020-10-05 11:15:00,NSE:SHIL,82.6,82.75,82.05,82.45,7416.0
2020-10-05 11:30:00,NSE:SHIL,82.45,82.75,82.05,82.75,267.0
2020-10-05 11:45:00,NSE:SHIL,81.55,82.6,81.55,82.6,1590.0
2020-10-05 12:00:00,NSE:SHIL,81.95,82.5,81.7,82.5,590.0
2020-10-05 12:15:00,NSE:SHIL,82.75,83.0,82.75,83.0,1652.0
2020-10-05 12:30:00,NSE:SHIL,83.0,83.0,82.3,82.9,2110.0
2020-10-05 12:45:00,NSE:SHIL,82.05,82.15,82.05,82.15,173.0
2020-10-05 13:00:00,NSE:SHIL,82.1,83.0,82.1,83.0,1550.0
2020-10-05 13:30:00,NSE:SHIL,82.05,82.05,82.05,82.05,269.0
2020-10-05 13:45:00,NSE:SHIL,82.4,82.5,82.0,82.05,1835.0
2020-10-05 14:00:00,NSE:SHIL,82.5,82.7,82.5,82.6,1050.0
2020-10-05 14:15:00,NSE:SHIL,82.8,82.8,82.55,82.8,325.0
2020-10-05 14:30:00,NSE:SHIL,82.55,82.75,81.95,81.95,3994.0
2020-10-05 14:45:00,NSE:SHIL,81.95,81.95,81.4,81.9,567.0
2020-10-05 15:00:00,NSE:SHIL,81.5,81.85,81.5,81.65,2633.0
2020-10-05 15:15:00,NSE:SHIL,81.85,82.6,81.5,82.5,7050.0
2020-10-06 09:00:00,NSE:SHIL,81.55,81.55,81.55,81.55,6.0
2020-10-06 09:15:00,NSE:SHIL,81.55,82.95,81.35,82.65,2988.0
2020-10-06 09:30:00,NSE:SHIL,82.65,83.35,82.65,83.3,1836.0
2020-10-06 09:45:00,NSE:SHIL,83.05,83.7,83.05,83.55,6470.0
2020-10-06 10:00:00,NSE:SHIL,83.0,83.0,82.9,82.9,566.0
2020-10-06 10:15:00,NSE:SHIL,82.9,83.3,82.9,83.0,391.0
2020-10-06 10:30:00,NSE:SHIL,83.3,83.5,82.6,82.95,22445.0
2020-10-06 10:45:00,NSE:SHIL,82.5,82.5,81.05,81.05,10040.0
2020-10-06 11:00:00,NSE:SHIL,81.95,82.15,81.45,81.45,2411.0
2020-10-06 11:15:00,NSE:SHIL,81.45,81.7,81.2,81.7,11559.0
2020-10-06 11:30:00,NSE:SHIL,81.7,81.8,81.05,81.15,20913.0
2020-10-06 11:45:00,NSE:SHIL,81.4,81.4,81.15,81.35,743.0
2020-10-06 12:00:00,NSE:SHIL,81.5,81.5,81.2,81.35,2991.0
2020-10-06 12:15:00,NSE:SHIL,81.45,81.5,81.35,81.4,3680.0
2020-10-06 12:30:00,NSE:SHIL,81.5,81.5,81.4,81.5,178.0
2020-10-06 12:45:00,NSE:SHIL,81.4,81.5,81.4,81.45,747.0
2020-10-06 13:00:00,NSE:SHIL,81.4,81.4,81.35,81.35,1022.0
2020-10-06 13:15:00,NSE:SHIL,81.45,81.45,81.4,81.4,124.0
2020-10-06 13:30:00,NSE:SHIL,81.4,81.5,81.4,81.4,1933.0
2020-10-06 13:45:00,NSE:SHIL,81.5,81.5,81.4,81.5,130.0
2020-10-06 14:00:00,NSE:SHIL,81.35,81.5,81.35,81.35,1498.0
2020-10-06 14:15:00,NSE:SHIL,81.4,81.5,80.75,81.0,7027.0
2020-10-06 14:30:00,NSE:SHIL,81.0,81.3,80.9,81.0,423.0
2020-10-06 14:45:00,NSE:SHIL,81.0,81.0,80.95,81.0,1812.0
2020-10-06 15:00:00,NSE:SHIL,81.15,81.15,80.75,80.95,4107.0
2020-10-06 15:15:00,NSE:SHIL,81.0,81.15,80.55,81.0,6067.0
2020-10-07 09:15:00,NSE:SHIL,80.6,81.05,79.9,79.95,4930.0
2020-10-07 09:30:00,NSE:SHIL,80.0,80.0,79.65,79.65,1539.0
2020-10-07 09:45:00,NSE:SHIL,79.95,80.15,79.65,80.0,2366.0
2020-10-07 10:00:00,NSE:SHIL,79.9,80.0,79.9,80.0,499.0
2020-10-07 10:15:00,NSE:SHIL,79.85,80.2,79.85,80.0,3050.0
2020-10-07 10:30:00,NSE:SHIL,80.0,80.25,79.8,79.9,3948.0
2020-10-07 10:45:00,NSE:SHIL,79.9,79.95,79.8,79.95,1173.0
2020-10-07 11:00:00,NSE:SHIL,79.7,79.9,79.7,79.9,172.0
2020-10-07 11:15:00,NSE:SHIL,79.7,79.7,79.65,79.65,360.0
2020-10-07 11:30:00,NSE:SHIL,79.75,79.9,79.75,79.9,1194.0
2020-10-07 11:45:00,NSE:SHIL,79.8,79.9,79.8,79.9,121.0
2020-10-07 12:00:00,NSE:SHIL,79.8,79.9,79.65,79.9,1798.0
2020-10-07 12:15:00,NSE:SHIL,79.8,80.0,79.8,79.95,112.0
2020-10-07 12:30:00,NSE:SHIL,79.95,80.0,79.95,80.0,271.0
2020-10-07 12:45:00,NSE:SHIL,80.0,80.0,80.0,80.0,45.0
2020-10-07 13:00:00,NSE:SHIL,79.85,80.0,79.85,79.9,346.0
2020-10-07 13:15:00,NSE:SHIL,79.9,79.9,79.8,79.9,955.0
2020-10-07 13:30:00,NSE:SHIL,79.9,80.0,79.9,79.9,285.0
2020-10-07 13:45:00,NSE:SHIL,79.9,80.0,79.8,80.0,438.0
2020-10-07 14:00:00,NSE:SHIL,80.0,80.0,79.65,79.65,1035.0
2020-10-07 14:15:00,NSE:SHIL,79.85,79.9,79.8,79.9,737.0
2020-10-07 14:30:00,NSE:SHIL,79.95,80.0,79.75,79.9,1521.0
2020-10-07 14:45:00,NSE:SHIL,79.95,80.0,79.9,79.95,6943.0
2020-10-07 15:00:00,NSE:SHIL,80.0,80.0,79.9,79.9,1148.0
2020-10-07 15:15:00,NSE:SHIL,79.95,80.0,79.85,80.0,8728.0
2020-10-08 09:15:00,NSE:SHIL,80.1,80.15,79.5,79.5,1771.0
2020-10-08 09:30:00,NSE:SHIL,79.7,80.05,79.45,79.6,8751.0
2020-10-08 09:45:00,NSE:SHIL,79.75,79.75,79.1,79.3,1158.0
2020-10-08 10:00:00,NSE:SHIL,79.3,79.5,78.6,78.9,3698.0
2020-10-08 10:15:00,NSE:SHIL,78.9,79.0,78.5,78.6,16681.0
2020-10-08 10:30:00,NSE:SHIL,78.55,78.6,78.4,78.4,12009.0
2020-10-08 10:45:00,NSE:SHIL,78.5,78.75,78.4,78.7,13367.0
2020-10-08 11:00:00,NSE:SHIL,78.4,78.55,78.15,78.2,4188.0
2020-10-08 11:15:00,NSE:SHIL,78.15,78.6,78.15,78.5,7598.0
2020-10-08 11:30:00,NSE:SHIL,78.55,78.55,78.2,78.55,1840.0
2020-10-08 11:45:00,NSE:SHIL,78.55,78.65,78.45,78.65,1358.0
2020-10-08 12:00:00,NSE:SHIL,78.5,78.5,78.45,78.5,3940.0
2020-10-08 12:15:00,NSE:SHIL,78.45,78.6,78.45,78.5,794.0
2020-10-08 12:30:00,NSE:SHIL,78.45,78.5,78.3,78.3,2500.0
2020-10-08 12:45:00,NSE:SHIL,78.45,78.45,78.15,78.15,1033.0
2020-10-08 13:00:00,NSE:SHIL,78.15,78.4,78.15,78.15,725.0
2020-10-08 13:15:00,NSE:SHIL,78.4,78.45,78.4,78.45,419.0
2020-10-08 13:30:00,NSE:SHIL,78.45,78.55,78.45,78.55,1552.0
2020-10-08 13:45:00,NSE:SHIL,78.5,78.6,78.45,78.55,2701.0
2020-10-08 14:00:00,NSE:SHIL,78.45,78.55,78.45,78.55,495.0
2020-10-08 14:15:00,NSE:SHIL,78.55,78.6,78.45,78.45,1872.0
2020-10-08 14:30:00,NSE:SHIL,78.45,78.5,78.45,78.45,457.0
2020-10-08 14:45:00,NSE:SHIL,78.45,78.55,78.45,78.55,1766.0
2020-10-08 15:00:00,NSE:SHIL,78.5,78.6,78.3,78.6,6494.0
2020-10-08 15:15:00,NSE:SHIL,78.5,78.55,78.2,78.55,8899.0
2020-10-09 09:15:00,NSE:SHIL,79.3,79.3,78.3,78.8,880.0
2020-10-09 09:30:00,NSE:SHIL,78.7,79.05,78.7,79.05,209.0
2020-10-09 09:45:00,NSE:SHIL,79.05,79.05,78.85,78.85,264.0
2020-10-09 10:00:00,NSE:SHIL,78.95,79.1,78.8,79.1,1077.0
2020-10-09 10:15:00,NSE:SHIL,78.9,79.95,78.9,79.6,1358.0
2020-10-09 10:30:00,NSE:SHIL,80.0,80.05,79.55,79.55,10567.0
2020-10-09 10:45:00,NSE:SHIL,79.65,79.65,79.55,79.6,1669.0
2020-10-09 11:00:00,NSE:SHIL,79.6,79.9,79.5,79.9,577.0
2020-10-09 11:15:00,NSE:SHIL,79.5,80.05,79.5,79.8,10009.0
2020-10-09 11:30:00,NSE:SHIL,79.7,79.7,79.55,79.55,976.0
2020-10-09 11:45:00,NSE:SHIL,79.55,79.7,79.5,79.55,1659.0
2020-10-09 12:00:00,NSE:SHIL,79.7,79.7,79.7,79.7,10.0
2020-10-09 12:15:00,NSE:SHIL,79.55,79.65,79.3,79.35,7199.0
2020-10-09 12:30:00,NSE:SHIL,79.05,79.05,79.05,79.05,215.0
2020-10-09 12:45:00,NSE:SHIL,79.1,79.7,78.7,78.7,2007.0
2020-10-09 13:00:00,NSE:SHIL,78.55,79.0,78.05,78.3,3892.0
2020-10-09 13:15:00,NSE:SHIL,78.3,78.3,77.85,77.85,1453.0
2020-10-09 13:30:00,NSE:SHIL,78.1,78.3,78.1,78.25,872.0
2020-10-09 13:45:00,NSE:SHIL,78.35,78.35,77.75,78.25,1034.0
2020-10-09 14:00:00,NSE:SHIL,78.6,78.6,78.5,78.5,137.0
2020-10-09 14:15:00,NSE:SHIL,78.2,78.2,78.15,78.15,210.0
2020-10-09 14:30:00,NSE:SHIL,78.55,78.6,78.3,78.3,263.0
2020-10-09 14:45:00,NSE:SHIL,78.3,78.4,78.15,78.15,123.0
2020-10-09 15:00:00,NSE:SHIL,78.2,78.2,78.0,78.1,2518.0
2020-10-09 15:15:00,NSE:SHIL,78.4,79.95,78.1,79.95,6954.0
2020-10-12 09:00:00,NSE:SHIL,78.25,78.25,78.25,78.25,8.0
2020-10-12 09:15:00,NSE:SHIL,78.25,79.6,78.25,79.25,969.0
2020-10-12 09:30:00,NSE:SHIL,79.25,79.95,79.2,79.2,7246.0
2020-10-12 09:45:00,NSE:SHIL,79.1,79.1,79.1,79.1,122.0
2020-10-12 10:00:00,NSE:SHIL,79.0,79.0,78.35,78.95,6540.0
2020-10-12 10:15:00,NSE:SHIL,78.6,78.95,78.35,78.75,7782.0
2020-10-12 10:30:00,NSE:SHIL,78.8,79.0,78.75,79.0,12510.0
2020-10-12 10:45:00,NSE:SHIL,78.75,78.95,78.75,78.75,520.0
2020-10-12 11:00:00,NSE:SHIL,78.95,78.95,78.95,78.95,100.0
2020-10-12 11:15:00,NSE:SHIL,78.85,78.85,78.85,78.85,115.0
2020-10-12 11:30:00,NSE:SHIL,78.8,78.9,78.8,78.9,617.0
2020-10-12 11:45:00,NSE:SHIL,78.9,78.9,78.9,78.9,100.0
2020-10-12 12:00:00,NSE:SHIL,78.8,78.8,78.4,78.4,4009.0
2020-10-12 12:15:00,NSE:SHIL,78.4,78.75,78.05,78.15,2943.0
2020-10-12 12:30:00,NSE:SHIL,78.45,78.7,78.45,78.7,763.0
2020-10-12 12:45:00,NSE:SHIL,78.45,78.45,78.45,78.45,232.0
2020-10-12 13:00:00,NSE:SHIL,78.5,78.6,78.45,78.45,318.0
2020-10-12 13:15:00,NSE:SHIL,78.45,78.45,78.45,78.45,150.0
2020-10-12 13:45:00,NSE:SHIL,78.15,78.15,78.15,78.15,353.0
2020-10-12 14:00:00,NSE:SHIL,78.1,78.6,78.1,78.6,649.0
2020-10-12 14:15:00,NSE:SHIL,78.55,78.55,78.5,78.5,41.0
2020-10-12 14:30:00,NSE:SHIL,78.5,78.6,78.5,78.5,451.0
2020-10-12 14:45:00,NSE:SHIL,78.5,78.5,78.4,78.4,645.0
2020-10-12 15:00:00,NSE:SHIL,78.35,78.35,78.1,78.1,365.0
2020-10-12 15:15:00,NSE:SHIL,78.15,78.8,78.1,78.2,2420.0
2020-10-13 09:15:00,NSE:SHIL,78.2,81.5,78.15,81.25,8537.0
2020-10-13 09:30:00,NSE:SHIL,81.15,82.45,79.75,80.0,41943.0
2020-10-13 09:45:00,NSE:SHIL,80.0,80.25,79.5,80.0,21231.0
2020-10-13 10:00:00,NSE:SHIL,79.55,79.95,79.55,79.95,250.0
2020-10-13 10:15:00,NSE:SHIL,80.0,80.0,79.7,79.7,650.0
2020-10-13 10:30:00,NSE:SHIL,79.85,80.0,79.6,79.65,2410.0
2020-10-13 10:45:00,NSE:SHIL,79.6,79.6,79.0,79.0,1413.0
2020-10-13 11:00:00,NSE:SHIL,78.85,79.55,78.85,79.55,216.0
2020-10-13 11:15:00,NSE:SHIL,78.7,79.25,78.55,79.2,1132.0
2020-10-13 11:30:00,NSE:SHIL,78.55,78.65,78.55,78.65,131.0
2020-10-13 11:45:00,NSE:SHIL,79.15,79.15,78.75,79.0,742.0
2020-10-13 12:15:00,NSE:SHIL,78.55,78.55,78.15,78.15,2404.0
2020-10-13 12:30:00,NSE:SHIL,78.5,78.5,78.3,78.4,152.0
2020-10-13 12:45:00,NSE:SHIL,78.45,78.45,78.15,78.45,119.0
2020-10-13 13:00:00,NSE:SHIL,78.4,79.0,78.4,79.0,2125.0
2020-10-13 13:15:00,NSE:SHIL,79.0,79.25,79.0,79.25,9255.0
2020-10-13 13:30:00,NSE:SHIL,79.25,79.25,78.7,78.8,881.0
2020-10-13 13:45:00,NSE:SHIL,78.65,79.05,78.65,79.05,257.0
2020-10-13 14:00:00,NSE:SHIL,78.5,78.5,78.1,78.3,4398.0
2020-10-13 14:15:00,NSE:SHIL,78.35,78.45,78.35,78.45,1416.0
2020-10-13 14:30:00,NSE:SHIL,78.7,78.7,78.6,78.6,46.0
2020-10-13 14:45:00,NSE:SHIL,78.8,78.8,78.8,78.8,58.0
2020-10-13 15:00:00,NSE:SHIL,79.0,79.25,79.0,79.0,6022.0
2020-10-13 15:15:00,NSE:SHIL,78.8,79.9,78.4,79.0,3926.0
2020-10-13 15:45:00,NSE:SHIL,79.2,79.2,79.2,79.2,98.0
2020-10-14 09:00:00,NSE:SHIL,78.0,78.0,78.0,78.0,261.0
2020-10-14 09:15:00,NSE:SHIL,78.0,80.3,78.0,78.35,848.0
2020-10-14 09:30:00,NSE:SHIL,78.2,78.35,78.2,78.35,297.0
2020-10-14 09:45:00,NSE:SHIL,78.25,78.45,78.2,78.45,946.0
2020-10-14 10:00:00,NSE:SHIL,78.5,78.95,78.4,78.55,914.0
2020-10-14 10:15:00,NSE:SHIL,78.5,78.5,78.4,78.4,112.0
2020-10-14 10:30:00,NSE:SHIL,78.4,78.4,78.4,78.4,150.0
2020-10-14 10:45:00,NSE:SHIL,78.5,78.5,78.4,78.4,277.0
2020-10-14 11:00:00,NSE:SHIL,78.4,78.45,78.4,78.45,137.0
2020-10-14 11:15:00,NSE:SHIL,78.4,78.4,78.4,78.4,543.0
2020-10-14 11:30:00,NSE:SHIL,78.0,78.25,77.9,78.25,2242.0
2020-10-14 11:45:00,NSE:SHIL,77.95,77.95,77.7,77.7,743.0
2020-10-14 12:00:00,NSE:SHIL,77.7,77.85,77.7,77.85,461.0
2020-10-14 12:15:00,NSE:SHIL,78.0,78.0,77.85,77.85,50.0
2020-10-14 12:30:00,NSE:SHIL,77.8,78.0,77.55,77.65,980.0
2020-10-14 12:45:00,NSE:SHIL,77.95,77.95,77.95,77.95,240.0
2020-10-14 13:00:00,NSE:SHIL,77.65,77.95,77.65,77.95,150.0
2020-10-14 13:15:00,NSE:SHIL,77.7,77.95,77.7,77.95,151.0
2020-10-14 13:30:00,NSE:SHIL,78.0,78.0,78.0,78.0,101.0
2020-10-14 13:45:00,NSE:SHIL,77.75,77.75,77.75,77.75,170.0
2020-10-14 14:00:00,NSE:SHIL,78.0,78.0,78.0,78.0,200.0
2020-10-14 14:15:00,NSE:SHIL,78.0,78.0,78.0,78.0,86.0
2020-10-14 14:30:00,NSE:SHIL,78.0,78.0,77.8,77.8,580.0
2020-10-14 14:45:00,NSE:SHIL,77.85,78.0,77.75,77.85,632.0
2020-10-14 15:00:00,NSE:SHIL,77.95,77.95,77.85,77.85,442.0
2020-10-14 15:15:00,NSE:SHIL,77.85,78.25,77.75,77.9,2430.0
2020-10-15 09:15:00,NSE:SHIL,77.6,77.95,77.6,77.6,1901.0
2020-10-15 09:30:00,NSE:SHIL,77.6,78.0,77.55,77.85,4606.0
2020-10-15 09:45:00,NSE:SHIL,78.2,79.9,78.1,79.8,8198.0
2020-10-15 10:00:00,NSE:SHIL,79.75,79.85,79.0,79.45,2727.0
2020-10-15 10:15:00,NSE:SHIL,79.65,79.9,79.35,79.35,6682.0
2020-10-15 10:30:00,NSE:SHIL,79.75,79.75,78.6,78.85,2930.0
2020-10-15 10:45:00,NSE:SHIL,78.85,79.0,78.85,79.0,155.0
2020-10-15 11:00:00,NSE:SHIL,78.75,78.75,78.7,78.7,250.0
2020-10-15 11:15:00,NSE:SHIL,78.7,78.75,78.6,78.75,120.0
2020-10-15 11:45:00,NSE:SHIL,78.5,78.5,78.5,78.5,480.0
2020-10-15 12:00:00,NSE:SHIL,78.5,78.5,78.45,78.45,433.0
2020-10-15 12:15:00,NSE:SHIL,78.45,78.85,78.45,78.5,408.0
2020-10-15 12:30:00,NSE:SHIL,78.45,78.5,78.45,78.45,206.0
2020-10-15 12:45:00,NSE:SHIL,78.65,78.65,78.3,78.3,369.0
2020-10-15 13:00:00,NSE:SHIL,78.3,78.3,78.3,78.3,20.0
2020-10-15 13:15:00,NSE:SHIL,78.3,78.3,78.3,78.3,314.0
2020-10-15 13:30:00,NSE:SHIL,78.3,78.3,78.0,78.0,348.0
2020-10-15 13:45:00,NSE:SHIL,78.0,78.0,78.0,78.0,50.0
2020-10-15 14:00:00,NSE:SHIL,78.0,78.0,76.55,76.6,6925.0
2020-10-15 14:15:00,NSE:SHIL,76.85,77.25,76.0,77.25,3362.0
2020-10-15 14:30:00,NSE:SHIL,77.15,77.15,75.7,75.7,1672.0
2020-10-15 14:45:00,NSE:SHIL,75.75,76.4,75.5,75.5,1536.0
2020-10-15 15:00:00,NSE:SHIL,75.95,76.0,74.6,74.95,7414.0
2020-10-15 15:15:00,NSE:SHIL,74.6,79.9,73.05,79.0,34552.0
2020-10-16 09:15:00,NSE:SHIL,78.95,78.95,77.35,77.9,2368.0
2020-10-16 09:30:00,NSE:SHIL,77.7,77.7,77.1,77.1,785.0
2020-10-16 09:45:00,NSE:SHIL,76.95,76.95,76.95,76.95,89.0
2020-10-16 10:00:00,NSE:SHIL,77.0,77.35,76.9,77.2,4475.0
2020-10-16 10:15:00,NSE:SHIL,77.3,77.3,77.15,77.15,435.0
2020-10-16 10:30:00,NSE:SHIL,77.25,77.65,77.25,77.65,2.0
2020-10-16 10:45:00,NSE:SHIL,77.35,77.65,77.35,77.65,1189.0
2020-10-16 11:00:00,NSE:SHIL,78.0,78.2,77.85,77.85,1580.0
2020-10-16 11:15:00,NSE:SHIL,77.9,77.9,77.9,77.9,450.0
2020-10-16 11:30:00,NSE:SHIL,78.5,78.5,77.55,77.55,3345.0
2020-10-16 12:15:00,NSE:SHIL,77.75,77.8,77.75,77.8,200.0
2020-10-16 12:30:00,NSE:SHIL,77.85,78.0,77.7,77.7,555.0
2020-10-16 13:00:00,NSE:SHIL,77.55,78.0,77.55,77.9,755.0
2020-10-16 13:15:00,NSE:SHIL,77.5,77.5,77.5,77.5,484.0
2020-10-16 13:30:00,NSE:SHIL,77.5,77.5,77.0,77.05,3998.0
2020-10-16 13:45:00,NSE:SHIL,76.5,77.0,76.35,76.35,1224.0
2020-10-16 14:00:00,NSE:SHIL,76.35,76.9,76.35,76.9,288.0
2020-10-16 14:15:00,NSE:SHIL,76.6,76.6,76.6,76.6,19.0
2020-10-16 14:30:00,NSE:SHIL,76.8,76.95,76.5,76.9,327.0
2020-10-16 14:45:00,NSE:SHIL,76.95,76.95,76.55,76.65,1102.0
2020-10-16 15:00:00,NSE:SHIL,76.65,77.95,76.2,77.0,3851.0
2020-10-16 15:15:00,NSE:SHIL,76.4,76.55,76.05,76.1,6597.0
2020-10-16 15:45:00,NSE:SHIL,76.7,76.7,76.7,76.7,50.0
2020-10-19 09:15:00,NSE:SHIL,76.1,78.3,76.1,77.25,362.0
2020-10-19 09:30:00,NSE:SHIL,77.4,77.4,76.55,76.55,2837.0
2020-10-19 09:45:00,NSE:SHIL,76.6,77.0,76.3,76.4,4222.0
2020-10-19 10:00:00,NSE:SHIL,76.4,76.95,76.4,76.95,1426.0
2020-10-19 10:15:00,NSE:SHIL,77.0,77.0,76.95,76.95,553.0
2020-10-19 10:30:00,NSE:SHIL,76.95,76.95,76.95,76.95,51.0
2020-10-19 10:45:00,NSE:SHIL,76.95,77.0,76.35,76.65,4578.0
2020-10-19 11:00:00,NSE:SHIL,76.75,76.75,76.75,76.75,135.0
2020-10-19 11:15:00,NSE:SHIL,76.5,76.55,76.2,76.2,610.0
2020-10-19 11:30:00,NSE:SHIL,76.2,77.05,76.2,77.0,22918.0
2020-10-19 11:45:00,NSE:SHIL,77.0,77.3,77.0,77.05,2827.0
2020-10-19 12:00:00,NSE:SHIL,77.5,77.5,77.2,77.25,148.0
2020-10-19 12:15:00,NSE:SHIL,77.25,77.45,77.25,77.45,330.0
2020-10-19 12:30:00,NSE:SHIL,77.85,77.9,77.35,77.35,689.0
2020-10-19 12:45:00,NSE:SHIL,77.25,77.65,77.2,77.2,1518.0
2020-10-19 13:00:00,NSE:SHIL,77.5,77.5,77.15,77.2,21858.0
2020-10-19 13:15:00,NSE:SHIL,77.2,77.2,77.2,77.2,550.0
2020-10-19 13:30:00,NSE:SHIL,77.0,77.0,77.0,77.0,200.0
2020-10-19 13:45:00,NSE:SHIL,77.0,77.2,77.0,77.0,22.0
2020-10-19 14:00:00,NSE:SHIL,77.2,77.2,77.2,77.2,500.0
2020-10-19 14:15:00,NSE:SHIL,77.0,77.15,77.0,77.05,135.0
2020-10-19 14:30:00,NSE:SHIL,77.05,77.15,77.0,77.15,780.0
2020-10-19 14:45:00,NSE:SHIL,77.2,77.25,77.15,77.2,30219.0
2020-10-19 15:00:00,NSE:SHIL,77.35,78.0,77.3,78.0,26664.0
2020-10-19 15:15:00,NSE:SHIL,78.0,79.9,77.15,79.5,16532.0
2020-10-19 15:30:00,NSE:SHIL,79.5,79.5,79.5,79.5,34.0
2020-10-20 09:00:00,NSE:SHIL,80.45,80.45,80.45,80.45,125.0
2020-10-20 09:15:00,NSE:SHIL,80.45,81.1,78.5,79.6,2236.0
2020-10-20 09:30:00,NSE:SHIL,79.6,79.75,79.25,79.25,1015.0
2020-10-20 09:45:00,NSE:SHIL,79.85,79.85,79.0,79.0,2880.0
2020-10-20 10:00:00,NSE:SHIL,78.6,78.95,78.6,78.9,159.0
2020-10-20 10:15:00,NSE:SHIL,78.55,79.0,78.35,78.8,1027.0
2020-10-20 10:30:00,NSE:SHIL,78.65,78.85,78.3,78.35,1016.0
2020-10-20 10:45:00,NSE:SHIL,79.0,79.0,78.4,78.9,1298.0
2020-10-20 11:00:00,NSE:SHIL,78.7,78.95,78.6,78.95,1537.0
2020-10-20 11:15:00,NSE:SHIL,78.9,79.0,78.9,78.9,565.0
2020-10-20 11:30:00,NSE:SHIL,78.9,78.9,78.55,78.55,3209.0
2020-10-20 11:45:00,NSE:SHIL,78.05,78.7,78.05,78.7,1183.0
2020-10-20 12:00:00,NSE:SHIL,79.0,79.0,78.9,79.0,27070.0
2020-10-20 12:15:00,NSE:SHIL,78.85,78.9,78.85,78.9,2.0
2020-10-20 12:30:00,NSE:SHIL,78.9,78.95,78.65,78.65,20594.0
2020-10-20 12:45:00,NSE:SHIL,78.65,78.65,78.65,78.65,100.0
2020-10-20 13:00:00,NSE:SHIL,78.95,78.95,78.8,78.9,226.0
2020-10-20 13:15:00,NSE:SHIL,78.85,78.9,78.85,78.9,4717.0
2020-10-20 13:45:00,NSE:SHIL,78.9,78.9,78.9,78.9,25.0
2020-10-20 14:00:00,NSE:SHIL,78.85,79.0,78.75,78.75,5006.0
2020-10-20 14:15:00,NSE:SHIL,78.95,79.0,78.95,79.0,342.0
2020-10-20 14:30:00,NSE:SHIL,78.95,78.95,78.95,78.95,25.0
2020-10-20 14:45:00,NSE:SHIL,78.95,79.1,78.6,78.6,51083.0
2020-10-20 15:00:00,NSE:SHIL,78.95,78.95,78.95,78.95,130.0
2020-10-20 15:15:00,NSE:SHIL,78.95,79.0,76.65,77.95,40628.0
2020-10-20 15:45:00,NSE:SHIL,78.4,78.4,78.4,78.4,199.0
2020-10-21 09:15:00,NSE:SHIL,81.5,81.5,77.55,78.65,2480.0
2020-10-21 09:30:00,NSE:SHIL,78.6,80.0,78.6,79.6,4777.0
2020-10-21 09:45:00,NSE:SHIL,79.3,79.5,79.0,79.0,663.0
2020-10-21 10:00:00,NSE:SHIL,79.2,79.6,79.0,79.0,12662.0
2020-10-21 10:15:00,NSE:SHIL,79.45,79.5,79.1,79.15,1201.0
2020-10-21 10:30:00,NSE:SHIL,79.45,79.5,79.15,79.2,294.0
2020-10-21 10:45:00,NSE:SHIL,79.3,79.3,79.0,79.0,6012.0
2020-10-21 11:00:00,NSE:SHIL,79.0,79.0,78.95,78.95,3988.0
2020-10-21 11:15:00,NSE:SHIL,78.85,79.05,78.5,78.9,3454.0
2020-10-21 11:30:00,NSE:SHIL,78.65,79.0,78.65,78.95,1860.0
2020-10-21 11:45:00,NSE:SHIL,78.9,79.1,78.7,79.05,8443.0
2020-10-21 12:00:00,NSE:SHIL,79.0,79.05,79.0,79.0,3102.0
2020-10-21 12:15:00,NSE:SHIL,78.9,78.9,77.45,77.45,13237.0
2020-10-21 12:30:00,NSE:SHIL,77.95,77.95,77.45,77.55,573.0
2020-10-21 12:45:00,NSE:SHIL,77.95,77.95,76.7,76.7,1519.0
2020-10-21 13:00:00,NSE:SHIL,77.65,77.65,77.6,77.6,91.0
2020-10-21 13:15:00,NSE:SHIL,77.7,77.7,77.0,77.7,2420.0
2020-10-21 13:30:00,NSE:SHIL,77.65,77.85,77.0,77.85,740.0
2020-10-21 13:45:00,NSE:SHIL,77.5,77.55,77.5,77.55,307.0
2020-10-21 14:00:00,NSE:SHIL,77.5,77.75,76.95,77.0,15118.0
2020-10-21 14:15:00,NSE:SHIL,77.0,77.25,76.9,76.95,9591.0
2020-10-21 14:30:00,NSE:SHIL,76.95,77.0,76.45,77.0,12624.0
2020-10-21 14:45:00,NSE:SHIL,77.0,77.0,76.4,76.45,2182.0
2020-10-21 15:00:00,NSE:SHIL,76.45,76.45,75.7,76.0,12370.0
2020-10-21 15:15:00,NSE:SHIL,76.0,78.0,75.8,76.0,17813.0
2020-10-21 15:30:00,NSE:SHIL,76.3,76.3,76.3,76.3,2.0
2020-10-22 09:00:00,NSE:SHIL,75.25,75.25,75.25,75.25,1.0
2020-10-22 09:15:00,NSE:SHIL,75.25,76.7,75.25,76.05,1401.0
2020-10-22 09:30:00,NSE:SHIL,75.5,77.65,75.5,77.6,3939.0
2020-10-22 09:45:00,NSE:SHIL,77.75,77.75,77.6,77.65,405.0
2020-10-22 10:00:00,NSE:SHIL,77.55,77.55,77.5,77.5,448.0
2020-10-22 10:15:00,NSE:SHIL,77.7,77.7,77.5,77.5,499.0
2020-10-22 10:30:00,NSE:SHIL,77.5,77.75,77.5,77.7,2698.0
2020-10-22 10:45:00,NSE:SHIL,77.6,77.75,77.6,77.75,865.0
2020-10-22 11:00:00,NSE:SHIL,77.7,77.7,77.7,77.7,450.0
2020-10-22 11:15:00,NSE:SHIL,77.7,78.15,77.7,77.9,2967.0
2020-10-22 11:30:00,NSE:SHIL,77.85,78.0,77.85,78.0,310.0
2020-10-22 11:45:00,NSE:SHIL,77.9,77.9,77.75,77.75,75.0
2020-10-22 12:00:00,NSE:SHIL,77.7,77.7,77.3,77.3,1148.0
2020-10-22 12:15:00,NSE:SHIL,77.85,77.85,77.3,77.7,62.0
2020-10-22 12:30:00,NSE:SHIL,77.15,77.65,77.15,77.65,462.0
2020-10-22 12:45:00,NSE:SHIL,77.65,77.65,77.65,77.65,10.0
2020-10-22 13:00:00,NSE:SHIL,77.6,78.05,77.6,77.65,10366.0
2020-10-22 13:15:00,NSE:SHIL,77.85,77.85,77.85,77.85,10.0
2020-10-22 13:45:00,NSE:SHIL,77.75,77.8,77.7,77.7,98.0
2020-10-22 14:00:00,NSE:SHIL,77.7,78.05,77.7,78.05,1254.0
2020-10-22 14:15:00,NSE:SHIL,77.7,77.9,77.7,77.8,225.0
2020-10-22 14:30:00,NSE:SHIL,77.8,78.0,77.7,77.85,1750.0
2020-10-22 14:45:00,NSE:SHIL,78.1,78.1,77.9,77.9,338.0
2020-10-22 15:00:00,NSE:SHIL,78.0,78.0,75.9,76.05,34046.0
2020-10-22 15:15:00,NSE:SHIL,76.25,78.25,75.9,76.3,28596.0
2020-10-22 15:30:00,NSE:SHIL,77.55,77.55,77.55,77.55,182.0
2020-10-23 09:15:00,NSE:SHIL,78.75,78.75,77.45,78.0,10147.0
2020-10-23 09:30:00,NSE:SHIL,78.0,78.2,77.6,77.6,2380.0
2020-10-23 09:45:00,NSE:SHIL,77.6,77.6,77.3,77.35,999.0
2020-10-23 10:00:00,NSE:SHIL,77.5,77.6,77.05,77.3,12842.0
2020-10-23 10:15:00,NSE:SHIL,77.5,77.5,77.3,77.3,485.0
2020-10-23 10:30:00,NSE:SHIL,77.35,77.5,77.3,77.5,440.0
2020-10-23 10:45:00,NSE:SHIL,77.45,77.45,77.45,77.45,50.0
2020-10-23 11:00:00,NSE:SHIL,77.3,77.4,77.05,77.4,1566.0
2020-10-23 11:15:00,NSE:SHIL,77.1,77.1,77.1,77.1,25.0
2020-10-23 11:30:00,NSE:SHIL,77.35,77.35,77.35,77.35,50.0
2020-10-23 11:45:00,NSE:SHIL,77.35,77.35,77.0,77.0,2717.0
2020-10-23 12:00:00,NSE:SHIL,77.05,77.05,77.05,77.05,269.0
2020-10-23 12:30:00,NSE:SHIL,77.15,77.4,77.05,77.05,396.0
2020-10-23 12:45:00,NSE:SHIL,77.4,77.55,77.4,77.5,9530.0
2020-10-23 13:00:00,NSE:SHIL,77.5,77.5,77.15,77.15,2180.0
2020-10-23 13:15:00,NSE:SHIL,77.6,77.6,77.25,77.5,3521.0
2020-10-23 13:30:00,NSE:SHIL,77.5,77.65,77.5,77.65,10702.0
2020-10-23 13:45:00,NSE:SHIL,77.5,77.55,77.35,77.5,4011.0
2020-10-23 14:00:00,NSE:SHIL,77.55,77.6,77.55,77.55,711.0
2020-10-23 14:15:00,NSE:SHIL,77.3,77.5,77.3,77.5,341.0
2020-10-23 14:30:00,NSE:SHIL,77.35,77.5,77.35,77.4,396.0
2020-10-23 14:45:00,NSE:SHIL,77.3,77.8,77.25,77.5,3153.0
2020-10-23 15:00:00,NSE:SHIL,77.35,77.45,77.35,77.35,618.0
2020-10-23 15:15:00,NSE:SHIL,77.45,78.0,77.3,77.5,20800.0
2020-10-26 09:15:00,NSE:SHIL,78.75,78.75,78.0,78.0,7082.0
2020-10-26 09:30:00,NSE:SHIL,77.7,78.0,77.7,78.0,1808.0
2020-10-26 09:45:00,NSE:SHIL,78.0,78.0,77.95,78.0,511.0
2020-10-26 10:00:00,NSE:SHIL,77.85,78.0,77.85,77.95,17029.0
2020-10-26 10:15:00,NSE:SHIL,77.85,78.0,77.6,77.75,5953.0
2020-10-26 10:30:00,NSE:SHIL,77.95,78.0,77.75,77.8,2446.0
2020-10-26 10:45:00,NSE:SHIL,77.9,77.95,77.8,77.85,371.0
2020-10-26 11:00:00,NSE:SHIL,77.95,77.95,77.75,77.75,1446.0
2020-10-26 11:15:00,NSE:SHIL,77.85,77.85,77.75,77.8,3021.0
2020-10-26 11:30:00,NSE:SHIL,77.75,77.8,77.75,77.75,3803.0
2020-10-26 11:45:00,NSE:SHIL,77.8,77.8,77.7,77.8,375.0
2020-10-26 12:00:00,NSE:SHIL,77.8,77.8,77.7,77.7,71.0
2020-10-26 12:15:00,NSE:SHIL,77.7,77.8,77.5,77.55,3322.0
2020-10-26 12:30:00,NSE:SHIL,77.55,77.6,77.5,77.5,893.0
2020-10-26 12:45:00,NSE:SHIL,77.5,77.6,77.5,77.5,4133.0
2020-10-26 13:00:00,NSE:SHIL,77.5,77.7,77.5,77.65,1321.0
2020-10-26 13:15:00,NSE:SHIL,77.65,77.75,77.5,77.6,836.0
2020-10-26 13:30:00,NSE:SHIL,77.6,78.0,77.5,77.5,30667.0
2020-10-26 13:45:00,NSE:SHIL,77.55,77.75,77.5,77.55,2703.0
2020-10-26 14:00:00,NSE:SHIL,77.55,77.85,77.55,77.85,1951.0
2020-10-26 14:15:00,NSE:SHIL,77.85,78.0,77.8,77.85,27151.0
2020-10-26 14:30:00,NSE:SHIL,77.8,77.95,77.6,77.9,10242.0
2020-10-26 14:45:00,NSE:SHIL,77.9,78.0,77.85,77.9,9712.0
2020-10-26 15:00:00,NSE:SHIL,77.9,78.0,77.7,77.7,35238.0
2020-10-26 15:15:00,NSE:SHIL,77.85,78.0,77.6,77.8,4134.0
2020-10-27 09:00:00,NSE:SHIL,78.0,78.0,78.0,78.0,25.0
2020-10-27 09:15:00,NSE:SHIL,78.0,78.9,77.55,77.75,1240.0
2020-10-27 09:30:00,NSE:SHIL,77.55,78.0,77.55,77.65,1190.0
2020-10-27 09:45:00,NSE:SHIL,77.5,77.95,77.5,77.9,3853.0
2020-10-27 10:00:00,NSE:SHIL,77.75,77.95,77.65,77.75,73.0
2020-10-27 10:15:00,NSE:SHIL,77.5,77.8,76.8,77.2,4475.0
2020-10-27 10:30:00,NSE:SHIL,76.95,76.95,76.75,76.9,172.0
2020-10-27 10:45:00,NSE:SHIL,76.9,77.0,76.75,76.75,2860.0
2020-10-27 11:00:00,NSE:SHIL,76.75,77.0,76.05,76.5,2509.0
2020-10-27 11:15:00,NSE:SHIL,76.45,76.65,76.45,76.5,441.0
2020-10-27 11:30:00,NSE:SHIL,76.6,77.0,76.6,77.0,1977.0
2020-10-27 11:45:00,NSE:SHIL,77.0,77.0,76.8,76.9,5493.0
2020-10-27 12:00:00,NSE:SHIL,76.75,76.75,76.7,76.7,115.0
2020-10-27 12:15:00,NSE:SHIL,76.7,77.0,76.7,76.9,6158.0
2020-10-27 12:30:00,NSE:SHIL,76.95,77.0,76.85,76.85,11647.0
2020-10-27 12:45:00,NSE:SHIL,76.95,77.0,76.95,77.0,1077.0
2020-10-27 13:00:00,NSE:SHIL,77.0,77.0,76.85,76.9,6000.0
2020-10-27 13:15:00,NSE:SHIL,76.9,76.9,76.9,76.9,260.0
2020-10-27 13:30:00,NSE:SHIL,76.85,77.0,76.85,77.0,259.0
2020-10-27 13:45:00,NSE:SHIL,76.95,76.95,76.95,76.95,2.0
2020-10-27 14:00:00,NSE:SHIL,77.0,77.0,77.0,77.0,600.0
2020-10-27 14:15:00,NSE:SHIL,76.95,77.0,76.9,76.9,33968.0
2020-10-27 14:30:00,NSE:SHIL,76.95,77.0,76.85,76.85,17218.0
2020-10-27 14:45:00,NSE:SHIL,76.8,76.8,76.8,76.8,1001.0
2020-10-27 15:00:00,NSE:SHIL,76.75,76.95,75.95,76.25,56269.0
2020-10-27 15:15:00,NSE:SHIL,76.25,76.25,75.6,76.0,4578.0
2020-10-28 09:00:00,NSE:SHIL,76.0,76.0,76.0,76.0,35.0
2020-10-28 09:15:00,NSE:SHIL,76.0,76.9,76.0,76.4,1685.0
2020-10-28 09:30:00,NSE:SHIL,76.5,76.5,76.45,76.45,241.0
2020-10-28 09:45:00,NSE:SHIL,76.25,76.45,75.85,75.85,1171.0
2020-10-28 10:00:00,NSE:SHIL,75.85,76.6,75.8,76.6,566.0
2020-10-28 10:15:00,NSE:SHIL,76.45,76.55,76.35,76.5,976.0
2020-10-28 10:30:00,NSE:SHIL,76.4,76.4,76.35,76.35,252.0
2020-10-28 10:45:00,NSE:SHIL,76.35,76.45,76.25,76.45,1116.0
2020-10-28 11:00:00,NSE:SHIL,76.3,76.45,76.25,76.25,2227.0
2020-10-28 11:15:00,NSE:SHIL,76.4,76.65,76.4,76.6,6120.0
2020-10-28 11:30:00,NSE:SHIL,76.6,76.6,76.55,76.55,11.0
2020-10-28 11:45:00,NSE:SHIL,76.55,76.55,76.55,76.55,30.0
2020-10-28 12:00:00,NSE:SHIL,76.5,76.6,76.45,76.55,386.0
2020-10-28 12:30:00,NSE:SHIL,76.5,76.6,76.5,76.5,2000.0
2020-10-28 12:45:00,NSE:SHIL,76.55,76.6,76.55,76.55,285.0
2020-10-28 13:00:00,NSE:SHIL,76.55,76.55,76.5,76.5,2143.0
2020-10-28 13:15:00,NSE:SHIL,76.5,76.55,76.5,76.55,2701.0
2020-10-28 13:30:00,NSE:SHIL,76.5,76.55,76.5,76.5,1010.0
2020-10-28 13:45:00,NSE:SHIL,76.5,76.6,76.5,76.6,1103.0
2020-10-28 14:00:00,NSE:SHIL,76.55,76.55,76.4,76.45,1054.0
2020-10-28 14:15:00,NSE:SHIL,76.55,76.6,76.4,76.45,294.0
2020-10-28 14:30:00,NSE:SHIL,76.45,76.45,76.45,76.45,292.0
2020-10-28 14:45:00,NSE:SHIL,76.55,77.75,76.45,77.5,12676.0
2020-10-28 15:00:00,NSE:SHIL,77.5,78.1,77.5,77.5,14735.0
2020-10-28 15:15:00,NSE:SHIL,77.5,77.85,76.4,76.45,13758.0
2020-10-29 09:00:00,NSE:SHIL,77.0,77.0,77.0,77.0,100.0
2020-10-29 09:15:00,NSE:SHIL,77.0,77.7,77.0,77.3,312.0
2020-10-29 09:30:00,NSE:SHIL,77.65,77.65,76.7,76.75,2906.0
2020-10-29 09:45:00,NSE:SHIL,76.6,76.7,76.25,76.5,3295.0
2020-10-29 10:00:00,NSE:SHIL,76.6,76.8,76.4,76.45,3979.0
2020-10-29 10:15:00,NSE:SHIL,76.4,76.8,76.2,76.45,2019.0
2020-10-29 10:30:00,NSE:SHIL,76.25,76.5,76.15,76.2,4880.0
2020-10-29 10:45:00,NSE:SHIL,76.5,76.6,76.25,76.25,26132.0
2020-10-29 11:00:00,NSE:SHIL,76.3,76.55,76.3,76.35,29017.0
2020-10-29 11:15:00,NSE:SHIL,76.5,76.6,76.3,76.3,3795.0
2020-10-29 11:30:00,NSE:SHIL,76.5,76.5,76.25,76.3,10382.0
2020-10-29 11:45:00,NSE:SHIL,76.5,76.6,76.3,76.3,31162.0
2020-10-29 12:00:00,NSE:SHIL,76.5,76.65,76.5,76.5,8510.0
2020-10-29 12:15:00,NSE:SHIL,76.5,76.65,76.5,76.5,6695.0
2020-10-29 12:30:00,NSE:SHIL,76.5,76.55,76.5,76.5,1575.0
2020-10-29 12:45:00,NSE:SHIL,76.5,77.0,76.5,76.55,21109.0
2020-10-29 13:00:00,NSE:SHIL,76.6,76.75,76.55,76.65,2689.0
2020-10-29 13:15:00,NSE:SHIL,76.65,76.65,76.5,76.5,4968.0
2020-10-29 13:30:00,NSE:SHIL,76.45,76.5,76.35,76.35,15779.0
2020-10-29 13:45:00,NSE:SHIL,76.5,76.5,76.5,76.5,15002.0
2020-10-29 14:00:00,NSE:SHIL,76.35,76.5,76.15,76.5,15655.0
2020-10-29 14:15:00,NSE:SHIL,76.45,76.5,76.45,76.5,12319.0
2020-10-29 14:30:00,NSE:SHIL,76.5,76.5,76.5,76.5,72.0
2020-10-29 14:45:00,NSE:SHIL,76.5,76.7,76.5,76.5,15690.0
2020-10-29 15:00:00,NSE:SHIL,76.5,76.75,76.2,76.55,25124.0
2020-10-29 15:15:00,NSE:SHIL,76.5,76.6,75.6,76.0,60889.0
2020-10-30 09:00:00,NSE:SHIL,75.5,75.5,75.5,75.5,20.0
2020-10-30 09:15:00,NSE:SHIL,75.5,77.0,75.5,75.75,38837.0
2020-10-30 09:30:00,NSE:SHIL,76.0,76.0,75.75,75.9,100190.0
2020-10-30 09:45:00,NSE:SHIL,75.95,76.0,75.6,75.6,159256.0
2020-10-30 10:00:00,NSE:SHIL,75.75,75.9,75.55,75.9,1401.0
2020-10-30 10:15:00,NSE:SHIL,75.55,76.0,75.55,75.7,14163.0
2020-10-30 10:30:00,NSE:SHIL,75.75,76.0,75.75,75.8,38390.0
2020-10-30 10:45:00,NSE:SHIL,76.0,76.0,75.7,75.95,54237.0
2020-10-30 11:00:00,NSE:SHIL,76.0,76.1,75.55,75.55,60728.0
2020-10-30 11:15:00,NSE:SHIL,75.65,76.0,75.65,76.0,27580.0
2020-10-30 11:30:00,NSE:SHIL,75.7,75.75,75.7,75.7,272.0
2020-10-30 11:45:00,NSE:SHIL,75.7,76.0,75.7,76.0,68136.0
2020-10-30 12:00:00,NSE:SHIL,75.8,75.8,75.5,75.5,590.0
2020-10-30 12:15:00,NSE:SHIL,75.5,76.0,75.5,75.55,29423.0
2020-10-30 12:30:00,NSE:SHIL,75.4,75.5,75.25,75.5,5013.0
2020-10-30 12:45:00,NSE:SHIL,75.5,75.5,75.15,75.15,886.0
2020-10-30 13:00:00,NSE:SHIL,75.3,75.5,75.3,75.5,10100.0
2020-10-30 13:15:00,NSE:SHIL,75.3,75.5,75.3,75.3,4049.0
2020-10-30 13:30:00,NSE:SHIL,75.25,75.25,75.2,75.2,223.0
2020-10-30 13:45:00,NSE:SHIL,75.3,75.5,75.25,75.5,40539.0
2020-10-30 14:00:00,NSE:SHIL,75.35,75.4,75.25,75.3,27680.0
2020-10-30 14:15:00,NSE:SHIL,75.35,75.4,75.3,75.4,657.0
2020-10-30 14:30:00,NSE:SHIL,75.35,75.45,75.3,75.35,60741.0
2020-10-30 14:45:00,NSE:SHIL,75.2,75.4,75.0,75.4,70476.0
2020-10-30 15:00:00,NSE:SHIL,75.35,75.45,75.1,75.45,28808.0
2020-10-30 15:15:00,NSE:SHIL,75.15,75.5,74.65,75.5,47779.0
2020-10-30 15:45:00,NSE:SHIL,75.15,75.15,75.15,75.15,200.0
2020-11-02 09:15:00,NSE:SHIL,76.0,76.6,76.0,76.2,3927.0
2020-11-02 09:30:00,NSE:SHIL,75.95,76.4,75.45,75.75,16874.0
2020-11-02 09:45:00,NSE:SHIL,75.8,75.85,75.5,75.7,2627.0
2020-11-02 10:00:00,NSE:SHIL,75.5,75.7,75.5,75.65,514.0
2020-11-02 10:15:00,NSE:SHIL,75.7,75.7,75.7,75.7,1000.0
2020-11-02 10:30:00,NSE:SHIL,75.7,75.8,75.55,75.6,14421.0
2020-11-02 10:45:00,NSE:SHIL,75.65,75.7,75.5,75.5,3907.0
2020-11-02 11:00:00,NSE:SHIL,75.5,75.65,74.45,74.6,69080.0
2020-11-02 11:15:00,NSE:SHIL,74.55,75.15,74.5,74.7,1163.0
2020-11-02 11:30:00,NSE:SHIL,74.5,74.7,74.5,74.5,6600.0
2020-11-02 11:45:00,NSE:SHIL,74.5,74.8,74.5,74.5,2194.0
2020-11-02 12:00:00,NSE:SHIL,74.7,74.8,74.7,74.8,1628.0
2020-11-02 12:15:00,NSE:SHIL,74.8,75.0,74.75,74.8,15355.0
2020-11-02 12:30:00,NSE:SHIL,74.65,74.75,74.5,74.5,1269.0
2020-11-02 12:45:00,NSE:SHIL,74.5,74.75,74.5,74.5,817.0
2020-11-02 13:00:00,NSE:SHIL,74.55,74.75,74.5,74.5,6959.0
2020-11-02 13:15:00,NSE:SHIL,74.6,74.7,74.5,74.5,897.0
2020-11-02 13:30:00,NSE:SHIL,74.5,74.75,74.5,74.5,5606.0
2020-11-02 13:45:00,NSE:SHIL,74.65,75.0,74.5,74.75,7992.0
2020-11-02 14:00:00,NSE:SHIL,74.75,75.0,74.55,74.9,114131.0
2020-11-02 14:15:00,NSE:SHIL,74.85,75.0,74.85,74.85,2964.0
2020-11-02 14:30:00,NSE:SHIL,74.85,75.0,74.85,74.85,19611.0
2020-11-02 14:45:00,NSE:SHIL,74.9,75.0,74.75,74.75,2643.0
2020-11-02 15:00:00,NSE:SHIL,74.75,75.0,74.5,74.5,12256.0
2020-11-02 15:15:00,NSE:SHIL,74.65,75.45,74.5,74.85,36985.0
2020-11-03 09:00:00,NSE:SHIL,76.0,76.0,76.0,76.0,1.0
2020-11-03 09:15:00,NSE:SHIL,76.0,76.25,75.6,76.2,4241.0
2020-11-03 09:30:00,NSE:SHIL,76.05,76.75,75.95,76.25,7994.0
2020-11-03 09:45:00,NSE:SHIL,76.4,76.4,75.95,76.1,3906.0
2020-11-03 10:00:00,NSE:SHIL,76.1,76.1,75.35,75.4,38831.0
2020-11-03 10:15:00,NSE:SHIL,75.6,75.7,75.4,75.55,319.0
2020-11-03 10:30:00,NSE:SHIL,75.65,75.8,75.6,75.7,1257.0
2020-11-03 10:45:00,NSE:SHIL,75.8,75.8,75.7,75.7,255.0
2020-11-03 11:00:00,NSE:SHIL,75.75,76.0,75.7,75.75,2178.0
2020-11-03 11:15:00,NSE:SHIL,75.9,76.0,75.35,75.4,9661.0
2020-11-03 11:30:00,NSE:SHIL,75.4,75.4,75.35,75.35,927.0
2020-11-03 11:45:00,NSE:SHIL,75.4,75.5,75.35,75.35,202.0
2020-11-03 12:00:00,NSE:SHIL,75.5,75.5,75.5,75.5,1.0
2020-11-03 12:15:00,NSE:SHIL,75.4,75.4,75.0,75.25,4693.0
2020-11-03 12:45:00,NSE:SHIL,75.5,75.5,75.0,75.0,24254.0
2020-11-03 13:00:00,NSE:SHIL,75.0,75.1,74.85,74.85,23299.0
2020-11-03 13:15:00,NSE:SHIL,75.0,75.0,74.9,75.0,12688.0
2020-11-03 13:30:00,NSE:SHIL,74.95,75.0,74.9,75.0,19563.0
2020-11-03 13:45:00,NSE:SHIL,75.0,75.0,74.85,75.0,205103.0
2020-11-03 14:00:00,NSE:SHIL,74.8,77.7,74.8,76.25,178764.0
2020-11-03 14:15:00,NSE:SHIL,76.5,77.0,76.15,77.0,236729.0
2020-11-03 14:30:00,NSE:SHIL,76.8,78.4,76.8,77.9,446007.0
2020-11-03 14:45:00,NSE:SHIL,78.0,78.4,76.55,76.55,293051.0
2020-11-03 15:00:00,NSE:SHIL,76.55,76.7,75.3,76.1,231894.0
2020-11-03 15:15:00,NSE:SHIL,76.05,76.15,75.1,75.5,323837.0
2020-11-03 15:30:00,NSE:SHIL,75.65,75.65,75.65,75.65,200.0
2020-11-04 09:00:00,NSE:SHIL,76.0,76.0,76.0,76.0,101.0
2020-11-04 09:15:00,NSE:SHIL,76.0,76.0,74.65,75.2,79334.0
2020-11-04 09:30:00,NSE:SHIL,75.2,75.5,74.65,74.65,82276.0
2020-11-04 09:45:00,NSE:SHIL,74.6,74.7,74.05,74.25,62546.0
2020-11-04 10:00:00,NSE:SHIL,74.3,75.3,74.3,75.0,67244.0
2020-11-04 10:15:00,NSE:SHIL,75.0,75.35,74.8,74.95,120035.0
2020-11-04 10:30:00,NSE:SHIL,74.95,75.0,74.8,75.0,95129.0
2020-11-04 10:45:00,NSE:SHIL,74.85,75.0,74.85,74.85,9890.0
2020-11-04 11:00:00,NSE:SHIL,74.85,74.85,74.5,74.5,11273.0
2020-11-04 11:15:00,NSE:SHIL,74.55,74.9,74.55,74.7,14030.0
2020-11-04 11:30:00,NSE:SHIL,74.7,75.0,74.7,74.9,24356.0
2020-11-04 11:45:00,NSE:SHIL,74.8,74.8,74.4,74.6,8585.0
2020-11-04 12:00:00,NSE:SHIL,74.65,74.85,74.65,74.7,3196.0
2020-11-04 12:15:00,NSE:SHIL,74.65,74.65,74.35,74.45,18488.0
2020-11-04 12:30:00,NSE:SHIL,74.5,74.6,74.5,74.6,5.0
2020-11-04 12:45:00,NSE:SHIL,74.6,74.95,74.5,74.7,2681.0
2020-11-04 13:00:00,NSE:SHIL,74.5,74.7,74.45,74.45,26734.0
2020-11-04 13:15:00,NSE:SHIL,74.45,74.45,74.05,74.3,30295.0
2020-11-04 13:30:00,NSE:SHIL,74.3,74.45,74.3,74.45,968.0
2020-11-04 13:45:00,NSE:SHIL,74.45,74.5,74.35,74.4,2312.0
2020-11-04 14:00:00,NSE:SHIL,74.4,74.4,74.4,74.4,110.0
2020-11-04 14:15:00,NSE:SHIL,74.45,74.9,74.45,74.65,22735.0
2020-11-04 14:30:00,NSE:SHIL,74.7,74.7,74.5,74.5,114.0
2020-11-04 14:45:00,NSE:SHIL,74.6,77.25,74.6,77.0,117408.0
2020-11-04 15:00:00,NSE:SHIL,76.95,77.3,76.15,76.5,171468.0
2020-11-04 15:15:00,NSE:SHIL,76.4,78.0,76.35,77.05,266788.0
2020-11-04 15:30:00,NSE:SHIL,76.95,76.95,76.95,76.95,34.0
2020-11-05 09:15:00,NSE:SHIL,77.1,78.55,77.1,77.7,10713.0
2020-11-05 09:30:00,NSE:SHIL,77.7,78.0,77.15,77.55,23471.0
2020-11-05 09:45:00,NSE:SHIL,77.6,79.95,77.6,79.5,210536.0
2020-11-05 10:00:00,NSE:SHIL,79.5,80.0,78.15,78.8,66303.0
2020-11-05 10:15:00,NSE:SHIL,78.8,79.0,78.3,78.85,57755.0
2020-11-05 10:30:00,NSE:SHIL,78.8,79.3,78.6,78.8,29989.0
2020-11-05 10:45:00,NSE:SHIL,78.8,79.7,78.65,79.25,56022.0
2020-11-05 11:00:00,NSE:SHIL,79.15,79.5,78.6,78.7,39483.0
2020-11-05 11:15:00,NSE:SHIL,78.7,79.75,78.7,79.6,149741.0
2020-11-05 11:30:00,NSE:SHIL,79.75,80.65,79.3,80.5,237180.0
2020-11-05 11:45:00,NSE:SHIL,80.5,80.7,80.0,80.5,188162.0
2020-11-05 12:00:00,NSE:SHIL,80.5,81.15,80.3,80.45,175437.0
2020-11-05 12:15:00,NSE:SHIL,80.4,80.45,80.0,80.0,74011.0
2020-11-05 12:30:00,NSE:SHIL,80.0,80.45,78.8,78.95,85613.0
2020-11-05 12:45:00,NSE:SHIL,78.9,79.3,78.9,79.2,22706.0
2020-11-05 13:00:00,NSE:SHIL,79.2,79.2,78.8,78.9,14300.0
2020-11-05 13:15:00,NSE:SHIL,78.9,78.95,78.25,78.6,47284.0
2020-11-05 13:30:00,NSE:SHIL,78.6,78.9,78.55,78.6,26173.0
2020-11-05 13:45:00,NSE:SHIL,78.6,78.8,78.25,78.4,18990.0
2020-11-05 14:00:00,NSE:SHIL,78.4,78.7,78.3,78.55,6374.0
2020-11-05 14:15:00,NSE:SHIL,78.55,80.2,78.55,79.9,35818.0
2020-11-05 14:30:00,NSE:SHIL,79.9,80.7,79.75,80.4,20685.0
2020-11-05 14:45:00,NSE:SHIL,80.4,81.5,80.3,80.75,204744.0
2020-11-05 15:00:00,NSE:SHIL,80.75,80.75,79.75,79.9,56986.0
2020-11-05 15:15:00,NSE:SHIL,79.85,79.85,78.55,79.2,141941.0
2020-11-05 15:30:00,NSE:SHIL,79.45,79.45,79.45,79.45,60.0
2020-11-06 09:00:00,NSE:SHIL,80.5,80.5,80.5,80.5,4118.0
2020-11-06 09:15:00,NSE:SHIL,80.5,80.6,79.5,80.1,58011.0
2020-11-06 09:30:00,NSE:SHIL,80.1,80.75,80.05,80.3,76143.0
2020-11-06 09:45:00,NSE:SHIL,80.2,80.75,79.55,80.5,71208.0
2020-11-06 10:00:00,NSE:SHIL,80.5,81.45,80.2,80.2,35306.0
2020-11-06 10:15:00,NSE:SHIL,80.15,81.65,80.05,81.0,42543.0
2020-11-06 10:30:00,NSE:SHIL,81.0,81.3,80.5,80.85,23083.0
2020-11-06 10:45:00,NSE:SHIL,80.85,80.85,80.0,80.0,21452.0
2020-11-06 11:00:00,NSE:SHIL,80.0,80.4,79.95,79.95,31737.0
2020-11-06 11:15:00,NSE:SHIL,79.9,79.95,79.75,79.75,9874.0
2020-11-06 11:30:00,NSE:SHIL,79.75,80.0,79.75,79.75,11983.0
2020-11-06 11:45:00,NSE:SHIL,79.9,80.25,79.75,80.0,21406.0
2020-11-06 12:00:00,NSE:SHIL,80.0,80.4,79.75,80.05,68219.0
2020-11-06 12:15:00,NSE:SHIL,80.05,80.15,79.85,80.0,19996.0
2020-11-06 12:30:00,NSE:SHIL,80.0,80.25,79.85,80.0,15259.0
2020-11-06 12:45:00,NSE:SHIL,80.0,81.85,80.0,81.2,110748.0
2020-11-06 13:00:00,NSE:SHIL,81.1,81.65,80.55,80.6,67418.0
2020-11-06 13:15:00,NSE:SHIL,81.0,82.85,81.0,82.5,203335.0
2020-11-06 13:30:00,NSE:SHIL,82.4,82.6,81.75,82.6,30408.0
2020-11-06 13:45:00,NSE:SHIL,82.6,82.7,81.6,82.1,47168.0
2020-11-06 14:00:00,NSE:SHIL,82.05,83.4,82.0,82.95,121292.0
2020-11-06 14:15:00,NSE:SHIL,83.25,83.35,82.15,82.25,44547.0
2020-11-06 14:30:00,NSE:SHIL,82.15,82.8,82.05,82.35,61156.0
2020-11-06 14:45:00,NSE:SHIL,82.3,82.6,82.15,82.5,17829.0
2020-11-06 15:00:00,NSE:SHIL,82.4,84.85,82.3,84.35,158334.0
2020-11-06 15:15:00,NSE:SHIL,84.65,84.9,83.35,83.5,96730.0
2020-11-06 15:30:00,NSE:SHIL,83.85,83.85,83.85,83.85,3249.0
2020-11-06 15:45:00,NSE:SHIL,83.8,83.8,83.8,83.8,57.0
2020-11-09 09:00:00,NSE:SHIL,84.8,84.8,84.8,84.8,1712.0
2020-11-09 09:15:00,NSE:SHIL,84.8,85.9,84.2,85.0,79956.0
2020-11-09 09:30:00,NSE:SHIL,84.95,85.05,83.15,83.4,47746.0
2020-11-09 09:45:00,NSE:SHIL,83.15,84.05,83.15,83.65,17847.0
2020-11-09 10:00:00,NSE:SHIL,83.85,83.95,83.65,83.75,14877.0
2020-11-09 10:15:00,NSE:SHIL,83.75,84.8,83.65,84.25,18494.0
2020-11-09 10:30:00,NSE:SHIL,84.25,85.35,84.25,85.05,22382.0
2020-11-09 10:45:00,NSE:SHIL,85.05,86.65,85.05,86.0,41057.0
2020-11-09 11:00:00,NSE:SHIL,86.5,86.5,84.8,84.85,21174.0
2020-11-09 11:15:00,NSE:SHIL,84.85,84.95,84.6,84.6,13503.0
2020-11-09 11:30:00,NSE:SHIL,84.6,84.7,83.75,83.95,23224.0
2020-11-09 11:45:00,NSE:SHIL,83.9,84.15,83.5,83.5,9967.0
2020-11-09 12:00:00,NSE:SHIL,83.55,83.7,83.3,83.3,24461.0
2020-11-09 12:15:00,NSE:SHIL,83.3,83.4,83.3,83.35,3710.0
2020-11-09 12:30:00,NSE:SHIL,83.45,83.65,83.35,83.55,15214.0
2020-11-09 12:45:00,NSE:SHIL,83.45,83.7,83.35,83.4,7392.0
2020-11-09 13:00:00,NSE:SHIL,83.45,83.75,83.4,83.55,8927.0
2020-11-09 13:15:00,NSE:SHIL,83.6,83.9,83.55,83.65,4411.0
2020-11-09 13:30:00,NSE:SHIL,83.7,83.7,83.1,83.2,27891.0
2020-11-09 13:45:00,NSE:SHIL,83.25,83.4,83.05,83.15,16097.0
2020-11-09 14:00:00,NSE:SHIL,83.25,83.5,83.05,83.05,7372.0
2020-11-09 14:15:00,NSE:SHIL,83.2,83.8,82.75,82.85,28174.0
2020-11-09 14:30:00,NSE:SHIL,82.95,84.5,82.95,84.05,44788.0
2020-11-09 14:45:00,NSE:SHIL,84.05,85.0,84.0,84.1,73504.0
2020-11-09 15:00:00,NSE:SHIL,84.1,84.8,84.0,84.55,23763.0
2020-11-09 15:15:00,NSE:SHIL,84.65,84.9,84.0,84.0,48441.0
2020-11-09 15:30:00,NSE:SHIL,84.0,84.35,84.0,84.35,95.0
2020-11-10 09:00:00,NSE:SHIL,84.6,84.6,84.6,84.6,200.0
2020-11-10 09:15:00,NSE:SHIL,84.6,84.7,83.35,83.35,19887.0
2020-11-10 09:30:00,NSE:SHIL,83.05,83.5,82.75,83.05,22971.0
2020-11-10 09:45:00,NSE:SHIL,83.05,83.4,82.75,82.75,11523.0
2020-11-10 10:00:00,NSE:SHIL,82.75,83.15,82.75,82.75,3188.0
2020-11-10 10:15:00,NSE:SHIL,82.75,83.15,82.5,82.8,23930.0
2020-11-10 10:30:00,NSE:SHIL,82.8,83.05,82.5,82.85,4758.0
2020-11-10 10:45:00,NSE:SHIL,82.95,83.05,82.8,82.85,7760.0
2020-11-10 11:00:00,NSE:SHIL,82.8,83.0,82.5,82.6,6373.0
2020-11-10 11:15:00,NSE:SHIL,82.55,83.0,82.3,82.6,24404.0
2020-11-10 11:30:00,NSE:SHIL,82.6,82.9,82.25,82.25,13022.0
2020-11-10 11:45:00,NSE:SHIL,82.25,82.65,82.2,82.5,22290.0
2020-11-10 12:00:00,NSE:SHIL,82.9,83.1,82.55,82.6,71480.0
2020-11-10 12:15:00,NSE:SHIL,83.4,83.4,82.6,82.7,2076.0
2020-11-10 12:30:00,NSE:SHIL,82.7,82.75,82.15,82.5,4969.0
2020-11-10 12:45:00,NSE:SHIL,82.5,82.7,82.25,82.5,1504.0
2020-11-10 13:00:00,NSE:SHIL,82.7,82.7,82.0,82.55,57745.0
2020-11-10 13:15:00,NSE:SHIL,82.75,83.25,82.55,82.75,9857.0
2020-11-10 13:30:00,NSE:SHIL,82.85,83.05,82.5,82.5,10517.0
2020-11-10 13:45:00,NSE:SHIL,82.6,82.9,82.0,82.05,14970.0
2020-11-10 14:00:00,NSE:SHIL,82.1,82.5,81.75,81.75,13966.0
2020-11-10 14:15:00,NSE:SHIL,81.75,82.0,81.75,81.95,21987.0
2020-11-10 14:30:00,NSE:SHIL,81.75,82.2,81.75,81.75,3385.0
2020-11-10 14:45:00,NSE:SHIL,82.35,82.35,81.75,82.0,5125.0
2020-11-10 15:00:00,NSE:SHIL,82.0,82.4,81.5,81.75,10404.0
2020-11-10 15:15:00,NSE:SHIL,81.75,84.35,81.5,84.35,117448.0
2020-11-11 09:00:00,NSE:SHIL,86.4,86.4,86.4,86.4,14358.0
2020-11-11 09:15:00,NSE:SHIL,86.5,89.5,86.5,89.45,349105.0
2020-11-11 09:30:00,NSE:SHIL,89.4,91.8,88.2,89.85,303394.0
2020-11-11 09:45:00,NSE:SHIL,89.65,92.5,88.8,91.15,193776.0
2020-11-11 10:00:00,NSE:SHIL,91.05,92.9,90.35,90.85,114079.0
2020-11-11 10:15:00,NSE:SHIL,90.75,91.0,88.25,89.6,121534.0
2020-11-11 10:30:00,NSE:SHIL,89.65,89.9,88.1,88.25,56442.0
2020-11-11 10:45:00,NSE:SHIL,88.3,88.8,88.05,88.05,22958.0
2020-11-11 11:00:00,NSE:SHIL,88.1,88.5,86.6,87.55,67438.0
2020-11-11 11:15:00,NSE:SHIL,87.55,88.9,87.15,88.65,48704.0
2020-11-11 11:30:00,NSE:SHIL,88.65,88.9,87.5,87.55,51032.0
2020-11-11 11:45:00,NSE:SHIL,87.6,87.9,87.4,87.6,33136.0
2020-11-11 12:00:00,NSE:SHIL,87.7,88.2,87.25,88.0,31217.0
2020-11-11 12:15:00,NSE:SHIL,88.0,88.65,87.8,88.65,57489.0
2020-11-11 12:30:00,NSE:SHIL,88.65,89.75,88.65,89.0,86653.0
2020-11-11 12:45:00,NSE:SHIL,89.0,89.05,88.1,88.15,43544.0
2020-11-11 13:00:00,NSE:SHIL,88.25,88.35,87.5,87.5,29883.0
2020-11-11 13:15:00,NSE:SHIL,87.5,88.2,87.5,87.85,33066.0
2020-11-11 13:30:00,NSE:SHIL,87.85,88.35,87.6,88.3,19105.0
2020-11-11 13:45:00,NSE:SHIL,88.4,91.0,88.0,89.6,102779.0
2020-11-11 14:00:00,NSE:SHIL,89.6,90.65,89.5,89.65,68614.0
2020-11-11 14:15:00,NSE:SHIL,89.65,89.7,88.7,88.8,57182.0
2020-11-11 14:30:00,NSE:SHIL,88.8,89.5,88.5,88.5,52947.0
2020-11-11 14:45:00,NSE:SHIL,88.5,89.85,88.1,88.7,49346.0
2020-11-11 15:00:00,NSE:SHIL,88.7,89.6,88.7,89.0,56281.0
2020-11-11 15:15:00,NSE:SHIL,89.0,89.5,88.5,89.0,73680.0
2020-11-11 15:30:00,NSE:SHIL,89.05,89.05,89.05,89.05,279.0
2020-11-12 09:00:00,NSE:SHIL,88.3,88.3,88.3,88.3,4600.0
2020-11-12 09:15:00,NSE:SHIL,88.3,90.35,87.65,87.9,56697.0
2020-11-12 09:30:00,NSE:SHIL,87.95,88.55,87.6,88.3,17910.0
2020-11-12 09:45:00,NSE:SHIL,88.3,89.85,88.2,88.75,11419.0
2020-11-12 10:00:00,NSE:SHIL,88.75,88.95,87.95,88.0,6670.0
2020-11-12 10:15:00,NSE:SHIL,88.0,88.4,88.0,88.0,1950.0
2020-11-12 10:30:00,NSE:SHIL,88.15,90.3,87.75,89.45,93370.0
2020-11-12 10:45:00,NSE:SHIL,89.55,91.8,89.5,90.95,59214.0
2020-11-12 11:00:00,NSE:SHIL,90.95,94.45,90.95,92.65,171979.0
2020-11-12 11:15:00,NSE:SHIL,92.5,93.45,91.6,91.95,68124.0
2020-11-12 11:30:00,NSE:SHIL,92.0,92.95,91.65,92.0,41558.0
2020-11-12 11:45:00,NSE:SHIL,92.05,92.85,92.05,92.55,20900.0
2020-11-12 12:00:00,NSE:SHIL,92.3,92.95,92.25,92.9,24584.0
2020-11-12 12:15:00,NSE:SHIL,92.9,96.7,92.05,96.1,505508.0
2020-11-12 12:30:00,NSE:SHIL,95.75,98.9,95.55,96.8,263147.0
2020-11-12 12:45:00,NSE:SHIL,96.75,96.85,95.2,95.75,32844.0
2020-11-12 13:00:00,NSE:SHIL,95.95,96.15,94.35,94.75,62522.0
2020-11-12 13:15:00,NSE:SHIL,94.75,95.0,94.1,94.75,41219.0
2020-11-12 13:30:00,NSE:SHIL,94.55,95.0,94.1,94.1,97050.0
2020-11-12 13:45:00,NSE:SHIL,94.1,97.0,94.1,96.4,66130.0
2020-11-12 14:00:00,NSE:SHIL,96.25,97.45,96.2,97.1,81692.0
2020-11-12 14:15:00,NSE:SHIL,97.1,97.3,96.5,96.9,17569.0
2020-11-12 14:30:00,NSE:SHIL,96.8,97.5,96.3,96.3,27760.0
2020-11-12 14:45:00,NSE:SHIL,96.3,96.45,95.85,95.9,13483.0
2020-11-12 15:00:00,NSE:SHIL,96.25,96.45,95.1,95.15,40716.0
2020-11-12 15:15:00,NSE:SHIL,95.25,96.9,94.0,95.6,119911.0
2020-11-12 15:30:00,NSE:SHIL,95.5,95.5,95.4,95.4,225.0
2020-11-13 09:00:00,NSE:SHIL,96.85,96.85,96.85,96.85,1101.0
2020-11-13 09:15:00,NSE:SHIL,96.85,99.0,96.05,98.45,83773.0
2020-11-13 09:30:00,NSE:SHIL,98.2,98.45,96.75,97.45,88346.0
2020-11-13 09:45:00,NSE:SHIL,97.35,98.45,97.35,97.6,64125.0
2020-11-13 10:00:00,NSE:SHIL,97.7,98.0,96.95,97.6,55787.0
2020-11-13 10:15:00,NSE:SHIL,97.6,101.1,97.5,99.95,112467.0
2020-11-13 10:30:00,NSE:SHIL,100.05,102.0,99.4,100.5,77405.0
2020-11-13 10:45:00,NSE:SHIL,100.35,100.5,99.6,99.9,38067.0
2020-11-13 11:00:00,NSE:SHIL,99.75,102.3,99.5,101.65,54290.0
2020-11-13 11:15:00,NSE:SHIL,101.8,104.0,101.25,103.3,71023.0
2020-11-13 11:30:00,NSE:SHIL,103.25,103.5,102.15,102.15,46879.0
2020-11-13 11:45:00,NSE:SHIL,102.2,103.8,102.05,103.1,59971.0
2020-11-13 12:00:00,NSE:SHIL,103.1,103.8,102.65,102.65,42827.0
2020-11-13 12:15:00,NSE:SHIL,102.65,103.8,102.65,103.7,26863.0
2020-11-13 12:30:00,NSE:SHIL,103.8,104.65,103.0,103.35,54391.0
2020-11-13 12:45:00,NSE:SHIL,103.5,104.8,103.3,104.75,30798.0
2020-11-13 13:00:00,NSE:SHIL,104.6,107.4,104.6,107.3,223740.0
2020-11-13 13:15:00,NSE:SHIL,107.25,109.5,106.55,109.35,139135.0
2020-11-13 13:30:00,NSE:SHIL,109.6,110.4,106.1,106.6,100458.0
2020-11-13 13:45:00,NSE:SHIL,106.5,106.65,104.1,104.5,49148.0
2020-11-13 14:00:00,NSE:SHIL,104.7,105.9,104.3,105.7,24214.0
2020-11-13 14:15:00,NSE:SHIL,105.0,105.9,105.0,105.4,33193.0
2020-11-13 14:30:00,NSE:SHIL,105.3,107.45,105.0,107.25,20593.0
2020-11-13 14:45:00,NSE:SHIL,107.25,107.25,106.0,106.0,27309.0
2020-11-13 15:00:00,NSE:SHIL,106.1,106.5,106.0,106.1,36818.0
2020-11-13 15:15:00,NSE:SHIL,106.2,108.7,106.0,107.0,103359.0
2020-11-13 15:30:00,NSE:SHIL,107.3,107.3,106.8,106.8,3330.0
2020-11-14 18:00:00,NSE:SHIL,109.0,109.0,109.0,109.0,3582.0
2020-11-14 18:15:00,NSE:SHIL,108.15,111.5,106.8,111.05,155622.0
2020-11-14 18:30:00,NSE:SHIL,111.45,116.1,111.0,115.0,267831.0
2020-11-14 18:45:00,NSE:SHIL,115.0,119.5,115.0,115.25,209329.0
2020-11-14 19:00:00,NSE:SHIL,115.0,117.2,115.0,117.0,177614.0
2020-11-14 19:15:00,NSE:SHIL,115.9,115.9,115.9,115.9,10.0
2020-11-17 09:00:00,NSE:SHIL,117.6,117.6,117.6,117.6,5978.0
2020-11-17 09:15:00,NSE:SHIL,116.05,122.3,113.9,119.9,188233.0
2020-11-17 09:30:00,NSE:SHIL,120.0,120.0,117.55,118.25,56782.0
2020-11-17 09:45:00,NSE:SHIL,118.35,118.45,115.55,116.0,40043.0
2020-11-17 10:00:00,NSE:SHIL,116.0,118.65,115.7,118.6,30280.0
2020-11-17 10:15:00,NSE:SHIL,118.6,119.85,117.8,119.8,141439.0
2020-11-17 10:30:00,NSE:SHIL,119.85,121.0,118.55,120.7,72535.0
2020-11-17 10:45:00,NSE:SHIL,121.0,121.65,118.2,119.9,32638.0
2020-11-17 11:00:00,NSE:SHIL,119.85,129.0,119.35,129.0,189695.0
2020-11-17 11:15:00,NSE:SHIL,128.55,134.8,127.55,129.75,364793.0
2020-11-17 11:30:00,NSE:SHIL,129.05,129.9,126.7,129.1,84003.0
2020-11-17 11:45:00,NSE:SHIL,129.1,129.5,122.1,123.6,91557.0
2020-11-17 12:00:00,NSE:SHIL,123.95,124.35,121.45,123.45,43474.0
2020-11-17 12:15:00,NSE:SHIL,123.45,126.0,123.45,125.45,53405.0
2020-11-17 12:30:00,NSE:SHIL,125.45,125.8,124.0,125.2,22682.0
2020-11-17 12:45:00,NSE:SHIL,125.0,126.85,125.0,125.95,21272.0
2020-11-17 13:00:00,NSE:SHIL,125.35,126.15,125.35,126.15,11527.0
2020-11-17 13:15:00,NSE:SHIL,125.7,126.75,125.4,125.95,24040.0
2020-11-17 13:30:00,NSE:SHIL,125.95,126.55,125.4,126.55,14241.0
2020-11-17 13:45:00,NSE:SHIL,126.75,126.9,126.0,126.85,9848.0
2020-11-17 14:00:00,NSE:SHIL,126.85,128.0,126.85,127.2,19075.0
2020-11-17 14:15:00,NSE:SHIL,127.5,127.5,126.0,126.5,15085.0
2020-11-17 14:30:00,NSE:SHIL,126.5,126.9,123.9,123.9,11438.0
2020-11-17 14:45:00,NSE:SHIL,123.95,126.15,123.8,125.85,18408.0
2020-11-17 15:00:00,NSE:SHIL,125.7,125.75,121.55,124.15,39929.0
2020-11-17 15:15:00,NSE:SHIL,124.1,125.9,123.5,125.5,54033.0
2020-11-17 15:30:00,NSE:SHIL,125.5,125.5,125.5,125.5,250.0
2020-11-17 15:45:00,NSE:SHIL,124.4,124.4,124.4,124.4,500.0
2020-11-18 09:00:00,NSE:SHIL,124.4,124.4,124.4,124.4,3608.0
2020-11-18 09:15:00,NSE:SHIL,124.0,124.0,118.2,121.95,75872.0
2020-11-18 09:30:00,NSE:SHIL,121.95,123.75,120.5,120.7,26021.0
2020-11-18 09:45:00,NSE:SHIL,120.75,121.7,119.6,121.25,26346.0
2020-11-18 10:00:00,NSE:SHIL,121.25,121.25,119.6,119.6,12765.0
2020-11-18 10:15:00,NSE:SHIL,119.65,120.45,118.2,118.6,19549.0
2020-11-18 10:30:00,NSE:SHIL,118.65,119.0,117.1,118.0,22014.0
2020-11-18 10:45:00,NSE:SHIL,118.15,118.25,117.0,117.85,16190.0
2020-11-18 11:00:00,NSE:SHIL,117.6,118.0,116.1,116.1,18327.0
2020-11-18 11:15:00,NSE:SHIL,115.55,116.2,115.0,116.0,20066.0
2020-11-18 11:30:00,NSE:SHIL,116.2,118.25,115.5,118.0,20175.0
2020-11-18 11:45:00,NSE:SHIL,118.0,120.0,117.6,118.55,23105.0
2020-11-18 12:00:00,NSE:SHIL,118.55,119.0,118.55,118.6,3727.0
2020-11-18 12:15:00,NSE:SHIL,119.0,119.0,118.1,118.25,3051.0
2020-11-18 12:30:00,NSE:SHIL,118.2,118.5,117.85,117.85,3395.0
2020-11-18 12:45:00,NSE:SHIL,117.8,118.55,117.1,118.55,5379.0
2020-11-18 13:00:00,NSE:SHIL,118.85,118.9,117.0,117.2,6814.0
2020-11-18 13:15:00,NSE:SHIL,117.3,118.9,117.2,118.15,5871.0
2020-11-18 13:30:00,NSE:SHIL,118.7,119.0,117.75,117.75,29171.0
2020-11-18 13:45:00,NSE:SHIL,118.1,119.95,118.0,119.0,4048.0
2020-11-18 14:00:00,NSE:SHIL,119.0,119.95,118.1,118.3,4919.0
2020-11-18 14:15:00,NSE:SHIL,118.35,119.0,118.35,118.35,13464.0
2020-11-18 14:30:00,NSE:SHIL,118.35,118.95,118.1,118.45,4148.0
2020-11-18 14:45:00,NSE:SHIL,118.45,118.75,118.3,118.5,2707.0
2020-11-18 15:00:00,NSE:SHIL,118.5,118.9,118.0,118.0,7318.0
2020-11-18 15:15:00,NSE:SHIL,118.1,119.75,117.1,118.3,42756.0
2020-11-18 15:30:00,NSE:SHIL,119.0,119.0,119.0,119.0,382.0
2020-11-19 09:00:00,NSE:SHIL,115.65,115.65,115.65,115.65,984.0
2020-11-19 09:15:00,NSE:SHIL,118.35,119.9,115.75,119.5,15231.0
2020-11-19 09:30:00,NSE:SHIL,119.5,123.5,118.05,121.9,24599.0
2020-11-19 09:45:00,NSE:SHIL,121.9,122.5,120.85,120.85,11344.0
2020-11-19 10:00:00,NSE:SHIL,121.5,121.8,118.1,119.75,17196.0
2020-11-19 10:15:00,NSE:SHIL,119.8,120.9,118.6,120.6,5035.0
2020-11-19 10:30:00,NSE:SHIL,120.65,121.0,120.05,120.2,1739.0
2020-11-19 10:45:00,NSE:SHIL,120.85,121.85,120.4,120.4,9753.0
2020-11-19 11:00:00,NSE:SHIL,120.3,121.7,120.15,120.15,7743.0
2020-11-19 11:15:00,NSE:SHIL,120.7,121.2,120.1,120.25,8532.0
2020-11-19 11:30:00,NSE:SHIL,120.25,120.5,120.25,120.25,1141.0
2020-11-19 11:45:00,NSE:SHIL,120.25,121.0,119.1,119.2,4404.0
2020-11-19 12:00:00,NSE:SHIL,119.5,119.65,119.45,119.45,1522.0
2020-11-19 12:15:00,NSE:SHIL,119.5,120.0,119.25,120.0,2766.0
2020-11-19 12:30:00,NSE:SHIL,119.95,120.0,119.2,119.95,3929.0
2020-11-19 12:45:00,NSE:SHIL,119.25,119.85,119.0,119.8,3430.0
2020-11-19 13:00:00,NSE:SHIL,119.7,119.7,118.0,118.0,6707.0
2020-11-19 13:15:00,NSE:SHIL,118.0,118.4,117.5,117.55,4432.0
2020-11-19 13:30:00,NSE:SHIL,117.95,118.0,117.0,117.1,9109.0
2020-11-19 13:45:00,NSE:SHIL,118.05,118.05,116.6,116.6,6295.0
2020-11-19 14:00:00,NSE:SHIL,116.85,116.85,116.1,116.1,8315.0
2020-11-19 14:15:00,NSE:SHIL,116.1,116.9,116.0,116.0,12150.0
2020-11-19 14:30:00,NSE:SHIL,116.2,117.0,116.0,116.9,15895.0
2020-11-19 14:45:00,NSE:SHIL,116.9,117.0,116.5,116.95,1492.0
2020-11-19 15:00:00,NSE:SHIL,116.95,117.0,116.55,116.8,1338.0
2020-11-19 15:15:00,NSE:SHIL,116.8,120.35,116.55,119.3,63555.0
2020-11-19 15:30:00,NSE:SHIL,119.3,119.3,119.3,119.3,125.0
2020-11-19 15:45:00,NSE:SHIL,118.9,118.9,118.9,118.9,30.0
2020-11-20 09:00:00,NSE:SHIL,120.0,120.0,120.0,120.0,490.0
2020-11-20 09:15:00,NSE:SHIL,120.0,122.85,120.0,121.7,13992.0
2020-11-20 09:30:00,NSE:SHIL,121.25,122.0,117.0,117.55,10813.0
2020-11-20 09:45:00,NSE:SHIL,120.9,120.9,118.55,119.25,5350.0
2020-11-20 10:00:00,NSE:SHIL,119.25,119.9,119.25,119.4,1864.0
2020-11-20 10:15:00,NSE:SHIL,119.45,119.5,118.6,118.65,1442.0
2020-11-20 10:30:00,NSE:SHIL,118.25,119.0,117.6,117.6,3346.0
2020-11-20 10:45:00,NSE:SHIL,118.0,118.0,117.6,117.6,7752.0
2020-11-20 11:00:00,NSE:SHIL,117.6,117.75,117.0,117.0,6207.0
2020-11-20 11:15:00,NSE:SHIL,117.1,117.65,117.0,117.25,2708.0
2020-11-20 11:30:00,NSE:SHIL,117.65,117.7,117.0,117.05,10552.0
2020-11-20 11:45:00,NSE:SHIL,117.05,117.7,117.0,117.2,3860.0
2020-11-20 12:00:00,NSE:SHIL,117.6,118.75,117.3,117.55,3735.0
2020-11-20 12:15:00,NSE:SHIL,117.5,117.9,117.15,117.15,2253.0
2020-11-20 12:30:00,NSE:SHIL,117.15,117.85,117.1,117.1,600.0
2020-11-20 12:45:00,NSE:SHIL,117.15,117.7,117.0,117.0,4493.0
2020-11-20 13:00:00,NSE:SHIL,117.5,118.8,117.0,117.5,4567.0
2020-11-20 13:15:00,NSE:SHIL,117.5,118.0,117.5,118.0,1593.0
2020-11-20 13:30:00,NSE:SHIL,118.4,118.5,118.0,118.0,3148.0
2020-11-20 13:45:00,NSE:SHIL,118.0,118.0,116.3,117.0,36703.0
2020-11-20 14:00:00,NSE:SHIL,117.5,117.95,116.25,117.3,30430.0
2020-11-20 14:15:00,NSE:SHIL,117.2,117.5,117.0,117.5,1135.0
2020-11-20 14:30:00,NSE:SHIL,117.45,117.5,117.0,117.5,3539.0
2020-11-20 14:45:00,NSE:SHIL,117.5,117.5,117.0,117.0,3781.0
2020-11-20 15:00:00,NSE:SHIL,117.35,117.35,117.0,117.2,7273.0
2020-11-20 15:15:00,NSE:SHIL,117.0,118.0,116.0,116.6,17817.0
2020-11-20 15:30:00,NSE:SHIL,117.2,117.2,117.2,117.2,100.0
2020-11-23 09:00:00,NSE:SHIL,117.9,117.9,117.9,117.9,204.0
2020-11-23 09:15:00,NSE:SHIL,117.9,121.0,117.9,119.9,6056.0
2020-11-23 09:30:00,NSE:SHIL,118.9,119.85,117.0,117.0,6388.0
2020-11-23 09:45:00,NSE:SHIL,116.6,117.3,115.65,117.3,15267.0
2020-11-23 10:00:00,NSE:SHIL,116.5,117.0,114.15,115.9,11514.0
2020-11-23 10:15:00,NSE:SHIL,115.1,115.8,114.65,114.65,5925.0
2020-11-23 10:30:00,NSE:SHIL,114.65,115.5,111.95,112.0,12433.0
2020-11-23 10:45:00,NSE:SHIL,112.1,113.2,112.0,112.6,4955.0
2020-11-23 11:00:00,NSE:SHIL,112.6,114.0,108.3,113.0,21951.0
2020-11-23 11:15:00,NSE:SHIL,112.8,114.4,112.55,113.3,5087.0
2020-11-23 11:30:00,NSE:SHIL,113.5,115.0,113.5,114.05,9884.0
2020-11-23 11:45:00,NSE:SHIL,114.0,114.85,114.0,114.15,1516.0
2020-11-23 12:00:00,NSE:SHIL,113.8,114.0,113.05,114.0,1614.0
2020-11-23 12:15:00,NSE:SHIL,114.0,114.0,111.1,112.95,9507.0
2020-11-23 12:30:00,NSE:SHIL,112.1,112.95,111.3,112.2,1236.0
2020-11-23 12:45:00,NSE:SHIL,112.5,112.5,111.0,111.05,11030.0
2020-11-23 13:00:00,NSE:SHIL,111.05,112.4,111.05,112.3,1716.0
2020-11-23 13:15:00,NSE:SHIL,111.7,112.0,111.7,112.0,275.0
2020-11-23 13:30:00,NSE:SHIL,112.0,112.5,111.55,112.45,3465.0
2020-11-23 13:45:00,NSE:SHIL,111.55,112.5,111.05,111.5,7997.0
2020-11-23 14:00:00,NSE:SHIL,111.65,112.5,111.5,111.95,6884.0
2020-11-23 14:15:00,NSE:SHIL,111.75,111.95,111.2,111.25,2313.0
2020-11-23 14:30:00,NSE:SHIL,111.25,111.25,111.1,111.25,5888.0
2020-11-23 14:45:00,NSE:SHIL,111.7,112.4,111.25,112.05,3308.0
2020-11-23 15:00:00,NSE:SHIL,112.45,113.75,112.0,112.05,5562.0
2020-11-23 15:15:00,NSE:SHIL,112.0,117.5,111.1,116.9,58443.0
2020-11-24 09:00:00,NSE:SHIL,117.1,117.1,117.1,117.1,16.0
2020-11-24 09:15:00,NSE:SHIL,117.1,117.1,111.95,113.3,17932.0
2020-11-24 09:30:00,NSE:SHIL,114.0,114.0,112.7,113.3,8000.0
2020-11-24 09:45:00,NSE:SHIL,113.3,114.0,113.3,113.35,3392.0
2020-11-24 10:00:00,NSE:SHIL,113.35,113.5,112.0,112.0,8820.0
2020-11-24 10:15:00,NSE:SHIL,112.0,113.2,111.5,113.2,10473.0
2020-11-24 10:30:00,NSE:SHIL,112.75,113.5,112.1,112.1,6250.0
2020-11-24 10:45:00,NSE:SHIL,112.2,113.0,112.2,112.45,1921.0
2020-11-24 11:00:00,NSE:SHIL,112.3,113.2,111.25,111.55,17858.0
2020-11-24 11:15:00,NSE:SHIL,111.95,111.95,111.5,111.55,6740.0
2020-11-24 11:30:00,NSE:SHIL,111.85,111.9,111.5,111.5,1474.0
2020-11-24 11:45:00,NSE:SHIL,111.9,112.0,111.25,111.25,6804.0
2020-11-24 12:00:00,NSE:SHIL,111.25,111.25,110.0,110.5,12187.0
2020-11-24 12:15:00,NSE:SHIL,111.0,111.4,110.5,111.0,6920.0
2020-11-24 12:30:00,NSE:SHIL,111.0,111.05,110.0,110.75,21113.0
2020-11-24 12:45:00,NSE:SHIL,110.9,111.85,110.45,111.0,5741.0
2020-11-24 13:00:00,NSE:SHIL,111.05,111.4,110.5,111.0,6863.0
2020-11-24 13:15:00,NSE:SHIL,111.0,111.4,110.45,110.45,3733.0
2020-11-24 13:30:00,NSE:SHIL,110.45,110.9,110.0,110.9,10516.0
2020-11-24 13:45:00,NSE:SHIL,110.9,111.45,110.35,111.45,3923.0
2020-11-24 14:00:00,NSE:SHIL,110.6,111.0,110.5,110.5,912.0
2020-11-24 14:15:00,NSE:SHIL,111.05,112.45,110.55,111.25,6956.0
2020-11-24 14:30:00,NSE:SHIL,112.0,112.1,111.25,111.25,2517.0
2020-11-24 14:45:00,NSE:SHIL,112.0,112.1,111.05,112.0,7563.0
2020-11-24 15:00:00,NSE:SHIL,112.3,113.4,111.25,111.55,31331.0
2020-11-24 15:15:00,NSE:SHIL,111.55,111.55,110.0,110.3,30180.0
2020-11-25 09:00:00,NSE:SHIL,110.5,110.5,110.5,110.5,140.0
2020-11-25 09:15:00,NSE:SHIL,110.5,111.95,110.15,111.0,5641.0
2020-11-25 09:30:00,NSE:SHIL,110.7,111.45,110.5,111.45,4447.0
2020-11-25 09:45:00,NSE:SHIL,110.55,111.45,110.0,111.4,9103.0
2020-11-25 10:00:00,NSE:SHIL,110.6,111.25,110.1,110.3,6283.0
2020-11-25 10:15:00,NSE:SHIL,110.3,111.05,110.0,110.0,7916.0
2020-11-25 10:30:00,NSE:SHIL,110.0,110.05,109.5,109.55,9275.0
2020-11-25 10:45:00,NSE:SHIL,109.85,109.85,108.0,108.5,20794.0
2020-11-25 11:00:00,NSE:SHIL,108.75,110.5,108.75,109.15,13315.0
2020-11-25 11:15:00,NSE:SHIL,109.0,109.45,109.0,109.05,10154.0
2020-11-25 11:30:00,NSE:SHIL,109.4,109.45,109.05,109.05,6072.0
2020-11-25 11:45:00,NSE:SHIL,109.7,110.5,109.0,109.0,3971.0
2020-11-25 12:00:00,NSE:SHIL,108.65,109.8,108.65,108.65,3231.0
2020-11-25 12:15:00,NSE:SHIL,108.8,109.0,108.65,108.65,2128.0
2020-11-25 12:30:00,NSE:SHIL,109.0,109.0,108.7,108.85,668.0
2020-11-25 12:45:00,NSE:SHIL,108.65,108.95,108.6,108.95,2012.0
2020-11-25 13:00:00,NSE:SHIL,108.95,108.95,108.75,108.75,1240.0
2020-11-25 13:15:00,NSE:SHIL,108.65,109.0,108.6,108.8,1369.0
2020-11-25 13:30:00,NSE:SHIL,108.8,109.0,108.75,108.95,8973.0
2020-11-25 13:45:00,NSE:SHIL,108.75,109.15,108.75,109.15,17591.0
2020-11-25 14:00:00,NSE:SHIL,109.0,109.15,108.5,109.0,11279.0
2020-11-25 14:15:00,NSE:SHIL,108.05,109.75,108.05,109.05,8381.0
2020-11-25 14:30:00,NSE:SHIL,109.05,109.65,109.05,109.05,1329.0
2020-11-25 14:45:00,NSE:SHIL,109.55,111.0,109.0,110.3,20559.0
2020-11-25 15:00:00,NSE:SHIL,110.3,110.9,109.15,110.25,38581.0
2020-11-25 15:15:00,NSE:SHIL,110.1,110.5,109.0,109.0,34777.0
2020-11-26 09:00:00,NSE:SHIL,111.0,111.0,111.0,111.0,347.0
2020-11-26 09:15:00,NSE:SHIL,111.0,118.9,111.0,117.0,65489.0
2020-11-26 09:30:00,NSE:SHIL,117.0,119.75,115.8,115.95,61809.0
2020-11-26 09:45:00,NSE:SHIL,115.75,117.25,115.5,116.15,10456.0
2020-11-26 10:00:00,NSE:SHIL,116.15,119.0,115.65,118.0,37724.0
2020-11-26 10:15:00,NSE:SHIL,117.75,118.0,116.2,116.25,11016.0
2020-11-26 10:30:00,NSE:SHIL,116.5,116.5,115.0,115.95,17161.0
2020-11-26 10:45:00,NSE:SHIL,116.05,116.5,115.7,116.25,7882.0
2020-11-26 11:00:00,NSE:SHIL,116.45,117.0,116.0,116.85,9586.0
2020-11-26 11:15:00,NSE:SHIL,117.0,117.1,116.5,116.7,4235.0
2020-11-26 11:30:00,NSE:SHIL,116.75,117.05,116.6,116.65,5972.0
2020-11-26 11:45:00,NSE:SHIL,116.65,117.0,116.6,116.65,2393.0
2020-11-26 12:00:00,NSE:SHIL,116.65,117.0,116.65,116.7,17715.0
2020-11-26 12:15:00,NSE:SHIL,117.1,117.1,115.35,116.0,29545.0
2020-11-26 12:30:00,NSE:SHIL,116.1,116.6,115.9,116.05,2093.0
2020-11-26 12:45:00,NSE:SHIL,116.5,117.0,116.0,116.7,8721.0
2020-11-26 13:00:00,NSE:SHIL,117.0,117.0,116.5,116.6,3122.0
2020-11-26 13:15:00,NSE:SHIL,116.8,117.0,116.6,116.6,5345.0
2020-11-26 13:30:00,NSE:SHIL,116.6,116.65,116.55,116.55,242.0
2020-11-26 13:45:00,NSE:SHIL,116.5,116.5,116.15,116.2,783.0
2020-11-26 14:00:00,NSE:SHIL,116.05,117.0,116.05,116.5,5880.0
2020-11-26 14:15:00,NSE:SHIL,116.25,116.95,116.1,116.95,2528.0
2020-11-26 14:30:00,NSE:SHIL,117.0,117.1,116.3,116.5,4708.0
2020-11-26 14:45:00,NSE:SHIL,116.45,116.75,116.3,116.3,1986.0
2020-11-26 15:00:00,NSE:SHIL,116.55,118.5,116.25,117.9,80664.0
2020-11-26 15:15:00,NSE:SHIL,118.15,118.75,116.75,118.4,36827.0
2020-11-26 15:30:00,NSE:SHIL,118.4,118.4,117.5,117.5,30.0
2020-11-27 09:00:00,NSE:SHIL,118.4,118.4,118.4,118.4,213.0
2020-11-27 09:15:00,NSE:SHIL,118.4,120.05,115.45,116.4,16627.0
2020-11-27 09:30:00,NSE:SHIL,117.2,117.9,116.55,116.6,5195.0
2020-11-27 09:45:00,NSE:SHIL,116.8,117.55,116.5,116.9,6625.0
2020-11-27 10:00:00,NSE:SHIL,117.0,117.05,116.5,116.5,8892.0
2020-11-27 10:15:00,NSE:SHIL,116.5,117.0,115.75,116.0,20720.0
2020-11-27 10:30:00,NSE:SHIL,116.3,116.45,115.75,115.8,4426.0
2020-11-27 10:45:00,NSE:SHIL,115.8,116.05,115.75,115.75,515.0
2020-11-27 11:00:00,NSE:SHIL,115.85,116.3,115.75,116.25,3116.0
2020-11-27 11:15:00,NSE:SHIL,116.25,116.5,115.85,116.0,4124.0
2020-11-27 11:30:00,NSE:SHIL,116.0,116.7,115.85,116.2,9598.0
2020-11-27 11:45:00,NSE:SHIL,116.15,117.0,116.0,116.55,14691.0
2020-11-27 12:00:00,NSE:SHIL,116.6,117.05,116.5,117.0,26138.0
2020-11-27 12:15:00,NSE:SHIL,117.05,117.05,116.75,117.0,21080.0
2020-11-27 12:30:00,NSE:SHIL,116.8,116.85,116.0,116.0,7169.0
2020-11-27 12:45:00,NSE:SHIL,116.05,116.75,116.0,116.15,4077.0
2020-11-27 13:00:00,NSE:SHIL,116.1,116.35,116.05,116.2,456.0
2020-11-27 13:15:00,NSE:SHIL,116.1,116.35,115.75,115.75,5203.0
2020-11-27 13:30:00,NSE:SHIL,116.15,116.15,115.75,115.8,656.0
2020-11-27 13:45:00,NSE:SHIL,115.8,116.15,115.5,115.55,3834.0
2020-11-27 14:00:00,NSE:SHIL,115.55,115.95,115.35,115.35,2410.0
2020-11-27 14:15:00,NSE:SHIL,115.5,115.5,115.3,115.3,795.0
2020-11-27 14:30:00,NSE:SHIL,115.5,115.55,115.2,115.4,2063.0
2020-11-27 14:45:00,NSE:SHIL,115.5,115.55,112.2,114.5,16967.0
2020-11-27 15:00:00,NSE:SHIL,115.0,117.35,115.0,116.95,87567.0
2020-11-27 15:15:00,NSE:SHIL,117.0,117.3,115.15,115.3,58655.0
2020-11-27 15:45:00,NSE:SHIL,116.65,116.65,116.65,116.65,8.0
2020-12-01 09:00:00,NSE:SHIL,117.4,117.4,117.4,117.4,161.0
2020-12-01 09:15:00,NSE:SHIL,117.4,117.4,112.0,114.25,25645.0
2020-12-01 09:30:00,NSE:SHIL,114.4,116.9,114.3,115.3,8813.0
2020-12-01 09:45:00,NSE:SHIL,115.95,116.4,113.5,113.5,16309.0
2020-12-01 10:00:00,NSE:SHIL,113.8,114.95,112.65,113.0,13870.0
2020-12-01 10:15:00,NSE:SHIL,114.2,114.95,113.3,114.95,5254.0
2020-12-01 10:30:00,NSE:SHIL,114.9,114.9,113.1,113.85,6292.0
2020-12-01 10:45:00,NSE:SHIL,113.8,115.55,113.1,115.05,18126.0
2020-12-01 11:00:00,NSE:SHIL,115.05,116.0,115.0,115.0,8619.0
2020-12-01 11:15:00,NSE:SHIL,115.05,115.75,115.0,115.6,3948.0
2020-12-01 11:30:00,NSE:SHIL,115.9,116.3,115.5,115.8,5057.0
2020-12-01 11:45:00,NSE:SHIL,115.75,116.3,115.0,116.0,6055.0
2020-12-01 12:00:00,NSE:SHIL,116.0,120.0,116.0,119.75,24261.0
2020-12-01 12:15:00,NSE:SHIL,120.05,123.65,120.0,123.4,83541.0
2020-12-01 12:30:00,NSE:SHIL,123.65,125.7,123.25,124.05,59176.0
2020-12-01 12:45:00,NSE:SHIL,124.05,124.05,123.1,123.1,15919.0
2020-12-01 13:00:00,NSE:SHIL,123.15,123.35,121.25,121.6,10731.0
2020-12-01 13:15:00,NSE:SHIL,121.6,123.0,121.3,122.7,17212.0
2020-12-01 13:30:00,NSE:SHIL,122.95,123.15,121.85,122.1,10431.0
2020-12-01 13:45:00,NSE:SHIL,122.0,123.85,121.7,123.0,28035.0
2020-12-01 14:00:00,NSE:SHIL,123.05,123.75,122.45,122.9,20594.0
2020-12-01 14:15:00,NSE:SHIL,122.8,123.0,122.5,122.9,4615.0
2020-12-01 14:30:00,NSE:SHIL,123.0,123.2,122.3,122.3,7234.0
2020-12-01 14:45:00,NSE:SHIL,122.3,123.0,122.15,122.65,3115.0
2020-12-01 15:00:00,NSE:SHIL,122.65,123.15,121.55,122.65,22525.0
2020-12-01 15:15:00,NSE:SHIL,122.65,123.0,121.7,122.1,23988.0
2020-12-01 15:30:00,NSE:SHIL,122.65,122.65,122.65,122.65,28.0
2020-12-02 09:00:00,NSE:SHIL,124.4,124.4,124.4,124.4,1220.0
2020-12-02 09:15:00,NSE:SHIL,124.35,124.75,121.65,122.45,11993.0
2020-12-02 09:30:00,NSE:SHIL,121.0,124.75,120.75,124.75,17068.0
2020-12-02 09:45:00,NSE:SHIL,124.95,126.8,124.0,124.0,28275.0
2020-12-02 10:00:00,NSE:SHIL,124.05,125.1,123.5,125.1,15445.0
2020-12-02 10:15:00,NSE:SHIL,124.8,124.8,121.5,121.5,8079.0
2020-12-02 10:30:00,NSE:SHIL,120.6,122.5,120.0,122.0,17889.0
2020-12-02 10:45:00,NSE:SHIL,122.0,122.45,122.0,122.45,8513.0
2020-12-02 11:00:00,NSE:SHIL,122.4,122.4,122.0,122.25,3534.0
2020-12-02 11:15:00,NSE:SHIL,122.25,122.45,122.0,122.2,5045.0
2020-12-02 11:30:00,NSE:SHIL,122.5,122.5,122.0,122.1,2492.0
2020-12-02 11:45:00,NSE:SHIL,122.5,122.5,122.15,122.35,494.0
2020-12-02 12:00:00,NSE:SHIL,122.35,124.3,122.35,124.25,13669.0
2020-12-02 12:15:00,NSE:SHIL,124.25,124.7,124.0,124.15,5390.0
2020-12-02 12:30:00,NSE:SHIL,124.0,124.0,123.5,123.55,6097.0
2020-12-02 12:45:00,NSE:SHIL,123.5,124.45,123.5,124.0,8421.0
2020-12-02 13:00:00,NSE:SHIL,124.0,124.0,123.5,123.65,9487.0
2020-12-02 13:15:00,NSE:SHIL,123.5,123.75,122.95,123.45,7227.0
2020-12-02 13:30:00,NSE:SHIL,123.25,123.25,122.65,122.65,3864.0
2020-12-02 13:45:00,NSE:SHIL,123.0,123.45,123.0,123.0,4975.0
2020-12-02 14:00:00,NSE:SHIL,123.0,123.15,122.5,122.65,5670.0
2020-12-02 14:15:00,NSE:SHIL,122.75,122.95,122.5,122.65,4811.0
2020-12-02 14:30:00,NSE:SHIL,122.65,122.95,122.6,122.8,1817.0
2020-12-02 14:45:00,NSE:SHIL,122.9,122.95,122.5,122.55,3633.0
2020-12-02 15:00:00,NSE:SHIL,122.9,124.8,122.6,124.0,11014.0
2020-12-02 15:15:00,NSE:SHIL,124.0,124.0,123.25,123.25,9001.0
2020-12-02 15:30:00,NSE:SHIL,123.7,123.7,123.7,123.7,100.0
2020-12-03 09:00:00,NSE:SHIL,124.45,124.45,124.45,124.45,1.0
2020-12-03 09:15:00,NSE:SHIL,124.45,124.85,123.7,123.75,8911.0
2020-12-03 09:30:00,NSE:SHIL,123.95,124.65,123.95,124.5,2837.0
2020-12-03 09:45:00,NSE:SHIL,124.25,125.9,123.6,124.85,11744.0
2020-12-03 10:00:00,NSE:SHIL,124.9,127.0,124.9,127.0,23368.0
2020-12-03 10:15:00,NSE:SHIL,127.1,128.35,126.8,127.2,30489.0
2020-12-03 10:30:00,NSE:SHIL,126.95,128.4,126.8,127.25,7155.0
2020-12-03 10:45:00,NSE:SHIL,127.2,127.35,126.8,127.0,10326.0
2020-12-03 11:00:00,NSE:SHIL,126.8,127.0,126.8,127.0,562.0
2020-12-03 11:15:00,NSE:SHIL,127.1,127.15,125.7,125.8,3861.0
2020-12-03 11:30:00,NSE:SHIL,126.0,126.25,126.0,126.25,2261.0
2020-12-03 11:45:00,NSE:SHIL,126.5,127.5,124.95,124.95,7692.0
2020-12-03 12:00:00,NSE:SHIL,125.5,125.9,125.3,125.3,2142.0
2020-12-03 12:15:00,NSE:SHIL,125.35,125.6,125.05,125.15,2894.0
2020-12-03 12:30:00,NSE:SHIL,125.05,125.7,125.05,125.35,2765.0
2020-12-03 12:45:00,NSE:SHIL,125.6,125.7,125.1,125.1,626.0
2020-12-03 13:00:00,NSE:SHIL,125.15,125.5,125.15,125.45,1051.0
2020-12-03 13:15:00,NSE:SHIL,125.2,125.45,125.05,125.15,1918.0
2020-12-03 13:30:00,NSE:SHIL,125.25,125.6,125.05,125.3,739.0
2020-12-03 13:45:00,NSE:SHIL,125.55,126.9,124.6,126.25,49127.0
2020-12-03 14:00:00,NSE:SHIL,126.0,127.85,125.5,126.75,40807.0
2020-12-03 14:15:00,NSE:SHIL,126.75,126.9,124.75,125.65,30031.0
2020-12-03 14:30:00,NSE:SHIL,125.55,125.75,124.8,124.8,3656.0
2020-12-03 14:45:00,NSE:SHIL,125.2,125.8,125.2,125.65,3222.0
2020-12-03 15:00:00,NSE:SHIL,125.5,127.05,124.6,125.5,46387.0
2020-12-03 15:15:00,NSE:SHIL,125.5,126.4,125.0,125.1,9761.0
2020-12-03 15:30:00,NSE:SHIL,125.7,125.7,125.7,125.7,1.0
2020-12-04 09:00:00,NSE:SHIL,126.7,126.7,126.7,126.7,500.0
2020-12-04 09:15:00,NSE:SHIL,126.7,128.35,126.3,127.85,13325.0
2020-12-04 09:30:00,NSE:SHIL,127.7,128.4,127.65,127.7,4541.0
2020-12-04 09:45:00,NSE:SHIL,127.85,127.95,127.05,127.05,10913.0
2020-12-04 10:00:00,NSE:SHIL,127.05,127.8,126.75,127.15,7446.0
2020-12-04 10:15:00,NSE:SHIL,127.15,130.4,127.1,129.45,42633.0
2020-12-04 10:30:00,NSE:SHIL,129.45,132.8,128.1,132.0,45369.0
2020-12-04 10:45:00,NSE:SHIL,132.0,133.0,130.1,131.0,20772.0
2020-12-04 11:00:00,NSE:SHIL,131.0,132.25,130.55,131.5,12980.0
2020-12-04 11:15:00,NSE:SHIL,131.0,133.55,130.0,130.05,18772.0
2020-12-04 11:30:00,NSE:SHIL,130.05,131.35,125.1,128.5,33169.0
2020-12-04 11:45:00,NSE:SHIL,128.25,129.0,128.25,128.75,15155.0
2020-12-04 12:00:00,NSE:SHIL,128.95,128.95,127.5,127.65,15520.0
2020-12-04 12:15:00,NSE:SHIL,127.7,127.7,126.0,127.15,11444.0
2020-12-04 12:30:00,NSE:SHIL,127.0,127.5,127.0,127.0,3366.0
2020-12-04 12:45:00,NSE:SHIL,126.5,127.8,126.0,126.1,11543.0
2020-12-04 13:00:00,NSE:SHIL,126.85,127.0,126.1,126.5,3078.0
2020-12-04 13:15:00,NSE:SHIL,126.5,126.5,126.1,126.45,8309.0
2020-12-04 13:30:00,NSE:SHIL,126.45,126.75,126.0,126.5,3410.0
2020-12-04 13:45:00,NSE:SHIL,126.5,126.75,126.25,126.3,2770.0
2020-12-04 14:00:00,NSE:SHIL,126.4,126.4,125.1,125.2,19101.0
2020-12-04 14:15:00,NSE:SHIL,125.0,125.6,124.55,125.6,11520.0
2020-12-04 14:30:00,NSE:SHIL,125.85,126.6,125.25,126.6,5773.0
2020-12-04 14:45:00,NSE:SHIL,126.25,126.5,126.25,126.5,3200.0
2020-12-04 15:00:00,NSE:SHIL,126.5,126.5,125.2,126.0,8297.0
2020-12-04 15:15:00,NSE:SHIL,126.0,126.0,125.1,125.85,11900.0
2020-12-04 15:30:00,NSE:SHIL,125.7,125.7,125.7,125.7,50.0
2020-12-07 09:00:00,NSE:SHIL,125.7,125.7,125.7,125.7,74.0
2020-12-07 09:15:00,NSE:SHIL,126.45,130.65,124.5,130.3,26125.0
2020-12-07 09:30:00,NSE:SHIL,130.0,131.0,128.9,130.4,28290.0
2020-12-07 09:45:00,NSE:SHIL,130.8,132.0,130.4,131.7,13879.0
2020-12-07 10:00:00,NSE:SHIL,130.9,132.45,130.65,132.0,29481.0
2020-12-07 10:15:00,NSE:SHIL,132.0,133.9,131.35,132.5,35925.0
2020-12-07 10:30:00,NSE:SHIL,132.5,134.45,132.1,134.0,26119.0
2020-12-07 10:45:00,NSE:SHIL,134.05,134.1,132.55,133.2,8722.0
2020-12-07 11:00:00,NSE:SHIL,134.0,134.0,132.55,132.6,16829.0
2020-12-07 11:15:00,NSE:SHIL,132.6,134.0,132.6,133.0,8907.0
2020-12-07 11:30:00,NSE:SHIL,133.0,134.7,133.0,133.5,10739.0
2020-12-07 11:45:00,NSE:SHIL,134.5,137.0,133.65,136.8,38254.0
2020-12-07 12:00:00,NSE:SHIL,136.8,136.8,135.55,135.6,6960.0
2020-12-07 12:15:00,NSE:SHIL,135.6,136.5,135.6,136.5,4001.0
2020-12-07 12:30:00,NSE:SHIL,136.0,136.8,135.15,136.5,6083.0
2020-12-07 12:45:00,NSE:SHIL,136.5,138.25,136.5,138.25,71323.0
2020-12-07 13:00:00,NSE:SHIL,138.25,138.25,138.25,138.25,1363.0
2020-12-07 13:15:00,NSE:SHIL,138.25,138.25,138.25,138.25,536.0
2020-12-07 13:30:00,NSE:SHIL,138.25,138.25,138.25,138.25,98.0
2020-12-07 13:45:00,NSE:SHIL,138.25,138.25,138.25,138.25,860.0
2020-12-07 14:00:00,NSE:SHIL,138.25,138.25,138.25,138.25,16597.0
2020-12-07 14:15:00,NSE:SHIL,138.25,138.25,138.25,138.25,449.0
2020-12-07 14:30:00,NSE:SHIL,138.25,138.25,138.25,138.25,11050.0
2020-12-07 14:45:00,NSE:SHIL,138.25,138.25,138.25,138.25,2689.0
2020-12-07 15:00:00,NSE:SHIL,138.25,138.25,138.25,138.25,179.0
2020-12-07 15:15:00,NSE:SHIL,138.25,138.25,138.25,138.25,798.0
2020-12-07 15:45:00,NSE:SHIL,138.25,138.25,138.25,138.25,11.0
2020-12-08 09:00:00,NSE:SHIL,148.95,148.95,148.95,148.95,10118.0
2020-12-08 09:15:00,NSE:SHIL,147.9,147.9,140.0,142.0,48586.0
2020-12-08 09:30:00,NSE:SHIL,142.05,143.75,142.05,143.65,27898.0
2020-12-08 09:45:00,NSE:SHIL,143.7,143.9,142.5,143.9,12158.0
2020-12-08 10:00:00,NSE:SHIL,144.0,147.0,143.75,146.3,28057.0
2020-12-08 10:15:00,NSE:SHIL,145.85,146.4,140.0,140.4,21860.0
2020-12-08 10:30:00,NSE:SHIL,140.5,141.7,140.5,140.55,11835.0
2020-12-08 10:45:00,NSE:SHIL,140.8,140.95,138.8,139.0,32878.0
2020-12-08 11:00:00,NSE:SHIL,139.0,139.45,131.0,132.0,36173.0
2020-12-08 11:15:00,NSE:SHIL,130.0,133.15,129.1,132.0,29959.0
2020-12-08 11:30:00,NSE:SHIL,132.0,134.9,128.55,133.35,19964.0
2020-12-08 11:45:00,NSE:SHIL,133.2,134.95,132.45,134.5,9034.0
2020-12-08 12:00:00,NSE:SHIL,134.3,134.95,133.05,134.25,2584.0
2020-12-08 12:15:00,NSE:SHIL,134.8,135.95,133.15,135.95,7245.0
2020-12-08 12:30:00,NSE:SHIL,135.95,137.9,135.95,137.9,11570.0
2020-12-08 12:45:00,NSE:SHIL,137.9,138.7,137.0,137.9,15238.0
2020-12-08 13:00:00,NSE:SHIL,138.0,138.0,137.0,137.25,4124.0
2020-12-08 13:15:00,NSE:SHIL,137.0,138.6,136.5,138.5,17875.0
2020-12-08 13:30:00,NSE:SHIL,138.5,139.0,138.25,138.95,12701.0
2020-12-08 13:45:00,NSE:SHIL,138.8,146.95,138.8,145.35,52302.0
2020-12-08 14:00:00,NSE:SHIL,145.35,145.4,143.5,143.5,14699.0
2020-12-08 14:15:00,NSE:SHIL,143.55,144.0,142.2,142.5,4298.0
2020-12-08 14:30:00,NSE:SHIL,142.4,144.95,142.35,144.4,8075.0
2020-12-08 14:45:00,NSE:SHIL,143.7,144.3,142.6,142.6,1977.0
2020-12-08 15:00:00,NSE:SHIL,142.7,144.35,142.35,143.5,12041.0
2020-12-08 15:15:00,NSE:SHIL,143.5,144.0,142.2,142.7,17048.0
2020-12-08 15:30:00,NSE:SHIL,143.35,143.35,142.7,143.35,1025.0
2020-12-08 15:45:00,NSE:SHIL,143.35,143.35,143.35,143.35,600.0
2020-12-09 09:00:00,NSE:SHIL,144.7,144.7,144.7,144.7,346.0
2020-12-09 09:15:00,NSE:SHIL,144.0,149.0,142.7,144.5,18780.0
2020-12-09 09:30:00,NSE:SHIL,144.5,144.9,143.05,143.95,12698.0
2020-12-09 09:45:00,NSE:SHIL,143.75,144.2,142.8,143.45,4535.0
2020-12-09 10:00:00,NSE:SHIL,143.55,145.0,143.45,145.0,14242.0
2020-12-09 10:15:00,NSE:SHIL,145.0,145.0,142.8,142.8,2374.0
2020-12-09 10:30:00,NSE:SHIL,142.75,145.0,142.4,143.6,1743.0
2020-12-09 10:45:00,NSE:SHIL,143.55,145.9,143.55,144.9,2502.0
2020-12-09 11:00:00,NSE:SHIL,145.0,145.85,144.0,145.6,2190.0
2020-12-09 11:15:00,NSE:SHIL,145.0,145.0,142.7,144.0,12001.0
2020-12-09 11:30:00,NSE:SHIL,143.15,143.8,142.65,142.65,4803.0
2020-12-09 11:45:00,NSE:SHIL,142.95,143.0,141.15,141.85,14586.0
2020-12-09 12:00:00,NSE:SHIL,141.85,141.85,140.2,140.5,11049.0
2020-12-09 12:15:00,NSE:SHIL,140.5,140.5,140.15,140.45,3326.0
2020-12-09 12:30:00,NSE:SHIL,140.15,140.45,140.1,140.1,4142.0
2020-12-09 12:45:00,NSE:SHIL,140.3,140.45,140.0,140.1,3179.0
2020-12-09 13:00:00,NSE:SHIL,140.0,140.1,138.15,139.0,8846.0
2020-12-09 13:15:00,NSE:SHIL,139.0,140.05,138.2,140.05,11142.0
2020-12-09 13:30:00,NSE:SHIL,140.0,140.0,139.1,140.0,432.0
2020-12-09 13:45:00,NSE:SHIL,139.95,141.1,139.0,140.0,7233.0
2020-12-09 14:00:00,NSE:SHIL,139.0,139.0,138.0,138.2,7757.0
2020-12-09 14:15:00,NSE:SHIL,138.2,139.7,138.2,139.6,15648.0
2020-12-09 14:30:00,NSE:SHIL,139.0,140.0,138.5,139.55,5086.0
2020-12-09 14:45:00,NSE:SHIL,139.2,139.6,138.25,138.5,9224.0
2020-12-09 15:00:00,NSE:SHIL,139.0,142.6,139.0,141.0,17969.0
2020-12-09 15:15:00,NSE:SHIL,141.0,142.0,141.0,142.0,18174.0
2020-12-10 09:00:00,NSE:SHIL,141.0,141.0,141.0,141.0,611.0
2020-12-10 09:15:00,NSE:SHIL,141.0,141.0,135.0,135.4,11046.0
2020-12-10 09:30:00,NSE:SHIL,135.65,136.75,133.1,134.95,11837.0
2020-12-10 09:45:00,NSE:SHIL,134.9,135.5,132.5,135.0,12472.0
2020-12-10 10:00:00,NSE:SHIL,135.0,135.3,134.0,134.9,6632.0
2020-12-10 10:15:00,NSE:SHIL,134.5,140.0,134.5,136.95,8939.0
2020-12-10 10:30:00,NSE:SHIL,137.0,137.0,134.5,135.4,10943.0
2020-12-10 10:45:00,NSE:SHIL,133.65,136.0,133.65,135.9,13496.0
2020-12-10 11:00:00,NSE:SHIL,135.9,137.9,135.0,135.15,13976.0
2020-12-10 11:15:00,NSE:SHIL,135.55,137.3,135.55,137.3,647.0
2020-12-10 11:30:00,NSE:SHIL,137.5,137.5,137.5,137.5,1489.0
2020-12-10 11:45:00,NSE:SHIL,135.7,137.0,135.45,135.45,4203.0
2020-12-10 12:00:00,NSE:SHIL,136.8,136.8,135.65,136.05,4940.0
2020-12-10 12:15:00,NSE:SHIL,136.0,136.45,136.0,136.45,3932.0
2020-12-10 12:30:00,NSE:SHIL,136.05,136.5,136.05,136.05,5054.0
2020-12-10 12:45:00,NSE:SHIL,136.05,136.45,136.05,136.05,2694.0
2020-12-10 13:00:00,NSE:SHIL,136.45,136.45,136.05,136.45,2939.0
2020-12-10 13:15:00,NSE:SHIL,136.1,136.5,136.05,136.05,4320.0
2020-12-10 13:30:00,NSE:SHIL,136.05,137.5,136.0,137.5,7512.0
2020-12-10 13:45:00,NSE:SHIL,136.0,136.05,136.0,136.05,3021.0
2020-12-10 14:00:00,NSE:SHIL,136.05,136.7,136.05,136.65,5423.0
2020-12-10 14:15:00,NSE:SHIL,136.0,136.4,136.0,136.4,5507.0
2020-12-10 14:30:00,NSE:SHIL,136.4,137.9,136.25,136.25,8291.0
2020-12-10 14:45:00,NSE:SHIL,136.3,137.85,136.3,136.55,7430.0
2020-12-10 15:00:00,NSE:SHIL,137.45,137.85,136.5,137.0,8642.0
2020-12-10 15:15:00,NSE:SHIL,137.05,148.0,136.8,141.45,24477.0
2020-12-10 15:45:00,NSE:SHIL,142.65,142.65,142.65,142.65,662.0
2020-12-11 09:00:00,NSE:SHIL,146.7,146.7,146.7,146.7,50.0
2020-12-11 09:15:00,NSE:SHIL,146.0,149.4,144.0,148.0,68071.0
2020-12-11 09:30:00,NSE:SHIL,148.0,148.45,146.95,147.4,31275.0
2020-12-11 09:45:00,NSE:SHIL,147.4,148.45,147.4,148.0,17797.0
2020-12-11 10:00:00,NSE:SHIL,148.45,148.7,148.0,148.05,3891.0
2020-12-11 10:15:00,NSE:SHIL,148.05,148.1,148.0,148.1,5345.0
2020-12-11 10:30:00,NSE:SHIL,148.5,151.5,147.45,147.9,22462.0
2020-12-11 10:45:00,NSE:SHIL,148.0,150.45,148.0,148.1,8968.0
2020-12-11 11:00:00,NSE:SHIL,148.1,149.0,144.1,145.1,17250.0
2020-12-11 11:15:00,NSE:SHIL,145.1,145.8,144.15,144.5,4594.0
2020-12-11 11:30:00,NSE:SHIL,144.55,145.25,143.75,143.75,9389.0
2020-12-11 11:45:00,NSE:SHIL,144.0,144.0,142.35,143.0,3675.0
2020-12-11 12:00:00,NSE:SHIL,143.1,144.75,142.6,144.1,1591.0
2020-12-11 12:15:00,NSE:SHIL,144.1,144.15,143.0,144.05,2457.0
2020-12-11 12:30:00,NSE:SHIL,144.05,144.95,143.25,143.5,1519.0
2020-12-11 12:45:00,NSE:SHIL,143.5,145.0,143.3,143.85,2562.0
2020-12-11 13:00:00,NSE:SHIL,143.85,143.95,142.0,143.6,3381.0
2020-12-11 13:15:00,NSE:SHIL,143.0,144.0,142.5,143.1,1829.0
2020-12-11 13:30:00,NSE:SHIL,144.0,144.55,142.6,143.0,3285.0
2020-12-11 13:45:00,NSE:SHIL,142.6,143.0,142.25,142.95,1589.0
2020-12-11 14:00:00,NSE:SHIL,142.95,142.95,142.2,142.3,1935.0
2020-12-11 14:15:00,NSE:SHIL,142.3,142.95,142.0,142.0,4188.0
2020-12-11 14:30:00,NSE:SHIL,142.85,143.0,142.4,142.85,1815.0
2020-12-11 14:45:00,NSE:SHIL,142.85,143.0,142.85,142.85,957.0
2020-12-11 15:00:00,NSE:SHIL,142.85,142.85,142.5,142.5,2523.0
2020-12-11 15:15:00,NSE:SHIL,142.5,143.0,142.15,142.8,8237.0
2020-12-11 15:30:00,NSE:SHIL,142.8,142.8,142.8,142.8,375.0
2020-12-11 15:45:00,NSE:SHIL,142.7,142.7,142.7,142.7,7548.0
2020-12-14 09:00:00,NSE:SHIL,141.45,141.45,141.45,141.45,681.0
2020-12-14 09:15:00,NSE:SHIL,141.6,145.65,141.6,143.7,8061.0
2020-12-14 09:30:00,NSE:SHIL,143.7,144.0,143.05,143.15,1754.0
2020-12-14 09:45:00,NSE:SHIL,144.0,144.0,143.1,143.85,1016.0
2020-12-14 10:00:00,NSE:SHIL,143.15,144.0,140.1,141.45,3818.0
2020-12-14 10:15:00,NSE:SHIL,141.45,142.1,140.45,140.5,1586.0
2020-12-14 10:30:00,NSE:SHIL,141.65,141.65,140.5,140.6,1706.0
2020-12-14 10:45:00,NSE:SHIL,140.6,142.0,140.6,141.5,1511.0
2020-12-14 11:00:00,NSE:SHIL,141.5,143.5,141.5,143.5,779.0
2020-12-14 11:15:00,NSE:SHIL,141.75,143.0,141.6,142.0,1235.0
2020-12-14 11:30:00,NSE:SHIL,142.1,142.95,142.0,142.0,1526.0
2020-12-14 11:45:00,NSE:SHIL,143.0,143.0,141.0,142.45,2354.0
2020-12-14 12:00:00,NSE:SHIL,141.55,142.0,141.55,141.95,1672.0
2020-12-14 12:15:00,NSE:SHIL,141.95,142.5,141.6,141.6,1047.0
2020-12-14 12:30:00,NSE:SHIL,141.1,141.7,140.65,140.7,1752.0
2020-12-14 12:45:00,NSE:SHIL,141.7,141.85,140.7,141.0,741.0
2020-12-14 13:00:00,NSE:SHIL,141.0,142.35,140.6,141.15,1973.0
2020-12-14 13:15:00,NSE:SHIL,142.2,142.2,142.2,142.2,100.0
2020-12-14 13:30:00,NSE:SHIL,141.15,141.9,141.05,141.85,500.0
2020-12-14 13:45:00,NSE:SHIL,141.5,142.2,141.5,141.75,1244.0
2020-12-14 14:00:00,NSE:SHIL,142.15,142.85,141.75,142.0,2961.0
2020-12-14 14:15:00,NSE:SHIL,142.0,144.5,142.0,142.55,13269.0
2020-12-14 14:30:00,NSE:SHIL,142.55,143.4,142.5,142.75,5253.0
2020-12-14 14:45:00,NSE:SHIL,142.75,143.45,142.75,142.75,3994.0
2020-12-14 15:00:00,NSE:SHIL,142.75,144.3,142.75,143.95,5073.0
2020-12-14 15:15:00,NSE:SHIL,143.2,147.45,143.0,145.8,24398.0
2020-12-14 15:30:00,NSE:SHIL,146.0,146.0,144.9,144.9,1300.0
2020-12-14 15:45:00,NSE:SHIL,144.9,144.9,144.9,144.9,9.0
2020-12-15 09:00:00,NSE:SHIL,142.5,142.5,142.5,142.5,30.0
2020-12-15 09:15:00,NSE:SHIL,143.0,144.5,141.5,141.95,6115.0
2020-12-15 09:30:00,NSE:SHIL,143.0,143.8,140.8,141.0,10181.0
2020-12-15 09:45:00,NSE:SHIL,141.0,141.75,140.65,141.75,4822.0
2020-12-15 10:00:00,NSE:SHIL,141.7,142.65,140.1,140.3,12517.0
2020-12-15 10:15:00,NSE:SHIL,140.3,141.0,140.05,141.0,4564.0
2020-12-15 10:30:00,NSE:SHIL,143.9,143.9,141.2,141.5,8243.0
2020-12-15 10:45:00,NSE:SHIL,141.5,141.7,140.95,140.95,1657.0
2020-12-15 11:00:00,NSE:SHIL,140.95,141.0,140.65,140.7,2278.0
2020-12-15 11:15:00,NSE:SHIL,141.0,141.95,140.8,141.95,810.0
2020-12-15 11:30:00,NSE:SHIL,141.9,141.9,141.0,141.7,332.0
2020-12-15 11:45:00,NSE:SHIL,141.65,141.65,141.0,141.45,742.0
2020-12-15 12:00:00,NSE:SHIL,141.05,141.35,141.05,141.1,1158.0
2020-12-15 12:15:00,NSE:SHIL,141.25,141.25,140.75,140.75,1416.0
2020-12-15 12:30:00,NSE:SHIL,141.0,141.05,141.0,141.05,1415.0
2020-12-15 12:45:00,NSE:SHIL,141.0,141.5,140.8,140.85,13773.0
2020-12-15 13:00:00,NSE:SHIL,141.0,141.5,140.85,140.95,1384.0
2020-12-15 13:15:00,NSE:SHIL,141.0,141.5,140.95,140.95,1657.0
2020-12-15 13:30:00,NSE:SHIL,141.45,141.45,140.85,140.95,2629.0
2020-12-15 13:45:00,NSE:SHIL,140.95,141.9,140.5,140.85,4821.0
2020-12-15 14:00:00,NSE:SHIL,141.5,141.5,140.8,140.8,2308.0
2020-12-15 14:15:00,NSE:SHIL,140.8,140.8,139.5,139.75,15254.0
2020-12-15 14:30:00,NSE:SHIL,140.0,140.0,139.5,140.0,15645.0
2020-12-15 14:45:00,NSE:SHIL,140.0,140.0,139.5,139.95,8139.0
2020-12-15 15:00:00,NSE:SHIL,139.95,140.05,139.65,140.0,14337.0
2020-12-15 15:15:00,NSE:SHIL,140.0,140.0,139.0,139.7,11747.0
2020-12-16 09:00:00,NSE:SHIL,142.0,142.0,142.0,142.0,136.0
2020-12-16 09:15:00,NSE:SHIL,142.0,143.1,141.95,142.5,6150.0
2020-12-16 09:30:00,NSE:SHIL,143.0,144.85,142.55,144.7,11602.0
2020-12-16 09:45:00,NSE:SHIL,144.5,144.7,144.5,144.5,8934.0
2020-12-16 10:00:00,NSE:SHIL,144.7,144.7,144.5,144.5,6505.0
2020-12-16 10:15:00,NSE:SHIL,144.5,144.5,142.6,142.6,5120.0
2020-12-16 10:30:00,NSE:SHIL,143.45,143.45,140.3,142.85,3048.0
2020-12-16 10:45:00,NSE:SHIL,140.7,142.6,140.7,141.05,1630.0
2020-12-16 11:00:00,NSE:SHIL,141.15,142.2,141.15,142.0,392.0
2020-12-16 11:15:00,NSE:SHIL,142.2,142.9,141.9,141.9,2105.0
2020-12-16 11:30:00,NSE:SHIL,141.85,142.15,141.5,141.55,543.0
2020-12-16 11:45:00,NSE:SHIL,141.6,141.95,141.6,141.95,183.0
2020-12-16 12:00:00,NSE:SHIL,142.1,142.1,141.5,141.6,446.0
2020-12-16 12:15:00,NSE:SHIL,141.6,142.05,141.6,141.6,1712.0
2020-12-16 12:30:00,NSE:SHIL,141.6,142.0,141.6,142.0,826.0
2020-12-16 12:45:00,NSE:SHIL,142.0,142.1,140.85,140.85,1199.0
2020-12-16 13:00:00,NSE:SHIL,140.95,141.95,140.95,141.95,64.0
2020-12-16 13:15:00,NSE:SHIL,141.0,141.0,140.3,140.3,2689.0
2020-12-16 13:30:00,NSE:SHIL,141.0,141.0,140.0,141.0,1716.0
2020-12-16 13:45:00,NSE:SHIL,141.1,141.65,141.1,141.65,344.0
2020-12-16 14:00:00,NSE:SHIL,141.6,141.75,141.1,141.1,444.0
2020-12-16 14:15:00,NSE:SHIL,141.0,141.0,140.5,140.55,1395.0
2020-12-16 14:30:00,NSE:SHIL,140.55,140.9,140.55,140.9,620.0
2020-12-16 14:45:00,NSE:SHIL,140.65,141.95,140.65,140.85,642.0
2020-12-16 15:00:00,NSE:SHIL,140.85,141.8,140.5,140.5,2685.0
2020-12-16 15:15:00,NSE:SHIL,141.55,141.55,140.3,141.05,3319.0
2020-12-16 15:30:00,NSE:SHIL,141.0,141.0,141.0,141.0,150.0
2020-12-17 09:00:00,NSE:SHIL,138.0,138.0,138.0,138.0,80.0
2020-12-17 09:15:00,NSE:SHIL,138.2,143.0,138.2,140.0,2758.0
2020-12-17 09:30:00,NSE:SHIL,140.0,140.75,139.15,139.25,3667.0
2020-12-17 09:45:00,NSE:SHIL,139.25,140.0,138.5,139.0,3252.0
2020-12-17 10:00:00,NSE:SHIL,138.95,139.8,138.9,139.5,1576.0
2020-12-17 10:15:00,NSE:SHIL,139.85,139.85,139.8,139.8,810.0
2020-12-17 10:30:00,NSE:SHIL,139.75,139.75,139.0,139.55,697.0
2020-12-17 10:45:00,NSE:SHIL,139.25,139.5,138.5,138.6,6918.0
2020-12-17 11:00:00,NSE:SHIL,138.6,140.05,138.6,140.05,25295.0
2020-12-17 11:15:00,NSE:SHIL,140.4,141.0,140.0,140.0,2012.0
2020-12-17 11:30:00,NSE:SHIL,140.0,140.65,140.0,140.65,1297.0
2020-12-17 11:45:00,NSE:SHIL,141.0,141.35,140.65,141.25,616.0
2020-12-17 12:00:00,NSE:SHIL,141.25,142.0,140.05,141.5,2505.0
2020-12-17 12:15:00,NSE:SHIL,140.2,140.35,140.2,140.3,3417.0
2020-12-17 12:30:00,NSE:SHIL,140.3,140.3,140.0,140.0,5321.0
2020-12-17 12:45:00,NSE:SHIL,140.0,141.2,140.0,140.0,2047.0
2020-12-17 13:00:00,NSE:SHIL,140.0,141.0,140.0,140.5,2108.0
2020-12-17 13:15:00,NSE:SHIL,140.5,140.5,140.5,140.5,1053.0
2020-12-17 13:30:00,NSE:SHIL,140.25,140.25,140.0,140.0,723.0
2020-12-17 13:45:00,NSE:SHIL,140.0,140.0,138.5,139.55,6125.0
2020-12-17 14:00:00,NSE:SHIL,138.6,139.5,138.5,138.5,1843.0
2020-12-17 14:15:00,NSE:SHIL,138.6,139.4,138.55,139.4,711.0
2020-12-17 14:30:00,NSE:SHIL,138.55,139.35,138.0,139.0,5667.0
2020-12-17 14:45:00,NSE:SHIL,139.0,139.55,137.55,138.0,15560.0
2020-12-17 15:00:00,NSE:SHIL,138.8,143.0,137.5,141.0,15627.0
2020-12-17 15:15:00,NSE:SHIL,141.0,142.75,139.2,139.5,10679.0
2020-12-17 15:45:00,NSE:SHIL,140.5,140.5,140.5,140.5,500.0
2020-12-18 09:00:00,NSE:SHIL,138.0,138.0,138.0,138.0,70.0
2020-12-18 09:15:00,NSE:SHIL,139.0,140.65,136.2,136.2,3189.0
2020-12-18 09:30:00,NSE:SHIL,136.65,137.85,132.1,134.9,19788.0
2020-12-18 09:45:00,NSE:SHIL,134.95,139.85,134.0,137.25,16570.0
2020-12-18 10:00:00,NSE:SHIL,137.5,138.45,137.2,138.0,1931.0
2020-12-18 10:15:00,NSE:SHIL,138.05,138.05,137.9,137.9,394.0
2020-12-18 10:30:00,NSE:SHIL,137.85,137.85,137.0,137.0,1303.0
2020-12-18 10:45:00,NSE:SHIL,137.0,137.9,137.0,137.9,713.0
2020-12-18 11:00:00,NSE:SHIL,138.25,138.35,137.1,137.2,1868.0
2020-12-18 11:15:00,NSE:SHIL,138.3,138.3,137.25,137.25,1208.0
2020-12-18 11:30:00,NSE:SHIL,137.5,137.5,137.25,137.25,631.0
2020-12-18 11:45:00,NSE:SHIL,137.2,137.55,137.1,137.55,1413.0
2020-12-18 12:00:00,NSE:SHIL,138.35,138.4,138.05,138.4,5568.0
2020-12-18 12:15:00,NSE:SHIL,138.45,138.5,138.45,138.5,711.0
2020-12-18 12:30:00,NSE:SHIL,138.5,139.0,138.2,139.0,4000.0
2020-12-18 12:45:00,NSE:SHIL,138.45,140.0,138.0,138.0,7691.0
2020-12-18 13:00:00,NSE:SHIL,138.3,140.1,138.05,138.65,9317.0
2020-12-18 13:15:00,NSE:SHIL,138.65,138.65,138.55,138.6,140.0
2020-12-18 13:30:00,NSE:SHIL,140.0,140.0,139.5,140.0,863.0
2020-12-18 14:00:00,NSE:SHIL,140.0,140.05,139.4,140.0,538.0
2020-12-18 14:15:00,NSE:SHIL,140.0,140.0,139.5,139.65,1268.0
2020-12-18 14:30:00,NSE:SHIL,140.35,140.35,139.45,139.45,2255.0
2020-12-18 14:45:00,NSE:SHIL,140.2,140.2,139.55,140.0,1296.0
2020-12-18 15:00:00,NSE:SHIL,139.35,141.9,139.35,140.0,3770.0
2020-12-18 15:15:00,NSE:SHIL,140.15,141.7,139.0,139.0,5440.0
2020-12-18 15:30:00,NSE:SHIL,140.3,140.3,140.3,140.3,100.0
2020-12-18 15:45:00,NSE:SHIL,140.3,140.3,140.3,140.3,100.0
2020-12-21 09:00:00,NSE:SHIL,137.5,137.5,137.5,137.5,7.0
2020-12-21 09:15:00,NSE:SHIL,139.35,139.35,135.9,139.0,1017.0
2020-12-21 09:30:00,NSE:SHIL,139.05,139.05,137.25,137.8,4462.0
2020-12-21 09:45:00,NSE:SHIL,138.0,139.4,138.0,139.4,3825.0
2020-12-21 10:00:00,NSE:SHIL,139.45,142.85,139.0,142.85,4469.0
2020-12-21 10:15:00,NSE:SHIL,142.85,143.5,142.1,142.1,3357.0
2020-12-21 10:30:00,NSE:SHIL,142.1,143.35,142.1,143.0,2959.0
2020-12-21 10:45:00,NSE:SHIL,143.0,143.0,142.1,142.1,3476.0
2020-12-21 11:00:00,NSE:SHIL,142.45,142.95,141.55,142.45,1477.0
2020-12-21 11:15:00,NSE:SHIL,142.4,142.8,141.05,141.3,485.0
2020-12-21 11:30:00,NSE:SHIL,141.4,141.4,139.65,139.9,1213.0
2020-12-21 11:45:00,NSE:SHIL,139.75,141.8,139.6,140.6,1882.0
2020-12-21 12:00:00,NSE:SHIL,140.6,140.6,140.6,140.6,30.0
2020-12-21 12:15:00,NSE:SHIL,140.7,142.65,140.7,142.0,4567.0
2020-12-21 12:30:00,NSE:SHIL,142.05,142.35,141.2,141.2,3950.0
2020-12-21 12:45:00,NSE:SHIL,141.2,141.7,140.0,141.7,4215.0
2020-12-21 13:00:00,NSE:SHIL,140.05,141.5,139.7,139.7,8304.0
2020-12-21 13:15:00,NSE:SHIL,140.0,140.0,136.0,138.0,9039.0
2020-12-21 13:30:00,NSE:SHIL,138.0,138.0,136.2,136.25,4701.0
2020-12-21 13:45:00,NSE:SHIL,136.85,136.85,135.05,135.05,7928.0
2020-12-21 14:00:00,NSE:SHIL,135.0,135.75,134.0,135.7,8167.0
2020-12-21 14:15:00,NSE:SHIL,134.95,135.5,133.0,133.0,10763.0
2020-12-21 14:30:00,NSE:SHIL,133.0,134.9,131.0,133.55,15383.0
2020-12-21 14:45:00,NSE:SHIL,134.7,134.7,130.0,130.0,19853.0
2020-12-21 15:00:00,NSE:SHIL,130.0,139.8,130.0,138.0,24046.0
2020-12-21 15:15:00,NSE:SHIL,138.75,139.35,133.0,133.0,22526.0
2020-12-21 15:45:00,NSE:SHIL,136.35,136.35,133.0,133.0,200.0
2020-12-22 09:00:00,NSE:SHIL,132.0,132.0,132.0,132.0,1260.0
2020-12-22 09:15:00,NSE:SHIL,135.85,142.0,130.1,130.1,19389.0
2020-12-22 09:30:00,NSE:SHIL,132.0,132.0,124.95,126.65,27666.0
2020-12-22 09:45:00,NSE:SHIL,127.2,129.25,125.15,129.0,14100.0
2020-12-22 10:00:00,NSE:SHIL,129.0,131.6,129.0,130.0,12867.0
2020-12-22 10:15:00,NSE:SHIL,129.9,130.8,128.75,130.05,4085.0
2020-12-22 10:30:00,NSE:SHIL,128.8,130.0,128.8,129.35,1913.0
2020-12-22 10:45:00,NSE:SHIL,129.3,129.35,129.3,129.35,4483.0
2020-12-22 11:00:00,NSE:SHIL,129.3,129.5,128.5,129.5,5387.0
2020-12-22 11:15:00,NSE:SHIL,129.0,129.4,128.0,129.15,7014.0
2020-12-22 11:30:00,NSE:SHIL,129.2,129.2,127.05,127.8,10660.0
2020-12-22 11:45:00,NSE:SHIL,128.95,130.0,127.9,129.1,3345.0
2020-12-22 12:00:00,NSE:SHIL,129.1,129.1,127.7,128.0,2361.0
2020-12-22 12:15:00,NSE:SHIL,127.9,128.75,127.0,128.7,4925.0
2020-12-22 12:30:00,NSE:SHIL,128.9,128.9,127.5,128.0,1712.0
2020-12-22 12:45:00,NSE:SHIL,128.0,128.0,125.25,126.0,23543.0
2020-12-22 13:00:00,NSE:SHIL,126.0,126.5,125.6,126.05,11640.0
2020-12-22 13:15:00,NSE:SHIL,126.0,126.5,125.85,125.95,19423.0
2020-12-22 13:30:00,NSE:SHIL,125.95,126.7,125.65,126.0,9050.0
2020-12-22 13:45:00,NSE:SHIL,126.0,127.6,125.5,127.0,18646.0
2020-12-22 14:00:00,NSE:SHIL,127.25,127.85,126.8,127.0,23121.0
2020-12-22 14:15:00,NSE:SHIL,127.0,127.85,127.0,127.85,6360.0
2020-12-22 14:30:00,NSE:SHIL,127.6,127.85,127.1,127.7,8824.0
2020-12-22 14:45:00,NSE:SHIL,127.7,131.5,127.7,130.5,25786.0
2020-12-22 15:00:00,NSE:SHIL,130.5,140.9,130.5,140.9,72097.0
2020-12-22 15:15:00,NSE:SHIL,140.05,140.9,138.25,139.5,23893.0
2020-12-22 15:30:00,NSE:SHIL,137.75,137.75,137.75,137.75,300.0
2020-12-23 09:00:00,NSE:SHIL,140.9,140.9,140.9,140.9,204.0
2020-12-23 09:15:00,NSE:SHIL,139.9,142.8,136.35,139.7,12393.0
2020-12-23 09:30:00,NSE:SHIL,139.75,141.4,137.1,137.95,5004.0
2020-12-23 09:45:00,NSE:SHIL,137.95,139.5,137.95,138.2,2155.0
2020-12-23 10:00:00,NSE:SHIL,138.45,138.9,137.8,137.8,3738.0
2020-12-23 10:15:00,NSE:SHIL,137.8,138.8,137.8,138.8,1453.0
2020-12-23 10:30:00,NSE:SHIL,138.8,138.9,138.6,138.65,2099.0
2020-12-23 10:45:00,NSE:SHIL,138.65,142.25,138.65,142.0,17949.0
2020-12-23 11:00:00,NSE:SHIL,142.0,142.0,141.0,141.0,3919.0
2020-12-23 11:15:00,NSE:SHIL,141.25,142.1,140.85,142.1,3329.0
2020-12-23 11:30:00,NSE:SHIL,142.1,142.2,141.05,141.8,6046.0
2020-12-23 11:45:00,NSE:SHIL,141.8,141.85,141.4,141.4,2180.0
2020-12-23 12:00:00,NSE:SHIL,141.4,141.95,141.4,141.4,1530.0
2020-12-23 12:15:00,NSE:SHIL,141.4,141.8,140.5,141.0,2411.0
2020-12-23 12:30:00,NSE:SHIL,141.1,151.3,141.1,150.0,57613.0
2020-12-23 12:45:00,NSE:SHIL,150.0,151.5,150.0,151.5,45784.0
2020-12-23 13:00:00,NSE:SHIL,151.5,151.5,151.5,151.5,15479.0
2020-12-23 13:15:00,NSE:SHIL,151.5,151.5,151.5,151.5,3195.0
2020-12-23 13:30:00,NSE:SHIL,151.5,151.5,151.5,151.5,1209.0
2020-12-23 13:45:00,NSE:SHIL,151.5,151.5,151.5,151.5,873.0
2020-12-23 14:00:00,NSE:SHIL,151.5,151.5,151.5,151.5,2496.0
2020-12-23 14:15:00,NSE:SHIL,151.5,151.5,151.5,151.5,6335.0
2020-12-23 14:30:00,NSE:SHIL,151.5,151.5,151.5,151.5,842.0
2020-12-23 14:45:00,NSE:SHIL,151.5,151.5,151.5,151.5,12.0
2020-12-23 15:00:00,NSE:SHIL,151.5,151.5,151.5,151.5,1675.0
2020-12-23 15:15:00,NSE:SHIL,151.5,151.5,151.5,151.5,1250.0
2020-12-24 09:00:00,NSE:SHIL,154.0,154.0,154.0,154.0,3758.0
2020-12-24 09:15:00,NSE:SHIL,154.0,157.0,153.8,155.15,20965.0
2020-12-24 09:30:00,NSE:SHIL,155.15,155.15,150.0,150.65,8791.0
2020-12-24 09:45:00,NSE:SHIL,150.65,151.15,148.05,149.9,13678.0
2020-12-24 10:00:00,NSE:SHIL,149.45,149.85,148.0,148.35,10888.0
2020-12-24 10:15:00,NSE:SHIL,148.75,150.2,148.35,149.0,12784.0
2020-12-24 10:30:00,NSE:SHIL,149.0,149.2,145.3,147.0,10508.0
2020-12-24 10:45:00,NSE:SHIL,147.05,148.35,146.65,147.45,5077.0
2020-12-24 11:00:00,NSE:SHIL,147.5,147.5,146.75,146.75,9349.0
2020-12-24 11:15:00,NSE:SHIL,146.75,146.95,146.7,146.75,6058.0
2020-12-24 11:30:00,NSE:SHIL,146.7,152.9,146.0,150.2,26915.0
2020-12-24 11:45:00,NSE:SHIL,150.0,153.8,149.7,152.8,14693.0
2020-12-24 12:00:00,NSE:SHIL,152.45,152.45,151.0,151.0,11915.0
2020-12-24 12:15:00,NSE:SHIL,150.0,151.95,149.05,151.75,4042.0
2020-12-24 12:30:00,NSE:SHIL,151.1,151.4,150.55,150.55,1226.0
2020-12-24 12:45:00,NSE:SHIL,151.35,151.4,150.55,151.15,719.0
2020-12-24 13:00:00,NSE:SHIL,151.15,151.35,151.15,151.15,832.0
2020-12-24 13:15:00,NSE:SHIL,151.15,151.15,151.05,151.05,448.0
2020-12-24 13:30:00,NSE:SHIL,151.0,151.0,150.55,150.95,509.0
2020-12-24 13:45:00,NSE:SHIL,150.55,150.95,150.55,150.95,15460.0
2020-12-24 14:00:00,NSE:SHIL,150.55,150.75,150.55,150.7,473.0
2020-12-24 14:15:00,NSE:SHIL,150.75,151.45,150.55,150.9,1486.0
2020-12-24 14:30:00,NSE:SHIL,150.9,151.85,149.1,151.8,3461.0
2020-12-24 14:45:00,NSE:SHIL,151.85,154.15,151.8,152.5,21872.0
2020-12-24 15:00:00,NSE:SHIL,152.5,155.0,152.0,154.15,19270.0
2020-12-24 15:15:00,NSE:SHIL,154.0,154.25,151.75,152.5,13432.0
2020-12-24 15:30:00,NSE:SHIL,152.9,153.3,152.9,152.9,2376.0
2020-12-24 15:45:00,NSE:SHIL,153.3,153.3,153.3,153.3,500.0
2020-12-28 09:00:00,NSE:SHIL,155.0,155.0,155.0,155.0,151.0
2020-12-28 09:15:00,NSE:SHIL,153.6,154.0,150.0,152.45,5424.0
2020-12-28 09:30:00,NSE:SHIL,152.45,152.5,151.0,151.1,6466.0
2020-12-28 09:45:00,NSE:SHIL,151.1,152.25,151.1,151.6,2571.0
2020-12-28 10:00:00,NSE:SHIL,151.5,152.7,151.15,152.35,1628.0
2020-12-28 10:15:00,NSE:SHIL,152.7,154.0,151.85,151.95,4974.0
2020-12-28 10:30:00,NSE:SHIL,151.85,152.3,151.5,152.3,2842.0
2020-12-28 10:45:00,NSE:SHIL,151.6,151.7,151.35,151.4,4427.0
2020-12-28 11:00:00,NSE:SHIL,151.35,151.4,151.2,151.3,2451.0
2020-12-28 11:15:00,NSE:SHIL,151.4,151.45,150.8,150.95,7717.0
2020-12-28 11:30:00,NSE:SHIL,151.1,151.75,150.85,150.85,4123.0
2020-12-28 11:45:00,NSE:SHIL,150.85,151.15,150.85,150.95,1336.0
2020-12-28 12:00:00,NSE:SHIL,150.95,151.3,150.85,151.05,3797.0
2020-12-28 12:15:00,NSE:SHIL,151.05,151.1,150.6,150.6,5764.0
2020-12-28 12:30:00,NSE:SHIL,150.6,150.95,150.6,150.7,813.0
2020-12-28 12:45:00,NSE:SHIL,150.95,155.0,150.6,152.05,13891.0
2020-12-28 13:00:00,NSE:SHIL,152.35,158.0,152.2,154.6,22834.0
2020-12-28 13:15:00,NSE:SHIL,154.6,154.95,154.5,154.5,3640.0
2020-12-28 13:30:00,NSE:SHIL,154.6,154.6,152.15,152.5,3188.0
2020-12-28 13:45:00,NSE:SHIL,152.5,153.0,151.05,152.0,3170.0
2020-12-28 14:00:00,NSE:SHIL,152.05,152.4,151.0,151.35,2440.0
2020-12-28 14:15:00,NSE:SHIL,151.2,152.8,151.2,152.5,722.0
2020-12-28 14:30:00,NSE:SHIL,152.75,152.75,151.2,152.5,2114.0
2020-12-28 14:45:00,NSE:SHIL,152.5,152.9,152.0,152.5,4133.0
2020-12-28 15:00:00,NSE:SHIL,152.45,155.0,152.4,154.05,21969.0
2020-12-28 15:15:00,NSE:SHIL,153.0,154.1,149.5,149.7,37345.0
2020-12-28 15:30:00,NSE:SHIL,149.7,149.7,149.7,149.7,217.0
2020-12-28 15:45:00,NSE:SHIL,151.95,151.95,151.95,151.95,50.0
2020-12-29 09:00:00,NSE:SHIL,153.65,153.65,153.65,153.65,10.0
2020-12-29 09:15:00,NSE:SHIL,151.95,153.45,151.95,152.55,5972.0
2020-12-29 09:30:00,NSE:SHIL,152.9,153.15,152.45,152.5,2719.0
2020-12-29 09:45:00,NSE:SHIL,152.5,152.85,152.3,152.3,1280.0
2020-12-29 10:00:00,NSE:SHIL,152.25,152.95,151.3,152.7,7068.0
2020-12-29 10:15:00,NSE:SHIL,152.8,157.9,151.95,157.9,21893.0
2020-12-29 10:30:00,NSE:SHIL,157.05,157.3,153.25,153.9,13927.0
2020-12-29 10:45:00,NSE:SHIL,153.9,154.35,152.05,153.1,13141.0
2020-12-29 11:00:00,NSE:SHIL,153.3,154.25,153.15,154.2,1987.0
2020-12-29 11:15:00,NSE:SHIL,154.95,155.95,154.15,154.95,5942.0
2020-12-29 11:30:00,NSE:SHIL,154.95,156.0,154.95,155.95,7792.0
2020-12-29 11:45:00,NSE:SHIL,155.95,160.5,155.95,157.15,59931.0
2020-12-29 12:00:00,NSE:SHIL,157.25,159.45,157.25,158.5,10978.0
2020-12-29 12:15:00,NSE:SHIL,158.8,159.0,158.0,158.15,3244.0
2020-12-29 12:30:00,NSE:SHIL,158.05,158.5,158.0,158.3,3370.0
2020-12-29 12:45:00,NSE:SHIL,158.3,158.6,158.0,158.1,2162.0
2020-12-29 13:00:00,NSE:SHIL,158.15,159.25,158.0,159.2,3620.0
2020-12-29 13:15:00,NSE:SHIL,159.3,159.3,158.5,159.05,1207.0
2020-12-29 13:30:00,NSE:SHIL,158.3,159.95,157.5,157.55,7520.0
2020-12-29 13:45:00,NSE:SHIL,157.55,157.9,157.5,157.5,3971.0
2020-12-29 14:00:00,NSE:SHIL,157.5,157.5,157.0,157.05,2260.0
2020-12-29 14:15:00,NSE:SHIL,157.05,157.5,157.0,157.5,2201.0
2020-12-29 14:30:00,NSE:SHIL,157.5,157.9,157.25,157.85,5005.0
2020-12-29 14:45:00,NSE:SHIL,157.9,159.8,157.85,159.55,8649.0
2020-12-29 15:00:00,NSE:SHIL,159.55,159.75,158.95,159.55,16995.0
2020-12-29 15:15:00,NSE:SHIL,159.35,159.8,154.0,155.45,53269.0
2020-12-29 15:30:00,NSE:SHIL,158.45,158.45,158.45,158.45,21.0
2020-12-29 15:45:00,NSE:SHIL,158.45,158.45,155.45,158.45,2127.0
2020-12-30 09:00:00,NSE:SHIL,159.5,159.5,159.5,159.5,103.0
2020-12-30 09:15:00,NSE:SHIL,159.3,159.3,155.6,156.9,14442.0
2020-12-30 09:30:00,NSE:SHIL,156.7,157.2,156.05,156.7,13962.0
2020-12-30 09:45:00,NSE:SHIL,157.15,157.15,156.1,156.75,2063.0
2020-12-30 10:00:00,NSE:SHIL,156.95,156.95,152.0,154.85,13780.0
2020-12-30 10:15:00,NSE:SHIL,154.5,155.95,154.1,155.3,5274.0
2020-12-30 10:30:00,NSE:SHIL,155.3,157.2,155.15,156.85,3750.0
2020-12-30 10:45:00,NSE:SHIL,156.9,156.95,156.75,156.9,878.0
2020-12-30 11:00:00,NSE:SHIL,156.6,156.9,156.0,156.5,1415.0
2020-12-30 11:15:00,NSE:SHIL,156.55,158.05,156.1,158.0,13923.0
2020-12-30 11:30:00,NSE:SHIL,158.3,158.3,157.35,157.5,1549.0
2020-12-30 11:45:00,NSE:SHIL,157.5,157.55,157.5,157.5,2499.0
2020-12-30 12:00:00,NSE:SHIL,157.55,157.6,157.5,157.5,1366.0
2020-12-30 12:15:00,NSE:SHIL,157.5,157.7,157.0,157.1,1705.0
2020-12-30 12:30:00,NSE:SHIL,157.0,157.1,156.0,156.0,1834.0
2020-12-30 12:45:00,NSE:SHIL,156.35,156.35,156.0,156.0,299.0
2020-12-30 13:00:00,NSE:SHIL,156.0,157.05,156.0,157.0,2301.0
2020-12-30 13:15:00,NSE:SHIL,157.45,157.45,157.0,157.0,60.0
2020-12-30 13:30:00,NSE:SHIL,157.0,157.95,157.0,157.0,686.0
2020-12-30 13:45:00,NSE:SHIL,157.15,157.9,157.0,157.0,1032.0
2020-12-30 14:00:00,NSE:SHIL,157.0,159.0,157.0,158.5,4211.0
2020-12-30 14:15:00,NSE:SHIL,158.55,159.0,158.5,158.55,1515.0
2020-12-30 14:30:00,NSE:SHIL,158.5,158.5,158.0,158.0,2872.0
2020-12-30 14:45:00,NSE:SHIL,158.0,160.5,158.0,160.1,6157.0
2020-12-30 15:00:00,NSE:SHIL,160.1,162.45,160.0,161.55,25417.0
2020-12-30 15:15:00,NSE:SHIL,161.35,161.55,158.5,161.0,24017.0
2020-12-30 15:30:00,NSE:SHIL,160.8,160.8,160.8,160.8,10.0
2020-12-30 15:45:00,NSE:SHIL,160.8,160.8,160.8,160.8,20.0
2020-12-31 09:15:00,NSE:SHIL,160.45,162.65,159.5,159.8,6739.0
2020-12-31 09:30:00,NSE:SHIL,159.6,159.85,157.8,157.8,8171.0
2020-12-31 09:45:00,NSE:SHIL,157.8,157.85,157.1,157.7,6848.0
2020-12-31 10:00:00,NSE:SHIL,157.65,157.75,157.55,157.65,2871.0
2020-12-31 10:15:00,NSE:SHIL,157.8,158.4,157.75,158.4,3216.0
2020-12-31 10:30:00,NSE:SHIL,158.2,158.4,158.0,158.4,7378.0
2020-12-31 10:45:00,NSE:SHIL,158.4,158.7,156.75,157.0,18209.0
2020-12-31 11:00:00,NSE:SHIL,157.45,158.8,157.45,158.75,18681.0
2020-12-31 11:15:00,NSE:SHIL,158.8,158.9,158.65,158.9,6788.0
2020-12-31 11:30:00,NSE:SHIL,158.85,159.0,158.65,159.0,1357.0
2020-12-31 11:45:00,NSE:SHIL,159.0,161.25,159.0,160.95,10503.0
2020-12-31 12:00:00,NSE:SHIL,161.05,161.5,159.0,160.0,11165.0
2020-12-31 12:15:00,NSE:SHIL,160.0,161.0,159.5,161.0,3685.0
2020-12-31 12:30:00,NSE:SHIL,161.0,161.65,160.0,160.05,5766.0
2020-12-31 12:45:00,NSE:SHIL,160.75,161.0,160.05,160.1,3348.0
2020-12-31 13:00:00,NSE:SHIL,160.0,160.7,160.0,160.4,5102.0
2020-12-31 13:15:00,NSE:SHIL,160.4,160.6,160.4,160.4,849.0
2020-12-31 13:30:00,NSE:SHIL,160.4,160.4,159.5,159.5,2783.0
2020-12-31 13:45:00,NSE:SHIL,159.5,160.8,159.25,160.8,4214.0
2020-12-31 14:00:00,NSE:SHIL,159.0,160.55,158.0,158.0,9735.0
2020-12-31 14:15:00,NSE:SHIL,158.6,159.5,157.0,157.3,7308.0
2020-12-31 14:30:00,NSE:SHIL,157.0,159.2,157.0,159.15,9460.0
2020-12-31 14:45:00,NSE:SHIL,159.15,161.6,158.75,160.45,25849.0
2020-12-31 15:00:00,NSE:SHIL,160.45,161.95,160.0,160.4,58979.0
2020-12-31 15:15:00,NSE:SHIL,160.05,160.85,156.8,158.8,65270.0
2020-12-31 15:30:00,NSE:SHIL,160.2,160.2,160.2,160.2,11.0
2020-12-31 15:45:00,NSE:SHIL,160.2,160.2,160.2,160.2,30.0
2021-01-01 09:15:00,NSE:SHIL,160.05,160.6,157.65,158.0,7619.0
2021-01-01 09:30:00,NSE:SHIL,157.95,157.95,156.9,157.0,7103.0
2021-01-01 09:45:00,NSE:SHIL,157.0,157.95,156.4,156.95,3144.0
2021-01-01 10:00:00,NSE:SHIL,156.9,157.1,156.8,156.9,1963.0
2021-01-01 10:15:00,NSE:SHIL,156.8,157.75,156.8,157.05,894.0
2021-01-01 10:30:00,NSE:SHIL,157.55,157.95,157.5,157.95,597.0
2021-01-01 10:45:00,NSE:SHIL,157.85,158.0,157.4,157.4,1150.0
2021-01-01 11:00:00,NSE:SHIL,157.2,157.25,156.85,156.9,1955.0
2021-01-01 11:15:00,NSE:SHIL,157.0,157.35,157.0,157.35,939.0
2021-01-01 11:30:00,NSE:SHIL,157.5,157.95,157.5,157.6,704.0
2021-01-01 11:45:00,NSE:SHIL,157.4,157.55,157.25,157.25,192.0
2021-01-01 12:00:00,NSE:SHIL,156.95,157.0,156.65,157.0,4268.0
2021-01-01 12:15:00,NSE:SHIL,157.05,157.15,156.7,156.7,602.0
2021-01-01 12:30:00,NSE:SHIL,156.7,157.4,156.7,156.9,1432.0
2021-01-01 12:45:00,NSE:SHIL,156.9,157.05,156.7,156.7,642.0
2021-01-01 13:00:00,NSE:SHIL,156.7,157.0,156.0,157.0,3309.0
2021-01-01 13:15:00,NSE:SHIL,157.0,157.15,156.05,157.0,5606.0
2021-01-01 13:30:00,NSE:SHIL,156.65,157.0,156.65,156.75,44.0
2021-01-01 13:45:00,NSE:SHIL,156.05,156.85,156.0,156.85,12255.0
2021-01-01 14:00:00,NSE:SHIL,156.85,157.25,156.85,157.0,3488.0
2021-01-01 14:15:00,NSE:SHIL,157.0,157.3,156.8,156.95,2220.0
2021-01-01 14:30:00,NSE:SHIL,156.95,157.55,156.95,157.45,3603.0
2021-01-01 14:45:00,NSE:SHIL,157.5,157.8,157.25,157.75,4104.0
2021-01-01 15:00:00,NSE:SHIL,157.5,161.2,157.5,159.9,28164.0
2021-01-01 15:15:00,NSE:SHIL,159.15,159.5,158.0,158.95,7199.0
2021-01-04 09:00:00,NSE:SHIL,167.0,167.0,167.0,167.0,3580.0
2021-01-04 09:15:00,NSE:SHIL,169.5,173.95,164.25,171.55,79618.0
2021-01-04 09:30:00,NSE:SHIL,171.6,175.55,170.55,175.55,76460.0
2021-01-04 09:45:00,NSE:SHIL,175.55,175.55,175.55,175.55,18018.0
2021-01-04 10:00:00,NSE:SHIL,175.55,175.55,175.55,175.55,3550.0
2021-01-04 10:15:00,NSE:SHIL,175.55,175.55,175.55,175.55,4226.0
2021-01-04 10:30:00,NSE:SHIL,175.55,175.55,175.55,175.55,3901.0
2021-01-04 10:45:00,NSE:SHIL,175.55,175.55,175.55,175.55,21805.0
2021-01-04 11:00:00,NSE:SHIL,175.55,175.55,175.55,175.55,802.0
2021-01-04 11:15:00,NSE:SHIL,175.55,175.55,175.55,175.55,424.0
2021-01-04 11:30:00,NSE:SHIL,175.55,175.55,175.55,175.55,9.0
2021-01-04 11:45:00,NSE:SHIL,175.55,175.55,175.55,175.55,2060.0
2021-01-04 12:00:00,NSE:SHIL,175.55,175.55,175.55,175.55,130.0
2021-01-04 12:15:00,NSE:SHIL,175.55,175.55,175.55,175.55,50.0
2021-01-04 12:30:00,NSE:SHIL,175.55,175.55,175.55,175.55,157.0
2021-01-04 12:45:00,NSE:SHIL,175.55,175.55,175.55,175.55,123.0
2021-01-04 13:00:00,NSE:SHIL,175.55,175.55,175.55,175.55,978.0
2021-01-04 13:15:00,NSE:SHIL,175.55,175.55,175.55,175.55,6.0
2021-01-04 13:30:00,NSE:SHIL,175.55,175.55,175.55,175.55,135.0
2021-01-04 13:45:00,NSE:SHIL,175.55,175.55,175.55,175.55,191.0
2021-01-04 14:00:00,NSE:SHIL,175.55,175.55,175.55,175.55,255.0
2021-01-04 14:15:00,NSE:SHIL,175.55,175.55,175.55,175.55,5.0
2021-01-04 14:30:00,NSE:SHIL,175.55,175.55,175.55,175.55,429.0
2021-01-04 14:45:00,NSE:SHIL,175.55,175.55,175.55,175.55,204.0
2021-01-04 15:00:00,NSE:SHIL,175.55,175.55,175.55,175.55,5.0
2021-01-04 15:15:00,NSE:SHIL,175.55,175.55,175.55,175.55,921.0
2021-01-05 09:00:00,NSE:SHIL,184.7,184.7,184.7,184.7,2730.0
2021-01-05 09:15:00,NSE:SHIL,184.0,191.0,179.0,187.35,134106.0
2021-01-05 09:30:00,NSE:SHIL,187.4,192.0,184.0,185.4,51914.0
2021-01-05 09:45:00,NSE:SHIL,185.1,189.7,184.1,184.5,35723.0
2021-01-05 10:00:00,NSE:SHIL,184.7,184.8,180.5,181.3,27288.0
2021-01-05 10:15:00,NSE:SHIL,180.75,183.0,180.2,181.85,8658.0
2021-01-05 10:30:00,NSE:SHIL,182.3,184.3,181.3,184.3,10874.0
2021-01-05 10:45:00,NSE:SHIL,184.0,189.95,183.95,189.45,30219.0
2021-01-05 11:00:00,NSE:SHIL,189.05,193.0,188.05,192.6,77053.0
2021-01-05 11:15:00,NSE:SHIL,193.1,193.1,193.1,193.1,27114.0
2021-01-05 11:30:00,NSE:SHIL,193.1,193.1,193.1,193.1,3752.0
2021-01-05 11:45:00,NSE:SHIL,193.1,193.1,193.1,193.1,1524.0
2021-01-05 12:00:00,NSE:SHIL,193.1,193.1,193.1,193.1,3235.0
2021-01-05 12:15:00,NSE:SHIL,193.1,193.1,193.1,193.1,578.0
2021-01-05 12:30:00,NSE:SHIL,193.1,193.1,193.1,193.1,1414.0
2021-01-05 12:45:00,NSE:SHIL,193.1,193.1,193.1,193.1,1265.0
2021-01-05 13:00:00,NSE:SHIL,193.1,193.1,193.1,193.1,505.0
2021-01-05 13:15:00,NSE:SHIL,193.1,193.1,193.1,193.1,494.0
2021-01-05 13:30:00,NSE:SHIL,193.1,193.1,193.1,193.1,1425.0
2021-01-05 13:45:00,NSE:SHIL,193.1,193.1,193.1,193.1,720.0
2021-01-05 14:00:00,NSE:SHIL,193.1,193.1,193.1,193.1,10.0
2021-01-05 14:15:00,NSE:SHIL,193.1,193.1,193.1,193.1,314.0
2021-01-05 14:30:00,NSE:SHIL,193.1,193.1,193.1,193.1,631.0
2021-01-05 14:45:00,NSE:SHIL,193.1,193.1,193.1,193.1,191.0
2021-01-05 15:00:00,NSE:SHIL,193.1,193.1,193.1,193.1,13491.0
2021-01-05 15:15:00,NSE:SHIL,193.1,193.1,193.1,193.1,780.0
2021-01-05 15:30:00,NSE:SHIL,193.1,193.1,193.1,193.1,1.0
2021-01-05 15:45:00,NSE:SHIL,193.1,193.1,193.1,193.1,10020.0
2021-01-06 09:00:00,NSE:SHIL,192.0,192.0,192.0,192.0,4625.0
2021-01-06 09:15:00,NSE:SHIL,191.9,192.85,182.7,191.55,69612.0
2021-01-06 09:30:00,NSE:SHIL,192.0,194.7,181.2,184.0,79483.0
2021-01-06 09:45:00,NSE:SHIL,184.0,188.85,181.8,187.45,39326.0
2021-01-06 10:00:00,NSE:SHIL,186.55,188.9,181.75,182.9,37875.0
2021-01-06 10:15:00,NSE:SHIL,183.0,183.75,180.75,183.75,27070.0
2021-01-06 10:30:00,NSE:SHIL,183.8,186.35,183.15,185.7,9538.0
2021-01-06 10:45:00,NSE:SHIL,185.75,188.7,185.7,186.4,21028.0
2021-01-06 11:00:00,NSE:SHIL,186.75,187.8,186.4,187.8,5440.0
2021-01-06 11:15:00,NSE:SHIL,187.95,188.0,186.4,186.8,7357.0
2021-01-06 11:30:00,NSE:SHIL,186.85,187.6,186.4,187.0,21089.0
2021-01-06 11:45:00,NSE:SHIL,187.05,187.15,185.65,186.1,8060.0
2021-01-06 12:00:00,NSE:SHIL,185.7,186.25,185.65,185.7,2543.0
2021-01-06 12:15:00,NSE:SHIL,185.9,186.1,184.2,184.95,5818.0
2021-01-06 12:30:00,NSE:SHIL,185.55,186.35,185.0,186.0,3019.0
2021-01-06 12:45:00,NSE:SHIL,186.0,186.0,185.0,185.25,1278.0
2021-01-06 13:00:00,NSE:SHIL,185.95,185.95,182.25,183.0,7633.0
2021-01-06 13:15:00,NSE:SHIL,183.0,183.3,182.3,182.75,7892.0
2021-01-06 13:30:00,NSE:SHIL,182.55,184.0,180.9,182.0,24092.0
2021-01-06 13:45:00,NSE:SHIL,182.0,182.2,176.1,180.5,21248.0
2021-01-06 14:00:00,NSE:SHIL,180.5,180.5,175.0,178.4,28824.0
2021-01-06 14:15:00,NSE:SHIL,178.4,180.7,177.55,180.55,7662.0
2021-01-06 14:30:00,NSE:SHIL,180.5,183.0,179.0,182.85,11635.0
2021-01-06 14:45:00,NSE:SHIL,182.85,182.9,181.55,182.5,2684.0
2021-01-06 15:00:00,NSE:SHIL,182.3,182.9,180.3,182.35,9395.0
2021-01-06 15:15:00,NSE:SHIL,182.3,182.8,182.0,182.0,18199.0
2021-01-06 15:30:00,NSE:SHIL,182.2,182.2,182.0,182.0,250.0
2021-01-06 15:45:00,NSE:SHIL,182.2,182.2,182.2,182.2,17.0
2021-01-07 09:00:00,NSE:SHIL,183.7,183.7,183.7,183.7,316.0
2021-01-07 09:15:00,NSE:SHIL,184.75,187.0,183.45,184.15,20138.0
2021-01-07 09:30:00,NSE:SHIL,184.45,186.75,184.45,185.6,12238.0
2021-01-07 09:45:00,NSE:SHIL,185.0,186.0,184.05,185.8,9477.0
2021-01-07 10:00:00,NSE:SHIL,185.25,185.95,184.25,185.35,4876.0
2021-01-07 10:15:00,NSE:SHIL,185.3,185.65,183.55,184.25,9793.0
2021-01-07 10:30:00,NSE:SHIL,184.05,184.5,183.1,183.1,8789.0
2021-01-07 10:45:00,NSE:SHIL,183.5,183.7,180.1,180.55,13040.0
2021-01-07 11:00:00,NSE:SHIL,181.0,183.0,181.0,182.85,2340.0
2021-01-07 11:15:00,NSE:SHIL,182.9,183.0,181.85,182.0,1789.0
2021-01-07 11:30:00,NSE:SHIL,182.0,184.2,182.0,184.15,5392.0
2021-01-07 11:45:00,NSE:SHIL,184.15,184.45,183.95,184.45,2244.0
2021-01-07 12:00:00,NSE:SHIL,184.05,184.85,183.95,184.85,1636.0
2021-01-07 12:15:00,NSE:SHIL,184.4,185.0,183.2,184.4,7295.0
2021-01-07 12:30:00,NSE:SHIL,185.1,185.3,184.6,184.95,1072.0
2021-01-07 12:45:00,NSE:SHIL,184.95,185.3,184.35,184.4,2332.0
2021-01-07 13:00:00,NSE:SHIL,184.7,185.0,184.1,185.0,1272.0
2021-01-07 13:15:00,NSE:SHIL,184.75,184.95,184.3,184.85,859.0
2021-01-07 13:30:00,NSE:SHIL,184.85,184.95,184.15,184.6,652.0
2021-01-07 13:45:00,NSE:SHIL,184.05,184.45,183.85,183.85,3354.0
2021-01-07 14:00:00,NSE:SHIL,184.15,184.4,184.0,184.4,560.0
2021-01-07 14:15:00,NSE:SHIL,184.4,184.8,184.05,184.7,8111.0
2021-01-07 14:30:00,NSE:SHIL,184.9,185.9,184.6,184.65,7203.0
2021-01-07 14:45:00,NSE:SHIL,184.7,184.85,184.45,184.45,3831.0
2021-01-07 15:00:00,NSE:SHIL,184.15,184.4,183.25,183.45,3621.0
2021-01-07 15:15:00,NSE:SHIL,183.85,184.8,182.8,184.0,16335.0
2021-01-08 09:00:00,NSE:SHIL,182.65,182.65,182.65,182.65,2.0
2021-01-08 09:15:00,NSE:SHIL,182.65,187.0,182.65,186.5,18002.0
2021-01-08 09:30:00,NSE:SHIL,186.9,193.0,186.85,188.95,52687.0
2021-01-08 09:45:00,NSE:SHIL,188.35,189.35,186.1,188.0,10137.0
2021-01-08 10:00:00,NSE:SHIL,188.05,188.25,186.45,186.45,5002.0
2021-01-08 10:15:00,NSE:SHIL,187.25,187.25,185.8,186.0,2776.0
2021-01-08 10:30:00,NSE:SHIL,185.55,186.55,185.55,186.0,1971.0
2021-01-08 10:45:00,NSE:SHIL,186.25,186.45,185.85,186.45,467.0
2021-01-08 11:00:00,NSE:SHIL,186.5,186.5,186.0,186.2,880.0
2021-01-08 11:15:00,NSE:SHIL,186.45,186.5,186.05,186.35,681.0
2021-01-08 11:30:00,NSE:SHIL,186.1,186.45,185.85,185.85,1274.0
2021-01-08 11:45:00,NSE:SHIL,185.85,186.5,185.85,186.45,2755.0
2021-01-08 12:00:00,NSE:SHIL,186.45,186.45,185.85,186.15,1546.0
2021-01-08 12:15:00,NSE:SHIL,186.1,186.45,186.0,186.15,552.0
2021-01-08 12:30:00,NSE:SHIL,186.0,186.45,184.5,185.3,2797.0
2021-01-08 12:45:00,NSE:SHIL,185.55,186.45,185.3,186.2,1265.0
2021-01-08 13:00:00,NSE:SHIL,186.25,186.3,185.65,185.65,743.0
2021-01-08 13:15:00,NSE:SHIL,186.45,186.45,186.0,186.4,1390.0
2021-01-08 13:30:00,NSE:SHIL,186.1,186.45,186.05,186.05,572.0
2021-01-08 13:45:00,NSE:SHIL,186.3,186.45,186.1,186.45,718.0
2021-01-08 14:00:00,NSE:SHIL,186.2,186.5,186.0,186.0,4079.0
2021-01-08 14:15:00,NSE:SHIL,186.0,186.2,182.15,184.2,7941.0
2021-01-08 14:30:00,NSE:SHIL,184.95,185.05,181.0,182.5,12848.0
2021-01-08 14:45:00,NSE:SHIL,182.5,182.8,182.0,182.75,1856.0
2021-01-08 15:00:00,NSE:SHIL,182.75,182.75,182.4,182.45,1239.0
2021-01-08 15:15:00,NSE:SHIL,182.8,184.75,182.45,184.0,14021.0
2021-01-08 15:45:00,NSE:SHIL,183.45,183.45,183.45,183.45,5.0
2021-01-11 09:00:00,NSE:SHIL,184.0,184.0,184.0,184.0,136.0
2021-01-11 09:15:00,NSE:SHIL,184.0,187.05,182.0,182.7,9475.0
2021-01-11 09:30:00,NSE:SHIL,182.95,183.0,182.1,182.7,3401.0
2021-01-11 09:45:00,NSE:SHIL,183.0,186.0,182.7,186.0,24902.0
2021-01-11 10:00:00,NSE:SHIL,186.0,188.0,184.65,185.8,7145.0
2021-01-11 10:15:00,NSE:SHIL,186.0,186.1,182.5,182.7,5607.0
2021-01-11 10:30:00,NSE:SHIL,183.0,183.0,180.0,181.15,8205.0
2021-01-11 10:45:00,NSE:SHIL,181.5,182.3,180.6,182.3,1437.0
2021-01-11 11:00:00,NSE:SHIL,182.05,182.05,180.0,180.7,5172.0
2021-01-11 11:15:00,NSE:SHIL,180.0,180.65,179.0,179.55,2739.0
2021-01-11 11:30:00,NSE:SHIL,179.6,180.5,178.95,179.3,4471.0
2021-01-11 11:45:00,NSE:SHIL,179.25,180.85,175.15,180.65,50855.0
2021-01-11 12:00:00,NSE:SHIL,180.55,180.55,179.0,179.8,3268.0
2021-01-11 12:15:00,NSE:SHIL,179.95,180.0,179.8,179.95,1336.0
2021-01-11 12:30:00,NSE:SHIL,179.5,179.65,178.6,178.65,1797.0
2021-01-11 12:45:00,NSE:SHIL,179.45,179.95,178.8,179.95,341.0
2021-01-11 13:00:00,NSE:SHIL,179.7,179.7,178.7,179.4,740.0
2021-01-11 13:15:00,NSE:SHIL,179.4,180.15,179.4,179.95,1140.0
2021-01-11 13:30:00,NSE:SHIL,179.95,180.45,179.9,180.45,483.0
2021-01-11 13:45:00,NSE:SHIL,180.5,180.5,180.2,180.45,961.0
2021-01-11 14:00:00,NSE:SHIL,180.25,180.25,178.85,179.95,4767.0
2021-01-11 14:15:00,NSE:SHIL,179.0,179.9,178.5,179.2,9726.0
2021-01-11 14:30:00,NSE:SHIL,179.2,179.7,178.7,178.9,1726.0
2021-01-11 14:45:00,NSE:SHIL,179.65,179.75,178.5,178.95,5036.0
2021-01-11 15:00:00,NSE:SHIL,178.95,180.45,178.0,180.45,8063.0
2021-01-11 15:15:00,NSE:SHIL,180.5,183.0,180.5,182.0,22191.0
2021-01-11 15:30:00,NSE:SHIL,181.5,182.0,181.5,182.0,195.0
2021-01-11 15:45:00,NSE:SHIL,181.5,181.5,181.5,181.5,55.0
2021-01-12 09:00:00,NSE:SHIL,186.3,186.3,186.3,186.3,801.0
2021-01-12 09:15:00,NSE:SHIL,181.1,184.15,177.1,178.15,14259.0
2021-01-12 09:30:00,NSE:SHIL,178.55,178.9,176.0,178.45,17779.0
2021-01-12 09:45:00,NSE:SHIL,178.45,178.6,177.5,178.4,2350.0
2021-01-12 10:00:00,NSE:SHIL,178.5,179.15,178.5,178.5,9553.0
2021-01-12 10:15:00,NSE:SHIL,178.5,178.85,177.5,177.6,3406.0
2021-01-12 10:30:00,NSE:SHIL,177.6,177.95,177.0,177.9,4193.0
2021-01-12 10:45:00,NSE:SHIL,177.45,178.0,177.0,178.0,2748.0
2021-01-12 11:00:00,NSE:SHIL,177.6,177.65,177.0,177.1,1633.0
2021-01-12 11:15:00,NSE:SHIL,177.0,177.75,176.5,177.75,10262.0
2021-01-12 11:30:00,NSE:SHIL,177.75,177.9,177.25,177.25,1702.0
2021-01-12 11:45:00,NSE:SHIL,179.0,179.0,177.5,178.0,6325.0
2021-01-12 12:00:00,NSE:SHIL,178.0,178.65,178.0,178.55,1088.0
2021-01-12 12:15:00,NSE:SHIL,178.3,179.0,177.85,178.7,3645.0
2021-01-12 12:30:00,NSE:SHIL,178.45,179.0,178.45,178.6,6657.0
2021-01-12 12:45:00,NSE:SHIL,178.85,179.8,178.6,179.25,531.0
2021-01-12 13:00:00,NSE:SHIL,178.4,178.9,178.4,178.5,2673.0
2021-01-12 13:15:00,NSE:SHIL,178.4,179.2,178.05,179.2,1951.0
2021-01-12 13:30:00,NSE:SHIL,179.1,179.4,179.1,179.1,73.0
2021-01-12 13:45:00,NSE:SHIL,178.9,180.0,178.85,179.05,9265.0
2021-01-12 14:00:00,NSE:SHIL,179.3,179.6,179.25,179.25,491.0
2021-01-12 14:15:00,NSE:SHIL,179.2,179.2,178.65,178.95,2650.0
2021-01-12 14:30:00,NSE:SHIL,178.95,179.3,178.95,179.05,599.0
2021-01-12 14:45:00,NSE:SHIL,179.3,180.3,179.0,180.0,3894.0
2021-01-12 15:00:00,NSE:SHIL,180.0,182.5,179.65,182.5,9644.0
2021-01-12 15:15:00,NSE:SHIL,181.85,185.0,181.0,182.0,13676.0
2021-01-12 15:30:00,NSE:SHIL,181.9,181.9,181.9,181.9,150.0
2021-01-13 09:00:00,NSE:SHIL,182.3,182.3,182.3,182.3,250.0
2021-01-13 09:15:00,NSE:SHIL,182.3,182.3,180.1,180.15,3001.0
2021-01-13 09:30:00,NSE:SHIL,180.85,181.0,179.0,179.0,6446.0
2021-01-13 09:45:00,NSE:SHIL,179.35,179.85,179.0,179.8,2382.0
2021-01-13 10:00:00,NSE:SHIL,179.55,179.55,177.8,178.9,5689.0
2021-01-13 10:15:00,NSE:SHIL,179.15,179.15,178.7,178.9,942.0
2021-01-13 10:30:00,NSE:SHIL,179.0,179.0,178.7,178.7,3180.0
2021-01-13 10:45:00,NSE:SHIL,179.0,179.1,178.5,178.75,1380.0
2021-01-13 11:00:00,NSE:SHIL,178.7,179.25,178.55,179.0,1746.0
2021-01-13 11:15:00,NSE:SHIL,179.0,179.2,178.65,178.65,2028.0
2021-01-13 11:30:00,NSE:SHIL,178.65,178.65,176.5,178.5,11215.0
2021-01-13 11:45:00,NSE:SHIL,178.0,178.0,177.8,177.95,4710.0
2021-01-13 12:00:00,NSE:SHIL,177.6,177.7,177.3,177.5,3828.0
2021-01-13 12:15:00,NSE:SHIL,177.7,177.9,177.05,177.65,1443.0
2021-01-13 12:30:00,NSE:SHIL,177.7,177.9,177.7,177.75,692.0
2021-01-13 12:45:00,NSE:SHIL,177.95,177.95,177.05,177.5,4667.0
2021-01-13 13:00:00,NSE:SHIL,177.5,177.95,177.3,177.8,1539.0
2021-01-13 13:15:00,NSE:SHIL,177.6,177.95,177.3,177.65,993.0
2021-01-13 13:30:00,NSE:SHIL,177.55,177.9,176.55,176.95,10037.0
2021-01-13 13:45:00,NSE:SHIL,177.0,177.2,176.5,176.95,18315.0
2021-01-13 14:00:00,NSE:SHIL,177.05,177.05,176.0,176.9,13954.0
2021-01-13 14:15:00,NSE:SHIL,176.1,177.45,176.0,177.45,7683.0
2021-01-13 14:30:00,NSE:SHIL,176.95,177.0,176.7,176.7,1175.0
2021-01-13 14:45:00,NSE:SHIL,176.7,176.95,176.55,176.95,1285.0
2021-01-13 15:00:00,NSE:SHIL,177.0,177.0,176.75,176.75,10355.0
2021-01-13 15:15:00,NSE:SHIL,176.75,176.9,175.85,176.0,8480.0
2021-01-13 15:30:00,NSE:SHIL,176.65,176.65,176.65,176.65,21.0
2021-01-14 09:00:00,NSE:SHIL,178.95,178.95,178.95,178.95,110.0
2021-01-14 09:15:00,NSE:SHIL,176.65,176.65,171.1,174.8,7197.0
2021-01-14 09:30:00,NSE:SHIL,175.4,175.6,173.45,173.5,2276.0
2021-01-14 09:45:00,NSE:SHIL,173.8,173.95,172.8,173.95,2723.0
2021-01-14 10:00:00,NSE:SHIL,174.0,174.85,173.95,174.4,2232.0
2021-01-14 10:15:00,NSE:SHIL,174.6,174.65,174.0,174.25,3004.0
2021-01-14 10:30:00,NSE:SHIL,174.4,174.65,172.6,173.8,5817.0
2021-01-14 10:45:00,NSE:SHIL,173.75,173.8,172.8,173.05,2573.0
2021-01-14 11:00:00,NSE:SHIL,173.6,173.6,172.75,172.75,2536.0
2021-01-14 11:15:00,NSE:SHIL,173.0,174.2,173.0,174.0,890.0
2021-01-14 11:30:00,NSE:SHIL,174.1,174.45,173.5,173.9,1658.0
2021-01-14 11:45:00,NSE:SHIL,173.9,174.1,173.35,174.05,4330.0
2021-01-14 12:00:00,NSE:SHIL,174.05,175.6,174.0,174.7,4307.0
2021-01-14 12:15:00,NSE:SHIL,175.0,177.55,175.0,177.55,5128.0
2021-01-14 12:30:00,NSE:SHIL,178.0,179.35,177.6,177.75,2995.0
2021-01-14 12:45:00,NSE:SHIL,178.0,178.4,177.55,178.35,2649.0
2021-01-14 13:00:00,NSE:SHIL,177.95,178.45,177.7,178.3,880.0
2021-01-14 13:15:00,NSE:SHIL,178.5,178.5,178.0,178.0,868.0
2021-01-14 13:30:00,NSE:SHIL,177.6,178.7,177.6,178.15,630.0
2021-01-14 13:45:00,NSE:SHIL,178.1,178.1,177.5,177.6,1285.0
2021-01-14 14:00:00,NSE:SHIL,178.0,178.0,177.5,177.5,4134.0
2021-01-14 14:15:00,NSE:SHIL,177.5,178.2,177.5,178.2,322.0
2021-01-14 14:30:00,NSE:SHIL,177.75,177.75,177.75,177.75,612.0
2021-01-14 14:45:00,NSE:SHIL,177.95,178.15,177.75,177.8,2429.0
2021-01-14 15:00:00,NSE:SHIL,177.75,178.0,177.75,177.95,2751.0
2021-01-14 15:15:00,NSE:SHIL,178.05,179.9,177.9,177.9,10665.0
2021-01-14 15:30:00,NSE:SHIL,178.45,178.45,178.45,178.45,10.0
2021-01-15 09:00:00,NSE:SHIL,177.15,177.15,177.15,177.15,208.0
2021-01-15 09:15:00,NSE:SHIL,178.95,178.95,176.0,176.2,1462.0
2021-01-15 09:30:00,NSE:SHIL,176.95,176.95,175.5,176.3,871.0
2021-01-15 09:45:00,NSE:SHIL,176.0,176.0,173.0,174.75,3398.0
2021-01-15 10:00:00,NSE:SHIL,174.75,175.0,173.5,174.55,9401.0
2021-01-15 10:15:00,NSE:SHIL,174.5,174.75,174.5,174.5,1289.0
2021-01-15 10:30:00,NSE:SHIL,174.5,174.8,174.5,174.55,507.0
2021-01-15 10:45:00,NSE:SHIL,174.55,174.75,174.5,174.5,918.0
2021-01-15 11:00:00,NSE:SHIL,174.5,174.5,174.05,174.3,4380.0
2021-01-15 11:15:00,NSE:SHIL,174.3,174.7,174.0,174.35,3807.0
2021-01-15 11:30:00,NSE:SHIL,174.55,174.85,174.4,174.85,211.0
2021-01-15 11:45:00,NSE:SHIL,174.9,174.95,174.55,174.95,364.0
2021-01-15 12:00:00,NSE:SHIL,174.95,175.0,174.55,174.95,643.0
2021-01-15 12:15:00,NSE:SHIL,174.9,174.9,174.5,174.5,1545.0
2021-01-15 12:30:00,NSE:SHIL,174.5,174.5,173.75,173.75,2605.0
2021-01-15 12:45:00,NSE:SHIL,174.65,174.65,173.95,174.0,903.0
2021-01-15 13:00:00,NSE:SHIL,174.5,174.55,174.4,174.5,259.0
2021-01-15 13:15:00,NSE:SHIL,174.15,174.15,174.1,174.1,550.0
2021-01-15 13:30:00,NSE:SHIL,174.2,174.4,174.0,174.05,297.0
2021-01-15 13:45:00,NSE:SHIL,173.85,174.7,173.8,174.2,1103.0
2021-01-15 14:00:00,NSE:SHIL,174.2,175.0,173.75,174.6,7836.0
2021-01-15 14:15:00,NSE:SHIL,174.6,174.6,174.2,174.5,4630.0
2021-01-15 14:30:00,NSE:SHIL,174.5,174.95,174.5,174.5,1115.0
2021-01-15 14:45:00,NSE:SHIL,174.55,178.5,174.55,178.5,7087.0
2021-01-15 15:00:00,NSE:SHIL,178.8,180.0,178.0,179.95,10806.0
2021-01-15 15:15:00,NSE:SHIL,180.0,180.55,173.25,177.6,22255.0
2021-01-15 15:30:00,NSE:SHIL,177.6,177.6,177.6,177.6,200.0
2021-01-15 15:45:00,NSE:SHIL,177.6,177.6,177.6,177.6,5.0
2021-01-18 09:00:00,NSE:SHIL,175.3,175.3,175.3,175.3,20.0
2021-01-18 09:15:00,NSE:SHIL,175.3,175.3,174.35,174.8,1393.0
2021-01-18 09:30:00,NSE:SHIL,174.6,174.6,171.1,172.45,9221.0
2021-01-18 09:45:00,NSE:SHIL,172.4,173.7,171.8,172.5,4826.0
2021-01-18 10:00:00,NSE:SHIL,172.5,173.1,172.5,172.95,6225.0
2021-01-18 10:15:00,NSE:SHIL,172.5,172.5,171.1,172.0,11905.0
2021-01-18 10:30:00,NSE:SHIL,171.4,171.75,170.6,170.95,9114.0
2021-01-18 10:45:00,NSE:SHIL,170.85,172.0,170.85,172.0,1356.0
2021-01-18 11:00:00,NSE:SHIL,172.0,172.0,171.8,171.85,1393.0
2021-01-18 11:15:00,NSE:SHIL,172.0,172.0,170.0,170.85,4694.0
2021-01-18 11:30:00,NSE:SHIL,171.35,171.4,171.0,171.0,905.0
2021-01-18 11:45:00,NSE:SHIL,170.9,171.45,170.85,171.1,1909.0
2021-01-18 12:00:00,NSE:SHIL,171.0,171.5,171.0,171.4,263.0
2021-01-18 12:15:00,NSE:SHIL,171.4,171.4,171.05,171.4,2439.0
2021-01-18 12:30:00,NSE:SHIL,171.5,171.5,171.05,171.2,415.0
2021-01-18 12:45:00,NSE:SHIL,171.05,172.0,171.05,171.45,1742.0
2021-01-18 13:00:00,NSE:SHIL,171.4,171.4,171.35,171.35,80.0
2021-01-18 13:15:00,NSE:SHIL,171.15,171.55,170.05,170.05,4831.0
2021-01-18 13:30:00,NSE:SHIL,170.55,171.7,170.55,171.55,727.0
2021-01-18 13:45:00,NSE:SHIL,171.55,171.9,171.55,171.85,1522.0
2021-01-18 14:00:00,NSE:SHIL,171.3,171.9,171.3,171.9,1005.0
2021-01-18 14:15:00,NSE:SHIL,171.45,171.55,170.9,171.55,2218.0
2021-01-18 14:30:00,NSE:SHIL,171.5,173.0,171.5,171.7,4438.0
2021-01-18 14:45:00,NSE:SHIL,171.85,172.1,171.85,171.9,280.0
2021-01-18 15:00:00,NSE:SHIL,172.05,174.5,172.05,172.5,9723.0
2021-01-18 15:15:00,NSE:SHIL,173.15,173.45,170.5,170.55,5792.0
2021-01-19 09:00:00,NSE:SHIL,172.8,172.8,172.8,172.8,137.0
2021-01-19 09:15:00,NSE:SHIL,172.8,174.45,172.7,174.35,2410.0
2021-01-19 09:30:00,NSE:SHIL,174.2,174.5,173.45,173.55,4445.0
2021-01-19 09:45:00,NSE:SHIL,173.5,173.7,173.45,173.45,483.0
2021-01-19 10:00:00,NSE:SHIL,173.45,173.95,173.3,173.55,939.0
2021-01-19 10:15:00,NSE:SHIL,173.5,173.6,173.05,173.05,1439.0
2021-01-19 10:30:00,NSE:SHIL,173.65,173.65,173.05,173.05,1244.0
2021-01-19 10:45:00,NSE:SHIL,173.55,173.9,173.05,173.35,949.0
2021-01-19 11:00:00,NSE:SHIL,173.3,173.45,171.85,171.85,1471.0
2021-01-19 11:15:00,NSE:SHIL,172.0,172.55,171.3,172.0,2211.0
2021-01-19 11:30:00,NSE:SHIL,172.0,172.0,171.3,171.4,880.0
2021-01-19 11:45:00,NSE:SHIL,171.95,172.0,171.4,171.9,2516.0
2021-01-19 12:00:00,NSE:SHIL,172.25,173.7,172.0,172.0,2262.0
2021-01-19 12:15:00,NSE:SHIL,172.95,173.65,172.95,173.65,856.0
2021-01-19 12:30:00,NSE:SHIL,173.7,175.9,172.7,175.9,7543.0
2021-01-19 12:45:00,NSE:SHIL,175.9,175.9,174.3,174.3,2054.0
2021-01-19 13:00:00,NSE:SHIL,175.1,175.1,174.4,174.4,1134.0
2021-01-19 13:15:00,NSE:SHIL,174.4,175.0,174.4,174.8,1150.0
2021-01-19 13:30:00,NSE:SHIL,174.75,175.85,174.55,174.6,3204.0
2021-01-19 13:45:00,NSE:SHIL,174.55,179.0,174.55,178.0,15297.0
2021-01-19 14:00:00,NSE:SHIL,178.1,181.9,178.0,181.9,10890.0
2021-01-19 14:15:00,NSE:SHIL,181.75,185.25,181.45,181.45,26459.0
2021-01-19 14:30:00,NSE:SHIL,181.35,183.9,181.35,183.3,5142.0
2021-01-19 14:45:00,NSE:SHIL,183.25,183.8,182.1,183.0,4306.0
2021-01-19 15:00:00,NSE:SHIL,183.0,185.7,183.0,184.8,23926.0
2021-01-19 15:15:00,NSE:SHIL,184.75,185.0,183.5,184.95,21385.0
2021-01-19 15:30:00,NSE:SHIL,184.6,184.95,184.6,184.6,945.0
2021-01-20 09:00:00,NSE:SHIL,185.5,185.5,185.5,185.5,352.0
2021-01-20 09:15:00,NSE:SHIL,187.0,187.95,182.6,184.3,10597.0
2021-01-20 09:30:00,NSE:SHIL,183.85,183.85,182.0,183.1,4857.0
2021-01-20 09:45:00,NSE:SHIL,183.1,183.1,178.3,182.55,13427.0
2021-01-20 10:00:00,NSE:SHIL,182.65,184.4,182.65,184.4,1762.0
2021-01-20 10:15:00,NSE:SHIL,184.0,184.45,184.0,184.0,1695.0
2021-01-20 10:30:00,NSE:SHIL,181.2,182.65,181.2,182.3,9371.0
2021-01-20 10:45:00,NSE:SHIL,182.55,182.65,180.05,180.05,3963.0
2021-01-20 11:00:00,NSE:SHIL,181.45,182.6,181.0,181.0,6123.0
2021-01-20 11:15:00,NSE:SHIL,181.65,182.3,181.65,181.9,415.0
2021-01-20 11:30:00,NSE:SHIL,181.9,182.4,181.9,182.0,842.0
2021-01-20 11:45:00,NSE:SHIL,182.0,182.0,181.95,181.95,732.0
2021-01-20 12:00:00,NSE:SHIL,181.0,181.0,180.8,181.0,2789.0
2021-01-20 12:15:00,NSE:SHIL,181.0,181.0,178.2,178.3,9825.0
2021-01-20 12:30:00,NSE:SHIL,178.0,179.0,177.75,178.7,5213.0
2021-01-20 12:45:00,NSE:SHIL,178.4,178.95,178.2,178.4,138.0
2021-01-20 13:00:00,NSE:SHIL,178.85,179.0,178.4,178.5,1857.0
2021-01-20 13:15:00,NSE:SHIL,178.45,179.15,178.25,178.5,4954.0
2021-01-20 13:30:00,NSE:SHIL,178.85,179.0,178.55,179.0,3784.0
2021-01-20 13:45:00,NSE:SHIL,179.0,179.4,179.0,179.0,1549.0
2021-01-20 14:00:00,NSE:SHIL,179.1,179.55,177.5,177.5,5960.0
2021-01-20 14:15:00,NSE:SHIL,178.5,179.9,178.1,178.95,1563.0
2021-01-20 14:30:00,NSE:SHIL,178.95,179.1,178.2,178.7,1492.0
2021-01-20 14:45:00,NSE:SHIL,178.75,178.75,178.0,178.3,3424.0
2021-01-20 15:00:00,NSE:SHIL,178.9,179.45,177.75,178.1,13034.0
2021-01-20 15:15:00,NSE:SHIL,178.25,182.0,177.85,180.0,38519.0
2021-01-20 15:30:00,NSE:SHIL,180.0,180.0,179.95,179.95,19.0
2021-01-20 15:45:00,NSE:SHIL,179.95,180.0,179.95,180.0,509.0
2021-01-21 09:00:00,NSE:SHIL,178.35,178.35,178.35,178.35,150.0
2021-01-21 09:15:00,NSE:SHIL,181.05,181.4,179.05,180.0,4157.0
2021-01-21 09:30:00,NSE:SHIL,180.05,181.25,180.05,180.5,4028.0
2021-01-21 09:45:00,NSE:SHIL,180.55,180.55,178.9,179.0,3350.0
2021-01-21 10:00:00,NSE:SHIL,179.0,179.4,178.7,178.95,1829.0
2021-01-21 10:15:00,NSE:SHIL,179.0,179.4,178.75,178.8,357.0
2021-01-21 10:30:00,NSE:SHIL,178.95,179.6,178.8,178.95,2175.0
2021-01-21 10:45:00,NSE:SHIL,178.7,179.4,177.0,177.0,7668.0
2021-01-21 11:00:00,NSE:SHIL,177.4,178.05,175.0,177.0,8319.0
2021-01-21 11:15:00,NSE:SHIL,176.0,176.0,172.4,173.0,18829.0
2021-01-21 11:30:00,NSE:SHIL,173.0,174.5,173.0,173.95,4231.0
2021-01-21 11:45:00,NSE:SHIL,174.0,174.3,173.7,174.2,775.0
2021-01-21 12:00:00,NSE:SHIL,174.3,174.5,174.25,174.5,1775.0
2021-01-21 12:15:00,NSE:SHIL,174.5,174.95,174.4,174.85,3232.0
2021-01-21 12:30:00,NSE:SHIL,174.85,177.4,174.8,177.0,3664.0
2021-01-21 12:45:00,NSE:SHIL,177.0,177.0,175.05,176.25,4088.0
2021-01-21 13:00:00,NSE:SHIL,175.6,176.2,175.15,175.15,375.0
2021-01-21 13:15:00,NSE:SHIL,175.75,176.2,175.15,176.05,831.0
2021-01-21 13:30:00,NSE:SHIL,176.1,176.1,175.7,176.0,111.0
2021-01-21 13:45:00,NSE:SHIL,176.5,178.0,176.5,177.2,9137.0
2021-01-21 14:00:00,NSE:SHIL,176.3,176.4,175.55,175.55,736.0
2021-01-21 14:15:00,NSE:SHIL,175.5,176.2,174.5,175.1,2638.0
2021-01-21 14:30:00,NSE:SHIL,174.9,176.6,174.7,175.6,3379.0
2021-01-21 14:45:00,NSE:SHIL,175.0,176.2,172.75,172.75,11412.0
2021-01-21 15:00:00,NSE:SHIL,172.5,172.95,170.05,172.0,9575.0
2021-01-21 15:15:00,NSE:SHIL,172.65,175.0,172.0,175.0,10150.0
2021-01-21 15:30:00,NSE:SHIL,172.7,172.7,172.7,172.7,75.0
2021-01-22 09:00:00,NSE:SHIL,172.7,172.7,172.7,172.7,61.0
2021-01-22 09:15:00,NSE:SHIL,172.3,176.05,172.3,176.0,7024.0
2021-01-22 09:30:00,NSE:SHIL,177.1,179.9,177.0,179.25,15081.0
2021-01-22 09:45:00,NSE:SHIL,179.0,179.55,177.55,177.7,6302.0
2021-01-22 10:00:00,NSE:SHIL,177.55,177.6,176.5,177.0,5068.0
2021-01-22 10:15:00,NSE:SHIL,177.0,177.4,176.55,176.8,3320.0
2021-01-22 10:30:00,NSE:SHIL,177.25,177.25,175.0,175.0,6350.0
2021-01-22 10:45:00,NSE:SHIL,175.0,176.9,175.0,176.25,2370.0
2021-01-22 11:00:00,NSE:SHIL,176.15,176.15,175.2,175.35,563.0
2021-01-22 11:15:00,NSE:SHIL,175.3,176.45,175.1,175.1,1650.0
2021-01-22 11:30:00,NSE:SHIL,175.7,175.95,175.0,175.0,3052.0
2021-01-22 11:45:00,NSE:SHIL,175.0,175.55,175.0,175.0,418.0
2021-01-22 12:00:00,NSE:SHIL,175.05,175.05,175.0,175.0,570.0
2021-01-22 12:15:00,NSE:SHIL,175.0,175.1,175.0,175.1,308.0
2021-01-22 12:30:00,NSE:SHIL,175.1,176.65,175.1,175.65,3357.0
2021-01-22 12:45:00,NSE:SHIL,175.8,176.0,175.3,175.3,914.0
2021-01-22 13:00:00,NSE:SHIL,175.1,175.7,175.0,175.0,1705.0
2021-01-22 13:15:00,NSE:SHIL,175.0,175.55,175.0,175.0,1585.0
2021-01-22 13:30:00,NSE:SHIL,175.05,175.45,175.0,175.05,339.0
2021-01-22 13:45:00,NSE:SHIL,175.6,175.6,175.0,175.0,942.0
2021-01-22 14:00:00,NSE:SHIL,175.0,175.3,175.0,175.0,3648.0
2021-01-22 14:15:00,NSE:SHIL,175.0,175.45,175.0,175.45,334.0
2021-01-22 14:30:00,NSE:SHIL,175.5,175.9,175.05,175.05,1697.0
2021-01-22 14:45:00,NSE:SHIL,175.65,175.65,175.05,175.5,402.0
2021-01-22 15:00:00,NSE:SHIL,175.1,175.5,175.0,175.05,4430.0
2021-01-22 15:15:00,NSE:SHIL,175.0,175.75,174.1,175.75,6998.0
2021-01-22 15:45:00,NSE:SHIL,174.9,174.9,174.9,174.9,69.0
2021-01-25 09:00:00,NSE:SHIL,176.85,176.85,176.85,176.85,4.0
2021-01-25 09:15:00,NSE:SHIL,176.4,176.95,173.8,175.55,2157.0
2021-01-25 09:30:00,NSE:SHIL,175.1,175.95,174.0,174.0,3283.0
2021-01-25 09:45:00,NSE:SHIL,173.8,173.8,171.5,173.2,3504.0
2021-01-25 10:00:00,NSE:SHIL,173.5,174.55,173.0,174.1,1597.0
2021-01-25 10:15:00,NSE:SHIL,174.25,175.0,174.05,174.15,1855.0
2021-01-25 10:30:00,NSE:SHIL,174.15,174.5,174.1,174.1,284.0
2021-01-25 10:45:00,NSE:SHIL,174.05,174.5,174.05,174.15,1594.0
2021-01-25 11:00:00,NSE:SHIL,174.1,174.5,174.0,174.25,1800.0
2021-01-25 11:15:00,NSE:SHIL,175.0,175.0,174.2,174.2,1768.0
2021-01-25 11:30:00,NSE:SHIL,174.25,174.3,174.2,174.25,387.0
2021-01-25 11:45:00,NSE:SHIL,174.2,174.2,173.85,173.85,257.0
2021-01-25 12:00:00,NSE:SHIL,173.85,174.0,173.85,174.0,109.0
2021-01-25 12:15:00,NSE:SHIL,174.3,174.4,174.1,174.1,96.0
2021-01-25 12:30:00,NSE:SHIL,174.4,174.4,171.9,171.9,5321.0
2021-01-25 12:45:00,NSE:SHIL,172.5,174.85,171.0,173.6,7722.0
2021-01-25 13:00:00,NSE:SHIL,173.0,173.0,169.0,171.0,12008.0
2021-01-25 13:15:00,NSE:SHIL,171.6,172.15,171.6,171.85,736.0
2021-01-25 13:30:00,NSE:SHIL,171.85,172.3,171.85,172.0,417.0
2021-01-25 13:45:00,NSE:SHIL,172.0,172.5,172.0,172.5,539.0
2021-01-25 14:00:00,NSE:SHIL,169.05,171.6,169.05,170.85,5316.0
2021-01-25 14:15:00,NSE:SHIL,170.85,171.5,170.0,170.95,6406.0
2021-01-25 14:30:00,NSE:SHIL,170.05,170.8,166.55,169.8,9955.0
2021-01-25 14:45:00,NSE:SHIL,169.65,170.65,166.1,169.85,5848.0
2021-01-25 15:00:00,NSE:SHIL,169.4,169.7,163.85,169.25,13593.0
2021-01-25 15:15:00,NSE:SHIL,169.55,171.0,166.5,170.0,16208.0
2021-01-25 15:30:00,NSE:SHIL,168.8,170.0,168.8,168.8,800.0
2021-01-25 15:45:00,NSE:SHIL,168.8,170.0,168.8,170.0,261.0
2021-01-27 09:00:00,NSE:SHIL,166.0,166.0,166.0,166.0,9.0
2021-01-27 09:15:00,NSE:SHIL,170.0,170.65,166.0,169.2,5102.0
2021-01-27 09:30:00,NSE:SHIL,169.35,169.95,169.15,169.35,1974.0
2021-01-27 09:45:00,NSE:SHIL,169.15,169.15,167.05,167.8,2078.0
2021-01-27 10:00:00,NSE:SHIL,167.65,169.35,167.65,169.05,1113.0
2021-01-27 10:15:00,NSE:SHIL,169.05,169.05,168.4,169.0,1049.0
2021-01-27 10:30:00,NSE:SHIL,168.6,169.1,168.6,169.1,949.0
2021-01-27 10:45:00,NSE:SHIL,169.1,170.5,169.1,170.05,2226.0
2021-01-27 11:00:00,NSE:SHIL,170.55,173.0,170.3,170.35,5724.0
2021-01-27 11:15:00,NSE:SHIL,170.35,171.7,170.35,171.15,769.0
2021-01-27 11:30:00,NSE:SHIL,171.1,171.1,170.55,170.7,115.0
2021-01-27 11:45:00,NSE:SHIL,170.7,170.95,170.5,170.5,726.0
2021-01-27 12:00:00,NSE:SHIL,170.7,171.05,170.25,170.3,1514.0
2021-01-27 12:15:00,NSE:SHIL,170.35,171.0,170.35,170.55,640.0
2021-01-27 12:30:00,NSE:SHIL,170.45,170.45,170.4,170.45,145.0
2021-01-27 12:45:00,NSE:SHIL,171.0,171.0,169.5,169.6,4174.0
2021-01-27 13:00:00,NSE:SHIL,169.7,169.9,169.0,169.2,684.0
2021-01-27 13:15:00,NSE:SHIL,169.0,169.0,168.1,168.1,3637.0
2021-01-27 13:30:00,NSE:SHIL,168.15,168.5,168.0,168.2,2368.0
2021-01-27 13:45:00,NSE:SHIL,168.2,168.2,167.3,167.95,3448.0
2021-01-27 14:00:00,NSE:SHIL,167.85,168.3,167.05,167.35,1494.0
2021-01-27 14:15:00,NSE:SHIL,168.45,168.95,167.25,168.6,2615.0
2021-01-27 14:30:00,NSE:SHIL,168.95,168.95,167.55,167.55,5911.0
2021-01-27 14:45:00,NSE:SHIL,167.6,168.95,167.6,168.5,2568.0
2021-01-27 15:00:00,NSE:SHIL,168.5,168.6,168.0,168.4,3599.0
2021-01-27 15:15:00,NSE:SHIL,168.2,169.0,165.9,166.0,13627.0
2021-01-28 09:00:00,NSE:SHIL,166.25,166.25,166.25,166.25,31.0
2021-01-28 09:15:00,NSE:SHIL,166.25,166.5,163.0,164.05,5237.0
2021-01-28 09:30:00,NSE:SHIL,164.2,165.6,164.2,165.6,2343.0
2021-01-28 09:45:00,NSE:SHIL,165.6,166.0,165.35,165.9,1290.0
2021-01-28 10:00:00,NSE:SHIL,165.6,168.5,165.6,167.75,3315.0
2021-01-28 10:15:00,NSE:SHIL,168.4,168.45,167.7,167.8,1289.0
2021-01-28 10:30:00,NSE:SHIL,167.95,168.45,167.45,167.45,1677.0
2021-01-28 10:45:00,NSE:SHIL,168.05,168.5,167.7,168.15,5160.0
2021-01-28 11:00:00,NSE:SHIL,168.5,169.6,168.2,168.2,1088.0
2021-01-28 11:15:00,NSE:SHIL,168.2,170.45,168.1,169.95,3664.0
2021-01-28 11:30:00,NSE:SHIL,169.8,170.7,169.2,169.3,9230.0
2021-01-28 11:45:00,NSE:SHIL,169.3,169.3,168.25,168.25,825.0
2021-01-28 12:00:00,NSE:SHIL,168.5,168.5,167.2,167.45,2495.0
2021-01-28 12:15:00,NSE:SHIL,167.0,167.5,166.7,167.05,1746.0
2021-01-28 12:30:00,NSE:SHIL,167.05,167.1,166.85,166.9,222.0
2021-01-28 12:45:00,NSE:SHIL,166.8,167.75,166.8,167.5,800.0
2021-01-28 13:00:00,NSE:SHIL,167.7,168.5,166.95,167.15,748.0
2021-01-28 13:15:00,NSE:SHIL,167.1,168.8,167.1,167.8,2319.0
2021-01-28 13:30:00,NSE:SHIL,168.0,168.0,167.8,167.8,1470.0
2021-01-28 13:45:00,NSE:SHIL,167.8,168.0,167.8,167.9,211.0
2021-01-28 14:00:00,NSE:SHIL,168.05,169.45,167.7,169.15,3101.0
2021-01-28 14:15:00,NSE:SHIL,170.05,170.05,167.25,168.05,3797.0
2021-01-28 14:30:00,NSE:SHIL,168.6,168.6,166.7,168.0,2309.0
2021-01-28 14:45:00,NSE:SHIL,167.85,167.85,166.7,167.8,1567.0
2021-01-28 15:00:00,NSE:SHIL,167.85,170.55,167.85,169.5,11960.0
2021-01-28 15:15:00,NSE:SHIL,169.6,180.05,169.3,174.0,68173.0
2021-01-29 09:15:00,NSE:SHIL,176.85,178.7,174.8,176.3,3593.0
2021-01-29 09:30:00,NSE:SHIL,176.5,177.0,175.8,176.1,3859.0
2021-01-29 09:45:00,NSE:SHIL,176.05,176.2,174.2,174.2,6800.0
2021-01-29 10:00:00,NSE:SHIL,174.2,175.95,174.2,174.4,7737.0
2021-01-29 10:15:00,NSE:SHIL,174.45,175.15,173.0,173.4,4339.0
2021-01-29 10:30:00,NSE:SHIL,173.4,173.95,173.0,173.0,2419.0
2021-01-29 10:45:00,NSE:SHIL,173.0,173.3,171.9,172.1,2312.0
2021-01-29 11:00:00,NSE:SHIL,172.1,172.6,172.05,172.5,1965.0
2021-01-29 11:15:00,NSE:SHIL,172.5,172.8,172.1,172.35,1985.0
2021-01-29 11:30:00,NSE:SHIL,172.2,172.95,171.0,171.1,3051.0
2021-01-29 11:45:00,NSE:SHIL,171.1,171.65,170.6,170.6,3464.0
2021-01-29 12:00:00,NSE:SHIL,170.85,170.85,169.1,169.55,5834.0
2021-01-29 12:15:00,NSE:SHIL,169.55,171.55,169.45,171.5,4120.0
2021-01-29 12:30:00,NSE:SHIL,171.5,172.55,170.95,171.55,6391.0
2021-01-29 12:45:00,NSE:SHIL,171.6,172.25,171.6,172.0,2531.0
2021-01-29 13:00:00,NSE:SHIL,172.0,172.35,171.5,172.05,2117.0
2021-01-29 13:15:00,NSE:SHIL,172.05,172.7,170.95,171.2,2493.0
2021-01-29 13:30:00,NSE:SHIL,171.3,172.25,171.3,171.55,2331.0
2021-01-29 13:45:00,NSE:SHIL,171.55,171.55,170.9,170.9,2006.0
2021-01-29 14:00:00,NSE:SHIL,170.9,170.95,170.05,170.2,2243.0
2021-01-29 14:15:00,NSE:SHIL,170.1,170.8,170.1,170.5,2061.0
2021-01-29 14:30:00,NSE:SHIL,170.5,173.0,170.5,171.85,6691.0
2021-01-29 14:45:00,NSE:SHIL,171.85,173.0,170.95,172.05,4747.0
2021-01-29 15:00:00,NSE:SHIL,172.0,173.0,171.45,171.95,3738.0
2021-01-29 15:15:00,NSE:SHIL,171.95,173.0,170.0,170.0,10402.0
2021-02-01 09:00:00,NSE:SHIL,170.2,170.2,170.2,170.2,371.0
2021-02-01 09:15:00,NSE:SHIL,171.05,171.9,169.1,171.0,5833.0
2021-02-01 09:30:00,NSE:SHIL,170.4,171.9,168.85,170.7,4516.0
2021-02-01 09:45:00,NSE:SHIL,170.8,171.6,168.75,170.8,5698.0
2021-02-01 10:00:00,NSE:SHIL,171.0,171.5,170.9,171.0,549.0
2021-02-01 10:15:00,NSE:SHIL,171.0,172.95,170.8,172.6,5639.0
2021-02-01 10:30:00,NSE:SHIL,173.0,173.05,170.3,171.0,5087.0
2021-02-01 10:45:00,NSE:SHIL,171.05,173.8,170.65,171.0,6566.0
2021-02-01 11:00:00,NSE:SHIL,170.65,171.2,170.2,170.95,153.0
2021-02-01 11:15:00,NSE:SHIL,170.65,171.4,170.5,171.0,4867.0
2021-02-01 11:30:00,NSE:SHIL,171.0,171.0,170.35,170.35,810.0
2021-02-01 11:45:00,NSE:SHIL,170.35,170.9,170.25,170.75,976.0
2021-02-01 12:00:00,NSE:SHIL,170.25,170.8,170.0,170.1,2126.0
2021-02-01 12:15:00,NSE:SHIL,170.0,171.0,170.0,170.55,6685.0
2021-02-01 12:30:00,NSE:SHIL,170.95,171.0,170.35,170.5,537.0
2021-02-01 12:45:00,NSE:SHIL,170.65,171.5,170.6,171.0,14291.0
2021-02-01 13:00:00,NSE:SHIL,171.1,171.1,170.35,170.95,3181.0
2021-02-01 13:15:00,NSE:SHIL,170.85,171.0,170.3,171.0,2505.0
2021-02-01 13:30:00,NSE:SHIL,170.95,171.05,170.9,170.9,1120.0
2021-02-01 13:45:00,NSE:SHIL,170.9,179.4,170.25,176.55,27314.0
2021-02-01 14:00:00,NSE:SHIL,176.5,176.9,175.3,175.65,3807.0
2021-02-01 14:15:00,NSE:SHIL,176.0,178.9,176.0,178.2,4791.0
2021-02-01 14:30:00,NSE:SHIL,178.2,178.75,176.0,176.0,3076.0
2021-02-01 14:45:00,NSE:SHIL,177.0,177.0,176.0,176.95,6648.0
2021-02-01 15:00:00,NSE:SHIL,176.95,178.05,176.3,178.05,17668.0
2021-02-01 15:15:00,NSE:SHIL,179.0,182.0,177.15,180.0,36186.0
2021-02-01 15:30:00,NSE:SHIL,178.95,180.0,178.95,178.95,3200.0
2021-02-02 09:00:00,NSE:SHIL,180.45,180.45,180.45,180.45,150.0
2021-02-02 09:15:00,NSE:SHIL,179.3,183.8,179.3,182.7,11044.0
2021-02-02 09:30:00,NSE:SHIL,182.8,183.15,182.0,183.0,6905.0
2021-02-02 09:45:00,NSE:SHIL,182.6,183.0,179.0,179.5,5651.0
2021-02-02 10:00:00,NSE:SHIL,179.5,180.55,178.75,179.45,7562.0
2021-02-02 10:15:00,NSE:SHIL,179.25,179.5,179.0,179.0,1640.0
2021-02-02 10:30:00,NSE:SHIL,179.0,179.0,176.55,177.0,4262.0
2021-02-02 10:45:00,NSE:SHIL,176.05,177.8,175.7,177.8,9002.0
2021-02-02 11:00:00,NSE:SHIL,177.8,182.3,177.8,182.2,9422.0
2021-02-02 11:15:00,NSE:SHIL,182.2,185.55,182.05,184.0,26105.0
2021-02-02 11:30:00,NSE:SHIL,184.0,184.4,184.0,184.0,6565.0
2021-02-02 11:45:00,NSE:SHIL,184.0,184.0,183.0,183.0,5530.0
2021-02-02 12:00:00,NSE:SHIL,183.05,183.4,181.7,182.95,2140.0
2021-02-02 12:15:00,NSE:SHIL,181.85,181.85,180.25,181.8,3289.0
2021-02-02 12:30:00,NSE:SHIL,181.8,181.8,180.45,180.5,1068.0
2021-02-02 12:45:00,NSE:SHIL,180.5,182.8,180.1,182.45,1297.0
2021-02-02 13:00:00,NSE:SHIL,182.1,182.95,181.0,181.0,2411.0
2021-02-02 13:15:00,NSE:SHIL,181.2,183.0,180.5,182.0,2173.0
2021-02-02 13:30:00,NSE:SHIL,182.0,182.9,181.65,182.05,551.0
2021-02-02 13:45:00,NSE:SHIL,182.45,182.55,182.0,182.2,1155.0
2021-02-02 14:00:00,NSE:SHIL,182.1,183.0,181.55,181.55,2822.0
2021-02-02 14:15:00,NSE:SHIL,181.5,182.35,181.25,182.35,1941.0
2021-02-02 14:30:00,NSE:SHIL,182.4,182.4,181.5,182.0,629.0
2021-02-02 14:45:00,NSE:SHIL,181.9,182.0,181.4,182.0,4563.0
2021-02-02 15:00:00,NSE:SHIL,182.0,184.9,182.0,183.55,9243.0
2021-02-02 15:15:00,NSE:SHIL,183.55,185.3,181.2,184.0,15375.0
2021-02-02 15:30:00,NSE:SHIL,183.7,184.0,183.7,183.7,208.0
2021-02-02 15:45:00,NSE:SHIL,183.7,183.7,183.7,183.7,250.0
2021-02-03 09:00:00,NSE:SHIL,184.9,184.9,184.9,184.9,5.0
2021-02-03 09:15:00,NSE:SHIL,181.0,187.45,181.0,186.5,11035.0
2021-02-03 09:30:00,NSE:SHIL,186.55,195.6,186.55,195.05,66330.0
2021-02-03 09:45:00,NSE:SHIL,195.05,198.8,195.0,198.8,42721.0
2021-02-03 10:00:00,NSE:SHIL,198.45,202.05,197.55,202.05,41550.0
2021-02-03 10:15:00,NSE:SHIL,202.05,202.05,202.05,202.05,2921.0
2021-02-03 10:30:00,NSE:SHIL,202.05,202.05,202.05,202.05,1845.0
2021-02-03 10:45:00,NSE:SHIL,202.05,202.05,202.05,202.05,856.0
2021-02-03 11:00:00,NSE:SHIL,202.05,202.05,202.05,202.05,1676.0
2021-02-03 11:15:00,NSE:SHIL,202.05,202.05,202.05,202.05,7981.0
2021-02-03 11:30:00,NSE:SHIL,202.05,202.05,202.05,202.05,398.0
2021-02-03 11:45:00,NSE:SHIL,202.05,202.05,202.05,202.05,535.0
2021-02-03 12:00:00,NSE:SHIL,202.05,202.05,202.05,202.05,371.0
2021-02-03 12:15:00,NSE:SHIL,202.05,202.05,202.05,202.05,915.0
2021-02-03 12:30:00,NSE:SHIL,202.05,202.05,202.05,202.05,460.0
2021-02-03 12:45:00,NSE:SHIL,202.05,202.05,202.05,202.05,268.0
2021-02-03 13:00:00,NSE:SHIL,202.05,202.05,202.05,202.05,94.0
2021-02-03 13:15:00,NSE:SHIL,202.05,202.05,202.05,202.05,151.0
2021-02-03 13:30:00,NSE:SHIL,202.05,202.05,202.05,202.05,2624.0
2021-02-03 13:45:00,NSE:SHIL,202.05,202.05,202.05,202.05,7456.0
2021-02-03 14:00:00,NSE:SHIL,202.05,202.05,202.05,202.05,546.0
2021-02-03 14:15:00,NSE:SHIL,202.05,202.05,202.05,202.05,393.0
2021-02-03 14:30:00,NSE:SHIL,202.05,202.05,202.05,202.05,440.0
2021-02-03 14:45:00,NSE:SHIL,202.05,202.05,202.05,202.05,730.0
2021-02-03 15:00:00,NSE:SHIL,202.05,202.05,202.05,202.05,958.0
2021-02-03 15:15:00,NSE:SHIL,202.05,202.05,202.05,202.05,11912.0
2021-02-03 15:30:00,NSE:SHIL,202.05,202.05,202.05,202.05,1538.0
2021-02-03 15:45:00,NSE:SHIL,202.05,202.05,202.05,202.05,20.0
2021-02-04 09:00:00,NSE:SHIL,209.95,209.95,209.95,209.95,8785.0
2021-02-04 09:15:00,NSE:SHIL,206.0,215.55,204.0,215.0,89159.0
2021-02-04 09:30:00,NSE:SHIL,215.65,222.25,215.0,220.25,118668.0
2021-02-04 09:45:00,NSE:SHIL,222.25,222.25,222.25,222.25,20677.0
2021-02-04 10:00:00,NSE:SHIL,222.25,222.25,222.25,222.25,1894.0
2021-02-04 10:15:00,NSE:SHIL,222.25,222.25,222.25,222.25,3934.0
2021-02-04 10:30:00,NSE:SHIL,222.25,222.25,222.25,222.25,8060.0
2021-02-04 10:45:00,NSE:SHIL,222.25,222.25,222.25,222.25,5668.0
2021-02-04 11:00:00,NSE:SHIL,222.25,222.25,222.25,222.25,1447.0
2021-02-04 11:15:00,NSE:SHIL,222.25,222.25,222.25,222.25,10758.0
2021-02-04 11:30:00,NSE:SHIL,222.25,222.25,222.25,222.25,1011.0
2021-02-04 11:45:00,NSE:SHIL,222.25,222.25,222.25,222.25,1051.0
2021-02-04 12:00:00,NSE:SHIL,222.25,222.25,222.25,222.25,1768.0
2021-02-04 12:15:00,NSE:SHIL,222.25,222.25,222.25,222.25,70.0
2021-02-04 12:30:00,NSE:SHIL,222.25,222.25,222.25,222.25,1110.0
2021-02-04 12:45:00,NSE:SHIL,222.25,222.25,222.25,222.25,828.0
2021-02-04 13:00:00,NSE:SHIL,222.25,222.25,222.25,222.25,915.0
2021-02-04 13:15:00,NSE:SHIL,222.25,222.25,222.25,222.25,205.0
2021-02-04 13:30:00,NSE:SHIL,222.25,222.25,222.25,222.25,157.0
2021-02-04 13:45:00,NSE:SHIL,222.25,222.25,222.25,222.25,3.0
2021-02-04 14:00:00,NSE:SHIL,222.25,222.25,222.25,222.25,140.0
2021-02-04 14:15:00,NSE:SHIL,222.25,222.25,222.25,222.25,88.0
2021-02-04 14:30:00,NSE:SHIL,222.25,222.25,222.25,222.25,5676.0
2021-02-04 14:45:00,NSE:SHIL,222.25,222.25,222.25,222.25,3251.0
2021-02-04 15:00:00,NSE:SHIL,222.25,222.25,222.25,222.25,7385.0
2021-02-04 15:15:00,NSE:SHIL,222.25,222.25,222.25,222.25,7274.0
2021-02-04 15:45:00,NSE:SHIL,222.25,222.25,222.25,222.25,1.0
2021-02-05 09:00:00,NSE:SHIL,225.25,225.25,225.25,225.25,1849.0
2021-02-05 09:15:00,NSE:SHIL,225.65,229.65,209.85,213.4,104631.0
2021-02-05 09:30:00,NSE:SHIL,213.65,221.35,212.55,218.25,23453.0
2021-02-05 09:45:00,NSE:SHIL,218.25,219.9,212.0,212.95,16412.0
2021-02-05 10:00:00,NSE:SHIL,213.0,214.0,211.05,212.15,19765.0
2021-02-05 10:15:00,NSE:SHIL,212.0,212.0,207.65,208.9,14042.0
2021-02-05 10:30:00,NSE:SHIL,209.0,214.95,209.0,214.85,8841.0
2021-02-05 10:45:00,NSE:SHIL,214.95,216.9,214.85,215.7,8393.0
2021-02-05 11:00:00,NSE:SHIL,215.8,217.0,212.55,212.95,6376.0
2021-02-05 11:15:00,NSE:SHIL,212.9,214.65,212.15,214.65,8144.0
2021-02-05 11:30:00,NSE:SHIL,214.4,215.9,213.3,214.4,4838.0
2021-02-05 11:45:00,NSE:SHIL,214.5,215.7,214.1,214.7,3151.0
2021-02-05 12:00:00,NSE:SHIL,214.7,214.7,214.0,214.3,1252.0
2021-02-05 12:15:00,NSE:SHIL,214.05,214.6,214.05,214.05,3758.0
2021-02-05 12:30:00,NSE:SHIL,214.3,214.7,214.05,214.25,1586.0
2021-02-05 12:45:00,NSE:SHIL,214.3,214.4,214.05,214.35,1376.0
2021-02-05 13:00:00,NSE:SHIL,214.25,214.3,214.0,214.0,2306.0
2021-02-05 13:15:00,NSE:SHIL,214.0,214.75,214.0,214.55,5555.0
2021-02-05 13:30:00,NSE:SHIL,214.3,215.0,214.0,215.0,2505.0
2021-02-05 13:45:00,NSE:SHIL,215.0,215.2,214.0,214.35,3260.0
2021-02-05 14:00:00,NSE:SHIL,214.65,214.65,212.0,212.3,2705.0
2021-02-05 14:15:00,NSE:SHIL,212.3,213.7,211.1,212.15,3633.0
2021-02-05 14:30:00,NSE:SHIL,213.2,213.35,211.45,212.6,2850.0
2021-02-05 14:45:00,NSE:SHIL,212.1,213.5,212.0,212.45,2469.0
2021-02-05 15:00:00,NSE:SHIL,212.9,216.7,212.1,215.6,12893.0
2021-02-05 15:15:00,NSE:SHIL,216.0,216.0,210.1,210.5,14153.0
2021-02-05 15:45:00,NSE:SHIL,213.2,213.2,213.2,213.2,1.0
2021-02-08 09:00:00,NSE:SHIL,219.95,219.95,219.95,219.95,2410.0
2021-02-08 09:15:00,NSE:SHIL,219.95,219.95,215.25,216.85,10403.0
2021-02-08 09:30:00,NSE:SHIL,216.05,216.95,209.7,210.95,8122.0
2021-02-08 09:45:00,NSE:SHIL,211.05,215.6,211.05,213.75,8904.0
2021-02-08 10:00:00,NSE:SHIL,213.75,216.05,211.9,214.0,8231.0
2021-02-08 10:15:00,NSE:SHIL,213.55,219.95,213.35,219.6,11076.0
2021-02-08 10:30:00,NSE:SHIL,219.0,219.35,218.0,218.5,1483.0
2021-02-08 10:45:00,NSE:SHIL,218.4,219.95,217.1,219.95,3791.0
2021-02-08 11:00:00,NSE:SHIL,220.0,234.5,219.95,231.65,89158.0
2021-02-08 11:15:00,NSE:SHIL,231.65,234.5,228.15,234.5,31923.0
2021-02-08 11:30:00,NSE:SHIL,234.5,234.5,234.5,234.5,7142.0
2021-02-08 11:45:00,NSE:SHIL,234.5,234.5,234.5,234.5,4277.0
2021-02-08 12:00:00,NSE:SHIL,234.5,234.5,234.5,234.5,17022.0
2021-02-08 12:15:00,NSE:SHIL,234.5,234.5,228.8,232.95,15090.0
2021-02-08 12:30:00,NSE:SHIL,232.95,234.5,230.3,234.5,11517.0
2021-02-08 12:45:00,NSE:SHIL,234.5,234.5,234.5,234.5,2183.0
2021-02-08 13:00:00,NSE:SHIL,234.5,234.5,234.5,234.5,684.0
2021-02-08 13:15:00,NSE:SHIL,234.5,234.5,234.5,234.5,3661.0
2021-02-08 13:30:00,NSE:SHIL,234.5,234.5,234.5,234.5,1113.0
2021-02-08 13:45:00,NSE:SHIL,234.5,234.5,234.5,234.5,624.0
2021-02-08 14:00:00,NSE:SHIL,234.5,234.5,234.5,234.5,380.0
2021-02-08 14:15:00,NSE:SHIL,234.5,234.5,234.5,234.5,3160.0
2021-02-08 14:30:00,NSE:SHIL,234.5,234.5,234.5,234.5,3227.0
2021-02-08 14:45:00,NSE:SHIL,234.5,234.5,234.5,234.5,2401.0
2021-02-08 15:00:00,NSE:SHIL,234.5,234.5,234.5,234.5,1918.0
2021-02-08 15:15:00,NSE:SHIL,234.5,234.5,234.5,234.5,1125.0
2021-02-08 15:30:00,NSE:SHIL,234.5,234.5,234.5,234.5,1367.0
2021-02-09 09:00:00,NSE:SHIL,239.0,239.0,239.0,239.0,6307.0
2021-02-09 09:15:00,NSE:SHIL,238.0,238.25,224.8,230.0,47939.0
2021-02-09 09:30:00,NSE:SHIL,229.6,230.0,226.5,227.6,12814.0
2021-02-09 09:45:00,NSE:SHIL,227.6,233.05,227.55,229.1,17780.0
2021-02-09 10:00:00,NSE:SHIL,229.0,229.7,226.9,229.05,4858.0
2021-02-09 10:15:00,NSE:SHIL,229.0,230.45,229.0,230.45,2648.0
2021-02-09 10:30:00,NSE:SHIL,230.05,231.0,228.3,231.0,3727.0
2021-02-09 10:45:00,NSE:SHIL,230.9,231.0,230.55,230.7,656.0
2021-02-09 11:00:00,NSE:SHIL,231.4,231.4,230.7,230.7,582.0
2021-02-09 11:15:00,NSE:SHIL,230.75,231.0,228.0,228.95,8747.0
2021-02-09 11:30:00,NSE:SHIL,228.75,228.95,228.3,228.6,559.0
2021-02-09 11:45:00,NSE:SHIL,228.45,229.4,228.15,228.2,4060.0
2021-02-09 12:00:00,NSE:SHIL,228.55,229.7,227.1,228.35,3869.0
2021-02-09 12:15:00,NSE:SHIL,229.3,229.3,228.45,228.7,2931.0
2021-02-09 12:30:00,NSE:SHIL,228.7,229.6,228.7,228.8,3076.0
2021-02-09 12:45:00,NSE:SHIL,228.3,228.5,227.1,227.1,3569.0
2021-02-09 13:00:00,NSE:SHIL,227.15,229.9,227.15,227.9,5439.0
2021-02-09 13:15:00,NSE:SHIL,227.35,227.35,225.0,225.3,11373.0
2021-02-09 13:30:00,NSE:SHIL,225.3,229.45,225.05,228.0,7778.0
2021-02-09 13:45:00,NSE:SHIL,228.0,229.0,226.1,229.0,4970.0
2021-02-09 14:00:00,NSE:SHIL,228.85,228.85,227.7,228.0,178.0
2021-02-09 14:15:00,NSE:SHIL,228.0,228.0,225.1,227.05,4631.0
2021-02-09 14:30:00,NSE:SHIL,227.45,230.45,226.05,228.0,18831.0
2021-02-09 14:45:00,NSE:SHIL,228.0,228.65,228.0,228.6,1335.0
2021-02-09 15:00:00,NSE:SHIL,228.45,229.0,227.4,228.0,6020.0
2021-02-09 15:15:00,NSE:SHIL,227.25,227.85,226.0,226.6,8908.0
2021-02-09 15:30:00,NSE:SHIL,226.2,227.0,226.2,227.0,482.0
2021-02-10 09:00:00,NSE:SHIL,227.0,227.0,227.0,227.0,185.0
2021-02-10 09:15:00,NSE:SHIL,229.0,232.2,227.5,227.65,6482.0
2021-02-10 09:30:00,NSE:SHIL,227.65,229.35,225.5,226.2,5201.0
2021-02-10 09:45:00,NSE:SHIL,226.2,227.75,225.0,226.1,6952.0
2021-02-10 10:00:00,NSE:SHIL,225.5,226.35,225.1,225.1,4287.0
2021-02-10 10:15:00,NSE:SHIL,225.0,226.05,225.0,226.0,2408.0
2021-02-10 10:30:00,NSE:SHIL,226.05,226.2,225.35,226.0,1827.0
2021-02-10 10:45:00,NSE:SHIL,225.45,228.1,225.45,227.45,28587.0
2021-02-10 11:00:00,NSE:SHIL,226.85,231.0,226.85,230.9,8171.0
2021-02-10 11:15:00,NSE:SHIL,230.9,230.9,227.1,227.6,2980.0
2021-02-10 11:30:00,NSE:SHIL,227.75,227.75,225.85,226.55,3990.0
2021-02-10 11:45:00,NSE:SHIL,226.55,227.75,226.55,227.75,1097.0
2021-02-10 12:00:00,NSE:SHIL,228.0,228.9,226.55,226.55,2378.0
2021-02-10 12:15:00,NSE:SHIL,227.55,227.75,227.05,227.75,412.0
2021-02-10 12:30:00,NSE:SHIL,227.2,227.5,226.5,227.5,1382.0
2021-02-10 12:45:00,NSE:SHIL,227.4,227.5,227.3,227.5,192.0
2021-02-10 13:00:00,NSE:SHIL,227.45,228.1,227.45,227.9,544.0
2021-02-10 13:15:00,NSE:SHIL,227.55,227.6,226.95,227.0,1098.0
2021-02-10 13:30:00,NSE:SHIL,226.0,227.4,226.0,226.2,5684.0
2021-02-10 13:45:00,NSE:SHIL,226.5,228.0,226.2,227.3,2009.0
2021-02-10 14:00:00,NSE:SHIL,227.0,227.5,226.3,227.0,606.0
2021-02-10 14:15:00,NSE:SHIL,226.5,226.95,226.25,226.95,1132.0
2021-02-10 14:30:00,NSE:SHIL,227.0,227.0,226.5,226.5,1285.0
2021-02-10 14:45:00,NSE:SHIL,226.25,227.75,226.0,227.05,3418.0
2021-02-10 15:00:00,NSE:SHIL,227.05,227.6,225.05,226.0,1829.0
2021-02-10 15:15:00,NSE:SHIL,226.8,228.9,225.95,228.0,5159.0
2021-02-10 15:30:00,NSE:SHIL,226.9,226.9,226.9,226.9,62.0
2021-02-10 15:45:00,NSE:SHIL,226.9,228.0,226.9,228.0,483.0
2021-02-11 09:00:00,NSE:SHIL,222.25,222.25,222.25,222.25,3000.0
2021-02-11 09:15:00,NSE:SHIL,228.85,228.85,217.2,223.45,11397.0
2021-02-11 09:30:00,NSE:SHIL,224.0,224.9,222.2,224.35,2966.0
2021-02-11 09:45:00,NSE:SHIL,223.7,223.85,222.2,223.1,2836.0
2021-02-11 10:00:00,NSE:SHIL,223.4,223.4,222.5,222.5,2341.0
2021-02-11 10:15:00,NSE:SHIL,222.5,222.9,222.5,222.9,2000.0
2021-02-11 10:30:00,NSE:SHIL,222.9,223.45,222.65,223.45,2921.0
2021-02-11 10:45:00,NSE:SHIL,223.15,223.9,223.05,223.9,854.0
2021-02-11 11:00:00,NSE:SHIL,223.7,224.8,223.5,223.85,2589.0
2021-02-11 11:15:00,NSE:SHIL,224.0,224.75,223.0,223.7,2680.0
2021-02-11 11:30:00,NSE:SHIL,223.7,224.55,223.6,224.55,3113.0
2021-02-11 11:45:00,NSE:SHIL,223.7,229.0,223.7,225.5,6983.0
2021-02-11 12:00:00,NSE:SHIL,225.5,226.8,224.85,225.15,912.0
2021-02-11 12:15:00,NSE:SHIL,225.25,227.15,225.2,226.45,2171.0
2021-02-11 12:30:00,NSE:SHIL,227.0,228.8,227.0,228.55,1423.0
2021-02-11 12:45:00,NSE:SHIL,228.65,230.45,228.5,229.1,4301.0
2021-02-11 13:00:00,NSE:SHIL,228.9,229.95,228.5,228.65,2348.0
2021-02-11 13:15:00,NSE:SHIL,228.6,238.2,228.5,237.6,23790.0
2021-02-11 13:30:00,NSE:SHIL,236.05,238.2,233.65,236.2,14594.0
2021-02-11 13:45:00,NSE:SHIL,236.55,237.55,233.2,234.25,5244.0
2021-02-11 14:00:00,NSE:SHIL,234.25,235.15,234.1,234.35,3125.0
2021-02-11 14:15:00,NSE:SHIL,235.8,235.8,234.35,234.5,4275.0
2021-02-11 14:30:00,NSE:SHIL,234.5,235.4,234.5,234.6,2856.0
2021-02-11 14:45:00,NSE:SHIL,234.8,235.2,234.6,234.6,4201.0
2021-02-11 15:00:00,NSE:SHIL,234.6,236.0,234.6,235.0,12927.0
2021-02-11 15:15:00,NSE:SHIL,235.0,237.5,234.5,235.7,12575.0
2021-02-11 15:45:00,NSE:SHIL,235.55,235.7,235.55,235.7,483.0
2021-02-12 09:00:00,NSE:SHIL,247.3,247.3,247.3,247.3,2669.0
2021-02-12 09:15:00,NSE:SHIL,247.3,247.3,244.75,247.3,122378.0
2021-02-12 09:30:00,NSE:SHIL,247.3,247.3,247.3,247.3,3075.0
2021-02-12 09:45:00,NSE:SHIL,247.3,247.3,247.3,247.3,1886.0
2021-02-12 10:00:00,NSE:SHIL,247.3,247.3,247.3,247.3,2754.0
2021-02-12 10:15:00,NSE:SHIL,247.3,247.3,247.3,247.3,836.0
2021-02-12 10:30:00,NSE:SHIL,247.3,247.3,247.3,247.3,632.0
2021-02-12 10:45:00,NSE:SHIL,247.3,247.3,247.3,247.3,900.0
2021-02-12 11:00:00,NSE:SHIL,247.3,247.3,247.3,247.3,10721.0
2021-02-12 11:15:00,NSE:SHIL,247.3,247.3,247.3,247.3,975.0
2021-02-12 11:30:00,NSE:SHIL,247.3,247.3,247.3,247.3,293.0
2021-02-12 11:45:00,NSE:SHIL,247.3,247.3,247.3,247.3,560.0
2021-02-12 12:00:00,NSE:SHIL,247.3,247.3,247.3,247.3,770.0
2021-02-12 12:15:00,NSE:SHIL,247.3,247.3,247.3,247.3,379.0
2021-02-12 12:30:00,NSE:SHIL,247.3,247.3,247.3,247.3,335.0
2021-02-12 12:45:00,NSE:SHIL,247.3,247.3,247.3,247.3,726.0
2021-02-12 13:00:00,NSE:SHIL,247.3,247.3,247.3,247.3,165.0
2021-02-12 13:15:00,NSE:SHIL,247.3,247.3,247.3,247.3,84.0
2021-02-12 13:30:00,NSE:SHIL,247.3,247.3,247.3,247.3,250.0
2021-02-12 13:45:00,NSE:SHIL,247.3,247.3,247.3,247.3,949.0
2021-02-12 14:00:00,NSE:SHIL,247.3,247.3,247.3,247.3,427.0
2021-02-12 14:15:00,NSE:SHIL,247.3,247.3,247.3,247.3,218.0
2021-02-12 14:30:00,NSE:SHIL,247.3,247.3,247.3,247.3,235.0
2021-02-12 14:45:00,NSE:SHIL,247.3,247.3,247.3,247.3,50.0
2021-02-12 15:00:00,NSE:SHIL,247.3,247.3,247.3,247.3,1421.0
2021-02-12 15:15:00,NSE:SHIL,247.3,247.3,247.3,247.3,348.0
2021-02-12 15:30:00,NSE:SHIL,247.3,247.3,247.3,247.3,5.0
2021-02-15 09:00:00,NSE:SHIL,259.65,259.65,259.65,259.65,1563.0
2021-02-15 09:15:00,NSE:SHIL,259.65,259.65,259.65,259.65,3279.0
2021-02-15 09:30:00,NSE:SHIL,259.65,259.65,259.65,259.65,827.0
2021-02-15 09:45:00,NSE:SHIL,259.65,259.65,259.65,259.65,1376.0
2021-02-15 10:00:00,NSE:SHIL,259.65,259.65,259.65,259.65,601.0
2021-02-15 10:15:00,NSE:SHIL,259.65,259.65,259.65,259.65,239.0
2021-02-15 10:30:00,NSE:SHIL,259.65,259.65,259.65,259.65,883.0
2021-02-15 10:45:00,NSE:SHIL,259.65,259.65,259.65,259.65,242.0
2021-02-15 11:00:00,NSE:SHIL,259.65,259.65,259.65,259.65,131.0
2021-02-15 11:15:00,NSE:SHIL,259.65,259.65,259.65,259.65,50.0
2021-02-15 11:30:00,NSE:SHIL,259.65,259.65,259.65,259.65,547.0
2021-02-15 11:45:00,NSE:SHIL,259.65,259.65,259.65,259.65,21.0
2021-02-15 12:00:00,NSE:SHIL,259.65,259.65,259.65,259.65,40.0
2021-02-15 12:15:00,NSE:SHIL,259.65,259.65,259.65,259.65,389.0
2021-02-15 12:30:00,NSE:SHIL,259.65,259.65,259.65,259.65,652.0
2021-02-15 12:45:00,NSE:SHIL,259.65,259.65,259.65,259.65,45.0
2021-02-15 13:00:00,NSE:SHIL,259.65,259.65,259.65,259.65,28.0
2021-02-15 13:15:00,NSE:SHIL,259.65,259.65,259.65,259.65,115.0
2021-02-15 13:30:00,NSE:SHIL,259.65,259.65,259.65,259.65,340.0
2021-02-15 13:45:00,NSE:SHIL,259.65,259.65,259.65,259.65,120.0
2021-02-15 14:00:00,NSE:SHIL,259.65,259.65,259.65,259.65,5573.0
2021-02-15 14:15:00,NSE:SHIL,259.65,259.65,259.65,259.65,33.0
2021-02-15 14:45:00,NSE:SHIL,259.65,259.65,259.65,259.65,17.0
2021-02-15 15:00:00,NSE:SHIL,259.65,259.65,259.65,259.65,375.0
2021-02-15 15:15:00,NSE:SHIL,259.65,259.65,259.65,259.65,1332.0
2021-02-16 09:00:00,NSE:SHIL,272.6,272.6,272.6,272.6,1498.0
2021-02-16 09:15:00,NSE:SHIL,272.6,272.6,272.6,272.6,4781.0
2021-02-16 09:30:00,NSE:SHIL,272.6,272.6,272.6,272.6,892.0
2021-02-16 09:45:00,NSE:SHIL,272.6,272.6,272.6,272.6,799.0
2021-02-16 10:00:00,NSE:SHIL,272.6,272.6,272.6,272.6,736.0
2021-02-16 10:15:00,NSE:SHIL,272.6,272.6,272.6,272.6,1560.0
2021-02-16 10:30:00,NSE:SHIL,272.6,272.6,272.6,272.6,98.0
2021-02-16 11:00:00,NSE:SHIL,272.6,272.6,272.6,272.6,108.0
2021-02-16 11:15:00,NSE:SHIL,272.6,272.6,272.6,272.6,516.0
2021-02-16 11:30:00,NSE:SHIL,272.6,272.6,272.6,272.6,623.0
2021-02-16 11:45:00,NSE:SHIL,272.6,272.6,272.6,272.6,233.0
2021-02-16 12:00:00,NSE:SHIL,272.6,272.6,272.6,272.6,122.0
2021-02-16 12:15:00,NSE:SHIL,272.6,272.6,272.6,272.6,235.0
2021-02-16 12:30:00,NSE:SHIL,272.6,272.6,272.6,272.6,110.0
2021-02-16 12:45:00,NSE:SHIL,272.6,272.6,272.6,272.6,129.0
2021-02-16 13:00:00,NSE:SHIL,272.6,272.6,272.6,272.6,1333.0
2021-02-16 13:15:00,NSE:SHIL,272.6,272.6,272.6,272.6,161.0
2021-02-16 13:30:00,NSE:SHIL,272.6,272.6,272.6,272.6,1241.0
2021-02-16 13:45:00,NSE:SHIL,272.6,272.6,272.6,272.6,476.0
2021-02-16 14:00:00,NSE:SHIL,272.6,272.6,272.6,272.6,232.0
2021-02-16 14:15:00,NSE:SHIL,272.6,272.6,272.6,272.6,306.0
2021-02-16 14:30:00,NSE:SHIL,272.6,272.6,272.6,272.6,156.0
2021-02-16 15:00:00,NSE:SHIL,272.6,272.6,272.6,272.6,2839.0
2021-02-16 15:15:00,NSE:SHIL,272.6,272.6,272.6,272.6,635.0
2021-02-17 09:00:00,NSE:SHIL,286.2,286.2,286.2,286.2,15392.0
2021-02-17 09:15:00,NSE:SHIL,286.2,286.2,286.2,286.2,7763.0
2021-02-17 09:30:00,NSE:SHIL,286.2,286.2,286.2,286.2,4117.0
2021-02-17 09:45:00,NSE:SHIL,286.2,286.2,286.2,286.2,367.0
2021-02-17 10:00:00,NSE:SHIL,286.2,286.2,286.2,286.2,305.0
2021-02-17 10:15:00,NSE:SHIL,286.2,286.2,286.2,286.2,565.0
2021-02-17 10:30:00,NSE:SHIL,286.2,286.2,286.2,286.2,342.0
2021-02-17 10:45:00,NSE:SHIL,286.2,286.2,286.2,286.2,445.0
2021-02-17 11:00:00,NSE:SHIL,286.2,286.2,286.2,286.2,443.0
2021-02-17 11:15:00,NSE:SHIL,286.2,286.2,286.2,286.2,625.0
2021-02-17 11:30:00,NSE:SHIL,286.2,286.2,286.2,286.2,970.0
2021-02-17 11:45:00,NSE:SHIL,286.2,286.2,286.2,286.2,140.0
2021-02-17 12:00:00,NSE:SHIL,286.2,286.2,286.2,286.2,678.0
2021-02-17 12:15:00,NSE:SHIL,286.2,286.2,286.2,286.2,545.0
2021-02-17 12:30:00,NSE:SHIL,286.2,286.2,286.2,286.2,264.0
2021-02-17 12:45:00,NSE:SHIL,286.2,286.2,286.2,286.2,135.0
2021-02-17 13:00:00,NSE:SHIL,286.2,286.2,286.2,286.2,811.0
2021-02-17 13:15:00,NSE:SHIL,286.2,286.2,286.2,286.2,697.0
2021-02-17 13:30:00,NSE:SHIL,286.2,286.2,286.2,286.2,452.0
2021-02-17 13:45:00,NSE:SHIL,286.2,286.2,286.2,286.2,989.0
2021-02-17 14:15:00,NSE:SHIL,286.2,286.2,286.2,286.2,350.0
2021-02-17 14:45:00,NSE:SHIL,286.2,286.2,286.2,286.2,29.0
2021-02-17 15:00:00,NSE:SHIL,286.2,286.2,286.2,286.2,4.0
2021-02-17 15:15:00,NSE:SHIL,286.2,286.2,286.2,286.2,226.0
2021-02-17 15:30:00,NSE:SHIL,286.2,286.2,286.2,286.2,734.0
2021-02-17 15:45:00,NSE:SHIL,286.2,286.2,286.2,286.2,10.0
2021-02-18 09:00:00,NSE:SHIL,300.5,300.5,300.5,300.5,78743.0
2021-02-18 09:15:00,NSE:SHIL,299.0,299.0,271.9,288.55,228277.0
2021-02-18 09:30:00,NSE:SHIL,286.25,295.95,285.0,294.4,45511.0
2021-02-18 09:45:00,NSE:SHIL,293.95,295.4,281.0,288.55,40272.0
2021-02-18 10:00:00,NSE:SHIL,287.75,296.35,286.5,293.25,37098.0
2021-02-18 10:15:00,NSE:SHIL,291.3,292.85,286.0,287.0,11750.0
2021-02-18 10:30:00,NSE:SHIL,287.0,290.0,286.0,288.9,22130.0
2021-02-18 10:45:00,NSE:SHIL,288.95,290.0,287.5,287.65,14908.0
2021-02-18 11:00:00,NSE:SHIL,287.5,289.7,286.5,287.85,9715.0
2021-02-18 11:15:00,NSE:SHIL,288.85,288.9,281.4,283.85,10656.0
2021-02-18 11:30:00,NSE:SHIL,281.75,285.0,281.75,282.4,7173.0
2021-02-18 11:45:00,NSE:SHIL,281.75,283.75,276.0,280.0,13630.0
2021-02-18 12:00:00,NSE:SHIL,280.0,283.35,277.3,280.65,5468.0
2021-02-18 12:15:00,NSE:SHIL,280.5,280.5,275.0,275.35,7566.0
2021-02-18 12:30:00,NSE:SHIL,277.75,281.7,277.0,278.9,2289.0
2021-02-18 12:45:00,NSE:SHIL,278.65,279.0,277.9,279.0,614.0
2021-02-18 13:00:00,NSE:SHIL,279.0,279.0,278.25,279.0,632.0
2021-02-18 13:15:00,NSE:SHIL,279.85,279.85,274.05,274.05,4917.0
2021-02-18 13:30:00,NSE:SHIL,275.55,275.55,273.0,274.8,5551.0
2021-02-18 13:45:00,NSE:SHIL,274.0,278.9,274.0,278.5,5667.0
2021-02-18 14:00:00,NSE:SHIL,277.95,289.0,277.2,288.7,16205.0
2021-02-18 14:15:00,NSE:SHIL,288.9,289.0,280.65,286.45,12322.0
2021-02-18 14:30:00,NSE:SHIL,283.15,284.35,277.2,282.7,15302.0
2021-02-18 14:45:00,NSE:SHIL,281.15,283.9,281.0,281.0,5471.0
2021-02-18 15:00:00,NSE:SHIL,281.05,284.9,281.05,283.55,3666.0
2021-02-18 15:15:00,NSE:SHIL,283.5,283.9,280.6,280.65,8432.0
2021-02-18 15:30:00,NSE:SHIL,280.0,282.15,280.0,282.15,1511.0
2021-02-19 09:00:00,NSE:SHIL,280.1,280.1,280.1,280.1,550.0
2021-02-19 09:15:00,NSE:SHIL,281.15,288.0,276.1,276.1,11371.0
2021-02-19 09:30:00,NSE:SHIL,276.9,282.5,276.5,282.25,5371.0
2021-02-19 09:45:00,NSE:SHIL,282.05,282.05,278.05,280.1,12217.0
2021-02-19 10:00:00,NSE:SHIL,280.15,288.8,280.15,286.45,11849.0
2021-02-19 10:15:00,NSE:SHIL,286.9,296.25,286.9,296.25,54575.0
2021-02-19 10:30:00,NSE:SHIL,296.25,296.25,296.25,296.25,1022.0
2021-02-19 10:45:00,NSE:SHIL,296.25,296.25,296.25,296.25,907.0
2021-02-19 11:00:00,NSE:SHIL,296.25,296.25,296.25,296.25,575.0
2021-02-19 11:15:00,NSE:SHIL,296.25,296.25,296.25,296.25,134.0
2021-02-19 11:30:00,NSE:SHIL,296.25,296.25,296.25,296.25,50.0
2021-02-19 11:45:00,NSE:SHIL,296.25,296.25,296.25,296.25,35.0
2021-02-19 12:00:00,NSE:SHIL,296.25,296.25,296.25,296.25,361.0
2021-02-19 12:15:00,NSE:SHIL,296.25,296.25,296.25,296.25,200.0
2021-02-19 12:30:00,NSE:SHIL,296.25,296.25,296.25,296.25,860.0
2021-02-19 12:45:00,NSE:SHIL,296.25,296.25,296.25,296.25,210.0
2021-02-19 13:00:00,NSE:SHIL,296.25,296.25,296.25,296.25,6.0
2021-02-19 13:15:00,NSE:SHIL,296.25,296.25,296.25,296.25,160.0
2021-02-19 13:30:00,NSE:SHIL,296.25,296.25,285.25,288.5,155042.0
2021-02-19 13:45:00,NSE:SHIL,288.5,295.7,288.5,294.1,12083.0
2021-02-19 14:00:00,NSE:SHIL,294.8,294.8,274.3,279.0,29931.0
2021-02-19 14:15:00,NSE:SHIL,280.0,287.0,278.0,286.05,20614.0
2021-02-19 14:30:00,NSE:SHIL,284.0,285.0,283.4,284.0,5783.0
2021-02-19 14:45:00,NSE:SHIL,284.0,285.0,282.0,283.0,3521.0
2021-02-19 15:00:00,NSE:SHIL,283.0,289.0,280.0,285.5,13934.0
2021-02-19 15:15:00,NSE:SHIL,288.1,296.25,286.65,296.25,34974.0
2021-02-19 15:30:00,NSE:SHIL,291.1,296.25,291.1,296.25,10000.0
2021-02-19 15:45:00,NSE:SHIL,291.1,291.1,291.1,291.1,1.0
2021-02-22 09:00:00,NSE:SHIL,293.8,293.8,293.8,293.8,1279.0
2021-02-22 09:15:00,NSE:SHIL,294.0,299.45,283.25,295.75,36524.0
2021-02-22 09:30:00,NSE:SHIL,295.9,304.8,293.85,297.75,37065.0
2021-02-22 09:45:00,NSE:SHIL,297.6,299.55,294.15,297.1,6222.0
2021-02-22 10:00:00,NSE:SHIL,297.2,300.95,297.2,299.95,12153.0
2021-02-22 10:15:00,NSE:SHIL,298.9,300.0,297.0,298.75,14402.0
2021-02-22 10:30:00,NSE:SHIL,298.85,305.65,298.0,305.65,59209.0
2021-02-22 10:45:00,NSE:SHIL,305.65,305.65,305.65,305.65,831.0
2021-02-22 11:00:00,NSE:SHIL,305.65,305.65,305.65,305.65,696.0
2021-02-22 11:15:00,NSE:SHIL,305.65,305.65,305.65,305.65,1803.0
2021-02-22 11:30:00,NSE:SHIL,305.65,305.65,305.65,305.65,935.0
2021-02-22 11:45:00,NSE:SHIL,305.65,305.65,305.65,305.65,120.0
2021-02-22 12:00:00,NSE:SHIL,305.65,305.65,305.65,305.65,488.0
2021-02-22 12:15:00,NSE:SHIL,305.65,305.65,305.65,305.65,5234.0
2021-02-22 12:30:00,NSE:SHIL,305.65,305.65,305.65,305.65,281.0
2021-02-22 12:45:00,NSE:SHIL,305.65,305.65,305.65,305.65,78.0
2021-02-22 13:00:00,NSE:SHIL,305.65,305.65,305.65,305.65,205.0
2021-02-22 13:15:00,NSE:SHIL,305.65,305.65,305.65,305.65,261.0
2021-02-22 13:30:00,NSE:SHIL,305.65,305.65,305.65,305.65,1202.0
2021-02-22 13:45:00,NSE:SHIL,305.65,305.65,305.65,305.65,804.0
2021-02-22 14:00:00,NSE:SHIL,305.65,305.65,305.65,305.65,395.0
2021-02-22 14:15:00,NSE:SHIL,305.65,305.65,299.0,305.65,157596.0
2021-02-22 14:30:00,NSE:SHIL,305.65,305.65,304.05,305.65,10461.0
2021-02-22 14:45:00,NSE:SHIL,305.65,305.65,305.65,305.65,358.0
2021-02-22 15:00:00,NSE:SHIL,305.65,305.65,305.65,305.65,525.0
2021-02-22 15:15:00,NSE:SHIL,305.65,305.65,303.25,305.0,38169.0
2021-02-22 15:30:00,NSE:SHIL,305.6,305.6,305.6,305.6,335.0
2021-02-22 15:45:00,NSE:SHIL,305.6,305.6,305.6,305.6,600.0
2021-02-23 09:00:00,NSE:SHIL,316.0,316.0,316.0,316.0,11196.0
2021-02-23 09:15:00,NSE:SHIL,314.9,317.8,311.25,316.9,66973.0
2021-02-23 09:30:00,NSE:SHIL,316.95,316.95,303.0,303.25,49710.0
2021-02-23 09:45:00,NSE:SHIL,303.0,303.8,297.95,302.3,22012.0
2021-02-23 10:00:00,NSE:SHIL,302.0,310.0,301.5,309.5,19816.0
2021-02-23 10:15:00,NSE:SHIL,309.5,309.5,297.3,301.0,18833.0
2021-02-23 10:30:00,NSE:SHIL,301.0,304.8,297.2,304.3,18528.0
2021-02-23 10:45:00,NSE:SHIL,305.45,308.95,301.3,302.1,9475.0
2021-02-23 11:00:00,NSE:SHIL,302.0,304.15,300.2,300.2,4560.0
2021-02-23 11:15:00,NSE:SHIL,299.7,302.15,297.5,299.0,6467.0
2021-02-23 11:30:00,NSE:SHIL,298.8,300.0,297.7,298.45,4519.0
2021-02-23 11:45:00,NSE:SHIL,298.0,300.45,297.3,300.2,8490.0
2021-02-23 12:00:00,NSE:SHIL,300.1,300.3,299.7,300.0,1288.0
2021-02-23 12:15:00,NSE:SHIL,300.0,300.0,299.45,299.75,2459.0
2021-02-23 12:30:00,NSE:SHIL,299.15,299.15,297.0,297.75,2747.0
2021-02-23 12:45:00,NSE:SHIL,297.8,298.0,295.3,297.9,6858.0
2021-02-23 13:00:00,NSE:SHIL,297.6,302.55,296.25,301.5,3460.0
2021-02-23 13:15:00,NSE:SHIL,301.4,303.0,299.0,299.1,3795.0
2021-02-23 13:30:00,NSE:SHIL,299.0,299.0,298.05,298.05,943.0
2021-02-23 13:45:00,NSE:SHIL,300.55,301.0,298.15,299.95,3313.0
2021-02-23 14:00:00,NSE:SHIL,299.9,302.4,299.9,301.65,3650.0
2021-02-23 14:15:00,NSE:SHIL,301.0,304.1,299.9,304.0,5686.0
2021-02-23 14:30:00,NSE:SHIL,301.5,302.2,298.0,298.0,4387.0
2021-02-23 14:45:00,NSE:SHIL,297.0,299.9,295.65,297.0,5939.0
2021-02-23 15:00:00,NSE:SHIL,297.35,297.35,290.5,291.5,15284.0
2021-02-23 15:15:00,NSE:SHIL,291.8,292.0,290.35,290.35,16944.0
2021-02-23 15:30:00,NSE:SHIL,290.35,291.55,290.35,291.55,1502.0
2021-02-23 15:45:00,NSE:SHIL,291.55,291.55,291.55,291.55,50.0
2021-02-24 09:00:00,NSE:SHIL,293.35,293.35,293.35,293.35,478.0
2021-02-24 09:15:00,NSE:SHIL,292.3,298.0,283.7,292.0,34015.0
2021-02-24 09:30:00,NSE:SHIL,292.7,297.75,292.7,297.5,10748.0
2021-02-24 09:45:00,NSE:SHIL,296.45,297.55,289.6,294.3,9852.0
2021-02-24 10:00:00,NSE:SHIL,294.0,296.3,293.1,295.25,2817.0
2021-02-24 10:15:00,NSE:SHIL,294.45,294.45,293.05,293.15,1688.0
2021-02-24 10:30:00,NSE:SHIL,294.45,294.45,289.95,289.95,3219.0
2021-02-24 10:45:00,NSE:SHIL,289.0,290.95,285.05,285.05,11063.0
2021-02-24 11:00:00,NSE:SHIL,287.05,291.55,286.35,291.55,4640.0
2021-02-24 11:15:00,NSE:SHIL,291.95,292.15,289.2,289.2,1576.0
2021-02-24 11:30:00,NSE:SHIL,289.25,290.35,289.0,289.0,729.0
2021-02-24 15:45:00,NSE:SHIL,289.55,297.0,285.2,291.0,5341.0
2021-02-24 16:00:00,NSE:SHIL,291.0,291.9,287.25,290.8,695.0
2021-02-24 16:15:00,NSE:SHIL,290.75,292.0,288.5,291.6,2310.0
2021-02-24 16:30:00,NSE:SHIL,291.6,294.6,291.0,293.7,3127.0
2021-02-24 16:45:00,NSE:SHIL,293.1,297.0,290.0,291.1,7938.0
2021-02-25 09:00:00,NSE:SHIL,296.0,296.0,296.0,296.0,202.0
2021-02-25 09:15:00,NSE:SHIL,298.0,300.0,291.55,296.4,7514.0
2021-02-25 09:30:00,NSE:SHIL,297.4,297.4,295.8,296.35,1281.0
2021-02-25 09:45:00,NSE:SHIL,296.7,297.0,296.15,296.4,2217.0
2021-02-25 10:00:00,NSE:SHIL,296.15,296.25,295.05,295.35,2287.0
2021-02-25 10:15:00,NSE:SHIL,295.05,295.95,293.0,295.95,3297.0
2021-02-25 10:30:00,NSE:SHIL,295.35,295.8,293.7,294.9,2842.0
2021-02-25 10:45:00,NSE:SHIL,295.0,295.0,294.0,294.15,490.0
2021-02-25 11:00:00,NSE:SHIL,294.0,295.0,288.3,293.2,7347.0
2021-02-25 11:15:00,NSE:SHIL,292.45,295.0,291.8,293.8,4018.0
2021-02-25 11:30:00,NSE:SHIL,294.2,297.0,293.8,295.15,14579.0
2021-02-25 11:45:00,NSE:SHIL,295.45,295.45,290.0,290.5,5995.0
2021-02-25 12:00:00,NSE:SHIL,290.45,291.5,290.0,291.5,1969.0
2021-02-25 12:15:00,NSE:SHIL,291.15,291.75,290.55,291.0,1478.0
2021-02-25 12:30:00,NSE:SHIL,290.9,291.75,290.55,290.65,2515.0
2021-02-25 12:45:00,NSE:SHIL,291.15,291.75,285.0,286.5,13620.0
2021-02-25 13:00:00,NSE:SHIL,286.25,288.25,285.3,286.85,9917.0
2021-02-25 13:15:00,NSE:SHIL,287.0,293.2,287.0,291.5,13687.0
2021-02-25 13:30:00,NSE:SHIL,292.05,293.6,291.25,293.0,3970.0
2021-02-25 13:45:00,NSE:SHIL,292.9,293.3,292.0,292.8,6222.0
2021-02-25 14:00:00,NSE:SHIL,291.75,292.75,290.0,290.0,2259.0
2021-02-25 14:15:00,NSE:SHIL,289.6,290.85,289.0,290.85,1437.0
2021-02-25 14:30:00,NSE:SHIL,290.9,292.0,290.3,291.0,3140.0
2021-02-25 14:45:00,NSE:SHIL,290.6,293.0,290.6,290.6,4011.0
2021-02-25 15:00:00,NSE:SHIL,292.4,294.8,291.05,294.45,6189.0
2021-02-25 15:15:00,NSE:SHIL,294.45,294.5,291.6,293.25,6095.0
2021-02-26 09:00:00,NSE:SHIL,286.0,286.0,286.0,286.0,238.0
2021-02-26 09:15:00,NSE:SHIL,286.0,289.6,282.0,289.05,12851.0
2021-02-26 09:30:00,NSE:SHIL,288.7,294.35,288.1,293.8,9608.0
2021-02-26 09:45:00,NSE:SHIL,293.95,298.9,293.3,297.2,7491.0
2021-02-26 10:00:00,NSE:SHIL,297.1,297.1,295.0,295.05,1358.0
2021-02-26 10:15:00,NSE:SHIL,295.15,295.6,288.8,291.7,6896.0
2021-02-26 10:30:00,NSE:SHIL,291.7,292.2,289.25,290.5,1134.0
2021-02-26 10:45:00,NSE:SHIL,290.5,290.5,287.7,288.8,2524.0
2021-02-26 11:00:00,NSE:SHIL,288.3,288.8,287.15,287.5,986.0
2021-02-26 11:15:00,NSE:SHIL,287.2,287.5,284.0,287.45,6073.0
2021-02-26 11:30:00,NSE:SHIL,286.4,286.95,283.1,286.5,8479.0
2021-02-26 11:45:00,NSE:SHIL,286.5,290.0,286.5,288.9,4885.0
2021-02-26 12:00:00,NSE:SHIL,288.9,289.95,288.5,289.0,2435.0
2021-02-26 12:15:00,NSE:SHIL,289.15,291.0,287.0,287.8,3857.0
2021-02-26 12:30:00,NSE:SHIL,286.0,286.0,281.7,283.5,11101.0
2021-02-26 12:45:00,NSE:SHIL,284.0,286.0,284.0,286.0,6958.0
2021-02-26 13:00:00,NSE:SHIL,286.0,287.4,286.0,287.4,7069.0
2021-02-26 13:15:00,NSE:SHIL,287.4,288.05,284.5,285.0,13535.0
2021-02-26 13:30:00,NSE:SHIL,285.1,286.0,284.3,286.0,4043.0
2021-02-26 13:45:00,NSE:SHIL,286.05,289.75,286.05,289.05,4742.0
2021-02-26 14:00:00,NSE:SHIL,289.5,291.0,288.8,290.0,14797.0
2021-02-26 14:15:00,NSE:SHIL,290.0,290.0,286.0,288.05,3942.0
2021-02-26 14:30:00,NSE:SHIL,288.0,289.1,284.0,285.3,12733.0
2021-02-26 14:45:00,NSE:SHIL,285.3,289.0,284.6,286.0,6145.0
2021-02-26 15:00:00,NSE:SHIL,287.65,288.95,285.2,286.9,7162.0
2021-02-26 15:15:00,NSE:SHIL,286.75,287.95,283.0,284.0,14334.0
2021-02-26 15:30:00,NSE:SHIL,284.0,284.0,284.0,284.0,10.0
2021-02-26 15:45:00,NSE:SHIL,285.6,285.6,285.6,285.6,75.0
2021-03-01 09:00:00,NSE:SHIL,290.0,290.0,290.0,290.0,34.0
2021-03-01 09:15:00,NSE:SHIL,290.0,294.0,286.1,292.6,20468.0
2021-03-01 09:30:00,NSE:SHIL,293.35,294.7,292.5,293.15,6887.0
2021-03-01 09:45:00,NSE:SHIL,293.1,293.95,292.0,292.75,4483.0
2021-03-01 10:00:00,NSE:SHIL,292.2,293.0,292.0,293.0,2993.0
2021-03-01 10:15:00,NSE:SHIL,293.0,299.85,293.0,298.95,34301.0
2021-03-01 10:30:00,NSE:SHIL,299.0,299.85,297.0,299.05,21701.0
2021-03-01 10:45:00,NSE:SHIL,299.65,299.85,298.65,299.85,16539.0
2021-03-01 11:00:00,NSE:SHIL,299.85,299.85,299.85,299.85,1082.0
2021-03-01 11:15:00,NSE:SHIL,299.85,299.85,299.85,299.85,1001.0
2021-03-01 11:30:00,NSE:SHIL,299.85,299.85,294.05,296.8,10959.0
2021-03-01 11:45:00,NSE:SHIL,296.8,297.65,296.0,297.0,4442.0
2021-03-01 12:00:00,NSE:SHIL,297.0,298.7,296.4,298.4,4530.0
2021-03-01 12:15:00,NSE:SHIL,298.4,298.6,296.4,296.4,643.0
2021-03-01 12:30:00,NSE:SHIL,297.9,297.9,295.55,295.7,2097.0
2021-03-01 12:45:00,NSE:SHIL,295.75,297.85,295.05,295.2,1429.0
2021-03-01 13:00:00,NSE:SHIL,295.1,299.85,295.1,299.85,10496.0
2021-03-01 13:15:00,NSE:SHIL,299.85,299.85,299.85,299.85,5174.0
2021-03-01 13:30:00,NSE:SHIL,299.85,299.85,299.85,299.85,882.0
2021-03-01 13:45:00,NSE:SHIL,299.85,299.85,298.5,299.85,11986.0
2021-03-01 14:00:00,NSE:SHIL,299.85,299.85,299.85,299.85,6017.0
2021-03-01 14:15:00,NSE:SHIL,299.85,299.85,299.85,299.85,695.0
2021-03-01 14:30:00,NSE:SHIL,299.85,299.85,299.85,299.85,270.0
2021-03-01 14:45:00,NSE:SHIL,299.85,299.85,299.85,299.85,675.0
2021-03-01 15:00:00,NSE:SHIL,299.85,299.85,299.85,299.85,865.0
2021-03-01 15:15:00,NSE:SHIL,299.85,299.85,299.85,299.85,3886.0
2021-03-01 15:30:00,NSE:SHIL,299.85,299.85,299.85,299.85,504.0
2021-03-02 09:00:00,NSE:SHIL,304.0,304.0,304.0,304.0,1253.0
2021-03-02 09:15:00,NSE:SHIL,304.75,304.95,301.05,304.7,18141.0
2021-03-02 09:30:00,NSE:SHIL,304.6,304.6,301.25,302.8,8920.0
2021-03-02 09:45:00,NSE:SHIL,303.15,303.2,296.0,297.0,6682.0
2021-03-02 10:00:00,NSE:SHIL,297.1,298.0,295.0,295.1,2751.0
2021-03-02 10:15:00,NSE:SHIL,295.1,298.25,295.0,297.8,6723.0
2021-03-02 10:30:00,NSE:SHIL,298.3,298.5,296.75,297.5,2792.0
2021-03-02 10:45:00,NSE:SHIL,297.0,304.45,296.8,304.05,25810.0
2021-03-02 11:00:00,NSE:SHIL,304.35,304.4,304.0,304.35,3734.0
2021-03-02 11:15:00,NSE:SHIL,304.0,304.95,304.0,304.8,11338.0
2021-03-02 11:30:00,NSE:SHIL,304.8,309.95,304.0,309.95,9612.0
2021-03-02 11:45:00,NSE:SHIL,309.6,309.9,307.3,308.5,4885.0
2021-03-02 12:00:00,NSE:SHIL,308.25,311.3,307.75,307.75,10737.0
2021-03-02 12:15:00,NSE:SHIL,310.5,310.5,307.55,309.0,1602.0
2021-03-02 12:30:00,NSE:SHIL,309.4,309.75,307.7,309.75,5610.0
2021-03-02 12:45:00,NSE:SHIL,308.7,309.45,306.1,307.7,2738.0
2021-03-02 13:00:00,NSE:SHIL,307.35,308.9,305.35,305.35,5766.0
2021-03-02 13:15:00,NSE:SHIL,305.3,306.4,303.1,304.5,2788.0
2021-03-02 13:30:00,NSE:SHIL,303.95,305.45,301.0,302.2,6684.0
2021-03-02 13:45:00,NSE:SHIL,302.95,303.0,300.45,300.45,2937.0
2021-03-02 14:00:00,NSE:SHIL,300.4,301.0,300.3,301.0,1470.0
2021-03-02 14:15:00,NSE:SHIL,300.9,300.9,299.0,300.0,2021.0
2021-03-02 14:30:00,NSE:SHIL,300.0,303.75,299.5,300.95,11450.0
2021-03-02 14:45:00,NSE:SHIL,300.95,302.95,300.0,301.9,3689.0
2021-03-02 15:00:00,NSE:SHIL,301.9,303.65,301.9,302.2,3495.0
2021-03-02 15:15:00,NSE:SHIL,302.7,304.5,301.25,303.9,8117.0
2021-03-02 15:45:00,NSE:SHIL,302.45,303.9,302.45,303.9,1318.0
2021-03-03 09:00:00,NSE:SHIL,306.7,306.7,306.7,306.7,26.0
2021-03-03 09:15:00,NSE:SHIL,298.95,305.95,298.05,299.65,6475.0
2021-03-03 09:30:00,NSE:SHIL,299.95,301.35,299.5,300.95,4239.0
2021-03-03 09:45:00,NSE:SHIL,300.0,303.5,299.0,303.0,1767.0
2021-03-03 10:00:00,NSE:SHIL,303.5,303.9,301.0,301.45,2358.0
2021-03-03 10:15:00,NSE:SHIL,301.55,305.0,300.0,304.85,2425.0
2021-03-03 10:30:00,NSE:SHIL,304.85,305.7,302.55,302.55,1187.0
2021-03-03 10:45:00,NSE:SHIL,303.0,304.35,299.25,299.25,4350.0
2021-03-03 11:00:00,NSE:SHIL,299.65,301.1,299.6,300.7,1548.0
2021-03-03 11:15:00,NSE:SHIL,300.25,303.4,300.25,301.9,5463.0
2021-03-03 11:30:00,NSE:SHIL,301.55,302.25,301.5,302.25,423.0
2021-03-03 11:45:00,NSE:SHIL,302.3,302.5,300.25,302.35,2212.0
2021-03-03 12:00:00,NSE:SHIL,302.3,302.6,300.85,301.95,1060.0
2021-03-03 12:15:00,NSE:SHIL,300.95,301.7,300.75,301.0,315.0
2021-03-03 12:30:00,NSE:SHIL,301.3,301.4,300.5,300.65,1301.0
2021-03-03 12:45:00,NSE:SHIL,300.65,300.65,297.6,297.6,10056.0
2021-03-03 13:00:00,NSE:SHIL,298.15,299.35,297.6,298.5,3603.0
2021-03-03 13:15:00,NSE:SHIL,298.5,298.95,297.8,297.8,1549.0
2021-03-03 13:30:00,NSE:SHIL,298.0,299.05,297.0,297.0,4109.0
2021-03-03 13:45:00,NSE:SHIL,297.05,297.6,296.1,297.3,3077.0
2021-03-03 14:00:00,NSE:SHIL,297.1,297.5,296.7,296.7,1232.0
2021-03-03 14:15:00,NSE:SHIL,296.7,298.0,296.0,297.4,2134.0
2021-03-03 14:30:00,NSE:SHIL,297.5,299.0,297.5,298.25,3487.0
2021-03-03 14:45:00,NSE:SHIL,298.35,298.8,295.0,295.8,6176.0
2021-03-03 15:00:00,NSE:SHIL,295.75,295.75,291.0,294.55,9492.0
2021-03-03 15:15:00,NSE:SHIL,294.55,297.7,294.3,297.7,5826.0
2021-03-03 15:30:00,NSE:SHIL,294.7,294.7,294.7,294.7,5.0
2021-03-03 15:45:00,NSE:SHIL,294.7,297.7,294.7,294.7,302.0
2021-03-04 09:00:00,NSE:SHIL,294.7,294.7,294.7,294.7,411.0
2021-03-04 09:15:00,NSE:SHIL,291.2,299.95,291.05,295.8,4557.0
2021-03-04 09:30:00,NSE:SHIL,296.35,296.35,294.8,296.0,552.0
2021-03-04 09:45:00,NSE:SHIL,296.2,300.0,295.1,297.5,5590.0
2021-03-04 10:00:00,NSE:SHIL,298.05,298.05,292.05,296.45,2827.0
2021-03-04 10:15:00,NSE:SHIL,295.8,295.9,291.15,293.1,4213.0
2021-03-04 10:30:00,NSE:SHIL,293.0,293.45,291.15,292.25,3304.0
2021-03-04 10:45:00,NSE:SHIL,292.25,293.0,291.55,292.5,486.0
2021-03-04 11:00:00,NSE:SHIL,292.55,293.95,292.55,293.5,241.0
2021-03-04 11:15:00,NSE:SHIL,293.95,294.8,293.05,294.0,691.0
2021-03-04 11:30:00,NSE:SHIL,293.0,294.35,293.0,293.95,581.0
2021-03-04 11:45:00,NSE:SHIL,293.95,293.95,293.0,293.4,681.0
2021-03-04 12:00:00,NSE:SHIL,293.05,293.5,293.0,293.4,954.0
2021-03-04 12:15:00,NSE:SHIL,293.45,296.0,293.45,294.75,2610.0
2021-03-04 12:30:00,NSE:SHIL,294.9,296.15,294.75,295.5,1262.0
2021-03-04 12:45:00,NSE:SHIL,295.5,299.0,293.55,297.25,4718.0
2021-03-04 13:00:00,NSE:SHIL,297.55,297.55,295.0,295.0,1351.0
2021-03-04 13:15:00,NSE:SHIL,295.9,296.75,294.95,296.5,1120.0
2021-03-04 13:30:00,NSE:SHIL,298.05,298.05,295.65,297.05,3621.0
2021-03-04 13:45:00,NSE:SHIL,295.9,299.9,295.5,299.9,3092.0
2021-03-04 14:00:00,NSE:SHIL,297.05,297.05,296.4,296.4,334.0
2021-03-04 14:15:00,NSE:SHIL,297.55,297.55,296.65,296.65,319.0
2021-03-04 14:30:00,NSE:SHIL,296.65,297.1,296.65,296.65,188.0
2021-03-04 14:45:00,NSE:SHIL,296.65,296.9,295.5,295.7,1057.0
2021-03-04 15:00:00,NSE:SHIL,295.3,295.45,293.55,294.1,2814.0
2021-03-04 15:15:00,NSE:SHIL,293.65,295.7,290.0,292.15,8648.0
2021-03-04 15:30:00,NSE:SHIL,293.05,293.05,293.05,293.05,19.0
2021-03-04 15:45:00,NSE:SHIL,293.05,293.05,292.15,292.15,244.0
2021-03-05 09:00:00,NSE:SHIL,295.9,295.9,295.9,295.9,70.0
2021-03-05 09:15:00,NSE:SHIL,297.5,297.5,289.45,290.0,12328.0
2021-03-05 09:30:00,NSE:SHIL,290.5,291.05,289.05,291.05,6297.0
2021-03-05 09:45:00,NSE:SHIL,291.6,291.65,290.1,291.05,1052.0
2021-03-05 10:00:00,NSE:SHIL,290.5,293.4,290.0,291.4,2843.0
2021-03-05 10:15:00,NSE:SHIL,291.0,291.05,290.05,290.1,1072.0
2021-03-05 10:30:00,NSE:SHIL,291.0,292.4,290.05,291.0,1585.0
2021-03-05 10:45:00,NSE:SHIL,290.05,290.8,288.9,289.0,4538.0
2021-03-05 11:00:00,NSE:SHIL,289.15,291.95,283.2,288.75,6969.0
2021-03-05 11:15:00,NSE:SHIL,288.55,289.75,284.2,287.1,2885.0
2021-03-05 11:30:00,NSE:SHIL,287.1,288.0,287.05,287.8,1046.0
2021-03-05 11:45:00,NSE:SHIL,288.3,288.55,287.8,288.5,470.0
2021-03-05 12:00:00,NSE:SHIL,288.5,288.5,287.8,288.2,793.0
2021-03-05 12:15:00,NSE:SHIL,287.8,289.1,287.0,288.3,628.0
2021-03-05 12:30:00,NSE:SHIL,288.0,288.2,286.35,288.2,962.0
2021-03-05 12:45:00,NSE:SHIL,286.4,287.95,286.05,286.5,1081.0
2021-03-05 13:00:00,NSE:SHIL,286.5,286.9,286.0,286.75,1143.0
2021-03-05 13:15:00,NSE:SHIL,286.0,286.9,286.0,286.85,1368.0
2021-03-05 13:30:00,NSE:SHIL,286.85,286.85,285.0,286.2,1095.0
2021-03-05 13:45:00,NSE:SHIL,286.15,286.15,284.15,284.85,1515.0
2021-03-05 14:00:00,NSE:SHIL,284.8,286.95,284.0,284.45,2224.0
2021-03-05 14:15:00,NSE:SHIL,284.8,285.05,284.15,284.2,938.0
2021-03-05 14:30:00,NSE:SHIL,284.5,288.95,284.15,285.2,1828.0
2021-03-05 14:45:00,NSE:SHIL,285.25,286.95,285.1,285.6,1671.0
2021-03-05 15:00:00,NSE:SHIL,285.8,286.15,285.1,285.2,776.0
2021-03-05 15:15:00,NSE:SHIL,285.6,286.75,284.0,284.0,4097.0
2021-03-05 15:30:00,NSE:SHIL,285.5,285.5,284.0,285.5,229.0
2021-03-05 15:45:00,NSE:SHIL,285.5,285.5,285.5,285.5,5.0
2021-03-08 09:00:00,NSE:SHIL,286.5,286.5,286.5,286.5,101.0
2021-03-08 09:15:00,NSE:SHIL,286.5,292.4,285.55,288.05,5771.0
2021-03-08 09:30:00,NSE:SHIL,290.45,290.45,284.0,285.1,2696.0
2021-03-08 09:45:00,NSE:SHIL,285.25,286.1,285.25,286.1,478.0
2021-03-08 10:00:00,NSE:SHIL,286.1,286.6,285.85,286.0,1419.0
2021-03-08 10:15:00,NSE:SHIL,286.0,286.0,285.0,285.3,355.0
2021-03-08 10:30:00,NSE:SHIL,285.4,286.05,282.55,282.55,1171.0
2021-03-08 10:45:00,NSE:SHIL,282.55,284.9,281.35,284.9,1720.0
2021-03-08 11:00:00,NSE:SHIL,284.0,284.35,280.55,282.25,6656.0
2021-03-08 11:15:00,NSE:SHIL,283.5,286.8,283.5,286.1,6278.0
2021-03-08 11:30:00,NSE:SHIL,286.1,287.9,286.1,287.1,5120.0
2021-03-08 11:45:00,NSE:SHIL,287.5,287.8,287.5,287.8,200.0
2021-03-08 12:00:00,NSE:SHIL,287.6,287.9,287.55,287.9,575.0
2021-03-08 12:15:00,NSE:SHIL,287.5,287.9,287.1,287.85,431.0
2021-03-08 12:30:00,NSE:SHIL,287.55,288.35,287.55,287.75,1216.0
2021-03-08 12:45:00,NSE:SHIL,287.35,287.95,284.0,285.75,2687.0
2021-03-08 13:00:00,NSE:SHIL,287.1,287.1,285.6,286.4,1241.0
2021-03-08 13:15:00,NSE:SHIL,286.0,287.05,285.6,286.4,210.0
2021-03-08 13:30:00,NSE:SHIL,284.3,286.4,284.3,285.0,632.0
2021-03-08 13:45:00,NSE:SHIL,285.4,285.4,282.0,283.75,1149.0
2021-03-08 14:00:00,NSE:SHIL,283.85,283.85,279.9,283.0,5298.0
2021-03-08 14:15:00,NSE:SHIL,282.65,282.65,280.15,282.0,3844.0
2021-03-08 14:30:00,NSE:SHIL,281.45,282.65,281.1,282.05,759.0
2021-03-08 14:45:00,NSE:SHIL,282.6,282.95,279.7,279.7,3252.0
2021-03-08 15:00:00,NSE:SHIL,279.0,282.0,278.0,279.95,8867.0
2021-03-08 15:15:00,NSE:SHIL,279.0,279.0,271.25,273.8,21043.0
2021-03-08 15:30:00,NSE:SHIL,275.85,275.85,275.85,275.85,45.0
2021-03-09 09:00:00,NSE:SHIL,273.8,273.8,273.8,273.8,385.0
2021-03-09 09:15:00,NSE:SHIL,275.75,275.75,271.05,271.75,4625.0
2021-03-09 09:30:00,NSE:SHIL,272.0,274.6,271.55,274.1,13590.0
2021-03-09 09:45:00,NSE:SHIL,274.0,274.65,273.1,273.9,2497.0
2021-03-09 10:00:00,NSE:SHIL,273.45,274.1,273.3,274.0,2296.0
2021-03-09 10:15:00,NSE:SHIL,274.1,274.1,272.05,273.7,2444.0
2021-03-09 10:30:00,NSE:SHIL,273.05,275.4,273.05,275.35,1902.0
2021-03-09 10:45:00,NSE:SHIL,275.3,277.05,275.05,277.05,1703.0
2021-03-09 11:00:00,NSE:SHIL,277.8,277.8,272.95,276.5,6000.0
2021-03-09 11:15:00,NSE:SHIL,276.1,276.15,275.35,276.05,818.0
2021-03-09 11:30:00,NSE:SHIL,276.05,283.65,274.5,281.05,8931.0
2021-03-09 11:45:00,NSE:SHIL,281.0,281.25,279.05,279.85,8830.0
2021-03-09 12:00:00,NSE:SHIL,280.15,280.8,271.05,271.5,12796.0
2021-03-09 12:15:00,NSE:SHIL,271.55,274.4,271.55,273.45,3979.0
2021-03-09 12:30:00,NSE:SHIL,273.45,273.45,271.55,271.7,2640.0
2021-03-09 12:45:00,NSE:SHIL,271.9,271.9,271.15,271.15,688.0
2021-03-09 13:00:00,NSE:SHIL,271.8,271.8,270.05,270.05,1588.0
2021-03-09 13:15:00,NSE:SHIL,270.05,270.1,262.1,262.1,11857.0
2021-03-09 13:30:00,NSE:SHIL,262.1,265.0,262.1,264.0,11606.0
2021-03-09 13:45:00,NSE:SHIL,264.0,265.15,262.1,264.0,22215.0
2021-03-09 14:00:00,NSE:SHIL,265.15,266.4,264.0,264.55,4825.0
2021-03-09 14:15:00,NSE:SHIL,264.55,266.4,264.4,266.4,3153.0
2021-03-09 14:30:00,NSE:SHIL,266.05,268.55,266.0,267.0,3624.0
2021-03-09 14:45:00,NSE:SHIL,267.9,277.5,267.9,277.5,6908.0
2021-03-09 15:00:00,NSE:SHIL,278.1,283.45,278.05,282.0,23472.0
2021-03-09 15:15:00,NSE:SHIL,282.45,287.8,282.15,286.0,16507.0
2021-03-09 15:30:00,NSE:SHIL,282.95,286.0,282.95,282.95,320.0
2021-03-09 15:45:00,NSE:SHIL,282.95,282.95,282.95,282.95,50.0
2021-03-10 09:00:00,NSE:SHIL,285.0,285.0,285.0,285.0,86.0
2021-03-10 09:15:00,NSE:SHIL,285.0,287.05,281.2,281.2,3682.0
2021-03-10 09:30:00,NSE:SHIL,281.15,281.95,280.25,280.9,1487.0
2021-03-10 09:45:00,NSE:SHIL,281.1,283.95,281.1,283.0,1947.0
2021-03-10 10:00:00,NSE:SHIL,283.0,288.0,280.5,287.65,11942.0
2021-03-10 10:15:00,NSE:SHIL,286.0,286.95,284.55,284.55,2026.0
2021-03-10 10:30:00,NSE:SHIL,285.2,286.0,283.15,283.15,1353.0
2021-03-10 10:45:00,NSE:SHIL,283.3,283.3,282.25,282.45,1202.0
2021-03-10 11:00:00,NSE:SHIL,283.5,283.5,280.25,281.9,1785.0
2021-03-10 11:15:00,NSE:SHIL,281.05,282.15,281.05,281.9,152.0
2021-03-10 11:30:00,NSE:SHIL,281.9,281.9,281.05,281.05,504.0
2021-03-10 11:45:00,NSE:SHIL,281.15,282.5,281.1,281.7,614.0
2021-03-10 12:00:00,NSE:SHIL,282.0,282.0,280.85,281.7,1166.0
2021-03-10 12:15:00,NSE:SHIL,281.45,281.45,280.6,280.6,83.0
2021-03-10 12:30:00,NSE:SHIL,281.4,281.4,278.55,279.35,1105.0
2021-03-10 12:45:00,NSE:SHIL,278.9,279.75,272.55,273.1,3581.0
2021-03-10 13:00:00,NSE:SHIL,273.0,277.0,273.0,275.95,5892.0
2021-03-10 13:15:00,NSE:SHIL,276.9,277.5,276.15,276.15,711.0
2021-03-10 13:30:00,NSE:SHIL,275.75,277.5,275.75,277.25,527.0
2021-03-10 13:45:00,NSE:SHIL,277.05,278.5,277.05,278.5,762.0
2021-03-10 14:00:00,NSE:SHIL,278.5,278.5,277.45,277.95,48.0
2021-03-10 14:15:00,NSE:SHIL,277.95,278.5,277.9,277.9,186.0
2021-03-10 14:30:00,NSE:SHIL,277.3,278.0,276.05,276.1,834.0
2021-03-10 14:45:00,NSE:SHIL,276.7,277.65,271.3,274.15,7078.0
2021-03-10 15:00:00,NSE:SHIL,274.6,275.0,273.0,274.05,3287.0
2021-03-10 15:15:00,NSE:SHIL,273.7,274.5,272.0,273.9,7277.0
2021-03-10 15:30:00,NSE:SHIL,274.0,274.0,274.0,274.0,50.0
2021-03-10 15:45:00,NSE:SHIL,274.0,274.0,274.0,274.0,50.0
2021-03-12 09:00:00,NSE:SHIL,272.0,272.0,272.0,272.0,171.0
2021-03-12 09:15:00,NSE:SHIL,274.0,276.45,273.05,275.5,6312.0
2021-03-12 09:30:00,NSE:SHIL,275.5,275.5,275.0,275.0,2216.0
2021-03-12 09:45:00,NSE:SHIL,275.0,275.05,272.5,273.55,3118.0
2021-03-12 10:00:00,NSE:SHIL,272.85,273.95,271.2,271.5,2062.0
2021-03-12 10:15:00,NSE:SHIL,271.65,271.9,268.9,271.8,4617.0
2021-03-12 10:30:00,NSE:SHIL,273.0,273.0,271.8,272.75,822.0
2021-03-12 10:45:00,NSE:SHIL,271.95,273.0,271.35,271.75,1109.0
2021-03-12 11:00:00,NSE:SHIL,272.25,272.3,270.5,271.0,1539.0
2021-03-12 11:15:00,NSE:SHIL,270.9,271.7,266.15,267.7,5662.0
2021-03-12 11:30:00,NSE:SHIL,268.0,269.7,267.0,269.4,3459.0
2021-03-12 11:45:00,NSE:SHIL,269.45,269.45,267.35,267.8,1739.0
2021-03-12 12:00:00,NSE:SHIL,268.0,268.0,267.5,267.5,2634.0
2021-03-12 12:15:00,NSE:SHIL,267.0,268.75,266.0,266.05,5145.0
2021-03-12 12:30:00,NSE:SHIL,267.0,267.0,262.55,263.95,11505.0
2021-03-12 12:45:00,NSE:SHIL,263.15,264.0,262.5,263.85,4256.0
2021-03-12 13:00:00,NSE:SHIL,263.85,268.25,263.1,265.05,12828.0
2021-03-12 13:15:00,NSE:SHIL,265.5,265.5,264.5,265.0,2832.0
2021-03-12 13:30:00,NSE:SHIL,265.0,265.0,263.5,263.5,7846.0
2021-03-12 13:45:00,NSE:SHIL,263.9,264.5,263.35,264.35,1132.0
2021-03-12 14:00:00,NSE:SHIL,263.55,264.75,263.55,263.75,1601.0
2021-03-12 14:15:00,NSE:SHIL,264.0,264.0,263.0,263.95,1628.0
2021-03-12 14:30:00,NSE:SHIL,263.95,265.0,263.95,264.45,4729.0
2021-03-12 14:45:00,NSE:SHIL,264.8,265.5,264.2,265.5,2848.0
2021-03-12 15:00:00,NSE:SHIL,265.5,267.9,265.0,267.8,10794.0
2021-03-12 15:15:00,NSE:SHIL,267.9,268.0,265.0,265.0,6191.0
2021-03-12 15:45:00,NSE:SHIL,266.65,266.65,266.65,266.65,4000.0
2021-03-15 09:00:00,NSE:SHIL,271.75,271.75,271.75,271.75,10.0
2021-03-15 09:15:00,NSE:SHIL,267.1,269.8,262.5,262.5,4592.0
2021-03-15 09:30:00,NSE:SHIL,263.2,263.2,258.75,260.0,4292.0
2021-03-15 09:45:00,NSE:SHIL,260.2,262.0,260.05,262.0,3321.0
2021-03-15 10:00:00,NSE:SHIL,261.8,263.2,260.0,260.5,2448.0
2021-03-15 10:15:00,NSE:SHIL,260.05,261.85,260.0,260.1,5536.0
2021-03-15 10:30:00,NSE:SHIL,260.95,263.0,260.7,260.7,1651.0
2021-03-15 10:45:00,NSE:SHIL,260.3,263.0,260.0,262.0,3940.0
2021-03-15 11:00:00,NSE:SHIL,262.0,262.0,260.0,260.0,1757.0
2021-03-15 11:15:00,NSE:SHIL,259.75,259.75,255.15,255.55,12732.0
2021-03-15 11:30:00,NSE:SHIL,255.65,257.15,255.0,257.15,7445.0
2021-03-15 11:45:00,NSE:SHIL,257.0,258.3,256.6,257.95,1727.0
2021-03-15 12:00:00,NSE:SHIL,257.8,257.95,257.0,257.95,925.0
2021-03-15 12:15:00,NSE:SHIL,258.05,258.05,257.0,257.9,2092.0
2021-03-15 12:30:00,NSE:SHIL,257.35,258.25,257.35,257.9,393.0
2021-03-15 12:45:00,NSE:SHIL,257.9,257.9,257.05,257.75,1409.0
2021-03-15 13:00:00,NSE:SHIL,257.5,257.5,255.8,256.35,2908.0
2021-03-15 13:15:00,NSE:SHIL,256.55,256.6,254.5,255.35,6152.0
2021-03-15 13:30:00,NSE:SHIL,255.9,256.45,254.8,255.95,1746.0
2021-03-15 13:45:00,NSE:SHIL,255.9,257.15,255.0,257.15,2305.0
2021-03-15 14:00:00,NSE:SHIL,257.45,257.45,255.95,256.0,1994.0
2021-03-15 14:15:00,NSE:SHIL,256.0,256.3,255.0,255.95,2726.0
2021-03-15 14:30:00,NSE:SHIL,255.3,257.85,255.3,257.55,3605.0
2021-03-15 14:45:00,NSE:SHIL,258.0,258.7,256.95,257.3,2351.0
2021-03-15 15:00:00,NSE:SHIL,257.85,264.0,257.85,261.05,8297.0
2021-03-15 15:15:00,NSE:SHIL,261.15,262.15,257.2,257.2,7160.0
2021-03-15 15:30:00,NSE:SHIL,257.0,261.4,257.0,261.4,11.0
2021-03-16 09:00:00,NSE:SHIL,262.5,262.5,262.5,262.5,127.0
2021-03-16 09:15:00,NSE:SHIL,264.8,267.95,263.9,264.15,4261.0
2021-03-16 09:30:00,NSE:SHIL,264.15,265.1,262.85,264.0,2583.0
2021-03-16 09:45:00,NSE:SHIL,263.9,265.95,263.9,264.25,3808.0
2021-03-16 10:00:00,NSE:SHIL,264.5,267.9,264.5,267.9,1147.0
2021-03-16 10:15:00,NSE:SHIL,267.2,269.95,266.0,269.95,2907.0
2021-03-16 10:30:00,NSE:SHIL,270.0,270.0,267.65,268.55,3214.0
2021-03-16 10:45:00,NSE:SHIL,268.0,269.1,268.0,268.85,268.0
2021-03-16 11:00:00,NSE:SHIL,269.0,274.4,268.05,272.25,12921.0
2021-03-16 11:15:00,NSE:SHIL,273.0,274.45,272.1,274.45,12564.0
2021-03-16 11:30:00,NSE:SHIL,274.45,274.45,274.45,274.45,5091.0
2021-03-16 11:45:00,NSE:SHIL,274.45,274.45,274.45,274.45,1259.0
2021-03-16 12:00:00,NSE:SHIL,274.45,274.45,274.45,274.45,787.0
2021-03-16 12:15:00,NSE:SHIL,274.45,274.45,274.45,274.45,693.0
2021-03-16 12:30:00,NSE:SHIL,274.45,274.45,274.45,274.45,43.0
2021-03-16 12:45:00,NSE:SHIL,274.45,274.45,274.45,274.45,20.0
2021-03-16 13:00:00,NSE:SHIL,274.45,274.45,274.45,274.45,100.0
2021-03-16 13:15:00,NSE:SHIL,274.45,274.45,274.45,274.45,270.0
2021-03-16 13:30:00,NSE:SHIL,274.45,274.45,274.45,274.45,902.0
2021-03-16 14:00:00,NSE:SHIL,274.45,274.45,274.45,274.45,50.0
2021-03-16 14:15:00,NSE:SHIL,274.45,274.45,274.45,274.45,445.0
2021-03-16 14:30:00,NSE:SHIL,274.45,274.45,274.45,274.45,82.0
2021-03-16 14:45:00,NSE:SHIL,274.45,274.45,274.45,274.45,819.0
2021-03-16 15:00:00,NSE:SHIL,274.45,274.45,274.45,274.45,1063.0
2021-03-16 15:15:00,NSE:SHIL,274.45,274.45,274.45,274.45,211.0
2021-03-17 09:00:00,NSE:SHIL,279.0,279.0,279.0,279.0,223.0
2021-03-17 09:15:00,NSE:SHIL,278.95,279.0,268.8,275.95,6952.0
2021-03-17 09:30:00,NSE:SHIL,274.5,275.5,271.0,271.0,5818.0
2021-03-17 09:45:00,NSE:SHIL,270.85,270.9,268.1,270.15,5959.0
2021-03-17 10:00:00,NSE:SHIL,270.15,270.15,267.0,267.55,3042.0
2021-03-17 10:15:00,NSE:SHIL,268.0,268.0,264.15,265.25,5838.0
2021-03-17 10:30:00,NSE:SHIL,266.0,269.05,265.75,268.7,1111.0
2021-03-17 10:45:00,NSE:SHIL,268.35,268.9,268.0,268.0,527.0
2021-03-17 11:00:00,NSE:SHIL,268.15,268.7,268.0,268.7,309.0
2021-03-17 11:15:00,NSE:SHIL,268.65,271.0,268.65,270.7,1898.0
2021-03-17 11:30:00,NSE:SHIL,270.05,273.3,270.0,273.3,7369.0
2021-03-17 11:45:00,NSE:SHIL,273.0,274.0,272.5,272.5,2989.0
2021-03-17 12:00:00,NSE:SHIL,271.35,271.35,270.2,270.2,120.0
2021-03-17 12:15:00,NSE:SHIL,270.0,270.0,266.5,267.9,1336.0
2021-03-17 12:30:00,NSE:SHIL,267.0,267.0,264.0,264.75,2464.0
2021-03-17 12:45:00,NSE:SHIL,264.85,265.5,264.6,265.0,1246.0
2021-03-17 13:00:00,NSE:SHIL,265.0,265.5,264.15,264.15,1041.0
2021-03-17 13:15:00,NSE:SHIL,264.5,265.5,264.5,264.95,462.0
2021-03-17 13:30:00,NSE:SHIL,264.65,265.9,264.4,264.4,1868.0
2021-03-17 13:45:00,NSE:SHIL,264.45,265.2,262.5,263.5,2221.0
2021-03-17 14:00:00,NSE:SHIL,262.55,265.45,261.1,262.0,4841.0
2021-03-17 14:15:00,NSE:SHIL,262.0,263.0,261.25,262.75,2113.0
2021-03-17 14:30:00,NSE:SHIL,263.0,264.0,262.3,262.9,1107.0
2021-03-17 14:45:00,NSE:SHIL,262.5,263.0,262.25,263.0,1004.0
2021-03-17 15:00:00,NSE:SHIL,263.0,265.2,261.15,261.15,4349.0
2021-03-17 15:15:00,NSE:SHIL,261.95,267.5,261.0,264.0,15178.0
2021-03-17 15:30:00,NSE:SHIL,263.7,264.0,263.7,264.0,55.0
2021-03-17 15:45:00,NSE:SHIL,263.7,263.7,263.7,263.7,5.0
2021-03-18 09:00:00,NSE:SHIL,268.0,268.0,268.0,268.0,100.0
2021-03-18 09:15:00,NSE:SHIL,268.7,271.4,266.8,267.4,2987.0
2021-03-18 09:30:00,NSE:SHIL,268.3,268.3,262.8,265.55,3634.0
2021-03-18 09:45:00,NSE:SHIL,265.4,265.55,262.8,263.4,4339.0
2021-03-18 10:00:00,NSE:SHIL,263.1,263.1,259.0,259.8,3927.0
2021-03-18 10:15:00,NSE:SHIL,259.75,259.75,258.0,258.0,1035.0
2021-03-18 10:30:00,NSE:SHIL,258.35,258.5,255.6,255.95,2364.0
2021-03-18 10:45:00,NSE:SHIL,255.6,257.15,255.6,257.0,2564.0
2021-03-18 11:00:00,NSE:SHIL,256.95,257.15,256.0,256.0,966.0
2021-03-18 11:15:00,NSE:SHIL,255.65,256.05,252.8,254.0,3341.0
2021-03-18 11:30:00,NSE:SHIL,254.0,254.5,253.5,254.5,4022.0
2021-03-18 11:45:00,NSE:SHIL,254.5,257.5,253.5,255.1,5977.0
2021-03-18 12:00:00,NSE:SHIL,255.25,256.8,255.1,256.4,1176.0
2021-03-18 12:15:00,NSE:SHIL,256.4,256.4,255.1,255.45,2902.0
2021-03-18 12:30:00,NSE:SHIL,255.15,261.25,255.1,261.0,5740.0
2021-03-18 12:45:00,NSE:SHIL,260.0,260.45,258.15,259.2,2373.0
2021-03-18 13:00:00,NSE:SHIL,259.5,259.5,256.0,256.0,1205.0
2021-03-18 13:15:00,NSE:SHIL,255.45,261.55,255.1,261.0,2087.0
2021-03-18 13:30:00,NSE:SHIL,260.3,260.75,257.45,260.05,2895.0
2021-03-18 13:45:00,NSE:SHIL,260.0,260.6,260.0,260.0,2010.0
2021-03-18 14:00:00,NSE:SHIL,260.0,260.0,255.05,255.05,2276.0
2021-03-18 14:15:00,NSE:SHIL,255.0,256.2,254.0,254.0,2094.0
2021-03-18 14:30:00,NSE:SHIL,254.35,259.0,254.35,256.9,3783.0
2021-03-18 14:45:00,NSE:SHIL,256.2,257.2,252.8,256.95,9553.0
2021-03-18 15:00:00,NSE:SHIL,256.0,258.7,256.0,258.7,3113.0
2021-03-18 15:15:00,NSE:SHIL,258.75,260.0,254.8,254.85,3962.0
2021-03-18 15:30:00,NSE:SHIL,256.0,256.0,256.0,256.0,1.0
2021-03-18 15:45:00,NSE:SHIL,256.9,256.9,256.9,256.9,25.0
2021-03-19 09:15:00,NSE:SHIL,253.1,254.95,246.2,248.3,13326.0
2021-03-19 09:30:00,NSE:SHIL,248.75,249.4,247.1,248.1,10142.0
2021-03-19 09:45:00,NSE:SHIL,248.1,250.85,245.5,250.85,18731.0
2021-03-19 10:00:00,NSE:SHIL,251.0,252.45,250.0,252.05,4485.0
2021-03-19 10:15:00,NSE:SHIL,252.0,252.45,250.0,252.45,5079.0
2021-03-19 10:30:00,NSE:SHIL,251.15,252.0,250.1,251.15,913.0
2021-03-19 10:45:00,NSE:SHIL,251.15,251.95,250.4,251.95,915.0
2021-03-19 11:00:00,NSE:SHIL,252.1,252.5,250.0,251.95,2196.0
2021-03-19 11:15:00,NSE:SHIL,252.0,252.6,251.35,251.85,3144.0
2021-03-19 11:30:00,NSE:SHIL,251.9,251.9,249.2,249.3,6155.0
2021-03-19 11:45:00,NSE:SHIL,249.0,252.5,248.05,252.05,4749.0
2021-03-19 12:00:00,NSE:SHIL,252.4,252.4,251.0,252.0,1364.0
2021-03-19 12:15:00,NSE:SHIL,252.0,252.3,251.35,252.0,351.0
2021-03-19 12:30:00,NSE:SHIL,252.05,252.05,251.3,251.5,222.0
2021-03-19 12:45:00,NSE:SHIL,251.25,251.25,250.05,250.05,5105.0
2021-03-19 13:00:00,NSE:SHIL,250.65,250.9,250.1,250.85,638.0
2021-03-19 13:15:00,NSE:SHIL,250.8,250.85,250.15,250.6,385.0
2021-03-19 13:30:00,NSE:SHIL,250.65,252.75,250.2,252.65,3018.0
2021-03-19 13:45:00,NSE:SHIL,252.7,254.8,252.35,254.8,1614.0
2021-03-19 14:00:00,NSE:SHIL,254.8,263.55,254.55,263.5,7929.0
2021-03-19 14:15:00,NSE:SHIL,264.2,269.65,264.0,265.0,7433.0
2021-03-19 14:30:00,NSE:SHIL,265.15,269.7,265.0,267.05,6818.0
2021-03-19 14:45:00,NSE:SHIL,269.7,269.7,266.55,268.8,2826.0
2021-03-19 15:00:00,NSE:SHIL,269.0,269.0,265.2,268.95,10465.0
2021-03-19 15:15:00,NSE:SHIL,268.45,268.5,265.5,265.5,1888.0
2021-03-19 15:30:00,NSE:SHIL,268.5,268.5,265.5,265.5,200.0
2021-03-19 15:45:00,NSE:SHIL,268.5,268.5,268.5,268.5,1.0
2021-03-22 09:00:00,NSE:SHIL,274.0,274.0,274.0,274.0,600.0
2021-03-22 09:15:00,NSE:SHIL,266.7,272.7,263.05,264.3,2903.0
2021-03-22 09:30:00,NSE:SHIL,263.75,264.9,263.75,264.4,1251.0
2021-03-22 09:45:00,NSE:SHIL,264.8,265.0,263.7,265.0,3445.0
2021-03-22 10:00:00,NSE:SHIL,264.5,265.0,264.5,265.0,210.0
2021-03-22 10:15:00,NSE:SHIL,265.0,265.0,260.8,264.1,5061.0
2021-03-22 10:30:00,NSE:SHIL,263.7,263.7,261.65,262.0,1949.0
2021-03-22 10:45:00,NSE:SHIL,262.1,263.4,260.4,262.95,1480.0
2021-03-22 11:00:00,NSE:SHIL,262.95,262.95,261.8,262.4,665.0
2021-03-22 11:15:00,NSE:SHIL,262.6,263.4,262.6,263.4,237.0
2021-03-22 11:30:00,NSE:SHIL,263.0,263.3,262.4,263.25,129.0
2021-03-22 11:45:00,NSE:SHIL,263.4,263.4,262.85,263.15,74.0
2021-03-22 12:00:00,NSE:SHIL,263.4,266.55,263.4,266.0,3688.0
2021-03-22 12:15:00,NSE:SHIL,266.0,266.0,263.0,263.0,1189.0
2021-03-22 12:30:00,NSE:SHIL,262.35,262.6,261.7,261.7,1945.0
2021-03-22 12:45:00,NSE:SHIL,261.95,263.1,261.95,263.1,2499.0
2021-03-22 13:00:00,NSE:SHIL,262.8,263.55,262.5,263.55,313.0
2021-03-22 13:15:00,NSE:SHIL,263.65,265.1,263.65,265.1,1300.0
2021-03-22 13:30:00,NSE:SHIL,264.85,265.0,263.3,264.0,602.0
2021-03-22 13:45:00,NSE:SHIL,264.75,271.95,264.75,269.9,5791.0
2021-03-22 14:00:00,NSE:SHIL,267.7,272.0,267.7,269.0,2720.0
2021-03-22 14:15:00,NSE:SHIL,270.65,270.65,268.8,269.5,1181.0
2021-03-22 14:30:00,NSE:SHIL,269.5,269.5,268.8,269.45,913.0
2021-03-22 14:45:00,NSE:SHIL,270.0,270.3,269.1,269.15,981.0
2021-03-22 15:00:00,NSE:SHIL,269.15,270.0,268.55,269.6,3100.0
2021-03-22 15:15:00,NSE:SHIL,269.6,270.0,267.0,269.65,5147.0
2021-03-22 15:45:00,NSE:SHIL,269.35,269.35,269.35,269.35,1.0
2021-03-23 09:15:00,NSE:SHIL,273.4,275.9,267.95,275.9,6484.0
2021-03-23 09:30:00,NSE:SHIL,274.5,275.35,273.95,274.5,2009.0
2021-03-23 09:45:00,NSE:SHIL,274.45,275.0,273.25,273.95,1245.0
2021-03-23 10:00:00,NSE:SHIL,274.0,274.05,270.75,270.95,3986.0
2021-03-23 10:15:00,NSE:SHIL,270.95,272.5,270.95,272.0,1325.0
2021-03-23 10:30:00,NSE:SHIL,271.55,272.45,269.0,272.0,3145.0
2021-03-23 10:45:00,NSE:SHIL,272.55,274.0,272.45,273.4,2686.0
2021-03-23 11:00:00,NSE:SHIL,273.3,273.9,273.0,273.9,1772.0
2021-03-23 11:15:00,NSE:SHIL,273.3,278.9,273.3,278.8,9284.0
2021-03-23 11:30:00,NSE:SHIL,278.5,279.0,273.85,274.65,9686.0
2021-03-23 11:45:00,NSE:SHIL,274.65,275.0,274.0,275.0,2008.0
2021-03-23 12:00:00,NSE:SHIL,275.0,275.25,274.15,274.15,6043.0
2021-03-23 12:15:00,NSE:SHIL,274.85,275.0,274.7,275.0,6653.0
2021-03-23 12:30:00,NSE:SHIL,275.0,275.1,274.3,275.0,1453.0
2021-03-23 12:45:00,NSE:SHIL,274.95,275.05,274.5,275.0,2615.0
2021-03-23 13:00:00,NSE:SHIL,274.6,275.95,274.6,275.2,4746.0
2021-03-23 13:15:00,NSE:SHIL,275.0,276.05,274.55,275.0,7579.0
2021-03-23 13:30:00,NSE:SHIL,274.55,274.95,274.1,274.15,927.0
2021-03-23 13:45:00,NSE:SHIL,274.15,274.2,274.15,274.2,55.0
2021-03-23 14:00:00,NSE:SHIL,274.15,274.15,272.1,272.1,2446.0
2021-03-23 14:15:00,NSE:SHIL,273.2,273.35,272.8,272.85,611.0
2021-03-23 14:30:00,NSE:SHIL,272.85,273.3,272.8,273.25,402.0
2021-03-23 14:45:00,NSE:SHIL,273.25,273.25,272.5,273.0,397.0
2021-03-23 15:00:00,NSE:SHIL,273.35,273.35,271.7,271.7,1065.0
2021-03-23 15:15:00,NSE:SHIL,271.25,272.0,268.05,271.5,5556.0
2021-03-23 15:45:00,NSE:SHIL,270.65,270.65,270.65,270.65,2.0
2021-03-24 09:15:00,NSE:SHIL,273.3,273.35,270.35,271.1,4621.0
2021-03-24 09:30:00,NSE:SHIL,271.0,271.65,271.0,271.5,985.0
2021-03-24 09:45:00,NSE:SHIL,271.45,271.45,268.1,268.3,5184.0
2021-03-24 10:00:00,NSE:SHIL,268.2,269.05,268.2,268.35,550.0
2021-03-24 10:15:00,NSE:SHIL,268.3,268.3,266.55,267.0,1313.0
2021-03-24 10:30:00,NSE:SHIL,267.25,267.25,266.1,266.15,1245.0
2021-03-24 10:45:00,NSE:SHIL,266.15,267.55,266.1,267.05,1828.0
2021-03-24 11:00:00,NSE:SHIL,267.0,267.25,264.6,264.6,1367.0
2021-03-24 11:15:00,NSE:SHIL,264.75,265.85,264.75,264.8,349.0
2021-03-24 11:30:00,NSE:SHIL,265.35,265.35,263.05,263.05,1364.0
2021-03-24 11:45:00,NSE:SHIL,263.4,265.0,263.4,264.0,1347.0
2021-03-24 12:00:00,NSE:SHIL,264.15,264.15,263.2,264.05,3847.0
2021-03-24 12:15:00,NSE:SHIL,266.35,266.35,264.25,264.8,966.0
2021-03-24 12:30:00,NSE:SHIL,264.3,265.15,264.0,265.15,837.0
2021-03-24 12:45:00,NSE:SHIL,265.4,265.4,263.7,264.25,5515.0
2021-03-24 13:00:00,NSE:SHIL,265.0,265.0,263.0,263.05,1499.0
2021-03-24 13:15:00,NSE:SHIL,263.4,264.5,263.4,264.5,1229.0
2021-03-24 13:30:00,NSE:SHIL,265.7,265.7,262.0,262.0,3550.0
2021-03-24 13:45:00,NSE:SHIL,263.6,264.5,263.05,263.5,2514.0
2021-03-24 14:00:00,NSE:SHIL,263.4,266.05,263.4,263.85,39464.0
2021-03-24 14:15:00,NSE:SHIL,263.65,263.65,263.1,263.5,165.0
2021-03-24 14:30:00,NSE:SHIL,263.3,263.4,261.55,261.55,636.0
2021-03-24 14:45:00,NSE:SHIL,261.05,262.95,260.1,262.95,1226.0
2021-03-24 15:00:00,NSE:SHIL,261.9,262.6,260.8,261.35,1182.0
2021-03-24 15:15:00,NSE:SHIL,261.4,263.0,260.0,263.0,4597.0
2021-03-25 09:00:00,NSE:SHIL,266.0,266.0,266.0,266.0,200.0
2021-03-25 09:15:00,NSE:SHIL,265.7,265.7,257.65,259.3,3203.0
2021-03-25 09:30:00,NSE:SHIL,258.3,259.6,254.9,256.45,2266.0
2021-03-25 09:45:00,NSE:SHIL,256.9,258.65,254.3,254.8,4228.0
2021-03-25 10:00:00,NSE:SHIL,254.5,255.0,252.75,253.5,3460.0
2021-03-25 10:15:00,NSE:SHIL,253.45,253.6,251.25,251.75,2860.0
2021-03-25 10:30:00,NSE:SHIL,253.0,253.35,251.15,252.0,7950.0
2021-03-25 10:45:00,NSE:SHIL,252.15,252.65,251.0,252.25,8131.0
2021-03-25 11:00:00,NSE:SHIL,251.75,252.25,249.85,249.85,19971.0
2021-03-25 11:15:00,NSE:SHIL,249.75,251.0,248.25,251.0,26878.0
2021-03-25 11:30:00,NSE:SHIL,251.5,251.7,248.25,248.25,8909.0
2021-03-25 11:45:00,NSE:SHIL,248.25,248.25,248.25,248.25,1380.0
2021-03-25 12:00:00,NSE:SHIL,248.25,248.25,248.25,248.25,365.0
2021-03-25 12:15:00,NSE:SHIL,248.25,248.25,248.25,248.25,490.0
2021-03-25 12:30:00,NSE:SHIL,248.25,248.25,248.25,248.25,179.0
2021-03-25 12:45:00,NSE:SHIL,248.25,248.25,248.25,248.25,571.0
2021-03-25 13:00:00,NSE:SHIL,248.25,248.25,248.25,248.25,13780.0
2021-03-25 13:15:00,NSE:SHIL,248.25,248.25,248.25,248.25,14749.0
2021-03-25 13:30:00,NSE:SHIL,248.25,248.25,248.25,248.25,2845.0
2021-03-25 13:45:00,NSE:SHIL,248.25,248.25,248.25,248.25,61301.0
2021-03-25 14:00:00,NSE:SHIL,248.25,251.9,248.25,251.75,25450.0
2021-03-25 14:15:00,NSE:SHIL,251.5,253.7,251.0,253.0,21352.0
2021-03-25 14:30:00,NSE:SHIL,253.0,253.9,251.15,253.8,11039.0
2021-03-25 14:45:00,NSE:SHIL,253.8,256.0,253.0,255.3,10360.0
2021-03-25 15:00:00,NSE:SHIL,255.95,255.95,250.0,252.0,7067.0
2021-03-25 15:15:00,NSE:SHIL,250.45,260.75,250.45,260.0,8085.0
2021-03-26 09:00:00,NSE:SHIL,267.25,267.25,267.25,267.25,6845.0
2021-03-26 09:15:00,NSE:SHIL,267.25,267.3,264.0,267.3,14081.0
2021-03-26 09:30:00,NSE:SHIL,267.3,267.3,267.3,267.3,1008.0
2021-03-26 09:45:00,NSE:SHIL,267.3,267.3,263.7,263.7,56042.0
2021-03-26 10:00:00,NSE:SHIL,263.0,267.3,262.9,267.3,12334.0
2021-03-26 10:15:00,NSE:SHIL,267.25,267.3,266.25,266.3,8406.0
2021-03-26 10:30:00,NSE:SHIL,266.3,266.8,264.1,266.5,3588.0
2021-03-26 10:45:00,NSE:SHIL,264.0,266.4,263.8,265.9,1111.0
2021-03-26 11:00:00,NSE:SHIL,265.95,267.0,264.2,265.8,3053.0
2021-03-26 11:15:00,NSE:SHIL,266.95,267.0,266.3,266.3,991.0
2021-03-26 11:30:00,NSE:SHIL,266.3,267.3,265.55,267.2,27844.0
2021-03-26 11:45:00,NSE:SHIL,267.2,267.25,267.0,267.25,2248.0
2021-03-26 12:00:00,NSE:SHIL,267.25,267.3,266.0,267.25,5767.0
2021-03-26 12:15:00,NSE:SHIL,267.25,267.25,266.05,267.25,1081.0
2021-03-26 12:30:00,NSE:SHIL,267.25,267.25,266.5,267.2,954.0
2021-03-26 12:45:00,NSE:SHIL,266.3,267.2,266.3,267.2,231.0
2021-03-26 13:00:00,NSE:SHIL,267.1,267.2,265.0,266.7,2310.0
2021-03-26 13:15:00,NSE:SHIL,266.1,266.65,266.1,266.65,188.0
2021-03-26 13:30:00,NSE:SHIL,266.65,267.2,266.15,267.0,17771.0
2021-03-26 13:45:00,NSE:SHIL,267.0,267.2,265.2,267.0,14764.0
2021-03-26 14:00:00,NSE:SHIL,267.3,267.3,266.1,267.0,24224.0
2021-03-26 14:15:00,NSE:SHIL,265.05,267.3,263.0,267.3,54035.0
2021-03-26 14:30:00,NSE:SHIL,267.3,267.3,265.35,267.25,1006.0
2021-03-26 14:45:00,NSE:SHIL,265.0,266.55,264.15,265.25,1615.0
2021-03-26 15:00:00,NSE:SHIL,264.3,267.3,264.3,267.2,16204.0
2021-03-26 15:15:00,NSE:SHIL,266.35,267.3,266.35,267.3,11835.0
2021-03-26 15:30:00,NSE:SHIL,267.2,267.3,267.2,267.3,9092.0
2021-03-30 09:00:00,NSE:SHIL,266.05,266.05,266.05,266.05,456.0
2021-03-30 09:15:00,NSE:SHIL,273.9,273.9,254.0,263.0,14312.0
2021-03-30 09:30:00,NSE:SHIL,263.25,263.25,260.5,260.6,6222.0
2021-03-30 09:45:00,NSE:SHIL,260.6,261.7,258.95,259.0,6126.0
2021-03-30 10:00:00,NSE:SHIL,259.0,260.6,256.2,260.6,3301.0
2021-03-30 10:15:00,NSE:SHIL,260.0,260.65,257.6,259.75,4465.0
2021-03-30 10:30:00,NSE:SHIL,259.6,261.4,259.4,261.4,3580.0
2021-03-30 10:45:00,NSE:SHIL,260.3,261.45,259.0,260.15,2287.0
2021-03-30 11:00:00,NSE:SHIL,260.1,260.55,259.0,259.0,1335.0
2021-03-30 11:15:00,NSE:SHIL,258.7,259.4,257.4,259.3,3696.0
2021-03-30 11:30:00,NSE:SHIL,259.3,259.45,258.45,259.0,1127.0
2021-03-30 11:45:00,NSE:SHIL,259.3,259.3,258.1,258.6,2499.0
2021-03-30 12:00:00,NSE:SHIL,258.6,258.6,257.4,258.2,974.0
2021-03-30 12:15:00,NSE:SHIL,258.45,259.1,257.25,259.1,7901.0
2021-03-30 12:30:00,NSE:SHIL,259.35,262.4,259.35,260.45,15134.0
2021-03-30 12:45:00,NSE:SHIL,260.65,262.4,260.4,262.4,4400.0
2021-03-30 13:00:00,NSE:SHIL,262.4,265.85,262.05,264.5,7362.0
2021-03-30 13:15:00,NSE:SHIL,263.65,265.2,262.65,262.8,3337.0
2021-03-30 13:30:00,NSE:SHIL,262.35,263.8,262.25,262.25,3065.0
2021-03-30 13:45:00,NSE:SHIL,262.85,263.0,262.0,263.0,1936.0
2021-03-30 14:00:00,NSE:SHIL,263.0,264.5,263.0,264.0,3164.0
2021-03-30 14:15:00,NSE:SHIL,264.0,264.5,264.0,264.0,4478.0
2021-03-30 14:30:00,NSE:SHIL,263.55,267.45,262.25,267.45,10570.0
2021-03-30 14:45:00,NSE:SHIL,267.55,273.8,267.55,273.75,34203.0
2021-03-30 15:00:00,NSE:SHIL,271.55,273.9,268.55,271.1,12872.0
2021-03-30 15:15:00,NSE:SHIL,272.0,272.0,265.25,270.8,8529.0
2021-03-30 15:30:00,NSE:SHIL,270.45,270.45,270.45,270.45,21.0
2021-03-31 09:00:00,NSE:SHIL,273.45,273.45,273.45,273.45,17.0
2021-03-31 09:15:00,NSE:SHIL,272.75,272.8,263.95,264.0,6567.0
2021-03-31 09:30:00,NSE:SHIL,264.0,265.55,263.05,265.55,5173.0
2021-03-31 09:45:00,NSE:SHIL,264.0,271.9,263.3,271.9,8418.0
2021-03-31 10:00:00,NSE:SHIL,271.9,271.9,265.35,267.05,5461.0
2021-03-31 10:15:00,NSE:SHIL,267.4,267.4,266.2,266.9,637.0
2021-03-31 10:30:00,NSE:SHIL,266.9,266.9,265.35,266.1,620.0
2021-03-31 10:45:00,NSE:SHIL,266.05,267.0,266.0,266.0,1711.0
2021-03-31 11:00:00,NSE:SHIL,266.85,266.85,263.25,263.25,1037.0
2021-03-31 11:15:00,NSE:SHIL,264.7,265.45,263.6,265.45,559.0
2021-03-31 11:30:00,NSE:SHIL,265.5,265.5,263.55,264.7,2591.0
2021-03-31 11:45:00,NSE:SHIL,265.35,266.4,263.5,265.8,1866.0
2021-03-31 12:00:00,NSE:SHIL,265.5,265.5,264.8,265.45,511.0
2021-03-31 12:15:00,NSE:SHIL,265.45,265.45,264.9,264.9,193.0
2021-03-31 12:30:00,NSE:SHIL,266.95,266.95,263.9,265.45,3720.0
2021-03-31 12:45:00,NSE:SHIL,265.75,266.0,265.0,265.0,2198.0
2021-03-31 13:00:00,NSE:SHIL,264.05,266.0,264.05,264.95,952.0
2021-03-31 13:15:00,NSE:SHIL,264.9,265.5,264.2,264.6,656.0
2021-03-31 13:30:00,NSE:SHIL,264.0,264.45,263.6,264.25,1239.0
2021-03-31 13:45:00,NSE:SHIL,263.75,265.5,263.7,265.0,1695.0
2021-03-31 14:00:00,NSE:SHIL,265.05,266.8,265.0,266.0,4697.0
2021-03-31 14:15:00,NSE:SHIL,266.05,267.05,265.0,266.05,8999.0
2021-03-31 14:30:00,NSE:SHIL,266.25,266.25,264.5,264.95,3253.0
2021-03-31 14:45:00,NSE:SHIL,265.0,271.3,265.0,271.3,32187.0
2021-03-31 15:00:00,NSE:SHIL,270.0,272.85,270.0,270.1,9123.0
2021-03-31 15:15:00,NSE:SHIL,270.1,274.0,270.1,273.2,10567.0
2021-03-31 15:30:00,NSE:SHIL,273.2,273.2,273.2,273.2,3.0
2021-04-01 09:00:00,NSE:SHIL,270.1,270.1,270.1,270.1,210.0
2021-04-01 09:15:00,NSE:SHIL,270.55,280.0,270.55,277.7,14661.0
2021-04-01 09:30:00,NSE:SHIL,278.0,278.05,276.0,276.7,1142.0
2021-04-01 09:45:00,NSE:SHIL,275.65,276.0,273.0,274.6,3072.0
2021-04-01 10:00:00,NSE:SHIL,273.0,274.95,273.0,274.95,1284.0
2021-04-01 10:15:00,NSE:SHIL,274.95,275.1,273.9,274.95,1852.0
2021-04-01 10:30:00,NSE:SHIL,274.7,274.8,273.25,274.8,1076.0
2021-04-01 10:45:00,NSE:SHIL,274.8,276.7,274.8,276.7,1235.0
2021-04-01 11:00:00,NSE:SHIL,276.4,277.2,276.4,277.0,2808.0
2021-04-01 11:15:00,NSE:SHIL,277.15,277.2,275.5,275.65,3981.0
2021-04-01 11:30:00,NSE:SHIL,275.65,276.1,274.95,276.0,916.0
2021-04-01 11:45:00,NSE:SHIL,275.0,275.0,274.35,274.95,698.0
2021-04-01 12:00:00,NSE:SHIL,274.4,274.95,273.9,273.9,1054.0
2021-04-01 12:15:00,NSE:SHIL,274.0,274.0,273.2,273.7,1005.0
2021-04-01 12:30:00,NSE:SHIL,273.2,274.65,273.1,273.55,990.0
2021-04-01 12:45:00,NSE:SHIL,272.5,272.6,271.05,271.45,3823.0
2021-04-01 13:00:00,NSE:SHIL,272.4,274.45,272.0,272.55,814.0
2021-04-01 13:15:00,NSE:SHIL,272.5,272.5,271.7,272.0,114.0
2021-04-01 13:30:00,NSE:SHIL,272.0,272.0,270.0,270.7,2482.0
2021-04-01 13:45:00,NSE:SHIL,270.7,272.7,270.5,272.65,744.0
2021-04-01 14:00:00,NSE:SHIL,272.7,274.8,271.55,272.6,831.0
2021-04-01 14:15:00,NSE:SHIL,272.6,274.5,272.2,272.2,426.0
2021-04-01 14:30:00,NSE:SHIL,272.5,273.9,272.5,272.55,523.0
2021-04-01 14:45:00,NSE:SHIL,272.55,273.0,272.2,272.9,1179.0
2021-04-01 15:00:00,NSE:SHIL,272.2,274.0,272.15,274.0,1462.0
2021-04-01 15:15:00,NSE:SHIL,274.0,274.6,267.3,271.0,6846.0
2021-04-01 15:30:00,NSE:SHIL,270.0,270.0,270.0,270.0,319.0
2021-04-05 09:00:00,NSE:SHIL,272.0,272.0,272.0,272.0,30.0
2021-04-05 09:15:00,NSE:SHIL,269.55,269.55,264.1,264.2,5657.0
2021-04-05 09:30:00,NSE:SHIL,264.8,267.7,263.1,265.95,5473.0
2021-04-05 09:45:00,NSE:SHIL,265.95,265.95,264.0,264.5,1965.0
2021-04-05 10:00:00,NSE:SHIL,264.4,265.0,263.0,263.0,5214.0
2021-04-05 10:15:00,NSE:SHIL,262.6,262.6,259.0,260.9,6709.0
2021-04-05 10:30:00,NSE:SHIL,259.8,261.5,259.8,261.25,2503.0
2021-04-05 10:45:00,NSE:SHIL,261.5,263.8,261.5,262.6,3584.0
2021-04-05 11:00:00,NSE:SHIL,261.65,262.3,259.95,262.3,4690.0
2021-04-05 11:15:00,NSE:SHIL,261.65,262.75,260.0,262.75,2027.0
2021-04-05 11:30:00,NSE:SHIL,260.95,263.6,260.95,263.6,776.0
2021-04-05 11:45:00,NSE:SHIL,263.4,263.9,263.0,263.9,562.0
2021-04-05 12:00:00,NSE:SHIL,263.9,264.7,263.9,264.5,4122.0
2021-04-05 12:15:00,NSE:SHIL,264.85,264.9,263.45,264.65,3337.0
2021-04-05 12:30:00,NSE:SHIL,265.5,267.05,265.5,267.05,7194.0
2021-04-05 12:45:00,NSE:SHIL,267.35,268.55,265.85,268.0,7273.0
2021-04-05 13:00:00,NSE:SHIL,268.0,268.95,266.65,268.95,2222.0
2021-04-05 13:15:00,NSE:SHIL,268.75,268.95,267.4,267.4,3331.0
2021-04-05 13:30:00,NSE:SHIL,268.0,269.0,267.85,269.0,3271.0
2021-04-05 13:45:00,NSE:SHIL,269.4,269.7,268.65,269.5,3182.0
2021-04-05 14:00:00,NSE:SHIL,269.5,269.75,268.75,269.5,2640.0
2021-04-05 14:15:00,NSE:SHIL,269.0,270.0,268.8,270.0,2778.0
2021-04-05 14:30:00,NSE:SHIL,269.65,270.0,269.45,270.0,4496.0
2021-04-05 14:45:00,NSE:SHIL,269.15,270.0,269.15,270.0,3062.0
2021-04-05 15:00:00,NSE:SHIL,270.5,270.5,268.55,269.45,1141.0
2021-04-05 15:15:00,NSE:SHIL,269.45,269.85,263.5,263.5,4566.0
2021-04-05 15:30:00,NSE:SHIL,268.95,268.95,268.95,268.95,10.0
2021-04-05 15:45:00,NSE:SHIL,268.95,268.95,263.5,268.95,100.0
2021-04-06 09:15:00,NSE:SHIL,268.5,269.9,266.35,267.3,2601.0
2021-04-06 09:30:00,NSE:SHIL,269.05,271.0,267.45,270.1,3915.0
2021-04-06 09:45:00,NSE:SHIL,269.7,270.6,269.7,270.0,800.0
2021-04-06 10:00:00,NSE:SHIL,269.65,269.8,269.0,269.4,507.0
2021-04-06 10:15:00,NSE:SHIL,269.0,269.35,268.25,269.35,1560.0
2021-04-06 10:30:00,NSE:SHIL,269.3,269.3,268.0,268.0,1099.0
2021-04-06 10:45:00,NSE:SHIL,268.0,268.05,268.0,268.05,186.0
2021-04-06 11:00:00,NSE:SHIL,268.05,269.0,268.05,269.0,627.0
2021-04-06 11:15:00,NSE:SHIL,268.8,269.5,268.05,268.05,1178.0
2021-04-06 11:30:00,NSE:SHIL,268.05,269.8,268.05,268.15,388.0
2021-04-06 11:45:00,NSE:SHIL,268.0,270.0,268.0,268.6,1417.0
2021-04-06 12:00:00,NSE:SHIL,268.55,268.55,267.35,267.9,628.0
2021-04-06 12:15:00,NSE:SHIL,267.9,268.5,264.65,268.0,3634.0
2021-04-06 12:30:00,NSE:SHIL,268.45,270.0,268.0,269.05,1558.0
2021-04-06 12:45:00,NSE:SHIL,268.85,270.0,268.5,269.9,7748.0
2021-04-06 13:00:00,NSE:SHIL,268.65,269.0,268.5,268.5,544.0
2021-04-06 13:15:00,NSE:SHIL,268.5,269.0,267.85,267.85,1615.0
2021-04-06 13:30:00,NSE:SHIL,268.0,268.5,268.0,268.05,155.0
2021-04-06 13:45:00,NSE:SHIL,268.05,269.0,268.05,268.1,290.0
2021-04-06 14:00:00,NSE:SHIL,268.1,268.2,268.05,268.05,260.0
2021-04-06 14:15:00,NSE:SHIL,268.05,268.65,267.55,268.5,1033.0
2021-04-06 14:30:00,NSE:SHIL,268.8,269.0,266.35,266.35,1158.0
2021-04-06 14:45:00,NSE:SHIL,265.85,267.85,263.0,263.95,10107.0
2021-04-06 15:00:00,NSE:SHIL,263.95,264.0,259.3,259.75,21784.0
2021-04-06 15:15:00,NSE:SHIL,259.8,260.0,258.0,260.0,20299.0
2021-04-06 15:30:00,NSE:SHIL,260.3,260.3,260.3,260.3,251.0
2021-04-06 15:45:00,NSE:SHIL,260.3,260.3,260.0,260.3,35901.0
2021-04-07 09:00:00,NSE:SHIL,263.0,263.0,263.0,263.0,299.0
2021-04-07 09:15:00,NSE:SHIL,260.05,266.55,260.05,264.6,4852.0
2021-04-07 09:30:00,NSE:SHIL,264.6,265.0,262.0,262.4,3553.0
2021-04-07 09:45:00,NSE:SHIL,263.2,263.75,260.0,262.7,4865.0
2021-04-07 10:00:00,NSE:SHIL,262.7,262.7,262.0,262.3,2439.0
2021-04-07 10:15:00,NSE:SHIL,263.95,263.95,262.1,262.7,1859.0
2021-04-07 10:30:00,NSE:SHIL,262.7,263.0,262.05,262.05,842.0
2021-04-07 10:45:00,NSE:SHIL,262.05,263.7,262.05,263.5,614.0
2021-04-07 11:00:00,NSE:SHIL,262.85,263.35,259.0,260.85,6765.0
2021-04-07 11:15:00,NSE:SHIL,260.8,261.3,260.8,260.95,884.0
2021-04-07 11:30:00,NSE:SHIL,261.0,261.95,261.0,261.95,563.0
2021-04-07 11:45:00,NSE:SHIL,262.7,263.0,262.05,262.95,4734.0
2021-04-07 12:00:00,NSE:SHIL,262.95,263.7,262.35,263.5,10086.0
2021-04-07 12:15:00,NSE:SHIL,263.5,265.9,262.45,265.85,14488.0
2021-04-07 12:30:00,NSE:SHIL,265.85,273.0,265.6,272.0,41724.0
2021-04-07 12:45:00,NSE:SHIL,271.0,272.0,268.45,271.8,9093.0
2021-04-07 13:00:00,NSE:SHIL,270.8,271.9,269.15,269.15,1783.0
2021-04-07 13:15:00,NSE:SHIL,270.0,270.6,269.9,270.0,2110.0
2021-04-07 13:30:00,NSE:SHIL,270.0,271.0,270.0,270.05,1483.0
2021-04-07 13:45:00,NSE:SHIL,270.05,271.0,270.0,270.9,491.0
2021-04-07 14:00:00,NSE:SHIL,270.9,271.9,269.55,271.9,7926.0
2021-04-07 14:15:00,NSE:SHIL,271.9,272.0,270.0,271.9,9012.0
2021-04-07 14:30:00,NSE:SHIL,271.9,272.5,271.0,271.85,5432.0
2021-04-07 14:45:00,NSE:SHIL,272.0,272.25,271.15,272.0,14127.0
2021-04-07 15:00:00,NSE:SHIL,272.0,272.0,268.05,268.2,2921.0
2021-04-07 15:15:00,NSE:SHIL,268.5,272.0,267.0,270.0,34281.0
2021-04-07 15:30:00,NSE:SHIL,271.2,271.2,270.0,270.0,115.0
2021-04-08 09:00:00,NSE:SHIL,274.9,274.9,274.9,274.9,137.0
2021-04-08 09:15:00,NSE:SHIL,277.0,277.65,272.05,275.45,9569.0
2021-04-08 09:30:00,NSE:SHIL,275.1,281.0,275.0,280.95,23857.0
2021-04-08 09:45:00,NSE:SHIL,280.2,284.75,280.2,284.75,47918.0
2021-04-08 10:00:00,NSE:SHIL,284.75,284.75,284.75,284.75,2550.0
2021-04-08 10:15:00,NSE:SHIL,284.75,284.75,284.75,284.75,1101.0
2021-04-08 10:30:00,NSE:SHIL,284.75,284.75,284.75,284.75,608.0
2021-04-08 10:45:00,NSE:SHIL,284.75,284.75,284.75,284.75,275.0
2021-04-08 11:00:00,NSE:SHIL,284.75,284.75,284.75,284.75,190.0
2021-04-08 11:15:00,NSE:SHIL,284.75,284.75,284.75,284.75,1278.0
2021-04-08 11:30:00,NSE:SHIL,284.75,284.75,284.75,284.75,186.0
2021-04-08 11:45:00,NSE:SHIL,284.75,284.75,284.75,284.75,310.0
2021-04-08 12:00:00,NSE:SHIL,284.75,284.75,284.75,284.75,220.0
2021-04-08 12:15:00,NSE:SHIL,284.75,284.75,284.75,284.75,2113.0
2021-04-08 12:30:00,NSE:SHIL,284.75,284.75,284.75,284.75,120.0
2021-04-08 12:45:00,NSE:SHIL,284.75,284.75,284.75,284.75,783.0
2021-04-08 13:00:00,NSE:SHIL,284.75,284.75,284.75,284.75,505.0
2021-04-08 13:15:00,NSE:SHIL,284.75,284.75,284.75,284.75,242.0
2021-04-08 13:30:00,NSE:SHIL,284.75,284.75,284.75,284.75,3010.0
2021-04-08 13:45:00,NSE:SHIL,284.75,284.75,284.75,284.75,1.0
2021-04-08 14:00:00,NSE:SHIL,284.75,284.75,284.75,284.75,46.0
2021-04-08 14:15:00,NSE:SHIL,284.75,284.75,284.75,284.75,65.0
2021-04-08 14:30:00,NSE:SHIL,284.75,284.75,284.75,284.75,100.0
2021-04-08 14:45:00,NSE:SHIL,284.75,284.75,284.75,284.75,463.0
2021-04-08 15:00:00,NSE:SHIL,284.75,284.75,284.75,284.75,30.0
2021-04-08 15:15:00,NSE:SHIL,284.75,284.75,284.75,284.75,237.0
2021-04-09 09:00:00,NSE:SHIL,293.3,293.3,293.3,293.3,3361.0
2021-04-09 09:15:00,NSE:SHIL,292.7,298.95,289.0,298.95,66799.0
2021-04-09 09:30:00,NSE:SHIL,298.95,298.95,298.95,298.95,455.0
2021-04-09 09:45:00,NSE:SHIL,298.95,298.95,298.95,298.95,1234.0
2021-04-09 10:00:00,NSE:SHIL,298.95,298.95,298.95,298.95,729.0
2021-04-09 10:15:00,NSE:SHIL,298.95,298.95,298.95,298.95,257.0
2021-04-09 10:30:00,NSE:SHIL,298.95,298.95,298.95,298.95,571.0
2021-04-09 10:45:00,NSE:SHIL,298.95,298.95,298.95,298.95,259.0
2021-04-09 11:00:00,NSE:SHIL,298.95,298.95,298.95,298.95,321.0
2021-04-09 11:15:00,NSE:SHIL,298.95,298.95,298.95,298.95,8273.0
2021-04-09 11:30:00,NSE:SHIL,298.95,298.95,298.95,298.95,52.0
2021-04-09 11:45:00,NSE:SHIL,298.95,298.95,298.95,298.95,42181.0
2021-04-09 12:00:00,NSE:SHIL,298.95,298.95,290.05,294.05,29057.0
2021-04-09 12:15:00,NSE:SHIL,293.55,294.4,291.65,293.5,11808.0
2021-04-09 12:30:00,NSE:SHIL,295.05,296.0,293.0,293.7,4678.0
2021-04-09 12:45:00,NSE:SHIL,293.55,293.95,292.35,293.95,3027.0
2021-04-09 13:00:00,NSE:SHIL,294.0,298.95,294.0,296.35,45824.0
2021-04-09 13:15:00,NSE:SHIL,296.35,297.6,294.1,296.15,6452.0
2021-04-09 13:30:00,NSE:SHIL,296.5,297.4,296.5,297.0,9629.0
2021-04-09 13:45:00,NSE:SHIL,297.0,298.95,297.0,298.95,19820.0
2021-04-09 14:00:00,NSE:SHIL,298.35,298.95,297.5,298.95,10136.0
2021-04-09 14:15:00,NSE:SHIL,298.95,298.95,298.95,298.95,14714.0
2021-04-09 14:30:00,NSE:SHIL,298.95,298.95,298.95,298.95,603.0
2021-04-09 14:45:00,NSE:SHIL,298.95,298.95,298.95,298.95,1071.0
2021-04-09 15:00:00,NSE:SHIL,298.95,298.95,298.95,298.95,11463.0
2021-04-09 15:15:00,NSE:SHIL,298.95,298.95,296.1,297.0,27471.0
2021-04-09 15:30:00,NSE:SHIL,298.65,298.65,298.65,298.65,311.0
2021-04-09 15:45:00,NSE:SHIL,298.65,298.65,298.65,298.65,453.0
2021-04-12 09:00:00,NSE:SHIL,290.5,290.5,290.5,290.5,1315.0
2021-04-12 09:15:00,NSE:SHIL,293.55,296.8,283.75,283.75,23425.0
2021-04-12 09:30:00,NSE:SHIL,283.75,283.75,283.75,283.75,914.0
2021-04-12 09:45:00,NSE:SHIL,283.75,283.75,283.75,283.75,4665.0
2021-04-12 10:00:00,NSE:SHIL,283.75,283.75,283.75,283.75,2187.0
2021-04-12 10:15:00,NSE:SHIL,283.75,283.75,283.75,283.75,1526.0
2021-04-12 10:30:00,NSE:SHIL,283.75,283.75,283.75,283.75,526.0
2021-04-12 10:45:00,NSE:SHIL,283.75,283.75,283.75,283.75,37.0
2021-04-12 11:00:00,NSE:SHIL,283.75,283.75,283.75,283.75,107.0
2021-04-12 11:15:00,NSE:SHIL,283.75,283.75,283.75,283.75,281.0
2021-04-12 11:30:00,NSE:SHIL,283.75,283.75,283.75,283.75,70.0
2021-04-12 11:45:00,NSE:SHIL,283.75,283.75,283.75,283.75,258.0
2021-04-12 12:00:00,NSE:SHIL,283.75,283.75,283.75,283.75,294.0
2021-04-12 12:15:00,NSE:SHIL,283.75,283.75,283.75,283.75,1755.0
2021-04-12 12:30:00,NSE:SHIL,283.75,283.75,283.75,283.75,451.0
2021-04-12 12:45:00,NSE:SHIL,283.75,283.75,283.75,283.75,16.0
2021-04-12 13:00:00,NSE:SHIL,283.75,283.75,283.75,283.75,96.0
2021-04-12 13:15:00,NSE:SHIL,283.75,283.75,283.75,283.75,395.0
2021-04-12 13:30:00,NSE:SHIL,283.75,283.75,283.75,283.75,55.0
2021-04-12 14:00:00,NSE:SHIL,283.75,283.75,283.75,283.75,50.0
2021-04-12 14:15:00,NSE:SHIL,283.75,283.75,283.75,283.75,59.0
2021-04-12 14:30:00,NSE:SHIL,283.75,283.75,283.75,283.75,15.0
2021-04-12 14:45:00,NSE:SHIL,283.75,283.75,283.75,283.75,11.0
2021-04-12 15:00:00,NSE:SHIL,283.75,283.75,283.75,283.75,946.0
2021-04-12 15:15:00,NSE:SHIL,283.75,283.75,283.75,283.75,78.0
2021-04-13 09:00:00,NSE:SHIL,272.0,272.0,272.0,272.0,4627.0
2021-04-13 09:15:00,NSE:SHIL,274.05,280.0,269.6,269.6,18806.0
2021-04-13 09:30:00,NSE:SHIL,269.6,274.0,269.6,271.3,25801.0
2021-04-13 09:45:00,NSE:SHIL,271.35,275.0,269.6,274.35,16029.0
2021-04-13 10:00:00,NSE:SHIL,274.35,279.0,274.35,278.0,7713.0
2021-04-13 10:15:00,NSE:SHIL,278.75,278.75,272.1,273.4,11075.0
2021-04-13 10:30:00,NSE:SHIL,274.0,274.6,272.1,272.9,1724.0
2021-04-13 10:45:00,NSE:SHIL,272.5,274.4,271.0,271.0,6222.0
2021-04-13 11:00:00,NSE:SHIL,270.05,271.4,270.05,270.9,2685.0
2021-04-13 11:15:00,NSE:SHIL,270.9,271.3,270.2,271.0,570.0
2021-04-13 11:30:00,NSE:SHIL,270.25,272.15,270.0,270.0,10336.0
2021-04-13 11:45:00,NSE:SHIL,270.9,274.4,270.0,271.5,2459.0
2021-04-13 12:00:00,NSE:SHIL,270.2,275.0,270.15,271.95,2747.0
2021-04-13 12:15:00,NSE:SHIL,273.0,274.05,273.0,273.0,1758.0
2021-04-13 12:30:00,NSE:SHIL,273.95,276.0,271.85,271.85,3735.0
2021-04-13 12:45:00,NSE:SHIL,272.05,272.95,270.0,270.0,10326.0
2021-04-13 13:00:00,NSE:SHIL,270.0,272.5,270.0,272.5,2422.0
2021-04-13 13:15:00,NSE:SHIL,273.0,275.65,272.5,273.2,11211.0
2021-04-13 13:30:00,NSE:SHIL,275.0,279.2,274.05,279.15,8564.0
2021-04-13 13:45:00,NSE:SHIL,279.7,281.0,275.45,280.0,10562.0
2021-04-13 14:00:00,NSE:SHIL,280.0,280.0,276.75,278.7,4111.0
2021-04-13 14:15:00,NSE:SHIL,278.8,278.85,270.5,275.0,5685.0
2021-04-13 14:30:00,NSE:SHIL,274.5,275.95,274.5,274.9,1633.0
2021-04-13 14:45:00,NSE:SHIL,272.5,275.0,272.5,273.85,175.0
2021-04-13 15:00:00,NSE:SHIL,273.8,276.8,272.85,272.85,4340.0
2021-04-13 15:15:00,NSE:SHIL,272.85,274.8,271.2,273.4,5725.0
2021-04-13 15:30:00,NSE:SHIL,273.5,273.5,273.4,273.4,817.0
2021-04-13 15:45:00,NSE:SHIL,273.5,273.5,273.5,273.5,328.0
2021-04-15 09:00:00,NSE:SHIL,266.0,266.0,266.0,266.0,1589.0
2021-04-15 09:15:00,NSE:SHIL,271.95,272.5,266.0,271.1,4567.0
2021-04-15 09:30:00,NSE:SHIL,272.0,272.7,268.3,268.3,4296.0
2021-04-15 09:45:00,NSE:SHIL,268.3,268.3,264.3,266.0,5961.0
2021-04-15 10:00:00,NSE:SHIL,266.0,267.6,265.5,266.35,2578.0
2021-04-15 10:15:00,NSE:SHIL,267.4,267.4,265.5,266.85,1345.0
2021-04-15 10:30:00,NSE:SHIL,266.4,267.35,265.25,267.05,2069.0
2021-04-15 10:45:00,NSE:SHIL,266.95,266.95,265.0,266.4,2941.0
2021-04-15 11:00:00,NSE:SHIL,266.4,266.4,265.5,265.5,184.0
2021-04-15 11:15:00,NSE:SHIL,265.0,265.7,262.0,262.0,12523.0
2021-04-15 11:30:00,NSE:SHIL,262.1,263.15,262.1,263.15,2547.0
2021-04-15 11:45:00,NSE:SHIL,263.15,265.15,263.15,264.05,1047.0
2021-04-15 12:00:00,NSE:SHIL,264.7,265.05,263.75,265.0,1379.0
2021-04-15 12:15:00,NSE:SHIL,265.05,266.15,265.0,265.0,2355.0
2021-04-15 12:30:00,NSE:SHIL,265.0,265.15,264.5,265.15,165.0
2021-04-15 12:45:00,NSE:SHIL,265.0,265.0,264.5,265.0,530.0
2021-04-15 13:00:00,NSE:SHIL,264.75,267.0,264.6,266.05,2525.0
2021-04-15 13:15:00,NSE:SHIL,266.65,267.0,266.65,267.0,1378.0
2021-04-15 13:30:00,NSE:SHIL,266.8,267.0,266.45,267.0,2026.0
2021-04-15 13:45:00,NSE:SHIL,267.6,267.6,267.25,267.6,715.0
2021-04-15 14:00:00,NSE:SHIL,267.1,267.15,266.0,267.0,1916.0
2021-04-15 14:15:00,NSE:SHIL,267.1,267.15,265.5,265.5,7171.0
2021-04-15 14:30:00,NSE:SHIL,265.55,265.95,265.55,265.55,178.0
2021-04-15 14:45:00,NSE:SHIL,265.55,267.0,265.55,266.45,5120.0
2021-04-15 15:00:00,NSE:SHIL,266.55,267.15,266.0,267.15,10525.0
2021-04-15 15:15:00,NSE:SHIL,267.0,267.15,262.5,264.0,9671.0
2021-04-16 09:00:00,NSE:SHIL,266.05,266.05,266.05,266.05,25.0
2021-04-16 09:15:00,NSE:SHIL,269.9,269.95,263.45,268.0,3148.0
2021-04-16 09:30:00,NSE:SHIL,267.25,276.0,267.25,274.0,8096.0
2021-04-16 09:45:00,NSE:SHIL,274.45,274.85,273.3,274.85,1136.0
2021-04-16 10:00:00,NSE:SHIL,274.35,274.35,271.85,272.3,2317.0
2021-04-16 10:15:00,NSE:SHIL,272.6,272.9,272.0,272.0,1448.0
2021-04-16 10:30:00,NSE:SHIL,272.0,272.5,271.35,272.05,7194.0
2021-04-16 10:45:00,NSE:SHIL,272.35,272.45,272.0,272.45,436.0
2021-04-16 11:00:00,NSE:SHIL,271.85,272.5,271.8,272.5,939.0
2021-04-16 11:15:00,NSE:SHIL,272.0,272.1,271.8,271.8,1099.0
2021-04-16 11:30:00,NSE:SHIL,272.0,272.1,271.95,272.1,2866.0
2021-04-16 11:45:00,NSE:SHIL,272.0,272.1,271.9,272.0,1362.0
2021-04-16 12:00:00,NSE:SHIL,272.0,272.5,272.0,272.5,390.0
2021-04-16 12:15:00,NSE:SHIL,272.5,272.5,272.0,272.5,5795.0
2021-04-16 12:30:00,NSE:SHIL,272.5,272.5,272.05,272.05,176.0
2021-04-16 12:45:00,NSE:SHIL,272.05,272.5,272.05,272.5,616.0
2021-04-16 13:00:00,NSE:SHIL,272.45,272.5,272.05,272.1,701.0
2021-04-16 13:15:00,NSE:SHIL,272.5,274.8,272.25,274.8,1602.0
2021-04-16 13:30:00,NSE:SHIL,275.0,276.0,274.35,274.35,1150.0
2021-04-16 13:45:00,NSE:SHIL,275.7,275.95,274.0,275.75,874.0
2021-04-16 14:00:00,NSE:SHIL,274.0,275.7,274.0,274.1,1052.0
2021-04-16 14:15:00,NSE:SHIL,275.7,277.0,273.3,275.65,4367.0
2021-04-16 14:30:00,NSE:SHIL,276.05,277.0,276.05,276.95,976.0
2021-04-16 14:45:00,NSE:SHIL,276.1,277.75,276.0,277.75,4629.0
2021-04-16 15:00:00,NSE:SHIL,277.75,277.75,267.0,268.0,9055.0
2021-04-16 15:15:00,NSE:SHIL,268.45,268.5,265.55,268.45,6866.0
2021-04-16 15:30:00,NSE:SHIL,269.4,269.4,269.4,269.4,5.0
2021-04-16 15:45:00,NSE:SHIL,269.4,269.4,268.45,268.45,100.0
2021-04-19 09:00:00,NSE:SHIL,266.65,266.65,266.65,266.65,1182.0
2021-04-19 09:15:00,NSE:SHIL,266.65,267.0,256.05,258.05,8433.0
2021-04-19 09:30:00,NSE:SHIL,258.1,259.8,256.75,259.0,3904.0
2021-04-19 09:45:00,NSE:SHIL,258.95,260.75,258.5,259.55,4018.0
2021-04-19 10:00:00,NSE:SHIL,259.1,260.4,258.0,258.15,3608.0
2021-04-19 10:15:00,NSE:SHIL,259.0,259.95,258.0,258.85,1735.0
2021-04-19 10:30:00,NSE:SHIL,259.0,262.15,258.35,259.3,8298.0
2021-04-19 10:45:00,NSE:SHIL,258.05,259.5,257.85,258.35,7275.0
2021-04-19 11:00:00,NSE:SHIL,258.0,258.0,257.5,257.95,3907.0
2021-04-19 11:15:00,NSE:SHIL,257.95,257.95,257.0,257.1,5718.0
2021-04-19 11:30:00,NSE:SHIL,257.55,257.75,257.2,257.7,3519.0
2021-04-19 11:45:00,NSE:SHIL,257.35,257.65,257.0,257.65,3168.0
2021-04-19 12:00:00,NSE:SHIL,257.75,257.75,257.0,257.0,1567.0
2021-04-19 12:15:00,NSE:SHIL,257.1,257.45,256.0,256.4,7694.0
2021-04-19 12:30:00,NSE:SHIL,256.1,258.5,256.1,257.35,2911.0
2021-04-19 12:45:00,NSE:SHIL,257.8,257.8,257.2,257.75,60.0
2021-04-19 13:00:00,NSE:SHIL,257.6,257.75,256.9,257.1,1291.0
2021-04-19 13:15:00,NSE:SHIL,256.6,258.0,256.0,256.95,3553.0
2021-04-19 13:30:00,NSE:SHIL,256.95,257.3,256.3,256.3,679.0
2021-04-19 13:45:00,NSE:SHIL,257.3,257.3,255.95,256.85,13867.0
2021-04-19 14:00:00,NSE:SHIL,256.85,258.5,256.3,256.3,1450.0
2021-04-19 14:15:00,NSE:SHIL,256.3,257.0,256.1,256.95,3049.0
2021-04-19 14:30:00,NSE:SHIL,257.0,257.0,255.95,256.0,10602.0
2021-04-19 14:45:00,NSE:SHIL,256.8,256.9,255.95,256.8,1238.0
2021-04-19 15:00:00,NSE:SHIL,256.75,256.9,255.95,255.95,4584.0
2021-04-19 15:15:00,NSE:SHIL,255.95,256.7,255.95,255.95,8280.0
2021-04-19 15:30:00,NSE:SHIL,256.15,256.15,256.15,256.15,4.0
2021-04-19 15:45:00,NSE:SHIL,256.15,256.15,256.15,256.15,152.0
2021-04-20 09:00:00,NSE:SHIL,257.0,257.0,257.0,257.0,155.0
2021-04-20 09:15:00,NSE:SHIL,258.85,265.9,258.85,265.1,8096.0
2021-04-20 09:30:00,NSE:SHIL,265.05,268.0,265.05,268.0,5898.0
2021-04-20 09:45:00,NSE:SHIL,267.0,267.95,265.5,266.4,1075.0
2021-04-20 10:00:00,NSE:SHIL,266.65,266.65,262.9,263.1,696.0
2021-04-20 10:15:00,NSE:SHIL,262.9,263.15,262.25,263.0,1398.0
2021-04-20 10:30:00,NSE:SHIL,263.0,263.6,262.95,263.6,942.0
2021-04-20 10:45:00,NSE:SHIL,263.7,263.7,262.8,263.2,783.0
2021-04-20 11:00:00,NSE:SHIL,263.25,263.25,256.0,258.0,5087.0
2021-04-20 11:15:00,NSE:SHIL,257.8,257.95,256.45,257.0,2551.0
2021-04-20 11:30:00,NSE:SHIL,257.45,257.8,257.15,257.8,832.0
2021-04-20 11:45:00,NSE:SHIL,258.0,263.2,257.9,263.0,12642.0
2021-04-20 12:00:00,NSE:SHIL,262.95,263.05,261.7,262.6,3962.0
2021-04-20 12:15:00,NSE:SHIL,262.0,265.8,262.0,265.0,13079.0
2021-04-20 12:30:00,NSE:SHIL,265.0,265.4,264.5,265.4,19251.0
2021-04-20 12:45:00,NSE:SHIL,265.0,265.15,261.2,262.95,9049.0
2021-04-20 13:00:00,NSE:SHIL,261.7,261.8,260.5,261.1,571.0
2021-04-20 13:15:00,NSE:SHIL,262.3,262.3,261.8,261.8,748.0
2021-04-20 13:30:00,NSE:SHIL,261.8,261.8,261.15,261.8,1405.0
2021-04-20 13:45:00,NSE:SHIL,262.1,262.1,261.15,261.8,3217.0
2021-04-20 14:00:00,NSE:SHIL,261.4,262.0,261.35,262.0,165.0
2021-04-20 14:15:00,NSE:SHIL,262.35,262.35,261.15,261.55,690.0
2021-04-20 14:30:00,NSE:SHIL,261.15,261.65,261.0,261.05,1793.0
2021-04-20 14:45:00,NSE:SHIL,261.0,262.15,258.15,258.5,2997.0
2021-04-20 15:00:00,NSE:SHIL,258.7,262.0,258.7,261.65,971.0
2021-04-20 15:15:00,NSE:SHIL,261.5,262.95,259.8,262.95,1859.0
2021-04-20 15:30:00,NSE:SHIL,263.0,263.0,261.25,263.0,120.0
2021-04-22 09:00:00,NSE:SHIL,256.35,256.35,256.35,256.35,252.0
2021-04-22 09:15:00,NSE:SHIL,254.8,261.2,252.0,256.3,6781.0
2021-04-22 09:30:00,NSE:SHIL,255.0,256.85,254.5,255.05,4384.0
2021-04-22 09:45:00,NSE:SHIL,254.55,255.5,252.3,254.65,6225.0
2021-04-22 10:00:00,NSE:SHIL,254.55,256.85,252.9,256.1,4592.0
2021-04-22 10:15:00,NSE:SHIL,255.7,256.0,254.0,254.05,4251.0
2021-04-22 10:30:00,NSE:SHIL,254.1,255.4,254.1,254.9,244.0
2021-04-22 10:45:00,NSE:SHIL,254.6,256.05,254.55,255.05,6058.0
2021-04-22 11:00:00,NSE:SHIL,256.75,256.75,255.4,256.55,2662.0
2021-04-22 11:15:00,NSE:SHIL,255.75,256.45,255.25,255.75,2255.0
2021-04-22 11:30:00,NSE:SHIL,255.95,257.7,255.95,257.25,2240.0
2021-04-22 11:45:00,NSE:SHIL,257.95,259.8,257.95,259.15,1989.0
2021-04-22 12:00:00,NSE:SHIL,259.25,259.25,258.0,258.0,699.0
2021-04-22 12:15:00,NSE:SHIL,258.05,258.15,256.5,257.05,2061.0
2021-04-22 12:30:00,NSE:SHIL,257.55,257.55,257.0,257.0,133.0
2021-04-22 12:45:00,NSE:SHIL,257.2,258.0,256.4,256.7,1373.0
2021-04-22 13:00:00,NSE:SHIL,257.35,260.45,257.1,259.75,3016.0
2021-04-22 13:15:00,NSE:SHIL,259.95,260.9,259.75,260.7,3388.0
2021-04-22 13:30:00,NSE:SHIL,260.0,260.0,258.05,258.15,747.0
2021-04-22 13:45:00,NSE:SHIL,258.0,259.3,258.0,258.5,810.0
2021-04-22 14:00:00,NSE:SHIL,258.8,259.25,258.0,258.7,2990.0
2021-04-22 14:15:00,NSE:SHIL,258.7,258.7,255.8,256.95,3598.0
2021-04-22 14:30:00,NSE:SHIL,255.9,257.3,254.95,255.45,6523.0
2021-04-22 14:45:00,NSE:SHIL,257.2,259.0,255.75,258.2,4887.0
2021-04-22 15:00:00,NSE:SHIL,258.7,259.6,257.9,257.9,1385.0
2021-04-22 15:15:00,NSE:SHIL,256.5,259.25,256.0,259.0,6825.0
2021-04-22 15:30:00,NSE:SHIL,257.8,257.8,257.8,257.8,20.0
2021-04-22 15:45:00,NSE:SHIL,257.8,257.8,257.8,257.8,2.0
2021-04-23 09:00:00,NSE:SHIL,253.2,253.2,253.2,253.2,150.0
2021-04-23 09:15:00,NSE:SHIL,254.0,259.05,254.0,259.05,1716.0
2021-04-23 09:30:00,NSE:SHIL,259.15,259.75,258.6,258.75,393.0
2021-04-23 09:45:00,NSE:SHIL,259.1,264.5,258.5,263.0,3355.0
2021-04-23 10:00:00,NSE:SHIL,264.95,268.0,263.65,267.5,9734.0
2021-04-23 10:15:00,NSE:SHIL,267.5,268.7,267.45,267.45,4305.0
2021-04-23 10:30:00,NSE:SHIL,268.45,268.5,264.25,264.55,5383.0
2021-04-23 10:45:00,NSE:SHIL,265.8,267.0,265.6,266.9,1669.0
2021-04-23 11:00:00,NSE:SHIL,266.0,269.95,266.0,269.85,4058.0
2021-04-23 11:15:00,NSE:SHIL,268.85,269.6,268.8,269.55,446.0
2021-04-23 11:30:00,NSE:SHIL,269.55,269.95,269.55,269.95,3313.0
2021-04-23 11:45:00,NSE:SHIL,269.9,269.9,268.0,268.0,1753.0
2021-04-23 12:00:00,NSE:SHIL,268.05,268.95,260.0,268.0,5831.0
2021-04-23 12:15:00,NSE:SHIL,268.0,268.1,267.0,268.1,2720.0
2021-04-23 12:30:00,NSE:SHIL,268.15,268.6,268.0,268.5,2112.0
2021-04-23 12:45:00,NSE:SHIL,268.0,268.6,268.0,268.6,1186.0
2021-04-23 13:00:00,NSE:SHIL,268.6,268.6,268.0,268.0,1101.0
2021-04-23 13:15:00,NSE:SHIL,268.05,269.45,268.0,269.2,1619.0
2021-04-23 13:30:00,NSE:SHIL,269.45,269.45,268.0,268.95,578.0
2021-04-23 13:45:00,NSE:SHIL,268.85,268.95,268.0,268.95,346.0
2021-04-23 14:00:00,NSE:SHIL,269.0,269.45,268.0,268.1,1219.0
2021-04-23 14:15:00,NSE:SHIL,269.0,269.45,268.0,268.05,3479.0
2021-04-23 14:30:00,NSE:SHIL,268.05,269.0,267.45,268.0,13814.0
2021-04-23 14:45:00,NSE:SHIL,268.0,268.55,266.0,268.55,28842.0
2021-04-23 15:00:00,NSE:SHIL,268.5,268.5,265.0,265.0,5405.0
2021-04-23 15:15:00,NSE:SHIL,266.0,268.85,265.1,268.7,5330.0
2021-04-23 15:30:00,NSE:SHIL,266.8,266.8,266.8,266.8,5.0
2021-04-26 09:00:00,NSE:SHIL,270.0,270.0,270.0,270.0,11.0
2021-04-26 09:15:00,NSE:SHIL,268.8,272.95,267.05,271.05,3575.0
2021-04-26 09:30:00,NSE:SHIL,271.1,272.65,270.35,271.3,2324.0
2021-04-26 09:45:00,NSE:SHIL,271.65,272.2,270.0,270.0,1473.0
2021-04-26 10:00:00,NSE:SHIL,270.0,270.0,268.05,269.45,2193.0
2021-04-26 10:15:00,NSE:SHIL,268.25,269.0,268.0,268.0,1430.0
2021-04-26 10:30:00,NSE:SHIL,268.0,269.4,267.35,268.05,508.0
2021-04-26 10:45:00,NSE:SHIL,268.0,268.0,261.65,262.35,5084.0
2021-04-26 11:00:00,NSE:SHIL,263.0,267.5,262.35,267.5,3259.0
2021-04-26 11:15:00,NSE:SHIL,267.95,268.0,264.2,264.2,1922.0
2021-04-26 11:30:00,NSE:SHIL,264.2,264.95,262.2,264.7,1052.0
2021-04-26 11:45:00,NSE:SHIL,264.6,264.6,264.5,264.5,48.0
2021-04-26 12:00:00,NSE:SHIL,264.85,269.45,264.85,269.45,3095.0
2021-04-26 12:15:00,NSE:SHIL,269.55,269.95,267.95,269.95,7323.0
2021-04-26 12:30:00,NSE:SHIL,270.0,270.9,269.7,269.7,1976.0
2021-04-26 12:45:00,NSE:SHIL,269.7,271.0,269.6,271.0,1782.0
2021-04-26 13:00:00,NSE:SHIL,271.25,272.4,270.0,272.0,4899.0
2021-04-26 13:15:00,NSE:SHIL,272.0,274.0,271.05,273.95,7002.0
2021-04-26 13:30:00,NSE:SHIL,274.0,274.0,272.0,272.0,2947.0
2021-04-26 13:45:00,NSE:SHIL,271.6,273.55,271.15,271.15,1668.0
2021-04-26 14:00:00,NSE:SHIL,272.0,272.9,271.6,272.0,874.0
2021-04-26 14:15:00,NSE:SHIL,272.55,272.55,270.05,272.0,5145.0
2021-04-26 14:30:00,NSE:SHIL,272.1,272.75,271.55,272.75,1643.0
2021-04-26 14:45:00,NSE:SHIL,272.75,272.75,272.0,272.45,588.0
2021-04-26 15:00:00,NSE:SHIL,272.05,276.0,271.05,275.35,5761.0
2021-04-26 15:15:00,NSE:SHIL,275.95,280.0,275.95,276.5,11032.0
2021-04-26 15:30:00,NSE:SHIL,276.9,276.9,276.9,276.9,151.0
2021-04-26 15:45:00,NSE:SHIL,276.9,276.9,276.9,276.9,55.0
2021-04-27 09:00:00,NSE:SHIL,276.9,276.9,276.9,276.9,48.0
2021-04-27 09:15:00,NSE:SHIL,281.0,284.95,275.7,275.75,5011.0
2021-04-27 09:30:00,NSE:SHIL,273.6,278.1,273.6,275.05,1598.0
2021-04-27 09:45:00,NSE:SHIL,276.2,276.95,276.0,276.6,533.0
2021-04-27 10:00:00,NSE:SHIL,277.0,282.0,277.0,282.0,2800.0
2021-04-27 10:15:00,NSE:SHIL,279.85,279.95,277.6,277.6,1495.0
2021-04-27 10:30:00,NSE:SHIL,278.0,278.45,276.1,277.3,854.0
2021-04-27 10:45:00,NSE:SHIL,277.05,278.25,276.55,277.05,1039.0
2021-04-27 11:00:00,NSE:SHIL,278.65,278.65,277.95,278.65,1055.0
2021-04-27 11:15:00,NSE:SHIL,278.35,280.7,278.35,279.9,1995.0
2021-04-27 11:30:00,NSE:SHIL,280.0,280.0,276.0,277.75,2654.0
2021-04-27 11:45:00,NSE:SHIL,278.25,279.05,278.05,278.9,178.0
2021-04-27 12:00:00,NSE:SHIL,278.0,278.85,276.55,276.6,1993.0
2021-04-27 12:15:00,NSE:SHIL,277.7,277.7,276.55,277.5,445.0
2021-04-27 12:30:00,NSE:SHIL,277.1,277.15,275.85,275.85,595.0
2021-04-27 12:45:00,NSE:SHIL,275.05,276.45,275.0,276.0,760.0
2021-04-27 13:00:00,NSE:SHIL,275.65,282.0,275.2,280.2,4363.0
2021-04-27 13:15:00,NSE:SHIL,280.2,280.4,279.75,279.95,4464.0
2021-04-27 13:30:00,NSE:SHIL,279.95,281.95,279.5,280.0,2016.0
2021-04-27 13:45:00,NSE:SHIL,279.55,280.6,279.55,280.0,4595.0
2021-04-27 14:00:00,NSE:SHIL,280.0,282.0,279.0,280.0,1290.0
2021-04-27 14:15:00,NSE:SHIL,279.55,279.95,277.55,277.55,1853.0
2021-04-27 14:30:00,NSE:SHIL,277.8,280.0,277.8,279.05,442.0
2021-04-27 14:45:00,NSE:SHIL,277.95,279.0,277.65,279.0,742.0
2021-04-27 15:00:00,NSE:SHIL,280.0,282.0,280.0,280.0,4747.0
2021-04-27 15:15:00,NSE:SHIL,280.05,280.85,276.0,280.15,6993.0
2021-04-27 15:30:00,NSE:SHIL,279.85,279.85,279.85,279.85,50.0
2021-04-28 09:00:00,NSE:SHIL,283.0,283.0,283.0,283.0,45.0
2021-04-28 09:15:00,NSE:SHIL,282.55,285.8,278.25,280.25,3610.0
2021-04-28 09:30:00,NSE:SHIL,280.35,282.95,280.35,280.55,2072.0
2021-04-28 09:45:00,NSE:SHIL,280.65,281.9,280.4,281.9,1009.0
2021-04-28 10:00:00,NSE:SHIL,281.7,281.7,281.3,281.3,234.0
2021-04-28 10:15:00,NSE:SHIL,281.0,281.45,280.15,280.35,2703.0
2021-04-28 10:30:00,NSE:SHIL,279.65,279.85,279.65,279.65,295.0
2021-04-28 10:45:00,NSE:SHIL,278.6,278.6,276.05,277.5,3107.0
2021-04-28 11:00:00,NSE:SHIL,277.5,277.5,275.85,276.0,930.0
2021-04-28 11:15:00,NSE:SHIL,276.25,277.0,275.05,275.3,4234.0
2021-04-28 11:30:00,NSE:SHIL,276.05,276.05,274.1,275.4,1597.0
2021-04-28 11:45:00,NSE:SHIL,275.0,275.0,274.6,274.8,723.0
2021-04-28 12:00:00,NSE:SHIL,274.0,274.8,273.7,274.25,1673.0
2021-04-28 12:15:00,NSE:SHIL,276.0,280.95,276.0,280.95,4279.0
2021-04-28 12:30:00,NSE:SHIL,280.6,280.6,280.0,280.5,1964.0
2021-04-28 12:45:00,NSE:SHIL,280.3,281.0,280.0,281.0,2085.0
2021-04-28 13:00:00,NSE:SHIL,280.2,281.4,280.2,281.4,1121.0
2021-04-28 13:15:00,NSE:SHIL,281.4,281.45,281.0,281.2,1077.0
2021-04-28 13:30:00,NSE:SHIL,281.0,281.2,278.55,279.95,11705.0
2021-04-28 13:45:00,NSE:SHIL,278.7,279.8,278.25,279.0,561.0
2021-04-28 14:00:00,NSE:SHIL,278.2,281.45,278.2,279.2,4126.0
2021-04-28 14:15:00,NSE:SHIL,279.5,279.5,279.05,279.05,209.0
2021-04-28 14:30:00,NSE:SHIL,279.4,279.55,278.1,278.1,1364.0
2021-04-28 14:45:00,NSE:SHIL,277.05,279.0,276.9,277.0,1316.0
2021-04-28 15:00:00,NSE:SHIL,277.9,278.95,276.95,277.0,2315.0
2021-04-28 15:15:00,NSE:SHIL,277.0,278.95,275.1,275.15,2120.0
2021-04-29 09:15:00,NSE:SHIL,276.4,280.9,276.4,279.75,2397.0
2021-04-29 09:30:00,NSE:SHIL,279.85,280.5,279.85,280.5,5084.0
2021-04-29 09:45:00,NSE:SHIL,280.0,280.5,279.6,279.85,9745.0
2021-04-29 10:00:00,NSE:SHIL,279.85,280.5,279.15,280.45,7081.0
2021-04-29 10:15:00,NSE:SHIL,280.45,280.5,280.0,280.5,8661.0
2021-04-29 10:30:00,NSE:SHIL,280.1,280.5,278.5,278.5,1780.0
2021-04-29 10:45:00,NSE:SHIL,278.5,279.4,274.6,276.0,2641.0
2021-04-29 11:00:00,NSE:SHIL,276.4,277.65,276.4,277.4,478.0
2021-04-29 11:15:00,NSE:SHIL,277.5,278.0,277.5,277.95,429.0
2021-04-29 11:30:00,NSE:SHIL,276.3,276.3,274.6,274.65,1954.0
2021-04-29 11:45:00,NSE:SHIL,274.95,276.0,274.95,275.25,429.0
2021-04-29 12:00:00,NSE:SHIL,275.0,275.0,274.9,274.9,405.0
2021-04-29 12:15:00,NSE:SHIL,274.9,275.0,274.65,275.0,1047.0
2021-04-29 12:30:00,NSE:SHIL,275.35,275.4,275.05,275.4,370.0
2021-04-29 12:45:00,NSE:SHIL,275.4,276.3,275.3,275.4,288.0
2021-04-29 13:00:00,NSE:SHIL,275.95,275.95,275.25,275.25,505.0
2021-04-29 13:15:00,NSE:SHIL,275.25,276.45,274.5,274.95,1803.0
2021-04-29 13:30:00,NSE:SHIL,273.1,275.0,272.65,274.35,2145.0
2021-04-29 13:45:00,NSE:SHIL,274.0,274.2,272.2,272.2,837.0
2021-04-29 14:00:00,NSE:SHIL,272.95,274.0,272.8,273.95,641.0
2021-04-29 14:15:00,NSE:SHIL,273.55,275.0,273.55,274.45,1280.0
2021-04-29 14:30:00,NSE:SHIL,273.95,276.05,272.45,276.0,4077.0
2021-04-29 14:45:00,NSE:SHIL,276.05,278.0,275.25,278.0,3337.0
2021-04-29 15:00:00,NSE:SHIL,278.0,280.5,278.0,279.0,7056.0
2021-04-29 15:15:00,NSE:SHIL,279.1,280.05,276.0,276.0,6389.0
2021-04-29 15:30:00,NSE:SHIL,279.45,279.45,279.45,279.45,2.0
2021-04-30 09:00:00,NSE:SHIL,278.45,278.45,278.45,278.45,810.0
2021-04-30 09:15:00,NSE:SHIL,278.45,278.45,274.45,277.5,1711.0
2021-04-30 09:30:00,NSE:SHIL,276.8,278.1,275.0,275.0,2471.0
2021-04-30 09:45:00,NSE:SHIL,274.05,276.0,274.05,275.55,3220.0
2021-04-30 10:00:00,NSE:SHIL,275.65,276.0,273.6,273.6,1900.0
2021-04-30 10:15:00,NSE:SHIL,273.3,275.5,273.0,275.5,4237.0
2021-04-30 10:30:00,NSE:SHIL,275.5,276.95,275.5,276.0,10579.0
2021-04-30 10:45:00,NSE:SHIL,276.5,280.4,276.5,280.0,15713.0
2021-04-30 11:00:00,NSE:SHIL,279.0,279.0,277.0,278.65,1207.0
2021-04-30 11:15:00,NSE:SHIL,279.0,280.75,277.8,279.45,3452.0
2021-04-30 11:30:00,NSE:SHIL,279.0,280.85,278.9,280.85,8245.0
2021-04-30 11:45:00,NSE:SHIL,280.85,282.5,280.8,282.5,10271.0
2021-04-30 12:00:00,NSE:SHIL,282.5,283.9,282.3,283.85,8802.0
2021-04-30 12:15:00,NSE:SHIL,283.8,283.85,283.0,283.0,2969.0
2021-04-30 12:30:00,NSE:SHIL,283.0,283.35,281.8,283.1,6809.0
2021-04-30 12:45:00,NSE:SHIL,283.1,283.55,282.95,283.55,3026.0
2021-04-30 13:00:00,NSE:SHIL,283.2,283.2,283.0,283.0,2324.0
2021-04-30 13:15:00,NSE:SHIL,283.15,283.9,283.0,283.3,2547.0
2021-04-30 13:30:00,NSE:SHIL,283.3,284.0,281.95,283.85,5399.0
2021-04-30 13:45:00,NSE:SHIL,283.0,284.35,283.0,284.35,1368.0
2021-04-30 14:00:00,NSE:SHIL,283.1,283.95,282.9,282.9,1336.0
2021-04-30 14:15:00,NSE:SHIL,283.0,283.95,282.9,283.0,1773.0
2021-04-30 14:30:00,NSE:SHIL,283.2,283.95,280.0,280.1,2644.0
2021-04-30 14:45:00,NSE:SHIL,280.2,281.8,280.2,281.45,329.0
2021-04-30 15:00:00,NSE:SHIL,281.45,283.15,280.0,283.15,22828.0
2021-04-30 15:15:00,NSE:SHIL,280.5,293.4,279.3,285.65,61536.0
2021-04-30 15:30:00,NSE:SHIL,284.5,284.5,284.5,284.5,15.0
2021-04-30 15:45:00,NSE:SHIL,284.5,285.65,284.5,285.65,100.0
2021-05-03 09:00:00,NSE:SHIL,288.1,288.1,288.1,288.1,115.0
2021-05-03 09:15:00,NSE:SHIL,284.5,298.7,282.7,298.7,24046.0
2021-05-03 09:30:00,NSE:SHIL,298.7,298.7,291.65,294.2,23252.0
2021-05-03 09:45:00,NSE:SHIL,294.6,298.7,292.85,298.7,28644.0
2021-05-03 10:00:00,NSE:SHIL,298.7,298.7,298.7,298.7,3193.0
2021-05-03 10:15:00,NSE:SHIL,298.7,298.7,298.7,298.7,6517.0
2021-05-03 10:30:00,NSE:SHIL,298.7,298.7,298.7,298.7,1266.0
2021-05-03 10:45:00,NSE:SHIL,298.7,298.7,298.7,298.7,1050.0
2021-05-03 11:00:00,NSE:SHIL,298.7,298.7,298.7,298.7,2176.0
2021-05-03 11:15:00,NSE:SHIL,298.7,298.7,298.7,298.7,236.0
2021-05-03 11:30:00,NSE:SHIL,298.7,298.7,298.7,298.7,20407.0
2021-05-03 11:45:00,NSE:SHIL,298.7,298.7,298.7,298.7,127.0
2021-05-03 12:00:00,NSE:SHIL,298.7,298.7,298.7,298.7,5117.0
2021-05-03 12:15:00,NSE:SHIL,298.7,298.7,298.7,298.7,11897.0
2021-05-03 12:30:00,NSE:SHIL,298.7,298.7,298.7,298.7,213.0
2021-05-03 12:45:00,NSE:SHIL,298.7,298.7,298.7,298.7,1139.0
2021-05-03 13:00:00,NSE:SHIL,298.7,298.7,298.7,298.7,235.0
2021-05-03 13:15:00,NSE:SHIL,298.7,298.7,298.7,298.7,234.0
2021-05-03 13:30:00,NSE:SHIL,298.7,298.7,298.7,298.7,3523.0
2021-05-03 13:45:00,NSE:SHIL,298.7,298.7,298.7,298.7,10.0
2021-05-03 14:00:00,NSE:SHIL,298.7,298.7,298.7,298.7,191.0
2021-05-03 14:15:00,NSE:SHIL,298.7,298.7,298.7,298.7,1.0
2021-05-03 14:30:00,NSE:SHIL,298.7,298.7,298.7,298.7,28.0
2021-05-03 14:45:00,NSE:SHIL,298.7,298.7,298.7,298.7,509.0
2021-05-03 15:00:00,NSE:SHIL,298.7,298.7,298.7,298.7,25.0
2021-05-03 15:15:00,NSE:SHIL,298.7,298.7,298.7,298.7,24.0
2021-05-03 15:45:00,NSE:SHIL,298.7,298.7,298.7,298.7,51.0
2021-05-04 09:00:00,NSE:SHIL,308.4,308.4,308.4,308.4,1227.0
2021-05-04 09:15:00,NSE:SHIL,307.95,309.4,301.0,305.8,23031.0
2021-05-04 09:30:00,NSE:SHIL,306.3,310.9,301.55,301.7,11370.0
2021-05-04 09:45:00,NSE:SHIL,301.1,303.0,300.1,302.35,4081.0
2021-05-04 10:00:00,NSE:SHIL,302.35,302.55,291.55,294.85,10009.0
2021-05-04 10:15:00,NSE:SHIL,294.85,297.0,293.15,293.15,6723.0
2021-05-04 10:30:00,NSE:SHIL,292.5,293.95,289.55,290.0,5075.0
2021-05-04 10:45:00,NSE:SHIL,289.75,293.0,288.8,292.1,4438.0
2021-05-04 11:00:00,NSE:SHIL,292.85,297.3,292.0,294.85,5404.0
2021-05-04 11:15:00,NSE:SHIL,294.85,295.0,294.8,294.95,1377.0
2021-05-04 11:30:00,NSE:SHIL,294.95,296.0,294.85,295.0,3279.0
2021-05-04 11:45:00,NSE:SHIL,295.95,297.25,295.95,296.2,513.0
2021-05-04 12:00:00,NSE:SHIL,296.0,297.4,294.7,296.1,3506.0
2021-05-04 12:15:00,NSE:SHIL,295.0,298.0,295.0,297.2,1957.0
2021-05-04 12:30:00,NSE:SHIL,297.35,297.35,295.05,295.5,1049.0
2021-05-04 12:45:00,NSE:SHIL,295.1,295.5,295.1,295.1,151.0
2021-05-04 13:00:00,NSE:SHIL,295.45,295.45,295.0,295.35,785.0
2021-05-04 13:15:00,NSE:SHIL,295.0,295.0,290.3,292.0,3715.0
2021-05-04 13:30:00,NSE:SHIL,292.0,292.2,289.0,291.9,5628.0
2021-05-04 13:45:00,NSE:SHIL,292.0,292.35,291.1,291.1,1438.0
2021-05-04 14:00:00,NSE:SHIL,292.0,293.05,290.4,290.4,1181.0
2021-05-04 14:15:00,NSE:SHIL,292.35,292.45,290.1,290.1,175.0
2021-05-04 14:30:00,NSE:SHIL,291.25,291.25,285.6,289.25,5917.0
2021-05-04 14:45:00,NSE:SHIL,286.25,288.3,283.8,283.8,17928.0
2021-05-04 15:00:00,NSE:SHIL,283.8,283.8,283.8,283.8,3944.0
2021-05-04 15:15:00,NSE:SHIL,283.8,283.8,283.8,283.8,3653.0
2021-05-04 15:45:00,NSE:SHIL,283.8,283.8,283.8,283.8,117.0
2021-05-05 09:00:00,NSE:SHIL,277.5,277.5,277.5,277.5,503.0
2021-05-05 09:15:00,NSE:SHIL,282.75,286.1,281.05,283.5,2825.0
2021-05-05 09:30:00,NSE:SHIL,283.45,283.45,278.15,279.25,4180.0
2021-05-05 09:45:00,NSE:SHIL,279.55,281.95,277.65,280.55,3468.0
2021-05-05 10:00:00,NSE:SHIL,281.4,282.45,278.05,279.0,4549.0
2021-05-05 10:15:00,NSE:SHIL,279.25,279.3,276.1,276.35,2553.0
2021-05-05 10:30:00,NSE:SHIL,277.65,281.75,277.05,281.75,6074.0
2021-05-05 10:45:00,NSE:SHIL,281.45,284.4,281.45,283.0,12180.0
2021-05-05 11:00:00,NSE:SHIL,283.0,287.0,282.75,283.55,8451.0
2021-05-05 11:15:00,NSE:SHIL,283.75,286.55,283.65,286.2,3195.0
2021-05-05 11:30:00,NSE:SHIL,286.7,287.0,282.6,287.0,9268.0
2021-05-05 11:45:00,NSE:SHIL,285.0,287.0,285.0,286.35,1064.0
2021-05-05 12:00:00,NSE:SHIL,286.5,286.5,285.25,285.95,150.0
2021-05-05 12:15:00,NSE:SHIL,285.95,286.6,285.3,286.55,248.0
2021-05-05 12:30:00,NSE:SHIL,285.3,286.55,285.25,286.55,528.0
2021-05-05 12:45:00,NSE:SHIL,286.55,286.55,285.8,285.8,139.0
2021-05-05 13:00:00,NSE:SHIL,284.25,289.5,284.25,287.5,4439.0
2021-05-05 13:15:00,NSE:SHIL,288.4,289.9,287.25,288.3,1597.0
2021-05-05 13:30:00,NSE:SHIL,287.65,288.2,287.6,287.75,435.0
2021-05-05 13:45:00,NSE:SHIL,288.3,289.8,287.5,287.7,1483.0
2021-05-05 14:00:00,NSE:SHIL,287.7,289.0,287.2,287.35,1452.0
2021-05-05 14:15:00,NSE:SHIL,288.55,288.65,285.0,285.0,17175.0
2021-05-05 14:30:00,NSE:SHIL,284.0,289.0,278.5,286.15,7008.0
2021-05-05 14:45:00,NSE:SHIL,286.2,290.65,284.6,286.65,2688.0
2021-05-05 15:00:00,NSE:SHIL,286.8,287.85,285.0,285.25,2024.0
2021-05-05 15:15:00,NSE:SHIL,285.25,287.8,284.85,285.05,6606.0
2021-05-06 09:00:00,NSE:SHIL,286.0,286.0,286.0,286.0,351.0
2021-05-06 09:15:00,NSE:SHIL,286.0,286.0,283.3,284.65,966.0
2021-05-06 09:30:00,NSE:SHIL,282.3,282.3,280.1,281.4,4742.0
2021-05-06 09:45:00,NSE:SHIL,281.0,284.8,280.95,282.0,3526.0
2021-05-06 10:00:00,NSE:SHIL,281.5,281.65,280.2,280.2,795.0
2021-05-06 10:15:00,NSE:SHIL,280.2,282.85,280.05,282.3,1953.0
2021-05-06 10:30:00,NSE:SHIL,281.8,283.25,281.8,282.05,1115.0
2021-05-06 10:45:00,NSE:SHIL,284.0,284.0,281.65,281.65,1610.0
2021-05-06 11:00:00,NSE:SHIL,281.95,283.2,281.95,281.95,992.0
2021-05-06 11:15:00,NSE:SHIL,281.2,282.55,280.0,282.55,2299.0
2021-05-06 11:30:00,NSE:SHIL,281.7,282.95,281.5,282.95,1842.0
2021-05-06 11:45:00,NSE:SHIL,282.5,282.95,282.0,282.85,635.0
2021-05-06 12:00:00,NSE:SHIL,282.35,282.65,282.35,282.65,314.0
2021-05-06 12:15:00,NSE:SHIL,282.8,282.8,281.75,281.8,304.0
2021-05-06 12:30:00,NSE:SHIL,282.1,282.45,281.6,282.45,545.0
2021-05-06 12:45:00,NSE:SHIL,282.25,282.95,282.25,282.65,1460.0
2021-05-06 13:00:00,NSE:SHIL,282.7,282.7,281.65,281.65,508.0
2021-05-06 13:15:00,NSE:SHIL,282.0,282.0,282.0,282.0,162.0
2021-05-06 13:30:00,NSE:SHIL,282.0,290.0,282.0,286.0,21619.0
2021-05-06 13:45:00,NSE:SHIL,286.0,286.5,286.0,286.5,2134.0
2021-05-06 14:00:00,NSE:SHIL,286.05,286.75,284.15,285.15,7309.0
2021-05-06 14:15:00,NSE:SHIL,285.15,286.4,285.0,285.6,2412.0
2021-05-06 14:30:00,NSE:SHIL,285.0,286.2,285.0,286.0,1023.0
2021-05-06 14:45:00,NSE:SHIL,286.0,286.25,286.0,286.0,1462.0
2021-05-06 15:00:00,NSE:SHIL,286.0,286.45,285.0,286.15,2060.0
2021-05-06 15:15:00,NSE:SHIL,286.95,288.95,286.15,286.2,3679.0
2021-05-07 09:00:00,NSE:SHIL,289.9,289.9,289.9,289.9,20.0
2021-05-07 09:15:00,NSE:SHIL,290.1,292.45,288.05,290.0,2848.0
2021-05-07 09:30:00,NSE:SHIL,290.65,290.65,285.0,285.0,2401.0
2021-05-07 09:45:00,NSE:SHIL,287.45,288.9,285.0,288.2,3871.0
2021-05-07 10:00:00,NSE:SHIL,288.85,291.95,284.65,289.5,4076.0
2021-05-07 10:15:00,NSE:SHIL,289.85,291.9,286.0,286.3,2860.0
2021-05-07 10:30:00,NSE:SHIL,287.95,287.95,285.0,286.3,2443.0
2021-05-07 10:45:00,NSE:SHIL,286.6,286.95,285.9,286.95,988.0
2021-05-07 11:00:00,NSE:SHIL,286.95,286.95,285.0,286.45,1549.0
2021-05-07 11:15:00,NSE:SHIL,286.6,288.65,286.6,287.75,1439.0
2021-05-07 11:30:00,NSE:SHIL,288.0,288.0,287.7,287.95,637.0
2021-05-07 11:45:00,NSE:SHIL,288.0,288.0,285.15,285.25,1520.0
2021-05-07 12:00:00,NSE:SHIL,286.15,286.15,285.05,285.05,3711.0
2021-05-07 12:15:00,NSE:SHIL,287.9,287.9,286.2,286.2,998.0
2021-05-07 12:30:00,NSE:SHIL,286.75,286.75,285.5,285.55,419.0
2021-05-07 12:45:00,NSE:SHIL,286.2,286.2,285.2,286.1,478.0
2021-05-07 13:00:00,NSE:SHIL,286.1,286.1,284.85,284.85,686.0
2021-05-07 13:15:00,NSE:SHIL,285.7,285.7,284.2,284.85,829.0
2021-05-07 13:30:00,NSE:SHIL,284.9,284.9,284.2,284.9,439.0
2021-05-07 13:45:00,NSE:SHIL,284.9,284.9,282.65,283.55,1430.0
2021-05-07 14:00:00,NSE:SHIL,284.9,284.9,282.65,284.25,1067.0
2021-05-07 14:15:00,NSE:SHIL,284.25,286.0,282.75,283.55,2348.0
2021-05-07 14:30:00,NSE:SHIL,285.7,285.7,282.0,282.0,2149.0
2021-05-07 14:45:00,NSE:SHIL,283.0,283.35,282.05,283.35,1722.0
2021-05-07 15:00:00,NSE:SHIL,283.7,287.8,282.2,285.6,8217.0
2021-05-07 15:15:00,NSE:SHIL,285.6,285.8,283.0,284.8,5177.0
2021-05-07 15:45:00,NSE:SHIL,285.25,285.25,285.25,285.25,5.0
2021-05-10 09:00:00,NSE:SHIL,288.0,288.0,288.0,288.0,20.0
2021-05-10 09:15:00,NSE:SHIL,290.1,290.9,282.0,283.75,6015.0
2021-05-10 09:30:00,NSE:SHIL,283.1,283.95,283.05,283.1,1431.0
2021-05-10 09:45:00,NSE:SHIL,283.4,283.5,280.6,281.55,9171.0
2021-05-10 10:00:00,NSE:SHIL,282.05,282.9,280.0,280.0,2866.0
2021-05-10 10:15:00,NSE:SHIL,281.7,282.5,280.0,280.25,5579.0
2021-05-10 10:30:00,NSE:SHIL,280.5,281.2,279.0,280.15,1205.0
2021-05-10 10:45:00,NSE:SHIL,280.05,281.5,276.55,279.45,2531.0
2021-05-10 11:00:00,NSE:SHIL,279.4,279.4,277.25,278.2,3358.0
2021-05-10 11:15:00,NSE:SHIL,278.0,279.0,277.25,278.05,911.0
2021-05-10 11:30:00,NSE:SHIL,278.0,278.4,277.0,278.4,1671.0
2021-05-10 11:45:00,NSE:SHIL,281.5,282.3,281.0,281.25,3565.0
2021-05-10 12:00:00,NSE:SHIL,281.0,281.95,281.0,281.5,910.0
2021-05-10 12:15:00,NSE:SHIL,281.25,281.5,277.25,277.25,8978.0
2021-05-10 12:30:00,NSE:SHIL,277.5,278.9,276.3,277.5,3507.0
2021-05-10 12:45:00,NSE:SHIL,277.95,278.45,276.5,278.45,1229.0
2021-05-10 13:00:00,NSE:SHIL,278.2,278.2,276.45,276.95,2839.0
2021-05-10 13:15:00,NSE:SHIL,276.95,277.95,276.2,277.95,6562.0
2021-05-10 13:30:00,NSE:SHIL,277.95,278.75,276.35,278.1,1173.0
2021-05-10 13:45:00,NSE:SHIL,278.15,278.15,276.0,276.65,4472.0
2021-05-10 14:00:00,NSE:SHIL,277.0,278.65,277.0,278.15,3040.0
2021-05-10 14:15:00,NSE:SHIL,278.05,278.05,275.1,275.85,6690.0
2021-05-10 14:30:00,NSE:SHIL,275.1,277.05,274.5,277.05,3805.0
2021-05-10 14:45:00,NSE:SHIL,277.25,278.55,277.0,277.5,2510.0
2021-05-10 15:00:00,NSE:SHIL,277.0,278.2,276.65,278.0,5373.0
2021-05-10 15:15:00,NSE:SHIL,278.05,278.2,275.3,277.0,7439.0
2021-05-10 15:30:00,NSE:SHIL,277.3,277.3,277.0,277.0,978.0
2021-05-11 09:00:00,NSE:SHIL,278.8,278.8,278.8,278.8,10.0
2021-05-11 09:15:00,NSE:SHIL,277.6,283.0,277.6,281.8,4654.0
2021-05-11 09:30:00,NSE:SHIL,281.75,281.85,278.85,280.1,3632.0
2021-05-11 09:45:00,NSE:SHIL,281.6,281.6,278.0,278.15,12402.0
2021-05-11 10:00:00,NSE:SHIL,278.75,278.75,273.7,273.95,2377.0
2021-05-11 10:15:00,NSE:SHIL,274.8,277.55,274.0,276.65,5241.0
2021-05-11 10:30:00,NSE:SHIL,275.05,275.45,274.0,275.1,2501.0
2021-05-11 10:45:00,NSE:SHIL,274.1,275.1,274.0,274.45,1368.0
2021-05-11 11:00:00,NSE:SHIL,274.6,275.1,274.35,274.65,797.0
2021-05-11 11:15:00,NSE:SHIL,275.0,275.2,274.6,275.1,1402.0
2021-05-11 11:30:00,NSE:SHIL,275.05,275.05,272.05,274.6,4355.0
2021-05-11 11:45:00,NSE:SHIL,274.55,275.35,274.05,275.0,2363.0
2021-05-11 12:00:00,NSE:SHIL,275.0,275.1,273.0,274.3,7927.0
2021-05-11 12:15:00,NSE:SHIL,274.0,275.65,274.0,274.2,4783.0
2021-05-11 12:30:00,NSE:SHIL,274.45,275.9,274.45,274.95,3116.0
2021-05-11 12:45:00,NSE:SHIL,274.6,275.3,274.6,275.0,762.0
2021-05-11 13:00:00,NSE:SHIL,274.85,275.4,274.8,275.0,1243.0
2021-05-11 13:15:00,NSE:SHIL,275.0,275.05,267.15,268.45,15466.0
2021-05-11 13:30:00,NSE:SHIL,270.0,273.4,270.0,272.2,5172.0
2021-05-11 13:45:00,NSE:SHIL,272.7,275.95,272.2,275.0,4131.0
2021-05-11 14:00:00,NSE:SHIL,276.0,279.5,274.45,276.0,2949.0
2021-05-11 14:15:00,NSE:SHIL,275.0,275.5,274.5,275.5,1050.0
2021-05-11 14:30:00,NSE:SHIL,277.05,286.0,277.05,286.0,16536.0
2021-05-11 14:45:00,NSE:SHIL,285.0,285.0,284.0,284.45,5586.0
2021-05-11 15:00:00,NSE:SHIL,283.85,285.35,282.5,283.8,7022.0
2021-05-11 15:15:00,NSE:SHIL,283.85,284.95,282.5,284.0,9122.0
2021-05-11 15:30:00,NSE:SHIL,283.95,283.95,283.95,283.95,26.0
2021-05-11 15:45:00,NSE:SHIL,283.95,283.95,283.95,283.95,11.0
2021-05-12 09:00:00,NSE:SHIL,287.0,287.0,287.0,287.0,50.0
2021-05-12 09:15:00,NSE:SHIL,287.0,289.9,285.9,288.85,11608.0
2021-05-12 09:30:00,NSE:SHIL,288.5,290.0,286.55,288.4,9856.0
2021-05-12 09:45:00,NSE:SHIL,287.6,287.95,286.05,286.1,3927.0
2021-05-12 10:00:00,NSE:SHIL,286.05,286.05,284.1,285.5,3350.0
2021-05-12 10:15:00,NSE:SHIL,285.9,285.9,284.1,284.1,1214.0
2021-05-12 10:30:00,NSE:SHIL,284.0,284.0,281.2,281.2,3238.0
2021-05-12 10:45:00,NSE:SHIL,281.9,281.9,277.9,280.65,3912.0
2021-05-12 11:00:00,NSE:SHIL,281.85,281.85,280.05,281.1,655.0
2021-05-12 11:15:00,NSE:SHIL,281.1,284.9,280.25,282.3,3150.0
2021-05-12 11:30:00,NSE:SHIL,283.4,283.45,282.5,283.15,265.0
2021-05-12 11:45:00,NSE:SHIL,282.8,283.55,282.1,282.85,587.0
2021-05-12 12:00:00,NSE:SHIL,282.7,284.6,282.7,284.25,443.0
2021-05-12 12:15:00,NSE:SHIL,284.25,287.0,284.25,284.85,3630.0
2021-05-12 12:30:00,NSE:SHIL,284.9,286.3,284.75,284.75,493.0
2021-05-12 12:45:00,NSE:SHIL,284.75,285.5,284.7,285.35,615.0
2021-05-12 13:00:00,NSE:SHIL,285.0,287.35,284.7,287.35,5241.0
2021-05-12 13:15:00,NSE:SHIL,286.1,287.2,285.35,285.9,1107.0
2021-05-12 13:30:00,NSE:SHIL,285.45,286.15,283.5,285.0,2225.0
2021-05-12 13:45:00,NSE:SHIL,284.5,285.45,283.25,283.65,1333.0
2021-05-12 14:00:00,NSE:SHIL,284.15,287.0,283.35,286.4,2832.0
2021-05-12 14:15:00,NSE:SHIL,285.7,285.7,284.05,284.5,766.0
2021-05-12 14:30:00,NSE:SHIL,284.75,284.75,283.1,283.1,1153.0
2021-05-12 14:45:00,NSE:SHIL,283.1,283.65,281.0,281.0,2343.0
2021-05-12 15:00:00,NSE:SHIL,280.85,282.3,279.9,282.3,4062.0
2021-05-12 15:15:00,NSE:SHIL,281.5,282.85,281.05,281.05,4278.0
2021-05-14 09:00:00,NSE:SHIL,285.0,285.0,285.0,285.0,51.0
2021-05-14 09:15:00,NSE:SHIL,287.7,290.0,283.8,286.1,13075.0
2021-05-14 09:30:00,NSE:SHIL,286.15,292.9,286.0,290.95,22203.0
2021-05-14 09:45:00,NSE:SHIL,288.6,291.0,288.05,289.9,7064.0
2021-05-14 10:00:00,NSE:SHIL,291.0,291.0,288.05,289.5,3288.0
2021-05-14 10:15:00,NSE:SHIL,288.55,290.0,288.55,289.3,798.0
2021-05-14 10:30:00,NSE:SHIL,289.0,289.0,287.7,288.6,1872.0
2021-05-14 10:45:00,NSE:SHIL,288.45,290.0,288.05,289.75,2849.0
2021-05-14 11:00:00,NSE:SHIL,289.55,290.0,288.0,290.0,5647.0
2021-05-14 11:15:00,NSE:SHIL,290.0,290.8,288.5,290.0,2970.0
2021-05-14 11:30:00,NSE:SHIL,290.0,295.45,290.0,295.45,50247.0
2021-05-14 11:45:00,NSE:SHIL,295.45,295.45,292.9,294.0,31050.0
2021-05-14 12:00:00,NSE:SHIL,294.05,295.4,292.0,295.4,22266.0
2021-05-14 12:15:00,NSE:SHIL,295.0,295.45,295.0,295.45,9189.0
2021-05-14 12:30:00,NSE:SHIL,295.45,295.45,295.45,295.45,2100.0
2021-05-14 12:45:00,NSE:SHIL,295.45,295.45,295.45,295.45,995.0
2021-05-14 13:00:00,NSE:SHIL,295.45,295.45,295.45,295.45,394.0
2021-05-14 13:15:00,NSE:SHIL,295.45,295.45,295.45,295.45,3947.0
2021-05-14 13:30:00,NSE:SHIL,295.45,295.45,295.45,295.45,495.0
2021-05-14 13:45:00,NSE:SHIL,295.45,295.45,295.45,295.45,307.0
2021-05-14 14:00:00,NSE:SHIL,295.45,295.45,295.45,295.45,557.0
2021-05-14 14:15:00,NSE:SHIL,295.45,295.45,295.45,295.45,1429.0
2021-05-14 14:30:00,NSE:SHIL,295.45,295.45,295.45,295.45,1212.0
2021-05-14 14:45:00,NSE:SHIL,295.45,295.45,295.45,295.45,825.0
2021-05-14 15:00:00,NSE:SHIL,295.45,295.45,295.45,295.45,1435.0
2021-05-14 15:15:00,NSE:SHIL,295.45,295.45,295.45,295.45,313.0
2021-05-14 15:30:00,NSE:SHIL,295.45,295.45,295.45,295.45,1.0
2021-05-17 09:00:00,NSE:SHIL,300.0,300.0,300.0,300.0,2698.0
2021-05-17 09:15:00,NSE:SHIL,301.0,308.7,292.1,296.2,34929.0
2021-05-17 09:30:00,NSE:SHIL,295.0,302.1,294.0,301.65,11010.0
2021-05-17 09:45:00,NSE:SHIL,301.7,301.7,297.25,299.8,5029.0
2021-05-17 10:00:00,NSE:SHIL,299.8,303.05,298.4,301.9,4949.0
2021-05-17 10:15:00,NSE:SHIL,301.5,302.0,299.5,300.65,7104.0
2021-05-17 10:30:00,NSE:SHIL,300.6,301.45,300.1,301.0,2723.0
2021-05-17 10:45:00,NSE:SHIL,301.0,305.5,301.0,304.9,13783.0
2021-05-17 11:00:00,NSE:SHIL,303.8,304.25,302.0,302.5,7036.0
2021-05-17 11:15:00,NSE:SHIL,303.35,304.25,301.55,304.0,3448.0
2021-05-17 11:30:00,NSE:SHIL,304.2,305.95,302.95,305.0,5056.0
2021-05-17 11:45:00,NSE:SHIL,305.0,306.8,305.0,306.8,5956.0
2021-05-17 12:00:00,NSE:SHIL,305.5,307.0,305.0,305.3,9825.0
2021-05-17 12:15:00,NSE:SHIL,305.3,306.35,303.1,303.1,8348.0
2021-05-17 12:30:00,NSE:SHIL,303.3,303.9,301.55,302.2,2712.0
2021-05-17 12:45:00,NSE:SHIL,301.1,303.5,301.1,303.45,2553.0
2021-05-17 13:00:00,NSE:SHIL,302.95,303.45,302.4,302.9,1675.0
2021-05-17 13:15:00,NSE:SHIL,302.5,305.0,302.4,305.0,2478.0
2021-05-17 13:30:00,NSE:SHIL,305.0,305.0,302.25,303.0,3105.0
2021-05-17 13:45:00,NSE:SHIL,302.0,303.25,302.0,302.45,830.0
2021-05-17 14:00:00,NSE:SHIL,302.45,304.5,302.45,304.15,2322.0
2021-05-17 14:15:00,NSE:SHIL,303.7,306.5,303.3,304.65,5237.0
2021-05-17 14:30:00,NSE:SHIL,305.55,305.55,304.1,305.0,1444.0
2021-05-17 14:45:00,NSE:SHIL,303.85,310.0,303.85,309.0,40488.0
2021-05-17 15:00:00,NSE:SHIL,309.9,310.2,309.0,310.2,35462.0
2021-05-17 15:15:00,NSE:SHIL,309.9,310.2,309.9,310.2,2643.0
2021-05-17 15:30:00,NSE:SHIL,310.05,310.2,310.05,310.05,600.0
2021-05-18 09:00:00,NSE:SHIL,319.0,319.0,319.0,319.0,2349.0
2021-05-18 09:15:00,NSE:SHIL,314.25,323.8,314.25,323.5,29835.0
2021-05-18 09:30:00,NSE:SHIL,323.8,325.55,323.0,325.55,23288.0
2021-05-18 09:45:00,NSE:SHIL,325.55,325.55,325.55,325.55,4294.0
2021-05-18 10:00:00,NSE:SHIL,325.55,325.55,325.55,325.55,1483.0
2021-05-18 10:15:00,NSE:SHIL,325.55,325.55,325.55,325.55,3664.0
2021-05-18 10:30:00,NSE:SHIL,325.55,325.55,325.55,325.55,2196.0
2021-05-18 10:45:00,NSE:SHIL,325.55,325.55,325.55,325.55,669.0
2021-05-18 11:00:00,NSE:SHIL,325.55,325.55,325.55,325.55,1059.0
2021-05-18 11:15:00,NSE:SHIL,325.55,325.55,325.55,325.55,101.0
2021-05-18 11:30:00,NSE:SHIL,325.55,325.55,325.55,325.55,790.0
2021-05-18 11:45:00,NSE:SHIL,325.55,325.55,325.55,325.55,388.0
2021-05-18 12:00:00,NSE:SHIL,325.55,325.55,325.55,325.55,362.0
2021-05-18 12:15:00,NSE:SHIL,325.55,325.55,325.55,325.55,428.0
2021-05-18 12:30:00,NSE:SHIL,325.55,325.55,325.55,325.55,206.0
2021-05-18 12:45:00,NSE:SHIL,325.55,325.55,325.55,325.55,255.0
2021-05-18 13:00:00,NSE:SHIL,325.55,325.55,325.55,325.55,115.0
2021-05-18 13:15:00,NSE:SHIL,325.55,325.55,325.55,325.55,2572.0
2021-05-18 13:30:00,NSE:SHIL,325.55,325.55,325.55,325.55,873.0
2021-05-18 13:45:00,NSE:SHIL,325.55,325.55,325.55,325.55,450.0
2021-05-18 14:00:00,NSE:SHIL,325.55,325.55,325.55,325.55,273.0
2021-05-18 14:15:00,NSE:SHIL,325.55,325.55,325.55,325.55,1028.0
2021-05-18 14:30:00,NSE:SHIL,325.55,325.55,325.55,325.55,3190.0
2021-05-18 14:45:00,NSE:SHIL,325.55,325.55,325.55,325.55,91.0
2021-05-18 15:00:00,NSE:SHIL,325.55,325.55,325.55,325.55,145.0
2021-05-18 15:15:00,NSE:SHIL,325.55,325.55,325.55,325.55,1137.0
2021-05-19 09:00:00,NSE:SHIL,341.8,341.8,341.8,341.8,6105.0
2021-05-19 09:15:00,NSE:SHIL,341.8,341.8,330.0,337.7,118663.0
2021-05-19 09:30:00,NSE:SHIL,337.7,338.9,325.55,333.0,27270.0
2021-05-19 09:45:00,NSE:SHIL,333.05,337.0,332.0,336.0,18705.0
2021-05-19 10:00:00,NSE:SHIL,336.15,337.0,330.05,332.35,12265.0
2021-05-19 10:15:00,NSE:SHIL,332.4,333.7,331.55,333.4,6045.0
2021-05-19 10:30:00,NSE:SHIL,333.7,336.2,332.5,335.9,8844.0
2021-05-19 10:45:00,NSE:SHIL,335.9,338.95,333.05,336.75,11013.0
2021-05-19 11:00:00,NSE:SHIL,336.5,337.0,335.35,337.0,4955.0
2021-05-19 11:15:00,NSE:SHIL,337.0,337.0,332.55,335.0,6575.0
2021-05-19 11:30:00,NSE:SHIL,335.0,335.0,332.6,333.1,1899.0
2021-05-19 11:45:00,NSE:SHIL,332.6,332.95,318.55,321.65,17343.0
2021-05-19 12:00:00,NSE:SHIL,322.05,328.2,318.1,322.35,12576.0
2021-05-19 12:15:00,NSE:SHIL,322.05,329.95,322.0,327.9,13354.0
2021-05-19 12:30:00,NSE:SHIL,328.0,328.8,327.1,328.0,2368.0
2021-05-19 12:45:00,NSE:SHIL,327.85,327.95,325.55,325.55,1150.0
2021-05-19 13:00:00,NSE:SHIL,326.9,328.8,326.65,327.15,1607.0
2021-05-19 13:15:00,NSE:SHIL,327.15,327.75,322.05,325.0,3383.0
2021-05-19 13:30:00,NSE:SHIL,323.55,329.0,322.0,325.25,5056.0
2021-05-19 13:45:00,NSE:SHIL,325.25,326.45,322.7,323.5,2065.0
2021-05-19 14:00:00,NSE:SHIL,323.5,325.85,323.5,324.75,1419.0
2021-05-19 14:15:00,NSE:SHIL,322.5,324.45,322.5,322.8,1655.0
2021-05-19 14:30:00,NSE:SHIL,323.35,324.4,322.5,323.25,523.0
2021-05-19 14:45:00,NSE:SHIL,323.65,324.95,323.0,324.95,2546.0
2021-05-19 15:00:00,NSE:SHIL,325.05,332.4,325.0,329.9,12451.0
2021-05-19 15:15:00,NSE:SHIL,329.7,329.85,316.15,320.0,23765.0
2021-05-19 15:30:00,NSE:SHIL,320.0,325.1,320.0,325.1,155.0
2021-05-19 15:45:00,NSE:SHIL,325.1,325.1,320.0,325.1,1001.0
2021-05-20 09:00:00,NSE:SHIL,324.8,324.8,324.8,324.8,257.0
2021-05-20 09:15:00,NSE:SHIL,320.0,327.6,320.0,324.35,7519.0
2021-05-20 09:30:00,NSE:SHIL,324.35,324.9,319.0,319.1,2286.0
2021-05-20 09:45:00,NSE:SHIL,319.3,321.5,319.3,320.9,2820.0
2021-05-20 10:00:00,NSE:SHIL,321.25,325.75,320.0,322.55,4355.0
2021-05-20 10:15:00,NSE:SHIL,322.35,325.0,321.1,323.4,1989.0
2021-05-20 10:30:00,NSE:SHIL,323.55,324.1,321.3,322.4,394.0
2021-05-20 10:45:00,NSE:SHIL,322.0,322.9,321.4,322.0,1481.0
2021-05-20 11:00:00,NSE:SHIL,321.6,321.75,320.0,320.2,1502.0
2021-05-20 11:15:00,NSE:SHIL,320.8,320.8,317.2,318.7,5953.0
2021-05-20 11:30:00,NSE:SHIL,318.0,318.95,317.1,317.9,2534.0
2021-05-20 11:45:00,NSE:SHIL,318.0,318.95,318.0,318.95,3947.0
2021-05-20 12:00:00,NSE:SHIL,320.65,324.0,320.65,322.85,14251.0
2021-05-20 12:15:00,NSE:SHIL,322.8,322.95,321.25,322.45,2414.0
2021-05-20 12:30:00,NSE:SHIL,322.45,322.45,321.0,321.0,1913.0
2021-05-20 12:45:00,NSE:SHIL,321.0,322.75,320.1,320.6,4743.0
2021-05-20 13:00:00,NSE:SHIL,321.2,321.85,320.95,321.75,430.0
2021-05-20 13:15:00,NSE:SHIL,321.7,321.7,318.95,319.0,4744.0
2021-05-20 13:30:00,NSE:SHIL,319.0,319.5,318.45,318.45,921.0
2021-05-20 13:45:00,NSE:SHIL,318.55,319.5,318.5,318.6,223.0
2021-05-20 14:00:00,NSE:SHIL,319.65,322.5,318.2,318.2,2276.0
2021-05-20 14:15:00,NSE:SHIL,318.25,319.75,317.15,318.4,4193.0
2021-05-20 14:30:00,NSE:SHIL,320.0,322.0,317.65,317.65,3552.0
2021-05-20 14:45:00,NSE:SHIL,317.6,317.7,315.9,316.55,4990.0
2021-05-20 15:00:00,NSE:SHIL,316.0,316.95,313.15,315.0,7478.0
2021-05-20 15:15:00,NSE:SHIL,315.0,320.0,311.15,320.0,16032.0
2021-05-20 15:30:00,NSE:SHIL,320.9,320.9,320.9,320.9,30.0
2021-05-21 09:00:00,NSE:SHIL,318.05,318.05,318.05,318.05,70.0
2021-05-21 09:15:00,NSE:SHIL,318.05,324.7,318.05,323.0,2979.0
2021-05-21 09:30:00,NSE:SHIL,322.65,322.65,320.3,320.85,1822.0
2021-05-21 09:45:00,NSE:SHIL,321.6,324.7,321.35,323.9,5181.0
2021-05-21 10:00:00,NSE:SHIL,323.4,329.3,322.75,327.5,8054.0
2021-05-21 10:15:00,NSE:SHIL,327.5,328.0,321.5,323.0,4629.0
2021-05-21 10:30:00,NSE:SHIL,323.05,327.85,323.05,324.6,3134.0
2021-05-21 10:45:00,NSE:SHIL,325.95,330.0,324.9,329.8,7307.0
2021-05-21 11:00:00,NSE:SHIL,330.0,331.0,328.9,331.0,25629.0
2021-05-21 11:15:00,NSE:SHIL,331.0,331.0,331.0,331.0,1422.0
2021-05-21 11:30:00,NSE:SHIL,331.0,331.0,331.0,331.0,2978.0
2021-05-21 11:45:00,NSE:SHIL,331.0,331.0,331.0,331.0,310.0
2021-05-21 12:00:00,NSE:SHIL,331.0,331.0,331.0,331.0,2001.0
2021-05-21 12:15:00,NSE:SHIL,331.0,331.0,331.0,331.0,365.0
2021-05-21 12:30:00,NSE:SHIL,331.0,331.0,331.0,331.0,528.0
2021-05-21 12:45:00,NSE:SHIL,331.0,331.0,331.0,331.0,335.0
2021-05-21 13:00:00,NSE:SHIL,331.0,331.0,331.0,331.0,141.0
2021-05-21 13:15:00,NSE:SHIL,331.0,331.0,331.0,331.0,2002.0
2021-05-21 13:30:00,NSE:SHIL,331.0,331.0,331.0,331.0,2.0
2021-05-21 13:45:00,NSE:SHIL,331.0,331.0,331.0,331.0,253.0
2021-05-21 14:00:00,NSE:SHIL,331.0,331.0,331.0,331.0,325.0
2021-05-21 14:15:00,NSE:SHIL,331.0,331.0,331.0,331.0,24.0
2021-05-21 14:30:00,NSE:SHIL,331.0,331.0,331.0,331.0,330.0
2021-05-21 14:45:00,NSE:SHIL,331.0,331.0,331.0,331.0,153.0
2021-05-21 15:00:00,NSE:SHIL,331.0,331.0,331.0,331.0,179.0
2021-05-21 15:15:00,NSE:SHIL,331.0,331.0,331.0,331.0,505.0
2021-05-24 09:00:00,NSE:SHIL,330.0,330.0,330.0,330.0,1527.0
2021-05-24 09:15:00,NSE:SHIL,329.05,338.0,329.0,335.2,20800.0
2021-05-24 09:30:00,NSE:SHIL,334.75,335.0,318.55,320.15,19807.0
2021-05-24 09:45:00,NSE:SHIL,319.95,321.5,315.2,320.0,13161.0
2021-05-24 10:00:00,NSE:SHIL,320.7,323.0,320.7,322.85,2365.0
2021-05-24 10:15:00,NSE:SHIL,323.6,325.75,322.45,324.5,5073.0
2021-05-24 10:30:00,NSE:SHIL,325.7,334.8,325.7,329.1,8915.0
2021-05-24 10:45:00,NSE:SHIL,330.0,334.95,327.35,332.5,4606.0
2021-05-24 11:00:00,NSE:SHIL,332.5,334.0,331.0,333.55,4116.0
2021-05-24 11:15:00,NSE:SHIL,333.7,335.0,332.0,334.0,4434.0
2021-05-24 11:30:00,NSE:SHIL,335.9,336.0,333.4,335.55,5272.0
2021-05-24 11:45:00,NSE:SHIL,335.9,338.0,335.3,336.5,4459.0
2021-05-24 12:00:00,NSE:SHIL,336.1,338.0,334.1,336.5,2670.0
2021-05-24 12:15:00,NSE:SHIL,338.0,338.0,337.0,337.25,1331.0
2021-05-24 12:30:00,NSE:SHIL,337.4,337.95,335.45,335.5,2560.0
2021-05-24 12:45:00,NSE:SHIL,335.7,337.25,335.7,336.45,1741.0
2021-05-24 13:00:00,NSE:SHIL,337.9,337.95,337.0,337.0,3043.0
2021-05-24 13:15:00,NSE:SHIL,337.75,339.5,337.0,339.5,5362.0
2021-05-24 13:30:00,NSE:SHIL,339.5,347.55,338.45,347.55,28177.0
2021-05-24 13:45:00,NSE:SHIL,347.55,347.55,347.55,347.55,3449.0
2021-05-24 14:00:00,NSE:SHIL,347.55,347.55,347.55,347.55,1365.0
2021-05-24 14:15:00,NSE:SHIL,347.55,347.55,347.55,347.55,339.0
2021-05-24 14:30:00,NSE:SHIL,347.55,347.55,347.55,347.55,475.0
2021-05-24 14:45:00,NSE:SHIL,347.55,347.55,347.55,347.55,971.0
2021-05-24 15:00:00,NSE:SHIL,347.55,347.55,347.55,347.55,1000.0
2021-05-24 15:15:00,NSE:SHIL,347.55,347.55,347.55,347.55,583.0
2021-05-25 09:00:00,NSE:SHIL,364.85,364.85,364.85,364.85,3903.0
2021-05-25 09:15:00,NSE:SHIL,355.5,362.9,352.6,356.0,19451.0
2021-05-25 09:30:00,NSE:SHIL,357.6,359.8,354.0,356.6,14503.0
2021-05-25 09:45:00,NSE:SHIL,356.65,358.75,356.0,356.85,5923.0
2021-05-25 10:00:00,NSE:SHIL,357.0,358.1,356.0,357.25,6212.0
2021-05-25 10:15:00,NSE:SHIL,357.5,359.0,357.0,357.5,2917.0
2021-05-25 10:30:00,NSE:SHIL,357.95,357.95,356.55,356.55,1313.0
2021-05-25 10:45:00,NSE:SHIL,356.55,357.5,356.0,357.0,4487.0
2021-05-25 11:00:00,NSE:SHIL,357.0,357.5,354.05,355.1,3045.0
2021-05-25 11:15:00,NSE:SHIL,355.05,355.7,351.4,352.5,3556.0
2021-05-25 11:30:00,NSE:SHIL,353.45,357.25,352.0,357.25,5151.0
2021-05-25 11:45:00,NSE:SHIL,356.3,357.4,354.55,355.5,2239.0
2021-05-25 12:00:00,NSE:SHIL,355.05,355.5,353.15,353.95,3725.0
2021-05-25 12:15:00,NSE:SHIL,353.0,354.75,353.0,353.55,1143.0
2021-05-25 12:30:00,NSE:SHIL,353.0,354.35,352.0,353.2,5222.0
2021-05-25 12:45:00,NSE:SHIL,354.2,354.2,352.0,354.0,2742.0
2021-05-25 13:00:00,NSE:SHIL,354.0,354.0,353.0,353.6,2576.0
2021-05-25 13:15:00,NSE:SHIL,353.55,353.85,352.8,353.75,2225.0
2021-05-25 13:30:00,NSE:SHIL,353.7,353.8,352.0,352.65,1743.0
2021-05-25 13:45:00,NSE:SHIL,350.0,350.0,343.15,344.0,12044.0
2021-05-25 14:00:00,NSE:SHIL,343.95,349.4,342.0,347.65,6857.0
2021-05-25 14:15:00,NSE:SHIL,349.9,351.9,347.0,348.25,2364.0
2021-05-25 14:30:00,NSE:SHIL,348.95,353.95,347.55,350.9,6049.0
2021-05-25 14:45:00,NSE:SHIL,351.3,353.3,349.05,352.9,4404.0
2021-05-25 15:00:00,NSE:SHIL,352.8,359.0,352.0,356.4,7173.0
2021-05-25 15:15:00,NSE:SHIL,356.4,357.45,346.0,352.0,17182.0
2021-05-25 15:30:00,NSE:SHIL,351.5,353.6,351.5,353.6,50.0
2021-05-25 15:45:00,NSE:SHIL,353.6,353.6,353.6,353.6,10.0
2021-05-26 09:00:00,NSE:SHIL,356.0,356.0,356.0,356.0,67.0
2021-05-26 09:15:00,NSE:SHIL,359.5,359.5,353.5,358.2,15360.0
2021-05-26 09:30:00,NSE:SHIL,359.95,359.95,358.0,358.0,2700.0
2021-05-26 09:45:00,NSE:SHIL,356.0,356.0,351.0,352.2,5352.0
2021-05-26 10:00:00,NSE:SHIL,353.1,354.95,351.15,351.4,3908.0
2021-05-26 10:15:00,NSE:SHIL,351.5,354.75,351.5,351.6,2983.0
2021-05-26 10:30:00,NSE:SHIL,351.8,353.1,345.1,351.45,10340.0
2021-05-26 10:45:00,NSE:SHIL,351.4,351.4,347.45,349.9,1302.0
2021-05-26 11:00:00,NSE:SHIL,348.25,349.3,348.2,348.3,2022.0
2021-05-26 11:15:00,NSE:SHIL,348.75,349.0,347.0,349.0,3928.0
2021-05-26 11:30:00,NSE:SHIL,349.0,349.55,347.15,349.55,2225.0
2021-05-26 11:45:00,NSE:SHIL,349.6,349.6,346.4,348.05,2063.0
2021-05-26 12:00:00,NSE:SHIL,347.2,348.2,346.5,347.0,2084.0
2021-05-26 12:15:00,NSE:SHIL,346.8,346.8,342.55,343.5,4757.0
2021-05-26 12:30:00,NSE:SHIL,344.0,345.25,342.0,345.25,7467.0
2021-05-26 12:45:00,NSE:SHIL,345.75,347.95,345.75,347.95,3707.0
2021-05-26 13:00:00,NSE:SHIL,347.95,348.0,344.3,347.9,2605.0
2021-05-26 13:15:00,NSE:SHIL,345.15,347.75,345.15,346.2,834.0
2021-05-26 13:30:00,NSE:SHIL,345.85,347.55,345.85,346.9,760.0
2021-05-26 13:45:00,NSE:SHIL,346.9,346.95,345.2,345.3,851.0
2021-05-26 14:00:00,NSE:SHIL,345.4,349.85,345.4,349.0,1819.0
2021-05-26 14:15:00,NSE:SHIL,346.75,349.9,346.75,349.9,568.0
2021-05-26 14:30:00,NSE:SHIL,349.8,349.8,344.3,346.75,3498.0
2021-05-26 14:45:00,NSE:SHIL,344.75,347.25,344.0,344.0,2378.0
2021-05-26 15:00:00,NSE:SHIL,343.25,345.95,341.45,342.0,6160.0
2021-05-26 15:15:00,NSE:SHIL,341.95,343.0,335.95,335.95,25411.0
2021-05-26 15:30:00,NSE:SHIL,339.25,339.25,335.95,339.25,15.0
2021-05-26 15:45:00,NSE:SHIL,339.25,339.25,339.25,339.25,240.0
2021-05-27 09:00:00,NSE:SHIL,345.0,345.0,345.0,345.0,6907.0
2021-05-27 09:15:00,NSE:SHIL,344.0,356.2,340.35,345.9,77479.0
2021-05-27 09:30:00,NSE:SHIL,346.0,346.0,341.0,341.3,18812.0
2021-05-27 09:45:00,NSE:SHIL,341.1,342.25,322.35,329.6,39706.0
2021-05-27 10:00:00,NSE:SHIL,330.0,336.0,329.05,330.0,11815.0
2021-05-27 10:15:00,NSE:SHIL,332.95,335.3,330.55,335.0,3606.0
2021-05-27 10:30:00,NSE:SHIL,335.0,336.0,333.0,335.55,4108.0
2021-05-27 10:45:00,NSE:SHIL,335.8,336.0,335.0,336.0,1317.0
2021-05-27 11:00:00,NSE:SHIL,336.0,337.0,335.8,336.85,7008.0
2021-05-27 11:15:00,NSE:SHIL,336.55,341.25,336.5,339.9,9032.0
2021-05-27 11:30:00,NSE:SHIL,339.4,340.0,337.0,337.0,3926.0
2021-05-27 11:45:00,NSE:SHIL,334.7,335.3,333.5,334.15,8370.0
2021-05-27 12:00:00,NSE:SHIL,334.1,335.0,334.1,334.15,2208.0
2021-05-27 12:15:00,NSE:SHIL,334.85,334.95,333.0,334.0,2860.0
2021-05-27 12:30:00,NSE:SHIL,333.8,333.9,333.0,333.85,827.0
2021-05-27 12:45:00,NSE:SHIL,333.35,334.9,333.0,334.85,2142.0
2021-05-27 13:00:00,NSE:SHIL,334.0,334.0,330.0,330.95,6250.0
2021-05-27 13:15:00,NSE:SHIL,330.95,333.35,330.65,331.85,2087.0
2021-05-27 13:30:00,NSE:SHIL,332.9,333.45,332.1,332.6,1620.0
2021-05-27 13:45:00,NSE:SHIL,332.95,333.5,332.5,333.0,1686.0
2021-05-27 14:00:00,NSE:SHIL,333.0,334.0,331.1,332.3,3693.0
2021-05-27 14:15:00,NSE:SHIL,331.8,332.85,330.25,332.0,4395.0
2021-05-27 14:30:00,NSE:SHIL,332.4,333.0,331.0,331.2,5077.0
2021-05-27 14:45:00,NSE:SHIL,331.65,332.0,330.0,331.95,4091.0
2021-05-27 15:00:00,NSE:SHIL,331.95,333.4,327.0,330.55,8034.0
2021-05-27 15:15:00,NSE:SHIL,329.8,330.0,326.8,330.0,18445.0
2021-05-27 15:30:00,NSE:SHIL,332.0,332.0,332.0,332.0,96.0
2021-05-27 15:45:00,NSE:SHIL,328.9,332.0,328.9,332.0,82.0
2021-05-28 09:00:00,NSE:SHIL,334.0,334.0,334.0,334.0,1763.0
2021-05-28 09:15:00,NSE:SHIL,334.0,335.0,330.8,334.3,6927.0
2021-05-28 09:30:00,NSE:SHIL,333.85,333.85,328.05,329.55,4057.0
2021-05-28 09:45:00,NSE:SHIL,329.9,330.55,327.65,328.15,2845.0
2021-05-28 10:00:00,NSE:SHIL,328.15,329.65,328.15,329.0,1073.0
2021-05-28 10:15:00,NSE:SHIL,329.0,329.0,325.5,327.85,3172.0
2021-05-28 10:30:00,NSE:SHIL,327.5,330.0,325.55,329.35,3891.0
2021-05-28 10:45:00,NSE:SHIL,329.7,332.5,329.05,332.5,7328.0
2021-05-28 11:00:00,NSE:SHIL,332.4,333.0,330.05,331.25,6686.0
2021-05-28 11:15:00,NSE:SHIL,331.0,331.0,328.75,331.0,2017.0
2021-05-28 11:30:00,NSE:SHIL,331.0,331.0,327.8,329.05,3618.0
2021-05-28 11:45:00,NSE:SHIL,328.7,329.25,328.0,328.85,3612.0
2021-05-28 12:00:00,NSE:SHIL,330.0,330.0,328.35,330.0,2589.0
2021-05-28 12:15:00,NSE:SHIL,330.0,330.0,328.55,329.25,941.0
2021-05-28 12:30:00,NSE:SHIL,329.6,330.0,329.05,329.6,2127.0
2021-05-28 12:45:00,NSE:SHIL,329.0,329.55,329.0,329.55,1697.0
2021-05-28 13:00:00,NSE:SHIL,329.55,330.8,328.1,329.45,3415.0
2021-05-28 13:15:00,NSE:SHIL,328.55,331.7,328.55,329.6,3449.0
2021-05-28 13:30:00,NSE:SHIL,329.9,330.95,329.9,330.1,3966.0
2021-05-28 13:45:00,NSE:SHIL,330.7,330.7,329.35,329.95,1256.0
2021-05-28 14:00:00,NSE:SHIL,329.55,330.0,329.0,329.25,994.0
2021-05-28 14:15:00,NSE:SHIL,329.25,329.8,327.5,327.5,3246.0
2021-05-28 14:30:00,NSE:SHIL,327.5,329.0,325.1,325.15,7883.0
2021-05-28 14:45:00,NSE:SHIL,325.1,329.0,325.0,327.7,7410.0
2021-05-28 15:00:00,NSE:SHIL,327.7,329.0,323.0,328.0,8695.0
2021-05-28 15:15:00,NSE:SHIL,328.0,329.0,318.8,326.0,26302.0
2021-05-28 15:30:00,NSE:SHIL,324.35,324.35,324.35,324.35,30.0
2021-05-28 15:45:00,NSE:SHIL,324.35,326.0,324.35,324.35,200.0
2021-05-31 09:00:00,NSE:SHIL,320.65,320.65,320.65,320.65,290.0
2021-05-31 09:15:00,NSE:SHIL,320.0,324.0,312.0,316.3,18313.0
2021-05-31 09:30:00,NSE:SHIL,316.9,316.9,308.25,315.3,35252.0
2021-05-31 09:45:00,NSE:SHIL,315.0,316.85,315.0,316.0,6932.0
2021-05-31 10:00:00,NSE:SHIL,314.65,317.0,314.25,316.75,6315.0
2021-05-31 10:15:00,NSE:SHIL,316.7,316.75,315.05,315.75,4329.0
2021-05-31 10:30:00,NSE:SHIL,316.0,316.0,313.0,314.0,6839.0
2021-05-31 10:45:00,NSE:SHIL,314.0,314.9,313.7,314.05,2432.0
2021-05-31 11:00:00,NSE:SHIL,314.0,319.45,314.0,317.6,7883.0
2021-05-31 11:15:00,NSE:SHIL,318.4,318.4,315.5,315.5,12376.0
2021-05-31 11:30:00,NSE:SHIL,316.0,316.45,314.4,314.4,15652.0
2021-05-31 11:45:00,NSE:SHIL,314.35,314.35,313.0,313.0,4537.0
2021-05-31 12:00:00,NSE:SHIL,313.9,314.85,313.0,313.55,3306.0
2021-05-31 12:15:00,NSE:SHIL,313.95,314.45,313.0,313.0,5184.0
2021-05-31 12:30:00,NSE:SHIL,312.85,313.9,312.4,313.9,1974.0
2021-05-31 12:45:00,NSE:SHIL,313.8,315.6,313.5,314.4,10454.0
2021-05-31 13:00:00,NSE:SHIL,314.05,317.5,314.05,317.5,13783.0
2021-05-31 13:15:00,NSE:SHIL,317.1,317.2,315.1,316.25,3632.0
2021-05-31 13:30:00,NSE:SHIL,316.25,323.25,314.5,322.95,12826.0
2021-05-31 13:45:00,NSE:SHIL,322.85,323.9,318.8,320.0,12782.0
2021-05-31 14:00:00,NSE:SHIL,319.5,322.0,319.25,320.0,15268.0
2021-05-31 14:15:00,NSE:SHIL,320.0,320.75,319.3,319.3,4174.0
2021-05-31 14:30:00,NSE:SHIL,319.15,319.9,319.05,319.35,2173.0
2021-05-31 14:45:00,NSE:SHIL,320.0,320.0,317.2,317.2,10790.0
2021-05-31 15:00:00,NSE:SHIL,318.0,318.25,316.2,317.4,4914.0
2021-05-31 15:15:00,NSE:SHIL,317.65,317.65,315.3,316.85,9152.0
2021-06-01 09:00:00,NSE:SHIL,323.0,323.0,323.0,323.0,421.0
2021-06-01 09:15:00,NSE:SHIL,323.0,328.25,317.55,328.1,38456.0
2021-06-01 09:30:00,NSE:SHIL,328.8,332.55,328.0,332.55,35344.0
2021-06-01 09:45:00,NSE:SHIL,332.55,332.55,330.0,330.0,22030.0
2021-06-01 10:00:00,NSE:SHIL,330.5,332.55,330.0,332.55,9727.0
2021-06-01 10:15:00,NSE:SHIL,332.55,332.55,332.55,332.55,5344.0
2021-06-01 10:30:00,NSE:SHIL,332.55,332.55,327.85,327.9,21925.0
2021-06-01 10:45:00,NSE:SHIL,327.85,331.0,326.25,329.0,5540.0
2021-06-01 11:00:00,NSE:SHIL,328.05,328.05,324.2,326.0,6367.0
2021-06-01 11:15:00,NSE:SHIL,325.8,326.8,324.0,325.75,3327.0
2021-06-01 11:30:00,NSE:SHIL,325.7,326.0,324.2,324.5,1994.0
2021-06-01 11:45:00,NSE:SHIL,324.55,324.6,320.0,320.05,7789.0
2021-06-01 12:00:00,NSE:SHIL,320.15,324.5,319.55,324.5,11205.0
2021-06-01 12:15:00,NSE:SHIL,324.5,327.9,323.3,326.05,7977.0
2021-06-01 12:30:00,NSE:SHIL,325.1,327.8,325.0,326.95,2320.0
2021-06-01 12:45:00,NSE:SHIL,327.0,327.0,325.0,325.0,4959.0
2021-06-01 13:00:00,NSE:SHIL,325.95,326.0,321.0,321.0,8606.0
2021-06-01 13:15:00,NSE:SHIL,322.6,322.6,319.4,320.0,6012.0
2021-06-01 13:30:00,NSE:SHIL,320.0,320.9,318.35,319.0,2928.0
2021-06-01 13:45:00,NSE:SHIL,319.0,319.0,318.7,319.0,2070.0
2021-06-01 14:00:00,NSE:SHIL,319.0,319.0,317.05,317.9,2484.0
2021-06-01 14:15:00,NSE:SHIL,317.9,318.0,317.0,318.0,3025.0
2021-06-01 14:30:00,NSE:SHIL,318.2,320.0,316.75,319.95,7521.0
2021-06-01 14:45:00,NSE:SHIL,320.0,320.0,317.15,318.45,2738.0
2021-06-01 15:00:00,NSE:SHIL,319.1,320.9,319.1,319.35,3653.0
2021-06-01 15:15:00,NSE:SHIL,319.7,319.95,317.35,317.95,6856.0
2021-06-01 15:45:00,NSE:SHIL,319.0,319.0,317.95,317.95,379.0
2021-06-02 09:00:00,NSE:SHIL,325.0,325.0,325.0,325.0,75.0
2021-06-02 09:15:00,NSE:SHIL,325.0,325.8,315.6,317.9,6865.0
2021-06-02 09:30:00,NSE:SHIL,317.5,317.7,316.5,317.0,5541.0
2021-06-02 09:45:00,NSE:SHIL,317.0,318.75,311.1,317.5,11318.0
2021-06-02 10:00:00,NSE:SHIL,317.5,317.5,313.0,316.6,6220.0
2021-06-02 10:15:00,NSE:SHIL,316.65,318.0,316.35,317.9,3189.0
2021-06-02 10:30:00,NSE:SHIL,317.9,318.4,317.9,318.25,3717.0
2021-06-02 10:45:00,NSE:SHIL,318.25,318.25,313.0,317.7,6287.0
2021-06-02 11:00:00,NSE:SHIL,318.1,318.25,316.1,317.6,2345.0
2021-06-02 11:15:00,NSE:SHIL,317.75,318.05,315.45,316.6,1530.0
2021-06-02 11:30:00,NSE:SHIL,317.0,317.0,315.9,316.1,586.0
2021-06-02 11:45:00,NSE:SHIL,317.0,317.65,315.9,317.65,1231.0
2021-06-02 12:00:00,NSE:SHIL,317.65,317.65,317.0,317.05,1130.0
2021-06-02 12:15:00,NSE:SHIL,317.65,317.85,317.1,317.85,2506.0
2021-06-02 12:30:00,NSE:SHIL,318.1,322.0,318.1,321.55,3018.0
2021-06-02 12:45:00,NSE:SHIL,321.6,321.85,314.4,316.95,18240.0
2021-06-02 13:00:00,NSE:SHIL,317.05,317.05,315.25,315.65,3312.0
2021-06-02 13:15:00,NSE:SHIL,315.65,316.75,315.45,316.6,4327.0
2021-06-02 13:30:00,NSE:SHIL,316.7,316.8,315.6,316.7,3213.0
2021-06-02 13:45:00,NSE:SHIL,316.75,318.7,316.65,318.5,2643.0
2021-06-02 14:00:00,NSE:SHIL,318.5,319.7,317.95,318.95,1755.0
2021-06-02 14:15:00,NSE:SHIL,318.9,318.9,317.5,318.5,1271.0
2021-06-02 14:30:00,NSE:SHIL,318.5,318.7,317.5,317.5,266.0
2021-06-02 14:45:00,NSE:SHIL,317.9,320.0,317.3,320.0,2084.0
2021-06-02 15:00:00,NSE:SHIL,320.9,324.9,320.75,323.8,10785.0
2021-06-02 15:15:00,NSE:SHIL,324.45,324.45,320.0,320.0,9877.0
2021-06-03 09:00:00,NSE:SHIL,325.0,325.0,325.0,325.0,477.0
2021-06-03 09:15:00,NSE:SHIL,327.8,329.0,321.1,323.7,7485.0
2021-06-03 09:30:00,NSE:SHIL,323.7,324.7,322.9,322.9,2460.0
2021-06-03 09:45:00,NSE:SHIL,323.35,324.0,323.0,323.35,1698.0
2021-06-03 10:00:00,NSE:SHIL,323.4,323.95,323.0,323.75,1995.0
2021-06-03 10:15:00,NSE:SHIL,323.25,323.9,320.1,323.0,12300.0
2021-06-03 10:30:00,NSE:SHIL,323.4,323.5,312.6,318.05,17328.0
2021-06-03 10:45:00,NSE:SHIL,318.75,321.0,318.15,320.0,2026.0
2021-06-03 11:00:00,NSE:SHIL,319.95,320.0,319.0,319.65,882.0
2021-06-03 11:15:00,NSE:SHIL,319.7,319.7,319.1,319.35,1644.0
2021-06-03 11:30:00,NSE:SHIL,319.3,321.9,319.15,321.0,6116.0
2021-06-03 11:45:00,NSE:SHIL,321.0,321.9,321.0,321.45,1834.0
2021-06-03 12:00:00,NSE:SHIL,321.1,322.2,320.05,320.9,3347.0
2021-06-03 12:15:00,NSE:SHIL,320.35,323.9,318.55,323.8,13564.0
2021-06-03 12:30:00,NSE:SHIL,323.5,323.5,320.1,321.9,2565.0
2021-06-03 12:45:00,NSE:SHIL,321.9,322.95,321.05,321.05,3420.0
2021-06-03 13:00:00,NSE:SHIL,321.05,322.45,320.05,320.7,1922.0
2021-06-03 13:15:00,NSE:SHIL,320.5,321.0,320.0,320.8,2455.0
2021-06-03 13:30:00,NSE:SHIL,320.8,320.8,320.0,320.25,1957.0
2021-06-03 13:45:00,NSE:SHIL,320.75,321.0,320.0,320.0,1706.0
2021-06-03 14:00:00,NSE:SHIL,320.0,320.95,319.5,319.5,1998.0
2021-06-03 14:15:00,NSE:SHIL,320.15,320.5,320.0,320.0,3136.0
2021-06-03 14:30:00,NSE:SHIL,320.0,320.0,318.6,319.75,1829.0
2021-06-03 14:45:00,NSE:SHIL,319.0,320.5,318.65,320.5,2759.0
2021-06-03 15:00:00,NSE:SHIL,321.0,321.9,319.5,320.0,5013.0
2021-06-03 15:15:00,NSE:SHIL,319.95,320.5,317.3,318.0,9571.0
2021-06-04 09:00:00,NSE:SHIL,322.0,322.0,322.0,322.0,285.0
2021-06-04 09:15:00,NSE:SHIL,322.0,326.3,319.1,323.35,7579.0
2021-06-04 09:30:00,NSE:SHIL,323.8,324.0,322.0,322.2,4681.0
2021-06-04 09:45:00,NSE:SHIL,321.7,323.0,314.0,321.75,22847.0
2021-06-04 10:00:00,NSE:SHIL,321.25,322.0,320.15,321.9,2686.0
2021-06-04 10:15:00,NSE:SHIL,321.25,321.25,319.45,320.0,1990.0
2021-06-04 10:30:00,NSE:SHIL,320.0,321.05,319.75,321.05,2592.0
2021-06-04 10:45:00,NSE:SHIL,321.05,321.25,319.75,320.8,1944.0
2021-06-04 11:00:00,NSE:SHIL,320.75,321.25,319.9,320.0,2115.0
2021-06-04 11:15:00,NSE:SHIL,319.85,320.0,319.2,319.2,2518.0
2021-06-04 11:30:00,NSE:SHIL,319.35,320.0,319.3,320.0,789.0
2021-06-04 11:45:00,NSE:SHIL,320.0,320.85,320.0,320.4,1739.0
2021-06-04 12:00:00,NSE:SHIL,320.4,322.9,320.4,322.0,5977.0
2021-06-04 12:15:00,NSE:SHIL,321.5,322.0,321.15,321.4,1515.0
2021-06-04 12:30:00,NSE:SHIL,321.4,322.0,321.35,321.35,4565.0
2021-06-04 12:45:00,NSE:SHIL,321.6,322.9,321.25,322.9,4285.0
2021-06-04 13:00:00,NSE:SHIL,322.9,328.25,322.5,326.65,12941.0
2021-06-04 13:15:00,NSE:SHIL,326.65,333.0,326.65,330.0,18754.0
2021-06-04 13:30:00,NSE:SHIL,329.5,335.8,329.0,334.25,45504.0
2021-06-04 13:45:00,NSE:SHIL,334.4,335.8,334.05,335.0,22724.0
2021-06-04 14:00:00,NSE:SHIL,335.0,335.8,334.25,335.75,18567.0
2021-06-04 14:15:00,NSE:SHIL,335.75,335.8,334.2,335.6,4141.0
2021-06-04 14:30:00,NSE:SHIL,335.8,335.8,335.15,335.8,2452.0
2021-06-04 14:45:00,NSE:SHIL,335.8,335.8,335.8,335.8,724.0
2021-06-04 15:00:00,NSE:SHIL,335.8,335.8,335.8,335.8,1393.0
2021-06-04 15:15:00,NSE:SHIL,335.8,335.8,335.8,335.8,947.0
2021-06-04 15:30:00,NSE:SHIL,335.8,335.8,335.8,335.8,2.0
2021-06-07 09:00:00,NSE:SHIL,345.0,345.0,345.0,345.0,3092.0
2021-06-07 09:15:00,NSE:SHIL,345.0,352.55,343.95,352.55,73752.0
2021-06-07 09:30:00,NSE:SHIL,352.55,352.55,351.0,352.5,25723.0
2021-06-07 09:45:00,NSE:SHIL,352.5,352.55,352.05,352.55,9961.0
2021-06-07 10:00:00,NSE:SHIL,352.55,352.55,352.55,352.55,1075.0
2021-06-07 10:15:00,NSE:SHIL,352.55,352.55,352.55,352.55,5586.0
2021-06-07 10:30:00,NSE:SHIL,352.55,352.55,352.55,352.55,7350.0
2021-06-07 10:45:00,NSE:SHIL,352.55,352.55,352.55,352.55,1301.0
2021-06-07 11:00:00,NSE:SHIL,352.55,352.55,352.55,352.55,2955.0
2021-06-07 11:15:00,NSE:SHIL,352.55,352.55,352.55,352.55,2130.0
2021-06-07 11:30:00,NSE:SHIL,352.55,352.55,352.55,352.55,645.0
2021-06-07 11:45:00,NSE:SHIL,352.55,352.55,352.55,352.55,446.0
2021-06-07 12:00:00,NSE:SHIL,352.55,352.55,352.55,352.55,305.0
2021-06-07 12:15:00,NSE:SHIL,352.55,352.55,352.55,352.55,234.0
2021-06-07 12:30:00,NSE:SHIL,352.55,352.55,352.55,352.55,733.0
2021-06-07 12:45:00,NSE:SHIL,352.55,352.55,352.55,352.55,547.0
2021-06-07 13:00:00,NSE:SHIL,352.55,352.55,352.55,352.55,473.0
2021-06-07 13:15:00,NSE:SHIL,352.55,352.55,352.55,352.55,315.0
2021-06-07 13:30:00,NSE:SHIL,352.55,352.55,352.55,352.55,855.0
2021-06-07 13:45:00,NSE:SHIL,352.55,352.55,352.55,352.55,11.0
2021-06-07 14:00:00,NSE:SHIL,352.55,352.55,352.55,352.55,1037.0
2021-06-07 14:15:00,NSE:SHIL,352.55,352.55,352.55,352.55,175.0
2021-06-07 14:30:00,NSE:SHIL,352.55,352.55,352.55,352.55,47.0
2021-06-07 14:45:00,NSE:SHIL,352.55,352.55,352.55,352.55,58.0
2021-06-07 15:00:00,NSE:SHIL,352.55,352.55,352.55,352.55,850.0
2021-06-07 15:15:00,NSE:SHIL,352.55,352.55,352.55,352.55,369.0
2021-06-07 15:30:00,NSE:SHIL,352.55,352.55,352.55,352.55,50.0
2021-06-08 09:00:00,NSE:SHIL,363.0,363.0,363.0,363.0,5452.0
2021-06-08 09:15:00,NSE:SHIL,360.0,364.0,355.0,362.0,55144.0
2021-06-08 09:30:00,NSE:SHIL,361.45,362.8,359.9,361.45,25143.0
2021-06-08 09:45:00,NSE:SHIL,361.45,362.5,360.0,360.75,13999.0
2021-06-08 10:00:00,NSE:SHIL,360.05,362.0,360.0,361.6,10043.0
2021-06-08 10:15:00,NSE:SHIL,361.6,363.5,360.5,363.5,7575.0
2021-06-08 10:30:00,NSE:SHIL,363.5,363.5,360.55,363.45,3685.0
2021-06-08 10:45:00,NSE:SHIL,363.5,369.0,363.15,369.0,13026.0
2021-06-08 11:00:00,NSE:SHIL,368.1,370.15,368.1,370.15,19030.0
2021-06-08 11:15:00,NSE:SHIL,370.15,370.15,370.15,370.15,2643.0
2021-06-08 11:30:00,NSE:SHIL,370.15,370.15,370.15,370.15,1077.0
2021-06-08 11:45:00,NSE:SHIL,370.15,370.15,370.15,370.15,1004.0
2021-06-08 12:00:00,NSE:SHIL,370.15,370.15,370.15,370.15,288.0
2021-06-08 12:15:00,NSE:SHIL,370.15,370.15,370.15,370.15,1530.0
2021-06-08 12:30:00,NSE:SHIL,370.15,370.15,370.15,370.15,6220.0
2021-06-08 12:45:00,NSE:SHIL,370.15,370.15,370.15,370.15,12934.0
2021-06-08 13:00:00,NSE:SHIL,370.15,370.15,370.15,370.15,435.0
2021-06-08 13:15:00,NSE:SHIL,370.15,370.15,370.15,370.15,4334.0
2021-06-08 13:30:00,NSE:SHIL,370.15,370.15,370.15,370.15,242.0
2021-06-08 13:45:00,NSE:SHIL,370.15,370.15,370.15,370.15,263.0
2021-06-08 14:00:00,NSE:SHIL,370.15,370.15,370.15,370.15,255.0
2021-06-08 14:15:00,NSE:SHIL,370.15,370.15,370.15,370.15,685.0
2021-06-08 14:30:00,NSE:SHIL,370.15,370.15,370.15,370.15,58.0
2021-06-08 14:45:00,NSE:SHIL,370.15,370.15,370.15,370.15,58.0
2021-06-08 15:00:00,NSE:SHIL,370.15,370.15,370.15,370.15,607.0
2021-06-08 15:15:00,NSE:SHIL,370.15,370.15,370.15,370.15,793.0
2021-06-08 15:45:00,NSE:SHIL,370.15,370.15,370.15,370.15,1.0
2021-06-09 09:00:00,NSE:SHIL,365.6,365.6,365.6,365.6,626.0
2021-06-09 09:15:00,NSE:SHIL,365.0,368.5,353.55,368.4,9753.0
2021-06-09 09:30:00,NSE:SHIL,364.0,370.0,364.0,365.0,6961.0
2021-06-09 09:45:00,NSE:SHIL,365.0,367.9,364.0,367.4,6930.0
2021-06-09 10:00:00,NSE:SHIL,367.4,367.9,365.0,366.95,4425.0
2021-06-09 10:15:00,NSE:SHIL,366.95,367.0,365.0,366.8,2069.0
2021-06-09 10:30:00,NSE:SHIL,366.8,367.6,365.0,365.0,3089.0
2021-06-09 10:45:00,NSE:SHIL,365.0,367.4,364.1,366.0,1586.0
2021-06-09 11:00:00,NSE:SHIL,366.0,367.4,362.3,366.75,2491.0
2021-06-09 11:15:00,NSE:SHIL,366.0,366.0,360.5,365.0,1999.0
2021-06-09 11:30:00,NSE:SHIL,364.8,364.8,361.0,363.0,1951.0
2021-06-09 11:45:00,NSE:SHIL,363.0,363.0,351.65,351.65,10302.0
2021-06-09 12:00:00,NSE:SHIL,351.65,351.65,351.65,351.65,5278.0
2021-06-09 12:15:00,NSE:SHIL,351.65,351.65,351.65,351.65,8012.0
2021-06-09 12:30:00,NSE:SHIL,351.65,351.65,351.65,351.65,1106.0
2021-06-09 12:45:00,NSE:SHIL,351.65,351.65,351.65,351.65,3049.0
2021-06-09 13:00:00,NSE:SHIL,351.65,351.65,351.65,351.65,298.0
2021-06-09 13:15:00,NSE:SHIL,351.65,351.65,351.65,351.65,1114.0
2021-06-09 13:30:00,NSE:SHIL,351.65,351.65,351.65,351.65,282.0
2021-06-09 13:45:00,NSE:SHIL,351.65,351.65,351.65,351.65,171.0
2021-06-09 14:00:00,NSE:SHIL,351.65,351.65,351.65,351.65,69.0
2021-06-09 14:15:00,NSE:SHIL,351.65,351.65,351.65,351.65,920.0
2021-06-09 14:30:00,NSE:SHIL,351.65,351.65,351.65,351.65,324.0
2021-06-09 14:45:00,NSE:SHIL,351.65,351.85,351.65,351.65,13085.0
2021-06-09 15:00:00,NSE:SHIL,351.65,359.8,351.65,358.0,5701.0
2021-06-09 15:15:00,NSE:SHIL,357.95,358.5,352.5,352.55,7795.0
2021-06-09 15:30:00,NSE:SHIL,353.0,353.0,353.0,353.0,10.0
2021-06-10 09:00:00,NSE:SHIL,352.0,352.0,352.0,352.0,31.0
2021-06-10 09:15:00,NSE:SHIL,351.0,368.4,351.0,359.5,4035.0
2021-06-10 09:30:00,NSE:SHIL,359.5,359.8,351.1,352.0,10441.0
2021-06-10 09:45:00,NSE:SHIL,358.0,358.0,341.1,348.5,11649.0
2021-06-10 10:00:00,NSE:SHIL,348.45,352.0,342.0,351.95,10856.0
2021-06-10 10:15:00,NSE:SHIL,352.0,354.7,351.95,354.7,3156.0
2021-06-10 10:30:00,NSE:SHIL,353.0,356.5,353.0,356.5,945.0
2021-06-10 10:45:00,NSE:SHIL,356.5,356.5,352.1,356.5,1218.0
2021-06-10 11:00:00,NSE:SHIL,356.5,356.5,352.15,352.15,1014.0
2021-06-10 11:15:00,NSE:SHIL,352.15,355.0,352.15,354.5,401.0
2021-06-10 11:30:00,NSE:SHIL,352.15,352.2,352.15,352.15,727.0
2021-06-10 11:45:00,NSE:SHIL,352.1,354.1,352.0,353.5,863.0
2021-06-10 12:00:00,NSE:SHIL,353.5,354.45,350.0,350.0,2720.0
2021-06-10 12:15:00,NSE:SHIL,350.0,350.0,345.1,346.1,1142.0
2021-06-10 12:30:00,NSE:SHIL,349.0,349.0,347.0,347.7,2060.0
2021-06-10 12:45:00,NSE:SHIL,347.7,350.0,347.7,350.0,631.0
2021-06-10 13:00:00,NSE:SHIL,348.0,350.95,345.0,345.0,4314.0
2021-06-10 13:15:00,NSE:SHIL,345.0,354.25,345.0,351.0,1283.0
2021-06-10 13:30:00,NSE:SHIL,350.8,353.9,350.0,350.0,266.0
2021-06-10 13:45:00,NSE:SHIL,353.9,353.9,350.0,353.0,176.0
2021-06-10 14:00:00,NSE:SHIL,350.0,354.0,345.0,345.0,976.0
2021-06-10 14:15:00,NSE:SHIL,353.9,353.9,345.0,346.05,614.0
2021-06-10 14:30:00,NSE:SHIL,346.5,353.3,346.5,350.0,1240.0
2021-06-10 14:45:00,NSE:SHIL,350.0,353.2,347.05,347.05,726.0
2021-06-10 15:00:00,NSE:SHIL,353.2,358.0,345.1,356.5,6283.0
2021-06-10 15:15:00,NSE:SHIL,355.95,356.5,348.0,355.5,5662.0
2021-06-10 15:30:00,NSE:SHIL,355.5,355.5,355.5,355.5,2.0
2021-06-11 09:00:00,NSE:SHIL,351.5,351.5,351.5,351.5,6.0
2021-06-11 09:15:00,NSE:SHIL,351.5,360.0,345.0,345.0,5806.0
2021-06-11 09:30:00,NSE:SHIL,345.0,349.85,343.1,345.0,4913.0
2021-06-11 09:45:00,NSE:SHIL,345.0,349.0,342.0,345.0,3593.0
2021-06-11 10:00:00,NSE:SHIL,345.0,345.0,342.0,342.0,1511.0
2021-06-11 10:15:00,NSE:SHIL,342.0,345.0,340.1,345.0,2154.0
2021-06-11 10:30:00,NSE:SHIL,345.0,347.95,345.0,347.95,695.0
2021-06-11 10:45:00,NSE:SHIL,347.9,347.95,337.0,338.0,9810.0
2021-06-11 11:00:00,NSE:SHIL,338.0,346.0,336.0,343.8,11302.0
2021-06-11 11:15:00,NSE:SHIL,338.5,344.0,338.5,344.0,1052.0
2021-06-11 11:30:00,NSE:SHIL,340.0,343.9,338.0,343.9,892.0
2021-06-11 11:45:00,NSE:SHIL,340.0,343.85,337.0,343.85,2370.0
2021-06-11 12:00:00,NSE:SHIL,337.0,343.9,337.0,343.0,1452.0
2021-06-11 12:15:00,NSE:SHIL,342.0,343.9,336.0,343.8,6983.0
2021-06-11 12:30:00,NSE:SHIL,343.75,343.75,337.0,343.0,878.0
2021-06-11 12:45:00,NSE:SHIL,342.5,342.5,340.0,340.0,153.0
2021-06-11 13:00:00,NSE:SHIL,339.5,340.0,337.45,338.05,1041.0
2021-06-11 13:15:00,NSE:SHIL,338.05,343.0,336.05,336.05,3969.0
2021-06-11 13:30:00,NSE:SHIL,342.8,350.0,342.8,346.0,1961.0
2021-06-11 13:45:00,NSE:SHIL,346.0,348.9,346.0,346.0,1208.0
2021-06-11 14:00:00,NSE:SHIL,340.0,345.0,340.0,345.0,122.0
2021-06-11 14:15:00,NSE:SHIL,345.0,345.0,337.1,344.5,310.0
2021-06-11 14:30:00,NSE:SHIL,344.5,348.4,340.0,340.0,1962.0
2021-06-11 14:45:00,NSE:SHIL,340.0,347.9,336.25,336.25,8059.0
2021-06-11 15:00:00,NSE:SHIL,347.85,349.0,336.5,337.0,10143.0
2021-06-11 15:15:00,NSE:SHIL,344.2,346.9,336.7,343.55,4956.0
2021-06-14 09:00:00,NSE:SHIL,345.95,345.95,345.95,345.95,181.0
2021-06-14 09:15:00,NSE:SHIL,345.95,345.95,331.2,339.95,2614.0
2021-06-14 09:30:00,NSE:SHIL,331.3,339.0,325.0,330.0,6691.0
2021-06-14 09:45:00,NSE:SHIL,330.0,330.0,328.6,329.0,2966.0
2021-06-14 10:00:00,NSE:SHIL,329.0,330.0,328.0,328.1,3275.0
2021-06-14 10:15:00,NSE:SHIL,328.0,330.0,326.0,329.0,3537.0
2021-06-14 10:30:00,NSE:SHIL,330.0,330.0,329.1,329.1,1343.0
2021-06-14 10:45:00,NSE:SHIL,331.0,331.0,328.0,329.0,3557.0
2021-06-14 11:00:00,NSE:SHIL,329.0,329.5,327.7,329.0,3211.0
2021-06-14 11:15:00,NSE:SHIL,329.0,329.5,327.6,328.0,1843.0
2021-06-14 11:30:00,NSE:SHIL,328.0,330.0,325.0,326.85,13885.0
2021-06-14 11:45:00,NSE:SHIL,329.0,329.0,327.7,329.0,1488.0
2021-06-14 12:00:00,NSE:SHIL,329.0,329.0,326.85,328.5,4818.0
2021-06-14 12:15:00,NSE:SHIL,328.5,328.5,324.9,327.3,7726.0
2021-06-14 12:30:00,NSE:SHIL,325.1,327.3,324.9,326.9,4570.0
2021-06-14 12:45:00,NSE:SHIL,326.9,327.3,326.8,327.0,4566.0
2021-06-14 13:00:00,NSE:SHIL,327.3,329.5,327.0,327.0,4588.0
2021-06-14 13:15:00,NSE:SHIL,327.0,329.5,327.0,329.5,1486.0
2021-06-14 13:30:00,NSE:SHIL,329.0,329.5,329.0,329.5,352.0
2021-06-14 13:45:00,NSE:SHIL,329.5,335.0,329.5,331.6,1848.0
2021-06-14 14:00:00,NSE:SHIL,333.8,333.8,331.65,333.0,1328.0
2021-06-14 14:15:00,NSE:SHIL,333.0,333.0,331.45,332.0,2367.0
2021-06-14 14:30:00,NSE:SHIL,331.95,332.45,328.0,331.0,2616.0
2021-06-14 14:45:00,NSE:SHIL,332.0,332.0,328.1,332.0,2818.0
2021-06-14 15:00:00,NSE:SHIL,332.0,333.0,328.0,328.15,5587.0
2021-06-14 15:15:00,NSE:SHIL,335.0,339.95,328.15,330.0,5897.0
2021-06-14 15:45:00,NSE:SHIL,333.05,333.05,330.0,330.0,23.0
2021-06-15 09:00:00,NSE:SHIL,335.0,335.0,335.0,335.0,47.0
2021-06-15 09:15:00,NSE:SHIL,333.05,334.95,321.0,326.5,2976.0
2021-06-15 09:30:00,NSE:SHIL,326.5,328.0,322.05,326.0,5145.0
2021-06-15 09:45:00,NSE:SHIL,324.0,326.0,322.0,324.85,3190.0
2021-06-15 10:00:00,NSE:SHIL,324.85,335.0,322.0,335.0,5208.0
2021-06-15 10:15:00,NSE:SHIL,335.0,335.0,325.0,329.5,11745.0
2021-06-15 10:30:00,NSE:SHIL,329.5,332.0,329.45,332.0,3599.0
2021-06-15 10:45:00,NSE:SHIL,332.0,333.35,329.5,333.35,3884.0
2021-06-15 11:00:00,NSE:SHIL,333.35,335.0,330.0,334.9,4235.0
2021-06-15 11:15:00,NSE:SHIL,333.0,334.85,328.0,334.0,1964.0
2021-06-15 11:30:00,NSE:SHIL,334.0,335.0,330.1,335.0,3480.0
2021-06-15 11:45:00,NSE:SHIL,335.0,335.75,334.0,335.0,2436.0
2021-06-15 12:00:00,NSE:SHIL,334.1,335.75,333.55,335.0,1649.0
2021-06-15 12:15:00,NSE:SHIL,335.0,336.5,335.0,336.5,1726.0
2021-06-15 12:30:00,NSE:SHIL,336.5,338.0,336.0,338.0,3031.0
2021-06-15 12:45:00,NSE:SHIL,338.0,342.0,338.0,341.9,7115.0
2021-06-15 13:00:00,NSE:SHIL,341.9,345.0,340.0,344.5,2886.0
2021-06-15 13:15:00,NSE:SHIL,344.45,344.45,342.0,343.95,2631.0
2021-06-15 13:30:00,NSE:SHIL,341.7,343.95,341.7,343.5,1603.0
2021-06-15 13:45:00,NSE:SHIL,341.0,343.5,339.0,340.0,2079.0
2021-06-15 14:00:00,NSE:SHIL,340.0,340.0,336.0,339.0,1426.0
2021-06-15 14:15:00,NSE:SHIL,339.0,340.5,335.6,338.0,1641.0
2021-06-15 14:30:00,NSE:SHIL,338.0,339.65,335.0,336.0,2478.0
2021-06-15 14:45:00,NSE:SHIL,336.0,336.0,332.05,334.5,6032.0
2021-06-15 15:00:00,NSE:SHIL,334.75,343.0,334.75,335.0,7157.0
2021-06-15 15:15:00,NSE:SHIL,335.0,343.0,330.0,342.1,24860.0
2021-06-15 15:45:00,NSE:SHIL,337.15,337.15,337.15,337.15,25.0
2021-06-16 09:00:00,NSE:SHIL,337.0,337.0,337.0,337.0,16.0
2021-06-16 09:15:00,NSE:SHIL,337.0,337.0,331.0,332.55,1702.0
2021-06-16 09:30:00,NSE:SHIL,332.5,339.0,332.5,339.0,643.0
2021-06-16 09:45:00,NSE:SHIL,338.5,338.5,332.7,332.7,717.0
2021-06-16 10:00:00,NSE:SHIL,336.4,336.5,332.85,336.5,161.0
2021-06-16 10:15:00,NSE:SHIL,333.05,336.5,332.7,335.0,1976.0
2021-06-16 10:30:00,NSE:SHIL,335.0,336.35,331.25,336.0,1598.0
2021-06-16 10:45:00,NSE:SHIL,335.0,336.35,331.55,331.65,4187.0
2021-06-16 11:00:00,NSE:SHIL,336.0,336.4,332.05,336.4,442.0
2021-06-16 11:15:00,NSE:SHIL,336.4,340.0,333.2,338.8,3853.0
2021-06-16 11:30:00,NSE:SHIL,338.8,339.95,334.2,339.9,1007.0
2021-06-16 11:45:00,NSE:SHIL,338.0,342.75,338.0,340.9,1927.0
2021-06-16 12:00:00,NSE:SHIL,338.0,340.9,337.0,338.0,218.0
2021-06-16 12:15:00,NSE:SHIL,337.0,338.0,337.0,337.0,415.0
2021-06-16 12:30:00,NSE:SHIL,338.0,341.5,337.0,341.5,3360.0
2021-06-16 12:45:00,NSE:SHIL,340.25,340.25,338.0,339.45,412.0
2021-06-16 13:00:00,NSE:SHIL,338.0,340.0,337.0,337.0,1193.0
2021-06-16 13:15:00,NSE:SHIL,337.0,337.0,335.5,335.5,6411.0
2021-06-16 13:30:00,NSE:SHIL,338.0,338.0,335.0,337.95,3124.0
2021-06-16 13:45:00,NSE:SHIL,335.55,337.9,335.45,337.9,92.0
2021-06-16 14:00:00,NSE:SHIL,337.9,338.0,337.7,337.95,6732.0
2021-06-16 14:15:00,NSE:SHIL,337.9,339.0,337.75,338.9,15896.0
2021-06-16 14:30:00,NSE:SHIL,338.95,339.0,335.0,338.95,16621.0
2021-06-16 14:45:00,NSE:SHIL,338.95,341.9,338.9,341.0,5938.0
2021-06-16 15:00:00,NSE:SHIL,340.0,341.7,340.0,341.0,2186.0
2021-06-16 15:15:00,NSE:SHIL,341.0,342.0,336.0,339.8,2737.0
2021-06-16 15:30:00,NSE:SHIL,339.8,339.8,339.8,339.8,2.0
2021-06-17 09:00:00,NSE:SHIL,338.0,338.0,338.0,338.0,28.0
2021-06-17 09:15:00,NSE:SHIL,338.0,342.0,331.6,339.0,1925.0
2021-06-17 09:30:00,NSE:SHIL,339.0,341.85,335.0,341.25,432.0
2021-06-17 09:45:00,NSE:SHIL,340.9,340.9,335.0,335.05,1461.0
2021-06-17 10:00:00,NSE:SHIL,335.0,339.7,332.0,336.6,1330.0
2021-06-17 10:15:00,NSE:SHIL,336.0,336.6,330.0,330.5,7093.0
2021-06-17 10:30:00,NSE:SHIL,330.0,334.0,330.0,333.9,3118.0
2021-06-17 10:45:00,NSE:SHIL,332.0,332.0,328.0,328.0,10514.0
2021-06-17 11:00:00,NSE:SHIL,328.1,333.9,328.1,333.8,875.0
2021-06-17 11:15:00,NSE:SHIL,333.85,333.85,331.0,333.8,1098.0
2021-06-17 11:30:00,NSE:SHIL,336.0,339.3,328.15,339.3,1575.0
2021-06-17 11:45:00,NSE:SHIL,338.0,338.0,329.6,330.0,6406.0
2021-06-17 12:00:00,NSE:SHIL,330.0,336.0,329.4,336.0,3341.0
2021-06-17 12:15:00,NSE:SHIL,336.0,336.0,330.0,330.0,2245.0
2021-06-17 12:30:00,NSE:SHIL,331.2,337.9,331.2,337.85,867.0
2021-06-17 12:45:00,NSE:SHIL,331.6,336.5,331.0,335.9,357.0
2021-06-17 13:00:00,NSE:SHIL,334.0,334.0,333.0,333.0,127.0
2021-06-17 13:15:00,NSE:SHIL,334.0,334.0,331.3,331.3,274.0
2021-06-17 13:30:00,NSE:SHIL,333.0,335.75,330.7,335.75,1230.0
2021-06-17 13:45:00,NSE:SHIL,335.9,336.0,331.0,335.8,431.0
2021-06-17 14:00:00,NSE:SHIL,333.3,335.5,333.3,335.5,446.0
2021-06-17 14:15:00,NSE:SHIL,335.0,335.0,328.5,333.0,3178.0
2021-06-17 14:30:00,NSE:SHIL,332.0,335.0,328.15,335.0,574.0
2021-06-17 14:45:00,NSE:SHIL,334.0,334.0,328.1,328.1,467.0
2021-06-17 15:00:00,NSE:SHIL,333.0,333.7,328.1,330.0,1028.0
2021-06-17 15:15:00,NSE:SHIL,330.0,333.6,328.0,328.0,1513.0
2021-06-18 09:00:00,NSE:SHIL,330.25,330.25,330.25,330.25,75.0
2021-06-18 09:15:00,NSE:SHIL,330.25,337.8,322.0,325.8,5699.0
2021-06-18 09:30:00,NSE:SHIL,325.8,331.0,325.8,327.0,1077.0
2021-06-18 09:45:00,NSE:SHIL,328.0,328.0,327.0,327.0,628.0
2021-06-18 10:00:00,NSE:SHIL,329.85,329.85,325.0,325.0,1838.0
2021-06-18 10:15:00,NSE:SHIL,325.0,329.75,321.8,322.0,4137.0
2021-06-18 10:30:00,NSE:SHIL,323.0,325.4,315.0,322.6,4110.0
2021-06-18 10:45:00,NSE:SHIL,322.45,322.6,315.0,315.0,6032.0
2021-06-18 11:00:00,NSE:SHIL,315.0,323.35,314.0,320.0,4327.0
2021-06-18 11:15:00,NSE:SHIL,320.0,325.95,320.0,323.0,1223.0
2021-06-18 11:30:00,NSE:SHIL,324.0,325.7,323.0,323.0,640.0
2021-06-18 11:45:00,NSE:SHIL,323.0,323.0,321.35,323.0,168.0
2021-06-18 12:00:00,NSE:SHIL,321.0,324.55,321.0,324.55,315.0
2021-06-18 12:15:00,NSE:SHIL,324.5,324.5,324.5,324.5,156.0
2021-06-18 12:30:00,NSE:SHIL,321.8,324.5,321.8,324.5,154.0
2021-06-18 12:45:00,NSE:SHIL,321.8,324.5,321.8,324.5,363.0
2021-06-18 13:00:00,NSE:SHIL,319.0,324.55,319.0,324.5,2495.0
2021-06-18 13:15:00,NSE:SHIL,324.5,324.5,320.0,324.0,157.0
2021-06-18 13:30:00,NSE:SHIL,323.95,324.0,320.0,320.0,213.0
2021-06-18 13:45:00,NSE:SHIL,323.2,324.0,320.0,324.0,553.0
2021-06-18 14:00:00,NSE:SHIL,323.6,323.6,320.0,323.6,147.0
2021-06-18 14:15:00,NSE:SHIL,323.6,323.6,319.95,320.0,2436.0
2021-06-18 14:30:00,NSE:SHIL,320.0,323.5,320.0,323.5,1096.0
2021-06-18 14:45:00,NSE:SHIL,323.45,323.5,322.5,322.5,5554.0
2021-06-18 15:00:00,NSE:SHIL,322.25,322.25,315.0,320.7,3114.0
2021-06-18 15:15:00,NSE:SHIL,320.7,323.4,320.7,323.4,2949.0
