datetime,symbol,open,high,low,close,volume
2018-09-05 09:00:00,NSE:CHOLAFIN,293.6,297.39,292.15,293.45,137735.0
2018-09-05 10:00:00,NSE:CHOLAFIN,293.56,295.0,291.98,293.4,108285.0
2018-09-05 11:00:00,NSE:CHOLAFIN,293.4,294.65,292.41,293.46,86120.0
2018-09-05 12:00:00,NSE:CHOLAFIN,293.47,294.99,287.12,287.95,257105.0
2018-09-05 13:00:00,NSE:CHOLAFIN,288.0,291.07,287.0,288.0,151435.0
2018-09-05 14:00:00,NSE:CHOLAFIN,287.99,288.99,285.6,287.0,249545.0
2018-09-05 15:00:00,NSE:CHOLAFIN,286.8,290.02,286.41,288.5,253405.0
2018-09-06 09:00:00,NSE:CHOLAFIN,289.79,291.21,288.26,290.31,109110.0
2018-09-06 10:00:00,NSE:CHOLAFIN,290.27,292.62,288.52,289.62,71900.0
2018-09-06 11:00:00,NSE:CHOLAFIN,290.0,290.95,284.4,285.76,242685.0
2018-09-06 12:00:00,NSE:CHOLAFIN,285.76,285.92,281.72,283.36,331170.0
2018-09-06 13:00:00,NSE:CHOLAFIN,283.2,284.56,282.62,282.94,135615.0
2018-09-06 14:00:00,NSE:CHOLAFIN,282.62,283.0,280.82,282.1,394885.0
2018-09-06 15:00:00,NSE:CHOLAFIN,282.19,283.48,275.08,280.33,557330.0
2018-09-07 09:00:00,NSE:CHOLAFIN,277.13,283.15,276.4,282.57,386775.0
2018-09-07 10:00:00,NSE:CHOLAFIN,282.48,284.77,282.0,283.72,223715.0
2018-09-07 11:00:00,NSE:CHOLAFIN,283.72,286.6,283.2,285.44,274955.0
2018-09-07 12:00:00,NSE:CHOLAFIN,285.45,291.6,285.23,290.6,556715.0
2018-09-07 13:00:00,NSE:CHOLAFIN,290.8,291.6,288.82,289.92,116835.0
2018-09-07 14:00:00,NSE:CHOLAFIN,289.92,290.94,287.11,287.2,243830.0
2018-09-07 15:00:00,NSE:CHOLAFIN,287.11,290.2,285.97,287.98,691885.0
2018-09-10 09:00:00,NSE:CHOLAFIN,280.0,285.61,279.99,283.26,304230.0
2018-09-10 10:00:00,NSE:CHOLAFIN,283.4,284.86,281.6,283.73,165320.0
2018-09-10 11:00:00,NSE:CHOLAFIN,283.71,286.11,283.17,284.25,195335.0
2018-09-10 12:00:00,NSE:CHOLAFIN,284.39,286.78,281.32,282.57,288035.0
2018-09-10 13:00:00,NSE:CHOLAFIN,282.43,283.43,281.0,281.23,90850.0
2018-09-10 14:00:00,NSE:CHOLAFIN,281.32,281.75,278.0,279.28,495685.0
2018-09-10 15:00:00,NSE:CHOLAFIN,279.15,279.77,276.4,277.9,194075.0
2018-09-11 09:00:00,NSE:CHOLAFIN,278.06,279.69,272.44,275.67,303655.0
2018-09-11 10:00:00,NSE:CHOLAFIN,275.68,276.45,271.8,274.0,141155.0
2018-09-11 11:00:00,NSE:CHOLAFIN,273.95,274.37,269.46,269.72,219490.0
2018-09-11 12:00:00,NSE:CHOLAFIN,269.88,271.26,267.7,269.22,270145.0
2018-09-11 13:00:00,NSE:CHOLAFIN,269.36,269.4,263.73,263.95,419580.0
2018-09-11 14:00:00,NSE:CHOLAFIN,264.0,264.8,260.1,261.6,581515.0
2018-09-11 15:00:00,NSE:CHOLAFIN,261.63,264.96,261.0,264.6,353615.0
2018-09-12 09:00:00,NSE:CHOLAFIN,264.6,265.33,260.43,260.98,159835.0
2018-09-12 10:00:00,NSE:CHOLAFIN,260.75,261.75,258.04,259.16,297005.0
2018-09-12 11:00:00,NSE:CHOLAFIN,259.16,259.97,256.31,256.63,209090.0
2018-09-12 12:00:00,NSE:CHOLAFIN,256.55,257.0,252.03,254.23,409680.0
2018-09-12 13:00:00,NSE:CHOLAFIN,254.4,258.34,254.18,257.0,388790.0
2018-09-12 14:00:00,NSE:CHOLAFIN,257.0,260.88,255.7,260.88,581870.0
2018-09-12 15:00:00,NSE:CHOLAFIN,260.57,264.0,259.39,261.89,324670.0
2018-09-14 09:00:00,NSE:CHOLAFIN,264.8,272.28,264.52,270.76,517455.0
2018-09-14 10:00:00,NSE:CHOLAFIN,270.64,271.4,268.73,270.8,216375.0
2018-09-14 11:00:00,NSE:CHOLAFIN,270.51,272.0,268.46,269.28,214745.0
2018-09-14 12:00:00,NSE:CHOLAFIN,269.19,271.6,267.9,271.43,109645.0
2018-09-14 13:00:00,NSE:CHOLAFIN,271.43,272.0,264.48,264.89,208075.0
2018-09-14 14:00:00,NSE:CHOLAFIN,264.85,265.4,262.02,263.89,211485.0
2018-09-14 15:00:00,NSE:CHOLAFIN,263.89,266.46,263.81,264.91,200340.0
2018-09-17 09:00:00,NSE:CHOLAFIN,261.23,264.48,253.21,263.74,432645.0
2018-09-17 10:00:00,NSE:CHOLAFIN,263.74,264.78,261.28,261.62,185195.0
2018-09-17 11:00:00,NSE:CHOLAFIN,261.75,263.46,260.93,263.06,90400.0
2018-09-17 12:00:00,NSE:CHOLAFIN,263.23,263.93,260.12,260.68,86665.0
2018-09-17 13:00:00,NSE:CHOLAFIN,260.49,262.9,259.62,262.09,95435.0
2018-09-17 14:00:00,NSE:CHOLAFIN,262.11,263.8,261.02,262.17,148970.0
2018-09-17 15:00:00,NSE:CHOLAFIN,262.18,265.19,261.3,264.6,227590.0
2018-09-18 09:00:00,NSE:CHOLAFIN,265.81,267.79,263.1,266.74,230050.0
2018-09-18 10:00:00,NSE:CHOLAFIN,266.76,267.19,264.4,264.44,120450.0
2018-09-18 11:00:00,NSE:CHOLAFIN,264.58,267.47,263.27,266.5,141385.0
2018-09-18 12:00:00,NSE:CHOLAFIN,266.5,266.99,264.82,265.21,69205.0
2018-09-18 13:00:00,NSE:CHOLAFIN,265.2,266.09,264.0,265.01,58385.0
2018-09-18 14:00:00,NSE:CHOLAFIN,265.01,265.37,262.0,263.72,139000.0
2018-09-18 15:00:00,NSE:CHOLAFIN,263.46,266.2,262.2,263.94,194745.0
2018-09-19 09:00:00,NSE:CHOLAFIN,266.8,269.4,263.93,265.51,129100.0
2018-09-19 10:00:00,NSE:CHOLAFIN,265.77,265.87,264.08,265.3,41275.0
2018-09-19 11:00:00,NSE:CHOLAFIN,265.3,265.3,264.16,264.67,45585.0
2018-09-19 12:00:00,NSE:CHOLAFIN,264.82,264.97,260.3,260.8,132590.0
2018-09-19 13:00:00,NSE:CHOLAFIN,260.89,263.44,260.4,261.71,122895.0
2018-09-19 14:00:00,NSE:CHOLAFIN,261.06,263.0,260.22,261.07,114310.0
2018-09-19 15:00:00,NSE:CHOLAFIN,261.66,266.0,260.91,263.87,139450.0
2018-09-21 09:00:00,NSE:CHOLAFIN,265.0,267.0,261.29,261.76,163195.0
2018-09-21 10:00:00,NSE:CHOLAFIN,261.6,262.05,258.02,258.64,209840.0
2018-09-21 11:00:00,NSE:CHOLAFIN,258.62,259.2,256.92,257.71,212705.0
2018-09-21 12:00:00,NSE:CHOLAFIN,257.68,258.27,249.46,249.86,708570.0
2018-09-21 13:00:00,NSE:CHOLAFIN,250.0,262.0,237.65,259.81,875620.0
2018-09-21 14:00:00,NSE:CHOLAFIN,259.61,259.71,251.36,252.05,448845.0
2018-09-21 15:00:00,NSE:CHOLAFIN,252.0,257.46,252.0,256.36,345720.0
2018-09-24 09:00:00,NSE:CHOLAFIN,256.2,257.44,239.99,239.99,594840.0
2018-09-24 10:00:00,NSE:CHOLAFIN,239.66,244.68,237.88,239.73,677725.0
2018-09-24 11:00:00,NSE:CHOLAFIN,239.88,240.09,235.68,235.9,499070.0
2018-09-24 12:00:00,NSE:CHOLAFIN,235.99,239.92,230.53,238.78,1454635.0
2018-09-24 13:00:00,NSE:CHOLAFIN,238.78,240.0,236.4,237.87,677450.0
2018-09-24 14:00:00,NSE:CHOLAFIN,237.87,239.54,236.0,236.64,595265.0
2018-09-24 15:00:00,NSE:CHOLAFIN,236.44,238.2,234.46,236.16,648535.0
2018-09-25 09:00:00,NSE:CHOLAFIN,237.0,237.6,228.81,234.23,680600.0
2018-09-25 10:00:00,NSE:CHOLAFIN,234.23,239.79,231.8,238.02,1777980.0
2018-09-25 11:00:00,NSE:CHOLAFIN,238.2,240.99,238.0,240.4,987650.0
2018-09-25 12:00:00,NSE:CHOLAFIN,240.4,240.46,238.21,239.56,531470.0
2018-09-25 13:00:00,NSE:CHOLAFIN,239.66,240.34,235.33,237.46,690225.0
2018-09-25 14:00:00,NSE:CHOLAFIN,237.38,245.29,234.79,244.31,963270.0
2018-09-25 15:00:00,NSE:CHOLAFIN,244.19,247.3,243.97,246.08,432950.0
2018-09-26 09:00:00,NSE:CHOLAFIN,247.4,248.0,240.71,246.73,223930.0
2018-09-26 10:00:00,NSE:CHOLAFIN,246.73,247.21,242.88,243.34,299755.0
2018-09-26 11:00:00,NSE:CHOLAFIN,243.34,244.35,243.0,243.13,173945.0
2018-09-26 12:00:00,NSE:CHOLAFIN,243.22,244.61,243.0,243.4,166620.0
2018-09-26 13:00:00,NSE:CHOLAFIN,243.57,244.16,243.0,243.19,151700.0
2018-09-26 14:00:00,NSE:CHOLAFIN,243.35,245.0,243.0,243.4,680700.0
2018-09-26 15:00:00,NSE:CHOLAFIN,243.24,243.87,243.0,243.11,303400.0
2018-09-27 09:00:00,NSE:CHOLAFIN,243.23,247.35,233.77,246.57,952625.0
2018-09-27 10:00:00,NSE:CHOLAFIN,246.48,248.45,242.6,243.19,362775.0
2018-09-27 11:00:00,NSE:CHOLAFIN,243.16,246.36,241.65,242.98,388455.0
2018-09-27 12:00:00,NSE:CHOLAFIN,242.98,247.82,242.79,247.48,293310.0
2018-09-27 13:00:00,NSE:CHOLAFIN,247.38,248.2,238.7,239.62,644635.0
2018-09-27 14:00:00,NSE:CHOLAFIN,239.61,239.87,233.94,234.0,742225.0
2018-09-27 15:00:00,NSE:CHOLAFIN,234.0,238.0,233.99,236.06,857020.0
2018-09-28 09:00:00,NSE:CHOLAFIN,236.0,238.36,218.71,234.0,787370.0
2018-09-28 10:00:00,NSE:CHOLAFIN,234.0,237.2,230.4,235.3,702035.0
2018-09-28 11:00:00,NSE:CHOLAFIN,234.8,236.0,233.01,234.48,161485.0
2018-09-28 12:00:00,NSE:CHOLAFIN,234.22,234.46,229.9,230.78,212165.0
2018-09-28 13:00:00,NSE:CHOLAFIN,230.78,231.19,229.29,230.59,342885.0
2018-09-28 14:00:00,NSE:CHOLAFIN,230.35,232.0,226.8,231.6,312090.0
2018-09-28 15:00:00,NSE:CHOLAFIN,231.44,234.45,231.0,233.35,377150.0
2018-10-01 09:00:00,NSE:CHOLAFIN,234.7,236.76,224.2,234.81,158190.0
2018-10-01 10:00:00,NSE:CHOLAFIN,234.8,235.99,228.69,230.8,531040.0
2018-10-01 11:00:00,NSE:CHOLAFIN,230.8,231.97,229.51,229.69,289095.0
2018-10-01 12:00:00,NSE:CHOLAFIN,229.6,235.39,229.06,233.27,350230.0
2018-10-01 13:00:00,NSE:CHOLAFIN,233.27,240.7,232.16,239.85,185860.0
2018-10-01 14:00:00,NSE:CHOLAFIN,239.61,246.2,239.6,246.0,536535.0
2018-10-01 15:00:00,NSE:CHOLAFIN,246.01,247.83,244.6,247.07,297265.0
2018-10-03 09:00:00,NSE:CHOLAFIN,247.6,252.4,243.54,249.76,361020.0
2018-10-03 10:00:00,NSE:CHOLAFIN,249.91,252.7,248.4,248.84,424065.0
2018-10-03 11:00:00,NSE:CHOLAFIN,249.14,249.34,244.12,244.4,758280.0
2018-10-03 12:00:00,NSE:CHOLAFIN,244.4,244.98,241.0,244.2,527105.0
2018-10-03 13:00:00,NSE:CHOLAFIN,244.19,245.0,242.05,243.77,369765.0
2018-10-03 14:00:00,NSE:CHOLAFIN,243.86,244.0,237.0,238.71,446300.0
2018-10-03 15:00:00,NSE:CHOLAFIN,238.71,241.0,237.6,240.0,328450.0
2018-10-04 09:00:00,NSE:CHOLAFIN,233.66,238.73,233.2,236.4,224100.0
2018-10-04 10:00:00,NSE:CHOLAFIN,236.76,236.76,233.91,234.56,79310.0
2018-10-04 11:00:00,NSE:CHOLAFIN,234.53,234.74,228.4,230.44,215635.0
2018-10-04 12:00:00,NSE:CHOLAFIN,230.44,232.16,229.41,230.2,229035.0
2018-10-04 13:00:00,NSE:CHOLAFIN,230.0,231.77,228.0,230.4,197685.0
2018-10-04 14:00:00,NSE:CHOLAFIN,230.4,239.5,229.99,238.14,322165.0
2018-10-04 15:00:00,NSE:CHOLAFIN,238.14,240.6,237.0,238.58,225705.0
2018-10-05 09:00:00,NSE:CHOLAFIN,234.4,236.4,233.02,235.89,155745.0
2018-10-05 10:00:00,NSE:CHOLAFIN,235.98,235.98,233.47,234.62,51245.0
2018-10-05 11:00:00,NSE:CHOLAFIN,234.79,235.97,231.22,231.47,153560.0
2018-10-05 12:00:00,NSE:CHOLAFIN,231.74,232.34,229.01,230.16,174425.0
2018-10-05 13:00:00,NSE:CHOLAFIN,230.01,230.81,229.17,229.66,74365.0
2018-10-05 14:00:00,NSE:CHOLAFIN,229.51,231.72,226.61,230.0,503050.0
2018-10-05 15:00:00,NSE:CHOLAFIN,229.97,230.19,217.03,222.23,622810.0
2018-10-08 09:00:00,NSE:CHOLAFIN,218.8,224.99,218.45,221.42,261220.0
2018-10-08 10:00:00,NSE:CHOLAFIN,221.42,222.39,216.85,219.17,327155.0
2018-10-08 11:00:00,NSE:CHOLAFIN,219.15,220.85,218.33,218.53,325940.0
2018-10-08 12:00:00,NSE:CHOLAFIN,218.28,218.5,214.72,216.0,269765.0
2018-10-08 13:00:00,NSE:CHOLAFIN,216.0,216.39,208.22,209.89,517745.0
2018-10-08 14:00:00,NSE:CHOLAFIN,210.0,212.3,207.6,211.29,529460.0
2018-10-08 15:00:00,NSE:CHOLAFIN,211.34,215.26,209.2,211.07,504540.0
2018-10-09 09:00:00,NSE:CHOLAFIN,211.07,215.6,209.47,213.0,222380.0
2018-10-09 10:00:00,NSE:CHOLAFIN,213.0,216.0,213.0,214.33,446530.0
2018-10-09 11:00:00,NSE:CHOLAFIN,214.33,216.0,213.4,213.95,152555.0
2018-10-09 12:00:00,NSE:CHOLAFIN,213.84,214.4,213.08,213.99,165610.0
2018-10-09 13:00:00,NSE:CHOLAFIN,213.81,214.1,208.93,209.23,407940.0
2018-10-09 14:00:00,NSE:CHOLAFIN,209.18,219.4,207.93,213.72,1902670.0
2018-10-09 15:00:00,NSE:CHOLAFIN,213.6,215.42,211.2,212.91,604355.0
2018-10-10 09:00:00,NSE:CHOLAFIN,214.75,227.0,214.65,225.86,601750.0
2018-10-10 10:00:00,NSE:CHOLAFIN,225.8,228.2,224.89,227.74,318765.0
2018-10-10 11:00:00,NSE:CHOLAFIN,227.63,232.0,227.51,231.6,373440.0
2018-10-10 12:00:00,NSE:CHOLAFIN,231.6,237.69,231.53,234.0,480925.0
2018-10-10 13:00:00,NSE:CHOLAFIN,234.01,238.24,232.46,234.93,304665.0
2018-10-10 14:00:00,NSE:CHOLAFIN,234.86,237.59,234.25,234.6,173445.0
2018-10-10 15:00:00,NSE:CHOLAFIN,234.64,235.8,230.0,231.76,247465.0
2018-10-11 09:00:00,NSE:CHOLAFIN,219.58,221.0,211.4,218.17,439340.0
2018-10-11 10:00:00,NSE:CHOLAFIN,219.23,223.56,218.23,221.59,659775.0
2018-10-11 11:00:00,NSE:CHOLAFIN,221.66,227.04,221.0,226.45,390900.0
2018-10-11 12:00:00,NSE:CHOLAFIN,226.43,227.0,223.0,225.79,258730.0
2018-10-11 13:00:00,NSE:CHOLAFIN,225.52,226.8,221.33,222.23,221135.0
2018-10-11 14:00:00,NSE:CHOLAFIN,222.18,225.28,221.6,222.45,723705.0
2018-10-11 15:00:00,NSE:CHOLAFIN,222.23,223.85,220.0,221.94,408055.0
2018-10-12 09:00:00,NSE:CHOLAFIN,224.0,237.0,222.99,234.34,263970.0
2018-10-12 10:00:00,NSE:CHOLAFIN,234.52,234.63,231.88,233.21,352310.0
2018-10-12 11:00:00,NSE:CHOLAFIN,233.23,241.0,233.23,239.24,518415.0
2018-10-12 12:00:00,NSE:CHOLAFIN,239.24,240.4,234.51,235.16,498235.0
2018-10-12 13:00:00,NSE:CHOLAFIN,235.16,235.4,229.41,233.81,456690.0
2018-10-12 14:00:00,NSE:CHOLAFIN,233.8,239.21,233.21,238.36,501145.0
2018-10-12 15:00:00,NSE:CHOLAFIN,238.4,239.19,236.5,237.84,182805.0
2018-10-15 09:00:00,NSE:CHOLAFIN,238.8,238.8,233.86,235.0,187525.0
2018-10-15 10:00:00,NSE:CHOLAFIN,235.0,238.55,235.0,236.2,102610.0
2018-10-15 11:00:00,NSE:CHOLAFIN,236.11,243.76,235.8,243.21,200395.0
2018-10-15 12:00:00,NSE:CHOLAFIN,242.96,243.63,238.41,240.02,233705.0
2018-10-15 13:00:00,NSE:CHOLAFIN,240.02,240.58,238.0,238.39,256830.0
2018-10-15 14:00:00,NSE:CHOLAFIN,238.22,240.36,236.81,239.82,175060.0
2018-10-15 15:00:00,NSE:CHOLAFIN,239.6,239.77,237.54,238.76,112515.0
2018-10-16 09:00:00,NSE:CHOLAFIN,238.4,243.17,234.2,238.2,186065.0
2018-10-16 10:00:00,NSE:CHOLAFIN,238.0,239.54,236.62,238.01,220895.0
2018-10-16 11:00:00,NSE:CHOLAFIN,238.01,238.84,237.0,238.0,222995.0
2018-10-16 12:00:00,NSE:CHOLAFIN,237.8,238.4,236.07,237.6,43705.0
2018-10-16 13:00:00,NSE:CHOLAFIN,237.93,243.79,237.22,242.71,315635.0
2018-10-16 14:00:00,NSE:CHOLAFIN,242.4,243.31,240.59,240.77,106100.0
2018-10-16 15:00:00,NSE:CHOLAFIN,240.28,243.0,240.28,241.77,177020.0
2018-10-17 09:00:00,NSE:CHOLAFIN,246.38,246.38,233.0,233.7,637150.0
2018-10-17 10:00:00,NSE:CHOLAFIN,233.74,238.28,233.6,235.53,251255.0
2018-10-17 11:00:00,NSE:CHOLAFIN,235.59,236.61,232.5,235.97,251630.0
2018-10-17 12:00:00,NSE:CHOLAFIN,235.97,237.0,235.0,236.39,188525.0
2018-10-17 13:00:00,NSE:CHOLAFIN,236.52,236.76,233.65,234.49,118885.0
2018-10-17 14:00:00,NSE:CHOLAFIN,234.49,235.47,225.6,227.3,421320.0
2018-10-17 15:00:00,NSE:CHOLAFIN,227.4,230.7,223.54,226.18,150865.0
2018-10-19 09:00:00,NSE:CHOLAFIN,226.2,233.8,223.43,226.75,320255.0
2018-10-19 10:00:00,NSE:CHOLAFIN,226.55,228.78,222.4,223.73,307830.0
2018-10-19 11:00:00,NSE:CHOLAFIN,223.73,225.93,221.02,222.7,187895.0
2018-10-19 12:00:00,NSE:CHOLAFIN,222.67,224.3,217.78,222.04,242570.0
2018-10-19 13:00:00,NSE:CHOLAFIN,222.54,222.8,219.3,221.13,184445.0
2018-10-19 14:00:00,NSE:CHOLAFIN,221.19,223.8,219.4,221.19,276995.0
2018-10-19 15:00:00,NSE:CHOLAFIN,220.99,224.8,220.51,222.74,285675.0
2018-10-22 09:00:00,NSE:CHOLAFIN,223.4,229.89,223.4,225.88,276760.0
2018-10-22 10:00:00,NSE:CHOLAFIN,226.1,231.45,225.96,230.51,330995.0
2018-10-22 11:00:00,NSE:CHOLAFIN,230.58,233.0,230.0,232.43,132165.0
2018-10-22 12:00:00,NSE:CHOLAFIN,232.43,234.4,231.41,234.2,198050.0
2018-10-22 13:00:00,NSE:CHOLAFIN,234.2,234.39,229.29,232.03,299090.0
2018-10-22 14:00:00,NSE:CHOLAFIN,232.03,232.26,228.93,231.31,192940.0
2018-10-22 15:00:00,NSE:CHOLAFIN,231.01,231.01,228.42,229.47,210365.0
2018-10-23 09:00:00,NSE:CHOLAFIN,225.2,229.98,224.2,229.98,114825.0
2018-10-23 10:00:00,NSE:CHOLAFIN,230.0,235.34,227.8,228.78,470395.0
2018-10-23 11:00:00,NSE:CHOLAFIN,228.77,229.75,227.4,227.52,125520.0
2018-10-23 12:00:00,NSE:CHOLAFIN,227.67,227.79,224.58,224.58,86135.0
2018-10-23 13:00:00,NSE:CHOLAFIN,224.5,225.57,221.8,222.98,100825.0
2018-10-23 14:00:00,NSE:CHOLAFIN,222.99,223.78,215.42,217.51,554290.0
2018-10-23 15:00:00,NSE:CHOLAFIN,217.52,225.96,217.0,225.0,178290.0
2018-10-24 09:00:00,NSE:CHOLAFIN,228.4,233.24,223.88,228.8,349335.0
2018-10-24 10:00:00,NSE:CHOLAFIN,228.96,231.0,226.06,226.93,1145950.0
2018-10-24 11:00:00,NSE:CHOLAFIN,226.83,227.55,225.9,227.4,111670.0
2018-10-24 12:00:00,NSE:CHOLAFIN,227.37,232.59,227.12,231.59,181415.0
2018-10-24 13:00:00,NSE:CHOLAFIN,231.59,235.0,231.2,232.51,152770.0
2018-10-24 14:00:00,NSE:CHOLAFIN,232.57,237.0,230.7,236.31,1026645.0
2018-10-24 15:00:00,NSE:CHOLAFIN,236.09,238.37,234.6,236.49,271050.0
2018-10-25 09:00:00,NSE:CHOLAFIN,229.22,234.99,229.22,233.7,153025.0
2018-10-25 10:00:00,NSE:CHOLAFIN,233.76,236.0,231.01,233.35,187775.0
2018-10-25 11:00:00,NSE:CHOLAFIN,233.4,236.94,232.85,235.63,211130.0
2018-10-25 12:00:00,NSE:CHOLAFIN,235.63,235.89,234.2,235.07,116655.0
2018-10-25 13:00:00,NSE:CHOLAFIN,235.08,237.8,234.9,235.88,183055.0
2018-10-25 14:00:00,NSE:CHOLAFIN,235.85,239.42,235.61,237.24,341920.0
2018-10-25 15:00:00,NSE:CHOLAFIN,237.19,238.51,234.46,236.0,246245.0
2018-10-26 09:00:00,NSE:CHOLAFIN,237.16,237.85,229.77,232.51,194535.0
2018-10-26 10:00:00,NSE:CHOLAFIN,232.3,239.8,231.0,239.4,184185.0
2018-10-26 11:00:00,NSE:CHOLAFIN,239.4,245.26,238.82,244.82,302650.0
2018-10-26 12:00:00,NSE:CHOLAFIN,244.98,247.3,241.2,242.82,427115.0
2018-10-26 13:00:00,NSE:CHOLAFIN,242.6,242.67,237.16,240.75,233745.0
2018-10-26 14:00:00,NSE:CHOLAFIN,240.71,242.46,238.42,241.62,149175.0
2018-10-26 15:00:00,NSE:CHOLAFIN,241.6,242.64,239.61,241.15,103505.0
2018-10-29 09:00:00,NSE:CHOLAFIN,239.7,243.43,239.27,240.01,98930.0
2018-10-29 10:00:00,NSE:CHOLAFIN,240.05,245.6,238.8,244.36,181765.0
2018-10-29 11:00:00,NSE:CHOLAFIN,244.0,248.99,243.02,248.46,201005.0
2018-10-29 12:00:00,NSE:CHOLAFIN,248.48,251.4,247.25,248.64,388565.0
2018-10-29 13:00:00,NSE:CHOLAFIN,248.77,250.84,248.49,249.71,116630.0
2018-10-29 14:00:00,NSE:CHOLAFIN,249.9,254.61,246.2,253.5,399850.0
2018-10-29 15:00:00,NSE:CHOLAFIN,253.5,254.97,252.4,253.7,180930.0
2018-10-30 09:00:00,NSE:CHOLAFIN,253.0,256.94,249.24,256.88,383185.0
2018-10-30 10:00:00,NSE:CHOLAFIN,256.6,257.33,252.0,256.0,405155.0
2018-10-30 11:00:00,NSE:CHOLAFIN,256.01,258.0,254.68,255.79,254275.0
2018-10-30 12:00:00,NSE:CHOLAFIN,255.8,256.0,252.74,253.0,128410.0
2018-10-30 13:00:00,NSE:CHOLAFIN,253.0,255.38,252.0,253.6,124470.0
2018-10-30 14:00:00,NSE:CHOLAFIN,253.6,253.81,248.1,250.48,221255.0
2018-10-30 15:00:00,NSE:CHOLAFIN,250.66,251.39,246.35,248.75,206685.0
2018-10-31 09:00:00,NSE:CHOLAFIN,250.59,255.0,245.1,247.22,487180.0
2018-10-31 10:00:00,NSE:CHOLAFIN,247.22,247.79,243.6,247.2,218770.0
2018-10-31 11:00:00,NSE:CHOLAFIN,247.4,249.39,244.8,248.14,142770.0
2018-10-31 12:00:00,NSE:CHOLAFIN,248.7,250.8,247.42,248.15,136870.0
2018-10-31 13:00:00,NSE:CHOLAFIN,248.14,250.08,246.6,249.76,90560.0
2018-10-31 14:00:00,NSE:CHOLAFIN,249.31,253.95,248.05,251.8,361345.0
2018-10-31 15:00:00,NSE:CHOLAFIN,251.79,255.77,251.61,252.2,343040.0
2018-11-01 09:00:00,NSE:CHOLAFIN,252.56,259.78,252.56,259.39,296835.0
2018-11-01 10:00:00,NSE:CHOLAFIN,259.6,259.6,257.42,258.77,179265.0
2018-11-01 11:00:00,NSE:CHOLAFIN,258.98,265.6,257.46,262.96,485465.0
2018-11-01 12:00:00,NSE:CHOLAFIN,262.7,268.43,262.7,268.22,242245.0
2018-11-01 13:00:00,NSE:CHOLAFIN,268.22,270.92,266.57,269.1,527600.0
2018-11-01 14:00:00,NSE:CHOLAFIN,269.1,270.0,267.0,268.99,915535.0
2018-11-01 15:00:00,NSE:CHOLAFIN,269.03,269.6,264.8,267.81,710340.0
2018-11-02 09:00:00,NSE:CHOLAFIN,269.74,277.98,268.29,271.43,619545.0
2018-11-02 10:00:00,NSE:CHOLAFIN,271.4,274.8,271.21,272.4,319455.0
2018-11-02 11:00:00,NSE:CHOLAFIN,272.4,272.4,268.8,271.0,260380.0
2018-11-02 12:00:00,NSE:CHOLAFIN,270.98,273.78,270.79,272.99,162060.0
2018-11-02 13:00:00,NSE:CHOLAFIN,273.0,275.57,272.4,273.72,270435.0
2018-11-02 14:00:00,NSE:CHOLAFIN,274.16,274.4,257.61,260.55,697640.0
2018-11-02 15:00:00,NSE:CHOLAFIN,260.46,266.89,260.4,264.64,306480.0
2018-11-05 09:00:00,NSE:CHOLAFIN,263.04,269.4,262.05,268.1,141975.0
2018-11-05 10:00:00,NSE:CHOLAFIN,268.1,268.44,263.0,264.54,88460.0
2018-11-05 11:00:00,NSE:CHOLAFIN,264.64,264.69,255.65,257.9,229260.0
2018-11-05 12:00:00,NSE:CHOLAFIN,257.9,261.48,257.56,260.0,150170.0
2018-11-05 13:00:00,NSE:CHOLAFIN,260.12,260.12,258.02,258.59,48680.0
2018-11-05 14:00:00,NSE:CHOLAFIN,258.68,262.4,258.05,261.6,99005.0
2018-11-05 15:00:00,NSE:CHOLAFIN,261.6,263.98,261.28,263.0,83950.0
2018-11-06 09:00:00,NSE:CHOLAFIN,264.6,268.0,260.31,263.2,166180.0
2018-11-06 10:00:00,NSE:CHOLAFIN,263.0,263.99,260.4,261.25,58470.0
2018-11-06 11:00:00,NSE:CHOLAFIN,261.03,262.0,260.02,261.16,63315.0
2018-11-06 12:00:00,NSE:CHOLAFIN,261.0,261.75,259.44,260.8,91385.0
2018-11-06 13:00:00,NSE:CHOLAFIN,260.73,261.7,258.4,259.95,59995.0
2018-11-06 14:00:00,NSE:CHOLAFIN,259.4,260.53,258.68,258.85,47760.0
2018-11-06 15:00:00,NSE:CHOLAFIN,259.2,259.75,257.17,258.07,98640.0
2018-11-09 09:00:00,NSE:CHOLAFIN,257.01,267.0,257.01,266.1,253740.0
2018-11-09 10:00:00,NSE:CHOLAFIN,266.28,267.6,265.04,266.97,150315.0
2018-11-09 11:00:00,NSE:CHOLAFIN,266.97,267.2,265.0,265.99,104655.0
2018-11-09 12:00:00,NSE:CHOLAFIN,265.99,266.0,263.06,264.0,89395.0
2018-11-09 13:00:00,NSE:CHOLAFIN,264.0,264.4,263.69,263.89,74520.0
2018-11-09 14:00:00,NSE:CHOLAFIN,263.99,264.5,261.43,261.78,174580.0
2018-11-09 15:00:00,NSE:CHOLAFIN,261.87,263.0,260.63,262.0,84900.0
2018-11-12 09:00:00,NSE:CHOLAFIN,264.0,266.0,260.69,262.0,80660.0
2018-11-12 10:00:00,NSE:CHOLAFIN,262.21,266.0,261.6,265.47,82100.0
2018-11-12 11:00:00,NSE:CHOLAFIN,265.47,267.71,264.41,265.22,136230.0
2018-11-12 12:00:00,NSE:CHOLAFIN,265.02,265.46,263.96,264.82,45305.0
2018-11-12 13:00:00,NSE:CHOLAFIN,264.81,265.4,262.84,265.0,324155.0
2018-11-12 14:00:00,NSE:CHOLAFIN,265.01,265.4,264.2,265.0,147675.0
2018-11-12 15:00:00,NSE:CHOLAFIN,265.0,266.0,263.6,264.75,110870.0
2018-11-13 09:00:00,NSE:CHOLAFIN,265.39,265.39,258.99,262.46,570770.0
2018-11-13 10:00:00,NSE:CHOLAFIN,262.6,264.4,260.01,260.39,197990.0
2018-11-13 11:00:00,NSE:CHOLAFIN,260.0,261.48,258.28,259.26,244775.0
2018-11-13 12:00:00,NSE:CHOLAFIN,259.04,260.4,258.6,259.12,142315.0
2018-11-13 13:00:00,NSE:CHOLAFIN,258.86,264.0,258.81,263.39,236230.0
2018-11-13 14:00:00,NSE:CHOLAFIN,263.6,266.4,262.91,264.47,306350.0
2018-11-13 15:00:00,NSE:CHOLAFIN,265.35,266.0,265.08,265.82,256625.0
2018-11-14 09:00:00,NSE:CHOLAFIN,265.6,268.31,262.27,262.79,176365.0
2018-11-14 10:00:00,NSE:CHOLAFIN,262.79,265.31,262.02,264.2,71745.0
2018-11-14 11:00:00,NSE:CHOLAFIN,264.2,264.45,259.42,260.28,175845.0
2018-11-14 12:00:00,NSE:CHOLAFIN,260.28,262.31,258.8,259.34,210855.0
2018-11-14 13:00:00,NSE:CHOLAFIN,259.34,259.59,256.54,257.61,193020.0
2018-11-14 14:00:00,NSE:CHOLAFIN,257.61,258.1,253.47,254.9,392670.0
2018-11-14 15:00:00,NSE:CHOLAFIN,254.9,258.4,254.2,256.2,698275.0
2018-11-15 09:00:00,NSE:CHOLAFIN,258.25,261.39,254.4,256.62,314110.0
2018-11-15 10:00:00,NSE:CHOLAFIN,256.62,257.0,255.51,256.22,80570.0
2018-11-15 11:00:00,NSE:CHOLAFIN,256.2,257.55,255.45,256.2,217205.0
2018-11-15 12:00:00,NSE:CHOLAFIN,256.28,258.52,256.21,257.26,161630.0
2018-11-15 13:00:00,NSE:CHOLAFIN,257.27,260.0,256.86,259.4,393700.0
2018-11-15 14:00:00,NSE:CHOLAFIN,259.2,261.2,258.4,260.71,321095.0
2018-11-15 15:00:00,NSE:CHOLAFIN,260.49,260.89,257.3,257.98,599420.0
2018-11-16 09:00:00,NSE:CHOLAFIN,260.4,260.51,254.45,255.0,167505.0
2018-11-16 10:00:00,NSE:CHOLAFIN,255.0,255.57,252.1,252.83,336120.0
2018-11-16 11:00:00,NSE:CHOLAFIN,253.13,253.89,251.1,252.3,138465.0
2018-11-16 12:00:00,NSE:CHOLAFIN,252.44,254.0,251.23,252.49,156765.0
2018-11-16 13:00:00,NSE:CHOLAFIN,252.47,252.49,248.22,249.65,292155.0
2018-11-16 14:00:00,NSE:CHOLAFIN,249.45,249.45,246.04,248.43,153295.0
2018-11-16 15:00:00,NSE:CHOLAFIN,248.33,252.2,248.33,251.1,326085.0
2018-11-19 09:00:00,NSE:CHOLAFIN,249.4,251.62,247.06,249.63,137010.0
2018-11-19 10:00:00,NSE:CHOLAFIN,249.7,250.2,247.8,250.0,200140.0
2018-11-19 11:00:00,NSE:CHOLAFIN,250.0,250.64,249.4,249.6,123050.0
2018-11-19 12:00:00,NSE:CHOLAFIN,249.73,250.0,249.2,249.91,82220.0
2018-11-19 13:00:00,NSE:CHOLAFIN,249.98,251.28,249.6,249.94,295635.0
2018-11-19 14:00:00,NSE:CHOLAFIN,249.94,250.0,245.41,247.6,367350.0
2018-11-19 15:00:00,NSE:CHOLAFIN,248.2,251.24,247.86,249.67,251220.0
2018-11-20 09:00:00,NSE:CHOLAFIN,243.6,252.84,243.6,251.67,356440.0
2018-11-20 10:00:00,NSE:CHOLAFIN,251.67,253.77,250.52,252.8,153520.0
2018-11-20 11:00:00,NSE:CHOLAFIN,252.57,253.18,251.72,252.6,62140.0
2018-11-20 12:00:00,NSE:CHOLAFIN,252.6,261.62,252.02,257.95,779675.0
2018-11-20 13:00:00,NSE:CHOLAFIN,257.63,258.0,252.65,253.11,361895.0
2018-11-20 14:00:00,NSE:CHOLAFIN,253.2,254.0,250.0,252.11,290305.0
2018-11-20 15:00:00,NSE:CHOLAFIN,252.17,253.79,251.0,252.04,153540.0
2018-11-21 09:00:00,NSE:CHOLAFIN,252.22,256.6,252.22,254.05,194235.0
2018-11-21 10:00:00,NSE:CHOLAFIN,254.19,258.58,252.84,257.1,190855.0
2018-11-21 11:00:00,NSE:CHOLAFIN,257.0,257.42,254.44,254.58,93105.0
2018-11-21 12:00:00,NSE:CHOLAFIN,254.41,256.8,254.06,255.02,92130.0
2018-11-21 13:00:00,NSE:CHOLAFIN,255.01,255.67,253.29,254.43,133135.0
2018-11-21 14:00:00,NSE:CHOLAFIN,254.43,257.99,254.4,256.01,230540.0
2018-11-21 15:00:00,NSE:CHOLAFIN,256.01,258.38,255.62,256.73,129420.0
2018-11-22 09:00:00,NSE:CHOLAFIN,257.41,259.49,256.02,259.0,161760.0
2018-11-22 10:00:00,NSE:CHOLAFIN,259.0,263.62,259.0,261.6,541120.0
2018-11-22 11:00:00,NSE:CHOLAFIN,261.6,263.0,260.98,262.11,162750.0
2018-11-22 12:00:00,NSE:CHOLAFIN,262.21,262.86,262.0,262.03,82765.0
2018-11-22 13:00:00,NSE:CHOLAFIN,262.03,262.8,261.8,262.26,202070.0
2018-11-22 14:00:00,NSE:CHOLAFIN,262.2,263.0,261.14,262.0,285465.0
2018-11-22 15:00:00,NSE:CHOLAFIN,262.0,262.8,260.92,261.83,485850.0
2018-11-26 09:00:00,NSE:CHOLAFIN,260.43,263.8,259.0,260.68,180990.0
2018-11-26 10:00:00,NSE:CHOLAFIN,260.8,263.59,260.67,262.77,208055.0
2018-11-26 11:00:00,NSE:CHOLAFIN,262.77,262.77,256.66,258.1,173490.0
2018-11-26 12:00:00,NSE:CHOLAFIN,258.1,260.2,258.0,259.59,88010.0
2018-11-26 13:00:00,NSE:CHOLAFIN,259.59,259.6,256.6,257.09,86980.0
2018-11-26 14:00:00,NSE:CHOLAFIN,257.08,258.09,256.05,257.6,114870.0
2018-11-26 15:00:00,NSE:CHOLAFIN,257.6,258.69,256.73,257.77,118930.0
2018-11-27 09:00:00,NSE:CHOLAFIN,257.0,261.16,254.0,260.5,215310.0
2018-11-27 10:00:00,NSE:CHOLAFIN,260.76,263.98,260.0,262.6,230600.0
2018-11-27 11:00:00,NSE:CHOLAFIN,262.6,264.8,261.25,263.86,225810.0
2018-11-27 12:00:00,NSE:CHOLAFIN,263.88,264.16,260.22,260.87,145920.0
2018-11-27 13:00:00,NSE:CHOLAFIN,260.86,263.7,260.69,262.91,79850.0
2018-11-27 14:00:00,NSE:CHOLAFIN,262.82,262.87,260.68,262.18,114965.0
2018-11-27 15:00:00,NSE:CHOLAFIN,261.92,262.91,260.86,261.96,110950.0
2018-11-28 09:00:00,NSE:CHOLAFIN,263.59,265.93,261.4,263.7,200410.0
2018-11-28 10:00:00,NSE:CHOLAFIN,263.68,263.7,261.0,261.43,314070.0
2018-11-28 11:00:00,NSE:CHOLAFIN,261.47,262.35,257.61,260.19,691775.0
2018-11-28 12:00:00,NSE:CHOLAFIN,260.04,261.84,259.6,260.38,390655.0
2018-11-28 13:00:00,NSE:CHOLAFIN,260.41,260.8,260.0,260.24,20270.0
2018-11-28 14:00:00,NSE:CHOLAFIN,260.41,260.94,258.32,258.6,165535.0
2018-11-28 15:00:00,NSE:CHOLAFIN,258.6,259.11,258.35,258.85,200295.0
2018-11-29 09:00:00,NSE:CHOLAFIN,260.4,261.68,259.4,260.31,703195.0
2018-11-29 10:00:00,NSE:CHOLAFIN,260.28,263.64,259.4,262.3,229805.0
2018-11-29 11:00:00,NSE:CHOLAFIN,262.28,263.0,259.5,261.83,236155.0
2018-11-29 12:00:00,NSE:CHOLAFIN,261.96,263.2,261.32,263.0,85735.0
2018-11-29 13:00:00,NSE:CHOLAFIN,263.01,264.39,263.0,264.3,174440.0
2018-11-29 14:00:00,NSE:CHOLAFIN,264.3,265.4,263.0,265.4,340920.0
2018-11-29 15:00:00,NSE:CHOLAFIN,265.4,268.8,265.23,266.84,781000.0
2018-11-30 09:00:00,NSE:CHOLAFIN,268.46,268.5,261.8,263.14,251235.0
2018-11-30 10:00:00,NSE:CHOLAFIN,263.4,266.0,263.0,264.62,144930.0
2018-11-30 11:00:00,NSE:CHOLAFIN,264.61,265.49,262.0,263.05,112025.0
2018-11-30 12:00:00,NSE:CHOLAFIN,263.08,263.94,262.2,263.44,111090.0
2018-11-30 13:00:00,NSE:CHOLAFIN,263.44,263.94,262.71,263.43,62885.0
2018-11-30 14:00:00,NSE:CHOLAFIN,263.35,263.8,261.08,263.34,94225.0
2018-11-30 15:00:00,NSE:CHOLAFIN,263.5,264.0,262.01,262.8,157325.0
2018-12-03 09:00:00,NSE:CHOLAFIN,264.6,265.55,261.23,264.11,190675.0
2018-12-03 10:00:00,NSE:CHOLAFIN,264.21,265.34,262.28,264.4,177950.0
2018-12-03 11:00:00,NSE:CHOLAFIN,264.5,264.66,260.6,261.96,108930.0
2018-12-03 12:00:00,NSE:CHOLAFIN,261.8,263.15,260.7,262.93,95375.0
2018-12-03 13:00:00,NSE:CHOLAFIN,262.96,264.4,262.35,263.11,83490.0
2018-12-03 14:00:00,NSE:CHOLAFIN,263.11,263.83,261.04,261.9,349790.0
2018-12-03 15:00:00,NSE:CHOLAFIN,262.0,264.02,261.05,262.86,210000.0
2018-12-04 09:00:00,NSE:CHOLAFIN,262.0,264.74,261.0,263.95,81840.0
2018-12-04 10:00:00,NSE:CHOLAFIN,263.84,267.57,263.6,265.0,287710.0
2018-12-04 11:00:00,NSE:CHOLAFIN,265.0,265.2,263.52,263.96,112845.0
2018-12-04 12:00:00,NSE:CHOLAFIN,263.83,264.05,262.17,263.3,107855.0
2018-12-04 13:00:00,NSE:CHOLAFIN,263.3,263.35,261.0,262.2,50410.0
2018-12-04 14:00:00,NSE:CHOLAFIN,262.2,262.53,258.46,258.91,157770.0
2018-12-04 15:00:00,NSE:CHOLAFIN,258.95,261.2,258.22,258.74,105890.0
2018-12-05 09:00:00,NSE:CHOLAFIN,259.0,259.35,253.0,253.01,225880.0
2018-12-05 10:00:00,NSE:CHOLAFIN,253.0,254.87,252.56,253.59,143160.0
2018-12-05 11:00:00,NSE:CHOLAFIN,253.48,253.98,250.0,253.6,268350.0
2018-12-05 12:00:00,NSE:CHOLAFIN,253.4,253.68,252.11,252.71,105710.0
2018-12-05 13:00:00,NSE:CHOLAFIN,252.69,255.3,252.39,255.0,220485.0
2018-12-05 14:00:00,NSE:CHOLAFIN,255.0,256.61,253.09,254.51,306765.0
2018-12-05 15:00:00,NSE:CHOLAFIN,254.61,257.58,251.57,255.61,337690.0
2018-12-06 09:00:00,NSE:CHOLAFIN,255.4,255.42,252.0,252.16,256585.0
2018-12-06 10:00:00,NSE:CHOLAFIN,252.15,256.29,250.07,250.9,457825.0
2018-12-06 11:00:00,NSE:CHOLAFIN,250.94,251.18,247.32,247.69,193580.0
2018-12-06 12:00:00,NSE:CHOLAFIN,247.65,251.4,247.65,251.4,110855.0
2018-12-06 13:00:00,NSE:CHOLAFIN,251.42,251.6,245.93,246.4,187440.0
2018-12-06 14:00:00,NSE:CHOLAFIN,246.4,246.95,241.83,245.6,421455.0
2018-12-06 15:00:00,NSE:CHOLAFIN,245.86,246.56,244.23,245.61,182515.0
2018-12-07 09:00:00,NSE:CHOLAFIN,244.02,251.0,244.02,245.02,316310.0
2018-12-07 10:00:00,NSE:CHOLAFIN,245.24,245.24,240.71,240.99,191580.0
2018-12-07 11:00:00,NSE:CHOLAFIN,240.84,242.45,238.03,240.02,641840.0
2018-12-07 12:00:00,NSE:CHOLAFIN,240.0,242.15,239.05,240.2,349775.0
2018-12-07 13:00:00,NSE:CHOLAFIN,240.2,240.82,239.29,240.34,176675.0
2018-12-07 14:00:00,NSE:CHOLAFIN,240.34,245.56,240.33,242.39,203760.0
2018-12-07 15:00:00,NSE:CHOLAFIN,242.22,247.2,242.2,245.06,219210.0
2018-12-10 09:00:00,NSE:CHOLAFIN,242.0,242.57,238.15,239.8,137850.0
2018-12-10 10:00:00,NSE:CHOLAFIN,239.8,240.73,239.17,239.6,57155.0
2018-12-10 11:00:00,NSE:CHOLAFIN,239.77,240.05,237.41,239.6,114590.0
2018-12-10 12:00:00,NSE:CHOLAFIN,239.61,241.8,238.8,239.44,76150.0
2018-12-10 13:00:00,NSE:CHOLAFIN,239.56,240.64,239.09,239.9,86915.0
2018-12-10 14:00:00,NSE:CHOLAFIN,239.79,240.2,239.0,239.0,91635.0
2018-12-10 15:00:00,NSE:CHOLAFIN,239.13,240.2,238.02,239.52,143610.0
2018-12-11 09:00:00,NSE:CHOLAFIN,233.2,241.2,232.41,239.04,160045.0
2018-12-11 10:00:00,NSE:CHOLAFIN,238.87,240.2,237.95,239.25,133535.0
2018-12-11 11:00:00,NSE:CHOLAFIN,239.45,241.69,239.0,240.01,280905.0
2018-12-11 12:00:00,NSE:CHOLAFIN,240.02,240.6,238.2,240.5,91450.0
2018-12-11 13:00:00,NSE:CHOLAFIN,240.45,242.33,239.0,241.0,260290.0
2018-12-11 14:00:00,NSE:CHOLAFIN,240.81,241.08,234.5,237.26,1057520.0
2018-12-11 15:00:00,NSE:CHOLAFIN,237.39,238.71,237.06,237.2,198080.0
2018-12-12 09:00:00,NSE:CHOLAFIN,238.05,243.74,238.05,242.63,292410.0
2018-12-12 10:00:00,NSE:CHOLAFIN,242.46,245.6,242.0,244.84,534580.0
2018-12-12 11:00:00,NSE:CHOLAFIN,245.0,246.6,244.0,245.55,279000.0
2018-12-12 12:00:00,NSE:CHOLAFIN,245.56,246.75,244.81,246.01,385885.0
2018-12-12 13:00:00,NSE:CHOLAFIN,246.0,247.93,245.7,247.2,245860.0
2018-12-12 14:00:00,NSE:CHOLAFIN,247.11,248.52,247.0,248.03,336800.0
2018-12-12 15:00:00,NSE:CHOLAFIN,248.03,248.88,246.41,247.92,372235.0
2018-12-13 09:00:00,NSE:CHOLAFIN,248.75,257.28,248.75,255.05,779890.0
2018-12-13 10:00:00,NSE:CHOLAFIN,255.0,256.03,252.4,252.62,435630.0
2018-12-13 11:00:00,NSE:CHOLAFIN,252.56,254.19,250.22,254.0,335625.0
2018-12-13 12:00:00,NSE:CHOLAFIN,254.0,254.54,251.79,252.2,240580.0
2018-12-13 13:00:00,NSE:CHOLAFIN,252.2,252.35,250.13,250.71,280525.0
2018-12-13 14:00:00,NSE:CHOLAFIN,250.71,250.71,245.8,247.61,292490.0
2018-12-13 15:00:00,NSE:CHOLAFIN,247.62,249.31,245.42,247.62,161690.0
2018-12-14 09:00:00,NSE:CHOLAFIN,246.0,248.08,244.2,246.9,243510.0
2018-12-14 10:00:00,NSE:CHOLAFIN,246.9,248.56,245.3,247.0,216705.0
2018-12-14 11:00:00,NSE:CHOLAFIN,247.0,249.61,245.81,248.4,276855.0
2018-12-14 12:00:00,NSE:CHOLAFIN,248.35,248.66,246.1,247.14,128435.0
2018-12-14 13:00:00,NSE:CHOLAFIN,247.13,247.32,245.6,246.54,89775.0
2018-12-14 14:00:00,NSE:CHOLAFIN,246.58,246.84,244.8,245.47,121100.0
2018-12-14 15:00:00,NSE:CHOLAFIN,245.51,246.6,245.09,245.9,117040.0
2018-12-17 09:00:00,NSE:CHOLAFIN,246.0,247.89,243.17,244.24,190300.0
2018-12-17 10:00:00,NSE:CHOLAFIN,244.23,245.3,243.2,244.75,172295.0
2018-12-17 11:00:00,NSE:CHOLAFIN,244.91,246.5,244.78,245.84,130320.0
2018-12-17 12:00:00,NSE:CHOLAFIN,245.84,246.98,245.39,246.72,75120.0
2018-12-17 13:00:00,NSE:CHOLAFIN,246.72,246.86,244.77,245.96,151675.0
2018-12-17 14:00:00,NSE:CHOLAFIN,245.77,247.41,245.76,246.55,423105.0
2018-12-17 15:00:00,NSE:CHOLAFIN,246.54,247.0,245.84,246.43,120445.0
2018-12-18 09:00:00,NSE:CHOLAFIN,244.8,245.15,241.89,244.24,394905.0
2018-12-18 10:00:00,NSE:CHOLAFIN,244.24,245.71,243.62,244.75,350390.0
2018-12-18 11:00:00,NSE:CHOLAFIN,244.73,244.73,242.96,243.89,296800.0
2018-12-18 12:00:00,NSE:CHOLAFIN,243.87,244.0,242.52,242.55,44825.0
2018-12-18 13:00:00,NSE:CHOLAFIN,242.56,244.0,242.53,243.4,55165.0
2018-12-18 14:00:00,NSE:CHOLAFIN,243.58,244.4,243.45,243.71,229185.0
2018-12-18 15:00:00,NSE:CHOLAFIN,243.66,244.74,242.94,243.97,185385.0
2018-12-19 09:00:00,NSE:CHOLAFIN,246.8,256.34,245.59,255.09,2998085.0
2018-12-19 10:00:00,NSE:CHOLAFIN,255.09,257.98,254.28,257.1,934385.0
2018-12-19 11:00:00,NSE:CHOLAFIN,257.25,260.51,255.2,258.45,761070.0
2018-12-19 12:00:00,NSE:CHOLAFIN,258.4,258.9,257.04,257.36,346810.0
2018-12-19 13:00:00,NSE:CHOLAFIN,257.39,257.43,255.11,255.26,294660.0
2018-12-19 14:00:00,NSE:CHOLAFIN,255.26,256.69,254.2,256.01,382865.0
2018-12-19 15:00:00,NSE:CHOLAFIN,256.05,257.02,254.89,256.32,439605.0
2018-12-20 09:00:00,NSE:CHOLAFIN,255.56,257.92,252.67,255.69,393280.0
2018-12-20 10:00:00,NSE:CHOLAFIN,255.76,259.0,254.71,255.8,1416450.0
2018-12-20 11:00:00,NSE:CHOLAFIN,255.64,256.2,255.0,255.3,179365.0
2018-12-20 12:00:00,NSE:CHOLAFIN,254.91,255.99,254.34,255.95,114980.0
2018-12-20 13:00:00,NSE:CHOLAFIN,255.75,255.99,253.2,253.46,149390.0
2018-12-20 14:00:00,NSE:CHOLAFIN,253.45,255.03,251.38,252.15,219325.0
2018-12-20 15:00:00,NSE:CHOLAFIN,252.3,252.99,251.38,251.88,155035.0
2018-12-21 09:00:00,NSE:CHOLAFIN,252.56,254.94,250.0,252.04,201090.0
2018-12-21 10:00:00,NSE:CHOLAFIN,252.0,252.4,248.22,249.34,457930.0
2018-12-21 11:00:00,NSE:CHOLAFIN,249.33,251.5,248.82,249.19,225585.0
2018-12-21 12:00:00,NSE:CHOLAFIN,249.23,249.34,247.6,247.94,76870.0
2018-12-21 13:00:00,NSE:CHOLAFIN,248.0,250.6,247.92,248.26,54555.0
2018-12-21 14:00:00,NSE:CHOLAFIN,248.25,248.61,243.72,246.44,184890.0
2018-12-21 15:00:00,NSE:CHOLAFIN,246.46,246.46,244.06,244.61,194455.0
2018-12-24 09:00:00,NSE:CHOLAFIN,244.61,246.6,240.2,241.41,158835.0
2018-12-24 10:00:00,NSE:CHOLAFIN,241.55,245.6,240.43,244.56,129190.0
2018-12-24 11:00:00,NSE:CHOLAFIN,244.4,249.75,243.9,248.75,277540.0
2018-12-24 12:00:00,NSE:CHOLAFIN,248.96,250.16,248.0,249.56,94615.0
2018-12-24 13:00:00,NSE:CHOLAFIN,249.56,250.52,248.67,249.09,135685.0
2018-12-24 14:00:00,NSE:CHOLAFIN,249.08,250.03,244.99,245.05,225325.0
2018-12-24 15:00:00,NSE:CHOLAFIN,245.04,246.86,243.4,245.08,167400.0
2018-12-26 09:00:00,NSE:CHOLAFIN,244.0,244.0,231.78,233.07,794775.0
2018-12-26 10:00:00,NSE:CHOLAFIN,233.07,235.68,232.6,235.21,452430.0
2018-12-26 11:00:00,NSE:CHOLAFIN,235.2,236.76,234.99,236.28,534510.0
2018-12-26 12:00:00,NSE:CHOLAFIN,236.29,240.77,236.29,240.08,515710.0
2018-12-26 13:00:00,NSE:CHOLAFIN,240.02,244.33,238.77,244.1,669560.0
2018-12-26 14:00:00,NSE:CHOLAFIN,244.29,245.6,241.7,243.59,352490.0
2018-12-26 15:00:00,NSE:CHOLAFIN,243.43,245.81,243.09,244.56,226830.0
2018-12-27 09:00:00,NSE:CHOLAFIN,248.8,252.76,245.6,245.8,688575.0
2018-12-27 10:00:00,NSE:CHOLAFIN,245.79,246.16,243.48,245.6,354055.0
2018-12-27 11:00:00,NSE:CHOLAFIN,245.6,247.33,244.24,246.3,352870.0
2018-12-27 12:00:00,NSE:CHOLAFIN,246.21,246.59,244.8,245.3,131930.0
2018-12-27 13:00:00,NSE:CHOLAFIN,245.38,246.0,244.59,245.81,63285.0
2018-12-27 14:00:00,NSE:CHOLAFIN,245.96,246.29,242.93,244.19,215420.0
2018-12-27 15:00:00,NSE:CHOLAFIN,243.93,246.78,243.93,245.75,462765.0
2018-12-28 09:00:00,NSE:CHOLAFIN,246.76,250.6,246.6,248.96,190350.0
2018-12-28 10:00:00,NSE:CHOLAFIN,249.03,250.73,248.47,249.37,103715.0
2018-12-28 11:00:00,NSE:CHOLAFIN,249.56,249.59,247.21,248.54,108070.0
2018-12-28 12:00:00,NSE:CHOLAFIN,248.63,248.66,247.64,248.17,30025.0
2018-12-28 13:00:00,NSE:CHOLAFIN,247.92,249.67,247.67,249.12,101665.0
2018-12-28 14:00:00,NSE:CHOLAFIN,249.46,249.61,247.53,248.86,114275.0
2018-12-28 15:00:00,NSE:CHOLAFIN,249.02,250.0,248.32,249.38,172635.0
2018-12-31 09:00:00,NSE:CHOLAFIN,251.88,252.8,248.65,252.4,250605.0
2018-12-31 10:00:00,NSE:CHOLAFIN,252.39,253.67,251.0,253.67,180510.0
2018-12-31 11:00:00,NSE:CHOLAFIN,253.8,255.4,253.22,254.6,259755.0
2018-12-31 12:00:00,NSE:CHOLAFIN,254.6,255.04,252.59,253.61,135195.0
2018-12-31 13:00:00,NSE:CHOLAFIN,253.7,254.49,252.61,252.97,76795.0
2018-12-31 14:00:00,NSE:CHOLAFIN,252.98,253.0,251.09,252.08,153675.0
2018-12-31 15:00:00,NSE:CHOLAFIN,252.11,252.54,251.1,251.94,163785.0
2019-01-01 09:00:00,NSE:CHOLAFIN,252.4,253.59,250.81,251.2,84185.0
2019-01-01 10:00:00,NSE:CHOLAFIN,251.29,252.29,250.15,250.88,97255.0
2019-01-01 11:00:00,NSE:CHOLAFIN,250.88,252.2,250.63,251.7,48015.0
2019-01-01 12:00:00,NSE:CHOLAFIN,251.66,251.91,250.81,251.11,19690.0
2019-01-01 13:00:00,NSE:CHOLAFIN,250.9,250.9,249.05,250.23,65650.0
2019-01-01 14:00:00,NSE:CHOLAFIN,250.31,253.13,249.86,251.56,91525.0
2019-01-01 15:00:00,NSE:CHOLAFIN,251.83,252.36,250.18,251.03,79735.0
2019-01-02 09:00:00,NSE:CHOLAFIN,250.5,253.37,249.01,252.4,226050.0
2019-01-02 10:00:00,NSE:CHOLAFIN,252.4,252.57,249.7,251.0,113815.0
2019-01-02 11:00:00,NSE:CHOLAFIN,251.03,251.41,249.94,251.02,114930.0
2019-01-02 12:00:00,NSE:CHOLAFIN,251.02,251.59,248.4,249.43,181755.0
2019-01-02 13:00:00,NSE:CHOLAFIN,249.44,249.85,245.61,247.9,362235.0
2019-01-02 14:00:00,NSE:CHOLAFIN,247.84,248.4,246.6,247.19,219155.0
2019-01-02 15:00:00,NSE:CHOLAFIN,247.07,248.4,246.12,247.39,204600.0
2019-01-03 09:00:00,NSE:CHOLAFIN,246.32,249.4,246.2,247.26,192320.0
2019-01-03 10:00:00,NSE:CHOLAFIN,247.15,248.43,246.21,246.98,77690.0
2019-01-03 11:00:00,NSE:CHOLAFIN,246.99,247.2,243.71,244.77,138190.0
2019-01-03 12:00:00,NSE:CHOLAFIN,244.75,245.03,243.46,244.0,113075.0
2019-01-03 13:00:00,NSE:CHOLAFIN,244.05,244.68,241.8,242.75,122175.0
2019-01-03 14:00:00,NSE:CHOLAFIN,242.75,243.74,240.47,241.33,277615.0
2019-01-03 15:00:00,NSE:CHOLAFIN,241.38,241.38,239.2,240.09,208185.0
2019-01-04 09:00:00,NSE:CHOLAFIN,240.0,245.29,238.4,240.94,344690.0
2019-01-04 10:00:00,NSE:CHOLAFIN,240.84,243.0,240.0,242.19,121690.0
2019-01-04 11:00:00,NSE:CHOLAFIN,242.19,244.6,242.19,243.78,210975.0
2019-01-04 12:00:00,NSE:CHOLAFIN,243.83,244.35,242.87,243.55,118545.0
2019-01-04 13:00:00,NSE:CHOLAFIN,243.4,243.76,241.6,242.19,137615.0
2019-01-04 14:00:00,NSE:CHOLAFIN,242.19,243.6,241.12,241.97,202765.0
2019-01-04 15:00:00,NSE:CHOLAFIN,241.47,242.58,240.43,241.52,148295.0
2019-01-07 09:00:00,NSE:CHOLAFIN,243.17,245.45,242.0,243.42,246740.0
2019-01-07 10:00:00,NSE:CHOLAFIN,243.55,244.78,242.62,243.85,194065.0
2019-01-07 11:00:00,NSE:CHOLAFIN,243.83,244.36,242.81,243.99,128725.0
2019-01-07 12:00:00,NSE:CHOLAFIN,243.91,245.1,243.0,244.37,116430.0
2019-01-07 13:00:00,NSE:CHOLAFIN,244.23,244.3,242.2,242.58,118655.0
2019-01-07 14:00:00,NSE:CHOLAFIN,242.54,243.34,239.0,239.59,196085.0
2019-01-07 15:00:00,NSE:CHOLAFIN,239.6,240.44,238.22,239.53,201205.0
2019-01-08 09:00:00,NSE:CHOLAFIN,240.0,243.01,239.6,241.73,169660.0
2019-01-08 10:00:00,NSE:CHOLAFIN,241.73,242.0,238.92,239.29,199270.0
2019-01-08 11:00:00,NSE:CHOLAFIN,239.4,240.19,238.95,239.18,128600.0
2019-01-08 12:00:00,NSE:CHOLAFIN,239.12,240.78,239.12,239.79,105990.0
2019-01-08 13:00:00,NSE:CHOLAFIN,239.57,240.66,239.4,239.79,56115.0
2019-01-08 14:00:00,NSE:CHOLAFIN,239.79,240.29,239.22,240.0,113630.0
2019-01-08 15:00:00,NSE:CHOLAFIN,239.98,240.31,239.4,239.93,150470.0
2019-01-09 09:00:00,NSE:CHOLAFIN,242.8,244.15,240.11,244.15,354960.0
2019-01-09 10:00:00,NSE:CHOLAFIN,244.18,244.18,239.11,239.99,377355.0
2019-01-09 11:00:00,NSE:CHOLAFIN,239.8,240.8,239.01,240.03,95505.0
2019-01-09 12:00:00,NSE:CHOLAFIN,240.08,241.89,239.97,241.08,97075.0
2019-01-09 13:00:00,NSE:CHOLAFIN,241.08,241.5,240.01,240.21,942945.0
2019-01-09 14:00:00,NSE:CHOLAFIN,240.21,240.62,237.0,238.94,236100.0
2019-01-09 15:00:00,NSE:CHOLAFIN,238.9,240.29,238.7,239.79,125470.0
2019-01-10 09:00:00,NSE:CHOLAFIN,241.0,241.3,238.68,239.4,114255.0
2019-01-10 10:00:00,NSE:CHOLAFIN,239.57,242.0,239.14,240.66,138620.0
2019-01-10 11:00:00,NSE:CHOLAFIN,240.63,240.78,239.04,239.57,113830.0
2019-01-10 12:00:00,NSE:CHOLAFIN,239.56,239.73,238.05,239.12,361335.0
2019-01-10 13:00:00,NSE:CHOLAFIN,239.11,239.29,238.6,238.6,120925.0
2019-01-10 14:00:00,NSE:CHOLAFIN,238.53,239.18,237.36,239.08,149660.0
2019-01-10 15:00:00,NSE:CHOLAFIN,239.08,239.39,238.25,239.1,162260.0
2019-01-11 09:00:00,NSE:CHOLAFIN,238.41,239.65,237.0,237.39,150720.0
2019-01-11 10:00:00,NSE:CHOLAFIN,237.4,238.38,236.7,237.55,102590.0
2019-01-11 11:00:00,NSE:CHOLAFIN,237.55,237.64,236.1,236.69,107860.0
2019-01-11 12:00:00,NSE:CHOLAFIN,236.84,236.97,235.56,235.93,141425.0
2019-01-11 13:00:00,NSE:CHOLAFIN,235.93,236.99,235.6,235.81,78875.0
2019-01-11 14:00:00,NSE:CHOLAFIN,235.81,237.36,235.0,236.6,113160.0
2019-01-11 15:00:00,NSE:CHOLAFIN,236.49,237.35,235.38,235.41,130570.0
2019-01-14 09:00:00,NSE:CHOLAFIN,236.4,238.63,235.6,236.69,154235.0
2019-01-14 10:00:00,NSE:CHOLAFIN,237.0,237.38,233.65,234.0,122150.0
2019-01-14 11:00:00,NSE:CHOLAFIN,234.18,234.18,231.4,231.58,142845.0
2019-01-14 12:00:00,NSE:CHOLAFIN,231.53,233.2,230.4,232.75,206740.0
2019-01-14 13:00:00,NSE:CHOLAFIN,232.75,235.3,232.69,234.99,183775.0
2019-01-14 14:00:00,NSE:CHOLAFIN,234.96,237.99,234.6,236.46,252610.0
2019-01-14 15:00:00,NSE:CHOLAFIN,236.26,238.95,236.26,237.87,231630.0
2019-01-15 09:00:00,NSE:CHOLAFIN,238.0,240.26,237.47,238.1,137390.0
2019-01-15 10:00:00,NSE:CHOLAFIN,238.0,238.8,236.71,238.66,137610.0
2019-01-15 11:00:00,NSE:CHOLAFIN,238.66,239.8,237.2,237.38,123560.0
2019-01-15 12:00:00,NSE:CHOLAFIN,237.37,237.6,236.21,236.24,98315.0
2019-01-15 13:00:00,NSE:CHOLAFIN,236.25,237.72,235.64,237.59,91945.0
2019-01-15 14:00:00,NSE:CHOLAFIN,237.6,238.23,236.27,237.57,83510.0
2019-01-15 15:00:00,NSE:CHOLAFIN,237.5,239.0,237.13,238.18,152280.0
2019-01-16 09:00:00,NSE:CHOLAFIN,238.8,242.18,238.76,241.08,167315.0
2019-01-16 10:00:00,NSE:CHOLAFIN,241.2,241.41,239.0,239.53,109450.0
2019-01-16 11:00:00,NSE:CHOLAFIN,239.48,239.77,237.68,238.47,139520.0
2019-01-16 12:00:00,NSE:CHOLAFIN,238.35,240.44,238.21,240.29,117030.0
2019-01-16 13:00:00,NSE:CHOLAFIN,240.29,240.8,239.6,239.8,77710.0
2019-01-16 14:00:00,NSE:CHOLAFIN,239.6,239.98,238.87,239.67,111505.0
2019-01-16 15:00:00,NSE:CHOLAFIN,240.0,240.0,236.81,237.28,86235.0
2019-01-17 09:00:00,NSE:CHOLAFIN,239.98,241.11,238.51,239.53,150945.0
2019-01-17 10:00:00,NSE:CHOLAFIN,239.49,241.6,239.49,240.59,111975.0
2019-01-17 11:00:00,NSE:CHOLAFIN,240.59,241.06,239.59,240.28,93880.0
2019-01-17 12:00:00,NSE:CHOLAFIN,240.11,240.21,238.06,238.4,82820.0
2019-01-17 13:00:00,NSE:CHOLAFIN,238.4,239.32,236.61,237.01,122225.0
2019-01-17 14:00:00,NSE:CHOLAFIN,237.0,239.0,236.2,238.75,117355.0
2019-01-17 15:00:00,NSE:CHOLAFIN,238.73,240.09,237.91,239.24,354985.0
2019-01-18 09:00:00,NSE:CHOLAFIN,240.78,241.15,236.8,237.16,120165.0
2019-01-18 10:00:00,NSE:CHOLAFIN,237.44,238.6,236.8,236.93,78070.0
2019-01-18 11:00:00,NSE:CHOLAFIN,236.98,238.2,236.98,237.74,54345.0
2019-01-18 12:00:00,NSE:CHOLAFIN,237.74,237.74,236.47,236.79,54675.0
2019-01-18 13:00:00,NSE:CHOLAFIN,236.77,237.3,235.11,237.16,65315.0
2019-01-18 14:00:00,NSE:CHOLAFIN,237.19,237.7,236.19,236.21,78620.0
2019-01-18 15:00:00,NSE:CHOLAFIN,236.0,236.2,234.55,235.23,104200.0
2019-01-21 09:00:00,NSE:CHOLAFIN,236.17,236.86,234.77,236.22,80160.0
2019-01-21 10:00:00,NSE:CHOLAFIN,236.22,236.82,234.21,234.77,90545.0
2019-01-21 11:00:00,NSE:CHOLAFIN,234.68,235.56,233.2,234.92,81700.0
2019-01-21 12:00:00,NSE:CHOLAFIN,234.92,235.58,234.5,235.12,97225.0
2019-01-21 13:00:00,NSE:CHOLAFIN,235.12,235.6,233.9,233.91,92400.0
2019-01-21 14:00:00,NSE:CHOLAFIN,233.91,234.57,233.49,234.0,140255.0
2019-01-21 15:00:00,NSE:CHOLAFIN,234.0,234.68,233.53,234.1,139685.0
2019-01-22 09:00:00,NSE:CHOLAFIN,234.3,234.67,230.21,230.46,170035.0
2019-01-22 10:00:00,NSE:CHOLAFIN,230.44,230.8,228.49,229.05,219780.0
2019-01-22 11:00:00,NSE:CHOLAFIN,229.05,229.07,226.86,227.04,243375.0
2019-01-22 12:00:00,NSE:CHOLAFIN,227.0,229.0,226.04,226.34,328370.0
2019-01-22 13:00:00,NSE:CHOLAFIN,226.33,226.85,225.03,225.24,366870.0
2019-01-22 14:00:00,NSE:CHOLAFIN,225.25,228.4,225.21,227.17,550560.0
2019-01-22 15:00:00,NSE:CHOLAFIN,227.19,229.08,227.03,227.84,370340.0
2019-01-23 09:00:00,NSE:CHOLAFIN,228.4,232.96,228.14,232.08,254980.0
2019-01-23 10:00:00,NSE:CHOLAFIN,232.25,232.74,230.24,232.0,463825.0
2019-01-23 11:00:00,NSE:CHOLAFIN,231.99,232.6,231.47,231.97,139280.0
2019-01-23 12:00:00,NSE:CHOLAFIN,231.97,232.0,231.0,231.92,108930.0
2019-01-23 13:00:00,NSE:CHOLAFIN,231.91,232.03,231.61,231.97,111480.0
2019-01-23 14:00:00,NSE:CHOLAFIN,232.0,232.0,230.85,231.26,143690.0
2019-01-23 15:00:00,NSE:CHOLAFIN,231.17,231.25,227.58,228.99,203900.0
2019-01-24 09:00:00,NSE:CHOLAFIN,229.33,232.8,227.98,231.59,180095.0
2019-01-24 10:00:00,NSE:CHOLAFIN,231.54,233.4,230.71,231.98,393135.0
2019-01-24 11:00:00,NSE:CHOLAFIN,231.97,232.07,230.2,231.9,82510.0
2019-01-24 12:00:00,NSE:CHOLAFIN,231.9,232.05,231.39,231.79,56490.0
2019-01-24 13:00:00,NSE:CHOLAFIN,231.8,232.6,231.42,232.04,176525.0
2019-01-24 14:00:00,NSE:CHOLAFIN,232.02,232.07,230.9,231.02,196925.0
2019-01-24 15:00:00,NSE:CHOLAFIN,231.02,232.92,230.96,231.89,178530.0
2019-01-25 09:00:00,NSE:CHOLAFIN,232.8,233.99,231.07,232.5,82385.0
2019-01-25 10:00:00,NSE:CHOLAFIN,232.46,232.74,230.03,230.48,86610.0
2019-01-25 11:00:00,NSE:CHOLAFIN,230.6,231.94,229.11,231.2,116345.0
2019-01-25 12:00:00,NSE:CHOLAFIN,231.2,232.44,231.05,231.84,86325.0
2019-01-25 13:00:00,NSE:CHOLAFIN,231.89,232.0,231.26,231.71,328970.0
2019-01-25 14:00:00,NSE:CHOLAFIN,231.73,231.77,228.42,229.02,172595.0
2019-01-25 15:00:00,NSE:CHOLAFIN,229.19,230.53,229.0,229.57,138740.0
2019-01-28 09:00:00,NSE:CHOLAFIN,230.47,231.22,222.88,223.77,104510.0
2019-01-28 10:00:00,NSE:CHOLAFIN,224.37,225.47,223.43,224.88,56000.0
2019-01-28 11:00:00,NSE:CHOLAFIN,224.82,227.91,224.6,227.74,179980.0
2019-01-28 12:00:00,NSE:CHOLAFIN,227.94,228.58,225.38,226.15,60500.0
2019-01-28 13:00:00,NSE:CHOLAFIN,226.33,227.37,225.95,226.62,65235.0
2019-01-28 14:00:00,NSE:CHOLAFIN,226.88,228.0,225.73,226.0,61560.0
2019-01-28 15:00:00,NSE:CHOLAFIN,225.77,227.6,225.0,225.67,130280.0
2019-01-29 09:00:00,NSE:CHOLAFIN,225.6,226.92,222.0,223.02,110885.0
2019-01-29 10:00:00,NSE:CHOLAFIN,223.02,223.03,220.27,221.52,429385.0
2019-01-29 11:00:00,NSE:CHOLAFIN,221.51,222.0,219.43,220.46,173055.0
2019-01-29 12:00:00,NSE:CHOLAFIN,220.6,223.81,220.2,220.48,211460.0
2019-01-29 13:00:00,NSE:CHOLAFIN,220.59,221.45,218.88,219.9,154665.0
2019-01-29 14:00:00,NSE:CHOLAFIN,219.9,221.5,219.76,220.76,121685.0
2019-01-29 15:00:00,NSE:CHOLAFIN,220.86,222.2,220.8,221.82,209470.0
2019-01-30 09:00:00,NSE:CHOLAFIN,224.8,224.8,220.09,220.42,172855.0
2019-01-30 10:00:00,NSE:CHOLAFIN,220.63,221.4,218.2,220.01,164120.0
2019-01-30 11:00:00,NSE:CHOLAFIN,220.08,221.53,219.08,220.03,79620.0
2019-01-30 12:00:00,NSE:CHOLAFIN,220.03,221.56,219.11,220.6,110385.0
2019-01-30 13:00:00,NSE:CHOLAFIN,220.6,226.75,220.21,225.4,293595.0
2019-01-30 14:00:00,NSE:CHOLAFIN,225.4,226.35,223.56,225.38,366095.0
2019-01-30 15:00:00,NSE:CHOLAFIN,225.39,228.88,225.39,226.27,348450.0
2019-01-31 09:00:00,NSE:CHOLAFIN,230.96,231.05,225.99,228.4,547125.0
2019-01-31 10:00:00,NSE:CHOLAFIN,228.4,233.0,227.8,231.62,538865.0
2019-01-31 11:00:00,NSE:CHOLAFIN,231.73,236.23,231.4,234.5,577050.0
2019-01-31 12:00:00,NSE:CHOLAFIN,234.5,235.2,233.25,234.01,360580.0
2019-01-31 13:00:00,NSE:CHOLAFIN,234.01,235.98,233.72,235.18,506480.0
2019-01-31 14:00:00,NSE:CHOLAFIN,235.2,235.5,234.0,235.5,362635.0
2019-01-31 15:00:00,NSE:CHOLAFIN,235.52,235.6,233.8,234.46,843385.0
2019-02-01 09:00:00,NSE:CHOLAFIN,235.0,245.39,235.0,242.47,627355.0
2019-02-01 10:00:00,NSE:CHOLAFIN,242.34,243.2,241.48,241.6,214270.0
2019-02-01 11:00:00,NSE:CHOLAFIN,241.66,243.78,241.17,243.0,275150.0
2019-02-01 12:00:00,NSE:CHOLAFIN,243.0,249.55,242.83,247.84,746135.0
2019-02-01 13:00:00,NSE:CHOLAFIN,247.85,249.6,244.13,245.2,805610.0
2019-02-01 14:00:00,NSE:CHOLAFIN,245.2,245.54,241.39,242.61,425370.0
2019-02-01 15:00:00,NSE:CHOLAFIN,242.66,244.86,241.65,243.27,222800.0
2019-02-04 09:00:00,NSE:CHOLAFIN,243.27,244.2,238.0,242.96,258580.0
2019-02-04 10:00:00,NSE:CHOLAFIN,242.8,248.58,242.2,247.84,319340.0
2019-02-04 11:00:00,NSE:CHOLAFIN,248.0,248.22,243.1,244.96,260265.0
2019-02-04 12:00:00,NSE:CHOLAFIN,245.0,245.74,243.86,245.3,149935.0
2019-02-04 13:00:00,NSE:CHOLAFIN,245.3,245.4,241.6,244.0,155695.0
2019-02-04 14:00:00,NSE:CHOLAFIN,244.26,245.75,243.0,245.3,109780.0
2019-02-04 15:00:00,NSE:CHOLAFIN,245.42,245.55,243.39,244.36,116895.0
2019-02-05 09:00:00,NSE:CHOLAFIN,245.88,247.53,242.72,245.84,246655.0
2019-02-05 10:00:00,NSE:CHOLAFIN,245.81,246.7,244.87,246.3,210525.0
2019-02-05 11:00:00,NSE:CHOLAFIN,246.14,247.89,245.47,247.06,207050.0
2019-02-05 12:00:00,NSE:CHOLAFIN,247.06,248.88,246.58,248.62,324880.0
2019-02-05 13:00:00,NSE:CHOLAFIN,248.59,248.6,246.63,246.85,356905.0
2019-02-05 14:00:00,NSE:CHOLAFIN,246.85,247.88,246.8,247.1,247590.0
2019-02-05 15:00:00,NSE:CHOLAFIN,247.17,248.2,246.76,247.47,136870.0
2019-02-06 09:00:00,NSE:CHOLAFIN,247.4,248.67,244.44,247.0,270575.0
2019-02-06 10:00:00,NSE:CHOLAFIN,246.91,247.9,245.2,246.2,179115.0
2019-02-06 11:00:00,NSE:CHOLAFIN,246.28,249.8,246.28,248.61,189450.0
2019-02-06 12:00:00,NSE:CHOLAFIN,248.62,248.96,247.0,247.57,85780.0
2019-02-06 13:00:00,NSE:CHOLAFIN,247.28,248.0,246.71,247.42,75230.0
2019-02-06 14:00:00,NSE:CHOLAFIN,247.19,248.92,247.0,248.2,97255.0
2019-02-06 15:00:00,NSE:CHOLAFIN,247.93,252.2,247.89,249.52,167435.0
2019-02-07 09:00:00,NSE:CHOLAFIN,249.6,251.17,248.5,249.94,361630.0
2019-02-07 10:00:00,NSE:CHOLAFIN,249.94,250.8,249.0,249.91,135105.0
2019-02-07 11:00:00,NSE:CHOLAFIN,249.79,252.24,249.6,250.28,250720.0
2019-02-07 12:00:00,NSE:CHOLAFIN,250.26,250.79,249.0,249.61,184450.0
2019-02-07 13:00:00,NSE:CHOLAFIN,249.7,254.39,249.6,252.92,404860.0
2019-02-07 14:00:00,NSE:CHOLAFIN,253.16,253.38,250.0,250.43,189660.0
2019-02-07 15:00:00,NSE:CHOLAFIN,250.43,250.9,249.3,250.31,169695.0
2019-02-08 09:00:00,NSE:CHOLAFIN,248.04,252.8,248.04,249.53,197180.0
2019-02-08 10:00:00,NSE:CHOLAFIN,249.58,250.55,244.74,245.15,465535.0
2019-02-08 11:00:00,NSE:CHOLAFIN,245.0,246.24,243.6,245.02,221680.0
2019-02-08 12:00:00,NSE:CHOLAFIN,245.16,248.44,244.79,247.76,117135.0
2019-02-08 13:00:00,NSE:CHOLAFIN,247.76,250.1,247.51,249.93,82910.0
2019-02-08 14:00:00,NSE:CHOLAFIN,250.0,250.2,245.68,246.0,127560.0
2019-02-08 15:00:00,NSE:CHOLAFIN,246.09,246.58,243.74,244.6,379300.0
2019-02-11 09:00:00,NSE:CHOLAFIN,245.8,245.8,239.39,242.2,220865.0
2019-02-11 10:00:00,NSE:CHOLAFIN,242.2,246.35,241.98,244.69,212815.0
2019-02-11 11:00:00,NSE:CHOLAFIN,244.76,244.98,243.75,244.05,140945.0
2019-02-11 12:00:00,NSE:CHOLAFIN,244.05,244.79,243.15,243.97,147470.0
2019-02-11 13:00:00,NSE:CHOLAFIN,244.0,244.03,243.09,243.14,46375.0
2019-02-11 14:00:00,NSE:CHOLAFIN,243.22,244.0,241.3,242.58,124230.0
2019-02-11 15:00:00,NSE:CHOLAFIN,242.52,242.77,240.51,241.6,99780.0
2019-02-12 09:00:00,NSE:CHOLAFIN,241.2,244.43,241.2,243.0,139470.0
2019-02-12 10:00:00,NSE:CHOLAFIN,243.0,245.39,241.19,241.6,455145.0
2019-02-12 11:00:00,NSE:CHOLAFIN,241.75,243.1,239.25,239.5,249485.0
2019-02-12 12:00:00,NSE:CHOLAFIN,239.73,239.73,237.61,238.18,197575.0
2019-02-12 13:00:00,NSE:CHOLAFIN,238.18,238.85,236.89,238.35,152110.0
2019-02-12 14:00:00,NSE:CHOLAFIN,238.37,240.09,236.6,239.14,314540.0
2019-02-12 15:00:00,NSE:CHOLAFIN,239.14,240.1,237.51,239.04,263910.0
2019-02-13 09:00:00,NSE:CHOLAFIN,241.4,241.8,238.4,239.2,153660.0
2019-02-13 10:00:00,NSE:CHOLAFIN,239.07,241.15,238.77,240.81,97970.0
2019-02-13 11:00:00,NSE:CHOLAFIN,240.94,241.14,239.53,240.48,267510.0
2019-02-13 12:00:00,NSE:CHOLAFIN,240.49,241.1,239.8,240.79,68410.0
2019-02-13 13:00:00,NSE:CHOLAFIN,240.6,242.1,239.4,240.34,339370.0
2019-02-13 14:00:00,NSE:CHOLAFIN,240.37,240.96,239.94,240.79,157165.0
2019-02-13 15:00:00,NSE:CHOLAFIN,240.61,240.89,240.0,240.54,237725.0
2019-02-14 09:00:00,NSE:CHOLAFIN,240.02,242.0,237.77,239.08,80770.0
2019-02-14 10:00:00,NSE:CHOLAFIN,239.09,240.1,238.49,239.2,40965.0
2019-02-14 11:00:00,NSE:CHOLAFIN,239.2,240.05,238.08,239.24,83520.0
2019-02-14 12:00:00,NSE:CHOLAFIN,239.24,239.64,238.02,238.09,83390.0
2019-02-14 13:00:00,NSE:CHOLAFIN,238.4,240.08,238.0,240.0,113830.0
2019-02-14 14:00:00,NSE:CHOLAFIN,240.04,240.66,238.63,239.6,241945.0
2019-02-14 15:00:00,NSE:CHOLAFIN,239.48,240.0,239.37,239.82,107170.0
2019-02-15 09:00:00,NSE:CHOLAFIN,238.81,241.58,238.81,239.8,389005.0
2019-02-15 10:00:00,NSE:CHOLAFIN,239.97,240.45,239.1,239.34,99130.0
2019-02-15 11:00:00,NSE:CHOLAFIN,239.31,239.36,235.2,236.06,180255.0
2019-02-15 12:00:00,NSE:CHOLAFIN,236.06,236.96,234.96,235.56,97975.0
2019-02-15 13:00:00,NSE:CHOLAFIN,235.54,236.24,233.66,235.01,141105.0
2019-02-15 14:00:00,NSE:CHOLAFIN,235.0,235.88,234.0,235.57,175685.0
2019-02-15 15:00:00,NSE:CHOLAFIN,235.42,239.47,235.2,237.49,186600.0
2019-02-18 09:00:00,NSE:CHOLAFIN,238.0,238.92,233.6,234.1,123225.0
2019-02-18 10:00:00,NSE:CHOLAFIN,234.1,234.19,230.88,231.4,177130.0
2019-02-18 11:00:00,NSE:CHOLAFIN,231.3,231.73,230.05,230.53,130330.0
2019-02-18 12:00:00,NSE:CHOLAFIN,230.53,231.75,230.21,231.59,69285.0
2019-02-18 13:00:00,NSE:CHOLAFIN,231.58,231.69,230.0,230.02,143320.0
2019-02-18 14:00:00,NSE:CHOLAFIN,230.09,230.1,226.64,229.1,668785.0
2019-02-18 15:00:00,NSE:CHOLAFIN,229.12,231.4,228.91,230.69,295085.0
2019-02-19 09:00:00,NSE:CHOLAFIN,229.3,234.96,229.3,234.38,138850.0
2019-02-19 10:00:00,NSE:CHOLAFIN,233.95,234.21,232.0,233.2,524755.0
2019-02-19 11:00:00,NSE:CHOLAFIN,233.11,234.2,232.82,233.67,62255.0
2019-02-19 12:00:00,NSE:CHOLAFIN,233.54,234.64,233.2,233.65,106875.0
2019-02-19 13:00:00,NSE:CHOLAFIN,233.65,234.75,233.6,234.44,155360.0
2019-02-19 14:00:00,NSE:CHOLAFIN,234.44,234.54,230.52,231.96,99320.0
2019-02-19 15:00:00,NSE:CHOLAFIN,231.87,232.8,231.12,232.01,84175.0
2019-02-20 09:00:00,NSE:CHOLAFIN,232.0,237.52,232.0,236.36,415065.0
2019-02-20 10:00:00,NSE:CHOLAFIN,236.35,237.95,235.61,235.95,172970.0
2019-02-20 11:00:00,NSE:CHOLAFIN,235.95,237.4,235.6,237.2,126080.0
2019-02-20 12:00:00,NSE:CHOLAFIN,237.2,238.9,237.12,237.7,177830.0
2019-02-20 13:00:00,NSE:CHOLAFIN,237.7,238.07,236.02,236.17,135650.0
2019-02-20 14:00:00,NSE:CHOLAFIN,236.22,236.52,234.96,235.27,161100.0
2019-02-20 15:00:00,NSE:CHOLAFIN,235.4,238.27,235.33,237.96,231845.0
2019-02-21 09:00:00,NSE:CHOLAFIN,237.34,240.0,233.84,234.88,233675.0
2019-02-21 10:00:00,NSE:CHOLAFIN,234.88,235.11,233.48,233.83,176050.0
2019-02-21 11:00:00,NSE:CHOLAFIN,234.0,235.07,233.6,233.84,172840.0
2019-02-21 12:00:00,NSE:CHOLAFIN,233.91,234.98,233.45,234.6,179260.0
2019-02-21 13:00:00,NSE:CHOLAFIN,234.6,235.6,233.26,233.86,243580.0
2019-02-21 14:00:00,NSE:CHOLAFIN,233.9,234.1,233.32,233.93,257105.0
2019-02-21 15:00:00,NSE:CHOLAFIN,233.84,235.0,233.6,233.99,295200.0
2019-02-22 09:00:00,NSE:CHOLAFIN,234.96,236.87,234.13,235.0,173040.0
2019-02-22 10:00:00,NSE:CHOLAFIN,235.0,236.23,234.47,235.84,162950.0
2019-02-22 11:00:00,NSE:CHOLAFIN,235.84,237.47,235.53,236.37,266115.0
2019-02-22 12:00:00,NSE:CHOLAFIN,236.52,237.34,236.1,237.0,280760.0
2019-02-22 13:00:00,NSE:CHOLAFIN,237.0,240.3,236.87,240.24,305165.0
2019-02-22 14:00:00,NSE:CHOLAFIN,240.25,241.0,237.3,237.38,422505.0
2019-02-22 15:00:00,NSE:CHOLAFIN,237.51,238.18,237.11,237.66,177095.0
2019-02-25 09:00:00,NSE:CHOLAFIN,239.0,241.88,237.07,240.88,297040.0
2019-02-25 10:00:00,NSE:CHOLAFIN,240.94,241.1,239.62,239.81,174840.0
2019-02-25 11:00:00,NSE:CHOLAFIN,239.81,240.18,239.3,239.73,106315.0
2019-02-25 12:00:00,NSE:CHOLAFIN,239.86,240.21,239.35,239.72,141430.0
2019-02-25 13:00:00,NSE:CHOLAFIN,239.86,240.26,239.22,239.89,89675.0
2019-02-25 14:00:00,NSE:CHOLAFIN,239.83,240.0,238.34,239.65,319790.0
2019-02-25 15:00:00,NSE:CHOLAFIN,239.58,240.0,238.7,239.32,185290.0
2019-02-26 09:00:00,NSE:CHOLAFIN,234.58,238.4,233.0,233.77,171500.0
2019-02-26 10:00:00,NSE:CHOLAFIN,233.71,236.0,232.57,235.84,95225.0
2019-02-26 11:00:00,NSE:CHOLAFIN,235.83,238.77,235.83,237.81,95650.0
2019-02-26 12:00:00,NSE:CHOLAFIN,237.81,239.44,237.64,237.94,114065.0
2019-02-26 13:00:00,NSE:CHOLAFIN,237.94,239.2,237.35,238.45,187740.0
2019-02-26 14:00:00,NSE:CHOLAFIN,238.45,242.4,238.2,239.82,301645.0
2019-02-26 15:00:00,NSE:CHOLAFIN,239.95,240.82,239.2,240.1,158910.0
2019-02-27 09:00:00,NSE:CHOLAFIN,241.38,245.6,241.2,244.0,185415.0
2019-02-27 10:00:00,NSE:CHOLAFIN,244.0,246.0,243.99,245.96,216515.0
2019-02-27 11:00:00,NSE:CHOLAFIN,245.87,247.67,244.79,246.1,502230.0
2019-02-27 12:00:00,NSE:CHOLAFIN,246.09,246.1,241.66,241.8,480440.0
2019-02-27 13:00:00,NSE:CHOLAFIN,241.8,246.2,241.0,245.58,255830.0
2019-02-27 14:00:00,NSE:CHOLAFIN,245.8,246.0,243.35,244.64,252540.0
2019-02-27 15:00:00,NSE:CHOLAFIN,244.58,245.23,241.6,243.39,210530.0
2019-02-28 09:00:00,NSE:CHOLAFIN,244.82,245.39,240.88,242.15,148515.0
2019-02-28 10:00:00,NSE:CHOLAFIN,242.13,242.99,241.35,242.54,50280.0
2019-02-28 11:00:00,NSE:CHOLAFIN,242.51,242.76,241.91,242.09,42675.0
2019-02-28 12:00:00,NSE:CHOLAFIN,242.17,242.18,241.4,241.85,59855.0
2019-02-28 13:00:00,NSE:CHOLAFIN,241.81,243.32,241.46,242.84,41350.0
2019-02-28 14:00:00,NSE:CHOLAFIN,242.84,244.8,242.84,244.2,100055.0
2019-02-28 15:00:00,NSE:CHOLAFIN,244.53,247.3,244.52,246.22,497265.0
2019-03-01 09:00:00,NSE:CHOLAFIN,246.22,253.8,245.11,253.47,375990.0
2019-03-01 10:00:00,NSE:CHOLAFIN,253.44,254.6,252.85,253.8,549090.0
2019-03-01 11:00:00,NSE:CHOLAFIN,253.8,254.4,252.58,253.0,253990.0
2019-03-01 12:00:00,NSE:CHOLAFIN,252.92,253.36,252.22,252.93,142360.0
2019-03-01 13:00:00,NSE:CHOLAFIN,252.93,253.0,251.86,252.46,209400.0
2019-03-01 14:00:00,NSE:CHOLAFIN,252.58,253.15,250.84,252.23,804000.0
2019-03-01 15:00:00,NSE:CHOLAFIN,252.17,255.0,252.1,253.83,228700.0
2019-03-05 09:00:00,NSE:CHOLAFIN,254.4,259.37,253.83,257.45,623175.0
2019-03-05 10:00:00,NSE:CHOLAFIN,257.33,258.18,254.86,255.62,287595.0
2019-03-05 11:00:00,NSE:CHOLAFIN,255.61,255.61,253.8,255.19,217125.0
2019-03-05 12:00:00,NSE:CHOLAFIN,255.03,256.2,254.8,255.92,210995.0
2019-03-05 13:00:00,NSE:CHOLAFIN,255.81,257.8,255.79,257.42,313940.0
2019-03-05 14:00:00,NSE:CHOLAFIN,257.42,259.02,256.34,256.46,224930.0
2019-03-05 15:00:00,NSE:CHOLAFIN,256.71,257.97,255.7,257.23,262060.0
2019-03-06 09:00:00,NSE:CHOLAFIN,259.0,265.97,259.0,261.99,708230.0
2019-03-06 10:00:00,NSE:CHOLAFIN,261.74,262.49,259.72,260.78,219080.0
2019-03-06 11:00:00,NSE:CHOLAFIN,260.72,261.6,260.24,261.47,98945.0
2019-03-06 12:00:00,NSE:CHOLAFIN,261.56,261.89,260.24,260.44,70915.0
2019-03-06 13:00:00,NSE:CHOLAFIN,260.82,261.7,259.92,261.23,80680.0
2019-03-06 14:00:00,NSE:CHOLAFIN,261.2,262.34,260.44,261.86,149445.0
2019-03-06 15:00:00,NSE:CHOLAFIN,261.79,262.0,260.62,261.54,119920.0
2019-03-07 09:00:00,NSE:CHOLAFIN,262.0,263.89,258.28,259.6,200360.0
2019-03-07 10:00:00,NSE:CHOLAFIN,259.58,263.6,259.33,262.08,154895.0
2019-03-07 11:00:00,NSE:CHOLAFIN,262.08,264.4,261.75,262.6,202990.0
2019-03-07 12:00:00,NSE:CHOLAFIN,262.6,262.86,261.0,261.31,52525.0
2019-03-07 13:00:00,NSE:CHOLAFIN,261.52,262.46,260.67,261.4,49155.0
2019-03-07 14:00:00,NSE:CHOLAFIN,261.31,262.2,260.62,261.15,56810.0
2019-03-07 15:00:00,NSE:CHOLAFIN,261.14,261.31,258.76,259.44,123835.0
2019-03-08 09:00:00,NSE:CHOLAFIN,260.69,261.3,258.02,258.58,193255.0
2019-03-08 10:00:00,NSE:CHOLAFIN,258.62,262.57,258.13,261.12,179350.0
2019-03-08 11:00:00,NSE:CHOLAFIN,261.14,261.91,260.4,261.31,105025.0
2019-03-08 12:00:00,NSE:CHOLAFIN,261.52,261.99,258.91,259.47,70230.0
2019-03-08 13:00:00,NSE:CHOLAFIN,259.44,260.25,258.44,258.56,64065.0
2019-03-08 14:00:00,NSE:CHOLAFIN,258.53,259.34,257.42,258.35,83995.0
2019-03-08 15:00:00,NSE:CHOLAFIN,258.6,258.69,257.41,257.62,109880.0
2019-03-11 09:00:00,NSE:CHOLAFIN,258.43,262.93,258.43,262.6,214085.0
2019-03-11 10:00:00,NSE:CHOLAFIN,262.99,265.65,262.68,265.6,296545.0
2019-03-11 11:00:00,NSE:CHOLAFIN,265.6,266.8,265.13,266.24,186585.0
2019-03-11 12:00:00,NSE:CHOLAFIN,266.25,266.6,265.8,266.19,216360.0
2019-03-11 13:00:00,NSE:CHOLAFIN,266.21,268.98,266.11,268.5,184605.0
2019-03-11 14:00:00,NSE:CHOLAFIN,268.55,270.67,268.2,270.02,442225.0
2019-03-11 15:00:00,NSE:CHOLAFIN,270.12,274.0,270.0,271.84,327395.0
2019-03-12 09:00:00,NSE:CHOLAFIN,274.01,278.52,274.01,277.15,813460.0
2019-03-12 10:00:00,NSE:CHOLAFIN,277.16,277.4,272.7,273.11,348230.0
2019-03-12 11:00:00,NSE:CHOLAFIN,273.11,273.9,268.6,269.86,452170.0
2019-03-12 12:00:00,NSE:CHOLAFIN,269.88,270.2,268.66,269.73,224360.0
2019-03-12 13:00:00,NSE:CHOLAFIN,269.73,270.15,269.15,269.91,157635.0
2019-03-12 14:00:00,NSE:CHOLAFIN,269.91,275.0,269.4,274.6,466115.0
2019-03-12 15:00:00,NSE:CHOLAFIN,274.43,275.7,271.4,271.8,571955.0
2019-03-13 09:00:00,NSE:CHOLAFIN,273.96,275.0,271.82,274.04,266950.0
2019-03-13 10:00:00,NSE:CHOLAFIN,274.01,274.23,268.0,271.0,488955.0
2019-03-13 11:00:00,NSE:CHOLAFIN,271.22,272.65,270.6,271.27,150285.0
2019-03-13 12:00:00,NSE:CHOLAFIN,271.27,273.39,270.61,271.64,163355.0
2019-03-13 13:00:00,NSE:CHOLAFIN,271.63,272.19,270.0,270.61,170205.0
2019-03-13 14:00:00,NSE:CHOLAFIN,270.71,270.99,268.46,270.2,162245.0
2019-03-13 15:00:00,NSE:CHOLAFIN,270.3,271.6,269.68,270.87,280855.0
2019-03-14 09:00:00,NSE:CHOLAFIN,272.2,273.16,270.59,272.0,144465.0
2019-03-14 10:00:00,NSE:CHOLAFIN,272.01,278.48,271.78,278.21,676435.0
2019-03-14 11:00:00,NSE:CHOLAFIN,278.31,278.8,275.2,275.79,660325.0
2019-03-14 12:00:00,NSE:CHOLAFIN,275.93,275.93,272.0,272.55,333775.0
2019-03-14 13:00:00,NSE:CHOLAFIN,272.5,273.64,272.0,272.84,194160.0
2019-03-14 14:00:00,NSE:CHOLAFIN,272.84,273.8,272.0,272.45,336040.0
2019-03-14 15:00:00,NSE:CHOLAFIN,272.45,273.33,271.93,272.35,222835.0
2019-03-15 09:00:00,NSE:CHOLAFIN,273.8,277.99,272.66,275.47,483940.0
2019-03-15 10:00:00,NSE:CHOLAFIN,275.27,275.5,273.5,275.34,144960.0
2019-03-15 11:00:00,NSE:CHOLAFIN,275.34,276.1,273.51,274.36,102630.0
2019-03-15 12:00:00,NSE:CHOLAFIN,274.37,276.0,274.06,275.89,93765.0
2019-03-15 13:00:00,NSE:CHOLAFIN,275.89,280.4,274.81,279.65,675545.0
2019-03-15 14:00:00,NSE:CHOLAFIN,279.8,280.6,278.51,278.89,627150.0
2019-03-15 15:00:00,NSE:CHOLAFIN,278.89,280.0,276.7,278.02,521435.0
2019-03-18 09:00:00,NSE:CHOLAFIN,279.75,281.91,278.21,279.3,219770.0
2019-03-18 10:00:00,NSE:CHOLAFIN,279.3,280.2,276.66,278.18,188780.0
2019-03-18 11:00:00,NSE:CHOLAFIN,278.18,278.6,277.6,278.29,53375.0
2019-03-18 12:00:00,NSE:CHOLAFIN,278.29,278.4,277.48,278.26,135460.0
2019-03-18 13:00:00,NSE:CHOLAFIN,278.26,278.4,277.83,278.19,90640.0
2019-03-18 14:00:00,NSE:CHOLAFIN,278.0,278.34,277.6,278.0,294640.0
2019-03-18 15:00:00,NSE:CHOLAFIN,277.95,278.92,277.62,278.6,158575.0
2019-03-19 09:00:00,NSE:CHOLAFIN,279.6,280.4,276.6,278.74,95675.0
2019-03-19 10:00:00,NSE:CHOLAFIN,278.93,279.4,278.41,278.68,57255.0
2019-03-19 11:00:00,NSE:CHOLAFIN,278.66,278.93,276.64,277.53,119175.0
2019-03-19 12:00:00,NSE:CHOLAFIN,277.7,277.8,275.99,276.33,84410.0
2019-03-19 13:00:00,NSE:CHOLAFIN,276.34,277.0,275.28,275.64,52985.0
2019-03-19 14:00:00,NSE:CHOLAFIN,275.64,276.0,274.42,275.6,96315.0
2019-03-19 15:00:00,NSE:CHOLAFIN,275.51,275.88,274.22,274.88,135215.0
2019-03-20 09:00:00,NSE:CHOLAFIN,276.92,276.92,273.04,273.33,140350.0
2019-03-20 10:00:00,NSE:CHOLAFIN,273.15,274.0,272.4,273.24,105330.0
2019-03-20 11:00:00,NSE:CHOLAFIN,273.2,273.88,272.25,272.61,40945.0
2019-03-20 12:00:00,NSE:CHOLAFIN,272.57,273.8,271.91,272.99,177145.0
2019-03-20 13:00:00,NSE:CHOLAFIN,273.0,273.65,272.05,273.46,184350.0
2019-03-20 14:00:00,NSE:CHOLAFIN,273.41,274.0,272.94,273.67,123120.0
2019-03-20 15:00:00,NSE:CHOLAFIN,273.66,275.8,273.49,274.56,138875.0
2019-03-22 09:00:00,NSE:CHOLAFIN,274.55,274.55,272.3,272.53,76805.0
2019-03-22 10:00:00,NSE:CHOLAFIN,272.5,272.8,270.3,271.99,256380.0
2019-03-22 11:00:00,NSE:CHOLAFIN,271.91,272.99,270.8,272.58,240480.0
2019-03-22 12:00:00,NSE:CHOLAFIN,272.56,272.8,271.42,272.4,74205.0
2019-03-22 13:00:00,NSE:CHOLAFIN,272.4,272.78,271.81,272.4,73790.0
2019-03-22 14:00:00,NSE:CHOLAFIN,272.39,272.4,268.6,269.0,201850.0
2019-03-22 15:00:00,NSE:CHOLAFIN,268.88,270.58,268.74,269.55,100400.0
2019-03-25 09:00:00,NSE:CHOLAFIN,267.8,267.8,263.11,266.0,164425.0
2019-03-25 10:00:00,NSE:CHOLAFIN,265.75,266.95,264.81,265.81,165565.0
2019-03-25 11:00:00,NSE:CHOLAFIN,265.95,265.99,264.4,265.54,46780.0
2019-03-25 12:00:00,NSE:CHOLAFIN,265.55,266.31,265.18,265.6,49955.0
2019-03-25 13:00:00,NSE:CHOLAFIN,265.6,268.98,265.24,268.62,300970.0
2019-03-25 14:00:00,NSE:CHOLAFIN,268.6,268.82,265.57,265.83,288025.0
2019-03-25 15:00:00,NSE:CHOLAFIN,266.26,266.78,265.0,265.88,250460.0
2019-03-26 09:00:00,NSE:CHOLAFIN,265.51,268.6,265.51,266.25,132965.0
2019-03-26 10:00:00,NSE:CHOLAFIN,266.5,269.98,266.23,268.72,164960.0
2019-03-26 11:00:00,NSE:CHOLAFIN,268.72,272.66,268.0,271.8,399005.0
2019-03-26 12:00:00,NSE:CHOLAFIN,271.7,275.2,271.6,274.78,351985.0
2019-03-26 13:00:00,NSE:CHOLAFIN,274.78,277.0,272.31,276.4,362000.0
2019-03-26 14:00:00,NSE:CHOLAFIN,276.51,279.13,275.16,276.43,497815.0
2019-03-26 15:00:00,NSE:CHOLAFIN,276.42,278.0,275.46,276.44,289725.0
2019-03-27 09:00:00,NSE:CHOLAFIN,278.16,281.19,277.8,280.56,541250.0
2019-03-27 10:00:00,NSE:CHOLAFIN,280.56,280.59,276.71,280.24,417315.0
2019-03-27 11:00:00,NSE:CHOLAFIN,280.32,283.6,280.1,283.21,623245.0
2019-03-27 12:00:00,NSE:CHOLAFIN,283.21,290.8,283.11,290.2,974535.0
2019-03-27 13:00:00,NSE:CHOLAFIN,290.04,292.48,288.2,288.9,821885.0
2019-03-27 14:00:00,NSE:CHOLAFIN,288.98,290.18,286.52,286.52,685075.0
2019-03-27 15:00:00,NSE:CHOLAFIN,286.55,287.1,284.35,286.05,548880.0
2019-03-28 09:00:00,NSE:CHOLAFIN,286.77,288.53,283.74,286.5,506645.0
2019-03-28 10:00:00,NSE:CHOLAFIN,286.4,287.25,284.09,284.44,269450.0
2019-03-28 11:00:00,NSE:CHOLAFIN,284.48,285.52,283.6,284.8,196020.0
2019-03-28 12:00:00,NSE:CHOLAFIN,284.8,286.9,284.57,286.34,338950.0
2019-03-28 13:00:00,NSE:CHOLAFIN,286.21,288.96,285.43,287.78,334635.0
2019-03-28 14:00:00,NSE:CHOLAFIN,287.71,289.58,286.95,289.18,318315.0
2019-03-28 15:00:00,NSE:CHOLAFIN,289.34,290.96,289.09,290.03,302670.0
2019-03-29 09:00:00,NSE:CHOLAFIN,288.41,295.0,288.41,294.5,397505.0
2019-03-29 10:00:00,NSE:CHOLAFIN,294.5,294.89,290.43,290.7,220305.0
2019-03-29 11:00:00,NSE:CHOLAFIN,290.89,292.7,290.4,291.86,258705.0
2019-03-29 12:00:00,NSE:CHOLAFIN,291.8,293.19,290.89,291.5,121135.0
2019-03-29 13:00:00,NSE:CHOLAFIN,291.46,291.64,289.22,290.11,99760.0
2019-03-29 14:00:00,NSE:CHOLAFIN,290.16,291.88,289.97,291.24,159725.0
2019-03-29 15:00:00,NSE:CHOLAFIN,291.4,291.8,289.0,290.48,436795.0
2019-04-01 09:00:00,NSE:CHOLAFIN,291.2,293.19,288.81,291.0,164505.0
2019-04-01 10:00:00,NSE:CHOLAFIN,291.0,292.63,291.0,291.32,91340.0
2019-04-01 11:00:00,NSE:CHOLAFIN,291.4,293.6,291.36,292.93,147990.0
2019-04-01 12:00:00,NSE:CHOLAFIN,292.93,298.6,292.5,298.08,573770.0
2019-04-01 13:00:00,NSE:CHOLAFIN,298.08,302.53,297.16,301.89,909090.0
2019-04-01 14:00:00,NSE:CHOLAFIN,301.89,305.67,301.62,304.2,692865.0
2019-04-01 15:00:00,NSE:CHOLAFIN,304.22,304.22,301.02,301.99,649165.0
2019-04-02 09:00:00,NSE:CHOLAFIN,301.51,301.51,296.84,299.36,360325.0
2019-04-02 10:00:00,NSE:CHOLAFIN,299.21,300.9,297.5,299.47,359670.0
2019-04-02 11:00:00,NSE:CHOLAFIN,299.47,300.78,298.08,298.46,217645.0
2019-04-02 12:00:00,NSE:CHOLAFIN,298.47,299.94,298.16,298.9,105855.0
2019-04-02 13:00:00,NSE:CHOLAFIN,298.9,299.24,298.23,298.69,122075.0
2019-04-02 14:00:00,NSE:CHOLAFIN,298.67,298.69,295.2,297.2,471820.0
2019-04-02 15:00:00,NSE:CHOLAFIN,297.0,298.0,296.61,297.53,165370.0
2019-04-03 09:00:00,NSE:CHOLAFIN,298.0,301.25,296.71,299.54,290835.0
2019-04-03 10:00:00,NSE:CHOLAFIN,299.55,300.0,298.23,299.68,87415.0
2019-04-03 11:00:00,NSE:CHOLAFIN,299.25,299.8,298.12,298.94,71740.0
2019-04-03 12:00:00,NSE:CHOLAFIN,298.96,299.16,296.8,298.72,94020.0
2019-04-03 13:00:00,NSE:CHOLAFIN,298.5,299.13,295.44,296.0,202970.0
2019-04-03 14:00:00,NSE:CHOLAFIN,296.0,296.09,290.31,293.5,371320.0
2019-04-03 15:00:00,NSE:CHOLAFIN,293.6,294.05,291.0,292.68,181075.0
2019-04-04 09:00:00,NSE:CHOLAFIN,292.6,294.4,290.0,293.93,188075.0
2019-04-04 10:00:00,NSE:CHOLAFIN,293.81,295.5,292.9,294.87,238210.0
2019-04-04 11:00:00,NSE:CHOLAFIN,294.86,294.96,292.2,292.93,354580.0
2019-04-04 12:00:00,NSE:CHOLAFIN,292.93,297.42,292.88,294.35,414555.0
2019-04-04 13:00:00,NSE:CHOLAFIN,294.35,294.66,291.0,291.86,180160.0
2019-04-04 14:00:00,NSE:CHOLAFIN,291.96,291.96,287.35,289.97,369090.0
2019-04-04 15:00:00,NSE:CHOLAFIN,289.94,291.57,289.6,290.65,144225.0
2019-04-05 09:00:00,NSE:CHOLAFIN,291.2,298.0,291.2,297.85,234975.0
2019-04-05 10:00:00,NSE:CHOLAFIN,297.94,299.09,296.57,297.01,289195.0
2019-04-05 11:00:00,NSE:CHOLAFIN,297.02,297.2,295.61,296.5,106330.0
2019-04-05 12:00:00,NSE:CHOLAFIN,296.6,296.96,295.61,295.84,38965.0
2019-04-05 13:00:00,NSE:CHOLAFIN,295.8,297.06,295.17,296.66,74745.0
2019-04-05 14:00:00,NSE:CHOLAFIN,297.0,297.91,296.17,296.8,76505.0
2019-04-05 15:00:00,NSE:CHOLAFIN,296.82,298.0,296.0,296.87,422155.0
2019-04-08 09:00:00,NSE:CHOLAFIN,298.72,299.8,294.58,296.48,247410.0
2019-04-08 10:00:00,NSE:CHOLAFIN,296.68,297.28,295.2,295.75,75110.0
2019-04-08 11:00:00,NSE:CHOLAFIN,295.85,296.4,294.52,294.66,73080.0
2019-04-08 12:00:00,NSE:CHOLAFIN,294.9,295.86,294.57,294.6,42295.0
2019-04-08 13:00:00,NSE:CHOLAFIN,294.6,294.6,292.0,292.07,127280.0
2019-04-08 14:00:00,NSE:CHOLAFIN,292.0,293.78,292.0,293.0,122035.0
2019-04-08 15:00:00,NSE:CHOLAFIN,293.0,295.2,292.7,294.28,235570.0
2019-04-09 09:00:00,NSE:CHOLAFIN,294.4,294.69,290.21,292.78,114815.0
2019-04-09 10:00:00,NSE:CHOLAFIN,292.79,293.69,292.0,292.8,205920.0
2019-04-09 11:00:00,NSE:CHOLAFIN,293.0,293.06,290.2,291.73,194600.0
2019-04-09 12:00:00,NSE:CHOLAFIN,291.51,293.09,291.18,292.73,79465.0
2019-04-09 13:00:00,NSE:CHOLAFIN,292.7,294.78,292.4,293.8,104805.0
2019-04-09 14:00:00,NSE:CHOLAFIN,293.93,296.16,293.25,295.26,188395.0
2019-04-09 15:00:00,NSE:CHOLAFIN,295.2,297.8,295.03,297.16,159775.0
2019-04-10 09:00:00,NSE:CHOLAFIN,295.98,298.47,294.22,296.96,146955.0
2019-04-10 10:00:00,NSE:CHOLAFIN,296.97,300.38,296.94,300.38,225490.0
2019-04-10 11:00:00,NSE:CHOLAFIN,300.19,301.0,298.8,299.42,252170.0
2019-04-10 12:00:00,NSE:CHOLAFIN,299.42,300.35,298.5,299.8,95105.0
2019-04-10 13:00:00,NSE:CHOLAFIN,299.9,300.3,296.68,298.48,169930.0
2019-04-10 14:00:00,NSE:CHOLAFIN,298.48,298.98,294.99,294.99,168995.0
2019-04-10 15:00:00,NSE:CHOLAFIN,294.98,295.6,293.46,294.5,197330.0
2019-04-11 09:00:00,NSE:CHOLAFIN,294.6,297.66,292.57,295.3,137215.0
2019-04-11 10:00:00,NSE:CHOLAFIN,295.21,295.32,292.62,293.1,131400.0
2019-04-11 11:00:00,NSE:CHOLAFIN,293.2,296.8,293.0,296.51,99065.0
2019-04-11 12:00:00,NSE:CHOLAFIN,296.51,298.43,296.51,297.6,155555.0
2019-04-11 13:00:00,NSE:CHOLAFIN,297.6,298.87,296.88,298.41,123280.0
2019-04-11 14:00:00,NSE:CHOLAFIN,298.6,301.72,297.86,299.57,406280.0
2019-04-11 15:00:00,NSE:CHOLAFIN,299.52,299.62,297.99,298.78,237010.0
2019-04-12 09:00:00,NSE:CHOLAFIN,298.02,299.6,295.8,296.62,222575.0
2019-04-12 10:00:00,NSE:CHOLAFIN,296.6,296.9,295.44,296.15,104945.0
2019-04-12 11:00:00,NSE:CHOLAFIN,296.04,297.2,296.0,296.49,96625.0
2019-04-12 12:00:00,NSE:CHOLAFIN,296.43,297.6,296.2,296.34,520975.0
2019-04-12 13:00:00,NSE:CHOLAFIN,296.32,296.8,296.03,296.15,45775.0
2019-04-12 14:00:00,NSE:CHOLAFIN,296.37,296.8,294.41,295.99,162900.0
2019-04-12 15:00:00,NSE:CHOLAFIN,295.96,297.0,295.31,296.27,243725.0
2019-04-15 09:00:00,NSE:CHOLAFIN,296.2,298.77,296.2,298.07,120435.0
2019-04-15 10:00:00,NSE:CHOLAFIN,298.07,299.64,297.5,297.87,191075.0
2019-04-15 11:00:00,NSE:CHOLAFIN,297.88,298.0,296.83,297.77,47445.0
2019-04-15 12:00:00,NSE:CHOLAFIN,297.76,298.0,297.0,297.2,49980.0
2019-04-15 13:00:00,NSE:CHOLAFIN,297.2,297.58,295.51,297.04,79595.0
2019-04-15 14:00:00,NSE:CHOLAFIN,297.0,297.2,295.62,296.59,73855.0
2019-04-15 15:00:00,NSE:CHOLAFIN,296.58,297.24,295.04,296.29,79810.0
2019-04-16 09:00:00,NSE:CHOLAFIN,295.24,298.8,295.24,297.2,115810.0
2019-04-16 10:00:00,NSE:CHOLAFIN,297.29,298.0,296.62,296.82,95830.0
2019-04-16 11:00:00,NSE:CHOLAFIN,296.98,297.4,296.11,297.01,26065.0
2019-04-16 12:00:00,NSE:CHOLAFIN,297.2,298.0,296.81,297.76,104045.0
2019-04-16 13:00:00,NSE:CHOLAFIN,297.8,298.2,297.58,297.99,143975.0
2019-04-16 14:00:00,NSE:CHOLAFIN,298.0,298.16,297.4,298.05,145555.0
2019-04-16 15:00:00,NSE:CHOLAFIN,298.05,298.05,297.47,298.0,123555.0
2019-04-18 09:00:00,NSE:CHOLAFIN,298.04,298.77,293.21,293.62,119340.0
2019-04-18 10:00:00,NSE:CHOLAFIN,293.88,294.97,292.5,294.3,65605.0
2019-04-18 11:00:00,NSE:CHOLAFIN,294.4,294.71,293.46,294.17,16370.0
2019-04-18 12:00:00,NSE:CHOLAFIN,294.17,294.77,292.4,293.4,23905.0
2019-04-18 13:00:00,NSE:CHOLAFIN,293.52,295.0,293.19,295.0,13155.0
2019-04-18 14:00:00,NSE:CHOLAFIN,295.0,296.61,295.0,295.58,70675.0
2019-04-18 15:00:00,NSE:CHOLAFIN,295.54,297.38,293.04,296.45,450140.0
2019-04-22 09:00:00,NSE:CHOLAFIN,296.2,296.2,289.63,290.54,130860.0
2019-04-22 10:00:00,NSE:CHOLAFIN,290.51,291.12,289.4,290.0,92030.0
2019-04-22 11:00:00,NSE:CHOLAFIN,289.87,290.45,288.01,288.87,342830.0
2019-04-22 12:00:00,NSE:CHOLAFIN,288.41,290.53,287.14,287.28,177320.0
2019-04-22 13:00:00,NSE:CHOLAFIN,287.3,287.49,284.42,286.37,212895.0
2019-04-22 14:00:00,NSE:CHOLAFIN,286.38,287.69,285.16,286.7,283650.0
2019-04-22 15:00:00,NSE:CHOLAFIN,286.58,287.56,283.24,285.35,233435.0
2019-04-23 09:00:00,NSE:CHOLAFIN,283.43,286.01,281.34,282.26,242085.0
2019-04-23 10:00:00,NSE:CHOLAFIN,282.28,284.57,281.0,284.22,534855.0
2019-04-23 11:00:00,NSE:CHOLAFIN,284.38,291.9,284.26,290.06,306450.0
2019-04-23 12:00:00,NSE:CHOLAFIN,290.13,291.6,289.85,290.6,184515.0
2019-04-23 13:00:00,NSE:CHOLAFIN,290.46,293.63,290.46,293.0,256960.0
2019-04-23 14:00:00,NSE:CHOLAFIN,293.0,293.0,283.21,284.0,685180.0
2019-04-23 15:00:00,NSE:CHOLAFIN,283.81,285.09,281.82,283.66,284435.0
2019-04-24 09:00:00,NSE:CHOLAFIN,284.0,287.46,278.73,282.3,554825.0
2019-04-24 10:00:00,NSE:CHOLAFIN,282.26,282.38,279.4,280.0,302260.0
2019-04-24 11:00:00,NSE:CHOLAFIN,279.92,280.59,279.6,279.72,161435.0
2019-04-24 12:00:00,NSE:CHOLAFIN,279.72,279.89,275.0,276.0,498330.0
2019-04-24 13:00:00,NSE:CHOLAFIN,276.0,279.26,275.04,278.8,352645.0
2019-04-24 14:00:00,NSE:CHOLAFIN,278.8,283.65,278.41,282.67,376950.0
2019-04-24 15:00:00,NSE:CHOLAFIN,282.59,286.85,282.59,284.84,327120.0
2019-04-25 09:00:00,NSE:CHOLAFIN,285.97,288.96,283.66,287.07,263230.0
2019-04-25 10:00:00,NSE:CHOLAFIN,287.31,289.1,286.43,287.72,123680.0
2019-04-25 11:00:00,NSE:CHOLAFIN,287.72,288.31,286.0,286.04,95170.0
2019-04-25 12:00:00,NSE:CHOLAFIN,286.04,287.93,286.0,286.44,97240.0
2019-04-25 13:00:00,NSE:CHOLAFIN,286.48,286.88,283.4,284.42,142230.0
2019-04-25 14:00:00,NSE:CHOLAFIN,284.48,285.84,283.6,284.15,85325.0
2019-04-25 15:00:00,NSE:CHOLAFIN,284.45,285.96,283.1,284.39,103785.0
2019-04-26 09:00:00,NSE:CHOLAFIN,283.21,286.49,280.8,283.75,149605.0
2019-04-26 10:00:00,NSE:CHOLAFIN,283.75,284.4,280.8,281.27,98365.0
2019-04-26 11:00:00,NSE:CHOLAFIN,281.15,281.9,279.08,281.12,106115.0
2019-04-26 12:00:00,NSE:CHOLAFIN,281.3,281.3,278.65,279.41,62715.0
2019-04-26 13:00:00,NSE:CHOLAFIN,279.1,280.84,278.12,280.5,73250.0
2019-04-26 14:00:00,NSE:CHOLAFIN,280.69,283.4,280.56,280.62,159820.0
2019-04-26 15:00:00,NSE:CHOLAFIN,280.8,283.0,280.8,281.54,191755.0
2019-04-30 09:00:00,NSE:CHOLAFIN,285.29,285.66,276.45,280.0,734835.0
2019-04-30 10:00:00,NSE:CHOLAFIN,279.73,286.33,277.6,282.59,677665.0
2019-04-30 11:00:00,NSE:CHOLAFIN,282.6,283.4,275.2,276.79,765740.0
2019-04-30 12:00:00,NSE:CHOLAFIN,276.79,279.02,275.21,278.0,265695.0
2019-04-30 13:00:00,NSE:CHOLAFIN,277.92,278.4,276.01,276.48,82430.0
2019-04-30 14:00:00,NSE:CHOLAFIN,276.4,278.8,276.21,278.2,141820.0
2019-04-30 15:00:00,NSE:CHOLAFIN,278.09,278.76,277.03,277.76,237500.0
2019-05-02 09:00:00,NSE:CHOLAFIN,277.4,277.97,267.0,267.76,440105.0
2019-05-02 10:00:00,NSE:CHOLAFIN,267.76,271.38,267.7,269.55,448190.0
2019-05-02 11:00:00,NSE:CHOLAFIN,269.57,269.57,267.05,267.12,239950.0
2019-05-02 12:00:00,NSE:CHOLAFIN,267.37,268.8,267.04,267.85,131275.0
2019-05-02 13:00:00,NSE:CHOLAFIN,267.86,268.0,266.5,268.0,112125.0
2019-05-02 14:00:00,NSE:CHOLAFIN,268.3,268.51,267.0,267.48,170355.0
2019-05-02 15:00:00,NSE:CHOLAFIN,267.54,268.0,267.21,267.59,321200.0
2019-05-03 09:00:00,NSE:CHOLAFIN,268.88,270.55,266.24,268.06,336755.0
2019-05-03 10:00:00,NSE:CHOLAFIN,268.17,269.04,264.4,264.85,453995.0
2019-05-03 11:00:00,NSE:CHOLAFIN,264.93,265.64,263.6,264.34,404035.0
2019-05-03 12:00:00,NSE:CHOLAFIN,264.53,264.85,262.0,263.44,397970.0
2019-05-03 13:00:00,NSE:CHOLAFIN,263.72,264.28,263.05,263.81,119675.0
2019-05-03 14:00:00,NSE:CHOLAFIN,264.0,264.84,262.7,263.4,259595.0
2019-05-03 15:00:00,NSE:CHOLAFIN,263.41,264.0,262.5,263.45,271900.0
2019-05-06 09:00:00,NSE:CHOLAFIN,260.69,260.69,257.6,258.83,282025.0
2019-05-06 10:00:00,NSE:CHOLAFIN,258.64,260.18,258.21,258.97,244805.0
2019-05-06 11:00:00,NSE:CHOLAFIN,258.81,258.97,257.31,257.88,168700.0
2019-05-06 12:00:00,NSE:CHOLAFIN,257.7,258.95,254.66,258.79,467525.0
2019-05-06 13:00:00,NSE:CHOLAFIN,258.79,262.8,258.73,259.12,617770.0
2019-05-06 14:00:00,NSE:CHOLAFIN,259.3,260.15,257.37,258.35,281760.0
2019-05-06 15:00:00,NSE:CHOLAFIN,258.36,259.68,257.28,258.73,207775.0
2019-05-07 09:00:00,NSE:CHOLAFIN,259.79,263.99,259.2,263.12,251125.0
2019-05-07 10:00:00,NSE:CHOLAFIN,263.1,263.2,261.0,261.49,151025.0
2019-05-07 11:00:00,NSE:CHOLAFIN,261.44,264.98,261.18,264.49,248220.0
2019-05-07 12:00:00,NSE:CHOLAFIN,264.39,265.8,264.05,265.22,218640.0
2019-05-07 13:00:00,NSE:CHOLAFIN,265.26,266.4,264.51,265.99,188100.0
2019-05-07 14:00:00,NSE:CHOLAFIN,265.6,265.6,260.98,261.03,362415.0
2019-05-07 15:00:00,NSE:CHOLAFIN,261.12,261.99,260.2,260.91,268235.0
2019-05-08 09:00:00,NSE:CHOLAFIN,257.6,260.8,257.5,259.66,225665.0
2019-05-08 10:00:00,NSE:CHOLAFIN,259.48,259.66,257.0,258.3,112585.0
2019-05-08 11:00:00,NSE:CHOLAFIN,258.3,258.41,256.21,257.58,86080.0
2019-05-08 12:00:00,NSE:CHOLAFIN,257.41,261.19,257.41,259.55,112905.0
2019-05-08 13:00:00,NSE:CHOLAFIN,259.41,260.5,257.68,258.94,59385.0
2019-05-08 14:00:00,NSE:CHOLAFIN,258.94,258.94,257.29,258.0,106225.0
2019-05-08 15:00:00,NSE:CHOLAFIN,258.1,258.16,255.37,256.42,148935.0
2019-05-09 09:00:00,NSE:CHOLAFIN,255.4,256.39,252.73,256.1,267295.0
2019-05-09 10:00:00,NSE:CHOLAFIN,256.18,260.78,255.02,260.0,220640.0
2019-05-09 11:00:00,NSE:CHOLAFIN,259.91,262.8,259.8,260.4,322215.0
2019-05-09 12:00:00,NSE:CHOLAFIN,260.34,262.14,260.02,260.5,131370.0
2019-05-09 13:00:00,NSE:CHOLAFIN,260.4,261.34,259.51,261.28,114130.0
2019-05-09 14:00:00,NSE:CHOLAFIN,261.0,264.23,260.2,263.77,328055.0
2019-05-09 15:00:00,NSE:CHOLAFIN,263.82,265.16,262.6,264.19,379220.0
2019-05-10 09:00:00,NSE:CHOLAFIN,263.77,265.92,261.0,261.72,450960.0
2019-05-10 10:00:00,NSE:CHOLAFIN,261.91,263.2,259.0,259.67,185145.0
2019-05-10 11:00:00,NSE:CHOLAFIN,259.59,261.6,259.44,260.59,110280.0
2019-05-10 12:00:00,NSE:CHOLAFIN,260.58,260.89,258.88,259.96,160960.0
2019-05-10 13:00:00,NSE:CHOLAFIN,259.94,260.0,257.53,258.51,131440.0
2019-05-10 14:00:00,NSE:CHOLAFIN,258.51,260.8,258.12,259.73,176650.0
2019-05-10 15:00:00,NSE:CHOLAFIN,259.66,259.98,257.6,258.79,200235.0
2019-05-13 09:00:00,NSE:CHOLAFIN,259.19,260.88,257.29,258.38,257295.0
2019-05-13 10:00:00,NSE:CHOLAFIN,258.17,259.01,255.55,255.56,171480.0
2019-05-13 11:00:00,NSE:CHOLAFIN,255.56,256.31,255.0,255.56,120770.0
2019-05-13 12:00:00,NSE:CHOLAFIN,255.56,255.88,253.47,253.94,116820.0
2019-05-13 13:00:00,NSE:CHOLAFIN,254.0,254.52,251.26,251.79,157530.0
2019-05-13 14:00:00,NSE:CHOLAFIN,251.64,251.72,248.8,250.54,258585.0
2019-05-13 15:00:00,NSE:CHOLAFIN,250.5,252.2,248.1,249.56,250215.0
2019-05-14 09:00:00,NSE:CHOLAFIN,250.37,253.67,249.04,252.0,132765.0
2019-05-14 10:00:00,NSE:CHOLAFIN,251.81,252.29,250.49,251.74,63390.0
2019-05-14 11:00:00,NSE:CHOLAFIN,251.74,254.76,251.33,254.41,113280.0
2019-05-14 12:00:00,NSE:CHOLAFIN,254.41,257.52,254.4,255.77,483570.0
2019-05-14 13:00:00,NSE:CHOLAFIN,255.77,257.98,255.24,257.4,163645.0
2019-05-14 14:00:00,NSE:CHOLAFIN,257.43,260.54,256.32,257.02,625645.0
2019-05-14 15:00:00,NSE:CHOLAFIN,257.04,257.16,254.0,255.29,495010.0
2019-05-15 09:00:00,NSE:CHOLAFIN,255.0,256.67,253.17,255.45,239365.0
2019-05-15 10:00:00,NSE:CHOLAFIN,255.4,258.8,254.51,258.17,184735.0
2019-05-15 11:00:00,NSE:CHOLAFIN,258.11,258.43,255.7,257.59,115300.0
2019-05-15 12:00:00,NSE:CHOLAFIN,257.28,259.01,256.9,257.43,99845.0
2019-05-15 13:00:00,NSE:CHOLAFIN,257.44,260.73,257.2,260.2,203490.0
2019-05-15 14:00:00,NSE:CHOLAFIN,260.4,260.8,257.0,257.19,131600.0
2019-05-15 15:00:00,NSE:CHOLAFIN,257.18,258.44,256.36,257.43,101755.0
2019-05-16 09:00:00,NSE:CHOLAFIN,256.24,257.0,254.49,255.4,90820.0
2019-05-16 10:00:00,NSE:CHOLAFIN,255.25,257.2,253.31,256.21,135645.0
2019-05-16 11:00:00,NSE:CHOLAFIN,256.39,259.2,254.8,258.23,158130.0
2019-05-16 12:00:00,NSE:CHOLAFIN,258.39,259.4,257.48,258.23,107455.0
2019-05-16 13:00:00,NSE:CHOLAFIN,258.0,258.64,255.54,258.34,117875.0
2019-05-16 14:00:00,NSE:CHOLAFIN,258.34,260.0,254.8,256.6,271350.0
2019-05-16 15:00:00,NSE:CHOLAFIN,256.6,262.16,256.0,261.0,248365.0
2019-05-17 09:00:00,NSE:CHOLAFIN,259.05,264.8,259.05,262.0,373520.0
2019-05-17 10:00:00,NSE:CHOLAFIN,262.06,263.3,258.8,259.3,194650.0
2019-05-17 11:00:00,NSE:CHOLAFIN,259.38,262.12,259.2,261.6,231005.0
2019-05-17 12:00:00,NSE:CHOLAFIN,261.6,266.0,261.6,265.76,278730.0
2019-05-17 13:00:00,NSE:CHOLAFIN,265.74,269.05,265.0,268.2,368010.0
2019-05-17 14:00:00,NSE:CHOLAFIN,268.17,270.43,266.0,269.21,400335.0
2019-05-17 15:00:00,NSE:CHOLAFIN,269.2,271.5,266.6,267.27,437985.0
2019-05-20 09:00:00,NSE:CHOLAFIN,285.0,295.74,274.03,282.8,532210.0
2019-05-20 10:00:00,NSE:CHOLAFIN,283.12,286.44,280.0,280.27,323035.0
2019-05-20 11:00:00,NSE:CHOLAFIN,280.21,281.57,280.0,281.57,126395.0
2019-05-20 12:00:00,NSE:CHOLAFIN,281.95,286.89,281.61,285.9,237030.0
2019-05-20 13:00:00,NSE:CHOLAFIN,286.0,287.18,284.08,284.6,312125.0
2019-05-20 14:00:00,NSE:CHOLAFIN,284.48,285.45,284.01,285.21,168215.0
2019-05-20 15:00:00,NSE:CHOLAFIN,285.95,286.39,284.0,284.86,208525.0
2019-05-21 09:00:00,NSE:CHOLAFIN,286.96,290.44,284.98,287.84,340985.0
2019-05-21 10:00:00,NSE:CHOLAFIN,287.88,288.18,282.71,283.3,187710.0
2019-05-21 11:00:00,NSE:CHOLAFIN,283.47,284.0,279.4,280.46,141300.0
2019-05-21 12:00:00,NSE:CHOLAFIN,280.6,281.6,278.59,279.55,95705.0
2019-05-21 13:00:00,NSE:CHOLAFIN,279.44,282.66,276.29,282.24,282665.0
2019-05-21 14:00:00,NSE:CHOLAFIN,282.04,285.6,281.86,284.04,408225.0
2019-05-21 15:00:00,NSE:CHOLAFIN,284.03,284.77,283.14,283.9,309875.0
2019-05-22 09:00:00,NSE:CHOLAFIN,282.48,283.98,274.0,277.28,353130.0
2019-05-22 10:00:00,NSE:CHOLAFIN,277.25,278.2,272.51,274.15,272245.0
2019-05-22 11:00:00,NSE:CHOLAFIN,273.86,274.2,270.65,273.83,370830.0
2019-05-22 12:00:00,NSE:CHOLAFIN,274.0,280.84,273.19,279.6,452680.0
2019-05-22 13:00:00,NSE:CHOLAFIN,279.6,283.94,279.2,282.8,408325.0
2019-05-22 14:00:00,NSE:CHOLAFIN,282.64,285.43,281.19,281.96,380880.0
2019-05-22 15:00:00,NSE:CHOLAFIN,281.51,285.21,281.51,284.0,513125.0
2019-05-23 09:00:00,NSE:CHOLAFIN,288.0,291.8,284.05,290.3,375470.0
2019-05-23 10:00:00,NSE:CHOLAFIN,290.39,294.29,289.76,293.46,300565.0
2019-05-23 11:00:00,NSE:CHOLAFIN,293.6,295.0,291.21,291.21,458315.0
2019-05-23 12:00:00,NSE:CHOLAFIN,291.33,291.49,285.61,285.74,204940.0
2019-05-23 13:00:00,NSE:CHOLAFIN,285.82,288.0,284.4,284.43,325110.0
2019-05-23 14:00:00,NSE:CHOLAFIN,284.56,286.37,282.78,283.0,182480.0
2019-05-23 15:00:00,NSE:CHOLAFIN,283.0,285.3,282.45,283.75,212095.0
2019-05-24 09:00:00,NSE:CHOLAFIN,285.0,291.2,282.65,290.5,487030.0
2019-05-24 10:00:00,NSE:CHOLAFIN,290.5,290.65,287.21,289.66,186800.0
2019-05-24 11:00:00,NSE:CHOLAFIN,289.68,290.44,288.32,289.13,192360.0
2019-05-24 12:00:00,NSE:CHOLAFIN,289.14,289.51,288.0,288.2,202880.0
2019-05-24 13:00:00,NSE:CHOLAFIN,288.23,289.46,288.06,288.96,148290.0
2019-05-24 14:00:00,NSE:CHOLAFIN,288.94,293.8,288.68,290.89,360530.0
2019-05-24 15:00:00,NSE:CHOLAFIN,291.0,305.0,289.94,296.96,1004240.0
2019-05-27 09:00:00,NSE:CHOLAFIN,299.01,302.0,298.01,300.66,331345.0
2019-05-27 10:00:00,NSE:CHOLAFIN,300.43,303.2,300.43,301.6,362800.0
2019-05-27 11:00:00,NSE:CHOLAFIN,301.6,301.96,300.81,301.54,157965.0
2019-05-27 12:00:00,NSE:CHOLAFIN,301.58,302.77,300.96,301.6,160790.0
2019-05-27 13:00:00,NSE:CHOLAFIN,301.6,302.83,301.24,301.7,72890.0
2019-05-27 14:00:00,NSE:CHOLAFIN,301.46,303.58,301.42,302.64,137380.0
2019-05-27 15:00:00,NSE:CHOLAFIN,302.69,303.9,301.65,302.61,218235.0
2019-05-28 09:00:00,NSE:CHOLAFIN,304.0,308.9,304.0,304.58,562175.0
2019-05-28 10:00:00,NSE:CHOLAFIN,304.87,305.6,297.91,299.8,473515.0
2019-05-28 11:00:00,NSE:CHOLAFIN,299.8,300.88,299.4,299.63,107780.0
2019-05-28 12:00:00,NSE:CHOLAFIN,299.54,300.23,298.45,299.76,186335.0
2019-05-28 13:00:00,NSE:CHOLAFIN,299.76,304.25,299.76,301.07,217745.0
2019-05-28 14:00:00,NSE:CHOLAFIN,300.8,301.5,299.23,301.49,113955.0
2019-05-28 15:00:00,NSE:CHOLAFIN,301.4,301.99,296.99,299.19,197770.0
2019-05-29 09:00:00,NSE:CHOLAFIN,299.3,299.3,292.65,294.0,247765.0
2019-05-29 10:00:00,NSE:CHOLAFIN,293.99,297.2,293.53,295.31,189510.0
2019-05-29 11:00:00,NSE:CHOLAFIN,295.53,296.79,294.03,294.4,139925.0
2019-05-29 12:00:00,NSE:CHOLAFIN,294.4,297.43,294.4,297.34,209885.0
2019-05-29 13:00:00,NSE:CHOLAFIN,297.3,297.48,295.34,295.68,157925.0
2019-05-29 14:00:00,NSE:CHOLAFIN,295.5,295.74,293.09,294.25,157170.0
2019-05-29 15:00:00,NSE:CHOLAFIN,294.25,294.84,293.23,293.47,179255.0
2019-05-30 09:00:00,NSE:CHOLAFIN,295.6,299.0,295.0,298.65,228055.0
2019-05-30 10:00:00,NSE:CHOLAFIN,298.8,302.8,298.8,302.01,395490.0
2019-05-30 11:00:00,NSE:CHOLAFIN,302.1,303.49,301.24,303.49,267160.0
2019-05-30 12:00:00,NSE:CHOLAFIN,303.42,305.14,301.82,302.9,408330.0
2019-05-30 13:00:00,NSE:CHOLAFIN,303.09,303.24,299.2,299.21,198870.0
2019-05-30 14:00:00,NSE:CHOLAFIN,299.21,301.09,298.9,299.55,232110.0
2019-05-30 15:00:00,NSE:CHOLAFIN,299.59,303.58,299.4,303.0,233685.0
2019-05-31 09:00:00,NSE:CHOLAFIN,302.65,309.99,301.22,309.81,807050.0
2019-05-31 10:00:00,NSE:CHOLAFIN,309.6,310.6,308.21,308.71,590485.0
2019-05-31 11:00:00,NSE:CHOLAFIN,308.71,311.0,306.4,306.7,386135.0
2019-05-31 12:00:00,NSE:CHOLAFIN,306.23,309.8,304.1,307.54,462045.0
2019-05-31 13:00:00,NSE:CHOLAFIN,307.54,309.25,304.94,305.51,257820.0
2019-05-31 14:00:00,NSE:CHOLAFIN,305.5,308.14,305.16,306.76,165385.0
2019-05-31 15:00:00,NSE:CHOLAFIN,306.6,307.44,304.8,306.54,178105.0
2019-06-03 09:00:00,NSE:CHOLAFIN,307.99,308.89,305.8,306.79,179545.0
2019-06-03 10:00:00,NSE:CHOLAFIN,306.89,307.89,306.2,307.77,80440.0
2019-06-03 11:00:00,NSE:CHOLAFIN,307.61,308.58,306.6,307.85,71115.0
2019-06-03 12:00:00,NSE:CHOLAFIN,307.67,308.58,306.74,307.17,134240.0
2019-06-03 13:00:00,NSE:CHOLAFIN,307.14,307.46,304.18,305.97,125355.0
2019-06-03 14:00:00,NSE:CHOLAFIN,305.97,308.0,305.94,307.16,121985.0
2019-06-03 15:00:00,NSE:CHOLAFIN,307.15,307.5,305.2,305.2,174910.0
2019-06-04 09:00:00,NSE:CHOLAFIN,304.02,309.72,304.02,305.58,265590.0
2019-06-04 10:00:00,NSE:CHOLAFIN,305.76,308.0,305.2,307.26,97040.0
2019-06-04 11:00:00,NSE:CHOLAFIN,307.27,307.47,305.4,307.07,45765.0
2019-06-04 12:00:00,NSE:CHOLAFIN,307.18,307.24,306.02,306.4,224810.0
2019-06-04 13:00:00,NSE:CHOLAFIN,306.47,306.65,304.2,305.27,91315.0
2019-06-04 14:00:00,NSE:CHOLAFIN,305.38,306.0,304.68,305.22,100340.0
2019-06-04 15:00:00,NSE:CHOLAFIN,305.34,305.34,303.6,304.64,205580.0
2019-06-06 09:00:00,NSE:CHOLAFIN,302.2,304.0,295.0,300.57,388685.0
2019-06-06 10:00:00,NSE:CHOLAFIN,300.4,301.0,298.6,298.89,140940.0
2019-06-06 11:00:00,NSE:CHOLAFIN,299.0,300.3,298.2,299.0,114190.0
2019-06-06 12:00:00,NSE:CHOLAFIN,298.97,299.17,296.2,297.58,226225.0
2019-06-06 13:00:00,NSE:CHOLAFIN,297.71,297.98,291.8,294.64,272415.0
2019-06-06 14:00:00,NSE:CHOLAFIN,294.57,298.6,293.0,295.65,386255.0
2019-06-06 15:00:00,NSE:CHOLAFIN,295.75,295.85,291.64,293.43,199055.0
2019-06-07 09:00:00,NSE:CHOLAFIN,293.38,297.0,291.46,296.55,369160.0
2019-06-07 10:00:00,NSE:CHOLAFIN,296.56,299.39,295.17,296.0,336135.0
2019-06-07 11:00:00,NSE:CHOLAFIN,296.0,296.2,292.72,293.0,208305.0
2019-06-07 12:00:00,NSE:CHOLAFIN,292.9,295.23,292.26,293.61,194835.0
2019-06-07 13:00:00,NSE:CHOLAFIN,293.61,294.07,290.69,291.76,128915.0
2019-06-07 14:00:00,NSE:CHOLAFIN,291.56,295.8,291.27,295.55,231900.0
2019-06-07 15:00:00,NSE:CHOLAFIN,295.34,296.0,294.81,295.42,240085.0
2019-06-10 09:00:00,NSE:CHOLAFIN,296.8,299.0,296.21,297.94,87840.0
2019-06-10 10:00:00,NSE:CHOLAFIN,297.6,298.48,295.79,297.08,92085.0
2019-06-10 11:00:00,NSE:CHOLAFIN,296.71,297.66,295.25,295.74,232850.0
2019-06-10 12:00:00,NSE:CHOLAFIN,295.74,296.2,291.65,291.96,245510.0
2019-06-10 13:00:00,NSE:CHOLAFIN,291.8,292.48,290.41,291.66,185940.0
2019-06-10 14:00:00,NSE:CHOLAFIN,291.28,292.3,290.2,292.3,109655.0
2019-06-10 15:00:00,NSE:CHOLAFIN,292.3,294.35,292.17,293.3,185980.0
2019-06-11 09:00:00,NSE:CHOLAFIN,293.18,295.3,291.6,294.53,125810.0
2019-06-11 10:00:00,NSE:CHOLAFIN,294.5,297.77,294.22,296.56,150575.0
2019-06-11 11:00:00,NSE:CHOLAFIN,296.7,298.49,296.2,298.0,84820.0
2019-06-11 12:00:00,NSE:CHOLAFIN,297.79,298.2,297.4,297.81,68090.0
2019-06-11 13:00:00,NSE:CHOLAFIN,297.81,304.96,297.26,303.24,355230.0
2019-06-11 14:00:00,NSE:CHOLAFIN,303.6,305.4,302.13,304.0,298430.0
2019-06-11 15:00:00,NSE:CHOLAFIN,304.06,304.28,301.0,302.7,283235.0
2019-06-12 09:00:00,NSE:CHOLAFIN,303.39,303.39,298.55,298.87,270275.0
2019-06-12 10:00:00,NSE:CHOLAFIN,298.87,299.14,296.11,297.6,226125.0
2019-06-12 11:00:00,NSE:CHOLAFIN,297.6,297.99,295.29,296.4,103890.0
2019-06-12 12:00:00,NSE:CHOLAFIN,296.23,296.8,294.89,295.4,98360.0
2019-06-12 13:00:00,NSE:CHOLAFIN,295.4,295.83,294.0,295.0,166250.0
2019-06-12 14:00:00,NSE:CHOLAFIN,294.82,297.28,294.61,296.64,271590.0
2019-06-12 15:00:00,NSE:CHOLAFIN,296.73,297.46,294.95,296.4,259940.0
2019-06-13 09:00:00,NSE:CHOLAFIN,296.2,296.2,291.38,291.8,177715.0
2019-06-13 10:00:00,NSE:CHOLAFIN,291.8,292.04,290.22,291.19,122585.0
2019-06-13 11:00:00,NSE:CHOLAFIN,291.0,291.0,287.66,288.42,222610.0
2019-06-13 12:00:00,NSE:CHOLAFIN,288.4,290.95,288.4,290.26,164325.0
2019-06-13 13:00:00,NSE:CHOLAFIN,290.23,294.6,289.67,293.8,264325.0
2019-06-13 14:00:00,NSE:CHOLAFIN,293.8,296.93,292.2,294.6,578960.0
2019-06-13 15:00:00,NSE:CHOLAFIN,294.64,296.38,293.59,294.24,319950.0
2019-06-14 09:00:00,NSE:CHOLAFIN,296.8,301.25,290.3,296.45,344520.0
2019-06-14 10:00:00,NSE:CHOLAFIN,296.45,298.5,294.15,296.55,126795.0
2019-06-14 11:00:00,NSE:CHOLAFIN,296.5,297.2,293.5,295.5,73288.0
2019-06-14 12:00:00,NSE:CHOLAFIN,295.4,297.0,292.55,295.15,104920.0
2019-06-14 13:00:00,NSE:CHOLAFIN,295.2,296.5,293.25,295.05,89816.0
2019-06-14 14:00:00,NSE:CHOLAFIN,295.0,295.75,290.5,293.35,133148.0
2019-06-14 15:00:00,NSE:CHOLAFIN,293.25,293.6,289.5,291.35,169043.0
2019-06-17 09:00:00,NSE:CHOLAFIN,293.2,293.2,284.35,287.3,109337.0
2019-06-17 10:00:00,NSE:CHOLAFIN,287.3,289.15,286.3,287.75,71492.0
2019-06-17 11:00:00,NSE:CHOLAFIN,287.75,290.4,287.15,290.05,82307.0
2019-06-17 12:00:00,NSE:CHOLAFIN,290.1,293.0,288.0,291.4,134728.0
2019-06-17 13:00:00,NSE:CHOLAFIN,291.0,294.05,289.55,289.65,70328.0
2019-06-17 14:00:00,NSE:CHOLAFIN,289.75,292.6,289.55,291.15,32477.0
2019-06-17 15:00:00,NSE:CHOLAFIN,291.25,295.0,288.0,290.25,104314.0
2019-06-18 09:00:00,NSE:CHOLAFIN,291.6,295.0,288.85,294.45,87282.0
2019-06-18 10:00:00,NSE:CHOLAFIN,294.3,295.9,292.0,294.15,143968.0
2019-06-18 11:00:00,NSE:CHOLAFIN,294.05,294.15,291.35,292.65,94807.0
2019-06-18 12:00:00,NSE:CHOLAFIN,292.65,294.2,292.2,292.8,61808.0
2019-06-18 13:00:00,NSE:CHOLAFIN,292.8,293.85,290.55,290.6,193685.0
2019-06-18 14:00:00,NSE:CHOLAFIN,290.5,291.0,286.95,289.6,253264.0
2019-06-18 15:00:00,NSE:CHOLAFIN,289.3,291.25,288.25,289.9,143975.0
2019-06-19 09:00:00,NSE:CHOLAFIN,290.7,293.25,289.9,290.85,57518.0
2019-06-19 10:00:00,NSE:CHOLAFIN,290.95,291.5,288.15,289.0,48503.0
2019-06-19 11:00:00,NSE:CHOLAFIN,289.25,289.3,278.35,281.8,88423.0
2019-06-19 12:00:00,NSE:CHOLAFIN,281.45,283.5,279.7,280.4,40581.0
2019-06-19 13:00:00,NSE:CHOLAFIN,280.45,280.75,279.9,280.05,91126.0
2019-06-19 14:00:00,NSE:CHOLAFIN,280.1,284.85,278.0,283.9,134862.0
2019-06-19 15:00:00,NSE:CHOLAFIN,283.85,285.15,282.1,283.6,60822.0
2019-06-20 09:00:00,NSE:CHOLAFIN,282.9,285.65,272.3,282.8,86254.0
2019-06-20 10:00:00,NSE:CHOLAFIN,282.7,286.8,281.5,282.05,68313.0
2019-06-20 11:00:00,NSE:CHOLAFIN,282.35,283.9,279.25,280.45,128919.0
2019-06-20 12:00:00,NSE:CHOLAFIN,280.45,282.0,278.85,280.5,108551.0
2019-06-20 13:00:00,NSE:CHOLAFIN,280.5,280.95,278.15,279.9,80605.0
2019-06-20 14:00:00,NSE:CHOLAFIN,279.9,283.9,278.5,282.95,159987.0
2019-06-20 15:00:00,NSE:CHOLAFIN,283.0,285.0,282.0,283.1,138790.0
2019-06-21 09:00:00,NSE:CHOLAFIN,283.0,284.0,279.0,280.6,74202.0
2019-06-21 10:00:00,NSE:CHOLAFIN,280.5,282.25,278.7,279.95,76760.0
2019-06-21 11:00:00,NSE:CHOLAFIN,279.95,281.35,279.45,280.15,93994.0
2019-06-21 12:00:00,NSE:CHOLAFIN,280.2,280.5,276.1,277.95,109395.0
2019-06-21 13:00:00,NSE:CHOLAFIN,278.05,279.0,275.2,276.7,65817.0
2019-06-21 14:00:00,NSE:CHOLAFIN,276.7,278.5,275.25,277.85,92918.0
2019-06-21 15:00:00,NSE:CHOLAFIN,277.65,277.65,274.8,275.6,129003.0
2019-06-24 09:00:00,NSE:CHOLAFIN,275.1,277.45,273.85,275.45,57665.0
2019-06-24 10:00:00,NSE:CHOLAFIN,275.45,276.25,275.0,275.05,29842.0
2019-06-24 11:00:00,NSE:CHOLAFIN,275.3,279.5,274.25,278.2,90983.0
2019-06-24 12:00:00,NSE:CHOLAFIN,278.45,278.7,275.3,276.0,87071.0
2019-06-24 13:00:00,NSE:CHOLAFIN,276.2,276.3,275.35,275.65,23321.0
2019-06-24 14:00:00,NSE:CHOLAFIN,275.85,276.25,271.55,274.5,99190.0
2019-06-24 15:00:00,NSE:CHOLAFIN,274.75,275.6,273.5,274.7,54760.0
2019-06-25 09:00:00,NSE:CHOLAFIN,273.0,276.25,272.05,274.75,67927.0
2019-06-25 10:00:00,NSE:CHOLAFIN,274.7,277.65,274.0,277.05,92526.0
2019-06-25 11:00:00,NSE:CHOLAFIN,277.05,277.8,275.0,275.15,62040.0
2019-06-25 12:00:00,NSE:CHOLAFIN,275.0,277.65,275.0,277.05,57329.0
2019-06-25 13:00:00,NSE:CHOLAFIN,277.0,277.8,276.0,277.1,48400.0
2019-06-25 14:00:00,NSE:CHOLAFIN,276.9,277.4,275.25,275.95,39538.0
2019-06-25 15:00:00,NSE:CHOLAFIN,275.55,280.65,275.0,277.95,135029.0
2019-06-26 09:00:00,NSE:CHOLAFIN,277.4,280.8,276.3,278.75,63926.0
2019-06-26 10:00:00,NSE:CHOLAFIN,278.8,278.95,275.75,277.5,109238.0
2019-06-26 11:00:00,NSE:CHOLAFIN,277.1,278.25,276.05,277.75,23684.0
2019-06-26 12:00:00,NSE:CHOLAFIN,277.75,280.5,277.5,278.6,107277.0
2019-06-26 13:00:00,NSE:CHOLAFIN,279.0,281.25,277.5,280.35,48632.0
2019-06-26 14:00:00,NSE:CHOLAFIN,280.4,282.8,278.8,282.0,143693.0
2019-06-26 15:00:00,NSE:CHOLAFIN,282.0,284.65,281.05,282.65,158601.0
2019-06-27 09:00:00,NSE:CHOLAFIN,284.4,286.45,279.1,281.0,157934.0
2019-06-27 10:00:00,NSE:CHOLAFIN,281.0,283.8,281.0,283.6,92850.0
2019-06-27 11:00:00,NSE:CHOLAFIN,283.7,294.0,283.35,292.25,333512.0
2019-06-27 12:00:00,NSE:CHOLAFIN,292.55,293.0,289.2,290.5,124325.0
2019-06-27 13:00:00,NSE:CHOLAFIN,290.5,290.85,288.0,289.0,269067.0
2019-06-27 14:00:00,NSE:CHOLAFIN,289.0,289.35,284.8,287.7,278424.0
2019-06-27 15:00:00,NSE:CHOLAFIN,287.6,288.2,284.5,285.65,247490.0
2019-06-28 09:00:00,NSE:CHOLAFIN,285.0,285.95,279.8,282.5,85891.0
2019-06-28 10:00:00,NSE:CHOLAFIN,282.3,285.0,282.25,284.55,59701.0
2019-06-28 11:00:00,NSE:CHOLAFIN,284.55,285.6,282.7,283.8,51207.0
2019-06-28 12:00:00,NSE:CHOLAFIN,283.8,287.0,283.35,286.75,65706.0
2019-06-28 13:00:00,NSE:CHOLAFIN,286.55,290.0,285.6,286.0,145846.0
2019-06-28 14:00:00,NSE:CHOLAFIN,286.25,286.4,284.2,285.25,175539.0
2019-06-28 15:00:00,NSE:CHOLAFIN,285.25,287.0,284.25,285.65,181993.0
2019-07-01 09:00:00,NSE:CHOLAFIN,286.8,288.8,283.9,286.6,66610.0
2019-07-01 10:00:00,NSE:CHOLAFIN,286.3,287.3,282.1,284.6,137207.0
2019-07-01 11:00:00,NSE:CHOLAFIN,284.55,285.85,283.05,284.4,67514.0
2019-07-01 12:00:00,NSE:CHOLAFIN,284.6,285.45,283.0,284.2,100271.0
2019-07-01 13:00:00,NSE:CHOLAFIN,284.0,284.95,282.05,282.25,70572.0
2019-07-01 14:00:00,NSE:CHOLAFIN,282.4,284.8,281.3,282.0,162638.0
2019-07-01 15:00:00,NSE:CHOLAFIN,282.0,284.4,281.05,283.05,134458.0
2019-07-02 09:00:00,NSE:CHOLAFIN,282.55,286.95,282.55,286.0,50385.0
2019-07-02 10:00:00,NSE:CHOLAFIN,285.9,285.95,284.4,285.0,87423.0
2019-07-02 11:00:00,NSE:CHOLAFIN,285.0,285.4,283.5,285.0,171482.0
2019-07-02 12:00:00,NSE:CHOLAFIN,285.0,287.8,284.0,287.05,149602.0
2019-07-02 13:00:00,NSE:CHOLAFIN,287.05,288.7,285.0,285.6,182706.0
2019-07-02 14:00:00,NSE:CHOLAFIN,285.5,286.6,284.5,286.25,189712.0
2019-07-02 15:00:00,NSE:CHOLAFIN,285.8,286.8,284.65,285.7,108164.0
2019-07-03 09:00:00,NSE:CHOLAFIN,285.45,288.3,285.2,286.95,45332.0
2019-07-03 10:00:00,NSE:CHOLAFIN,287.25,287.85,285.0,287.7,37450.0
2019-07-03 11:00:00,NSE:CHOLAFIN,287.65,287.95,287.0,287.05,53760.0
2019-07-03 12:00:00,NSE:CHOLAFIN,287.3,289.45,287.0,288.1,97667.0
2019-07-03 13:00:00,NSE:CHOLAFIN,288.05,288.65,287.3,287.65,19874.0
2019-07-03 14:00:00,NSE:CHOLAFIN,287.65,290.7,287.65,288.75,96247.0
2019-07-03 15:00:00,NSE:CHOLAFIN,288.75,294.9,288.75,291.5,125953.0
2019-07-04 09:00:00,NSE:CHOLAFIN,292.0,292.0,289.0,291.0,65315.0
2019-07-04 10:00:00,NSE:CHOLAFIN,291.0,291.35,288.35,290.7,52979.0
2019-07-04 11:00:00,NSE:CHOLAFIN,290.9,291.25,289.6,290.75,15006.0
2019-07-04 12:00:00,NSE:CHOLAFIN,290.7,293.85,289.5,292.15,81689.0
2019-07-04 13:00:00,NSE:CHOLAFIN,292.25,294.45,291.8,293.75,121765.0
2019-07-04 14:00:00,NSE:CHOLAFIN,293.55,293.95,291.05,291.5,293988.0
2019-07-04 15:00:00,NSE:CHOLAFIN,291.45,293.9,290.75,290.85,204108.0
2019-07-05 09:00:00,NSE:CHOLAFIN,292.0,293.0,290.35,291.0,40453.0
2019-07-05 10:00:00,NSE:CHOLAFIN,291.0,291.0,288.8,288.9,40468.0
2019-07-05 11:00:00,NSE:CHOLAFIN,288.95,290.0,284.25,285.65,88564.0
2019-07-05 12:00:00,NSE:CHOLAFIN,285.6,293.0,284.6,289.05,235894.0
2019-07-05 13:00:00,NSE:CHOLAFIN,289.5,291.4,286.8,289.95,67141.0
2019-07-05 14:00:00,NSE:CHOLAFIN,289.85,291.0,288.2,289.05,38580.0
2019-07-05 15:00:00,NSE:CHOLAFIN,289.05,289.85,287.1,288.6,126208.0
2019-07-08 09:00:00,NSE:CHOLAFIN,288.1,288.1,281.5,283.4,76544.0
2019-07-08 10:00:00,NSE:CHOLAFIN,283.3,283.5,280.0,280.25,52212.0
2019-07-08 11:00:00,NSE:CHOLAFIN,279.9,284.35,278.6,283.8,118872.0
2019-07-08 12:00:00,NSE:CHOLAFIN,283.8,284.0,281.15,281.9,133112.0
2019-07-08 13:00:00,NSE:CHOLAFIN,281.85,282.95,278.8,279.0,98274.0
2019-07-08 14:00:00,NSE:CHOLAFIN,279.0,280.0,276.1,276.8,92805.0
2019-07-08 15:00:00,NSE:CHOLAFIN,276.3,278.5,274.7,276.35,103817.0
2019-07-09 09:00:00,NSE:CHOLAFIN,272.5,280.0,272.5,277.2,76808.0
2019-07-09 10:00:00,NSE:CHOLAFIN,277.2,277.25,273.2,275.0,76896.0
2019-07-09 11:00:00,NSE:CHOLAFIN,275.0,278.7,274.0,278.5,127636.0
2019-07-09 12:00:00,NSE:CHOLAFIN,278.5,279.45,276.0,277.7,89071.0
2019-07-09 13:00:00,NSE:CHOLAFIN,278.2,281.6,276.85,280.5,172295.0
2019-07-09 14:00:00,NSE:CHOLAFIN,280.5,283.85,280.0,283.05,224493.0
2019-07-09 15:00:00,NSE:CHOLAFIN,283.1,284.5,282.05,283.1,130186.0
2019-07-10 09:00:00,NSE:CHOLAFIN,283.25,286.8,281.0,283.4,61209.0
2019-07-10 10:00:00,NSE:CHOLAFIN,281.85,283.35,281.25,281.55,32903.0
2019-07-10 11:00:00,NSE:CHOLAFIN,281.55,282.0,279.65,281.05,27932.0
2019-07-10 12:00:00,NSE:CHOLAFIN,281.65,281.65,278.9,280.0,24511.0
2019-07-10 13:00:00,NSE:CHOLAFIN,280.0,281.85,280.0,280.75,19998.0
2019-07-10 14:00:00,NSE:CHOLAFIN,281.1,282.0,278.55,280.8,41715.0
2019-07-10 15:00:00,NSE:CHOLAFIN,280.65,281.1,277.35,277.5,84387.0
2019-07-11 09:00:00,NSE:CHOLAFIN,279.3,281.3,277.15,278.9,66991.0
2019-07-11 10:00:00,NSE:CHOLAFIN,279.0,279.9,277.5,277.8,29230.0
2019-07-11 11:00:00,NSE:CHOLAFIN,278.35,279.5,277.05,277.75,52264.0
2019-07-11 12:00:00,NSE:CHOLAFIN,277.8,280.9,277.6,280.4,63483.0
2019-07-11 13:00:00,NSE:CHOLAFIN,280.2,283.75,280.2,281.5,66063.0
2019-07-11 14:00:00,NSE:CHOLAFIN,281.5,282.2,279.45,281.1,81707.0
2019-07-11 15:00:00,NSE:CHOLAFIN,281.1,282.3,280.0,280.9,63563.0
2019-07-12 09:00:00,NSE:CHOLAFIN,280.0,283.5,279.5,280.0,24767.0
2019-07-12 10:00:00,NSE:CHOLAFIN,280.0,281.25,279.5,280.05,37532.0
2019-07-12 11:00:00,NSE:CHOLAFIN,280.25,282.85,279.55,282.5,154555.0
2019-07-12 12:00:00,NSE:CHOLAFIN,282.5,283.6,281.15,282.35,68796.0
2019-07-12 13:00:00,NSE:CHOLAFIN,282.35,283.5,281.5,282.15,269335.0
2019-07-12 14:00:00,NSE:CHOLAFIN,282.2,282.85,278.9,280.1,144327.0
2019-07-12 15:00:00,NSE:CHOLAFIN,280.05,282.85,280.0,281.75,97979.0
2019-07-15 09:00:00,NSE:CHOLAFIN,281.35,283.85,280.0,280.7,33356.0
2019-07-15 10:00:00,NSE:CHOLAFIN,280.7,281.35,276.5,278.1,32047.0
2019-07-15 11:00:00,NSE:CHOLAFIN,278.1,278.45,274.85,276.1,55862.0
2019-07-15 12:00:00,NSE:CHOLAFIN,276.05,277.6,275.7,277.0,107742.0
2019-07-15 13:00:00,NSE:CHOLAFIN,277.2,277.5,276.2,276.8,118130.0
2019-07-15 14:00:00,NSE:CHOLAFIN,276.9,277.4,275.95,277.05,254774.0
2019-07-15 15:00:00,NSE:CHOLAFIN,277.05,277.2,274.25,275.75,74285.0
2019-07-16 09:00:00,NSE:CHOLAFIN,276.0,278.6,275.0,276.8,46683.0
2019-07-16 10:00:00,NSE:CHOLAFIN,276.8,277.4,275.0,275.85,44425.0
2019-07-16 11:00:00,NSE:CHOLAFIN,275.85,278.45,273.8,276.05,93443.0
2019-07-16 12:00:00,NSE:CHOLAFIN,276.05,278.25,275.0,277.7,77408.0
2019-07-16 13:00:00,NSE:CHOLAFIN,277.7,278.15,276.0,276.25,63788.0
2019-07-16 14:00:00,NSE:CHOLAFIN,276.4,277.65,275.15,277.0,297064.0
2019-07-16 15:00:00,NSE:CHOLAFIN,277.0,278.5,276.0,277.05,220467.0
2019-07-17 09:00:00,NSE:CHOLAFIN,276.9,286.0,276.9,284.95,189689.0
2019-07-17 10:00:00,NSE:CHOLAFIN,284.95,285.7,278.55,279.9,136591.0
2019-07-17 11:00:00,NSE:CHOLAFIN,279.8,280.8,278.2,279.15,96187.0
2019-07-17 12:00:00,NSE:CHOLAFIN,279.5,279.65,276.4,277.45,141362.0
2019-07-17 13:00:00,NSE:CHOLAFIN,277.55,277.8,274.0,276.35,88511.0
2019-07-17 14:00:00,NSE:CHOLAFIN,276.0,276.75,273.75,276.0,200342.0
2019-07-17 15:00:00,NSE:CHOLAFIN,276.1,277.25,275.25,276.25,199074.0
2019-07-18 09:00:00,NSE:CHOLAFIN,276.6,277.35,273.1,275.35,47169.0
2019-07-18 10:00:00,NSE:CHOLAFIN,275.35,276.5,273.65,273.7,60760.0
2019-07-18 11:00:00,NSE:CHOLAFIN,273.65,274.2,270.95,272.45,111237.0
2019-07-18 12:00:00,NSE:CHOLAFIN,272.1,273.05,271.25,272.15,56350.0
2019-07-18 13:00:00,NSE:CHOLAFIN,272.15,272.45,264.95,266.7,252152.0
2019-07-18 14:00:00,NSE:CHOLAFIN,266.5,272.0,266.0,271.8,265448.0
2019-07-18 15:00:00,NSE:CHOLAFIN,271.7,272.0,268.75,271.2,160852.0
2019-07-19 09:00:00,NSE:CHOLAFIN,270.0,274.75,268.1,269.0,122699.0
2019-07-19 10:00:00,NSE:CHOLAFIN,268.2,269.15,265.2,265.2,143580.0
2019-07-19 11:00:00,NSE:CHOLAFIN,265.2,265.65,263.0,263.65,139806.0
2019-07-19 12:00:00,NSE:CHOLAFIN,263.5,263.7,259.3,261.75,266652.0
2019-07-19 13:00:00,NSE:CHOLAFIN,261.85,263.9,261.25,263.1,191735.0
2019-07-19 14:00:00,NSE:CHOLAFIN,263.3,265.0,262.1,264.6,144680.0
2019-07-19 15:00:00,NSE:CHOLAFIN,264.6,266.1,264.0,265.0,209635.0
2019-07-22 09:00:00,NSE:CHOLAFIN,262.0,263.8,255.1,259.9,185829.0
2019-07-22 10:00:00,NSE:CHOLAFIN,259.7,260.9,258.05,259.1,224765.0
2019-07-22 11:00:00,NSE:CHOLAFIN,259.1,259.7,258.05,258.1,44155.0
2019-07-22 12:00:00,NSE:CHOLAFIN,258.2,258.75,256.05,256.7,76620.0
2019-07-22 13:00:00,NSE:CHOLAFIN,256.7,256.7,254.5,255.8,128142.0
2019-07-22 14:00:00,NSE:CHOLAFIN,255.75,258.8,254.0,254.15,378558.0
2019-07-22 15:00:00,NSE:CHOLAFIN,254.15,256.25,253.5,254.95,226732.0
2019-07-23 09:00:00,NSE:CHOLAFIN,254.9,255.55,247.15,249.8,250794.0
2019-07-23 10:00:00,NSE:CHOLAFIN,249.9,251.0,249.85,250.3,139209.0
2019-07-23 11:00:00,NSE:CHOLAFIN,250.15,251.5,249.95,251.5,231428.0
2019-07-23 12:00:00,NSE:CHOLAFIN,251.55,252.5,249.8,250.05,195126.0
2019-07-23 13:00:00,NSE:CHOLAFIN,250.05,250.5,247.75,248.3,100145.0
2019-07-23 14:00:00,NSE:CHOLAFIN,248.3,248.85,244.25,247.3,242127.0
2019-07-23 15:00:00,NSE:CHOLAFIN,247.15,250.8,247.0,249.55,504672.0
2019-07-24 09:00:00,NSE:CHOLAFIN,249.55,251.1,230.4,232.85,554532.0
2019-07-24 10:00:00,NSE:CHOLAFIN,232.55,234.55,226.5,233.1,830821.0
2019-07-24 11:00:00,NSE:CHOLAFIN,233.1,237.7,232.25,235.0,363355.0
2019-07-24 12:00:00,NSE:CHOLAFIN,235.0,236.95,234.3,235.65,247173.0
2019-07-24 13:00:00,NSE:CHOLAFIN,235.4,238.7,235.1,236.65,284434.0
2019-07-24 14:00:00,NSE:CHOLAFIN,236.65,239.5,236.6,238.2,357910.0
2019-07-24 15:00:00,NSE:CHOLAFIN,238.2,239.9,238.0,238.55,316947.0
2019-07-25 09:00:00,NSE:CHOLAFIN,240.15,247.85,239.85,245.8,198082.0
2019-07-25 10:00:00,NSE:CHOLAFIN,245.75,246.5,242.25,243.9,141292.0
2019-07-25 11:00:00,NSE:CHOLAFIN,243.65,248.5,243.65,246.85,175174.0
2019-07-25 12:00:00,NSE:CHOLAFIN,246.85,250.5,245.85,248.35,246685.0
2019-07-25 13:00:00,NSE:CHOLAFIN,248.35,250.3,247.5,249.7,119934.0
2019-07-25 14:00:00,NSE:CHOLAFIN,249.85,253.6,247.2,247.6,431136.0
2019-07-25 15:00:00,NSE:CHOLAFIN,248.05,252.55,247.0,249.05,237780.0
2019-07-26 09:00:00,NSE:CHOLAFIN,249.05,250.25,246.95,247.9,216928.0
2019-07-26 10:00:00,NSE:CHOLAFIN,247.85,250.0,244.3,246.6,214776.0
2019-07-26 11:00:00,NSE:CHOLAFIN,246.5,250.0,246.0,247.9,196297.0
2019-07-26 12:00:00,NSE:CHOLAFIN,248.2,250.45,246.1,246.4,147475.0
2019-07-26 13:00:00,NSE:CHOLAFIN,246.4,247.25,242.55,243.4,166386.0
2019-07-26 14:00:00,NSE:CHOLAFIN,243.4,245.2,242.05,244.6,158284.0
2019-07-26 15:00:00,NSE:CHOLAFIN,244.5,246.5,244.0,245.45,156052.0
2019-07-29 09:00:00,NSE:CHOLAFIN,245.55,248.8,243.3,246.0,95049.0
2019-07-29 10:00:00,NSE:CHOLAFIN,246.15,251.0,245.7,250.1,225438.0
2019-07-29 11:00:00,NSE:CHOLAFIN,250.0,252.5,249.95,250.6,261755.0
2019-07-29 12:00:00,NSE:CHOLAFIN,250.6,250.75,245.35,245.65,295148.0
2019-07-29 13:00:00,NSE:CHOLAFIN,245.7,247.45,244.45,247.25,420281.0
2019-07-29 14:00:00,NSE:CHOLAFIN,247.25,248.6,245.75,247.35,148989.0
2019-07-29 15:00:00,NSE:CHOLAFIN,247.35,249.7,247.1,248.2,179996.0
2019-07-30 09:00:00,NSE:CHOLAFIN,249.0,250.9,245.55,249.95,97568.0
2019-07-30 10:00:00,NSE:CHOLAFIN,249.65,250.0,243.1,248.05,279157.0
2019-07-30 11:00:00,NSE:CHOLAFIN,248.1,250.0,244.0,244.65,213164.0
2019-07-30 12:00:00,NSE:CHOLAFIN,244.65,245.5,241.95,243.0,206868.0
2019-07-30 13:00:00,NSE:CHOLAFIN,243.0,243.05,239.5,241.2,241750.0
2019-07-30 14:00:00,NSE:CHOLAFIN,241.2,242.55,238.45,241.8,173409.0
2019-07-30 15:00:00,NSE:CHOLAFIN,241.1,247.0,238.1,243.4,2788689.0
2019-07-31 09:00:00,NSE:CHOLAFIN,242.85,244.55,236.25,243.1,367721.0
2019-07-31 10:00:00,NSE:CHOLAFIN,242.65,245.4,240.4,242.5,176271.0
2019-07-31 11:00:00,NSE:CHOLAFIN,242.6,245.3,241.65,245.0,155348.0
2019-07-31 12:00:00,NSE:CHOLAFIN,245.0,251.25,244.75,247.85,384976.0
2019-07-31 13:00:00,NSE:CHOLAFIN,247.6,252.0,247.3,251.45,160234.0
2019-07-31 14:00:00,NSE:CHOLAFIN,251.6,260.8,251.15,259.65,981156.0
2019-07-31 15:00:00,NSE:CHOLAFIN,259.8,260.7,258.0,259.65,770558.0
2019-08-01 09:00:00,NSE:CHOLAFIN,258.3,266.5,256.0,265.0,719194.0
2019-08-01 10:00:00,NSE:CHOLAFIN,265.15,265.6,262.7,263.3,402085.0
2019-08-01 11:00:00,NSE:CHOLAFIN,263.2,265.5,262.65,265.0,437143.0
2019-08-01 12:00:00,NSE:CHOLAFIN,265.0,265.2,263.25,264.0,169235.0
2019-08-01 13:00:00,NSE:CHOLAFIN,263.9,265.8,263.25,265.0,228654.0
2019-08-01 14:00:00,NSE:CHOLAFIN,265.0,265.25,260.1,261.25,312370.0
2019-08-01 15:00:00,NSE:CHOLAFIN,261.2,261.25,258.1,259.6,204761.0
2019-08-02 09:00:00,NSE:CHOLAFIN,259.5,261.75,254.25,259.0,256782.0
2019-08-02 10:00:00,NSE:CHOLAFIN,258.8,263.0,257.0,261.7,147060.0
2019-08-02 11:00:00,NSE:CHOLAFIN,261.95,265.65,261.6,265.6,185969.0
2019-08-02 12:00:00,NSE:CHOLAFIN,265.5,269.25,265.1,265.5,193576.0
2019-08-02 13:00:00,NSE:CHOLAFIN,265.25,268.0,264.35,266.5,115933.0
2019-08-02 14:00:00,NSE:CHOLAFIN,266.5,270.0,266.0,266.55,247560.0
2019-08-02 15:00:00,NSE:CHOLAFIN,266.5,268.45,265.1,266.6,101648.0
2019-08-05 09:00:00,NSE:CHOLAFIN,263.75,263.75,258.0,261.45,187391.0
2019-08-05 10:00:00,NSE:CHOLAFIN,261.2,266.55,259.4,260.35,152173.0
2019-08-05 11:00:00,NSE:CHOLAFIN,260.35,263.5,259.05,262.95,119620.0
2019-08-05 12:00:00,NSE:CHOLAFIN,262.95,265.3,261.05,262.85,95398.0
2019-08-05 13:00:00,NSE:CHOLAFIN,263.0,264.2,260.0,261.2,107285.0
2019-08-05 14:00:00,NSE:CHOLAFIN,261.2,263.55,260.1,261.5,141559.0
2019-08-05 15:00:00,NSE:CHOLAFIN,261.75,262.15,260.25,261.05,183701.0
2019-08-06 09:00:00,NSE:CHOLAFIN,260.0,267.5,258.4,267.1,538987.0
2019-08-06 10:00:00,NSE:CHOLAFIN,267.15,268.5,264.0,264.35,532756.0
2019-08-06 11:00:00,NSE:CHOLAFIN,264.45,264.55,261.25,262.0,139180.0
2019-08-06 12:00:00,NSE:CHOLAFIN,262.0,265.8,261.55,265.3,178857.0
2019-08-06 13:00:00,NSE:CHOLAFIN,265.1,271.45,265.1,270.9,129788.0
2019-08-06 14:00:00,NSE:CHOLAFIN,270.6,274.3,269.3,269.85,374971.0
2019-08-06 15:00:00,NSE:CHOLAFIN,269.6,269.65,267.0,268.25,319311.0
2019-08-07 09:00:00,NSE:CHOLAFIN,266.15,271.7,266.15,270.8,173356.0
2019-08-07 10:00:00,NSE:CHOLAFIN,270.8,271.9,268.7,270.0,91562.0
2019-08-07 11:00:00,NSE:CHOLAFIN,270.0,271.65,269.7,271.05,517284.0
2019-08-07 12:00:00,NSE:CHOLAFIN,271.55,274.45,270.95,273.25,720602.0
2019-08-07 13:00:00,NSE:CHOLAFIN,273.45,274.0,273.1,273.55,181547.0
2019-08-07 14:00:00,NSE:CHOLAFIN,273.5,275.0,273.25,273.45,139608.0
2019-08-07 15:00:00,NSE:CHOLAFIN,273.45,275.35,270.8,272.0,600502.0
2019-08-08 09:00:00,NSE:CHOLAFIN,274.7,274.9,265.55,268.8,164482.0
2019-08-08 10:00:00,NSE:CHOLAFIN,268.65,271.4,267.35,268.65,124311.0
2019-08-08 11:00:00,NSE:CHOLAFIN,268.6,268.6,266.15,266.25,72413.0
2019-08-08 12:00:00,NSE:CHOLAFIN,266.65,269.25,265.55,268.05,89273.0
2019-08-08 13:00:00,NSE:CHOLAFIN,268.05,268.95,266.55,268.05,52537.0
2019-08-08 14:00:00,NSE:CHOLAFIN,268.2,270.45,266.3,269.4,116052.0
2019-08-08 15:00:00,NSE:CHOLAFIN,269.65,272.9,269.4,271.3,132141.0
2019-08-09 09:00:00,NSE:CHOLAFIN,272.5,276.85,270.15,274.65,206626.0
2019-08-09 10:00:00,NSE:CHOLAFIN,274.65,277.95,272.85,277.0,211814.0
2019-08-09 11:00:00,NSE:CHOLAFIN,276.95,278.6,274.55,277.45,266586.0
2019-08-09 12:00:00,NSE:CHOLAFIN,277.4,278.45,274.5,277.6,324178.0
2019-08-09 13:00:00,NSE:CHOLAFIN,277.6,278.25,275.5,276.65,259946.0
2019-08-09 14:00:00,NSE:CHOLAFIN,276.6,276.95,272.1,272.75,313150.0
2019-08-09 15:00:00,NSE:CHOLAFIN,272.75,273.45,271.25,272.3,177793.0
2019-08-13 09:00:00,NSE:CHOLAFIN,274.6,274.6,268.6,271.8,102877.0
2019-08-13 10:00:00,NSE:CHOLAFIN,271.75,274.2,270.85,272.8,74069.0
2019-08-13 11:00:00,NSE:CHOLAFIN,272.9,273.6,270.85,271.75,72609.0
2019-08-13 12:00:00,NSE:CHOLAFIN,271.8,272.15,268.05,269.45,91804.0
2019-08-13 13:00:00,NSE:CHOLAFIN,269.45,270.0,267.2,267.9,51898.0
2019-08-13 14:00:00,NSE:CHOLAFIN,267.9,267.9,261.15,262.95,190289.0
2019-08-13 15:00:00,NSE:CHOLAFIN,262.8,263.25,260.2,261.75,154602.0
2019-08-14 09:00:00,NSE:CHOLAFIN,263.25,268.5,260.75,261.45,189510.0
2019-08-14 10:00:00,NSE:CHOLAFIN,261.45,265.5,260.1,263.15,366915.0
2019-08-14 11:00:00,NSE:CHOLAFIN,263.0,264.35,262.5,263.3,88810.0
2019-08-14 12:00:00,NSE:CHOLAFIN,263.3,264.1,260.5,263.5,130229.0
2019-08-14 13:00:00,NSE:CHOLAFIN,263.5,267.0,263.0,266.75,460736.0
2019-08-14 14:00:00,NSE:CHOLAFIN,266.75,268.0,265.0,265.2,185474.0
2019-08-14 15:00:00,NSE:CHOLAFIN,265.2,266.3,264.75,265.45,181340.0
2019-08-16 09:00:00,NSE:CHOLAFIN,266.4,266.95,262.4,262.85,79580.0
2019-08-16 10:00:00,NSE:CHOLAFIN,262.85,264.05,261.5,263.35,98774.0
2019-08-16 11:00:00,NSE:CHOLAFIN,263.45,265.8,263.2,264.95,75698.0
2019-08-16 12:00:00,NSE:CHOLAFIN,264.7,267.5,264.15,265.0,75895.0
2019-08-16 13:00:00,NSE:CHOLAFIN,265.0,266.1,262.8,264.65,125033.0
2019-08-16 14:00:00,NSE:CHOLAFIN,265.0,266.6,264.25,265.5,87673.0
2019-08-16 15:00:00,NSE:CHOLAFIN,265.4,266.65,264.4,265.35,161164.0
2019-08-19 09:00:00,NSE:CHOLAFIN,266.15,267.8,262.5,265.6,100383.0
2019-08-19 10:00:00,NSE:CHOLAFIN,265.55,266.5,264.7,265.1,64237.0
2019-08-19 11:00:00,NSE:CHOLAFIN,265.1,267.0,264.3,265.1,64865.0
2019-08-19 12:00:00,NSE:CHOLAFIN,265.1,268.75,265.1,267.45,119971.0
2019-08-19 13:00:00,NSE:CHOLAFIN,267.45,268.95,266.9,267.7,109112.0
2019-08-19 14:00:00,NSE:CHOLAFIN,267.7,268.15,263.6,264.4,185153.0
2019-08-19 15:00:00,NSE:CHOLAFIN,264.5,264.65,263.7,264.15,74265.0
2019-08-20 09:00:00,NSE:CHOLAFIN,265.7,265.7,255.65,256.15,257088.0
2019-08-20 10:00:00,NSE:CHOLAFIN,256.1,259.45,255.0,257.4,250102.0
2019-08-20 11:00:00,NSE:CHOLAFIN,257.45,259.9,257.45,257.8,123811.0
2019-08-20 12:00:00,NSE:CHOLAFIN,257.75,258.9,255.9,258.6,195254.0
2019-08-20 13:00:00,NSE:CHOLAFIN,258.6,260.95,257.7,258.8,167732.0
2019-08-20 14:00:00,NSE:CHOLAFIN,258.8,261.0,257.55,258.75,125823.0
2019-08-20 15:00:00,NSE:CHOLAFIN,258.75,259.95,257.95,259.0,138264.0
2019-08-21 09:00:00,NSE:CHOLAFIN,257.45,257.9,254.65,256.0,130311.0
2019-08-21 10:00:00,NSE:CHOLAFIN,256.0,258.6,255.5,257.0,114745.0
2019-08-21 11:00:00,NSE:CHOLAFIN,257.0,257.85,256.1,256.65,48385.0
2019-08-21 12:00:00,NSE:CHOLAFIN,256.65,257.5,255.35,257.35,64105.0
2019-08-21 13:00:00,NSE:CHOLAFIN,257.35,257.95,255.6,256.85,120492.0
2019-08-21 14:00:00,NSE:CHOLAFIN,256.85,258.35,255.6,255.75,133030.0
2019-08-21 15:00:00,NSE:CHOLAFIN,256.0,256.7,254.6,255.65,84443.0
2019-08-22 09:00:00,NSE:CHOLAFIN,255.65,258.75,254.45,258.05,448638.0
2019-08-22 10:00:00,NSE:CHOLAFIN,258.1,258.95,253.65,254.7,264031.0
2019-08-22 11:00:00,NSE:CHOLAFIN,254.7,256.45,253.75,255.75,144566.0
2019-08-22 12:00:00,NSE:CHOLAFIN,255.85,257.0,255.55,256.55,71546.0
2019-08-22 13:00:00,NSE:CHOLAFIN,256.55,256.95,255.0,255.05,49306.0
2019-08-22 14:00:00,NSE:CHOLAFIN,255.1,255.4,247.15,247.4,142090.0
2019-08-22 15:00:00,NSE:CHOLAFIN,247.4,250.8,247.05,249.15,134416.0
2019-08-23 09:00:00,NSE:CHOLAFIN,247.2,253.95,247.2,251.0,329554.0
2019-08-23 10:00:00,NSE:CHOLAFIN,251.35,253.55,242.55,252.3,402506.0
2019-08-23 11:00:00,NSE:CHOLAFIN,252.2,255.6,251.8,254.3,186023.0
2019-08-23 12:00:00,NSE:CHOLAFIN,254.4,257.0,254.0,254.9,142315.0
2019-08-23 13:00:00,NSE:CHOLAFIN,254.95,262.3,254.3,262.0,381354.0
2019-08-23 14:00:00,NSE:CHOLAFIN,262.1,265.75,261.2,261.45,564661.0
2019-08-23 15:00:00,NSE:CHOLAFIN,261.45,261.8,259.2,260.65,198411.0
2019-08-26 09:00:00,NSE:CHOLAFIN,265.55,274.85,262.9,263.55,607214.0
2019-08-26 10:00:00,NSE:CHOLAFIN,263.55,265.55,262.0,265.55,122797.0
2019-08-26 11:00:00,NSE:CHOLAFIN,265.7,268.35,264.55,267.9,174594.0
2019-08-26 12:00:00,NSE:CHOLAFIN,267.9,272.3,267.6,270.3,264611.0
2019-08-26 13:00:00,NSE:CHOLAFIN,270.3,274.15,269.5,272.25,229124.0
2019-08-26 14:00:00,NSE:CHOLAFIN,272.25,278.7,271.0,274.25,789741.0
2019-08-26 15:00:00,NSE:CHOLAFIN,274.25,275.2,271.05,273.0,362200.0
2019-08-27 09:00:00,NSE:CHOLAFIN,272.9,274.7,270.1,272.55,350393.0
2019-08-27 10:00:00,NSE:CHOLAFIN,272.6,273.3,269.4,271.0,319572.0
2019-08-27 11:00:00,NSE:CHOLAFIN,271.0,272.05,270.3,270.95,115944.0
2019-08-27 12:00:00,NSE:CHOLAFIN,270.95,271.5,269.0,270.15,105137.0
2019-08-27 13:00:00,NSE:CHOLAFIN,270.2,271.9,269.9,271.0,161965.0
2019-08-27 14:00:00,NSE:CHOLAFIN,270.8,272.05,270.0,270.5,335176.0
2019-08-27 15:00:00,NSE:CHOLAFIN,270.4,271.0,268.1,270.2,230347.0
2019-08-28 09:00:00,NSE:CHOLAFIN,272.2,274.6,267.5,268.4,538510.0
2019-08-28 10:00:00,NSE:CHOLAFIN,268.05,270.0,268.0,268.2,60754.0
2019-08-28 11:00:00,NSE:CHOLAFIN,268.45,270.9,268.2,269.05,51014.0
2019-08-28 12:00:00,NSE:CHOLAFIN,269.05,270.05,267.25,268.3,101171.0
2019-08-28 13:00:00,NSE:CHOLAFIN,268.3,269.6,268.0,268.7,51706.0
2019-08-28 14:00:00,NSE:CHOLAFIN,268.6,268.7,264.05,266.1,232827.0
2019-08-28 15:00:00,NSE:CHOLAFIN,266.15,268.0,265.55,266.45,99659.0
2019-08-29 09:00:00,NSE:CHOLAFIN,267.6,267.6,263.0,264.5,114292.0
2019-08-29 10:00:00,NSE:CHOLAFIN,264.4,264.8,261.6,264.0,101952.0
2019-08-29 11:00:00,NSE:CHOLAFIN,264.0,268.0,263.55,266.0,164687.0
2019-08-29 12:00:00,NSE:CHOLAFIN,265.85,266.0,263.85,265.75,91156.0
2019-08-29 13:00:00,NSE:CHOLAFIN,265.8,271.5,265.75,267.55,150067.0
2019-08-29 14:00:00,NSE:CHOLAFIN,267.4,267.85,264.5,266.25,80999.0
2019-08-29 15:00:00,NSE:CHOLAFIN,266.35,273.0,265.25,267.45,72219.0
2019-08-30 09:00:00,NSE:CHOLAFIN,269.1,271.65,268.8,270.1,175620.0
2019-08-30 10:00:00,NSE:CHOLAFIN,270.1,270.4,264.0,264.25,96967.0
2019-08-30 11:00:00,NSE:CHOLAFIN,264.25,266.5,263.05,264.2,143401.0
2019-08-30 12:00:00,NSE:CHOLAFIN,264.05,265.95,263.15,265.95,33878.0
2019-08-30 13:00:00,NSE:CHOLAFIN,265.8,267.1,265.0,266.05,111205.0
2019-08-30 14:00:00,NSE:CHOLAFIN,266.0,269.4,265.9,266.35,112635.0
2019-08-30 15:00:00,NSE:CHOLAFIN,266.35,270.0,266.35,268.7,73953.0
2019-09-03 09:00:00,NSE:CHOLAFIN,268.5,268.5,264.45,265.6,70593.0
2019-09-03 10:00:00,NSE:CHOLAFIN,265.3,265.7,264.25,265.15,73819.0
2019-09-03 11:00:00,NSE:CHOLAFIN,265.0,266.75,264.5,265.8,64442.0
2019-09-03 12:00:00,NSE:CHOLAFIN,265.8,267.85,265.8,267.45,59158.0
2019-09-03 13:00:00,NSE:CHOLAFIN,267.45,269.5,267.05,267.65,52563.0
2019-09-03 14:00:00,NSE:CHOLAFIN,267.65,271.65,266.5,268.75,202731.0
2019-09-03 15:00:00,NSE:CHOLAFIN,268.65,268.7,266.5,267.55,256960.0
2019-09-04 09:00:00,NSE:CHOLAFIN,267.95,269.0,263.25,266.0,148685.0
2019-09-04 10:00:00,NSE:CHOLAFIN,266.0,267.65,263.55,265.5,61486.0
2019-09-04 11:00:00,NSE:CHOLAFIN,265.85,268.8,264.5,267.15,59090.0
2019-09-04 12:00:00,NSE:CHOLAFIN,267.15,268.35,265.75,267.95,95159.0
2019-09-04 13:00:00,NSE:CHOLAFIN,267.95,269.0,267.0,268.4,85234.0
2019-09-04 14:00:00,NSE:CHOLAFIN,268.4,270.4,268.4,269.15,135201.0
2019-09-04 15:00:00,NSE:CHOLAFIN,269.25,270.75,268.3,269.75,88419.0
2019-09-05 09:00:00,NSE:CHOLAFIN,268.5,271.95,265.8,267.7,121846.0
2019-09-05 10:00:00,NSE:CHOLAFIN,267.7,270.0,266.5,269.65,102903.0
2019-09-05 11:00:00,NSE:CHOLAFIN,269.95,270.0,266.6,267.85,130659.0
2019-09-05 12:00:00,NSE:CHOLAFIN,267.55,268.25,265.35,267.9,71480.0
2019-09-05 13:00:00,NSE:CHOLAFIN,267.9,269.2,266.75,268.35,271545.0
2019-09-05 14:00:00,NSE:CHOLAFIN,268.35,269.0,268.0,268.4,39864.0
2019-09-05 15:00:00,NSE:CHOLAFIN,268.2,269.45,268.0,268.4,92967.0
2019-09-06 09:00:00,NSE:CHOLAFIN,269.0,272.1,268.85,269.25,2314974.0
2019-09-06 10:00:00,NSE:CHOLAFIN,269.1,270.55,268.15,270.55,84647.0
2019-09-06 11:00:00,NSE:CHOLAFIN,270.55,271.35,269.45,269.95,53433.0
2019-09-06 12:00:00,NSE:CHOLAFIN,269.9,269.95,267.85,269.2,72715.0
2019-09-06 13:00:00,NSE:CHOLAFIN,269.15,270.4,267.95,270.05,68777.0
2019-09-06 14:00:00,NSE:CHOLAFIN,270.05,270.05,268.0,268.8,47515.0
2019-09-06 15:00:00,NSE:CHOLAFIN,268.95,270.05,268.1,269.2,108601.0
2019-09-09 09:00:00,NSE:CHOLAFIN,272.7,272.7,255.0,270.4,112290.0
2019-09-09 10:00:00,NSE:CHOLAFIN,270.4,274.45,270.2,273.0,151899.0
2019-09-09 11:00:00,NSE:CHOLAFIN,273.0,275.85,272.6,275.35,112995.0
2019-09-09 12:00:00,NSE:CHOLAFIN,275.15,275.6,272.1,273.95,120143.0
2019-09-09 13:00:00,NSE:CHOLAFIN,274.05,274.5,272.4,273.0,82098.0
2019-09-09 14:00:00,NSE:CHOLAFIN,273.05,274.0,270.0,272.25,139860.0
2019-09-09 15:00:00,NSE:CHOLAFIN,272.35,273.5,271.9,272.8,88679.0
2019-09-11 09:00:00,NSE:CHOLAFIN,270.65,277.75,270.65,275.0,125736.0
2019-09-11 10:00:00,NSE:CHOLAFIN,275.0,275.35,272.9,274.4,219507.0
2019-09-11 11:00:00,NSE:CHOLAFIN,274.8,275.0,274.0,275.0,54821.0
2019-09-11 12:00:00,NSE:CHOLAFIN,274.85,275.85,274.05,275.3,45770.0
2019-09-11 13:00:00,NSE:CHOLAFIN,275.3,277.2,275.0,277.1,58038.0
2019-09-11 14:00:00,NSE:CHOLAFIN,277.1,277.3,274.5,274.95,152550.0
2019-09-11 15:00:00,NSE:CHOLAFIN,275.2,277.35,274.9,275.0,134840.0
2019-09-12 09:00:00,NSE:CHOLAFIN,275.95,281.4,275.1,277.8,249742.0
2019-09-12 10:00:00,NSE:CHOLAFIN,277.8,278.5,277.15,277.55,76587.0
2019-09-12 11:00:00,NSE:CHOLAFIN,277.8,277.8,274.35,276.65,106654.0
2019-09-12 12:00:00,NSE:CHOLAFIN,276.65,276.8,274.7,276.45,251992.0
2019-09-12 13:00:00,NSE:CHOLAFIN,276.5,277.15,275.0,275.1,51881.0
2019-09-12 14:00:00,NSE:CHOLAFIN,275.55,277.9,275.0,277.8,146236.0
2019-09-12 15:00:00,NSE:CHOLAFIN,277.95,277.95,275.2,276.45,133468.0
2019-09-13 09:00:00,NSE:CHOLAFIN,277.8,277.95,273.2,273.75,94143.0
2019-09-13 10:00:00,NSE:CHOLAFIN,273.75,274.5,272.55,274.1,50890.0
2019-09-13 11:00:00,NSE:CHOLAFIN,274.0,274.4,273.45,274.15,34454.0
2019-09-13 12:00:00,NSE:CHOLAFIN,274.3,274.7,272.1,272.9,88368.0
2019-09-13 13:00:00,NSE:CHOLAFIN,272.9,274.5,272.35,274.3,53246.0
2019-09-13 14:00:00,NSE:CHOLAFIN,274.35,274.55,272.5,274.05,429286.0
2019-09-13 15:00:00,NSE:CHOLAFIN,274.2,276.55,273.05,274.9,141075.0
2019-09-16 09:00:00,NSE:CHOLAFIN,273.0,275.0,270.25,273.0,75135.0
2019-09-16 10:00:00,NSE:CHOLAFIN,272.95,274.5,272.45,273.1,34787.0
2019-09-16 11:00:00,NSE:CHOLAFIN,273.4,275.0,273.05,273.8,62681.0
2019-09-16 12:00:00,NSE:CHOLAFIN,273.8,274.7,272.35,272.55,41962.0
2019-09-16 13:00:00,NSE:CHOLAFIN,272.75,273.15,271.0,271.55,122160.0
2019-09-16 14:00:00,NSE:CHOLAFIN,271.6,273.0,270.55,272.65,84460.0
2019-09-16 15:00:00,NSE:CHOLAFIN,272.5,272.75,271.25,271.95,71858.0
2019-09-17 09:00:00,NSE:CHOLAFIN,273.0,275.5,271.15,273.65,47350.0
2019-09-17 10:00:00,NSE:CHOLAFIN,273.65,274.0,271.55,272.2,36673.0
2019-09-17 11:00:00,NSE:CHOLAFIN,272.15,273.05,271.35,271.7,15322.0
2019-09-17 12:00:00,NSE:CHOLAFIN,272.0,272.5,271.35,272.1,34476.0
2019-09-17 13:00:00,NSE:CHOLAFIN,272.15,272.15,269.5,270.1,67250.0
2019-09-17 14:00:00,NSE:CHOLAFIN,270.1,271.8,267.5,269.4,131535.0
2019-09-17 15:00:00,NSE:CHOLAFIN,269.2,269.25,263.35,265.25,173847.0
2019-09-18 09:00:00,NSE:CHOLAFIN,266.6,268.95,265.85,266.35,80464.0
2019-09-18 10:00:00,NSE:CHOLAFIN,266.2,267.75,263.8,267.15,77493.0
2019-09-18 11:00:00,NSE:CHOLAFIN,267.15,267.9,267.0,267.65,51834.0
2019-09-18 12:00:00,NSE:CHOLAFIN,267.65,268.25,265.4,267.7,119402.0
2019-09-18 13:00:00,NSE:CHOLAFIN,267.5,267.9,265.8,267.0,509846.0
2019-09-18 14:00:00,NSE:CHOLAFIN,267.0,269.1,266.75,268.0,184583.0
2019-09-18 15:00:00,NSE:CHOLAFIN,267.75,268.0,266.5,267.45,156462.0
2019-09-19 09:00:00,NSE:CHOLAFIN,268.0,270.15,264.7,264.8,67868.0
2019-09-19 10:00:00,NSE:CHOLAFIN,264.8,265.0,259.8,260.25,168869.0
2019-09-19 11:00:00,NSE:CHOLAFIN,260.25,262.0,259.25,261.7,73702.0
2019-09-19 12:00:00,NSE:CHOLAFIN,261.65,262.9,261.0,262.05,124651.0
2019-09-19 13:00:00,NSE:CHOLAFIN,262.05,263.35,260.25,260.95,112732.0
2019-09-19 14:00:00,NSE:CHOLAFIN,260.75,263.85,260.0,263.05,166462.0
2019-09-19 15:00:00,NSE:CHOLAFIN,263.05,264.1,262.45,263.4,106902.0
2019-09-20 09:00:00,NSE:CHOLAFIN,264.1,264.85,259.8,259.8,54306.0
2019-09-20 10:00:00,NSE:CHOLAFIN,259.8,269.0,259.05,266.0,147758.0
2019-09-20 11:00:00,NSE:CHOLAFIN,265.5,278.4,265.2,277.85,444701.0
2019-09-20 12:00:00,NSE:CHOLAFIN,277.85,282.45,277.0,281.2,387059.0
2019-09-20 13:00:00,NSE:CHOLAFIN,281.2,289.7,280.9,289.7,741544.0
2019-09-20 14:00:00,NSE:CHOLAFIN,289.7,306.6,289.05,296.05,1410138.0
2019-09-20 15:00:00,NSE:CHOLAFIN,296.0,296.1,281.8,290.35,2051930.0
2019-09-23 09:00:00,NSE:CHOLAFIN,295.0,303.15,289.85,299.65,415212.0
2019-09-23 10:00:00,NSE:CHOLAFIN,299.6,300.7,296.4,300.25,363906.0
2019-09-23 11:00:00,NSE:CHOLAFIN,300.25,302.0,299.85,301.5,248664.0
2019-09-23 12:00:00,NSE:CHOLAFIN,301.7,307.0,300.35,306.6,504603.0
2019-09-23 13:00:00,NSE:CHOLAFIN,306.6,309.75,301.8,303.05,464410.0
2019-09-23 14:00:00,NSE:CHOLAFIN,303.1,304.0,301.85,302.05,306302.0
2019-09-23 15:00:00,NSE:CHOLAFIN,302.1,304.05,300.0,302.35,232732.0
2019-09-24 09:00:00,NSE:CHOLAFIN,305.0,305.0,295.6,299.0,250558.0
2019-09-24 10:00:00,NSE:CHOLAFIN,299.0,306.2,298.0,304.95,417047.0
2019-09-24 11:00:00,NSE:CHOLAFIN,305.0,313.65,304.0,309.95,389557.0
2019-09-24 12:00:00,NSE:CHOLAFIN,310.0,311.8,304.05,304.1,320802.0
2019-09-24 13:00:00,NSE:CHOLAFIN,304.2,306.9,303.4,305.5,214446.0
2019-09-24 14:00:00,NSE:CHOLAFIN,305.75,305.75,300.5,301.55,220892.0
2019-09-24 15:00:00,NSE:CHOLAFIN,301.9,304.45,301.85,303.15,169767.0
2019-09-25 09:00:00,NSE:CHOLAFIN,304.45,305.5,299.05,299.35,179111.0
2019-09-25 10:00:00,NSE:CHOLAFIN,299.3,300.8,298.65,299.95,202756.0
2019-09-25 11:00:00,NSE:CHOLAFIN,300.0,300.75,296.5,297.3,191066.0
2019-09-25 12:00:00,NSE:CHOLAFIN,297.3,302.2,297.15,301.15,154369.0
2019-09-25 13:00:00,NSE:CHOLAFIN,301.25,301.6,296.6,296.75,309752.0
2019-09-25 14:00:00,NSE:CHOLAFIN,296.8,298.25,294.5,296.15,386660.0
2019-09-25 15:00:00,NSE:CHOLAFIN,296.25,297.4,294.05,295.95,465811.0
2019-09-26 09:00:00,NSE:CHOLAFIN,297.0,309.8,297.0,301.1,714158.0
2019-09-26 10:00:00,NSE:CHOLAFIN,301.3,303.7,301.05,302.5,94809.0
2019-09-26 11:00:00,NSE:CHOLAFIN,303.0,306.5,302.5,305.0,356999.0
2019-09-26 12:00:00,NSE:CHOLAFIN,305.0,305.9,302.15,304.0,294928.0
2019-09-26 13:00:00,NSE:CHOLAFIN,304.15,307.8,304.0,307.25,302641.0
2019-09-26 14:00:00,NSE:CHOLAFIN,307.25,310.8,306.7,309.6,636045.0
2019-09-26 15:00:00,NSE:CHOLAFIN,309.6,312.0,309.05,310.1,632254.0
2019-09-27 09:00:00,NSE:CHOLAFIN,312.05,314.1,309.6,311.75,373817.0
2019-09-27 10:00:00,NSE:CHOLAFIN,311.55,313.0,308.1,311.9,371422.0
2019-09-27 11:00:00,NSE:CHOLAFIN,311.9,319.25,311.0,317.85,637047.0
2019-09-27 12:00:00,NSE:CHOLAFIN,317.8,320.95,317.2,318.85,526580.0
2019-09-27 13:00:00,NSE:CHOLAFIN,318.85,320.0,317.75,318.35,159985.0
2019-09-27 14:00:00,NSE:CHOLAFIN,318.35,322.45,311.5,312.7,898042.0
2019-09-27 15:00:00,NSE:CHOLAFIN,312.6,314.7,308.5,310.6,356019.0
2019-09-30 09:00:00,NSE:CHOLAFIN,311.9,311.9,306.0,310.25,155313.0
2019-09-30 10:00:00,NSE:CHOLAFIN,310.45,312.95,306.9,311.45,155462.0
2019-09-30 11:00:00,NSE:CHOLAFIN,311.3,313.2,307.1,311.0,174050.0
2019-09-30 12:00:00,NSE:CHOLAFIN,310.55,312.2,307.55,311.8,77820.0
2019-09-30 13:00:00,NSE:CHOLAFIN,312.0,312.5,308.15,309.7,95801.0
2019-09-30 14:00:00,NSE:CHOLAFIN,309.55,312.85,306.5,307.0,146348.0
2019-09-30 15:00:00,NSE:CHOLAFIN,306.9,309.5,306.5,307.8,154330.0
2019-10-01 09:00:00,NSE:CHOLAFIN,309.7,311.85,308.05,308.05,139168.0
2019-10-01 10:00:00,NSE:CHOLAFIN,308.05,310.95,307.0,308.8,115495.0
2019-10-01 11:00:00,NSE:CHOLAFIN,308.8,309.65,302.4,303.7,190752.0
2019-10-01 12:00:00,NSE:CHOLAFIN,303.7,303.85,299.6,301.1,212026.0
2019-10-01 13:00:00,NSE:CHOLAFIN,301.2,301.8,289.25,289.45,335146.0
2019-10-01 14:00:00,NSE:CHOLAFIN,289.5,294.75,287.1,293.15,417622.0
2019-10-01 15:00:00,NSE:CHOLAFIN,293.15,295.1,292.3,293.55,198399.0
2019-10-03 09:00:00,NSE:CHOLAFIN,293.55,300.85,291.55,292.85,396377.0
2019-10-03 10:00:00,NSE:CHOLAFIN,292.45,293.75,286.35,287.7,326981.0
2019-10-03 11:00:00,NSE:CHOLAFIN,287.9,288.55,286.0,287.2,337660.0
2019-10-03 12:00:00,NSE:CHOLAFIN,287.3,288.1,285.0,286.55,172650.0
2019-10-03 13:00:00,NSE:CHOLAFIN,286.9,288.0,286.05,287.2,129549.0
2019-10-03 14:00:00,NSE:CHOLAFIN,287.2,290.35,286.85,290.0,301381.0
2019-10-03 15:00:00,NSE:CHOLAFIN,290.0,290.6,289.7,290.1,158534.0
2019-10-04 09:00:00,NSE:CHOLAFIN,290.75,293.0,287.25,288.65,106065.0
2019-10-04 10:00:00,NSE:CHOLAFIN,289.0,290.95,288.35,290.15,86379.0
2019-10-04 11:00:00,NSE:CHOLAFIN,290.3,290.95,288.15,289.1,90419.0
2019-10-04 12:00:00,NSE:CHOLAFIN,288.75,291.5,288.0,290.15,142110.0
2019-10-04 13:00:00,NSE:CHOLAFIN,290.5,291.5,287.5,290.75,189736.0
2019-10-04 14:00:00,NSE:CHOLAFIN,290.7,293.65,288.75,291.4,251333.0
2019-10-04 15:00:00,NSE:CHOLAFIN,291.4,291.9,287.3,287.9,156667.0
2019-10-07 09:00:00,NSE:CHOLAFIN,287.2,289.95,281.45,282.0,232572.0
2019-10-07 10:00:00,NSE:CHOLAFIN,282.0,285.0,282.0,282.0,137015.0
2019-10-07 11:00:00,NSE:CHOLAFIN,282.05,282.45,278.95,282.15,167868.0
2019-10-07 12:00:00,NSE:CHOLAFIN,282.5,288.6,282.0,287.0,188056.0
2019-10-07 13:00:00,NSE:CHOLAFIN,287.05,293.4,286.9,289.9,206488.0
2019-10-07 14:00:00,NSE:CHOLAFIN,289.8,293.3,289.35,290.3,246547.0
2019-10-07 15:00:00,NSE:CHOLAFIN,290.2,291.65,289.0,290.5,174702.0
2019-10-09 09:00:00,NSE:CHOLAFIN,291.0,291.45,285.5,287.1,72255.0
2019-10-09 10:00:00,NSE:CHOLAFIN,286.95,289.25,285.35,285.65,208364.0
2019-10-09 11:00:00,NSE:CHOLAFIN,285.4,289.3,285.05,289.0,329889.0
2019-10-09 12:00:00,NSE:CHOLAFIN,289.15,290.8,286.55,289.0,131262.0
2019-10-09 13:00:00,NSE:CHOLAFIN,289.0,291.7,287.55,291.0,181189.0
2019-10-09 14:00:00,NSE:CHOLAFIN,291.5,298.0,290.0,295.65,602772.0
2019-10-09 15:00:00,NSE:CHOLAFIN,295.4,297.0,295.0,296.2,142924.0
2019-10-10 09:00:00,NSE:CHOLAFIN,292.2,295.2,286.2,287.05,184925.0
2019-10-10 10:00:00,NSE:CHOLAFIN,287.05,289.35,286.55,288.1,118899.0
2019-10-10 11:00:00,NSE:CHOLAFIN,287.85,288.35,283.05,285.8,155952.0
2019-10-10 12:00:00,NSE:CHOLAFIN,285.65,287.6,284.65,285.7,84640.0
2019-10-10 13:00:00,NSE:CHOLAFIN,285.75,286.65,284.5,286.15,55685.0
2019-10-10 14:00:00,NSE:CHOLAFIN,286.1,287.25,283.5,283.9,67522.0
2019-10-10 15:00:00,NSE:CHOLAFIN,284.0,284.3,282.65,283.3,156186.0
2019-10-11 09:00:00,NSE:CHOLAFIN,285.05,287.2,281.25,283.45,175805.0
2019-10-11 10:00:00,NSE:CHOLAFIN,283.8,284.5,280.35,281.65,106874.0
2019-10-11 11:00:00,NSE:CHOLAFIN,281.6,282.45,280.5,281.95,135046.0
2019-10-11 12:00:00,NSE:CHOLAFIN,281.95,287.5,281.65,287.05,167938.0
2019-10-11 13:00:00,NSE:CHOLAFIN,286.95,288.4,285.95,288.4,80396.0
2019-10-11 14:00:00,NSE:CHOLAFIN,288.6,288.9,282.55,283.5,122577.0
2019-10-11 15:00:00,NSE:CHOLAFIN,283.55,284.65,283.2,283.95,60722.0
2019-10-14 09:00:00,NSE:CHOLAFIN,284.0,290.0,284.0,286.95,192222.0
2019-10-14 10:00:00,NSE:CHOLAFIN,287.0,288.9,284.65,287.7,55193.0
2019-10-14 11:00:00,NSE:CHOLAFIN,287.75,287.75,283.45,284.55,59982.0
2019-10-14 12:00:00,NSE:CHOLAFIN,284.55,286.0,283.85,284.6,37590.0
2019-10-14 13:00:00,NSE:CHOLAFIN,284.5,284.95,283.3,284.75,43389.0
2019-10-14 14:00:00,NSE:CHOLAFIN,284.8,287.95,284.05,286.0,145101.0
2019-10-14 15:00:00,NSE:CHOLAFIN,285.8,286.4,283.25,285.1,117253.0
2019-10-15 09:00:00,NSE:CHOLAFIN,286.9,286.9,279.55,281.5,154716.0
2019-10-15 10:00:00,NSE:CHOLAFIN,281.45,283.75,280.65,282.05,401645.0
2019-10-15 11:00:00,NSE:CHOLAFIN,282.05,282.9,281.25,281.65,240986.0
2019-10-15 12:00:00,NSE:CHOLAFIN,281.8,282.65,279.0,280.7,306140.0
2019-10-15 13:00:00,NSE:CHOLAFIN,280.7,280.85,276.3,279.95,195700.0
2019-10-15 14:00:00,NSE:CHOLAFIN,279.95,281.6,279.25,280.3,242324.0
2019-10-15 15:00:00,NSE:CHOLAFIN,280.1,281.25,279.0,279.85,180738.0
2019-10-16 09:00:00,NSE:CHOLAFIN,281.2,283.0,276.65,277.95,248530.0
2019-10-16 10:00:00,NSE:CHOLAFIN,278.1,279.75,277.05,277.4,306175.0
2019-10-16 11:00:00,NSE:CHOLAFIN,277.85,277.85,273.45,274.4,213986.0
2019-10-16 12:00:00,NSE:CHOLAFIN,274.5,277.15,272.4,274.0,194973.0
2019-10-16 13:00:00,NSE:CHOLAFIN,274.0,275.1,270.4,270.8,174584.0
2019-10-16 14:00:00,NSE:CHOLAFIN,270.55,272.95,269.5,270.3,328647.0
2019-10-16 15:00:00,NSE:CHOLAFIN,270.0,272.35,269.6,270.6,228124.0
2019-10-17 09:00:00,NSE:CHOLAFIN,271.0,277.15,269.65,275.75,300419.0
2019-10-17 10:00:00,NSE:CHOLAFIN,275.95,280.95,275.5,280.0,409098.0
2019-10-17 11:00:00,NSE:CHOLAFIN,280.0,281.6,278.05,281.1,185218.0
2019-10-17 12:00:00,NSE:CHOLAFIN,280.85,281.0,279.75,279.85,58672.0
2019-10-17 13:00:00,NSE:CHOLAFIN,280.0,280.95,279.45,280.9,69062.0
2019-10-17 14:00:00,NSE:CHOLAFIN,280.5,287.95,280.5,287.4,379112.0
2019-10-17 15:00:00,NSE:CHOLAFIN,287.5,290.0,285.5,287.5,355381.0
2019-10-18 09:00:00,NSE:CHOLAFIN,287.05,289.95,284.5,287.65,291318.0
2019-10-18 10:00:00,NSE:CHOLAFIN,287.5,293.8,287.2,293.25,426312.0
2019-10-18 11:00:00,NSE:CHOLAFIN,293.0,297.8,292.4,297.25,423165.0
2019-10-18 12:00:00,NSE:CHOLAFIN,297.4,298.85,296.2,296.6,170403.0
2019-10-18 13:00:00,NSE:CHOLAFIN,296.6,300.0,295.8,299.9,183935.0
2019-10-18 14:00:00,NSE:CHOLAFIN,299.9,303.15,299.7,302.85,278063.0
2019-10-18 15:00:00,NSE:CHOLAFIN,302.85,304.35,300.1,302.5,389377.0
2019-10-22 09:00:00,NSE:CHOLAFIN,298.05,310.0,298.05,302.35,321833.0
2019-10-22 10:00:00,NSE:CHOLAFIN,302.35,304.35,300.6,301.95,132128.0
2019-10-22 11:00:00,NSE:CHOLAFIN,301.8,304.05,298.65,299.0,181450.0
2019-10-22 12:00:00,NSE:CHOLAFIN,298.85,301.5,298.15,299.4,179739.0
2019-10-22 13:00:00,NSE:CHOLAFIN,299.1,299.4,292.0,296.8,165451.0
2019-10-22 14:00:00,NSE:CHOLAFIN,296.75,296.85,291.5,294.5,146176.0
2019-10-22 15:00:00,NSE:CHOLAFIN,294.3,296.75,292.6,294.55,195957.0
2019-10-23 09:00:00,NSE:CHOLAFIN,296.1,298.2,288.8,289.75,209579.0
2019-10-23 10:00:00,NSE:CHOLAFIN,289.35,291.75,287.5,290.7,146985.0
2019-10-23 11:00:00,NSE:CHOLAFIN,290.7,292.05,290.25,290.4,40568.0
2019-10-23 12:00:00,NSE:CHOLAFIN,290.35,290.7,286.25,287.0,79696.0
2019-10-23 13:00:00,NSE:CHOLAFIN,287.0,290.1,286.6,288.0,85408.0
2019-10-23 14:00:00,NSE:CHOLAFIN,288.0,289.3,285.1,288.45,212376.0
2019-10-23 15:00:00,NSE:CHOLAFIN,288.9,290.3,285.75,288.7,161073.0
2019-10-24 09:00:00,NSE:CHOLAFIN,288.7,292.3,285.85,290.95,181250.0
2019-10-24 10:00:00,NSE:CHOLAFIN,291.0,293.5,290.15,291.85,219000.0
2019-10-24 11:00:00,NSE:CHOLAFIN,291.85,294.4,290.7,293.25,133428.0
2019-10-24 12:00:00,NSE:CHOLAFIN,293.15,296.5,292.7,295.4,181944.0
2019-10-24 13:00:00,NSE:CHOLAFIN,295.4,297.9,294.85,296.05,423426.0
2019-10-24 14:00:00,NSE:CHOLAFIN,295.85,296.7,293.0,294.0,289484.0
2019-10-24 15:00:00,NSE:CHOLAFIN,293.9,294.2,290.85,293.0,178117.0
2019-10-25 09:00:00,NSE:CHOLAFIN,293.75,293.75,282.75,286.1,790184.0
2019-10-25 10:00:00,NSE:CHOLAFIN,286.1,287.5,284.35,287.25,409648.0
2019-10-25 11:00:00,NSE:CHOLAFIN,287.3,287.55,286.15,287.3,185284.0
2019-10-25 12:00:00,NSE:CHOLAFIN,287.3,288.25,285.1,286.2,292412.0
2019-10-25 13:00:00,NSE:CHOLAFIN,286.0,286.5,285.0,286.35,45750.0
2019-10-25 14:00:00,NSE:CHOLAFIN,286.05,286.5,285.1,286.0,115635.0
2019-10-25 15:00:00,NSE:CHOLAFIN,286.1,286.35,285.15,285.9,212389.0
2019-10-27 18:00:00,NSE:CHOLAFIN,288.0,288.75,286.05,287.7,36210.0
2019-10-27 19:00:00,NSE:CHOLAFIN,287.95,287.95,286.0,287.25,13554.0
2019-10-29 09:00:00,NSE:CHOLAFIN,286.0,289.8,284.1,287.95,74742.0
2019-10-29 10:00:00,NSE:CHOLAFIN,287.9,294.0,287.25,293.8,292143.0
2019-10-29 11:00:00,NSE:CHOLAFIN,293.8,298.0,293.4,297.7,175636.0
2019-10-29 12:00:00,NSE:CHOLAFIN,297.65,298.45,296.1,296.65,88487.0
2019-10-29 13:00:00,NSE:CHOLAFIN,296.6,298.85,296.0,297.0,85699.0
2019-10-29 14:00:00,NSE:CHOLAFIN,297.0,297.5,294.8,296.75,138753.0
2019-10-29 15:00:00,NSE:CHOLAFIN,296.7,297.5,296.3,296.95,118488.0
2019-10-30 09:00:00,NSE:CHOLAFIN,297.05,299.9,296.0,297.95,209619.0
2019-10-30 10:00:00,NSE:CHOLAFIN,297.95,302.95,297.35,302.3,275374.0
2019-10-30 11:00:00,NSE:CHOLAFIN,302.25,303.5,301.5,303.2,105995.0
2019-10-30 12:00:00,NSE:CHOLAFIN,303.05,304.75,303.0,304.0,149956.0
2019-10-30 13:00:00,NSE:CHOLAFIN,304.05,305.9,304.0,305.0,278570.0
2019-10-30 14:00:00,NSE:CHOLAFIN,305.0,306.8,304.9,305.9,315336.0
2019-10-30 15:00:00,NSE:CHOLAFIN,306.0,309.0,305.75,307.1,276500.0
2019-10-31 09:00:00,NSE:CHOLAFIN,308.8,310.6,305.4,306.0,179712.0
2019-10-31 10:00:00,NSE:CHOLAFIN,305.95,309.0,305.15,308.25,135395.0
2019-10-31 11:00:00,NSE:CHOLAFIN,308.25,310.65,308.25,308.75,200912.0
2019-10-31 12:00:00,NSE:CHOLAFIN,308.8,308.95,306.25,306.85,96206.0
2019-10-31 13:00:00,NSE:CHOLAFIN,307.0,308.7,306.05,306.75,69171.0
2019-10-31 14:00:00,NSE:CHOLAFIN,306.55,307.1,304.65,305.1,124155.0
2019-10-31 15:00:00,NSE:CHOLAFIN,305.3,306.0,303.65,305.0,124122.0
2019-11-01 09:00:00,NSE:CHOLAFIN,306.35,313.0,305.0,311.5,358336.0
2019-11-01 10:00:00,NSE:CHOLAFIN,311.2,311.2,303.45,307.55,244377.0
2019-11-01 11:00:00,NSE:CHOLAFIN,307.55,311.0,307.0,311.0,802087.0
2019-11-01 12:00:00,NSE:CHOLAFIN,311.0,312.6,310.0,311.45,173399.0
2019-11-01 13:00:00,NSE:CHOLAFIN,311.35,314.65,311.15,314.1,503174.0
2019-11-01 14:00:00,NSE:CHOLAFIN,314.05,315.55,312.05,312.3,376691.0
2019-11-01 15:00:00,NSE:CHOLAFIN,312.3,315.5,311.35,313.2,289225.0
2019-11-04 09:00:00,NSE:CHOLAFIN,315.0,321.9,315.0,318.0,679996.0
2019-11-04 10:00:00,NSE:CHOLAFIN,317.85,324.0,317.2,323.45,1764246.0
2019-11-04 11:00:00,NSE:CHOLAFIN,323.4,325.0,315.5,316.55,468886.0
2019-11-04 12:00:00,NSE:CHOLAFIN,316.5,318.9,315.35,317.7,209214.0
2019-11-04 13:00:00,NSE:CHOLAFIN,317.5,317.5,312.65,315.5,131839.0
2019-11-04 14:00:00,NSE:CHOLAFIN,315.6,317.7,314.8,315.0,865741.0
2019-11-04 15:00:00,NSE:CHOLAFIN,314.9,317.65,314.8,316.0,160278.0
2019-11-05 09:00:00,NSE:CHOLAFIN,316.7,319.0,313.55,317.9,555389.0
2019-11-05 10:00:00,NSE:CHOLAFIN,318.0,319.85,316.0,317.05,434283.0
2019-11-05 11:00:00,NSE:CHOLAFIN,317.05,317.95,315.2,315.75,274251.0
2019-11-05 12:00:00,NSE:CHOLAFIN,315.7,317.6,315.7,317.1,159039.0
2019-11-05 13:00:00,NSE:CHOLAFIN,317.1,317.6,315.15,315.85,240377.0
2019-11-05 14:00:00,NSE:CHOLAFIN,316.0,317.25,315.0,315.25,144683.0
2019-11-05 15:00:00,NSE:CHOLAFIN,315.25,318.0,315.15,316.6,168332.0
2019-11-06 09:00:00,NSE:CHOLAFIN,316.5,316.5,298.15,299.3,1128277.0
2019-11-06 10:00:00,NSE:CHOLAFIN,299.35,304.4,297.15,297.65,527527.0
2019-11-06 11:00:00,NSE:CHOLAFIN,297.6,299.2,294.2,295.6,644194.0
2019-11-06 12:00:00,NSE:CHOLAFIN,295.6,301.75,295.5,298.7,1210513.0
2019-11-06 13:00:00,NSE:CHOLAFIN,298.65,304.8,298.6,304.2,703977.0
2019-11-06 14:00:00,NSE:CHOLAFIN,304.25,306.1,301.15,302.95,511792.0
2019-11-06 15:00:00,NSE:CHOLAFIN,302.95,303.35,301.15,302.4,325776.0
2019-11-07 09:00:00,NSE:CHOLAFIN,305.0,309.55,303.4,303.45,282620.0
2019-11-07 10:00:00,NSE:CHOLAFIN,303.5,306.25,302.45,302.85,126475.0
2019-11-07 11:00:00,NSE:CHOLAFIN,302.9,303.4,300.35,302.0,122101.0
2019-11-07 12:00:00,NSE:CHOLAFIN,302.25,304.0,301.1,302.0,146383.0
2019-11-07 13:00:00,NSE:CHOLAFIN,302.0,302.5,297.75,298.5,148924.0
2019-11-07 14:00:00,NSE:CHOLAFIN,298.5,298.55,297.3,298.5,84225.0
2019-11-07 15:00:00,NSE:CHOLAFIN,298.5,299.2,297.1,297.95,158370.0
2019-11-08 09:00:00,NSE:CHOLAFIN,299.8,299.8,294.7,297.2,128536.0
2019-11-08 10:00:00,NSE:CHOLAFIN,297.0,299.55,295.3,295.55,103151.0
2019-11-08 11:00:00,NSE:CHOLAFIN,295.55,301.0,295.35,299.9,200616.0
2019-11-08 12:00:00,NSE:CHOLAFIN,299.65,300.3,298.2,298.7,120104.0
2019-11-08 13:00:00,NSE:CHOLAFIN,298.85,300.05,298.35,298.65,91731.0
2019-11-08 14:00:00,NSE:CHOLAFIN,298.65,300.65,297.55,297.9,142842.0
2019-11-08 15:00:00,NSE:CHOLAFIN,297.9,297.9,296.0,296.65,116651.0
2019-11-11 09:00:00,NSE:CHOLAFIN,297.6,298.0,295.8,296.9,181344.0
2019-11-11 10:00:00,NSE:CHOLAFIN,296.95,297.5,295.1,295.5,120370.0
2019-11-11 11:00:00,NSE:CHOLAFIN,295.5,295.75,292.85,295.5,131290.0
2019-11-11 12:00:00,NSE:CHOLAFIN,295.5,297.35,294.15,296.85,88603.0
2019-11-11 13:00:00,NSE:CHOLAFIN,297.2,297.55,295.6,295.85,61553.0
2019-11-11 14:00:00,NSE:CHOLAFIN,295.55,297.0,295.3,296.7,76425.0
2019-11-11 15:00:00,NSE:CHOLAFIN,296.75,297.6,296.05,296.75,102909.0
2019-11-13 09:00:00,NSE:CHOLAFIN,296.75,301.9,296.75,300.45,162316.0
2019-11-13 10:00:00,NSE:CHOLAFIN,300.45,301.0,298.2,299.5,75009.0
2019-11-13 11:00:00,NSE:CHOLAFIN,299.45,300.7,298.2,298.4,48247.0
2019-11-13 12:00:00,NSE:CHOLAFIN,298.25,298.75,296.35,297.6,270968.0
2019-11-13 13:00:00,NSE:CHOLAFIN,297.6,298.65,296.0,298.1,140463.0
2019-11-13 14:00:00,NSE:CHOLAFIN,298.1,298.1,296.0,296.5,127512.0
2019-11-13 15:00:00,NSE:CHOLAFIN,296.5,298.6,296.45,297.3,184064.0
2019-11-14 09:00:00,NSE:CHOLAFIN,298.75,298.75,293.5,296.8,171000.0
2019-11-14 10:00:00,NSE:CHOLAFIN,296.8,302.75,296.6,302.7,205319.0
2019-11-14 11:00:00,NSE:CHOLAFIN,302.4,304.0,301.45,303.15,177251.0
2019-11-14 12:00:00,NSE:CHOLAFIN,303.15,307.75,302.2,305.9,304703.0
2019-11-14 13:00:00,NSE:CHOLAFIN,305.9,306.0,304.55,304.7,103516.0
2019-11-14 14:00:00,NSE:CHOLAFIN,304.85,309.45,304.8,309.45,362670.0
2019-11-14 15:00:00,NSE:CHOLAFIN,309.4,310.7,306.35,308.95,513230.0
2019-11-15 09:00:00,NSE:CHOLAFIN,310.85,313.9,309.1,311.4,308532.0
2019-11-15 10:00:00,NSE:CHOLAFIN,311.4,314.5,311.15,312.5,282167.0
2019-11-15 11:00:00,NSE:CHOLAFIN,312.5,320.6,312.15,320.0,1112524.0
2019-11-15 12:00:00,NSE:CHOLAFIN,320.0,322.7,319.9,320.5,888640.0
2019-11-15 13:00:00,NSE:CHOLAFIN,320.45,322.05,320.3,322.0,536757.0
2019-11-15 14:00:00,NSE:CHOLAFIN,321.75,330.75,321.65,329.05,1434676.0
2019-11-15 15:00:00,NSE:CHOLAFIN,329.45,330.9,327.05,329.15,730174.0
2019-11-18 09:00:00,NSE:CHOLAFIN,331.0,333.55,326.2,329.2,785937.0
2019-11-18 10:00:00,NSE:CHOLAFIN,329.05,331.45,327.75,329.1,304317.0
2019-11-18 11:00:00,NSE:CHOLAFIN,329.2,330.3,325.6,326.7,271588.0
2019-11-18 12:00:00,NSE:CHOLAFIN,326.7,328.65,326.2,327.1,107764.0
2019-11-18 13:00:00,NSE:CHOLAFIN,327.15,328.3,327.05,327.45,86030.0
2019-11-18 14:00:00,NSE:CHOLAFIN,327.4,333.0,327.35,329.75,866984.0
2019-11-18 15:00:00,NSE:CHOLAFIN,329.7,330.6,328.5,329.85,370984.0
2019-11-19 09:00:00,NSE:CHOLAFIN,328.5,332.0,328.0,329.45,202283.0
2019-11-19 10:00:00,NSE:CHOLAFIN,329.4,333.5,328.5,330.6,401342.0
2019-11-19 11:00:00,NSE:CHOLAFIN,330.35,331.6,330.0,331.05,111862.0
2019-11-19 12:00:00,NSE:CHOLAFIN,331.2,331.2,325.2,326.05,289152.0
2019-11-19 13:00:00,NSE:CHOLAFIN,326.0,328.35,325.7,327.65,122167.0
2019-11-19 14:00:00,NSE:CHOLAFIN,327.65,328.95,326.6,327.0,134366.0
2019-11-19 15:00:00,NSE:CHOLAFIN,327.05,327.2,321.5,325.4,268316.0
2019-11-20 09:00:00,NSE:CHOLAFIN,325.85,326.85,320.7,322.5,301159.0
2019-11-20 10:00:00,NSE:CHOLAFIN,322.3,323.25,320.3,322.85,290324.0
2019-11-20 11:00:00,NSE:CHOLAFIN,322.65,323.0,320.55,321.35,122819.0
2019-11-20 12:00:00,NSE:CHOLAFIN,321.35,322.4,320.4,320.5,178528.0
2019-11-20 13:00:00,NSE:CHOLAFIN,320.4,321.4,318.5,319.35,151466.0
2019-11-20 14:00:00,NSE:CHOLAFIN,319.35,320.95,316.5,320.25,351502.0
2019-11-20 15:00:00,NSE:CHOLAFIN,320.25,321.0,318.4,319.9,173029.0
2019-11-21 09:00:00,NSE:CHOLAFIN,319.0,321.0,315.7,319.95,103864.0
2019-11-21 10:00:00,NSE:CHOLAFIN,320.0,321.0,316.9,318.65,337903.0
2019-11-21 11:00:00,NSE:CHOLAFIN,318.35,319.2,317.35,318.0,84789.0
2019-11-21 12:00:00,NSE:CHOLAFIN,318.0,318.7,317.6,318.15,17093.0
2019-11-21 13:00:00,NSE:CHOLAFIN,318.15,319.2,317.85,318.2,41315.0
2019-11-21 14:00:00,NSE:CHOLAFIN,318.35,318.75,316.2,316.35,58502.0
2019-11-21 15:00:00,NSE:CHOLAFIN,316.35,318.25,316.35,317.05,72109.0
2019-11-22 09:00:00,NSE:CHOLAFIN,317.5,318.0,310.4,312.0,300529.0
2019-11-22 10:00:00,NSE:CHOLAFIN,311.9,315.1,310.05,314.85,220587.0
2019-11-22 11:00:00,NSE:CHOLAFIN,314.8,314.85,313.2,313.9,140021.0
2019-11-22 12:00:00,NSE:CHOLAFIN,313.85,314.05,312.6,313.6,74863.0
2019-11-22 13:00:00,NSE:CHOLAFIN,314.05,316.55,313.5,314.85,132034.0
2019-11-22 14:00:00,NSE:CHOLAFIN,314.85,317.0,312.8,313.4,164693.0
2019-11-22 15:00:00,NSE:CHOLAFIN,313.5,315.8,312.8,314.35,165543.0
2019-11-25 09:00:00,NSE:CHOLAFIN,312.05,315.0,311.4,314.3,116336.0
2019-11-25 10:00:00,NSE:CHOLAFIN,314.15,316.05,313.65,315.3,112060.0
2019-11-25 11:00:00,NSE:CHOLAFIN,315.3,318.5,314.3,317.6,248899.0
2019-11-25 12:00:00,NSE:CHOLAFIN,317.5,318.6,316.1,316.5,95825.0
2019-11-25 13:00:00,NSE:CHOLAFIN,316.25,318.15,315.15,316.75,156136.0
2019-11-25 14:00:00,NSE:CHOLAFIN,316.75,317.9,316.35,316.8,162594.0
2019-11-25 15:00:00,NSE:CHOLAFIN,316.8,319.3,316.5,317.4,180652.0
2019-11-26 09:00:00,NSE:CHOLAFIN,318.75,321.5,317.1,317.45,254233.0
2019-11-26 10:00:00,NSE:CHOLAFIN,317.35,317.9,311.5,313.25,170698.0
2019-11-26 11:00:00,NSE:CHOLAFIN,313.1,315.6,312.5,313.5,81184.0
2019-11-26 12:00:00,NSE:CHOLAFIN,313.5,316.45,313.4,315.5,330486.0
2019-11-26 13:00:00,NSE:CHOLAFIN,315.55,316.0,312.6,314.15,51404.0
2019-11-26 14:00:00,NSE:CHOLAFIN,314.15,315.2,310.0,313.4,199749.0
2019-11-26 15:00:00,NSE:CHOLAFIN,313.4,313.7,309.0,310.9,314797.0
2019-11-27 09:00:00,NSE:CHOLAFIN,311.0,317.55,309.75,316.15,463194.0
2019-11-27 10:00:00,NSE:CHOLAFIN,316.1,319.85,316.05,318.05,275883.0
2019-11-27 11:00:00,NSE:CHOLAFIN,317.85,320.1,313.05,314.1,593149.0
2019-11-27 12:00:00,NSE:CHOLAFIN,314.1,314.1,311.4,312.9,256249.0
2019-11-27 13:00:00,NSE:CHOLAFIN,312.9,313.45,307.5,311.3,393969.0
2019-11-27 14:00:00,NSE:CHOLAFIN,311.35,314.4,311.0,314.0,357220.0
2019-11-27 15:00:00,NSE:CHOLAFIN,313.85,316.35,313.85,315.3,273930.0
2019-11-28 09:00:00,NSE:CHOLAFIN,314.2,318.2,314.0,318.05,117673.0
2019-11-28 10:00:00,NSE:CHOLAFIN,317.85,318.9,314.5,316.0,383800.0
2019-11-28 11:00:00,NSE:CHOLAFIN,316.0,318.5,312.55,316.85,212441.0
2019-11-28 12:00:00,NSE:CHOLAFIN,316.85,318.15,314.75,315.6,157810.0
2019-11-28 13:00:00,NSE:CHOLAFIN,315.55,316.25,314.9,315.95,77080.0
2019-11-28 14:00:00,NSE:CHOLAFIN,315.95,319.0,315.15,318.0,273760.0
2019-11-28 15:00:00,NSE:CHOLAFIN,317.95,318.0,316.2,317.05,294251.0
2019-11-29 09:00:00,NSE:CHOLAFIN,318.9,318.9,314.25,316.55,300033.0
2019-11-29 10:00:00,NSE:CHOLAFIN,316.5,317.3,314.0,314.5,122002.0
2019-11-29 11:00:00,NSE:CHOLAFIN,314.3,316.05,312.0,312.15,149767.0
2019-11-29 12:00:00,NSE:CHOLAFIN,312.3,314.8,311.15,314.45,88057.0
2019-11-29 13:00:00,NSE:CHOLAFIN,314.6,314.7,312.25,312.8,73870.0
2019-11-29 14:00:00,NSE:CHOLAFIN,312.8,314.35,311.55,312.85,96942.0
2019-11-29 15:00:00,NSE:CHOLAFIN,312.95,313.45,310.8,312.15,109434.0
2019-12-02 09:00:00,NSE:CHOLAFIN,313.7,313.7,306.55,307.8,89851.0
2019-12-02 10:00:00,NSE:CHOLAFIN,308.05,309.4,303.6,305.0,716872.0
2019-12-02 11:00:00,NSE:CHOLAFIN,305.0,307.25,302.9,306.6,178317.0
2019-12-02 12:00:00,NSE:CHOLAFIN,306.7,307.65,306.15,307.4,79883.0
2019-12-02 13:00:00,NSE:CHOLAFIN,307.15,307.65,306.2,307.15,38865.0
2019-12-02 14:00:00,NSE:CHOLAFIN,307.35,308.5,306.5,307.1,154662.0
2019-12-02 15:00:00,NSE:CHOLAFIN,307.0,308.25,306.75,307.55,169568.0
2019-12-03 09:00:00,NSE:CHOLAFIN,308.9,308.9,302.5,303.0,188268.0
2019-12-03 10:00:00,NSE:CHOLAFIN,302.95,303.5,301.35,302.05,256851.0
2019-12-03 11:00:00,NSE:CHOLAFIN,302.0,303.55,301.6,302.0,275265.0
2019-12-03 12:00:00,NSE:CHOLAFIN,302.0,302.0,299.05,299.55,387518.0
2019-12-03 13:00:00,NSE:CHOLAFIN,299.3,303.25,299.05,299.9,278690.0
2019-12-03 14:00:00,NSE:CHOLAFIN,299.9,302.3,299.0,302.2,390371.0
2019-12-03 15:00:00,NSE:CHOLAFIN,302.2,302.5,301.65,302.0,407447.0
2019-12-04 09:00:00,NSE:CHOLAFIN,302.9,304.8,297.1,303.25,229256.0
2019-12-04 10:00:00,NSE:CHOLAFIN,303.3,304.75,301.55,304.25,128163.0
2019-12-04 11:00:00,NSE:CHOLAFIN,304.2,304.5,302.35,303.0,52266.0
2019-12-04 12:00:00,NSE:CHOLAFIN,303.0,303.05,300.75,301.5,93389.0
2019-12-04 13:00:00,NSE:CHOLAFIN,301.6,302.35,299.5,302.0,116501.0
2019-12-04 14:00:00,NSE:CHOLAFIN,301.85,302.25,300.6,301.8,234396.0
2019-12-04 15:00:00,NSE:CHOLAFIN,302.05,302.2,300.6,301.65,144639.0
2019-12-05 09:00:00,NSE:CHOLAFIN,303.45,304.75,301.4,302.5,400022.0
2019-12-05 10:00:00,NSE:CHOLAFIN,302.6,303.15,301.5,302.5,458351.0
2019-12-05 11:00:00,NSE:CHOLAFIN,302.5,302.75,297.05,298.65,226253.0
2019-12-05 12:00:00,NSE:CHOLAFIN,298.75,301.95,298.1,300.6,178405.0
2019-12-05 13:00:00,NSE:CHOLAFIN,300.4,302.3,300.2,301.25,67399.0
2019-12-05 14:00:00,NSE:CHOLAFIN,301.25,302.2,300.0,302.1,126814.0
2019-12-05 15:00:00,NSE:CHOLAFIN,302.15,302.25,300.6,301.25,99510.0
2019-12-06 09:00:00,NSE:CHOLAFIN,301.6,303.2,300.9,302.0,227229.0
2019-12-06 10:00:00,NSE:CHOLAFIN,302.0,302.25,300.55,301.35,101425.0
2019-12-06 11:00:00,NSE:CHOLAFIN,301.1,302.0,300.0,302.0,121560.0
2019-12-06 12:00:00,NSE:CHOLAFIN,302.0,302.0,300.9,301.2,65588.0
2019-12-06 13:00:00,NSE:CHOLAFIN,301.15,302.0,301.0,301.15,126421.0
2019-12-06 14:00:00,NSE:CHOLAFIN,301.15,301.35,296.2,300.6,383643.0
2019-12-06 15:00:00,NSE:CHOLAFIN,300.6,301.5,298.25,300.45,199865.0
2019-12-09 09:00:00,NSE:CHOLAFIN,301.7,302.05,296.75,301.05,122496.0
2019-12-09 10:00:00,NSE:CHOLAFIN,301.05,308.35,301.0,308.0,365897.0
2019-12-09 11:00:00,NSE:CHOLAFIN,308.0,311.5,307.5,310.6,357340.0
2019-12-09 12:00:00,NSE:CHOLAFIN,310.6,310.75,308.6,309.5,279989.0
2019-12-09 13:00:00,NSE:CHOLAFIN,309.55,309.7,304.55,305.0,229941.0
2019-12-09 14:00:00,NSE:CHOLAFIN,305.1,309.5,303.1,308.5,252406.0
2019-12-09 15:00:00,NSE:CHOLAFIN,308.5,308.65,305.5,306.2,252652.0
2019-12-10 09:00:00,NSE:CHOLAFIN,305.0,307.7,304.0,304.9,199621.0
2019-12-10 10:00:00,NSE:CHOLAFIN,304.85,305.4,302.25,303.4,110236.0
2019-12-10 11:00:00,NSE:CHOLAFIN,303.4,305.65,302.55,305.05,104825.0
2019-12-10 12:00:00,NSE:CHOLAFIN,305.1,305.8,304.3,305.05,128283.0
2019-12-10 13:00:00,NSE:CHOLAFIN,305.0,305.95,305.0,305.0,109433.0
2019-12-10 14:00:00,NSE:CHOLAFIN,305.0,305.25,302.35,303.65,152024.0
2019-12-10 15:00:00,NSE:CHOLAFIN,303.65,304.8,302.45,303.85,110753.0
2019-12-11 09:00:00,NSE:CHOLAFIN,304.95,305.9,302.0,303.0,114283.0
2019-12-11 10:00:00,NSE:CHOLAFIN,303.1,303.6,302.45,302.55,69502.0
2019-12-11 11:00:00,NSE:CHOLAFIN,302.85,302.85,300.65,301.75,95281.0
2019-12-11 12:00:00,NSE:CHOLAFIN,301.7,302.8,301.3,301.75,56862.0
2019-12-11 13:00:00,NSE:CHOLAFIN,301.75,305.9,301.45,305.45,107287.0
2019-12-11 14:00:00,NSE:CHOLAFIN,305.15,305.45,301.75,303.0,107916.0
2019-12-11 15:00:00,NSE:CHOLAFIN,303.05,303.4,302.0,302.8,294341.0
2019-12-12 09:00:00,NSE:CHOLAFIN,304.6,305.95,303.2,305.0,78644.0
2019-12-12 10:00:00,NSE:CHOLAFIN,305.05,305.4,301.35,302.7,94676.0
2019-12-12 11:00:00,NSE:CHOLAFIN,302.85,304.5,302.4,303.05,569750.0
2019-12-12 12:00:00,NSE:CHOLAFIN,303.4,307.35,303.05,305.5,357082.0
2019-12-12 13:00:00,NSE:CHOLAFIN,305.5,308.0,304.7,307.75,150520.0
2019-12-12 14:00:00,NSE:CHOLAFIN,307.6,315.2,307.55,314.0,432006.0
2019-12-12 15:00:00,NSE:CHOLAFIN,314.1,314.1,312.0,313.05,154082.0
2019-12-13 09:00:00,NSE:CHOLAFIN,314.0,317.9,311.35,313.9,435646.0
2019-12-13 10:00:00,NSE:CHOLAFIN,314.0,315.1,312.2,315.05,312179.0
2019-12-13 11:00:00,NSE:CHOLAFIN,315.0,317.65,313.9,317.4,278030.0
2019-12-13 12:00:00,NSE:CHOLAFIN,317.55,318.7,313.35,314.55,375417.0
2019-12-13 13:00:00,NSE:CHOLAFIN,314.7,315.9,314.0,314.2,160649.0
2019-12-13 14:00:00,NSE:CHOLAFIN,314.15,316.35,313.6,316.05,248102.0
2019-12-13 15:00:00,NSE:CHOLAFIN,316.05,317.55,314.6,316.5,308184.0
2019-12-16 09:00:00,NSE:CHOLAFIN,316.75,318.75,313.0,313.45,240505.0
2019-12-16 10:00:00,NSE:CHOLAFIN,313.45,313.45,311.1,311.7,202591.0
2019-12-16 11:00:00,NSE:CHOLAFIN,311.5,311.85,309.6,310.9,214452.0
2019-12-16 12:00:00,NSE:CHOLAFIN,310.9,311.0,309.1,310.3,145964.0
2019-12-16 13:00:00,NSE:CHOLAFIN,310.25,311.8,309.5,310.75,147344.0
2019-12-16 14:00:00,NSE:CHOLAFIN,310.75,311.15,309.4,309.7,128469.0
2019-12-16 15:00:00,NSE:CHOLAFIN,309.7,309.9,308.25,309.7,214156.0
2019-12-17 09:00:00,NSE:CHOLAFIN,311.0,311.5,305.65,310.9,281515.0
2019-12-17 10:00:00,NSE:CHOLAFIN,311.0,312.1,310.0,310.6,216956.0
2019-12-17 11:00:00,NSE:CHOLAFIN,310.7,310.9,307.0,307.9,181791.0
2019-12-17 12:00:00,NSE:CHOLAFIN,307.75,311.2,307.75,310.0,129941.0
2019-12-17 13:00:00,NSE:CHOLAFIN,310.0,310.8,309.0,310.35,97288.0
2019-12-17 14:00:00,NSE:CHOLAFIN,310.35,311.75,308.2,311.75,133557.0
2019-12-17 15:00:00,NSE:CHOLAFIN,311.45,312.5,310.0,310.5,164813.0
2019-12-18 09:00:00,NSE:CHOLAFIN,311.0,313.95,310.1,313.0,167914.0
2019-12-18 10:00:00,NSE:CHOLAFIN,313.25,313.5,308.6,309.4,198930.0
2019-12-18 11:00:00,NSE:CHOLAFIN,309.55,310.65,309.05,310.35,42890.0
2019-12-18 12:00:00,NSE:CHOLAFIN,310.6,312.25,310.05,311.1,60229.0
2019-12-18 13:00:00,NSE:CHOLAFIN,311.4,311.8,308.5,309.55,83916.0
2019-12-18 14:00:00,NSE:CHOLAFIN,309.75,310.8,308.1,309.45,86328.0
2019-12-18 15:00:00,NSE:CHOLAFIN,309.3,309.6,308.1,308.85,180777.0
2019-12-19 09:00:00,NSE:CHOLAFIN,309.15,309.95,302.5,305.6,369879.0
2019-12-19 10:00:00,NSE:CHOLAFIN,305.6,306.75,305.0,305.4,168776.0
2019-12-19 11:00:00,NSE:CHOLAFIN,305.75,307.9,305.35,306.3,289232.0
2019-12-19 12:00:00,NSE:CHOLAFIN,306.5,306.6,302.7,302.95,353605.0
2019-12-19 13:00:00,NSE:CHOLAFIN,302.95,305.1,302.15,304.7,192154.0
2019-12-19 14:00:00,NSE:CHOLAFIN,304.7,305.75,303.55,304.65,172514.0
2019-12-19 15:00:00,NSE:CHOLAFIN,304.7,305.35,304.0,304.75,188079.0
2019-12-20 09:00:00,NSE:CHOLAFIN,306.0,308.0,304.1,305.15,104127.0
2019-12-20 10:00:00,NSE:CHOLAFIN,305.15,305.5,303.15,303.65,134586.0
2019-12-20 11:00:00,NSE:CHOLAFIN,303.7,304.8,303.45,304.45,77121.0
2019-12-20 12:00:00,NSE:CHOLAFIN,304.45,305.2,303.6,304.3,58143.0
2019-12-20 13:00:00,NSE:CHOLAFIN,304.3,304.8,303.8,304.05,76167.0
2019-12-20 14:00:00,NSE:CHOLAFIN,304.05,307.45,303.85,306.65,219163.0
2019-12-20 15:00:00,NSE:CHOLAFIN,306.65,308.0,306.05,306.8,519025.0
2019-12-23 09:00:00,NSE:CHOLAFIN,305.85,310.9,305.5,309.1,147232.0
2019-12-23 10:00:00,NSE:CHOLAFIN,309.35,309.9,307.1,308.1,120488.0
2019-12-23 11:00:00,NSE:CHOLAFIN,308.3,308.85,307.1,308.5,53551.0
2019-12-23 12:00:00,NSE:CHOLAFIN,308.5,308.8,306.1,306.2,62022.0
2019-12-23 13:00:00,NSE:CHOLAFIN,306.2,306.4,304.35,304.85,78161.0
2019-12-23 14:00:00,NSE:CHOLAFIN,304.85,305.05,302.75,303.15,103081.0
2019-12-23 15:00:00,NSE:CHOLAFIN,303.3,304.95,303.05,303.8,164346.0
2019-12-24 09:00:00,NSE:CHOLAFIN,304.6,306.45,302.2,303.15,140730.0
2019-12-24 10:00:00,NSE:CHOLAFIN,303.1,303.6,302.0,302.2,143484.0
2019-12-24 11:00:00,NSE:CHOLAFIN,302.1,303.1,301.0,302.6,170121.0
2019-12-24 12:00:00,NSE:CHOLAFIN,302.6,302.9,301.65,301.8,77614.0
2019-12-24 13:00:00,NSE:CHOLAFIN,301.7,302.7,301.7,302.6,46304.0
2019-12-24 14:00:00,NSE:CHOLAFIN,302.6,303.5,301.7,302.0,170680.0
2019-12-24 15:00:00,NSE:CHOLAFIN,302.0,302.75,301.25,301.85,132297.0
2019-12-26 09:00:00,NSE:CHOLAFIN,301.95,303.35,300.25,300.95,99494.0
2019-12-26 10:00:00,NSE:CHOLAFIN,300.7,303.4,299.55,302.4,176112.0
2019-12-26 11:00:00,NSE:CHOLAFIN,302.4,303.1,302.0,302.05,45073.0
2019-12-26 12:00:00,NSE:CHOLAFIN,302.2,303.1,301.8,302.45,40949.0
2019-12-26 13:00:00,NSE:CHOLAFIN,302.9,302.9,301.0,301.6,71446.0
2019-12-26 14:00:00,NSE:CHOLAFIN,301.55,301.7,300.2,300.3,89289.0
2019-12-26 15:00:00,NSE:CHOLAFIN,300.45,301.8,300.25,301.1,150778.0
2019-12-27 09:00:00,NSE:CHOLAFIN,301.65,305.05,301.0,303.55,169339.0
2019-12-27 10:00:00,NSE:CHOLAFIN,303.55,304.2,302.55,303.4,51300.0
2019-12-27 11:00:00,NSE:CHOLAFIN,303.65,304.55,302.35,302.85,41299.0
2019-12-27 12:00:00,NSE:CHOLAFIN,302.85,305.9,302.75,304.75,85104.0
2019-12-27 13:00:00,NSE:CHOLAFIN,304.75,305.45,303.7,303.9,43214.0
2019-12-27 14:00:00,NSE:CHOLAFIN,303.9,304.5,303.5,303.6,68276.0
2019-12-27 15:00:00,NSE:CHOLAFIN,303.9,305.0,303.4,304.4,97479.0
2019-12-30 09:00:00,NSE:CHOLAFIN,305.65,309.1,304.7,307.7,305725.0
2019-12-30 10:00:00,NSE:CHOLAFIN,307.85,308.35,307.15,307.5,60782.0
2019-12-30 11:00:00,NSE:CHOLAFIN,307.7,308.4,306.6,308.0,136112.0
2019-12-30 12:00:00,NSE:CHOLAFIN,307.85,308.2,306.15,307.05,148429.0
2019-12-30 13:00:00,NSE:CHOLAFIN,307.45,307.65,305.15,306.35,113976.0
2019-12-30 14:00:00,NSE:CHOLAFIN,306.1,307.95,305.7,305.75,209868.0
2019-12-30 15:00:00,NSE:CHOLAFIN,305.85,307.05,304.35,305.65,243714.0
2019-12-31 09:00:00,NSE:CHOLAFIN,305.65,307.55,304.3,307.1,110110.0
2019-12-31 10:00:00,NSE:CHOLAFIN,307.1,307.6,306.25,306.6,114117.0
2019-12-31 11:00:00,NSE:CHOLAFIN,306.6,306.8,304.75,306.3,105385.0
2019-12-31 12:00:00,NSE:CHOLAFIN,306.3,307.35,306.0,306.6,63036.0
2019-12-31 13:00:00,NSE:CHOLAFIN,306.6,308.6,306.6,308.0,134752.0
2019-12-31 14:00:00,NSE:CHOLAFIN,307.8,308.2,306.1,306.85,117755.0
2019-12-31 15:00:00,NSE:CHOLAFIN,306.8,306.9,304.85,305.5,143823.0
2020-01-01 09:00:00,NSE:CHOLAFIN,306.65,308.0,306.25,306.55,58597.0
2020-01-01 10:00:00,NSE:CHOLAFIN,306.75,306.85,304.7,305.05,41495.0
2020-01-01 11:00:00,NSE:CHOLAFIN,305.05,305.4,303.5,304.2,42060.0
2020-01-01 12:00:00,NSE:CHOLAFIN,304.2,305.25,303.9,304.9,31395.0
2020-01-01 13:00:00,NSE:CHOLAFIN,304.95,305.5,303.5,304.95,72180.0
2020-01-01 14:00:00,NSE:CHOLAFIN,304.9,305.45,303.6,303.65,35496.0
2020-01-01 15:00:00,NSE:CHOLAFIN,303.65,303.75,302.1,302.85,76372.0
2020-01-02 09:00:00,NSE:CHOLAFIN,304.25,304.65,301.5,302.55,196222.0
2020-01-02 10:00:00,NSE:CHOLAFIN,302.55,307.8,302.55,307.3,375873.0
2020-01-02 11:00:00,NSE:CHOLAFIN,307.4,309.7,306.4,309.5,264481.0
2020-01-02 12:00:00,NSE:CHOLAFIN,309.5,309.9,307.25,308.1,168722.0
2020-01-02 13:00:00,NSE:CHOLAFIN,308.1,308.6,307.1,307.6,53403.0
2020-01-02 14:00:00,NSE:CHOLAFIN,307.6,309.65,307.4,309.35,125625.0
2020-01-02 15:00:00,NSE:CHOLAFIN,309.4,309.9,308.5,309.2,225012.0
2020-01-03 09:00:00,NSE:CHOLAFIN,310.5,310.5,304.8,305.4,156875.0
2020-01-03 10:00:00,NSE:CHOLAFIN,305.45,307.9,305.4,307.0,79371.0
2020-01-03 11:00:00,NSE:CHOLAFIN,306.95,307.45,304.1,304.35,122711.0
2020-01-03 12:00:00,NSE:CHOLAFIN,304.4,305.4,302.8,304.85,115731.0
2020-01-03 13:00:00,NSE:CHOLAFIN,305.0,306.3,304.2,304.5,78349.0
2020-01-03 14:00:00,NSE:CHOLAFIN,304.5,304.6,299.35,302.2,245968.0
2020-01-03 15:00:00,NSE:CHOLAFIN,302.2,305.05,300.6,304.95,227256.0
2020-01-06 09:00:00,NSE:CHOLAFIN,291.5,300.7,287.75,295.9,868836.0
2020-01-06 10:00:00,NSE:CHOLAFIN,296.0,297.2,295.35,295.5,155518.0
2020-01-06 11:00:00,NSE:CHOLAFIN,295.7,295.8,287.05,289.0,406821.0
2020-01-06 12:00:00,NSE:CHOLAFIN,289.15,290.9,287.6,290.65,327841.0
2020-01-06 13:00:00,NSE:CHOLAFIN,290.65,293.3,290.1,292.3,165973.0
2020-01-06 14:00:00,NSE:CHOLAFIN,292.7,292.85,290.35,292.0,194515.0
2020-01-06 15:00:00,NSE:CHOLAFIN,292.0,292.7,290.0,291.5,435891.0
2020-01-07 09:00:00,NSE:CHOLAFIN,295.4,297.55,294.5,294.8,259374.0
2020-01-07 10:00:00,NSE:CHOLAFIN,294.8,295.45,293.25,293.5,213018.0
2020-01-07 11:00:00,NSE:CHOLAFIN,293.35,295.8,292.6,295.15,161654.0
2020-01-07 12:00:00,NSE:CHOLAFIN,295.15,295.6,293.15,293.6,61877.0
2020-01-07 13:00:00,NSE:CHOLAFIN,293.6,294.95,291.25,294.1,121337.0
2020-01-07 14:00:00,NSE:CHOLAFIN,294.15,295.75,293.9,295.25,79770.0
2020-01-07 15:00:00,NSE:CHOLAFIN,295.3,295.5,293.35,294.75,166978.0
2020-01-08 09:00:00,NSE:CHOLAFIN,292.0,294.4,290.1,293.15,295857.0
2020-01-08 10:00:00,NSE:CHOLAFIN,293.1,296.4,292.75,294.0,310517.0
2020-01-08 11:00:00,NSE:CHOLAFIN,294.0,295.6,293.15,293.75,230983.0
2020-01-08 12:00:00,NSE:CHOLAFIN,293.85,295.7,293.2,295.05,69154.0
2020-01-08 13:00:00,NSE:CHOLAFIN,295.05,296.45,295.0,295.4,119300.0
2020-01-08 14:00:00,NSE:CHOLAFIN,295.4,295.4,293.55,294.8,268741.0
2020-01-08 15:00:00,NSE:CHOLAFIN,294.65,295.0,294.0,294.1,238857.0
2020-01-09 09:00:00,NSE:CHOLAFIN,297.95,304.0,296.75,300.95,260808.0
2020-01-09 10:00:00,NSE:CHOLAFIN,301.15,302.65,299.85,302.2,165149.0
2020-01-09 11:00:00,NSE:CHOLAFIN,302.3,306.45,302.0,305.8,505032.0
2020-01-09 12:00:00,NSE:CHOLAFIN,305.9,309.7,303.4,303.4,267059.0
2020-01-09 13:00:00,NSE:CHOLAFIN,303.4,308.25,303.05,307.0,189511.0
2020-01-09 14:00:00,NSE:CHOLAFIN,307.25,308.0,306.3,307.1,83187.0
2020-01-09 15:00:00,NSE:CHOLAFIN,307.1,307.3,305.45,306.4,126604.0
2020-01-10 09:00:00,NSE:CHOLAFIN,306.0,312.4,306.0,308.25,432109.0
2020-01-10 10:00:00,NSE:CHOLAFIN,308.2,309.9,306.65,309.25,112280.0
2020-01-10 11:00:00,NSE:CHOLAFIN,309.4,313.45,309.25,313.0,303022.0
2020-01-10 12:00:00,NSE:CHOLAFIN,313.05,316.0,311.7,313.65,222212.0
2020-01-10 13:00:00,NSE:CHOLAFIN,313.75,314.5,311.8,312.85,226917.0
2020-01-10 14:00:00,NSE:CHOLAFIN,312.85,313.0,311.0,311.6,301660.0
2020-01-10 15:00:00,NSE:CHOLAFIN,311.6,316.0,311.6,314.1,254187.0
2020-01-13 09:00:00,NSE:CHOLAFIN,316.05,318.9,312.8,314.0,220253.0
2020-01-13 10:00:00,NSE:CHOLAFIN,313.8,316.0,313.2,314.0,101729.0
2020-01-13 11:00:00,NSE:CHOLAFIN,314.0,314.6,313.0,313.4,89256.0
2020-01-13 12:00:00,NSE:CHOLAFIN,313.4,318.2,313.15,318.2,275366.0
2020-01-13 13:00:00,NSE:CHOLAFIN,318.1,319.95,317.75,318.6,239228.0
2020-01-13 14:00:00,NSE:CHOLAFIN,318.5,320.55,317.8,319.2,248434.0
2020-01-13 15:00:00,NSE:CHOLAFIN,319.4,320.7,319.15,319.95,180025.0
2020-01-14 09:00:00,NSE:CHOLAFIN,320.0,321.9,316.85,319.0,170193.0
2020-01-14 10:00:00,NSE:CHOLAFIN,319.0,321.0,318.7,320.6,70714.0
2020-01-14 11:00:00,NSE:CHOLAFIN,320.65,323.25,319.75,322.85,120254.0
2020-01-14 12:00:00,NSE:CHOLAFIN,322.85,324.0,322.15,323.3,83622.0
2020-01-14 13:00:00,NSE:CHOLAFIN,323.4,325.5,322.05,324.6,144883.0
2020-01-14 14:00:00,NSE:CHOLAFIN,324.6,325.0,319.7,320.3,241413.0
2020-01-14 15:00:00,NSE:CHOLAFIN,320.1,322.6,319.6,320.5,340177.0
2020-01-15 09:00:00,NSE:CHOLAFIN,319.9,320.2,317.0,320.0,131011.0
2020-01-15 10:00:00,NSE:CHOLAFIN,320.0,325.0,319.9,322.55,232142.0
2020-01-15 11:00:00,NSE:CHOLAFIN,322.65,324.2,322.1,323.5,68773.0
2020-01-15 12:00:00,NSE:CHOLAFIN,323.7,323.7,321.5,322.5,72800.0
2020-01-15 13:00:00,NSE:CHOLAFIN,322.5,326.8,321.95,326.0,234077.0
2020-01-15 14:00:00,NSE:CHOLAFIN,326.0,332.95,325.1,332.1,584226.0
2020-01-15 15:00:00,NSE:CHOLAFIN,332.1,333.45,329.65,331.65,263728.0
2020-01-16 09:00:00,NSE:CHOLAFIN,330.5,333.75,327.5,330.9,248059.0
2020-01-16 10:00:00,NSE:CHOLAFIN,330.9,332.15,330.1,330.6,308590.0
2020-01-16 11:00:00,NSE:CHOLAFIN,330.65,331.2,329.0,330.85,91435.0
2020-01-16 12:00:00,NSE:CHOLAFIN,330.95,331.1,329.7,330.2,56971.0
2020-01-16 13:00:00,NSE:CHOLAFIN,330.4,332.45,330.15,332.0,414855.0
2020-01-16 14:00:00,NSE:CHOLAFIN,332.15,334.9,326.65,328.45,938237.0
2020-01-16 15:00:00,NSE:CHOLAFIN,328.25,329.5,326.0,327.1,116488.0
2020-01-17 09:00:00,NSE:CHOLAFIN,325.0,328.65,323.2,325.5,136813.0
2020-01-17 10:00:00,NSE:CHOLAFIN,325.5,328.2,325.4,328.1,108949.0
2020-01-17 11:00:00,NSE:CHOLAFIN,328.1,328.45,326.7,327.85,93998.0
2020-01-17 12:00:00,NSE:CHOLAFIN,327.85,328.35,327.3,327.6,118934.0
2020-01-17 13:00:00,NSE:CHOLAFIN,327.6,328.25,326.4,327.15,165681.0
2020-01-17 14:00:00,NSE:CHOLAFIN,327.2,329.85,325.3,326.25,197727.0
2020-01-17 15:00:00,NSE:CHOLAFIN,326.15,326.5,324.55,325.25,109796.0
2020-01-20 09:00:00,NSE:CHOLAFIN,327.25,327.25,321.75,323.2,136766.0
2020-01-20 10:00:00,NSE:CHOLAFIN,323.2,324.0,321.9,322.7,85305.0
2020-01-20 11:00:00,NSE:CHOLAFIN,322.4,325.2,322.0,324.1,77858.0
2020-01-20 12:00:00,NSE:CHOLAFIN,324.05,324.85,322.75,322.9,52545.0
2020-01-20 13:00:00,NSE:CHOLAFIN,323.25,324.25,320.75,322.45,108273.0
2020-01-20 14:00:00,NSE:CHOLAFIN,322.4,323.25,318.25,319.9,141012.0
2020-01-20 15:00:00,NSE:CHOLAFIN,319.75,320.2,318.4,319.2,81535.0
2020-01-21 09:00:00,NSE:CHOLAFIN,315.6,318.85,315.1,317.35,258934.0
2020-01-21 10:00:00,NSE:CHOLAFIN,317.35,318.05,308.95,311.85,438524.0
2020-01-21 11:00:00,NSE:CHOLAFIN,312.0,314.3,310.5,313.0,969894.0
2020-01-21 12:00:00,NSE:CHOLAFIN,312.9,314.25,312.0,313.4,318937.0
2020-01-21 13:00:00,NSE:CHOLAFIN,313.45,313.9,311.7,313.6,241703.0
2020-01-21 14:00:00,NSE:CHOLAFIN,313.65,315.6,313.65,314.7,300587.0
2020-01-21 15:00:00,NSE:CHOLAFIN,314.85,315.95,314.35,314.95,295913.0
2020-01-22 09:00:00,NSE:CHOLAFIN,315.75,317.95,314.25,314.75,184913.0
2020-01-22 10:00:00,NSE:CHOLAFIN,314.6,315.35,312.0,314.5,765501.0
2020-01-22 11:00:00,NSE:CHOLAFIN,314.5,316.05,314.35,315.55,130658.0
2020-01-22 12:00:00,NSE:CHOLAFIN,315.55,319.45,314.85,315.95,542089.0
2020-01-22 13:00:00,NSE:CHOLAFIN,315.95,318.25,315.65,316.55,170213.0
2020-01-22 14:00:00,NSE:CHOLAFIN,316.55,317.4,315.0,317.25,88793.0
2020-01-22 15:00:00,NSE:CHOLAFIN,317.25,318.2,316.45,317.5,135151.0
2020-01-23 09:00:00,NSE:CHOLAFIN,318.75,321.0,313.65,320.65,316123.0
2020-01-23 10:00:00,NSE:CHOLAFIN,320.6,321.0,319.5,319.95,157875.0
2020-01-23 11:00:00,NSE:CHOLAFIN,320.0,320.1,317.0,318.05,187822.0
2020-01-23 12:00:00,NSE:CHOLAFIN,318.05,319.95,317.7,318.9,118486.0
2020-01-23 13:00:00,NSE:CHOLAFIN,318.9,324.6,318.65,323.3,3293878.0
2020-01-23 14:00:00,NSE:CHOLAFIN,323.05,324.65,323.0,324.05,422579.0
2020-01-23 15:00:00,NSE:CHOLAFIN,324.0,325.0,321.95,323.5,305565.0
2020-01-24 09:00:00,NSE:CHOLAFIN,329.0,329.0,320.4,324.65,1177698.0
2020-01-24 10:00:00,NSE:CHOLAFIN,324.7,325.55,322.0,324.25,365887.0
2020-01-24 11:00:00,NSE:CHOLAFIN,324.15,325.45,323.75,324.55,257597.0
2020-01-24 12:00:00,NSE:CHOLAFIN,324.6,327.2,323.7,325.0,636465.0
2020-01-24 13:00:00,NSE:CHOLAFIN,325.0,325.5,323.5,324.6,175669.0
2020-01-24 14:00:00,NSE:CHOLAFIN,324.65,325.75,323.9,324.0,905752.0
2020-01-24 15:00:00,NSE:CHOLAFIN,323.95,326.0,322.15,323.8,474387.0
2020-01-27 09:00:00,NSE:CHOLAFIN,323.05,328.0,323.05,327.95,185259.0
2020-01-27 10:00:00,NSE:CHOLAFIN,327.75,330.0,327.15,328.65,406750.0
2020-01-27 11:00:00,NSE:CHOLAFIN,328.65,333.0,328.4,332.55,774459.0
2020-01-27 12:00:00,NSE:CHOLAFIN,332.55,336.8,332.5,335.35,1008447.0
2020-01-27 13:00:00,NSE:CHOLAFIN,335.35,336.25,330.95,335.85,784176.0
2020-01-27 14:00:00,NSE:CHOLAFIN,335.85,336.4,329.15,330.0,1315149.0
2020-01-27 15:00:00,NSE:CHOLAFIN,330.0,331.25,328.05,329.45,485104.0
2020-01-28 09:00:00,NSE:CHOLAFIN,331.9,336.0,325.0,327.95,1133482.0
2020-01-28 10:00:00,NSE:CHOLAFIN,327.85,328.4,325.65,327.8,290708.0
2020-01-28 11:00:00,NSE:CHOLAFIN,327.8,329.0,325.95,328.7,198600.0
2020-01-28 12:00:00,NSE:CHOLAFIN,328.7,329.8,327.85,328.55,198895.0
2020-01-28 13:00:00,NSE:CHOLAFIN,328.55,329.2,326.5,326.9,295553.0
2020-01-28 14:00:00,NSE:CHOLAFIN,326.9,328.0,324.0,326.55,1838139.0
2020-01-28 15:00:00,NSE:CHOLAFIN,326.5,326.95,324.85,325.8,338297.0
2020-01-29 09:00:00,NSE:CHOLAFIN,327.0,333.0,324.0,332.75,3744861.0
2020-01-29 10:00:00,NSE:CHOLAFIN,332.55,333.75,329.65,330.5,667256.0
2020-01-29 11:00:00,NSE:CHOLAFIN,330.7,331.0,328.0,328.05,138682.0
2020-01-29 12:00:00,NSE:CHOLAFIN,328.05,329.55,327.5,328.15,291339.0
2020-01-29 13:00:00,NSE:CHOLAFIN,328.15,329.2,328.0,328.65,765199.0
2020-01-29 14:00:00,NSE:CHOLAFIN,328.6,330.2,327.15,327.8,169243.0
2020-01-29 15:00:00,NSE:CHOLAFIN,327.8,328.85,326.25,327.65,308335.0
2020-01-30 09:00:00,NSE:CHOLAFIN,329.4,330.5,325.0,329.0,621088.0
2020-01-30 10:00:00,NSE:CHOLAFIN,329.0,329.85,326.25,327.9,142164.0
2020-01-30 11:00:00,NSE:CHOLAFIN,328.0,329.2,326.5,328.55,104184.0
2020-01-30 12:00:00,NSE:CHOLAFIN,328.5,330.5,327.3,327.6,183142.0
2020-01-30 13:00:00,NSE:CHOLAFIN,327.65,328.7,326.7,327.95,90240.0
2020-01-30 14:00:00,NSE:CHOLAFIN,327.95,328.0,325.45,327.75,126594.0
2020-01-30 15:00:00,NSE:CHOLAFIN,327.75,328.0,325.55,326.85,218152.0
2020-01-31 09:00:00,NSE:CHOLAFIN,327.65,333.9,327.0,333.0,295528.0
2020-01-31 10:00:00,NSE:CHOLAFIN,333.2,334.3,330.25,332.2,332489.0
2020-01-31 11:00:00,NSE:CHOLAFIN,332.25,333.0,327.85,328.0,204574.0
2020-01-31 12:00:00,NSE:CHOLAFIN,328.0,328.9,324.25,327.2,316181.0
2020-01-31 13:00:00,NSE:CHOLAFIN,327.2,327.9,326.3,326.65,108963.0
2020-01-31 14:00:00,NSE:CHOLAFIN,326.3,328.5,326.3,328.0,202795.0
2020-01-31 15:00:00,NSE:CHOLAFIN,328.0,328.5,324.55,327.55,225922.0
2020-02-01 09:00:00,NSE:CHOLAFIN,325.0,328.9,323.75,328.15,69770.0
2020-02-01 10:00:00,NSE:CHOLAFIN,328.35,328.35,326.4,327.45,47541.0
2020-02-01 11:00:00,NSE:CHOLAFIN,327.5,328.2,321.85,325.25,106894.0
2020-02-01 12:00:00,NSE:CHOLAFIN,325.0,325.25,318.25,322.25,85108.0
2020-02-01 13:00:00,NSE:CHOLAFIN,321.5,323.65,315.0,320.5,429170.0
2020-02-01 14:00:00,NSE:CHOLAFIN,320.55,325.0,317.9,319.7,275164.0
2020-02-01 15:00:00,NSE:CHOLAFIN,319.7,320.8,315.1,318.55,399010.0
2020-02-03 09:00:00,NSE:CHOLAFIN,318.0,324.5,315.3,322.5,232770.0
2020-02-03 10:00:00,NSE:CHOLAFIN,322.5,328.0,322.4,325.8,168685.0
2020-02-03 11:00:00,NSE:CHOLAFIN,325.65,327.15,324.15,325.25,87838.0
2020-02-03 12:00:00,NSE:CHOLAFIN,325.25,329.0,325.2,328.7,84084.0
2020-02-03 13:00:00,NSE:CHOLAFIN,328.75,330.5,324.3,324.55,159323.0
2020-02-03 14:00:00,NSE:CHOLAFIN,324.55,326.05,323.45,325.45,177448.0
2020-02-03 15:00:00,NSE:CHOLAFIN,325.3,325.85,324.1,325.45,151151.0
2020-02-04 09:00:00,NSE:CHOLAFIN,326.0,330.2,325.7,330.0,174880.0
2020-02-04 10:00:00,NSE:CHOLAFIN,330.05,334.5,328.5,333.35,488049.0
2020-02-04 11:00:00,NSE:CHOLAFIN,333.5,333.7,330.2,330.2,246490.0
2020-02-04 12:00:00,NSE:CHOLAFIN,330.2,332.55,330.2,332.35,118227.0
2020-02-04 13:00:00,NSE:CHOLAFIN,332.45,333.05,331.65,332.25,108280.0
2020-02-04 14:00:00,NSE:CHOLAFIN,332.1,332.7,330.2,331.75,166363.0
2020-02-04 15:00:00,NSE:CHOLAFIN,331.8,333.0,331.2,332.25,189292.0
2020-02-05 09:00:00,NSE:CHOLAFIN,333.1,341.7,333.1,340.15,883084.0
2020-02-05 10:00:00,NSE:CHOLAFIN,340.1,347.6,339.65,345.65,1848669.0
2020-02-05 11:00:00,NSE:CHOLAFIN,345.65,346.05,340.2,341.95,750149.0
2020-02-05 12:00:00,NSE:CHOLAFIN,341.95,343.85,339.15,341.25,391451.0
2020-02-05 13:00:00,NSE:CHOLAFIN,341.05,343.45,339.5,342.8,299599.0
2020-02-05 14:00:00,NSE:CHOLAFIN,342.55,344.7,341.9,342.75,3130474.0
2020-02-05 15:00:00,NSE:CHOLAFIN,342.85,343.4,341.8,342.65,609051.0
2020-02-06 09:00:00,NSE:CHOLAFIN,345.3,345.45,328.95,336.0,783448.0
2020-02-06 10:00:00,NSE:CHOLAFIN,336.05,336.9,331.8,333.5,824761.0
2020-02-06 11:00:00,NSE:CHOLAFIN,333.5,340.0,333.05,339.9,511562.0
2020-02-06 12:00:00,NSE:CHOLAFIN,339.85,343.65,338.55,343.1,484846.0
2020-02-06 13:00:00,NSE:CHOLAFIN,342.85,349.0,340.2,340.25,1568017.0
2020-02-06 14:00:00,NSE:CHOLAFIN,340.3,340.6,335.85,337.6,405372.0
2020-02-06 15:00:00,NSE:CHOLAFIN,337.6,341.35,337.5,340.2,257182.0
2020-02-07 09:00:00,NSE:CHOLAFIN,339.95,339.95,332.75,337.25,882126.0
2020-02-07 10:00:00,NSE:CHOLAFIN,337.7,337.85,335.0,336.7,116871.0
2020-02-07 11:00:00,NSE:CHOLAFIN,336.65,337.2,334.65,336.1,75040.0
2020-02-07 12:00:00,NSE:CHOLAFIN,336.05,341.5,335.25,339.35,215722.0
2020-02-07 13:00:00,NSE:CHOLAFIN,339.5,340.9,338.95,340.3,171642.0
2020-02-07 14:00:00,NSE:CHOLAFIN,340.4,342.45,339.0,341.1,149618.0
2020-02-07 15:00:00,NSE:CHOLAFIN,341.1,341.1,338.05,339.95,207578.0
2020-02-10 09:00:00,NSE:CHOLAFIN,339.95,339.95,333.6,334.9,137300.0
2020-02-10 10:00:00,NSE:CHOLAFIN,334.95,335.6,332.05,334.85,93521.0
2020-02-10 11:00:00,NSE:CHOLAFIN,334.9,336.5,334.15,336.1,94252.0
2020-02-10 12:00:00,NSE:CHOLAFIN,336.1,338.5,335.05,335.6,142136.0
2020-02-10 13:00:00,NSE:CHOLAFIN,335.35,336.7,334.5,335.15,96636.0
2020-02-10 14:00:00,NSE:CHOLAFIN,335.1,337.4,334.0,335.35,152705.0
2020-02-10 15:00:00,NSE:CHOLAFIN,335.35,336.5,334.85,335.6,118853.0
2020-02-11 09:00:00,NSE:CHOLAFIN,336.5,341.75,336.5,340.25,157057.0
2020-02-11 10:00:00,NSE:CHOLAFIN,340.25,340.55,337.5,338.8,108094.0
2020-02-11 11:00:00,NSE:CHOLAFIN,338.8,339.45,338.15,338.2,29918.0
2020-02-11 12:00:00,NSE:CHOLAFIN,338.2,339.25,336.0,336.8,138401.0
2020-02-11 13:00:00,NSE:CHOLAFIN,336.8,337.45,335.65,335.85,95918.0
2020-02-11 14:00:00,NSE:CHOLAFIN,336.0,336.1,332.25,333.0,239670.0
2020-02-11 15:00:00,NSE:CHOLAFIN,333.0,335.15,332.5,333.3,208470.0
2020-02-12 09:00:00,NSE:CHOLAFIN,333.5,339.15,333.5,335.85,189391.0
2020-02-12 10:00:00,NSE:CHOLAFIN,335.8,336.4,334.5,336.0,126304.0
2020-02-12 11:00:00,NSE:CHOLAFIN,336.05,337.35,334.55,335.6,156309.0
2020-02-12 12:00:00,NSE:CHOLAFIN,335.4,337.5,335.0,337.0,229979.0
2020-02-12 13:00:00,NSE:CHOLAFIN,337.0,338.75,336.7,338.75,376547.0
2020-02-12 14:00:00,NSE:CHOLAFIN,338.7,338.75,337.55,338.15,234609.0
2020-02-12 15:00:00,NSE:CHOLAFIN,338.2,339.8,337.95,339.0,254939.0
2020-02-13 09:00:00,NSE:CHOLAFIN,340.0,340.95,333.7,334.6,171947.0
2020-02-13 10:00:00,NSE:CHOLAFIN,334.6,337.0,334.25,336.05,82764.0
2020-02-13 11:00:00,NSE:CHOLAFIN,336.0,336.9,335.65,336.4,33310.0
2020-02-13 12:00:00,NSE:CHOLAFIN,336.45,337.6,336.0,337.45,43800.0
2020-02-13 13:00:00,NSE:CHOLAFIN,337.45,337.6,335.65,336.4,63537.0
2020-02-13 14:00:00,NSE:CHOLAFIN,336.4,337.85,336.4,337.45,71222.0
2020-02-13 15:00:00,NSE:CHOLAFIN,337.45,338.1,336.1,337.0,104800.0
2020-02-14 09:00:00,NSE:CHOLAFIN,338.5,338.95,334.8,335.7,126088.0
2020-02-14 10:00:00,NSE:CHOLAFIN,335.75,336.9,334.1,335.1,90469.0
2020-02-14 11:00:00,NSE:CHOLAFIN,335.05,336.05,334.0,335.75,96262.0
2020-02-14 12:00:00,NSE:CHOLAFIN,335.8,336.25,335.0,335.3,48387.0
2020-02-14 13:00:00,NSE:CHOLAFIN,335.25,336.0,334.5,335.05,63254.0
2020-02-14 14:00:00,NSE:CHOLAFIN,335.1,336.4,330.6,332.65,128502.0
2020-02-14 15:00:00,NSE:CHOLAFIN,332.55,333.95,331.25,332.75,71454.0
2020-02-17 09:00:00,NSE:CHOLAFIN,334.35,334.35,327.0,330.7,211009.0
2020-02-17 10:00:00,NSE:CHOLAFIN,330.7,331.0,327.95,329.85,67315.0
2020-02-17 11:00:00,NSE:CHOLAFIN,329.85,333.2,329.3,332.25,118915.0
2020-02-17 12:00:00,NSE:CHOLAFIN,332.25,333.45,330.8,331.1,80188.0
2020-02-17 13:00:00,NSE:CHOLAFIN,331.05,332.4,330.6,331.85,80525.0
2020-02-17 14:00:00,NSE:CHOLAFIN,331.8,333.95,331.0,332.55,138115.0
2020-02-17 15:00:00,NSE:CHOLAFIN,332.55,333.3,330.25,331.45,106055.0
2020-02-18 09:00:00,NSE:CHOLAFIN,331.45,331.45,326.3,328.0,172530.0
2020-02-18 10:00:00,NSE:CHOLAFIN,328.0,328.4,325.0,326.0,136330.0
2020-02-18 11:00:00,NSE:CHOLAFIN,326.0,326.3,325.2,325.7,87973.0
2020-02-18 12:00:00,NSE:CHOLAFIN,325.65,326.2,325.2,325.75,34212.0
2020-02-18 13:00:00,NSE:CHOLAFIN,325.95,326.0,322.0,324.2,157688.0
2020-02-18 14:00:00,NSE:CHOLAFIN,324.2,328.25,323.45,327.25,143761.0
2020-02-18 15:00:00,NSE:CHOLAFIN,327.25,328.9,327.2,327.9,100575.0
2020-02-19 09:00:00,NSE:CHOLAFIN,328.9,331.5,327.5,329.7,232178.0
2020-02-19 10:00:00,NSE:CHOLAFIN,329.7,331.45,327.35,328.4,124522.0
2020-02-19 11:00:00,NSE:CHOLAFIN,328.65,329.5,327.65,329.2,51527.0
2020-02-19 12:00:00,NSE:CHOLAFIN,329.2,329.85,328.4,329.2,89641.0
2020-02-19 13:00:00,NSE:CHOLAFIN,329.25,329.75,327.6,328.0,74701.0
2020-02-19 14:00:00,NSE:CHOLAFIN,328.05,329.85,328.0,329.55,73566.0
2020-02-19 15:00:00,NSE:CHOLAFIN,329.55,330.25,328.7,329.3,110517.0
2020-02-20 09:00:00,NSE:CHOLAFIN,328.9,329.25,327.05,327.85,173762.0
2020-02-20 10:00:00,NSE:CHOLAFIN,327.85,331.0,327.4,330.5,235512.0
2020-02-20 11:00:00,NSE:CHOLAFIN,329.85,334.75,329.15,333.2,511584.0
2020-02-20 12:00:00,NSE:CHOLAFIN,333.25,333.95,332.2,333.1,180847.0
2020-02-20 13:00:00,NSE:CHOLAFIN,332.95,333.8,331.0,331.55,105586.0
2020-02-20 14:00:00,NSE:CHOLAFIN,331.9,333.65,331.45,331.75,132094.0
2020-02-20 15:00:00,NSE:CHOLAFIN,331.8,332.7,331.0,332.0,208621.0
2020-02-24 09:00:00,NSE:CHOLAFIN,332.0,332.0,325.1,327.1,254087.0
2020-02-24 10:00:00,NSE:CHOLAFIN,327.05,329.1,327.0,328.0,384512.0
2020-02-24 11:00:00,NSE:CHOLAFIN,328.05,330.2,327.7,328.15,131819.0
2020-02-24 12:00:00,NSE:CHOLAFIN,328.15,329.25,327.0,327.0,107202.0
2020-02-24 13:00:00,NSE:CHOLAFIN,327.05,327.5,325.4,326.9,123356.0
2020-02-24 14:00:00,NSE:CHOLAFIN,326.95,328.0,323.0,324.7,190620.0
2020-02-24 15:00:00,NSE:CHOLAFIN,324.7,324.7,321.9,323.25,163526.0
2020-02-25 09:00:00,NSE:CHOLAFIN,324.05,326.2,321.15,324.5,223314.0
2020-02-25 10:00:00,NSE:CHOLAFIN,324.45,325.0,323.6,324.2,85992.0
2020-02-25 11:00:00,NSE:CHOLAFIN,324.25,327.6,324.2,326.3,248241.0
2020-02-25 12:00:00,NSE:CHOLAFIN,326.35,326.5,324.05,324.65,73260.0
2020-02-25 13:00:00,NSE:CHOLAFIN,324.55,325.95,324.0,324.85,48452.0
2020-02-25 14:00:00,NSE:CHOLAFIN,324.6,326.25,323.65,326.0,99379.0
2020-02-25 15:00:00,NSE:CHOLAFIN,326.0,326.0,324.15,326.0,82336.0
2020-02-26 09:00:00,NSE:CHOLAFIN,325.0,325.2,321.0,321.45,127614.0
2020-02-26 10:00:00,NSE:CHOLAFIN,321.45,324.9,321.35,323.8,90835.0
2020-02-26 11:00:00,NSE:CHOLAFIN,323.8,325.0,323.15,324.05,74617.0
2020-02-26 12:00:00,NSE:CHOLAFIN,324.05,324.45,321.8,323.3,51329.0
2020-02-26 13:00:00,NSE:CHOLAFIN,323.35,324.85,322.1,324.2,97022.0
2020-02-26 14:00:00,NSE:CHOLAFIN,324.2,324.45,312.9,316.0,348575.0
2020-02-26 15:00:00,NSE:CHOLAFIN,316.0,321.3,315.35,318.1,270205.0
2020-02-27 09:00:00,NSE:CHOLAFIN,319.95,319.95,314.25,314.55,170489.0
2020-02-27 10:00:00,NSE:CHOLAFIN,314.5,314.5,311.2,313.4,440868.0
2020-02-27 11:00:00,NSE:CHOLAFIN,313.4,315.9,313.4,313.85,206869.0
2020-02-27 12:00:00,NSE:CHOLAFIN,313.85,316.0,312.0,315.15,151581.0
2020-02-27 13:00:00,NSE:CHOLAFIN,315.05,317.25,313.85,313.85,252141.0
2020-02-27 14:00:00,NSE:CHOLAFIN,314.0,315.45,312.55,315.35,182988.0
2020-02-27 15:00:00,NSE:CHOLAFIN,315.15,315.6,311.0,314.55,136789.0
2020-02-28 09:00:00,NSE:CHOLAFIN,308.6,308.6,300.55,302.0,330370.0
2020-02-28 10:00:00,NSE:CHOLAFIN,302.45,304.8,300.6,303.95,357487.0
2020-02-28 11:00:00,NSE:CHOLAFIN,303.95,307.4,301.5,307.0,322459.0
2020-02-28 12:00:00,NSE:CHOLAFIN,306.95,313.45,306.1,312.95,384050.0
2020-02-28 13:00:00,NSE:CHOLAFIN,313.0,315.65,310.0,310.65,296730.0
2020-02-28 14:00:00,NSE:CHOLAFIN,310.45,310.7,305.5,306.1,322177.0
2020-02-28 15:00:00,NSE:CHOLAFIN,306.1,307.55,305.95,306.5,241815.0
2020-03-02 09:00:00,NSE:CHOLAFIN,309.0,317.0,308.2,310.45,253532.0
2020-03-02 10:00:00,NSE:CHOLAFIN,310.5,311.25,306.4,308.25,170537.0
2020-03-02 11:00:00,NSE:CHOLAFIN,308.25,310.95,308.1,310.3,131353.0
2020-03-02 12:00:00,NSE:CHOLAFIN,310.3,310.9,307.3,309.4,81646.0
2020-03-02 13:00:00,NSE:CHOLAFIN,309.4,314.5,308.3,312.25,171268.0
2020-03-02 14:00:00,NSE:CHOLAFIN,312.25,314.0,304.5,304.55,217454.0
2020-03-02 15:00:00,NSE:CHOLAFIN,304.45,306.0,299.55,302.0,224894.0
2020-03-03 09:00:00,NSE:CHOLAFIN,304.7,309.95,304.0,305.6,128691.0
2020-03-03 10:00:00,NSE:CHOLAFIN,305.5,305.7,300.95,303.5,122221.0
2020-03-03 11:00:00,NSE:CHOLAFIN,303.5,303.8,298.9,300.5,295935.0
2020-03-03 12:00:00,NSE:CHOLAFIN,300.45,308.3,300.1,306.0,357465.0
2020-03-03 13:00:00,NSE:CHOLAFIN,306.0,306.05,302.9,304.9,79988.0
2020-03-03 14:00:00,NSE:CHOLAFIN,304.9,307.6,303.75,306.5,616408.0
2020-03-03 15:00:00,NSE:CHOLAFIN,306.6,307.7,304.25,306.2,357049.0
2020-03-04 09:00:00,NSE:CHOLAFIN,308.0,308.0,299.5,301.8,719451.0
2020-03-04 10:00:00,NSE:CHOLAFIN,301.9,302.0,298.95,299.05,161717.0
2020-03-04 11:00:00,NSE:CHOLAFIN,299.25,300.95,298.15,298.35,292632.0
2020-03-04 12:00:00,NSE:CHOLAFIN,298.35,300.35,296.05,297.7,187161.0
2020-03-04 13:00:00,NSE:CHOLAFIN,297.75,298.9,293.55,295.9,425070.0
2020-03-04 14:00:00,NSE:CHOLAFIN,295.9,296.0,289.55,295.9,596707.0
2020-03-04 15:00:00,NSE:CHOLAFIN,295.9,296.25,294.7,295.6,317359.0
2020-03-05 09:00:00,NSE:CHOLAFIN,296.0,297.95,283.0,288.5,1862962.0
2020-03-05 10:00:00,NSE:CHOLAFIN,288.75,289.65,283.8,287.1,831573.0
2020-03-05 11:00:00,NSE:CHOLAFIN,287.15,291.5,286.5,291.05,588025.0
2020-03-05 12:00:00,NSE:CHOLAFIN,291.1,294.25,288.05,289.5,895785.0
2020-03-05 13:00:00,NSE:CHOLAFIN,289.55,292.4,289.1,291.4,786223.0
2020-03-05 14:00:00,NSE:CHOLAFIN,291.45,291.6,289.4,289.7,269983.0
2020-03-05 15:00:00,NSE:CHOLAFIN,289.65,291.35,287.85,289.55,397449.0
2020-03-06 09:00:00,NSE:CHOLAFIN,275.0,283.0,267.0,278.0,525303.0
2020-03-06 10:00:00,NSE:CHOLAFIN,278.0,282.25,277.6,280.65,269004.0
2020-03-06 11:00:00,NSE:CHOLAFIN,280.4,282.3,278.9,280.25,285293.0
2020-03-06 12:00:00,NSE:CHOLAFIN,280.3,281.2,279.75,281.0,122996.0
2020-03-06 13:00:00,NSE:CHOLAFIN,281.0,283.0,279.1,280.6,267531.0
2020-03-06 14:00:00,NSE:CHOLAFIN,280.6,282.2,275.85,281.7,586546.0
2020-03-06 15:00:00,NSE:CHOLAFIN,281.85,282.75,278.25,280.55,352574.0
2020-03-09 09:00:00,NSE:CHOLAFIN,275.75,275.75,270.1,273.95,362792.0
2020-03-09 10:00:00,NSE:CHOLAFIN,274.05,274.4,272.0,273.6,299887.0
2020-03-09 11:00:00,NSE:CHOLAFIN,273.6,278.45,273.5,278.0,666569.0
2020-03-09 12:00:00,NSE:CHOLAFIN,278.05,278.7,273.55,274.9,861510.0
2020-03-09 13:00:00,NSE:CHOLAFIN,274.75,275.0,262.0,272.7,561484.0
2020-03-09 14:00:00,NSE:CHOLAFIN,272.7,275.35,271.55,273.7,307528.0
2020-03-09 15:00:00,NSE:CHOLAFIN,273.7,275.0,272.35,274.0,363574.0
2020-03-11 09:00:00,NSE:CHOLAFIN,275.65,279.55,272.35,275.0,180463.0
2020-03-11 10:00:00,NSE:CHOLAFIN,275.1,276.35,268.75,273.15,293763.0
2020-03-11 11:00:00,NSE:CHOLAFIN,273.15,274.5,269.6,271.8,210460.0
2020-03-11 12:00:00,NSE:CHOLAFIN,271.85,271.9,269.05,269.65,215895.0
2020-03-11 13:00:00,NSE:CHOLAFIN,269.85,270.1,267.65,269.45,252397.0
2020-03-11 14:00:00,NSE:CHOLAFIN,269.45,271.3,266.65,268.15,543865.0
2020-03-11 15:00:00,NSE:CHOLAFIN,268.15,268.15,256.1,262.1,822580.0
2020-03-12 09:00:00,NSE:CHOLAFIN,250.0,255.0,240.1,243.0,468326.0
2020-03-12 10:00:00,NSE:CHOLAFIN,243.0,243.05,233.0,236.05,501723.0
2020-03-12 11:00:00,NSE:CHOLAFIN,236.05,242.7,236.0,241.1,924572.0
2020-03-12 12:00:00,NSE:CHOLAFIN,241.3,246.0,241.25,244.0,317932.0
2020-03-12 13:00:00,NSE:CHOLAFIN,243.95,249.1,243.2,247.85,255855.0
2020-03-12 14:00:00,NSE:CHOLAFIN,247.75,248.3,240.0,241.05,641184.0
2020-03-12 15:00:00,NSE:CHOLAFIN,241.0,245.2,240.0,243.15,531833.0
2020-03-13 09:00:00,NSE:CHOLAFIN,230.0,235.0,218.85,219.8,236407.0
2020-03-13 10:00:00,NSE:CHOLAFIN,220.0,263.9,210.35,240.2,1926492.0
2020-03-13 11:00:00,NSE:CHOLAFIN,240.2,241.2,226.1,231.1,1221601.0
2020-03-13 12:00:00,NSE:CHOLAFIN,231.1,239.85,228.45,236.45,4459795.0
2020-03-13 13:00:00,NSE:CHOLAFIN,236.4,258.75,234.3,249.95,2029710.0
2020-03-13 14:00:00,NSE:CHOLAFIN,249.95,250.0,240.0,242.1,520399.0
2020-03-13 15:00:00,NSE:CHOLAFIN,242.25,255.0,239.35,245.35,568168.0
2020-03-16 09:00:00,NSE:CHOLAFIN,235.0,246.95,220.85,235.5,367223.0
2020-03-16 10:00:00,NSE:CHOLAFIN,235.5,239.4,233.15,238.45,177328.0
2020-03-16 11:00:00,NSE:CHOLAFIN,238.4,238.5,231.15,231.45,123379.0
2020-03-16 12:00:00,NSE:CHOLAFIN,231.55,234.95,229.85,233.8,200598.0
2020-03-16 13:00:00,NSE:CHOLAFIN,233.85,234.0,231.05,232.55,233023.0
2020-03-16 14:00:00,NSE:CHOLAFIN,232.5,233.85,228.1,229.85,667368.0
2020-03-16 15:00:00,NSE:CHOLAFIN,229.5,231.9,225.0,228.3,639084.0
2020-03-17 09:00:00,NSE:CHOLAFIN,234.7,240.2,227.25,238.85,518453.0
2020-03-17 10:00:00,NSE:CHOLAFIN,238.45,242.0,236.9,237.45,318329.0
2020-03-17 11:00:00,NSE:CHOLAFIN,237.4,237.85,233.9,235.35,665009.0
2020-03-17 12:00:00,NSE:CHOLAFIN,235.55,237.55,232.85,234.45,276323.0
2020-03-17 13:00:00,NSE:CHOLAFIN,234.0,236.15,230.7,231.8,313384.0
2020-03-17 14:00:00,NSE:CHOLAFIN,231.8,234.0,222.7,223.3,848300.0
2020-03-17 15:00:00,NSE:CHOLAFIN,223.15,224.1,214.05,216.0,816496.0
2020-03-18 09:00:00,NSE:CHOLAFIN,219.35,224.45,205.0,205.05,561606.0
2020-03-18 10:00:00,NSE:CHOLAFIN,205.05,206.0,190.0,192.0,689483.0
2020-03-18 11:00:00,NSE:CHOLAFIN,191.7,199.7,188.45,194.9,1045783.0
2020-03-18 12:00:00,NSE:CHOLAFIN,195.0,196.05,192.8,195.6,701869.0
2020-03-18 13:00:00,NSE:CHOLAFIN,195.6,203.55,195.25,199.2,374462.0
2020-03-18 14:00:00,NSE:CHOLAFIN,199.15,202.7,197.15,200.0,442428.0
2020-03-18 15:00:00,NSE:CHOLAFIN,199.9,202.95,196.35,200.5,570084.0
2020-03-19 09:00:00,NSE:CHOLAFIN,185.0,189.55,170.95,180.5,295162.0
2020-03-19 10:00:00,NSE:CHOLAFIN,180.55,184.9,178.65,184.65,613019.0
2020-03-19 11:00:00,NSE:CHOLAFIN,184.6,197.75,183.65,193.85,547851.0
2020-03-19 12:00:00,NSE:CHOLAFIN,194.0,195.1,189.45,190.55,348770.0
2020-03-19 13:00:00,NSE:CHOLAFIN,190.4,198.25,189.85,197.1,948991.0
2020-03-19 14:00:00,NSE:CHOLAFIN,197.05,197.7,183.65,186.6,776091.0
2020-03-19 15:00:00,NSE:CHOLAFIN,186.5,189.4,173.0,183.75,914043.0
2020-03-20 09:00:00,NSE:CHOLAFIN,180.45,188.4,175.2,177.55,545653.0
2020-03-20 10:00:00,NSE:CHOLAFIN,177.5,182.0,176.0,181.8,481691.0
2020-03-20 11:00:00,NSE:CHOLAFIN,181.8,196.0,181.8,191.0,418149.0
2020-03-20 12:00:00,NSE:CHOLAFIN,190.9,195.45,190.8,195.2,261706.0
2020-03-20 13:00:00,NSE:CHOLAFIN,195.15,200.95,194.75,198.2,726885.0
2020-03-20 14:00:00,NSE:CHOLAFIN,198.0,198.0,186.9,192.0,613010.0
2020-03-20 15:00:00,NSE:CHOLAFIN,192.0,195.05,189.95,193.25,503230.0
2020-03-23 09:00:00,NSE:CHOLAFIN,175.0,184.0,164.3,164.3,204726.0
2020-03-23 10:00:00,NSE:CHOLAFIN,165.0,166.5,163.0,165.05,335753.0
2020-03-23 11:00:00,NSE:CHOLAFIN,165.0,166.1,145.05,149.9,307729.0
2020-03-23 12:00:00,NSE:CHOLAFIN,149.55,152.95,144.95,151.55,790802.0
2020-03-23 13:00:00,NSE:CHOLAFIN,151.1,152.45,144.7,144.85,955645.0
2020-03-23 14:00:00,NSE:CHOLAFIN,144.85,144.85,137.55,142.6,596175.0
2020-03-23 15:00:00,NSE:CHOLAFIN,142.55,150.0,126.6,136.05,320284.0
2020-03-24 09:00:00,NSE:CHOLAFIN,140.25,149.65,123.6,129.85,863453.0
2020-03-24 10:00:00,NSE:CHOLAFIN,130.1,132.9,129.0,132.2,541581.0
2020-03-24 11:00:00,NSE:CHOLAFIN,132.1,146.3,132.05,145.0,922411.0
2020-03-24 12:00:00,NSE:CHOLAFIN,145.05,156.45,143.4,154.5,425810.0
2020-03-24 13:00:00,NSE:CHOLAFIN,154.5,161.6,146.55,151.35,359101.0
2020-03-24 14:00:00,NSE:CHOLAFIN,151.35,152.95,143.0,143.2,436260.0
2020-03-24 15:00:00,NSE:CHOLAFIN,143.2,145.95,138.55,143.2,509606.0
2020-03-25 09:00:00,NSE:CHOLAFIN,143.2,147.6,141.1,145.15,199009.0
2020-03-25 10:00:00,NSE:CHOLAFIN,145.25,147.3,143.7,146.9,439287.0
2020-03-25 11:00:00,NSE:CHOLAFIN,147.0,154.95,143.95,154.5,497256.0
2020-03-25 12:00:00,NSE:CHOLAFIN,154.4,157.0,151.35,156.25,1587978.0
2020-03-25 13:00:00,NSE:CHOLAFIN,156.25,157.5,153.75,156.05,253726.0
2020-03-25 14:00:00,NSE:CHOLAFIN,156.0,162.0,154.7,158.35,1082959.0
2020-03-25 15:00:00,NSE:CHOLAFIN,158.35,159.2,153.35,157.85,294266.0
2020-03-26 09:00:00,NSE:CHOLAFIN,161.0,170.55,155.0,169.35,835221.0
2020-03-26 10:00:00,NSE:CHOLAFIN,168.15,172.0,150.7,162.8,1683571.0
2020-03-26 11:00:00,NSE:CHOLAFIN,163.0,170.4,162.4,170.2,418864.0
2020-03-26 12:00:00,NSE:CHOLAFIN,170.2,171.2,168.6,169.1,1313319.0
2020-03-26 13:00:00,NSE:CHOLAFIN,169.05,181.5,168.2,173.1,983688.0
2020-03-26 14:00:00,NSE:CHOLAFIN,173.7,175.0,158.9,165.75,746832.0
2020-03-26 15:00:00,NSE:CHOLAFIN,165.6,172.35,164.65,167.8,466475.0
2020-03-27 09:00:00,NSE:CHOLAFIN,175.8,184.0,174.3,178.25,559245.0
2020-03-27 10:00:00,NSE:CHOLAFIN,178.25,182.4,172.15,177.25,847694.0
2020-03-27 11:00:00,NSE:CHOLAFIN,177.45,180.4,172.9,180.1,483919.0
2020-03-27 12:00:00,NSE:CHOLAFIN,179.7,181.0,168.35,169.3,624279.0
2020-03-27 13:00:00,NSE:CHOLAFIN,169.35,171.8,167.0,168.85,500855.0
2020-03-27 14:00:00,NSE:CHOLAFIN,168.4,173.4,167.4,170.2,1049124.0
2020-03-27 15:00:00,NSE:CHOLAFIN,170.55,170.95,166.75,169.15,425734.0
2020-03-30 09:00:00,NSE:CHOLAFIN,167.0,167.0,148.3,154.75,798617.0
2020-03-30 10:00:00,NSE:CHOLAFIN,154.55,156.35,151.15,151.55,735499.0
2020-03-30 11:00:00,NSE:CHOLAFIN,151.55,156.95,150.4,155.25,586253.0
2020-03-30 12:00:00,NSE:CHOLAFIN,155.0,155.8,154.25,155.0,884544.0
2020-03-30 13:00:00,NSE:CHOLAFIN,155.0,156.5,154.35,155.2,344337.0
2020-03-30 14:00:00,NSE:CHOLAFIN,155.2,160.6,155.0,159.9,649824.0
2020-03-30 15:00:00,NSE:CHOLAFIN,159.9,166.05,157.85,160.5,677594.0
2020-03-31 09:00:00,NSE:CHOLAFIN,166.9,167.05,152.0,154.3,367307.0
2020-03-31 10:00:00,NSE:CHOLAFIN,154.3,158.85,153.55,158.1,480579.0
2020-03-31 11:00:00,NSE:CHOLAFIN,158.1,158.7,157.3,158.3,391101.0
2020-03-31 12:00:00,NSE:CHOLAFIN,158.3,160.2,157.2,157.6,509482.0
2020-03-31 13:00:00,NSE:CHOLAFIN,157.6,158.55,152.6,155.55,413851.0
2020-03-31 14:00:00,NSE:CHOLAFIN,155.55,157.9,152.5,152.9,471018.0
2020-03-31 15:00:00,NSE:CHOLAFIN,153.15,154.4,151.0,152.85,400772.0
2020-04-01 09:00:00,NSE:CHOLAFIN,150.85,151.0,144.4,149.25,621444.0
2020-04-01 10:00:00,NSE:CHOLAFIN,149.5,150.55,145.1,145.3,580248.0
2020-04-01 11:00:00,NSE:CHOLAFIN,145.25,147.1,140.2,140.3,567081.0
2020-04-01 12:00:00,NSE:CHOLAFIN,140.3,142.75,140.0,140.2,419771.0
2020-04-01 13:00:00,NSE:CHOLAFIN,140.2,141.0,137.85,140.55,576555.0
2020-04-01 14:00:00,NSE:CHOLAFIN,140.5,143.8,139.6,143.3,629828.0
2020-04-01 15:00:00,NSE:CHOLAFIN,143.3,143.95,141.45,142.85,378726.0
2020-04-03 09:00:00,NSE:CHOLAFIN,147.0,147.0,141.0,144.7,503454.0
2020-04-03 10:00:00,NSE:CHOLAFIN,144.7,146.0,138.7,138.85,410018.0
2020-04-03 11:00:00,NSE:CHOLAFIN,138.9,140.5,135.1,135.9,993736.0
2020-04-03 12:00:00,NSE:CHOLAFIN,135.9,136.0,130.15,130.65,469670.0
2020-04-03 13:00:00,NSE:CHOLAFIN,130.65,133.05,129.15,129.35,670067.0
2020-04-03 14:00:00,NSE:CHOLAFIN,129.25,130.65,124.15,125.05,749931.0
2020-04-03 15:00:00,NSE:CHOLAFIN,125.15,125.9,122.5,124.65,606384.0
2020-04-07 09:00:00,NSE:CHOLAFIN,136.9,137.0,125.6,128.6,1081270.0
2020-04-07 10:00:00,NSE:CHOLAFIN,128.55,128.75,117.4,118.0,1275686.0
2020-04-07 11:00:00,NSE:CHOLAFIN,118.0,128.5,117.95,125.0,2404594.0
2020-04-07 12:00:00,NSE:CHOLAFIN,124.8,126.4,124.8,125.2,913897.0
2020-04-07 13:00:00,NSE:CHOLAFIN,125.2,131.85,125.2,131.45,1605363.0
2020-04-07 14:00:00,NSE:CHOLAFIN,131.4,131.75,128.3,130.2,1900336.0
2020-04-07 15:00:00,NSE:CHOLAFIN,130.15,132.7,129.5,130.5,1656862.0
2020-04-08 09:00:00,NSE:CHOLAFIN,130.5,137.35,125.6,135.3,995028.0
2020-04-08 10:00:00,NSE:CHOLAFIN,135.9,146.5,134.2,145.2,1848837.0
2020-04-08 11:00:00,NSE:CHOLAFIN,145.1,145.35,137.0,140.55,1016787.0
2020-04-08 12:00:00,NSE:CHOLAFIN,140.55,141.9,136.3,137.95,401962.0
2020-04-08 13:00:00,NSE:CHOLAFIN,137.8,142.35,136.55,142.0,563546.0
2020-04-08 14:00:00,NSE:CHOLAFIN,142.1,150.05,141.5,148.25,1664509.0
2020-04-08 15:00:00,NSE:CHOLAFIN,148.1,154.8,147.25,150.75,1286855.0
2020-04-09 09:00:00,NSE:CHOLAFIN,152.65,164.95,151.85,161.05,1537362.0
2020-04-09 10:00:00,NSE:CHOLAFIN,161.2,165.8,161.05,163.85,1233699.0
2020-04-09 11:00:00,NSE:CHOLAFIN,163.9,173.35,163.5,172.3,1989251.0
2020-04-09 12:00:00,NSE:CHOLAFIN,172.4,173.8,168.35,170.1,1047867.0
2020-04-09 13:00:00,NSE:CHOLAFIN,170.3,171.2,169.55,170.35,572698.0
2020-04-09 14:00:00,NSE:CHOLAFIN,170.0,177.8,169.5,173.6,1115999.0
2020-04-09 15:00:00,NSE:CHOLAFIN,173.75,174.0,169.5,171.75,613554.0
2020-04-13 09:00:00,NSE:CHOLAFIN,170.0,170.55,146.0,151.6,1424810.0
2020-04-13 10:00:00,NSE:CHOLAFIN,151.6,159.25,150.0,156.9,1754079.0
2020-04-13 11:00:00,NSE:CHOLAFIN,157.15,160.85,154.15,155.5,1331315.0
2020-04-13 12:00:00,NSE:CHOLAFIN,155.85,157.5,154.0,155.0,569739.0
2020-04-13 13:00:00,NSE:CHOLAFIN,155.2,155.2,151.55,153.05,872035.0
2020-04-13 14:00:00,NSE:CHOLAFIN,152.8,153.5,148.45,151.05,1275357.0
2020-04-13 15:00:00,NSE:CHOLAFIN,151.05,152.0,149.0,150.15,731432.0
2020-04-15 09:00:00,NSE:CHOLAFIN,153.0,155.0,145.0,154.15,1133168.0
2020-04-15 10:00:00,NSE:CHOLAFIN,154.85,162.65,154.8,160.8,1624789.0
2020-04-15 11:00:00,NSE:CHOLAFIN,160.8,160.8,158.25,159.5,514659.0
2020-04-15 12:00:00,NSE:CHOLAFIN,159.5,162.25,158.6,159.45,472230.0
2020-04-15 13:00:00,NSE:CHOLAFIN,159.45,162.0,157.35,158.0,1046592.0
2020-04-15 14:00:00,NSE:CHOLAFIN,158.1,158.1,152.65,155.2,853759.0
2020-04-15 15:00:00,NSE:CHOLAFIN,155.05,155.5,152.55,153.65,314684.0
2020-04-16 09:00:00,NSE:CHOLAFIN,152.85,155.75,149.0,152.1,1020431.0
2020-04-16 10:00:00,NSE:CHOLAFIN,152.0,152.75,149.0,150.75,705833.0
2020-04-16 11:00:00,NSE:CHOLAFIN,150.7,152.45,150.05,151.3,705473.0
2020-04-16 12:00:00,NSE:CHOLAFIN,151.45,162.9,151.0,155.95,2490888.0
2020-04-16 13:00:00,NSE:CHOLAFIN,155.85,157.35,154.6,154.95,592507.0
2020-04-16 14:00:00,NSE:CHOLAFIN,154.95,162.25,154.35,159.95,1794227.0
2020-04-16 15:00:00,NSE:CHOLAFIN,159.75,160.9,158.05,159.4,927121.0
2020-04-17 09:00:00,NSE:CHOLAFIN,168.85,175.3,166.25,175.15,2252391.0
2020-04-17 10:00:00,NSE:CHOLAFIN,175.1,180.0,168.5,170.95,2963293.0
2020-04-17 11:00:00,NSE:CHOLAFIN,170.95,174.0,169.0,169.55,1003286.0
2020-04-17 12:00:00,NSE:CHOLAFIN,169.5,170.0,165.0,168.45,1260378.0
2020-04-17 13:00:00,NSE:CHOLAFIN,168.3,170.3,166.25,168.95,909495.0
2020-04-17 14:00:00,NSE:CHOLAFIN,169.0,174.5,166.6,174.5,2131018.0
2020-04-17 15:00:00,NSE:CHOLAFIN,174.35,180.8,172.5,176.6,1442807.0
2020-04-20 09:00:00,NSE:CHOLAFIN,180.0,183.7,168.0,169.65,1897334.0
2020-04-20 10:00:00,NSE:CHOLAFIN,169.65,173.5,168.25,173.45,973154.0
2020-04-20 11:00:00,NSE:CHOLAFIN,173.25,173.9,165.4,167.7,1577746.0
2020-04-20 12:00:00,NSE:CHOLAFIN,167.55,167.55,161.05,162.75,1570816.0
2020-04-20 13:00:00,NSE:CHOLAFIN,162.8,164.3,161.65,161.95,945730.0
2020-04-20 14:00:00,NSE:CHOLAFIN,161.95,164.95,159.2,160.45,1833172.0
2020-04-20 15:00:00,NSE:CHOLAFIN,160.45,160.5,151.0,155.75,1987767.0
2020-04-21 09:00:00,NSE:CHOLAFIN,152.0,152.0,142.0,146.9,1908397.0
2020-04-21 10:00:00,NSE:CHOLAFIN,147.0,147.85,144.95,145.2,1061772.0
2020-04-21 11:00:00,NSE:CHOLAFIN,145.1,147.35,141.05,142.25,1852248.0
2020-04-21 12:00:00,NSE:CHOLAFIN,142.25,142.5,135.65,138.3,1330043.0
2020-04-21 13:00:00,NSE:CHOLAFIN,138.3,143.4,137.5,142.85,1179536.0
2020-04-21 14:00:00,NSE:CHOLAFIN,142.55,145.95,142.0,143.45,1215437.0
2020-04-21 15:00:00,NSE:CHOLAFIN,143.15,144.9,140.3,143.65,778134.0
2020-04-22 09:00:00,NSE:CHOLAFIN,142.15,142.6,137.0,141.2,1162989.0
2020-04-22 10:00:00,NSE:CHOLAFIN,141.2,147.0,140.0,144.35,1391485.0
2020-04-22 11:00:00,NSE:CHOLAFIN,144.35,145.0,139.7,142.05,1086446.0
2020-04-22 12:00:00,NSE:CHOLAFIN,142.0,144.5,141.8,144.0,844838.0
2020-04-22 13:00:00,NSE:CHOLAFIN,144.0,144.55,142.15,143.45,751931.0
2020-04-22 14:00:00,NSE:CHOLAFIN,143.45,152.0,143.0,150.35,1418904.0
2020-04-22 15:00:00,NSE:CHOLAFIN,150.4,154.45,147.3,150.35,1409389.0
2020-04-23 09:00:00,NSE:CHOLAFIN,151.0,156.65,150.6,154.45,1867935.0
2020-04-23 10:00:00,NSE:CHOLAFIN,154.4,157.95,154.2,156.7,1463508.0
2020-04-23 11:00:00,NSE:CHOLAFIN,156.5,157.8,155.2,156.9,519921.0
2020-04-23 12:00:00,NSE:CHOLAFIN,156.95,159.3,156.5,157.75,802274.0
2020-04-23 13:00:00,NSE:CHOLAFIN,157.85,158.5,153.1,153.75,1039802.0
2020-04-23 14:00:00,NSE:CHOLAFIN,154.0,155.5,148.1,154.05,1347865.0
2020-04-23 15:00:00,NSE:CHOLAFIN,154.05,154.1,150.5,151.8,783180.0
2020-04-24 09:00:00,NSE:CHOLAFIN,145.0,145.8,137.8,139.8,3098045.0
2020-04-24 10:00:00,NSE:CHOLAFIN,139.85,140.1,138.0,139.2,1944417.0
2020-04-24 11:00:00,NSE:CHOLAFIN,139.1,139.15,133.0,134.7,2837160.0
2020-04-24 12:00:00,NSE:CHOLAFIN,134.65,139.0,134.5,136.35,3406465.0
2020-04-24 13:00:00,NSE:CHOLAFIN,136.4,137.8,136.0,136.05,1238438.0
2020-04-24 14:00:00,NSE:CHOLAFIN,136.05,136.4,133.0,133.8,1899021.0
2020-04-24 15:00:00,NSE:CHOLAFIN,133.8,134.0,132.05,132.9,2306584.0
2020-04-27 09:00:00,NSE:CHOLAFIN,136.45,138.55,133.6,135.75,2524448.0
2020-04-27 10:00:00,NSE:CHOLAFIN,135.65,140.3,135.25,138.1,2545943.0
2020-04-27 11:00:00,NSE:CHOLAFIN,138.1,140.6,136.5,136.9,1937449.0
2020-04-27 12:00:00,NSE:CHOLAFIN,136.8,137.9,136.1,136.7,854326.0
2020-04-27 13:00:00,NSE:CHOLAFIN,136.7,137.25,134.55,135.9,1094063.0
2020-04-27 14:00:00,NSE:CHOLAFIN,135.8,136.7,135.05,135.45,623712.0
2020-04-27 15:00:00,NSE:CHOLAFIN,135.45,135.5,133.0,134.3,1181190.0
2020-04-28 09:00:00,NSE:CHOLAFIN,136.8,139.8,135.5,136.45,2110751.0
2020-04-28 10:00:00,NSE:CHOLAFIN,136.5,138.35,135.5,138.1,862256.0
2020-04-28 11:00:00,NSE:CHOLAFIN,138.1,142.35,137.3,142.1,1984327.0
2020-04-28 12:00:00,NSE:CHOLAFIN,142.0,143.9,140.5,143.1,2168748.0
2020-04-28 13:00:00,NSE:CHOLAFIN,143.1,144.55,142.5,143.4,1385544.0
2020-04-28 14:00:00,NSE:CHOLAFIN,143.35,147.4,143.1,147.05,2921252.0
2020-04-28 15:00:00,NSE:CHOLAFIN,147.05,147.7,146.45,147.2,1757016.0
2020-04-29 09:00:00,NSE:CHOLAFIN,148.2,154.0,145.2,152.9,3038310.0
2020-04-29 10:00:00,NSE:CHOLAFIN,152.8,153.45,147.2,149.2,2117623.0
2020-04-29 11:00:00,NSE:CHOLAFIN,149.2,151.8,148.9,150.45,1894461.0
2020-04-29 12:00:00,NSE:CHOLAFIN,150.5,151.7,149.6,151.2,1701886.0
2020-04-29 13:00:00,NSE:CHOLAFIN,151.2,152.5,151.0,152.25,1015696.0
2020-04-29 14:00:00,NSE:CHOLAFIN,152.3,152.85,151.75,152.5,979080.0
2020-04-29 15:00:00,NSE:CHOLAFIN,152.5,152.6,148.25,150.65,1252565.0
2020-04-30 09:00:00,NSE:CHOLAFIN,154.8,162.0,153.35,160.0,4149683.0
2020-04-30 10:00:00,NSE:CHOLAFIN,160.0,164.3,159.0,164.3,3938987.0
2020-04-30 11:00:00,NSE:CHOLAFIN,164.35,170.6,163.1,163.5,3628940.0
2020-04-30 12:00:00,NSE:CHOLAFIN,163.65,163.75,158.5,159.65,2104905.0
2020-04-30 13:00:00,NSE:CHOLAFIN,159.65,160.0,157.3,159.25,1594939.0
2020-04-30 14:00:00,NSE:CHOLAFIN,159.25,160.95,158.0,158.0,1727621.0
2020-04-30 15:00:00,NSE:CHOLAFIN,158.05,160.4,158.05,159.45,1296692.0
2020-05-04 09:00:00,NSE:CHOLAFIN,150.0,150.9,140.35,142.0,1666347.0
2020-05-04 10:00:00,NSE:CHOLAFIN,141.95,143.6,139.05,141.65,1677526.0
2020-05-04 11:00:00,NSE:CHOLAFIN,141.7,142.9,141.25,142.7,678780.0
2020-05-04 12:00:00,NSE:CHOLAFIN,142.7,143.3,141.8,142.05,721033.0
2020-05-04 13:00:00,NSE:CHOLAFIN,142.1,148.4,141.85,144.45,2752101.0
2020-05-04 14:00:00,NSE:CHOLAFIN,144.65,145.9,140.5,141.8,2139186.0
2020-05-04 15:00:00,NSE:CHOLAFIN,141.8,145.0,140.5,141.7,2223360.0
2020-05-05 09:00:00,NSE:CHOLAFIN,147.6,151.3,143.2,143.85,3022561.0
2020-05-05 10:00:00,NSE:CHOLAFIN,143.85,144.9,140.05,143.2,2668390.0
2020-05-05 11:00:00,NSE:CHOLAFIN,143.25,145.75,142.55,143.75,982112.0
2020-05-05 12:00:00,NSE:CHOLAFIN,143.6,145.4,142.85,145.0,1238755.0
2020-05-05 13:00:00,NSE:CHOLAFIN,145.0,148.0,145.0,146.0,2016774.0
2020-05-05 14:00:00,NSE:CHOLAFIN,145.9,146.0,141.0,141.55,1878906.0
2020-05-05 15:00:00,NSE:CHOLAFIN,141.55,142.7,141.1,142.05,804140.0
2020-05-06 09:00:00,NSE:CHOLAFIN,142.65,145.7,138.55,145.1,3220794.0
2020-05-06 10:00:00,NSE:CHOLAFIN,145.1,152.0,143.75,150.2,5054683.0
2020-05-06 11:00:00,NSE:CHOLAFIN,150.15,150.85,145.4,147.1,2201106.0
2020-05-06 12:00:00,NSE:CHOLAFIN,147.1,147.8,145.15,145.2,1327289.0
2020-05-06 13:00:00,NSE:CHOLAFIN,145.15,148.9,144.1,146.35,3779248.0
2020-05-06 14:00:00,NSE:CHOLAFIN,146.35,147.5,144.65,147.4,3395234.0
2020-05-06 15:00:00,NSE:CHOLAFIN,147.4,152.4,146.75,150.05,2902487.0
2020-05-07 09:00:00,NSE:CHOLAFIN,148.5,155.95,145.0,154.95,3742852.0
2020-05-07 10:00:00,NSE:CHOLAFIN,154.9,155.25,151.2,152.05,3159653.0
2020-05-07 11:00:00,NSE:CHOLAFIN,152.2,153.6,151.5,152.8,2109918.0
2020-05-07 12:00:00,NSE:CHOLAFIN,152.8,154.85,152.05,153.15,1063810.0
2020-05-07 13:00:00,NSE:CHOLAFIN,153.2,153.35,150.5,151.25,1292464.0
2020-05-07 14:00:00,NSE:CHOLAFIN,151.4,152.7,148.8,150.25,3083652.0
2020-05-07 15:00:00,NSE:CHOLAFIN,150.35,150.35,147.8,148.85,1139794.0
2020-05-08 09:00:00,NSE:CHOLAFIN,152.5,155.45,150.25,153.7,2841554.0
2020-05-08 10:00:00,NSE:CHOLAFIN,153.65,154.4,151.85,152.05,1642551.0
2020-05-08 11:00:00,NSE:CHOLAFIN,152.1,152.5,151.05,151.5,2870414.0
2020-05-08 12:00:00,NSE:CHOLAFIN,151.6,151.6,148.5,150.3,1332945.0
2020-05-08 13:00:00,NSE:CHOLAFIN,150.35,150.45,147.3,148.15,970175.0
2020-05-08 14:00:00,NSE:CHOLAFIN,148.1,148.45,144.2,144.75,1447933.0
2020-05-08 15:00:00,NSE:CHOLAFIN,144.85,145.4,142.9,144.1,1206309.0
2020-05-11 09:00:00,NSE:CHOLAFIN,146.95,147.7,143.0,144.6,2155348.0
2020-05-11 10:00:00,NSE:CHOLAFIN,144.6,150.35,142.75,147.8,3198163.0
2020-05-11 11:00:00,NSE:CHOLAFIN,148.0,152.3,147.55,149.65,2627631.0
2020-05-11 12:00:00,NSE:CHOLAFIN,149.55,151.7,147.5,151.35,3254857.0
2020-05-11 13:00:00,NSE:CHOLAFIN,151.85,154.5,151.65,152.8,3102653.0
2020-05-11 14:00:00,NSE:CHOLAFIN,152.8,153.95,151.75,152.25,2098244.0
2020-05-11 15:00:00,NSE:CHOLAFIN,152.25,154.0,150.3,151.9,1677710.0
2020-05-12 09:00:00,NSE:CHOLAFIN,148.0,151.0,141.5,142.6,5540233.0
2020-05-12 10:00:00,NSE:CHOLAFIN,142.65,146.8,142.05,146.75,3290502.0
2020-05-12 11:00:00,NSE:CHOLAFIN,146.75,147.0,144.5,145.45,1590558.0
2020-05-12 12:00:00,NSE:CHOLAFIN,145.45,147.95,145.4,147.25,1440844.0
2020-05-12 13:00:00,NSE:CHOLAFIN,147.6,148.55,145.3,145.8,2587237.0
2020-05-12 14:00:00,NSE:CHOLAFIN,145.95,151.75,145.85,151.15,2205450.0
2020-05-12 15:00:00,NSE:CHOLAFIN,151.1,151.9,149.8,150.9,1524320.0
2020-05-13 09:00:00,NSE:CHOLAFIN,162.1,165.95,154.9,156.05,5959318.0
2020-05-13 10:00:00,NSE:CHOLAFIN,156.05,160.0,153.75,158.3,3037149.0
2020-05-13 11:00:00,NSE:CHOLAFIN,158.25,159.25,157.65,158.05,968257.0
2020-05-13 12:00:00,NSE:CHOLAFIN,158.0,159.5,157.65,158.25,905735.0
2020-05-13 13:00:00,NSE:CHOLAFIN,158.25,160.0,157.7,159.25,1089897.0
2020-05-13 14:00:00,NSE:CHOLAFIN,159.1,160.9,157.0,157.1,1786171.0
2020-05-13 15:00:00,NSE:CHOLAFIN,157.3,158.35,156.5,157.7,1093250.0
2020-05-14 09:00:00,NSE:CHOLAFIN,156.95,160.4,153.6,156.85,3522750.0
2020-05-14 10:00:00,NSE:CHOLAFIN,157.0,157.35,153.25,153.9,1949644.0
2020-05-14 11:00:00,NSE:CHOLAFIN,153.9,154.0,149.0,151.35,2355821.0
2020-05-14 12:00:00,NSE:CHOLAFIN,151.3,151.85,150.35,150.8,636623.0
2020-05-14 13:00:00,NSE:CHOLAFIN,150.8,152.0,149.3,150.35,1899752.0
2020-05-14 14:00:00,NSE:CHOLAFIN,150.35,150.5,148.3,149.0,1322325.0
2020-05-14 15:00:00,NSE:CHOLAFIN,149.0,149.2,147.1,148.25,1222940.0
2020-05-15 09:00:00,NSE:CHOLAFIN,149.95,151.25,147.2,149.0,1665470.0
2020-05-15 10:00:00,NSE:CHOLAFIN,149.0,149.5,146.7,147.35,1001866.0
2020-05-15 11:00:00,NSE:CHOLAFIN,147.45,148.35,146.3,147.15,1260241.0
2020-05-15 12:00:00,NSE:CHOLAFIN,147.15,149.6,146.55,148.9,988240.0
2020-05-15 13:00:00,NSE:CHOLAFIN,148.95,149.85,148.05,149.35,543602.0
2020-05-15 14:00:00,NSE:CHOLAFIN,149.35,150.4,148.8,149.3,689090.0
2020-05-15 15:00:00,NSE:CHOLAFIN,149.2,150.0,148.75,149.35,596483.0
2020-05-18 09:00:00,NSE:CHOLAFIN,149.0,149.0,135.15,135.7,3421961.0
2020-05-18 10:00:00,NSE:CHOLAFIN,135.8,137.45,128.1,130.8,4548822.0
2020-05-18 11:00:00,NSE:CHOLAFIN,130.75,131.0,127.1,129.65,2450588.0
2020-05-18 12:00:00,NSE:CHOLAFIN,129.8,130.5,128.4,129.8,1571840.0
2020-05-18 13:00:00,NSE:CHOLAFIN,129.9,129.9,127.5,129.45,1792274.0
2020-05-18 14:00:00,NSE:CHOLAFIN,129.4,129.55,125.5,125.5,2267748.0
2020-05-18 15:00:00,NSE:CHOLAFIN,125.6,126.95,122.5,125.0,2559534.0
2020-05-19 09:00:00,NSE:CHOLAFIN,129.7,131.5,126.35,128.9,3325192.0
2020-05-19 10:00:00,NSE:CHOLAFIN,128.8,132.35,128.75,131.8,1886303.0
2020-05-19 11:00:00,NSE:CHOLAFIN,131.8,132.2,129.7,131.15,1281198.0
2020-05-19 12:00:00,NSE:CHOLAFIN,131.15,131.9,128.8,128.85,1144948.0
2020-05-19 13:00:00,NSE:CHOLAFIN,128.9,129.0,126.5,127.5,2855847.0
2020-05-19 14:00:00,NSE:CHOLAFIN,127.5,128.5,126.5,126.65,1043461.0
2020-05-19 15:00:00,NSE:CHOLAFIN,126.75,128.35,126.5,127.1,692775.0
2020-05-20 09:00:00,NSE:CHOLAFIN,127.0,129.85,125.0,129.05,1817456.0
2020-05-20 10:00:00,NSE:CHOLAFIN,129.1,130.25,126.75,127.5,1096279.0
2020-05-20 11:00:00,NSE:CHOLAFIN,127.45,128.85,127.15,128.45,1399293.0
2020-05-20 12:00:00,NSE:CHOLAFIN,128.4,131.0,128.3,130.05,1295481.0
2020-05-20 13:00:00,NSE:CHOLAFIN,130.15,130.15,128.75,129.65,532934.0
2020-05-20 14:00:00,NSE:CHOLAFIN,129.6,136.25,129.6,135.1,3999523.0
2020-05-20 15:00:00,NSE:CHOLAFIN,135.0,136.8,133.85,135.15,1551344.0
2020-05-21 09:00:00,NSE:CHOLAFIN,137.15,138.75,135.5,137.0,2230884.0
2020-05-21 10:00:00,NSE:CHOLAFIN,137.0,138.6,136.25,136.6,1114401.0
2020-05-21 11:00:00,NSE:CHOLAFIN,136.75,137.3,134.5,135.0,1972291.0
2020-05-21 12:00:00,NSE:CHOLAFIN,135.0,135.85,130.2,131.15,2615269.0
2020-05-21 13:00:00,NSE:CHOLAFIN,131.15,133.2,130.75,131.0,1674598.0
2020-05-21 14:00:00,NSE:CHOLAFIN,130.9,131.8,128.7,130.2,2026407.0
2020-05-21 15:00:00,NSE:CHOLAFIN,130.1,130.45,128.9,129.85,1290960.0
2020-05-22 09:00:00,NSE:CHOLAFIN,130.3,133.2,128.4,130.6,3339328.0
2020-05-22 10:00:00,NSE:CHOLAFIN,130.6,132.55,123.65,124.4,3763475.0
2020-05-22 11:00:00,NSE:CHOLAFIN,124.5,124.55,121.2,123.7,3762995.0
2020-05-22 12:00:00,NSE:CHOLAFIN,123.75,126.2,122.6,123.35,2553878.0
2020-05-22 13:00:00,NSE:CHOLAFIN,123.35,123.6,121.85,122.95,2520612.0
2020-05-22 14:00:00,NSE:CHOLAFIN,122.9,123.5,122.35,123.0,2205605.0
2020-05-22 15:00:00,NSE:CHOLAFIN,123.0,124.2,122.55,123.2,1670623.0
2020-05-26 09:00:00,NSE:CHOLAFIN,126.55,126.9,122.55,123.0,2541693.0
2020-05-26 10:00:00,NSE:CHOLAFIN,122.95,123.25,121.7,122.75,1493154.0
2020-05-26 11:00:00,NSE:CHOLAFIN,122.75,123.15,120.5,121.35,1820442.0
2020-05-26 12:00:00,NSE:CHOLAFIN,121.35,123.35,120.9,123.0,1784516.0
2020-05-26 13:00:00,NSE:CHOLAFIN,122.95,123.0,121.35,122.2,984115.0
2020-05-26 14:00:00,NSE:CHOLAFIN,122.25,123.1,121.1,122.6,1161878.0
2020-05-26 15:00:00,NSE:CHOLAFIN,122.65,122.8,121.5,122.1,1095442.0
2020-05-27 09:00:00,NSE:CHOLAFIN,122.55,123.65,120.1,121.5,1966719.0
2020-05-27 10:00:00,NSE:CHOLAFIN,121.55,126.0,121.45,125.4,3663816.0
2020-05-27 11:00:00,NSE:CHOLAFIN,125.6,128.0,125.15,126.75,2930886.0
2020-05-27 12:00:00,NSE:CHOLAFIN,126.8,128.35,126.7,127.9,1506530.0
2020-05-27 13:00:00,NSE:CHOLAFIN,127.85,129.7,127.0,129.15,2546293.0
2020-05-27 14:00:00,NSE:CHOLAFIN,129.25,132.75,128.7,132.7,4986966.0
2020-05-27 15:00:00,NSE:CHOLAFIN,132.7,140.4,132.5,135.3,4278206.0
2020-05-28 09:00:00,NSE:CHOLAFIN,135.0,136.7,129.6,132.2,4113953.0
2020-05-28 10:00:00,NSE:CHOLAFIN,132.4,135.7,131.5,135.3,3315979.0
2020-05-28 11:00:00,NSE:CHOLAFIN,135.25,135.35,132.6,134.75,2199726.0
2020-05-28 12:00:00,NSE:CHOLAFIN,134.6,136.7,134.35,136.1,2726423.0
2020-05-28 13:00:00,NSE:CHOLAFIN,136.1,137.55,135.6,136.25,2136904.0
2020-05-28 14:00:00,NSE:CHOLAFIN,136.25,136.6,134.65,135.15,1806370.0
2020-05-28 15:00:00,NSE:CHOLAFIN,135.3,136.0,134.25,135.1,1215354.0
2020-05-29 09:00:00,NSE:CHOLAFIN,132.25,138.0,131.15,137.75,2701709.0
2020-05-29 10:00:00,NSE:CHOLAFIN,137.55,141.0,137.4,139.15,3431611.0
2020-05-29 11:00:00,NSE:CHOLAFIN,139.0,139.8,137.5,138.9,1289084.0
2020-05-29 12:00:00,NSE:CHOLAFIN,138.85,140.3,138.05,140.25,1300648.0
2020-05-29 13:00:00,NSE:CHOLAFIN,140.4,140.4,139.15,139.6,1020436.0
2020-05-29 14:00:00,NSE:CHOLAFIN,139.6,141.95,139.5,140.15,1797009.0
2020-05-29 15:00:00,NSE:CHOLAFIN,140.2,143.2,140.0,141.7,5174150.0
2020-06-01 09:00:00,NSE:CHOLAFIN,145.0,152.35,144.6,152.05,4018458.0
2020-06-01 10:00:00,NSE:CHOLAFIN,152.15,153.2,150.35,151.45,1995971.0
2020-06-01 11:00:00,NSE:CHOLAFIN,151.5,152.7,149.65,151.1,2215931.0
2020-06-01 12:00:00,NSE:CHOLAFIN,151.0,152.4,149.6,152.25,2774048.0
2020-06-01 13:00:00,NSE:CHOLAFIN,152.35,152.75,149.5,150.0,1829947.0
2020-06-01 14:00:00,NSE:CHOLAFIN,149.95,152.5,149.75,152.05,2076686.0
2020-06-01 15:00:00,NSE:CHOLAFIN,152.05,152.75,151.75,152.1,1139477.0
2020-06-02 09:00:00,NSE:CHOLAFIN,154.25,156.35,153.0,155.1,2995554.0
2020-06-02 10:00:00,NSE:CHOLAFIN,155.1,159.75,154.85,158.2,6044291.0
2020-06-02 11:00:00,NSE:CHOLAFIN,158.2,158.5,155.4,157.35,2399699.0
2020-06-02 12:00:00,NSE:CHOLAFIN,157.25,157.9,156.6,157.3,853471.0
2020-06-02 13:00:00,NSE:CHOLAFIN,157.2,157.7,155.8,157.25,1101856.0
2020-06-02 14:00:00,NSE:CHOLAFIN,157.2,158.5,156.95,158.15,1589398.0
2020-06-02 15:00:00,NSE:CHOLAFIN,158.2,158.5,157.2,157.9,1258960.0
2020-06-03 09:00:00,NSE:CHOLAFIN,160.0,164.0,158.5,160.0,3727546.0
2020-06-03 10:00:00,NSE:CHOLAFIN,160.0,161.0,159.2,160.15,1388844.0
2020-06-03 11:00:00,NSE:CHOLAFIN,160.15,162.6,159.5,162.3,1659127.0
2020-06-03 12:00:00,NSE:CHOLAFIN,162.3,163.0,161.5,162.8,1373824.0
2020-06-03 13:00:00,NSE:CHOLAFIN,162.7,164.0,161.9,163.85,1520811.0
2020-06-03 14:00:00,NSE:CHOLAFIN,163.9,163.9,156.9,157.0,2151848.0
2020-06-03 15:00:00,NSE:CHOLAFIN,157.0,157.95,154.35,155.85,1976544.0
2020-06-04 09:00:00,NSE:CHOLAFIN,156.0,158.6,147.35,152.5,5420252.0
2020-06-04 10:00:00,NSE:CHOLAFIN,152.35,153.8,150.5,150.5,1893620.0
2020-06-04 11:00:00,NSE:CHOLAFIN,150.5,150.8,143.2,145.2,7124976.0
2020-06-04 12:00:00,NSE:CHOLAFIN,145.2,146.5,143.0,143.45,2749261.0
2020-06-04 13:00:00,NSE:CHOLAFIN,143.45,144.5,141.4,143.5,2836069.0
2020-06-04 14:00:00,NSE:CHOLAFIN,143.5,144.4,141.75,142.2,2177993.0
2020-06-04 15:00:00,NSE:CHOLAFIN,142.2,143.3,142.0,142.6,1899481.0
2020-06-05 09:00:00,NSE:CHOLAFIN,145.0,146.5,143.35,144.0,2766921.0
2020-06-05 10:00:00,NSE:CHOLAFIN,144.0,144.6,140.3,142.35,2748096.0
2020-06-05 11:00:00,NSE:CHOLAFIN,142.35,143.5,141.9,142.95,1834301.0
2020-06-05 12:00:00,NSE:CHOLAFIN,142.95,144.85,142.6,144.5,2157703.0
2020-06-05 13:00:00,NSE:CHOLAFIN,144.6,147.3,143.8,145.9,3280605.0
2020-06-05 14:00:00,NSE:CHOLAFIN,146.15,146.9,144.4,146.1,2773978.0
2020-06-05 15:00:00,NSE:CHOLAFIN,146.15,146.35,144.8,145.4,1578076.0
2020-06-08 09:00:00,NSE:CHOLAFIN,150.0,153.85,148.0,152.35,5258640.0
2020-06-08 10:00:00,NSE:CHOLAFIN,152.45,153.8,151.0,151.3,1914396.0
2020-06-08 11:00:00,NSE:CHOLAFIN,151.3,152.8,151.3,151.6,1291475.0
2020-06-08 12:00:00,NSE:CHOLAFIN,151.6,152.8,147.55,147.85,2593655.0
2020-06-08 13:00:00,NSE:CHOLAFIN,147.95,149.9,147.1,148.2,1661772.0
2020-06-08 14:00:00,NSE:CHOLAFIN,148.2,148.4,144.5,146.65,2945184.0
2020-06-08 15:00:00,NSE:CHOLAFIN,146.65,147.3,146.0,146.65,1480472.0
2020-06-09 09:00:00,NSE:CHOLAFIN,148.5,152.25,146.2,151.0,3744599.0
2020-06-09 10:00:00,NSE:CHOLAFIN,150.9,153.95,150.9,152.9,3494455.0
2020-06-09 11:00:00,NSE:CHOLAFIN,152.9,157.5,151.55,156.65,4700747.0
2020-06-09 12:00:00,NSE:CHOLAFIN,156.75,157.15,152.4,152.65,3116346.0
2020-06-09 13:00:00,NSE:CHOLAFIN,152.75,152.75,150.45,151.0,3383876.0
2020-06-09 14:00:00,NSE:CHOLAFIN,151.0,151.5,148.8,151.25,3348866.0
2020-06-09 15:00:00,NSE:CHOLAFIN,151.35,151.85,149.7,150.4,1480352.0
2020-06-10 09:00:00,NSE:CHOLAFIN,151.0,154.9,150.25,150.85,3268339.0
2020-06-10 10:00:00,NSE:CHOLAFIN,150.95,153.1,150.2,152.2,1726351.0
2020-06-10 11:00:00,NSE:CHOLAFIN,152.2,153.1,151.5,151.75,984067.0
2020-06-10 12:00:00,NSE:CHOLAFIN,151.7,153.1,151.5,152.6,1933705.0
2020-06-10 13:00:00,NSE:CHOLAFIN,152.6,153.8,151.75,152.25,2576516.0
2020-06-10 14:00:00,NSE:CHOLAFIN,152.25,153.75,151.15,152.55,2309547.0
2020-06-10 15:00:00,NSE:CHOLAFIN,152.55,158.0,152.55,155.7,3232819.0
2020-06-11 09:00:00,NSE:CHOLAFIN,156.95,164.8,154.6,164.15,5632470.0
2020-06-11 10:00:00,NSE:CHOLAFIN,164.2,165.0,157.15,159.05,6560267.0
2020-06-11 11:00:00,NSE:CHOLAFIN,159.0,159.75,156.5,159.15,2089126.0
2020-06-11 12:00:00,NSE:CHOLAFIN,159.0,159.45,155.2,156.1,3222750.0
2020-06-11 13:00:00,NSE:CHOLAFIN,156.2,157.9,154.35,156.2,2314311.0
2020-06-11 14:00:00,NSE:CHOLAFIN,156.45,156.9,151.85,153.1,2398923.0
2020-06-11 15:00:00,NSE:CHOLAFIN,153.0,153.0,150.0,150.95,2103511.0
2020-06-12 09:00:00,NSE:CHOLAFIN,139.0,147.75,139.0,145.5,3808376.0
2020-06-12 10:00:00,NSE:CHOLAFIN,145.5,148.75,144.7,148.2,1820983.0
2020-06-12 11:00:00,NSE:CHOLAFIN,147.95,153.65,147.0,149.95,3520501.0
2020-06-12 12:00:00,NSE:CHOLAFIN,149.9,151.75,148.05,150.95,2408152.0
2020-06-12 13:00:00,NSE:CHOLAFIN,151.0,158.3,150.55,155.8,3879489.0
2020-06-12 14:00:00,NSE:CHOLAFIN,155.8,159.5,155.75,158.75,3898173.0
2020-06-12 15:00:00,NSE:CHOLAFIN,158.7,161.5,158.5,160.05,2883949.0
2020-06-15 09:00:00,NSE:CHOLAFIN,160.05,163.1,155.25,159.45,5368687.0
2020-06-15 10:00:00,NSE:CHOLAFIN,159.5,161.75,155.5,156.7,4748912.0
2020-06-15 11:00:00,NSE:CHOLAFIN,156.7,157.4,152.85,153.25,3464944.0
2020-06-15 12:00:00,NSE:CHOLAFIN,153.25,156.25,152.1,155.0,2206622.0
2020-06-15 13:00:00,NSE:CHOLAFIN,155.0,158.45,154.35,158.05,2447221.0
2020-06-15 14:00:00,NSE:CHOLAFIN,157.9,160.5,155.3,157.85,4003545.0
2020-06-15 15:00:00,NSE:CHOLAFIN,157.8,157.9,154.1,155.3,1862842.0
2020-06-16 09:00:00,NSE:CHOLAFIN,161.0,162.4,158.05,158.25,2919222.0
2020-06-16 10:00:00,NSE:CHOLAFIN,158.4,160.25,156.3,159.65,2348899.0
2020-06-16 11:00:00,NSE:CHOLAFIN,159.55,159.9,157.6,158.5,1328672.0
2020-06-16 12:00:00,NSE:CHOLAFIN,158.65,159.2,155.9,156.9,3082196.0
2020-06-16 13:00:00,NSE:CHOLAFIN,156.9,156.9,151.2,154.55,4412225.0
2020-06-16 14:00:00,NSE:CHOLAFIN,154.7,156.7,153.7,155.9,2284167.0
2020-06-16 15:00:00,NSE:CHOLAFIN,156.05,156.8,154.0,155.45,1197741.0
2020-06-17 09:00:00,NSE:CHOLAFIN,155.0,161.3,153.2,160.9,5068601.0
2020-06-17 10:00:00,NSE:CHOLAFIN,160.95,163.4,159.8,162.95,5290065.0
2020-06-17 11:00:00,NSE:CHOLAFIN,163.0,164.75,161.45,163.25,5540349.0
2020-06-17 12:00:00,NSE:CHOLAFIN,163.25,167.8,162.6,166.1,6605543.0
2020-06-17 13:00:00,NSE:CHOLAFIN,166.15,169.9,165.7,168.4,5871353.0
2020-06-17 14:00:00,NSE:CHOLAFIN,168.4,170.0,164.95,166.5,7008456.0
2020-06-17 15:00:00,NSE:CHOLAFIN,166.45,170.5,166.05,168.2,4581283.0
2020-06-18 09:00:00,NSE:CHOLAFIN,168.2,173.4,168.2,172.3,6576124.0
2020-06-18 10:00:00,NSE:CHOLAFIN,172.4,174.35,171.0,173.8,3545494.0
2020-06-18 11:00:00,NSE:CHOLAFIN,173.6,175.9,173.4,174.8,3379557.0
2020-06-18 12:00:00,NSE:CHOLAFIN,174.8,175.85,173.9,174.7,2079844.0
2020-06-18 13:00:00,NSE:CHOLAFIN,174.8,178.25,173.6,176.05,4052539.0
2020-06-18 14:00:00,NSE:CHOLAFIN,176.0,177.4,175.4,177.2,3259859.0
2020-06-18 15:00:00,NSE:CHOLAFIN,177.35,178.8,176.95,178.0,3359465.0
2020-06-19 09:00:00,NSE:CHOLAFIN,179.0,185.0,179.0,182.5,6207720.0
2020-06-19 10:00:00,NSE:CHOLAFIN,182.7,187.45,182.5,186.3,9579676.0
2020-06-19 11:00:00,NSE:CHOLAFIN,186.4,193.45,185.65,190.3,6710311.0
2020-06-19 12:00:00,NSE:CHOLAFIN,190.25,194.0,190.05,193.7,3890773.0
2020-06-19 13:00:00,NSE:CHOLAFIN,193.55,193.9,191.1,192.65,3051622.0
2020-06-19 14:00:00,NSE:CHOLAFIN,192.65,193.0,190.5,192.8,3492579.0
2020-06-19 15:00:00,NSE:CHOLAFIN,192.85,204.7,192.5,196.8,3875760.0
2020-06-22 09:00:00,NSE:CHOLAFIN,201.0,216.45,199.5,214.7,12229411.0
2020-06-22 10:00:00,NSE:CHOLAFIN,214.85,215.5,209.0,209.4,7710554.0
2020-06-22 11:00:00,NSE:CHOLAFIN,209.05,210.5,201.8,205.25,6324852.0
2020-06-22 12:00:00,NSE:CHOLAFIN,205.2,205.25,202.5,203.75,2595713.0
2020-06-22 13:00:00,NSE:CHOLAFIN,203.95,204.45,200.7,202.85,2406459.0
2020-06-22 14:00:00,NSE:CHOLAFIN,202.75,210.65,202.0,206.25,7629459.0
2020-06-22 15:00:00,NSE:CHOLAFIN,206.1,206.5,202.5,204.7,2711421.0
2020-06-23 09:00:00,NSE:CHOLAFIN,206.45,211.45,196.55,199.55,5716229.0
2020-06-23 10:00:00,NSE:CHOLAFIN,199.5,204.0,198.8,199.8,2226723.0
2020-06-23 11:00:00,NSE:CHOLAFIN,199.8,200.4,197.9,199.7,1815173.0
2020-06-23 12:00:00,NSE:CHOLAFIN,199.7,200.45,198.6,199.45,1263974.0
2020-06-23 13:00:00,NSE:CHOLAFIN,199.5,200.0,197.0,198.0,1444536.0
2020-06-23 14:00:00,NSE:CHOLAFIN,197.9,200.3,197.85,200.05,1919253.0
2020-06-23 15:00:00,NSE:CHOLAFIN,200.05,206.6,200.0,204.15,5921268.0
2020-06-24 09:00:00,NSE:CHOLAFIN,209.15,209.15,199.5,201.8,3387915.0
2020-06-24 10:00:00,NSE:CHOLAFIN,201.9,207.15,201.6,203.05,5312745.0
2020-06-24 11:00:00,NSE:CHOLAFIN,203.0,206.75,203.0,205.2,2775009.0
2020-06-24 12:00:00,NSE:CHOLAFIN,205.3,206.55,204.65,204.9,1919463.0
2020-06-24 13:00:00,NSE:CHOLAFIN,204.9,204.95,200.55,201.2,2700153.0
2020-06-24 14:00:00,NSE:CHOLAFIN,201.25,202.85,196.8,199.65,3241119.0
2020-06-24 15:00:00,NSE:CHOLAFIN,199.6,200.0,194.55,196.8,2114525.0
2020-06-25 09:00:00,NSE:CHOLAFIN,192.7,198.65,190.1,197.15,3173407.0
2020-06-25 10:00:00,NSE:CHOLAFIN,197.15,200.85,195.75,199.4,3622888.0
2020-06-25 11:00:00,NSE:CHOLAFIN,199.25,200.5,196.75,199.05,2307160.0
2020-06-25 12:00:00,NSE:CHOLAFIN,199.05,202.65,198.2,202.2,2815572.0
2020-06-25 13:00:00,NSE:CHOLAFIN,202.25,207.65,201.4,204.25,4621012.0
2020-06-25 14:00:00,NSE:CHOLAFIN,204.3,207.0,204.0,207.0,2908291.0
2020-06-25 15:00:00,NSE:CHOLAFIN,206.85,208.4,204.25,205.95,2884757.0
2020-06-26 09:00:00,NSE:CHOLAFIN,210.0,211.75,205.45,207.3,3814712.0
2020-06-26 10:00:00,NSE:CHOLAFIN,207.3,208.5,205.55,207.25,2323159.0
2020-06-26 11:00:00,NSE:CHOLAFIN,207.3,210.0,207.15,209.35,1993995.0
2020-06-26 12:00:00,NSE:CHOLAFIN,209.35,209.85,206.0,207.2,1567669.0
2020-06-26 13:00:00,NSE:CHOLAFIN,207.25,207.5,201.9,203.1,2878588.0
2020-06-26 14:00:00,NSE:CHOLAFIN,203.1,204.1,200.65,201.45,2196133.0
2020-06-26 15:00:00,NSE:CHOLAFIN,201.5,204.0,200.0,201.8,2219246.0
2020-06-29 09:00:00,NSE:CHOLAFIN,200.0,200.0,191.4,191.7,3180551.0
2020-06-29 10:00:00,NSE:CHOLAFIN,191.6,194.0,190.7,192.2,2641483.0
2020-06-29 11:00:00,NSE:CHOLAFIN,192.05,192.75,190.5,191.8,1152719.0
2020-06-29 12:00:00,NSE:CHOLAFIN,191.85,193.35,188.5,192.25,2947319.0
2020-06-29 13:00:00,NSE:CHOLAFIN,192.45,193.8,191.6,192.9,1643641.0
2020-06-29 14:00:00,NSE:CHOLAFIN,192.8,193.5,191.1,191.65,1398895.0
2020-06-29 15:00:00,NSE:CHOLAFIN,191.6,194.85,191.3,193.0,1825223.0
2020-06-30 09:00:00,NSE:CHOLAFIN,197.7,199.15,194.1,194.65,2352552.0
2020-06-30 10:00:00,NSE:CHOLAFIN,194.7,195.2,192.75,193.15,1575673.0
2020-06-30 11:00:00,NSE:CHOLAFIN,193.15,193.7,191.15,192.05,1238948.0
2020-06-30 12:00:00,NSE:CHOLAFIN,192.1,193.4,191.8,192.35,869207.0
2020-06-30 13:00:00,NSE:CHOLAFIN,192.45,193.2,191.35,192.6,1315477.0
2020-06-30 14:00:00,NSE:CHOLAFIN,192.6,192.9,189.35,190.05,1479935.0
2020-06-30 15:00:00,NSE:CHOLAFIN,190.1,190.7,187.8,189.4,1494014.0
2020-07-01 09:00:00,NSE:CHOLAFIN,190.0,195.65,187.0,195.25,3632504.0
2020-07-01 10:00:00,NSE:CHOLAFIN,195.25,196.0,193.7,193.9,1919773.0
2020-07-01 11:00:00,NSE:CHOLAFIN,193.9,194.9,193.55,193.6,1464297.0
2020-07-01 12:00:00,NSE:CHOLAFIN,193.75,199.75,193.35,199.3,5979610.0
2020-07-01 13:00:00,NSE:CHOLAFIN,199.35,199.35,196.35,197.6,2642431.0
2020-07-01 14:00:00,NSE:CHOLAFIN,197.75,198.4,197.0,197.85,1235113.0
2020-07-01 15:00:00,NSE:CHOLAFIN,197.85,197.9,196.0,197.0,1375033.0
2020-07-02 09:00:00,NSE:CHOLAFIN,199.9,201.95,196.45,197.0,3835310.0
2020-07-02 10:00:00,NSE:CHOLAFIN,196.85,197.9,192.95,194.0,2580698.0
2020-07-02 11:00:00,NSE:CHOLAFIN,194.0,196.1,192.1,195.7,2247944.0
2020-07-02 12:00:00,NSE:CHOLAFIN,195.5,196.9,195.0,196.1,1395996.0
2020-07-02 13:00:00,NSE:CHOLAFIN,196.15,196.5,194.5,196.5,926654.0
2020-07-02 14:00:00,NSE:CHOLAFIN,196.5,198.55,195.6,197.3,2528680.0
2020-07-02 15:00:00,NSE:CHOLAFIN,197.4,198.0,195.55,197.1,1531608.0
2020-07-03 09:00:00,NSE:CHOLAFIN,198.0,199.8,194.4,196.3,2139557.0
2020-07-03 10:00:00,NSE:CHOLAFIN,196.35,203.45,196.3,201.65,4902429.0
2020-07-03 11:00:00,NSE:CHOLAFIN,201.65,203.0,200.5,202.4,5932707.0
2020-07-03 12:00:00,NSE:CHOLAFIN,202.35,204.7,201.1,202.0,3902378.0
2020-07-03 13:00:00,NSE:CHOLAFIN,202.15,202.2,196.1,197.65,3179752.0
2020-07-03 14:00:00,NSE:CHOLAFIN,197.6,198.5,195.6,196.35,1900148.0
2020-07-03 15:00:00,NSE:CHOLAFIN,196.4,197.25,196.0,196.7,1081977.0
2020-07-06 09:00:00,NSE:CHOLAFIN,200.0,200.95,197.1,198.65,2046657.0
2020-07-06 10:00:00,NSE:CHOLAFIN,198.75,199.65,196.65,199.45,1375364.0
2020-07-06 11:00:00,NSE:CHOLAFIN,199.5,199.9,197.65,197.95,592397.0
2020-07-06 12:00:00,NSE:CHOLAFIN,197.9,198.6,197.45,198.15,584108.0
2020-07-06 13:00:00,NSE:CHOLAFIN,198.2,199.9,197.0,198.65,1445883.0
2020-07-06 14:00:00,NSE:CHOLAFIN,198.65,202.0,198.55,201.75,3970625.0
2020-07-06 15:00:00,NSE:CHOLAFIN,201.7,201.8,200.3,201.1,1008717.0
2020-07-07 09:00:00,NSE:CHOLAFIN,202.0,203.8,200.15,202.8,2612200.0
2020-07-07 10:00:00,NSE:CHOLAFIN,202.8,211.6,202.55,210.9,7293654.0
2020-07-07 11:00:00,NSE:CHOLAFIN,210.8,210.95,206.6,208.3,3224801.0
2020-07-07 12:00:00,NSE:CHOLAFIN,208.35,211.0,207.75,211.0,2046548.0
2020-07-07 13:00:00,NSE:CHOLAFIN,211.0,211.0,208.0,209.0,1644712.0
2020-07-07 14:00:00,NSE:CHOLAFIN,209.1,214.25,208.65,211.7,4721183.0
2020-07-07 15:00:00,NSE:CHOLAFIN,211.85,215.0,211.8,213.1,2453811.0
2020-07-08 09:00:00,NSE:CHOLAFIN,214.8,218.0,210.55,212.0,5430043.0
2020-07-08 10:00:00,NSE:CHOLAFIN,212.0,213.85,211.5,212.4,1681478.0
2020-07-08 11:00:00,NSE:CHOLAFIN,212.5,213.15,208.6,211.0,1649671.0
2020-07-08 12:00:00,NSE:CHOLAFIN,210.95,212.7,210.5,211.9,910758.0
2020-07-08 13:00:00,NSE:CHOLAFIN,212.0,212.2,209.7,210.95,946717.0
2020-07-08 14:00:00,NSE:CHOLAFIN,210.95,211.8,204.5,206.4,2497822.0
2020-07-08 15:00:00,NSE:CHOLAFIN,206.25,206.75,203.5,205.3,1541318.0
2020-07-09 09:00:00,NSE:CHOLAFIN,208.85,211.2,205.45,209.15,2461116.0
2020-07-09 10:00:00,NSE:CHOLAFIN,209.2,209.7,204.7,208.05,2017183.0
2020-07-09 11:00:00,NSE:CHOLAFIN,208.05,208.7,206.55,207.35,717114.0
2020-07-09 12:00:00,NSE:CHOLAFIN,207.5,207.55,206.05,206.9,567453.0
2020-07-09 13:00:00,NSE:CHOLAFIN,206.7,207.4,205.5,206.8,675463.0
2020-07-09 14:00:00,NSE:CHOLAFIN,206.8,209.5,206.4,207.6,1425957.0
2020-07-09 15:00:00,NSE:CHOLAFIN,207.55,210.0,207.0,208.9,941232.0
2020-07-10 09:00:00,NSE:CHOLAFIN,208.0,213.7,206.0,213.5,3064709.0
2020-07-10 10:00:00,NSE:CHOLAFIN,213.5,214.35,207.95,210.9,3077378.0
2020-07-10 11:00:00,NSE:CHOLAFIN,210.9,210.9,208.6,208.75,1136303.0
2020-07-10 12:00:00,NSE:CHOLAFIN,208.75,210.0,206.75,209.6,1393508.0
2020-07-10 13:00:00,NSE:CHOLAFIN,209.6,210.7,208.35,208.85,1029571.0
2020-07-10 14:00:00,NSE:CHOLAFIN,208.85,208.95,207.0,208.7,1184276.0
2020-07-10 15:00:00,NSE:CHOLAFIN,208.7,209.95,207.5,208.45,991375.0
2020-07-13 09:00:00,NSE:CHOLAFIN,210.0,212.9,208.05,209.0,1240944.0
2020-07-13 10:00:00,NSE:CHOLAFIN,209.0,209.3,207.05,207.65,743405.0
2020-07-13 11:00:00,NSE:CHOLAFIN,207.65,208.0,205.15,205.75,882279.0
2020-07-13 12:00:00,NSE:CHOLAFIN,205.75,207.8,205.3,206.25,635294.0
2020-07-13 13:00:00,NSE:CHOLAFIN,206.25,207.75,205.9,205.95,517966.0
2020-07-13 14:00:00,NSE:CHOLAFIN,206.05,207.4,205.8,206.5,825260.0
2020-07-13 15:00:00,NSE:CHOLAFIN,206.5,206.5,204.35,205.25,833793.0
2020-07-14 09:00:00,NSE:CHOLAFIN,200.0,203.5,199.2,200.0,1721423.0
2020-07-14 10:00:00,NSE:CHOLAFIN,200.0,201.5,196.45,197.25,1591227.0
2020-07-14 11:00:00,NSE:CHOLAFIN,197.25,199.35,196.5,198.4,806660.0
2020-07-14 12:00:00,NSE:CHOLAFIN,198.3,198.45,196.15,196.65,581144.0
2020-07-14 13:00:00,NSE:CHOLAFIN,196.65,199.95,195.8,198.35,1351275.0
2020-07-14 14:00:00,NSE:CHOLAFIN,198.1,199.5,197.6,198.55,626032.0
2020-07-14 15:00:00,NSE:CHOLAFIN,198.85,200.0,197.75,199.0,709383.0
2020-07-15 09:00:00,NSE:CHOLAFIN,203.0,206.4,200.6,204.55,2196749.0
2020-07-15 10:00:00,NSE:CHOLAFIN,204.55,206.95,204.0,206.35,1099297.0
2020-07-15 11:00:00,NSE:CHOLAFIN,206.3,207.95,205.5,206.1,1031136.0
2020-07-15 12:00:00,NSE:CHOLAFIN,206.1,206.35,203.3,204.2,1064394.0
2020-07-15 13:00:00,NSE:CHOLAFIN,204.15,205.85,203.15,205.2,1710047.0
2020-07-15 14:00:00,NSE:CHOLAFIN,205.2,206.25,202.0,203.75,1866173.0
2020-07-15 15:00:00,NSE:CHOLAFIN,203.75,203.9,200.7,202.2,981667.0
2020-07-16 09:00:00,NSE:CHOLAFIN,205.0,205.0,198.0,203.25,2248265.0
2020-07-16 10:00:00,NSE:CHOLAFIN,203.05,203.5,201.45,202.0,724432.0
2020-07-16 11:00:00,NSE:CHOLAFIN,202.05,204.45,201.75,203.9,1070955.0
2020-07-16 12:00:00,NSE:CHOLAFIN,203.9,206.15,202.65,204.7,1059107.0
2020-07-16 13:00:00,NSE:CHOLAFIN,204.55,205.7,203.25,204.95,787210.0
2020-07-16 14:00:00,NSE:CHOLAFIN,205.0,210.0,204.8,209.5,2723383.0
2020-07-16 15:00:00,NSE:CHOLAFIN,209.65,210.85,208.5,209.65,1568337.0
2020-07-17 09:00:00,NSE:CHOLAFIN,210.0,210.9,206.5,207.7,1450135.0
2020-07-17 10:00:00,NSE:CHOLAFIN,207.9,210.95,207.05,207.8,1404429.0
2020-07-17 11:00:00,NSE:CHOLAFIN,207.8,208.2,205.4,205.9,976311.0
2020-07-17 12:00:00,NSE:CHOLAFIN,205.95,206.8,205.15,205.4,597069.0
2020-07-17 13:00:00,NSE:CHOLAFIN,205.3,206.1,204.2,205.5,609233.0
2020-07-17 14:00:00,NSE:CHOLAFIN,205.3,207.25,204.6,206.8,805970.0
2020-07-17 15:00:00,NSE:CHOLAFIN,206.85,207.85,206.55,207.2,822467.0
2020-07-20 09:00:00,NSE:CHOLAFIN,207.2,213.7,207.05,213.45,2159335.0
2020-07-20 10:00:00,NSE:CHOLAFIN,213.5,218.6,213.35,213.95,4581467.0
2020-07-20 11:00:00,NSE:CHOLAFIN,213.8,214.45,212.7,213.55,2144052.0
2020-07-20 12:00:00,NSE:CHOLAFIN,213.55,216.45,213.45,214.95,1531866.0
2020-07-20 13:00:00,NSE:CHOLAFIN,214.85,215.8,213.65,214.1,1333676.0
2020-07-20 14:00:00,NSE:CHOLAFIN,214.1,215.4,213.85,215.4,1036149.0
2020-07-20 15:00:00,NSE:CHOLAFIN,215.35,216.0,214.6,215.2,1368637.0
2020-07-21 09:00:00,NSE:CHOLAFIN,216.75,220.5,215.5,217.7,3059155.0
2020-07-21 10:00:00,NSE:CHOLAFIN,217.75,217.85,215.2,216.2,1413135.0
2020-07-21 11:00:00,NSE:CHOLAFIN,216.25,217.2,215.75,216.05,1124582.0
2020-07-21 12:00:00,NSE:CHOLAFIN,216.0,216.85,214.45,214.8,1283605.0
2020-07-21 13:00:00,NSE:CHOLAFIN,214.9,215.5,211.55,212.45,1861890.0
2020-07-21 14:00:00,NSE:CHOLAFIN,212.35,214.65,212.0,212.6,978579.0
2020-07-21 15:00:00,NSE:CHOLAFIN,212.5,213.2,212.0,212.55,962258.0
2020-07-22 09:00:00,NSE:CHOLAFIN,212.0,214.8,207.05,213.35,3346111.0
2020-07-22 10:00:00,NSE:CHOLAFIN,213.5,218.5,213.35,217.9,3362909.0
2020-07-22 11:00:00,NSE:CHOLAFIN,217.9,218.15,215.65,216.9,1685953.0
2020-07-22 12:00:00,NSE:CHOLAFIN,217.0,219.35,216.3,218.5,1449081.0
2020-07-22 13:00:00,NSE:CHOLAFIN,218.45,219.25,215.55,216.7,2069126.0
2020-07-22 14:00:00,NSE:CHOLAFIN,216.75,217.2,215.0,216.75,1724872.0
2020-07-22 15:00:00,NSE:CHOLAFIN,216.75,224.2,216.65,220.9,2952836.0
2020-07-23 09:00:00,NSE:CHOLAFIN,221.3,224.3,218.5,219.55,2782758.0
2020-07-23 10:00:00,NSE:CHOLAFIN,219.35,221.65,219.2,220.5,991498.0
2020-07-23 11:00:00,NSE:CHOLAFIN,220.5,222.6,219.85,220.3,981841.0
2020-07-23 12:00:00,NSE:CHOLAFIN,220.35,223.4,220.0,222.4,961715.0
2020-07-23 13:00:00,NSE:CHOLAFIN,222.55,224.55,221.7,222.8,1974859.0
2020-07-23 14:00:00,NSE:CHOLAFIN,222.8,223.3,221.0,222.45,976340.0
2020-07-23 15:00:00,NSE:CHOLAFIN,222.45,223.55,221.1,222.55,1017814.0
2020-07-24 09:00:00,NSE:CHOLAFIN,218.05,219.95,216.0,217.5,1850166.0
2020-07-24 10:00:00,NSE:CHOLAFIN,217.5,217.8,213.05,214.45,1412481.0
2020-07-24 11:00:00,NSE:CHOLAFIN,214.45,215.55,213.3,215.3,829033.0
2020-07-24 12:00:00,NSE:CHOLAFIN,215.3,216.0,213.7,213.9,730104.0
2020-07-24 13:00:00,NSE:CHOLAFIN,213.9,214.4,212.5,214.35,1165610.0
2020-07-24 14:00:00,NSE:CHOLAFIN,214.35,215.35,212.6,212.8,869216.0
2020-07-24 15:00:00,NSE:CHOLAFIN,212.9,213.3,212.0,212.35,912907.0
2020-07-27 09:00:00,NSE:CHOLAFIN,213.0,214.4,209.0,210.45,1800212.0
2020-07-27 10:00:00,NSE:CHOLAFIN,210.65,210.65,207.0,210.15,1247869.0
2020-07-27 11:00:00,NSE:CHOLAFIN,210.1,210.8,208.35,209.95,588193.0
2020-07-27 12:00:00,NSE:CHOLAFIN,210.0,212.45,209.7,211.75,660457.0
2020-07-27 13:00:00,NSE:CHOLAFIN,211.7,211.9,208.4,208.75,830447.0
2020-07-27 14:00:00,NSE:CHOLAFIN,208.75,210.7,207.6,209.45,876825.0
2020-07-27 15:00:00,NSE:CHOLAFIN,209.45,209.7,208.05,208.8,435517.0
2020-07-28 09:00:00,NSE:CHOLAFIN,210.9,213.95,209.5,212.3,1192127.0
2020-07-28 10:00:00,NSE:CHOLAFIN,212.35,212.5,210.3,211.05,509174.0
2020-07-28 11:00:00,NSE:CHOLAFIN,211.0,213.3,211.0,213.0,458502.0
2020-07-28 12:00:00,NSE:CHOLAFIN,213.0,215.0,212.15,214.65,764901.0
2020-07-28 13:00:00,NSE:CHOLAFIN,214.65,215.25,213.6,213.8,604209.0
2020-07-28 14:00:00,NSE:CHOLAFIN,213.85,217.25,213.5,217.25,963064.0
2020-07-28 15:00:00,NSE:CHOLAFIN,217.25,217.25,214.35,215.65,925898.0
2020-07-29 09:00:00,NSE:CHOLAFIN,214.7,219.85,213.6,219.3,1814328.0
2020-07-29 10:00:00,NSE:CHOLAFIN,219.3,221.4,219.3,220.2,1606382.0
2020-07-29 11:00:00,NSE:CHOLAFIN,220.35,221.4,219.9,220.7,637545.0
2020-07-29 12:00:00,NSE:CHOLAFIN,220.8,223.35,220.5,221.3,1206184.0
2020-07-29 13:00:00,NSE:CHOLAFIN,221.25,221.95,220.1,221.05,824964.0
2020-07-29 14:00:00,NSE:CHOLAFIN,221.1,221.8,218.5,220.75,1218576.0
2020-07-29 15:00:00,NSE:CHOLAFIN,220.9,222.95,219.8,221.4,962271.0
2020-07-30 09:00:00,NSE:CHOLAFIN,220.9,222.8,217.25,217.7,1175560.0
2020-07-30 10:00:00,NSE:CHOLAFIN,217.7,217.95,215.1,215.2,845731.0
2020-07-30 11:00:00,NSE:CHOLAFIN,215.1,216.6,213.75,214.2,687900.0
2020-07-30 12:00:00,NSE:CHOLAFIN,214.2,215.2,211.6,212.3,844523.0
2020-07-30 13:00:00,NSE:CHOLAFIN,212.3,213.0,209.55,210.95,1342684.0
2020-07-30 14:00:00,NSE:CHOLAFIN,211.15,216.8,210.6,215.1,2678830.0
2020-07-30 15:00:00,NSE:CHOLAFIN,215.05,216.4,212.0,214.2,1588074.0
2020-07-31 09:00:00,NSE:CHOLAFIN,216.2,216.9,205.3,207.3,2801860.0
2020-07-31 10:00:00,NSE:CHOLAFIN,207.3,209.0,206.3,206.5,1153565.0
2020-07-31 11:00:00,NSE:CHOLAFIN,206.65,208.2,203.05,204.15,1717434.0
2020-07-31 12:00:00,NSE:CHOLAFIN,204.0,206.4,203.7,205.55,1652835.0
2020-07-31 13:00:00,NSE:CHOLAFIN,205.6,205.85,203.55,204.9,1419013.0
2020-07-31 14:00:00,NSE:CHOLAFIN,204.9,205.8,200.5,202.4,2253387.0
2020-07-31 15:00:00,NSE:CHOLAFIN,202.35,203.4,201.5,202.5,1402676.0
2020-08-03 09:00:00,NSE:CHOLAFIN,200.95,206.5,197.5,201.15,3461613.0
2020-08-03 10:00:00,NSE:CHOLAFIN,201.05,203.8,200.25,201.4,1350991.0
2020-08-03 11:00:00,NSE:CHOLAFIN,201.2,202.65,199.35,201.7,1238019.0
2020-08-03 12:00:00,NSE:CHOLAFIN,201.55,203.7,200.0,200.1,1219108.0
2020-08-03 13:00:00,NSE:CHOLAFIN,200.1,201.8,200.0,200.55,716126.0
2020-08-03 14:00:00,NSE:CHOLAFIN,200.65,201.85,199.55,200.85,942546.0
2020-08-03 15:00:00,NSE:CHOLAFIN,201.0,201.8,200.45,201.0,948543.0
2020-08-04 09:00:00,NSE:CHOLAFIN,203.0,205.6,198.7,201.75,2046742.0
2020-08-04 10:00:00,NSE:CHOLAFIN,201.7,204.3,200.25,203.8,1493306.0
2020-08-04 11:00:00,NSE:CHOLAFIN,203.6,204.85,203.05,203.8,1033511.0
2020-08-04 12:00:00,NSE:CHOLAFIN,203.8,204.1,201.2,201.6,726964.0
2020-08-04 13:00:00,NSE:CHOLAFIN,201.6,202.65,201.3,201.65,510735.0
2020-08-04 14:00:00,NSE:CHOLAFIN,201.65,201.85,200.1,200.55,913630.0
2020-08-04 15:00:00,NSE:CHOLAFIN,200.55,201.0,200.15,200.55,733034.0
2020-08-05 09:00:00,NSE:CHOLAFIN,202.4,206.35,202.05,204.95,1690808.0
2020-08-05 10:00:00,NSE:CHOLAFIN,204.7,207.35,202.85,206.1,2144415.0
2020-08-05 11:00:00,NSE:CHOLAFIN,206.05,206.5,203.5,203.8,1028312.0
2020-08-05 12:00:00,NSE:CHOLAFIN,203.8,206.0,203.55,205.55,885553.0
2020-08-05 13:00:00,NSE:CHOLAFIN,205.55,206.1,203.5,204.75,663098.0
2020-08-05 14:00:00,NSE:CHOLAFIN,204.65,205.4,203.7,204.5,520434.0
2020-08-05 15:00:00,NSE:CHOLAFIN,204.4,204.7,204.1,204.4,491636.0
2020-08-06 09:00:00,NSE:CHOLAFIN,206.0,206.5,203.0,203.4,1026300.0
2020-08-06 10:00:00,NSE:CHOLAFIN,203.4,205.45,202.5,203.55,863035.0
2020-08-06 11:00:00,NSE:CHOLAFIN,203.55,204.05,202.05,203.6,852653.0
2020-08-06 12:00:00,NSE:CHOLAFIN,203.6,206.5,202.05,205.7,1588041.0
2020-08-06 13:00:00,NSE:CHOLAFIN,205.7,208.3,205.3,206.25,2232359.0
2020-08-06 14:00:00,NSE:CHOLAFIN,206.1,206.6,204.3,205.45,1049511.0
2020-08-06 15:00:00,NSE:CHOLAFIN,205.45,206.25,204.85,205.65,522374.0
2020-08-07 09:00:00,NSE:CHOLAFIN,205.5,209.2,202.6,206.85,1653795.0
2020-08-07 10:00:00,NSE:CHOLAFIN,207.0,207.3,204.7,204.8,930255.0
2020-08-07 11:00:00,NSE:CHOLAFIN,204.75,209.0,204.7,207.6,1549494.0
2020-08-07 12:00:00,NSE:CHOLAFIN,207.6,207.9,205.9,206.8,565056.0
2020-08-07 13:00:00,NSE:CHOLAFIN,206.65,207.05,205.5,206.35,458023.0
2020-08-07 14:00:00,NSE:CHOLAFIN,206.35,209.65,206.35,208.05,1365970.0
2020-08-07 15:00:00,NSE:CHOLAFIN,208.2,209.7,207.5,208.75,852640.0
2020-08-10 09:00:00,NSE:CHOLAFIN,210.9,213.4,208.1,209.2,1724599.0
2020-08-10 10:00:00,NSE:CHOLAFIN,209.4,210.2,207.7,207.75,675651.0
2020-08-10 11:00:00,NSE:CHOLAFIN,207.9,209.45,207.5,209.15,751995.0
2020-08-10 12:00:00,NSE:CHOLAFIN,209.05,209.8,208.85,209.1,452160.0
2020-08-10 13:00:00,NSE:CHOLAFIN,209.1,211.0,209.0,209.8,694147.0
2020-08-10 14:00:00,NSE:CHOLAFIN,209.55,210.75,209.0,209.7,1036444.0
2020-08-10 15:00:00,NSE:CHOLAFIN,209.6,210.0,208.75,209.55,742427.0
2020-08-11 09:00:00,NSE:CHOLAFIN,209.6,212.05,209.6,210.8,1031136.0
2020-08-11 10:00:00,NSE:CHOLAFIN,210.8,210.8,208.65,208.8,677758.0
2020-08-11 11:00:00,NSE:CHOLAFIN,208.7,209.1,207.35,208.95,423281.0
2020-08-11 12:00:00,NSE:CHOLAFIN,208.9,209.8,208.2,209.0,351643.0
2020-08-11 13:00:00,NSE:CHOLAFIN,208.9,210.45,208.65,208.95,417065.0
2020-08-11 14:00:00,NSE:CHOLAFIN,209.0,210.45,208.0,208.0,713977.0
2020-08-11 15:00:00,NSE:CHOLAFIN,208.0,208.05,206.4,207.15,641264.0
2020-08-12 09:00:00,NSE:CHOLAFIN,207.0,207.0,202.15,206.25,1083652.0
2020-08-12 10:00:00,NSE:CHOLAFIN,206.45,208.65,205.55,207.4,669470.0
2020-08-12 11:00:00,NSE:CHOLAFIN,207.55,211.5,207.55,209.55,1564990.0
2020-08-12 12:00:00,NSE:CHOLAFIN,209.55,210.6,209.2,210.2,377902.0
2020-08-12 13:00:00,NSE:CHOLAFIN,210.15,211.25,209.1,209.4,567665.0
2020-08-12 14:00:00,NSE:CHOLAFIN,209.45,209.85,208.6,209.0,425839.0
2020-08-12 15:00:00,NSE:CHOLAFIN,209.05,210.65,208.5,209.4,945769.0
2020-08-13 09:00:00,NSE:CHOLAFIN,211.0,212.7,210.2,211.05,1050575.0
2020-08-13 10:00:00,NSE:CHOLAFIN,211.05,211.3,210.1,210.8,434126.0
2020-08-13 11:00:00,NSE:CHOLAFIN,210.85,215.35,210.7,214.1,1883868.0
2020-08-13 12:00:00,NSE:CHOLAFIN,214.2,219.7,213.7,219.4,2570140.0
2020-08-13 13:00:00,NSE:CHOLAFIN,219.5,222.35,218.25,219.75,2628285.0
2020-08-13 14:00:00,NSE:CHOLAFIN,219.7,223.85,219.0,223.2,2485692.0
2020-08-13 15:00:00,NSE:CHOLAFIN,223.1,227.3,222.65,225.15,2722909.0
2020-08-14 09:00:00,NSE:CHOLAFIN,226.35,229.45,222.5,225.85,2185104.0
2020-08-14 10:00:00,NSE:CHOLAFIN,225.75,228.95,224.5,228.2,1595682.0
2020-08-14 11:00:00,NSE:CHOLAFIN,228.2,231.0,225.3,225.55,2527521.0
2020-08-14 12:00:00,NSE:CHOLAFIN,225.7,228.5,223.65,226.15,2073867.0
2020-08-14 13:00:00,NSE:CHOLAFIN,226.2,226.6,218.45,221.0,1678496.0
2020-08-14 14:00:00,NSE:CHOLAFIN,221.25,221.85,217.35,219.3,1196441.0
2020-08-14 15:00:00,NSE:CHOLAFIN,219.35,220.1,216.2,218.1,1027131.0
2020-08-17 09:00:00,NSE:CHOLAFIN,221.0,222.4,216.7,218.3,1010405.0
2020-08-17 10:00:00,NSE:CHOLAFIN,218.3,219.45,217.0,217.4,376021.0
2020-08-17 11:00:00,NSE:CHOLAFIN,217.25,219.5,215.0,215.25,1198116.0
2020-08-17 12:00:00,NSE:CHOLAFIN,215.15,215.6,212.8,213.9,1110599.0
2020-08-17 13:00:00,NSE:CHOLAFIN,214.0,214.7,212.6,213.6,527915.0
2020-08-17 14:00:00,NSE:CHOLAFIN,213.6,213.75,210.35,211.4,1039447.0
2020-08-17 15:00:00,NSE:CHOLAFIN,211.35,213.2,211.05,212.3,847896.0
2020-08-18 09:00:00,NSE:CHOLAFIN,213.5,216.0,212.15,212.6,1953907.0
2020-08-18 10:00:00,NSE:CHOLAFIN,212.6,218.7,212.1,218.2,1466180.0
2020-08-18 11:00:00,NSE:CHOLAFIN,218.2,219.4,216.5,218.25,1471865.0
2020-08-18 12:00:00,NSE:CHOLAFIN,218.3,220.75,217.2,220.45,1120065.0
2020-08-18 13:00:00,NSE:CHOLAFIN,220.6,227.0,220.25,226.75,2700749.0
2020-08-18 14:00:00,NSE:CHOLAFIN,226.75,232.7,225.7,231.7,4767624.0
2020-08-18 15:00:00,NSE:CHOLAFIN,231.85,233.0,230.6,231.8,2267808.0
2020-08-19 09:00:00,NSE:CHOLAFIN,231.8,234.55,228.5,231.3,3974356.0
2020-08-19 10:00:00,NSE:CHOLAFIN,231.35,233.6,230.6,230.6,1216030.0
2020-08-19 11:00:00,NSE:CHOLAFIN,230.6,230.9,228.05,229.15,1437861.0
2020-08-19 12:00:00,NSE:CHOLAFIN,229.15,229.15,226.55,227.85,836835.0
2020-08-19 13:00:00,NSE:CHOLAFIN,227.7,228.8,226.0,227.4,789130.0
2020-08-19 14:00:00,NSE:CHOLAFIN,227.45,228.45,225.75,226.8,857288.0
2020-08-19 15:00:00,NSE:CHOLAFIN,226.8,227.6,225.5,226.65,757092.0
2020-08-20 09:00:00,NSE:CHOLAFIN,223.9,227.0,220.4,225.6,1002814.0
2020-08-20 10:00:00,NSE:CHOLAFIN,225.6,229.55,223.4,228.65,1019661.0
2020-08-20 11:00:00,NSE:CHOLAFIN,228.65,233.2,226.65,233.0,1124793.0
2020-08-20 12:00:00,NSE:CHOLAFIN,233.1,234.4,229.5,230.2,1896603.0
2020-08-20 13:00:00,NSE:CHOLAFIN,230.15,230.9,226.7,228.05,940387.0
2020-08-20 14:00:00,NSE:CHOLAFIN,228.05,229.35,225.8,226.75,767658.0
2020-08-20 15:00:00,NSE:CHOLAFIN,226.85,227.45,225.6,226.7,532871.0
2020-08-21 09:00:00,NSE:CHOLAFIN,229.8,230.5,227.05,227.8,877160.0
2020-08-21 10:00:00,NSE:CHOLAFIN,227.8,227.95,224.5,225.95,772251.0
2020-08-21 11:00:00,NSE:CHOLAFIN,226.0,226.05,223.6,224.3,777736.0
2020-08-21 12:00:00,NSE:CHOLAFIN,224.3,225.35,223.2,224.7,2124128.0
2020-08-21 13:00:00,NSE:CHOLAFIN,224.7,229.4,224.7,229.15,1176732.0
2020-08-21 14:00:00,NSE:CHOLAFIN,229.25,231.0,227.05,227.9,2052155.0
2020-08-21 15:00:00,NSE:CHOLAFIN,227.9,228.1,226.75,227.35,822926.0
2020-08-24 09:00:00,NSE:CHOLAFIN,229.9,231.3,227.35,230.85,1744381.0
2020-08-24 10:00:00,NSE:CHOLAFIN,230.95,231.2,229.35,230.2,1118410.0
2020-08-24 11:00:00,NSE:CHOLAFIN,230.2,232.9,229.9,232.2,1783136.0
2020-08-24 12:00:00,NSE:CHOLAFIN,232.15,233.0,231.0,232.0,675186.0
2020-08-24 13:00:00,NSE:CHOLAFIN,232.0,232.4,229.95,231.8,1259702.0
2020-08-24 14:00:00,NSE:CHOLAFIN,231.85,232.9,231.5,231.85,646399.0
2020-08-24 15:00:00,NSE:CHOLAFIN,231.85,232.5,230.75,231.75,857082.0
2020-08-25 09:00:00,NSE:CHOLAFIN,233.95,243.0,232.75,238.5,4920641.0
2020-08-25 10:00:00,NSE:CHOLAFIN,238.5,242.5,237.55,238.7,3147445.0
2020-08-25 11:00:00,NSE:CHOLAFIN,238.65,241.0,238.55,240.5,930187.0
2020-08-25 12:00:00,NSE:CHOLAFIN,240.4,241.75,240.0,241.05,826995.0
2020-08-25 13:00:00,NSE:CHOLAFIN,241.05,243.65,240.95,241.5,1811833.0
2020-08-25 14:00:00,NSE:CHOLAFIN,241.7,243.5,240.0,242.45,1741051.0
2020-08-25 15:00:00,NSE:CHOLAFIN,242.5,243.5,241.5,242.15,1555640.0
2020-08-26 09:00:00,NSE:CHOLAFIN,243.4,248.2,242.7,244.45,3134087.0
2020-08-26 10:00:00,NSE:CHOLAFIN,244.3,245.4,242.15,242.85,1264825.0
2020-08-26 11:00:00,NSE:CHOLAFIN,242.7,246.4,242.7,245.0,1005013.0
2020-08-26 12:00:00,NSE:CHOLAFIN,245.0,245.25,243.4,244.05,700657.0
2020-08-26 13:00:00,NSE:CHOLAFIN,244.2,244.35,242.6,244.05,557084.0
2020-08-26 14:00:00,NSE:CHOLAFIN,244.1,244.9,243.75,244.5,513388.0
2020-08-26 15:00:00,NSE:CHOLAFIN,244.5,246.3,244.15,245.3,808037.0
2020-08-27 09:00:00,NSE:CHOLAFIN,246.0,247.15,243.4,244.85,858857.0
2020-08-27 10:00:00,NSE:CHOLAFIN,244.85,245.1,243.7,244.1,365018.0
2020-08-27 11:00:00,NSE:CHOLAFIN,244.1,245.15,243.5,243.9,449655.0
2020-08-27 12:00:00,NSE:CHOLAFIN,243.9,244.35,241.9,242.95,728675.0
2020-08-27 13:00:00,NSE:CHOLAFIN,242.95,243.1,241.1,242.8,444720.0
2020-08-27 14:00:00,NSE:CHOLAFIN,242.7,243.0,241.5,241.9,303041.0
2020-08-27 15:00:00,NSE:CHOLAFIN,241.95,242.2,239.05,240.9,542342.0
2020-08-28 09:00:00,NSE:CHOLAFIN,240.85,247.0,240.35,245.5,972753.0
2020-08-28 10:00:00,NSE:CHOLAFIN,245.6,251.5,245.05,245.6,1617940.0
2020-08-28 11:00:00,NSE:CHOLAFIN,245.8,255.25,245.6,252.9,4962181.0
2020-08-28 12:00:00,NSE:CHOLAFIN,252.9,259.0,250.4,257.85,2447868.0
2020-08-28 13:00:00,NSE:CHOLAFIN,257.75,257.8,250.65,253.7,4664788.0
2020-08-28 14:00:00,NSE:CHOLAFIN,253.75,254.25,249.4,250.7,1923317.0
2020-08-28 15:00:00,NSE:CHOLAFIN,250.7,250.7,248.5,249.75,1191802.0
2020-08-31 09:00:00,NSE:CHOLAFIN,252.0,255.6,247.5,248.7,1981743.0
2020-08-31 10:00:00,NSE:CHOLAFIN,248.7,248.7,244.5,246.3,1153952.0
2020-08-31 11:00:00,NSE:CHOLAFIN,246.3,246.6,239.0,239.5,1581643.0
2020-08-31 12:00:00,NSE:CHOLAFIN,239.45,242.2,237.75,239.1,702957.0
2020-08-31 13:00:00,NSE:CHOLAFIN,238.95,238.95,235.8,237.9,1480996.0
2020-08-31 14:00:00,NSE:CHOLAFIN,237.75,238.45,230.75,231.55,905670.0
2020-08-31 15:00:00,NSE:CHOLAFIN,231.55,234.1,230.95,232.2,1271604.0
2020-09-01 09:00:00,NSE:CHOLAFIN,233.0,240.55,230.25,234.5,2107518.0
2020-09-01 10:00:00,NSE:CHOLAFIN,234.25,236.55,228.85,232.5,1336229.0
2020-09-01 11:00:00,NSE:CHOLAFIN,232.45,238.05,231.7,236.35,1112828.0
2020-09-01 12:00:00,NSE:CHOLAFIN,236.0,241.7,234.75,239.2,835359.0
2020-09-01 13:00:00,NSE:CHOLAFIN,239.2,241.25,237.9,239.25,644050.0
2020-09-01 14:00:00,NSE:CHOLAFIN,239.3,242.45,237.4,241.15,628148.0
2020-09-01 15:00:00,NSE:CHOLAFIN,241.3,242.9,240.3,241.45,667715.0
2020-09-02 09:00:00,NSE:CHOLAFIN,242.85,244.0,238.25,240.45,835870.0
2020-09-02 10:00:00,NSE:CHOLAFIN,240.3,240.85,237.6,239.3,420308.0
2020-09-02 11:00:00,NSE:CHOLAFIN,239.35,241.3,238.5,240.0,306112.0
2020-09-02 12:00:00,NSE:CHOLAFIN,240.0,240.2,236.15,237.4,367852.0
2020-09-02 13:00:00,NSE:CHOLAFIN,237.45,239.4,237.3,238.5,179525.0
2020-09-02 14:00:00,NSE:CHOLAFIN,238.5,242.85,238.4,242.8,500317.0
2020-09-02 15:00:00,NSE:CHOLAFIN,242.9,244.0,241.55,242.7,291154.0
2020-09-03 09:00:00,NSE:CHOLAFIN,243.1,244.8,240.75,242.25,568131.0
2020-09-03 10:00:00,NSE:CHOLAFIN,242.1,249.75,242.1,245.0,1050622.0
2020-09-03 11:00:00,NSE:CHOLAFIN,245.0,245.8,243.5,244.0,390358.0
2020-09-03 12:00:00,NSE:CHOLAFIN,243.85,246.65,243.5,245.65,366237.0
2020-09-03 13:00:00,NSE:CHOLAFIN,245.65,246.5,244.2,246.25,317866.0
2020-09-03 14:00:00,NSE:CHOLAFIN,246.05,247.0,243.7,243.8,453439.0
2020-09-03 15:00:00,NSE:CHOLAFIN,243.85,245.45,242.0,244.1,430767.0
2020-09-04 09:00:00,NSE:CHOLAFIN,236.05,238.15,232.8,237.4,1330410.0
2020-09-04 10:00:00,NSE:CHOLAFIN,237.35,238.25,234.85,235.65,993235.0
2020-09-04 11:00:00,NSE:CHOLAFIN,235.65,238.8,235.3,237.1,811376.0
2020-09-04 12:00:00,NSE:CHOLAFIN,237.1,239.45,237.0,238.0,521554.0
2020-09-04 13:00:00,NSE:CHOLAFIN,238.1,238.8,237.2,238.05,475794.0
2020-09-04 14:00:00,NSE:CHOLAFIN,238.05,238.5,233.2,234.25,870897.0
2020-09-04 15:00:00,NSE:CHOLAFIN,234.25,235.45,232.2,234.05,675110.0
2020-09-07 09:00:00,NSE:CHOLAFIN,236.1,238.2,229.45,232.9,1538350.0
2020-09-07 10:00:00,NSE:CHOLAFIN,232.75,233.9,231.6,232.1,396326.0
2020-09-07 11:00:00,NSE:CHOLAFIN,232.15,232.9,230.25,230.6,320535.0
2020-09-07 12:00:00,NSE:CHOLAFIN,230.6,230.8,228.2,229.2,676644.0
2020-09-07 13:00:00,NSE:CHOLAFIN,229.1,230.55,226.3,227.3,816751.0
2020-09-07 14:00:00,NSE:CHOLAFIN,227.3,227.8,222.4,223.4,1638255.0
2020-09-07 15:00:00,NSE:CHOLAFIN,223.5,228.35,223.5,226.45,937919.0
2020-09-08 09:00:00,NSE:CHOLAFIN,227.95,229.9,225.8,227.2,867532.0
2020-09-08 10:00:00,NSE:CHOLAFIN,227.45,230.0,226.8,228.4,824899.0
2020-09-08 11:00:00,NSE:CHOLAFIN,228.4,228.5,226.6,227.05,355089.0
2020-09-08 12:00:00,NSE:CHOLAFIN,227.05,228.2,226.4,226.8,355634.0
2020-09-08 13:00:00,NSE:CHOLAFIN,226.7,227.7,224.75,226.25,315787.0
2020-09-08 14:00:00,NSE:CHOLAFIN,226.2,226.3,221.15,222.2,552305.0
2020-09-08 15:00:00,NSE:CHOLAFIN,222.2,223.25,220.8,222.15,602666.0
2020-09-09 09:00:00,NSE:CHOLAFIN,220.5,223.55,218.65,218.8,1289013.0
2020-09-09 10:00:00,NSE:CHOLAFIN,219.0,220.45,217.0,219.5,718328.0
2020-09-09 11:00:00,NSE:CHOLAFIN,219.55,219.55,216.5,216.7,310028.0
2020-09-09 12:00:00,NSE:CHOLAFIN,216.8,218.5,215.6,216.65,371156.0
2020-09-09 13:00:00,NSE:CHOLAFIN,216.7,221.2,216.0,218.95,616916.0
2020-09-09 14:00:00,NSE:CHOLAFIN,219.0,220.3,216.55,219.5,483715.0
2020-09-09 15:00:00,NSE:CHOLAFIN,219.5,222.55,217.75,220.55,550164.0
2020-09-10 09:00:00,NSE:CHOLAFIN,222.0,225.6,221.6,223.5,811185.0
2020-09-10 10:00:00,NSE:CHOLAFIN,223.5,225.0,222.1,224.65,419369.0
2020-09-10 11:00:00,NSE:CHOLAFIN,224.65,225.85,223.45,224.6,423898.0
2020-09-10 12:00:00,NSE:CHOLAFIN,224.5,224.55,220.4,220.5,554434.0
2020-09-10 13:00:00,NSE:CHOLAFIN,220.7,221.0,217.05,218.05,472471.0
2020-09-10 14:00:00,NSE:CHOLAFIN,218.25,220.2,217.55,219.65,231635.0
2020-09-10 15:00:00,NSE:CHOLAFIN,219.7,223.5,219.7,221.25,407418.0
2020-09-11 09:00:00,NSE:CHOLAFIN,222.6,225.0,221.35,223.1,700281.0
2020-09-11 10:00:00,NSE:CHOLAFIN,223.3,226.45,222.5,225.45,899452.0
2020-09-11 11:00:00,NSE:CHOLAFIN,225.45,225.5,223.05,224.15,283239.0
2020-09-11 12:00:00,NSE:CHOLAFIN,224.1,225.0,223.9,224.4,259567.0
2020-09-11 13:00:00,NSE:CHOLAFIN,224.35,224.35,222.5,223.95,314710.0
2020-09-11 14:00:00,NSE:CHOLAFIN,223.9,224.6,223.25,224.4,323888.0
2020-09-11 15:00:00,NSE:CHOLAFIN,224.4,225.0,223.7,224.45,821391.0
2020-09-14 09:00:00,NSE:CHOLAFIN,230.0,232.9,226.5,231.7,2090825.0
2020-09-14 10:00:00,NSE:CHOLAFIN,231.7,233.55,229.45,231.8,2878255.0
2020-09-14 11:00:00,NSE:CHOLAFIN,231.8,233.3,231.3,232.5,1051235.0
2020-09-14 12:00:00,NSE:CHOLAFIN,232.4,236.2,231.7,235.9,1843482.0
2020-09-14 13:00:00,NSE:CHOLAFIN,235.85,236.1,233.3,234.3,943798.0
2020-09-14 14:00:00,NSE:CHOLAFIN,234.3,234.8,231.75,233.0,737885.0
2020-09-14 15:00:00,NSE:CHOLAFIN,232.95,233.5,231.1,232.1,756024.0
2020-09-15 09:00:00,NSE:CHOLAFIN,234.5,235.2,231.25,232.75,752010.0
2020-09-15 10:00:00,NSE:CHOLAFIN,232.75,233.35,231.15,232.6,512757.0
2020-09-15 11:00:00,NSE:CHOLAFIN,232.7,234.4,231.0,233.55,1728351.0
2020-09-15 12:00:00,NSE:CHOLAFIN,233.5,233.6,230.35,230.7,326557.0
2020-09-15 13:00:00,NSE:CHOLAFIN,230.7,231.9,229.75,230.9,279850.0
2020-09-15 14:00:00,NSE:CHOLAFIN,230.85,232.35,230.6,232.15,556039.0
2020-09-15 15:00:00,NSE:CHOLAFIN,232.35,233.45,232.05,232.9,616278.0
2020-09-16 09:00:00,NSE:CHOLAFIN,234.7,238.5,232.7,237.25,1426428.0
2020-09-16 10:00:00,NSE:CHOLAFIN,237.35,237.95,235.55,236.2,4219321.0
2020-09-16 11:00:00,NSE:CHOLAFIN,236.2,236.4,234.1,235.3,1689199.0
2020-09-16 12:00:00,NSE:CHOLAFIN,235.45,236.9,235.45,236.6,427585.0
2020-09-16 13:00:00,NSE:CHOLAFIN,236.65,238.0,236.0,237.3,435070.0
2020-09-16 14:00:00,NSE:CHOLAFIN,237.35,239.0,236.7,237.85,514654.0
2020-09-16 15:00:00,NSE:CHOLAFIN,237.9,239.4,237.5,238.6,714759.0
2020-09-17 09:00:00,NSE:CHOLAFIN,239.5,242.25,237.1,240.25,2365536.0
2020-09-17 10:00:00,NSE:CHOLAFIN,240.5,241.5,238.95,240.95,1088294.0
2020-09-17 11:00:00,NSE:CHOLAFIN,240.95,243.4,240.95,241.45,1165485.0
2020-09-17 12:00:00,NSE:CHOLAFIN,241.5,242.4,241.0,241.8,526144.0
2020-09-17 13:00:00,NSE:CHOLAFIN,241.65,241.9,240.65,240.95,552112.0
2020-09-17 14:00:00,NSE:CHOLAFIN,240.95,241.2,239.1,239.95,631266.0
2020-09-17 15:00:00,NSE:CHOLAFIN,239.9,240.1,238.45,239.55,713000.0
2020-09-18 09:00:00,NSE:CHOLAFIN,240.95,242.45,238.5,240.95,1048332.0
2020-09-18 10:00:00,NSE:CHOLAFIN,240.95,241.35,239.3,240.65,499483.0
2020-09-18 11:00:00,NSE:CHOLAFIN,240.7,240.75,239.35,240.05,233008.0
2020-09-18 12:00:00,NSE:CHOLAFIN,240.05,240.85,239.65,240.0,268228.0
2020-09-18 13:00:00,NSE:CHOLAFIN,240.0,240.4,239.0,239.9,309249.0
2020-09-18 14:00:00,NSE:CHOLAFIN,239.9,240.45,237.25,239.25,608919.0
2020-09-18 15:00:00,NSE:CHOLAFIN,239.35,243.95,238.2,240.65,2361848.0
2020-09-21 09:00:00,NSE:CHOLAFIN,242.9,242.9,237.45,238.0,667433.0
2020-09-21 10:00:00,NSE:CHOLAFIN,238.0,240.2,236.6,238.1,551402.0
2020-09-21 11:00:00,NSE:CHOLAFIN,237.8,238.95,237.45,238.4,151935.0
2020-09-21 12:00:00,NSE:CHOLAFIN,238.3,238.6,236.55,236.7,231547.0
2020-09-21 13:00:00,NSE:CHOLAFIN,236.65,237.15,232.05,233.05,655987.0
2020-09-21 14:00:00,NSE:CHOLAFIN,233.0,233.95,230.45,232.6,1011820.0
2020-09-21 15:00:00,NSE:CHOLAFIN,232.6,233.5,228.25,231.25,857975.0
2020-09-22 09:00:00,NSE:CHOLAFIN,231.25,234.75,220.75,225.0,1516727.0
2020-09-22 10:00:00,NSE:CHOLAFIN,225.0,232.4,224.95,229.6,876539.0
2020-09-22 11:00:00,NSE:CHOLAFIN,229.5,232.8,228.6,231.9,430580.0
2020-09-22 12:00:00,NSE:CHOLAFIN,231.9,233.6,230.15,233.05,443322.0
2020-09-22 13:00:00,NSE:CHOLAFIN,233.2,234.35,229.95,231.1,503802.0
2020-09-22 14:00:00,NSE:CHOLAFIN,230.65,231.45,228.2,229.25,441071.0
2020-09-22 15:00:00,NSE:CHOLAFIN,229.25,233.35,228.65,232.55,409698.0
2020-09-23 09:00:00,NSE:CHOLAFIN,234.9,234.9,229.15,231.75,915821.0
2020-09-23 10:00:00,NSE:CHOLAFIN,231.7,236.5,231.35,235.7,803219.0
2020-09-23 11:00:00,NSE:CHOLAFIN,235.7,236.35,231.85,232.0,719333.0
2020-09-23 12:00:00,NSE:CHOLAFIN,232.0,232.0,226.6,229.35,973846.0
2020-09-23 13:00:00,NSE:CHOLAFIN,229.45,231.85,226.5,228.0,674047.0
2020-09-23 14:00:00,NSE:CHOLAFIN,228.0,230.0,226.75,229.7,424705.0
2020-09-23 15:00:00,NSE:CHOLAFIN,229.75,231.0,228.6,229.95,368753.0
2020-09-24 09:00:00,NSE:CHOLAFIN,228.0,228.7,224.25,225.65,878525.0
2020-09-24 10:00:00,NSE:CHOLAFIN,225.65,226.6,221.95,225.7,926799.0
2020-09-24 11:00:00,NSE:CHOLAFIN,225.45,227.75,224.3,227.1,1728606.0
2020-09-24 12:00:00,NSE:CHOLAFIN,227.0,234.9,225.85,234.55,1308105.0
2020-09-24 13:00:00,NSE:CHOLAFIN,234.55,239.2,233.8,235.0,2217076.0
2020-09-24 14:00:00,NSE:CHOLAFIN,235.0,237.15,228.05,229.75,1834417.0
2020-09-24 15:00:00,NSE:CHOLAFIN,229.8,231.3,227.65,229.8,769740.0
2020-09-25 09:00:00,NSE:CHOLAFIN,232.05,233.65,227.35,232.6,1451833.0
2020-09-25 10:00:00,NSE:CHOLAFIN,232.6,232.9,228.0,232.35,673915.0
2020-09-25 11:00:00,NSE:CHOLAFIN,232.05,237.65,232.05,235.7,1071930.0
2020-09-25 12:00:00,NSE:CHOLAFIN,235.6,239.4,235.25,237.8,649122.0
2020-09-25 13:00:00,NSE:CHOLAFIN,237.35,238.5,235.35,236.15,458402.0
2020-09-25 14:00:00,NSE:CHOLAFIN,236.15,240.0,235.85,238.7,561178.0
2020-09-25 15:00:00,NSE:CHOLAFIN,238.55,239.75,237.0,238.7,460530.0
2020-09-28 09:00:00,NSE:CHOLAFIN,240.5,247.45,238.0,245.4,1670966.0
2020-09-28 10:00:00,NSE:CHOLAFIN,245.25,245.4,240.05,244.5,1177562.0
2020-09-28 11:00:00,NSE:CHOLAFIN,244.5,246.5,241.9,242.25,624703.0
2020-09-28 12:00:00,NSE:CHOLAFIN,242.25,245.65,241.8,245.2,402339.0
2020-09-28 13:00:00,NSE:CHOLAFIN,245.35,247.5,244.15,246.95,750223.0
2020-09-28 14:00:00,NSE:CHOLAFIN,246.95,249.85,246.45,248.3,1198630.0
2020-09-28 15:00:00,NSE:CHOLAFIN,248.2,249.8,247.8,248.85,591337.0
2020-09-29 09:00:00,NSE:CHOLAFIN,249.6,252.5,247.15,249.9,1351733.0
2020-09-29 10:00:00,NSE:CHOLAFIN,249.75,254.1,247.7,247.95,1224170.0
2020-09-29 11:00:00,NSE:CHOLAFIN,248.15,250.4,246.3,250.3,744963.0
2020-09-29 12:00:00,NSE:CHOLAFIN,250.15,251.35,248.05,250.0,373535.0
2020-09-29 13:00:00,NSE:CHOLAFIN,250.0,252.25,248.75,251.3,509910.0
2020-09-29 14:00:00,NSE:CHOLAFIN,251.3,252.8,250.05,250.5,496420.0
2020-09-29 15:00:00,NSE:CHOLAFIN,250.7,253.0,250.15,251.8,654103.0
2020-09-30 09:00:00,NSE:CHOLAFIN,252.0,256.55,249.05,252.1,1646138.0
2020-09-30 10:00:00,NSE:CHOLAFIN,252.3,253.4,250.1,251.3,788240.0
2020-09-30 11:00:00,NSE:CHOLAFIN,251.35,251.7,249.1,251.05,676134.0
2020-09-30 12:00:00,NSE:CHOLAFIN,251.05,253.35,250.85,251.9,541576.0
2020-09-30 13:00:00,NSE:CHOLAFIN,251.9,252.45,249.75,251.3,456280.0
2020-09-30 14:00:00,NSE:CHOLAFIN,251.3,252.5,250.35,250.8,357566.0
2020-09-30 15:00:00,NSE:CHOLAFIN,250.8,251.35,247.7,249.15,511570.0
2020-10-01 09:00:00,NSE:CHOLAFIN,250.3,259.0,249.95,256.9,1977581.0
2020-10-01 10:00:00,NSE:CHOLAFIN,256.9,259.35,255.3,255.7,1187964.0
2020-10-01 11:00:00,NSE:CHOLAFIN,255.7,257.55,255.4,257.0,454572.0
2020-10-01 12:00:00,NSE:CHOLAFIN,257.05,259.3,256.0,258.7,808615.0
2020-10-01 13:00:00,NSE:CHOLAFIN,258.7,259.9,256.0,257.9,665509.0
2020-10-01 14:00:00,NSE:CHOLAFIN,257.95,260.0,256.65,257.55,601838.0
2020-10-01 15:00:00,NSE:CHOLAFIN,257.5,258.35,256.25,257.5,562274.0
2020-10-05 09:00:00,NSE:CHOLAFIN,259.4,263.6,258.3,259.95,1468166.0
2020-10-05 10:00:00,NSE:CHOLAFIN,259.95,260.1,254.55,255.6,969307.0
2020-10-05 11:00:00,NSE:CHOLAFIN,255.55,257.05,253.4,255.3,663545.0
2020-10-05 12:00:00,NSE:CHOLAFIN,255.05,255.9,253.6,253.9,256202.0
2020-10-05 13:00:00,NSE:CHOLAFIN,253.9,254.5,251.5,253.6,697941.0
2020-10-05 14:00:00,NSE:CHOLAFIN,253.7,254.75,252.55,253.4,453637.0
2020-10-05 15:00:00,NSE:CHOLAFIN,253.45,253.9,250.85,252.4,820320.0
2020-10-06 09:00:00,NSE:CHOLAFIN,255.25,255.65,251.3,251.5,628078.0
2020-10-06 10:00:00,NSE:CHOLAFIN,251.45,252.0,249.5,250.9,924966.0
2020-10-06 11:00:00,NSE:CHOLAFIN,250.8,254.6,250.6,254.1,555957.0
2020-10-06 12:00:00,NSE:CHOLAFIN,254.15,254.4,252.4,253.1,242476.0
2020-10-06 13:00:00,NSE:CHOLAFIN,253.1,259.4,252.8,257.8,1179140.0
2020-10-06 14:00:00,NSE:CHOLAFIN,257.8,262.9,257.5,259.7,1968256.0
2020-10-06 15:00:00,NSE:CHOLAFIN,259.7,265.0,259.25,261.0,1559674.0
2020-10-07 09:00:00,NSE:CHOLAFIN,261.0,261.6,254.3,257.6,1412940.0
2020-10-07 10:00:00,NSE:CHOLAFIN,257.6,258.3,251.35,251.75,1684866.0
2020-10-07 11:00:00,NSE:CHOLAFIN,251.75,253.5,250.55,252.7,591820.0
2020-10-07 12:00:00,NSE:CHOLAFIN,252.7,254.8,252.15,254.75,308694.0
2020-10-07 13:00:00,NSE:CHOLAFIN,254.75,255.5,251.5,252.6,321604.0
2020-10-07 14:00:00,NSE:CHOLAFIN,252.6,254.7,251.85,254.15,524771.0
2020-10-07 15:00:00,NSE:CHOLAFIN,254.15,255.9,253.65,254.35,652607.0
2020-10-08 09:00:00,NSE:CHOLAFIN,255.05,259.45,255.05,258.2,493724.0
2020-10-08 10:00:00,NSE:CHOLAFIN,258.1,258.3,255.65,256.7,599532.0
2020-10-08 11:00:00,NSE:CHOLAFIN,256.65,256.75,252.7,253.0,468285.0
2020-10-08 12:00:00,NSE:CHOLAFIN,253.0,253.5,250.5,252.6,473223.0
2020-10-08 13:00:00,NSE:CHOLAFIN,252.6,254.95,251.2,251.8,501664.0
2020-10-08 14:00:00,NSE:CHOLAFIN,251.65,252.7,248.05,250.8,627045.0
2020-10-08 15:00:00,NSE:CHOLAFIN,250.65,252.75,250.4,251.45,556897.0
2020-10-09 09:00:00,NSE:CHOLAFIN,252.35,255.1,251.0,252.1,555596.0
2020-10-09 10:00:00,NSE:CHOLAFIN,252.15,258.2,251.3,257.1,1327062.0
2020-10-09 11:00:00,NSE:CHOLAFIN,257.1,257.95,255.2,256.6,375324.0
2020-10-09 12:00:00,NSE:CHOLAFIN,256.25,257.65,253.5,254.0,438411.0
2020-10-09 13:00:00,NSE:CHOLAFIN,253.9,255.4,252.8,254.9,393346.0
2020-10-09 14:00:00,NSE:CHOLAFIN,254.75,256.45,252.5,253.35,448299.0
2020-10-09 15:00:00,NSE:CHOLAFIN,254.0,254.75,252.65,253.75,348443.0
2020-10-12 09:00:00,NSE:CHOLAFIN,255.2,257.05,250.3,250.8,946590.0
2020-10-12 10:00:00,NSE:CHOLAFIN,250.85,250.95,246.2,250.15,995021.0
2020-10-12 11:00:00,NSE:CHOLAFIN,250.15,250.2,247.65,248.2,215721.0
2020-10-12 12:00:00,NSE:CHOLAFIN,248.1,249.75,246.8,248.85,275119.0
2020-10-12 13:00:00,NSE:CHOLAFIN,248.75,249.3,247.0,247.85,207714.0
2020-10-12 14:00:00,NSE:CHOLAFIN,247.9,248.85,246.5,247.55,334664.0
2020-10-12 15:00:00,NSE:CHOLAFIN,247.75,250.05,247.55,248.95,497444.0
2020-10-13 09:00:00,NSE:CHOLAFIN,249.85,249.9,244.0,246.15,883414.0
2020-10-13 10:00:00,NSE:CHOLAFIN,246.25,248.7,243.6,244.15,778354.0
2020-10-13 11:00:00,NSE:CHOLAFIN,244.1,247.15,243.6,245.75,378880.0
2020-10-13 12:00:00,NSE:CHOLAFIN,245.7,245.9,241.5,241.9,526831.0
2020-10-13 13:00:00,NSE:CHOLAFIN,241.9,242.0,240.25,241.05,470128.0
2020-10-13 14:00:00,NSE:CHOLAFIN,241.1,242.9,240.6,241.6,415667.0
2020-10-13 15:00:00,NSE:CHOLAFIN,241.75,243.65,241.4,242.65,577976.0
2020-10-14 09:00:00,NSE:CHOLAFIN,243.45,246.65,239.5,244.25,1303619.0
2020-10-14 10:00:00,NSE:CHOLAFIN,244.45,248.25,243.0,245.3,1209121.0
2020-10-14 11:00:00,NSE:CHOLAFIN,245.35,246.45,243.55,246.05,288425.0
2020-10-14 12:00:00,NSE:CHOLAFIN,246.2,247.5,244.5,244.65,338956.0
2020-10-14 13:00:00,NSE:CHOLAFIN,244.65,247.6,243.95,246.7,468751.0
2020-10-14 14:00:00,NSE:CHOLAFIN,246.8,249.1,246.5,248.35,565173.0
2020-10-14 15:00:00,NSE:CHOLAFIN,248.55,251.85,248.5,249.55,676417.0
2020-10-15 09:00:00,NSE:CHOLAFIN,250.95,251.6,245.55,249.0,1204926.0
2020-10-15 10:00:00,NSE:CHOLAFIN,249.0,249.55,243.85,244.85,701663.0
2020-10-15 11:00:00,NSE:CHOLAFIN,244.7,245.9,241.45,242.8,490489.0
2020-10-15 12:00:00,NSE:CHOLAFIN,242.8,243.4,241.6,242.3,351694.0
2020-10-15 13:00:00,NSE:CHOLAFIN,242.3,242.3,238.6,239.9,561881.0
2020-10-15 14:00:00,NSE:CHOLAFIN,239.9,240.25,237.1,238.5,624398.0
2020-10-15 15:00:00,NSE:CHOLAFIN,238.65,239.7,235.3,237.3,822224.0
2020-10-16 09:00:00,NSE:CHOLAFIN,238.95,240.9,233.4,235.1,1232980.0
2020-10-16 10:00:00,NSE:CHOLAFIN,235.05,238.6,234.0,238.6,564950.0
2020-10-16 11:00:00,NSE:CHOLAFIN,238.4,239.15,233.0,234.6,810453.0
2020-10-16 12:00:00,NSE:CHOLAFIN,234.7,236.65,233.2,235.5,621076.0
2020-10-16 13:00:00,NSE:CHOLAFIN,235.6,236.6,234.0,235.55,341626.0
2020-10-16 14:00:00,NSE:CHOLAFIN,235.5,237.8,235.15,237.5,922568.0
2020-10-16 15:00:00,NSE:CHOLAFIN,237.5,238.2,236.4,237.25,824504.0
2020-10-19 09:00:00,NSE:CHOLAFIN,237.85,240.8,236.05,237.55,790151.0
2020-10-19 10:00:00,NSE:CHOLAFIN,237.65,239.7,234.6,234.65,1043909.0
2020-10-19 11:00:00,NSE:CHOLAFIN,234.65,236.2,233.9,235.25,430477.0
2020-10-19 12:00:00,NSE:CHOLAFIN,235.3,239.05,235.25,239.05,607265.0
2020-10-19 13:00:00,NSE:CHOLAFIN,239.25,239.5,235.75,237.0,587545.0
2020-10-19 14:00:00,NSE:CHOLAFIN,237.35,239.5,236.2,238.8,609466.0
2020-10-19 15:00:00,NSE:CHOLAFIN,239.05,240.95,238.85,239.9,583525.0
2020-10-20 09:00:00,NSE:CHOLAFIN,240.0,241.9,236.8,239.05,834063.0
2020-10-20 10:00:00,NSE:CHOLAFIN,239.1,242.15,238.6,241.5,927239.0
2020-10-20 11:00:00,NSE:CHOLAFIN,241.5,242.3,240.2,240.75,406677.0
2020-10-20 12:00:00,NSE:CHOLAFIN,240.8,240.85,238.6,238.85,410075.0
2020-10-20 13:00:00,NSE:CHOLAFIN,238.85,240.25,238.05,239.4,303123.0
2020-10-20 14:00:00,NSE:CHOLAFIN,239.35,240.0,238.45,239.8,266623.0
2020-10-20 15:00:00,NSE:CHOLAFIN,239.75,240.95,239.5,240.2,432347.0
2020-10-21 09:00:00,NSE:CHOLAFIN,236.65,246.45,236.65,245.75,1180255.0
2020-10-21 10:00:00,NSE:CHOLAFIN,245.9,247.15,244.1,246.9,575119.0
2020-10-21 11:00:00,NSE:CHOLAFIN,247.0,247.8,246.05,246.65,421505.0
2020-10-21 12:00:00,NSE:CHOLAFIN,246.6,248.15,246.25,247.8,473184.0
2020-10-21 13:00:00,NSE:CHOLAFIN,247.8,248.15,241.45,243.0,1251543.0
2020-10-21 14:00:00,NSE:CHOLAFIN,243.1,243.5,238.05,242.25,945979.0
2020-10-21 15:00:00,NSE:CHOLAFIN,242.3,243.2,241.8,242.55,352754.0
2020-10-22 09:00:00,NSE:CHOLAFIN,242.55,245.8,242.35,243.95,784434.0
2020-10-22 10:00:00,NSE:CHOLAFIN,243.95,244.25,241.05,242.4,358742.0
2020-10-22 11:00:00,NSE:CHOLAFIN,242.4,243.4,241.7,242.3,151816.0
2020-10-22 12:00:00,NSE:CHOLAFIN,242.3,244.6,242.25,243.25,331132.0
2020-10-22 13:00:00,NSE:CHOLAFIN,243.45,244.9,242.75,244.65,276241.0
2020-10-22 14:00:00,NSE:CHOLAFIN,244.65,245.5,243.35,244.05,377046.0
2020-10-22 15:00:00,NSE:CHOLAFIN,243.9,244.2,242.0,243.1,357986.0
2020-10-23 09:00:00,NSE:CHOLAFIN,243.35,247.25,243.0,246.55,804555.0
2020-10-23 10:00:00,NSE:CHOLAFIN,246.6,248.95,246.0,246.9,1274847.0
2020-10-23 11:00:00,NSE:CHOLAFIN,246.8,250.5,246.7,250.0,716384.0
2020-10-23 12:00:00,NSE:CHOLAFIN,250.35,257.3,249.7,253.75,2971187.0
2020-10-23 13:00:00,NSE:CHOLAFIN,253.9,255.95,253.9,254.7,528909.0
2020-10-23 14:00:00,NSE:CHOLAFIN,254.75,254.9,252.05,252.65,794737.0
2020-10-23 15:00:00,NSE:CHOLAFIN,252.4,252.8,249.55,251.5,830626.0
2020-10-26 09:00:00,NSE:CHOLAFIN,250.55,251.8,246.5,248.65,560395.0
2020-10-26 10:00:00,NSE:CHOLAFIN,248.7,250.0,247.2,247.7,299126.0
2020-10-26 11:00:00,NSE:CHOLAFIN,247.7,247.9,243.5,244.85,561445.0
2020-10-26 12:00:00,NSE:CHOLAFIN,244.8,247.25,244.8,246.2,381794.0
2020-10-26 13:00:00,NSE:CHOLAFIN,246.2,247.8,245.9,246.8,312897.0
2020-10-26 14:00:00,NSE:CHOLAFIN,246.85,248.5,246.25,247.65,422672.0
2020-10-26 15:00:00,NSE:CHOLAFIN,247.9,248.3,245.8,246.9,452343.0
2020-10-27 09:00:00,NSE:CHOLAFIN,245.6,248.45,243.15,246.4,636062.0
2020-10-27 10:00:00,NSE:CHOLAFIN,246.4,249.9,245.8,248.65,698748.0
2020-10-27 11:00:00,NSE:CHOLAFIN,248.6,248.95,247.2,248.0,203061.0
2020-10-27 12:00:00,NSE:CHOLAFIN,248.1,249.0,247.5,248.05,217521.0
2020-10-27 13:00:00,NSE:CHOLAFIN,248.1,250.25,247.1,249.1,374686.0
2020-10-27 14:00:00,NSE:CHOLAFIN,249.15,250.65,248.1,249.45,420018.0
2020-10-27 15:00:00,NSE:CHOLAFIN,249.45,249.65,248.0,248.75,368837.0
2020-10-28 09:00:00,NSE:CHOLAFIN,248.95,250.75,245.3,246.5,628205.0
2020-10-28 10:00:00,NSE:CHOLAFIN,246.5,246.5,242.35,244.2,550031.0
2020-10-28 11:00:00,NSE:CHOLAFIN,244.15,246.45,244.1,246.25,225273.0
2020-10-28 12:00:00,NSE:CHOLAFIN,246.45,247.5,242.6,243.15,414712.0
2020-10-28 13:00:00,NSE:CHOLAFIN,243.3,244.75,241.6,242.15,244195.0
2020-10-28 14:00:00,NSE:CHOLAFIN,241.95,243.5,241.05,242.2,236859.0
2020-10-28 15:00:00,NSE:CHOLAFIN,242.05,243.8,242.05,243.25,269581.0
2020-10-29 09:00:00,NSE:CHOLAFIN,241.5,242.85,234.5,241.95,469776.0
2020-10-29 10:00:00,NSE:CHOLAFIN,242.2,246.15,241.9,243.2,503271.0
2020-10-29 11:00:00,NSE:CHOLAFIN,243.3,244.7,241.9,244.45,192870.0
2020-10-29 12:00:00,NSE:CHOLAFIN,244.45,245.15,243.0,244.0,195103.0
2020-10-29 13:00:00,NSE:CHOLAFIN,244.0,244.4,241.0,242.1,251383.0
2020-10-29 14:00:00,NSE:CHOLAFIN,242.2,250.7,240.5,248.1,1368732.0
2020-10-29 15:00:00,NSE:CHOLAFIN,248.5,251.45,248.25,250.1,815425.0
2020-10-30 09:00:00,NSE:CHOLAFIN,250.05,263.7,248.0,263.4,3384834.0
2020-10-30 10:00:00,NSE:CHOLAFIN,263.45,274.0,263.45,270.4,5901721.0
2020-10-30 11:00:00,NSE:CHOLAFIN,270.25,272.9,266.35,268.8,2633290.0
2020-10-30 12:00:00,NSE:CHOLAFIN,269.0,271.7,266.8,269.9,1421690.0
2020-10-30 13:00:00,NSE:CHOLAFIN,269.95,275.0,269.6,272.5,2937694.0
2020-10-30 14:00:00,NSE:CHOLAFIN,272.55,280.35,270.5,275.4,5858997.0
2020-10-30 15:00:00,NSE:CHOLAFIN,275.4,275.9,270.55,273.25,2092151.0
2020-11-02 09:00:00,NSE:CHOLAFIN,271.0,283.3,268.65,280.5,3717495.0
2020-11-02 10:00:00,NSE:CHOLAFIN,280.5,286.95,279.55,284.2,2579350.0
2020-11-02 11:00:00,NSE:CHOLAFIN,284.2,287.65,283.15,286.0,1149756.0
2020-11-02 12:00:00,NSE:CHOLAFIN,286.0,290.45,285.7,288.65,1491443.0
2020-11-02 13:00:00,NSE:CHOLAFIN,288.65,294.0,287.9,291.3,1620972.0
2020-11-02 14:00:00,NSE:CHOLAFIN,291.3,294.8,291.25,292.15,1372897.0
2020-11-02 15:00:00,NSE:CHOLAFIN,292.15,294.9,291.6,293.05,1447672.0
2020-11-03 09:00:00,NSE:CHOLAFIN,293.05,295.95,289.6,290.35,2204808.0
2020-11-03 10:00:00,NSE:CHOLAFIN,290.1,292.5,287.65,290.9,1284658.0
2020-11-03 11:00:00,NSE:CHOLAFIN,290.85,294.5,289.3,292.3,916781.0
2020-11-03 12:00:00,NSE:CHOLAFIN,292.4,296.65,292.25,295.25,779728.0
2020-11-03 13:00:00,NSE:CHOLAFIN,295.3,296.45,293.6,294.3,542875.0
2020-11-03 14:00:00,NSE:CHOLAFIN,294.15,295.9,293.75,294.15,373722.0
2020-11-03 15:00:00,NSE:CHOLAFIN,294.2,299.7,293.75,296.55,852578.0
2020-11-04 09:00:00,NSE:CHOLAFIN,297.0,297.0,293.2,294.75,899352.0
2020-11-04 10:00:00,NSE:CHOLAFIN,294.7,302.0,292.65,293.65,2205094.0
2020-11-04 11:00:00,NSE:CHOLAFIN,293.5,294.2,291.55,292.7,637603.0
2020-11-04 12:00:00,NSE:CHOLAFIN,292.85,296.25,290.1,295.5,659072.0
2020-11-04 13:00:00,NSE:CHOLAFIN,295.5,295.5,290.9,293.05,514920.0
2020-11-04 14:00:00,NSE:CHOLAFIN,293.05,293.9,291.5,292.9,686655.0
2020-11-04 15:00:00,NSE:CHOLAFIN,293.05,295.0,291.5,293.65,954628.0
2020-11-05 09:00:00,NSE:CHOLAFIN,295.0,295.75,291.3,294.1,891504.0
2020-11-05 10:00:00,NSE:CHOLAFIN,294.15,296.45,292.9,296.1,566368.0
2020-11-05 11:00:00,NSE:CHOLAFIN,296.1,298.5,295.8,297.5,594292.0
2020-11-05 12:00:00,NSE:CHOLAFIN,297.5,299.95,296.5,299.0,543385.0
2020-11-05 13:00:00,NSE:CHOLAFIN,299.25,303.45,298.9,302.25,1008543.0
2020-11-05 14:00:00,NSE:CHOLAFIN,302.3,306.25,302.1,303.75,1508827.0
2020-11-05 15:00:00,NSE:CHOLAFIN,303.7,308.3,303.6,306.05,800993.0
2020-11-06 09:00:00,NSE:CHOLAFIN,305.0,305.0,299.1,300.25,1013954.0
2020-11-06 10:00:00,NSE:CHOLAFIN,300.3,302.0,298.3,299.65,669736.0
2020-11-06 11:00:00,NSE:CHOLAFIN,299.65,302.75,298.2,302.45,602625.0
2020-11-06 12:00:00,NSE:CHOLAFIN,302.3,306.8,301.55,305.0,941079.0
2020-11-06 13:00:00,NSE:CHOLAFIN,305.0,307.5,304.35,306.45,517458.0
2020-11-06 14:00:00,NSE:CHOLAFIN,306.3,306.7,301.55,303.25,803925.0
2020-11-06 15:00:00,NSE:CHOLAFIN,303.25,304.4,302.55,303.6,678557.0
2020-11-09 09:00:00,NSE:CHOLAFIN,306.05,310.0,304.5,308.35,1130014.0
2020-11-09 10:00:00,NSE:CHOLAFIN,308.5,308.5,304.6,305.25,539848.0
2020-11-09 11:00:00,NSE:CHOLAFIN,305.45,305.7,303.1,304.5,444617.0
2020-11-09 12:00:00,NSE:CHOLAFIN,304.6,307.65,304.0,304.6,887240.0
2020-11-09 13:00:00,NSE:CHOLAFIN,304.55,305.25,304.0,304.85,123560.0
2020-11-09 14:00:00,NSE:CHOLAFIN,305.0,306.35,304.5,305.25,397521.0
2020-11-09 15:00:00,NSE:CHOLAFIN,305.3,306.3,304.0,305.4,708552.0
2020-11-10 09:00:00,NSE:CHOLAFIN,308.0,312.0,303.75,310.0,1549981.0
2020-11-10 10:00:00,NSE:CHOLAFIN,309.95,312.8,307.9,312.7,871626.0
2020-11-10 11:00:00,NSE:CHOLAFIN,312.55,322.45,312.45,317.2,1801364.0
2020-11-10 12:00:00,NSE:CHOLAFIN,317.15,319.2,315.7,317.0,924485.0
2020-11-10 13:00:00,NSE:CHOLAFIN,317.0,317.8,314.55,314.85,694259.0
2020-11-10 14:00:00,NSE:CHOLAFIN,314.75,315.25,312.2,313.85,685931.0
2020-11-10 15:00:00,NSE:CHOLAFIN,313.8,314.0,310.75,312.5,723792.0
2020-11-11 09:00:00,NSE:CHOLAFIN,314.9,315.45,307.6,312.45,975715.0
2020-11-11 10:00:00,NSE:CHOLAFIN,312.3,314.2,309.7,309.8,630461.0
2020-11-11 11:00:00,NSE:CHOLAFIN,309.8,310.05,304.0,305.0,1205574.0
2020-11-11 12:00:00,NSE:CHOLAFIN,304.85,307.7,301.1,301.45,921439.0
2020-11-11 13:00:00,NSE:CHOLAFIN,301.35,305.35,299.0,304.5,1178432.0
2020-11-11 14:00:00,NSE:CHOLAFIN,304.7,305.0,301.5,303.2,664051.0
2020-11-11 15:00:00,NSE:CHOLAFIN,303.25,305.0,302.85,304.35,713458.0
2020-11-12 09:00:00,NSE:CHOLAFIN,305.0,312.95,302.25,312.5,1225324.0
2020-11-12 10:00:00,NSE:CHOLAFIN,312.35,313.95,310.0,313.65,1044428.0
2020-11-12 11:00:00,NSE:CHOLAFIN,313.7,319.15,313.1,316.3,1423816.0
2020-11-12 12:00:00,NSE:CHOLAFIN,316.2,317.15,312.75,315.85,876160.0
2020-11-12 13:00:00,NSE:CHOLAFIN,315.8,319.4,312.8,319.1,1147440.0
2020-11-12 14:00:00,NSE:CHOLAFIN,319.15,320.95,316.1,317.95,1559342.0
2020-11-12 15:00:00,NSE:CHOLAFIN,318.0,318.55,314.6,316.5,1389459.0
2020-11-13 09:00:00,NSE:CHOLAFIN,313.95,316.35,311.15,312.05,1152355.0
2020-11-13 10:00:00,NSE:CHOLAFIN,311.85,316.2,311.1,315.2,917470.0
2020-11-13 11:00:00,NSE:CHOLAFIN,315.2,316.0,314.4,314.95,259922.0
2020-11-13 12:00:00,NSE:CHOLAFIN,315.0,315.0,309.3,309.85,1108355.0
2020-11-13 13:00:00,NSE:CHOLAFIN,310.0,310.0,308.6,310.0,617107.0
2020-11-13 14:00:00,NSE:CHOLAFIN,310.0,310.0,309.5,309.95,1064698.0
2020-11-13 15:00:00,NSE:CHOLAFIN,309.95,310.0,308.85,309.75,699387.0
2020-11-14 18:00:00,NSE:CHOLAFIN,312.7,314.65,312.0,313.1,314632.0
2020-11-14 19:00:00,NSE:CHOLAFIN,313.1,313.2,311.1,312.3,119787.0
2020-11-17 09:00:00,NSE:CHOLAFIN,314.0,317.8,309.7,317.5,905202.0
2020-11-17 10:00:00,NSE:CHOLAFIN,317.35,317.65,314.45,316.0,615505.0
2020-11-17 11:00:00,NSE:CHOLAFIN,316.0,319.4,315.75,318.3,880104.0
2020-11-17 12:00:00,NSE:CHOLAFIN,318.3,320.35,318.15,320.3,390984.0
2020-11-17 13:00:00,NSE:CHOLAFIN,320.3,323.8,319.65,323.65,679511.0
2020-11-17 14:00:00,NSE:CHOLAFIN,323.8,324.5,321.85,322.05,875443.0
2020-11-17 15:00:00,NSE:CHOLAFIN,322.05,323.6,321.95,322.5,597104.0
2020-11-18 09:00:00,NSE:CHOLAFIN,321.95,328.8,317.3,328.7,1297803.0
2020-11-18 10:00:00,NSE:CHOLAFIN,328.7,337.9,328.5,337.3,1925921.0
2020-11-18 11:00:00,NSE:CHOLAFIN,337.1,337.4,330.65,336.8,1392729.0
2020-11-18 12:00:00,NSE:CHOLAFIN,336.85,338.45,333.4,335.7,1039702.0
2020-11-18 13:00:00,NSE:CHOLAFIN,335.75,340.0,334.8,336.4,1917258.0
2020-11-18 14:00:00,NSE:CHOLAFIN,336.3,339.25,335.5,335.7,794898.0
2020-11-18 15:00:00,NSE:CHOLAFIN,335.7,337.0,332.95,334.7,752336.0
2020-11-19 09:00:00,NSE:CHOLAFIN,334.45,340.45,328.35,339.9,1497511.0
2020-11-19 10:00:00,NSE:CHOLAFIN,339.8,342.45,335.1,337.25,1317126.0
2020-11-19 11:00:00,NSE:CHOLAFIN,337.25,340.0,335.55,339.7,570495.0
2020-11-19 12:00:00,NSE:CHOLAFIN,339.6,343.0,338.8,339.2,1453183.0
2020-11-19 13:00:00,NSE:CHOLAFIN,339.35,340.3,336.2,337.25,723730.0
2020-11-19 14:00:00,NSE:CHOLAFIN,337.5,338.8,331.5,333.0,1716118.0
2020-11-19 15:00:00,NSE:CHOLAFIN,332.9,335.45,330.45,332.4,523617.0
2020-11-20 09:00:00,NSE:CHOLAFIN,334.35,340.65,334.0,340.2,1511565.0
2020-11-20 10:00:00,NSE:CHOLAFIN,340.0,340.3,335.85,337.45,784939.0
2020-11-20 11:00:00,NSE:CHOLAFIN,337.4,338.85,334.3,337.9,786443.0
2020-11-20 12:00:00,NSE:CHOLAFIN,337.9,340.0,336.85,338.8,551443.0
2020-11-20 13:00:00,NSE:CHOLAFIN,338.7,344.6,337.5,342.0,1614448.0
2020-11-20 14:00:00,NSE:CHOLAFIN,342.0,342.5,338.35,341.6,811073.0
2020-11-20 15:00:00,NSE:CHOLAFIN,341.45,341.5,336.5,338.95,502013.0
2020-11-23 09:00:00,NSE:CHOLAFIN,340.0,355.2,340.0,345.8,2814666.0
2020-11-23 10:00:00,NSE:CHOLAFIN,346.0,347.85,340.75,341.6,1289837.0
2020-11-23 11:00:00,NSE:CHOLAFIN,341.6,350.0,341.0,349.6,921963.0
2020-11-23 12:00:00,NSE:CHOLAFIN,349.95,350.65,346.0,348.15,727416.0
2020-11-23 13:00:00,NSE:CHOLAFIN,348.25,348.4,346.0,346.65,416507.0
2020-11-23 14:00:00,NSE:CHOLAFIN,346.75,353.2,346.7,351.35,1155889.0
2020-11-23 15:00:00,NSE:CHOLAFIN,351.35,353.3,350.0,351.7,613981.0
2020-11-24 09:00:00,NSE:CHOLAFIN,353.65,355.5,351.1,355.2,1214882.0
2020-11-24 10:00:00,NSE:CHOLAFIN,355.0,358.95,353.75,358.95,879026.0
2020-11-24 11:00:00,NSE:CHOLAFIN,358.95,363.4,358.1,363.3,977127.0
2020-11-24 12:00:00,NSE:CHOLAFIN,363.05,363.85,360.5,361.6,596876.0
2020-11-24 13:00:00,NSE:CHOLAFIN,361.75,362.1,358.8,361.0,580923.0
2020-11-24 14:00:00,NSE:CHOLAFIN,360.9,361.6,358.8,359.0,871602.0
2020-11-24 15:00:00,NSE:CHOLAFIN,359.05,363.0,359.0,360.2,729850.0
2020-11-25 09:00:00,NSE:CHOLAFIN,364.4,366.9,357.7,358.0,1482737.0
2020-11-25 10:00:00,NSE:CHOLAFIN,358.0,360.0,352.55,358.8,1865458.0
2020-11-25 11:00:00,NSE:CHOLAFIN,358.85,360.0,356.5,358.25,679210.0
2020-11-25 12:00:00,NSE:CHOLAFIN,358.25,364.95,358.25,363.5,815076.0
2020-11-25 13:00:00,NSE:CHOLAFIN,363.85,364.0,359.55,359.75,486174.0
2020-11-25 14:00:00,NSE:CHOLAFIN,359.85,360.25,354.0,354.25,1186354.0
2020-11-25 15:00:00,NSE:CHOLAFIN,353.85,354.7,351.55,352.85,832045.0
2020-11-26 09:00:00,NSE:CHOLAFIN,355.05,357.55,350.7,352.85,1143239.0
2020-11-26 10:00:00,NSE:CHOLAFIN,352.85,357.1,351.45,352.5,688646.0
2020-11-26 11:00:00,NSE:CHOLAFIN,352.5,353.45,351.0,351.95,452155.0
2020-11-26 12:00:00,NSE:CHOLAFIN,351.85,353.65,350.5,351.8,1058213.0
2020-11-26 13:00:00,NSE:CHOLAFIN,352.1,359.0,351.55,357.05,1286716.0
2020-11-26 14:00:00,NSE:CHOLAFIN,357.0,360.65,356.6,357.95,737263.0
2020-11-26 15:00:00,NSE:CHOLAFIN,358.0,361.5,357.95,360.2,709194.0
2020-11-27 09:00:00,NSE:CHOLAFIN,360.5,369.2,358.9,368.7,1611616.0
2020-11-27 10:00:00,NSE:CHOLAFIN,368.7,371.8,366.7,370.45,1344879.0
2020-11-27 11:00:00,NSE:CHOLAFIN,370.4,375.95,368.15,375.45,1423708.0
2020-11-27 12:00:00,NSE:CHOLAFIN,375.3,385.7,375.05,382.25,2346593.0
2020-11-27 13:00:00,NSE:CHOLAFIN,382.2,385.0,378.55,379.35,1567871.0
2020-11-27 14:00:00,NSE:CHOLAFIN,379.35,385.0,379.3,382.8,1402784.0
2020-11-27 15:00:00,NSE:CHOLAFIN,382.8,394.9,382.65,388.7,3847523.0
2020-12-01 09:00:00,NSE:CHOLAFIN,389.65,389.65,376.45,377.85,1624799.0
2020-12-01 10:00:00,NSE:CHOLAFIN,377.65,380.2,374.7,376.65,1487386.0
2020-12-01 11:00:00,NSE:CHOLAFIN,376.8,377.15,373.0,374.55,892277.0
2020-12-01 12:00:00,NSE:CHOLAFIN,374.55,375.2,373.0,374.2,503787.0
2020-12-01 13:00:00,NSE:CHOLAFIN,373.95,375.05,371.35,372.15,817874.0
2020-12-01 14:00:00,NSE:CHOLAFIN,372.15,375.45,371.35,375.3,1087404.0
2020-12-01 15:00:00,NSE:CHOLAFIN,375.55,377.45,373.55,374.8,1117264.0
2020-12-02 09:00:00,NSE:CHOLAFIN,376.0,382.85,372.75,376.65,1594874.0
2020-12-02 10:00:00,NSE:CHOLAFIN,376.8,377.5,374.9,376.9,741939.0
2020-12-02 11:00:00,NSE:CHOLAFIN,376.95,380.3,376.1,378.15,462359.0
2020-12-02 12:00:00,NSE:CHOLAFIN,378.15,379.2,373.1,374.0,483734.0
2020-12-02 13:00:00,NSE:CHOLAFIN,373.8,375.0,371.0,372.75,574738.0
2020-12-02 14:00:00,NSE:CHOLAFIN,372.75,375.0,371.0,374.75,513626.0
2020-12-02 15:00:00,NSE:CHOLAFIN,374.8,375.4,374.2,374.9,598194.0
2020-12-03 09:00:00,NSE:CHOLAFIN,377.95,381.5,373.25,374.75,1876637.0
2020-12-03 10:00:00,NSE:CHOLAFIN,374.95,375.5,372.2,374.65,457704.0
2020-12-03 11:00:00,NSE:CHOLAFIN,374.8,375.5,373.0,373.25,358435.0
2020-12-03 12:00:00,NSE:CHOLAFIN,373.4,373.6,370.65,370.8,503929.0
2020-12-03 13:00:00,NSE:CHOLAFIN,370.8,372.2,368.4,370.8,738166.0
2020-12-03 14:00:00,NSE:CHOLAFIN,370.8,371.95,369.7,370.8,482991.0
2020-12-03 15:00:00,NSE:CHOLAFIN,370.75,371.7,369.3,370.7,605443.0
2020-12-04 09:00:00,NSE:CHOLAFIN,373.9,375.5,370.0,371.0,853198.0
2020-12-04 10:00:00,NSE:CHOLAFIN,370.8,375.4,368.85,373.7,1043567.0
2020-12-04 11:00:00,NSE:CHOLAFIN,373.7,374.05,366.15,366.5,893429.0
2020-12-04 12:00:00,NSE:CHOLAFIN,366.4,367.0,361.25,362.8,749602.0
2020-12-04 13:00:00,NSE:CHOLAFIN,363.0,367.8,361.95,365.05,987686.0
2020-12-04 14:00:00,NSE:CHOLAFIN,365.05,369.2,365.0,368.2,582986.0
2020-12-04 15:00:00,NSE:CHOLAFIN,368.3,372.25,368.3,369.75,572841.0
2020-12-07 09:00:00,NSE:CHOLAFIN,373.5,374.05,369.05,370.0,1058324.0
2020-12-07 10:00:00,NSE:CHOLAFIN,370.0,375.0,369.3,373.05,1883646.0
2020-12-07 11:00:00,NSE:CHOLAFIN,373.05,373.85,366.5,370.8,1149607.0
2020-12-07 12:00:00,NSE:CHOLAFIN,370.8,371.95,370.0,371.0,602307.0
2020-12-07 13:00:00,NSE:CHOLAFIN,371.2,371.65,367.1,368.8,559561.0
2020-12-07 14:00:00,NSE:CHOLAFIN,368.8,368.8,363.7,364.1,1134235.0
2020-12-07 15:00:00,NSE:CHOLAFIN,364.1,365.6,363.4,364.5,1273599.0
2020-12-08 09:00:00,NSE:CHOLAFIN,367.35,367.35,362.2,365.3,1083078.0
2020-12-08 10:00:00,NSE:CHOLAFIN,365.05,367.85,362.5,366.5,499023.0
2020-12-08 11:00:00,NSE:CHOLAFIN,366.35,372.95,362.7,372.0,1082630.0
2020-12-08 12:00:00,NSE:CHOLAFIN,372.2,375.25,371.15,373.2,1262150.0
2020-12-08 13:00:00,NSE:CHOLAFIN,373.0,374.7,372.5,374.3,485883.0
2020-12-08 14:00:00,NSE:CHOLAFIN,374.4,378.0,373.4,373.9,1111768.0
2020-12-08 15:00:00,NSE:CHOLAFIN,373.7,374.2,372.35,373.05,587477.0
2020-12-09 09:00:00,NSE:CHOLAFIN,375.8,376.75,370.4,371.15,912350.0
2020-12-09 10:00:00,NSE:CHOLAFIN,371.0,371.85,369.1,371.4,515677.0
2020-12-09 11:00:00,NSE:CHOLAFIN,371.4,371.7,369.15,369.45,238303.0
2020-12-09 12:00:00,NSE:CHOLAFIN,369.25,369.95,367.5,369.25,419060.0
2020-12-09 13:00:00,NSE:CHOLAFIN,369.45,371.3,369.35,370.8,212811.0
2020-12-09 14:00:00,NSE:CHOLAFIN,370.8,373.5,370.0,370.15,726074.0
2020-12-09 15:00:00,NSE:CHOLAFIN,370.15,370.8,369.05,369.95,343432.0
2020-12-10 09:00:00,NSE:CHOLAFIN,369.0,369.9,362.4,364.5,329282.0
2020-12-10 10:00:00,NSE:CHOLAFIN,364.25,365.1,362.1,362.95,398372.0
2020-12-10 11:00:00,NSE:CHOLAFIN,362.95,367.7,362.95,365.8,456572.0
2020-12-10 12:00:00,NSE:CHOLAFIN,365.8,367.15,364.9,365.9,382995.0
2020-12-10 13:00:00,NSE:CHOLAFIN,365.7,366.5,364.7,365.9,378981.0
2020-12-10 14:00:00,NSE:CHOLAFIN,365.9,367.9,365.0,367.2,392545.0
2020-12-10 15:00:00,NSE:CHOLAFIN,367.35,367.9,365.85,366.35,229653.0
2020-12-11 09:00:00,NSE:CHOLAFIN,368.0,375.5,367.5,372.65,1228813.0
2020-12-11 10:00:00,NSE:CHOLAFIN,372.6,375.35,371.5,373.6,579649.0
2020-12-11 11:00:00,NSE:CHOLAFIN,373.6,373.95,371.05,372.9,566248.0
2020-12-11 12:00:00,NSE:CHOLAFIN,373.0,373.9,370.1,373.5,614013.0
2020-12-11 13:00:00,NSE:CHOLAFIN,373.4,373.65,371.65,372.5,710870.0
2020-12-11 14:00:00,NSE:CHOLAFIN,372.5,372.5,364.95,366.75,746849.0
2020-12-11 15:00:00,NSE:CHOLAFIN,366.95,370.55,366.95,370.0,740713.0
2020-12-14 09:00:00,NSE:CHOLAFIN,370.0,371.6,366.7,366.75,514572.0
2020-12-14 10:00:00,NSE:CHOLAFIN,366.75,372.95,366.75,370.85,809132.0
2020-12-14 11:00:00,NSE:CHOLAFIN,370.75,372.95,369.3,371.75,428274.0
2020-12-14 12:00:00,NSE:CHOLAFIN,371.85,374.7,371.3,371.85,447306.0
2020-12-14 13:00:00,NSE:CHOLAFIN,371.85,373.8,371.65,371.8,207552.0
2020-12-14 14:00:00,NSE:CHOLAFIN,371.8,372.95,371.4,372.2,180167.0
2020-12-14 15:00:00,NSE:CHOLAFIN,372.2,372.45,371.0,371.75,275934.0
2020-12-15 09:00:00,NSE:CHOLAFIN,372.0,372.5,366.05,366.3,579623.0
2020-12-15 10:00:00,NSE:CHOLAFIN,366.3,368.05,362.9,367.5,403526.0
2020-12-15 11:00:00,NSE:CHOLAFIN,367.25,371.0,367.2,368.75,455228.0
2020-12-15 12:00:00,NSE:CHOLAFIN,368.9,369.5,366.2,369.5,302265.0
2020-12-15 13:00:00,NSE:CHOLAFIN,369.5,370.45,368.05,369.5,193887.0
2020-12-15 14:00:00,NSE:CHOLAFIN,369.5,378.35,369.5,377.4,1053598.0
2020-12-15 15:00:00,NSE:CHOLAFIN,377.4,378.15,376.45,377.25,395904.0
2020-12-16 09:00:00,NSE:CHOLAFIN,380.9,386.25,379.6,383.9,2410148.0
2020-12-16 10:00:00,NSE:CHOLAFIN,383.9,383.9,376.5,380.05,1566333.0
2020-12-16 11:00:00,NSE:CHOLAFIN,380.05,381.3,378.3,380.0,313052.0
2020-12-16 12:00:00,NSE:CHOLAFIN,379.65,381.85,377.8,379.65,450341.0
2020-12-16 13:00:00,NSE:CHOLAFIN,379.95,380.75,378.2,379.25,309518.0
2020-12-16 14:00:00,NSE:CHOLAFIN,379.5,379.7,377.15,377.6,415055.0
2020-12-16 15:00:00,NSE:CHOLAFIN,377.75,379.6,374.9,377.5,743530.0
2020-12-17 09:00:00,NSE:CHOLAFIN,377.4,378.9,372.55,375.0,545836.0
2020-12-17 10:00:00,NSE:CHOLAFIN,375.0,376.3,373.5,376.25,188306.0
2020-12-17 11:00:00,NSE:CHOLAFIN,376.05,376.5,374.7,376.1,175523.0
2020-12-17 12:00:00,NSE:CHOLAFIN,376.1,380.95,375.95,377.05,472444.0
2020-12-17 13:00:00,NSE:CHOLAFIN,377.1,378.45,375.15,375.95,127851.0
2020-12-17 14:00:00,NSE:CHOLAFIN,375.85,378.55,373.4,374.45,300140.0
2020-12-17 15:00:00,NSE:CHOLAFIN,374.6,376.0,373.0,374.45,219321.0
2020-12-18 09:00:00,NSE:CHOLAFIN,375.35,375.9,362.8,362.8,872636.0
2020-12-18 10:00:00,NSE:CHOLAFIN,362.8,374.0,362.7,373.5,862064.0
2020-12-18 11:00:00,NSE:CHOLAFIN,373.5,375.5,372.2,374.5,377288.0
2020-12-18 12:00:00,NSE:CHOLAFIN,374.6,376.35,372.2,372.2,310718.0
2020-12-18 13:00:00,NSE:CHOLAFIN,372.2,374.5,371.7,374.05,212939.0
2020-12-18 14:00:00,NSE:CHOLAFIN,374.05,375.5,372.5,372.5,235080.0
2020-12-18 15:00:00,NSE:CHOLAFIN,372.65,377.45,372.05,375.1,1634688.0
2020-12-21 09:00:00,NSE:CHOLAFIN,372.65,374.0,367.55,373.2,530530.0
2020-12-21 10:00:00,NSE:CHOLAFIN,373.4,374.8,369.55,369.9,302180.0
2020-12-21 11:00:00,NSE:CHOLAFIN,369.9,372.4,369.65,372.0,102573.0
2020-12-21 12:00:00,NSE:CHOLAFIN,371.8,372.25,370.05,371.0,321007.0
2020-12-21 13:00:00,NSE:CHOLAFIN,371.0,371.05,365.85,369.15,686339.0
2020-12-21 14:00:00,NSE:CHOLAFIN,369.15,369.15,347.5,348.6,2065523.0
2020-12-21 15:00:00,NSE:CHOLAFIN,350.05,359.05,349.55,354.85,634334.0
2020-12-22 09:00:00,NSE:CHOLAFIN,355.4,360.5,345.15,351.65,1073737.0
2020-12-22 10:00:00,NSE:CHOLAFIN,351.35,360.25,351.35,355.9,534676.0
2020-12-22 11:00:00,NSE:CHOLAFIN,355.9,358.8,352.1,356.6,446147.0
2020-12-22 12:00:00,NSE:CHOLAFIN,356.6,356.7,352.25,356.2,196570.0
2020-12-22 13:00:00,NSE:CHOLAFIN,355.95,363.5,355.7,362.5,525983.0
2020-12-22 14:00:00,NSE:CHOLAFIN,362.5,363.9,360.0,361.05,376884.0
2020-12-22 15:00:00,NSE:CHOLAFIN,361.05,362.95,359.15,360.8,232379.0
2020-12-23 09:00:00,NSE:CHOLAFIN,361.4,369.0,358.3,366.5,416538.0
2020-12-23 10:00:00,NSE:CHOLAFIN,366.3,370.25,365.5,366.7,334187.0
2020-12-23 11:00:00,NSE:CHOLAFIN,366.85,367.4,365.0,366.85,186456.0
2020-12-23 12:00:00,NSE:CHOLAFIN,367.0,369.8,366.0,366.5,179410.0
2020-12-23 13:00:00,NSE:CHOLAFIN,366.3,368.4,365.0,367.3,190039.0
2020-12-23 14:00:00,NSE:CHOLAFIN,367.3,378.0,366.95,375.35,871163.0
2020-12-23 15:00:00,NSE:CHOLAFIN,375.1,377.45,374.75,376.25,439038.0
2020-12-24 09:00:00,NSE:CHOLAFIN,378.3,381.2,374.25,381.0,751081.0
2020-12-24 10:00:00,NSE:CHOLAFIN,381.0,382.5,376.35,377.35,743468.0
2020-12-24 11:00:00,NSE:CHOLAFIN,377.35,380.8,375.5,378.95,464311.0
2020-12-24 12:00:00,NSE:CHOLAFIN,378.95,380.75,378.25,379.35,213841.0
2020-12-24 13:00:00,NSE:CHOLAFIN,379.35,383.05,378.8,381.35,411175.0
2020-12-24 14:00:00,NSE:CHOLAFIN,381.3,381.35,377.05,377.5,202789.0
2020-12-24 15:00:00,NSE:CHOLAFIN,377.65,377.65,374.95,376.35,312181.0
2020-12-28 09:00:00,NSE:CHOLAFIN,376.35,389.6,375.75,386.85,1410344.0
2020-12-28 10:00:00,NSE:CHOLAFIN,387.15,387.7,384.3,384.7,542608.0
2020-12-28 11:00:00,NSE:CHOLAFIN,384.7,393.05,384.1,388.5,1639438.0
2020-12-28 12:00:00,NSE:CHOLAFIN,388.6,389.6,386.4,388.35,340314.0
2020-12-28 13:00:00,NSE:CHOLAFIN,388.35,389.1,385.8,387.05,334447.0
2020-12-28 14:00:00,NSE:CHOLAFIN,386.95,388.55,386.05,387.4,278700.0
2020-12-28 15:00:00,NSE:CHOLAFIN,387.25,387.75,384.5,386.35,494095.0
2020-12-29 09:00:00,NSE:CHOLAFIN,389.45,392.0,386.5,390.6,1435716.0
2020-12-29 10:00:00,NSE:CHOLAFIN,390.6,390.95,381.55,384.2,830610.0
2020-12-29 11:00:00,NSE:CHOLAFIN,384.2,386.95,380.45,382.9,592180.0
2020-12-29 12:00:00,NSE:CHOLAFIN,383.0,384.4,381.5,383.7,184822.0
2020-12-29 13:00:00,NSE:CHOLAFIN,383.85,386.5,383.5,384.85,247047.0
2020-12-29 14:00:00,NSE:CHOLAFIN,384.85,385.7,383.0,384.7,246208.0
2020-12-29 15:00:00,NSE:CHOLAFIN,385.0,385.25,380.55,383.15,386530.0
2020-12-30 09:00:00,NSE:CHOLAFIN,383.85,383.85,376.35,380.5,579824.0
2020-12-30 10:00:00,NSE:CHOLAFIN,380.5,382.2,378.1,380.9,318131.0
2020-12-30 11:00:00,NSE:CHOLAFIN,380.8,381.8,380.0,381.1,188772.0
2020-12-30 12:00:00,NSE:CHOLAFIN,380.95,381.9,379.6,381.4,211876.0
2020-12-30 13:00:00,NSE:CHOLAFIN,381.4,382.5,380.5,381.3,168713.0
2020-12-30 14:00:00,NSE:CHOLAFIN,381.3,386.05,381.2,383.9,409793.0
2020-12-30 15:00:00,NSE:CHOLAFIN,383.9,385.85,383.2,384.9,341459.0
2020-12-31 09:00:00,NSE:CHOLAFIN,384.9,386.45,381.2,384.2,337392.0
2020-12-31 10:00:00,NSE:CHOLAFIN,384.15,384.4,380.2,380.65,269664.0
2020-12-31 11:00:00,NSE:CHOLAFIN,380.65,385.5,380.0,383.9,399276.0
2020-12-31 12:00:00,NSE:CHOLAFIN,384.0,387.5,383.25,387.15,454158.0
2020-12-31 13:00:00,NSE:CHOLAFIN,387.15,390.0,387.0,388.85,552637.0
2020-12-31 14:00:00,NSE:CHOLAFIN,388.85,390.7,388.05,388.4,408238.0
2020-12-31 15:00:00,NSE:CHOLAFIN,388.4,389.5,385.3,387.65,356745.0
2021-01-01 09:00:00,NSE:CHOLAFIN,387.65,398.0,387.65,395.65,1215153.0
2021-01-01 10:00:00,NSE:CHOLAFIN,395.75,399.5,394.05,397.8,947408.0
2021-01-01 11:00:00,NSE:CHOLAFIN,397.8,401.5,397.45,400.5,829490.0
2021-01-01 12:00:00,NSE:CHOLAFIN,400.8,402.0,399.2,401.0,641472.0
2021-01-01 13:00:00,NSE:CHOLAFIN,401.0,403.2,398.7,403.2,723621.0
2021-01-01 14:00:00,NSE:CHOLAFIN,403.25,413.7,403.0,409.85,3599220.0
2021-01-01 15:00:00,NSE:CHOLAFIN,410.05,415.9,408.4,411.35,1564575.0
2021-01-04 09:00:00,NSE:CHOLAFIN,415.0,420.95,414.2,418.75,1757654.0
2021-01-04 10:00:00,NSE:CHOLAFIN,418.95,426.7,418.45,423.75,1845983.0
2021-01-04 11:00:00,NSE:CHOLAFIN,423.65,425.9,421.2,424.45,5402480.0
2021-01-04 12:00:00,NSE:CHOLAFIN,424.25,429.45,423.0,428.85,1010252.0
2021-01-04 13:00:00,NSE:CHOLAFIN,428.9,436.0,427.7,435.15,1622552.0
2021-01-04 14:00:00,NSE:CHOLAFIN,435.1,440.0,433.35,439.8,1727559.0
2021-01-04 15:00:00,NSE:CHOLAFIN,439.75,446.55,439.5,443.25,2573576.0
2021-01-05 09:00:00,NSE:CHOLAFIN,432.0,437.8,430.0,435.95,1861905.0
2021-01-05 10:00:00,NSE:CHOLAFIN,436.5,437.45,433.0,433.8,686164.0
2021-01-05 11:00:00,NSE:CHOLAFIN,433.85,437.5,433.65,435.65,589139.0
2021-01-05 12:00:00,NSE:CHOLAFIN,435.55,439.0,435.1,437.5,483059.0
2021-01-05 13:00:00,NSE:CHOLAFIN,437.65,437.8,431.4,434.0,692936.0
2021-01-05 14:00:00,NSE:CHOLAFIN,434.0,436.55,434.0,436.5,539978.0
2021-01-05 15:00:00,NSE:CHOLAFIN,436.35,437.95,436.05,437.25,649714.0
2021-01-06 09:00:00,NSE:CHOLAFIN,438.95,446.4,436.15,445.0,1850580.0
2021-01-06 10:00:00,NSE:CHOLAFIN,444.95,445.85,441.4,443.5,842343.0
2021-01-06 11:00:00,NSE:CHOLAFIN,443.5,443.95,439.4,440.25,455900.0
2021-01-06 12:00:00,NSE:CHOLAFIN,440.05,441.95,438.35,439.3,296217.0
2021-01-06 13:00:00,NSE:CHOLAFIN,439.25,440.15,432.6,435.45,700661.0
2021-01-06 14:00:00,NSE:CHOLAFIN,435.45,437.15,430.45,436.9,809587.0
2021-01-06 15:00:00,NSE:CHOLAFIN,436.9,437.9,432.4,434.85,728976.0
2021-01-07 09:00:00,NSE:CHOLAFIN,437.85,440.25,431.6,433.25,674695.0
2021-01-07 10:00:00,NSE:CHOLAFIN,433.4,433.95,428.8,432.35,471821.0
2021-01-07 11:00:00,NSE:CHOLAFIN,432.3,433.3,430.2,431.1,188874.0
2021-01-07 12:00:00,NSE:CHOLAFIN,431.45,433.0,429.5,432.25,222394.0
2021-01-07 13:00:00,NSE:CHOLAFIN,432.4,435.95,430.55,432.0,519320.0
2021-01-07 14:00:00,NSE:CHOLAFIN,432.0,438.0,430.55,433.7,1280908.0
2021-01-07 15:00:00,NSE:CHOLAFIN,434.0,434.1,429.15,431.35,869639.0
2021-01-08 09:00:00,NSE:CHOLAFIN,435.05,435.3,427.7,432.5,1007910.0
2021-01-08 10:00:00,NSE:CHOLAFIN,432.7,435.5,432.05,434.3,492076.0
2021-01-08 11:00:00,NSE:CHOLAFIN,434.3,437.45,433.9,435.55,325908.0
2021-01-08 12:00:00,NSE:CHOLAFIN,435.15,436.95,434.0,434.75,214371.0
2021-01-08 13:00:00,NSE:CHOLAFIN,434.85,437.45,433.5,436.5,390512.0
2021-01-08 14:00:00,NSE:CHOLAFIN,436.6,436.8,428.55,429.85,592747.0
2021-01-08 15:00:00,NSE:CHOLAFIN,429.85,433.6,429.85,431.8,321409.0
2021-01-11 09:00:00,NSE:CHOLAFIN,434.8,434.8,425.95,430.3,577596.0
2021-01-11 10:00:00,NSE:CHOLAFIN,430.45,430.8,425.1,427.4,439908.0
2021-01-11 11:00:00,NSE:CHOLAFIN,427.4,428.7,424.2,424.2,221434.0
2021-01-11 12:00:00,NSE:CHOLAFIN,424.2,427.45,423.6,426.0,151451.0
2021-01-11 13:00:00,NSE:CHOLAFIN,425.9,428.55,424.6,425.9,206224.0
2021-01-11 14:00:00,NSE:CHOLAFIN,425.75,428.15,424.5,427.25,186255.0
2021-01-11 15:00:00,NSE:CHOLAFIN,427.25,428.0,425.2,426.8,279614.0
2021-01-12 09:00:00,NSE:CHOLAFIN,425.1,438.6,418.1,433.85,1254944.0
2021-01-12 10:00:00,NSE:CHOLAFIN,433.9,445.9,433.45,442.65,1554052.0
2021-01-12 11:00:00,NSE:CHOLAFIN,442.4,447.75,440.15,443.8,1248469.0
2021-01-12 12:00:00,NSE:CHOLAFIN,444.1,447.7,443.75,444.7,409941.0
2021-01-12 13:00:00,NSE:CHOLAFIN,444.65,445.45,441.5,444.0,347066.0
2021-01-12 14:00:00,NSE:CHOLAFIN,443.85,451.0,442.85,446.15,819184.0
2021-01-12 15:00:00,NSE:CHOLAFIN,446.3,446.85,440.0,442.55,553922.0
2021-01-13 09:00:00,NSE:CHOLAFIN,447.4,448.75,438.5,439.2,925402.0
2021-01-13 10:00:00,NSE:CHOLAFIN,439.3,440.65,435.0,437.25,508163.0
2021-01-13 11:00:00,NSE:CHOLAFIN,437.35,438.3,432.85,433.1,386008.0
2021-01-13 12:00:00,NSE:CHOLAFIN,433.0,434.0,430.5,431.5,478601.0
2021-01-13 13:00:00,NSE:CHOLAFIN,431.5,432.2,420.0,420.65,1114631.0
2021-01-13 14:00:00,NSE:CHOLAFIN,420.4,431.95,419.7,430.0,1253865.0
2021-01-13 15:00:00,NSE:CHOLAFIN,430.0,430.15,426.1,427.9,588843.0
2021-01-14 09:00:00,NSE:CHOLAFIN,431.25,439.95,428.1,438.5,1394990.0
2021-01-14 10:00:00,NSE:CHOLAFIN,438.7,441.35,430.25,432.6,1055013.0
2021-01-14 11:00:00,NSE:CHOLAFIN,432.95,433.75,426.2,427.45,660751.0
2021-01-14 12:00:00,NSE:CHOLAFIN,427.45,427.55,424.35,425.7,464678.0
2021-01-14 13:00:00,NSE:CHOLAFIN,425.65,427.0,424.1,425.6,335274.0
2021-01-14 14:00:00,NSE:CHOLAFIN,425.7,426.9,423.35,426.05,382145.0
2021-01-14 15:00:00,NSE:CHOLAFIN,426.0,427.0,424.4,426.15,487017.0
2021-01-15 09:00:00,NSE:CHOLAFIN,427.1,430.05,420.5,423.35,659393.0
2021-01-15 10:00:00,NSE:CHOLAFIN,423.65,426.0,420.5,426.0,352055.0
2021-01-15 11:00:00,NSE:CHOLAFIN,426.0,428.8,417.5,422.2,701488.0
2021-01-15 12:00:00,NSE:CHOLAFIN,422.15,425.0,419.6,423.05,371436.0
2021-01-15 13:00:00,NSE:CHOLAFIN,423.3,425.15,421.0,421.0,274974.0
2021-01-15 14:00:00,NSE:CHOLAFIN,421.75,423.35,417.4,423.0,372003.0
2021-01-15 15:00:00,NSE:CHOLAFIN,423.0,425.0,423.0,424.1,227786.0
2021-01-18 09:00:00,NSE:CHOLAFIN,426.65,426.65,410.1,410.1,1450193.0
2021-01-18 10:00:00,NSE:CHOLAFIN,410.45,414.0,403.9,409.2,1003966.0
2021-01-18 11:00:00,NSE:CHOLAFIN,409.2,413.65,406.6,407.45,371039.0
2021-01-18 12:00:00,NSE:CHOLAFIN,407.4,408.45,402.55,407.4,619439.0
2021-01-18 13:00:00,NSE:CHOLAFIN,407.4,408.55,403.65,404.85,534238.0
2021-01-18 14:00:00,NSE:CHOLAFIN,405.1,410.9,404.7,410.2,953797.0
2021-01-18 15:00:00,NSE:CHOLAFIN,410.2,411.15,406.5,409.25,452725.0
2021-01-19 09:00:00,NSE:CHOLAFIN,410.7,432.4,410.7,430.35,2399776.0
2021-01-19 10:00:00,NSE:CHOLAFIN,430.35,439.8,426.35,437.75,2091226.0
2021-01-19 11:00:00,NSE:CHOLAFIN,437.75,447.0,437.5,445.15,2701232.0
2021-01-19 12:00:00,NSE:CHOLAFIN,445.15,445.4,435.0,439.25,2299508.0
2021-01-19 13:00:00,NSE:CHOLAFIN,439.1,441.5,438.0,438.45,1048422.0
2021-01-19 14:00:00,NSE:CHOLAFIN,438.5,442.25,433.5,436.45,2224451.0
2021-01-19 15:00:00,NSE:CHOLAFIN,436.45,439.4,436.2,437.95,969751.0
2021-01-20 09:00:00,NSE:CHOLAFIN,441.05,442.95,432.05,439.15,1138973.0
2021-01-20 10:00:00,NSE:CHOLAFIN,439.1,443.45,438.15,442.75,882797.0
2021-01-20 11:00:00,NSE:CHOLAFIN,442.75,454.5,440.6,452.05,2073535.0
2021-01-20 12:00:00,NSE:CHOLAFIN,452.15,457.65,449.4,455.85,1599931.0
2021-01-20 13:00:00,NSE:CHOLAFIN,455.95,458.1,453.4,456.85,1050711.0
2021-01-20 14:00:00,NSE:CHOLAFIN,456.8,457.9,453.8,455.95,1209456.0
2021-01-20 15:00:00,NSE:CHOLAFIN,456.05,458.9,455.8,457.45,1231694.0
2021-01-21 09:00:00,NSE:CHOLAFIN,459.0,464.85,447.5,447.95,2233505.0
2021-01-21 10:00:00,NSE:CHOLAFIN,447.5,451.6,444.0,447.6,1656468.0
2021-01-21 11:00:00,NSE:CHOLAFIN,447.3,447.4,439.55,444.15,1723030.0
2021-01-21 12:00:00,NSE:CHOLAFIN,444.1,449.5,443.0,443.55,1189797.0
2021-01-21 13:00:00,NSE:CHOLAFIN,443.4,444.4,441.2,442.25,518343.0
2021-01-21 14:00:00,NSE:CHOLAFIN,442.1,442.25,429.35,433.4,1153540.0
2021-01-21 15:00:00,NSE:CHOLAFIN,433.3,434.95,427.8,431.7,947043.0
2021-01-22 09:00:00,NSE:CHOLAFIN,434.35,443.85,430.85,440.55,1484136.0
2021-01-22 10:00:00,NSE:CHOLAFIN,440.9,441.0,428.05,428.1,882803.0
2021-01-22 11:00:00,NSE:CHOLAFIN,428.4,432.4,422.45,432.3,1021838.0
2021-01-22 12:00:00,NSE:CHOLAFIN,432.3,437.0,427.35,427.5,4350650.0
2021-01-22 13:00:00,NSE:CHOLAFIN,427.7,432.85,422.2,422.2,675233.0
2021-01-22 14:00:00,NSE:CHOLAFIN,422.3,428.85,422.3,424.0,533848.0
2021-01-22 15:00:00,NSE:CHOLAFIN,424.15,424.95,420.2,422.15,408713.0
2021-01-25 09:00:00,NSE:CHOLAFIN,435.0,449.5,428.6,438.45,4087857.0
2021-01-25 10:00:00,NSE:CHOLAFIN,438.45,444.55,431.5,436.55,1902436.0
2021-01-25 11:00:00,NSE:CHOLAFIN,436.55,438.0,429.65,431.4,806953.0
2021-01-25 12:00:00,NSE:CHOLAFIN,430.85,435.0,430.4,434.25,500585.0
2021-01-25 13:00:00,NSE:CHOLAFIN,434.25,434.65,426.05,428.8,700997.0
2021-01-25 14:00:00,NSE:CHOLAFIN,428.8,430.25,421.4,422.8,1105882.0
2021-01-25 15:00:00,NSE:CHOLAFIN,422.9,424.3,416.2,420.6,809966.0
2021-01-27 09:00:00,NSE:CHOLAFIN,422.45,422.45,410.5,417.05,1112528.0
2021-01-27 10:00:00,NSE:CHOLAFIN,416.8,422.85,416.5,420.0,775956.0
2021-01-27 11:00:00,NSE:CHOLAFIN,420.0,430.75,418.45,419.15,1528209.0
2021-01-27 12:00:00,NSE:CHOLAFIN,419.15,420.05,416.35,417.3,268309.0
2021-01-27 13:00:00,NSE:CHOLAFIN,417.0,417.25,411.1,413.1,403815.0
2021-01-27 14:00:00,NSE:CHOLAFIN,412.85,413.4,408.7,412.0,449899.0
2021-01-27 15:00:00,NSE:CHOLAFIN,412.0,412.2,409.4,410.0,545748.0
2021-01-28 09:00:00,NSE:CHOLAFIN,401.0,412.9,401.0,412.05,951907.0
2021-01-28 10:00:00,NSE:CHOLAFIN,412.25,414.2,408.15,409.0,480125.0
2021-01-28 11:00:00,NSE:CHOLAFIN,409.0,411.8,405.3,407.4,371439.0
2021-01-28 12:00:00,NSE:CHOLAFIN,407.25,408.0,402.5,403.1,347903.0
2021-01-28 13:00:00,NSE:CHOLAFIN,402.95,405.4,397.5,401.0,844992.0
2021-01-28 14:00:00,NSE:CHOLAFIN,400.95,405.4,399.05,403.9,480589.0
2021-01-28 15:00:00,NSE:CHOLAFIN,404.1,406.7,403.65,405.75,271138.0
2021-01-29 09:00:00,NSE:CHOLAFIN,413.0,427.25,409.0,413.75,1294142.0
2021-01-29 10:00:00,NSE:CHOLAFIN,414.0,421.55,412.15,413.05,1109622.0
2021-01-29 11:00:00,NSE:CHOLAFIN,413.0,416.35,412.15,412.55,444502.0
2021-01-29 12:00:00,NSE:CHOLAFIN,412.75,417.4,412.0,415.8,419942.0
2021-01-29 13:00:00,NSE:CHOLAFIN,416.0,417.4,412.5,414.2,540826.0
2021-01-29 14:00:00,NSE:CHOLAFIN,414.0,418.55,390.65,400.55,2541030.0
2021-01-29 15:00:00,NSE:CHOLAFIN,400.9,402.0,393.55,397.85,1212532.0
2021-02-01 09:00:00,NSE:CHOLAFIN,402.0,415.7,402.0,410.1,1417104.0
2021-02-01 10:00:00,NSE:CHOLAFIN,410.0,412.0,403.0,411.25,637352.0
2021-02-01 11:00:00,NSE:CHOLAFIN,411.25,419.5,407.55,417.65,939086.0
2021-02-01 12:00:00,NSE:CHOLAFIN,417.65,433.0,417.65,432.5,2340046.0
2021-02-01 13:00:00,NSE:CHOLAFIN,432.85,444.0,430.75,443.0,2426954.0
2021-02-01 14:00:00,NSE:CHOLAFIN,443.0,448.9,437.35,443.4,2057868.0
2021-02-01 15:00:00,NSE:CHOLAFIN,443.15,445.0,441.6,442.95,993109.0
2021-02-02 09:00:00,NSE:CHOLAFIN,447.05,472.9,447.05,469.3,2480919.0
2021-02-02 10:00:00,NSE:CHOLAFIN,469.7,475.0,451.95,457.85,2319265.0
2021-02-02 11:00:00,NSE:CHOLAFIN,457.5,460.0,447.45,447.5,1049553.0
2021-02-02 12:00:00,NSE:CHOLAFIN,447.5,451.8,443.6,447.85,1328066.0
2021-02-02 13:00:00,NSE:CHOLAFIN,448.15,450.0,435.0,439.25,1248094.0
2021-02-02 14:00:00,NSE:CHOLAFIN,439.25,443.95,434.0,438.25,1072685.0
2021-02-02 15:00:00,NSE:CHOLAFIN,438.25,441.4,436.1,439.1,601159.0
2021-02-03 09:00:00,NSE:CHOLAFIN,444.75,457.8,443.05,444.85,2506142.0
2021-02-03 10:00:00,NSE:CHOLAFIN,444.45,447.0,438.05,444.7,1880476.0
2021-02-03 11:00:00,NSE:CHOLAFIN,444.8,455.0,442.25,454.95,970799.0
2021-02-03 12:00:00,NSE:CHOLAFIN,455.0,455.7,451.9,455.0,512568.0
2021-02-03 13:00:00,NSE:CHOLAFIN,455.1,467.25,454.65,459.55,2252598.0
2021-02-03 14:00:00,NSE:CHOLAFIN,459.65,462.9,455.45,460.0,1002336.0
2021-02-03 15:00:00,NSE:CHOLAFIN,460.0,464.4,457.2,459.85,847547.0
2021-02-04 09:00:00,NSE:CHOLAFIN,463.0,467.0,457.8,462.9,1147950.0
2021-02-04 10:00:00,NSE:CHOLAFIN,462.65,465.8,459.4,462.5,585416.0
2021-02-04 11:00:00,NSE:CHOLAFIN,462.5,469.25,462.4,466.2,672069.0
2021-02-04 12:00:00,NSE:CHOLAFIN,466.05,471.0,466.0,466.4,1023194.0
2021-02-04 13:00:00,NSE:CHOLAFIN,466.25,470.25,466.0,467.95,472582.0
2021-02-04 14:00:00,NSE:CHOLAFIN,468.05,469.0,462.5,464.5,518340.0
2021-02-04 15:00:00,NSE:CHOLAFIN,464.6,466.0,461.7,464.4,512188.0
2021-02-05 09:00:00,NSE:CHOLAFIN,468.0,473.95,458.8,463.4,890182.0
2021-02-05 10:00:00,NSE:CHOLAFIN,463.05,465.75,455.0,458.0,668493.0
2021-02-05 11:00:00,NSE:CHOLAFIN,458.45,460.55,454.05,459.2,339264.0
2021-02-05 12:00:00,NSE:CHOLAFIN,459.2,460.9,454.65,455.9,584893.0
2021-02-05 13:00:00,NSE:CHOLAFIN,455.7,458.5,451.15,454.55,702200.0
2021-02-05 14:00:00,NSE:CHOLAFIN,454.5,455.4,449.25,449.5,647148.0
2021-02-05 15:00:00,NSE:CHOLAFIN,449.75,453.0,449.5,451.1,492505.0
2021-02-08 09:00:00,NSE:CHOLAFIN,455.0,468.55,454.0,460.0,813961.0
2021-02-08 10:00:00,NSE:CHOLAFIN,460.2,463.4,457.85,463.3,330901.0
2021-02-08 11:00:00,NSE:CHOLAFIN,463.6,463.6,457.4,458.55,244372.0
2021-02-08 12:00:00,NSE:CHOLAFIN,458.5,461.2,457.9,459.15,198641.0
2021-02-08 13:00:00,NSE:CHOLAFIN,459.1,464.45,459.0,462.95,295735.0
2021-02-08 14:00:00,NSE:CHOLAFIN,462.95,463.9,460.0,462.2,175538.0
2021-02-08 15:00:00,NSE:CHOLAFIN,462.4,463.0,458.6,460.6,419032.0
2021-02-09 09:00:00,NSE:CHOLAFIN,464.0,464.8,455.0,458.4,695197.0
2021-02-09 10:00:00,NSE:CHOLAFIN,458.45,464.75,457.5,460.5,391190.0
2021-02-09 11:00:00,NSE:CHOLAFIN,460.85,465.0,457.5,464.65,656788.0
2021-02-09 12:00:00,NSE:CHOLAFIN,464.65,470.9,464.55,466.6,1029169.0
2021-02-09 13:00:00,NSE:CHOLAFIN,466.8,469.4,462.15,462.15,459443.0
2021-02-09 14:00:00,NSE:CHOLAFIN,462.05,462.95,458.3,458.55,451115.0
2021-02-09 15:00:00,NSE:CHOLAFIN,458.65,461.9,455.45,459.05,400396.0
2021-02-10 09:00:00,NSE:CHOLAFIN,460.1,465.2,456.0,463.0,845946.0
2021-02-10 10:00:00,NSE:CHOLAFIN,462.55,462.85,454.5,459.5,1137228.0
2021-02-10 11:00:00,NSE:CHOLAFIN,459.5,466.2,455.75,463.95,715145.0
2021-02-10 12:00:00,NSE:CHOLAFIN,464.0,468.0,461.0,461.8,458618.0
2021-02-10 13:00:00,NSE:CHOLAFIN,461.8,462.3,457.15,460.25,421144.0
2021-02-10 14:00:00,NSE:CHOLAFIN,460.25,464.1,457.6,463.4,586652.0
2021-02-10 15:00:00,NSE:CHOLAFIN,463.5,470.9,463.25,467.75,822236.0
2021-02-11 09:00:00,NSE:CHOLAFIN,469.95,478.5,464.2,471.95,2505671.0
2021-02-11 10:00:00,NSE:CHOLAFIN,471.75,476.25,469.5,471.55,1642515.0
2021-02-11 11:00:00,NSE:CHOLAFIN,471.55,471.75,468.55,469.85,311140.0
2021-02-11 12:00:00,NSE:CHOLAFIN,469.85,471.3,467.9,469.0,259990.0
2021-02-11 13:00:00,NSE:CHOLAFIN,468.7,470.45,468.0,469.85,263328.0
2021-02-11 14:00:00,NSE:CHOLAFIN,469.95,472.5,468.45,471.4,374830.0
2021-02-11 15:00:00,NSE:CHOLAFIN,471.45,472.9,469.3,471.6,424381.0
2021-02-12 09:00:00,NSE:CHOLAFIN,471.7,475.0,466.4,470.35,597120.0
2021-02-12 10:00:00,NSE:CHOLAFIN,470.3,474.7,469.2,472.8,290149.0
2021-02-12 11:00:00,NSE:CHOLAFIN,473.75,476.85,471.95,473.0,334116.0
2021-02-12 12:00:00,NSE:CHOLAFIN,473.05,477.8,473.0,474.45,361209.0
2021-02-12 13:00:00,NSE:CHOLAFIN,474.4,474.85,468.55,469.15,440630.0
2021-02-12 14:00:00,NSE:CHOLAFIN,469.1,469.9,465.35,467.55,314298.0
2021-02-12 15:00:00,NSE:CHOLAFIN,467.55,469.75,467.45,468.8,235111.0
2021-02-15 09:00:00,NSE:CHOLAFIN,472.05,515.4,472.05,515.4,8203012.0
2021-02-15 10:00:00,NSE:CHOLAFIN,515.4,535.0,514.0,521.8,7489777.0
2021-02-15 11:00:00,NSE:CHOLAFIN,521.75,523.95,518.65,520.1,6404252.0
2021-02-15 12:00:00,NSE:CHOLAFIN,520.1,529.65,519.0,527.2,2123118.0
2021-02-15 13:00:00,NSE:CHOLAFIN,527.0,538.0,526.3,534.35,2718898.0
2021-02-15 14:00:00,NSE:CHOLAFIN,534.35,534.9,527.05,528.7,2044321.0
2021-02-15 15:00:00,NSE:CHOLAFIN,528.9,537.9,528.0,532.75,2375940.0
2021-02-16 09:00:00,NSE:CHOLAFIN,528.5,535.35,517.05,527.05,3325790.0
2021-02-16 10:00:00,NSE:CHOLAFIN,527.05,537.0,527.0,531.2,2247431.0
2021-02-16 11:00:00,NSE:CHOLAFIN,531.15,533.0,528.5,529.9,562806.0
2021-02-16 12:00:00,NSE:CHOLAFIN,529.5,536.35,528.8,530.25,893189.0
2021-02-16 13:00:00,NSE:CHOLAFIN,530.3,532.5,526.1,528.0,1677052.0
2021-02-16 14:00:00,NSE:CHOLAFIN,528.0,531.5,526.7,531.0,1160367.0
2021-02-16 15:00:00,NSE:CHOLAFIN,531.0,531.5,526.35,528.05,619371.0
2021-02-17 09:00:00,NSE:CHOLAFIN,522.1,532.8,522.1,527.75,917845.0
2021-02-17 10:00:00,NSE:CHOLAFIN,527.4,533.8,526.4,527.0,1072740.0
2021-02-17 11:00:00,NSE:CHOLAFIN,527.05,529.5,526.75,527.65,310284.0
2021-02-17 12:00:00,NSE:CHOLAFIN,527.65,529.7,527.0,527.5,199526.0
2021-02-17 13:00:00,NSE:CHOLAFIN,527.65,529.45,526.5,527.7,475446.0
2021-02-17 14:00:00,NSE:CHOLAFIN,527.7,529.15,526.65,528.0,324341.0
2021-02-17 15:00:00,NSE:CHOLAFIN,528.0,528.8,527.25,527.95,358473.0
2021-02-18 09:00:00,NSE:CHOLAFIN,530.0,532.75,526.1,530.6,690341.0
2021-02-18 10:00:00,NSE:CHOLAFIN,530.35,532.25,527.85,531.4,685001.0
2021-02-18 11:00:00,NSE:CHOLAFIN,531.3,536.55,527.6,528.7,1045861.0
2021-02-18 12:00:00,NSE:CHOLAFIN,528.4,529.4,526.25,528.45,818572.0
2021-02-18 13:00:00,NSE:CHOLAFIN,528.8,529.8,526.6,527.0,457878.0
2021-02-18 14:00:00,NSE:CHOLAFIN,527.0,529.3,526.5,527.75,1106413.0
2021-02-18 15:00:00,NSE:CHOLAFIN,528.0,528.6,527.05,527.5,323994.0
2021-02-19 09:00:00,NSE:CHOLAFIN,526.8,531.95,525.25,527.2,1039111.0
2021-02-19 10:00:00,NSE:CHOLAFIN,527.0,535.6,526.8,529.5,838205.0
2021-02-19 11:00:00,NSE:CHOLAFIN,529.6,532.7,528.0,530.05,636015.0
2021-02-19 12:00:00,NSE:CHOLAFIN,530.0,532.2,526.95,527.5,294361.0
2021-02-19 13:00:00,NSE:CHOLAFIN,527.7,529.15,526.5,527.0,626155.0
2021-02-19 14:00:00,NSE:CHOLAFIN,526.75,531.5,517.8,526.45,4510240.0
2021-02-19 15:00:00,NSE:CHOLAFIN,526.75,535.25,526.6,530.35,710112.0
2021-02-22 09:00:00,NSE:CHOLAFIN,534.4,550.95,525.1,527.65,4226188.0
2021-02-22 10:00:00,NSE:CHOLAFIN,527.15,529.9,526.0,528.0,1437818.0
2021-02-22 11:00:00,NSE:CHOLAFIN,527.75,528.75,524.75,526.75,1833775.0
2021-02-22 12:00:00,NSE:CHOLAFIN,526.7,529.35,526.0,526.45,2098411.0
2021-02-22 13:00:00,NSE:CHOLAFIN,526.45,527.3,519.0,524.5,2108188.0
2021-02-22 14:00:00,NSE:CHOLAFIN,524.6,527.9,521.0,524.05,2205776.0
2021-02-22 15:00:00,NSE:CHOLAFIN,524.25,547.0,524.0,528.65,2440983.0
2021-02-23 09:00:00,NSE:CHOLAFIN,526.45,538.0,520.0,523.05,1641906.0
2021-02-23 10:00:00,NSE:CHOLAFIN,523.35,529.85,521.85,524.1,600967.0
2021-02-23 11:00:00,NSE:CHOLAFIN,524.1,526.05,519.55,523.5,486854.0
2021-02-23 12:00:00,NSE:CHOLAFIN,523.55,526.0,521.3,522.5,433066.0
2021-02-23 13:00:00,NSE:CHOLAFIN,522.75,523.45,518.3,519.95,340309.0
2021-02-23 14:00:00,NSE:CHOLAFIN,520.0,520.05,510.65,515.5,662624.0
2021-02-23 15:00:00,NSE:CHOLAFIN,515.55,523.85,512.15,517.5,1347268.0
2021-02-24 09:00:00,NSE:CHOLAFIN,519.95,522.15,506.3,510.1,874808.0
2021-02-24 10:00:00,NSE:CHOLAFIN,509.75,513.5,506.15,508.3,1191081.0
2021-02-24 11:00:00,NSE:CHOLAFIN,508.25,508.75,499.35,499.65,1463208.0
2021-02-24 15:00:00,NSE:CHOLAFIN,496.8,503.0,487.35,500.95,209446.0
2021-02-24 16:00:00,NSE:CHOLAFIN,500.75,507.45,499.3,504.8,1783269.0
2021-02-25 09:00:00,NSE:CHOLAFIN,511.0,525.65,510.0,519.5,1605766.0
2021-02-25 10:00:00,NSE:CHOLAFIN,519.55,534.0,517.5,533.5,1233850.0
2021-02-25 11:00:00,NSE:CHOLAFIN,533.4,538.0,528.7,532.3,1263540.0
2021-02-25 12:00:00,NSE:CHOLAFIN,532.7,534.45,526.85,527.6,740515.0
2021-02-25 13:00:00,NSE:CHOLAFIN,527.65,530.9,521.95,523.0,551185.0
2021-02-25 14:00:00,NSE:CHOLAFIN,523.15,525.75,522.75,523.8,364545.0
2021-02-25 15:00:00,NSE:CHOLAFIN,523.95,528.3,523.2,526.05,465202.0
2021-02-26 09:00:00,NSE:CHOLAFIN,513.05,522.4,512.1,521.4,730030.0
2021-02-26 10:00:00,NSE:CHOLAFIN,521.4,523.0,506.4,507.6,833624.0
2021-02-26 11:00:00,NSE:CHOLAFIN,507.4,510.5,503.5,508.7,494818.0
2021-02-26 12:00:00,NSE:CHOLAFIN,508.9,511.45,500.1,510.75,752092.0
2021-02-26 13:00:00,NSE:CHOLAFIN,510.9,511.0,506.3,509.85,305189.0
2021-02-26 14:00:00,NSE:CHOLAFIN,510.25,522.0,509.45,519.85,462005.0
2021-02-26 15:00:00,NSE:CHOLAFIN,519.85,521.5,516.2,518.9,594063.0
2021-03-01 09:00:00,NSE:CHOLAFIN,524.5,558.0,524.5,549.8,2219445.0
2021-03-01 10:00:00,NSE:CHOLAFIN,550.0,550.0,530.6,534.25,1826537.0
2021-03-01 11:00:00,NSE:CHOLAFIN,534.25,536.9,523.15,523.45,901853.0
2021-03-01 12:00:00,NSE:CHOLAFIN,523.2,528.95,522.7,524.65,634531.0
2021-03-01 13:00:00,NSE:CHOLAFIN,524.8,527.05,523.0,523.4,461698.0
2021-03-01 14:00:00,NSE:CHOLAFIN,523.4,527.95,520.0,522.0,1090663.0
2021-03-01 15:00:00,NSE:CHOLAFIN,522.05,525.3,519.5,522.3,1099815.0
2021-03-02 09:00:00,NSE:CHOLAFIN,527.8,533.0,523.8,532.35,867179.0
2021-03-02 10:00:00,NSE:CHOLAFIN,532.35,533.85,527.15,530.0,373472.0
2021-03-02 11:00:00,NSE:CHOLAFIN,529.9,532.2,525.6,530.15,254775.0
2021-03-02 12:00:00,NSE:CHOLAFIN,530.15,537.2,527.6,535.0,444209.0
2021-03-02 13:00:00,NSE:CHOLAFIN,535.85,538.5,532.0,537.2,397259.0
2021-03-02 14:00:00,NSE:CHOLAFIN,537.3,539.7,534.15,536.2,478778.0
2021-03-02 15:00:00,NSE:CHOLAFIN,536.2,539.95,536.15,538.0,348893.0
2021-03-03 09:00:00,NSE:CHOLAFIN,542.6,551.8,542.0,545.05,862720.0
2021-03-03 10:00:00,NSE:CHOLAFIN,545.05,547.0,542.45,545.05,425679.0
2021-03-03 11:00:00,NSE:CHOLAFIN,545.0,546.85,539.5,540.6,338149.0
2021-03-03 12:00:00,NSE:CHOLAFIN,540.35,542.1,537.65,540.35,231382.0
2021-03-03 13:00:00,NSE:CHOLAFIN,540.35,540.8,534.0,536.6,272324.0
2021-03-03 14:00:00,NSE:CHOLAFIN,536.6,541.75,536.6,540.9,436824.0
2021-03-03 15:00:00,NSE:CHOLAFIN,541.65,541.65,539.1,540.65,447360.0
2021-03-04 09:00:00,NSE:CHOLAFIN,537.0,546.55,533.95,542.85,995139.0
2021-03-04 10:00:00,NSE:CHOLAFIN,542.85,544.7,540.55,543.5,290215.0
2021-03-04 11:00:00,NSE:CHOLAFIN,543.6,543.75,538.7,542.35,215658.0
2021-03-04 12:00:00,NSE:CHOLAFIN,541.5,542.5,535.0,536.05,325917.0
2021-03-04 13:00:00,NSE:CHOLAFIN,536.25,536.55,533.35,534.75,353609.0
2021-03-04 14:00:00,NSE:CHOLAFIN,534.65,537.75,534.2,536.85,292897.0
2021-03-04 15:00:00,NSE:CHOLAFIN,536.85,537.95,533.15,534.5,283444.0
2021-03-05 09:00:00,NSE:CHOLAFIN,533.9,533.9,521.0,527.4,807173.0
2021-03-05 10:00:00,NSE:CHOLAFIN,527.2,528.4,521.0,521.0,375081.0
2021-03-05 11:00:00,NSE:CHOLAFIN,521.0,524.0,519.0,522.0,286108.0
2021-03-05 12:00:00,NSE:CHOLAFIN,521.75,527.55,519.5,527.05,358503.0
2021-03-05 13:00:00,NSE:CHOLAFIN,526.75,527.0,520.55,521.4,169095.0
2021-03-05 14:00:00,NSE:CHOLAFIN,521.4,525.0,515.65,523.8,384534.0
2021-03-05 15:00:00,NSE:CHOLAFIN,523.65,529.0,523.65,529.0,324251.0
2021-03-08 09:00:00,NSE:CHOLAFIN,532.0,536.8,529.35,534.95,600965.0
2021-03-08 10:00:00,NSE:CHOLAFIN,535.35,536.4,526.55,528.35,439670.0
2021-03-08 11:00:00,NSE:CHOLAFIN,528.3,536.0,528.05,535.1,333883.0
2021-03-08 12:00:00,NSE:CHOLAFIN,535.2,539.3,533.05,534.05,432020.0
2021-03-08 13:00:00,NSE:CHOLAFIN,534.05,536.55,533.5,535.0,321709.0
2021-03-08 14:00:00,NSE:CHOLAFIN,535.15,536.25,532.55,534.2,570698.0
2021-03-08 15:00:00,NSE:CHOLAFIN,534.0,538.0,532.55,534.15,362120.0
2021-03-09 09:00:00,NSE:CHOLAFIN,536.55,544.6,525.0,541.6,932507.0
2021-03-09 10:00:00,NSE:CHOLAFIN,541.75,545.8,540.3,541.25,552993.0
2021-03-09 11:00:00,NSE:CHOLAFIN,541.25,548.9,540.65,546.65,539036.0
2021-03-09 12:00:00,NSE:CHOLAFIN,546.7,547.05,541.0,541.0,984456.0
2021-03-09 13:00:00,NSE:CHOLAFIN,541.2,542.0,534.3,540.25,869681.0
2021-03-09 14:00:00,NSE:CHOLAFIN,540.25,541.5,538.0,540.05,451364.0
2021-03-09 15:00:00,NSE:CHOLAFIN,540.05,546.5,540.05,544.4,451042.0
2021-03-10 09:00:00,NSE:CHOLAFIN,549.9,556.8,548.0,550.6,1877255.0
2021-03-10 10:00:00,NSE:CHOLAFIN,550.5,553.25,541.6,543.2,790959.0
2021-03-10 11:00:00,NSE:CHOLAFIN,543.2,544.45,537.3,537.6,390604.0
2021-03-10 12:00:00,NSE:CHOLAFIN,537.5,538.3,531.0,534.0,581717.0
2021-03-10 13:00:00,NSE:CHOLAFIN,534.1,534.3,530.05,533.0,302190.0
2021-03-10 14:00:00,NSE:CHOLAFIN,533.1,536.05,532.2,535.75,544138.0
2021-03-10 15:00:00,NSE:CHOLAFIN,535.75,543.75,535.7,541.8,548508.0
2021-03-12 09:00:00,NSE:CHOLAFIN,544.3,549.9,541.7,544.95,713468.0
2021-03-12 10:00:00,NSE:CHOLAFIN,544.45,545.0,540.2,540.2,346458.0
2021-03-12 11:00:00,NSE:CHOLAFIN,540.2,542.45,537.35,541.2,334418.0
2021-03-12 12:00:00,NSE:CHOLAFIN,541.15,544.9,538.15,540.95,355868.0
2021-03-12 13:00:00,NSE:CHOLAFIN,540.95,543.0,536.7,540.6,176099.0
2021-03-12 14:00:00,NSE:CHOLAFIN,540.55,540.75,529.4,529.9,385074.0
2021-03-12 15:00:00,NSE:CHOLAFIN,530.0,533.5,529.8,533.25,348190.0
2021-03-15 09:00:00,NSE:CHOLAFIN,536.0,536.0,522.95,529.8,571045.0
2021-03-15 10:00:00,NSE:CHOLAFIN,529.75,530.05,514.05,516.15,685015.0
2021-03-15 11:00:00,NSE:CHOLAFIN,516.15,518.5,514.5,516.55,321582.0
2021-03-15 12:00:00,NSE:CHOLAFIN,516.35,520.9,515.0,517.3,503367.0
2021-03-15 13:00:00,NSE:CHOLAFIN,517.25,522.0,515.0,521.3,284633.0
2021-03-15 14:00:00,NSE:CHOLAFIN,521.3,531.0,520.7,528.55,452637.0
2021-03-15 15:00:00,NSE:CHOLAFIN,528.65,537.85,528.65,534.95,371651.0
2021-03-16 09:00:00,NSE:CHOLAFIN,537.95,539.75,532.5,535.8,451476.0
2021-03-16 10:00:00,NSE:CHOLAFIN,535.5,544.35,533.1,535.65,867339.0
2021-03-16 11:00:00,NSE:CHOLAFIN,535.7,535.95,530.2,532.35,693572.0
2021-03-16 12:00:00,NSE:CHOLAFIN,532.3,541.0,531.7,538.8,484675.0
2021-03-16 13:00:00,NSE:CHOLAFIN,538.2,540.45,533.1,539.9,321215.0
2021-03-16 14:00:00,NSE:CHOLAFIN,539.7,543.9,537.6,539.65,426733.0
2021-03-16 15:00:00,NSE:CHOLAFIN,539.75,543.45,538.0,540.65,332085.0
2021-03-17 09:00:00,NSE:CHOLAFIN,541.9,544.05,535.8,536.55,393757.0
2021-03-17 10:00:00,NSE:CHOLAFIN,536.5,537.95,531.2,532.85,319434.0
2021-03-17 11:00:00,NSE:CHOLAFIN,533.25,537.0,532.35,536.05,378672.0
2021-03-17 12:00:00,NSE:CHOLAFIN,536.15,538.5,532.0,532.95,241385.0
2021-03-17 13:00:00,NSE:CHOLAFIN,532.8,534.6,528.45,530.9,298162.0
2021-03-17 14:00:00,NSE:CHOLAFIN,530.9,531.85,526.05,531.7,230311.0
2021-03-17 15:00:00,NSE:CHOLAFIN,531.8,534.0,526.7,529.6,373312.0
2021-03-18 09:00:00,NSE:CHOLAFIN,534.5,538.0,530.7,531.5,398456.0
2021-03-18 10:00:00,NSE:CHOLAFIN,531.2,535.7,529.2,532.75,317156.0
2021-03-18 11:00:00,NSE:CHOLAFIN,532.9,539.95,532.7,537.75,273668.0
2021-03-18 12:00:00,NSE:CHOLAFIN,537.7,538.65,532.9,533.5,257417.0
2021-03-18 13:00:00,NSE:CHOLAFIN,533.45,533.85,521.15,525.0,388907.0
2021-03-18 14:00:00,NSE:CHOLAFIN,525.0,528.0,516.4,522.95,410499.0
2021-03-18 15:00:00,NSE:CHOLAFIN,522.85,531.0,522.1,527.65,272284.0
2021-03-19 09:00:00,NSE:CHOLAFIN,525.05,530.85,518.5,529.4,1075317.0
2021-03-19 10:00:00,NSE:CHOLAFIN,530.15,539.4,528.0,539.4,528923.0
2021-03-19 11:00:00,NSE:CHOLAFIN,539.35,539.85,531.5,537.8,511922.0
2021-03-19 12:00:00,NSE:CHOLAFIN,537.8,538.9,531.1,532.6,371897.0
2021-03-19 13:00:00,NSE:CHOLAFIN,532.75,536.35,531.75,535.5,271301.0
2021-03-19 14:00:00,NSE:CHOLAFIN,535.5,548.5,533.25,548.0,803257.0
2021-03-19 15:00:00,NSE:CHOLAFIN,548.0,558.95,547.65,552.85,2437616.0
2021-03-22 09:00:00,NSE:CHOLAFIN,558.0,564.45,547.7,550.05,2488015.0
2021-03-22 10:00:00,NSE:CHOLAFIN,549.9,557.45,545.05,555.2,1173569.0
2021-03-22 11:00:00,NSE:CHOLAFIN,554.85,570.0,553.3,568.3,1420705.0
2021-03-22 12:00:00,NSE:CHOLAFIN,567.9,572.7,564.0,565.0,1125763.0
2021-03-22 13:00:00,NSE:CHOLAFIN,565.0,571.75,563.0,569.6,683701.0
2021-03-22 14:00:00,NSE:CHOLAFIN,569.95,579.6,567.0,570.65,1460616.0
2021-03-22 15:00:00,NSE:CHOLAFIN,570.25,571.95,569.0,570.4,734814.0
2021-03-23 09:00:00,NSE:CHOLAFIN,571.65,574.8,563.9,565.3,878513.0
2021-03-23 10:00:00,NSE:CHOLAFIN,565.55,566.5,562.0,562.0,543852.0
2021-03-23 11:00:00,NSE:CHOLAFIN,562.0,563.35,557.3,560.45,678863.0
2021-03-23 12:00:00,NSE:CHOLAFIN,560.45,562.1,558.15,560.95,268860.0
2021-03-23 13:00:00,NSE:CHOLAFIN,560.6,564.0,560.0,562.0,253016.0
2021-03-23 14:00:00,NSE:CHOLAFIN,562.0,565.2,561.1,563.05,366470.0
2021-03-23 15:00:00,NSE:CHOLAFIN,562.7,562.75,556.45,559.7,447679.0
2021-03-24 09:00:00,NSE:CHOLAFIN,551.8,569.45,551.05,564.4,877519.0
2021-03-24 10:00:00,NSE:CHOLAFIN,564.4,564.5,553.55,555.75,630355.0
2021-03-24 11:00:00,NSE:CHOLAFIN,555.75,556.35,552.5,556.35,239249.0
2021-03-24 12:00:00,NSE:CHOLAFIN,556.35,562.8,553.65,559.2,353547.0
2021-03-24 13:00:00,NSE:CHOLAFIN,559.2,561.5,552.9,554.1,471421.0
2021-03-24 14:00:00,NSE:CHOLAFIN,554.1,555.3,550.0,550.7,282639.0
2021-03-24 15:00:00,NSE:CHOLAFIN,550.7,553.75,545.4,548.5,662960.0
2021-03-25 09:00:00,NSE:CHOLAFIN,551.0,552.8,536.85,539.0,509073.0
2021-03-25 10:00:00,NSE:CHOLAFIN,539.15,540.95,528.0,531.55,612951.0
2021-03-25 11:00:00,NSE:CHOLAFIN,531.55,532.0,526.85,529.4,345287.0
2021-03-25 12:00:00,NSE:CHOLAFIN,529.1,532.4,525.5,530.6,312316.0
2021-03-25 13:00:00,NSE:CHOLAFIN,530.45,541.6,526.55,535.2,529489.0
2021-03-25 14:00:00,NSE:CHOLAFIN,535.2,545.9,534.9,543.0,428459.0
2021-03-25 15:00:00,NSE:CHOLAFIN,542.95,543.0,535.05,537.5,650122.0
2021-03-26 09:00:00,NSE:CHOLAFIN,545.8,562.9,543.2,558.15,1763314.0
2021-03-26 10:00:00,NSE:CHOLAFIN,557.9,562.5,557.0,557.3,849395.0
2021-03-26 11:00:00,NSE:CHOLAFIN,557.2,564.65,557.05,558.65,699608.0
2021-03-26 12:00:00,NSE:CHOLAFIN,558.7,563.55,556.05,558.3,476185.0
2021-03-26 13:00:00,NSE:CHOLAFIN,558.4,562.0,553.5,559.75,637263.0
2021-03-26 14:00:00,NSE:CHOLAFIN,559.8,562.9,553.25,554.0,585436.0
2021-03-26 15:00:00,NSE:CHOLAFIN,553.8,559.85,550.4,554.65,637126.0
2021-03-30 09:00:00,NSE:CHOLAFIN,560.2,564.3,557.6,560.95,563892.0
2021-03-30 10:00:00,NSE:CHOLAFIN,560.9,561.5,556.15,558.35,189572.0
2021-03-30 11:00:00,NSE:CHOLAFIN,558.35,558.55,553.65,556.15,208343.0
2021-03-30 12:00:00,NSE:CHOLAFIN,556.15,557.2,549.4,550.55,224503.0
2021-03-30 13:00:00,NSE:CHOLAFIN,550.55,553.0,549.85,551.8,151127.0
2021-03-30 14:00:00,NSE:CHOLAFIN,552.2,555.0,551.8,554.75,196152.0
2021-03-30 15:00:00,NSE:CHOLAFIN,555.0,558.0,553.4,555.3,423181.0
2021-03-31 09:00:00,NSE:CHOLAFIN,555.65,560.0,549.5,550.8,411135.0
2021-03-31 10:00:00,NSE:CHOLAFIN,550.8,553.6,547.0,547.5,538155.0
2021-03-31 11:00:00,NSE:CHOLAFIN,547.5,553.3,547.4,548.0,313701.0
2021-03-31 12:00:00,NSE:CHOLAFIN,547.9,553.75,547.8,553.5,317866.0
2021-03-31 13:00:00,NSE:CHOLAFIN,553.8,558.5,552.2,558.0,312212.0
2021-03-31 14:00:00,NSE:CHOLAFIN,558.15,565.0,556.0,558.95,599225.0
2021-03-31 15:00:00,NSE:CHOLAFIN,558.95,560.0,557.3,558.8,274645.0
2021-04-01 09:00:00,NSE:CHOLAFIN,566.0,566.0,554.0,555.0,469254.0
2021-04-01 10:00:00,NSE:CHOLAFIN,554.8,555.6,549.6,551.35,411408.0
2021-04-01 11:00:00,NSE:CHOLAFIN,551.25,555.7,550.5,554.95,449742.0
2021-04-01 12:00:00,NSE:CHOLAFIN,554.7,560.5,553.0,558.6,678119.0
2021-04-01 13:00:00,NSE:CHOLAFIN,559.5,564.2,558.3,562.7,434472.0
2021-04-01 14:00:00,NSE:CHOLAFIN,562.8,568.9,561.1,567.85,1397886.0
2021-04-01 15:00:00,NSE:CHOLAFIN,567.9,568.0,560.3,561.2,620278.0
2021-04-05 09:00:00,NSE:CHOLAFIN,560.0,560.95,547.0,547.4,536791.0
2021-04-05 10:00:00,NSE:CHOLAFIN,547.0,547.0,536.45,544.0,600869.0
2021-04-05 11:00:00,NSE:CHOLAFIN,543.65,543.65,534.0,537.0,528865.0
2021-04-05 12:00:00,NSE:CHOLAFIN,537.0,547.5,537.0,545.85,399688.0
2021-04-05 13:00:00,NSE:CHOLAFIN,546.05,547.95,542.7,542.75,359037.0
2021-04-05 14:00:00,NSE:CHOLAFIN,542.6,544.85,539.6,544.55,406911.0
2021-04-05 15:00:00,NSE:CHOLAFIN,544.55,546.0,541.4,544.35,657466.0
2021-04-06 09:00:00,NSE:CHOLAFIN,543.95,546.65,534.0,540.7,1339948.0
2021-04-06 10:00:00,NSE:CHOLAFIN,541.0,544.0,538.65,539.0,485846.0
2021-04-06 11:00:00,NSE:CHOLAFIN,538.75,542.95,537.25,538.35,482659.0
2021-04-06 12:00:00,NSE:CHOLAFIN,538.45,545.7,538.1,545.0,688371.0
2021-04-06 13:00:00,NSE:CHOLAFIN,545.2,547.45,541.05,543.5,470611.0
2021-04-06 14:00:00,NSE:CHOLAFIN,543.55,544.5,538.1,539.0,414746.0
2021-04-06 15:00:00,NSE:CHOLAFIN,539.1,541.6,538.3,540.0,344448.0
2021-04-07 09:00:00,NSE:CHOLAFIN,543.75,545.25,538.35,545.0,348400.0
2021-04-07 10:00:00,NSE:CHOLAFIN,545.25,558.0,542.05,557.5,896093.0
2021-04-07 11:00:00,NSE:CHOLAFIN,557.3,563.0,553.4,559.2,754028.0
2021-04-07 12:00:00,NSE:CHOLAFIN,559.2,564.9,558.95,563.15,543231.0
2021-04-07 13:00:00,NSE:CHOLAFIN,563.1,568.3,561.9,567.6,652062.0
2021-04-07 14:00:00,NSE:CHOLAFIN,567.6,588.1,567.3,573.65,3192987.0
2021-04-07 15:00:00,NSE:CHOLAFIN,573.65,580.0,573.05,578.05,993281.0
2021-04-08 09:00:00,NSE:CHOLAFIN,580.9,580.9,567.2,570.85,951063.0
2021-04-08 10:00:00,NSE:CHOLAFIN,571.0,573.6,564.55,569.45,1870798.0
2021-04-08 11:00:00,NSE:CHOLAFIN,569.15,577.2,568.6,576.85,493821.0
2021-04-08 12:00:00,NSE:CHOLAFIN,577.0,577.0,569.5,569.6,306681.0
2021-04-08 13:00:00,NSE:CHOLAFIN,569.6,571.15,568.0,568.1,281278.0
2021-04-08 14:00:00,NSE:CHOLAFIN,568.15,568.85,561.2,561.25,760782.0
2021-04-08 15:00:00,NSE:CHOLAFIN,561.25,565.9,561.0,562.95,811604.0
2021-04-09 09:00:00,NSE:CHOLAFIN,561.55,570.0,558.75,566.5,597030.0
2021-04-09 10:00:00,NSE:CHOLAFIN,566.5,569.0,565.15,566.8,189249.0
2021-04-09 11:00:00,NSE:CHOLAFIN,566.85,567.1,560.05,560.8,195852.0
2021-04-09 12:00:00,NSE:CHOLAFIN,560.8,564.15,559.4,561.5,204134.0
2021-04-09 13:00:00,NSE:CHOLAFIN,561.6,562.35,552.8,553.65,257346.0
2021-04-09 14:00:00,NSE:CHOLAFIN,554.0,559.2,552.8,558.3,245615.0
2021-04-09 15:00:00,NSE:CHOLAFIN,558.15,559.75,556.3,557.9,206193.0
2021-04-12 09:00:00,NSE:CHOLAFIN,544.7,545.0,512.6,528.95,1206830.0
2021-04-12 10:00:00,NSE:CHOLAFIN,528.65,529.4,510.75,519.0,1114118.0
2021-04-12 11:00:00,NSE:CHOLAFIN,518.65,518.75,503.7,510.0,939565.0
2021-04-12 12:00:00,NSE:CHOLAFIN,509.85,524.5,504.75,517.0,1028406.0
2021-04-12 13:00:00,NSE:CHOLAFIN,516.3,517.8,511.75,516.45,309992.0
2021-04-12 14:00:00,NSE:CHOLAFIN,516.65,522.6,507.65,510.05,848272.0
2021-04-12 15:00:00,NSE:CHOLAFIN,510.4,513.0,509.05,510.85,375324.0
2021-04-13 09:00:00,NSE:CHOLAFIN,512.0,532.65,507.2,530.95,1627508.0
2021-04-13 10:00:00,NSE:CHOLAFIN,530.95,543.9,530.7,537.85,3552500.0
2021-04-13 11:00:00,NSE:CHOLAFIN,538.0,541.35,532.5,536.6,2503898.0
2021-04-13 12:00:00,NSE:CHOLAFIN,536.1,539.8,534.35,535.25,1912495.0
2021-04-13 13:00:00,NSE:CHOLAFIN,535.25,540.15,534.75,536.35,639988.0
2021-04-13 14:00:00,NSE:CHOLAFIN,536.35,539.55,527.3,530.7,1553431.0
2021-04-13 15:00:00,NSE:CHOLAFIN,530.6,534.75,530.05,532.45,395543.0
2021-04-15 09:00:00,NSE:CHOLAFIN,527.5,531.9,523.15,530.6,681335.0
2021-04-15 10:00:00,NSE:CHOLAFIN,531.1,534.1,524.0,526.5,508187.0
2021-04-15 11:00:00,NSE:CHOLAFIN,526.55,527.8,523.6,526.25,407636.0
2021-04-15 12:00:00,NSE:CHOLAFIN,525.6,535.65,525.1,533.1,435499.0
2021-04-15 13:00:00,NSE:CHOLAFIN,533.0,538.85,532.2,536.5,396576.0
2021-04-15 14:00:00,NSE:CHOLAFIN,536.4,541.15,532.0,532.85,640034.0
2021-04-15 15:00:00,NSE:CHOLAFIN,532.85,538.2,532.85,535.0,400768.0
2021-04-16 09:00:00,NSE:CHOLAFIN,540.0,550.5,537.4,548.5,928103.0
2021-04-16 10:00:00,NSE:CHOLAFIN,548.35,549.0,542.25,546.7,587373.0
2021-04-16 11:00:00,NSE:CHOLAFIN,546.7,548.25,544.05,544.85,404194.0
2021-04-16 12:00:00,NSE:CHOLAFIN,544.85,545.95,541.5,542.8,220229.0
2021-04-16 13:00:00,NSE:CHOLAFIN,542.45,544.05,541.5,542.1,131644.0
2021-04-16 14:00:00,NSE:CHOLAFIN,542.15,543.35,539.75,542.2,278791.0
2021-04-16 15:00:00,NSE:CHOLAFIN,542.05,542.25,538.5,540.6,311232.0
2021-04-19 09:00:00,NSE:CHOLAFIN,527.0,532.85,514.2,532.4,886148.0
2021-04-19 10:00:00,NSE:CHOLAFIN,532.3,534.95,523.3,525.7,763417.0
2021-04-19 11:00:00,NSE:CHOLAFIN,525.5,526.25,515.8,522.55,684804.0
2021-04-19 12:00:00,NSE:CHOLAFIN,522.75,527.95,521.7,527.95,331463.0
2021-04-19 13:00:00,NSE:CHOLAFIN,527.5,533.9,527.05,530.45,433683.0
2021-04-19 14:00:00,NSE:CHOLAFIN,530.45,532.95,527.8,529.25,321441.0
2021-04-19 15:00:00,NSE:CHOLAFIN,529.2,532.5,527.6,530.55,501813.0
2021-04-20 09:00:00,NSE:CHOLAFIN,535.9,555.6,535.1,553.85,1575449.0
2021-04-20 10:00:00,NSE:CHOLAFIN,553.85,557.7,551.85,554.4,1033283.0
2021-04-20 11:00:00,NSE:CHOLAFIN,554.4,556.2,552.55,556.0,498700.0
2021-04-20 12:00:00,NSE:CHOLAFIN,556.0,559.2,544.5,547.65,1292838.0
2021-04-20 13:00:00,NSE:CHOLAFIN,547.35,551.2,546.55,547.55,586362.0
2021-04-20 14:00:00,NSE:CHOLAFIN,547.65,548.0,533.25,537.05,680515.0
2021-04-20 15:00:00,NSE:CHOLAFIN,537.15,541.65,537.1,538.75,372418.0
2021-04-22 09:00:00,NSE:CHOLAFIN,531.75,546.8,529.15,544.2,667547.0
2021-04-22 10:00:00,NSE:CHOLAFIN,544.4,555.5,543.45,552.3,1007228.0
2021-04-22 11:00:00,NSE:CHOLAFIN,552.15,557.0,545.2,555.5,688716.0
2021-04-22 12:00:00,NSE:CHOLAFIN,555.1,557.0,552.6,556.0,326281.0
2021-04-22 13:00:00,NSE:CHOLAFIN,556.3,558.0,554.0,555.35,244263.0
2021-04-22 14:00:00,NSE:CHOLAFIN,555.35,559.2,549.5,550.0,655836.0
2021-04-22 15:00:00,NSE:CHOLAFIN,550.0,554.95,549.8,551.2,481085.0
2021-04-23 09:00:00,NSE:CHOLAFIN,548.6,555.6,545.05,548.4,708381.0
2021-04-23 10:00:00,NSE:CHOLAFIN,548.6,557.0,548.4,555.8,581657.0
2021-04-23 11:00:00,NSE:CHOLAFIN,555.85,564.7,555.85,562.5,828021.0
2021-04-23 12:00:00,NSE:CHOLAFIN,562.45,566.8,555.45,558.6,836753.0
2021-04-23 13:00:00,NSE:CHOLAFIN,558.6,561.4,556.3,559.5,426995.0
2021-04-23 14:00:00,NSE:CHOLAFIN,559.45,559.9,550.35,553.65,525355.0
2021-04-23 15:00:00,NSE:CHOLAFIN,553.6,557.6,553.0,555.95,345611.0
2021-04-26 09:00:00,NSE:CHOLAFIN,558.95,569.0,555.0,564.5,989498.0
2021-04-26 10:00:00,NSE:CHOLAFIN,564.55,566.5,559.0,561.8,632884.0
2021-04-26 11:00:00,NSE:CHOLAFIN,561.55,566.0,560.8,563.65,319411.0
2021-04-26 12:00:00,NSE:CHOLAFIN,563.7,567.75,557.55,560.85,560420.0
2021-04-26 13:00:00,NSE:CHOLAFIN,560.95,561.35,554.1,555.1,352460.0
2021-04-26 14:00:00,NSE:CHOLAFIN,555.1,556.5,551.55,552.4,475120.0
2021-04-26 15:00:00,NSE:CHOLAFIN,552.4,554.3,550.95,552.35,463222.0
2021-04-27 09:00:00,NSE:CHOLAFIN,553.3,561.7,552.9,560.1,483580.0
2021-04-27 10:00:00,NSE:CHOLAFIN,560.1,562.55,556.1,559.65,761203.0
2021-04-27 11:00:00,NSE:CHOLAFIN,559.85,563.0,559.1,562.2,316134.0
2021-04-27 12:00:00,NSE:CHOLAFIN,562.2,562.7,560.0,560.25,220400.0
2021-04-27 13:00:00,NSE:CHOLAFIN,560.2,565.0,560.05,564.15,300462.0
2021-04-27 14:00:00,NSE:CHOLAFIN,564.1,566.0,563.5,564.2,304571.0
2021-04-27 15:00:00,NSE:CHOLAFIN,564.15,565.4,563.0,564.6,371794.0
2021-04-28 09:00:00,NSE:CHOLAFIN,564.6,569.4,554.6,565.4,506844.0
2021-04-28 10:00:00,NSE:CHOLAFIN,565.1,565.75,562.05,564.75,271073.0
2021-04-28 11:00:00,NSE:CHOLAFIN,564.75,579.45,564.7,578.45,802295.0
2021-04-28 12:00:00,NSE:CHOLAFIN,578.5,589.7,577.05,579.4,1108872.0
2021-04-28 13:00:00,NSE:CHOLAFIN,579.75,586.45,579.05,584.0,330343.0
2021-04-28 14:00:00,NSE:CHOLAFIN,584.0,586.3,579.05,581.75,447730.0
2021-04-28 15:00:00,NSE:CHOLAFIN,581.55,585.95,581.2,583.8,391399.0
2021-04-29 09:00:00,NSE:CHOLAFIN,586.0,597.8,583.0,585.15,1503383.0
2021-04-29 10:00:00,NSE:CHOLAFIN,585.55,586.75,576.8,580.0,646446.0
2021-04-29 11:00:00,NSE:CHOLAFIN,580.0,591.9,578.5,589.35,550238.0
2021-04-29 12:00:00,NSE:CHOLAFIN,589.6,594.5,588.5,593.25,519425.0
2021-04-29 13:00:00,NSE:CHOLAFIN,593.25,596.3,590.25,592.0,435973.0
2021-04-29 14:00:00,NSE:CHOLAFIN,592.05,594.7,589.95,593.0,430537.0
2021-04-29 15:00:00,NSE:CHOLAFIN,592.4,594.0,590.0,592.5,331595.0
2021-04-30 09:00:00,NSE:CHOLAFIN,589.75,590.0,581.0,586.05,694850.0
2021-04-30 10:00:00,NSE:CHOLAFIN,585.95,593.0,585.2,592.1,722004.0
2021-04-30 11:00:00,NSE:CHOLAFIN,592.1,600.95,587.35,591.35,976819.0
2021-04-30 12:00:00,NSE:CHOLAFIN,591.6,592.85,581.1,583.0,808417.0
2021-04-30 13:00:00,NSE:CHOLAFIN,583.0,583.4,571.15,574.8,644480.0
2021-04-30 14:00:00,NSE:CHOLAFIN,575.45,578.0,564.95,574.8,992235.0
2021-04-30 15:00:00,NSE:CHOLAFIN,574.8,574.8,569.05,571.75,642406.0
2021-05-03 09:00:00,NSE:CHOLAFIN,562.05,564.8,555.05,561.15,903648.0
2021-05-03 10:00:00,NSE:CHOLAFIN,561.35,565.95,555.25,557.75,681916.0
2021-05-03 11:00:00,NSE:CHOLAFIN,557.95,564.1,556.1,563.1,396621.0
2021-05-03 12:00:00,NSE:CHOLAFIN,563.4,564.25,559.0,560.3,240085.0
2021-05-03 13:00:00,NSE:CHOLAFIN,560.3,561.3,555.4,559.45,311495.0
2021-05-03 14:00:00,NSE:CHOLAFIN,559.45,561.45,557.45,560.05,510288.0
2021-05-03 15:00:00,NSE:CHOLAFIN,560.05,560.55,558.15,559.1,201522.0
2021-05-04 09:00:00,NSE:CHOLAFIN,562.1,573.0,560.2,564.3,626164.0
2021-05-04 10:00:00,NSE:CHOLAFIN,564.05,565.0,560.2,562.1,348456.0
2021-05-04 11:00:00,NSE:CHOLAFIN,562.2,562.5,558.65,560.6,291398.0
2021-05-04 12:00:00,NSE:CHOLAFIN,560.6,566.65,557.95,559.0,474479.0
2021-05-04 13:00:00,NSE:CHOLAFIN,558.85,558.85,550.0,554.15,470824.0
2021-05-04 14:00:00,NSE:CHOLAFIN,554.15,556.85,544.55,546.25,482500.0
2021-05-04 15:00:00,NSE:CHOLAFIN,546.65,552.2,545.65,549.45,322433.0
2021-05-05 09:00:00,NSE:CHOLAFIN,559.6,559.6,549.1,552.55,428839.0
2021-05-05 10:00:00,NSE:CHOLAFIN,552.5,556.7,547.4,551.6,377169.0
2021-05-05 11:00:00,NSE:CHOLAFIN,551.5,552.0,545.05,547.85,243331.0
2021-05-05 12:00:00,NSE:CHOLAFIN,547.65,552.5,546.5,552.2,228507.0
2021-05-05 13:00:00,NSE:CHOLAFIN,552.25,554.8,551.2,553.55,205111.0
2021-05-05 14:00:00,NSE:CHOLAFIN,553.75,558.75,553.2,556.35,321133.0
2021-05-05 15:00:00,NSE:CHOLAFIN,556.65,559.9,556.5,558.6,193475.0
2021-05-06 09:00:00,NSE:CHOLAFIN,563.75,565.0,558.0,559.75,452496.0
2021-05-06 10:00:00,NSE:CHOLAFIN,559.7,568.45,557.05,567.65,449762.0
2021-05-06 11:00:00,NSE:CHOLAFIN,567.65,572.5,566.7,571.4,567052.0
2021-05-06 12:00:00,NSE:CHOLAFIN,571.05,583.9,571.0,573.9,1328313.0
2021-05-06 13:00:00,NSE:CHOLAFIN,573.9,575.85,570.4,572.7,280570.0
2021-05-06 14:00:00,NSE:CHOLAFIN,572.7,578.3,572.55,575.95,444077.0
2021-05-06 15:00:00,NSE:CHOLAFIN,575.9,582.6,575.85,580.3,695249.0
2021-05-07 09:00:00,NSE:CHOLAFIN,585.25,587.8,575.45,583.25,903607.0
2021-05-07 10:00:00,NSE:CHOLAFIN,583.25,586.6,576.0,577.65,523995.0
2021-05-07 11:00:00,NSE:CHOLAFIN,577.95,578.1,572.0,575.85,370148.0
2021-05-07 12:00:00,NSE:CHOLAFIN,575.6,576.8,571.25,571.55,282325.0
2021-05-07 13:00:00,NSE:CHOLAFIN,571.8,572.05,564.0,570.45,500784.0
2021-05-07 14:00:00,NSE:CHOLAFIN,570.45,572.5,566.5,569.8,261210.0
2021-05-07 15:00:00,NSE:CHOLAFIN,569.9,571.3,566.05,568.9,360969.0
2021-05-10 09:00:00,NSE:CHOLAFIN,560.0,560.0,528.5,543.3,3356310.0
2021-05-10 10:00:00,NSE:CHOLAFIN,543.45,549.0,536.95,547.5,1675567.0
2021-05-10 11:00:00,NSE:CHOLAFIN,547.1,552.45,543.7,547.6,894267.0
2021-05-10 12:00:00,NSE:CHOLAFIN,547.6,555.5,547.3,555.05,947337.0
2021-05-10 13:00:00,NSE:CHOLAFIN,554.9,556.3,551.0,554.0,793949.0
2021-05-10 14:00:00,NSE:CHOLAFIN,553.95,554.65,548.25,552.85,693535.0
2021-05-10 15:00:00,NSE:CHOLAFIN,552.85,556.0,552.4,554.15,704727.0
2021-05-11 09:00:00,NSE:CHOLAFIN,550.0,550.0,532.4,545.5,1641440.0
2021-05-11 10:00:00,NSE:CHOLAFIN,545.5,550.0,543.25,543.65,577720.0
2021-05-11 11:00:00,NSE:CHOLAFIN,543.8,550.0,542.5,542.8,556878.0
2021-05-11 12:00:00,NSE:CHOLAFIN,542.8,546.85,541.1,544.85,376962.0
2021-05-11 13:00:00,NSE:CHOLAFIN,544.85,545.65,540.05,544.95,316119.0
2021-05-11 14:00:00,NSE:CHOLAFIN,544.8,554.4,544.0,552.1,1247902.0
2021-05-11 15:00:00,NSE:CHOLAFIN,551.9,552.15,549.1,550.95,354248.0
2021-05-12 09:00:00,NSE:CHOLAFIN,558.9,558.9,542.0,544.65,2018407.0
2021-05-12 10:00:00,NSE:CHOLAFIN,544.65,544.65,534.0,534.75,1160492.0
2021-05-12 11:00:00,NSE:CHOLAFIN,534.4,535.9,529.05,534.95,1320674.0
2021-05-12 12:00:00,NSE:CHOLAFIN,534.95,535.9,528.0,529.8,1160172.0
2021-05-12 13:00:00,NSE:CHOLAFIN,529.8,531.45,523.0,527.75,1015853.0
2021-05-12 14:00:00,NSE:CHOLAFIN,527.9,531.5,520.0,521.35,987135.0
2021-05-12 15:00:00,NSE:CHOLAFIN,521.25,525.5,521.25,524.0,896898.0
2021-05-14 09:00:00,NSE:CHOLAFIN,530.0,530.0,513.0,516.9,1531142.0
2021-05-14 10:00:00,NSE:CHOLAFIN,516.85,530.0,515.05,528.3,1068017.0
2021-05-14 11:00:00,NSE:CHOLAFIN,528.35,531.3,519.0,520.0,867368.0
2021-05-14 12:00:00,NSE:CHOLAFIN,519.8,530.5,516.5,530.15,822974.0
2021-05-14 13:00:00,NSE:CHOLAFIN,530.0,532.55,527.0,528.0,731981.0
2021-05-14 14:00:00,NSE:CHOLAFIN,528.15,531.05,526.15,530.0,530763.0
2021-05-14 15:00:00,NSE:CHOLAFIN,530.2,530.2,522.75,526.75,485445.0
2021-05-17 09:00:00,NSE:CHOLAFIN,530.7,539.1,526.75,537.8,1345762.0
2021-05-17 10:00:00,NSE:CHOLAFIN,537.7,541.95,537.15,537.55,980177.0
2021-05-17 11:00:00,NSE:CHOLAFIN,537.6,539.0,530.0,533.9,665869.0
2021-05-17 12:00:00,NSE:CHOLAFIN,533.85,537.85,533.35,535.95,416944.0
2021-05-17 13:00:00,NSE:CHOLAFIN,535.95,542.5,534.1,541.35,703019.0
2021-05-17 14:00:00,NSE:CHOLAFIN,541.15,545.0,538.3,542.9,945633.0
2021-05-17 15:00:00,NSE:CHOLAFIN,542.9,545.8,540.1,543.35,600514.0
2021-05-18 09:00:00,NSE:CHOLAFIN,550.0,561.6,548.25,557.7,1719770.0
2021-05-18 10:00:00,NSE:CHOLAFIN,557.7,557.9,546.1,551.6,1035725.0
2021-05-18 11:00:00,NSE:CHOLAFIN,551.6,555.55,550.4,555.5,637657.0
2021-05-18 12:00:00,NSE:CHOLAFIN,555.5,556.65,547.3,547.3,700225.0
2021-05-18 13:00:00,NSE:CHOLAFIN,547.05,550.1,544.2,547.35,745795.0
2021-05-18 14:00:00,NSE:CHOLAFIN,547.4,547.75,540.15,544.7,656316.0
2021-05-18 15:00:00,NSE:CHOLAFIN,544.9,547.95,544.5,546.35,646171.0
2021-05-19 09:00:00,NSE:CHOLAFIN,545.75,554.0,543.55,553.45,765511.0
2021-05-19 10:00:00,NSE:CHOLAFIN,553.5,554.35,542.45,545.2,757954.0
2021-05-19 11:00:00,NSE:CHOLAFIN,545.2,550.25,545.0,549.45,355862.0
2021-05-19 12:00:00,NSE:CHOLAFIN,549.45,550.85,543.1,544.05,475245.0
2021-05-19 13:00:00,NSE:CHOLAFIN,543.95,545.5,541.4,544.55,445718.0
2021-05-19 14:00:00,NSE:CHOLAFIN,544.5,545.3,542.65,543.2,478430.0
2021-05-19 15:00:00,NSE:CHOLAFIN,543.45,544.9,542.8,544.05,320272.0
2021-05-20 09:00:00,NSE:CHOLAFIN,547.95,555.2,545.0,555.2,1615824.0
2021-05-20 10:00:00,NSE:CHOLAFIN,555.35,559.8,553.1,556.1,1069676.0
2021-05-20 11:00:00,NSE:CHOLAFIN,556.1,563.9,553.3,562.8,1155975.0
2021-05-20 12:00:00,NSE:CHOLAFIN,562.8,566.45,559.6,561.3,1201424.0
2021-05-20 13:00:00,NSE:CHOLAFIN,561.3,565.5,559.6,565.1,729702.0
2021-05-20 14:00:00,NSE:CHOLAFIN,565.1,570.35,563.3,568.4,1871446.0
2021-05-20 15:00:00,NSE:CHOLAFIN,568.5,573.7,567.2,570.0,1567053.0
2021-05-21 09:00:00,NSE:CHOLAFIN,575.3,585.0,572.05,584.85,1652082.0
2021-05-21 10:00:00,NSE:CHOLAFIN,584.5,586.4,575.7,578.65,1698146.0
2021-05-21 11:00:00,NSE:CHOLAFIN,578.65,584.5,575.85,578.0,1472763.0
2021-05-21 12:00:00,NSE:CHOLAFIN,578.2,582.05,577.65,578.75,556564.0
2021-05-21 13:00:00,NSE:CHOLAFIN,578.75,580.7,578.55,579.15,398714.0
2021-05-21 14:00:00,NSE:CHOLAFIN,579.1,583.75,579.1,583.35,733423.0
2021-05-21 15:00:00,NSE:CHOLAFIN,583.5,584.45,579.45,582.8,547633.0
2021-05-24 09:00:00,NSE:CHOLAFIN,585.25,588.55,572.15,576.9,1306636.0
2021-05-24 10:00:00,NSE:CHOLAFIN,577.0,583.25,571.7,582.9,1086199.0
2021-05-24 11:00:00,NSE:CHOLAFIN,583.0,584.6,580.1,582.35,818579.0
2021-05-24 12:00:00,NSE:CHOLAFIN,582.5,590.55,581.6,588.2,870985.0
2021-05-24 13:00:00,NSE:CHOLAFIN,588.15,589.95,575.0,577.6,952186.0
2021-05-24 14:00:00,NSE:CHOLAFIN,577.75,581.65,570.75,576.0,1258143.0
2021-05-24 15:00:00,NSE:CHOLAFIN,576.05,579.25,574.0,576.4,599098.0
2021-05-25 09:00:00,NSE:CHOLAFIN,580.95,581.0,568.05,569.0,674985.0
2021-05-25 10:00:00,NSE:CHOLAFIN,569.0,572.65,567.0,568.95,447897.0
2021-05-25 11:00:00,NSE:CHOLAFIN,569.45,569.7,562.9,563.5,448668.0
2021-05-25 12:00:00,NSE:CHOLAFIN,563.35,565.0,554.2,554.9,801643.0
2021-05-25 13:00:00,NSE:CHOLAFIN,555.0,555.1,549.1,551.0,957982.0
2021-05-25 14:00:00,NSE:CHOLAFIN,551.3,556.0,546.55,554.15,1019678.0
2021-05-25 15:00:00,NSE:CHOLAFIN,554.65,555.8,548.5,551.55,609302.0
2021-05-26 09:00:00,NSE:CHOLAFIN,555.0,556.55,542.2,552.3,852059.0
2021-05-26 10:00:00,NSE:CHOLAFIN,552.45,554.35,548.55,552.75,646885.0
2021-05-26 11:00:00,NSE:CHOLAFIN,552.6,555.8,551.4,553.05,542849.0
2021-05-26 12:00:00,NSE:CHOLAFIN,552.7,553.25,544.1,546.1,514303.0
2021-05-26 13:00:00,NSE:CHOLAFIN,546.2,546.75,544.0,545.35,303513.0
2021-05-26 14:00:00,NSE:CHOLAFIN,545.35,545.5,542.8,543.9,322038.0
2021-05-26 15:00:00,NSE:CHOLAFIN,544.2,544.95,543.2,544.1,378585.0
2021-05-27 09:00:00,NSE:CHOLAFIN,545.2,548.85,540.0,541.45,1084475.0
2021-05-27 10:00:00,NSE:CHOLAFIN,541.2,542.0,536.3,537.5,1120659.0
2021-05-27 11:00:00,NSE:CHOLAFIN,537.5,543.95,537.35,543.1,653319.0
2021-05-27 12:00:00,NSE:CHOLAFIN,543.1,543.45,539.25,540.85,453804.0
2021-05-27 13:00:00,NSE:CHOLAFIN,540.85,545.6,540.5,543.75,736479.0
2021-05-27 14:00:00,NSE:CHOLAFIN,543.5,547.45,536.1,542.2,1684561.0
2021-05-27 15:00:00,NSE:CHOLAFIN,542.25,542.45,523.9,537.8,34673908.0
2021-05-28 09:00:00,NSE:CHOLAFIN,535.0,539.6,533.05,535.65,655126.0
2021-05-28 10:00:00,NSE:CHOLAFIN,535.65,537.55,531.45,534.8,343341.0
2021-05-28 11:00:00,NSE:CHOLAFIN,534.8,536.35,532.0,534.4,288078.0
2021-05-28 12:00:00,NSE:CHOLAFIN,534.5,535.4,531.15,534.95,278798.0
2021-05-28 13:00:00,NSE:CHOLAFIN,534.7,542.35,534.3,540.95,582437.0
2021-05-28 14:00:00,NSE:CHOLAFIN,540.7,547.0,539.2,540.8,624285.0
2021-05-28 15:00:00,NSE:CHOLAFIN,540.75,546.6,540.05,544.05,629400.0
2021-05-31 09:00:00,NSE:CHOLAFIN,546.0,551.0,539.05,546.55,826915.0
2021-05-31 10:00:00,NSE:CHOLAFIN,546.6,549.0,544.05,544.2,295001.0
2021-05-31 11:00:00,NSE:CHOLAFIN,544.2,547.9,542.2,547.5,297742.0
2021-05-31 12:00:00,NSE:CHOLAFIN,547.55,549.4,545.1,549.3,251298.0
2021-05-31 13:00:00,NSE:CHOLAFIN,549.5,550.85,542.5,545.25,451214.0
2021-05-31 14:00:00,NSE:CHOLAFIN,545.25,548.85,545.25,548.0,284964.0
2021-05-31 15:00:00,NSE:CHOLAFIN,548.25,552.1,546.3,549.3,957731.0
2021-06-01 09:00:00,NSE:CHOLAFIN,552.9,557.85,549.6,555.25,778938.0
2021-06-01 10:00:00,NSE:CHOLAFIN,555.1,555.55,546.4,548.3,580193.0
2021-06-01 11:00:00,NSE:CHOLAFIN,548.25,549.2,542.45,543.0,885674.0
2021-06-01 12:00:00,NSE:CHOLAFIN,543.3,550.4,542.7,549.4,349743.0
2021-06-01 13:00:00,NSE:CHOLAFIN,549.4,551.75,548.4,549.6,143881.0
2021-06-01 14:00:00,NSE:CHOLAFIN,549.9,549.9,544.2,545.0,183880.0
2021-06-01 15:00:00,NSE:CHOLAFIN,545.15,547.45,543.2,545.65,228761.0
2021-06-02 09:00:00,NSE:CHOLAFIN,543.0,553.7,543.0,548.95,625012.0
2021-06-02 10:00:00,NSE:CHOLAFIN,548.9,552.5,546.0,551.85,242562.0
2021-06-02 11:00:00,NSE:CHOLAFIN,552.0,559.0,551.8,557.0,709392.0
2021-06-02 12:00:00,NSE:CHOLAFIN,556.95,558.05,550.3,551.0,541776.0
2021-06-02 13:00:00,NSE:CHOLAFIN,551.05,553.9,550.25,553.4,446357.0
2021-06-02 14:00:00,NSE:CHOLAFIN,553.55,557.5,550.55,555.65,558471.0
2021-06-02 15:00:00,NSE:CHOLAFIN,555.25,559.15,554.9,557.3,800293.0
2021-06-03 09:00:00,NSE:CHOLAFIN,560.55,569.0,558.1,568.15,873046.0
2021-06-03 10:00:00,NSE:CHOLAFIN,568.0,572.65,566.2,571.95,780359.0
2021-06-03 11:00:00,NSE:CHOLAFIN,572.0,572.5,568.05,569.5,385030.0
2021-06-03 12:00:00,NSE:CHOLAFIN,569.5,570.4,563.45,570.4,524585.0
2021-06-03 13:00:00,NSE:CHOLAFIN,570.25,574.15,570.05,571.8,637501.0
2021-06-03 14:00:00,NSE:CHOLAFIN,571.8,572.65,566.25,567.8,501526.0
2021-06-03 15:00:00,NSE:CHOLAFIN,567.6,571.2,567.5,568.65,457095.0
2021-06-04 09:00:00,NSE:CHOLAFIN,573.9,573.9,565.8,567.2,594132.0
2021-06-04 10:00:00,NSE:CHOLAFIN,567.2,569.7,564.8,568.25,185393.0
2021-06-04 11:00:00,NSE:CHOLAFIN,568.45,569.2,561.25,567.8,281273.0
2021-06-04 12:00:00,NSE:CHOLAFIN,567.9,571.55,567.65,570.55,267021.0
2021-06-04 13:00:00,NSE:CHOLAFIN,570.85,572.0,566.2,568.65,268091.0
2021-06-04 14:00:00,NSE:CHOLAFIN,568.5,572.3,567.55,570.4,438575.0
2021-06-04 15:00:00,NSE:CHOLAFIN,570.75,571.9,568.85,570.7,235782.0
2021-06-07 09:00:00,NSE:CHOLAFIN,572.75,573.5,567.0,567.95,395026.0
2021-06-07 10:00:00,NSE:CHOLAFIN,567.95,568.05,562.9,565.65,1064319.0
2021-06-07 11:00:00,NSE:CHOLAFIN,565.65,574.85,565.1,574.3,792864.0
2021-06-07 12:00:00,NSE:CHOLAFIN,574.3,578.55,572.3,574.15,1550692.0
2021-06-07 13:00:00,NSE:CHOLAFIN,574.15,580.2,572.85,577.7,801655.0
2021-06-07 14:00:00,NSE:CHOLAFIN,577.65,579.8,574.2,577.7,541903.0
2021-06-07 15:00:00,NSE:CHOLAFIN,578.0,584.75,577.0,580.1,738197.0
2021-06-08 09:00:00,NSE:CHOLAFIN,581.1,581.1,569.6,570.2,756882.0
2021-06-08 10:00:00,NSE:CHOLAFIN,570.35,577.2,566.0,576.5,569563.0
2021-06-08 11:00:00,NSE:CHOLAFIN,576.35,577.5,571.2,571.7,259957.0
2021-06-08 12:00:00,NSE:CHOLAFIN,572.0,572.0,568.5,570.0,368113.0
2021-06-08 13:00:00,NSE:CHOLAFIN,569.95,575.25,568.85,570.0,535882.0
2021-06-08 14:00:00,NSE:CHOLAFIN,570.0,572.75,569.2,571.85,558802.0
2021-06-08 15:00:00,NSE:CHOLAFIN,571.95,572.5,569.95,570.9,487151.0
2021-06-09 09:00:00,NSE:CHOLAFIN,570.9,572.25,564.0,567.6,746171.0
2021-06-09 10:00:00,NSE:CHOLAFIN,567.6,571.5,565.75,567.45,1210166.0
2021-06-09 11:00:00,NSE:CHOLAFIN,567.45,568.95,565.15,566.25,293884.0
2021-06-09 12:00:00,NSE:CHOLAFIN,566.25,567.9,565.05,565.75,218537.0
2021-06-09 13:00:00,NSE:CHOLAFIN,565.9,565.95,551.7,559.75,1358130.0
2021-06-09 14:00:00,NSE:CHOLAFIN,559.8,562.75,550.45,555.3,490953.0
2021-06-09 15:00:00,NSE:CHOLAFIN,555.65,559.0,553.3,555.8,443402.0
2021-06-10 09:00:00,NSE:CHOLAFIN,555.5,561.0,548.4,560.6,708853.0
2021-06-10 10:00:00,NSE:CHOLAFIN,560.6,564.5,559.05,562.65,272624.0
2021-06-10 11:00:00,NSE:CHOLAFIN,562.85,563.0,560.15,561.1,122684.0
2021-06-10 12:00:00,NSE:CHOLAFIN,561.1,563.9,559.55,562.0,609284.0
2021-06-10 13:00:00,NSE:CHOLAFIN,562.0,566.75,560.55,563.0,283965.0
2021-06-10 14:00:00,NSE:CHOLAFIN,562.9,570.75,562.0,568.1,774752.0
2021-06-10 15:00:00,NSE:CHOLAFIN,568.1,568.1,563.0,565.75,428619.0
2021-06-11 09:00:00,NSE:CHOLAFIN,566.7,575.5,565.75,569.5,579380.0
2021-06-11 10:00:00,NSE:CHOLAFIN,569.75,571.3,562.3,562.8,823018.0
2021-06-11 11:00:00,NSE:CHOLAFIN,562.45,564.0,559.5,563.55,371656.0
2021-06-11 12:00:00,NSE:CHOLAFIN,563.55,565.35,559.3,563.05,303930.0
2021-06-11 13:00:00,NSE:CHOLAFIN,563.05,563.5,560.25,560.6,212070.0
2021-06-11 14:00:00,NSE:CHOLAFIN,561.0,563.5,559.55,562.75,400231.0
2021-06-11 15:00:00,NSE:CHOLAFIN,563.0,563.7,560.65,562.3,354224.0
2021-06-14 09:00:00,NSE:CHOLAFIN,563.0,568.75,551.7,565.05,749540.0
2021-06-14 10:00:00,NSE:CHOLAFIN,565.0,566.5,560.45,564.9,569064.0
2021-06-14 11:00:00,NSE:CHOLAFIN,564.45,566.95,559.75,566.25,656780.0
2021-06-14 12:00:00,NSE:CHOLAFIN,566.2,566.85,561.7,565.0,212058.0
2021-06-14 13:00:00,NSE:CHOLAFIN,565.0,566.55,562.35,564.85,172442.0
2021-06-14 14:00:00,NSE:CHOLAFIN,564.7,571.2,564.6,569.3,524235.0
2021-06-14 15:00:00,NSE:CHOLAFIN,569.2,571.15,568.1,569.9,237805.0
2021-06-15 09:00:00,NSE:CHOLAFIN,570.0,579.7,569.4,576.25,1155162.0
2021-06-15 10:00:00,NSE:CHOLAFIN,576.25,577.1,572.0,575.5,513365.0
2021-06-15 11:00:00,NSE:CHOLAFIN,575.5,576.7,573.3,573.75,309514.0
2021-06-15 12:00:00,NSE:CHOLAFIN,573.9,574.25,568.4,569.7,328617.0
2021-06-15 13:00:00,NSE:CHOLAFIN,569.75,571.5,568.4,569.0,311039.0
2021-06-15 14:00:00,NSE:CHOLAFIN,569.3,570.5,565.7,569.05,458702.0
2021-06-15 15:00:00,NSE:CHOLAFIN,569.1,571.25,565.0,566.0,389629.0
2021-06-16 09:00:00,NSE:CHOLAFIN,568.9,569.75,563.4,565.45,251768.0
2021-06-16 10:00:00,NSE:CHOLAFIN,565.25,566.7,560.1,562.75,159097.0
2021-06-16 11:00:00,NSE:CHOLAFIN,562.75,569.6,562.75,569.45,201844.0
2021-06-16 12:00:00,NSE:CHOLAFIN,569.4,571.0,563.6,563.8,413191.0
2021-06-16 13:00:00,NSE:CHOLAFIN,563.75,569.15,563.4,568.0,127863.0
2021-06-16 14:00:00,NSE:CHOLAFIN,567.95,569.1,565.5,566.6,105903.0
2021-06-16 15:00:00,NSE:CHOLAFIN,566.5,566.7,562.0,564.25,202017.0
2021-06-17 09:00:00,NSE:CHOLAFIN,559.0,562.9,555.2,561.25,389651.0
2021-06-17 10:00:00,NSE:CHOLAFIN,561.5,565.45,560.6,561.6,139679.0
2021-06-17 11:00:00,NSE:CHOLAFIN,561.5,561.85,556.8,558.3,193965.0
2021-06-17 12:00:00,NSE:CHOLAFIN,558.35,560.1,557.05,559.5,86706.0
2021-06-17 13:00:00,NSE:CHOLAFIN,559.5,560.55,552.75,554.3,217402.0
2021-06-17 14:00:00,NSE:CHOLAFIN,554.6,554.6,545.05,546.6,441807.0
2021-06-17 15:00:00,NSE:CHOLAFIN,547.0,551.6,546.95,549.8,329639.0
2021-06-18 09:00:00,NSE:CHOLAFIN,552.9,554.25,531.0,532.0,705550.0
2021-06-18 10:00:00,NSE:CHOLAFIN,532.05,537.0,518.0,518.75,799681.0
2021-06-18 11:00:00,NSE:CHOLAFIN,518.5,530.2,518.5,528.65,431384.0
2021-06-18 12:00:00,NSE:CHOLAFIN,528.4,530.0,525.5,527.85,329216.0
2021-06-18 13:00:00,NSE:CHOLAFIN,527.9,527.9,521.7,526.8,401965.0
2021-06-18 14:00:00,NSE:CHOLAFIN,526.8,537.5,526.55,534.95,760495.0
2021-06-18 15:00:00,NSE:CHOLAFIN,534.9,540.35,534.9,538.5,2076108.0
2021-06-21 09:00:00,NSE:CHOLAFIN,534.0,539.95,528.55,534.7,502496.0
2021-06-21 10:00:00,NSE:CHOLAFIN,534.95,538.0,534.25,535.8,181568.0
2021-06-21 11:00:00,NSE:CHOLAFIN,535.7,536.8,532.4,532.5,162319.0
2021-06-21 12:00:00,NSE:CHOLAFIN,532.4,533.0,528.05,530.55,331369.0
2021-06-21 13:00:00,NSE:CHOLAFIN,530.75,546.6,529.7,540.9,940106.0
2021-06-21 14:00:00,NSE:CHOLAFIN,541.15,545.0,539.75,544.0,217794.0
2021-06-21 15:00:00,NSE:CHOLAFIN,544.3,545.35,541.2,541.6,191343.0
2021-06-22 09:00:00,NSE:CHOLAFIN,546.0,550.5,538.65,550.5,654312.0
2021-06-22 10:00:00,NSE:CHOLAFIN,550.6,553.6,549.65,552.45,595119.0
2021-06-22 11:00:00,NSE:CHOLAFIN,552.45,552.95,547.0,547.95,407502.0
2021-06-22 12:00:00,NSE:CHOLAFIN,548.0,549.0,546.6,548.05,82113.0
2021-06-22 13:00:00,NSE:CHOLAFIN,547.9,548.4,543.0,544.15,112708.0
2021-06-22 14:00:00,NSE:CHOLAFIN,544.0,546.4,541.5,544.4,225891.0
2021-06-22 15:00:00,NSE:CHOLAFIN,544.9,545.05,540.2,541.05,226813.0
2021-06-23 09:00:00,NSE:CHOLAFIN,543.0,547.3,536.85,542.35,406083.0
2021-06-23 10:00:00,NSE:CHOLAFIN,542.2,543.75,537.0,538.55,235061.0
2021-06-23 11:00:00,NSE:CHOLAFIN,538.85,540.0,536.4,537.2,139620.0
2021-06-23 12:00:00,NSE:CHOLAFIN,537.0,540.6,537.0,537.9,195454.0
2021-06-23 13:00:00,NSE:CHOLAFIN,538.3,542.8,537.5,541.65,247669.0
2021-06-23 14:00:00,NSE:CHOLAFIN,541.75,542.2,535.65,537.1,320710.0
2021-06-23 15:00:00,NSE:CHOLAFIN,537.35,538.0,535.0,535.4,185351.0
2021-06-24 09:00:00,NSE:CHOLAFIN,536.2,536.2,529.3,534.95,433594.0
2021-06-24 10:00:00,NSE:CHOLAFIN,534.85,535.75,530.7,535.0,344105.0
2021-06-24 11:00:00,NSE:CHOLAFIN,534.85,536.65,533.8,534.5,187574.0
2021-06-24 12:00:00,NSE:CHOLAFIN,534.25,535.1,532.1,534.5,216554.0
2021-06-24 13:00:00,NSE:CHOLAFIN,534.5,535.15,531.05,531.15,152999.0
2021-06-24 14:00:00,NSE:CHOLAFIN,531.15,533.15,529.5,530.1,223035.0
2021-06-24 15:00:00,NSE:CHOLAFIN,530.25,531.9,528.5,530.05,221596.0
2021-06-25 09:00:00,NSE:CHOLAFIN,531.75,536.0,529.1,533.85,1350063.0
2021-06-25 10:00:00,NSE:CHOLAFIN,533.8,534.45,530.05,531.25,210224.0
2021-06-25 11:00:00,NSE:CHOLAFIN,531.5,533.05,530.0,531.75,173002.0
2021-06-25 12:00:00,NSE:CHOLAFIN,531.75,532.25,529.15,531.2,173133.0
2021-06-25 13:00:00,NSE:CHOLAFIN,531.2,532.9,530.0,531.4,240977.0
2021-06-25 14:00:00,NSE:CHOLAFIN,531.4,532.3,529.1,530.9,246954.0
2021-06-25 15:00:00,NSE:CHOLAFIN,531.25,533.0,531.1,533.0,305436.0
2021-06-28 09:00:00,NSE:CHOLAFIN,536.9,536.9,529.6,530.35,399698.0
2021-06-28 10:00:00,NSE:CHOLAFIN,530.25,531.45,527.35,528.55,264034.0
2021-06-28 11:00:00,NSE:CHOLAFIN,528.55,529.0,525.85,526.25,314637.0
2021-06-28 12:00:00,NSE:CHOLAFIN,526.2,528.95,524.25,527.75,290271.0
2021-06-28 13:00:00,NSE:CHOLAFIN,527.85,529.0,526.4,526.8,159442.0
2021-06-28 14:00:00,NSE:CHOLAFIN,526.9,529.2,526.5,527.55,318538.0
2021-06-28 15:00:00,NSE:CHOLAFIN,528.05,528.2,521.35,523.0,1342301.0
2021-06-29 09:00:00,NSE:CHOLAFIN,524.8,527.0,519.1,520.4,509597.0
2021-06-29 10:00:00,NSE:CHOLAFIN,520.2,522.95,518.6,520.6,347705.0
2021-06-29 11:00:00,NSE:CHOLAFIN,520.8,525.5,520.7,522.75,287739.0
2021-06-29 12:00:00,NSE:CHOLAFIN,522.75,523.2,520.15,520.8,218116.0
2021-06-29 13:00:00,NSE:CHOLAFIN,520.55,521.95,520.25,521.25,164375.0
2021-06-29 14:00:00,NSE:CHOLAFIN,521.25,521.25,515.7,518.85,600479.0
2021-06-29 15:00:00,NSE:CHOLAFIN,518.75,520.6,517.6,519.35,439725.0
2021-06-30 09:00:00,NSE:CHOLAFIN,523.3,523.75,513.05,520.9,651751.0
2021-06-30 10:00:00,NSE:CHOLAFIN,520.9,522.55,520.1,521.95,302129.0
2021-06-30 11:00:00,NSE:CHOLAFIN,521.75,524.0,520.8,521.0,301146.0
2021-06-30 12:00:00,NSE:CHOLAFIN,520.95,521.8,518.7,519.8,248821.0
2021-06-30 13:00:00,NSE:CHOLAFIN,519.95,521.0,516.5,517.9,140657.0
2021-06-30 14:00:00,NSE:CHOLAFIN,518.15,519.2,514.55,514.65,190264.0
2021-06-30 15:00:00,NSE:CHOLAFIN,514.85,515.55,511.7,512.9,465746.0
2021-07-01 09:00:00,NSE:CHOLAFIN,514.0,515.25,504.25,505.25,766132.0
2021-07-01 10:00:00,NSE:CHOLAFIN,505.1,507.4,502.75,504.0,828604.0
2021-07-01 11:00:00,NSE:CHOLAFIN,503.9,509.6,503.8,507.9,569571.0
2021-07-01 12:00:00,NSE:CHOLAFIN,507.9,511.2,505.85,507.35,928330.0
2021-07-01 13:00:00,NSE:CHOLAFIN,507.35,507.5,504.15,505.4,520411.0
2021-07-01 14:00:00,NSE:CHOLAFIN,505.6,508.9,505.35,507.25,768970.0
2021-07-01 15:00:00,NSE:CHOLAFIN,507.95,507.95,505.3,506.8,336241.0
2021-07-02 09:00:00,NSE:CHOLAFIN,509.9,509.95,504.05,506.1,482097.0
2021-07-02 10:00:00,NSE:CHOLAFIN,506.35,509.5,505.0,507.25,283267.0
2021-07-02 11:00:00,NSE:CHOLAFIN,507.25,509.5,505.0,509.4,345228.0
2021-07-02 12:00:00,NSE:CHOLAFIN,509.35,513.4,508.4,511.4,430204.0
2021-07-02 13:00:00,NSE:CHOLAFIN,511.4,514.55,509.0,509.4,614726.0
2021-07-02 14:00:00,NSE:CHOLAFIN,509.35,511.8,507.4,508.7,575188.0
2021-07-02 15:00:00,NSE:CHOLAFIN,508.7,511.0,508.7,510.1,229103.0
2021-07-05 09:00:00,NSE:CHOLAFIN,513.95,515.9,508.2,509.45,415934.0
2021-07-05 10:00:00,NSE:CHOLAFIN,509.3,513.65,509.05,513.35,287362.0
2021-07-05 11:00:00,NSE:CHOLAFIN,513.4,514.0,511.45,512.6,136454.0
2021-07-05 12:00:00,NSE:CHOLAFIN,512.95,515.0,512.0,512.6,176441.0
2021-07-05 13:00:00,NSE:CHOLAFIN,512.65,514.7,509.85,514.0,357820.0
2021-07-05 14:00:00,NSE:CHOLAFIN,514.25,519.5,514.05,519.2,557177.0
2021-07-05 15:00:00,NSE:CHOLAFIN,519.1,520.0,518.0,519.5,263138.0
2021-07-06 09:00:00,NSE:CHOLAFIN,521.0,530.0,519.25,529.75,1588487.0
2021-07-06 10:00:00,NSE:CHOLAFIN,529.75,532.75,523.6,524.5,1196671.0
2021-07-06 11:00:00,NSE:CHOLAFIN,524.3,525.0,521.0,524.7,595150.0
2021-07-06 12:00:00,NSE:CHOLAFIN,524.7,526.2,523.1,524.6,334954.0
2021-07-06 13:00:00,NSE:CHOLAFIN,524.6,528.9,523.55,527.25,322654.0
2021-07-06 14:00:00,NSE:CHOLAFIN,527.35,528.3,520.55,523.95,336597.0
2021-07-06 15:00:00,NSE:CHOLAFIN,523.45,525.0,520.05,521.05,273075.0
2021-07-07 09:00:00,NSE:CHOLAFIN,523.0,530.5,522.5,528.0,950384.0
2021-07-07 10:00:00,NSE:CHOLAFIN,528.0,529.8,523.3,523.8,309286.0
2021-07-07 11:00:00,NSE:CHOLAFIN,523.75,524.85,521.25,523.2,263624.0
2021-07-07 12:00:00,NSE:CHOLAFIN,523.15,523.85,518.0,518.35,235961.0
2021-07-07 13:00:00,NSE:CHOLAFIN,518.1,519.1,515.3,517.5,265988.0
2021-07-07 14:00:00,NSE:CHOLAFIN,517.5,520.25,516.7,519.6,404698.0
2021-07-07 15:00:00,NSE:CHOLAFIN,519.8,520.5,517.8,518.95,223161.0
2021-07-08 09:00:00,NSE:CHOLAFIN,522.5,525.45,518.0,519.5,550722.0
2021-07-08 10:00:00,NSE:CHOLAFIN,519.5,521.0,517.45,520.55,188438.0
2021-07-08 11:00:00,NSE:CHOLAFIN,520.55,522.85,520.15,521.9,259399.0
2021-07-08 12:00:00,NSE:CHOLAFIN,521.65,521.75,514.0,514.9,344686.0
2021-07-08 13:00:00,NSE:CHOLAFIN,514.9,515.55,512.15,512.9,254502.0
2021-07-08 14:00:00,NSE:CHOLAFIN,512.55,512.95,510.3,510.85,310662.0
2021-07-08 15:00:00,NSE:CHOLAFIN,511.3,515.35,511.05,514.35,367444.0
2021-07-09 09:00:00,NSE:CHOLAFIN,516.0,516.0,508.2,511.3,514748.0
2021-07-09 10:00:00,NSE:CHOLAFIN,511.45,513.6,510.2,510.7,450014.0
2021-07-09 11:00:00,NSE:CHOLAFIN,510.55,511.1,509.2,509.35,203945.0
2021-07-09 12:00:00,NSE:CHOLAFIN,509.35,514.1,509.05,512.5,460355.0
2021-07-09 13:00:00,NSE:CHOLAFIN,512.5,515.85,511.5,515.4,299294.0
2021-07-09 14:00:00,NSE:CHOLAFIN,515.35,520.75,515.0,519.7,410419.0
2021-07-09 15:00:00,NSE:CHOLAFIN,519.8,520.2,518.25,519.5,226211.0
2021-07-12 09:00:00,NSE:CHOLAFIN,523.5,526.55,519.7,521.4,494578.0
2021-07-12 10:00:00,NSE:CHOLAFIN,521.55,522.35,519.0,520.5,167640.0
2021-07-12 11:00:00,NSE:CHOLAFIN,520.8,521.85,519.55,519.95,113683.0
2021-07-12 12:00:00,NSE:CHOLAFIN,520.0,521.75,519.0,521.6,155428.0
2021-07-12 13:00:00,NSE:CHOLAFIN,521.6,523.0,515.3,518.45,288915.0
2021-07-12 14:00:00,NSE:CHOLAFIN,518.5,518.9,516.25,518.0,89252.0
2021-07-12 15:00:00,NSE:CHOLAFIN,518.0,518.4,515.35,516.65,223788.0
2021-07-13 09:00:00,NSE:CHOLAFIN,520.0,520.3,513.0,513.5,263229.0
2021-07-13 10:00:00,NSE:CHOLAFIN,513.9,514.2,510.0,510.6,284948.0
2021-07-13 11:00:00,NSE:CHOLAFIN,510.5,518.5,510.5,517.0,486081.0
2021-07-13 12:00:00,NSE:CHOLAFIN,517.0,521.1,515.7,520.0,296570.0
2021-07-13 13:00:00,NSE:CHOLAFIN,520.05,521.35,517.3,518.85,218417.0
2021-07-13 14:00:00,NSE:CHOLAFIN,519.1,520.7,518.0,518.05,136742.0
2021-07-13 15:00:00,NSE:CHOLAFIN,518.15,519.0,517.0,517.95,156330.0
2021-07-14 09:00:00,NSE:CHOLAFIN,520.0,520.0,513.35,513.65,256617.0
2021-07-14 10:00:00,NSE:CHOLAFIN,513.65,516.7,513.55,515.85,131814.0
2021-07-14 11:00:00,NSE:CHOLAFIN,515.65,515.8,515.0,515.55,96423.0
2021-07-14 12:00:00,NSE:CHOLAFIN,515.6,517.0,515.0,515.6,103898.0
2021-07-14 13:00:00,NSE:CHOLAFIN,515.6,516.0,513.05,514.0,98631.0
2021-07-14 14:00:00,NSE:CHOLAFIN,514.0,515.2,513.1,513.45,98278.0
2021-07-14 15:00:00,NSE:CHOLAFIN,513.5,514.35,513.0,513.15,201946.0
2021-07-15 09:00:00,NSE:CHOLAFIN,515.4,516.6,512.6,515.6,158491.0
2021-07-15 10:00:00,NSE:CHOLAFIN,515.7,517.8,515.25,516.6,217797.0
2021-07-15 11:00:00,NSE:CHOLAFIN,516.5,519.3,516.45,518.05,485453.0
2021-07-15 12:00:00,NSE:CHOLAFIN,518.1,518.85,515.05,515.2,113686.0
2021-07-15 13:00:00,NSE:CHOLAFIN,515.25,516.95,512.0,514.55,175431.0
2021-07-15 14:00:00,NSE:CHOLAFIN,514.45,515.4,513.5,514.95,140484.0
2021-07-15 15:00:00,NSE:CHOLAFIN,514.95,515.7,513.0,513.8,202079.0
2021-07-16 09:00:00,NSE:CHOLAFIN,516.2,516.2,511.4,512.3,209798.0
2021-07-16 10:00:00,NSE:CHOLAFIN,512.3,513.3,511.05,511.55,168379.0
2021-07-16 11:00:00,NSE:CHOLAFIN,511.5,513.0,509.75,510.05,236459.0
2021-07-16 12:00:00,NSE:CHOLAFIN,510.1,511.5,508.3,510.95,380026.0
2021-07-16 13:00:00,NSE:CHOLAFIN,511.05,513.45,510.7,512.5,395220.0
2021-07-16 14:00:00,NSE:CHOLAFIN,512.35,514.65,512.0,513.35,290286.0
2021-07-16 15:00:00,NSE:CHOLAFIN,513.4,513.95,511.25,512.4,182814.0
2021-07-19 09:00:00,NSE:CHOLAFIN,509.95,516.4,506.2,514.6,602107.0
2021-07-19 10:00:00,NSE:CHOLAFIN,514.6,514.7,511.9,513.0,312446.0
2021-07-19 11:00:00,NSE:CHOLAFIN,512.8,513.35,509.75,511.4,442583.0
2021-07-19 12:00:00,NSE:CHOLAFIN,511.2,511.45,507.65,507.8,329874.0
2021-07-19 13:00:00,NSE:CHOLAFIN,507.8,508.95,507.0,508.25,297676.0
2021-07-19 14:00:00,NSE:CHOLAFIN,508.0,508.65,504.0,506.05,521484.0
2021-07-19 15:00:00,NSE:CHOLAFIN,506.15,507.3,505.5,506.0,222204.0
2021-07-20 09:00:00,NSE:CHOLAFIN,510.15,510.15,496.5,498.2,553737.0
2021-07-20 10:00:00,NSE:CHOLAFIN,498.3,498.7,484.65,487.05,1391273.0
2021-07-20 11:00:00,NSE:CHOLAFIN,487.05,490.75,479.0,489.0,1368738.0
2021-07-20 12:00:00,NSE:CHOLAFIN,489.0,494.45,487.05,494.3,905854.0
2021-07-20 13:00:00,NSE:CHOLAFIN,494.1,498.2,493.55,497.25,527365.0
2021-07-20 14:00:00,NSE:CHOLAFIN,497.45,501.5,494.85,495.0,608820.0
2021-07-20 15:00:00,NSE:CHOLAFIN,494.75,495.35,487.65,490.2,608232.0
2021-07-22 09:00:00,NSE:CHOLAFIN,499.0,499.7,490.25,495.25,506398.0
2021-07-22 10:00:00,NSE:CHOLAFIN,495.25,495.25,490.3,493.65,249381.0
2021-07-22 11:00:00,NSE:CHOLAFIN,493.5,494.0,491.9,493.0,235716.0
2021-07-22 12:00:00,NSE:CHOLAFIN,493.2,496.5,491.2,492.2,350260.0
2021-07-22 13:00:00,NSE:CHOLAFIN,492.1,493.05,492.0,492.7,143097.0
2021-07-22 14:00:00,NSE:CHOLAFIN,492.75,492.8,487.5,489.7,427220.0
2021-07-22 15:00:00,NSE:CHOLAFIN,489.4,498.2,489.25,494.75,813850.0
2021-07-23 09:00:00,NSE:CHOLAFIN,498.0,502.65,491.1,502.65,690596.0
2021-07-23 10:00:00,NSE:CHOLAFIN,502.9,505.85,498.5,501.9,623074.0
2021-07-23 11:00:00,NSE:CHOLAFIN,501.85,502.65,497.9,499.35,357777.0
2021-07-23 12:00:00,NSE:CHOLAFIN,499.35,501.5,498.8,499.75,208168.0
2021-07-23 13:00:00,NSE:CHOLAFIN,499.8,503.8,498.95,502.75,309473.0
2021-07-23 14:00:00,NSE:CHOLAFIN,502.8,503.0,499.2,499.65,152592.0
2021-07-23 15:00:00,NSE:CHOLAFIN,499.65,500.75,498.0,499.05,273115.0
2021-07-26 09:00:00,NSE:CHOLAFIN,499.95,503.0,495.65,502.65,286053.0
2021-07-26 10:00:00,NSE:CHOLAFIN,502.75,505.75,501.0,502.15,260251.0
2021-07-26 11:00:00,NSE:CHOLAFIN,501.85,502.35,497.8,499.1,141365.0
2021-07-26 12:00:00,NSE:CHOLAFIN,499.0,501.45,499.0,499.2,110225.0
2021-07-26 13:00:00,NSE:CHOLAFIN,499.2,500.3,498.0,499.0,71093.0
2021-07-26 14:00:00,NSE:CHOLAFIN,498.65,498.95,496.5,497.0,141897.0
2021-07-26 15:00:00,NSE:CHOLAFIN,497.2,497.4,487.8,491.7,344741.0
2021-07-27 09:00:00,NSE:CHOLAFIN,492.0,496.6,491.2,494.0,169072.0
2021-07-27 10:00:00,NSE:CHOLAFIN,493.95,495.3,492.4,493.75,123115.0
2021-07-27 11:00:00,NSE:CHOLAFIN,494.0,494.45,488.0,489.75,204609.0
2021-07-27 12:00:00,NSE:CHOLAFIN,489.7,490.15,484.65,485.0,287995.0
2021-07-27 13:00:00,NSE:CHOLAFIN,484.95,487.9,483.4,485.4,363657.0
2021-07-27 14:00:00,NSE:CHOLAFIN,485.4,486.45,484.1,484.7,273743.0
2021-07-27 15:00:00,NSE:CHOLAFIN,484.6,485.55,481.3,483.3,524973.0
2021-07-28 09:00:00,NSE:CHOLAFIN,485.0,485.0,472.3,474.3,630079.0
2021-07-28 10:00:00,NSE:CHOLAFIN,474.3,475.2,472.55,472.95,671003.0
2021-07-28 11:00:00,NSE:CHOLAFIN,472.95,475.55,470.05,471.9,1300107.0
2021-07-28 12:00:00,NSE:CHOLAFIN,471.9,475.4,471.8,472.75,914692.0
2021-07-28 13:00:00,NSE:CHOLAFIN,473.15,481.95,472.6,480.9,614437.0
2021-07-28 14:00:00,NSE:CHOLAFIN,480.9,482.45,477.45,480.4,321491.0
2021-07-28 15:00:00,NSE:CHOLAFIN,480.6,483.55,479.25,481.1,389710.0
2021-07-29 09:00:00,NSE:CHOLAFIN,484.0,487.1,481.2,482.0,188547.0
2021-07-29 10:00:00,NSE:CHOLAFIN,482.15,487.7,482.0,487.15,212204.0
2021-07-29 11:00:00,NSE:CHOLAFIN,487.15,495.5,486.25,491.95,727937.0
2021-07-29 12:00:00,NSE:CHOLAFIN,491.55,492.0,488.35,489.8,208095.0
2021-07-29 13:00:00,NSE:CHOLAFIN,490.05,490.95,486.4,487.3,132453.0
2021-07-29 14:00:00,NSE:CHOLAFIN,487.3,491.2,481.7,485.15,535081.0
2021-07-29 15:00:00,NSE:CHOLAFIN,485.1,490.0,484.6,487.15,684771.0
2021-07-30 09:00:00,NSE:CHOLAFIN,491.0,491.0,470.5,472.6,1145163.0
2021-07-30 10:00:00,NSE:CHOLAFIN,472.8,478.0,471.25,474.85,499790.0
2021-07-30 11:00:00,NSE:CHOLAFIN,474.8,477.5,471.4,476.8,336330.0
2021-07-30 12:00:00,NSE:CHOLAFIN,476.8,480.95,475.45,480.0,376899.0
2021-07-30 13:00:00,NSE:CHOLAFIN,480.0,484.0,478.6,482.4,334238.0
2021-07-30 14:00:00,NSE:CHOLAFIN,482.4,484.9,475.05,476.85,1023914.0
2021-07-30 15:00:00,NSE:CHOLAFIN,476.85,479.1,473.75,475.0,548695.0
