datetime,symbol,open,high,low,close,volume
2019-08-05 09:00:00,NSE:CREATIVE,67.5,67.7,67.5,67.7,2750.0
2019-08-05 10:00:00,NSE:CREATIVE,67.7,67.7,67.7,67.7,100.0
2019-08-05 11:00:00,NSE:CREATIVE,67.7,67.7,66.2,67.7,380.0
2019-08-05 12:00:00,NSE:CREATIVE,67.7,67.7,67.7,67.7,400.0
2019-08-05 13:00:00,NSE:CREATIVE,67.7,67.7,67.7,67.7,25.0
2019-08-05 14:00:00,NSE:CREATIVE,67.7,67.7,67.7,67.7,2.0
2019-08-05 15:00:00,NSE:CREATIVE,67.7,67.7,67.7,67.7,506.0
2019-08-06 09:00:00,NSE:CREATIVE,68.0,68.2,68.0,68.2,115.0
2019-08-06 10:00:00,NSE:CREATIVE,68.2,71.0,68.0,71.0,740.0
2019-08-06 11:00:00,NSE:CREATIVE,70.85,71.05,70.85,71.05,410.0
2019-08-06 12:00:00,NSE:CREATIVE,71.05,71.05,71.05,71.05,108.0
2019-08-06 14:00:00,NSE:CREATIVE,71.0,71.05,71.0,71.05,13.0
2019-08-06 15:00:00,NSE:CREATIVE,71.05,71.05,69.35,69.35,140.0
2019-08-07 09:00:00,NSE:CREATIVE,74.4,74.45,70.0,74.45,2304.0
2019-08-07 10:00:00,NSE:CREATIVE,74.45,74.45,74.45,74.45,125.0
2019-08-07 11:00:00,NSE:CREATIVE,74.45,74.45,74.45,74.45,101.0
2019-08-07 12:00:00,NSE:CREATIVE,74.45,74.45,74.45,74.45,5.0
2019-08-07 13:00:00,NSE:CREATIVE,74.45,74.45,74.45,74.45,185.0
2019-08-07 15:00:00,NSE:CREATIVE,70.05,70.05,70.0,70.0,2.0
2019-08-08 09:00:00,NSE:CREATIVE,69.0,73.5,69.0,70.25,2251.0
2019-08-08 10:00:00,NSE:CREATIVE,73.4,73.4,73.4,73.4,2.0
2019-08-08 11:00:00,NSE:CREATIVE,73.4,73.4,73.4,73.4,1.0
2019-08-08 13:00:00,NSE:CREATIVE,73.3,73.3,73.3,73.3,50.0
2019-08-08 14:00:00,NSE:CREATIVE,73.0,73.0,70.1,70.1,110.0
2019-08-08 15:00:00,NSE:CREATIVE,72.1,72.1,70.25,72.1,577.0
2019-08-09 09:00:00,NSE:CREATIVE,75.0,75.0,75.0,75.0,2206.0
2019-08-09 10:00:00,NSE:CREATIVE,75.0,75.4,75.0,75.4,45.0
2019-08-09 11:00:00,NSE:CREATIVE,71.1,75.0,71.0,75.0,1200.0
2019-08-09 12:00:00,NSE:CREATIVE,74.5,74.9,74.5,74.9,20.0
2019-08-09 13:00:00,NSE:CREATIVE,74.85,74.85,74.85,74.85,35.0
2019-08-09 14:00:00,NSE:CREATIVE,71.0,74.75,71.0,74.7,65.0
2019-08-09 15:00:00,NSE:CREATIVE,71.05,71.05,70.6,70.6,5006.0
2019-08-13 09:00:00,NSE:CREATIVE,73.5,73.5,71.0,71.0,2212.0
2019-08-13 10:00:00,NSE:CREATIVE,73.0,74.25,72.0,72.0,950.0
2019-08-13 11:00:00,NSE:CREATIVE,72.05,72.05,72.05,72.05,88.0
2019-08-13 15:00:00,NSE:CREATIVE,74.35,74.35,71.1,71.1,530.0
2019-08-14 10:00:00,NSE:CREATIVE,71.1,75.2,71.1,75.2,51.0
2019-08-14 11:00:00,NSE:CREATIVE,71.1,72.0,71.1,72.0,210.0
2019-08-14 12:00:00,NSE:CREATIVE,70.0,70.0,69.75,69.75,6400.0
2019-08-14 13:00:00,NSE:CREATIVE,70.05,71.95,70.05,71.95,13.0
2019-08-14 14:00:00,NSE:CREATIVE,71.95,71.95,69.55,70.0,2014.0
2019-08-14 15:00:00,NSE:CREATIVE,73.0,73.0,73.0,73.0,1400.0
2019-08-16 09:00:00,NSE:CREATIVE,73.05,73.5,73.05,73.5,140.0
2019-08-16 12:00:00,NSE:CREATIVE,73.5,73.5,73.5,73.5,1.0
2019-08-16 13:00:00,NSE:CREATIVE,72.05,74.0,72.05,74.0,1404.0
2019-08-16 14:00:00,NSE:CREATIVE,74.0,76.5,74.0,76.5,8.0
2019-08-16 15:00:00,NSE:CREATIVE,72.1,72.1,72.1,72.1,100.0
2019-08-19 09:00:00,NSE:CREATIVE,75.65,75.65,74.75,74.75,105.0
2019-08-19 10:00:00,NSE:CREATIVE,72.1,74.45,72.1,74.45,205.0
2019-08-19 11:00:00,NSE:CREATIVE,72.05,72.05,72.05,72.05,55.0
2019-08-19 12:00:00,NSE:CREATIVE,71.0,71.0,71.0,71.0,122.0
2019-08-19 13:00:00,NSE:CREATIVE,72.0,72.0,72.0,72.0,3.0
2019-08-19 14:00:00,NSE:CREATIVE,71.7,71.7,71.7,71.7,109.0
2019-08-19 15:00:00,NSE:CREATIVE,71.7,71.7,71.7,71.7,121.0
2019-08-20 09:00:00,NSE:CREATIVE,73.5,73.5,73.5,73.5,2300.0
2019-08-20 10:00:00,NSE:CREATIVE,72.0,72.0,72.0,72.0,3.0
2019-08-21 09:00:00,NSE:CREATIVE,72.0,75.0,72.0,74.0,548.0
2019-08-21 13:00:00,NSE:CREATIVE,72.1,74.8,72.1,74.8,300.0
2019-08-21 15:00:00,NSE:CREATIVE,74.95,74.95,74.95,74.95,10.0
2019-08-22 09:00:00,NSE:CREATIVE,73.05,73.05,73.0,73.05,3203.0
2019-08-22 10:00:00,NSE:CREATIVE,73.05,73.05,73.05,73.05,400.0
2019-08-22 11:00:00,NSE:CREATIVE,73.0,75.5,73.0,75.0,241.0
2019-08-22 12:00:00,NSE:CREATIVE,75.45,75.45,75.45,75.45,1.0
2019-08-22 13:00:00,NSE:CREATIVE,74.95,74.95,73.0,73.0,31.0
2019-08-22 14:00:00,NSE:CREATIVE,74.85,74.85,74.85,74.85,200.0
2019-08-22 15:00:00,NSE:CREATIVE,73.0,74.85,72.75,72.75,3055.0
2019-08-23 09:00:00,NSE:CREATIVE,72.0,72.0,71.75,71.75,9600.0
2019-08-23 10:00:00,NSE:CREATIVE,71.75,71.75,71.75,71.75,3.0
2019-08-23 13:00:00,NSE:CREATIVE,71.75,71.75,71.75,71.75,10.0
2019-08-26 09:00:00,NSE:CREATIVE,74.75,74.75,74.75,74.75,2500.0
2019-08-26 10:00:00,NSE:CREATIVE,72.0,72.0,71.75,71.75,9600.0
2019-08-26 11:00:00,NSE:CREATIVE,73.45,73.45,73.2,73.2,12.0
2019-08-26 14:00:00,NSE:CREATIVE,72.85,72.85,72.85,72.85,2.0
2019-08-26 15:00:00,NSE:CREATIVE,72.1,72.1,72.1,72.1,1108.0
2019-08-28 09:00:00,NSE:CREATIVE,72.55,72.55,72.55,72.55,469.0
2019-08-28 10:00:00,NSE:CREATIVE,74.9,74.9,74.9,74.9,25.0
2019-08-28 11:00:00,NSE:CREATIVE,74.9,74.9,72.5,72.5,120.0
2019-08-28 12:00:00,NSE:CREATIVE,74.5,74.5,74.5,74.5,2500.0
2019-08-28 15:00:00,NSE:CREATIVE,72.6,72.6,72.0,72.0,615.0
2019-08-29 10:00:00,NSE:CREATIVE,75.65,75.65,72.2,72.2,2.0
2019-08-29 11:00:00,NSE:CREATIVE,72.25,72.25,72.25,72.25,1.0
2019-08-29 13:00:00,NSE:CREATIVE,72.25,72.25,72.25,72.25,3.0
2019-08-29 14:00:00,NSE:CREATIVE,72.5,72.5,72.3,72.3,5000.0
2019-08-30 09:00:00,NSE:CREATIVE,72.1,72.1,72.1,72.1,10.0
2019-08-30 10:00:00,NSE:CREATIVE,72.15,72.5,72.15,72.15,100.0
2019-08-30 11:00:00,NSE:CREATIVE,72.0,72.0,72.0,72.0,90.0
2019-08-30 12:00:00,NSE:CREATIVE,73.0,75.0,73.0,75.0,2510.0
2019-08-30 13:00:00,NSE:CREATIVE,75.4,75.4,75.4,75.4,1.0
2019-08-30 14:00:00,NSE:CREATIVE,72.05,72.05,72.05,72.05,502.0
2019-08-30 15:00:00,NSE:CREATIVE,72.05,72.05,72.0,72.0,503.0
2019-09-03 13:00:00,NSE:CREATIVE,74.9,74.9,74.9,74.9,1.0
2019-09-03 15:00:00,NSE:CREATIVE,75.0,75.0,75.0,75.0,1.0
2019-09-04 11:00:00,NSE:CREATIVE,75.05,75.05,75.0,75.0,20.0
2019-09-04 14:00:00,NSE:CREATIVE,74.0,74.0,74.0,74.0,50.0
2019-09-05 10:00:00,NSE:CREATIVE,74.0,74.0,73.0,73.0,3200.0
2019-09-05 12:00:00,NSE:CREATIVE,77.45,77.45,77.45,77.45,1.0
2019-09-05 14:00:00,NSE:CREATIVE,77.0,77.0,77.0,77.0,2500.0
2019-09-05 15:00:00,NSE:CREATIVE,71.3,71.3,71.0,71.0,216.0
2019-09-06 10:00:00,NSE:CREATIVE,70.5,70.5,69.1,69.1,300.0
2019-09-06 11:00:00,NSE:CREATIVE,73.95,73.95,73.95,73.95,1.0
2019-09-06 15:00:00,NSE:CREATIVE,73.0,73.0,69.0,69.0,5211.0
2019-09-09 11:00:00,NSE:CREATIVE,72.0,72.0,72.0,72.0,50.0
2019-09-09 14:00:00,NSE:CREATIVE,72.75,72.75,72.75,72.75,2500.0
2019-09-09 15:00:00,NSE:CREATIVE,70.05,70.05,70.0,70.05,3070.0
2019-09-11 09:00:00,NSE:CREATIVE,72.65,72.65,72.65,72.65,1.0
2019-09-11 12:00:00,NSE:CREATIVE,71.95,71.95,71.95,71.95,25.0
2019-09-11 13:00:00,NSE:CREATIVE,71.95,71.95,71.95,71.95,52.0
2019-09-11 15:00:00,NSE:CREATIVE,70.05,70.05,70.0,70.0,603.0
2019-09-12 09:00:00,NSE:CREATIVE,69.3,72.5,69.3,72.5,2.0
2019-09-12 11:00:00,NSE:CREATIVE,69.0,69.0,69.0,69.0,25.0
2019-09-12 12:00:00,NSE:CREATIVE,69.0,69.95,69.0,69.95,161.0
2019-09-12 13:00:00,NSE:CREATIVE,69.95,69.95,69.95,69.95,1.0
2019-09-12 15:00:00,NSE:CREATIVE,69.05,69.05,69.0,69.0,11.0
2019-09-13 11:00:00,NSE:CREATIVE,70.0,70.0,70.0,70.0,40.0
2019-09-13 12:00:00,NSE:CREATIVE,70.0,70.0,70.0,70.0,10.0
2019-09-13 14:00:00,NSE:CREATIVE,70.95,70.95,70.0,70.0,2.0
2019-09-13 15:00:00,NSE:CREATIVE,69.5,69.5,69.0,69.0,3500.0
2019-09-16 15:00:00,NSE:CREATIVE,69.0,69.0,68.9,68.9,2800.0
2019-09-17 11:00:00,NSE:CREATIVE,68.9,68.9,68.9,68.9,2.0
2019-09-17 15:00:00,NSE:CREATIVE,66.75,66.75,66.75,66.75,250.0
2019-09-18 10:00:00,NSE:CREATIVE,66.75,66.75,66.75,66.75,1.0
2019-09-18 11:00:00,NSE:CREATIVE,68.95,68.95,68.95,68.95,2500.0
2019-09-18 14:00:00,NSE:CREATIVE,68.95,68.95,68.95,68.95,300.0
2019-09-18 15:00:00,NSE:CREATIVE,65.55,65.55,65.5,65.5,171.0
2019-09-19 10:00:00,NSE:CREATIVE,65.5,65.5,65.5,65.5,20.0
2019-09-19 11:00:00,NSE:CREATIVE,64.0,64.0,63.0,63.0,111.0
2019-09-19 12:00:00,NSE:CREATIVE,64.0,64.0,64.0,64.0,5.0
2019-09-19 15:00:00,NSE:CREATIVE,63.5,63.5,63.5,63.5,2500.0
2019-09-20 14:00:00,NSE:CREATIVE,63.6,63.6,63.6,63.6,200.0
2019-09-23 11:00:00,NSE:CREATIVE,61.6,61.6,61.6,61.6,1.0
2019-09-24 09:00:00,NSE:CREATIVE,60.0,61.0,60.0,61.0,76.0
2019-09-27 11:00:00,NSE:CREATIVE,61.1,61.1,61.1,61.1,2500.0
2019-09-30 14:00:00,NSE:CREATIVE,61.5,61.5,61.5,61.5,2500.0
2019-10-03 15:00:00,NSE:CREATIVE,64.0,64.0,64.0,64.0,2450.0
2019-10-04 15:00:00,NSE:CREATIVE,64.5,64.5,62.25,62.25,4900.0
2019-10-07 14:00:00,NSE:CREATIVE,62.6,63.5,62.6,63.5,4900.0
2019-10-07 15:00:00,NSE:CREATIVE,65.0,65.0,65.0,65.0,3.0
2019-10-09 11:00:00,NSE:CREATIVE,61.9,61.9,61.9,61.9,500.0
2019-10-10 09:00:00,NSE:CREATIVE,65.25,65.25,65.25,65.25,2450.0
2019-10-10 10:00:00,NSE:CREATIVE,67.95,67.95,67.95,67.95,51.0
2019-10-10 11:00:00,NSE:CREATIVE,65.0,65.0,65.0,65.0,11.0
2019-10-10 12:00:00,NSE:CREATIVE,65.0,65.0,65.0,65.0,41.0
2019-10-10 13:00:00,NSE:CREATIVE,65.0,65.0,63.0,64.5,2460.0
2019-10-10 14:00:00,NSE:CREATIVE,65.0,65.0,65.0,65.0,100.0
2019-10-10 15:00:00,NSE:CREATIVE,62.0,62.0,62.0,62.0,220.0
2019-10-11 09:00:00,NSE:CREATIVE,60.05,60.05,60.05,60.05,10.0
2019-10-11 10:00:00,NSE:CREATIVE,64.85,64.85,64.85,64.85,1.0
2019-10-11 12:00:00,NSE:CREATIVE,59.7,59.7,59.7,59.7,1500.0
2019-10-11 14:00:00,NSE:CREATIVE,63.95,63.95,63.95,63.95,10.0
2019-10-11 15:00:00,NSE:CREATIVE,59.7,59.7,59.7,59.7,2.0
2019-10-14 10:00:00,NSE:CREATIVE,65.65,65.65,60.0,60.0,2.0
2019-10-14 12:00:00,NSE:CREATIVE,58.0,58.0,58.0,58.0,100.0
2019-10-14 13:00:00,NSE:CREATIVE,58.0,58.0,58.0,58.0,404.0
2019-10-14 15:00:00,NSE:CREATIVE,65.0,65.0,64.0,64.0,4900.0
2019-10-15 10:00:00,NSE:CREATIVE,64.0,70.95,64.0,70.7,307.0
2019-10-15 11:00:00,NSE:CREATIVE,70.7,70.7,70.7,70.7,4.0
2019-10-15 12:00:00,NSE:CREATIVE,70.65,70.65,69.0,69.0,4910.0
2019-10-15 13:00:00,NSE:CREATIVE,64.4,64.4,64.4,64.4,230.0
2019-10-15 14:00:00,NSE:CREATIVE,68.95,68.95,68.95,68.95,235.0
2019-10-15 15:00:00,NSE:CREATIVE,62.7,62.7,62.15,62.3,683.0
2019-10-16 14:00:00,NSE:CREATIVE,63.5,63.75,61.0,62.0,5595.0
2019-10-16 15:00:00,NSE:CREATIVE,62.0,62.0,60.0,60.0,205.0
2019-10-17 11:00:00,NSE:CREATIVE,61.5,61.5,61.5,61.5,800.0
2019-10-17 12:00:00,NSE:CREATIVE,61.5,61.5,61.5,61.5,300.0
2019-10-17 14:00:00,NSE:CREATIVE,60.75,61.5,60.75,61.5,4950.0
2019-10-18 09:00:00,NSE:CREATIVE,60.0,60.0,60.0,60.0,200.0
2019-10-18 12:00:00,NSE:CREATIVE,62.25,62.3,62.25,62.3,4900.0
2019-10-18 13:00:00,NSE:CREATIVE,61.5,65.0,61.5,64.5,5010.0
2019-10-22 09:00:00,NSE:CREATIVE,70.7,70.7,69.9,69.9,55.0
2019-10-22 13:00:00,NSE:CREATIVE,62.5,68.55,62.5,68.55,14900.0
2019-10-22 14:00:00,NSE:CREATIVE,61.0,61.0,61.0,61.0,40167.0
2019-10-22 15:00:00,NSE:CREATIVE,61.5,61.5,61.5,61.5,2.0
2019-10-23 12:00:00,NSE:CREATIVE,67.25,67.25,67.25,67.25,4950.0
2019-10-23 13:00:00,NSE:CREATIVE,67.5,67.5,61.2,65.5,8950.0
2019-10-23 14:00:00,NSE:CREATIVE,65.5,65.5,65.5,65.5,11.0
2019-10-23 15:00:00,NSE:CREATIVE,62.0,62.0,61.5,61.5,5200.0
2019-10-24 12:00:00,NSE:CREATIVE,61.75,61.75,60.1,60.1,8.0
2019-10-24 13:00:00,NSE:CREATIVE,65.75,65.75,60.15,60.15,9904.0
2019-10-24 14:00:00,NSE:CREATIVE,60.15,64.95,60.15,60.5,108.0
2019-10-25 10:00:00,NSE:CREATIVE,60.0,60.0,60.0,60.0,1.0
2019-10-25 14:00:00,NSE:CREATIVE,60.5,64.8,60.5,60.5,10001.0
2019-10-25 15:00:00,NSE:CREATIVE,65.0,65.0,61.55,64.95,225.0
2019-10-27 18:00:00,NSE:CREATIVE,71.0,71.0,71.0,71.0,60.0
2019-10-29 09:00:00,NSE:CREATIVE,65.0,65.0,65.0,65.0,1.0
2019-10-29 10:00:00,NSE:CREATIVE,71.0,71.0,71.0,71.0,7.0
2019-10-29 11:00:00,NSE:CREATIVE,70.75,71.0,70.75,70.9,10400.0
2019-10-29 13:00:00,NSE:CREATIVE,66.0,66.0,66.0,66.0,5.0
2019-10-29 14:00:00,NSE:CREATIVE,66.0,66.0,65.0,66.0,457.0
2019-10-29 15:00:00,NSE:CREATIVE,66.0,66.0,65.25,65.25,605.0
2019-10-30 11:00:00,NSE:CREATIVE,65.75,65.75,65.7,65.7,9900.0
2019-10-30 12:00:00,NSE:CREATIVE,70.0,70.0,70.0,70.0,50.0
2019-10-30 13:00:00,NSE:CREATIVE,62.0,62.55,62.0,62.55,49.0
2019-10-30 14:00:00,NSE:CREATIVE,63.0,63.0,62.8,62.8,1100.0
2019-10-30 15:00:00,NSE:CREATIVE,63.5,64.0,63.5,64.0,699.0
2019-10-31 09:00:00,NSE:CREATIVE,64.0,64.0,64.0,64.0,400.0
2019-10-31 10:00:00,NSE:CREATIVE,69.0,69.0,69.0,69.0,200.0
2019-10-31 11:00:00,NSE:CREATIVE,64.35,64.35,64.35,64.35,1.0
2019-10-31 12:00:00,NSE:CREATIVE,68.75,68.75,68.25,68.25,9900.0
2019-10-31 14:00:00,NSE:CREATIVE,64.0,64.5,63.8,64.5,1429.0
2019-10-31 15:00:00,NSE:CREATIVE,63.8,64.5,63.8,64.5,28.0
2019-11-01 09:00:00,NSE:CREATIVE,68.0,68.0,68.0,68.0,1.0
2019-11-01 11:00:00,NSE:CREATIVE,67.25,67.35,67.25,67.35,9900.0
2019-11-01 14:00:00,NSE:CREATIVE,64.5,64.5,64.5,64.5,1.0
2019-11-01 15:00:00,NSE:CREATIVE,64.0,64.5,64.0,64.5,4.0
2019-11-04 12:00:00,NSE:CREATIVE,64.5,64.5,64.5,64.5,50.0
2019-11-04 13:00:00,NSE:CREATIVE,64.05,64.05,64.05,64.05,4950.0
2019-11-04 14:00:00,NSE:CREATIVE,64.5,64.5,64.5,64.5,50.0
2019-11-05 09:00:00,NSE:CREATIVE,64.5,64.5,64.5,64.5,3.0
2019-11-05 11:00:00,NSE:CREATIVE,64.5,64.5,64.5,64.5,97.0
2019-11-05 15:00:00,NSE:CREATIVE,65.0,66.0,65.0,66.0,3297.0
2019-11-06 09:00:00,NSE:CREATIVE,66.0,66.0,66.0,66.0,3.0
2019-11-06 10:00:00,NSE:CREATIVE,66.0,66.0,66.0,66.0,115.0
2019-11-06 11:00:00,NSE:CREATIVE,66.0,66.0,66.0,66.0,3147.0
2019-11-06 12:00:00,NSE:CREATIVE,67.0,67.0,67.0,67.0,25.0
2019-11-06 15:00:00,NSE:CREATIVE,67.0,67.0,67.0,67.0,2541.0
2019-11-07 09:00:00,NSE:CREATIVE,67.0,72.0,66.0,70.6,9804.0
2019-11-07 12:00:00,NSE:CREATIVE,66.65,70.0,66.5,66.5,201.0
2019-11-07 13:00:00,NSE:CREATIVE,70.6,70.6,66.65,66.65,1100.0
2019-11-07 14:00:00,NSE:CREATIVE,66.55,69.9,66.55,69.9,181.0
2019-11-07 15:00:00,NSE:CREATIVE,69.9,69.9,69.9,69.9,1.0
2019-11-08 09:00:00,NSE:CREATIVE,71.6,71.6,68.0,70.0,10072.0
2019-11-08 10:00:00,NSE:CREATIVE,70.0,70.0,70.0,70.0,21.0
2019-11-08 13:00:00,NSE:CREATIVE,69.1,69.5,69.1,69.5,74.0
2019-11-08 15:00:00,NSE:CREATIVE,70.0,70.9,69.5,69.5,208.0
2019-11-11 09:00:00,NSE:CREATIVE,69.0,69.3,69.0,69.3,3510.0
2019-11-11 11:00:00,NSE:CREATIVE,69.0,69.25,69.0,69.25,2505.0
2019-11-11 12:00:00,NSE:CREATIVE,69.0,69.2,69.0,69.2,2500.0
2019-11-11 13:00:00,NSE:CREATIVE,69.3,69.3,69.3,69.3,26.0
2019-11-11 14:00:00,NSE:CREATIVE,69.25,69.25,68.3,68.3,2700.0
2019-11-11 15:00:00,NSE:CREATIVE,69.25,69.25,69.0,69.0,2705.0
2019-11-13 09:00:00,NSE:CREATIVE,69.05,69.05,69.05,69.05,64.0
2019-11-13 11:00:00,NSE:CREATIVE,69.5,69.95,69.35,69.65,3500.0
2019-11-13 12:00:00,NSE:CREATIVE,69.5,69.6,69.5,69.6,2505.0
2019-11-13 13:00:00,NSE:CREATIVE,69.5,69.65,69.05,69.65,2575.0
2019-11-13 14:00:00,NSE:CREATIVE,69.65,69.65,69.65,69.65,20.0
2019-11-13 15:00:00,NSE:CREATIVE,69.65,69.65,69.0,69.0,127.0
2019-11-14 09:00:00,NSE:CREATIVE,75.3,75.3,72.0,72.9,5683.0
2019-11-14 10:00:00,NSE:CREATIVE,72.9,72.9,69.9,69.9,31.0
2019-11-14 11:00:00,NSE:CREATIVE,72.0,72.9,71.9,72.9,1525.0
2019-11-14 12:00:00,NSE:CREATIVE,70.25,70.25,70.25,70.25,1.0
2019-11-14 13:00:00,NSE:CREATIVE,72.0,72.0,70.25,70.25,5499.0
2019-11-14 14:00:00,NSE:CREATIVE,70.0,70.0,70.0,70.0,50.0
2019-11-14 15:00:00,NSE:CREATIVE,70.25,70.25,70.25,70.25,101.0
2019-11-15 09:00:00,NSE:CREATIVE,70.9,74.0,70.9,73.9,4251.0
2019-11-15 11:00:00,NSE:CREATIVE,71.0,71.0,70.25,70.25,53.0
2019-11-15 12:00:00,NSE:CREATIVE,70.25,70.25,70.25,70.25,60.0
2019-11-15 13:00:00,NSE:CREATIVE,70.0,73.5,70.0,72.0,8013.0
2019-11-15 14:00:00,NSE:CREATIVE,70.05,71.1,70.0,71.1,7850.0
2019-11-15 15:00:00,NSE:CREATIVE,71.1,71.1,71.0,71.0,1100.0
2019-11-18 09:00:00,NSE:CREATIVE,73.5,73.65,70.05,72.25,4600.0
2019-11-18 11:00:00,NSE:CREATIVE,72.5,72.5,72.5,72.5,10.0
2019-11-18 13:00:00,NSE:CREATIVE,72.0,72.0,71.5,72.0,2581.0
2019-11-18 14:00:00,NSE:CREATIVE,72.0,72.0,70.05,70.05,7070.0
2019-11-18 15:00:00,NSE:CREATIVE,71.7,71.7,70.0,70.0,99.0
2019-11-19 09:00:00,NSE:CREATIVE,73.0,73.0,70.05,72.4,3702.0
2019-11-19 10:00:00,NSE:CREATIVE,72.4,72.4,70.05,70.05,2505.0
2019-11-19 11:00:00,NSE:CREATIVE,70.05,71.75,70.05,71.5,14190.0
2019-11-19 13:00:00,NSE:CREATIVE,70.25,70.25,70.25,70.25,50.0
2019-11-19 14:00:00,NSE:CREATIVE,70.5,70.5,70.5,70.5,1200.0
2019-11-19 15:00:00,NSE:CREATIVE,70.25,70.25,70.25,70.25,1555.0
2019-11-20 09:00:00,NSE:CREATIVE,72.5,72.55,72.45,72.55,3700.0
2019-11-20 10:00:00,NSE:CREATIVE,73.2,73.2,73.2,73.2,40.0
2019-11-20 11:00:00,NSE:CREATIVE,72.5,72.5,72.5,72.5,2000.0
2019-11-20 12:00:00,NSE:CREATIVE,72.25,72.35,72.25,72.35,3080.0
2019-11-20 13:00:00,NSE:CREATIVE,72.25,72.25,71.05,71.05,338.0
2019-11-20 15:00:00,NSE:CREATIVE,71.0,71.0,71.0,71.0,300.0
2019-11-21 09:00:00,NSE:CREATIVE,72.0,72.3,72.0,72.3,3501.0
2019-11-21 10:00:00,NSE:CREATIVE,72.25,72.25,72.25,72.25,2500.0
2019-11-21 11:00:00,NSE:CREATIVE,72.25,72.25,72.25,72.25,1.0
2019-11-21 12:00:00,NSE:CREATIVE,72.25,72.4,71.55,72.4,4378.0
2019-11-21 13:00:00,NSE:CREATIVE,73.25,73.25,73.25,73.25,1500.0
2019-11-21 14:00:00,NSE:CREATIVE,72.05,72.05,72.0,72.0,499.0
2019-11-21 15:00:00,NSE:CREATIVE,72.1,72.1,72.1,72.1,400.0
2019-11-22 09:00:00,NSE:CREATIVE,73.25,73.25,73.25,73.25,3700.0
2019-11-22 11:00:00,NSE:CREATIVE,73.0,73.25,73.0,73.25,6078.0
2019-11-22 13:00:00,NSE:CREATIVE,72.55,73.15,72.5,73.15,5501.0
2019-11-22 15:00:00,NSE:CREATIVE,72.5,72.5,72.5,72.5,199.0
2019-11-25 09:00:00,NSE:CREATIVE,73.25,73.35,73.1,73.15,3389.0
2019-11-25 10:00:00,NSE:CREATIVE,73.85,73.85,73.85,73.85,2500.0
2019-11-25 11:00:00,NSE:CREATIVE,73.85,73.85,73.85,73.85,70.0
2019-11-25 12:00:00,NSE:CREATIVE,73.5,73.55,73.25,73.25,1500.0
2019-11-25 13:00:00,NSE:CREATIVE,73.15,73.15,73.0,73.0,210.0
2019-11-25 14:00:00,NSE:CREATIVE,73.05,73.05,73.05,73.05,100.0
2019-11-25 15:00:00,NSE:CREATIVE,74.25,74.25,73.0,73.0,750.0
2019-11-26 09:00:00,NSE:CREATIVE,74.25,74.25,73.0,73.0,3300.0
2019-11-26 10:00:00,NSE:CREATIVE,72.8,72.8,72.8,72.8,23.0
2019-11-26 11:00:00,NSE:CREATIVE,74.55,74.55,72.8,73.7,4977.0
2019-11-26 13:00:00,NSE:CREATIVE,73.5,73.75,73.5,73.75,400.0
2019-11-26 14:00:00,NSE:CREATIVE,72.75,72.75,72.75,72.75,1300.0
2019-11-26 15:00:00,NSE:CREATIVE,73.0,73.0,73.0,73.0,231.0
2019-11-27 09:00:00,NSE:CREATIVE,75.5,75.5,75.0,75.0,3713.0
2019-11-27 10:00:00,NSE:CREATIVE,74.9,74.9,73.05,73.05,3696.0
2019-11-27 12:00:00,NSE:CREATIVE,74.45,74.45,74.45,74.45,2700.0
2019-11-27 13:00:00,NSE:CREATIVE,74.5,74.5,73.25,73.25,452.0
2019-11-27 14:00:00,NSE:CREATIVE,73.25,73.25,73.0,73.0,2098.0
2019-11-27 15:00:00,NSE:CREATIVE,72.65,74.9,72.65,74.0,3822.0
2019-11-28 09:00:00,NSE:CREATIVE,78.5,79.25,76.95,76.95,4235.0
2019-11-28 10:00:00,NSE:CREATIVE,76.95,77.0,76.0,76.75,4758.0
2019-11-28 11:00:00,NSE:CREATIVE,77.0,77.0,76.4,77.0,2605.0
2019-11-28 12:00:00,NSE:CREATIVE,76.2,77.0,76.0,76.05,719.0
2019-11-28 13:00:00,NSE:CREATIVE,76.0,76.95,76.0,76.95,456.0
2019-11-28 14:00:00,NSE:CREATIVE,77.0,77.0,75.0,76.1,2570.0
2019-11-28 15:00:00,NSE:CREATIVE,75.0,75.0,74.85,74.85,1825.0
2019-11-29 09:00:00,NSE:CREATIVE,74.05,76.05,74.05,75.0,501.0
2019-11-29 10:00:00,NSE:CREATIVE,76.75,76.75,75.1,75.1,3720.0
2019-11-29 11:00:00,NSE:CREATIVE,78.5,78.5,75.4,78.25,6247.0
2019-11-29 12:00:00,NSE:CREATIVE,77.45,77.45,76.5,76.5,2450.0
2019-11-29 13:00:00,NSE:CREATIVE,76.15,76.5,76.15,76.5,265.0
2019-11-29 14:00:00,NSE:CREATIVE,76.5,76.5,76.5,76.5,24.0
2019-11-29 15:00:00,NSE:CREATIVE,77.35,77.35,76.0,76.15,14143.0
2019-12-02 09:00:00,NSE:CREATIVE,78.25,78.5,77.0,78.2,4209.0
2019-12-02 10:00:00,NSE:CREATIVE,77.6,77.6,77.6,77.6,10.0
2019-12-02 11:00:00,NSE:CREATIVE,75.3,76.85,75.05,75.05,1557.0
2019-12-02 12:00:00,NSE:CREATIVE,75.65,75.75,75.1,75.1,12923.0
2019-12-02 14:00:00,NSE:CREATIVE,75.0,75.0,75.0,75.0,400.0
2019-12-02 15:00:00,NSE:CREATIVE,75.0,75.0,75.0,75.0,545.0
2019-12-03 09:00:00,NSE:CREATIVE,78.5,79.8,76.1,79.7,7401.0
2019-12-03 10:00:00,NSE:CREATIVE,81.1,82.5,81.1,82.5,3396.0
2019-12-03 11:00:00,NSE:CREATIVE,82.5,82.5,82.5,82.5,1.0
2019-12-03 13:00:00,NSE:CREATIVE,82.5,82.5,82.5,82.5,51.0
2019-12-03 14:00:00,NSE:CREATIVE,82.5,82.5,82.5,82.5,1860.0
2019-12-03 15:00:00,NSE:CREATIVE,80.3,82.5,79.0,81.1,7634.0
2019-12-04 09:00:00,NSE:CREATIVE,85.1,85.1,81.25,83.0,10942.0
2019-12-04 10:00:00,NSE:CREATIVE,83.9,85.8,82.0,83.6,3672.0
2019-12-04 11:00:00,NSE:CREATIVE,82.75,84.5,82.65,83.35,3745.0
2019-12-04 12:00:00,NSE:CREATIVE,82.6,83.8,82.6,83.15,2612.0
2019-12-04 13:00:00,NSE:CREATIVE,82.65,84.8,82.65,84.7,442.0
2019-12-04 14:00:00,NSE:CREATIVE,83.1,85.15,83.1,83.9,23571.0
2019-12-04 15:00:00,NSE:CREATIVE,84.0,84.0,80.25,82.6,13461.0
2019-12-05 09:00:00,NSE:CREATIVE,84.7,84.7,82.0,83.2,7625.0
2019-12-05 10:00:00,NSE:CREATIVE,83.45,83.45,82.45,82.45,80.0
2019-12-05 11:00:00,NSE:CREATIVE,81.0,82.35,81.0,81.05,962.0
2019-12-05 12:00:00,NSE:CREATIVE,81.05,82.85,81.05,82.7,151.0
2019-12-05 13:00:00,NSE:CREATIVE,81.0,82.0,81.0,82.0,3604.0
2019-12-05 14:00:00,NSE:CREATIVE,81.0,82.35,81.0,81.95,8106.0
2019-12-05 15:00:00,NSE:CREATIVE,81.35,82.5,81.35,81.35,7448.0
2019-12-06 09:00:00,NSE:CREATIVE,85.8,89.35,84.0,84.0,316.0
2019-12-06 10:00:00,NSE:CREATIVE,83.5,84.0,82.35,83.95,7687.0
2019-12-06 11:00:00,NSE:CREATIVE,82.4,83.45,81.75,81.75,2103.0
2019-12-06 12:00:00,NSE:CREATIVE,82.0,84.0,82.0,84.0,559.0
2019-12-06 13:00:00,NSE:CREATIVE,86.55,86.55,82.15,82.55,5702.0
2019-12-06 14:00:00,NSE:CREATIVE,82.7,84.5,82.6,84.45,7824.0
2019-12-06 15:00:00,NSE:CREATIVE,83.5,84.9,82.1,82.2,1450.0
2019-12-09 09:00:00,NSE:CREATIVE,94.0,94.0,85.0,85.0,3937.0
2019-12-09 10:00:00,NSE:CREATIVE,86.9,86.9,86.7,86.7,4743.0
2019-12-09 11:00:00,NSE:CREATIVE,86.5,87.0,85.25,87.0,5938.0
2019-12-09 12:00:00,NSE:CREATIVE,87.0,87.0,85.4,86.9,1270.0
2019-12-09 13:00:00,NSE:CREATIVE,85.4,87.0,85.4,85.4,191.0
2019-12-09 14:00:00,NSE:CREATIVE,86.95,86.95,85.6,85.6,55.0
2019-12-09 15:00:00,NSE:CREATIVE,86.0,86.0,85.0,85.3,1205.0
2019-12-10 09:00:00,NSE:CREATIVE,84.0,89.5,84.0,84.0,59.0
2019-12-10 10:00:00,NSE:CREATIVE,88.0,88.0,84.05,84.05,1800.0
2019-12-10 12:00:00,NSE:CREATIVE,86.5,86.5,86.5,86.5,2500.0
2019-12-10 13:00:00,NSE:CREATIVE,84.15,87.0,84.15,87.0,250.0
2019-12-10 15:00:00,NSE:CREATIVE,85.0,85.0,85.0,85.0,500.0
2019-12-11 09:00:00,NSE:CREATIVE,84.0,84.0,84.0,84.0,1.0
2019-12-11 10:00:00,NSE:CREATIVE,88.0,88.0,84.0,84.0,3567.0
2019-12-11 12:00:00,NSE:CREATIVE,84.9,84.9,84.9,84.9,2500.0
2019-12-11 13:00:00,NSE:CREATIVE,87.0,87.0,84.2,84.2,61.0
2019-12-11 15:00:00,NSE:CREATIVE,84.75,84.75,84.75,84.75,2000.0
2019-12-12 09:00:00,NSE:CREATIVE,84.0,87.5,84.0,87.5,1884.0
2019-12-12 10:00:00,NSE:CREATIVE,87.95,87.95,87.95,87.95,14.0
2019-12-12 11:00:00,NSE:CREATIVE,86.8,86.8,86.8,86.8,2504.0
2019-12-12 12:00:00,NSE:CREATIVE,85.0,85.0,85.0,85.0,10.0
2019-12-12 13:00:00,NSE:CREATIVE,86.55,86.55,86.55,86.55,200.0
2019-12-12 14:00:00,NSE:CREATIVE,85.9,85.9,85.9,85.9,10.0
2019-12-12 15:00:00,NSE:CREATIVE,83.9,85.0,83.8,84.0,18794.0
2019-12-13 09:00:00,NSE:CREATIVE,86.5,86.5,86.5,86.5,200.0
2019-12-13 10:00:00,NSE:CREATIVE,84.0,84.0,84.0,84.0,91.0
2019-12-13 11:00:00,NSE:CREATIVE,84.0,84.0,84.0,84.0,100.0
2019-12-13 12:00:00,NSE:CREATIVE,84.0,86.4,84.0,86.4,160.0
2019-12-13 13:00:00,NSE:CREATIVE,86.0,86.0,86.0,86.0,2500.0
2019-12-13 14:00:00,NSE:CREATIVE,84.0,84.0,84.0,84.0,52.0
2019-12-16 09:00:00,NSE:CREATIVE,86.95,86.95,84.0,84.0,2350.0
2019-12-16 10:00:00,NSE:CREATIVE,84.0,86.55,84.0,86.55,2501.0
2019-12-16 11:00:00,NSE:CREATIVE,86.5,86.5,86.35,86.45,2512.0
2019-12-16 12:00:00,NSE:CREATIVE,86.45,86.45,86.4,86.4,280.0
2019-12-16 13:00:00,NSE:CREATIVE,86.4,86.4,84.0,86.4,780.0
2019-12-16 14:00:00,NSE:CREATIVE,86.4,86.4,85.1,86.4,1386.0
2019-12-16 15:00:00,NSE:CREATIVE,86.4,86.4,86.0,86.0,8426.0
2019-12-17 09:00:00,NSE:CREATIVE,86.0,89.1,86.0,89.1,1840.0
2019-12-17 10:00:00,NSE:CREATIVE,89.25,89.8,89.25,89.8,2060.0
2019-12-17 11:00:00,NSE:CREATIVE,86.1,89.45,86.1,89.45,2100.0
2019-12-17 12:00:00,NSE:CREATIVE,87.0,89.0,86.1,89.0,2125.0
2019-12-17 13:00:00,NSE:CREATIVE,89.0,89.1,89.0,89.1,500.0
2019-12-17 14:00:00,NSE:CREATIVE,88.95,89.1,87.0,89.1,1712.0
2019-12-17 15:00:00,NSE:CREATIVE,87.1,87.1,86.0,86.05,10150.0
2019-12-18 09:00:00,NSE:CREATIVE,89.7,89.7,86.7,86.7,2260.0
2019-12-18 10:00:00,NSE:CREATIVE,89.0,90.5,89.0,90.5,3347.0
2019-12-18 11:00:00,NSE:CREATIVE,90.5,90.5,89.7,89.7,353.0
2019-12-18 12:00:00,NSE:CREATIVE,89.7,89.7,89.1,89.6,2735.0
2019-12-18 13:00:00,NSE:CREATIVE,89.5,89.5,89.5,89.5,50.0
2019-12-18 14:00:00,NSE:CREATIVE,89.55,89.55,89.55,89.55,2500.0
2019-12-18 15:00:00,NSE:CREATIVE,89.0,89.0,89.0,89.0,6400.0
2019-12-19 09:00:00,NSE:CREATIVE,90.4,90.4,90.4,90.4,2500.0
2019-12-19 11:00:00,NSE:CREATIVE,91.0,91.0,88.15,88.15,2702.0
2019-12-19 12:00:00,NSE:CREATIVE,88.15,88.15,88.15,88.15,100.0
2019-12-19 14:00:00,NSE:CREATIVE,88.0,90.5,88.0,88.05,4160.0
2019-12-19 15:00:00,NSE:CREATIVE,90.5,90.5,90.5,90.5,3000.0
2019-12-20 09:00:00,NSE:CREATIVE,92.75,92.75,92.75,92.75,3200.0
2019-12-20 11:00:00,NSE:CREATIVE,91.75,92.0,91.75,92.0,2750.0
2019-12-20 13:00:00,NSE:CREATIVE,91.75,91.9,91.75,91.8,2640.0
2019-12-20 14:00:00,NSE:CREATIVE,92.0,92.0,92.0,92.0,600.0
2019-12-20 15:00:00,NSE:CREATIVE,90.0,90.0,90.0,90.0,50.0
2019-12-23 09:00:00,NSE:CREATIVE,91.0,94.5,91.0,94.5,3910.0
2019-12-23 10:00:00,NSE:CREATIVE,94.5,94.5,92.0,94.0,3695.0
2019-12-23 11:00:00,NSE:CREATIVE,94.25,94.5,94.25,94.5,2560.0
2019-12-23 12:00:00,NSE:CREATIVE,91.55,91.55,91.55,91.55,10.0
2019-12-23 13:00:00,NSE:CREATIVE,91.55,94.5,91.55,94.5,1652.0
2019-12-23 14:00:00,NSE:CREATIVE,94.5,94.5,94.5,94.5,1501.0
2019-12-23 15:00:00,NSE:CREATIVE,94.5,94.5,94.0,94.5,9864.0
2019-12-24 09:00:00,NSE:CREATIVE,98.0,98.45,97.75,97.9,4405.0
2019-12-24 10:00:00,NSE:CREATIVE,97.9,98.9,97.9,98.85,3140.0
2019-12-24 11:00:00,NSE:CREATIVE,98.9,98.9,98.85,98.9,1761.0
2019-12-24 12:00:00,NSE:CREATIVE,98.85,98.9,96.05,96.05,3560.0
2019-12-24 13:00:00,NSE:CREATIVE,98.9,98.9,98.9,98.9,1310.0
2019-12-24 14:00:00,NSE:CREATIVE,96.25,96.25,96.25,96.25,100.0
2019-12-24 15:00:00,NSE:CREATIVE,99.0,99.0,97.15,97.15,3265.0
2019-12-26 09:00:00,NSE:CREATIVE,99.85,99.95,99.2,99.2,4491.0
2019-12-26 10:00:00,NSE:CREATIVE,99.2,99.2,99.0,99.0,3061.0
2019-12-26 11:00:00,NSE:CREATIVE,99.2,99.2,98.5,99.0,1226.0
2019-12-26 12:00:00,NSE:CREATIVE,99.0,99.0,98.5,98.5,2451.0
2019-12-26 14:00:00,NSE:CREATIVE,98.75,98.75,98.75,98.75,425.0
2019-12-26 15:00:00,NSE:CREATIVE,99.95,99.95,99.25,99.25,1738.0
2019-12-27 09:00:00,NSE:CREATIVE,103.75,103.75,99.0,102.3,3211.0
2019-12-27 10:00:00,NSE:CREATIVE,101.85,102.9,101.85,102.9,2849.0
2019-12-27 11:00:00,NSE:CREATIVE,102.5,102.5,102.5,102.5,2700.0
2019-12-27 12:00:00,NSE:CREATIVE,102.75,102.75,102.75,102.75,19.0
2019-12-27 13:00:00,NSE:CREATIVE,102.75,102.75,100.05,100.05,1179.0
2019-12-27 14:00:00,NSE:CREATIVE,100.0,102.7,100.0,102.7,2081.0
2019-12-27 15:00:00,NSE:CREATIVE,100.05,100.05,100.0,100.0,1100.0
2019-12-30 09:00:00,NSE:CREATIVE,104.9,104.9,100.0,104.2,2231.0
2019-12-30 10:00:00,NSE:CREATIVE,100.0,104.2,100.0,103.45,130.0
2019-12-30 11:00:00,NSE:CREATIVE,103.25,104.0,103.25,104.0,1908.0
2019-12-30 12:00:00,NSE:CREATIVE,104.1,104.85,104.0,104.85,6237.0
2019-12-30 13:00:00,NSE:CREATIVE,104.8,104.9,101.55,104.9,312.0
2019-12-30 14:00:00,NSE:CREATIVE,104.9,105.0,102.05,105.0,525.0
2019-12-30 15:00:00,NSE:CREATIVE,102.6,102.6,102.25,102.3,6350.0
2019-12-31 09:00:00,NSE:CREATIVE,104.9,105.75,103.5,103.5,4608.0
2019-12-31 10:00:00,NSE:CREATIVE,104.9,105.4,103.5,103.5,6098.0
2019-12-31 11:00:00,NSE:CREATIVE,103.5,104.85,103.5,104.85,52.0
2019-12-31 12:00:00,NSE:CREATIVE,104.85,104.85,103.9,104.85,1901.0
2019-12-31 14:00:00,NSE:CREATIVE,104.7,104.7,103.9,103.9,1550.0
2019-12-31 15:00:00,NSE:CREATIVE,104.9,104.9,104.0,104.05,425.0
2020-01-01 09:00:00,NSE:CREATIVE,108.9,108.9,104.0,106.0,2263.0
2020-01-01 10:00:00,NSE:CREATIVE,106.3,106.3,106.1,106.1,15.0
2020-01-01 11:00:00,NSE:CREATIVE,106.25,106.25,105.0,105.0,2530.0
2020-01-01 12:00:00,NSE:CREATIVE,105.3,105.3,105.3,105.3,1500.0
2020-01-01 13:00:00,NSE:CREATIVE,105.3,106.7,105.3,106.45,1745.0
2020-01-01 14:00:00,NSE:CREATIVE,106.5,106.5,104.5,104.5,580.0
2020-01-01 15:00:00,NSE:CREATIVE,104.5,104.6,104.5,104.5,1310.0
2020-01-02 09:00:00,NSE:CREATIVE,104.0,106.0,104.0,106.0,1733.0
2020-01-02 10:00:00,NSE:CREATIVE,106.0,106.0,106.0,106.0,70.0
2020-01-02 11:00:00,NSE:CREATIVE,107.0,107.0,104.0,104.0,2363.0
2020-01-02 12:00:00,NSE:CREATIVE,107.0,107.0,104.0,104.0,22.0
2020-01-02 13:00:00,NSE:CREATIVE,104.0,106.9,104.0,106.9,2600.0
2020-01-02 15:00:00,NSE:CREATIVE,107.0,107.55,107.0,107.55,9.0
2020-01-03 09:00:00,NSE:CREATIVE,111.0,111.0,105.25,105.25,311.0
2020-01-03 10:00:00,NSE:CREATIVE,108.4,108.5,108.4,108.5,2140.0
2020-01-03 11:00:00,NSE:CREATIVE,108.5,109.9,105.5,105.5,2581.0
2020-01-03 12:00:00,NSE:CREATIVE,109.0,109.0,105.25,108.75,2723.0
2020-01-03 13:00:00,NSE:CREATIVE,108.75,108.75,105.0,108.45,1204.0
2020-01-03 14:00:00,NSE:CREATIVE,108.45,108.45,105.3,105.3,415.0
2020-01-03 15:00:00,NSE:CREATIVE,105.6,105.6,105.5,105.5,450.0
2020-01-06 09:00:00,NSE:CREATIVE,107.75,107.75,105.0,105.0,642.0
2020-01-06 10:00:00,NSE:CREATIVE,105.0,105.0,105.0,105.0,250.0
2020-01-06 11:00:00,NSE:CREATIVE,105.0,105.25,105.0,105.25,675.0
2020-01-06 12:00:00,NSE:CREATIVE,106.0,106.9,105.25,105.25,90.0
2020-01-06 14:00:00,NSE:CREATIVE,105.25,105.25,105.25,105.25,250.0
2020-01-06 15:00:00,NSE:CREATIVE,105.15,105.15,105.15,105.15,131.0
2020-01-07 09:00:00,NSE:CREATIVE,105.0,107.9,105.0,107.9,2600.0
2020-01-07 10:00:00,NSE:CREATIVE,107.0,107.0,106.5,106.5,20.0
2020-01-07 14:00:00,NSE:CREATIVE,106.5,106.5,106.5,106.5,2.0
2020-01-07 15:00:00,NSE:CREATIVE,105.0,106.5,105.0,106.5,2.0
2020-01-08 09:00:00,NSE:CREATIVE,106.0,108.9,106.0,108.9,3026.0
2020-01-08 11:00:00,NSE:CREATIVE,108.4,108.4,106.05,106.05,2400.0
2020-01-08 12:00:00,NSE:CREATIVE,106.0,106.95,106.0,106.95,119.0
2020-01-08 13:00:00,NSE:CREATIVE,106.5,106.5,106.5,106.5,1000.0
2020-01-08 15:00:00,NSE:CREATIVE,106.0,106.0,106.0,106.0,101.0
2020-01-09 09:00:00,NSE:CREATIVE,106.5,106.5,106.5,106.5,500.0
2020-01-09 10:00:00,NSE:CREATIVE,110.5,110.5,110.4,110.4,22182.0
2020-01-09 11:00:00,NSE:CREATIVE,106.5,109.85,106.5,106.9,259.0
2020-01-09 12:00:00,NSE:CREATIVE,109.85,109.85,109.85,109.85,100.0
2020-01-09 13:00:00,NSE:CREATIVE,110.3,110.3,110.3,110.3,10.0
2020-01-09 14:00:00,NSE:CREATIVE,107.25,110.75,107.25,110.75,110.0
2020-01-09 15:00:00,NSE:CREATIVE,110.0,110.0,107.3,107.3,1850.0
2020-01-10 09:00:00,NSE:CREATIVE,109.7,109.7,109.7,109.7,3000.0
2020-01-10 10:00:00,NSE:CREATIVE,109.95,109.95,109.95,109.95,2.0
2020-01-10 11:00:00,NSE:CREATIVE,109.95,109.95,109.95,109.95,20.0
2020-01-10 12:00:00,NSE:CREATIVE,107.5,109.95,107.5,109.95,142.0
2020-01-10 14:00:00,NSE:CREATIVE,107.0,107.0,107.0,107.0,100.0
2020-01-10 15:00:00,NSE:CREATIVE,107.0,107.0,107.0,107.0,133.0
2020-01-13 09:00:00,NSE:CREATIVE,107.0,109.8,107.0,109.7,3020.0
2020-01-13 10:00:00,NSE:CREATIVE,107.05,107.05,107.05,107.05,3.0
2020-01-13 12:00:00,NSE:CREATIVE,108.0,108.0,108.0,108.0,200.0
2020-01-13 13:00:00,NSE:CREATIVE,109.9,109.9,109.9,109.9,2868.0
2020-01-13 15:00:00,NSE:CREATIVE,107.1,107.1,107.1,107.1,258.0
2020-01-14 09:00:00,NSE:CREATIVE,107.35,111.75,107.35,109.75,3200.0
2020-01-14 10:00:00,NSE:CREATIVE,107.35,107.35,107.35,107.35,165.0
2020-01-14 11:00:00,NSE:CREATIVE,107.35,107.35,107.35,107.35,100.0
2020-01-14 12:00:00,NSE:CREATIVE,107.35,108.0,107.35,108.0,900.0
2020-01-14 14:00:00,NSE:CREATIVE,108.5,108.95,108.5,108.95,100.0
2020-01-14 15:00:00,NSE:CREATIVE,107.45,107.45,107.45,107.45,324.0
2020-01-15 09:00:00,NSE:CREATIVE,110.9,110.9,107.0,107.0,3503.0
2020-01-15 11:00:00,NSE:CREATIVE,107.0,107.0,107.0,107.0,30.0
2020-01-15 13:00:00,NSE:CREATIVE,107.0,107.0,107.0,107.0,50.0
2020-01-15 15:00:00,NSE:CREATIVE,107.0,107.0,107.0,107.0,500.0
2020-01-16 09:00:00,NSE:CREATIVE,111.65,111.65,109.9,110.0,3499.0
2020-01-16 10:00:00,NSE:CREATIVE,110.0,110.0,107.3,107.3,765.0
2020-01-16 12:00:00,NSE:CREATIVE,107.3,107.3,107.3,107.3,20.0
2020-01-16 13:00:00,NSE:CREATIVE,107.3,107.3,107.3,107.3,274.0
2020-01-16 14:00:00,NSE:CREATIVE,108.0,108.0,108.0,108.0,50.0
2020-01-16 15:00:00,NSE:CREATIVE,110.0,110.0,110.0,110.0,10.0
2020-01-17 09:00:00,NSE:CREATIVE,107.5,110.0,107.5,110.0,3220.0
2020-01-17 10:00:00,NSE:CREATIVE,110.0,110.0,110.0,110.0,800.0
2020-01-17 11:00:00,NSE:CREATIVE,110.0,113.9,110.0,113.9,2258.0
2020-01-17 14:00:00,NSE:CREATIVE,113.5,113.5,110.0,110.0,237.0
2020-01-17 15:00:00,NSE:CREATIVE,113.5,113.5,110.0,110.0,101.0
2020-01-20 09:00:00,NSE:CREATIVE,111.9,111.95,111.9,111.95,3200.0
2020-01-20 10:00:00,NSE:CREATIVE,112.0,112.0,112.0,112.0,5.0
2020-01-20 11:00:00,NSE:CREATIVE,111.5,111.5,111.5,111.5,50.0
2020-01-20 12:00:00,NSE:CREATIVE,111.95,111.95,111.95,111.95,980.0
2020-01-20 14:00:00,NSE:CREATIVE,111.95,111.95,111.95,111.95,5.0
2020-01-20 15:00:00,NSE:CREATIVE,111.95,111.95,111.95,111.95,100.0
2020-01-21 09:00:00,NSE:CREATIVE,112.95,112.95,111.5,111.5,155.0
2020-01-21 10:00:00,NSE:CREATIVE,111.45,111.45,111.0,111.0,3089.0
2020-01-21 11:00:00,NSE:CREATIVE,110.0,110.4,110.0,110.4,1533.0
2020-01-21 13:00:00,NSE:CREATIVE,108.25,108.35,108.25,108.35,177.0
2020-01-21 14:00:00,NSE:CREATIVE,108.35,108.35,108.35,108.35,50.0
2020-01-21 15:00:00,NSE:CREATIVE,108.35,108.35,108.0,108.0,3221.0
2020-01-22 09:00:00,NSE:CREATIVE,111.0,112.9,108.5,112.9,99.0
2020-01-22 10:00:00,NSE:CREATIVE,111.7,111.7,111.7,111.7,3000.0
2020-01-22 11:00:00,NSE:CREATIVE,109.0,109.0,109.0,109.0,51.0
2020-01-22 13:00:00,NSE:CREATIVE,109.9,109.9,109.9,109.9,100.0
2020-01-22 14:00:00,NSE:CREATIVE,108.6,108.6,108.6,108.6,100.0
2020-01-23 09:00:00,NSE:CREATIVE,108.5,109.9,108.5,109.9,4070.0
2020-01-23 10:00:00,NSE:CREATIVE,110.9,110.9,110.9,110.9,280.0
2020-01-23 11:00:00,NSE:CREATIVE,110.0,110.0,109.0,109.0,233.0
2020-01-23 12:00:00,NSE:CREATIVE,108.75,108.75,108.75,108.75,500.0
2020-01-23 13:00:00,NSE:CREATIVE,109.95,109.95,108.75,108.75,669.0
2020-01-23 14:00:00,NSE:CREATIVE,108.75,108.75,108.75,108.75,100.0
2020-01-23 15:00:00,NSE:CREATIVE,108.75,108.75,108.75,108.75,269.0
2020-01-24 09:00:00,NSE:CREATIVE,110.45,110.45,110.45,110.45,3000.0
2020-01-27 10:00:00,NSE:CREATIVE,109.95,109.95,109.95,109.95,3000.0
2020-01-27 12:00:00,NSE:CREATIVE,109.0,109.0,109.0,109.0,1.0
2020-01-27 13:00:00,NSE:CREATIVE,107.0,110.0,107.0,110.0,259.0
2020-01-27 15:00:00,NSE:CREATIVE,110.0,110.0,110.0,110.0,14.0
2020-01-28 09:00:00,NSE:CREATIVE,109.95,109.95,109.95,109.95,3100.0
2020-01-28 11:00:00,NSE:CREATIVE,107.0,107.0,107.0,107.0,1.0
2020-01-28 12:00:00,NSE:CREATIVE,108.0,108.0,108.0,108.0,250.0
2020-01-28 13:00:00,NSE:CREATIVE,107.0,107.0,107.0,107.0,206.0
2020-01-28 14:00:00,NSE:CREATIVE,105.1,105.1,104.95,104.95,422.0
2020-01-28 15:00:00,NSE:CREATIVE,104.95,104.95,104.95,104.95,5.0
2020-01-29 09:00:00,NSE:CREATIVE,103.95,103.95,100.2,100.2,3038.0
2020-01-29 10:00:00,NSE:CREATIVE,100.25,108.0,100.25,108.0,301.0
2020-01-29 12:00:00,NSE:CREATIVE,101.0,107.0,101.0,101.0,32.0
2020-01-29 13:00:00,NSE:CREATIVE,102.0,105.0,101.0,105.0,625.0
2020-01-29 15:00:00,NSE:CREATIVE,105.0,105.0,100.2,101.75,9295.0
2020-01-30 09:00:00,NSE:CREATIVE,95.7,104.4,95.7,104.4,3105.0
2020-01-30 10:00:00,NSE:CREATIVE,104.5,104.5,104.5,104.5,201.0
2020-01-30 11:00:00,NSE:CREATIVE,95.7,95.7,95.7,95.7,2.0
2020-01-30 12:00:00,NSE:CREATIVE,95.7,95.7,95.7,95.7,20.0
2020-01-31 09:00:00,NSE:CREATIVE,100.45,100.45,100.45,100.45,3000.0
2020-01-31 14:00:00,NSE:CREATIVE,100.45,100.45,100.45,100.45,10.0
2020-01-31 15:00:00,NSE:CREATIVE,100.45,100.45,100.45,100.45,1011.0
2020-02-01 09:00:00,NSE:CREATIVE,104.9,104.9,104.9,104.9,2000.0
2020-02-01 10:00:00,NSE:CREATIVE,100.0,100.0,100.0,100.0,5.0
2020-02-01 11:00:00,NSE:CREATIVE,100.0,100.0,100.0,100.0,200.0
2020-02-01 12:00:00,NSE:CREATIVE,105.0,105.0,105.0,105.0,50.0
2020-02-03 09:00:00,NSE:CREATIVE,108.95,108.95,108.95,108.95,3000.0
2020-02-03 10:00:00,NSE:CREATIVE,108.9,108.9,108.9,108.9,10.0
2020-02-03 11:00:00,NSE:CREATIVE,108.9,108.9,108.9,108.9,50.0
2020-02-03 15:00:00,NSE:CREATIVE,103.0,103.05,103.0,103.05,190.0
2020-02-04 09:00:00,NSE:CREATIVE,107.95,107.95,107.95,107.95,3000.0
2020-02-04 12:00:00,NSE:CREATIVE,107.0,107.0,107.0,107.0,2200.0
2020-02-04 14:00:00,NSE:CREATIVE,107.0,107.0,102.4,102.4,60.0
2020-02-05 09:00:00,NSE:CREATIVE,106.95,107.0,106.95,107.0,3171.0
2020-02-05 10:00:00,NSE:CREATIVE,106.95,106.95,106.95,106.95,82.0
2020-02-05 11:00:00,NSE:CREATIVE,106.95,106.95,106.95,106.95,2.0
2020-02-06 09:00:00,NSE:CREATIVE,106.0,108.95,106.0,108.95,3010.0
2020-02-06 13:00:00,NSE:CREATIVE,106.0,106.0,106.0,106.0,249.0
2020-02-06 14:00:00,NSE:CREATIVE,107.95,107.95,107.95,107.95,1500.0
2020-02-06 15:00:00,NSE:CREATIVE,107.95,109.8,107.95,109.8,4114.0
2020-02-07 09:00:00,NSE:CREATIVE,114.05,114.05,109.0,113.45,4290.0
2020-02-07 10:00:00,NSE:CREATIVE,113.45,113.45,105.85,105.85,3298.0
2020-02-07 13:00:00,NSE:CREATIVE,113.0,113.0,112.9,112.9,2501.0
2020-02-07 15:00:00,NSE:CREATIVE,113.0,113.0,107.0,111.95,4024.0
2020-02-10 09:00:00,NSE:CREATIVE,111.95,117.0,111.95,116.35,3216.0
2020-02-10 10:00:00,NSE:CREATIVE,115.8,117.0,115.8,117.0,185.0
2020-02-10 11:00:00,NSE:CREATIVE,116.95,117.0,116.95,117.0,2683.0
2020-02-10 12:00:00,NSE:CREATIVE,117.0,117.0,116.95,116.95,1510.0
2020-02-10 13:00:00,NSE:CREATIVE,112.5,112.5,112.5,112.5,170.0
2020-02-10 14:00:00,NSE:CREATIVE,112.5,112.5,111.95,111.95,102.0
2020-02-10 15:00:00,NSE:CREATIVE,110.0,110.0,110.0,110.0,600.0
2020-02-11 09:00:00,NSE:CREATIVE,110.0,115.0,110.0,115.0,3001.0
2020-02-11 11:00:00,NSE:CREATIVE,115.0,115.0,115.0,115.0,108.0
2020-02-11 12:00:00,NSE:CREATIVE,114.95,114.95,114.0,114.0,2603.0
2020-02-11 13:00:00,NSE:CREATIVE,114.0,114.0,114.0,114.0,292.0
2020-02-11 14:00:00,NSE:CREATIVE,115.0,115.5,111.0,111.0,393.0
2020-02-11 15:00:00,NSE:CREATIVE,111.0,111.0,111.0,111.0,120.0
2020-02-12 09:00:00,NSE:CREATIVE,115.9,116.5,111.5,111.5,2810.0
2020-02-12 10:00:00,NSE:CREATIVE,114.95,115.0,113.0,113.0,2506.0
2020-02-12 11:00:00,NSE:CREATIVE,112.5,112.5,111.5,111.5,210.0
2020-02-12 13:00:00,NSE:CREATIVE,111.5,111.5,111.5,111.5,1.0
2020-02-12 14:00:00,NSE:CREATIVE,110.0,110.0,110.0,110.0,408.0
2020-02-12 15:00:00,NSE:CREATIVE,110.0,110.0,110.0,110.0,500.0
2020-02-13 09:00:00,NSE:CREATIVE,111.0,115.5,111.0,115.5,2755.0
2020-02-13 11:00:00,NSE:CREATIVE,111.0,111.0,111.0,111.0,7.0
2020-02-13 12:00:00,NSE:CREATIVE,114.75,114.75,114.75,114.75,50.0
2020-02-13 14:00:00,NSE:CREATIVE,110.25,110.25,110.25,110.25,51.0
2020-02-13 15:00:00,NSE:CREATIVE,110.25,110.25,110.25,110.25,10.0
2020-02-14 09:00:00,NSE:CREATIVE,115.75,115.75,115.0,115.0,3330.0
2020-02-14 10:00:00,NSE:CREATIVE,110.1,110.1,110.1,110.1,90.0
2020-02-14 11:00:00,NSE:CREATIVE,115.0,115.0,110.15,110.15,135.0
2020-02-14 12:00:00,NSE:CREATIVE,110.15,115.0,110.1,115.0,140.0
2020-02-14 13:00:00,NSE:CREATIVE,110.1,115.0,110.1,115.0,351.0
2020-02-14 14:00:00,NSE:CREATIVE,110.1,115.0,110.1,110.1,377.0
2020-02-17 09:00:00,NSE:CREATIVE,110.1,112.0,110.1,112.0,3111.0
2020-02-17 11:00:00,NSE:CREATIVE,110.1,110.1,110.1,110.1,225.0
2020-02-17 12:00:00,NSE:CREATIVE,110.1,110.95,110.1,110.5,2647.0
2020-02-17 15:00:00,NSE:CREATIVE,110.55,110.55,110.55,110.55,5.0
2020-02-18 09:00:00,NSE:CREATIVE,115.0,115.0,112.0,114.0,3136.0
2020-02-18 10:00:00,NSE:CREATIVE,113.75,113.75,113.75,113.75,1.0
2020-02-18 11:00:00,NSE:CREATIVE,113.75,113.75,113.75,113.75,48.0
2020-02-18 15:00:00,NSE:CREATIVE,113.5,113.5,113.5,113.5,90.0
2020-02-19 09:00:00,NSE:CREATIVE,113.5,113.5,113.4,113.4,572.0
2020-02-19 10:00:00,NSE:CREATIVE,113.4,113.4,113.4,113.4,3338.0
2020-02-19 11:00:00,NSE:CREATIVE,113.4,113.4,111.0,113.0,10180.0
2020-02-20 09:00:00,NSE:CREATIVE,112.1,118.0,112.1,116.0,4400.0
2020-02-20 11:00:00,NSE:CREATIVE,115.0,115.0,115.0,115.0,50.0
2020-02-20 12:00:00,NSE:CREATIVE,115.0,115.0,115.0,115.0,100.0
2020-02-20 14:00:00,NSE:CREATIVE,115.0,116.0,115.0,116.0,2228.0
2020-02-20 15:00:00,NSE:CREATIVE,112.55,112.55,112.55,112.55,275.0
2020-02-24 09:00:00,NSE:CREATIVE,118.0,118.0,116.0,116.0,4050.0
2020-02-24 11:00:00,NSE:CREATIVE,117.0,118.0,117.0,117.0,116.0
2020-02-24 12:00:00,NSE:CREATIVE,118.0,118.0,118.0,118.0,2732.0
2020-02-24 13:00:00,NSE:CREATIVE,116.1,116.1,116.1,116.1,13001.0
2020-02-24 14:00:00,NSE:CREATIVE,118.0,118.0,118.0,118.0,568.0
2020-02-24 15:00:00,NSE:CREATIVE,117.9,117.9,116.0,116.0,54.0
2020-02-25 09:00:00,NSE:CREATIVE,122.0,123.6,121.0,123.6,8000.0
2020-02-25 10:00:00,NSE:CREATIVE,123.6,123.6,123.6,123.6,437.0
2020-02-25 11:00:00,NSE:CREATIVE,123.6,123.6,117.0,117.0,271.0
2020-02-25 12:00:00,NSE:CREATIVE,123.6,123.6,123.0,123.0,76.0
2020-02-25 13:00:00,NSE:CREATIVE,123.0,123.0,123.0,123.0,10.0
2020-02-25 14:00:00,NSE:CREATIVE,123.0,123.0,122.0,122.0,1395.0
2020-02-25 15:00:00,NSE:CREATIVE,117.0,118.0,117.0,118.0,3600.0
2020-02-26 09:00:00,NSE:CREATIVE,120.0,120.0,120.0,120.0,4500.0
2020-02-26 10:00:00,NSE:CREATIVE,122.0,122.0,121.0,121.95,303.0
2020-02-26 11:00:00,NSE:CREATIVE,121.5,121.5,120.0,120.0,1835.0
2020-02-26 12:00:00,NSE:CREATIVE,118.0,118.0,118.0,118.0,570.0
2020-02-26 14:00:00,NSE:CREATIVE,121.0,122.0,121.0,121.5,447.0
2020-02-27 09:00:00,NSE:CREATIVE,123.0,125.0,123.0,125.0,4592.0
2020-02-27 10:00:00,NSE:CREATIVE,125.0,125.0,123.0,123.0,506.0
2020-02-27 11:00:00,NSE:CREATIVE,123.45,123.5,123.0,123.5,408.0
2020-02-27 12:00:00,NSE:CREATIVE,124.55,124.55,124.55,124.55,7.0
2020-02-27 13:00:00,NSE:CREATIVE,121.5,124.55,121.5,124.55,41.0
2020-02-27 14:00:00,NSE:CREATIVE,124.55,124.55,121.5,121.5,376.0
2020-02-27 15:00:00,NSE:CREATIVE,121.0,121.0,121.0,121.0,966.0
2020-02-28 09:00:00,NSE:CREATIVE,121.0,121.1,120.8,120.8,2359.0
2020-02-28 10:00:00,NSE:CREATIVE,127.0,127.0,126.0,126.0,501.0
2020-02-28 11:00:00,NSE:CREATIVE,126.0,126.0,126.0,126.0,1.0
2020-02-28 12:00:00,NSE:CREATIVE,124.95,124.95,124.95,124.95,52.0
2020-02-28 13:00:00,NSE:CREATIVE,124.95,124.95,124.95,124.95,201.0
2020-02-28 14:00:00,NSE:CREATIVE,124.5,124.95,124.5,124.95,617.0
2020-02-28 15:00:00,NSE:CREATIVE,124.95,124.95,124.95,124.95,4.0
2020-03-02 09:00:00,NSE:CREATIVE,130.0,130.0,125.0,125.0,3333.0
2020-03-02 10:00:00,NSE:CREATIVE,125.0,125.0,124.9,124.9,1509.0
2020-03-02 11:00:00,NSE:CREATIVE,122.0,122.0,121.2,121.2,1446.0
2020-03-02 13:00:00,NSE:CREATIVE,121.5,121.5,121.5,121.5,415.0
2020-03-02 14:00:00,NSE:CREATIVE,121.5,121.5,121.25,121.5,1765.0
2020-03-02 15:00:00,NSE:CREATIVE,121.5,121.5,118.75,118.75,25400.0
2020-03-03 09:00:00,NSE:CREATIVE,124.9,124.9,122.85,122.85,6.0
2020-03-03 10:00:00,NSE:CREATIVE,114.25,115.05,114.25,115.05,172.0
2020-03-03 11:00:00,NSE:CREATIVE,116.0,122.55,116.0,122.55,52.0
2020-03-03 12:00:00,NSE:CREATIVE,116.0,116.0,114.2,114.2,9146.0
2020-03-03 13:00:00,NSE:CREATIVE,115.0,115.0,114.2,115.0,375.0
2020-03-03 14:00:00,NSE:CREATIVE,115.0,120.0,115.0,120.0,404.0
2020-03-04 09:00:00,NSE:CREATIVE,115.5,119.75,115.5,119.75,3415.0
2020-03-04 10:00:00,NSE:CREATIVE,115.5,119.75,115.5,115.5,241.0
2020-03-04 11:00:00,NSE:CREATIVE,115.45,115.45,115.45,115.45,200.0
2020-03-04 12:00:00,NSE:CREATIVE,119.6,119.6,115.45,115.45,3.0
2020-03-04 13:00:00,NSE:CREATIVE,115.45,119.55,115.25,115.25,424.0
2020-03-04 14:00:00,NSE:CREATIVE,115.25,117.75,115.1,117.0,1311.0
2020-03-04 15:00:00,NSE:CREATIVE,116.0,116.0,114.0,114.0,5325.0
2020-03-05 09:00:00,NSE:CREATIVE,114.0,119.65,114.0,119.25,316.0
2020-03-05 10:00:00,NSE:CREATIVE,114.0,114.0,114.0,114.0,2.0
2020-03-05 11:00:00,NSE:CREATIVE,111.05,111.05,111.05,111.05,2.0
2020-03-05 12:00:00,NSE:CREATIVE,118.75,118.75,118.75,118.75,100.0
2020-03-05 13:00:00,NSE:CREATIVE,118.5,118.5,118.0,118.0,700.0
2020-03-05 14:00:00,NSE:CREATIVE,118.75,118.75,113.25,113.25,5133.0
2020-03-05 15:00:00,NSE:CREATIVE,119.75,120.5,119.75,120.5,3867.0
2020-03-06 09:00:00,NSE:CREATIVE,114.3,115.0,114.3,115.0,1312.0
2020-03-06 10:00:00,NSE:CREATIVE,115.9,119.9,115.55,119.9,401.0
2020-03-06 11:00:00,NSE:CREATIVE,118.0,118.0,114.3,117.95,116.0
2020-03-06 12:00:00,NSE:CREATIVE,118.0,118.0,118.0,118.0,180.0
2020-03-06 13:00:00,NSE:CREATIVE,117.0,117.95,117.0,117.95,351.0
2020-03-06 14:00:00,NSE:CREATIVE,117.0,117.0,117.0,117.0,700.0
2020-03-06 15:00:00,NSE:CREATIVE,116.0,116.0,113.9,113.9,5933.0
2020-03-09 09:00:00,NSE:CREATIVE,119.0,119.0,114.95,114.95,353.0
2020-03-09 10:00:00,NSE:CREATIVE,114.95,114.95,108.4,108.85,8167.0
2020-03-09 11:00:00,NSE:CREATIVE,108.85,108.85,108.85,108.85,30.0
2020-03-09 12:00:00,NSE:CREATIVE,108.85,108.85,108.85,108.85,41.0
2020-03-09 13:00:00,NSE:CREATIVE,108.85,108.85,108.85,108.85,2.0
2020-03-09 14:00:00,NSE:CREATIVE,108.85,108.85,108.85,108.85,19.0
2020-03-09 15:00:00,NSE:CREATIVE,108.5,108.5,108.5,108.5,10.0
2020-03-11 09:00:00,NSE:CREATIVE,108.5,108.5,104.75,104.75,543.0
2020-03-11 10:00:00,NSE:CREATIVE,104.5,104.5,103.6,104.0,1660.0
2020-03-11 11:00:00,NSE:CREATIVE,104.0,104.8,104.0,104.8,813.0
2020-03-11 12:00:00,NSE:CREATIVE,108.85,108.85,108.45,108.5,203.0
2020-03-11 14:00:00,NSE:CREATIVE,104.0,107.75,104.0,107.75,74.0
2020-03-11 15:00:00,NSE:CREATIVE,107.5,107.5,104.05,104.75,203.0
2020-03-12 09:00:00,NSE:CREATIVE,100.0,100.0,99.55,99.9,1240.0
2020-03-12 10:00:00,NSE:CREATIVE,99.55,99.55,99.55,99.55,421.0
2020-03-12 11:00:00,NSE:CREATIVE,99.55,99.55,99.55,99.55,1.0
2020-03-12 12:00:00,NSE:CREATIVE,99.55,99.55,99.55,99.55,215.0
2020-03-12 13:00:00,NSE:CREATIVE,99.55,99.55,99.55,99.55,26.0
2020-03-12 15:00:00,NSE:CREATIVE,99.55,99.55,99.55,99.55,20.0
2020-03-13 09:00:00,NSE:CREATIVE,99.55,99.55,99.55,99.55,10.0
2020-03-13 10:00:00,NSE:CREATIVE,99.55,99.55,94.6,94.6,13.0
2020-03-13 11:00:00,NSE:CREATIVE,94.6,98.0,94.6,94.85,263.0
2020-03-13 12:00:00,NSE:CREATIVE,94.9,98.0,94.9,98.0,222.0
2020-03-13 13:00:00,NSE:CREATIVE,103.75,103.75,103.75,103.75,20.0
2020-03-13 14:00:00,NSE:CREATIVE,96.8,96.8,96.8,96.8,11.0
2020-03-13 15:00:00,NSE:CREATIVE,97.0,102.0,97.0,102.0,338.0
2020-03-16 09:00:00,NSE:CREATIVE,102.0,102.0,101.0,101.0,92.0
2020-03-16 10:00:00,NSE:CREATIVE,101.0,101.0,101.0,101.0,10.0
2020-03-16 11:00:00,NSE:CREATIVE,101.0,101.0,101.0,101.0,1.0
2020-03-16 12:00:00,NSE:CREATIVE,97.0,99.1,96.6,99.1,532.0
2020-03-16 13:00:00,NSE:CREATIVE,99.1,99.1,99.1,99.1,5.0
2020-03-16 14:00:00,NSE:CREATIVE,96.6,96.65,96.6,96.65,110.0
2020-03-17 09:00:00,NSE:CREATIVE,92.9,101.0,92.6,92.7,296.0
2020-03-17 10:00:00,NSE:CREATIVE,100.7,101.4,100.7,101.4,105.0
2020-03-17 11:00:00,NSE:CREATIVE,93.1,95.05,93.1,95.05,129.0
2020-03-17 12:00:00,NSE:CREATIVE,95.0,95.0,95.0,95.0,14071.0
2020-03-17 14:00:00,NSE:CREATIVE,93.5,99.0,93.4,93.4,140.0
2020-03-17 15:00:00,NSE:CREATIVE,93.25,101.0,92.6,101.0,314.0
2020-03-18 12:00:00,NSE:CREATIVE,92.0,92.0,92.0,92.0,50.0
2020-03-18 13:00:00,NSE:CREATIVE,91.3,92.5,91.3,91.3,70.0
2020-03-18 14:00:00,NSE:CREATIVE,94.25,94.25,94.25,94.25,700.0
2020-03-19 09:00:00,NSE:CREATIVE,90.35,97.95,90.35,97.95,101.0
2020-03-19 10:00:00,NSE:CREATIVE,95.0,95.0,95.0,95.0,6.0
2020-03-19 12:00:00,NSE:CREATIVE,91.0,91.0,89.55,89.55,439.0
2020-03-19 13:00:00,NSE:CREATIVE,94.95,94.95,94.95,94.95,351.0
2020-03-19 14:00:00,NSE:CREATIVE,94.8,95.0,94.8,95.0,1855.0
2020-03-20 09:00:00,NSE:CREATIVE,99.0,99.0,99.0,99.0,1050.0
2020-03-20 10:00:00,NSE:CREATIVE,97.0,97.0,97.0,97.0,25.0
2020-03-20 11:00:00,NSE:CREATIVE,99.0,99.0,92.25,92.25,11.0
2020-03-20 12:00:00,NSE:CREATIVE,92.55,92.55,92.55,92.55,119.0
2020-03-20 14:00:00,NSE:CREATIVE,98.8,98.8,96.75,96.75,2560.0
2020-03-20 15:00:00,NSE:CREATIVE,91.0,91.0,90.25,90.25,100.0
2020-03-23 11:00:00,NSE:CREATIVE,90.5,90.5,90.5,90.5,90.0
2020-03-23 13:00:00,NSE:CREATIVE,87.0,87.0,87.0,87.0,15.0
2020-03-23 15:00:00,NSE:CREATIVE,90.5,90.5,90.5,90.5,21.0
2020-03-24 09:00:00,NSE:CREATIVE,90.5,90.5,90.5,90.5,200.0
2020-03-24 10:00:00,NSE:CREATIVE,86.0,86.0,86.0,86.0,25.0
2020-03-24 11:00:00,NSE:CREATIVE,86.0,86.0,86.0,86.0,50.0
2020-03-24 12:00:00,NSE:CREATIVE,86.0,86.0,86.0,86.0,5.0
2020-03-24 15:00:00,NSE:CREATIVE,86.0,86.0,86.0,86.0,111.0
2020-03-25 10:00:00,NSE:CREATIVE,86.0,86.0,86.0,86.0,10.0
2020-03-25 11:00:00,NSE:CREATIVE,86.0,86.0,81.7,81.7,8.0
2020-03-25 12:00:00,NSE:CREATIVE,81.7,81.7,81.7,81.7,6.0
2020-03-25 13:00:00,NSE:CREATIVE,81.7,81.7,81.7,81.7,1.0
2020-03-25 14:00:00,NSE:CREATIVE,81.7,81.7,81.7,81.7,27.0
2020-03-25 15:00:00,NSE:CREATIVE,81.7,81.7,81.7,81.7,3.0
2020-03-26 09:00:00,NSE:CREATIVE,81.7,81.7,81.7,81.7,5.0
2020-03-26 10:00:00,NSE:CREATIVE,81.7,85.55,79.0,85.55,11.0
2020-03-26 11:00:00,NSE:CREATIVE,85.55,85.55,79.0,79.0,49.0
2020-03-26 13:00:00,NSE:CREATIVE,85.55,85.55,85.55,85.55,11.0
2020-03-26 15:00:00,NSE:CREATIVE,79.1,85.55,79.1,85.55,20.0
2020-03-27 09:00:00,NSE:CREATIVE,78.0,85.8,78.0,85.8,51.0
2020-03-27 13:00:00,NSE:CREATIVE,77.9,84.65,77.9,84.65,27.0
2020-03-27 14:00:00,NSE:CREATIVE,77.9,84.6,77.9,84.0,178.0
2020-03-27 15:00:00,NSE:CREATIVE,78.0,79.0,77.8,78.4,18.0
2020-03-30 09:00:00,NSE:CREATIVE,78.95,78.95,78.95,78.95,21.0
2020-03-30 10:00:00,NSE:CREATIVE,78.85,78.85,78.85,78.85,1.0
2020-03-30 11:00:00,NSE:CREATIVE,75.0,75.0,75.0,75.0,83.0
2020-03-30 12:00:00,NSE:CREATIVE,78.85,78.85,78.85,78.85,1.0
2020-03-30 14:00:00,NSE:CREATIVE,74.5,74.5,74.5,74.5,1.0
2020-03-31 15:00:00,NSE:CREATIVE,77.95,78.2,77.95,78.2,55.0
2020-04-01 10:00:00,NSE:CREATIVE,78.2,78.2,74.1,74.1,317.0
2020-04-01 11:00:00,NSE:CREATIVE,81.0,81.0,81.0,81.0,1.0
2020-04-01 13:00:00,NSE:CREATIVE,79.4,79.4,79.4,79.4,2550.0
2020-04-01 14:00:00,NSE:CREATIVE,75.0,75.0,74.1,74.1,2577.0
2020-04-01 15:00:00,NSE:CREATIVE,74.1,74.1,74.1,74.1,2.0
2020-04-03 09:00:00,NSE:CREATIVE,74.1,74.1,71.05,71.95,33.0
2020-04-03 10:00:00,NSE:CREATIVE,73.95,73.95,73.95,73.95,11.0
2020-04-03 11:00:00,NSE:CREATIVE,73.95,77.05,73.95,77.05,36.0
2020-04-03 12:00:00,NSE:CREATIVE,77.05,77.05,77.05,77.05,66.0
2020-04-03 13:00:00,NSE:CREATIVE,77.05,77.05,77.05,77.05,24.0
2020-04-03 14:00:00,NSE:CREATIVE,76.0,76.0,76.0,76.0,1.0
2020-04-03 15:00:00,NSE:CREATIVE,74.0,74.0,74.0,74.0,182.0
2020-04-07 09:00:00,NSE:CREATIVE,77.6,77.6,77.6,77.6,36.0
2020-04-07 13:00:00,NSE:CREATIVE,77.7,77.7,77.5,77.5,2650.0
2020-04-07 14:00:00,NSE:CREATIVE,77.5,77.5,77.5,77.5,3.0
2020-04-07 15:00:00,NSE:CREATIVE,77.5,77.5,77.5,77.5,5.0
2020-04-08 09:00:00,NSE:CREATIVE,78.0,81.0,78.0,81.0,8.0
2020-04-08 10:00:00,NSE:CREATIVE,74.6,74.6,74.6,74.6,36.0
2020-04-08 11:00:00,NSE:CREATIVE,79.0,79.0,79.0,79.0,70.0
2020-04-08 13:00:00,NSE:CREATIVE,79.0,79.0,78.95,79.0,27.0
2020-04-08 15:00:00,NSE:CREATIVE,78.0,78.0,75.7,75.7,2700.0
2020-04-09 10:00:00,NSE:CREATIVE,81.5,81.5,81.5,81.5,111.0
2020-04-09 11:00:00,NSE:CREATIVE,81.5,81.5,81.5,81.5,4.0
2020-04-09 12:00:00,NSE:CREATIVE,79.5,80.0,79.5,80.0,2650.0
2020-04-09 13:00:00,NSE:CREATIVE,75.05,78.0,74.1,77.95,288.0
2020-04-09 15:00:00,NSE:CREATIVE,74.0,74.15,74.0,74.15,600.0
2020-04-13 09:00:00,NSE:CREATIVE,74.0,74.0,73.95,73.95,358.0
2020-04-13 10:00:00,NSE:CREATIVE,73.95,77.8,70.45,77.8,658.0
2020-04-13 11:00:00,NSE:CREATIVE,70.7,77.7,70.7,70.8,20.0
2020-04-13 14:00:00,NSE:CREATIVE,77.7,77.7,77.7,77.7,5.0
2020-04-13 15:00:00,NSE:CREATIVE,77.7,77.7,72.0,72.0,86.0
2020-04-15 09:00:00,NSE:CREATIVE,69.5,71.0,69.5,71.0,102.0
2020-04-15 11:00:00,NSE:CREATIVE,71.0,71.15,71.0,71.15,26.0
2020-04-15 12:00:00,NSE:CREATIVE,75.0,75.0,72.0,72.0,12.0
2020-04-15 13:00:00,NSE:CREATIVE,71.1,72.0,71.1,72.0,76.0
2020-04-15 14:00:00,NSE:CREATIVE,72.0,75.0,71.0,74.45,660.0
2020-04-15 15:00:00,NSE:CREATIVE,74.45,74.45,71.0,71.0,189.0
2020-04-16 09:00:00,NSE:CREATIVE,74.5,74.5,74.5,74.5,10.0
2020-04-16 10:00:00,NSE:CREATIVE,74.5,74.5,67.55,74.5,27.0
2020-04-16 13:00:00,NSE:CREATIVE,74.6,74.6,74.6,74.6,100.0
2020-04-16 14:00:00,NSE:CREATIVE,69.05,74.5,69.05,74.5,15.0
2020-04-16 15:00:00,NSE:CREATIVE,69.1,74.5,69.1,74.5,159.0
2020-04-17 10:00:00,NSE:CREATIVE,77.75,77.75,77.75,77.75,3.0
2020-04-17 11:00:00,NSE:CREATIVE,77.9,77.9,77.9,77.9,351.0
2020-04-17 12:00:00,NSE:CREATIVE,77.9,77.9,77.9,77.9,120.0
2020-04-17 13:00:00,NSE:CREATIVE,75.25,75.25,75.25,75.25,119.0
2020-04-17 14:00:00,NSE:CREATIVE,77.9,77.9,75.25,75.25,142.0
2020-04-17 15:00:00,NSE:CREATIVE,77.9,77.9,77.9,77.9,7.0
2020-04-20 11:00:00,NSE:CREATIVE,81.5,81.75,80.0,81.75,638.0
2020-04-20 12:00:00,NSE:CREATIVE,81.75,81.75,81.75,81.75,100.0
2020-04-20 13:00:00,NSE:CREATIVE,81.75,81.75,81.75,81.75,219.0
2020-04-20 14:00:00,NSE:CREATIVE,81.75,81.75,81.75,81.75,100.0
2020-04-20 15:00:00,NSE:CREATIVE,81.75,81.75,81.75,81.75,5.0
2020-04-21 12:00:00,NSE:CREATIVE,85.75,85.75,81.0,85.0,325.0
2020-04-21 15:00:00,NSE:CREATIVE,85.75,85.75,85.75,85.75,121.0
2020-04-22 10:00:00,NSE:CREATIVE,85.35,85.35,85.35,85.35,100.0
2020-04-22 11:00:00,NSE:CREATIVE,86.0,86.0,81.2,81.2,21.0
2020-04-22 12:00:00,NSE:CREATIVE,81.4,85.35,81.4,85.35,60.0
2020-04-22 13:00:00,NSE:CREATIVE,85.35,85.35,85.35,85.35,15.0
2020-04-22 15:00:00,NSE:CREATIVE,86.0,88.7,81.3,88.7,34.0
2020-04-23 10:00:00,NSE:CREATIVE,87.95,87.95,83.25,87.95,12.0
2020-04-23 11:00:00,NSE:CREATIVE,87.7,87.7,87.7,87.7,10.0
2020-04-23 13:00:00,NSE:CREATIVE,87.7,87.95,87.7,87.95,11.0
2020-04-23 14:00:00,NSE:CREATIVE,88.45,88.45,88.45,88.45,174.0
2020-04-23 15:00:00,NSE:CREATIVE,88.45,88.45,88.45,88.45,25.0
2020-04-24 09:00:00,NSE:CREATIVE,92.85,92.85,84.1,85.05,834.0
2020-04-24 10:00:00,NSE:CREATIVE,91.95,91.95,85.5,86.25,630.0
2020-04-24 13:00:00,NSE:CREATIVE,89.5,89.5,89.5,89.5,1.0
2020-04-24 14:00:00,NSE:CREATIVE,86.25,86.25,85.1,85.1,67.0
2020-04-24 15:00:00,NSE:CREATIVE,85.1,89.5,85.1,89.5,287.0
2020-04-27 09:00:00,NSE:CREATIVE,93.2,93.2,85.25,91.0,114.0
2020-04-27 10:00:00,NSE:CREATIVE,91.0,91.0,91.0,91.0,25.0
2020-04-27 11:00:00,NSE:CREATIVE,91.0,91.0,88.5,90.0,171.0
2020-04-27 13:00:00,NSE:CREATIVE,89.75,89.75,89.75,89.75,2550.0
2020-04-27 14:00:00,NSE:CREATIVE,88.1,88.1,86.0,86.0,450.0
2020-04-27 15:00:00,NSE:CREATIVE,86.0,86.0,86.0,86.0,101.0
2020-04-28 09:00:00,NSE:CREATIVE,86.0,89.25,82.05,89.25,110.0
2020-04-28 11:00:00,NSE:CREATIVE,83.1,86.5,83.1,86.5,15.0
2020-04-28 12:00:00,NSE:CREATIVE,86.5,87.75,86.5,87.75,1600.0
2020-04-28 13:00:00,NSE:CREATIVE,89.9,89.9,85.0,89.8,221.0
2020-04-28 14:00:00,NSE:CREATIVE,89.8,89.8,89.8,89.8,1.0
2020-04-28 15:00:00,NSE:CREATIVE,89.0,89.9,89.0,89.9,1056.0
2020-04-29 10:00:00,NSE:CREATIVE,89.0,89.0,86.55,86.55,2.0
2020-04-29 11:00:00,NSE:CREATIVE,93.25,93.45,86.55,92.0,1845.0
2020-04-29 12:00:00,NSE:CREATIVE,90.0,90.0,90.0,90.0,1050.0
2020-04-29 13:00:00,NSE:CREATIVE,89.0,89.9,87.75,89.9,282.0
2020-04-29 14:00:00,NSE:CREATIVE,87.8,87.8,87.8,87.8,45.0
2020-04-29 15:00:00,NSE:CREATIVE,88.0,88.0,84.65,84.65,80.0
2020-04-30 09:00:00,NSE:CREATIVE,84.15,84.25,84.15,84.25,149.0
2020-04-30 10:00:00,NSE:CREATIVE,88.4,88.4,88.4,88.4,4.0
2020-04-30 14:00:00,NSE:CREATIVE,87.9,87.9,84.4,84.4,1197.0
2020-05-04 09:00:00,NSE:CREATIVE,80.2,87.5,80.2,84.4,209.0
2020-05-04 10:00:00,NSE:CREATIVE,84.4,84.4,83.95,84.0,1381.0
2020-05-04 11:00:00,NSE:CREATIVE,85.9,85.9,85.9,85.9,50.0
2020-05-04 14:00:00,NSE:CREATIVE,85.4,85.4,85.4,85.4,300.0
2020-05-04 15:00:00,NSE:CREATIVE,84.0,88.4,84.0,88.4,149.0
2020-05-05 09:00:00,NSE:CREATIVE,89.45,89.45,89.45,89.45,10.0
2020-05-05 10:00:00,NSE:CREATIVE,88.75,88.75,88.7,88.75,20.0
2020-05-05 11:00:00,NSE:CREATIVE,82.75,82.75,82.75,82.75,100.0
2020-05-05 12:00:00,NSE:CREATIVE,87.9,87.9,83.05,83.05,100.0
2020-05-05 13:00:00,NSE:CREATIVE,87.85,89.25,83.25,83.25,276.0
2020-05-05 14:00:00,NSE:CREATIVE,84.05,84.05,84.05,84.05,10.0
2020-05-05 15:00:00,NSE:CREATIVE,84.25,84.25,81.6,82.05,178.0
2020-05-06 10:00:00,NSE:CREATIVE,85.35,85.35,82.05,82.05,2.0
2020-05-06 11:00:00,NSE:CREATIVE,83.0,83.0,83.0,83.0,1500.0
2020-05-06 13:00:00,NSE:CREATIVE,84.95,84.95,82.75,82.8,2400.0
2020-05-06 14:00:00,NSE:CREATIVE,81.3,81.3,81.3,81.3,1.0
2020-05-06 15:00:00,NSE:CREATIVE,81.5,85.0,81.5,85.0,39.0
2020-05-07 09:00:00,NSE:CREATIVE,79.0,80.35,79.0,80.35,3.0
2020-05-07 10:00:00,NSE:CREATIVE,80.4,82.5,80.4,80.4,300.0
2020-05-07 15:00:00,NSE:CREATIVE,83.0,83.0,83.0,83.0,200.0
2020-05-11 10:00:00,NSE:CREATIVE,86.5,86.5,80.05,80.05,18.0
2020-05-11 11:00:00,NSE:CREATIVE,79.05,79.05,78.85,78.85,314.0
2020-05-11 12:00:00,NSE:CREATIVE,83.05,83.1,83.05,83.1,5390.0
2020-05-11 13:00:00,NSE:CREATIVE,80.05,82.4,80.0,80.0,1022.0
2020-05-11 14:00:00,NSE:CREATIVE,80.0,80.0,79.6,79.6,325.0
2020-05-11 15:00:00,NSE:CREATIVE,79.6,81.8,79.25,81.8,717.0
2020-05-12 10:00:00,NSE:CREATIVE,81.0,81.0,76.25,76.25,2.0
2020-05-12 12:00:00,NSE:CREATIVE,76.7,79.85,76.7,79.85,5640.0
2020-05-12 13:00:00,NSE:CREATIVE,77.15,79.95,77.15,79.95,21.0
2020-05-12 15:00:00,NSE:CREATIVE,79.95,83.35,79.95,83.35,82.0
2020-05-13 12:00:00,NSE:CREATIVE,83.0,83.0,82.9,82.9,5890.0
2020-05-13 13:00:00,NSE:CREATIVE,82.0,82.0,82.0,82.0,40000.0
2020-05-14 09:00:00,NSE:CREATIVE,81.9,81.9,78.25,78.25,11.0
2020-05-14 10:00:00,NSE:CREATIVE,78.2,78.2,78.2,78.2,100.0
2020-05-14 11:00:00,NSE:CREATIVE,78.05,79.6,78.05,79.6,5949.0
2020-05-14 12:00:00,NSE:CREATIVE,80.0,80.0,80.0,80.0,209.0
2020-05-14 14:00:00,NSE:CREATIVE,82.0,82.0,82.0,82.0,100.0
2020-05-14 15:00:00,NSE:CREATIVE,86.0,86.0,80.05,80.05,1143.0
2020-05-15 09:00:00,NSE:CREATIVE,82.1,85.0,82.1,85.0,124.0
2020-05-15 11:00:00,NSE:CREATIVE,82.6,82.6,82.6,82.6,24.0
2020-05-15 13:00:00,NSE:CREATIVE,84.0,84.4,82.65,84.4,7116.0
2020-05-15 14:00:00,NSE:CREATIVE,81.75,83.75,81.75,83.75,40008.0
2020-05-15 15:00:00,NSE:CREATIVE,82.0,82.0,81.75,81.75,126.0
2020-05-18 09:00:00,NSE:CREATIVE,77.9,82.95,77.9,78.0,100.0
2020-05-18 10:00:00,NSE:CREATIVE,85.5,85.5,78.35,84.5,216.0
2020-05-18 12:00:00,NSE:CREATIVE,78.5,82.0,78.5,82.0,3124.0
2020-05-19 09:00:00,NSE:CREATIVE,81.9,81.9,81.9,81.9,11.0
2020-05-19 14:00:00,NSE:CREATIVE,79.0,79.0,79.0,79.0,60.0
2020-05-19 15:00:00,NSE:CREATIVE,79.0,79.0,79.0,79.0,250.0
2020-05-20 09:00:00,NSE:CREATIVE,81.9,81.9,81.9,81.9,6.0
2020-05-20 10:00:00,NSE:CREATIVE,78.0,78.0,78.0,78.0,8.0
2020-05-20 11:00:00,NSE:CREATIVE,78.25,78.25,78.0,78.0,356.0
2020-05-20 15:00:00,NSE:CREATIVE,80.9,80.9,80.9,80.9,12.0
2020-05-21 10:00:00,NSE:CREATIVE,80.9,80.9,80.9,80.9,2.0
2020-05-21 12:00:00,NSE:CREATIVE,81.9,81.9,81.9,81.9,50.0
2020-05-21 15:00:00,NSE:CREATIVE,81.9,81.9,81.9,81.9,10.0
2020-05-22 09:00:00,NSE:CREATIVE,81.0,81.0,81.0,81.0,5.0
2020-05-22 13:00:00,NSE:CREATIVE,79.95,79.95,79.95,79.95,17.0
2020-05-22 15:00:00,NSE:CREATIVE,80.0,80.0,78.0,78.0,146.0
2020-05-26 12:00:00,NSE:CREATIVE,78.5,78.5,78.5,78.5,2945.0
2020-05-27 09:00:00,NSE:CREATIVE,79.95,79.95,79.95,79.95,25.0
2020-05-27 15:00:00,NSE:CREATIVE,75.0,75.0,75.0,75.0,200.0
2020-05-28 09:00:00,NSE:CREATIVE,75.0,75.0,75.0,75.0,50.0
2020-05-28 11:00:00,NSE:CREATIVE,73.0,73.95,73.0,73.95,20390.0
2020-05-28 13:00:00,NSE:CREATIVE,74.0,74.0,74.0,74.0,673.0
2020-05-28 14:00:00,NSE:CREATIVE,73.95,73.95,73.9,73.9,350.0
2020-05-29 10:00:00,NSE:CREATIVE,74.0,74.0,71.55,71.55,17.0
2020-05-29 12:00:00,NSE:CREATIVE,71.65,73.95,71.6,73.95,350.0
2020-05-29 13:00:00,NSE:CREATIVE,73.95,73.95,73.85,73.85,49.0
2020-05-29 15:00:00,NSE:CREATIVE,72.0,73.5,71.05,71.05,29255.0
2020-06-01 09:00:00,NSE:CREATIVE,73.35,73.35,73.35,73.35,20.0
2020-06-01 10:00:00,NSE:CREATIVE,76.95,76.95,76.95,76.95,40.0
2020-06-01 11:00:00,NSE:CREATIVE,70.4,74.5,70.4,74.5,637.0
2020-06-01 14:00:00,NSE:CREATIVE,70.5,74.0,70.5,73.7,144.0
2020-06-01 15:00:00,NSE:CREATIVE,72.5,72.5,70.5,70.5,242.0
2020-06-02 09:00:00,NSE:CREATIVE,74.9,74.9,74.9,74.9,21.0
2020-06-02 10:00:00,NSE:CREATIVE,72.0,72.0,72.0,72.0,70.0
2020-06-02 11:00:00,NSE:CREATIVE,71.95,71.95,71.95,71.95,30.0
2020-06-02 12:00:00,NSE:CREATIVE,71.95,72.0,71.95,72.0,120.0
2020-06-02 13:00:00,NSE:CREATIVE,72.0,72.0,72.0,72.0,67.0
2020-06-02 14:00:00,NSE:CREATIVE,74.55,74.55,74.55,74.55,1.0
2020-06-02 15:00:00,NSE:CREATIVE,72.0,72.0,71.9,71.95,25578.0
2020-06-03 09:00:00,NSE:CREATIVE,74.9,74.9,68.5,74.45,243.0
2020-06-03 10:00:00,NSE:CREATIVE,74.9,75.5,70.3,74.5,1145.0
2020-06-03 11:00:00,NSE:CREATIVE,73.0,73.0,73.0,73.0,2.0
2020-06-03 13:00:00,NSE:CREATIVE,75.4,75.4,71.95,74.9,14960.0
2020-06-03 14:00:00,NSE:CREATIVE,74.9,74.9,71.25,71.25,451.0
2020-06-03 15:00:00,NSE:CREATIVE,71.25,72.0,71.25,72.0,16.0
2020-06-04 13:00:00,NSE:CREATIVE,72.0,72.0,72.0,72.0,50.0
2020-06-04 15:00:00,NSE:CREATIVE,72.0,72.0,72.0,72.0,10.0
2020-06-05 09:00:00,NSE:CREATIVE,69.15,77.9,69.15,77.9,76.0
2020-06-05 10:00:00,NSE:CREATIVE,76.95,76.95,70.05,70.05,151.0
2020-06-05 11:00:00,NSE:CREATIVE,79.2,79.2,70.25,75.9,1559.0
2020-06-05 12:00:00,NSE:CREATIVE,75.0,79.2,75.0,79.2,3017.0
2020-06-05 14:00:00,NSE:CREATIVE,79.1,79.2,75.0,75.0,183.0
2020-06-05 15:00:00,NSE:CREATIVE,75.0,75.0,75.0,75.0,217.0
2020-06-08 09:00:00,NSE:CREATIVE,78.0,78.0,78.0,78.0,40.0
2020-06-08 10:00:00,NSE:CREATIVE,78.5,82.5,78.5,82.5,2485.0
2020-06-08 11:00:00,NSE:CREATIVE,82.5,82.5,75.35,82.5,217.0
2020-06-08 12:00:00,NSE:CREATIVE,80.3,82.5,80.3,82.5,1001.0
2020-06-08 14:00:00,NSE:CREATIVE,82.5,82.5,82.5,82.5,48.0
2020-06-08 15:00:00,NSE:CREATIVE,82.5,82.5,82.5,82.5,37.0
2020-06-09 09:00:00,NSE:CREATIVE,82.5,90.75,76.1,90.75,983.0
2020-06-09 10:00:00,NSE:CREATIVE,90.75,90.75,90.0,90.5,6042.0
2020-06-09 11:00:00,NSE:CREATIVE,89.0,90.5,89.0,90.5,513.0
2020-06-09 12:00:00,NSE:CREATIVE,90.5,90.5,90.5,90.5,151.0
2020-06-09 13:00:00,NSE:CREATIVE,90.5,90.5,90.5,90.5,642.0
2020-06-09 14:00:00,NSE:CREATIVE,87.25,90.75,87.15,90.75,2555.0
2020-06-09 15:00:00,NSE:CREATIVE,90.7,90.7,90.65,90.65,149.0
2020-06-10 09:00:00,NSE:CREATIVE,96.0,96.0,91.3,92.6,1211.0
2020-06-10 10:00:00,NSE:CREATIVE,92.6,99.45,91.65,95.0,3658.0
2020-06-10 11:00:00,NSE:CREATIVE,95.0,96.95,92.5,94.0,404.0
2020-06-10 12:00:00,NSE:CREATIVE,94.0,96.0,86.0,92.7,3958.0
2020-06-10 13:00:00,NSE:CREATIVE,92.0,93.8,87.4,92.9,4385.0
2020-06-10 14:00:00,NSE:CREATIVE,92.9,93.6,89.1,92.0,3938.0
2020-06-10 15:00:00,NSE:CREATIVE,93.6,95.0,89.05,95.0,2854.0
2020-06-11 09:00:00,NSE:CREATIVE,88.75,88.95,88.75,88.95,67.0
2020-06-11 10:00:00,NSE:CREATIVE,88.95,92.8,87.0,87.0,1088.0
2020-06-11 11:00:00,NSE:CREATIVE,93.9,93.9,89.8,89.8,10.0
2020-06-11 14:00:00,NSE:CREATIVE,89.35,92.0,87.0,87.0,375.0
2020-06-11 15:00:00,NSE:CREATIVE,90.0,90.0,90.0,90.0,102.0
2020-06-12 09:00:00,NSE:CREATIVE,86.1,93.7,85.5,85.5,1847.0
2020-06-12 10:00:00,NSE:CREATIVE,85.5,85.5,85.5,85.5,5.0
2020-06-12 12:00:00,NSE:CREATIVE,85.5,85.5,85.5,85.5,347.0
2020-06-12 14:00:00,NSE:CREATIVE,91.45,91.45,91.45,91.45,1.0
2020-06-12 15:00:00,NSE:CREATIVE,91.0,91.0,85.5,85.5,93.0
2020-06-15 09:00:00,NSE:CREATIVE,88.0,89.7,85.55,85.55,102.0
2020-06-15 10:00:00,NSE:CREATIVE,89.45,89.45,89.45,89.45,100.0
2020-06-15 11:00:00,NSE:CREATIVE,81.5,81.5,81.5,81.5,11.0
2020-06-15 14:00:00,NSE:CREATIVE,85.0,85.0,85.0,85.0,54.0
2020-06-15 15:00:00,NSE:CREATIVE,86.9,86.9,86.9,86.9,39.0
2020-06-16 09:00:00,NSE:CREATIVE,82.6,88.25,82.6,88.25,132.0
2020-06-16 10:00:00,NSE:CREATIVE,82.8,82.8,82.8,82.8,10.0
2020-06-16 11:00:00,NSE:CREATIVE,87.0,87.0,86.75,86.75,2500.0
2020-06-16 13:00:00,NSE:CREATIVE,83.1,83.1,83.0,83.0,145.0
2020-06-16 15:00:00,NSE:CREATIVE,85.8,85.8,83.75,83.75,150.0
2020-06-17 10:00:00,NSE:CREATIVE,80.6,80.6,80.6,80.6,1.0
2020-06-17 11:00:00,NSE:CREATIVE,86.9,86.9,86.9,86.9,3.0
2020-06-17 12:00:00,NSE:CREATIVE,84.0,84.0,84.0,84.0,10.0
2020-06-17 13:00:00,NSE:CREATIVE,84.9,84.9,84.5,84.5,7166.0
2020-06-17 15:00:00,NSE:CREATIVE,81.9,84.5,81.9,84.5,58.0
2020-06-18 12:00:00,NSE:CREATIVE,82.55,82.55,82.55,82.55,50.0
2020-06-18 13:00:00,NSE:CREATIVE,82.5,82.5,82.5,82.5,100.0
2020-06-18 14:00:00,NSE:CREATIVE,84.9,84.9,80.25,82.95,2411.0
2020-06-18 15:00:00,NSE:CREATIVE,80.25,82.9,80.25,80.25,800.0
2020-06-19 09:00:00,NSE:CREATIVE,83.25,83.25,77.15,82.0,281.0
2020-06-19 10:00:00,NSE:CREATIVE,77.3,77.3,77.3,77.3,100.0
2020-06-19 11:00:00,NSE:CREATIVE,82.55,82.9,77.55,82.9,160.0
2020-06-19 12:00:00,NSE:CREATIVE,77.7,79.9,77.7,79.9,104.0
2020-06-19 13:00:00,NSE:CREATIVE,79.75,79.75,79.75,79.75,10.0
2020-06-19 14:00:00,NSE:CREATIVE,79.45,79.45,76.7,79.0,1323.0
2020-06-19 15:00:00,NSE:CREATIVE,79.0,79.0,79.0,79.0,586.0
2020-06-22 09:00:00,NSE:CREATIVE,82.75,82.75,80.0,80.0,689.0
2020-06-22 10:00:00,NSE:CREATIVE,82.1,82.1,77.45,77.45,200.0
2020-06-22 11:00:00,NSE:CREATIVE,81.45,81.45,81.0,81.0,280.0
2020-06-22 12:00:00,NSE:CREATIVE,80.0,80.0,79.0,79.0,2860.0
2020-06-22 13:00:00,NSE:CREATIVE,78.4,78.4,78.4,78.4,50.0
2020-06-22 14:00:00,NSE:CREATIVE,78.35,79.0,78.35,79.0,206.0
2020-06-22 15:00:00,NSE:CREATIVE,79.0,79.0,78.25,78.25,451.0
2020-06-23 09:00:00,NSE:CREATIVE,75.25,82.45,75.25,78.15,1301.0
2020-06-23 10:00:00,NSE:CREATIVE,78.35,80.0,78.35,80.0,294.0
2020-06-23 11:00:00,NSE:CREATIVE,78.35,78.35,78.35,78.35,10.0
2020-06-23 12:00:00,NSE:CREATIVE,80.0,80.0,80.0,80.0,292.0
2020-06-23 13:00:00,NSE:CREATIVE,81.95,81.95,81.95,81.95,3.0
2020-06-23 14:00:00,NSE:CREATIVE,81.75,81.75,80.05,80.05,202.0
2020-06-23 15:00:00,NSE:CREATIVE,80.0,81.65,80.0,81.65,34.0
2020-06-24 09:00:00,NSE:CREATIVE,78.75,79.45,77.6,79.0,816.0
2020-06-24 11:00:00,NSE:CREATIVE,79.45,79.45,77.75,77.75,151.0
2020-06-24 12:00:00,NSE:CREATIVE,77.8,80.0,77.75,80.0,303.0
2020-06-24 13:00:00,NSE:CREATIVE,78.0,79.9,77.7,77.7,100.0
2020-06-24 14:00:00,NSE:CREATIVE,77.95,81.9,77.95,78.0,8145.0
2020-06-24 15:00:00,NSE:CREATIVE,77.95,77.95,77.25,77.65,471.0
2020-06-25 09:00:00,NSE:CREATIVE,80.0,80.15,80.0,80.15,9800.0
2020-06-25 10:00:00,NSE:CREATIVE,80.9,80.9,80.85,80.85,200.0
2020-06-25 11:00:00,NSE:CREATIVE,76.55,80.4,76.55,79.7,37.0
2020-06-25 12:00:00,NSE:CREATIVE,79.25,79.25,77.0,77.0,140.0
2020-06-25 13:00:00,NSE:CREATIVE,79.2,79.65,79.2,79.65,125.0
2020-06-25 14:00:00,NSE:CREATIVE,80.8,80.8,80.4,80.75,1615.0
2020-06-25 15:00:00,NSE:CREATIVE,81.5,81.5,81.4,81.4,131.0
2020-06-26 09:00:00,NSE:CREATIVE,82.0,82.0,82.0,82.0,250.0
2020-06-26 10:00:00,NSE:CREATIVE,80.05,81.2,79.2,79.2,6086.0
2020-06-26 11:00:00,NSE:CREATIVE,79.0,79.0,79.0,79.0,1556.0
2020-06-26 12:00:00,NSE:CREATIVE,79.0,79.0,79.0,79.0,255.0
2020-06-26 15:00:00,NSE:CREATIVE,78.25,79.55,78.25,78.25,405.0
2020-06-29 09:00:00,NSE:CREATIVE,75.5,80.95,75.5,79.35,1658.0
2020-06-29 12:00:00,NSE:CREATIVE,77.85,77.85,77.85,77.85,275.0
2020-06-29 14:00:00,NSE:CREATIVE,76.3,76.3,76.3,76.3,10.0
2020-06-29 15:00:00,NSE:CREATIVE,77.8,79.35,77.15,79.35,550.0
2020-06-30 09:00:00,NSE:CREATIVE,81.0,81.0,80.0,80.0,1200.0
2020-06-30 10:00:00,NSE:CREATIVE,78.75,78.75,78.05,78.05,400.0
2020-06-30 12:00:00,NSE:CREATIVE,78.15,78.15,78.15,78.15,570.0
2020-06-30 14:00:00,NSE:CREATIVE,78.0,79.8,75.5,77.0,1501.0
2020-06-30 15:00:00,NSE:CREATIVE,77.0,77.0,75.1,76.05,1735.0
2020-07-01 09:00:00,NSE:CREATIVE,79.25,79.25,78.4,78.4,1645.0
2020-07-01 10:00:00,NSE:CREATIVE,73.5,76.75,73.5,76.75,266.0
2020-07-01 11:00:00,NSE:CREATIVE,74.1,74.1,74.1,74.1,250.0
2020-07-01 12:00:00,NSE:CREATIVE,74.0,74.0,74.0,74.0,840.0
2020-07-01 13:00:00,NSE:CREATIVE,75.35,75.5,74.05,75.5,1010.0
2020-07-01 14:00:00,NSE:CREATIVE,75.5,75.5,73.6,75.45,1150.0
2020-07-01 15:00:00,NSE:CREATIVE,75.5,76.5,75.45,76.0,908.0
2020-07-02 09:00:00,NSE:CREATIVE,76.0,76.0,76.0,76.0,40.0
2020-07-02 11:00:00,NSE:CREATIVE,74.1,75.95,74.1,75.95,2.0
2020-07-02 12:00:00,NSE:CREATIVE,73.5,75.95,73.5,75.95,201.0
2020-07-02 13:00:00,NSE:CREATIVE,73.6,77.45,73.6,77.2,111.0
2020-07-02 14:00:00,NSE:CREATIVE,76.0,76.0,76.0,76.0,79.0
2020-07-02 15:00:00,NSE:CREATIVE,74.0,75.8,73.55,73.55,121.0
2020-07-03 09:00:00,NSE:CREATIVE,76.9,76.9,72.2,75.0,279.0
2020-07-03 10:00:00,NSE:CREATIVE,74.0,75.5,73.5,73.5,67.0
2020-07-03 11:00:00,NSE:CREATIVE,74.95,74.95,74.95,74.95,50.0
2020-07-03 12:00:00,NSE:CREATIVE,75.8,75.8,75.8,75.8,262.0
2020-07-03 13:00:00,NSE:CREATIVE,75.8,75.8,75.8,75.8,5.0
2020-07-03 15:00:00,NSE:CREATIVE,75.8,75.8,74.1,74.1,96.0
2020-07-06 09:00:00,NSE:CREATIVE,75.9,75.9,74.1,74.1,195.0
2020-07-06 10:00:00,NSE:CREATIVE,74.1,74.1,72.0,72.0,806.0
2020-07-06 11:00:00,NSE:CREATIVE,73.15,73.15,73.15,73.15,300.0
2020-07-06 12:00:00,NSE:CREATIVE,73.15,73.9,73.15,73.75,67.0
2020-07-06 14:00:00,NSE:CREATIVE,73.75,75.4,72.5,73.0,2894.0
2020-07-06 15:00:00,NSE:CREATIVE,73.4,74.0,73.4,73.9,1425.0
2020-07-07 09:00:00,NSE:CREATIVE,75.75,75.8,74.05,74.5,593.0
2020-07-07 10:00:00,NSE:CREATIVE,77.4,77.4,77.35,77.35,913.0
2020-07-07 11:00:00,NSE:CREATIVE,77.45,77.45,77.35,77.45,374.0
2020-07-07 12:00:00,NSE:CREATIVE,77.45,77.45,77.15,77.15,248.0
2020-07-07 13:00:00,NSE:CREATIVE,77.45,77.45,77.1,77.1,24300.0
2020-07-07 14:00:00,NSE:CREATIVE,77.15,77.15,73.4,74.9,8347.0
2020-07-07 15:00:00,NSE:CREATIVE,73.6,74.25,72.8,73.0,16270.0
2020-07-08 09:00:00,NSE:CREATIVE,76.3,76.3,70.35,72.0,252.0
2020-07-08 10:00:00,NSE:CREATIVE,74.4,74.4,71.3,71.95,1912.0
2020-07-08 11:00:00,NSE:CREATIVE,72.0,74.0,71.95,74.0,260.0
2020-07-08 12:00:00,NSE:CREATIVE,73.95,74.8,71.75,72.0,2183.0
2020-07-08 13:00:00,NSE:CREATIVE,72.0,73.5,71.8,72.8,1190.0
2020-07-08 14:00:00,NSE:CREATIVE,71.8,72.5,71.75,72.0,312.0
2020-07-08 15:00:00,NSE:CREATIVE,71.4,71.4,71.0,71.1,700.0
2020-07-09 09:00:00,NSE:CREATIVE,72.25,72.25,72.1,72.1,5000.0
2020-07-09 10:00:00,NSE:CREATIVE,72.3,72.3,70.55,72.3,158.0
2020-07-09 11:00:00,NSE:CREATIVE,69.1,72.25,69.1,71.9,531.0
2020-07-09 12:00:00,NSE:CREATIVE,71.0,71.9,69.25,71.5,733.0
2020-07-09 13:00:00,NSE:CREATIVE,71.45,71.5,71.45,71.5,190.0
2020-07-09 14:00:00,NSE:CREATIVE,70.05,72.55,70.0,70.0,9723.0
2020-07-09 15:00:00,NSE:CREATIVE,69.75,70.1,69.75,69.75,3842.0
2020-07-10 09:00:00,NSE:CREATIVE,73.25,73.25,70.0,73.2,1330.0
2020-07-10 10:00:00,NSE:CREATIVE,72.1,73.25,72.1,73.25,1406.0
2020-07-10 11:00:00,NSE:CREATIVE,72.65,73.25,72.65,73.05,1249.0
2020-07-10 12:00:00,NSE:CREATIVE,73.25,73.25,73.1,73.1,80.0
2020-07-10 13:00:00,NSE:CREATIVE,73.25,73.25,73.25,73.25,396.0
2020-07-10 14:00:00,NSE:CREATIVE,73.25,73.25,73.25,73.25,10.0
2020-07-13 09:00:00,NSE:CREATIVE,76.9,76.9,76.8,76.9,4197.0
2020-07-13 10:00:00,NSE:CREATIVE,76.2,76.9,76.2,76.9,4705.0
2020-07-13 11:00:00,NSE:CREATIVE,76.9,76.9,76.9,76.9,500.0
2020-07-13 12:00:00,NSE:CREATIVE,76.9,76.9,76.9,76.9,1250.0
2020-07-13 14:00:00,NSE:CREATIVE,76.9,76.9,76.6,76.9,1044.0
2020-07-13 15:00:00,NSE:CREATIVE,76.85,76.85,73.0,73.8,6763.0
2020-07-14 09:00:00,NSE:CREATIVE,76.0,76.0,71.45,75.65,4220.0
2020-07-14 10:00:00,NSE:CREATIVE,75.55,75.55,73.55,75.15,219.0
2020-07-14 11:00:00,NSE:CREATIVE,75.0,75.0,73.6,74.5,42.0
2020-07-14 12:00:00,NSE:CREATIVE,74.5,74.9,74.5,74.9,6.0
2020-07-14 13:00:00,NSE:CREATIVE,74.4,74.4,74.0,74.0,3718.0
2020-07-14 14:00:00,NSE:CREATIVE,74.0,74.95,74.0,74.75,16988.0
2020-07-14 15:00:00,NSE:CREATIVE,74.75,75.0,72.65,73.55,1468.0
2020-07-15 09:00:00,NSE:CREATIVE,77.0,77.0,74.35,74.55,6906.0
2020-07-15 10:00:00,NSE:CREATIVE,75.8,75.8,74.5,75.0,1274.0
2020-07-15 11:00:00,NSE:CREATIVE,75.45,76.45,75.0,76.4,84.0
2020-07-15 12:00:00,NSE:CREATIVE,76.3,76.3,75.15,76.25,705.0
2020-07-15 13:00:00,NSE:CREATIVE,75.9,76.3,75.65,76.0,14.0
2020-07-15 14:00:00,NSE:CREATIVE,75.3,76.0,75.3,76.0,2224.0
2020-07-15 15:00:00,NSE:CREATIVE,76.55,76.95,76.05,76.95,484.0
2020-07-16 09:00:00,NSE:CREATIVE,79.6,79.6,76.25,76.65,4365.0
2020-07-16 10:00:00,NSE:CREATIVE,77.0,78.85,76.8,76.8,272.0
2020-07-16 11:00:00,NSE:CREATIVE,77.05,77.1,77.05,77.1,174.0
2020-07-16 12:00:00,NSE:CREATIVE,77.8,77.8,77.1,77.1,1477.0
2020-07-16 13:00:00,NSE:CREATIVE,77.9,77.9,77.9,77.9,260.0
2020-07-16 14:00:00,NSE:CREATIVE,78.0,78.1,77.5,78.1,4658.0
2020-07-16 15:00:00,NSE:CREATIVE,78.4,78.5,78.4,78.5,135.0
2020-07-17 09:00:00,NSE:CREATIVE,79.95,81.5,79.2,80.95,4846.0
2020-07-17 10:00:00,NSE:CREATIVE,79.05,80.95,79.05,80.9,204.0
2020-07-17 11:00:00,NSE:CREATIVE,80.4,81.5,80.2,81.35,5604.0
2020-07-17 12:00:00,NSE:CREATIVE,81.25,81.35,81.15,81.35,2513.0
2020-07-17 13:00:00,NSE:CREATIVE,81.3,81.95,81.2,81.95,4500.0
2020-07-17 14:00:00,NSE:CREATIVE,81.65,82.35,81.65,82.35,2543.0
2020-07-17 15:00:00,NSE:CREATIVE,82.3,82.3,82.2,82.2,815.0
2020-07-20 09:00:00,NSE:CREATIVE,83.6,86.4,83.55,85.0,7277.0
2020-07-20 10:00:00,NSE:CREATIVE,84.95,86.35,84.95,86.25,2703.0
2020-07-20 11:00:00,NSE:CREATIVE,86.2,86.4,86.1,86.4,1438.0
2020-07-20 12:00:00,NSE:CREATIVE,86.4,86.4,86.15,86.4,120.0
2020-07-20 13:00:00,NSE:CREATIVE,86.15,86.4,84.5,84.5,1314.0
2020-07-20 14:00:00,NSE:CREATIVE,84.5,86.4,84.45,85.7,12761.0
2020-07-20 15:00:00,NSE:CREATIVE,85.45,85.9,83.9,84.0,3559.0
2020-07-21 09:00:00,NSE:CREATIVE,83.0,88.3,83.0,88.3,38850.0
2020-07-21 10:00:00,NSE:CREATIVE,88.3,88.3,88.3,88.3,1271.0
2020-07-21 11:00:00,NSE:CREATIVE,88.3,88.3,88.3,88.3,50.0
2020-07-21 12:00:00,NSE:CREATIVE,88.3,88.3,88.3,88.3,100.0
2020-07-21 13:00:00,NSE:CREATIVE,88.3,88.3,88.3,88.3,22.0
2020-07-22 09:00:00,NSE:CREATIVE,92.7,92.7,89.05,92.45,8657.0
2020-07-22 10:00:00,NSE:CREATIVE,91.25,92.45,91.1,91.1,463.0
2020-07-22 11:00:00,NSE:CREATIVE,91.4,92.45,91.4,91.8,945.0
2020-07-22 12:00:00,NSE:CREATIVE,91.8,92.7,91.8,92.05,5095.0
2020-07-22 13:00:00,NSE:CREATIVE,92.05,92.7,92.05,92.7,259.0
2020-07-22 14:00:00,NSE:CREATIVE,92.65,92.65,92.1,92.1,725.0
2020-07-22 15:00:00,NSE:CREATIVE,92.15,92.7,92.15,92.7,9046.0
2020-07-23 09:00:00,NSE:CREATIVE,96.2,96.2,94.1,95.7,10257.0
2020-07-23 10:00:00,NSE:CREATIVE,94.15,95.85,94.0,94.5,1092.0
2020-07-23 11:00:00,NSE:CREATIVE,94.25,94.25,93.0,94.2,492.0
2020-07-23 12:00:00,NSE:CREATIVE,93.9,93.9,93.0,93.8,431.0
2020-07-23 13:00:00,NSE:CREATIVE,93.0,93.8,93.0,93.05,70.0
2020-07-23 14:00:00,NSE:CREATIVE,93.5,95.0,93.0,93.8,965.0
2020-07-23 15:00:00,NSE:CREATIVE,93.0,95.0,93.0,94.05,405.0
2020-07-24 09:00:00,NSE:CREATIVE,95.2,95.9,94.5,94.5,5734.0
2020-07-24 10:00:00,NSE:CREATIVE,94.5,95.0,94.5,94.5,838.0
2020-07-24 11:00:00,NSE:CREATIVE,94.5,96.5,94.5,94.65,405.0
2020-07-24 12:00:00,NSE:CREATIVE,94.5,95.8,94.5,95.8,650.0
2020-07-24 13:00:00,NSE:CREATIVE,97.85,97.85,95.5,97.45,655.0
2020-07-24 14:00:00,NSE:CREATIVE,94.55,96.4,94.55,96.0,943.0
2020-07-24 15:00:00,NSE:CREATIVE,96.5,97.1,96.5,97.1,29.0
2020-07-27 09:00:00,NSE:CREATIVE,96.7,97.85,96.0,96.1,5188.0
2020-07-27 10:00:00,NSE:CREATIVE,96.0,97.5,96.0,96.05,3211.0
2020-07-27 11:00:00,NSE:CREATIVE,96.0,96.0,96.0,96.0,510.0
2020-07-27 12:00:00,NSE:CREATIVE,96.75,98.8,92.4,94.9,5003.0
2020-07-27 13:00:00,NSE:CREATIVE,92.75,95.85,92.45,93.9,1574.0
2020-07-27 14:00:00,NSE:CREATIVE,93.85,93.9,92.4,92.5,1930.0
2020-07-27 15:00:00,NSE:CREATIVE,92.5,93.0,92.45,92.5,3257.0
2020-07-28 09:00:00,NSE:CREATIVE,96.35,96.35,92.55,93.0,8359.0
2020-07-28 10:00:00,NSE:CREATIVE,92.75,92.75,90.0,90.0,1653.0
2020-07-28 11:00:00,NSE:CREATIVE,89.9,92.2,88.55,88.55,3936.0
2020-07-28 12:00:00,NSE:CREATIVE,88.55,89.65,88.5,88.6,3819.0
2020-07-28 13:00:00,NSE:CREATIVE,88.6,89.3,88.6,89.3,533.0
2020-07-28 14:00:00,NSE:CREATIVE,89.05,89.05,89.0,89.0,453.0
2020-07-28 15:00:00,NSE:CREATIVE,89.0,89.0,88.75,88.75,2262.0
2020-07-29 09:00:00,NSE:CREATIVE,89.0,91.45,89.0,89.35,8246.0
2020-07-29 10:00:00,NSE:CREATIVE,90.0,91.4,90.0,90.05,1544.0
2020-07-29 11:00:00,NSE:CREATIVE,90.5,90.5,90.5,90.5,8.0
2020-07-29 12:00:00,NSE:CREATIVE,90.1,90.1,90.1,90.1,71.0
2020-07-29 13:00:00,NSE:CREATIVE,90.9,90.9,90.15,90.15,3101.0
2020-07-29 14:00:00,NSE:CREATIVE,91.3,91.95,90.1,90.5,9461.0
2020-07-29 15:00:00,NSE:CREATIVE,90.75,90.75,90.1,90.1,401.0
2020-07-30 09:00:00,NSE:CREATIVE,92.0,92.0,89.25,89.25,5032.0
2020-07-30 10:00:00,NSE:CREATIVE,89.25,91.0,89.25,90.05,3213.0
2020-07-30 11:00:00,NSE:CREATIVE,90.2,90.2,90.15,90.15,132.0
2020-07-30 13:00:00,NSE:CREATIVE,90.0,90.0,90.0,90.0,4933.0
2020-07-30 14:00:00,NSE:CREATIVE,90.0,91.0,90.0,90.1,3380.0
2020-07-30 15:00:00,NSE:CREATIVE,90.7,92.5,90.7,92.5,400.0
2020-07-31 09:00:00,NSE:CREATIVE,92.0,92.0,91.9,91.9,300.0
2020-07-31 10:00:00,NSE:CREATIVE,90.2,91.8,90.2,91.5,176.0
2020-07-31 11:00:00,NSE:CREATIVE,90.3,91.6,90.3,91.5,175.0
2020-07-31 12:00:00,NSE:CREATIVE,91.6,91.95,91.6,91.95,29.0
2020-07-31 13:00:00,NSE:CREATIVE,91.9,91.9,91.45,91.45,333.0
2020-07-31 15:00:00,NSE:CREATIVE,90.1,90.25,90.0,90.25,2068.0
2020-08-03 09:00:00,NSE:CREATIVE,93.75,94.0,93.7,94.0,7656.0
2020-08-03 10:00:00,NSE:CREATIVE,93.8,94.0,93.8,94.0,59.0
2020-08-03 11:00:00,NSE:CREATIVE,94.0,94.5,94.0,94.5,693.0
2020-08-03 12:00:00,NSE:CREATIVE,94.65,94.65,94.65,94.65,700.0
2020-08-03 13:00:00,NSE:CREATIVE,94.65,94.65,94.65,94.65,662.0
2020-08-03 14:00:00,NSE:CREATIVE,94.35,94.6,94.35,94.6,262.0
2020-08-03 15:00:00,NSE:CREATIVE,94.6,94.65,94.5,94.65,863.0
2020-08-04 09:00:00,NSE:CREATIVE,99.1,99.2,98.85,99.2,9677.0
2020-08-04 10:00:00,NSE:CREATIVE,99.2,99.2,98.05,98.05,3423.0
2020-08-04 11:00:00,NSE:CREATIVE,98.5,98.75,98.0,98.3,521.0
2020-08-04 12:00:00,NSE:CREATIVE,98.25,98.85,98.25,98.8,901.0
2020-08-04 13:00:00,NSE:CREATIVE,98.8,99.2,98.8,99.2,1286.0
2020-08-04 14:00:00,NSE:CREATIVE,99.2,99.2,99.2,99.2,153.0
2020-08-04 15:00:00,NSE:CREATIVE,99.2,99.2,99.2,99.2,20.0
2020-08-05 09:00:00,NSE:CREATIVE,104.0,104.15,100.5,104.15,9505.0
2020-08-05 10:00:00,NSE:CREATIVE,104.15,104.15,103.25,104.15,1569.0
2020-08-05 11:00:00,NSE:CREATIVE,104.15,104.15,103.55,104.15,246.0
2020-08-05 13:00:00,NSE:CREATIVE,104.15,104.15,104.15,104.15,1676.0
2020-08-05 14:00:00,NSE:CREATIVE,104.15,104.15,104.15,104.15,1203.0
2020-08-05 15:00:00,NSE:CREATIVE,104.15,104.15,104.15,104.15,200.0
2020-08-06 09:00:00,NSE:CREATIVE,109.25,109.35,109.25,109.35,2776.0
2020-08-06 10:00:00,NSE:CREATIVE,109.35,109.35,109.35,109.35,1750.0
2020-08-06 11:00:00,NSE:CREATIVE,109.35,109.35,109.25,109.25,729.0
2020-08-06 12:00:00,NSE:CREATIVE,109.35,109.35,109.25,109.35,1702.0
2020-08-06 13:00:00,NSE:CREATIVE,109.25,109.35,109.25,109.35,120.0
2020-08-06 14:00:00,NSE:CREATIVE,109.35,109.35,109.35,109.35,96.0
2020-08-07 09:00:00,NSE:CREATIVE,114.0,114.0,110.0,110.1,7786.0
2020-08-07 10:00:00,NSE:CREATIVE,110.15,112.0,110.15,110.35,1556.0
2020-08-07 11:00:00,NSE:CREATIVE,110.5,110.5,110.2,110.2,250.0
2020-08-07 13:00:00,NSE:CREATIVE,111.0,111.85,110.0,111.85,1406.0
2020-08-07 14:00:00,NSE:CREATIVE,111.75,113.9,110.45,113.75,14167.0
2020-08-07 15:00:00,NSE:CREATIVE,113.9,114.8,113.85,114.8,10462.0
2020-08-10 09:00:00,NSE:CREATIVE,118.9,118.9,118.3,118.3,10216.0
2020-08-10 10:00:00,NSE:CREATIVE,117.8,117.8,115.65,117.35,912.0
2020-08-10 11:00:00,NSE:CREATIVE,115.7,115.7,115.7,115.7,48.0
2020-08-10 12:00:00,NSE:CREATIVE,115.0,116.35,115.0,116.35,1291.0
2020-08-10 13:00:00,NSE:CREATIVE,116.75,116.75,115.2,115.3,257.0
2020-08-10 14:00:00,NSE:CREATIVE,115.3,115.5,115.0,115.0,2671.0
2020-08-10 15:00:00,NSE:CREATIVE,115.0,115.7,115.0,115.1,1507.0
2020-08-11 09:00:00,NSE:CREATIVE,117.9,117.9,115.0,115.0,6221.0
2020-08-11 10:00:00,NSE:CREATIVE,113.4,113.4,113.4,113.4,110.0
2020-08-11 11:00:00,NSE:CREATIVE,113.1,113.65,111.1,113.5,10230.0
2020-08-11 12:00:00,NSE:CREATIVE,111.4,112.95,110.6,110.6,719.0
2020-08-11 13:00:00,NSE:CREATIVE,110.6,110.6,110.5,110.5,109.0
2020-08-11 14:00:00,NSE:CREATIVE,110.9,111.9,110.5,110.5,529.0
2020-08-11 15:00:00,NSE:CREATIVE,110.5,110.75,110.5,110.6,546.0
2020-08-12 09:00:00,NSE:CREATIVE,107.1,112.9,107.0,107.0,8108.0
2020-08-12 10:00:00,NSE:CREATIVE,108.85,108.85,107.0,107.0,230.0
2020-08-12 13:00:00,NSE:CREATIVE,108.0,108.0,107.15,107.15,102.0
2020-08-12 14:00:00,NSE:CREATIVE,107.2,108.0,107.2,107.2,106.0
2020-08-12 15:00:00,NSE:CREATIVE,107.2,107.2,107.1,107.1,435.0
2020-08-13 09:00:00,NSE:CREATIVE,107.0,111.0,107.0,110.8,7015.0
2020-08-13 11:00:00,NSE:CREATIVE,108.9,109.0,104.05,105.9,1931.0
2020-08-13 12:00:00,NSE:CREATIVE,104.05,104.05,104.05,104.05,1.0
2020-08-13 13:00:00,NSE:CREATIVE,105.0,105.0,105.0,105.0,210.0
2020-08-13 14:00:00,NSE:CREATIVE,104.95,105.0,104.0,104.0,1524.0
2020-08-13 15:00:00,NSE:CREATIVE,104.5,104.5,104.0,104.05,1268.0
2020-08-14 09:00:00,NSE:CREATIVE,107.9,109.25,105.0,105.2,9346.0
2020-08-14 10:00:00,NSE:CREATIVE,107.45,107.45,106.0,106.45,474.0
2020-08-14 11:00:00,NSE:CREATIVE,106.45,106.45,106.45,106.45,500.0
2020-08-14 12:00:00,NSE:CREATIVE,107.0,107.0,105.0,106.0,6636.0
2020-08-14 13:00:00,NSE:CREATIVE,106.0,106.0,105.1,105.1,550.0
2020-08-14 14:00:00,NSE:CREATIVE,105.0,105.75,105.0,105.75,2014.0
2020-08-14 15:00:00,NSE:CREATIVE,105.0,106.95,105.0,105.3,1286.0
2020-08-17 09:00:00,NSE:CREATIVE,105.1,109.7,104.9,104.9,11912.0
2020-08-17 10:00:00,NSE:CREATIVE,105.0,105.0,105.0,105.0,200.0
2020-08-17 12:00:00,NSE:CREATIVE,105.95,105.95,104.85,104.85,300.0
2020-08-17 13:00:00,NSE:CREATIVE,105.95,105.95,105.2,105.2,1550.0
2020-08-17 14:00:00,NSE:CREATIVE,105.4,105.5,105.4,105.45,473.0
2020-08-17 15:00:00,NSE:CREATIVE,105.4,105.4,105.4,105.4,319.0
2020-08-18 09:00:00,NSE:CREATIVE,106.9,106.9,105.75,106.0,7225.0
2020-08-18 10:00:00,NSE:CREATIVE,106.1,110.55,106.1,106.3,168.0
2020-08-18 11:00:00,NSE:CREATIVE,109.0,109.75,108.35,108.45,5011.0
2020-08-18 12:00:00,NSE:CREATIVE,108.5,108.8,108.5,108.75,2574.0
2020-08-18 13:00:00,NSE:CREATIVE,109.8,109.85,109.75,109.85,1500.0
2020-08-18 14:00:00,NSE:CREATIVE,109.9,110.0,109.0,109.95,3675.0
2020-08-18 15:00:00,NSE:CREATIVE,110.0,110.65,110.0,110.65,1506.0
2020-08-19 09:00:00,NSE:CREATIVE,115.6,115.6,107.55,109.9,9504.0
2020-08-19 10:00:00,NSE:CREATIVE,109.9,110.6,109.9,110.6,101.0
2020-08-19 11:00:00,NSE:CREATIVE,110.55,110.55,110.55,110.55,400.0
2020-08-19 12:00:00,NSE:CREATIVE,108.55,108.55,108.2,108.2,250.0
2020-08-19 13:00:00,NSE:CREATIVE,110.0,110.0,108.3,108.3,220.0
2020-08-19 14:00:00,NSE:CREATIVE,109.9,109.9,108.35,108.4,2001.0
2020-08-19 15:00:00,NSE:CREATIVE,109.9,110.0,108.5,110.0,205.0
2020-08-20 09:00:00,NSE:CREATIVE,107.0,111.7,107.0,111.0,10405.0
2020-08-20 10:00:00,NSE:CREATIVE,111.0,113.9,111.0,112.1,1670.0
2020-08-20 11:00:00,NSE:CREATIVE,111.65,112.55,111.15,112.55,3657.0
2020-08-20 12:00:00,NSE:CREATIVE,112.55,114.6,111.55,112.4,3371.0
2020-08-20 13:00:00,NSE:CREATIVE,114.6,114.6,113.2,114.55,1901.0
2020-08-20 14:00:00,NSE:CREATIVE,114.55,114.55,113.05,114.55,182.0
2020-08-20 15:00:00,NSE:CREATIVE,114.6,114.6,114.0,114.0,705.0
2020-08-21 09:00:00,NSE:CREATIVE,114.2,114.2,110.4,114.1,7115.0
2020-08-21 10:00:00,NSE:CREATIVE,113.5,113.6,112.6,112.6,1770.0
2020-08-21 11:00:00,NSE:CREATIVE,113.05,116.95,113.05,116.95,3071.0
2020-08-21 12:00:00,NSE:CREATIVE,115.6,118.9,115.6,118.0,436.0
2020-08-21 13:00:00,NSE:CREATIVE,119.5,119.5,119.0,119.0,2015.0
2020-08-21 14:00:00,NSE:CREATIVE,119.5,119.7,118.5,119.45,10919.0
2020-08-21 15:00:00,NSE:CREATIVE,119.45,119.9,119.0,119.9,1891.0
2020-08-24 09:00:00,NSE:CREATIVE,116.55,125.0,116.55,123.0,9346.0
2020-08-24 10:00:00,NSE:CREATIVE,123.95,125.65,123.95,125.65,6471.0
2020-08-24 11:00:00,NSE:CREATIVE,125.65,125.65,124.1,125.65,1226.0
2020-08-24 12:00:00,NSE:CREATIVE,124.65,125.65,124.65,125.1,1734.0
2020-08-24 13:00:00,NSE:CREATIVE,125.65,125.65,125.1,125.1,597.0
2020-08-24 14:00:00,NSE:CREATIVE,125.1,125.65,125.1,125.65,2950.0
2020-08-24 15:00:00,NSE:CREATIVE,125.5,125.5,125.5,125.5,9600.0
2020-08-25 09:00:00,NSE:CREATIVE,131.75,131.75,129.15,131.75,26848.0
2020-08-25 10:00:00,NSE:CREATIVE,131.35,131.7,130.25,130.25,7459.0
2020-08-25 11:00:00,NSE:CREATIVE,131.35,131.45,130.3,130.3,1033.0
2020-08-25 12:00:00,NSE:CREATIVE,130.25,130.95,130.25,130.95,2113.0
2020-08-25 13:00:00,NSE:CREATIVE,130.95,130.95,130.5,130.5,2349.0
2020-08-25 14:00:00,NSE:CREATIVE,131.7,131.75,131.05,131.75,5811.0
2020-08-25 15:00:00,NSE:CREATIVE,131.75,131.75,131.75,131.75,48.0
2020-08-26 09:00:00,NSE:CREATIVE,137.8,137.8,133.4,133.4,13613.0
2020-08-26 10:00:00,NSE:CREATIVE,133.4,134.7,133.4,133.5,1095.0
2020-08-26 11:00:00,NSE:CREATIVE,133.5,134.7,133.5,134.7,1345.0
2020-08-26 12:00:00,NSE:CREATIVE,134.9,134.9,133.5,134.6,1967.0
2020-08-26 13:00:00,NSE:CREATIVE,134.0,134.0,133.55,133.55,150.0
2020-08-26 14:00:00,NSE:CREATIVE,134.0,134.0,134.0,134.0,700.0
2020-08-26 15:00:00,NSE:CREATIVE,135.5,136.0,133.5,133.5,17489.0
2020-08-27 09:00:00,NSE:CREATIVE,132.4,136.8,131.0,135.0,11167.0
2020-08-27 10:00:00,NSE:CREATIVE,133.4,135.85,133.4,135.8,1610.0
2020-08-27 11:00:00,NSE:CREATIVE,132.4,135.8,132.4,135.8,1300.0
2020-08-27 12:00:00,NSE:CREATIVE,132.4,135.3,131.55,133.8,1838.0
2020-08-27 13:00:00,NSE:CREATIVE,132.0,133.5,132.0,132.9,5235.0
2020-08-27 14:00:00,NSE:CREATIVE,132.0,132.05,129.0,131.0,25395.0
2020-08-27 15:00:00,NSE:CREATIVE,131.5,131.85,131.0,131.5,4710.0
2020-08-28 09:00:00,NSE:CREATIVE,131.75,133.9,131.5,133.9,8350.0
2020-08-28 10:00:00,NSE:CREATIVE,133.85,133.85,133.0,133.5,1625.0
2020-08-28 11:00:00,NSE:CREATIVE,133.0,133.1,130.75,131.0,5610.0
2020-08-28 12:00:00,NSE:CREATIVE,130.8,130.8,130.0,130.0,1137.0
2020-08-28 13:00:00,NSE:CREATIVE,127.55,129.9,127.55,129.4,740.0
2020-08-28 14:00:00,NSE:CREATIVE,129.4,129.7,127.3,127.65,10048.0
2020-08-28 15:00:00,NSE:CREATIVE,129.65,129.65,128.0,129.35,4171.0
2020-08-31 09:00:00,NSE:CREATIVE,129.4,130.0,126.4,129.4,5100.0
2020-08-31 10:00:00,NSE:CREATIVE,128.9,128.9,126.4,127.0,266.0
2020-08-31 11:00:00,NSE:CREATIVE,128.0,128.0,125.5,125.5,3923.0
2020-08-31 12:00:00,NSE:CREATIVE,125.5,125.6,125.5,125.6,817.0
2020-08-31 13:00:00,NSE:CREATIVE,126.0,126.0,126.0,126.0,100.0
2020-08-31 14:00:00,NSE:CREATIVE,126.9,126.9,126.0,126.0,285.0
2020-08-31 15:00:00,NSE:CREATIVE,126.0,126.0,125.0,125.0,2898.0
2020-09-01 09:00:00,NSE:CREATIVE,121.05,123.1,121.0,121.0,1623.0
2020-09-01 10:00:00,NSE:CREATIVE,121.0,122.45,121.0,122.45,676.0
2020-09-01 11:00:00,NSE:CREATIVE,122.45,122.45,121.0,122.45,20.0
2020-09-01 12:00:00,NSE:CREATIVE,122.45,122.8,121.0,122.7,61.0
2020-09-01 13:00:00,NSE:CREATIVE,122.7,122.7,121.0,122.0,193.0
2020-09-01 14:00:00,NSE:CREATIVE,121.0,121.0,121.0,121.0,1.0
2020-09-01 15:00:00,NSE:CREATIVE,121.0,121.0,121.0,121.0,656.0
2020-09-02 09:00:00,NSE:CREATIVE,124.0,125.0,123.75,124.05,5270.0
2020-09-02 11:00:00,NSE:CREATIVE,124.0,124.0,118.2,119.05,177.0
2020-09-02 12:00:00,NSE:CREATIVE,119.2,123.85,119.2,123.85,39.0
2020-09-02 13:00:00,NSE:CREATIVE,123.5,123.5,119.2,121.15,805.0
2020-09-02 14:00:00,NSE:CREATIVE,123.45,123.45,121.25,121.25,400.0
2020-09-02 15:00:00,NSE:CREATIVE,123.0,123.75,123.0,123.75,40.0
2020-09-03 09:00:00,NSE:CREATIVE,129.7,129.7,124.0,127.6,5101.0
2020-09-03 10:00:00,NSE:CREATIVE,126.95,127.0,126.0,127.0,107.0
2020-09-03 11:00:00,NSE:CREATIVE,127.0,129.5,127.0,129.5,81.0
2020-09-03 12:00:00,NSE:CREATIVE,128.9,128.95,127.1,128.5,5605.0
2020-09-03 13:00:00,NSE:CREATIVE,128.5,129.8,127.0,129.7,4031.0
2020-09-03 14:00:00,NSE:CREATIVE,129.75,129.8,127.6,127.6,2000.0
2020-09-03 15:00:00,NSE:CREATIVE,129.8,129.8,126.0,126.0,1290.0
2020-09-04 09:00:00,NSE:CREATIVE,122.0,126.0,122.0,125.8,365.0
2020-09-04 10:00:00,NSE:CREATIVE,125.5,126.1,125.5,126.0,236.0
2020-09-04 11:00:00,NSE:CREATIVE,128.0,129.35,128.0,128.05,5691.0
2020-09-04 12:00:00,NSE:CREATIVE,129.95,129.95,129.05,129.4,5271.0
2020-09-04 14:00:00,NSE:CREATIVE,129.95,129.95,128.45,129.95,6522.0
2020-09-04 15:00:00,NSE:CREATIVE,129.95,130.0,128.0,128.0,458.0
2020-09-07 09:00:00,NSE:CREATIVE,129.0,129.3,125.0,125.0,6526.0
2020-09-07 10:00:00,NSE:CREATIVE,127.0,127.25,126.5,127.15,1510.0
2020-09-07 12:00:00,NSE:CREATIVE,127.25,127.25,127.25,127.25,1.0
2020-09-07 13:00:00,NSE:CREATIVE,127.0,127.15,123.7,124.9,3644.0
2020-09-07 14:00:00,NSE:CREATIVE,125.0,125.0,124.15,124.65,693.0
2020-09-07 15:00:00,NSE:CREATIVE,124.0,125.0,124.0,125.0,596.0
2020-09-08 09:00:00,NSE:CREATIVE,130.8,130.8,128.0,128.95,4001.0
2020-09-08 10:00:00,NSE:CREATIVE,127.0,127.95,124.4,127.95,3125.0
2020-09-08 11:00:00,NSE:CREATIVE,126.15,126.15,126.15,126.15,1.0
2020-09-08 12:00:00,NSE:CREATIVE,126.25,127.9,126.25,127.85,16502.0
2020-09-08 13:00:00,NSE:CREATIVE,127.9,128.0,126.35,128.0,6133.0
2020-09-08 14:00:00,NSE:CREATIVE,125.15,129.3,125.15,129.3,7360.0
2020-09-08 15:00:00,NSE:CREATIVE,127.15,130.0,127.0,127.0,1126.0
2020-09-09 09:00:00,NSE:CREATIVE,130.4,130.4,127.35,127.95,7027.0
2020-09-09 10:00:00,NSE:CREATIVE,128.0,128.0,125.65,125.7,176.0
2020-09-09 12:00:00,NSE:CREATIVE,125.4,127.5,125.25,125.3,451.0
2020-09-09 13:00:00,NSE:CREATIVE,126.85,126.85,126.65,126.65,2505.0
2020-09-09 14:00:00,NSE:CREATIVE,125.35,127.0,125.0,126.75,8142.0
2020-09-09 15:00:00,NSE:CREATIVE,124.9,124.95,124.9,124.95,5454.0
2020-09-10 09:00:00,NSE:CREATIVE,128.95,128.95,128.45,128.45,4306.0
2020-09-10 11:00:00,NSE:CREATIVE,128.0,128.2,125.2,125.3,2532.0
2020-09-10 12:00:00,NSE:CREATIVE,127.75,127.9,125.4,125.4,3511.0
2020-09-10 13:00:00,NSE:CREATIVE,126.8,126.8,126.0,126.0,1201.0
2020-09-10 14:00:00,NSE:CREATIVE,125.05,126.75,125.0,125.0,4011.0
2020-09-10 15:00:00,NSE:CREATIVE,125.0,126.0,125.0,125.05,26206.0
2020-09-11 09:00:00,NSE:CREATIVE,125.4,127.65,125.4,127.5,4269.0
2020-09-11 10:00:00,NSE:CREATIVE,125.55,126.95,125.55,126.95,1509.0
2020-09-11 11:00:00,NSE:CREATIVE,126.9,126.9,126.9,126.9,25.0
2020-09-11 12:00:00,NSE:CREATIVE,126.85,126.85,126.85,126.85,53.0
2020-09-11 13:00:00,NSE:CREATIVE,125.4,126.8,125.4,126.8,1511.0
2020-09-11 14:00:00,NSE:CREATIVE,125.25,126.6,125.1,126.45,123.0
2020-09-11 15:00:00,NSE:CREATIVE,125.0,125.0,125.0,125.0,115.0
2020-09-14 09:00:00,NSE:CREATIVE,128.5,128.5,127.4,127.9,5731.0
2020-09-14 10:00:00,NSE:CREATIVE,127.95,127.95,127.8,127.85,1518.0
2020-09-14 11:00:00,NSE:CREATIVE,127.85,127.85,127.0,127.0,2261.0
2020-09-14 13:00:00,NSE:CREATIVE,127.45,127.45,127.05,127.05,21.0
2020-09-14 14:00:00,NSE:CREATIVE,127.0,127.05,127.0,127.0,1221.0
2020-09-14 15:00:00,NSE:CREATIVE,127.45,127.45,127.1,127.1,257.0
2020-09-15 09:00:00,NSE:CREATIVE,133.0,133.0,123.5,129.5,4426.0
2020-09-15 10:00:00,NSE:CREATIVE,129.5,129.95,129.2,129.35,4102.0
2020-09-15 11:00:00,NSE:CREATIVE,129.3,129.35,129.05,129.35,158.0
2020-09-15 12:00:00,NSE:CREATIVE,129.3,129.35,127.05,129.35,2034.0
2020-09-15 13:00:00,NSE:CREATIVE,128.0,128.0,127.15,128.0,50.0
2020-09-15 14:00:00,NSE:CREATIVE,128.5,129.35,128.5,129.35,1550.0
2020-09-15 15:00:00,NSE:CREATIVE,130.0,130.0,130.0,130.0,160.0
2020-09-16 09:00:00,NSE:CREATIVE,126.0,129.95,126.0,126.45,5794.0
2020-09-16 10:00:00,NSE:CREATIVE,129.0,131.0,126.45,131.0,2116.0
2020-09-16 11:00:00,NSE:CREATIVE,129.85,129.9,129.8,129.9,1875.0
2020-09-16 12:00:00,NSE:CREATIVE,128.5,130.95,127.45,130.95,6000.0
2020-09-16 13:00:00,NSE:CREATIVE,130.85,130.9,128.05,128.05,1550.0
2020-09-16 14:00:00,NSE:CREATIVE,128.1,130.9,127.05,128.0,7395.0
2020-09-16 15:00:00,NSE:CREATIVE,128.0,128.0,128.0,128.0,97.0
2020-09-17 09:00:00,NSE:CREATIVE,129.0,129.75,126.0,128.65,4207.0
2020-09-17 10:00:00,NSE:CREATIVE,126.0,127.6,126.0,126.9,4466.0
2020-09-17 11:00:00,NSE:CREATIVE,125.5,127.0,125.05,127.0,2450.0
2020-09-17 12:00:00,NSE:CREATIVE,126.0,126.0,126.0,126.0,101.0
2020-09-17 13:00:00,NSE:CREATIVE,125.0,126.9,124.7,125.0,12544.0
2020-09-17 14:00:00,NSE:CREATIVE,124.0,124.0,122.8,122.8,553.0
2020-09-17 15:00:00,NSE:CREATIVE,122.5,123.0,121.6,121.95,3640.0
2020-09-18 09:00:00,NSE:CREATIVE,123.0,124.0,117.25,118.5,5477.0
2020-09-18 10:00:00,NSE:CREATIVE,119.0,120.45,117.15,120.45,22904.0
2020-09-18 11:00:00,NSE:CREATIVE,120.0,120.0,120.0,120.0,351.0
2020-09-18 12:00:00,NSE:CREATIVE,119.95,119.95,119.95,119.95,6.0
2020-09-18 13:00:00,NSE:CREATIVE,118.75,120.0,118.75,120.0,20707.0
2020-09-18 14:00:00,NSE:CREATIVE,119.6,119.6,116.9,116.95,2369.0
2020-09-18 15:00:00,NSE:CREATIVE,117.1,117.1,117.1,117.1,2.0
2020-09-21 09:00:00,NSE:CREATIVE,117.1,118.95,117.1,118.95,4211.0
2020-09-21 10:00:00,NSE:CREATIVE,118.0,118.15,117.25,117.45,3425.0
2020-09-21 11:00:00,NSE:CREATIVE,117.05,117.05,117.05,117.05,5132.0
2020-09-21 12:00:00,NSE:CREATIVE,117.35,117.35,117.15,117.25,1501.0
2020-09-21 13:00:00,NSE:CREATIVE,117.0,117.0,117.0,117.0,3.0
2020-09-21 14:00:00,NSE:CREATIVE,116.85,116.85,114.45,116.45,52.0
2020-09-21 15:00:00,NSE:CREATIVE,116.45,116.45,113.0,113.4,3104.0
2020-09-22 09:00:00,NSE:CREATIVE,117.65,117.65,112.65,112.65,5846.0
2020-09-22 10:00:00,NSE:CREATIVE,112.65,113.5,112.65,113.5,21.0
2020-09-22 11:00:00,NSE:CREATIVE,113.5,113.5,112.5,112.5,14.0
2020-09-22 12:00:00,NSE:CREATIVE,112.0,112.0,110.0,110.0,1710.0
2020-09-22 13:00:00,NSE:CREATIVE,112.45,112.45,112.45,112.45,1.0
2020-09-22 14:00:00,NSE:CREATIVE,112.4,112.4,112.3,112.3,5026.0
2020-09-22 15:00:00,NSE:CREATIVE,111.95,111.95,109.9,109.9,6766.0
2020-09-23 09:00:00,NSE:CREATIVE,111.1,114.45,111.1,113.8,7409.0
2020-09-23 10:00:00,NSE:CREATIVE,113.9,116.25,113.75,115.6,5359.0
2020-09-23 11:00:00,NSE:CREATIVE,116.0,116.25,116.0,116.25,5.0
2020-09-23 12:00:00,NSE:CREATIVE,116.2,116.2,114.25,114.25,300.0
2020-09-23 13:00:00,NSE:CREATIVE,116.1,116.1,115.95,116.05,1597.0
2020-09-23 14:00:00,NSE:CREATIVE,116.05,116.1,115.05,115.05,4203.0
2020-09-23 15:00:00,NSE:CREATIVE,115.1,116.25,115.1,116.25,1319.0
2020-09-24 09:00:00,NSE:CREATIVE,115.0,115.0,110.5,113.0,5340.0
2020-09-24 10:00:00,NSE:CREATIVE,113.0,113.0,113.0,113.0,52.0
2020-09-24 11:00:00,NSE:CREATIVE,113.0,114.5,113.0,114.25,3010.0
2020-09-24 12:00:00,NSE:CREATIVE,114.5,114.5,114.5,114.5,30.0
2020-09-24 14:00:00,NSE:CREATIVE,114.55,117.15,114.55,117.15,255.0
2020-09-24 15:00:00,NSE:CREATIVE,117.1,121.2,117.1,121.2,184.0
2020-09-25 09:00:00,NSE:CREATIVE,120.0,121.5,115.1,115.65,5347.0
2020-09-25 10:00:00,NSE:CREATIVE,115.7,116.15,115.7,116.15,77.0
2020-09-25 11:00:00,NSE:CREATIVE,116.4,116.4,116.4,116.4,10.0
2020-09-25 12:00:00,NSE:CREATIVE,119.0,119.05,118.85,118.95,3050.0
2020-09-25 13:00:00,NSE:CREATIVE,119.05,120.5,119.05,120.5,3646.0
2020-09-25 14:00:00,NSE:CREATIVE,119.45,120.45,119.45,120.45,70.0
2020-09-25 15:00:00,NSE:CREATIVE,116.45,116.55,116.45,116.55,206.0
2020-09-28 09:00:00,NSE:CREATIVE,121.0,121.0,113.1,120.0,7212.0
2020-09-28 10:00:00,NSE:CREATIVE,119.0,119.9,119.0,119.9,3200.0
2020-09-28 11:00:00,NSE:CREATIVE,119.9,119.9,116.65,118.0,461.0
2020-09-28 12:00:00,NSE:CREATIVE,116.65,118.0,116.65,118.0,125.0
2020-09-28 13:00:00,NSE:CREATIVE,117.95,118.45,117.95,118.25,2587.0
2020-09-28 14:00:00,NSE:CREATIVE,118.0,118.0,118.0,118.0,1.0
2020-09-28 15:00:00,NSE:CREATIVE,118.25,122.0,118.0,122.0,714.0
2020-09-29 09:00:00,NSE:CREATIVE,124.0,124.15,115.25,123.35,7251.0
2020-09-29 10:00:00,NSE:CREATIVE,122.5,122.75,122.5,122.75,3000.0
2020-09-29 11:00:00,NSE:CREATIVE,120.2,120.2,119.0,119.35,1775.0
2020-09-29 12:00:00,NSE:CREATIVE,119.85,119.85,119.0,119.0,5004.0
2020-09-29 13:00:00,NSE:CREATIVE,119.65,124.0,119.65,124.0,1506.0
2020-09-29 14:00:00,NSE:CREATIVE,121.15,121.9,119.95,120.0,3020.0
2020-09-29 15:00:00,NSE:CREATIVE,120.0,120.0,120.0,120.0,352.0
2020-09-30 09:00:00,NSE:CREATIVE,120.0,125.0,118.2,121.75,7417.0
2020-09-30 10:00:00,NSE:CREATIVE,121.95,121.95,120.55,121.15,3020.0
2020-09-30 11:00:00,NSE:CREATIVE,117.0,119.6,117.0,119.6,585.0
2020-09-30 12:00:00,NSE:CREATIVE,119.5,119.5,119.5,119.5,363.0
2020-09-30 14:00:00,NSE:CREATIVE,119.5,119.95,119.5,119.95,389.0
2020-09-30 15:00:00,NSE:CREATIVE,120.0,123.0,117.2,123.0,425.0
2020-10-01 09:00:00,NSE:CREATIVE,122.9,122.9,121.0,121.6,6785.0
2020-10-01 10:00:00,NSE:CREATIVE,121.6,121.6,119.45,121.35,348.0
2020-10-01 11:00:00,NSE:CREATIVE,121.0,121.4,120.75,121.25,4739.0
2020-10-01 12:00:00,NSE:CREATIVE,121.25,121.3,121.0,121.0,449.0
2020-10-01 13:00:00,NSE:CREATIVE,120.95,120.95,118.1,120.7,366.0
2020-10-01 14:00:00,NSE:CREATIVE,120.7,120.7,119.0,119.0,42.0
2020-10-01 15:00:00,NSE:CREATIVE,120.45,121.0,120.45,121.0,190.0
2020-10-05 09:00:00,NSE:CREATIVE,120.9,124.0,120.55,120.55,6157.0
2020-10-05 10:00:00,NSE:CREATIVE,122.9,122.9,118.95,120.1,2878.0
2020-10-05 11:00:00,NSE:CREATIVE,120.9,122.8,120.7,122.0,1557.0
2020-10-05 12:00:00,NSE:CREATIVE,121.9,123.0,121.7,122.05,1772.0
2020-10-05 13:00:00,NSE:CREATIVE,123.0,123.0,121.5,122.85,4944.0
2020-10-05 14:00:00,NSE:CREATIVE,122.0,122.95,121.65,122.95,3090.0
2020-10-05 15:00:00,NSE:CREATIVE,122.95,122.95,121.65,121.75,9119.0
2020-10-06 09:00:00,NSE:CREATIVE,122.9,123.6,120.4,122.45,6145.0
2020-10-06 10:00:00,NSE:CREATIVE,121.6,121.6,121.6,121.6,15.0
2020-10-06 11:00:00,NSE:CREATIVE,122.0,122.45,122.0,122.45,3673.0
2020-10-06 12:00:00,NSE:CREATIVE,122.0,122.4,122.0,122.25,1506.0
2020-10-06 13:00:00,NSE:CREATIVE,122.0,122.4,122.0,122.4,101.0
2020-10-06 14:00:00,NSE:CREATIVE,122.3,122.45,122.0,122.0,2411.0
2020-10-06 15:00:00,NSE:CREATIVE,123.0,123.8,122.1,123.8,111.0
2020-10-07 09:00:00,NSE:CREATIVE,123.95,123.95,121.55,121.55,5852.0
2020-10-07 10:00:00,NSE:CREATIVE,121.35,121.5,120.8,121.5,2871.0
2020-10-07 11:00:00,NSE:CREATIVE,122.0,122.0,122.0,122.0,5.0
2020-10-07 12:00:00,NSE:CREATIVE,121.0,121.25,120.8,120.8,2182.0
2020-10-07 13:00:00,NSE:CREATIVE,120.8,120.8,120.8,120.8,74.0
2020-10-07 14:00:00,NSE:CREATIVE,121.0,121.0,121.0,121.0,4500.0
2020-10-07 15:00:00,NSE:CREATIVE,121.45,124.5,121.45,124.45,169.0
2020-10-08 09:00:00,NSE:CREATIVE,124.85,124.85,122.45,122.45,6013.0
2020-10-08 10:00:00,NSE:CREATIVE,123.0,123.45,123.0,123.45,2207.0
2020-10-08 11:00:00,NSE:CREATIVE,122.45,122.75,122.45,122.75,16010.0
2020-10-08 12:00:00,NSE:CREATIVE,121.3,123.2,121.3,123.2,1002.0
2020-10-08 14:00:00,NSE:CREATIVE,121.0,121.0,120.05,120.05,438.0
2020-10-08 15:00:00,NSE:CREATIVE,120.05,120.05,116.0,116.0,510.0
2020-10-09 09:00:00,NSE:CREATIVE,121.0,122.0,121.0,121.95,4045.0
2020-10-09 10:00:00,NSE:CREATIVE,121.05,121.8,121.05,121.8,41.0
2020-10-09 11:00:00,NSE:CREATIVE,121.15,121.9,121.0,121.0,19177.0
2020-10-09 12:00:00,NSE:CREATIVE,121.0,121.8,121.0,121.8,315.0
2020-10-09 13:00:00,NSE:CREATIVE,121.8,121.95,121.15,121.15,35.0
2020-10-09 14:00:00,NSE:CREATIVE,121.5,121.5,121.15,121.15,7.0
2020-10-09 15:00:00,NSE:CREATIVE,121.1,122.5,121.1,122.5,86.0
2020-10-12 09:00:00,NSE:CREATIVE,127.9,127.9,121.2,121.8,4403.0
2020-10-12 10:00:00,NSE:CREATIVE,121.85,123.6,121.85,123.6,150.0
2020-10-12 11:00:00,NSE:CREATIVE,121.9,123.3,121.9,123.3,53.0
2020-10-12 12:00:00,NSE:CREATIVE,121.9,121.9,121.9,121.9,10.0
2020-10-12 13:00:00,NSE:CREATIVE,121.65,121.65,121.05,121.05,3149.0
2020-10-12 14:00:00,NSE:CREATIVE,121.0,121.0,121.0,121.0,205.0
2020-10-12 15:00:00,NSE:CREATIVE,121.0,121.0,121.0,121.0,638.0
2020-10-13 09:00:00,NSE:CREATIVE,124.0,124.75,122.05,122.05,4213.0
2020-10-13 10:00:00,NSE:CREATIVE,122.0,122.05,122.0,122.05,12.0
2020-10-13 11:00:00,NSE:CREATIVE,122.05,122.05,122.05,122.05,290.0
2020-10-13 12:00:00,NSE:CREATIVE,122.5,122.9,122.05,122.05,2351.0
2020-10-13 13:00:00,NSE:CREATIVE,122.05,122.7,122.05,122.5,2155.0
2020-10-13 14:00:00,NSE:CREATIVE,122.4,123.05,122.35,122.6,12124.0
2020-10-13 15:00:00,NSE:CREATIVE,122.5,122.55,122.5,122.5,746.0
2020-10-14 09:00:00,NSE:CREATIVE,124.9,124.9,120.3,121.0,3797.0
2020-10-14 10:00:00,NSE:CREATIVE,120.95,120.95,120.05,120.05,2421.0
2020-10-14 11:00:00,NSE:CREATIVE,120.05,120.05,120.0,120.0,1000.0
2020-10-14 12:00:00,NSE:CREATIVE,121.0,121.0,121.0,121.0,458.0
2020-10-14 13:00:00,NSE:CREATIVE,121.95,121.95,121.95,121.95,100.0
2020-10-14 14:00:00,NSE:CREATIVE,120.05,121.0,120.05,121.0,797.0
2020-10-14 15:00:00,NSE:CREATIVE,120.25,120.9,120.25,120.25,980.0
2020-10-15 09:00:00,NSE:CREATIVE,120.5,122.9,120.5,120.55,4342.0
2020-10-15 10:00:00,NSE:CREATIVE,121.95,121.95,121.95,121.95,1.0
2020-10-15 11:00:00,NSE:CREATIVE,121.95,121.95,120.55,121.0,2622.0
2020-10-15 13:00:00,NSE:CREATIVE,120.95,120.95,120.65,120.65,1301.0
2020-10-15 14:00:00,NSE:CREATIVE,120.55,122.0,120.0,122.0,2407.0
2020-10-15 15:00:00,NSE:CREATIVE,122.95,123.0,122.95,123.0,127.0
2020-10-16 09:00:00,NSE:CREATIVE,114.45,124.5,114.45,119.5,5068.0
2020-10-16 10:00:00,NSE:CREATIVE,118.35,120.0,118.35,118.5,2697.0
2020-10-16 11:00:00,NSE:CREATIVE,119.15,119.15,119.15,119.15,118.0
2020-10-16 12:00:00,NSE:CREATIVE,119.4,122.05,119.4,120.0,824.0
2020-10-16 13:00:00,NSE:CREATIVE,120.3,121.0,119.6,120.0,24468.0
2020-10-16 15:00:00,NSE:CREATIVE,120.0,125.5,118.25,125.5,693.0
2020-10-19 09:00:00,NSE:CREATIVE,125.5,125.5,122.0,125.4,3528.0
2020-10-19 10:00:00,NSE:CREATIVE,122.65,123.9,122.65,123.5,2010.0
2020-10-19 11:00:00,NSE:CREATIVE,123.7,124.5,122.9,124.5,2160.0
2020-10-19 12:00:00,NSE:CREATIVE,123.25,126.0,122.45,122.45,3729.0
2020-10-19 13:00:00,NSE:CREATIVE,123.1,127.85,123.1,125.1,768.0
2020-10-19 14:00:00,NSE:CREATIVE,125.9,126.15,125.8,126.15,1205.0
2020-10-19 15:00:00,NSE:CREATIVE,128.0,132.0,128.0,130.4,8652.0
2020-10-20 09:00:00,NSE:CREATIVE,134.85,134.85,130.5,131.1,4111.0
2020-10-20 10:00:00,NSE:CREATIVE,130.55,131.8,130.55,131.8,2322.0
2020-10-20 11:00:00,NSE:CREATIVE,132.0,134.15,132.0,134.15,1524.0
2020-10-20 12:00:00,NSE:CREATIVE,133.5,134.0,132.3,134.0,402.0
2020-10-20 13:00:00,NSE:CREATIVE,132.0,133.0,132.0,132.8,930.0
2020-10-20 14:00:00,NSE:CREATIVE,133.0,133.75,133.0,133.4,1181.0
2020-10-20 15:00:00,NSE:CREATIVE,133.05,133.9,133.0,133.0,1508.0
2020-10-21 09:00:00,NSE:CREATIVE,133.0,134.0,131.2,132.85,4019.0
2020-10-21 10:00:00,NSE:CREATIVE,133.1,134.75,133.1,134.75,173.0
2020-10-21 11:00:00,NSE:CREATIVE,134.1,134.5,134.1,134.5,1532.0
2020-10-21 12:00:00,NSE:CREATIVE,134.0,134.0,134.0,134.0,101.0
2020-10-21 13:00:00,NSE:CREATIVE,134.25,137.95,134.0,137.95,3419.0
2020-10-21 14:00:00,NSE:CREATIVE,136.0,137.0,135.0,135.0,2762.0
2020-10-21 15:00:00,NSE:CREATIVE,135.0,139.9,135.0,137.25,3116.0
2020-10-22 09:00:00,NSE:CREATIVE,141.0,141.0,134.95,134.95,2740.0
2020-10-22 10:00:00,NSE:CREATIVE,138.3,138.3,135.0,137.7,2109.0
2020-10-22 11:00:00,NSE:CREATIVE,139.95,145.0,136.7,145.0,4870.0
2020-10-22 12:00:00,NSE:CREATIVE,144.2,144.75,140.7,143.75,8245.0
2020-10-22 13:00:00,NSE:CREATIVE,144.35,145.95,142.6,142.7,1866.0
2020-10-22 14:00:00,NSE:CREATIVE,142.25,143.0,141.3,142.95,10696.0
2020-10-22 15:00:00,NSE:CREATIVE,140.5,143.5,140.5,143.5,13643.0
2020-10-23 09:00:00,NSE:CREATIVE,130.55,146.9,130.55,145.9,6660.0
2020-10-23 10:00:00,NSE:CREATIVE,146.85,146.85,143.7,143.7,3157.0
2020-10-23 11:00:00,NSE:CREATIVE,144.9,144.9,144.9,144.9,10.0
2020-10-23 12:00:00,NSE:CREATIVE,144.25,144.4,143.8,143.8,2432.0
2020-10-23 13:00:00,NSE:CREATIVE,143.85,144.65,143.8,144.65,1254.0
2020-10-23 14:00:00,NSE:CREATIVE,142.6,143.75,140.15,140.45,3647.0
2020-10-23 15:00:00,NSE:CREATIVE,141.0,143.25,140.7,140.7,13616.0
2020-10-26 09:00:00,NSE:CREATIVE,145.0,146.0,143.9,143.9,3173.0
2020-10-26 10:00:00,NSE:CREATIVE,143.05,143.85,142.25,142.25,1380.0
2020-10-26 11:00:00,NSE:CREATIVE,143.25,143.7,142.2,142.2,1226.0
2020-10-26 12:00:00,NSE:CREATIVE,143.75,143.95,142.0,142.0,24190.0
2020-10-26 13:00:00,NSE:CREATIVE,141.0,141.8,137.75,141.8,5190.0
2020-10-26 14:00:00,NSE:CREATIVE,138.4,140.0,138.0,140.0,411.0
2020-10-26 15:00:00,NSE:CREATIVE,140.0,140.0,139.0,140.0,285.0
2020-10-27 09:00:00,NSE:CREATIVE,151.0,151.0,137.25,138.15,1761.0
2020-10-27 10:00:00,NSE:CREATIVE,142.5,142.5,141.75,141.75,1005.0
2020-10-27 11:00:00,NSE:CREATIVE,141.5,141.6,139.6,139.7,21047.0
2020-10-27 13:00:00,NSE:CREATIVE,140.95,140.95,140.95,140.95,2517.0
2020-10-27 14:00:00,NSE:CREATIVE,140.0,141.0,139.6,139.6,257.0
2020-10-27 15:00:00,NSE:CREATIVE,139.25,139.6,138.5,139.6,28.0
2020-10-28 09:00:00,NSE:CREATIVE,145.0,145.0,135.0,138.0,1432.0
2020-10-28 10:00:00,NSE:CREATIVE,138.0,140.85,138.0,138.25,1550.0
2020-10-28 11:00:00,NSE:CREATIVE,140.0,140.0,140.0,140.0,398.0
2020-10-28 12:00:00,NSE:CREATIVE,140.0,140.0,138.1,138.1,1013.0
2020-10-28 13:00:00,NSE:CREATIVE,138.5,138.5,138.5,138.5,223.0
2020-10-28 14:00:00,NSE:CREATIVE,138.5,138.65,138.5,138.55,1525.0
2020-10-28 15:00:00,NSE:CREATIVE,138.5,140.0,138.5,140.0,349.0
2020-10-29 09:00:00,NSE:CREATIVE,141.1,143.95,134.6,140.8,1635.0
2020-10-29 10:00:00,NSE:CREATIVE,140.8,140.8,137.15,137.2,1072.0
2020-10-29 11:00:00,NSE:CREATIVE,136.1,137.0,136.05,137.0,2338.0
2020-10-29 12:00:00,NSE:CREATIVE,135.5,137.0,133.15,134.15,3172.0
2020-10-29 13:00:00,NSE:CREATIVE,134.05,138.35,134.05,134.35,2271.0
2020-10-29 14:00:00,NSE:CREATIVE,136.95,136.95,134.0,134.1,2351.0
2020-10-29 15:00:00,NSE:CREATIVE,134.1,135.0,134.0,134.05,3840.0
2020-10-30 09:00:00,NSE:CREATIVE,137.4,137.4,132.45,132.45,1580.0
2020-10-30 10:00:00,NSE:CREATIVE,135.7,135.7,132.8,132.8,1026.0
2020-10-30 11:00:00,NSE:CREATIVE,134.75,134.75,130.3,130.3,1246.0
2020-10-30 12:00:00,NSE:CREATIVE,130.75,131.5,130.75,131.5,1025.0
2020-10-30 13:00:00,NSE:CREATIVE,131.25,131.25,131.25,131.25,1200.0
2020-10-30 14:00:00,NSE:CREATIVE,131.35,132.95,131.35,132.95,1097.0
2020-10-30 15:00:00,NSE:CREATIVE,132.9,143.7,132.9,143.7,2528.0
2020-11-02 09:00:00,NSE:CREATIVE,134.6,137.4,134.6,137.0,5278.0
2020-11-02 10:00:00,NSE:CREATIVE,139.0,144.0,139.0,143.7,4836.0
2020-11-02 11:00:00,NSE:CREATIVE,141.25,143.55,141.25,143.5,1193.0
2020-11-02 12:00:00,NSE:CREATIVE,141.3,148.05,141.3,148.05,18188.0
2020-11-02 13:00:00,NSE:CREATIVE,148.05,148.05,144.0,144.0,5972.0
2020-11-02 14:00:00,NSE:CREATIVE,144.0,146.75,142.0,142.0,2307.0
2020-11-02 15:00:00,NSE:CREATIVE,143.0,144.8,138.1,139.25,8474.0
2020-11-03 09:00:00,NSE:CREATIVE,145.95,145.95,131.2,136.1,2349.0
2020-11-03 10:00:00,NSE:CREATIVE,137.7,139.75,137.0,139.75,5286.0
2020-11-03 11:00:00,NSE:CREATIVE,139.5,139.5,139.1,139.1,2524.0
2020-11-03 12:00:00,NSE:CREATIVE,139.05,139.1,139.05,139.1,1325.0
2020-11-03 13:00:00,NSE:CREATIVE,139.05,139.45,138.1,138.1,132.0
2020-11-03 14:00:00,NSE:CREATIVE,138.1,139.4,136.95,136.95,301.0
2020-11-03 15:00:00,NSE:CREATIVE,137.65,138.95,134.0,134.0,351.0
2020-11-04 09:00:00,NSE:CREATIVE,135.6,137.7,133.4,134.15,6423.0
2020-11-04 10:00:00,NSE:CREATIVE,134.4,134.85,134.4,134.6,1529.0
2020-11-04 11:00:00,NSE:CREATIVE,135.0,135.0,134.9,134.9,132.0
2020-11-04 12:00:00,NSE:CREATIVE,134.25,134.5,132.95,133.0,2828.0
2020-11-04 13:00:00,NSE:CREATIVE,132.25,132.75,131.15,131.35,2320.0
2020-11-04 14:00:00,NSE:CREATIVE,131.55,134.85,131.55,134.8,1314.0
2020-11-04 15:00:00,NSE:CREATIVE,132.0,141.0,130.75,132.85,15260.0
2020-11-05 09:00:00,NSE:CREATIVE,137.75,137.75,132.0,133.0,3074.0
2020-11-05 10:00:00,NSE:CREATIVE,133.0,133.75,132.8,133.7,3630.0
2020-11-05 11:00:00,NSE:CREATIVE,133.5,133.75,133.0,133.4,3551.0
2020-11-05 12:00:00,NSE:CREATIVE,132.55,132.55,132.25,132.25,4113.0
2020-11-05 13:00:00,NSE:CREATIVE,129.2,132.9,129.2,131.4,7892.0
2020-11-05 14:00:00,NSE:CREATIVE,131.3,132.0,130.05,130.05,602.0
2020-11-05 15:00:00,NSE:CREATIVE,130.1,130.5,127.0,127.55,1585.0
2020-11-06 09:00:00,NSE:CREATIVE,134.4,134.4,129.1,130.55,1842.0
2020-11-06 10:00:00,NSE:CREATIVE,131.85,131.85,129.3,129.3,4609.0
2020-11-06 11:00:00,NSE:CREATIVE,130.3,130.3,128.4,128.85,4611.0
2020-11-06 12:00:00,NSE:CREATIVE,128.55,129.8,128.55,129.8,106.0
2020-11-06 13:00:00,NSE:CREATIVE,128.55,129.55,128.5,129.4,1093.0
2020-11-06 14:00:00,NSE:CREATIVE,129.1,130.4,128.0,128.0,11807.0
2020-11-06 15:00:00,NSE:CREATIVE,127.0,129.45,126.15,127.75,7615.0
2020-11-09 09:00:00,NSE:CREATIVE,127.0,132.0,124.05,124.05,3533.0
2020-11-09 10:00:00,NSE:CREATIVE,125.5,126.4,125.5,125.9,3066.0
2020-11-09 11:00:00,NSE:CREATIVE,125.0,125.0,123.05,124.8,1727.0
2020-11-09 12:00:00,NSE:CREATIVE,124.95,125.0,124.0,124.95,2628.0
2020-11-09 13:00:00,NSE:CREATIVE,124.15,124.15,124.15,124.15,10.0
2020-11-09 14:00:00,NSE:CREATIVE,124.2,124.95,124.2,124.6,1040.0
2020-11-09 15:00:00,NSE:CREATIVE,124.65,124.65,120.1,121.5,1234.0
2020-11-10 09:00:00,NSE:CREATIVE,122.7,127.9,122.7,124.95,4304.0
2020-11-10 10:00:00,NSE:CREATIVE,123.35,124.75,123.35,123.35,1210.0
2020-11-10 11:00:00,NSE:CREATIVE,123.1,123.1,122.95,122.95,499.0
2020-11-10 12:00:00,NSE:CREATIVE,123.65,123.85,122.0,123.2,2326.0
2020-11-10 13:00:00,NSE:CREATIVE,122.9,122.9,121.55,121.75,1055.0
2020-11-10 14:00:00,NSE:CREATIVE,121.95,121.95,121.6,121.9,1164.0
2020-11-10 15:00:00,NSE:CREATIVE,121.95,122.0,118.0,120.0,2219.0
2020-11-11 09:00:00,NSE:CREATIVE,122.0,122.05,120.85,120.85,3060.0
2020-11-11 10:00:00,NSE:CREATIVE,122.0,122.95,121.05,122.95,3495.0
2020-11-11 11:00:00,NSE:CREATIVE,123.0,123.0,122.0,122.0,1255.0
2020-11-11 12:00:00,NSE:CREATIVE,121.0,121.0,120.0,120.0,1027.0
2020-11-11 13:00:00,NSE:CREATIVE,120.0,121.45,119.95,120.0,2668.0
2020-11-11 14:00:00,NSE:CREATIVE,117.95,120.55,117.45,117.45,4106.0
2020-11-11 15:00:00,NSE:CREATIVE,120.4,120.4,117.25,118.0,5747.0
2020-11-12 09:00:00,NSE:CREATIVE,123.9,123.9,111.5,116.0,4640.0
2020-11-12 10:00:00,NSE:CREATIVE,116.7,116.7,114.1,114.95,1707.0
2020-11-12 11:00:00,NSE:CREATIVE,115.95,115.95,114.65,114.65,2531.0
2020-11-12 12:00:00,NSE:CREATIVE,114.65,114.9,114.55,114.75,3506.0
2020-11-12 13:00:00,NSE:CREATIVE,114.75,115.0,114.75,115.0,600.0
2020-11-12 14:00:00,NSE:CREATIVE,114.95,115.0,114.0,115.0,652.0
2020-11-12 15:00:00,NSE:CREATIVE,115.1,117.8,115.1,117.8,269.0
2020-11-13 09:00:00,NSE:CREATIVE,117.55,121.45,117.05,117.05,1700.0
2020-11-13 10:00:00,NSE:CREATIVE,118.0,119.0,118.0,118.35,3060.0
2020-11-13 11:00:00,NSE:CREATIVE,118.4,118.45,118.4,118.45,1501.0
2020-11-13 12:00:00,NSE:CREATIVE,118.45,118.45,118.35,118.35,2529.0
2020-11-13 14:00:00,NSE:CREATIVE,118.4,119.0,118.4,119.0,2314.0
2020-11-13 15:00:00,NSE:CREATIVE,119.0,119.0,118.0,118.0,492.0
2020-11-14 18:00:00,NSE:CREATIVE,121.45,121.6,112.0,119.95,5744.0
2020-11-14 19:00:00,NSE:CREATIVE,119.95,119.95,119.95,119.95,55.0
2020-11-17 09:00:00,NSE:CREATIVE,119.0,120.0,118.35,118.35,1516.0
2020-11-17 10:00:00,NSE:CREATIVE,119.0,119.35,118.25,118.25,2598.0
2020-11-17 11:00:00,NSE:CREATIVE,119.95,119.95,118.0,118.15,3612.0
2020-11-17 12:00:00,NSE:CREATIVE,117.05,117.05,117.05,117.05,256.0
2020-11-17 13:00:00,NSE:CREATIVE,117.4,117.6,117.4,117.6,915.0
2020-11-17 14:00:00,NSE:CREATIVE,118.8,119.95,118.8,119.95,658.0
2020-11-17 15:00:00,NSE:CREATIVE,117.0,117.0,115.3,117.0,315.0
2020-11-18 09:00:00,NSE:CREATIVE,116.95,119.8,116.55,119.3,4099.0
2020-11-18 10:00:00,NSE:CREATIVE,119.35,119.35,118.0,119.2,107.0
2020-11-18 11:00:00,NSE:CREATIVE,118.5,118.6,118.0,118.3,1524.0
2020-11-18 12:00:00,NSE:CREATIVE,118.6,120.0,118.6,120.0,1779.0
2020-11-18 13:00:00,NSE:CREATIVE,121.0,121.0,119.5,119.5,145.0
2020-11-18 14:00:00,NSE:CREATIVE,120.0,121.0,120.0,120.0,5215.0
2020-11-18 15:00:00,NSE:CREATIVE,120.0,120.0,119.75,120.0,351.0
2020-11-19 09:00:00,NSE:CREATIVE,118.1,123.0,118.1,123.0,4867.0
2020-11-19 10:00:00,NSE:CREATIVE,120.05,122.95,120.05,120.25,1526.0
2020-11-19 11:00:00,NSE:CREATIVE,120.25,120.9,120.25,120.9,1500.0
2020-11-19 12:00:00,NSE:CREATIVE,120.9,121.05,120.0,120.0,1774.0
2020-11-19 13:00:00,NSE:CREATIVE,120.0,122.0,120.0,122.0,80.0
2020-11-19 14:00:00,NSE:CREATIVE,121.95,121.95,116.05,116.05,1570.0
2020-11-19 15:00:00,NSE:CREATIVE,117.5,117.5,116.05,116.05,119.0
2020-11-20 09:00:00,NSE:CREATIVE,123.0,123.0,116.2,122.0,1673.0
2020-11-20 10:00:00,NSE:CREATIVE,122.0,122.0,118.25,119.1,2144.0
2020-11-20 11:00:00,NSE:CREATIVE,120.9,120.9,119.1,119.1,1948.0
2020-11-20 12:00:00,NSE:CREATIVE,118.1,120.9,118.1,120.9,1532.0
2020-11-20 13:00:00,NSE:CREATIVE,120.9,120.9,118.55,120.9,1680.0
2020-11-20 14:00:00,NSE:CREATIVE,119.0,120.9,118.0,118.0,4594.0
2020-11-20 15:00:00,NSE:CREATIVE,122.7,122.7,113.0,117.35,9104.0
2020-11-23 09:00:00,NSE:CREATIVE,118.0,121.75,116.5,117.2,3051.0
2020-11-23 10:00:00,NSE:CREATIVE,117.5,118.45,117.5,118.45,1599.0
2020-11-23 12:00:00,NSE:CREATIVE,118.5,119.7,118.45,119.7,2299.0
2020-11-23 13:00:00,NSE:CREATIVE,119.65,119.7,119.65,119.7,1201.0
2020-11-23 14:00:00,NSE:CREATIVE,119.7,119.7,118.95,119.7,1839.0
2020-11-23 15:00:00,NSE:CREATIVE,117.05,117.05,116.75,116.75,1180.0
2020-11-24 09:00:00,NSE:CREATIVE,117.5,121.0,117.5,117.6,3207.0
2020-11-24 10:00:00,NSE:CREATIVE,117.4,117.4,117.3,117.3,15.0
2020-11-24 11:00:00,NSE:CREATIVE,118.9,119.0,118.0,118.0,3893.0
2020-11-24 13:00:00,NSE:CREATIVE,118.15,118.75,118.1,118.1,1501.0
2020-11-24 14:00:00,NSE:CREATIVE,118.5,118.95,118.1,118.1,1551.0
2020-11-24 15:00:00,NSE:CREATIVE,118.1,120.0,118.1,120.0,957.0
2020-11-25 09:00:00,NSE:CREATIVE,126.9,126.9,120.7,123.0,1677.0
2020-11-25 10:00:00,NSE:CREATIVE,121.0,122.0,120.7,121.95,2102.0
2020-11-25 11:00:00,NSE:CREATIVE,120.7,121.4,117.0,118.9,3698.0
2020-11-25 12:00:00,NSE:CREATIVE,117.1,118.75,117.1,118.05,224.0
2020-11-25 13:00:00,NSE:CREATIVE,118.65,118.65,118.45,118.6,504.0
2020-11-25 14:00:00,NSE:CREATIVE,117.15,118.0,117.1,117.1,2227.0
2020-11-25 15:00:00,NSE:CREATIVE,117.9,117.9,117.1,117.1,560.0
2020-11-26 09:00:00,NSE:CREATIVE,117.1,122.9,117.1,119.9,2665.0
2020-11-26 10:00:00,NSE:CREATIVE,119.5,119.6,118.0,119.4,2086.0
2020-11-26 11:00:00,NSE:CREATIVE,119.45,119.45,119.2,119.2,1650.0
2020-11-26 12:00:00,NSE:CREATIVE,118.95,120.0,117.4,117.55,1272.0
2020-11-26 13:00:00,NSE:CREATIVE,117.05,117.05,117.05,117.05,648.0
2020-11-26 14:00:00,NSE:CREATIVE,117.15,118.0,117.15,118.0,1135.0
2020-11-26 15:00:00,NSE:CREATIVE,117.15,119.0,117.05,119.0,1223.0
2020-11-27 09:00:00,NSE:CREATIVE,118.25,121.0,117.5,118.75,2947.0
2020-11-27 10:00:00,NSE:CREATIVE,119.0,119.0,117.5,118.8,9.0
2020-11-27 11:00:00,NSE:CREATIVE,118.6,118.65,118.6,118.65,1450.0
2020-11-27 12:00:00,NSE:CREATIVE,118.65,118.65,118.0,118.5,2501.0
2020-11-27 13:00:00,NSE:CREATIVE,117.55,118.75,117.55,118.75,2000.0
2020-11-27 14:00:00,NSE:CREATIVE,117.5,120.0,117.5,118.15,3600.0
2020-11-27 15:00:00,NSE:CREATIVE,117.1,117.1,115.0,115.05,2098.0
2020-12-01 09:00:00,NSE:CREATIVE,117.0,119.0,113.05,113.05,4995.0
2020-12-01 10:00:00,NSE:CREATIVE,114.95,114.95,113.3,113.5,2710.0
2020-12-01 11:00:00,NSE:CREATIVE,114.95,116.0,113.5,115.8,1326.0
2020-12-01 12:00:00,NSE:CREATIVE,115.8,115.8,114.3,115.0,1411.0
2020-12-01 13:00:00,NSE:CREATIVE,115.0,115.75,114.5,114.5,1178.0
2020-12-01 14:00:00,NSE:CREATIVE,114.55,115.7,114.5,115.0,1550.0
2020-12-01 15:00:00,NSE:CREATIVE,115.0,115.0,115.0,115.0,95.0
2020-12-02 09:00:00,NSE:CREATIVE,110.7,115.45,110.7,115.45,2073.0
2020-12-02 10:00:00,NSE:CREATIVE,114.7,114.85,114.7,114.85,300.0
2020-12-02 11:00:00,NSE:CREATIVE,114.85,114.85,113.15,113.25,1552.0
2020-12-02 12:00:00,NSE:CREATIVE,114.85,115.45,112.8,112.9,1820.0
2020-12-02 13:00:00,NSE:CREATIVE,112.75,114.05,111.2,112.3,2713.0
2020-12-02 14:00:00,NSE:CREATIVE,111.2,112.3,111.0,112.3,929.0
2020-12-02 15:00:00,NSE:CREATIVE,111.15,112.0,110.0,110.0,2632.0
2020-12-03 09:00:00,NSE:CREATIVE,112.5,117.9,112.5,115.9,2576.0
2020-12-03 10:00:00,NSE:CREATIVE,113.35,116.5,113.35,114.8,6158.0
2020-12-03 11:00:00,NSE:CREATIVE,114.8,115.0,113.0,115.0,3286.0
2020-12-03 12:00:00,NSE:CREATIVE,114.95,119.85,113.5,118.05,10948.0
2020-12-03 13:00:00,NSE:CREATIVE,119.5,119.9,117.0,119.0,3057.0
2020-12-03 14:00:00,NSE:CREATIVE,119.0,119.8,114.1,114.1,6435.0
2020-12-03 15:00:00,NSE:CREATIVE,117.1,122.15,117.0,120.3,8257.0
2020-12-04 09:00:00,NSE:CREATIVE,122.15,130.0,121.0,128.55,13068.0
2020-12-04 10:00:00,NSE:CREATIVE,126.4,130.95,124.8,130.0,7733.0
2020-12-04 11:00:00,NSE:CREATIVE,130.0,130.5,127.25,127.25,5998.0
2020-12-04 12:00:00,NSE:CREATIVE,127.3,128.5,127.1,128.5,4882.0
2020-12-04 13:00:00,NSE:CREATIVE,128.05,128.5,128.0,128.0,2171.0
2020-12-04 14:00:00,NSE:CREATIVE,127.35,127.9,126.15,126.5,5047.0
2020-12-04 15:00:00,NSE:CREATIVE,126.6,129.9,124.0,124.0,3451.0
2020-12-07 09:00:00,NSE:CREATIVE,133.9,139.4,125.95,133.0,10639.0
2020-12-07 10:00:00,NSE:CREATIVE,136.4,136.4,133.0,133.0,1900.0
2020-12-07 11:00:00,NSE:CREATIVE,134.8,135.0,133.05,135.0,1222.0
2020-12-07 12:00:00,NSE:CREATIVE,128.9,128.9,125.95,127.4,2635.0
2020-12-07 13:00:00,NSE:CREATIVE,127.0,129.85,126.0,126.0,4226.0
2020-12-07 14:00:00,NSE:CREATIVE,126.0,129.9,126.0,128.9,629.0
2020-12-07 15:00:00,NSE:CREATIVE,127.4,140.0,125.0,127.0,6362.0
2020-12-08 09:00:00,NSE:CREATIVE,129.0,130.0,127.0,127.0,8894.0
2020-12-08 10:00:00,NSE:CREATIVE,127.1,127.1,122.75,123.35,5607.0
2020-12-08 11:00:00,NSE:CREATIVE,122.6,122.8,121.0,121.0,6918.0
2020-12-08 12:00:00,NSE:CREATIVE,121.05,122.9,120.7,122.0,3328.0
2020-12-08 13:00:00,NSE:CREATIVE,122.0,124.5,122.0,124.45,1585.0
2020-12-08 14:00:00,NSE:CREATIVE,124.5,124.5,122.6,122.6,518.0
2020-12-08 15:00:00,NSE:CREATIVE,122.55,124.0,119.55,121.85,3445.0
2020-12-09 09:00:00,NSE:CREATIVE,125.0,125.95,121.5,121.6,9244.0
2020-12-09 10:00:00,NSE:CREATIVE,123.0,123.0,120.45,120.45,2321.0
2020-12-09 11:00:00,NSE:CREATIVE,122.6,125.4,120.4,121.0,2934.0
2020-12-09 12:00:00,NSE:CREATIVE,122.0,122.2,120.15,120.15,1767.0
2020-12-09 13:00:00,NSE:CREATIVE,122.8,122.8,120.2,122.4,1596.0
2020-12-09 14:00:00,NSE:CREATIVE,121.8,123.9,120.4,120.5,8260.0
2020-12-09 15:00:00,NSE:CREATIVE,120.0,121.05,118.15,118.15,1101.0
2020-12-10 09:00:00,NSE:CREATIVE,120.0,121.5,118.0,118.75,7944.0
2020-12-10 10:00:00,NSE:CREATIVE,120.1,120.1,117.3,117.3,1592.0
2020-12-10 11:00:00,NSE:CREATIVE,120.0,121.0,117.3,120.8,4789.0
2020-12-10 12:00:00,NSE:CREATIVE,120.5,120.8,120.4,120.8,4456.0
2020-12-10 13:00:00,NSE:CREATIVE,120.7,120.7,117.3,119.95,2030.0
2020-12-10 14:00:00,NSE:CREATIVE,119.9,119.95,119.0,119.2,3750.0
2020-12-10 15:00:00,NSE:CREATIVE,120.0,122.9,120.0,122.9,1452.0
2020-12-11 09:00:00,NSE:CREATIVE,122.0,122.25,121.5,122.25,6498.0
2020-12-11 10:00:00,NSE:CREATIVE,118.25,123.15,118.25,123.15,2565.0
2020-12-11 11:00:00,NSE:CREATIVE,120.15,124.0,120.15,124.0,1754.0
2020-12-11 12:00:00,NSE:CREATIVE,121.15,122.0,120.65,122.0,1255.0
2020-12-11 13:00:00,NSE:CREATIVE,122.0,124.0,118.0,118.0,2578.0
2020-12-11 14:00:00,NSE:CREATIVE,118.5,120.0,117.0,117.1,1834.0
2020-12-11 15:00:00,NSE:CREATIVE,117.1,119.85,115.2,119.85,1117.0
2020-12-14 09:00:00,NSE:CREATIVE,119.0,119.0,116.9,118.0,6405.0
2020-12-14 10:00:00,NSE:CREATIVE,118.0,118.7,118.0,118.7,1983.0
2020-12-14 11:00:00,NSE:CREATIVE,118.5,118.6,118.5,118.6,2001.0
2020-12-14 12:00:00,NSE:CREATIVE,118.6,118.6,118.0,118.6,150.0
2020-12-14 13:00:00,NSE:CREATIVE,118.6,120.0,118.0,120.0,1901.0
2020-12-14 14:00:00,NSE:CREATIVE,119.0,124.0,115.95,116.9,8246.0
2020-12-14 15:00:00,NSE:CREATIVE,116.5,117.9,112.25,113.45,15234.0
2020-12-15 09:00:00,NSE:CREATIVE,117.95,121.75,114.95,116.95,9636.0
2020-12-15 10:00:00,NSE:CREATIVE,114.65,117.4,113.45,114.45,2399.0
2020-12-15 11:00:00,NSE:CREATIVE,113.0,116.5,112.1,114.45,1860.0
2020-12-15 12:00:00,NSE:CREATIVE,118.35,118.35,114.0,115.6,3459.0
2020-12-15 13:00:00,NSE:CREATIVE,114.0,118.4,113.0,113.1,5695.0
2020-12-15 14:00:00,NSE:CREATIVE,113.5,114.85,112.0,113.85,7396.0
2020-12-15 15:00:00,NSE:CREATIVE,112.0,113.75,109.1,109.55,15162.0
2020-12-16 09:00:00,NSE:CREATIVE,113.0,114.0,111.5,112.6,8409.0
2020-12-16 10:00:00,NSE:CREATIVE,112.6,113.5,112.5,113.0,3956.0
2020-12-16 11:00:00,NSE:CREATIVE,113.0,113.0,112.95,113.0,505.0
2020-12-16 12:00:00,NSE:CREATIVE,112.75,112.8,111.95,112.8,10211.0
2020-12-16 13:00:00,NSE:CREATIVE,111.95,112.8,111.9,111.9,448.0
2020-12-16 14:00:00,NSE:CREATIVE,112.8,112.8,111.0,112.0,4542.0
2020-12-16 15:00:00,NSE:CREATIVE,111.0,112.0,108.4,108.4,11772.0
2020-12-17 09:00:00,NSE:CREATIVE,110.2,112.45,110.2,110.6,37815.0
2020-12-17 10:00:00,NSE:CREATIVE,112.35,112.4,110.75,112.4,34968.0
2020-12-17 11:00:00,NSE:CREATIVE,112.4,112.4,111.15,112.0,1969.0
2020-12-17 12:00:00,NSE:CREATIVE,112.0,112.4,111.45,112.4,1661.0
2020-12-17 13:00:00,NSE:CREATIVE,113.35,117.5,112.4,115.1,4901.0
2020-12-17 14:00:00,NSE:CREATIVE,116.0,116.6,114.55,114.75,5266.0
2020-12-17 15:00:00,NSE:CREATIVE,116.3,116.35,111.0,112.0,4581.0
2020-12-18 09:00:00,NSE:CREATIVE,114.0,114.0,112.1,113.1,9817.0
2020-12-18 10:00:00,NSE:CREATIVE,113.65,114.0,113.1,113.1,3016.0
2020-12-18 11:00:00,NSE:CREATIVE,113.15,115.0,113.1,113.1,2685.0
2020-12-18 12:00:00,NSE:CREATIVE,113.15,114.15,110.1,111.0,5003.0
2020-12-18 13:00:00,NSE:CREATIVE,111.05,111.15,110.35,111.0,4132.0
2020-12-18 14:00:00,NSE:CREATIVE,111.0,115.0,110.75,114.8,3498.0
2020-12-18 15:00:00,NSE:CREATIVE,111.15,114.65,108.55,109.55,13610.0
2020-12-21 09:00:00,NSE:CREATIVE,110.05,113.5,110.05,111.3,4827.0
2020-12-21 10:00:00,NSE:CREATIVE,111.2,111.35,110.05,111.0,5313.0
2020-12-21 11:00:00,NSE:CREATIVE,111.35,112.0,110.1,111.65,1842.0
2020-12-21 12:00:00,NSE:CREATIVE,110.9,111.6,110.0,110.85,2463.0
2020-12-21 13:00:00,NSE:CREATIVE,108.9,109.8,108.5,109.05,1822.0
2020-12-21 14:00:00,NSE:CREATIVE,108.6,109.0,105.05,105.05,3240.0
2020-12-21 15:00:00,NSE:CREATIVE,105.9,105.9,105.1,105.6,701.0
2020-12-22 09:00:00,NSE:CREATIVE,107.0,107.75,105.0,105.7,4792.0
2020-12-22 10:00:00,NSE:CREATIVE,105.65,106.0,105.5,106.0,1770.0
2020-12-22 11:00:00,NSE:CREATIVE,106.0,108.0,105.5,105.5,1164.0
2020-12-22 12:00:00,NSE:CREATIVE,106.0,106.0,105.65,105.8,2021.0
2020-12-22 13:00:00,NSE:CREATIVE,105.9,106.0,105.8,106.0,2173.0
2020-12-22 14:00:00,NSE:CREATIVE,105.8,105.9,105.8,105.9,200.0
2020-12-22 15:00:00,NSE:CREATIVE,105.95,108.0,105.9,106.5,3544.0
2020-12-23 09:00:00,NSE:CREATIVE,108.0,109.4,108.0,109.2,5513.0
2020-12-23 10:00:00,NSE:CREATIVE,108.9,109.45,108.05,109.45,542.0
2020-12-23 11:00:00,NSE:CREATIVE,109.0,110.0,108.95,110.0,3074.0
2020-12-23 12:00:00,NSE:CREATIVE,110.5,112.0,110.0,111.95,2786.0
2020-12-23 13:00:00,NSE:CREATIVE,110.0,111.85,110.0,111.5,2691.0
2020-12-23 14:00:00,NSE:CREATIVE,111.8,111.8,110.0,110.05,1481.0
2020-12-23 15:00:00,NSE:CREATIVE,111.2,111.85,109.5,109.5,2709.0
2020-12-24 09:00:00,NSE:CREATIVE,112.0,112.5,110.1,110.1,6606.0
2020-12-24 10:00:00,NSE:CREATIVE,111.5,111.5,110.2,111.15,2573.0
2020-12-24 11:00:00,NSE:CREATIVE,111.0,112.85,110.0,111.45,2724.0
2020-12-24 12:00:00,NSE:CREATIVE,111.15,111.15,110.9,111.0,1660.0
2020-12-24 13:00:00,NSE:CREATIVE,110.95,110.95,110.0,110.35,4011.0
2020-12-24 14:00:00,NSE:CREATIVE,110.0,110.9,110.0,110.5,2263.0
2020-12-24 15:00:00,NSE:CREATIVE,110.15,113.0,110.05,110.05,257.0
2020-12-28 09:00:00,NSE:CREATIVE,112.05,114.1,112.05,112.8,7675.0
2020-12-28 10:00:00,NSE:CREATIVE,113.0,113.95,112.0,113.4,3718.0
2020-12-28 11:00:00,NSE:CREATIVE,113.25,114.0,112.8,114.0,4465.0
2020-12-28 12:00:00,NSE:CREATIVE,114.0,114.0,112.25,114.0,1459.0
2020-12-28 13:00:00,NSE:CREATIVE,114.0,114.0,112.05,113.15,2736.0
2020-12-28 14:00:00,NSE:CREATIVE,113.45,113.6,113.45,113.6,5043.0
2020-12-28 15:00:00,NSE:CREATIVE,113.55,113.6,113.25,113.25,1418.0
2020-12-29 09:00:00,NSE:CREATIVE,114.0,117.5,114.0,114.9,5179.0
2020-12-29 10:00:00,NSE:CREATIVE,114.95,115.25,113.15,113.15,4160.0
2020-12-29 11:00:00,NSE:CREATIVE,113.15,113.15,113.1,113.1,314.0
2020-12-29 12:00:00,NSE:CREATIVE,113.4,113.9,113.1,113.1,3198.0
2020-12-29 13:00:00,NSE:CREATIVE,113.9,113.9,113.1,113.35,1712.0
2020-12-29 14:00:00,NSE:CREATIVE,113.5,113.65,113.0,113.5,4122.0
2020-12-29 15:00:00,NSE:CREATIVE,113.5,113.5,113.0,113.0,717.0
2020-12-30 09:00:00,NSE:CREATIVE,114.0,114.5,112.9,113.9,3605.0
2020-12-30 10:00:00,NSE:CREATIVE,113.75,113.75,113.6,113.75,1502.0
2020-12-30 11:00:00,NSE:CREATIVE,113.75,113.75,105.15,108.6,5095.0
2020-12-30 12:00:00,NSE:CREATIVE,109.05,110.0,109.0,109.0,2064.0
2020-12-30 13:00:00,NSE:CREATIVE,109.95,110.0,109.05,110.0,1758.0
2020-12-30 14:00:00,NSE:CREATIVE,110.0,111.9,109.0,109.0,4089.0
2020-12-30 15:00:00,NSE:CREATIVE,109.1,110.95,107.25,110.95,1332.0
2020-12-31 09:00:00,NSE:CREATIVE,113.0,113.0,109.5,112.65,3796.0
2020-12-31 10:00:00,NSE:CREATIVE,110.1,111.95,110.1,110.65,6051.0
2020-12-31 11:00:00,NSE:CREATIVE,111.0,112.6,110.05,112.6,2188.0
2020-12-31 12:00:00,NSE:CREATIVE,112.55,112.55,112.55,112.55,17.0
2020-12-31 13:00:00,NSE:CREATIVE,112.55,112.55,110.0,111.55,3314.0
2020-12-31 14:00:00,NSE:CREATIVE,111.2,112.0,111.2,111.9,1564.0
2020-12-31 15:00:00,NSE:CREATIVE,111.3,112.6,107.0,109.9,5523.0
2021-01-01 09:00:00,NSE:CREATIVE,109.9,111.2,109.9,110.4,5929.0
2021-01-01 10:00:00,NSE:CREATIVE,109.5,111.2,109.5,111.2,4259.0
2021-01-01 11:00:00,NSE:CREATIVE,112.95,112.95,111.9,112.5,2204.0
2021-01-01 12:00:00,NSE:CREATIVE,112.5,117.4,112.35,116.4,14423.0
2021-01-01 13:00:00,NSE:CREATIVE,116.2,120.5,116.2,119.0,18510.0
2021-01-01 14:00:00,NSE:CREATIVE,119.0,120.5,118.0,119.25,4644.0
2021-01-01 15:00:00,NSE:CREATIVE,119.4,119.4,114.5,116.25,11491.0
2021-01-04 09:00:00,NSE:CREATIVE,120.5,123.0,115.45,118.75,9446.0
2021-01-04 10:00:00,NSE:CREATIVE,118.95,119.95,117.3,117.3,4296.0
2021-01-04 11:00:00,NSE:CREATIVE,118.7,118.7,117.15,117.15,3330.0
2021-01-04 12:00:00,NSE:CREATIVE,117.5,117.65,117.25,117.65,1213.0
2021-01-04 13:00:00,NSE:CREATIVE,117.5,118.5,116.7,118.5,2324.0
2021-01-04 14:00:00,NSE:CREATIVE,116.9,118.7,116.9,117.0,15065.0
2021-01-04 15:00:00,NSE:CREATIVE,117.65,117.65,113.1,115.1,7016.0
2021-01-05 09:00:00,NSE:CREATIVE,112.0,118.45,110.0,114.0,5908.0
2021-01-05 10:00:00,NSE:CREATIVE,114.0,114.45,113.25,113.3,3584.0
2021-01-05 11:00:00,NSE:CREATIVE,114.2,114.5,113.25,113.95,2748.0
2021-01-05 12:00:00,NSE:CREATIVE,114.2,115.45,113.55,115.45,287.0
2021-01-05 13:00:00,NSE:CREATIVE,114.7,115.0,114.65,114.65,1761.0
2021-01-05 14:00:00,NSE:CREATIVE,115.1,115.1,112.65,114.35,4873.0
2021-01-05 15:00:00,NSE:CREATIVE,112.75,114.35,112.75,112.8,8110.0
2021-01-06 09:00:00,NSE:CREATIVE,115.95,116.95,112.15,112.8,5912.0
2021-01-06 10:00:00,NSE:CREATIVE,112.85,113.75,112.1,113.25,5453.0
2021-01-06 11:00:00,NSE:CREATIVE,113.05,115.15,113.05,115.15,1173.0
2021-01-06 12:00:00,NSE:CREATIVE,114.2,115.15,114.2,115.05,2193.0
2021-01-06 13:00:00,NSE:CREATIVE,115.05,115.05,112.7,112.7,1040.0
2021-01-06 14:00:00,NSE:CREATIVE,112.0,115.05,111.0,112.25,15441.0
2021-01-06 15:00:00,NSE:CREATIVE,113.9,115.0,112.35,115.0,1136.0
2021-01-07 09:00:00,NSE:CREATIVE,116.45,117.2,113.9,115.8,5498.0
2021-01-07 10:00:00,NSE:CREATIVE,115.3,116.4,115.3,116.0,4818.0
2021-01-07 11:00:00,NSE:CREATIVE,115.75,115.75,114.75,114.95,4197.0
2021-01-07 12:00:00,NSE:CREATIVE,114.75,114.75,114.65,114.65,1634.0
2021-01-07 13:00:00,NSE:CREATIVE,115.0,115.35,115.0,115.15,2308.0
2021-01-07 14:00:00,NSE:CREATIVE,115.35,116.2,115.35,116.2,2573.0
2021-01-07 15:00:00,NSE:CREATIVE,116.35,116.35,111.6,114.4,24426.0
2021-01-08 09:00:00,NSE:CREATIVE,116.95,116.95,111.95,114.25,5417.0
2021-01-08 10:00:00,NSE:CREATIVE,114.7,114.7,113.95,113.95,85.0
2021-01-08 11:00:00,NSE:CREATIVE,114.6,114.8,113.95,113.95,2358.0
2021-01-08 12:00:00,NSE:CREATIVE,114.25,114.35,113.85,113.85,2751.0
2021-01-08 13:00:00,NSE:CREATIVE,113.85,116.4,113.8,116.4,7228.0
2021-01-08 14:00:00,NSE:CREATIVE,116.5,116.75,115.2,115.55,5662.0
2021-01-08 15:00:00,NSE:CREATIVE,115.6,116.65,113.1,114.0,72324.0
2021-01-11 09:00:00,NSE:CREATIVE,114.0,115.7,114.0,114.45,5482.0
2021-01-11 10:00:00,NSE:CREATIVE,114.5,115.45,114.5,114.7,2667.0
2021-01-11 11:00:00,NSE:CREATIVE,114.95,115.45,114.75,115.05,3160.0
2021-01-11 12:00:00,NSE:CREATIVE,115.0,115.7,114.65,115.3,2659.0
2021-01-11 13:00:00,NSE:CREATIVE,115.65,119.25,115.45,117.5,8452.0
2021-01-11 14:00:00,NSE:CREATIVE,117.4,117.95,115.6,117.45,14343.0
2021-01-11 15:00:00,NSE:CREATIVE,117.0,117.9,116.1,117.5,51904.0
2021-01-12 09:00:00,NSE:CREATIVE,117.4,119.75,116.05,117.1,6550.0
2021-01-12 10:00:00,NSE:CREATIVE,117.1,117.1,115.0,115.0,308.0
2021-01-12 11:00:00,NSE:CREATIVE,115.95,117.7,115.95,117.2,3467.0
2021-01-12 12:00:00,NSE:CREATIVE,117.5,117.55,117.0,117.0,226.0
2021-01-12 13:00:00,NSE:CREATIVE,117.0,117.25,116.9,116.9,3512.0
2021-01-12 14:00:00,NSE:CREATIVE,116.9,117.05,116.9,116.95,2636.0
2021-01-12 15:00:00,NSE:CREATIVE,116.95,116.95,114.1,115.15,2542.0
2021-01-13 09:00:00,NSE:CREATIVE,116.5,116.5,113.85,115.1,5548.0
2021-01-13 10:00:00,NSE:CREATIVE,116.5,116.95,115.1,116.55,3311.0
2021-01-13 11:00:00,NSE:CREATIVE,116.25,116.8,116.25,116.55,34299.0
2021-01-13 12:00:00,NSE:CREATIVE,116.15,116.15,115.0,115.7,4319.0
2021-01-13 13:00:00,NSE:CREATIVE,116.0,116.35,116.0,116.3,4132.0
2021-01-13 14:00:00,NSE:CREATIVE,116.0,116.0,115.65,115.7,2205.0
2021-01-13 15:00:00,NSE:CREATIVE,115.8,118.2,112.1,118.0,3937.0
2021-01-14 09:00:00,NSE:CREATIVE,118.0,118.0,116.0,116.6,3810.0
2021-01-14 10:00:00,NSE:CREATIVE,116.3,116.75,116.3,116.6,4401.0
2021-01-14 11:00:00,NSE:CREATIVE,116.55,116.6,116.3,116.5,4276.0
2021-01-14 12:00:00,NSE:CREATIVE,116.4,116.75,116.4,116.6,4317.0
2021-01-14 13:00:00,NSE:CREATIVE,116.45,116.65,115.55,116.45,5418.0
2021-01-14 14:00:00,NSE:CREATIVE,116.35,116.35,115.1,115.1,4601.0
2021-01-14 15:00:00,NSE:CREATIVE,116.45,116.45,114.8,114.8,690.0
2021-01-15 09:00:00,NSE:CREATIVE,115.6,117.2,114.0,114.0,7748.0
2021-01-15 10:00:00,NSE:CREATIVE,114.0,115.1,113.8,114.5,1799.0
2021-01-15 11:00:00,NSE:CREATIVE,114.75,114.8,113.65,114.65,2849.0
2021-01-15 12:00:00,NSE:CREATIVE,114.9,114.9,113.0,113.0,4160.0
2021-01-15 13:00:00,NSE:CREATIVE,113.0,114.25,113.0,114.25,241.0
2021-01-15 14:00:00,NSE:CREATIVE,113.05,114.1,112.7,113.65,751.0
2021-01-15 15:00:00,NSE:CREATIVE,113.0,113.75,112.0,113.0,1700.0
2021-01-18 09:00:00,NSE:CREATIVE,118.0,118.0,111.55,113.0,4557.0
2021-01-18 10:00:00,NSE:CREATIVE,113.15,113.55,113.0,113.1,2690.0
2021-01-18 11:00:00,NSE:CREATIVE,113.15,113.15,111.65,112.1,4526.0
2021-01-18 12:00:00,NSE:CREATIVE,112.5,112.8,111.8,111.9,4186.0
2021-01-18 13:00:00,NSE:CREATIVE,111.55,111.9,110.2,111.45,5330.0
2021-01-18 14:00:00,NSE:CREATIVE,111.95,113.25,111.65,111.65,5014.0
2021-01-18 15:00:00,NSE:CREATIVE,111.65,113.4,111.0,111.0,323.0
2021-01-19 09:00:00,NSE:CREATIVE,113.0,113.05,112.4,113.0,3450.0
2021-01-19 10:00:00,NSE:CREATIVE,112.25,112.9,111.15,111.5,1489.0
2021-01-19 11:00:00,NSE:CREATIVE,111.6,112.25,111.6,112.1,4046.0
2021-01-19 12:00:00,NSE:CREATIVE,112.25,112.95,112.0,112.25,4303.0
2021-01-19 13:00:00,NSE:CREATIVE,112.4,112.6,112.1,112.5,4398.0
2021-01-19 14:00:00,NSE:CREATIVE,112.55,113.0,112.45,113.0,4053.0
2021-01-19 15:00:00,NSE:CREATIVE,111.05,113.0,106.9,110.85,2952.0
2021-01-20 09:00:00,NSE:CREATIVE,110.8,112.8,110.8,111.7,5330.0
2021-01-20 10:00:00,NSE:CREATIVE,111.7,111.9,111.6,111.6,170.0
2021-01-20 11:00:00,NSE:CREATIVE,111.55,111.8,110.0,110.45,2361.0
2021-01-20 12:00:00,NSE:CREATIVE,110.1,110.3,110.05,110.3,228.0
2021-01-20 13:00:00,NSE:CREATIVE,110.3,110.3,110.3,110.3,2.0
2021-01-20 14:00:00,NSE:CREATIVE,110.3,112.0,110.0,110.0,708.0
2021-01-20 15:00:00,NSE:CREATIVE,110.0,112.0,107.65,112.0,2307.0
2021-01-21 09:00:00,NSE:CREATIVE,112.0,112.1,111.45,111.45,3257.0
2021-01-21 10:00:00,NSE:CREATIVE,111.45,112.65,110.75,112.65,2915.0
2021-01-21 11:00:00,NSE:CREATIVE,112.2,113.4,111.5,113.15,9626.0
2021-01-21 12:00:00,NSE:CREATIVE,112.95,112.95,111.5,112.5,3705.0
2021-01-21 13:00:00,NSE:CREATIVE,111.5,112.7,108.0,108.45,80990.0
2021-01-21 14:00:00,NSE:CREATIVE,108.0,108.65,107.05,107.4,43870.0
2021-01-21 15:00:00,NSE:CREATIVE,107.4,107.4,106.0,106.95,8583.0
2021-01-22 09:00:00,NSE:CREATIVE,107.05,108.6,107.05,108.25,3989.0
2021-01-22 10:00:00,NSE:CREATIVE,108.2,108.2,104.9,104.9,4972.0
2021-01-22 11:00:00,NSE:CREATIVE,104.9,104.9,104.4,104.9,1619.0
2021-01-22 12:00:00,NSE:CREATIVE,104.9,105.0,104.2,104.2,1710.0
2021-01-22 13:00:00,NSE:CREATIVE,104.6,106.3,104.6,106.3,947.0
2021-01-22 14:00:00,NSE:CREATIVE,106.7,106.7,105.15,106.4,270.0
2021-01-22 15:00:00,NSE:CREATIVE,104.8,106.4,104.8,104.95,829.0
2021-01-25 09:00:00,NSE:CREATIVE,109.0,109.0,105.45,105.45,4501.0
2021-01-25 10:00:00,NSE:CREATIVE,105.4,105.4,104.3,104.85,2096.0
2021-01-25 11:00:00,NSE:CREATIVE,103.95,103.95,103.7,103.7,4079.0
2021-01-25 12:00:00,NSE:CREATIVE,103.9,105.45,103.05,103.05,2200.0
2021-01-25 13:00:00,NSE:CREATIVE,104.4,104.4,104.4,104.4,1.0
2021-01-25 14:00:00,NSE:CREATIVE,103.8,104.45,101.0,102.4,1225.0
2021-01-25 15:00:00,NSE:CREATIVE,102.85,105.25,101.5,105.2,1048.0
2021-01-27 09:00:00,NSE:CREATIVE,104.65,106.0,102.15,104.95,3486.0
2021-01-27 10:00:00,NSE:CREATIVE,109.0,109.0,105.9,107.0,4585.0
2021-01-27 11:00:00,NSE:CREATIVE,108.5,108.5,107.15,107.3,3539.0
2021-01-27 12:00:00,NSE:CREATIVE,107.65,111.0,107.2,111.0,3871.0
2021-01-27 13:00:00,NSE:CREATIVE,110.8,110.8,107.6,109.35,840.0
2021-01-27 14:00:00,NSE:CREATIVE,108.1,109.85,107.55,107.85,795.0
2021-01-27 15:00:00,NSE:CREATIVE,107.85,114.4,107.1,110.5,6127.0
2021-01-28 09:00:00,NSE:CREATIVE,113.5,113.5,105.05,108.7,3584.0
2021-01-28 10:00:00,NSE:CREATIVE,107.75,109.15,107.3,108.5,2425.0
2021-01-28 11:00:00,NSE:CREATIVE,108.7,109.15,107.85,109.0,1117.0
2021-01-28 12:00:00,NSE:CREATIVE,107.9,109.85,107.9,108.9,3017.0
2021-01-28 13:00:00,NSE:CREATIVE,109.3,109.5,107.3,109.5,1781.0
2021-01-28 14:00:00,NSE:CREATIVE,108.75,109.45,107.4,107.4,404.0
2021-01-28 15:00:00,NSE:CREATIVE,106.45,110.0,106.45,110.0,789.0
2021-01-29 09:00:00,NSE:CREATIVE,111.0,111.0,105.05,106.95,7863.0
2021-01-29 10:00:00,NSE:CREATIVE,106.9,107.95,105.4,107.95,4095.0
2021-01-29 11:00:00,NSE:CREATIVE,105.75,106.5,105.75,106.05,222.0
2021-01-29 13:00:00,NSE:CREATIVE,105.9,106.5,105.8,105.85,109.0
2021-01-29 14:00:00,NSE:CREATIVE,105.85,107.9,105.85,107.9,2.0
2021-01-29 15:00:00,NSE:CREATIVE,105.85,107.65,105.15,107.6,445.0
2021-02-01 09:00:00,NSE:CREATIVE,105.55,111.75,90.55,103.15,5611.0
2021-02-01 10:00:00,NSE:CREATIVE,102.9,103.15,102.8,103.15,44.0
2021-02-01 11:00:00,NSE:CREATIVE,103.0,103.0,102.95,102.95,16.0
2021-02-01 12:00:00,NSE:CREATIVE,102.5,102.95,102.25,102.25,2506.0
2021-02-01 13:00:00,NSE:CREATIVE,102.45,106.0,102.45,104.65,2644.0
2021-02-01 14:00:00,NSE:CREATIVE,105.05,105.05,105.05,105.05,5.0
2021-02-01 15:00:00,NSE:CREATIVE,105.1,106.0,105.0,105.05,181.0
2021-02-02 09:00:00,NSE:CREATIVE,104.7,109.5,104.7,108.25,5674.0
2021-02-02 10:00:00,NSE:CREATIVE,108.8,108.8,107.75,107.9,3380.0
2021-02-02 11:00:00,NSE:CREATIVE,107.5,107.5,105.25,106.75,696.0
2021-02-02 12:00:00,NSE:CREATIVE,107.0,107.05,106.9,106.9,2012.0
2021-02-02 13:00:00,NSE:CREATIVE,106.95,106.95,105.05,106.4,1454.0
2021-02-02 14:00:00,NSE:CREATIVE,105.0,106.4,105.0,106.4,105.0
2021-02-02 15:00:00,NSE:CREATIVE,105.3,105.9,103.1,103.1,11888.0
2021-02-03 09:00:00,NSE:CREATIVE,106.0,106.0,104.9,104.95,2500.0
2021-02-03 10:00:00,NSE:CREATIVE,105.75,106.65,105.65,106.65,3117.0
2021-02-03 11:00:00,NSE:CREATIVE,106.65,106.65,105.65,105.65,99.0
2021-02-03 12:00:00,NSE:CREATIVE,105.65,106.05,103.25,105.0,3918.0
2021-02-03 13:00:00,NSE:CREATIVE,105.9,106.4,105.9,105.95,2621.0
2021-02-03 14:00:00,NSE:CREATIVE,106.55,111.05,106.0,106.0,3804.0
2021-02-03 15:00:00,NSE:CREATIVE,106.0,107.1,106.0,106.1,934.0
2021-02-04 09:00:00,NSE:CREATIVE,108.55,109.55,107.7,108.0,6925.0
2021-02-04 10:00:00,NSE:CREATIVE,107.8,107.8,107.25,107.25,2367.0
2021-02-04 11:00:00,NSE:CREATIVE,107.2,107.8,106.5,107.05,3510.0
2021-02-04 12:00:00,NSE:CREATIVE,107.65,107.65,107.3,107.3,99.0
2021-02-04 13:00:00,NSE:CREATIVE,107.75,108.0,107.75,108.0,2797.0
2021-02-04 14:00:00,NSE:CREATIVE,106.45,107.5,104.0,104.0,2542.0
2021-02-04 15:00:00,NSE:CREATIVE,106.75,106.75,103.25,103.6,1881.0
2021-02-05 09:00:00,NSE:CREATIVE,105.5,107.85,105.5,107.15,5043.0
2021-02-05 10:00:00,NSE:CREATIVE,107.2,107.85,107.15,107.85,131.0
2021-02-05 11:00:00,NSE:CREATIVE,107.3,108.0,107.05,108.0,3672.0
2021-02-05 12:00:00,NSE:CREATIVE,107.95,107.95,107.55,107.95,3170.0
2021-02-05 13:00:00,NSE:CREATIVE,107.5,107.8,107.5,107.8,6411.0
2021-02-05 14:00:00,NSE:CREATIVE,107.45,107.5,105.0,105.85,2848.0
2021-02-05 15:00:00,NSE:CREATIVE,105.0,105.85,104.0,104.0,1706.0
2021-02-08 09:00:00,NSE:CREATIVE,108.45,108.45,101.95,102.0,9493.0
2021-02-08 10:00:00,NSE:CREATIVE,102.0,105.0,102.0,104.9,2662.0
2021-02-08 11:00:00,NSE:CREATIVE,103.75,106.0,103.75,106.0,1561.0
2021-02-08 12:00:00,NSE:CREATIVE,105.95,108.0,105.95,106.3,3004.0
2021-02-08 13:00:00,NSE:CREATIVE,107.05,111.7,107.05,111.0,7174.0
2021-02-08 14:00:00,NSE:CREATIVE,110.95,111.9,110.5,111.7,4633.0
2021-02-08 15:00:00,NSE:CREATIVE,111.8,113.65,108.5,111.0,18530.0
2021-02-09 09:00:00,NSE:CREATIVE,113.25,113.25,111.9,111.95,10137.0
2021-02-09 10:00:00,NSE:CREATIVE,111.95,113.9,111.95,111.95,5422.0
2021-02-09 11:00:00,NSE:CREATIVE,112.0,112.8,111.95,112.8,362.0
2021-02-09 12:00:00,NSE:CREATIVE,112.75,112.8,111.8,111.8,6135.0
2021-02-09 13:00:00,NSE:CREATIVE,112.25,112.25,111.8,111.8,352.0
2021-02-09 14:00:00,NSE:CREATIVE,111.8,112.05,108.1,109.45,4136.0
2021-02-09 15:00:00,NSE:CREATIVE,108.3,108.3,108.1,108.3,622.0
2021-02-10 09:00:00,NSE:CREATIVE,113.5,113.5,106.5,109.9,6867.0
2021-02-10 10:00:00,NSE:CREATIVE,109.65,111.0,108.35,109.5,2268.0
2021-02-10 11:00:00,NSE:CREATIVE,110.95,110.95,108.3,108.4,24129.0
2021-02-10 12:00:00,NSE:CREATIVE,108.4,109.9,107.8,109.9,140.0
2021-02-10 13:00:00,NSE:CREATIVE,108.5,109.75,108.25,109.7,9529.0
2021-02-10 14:00:00,NSE:CREATIVE,108.1,108.65,108.0,108.0,227.0
2021-02-10 15:00:00,NSE:CREATIVE,108.2,108.6,107.05,107.9,6192.0
2021-02-11 09:00:00,NSE:CREATIVE,107.0,107.5,104.75,106.6,4976.0
2021-02-11 10:00:00,NSE:CREATIVE,106.2,112.0,106.2,110.15,2626.0
2021-02-11 11:00:00,NSE:CREATIVE,109.3,109.3,107.95,107.95,123.0
2021-02-11 12:00:00,NSE:CREATIVE,108.05,110.4,108.05,110.4,204.0
2021-02-11 13:00:00,NSE:CREATIVE,110.05,110.05,108.65,108.85,3153.0
2021-02-11 14:00:00,NSE:CREATIVE,108.9,110.0,108.9,110.0,194.0
2021-02-11 15:00:00,NSE:CREATIVE,109.55,110.4,107.95,110.4,1380.0
2021-02-12 09:00:00,NSE:CREATIVE,112.8,112.8,105.3,105.9,6338.0
2021-02-12 10:00:00,NSE:CREATIVE,105.7,108.05,105.7,107.55,4739.0
2021-02-12 11:00:00,NSE:CREATIVE,107.45,107.95,107.25,107.35,11635.0
2021-02-12 12:00:00,NSE:CREATIVE,107.3,107.3,107.0,107.15,4444.0
2021-02-12 13:00:00,NSE:CREATIVE,107.15,107.7,107.15,107.55,4427.0
2021-02-12 14:00:00,NSE:CREATIVE,107.45,107.7,107.1,107.4,2407.0
2021-02-12 15:00:00,NSE:CREATIVE,107.0,107.5,105.55,105.55,697.0
2021-02-15 09:00:00,NSE:CREATIVE,108.5,108.7,106.85,107.55,3885.0
2021-02-15 10:00:00,NSE:CREATIVE,108.1,108.2,107.0,107.0,19192.0
2021-02-15 11:00:00,NSE:CREATIVE,107.0,107.95,107.0,107.95,7949.0
2021-02-15 12:00:00,NSE:CREATIVE,108.0,108.0,107.4,107.95,12541.0
2021-02-15 13:00:00,NSE:CREATIVE,105.45,107.7,105.45,107.7,19435.0
2021-02-15 14:00:00,NSE:CREATIVE,106.15,106.15,105.1,105.1,403.0
2021-02-15 15:00:00,NSE:CREATIVE,106.6,106.6,103.8,104.7,1286.0
2021-02-16 09:00:00,NSE:CREATIVE,107.9,107.9,104.35,104.35,3869.0
2021-02-16 10:00:00,NSE:CREATIVE,104.9,105.55,104.9,105.55,21927.0
2021-02-16 11:00:00,NSE:CREATIVE,105.7,105.7,105.7,105.7,9.0
2021-02-16 12:00:00,NSE:CREATIVE,105.7,105.7,103.05,105.3,1454.0
2021-02-16 14:00:00,NSE:CREATIVE,105.25,105.3,104.5,104.7,88.0
2021-02-16 15:00:00,NSE:CREATIVE,104.5,104.5,103.0,104.35,13152.0
2021-02-17 09:00:00,NSE:CREATIVE,105.0,105.35,103.45,105.0,3910.0
2021-02-17 10:00:00,NSE:CREATIVE,104.5,104.7,104.25,104.25,19266.0
2021-02-17 11:00:00,NSE:CREATIVE,104.6,104.9,104.5,104.9,196.0
2021-02-17 12:00:00,NSE:CREATIVE,104.8,104.8,104.7,104.7,197.0
2021-02-17 13:00:00,NSE:CREATIVE,104.7,104.9,104.7,104.9,145.0
2021-02-17 14:00:00,NSE:CREATIVE,105.0,105.0,104.0,104.2,1444.0
2021-02-17 15:00:00,NSE:CREATIVE,104.05,105.0,103.85,105.0,371.0
2021-02-18 09:00:00,NSE:CREATIVE,106.75,106.75,104.4,105.35,3418.0
2021-02-18 10:00:00,NSE:CREATIVE,105.6,105.6,104.95,105.3,3198.0
2021-02-18 11:00:00,NSE:CREATIVE,105.25,105.5,105.25,105.5,60.0
2021-02-18 12:00:00,NSE:CREATIVE,105.15,105.35,105.15,105.35,101.0
2021-02-18 13:00:00,NSE:CREATIVE,105.6,105.6,104.85,105.3,3801.0
2021-02-18 14:00:00,NSE:CREATIVE,105.1,105.25,105.1,105.2,93.0
2021-02-18 15:00:00,NSE:CREATIVE,104.85,105.15,104.85,105.1,13235.0
2021-02-19 09:00:00,NSE:CREATIVE,103.0,105.85,103.0,105.6,6056.0
2021-02-19 10:00:00,NSE:CREATIVE,105.8,108.35,105.2,106.5,1831.0
2021-02-19 11:00:00,NSE:CREATIVE,106.05,106.15,105.1,105.1,1872.0
2021-02-19 12:00:00,NSE:CREATIVE,105.2,105.8,105.1,105.8,75.0
2021-02-19 13:00:00,NSE:CREATIVE,105.8,105.8,105.8,105.8,300.0
2021-02-19 14:00:00,NSE:CREATIVE,105.0,105.0,104.0,104.15,31283.0
2021-02-19 15:00:00,NSE:CREATIVE,104.15,105.7,103.95,104.2,18059.0
2021-02-22 09:00:00,NSE:CREATIVE,104.35,104.35,85.35,100.45,7101.0
2021-02-22 10:00:00,NSE:CREATIVE,101.2,101.5,99.6,100.2,1791.0
2021-02-22 11:00:00,NSE:CREATIVE,100.05,101.55,100.05,100.65,560.0
2021-02-22 12:00:00,NSE:CREATIVE,101.85,101.9,101.85,101.9,335.0
2021-02-22 13:00:00,NSE:CREATIVE,102.0,102.25,102.0,102.25,44.0
2021-02-22 14:00:00,NSE:CREATIVE,103.2,103.2,102.9,102.9,151.0
2021-02-22 15:00:00,NSE:CREATIVE,102.25,103.9,98.65,102.4,746.0
2021-02-23 09:00:00,NSE:CREATIVE,103.0,103.0,101.5,102.5,3295.0
2021-02-23 10:00:00,NSE:CREATIVE,102.15,102.45,102.15,102.15,3160.0
2021-02-23 11:00:00,NSE:CREATIVE,102.45,102.5,102.45,102.5,56.0
2021-02-23 13:00:00,NSE:CREATIVE,102.9,103.1,102.9,103.1,4.0
2021-02-23 15:00:00,NSE:CREATIVE,102.75,108.0,102.75,108.0,703.0
2021-02-24 09:00:00,NSE:CREATIVE,108.4,108.4,103.75,103.75,4413.0
2021-02-24 10:00:00,NSE:CREATIVE,104.2,104.2,104.2,104.2,25.0
2021-02-24 11:00:00,NSE:CREATIVE,104.35,104.5,104.25,104.4,135.0
2021-02-24 15:00:00,NSE:CREATIVE,104.55,104.55,104.55,104.55,12.0
2021-02-24 16:00:00,NSE:CREATIVE,104.4,108.5,101.0,105.45,1969.0
2021-02-25 09:00:00,NSE:CREATIVE,105.0,106.5,105.0,106.3,3165.0
2021-02-25 10:00:00,NSE:CREATIVE,106.35,106.35,105.1,105.1,127.0
2021-02-25 12:00:00,NSE:CREATIVE,104.8,105.05,104.0,104.0,219.0
2021-02-25 13:00:00,NSE:CREATIVE,104.0,104.0,103.75,103.75,266.0
2021-02-25 14:00:00,NSE:CREATIVE,104.0,104.0,103.95,103.95,145.0
2021-02-25 15:00:00,NSE:CREATIVE,103.25,105.0,103.25,105.0,1177.0
2021-02-26 09:00:00,NSE:CREATIVE,103.25,124.05,102.95,122.0,53527.0
2021-02-26 10:00:00,NSE:CREATIVE,122.55,123.4,118.05,119.8,32796.0
2021-02-26 11:00:00,NSE:CREATIVE,121.0,122.4,119.45,121.2,8783.0
2021-02-26 12:00:00,NSE:CREATIVE,121.15,121.8,112.5,116.35,15576.0
2021-02-26 13:00:00,NSE:CREATIVE,116.25,119.5,107.15,112.7,34077.0
2021-02-26 14:00:00,NSE:CREATIVE,112.65,119.7,111.25,114.8,16256.0
2021-02-26 15:00:00,NSE:CREATIVE,114.8,116.0,105.0,113.0,12380.0
2021-03-01 09:00:00,NSE:CREATIVE,113.3,117.7,110.1,112.4,10203.0
2021-03-01 10:00:00,NSE:CREATIVE,111.8,111.85,108.5,109.0,3204.0
2021-03-01 11:00:00,NSE:CREATIVE,109.0,109.5,106.1,107.1,2117.0
2021-03-01 12:00:00,NSE:CREATIVE,107.1,108.9,107.1,108.85,1647.0
2021-03-01 13:00:00,NSE:CREATIVE,108.05,108.5,108.05,108.5,181.0
2021-03-01 14:00:00,NSE:CREATIVE,108.15,108.5,108.0,108.5,670.0
2021-03-01 15:00:00,NSE:CREATIVE,108.5,108.5,106.95,107.7,3408.0
2021-03-02 09:00:00,NSE:CREATIVE,107.7,121.8,88.35,111.0,8245.0
2021-03-02 10:00:00,NSE:CREATIVE,111.0,111.0,109.2,109.3,825.0
2021-03-02 11:00:00,NSE:CREATIVE,109.2,109.3,109.2,109.3,406.0
2021-03-02 12:00:00,NSE:CREATIVE,109.2,109.45,109.2,109.3,2215.0
2021-03-02 13:00:00,NSE:CREATIVE,109.3,110.45,109.3,109.6,256.0
2021-03-02 14:00:00,NSE:CREATIVE,109.6,110.5,108.0,108.0,9525.0
2021-03-02 15:00:00,NSE:CREATIVE,109.2,109.2,107.7,107.7,1512.0
2021-03-03 09:00:00,NSE:CREATIVE,107.5,110.0,104.1,108.5,6802.0
2021-03-03 10:00:00,NSE:CREATIVE,108.6,109.45,108.55,109.15,3345.0
2021-03-03 11:00:00,NSE:CREATIVE,109.15,114.0,108.55,112.05,8596.0
2021-03-03 12:00:00,NSE:CREATIVE,114.0,114.85,111.95,113.3,3189.0
2021-03-03 13:00:00,NSE:CREATIVE,114.3,116.0,113.05,115.4,5280.0
2021-03-03 14:00:00,NSE:CREATIVE,115.1,115.65,113.7,115.0,5791.0
2021-03-03 15:00:00,NSE:CREATIVE,115.0,115.0,109.85,110.0,6658.0
2021-03-04 09:00:00,NSE:CREATIVE,109.6,110.0,109.05,110.0,3313.0
2021-03-04 10:00:00,NSE:CREATIVE,110.0,111.0,109.9,111.0,2557.0
2021-03-04 11:00:00,NSE:CREATIVE,111.95,111.95,110.35,111.85,282.0
2021-03-04 12:00:00,NSE:CREATIVE,111.0,111.9,111.0,111.9,3179.0
2021-03-04 13:00:00,NSE:CREATIVE,111.9,113.35,111.65,112.4,579.0
2021-03-04 14:00:00,NSE:CREATIVE,113.5,113.5,112.55,112.55,309.0
2021-03-04 15:00:00,NSE:CREATIVE,112.6,113.2,110.25,110.35,622.0
2021-03-05 09:00:00,NSE:CREATIVE,114.0,114.0,110.2,110.85,5514.0
2021-03-05 10:00:00,NSE:CREATIVE,110.5,112.9,110.25,112.9,6502.0
2021-03-05 11:00:00,NSE:CREATIVE,111.7,112.0,111.45,112.0,475.0
2021-03-05 12:00:00,NSE:CREATIVE,111.15,112.6,111.15,111.95,91.0
2021-03-05 13:00:00,NSE:CREATIVE,112.85,112.85,111.0,111.0,2164.0
2021-03-05 14:00:00,NSE:CREATIVE,111.0,111.0,110.5,110.5,294.0
2021-03-05 15:00:00,NSE:CREATIVE,110.5,111.0,110.5,111.0,421.0
2021-03-08 09:00:00,NSE:CREATIVE,107.1,111.0,107.1,109.85,6361.0
2021-03-08 10:00:00,NSE:CREATIVE,109.9,110.55,108.55,108.55,236.0
2021-03-08 11:00:00,NSE:CREATIVE,109.8,109.8,109.8,109.8,160.0
2021-03-08 12:00:00,NSE:CREATIVE,110.2,110.2,108.0,108.25,1019.0
2021-03-08 13:00:00,NSE:CREATIVE,109.6,109.6,108.05,108.05,792.0
2021-03-08 14:00:00,NSE:CREATIVE,108.3,112.05,107.85,112.0,3528.0
2021-03-08 15:00:00,NSE:CREATIVE,112.0,112.25,107.1,112.0,1755.0
2021-03-09 09:00:00,NSE:CREATIVE,111.35,111.55,110.05,110.45,2537.0
2021-03-09 10:00:00,NSE:CREATIVE,110.0,110.0,106.9,107.75,4268.0
2021-03-09 11:00:00,NSE:CREATIVE,107.75,110.35,107.75,108.05,1317.0
2021-03-09 12:00:00,NSE:CREATIVE,108.0,108.8,108.0,108.8,89.0
2021-03-09 13:00:00,NSE:CREATIVE,109.0,109.6,108.95,109.0,169.0
2021-03-09 14:00:00,NSE:CREATIVE,108.8,109.85,108.1,108.45,970.0
2021-03-09 15:00:00,NSE:CREATIVE,109.85,109.85,106.5,106.5,2157.0
2021-03-10 09:00:00,NSE:CREATIVE,117.0,117.0,104.0,111.05,4640.0
2021-03-10 10:00:00,NSE:CREATIVE,107.55,110.4,107.55,110.15,3214.0
2021-03-10 11:00:00,NSE:CREATIVE,110.5,110.85,107.1,109.9,2172.0
2021-03-10 12:00:00,NSE:CREATIVE,108.6,109.95,108.0,108.05,106.0
2021-03-10 13:00:00,NSE:CREATIVE,108.4,109.9,108.4,109.4,125.0
2021-03-10 14:00:00,NSE:CREATIVE,108.0,109.85,108.0,109.85,286.0
2021-03-10 15:00:00,NSE:CREATIVE,109.0,109.5,108.1,108.1,3328.0
2021-03-12 09:00:00,NSE:CREATIVE,106.1,114.25,106.1,108.5,5707.0
2021-03-12 10:00:00,NSE:CREATIVE,109.25,111.05,109.1,110.15,1289.0
2021-03-12 11:00:00,NSE:CREATIVE,110.15,110.9,109.55,109.55,142.0
2021-03-12 12:00:00,NSE:CREATIVE,109.55,109.6,109.55,109.6,93.0
2021-03-12 13:00:00,NSE:CREATIVE,109.8,109.85,109.8,109.85,14.0
2021-03-12 14:00:00,NSE:CREATIVE,109.1,109.1,109.1,109.1,100.0
2021-03-12 15:00:00,NSE:CREATIVE,109.1,110.85,109.1,110.85,159.0
2021-03-15 09:00:00,NSE:CREATIVE,109.75,109.75,108.1,108.1,3095.0
2021-03-15 10:00:00,NSE:CREATIVE,108.1,108.1,106.75,107.0,1954.0
2021-03-15 11:00:00,NSE:CREATIVE,107.0,107.0,107.0,107.0,100.0
2021-03-15 12:00:00,NSE:CREATIVE,106.85,106.85,106.1,106.1,1027.0
2021-03-15 13:00:00,NSE:CREATIVE,106.55,106.9,105.25,105.9,2314.0
2021-03-15 14:00:00,NSE:CREATIVE,105.85,105.85,105.75,105.85,91.0
2021-03-15 15:00:00,NSE:CREATIVE,105.85,105.85,105.85,105.85,362.0
2021-03-16 09:00:00,NSE:CREATIVE,108.5,108.5,106.5,106.5,3197.0
2021-03-16 10:00:00,NSE:CREATIVE,105.0,106.15,103.35,106.15,7291.0
2021-03-16 11:00:00,NSE:CREATIVE,106.05,106.05,105.55,105.55,2.0
2021-03-16 12:00:00,NSE:CREATIVE,106.65,106.9,106.65,106.9,83.0
2021-03-16 13:00:00,NSE:CREATIVE,105.35,106.6,104.45,105.35,429.0
2021-03-16 14:00:00,NSE:CREATIVE,104.6,106.65,104.5,106.65,250.0
2021-03-16 15:00:00,NSE:CREATIVE,106.6,106.6,104.5,106.5,227.0
2021-03-17 09:00:00,NSE:CREATIVE,105.5,107.5,105.35,107.45,3011.0
2021-03-17 10:00:00,NSE:CREATIVE,106.75,107.45,106.7,107.0,3242.0
2021-03-17 11:00:00,NSE:CREATIVE,107.0,107.05,107.0,107.05,13.0
2021-03-17 12:00:00,NSE:CREATIVE,107.0,107.45,106.0,106.0,2600.0
2021-03-17 13:00:00,NSE:CREATIVE,105.95,105.95,105.95,105.95,51.0
2021-03-17 14:00:00,NSE:CREATIVE,105.15,105.15,105.15,105.15,10.0
2021-03-17 15:00:00,NSE:CREATIVE,105.8,105.95,105.8,105.95,88.0
2021-03-18 09:00:00,NSE:CREATIVE,108.05,109.5,101.4,105.65,4592.0
2021-03-18 10:00:00,NSE:CREATIVE,105.65,106.35,103.05,103.55,4007.0
2021-03-18 11:00:00,NSE:CREATIVE,104.4,104.6,102.0,103.7,3718.0
2021-03-18 12:00:00,NSE:CREATIVE,103.75,104.85,103.7,103.7,169.0
2021-03-18 13:00:00,NSE:CREATIVE,103.7,103.7,102.1,102.1,1216.0
2021-03-18 14:00:00,NSE:CREATIVE,104.3,104.3,102.1,102.1,272.0
2021-03-18 15:00:00,NSE:CREATIVE,102.35,102.35,101.1,101.1,736.0
2021-03-19 09:00:00,NSE:CREATIVE,104.8,104.8,102.15,102.15,3204.0
2021-03-19 10:00:00,NSE:CREATIVE,102.2,102.95,102.2,102.45,3112.0
2021-03-19 11:00:00,NSE:CREATIVE,102.2,103.4,102.2,103.1,509.0
2021-03-19 12:00:00,NSE:CREATIVE,102.9,102.9,102.85,102.85,45.0
2021-03-19 14:00:00,NSE:CREATIVE,102.0,103.0,101.0,102.0,10352.0
2021-03-19 15:00:00,NSE:CREATIVE,102.35,103.6,101.0,101.0,330.0
2021-03-22 09:00:00,NSE:CREATIVE,103.9,103.9,102.85,103.9,3071.0
2021-03-22 10:00:00,NSE:CREATIVE,102.6,102.6,101.6,102.0,557.0
2021-03-22 11:00:00,NSE:CREATIVE,102.0,102.0,101.0,101.0,5892.0
2021-03-22 12:00:00,NSE:CREATIVE,101.25,101.25,101.0,101.0,269.0
2021-03-22 13:00:00,NSE:CREATIVE,101.75,101.75,101.3,101.75,25.0
2021-03-22 14:00:00,NSE:CREATIVE,101.75,101.8,101.1,101.1,313.0
2021-03-22 15:00:00,NSE:CREATIVE,101.1,101.85,101.0,101.0,455.0
2021-03-23 09:00:00,NSE:CREATIVE,103.75,103.75,101.6,101.65,3305.0
2021-03-23 10:00:00,NSE:CREATIVE,101.95,105.8,101.95,105.6,5635.0
2021-03-23 11:00:00,NSE:CREATIVE,104.3,104.65,104.3,104.65,215.0
2021-03-23 12:00:00,NSE:CREATIVE,104.1,105.4,104.1,105.4,97.0
2021-03-23 13:00:00,NSE:CREATIVE,105.3,105.3,104.95,104.95,571.0
2021-03-23 14:00:00,NSE:CREATIVE,104.9,104.9,104.4,104.4,11.0
2021-03-23 15:00:00,NSE:CREATIVE,104.95,104.95,104.5,104.5,484.0
2021-03-24 09:00:00,NSE:CREATIVE,105.0,105.85,104.0,104.6,5257.0
2021-03-24 10:00:00,NSE:CREATIVE,104.7,104.7,102.4,102.4,183.0
2021-03-24 11:00:00,NSE:CREATIVE,102.35,102.35,102.1,102.1,2.0
2021-03-24 12:00:00,NSE:CREATIVE,102.65,102.65,101.5,101.5,312.0
2021-03-24 13:00:00,NSE:CREATIVE,102.45,102.45,101.3,101.3,720.0
2021-03-24 14:00:00,NSE:CREATIVE,102.55,102.55,102.55,102.55,100.0
2021-03-24 15:00:00,NSE:CREATIVE,102.5,102.5,101.25,101.25,260.0
2021-03-25 09:00:00,NSE:CREATIVE,103.0,120.0,102.5,115.4,39758.0
2021-03-25 10:00:00,NSE:CREATIVE,115.4,116.15,108.3,109.25,39249.0
2021-03-25 11:00:00,NSE:CREATIVE,109.7,111.45,105.4,105.7,13749.0
2021-03-25 12:00:00,NSE:CREATIVE,105.65,108.2,105.0,107.05,7720.0
2021-03-25 13:00:00,NSE:CREATIVE,106.9,108.75,106.5,107.65,3268.0
2021-03-25 14:00:00,NSE:CREATIVE,107.65,108.45,105.25,106.9,3709.0
2021-03-25 15:00:00,NSE:CREATIVE,106.3,106.3,96.6,100.0,20006.0
2021-03-26 09:00:00,NSE:CREATIVE,102.0,105.0,102.0,103.0,11284.0
2021-03-26 10:00:00,NSE:CREATIVE,102.5,103.0,102.05,102.15,15612.0
2021-03-26 11:00:00,NSE:CREATIVE,102.15,105.0,102.1,105.0,21965.0
2021-03-26 12:00:00,NSE:CREATIVE,105.5,105.5,103.5,103.55,3456.0
2021-03-26 13:00:00,NSE:CREATIVE,103.6,104.0,103.5,103.55,5530.0
2021-03-26 14:00:00,NSE:CREATIVE,103.55,104.45,103.1,103.1,10606.0
2021-03-26 15:00:00,NSE:CREATIVE,104.0,106.0,103.5,105.0,3675.0
2021-03-30 09:00:00,NSE:CREATIVE,101.0,103.75,101.0,102.55,5234.0
2021-03-30 10:00:00,NSE:CREATIVE,101.1,102.55,101.1,101.85,4692.0
2021-03-30 11:00:00,NSE:CREATIVE,101.85,102.55,101.85,102.05,401.0
2021-03-30 12:00:00,NSE:CREATIVE,102.05,102.25,102.0,102.0,3192.0
2021-03-30 13:00:00,NSE:CREATIVE,102.0,102.85,102.0,102.8,1361.0
2021-03-30 14:00:00,NSE:CREATIVE,102.25,102.95,102.15,102.95,337.0
2021-03-30 15:00:00,NSE:CREATIVE,102.25,105.0,102.05,105.0,1389.0
2021-03-31 09:00:00,NSE:CREATIVE,104.6,104.6,101.3,101.3,3379.0
2021-03-31 10:00:00,NSE:CREATIVE,102.95,102.95,101.8,102.0,279.0
2021-03-31 11:00:00,NSE:CREATIVE,101.5,102.45,101.05,102.35,3125.0
2021-03-31 12:00:00,NSE:CREATIVE,102.3,102.3,101.3,101.3,3811.0
2021-03-31 13:00:00,NSE:CREATIVE,101.3,102.0,101.0,101.0,8598.0
2021-03-31 14:00:00,NSE:CREATIVE,102.0,106.05,102.0,102.25,3247.0
2021-03-31 15:00:00,NSE:CREATIVE,102.2,105.7,102.0,105.7,3766.0
2021-04-01 09:00:00,NSE:CREATIVE,105.75,105.75,104.0,105.25,3217.0
2021-04-01 10:00:00,NSE:CREATIVE,104.2,105.15,103.15,103.15,2773.0
2021-04-01 11:00:00,NSE:CREATIVE,103.85,103.85,102.65,102.65,61.0
2021-04-01 12:00:00,NSE:CREATIVE,103.25,104.35,103.25,103.45,2891.0
2021-04-01 13:00:00,NSE:CREATIVE,104.3,104.3,102.9,103.85,2277.0
2021-04-01 14:00:00,NSE:CREATIVE,103.05,104.0,103.0,103.9,1308.0
2021-04-01 15:00:00,NSE:CREATIVE,103.9,104.0,103.0,103.0,825.0
2021-04-05 09:00:00,NSE:CREATIVE,101.15,105.65,101.15,102.95,3794.0
2021-04-05 10:00:00,NSE:CREATIVE,102.0,102.75,101.5,102.75,714.0
2021-04-05 11:00:00,NSE:CREATIVE,102.7,102.7,102.7,102.7,20.0
2021-04-05 12:00:00,NSE:CREATIVE,102.8,102.8,102.55,102.8,223.0
2021-04-05 13:00:00,NSE:CREATIVE,102.85,102.85,102.85,102.85,119.0
2021-04-05 14:00:00,NSE:CREATIVE,102.7,103.25,102.25,102.25,171.0
2021-04-05 15:00:00,NSE:CREATIVE,102.5,103.4,101.5,103.0,815.0
2021-04-06 09:00:00,NSE:CREATIVE,102.0,103.9,101.4,102.75,3301.0
2021-04-06 10:00:00,NSE:CREATIVE,103.5,103.5,101.6,101.85,3494.0
2021-04-06 11:00:00,NSE:CREATIVE,101.7,102.0,101.7,102.0,248.0
2021-04-06 12:00:00,NSE:CREATIVE,102.0,106.0,101.1,104.3,4978.0
2021-04-06 13:00:00,NSE:CREATIVE,104.95,105.45,102.25,102.95,1131.0
2021-04-06 14:00:00,NSE:CREATIVE,104.8,104.8,102.95,102.95,7251.0
2021-04-06 15:00:00,NSE:CREATIVE,102.3,105.5,102.3,105.5,536.0
2021-04-07 09:00:00,NSE:CREATIVE,105.7,105.7,102.25,102.5,3278.0
2021-04-07 10:00:00,NSE:CREATIVE,103.35,103.35,102.65,102.65,2508.0
2021-04-07 11:00:00,NSE:CREATIVE,102.75,103.95,102.75,103.95,2608.0
2021-04-07 12:00:00,NSE:CREATIVE,103.95,104.0,103.05,103.95,407.0
2021-04-07 13:00:00,NSE:CREATIVE,104.0,104.0,102.8,103.0,1422.0
2021-04-07 14:00:00,NSE:CREATIVE,102.95,103.9,101.2,102.0,6526.0
2021-04-07 15:00:00,NSE:CREATIVE,103.3,103.3,101.5,102.8,22527.0
2021-04-08 09:00:00,NSE:CREATIVE,103.6,104.4,101.8,104.4,3114.0
2021-04-08 10:00:00,NSE:CREATIVE,104.0,104.0,103.95,103.95,255.0
2021-04-08 11:00:00,NSE:CREATIVE,103.8,103.9,103.35,103.5,718.0
2021-04-08 12:00:00,NSE:CREATIVE,103.75,103.85,103.35,103.35,3268.0
2021-04-08 13:00:00,NSE:CREATIVE,103.85,103.85,103.85,103.85,20.0
2021-04-08 14:00:00,NSE:CREATIVE,103.55,103.55,103.0,103.0,1099.0
2021-04-08 15:00:00,NSE:CREATIVE,103.0,103.75,102.1,102.25,1398.0
2021-04-09 09:00:00,NSE:CREATIVE,103.5,103.5,102.25,102.6,2861.0
2021-04-09 10:00:00,NSE:CREATIVE,103.0,103.35,102.0,102.0,2245.0
2021-04-09 11:00:00,NSE:CREATIVE,101.5,104.0,101.5,104.0,2283.0
2021-04-09 12:00:00,NSE:CREATIVE,103.5,103.9,102.9,103.15,310.0
2021-04-09 13:00:00,NSE:CREATIVE,103.15,103.9,102.9,102.9,130.0
2021-04-09 14:00:00,NSE:CREATIVE,102.75,102.8,102.0,102.0,388.0
2021-04-09 15:00:00,NSE:CREATIVE,102.8,104.0,102.8,104.0,652.0
2021-04-12 09:00:00,NSE:CREATIVE,103.25,105.5,100.7,102.75,6052.0
2021-04-12 10:00:00,NSE:CREATIVE,101.1,105.5,100.85,102.15,521.0
2021-04-12 11:00:00,NSE:CREATIVE,100.8,100.8,100.8,100.8,50.0
2021-04-12 12:00:00,NSE:CREATIVE,100.85,100.85,98.5,99.0,1978.0
2021-04-12 13:00:00,NSE:CREATIVE,98.6,99.9,98.6,99.9,156.0
2021-04-12 14:00:00,NSE:CREATIVE,100.85,101.75,99.2,100.0,12181.0
2021-04-12 15:00:00,NSE:CREATIVE,99.4,100.8,99.05,99.25,802.0
2021-04-13 09:00:00,NSE:CREATIVE,101.0,101.8,100.15,101.45,3699.0
2021-04-13 10:00:00,NSE:CREATIVE,101.45,102.75,101.45,102.25,2296.0
2021-04-13 11:00:00,NSE:CREATIVE,101.45,101.45,101.25,101.25,110.0
2021-04-13 13:00:00,NSE:CREATIVE,102.2,102.2,100.15,102.2,380.0
2021-04-13 14:00:00,NSE:CREATIVE,100.7,102.2,100.15,102.2,144.0
2021-04-13 15:00:00,NSE:CREATIVE,101.65,101.95,100.0,100.0,227.0
2021-04-15 09:00:00,NSE:CREATIVE,102.5,102.85,100.15,100.15,3492.0
2021-04-15 10:00:00,NSE:CREATIVE,100.2,102.2,100.2,100.45,221.0
2021-04-15 11:00:00,NSE:CREATIVE,100.4,100.4,100.4,100.4,100.0
2021-04-15 12:00:00,NSE:CREATIVE,100.0,100.5,100.0,100.5,96.0
2021-04-15 13:00:00,NSE:CREATIVE,101.0,101.45,100.1,101.45,2819.0
2021-04-15 14:00:00,NSE:CREATIVE,101.4,101.4,101.3,101.3,11.0
2021-04-15 15:00:00,NSE:CREATIVE,101.45,101.9,99.9,99.9,333.0
2021-04-16 09:00:00,NSE:CREATIVE,104.0,104.0,101.4,102.05,2920.0
2021-04-16 10:00:00,NSE:CREATIVE,101.0,101.65,101.0,101.15,676.0
2021-04-16 11:00:00,NSE:CREATIVE,102.7,102.7,101.3,101.3,2005.0
2021-04-16 13:00:00,NSE:CREATIVE,101.6,102.6,101.55,102.6,540.0
2021-04-16 14:00:00,NSE:CREATIVE,101.55,102.85,101.5,102.75,338.0
2021-04-16 15:00:00,NSE:CREATIVE,102.8,102.8,101.0,101.0,3627.0
2021-04-19 09:00:00,NSE:CREATIVE,101.0,101.25,100.7,100.7,3513.0
2021-04-19 10:00:00,NSE:CREATIVE,100.95,100.95,100.6,100.6,101.0
2021-04-19 11:00:00,NSE:CREATIVE,100.95,100.95,100.95,100.95,8.0
2021-04-19 12:00:00,NSE:CREATIVE,100.7,100.95,100.7,100.95,10021.0
2021-04-19 13:00:00,NSE:CREATIVE,100.65,100.65,100.4,100.4,138.0
2021-04-19 14:00:00,NSE:CREATIVE,100.3,100.3,100.2,100.25,301.0
2021-04-19 15:00:00,NSE:CREATIVE,100.25,100.25,100.1,100.1,165.0
2021-04-20 09:00:00,NSE:CREATIVE,100.2,103.25,100.2,102.25,3318.0
2021-04-20 10:00:00,NSE:CREATIVE,100.85,101.75,100.2,100.2,2903.0
2021-04-20 11:00:00,NSE:CREATIVE,100.25,100.7,100.15,100.7,2580.0
2021-04-20 14:00:00,NSE:CREATIVE,100.0,101.3,100.0,100.0,335.0
2021-04-20 15:00:00,NSE:CREATIVE,101.25,104.2,94.5,104.0,4076.0
2021-04-22 09:00:00,NSE:CREATIVE,104.0,104.95,101.25,103.0,6343.0
2021-04-22 10:00:00,NSE:CREATIVE,103.55,103.55,101.55,102.0,3470.0
2021-04-22 11:00:00,NSE:CREATIVE,102.0,102.0,101.1,101.1,25.0
2021-04-22 12:00:00,NSE:CREATIVE,101.2,101.25,101.0,101.0,66.0
2021-04-22 13:00:00,NSE:CREATIVE,100.2,101.25,100.2,101.25,53.0
2021-04-22 14:00:00,NSE:CREATIVE,100.9,101.0,100.9,101.0,270.0
2021-04-22 15:00:00,NSE:CREATIVE,101.0,102.0,100.55,100.55,423.0
2021-04-23 09:00:00,NSE:CREATIVE,101.85,101.85,100.0,100.85,3571.0
2021-04-23 10:00:00,NSE:CREATIVE,100.85,100.9,99.9,100.6,3108.0
2021-04-23 11:00:00,NSE:CREATIVE,100.35,100.35,99.9,100.0,734.0
2021-04-23 12:00:00,NSE:CREATIVE,100.0,100.0,100.0,100.0,50.0
2021-04-23 13:00:00,NSE:CREATIVE,100.0,101.0,99.95,100.95,923.0
2021-04-23 14:00:00,NSE:CREATIVE,100.15,100.9,100.15,100.15,201.0
2021-04-23 15:00:00,NSE:CREATIVE,100.15,100.75,99.8,99.8,399.0
2021-04-26 09:00:00,NSE:CREATIVE,102.0,102.0,100.85,101.1,3172.0
2021-04-26 10:00:00,NSE:CREATIVE,101.85,101.85,101.0,101.0,3610.0
2021-04-26 11:00:00,NSE:CREATIVE,101.0,101.75,101.0,101.75,450.0
2021-04-26 12:00:00,NSE:CREATIVE,101.05,101.05,101.05,101.05,50.0
2021-04-26 13:00:00,NSE:CREATIVE,101.75,101.75,100.55,101.4,2630.0
2021-04-26 14:00:00,NSE:CREATIVE,100.05,100.05,100.05,100.05,221.0
2021-04-26 15:00:00,NSE:CREATIVE,100.0,100.45,99.5,99.5,698.0
2021-04-27 09:00:00,NSE:CREATIVE,99.9,102.95,99.9,101.2,3785.0
2021-04-27 10:00:00,NSE:CREATIVE,101.0,102.2,101.0,102.2,2635.0
2021-04-27 11:00:00,NSE:CREATIVE,101.85,102.35,101.85,102.25,127.0
2021-04-27 12:00:00,NSE:CREATIVE,102.2,102.2,101.5,101.5,2644.0
2021-04-27 13:00:00,NSE:CREATIVE,102.3,102.3,102.3,102.3,10.0
2021-04-27 14:00:00,NSE:CREATIVE,102.3,102.3,101.05,101.05,309.0
2021-04-27 15:00:00,NSE:CREATIVE,102.25,102.25,101.15,101.2,74.0
2021-04-28 09:00:00,NSE:CREATIVE,101.35,102.0,100.4,100.4,2961.0
2021-04-28 10:00:00,NSE:CREATIVE,101.85,102.05,100.05,102.05,862.0
2021-04-28 11:00:00,NSE:CREATIVE,101.75,102.0,100.0,100.05,6627.0
2021-04-28 12:00:00,NSE:CREATIVE,100.65,100.65,100.05,100.2,331.0
2021-04-28 13:00:00,NSE:CREATIVE,100.5,100.5,100.1,100.5,1093.0
2021-04-28 14:00:00,NSE:CREATIVE,100.15,100.75,100.15,100.75,360.0
2021-04-28 15:00:00,NSE:CREATIVE,100.3,102.0,100.3,102.0,4208.0
2021-04-29 09:00:00,NSE:CREATIVE,102.0,102.0,100.05,100.05,5417.0
2021-04-29 10:00:00,NSE:CREATIVE,100.0,100.4,100.0,100.05,2460.0
2021-04-29 11:00:00,NSE:CREATIVE,100.0,100.0,100.0,100.0,49.0
2021-04-29 12:00:00,NSE:CREATIVE,100.05,100.7,100.05,100.05,728.0
2021-04-29 13:00:00,NSE:CREATIVE,100.0,100.1,100.0,100.1,5834.0
2021-04-29 14:00:00,NSE:CREATIVE,100.1,100.1,100.1,100.1,100.0
2021-04-29 15:00:00,NSE:CREATIVE,100.1,100.1,99.9,100.0,2115.0
2021-04-30 09:00:00,NSE:CREATIVE,101.6,101.9,100.5,100.8,2564.0
2021-04-30 10:00:00,NSE:CREATIVE,101.85,101.85,99.05,99.05,2028.0
2021-04-30 11:00:00,NSE:CREATIVE,100.0,101.05,99.55,99.55,2582.0
2021-04-30 13:00:00,NSE:CREATIVE,100.45,100.45,99.5,99.5,204.0
2021-04-30 14:00:00,NSE:CREATIVE,100.5,100.5,100.5,100.5,100.0
2021-04-30 15:00:00,NSE:CREATIVE,100.3,100.3,99.5,99.5,10750.0
2021-05-03 09:00:00,NSE:CREATIVE,101.75,101.8,100.6,101.0,3514.0
2021-05-03 10:00:00,NSE:CREATIVE,101.0,101.55,101.0,101.05,3650.0
2021-05-03 11:00:00,NSE:CREATIVE,101.05,102.1,101.05,101.15,512.0
2021-05-03 12:00:00,NSE:CREATIVE,101.95,102.0,101.0,102.0,3759.0
2021-05-03 13:00:00,NSE:CREATIVE,102.35,102.35,101.65,102.3,3410.0
2021-05-03 14:00:00,NSE:CREATIVE,101.8,101.85,98.65,99.0,13731.0
2021-05-03 15:00:00,NSE:CREATIVE,99.0,100.5,96.5,100.0,6784.0
2021-05-04 09:00:00,NSE:CREATIVE,102.0,102.0,97.5,97.85,3071.0
2021-05-04 10:00:00,NSE:CREATIVE,99.85,99.85,97.9,97.9,2635.0
2021-05-04 11:00:00,NSE:CREATIVE,98.0,98.1,97.5,97.5,1153.0
2021-05-04 12:00:00,NSE:CREATIVE,97.5,97.75,96.7,97.0,4033.0
2021-05-04 13:00:00,NSE:CREATIVE,97.0,97.5,96.9,97.0,640.0
2021-05-04 14:00:00,NSE:CREATIVE,97.0,97.55,95.05,97.15,5690.0
2021-05-04 15:00:00,NSE:CREATIVE,95.15,97.6,94.1,94.5,1106.0
2021-05-05 09:00:00,NSE:CREATIVE,95.75,97.0,94.0,96.0,4482.0
2021-05-05 10:00:00,NSE:CREATIVE,95.95,96.95,95.45,96.6,3991.0
2021-05-05 11:00:00,NSE:CREATIVE,97.0,97.65,96.55,97.65,683.0
2021-05-05 12:00:00,NSE:CREATIVE,96.3,97.45,96.0,96.25,1834.0
2021-05-05 13:00:00,NSE:CREATIVE,96.0,96.9,95.45,96.0,493.0
2021-05-05 14:00:00,NSE:CREATIVE,95.45,97.0,95.0,95.0,2730.0
2021-05-05 15:00:00,NSE:CREATIVE,95.25,96.85,94.05,96.85,4280.0
2021-05-06 09:00:00,NSE:CREATIVE,97.0,97.5,95.0,97.5,4526.0
2021-05-06 10:00:00,NSE:CREATIVE,97.1,97.1,94.05,94.8,4417.0
2021-05-06 11:00:00,NSE:CREATIVE,94.95,95.9,94.9,95.25,1235.0
2021-05-06 12:00:00,NSE:CREATIVE,95.2,95.6,93.4,94.0,9377.0
2021-05-06 13:00:00,NSE:CREATIVE,94.95,94.95,93.4,94.5,36344.0
2021-05-06 14:00:00,NSE:CREATIVE,94.5,94.8,94.0,94.0,11606.0
2021-05-06 15:00:00,NSE:CREATIVE,94.2,95.6,92.05,95.6,3147.0
2021-05-07 09:00:00,NSE:CREATIVE,95.0,95.0,92.9,93.0,5635.0
2021-05-07 10:00:00,NSE:CREATIVE,93.0,93.95,92.9,93.65,2827.0
2021-05-07 11:00:00,NSE:CREATIVE,93.7,94.0,91.55,94.0,2672.0
2021-05-07 12:00:00,NSE:CREATIVE,94.0,94.9,94.0,94.9,260.0
2021-05-07 13:00:00,NSE:CREATIVE,93.8,94.9,93.8,94.85,331.0
2021-05-07 14:00:00,NSE:CREATIVE,94.85,94.85,93.55,93.55,1266.0
2021-05-07 15:00:00,NSE:CREATIVE,94.65,94.65,93.5,94.0,2236.0
2021-05-10 09:00:00,NSE:CREATIVE,94.0,94.6,94.0,94.0,3717.0
2021-05-10 10:00:00,NSE:CREATIVE,94.5,94.5,92.05,92.25,6926.0
2021-05-10 11:00:00,NSE:CREATIVE,92.25,93.95,92.25,92.65,379.0
2021-05-10 12:00:00,NSE:CREATIVE,93.9,93.9,92.6,92.6,492.0
2021-05-10 13:00:00,NSE:CREATIVE,92.55,93.95,92.55,93.95,592.0
2021-05-10 14:00:00,NSE:CREATIVE,93.9,93.95,92.05,92.65,5873.0
2021-05-10 15:00:00,NSE:CREATIVE,92.65,93.05,92.25,92.55,19388.0
2021-05-11 09:00:00,NSE:CREATIVE,92.9,93.4,92.8,93.4,3817.0
2021-05-11 10:00:00,NSE:CREATIVE,93.4,93.9,93.1,93.1,2978.0
2021-05-11 11:00:00,NSE:CREATIVE,93.1,93.8,93.05,93.65,2948.0
2021-05-11 12:00:00,NSE:CREATIVE,93.1,93.8,93.05,93.45,2845.0
2021-05-11 13:00:00,NSE:CREATIVE,93.45,93.85,93.45,93.8,18464.0
2021-05-11 14:00:00,NSE:CREATIVE,93.5,93.75,91.8,92.0,5583.0
2021-05-11 15:00:00,NSE:CREATIVE,92.0,92.85,91.0,91.0,5985.0
2021-05-12 09:00:00,NSE:CREATIVE,92.95,92.95,91.6,91.9,5702.0
2021-05-12 10:00:00,NSE:CREATIVE,91.75,99.5,91.75,96.55,22015.0
2021-05-12 11:00:00,NSE:CREATIVE,97.0,97.45,96.3,97.45,4182.0
2021-05-12 12:00:00,NSE:CREATIVE,97.45,99.0,97.45,98.6,6394.0
2021-05-12 13:00:00,NSE:CREATIVE,98.95,99.0,97.6,97.6,541.0
2021-05-12 14:00:00,NSE:CREATIVE,97.0,102.0,96.05,99.0,9111.0
2021-05-12 15:00:00,NSE:CREATIVE,98.2,98.2,93.0,93.25,17013.0
2021-05-14 09:00:00,NSE:CREATIVE,95.0,96.75,92.3,96.05,10513.0
2021-05-14 10:00:00,NSE:CREATIVE,96.05,96.05,95.0,95.45,717.0
2021-05-14 11:00:00,NSE:CREATIVE,95.0,95.55,95.0,95.0,313.0
2021-05-14 12:00:00,NSE:CREATIVE,94.0,94.0,93.05,93.85,1061.0
2021-05-14 13:00:00,NSE:CREATIVE,93.55,94.05,92.9,94.05,1412.0
2021-05-14 14:00:00,NSE:CREATIVE,94.45,95.4,94.4,94.4,10823.0
2021-05-14 15:00:00,NSE:CREATIVE,94.4,94.7,90.05,90.1,39280.0
2021-05-17 09:00:00,NSE:CREATIVE,93.5,94.7,92.3,93.6,4745.0
2021-05-17 10:00:00,NSE:CREATIVE,93.5,93.55,92.75,93.0,5316.0
2021-05-17 11:00:00,NSE:CREATIVE,92.8,93.7,92.8,93.7,120.0
2021-05-17 12:00:00,NSE:CREATIVE,93.0,93.9,93.0,93.3,3091.0
2021-05-17 13:00:00,NSE:CREATIVE,93.6,93.7,93.25,93.3,433.0
2021-05-17 14:00:00,NSE:CREATIVE,93.5,93.5,90.0,90.2,17803.0
2021-05-17 15:00:00,NSE:CREATIVE,90.2,90.65,89.95,90.4,12840.0
2021-05-18 09:00:00,NSE:CREATIVE,92.95,92.95,90.25,90.7,7389.0
2021-05-18 10:00:00,NSE:CREATIVE,90.7,91.25,90.35,90.4,3179.0
2021-05-18 11:00:00,NSE:CREATIVE,91.2,91.2,91.0,91.15,765.0
2021-05-18 12:00:00,NSE:CREATIVE,91.1,91.1,91.0,91.0,163.0
2021-05-18 13:00:00,NSE:CREATIVE,90.9,91.15,90.5,91.1,2441.0
2021-05-18 14:00:00,NSE:CREATIVE,91.15,91.15,89.45,90.3,3538.0
2021-05-18 15:00:00,NSE:CREATIVE,89.3,89.3,84.9,86.85,26647.0
2021-05-19 09:00:00,NSE:CREATIVE,90.75,90.75,87.0,87.25,5453.0
2021-05-19 10:00:00,NSE:CREATIVE,87.15,89.1,87.05,87.75,5969.0
2021-05-19 11:00:00,NSE:CREATIVE,87.75,88.25,87.55,88.05,3094.0
2021-05-19 12:00:00,NSE:CREATIVE,88.0,90.0,87.95,90.0,6893.0
2021-05-19 13:00:00,NSE:CREATIVE,89.55,89.95,89.1,89.1,2607.0
2021-05-19 14:00:00,NSE:CREATIVE,89.05,89.3,86.95,87.0,7915.0
2021-05-19 15:00:00,NSE:CREATIVE,86.05,86.45,85.0,85.45,21885.0
2021-05-20 09:00:00,NSE:CREATIVE,87.0,88.5,86.55,87.15,7926.0
2021-05-20 10:00:00,NSE:CREATIVE,86.8,89.6,86.55,89.6,11003.0
2021-05-20 11:00:00,NSE:CREATIVE,89.55,89.55,85.5,87.85,7355.0
2021-05-20 12:00:00,NSE:CREATIVE,87.85,87.85,86.8,87.4,10378.0
2021-05-20 13:00:00,NSE:CREATIVE,87.4,88.65,87.4,88.65,993.0
2021-05-20 14:00:00,NSE:CREATIVE,88.6,88.6,84.9,85.5,17984.0
2021-05-20 15:00:00,NSE:CREATIVE,84.8,84.8,83.9,84.1,9146.0
2021-05-21 09:00:00,NSE:CREATIVE,87.7,87.7,85.0,86.0,11130.0
2021-05-21 10:00:00,NSE:CREATIVE,86.0,86.0,85.65,85.9,615.0
2021-05-21 11:00:00,NSE:CREATIVE,85.9,86.6,85.55,86.35,996.0
2021-05-21 12:00:00,NSE:CREATIVE,85.9,86.5,85.8,85.9,1646.0
2021-05-21 13:00:00,NSE:CREATIVE,86.0,86.5,85.9,86.5,2075.0
2021-05-21 14:00:00,NSE:CREATIVE,86.6,87.0,86.1,86.7,2067.0
2021-05-21 15:00:00,NSE:CREATIVE,86.95,87.4,86.25,87.3,1998.0
2021-05-24 09:00:00,NSE:CREATIVE,87.95,87.95,86.3,86.75,6231.0
2021-05-24 10:00:00,NSE:CREATIVE,86.55,87.9,86.45,87.05,2417.0
2021-05-24 11:00:00,NSE:CREATIVE,88.0,90.7,87.35,89.05,10676.0
2021-05-24 12:00:00,NSE:CREATIVE,88.8,89.45,88.6,89.45,139.0
2021-05-24 13:00:00,NSE:CREATIVE,89.3,94.9,89.3,94.9,8027.0
2021-05-24 14:00:00,NSE:CREATIVE,94.8,103.95,93.55,94.9,128555.0
2021-05-24 15:00:00,NSE:CREATIVE,94.75,94.9,89.4,91.65,72123.0
2021-05-25 09:00:00,NSE:CREATIVE,94.2,97.15,91.25,93.55,15230.0
2021-05-25 10:00:00,NSE:CREATIVE,93.5,93.9,93.0,93.0,3459.0
2021-05-25 11:00:00,NSE:CREATIVE,93.55,93.55,93.1,93.25,1004.0
2021-05-25 12:00:00,NSE:CREATIVE,93.2,93.55,93.1,93.1,1267.0
2021-05-25 13:00:00,NSE:CREATIVE,93.55,93.55,92.55,92.95,5021.0
2021-05-25 14:00:00,NSE:CREATIVE,92.8,93.55,90.95,90.95,14383.0
2021-05-25 15:00:00,NSE:CREATIVE,91.3,91.55,88.85,89.6,15475.0
2021-05-26 09:00:00,NSE:CREATIVE,91.75,91.8,90.0,90.9,6407.0
2021-05-26 10:00:00,NSE:CREATIVE,90.75,91.85,90.65,91.55,7559.0
2021-05-26 11:00:00,NSE:CREATIVE,91.45,91.8,91.2,91.8,3436.0
2021-05-26 12:00:00,NSE:CREATIVE,91.9,93.9,91.9,92.9,6871.0
2021-05-26 13:00:00,NSE:CREATIVE,92.65,93.45,92.0,93.45,5536.0
2021-05-26 14:00:00,NSE:CREATIVE,92.9,94.5,92.55,94.0,4149.0
2021-05-26 15:00:00,NSE:CREATIVE,94.95,95.5,89.0,89.5,37456.0
2021-05-27 09:00:00,NSE:CREATIVE,90.7,91.85,85.05,89.3,18998.0
2021-05-27 10:00:00,NSE:CREATIVE,89.3,89.3,88.6,88.6,4909.0
2021-05-27 11:00:00,NSE:CREATIVE,88.9,92.7,88.6,92.0,11015.0
2021-05-27 12:00:00,NSE:CREATIVE,91.75,92.0,90.7,90.7,4934.0
2021-05-27 13:00:00,NSE:CREATIVE,90.7,90.95,90.5,90.55,703.0
2021-05-27 14:00:00,NSE:CREATIVE,90.7,90.85,90.05,90.3,2758.0
2021-05-27 15:00:00,NSE:CREATIVE,90.85,91.0,90.1,91.0,7563.0
2021-05-28 09:00:00,NSE:CREATIVE,92.0,92.0,90.55,91.4,7554.0
2021-05-28 10:00:00,NSE:CREATIVE,91.4,92.0,90.7,91.45,6816.0
2021-05-28 11:00:00,NSE:CREATIVE,91.0,92.0,91.0,92.0,1280.0
2021-05-28 12:00:00,NSE:CREATIVE,91.9,91.95,91.0,91.1,3106.0
2021-05-28 13:00:00,NSE:CREATIVE,91.5,92.4,91.0,91.6,4654.0
2021-05-28 14:00:00,NSE:CREATIVE,91.6,91.85,91.15,91.15,1467.0
2021-05-28 15:00:00,NSE:CREATIVE,91.5,91.5,85.55,87.85,51258.0
2021-05-31 09:00:00,NSE:CREATIVE,88.7,88.7,86.55,87.9,10697.0
2021-05-31 10:00:00,NSE:CREATIVE,87.9,87.9,87.0,87.1,2570.0
2021-05-31 11:00:00,NSE:CREATIVE,87.4,87.75,87.35,87.65,3420.0
2021-05-31 12:00:00,NSE:CREATIVE,87.65,87.8,87.5,87.5,9089.0
2021-05-31 13:00:00,NSE:CREATIVE,87.5,88.8,87.3,87.75,5382.0
2021-05-31 14:00:00,NSE:CREATIVE,87.6,88.3,87.5,87.75,1475.0
2021-05-31 15:00:00,NSE:CREATIVE,87.05,87.5,85.05,85.55,25095.0
2021-06-01 09:00:00,NSE:CREATIVE,86.25,87.7,85.0,86.0,19056.0
2021-06-01 10:00:00,NSE:CREATIVE,86.4,87.95,86.4,87.1,5182.0
2021-06-01 11:00:00,NSE:CREATIVE,86.95,87.0,85.1,85.35,5224.0
2021-06-01 12:00:00,NSE:CREATIVE,85.3,86.4,85.3,86.25,1070.0
2021-06-01 13:00:00,NSE:CREATIVE,86.25,89.5,85.9,88.5,10759.0
2021-06-01 14:00:00,NSE:CREATIVE,88.5,88.75,88.0,88.0,4431.0
2021-06-01 15:00:00,NSE:CREATIVE,87.35,87.5,85.05,85.25,28600.0
2021-06-02 09:00:00,NSE:CREATIVE,88.0,88.0,85.75,87.0,8997.0
2021-06-02 10:00:00,NSE:CREATIVE,86.25,86.85,86.2,86.65,3605.0
2021-06-02 11:00:00,NSE:CREATIVE,86.35,87.0,86.35,86.9,320.0
2021-06-02 12:00:00,NSE:CREATIVE,86.55,86.75,86.2,86.25,2419.0
2021-06-02 13:00:00,NSE:CREATIVE,86.35,87.5,86.35,87.1,7434.0
2021-06-02 14:00:00,NSE:CREATIVE,87.0,87.3,87.0,87.0,1669.0
2021-06-02 15:00:00,NSE:CREATIVE,87.2,87.3,85.05,85.5,17506.0
2021-06-03 09:00:00,NSE:CREATIVE,86.05,87.5,86.05,87.5,16382.0
2021-06-03 10:00:00,NSE:CREATIVE,87.5,88.75,87.35,88.5,17148.0
2021-06-03 11:00:00,NSE:CREATIVE,88.5,88.5,87.5,88.0,9824.0
2021-06-03 12:00:00,NSE:CREATIVE,88.1,88.7,88.1,88.5,13824.0
2021-06-03 13:00:00,NSE:CREATIVE,88.7,88.7,88.5,88.65,788.0
2021-06-03 14:00:00,NSE:CREATIVE,88.5,88.7,86.0,86.0,6248.0
2021-06-03 15:00:00,NSE:CREATIVE,86.0,86.35,84.05,84.6,52324.0
2021-06-04 09:00:00,NSE:CREATIVE,86.8,86.8,85.05,85.5,15451.0
2021-06-04 10:00:00,NSE:CREATIVE,85.55,86.3,85.5,85.75,4200.0
2021-06-04 11:00:00,NSE:CREATIVE,85.75,87.0,85.75,86.85,7305.0
2021-06-04 12:00:00,NSE:CREATIVE,86.9,86.9,86.05,86.5,1949.0
2021-06-04 13:00:00,NSE:CREATIVE,86.5,86.5,86.05,86.25,1530.0
2021-06-04 14:00:00,NSE:CREATIVE,86.25,86.4,84.8,84.8,25465.0
2021-06-04 15:00:00,NSE:CREATIVE,85.2,85.2,84.0,84.0,32203.0
2021-06-07 09:00:00,NSE:CREATIVE,85.05,86.9,85.05,85.9,18137.0
2021-06-07 10:00:00,NSE:CREATIVE,85.9,86.45,85.9,86.15,7154.0
2021-06-07 11:00:00,NSE:CREATIVE,86.15,86.4,85.0,86.05,15599.0
2021-06-07 12:00:00,NSE:CREATIVE,86.0,86.7,86.0,86.25,10045.0
2021-06-07 13:00:00,NSE:CREATIVE,86.3,96.4,86.3,92.0,183156.0
2021-06-07 14:00:00,NSE:CREATIVE,92.1,94.0,91.85,91.85,39876.0
2021-06-07 15:00:00,NSE:CREATIVE,91.8,91.8,89.0,89.5,59229.0
2021-06-08 09:00:00,NSE:CREATIVE,90.05,93.5,90.05,93.0,38586.0
2021-06-08 10:00:00,NSE:CREATIVE,92.95,94.55,92.6,93.55,35066.0
2021-06-08 11:00:00,NSE:CREATIVE,93.45,94.0,93.2,93.7,13823.0
2021-06-08 12:00:00,NSE:CREATIVE,93.45,93.45,92.6,92.8,20772.0
2021-06-08 13:00:00,NSE:CREATIVE,93.15,103.0,92.6,101.55,261134.0
2021-06-08 14:00:00,NSE:CREATIVE,101.5,107.4,101.1,102.0,451247.0
2021-06-08 15:00:00,NSE:CREATIVE,102.05,102.45,98.5,100.4,115552.0
2021-06-09 09:00:00,NSE:CREATIVE,100.0,103.5,96.75,102.0,92916.0
2021-06-09 10:00:00,NSE:CREATIVE,102.0,103.0,100.8,101.55,41032.0
2021-06-09 11:00:00,NSE:CREATIVE,101.5,101.5,99.05,100.6,32328.0
2021-06-09 12:00:00,NSE:CREATIVE,100.6,101.35,99.1,99.75,31268.0
2021-06-09 13:00:00,NSE:CREATIVE,97.55,99.3,95.45,97.65,41457.0
2021-06-09 14:00:00,NSE:CREATIVE,96.6,98.05,94.4,95.85,18497.0
2021-06-09 15:00:00,NSE:CREATIVE,96.5,96.55,93.65,94.8,63391.0
2021-06-10 09:00:00,NSE:CREATIVE,95.0,98.95,94.15,96.25,37538.0
2021-06-10 10:00:00,NSE:CREATIVE,97.0,97.35,94.45,95.65,15398.0
2021-06-10 11:00:00,NSE:CREATIVE,95.65,96.6,95.3,96.25,6983.0
2021-06-10 12:00:00,NSE:CREATIVE,96.0,96.8,94.9,95.25,19396.0
2021-06-10 13:00:00,NSE:CREATIVE,95.0,96.15,94.55,95.8,10019.0
2021-06-10 14:00:00,NSE:CREATIVE,95.55,96.15,93.45,95.95,16991.0
2021-06-10 15:00:00,NSE:CREATIVE,95.95,95.95,92.85,93.7,45669.0
2021-06-11 09:00:00,NSE:CREATIVE,94.5,95.85,93.3,94.3,23883.0
2021-06-11 10:00:00,NSE:CREATIVE,94.45,95.1,93.5,94.75,6799.0
2021-06-11 11:00:00,NSE:CREATIVE,94.0,94.95,94.0,94.4,10307.0
2021-06-11 12:00:00,NSE:CREATIVE,94.4,95.0,93.5,94.0,9529.0
2021-06-11 13:00:00,NSE:CREATIVE,94.0,94.7,93.8,94.55,3872.0
2021-06-11 14:00:00,NSE:CREATIVE,94.8,94.95,93.8,94.1,9074.0
2021-06-11 15:00:00,NSE:CREATIVE,94.55,94.55,90.7,91.45,47142.0
2021-06-14 09:00:00,NSE:CREATIVE,93.0,93.9,90.1,91.0,21470.0
2021-06-14 10:00:00,NSE:CREATIVE,91.0,92.85,90.5,92.1,8863.0
2021-06-14 11:00:00,NSE:CREATIVE,92.0,93.4,92.0,93.35,4840.0
2021-06-14 12:00:00,NSE:CREATIVE,93.0,93.15,92.75,93.15,7414.0
2021-06-14 13:00:00,NSE:CREATIVE,93.3,93.5,92.1,93.4,9913.0
2021-06-14 14:00:00,NSE:CREATIVE,93.45,93.7,90.5,91.2,32368.0
2021-06-14 15:00:00,NSE:CREATIVE,91.0,91.45,89.7,89.9,32298.0
2021-06-15 09:00:00,NSE:CREATIVE,90.4,92.6,90.35,91.5,14488.0
2021-06-15 10:00:00,NSE:CREATIVE,91.75,92.8,91.0,92.45,13906.0
2021-06-15 11:00:00,NSE:CREATIVE,92.45,95.0,90.25,92.6,34981.0
2021-06-15 12:00:00,NSE:CREATIVE,92.6,94.85,92.6,93.6,19760.0
2021-06-15 13:00:00,NSE:CREATIVE,93.7,105.0,93.7,103.0,340535.0
2021-06-15 14:00:00,NSE:CREATIVE,103.3,103.35,99.5,100.75,77899.0
2021-06-15 15:00:00,NSE:CREATIVE,100.25,101.45,98.05,99.3,45218.0
2021-06-16 09:00:00,NSE:CREATIVE,102.0,104.0,98.8,101.45,80013.0
2021-06-16 10:00:00,NSE:CREATIVE,101.25,102.0,95.55,97.25,45088.0
2021-06-16 11:00:00,NSE:CREATIVE,97.95,98.85,96.15,98.05,18768.0
2021-06-16 12:00:00,NSE:CREATIVE,98.95,99.7,96.75,96.9,24463.0
2021-06-16 13:00:00,NSE:CREATIVE,97.2,97.7,96.0,97.15,12730.0
2021-06-16 14:00:00,NSE:CREATIVE,97.0,98.1,95.6,96.35,22143.0
2021-06-16 15:00:00,NSE:CREATIVE,96.45,96.8,93.1,93.9,66737.0
2021-06-17 09:00:00,NSE:CREATIVE,92.15,96.55,92.15,94.35,34473.0
2021-06-17 10:00:00,NSE:CREATIVE,94.9,96.35,94.55,95.15,21950.0
2021-06-17 11:00:00,NSE:CREATIVE,95.15,95.65,93.65,95.05,15692.0
2021-06-17 12:00:00,NSE:CREATIVE,94.85,95.2,93.6,94.1,10882.0
2021-06-17 13:00:00,NSE:CREATIVE,94.0,94.0,92.5,93.15,11261.0
2021-06-17 14:00:00,NSE:CREATIVE,93.45,93.7,92.0,92.75,15287.0
2021-06-17 15:00:00,NSE:CREATIVE,92.75,93.55,91.9,92.45,31633.0
2021-06-18 09:00:00,NSE:CREATIVE,95.0,95.0,91.1,91.7,17318.0
2021-06-18 10:00:00,NSE:CREATIVE,91.6,92.75,90.3,90.3,24291.0
2021-06-18 11:00:00,NSE:CREATIVE,90.3,92.7,90.25,92.45,10268.0
2021-06-18 12:00:00,NSE:CREATIVE,92.3,92.5,91.1,92.2,3750.0
2021-06-18 13:00:00,NSE:CREATIVE,92.0,93.55,91.75,93.5,7169.0
2021-06-18 14:00:00,NSE:CREATIVE,93.95,94.35,90.65,91.2,33799.0
2021-06-18 15:00:00,NSE:CREATIVE,90.85,92.0,90.8,91.3,13689.0
2021-06-21 09:00:00,NSE:CREATIVE,96.75,105.7,95.05,101.75,296912.0
2021-06-21 10:00:00,NSE:CREATIVE,101.85,103.5,101.25,101.35,70929.0
2021-06-21 11:00:00,NSE:CREATIVE,101.25,102.25,100.45,101.95,28258.0
2021-06-21 12:00:00,NSE:CREATIVE,102.0,102.0,101.0,101.55,15639.0
2021-06-21 13:00:00,NSE:CREATIVE,101.55,103.0,100.3,101.4,34613.0
2021-06-21 14:00:00,NSE:CREATIVE,101.3,102.4,99.05,100.2,34247.0
2021-06-21 15:00:00,NSE:CREATIVE,100.2,100.2,97.2,98.15,60534.0
2021-06-22 09:00:00,NSE:CREATIVE,99.45,103.0,99.45,102.25,89177.0
2021-06-22 10:00:00,NSE:CREATIVE,102.25,102.25,100.55,101.05,35085.0
2021-06-22 11:00:00,NSE:CREATIVE,101.25,101.6,98.8,100.95,28303.0
2021-06-22 12:00:00,NSE:CREATIVE,100.45,101.0,98.65,100.0,31308.0
2021-06-22 13:00:00,NSE:CREATIVE,100.15,107.95,99.3,106.65,290207.0
2021-06-22 14:00:00,NSE:CREATIVE,106.6,117.75,105.3,117.75,476024.0
2021-06-22 15:00:00,NSE:CREATIVE,117.75,117.75,115.0,117.55,58942.0
2021-06-23 09:00:00,NSE:CREATIVE,134.7,140.7,127.05,136.95,792755.0
2021-06-23 10:00:00,NSE:CREATIVE,136.25,141.05,136.0,141.05,415747.0
2021-06-23 11:00:00,NSE:CREATIVE,141.05,141.05,139.0,139.0,68425.0
2021-06-23 12:00:00,NSE:CREATIVE,139.2,141.05,135.4,138.05,152809.0
2021-06-23 13:00:00,NSE:CREATIVE,138.95,141.05,137.9,139.8,91606.0
2021-06-23 14:00:00,NSE:CREATIVE,139.8,141.05,139.05,141.05,109923.0
2021-06-23 15:00:00,NSE:CREATIVE,141.05,141.05,141.05,141.05,48508.0
2021-06-24 09:00:00,NSE:CREATIVE,150.95,155.15,146.5,151.9,520140.0
2021-06-24 10:00:00,NSE:CREATIVE,151.9,155.15,148.0,152.0,491159.0
2021-06-24 11:00:00,NSE:CREATIVE,152.05,152.65,148.0,151.1,99146.0
2021-06-24 12:00:00,NSE:CREATIVE,151.0,151.95,149.15,150.0,65704.0
2021-06-24 13:00:00,NSE:CREATIVE,149.6,150.45,131.2,142.5,290292.0
2021-06-24 14:00:00,NSE:CREATIVE,142.55,149.65,141.05,141.8,90660.0
2021-06-24 15:00:00,NSE:CREATIVE,142.0,142.7,137.5,140.0,49953.0
2021-06-25 09:00:00,NSE:CREATIVE,140.0,140.0,132.3,134.0,68466.0
2021-06-25 10:00:00,NSE:CREATIVE,134.9,137.45,132.75,133.9,40090.0
2021-06-25 11:00:00,NSE:CREATIVE,133.8,136.45,133.2,134.4,16987.0
2021-06-25 12:00:00,NSE:CREATIVE,134.2,137.5,133.75,133.85,13760.0
2021-06-25 13:00:00,NSE:CREATIVE,133.85,134.85,133.0,133.9,15475.0
2021-06-25 14:00:00,NSE:CREATIVE,133.35,137.0,133.0,133.85,23334.0
2021-06-25 15:00:00,NSE:CREATIVE,133.85,134.9,133.0,133.6,17860.0
2021-06-28 09:00:00,NSE:CREATIVE,137.85,140.15,134.0,138.2,49809.0
2021-06-28 10:00:00,NSE:CREATIVE,138.2,147.2,137.25,147.2,132919.0
2021-06-28 11:00:00,NSE:CREATIVE,147.2,147.2,147.2,147.2,12573.0
2021-06-28 12:00:00,NSE:CREATIVE,147.2,147.2,147.2,147.2,6061.0
2021-06-28 13:00:00,NSE:CREATIVE,147.2,147.2,147.2,147.2,1024.0
2021-06-28 14:00:00,NSE:CREATIVE,147.2,147.2,147.2,147.2,1242.0
2021-06-28 15:00:00,NSE:CREATIVE,147.2,147.2,147.2,147.2,345.0
2021-06-29 09:00:00,NSE:CREATIVE,161.9,161.9,161.9,161.9,56710.0
2021-06-29 10:00:00,NSE:CREATIVE,161.9,161.9,161.9,161.9,23364.0
2021-06-29 11:00:00,NSE:CREATIVE,161.9,161.9,161.9,161.9,1874.0
2021-06-29 12:00:00,NSE:CREATIVE,161.9,161.9,161.9,161.9,1882.0
2021-06-29 13:00:00,NSE:CREATIVE,161.9,161.9,161.9,161.9,1036.0
2021-06-29 14:00:00,NSE:CREATIVE,161.9,161.9,161.9,161.9,321.0
2021-06-29 15:00:00,NSE:CREATIVE,161.9,161.9,161.9,161.9,512.0
2021-06-30 09:00:00,NSE:CREATIVE,178.05,178.05,178.05,178.05,17236.0
2021-06-30 10:00:00,NSE:CREATIVE,178.05,178.05,178.05,178.05,2496.0
2021-06-30 11:00:00,NSE:CREATIVE,178.05,178.05,178.05,178.05,1150.0
2021-06-30 12:00:00,NSE:CREATIVE,178.05,178.05,178.05,178.05,410.0
2021-06-30 13:00:00,NSE:CREATIVE,178.05,178.05,178.05,178.05,10100.0
2021-06-30 14:00:00,NSE:CREATIVE,178.05,178.05,178.05,178.05,1374.0
2021-06-30 15:00:00,NSE:CREATIVE,178.05,178.05,178.05,178.05,357.0
2021-07-01 09:00:00,NSE:CREATIVE,186.95,186.95,186.95,186.95,19017.0
2021-07-01 10:00:00,NSE:CREATIVE,186.95,186.95,186.95,186.95,2297.0
2021-07-01 11:00:00,NSE:CREATIVE,186.95,186.95,186.95,186.95,7731.0
2021-07-01 12:00:00,NSE:CREATIVE,186.95,186.95,186.95,186.95,1404.0
2021-07-01 13:00:00,NSE:CREATIVE,186.95,186.95,186.95,186.95,910.0
2021-07-01 14:00:00,NSE:CREATIVE,186.95,186.95,186.95,186.95,752.0
2021-07-01 15:00:00,NSE:CREATIVE,186.95,186.95,186.95,186.95,2616.0
2021-07-02 09:00:00,NSE:CREATIVE,196.25,196.25,177.65,185.6,619515.0
2021-07-02 10:00:00,NSE:CREATIVE,186.0,196.25,185.95,196.25,189053.0
2021-07-02 11:00:00,NSE:CREATIVE,196.25,196.25,196.25,196.25,7554.0
2021-07-02 12:00:00,NSE:CREATIVE,196.25,196.25,196.25,196.25,1607.0
2021-07-02 13:00:00,NSE:CREATIVE,196.25,196.25,196.25,196.25,34501.0
2021-07-02 14:00:00,NSE:CREATIVE,196.25,196.25,196.25,196.25,13203.0
2021-07-02 15:00:00,NSE:CREATIVE,196.25,196.25,196.25,196.25,299.0
2021-07-05 09:00:00,NSE:CREATIVE,202.25,202.25,188.05,192.9,137007.0
2021-07-05 10:00:00,NSE:CREATIVE,192.95,194.95,187.15,191.75,94077.0
2021-07-05 11:00:00,NSE:CREATIVE,191.9,195.95,188.25,193.0,34057.0
2021-07-05 12:00:00,NSE:CREATIVE,193.0,193.7,191.0,192.4,14301.0
2021-07-05 13:00:00,NSE:CREATIVE,192.4,193.45,187.55,189.65,17331.0
2021-07-05 14:00:00,NSE:CREATIVE,189.0,189.95,186.45,186.45,49103.0
2021-07-05 15:00:00,NSE:CREATIVE,186.45,192.0,186.45,186.5,43620.0
2021-07-06 09:00:00,NSE:CREATIVE,184.15,188.65,180.6,181.95,51289.0
2021-07-06 10:00:00,NSE:CREATIVE,182.0,182.85,180.55,180.95,58355.0
2021-07-06 11:00:00,NSE:CREATIVE,180.95,181.4,180.55,180.9,16087.0
2021-07-06 12:00:00,NSE:CREATIVE,180.9,180.9,180.55,180.55,1930.0
2021-07-06 13:00:00,NSE:CREATIVE,180.55,180.55,180.55,180.55,31178.0
2021-07-06 14:00:00,NSE:CREATIVE,180.55,184.5,180.55,180.55,28803.0
2021-07-06 15:00:00,NSE:CREATIVE,180.55,180.55,180.55,180.55,3782.0
2021-07-07 09:00:00,NSE:CREATIVE,184.2,184.2,172.3,175.25,47033.0
2021-07-07 10:00:00,NSE:CREATIVE,176.0,177.1,173.0,175.8,7652.0
2021-07-07 11:00:00,NSE:CREATIVE,174.95,174.95,172.5,172.8,2988.0
2021-07-07 12:00:00,NSE:CREATIVE,173.15,177.0,172.75,174.1,6700.0
2021-07-07 13:00:00,NSE:CREATIVE,175.0,186.0,174.0,185.65,25809.0
2021-07-07 14:00:00,NSE:CREATIVE,185.0,189.55,184.0,189.55,44227.0
2021-07-07 15:00:00,NSE:CREATIVE,189.55,189.55,189.55,189.55,490.0
2021-07-08 09:00:00,NSE:CREATIVE,195.7,195.7,186.05,187.95,30775.0
2021-07-08 10:00:00,NSE:CREATIVE,187.55,198.55,187.55,197.45,52603.0
2021-07-08 11:00:00,NSE:CREATIVE,197.0,197.7,182.15,192.35,52872.0
2021-07-08 12:00:00,NSE:CREATIVE,192.0,194.95,188.0,189.4,14935.0
2021-07-08 13:00:00,NSE:CREATIVE,189.0,189.0,186.1,188.2,4665.0
2021-07-08 14:00:00,NSE:CREATIVE,187.55,199.0,185.55,199.0,68860.0
2021-07-08 15:00:00,NSE:CREATIVE,199.0,199.0,197.0,199.0,38164.0
2021-07-09 09:00:00,NSE:CREATIVE,203.0,208.65,201.0,208.65,146373.0
2021-07-09 10:00:00,NSE:CREATIVE,208.65,208.65,208.65,208.65,3794.0
2021-07-09 11:00:00,NSE:CREATIVE,208.65,208.65,207.0,208.65,64019.0
2021-07-09 12:00:00,NSE:CREATIVE,208.65,208.65,202.3,207.55,35245.0
2021-07-09 13:00:00,NSE:CREATIVE,207.25,208.65,206.0,208.65,15979.0
2021-07-09 14:00:00,NSE:CREATIVE,208.65,208.65,207.25,208.65,24383.0
2021-07-09 15:00:00,NSE:CREATIVE,208.65,208.65,208.65,208.65,376.0
2021-07-12 09:00:00,NSE:CREATIVE,219.05,219.05,212.9,219.05,99705.0
2021-07-12 10:00:00,NSE:CREATIVE,219.05,219.05,219.05,219.05,3896.0
2021-07-12 11:00:00,NSE:CREATIVE,219.05,219.05,219.05,219.05,659.0
2021-07-12 12:00:00,NSE:CREATIVE,219.05,219.05,219.05,219.05,539.0
2021-07-12 13:00:00,NSE:CREATIVE,219.05,219.05,219.05,219.05,1352.0
2021-07-12 14:00:00,NSE:CREATIVE,219.05,219.05,219.05,219.05,6809.0
2021-07-12 15:00:00,NSE:CREATIVE,219.05,219.05,219.05,219.05,5081.0
2021-07-13 09:00:00,NSE:CREATIVE,230.0,230.0,230.0,230.0,15960.0
2021-07-13 10:00:00,NSE:CREATIVE,230.0,230.0,230.0,230.0,3796.0
2021-07-13 11:00:00,NSE:CREATIVE,230.0,230.0,230.0,230.0,40355.0
2021-07-13 12:00:00,NSE:CREATIVE,230.0,230.0,230.0,230.0,2000.0
2021-07-13 13:00:00,NSE:CREATIVE,230.0,230.0,230.0,230.0,101.0
2021-07-13 14:00:00,NSE:CREATIVE,230.0,230.0,230.0,230.0,2015.0
2021-07-13 15:00:00,NSE:CREATIVE,230.0,230.0,230.0,230.0,326.0
2021-07-14 09:00:00,NSE:CREATIVE,240.95,241.5,231.2,241.5,81803.0
2021-07-14 10:00:00,NSE:CREATIVE,241.5,241.5,241.5,241.5,12676.0
2021-07-14 11:00:00,NSE:CREATIVE,241.5,241.5,241.5,241.5,1772.0
2021-07-14 12:00:00,NSE:CREATIVE,241.5,241.5,218.5,218.5,165594.0
2021-07-14 13:00:00,NSE:CREATIVE,218.5,218.5,218.5,218.5,2901.0
2021-07-14 14:00:00,NSE:CREATIVE,218.5,218.5,218.5,218.5,2674.0
2021-07-14 15:00:00,NSE:CREATIVE,218.5,218.5,218.5,218.5,1903.0
2021-07-15 09:00:00,NSE:CREATIVE,207.6,225.0,207.6,218.55,107620.0
2021-07-15 10:00:00,NSE:CREATIVE,219.7,224.4,218.0,218.9,22156.0
2021-07-15 11:00:00,NSE:CREATIVE,218.85,224.5,218.85,224.15,16372.0
2021-07-15 12:00:00,NSE:CREATIVE,224.1,225.0,219.7,221.35,10090.0
2021-07-15 13:00:00,NSE:CREATIVE,222.0,224.0,221.0,223.1,4531.0
2021-07-15 14:00:00,NSE:CREATIVE,223.3,229.4,220.0,229.4,63958.0
2021-07-15 15:00:00,NSE:CREATIVE,229.4,229.4,229.4,229.4,2864.0
2021-07-16 09:00:00,NSE:CREATIVE,235.0,235.0,219.1,223.5,43390.0
2021-07-16 10:00:00,NSE:CREATIVE,223.5,223.5,217.95,217.95,56516.0
2021-07-16 11:00:00,NSE:CREATIVE,217.95,223.15,217.95,218.95,29115.0
2021-07-16 12:00:00,NSE:CREATIVE,218.95,221.0,217.95,217.95,11109.0
2021-07-16 13:00:00,NSE:CREATIVE,217.95,217.95,217.95,217.95,9846.0
2021-07-16 14:00:00,NSE:CREATIVE,217.95,221.85,217.95,217.95,20864.0
2021-07-16 15:00:00,NSE:CREATIVE,217.95,217.95,217.95,217.95,2689.0
2021-07-19 09:00:00,NSE:CREATIVE,207.1,214.75,207.1,212.45,43858.0
2021-07-19 10:00:00,NSE:CREATIVE,212.3,214.0,207.1,210.0,52334.0
2021-07-19 11:00:00,NSE:CREATIVE,209.95,214.0,207.3,210.15,10084.0
2021-07-19 12:00:00,NSE:CREATIVE,210.8,215.0,208.05,208.8,19354.0
2021-07-19 13:00:00,NSE:CREATIVE,208.05,210.35,207.15,208.55,11211.0
2021-07-19 14:00:00,NSE:CREATIVE,208.15,209.7,207.1,207.1,8744.0
2021-07-19 15:00:00,NSE:CREATIVE,207.1,207.1,207.1,207.1,1669.0
2021-07-20 09:00:00,NSE:CREATIVE,205.0,205.0,196.75,196.75,19253.0
2021-07-20 10:00:00,NSE:CREATIVE,196.75,199.0,196.75,196.75,13214.0
2021-07-20 11:00:00,NSE:CREATIVE,197.0,198.1,196.75,198.1,6914.0
2021-07-20 12:00:00,NSE:CREATIVE,198.1,203.55,197.0,203.55,3139.0
2021-07-20 13:00:00,NSE:CREATIVE,204.8,217.45,202.0,217.45,11316.0
2021-07-20 14:00:00,NSE:CREATIVE,217.45,217.45,217.45,217.45,9024.0
2021-07-20 15:00:00,NSE:CREATIVE,217.45,217.45,217.45,217.45,2032.0
2021-07-22 09:00:00,NSE:CREATIVE,224.0,226.0,217.95,220.35,18082.0
2021-07-22 10:00:00,NSE:CREATIVE,223.0,225.0,220.0,223.9,4896.0
2021-07-22 11:00:00,NSE:CREATIVE,223.9,225.0,221.0,222.0,3373.0
2021-07-22 12:00:00,NSE:CREATIVE,222.1,224.95,222.1,222.1,7634.0
2021-07-22 13:00:00,NSE:CREATIVE,224.65,226.0,220.6,224.5,3888.0
2021-07-22 14:00:00,NSE:CREATIVE,220.75,223.9,220.0,222.9,2589.0
2021-07-22 15:00:00,NSE:CREATIVE,221.0,225.9,220.25,223.9,14303.0
2021-07-23 09:00:00,NSE:CREATIVE,224.0,224.8,213.8,217.6,8423.0
2021-07-23 10:00:00,NSE:CREATIVE,217.6,218.0,214.25,215.25,2540.0
2021-07-23 11:00:00,NSE:CREATIVE,215.5,217.0,215.0,216.5,1133.0
2021-07-23 12:00:00,NSE:CREATIVE,217.0,222.0,214.5,222.0,7054.0
2021-07-23 13:00:00,NSE:CREATIVE,217.0,219.0,217.0,219.0,1673.0
2021-07-23 14:00:00,NSE:CREATIVE,220.95,221.0,219.0,219.0,1273.0
2021-07-23 15:00:00,NSE:CREATIVE,218.05,218.05,214.0,215.95,4280.0
2021-07-26 09:00:00,NSE:CREATIVE,211.0,221.0,205.2,211.05,9955.0
2021-07-26 10:00:00,NSE:CREATIVE,211.05,215.0,211.05,213.0,2002.0
2021-07-26 11:00:00,NSE:CREATIVE,214.0,214.45,211.05,211.05,1398.0
2021-07-26 12:00:00,NSE:CREATIVE,211.05,225.0,211.0,225.0,11507.0
2021-07-26 13:00:00,NSE:CREATIVE,224.0,226.5,224.0,224.0,12801.0
2021-07-26 14:00:00,NSE:CREATIVE,224.0,225.0,224.0,224.0,2677.0
2021-07-26 15:00:00,NSE:CREATIVE,224.0,224.9,224.0,224.0,5196.0
2021-07-27 09:00:00,NSE:CREATIVE,226.0,228.0,216.4,223.0,4925.0
2021-07-27 10:00:00,NSE:CREATIVE,227.5,228.0,222.0,227.8,3340.0
2021-07-27 11:00:00,NSE:CREATIVE,227.8,227.9,222.0,227.0,1617.0
2021-07-27 12:00:00,NSE:CREATIVE,226.0,226.0,220.0,220.0,3169.0
2021-07-27 13:00:00,NSE:CREATIVE,220.0,225.0,215.0,223.0,5318.0
2021-07-27 14:00:00,NSE:CREATIVE,223.0,223.8,220.0,220.0,26179.0
2021-07-27 15:00:00,NSE:CREATIVE,220.0,223.8,219.0,220.25,1278.0
2021-07-28 09:00:00,NSE:CREATIVE,220.25,226.0,215.0,221.5,2471.0
2021-07-28 10:00:00,NSE:CREATIVE,216.0,220.0,209.5,218.0,6633.0
2021-07-28 11:00:00,NSE:CREATIVE,211.0,218.0,210.0,217.0,3765.0
2021-07-28 12:00:00,NSE:CREATIVE,217.0,217.0,213.6,215.0,756.0
2021-07-28 13:00:00,NSE:CREATIVE,215.5,217.5,213.0,217.0,29230.0
2021-07-28 14:00:00,NSE:CREATIVE,216.0,219.4,210.0,213.0,1986.0
2021-07-28 15:00:00,NSE:CREATIVE,217.45,217.45,212.0,217.45,1368.0
2021-07-29 09:00:00,NSE:CREATIVE,216.0,223.0,215.0,218.0,13383.0
2021-07-29 10:00:00,NSE:CREATIVE,218.0,221.0,213.3,219.8,4596.0
2021-07-29 11:00:00,NSE:CREATIVE,221.0,221.0,214.05,217.5,2738.0
2021-07-29 12:00:00,NSE:CREATIVE,217.5,221.0,217.5,218.0,713.0
2021-07-29 13:00:00,NSE:CREATIVE,221.0,221.0,218.0,218.0,1778.0
2021-07-29 14:00:00,NSE:CREATIVE,218.0,219.5,215.1,219.0,35602.0
2021-07-29 15:00:00,NSE:CREATIVE,219.0,219.0,215.0,215.0,1664.0
2021-07-30 09:00:00,NSE:CREATIVE,220.0,225.0,213.0,223.9,5395.0
2021-07-30 10:00:00,NSE:CREATIVE,217.1,224.0,217.0,218.0,3925.0
2021-07-30 11:00:00,NSE:CREATIVE,217.5,222.75,217.0,218.4,673.0
2021-07-30 12:00:00,NSE:CREATIVE,219.0,222.0,219.0,220.0,2493.0
2021-07-30 13:00:00,NSE:CREATIVE,220.0,223.5,218.0,223.5,2143.0
2021-07-30 14:00:00,NSE:CREATIVE,221.0,223.0,220.05,220.05,27564.0
2021-07-30 15:00:00,NSE:CREATIVE,220.05,222.0,218.0,220.0,1695.0
