datetime,symbol,open,high,low,close,volume
2019-03-29 09:00:00,NSE:MSTCLTD,115.0,115.0,115.0,115.0,100703.0
2019-03-29 10:00:00,NSE:MSTCLTD,114.0,120.0,111.0,115.5,181290.0
2019-03-29 11:00:00,NSE:MSTCLTD,115.5,118.45,115.5,117.2,61377.0
2019-03-29 12:00:00,NSE:MSTCLTD,117.4,118.5,116.0,116.55,19896.0
2019-03-29 13:00:00,NSE:MSTCLTD,116.9,117.0,114.0,115.0,23537.0
2019-03-29 14:00:00,NSE:MSTCLTD,115.0,115.0,113.8,113.8,16713.0
2019-03-29 15:00:00,NSE:MSTCLTD,113.8,115.0,113.05,113.95,17550.0
2019-04-01 09:00:00,NSE:MSTCLTD,114.95,115.95,112.05,112.05,21397.0
2019-04-01 10:00:00,NSE:MSTCLTD,112.8,114.95,111.0,111.6,17199.0
2019-04-01 11:00:00,NSE:MSTCLTD,111.7,113.5,111.35,113.0,5709.0
2019-04-01 12:00:00,NSE:MSTCLTD,111.7,113.95,111.45,111.5,3138.0
2019-04-01 13:00:00,NSE:MSTCLTD,112.75,112.75,111.5,111.55,1937.0
2019-04-01 14:00:00,NSE:MSTCLTD,111.55,112.0,111.5,111.85,3911.0
2019-04-01 15:00:00,NSE:MSTCLTD,111.45,112.4,111.4,111.75,5945.0
2019-04-02 09:00:00,NSE:MSTCLTD,111.0,112.0,108.05,109.1,18131.0
2019-04-02 10:00:00,NSE:MSTCLTD,109.95,110.0,108.0,108.2,7331.0
2019-04-02 11:00:00,NSE:MSTCLTD,108.7,109.0,108.1,108.8,4473.0
2019-04-02 12:00:00,NSE:MSTCLTD,109.0,109.1,108.1,108.5,3176.0
2019-04-02 13:00:00,NSE:MSTCLTD,108.5,110.0,108.0,110.0,7642.0
2019-04-02 14:00:00,NSE:MSTCLTD,109.9,110.0,109.0,109.85,3920.0
2019-04-02 15:00:00,NSE:MSTCLTD,109.85,112.0,109.0,111.0,15426.0
2019-04-03 09:00:00,NSE:MSTCLTD,110.0,110.0,107.5,108.5,5108.0
2019-04-03 10:00:00,NSE:MSTCLTD,108.0,109.9,107.6,107.95,3739.0
2019-04-03 11:00:00,NSE:MSTCLTD,107.95,109.5,107.6,108.55,5123.0
2019-04-03 12:00:00,NSE:MSTCLTD,108.55,108.55,107.6,108.0,1624.0
2019-04-03 13:00:00,NSE:MSTCLTD,108.0,108.55,107.45,107.5,9879.0
2019-04-03 14:00:00,NSE:MSTCLTD,107.5,109.75,106.5,107.05,15714.0
2019-04-03 15:00:00,NSE:MSTCLTD,107.05,109.9,106.5,109.0,10023.0
2019-04-04 09:00:00,NSE:MSTCLTD,106.05,106.05,102.7,103.4,14998.0
2019-04-04 10:00:00,NSE:MSTCLTD,104.8,105.1,103.1,103.5,7496.0
2019-04-04 11:00:00,NSE:MSTCLTD,103.55,105.0,103.55,104.6,2156.0
2019-04-04 12:00:00,NSE:MSTCLTD,104.6,105.0,103.85,103.85,3868.0
2019-04-04 13:00:00,NSE:MSTCLTD,103.85,104.5,103.5,104.0,2265.0
2019-04-04 14:00:00,NSE:MSTCLTD,104.0,104.5,103.25,103.4,3621.0
2019-04-04 15:00:00,NSE:MSTCLTD,103.4,104.4,103.3,103.8,4420.0
2019-04-05 09:00:00,NSE:MSTCLTD,105.0,105.05,102.0,103.9,4764.0
2019-04-05 10:00:00,NSE:MSTCLTD,103.35,103.9,103.0,103.0,7028.0
2019-04-05 11:00:00,NSE:MSTCLTD,103.05,103.45,103.0,103.05,3072.0
2019-04-05 12:00:00,NSE:MSTCLTD,103.05,104.95,103.05,103.5,2358.0
2019-04-05 13:00:00,NSE:MSTCLTD,103.5,104.95,103.25,103.75,2184.0
2019-04-05 14:00:00,NSE:MSTCLTD,103.85,105.5,103.85,105.5,5262.0
2019-04-05 15:00:00,NSE:MSTCLTD,105.5,106.55,105.0,105.3,5460.0
2019-04-08 09:00:00,NSE:MSTCLTD,108.9,108.9,103.15,104.3,7333.0
2019-04-08 10:00:00,NSE:MSTCLTD,104.3,105.2,103.4,105.0,2349.0
2019-04-08 11:00:00,NSE:MSTCLTD,105.0,105.2,104.0,104.05,1072.0
2019-04-08 12:00:00,NSE:MSTCLTD,104.0,106.0,103.7,106.0,1582.0
2019-04-08 13:00:00,NSE:MSTCLTD,105.05,109.8,105.0,105.0,8498.0
2019-04-08 14:00:00,NSE:MSTCLTD,105.0,105.0,104.8,105.0,1516.0
2019-04-08 15:00:00,NSE:MSTCLTD,105.0,108.0,105.0,107.55,3143.0
2019-04-09 09:00:00,NSE:MSTCLTD,108.0,108.05,104.3,105.5,2614.0
2019-04-09 10:00:00,NSE:MSTCLTD,106.4,106.4,105.1,105.25,743.0
2019-04-09 11:00:00,NSE:MSTCLTD,105.2,106.0,105.05,105.1,1159.0
2019-04-09 12:00:00,NSE:MSTCLTD,105.2,107.0,105.15,106.05,1289.0
2019-04-09 13:00:00,NSE:MSTCLTD,106.95,109.0,106.05,107.55,9076.0
2019-04-09 14:00:00,NSE:MSTCLTD,107.55,108.0,107.5,108.0,1885.0
2019-04-09 15:00:00,NSE:MSTCLTD,108.0,109.1,107.6,107.6,5889.0
2019-04-10 09:00:00,NSE:MSTCLTD,107.0,113.9,107.0,113.9,20655.0
2019-04-10 10:00:00,NSE:MSTCLTD,113.9,113.9,113.9,113.9,17557.0
2019-04-10 11:00:00,NSE:MSTCLTD,113.9,113.9,112.0,112.0,9544.0
2019-04-10 12:00:00,NSE:MSTCLTD,112.0,113.5,112.0,112.05,7300.0
2019-04-10 13:00:00,NSE:MSTCLTD,112.05,113.5,112.05,112.05,7231.0
2019-04-10 14:00:00,NSE:MSTCLTD,112.05,113.9,112.05,112.7,15067.0
2019-04-10 15:00:00,NSE:MSTCLTD,112.7,113.9,112.5,113.9,9701.0
2019-04-11 09:00:00,NSE:MSTCLTD,115.4,116.0,112.0,112.2,10053.0
2019-04-11 10:00:00,NSE:MSTCLTD,112.1,112.1,110.5,112.0,2937.0
2019-04-11 11:00:00,NSE:MSTCLTD,111.5,112.0,110.85,112.0,538.0
2019-04-11 12:00:00,NSE:MSTCLTD,111.0,112.0,110.8,112.0,1016.0
2019-04-11 13:00:00,NSE:MSTCLTD,112.0,112.45,111.0,112.0,437.0
2019-04-11 14:00:00,NSE:MSTCLTD,112.45,112.45,110.95,110.95,3219.0
2019-04-11 15:00:00,NSE:MSTCLTD,110.95,111.9,110.95,111.0,1083.0
2019-04-12 09:00:00,NSE:MSTCLTD,114.6,120.5,113.05,114.2,173425.0
2019-04-12 10:00:00,NSE:MSTCLTD,114.0,114.4,112.75,113.0,31172.0
2019-04-12 11:00:00,NSE:MSTCLTD,113.0,113.25,112.0,113.15,18142.0
2019-04-12 12:00:00,NSE:MSTCLTD,113.2,113.8,112.85,113.35,13139.0
2019-04-12 13:00:00,NSE:MSTCLTD,113.15,113.4,111.8,112.15,15558.0
2019-04-12 14:00:00,NSE:MSTCLTD,112.1,113.05,111.8,112.15,16970.0
2019-04-12 15:00:00,NSE:MSTCLTD,112.1,112.95,111.5,112.1,28478.0
2019-04-15 09:00:00,NSE:MSTCLTD,113.75,113.75,110.7,111.2,14761.0
2019-04-15 10:00:00,NSE:MSTCLTD,111.0,111.75,110.15,110.5,10309.0
2019-04-15 11:00:00,NSE:MSTCLTD,110.8,111.15,110.3,110.3,2636.0
2019-04-15 12:00:00,NSE:MSTCLTD,110.5,110.9,110.2,110.75,4143.0
2019-04-15 13:00:00,NSE:MSTCLTD,110.75,112.25,110.4,111.55,21991.0
2019-04-15 14:00:00,NSE:MSTCLTD,111.05,111.55,110.6,110.7,6763.0
2019-04-15 15:00:00,NSE:MSTCLTD,110.7,110.85,109.5,110.15,14451.0
2019-04-16 09:00:00,NSE:MSTCLTD,110.35,111.8,109.55,109.55,18444.0
2019-04-16 10:00:00,NSE:MSTCLTD,109.55,110.35,108.6,108.9,13532.0
2019-04-16 11:00:00,NSE:MSTCLTD,108.9,109.5,108.7,108.75,4744.0
2019-04-16 12:00:00,NSE:MSTCLTD,108.75,109.3,108.7,108.7,3288.0
2019-04-16 13:00:00,NSE:MSTCLTD,109.0,109.5,108.0,108.35,8412.0
2019-04-16 14:00:00,NSE:MSTCLTD,108.8,109.2,108.0,108.5,10038.0
2019-04-16 15:00:00,NSE:MSTCLTD,108.55,108.65,108.0,108.15,8336.0
2019-04-18 09:00:00,NSE:MSTCLTD,108.0,109.7,105.1,106.5,8750.0
2019-04-18 10:00:00,NSE:MSTCLTD,105.6,106.4,105.0,105.75,2861.0
2019-04-18 11:00:00,NSE:MSTCLTD,105.5,106.4,105.5,106.4,2293.0
2019-04-18 12:00:00,NSE:MSTCLTD,106.3,106.65,106.1,106.5,979.0
2019-04-18 13:00:00,NSE:MSTCLTD,106.5,106.55,106.1,106.55,2775.0
2019-04-18 14:00:00,NSE:MSTCLTD,106.5,107.6,106.1,106.1,3464.0
2019-04-18 15:00:00,NSE:MSTCLTD,106.15,106.8,105.5,105.95,7069.0
2019-04-22 09:00:00,NSE:MSTCLTD,105.0,105.65,104.1,104.35,2583.0
2019-04-22 10:00:00,NSE:MSTCLTD,104.35,104.45,103.8,104.4,4001.0
2019-04-22 11:00:00,NSE:MSTCLTD,104.1,104.9,104.0,104.5,2742.0
2019-04-22 12:00:00,NSE:MSTCLTD,104.6,104.85,104.4,104.5,1089.0
2019-04-22 13:00:00,NSE:MSTCLTD,104.65,104.65,103.35,104.0,5569.0
2019-04-22 14:00:00,NSE:MSTCLTD,104.0,104.05,104.0,104.05,3521.0
2019-04-22 15:00:00,NSE:MSTCLTD,104.35,104.35,103.0,103.85,5725.0
2019-04-23 09:00:00,NSE:MSTCLTD,103.85,104.3,103.35,103.35,2854.0
2019-04-23 10:00:00,NSE:MSTCLTD,103.35,103.35,102.0,102.4,6136.0
2019-04-23 11:00:00,NSE:MSTCLTD,102.85,102.9,102.5,102.9,724.0
2019-04-23 12:00:00,NSE:MSTCLTD,102.9,102.95,102.15,102.15,1752.0
2019-04-23 13:00:00,NSE:MSTCLTD,102.7,103.6,102.45,103.0,1480.0
2019-04-23 14:00:00,NSE:MSTCLTD,103.05,103.3,102.7,102.7,1610.0
2019-04-23 15:00:00,NSE:MSTCLTD,102.7,103.0,102.5,102.5,2603.0
2019-04-24 09:00:00,NSE:MSTCLTD,103.0,104.1,102.1,103.7,2326.0
2019-04-24 10:00:00,NSE:MSTCLTD,103.25,103.6,102.0,102.5,3170.0
2019-04-24 11:00:00,NSE:MSTCLTD,102.1,102.85,102.05,102.5,2076.0
2019-04-24 12:00:00,NSE:MSTCLTD,102.5,102.75,102.05,102.1,1344.0
2019-04-24 13:00:00,NSE:MSTCLTD,102.25,102.6,102.1,102.45,944.0
2019-04-24 14:00:00,NSE:MSTCLTD,102.2,102.6,102.05,102.6,2161.0
2019-04-24 15:00:00,NSE:MSTCLTD,102.45,102.55,102.1,102.35,4464.0
2019-04-25 09:00:00,NSE:MSTCLTD,103.8,103.8,102.5,102.55,1162.0
2019-04-25 10:00:00,NSE:MSTCLTD,102.55,102.8,101.0,101.65,4872.0
2019-04-25 11:00:00,NSE:MSTCLTD,101.9,102.25,101.0,101.8,1929.0
2019-04-25 12:00:00,NSE:MSTCLTD,101.8,102.6,101.5,101.5,1461.0
2019-04-25 13:00:00,NSE:MSTCLTD,101.4,102.0,101.1,101.75,1765.0
2019-04-25 14:00:00,NSE:MSTCLTD,101.6,102.0,101.0,101.05,2255.0
2019-04-25 15:00:00,NSE:MSTCLTD,101.05,101.4,100.5,101.0,6863.0
2019-04-26 09:00:00,NSE:MSTCLTD,101.0,113.5,101.0,105.3,88375.0
2019-04-26 10:00:00,NSE:MSTCLTD,106.85,108.5,106.5,107.1,11080.0
2019-04-26 11:00:00,NSE:MSTCLTD,107.1,107.1,106.15,106.75,5327.0
2019-04-26 12:00:00,NSE:MSTCLTD,106.75,106.85,105.55,106.2,4481.0
2019-04-26 13:00:00,NSE:MSTCLTD,105.9,106.25,105.1,105.5,3884.0
2019-04-26 14:00:00,NSE:MSTCLTD,105.5,106.45,105.1,105.95,5027.0
2019-04-26 15:00:00,NSE:MSTCLTD,105.95,106.6,105.25,106.0,13627.0
2019-04-30 09:00:00,NSE:MSTCLTD,109.25,109.25,97.95,102.7,34431.0
2019-04-30 10:00:00,NSE:MSTCLTD,102.9,103.35,102.0,102.15,10268.0
2019-04-30 11:00:00,NSE:MSTCLTD,102.9,106.8,102.9,106.0,17369.0
2019-04-30 12:00:00,NSE:MSTCLTD,106.0,107.0,106.0,106.35,5540.0
2019-04-30 13:00:00,NSE:MSTCLTD,106.0,106.05,104.45,106.05,3071.0
2019-04-30 14:00:00,NSE:MSTCLTD,105.2,106.05,104.15,104.15,2232.0
2019-04-30 15:00:00,NSE:MSTCLTD,104.5,108.0,104.45,106.05,9471.0
2019-05-02 09:00:00,NSE:MSTCLTD,104.0,106.1,104.0,105.0,14953.0
2019-05-02 10:00:00,NSE:MSTCLTD,105.0,106.2,104.15,105.85,4577.0
2019-05-02 11:00:00,NSE:MSTCLTD,105.45,105.45,104.65,104.8,1224.0
2019-05-02 12:00:00,NSE:MSTCLTD,105.0,105.0,105.0,105.0,1269.0
2019-05-02 13:00:00,NSE:MSTCLTD,105.0,105.05,104.25,105.0,3634.0
2019-05-02 14:00:00,NSE:MSTCLTD,105.0,105.05,105.0,105.0,3610.0
2019-05-02 15:00:00,NSE:MSTCLTD,105.05,105.5,104.3,105.1,6403.0
2019-05-03 09:00:00,NSE:MSTCLTD,102.55,105.25,102.55,103.5,1364.0
2019-05-03 10:00:00,NSE:MSTCLTD,103.95,105.45,103.1,103.2,2294.0
2019-05-03 11:00:00,NSE:MSTCLTD,103.5,104.0,103.5,103.75,313.0
2019-05-03 12:00:00,NSE:MSTCLTD,103.75,104.1,103.75,104.1,732.0
2019-05-03 13:00:00,NSE:MSTCLTD,103.9,104.1,103.8,104.05,352.0
2019-05-03 14:00:00,NSE:MSTCLTD,104.05,104.2,103.8,104.0,1216.0
2019-05-03 15:00:00,NSE:MSTCLTD,103.75,105.65,103.6,103.95,3007.0
2019-05-06 09:00:00,NSE:MSTCLTD,103.0,103.0,100.95,102.3,1996.0
2019-05-06 10:00:00,NSE:MSTCLTD,103.2,105.0,103.2,103.5,1685.0
2019-05-06 11:00:00,NSE:MSTCLTD,103.55,103.55,102.6,103.0,1716.0
2019-05-06 12:00:00,NSE:MSTCLTD,103.5,105.75,103.05,104.65,2660.0
2019-05-06 13:00:00,NSE:MSTCLTD,104.65,104.65,104.0,104.0,1190.0
2019-05-06 14:00:00,NSE:MSTCLTD,104.0,104.2,104.0,104.1,1111.0
2019-05-06 15:00:00,NSE:MSTCLTD,104.1,104.8,103.25,104.0,2600.0
2019-05-07 09:00:00,NSE:MSTCLTD,102.0,104.5,102.0,103.75,838.0
2019-05-07 10:00:00,NSE:MSTCLTD,103.75,106.0,103.5,103.8,2547.0
2019-05-07 11:00:00,NSE:MSTCLTD,103.8,104.5,103.8,104.5,97.0
2019-05-07 12:00:00,NSE:MSTCLTD,104.0,104.55,103.85,104.5,894.0
2019-05-07 13:00:00,NSE:MSTCLTD,104.1,104.4,103.5,103.55,743.0
2019-05-07 14:00:00,NSE:MSTCLTD,103.65,104.0,101.25,102.0,6351.0
2019-05-07 15:00:00,NSE:MSTCLTD,101.4,104.0,100.95,101.95,11108.0
2019-05-08 09:00:00,NSE:MSTCLTD,101.05,103.0,101.05,102.5,1693.0
2019-05-08 10:00:00,NSE:MSTCLTD,102.6,103.1,102.0,102.2,2401.0
2019-05-08 11:00:00,NSE:MSTCLTD,102.7,102.85,102.0,102.55,2952.0
2019-05-08 12:00:00,NSE:MSTCLTD,102.0,102.55,99.0,99.8,13598.0
2019-05-08 13:00:00,NSE:MSTCLTD,99.6,101.1,99.5,100.9,1998.0
2019-05-08 14:00:00,NSE:MSTCLTD,100.8,101.55,100.6,101.35,1152.0
2019-05-08 15:00:00,NSE:MSTCLTD,101.0,101.85,100.0,100.3,5388.0
2019-05-09 09:00:00,NSE:MSTCLTD,103.5,103.5,99.15,100.0,1183.0
2019-05-09 10:00:00,NSE:MSTCLTD,100.0,102.0,100.0,100.7,3489.0
2019-05-09 11:00:00,NSE:MSTCLTD,100.6,101.0,100.4,100.4,1331.0
2019-05-09 12:00:00,NSE:MSTCLTD,100.0,100.8,100.0,100.8,380.0
2019-05-09 13:00:00,NSE:MSTCLTD,100.8,100.8,100.1,100.5,171.0
2019-05-09 14:00:00,NSE:MSTCLTD,100.6,100.8,97.0,99.15,6685.0
2019-05-09 15:00:00,NSE:MSTCLTD,99.35,100.0,97.7,98.8,3311.0
2019-05-10 09:00:00,NSE:MSTCLTD,99.0,101.45,99.0,100.0,1095.0
2019-05-10 10:00:00,NSE:MSTCLTD,99.7,100.0,99.0,99.5,1526.0
2019-05-10 11:00:00,NSE:MSTCLTD,99.2,99.95,99.2,99.9,353.0
2019-05-10 12:00:00,NSE:MSTCLTD,99.8,100.3,99.8,100.0,883.0
2019-05-10 13:00:00,NSE:MSTCLTD,100.0,100.5,100.0,100.0,5058.0
2019-05-10 14:00:00,NSE:MSTCLTD,100.0,100.3,99.05,100.3,3483.0
2019-05-10 15:00:00,NSE:MSTCLTD,100.0,100.5,99.15,100.0,3122.0
2019-05-13 09:00:00,NSE:MSTCLTD,99.2,100.8,99.2,100.25,1032.0
2019-05-13 10:00:00,NSE:MSTCLTD,100.2,101.0,100.0,100.4,4522.0
2019-05-13 11:00:00,NSE:MSTCLTD,100.4,101.9,100.2,100.4,6655.0
2019-05-13 12:00:00,NSE:MSTCLTD,100.4,100.45,100.4,100.4,1113.0
2019-05-13 13:00:00,NSE:MSTCLTD,100.4,100.45,100.4,100.4,776.0
2019-05-13 14:00:00,NSE:MSTCLTD,100.4,100.45,100.4,100.4,2103.0
2019-05-13 15:00:00,NSE:MSTCLTD,100.45,100.85,100.4,100.45,5057.0
2019-05-14 09:00:00,NSE:MSTCLTD,99.0,100.5,99.0,100.5,905.0
2019-05-14 10:00:00,NSE:MSTCLTD,100.0,100.0,99.4,100.0,490.0
2019-05-14 11:00:00,NSE:MSTCLTD,100.0,100.0,99.05,100.0,1328.0
2019-05-14 12:00:00,NSE:MSTCLTD,100.25,100.25,99.05,99.25,733.0
2019-05-14 13:00:00,NSE:MSTCLTD,99.3,100.25,99.15,99.15,680.0
2019-05-14 14:00:00,NSE:MSTCLTD,99.25,101.45,99.2,99.6,4801.0
2019-05-14 15:00:00,NSE:MSTCLTD,99.65,99.65,99.2,99.2,438.0
2019-05-15 09:00:00,NSE:MSTCLTD,100.95,104.85,99.85,102.45,6687.0
2019-05-15 10:00:00,NSE:MSTCLTD,102.5,102.8,101.5,102.65,1883.0
2019-05-15 11:00:00,NSE:MSTCLTD,102.6,102.6,101.55,101.55,314.0
2019-05-15 12:00:00,NSE:MSTCLTD,101.85,101.85,100.35,101.5,765.0
2019-05-15 13:00:00,NSE:MSTCLTD,100.8,100.8,100.15,100.15,443.0
2019-05-15 14:00:00,NSE:MSTCLTD,100.55,100.55,100.0,100.0,2318.0
2019-05-15 15:00:00,NSE:MSTCLTD,100.0,101.25,99.1,99.55,7172.0
2019-05-16 09:00:00,NSE:MSTCLTD,100.05,100.05,99.6,100.0,677.0
2019-05-16 10:00:00,NSE:MSTCLTD,99.8,100.05,99.5,100.05,687.0
2019-05-16 11:00:00,NSE:MSTCLTD,100.0,100.0,99.75,99.75,108.0
2019-05-16 12:00:00,NSE:MSTCLTD,99.95,100.3,99.3,99.3,733.0
2019-05-16 13:00:00,NSE:MSTCLTD,99.3,100.15,99.3,99.3,801.0
2019-05-16 14:00:00,NSE:MSTCLTD,99.75,100.15,99.0,99.1,1410.0
2019-05-16 15:00:00,NSE:MSTCLTD,99.35,99.9,98.0,99.9,1098.0
2019-05-17 09:00:00,NSE:MSTCLTD,96.0,101.0,96.0,99.05,2505.0
2019-05-17 10:00:00,NSE:MSTCLTD,99.1,99.5,99.1,99.45,355.0
2019-05-17 11:00:00,NSE:MSTCLTD,99.45,99.5,99.45,99.5,507.0
2019-05-17 12:00:00,NSE:MSTCLTD,99.4,99.6,98.9,99.6,6199.0
2019-05-17 13:00:00,NSE:MSTCLTD,99.6,99.7,99.4,99.7,725.0
2019-05-17 14:00:00,NSE:MSTCLTD,99.65,99.75,98.7,98.7,4360.0
2019-05-17 15:00:00,NSE:MSTCLTD,98.7,99.95,97.25,98.55,4940.0
2019-05-20 09:00:00,NSE:MSTCLTD,99.1,101.45,99.0,100.3,5004.0
2019-05-20 10:00:00,NSE:MSTCLTD,100.3,101.0,99.1,99.9,2203.0
2019-05-20 11:00:00,NSE:MSTCLTD,99.5,100.8,99.5,100.05,1900.0
2019-05-20 12:00:00,NSE:MSTCLTD,100.3,101.0,100.0,100.6,1055.0
2019-05-20 13:00:00,NSE:MSTCLTD,100.6,101.4,100.3,100.55,3168.0
2019-05-20 14:00:00,NSE:MSTCLTD,100.25,100.95,99.7,99.95,1757.0
2019-05-20 15:00:00,NSE:MSTCLTD,99.85,101.4,99.8,101.4,2302.0
2019-05-21 09:00:00,NSE:MSTCLTD,99.1,100.0,99.0,99.05,2072.0
2019-05-21 10:00:00,NSE:MSTCLTD,99.1,99.4,98.5,98.55,1101.0
2019-05-21 11:00:00,NSE:MSTCLTD,98.6,99.55,98.6,99.25,841.0
2019-05-21 12:00:00,NSE:MSTCLTD,99.0,99.0,98.5,98.8,2295.0
2019-05-21 13:00:00,NSE:MSTCLTD,98.5,98.65,98.45,98.65,1182.0
2019-05-21 14:00:00,NSE:MSTCLTD,98.75,99.05,98.15,99.0,2551.0
2019-05-21 15:00:00,NSE:MSTCLTD,99.0,99.0,98.2,98.65,765.0
2019-05-22 09:00:00,NSE:MSTCLTD,99.9,99.9,98.1,98.4,870.0
2019-05-22 10:00:00,NSE:MSTCLTD,98.4,98.5,98.0,98.1,481.0
2019-05-22 11:00:00,NSE:MSTCLTD,98.05,98.5,98.0,98.5,451.0
2019-05-22 12:00:00,NSE:MSTCLTD,98.5,98.5,98.2,98.2,579.0
2019-05-22 13:00:00,NSE:MSTCLTD,98.5,98.5,97.95,98.0,3324.0
2019-05-22 14:00:00,NSE:MSTCLTD,98.0,98.3,97.55,98.0,1796.0
2019-05-22 15:00:00,NSE:MSTCLTD,97.85,98.5,97.45,98.0,4165.0
2019-05-23 09:00:00,NSE:MSTCLTD,99.0,100.85,99.0,99.15,3496.0
2019-05-23 10:00:00,NSE:MSTCLTD,99.15,99.55,99.0,99.35,1600.0
2019-05-23 11:00:00,NSE:MSTCLTD,99.35,99.35,97.95,98.35,1317.0
2019-05-23 12:00:00,NSE:MSTCLTD,98.35,98.35,97.5,97.5,560.0
2019-05-23 13:00:00,NSE:MSTCLTD,98.4,98.95,98.0,98.25,512.0
2019-05-23 14:00:00,NSE:MSTCLTD,98.1,98.1,97.0,97.0,3993.0
2019-05-23 15:00:00,NSE:MSTCLTD,97.0,97.75,96.5,96.9,1397.0
2019-05-24 09:00:00,NSE:MSTCLTD,98.35,98.8,95.1,98.0,6015.0
2019-05-24 10:00:00,NSE:MSTCLTD,98.0,98.0,96.05,96.1,2393.0
2019-05-24 11:00:00,NSE:MSTCLTD,96.15,96.5,95.75,96.5,1215.0
2019-05-24 12:00:00,NSE:MSTCLTD,96.5,98.0,96.4,98.0,5283.0
2019-05-24 13:00:00,NSE:MSTCLTD,97.95,100.85,97.05,98.35,7900.0
2019-05-24 14:00:00,NSE:MSTCLTD,99.0,99.55,98.65,98.7,2222.0
2019-05-24 15:00:00,NSE:MSTCLTD,98.7,99.9,98.6,99.1,2769.0
2019-05-27 09:00:00,NSE:MSTCLTD,98.9,100.5,98.9,99.65,2369.0
2019-05-27 10:00:00,NSE:MSTCLTD,99.65,100.5,99.65,100.4,2762.0
2019-05-27 11:00:00,NSE:MSTCLTD,100.4,102.5,100.4,101.5,10453.0
2019-05-27 12:00:00,NSE:MSTCLTD,102.25,104.3,102.2,102.4,15655.0
2019-05-27 13:00:00,NSE:MSTCLTD,102.4,102.45,101.1,101.15,3075.0
2019-05-27 14:00:00,NSE:MSTCLTD,102.0,102.4,101.3,101.35,1517.0
2019-05-27 15:00:00,NSE:MSTCLTD,101.35,102.0,101.35,101.65,6832.0
2019-05-28 09:00:00,NSE:MSTCLTD,101.0,104.8,101.0,103.75,7713.0
2019-05-28 10:00:00,NSE:MSTCLTD,103.8,104.7,103.2,104.6,2875.0
2019-05-28 11:00:00,NSE:MSTCLTD,104.6,104.95,103.55,103.8,3543.0
2019-05-28 12:00:00,NSE:MSTCLTD,103.55,104.9,103.55,103.9,1805.0
2019-05-28 13:00:00,NSE:MSTCLTD,104.0,104.0,103.4,103.5,2191.0
2019-05-28 14:00:00,NSE:MSTCLTD,103.5,104.0,103.0,103.65,6891.0
2019-05-28 15:00:00,NSE:MSTCLTD,103.7,104.5,103.5,103.7,1863.0
2019-05-29 09:00:00,NSE:MSTCLTD,103.0,104.0,101.2,102.0,3540.0
2019-05-29 10:00:00,NSE:MSTCLTD,102.0,103.05,102.0,102.0,3640.0
2019-05-29 11:00:00,NSE:MSTCLTD,101.6,102.05,101.0,102.05,3831.0
2019-05-29 12:00:00,NSE:MSTCLTD,102.25,102.25,101.5,101.5,876.0
2019-05-29 13:00:00,NSE:MSTCLTD,101.5,102.0,101.1,101.85,1030.0
2019-05-29 14:00:00,NSE:MSTCLTD,101.85,102.4,101.0,101.2,1240.0
2019-05-29 15:00:00,NSE:MSTCLTD,101.65,101.95,100.0,100.85,3818.0
2019-05-30 09:00:00,NSE:MSTCLTD,101.0,104.45,101.0,102.1,28089.0
2019-05-30 10:00:00,NSE:MSTCLTD,102.1,102.65,101.85,102.0,3314.0
2019-05-30 11:00:00,NSE:MSTCLTD,102.1,102.2,101.0,101.35,4922.0
2019-05-30 12:00:00,NSE:MSTCLTD,101.1,101.2,100.75,100.8,3287.0
2019-05-30 13:00:00,NSE:MSTCLTD,100.8,101.25,98.75,99.75,9827.0
2019-05-30 14:00:00,NSE:MSTCLTD,99.4,99.9,99.0,99.15,4357.0
2019-05-30 15:00:00,NSE:MSTCLTD,99.2,100.0,98.5,99.15,6576.0
2019-05-31 09:00:00,NSE:MSTCLTD,101.0,101.45,97.95,99.85,7701.0
2019-05-31 10:00:00,NSE:MSTCLTD,101.0,101.0,99.7,100.0,1045.0
2019-05-31 11:00:00,NSE:MSTCLTD,100.0,101.35,99.7,100.0,3359.0
2019-05-31 12:00:00,NSE:MSTCLTD,99.75,100.45,99.7,99.75,1316.0
2019-05-31 13:00:00,NSE:MSTCLTD,100.75,100.75,99.35,99.5,462.0
2019-05-31 14:00:00,NSE:MSTCLTD,99.5,100.0,99.5,99.6,437.0
2019-05-31 15:00:00,NSE:MSTCLTD,99.5,99.5,98.1,98.85,6195.0
2019-06-03 09:00:00,NSE:MSTCLTD,98.1,98.1,97.1,97.8,1738.0
2019-06-03 10:00:00,NSE:MSTCLTD,97.95,98.0,97.6,97.7,976.0
2019-06-03 11:00:00,NSE:MSTCLTD,97.7,97.75,97.2,97.75,2423.0
2019-06-03 12:00:00,NSE:MSTCLTD,97.75,97.8,97.1,97.4,1982.0
2019-06-03 13:00:00,NSE:MSTCLTD,97.45,97.65,97.3,97.35,1697.0
2019-06-03 14:00:00,NSE:MSTCLTD,97.35,97.75,97.15,97.7,2908.0
2019-06-03 15:00:00,NSE:MSTCLTD,97.0,98.5,96.9,98.0,10286.0
2019-06-04 09:00:00,NSE:MSTCLTD,97.8,97.85,97.5,97.5,1410.0
2019-06-04 10:00:00,NSE:MSTCLTD,97.5,98.25,97.5,97.85,2596.0
2019-06-04 11:00:00,NSE:MSTCLTD,98.05,98.05,97.5,97.65,1855.0
2019-06-04 12:00:00,NSE:MSTCLTD,98.0,98.0,97.1,97.25,1142.0
2019-06-04 13:00:00,NSE:MSTCLTD,97.5,97.8,97.5,97.7,526.0
2019-06-04 14:00:00,NSE:MSTCLTD,97.9,98.1,97.5,97.55,1784.0
2019-06-04 15:00:00,NSE:MSTCLTD,97.5,97.75,97.2,97.25,1893.0
2019-06-06 09:00:00,NSE:MSTCLTD,96.6,97.25,96.05,96.3,1950.0
2019-06-06 10:00:00,NSE:MSTCLTD,96.15,96.4,95.5,96.4,2189.0
2019-06-06 11:00:00,NSE:MSTCLTD,96.35,97.15,96.1,97.0,1645.0
2019-06-06 12:00:00,NSE:MSTCLTD,96.5,97.05,96.15,97.0,1852.0
2019-06-06 13:00:00,NSE:MSTCLTD,97.0,97.05,95.5,97.0,5946.0
2019-06-06 14:00:00,NSE:MSTCLTD,96.3,97.0,96.0,96.8,4529.0
2019-06-06 15:00:00,NSE:MSTCLTD,96.75,96.75,95.5,95.9,1776.0
2019-06-07 09:00:00,NSE:MSTCLTD,96.7,97.95,95.6,96.75,3410.0
2019-06-07 10:00:00,NSE:MSTCLTD,96.7,99.05,96.7,97.95,7857.0
2019-06-07 11:00:00,NSE:MSTCLTD,98.25,98.45,97.25,97.35,435.0
2019-06-07 12:00:00,NSE:MSTCLTD,97.5,98.0,97.35,98.0,324.0
2019-06-07 13:00:00,NSE:MSTCLTD,98.0,98.0,97.25,97.35,1303.0
2019-06-07 14:00:00,NSE:MSTCLTD,96.9,97.4,96.9,97.1,596.0
2019-06-07 15:00:00,NSE:MSTCLTD,97.1,97.1,95.95,96.65,2055.0
2019-06-10 09:00:00,NSE:MSTCLTD,96.9,97.35,96.1,96.2,1795.0
2019-06-10 10:00:00,NSE:MSTCLTD,96.25,96.85,95.9,96.4,1276.0
2019-06-10 11:00:00,NSE:MSTCLTD,96.6,96.85,96.4,96.45,1191.0
2019-06-10 12:00:00,NSE:MSTCLTD,96.65,96.7,96.0,96.0,706.0
2019-06-10 13:00:00,NSE:MSTCLTD,96.2,96.2,96.0,96.2,380.0
2019-06-10 14:00:00,NSE:MSTCLTD,96.2,96.2,95.0,95.25,3297.0
2019-06-10 15:00:00,NSE:MSTCLTD,95.35,95.8,95.0,95.05,1973.0
2019-06-11 09:00:00,NSE:MSTCLTD,96.0,96.05,95.15,95.6,982.0
2019-06-11 10:00:00,NSE:MSTCLTD,96.0,96.25,95.0,96.25,4523.0
2019-06-11 11:00:00,NSE:MSTCLTD,96.25,96.3,95.2,95.5,1045.0
2019-06-11 12:00:00,NSE:MSTCLTD,95.5,95.9,95.4,95.4,472.0
2019-06-11 13:00:00,NSE:MSTCLTD,95.2,96.1,95.0,95.4,3075.0
2019-06-11 14:00:00,NSE:MSTCLTD,95.55,95.55,95.0,95.4,791.0
2019-06-11 15:00:00,NSE:MSTCLTD,95.4,95.4,95.0,95.05,574.0
2019-06-12 09:00:00,NSE:MSTCLTD,95.95,95.95,95.1,95.5,265.0
2019-06-12 10:00:00,NSE:MSTCLTD,95.65,97.35,95.15,96.1,1465.0
2019-06-12 11:00:00,NSE:MSTCLTD,96.1,96.1,95.75,95.75,1535.0
2019-06-12 12:00:00,NSE:MSTCLTD,95.6,95.65,95.25,95.6,635.0
2019-06-12 13:00:00,NSE:MSTCLTD,95.1,95.6,95.1,95.2,236.0
2019-06-12 14:00:00,NSE:MSTCLTD,95.5,95.5,94.05,94.1,4199.0
2019-06-12 15:00:00,NSE:MSTCLTD,95.0,95.0,94.0,94.2,2725.0
2019-06-13 09:00:00,NSE:MSTCLTD,94.45,94.45,93.1,93.3,1172.0
2019-06-13 10:00:00,NSE:MSTCLTD,93.25,93.5,92.1,92.2,3571.0
2019-06-13 11:00:00,NSE:MSTCLTD,92.2,92.85,92.0,92.85,692.0
2019-06-13 12:00:00,NSE:MSTCLTD,92.25,93.5,92.05,93.5,1427.0
2019-06-13 13:00:00,NSE:MSTCLTD,93.45,93.7,92.5,92.9,326.0
2019-06-13 14:00:00,NSE:MSTCLTD,94.0,94.1,92.6,94.05,4383.0
2019-06-13 15:00:00,NSE:MSTCLTD,94.0,94.0,92.4,94.0,2206.0
2019-06-14 09:00:00,NSE:MSTCLTD,95.35,95.35,93.0,93.0,2170.0
2019-06-14 10:00:00,NSE:MSTCLTD,93.05,93.3,92.7,92.7,671.0
2019-06-14 11:00:00,NSE:MSTCLTD,92.85,93.05,92.45,93.05,543.0
2019-06-14 12:00:00,NSE:MSTCLTD,93.05,93.1,92.5,92.5,2357.0
2019-06-14 13:00:00,NSE:MSTCLTD,92.5,92.75,92.5,92.75,682.0
2019-06-14 14:00:00,NSE:MSTCLTD,92.6,92.7,92.55,92.7,355.0
2019-06-14 15:00:00,NSE:MSTCLTD,92.7,92.9,92.05,92.15,878.0
2019-06-17 09:00:00,NSE:MSTCLTD,93.05,94.75,92.0,92.1,1802.0
2019-06-17 10:00:00,NSE:MSTCLTD,92.0,92.0,90.6,91.0,4339.0
2019-06-17 11:00:00,NSE:MSTCLTD,91.0,91.6,91.0,91.0,1194.0
2019-06-17 12:00:00,NSE:MSTCLTD,91.05,91.5,91.0,91.5,254.0
2019-06-17 13:00:00,NSE:MSTCLTD,91.4,91.4,91.0,91.0,615.0
2019-06-17 14:00:00,NSE:MSTCLTD,91.75,91.95,91.5,91.5,495.0
2019-06-17 15:00:00,NSE:MSTCLTD,91.1,91.95,90.9,91.15,2305.0
2019-06-18 09:00:00,NSE:MSTCLTD,91.25,92.1,91.25,91.4,211.0
2019-06-18 10:00:00,NSE:MSTCLTD,91.7,92.0,91.3,91.95,755.0
2019-06-18 11:00:00,NSE:MSTCLTD,91.95,91.95,91.2,91.3,3962.0
2019-06-18 12:00:00,NSE:MSTCLTD,91.3,91.7,91.15,91.35,609.0
2019-06-18 13:00:00,NSE:MSTCLTD,91.25,91.95,91.15,91.85,431.0
2019-06-18 14:00:00,NSE:MSTCLTD,91.5,91.5,90.25,90.25,1100.0
2019-06-18 15:00:00,NSE:MSTCLTD,90.45,90.5,90.05,90.15,3238.0
2019-06-19 09:00:00,NSE:MSTCLTD,90.3,90.7,90.3,90.65,393.0
2019-06-19 10:00:00,NSE:MSTCLTD,90.65,90.7,90.25,90.25,1025.0
2019-06-19 11:00:00,NSE:MSTCLTD,90.25,90.25,88.2,88.6,4541.0
2019-06-19 12:00:00,NSE:MSTCLTD,88.45,88.7,88.2,88.5,1287.0
2019-06-19 13:00:00,NSE:MSTCLTD,88.95,89.7,88.95,89.0,1562.0
2019-06-19 14:00:00,NSE:MSTCLTD,89.15,90.0,88.5,89.5,2997.0
2019-06-19 15:00:00,NSE:MSTCLTD,89.1,89.5,88.35,88.55,3552.0
2019-06-20 09:00:00,NSE:MSTCLTD,87.25,89.45,87.0,89.25,1148.0
2019-06-20 10:00:00,NSE:MSTCLTD,88.95,89.0,88.1,88.1,520.0
2019-06-20 11:00:00,NSE:MSTCLTD,88.95,88.95,88.15,88.55,228.0
2019-06-20 12:00:00,NSE:MSTCLTD,88.6,88.6,87.5,88.2,1487.0
2019-06-20 13:00:00,NSE:MSTCLTD,88.2,89.0,88.0,88.1,700.0
2019-06-20 14:00:00,NSE:MSTCLTD,87.55,88.05,85.1,87.1,12977.0
2019-06-20 15:00:00,NSE:MSTCLTD,87.1,87.15,85.75,86.1,3608.0
2019-06-21 09:00:00,NSE:MSTCLTD,87.0,87.95,86.2,87.35,4486.0
2019-06-21 10:00:00,NSE:MSTCLTD,87.35,87.35,86.65,87.0,540.0
2019-06-21 11:00:00,NSE:MSTCLTD,87.0,87.25,86.65,87.25,305.0
2019-06-21 12:00:00,NSE:MSTCLTD,87.0,87.8,86.65,86.95,2937.0
2019-06-21 13:00:00,NSE:MSTCLTD,86.95,87.75,86.65,86.8,780.0
2019-06-21 14:00:00,NSE:MSTCLTD,86.65,87.35,86.65,87.0,594.0
2019-06-21 15:00:00,NSE:MSTCLTD,87.0,87.2,86.35,86.75,1538.0
2019-06-24 09:00:00,NSE:MSTCLTD,87.2,89.3,86.1,87.75,6563.0
2019-06-24 10:00:00,NSE:MSTCLTD,86.45,88.0,86.45,87.4,3752.0
2019-06-24 11:00:00,NSE:MSTCLTD,87.45,87.75,86.8,87.2,1268.0
2019-06-24 12:00:00,NSE:MSTCLTD,87.5,87.5,86.3,86.55,1138.0
2019-06-24 13:00:00,NSE:MSTCLTD,86.6,87.9,86.3,87.5,1294.0
2019-06-24 14:00:00,NSE:MSTCLTD,87.85,87.85,86.6,87.5,905.0
2019-06-24 15:00:00,NSE:MSTCLTD,87.45,87.5,86.45,87.15,2734.0
2019-06-25 09:00:00,NSE:MSTCLTD,84.2,86.95,84.2,85.6,1696.0
2019-06-25 10:00:00,NSE:MSTCLTD,86.45,86.45,86.0,86.0,311.0
2019-06-25 11:00:00,NSE:MSTCLTD,86.05,86.05,83.2,85.35,7242.0
2019-06-25 12:00:00,NSE:MSTCLTD,85.65,85.65,84.1,84.35,981.0
2019-06-25 13:00:00,NSE:MSTCLTD,84.25,85.3,84.25,85.3,2106.0
2019-06-25 14:00:00,NSE:MSTCLTD,85.0,85.25,84.8,84.8,1400.0
2019-06-25 15:00:00,NSE:MSTCLTD,84.95,85.0,84.25,84.6,1689.0
2019-06-26 09:00:00,NSE:MSTCLTD,83.5,86.7,83.5,85.0,710.0
2019-06-26 10:00:00,NSE:MSTCLTD,84.75,84.9,84.4,84.4,871.0
2019-06-26 11:00:00,NSE:MSTCLTD,84.4,84.65,84.4,84.4,293.0
2019-06-26 12:00:00,NSE:MSTCLTD,84.4,84.8,84.0,84.8,555.0
2019-06-26 13:00:00,NSE:MSTCLTD,85.0,85.25,84.35,84.6,5495.0
2019-06-26 14:00:00,NSE:MSTCLTD,84.6,84.6,84.0,84.45,1050.0
2019-06-26 15:00:00,NSE:MSTCLTD,84.75,84.8,84.4,84.4,887.0
2019-06-27 09:00:00,NSE:MSTCLTD,85.8,89.95,85.8,86.35,10514.0
2019-06-27 10:00:00,NSE:MSTCLTD,86.35,87.5,86.35,86.55,2030.0
2019-06-27 11:00:00,NSE:MSTCLTD,86.65,86.95,86.05,86.05,1734.0
2019-06-27 12:00:00,NSE:MSTCLTD,86.25,86.25,85.15,85.15,1773.0
2019-06-27 13:00:00,NSE:MSTCLTD,85.5,86.3,85.4,85.8,1036.0
2019-06-27 14:00:00,NSE:MSTCLTD,85.7,86.5,85.4,86.5,1593.0
2019-06-27 15:00:00,NSE:MSTCLTD,86.4,87.0,86.05,86.05,2091.0
2019-06-28 09:00:00,NSE:MSTCLTD,84.15,86.4,84.15,85.7,1047.0
2019-06-28 10:00:00,NSE:MSTCLTD,85.9,86.3,85.1,86.3,1102.0
2019-06-28 11:00:00,NSE:MSTCLTD,85.7,86.0,85.7,86.0,417.0
2019-06-28 12:00:00,NSE:MSTCLTD,86.2,86.2,85.75,86.2,219.0
2019-06-28 13:00:00,NSE:MSTCLTD,86.0,86.8,85.7,85.85,1698.0
2019-06-28 14:00:00,NSE:MSTCLTD,85.85,86.0,84.7,85.65,2226.0
2019-06-28 15:00:00,NSE:MSTCLTD,86.0,86.6,85.4,85.4,2453.0
2019-07-01 09:00:00,NSE:MSTCLTD,87.5,87.5,85.1,85.65,496.0
2019-07-01 10:00:00,NSE:MSTCLTD,84.75,87.1,84.35,86.4,3679.0
2019-07-01 11:00:00,NSE:MSTCLTD,86.7,87.95,86.2,87.0,1948.0
2019-07-01 12:00:00,NSE:MSTCLTD,87.0,87.2,86.6,87.15,1268.0
2019-07-01 13:00:00,NSE:MSTCLTD,87.15,87.15,86.8,87.15,285.0
2019-07-01 14:00:00,NSE:MSTCLTD,87.15,87.2,87.0,87.05,924.0
2019-07-01 15:00:00,NSE:MSTCLTD,87.3,87.3,87.0,87.0,1796.0
2019-07-02 09:00:00,NSE:MSTCLTD,86.5,87.0,85.1,87.0,1357.0
2019-07-02 10:00:00,NSE:MSTCLTD,87.0,87.3,86.8,87.05,3411.0
2019-07-02 11:00:00,NSE:MSTCLTD,87.15,88.35,87.15,88.35,1188.0
2019-07-02 12:00:00,NSE:MSTCLTD,88.5,89.9,88.4,88.4,3462.0
2019-07-02 13:00:00,NSE:MSTCLTD,88.0,89.0,88.0,89.0,1074.0
2019-07-02 14:00:00,NSE:MSTCLTD,89.0,93.9,88.05,92.7,8959.0
2019-07-02 15:00:00,NSE:MSTCLTD,92.7,92.7,88.95,90.6,5944.0
2019-07-03 09:00:00,NSE:MSTCLTD,87.15,94.3,87.15,92.2,8144.0
2019-07-03 10:00:00,NSE:MSTCLTD,92.35,93.55,92.0,92.45,3655.0
2019-07-03 11:00:00,NSE:MSTCLTD,92.45,93.75,92.3,92.9,1618.0
2019-07-03 12:00:00,NSE:MSTCLTD,92.8,92.8,92.35,92.35,868.0
2019-07-03 13:00:00,NSE:MSTCLTD,92.35,92.35,92.0,92.0,636.0
2019-07-03 14:00:00,NSE:MSTCLTD,92.0,92.3,92.0,92.2,1766.0
2019-07-03 15:00:00,NSE:MSTCLTD,92.2,92.95,92.0,92.25,1190.0
2019-07-04 09:00:00,NSE:MSTCLTD,91.0,92.65,91.0,92.0,1001.0
2019-07-04 10:00:00,NSE:MSTCLTD,92.4,94.05,92.3,94.0,3102.0
2019-07-04 11:00:00,NSE:MSTCLTD,94.25,94.25,93.5,93.65,488.0
2019-07-04 12:00:00,NSE:MSTCLTD,94.0,94.2,93.7,94.0,1225.0
2019-07-04 13:00:00,NSE:MSTCLTD,94.45,101.95,93.75,100.05,47066.0
2019-07-04 14:00:00,NSE:MSTCLTD,99.8,102.5,99.1,100.15,16595.0
2019-07-04 15:00:00,NSE:MSTCLTD,100.9,101.45,98.15,100.25,19108.0
2019-07-05 09:00:00,NSE:MSTCLTD,100.25,103.65,99.15,100.5,12488.0
2019-07-05 10:00:00,NSE:MSTCLTD,100.5,100.95,100.05,100.5,2360.0
2019-07-05 11:00:00,NSE:MSTCLTD,100.5,100.75,100.0,100.0,3284.0
2019-07-05 12:00:00,NSE:MSTCLTD,100.0,100.1,100.0,100.0,1292.0
2019-07-05 13:00:00,NSE:MSTCLTD,100.0,100.95,100.0,100.4,4172.0
2019-07-05 14:00:00,NSE:MSTCLTD,100.1,100.4,100.0,100.1,5663.0
2019-07-05 15:00:00,NSE:MSTCLTD,100.25,100.95,100.0,100.0,3443.0
2019-07-08 09:00:00,NSE:MSTCLTD,100.25,100.95,95.1,95.15,12328.0
2019-07-08 10:00:00,NSE:MSTCLTD,95.7,98.7,95.55,98.0,10226.0
2019-07-08 11:00:00,NSE:MSTCLTD,98.0,98.4,97.0,98.1,6037.0
2019-07-08 12:00:00,NSE:MSTCLTD,98.05,98.05,97.1,98.0,371.0
2019-07-08 13:00:00,NSE:MSTCLTD,98.0,98.15,97.05,98.0,3065.0
2019-07-08 14:00:00,NSE:MSTCLTD,97.45,98.5,96.65,97.6,7419.0
2019-07-08 15:00:00,NSE:MSTCLTD,97.95,102.2,97.95,99.55,7908.0
2019-07-09 09:00:00,NSE:MSTCLTD,96.35,99.35,96.1,99.0,2783.0
2019-07-09 10:00:00,NSE:MSTCLTD,99.2,99.2,97.9,98.0,2559.0
2019-07-09 11:00:00,NSE:MSTCLTD,98.0,99.0,97.6,99.0,2692.0
2019-07-09 12:00:00,NSE:MSTCLTD,99.0,99.0,98.0,98.05,2109.0
2019-07-09 13:00:00,NSE:MSTCLTD,99.0,99.0,98.25,98.25,1243.0
2019-07-09 14:00:00,NSE:MSTCLTD,98.25,100.0,98.25,99.15,2101.0
2019-07-09 15:00:00,NSE:MSTCLTD,99.5,99.75,98.8,99.2,1054.0
2019-07-10 09:00:00,NSE:MSTCLTD,99.35,99.75,98.1,99.15,1084.0
2019-07-10 10:00:00,NSE:MSTCLTD,98.55,99.05,98.55,98.95,558.0
2019-07-10 11:00:00,NSE:MSTCLTD,99.1,99.3,98.95,98.95,1279.0
2019-07-10 12:00:00,NSE:MSTCLTD,98.95,99.0,98.85,98.85,1763.0
2019-07-10 13:00:00,NSE:MSTCLTD,98.85,98.85,98.85,98.85,370.0
2019-07-10 14:00:00,NSE:MSTCLTD,98.85,100.95,98.85,99.15,2823.0
2019-07-10 15:00:00,NSE:MSTCLTD,99.1,99.65,98.0,99.0,3827.0
2019-07-11 09:00:00,NSE:MSTCLTD,99.15,99.9,99.15,99.5,479.0
2019-07-11 10:00:00,NSE:MSTCLTD,99.8,99.95,98.35,98.6,1926.0
2019-07-11 11:00:00,NSE:MSTCLTD,98.7,99.35,98.15,99.1,5919.0
2019-07-11 12:00:00,NSE:MSTCLTD,98.95,99.0,98.6,98.85,134.0
2019-07-11 13:00:00,NSE:MSTCLTD,98.7,99.05,98.4,99.05,502.0
2019-07-11 14:00:00,NSE:MSTCLTD,99.0,99.2,98.2,98.2,961.0
2019-07-11 15:00:00,NSE:MSTCLTD,99.05,99.05,97.0,98.0,879.0
2019-07-12 09:00:00,NSE:MSTCLTD,97.0,97.1,96.85,97.1,281.0
2019-07-12 10:00:00,NSE:MSTCLTD,97.0,97.8,96.5,97.2,1526.0
2019-07-12 11:00:00,NSE:MSTCLTD,97.5,97.5,95.15,97.0,3711.0
2019-07-12 12:00:00,NSE:MSTCLTD,96.55,96.65,96.55,96.6,185.0
2019-07-12 13:00:00,NSE:MSTCLTD,96.6,96.6,95.5,95.7,867.0
2019-07-12 14:00:00,NSE:MSTCLTD,95.5,96.15,95.3,95.35,817.0
2019-07-12 15:00:00,NSE:MSTCLTD,95.45,98.0,95.45,96.25,3279.0
2019-07-15 09:00:00,NSE:MSTCLTD,101.4,101.4,96.75,100.0,10609.0
2019-07-15 10:00:00,NSE:MSTCLTD,100.0,100.35,98.0,99.05,5712.0
2019-07-15 11:00:00,NSE:MSTCLTD,100.0,100.0,98.5,98.5,1060.0
2019-07-15 12:00:00,NSE:MSTCLTD,98.6,100.05,98.55,99.95,2460.0
2019-07-15 13:00:00,NSE:MSTCLTD,99.95,100.05,99.0,100.0,1547.0
2019-07-15 14:00:00,NSE:MSTCLTD,100.0,100.05,98.7,99.1,4872.0
2019-07-15 15:00:00,NSE:MSTCLTD,99.25,100.25,99.15,99.75,2109.0
2019-07-16 09:00:00,NSE:MSTCLTD,99.3,100.7,99.3,100.5,1065.0
2019-07-16 10:00:00,NSE:MSTCLTD,100.5,100.85,99.45,100.3,3672.0
2019-07-16 11:00:00,NSE:MSTCLTD,99.85,100.35,99.7,100.0,1066.0
2019-07-16 12:00:00,NSE:MSTCLTD,100.0,101.5,99.4,99.8,4787.0
2019-07-16 13:00:00,NSE:MSTCLTD,99.55,100.95,99.0,100.0,5032.0
2019-07-16 14:00:00,NSE:MSTCLTD,100.0,100.25,99.0,99.7,210094.0
2019-07-16 15:00:00,NSE:MSTCLTD,100.0,100.0,97.1,97.5,152782.0
2019-07-17 09:00:00,NSE:MSTCLTD,99.85,100.0,94.55,96.9,371732.0
2019-07-17 10:00:00,NSE:MSTCLTD,96.95,96.95,96.1,96.3,1266.0
2019-07-17 11:00:00,NSE:MSTCLTD,96.3,97.0,96.1,96.5,4735.0
2019-07-17 12:00:00,NSE:MSTCLTD,96.5,96.55,96.3,96.35,2759.0
2019-07-17 13:00:00,NSE:MSTCLTD,96.3,96.65,96.15,96.15,1374.0
2019-07-17 14:00:00,NSE:MSTCLTD,96.2,96.9,96.2,96.9,799.0
2019-07-17 15:00:00,NSE:MSTCLTD,96.9,96.9,95.9,96.0,3228.0
2019-07-18 09:00:00,NSE:MSTCLTD,96.0,96.0,95.55,95.95,131.0
2019-07-18 10:00:00,NSE:MSTCLTD,95.4,96.0,91.55,93.1,67478.0
2019-07-18 11:00:00,NSE:MSTCLTD,93.1,93.35,92.7,93.35,2158.0
2019-07-18 12:00:00,NSE:MSTCLTD,93.35,93.35,92.75,93.35,430.0
2019-07-18 13:00:00,NSE:MSTCLTD,93.35,93.5,93.05,93.5,261.0
2019-07-18 14:00:00,NSE:MSTCLTD,93.5,93.55,93.0,93.45,328.0
2019-07-18 15:00:00,NSE:MSTCLTD,93.4,93.4,93.0,93.0,1463.0
2019-07-19 09:00:00,NSE:MSTCLTD,93.1,93.8,93.1,93.8,499.0
2019-07-19 10:00:00,NSE:MSTCLTD,93.0,93.65,92.4,92.4,1109.0
2019-07-19 11:00:00,NSE:MSTCLTD,93.3,93.4,92.4,93.0,438.0
2019-07-19 12:00:00,NSE:MSTCLTD,92.5,93.35,91.5,93.35,857.0
2019-07-19 13:00:00,NSE:MSTCLTD,91.75,93.4,91.7,93.0,1245.0
2019-07-19 14:00:00,NSE:MSTCLTD,91.7,92.5,91.5,91.5,195.0
2019-07-19 15:00:00,NSE:MSTCLTD,91.55,93.4,91.55,91.6,470.0
2019-07-22 09:00:00,NSE:MSTCLTD,88.65,91.0,88.65,89.5,1223.0
2019-07-22 10:00:00,NSE:MSTCLTD,90.15,90.8,89.55,90.7,286.0
2019-07-22 11:00:00,NSE:MSTCLTD,90.7,90.7,89.6,89.6,307.0
2019-07-22 12:00:00,NSE:MSTCLTD,90.35,90.4,90.05,90.05,112.0
2019-07-22 13:00:00,NSE:MSTCLTD,90.4,90.55,89.8,89.9,534.0
2019-07-22 14:00:00,NSE:MSTCLTD,89.85,90.5,89.8,90.1,556.0
2019-07-22 15:00:00,NSE:MSTCLTD,89.85,90.5,89.6,90.0,9071.0
2019-07-23 09:00:00,NSE:MSTCLTD,88.25,92.0,88.25,92.0,981.0
2019-07-23 10:00:00,NSE:MSTCLTD,92.0,92.3,90.75,92.0,369.0
2019-07-23 11:00:00,NSE:MSTCLTD,91.5,91.5,91.35,91.35,169.0
2019-07-23 12:00:00,NSE:MSTCLTD,91.45,92.5,91.45,92.5,101.0
2019-07-23 13:00:00,NSE:MSTCLTD,92.4,92.4,91.2,91.2,93.0
2019-07-23 14:00:00,NSE:MSTCLTD,91.2,91.2,91.0,91.2,325.0
2019-07-23 15:00:00,NSE:MSTCLTD,91.15,93.9,91.15,91.25,632.0
2019-07-24 09:00:00,NSE:MSTCLTD,91.0,91.4,90.05,90.05,579.0
2019-07-24 10:00:00,NSE:MSTCLTD,90.05,91.15,90.05,90.55,166.0
2019-07-24 11:00:00,NSE:MSTCLTD,90.05,90.05,90.05,90.05,90.0
2019-07-24 12:00:00,NSE:MSTCLTD,90.05,90.7,90.05,90.05,635.0
2019-07-24 13:00:00,NSE:MSTCLTD,90.6,90.6,90.05,90.1,304.0
2019-07-24 14:00:00,NSE:MSTCLTD,90.05,90.05,90.05,90.05,643.0
2019-07-24 15:00:00,NSE:MSTCLTD,90.05,90.2,90.05,90.05,938.0
2019-07-25 09:00:00,NSE:MSTCLTD,88.75,90.0,88.75,89.95,487.0
2019-07-25 10:00:00,NSE:MSTCLTD,89.8,89.8,89.1,89.1,182.0
2019-07-25 11:00:00,NSE:MSTCLTD,89.2,89.2,89.0,89.0,262.0
2019-07-25 12:00:00,NSE:MSTCLTD,89.0,89.85,89.0,89.85,335.0
2019-07-25 13:00:00,NSE:MSTCLTD,89.1,89.1,89.0,89.0,430.0
2019-07-25 14:00:00,NSE:MSTCLTD,89.0,89.0,89.0,89.0,180.0
2019-07-25 15:00:00,NSE:MSTCLTD,89.0,89.95,89.0,89.0,476.0
2019-07-26 09:00:00,NSE:MSTCLTD,89.15,89.15,88.5,88.55,555.0
2019-07-26 10:00:00,NSE:MSTCLTD,88.5,88.55,88.4,88.4,386.0
2019-07-26 11:00:00,NSE:MSTCLTD,88.1,89.15,88.1,89.0,779.0
2019-07-26 12:00:00,NSE:MSTCLTD,89.1,89.15,89.1,89.15,205.0
2019-07-26 13:00:00,NSE:MSTCLTD,89.0,89.1,88.0,88.1,2866.0
2019-07-26 14:00:00,NSE:MSTCLTD,87.25,87.25,87.0,87.0,543.0
2019-07-26 15:00:00,NSE:MSTCLTD,88.05,88.1,87.1,87.55,580.0
2019-07-29 09:00:00,NSE:MSTCLTD,87.0,89.0,87.0,88.5,1182.0
2019-07-29 10:00:00,NSE:MSTCLTD,89.0,89.0,86.9,86.9,1568.0
2019-07-29 11:00:00,NSE:MSTCLTD,86.85,86.85,86.25,86.85,1870.0
2019-07-29 12:00:00,NSE:MSTCLTD,85.65,87.0,85.5,86.9,3006.0
2019-07-29 13:00:00,NSE:MSTCLTD,87.0,87.0,85.5,86.4,740.0
2019-07-29 14:00:00,NSE:MSTCLTD,85.5,86.3,85.5,86.3,322.0
2019-07-29 15:00:00,NSE:MSTCLTD,86.3,87.0,85.6,86.0,1491.0
2019-07-30 09:00:00,NSE:MSTCLTD,85.05,87.85,85.05,86.1,192.0
2019-07-30 10:00:00,NSE:MSTCLTD,87.0,88.5,86.1,87.5,954.0
2019-07-30 11:00:00,NSE:MSTCLTD,88.2,88.45,86.1,86.25,808.0
2019-07-30 12:00:00,NSE:MSTCLTD,86.25,87.45,86.25,86.35,27.0
2019-07-30 13:00:00,NSE:MSTCLTD,87.0,87.75,86.35,86.4,190.0
2019-07-30 14:00:00,NSE:MSTCLTD,87.0,87.45,85.05,85.5,3259.0
2019-07-30 15:00:00,NSE:MSTCLTD,85.05,86.0,85.05,85.1,729.0
2019-07-31 09:00:00,NSE:MSTCLTD,84.6,85.0,83.5,84.1,723.0
2019-07-31 10:00:00,NSE:MSTCLTD,84.9,85.0,84.1,85.0,441.0
2019-07-31 11:00:00,NSE:MSTCLTD,84.9,85.0,84.9,84.9,728.0
2019-07-31 12:00:00,NSE:MSTCLTD,84.9,85.05,84.3,85.0,250.0
2019-07-31 13:00:00,NSE:MSTCLTD,85.05,85.05,84.1,84.9,209.0
2019-07-31 14:00:00,NSE:MSTCLTD,84.9,84.9,83.5,83.75,3483.0
2019-07-31 15:00:00,NSE:MSTCLTD,84.75,84.95,83.55,83.55,702.0
2019-08-01 09:00:00,NSE:MSTCLTD,81.15,83.7,81.15,83.7,592.0
2019-08-01 10:00:00,NSE:MSTCLTD,82.7,83.0,82.7,83.0,242.0
2019-08-01 11:00:00,NSE:MSTCLTD,83.0,84.0,78.2,79.5,11240.0
2019-08-01 12:00:00,NSE:MSTCLTD,80.55,81.15,78.65,79.95,4782.0
2019-08-01 13:00:00,NSE:MSTCLTD,80.0,80.85,79.25,80.1,386.0
2019-08-01 14:00:00,NSE:MSTCLTD,80.6,80.65,79.5,80.25,303.0
2019-08-01 15:00:00,NSE:MSTCLTD,80.25,80.3,79.5,79.9,1072.0
2019-08-02 09:00:00,NSE:MSTCLTD,82.25,82.25,75.8,78.55,3282.0
2019-08-02 10:00:00,NSE:MSTCLTD,79.45,80.1,78.7,79.0,666.0
2019-08-02 11:00:00,NSE:MSTCLTD,79.0,80.5,79.0,79.95,350.0
2019-08-02 12:00:00,NSE:MSTCLTD,80.0,80.55,79.25,80.5,249.0
2019-08-02 13:00:00,NSE:MSTCLTD,81.0,81.5,80.75,81.0,619.0
2019-08-02 14:00:00,NSE:MSTCLTD,81.5,81.5,80.45,80.45,360.0
2019-08-02 15:00:00,NSE:MSTCLTD,81.45,81.45,79.5,80.05,1100.0
2019-08-05 09:00:00,NSE:MSTCLTD,78.0,80.8,78.0,78.5,566.0
2019-08-05 10:00:00,NSE:MSTCLTD,78.95,79.8,78.95,79.05,231.0
2019-08-05 11:00:00,NSE:MSTCLTD,79.9,79.9,79.05,79.05,119.0
2019-08-05 12:00:00,NSE:MSTCLTD,80.0,80.7,79.35,79.35,292.0
2019-08-05 13:00:00,NSE:MSTCLTD,80.7,80.7,79.35,79.55,90.0
2019-08-05 14:00:00,NSE:MSTCLTD,79.75,80.65,79.25,79.4,346.0
2019-08-05 15:00:00,NSE:MSTCLTD,80.65,80.65,79.45,79.45,304.0
2019-08-06 09:00:00,NSE:MSTCLTD,76.0,84.35,76.0,84.35,3329.0
2019-08-06 10:00:00,NSE:MSTCLTD,84.35,84.35,83.0,83.0,1264.0
2019-08-06 11:00:00,NSE:MSTCLTD,83.65,85.0,82.4,85.0,1166.0
2019-08-06 12:00:00,NSE:MSTCLTD,85.0,88.5,85.0,86.9,3500.0
2019-08-06 13:00:00,NSE:MSTCLTD,87.15,88.5,85.3,88.5,1559.0
2019-08-06 14:00:00,NSE:MSTCLTD,87.05,88.4,85.0,85.05,1250.0
2019-08-06 15:00:00,NSE:MSTCLTD,85.5,88.0,83.05,84.55,2187.0
2019-08-07 09:00:00,NSE:MSTCLTD,84.55,84.55,83.4,84.15,124.0
2019-08-07 10:00:00,NSE:MSTCLTD,83.9,86.2,83.5,85.1,1925.0
2019-08-07 11:00:00,NSE:MSTCLTD,85.0,85.0,85.0,85.0,10.0
2019-08-07 12:00:00,NSE:MSTCLTD,85.0,87.0,84.7,86.9,561.0
2019-08-07 13:00:00,NSE:MSTCLTD,87.0,87.0,86.1,86.15,59.0
2019-08-07 14:00:00,NSE:MSTCLTD,85.7,86.1,84.15,86.1,350.0
2019-08-07 15:00:00,NSE:MSTCLTD,85.95,86.15,84.15,84.3,471.0
2019-08-08 09:00:00,NSE:MSTCLTD,84.5,87.5,84.15,85.9,979.0
2019-08-08 10:00:00,NSE:MSTCLTD,87.0,87.5,85.5,85.5,346.0
2019-08-08 11:00:00,NSE:MSTCLTD,85.5,87.0,85.1,87.0,728.0
2019-08-08 12:00:00,NSE:MSTCLTD,86.0,86.2,85.0,86.1,336.0
2019-08-08 13:00:00,NSE:MSTCLTD,85.1,85.45,85.1,85.25,819.0
2019-08-08 14:00:00,NSE:MSTCLTD,85.45,85.45,84.7,85.25,3336.0
2019-08-08 15:00:00,NSE:MSTCLTD,85.25,85.45,84.15,84.9,1767.0
2019-08-09 09:00:00,NSE:MSTCLTD,84.4,87.0,84.4,85.5,490.0
2019-08-09 10:00:00,NSE:MSTCLTD,87.0,89.45,85.5,88.05,6166.0
2019-08-09 11:00:00,NSE:MSTCLTD,88.2,88.6,87.05,87.05,1810.0
2019-08-09 12:00:00,NSE:MSTCLTD,87.05,87.4,86.85,87.05,219.0
2019-08-09 13:00:00,NSE:MSTCLTD,87.05,87.05,86.85,86.85,165.0
2019-08-09 14:00:00,NSE:MSTCLTD,87.05,87.8,86.85,87.0,196.0
2019-08-09 15:00:00,NSE:MSTCLTD,86.85,88.0,86.2,86.2,1481.0
2019-08-13 09:00:00,NSE:MSTCLTD,86.5,88.2,86.0,86.05,235.0
2019-08-13 10:00:00,NSE:MSTCLTD,86.95,87.05,86.1,86.1,189.0
2019-08-13 11:00:00,NSE:MSTCLTD,87.0,87.5,85.55,85.55,160.0
2019-08-13 12:00:00,NSE:MSTCLTD,85.55,86.9,85.5,85.5,340.0
2019-08-13 13:00:00,NSE:MSTCLTD,85.05,86.5,85.05,85.1,77.0
2019-08-13 14:00:00,NSE:MSTCLTD,84.8,84.85,84.8,84.85,113.0
2019-08-13 15:00:00,NSE:MSTCLTD,84.75,86.45,84.0,84.15,1486.0
2019-08-14 09:00:00,NSE:MSTCLTD,84.0,86.0,82.0,83.0,1631.0
2019-08-14 10:00:00,NSE:MSTCLTD,83.95,84.75,82.35,82.7,798.0
2019-08-14 11:00:00,NSE:MSTCLTD,84.55,84.6,82.2,82.5,1706.0
2019-08-14 12:00:00,NSE:MSTCLTD,82.5,82.65,82.1,82.15,346.0
2019-08-14 13:00:00,NSE:MSTCLTD,82.2,83.0,81.25,81.3,4552.0
2019-08-14 14:00:00,NSE:MSTCLTD,81.15,82.5,79.1,80.0,6400.0
2019-08-14 15:00:00,NSE:MSTCLTD,80.5,80.7,79.15,79.25,3235.0
2019-08-16 09:00:00,NSE:MSTCLTD,80.75,80.75,76.8,78.1,1998.0
2019-08-16 10:00:00,NSE:MSTCLTD,77.3,78.95,77.3,78.0,4177.0
2019-08-16 11:00:00,NSE:MSTCLTD,78.0,79.75,78.0,79.75,196.0
2019-08-16 12:00:00,NSE:MSTCLTD,79.7,79.85,77.55,79.2,3809.0
2019-08-16 13:00:00,NSE:MSTCLTD,78.5,79.4,78.0,79.3,288.0
2019-08-16 14:00:00,NSE:MSTCLTD,78.75,79.25,78.0,78.95,147.0
2019-08-16 15:00:00,NSE:MSTCLTD,78.85,79.0,77.5,77.85,536.0
2019-08-19 09:00:00,NSE:MSTCLTD,79.0,79.0,77.05,77.1,980.0
2019-08-19 10:00:00,NSE:MSTCLTD,78.4,80.5,77.1,80.0,2826.0
2019-08-19 11:00:00,NSE:MSTCLTD,80.0,82.75,80.0,80.05,4229.0
2019-08-19 12:00:00,NSE:MSTCLTD,80.05,81.9,80.05,81.55,3105.0
2019-08-19 13:00:00,NSE:MSTCLTD,80.75,81.5,80.1,81.5,159.0
2019-08-19 14:00:00,NSE:MSTCLTD,80.1,81.4,80.0,81.4,201.0
2019-08-19 15:00:00,NSE:MSTCLTD,80.0,81.0,80.0,80.0,2445.0
2019-08-20 09:00:00,NSE:MSTCLTD,79.5,80.95,79.25,80.5,92.0
2019-08-20 10:00:00,NSE:MSTCLTD,80.05,80.75,80.0,80.05,124.0
2019-08-20 11:00:00,NSE:MSTCLTD,80.05,80.6,80.0,80.0,1454.0
2019-08-20 12:00:00,NSE:MSTCLTD,80.0,80.25,79.65,80.0,1420.0
2019-08-20 13:00:00,NSE:MSTCLTD,79.95,79.95,79.95,79.95,18.0
2019-08-20 14:00:00,NSE:MSTCLTD,79.7,79.95,78.7,79.0,1533.0
2019-08-20 15:00:00,NSE:MSTCLTD,80.0,80.05,79.05,80.0,23859.0
2019-08-21 09:00:00,NSE:MSTCLTD,79.5,80.45,79.0,80.1,205.0
2019-08-21 10:00:00,NSE:MSTCLTD,80.1,80.4,79.1,80.0,2958.0
2019-08-21 11:00:00,NSE:MSTCLTD,80.0,80.2,78.6,80.0,1049.0
2019-08-21 12:00:00,NSE:MSTCLTD,80.0,80.0,78.4,79.0,495.0
2019-08-21 13:00:00,NSE:MSTCLTD,78.6,80.0,76.5,76.55,915.0
2019-08-21 14:00:00,NSE:MSTCLTD,77.2,80.0,76.1,80.0,3921.0
2019-08-21 15:00:00,NSE:MSTCLTD,80.0,80.0,77.3,77.6,1292.0
2019-08-22 09:00:00,NSE:MSTCLTD,78.1,80.0,78.1,78.1,599.0
2019-08-22 10:00:00,NSE:MSTCLTD,78.05,78.9,77.1,77.65,3590.0
2019-08-22 11:00:00,NSE:MSTCLTD,77.2,77.9,76.5,77.9,633.0
2019-08-22 12:00:00,NSE:MSTCLTD,76.75,76.75,76.5,76.55,589.0
2019-08-22 13:00:00,NSE:MSTCLTD,77.5,77.5,76.75,76.75,508.0
2019-08-22 14:00:00,NSE:MSTCLTD,77.0,77.25,76.55,76.55,1872.0
2019-08-22 15:00:00,NSE:MSTCLTD,76.55,76.95,76.55,76.55,902.0
2019-08-23 09:00:00,NSE:MSTCLTD,75.55,75.55,73.1,74.65,499.0
2019-08-23 10:00:00,NSE:MSTCLTD,75.0,77.9,75.0,76.0,1474.0
2019-08-23 11:00:00,NSE:MSTCLTD,76.05,76.5,76.0,76.0,106.0
2019-08-23 12:00:00,NSE:MSTCLTD,76.0,76.5,76.0,76.05,233.0
2019-08-23 13:00:00,NSE:MSTCLTD,76.5,78.0,76.05,76.05,250.0
2019-08-23 14:00:00,NSE:MSTCLTD,76.5,78.0,75.05,75.8,1221.0
2019-08-23 15:00:00,NSE:MSTCLTD,75.1,75.8,75.05,75.2,533.0
2019-08-26 09:00:00,NSE:MSTCLTD,78.4,81.0,75.5,76.0,1313.0
2019-08-26 10:00:00,NSE:MSTCLTD,75.5,77.75,75.5,76.5,1175.0
2019-08-26 11:00:00,NSE:MSTCLTD,75.5,76.0,75.5,75.55,748.0
2019-08-26 12:00:00,NSE:MSTCLTD,76.0,76.95,76.0,76.0,377.0
2019-08-26 13:00:00,NSE:MSTCLTD,76.9,76.9,76.05,76.05,21.0
2019-08-26 14:00:00,NSE:MSTCLTD,76.8,79.8,76.8,79.0,2250.0
2019-08-26 15:00:00,NSE:MSTCLTD,79.0,79.3,79.0,79.0,1131.0
2019-08-27 09:00:00,NSE:MSTCLTD,76.4,80.0,76.4,80.0,1976.0
2019-08-27 10:00:00,NSE:MSTCLTD,80.25,82.45,79.0,82.0,4171.0
2019-08-27 11:00:00,NSE:MSTCLTD,82.0,83.5,81.25,83.5,7582.0
2019-08-27 12:00:00,NSE:MSTCLTD,83.0,87.5,83.0,86.7,8100.0
2019-08-27 13:00:00,NSE:MSTCLTD,86.7,94.8,85.6,92.0,157661.0
2019-08-27 14:00:00,NSE:MSTCLTD,92.5,94.3,88.0,89.85,32310.0
2019-08-27 15:00:00,NSE:MSTCLTD,89.8,90.0,88.45,89.25,4842.0
2019-08-28 09:00:00,NSE:MSTCLTD,92.7,96.6,87.3,93.65,18681.0
2019-08-28 10:00:00,NSE:MSTCLTD,93.2,95.65,92.5,92.55,6955.0
2019-08-28 11:00:00,NSE:MSTCLTD,92.6,94.0,92.0,93.0,1533.0
2019-08-28 12:00:00,NSE:MSTCLTD,93.05,94.0,92.45,93.6,1774.0
2019-08-28 13:00:00,NSE:MSTCLTD,92.0,93.7,91.0,92.5,1308.0
2019-08-28 14:00:00,NSE:MSTCLTD,92.0,92.75,90.0,92.4,3192.0
2019-08-28 15:00:00,NSE:MSTCLTD,92.05,93.5,90.35,92.1,4831.0
2019-08-29 09:00:00,NSE:MSTCLTD,97.0,100.0,93.0,93.45,354771.0
2019-08-29 10:00:00,NSE:MSTCLTD,93.35,94.95,87.3,89.3,189362.0
2019-08-29 11:00:00,NSE:MSTCLTD,88.8,88.8,83.1,84.25,56502.0
2019-08-29 12:00:00,NSE:MSTCLTD,84.25,85.9,82.15,84.75,87327.0
2019-08-29 13:00:00,NSE:MSTCLTD,84.75,86.4,84.4,86.0,31625.0
2019-08-29 14:00:00,NSE:MSTCLTD,85.8,86.95,85.5,85.6,22570.0
2019-08-29 15:00:00,NSE:MSTCLTD,85.6,85.75,83.0,84.5,45999.0
2019-08-30 09:00:00,NSE:MSTCLTD,85.1,85.8,80.5,81.65,39480.0
2019-08-30 10:00:00,NSE:MSTCLTD,82.05,82.75,81.5,81.55,5498.0
2019-08-30 11:00:00,NSE:MSTCLTD,81.5,81.8,80.8,81.45,6027.0
2019-08-30 12:00:00,NSE:MSTCLTD,81.5,82.9,81.5,82.75,2931.0
2019-08-30 13:00:00,NSE:MSTCLTD,82.8,82.8,82.05,82.3,862.0
2019-08-30 14:00:00,NSE:MSTCLTD,82.3,82.5,80.3,81.0,10840.0
2019-08-30 15:00:00,NSE:MSTCLTD,80.7,81.95,80.7,81.35,15501.0
2019-09-03 09:00:00,NSE:MSTCLTD,81.15,81.5,77.2,79.1,18451.0
2019-09-03 10:00:00,NSE:MSTCLTD,79.5,81.8,78.5,80.95,9927.0
2019-09-03 11:00:00,NSE:MSTCLTD,80.55,81.85,79.3,79.85,8618.0
2019-09-03 12:00:00,NSE:MSTCLTD,79.8,80.45,78.3,80.0,2936.0
2019-09-03 13:00:00,NSE:MSTCLTD,79.4,80.35,78.0,80.0,4624.0
2019-09-03 14:00:00,NSE:MSTCLTD,80.0,80.6,79.45,80.0,4720.0
2019-09-03 15:00:00,NSE:MSTCLTD,80.0,80.0,77.75,78.7,3275.0
2019-09-04 09:00:00,NSE:MSTCLTD,77.1,79.4,77.1,78.15,2847.0
2019-09-04 10:00:00,NSE:MSTCLTD,78.1,79.2,77.65,77.75,7678.0
2019-09-04 11:00:00,NSE:MSTCLTD,78.5,78.5,78.0,78.45,2971.0
2019-09-04 12:00:00,NSE:MSTCLTD,78.4,79.55,77.75,79.2,9691.0
2019-09-04 13:00:00,NSE:MSTCLTD,79.9,80.9,78.2,78.2,3392.0
2019-09-04 14:00:00,NSE:MSTCLTD,79.4,80.0,78.5,79.5,6322.0
2019-09-04 15:00:00,NSE:MSTCLTD,79.0,79.5,78.35,78.35,2992.0
2019-09-05 09:00:00,NSE:MSTCLTD,80.3,80.3,78.2,79.55,3071.0
2019-09-05 10:00:00,NSE:MSTCLTD,79.65,81.85,79.35,81.3,13657.0
2019-09-05 11:00:00,NSE:MSTCLTD,81.55,81.6,80.0,80.5,3473.0
2019-09-05 12:00:00,NSE:MSTCLTD,80.4,81.25,79.3,80.4,7028.0
2019-09-05 13:00:00,NSE:MSTCLTD,80.4,80.5,79.2,80.5,4179.0
2019-09-05 14:00:00,NSE:MSTCLTD,80.0,80.35,79.7,79.75,1201.0
2019-09-05 15:00:00,NSE:MSTCLTD,80.25,80.25,79.3,79.6,3833.0
2019-09-06 09:00:00,NSE:MSTCLTD,79.2,80.7,79.1,80.15,5896.0
2019-09-06 10:00:00,NSE:MSTCLTD,80.2,80.8,79.25,79.65,1259.0
2019-09-06 11:00:00,NSE:MSTCLTD,79.65,80.0,79.6,79.6,566.0
2019-09-06 12:00:00,NSE:MSTCLTD,79.5,80.3,79.35,80.3,1343.0
2019-09-06 13:00:00,NSE:MSTCLTD,80.3,81.2,80.0,81.2,2351.0
2019-09-06 14:00:00,NSE:MSTCLTD,81.2,82.0,80.05,80.55,6065.0
2019-09-06 15:00:00,NSE:MSTCLTD,81.2,83.5,80.5,81.6,5822.0
2019-09-09 09:00:00,NSE:MSTCLTD,82.8,83.05,80.55,82.85,7527.0
2019-09-09 10:00:00,NSE:MSTCLTD,82.9,85.3,82.9,85.05,12772.0
2019-09-09 11:00:00,NSE:MSTCLTD,85.0,86.0,85.0,85.3,5215.0
2019-09-09 12:00:00,NSE:MSTCLTD,85.1,88.8,85.0,88.0,15359.0
2019-09-09 13:00:00,NSE:MSTCLTD,87.5,87.9,85.25,86.0,4289.0
2019-09-09 14:00:00,NSE:MSTCLTD,86.0,87.0,85.4,85.55,3533.0
2019-09-09 15:00:00,NSE:MSTCLTD,86.95,88.8,86.15,86.2,20072.0
2019-09-11 09:00:00,NSE:MSTCLTD,89.0,91.0,86.4,87.9,9980.0
2019-09-11 10:00:00,NSE:MSTCLTD,87.8,87.9,87.1,87.45,3900.0
2019-09-11 11:00:00,NSE:MSTCLTD,87.35,87.35,85.1,86.85,4140.0
2019-09-11 12:00:00,NSE:MSTCLTD,86.75,86.8,86.25,86.55,572.0
2019-09-11 13:00:00,NSE:MSTCLTD,86.6,86.8,86.1,86.2,1796.0
2019-09-11 14:00:00,NSE:MSTCLTD,87.0,95.2,87.0,93.5,53604.0
2019-09-11 15:00:00,NSE:MSTCLTD,93.5,96.0,92.25,94.4,43995.0
2019-09-12 09:00:00,NSE:MSTCLTD,95.0,98.0,93.0,96.9,22570.0
2019-09-12 10:00:00,NSE:MSTCLTD,96.85,98.0,95.2,95.2,15746.0
2019-09-12 11:00:00,NSE:MSTCLTD,95.2,95.5,93.85,94.0,4919.0
2019-09-12 12:00:00,NSE:MSTCLTD,94.05,95.0,94.05,94.95,834.0
2019-09-12 13:00:00,NSE:MSTCLTD,94.7,95.0,94.05,94.15,1261.0
2019-09-12 14:00:00,NSE:MSTCLTD,94.5,94.5,93.1,93.1,2718.0
2019-09-12 15:00:00,NSE:MSTCLTD,93.85,93.9,92.85,93.4,4344.0
2019-09-13 09:00:00,NSE:MSTCLTD,91.5,94.25,86.75,92.9,7460.0
2019-09-13 10:00:00,NSE:MSTCLTD,92.0,94.65,90.65,93.1,7583.0
2019-09-13 11:00:00,NSE:MSTCLTD,94.45,94.6,92.4,93.8,3565.0
2019-09-13 12:00:00,NSE:MSTCLTD,93.5,96.5,93.5,96.4,14009.0
2019-09-13 13:00:00,NSE:MSTCLTD,95.7,96.3,93.5,94.55,5118.0
2019-09-13 14:00:00,NSE:MSTCLTD,95.15,96.0,94.95,95.0,8696.0
2019-09-13 15:00:00,NSE:MSTCLTD,96.0,98.25,95.55,96.75,33345.0
2019-09-16 09:00:00,NSE:MSTCLTD,96.5,96.5,94.05,95.9,3437.0
2019-09-16 10:00:00,NSE:MSTCLTD,95.8,96.3,95.05,96.0,5005.0
2019-09-16 11:00:00,NSE:MSTCLTD,95.95,95.95,95.0,95.1,1154.0
2019-09-16 12:00:00,NSE:MSTCLTD,95.1,95.1,94.05,94.1,2503.0
2019-09-16 13:00:00,NSE:MSTCLTD,94.1,94.5,93.1,94.35,1019.0
2019-09-16 14:00:00,NSE:MSTCLTD,94.4,96.3,93.75,94.0,9433.0
2019-09-16 15:00:00,NSE:MSTCLTD,94.0,94.05,92.2,93.6,10733.0
2019-09-17 09:00:00,NSE:MSTCLTD,94.2,94.4,90.7,91.25,8186.0
2019-09-17 10:00:00,NSE:MSTCLTD,91.2,93.1,91.2,92.65,2870.0
2019-09-17 11:00:00,NSE:MSTCLTD,92.8,93.25,91.6,92.0,1450.0
2019-09-17 12:00:00,NSE:MSTCLTD,92.0,92.05,90.5,91.5,4067.0
2019-09-17 13:00:00,NSE:MSTCLTD,90.5,91.2,87.75,91.2,8531.0
2019-09-17 14:00:00,NSE:MSTCLTD,90.0,92.0,89.1,90.2,2877.0
2019-09-17 15:00:00,NSE:MSTCLTD,90.4,91.35,89.85,90.5,4483.0
2019-09-18 09:00:00,NSE:MSTCLTD,92.7,93.0,90.55,91.45,3503.0
2019-09-18 10:00:00,NSE:MSTCLTD,91.7,92.05,91.05,91.45,1595.0
2019-09-18 11:00:00,NSE:MSTCLTD,91.45,91.45,90.0,90.05,1832.0
2019-09-18 12:00:00,NSE:MSTCLTD,90.05,90.6,90.0,90.5,338.0
2019-09-18 13:00:00,NSE:MSTCLTD,90.3,91.4,89.8,91.0,1291.0
2019-09-18 14:00:00,NSE:MSTCLTD,91.05,93.0,91.05,92.1,1371.0
2019-09-18 15:00:00,NSE:MSTCLTD,92.1,92.1,90.5,90.5,4101.0
2019-09-19 09:00:00,NSE:MSTCLTD,91.7,92.55,89.5,89.5,1294.0
2019-09-19 10:00:00,NSE:MSTCLTD,89.75,90.6,89.5,90.15,558.0
2019-09-19 11:00:00,NSE:MSTCLTD,91.7,91.7,90.25,91.0,1080.0
2019-09-19 12:00:00,NSE:MSTCLTD,91.0,91.0,89.95,89.95,878.0
2019-09-19 13:00:00,NSE:MSTCLTD,89.95,90.55,88.1,88.65,1407.0
2019-09-19 14:00:00,NSE:MSTCLTD,89.1,89.25,85.75,85.85,5850.0
2019-09-19 15:00:00,NSE:MSTCLTD,86.85,87.75,86.1,86.95,5411.0
2019-09-20 09:00:00,NSE:MSTCLTD,89.0,90.0,84.45,85.25,4802.0
2019-09-20 10:00:00,NSE:MSTCLTD,85.1,100.0,85.1,96.3,123800.0
2019-09-20 11:00:00,NSE:MSTCLTD,96.3,98.1,93.6,94.75,40878.0
2019-09-20 12:00:00,NSE:MSTCLTD,94.4,94.5,91.0,93.25,13176.0
2019-09-20 13:00:00,NSE:MSTCLTD,93.0,94.9,92.0,93.3,10501.0
2019-09-20 14:00:00,NSE:MSTCLTD,93.3,93.9,90.5,92.65,16661.0
2019-09-20 15:00:00,NSE:MSTCLTD,92.7,92.7,90.1,91.65,10412.0
2019-09-23 09:00:00,NSE:MSTCLTD,97.65,106.4,91.0,102.2,203009.0
2019-09-23 10:00:00,NSE:MSTCLTD,102.15,103.7,100.4,101.3,35995.0
2019-09-23 11:00:00,NSE:MSTCLTD,101.4,102.9,100.65,101.1,19768.0
2019-09-23 12:00:00,NSE:MSTCLTD,101.45,102.0,100.35,100.7,7296.0
2019-09-23 13:00:00,NSE:MSTCLTD,101.05,102.5,100.4,101.0,38922.0
2019-09-23 14:00:00,NSE:MSTCLTD,101.0,101.25,100.4,100.4,10599.0
2019-09-23 15:00:00,NSE:MSTCLTD,100.85,102.0,100.3,101.25,32343.0
2019-09-24 09:00:00,NSE:MSTCLTD,110.0,110.0,105.1,105.9,218343.0
2019-09-24 10:00:00,NSE:MSTCLTD,105.8,106.2,105.0,105.45,38472.0
2019-09-24 11:00:00,NSE:MSTCLTD,105.15,105.8,104.5,105.0,23566.0
2019-09-24 12:00:00,NSE:MSTCLTD,105.0,106.0,104.1,104.75,17660.0
2019-09-24 13:00:00,NSE:MSTCLTD,105.0,105.0,104.7,104.7,7394.0
2019-09-24 14:00:00,NSE:MSTCLTD,105.0,105.25,104.7,104.8,17095.0
2019-09-24 15:00:00,NSE:MSTCLTD,104.75,105.25,104.2,104.85,36377.0
2019-09-25 09:00:00,NSE:MSTCLTD,106.9,106.9,99.0,100.25,54509.0
2019-09-25 10:00:00,NSE:MSTCLTD,101.5,102.65,100.5,101.85,7884.0
2019-09-25 11:00:00,NSE:MSTCLTD,101.3,103.5,101.0,103.2,7656.0
2019-09-25 12:00:00,NSE:MSTCLTD,102.95,103.3,102.45,102.75,2638.0
2019-09-25 13:00:00,NSE:MSTCLTD,102.75,102.95,101.0,101.35,3292.0
2019-09-25 14:00:00,NSE:MSTCLTD,101.6,101.75,98.0,100.5,17199.0
2019-09-25 15:00:00,NSE:MSTCLTD,100.5,102.0,99.5,100.6,11654.0
2019-09-26 09:00:00,NSE:MSTCLTD,99.0,103.45,99.0,101.55,18429.0
2019-09-26 10:00:00,NSE:MSTCLTD,101.5,102.0,100.2,100.25,6311.0
2019-09-26 11:00:00,NSE:MSTCLTD,100.05,100.75,99.6,100.75,2998.0
2019-09-26 12:00:00,NSE:MSTCLTD,100.25,100.5,99.1,99.15,4310.0
2019-09-26 13:00:00,NSE:MSTCLTD,99.65,100.0,99.0,99.1,3077.0
2019-09-26 14:00:00,NSE:MSTCLTD,99.45,99.5,96.3,97.8,19499.0
2019-09-26 15:00:00,NSE:MSTCLTD,97.75,98.6,96.4,97.7,8700.0
2019-09-27 09:00:00,NSE:MSTCLTD,97.5,98.8,95.25,98.65,4938.0
2019-09-27 10:00:00,NSE:MSTCLTD,98.4,98.4,97.1,97.4,2136.0
2019-09-27 11:00:00,NSE:MSTCLTD,97.4,97.4,94.2,94.8,9336.0
2019-09-27 12:00:00,NSE:MSTCLTD,94.7,95.7,94.0,95.65,4451.0
2019-09-27 13:00:00,NSE:MSTCLTD,95.45,96.0,95.0,95.0,1554.0
2019-09-27 14:00:00,NSE:MSTCLTD,95.4,96.0,94.0,94.45,10383.0
2019-09-27 15:00:00,NSE:MSTCLTD,94.4,94.75,93.35,93.9,7285.0
2019-09-30 09:00:00,NSE:MSTCLTD,95.1,97.0,95.05,96.1,18503.0
2019-09-30 10:00:00,NSE:MSTCLTD,96.15,97.0,95.4,95.4,5766.0
2019-09-30 11:00:00,NSE:MSTCLTD,95.4,95.5,94.6,94.85,3749.0
2019-09-30 12:00:00,NSE:MSTCLTD,94.8,95.0,94.35,94.75,1927.0
2019-09-30 13:00:00,NSE:MSTCLTD,95.2,95.25,94.05,94.05,2619.0
2019-09-30 14:00:00,NSE:MSTCLTD,94.25,94.9,93.75,94.35,4290.0
2019-09-30 15:00:00,NSE:MSTCLTD,94.5,94.85,94.1,94.55,9316.0
2019-10-01 09:00:00,NSE:MSTCLTD,94.05,96.0,93.3,93.4,7263.0
2019-10-01 10:00:00,NSE:MSTCLTD,93.4,93.8,92.7,93.35,2352.0
2019-10-01 11:00:00,NSE:MSTCLTD,93.5,93.5,92.55,93.4,1480.0
2019-10-01 12:00:00,NSE:MSTCLTD,93.5,93.5,92.55,92.55,1510.0
2019-10-01 13:00:00,NSE:MSTCLTD,93.0,94.05,91.65,92.6,7640.0
2019-10-01 14:00:00,NSE:MSTCLTD,92.6,94.65,90.2,90.65,13272.0
2019-10-01 15:00:00,NSE:MSTCLTD,91.35,91.7,90.7,91.15,11950.0
2019-10-03 09:00:00,NSE:MSTCLTD,90.0,94.6,88.75,94.0,15567.0
2019-10-03 10:00:00,NSE:MSTCLTD,94.0,94.6,92.85,94.0,4202.0
2019-10-03 11:00:00,NSE:MSTCLTD,93.25,93.25,92.7,92.75,662.0
2019-10-03 12:00:00,NSE:MSTCLTD,92.95,93.25,92.1,92.1,1419.0
2019-10-03 13:00:00,NSE:MSTCLTD,93.25,93.25,91.05,91.65,3340.0
2019-10-03 14:00:00,NSE:MSTCLTD,91.65,93.3,91.55,92.05,2350.0
2019-10-03 15:00:00,NSE:MSTCLTD,92.0,94.0,91.5,92.2,5182.0
2019-10-04 09:00:00,NSE:MSTCLTD,93.0,93.4,90.0,91.15,10864.0
2019-10-04 10:00:00,NSE:MSTCLTD,91.5,93.0,91.0,91.4,7908.0
2019-10-04 11:00:00,NSE:MSTCLTD,91.8,92.25,91.0,91.35,2156.0
2019-10-04 12:00:00,NSE:MSTCLTD,91.0,91.0,90.6,90.65,544.0
2019-10-04 13:00:00,NSE:MSTCLTD,90.65,91.65,90.1,90.9,2515.0
2019-10-04 14:00:00,NSE:MSTCLTD,90.8,92.7,90.8,91.65,6233.0
2019-10-04 15:00:00,NSE:MSTCLTD,92.4,93.0,90.65,91.85,4065.0
2019-10-07 09:00:00,NSE:MSTCLTD,96.0,96.0,90.6,93.9,3218.0
2019-10-07 10:00:00,NSE:MSTCLTD,93.25,94.05,93.1,93.4,3733.0
2019-10-07 11:00:00,NSE:MSTCLTD,93.2,94.05,93.2,93.85,4824.0
2019-10-07 12:00:00,NSE:MSTCLTD,93.5,93.9,92.9,93.6,1117.0
2019-10-07 13:00:00,NSE:MSTCLTD,93.0,93.55,90.3,90.7,5885.0
2019-10-07 14:00:00,NSE:MSTCLTD,91.5,91.75,90.8,91.0,837.0
2019-10-07 15:00:00,NSE:MSTCLTD,91.4,91.45,89.8,90.4,4484.0
2019-10-09 09:00:00,NSE:MSTCLTD,90.1,92.0,90.1,91.45,1433.0
2019-10-09 10:00:00,NSE:MSTCLTD,91.0,91.15,88.75,89.3,7154.0
2019-10-09 11:00:00,NSE:MSTCLTD,89.8,90.6,89.35,90.3,1611.0
2019-10-09 12:00:00,NSE:MSTCLTD,90.45,90.9,89.75,90.7,1362.0
2019-10-09 13:00:00,NSE:MSTCLTD,90.9,94.6,90.5,93.0,9024.0
2019-10-09 14:00:00,NSE:MSTCLTD,93.0,93.0,91.75,92.5,1791.0
2019-10-09 15:00:00,NSE:MSTCLTD,92.5,92.9,91.1,91.9,2153.0
2019-10-10 09:00:00,NSE:MSTCLTD,92.5,92.75,88.75,90.6,3099.0
2019-10-10 10:00:00,NSE:MSTCLTD,90.6,91.8,90.3,91.0,3560.0
2019-10-10 11:00:00,NSE:MSTCLTD,92.0,93.7,92.0,92.45,7855.0
2019-10-10 12:00:00,NSE:MSTCLTD,92.4,92.4,92.0,92.0,793.0
2019-10-10 13:00:00,NSE:MSTCLTD,92.0,92.0,91.2,92.0,4540.0
2019-10-10 14:00:00,NSE:MSTCLTD,92.0,92.4,92.0,92.0,5429.0
2019-10-10 15:00:00,NSE:MSTCLTD,92.0,92.25,92.0,92.0,2346.0
2019-10-11 09:00:00,NSE:MSTCLTD,91.55,93.45,91.55,91.95,1277.0
2019-10-11 10:00:00,NSE:MSTCLTD,92.2,92.5,91.0,91.65,4671.0
2019-10-11 11:00:00,NSE:MSTCLTD,92.0,92.7,91.05,91.05,1727.0
2019-10-11 12:00:00,NSE:MSTCLTD,91.5,91.5,91.15,91.5,1559.0
2019-10-11 13:00:00,NSE:MSTCLTD,91.5,92.0,91.0,92.0,1145.0
2019-10-11 14:00:00,NSE:MSTCLTD,92.0,92.5,92.0,92.0,1353.0
2019-10-11 15:00:00,NSE:MSTCLTD,92.0,94.8,92.0,92.5,5813.0
2019-10-14 09:00:00,NSE:MSTCLTD,93.4,93.9,92.0,92.0,910.0
2019-10-14 10:00:00,NSE:MSTCLTD,92.0,93.0,91.65,92.5,1872.0
2019-10-14 11:00:00,NSE:MSTCLTD,92.5,97.7,92.5,96.4,27243.0
2019-10-14 12:00:00,NSE:MSTCLTD,96.2,96.5,94.5,95.2,11370.0
2019-10-14 13:00:00,NSE:MSTCLTD,95.2,95.7,95.0,95.2,252.0
2019-10-14 14:00:00,NSE:MSTCLTD,95.0,95.35,94.5,95.15,4322.0
2019-10-14 15:00:00,NSE:MSTCLTD,94.65,94.95,94.5,94.65,3154.0
2019-10-15 09:00:00,NSE:MSTCLTD,96.0,96.4,92.6,93.0,1785.0
2019-10-15 10:00:00,NSE:MSTCLTD,93.0,94.8,92.7,94.35,1364.0
2019-10-15 11:00:00,NSE:MSTCLTD,93.6,94.0,93.0,93.65,1008.0
2019-10-15 12:00:00,NSE:MSTCLTD,93.65,95.35,92.6,95.0,6953.0
2019-10-15 13:00:00,NSE:MSTCLTD,95.0,95.4,95.0,95.2,8012.0
2019-10-15 14:00:00,NSE:MSTCLTD,95.2,95.4,95.0,95.0,2779.0
2019-10-15 15:00:00,NSE:MSTCLTD,95.0,95.5,95.0,95.5,3439.0
2019-10-16 09:00:00,NSE:MSTCLTD,96.45,100.5,96.45,99.9,61134.0
2019-10-16 10:00:00,NSE:MSTCLTD,99.9,100.8,99.0,100.1,103414.0
2019-10-16 11:00:00,NSE:MSTCLTD,100.05,103.05,100.0,102.25,21004.0
2019-10-16 12:00:00,NSE:MSTCLTD,102.2,102.25,100.0,101.0,12593.0
2019-10-16 13:00:00,NSE:MSTCLTD,100.6,101.0,99.45,100.0,14177.0
2019-10-16 14:00:00,NSE:MSTCLTD,100.2,100.85,99.4,100.2,22976.0
2019-10-16 15:00:00,NSE:MSTCLTD,100.0,101.0,99.2,100.05,100038.0
2019-10-17 09:00:00,NSE:MSTCLTD,101.3,102.0,98.35,98.35,17970.0
2019-10-17 10:00:00,NSE:MSTCLTD,99.0,99.0,98.15,98.55,6223.0
2019-10-17 11:00:00,NSE:MSTCLTD,98.55,98.8,98.55,98.6,1700.0
2019-10-17 12:00:00,NSE:MSTCLTD,98.55,99.0,98.55,98.75,520.0
2019-10-17 13:00:00,NSE:MSTCLTD,98.75,101.0,98.75,100.0,10977.0
2019-10-17 14:00:00,NSE:MSTCLTD,100.2,100.95,99.75,100.0,3667.0
2019-10-17 15:00:00,NSE:MSTCLTD,99.85,100.0,98.0,99.2,7764.0
2019-10-18 09:00:00,NSE:MSTCLTD,101.25,101.25,98.85,99.5,3217.0
2019-10-18 10:00:00,NSE:MSTCLTD,99.8,100.0,99.55,99.55,3891.0
2019-10-18 11:00:00,NSE:MSTCLTD,99.55,99.85,98.8,99.15,3622.0
2019-10-18 12:00:00,NSE:MSTCLTD,99.1,99.8,98.75,98.85,1270.0
2019-10-18 13:00:00,NSE:MSTCLTD,98.85,99.15,98.55,99.15,503.0
2019-10-18 14:00:00,NSE:MSTCLTD,98.7,100.0,98.7,99.0,7273.0
2019-10-18 15:00:00,NSE:MSTCLTD,99.0,99.65,98.5,98.5,3754.0
2019-10-22 09:00:00,NSE:MSTCLTD,100.35,101.0,99.0,100.0,6296.0
2019-10-22 10:00:00,NSE:MSTCLTD,100.0,100.95,99.0,100.6,36532.0
2019-10-22 11:00:00,NSE:MSTCLTD,100.6,100.9,99.45,100.05,25573.0
2019-10-22 12:00:00,NSE:MSTCLTD,100.4,100.4,99.8,100.0,1624.0
2019-10-22 13:00:00,NSE:MSTCLTD,100.0,100.35,99.1,100.0,2922.0
2019-10-22 14:00:00,NSE:MSTCLTD,99.3,99.65,99.0,99.2,705.0
2019-10-22 15:00:00,NSE:MSTCLTD,99.2,99.4,98.6,98.9,2376.0
2019-10-23 09:00:00,NSE:MSTCLTD,100.4,100.4,97.05,97.65,2096.0
2019-10-23 10:00:00,NSE:MSTCLTD,98.55,99.6,98.3,98.5,914.0
2019-10-23 11:00:00,NSE:MSTCLTD,99.3,99.3,97.4,97.4,5638.0
2019-10-23 12:00:00,NSE:MSTCLTD,97.75,98.1,97.5,97.85,383.0
2019-10-23 13:00:00,NSE:MSTCLTD,97.3,97.8,97.2,97.4,395.0
2019-10-23 14:00:00,NSE:MSTCLTD,97.85,97.85,97.0,97.35,1563.0
2019-10-23 15:00:00,NSE:MSTCLTD,97.0,97.0,95.25,96.55,6904.0
2019-10-24 09:00:00,NSE:MSTCLTD,103.0,103.0,99.75,100.7,42000.0
2019-10-24 10:00:00,NSE:MSTCLTD,100.7,100.9,98.35,98.5,17645.0
2019-10-24 11:00:00,NSE:MSTCLTD,98.75,99.0,98.45,98.9,2001.0
2019-10-24 12:00:00,NSE:MSTCLTD,98.65,98.65,96.7,97.2,12908.0
2019-10-24 13:00:00,NSE:MSTCLTD,97.45,98.1,97.1,97.75,2323.0
2019-10-24 14:00:00,NSE:MSTCLTD,97.75,98.5,97.4,98.45,6753.0
2019-10-24 15:00:00,NSE:MSTCLTD,97.5,98.45,96.8,97.6,9186.0
2019-10-25 09:00:00,NSE:MSTCLTD,98.85,98.85,95.6,96.35,5715.0
2019-10-25 10:00:00,NSE:MSTCLTD,96.35,96.35,93.85,94.9,8679.0
2019-10-25 11:00:00,NSE:MSTCLTD,94.9,95.0,92.05,95.0,19053.0
2019-10-25 12:00:00,NSE:MSTCLTD,94.5,95.05,94.1,94.65,4810.0
2019-10-25 13:00:00,NSE:MSTCLTD,95.0,95.2,95.0,95.0,2546.0
2019-10-25 14:00:00,NSE:MSTCLTD,95.0,95.9,95.0,95.9,1842.0
2019-10-25 15:00:00,NSE:MSTCLTD,95.0,95.8,93.75,95.0,4398.0
2019-10-27 18:00:00,NSE:MSTCLTD,97.0,100.95,95.0,97.95,15616.0
2019-10-27 19:00:00,NSE:MSTCLTD,98.15,98.15,97.4,98.15,2399.0
2019-10-29 09:00:00,NSE:MSTCLTD,99.5,99.5,95.45,97.95,1851.0
2019-10-29 10:00:00,NSE:MSTCLTD,97.8,98.7,96.45,97.8,7854.0
2019-10-29 11:00:00,NSE:MSTCLTD,97.65,97.7,96.05,96.85,5251.0
2019-10-29 12:00:00,NSE:MSTCLTD,96.6,98.5,96.25,97.7,4616.0
2019-10-29 13:00:00,NSE:MSTCLTD,97.05,98.0,97.05,98.0,1603.0
2019-10-29 14:00:00,NSE:MSTCLTD,98.0,99.9,97.15,97.2,10791.0
2019-10-29 15:00:00,NSE:MSTCLTD,97.7,99.0,97.0,97.9,7832.0
2019-10-30 09:00:00,NSE:MSTCLTD,100.0,102.0,99.0,99.9,39110.0
2019-10-30 10:00:00,NSE:MSTCLTD,99.9,104.0,99.65,103.5,70168.0
2019-10-30 11:00:00,NSE:MSTCLTD,103.5,103.65,102.1,102.1,50308.0
2019-10-30 12:00:00,NSE:MSTCLTD,103.0,105.8,102.75,104.0,87075.0
2019-10-30 13:00:00,NSE:MSTCLTD,104.4,105.4,104.0,104.1,24355.0
2019-10-30 14:00:00,NSE:MSTCLTD,104.15,104.15,102.0,104.1,34502.0
2019-10-30 15:00:00,NSE:MSTCLTD,104.1,105.9,104.1,105.0,55458.0
2019-10-31 09:00:00,NSE:MSTCLTD,106.0,115.45,104.0,113.65,156213.0
2019-10-31 10:00:00,NSE:MSTCLTD,113.05,113.8,108.75,111.3,47020.0
2019-10-31 11:00:00,NSE:MSTCLTD,112.05,113.55,111.1,112.05,45792.0
2019-10-31 12:00:00,NSE:MSTCLTD,112.2,113.15,111.1,111.35,35724.0
2019-10-31 13:00:00,NSE:MSTCLTD,111.3,111.75,110.1,110.6,13915.0
2019-10-31 14:00:00,NSE:MSTCLTD,110.35,112.0,109.55,110.5,55376.0
2019-10-31 15:00:00,NSE:MSTCLTD,110.5,112.8,109.0,111.2,43843.0
2019-11-01 09:00:00,NSE:MSTCLTD,114.7,121.2,111.25,118.0,175717.0
2019-11-01 10:00:00,NSE:MSTCLTD,117.75,120.7,116.55,117.0,92753.0
2019-11-01 11:00:00,NSE:MSTCLTD,117.0,118.0,115.25,115.45,73624.0
2019-11-01 12:00:00,NSE:MSTCLTD,115.3,117.2,115.25,117.0,14568.0
2019-11-01 13:00:00,NSE:MSTCLTD,117.0,118.0,116.55,117.0,14280.0
2019-11-01 14:00:00,NSE:MSTCLTD,116.95,118.0,115.5,115.7,18723.0
2019-11-01 15:00:00,NSE:MSTCLTD,116.7,119.7,115.9,117.9,74042.0
2019-11-04 09:00:00,NSE:MSTCLTD,121.2,127.25,120.1,121.0,305926.0
2019-11-04 10:00:00,NSE:MSTCLTD,121.0,124.0,120.1,121.3,178975.0
2019-11-04 11:00:00,NSE:MSTCLTD,121.3,123.25,121.0,121.0,65832.0
2019-11-04 12:00:00,NSE:MSTCLTD,121.4,121.9,118.5,119.95,77932.0
2019-11-04 13:00:00,NSE:MSTCLTD,119.9,120.35,119.0,119.25,38136.0
2019-11-04 14:00:00,NSE:MSTCLTD,119.25,120.05,116.05,116.2,42616.0
2019-11-04 15:00:00,NSE:MSTCLTD,116.3,117.75,116.15,117.15,48326.0
2019-11-05 09:00:00,NSE:MSTCLTD,118.65,120.8,117.0,118.3,94920.0
2019-11-05 10:00:00,NSE:MSTCLTD,118.0,119.0,117.5,119.0,29329.0
2019-11-05 11:00:00,NSE:MSTCLTD,118.55,118.9,117.3,117.3,15621.0
2019-11-05 12:00:00,NSE:MSTCLTD,117.25,118.0,116.4,118.0,30482.0
2019-11-05 13:00:00,NSE:MSTCLTD,118.05,120.35,118.05,119.8,143017.0
2019-11-05 14:00:00,NSE:MSTCLTD,119.8,119.85,118.0,118.0,18599.0
2019-11-05 15:00:00,NSE:MSTCLTD,117.6,123.0,117.55,122.95,163644.0
2019-11-06 09:00:00,NSE:MSTCLTD,124.4,126.8,120.55,121.55,130089.0
2019-11-06 10:00:00,NSE:MSTCLTD,121.45,121.55,120.0,120.25,50678.0
2019-11-06 11:00:00,NSE:MSTCLTD,120.3,123.25,120.0,122.0,80423.0
2019-11-06 12:00:00,NSE:MSTCLTD,121.9,125.15,121.45,123.75,203415.0
2019-11-06 13:00:00,NSE:MSTCLTD,124.0,124.35,121.25,121.5,57467.0
2019-11-06 14:00:00,NSE:MSTCLTD,121.85,124.05,121.55,123.2,18946.0
2019-11-06 15:00:00,NSE:MSTCLTD,123.4,124.0,122.0,122.9,43010.0
2019-11-07 09:00:00,NSE:MSTCLTD,124.0,126.45,122.1,124.25,140808.0
2019-11-07 10:00:00,NSE:MSTCLTD,124.05,138.3,121.55,137.1,743563.0
2019-11-07 11:00:00,NSE:MSTCLTD,137.4,147.45,133.3,143.15,1549155.0
2019-11-07 12:00:00,NSE:MSTCLTD,143.2,145.95,141.5,144.95,306708.0
2019-11-07 13:00:00,NSE:MSTCLTD,144.7,147.45,143.7,147.45,338430.0
2019-11-07 14:00:00,NSE:MSTCLTD,147.45,147.45,147.45,147.45,39174.0
2019-11-07 15:00:00,NSE:MSTCLTD,147.45,147.45,147.45,147.45,2417.0
2019-11-08 09:00:00,NSE:MSTCLTD,153.9,163.3,151.0,155.0,1424172.0
2019-11-08 10:00:00,NSE:MSTCLTD,155.35,161.7,155.3,158.95,399632.0
2019-11-08 11:00:00,NSE:MSTCLTD,158.55,162.75,154.7,155.9,397234.0
2019-11-08 12:00:00,NSE:MSTCLTD,155.75,157.35,153.4,155.1,97175.0
2019-11-08 13:00:00,NSE:MSTCLTD,155.0,156.85,152.3,153.1,108072.0
2019-11-08 14:00:00,NSE:MSTCLTD,153.35,155.0,148.0,149.45,196334.0
2019-11-08 15:00:00,NSE:MSTCLTD,149.05,151.0,145.0,148.15,215088.0
2019-11-11 09:00:00,NSE:MSTCLTD,150.05,153.8,140.0,143.55,234359.0
2019-11-11 10:00:00,NSE:MSTCLTD,143.55,154.6,143.0,154.6,289358.0
2019-11-11 11:00:00,NSE:MSTCLTD,154.5,156.25,149.15,150.45,237637.0
2019-11-11 12:00:00,NSE:MSTCLTD,150.45,150.95,148.05,150.6,50917.0
2019-11-11 13:00:00,NSE:MSTCLTD,150.1,151.8,148.1,151.5,45094.0
2019-11-11 14:00:00,NSE:MSTCLTD,152.0,153.5,149.0,150.2,103046.0
2019-11-11 15:00:00,NSE:MSTCLTD,150.2,156.5,150.0,154.05,193019.0
2019-11-13 09:00:00,NSE:MSTCLTD,155.8,169.3,155.8,169.1,666302.0
2019-11-13 10:00:00,NSE:MSTCLTD,169.1,181.0,165.35,174.9,1775700.0
2019-11-13 11:00:00,NSE:MSTCLTD,174.9,184.85,173.25,177.3,819656.0
2019-11-13 12:00:00,NSE:MSTCLTD,177.4,179.8,176.05,176.3,147489.0
2019-11-13 13:00:00,NSE:MSTCLTD,176.15,184.0,176.1,183.75,212436.0
2019-11-13 14:00:00,NSE:MSTCLTD,183.7,184.5,171.1,171.3,393028.0
2019-11-13 15:00:00,NSE:MSTCLTD,171.3,176.95,170.6,174.5,237658.0
2019-11-14 09:00:00,NSE:MSTCLTD,162.6,172.0,158.3,163.0,943098.0
2019-11-14 10:00:00,NSE:MSTCLTD,162.65,166.0,161.1,161.7,156639.0
2019-11-14 11:00:00,NSE:MSTCLTD,161.85,164.0,160.0,160.8,77516.0
2019-11-14 12:00:00,NSE:MSTCLTD,160.25,160.8,157.05,157.05,134631.0
2019-11-14 13:00:00,NSE:MSTCLTD,157.05,161.7,157.05,159.7,400705.0
2019-11-14 14:00:00,NSE:MSTCLTD,159.6,160.0,157.05,157.05,66210.0
2019-11-14 15:00:00,NSE:MSTCLTD,157.05,157.05,157.05,157.05,5740.0
2019-11-15 09:00:00,NSE:MSTCLTD,154.5,164.7,152.1,158.95,408198.0
2019-11-15 10:00:00,NSE:MSTCLTD,158.75,162.75,158.0,158.2,92038.0
2019-11-15 11:00:00,NSE:MSTCLTD,158.4,158.7,153.0,154.4,93188.0
2019-11-15 12:00:00,NSE:MSTCLTD,154.35,156.5,153.95,155.6,58776.0
2019-11-15 13:00:00,NSE:MSTCLTD,155.3,156.8,155.05,156.8,20236.0
2019-11-15 14:00:00,NSE:MSTCLTD,156.65,161.75,156.35,157.6,89678.0
2019-11-15 15:00:00,NSE:MSTCLTD,157.6,162.5,155.5,160.05,158050.0
2019-11-18 09:00:00,NSE:MSTCLTD,162.5,167.0,157.0,161.3,210140.0
2019-11-18 10:00:00,NSE:MSTCLTD,161.3,167.95,160.3,164.25,232710.0
2019-11-18 11:00:00,NSE:MSTCLTD,164.2,164.5,161.55,161.75,89327.0
2019-11-18 12:00:00,NSE:MSTCLTD,161.8,163.0,160.55,161.5,30822.0
2019-11-18 13:00:00,NSE:MSTCLTD,161.85,162.2,160.0,160.95,17242.0
2019-11-18 14:00:00,NSE:MSTCLTD,161.0,162.5,160.0,160.0,56639.0
2019-11-18 15:00:00,NSE:MSTCLTD,160.1,160.1,158.5,159.3,88891.0
2019-11-19 09:00:00,NSE:MSTCLTD,160.7,163.3,158.05,160.75,61658.0
2019-11-19 10:00:00,NSE:MSTCLTD,160.9,162.4,160.0,160.3,56894.0
2019-11-19 11:00:00,NSE:MSTCLTD,160.05,160.7,159.0,160.0,15681.0
2019-11-19 12:00:00,NSE:MSTCLTD,159.2,160.0,156.55,156.7,26813.0
2019-11-19 13:00:00,NSE:MSTCLTD,157.0,160.0,155.1,156.35,56467.0
2019-11-19 14:00:00,NSE:MSTCLTD,156.35,157.7,155.4,155.75,19663.0
2019-11-19 15:00:00,NSE:MSTCLTD,155.75,158.0,154.5,156.55,45576.0
2019-11-20 09:00:00,NSE:MSTCLTD,157.2,158.9,154.0,155.5,47677.0
2019-11-20 10:00:00,NSE:MSTCLTD,155.55,160.45,154.5,156.0,61304.0
2019-11-20 11:00:00,NSE:MSTCLTD,156.0,163.6,155.5,160.45,122980.0
2019-11-20 12:00:00,NSE:MSTCLTD,160.55,161.55,159.0,161.0,41520.0
2019-11-20 13:00:00,NSE:MSTCLTD,161.0,161.0,158.15,158.2,38808.0
2019-11-20 14:00:00,NSE:MSTCLTD,158.35,161.25,158.05,158.55,55219.0
2019-11-20 15:00:00,NSE:MSTCLTD,158.55,159.7,158.0,158.5,57005.0
2019-11-21 09:00:00,NSE:MSTCLTD,158.1,159.8,155.2,157.05,49922.0
2019-11-21 10:00:00,NSE:MSTCLTD,156.3,157.0,155.45,156.65,23884.0
2019-11-21 11:00:00,NSE:MSTCLTD,156.55,157.1,155.5,156.05,13720.0
2019-11-21 12:00:00,NSE:MSTCLTD,156.1,156.6,155.3,155.5,6449.0
2019-11-21 13:00:00,NSE:MSTCLTD,155.5,155.5,153.0,153.45,21127.0
2019-11-21 14:00:00,NSE:MSTCLTD,153.15,154.8,152.0,153.0,31098.0
2019-11-21 15:00:00,NSE:MSTCLTD,153.0,154.0,151.75,152.9,32006.0
2019-11-22 09:00:00,NSE:MSTCLTD,153.9,156.6,147.35,148.25,77726.0
2019-11-22 10:00:00,NSE:MSTCLTD,148.25,150.65,147.7,149.7,23005.0
2019-11-22 11:00:00,NSE:MSTCLTD,149.65,149.65,147.25,147.3,29743.0
2019-11-22 12:00:00,NSE:MSTCLTD,147.5,148.4,147.05,147.5,5474.0
2019-11-22 13:00:00,NSE:MSTCLTD,147.45,149.0,147.25,147.6,11545.0
2019-11-22 14:00:00,NSE:MSTCLTD,147.6,149.0,147.5,148.7,12360.0
2019-11-22 15:00:00,NSE:MSTCLTD,148.35,148.95,148.0,148.6,32739.0
2019-11-25 09:00:00,NSE:MSTCLTD,149.9,149.9,145.0,146.35,69976.0
2019-11-25 10:00:00,NSE:MSTCLTD,146.2,156.95,146.2,152.65,193948.0
2019-11-25 11:00:00,NSE:MSTCLTD,152.55,153.3,150.6,153.3,16673.0
2019-11-25 12:00:00,NSE:MSTCLTD,153.3,155.0,152.3,153.0,36453.0
2019-11-25 13:00:00,NSE:MSTCLTD,153.05,153.85,152.25,152.25,8860.0
2019-11-25 14:00:00,NSE:MSTCLTD,152.85,153.5,151.6,152.65,31535.0
2019-11-25 15:00:00,NSE:MSTCLTD,152.65,152.65,151.2,151.6,70590.0
2019-11-26 09:00:00,NSE:MSTCLTD,153.05,153.2,150.25,153.0,51640.0
2019-11-26 10:00:00,NSE:MSTCLTD,153.15,154.0,150.25,150.3,24252.0
2019-11-26 11:00:00,NSE:MSTCLTD,150.3,151.05,149.0,149.25,15684.0
2019-11-26 12:00:00,NSE:MSTCLTD,149.1,150.6,148.55,149.2,16463.0
2019-11-26 13:00:00,NSE:MSTCLTD,149.4,149.9,148.0,148.6,9909.0
2019-11-26 14:00:00,NSE:MSTCLTD,148.1,149.35,146.2,148.1,16060.0
2019-11-26 15:00:00,NSE:MSTCLTD,148.5,148.8,147.15,147.85,23216.0
2019-11-27 09:00:00,NSE:MSTCLTD,154.0,156.45,148.95,152.95,290870.0
2019-11-27 10:00:00,NSE:MSTCLTD,152.95,154.5,149.8,149.8,107927.0
2019-11-27 11:00:00,NSE:MSTCLTD,150.0,150.0,147.5,149.6,78151.0
2019-11-27 12:00:00,NSE:MSTCLTD,149.2,149.6,148.5,148.5,19984.0
2019-11-27 13:00:00,NSE:MSTCLTD,148.95,148.95,147.55,148.3,28714.0
2019-11-27 14:00:00,NSE:MSTCLTD,148.45,149.25,147.55,148.4,44098.0
2019-11-27 15:00:00,NSE:MSTCLTD,148.8,148.85,145.75,147.45,80077.0
2019-11-28 09:00:00,NSE:MSTCLTD,148.0,148.35,144.4,146.9,50314.0
2019-11-28 10:00:00,NSE:MSTCLTD,146.95,147.0,146.2,146.45,24271.0
2019-11-28 11:00:00,NSE:MSTCLTD,146.4,146.45,143.3,144.3,29911.0
2019-11-28 12:00:00,NSE:MSTCLTD,144.35,147.5,144.05,146.25,24974.0
2019-11-28 13:00:00,NSE:MSTCLTD,146.25,151.0,146.0,147.75,72469.0
2019-11-28 14:00:00,NSE:MSTCLTD,148.15,150.8,147.2,148.4,38921.0
2019-11-28 15:00:00,NSE:MSTCLTD,148.3,149.45,148.05,148.9,23756.0
2019-11-29 09:00:00,NSE:MSTCLTD,148.5,149.8,146.1,149.0,27308.0
2019-11-29 10:00:00,NSE:MSTCLTD,149.0,161.65,148.6,155.0,477434.0
2019-11-29 11:00:00,NSE:MSTCLTD,154.25,154.8,150.45,150.75,73624.0
2019-11-29 12:00:00,NSE:MSTCLTD,150.7,152.0,149.5,150.7,52739.0
2019-11-29 13:00:00,NSE:MSTCLTD,150.9,152.9,148.5,149.0,34079.0
2019-11-29 14:00:00,NSE:MSTCLTD,149.0,150.8,147.0,147.75,74460.0
2019-11-29 15:00:00,NSE:MSTCLTD,147.75,151.7,147.7,150.0,80972.0
2019-12-02 09:00:00,NSE:MSTCLTD,150.85,152.4,149.1,150.35,46992.0
2019-12-02 10:00:00,NSE:MSTCLTD,150.95,151.0,148.25,149.5,32838.0
2019-12-02 11:00:00,NSE:MSTCLTD,149.75,150.8,149.1,149.9,18373.0
2019-12-02 12:00:00,NSE:MSTCLTD,149.9,152.9,149.5,149.95,40218.0
2019-12-02 13:00:00,NSE:MSTCLTD,149.95,150.8,149.25,150.5,11375.0
2019-12-02 14:00:00,NSE:MSTCLTD,150.5,150.5,149.3,150.0,7101.0
2019-12-02 15:00:00,NSE:MSTCLTD,149.4,152.0,149.35,150.75,33395.0
2019-12-03 09:00:00,NSE:MSTCLTD,154.3,156.5,152.0,152.4,153947.0
2019-12-03 10:00:00,NSE:MSTCLTD,152.4,152.85,149.5,150.5,44223.0
2019-12-03 11:00:00,NSE:MSTCLTD,150.5,150.95,148.5,149.15,40432.0
2019-12-03 12:00:00,NSE:MSTCLTD,149.15,151.2,149.0,150.0,27514.0
2019-12-03 13:00:00,NSE:MSTCLTD,150.05,151.35,149.5,150.35,25573.0
2019-12-03 14:00:00,NSE:MSTCLTD,150.45,151.15,149.3,150.85,20323.0
2019-12-03 15:00:00,NSE:MSTCLTD,150.85,151.15,149.5,150.2,40282.0
2019-12-04 09:00:00,NSE:MSTCLTD,150.0,151.75,148.65,149.1,28854.0
2019-12-04 10:00:00,NSE:MSTCLTD,149.9,150.75,149.1,150.5,28273.0
2019-12-04 11:00:00,NSE:MSTCLTD,150.5,150.5,148.8,149.8,13903.0
2019-12-04 12:00:00,NSE:MSTCLTD,149.85,149.9,148.0,148.4,28452.0
2019-12-04 13:00:00,NSE:MSTCLTD,148.35,149.0,147.5,148.8,14476.0
2019-12-04 14:00:00,NSE:MSTCLTD,149.0,150.0,148.55,149.0,9482.0
2019-12-04 15:00:00,NSE:MSTCLTD,148.9,149.0,147.6,148.3,21568.0
2019-12-05 09:00:00,NSE:MSTCLTD,149.1,149.65,147.8,148.5,21433.0
2019-12-05 10:00:00,NSE:MSTCLTD,148.65,148.8,147.8,147.95,3570.0
2019-12-05 11:00:00,NSE:MSTCLTD,148.1,148.9,146.25,147.0,12616.0
2019-12-05 12:00:00,NSE:MSTCLTD,147.0,147.9,146.25,147.05,12381.0
2019-12-05 13:00:00,NSE:MSTCLTD,147.1,147.2,146.25,146.7,5927.0
2019-12-05 14:00:00,NSE:MSTCLTD,146.45,146.6,145.05,145.8,7221.0
2019-12-05 15:00:00,NSE:MSTCLTD,145.8,146.4,144.0,145.55,22081.0
2019-12-06 09:00:00,NSE:MSTCLTD,149.9,149.9,146.0,146.9,44388.0
2019-12-06 10:00:00,NSE:MSTCLTD,147.0,147.4,144.0,144.65,22881.0
2019-12-06 11:00:00,NSE:MSTCLTD,144.65,144.9,140.0,140.3,40437.0
2019-12-06 12:00:00,NSE:MSTCLTD,140.95,142.45,140.75,142.1,14341.0
2019-12-06 13:00:00,NSE:MSTCLTD,142.0,144.3,141.1,141.5,14699.0
2019-12-06 14:00:00,NSE:MSTCLTD,141.05,142.95,141.05,142.5,23266.0
2019-12-06 15:00:00,NSE:MSTCLTD,142.8,144.85,142.0,142.9,30894.0
2019-12-09 09:00:00,NSE:MSTCLTD,143.3,143.3,139.0,141.85,48747.0
2019-12-09 10:00:00,NSE:MSTCLTD,141.35,141.9,141.0,141.35,6109.0
2019-12-09 11:00:00,NSE:MSTCLTD,141.35,148.4,141.35,146.0,101144.0
2019-12-09 12:00:00,NSE:MSTCLTD,145.95,146.0,144.75,145.05,9432.0
2019-12-09 13:00:00,NSE:MSTCLTD,146.0,146.0,143.45,143.45,11822.0
2019-12-09 14:00:00,NSE:MSTCLTD,143.5,144.7,140.5,141.0,22470.0
2019-12-09 15:00:00,NSE:MSTCLTD,141.0,141.9,140.1,141.0,21330.0
2019-12-10 09:00:00,NSE:MSTCLTD,141.05,143.85,140.6,142.9,21639.0
2019-12-10 10:00:00,NSE:MSTCLTD,142.8,142.8,138.0,139.95,37822.0
2019-12-10 11:00:00,NSE:MSTCLTD,139.8,140.9,138.95,140.25,6629.0
2019-12-10 12:00:00,NSE:MSTCLTD,140.55,140.75,138.6,140.15,4475.0
2019-12-10 13:00:00,NSE:MSTCLTD,140.2,140.4,138.5,139.5,11223.0
2019-12-10 14:00:00,NSE:MSTCLTD,139.5,139.95,134.9,136.25,50349.0
2019-12-10 15:00:00,NSE:MSTCLTD,136.5,136.5,133.0,134.6,44323.0
2019-12-11 09:00:00,NSE:MSTCLTD,133.2,135.9,132.1,132.65,38800.0
2019-12-11 10:00:00,NSE:MSTCLTD,132.65,133.5,130.5,131.3,45969.0
2019-12-11 11:00:00,NSE:MSTCLTD,131.2,131.45,129.7,130.0,67593.0
2019-12-11 12:00:00,NSE:MSTCLTD,130.0,130.0,128.55,128.9,17843.0
2019-12-11 13:00:00,NSE:MSTCLTD,128.85,129.5,127.3,127.45,38015.0
2019-12-11 14:00:00,NSE:MSTCLTD,127.45,128.35,124.35,127.55,125490.0
2019-12-11 15:00:00,NSE:MSTCLTD,127.6,130.9,127.55,129.8,96466.0
2019-12-12 09:00:00,NSE:MSTCLTD,131.5,132.45,129.25,131.05,42191.0
2019-12-12 10:00:00,NSE:MSTCLTD,131.5,131.5,128.55,129.65,29984.0
2019-12-12 11:00:00,NSE:MSTCLTD,130.15,135.25,128.0,132.8,132306.0
2019-12-12 12:00:00,NSE:MSTCLTD,133.25,140.6,133.0,138.25,218194.0
2019-12-12 13:00:00,NSE:MSTCLTD,138.1,139.45,136.1,137.85,37702.0
2019-12-12 14:00:00,NSE:MSTCLTD,137.75,142.0,137.0,138.6,124972.0
2019-12-12 15:00:00,NSE:MSTCLTD,138.5,140.0,138.15,139.2,56610.0
2019-12-13 09:00:00,NSE:MSTCLTD,140.3,143.4,138.05,143.25,98981.0
2019-12-13 10:00:00,NSE:MSTCLTD,143.2,150.5,143.0,147.7,316490.0
2019-12-13 11:00:00,NSE:MSTCLTD,147.7,147.85,145.65,145.85,129897.0
2019-12-13 12:00:00,NSE:MSTCLTD,145.75,146.0,144.75,145.45,48585.0
2019-12-13 13:00:00,NSE:MSTCLTD,145.2,146.05,144.55,145.75,35535.0
2019-12-13 14:00:00,NSE:MSTCLTD,145.85,146.9,144.8,146.5,42574.0
2019-12-13 15:00:00,NSE:MSTCLTD,146.75,149.0,146.75,148.0,63319.0
2019-12-16 09:00:00,NSE:MSTCLTD,148.8,148.8,146.2,148.35,31451.0
2019-12-16 10:00:00,NSE:MSTCLTD,148.4,148.45,145.1,145.45,16933.0
2019-12-16 11:00:00,NSE:MSTCLTD,145.7,149.0,144.15,147.25,25564.0
2019-12-16 12:00:00,NSE:MSTCLTD,147.25,147.5,145.45,147.5,15352.0
2019-12-16 13:00:00,NSE:MSTCLTD,147.35,148.35,146.55,147.15,10624.0
2019-12-16 14:00:00,NSE:MSTCLTD,146.85,148.2,144.65,145.55,31551.0
2019-12-16 15:00:00,NSE:MSTCLTD,145.85,146.35,144.5,145.55,27579.0
2019-12-17 09:00:00,NSE:MSTCLTD,146.35,146.85,145.05,146.8,20642.0
2019-12-17 10:00:00,NSE:MSTCLTD,146.65,147.35,145.75,146.0,6086.0
2019-12-17 11:00:00,NSE:MSTCLTD,146.0,149.05,144.0,146.8,36746.0
2019-12-17 12:00:00,NSE:MSTCLTD,146.7,146.7,144.5,145.2,19275.0
2019-12-17 13:00:00,NSE:MSTCLTD,145.05,145.35,144.75,144.9,4734.0
2019-12-17 14:00:00,NSE:MSTCLTD,144.6,145.0,141.0,142.65,34238.0
2019-12-17 15:00:00,NSE:MSTCLTD,142.3,144.5,141.7,143.25,31939.0
2019-12-18 09:00:00,NSE:MSTCLTD,143.9,144.45,142.25,143.0,23478.0
2019-12-18 10:00:00,NSE:MSTCLTD,142.7,142.7,138.4,139.95,30737.0
2019-12-18 11:00:00,NSE:MSTCLTD,139.5,141.7,139.0,140.4,8443.0
2019-12-18 12:00:00,NSE:MSTCLTD,140.4,141.8,140.4,141.65,8422.0
2019-12-18 13:00:00,NSE:MSTCLTD,141.7,141.9,139.0,140.0,14654.0
2019-12-18 14:00:00,NSE:MSTCLTD,140.0,142.55,140.0,142.55,12812.0
2019-12-18 15:00:00,NSE:MSTCLTD,142.55,145.85,141.65,143.75,57571.0
2019-12-19 09:00:00,NSE:MSTCLTD,142.2,142.95,140.35,142.5,19317.0
2019-12-19 10:00:00,NSE:MSTCLTD,142.15,142.6,141.6,141.85,1824.0
2019-12-19 11:00:00,NSE:MSTCLTD,142.0,148.65,142.0,146.5,180840.0
2019-12-19 12:00:00,NSE:MSTCLTD,146.5,148.5,144.0,145.0,82583.0
2019-12-19 13:00:00,NSE:MSTCLTD,144.8,145.95,144.3,144.55,16981.0
2019-12-19 14:00:00,NSE:MSTCLTD,144.5,145.0,142.7,144.4,26533.0
2019-12-19 15:00:00,NSE:MSTCLTD,144.4,144.95,142.6,143.75,31912.0
2019-12-20 09:00:00,NSE:MSTCLTD,142.95,144.8,142.1,143.2,15624.0
2019-12-20 10:00:00,NSE:MSTCLTD,143.25,143.65,142.7,143.2,3423.0
2019-12-20 11:00:00,NSE:MSTCLTD,143.2,145.85,143.2,143.7,34450.0
2019-12-20 12:00:00,NSE:MSTCLTD,143.6,143.75,142.85,142.95,4052.0
2019-12-20 13:00:00,NSE:MSTCLTD,143.6,143.65,142.3,142.9,2864.0
2019-12-20 14:00:00,NSE:MSTCLTD,142.95,143.4,142.2,142.7,4720.0
2019-12-20 15:00:00,NSE:MSTCLTD,142.95,142.95,141.45,142.4,16018.0
2019-12-23 09:00:00,NSE:MSTCLTD,142.65,143.7,141.5,142.5,11507.0
2019-12-23 10:00:00,NSE:MSTCLTD,142.5,144.5,141.9,142.35,16147.0
2019-12-23 11:00:00,NSE:MSTCLTD,142.25,148.5,142.2,146.95,115057.0
2019-12-23 12:00:00,NSE:MSTCLTD,146.95,148.2,145.45,145.6,211278.0
2019-12-23 13:00:00,NSE:MSTCLTD,145.65,146.0,143.0,144.5,23801.0
2019-12-23 14:00:00,NSE:MSTCLTD,144.65,145.45,144.2,144.55,5558.0
2019-12-23 15:00:00,NSE:MSTCLTD,144.5,146.4,144.3,145.5,32464.0
2019-12-24 09:00:00,NSE:MSTCLTD,146.35,153.05,145.0,149.85,244956.0
2019-12-24 10:00:00,NSE:MSTCLTD,149.7,151.45,144.3,145.5,143357.0
2019-12-24 11:00:00,NSE:MSTCLTD,145.7,148.25,145.1,146.9,95959.0
2019-12-24 12:00:00,NSE:MSTCLTD,147.0,147.95,145.1,146.0,63585.0
2019-12-24 13:00:00,NSE:MSTCLTD,145.9,147.65,145.7,146.45,29788.0
2019-12-24 14:00:00,NSE:MSTCLTD,146.7,146.7,145.25,145.5,11640.0
2019-12-24 15:00:00,NSE:MSTCLTD,145.6,146.9,145.05,146.05,49972.0
2019-12-26 09:00:00,NSE:MSTCLTD,146.6,146.95,145.05,145.55,20197.0
2019-12-26 10:00:00,NSE:MSTCLTD,145.75,146.8,144.1,144.5,11978.0
2019-12-26 11:00:00,NSE:MSTCLTD,144.75,144.95,143.65,143.85,21430.0
2019-12-26 12:00:00,NSE:MSTCLTD,144.0,144.05,143.6,144.0,15832.0
2019-12-26 13:00:00,NSE:MSTCLTD,144.0,144.0,143.7,143.75,14110.0
2019-12-26 14:00:00,NSE:MSTCLTD,143.75,144.0,142.5,143.25,12391.0
2019-12-26 15:00:00,NSE:MSTCLTD,142.5,144.0,142.5,143.55,19688.0
2019-12-27 09:00:00,NSE:MSTCLTD,144.3,144.8,143.85,144.5,13262.0
2019-12-27 10:00:00,NSE:MSTCLTD,144.3,149.8,144.3,146.05,114669.0
2019-12-27 11:00:00,NSE:MSTCLTD,146.5,147.0,144.65,145.0,53452.0
2019-12-27 12:00:00,NSE:MSTCLTD,145.0,145.6,144.35,145.5,50780.0
2019-12-27 13:00:00,NSE:MSTCLTD,145.4,145.95,145.0,145.4,12674.0
2019-12-27 14:00:00,NSE:MSTCLTD,145.15,146.0,144.1,144.75,19649.0
2019-12-27 15:00:00,NSE:MSTCLTD,145.0,146.0,144.55,145.5,33353.0
2019-12-30 09:00:00,NSE:MSTCLTD,146.3,147.0,145.85,146.25,18062.0
2019-12-30 10:00:00,NSE:MSTCLTD,146.0,148.0,145.65,147.1,21007.0
2019-12-30 11:00:00,NSE:MSTCLTD,147.1,147.9,145.7,145.8,47883.0
2019-12-30 12:00:00,NSE:MSTCLTD,145.8,146.0,145.0,146.0,7772.0
2019-12-30 13:00:00,NSE:MSTCLTD,145.8,146.0,145.3,145.6,5678.0
2019-12-30 14:00:00,NSE:MSTCLTD,145.0,145.25,144.35,144.85,26358.0
2019-12-30 15:00:00,NSE:MSTCLTD,145.0,145.95,144.6,145.2,19640.0
2019-12-31 09:00:00,NSE:MSTCLTD,145.65,146.2,143.1,143.85,45909.0
2019-12-31 10:00:00,NSE:MSTCLTD,143.85,144.8,142.9,144.1,14585.0
2019-12-31 11:00:00,NSE:MSTCLTD,144.25,146.25,143.55,143.55,50628.0
2019-12-31 12:00:00,NSE:MSTCLTD,143.65,143.7,143.0,143.7,8904.0
2019-12-31 13:00:00,NSE:MSTCLTD,143.25,143.75,143.05,143.5,10845.0
2019-12-31 14:00:00,NSE:MSTCLTD,143.75,144.55,143.05,143.25,6607.0
2019-12-31 15:00:00,NSE:MSTCLTD,143.25,143.55,141.3,142.4,28067.0
2020-01-01 09:00:00,NSE:MSTCLTD,142.95,143.6,141.55,142.45,14493.0
2020-01-01 10:00:00,NSE:MSTCLTD,142.45,142.5,140.5,140.95,17960.0
2020-01-01 11:00:00,NSE:MSTCLTD,140.9,141.55,140.25,140.6,9668.0
2020-01-01 12:00:00,NSE:MSTCLTD,140.75,141.55,140.5,140.9,8873.0
2020-01-01 13:00:00,NSE:MSTCLTD,140.65,140.9,138.3,138.9,21921.0
2020-01-01 14:00:00,NSE:MSTCLTD,138.9,139.55,137.1,137.7,25156.0
2020-01-01 15:00:00,NSE:MSTCLTD,138.0,138.2,137.0,137.8,28679.0
2020-01-02 09:00:00,NSE:MSTCLTD,138.0,142.5,135.25,140.8,95524.0
2020-01-02 10:00:00,NSE:MSTCLTD,140.35,141.55,140.0,140.8,11334.0
2020-01-02 11:00:00,NSE:MSTCLTD,140.8,146.25,140.25,143.0,81947.0
2020-01-02 12:00:00,NSE:MSTCLTD,143.0,143.0,141.5,142.3,19683.0
2020-01-02 13:00:00,NSE:MSTCLTD,141.9,142.25,141.35,141.4,4474.0
2020-01-02 14:00:00,NSE:MSTCLTD,141.4,142.7,140.75,141.0,26745.0
2020-01-02 15:00:00,NSE:MSTCLTD,141.0,141.15,139.25,140.65,54045.0
2020-01-03 09:00:00,NSE:MSTCLTD,139.6,143.4,139.2,139.95,47252.0
2020-01-03 10:00:00,NSE:MSTCLTD,140.0,142.6,140.0,141.7,26430.0
2020-01-03 11:00:00,NSE:MSTCLTD,142.15,142.45,140.0,140.0,26274.0
2020-01-03 12:00:00,NSE:MSTCLTD,140.3,140.75,139.4,139.75,20623.0
2020-01-03 13:00:00,NSE:MSTCLTD,139.85,140.0,139.35,139.55,11814.0
2020-01-03 14:00:00,NSE:MSTCLTD,139.3,139.3,137.7,138.7,17756.0
2020-01-03 15:00:00,NSE:MSTCLTD,138.7,139.5,138.15,138.9,21826.0
2020-01-06 09:00:00,NSE:MSTCLTD,138.8,138.8,135.2,137.25,25976.0
2020-01-06 10:00:00,NSE:MSTCLTD,136.85,137.45,135.5,137.0,7443.0
2020-01-06 11:00:00,NSE:MSTCLTD,137.15,137.15,134.5,135.0,11360.0
2020-01-06 12:00:00,NSE:MSTCLTD,135.0,135.0,134.0,134.0,10701.0
2020-01-06 13:00:00,NSE:MSTCLTD,134.35,134.35,133.5,133.8,3730.0
2020-01-06 14:00:00,NSE:MSTCLTD,133.75,133.85,132.25,133.35,10380.0
2020-01-06 15:00:00,NSE:MSTCLTD,133.65,133.65,132.5,132.95,10461.0
2020-01-07 09:00:00,NSE:MSTCLTD,135.95,137.65,135.0,137.0,19571.0
2020-01-07 10:00:00,NSE:MSTCLTD,136.95,136.95,135.5,135.5,6889.0
2020-01-07 11:00:00,NSE:MSTCLTD,135.5,135.85,133.45,134.4,8788.0
2020-01-07 12:00:00,NSE:MSTCLTD,134.4,135.4,134.4,135.0,5212.0
2020-01-07 13:00:00,NSE:MSTCLTD,135.15,135.15,134.0,134.15,5392.0
2020-01-07 14:00:00,NSE:MSTCLTD,134.15,134.35,133.75,134.2,5269.0
2020-01-07 15:00:00,NSE:MSTCLTD,134.0,135.0,134.0,134.7,7996.0
2020-01-08 09:00:00,NSE:MSTCLTD,130.5,135.5,130.5,135.0,17639.0
2020-01-08 10:00:00,NSE:MSTCLTD,135.4,135.95,135.0,135.4,6337.0
2020-01-08 11:00:00,NSE:MSTCLTD,135.15,135.3,134.1,135.2,7143.0
2020-01-08 12:00:00,NSE:MSTCLTD,135.0,139.65,134.0,138.5,58532.0
2020-01-08 13:00:00,NSE:MSTCLTD,138.0,138.8,136.45,137.65,21434.0
2020-01-08 14:00:00,NSE:MSTCLTD,137.55,138.4,136.7,136.8,14502.0
2020-01-08 15:00:00,NSE:MSTCLTD,136.95,137.75,135.1,136.15,23841.0
2020-01-09 09:00:00,NSE:MSTCLTD,138.0,139.85,137.65,138.25,9108.0
2020-01-09 10:00:00,NSE:MSTCLTD,138.25,144.5,138.25,143.0,119073.0
2020-01-09 11:00:00,NSE:MSTCLTD,142.7,146.45,142.5,142.95,125940.0
2020-01-09 12:00:00,NSE:MSTCLTD,142.75,144.2,142.0,142.9,23485.0
2020-01-09 13:00:00,NSE:MSTCLTD,142.6,142.9,141.25,141.5,12492.0
2020-01-09 14:00:00,NSE:MSTCLTD,141.75,142.9,141.5,142.5,5299.0
2020-01-09 15:00:00,NSE:MSTCLTD,142.5,143.5,142.1,142.7,31892.0
2020-01-10 09:00:00,NSE:MSTCLTD,143.6,143.8,142.25,143.45,11785.0
2020-01-10 10:00:00,NSE:MSTCLTD,143.2,146.85,142.7,146.5,60638.0
2020-01-10 11:00:00,NSE:MSTCLTD,146.5,147.85,144.0,146.25,82263.0
2020-01-10 12:00:00,NSE:MSTCLTD,146.0,146.5,143.05,143.3,32973.0
2020-01-10 13:00:00,NSE:MSTCLTD,143.35,143.65,141.15,142.45,35521.0
2020-01-10 14:00:00,NSE:MSTCLTD,142.2,142.3,136.65,138.65,47049.0
2020-01-10 15:00:00,NSE:MSTCLTD,138.65,140.05,138.3,139.3,25730.0
2020-01-13 09:00:00,NSE:MSTCLTD,140.4,142.25,139.8,141.15,22045.0
2020-01-13 10:00:00,NSE:MSTCLTD,141.25,142.55,140.5,141.15,10543.0
2020-01-13 11:00:00,NSE:MSTCLTD,141.3,141.9,141.2,141.55,4854.0
2020-01-13 12:00:00,NSE:MSTCLTD,141.5,141.85,138.6,139.5,13076.0
2020-01-13 13:00:00,NSE:MSTCLTD,139.5,140.0,139.0,140.0,7584.0
2020-01-13 14:00:00,NSE:MSTCLTD,139.75,140.0,139.65,139.75,9576.0
2020-01-13 15:00:00,NSE:MSTCLTD,139.95,142.0,139.75,140.0,25314.0
2020-01-14 09:00:00,NSE:MSTCLTD,139.5,142.5,139.5,141.6,24099.0
2020-01-14 10:00:00,NSE:MSTCLTD,141.5,143.9,140.8,141.4,24082.0
2020-01-14 11:00:00,NSE:MSTCLTD,141.05,143.0,141.05,142.1,10638.0
2020-01-14 12:00:00,NSE:MSTCLTD,142.1,142.45,141.45,141.45,4790.0
2020-01-14 13:00:00,NSE:MSTCLTD,141.25,141.5,138.25,138.5,17543.0
2020-01-14 14:00:00,NSE:MSTCLTD,138.95,140.7,138.15,140.7,18325.0
2020-01-14 15:00:00,NSE:MSTCLTD,140.8,140.85,139.25,140.15,30466.0
2020-01-15 09:00:00,NSE:MSTCLTD,140.1,141.0,139.45,139.75,9643.0
2020-01-15 10:00:00,NSE:MSTCLTD,139.75,140.0,139.35,139.65,10071.0
2020-01-15 11:00:00,NSE:MSTCLTD,139.55,140.0,138.7,139.5,14251.0
2020-01-15 12:00:00,NSE:MSTCLTD,139.5,139.5,138.7,139.0,8431.0
2020-01-15 13:00:00,NSE:MSTCLTD,139.0,139.35,138.6,139.0,5297.0
2020-01-15 14:00:00,NSE:MSTCLTD,139.0,141.75,138.75,140.1,31828.0
2020-01-15 15:00:00,NSE:MSTCLTD,140.2,144.35,140.2,142.65,62466.0
2020-01-16 09:00:00,NSE:MSTCLTD,143.95,147.0,142.45,146.55,69528.0
2020-01-16 10:00:00,NSE:MSTCLTD,147.0,148.95,145.0,145.5,126393.0
2020-01-16 11:00:00,NSE:MSTCLTD,145.5,146.95,144.25,145.0,24325.0
2020-01-16 12:00:00,NSE:MSTCLTD,145.0,146.0,145.0,145.35,4940.0
2020-01-16 13:00:00,NSE:MSTCLTD,145.35,149.3,145.05,148.65,121788.0
2020-01-16 14:00:00,NSE:MSTCLTD,148.9,152.8,147.7,148.0,216596.0
2020-01-16 15:00:00,NSE:MSTCLTD,148.0,149.0,147.1,148.15,65902.0
2020-01-17 09:00:00,NSE:MSTCLTD,148.9,148.95,145.05,146.55,44009.0
2020-01-17 10:00:00,NSE:MSTCLTD,146.5,146.55,145.05,145.4,13800.0
2020-01-17 11:00:00,NSE:MSTCLTD,145.65,146.25,144.6,144.85,12403.0
2020-01-17 12:00:00,NSE:MSTCLTD,144.95,145.0,144.7,144.75,12254.0
2020-01-17 13:00:00,NSE:MSTCLTD,144.95,145.0,144.5,144.6,5504.0
2020-01-17 14:00:00,NSE:MSTCLTD,144.6,144.9,143.65,143.75,13539.0
2020-01-17 15:00:00,NSE:MSTCLTD,143.95,144.35,143.0,143.5,20748.0
2020-01-20 09:00:00,NSE:MSTCLTD,144.3,144.75,141.25,142.05,36736.0
2020-01-20 10:00:00,NSE:MSTCLTD,141.85,142.7,140.4,142.25,13715.0
2020-01-20 11:00:00,NSE:MSTCLTD,141.9,142.2,141.3,141.3,4164.0
2020-01-20 12:00:00,NSE:MSTCLTD,141.0,142.0,140.65,140.95,12794.0
2020-01-20 13:00:00,NSE:MSTCLTD,141.35,141.55,140.65,141.0,5839.0
2020-01-20 14:00:00,NSE:MSTCLTD,140.75,140.8,139.35,140.0,22359.0
2020-01-20 15:00:00,NSE:MSTCLTD,140.25,141.0,139.55,140.45,22502.0
2020-01-21 09:00:00,NSE:MSTCLTD,139.0,141.65,139.0,141.0,16982.0
2020-01-21 10:00:00,NSE:MSTCLTD,141.0,141.0,138.8,139.0,18382.0
2020-01-21 11:00:00,NSE:MSTCLTD,139.0,140.0,138.65,139.65,7128.0
2020-01-21 12:00:00,NSE:MSTCLTD,139.55,140.3,139.3,139.8,3456.0
2020-01-21 13:00:00,NSE:MSTCLTD,139.8,139.95,139.15,139.25,2573.0
2020-01-21 14:00:00,NSE:MSTCLTD,139.45,139.55,138.1,139.0,8162.0
2020-01-21 15:00:00,NSE:MSTCLTD,138.65,139.2,138.05,138.45,10985.0
2020-01-22 09:00:00,NSE:MSTCLTD,139.5,141.4,138.7,140.05,22178.0
2020-01-22 10:00:00,NSE:MSTCLTD,140.4,140.8,139.0,139.7,15102.0
2020-01-22 11:00:00,NSE:MSTCLTD,139.8,139.85,138.6,139.0,8929.0
2020-01-22 12:00:00,NSE:MSTCLTD,138.95,139.0,138.8,139.0,3034.0
2020-01-22 13:00:00,NSE:MSTCLTD,139.0,139.0,137.85,139.0,5850.0
2020-01-22 14:00:00,NSE:MSTCLTD,139.0,139.0,137.25,138.0,16322.0
2020-01-22 15:00:00,NSE:MSTCLTD,138.0,139.0,137.55,138.05,14413.0
2020-01-23 09:00:00,NSE:MSTCLTD,137.75,141.15,137.75,140.9,14902.0
2020-01-23 10:00:00,NSE:MSTCLTD,140.9,142.4,140.2,140.55,26807.0
2020-01-23 11:00:00,NSE:MSTCLTD,140.8,141.0,139.5,139.95,14529.0
2020-01-23 12:00:00,NSE:MSTCLTD,139.95,140.0,139.5,139.95,3201.0
2020-01-23 13:00:00,NSE:MSTCLTD,139.95,140.0,139.6,139.6,3764.0
2020-01-23 14:00:00,NSE:MSTCLTD,139.6,139.75,138.75,138.8,20806.0
2020-01-23 15:00:00,NSE:MSTCLTD,138.8,139.6,138.1,138.7,28139.0
2020-01-24 09:00:00,NSE:MSTCLTD,138.0,139.9,138.0,139.1,15834.0
2020-01-24 10:00:00,NSE:MSTCLTD,139.1,141.8,139.0,139.25,20043.0
2020-01-24 11:00:00,NSE:MSTCLTD,139.55,140.65,139.3,139.5,10774.0
2020-01-24 12:00:00,NSE:MSTCLTD,139.65,139.9,138.75,139.0,6624.0
2020-01-24 13:00:00,NSE:MSTCLTD,139.0,141.1,138.9,139.95,17694.0
2020-01-24 14:00:00,NSE:MSTCLTD,139.6,140.25,139.0,139.6,10842.0
2020-01-24 15:00:00,NSE:MSTCLTD,139.6,139.7,138.6,139.1,13402.0
2020-01-27 09:00:00,NSE:MSTCLTD,137.9,137.9,132.25,136.5,45894.0
2020-01-27 10:00:00,NSE:MSTCLTD,136.5,138.0,135.25,136.4,16176.0
2020-01-27 11:00:00,NSE:MSTCLTD,136.4,137.35,135.3,135.5,31726.0
2020-01-27 12:00:00,NSE:MSTCLTD,135.5,140.8,135.0,137.45,69211.0
2020-01-27 13:00:00,NSE:MSTCLTD,137.5,137.8,136.5,137.05,11335.0
2020-01-27 14:00:00,NSE:MSTCLTD,137.05,137.35,134.5,135.0,20935.0
2020-01-27 15:00:00,NSE:MSTCLTD,135.0,135.55,134.25,134.75,11689.0
2020-01-28 09:00:00,NSE:MSTCLTD,135.45,137.8,135.45,136.35,12392.0
2020-01-28 10:00:00,NSE:MSTCLTD,136.15,136.5,135.5,135.85,5138.0
2020-01-28 11:00:00,NSE:MSTCLTD,135.85,135.85,133.85,134.45,14903.0
2020-01-28 12:00:00,NSE:MSTCLTD,134.7,134.7,134.1,134.3,7467.0
2020-01-28 13:00:00,NSE:MSTCLTD,134.3,135.4,134.15,134.75,7575.0
2020-01-28 14:00:00,NSE:MSTCLTD,134.4,134.5,129.15,130.0,58984.0
2020-01-28 15:00:00,NSE:MSTCLTD,130.15,131.5,129.75,130.5,23032.0
2020-01-29 09:00:00,NSE:MSTCLTD,131.95,133.15,131.55,132.1,21543.0
2020-01-29 10:00:00,NSE:MSTCLTD,132.35,135.4,132.1,134.3,24970.0
2020-01-29 11:00:00,NSE:MSTCLTD,134.05,134.05,128.15,130.9,77035.0
2020-01-29 12:00:00,NSE:MSTCLTD,130.6,131.0,130.0,130.0,18060.0
2020-01-29 13:00:00,NSE:MSTCLTD,130.35,130.45,127.75,129.4,21562.0
2020-01-29 14:00:00,NSE:MSTCLTD,129.15,129.45,124.6,125.0,55152.0
2020-01-29 15:00:00,NSE:MSTCLTD,125.25,128.1,124.6,126.3,151846.0
2020-01-30 09:00:00,NSE:MSTCLTD,127.2,128.85,121.0,123.35,70824.0
2020-01-30 10:00:00,NSE:MSTCLTD,123.0,123.85,120.05,121.3,42134.0
2020-01-30 11:00:00,NSE:MSTCLTD,121.3,122.6,120.2,122.35,33378.0
2020-01-30 12:00:00,NSE:MSTCLTD,122.35,123.8,121.0,121.0,22054.0
2020-01-30 13:00:00,NSE:MSTCLTD,120.95,121.5,118.85,121.35,52826.0
2020-01-30 14:00:00,NSE:MSTCLTD,121.2,121.4,120.0,120.7,26404.0
2020-01-30 15:00:00,NSE:MSTCLTD,120.7,122.0,120.5,121.4,25720.0
2020-01-31 09:00:00,NSE:MSTCLTD,122.85,124.45,121.0,122.05,37002.0
2020-01-31 10:00:00,NSE:MSTCLTD,122.4,123.3,122.2,122.2,9023.0
2020-01-31 11:00:00,NSE:MSTCLTD,122.35,123.35,122.2,122.2,6401.0
2020-01-31 12:00:00,NSE:MSTCLTD,122.2,126.8,121.55,124.6,48528.0
2020-01-31 13:00:00,NSE:MSTCLTD,124.6,125.0,121.0,122.0,28671.0
2020-01-31 14:00:00,NSE:MSTCLTD,123.3,124.0,120.4,121.3,25437.0
2020-01-31 15:00:00,NSE:MSTCLTD,119.95,121.0,119.5,120.3,26124.0
2020-02-01 09:00:00,NSE:MSTCLTD,121.4,122.8,120.55,122.05,14639.0
2020-02-01 10:00:00,NSE:MSTCLTD,122.2,129.4,122.2,129.0,44458.0
2020-02-01 11:00:00,NSE:MSTCLTD,128.4,131.1,125.35,126.5,86572.0
2020-02-01 12:00:00,NSE:MSTCLTD,126.6,126.6,121.8,122.25,23032.0
2020-02-01 13:00:00,NSE:MSTCLTD,121.9,123.0,119.0,120.8,32338.0
2020-02-01 14:00:00,NSE:MSTCLTD,120.95,124.5,119.95,120.1,47335.0
2020-02-01 15:00:00,NSE:MSTCLTD,120.15,120.2,116.55,118.2,45738.0
2020-02-03 09:00:00,NSE:MSTCLTD,115.9,119.7,115.9,117.5,27367.0
2020-02-03 10:00:00,NSE:MSTCLTD,117.5,119.45,117.5,118.15,9621.0
2020-02-03 11:00:00,NSE:MSTCLTD,118.5,118.7,116.0,116.65,14572.0
2020-02-03 12:00:00,NSE:MSTCLTD,116.75,117.3,116.0,116.8,7406.0
2020-02-03 13:00:00,NSE:MSTCLTD,116.6,116.75,114.8,115.05,11711.0
2020-02-03 14:00:00,NSE:MSTCLTD,115.5,115.5,112.55,113.1,20542.0
2020-02-03 15:00:00,NSE:MSTCLTD,113.2,113.45,112.75,113.05,18108.0
2020-02-04 09:00:00,NSE:MSTCLTD,114.85,116.0,114.2,115.6,21290.0
2020-02-04 10:00:00,NSE:MSTCLTD,115.65,117.5,115.0,116.25,19774.0
2020-02-04 11:00:00,NSE:MSTCLTD,116.7,116.75,115.5,116.0,9461.0
2020-02-04 12:00:00,NSE:MSTCLTD,117.05,121.7,117.0,120.15,57694.0
2020-02-04 13:00:00,NSE:MSTCLTD,120.15,120.7,119.15,119.75,17021.0
2020-02-04 14:00:00,NSE:MSTCLTD,119.75,120.7,118.8,119.15,15408.0
2020-02-04 15:00:00,NSE:MSTCLTD,119.4,119.95,118.65,119.2,20346.0
2020-02-05 09:00:00,NSE:MSTCLTD,120.45,126.4,120.45,124.5,59869.0
2020-02-05 10:00:00,NSE:MSTCLTD,124.4,124.6,122.85,123.6,14782.0
2020-02-05 11:00:00,NSE:MSTCLTD,123.35,127.5,123.2,125.3,57039.0
2020-02-05 12:00:00,NSE:MSTCLTD,125.15,128.9,125.0,126.25,63391.0
2020-02-05 13:00:00,NSE:MSTCLTD,126.55,127.25,125.15,125.75,17219.0
2020-02-05 14:00:00,NSE:MSTCLTD,125.75,127.3,125.5,127.0,27913.0
2020-02-05 15:00:00,NSE:MSTCLTD,126.8,127.65,126.55,127.0,32650.0
2020-02-06 09:00:00,NSE:MSTCLTD,128.15,128.15,125.05,125.75,20142.0
2020-02-06 10:00:00,NSE:MSTCLTD,125.8,126.5,123.85,124.4,14821.0
2020-02-06 11:00:00,NSE:MSTCLTD,124.4,125.05,123.7,124.75,5856.0
2020-02-06 12:00:00,NSE:MSTCLTD,124.95,125.5,123.7,123.95,11687.0
2020-02-06 13:00:00,NSE:MSTCLTD,124.0,124.0,122.85,123.25,21265.0
2020-02-06 14:00:00,NSE:MSTCLTD,123.25,124.0,122.45,123.0,10753.0
2020-02-06 15:00:00,NSE:MSTCLTD,122.25,122.95,121.1,122.3,22444.0
2020-02-07 09:00:00,NSE:MSTCLTD,122.5,126.95,122.0,126.5,30091.0
2020-02-07 10:00:00,NSE:MSTCLTD,126.5,127.5,124.75,125.0,46319.0
2020-02-07 11:00:00,NSE:MSTCLTD,125.0,131.8,125.0,128.75,105653.0
2020-02-07 12:00:00,NSE:MSTCLTD,128.7,141.65,127.15,136.85,511864.0
2020-02-07 13:00:00,NSE:MSTCLTD,136.85,143.9,136.7,138.3,404908.0
2020-02-07 14:00:00,NSE:MSTCLTD,138.3,146.75,138.3,143.0,1441106.0
2020-02-07 15:00:00,NSE:MSTCLTD,143.0,144.85,141.5,142.85,167636.0
2020-02-10 09:00:00,NSE:MSTCLTD,142.1,148.0,140.1,140.8,253515.0
2020-02-10 10:00:00,NSE:MSTCLTD,141.0,147.0,140.6,145.25,201179.0
2020-02-10 11:00:00,NSE:MSTCLTD,145.2,146.3,143.65,144.5,38799.0
2020-02-10 12:00:00,NSE:MSTCLTD,144.65,145.0,142.2,142.4,41091.0
2020-02-10 13:00:00,NSE:MSTCLTD,142.4,142.4,140.6,140.9,26839.0
2020-02-10 14:00:00,NSE:MSTCLTD,140.9,142.25,140.1,141.2,32837.0
2020-02-10 15:00:00,NSE:MSTCLTD,141.4,141.9,139.55,140.9,54805.0
2020-02-11 09:00:00,NSE:MSTCLTD,142.0,143.9,141.0,141.75,48531.0
2020-02-11 10:00:00,NSE:MSTCLTD,141.75,146.0,141.15,141.6,84737.0
2020-02-11 11:00:00,NSE:MSTCLTD,141.7,142.0,140.2,140.4,34365.0
2020-02-11 12:00:00,NSE:MSTCLTD,140.6,154.35,140.2,150.0,617788.0
2020-02-11 13:00:00,NSE:MSTCLTD,149.7,155.7,149.7,151.8,384057.0
2020-02-11 14:00:00,NSE:MSTCLTD,152.5,153.15,144.6,145.95,220663.0
2020-02-11 15:00:00,NSE:MSTCLTD,145.8,146.9,142.55,144.5,154759.0
2020-02-12 09:00:00,NSE:MSTCLTD,144.2,149.0,144.0,146.6,155723.0
2020-02-12 10:00:00,NSE:MSTCLTD,146.6,148.5,145.0,147.85,53322.0
2020-02-12 11:00:00,NSE:MSTCLTD,147.5,147.5,142.0,142.55,67699.0
2020-02-12 12:00:00,NSE:MSTCLTD,142.5,143.85,142.0,142.6,22995.0
2020-02-12 13:00:00,NSE:MSTCLTD,142.6,144.0,142.15,142.5,30956.0
2020-02-12 14:00:00,NSE:MSTCLTD,142.3,142.6,138.8,139.2,46894.0
2020-02-12 15:00:00,NSE:MSTCLTD,139.0,140.45,137.1,139.05,61399.0
2020-02-13 09:00:00,NSE:MSTCLTD,143.1,151.65,143.1,148.25,458717.0
2020-02-13 10:00:00,NSE:MSTCLTD,148.25,149.95,147.45,148.05,73854.0
2020-02-13 11:00:00,NSE:MSTCLTD,148.15,155.0,148.15,152.75,203984.0
2020-02-13 12:00:00,NSE:MSTCLTD,152.75,153.0,149.25,150.2,71030.0
2020-02-13 13:00:00,NSE:MSTCLTD,150.25,153.5,149.6,150.9,61572.0
2020-02-13 14:00:00,NSE:MSTCLTD,150.7,152.9,149.75,152.0,65425.0
2020-02-13 15:00:00,NSE:MSTCLTD,152.0,166.85,152.0,162.7,1249196.0
2020-02-14 09:00:00,NSE:MSTCLTD,163.2,165.9,159.05,160.2,179008.0
2020-02-14 10:00:00,NSE:MSTCLTD,159.95,163.5,155.15,157.0,121755.0
2020-02-14 11:00:00,NSE:MSTCLTD,156.55,157.05,154.25,156.05,64978.0
2020-02-14 12:00:00,NSE:MSTCLTD,156.0,163.0,153.65,158.6,184584.0
2020-02-14 13:00:00,NSE:MSTCLTD,158.55,158.8,154.0,155.8,99751.0
2020-02-14 14:00:00,NSE:MSTCLTD,155.8,157.8,155.0,156.4,56612.0
2020-02-14 15:00:00,NSE:MSTCLTD,156.35,156.4,153.1,154.55,99436.0
2020-02-17 09:00:00,NSE:MSTCLTD,155.5,164.85,155.45,162.15,210374.0
2020-02-17 10:00:00,NSE:MSTCLTD,162.45,177.9,159.0,176.5,941895.0
2020-02-17 11:00:00,NSE:MSTCLTD,176.35,181.75,173.5,174.9,496645.0
2020-02-17 12:00:00,NSE:MSTCLTD,174.9,180.3,173.9,176.7,260168.0
2020-02-17 13:00:00,NSE:MSTCLTD,176.7,177.1,166.6,170.0,243427.0
2020-02-17 14:00:00,NSE:MSTCLTD,169.85,173.7,168.5,172.55,151935.0
2020-02-17 15:00:00,NSE:MSTCLTD,172.5,172.5,167.1,169.85,222299.0
2020-02-18 09:00:00,NSE:MSTCLTD,171.2,174.65,165.7,168.1,295567.0
2020-02-18 10:00:00,NSE:MSTCLTD,168.15,169.5,163.7,163.8,101114.0
2020-02-18 11:00:00,NSE:MSTCLTD,163.85,164.85,160.35,163.0,116324.0
2020-02-18 12:00:00,NSE:MSTCLTD,163.0,164.85,160.0,164.5,89221.0
2020-02-18 13:00:00,NSE:MSTCLTD,164.5,164.85,158.0,161.15,102727.0
2020-02-18 14:00:00,NSE:MSTCLTD,162.85,164.5,160.95,163.45,121856.0
2020-02-18 15:00:00,NSE:MSTCLTD,163.45,163.9,160.4,162.1,82383.0
2020-02-19 09:00:00,NSE:MSTCLTD,162.9,169.0,162.85,164.6,183897.0
2020-02-19 10:00:00,NSE:MSTCLTD,164.6,169.9,164.35,168.0,137932.0
2020-02-19 11:00:00,NSE:MSTCLTD,168.2,168.7,165.5,167.0,26158.0
2020-02-19 12:00:00,NSE:MSTCLTD,166.85,174.0,166.45,172.05,195099.0
2020-02-19 13:00:00,NSE:MSTCLTD,172.2,172.75,168.85,170.05,76625.0
2020-02-19 14:00:00,NSE:MSTCLTD,170.0,172.2,168.4,171.0,58240.0
2020-02-19 15:00:00,NSE:MSTCLTD,171.0,174.5,170.55,172.55,182115.0
2020-02-20 09:00:00,NSE:MSTCLTD,174.4,180.9,174.05,178.85,430132.0
2020-02-20 10:00:00,NSE:MSTCLTD,179.25,191.1,178.75,188.0,722071.0
2020-02-20 11:00:00,NSE:MSTCLTD,188.0,193.0,186.2,188.75,258230.0
2020-02-20 12:00:00,NSE:MSTCLTD,188.75,204.7,188.75,197.35,895452.0
2020-02-20 13:00:00,NSE:MSTCLTD,197.55,199.95,195.5,197.0,165223.0
2020-02-20 14:00:00,NSE:MSTCLTD,197.3,202.1,196.2,197.25,304056.0
2020-02-20 15:00:00,NSE:MSTCLTD,197.25,199.0,191.3,194.45,266775.0
2020-02-24 09:00:00,NSE:MSTCLTD,192.95,211.2,187.95,208.8,909526.0
2020-02-24 10:00:00,NSE:MSTCLTD,208.9,213.85,204.75,213.85,467373.0
2020-02-24 11:00:00,NSE:MSTCLTD,213.85,213.85,213.85,213.85,46950.0
2020-02-24 12:00:00,NSE:MSTCLTD,213.85,213.85,213.85,213.85,2534.0
2020-02-24 13:00:00,NSE:MSTCLTD,213.85,213.85,213.85,213.85,6299.0
2020-02-24 14:00:00,NSE:MSTCLTD,213.85,213.85,213.85,213.85,10763.0
2020-02-24 15:00:00,NSE:MSTCLTD,213.85,213.85,213.85,213.85,25807.0
2020-02-25 09:00:00,NSE:MSTCLTD,229.0,230.0,212.75,216.9,770721.0
2020-02-25 10:00:00,NSE:MSTCLTD,216.6,225.2,216.5,217.7,199861.0
2020-02-25 11:00:00,NSE:MSTCLTD,217.7,233.2,216.4,229.0,343118.0
2020-02-25 12:00:00,NSE:MSTCLTD,229.15,235.2,195.65,199.0,1654623.0
2020-02-25 13:00:00,NSE:MSTCLTD,199.0,199.95,192.5,192.5,353747.0
2020-02-25 14:00:00,NSE:MSTCLTD,192.5,192.5,192.5,192.5,5482.0
2020-02-25 15:00:00,NSE:MSTCLTD,192.5,192.5,192.5,192.5,3197.0
2020-02-26 09:00:00,NSE:MSTCLTD,177.95,184.75,173.25,179.65,1182753.0
2020-02-26 10:00:00,NSE:MSTCLTD,179.35,187.05,178.7,182.9,271234.0
2020-02-26 11:00:00,NSE:MSTCLTD,182.5,186.0,181.25,184.0,115753.0
2020-02-26 12:00:00,NSE:MSTCLTD,184.0,185.5,180.1,181.5,83257.0
2020-02-26 13:00:00,NSE:MSTCLTD,181.75,181.9,175.15,175.75,168641.0
2020-02-26 14:00:00,NSE:MSTCLTD,175.75,177.55,173.25,173.25,235423.0
2020-02-26 15:00:00,NSE:MSTCLTD,173.25,173.25,173.25,173.25,14608.0
2020-02-27 09:00:00,NSE:MSTCLTD,168.35,172.4,158.6,165.0,422550.0
2020-02-27 10:00:00,NSE:MSTCLTD,165.3,172.35,160.55,166.95,266682.0
2020-02-27 11:00:00,NSE:MSTCLTD,166.9,167.95,163.7,165.25,101961.0
2020-02-27 12:00:00,NSE:MSTCLTD,165.25,165.6,161.7,163.85,66313.0
2020-02-27 13:00:00,NSE:MSTCLTD,163.6,181.6,163.5,172.0,658780.0
2020-02-27 14:00:00,NSE:MSTCLTD,171.9,188.8,167.75,187.35,864576.0
2020-02-27 15:00:00,NSE:MSTCLTD,187.4,188.0,182.85,185.45,238584.0
2020-02-28 09:00:00,NSE:MSTCLTD,173.9,178.0,169.0,170.0,317102.0
2020-02-28 10:00:00,NSE:MSTCLTD,170.3,175.0,169.6,172.6,75977.0
2020-02-28 11:00:00,NSE:MSTCLTD,172.3,176.3,170.1,173.3,85802.0
2020-02-28 12:00:00,NSE:MSTCLTD,173.3,178.95,170.05,178.35,144644.0
2020-02-28 13:00:00,NSE:MSTCLTD,178.0,179.4,172.65,173.7,86053.0
2020-02-28 14:00:00,NSE:MSTCLTD,173.55,173.75,166.95,167.65,147643.0
2020-02-28 15:00:00,NSE:MSTCLTD,167.7,168.0,166.95,167.05,92777.0
2020-03-02 09:00:00,NSE:MSTCLTD,173.95,176.8,165.8,169.0,203317.0
2020-03-02 10:00:00,NSE:MSTCLTD,168.9,169.7,164.05,165.55,79582.0
2020-03-02 11:00:00,NSE:MSTCLTD,165.85,166.95,162.25,163.5,58218.0
2020-03-02 12:00:00,NSE:MSTCLTD,163.5,165.8,162.95,163.1,32809.0
2020-03-02 13:00:00,NSE:MSTCLTD,163.4,164.5,156.65,159.95,94708.0
2020-03-02 14:00:00,NSE:MSTCLTD,159.95,162.0,150.35,150.35,230787.0
2020-03-02 15:00:00,NSE:MSTCLTD,150.35,150.35,150.35,150.35,11805.0
2020-03-03 09:00:00,NSE:MSTCLTD,150.0,154.0,144.9,149.65,275706.0
2020-03-03 10:00:00,NSE:MSTCLTD,149.6,149.7,143.1,143.9,119149.0
2020-03-03 11:00:00,NSE:MSTCLTD,144.0,146.35,143.15,144.35,78938.0
2020-03-03 12:00:00,NSE:MSTCLTD,144.35,147.4,144.25,146.0,39430.0
2020-03-03 13:00:00,NSE:MSTCLTD,145.5,146.55,143.7,145.65,33579.0
2020-03-03 14:00:00,NSE:MSTCLTD,145.3,152.0,144.8,148.6,165519.0
2020-03-03 15:00:00,NSE:MSTCLTD,148.6,148.6,146.1,147.2,55226.0
2020-03-04 09:00:00,NSE:MSTCLTD,147.7,148.65,142.15,144.9,84211.0
2020-03-04 10:00:00,NSE:MSTCLTD,145.25,145.25,140.55,141.3,62800.0
2020-03-04 11:00:00,NSE:MSTCLTD,141.3,142.65,140.55,141.3,39521.0
2020-03-04 12:00:00,NSE:MSTCLTD,141.45,141.65,139.85,140.05,51700.0
2020-03-04 13:00:00,NSE:MSTCLTD,139.85,140.65,139.85,139.85,33737.0
2020-03-04 14:00:00,NSE:MSTCLTD,139.85,139.85,139.85,139.85,4111.0
2020-03-04 15:00:00,NSE:MSTCLTD,139.85,146.85,139.85,143.25,182768.0
2020-03-05 09:00:00,NSE:MSTCLTD,144.0,146.9,140.3,140.85,67440.0
2020-03-05 10:00:00,NSE:MSTCLTD,140.85,142.4,139.15,140.7,38996.0
2020-03-05 11:00:00,NSE:MSTCLTD,140.45,145.0,139.55,142.6,62357.0
2020-03-05 12:00:00,NSE:MSTCLTD,142.3,144.0,142.0,142.75,24054.0
2020-03-05 13:00:00,NSE:MSTCLTD,142.5,146.5,141.75,142.95,37135.0
2020-03-05 14:00:00,NSE:MSTCLTD,142.45,144.8,142.0,144.0,16090.0
2020-03-05 15:00:00,NSE:MSTCLTD,144.0,145.5,143.55,144.3,36407.0
2020-03-06 09:00:00,NSE:MSTCLTD,138.0,138.0,137.1,137.1,48787.0
2020-03-06 10:00:00,NSE:MSTCLTD,137.1,140.7,137.1,137.1,60777.0
2020-03-06 11:00:00,NSE:MSTCLTD,137.1,137.1,137.1,137.1,1892.0
2020-03-06 12:00:00,NSE:MSTCLTD,137.1,137.1,137.1,137.1,1355.0
2020-03-06 13:00:00,NSE:MSTCLTD,137.1,138.65,137.1,137.2,62354.0
2020-03-06 14:00:00,NSE:MSTCLTD,137.75,141.0,137.1,138.0,88676.0
2020-03-06 15:00:00,NSE:MSTCLTD,138.0,138.95,137.1,137.45,23080.0
2020-03-09 09:00:00,NSE:MSTCLTD,130.6,130.6,130.6,130.6,5581.0
2020-03-09 10:00:00,NSE:MSTCLTD,130.6,130.6,130.6,130.6,268.0
2020-03-09 11:00:00,NSE:MSTCLTD,130.6,130.6,130.6,130.6,190.0
2020-03-09 12:00:00,NSE:MSTCLTD,130.6,130.6,130.6,130.6,1863.0
2020-03-09 13:00:00,NSE:MSTCLTD,130.6,130.6,130.6,130.6,382.0
2020-03-09 14:00:00,NSE:MSTCLTD,130.6,130.6,130.6,130.6,228.0
2020-03-09 15:00:00,NSE:MSTCLTD,130.6,130.6,130.6,130.6,1066.0
2020-03-11 09:00:00,NSE:MSTCLTD,126.1,132.4,125.25,126.0,97329.0
2020-03-11 10:00:00,NSE:MSTCLTD,126.0,127.5,124.1,125.5,62257.0
2020-03-11 11:00:00,NSE:MSTCLTD,125.5,129.0,124.5,127.0,76887.0
2020-03-11 12:00:00,NSE:MSTCLTD,127.0,129.0,126.25,126.8,33056.0
2020-03-11 13:00:00,NSE:MSTCLTD,127.0,127.8,124.4,124.55,17036.0
2020-03-11 14:00:00,NSE:MSTCLTD,124.5,124.85,124.1,124.1,45921.0
2020-03-11 15:00:00,NSE:MSTCLTD,124.1,124.1,124.1,124.1,2893.0
2020-03-12 09:00:00,NSE:MSTCLTD,117.9,117.9,117.9,117.9,3888.0
2020-03-12 10:00:00,NSE:MSTCLTD,117.9,117.9,117.9,117.9,286.0
2020-03-12 11:00:00,NSE:MSTCLTD,117.9,117.9,117.9,117.9,2151.0
2020-03-12 12:00:00,NSE:MSTCLTD,117.9,117.9,117.9,117.9,99.0
2020-03-12 13:00:00,NSE:MSTCLTD,117.9,117.9,117.9,117.9,351.0
2020-03-12 14:00:00,NSE:MSTCLTD,117.9,117.9,117.9,117.9,1209.0
2020-03-12 15:00:00,NSE:MSTCLTD,117.9,117.9,117.9,117.9,1110.0
2020-03-13 09:00:00,NSE:MSTCLTD,112.05,112.05,112.05,112.05,153.0
2020-03-13 10:00:00,NSE:MSTCLTD,112.05,116.95,112.05,112.05,60615.0
2020-03-13 11:00:00,NSE:MSTCLTD,112.05,114.8,112.05,112.05,91973.0
2020-03-13 12:00:00,NSE:MSTCLTD,112.95,119.8,112.05,114.7,73696.0
2020-03-13 13:00:00,NSE:MSTCLTD,114.7,122.0,114.0,115.35,61747.0
2020-03-13 14:00:00,NSE:MSTCLTD,115.4,120.6,112.05,113.05,90884.0
2020-03-13 15:00:00,NSE:MSTCLTD,113.05,113.4,112.05,112.15,9471.0
2020-03-16 09:00:00,NSE:MSTCLTD,108.0,108.85,106.55,107.0,27490.0
2020-03-16 10:00:00,NSE:MSTCLTD,107.0,110.95,106.55,106.55,90833.0
2020-03-16 11:00:00,NSE:MSTCLTD,106.55,106.55,106.55,106.55,7861.0
2020-03-16 12:00:00,NSE:MSTCLTD,106.55,106.55,106.55,106.55,2327.0
2020-03-16 13:00:00,NSE:MSTCLTD,106.55,106.55,106.55,106.55,263.0
2020-03-16 14:00:00,NSE:MSTCLTD,106.55,106.55,106.55,106.55,132.0
2020-03-16 15:00:00,NSE:MSTCLTD,106.55,106.55,106.55,106.55,240.0
2020-03-17 09:00:00,NSE:MSTCLTD,103.05,105.85,101.25,103.95,246273.0
2020-03-17 10:00:00,NSE:MSTCLTD,103.95,104.2,101.95,103.45,48154.0
2020-03-17 11:00:00,NSE:MSTCLTD,103.05,103.4,101.25,101.25,19200.0
2020-03-17 12:00:00,NSE:MSTCLTD,101.25,101.25,101.25,101.25,1827.0
2020-03-17 13:00:00,NSE:MSTCLTD,101.25,101.25,101.25,101.25,493.0
2020-03-17 14:00:00,NSE:MSTCLTD,101.25,101.25,101.25,101.25,331.0
2020-03-17 15:00:00,NSE:MSTCLTD,101.25,101.25,101.25,101.25,115.0
2020-03-18 09:00:00,NSE:MSTCLTD,96.2,98.5,96.2,96.2,40450.0
2020-03-18 10:00:00,NSE:MSTCLTD,96.2,96.2,96.2,96.2,576.0
2020-03-18 11:00:00,NSE:MSTCLTD,96.2,96.2,96.2,96.2,241.0
2020-03-18 12:00:00,NSE:MSTCLTD,96.2,96.2,96.2,96.2,227.0
2020-03-18 13:00:00,NSE:MSTCLTD,96.2,96.2,96.2,96.2,348.0
2020-03-18 14:00:00,NSE:MSTCLTD,96.2,96.2,96.2,96.2,413.0
2020-03-18 15:00:00,NSE:MSTCLTD,96.2,96.2,96.2,96.2,12077.0
2020-03-19 09:00:00,NSE:MSTCLTD,91.4,91.4,91.4,91.4,619.0
2020-03-19 10:00:00,NSE:MSTCLTD,91.4,91.4,91.4,91.4,1374.0
2020-03-19 11:00:00,NSE:MSTCLTD,91.4,91.4,91.4,91.4,1210.0
2020-03-19 12:00:00,NSE:MSTCLTD,91.4,91.4,91.4,91.4,187.0
2020-03-19 13:00:00,NSE:MSTCLTD,91.4,91.4,91.4,91.4,441.0
2020-03-19 14:00:00,NSE:MSTCLTD,91.4,91.4,91.4,91.4,3231.0
2020-03-19 15:00:00,NSE:MSTCLTD,91.4,91.4,91.4,91.4,90.0
2020-03-20 09:00:00,NSE:MSTCLTD,86.85,86.85,86.85,86.85,2234.0
2020-03-20 10:00:00,NSE:MSTCLTD,86.85,86.85,86.85,86.85,820.0
2020-03-20 11:00:00,NSE:MSTCLTD,86.85,86.85,86.85,86.85,1689.0
2020-03-20 12:00:00,NSE:MSTCLTD,86.85,94.0,86.85,91.5,231591.0
2020-03-20 13:00:00,NSE:MSTCLTD,91.1,93.8,87.0,87.05,57972.0
2020-03-20 14:00:00,NSE:MSTCLTD,86.85,87.9,86.85,86.9,22819.0
2020-03-20 15:00:00,NSE:MSTCLTD,87.35,88.0,86.85,87.15,14604.0
2020-03-23 09:00:00,NSE:MSTCLTD,82.8,82.8,82.8,82.8,1920.0
2020-03-23 10:00:00,NSE:MSTCLTD,82.8,82.8,82.8,82.8,1922.0
2020-03-23 11:00:00,NSE:MSTCLTD,82.8,82.8,82.8,82.8,823.0
2020-03-23 12:00:00,NSE:MSTCLTD,82.8,82.8,82.8,82.8,1313.0
2020-03-23 13:00:00,NSE:MSTCLTD,82.8,82.8,82.8,82.8,2162.0
2020-03-23 14:00:00,NSE:MSTCLTD,82.8,82.8,82.8,82.8,303.0
2020-03-23 15:00:00,NSE:MSTCLTD,82.8,82.8,82.8,82.8,55.0
2020-03-24 09:00:00,NSE:MSTCLTD,79.05,83.95,78.7,78.7,5684.0
2020-03-24 10:00:00,NSE:MSTCLTD,78.7,78.7,78.7,78.7,1097.0
2020-03-24 11:00:00,NSE:MSTCLTD,78.7,78.7,78.7,78.7,1206.0
2020-03-24 12:00:00,NSE:MSTCLTD,78.7,78.7,78.7,78.7,1420.0
2020-03-24 13:00:00,NSE:MSTCLTD,78.7,78.7,78.7,78.7,884.0
2020-03-24 14:00:00,NSE:MSTCLTD,78.7,78.7,78.7,78.7,6977.0
2020-03-24 15:00:00,NSE:MSTCLTD,78.7,78.7,78.7,78.7,244.0
2020-03-25 09:00:00,NSE:MSTCLTD,74.8,74.8,74.8,74.8,4433.0
2020-03-25 10:00:00,NSE:MSTCLTD,74.8,74.8,74.8,74.8,1029.0
2020-03-25 11:00:00,NSE:MSTCLTD,74.8,74.8,74.8,74.8,697.0
2020-03-25 12:00:00,NSE:MSTCLTD,74.8,74.8,74.8,74.8,728.0
2020-03-25 13:00:00,NSE:MSTCLTD,74.8,75.3,74.8,75.15,19454.0
2020-03-25 14:00:00,NSE:MSTCLTD,75.2,82.6,74.8,82.6,55722.0
2020-03-25 15:00:00,NSE:MSTCLTD,82.6,82.6,82.6,82.6,11662.0
2020-03-26 09:00:00,NSE:MSTCLTD,81.5,86.7,81.5,86.7,73176.0
2020-03-26 10:00:00,NSE:MSTCLTD,86.7,86.7,86.7,86.7,3378.0
2020-03-26 11:00:00,NSE:MSTCLTD,86.7,86.7,79.3,82.05,47776.0
2020-03-26 12:00:00,NSE:MSTCLTD,82.5,85.9,82.15,84.45,11869.0
2020-03-26 13:00:00,NSE:MSTCLTD,85.4,86.7,80.0,80.75,34273.0
2020-03-26 14:00:00,NSE:MSTCLTD,80.9,81.85,78.5,80.3,36750.0
2020-03-26 15:00:00,NSE:MSTCLTD,80.3,81.0,78.5,79.5,21532.0
2020-03-27 09:00:00,NSE:MSTCLTD,83.0,83.25,79.7,81.45,56126.0
2020-03-27 10:00:00,NSE:MSTCLTD,81.45,81.45,76.4,76.55,32055.0
2020-03-27 11:00:00,NSE:MSTCLTD,76.15,78.3,76.15,77.5,18102.0
2020-03-27 12:00:00,NSE:MSTCLTD,77.25,78.05,76.2,77.05,14781.0
2020-03-27 13:00:00,NSE:MSTCLTD,77.05,77.05,75.55,76.75,24407.0
2020-03-27 14:00:00,NSE:MSTCLTD,76.7,77.2,75.55,75.9,20276.0
2020-03-27 15:00:00,NSE:MSTCLTD,75.9,77.45,75.55,76.15,16514.0
2020-03-30 09:00:00,NSE:MSTCLTD,76.8,76.8,73.1,74.7,17126.0
2020-03-30 10:00:00,NSE:MSTCLTD,74.7,78.4,74.0,76.8,19671.0
2020-03-30 11:00:00,NSE:MSTCLTD,76.8,77.25,75.4,77.0,5994.0
2020-03-30 12:00:00,NSE:MSTCLTD,77.0,77.15,74.6,74.7,9021.0
2020-03-30 13:00:00,NSE:MSTCLTD,74.95,75.45,73.5,75.3,9256.0
2020-03-30 14:00:00,NSE:MSTCLTD,75.3,75.55,74.55,74.65,13140.0
2020-03-30 15:00:00,NSE:MSTCLTD,74.5,76.9,74.1,75.5,6296.0
2020-03-31 09:00:00,NSE:MSTCLTD,78.9,78.9,76.0,77.3,12853.0
2020-03-31 10:00:00,NSE:MSTCLTD,77.3,77.8,76.9,77.8,4986.0
2020-03-31 11:00:00,NSE:MSTCLTD,78.3,79.25,77.5,79.25,48837.0
2020-03-31 12:00:00,NSE:MSTCLTD,79.25,79.25,79.05,79.25,6211.0
2020-03-31 13:00:00,NSE:MSTCLTD,79.25,79.25,79.25,79.25,1069.0
2020-03-31 14:00:00,NSE:MSTCLTD,79.25,79.25,79.25,79.25,628.0
2020-03-31 15:00:00,NSE:MSTCLTD,79.25,79.25,79.25,79.25,151.0
2020-04-01 09:00:00,NSE:MSTCLTD,82.9,82.9,80.1,81.1,14816.0
2020-04-01 10:00:00,NSE:MSTCLTD,81.5,83.2,81.25,83.2,17801.0
2020-04-01 11:00:00,NSE:MSTCLTD,83.2,83.2,83.2,83.2,3348.0
2020-04-01 12:00:00,NSE:MSTCLTD,83.2,83.2,83.2,83.2,777.0
2020-04-01 13:00:00,NSE:MSTCLTD,83.2,83.2,83.2,83.2,340.0
2020-04-01 14:00:00,NSE:MSTCLTD,83.2,83.2,83.2,83.2,902.0
2020-04-01 15:00:00,NSE:MSTCLTD,83.2,83.2,83.2,83.2,125.0
2020-04-03 09:00:00,NSE:MSTCLTD,87.35,87.35,83.1,85.7,40664.0
2020-04-03 10:00:00,NSE:MSTCLTD,85.7,85.7,83.85,84.4,12266.0
2020-04-03 11:00:00,NSE:MSTCLTD,84.0,86.95,83.3,86.7,7767.0
2020-04-03 12:00:00,NSE:MSTCLTD,86.45,87.35,86.0,87.35,13896.0
2020-04-03 13:00:00,NSE:MSTCLTD,87.35,87.35,87.0,87.35,26004.0
2020-04-03 14:00:00,NSE:MSTCLTD,87.35,87.35,85.35,86.0,16641.0
2020-04-03 15:00:00,NSE:MSTCLTD,86.0,87.35,85.05,87.35,35935.0
2020-04-07 09:00:00,NSE:MSTCLTD,90.3,90.3,84.55,88.0,23223.0
2020-04-07 10:00:00,NSE:MSTCLTD,87.5,88.5,86.35,86.8,9726.0
2020-04-07 11:00:00,NSE:MSTCLTD,86.9,88.5,86.0,87.45,8062.0
2020-04-07 12:00:00,NSE:MSTCLTD,87.5,89.8,87.5,88.8,5180.0
2020-04-07 13:00:00,NSE:MSTCLTD,88.7,89.2,87.3,88.5,7078.0
2020-04-07 14:00:00,NSE:MSTCLTD,88.55,90.0,87.85,89.3,21595.0
2020-04-07 15:00:00,NSE:MSTCLTD,89.5,90.35,89.45,90.0,19556.0
2020-04-08 09:00:00,NSE:MSTCLTD,91.0,94.5,89.3,94.2,37053.0
2020-04-08 10:00:00,NSE:MSTCLTD,94.2,94.5,93.5,94.5,9913.0
2020-04-08 11:00:00,NSE:MSTCLTD,94.5,94.5,90.8,90.95,44276.0
2020-04-08 12:00:00,NSE:MSTCLTD,90.95,91.95,90.0,90.05,13836.0
2020-04-08 13:00:00,NSE:MSTCLTD,90.7,91.8,88.95,89.95,11901.0
2020-04-08 14:00:00,NSE:MSTCLTD,89.35,90.55,87.0,89.8,16819.0
2020-04-08 15:00:00,NSE:MSTCLTD,89.8,89.8,85.5,86.4,45262.0
2020-04-09 09:00:00,NSE:MSTCLTD,88.95,88.95,87.1,87.35,9235.0
2020-04-09 10:00:00,NSE:MSTCLTD,87.4,88.65,85.4,86.9,17697.0
2020-04-09 11:00:00,NSE:MSTCLTD,86.95,87.0,85.5,86.9,9630.0
2020-04-09 12:00:00,NSE:MSTCLTD,87.0,90.55,86.85,89.5,51333.0
2020-04-09 13:00:00,NSE:MSTCLTD,89.8,90.7,89.5,90.7,18550.0
2020-04-09 14:00:00,NSE:MSTCLTD,90.7,90.7,89.05,90.7,31037.0
2020-04-09 15:00:00,NSE:MSTCLTD,90.7,90.7,90.7,90.7,4668.0
2020-04-13 09:00:00,NSE:MSTCLTD,91.1,92.05,86.2,86.35,66776.0
2020-04-13 10:00:00,NSE:MSTCLTD,86.55,88.5,86.2,87.1,75764.0
2020-04-13 11:00:00,NSE:MSTCLTD,86.65,88.8,86.65,87.15,28208.0
2020-04-13 12:00:00,NSE:MSTCLTD,87.25,87.8,86.9,86.95,6761.0
2020-04-13 13:00:00,NSE:MSTCLTD,86.95,87.0,86.55,86.8,9521.0
2020-04-13 14:00:00,NSE:MSTCLTD,86.75,86.8,86.2,86.2,31064.0
2020-04-13 15:00:00,NSE:MSTCLTD,86.4,86.75,86.2,86.3,13693.0
2020-04-15 09:00:00,NSE:MSTCLTD,88.6,89.4,87.15,89.35,17273.0
2020-04-15 10:00:00,NSE:MSTCLTD,89.45,90.6,87.0,90.6,63282.0
2020-04-15 11:00:00,NSE:MSTCLTD,90.6,90.6,90.6,90.6,4350.0
2020-04-15 12:00:00,NSE:MSTCLTD,90.6,90.6,90.6,90.6,2690.0
2020-04-15 13:00:00,NSE:MSTCLTD,90.6,90.6,89.6,90.4,23761.0
2020-04-15 14:00:00,NSE:MSTCLTD,90.4,90.4,88.1,89.7,20385.0
2020-04-15 15:00:00,NSE:MSTCLTD,89.65,90.6,89.0,90.6,11982.0
2020-04-16 09:00:00,NSE:MSTCLTD,91.0,91.0,88.0,89.8,10767.0
2020-04-16 10:00:00,NSE:MSTCLTD,88.75,89.5,87.0,88.1,22876.0
2020-04-16 11:00:00,NSE:MSTCLTD,88.7,92.6,88.1,89.1,21169.0
2020-04-16 12:00:00,NSE:MSTCLTD,89.35,89.85,89.0,89.45,3620.0
2020-04-16 13:00:00,NSE:MSTCLTD,89.6,90.45,89.0,89.35,4178.0
2020-04-16 14:00:00,NSE:MSTCLTD,89.0,90.5,88.9,90.0,10053.0
2020-04-16 15:00:00,NSE:MSTCLTD,89.3,90.2,89.3,89.9,8616.0
2020-04-17 09:00:00,NSE:MSTCLTD,92.45,94.35,90.95,94.35,47416.0
2020-04-17 10:00:00,NSE:MSTCLTD,94.35,94.35,93.3,93.8,15053.0
2020-04-17 11:00:00,NSE:MSTCLTD,93.6,94.35,93.5,94.3,42127.0
2020-04-17 12:00:00,NSE:MSTCLTD,94.0,94.1,93.6,94.0,13973.0
2020-04-17 13:00:00,NSE:MSTCLTD,93.8,94.35,93.8,94.35,14027.0
2020-04-17 14:00:00,NSE:MSTCLTD,94.35,94.35,94.35,94.35,662.0
2020-04-17 15:00:00,NSE:MSTCLTD,94.35,94.35,94.35,94.35,2276.0
2020-04-20 09:00:00,NSE:MSTCLTD,98.7,98.7,95.05,97.8,20724.0
2020-04-20 10:00:00,NSE:MSTCLTD,98.25,99.05,98.25,99.05,26049.0
2020-04-20 11:00:00,NSE:MSTCLTD,99.05,99.05,98.0,98.65,51014.0
2020-04-20 12:00:00,NSE:MSTCLTD,98.9,98.95,96.75,97.75,30541.0
2020-04-20 13:00:00,NSE:MSTCLTD,98.0,99.05,97.05,99.05,6672.0
2020-04-20 14:00:00,NSE:MSTCLTD,99.05,99.05,99.05,99.05,2016.0
2020-04-20 15:00:00,NSE:MSTCLTD,99.05,99.05,99.05,99.05,825.0
2020-04-21 09:00:00,NSE:MSTCLTD,97.2,97.2,94.1,94.1,27170.0
2020-04-21 10:00:00,NSE:MSTCLTD,94.1,94.1,94.1,94.1,5772.0
2020-04-21 11:00:00,NSE:MSTCLTD,94.1,94.9,94.1,94.25,31961.0
2020-04-21 12:00:00,NSE:MSTCLTD,94.1,94.6,94.1,94.1,7394.0
2020-04-21 13:00:00,NSE:MSTCLTD,94.1,94.1,94.1,94.1,943.0
2020-04-21 14:00:00,NSE:MSTCLTD,94.1,94.2,94.1,94.1,3606.0
2020-04-21 15:00:00,NSE:MSTCLTD,94.1,94.1,94.1,94.1,1319.0
2020-04-22 09:00:00,NSE:MSTCLTD,91.6,94.4,90.55,91.4,9090.0
2020-04-22 10:00:00,NSE:MSTCLTD,90.7,92.5,89.4,91.55,24241.0
2020-04-22 11:00:00,NSE:MSTCLTD,91.1,92.25,90.85,91.7,5130.0
2020-04-22 12:00:00,NSE:MSTCLTD,91.7,93.25,91.4,92.25,7316.0
2020-04-22 13:00:00,NSE:MSTCLTD,92.25,92.4,89.95,90.0,6324.0
2020-04-22 14:00:00,NSE:MSTCLTD,90.2,91.35,89.65,90.95,11753.0
2020-04-22 15:00:00,NSE:MSTCLTD,91.0,91.25,90.0,90.4,6791.0
2020-04-23 09:00:00,NSE:MSTCLTD,90.55,92.9,90.55,92.0,3555.0
2020-04-23 10:00:00,NSE:MSTCLTD,92.3,93.15,91.65,92.5,5411.0
2020-04-23 11:00:00,NSE:MSTCLTD,92.85,92.85,90.95,91.35,2858.0
2020-04-23 12:00:00,NSE:MSTCLTD,91.95,93.45,91.65,92.6,4163.0
2020-04-23 13:00:00,NSE:MSTCLTD,92.7,92.75,92.15,92.5,2969.0
2020-04-23 14:00:00,NSE:MSTCLTD,92.5,94.7,92.3,94.25,15328.0
2020-04-23 15:00:00,NSE:MSTCLTD,94.2,94.7,92.35,94.5,8628.0
2020-04-24 09:00:00,NSE:MSTCLTD,96.4,96.4,94.3,94.85,18808.0
2020-04-24 10:00:00,NSE:MSTCLTD,94.9,95.0,93.5,95.0,11320.0
2020-04-24 11:00:00,NSE:MSTCLTD,95.45,95.8,93.1,94.0,19800.0
2020-04-24 12:00:00,NSE:MSTCLTD,94.15,94.5,93.5,93.5,5048.0
2020-04-24 13:00:00,NSE:MSTCLTD,93.5,93.5,92.05,92.15,6571.0
2020-04-24 14:00:00,NSE:MSTCLTD,92.15,92.15,89.5,89.7,15906.0
2020-04-24 15:00:00,NSE:MSTCLTD,90.3,90.5,88.8,89.35,10245.0
2020-04-27 09:00:00,NSE:MSTCLTD,89.4,93.5,89.4,92.5,12589.0
2020-04-27 10:00:00,NSE:MSTCLTD,92.65,92.65,89.55,90.65,12362.0
2020-04-27 11:00:00,NSE:MSTCLTD,90.6,90.8,90.1,90.4,2379.0
2020-04-27 12:00:00,NSE:MSTCLTD,90.3,92.7,89.85,90.9,6104.0
2020-04-27 13:00:00,NSE:MSTCLTD,90.9,91.45,90.0,90.7,8023.0
2020-04-27 14:00:00,NSE:MSTCLTD,90.55,91.4,90.0,91.0,6052.0
2020-04-27 15:00:00,NSE:MSTCLTD,91.15,91.4,90.55,90.9,4321.0
2020-04-28 09:00:00,NSE:MSTCLTD,91.0,91.8,90.1,90.15,4245.0
2020-04-28 10:00:00,NSE:MSTCLTD,90.0,90.25,89.3,89.85,2569.0
2020-04-28 11:00:00,NSE:MSTCLTD,89.7,90.05,89.5,89.85,2122.0
2020-04-28 12:00:00,NSE:MSTCLTD,89.9,91.0,89.8,90.9,3102.0
2020-04-28 13:00:00,NSE:MSTCLTD,90.8,90.8,89.7,90.0,5254.0
2020-04-28 14:00:00,NSE:MSTCLTD,90.2,90.2,89.0,89.6,3733.0
2020-04-28 15:00:00,NSE:MSTCLTD,89.6,90.0,89.05,89.5,5207.0
2020-04-29 09:00:00,NSE:MSTCLTD,90.45,92.0,90.05,91.8,13015.0
2020-04-29 10:00:00,NSE:MSTCLTD,91.35,92.0,90.4,92.0,11912.0
2020-04-29 11:00:00,NSE:MSTCLTD,91.35,91.9,90.8,91.4,4700.0
2020-04-29 12:00:00,NSE:MSTCLTD,91.2,91.5,90.95,91.05,4000.0
2020-04-29 13:00:00,NSE:MSTCLTD,91.05,91.3,90.3,90.6,3280.0
2020-04-29 14:00:00,NSE:MSTCLTD,90.55,91.45,90.3,91.05,7330.0
2020-04-29 15:00:00,NSE:MSTCLTD,91.4,93.95,90.9,92.65,14859.0
2020-04-30 09:00:00,NSE:MSTCLTD,94.75,94.95,92.9,93.85,18204.0
2020-04-30 10:00:00,NSE:MSTCLTD,94.25,94.75,93.55,93.55,12932.0
2020-04-30 11:00:00,NSE:MSTCLTD,94.0,94.2,93.0,93.6,4518.0
2020-04-30 12:00:00,NSE:MSTCLTD,93.6,93.85,93.2,93.55,1540.0
2020-04-30 13:00:00,NSE:MSTCLTD,93.0,93.2,89.25,89.9,22906.0
2020-04-30 14:00:00,NSE:MSTCLTD,90.4,90.8,90.15,90.4,3607.0
2020-04-30 15:00:00,NSE:MSTCLTD,90.4,92.5,90.2,90.95,10574.0
2020-05-04 09:00:00,NSE:MSTCLTD,87.0,89.0,87.0,87.9,13324.0
2020-05-04 10:00:00,NSE:MSTCLTD,87.65,88.95,87.4,88.35,8943.0
2020-05-04 11:00:00,NSE:MSTCLTD,88.35,88.75,87.3,88.0,3997.0
2020-05-04 12:00:00,NSE:MSTCLTD,88.0,88.4,87.1,87.5,4418.0
2020-05-04 13:00:00,NSE:MSTCLTD,87.6,87.95,87.3,87.55,4013.0
2020-05-04 14:00:00,NSE:MSTCLTD,87.6,88.35,87.55,87.55,4470.0
2020-05-04 15:00:00,NSE:MSTCLTD,87.55,88.85,87.55,88.15,5618.0
2020-05-05 09:00:00,NSE:MSTCLTD,88.9,91.15,88.5,89.75,12926.0
2020-05-05 10:00:00,NSE:MSTCLTD,89.75,89.9,88.05,88.9,9475.0
2020-05-05 11:00:00,NSE:MSTCLTD,88.9,89.25,88.55,89.0,1508.0
2020-05-05 12:00:00,NSE:MSTCLTD,89.0,89.0,88.5,89.0,536.0
2020-05-05 13:00:00,NSE:MSTCLTD,89.0,89.15,88.35,88.9,1537.0
2020-05-05 14:00:00,NSE:MSTCLTD,88.8,88.8,87.5,87.55,3427.0
2020-05-05 15:00:00,NSE:MSTCLTD,87.5,89.5,87.0,88.0,8804.0
2020-05-06 09:00:00,NSE:MSTCLTD,88.95,90.6,88.0,89.25,8604.0
2020-05-06 10:00:00,NSE:MSTCLTD,88.9,91.75,88.05,91.2,14295.0
2020-05-06 11:00:00,NSE:MSTCLTD,91.55,92.4,90.9,91.8,35926.0
2020-05-06 12:00:00,NSE:MSTCLTD,91.85,92.4,91.8,92.4,9546.0
2020-05-06 13:00:00,NSE:MSTCLTD,92.4,92.4,91.05,92.4,21946.0
2020-05-06 14:00:00,NSE:MSTCLTD,92.4,92.4,92.4,92.4,1294.0
2020-05-06 15:00:00,NSE:MSTCLTD,92.4,92.4,92.4,92.4,2761.0
2020-05-07 09:00:00,NSE:MSTCLTD,94.0,95.85,92.2,92.85,24876.0
2020-05-07 10:00:00,NSE:MSTCLTD,93.0,93.0,91.5,91.85,8620.0
2020-05-07 11:00:00,NSE:MSTCLTD,91.3,91.35,90.1,91.1,11069.0
2020-05-07 12:00:00,NSE:MSTCLTD,90.65,91.05,90.3,90.85,1667.0
2020-05-07 13:00:00,NSE:MSTCLTD,90.85,91.45,89.05,90.0,5974.0
2020-05-07 14:00:00,NSE:MSTCLTD,90.1,90.1,89.45,89.5,10958.0
2020-05-07 15:00:00,NSE:MSTCLTD,89.85,89.85,89.1,89.55,8743.0
2020-05-08 09:00:00,NSE:MSTCLTD,93.9,93.9,92.05,92.05,36963.0
2020-05-08 10:00:00,NSE:MSTCLTD,92.25,93.0,92.0,92.55,19790.0
2020-05-08 11:00:00,NSE:MSTCLTD,92.5,92.7,91.4,92.6,5661.0
2020-05-08 12:00:00,NSE:MSTCLTD,92.4,93.45,92.2,92.2,7542.0
2020-05-08 13:00:00,NSE:MSTCLTD,92.2,92.7,91.3,91.35,5644.0
2020-05-08 14:00:00,NSE:MSTCLTD,91.35,91.75,90.5,90.95,7234.0
2020-05-08 15:00:00,NSE:MSTCLTD,90.95,91.55,90.5,90.75,6308.0
2020-05-11 09:00:00,NSE:MSTCLTD,94.5,95.0,91.5,94.25,33978.0
2020-05-11 10:00:00,NSE:MSTCLTD,94.25,95.0,94.0,94.25,13206.0
2020-05-11 11:00:00,NSE:MSTCLTD,94.25,94.5,93.75,93.75,5693.0
2020-05-11 12:00:00,NSE:MSTCLTD,93.5,95.25,93.4,94.6,31517.0
2020-05-11 13:00:00,NSE:MSTCLTD,94.65,95.1,93.75,94.2,9947.0
2020-05-11 14:00:00,NSE:MSTCLTD,94.2,95.2,94.05,94.75,14951.0
2020-05-11 15:00:00,NSE:MSTCLTD,95.15,95.2,94.25,94.75,15026.0
2020-05-12 09:00:00,NSE:MSTCLTD,92.55,94.0,90.9,91.0,18553.0
2020-05-12 10:00:00,NSE:MSTCLTD,91.25,92.3,91.0,91.65,7124.0
2020-05-12 11:00:00,NSE:MSTCLTD,92.15,92.15,91.1,91.4,2683.0
2020-05-12 12:00:00,NSE:MSTCLTD,91.55,92.1,91.2,91.65,8861.0
2020-05-12 13:00:00,NSE:MSTCLTD,91.95,95.0,91.95,94.6,14545.0
2020-05-12 14:00:00,NSE:MSTCLTD,94.5,96.0,93.75,95.35,20355.0
2020-05-12 15:00:00,NSE:MSTCLTD,95.0,95.0,92.2,93.6,14964.0
2020-05-13 09:00:00,NSE:MSTCLTD,97.2,97.2,94.0,94.3,25599.0
2020-05-13 10:00:00,NSE:MSTCLTD,94.0,98.25,93.8,98.25,35963.0
2020-05-13 11:00:00,NSE:MSTCLTD,98.25,98.25,98.25,98.25,17113.0
2020-05-13 12:00:00,NSE:MSTCLTD,98.25,98.25,98.25,98.25,1863.0
2020-05-13 13:00:00,NSE:MSTCLTD,98.25,98.25,98.25,98.25,6526.0
2020-05-13 14:00:00,NSE:MSTCLTD,98.25,98.25,98.25,98.25,4196.0
2020-05-13 15:00:00,NSE:MSTCLTD,98.25,98.25,98.25,98.25,11939.0
2020-05-14 09:00:00,NSE:MSTCLTD,98.25,103.15,95.5,101.15,70422.0
2020-05-14 10:00:00,NSE:MSTCLTD,101.3,102.8,100.35,101.75,29131.0
2020-05-14 11:00:00,NSE:MSTCLTD,101.75,102.15,101.45,101.45,14064.0
2020-05-14 12:00:00,NSE:MSTCLTD,101.3,101.45,98.35,101.4,23465.0
2020-05-14 13:00:00,NSE:MSTCLTD,101.3,103.15,101.0,103.15,71285.0
2020-05-14 14:00:00,NSE:MSTCLTD,103.15,103.15,103.15,103.15,3489.0
2020-05-14 15:00:00,NSE:MSTCLTD,103.15,103.15,103.15,103.15,1050.0
2020-05-15 09:00:00,NSE:MSTCLTD,105.05,107.0,101.25,102.0,51828.0
2020-05-15 10:00:00,NSE:MSTCLTD,101.9,104.0,99.35,102.0,29604.0
2020-05-15 11:00:00,NSE:MSTCLTD,102.0,103.45,102.0,102.7,6201.0
2020-05-15 12:00:00,NSE:MSTCLTD,102.5,103.15,102.0,102.5,8129.0
2020-05-15 13:00:00,NSE:MSTCLTD,102.3,104.9,101.0,104.2,21100.0
2020-05-15 14:00:00,NSE:MSTCLTD,104.0,107.0,103.6,105.3,29020.0
2020-05-15 15:00:00,NSE:MSTCLTD,104.6,106.5,104.5,105.85,28786.0
2020-05-18 09:00:00,NSE:MSTCLTD,106.4,109.9,100.6,100.6,84179.0
2020-05-18 10:00:00,NSE:MSTCLTD,100.6,101.5,100.6,100.6,24973.0
2020-05-18 11:00:00,NSE:MSTCLTD,100.6,100.6,100.6,100.6,1643.0
2020-05-18 12:00:00,NSE:MSTCLTD,100.6,100.6,100.6,100.6,616.0
2020-05-18 13:00:00,NSE:MSTCLTD,100.6,100.6,100.6,100.6,316.0
2020-05-18 14:00:00,NSE:MSTCLTD,100.6,100.6,100.6,100.6,857.0
2020-05-18 15:00:00,NSE:MSTCLTD,100.6,100.6,100.6,100.6,300.0
2020-05-19 09:00:00,NSE:MSTCLTD,98.9,98.95,96.15,96.7,33627.0
2020-05-19 10:00:00,NSE:MSTCLTD,96.7,97.15,96.2,97.1,12331.0
2020-05-19 11:00:00,NSE:MSTCLTD,97.15,97.15,95.6,95.95,26541.0
2020-05-19 12:00:00,NSE:MSTCLTD,95.9,96.4,95.7,96.15,3960.0
2020-05-19 13:00:00,NSE:MSTCLTD,96.0,96.25,95.6,95.6,7880.0
2020-05-19 14:00:00,NSE:MSTCLTD,95.6,95.6,95.6,95.6,524.0
2020-05-19 15:00:00,NSE:MSTCLTD,95.6,95.6,95.6,95.6,2931.0
2020-05-20 09:00:00,NSE:MSTCLTD,94.7,95.0,91.6,94.5,19958.0
2020-05-20 10:00:00,NSE:MSTCLTD,94.55,94.9,92.0,93.5,11654.0
2020-05-20 11:00:00,NSE:MSTCLTD,93.4,93.5,92.0,92.4,13810.0
2020-05-20 12:00:00,NSE:MSTCLTD,92.4,93.05,92.2,93.05,3026.0
2020-05-20 13:00:00,NSE:MSTCLTD,92.9,93.15,92.65,92.65,1101.0
2020-05-20 14:00:00,NSE:MSTCLTD,92.9,93.7,92.05,92.75,10494.0
2020-05-20 15:00:00,NSE:MSTCLTD,92.5,92.7,91.6,92.05,16557.0
2020-05-21 09:00:00,NSE:MSTCLTD,92.7,94.35,92.0,93.2,7483.0
2020-05-21 10:00:00,NSE:MSTCLTD,93.35,96.65,93.35,96.65,46918.0
2020-05-21 11:00:00,NSE:MSTCLTD,96.65,96.65,96.65,96.65,1949.0
2020-05-21 12:00:00,NSE:MSTCLTD,96.65,96.65,96.65,96.65,1030.0
2020-05-21 13:00:00,NSE:MSTCLTD,96.65,96.65,96.65,96.65,143.0
2020-05-21 14:00:00,NSE:MSTCLTD,96.65,96.65,96.65,96.65,3738.0
2020-05-21 15:00:00,NSE:MSTCLTD,96.65,96.65,96.65,96.65,100.0
2020-05-22 09:00:00,NSE:MSTCLTD,99.9,101.45,97.8,98.5,56027.0
2020-05-22 10:00:00,NSE:MSTCLTD,98.5,99.35,96.25,98.1,22776.0
2020-05-22 11:00:00,NSE:MSTCLTD,97.9,99.0,97.6,98.5,2739.0
2020-05-22 12:00:00,NSE:MSTCLTD,98.55,98.7,98.15,98.25,5190.0
2020-05-22 13:00:00,NSE:MSTCLTD,98.0,98.25,96.0,97.35,7674.0
2020-05-22 14:00:00,NSE:MSTCLTD,97.35,100.0,97.0,100.0,10117.0
2020-05-22 15:00:00,NSE:MSTCLTD,100.7,101.45,99.8,100.85,35489.0
2020-05-26 09:00:00,NSE:MSTCLTD,105.85,105.85,105.85,105.85,14542.0
2020-05-26 10:00:00,NSE:MSTCLTD,105.85,105.85,105.85,105.85,2549.0
2020-05-26 11:00:00,NSE:MSTCLTD,105.85,105.85,105.85,105.85,4284.0
2020-05-26 12:00:00,NSE:MSTCLTD,105.85,105.85,105.85,105.85,380.0
2020-05-26 13:00:00,NSE:MSTCLTD,105.85,105.85,105.85,105.85,3167.0
2020-05-26 14:00:00,NSE:MSTCLTD,105.85,105.85,105.85,105.85,996.0
2020-05-26 15:00:00,NSE:MSTCLTD,105.85,105.85,105.85,105.85,1683.0
2020-05-27 09:00:00,NSE:MSTCLTD,111.1,111.1,111.1,111.1,11750.0
2020-05-27 10:00:00,NSE:MSTCLTD,111.1,111.1,111.1,111.1,762.0
2020-05-27 11:00:00,NSE:MSTCLTD,111.1,111.1,111.1,111.1,498.0
2020-05-27 12:00:00,NSE:MSTCLTD,111.1,111.1,111.1,111.1,882.0
2020-05-27 13:00:00,NSE:MSTCLTD,111.1,111.1,111.1,111.1,174.0
2020-05-27 14:00:00,NSE:MSTCLTD,111.1,111.1,111.1,111.1,631.0
2020-05-27 15:00:00,NSE:MSTCLTD,111.1,111.1,111.1,111.1,184.0
2020-05-28 09:00:00,NSE:MSTCLTD,116.65,116.65,116.65,116.65,4954.0
2020-05-28 10:00:00,NSE:MSTCLTD,116.65,116.65,116.65,116.65,1832.0
2020-05-28 11:00:00,NSE:MSTCLTD,116.65,116.65,116.65,116.65,451.0
2020-05-28 12:00:00,NSE:MSTCLTD,116.65,116.65,116.65,116.65,35.0
2020-05-28 13:00:00,NSE:MSTCLTD,116.65,116.65,116.65,116.65,932.0
2020-05-28 14:00:00,NSE:MSTCLTD,116.65,116.65,116.65,116.65,310.0
2020-05-28 15:00:00,NSE:MSTCLTD,116.65,116.65,116.65,116.65,50.0
2020-05-29 09:00:00,NSE:MSTCLTD,122.45,122.45,111.65,116.95,226467.0
2020-05-29 10:00:00,NSE:MSTCLTD,117.35,118.0,115.65,116.4,37050.0
2020-05-29 11:00:00,NSE:MSTCLTD,116.3,116.4,113.2,113.7,40695.0
2020-05-29 12:00:00,NSE:MSTCLTD,114.05,114.7,113.5,114.05,6759.0
2020-05-29 13:00:00,NSE:MSTCLTD,113.9,115.5,113.5,113.7,17503.0
2020-05-29 14:00:00,NSE:MSTCLTD,113.7,115.7,113.2,114.75,11960.0
2020-05-29 15:00:00,NSE:MSTCLTD,115.15,115.15,111.05,112.45,38269.0
2020-06-01 09:00:00,NSE:MSTCLTD,115.0,115.0,108.25,110.0,46317.0
2020-06-01 10:00:00,NSE:MSTCLTD,110.0,118.05,110.0,117.0,148543.0
2020-06-01 11:00:00,NSE:MSTCLTD,117.5,117.5,114.1,115.0,20155.0
2020-06-01 12:00:00,NSE:MSTCLTD,115.0,115.0,114.5,115.0,9711.0
2020-06-01 13:00:00,NSE:MSTCLTD,115.0,115.0,113.3,114.0,11838.0
2020-06-01 14:00:00,NSE:MSTCLTD,114.4,118.05,113.35,117.5,105816.0
2020-06-01 15:00:00,NSE:MSTCLTD,117.35,118.05,116.4,118.05,21835.0
2020-06-02 09:00:00,NSE:MSTCLTD,118.0,119.7,113.25,116.5,50030.0
2020-06-02 10:00:00,NSE:MSTCLTD,117.0,117.0,114.5,116.15,22318.0
2020-06-02 11:00:00,NSE:MSTCLTD,116.1,116.55,114.8,115.15,15737.0
2020-06-02 12:00:00,NSE:MSTCLTD,115.15,117.5,115.15,117.0,21953.0
2020-06-02 13:00:00,NSE:MSTCLTD,117.0,117.5,116.1,116.8,5090.0
2020-06-02 14:00:00,NSE:MSTCLTD,116.7,117.4,116.4,116.4,6473.0
2020-06-02 15:00:00,NSE:MSTCLTD,116.75,116.95,113.8,114.8,38924.0
2020-06-03 09:00:00,NSE:MSTCLTD,115.5,118.5,115.5,116.55,23271.0
2020-06-03 10:00:00,NSE:MSTCLTD,116.15,117.0,115.0,116.0,27701.0
2020-06-03 11:00:00,NSE:MSTCLTD,116.5,116.55,115.0,115.75,13093.0
2020-06-03 12:00:00,NSE:MSTCLTD,115.25,116.4,115.25,115.35,6446.0
2020-06-03 13:00:00,NSE:MSTCLTD,115.95,115.95,114.4,115.3,11519.0
2020-06-03 14:00:00,NSE:MSTCLTD,115.4,115.65,113.0,114.0,18939.0
2020-06-03 15:00:00,NSE:MSTCLTD,114.15,114.25,112.0,113.15,21193.0
2020-06-04 09:00:00,NSE:MSTCLTD,114.1,114.95,112.0,113.8,19874.0
2020-06-04 10:00:00,NSE:MSTCLTD,113.15,116.05,113.15,115.1,16521.0
2020-06-04 11:00:00,NSE:MSTCLTD,115.1,115.1,111.75,112.25,11850.0
2020-06-04 12:00:00,NSE:MSTCLTD,112.75,113.05,112.3,112.4,7824.0
2020-06-04 13:00:00,NSE:MSTCLTD,112.5,113.6,112.3,112.9,5471.0
2020-06-04 14:00:00,NSE:MSTCLTD,112.95,118.5,112.9,118.0,60834.0
2020-06-04 15:00:00,NSE:MSTCLTD,117.6,118.8,117.6,118.8,32986.0
2020-06-05 09:00:00,NSE:MSTCLTD,122.8,133.0,121.0,128.55,323403.0
2020-06-05 10:00:00,NSE:MSTCLTD,127.95,128.8,123.15,125.0,59873.0
2020-06-05 11:00:00,NSE:MSTCLTD,125.0,126.5,123.5,124.95,21976.0
2020-06-05 12:00:00,NSE:MSTCLTD,124.7,125.0,118.1,123.25,138529.0
2020-06-05 13:00:00,NSE:MSTCLTD,123.65,125.0,122.15,122.95,28697.0
2020-06-05 14:00:00,NSE:MSTCLTD,123.0,124.65,122.15,124.05,33780.0
2020-06-05 15:00:00,NSE:MSTCLTD,124.25,124.9,122.1,123.15,48982.0
2020-06-08 09:00:00,NSE:MSTCLTD,125.8,131.65,124.8,125.95,63288.0
2020-06-08 10:00:00,NSE:MSTCLTD,125.95,126.0,124.65,125.25,31085.0
2020-06-08 11:00:00,NSE:MSTCLTD,125.05,136.0,123.95,131.4,168869.0
2020-06-08 12:00:00,NSE:MSTCLTD,131.3,133.6,127.0,127.9,65317.0
2020-06-08 13:00:00,NSE:MSTCLTD,127.95,134.0,125.2,134.0,54667.0
2020-06-08 14:00:00,NSE:MSTCLTD,134.1,137.9,130.05,133.0,128885.0
2020-06-08 15:00:00,NSE:MSTCLTD,133.0,134.0,131.0,132.4,40495.0
2020-06-09 09:00:00,NSE:MSTCLTD,152.0,155.0,142.2,146.4,717110.0
2020-06-09 10:00:00,NSE:MSTCLTD,146.4,148.25,143.0,146.4,139533.0
2020-06-09 11:00:00,NSE:MSTCLTD,146.4,147.0,144.7,146.7,43445.0
2020-06-09 12:00:00,NSE:MSTCLTD,146.25,146.55,141.05,141.95,65158.0
2020-06-09 13:00:00,NSE:MSTCLTD,142.0,144.35,140.95,143.7,73499.0
2020-06-09 14:00:00,NSE:MSTCLTD,143.65,143.95,136.0,139.75,164253.0
2020-06-09 15:00:00,NSE:MSTCLTD,139.6,142.2,139.6,141.05,73496.0
2020-06-10 09:00:00,NSE:MSTCLTD,142.85,146.05,136.0,137.5,97932.0
2020-06-10 10:00:00,NSE:MSTCLTD,137.35,138.8,133.1,134.0,85572.0
2020-06-10 11:00:00,NSE:MSTCLTD,133.95,134.65,133.0,133.8,31431.0
2020-06-10 12:00:00,NSE:MSTCLTD,133.8,136.75,133.35,135.55,34215.0
2020-06-10 13:00:00,NSE:MSTCLTD,135.55,136.0,134.45,134.7,11947.0
2020-06-10 14:00:00,NSE:MSTCLTD,134.5,135.5,133.0,133.75,34920.0
2020-06-10 15:00:00,NSE:MSTCLTD,133.6,136.35,132.75,134.9,49281.0
2020-06-11 09:00:00,NSE:MSTCLTD,135.9,136.35,132.35,134.15,54156.0
2020-06-11 10:00:00,NSE:MSTCLTD,134.15,134.75,130.3,133.0,29531.0
2020-06-11 11:00:00,NSE:MSTCLTD,133.05,133.45,131.5,132.45,17012.0
2020-06-11 12:00:00,NSE:MSTCLTD,132.8,132.95,130.0,131.5,18672.0
2020-06-11 13:00:00,NSE:MSTCLTD,131.5,131.5,129.95,130.0,14675.0
2020-06-11 14:00:00,NSE:MSTCLTD,129.9,130.4,127.05,128.0,31862.0
2020-06-11 15:00:00,NSE:MSTCLTD,128.0,130.25,125.85,127.7,34313.0
2020-06-12 09:00:00,NSE:MSTCLTD,117.1,124.3,117.1,121.15,78546.0
2020-06-12 10:00:00,NSE:MSTCLTD,121.5,122.8,121.25,122.15,19883.0
2020-06-12 11:00:00,NSE:MSTCLTD,121.9,125.4,121.45,123.6,30098.0
2020-06-12 12:00:00,NSE:MSTCLTD,123.55,124.4,121.4,123.2,14314.0
2020-06-12 13:00:00,NSE:MSTCLTD,123.0,127.6,123.0,125.25,25006.0
2020-06-12 14:00:00,NSE:MSTCLTD,125.5,132.35,125.5,130.5,78690.0
2020-06-12 15:00:00,NSE:MSTCLTD,130.5,132.5,130.4,131.4,29061.0
2020-06-15 09:00:00,NSE:MSTCLTD,131.8,133.75,129.1,131.55,29527.0
2020-06-15 10:00:00,NSE:MSTCLTD,131.5,134.05,129.5,130.0,23589.0
2020-06-15 11:00:00,NSE:MSTCLTD,130.05,130.15,128.5,129.1,10957.0
2020-06-15 12:00:00,NSE:MSTCLTD,129.3,130.35,127.2,128.3,53847.0
2020-06-15 13:00:00,NSE:MSTCLTD,128.75,129.0,128.0,128.65,5593.0
2020-06-15 14:00:00,NSE:MSTCLTD,128.85,128.95,127.5,128.0,11887.0
2020-06-15 15:00:00,NSE:MSTCLTD,128.0,128.5,127.05,127.7,19412.0
2020-06-16 09:00:00,NSE:MSTCLTD,130.2,134.3,130.0,132.8,52368.0
2020-06-16 10:00:00,NSE:MSTCLTD,132.8,132.8,131.2,131.55,14539.0
2020-06-16 11:00:00,NSE:MSTCLTD,131.55,131.8,129.0,130.45,10067.0
2020-06-16 12:00:00,NSE:MSTCLTD,130.5,131.0,128.85,130.0,6589.0
2020-06-16 13:00:00,NSE:MSTCLTD,130.0,130.0,119.25,124.65,46388.0
2020-06-16 14:00:00,NSE:MSTCLTD,124.35,127.5,123.2,125.25,19721.0
2020-06-16 15:00:00,NSE:MSTCLTD,125.2,125.5,123.15,124.45,20840.0
2020-06-17 09:00:00,NSE:MSTCLTD,125.1,127.7,124.85,126.55,26332.0
2020-06-17 10:00:00,NSE:MSTCLTD,126.95,131.1,124.5,129.0,41671.0
2020-06-17 11:00:00,NSE:MSTCLTD,128.95,129.0,126.1,127.55,11846.0
2020-06-17 12:00:00,NSE:MSTCLTD,127.45,129.0,126.5,126.85,9946.0
2020-06-17 13:00:00,NSE:MSTCLTD,126.85,127.45,126.25,126.5,5091.0
2020-06-17 14:00:00,NSE:MSTCLTD,126.55,127.5,125.45,126.0,5109.0
2020-06-17 15:00:00,NSE:MSTCLTD,126.0,126.0,124.4,125.5,10702.0
2020-06-18 09:00:00,NSE:MSTCLTD,128.2,131.65,127.9,131.05,64008.0
2020-06-18 10:00:00,NSE:MSTCLTD,131.05,135.5,130.55,132.35,130977.0
2020-06-18 11:00:00,NSE:MSTCLTD,132.25,139.95,132.25,137.1,122393.0
2020-06-18 12:00:00,NSE:MSTCLTD,137.15,138.3,134.65,136.85,48585.0
2020-06-18 13:00:00,NSE:MSTCLTD,136.85,138.5,135.65,136.9,27511.0
2020-06-18 14:00:00,NSE:MSTCLTD,136.95,137.4,135.0,135.7,21487.0
2020-06-18 15:00:00,NSE:MSTCLTD,135.65,136.0,134.05,135.0,21281.0
2020-06-19 09:00:00,NSE:MSTCLTD,135.4,139.5,130.0,137.7,72499.0
2020-06-19 10:00:00,NSE:MSTCLTD,138.0,138.0,133.6,134.65,28875.0
2020-06-19 11:00:00,NSE:MSTCLTD,134.65,136.0,133.7,135.5,9579.0
2020-06-19 12:00:00,NSE:MSTCLTD,135.3,135.65,132.95,133.8,16975.0
2020-06-19 13:00:00,NSE:MSTCLTD,133.9,134.5,133.4,134.1,12654.0
2020-06-19 14:00:00,NSE:MSTCLTD,134.1,134.1,133.4,133.8,10678.0
2020-06-19 15:00:00,NSE:MSTCLTD,133.8,137.55,132.8,134.2,45429.0
2020-06-22 09:00:00,NSE:MSTCLTD,136.0,137.45,134.25,135.2,33411.0
2020-06-22 10:00:00,NSE:MSTCLTD,135.2,135.75,132.45,134.4,30787.0
2020-06-22 11:00:00,NSE:MSTCLTD,134.45,134.65,133.5,134.55,10049.0
2020-06-22 12:00:00,NSE:MSTCLTD,134.6,137.75,133.95,136.0,28252.0
2020-06-22 13:00:00,NSE:MSTCLTD,135.95,136.0,134.5,134.75,13525.0
2020-06-22 14:00:00,NSE:MSTCLTD,134.8,135.0,133.5,134.2,10329.0
2020-06-22 15:00:00,NSE:MSTCLTD,134.0,134.5,133.3,133.9,18757.0
2020-06-23 09:00:00,NSE:MSTCLTD,134.9,136.1,132.55,133.8,20649.0
2020-06-23 10:00:00,NSE:MSTCLTD,133.8,135.95,133.1,134.05,17149.0
2020-06-23 11:00:00,NSE:MSTCLTD,134.3,134.3,133.0,133.5,5793.0
2020-06-23 12:00:00,NSE:MSTCLTD,133.5,135.4,133.5,134.4,18235.0
2020-06-23 13:00:00,NSE:MSTCLTD,134.75,134.95,133.15,133.5,8870.0
2020-06-23 14:00:00,NSE:MSTCLTD,133.9,134.9,133.35,134.15,13791.0
2020-06-23 15:00:00,NSE:MSTCLTD,134.05,134.95,133.45,134.25,17670.0
2020-06-24 09:00:00,NSE:MSTCLTD,135.5,140.55,134.05,138.7,58284.0
2020-06-24 10:00:00,NSE:MSTCLTD,138.75,140.9,135.25,135.35,67190.0
2020-06-24 11:00:00,NSE:MSTCLTD,135.25,136.15,134.5,134.8,21067.0
2020-06-24 12:00:00,NSE:MSTCLTD,134.8,137.15,134.25,136.7,11232.0
2020-06-24 13:00:00,NSE:MSTCLTD,136.3,136.45,133.35,134.1,15550.0
2020-06-24 14:00:00,NSE:MSTCLTD,134.5,134.8,133.0,133.1,14085.0
2020-06-24 15:00:00,NSE:MSTCLTD,133.25,133.7,130.2,131.5,28544.0
2020-06-25 09:00:00,NSE:MSTCLTD,132.65,134.9,130.1,133.55,30731.0
2020-06-25 10:00:00,NSE:MSTCLTD,133.75,135.75,133.75,134.75,22043.0
2020-06-25 11:00:00,NSE:MSTCLTD,134.75,135.0,132.45,132.5,9607.0
2020-06-25 12:00:00,NSE:MSTCLTD,132.5,132.9,131.55,131.95,9596.0
2020-06-25 13:00:00,NSE:MSTCLTD,132.0,134.45,131.85,133.25,8640.0
2020-06-25 14:00:00,NSE:MSTCLTD,133.2,134.3,133.2,133.5,9810.0
2020-06-25 15:00:00,NSE:MSTCLTD,133.5,134.65,133.3,134.45,13258.0
2020-06-26 09:00:00,NSE:MSTCLTD,135.4,138.5,134.7,134.8,24969.0
2020-06-26 10:00:00,NSE:MSTCLTD,134.7,135.75,134.6,135.0,9050.0
2020-06-26 11:00:00,NSE:MSTCLTD,134.95,136.7,134.6,135.7,9136.0
2020-06-26 12:00:00,NSE:MSTCLTD,135.7,136.45,134.75,135.0,5867.0
2020-06-26 13:00:00,NSE:MSTCLTD,134.85,135.0,133.6,133.95,8100.0
2020-06-26 14:00:00,NSE:MSTCLTD,134.0,135.15,132.3,134.35,21894.0
2020-06-26 15:00:00,NSE:MSTCLTD,134.5,134.5,132.5,133.55,11726.0
2020-06-29 09:00:00,NSE:MSTCLTD,129.0,132.75,129.0,131.1,15725.0
2020-06-29 10:00:00,NSE:MSTCLTD,131.1,132.05,129.7,131.3,18840.0
2020-06-29 11:00:00,NSE:MSTCLTD,131.5,132.75,126.0,127.0,32602.0
2020-06-29 12:00:00,NSE:MSTCLTD,126.7,129.6,126.7,129.6,7928.0
2020-06-29 13:00:00,NSE:MSTCLTD,129.55,129.6,129.15,129.45,1985.0
2020-06-29 14:00:00,NSE:MSTCLTD,129.5,129.5,126.9,127.35,19066.0
2020-06-29 15:00:00,NSE:MSTCLTD,127.5,131.0,126.3,129.15,30509.0
2020-06-30 09:00:00,NSE:MSTCLTD,131.0,131.0,116.95,129.35,60345.0
2020-06-30 10:00:00,NSE:MSTCLTD,129.1,129.9,126.65,126.9,28953.0
2020-06-30 11:00:00,NSE:MSTCLTD,126.9,126.9,122.0,124.0,42216.0
2020-06-30 12:00:00,NSE:MSTCLTD,124.25,124.6,123.3,124.05,9458.0
2020-06-30 13:00:00,NSE:MSTCLTD,124.0,124.3,121.5,122.3,17750.0
2020-06-30 14:00:00,NSE:MSTCLTD,122.3,122.5,120.2,122.0,27845.0
2020-06-30 15:00:00,NSE:MSTCLTD,122.0,122.85,121.95,122.2,17520.0
2020-07-01 09:00:00,NSE:MSTCLTD,125.9,126.0,123.4,124.95,20045.0
2020-07-01 10:00:00,NSE:MSTCLTD,124.9,124.95,123.15,123.45,6787.0
2020-07-01 11:00:00,NSE:MSTCLTD,123.5,125.25,123.45,124.8,5589.0
2020-07-01 12:00:00,NSE:MSTCLTD,124.6,129.9,123.75,129.0,72926.0
2020-07-01 13:00:00,NSE:MSTCLTD,129.05,146.6,128.15,141.55,993624.0
2020-07-01 14:00:00,NSE:MSTCLTD,141.4,143.5,138.25,142.5,236819.0
2020-07-01 15:00:00,NSE:MSTCLTD,142.5,142.5,138.05,139.95,83038.0
2020-07-02 09:00:00,NSE:MSTCLTD,139.6,142.05,135.5,136.75,124837.0
2020-07-02 10:00:00,NSE:MSTCLTD,136.9,142.5,136.7,138.65,87747.0
2020-07-02 11:00:00,NSE:MSTCLTD,138.5,141.1,137.8,138.15,30638.0
2020-07-02 12:00:00,NSE:MSTCLTD,138.0,139.3,137.2,139.25,75434.0
2020-07-02 13:00:00,NSE:MSTCLTD,139.1,139.45,137.35,137.75,10085.0
2020-07-02 14:00:00,NSE:MSTCLTD,137.5,137.95,136.75,137.25,21436.0
2020-07-02 15:00:00,NSE:MSTCLTD,137.3,138.0,135.65,136.9,55618.0
2020-07-03 09:00:00,NSE:MSTCLTD,139.0,139.4,136.05,137.25,31167.0
2020-07-03 10:00:00,NSE:MSTCLTD,137.55,140.75,137.5,139.0,91722.0
2020-07-03 11:00:00,NSE:MSTCLTD,139.0,139.0,136.55,137.65,11682.0
2020-07-03 12:00:00,NSE:MSTCLTD,137.5,138.05,136.65,136.95,11907.0
2020-07-03 13:00:00,NSE:MSTCLTD,136.95,138.0,136.0,136.7,11075.0
2020-07-03 14:00:00,NSE:MSTCLTD,136.8,137.75,136.55,136.65,13020.0
2020-07-03 15:00:00,NSE:MSTCLTD,136.8,136.8,134.1,135.5,29934.0
2020-07-06 09:00:00,NSE:MSTCLTD,139.15,147.5,138.0,141.7,225854.0
2020-07-06 10:00:00,NSE:MSTCLTD,141.75,144.0,137.25,138.3,135478.0
2020-07-06 11:00:00,NSE:MSTCLTD,138.3,139.55,137.0,138.0,67245.0
2020-07-06 12:00:00,NSE:MSTCLTD,138.0,138.0,137.0,137.45,37596.0
2020-07-06 13:00:00,NSE:MSTCLTD,137.55,139.5,137.55,138.85,53107.0
2020-07-06 14:00:00,NSE:MSTCLTD,139.5,139.95,138.25,138.9,52054.0
2020-07-06 15:00:00,NSE:MSTCLTD,138.9,138.95,136.55,137.55,63676.0
2020-07-07 09:00:00,NSE:MSTCLTD,137.25,143.95,136.45,141.4,131918.0
2020-07-07 10:00:00,NSE:MSTCLTD,141.5,143.0,138.15,139.1,97120.0
2020-07-07 11:00:00,NSE:MSTCLTD,138.65,139.0,136.25,138.3,102453.0
2020-07-07 12:00:00,NSE:MSTCLTD,138.25,140.2,138.15,139.85,116394.0
2020-07-07 13:00:00,NSE:MSTCLTD,139.9,140.2,139.45,140.0,59840.0
2020-07-07 14:00:00,NSE:MSTCLTD,140.0,140.2,139.65,140.0,35301.0
2020-07-07 15:00:00,NSE:MSTCLTD,140.05,144.8,139.7,142.25,161613.0
2020-07-08 09:00:00,NSE:MSTCLTD,144.1,147.4,142.0,143.25,173106.0
2020-07-08 10:00:00,NSE:MSTCLTD,143.3,144.25,142.0,143.45,41773.0
2020-07-08 11:00:00,NSE:MSTCLTD,143.2,143.5,141.45,142.2,22631.0
2020-07-08 12:00:00,NSE:MSTCLTD,142.15,144.0,141.45,142.9,38533.0
2020-07-08 13:00:00,NSE:MSTCLTD,142.95,143.5,142.6,142.9,11275.0
2020-07-08 14:00:00,NSE:MSTCLTD,142.9,143.3,139.0,140.85,55028.0
2020-07-08 15:00:00,NSE:MSTCLTD,140.4,142.45,139.0,140.25,78906.0
2020-07-09 09:00:00,NSE:MSTCLTD,142.4,142.65,139.0,140.9,111726.0
2020-07-09 10:00:00,NSE:MSTCLTD,140.95,162.0,140.95,160.85,939847.0
2020-07-09 11:00:00,NSE:MSTCLTD,160.85,162.8,155.5,155.75,327983.0
2020-07-09 12:00:00,NSE:MSTCLTD,155.8,167.4,155.5,164.3,475522.0
2020-07-09 13:00:00,NSE:MSTCLTD,164.0,166.9,161.45,166.2,243691.0
2020-07-09 14:00:00,NSE:MSTCLTD,166.2,168.3,161.7,168.3,626406.0
2020-07-09 15:00:00,NSE:MSTCLTD,168.3,168.3,168.3,168.3,35488.0
2020-07-10 09:00:00,NSE:MSTCLTD,167.9,175.9,156.95,172.9,1069204.0
2020-07-10 10:00:00,NSE:MSTCLTD,172.95,177.7,168.5,172.3,540185.0
2020-07-10 11:00:00,NSE:MSTCLTD,172.35,178.5,170.25,178.0,307996.0
2020-07-10 12:00:00,NSE:MSTCLTD,177.85,179.5,172.5,173.75,297941.0
2020-07-10 13:00:00,NSE:MSTCLTD,173.75,174.15,166.45,166.95,201510.0
2020-07-10 14:00:00,NSE:MSTCLTD,167.85,168.4,162.9,166.15,199230.0
2020-07-10 15:00:00,NSE:MSTCLTD,166.0,166.8,162.35,164.4,125955.0
2020-07-13 09:00:00,NSE:MSTCLTD,164.5,172.0,163.7,167.0,266204.0
2020-07-13 10:00:00,NSE:MSTCLTD,166.95,172.95,166.75,172.25,180085.0
2020-07-13 11:00:00,NSE:MSTCLTD,172.6,174.3,168.15,169.9,157795.0
2020-07-13 12:00:00,NSE:MSTCLTD,169.7,170.8,168.6,169.0,27706.0
2020-07-13 13:00:00,NSE:MSTCLTD,169.0,170.35,165.75,166.7,53900.0
2020-07-13 14:00:00,NSE:MSTCLTD,166.5,171.8,166.1,171.0,101181.0
2020-07-13 15:00:00,NSE:MSTCLTD,171.0,171.45,168.65,169.65,83226.0
2020-07-14 09:00:00,NSE:MSTCLTD,169.0,169.45,164.3,167.05,83888.0
2020-07-14 10:00:00,NSE:MSTCLTD,166.95,168.45,164.15,164.15,73223.0
2020-07-14 11:00:00,NSE:MSTCLTD,164.15,164.6,157.95,163.4,115077.0
2020-07-14 12:00:00,NSE:MSTCLTD,163.75,163.75,159.35,161.0,32863.0
2020-07-14 13:00:00,NSE:MSTCLTD,160.9,161.7,159.5,161.25,23042.0
2020-07-14 14:00:00,NSE:MSTCLTD,160.8,162.55,160.45,162.2,18950.0
2020-07-14 15:00:00,NSE:MSTCLTD,162.6,162.6,160.3,161.85,36881.0
2020-07-15 09:00:00,NSE:MSTCLTD,163.7,174.8,163.65,172.0,259053.0
2020-07-15 10:00:00,NSE:MSTCLTD,171.95,172.2,168.2,168.6,146417.0
2020-07-15 11:00:00,NSE:MSTCLTD,169.0,169.95,168.2,169.05,25807.0
2020-07-15 12:00:00,NSE:MSTCLTD,169.0,169.2,168.1,168.35,14993.0
2020-07-15 13:00:00,NSE:MSTCLTD,169.0,169.2,168.2,168.2,7540.0
2020-07-15 14:00:00,NSE:MSTCLTD,168.75,169.0,162.0,164.3,82100.0
2020-07-15 15:00:00,NSE:MSTCLTD,163.75,164.0,161.1,162.65,53983.0
2020-07-16 09:00:00,NSE:MSTCLTD,164.55,164.95,158.0,160.8,110572.0
2020-07-16 10:00:00,NSE:MSTCLTD,160.95,160.95,157.1,158.15,65857.0
2020-07-16 11:00:00,NSE:MSTCLTD,158.2,158.35,151.5,153.95,92585.0
2020-07-16 12:00:00,NSE:MSTCLTD,153.95,155.1,150.0,153.1,43105.0
2020-07-16 13:00:00,NSE:MSTCLTD,153.1,155.15,152.25,154.45,21113.0
2020-07-16 14:00:00,NSE:MSTCLTD,154.5,158.0,153.0,156.25,45870.0
2020-07-16 15:00:00,NSE:MSTCLTD,156.25,156.65,154.8,155.75,42945.0
2020-07-17 09:00:00,NSE:MSTCLTD,156.8,160.0,156.65,157.9,110440.0
2020-07-17 10:00:00,NSE:MSTCLTD,157.4,163.0,157.35,159.5,70212.0
2020-07-17 11:00:00,NSE:MSTCLTD,159.2,159.95,156.35,159.25,30926.0
2020-07-17 12:00:00,NSE:MSTCLTD,159.2,159.6,157.0,158.0,11344.0
2020-07-17 13:00:00,NSE:MSTCLTD,158.0,161.0,157.2,158.1,23501.0
2020-07-17 14:00:00,NSE:MSTCLTD,158.45,159.35,158.0,158.15,8880.0
2020-07-17 15:00:00,NSE:MSTCLTD,158.15,161.3,158.15,160.1,47277.0
2020-07-20 09:00:00,NSE:MSTCLTD,161.0,164.9,160.6,163.5,61725.0
2020-07-20 10:00:00,NSE:MSTCLTD,163.7,164.35,161.5,161.95,43365.0
2020-07-20 11:00:00,NSE:MSTCLTD,161.8,162.4,161.1,161.95,12176.0
2020-07-20 12:00:00,NSE:MSTCLTD,161.55,162.8,158.2,161.2,30114.0
2020-07-20 13:00:00,NSE:MSTCLTD,161.15,171.6,159.75,167.2,266691.0
2020-07-20 14:00:00,NSE:MSTCLTD,167.0,174.0,166.75,169.0,135527.0
2020-07-20 15:00:00,NSE:MSTCLTD,169.0,169.0,164.6,165.8,163293.0
2020-07-21 09:00:00,NSE:MSTCLTD,166.0,168.4,165.95,166.75,56235.0
2020-07-21 10:00:00,NSE:MSTCLTD,166.6,174.0,165.25,167.05,506804.0
2020-07-21 11:00:00,NSE:MSTCLTD,167.95,167.95,166.25,167.1,17580.0
2020-07-21 12:00:00,NSE:MSTCLTD,167.6,167.6,166.1,166.3,23691.0
2020-07-21 13:00:00,NSE:MSTCLTD,166.05,167.55,165.1,165.65,37985.0
2020-07-21 14:00:00,NSE:MSTCLTD,165.15,166.5,162.35,163.1,57397.0
2020-07-21 15:00:00,NSE:MSTCLTD,163.1,163.65,162.05,162.9,77295.0
2020-07-22 09:00:00,NSE:MSTCLTD,164.0,164.2,158.5,161.0,97194.0
2020-07-22 10:00:00,NSE:MSTCLTD,161.1,162.8,160.0,162.8,28828.0
2020-07-22 11:00:00,NSE:MSTCLTD,162.5,162.95,160.4,161.0,11590.0
2020-07-22 12:00:00,NSE:MSTCLTD,161.0,161.45,160.15,160.4,7385.0
2020-07-22 13:00:00,NSE:MSTCLTD,160.5,160.5,158.1,158.8,39389.0
2020-07-22 14:00:00,NSE:MSTCLTD,158.8,159.7,156.0,157.45,45464.0
2020-07-22 15:00:00,NSE:MSTCLTD,157.45,159.25,157.3,158.55,34276.0
2020-07-23 09:00:00,NSE:MSTCLTD,159.5,162.0,158.05,161.0,48825.0
2020-07-23 10:00:00,NSE:MSTCLTD,161.2,161.5,157.2,158.05,60247.0
2020-07-23 11:00:00,NSE:MSTCLTD,158.05,158.6,157.25,158.0,43072.0
2020-07-23 12:00:00,NSE:MSTCLTD,158.0,163.5,157.7,161.05,97381.0
2020-07-23 13:00:00,NSE:MSTCLTD,161.05,161.45,158.35,158.95,22468.0
2020-07-23 14:00:00,NSE:MSTCLTD,157.95,159.0,157.45,158.45,34530.0
2020-07-23 15:00:00,NSE:MSTCLTD,158.2,159.95,158.15,159.05,32480.0
2020-07-24 09:00:00,NSE:MSTCLTD,158.0,159.7,156.4,156.8,78122.0
2020-07-24 10:00:00,NSE:MSTCLTD,156.6,156.8,155.0,155.45,34680.0
2020-07-24 11:00:00,NSE:MSTCLTD,155.4,155.4,153.25,154.5,26795.0
2020-07-24 12:00:00,NSE:MSTCLTD,154.55,154.55,152.5,153.7,28790.0
2020-07-24 13:00:00,NSE:MSTCLTD,153.7,154.05,153.0,153.9,11197.0
2020-07-24 14:00:00,NSE:MSTCLTD,153.9,154.15,152.8,153.0,18590.0
2020-07-24 15:00:00,NSE:MSTCLTD,153.0,153.7,152.85,153.2,33416.0
2020-07-27 09:00:00,NSE:MSTCLTD,154.15,154.15,146.3,148.5,65250.0
2020-07-27 10:00:00,NSE:MSTCLTD,148.5,148.5,143.4,144.5,45632.0
2020-07-27 11:00:00,NSE:MSTCLTD,144.9,146.25,141.8,145.6,67478.0
2020-07-27 12:00:00,NSE:MSTCLTD,145.75,146.4,144.6,144.65,12570.0
2020-07-27 13:00:00,NSE:MSTCLTD,144.5,145.75,143.5,145.0,15836.0
2020-07-27 14:00:00,NSE:MSTCLTD,144.8,145.95,144.0,144.55,15267.0
2020-07-27 15:00:00,NSE:MSTCLTD,144.15,144.4,143.0,143.6,24138.0
2020-07-28 09:00:00,NSE:MSTCLTD,144.8,147.2,144.0,145.1,47394.0
2020-07-28 10:00:00,NSE:MSTCLTD,144.95,145.0,143.0,144.0,17892.0
2020-07-28 11:00:00,NSE:MSTCLTD,143.95,144.0,143.15,143.3,9509.0
2020-07-28 12:00:00,NSE:MSTCLTD,143.3,143.75,143.1,143.5,19921.0
2020-07-28 13:00:00,NSE:MSTCLTD,143.1,144.0,139.0,139.95,34358.0
2020-07-28 14:00:00,NSE:MSTCLTD,139.0,153.0,138.0,145.55,360380.0
2020-07-28 15:00:00,NSE:MSTCLTD,145.45,147.15,145.1,146.35,59143.0
2020-07-29 09:00:00,NSE:MSTCLTD,145.15,150.7,145.15,148.0,88031.0
2020-07-29 10:00:00,NSE:MSTCLTD,147.95,149.9,147.75,149.4,19282.0
2020-07-29 11:00:00,NSE:MSTCLTD,149.3,149.9,148.3,148.55,13246.0
2020-07-29 12:00:00,NSE:MSTCLTD,148.3,149.1,148.0,148.9,9764.0
2020-07-29 13:00:00,NSE:MSTCLTD,148.65,154.0,148.0,152.5,124440.0
2020-07-29 14:00:00,NSE:MSTCLTD,152.5,153.0,148.55,149.7,52420.0
2020-07-29 15:00:00,NSE:MSTCLTD,149.95,151.5,148.8,149.9,47554.0
2020-07-30 09:00:00,NSE:MSTCLTD,150.9,150.9,148.05,148.95,30417.0
2020-07-30 10:00:00,NSE:MSTCLTD,148.95,149.2,146.5,148.0,30489.0
2020-07-30 11:00:00,NSE:MSTCLTD,148.0,148.8,146.5,146.75,10426.0
2020-07-30 12:00:00,NSE:MSTCLTD,147.05,147.8,146.35,147.0,8359.0
2020-07-30 13:00:00,NSE:MSTCLTD,146.5,146.5,143.65,144.8,18473.0
2020-07-30 14:00:00,NSE:MSTCLTD,145.3,146.8,143.0,145.5,15924.0
2020-07-30 15:00:00,NSE:MSTCLTD,145.0,145.9,143.6,144.25,25087.0
2020-07-31 09:00:00,NSE:MSTCLTD,143.65,146.5,142.45,144.2,14029.0
2020-07-31 10:00:00,NSE:MSTCLTD,144.55,145.0,143.5,145.0,9323.0
2020-07-31 11:00:00,NSE:MSTCLTD,144.25,147.8,144.0,145.7,17517.0
2020-07-31 12:00:00,NSE:MSTCLTD,145.95,146.0,144.1,144.5,5599.0
2020-07-31 13:00:00,NSE:MSTCLTD,144.25,144.9,143.0,144.5,14238.0
2020-07-31 14:00:00,NSE:MSTCLTD,144.3,144.35,140.05,142.5,16159.0
2020-07-31 15:00:00,NSE:MSTCLTD,142.5,143.05,140.2,141.45,46169.0
2020-08-03 09:00:00,NSE:MSTCLTD,141.3,143.15,139.95,140.95,21240.0
2020-08-03 10:00:00,NSE:MSTCLTD,140.95,142.95,140.65,141.3,23779.0
2020-08-03 11:00:00,NSE:MSTCLTD,141.4,142.6,140.2,140.7,17099.0
2020-08-03 12:00:00,NSE:MSTCLTD,140.25,141.05,139.45,140.5,19327.0
2020-08-03 13:00:00,NSE:MSTCLTD,140.15,140.9,140.15,140.75,2405.0
2020-08-03 14:00:00,NSE:MSTCLTD,140.7,140.9,138.65,139.5,17836.0
2020-08-03 15:00:00,NSE:MSTCLTD,139.15,139.85,138.0,138.85,25492.0
2020-08-04 09:00:00,NSE:MSTCLTD,139.95,142.6,139.75,141.6,36598.0
2020-08-04 10:00:00,NSE:MSTCLTD,141.25,142.0,140.5,141.05,33137.0
2020-08-04 11:00:00,NSE:MSTCLTD,141.15,141.95,140.35,141.65,13705.0
2020-08-04 12:00:00,NSE:MSTCLTD,141.8,141.8,139.1,139.5,15412.0
2020-08-04 13:00:00,NSE:MSTCLTD,139.15,142.0,139.15,141.25,23708.0
2020-08-04 14:00:00,NSE:MSTCLTD,141.0,141.65,139.5,140.75,32003.0
2020-08-04 15:00:00,NSE:MSTCLTD,140.85,140.85,139.25,139.9,24203.0
2020-08-05 09:00:00,NSE:MSTCLTD,140.8,152.3,140.8,151.15,151641.0
2020-08-05 10:00:00,NSE:MSTCLTD,151.15,155.85,149.75,154.4,231380.0
2020-08-05 11:00:00,NSE:MSTCLTD,154.5,155.0,151.0,151.0,57544.0
2020-08-05 12:00:00,NSE:MSTCLTD,151.0,154.9,150.55,153.2,77062.0
2020-08-05 13:00:00,NSE:MSTCLTD,153.2,153.8,151.0,151.9,27781.0
2020-08-05 14:00:00,NSE:MSTCLTD,151.7,154.55,151.2,152.0,60793.0
2020-08-05 15:00:00,NSE:MSTCLTD,151.85,154.8,151.0,152.4,64929.0
2020-08-06 09:00:00,NSE:MSTCLTD,152.9,158.8,152.9,155.85,71256.0
2020-08-06 10:00:00,NSE:MSTCLTD,155.75,155.95,153.7,154.5,17119.0
2020-08-06 11:00:00,NSE:MSTCLTD,154.45,154.45,151.0,152.35,22725.0
2020-08-06 12:00:00,NSE:MSTCLTD,152.45,153.5,151.5,152.35,17476.0
2020-08-06 13:00:00,NSE:MSTCLTD,152.75,152.85,151.05,152.7,17207.0
2020-08-06 14:00:00,NSE:MSTCLTD,152.7,152.95,151.6,152.55,20541.0
2020-08-06 15:00:00,NSE:MSTCLTD,152.6,153.5,151.25,152.5,30283.0
2020-08-07 09:00:00,NSE:MSTCLTD,153.7,154.85,151.5,154.75,26512.0
2020-08-07 10:00:00,NSE:MSTCLTD,154.75,158.0,154.45,155.0,46988.0
2020-08-07 11:00:00,NSE:MSTCLTD,154.65,157.0,154.65,156.05,18074.0
2020-08-07 12:00:00,NSE:MSTCLTD,156.2,156.4,155.15,156.05,20775.0
2020-08-07 13:00:00,NSE:MSTCLTD,155.95,162.9,155.75,157.5,136224.0
2020-08-07 14:00:00,NSE:MSTCLTD,157.6,159.4,155.0,158.55,83513.0
2020-08-07 15:00:00,NSE:MSTCLTD,158.35,162.05,158.0,159.75,97166.0
2020-08-10 09:00:00,NSE:MSTCLTD,161.15,164.0,161.0,163.35,73317.0
2020-08-10 10:00:00,NSE:MSTCLTD,163.35,163.5,162.1,162.5,43561.0
2020-08-10 11:00:00,NSE:MSTCLTD,162.3,163.0,161.65,161.85,29910.0
2020-08-10 12:00:00,NSE:MSTCLTD,162.0,162.25,161.6,161.85,12707.0
2020-08-10 13:00:00,NSE:MSTCLTD,161.75,161.95,156.3,156.9,57825.0
2020-08-10 14:00:00,NSE:MSTCLTD,156.9,156.9,151.4,151.85,98289.0
2020-08-10 15:00:00,NSE:MSTCLTD,152.0,152.85,150.1,151.8,46275.0
2020-08-11 09:00:00,NSE:MSTCLTD,153.4,155.0,153.4,154.0,28572.0
2020-08-11 10:00:00,NSE:MSTCLTD,154.0,154.0,151.75,152.3,29215.0
2020-08-11 11:00:00,NSE:MSTCLTD,151.85,152.7,150.0,151.3,26271.0
2020-08-11 12:00:00,NSE:MSTCLTD,151.4,152.4,150.0,152.2,20006.0
2020-08-11 13:00:00,NSE:MSTCLTD,152.05,152.9,151.9,152.0,6189.0
2020-08-11 14:00:00,NSE:MSTCLTD,152.0,152.9,151.35,152.5,104971.0
2020-08-11 15:00:00,NSE:MSTCLTD,152.4,152.5,150.25,151.15,29460.0
2020-08-12 09:00:00,NSE:MSTCLTD,149.65,153.85,148.1,153.0,74297.0
2020-08-12 10:00:00,NSE:MSTCLTD,152.65,155.5,152.65,153.65,165448.0
2020-08-12 11:00:00,NSE:MSTCLTD,153.85,154.5,151.65,152.0,52621.0
2020-08-12 12:00:00,NSE:MSTCLTD,151.8,152.0,149.75,150.8,59410.0
2020-08-12 13:00:00,NSE:MSTCLTD,150.85,150.9,149.3,149.9,17809.0
2020-08-12 14:00:00,NSE:MSTCLTD,150.0,150.0,149.5,149.55,16532.0
2020-08-12 15:00:00,NSE:MSTCLTD,149.55,150.9,149.05,149.65,32649.0
2020-08-13 09:00:00,NSE:MSTCLTD,151.0,153.0,150.0,150.85,117256.0
2020-08-13 10:00:00,NSE:MSTCLTD,151.0,151.05,148.05,149.9,27453.0
2020-08-13 11:00:00,NSE:MSTCLTD,149.75,151.4,148.9,148.9,23628.0
2020-08-13 12:00:00,NSE:MSTCLTD,149.25,149.4,148.4,148.9,11157.0
2020-08-13 13:00:00,NSE:MSTCLTD,148.95,150.0,148.15,149.45,21771.0
2020-08-13 14:00:00,NSE:MSTCLTD,149.5,150.0,149.1,149.9,37328.0
2020-08-13 15:00:00,NSE:MSTCLTD,150.0,150.3,149.25,149.85,29960.0
2020-08-14 09:00:00,NSE:MSTCLTD,151.0,151.8,150.1,151.6,77723.0
2020-08-14 10:00:00,NSE:MSTCLTD,151.6,152.95,150.6,152.0,121320.0
2020-08-14 11:00:00,NSE:MSTCLTD,152.35,154.25,150.45,150.8,68309.0
2020-08-14 12:00:00,NSE:MSTCLTD,150.75,150.8,149.2,149.55,57966.0
2020-08-14 13:00:00,NSE:MSTCLTD,149.8,149.8,147.2,147.85,30605.0
2020-08-14 14:00:00,NSE:MSTCLTD,147.8,148.0,145.25,147.25,24938.0
2020-08-14 15:00:00,NSE:MSTCLTD,147.3,148.35,146.65,147.15,36186.0
2020-08-17 09:00:00,NSE:MSTCLTD,149.6,149.7,145.05,146.5,48672.0
2020-08-17 10:00:00,NSE:MSTCLTD,146.5,152.0,145.45,151.05,188600.0
2020-08-17 11:00:00,NSE:MSTCLTD,150.95,151.45,150.65,151.05,9849.0
2020-08-17 12:00:00,NSE:MSTCLTD,151.05,151.95,149.75,150.3,56507.0
2020-08-17 13:00:00,NSE:MSTCLTD,150.1,156.7,149.8,154.45,282829.0
2020-08-17 14:00:00,NSE:MSTCLTD,154.45,156.15,153.9,155.9,84608.0
2020-08-17 15:00:00,NSE:MSTCLTD,156.0,158.9,155.6,157.3,178795.0
2020-08-18 09:00:00,NSE:MSTCLTD,164.95,166.85,160.0,163.1,751404.0
2020-08-18 10:00:00,NSE:MSTCLTD,163.1,163.4,158.85,159.95,159206.0
2020-08-18 11:00:00,NSE:MSTCLTD,160.0,161.4,157.75,158.9,180623.0
2020-08-18 12:00:00,NSE:MSTCLTD,158.85,160.7,158.5,159.5,105636.0
2020-08-18 13:00:00,NSE:MSTCLTD,159.5,159.85,158.2,158.9,74055.0
2020-08-18 14:00:00,NSE:MSTCLTD,158.75,159.1,156.7,156.9,86142.0
2020-08-18 15:00:00,NSE:MSTCLTD,156.95,159.05,156.7,157.65,131389.0
2020-08-19 09:00:00,NSE:MSTCLTD,159.5,160.0,151.35,155.0,92448.0
2020-08-19 10:00:00,NSE:MSTCLTD,154.95,156.9,154.4,156.45,137849.0
2020-08-19 11:00:00,NSE:MSTCLTD,156.4,156.8,154.65,155.0,52959.0
2020-08-19 12:00:00,NSE:MSTCLTD,154.8,155.0,154.2,155.0,56968.0
2020-08-19 13:00:00,NSE:MSTCLTD,155.0,155.3,154.0,154.95,91016.0
2020-08-19 14:00:00,NSE:MSTCLTD,155.0,155.0,154.05,154.7,75183.0
2020-08-19 15:00:00,NSE:MSTCLTD,154.4,154.85,154.0,154.25,31372.0
2020-08-20 09:00:00,NSE:MSTCLTD,153.6,160.0,152.2,158.0,119295.0
2020-08-20 10:00:00,NSE:MSTCLTD,158.0,159.2,157.15,159.1,52295.0
2020-08-20 11:00:00,NSE:MSTCLTD,159.1,160.0,157.35,157.75,82079.0
2020-08-20 12:00:00,NSE:MSTCLTD,157.95,158.15,156.45,156.65,39785.0
2020-08-20 13:00:00,NSE:MSTCLTD,156.65,157.55,155.6,155.75,73087.0
2020-08-20 14:00:00,NSE:MSTCLTD,155.8,156.5,155.2,155.35,81535.0
2020-08-20 15:00:00,NSE:MSTCLTD,155.4,156.0,155.0,155.7,43047.0
2020-08-21 09:00:00,NSE:MSTCLTD,158.9,159.9,157.2,157.25,127459.0
2020-08-21 10:00:00,NSE:MSTCLTD,157.35,159.2,157.1,157.85,133126.0
2020-08-21 11:00:00,NSE:MSTCLTD,157.65,158.35,156.25,158.0,184045.0
2020-08-21 12:00:00,NSE:MSTCLTD,158.1,162.6,157.65,160.3,230038.0
2020-08-21 13:00:00,NSE:MSTCLTD,160.3,161.4,159.75,160.65,104992.0
2020-08-21 14:00:00,NSE:MSTCLTD,160.55,161.8,160.5,160.55,71922.0
2020-08-21 15:00:00,NSE:MSTCLTD,160.55,160.65,159.0,160.0,114402.0
2020-08-24 09:00:00,NSE:MSTCLTD,160.95,161.95,156.05,156.5,173934.0
2020-08-24 10:00:00,NSE:MSTCLTD,156.4,157.95,155.5,156.9,85722.0
2020-08-24 11:00:00,NSE:MSTCLTD,156.95,161.55,156.45,157.55,78973.0
2020-08-24 12:00:00,NSE:MSTCLTD,157.55,158.95,156.75,157.2,62570.0
2020-08-24 13:00:00,NSE:MSTCLTD,157.1,157.5,156.55,156.95,29606.0
2020-08-24 14:00:00,NSE:MSTCLTD,157.05,157.5,156.6,156.7,73647.0
2020-08-24 15:00:00,NSE:MSTCLTD,156.9,157.5,156.05,156.55,31009.0
2020-08-25 09:00:00,NSE:MSTCLTD,157.0,159.55,156.65,157.0,76385.0
2020-08-25 10:00:00,NSE:MSTCLTD,156.8,156.95,154.6,155.0,72497.0
2020-08-25 11:00:00,NSE:MSTCLTD,154.7,156.8,154.7,155.95,46370.0
2020-08-25 12:00:00,NSE:MSTCLTD,155.95,156.0,155.5,155.75,15380.0
2020-08-25 13:00:00,NSE:MSTCLTD,155.75,156.0,154.0,154.4,35646.0
2020-08-25 14:00:00,NSE:MSTCLTD,154.65,155.3,153.0,153.7,36017.0
2020-08-25 15:00:00,NSE:MSTCLTD,153.85,155.3,153.7,154.4,18126.0
2020-08-26 09:00:00,NSE:MSTCLTD,155.85,156.55,154.45,155.3,51845.0
2020-08-26 10:00:00,NSE:MSTCLTD,155.35,155.85,154.65,155.0,91185.0
2020-08-26 11:00:00,NSE:MSTCLTD,154.8,155.5,152.8,153.75,94207.0
2020-08-26 12:00:00,NSE:MSTCLTD,153.4,153.5,152.4,153.5,31677.0
2020-08-26 13:00:00,NSE:MSTCLTD,153.5,155.5,153.1,154.9,33768.0
2020-08-26 14:00:00,NSE:MSTCLTD,154.9,155.35,152.0,153.15,56179.0
2020-08-26 15:00:00,NSE:MSTCLTD,153.15,154.0,152.75,153.15,31612.0
2020-08-27 09:00:00,NSE:MSTCLTD,154.55,156.85,153.2,155.7,163058.0
2020-08-27 10:00:00,NSE:MSTCLTD,155.6,155.9,154.6,155.05,59376.0
2020-08-27 11:00:00,NSE:MSTCLTD,155.35,155.5,153.0,153.05,87198.0
2020-08-27 12:00:00,NSE:MSTCLTD,153.45,154.0,153.25,153.45,44815.0
2020-08-27 13:00:00,NSE:MSTCLTD,153.7,154.0,152.8,153.25,99282.0
2020-08-27 14:00:00,NSE:MSTCLTD,153.7,153.7,152.3,152.8,29062.0
2020-08-27 15:00:00,NSE:MSTCLTD,153.0,153.4,152.15,152.65,26961.0
2020-08-28 09:00:00,NSE:MSTCLTD,154.25,154.9,152.95,154.5,79096.0
2020-08-28 10:00:00,NSE:MSTCLTD,154.35,155.75,153.35,154.05,117787.0
2020-08-28 11:00:00,NSE:MSTCLTD,154.05,154.6,153.1,154.0,70971.0
2020-08-28 12:00:00,NSE:MSTCLTD,153.8,154.2,153.3,153.55,37659.0
2020-08-28 13:00:00,NSE:MSTCLTD,153.6,153.75,152.2,152.75,43060.0
2020-08-28 14:00:00,NSE:MSTCLTD,152.5,153.0,151.25,152.1,61845.0
2020-08-28 15:00:00,NSE:MSTCLTD,152.05,152.4,150.0,151.4,37700.0
2020-08-31 09:00:00,NSE:MSTCLTD,152.9,153.9,151.05,151.35,76503.0
2020-08-31 10:00:00,NSE:MSTCLTD,151.45,151.85,150.15,150.65,85008.0
2020-08-31 11:00:00,NSE:MSTCLTD,150.4,150.7,142.65,145.2,239674.0
2020-08-31 12:00:00,NSE:MSTCLTD,145.35,146.7,144.4,145.9,59756.0
2020-08-31 13:00:00,NSE:MSTCLTD,145.6,145.9,143.15,144.85,40916.0
2020-08-31 14:00:00,NSE:MSTCLTD,144.45,145.25,141.0,142.5,55587.0
2020-08-31 15:00:00,NSE:MSTCLTD,142.7,145.0,142.2,143.75,17050.0
2020-09-01 09:00:00,NSE:MSTCLTD,144.85,144.85,137.5,139.35,61255.0
2020-09-01 10:00:00,NSE:MSTCLTD,139.1,141.3,139.0,139.95,44674.0
2020-09-01 11:00:00,NSE:MSTCLTD,139.6,140.8,138.5,138.6,48843.0
2020-09-01 12:00:00,NSE:MSTCLTD,138.5,139.0,138.3,139.0,9231.0
2020-09-01 13:00:00,NSE:MSTCLTD,138.8,139.45,138.6,139.0,25675.0
2020-09-01 14:00:00,NSE:MSTCLTD,138.9,139.15,138.0,138.75,18023.0
2020-09-01 15:00:00,NSE:MSTCLTD,138.8,139.0,138.15,138.75,19826.0
2020-09-02 09:00:00,NSE:MSTCLTD,141.4,144.05,140.35,143.55,63434.0
2020-09-02 10:00:00,NSE:MSTCLTD,143.55,144.45,142.2,143.45,94696.0
2020-09-02 11:00:00,NSE:MSTCLTD,143.65,144.25,141.8,142.5,16657.0
2020-09-02 12:00:00,NSE:MSTCLTD,142.0,142.1,141.15,141.65,9824.0
2020-09-02 13:00:00,NSE:MSTCLTD,141.65,142.0,141.3,141.65,5306.0
2020-09-02 14:00:00,NSE:MSTCLTD,141.9,142.2,141.15,142.0,28007.0
2020-09-02 15:00:00,NSE:MSTCLTD,141.8,142.0,141.6,141.9,17310.0
2020-09-03 09:00:00,NSE:MSTCLTD,142.85,155.5,142.1,151.5,209009.0
2020-09-03 10:00:00,NSE:MSTCLTD,151.4,154.1,149.1,153.0,85754.0
2020-09-03 11:00:00,NSE:MSTCLTD,153.0,153.25,150.2,151.05,87783.0
2020-09-03 12:00:00,NSE:MSTCLTD,151.05,152.0,151.0,151.7,11985.0
2020-09-03 13:00:00,NSE:MSTCLTD,151.45,151.65,149.55,151.4,23868.0
2020-09-03 14:00:00,NSE:MSTCLTD,151.4,152.0,150.15,151.8,44808.0
2020-09-03 15:00:00,NSE:MSTCLTD,151.55,151.8,148.3,149.5,49649.0
2020-09-04 09:00:00,NSE:MSTCLTD,144.0,146.8,142.1,143.8,121621.0
2020-09-04 10:00:00,NSE:MSTCLTD,144.0,152.0,143.8,151.8,150826.0
2020-09-04 11:00:00,NSE:MSTCLTD,151.85,162.0,151.85,157.3,593605.0
2020-09-04 12:00:00,NSE:MSTCLTD,157.0,157.3,153.2,153.95,98332.0
2020-09-04 13:00:00,NSE:MSTCLTD,154.0,154.55,152.85,153.15,52382.0
2020-09-04 14:00:00,NSE:MSTCLTD,152.9,154.0,149.05,152.7,130769.0
2020-09-04 15:00:00,NSE:MSTCLTD,152.4,152.9,150.25,151.85,70284.0
2020-09-07 09:00:00,NSE:MSTCLTD,156.5,161.0,153.0,153.95,216077.0
2020-09-07 10:00:00,NSE:MSTCLTD,154.15,157.5,153.55,156.2,104823.0
2020-09-07 11:00:00,NSE:MSTCLTD,156.55,157.15,155.2,155.5,57955.0
2020-09-07 12:00:00,NSE:MSTCLTD,155.55,156.0,154.0,154.5,34545.0
2020-09-07 13:00:00,NSE:MSTCLTD,154.5,156.0,153.65,155.5,49697.0
2020-09-07 14:00:00,NSE:MSTCLTD,155.4,156.0,154.25,154.9,39310.0
2020-09-07 15:00:00,NSE:MSTCLTD,154.6,158.0,154.6,156.25,72408.0
2020-09-08 09:00:00,NSE:MSTCLTD,156.25,158.6,155.05,156.5,86767.0
2020-09-08 10:00:00,NSE:MSTCLTD,156.3,158.3,155.55,157.5,49011.0
2020-09-08 11:00:00,NSE:MSTCLTD,157.45,158.05,155.65,156.5,37486.0
2020-09-08 12:00:00,NSE:MSTCLTD,156.5,156.5,154.1,154.5,36944.0
2020-09-08 13:00:00,NSE:MSTCLTD,154.5,155.15,153.9,154.25,24671.0
2020-09-08 14:00:00,NSE:MSTCLTD,154.3,154.95,152.0,153.5,40224.0
2020-09-08 15:00:00,NSE:MSTCLTD,153.5,153.95,151.25,152.4,34023.0
2020-09-09 09:00:00,NSE:MSTCLTD,151.0,152.5,149.7,151.3,94908.0
2020-09-09 10:00:00,NSE:MSTCLTD,151.0,151.0,149.15,149.9,45162.0
2020-09-09 11:00:00,NSE:MSTCLTD,149.95,150.1,147.4,148.0,35148.0
2020-09-09 12:00:00,NSE:MSTCLTD,148.2,149.0,147.45,148.65,11025.0
2020-09-09 13:00:00,NSE:MSTCLTD,148.35,149.1,147.3,148.9,39983.0
2020-09-09 14:00:00,NSE:MSTCLTD,148.9,149.15,144.1,147.7,62454.0
2020-09-09 15:00:00,NSE:MSTCLTD,147.85,148.9,146.9,148.0,27845.0
2020-09-10 09:00:00,NSE:MSTCLTD,149.25,153.0,149.2,152.7,64990.0
2020-09-10 10:00:00,NSE:MSTCLTD,152.7,152.7,150.65,150.75,23188.0
2020-09-10 11:00:00,NSE:MSTCLTD,150.6,152.9,150.25,152.1,56001.0
2020-09-10 12:00:00,NSE:MSTCLTD,152.0,152.45,150.5,150.9,39200.0
2020-09-10 13:00:00,NSE:MSTCLTD,150.9,151.4,150.15,150.75,40246.0
2020-09-10 14:00:00,NSE:MSTCLTD,150.7,151.0,150.0,150.65,25650.0
2020-09-10 15:00:00,NSE:MSTCLTD,150.75,151.0,150.15,150.75,21264.0
2020-09-11 09:00:00,NSE:MSTCLTD,150.8,152.3,150.0,150.4,24796.0
2020-09-11 10:00:00,NSE:MSTCLTD,150.8,151.9,148.0,149.45,39325.0
2020-09-11 11:00:00,NSE:MSTCLTD,149.65,150.3,148.45,149.5,22090.0
2020-09-11 12:00:00,NSE:MSTCLTD,149.45,149.7,148.5,149.1,8482.0
2020-09-11 13:00:00,NSE:MSTCLTD,148.45,150.3,147.05,149.25,16281.0
2020-09-11 14:00:00,NSE:MSTCLTD,149.25,150.05,148.05,148.15,22325.0
2020-09-11 15:00:00,NSE:MSTCLTD,148.4,149.0,148.25,148.6,10546.0
2020-09-14 09:00:00,NSE:MSTCLTD,150.7,154.6,150.7,152.85,70999.0
2020-09-14 10:00:00,NSE:MSTCLTD,152.8,156.0,152.5,155.4,65039.0
2020-09-14 11:00:00,NSE:MSTCLTD,155.25,156.4,153.4,154.65,118112.0
2020-09-14 12:00:00,NSE:MSTCLTD,154.2,158.0,153.6,156.5,113216.0
2020-09-14 13:00:00,NSE:MSTCLTD,156.6,160.45,156.35,158.3,168581.0
2020-09-14 14:00:00,NSE:MSTCLTD,158.25,158.3,155.05,157.0,59111.0
2020-09-14 15:00:00,NSE:MSTCLTD,156.7,158.55,155.55,157.05,41803.0
2020-09-15 09:00:00,NSE:MSTCLTD,158.3,167.0,156.3,165.0,363645.0
2020-09-15 10:00:00,NSE:MSTCLTD,165.0,168.25,164.0,164.9,216734.0
2020-09-15 11:00:00,NSE:MSTCLTD,164.95,169.4,164.95,166.6,174805.0
2020-09-15 12:00:00,NSE:MSTCLTD,166.6,166.75,165.0,166.3,46105.0
2020-09-15 13:00:00,NSE:MSTCLTD,166.3,167.45,164.1,164.5,51296.0
2020-09-15 14:00:00,NSE:MSTCLTD,164.5,164.65,162.3,163.0,119226.0
2020-09-15 15:00:00,NSE:MSTCLTD,163.0,164.5,162.55,163.7,78591.0
2020-09-16 09:00:00,NSE:MSTCLTD,160.85,167.25,160.75,166.2,107180.0
2020-09-16 10:00:00,NSE:MSTCLTD,165.95,167.75,165.0,165.5,45514.0
2020-09-16 11:00:00,NSE:MSTCLTD,165.4,166.8,162.15,163.25,72999.0
2020-09-16 12:00:00,NSE:MSTCLTD,163.15,168.25,162.85,166.4,90932.0
2020-09-16 13:00:00,NSE:MSTCLTD,166.2,166.45,164.5,164.75,34687.0
2020-09-16 14:00:00,NSE:MSTCLTD,164.5,165.0,164.0,164.2,116499.0
2020-09-16 15:00:00,NSE:MSTCLTD,164.3,165.0,163.6,164.5,51381.0
2020-09-17 09:00:00,NSE:MSTCLTD,166.0,168.5,165.2,166.2,116964.0
2020-09-17 10:00:00,NSE:MSTCLTD,165.9,166.0,163.3,163.6,43955.0
2020-09-17 11:00:00,NSE:MSTCLTD,163.6,163.85,161.35,161.5,45057.0
2020-09-17 12:00:00,NSE:MSTCLTD,161.55,164.35,161.0,163.45,67160.0
2020-09-17 13:00:00,NSE:MSTCLTD,163.75,165.4,163.15,163.75,39184.0
2020-09-17 14:00:00,NSE:MSTCLTD,164.0,164.9,162.5,164.05,56367.0
2020-09-17 15:00:00,NSE:MSTCLTD,163.65,164.2,162.9,163.55,48796.0
2020-09-18 09:00:00,NSE:MSTCLTD,164.0,166.4,161.35,165.5,78461.0
2020-09-18 10:00:00,NSE:MSTCLTD,165.25,174.35,165.0,170.6,527634.0
2020-09-18 11:00:00,NSE:MSTCLTD,170.75,171.65,165.1,166.5,209493.0
2020-09-18 12:00:00,NSE:MSTCLTD,166.5,170.8,166.0,170.05,147330.0
2020-09-18 13:00:00,NSE:MSTCLTD,170.2,171.75,170.0,171.3,106274.0
2020-09-18 14:00:00,NSE:MSTCLTD,171.2,171.7,167.15,170.5,212207.0
2020-09-18 15:00:00,NSE:MSTCLTD,170.45,172.85,169.6,171.95,177112.0
2020-09-21 09:00:00,NSE:MSTCLTD,173.7,181.0,173.7,178.25,330406.0
2020-09-21 10:00:00,NSE:MSTCLTD,178.5,186.75,178.5,181.35,463919.0
2020-09-21 11:00:00,NSE:MSTCLTD,181.15,183.55,178.6,179.15,143097.0
2020-09-21 12:00:00,NSE:MSTCLTD,179.15,179.3,177.0,177.25,87507.0
2020-09-21 13:00:00,NSE:MSTCLTD,177.25,177.75,172.1,172.7,92858.0
2020-09-21 14:00:00,NSE:MSTCLTD,172.7,178.3,165.8,172.7,365640.0
2020-09-21 15:00:00,NSE:MSTCLTD,172.7,172.7,168.0,170.1,101133.0
2020-09-22 09:00:00,NSE:MSTCLTD,171.65,174.4,163.15,164.0,175632.0
2020-09-22 10:00:00,NSE:MSTCLTD,163.9,169.5,163.45,165.45,96870.0
2020-09-22 11:00:00,NSE:MSTCLTD,165.15,166.05,164.25,164.9,55275.0
2020-09-22 12:00:00,NSE:MSTCLTD,164.9,165.0,163.1,164.05,68156.0
2020-09-22 13:00:00,NSE:MSTCLTD,164.0,169.15,163.55,167.9,112450.0
2020-09-22 14:00:00,NSE:MSTCLTD,167.95,168.75,164.05,167.65,76530.0
2020-09-22 15:00:00,NSE:MSTCLTD,167.65,170.0,167.5,169.1,74257.0
2020-09-23 09:00:00,NSE:MSTCLTD,174.3,178.0,170.0,170.55,152449.0
2020-09-23 10:00:00,NSE:MSTCLTD,170.5,172.1,170.5,171.65,31050.0
2020-09-23 11:00:00,NSE:MSTCLTD,171.65,171.65,168.2,168.7,49276.0
2020-09-23 12:00:00,NSE:MSTCLTD,168.35,168.9,165.05,166.05,41241.0
2020-09-23 13:00:00,NSE:MSTCLTD,166.15,167.7,164.7,165.55,33276.0
2020-09-23 14:00:00,NSE:MSTCLTD,165.5,168.1,164.95,167.75,36070.0
2020-09-23 15:00:00,NSE:MSTCLTD,167.75,169.2,165.6,167.6,92551.0
2020-09-24 09:00:00,NSE:MSTCLTD,165.55,165.7,161.1,163.3,76096.0
2020-09-24 10:00:00,NSE:MSTCLTD,163.3,164.25,160.15,160.65,46189.0
2020-09-24 11:00:00,NSE:MSTCLTD,160.6,161.6,156.5,159.05,63562.0
2020-09-24 12:00:00,NSE:MSTCLTD,158.6,159.75,156.1,158.7,38743.0
2020-09-24 13:00:00,NSE:MSTCLTD,158.65,161.7,158.1,158.75,39765.0
2020-09-24 14:00:00,NSE:MSTCLTD,158.5,159.45,157.05,158.65,41977.0
2020-09-24 15:00:00,NSE:MSTCLTD,158.85,159.0,157.15,158.1,34629.0
2020-09-25 09:00:00,NSE:MSTCLTD,161.3,162.5,158.6,159.75,66989.0
2020-09-25 10:00:00,NSE:MSTCLTD,159.75,160.15,157.0,157.15,37809.0
2020-09-25 11:00:00,NSE:MSTCLTD,157.5,162.0,157.05,161.6,48915.0
2020-09-25 12:00:00,NSE:MSTCLTD,162.25,163.9,160.05,161.6,33816.0
2020-09-25 13:00:00,NSE:MSTCLTD,161.8,163.25,161.0,161.2,27960.0
2020-09-25 14:00:00,NSE:MSTCLTD,161.4,166.95,160.65,164.0,75241.0
2020-09-25 15:00:00,NSE:MSTCLTD,163.8,166.5,163.7,165.5,46014.0
2020-09-28 09:00:00,NSE:MSTCLTD,166.15,167.7,163.15,164.7,52987.0
2020-09-28 10:00:00,NSE:MSTCLTD,164.55,165.9,163.55,164.25,24233.0
2020-09-28 11:00:00,NSE:MSTCLTD,164.65,165.1,164.1,164.1,28389.0
2020-09-28 12:00:00,NSE:MSTCLTD,164.1,164.65,163.1,164.65,13592.0
2020-09-28 13:00:00,NSE:MSTCLTD,164.85,164.9,163.0,163.6,18232.0
2020-09-28 14:00:00,NSE:MSTCLTD,163.55,165.45,163.55,164.15,28539.0
2020-09-28 15:00:00,NSE:MSTCLTD,164.1,164.75,163.4,163.9,26135.0
2020-09-29 09:00:00,NSE:MSTCLTD,166.5,166.5,160.25,161.3,48907.0
2020-09-29 10:00:00,NSE:MSTCLTD,161.25,162.9,159.0,159.9,49429.0
2020-09-29 11:00:00,NSE:MSTCLTD,159.6,161.2,159.2,160.75,33969.0
2020-09-29 12:00:00,NSE:MSTCLTD,160.55,160.7,159.95,160.6,9820.0
2020-09-29 13:00:00,NSE:MSTCLTD,160.6,162.4,159.85,162.3,18698.0
2020-09-29 14:00:00,NSE:MSTCLTD,162.15,162.6,160.05,160.4,10688.0
2020-09-29 15:00:00,NSE:MSTCLTD,160.0,161.35,160.0,160.25,25028.0
2020-09-30 09:00:00,NSE:MSTCLTD,165.0,167.25,163.0,164.0,106477.0
2020-09-30 10:00:00,NSE:MSTCLTD,164.0,167.0,163.5,166.1,89681.0
2020-09-30 11:00:00,NSE:MSTCLTD,166.1,166.5,164.8,164.8,26868.0
2020-09-30 12:00:00,NSE:MSTCLTD,165.65,165.95,164.8,165.15,21324.0
2020-09-30 13:00:00,NSE:MSTCLTD,165.75,166.0,165.1,165.25,20259.0
2020-09-30 14:00:00,NSE:MSTCLTD,165.45,166.2,164.0,164.7,24976.0
2020-09-30 15:00:00,NSE:MSTCLTD,164.25,165.0,163.65,164.25,41955.0
2020-10-01 09:00:00,NSE:MSTCLTD,163.6,165.0,162.5,164.2,50818.0
2020-10-01 10:00:00,NSE:MSTCLTD,164.0,164.0,162.5,163.7,15325.0
2020-10-01 11:00:00,NSE:MSTCLTD,163.4,163.95,161.5,163.45,26805.0
2020-10-01 12:00:00,NSE:MSTCLTD,163.15,163.8,163.0,163.45,8862.0
2020-10-01 13:00:00,NSE:MSTCLTD,163.4,163.6,162.1,162.7,7426.0
2020-10-01 14:00:00,NSE:MSTCLTD,162.8,163.0,160.0,161.5,21116.0
2020-10-01 15:00:00,NSE:MSTCLTD,161.85,162.5,160.5,161.35,26011.0
2020-10-05 09:00:00,NSE:MSTCLTD,163.0,164.45,162.0,163.5,29749.0
2020-10-05 10:00:00,NSE:MSTCLTD,163.5,164.0,160.8,161.3,27259.0
2020-10-05 11:00:00,NSE:MSTCLTD,161.35,161.7,160.0,160.55,13932.0
2020-10-05 12:00:00,NSE:MSTCLTD,160.25,161.4,158.25,160.0,29478.0
2020-10-05 13:00:00,NSE:MSTCLTD,160.0,161.0,159.5,160.85,25614.0
2020-10-05 14:00:00,NSE:MSTCLTD,160.85,161.0,160.2,160.45,6686.0
2020-10-05 15:00:00,NSE:MSTCLTD,160.3,161.0,159.0,159.95,36014.0
2020-10-06 09:00:00,NSE:MSTCLTD,160.55,163.6,159.35,160.0,61517.0
2020-10-06 10:00:00,NSE:MSTCLTD,159.95,165.7,159.1,162.5,79049.0
2020-10-06 11:00:00,NSE:MSTCLTD,162.5,175.7,162.0,172.0,522840.0
2020-10-06 12:00:00,NSE:MSTCLTD,171.7,172.3,165.25,167.5,147890.0
2020-10-06 13:00:00,NSE:MSTCLTD,167.65,168.4,166.5,167.0,37556.0
2020-10-06 14:00:00,NSE:MSTCLTD,166.6,172.5,166.6,168.65,101421.0
2020-10-06 15:00:00,NSE:MSTCLTD,168.5,169.45,166.6,167.8,67330.0
2020-10-07 09:00:00,NSE:MSTCLTD,169.0,172.35,168.0,170.7,137392.0
2020-10-07 10:00:00,NSE:MSTCLTD,170.7,171.7,168.6,168.65,46716.0
2020-10-07 11:00:00,NSE:MSTCLTD,168.95,169.65,168.05,168.75,19330.0
2020-10-07 12:00:00,NSE:MSTCLTD,168.8,169.7,168.2,169.2,26798.0
2020-10-07 13:00:00,NSE:MSTCLTD,169.2,169.5,167.5,168.4,38115.0
2020-10-07 14:00:00,NSE:MSTCLTD,168.15,169.0,165.7,167.1,41631.0
2020-10-07 15:00:00,NSE:MSTCLTD,167.05,169.5,166.5,167.85,57413.0
2020-10-08 09:00:00,NSE:MSTCLTD,167.5,169.6,166.0,166.1,80518.0
2020-10-08 10:00:00,NSE:MSTCLTD,166.8,167.75,165.6,166.05,48689.0
2020-10-08 11:00:00,NSE:MSTCLTD,166.0,166.5,165.5,165.85,12574.0
2020-10-08 12:00:00,NSE:MSTCLTD,165.85,166.25,164.65,164.8,26432.0
2020-10-08 13:00:00,NSE:MSTCLTD,164.9,165.2,162.8,163.0,14405.0
2020-10-08 14:00:00,NSE:MSTCLTD,163.0,164.4,162.7,163.5,23625.0
2020-10-08 15:00:00,NSE:MSTCLTD,163.65,165.0,162.5,163.7,45397.0
2020-10-09 09:00:00,NSE:MSTCLTD,164.8,165.5,160.5,161.7,94639.0
2020-10-09 10:00:00,NSE:MSTCLTD,161.25,162.9,160.45,162.05,16445.0
2020-10-09 11:00:00,NSE:MSTCLTD,161.8,162.6,161.65,162.1,13036.0
2020-10-09 12:00:00,NSE:MSTCLTD,162.0,162.35,159.05,159.7,67644.0
2020-10-09 13:00:00,NSE:MSTCLTD,159.7,160.0,159.5,159.55,17761.0
2020-10-09 14:00:00,NSE:MSTCLTD,159.75,160.0,158.95,159.65,29195.0
2020-10-09 15:00:00,NSE:MSTCLTD,159.65,160.0,159.5,159.9,35581.0
2020-10-12 09:00:00,NSE:MSTCLTD,160.9,161.85,156.6,157.6,86857.0
2020-10-12 10:00:00,NSE:MSTCLTD,157.1,158.3,156.15,157.4,15212.0
2020-10-12 11:00:00,NSE:MSTCLTD,157.5,158.35,156.55,158.0,33592.0
2020-10-12 12:00:00,NSE:MSTCLTD,157.7,157.7,156.4,156.9,5211.0
2020-10-12 13:00:00,NSE:MSTCLTD,157.0,157.0,156.05,156.8,18833.0
2020-10-12 14:00:00,NSE:MSTCLTD,156.9,157.0,156.4,157.0,5641.0
2020-10-12 15:00:00,NSE:MSTCLTD,156.75,159.35,156.6,157.3,31982.0
2020-10-13 09:00:00,NSE:MSTCLTD,157.25,157.95,155.45,156.7,16490.0
2020-10-13 10:00:00,NSE:MSTCLTD,156.7,157.35,155.65,156.5,28725.0
2020-10-13 11:00:00,NSE:MSTCLTD,156.75,156.75,155.95,156.35,7746.0
2020-10-13 12:00:00,NSE:MSTCLTD,156.35,156.6,155.5,155.6,7054.0
2020-10-13 13:00:00,NSE:MSTCLTD,155.85,156.35,155.6,155.6,8571.0
2020-10-13 14:00:00,NSE:MSTCLTD,155.55,155.85,153.55,154.05,24867.0
2020-10-13 15:00:00,NSE:MSTCLTD,154.0,154.5,152.85,153.6,28996.0
2020-10-14 09:00:00,NSE:MSTCLTD,153.25,154.5,150.7,152.6,59332.0
2020-10-14 10:00:00,NSE:MSTCLTD,152.4,154.0,152.0,153.45,18902.0
2020-10-14 11:00:00,NSE:MSTCLTD,153.45,153.65,151.0,151.75,49807.0
2020-10-14 12:00:00,NSE:MSTCLTD,151.85,153.25,150.85,152.7,51084.0
2020-10-14 13:00:00,NSE:MSTCLTD,152.65,152.65,150.3,151.65,46607.0
2020-10-14 14:00:00,NSE:MSTCLTD,151.65,153.5,151.2,152.6,25385.0
2020-10-14 15:00:00,NSE:MSTCLTD,153.1,153.3,151.7,152.2,14171.0
2020-10-15 09:00:00,NSE:MSTCLTD,153.0,159.0,151.85,158.75,84409.0
2020-10-15 10:00:00,NSE:MSTCLTD,158.55,158.6,155.1,157.0,33034.0
2020-10-15 11:00:00,NSE:MSTCLTD,156.65,156.65,154.5,155.85,38215.0
2020-10-15 12:00:00,NSE:MSTCLTD,155.5,156.0,155.05,155.75,18762.0
2020-10-15 13:00:00,NSE:MSTCLTD,155.75,155.75,153.25,154.25,19139.0
2020-10-15 14:00:00,NSE:MSTCLTD,154.1,154.4,152.25,153.35,33034.0
2020-10-15 15:00:00,NSE:MSTCLTD,153.3,153.3,150.5,151.8,39713.0
2020-10-16 09:00:00,NSE:MSTCLTD,153.4,153.65,150.7,150.7,29180.0
2020-10-16 10:00:00,NSE:MSTCLTD,150.55,152.0,150.15,152.0,7918.0
2020-10-16 11:00:00,NSE:MSTCLTD,152.0,153.0,151.55,151.7,7829.0
2020-10-16 12:00:00,NSE:MSTCLTD,151.8,152.3,151.0,152.2,5962.0
2020-10-16 13:00:00,NSE:MSTCLTD,152.0,152.9,150.6,151.2,25586.0
2020-10-16 14:00:00,NSE:MSTCLTD,151.2,151.55,149.9,150.25,18044.0
2020-10-16 15:00:00,NSE:MSTCLTD,150.5,151.95,149.3,150.4,35960.0
2020-10-19 09:00:00,NSE:MSTCLTD,151.55,152.9,151.55,152.15,16270.0
2020-10-19 10:00:00,NSE:MSTCLTD,151.95,152.75,151.45,151.85,12286.0
2020-10-19 11:00:00,NSE:MSTCLTD,151.85,152.5,151.5,151.85,5390.0
2020-10-19 12:00:00,NSE:MSTCLTD,152.05,152.85,151.85,152.4,7961.0
2020-10-19 13:00:00,NSE:MSTCLTD,152.15,154.3,151.95,154.25,8087.0
2020-10-19 14:00:00,NSE:MSTCLTD,154.45,155.0,152.25,154.05,26110.0
2020-10-19 15:00:00,NSE:MSTCLTD,154.1,155.15,153.35,154.15,24793.0
2020-10-20 09:00:00,NSE:MSTCLTD,154.15,161.4,154.15,157.4,97234.0
2020-10-20 10:00:00,NSE:MSTCLTD,157.2,157.45,155.4,156.05,22369.0
2020-10-20 11:00:00,NSE:MSTCLTD,156.25,156.55,155.0,155.9,12503.0
2020-10-20 12:00:00,NSE:MSTCLTD,155.75,155.9,153.65,154.45,68101.0
2020-10-20 13:00:00,NSE:MSTCLTD,154.4,155.5,153.65,153.9,3958.0
2020-10-20 14:00:00,NSE:MSTCLTD,154.0,155.3,153.25,153.25,14150.0
2020-10-20 15:00:00,NSE:MSTCLTD,153.4,154.35,152.8,153.55,22568.0
2020-10-21 09:00:00,NSE:MSTCLTD,154.45,155.8,153.55,155.8,14414.0
2020-10-21 10:00:00,NSE:MSTCLTD,155.8,156.0,154.35,155.3,14220.0
2020-10-21 11:00:00,NSE:MSTCLTD,155.2,155.85,154.15,155.35,15035.0
2020-10-21 12:00:00,NSE:MSTCLTD,155.4,155.85,153.6,153.6,18962.0
2020-10-21 13:00:00,NSE:MSTCLTD,154.0,155.35,153.15,153.15,32190.0
2020-10-21 14:00:00,NSE:MSTCLTD,153.5,153.5,149.75,152.1,41831.0
2020-10-21 15:00:00,NSE:MSTCLTD,152.4,153.45,152.0,152.75,13390.0
2020-10-22 09:00:00,NSE:MSTCLTD,151.05,154.0,151.05,153.0,9015.0
2020-10-22 10:00:00,NSE:MSTCLTD,153.0,153.8,152.1,152.95,19941.0
2020-10-22 11:00:00,NSE:MSTCLTD,152.7,153.3,152.15,152.95,2839.0
2020-10-22 12:00:00,NSE:MSTCLTD,152.75,153.1,152.1,152.55,5085.0
2020-10-22 13:00:00,NSE:MSTCLTD,152.95,153.0,152.05,152.95,3262.0
2020-10-22 14:00:00,NSE:MSTCLTD,152.65,152.95,151.5,152.5,10330.0
2020-10-22 15:00:00,NSE:MSTCLTD,152.0,153.9,152.0,152.7,9881.0
2020-10-23 09:00:00,NSE:MSTCLTD,153.1,154.3,152.05,152.75,14968.0
2020-10-23 10:00:00,NSE:MSTCLTD,153.0,157.0,153.0,154.0,32652.0
2020-10-23 11:00:00,NSE:MSTCLTD,154.0,155.2,154.0,154.0,4518.0
2020-10-23 12:00:00,NSE:MSTCLTD,154.05,157.4,153.5,156.05,21624.0
2020-10-23 13:00:00,NSE:MSTCLTD,156.5,156.9,154.5,155.0,8643.0
2020-10-23 14:00:00,NSE:MSTCLTD,154.6,159.15,154.55,158.0,61916.0
2020-10-23 15:00:00,NSE:MSTCLTD,158.0,159.8,157.9,158.6,51251.0
2020-10-26 09:00:00,NSE:MSTCLTD,158.95,158.95,155.25,155.5,16989.0
2020-10-26 10:00:00,NSE:MSTCLTD,155.75,155.75,154.6,154.9,10148.0
2020-10-26 11:00:00,NSE:MSTCLTD,155.3,155.35,152.35,152.9,16989.0
2020-10-26 12:00:00,NSE:MSTCLTD,152.9,153.4,152.1,152.1,7697.0
2020-10-26 13:00:00,NSE:MSTCLTD,152.45,153.1,151.3,151.7,18082.0
2020-10-26 14:00:00,NSE:MSTCLTD,151.95,152.45,149.6,151.9,43685.0
2020-10-26 15:00:00,NSE:MSTCLTD,151.85,152.5,151.05,151.9,15592.0
2020-10-27 09:00:00,NSE:MSTCLTD,152.95,153.0,149.25,151.05,32484.0
2020-10-27 10:00:00,NSE:MSTCLTD,150.65,153.6,150.65,153.4,25450.0
2020-10-27 11:00:00,NSE:MSTCLTD,153.4,155.2,152.25,153.65,36499.0
2020-10-27 12:00:00,NSE:MSTCLTD,153.75,155.4,153.45,154.4,11843.0
2020-10-27 13:00:00,NSE:MSTCLTD,153.95,154.05,152.5,153.1,9939.0
2020-10-27 14:00:00,NSE:MSTCLTD,153.25,153.45,151.55,152.0,8707.0
2020-10-27 15:00:00,NSE:MSTCLTD,151.9,154.0,151.5,152.2,22552.0
2020-10-28 09:00:00,NSE:MSTCLTD,152.5,154.5,151.65,153.05,15068.0
2020-10-28 10:00:00,NSE:MSTCLTD,152.85,153.25,151.5,152.1,2852.0
2020-10-28 11:00:00,NSE:MSTCLTD,152.4,152.5,151.6,152.3,4481.0
2020-10-28 12:00:00,NSE:MSTCLTD,152.1,152.35,150.95,151.0,7920.0
2020-10-28 13:00:00,NSE:MSTCLTD,151.3,151.3,150.0,151.0,12162.0
2020-10-28 14:00:00,NSE:MSTCLTD,150.5,150.5,147.85,149.35,49552.0
2020-10-28 15:00:00,NSE:MSTCLTD,149.55,149.65,145.0,147.55,37712.0
2020-10-29 09:00:00,NSE:MSTCLTD,145.1,149.75,145.0,149.25,36204.0
2020-10-29 10:00:00,NSE:MSTCLTD,149.5,149.9,147.25,147.95,12420.0
2020-10-29 11:00:00,NSE:MSTCLTD,147.8,148.9,147.2,148.65,3217.0
2020-10-29 12:00:00,NSE:MSTCLTD,148.4,148.65,147.35,147.75,3978.0
2020-10-29 13:00:00,NSE:MSTCLTD,147.25,147.5,145.55,146.85,9902.0
2020-10-29 14:00:00,NSE:MSTCLTD,146.95,147.4,145.35,147.0,11167.0
2020-10-29 15:00:00,NSE:MSTCLTD,147.65,147.9,146.95,147.75,14066.0
2020-10-30 09:00:00,NSE:MSTCLTD,148.55,152.15,148.55,151.8,21808.0
2020-10-30 10:00:00,NSE:MSTCLTD,151.45,152.4,150.2,150.6,11408.0
2020-10-30 11:00:00,NSE:MSTCLTD,150.15,150.45,146.85,147.85,42660.0
2020-10-30 12:00:00,NSE:MSTCLTD,147.9,147.95,146.05,146.9,13411.0
2020-10-30 13:00:00,NSE:MSTCLTD,146.55,148.5,146.2,147.3,12925.0
2020-10-30 14:00:00,NSE:MSTCLTD,147.25,147.4,146.3,146.5,14255.0
2020-10-30 15:00:00,NSE:MSTCLTD,146.55,147.75,146.55,147.0,16252.0
2020-11-02 09:00:00,NSE:MSTCLTD,148.2,150.9,144.55,145.4,27363.0
2020-11-02 10:00:00,NSE:MSTCLTD,144.8,145.7,144.0,145.0,20620.0
2020-11-02 11:00:00,NSE:MSTCLTD,145.0,145.2,143.5,144.9,16003.0
2020-11-02 12:00:00,NSE:MSTCLTD,144.9,145.6,144.35,144.75,10758.0
2020-11-02 13:00:00,NSE:MSTCLTD,144.5,145.5,144.35,144.9,14231.0
2020-11-02 14:00:00,NSE:MSTCLTD,144.95,150.15,144.0,144.95,179943.0
2020-11-02 15:00:00,NSE:MSTCLTD,144.95,145.5,143.45,144.7,59784.0
2020-11-03 09:00:00,NSE:MSTCLTD,145.25,152.0,145.25,147.45,173623.0
2020-11-03 10:00:00,NSE:MSTCLTD,147.5,148.35,146.1,147.55,25640.0
2020-11-03 11:00:00,NSE:MSTCLTD,147.5,147.65,146.5,146.85,12138.0
2020-11-03 12:00:00,NSE:MSTCLTD,147.0,147.05,146.0,146.8,23571.0
2020-11-03 13:00:00,NSE:MSTCLTD,146.5,147.55,146.5,146.85,7995.0
2020-11-03 14:00:00,NSE:MSTCLTD,146.65,148.3,146.2,146.9,15214.0
2020-11-03 15:00:00,NSE:MSTCLTD,146.7,147.35,145.5,146.25,25320.0
2020-11-04 09:00:00,NSE:MSTCLTD,146.8,148.0,146.6,146.8,11859.0
2020-11-04 10:00:00,NSE:MSTCLTD,146.6,146.8,142.45,144.1,26143.0
2020-11-04 11:00:00,NSE:MSTCLTD,144.0,144.85,143.75,144.15,6903.0
2020-11-04 12:00:00,NSE:MSTCLTD,144.0,144.9,143.75,144.75,4099.0
2020-11-04 13:00:00,NSE:MSTCLTD,144.75,144.75,143.0,143.75,2904.0
2020-11-04 14:00:00,NSE:MSTCLTD,143.75,144.5,143.4,144.3,5439.0
2020-11-04 15:00:00,NSE:MSTCLTD,144.15,144.25,143.15,143.6,14945.0
2020-11-05 09:00:00,NSE:MSTCLTD,144.95,147.55,144.75,146.65,21722.0
2020-11-05 10:00:00,NSE:MSTCLTD,146.9,147.45,146.7,147.3,11193.0
2020-11-05 11:00:00,NSE:MSTCLTD,147.2,148.0,146.3,146.5,9667.0
2020-11-05 12:00:00,NSE:MSTCLTD,146.7,146.7,144.0,144.95,32768.0
2020-11-05 13:00:00,NSE:MSTCLTD,144.95,145.0,144.5,144.75,4648.0
2020-11-05 14:00:00,NSE:MSTCLTD,144.95,145.05,143.7,144.0,19956.0
2020-11-05 15:00:00,NSE:MSTCLTD,144.0,144.9,143.75,144.2,18272.0
2020-11-06 09:00:00,NSE:MSTCLTD,146.5,154.0,146.4,150.4,269695.0
2020-11-06 10:00:00,NSE:MSTCLTD,150.4,150.7,148.1,149.1,49614.0
2020-11-06 11:00:00,NSE:MSTCLTD,149.1,149.5,148.2,148.7,22007.0
2020-11-06 12:00:00,NSE:MSTCLTD,149.0,149.0,148.65,148.95,7851.0
2020-11-06 13:00:00,NSE:MSTCLTD,148.7,149.0,146.45,148.3,35414.0
2020-11-06 14:00:00,NSE:MSTCLTD,148.3,149.3,147.65,149.2,39757.0
2020-11-06 15:00:00,NSE:MSTCLTD,149.3,151.35,148.15,149.6,75443.0
2020-11-09 09:00:00,NSE:MSTCLTD,150.0,151.6,149.0,149.4,36057.0
2020-11-09 10:00:00,NSE:MSTCLTD,149.25,149.5,148.2,148.65,16340.0
2020-11-09 11:00:00,NSE:MSTCLTD,148.5,148.5,147.5,147.75,21373.0
2020-11-09 12:00:00,NSE:MSTCLTD,147.95,148.65,147.25,148.2,6937.0
2020-11-09 13:00:00,NSE:MSTCLTD,148.35,148.6,147.45,148.6,6348.0
2020-11-09 14:00:00,NSE:MSTCLTD,148.1,148.5,147.7,148.0,7205.0
2020-11-09 15:00:00,NSE:MSTCLTD,148.0,148.4,146.9,147.6,30779.0
2020-11-10 09:00:00,NSE:MSTCLTD,148.0,151.5,148.0,150.1,50950.0
2020-11-10 10:00:00,NSE:MSTCLTD,150.0,152.0,149.1,150.4,48392.0
2020-11-10 11:00:00,NSE:MSTCLTD,150.3,150.6,147.3,148.0,33202.0
2020-11-10 12:00:00,NSE:MSTCLTD,148.15,148.2,147.55,148.0,16222.0
2020-11-10 13:00:00,NSE:MSTCLTD,147.95,148.0,147.05,147.95,12191.0
2020-11-10 14:00:00,NSE:MSTCLTD,147.95,147.95,147.3,147.3,10844.0
2020-11-10 15:00:00,NSE:MSTCLTD,147.2,147.5,146.5,147.1,20322.0
2020-11-11 09:00:00,NSE:MSTCLTD,148.0,149.3,147.35,148.25,17232.0
2020-11-11 10:00:00,NSE:MSTCLTD,148.25,149.55,147.9,148.8,30655.0
2020-11-11 11:00:00,NSE:MSTCLTD,148.8,148.8,145.9,146.5,14247.0
2020-11-11 12:00:00,NSE:MSTCLTD,147.0,147.0,146.5,146.9,5750.0
2020-11-11 13:00:00,NSE:MSTCLTD,146.7,147.4,145.65,146.65,16929.0
2020-11-11 14:00:00,NSE:MSTCLTD,146.6,147.0,146.1,146.5,5366.0
2020-11-11 15:00:00,NSE:MSTCLTD,146.3,146.95,146.15,146.5,18271.0
2020-11-12 09:00:00,NSE:MSTCLTD,146.9,148.7,146.2,147.0,13853.0
2020-11-12 10:00:00,NSE:MSTCLTD,147.0,147.3,145.1,145.65,21450.0
2020-11-12 11:00:00,NSE:MSTCLTD,145.5,146.7,145.5,145.95,13448.0
2020-11-12 12:00:00,NSE:MSTCLTD,145.95,146.25,145.25,146.0,16220.0
2020-11-12 13:00:00,NSE:MSTCLTD,146.0,146.25,145.3,145.95,8164.0
2020-11-12 14:00:00,NSE:MSTCLTD,146.0,146.0,145.3,145.3,10174.0
2020-11-12 15:00:00,NSE:MSTCLTD,145.5,145.85,145.1,145.45,18691.0
2020-11-13 09:00:00,NSE:MSTCLTD,147.0,152.8,146.55,150.9,330289.0
2020-11-13 10:00:00,NSE:MSTCLTD,150.7,151.55,150.2,151.0,58238.0
2020-11-13 11:00:00,NSE:MSTCLTD,151.0,151.0,150.55,150.7,18524.0
2020-11-13 12:00:00,NSE:MSTCLTD,150.95,151.0,150.35,150.7,18981.0
2020-11-13 13:00:00,NSE:MSTCLTD,150.65,151.0,150.5,150.6,8210.0
2020-11-13 14:00:00,NSE:MSTCLTD,150.8,150.85,149.55,150.65,37351.0
2020-11-13 15:00:00,NSE:MSTCLTD,150.65,151.15,148.05,149.3,111440.0
2020-11-14 18:00:00,NSE:MSTCLTD,150.0,150.65,148.8,149.25,41406.0
2020-11-14 19:00:00,NSE:MSTCLTD,149.25,151.0,149.1,150.4,27442.0
2020-11-17 09:00:00,NSE:MSTCLTD,150.95,151.0,149.5,150.4,19307.0
2020-11-17 10:00:00,NSE:MSTCLTD,150.7,150.7,149.1,150.5,15381.0
2020-11-17 11:00:00,NSE:MSTCLTD,150.7,153.05,150.5,150.85,65612.0
2020-11-17 12:00:00,NSE:MSTCLTD,150.8,151.0,150.0,150.6,38634.0
2020-11-17 13:00:00,NSE:MSTCLTD,150.7,150.7,149.7,150.0,11244.0
2020-11-17 14:00:00,NSE:MSTCLTD,150.0,150.0,147.35,147.5,57933.0
2020-11-17 15:00:00,NSE:MSTCLTD,147.5,147.8,146.0,147.0,57631.0
2020-11-18 09:00:00,NSE:MSTCLTD,147.85,149.15,147.75,148.4,21357.0
2020-11-18 10:00:00,NSE:MSTCLTD,148.4,149.7,148.1,148.4,23581.0
2020-11-18 11:00:00,NSE:MSTCLTD,148.8,148.95,147.7,148.45,9110.0
2020-11-18 12:00:00,NSE:MSTCLTD,148.25,148.95,148.0,148.25,8557.0
2020-11-18 13:00:00,NSE:MSTCLTD,148.6,148.6,146.7,146.95,38060.0
2020-11-18 14:00:00,NSE:MSTCLTD,146.95,147.0,146.5,146.65,14354.0
2020-11-18 15:00:00,NSE:MSTCLTD,146.55,146.9,145.5,146.2,49706.0
2020-11-19 09:00:00,NSE:MSTCLTD,145.85,150.75,145.5,150.0,67458.0
2020-11-19 10:00:00,NSE:MSTCLTD,150.3,154.4,149.0,152.6,154182.0
2020-11-19 11:00:00,NSE:MSTCLTD,152.8,156.15,152.0,154.0,269773.0
2020-11-19 12:00:00,NSE:MSTCLTD,154.0,154.4,152.3,152.45,56523.0
2020-11-19 13:00:00,NSE:MSTCLTD,152.5,153.8,151.0,151.2,66504.0
2020-11-19 14:00:00,NSE:MSTCLTD,151.4,151.95,149.85,149.9,72704.0
2020-11-19 15:00:00,NSE:MSTCLTD,150.0,150.1,149.5,149.85,43978.0
2020-11-20 09:00:00,NSE:MSTCLTD,150.95,153.0,149.65,150.95,59777.0
2020-11-20 10:00:00,NSE:MSTCLTD,151.0,152.6,149.5,150.0,30853.0
2020-11-20 11:00:00,NSE:MSTCLTD,150.0,150.15,146.95,148.0,43127.0
2020-11-20 12:00:00,NSE:MSTCLTD,147.8,148.0,146.8,147.0,37101.0
2020-11-20 13:00:00,NSE:MSTCLTD,147.0,147.6,145.0,147.4,142236.0
2020-11-20 14:00:00,NSE:MSTCLTD,147.35,148.2,147.1,147.65,53226.0
2020-11-20 15:00:00,NSE:MSTCLTD,147.6,148.4,147.1,147.8,58187.0
2020-11-23 09:00:00,NSE:MSTCLTD,149.75,151.9,149.05,150.25,63414.0
2020-11-23 10:00:00,NSE:MSTCLTD,150.25,150.8,149.0,149.5,34656.0
2020-11-23 11:00:00,NSE:MSTCLTD,149.25,150.65,149.15,150.5,28276.0
2020-11-23 12:00:00,NSE:MSTCLTD,150.75,150.75,148.5,148.6,24146.0
2020-11-23 13:00:00,NSE:MSTCLTD,149.0,149.5,148.65,148.7,25105.0
2020-11-23 14:00:00,NSE:MSTCLTD,149.0,149.1,148.45,148.9,29530.0
2020-11-23 15:00:00,NSE:MSTCLTD,148.65,149.0,148.0,148.65,44975.0
2020-11-24 09:00:00,NSE:MSTCLTD,149.6,150.45,148.65,149.25,31172.0
2020-11-24 10:00:00,NSE:MSTCLTD,149.25,152.8,149.05,150.4,133811.0
2020-11-24 11:00:00,NSE:MSTCLTD,150.8,152.45,150.5,152.0,36754.0
2020-11-24 12:00:00,NSE:MSTCLTD,152.0,154.35,151.15,152.7,89710.0
2020-11-24 13:00:00,NSE:MSTCLTD,152.3,152.3,148.65,149.5,167118.0
2020-11-24 14:00:00,NSE:MSTCLTD,149.85,151.55,149.6,150.05,54610.0
2020-11-24 15:00:00,NSE:MSTCLTD,150.25,150.6,150.0,150.3,28374.0
2020-11-25 09:00:00,NSE:MSTCLTD,151.4,153.0,149.95,152.0,73738.0
2020-11-25 10:00:00,NSE:MSTCLTD,152.0,152.0,149.05,149.75,44686.0
2020-11-25 11:00:00,NSE:MSTCLTD,149.65,149.7,148.5,149.0,31597.0
2020-11-25 12:00:00,NSE:MSTCLTD,149.0,149.65,148.1,148.8,24682.0
2020-11-25 13:00:00,NSE:MSTCLTD,149.0,149.2,148.55,148.55,21868.0
2020-11-25 14:00:00,NSE:MSTCLTD,148.85,148.85,148.1,148.6,14043.0
2020-11-25 15:00:00,NSE:MSTCLTD,148.6,149.0,148.3,148.6,19115.0
2020-11-26 09:00:00,NSE:MSTCLTD,149.5,150.0,148.65,149.3,27581.0
2020-11-26 10:00:00,NSE:MSTCLTD,149.45,149.9,149.0,149.45,9653.0
2020-11-26 11:00:00,NSE:MSTCLTD,149.5,149.5,147.6,147.9,26535.0
2020-11-26 12:00:00,NSE:MSTCLTD,147.8,148.75,147.4,148.75,17596.0
2020-11-26 13:00:00,NSE:MSTCLTD,148.8,148.95,148.5,148.75,5188.0
2020-11-26 14:00:00,NSE:MSTCLTD,148.75,153.5,148.45,151.7,97845.0
2020-11-26 15:00:00,NSE:MSTCLTD,151.7,153.65,151.7,152.5,78024.0
2020-11-27 09:00:00,NSE:MSTCLTD,153.4,159.1,152.65,156.5,296313.0
2020-11-27 10:00:00,NSE:MSTCLTD,156.25,157.4,155.15,155.8,68604.0
2020-11-27 11:00:00,NSE:MSTCLTD,155.6,158.75,155.5,158.1,100529.0
2020-11-27 12:00:00,NSE:MSTCLTD,158.0,159.0,157.5,158.0,105490.0
2020-11-27 13:00:00,NSE:MSTCLTD,158.05,158.5,157.4,158.05,55729.0
2020-11-27 14:00:00,NSE:MSTCLTD,158.25,161.2,158.0,158.4,231441.0
2020-11-27 15:00:00,NSE:MSTCLTD,158.05,158.5,157.05,157.8,79352.0
2020-12-01 09:00:00,NSE:MSTCLTD,158.65,159.65,157.0,158.3,85836.0
2020-12-01 10:00:00,NSE:MSTCLTD,158.45,158.75,157.7,158.35,34919.0
2020-12-01 11:00:00,NSE:MSTCLTD,158.4,161.55,158.4,159.65,86998.0
2020-12-01 12:00:00,NSE:MSTCLTD,159.5,161.0,159.0,159.9,31042.0
2020-12-01 13:00:00,NSE:MSTCLTD,159.9,160.05,158.15,159.3,11580.0
2020-12-01 14:00:00,NSE:MSTCLTD,159.3,160.75,158.85,159.35,47805.0
2020-12-01 15:00:00,NSE:MSTCLTD,159.9,160.0,158.5,159.4,34132.0
2020-12-02 09:00:00,NSE:MSTCLTD,159.4,165.35,157.5,161.9,302294.0
2020-12-02 10:00:00,NSE:MSTCLTD,161.9,162.65,160.85,162.25,67363.0
2020-12-02 11:00:00,NSE:MSTCLTD,162.25,167.0,161.45,164.0,200799.0
2020-12-02 12:00:00,NSE:MSTCLTD,164.0,165.7,163.2,163.55,43821.0
2020-12-02 13:00:00,NSE:MSTCLTD,163.4,164.4,162.55,163.05,32437.0
2020-12-02 14:00:00,NSE:MSTCLTD,163.05,164.0,162.25,163.55,42533.0
2020-12-02 15:00:00,NSE:MSTCLTD,163.9,164.95,161.0,162.1,121469.0
2020-12-03 09:00:00,NSE:MSTCLTD,162.95,168.75,162.9,165.15,187060.0
2020-12-03 10:00:00,NSE:MSTCLTD,165.15,166.1,164.45,165.45,45351.0
2020-12-03 11:00:00,NSE:MSTCLTD,165.45,171.7,165.45,169.5,277979.0
2020-12-03 12:00:00,NSE:MSTCLTD,169.5,170.95,167.75,168.0,149601.0
2020-12-03 13:00:00,NSE:MSTCLTD,168.0,169.0,166.2,166.5,56491.0
2020-12-03 14:00:00,NSE:MSTCLTD,166.85,167.45,164.5,165.5,156729.0
2020-12-03 15:00:00,NSE:MSTCLTD,165.4,165.95,165.0,165.4,59245.0
2020-12-04 09:00:00,NSE:MSTCLTD,171.0,173.4,167.75,168.9,395357.0
2020-12-04 10:00:00,NSE:MSTCLTD,168.55,168.95,167.0,168.0,75683.0
2020-12-04 11:00:00,NSE:MSTCLTD,167.8,169.0,166.8,167.0,70153.0
2020-12-04 12:00:00,NSE:MSTCLTD,166.9,167.65,165.25,165.7,60877.0
2020-12-04 13:00:00,NSE:MSTCLTD,165.75,167.3,165.75,167.1,33921.0
2020-12-04 14:00:00,NSE:MSTCLTD,166.9,167.1,166.3,166.75,50564.0
2020-12-04 15:00:00,NSE:MSTCLTD,166.75,167.0,165.9,166.4,109163.0
2020-12-07 09:00:00,NSE:MSTCLTD,166.75,167.5,165.0,165.45,56951.0
2020-12-07 10:00:00,NSE:MSTCLTD,165.5,165.7,163.3,164.4,53870.0
2020-12-07 11:00:00,NSE:MSTCLTD,164.4,164.7,163.9,164.3,25911.0
2020-12-07 12:00:00,NSE:MSTCLTD,164.5,165.0,164.0,164.5,21062.0
2020-12-07 13:00:00,NSE:MSTCLTD,164.7,164.8,163.8,164.45,12193.0
2020-12-07 14:00:00,NSE:MSTCLTD,164.45,164.5,163.0,163.7,40790.0
2020-12-07 15:00:00,NSE:MSTCLTD,163.7,164.0,162.5,163.0,44502.0
2020-12-08 09:00:00,NSE:MSTCLTD,164.3,166.05,164.0,164.3,33915.0
2020-12-08 10:00:00,NSE:MSTCLTD,164.25,165.0,162.0,162.25,32009.0
2020-12-08 11:00:00,NSE:MSTCLTD,162.05,162.05,157.65,158.5,57788.0
2020-12-08 12:00:00,NSE:MSTCLTD,158.65,159.9,158.4,159.45,16123.0
2020-12-08 13:00:00,NSE:MSTCLTD,159.8,162.0,159.6,161.5,18418.0
2020-12-08 14:00:00,NSE:MSTCLTD,161.7,162.0,160.5,161.0,18030.0
2020-12-08 15:00:00,NSE:MSTCLTD,160.95,160.95,159.15,160.1,32319.0
2020-12-09 09:00:00,NSE:MSTCLTD,161.45,163.25,159.55,162.3,48770.0
2020-12-09 10:00:00,NSE:MSTCLTD,162.3,165.3,161.5,164.0,46320.0
2020-12-09 11:00:00,NSE:MSTCLTD,164.0,164.8,163.5,164.55,28817.0
2020-12-09 12:00:00,NSE:MSTCLTD,164.55,166.0,164.55,164.55,66895.0
2020-12-09 13:00:00,NSE:MSTCLTD,164.55,164.8,162.5,163.0,58053.0
2020-12-09 14:00:00,NSE:MSTCLTD,162.65,163.6,162.65,162.75,22883.0
2020-12-09 15:00:00,NSE:MSTCLTD,162.85,163.5,162.05,162.5,33191.0
2020-12-10 09:00:00,NSE:MSTCLTD,161.55,162.6,158.05,158.5,39658.0
2020-12-10 10:00:00,NSE:MSTCLTD,158.5,159.4,157.1,159.4,34100.0
2020-12-10 11:00:00,NSE:MSTCLTD,159.4,159.4,158.6,158.8,19759.0
2020-12-10 12:00:00,NSE:MSTCLTD,158.45,159.8,158.45,159.8,19105.0
2020-12-10 13:00:00,NSE:MSTCLTD,159.8,159.95,157.65,158.0,26603.0
2020-12-10 14:00:00,NSE:MSTCLTD,158.0,158.0,157.5,157.9,32327.0
2020-12-10 15:00:00,NSE:MSTCLTD,157.6,158.3,156.7,157.25,28053.0
2020-12-11 09:00:00,NSE:MSTCLTD,157.9,161.35,157.55,159.95,41430.0
2020-12-11 10:00:00,NSE:MSTCLTD,159.6,160.0,159.0,159.7,22269.0
2020-12-11 11:00:00,NSE:MSTCLTD,159.65,159.9,157.75,157.8,40484.0
2020-12-11 12:00:00,NSE:MSTCLTD,157.85,158.5,157.7,158.0,27208.0
2020-12-11 13:00:00,NSE:MSTCLTD,158.0,158.1,157.15,157.55,10805.0
2020-12-11 14:00:00,NSE:MSTCLTD,157.55,157.7,156.55,157.2,17509.0
2020-12-11 15:00:00,NSE:MSTCLTD,157.5,157.9,157.05,157.55,37250.0
2020-12-14 09:00:00,NSE:MSTCLTD,158.65,159.9,157.95,159.15,29614.0
2020-12-14 10:00:00,NSE:MSTCLTD,159.0,159.15,158.2,158.5,19492.0
2020-12-14 11:00:00,NSE:MSTCLTD,158.5,158.7,157.8,158.15,7918.0
2020-12-14 12:00:00,NSE:MSTCLTD,157.95,159.5,157.8,158.4,23226.0
2020-12-14 13:00:00,NSE:MSTCLTD,158.4,173.3,158.0,166.2,773770.0
2020-12-14 14:00:00,NSE:MSTCLTD,166.2,167.45,165.55,165.7,72940.0
2020-12-14 15:00:00,NSE:MSTCLTD,166.0,167.0,165.1,166.2,104409.0
2020-12-15 09:00:00,NSE:MSTCLTD,166.8,166.8,161.8,163.15,52611.0
2020-12-15 10:00:00,NSE:MSTCLTD,163.15,163.45,161.15,161.6,23236.0
2020-12-15 11:00:00,NSE:MSTCLTD,161.75,163.5,161.75,163.0,11947.0
2020-12-15 12:00:00,NSE:MSTCLTD,163.0,163.0,162.25,162.5,20994.0
2020-12-15 13:00:00,NSE:MSTCLTD,162.5,162.75,162.0,162.45,14504.0
2020-12-15 14:00:00,NSE:MSTCLTD,162.45,162.7,162.15,162.45,21009.0
2020-12-15 15:00:00,NSE:MSTCLTD,162.2,162.4,161.4,161.8,15153.0
2020-12-16 09:00:00,NSE:MSTCLTD,164.1,166.0,164.1,165.0,86115.0
2020-12-16 10:00:00,NSE:MSTCLTD,164.95,165.3,163.85,164.65,29604.0
2020-12-16 11:00:00,NSE:MSTCLTD,164.65,168.5,164.6,164.6,100835.0
2020-12-16 12:00:00,NSE:MSTCLTD,164.75,165.05,163.2,163.9,20827.0
2020-12-16 13:00:00,NSE:MSTCLTD,163.8,165.65,163.5,164.0,46818.0
2020-12-16 14:00:00,NSE:MSTCLTD,164.0,165.4,162.1,163.45,64269.0
2020-12-16 15:00:00,NSE:MSTCLTD,163.5,164.1,162.1,162.9,84631.0
2020-12-17 09:00:00,NSE:MSTCLTD,163.15,165.0,163.15,164.5,59656.0
2020-12-17 10:00:00,NSE:MSTCLTD,164.2,164.5,163.35,163.45,37830.0
2020-12-17 11:00:00,NSE:MSTCLTD,163.95,164.3,162.75,163.05,24768.0
2020-12-17 12:00:00,NSE:MSTCLTD,163.1,163.1,162.1,162.5,18302.0
2020-12-17 13:00:00,NSE:MSTCLTD,162.6,163.0,162.2,163.0,16605.0
2020-12-17 14:00:00,NSE:MSTCLTD,162.85,163.0,161.6,161.9,18769.0
2020-12-17 15:00:00,NSE:MSTCLTD,161.9,161.9,159.1,160.45,64026.0
2020-12-18 09:00:00,NSE:MSTCLTD,160.55,160.55,158.0,158.05,55921.0
2020-12-18 10:00:00,NSE:MSTCLTD,158.0,161.5,157.75,160.8,40054.0
2020-12-18 11:00:00,NSE:MSTCLTD,160.5,160.7,158.9,158.9,30060.0
2020-12-18 12:00:00,NSE:MSTCLTD,159.0,160.3,157.05,159.85,102407.0
2020-12-18 13:00:00,NSE:MSTCLTD,159.6,160.6,159.0,159.55,13336.0
2020-12-18 14:00:00,NSE:MSTCLTD,159.4,160.15,159.25,160.0,12571.0
2020-12-18 15:00:00,NSE:MSTCLTD,160.0,160.5,159.65,160.0,30474.0
2020-12-21 09:00:00,NSE:MSTCLTD,159.95,159.95,157.5,159.25,13998.0
2020-12-21 10:00:00,NSE:MSTCLTD,159.1,159.8,158.9,159.0,25092.0
2020-12-21 11:00:00,NSE:MSTCLTD,159.0,159.0,157.65,158.0,52409.0
2020-12-21 12:00:00,NSE:MSTCLTD,158.0,158.1,157.2,157.2,47957.0
2020-12-21 13:00:00,NSE:MSTCLTD,157.2,157.75,154.6,154.6,34770.0
2020-12-21 14:00:00,NSE:MSTCLTD,154.6,154.7,149.55,150.3,114512.0
2020-12-21 15:00:00,NSE:MSTCLTD,150.0,152.85,149.7,151.5,38837.0
2020-12-22 09:00:00,NSE:MSTCLTD,147.5,152.7,142.95,145.5,70883.0
2020-12-22 10:00:00,NSE:MSTCLTD,144.9,147.75,144.6,147.65,40956.0
2020-12-22 11:00:00,NSE:MSTCLTD,147.7,149.1,147.15,149.0,44867.0
2020-12-22 12:00:00,NSE:MSTCLTD,149.0,149.65,148.85,149.65,25539.0
2020-12-22 13:00:00,NSE:MSTCLTD,149.65,154.4,149.35,154.3,53690.0
2020-12-22 14:00:00,NSE:MSTCLTD,154.3,155.7,153.4,154.0,34674.0
2020-12-22 15:00:00,NSE:MSTCLTD,154.0,155.0,153.5,154.5,16439.0
2020-12-23 09:00:00,NSE:MSTCLTD,154.0,155.4,152.55,155.0,21235.0
2020-12-23 10:00:00,NSE:MSTCLTD,155.4,156.3,155.05,156.0,16085.0
2020-12-23 11:00:00,NSE:MSTCLTD,156.0,157.0,155.6,155.8,21753.0
2020-12-23 12:00:00,NSE:MSTCLTD,155.65,162.0,155.6,161.15,332189.0
2020-12-23 13:00:00,NSE:MSTCLTD,161.65,165.7,159.75,162.75,169620.0
2020-12-23 14:00:00,NSE:MSTCLTD,162.55,163.9,162.55,163.25,37151.0
2020-12-23 15:00:00,NSE:MSTCLTD,163.25,165.0,162.85,163.85,96162.0
2020-12-24 09:00:00,NSE:MSTCLTD,169.9,171.7,167.5,168.2,709893.0
2020-12-24 10:00:00,NSE:MSTCLTD,168.2,168.3,165.0,166.0,162817.0
2020-12-24 11:00:00,NSE:MSTCLTD,166.0,166.4,165.0,165.45,55937.0
2020-12-24 12:00:00,NSE:MSTCLTD,165.65,166.4,165.3,166.15,29728.0
2020-12-24 13:00:00,NSE:MSTCLTD,166.15,166.2,165.45,166.05,22446.0
2020-12-24 14:00:00,NSE:MSTCLTD,166.0,166.9,164.6,165.55,56300.0
2020-12-24 15:00:00,NSE:MSTCLTD,165.55,165.6,164.0,164.55,95448.0
2020-12-28 09:00:00,NSE:MSTCLTD,165.75,165.8,163.45,164.2,38028.0
2020-12-28 10:00:00,NSE:MSTCLTD,164.2,164.5,163.5,164.1,12219.0
2020-12-28 11:00:00,NSE:MSTCLTD,164.1,164.35,163.05,163.45,8517.0
2020-12-28 12:00:00,NSE:MSTCLTD,163.25,163.25,162.7,163.25,12097.0
2020-12-28 13:00:00,NSE:MSTCLTD,163.25,163.25,162.25,162.95,13166.0
2020-12-28 14:00:00,NSE:MSTCLTD,162.9,165.4,162.2,162.7,74777.0
2020-12-28 15:00:00,NSE:MSTCLTD,162.7,162.75,161.05,161.9,49687.0
2020-12-29 09:00:00,NSE:MSTCLTD,162.85,163.7,162.05,163.0,35743.0
2020-12-29 10:00:00,NSE:MSTCLTD,162.65,162.8,160.8,160.8,20598.0
2020-12-29 11:00:00,NSE:MSTCLTD,160.7,161.5,160.6,161.0,14575.0
2020-12-29 12:00:00,NSE:MSTCLTD,160.75,160.9,160.2,160.4,22357.0
2020-12-29 13:00:00,NSE:MSTCLTD,160.25,167.05,160.25,163.7,229955.0
2020-12-29 14:00:00,NSE:MSTCLTD,163.6,170.3,163.05,167.4,797693.0
2020-12-29 15:00:00,NSE:MSTCLTD,167.7,168.9,166.25,167.5,194313.0
2020-12-30 09:00:00,NSE:MSTCLTD,167.0,167.5,164.3,165.3,73367.0
2020-12-30 10:00:00,NSE:MSTCLTD,165.3,165.5,163.5,165.4,26496.0
2020-12-30 11:00:00,NSE:MSTCLTD,165.4,166.2,165.15,165.5,14498.0
2020-12-30 12:00:00,NSE:MSTCLTD,165.35,165.85,163.95,164.0,20514.0
2020-12-30 13:00:00,NSE:MSTCLTD,164.0,165.95,163.95,165.0,19209.0
2020-12-30 14:00:00,NSE:MSTCLTD,165.0,167.45,164.75,164.8,47292.0
2020-12-30 15:00:00,NSE:MSTCLTD,164.75,165.8,164.65,165.2,44567.0
2020-12-31 09:00:00,NSE:MSTCLTD,165.5,166.25,163.5,164.4,55910.0
2020-12-31 10:00:00,NSE:MSTCLTD,164.4,165.2,164.15,164.2,18817.0
2020-12-31 11:00:00,NSE:MSTCLTD,164.15,164.7,163.9,164.25,19073.0
2020-12-31 12:00:00,NSE:MSTCLTD,164.25,164.5,163.1,164.0,15440.0
2020-12-31 13:00:00,NSE:MSTCLTD,164.0,164.4,163.3,164.0,12160.0
2020-12-31 14:00:00,NSE:MSTCLTD,164.0,164.35,162.5,163.75,27483.0
2020-12-31 15:00:00,NSE:MSTCLTD,163.75,164.25,163.4,163.8,22098.0
2021-01-01 09:00:00,NSE:MSTCLTD,163.0,164.8,162.95,163.55,26752.0
2021-01-01 10:00:00,NSE:MSTCLTD,163.55,164.0,163.1,163.9,8466.0
2021-01-01 11:00:00,NSE:MSTCLTD,164.0,167.35,163.9,164.5,53718.0
2021-01-01 12:00:00,NSE:MSTCLTD,163.55,164.55,163.3,163.55,18154.0
2021-01-01 13:00:00,NSE:MSTCLTD,163.55,163.75,162.7,163.15,32393.0
2021-01-01 14:00:00,NSE:MSTCLTD,163.4,174.3,163.1,172.3,465370.0
2021-01-01 15:00:00,NSE:MSTCLTD,172.3,178.8,171.7,176.05,1860070.0
2021-01-04 09:00:00,NSE:MSTCLTD,177.0,179.45,174.05,174.8,473949.0
2021-01-04 10:00:00,NSE:MSTCLTD,174.8,176.9,174.0,174.55,142165.0
2021-01-04 11:00:00,NSE:MSTCLTD,174.25,175.55,172.5,174.9,163837.0
2021-01-04 12:00:00,NSE:MSTCLTD,174.85,175.7,174.55,175.15,26556.0
2021-01-04 13:00:00,NSE:MSTCLTD,175.3,175.45,173.8,174.0,63517.0
2021-01-04 14:00:00,NSE:MSTCLTD,173.9,174.6,173.65,174.05,61940.0
2021-01-04 15:00:00,NSE:MSTCLTD,174.1,175.7,173.6,174.2,121934.0
2021-01-05 09:00:00,NSE:MSTCLTD,171.6,173.45,171.0,172.5,90905.0
2021-01-05 10:00:00,NSE:MSTCLTD,172.95,172.95,170.0,171.3,60502.0
2021-01-05 11:00:00,NSE:MSTCLTD,170.7,174.8,170.5,172.15,242344.0
2021-01-05 12:00:00,NSE:MSTCLTD,172.2,174.4,171.0,171.9,83015.0
2021-01-05 13:00:00,NSE:MSTCLTD,171.9,172.6,170.5,171.6,32434.0
2021-01-05 14:00:00,NSE:MSTCLTD,171.85,173.25,171.45,172.4,56357.0
2021-01-05 15:00:00,NSE:MSTCLTD,172.05,172.5,170.95,171.55,80989.0
2021-01-06 09:00:00,NSE:MSTCLTD,173.5,174.45,171.55,172.75,78754.0
2021-01-06 10:00:00,NSE:MSTCLTD,172.7,191.0,172.05,187.45,1205600.0
2021-01-06 11:00:00,NSE:MSTCLTD,187.25,188.0,183.35,183.95,242226.0
2021-01-06 12:00:00,NSE:MSTCLTD,183.7,185.15,183.1,184.5,140554.0
2021-01-06 13:00:00,NSE:MSTCLTD,184.5,184.8,178.6,181.85,189251.0
2021-01-06 14:00:00,NSE:MSTCLTD,181.9,183.6,178.1,182.7,142812.0
2021-01-06 15:00:00,NSE:MSTCLTD,182.3,185.5,181.7,183.8,236098.0
2021-01-07 09:00:00,NSE:MSTCLTD,183.5,187.55,182.2,182.85,214935.0
2021-01-07 10:00:00,NSE:MSTCLTD,182.85,183.2,180.8,182.35,75103.0
2021-01-07 11:00:00,NSE:MSTCLTD,182.3,186.0,182.3,185.3,83526.0
2021-01-07 12:00:00,NSE:MSTCLTD,185.5,185.5,183.2,183.25,36462.0
2021-01-07 13:00:00,NSE:MSTCLTD,183.25,183.85,181.4,182.0,34539.0
2021-01-07 14:00:00,NSE:MSTCLTD,182.0,182.7,181.3,182.7,42657.0
2021-01-07 15:00:00,NSE:MSTCLTD,182.7,182.7,180.5,180.7,83532.0
2021-01-08 09:00:00,NSE:MSTCLTD,182.8,183.95,181.35,181.95,54291.0
2021-01-08 10:00:00,NSE:MSTCLTD,181.85,188.0,181.6,186.65,289957.0
2021-01-08 11:00:00,NSE:MSTCLTD,186.55,187.0,183.5,183.75,92403.0
2021-01-08 12:00:00,NSE:MSTCLTD,183.85,184.0,181.9,182.65,47280.0
2021-01-08 13:00:00,NSE:MSTCLTD,182.85,182.9,180.85,181.5,48463.0
2021-01-08 14:00:00,NSE:MSTCLTD,181.6,182.35,179.05,181.1,92822.0
2021-01-08 15:00:00,NSE:MSTCLTD,181.65,181.7,180.1,180.5,86005.0
2021-01-11 09:00:00,NSE:MSTCLTD,181.65,184.8,180.95,181.45,121514.0
2021-01-11 10:00:00,NSE:MSTCLTD,181.5,181.5,177.4,178.5,69942.0
2021-01-11 11:00:00,NSE:MSTCLTD,178.65,179.85,178.0,178.6,36818.0
2021-01-11 12:00:00,NSE:MSTCLTD,178.95,179.1,178.55,178.7,15328.0
2021-01-11 13:00:00,NSE:MSTCLTD,179.0,179.0,178.5,178.8,13159.0
2021-01-11 14:00:00,NSE:MSTCLTD,178.75,179.0,178.25,178.75,16202.0
2021-01-11 15:00:00,NSE:MSTCLTD,178.75,179.9,178.3,178.95,54711.0
2021-01-12 09:00:00,NSE:MSTCLTD,179.95,182.3,177.1,180.0,62633.0
2021-01-12 10:00:00,NSE:MSTCLTD,180.0,183.5,179.5,183.25,61134.0
2021-01-12 11:00:00,NSE:MSTCLTD,182.95,183.15,180.05,180.4,29564.0
2021-01-12 12:00:00,NSE:MSTCLTD,180.55,180.75,179.5,179.55,22072.0
2021-01-12 13:00:00,NSE:MSTCLTD,179.6,180.0,179.5,180.0,34320.0
2021-01-12 14:00:00,NSE:MSTCLTD,179.95,198.9,179.3,192.25,2300357.0
2021-01-12 15:00:00,NSE:MSTCLTD,192.3,192.85,188.55,190.6,264658.0
2021-01-13 09:00:00,NSE:MSTCLTD,191.2,198.0,190.1,195.55,397036.0
2021-01-13 10:00:00,NSE:MSTCLTD,195.85,199.0,192.5,193.8,384653.0
2021-01-13 11:00:00,NSE:MSTCLTD,193.8,195.45,190.9,191.75,163701.0
2021-01-13 12:00:00,NSE:MSTCLTD,191.5,194.0,190.65,193.25,66431.0
2021-01-13 13:00:00,NSE:MSTCLTD,193.25,193.9,190.15,190.2,74403.0
2021-01-13 14:00:00,NSE:MSTCLTD,190.2,193.0,188.0,192.15,90061.0
2021-01-13 15:00:00,NSE:MSTCLTD,192.2,197.4,192.0,194.45,198500.0
2021-01-14 09:00:00,NSE:MSTCLTD,200.0,227.7,199.2,218.25,2364079.0
2021-01-14 10:00:00,NSE:MSTCLTD,218.25,224.0,215.5,219.0,555152.0
2021-01-14 11:00:00,NSE:MSTCLTD,218.95,219.2,216.25,217.0,133699.0
2021-01-14 12:00:00,NSE:MSTCLTD,217.0,222.0,215.4,216.55,259803.0
2021-01-14 13:00:00,NSE:MSTCLTD,216.5,219.0,215.5,218.0,150195.0
2021-01-14 14:00:00,NSE:MSTCLTD,218.25,228.8,218.05,220.7,931925.0
2021-01-14 15:00:00,NSE:MSTCLTD,220.7,222.4,218.0,221.2,292182.0
2021-01-15 09:00:00,NSE:MSTCLTD,219.05,237.0,218.75,228.8,1055892.0
2021-01-15 10:00:00,NSE:MSTCLTD,228.9,231.45,225.35,231.45,236549.0
2021-01-15 11:00:00,NSE:MSTCLTD,231.05,237.6,229.3,234.45,601153.0
2021-01-15 12:00:00,NSE:MSTCLTD,234.45,235.7,228.0,228.2,322628.0
2021-01-15 13:00:00,NSE:MSTCLTD,228.45,231.55,228.25,228.75,156592.0
2021-01-15 14:00:00,NSE:MSTCLTD,228.35,256.45,224.0,253.6,2137057.0
2021-01-15 15:00:00,NSE:MSTCLTD,253.25,263.9,247.0,257.2,1544376.0
2021-01-18 09:00:00,NSE:MSTCLTD,255.05,257.7,239.8,241.15,784662.0
2021-01-18 10:00:00,NSE:MSTCLTD,240.85,243.0,232.6,235.7,362833.0
2021-01-18 11:00:00,NSE:MSTCLTD,235.35,239.95,234.5,236.75,154999.0
2021-01-18 12:00:00,NSE:MSTCLTD,236.25,239.45,236.0,236.5,69931.0
2021-01-18 13:00:00,NSE:MSTCLTD,236.4,245.5,235.1,242.35,179094.0
2021-01-18 14:00:00,NSE:MSTCLTD,242.0,245.5,236.0,237.55,164253.0
2021-01-18 15:00:00,NSE:MSTCLTD,237.6,237.7,231.5,233.75,218914.0
2021-01-19 09:00:00,NSE:MSTCLTD,236.0,245.0,236.0,239.8,272405.0
2021-01-19 10:00:00,NSE:MSTCLTD,239.9,251.95,239.55,247.55,641618.0
2021-01-19 11:00:00,NSE:MSTCLTD,248.0,248.45,244.0,246.9,104507.0
2021-01-19 12:00:00,NSE:MSTCLTD,246.9,247.2,242.0,242.8,90655.0
2021-01-19 13:00:00,NSE:MSTCLTD,243.0,244.0,242.65,243.5,54740.0
2021-01-19 14:00:00,NSE:MSTCLTD,243.4,247.5,242.3,245.2,134857.0
2021-01-19 15:00:00,NSE:MSTCLTD,245.25,247.0,242.5,244.55,136177.0
2021-01-20 09:00:00,NSE:MSTCLTD,243.0,244.8,237.65,241.5,158686.0
2021-01-20 10:00:00,NSE:MSTCLTD,241.0,244.25,239.5,241.25,52949.0
2021-01-20 11:00:00,NSE:MSTCLTD,241.0,242.75,240.1,242.0,36803.0
2021-01-20 12:00:00,NSE:MSTCLTD,242.2,242.2,237.8,238.45,46741.0
2021-01-20 13:00:00,NSE:MSTCLTD,238.7,239.0,237.0,237.5,46428.0
2021-01-20 14:00:00,NSE:MSTCLTD,237.8,239.0,236.5,238.4,41056.0
2021-01-20 15:00:00,NSE:MSTCLTD,238.1,239.0,236.55,237.75,73021.0
2021-01-21 09:00:00,NSE:MSTCLTD,239.3,241.3,236.5,237.15,92085.0
2021-01-21 10:00:00,NSE:MSTCLTD,237.15,250.7,236.5,244.45,339412.0
2021-01-21 11:00:00,NSE:MSTCLTD,244.05,248.5,243.05,244.75,85120.0
2021-01-21 12:00:00,NSE:MSTCLTD,244.75,246.0,241.45,242.7,51602.0
2021-01-21 13:00:00,NSE:MSTCLTD,242.7,243.25,241.1,241.8,22040.0
2021-01-21 14:00:00,NSE:MSTCLTD,241.35,243.0,228.0,234.5,201120.0
2021-01-21 15:00:00,NSE:MSTCLTD,234.5,236.5,229.5,236.0,120866.0
2021-01-22 09:00:00,NSE:MSTCLTD,233.95,236.65,223.0,232.8,162418.0
2021-01-22 10:00:00,NSE:MSTCLTD,233.0,233.9,230.3,231.5,48688.0
2021-01-22 11:00:00,NSE:MSTCLTD,231.3,231.3,225.0,227.0,75584.0
2021-01-22 12:00:00,NSE:MSTCLTD,226.95,229.0,226.4,226.6,25949.0
2021-01-22 13:00:00,NSE:MSTCLTD,226.6,227.0,224.0,224.4,52688.0
2021-01-22 14:00:00,NSE:MSTCLTD,224.4,229.0,224.25,227.8,35970.0
2021-01-22 15:00:00,NSE:MSTCLTD,227.8,228.8,225.0,227.0,56169.0
2021-01-25 09:00:00,NSE:MSTCLTD,232.0,234.0,224.15,226.45,158153.0
2021-01-25 10:00:00,NSE:MSTCLTD,227.0,231.65,225.0,227.25,50867.0
2021-01-25 11:00:00,NSE:MSTCLTD,227.05,228.45,223.3,223.7,37820.0
2021-01-25 12:00:00,NSE:MSTCLTD,224.0,227.15,223.0,226.75,23246.0
2021-01-25 13:00:00,NSE:MSTCLTD,226.75,227.0,224.85,225.5,24643.0
2021-01-25 14:00:00,NSE:MSTCLTD,226.0,226.0,222.3,223.9,31130.0
2021-01-25 15:00:00,NSE:MSTCLTD,223.95,224.85,220.35,222.75,64048.0
2021-01-27 09:00:00,NSE:MSTCLTD,229.7,230.05,215.65,218.55,480118.0
2021-01-27 10:00:00,NSE:MSTCLTD,218.5,219.0,215.65,217.0,148717.0
2021-01-27 11:00:00,NSE:MSTCLTD,217.0,217.0,213.2,215.4,88399.0
2021-01-27 12:00:00,NSE:MSTCLTD,215.1,215.4,211.3,212.0,68319.0
2021-01-27 13:00:00,NSE:MSTCLTD,211.25,212.0,208.0,208.0,125675.0
2021-01-27 14:00:00,NSE:MSTCLTD,208.9,209.4,201.1,204.9,317026.0
2021-01-27 15:00:00,NSE:MSTCLTD,204.6,205.5,201.05,203.1,194561.0
2021-01-28 09:00:00,NSE:MSTCLTD,200.0,206.9,195.0,205.25,210227.0
2021-01-28 10:00:00,NSE:MSTCLTD,205.0,212.35,204.9,211.0,152211.0
2021-01-28 11:00:00,NSE:MSTCLTD,211.2,216.65,210.75,211.8,163002.0
2021-01-28 12:00:00,NSE:MSTCLTD,212.0,212.05,207.7,210.0,56026.0
2021-01-28 13:00:00,NSE:MSTCLTD,209.8,212.0,208.0,210.45,54699.0
2021-01-28 14:00:00,NSE:MSTCLTD,210.35,210.65,209.0,209.25,27232.0
2021-01-28 15:00:00,NSE:MSTCLTD,209.35,211.0,209.1,210.5,69837.0
2021-01-29 09:00:00,NSE:MSTCLTD,211.1,214.5,207.3,209.25,97642.0
2021-01-29 10:00:00,NSE:MSTCLTD,208.8,208.8,205.7,207.45,28784.0
2021-01-29 11:00:00,NSE:MSTCLTD,207.4,208.85,206.2,207.3,36152.0
2021-01-29 12:00:00,NSE:MSTCLTD,207.4,207.5,206.7,207.4,27080.0
2021-01-29 13:00:00,NSE:MSTCLTD,207.05,207.5,206.65,207.0,18278.0
2021-01-29 14:00:00,NSE:MSTCLTD,207.0,207.0,206.05,206.3,56279.0
2021-01-29 15:00:00,NSE:MSTCLTD,206.3,206.3,201.0,203.15,91269.0
2021-02-01 09:00:00,NSE:MSTCLTD,203.35,218.0,200.05,215.5,231128.0
2021-02-01 10:00:00,NSE:MSTCLTD,215.55,215.55,212.5,214.2,196675.0
2021-02-01 11:00:00,NSE:MSTCLTD,214.0,223.45,213.45,223.45,610057.0
2021-02-01 12:00:00,NSE:MSTCLTD,223.45,223.45,223.45,223.45,17232.0
2021-02-01 13:00:00,NSE:MSTCLTD,223.45,223.45,223.45,223.45,8506.0
2021-02-01 14:00:00,NSE:MSTCLTD,223.45,223.45,223.45,223.45,6990.0
2021-02-01 15:00:00,NSE:MSTCLTD,223.45,223.45,223.45,223.45,2645.0
2021-02-02 09:00:00,NSE:MSTCLTD,239.85,245.75,237.0,245.75,324986.0
2021-02-02 10:00:00,NSE:MSTCLTD,245.75,245.75,245.75,245.75,32694.0
2021-02-02 11:00:00,NSE:MSTCLTD,245.75,245.75,245.75,245.75,6905.0
2021-02-02 12:00:00,NSE:MSTCLTD,245.75,245.75,245.75,245.75,4395.0
2021-02-02 13:00:00,NSE:MSTCLTD,245.75,245.75,245.75,245.75,1070.0
2021-02-02 14:00:00,NSE:MSTCLTD,245.75,245.75,245.75,245.75,3950.0
2021-02-02 15:00:00,NSE:MSTCLTD,245.75,245.75,245.75,245.75,1789.0
2021-02-03 09:00:00,NSE:MSTCLTD,251.0,256.8,235.5,238.4,651209.0
2021-02-03 10:00:00,NSE:MSTCLTD,238.4,251.2,236.25,246.8,376007.0
2021-02-03 11:00:00,NSE:MSTCLTD,246.55,247.2,244.15,245.05,95434.0
2021-02-03 12:00:00,NSE:MSTCLTD,245.3,251.0,243.15,245.5,125740.0
2021-02-03 13:00:00,NSE:MSTCLTD,245.5,246.15,245.0,245.4,48391.0
2021-02-03 14:00:00,NSE:MSTCLTD,245.1,247.0,240.2,240.5,110850.0
2021-02-03 15:00:00,NSE:MSTCLTD,240.2,245.65,238.4,241.95,124908.0
2021-02-04 09:00:00,NSE:MSTCLTD,240.0,254.9,238.0,249.6,275710.0
2021-02-04 10:00:00,NSE:MSTCLTD,250.1,254.2,248.5,251.0,102549.0
2021-02-04 11:00:00,NSE:MSTCLTD,251.0,253.7,250.1,252.5,65088.0
2021-02-04 12:00:00,NSE:MSTCLTD,252.55,253.4,250.1,252.0,74182.0
2021-02-04 13:00:00,NSE:MSTCLTD,252.0,253.2,250.0,251.0,39770.0
2021-02-04 14:00:00,NSE:MSTCLTD,250.65,263.9,250.3,262.8,398674.0
2021-02-04 15:00:00,NSE:MSTCLTD,263.0,266.1,262.1,266.1,554349.0
2021-02-05 09:00:00,NSE:MSTCLTD,269.55,282.55,265.35,276.0,613247.0
2021-02-05 10:00:00,NSE:MSTCLTD,276.0,278.7,271.6,272.35,189178.0
2021-02-05 11:00:00,NSE:MSTCLTD,272.4,279.7,268.65,277.45,144515.0
2021-02-05 12:00:00,NSE:MSTCLTD,277.4,303.9,272.75,303.2,1001233.0
2021-02-05 13:00:00,NSE:MSTCLTD,303.5,311.0,297.2,304.2,909887.0
2021-02-05 14:00:00,NSE:MSTCLTD,303.9,307.85,298.55,299.1,264923.0
2021-02-05 15:00:00,NSE:MSTCLTD,299.1,306.7,298.7,301.0,347478.0
2021-02-08 09:00:00,NSE:MSTCLTD,305.0,333.65,303.0,325.95,946926.0
2021-02-08 10:00:00,NSE:MSTCLTD,325.6,349.65,325.2,339.95,1134910.0
2021-02-08 11:00:00,NSE:MSTCLTD,340.0,344.45,335.1,343.4,296832.0
2021-02-08 12:00:00,NSE:MSTCLTD,343.3,343.4,337.6,338.85,115761.0
2021-02-08 13:00:00,NSE:MSTCLTD,338.6,346.7,337.15,342.55,221165.0
2021-02-08 14:00:00,NSE:MSTCLTD,342.8,363.3,341.6,363.3,960186.0
2021-02-08 15:00:00,NSE:MSTCLTD,363.3,363.3,358.75,363.3,338831.0
2021-02-09 09:00:00,NSE:MSTCLTD,375.0,400.0,372.25,382.35,2065108.0
2021-02-09 10:00:00,NSE:MSTCLTD,382.85,387.0,378.7,382.9,248967.0
2021-02-09 11:00:00,NSE:MSTCLTD,382.9,393.85,380.8,385.6,375481.0
2021-02-09 12:00:00,NSE:MSTCLTD,385.05,387.0,367.0,370.65,459811.0
2021-02-09 13:00:00,NSE:MSTCLTD,370.1,374.95,359.0,367.25,548350.0
2021-02-09 14:00:00,NSE:MSTCLTD,367.25,377.45,364.1,367.1,328039.0
2021-02-09 15:00:00,NSE:MSTCLTD,366.8,367.25,339.05,354.2,693789.0
2021-02-10 09:00:00,NSE:MSTCLTD,359.5,371.9,351.55,355.3,548737.0
2021-02-10 10:00:00,NSE:MSTCLTD,355.25,356.7,343.0,343.8,331816.0
2021-02-10 11:00:00,NSE:MSTCLTD,343.75,347.0,339.75,343.4,183574.0
2021-02-10 12:00:00,NSE:MSTCLTD,343.3,344.2,333.15,334.65,246158.0
2021-02-10 13:00:00,NSE:MSTCLTD,334.7,338.45,332.35,337.2,134354.0
2021-02-10 14:00:00,NSE:MSTCLTD,337.5,344.8,336.2,342.4,227530.0
2021-02-10 15:00:00,NSE:MSTCLTD,342.8,345.0,341.2,343.4,161449.0
2021-02-11 09:00:00,NSE:MSTCLTD,343.0,364.65,335.15,357.55,879864.0
2021-02-11 10:00:00,NSE:MSTCLTD,357.5,357.85,346.15,350.8,212905.0
2021-02-11 11:00:00,NSE:MSTCLTD,351.2,354.85,349.05,351.0,99764.0
2021-02-11 12:00:00,NSE:MSTCLTD,351.0,353.7,348.95,353.5,68989.0
2021-02-11 13:00:00,NSE:MSTCLTD,353.5,370.0,353.05,363.0,445112.0
2021-02-11 14:00:00,NSE:MSTCLTD,362.4,365.9,355.55,357.6,170438.0
2021-02-11 15:00:00,NSE:MSTCLTD,358.0,361.4,354.75,358.5,179454.0
2021-02-12 09:00:00,NSE:MSTCLTD,329.75,329.75,290.0,309.6,2900767.0
2021-02-12 10:00:00,NSE:MSTCLTD,309.85,319.7,308.5,317.65,738687.0
2021-02-12 11:00:00,NSE:MSTCLTD,317.65,317.9,308.6,308.6,269872.0
2021-02-12 12:00:00,NSE:MSTCLTD,308.75,310.95,306.45,308.4,163489.0
2021-02-12 13:00:00,NSE:MSTCLTD,308.4,309.5,302.0,304.25,214146.0
2021-02-12 14:00:00,NSE:MSTCLTD,304.05,308.0,302.05,302.55,211132.0
2021-02-12 15:00:00,NSE:MSTCLTD,302.95,302.95,292.0,297.15,499032.0
2021-02-15 09:00:00,NSE:MSTCLTD,305.0,310.5,282.2,285.9,884522.0
2021-02-15 10:00:00,NSE:MSTCLTD,286.0,290.0,276.5,278.1,534608.0
2021-02-15 11:00:00,NSE:MSTCLTD,278.1,284.95,277.55,284.0,297057.0
2021-02-15 12:00:00,NSE:MSTCLTD,284.0,287.85,281.0,282.4,197159.0
2021-02-15 13:00:00,NSE:MSTCLTD,282.75,283.5,273.05,276.5,262565.0
2021-02-15 14:00:00,NSE:MSTCLTD,276.9,279.35,275.45,278.0,140569.0
2021-02-15 15:00:00,NSE:MSTCLTD,277.85,279.2,276.15,277.7,193628.0
2021-02-16 09:00:00,NSE:MSTCLTD,282.0,299.9,278.4,293.3,823078.0
2021-02-16 10:00:00,NSE:MSTCLTD,292.9,292.9,279.65,283.6,449051.0
2021-02-16 11:00:00,NSE:MSTCLTD,284.0,286.05,281.0,281.15,129585.0
2021-02-16 12:00:00,NSE:MSTCLTD,281.15,283.4,281.0,281.45,55036.0
2021-02-16 13:00:00,NSE:MSTCLTD,281.45,282.4,279.25,280.7,87363.0
2021-02-16 14:00:00,NSE:MSTCLTD,280.7,281.45,272.55,280.45,321049.0
2021-02-16 15:00:00,NSE:MSTCLTD,280.55,280.95,277.0,278.3,169584.0
2021-02-17 09:00:00,NSE:MSTCLTD,280.3,282.2,273.0,275.85,291283.0
2021-02-17 10:00:00,NSE:MSTCLTD,275.65,281.8,274.2,278.85,213968.0
2021-02-17 11:00:00,NSE:MSTCLTD,279.15,286.2,276.75,281.6,240815.0
2021-02-17 12:00:00,NSE:MSTCLTD,281.6,281.6,275.75,276.6,131157.0
2021-02-17 13:00:00,NSE:MSTCLTD,276.2,277.75,275.5,277.2,46806.0
2021-02-17 14:00:00,NSE:MSTCLTD,276.85,278.0,273.6,275.25,102245.0
2021-02-17 15:00:00,NSE:MSTCLTD,275.25,277.0,273.3,275.0,146307.0
2021-02-18 09:00:00,NSE:MSTCLTD,277.0,285.6,275.4,282.85,297220.0
2021-02-18 10:00:00,NSE:MSTCLTD,282.8,284.65,281.05,282.55,138790.0
2021-02-18 11:00:00,NSE:MSTCLTD,282.6,282.8,278.6,281.0,85595.0
2021-02-18 12:00:00,NSE:MSTCLTD,281.0,281.8,278.75,280.55,33330.0
2021-02-18 13:00:00,NSE:MSTCLTD,281.0,281.0,279.0,279.65,20668.0
2021-02-18 14:00:00,NSE:MSTCLTD,279.4,295.95,279.4,284.5,488570.0
2021-02-18 15:00:00,NSE:MSTCLTD,284.75,286.9,283.05,284.7,146887.0
2021-02-19 09:00:00,NSE:MSTCLTD,284.5,293.8,282.75,289.9,247898.0
2021-02-19 10:00:00,NSE:MSTCLTD,290.0,294.5,287.15,289.45,138447.0
2021-02-19 11:00:00,NSE:MSTCLTD,289.15,292.3,288.2,290.5,37985.0
2021-02-19 12:00:00,NSE:MSTCLTD,290.6,291.85,288.4,288.4,29352.0
2021-02-19 13:00:00,NSE:MSTCLTD,288.3,288.45,282.3,282.55,94305.0
2021-02-19 14:00:00,NSE:MSTCLTD,282.95,282.95,276.25,279.65,123219.0
2021-02-19 15:00:00,NSE:MSTCLTD,279.6,283.0,279.0,281.2,95585.0
2021-02-22 09:00:00,NSE:MSTCLTD,282.5,287.5,279.05,279.45,159494.0
2021-02-22 10:00:00,NSE:MSTCLTD,279.75,279.85,276.4,276.55,104905.0
2021-02-22 11:00:00,NSE:MSTCLTD,276.55,276.95,272.5,273.0,89279.0
2021-02-22 12:00:00,NSE:MSTCLTD,272.6,273.05,268.15,270.0,162778.0
2021-02-22 13:00:00,NSE:MSTCLTD,269.95,270.0,265.55,266.6,108123.0
2021-02-22 14:00:00,NSE:MSTCLTD,267.55,270.0,266.3,268.25,76431.0
2021-02-22 15:00:00,NSE:MSTCLTD,268.4,268.9,266.4,266.55,111439.0
2021-02-23 09:00:00,NSE:MSTCLTD,271.0,274.4,265.4,268.0,116851.0
2021-02-23 10:00:00,NSE:MSTCLTD,268.45,276.4,268.0,272.3,102159.0
2021-02-23 11:00:00,NSE:MSTCLTD,272.0,273.8,269.65,271.7,33818.0
2021-02-23 12:00:00,NSE:MSTCLTD,271.5,271.9,269.7,270.05,23969.0
2021-02-23 13:00:00,NSE:MSTCLTD,270.6,276.9,270.2,273.05,106255.0
2021-02-23 14:00:00,NSE:MSTCLTD,272.55,273.5,270.05,270.8,41696.0
2021-02-23 15:00:00,NSE:MSTCLTD,271.0,271.9,269.15,270.6,73496.0
2021-02-24 09:00:00,NSE:MSTCLTD,272.5,276.5,271.2,275.6,122974.0
2021-02-24 10:00:00,NSE:MSTCLTD,275.5,292.0,275.5,286.35,565771.0
2021-02-24 11:00:00,NSE:MSTCLTD,286.5,287.6,283.6,284.6,74061.0
2021-02-24 15:00:00,NSE:MSTCLTD,284.65,287.0,284.5,285.8,26842.0
2021-02-24 16:00:00,NSE:MSTCLTD,285.8,287.0,284.1,286.0,89135.0
2021-02-25 09:00:00,NSE:MSTCLTD,289.0,291.0,284.4,286.7,129341.0
2021-02-25 10:00:00,NSE:MSTCLTD,286.4,289.9,284.65,288.1,76257.0
2021-02-25 11:00:00,NSE:MSTCLTD,288.35,289.0,286.05,286.6,34072.0
2021-02-25 12:00:00,NSE:MSTCLTD,286.55,287.8,286.2,286.6,17729.0
2021-02-25 13:00:00,NSE:MSTCLTD,286.5,287.75,285.65,287.4,29296.0
2021-02-25 14:00:00,NSE:MSTCLTD,287.3,287.85,286.0,286.25,30814.0
2021-02-25 15:00:00,NSE:MSTCLTD,286.25,287.55,285.3,286.8,72306.0
2021-02-26 09:00:00,NSE:MSTCLTD,280.0,284.0,277.0,282.05,95876.0
2021-02-26 10:00:00,NSE:MSTCLTD,282.0,283.45,278.1,278.9,70920.0
2021-02-26 11:00:00,NSE:MSTCLTD,278.5,279.45,274.6,277.8,80194.0
2021-02-26 12:00:00,NSE:MSTCLTD,278.0,278.5,276.0,278.4,42395.0
2021-02-26 13:00:00,NSE:MSTCLTD,278.4,280.4,276.8,279.0,47892.0
2021-02-26 14:00:00,NSE:MSTCLTD,278.9,279.35,275.5,277.0,47242.0
2021-02-26 15:00:00,NSE:MSTCLTD,277.0,277.1,271.15,274.35,110197.0
2021-03-01 09:00:00,NSE:MSTCLTD,278.0,282.45,276.3,277.55,115827.0
2021-03-01 10:00:00,NSE:MSTCLTD,277.65,278.75,277.0,277.95,38886.0
2021-03-01 11:00:00,NSE:MSTCLTD,278.05,290.95,278.05,285.6,360532.0
2021-03-01 12:00:00,NSE:MSTCLTD,285.4,288.0,282.55,283.0,81870.0
2021-03-01 13:00:00,NSE:MSTCLTD,283.3,284.5,281.95,283.3,50637.0
2021-03-01 14:00:00,NSE:MSTCLTD,283.6,308.0,281.9,307.45,673477.0
2021-03-01 15:00:00,NSE:MSTCLTD,307.45,315.0,306.25,310.5,1299790.0
2021-03-02 09:00:00,NSE:MSTCLTD,314.9,319.95,306.25,308.6,609903.0
2021-03-02 10:00:00,NSE:MSTCLTD,309.05,309.9,305.55,307.0,131187.0
2021-03-02 11:00:00,NSE:MSTCLTD,307.0,307.95,302.1,307.85,106793.0
2021-03-02 12:00:00,NSE:MSTCLTD,307.95,315.0,307.05,311.85,198934.0
2021-03-02 13:00:00,NSE:MSTCLTD,312.2,318.0,311.0,314.5,225799.0
2021-03-02 14:00:00,NSE:MSTCLTD,314.45,314.45,309.0,309.3,127485.0
2021-03-02 15:00:00,NSE:MSTCLTD,309.4,311.4,309.0,310.45,133714.0
2021-03-03 09:00:00,NSE:MSTCLTD,312.7,313.5,305.0,306.45,164935.0
2021-03-03 10:00:00,NSE:MSTCLTD,306.5,327.1,305.5,322.25,619046.0
2021-03-03 11:00:00,NSE:MSTCLTD,322.15,322.75,317.5,318.1,100177.0
2021-03-03 12:00:00,NSE:MSTCLTD,318.4,319.65,317.2,319.3,56187.0
2021-03-03 13:00:00,NSE:MSTCLTD,319.7,320.0,316.2,316.55,47219.0
2021-03-03 14:00:00,NSE:MSTCLTD,316.55,316.95,313.45,315.6,78429.0
2021-03-03 15:00:00,NSE:MSTCLTD,315.85,316.75,313.0,314.75,157076.0
2021-03-04 09:00:00,NSE:MSTCLTD,312.1,319.35,308.85,314.5,222167.0
2021-03-04 10:00:00,NSE:MSTCLTD,314.65,325.5,314.05,322.8,409459.0
2021-03-04 11:00:00,NSE:MSTCLTD,322.6,324.0,320.95,321.25,60975.0
2021-03-04 12:00:00,NSE:MSTCLTD,321.0,322.5,320.0,320.75,60159.0
2021-03-04 13:00:00,NSE:MSTCLTD,320.75,322.45,318.1,318.95,61359.0
2021-03-04 14:00:00,NSE:MSTCLTD,318.5,320.9,317.55,319.95,66883.0
2021-03-04 15:00:00,NSE:MSTCLTD,320.0,321.05,316.6,318.6,141412.0
2021-03-05 09:00:00,NSE:MSTCLTD,317.5,323.0,315.35,320.0,184154.0
2021-03-05 10:00:00,NSE:MSTCLTD,320.05,329.9,318.4,320.2,466504.0
2021-03-05 11:00:00,NSE:MSTCLTD,321.0,323.8,318.8,321.9,129467.0
2021-03-05 12:00:00,NSE:MSTCLTD,321.95,322.9,320.15,320.25,56974.0
2021-03-05 13:00:00,NSE:MSTCLTD,320.15,323.1,318.0,319.55,92794.0
2021-03-05 14:00:00,NSE:MSTCLTD,319.3,319.3,311.75,314.4,163859.0
2021-03-05 15:00:00,NSE:MSTCLTD,314.0,322.15,313.4,320.2,193860.0
2021-03-08 09:00:00,NSE:MSTCLTD,323.0,332.3,321.5,330.2,374383.0
2021-03-08 10:00:00,NSE:MSTCLTD,330.4,336.0,326.05,327.1,401246.0
2021-03-08 11:00:00,NSE:MSTCLTD,327.1,330.95,327.0,329.75,109426.0
2021-03-08 12:00:00,NSE:MSTCLTD,329.3,343.8,329.0,338.65,720800.0
2021-03-08 13:00:00,NSE:MSTCLTD,338.85,348.95,338.1,343.35,648269.0
2021-03-08 14:00:00,NSE:MSTCLTD,343.45,357.9,340.45,346.5,953870.0
2021-03-08 15:00:00,NSE:MSTCLTD,346.15,346.15,341.05,342.2,332078.0
2021-03-09 09:00:00,NSE:MSTCLTD,345.1,348.7,333.35,334.75,332177.0
2021-03-09 10:00:00,NSE:MSTCLTD,334.5,336.85,330.1,335.8,212579.0
2021-03-09 11:00:00,NSE:MSTCLTD,335.8,337.35,333.5,335.65,56754.0
2021-03-09 12:00:00,NSE:MSTCLTD,335.65,335.65,328.55,329.0,128095.0
2021-03-09 13:00:00,NSE:MSTCLTD,328.8,328.9,323.0,327.15,125450.0
2021-03-09 14:00:00,NSE:MSTCLTD,327.25,329.0,324.35,327.0,120353.0
2021-03-09 15:00:00,NSE:MSTCLTD,327.15,329.5,327.1,328.0,124760.0
2021-03-10 09:00:00,NSE:MSTCLTD,328.1,336.9,327.8,333.15,264644.0
2021-03-10 10:00:00,NSE:MSTCLTD,333.2,334.8,330.55,330.55,55514.0
2021-03-10 11:00:00,NSE:MSTCLTD,330.75,332.85,329.9,330.8,42156.0
2021-03-10 12:00:00,NSE:MSTCLTD,332.3,333.0,326.75,329.35,65830.0
2021-03-10 13:00:00,NSE:MSTCLTD,329.05,330.5,328.8,329.8,21157.0
2021-03-10 14:00:00,NSE:MSTCLTD,329.6,330.25,326.2,328.6,55544.0
2021-03-10 15:00:00,NSE:MSTCLTD,328.55,329.3,326.0,328.05,111075.0
2021-03-12 09:00:00,NSE:MSTCLTD,330.0,331.85,325.45,326.1,97944.0
2021-03-12 10:00:00,NSE:MSTCLTD,325.6,326.85,319.2,326.7,138137.0
2021-03-12 11:00:00,NSE:MSTCLTD,327.0,335.1,326.55,329.55,189271.0
2021-03-12 12:00:00,NSE:MSTCLTD,329.15,329.65,323.15,325.0,61377.0
2021-03-12 13:00:00,NSE:MSTCLTD,324.85,326.9,320.05,321.65,85413.0
2021-03-12 14:00:00,NSE:MSTCLTD,321.65,321.7,310.85,317.2,191657.0
2021-03-12 15:00:00,NSE:MSTCLTD,317.2,319.6,317.0,317.5,80250.0
2021-03-15 09:00:00,NSE:MSTCLTD,325.0,327.4,318.0,322.0,271418.0
2021-03-15 10:00:00,NSE:MSTCLTD,322.45,322.95,317.05,317.9,103238.0
2021-03-15 11:00:00,NSE:MSTCLTD,318.05,318.1,314.15,317.0,61078.0
2021-03-15 12:00:00,NSE:MSTCLTD,317.0,318.25,312.8,315.85,44693.0
2021-03-15 13:00:00,NSE:MSTCLTD,315.9,321.3,313.65,320.0,59346.0
2021-03-15 14:00:00,NSE:MSTCLTD,319.9,320.5,317.05,319.5,44960.0
2021-03-15 15:00:00,NSE:MSTCLTD,319.4,319.75,318.4,319.2,91247.0
2021-03-16 09:00:00,NSE:MSTCLTD,320.45,327.3,320.45,323.55,160459.0
2021-03-16 10:00:00,NSE:MSTCLTD,323.3,323.65,320.95,322.4,51509.0
2021-03-16 11:00:00,NSE:MSTCLTD,322.4,322.4,319.0,321.25,36650.0
2021-03-16 12:00:00,NSE:MSTCLTD,321.0,322.0,319.95,320.6,18862.0
2021-03-16 13:00:00,NSE:MSTCLTD,320.1,321.0,318.1,319.05,30893.0
2021-03-16 14:00:00,NSE:MSTCLTD,319.05,320.25,317.5,317.5,89173.0
2021-03-16 15:00:00,NSE:MSTCLTD,318.0,319.0,317.05,317.95,73797.0
2021-03-17 09:00:00,NSE:MSTCLTD,318.0,319.7,312.2,319.05,123472.0
2021-03-17 10:00:00,NSE:MSTCLTD,319.55,338.0,319.0,325.0,1131605.0
2021-03-17 11:00:00,NSE:MSTCLTD,325.5,334.6,324.8,327.75,301892.0
2021-03-17 12:00:00,NSE:MSTCLTD,327.75,327.75,322.05,324.45,82263.0
2021-03-17 13:00:00,NSE:MSTCLTD,324.7,325.0,321.5,322.0,42269.0
2021-03-17 14:00:00,NSE:MSTCLTD,322.15,323.75,319.05,322.2,131722.0
2021-03-17 15:00:00,NSE:MSTCLTD,323.0,323.7,316.55,317.9,149740.0
2021-03-18 09:00:00,NSE:MSTCLTD,330.65,344.4,327.1,338.15,1641244.0
2021-03-18 10:00:00,NSE:MSTCLTD,338.55,339.45,334.1,336.85,222627.0
2021-03-18 11:00:00,NSE:MSTCLTD,336.3,344.95,336.1,341.2,393520.0
2021-03-18 12:00:00,NSE:MSTCLTD,341.05,342.2,328.55,331.15,601493.0
2021-03-18 13:00:00,NSE:MSTCLTD,331.0,332.0,326.05,327.55,293336.0
2021-03-18 14:00:00,NSE:MSTCLTD,327.55,331.0,318.0,321.75,424551.0
2021-03-18 15:00:00,NSE:MSTCLTD,321.75,331.6,321.5,327.25,421518.0
2021-03-19 09:00:00,NSE:MSTCLTD,324.1,324.1,295.0,306.9,799989.0
2021-03-19 10:00:00,NSE:MSTCLTD,307.0,309.4,302.2,309.4,205985.0
2021-03-19 11:00:00,NSE:MSTCLTD,309.0,310.5,303.0,305.7,145978.0
2021-03-19 12:00:00,NSE:MSTCLTD,305.5,306.35,302.8,304.35,65411.0
2021-03-19 13:00:00,NSE:MSTCLTD,304.0,306.5,303.55,306.35,65999.0
2021-03-19 14:00:00,NSE:MSTCLTD,306.35,309.2,305.9,306.8,148997.0
2021-03-19 15:00:00,NSE:MSTCLTD,306.95,308.45,303.0,304.8,198427.0
2021-03-22 09:00:00,NSE:MSTCLTD,304.0,314.4,301.0,308.25,250195.0
2021-03-22 10:00:00,NSE:MSTCLTD,308.15,309.75,303.75,305.35,138065.0
2021-03-22 11:00:00,NSE:MSTCLTD,305.35,309.6,304.15,307.8,55957.0
2021-03-22 12:00:00,NSE:MSTCLTD,307.65,307.65,305.05,307.0,31552.0
2021-03-22 13:00:00,NSE:MSTCLTD,306.25,309.4,305.55,309.1,55385.0
2021-03-22 14:00:00,NSE:MSTCLTD,309.4,315.0,308.15,312.75,211645.0
2021-03-22 15:00:00,NSE:MSTCLTD,312.75,315.0,311.2,313.15,190531.0
2021-03-23 09:00:00,NSE:MSTCLTD,325.0,341.0,324.0,333.3,1384278.0
2021-03-23 10:00:00,NSE:MSTCLTD,333.0,333.35,327.55,329.2,225263.0
2021-03-23 11:00:00,NSE:MSTCLTD,329.6,329.7,325.5,327.2,119894.0
2021-03-23 12:00:00,NSE:MSTCLTD,327.55,329.5,326.35,328.6,62531.0
2021-03-23 13:00:00,NSE:MSTCLTD,328.6,331.75,326.6,331.4,63996.0
2021-03-23 14:00:00,NSE:MSTCLTD,331.0,331.7,326.2,327.0,126877.0
2021-03-23 15:00:00,NSE:MSTCLTD,326.8,328.65,325.25,327.0,231838.0
2021-03-24 09:00:00,NSE:MSTCLTD,325.75,325.75,317.65,317.75,197258.0
2021-03-24 10:00:00,NSE:MSTCLTD,318.05,319.4,314.5,315.15,104757.0
2021-03-24 11:00:00,NSE:MSTCLTD,315.2,317.95,314.25,317.85,54918.0
2021-03-24 12:00:00,NSE:MSTCLTD,317.6,318.55,315.5,315.5,24267.0
2021-03-24 13:00:00,NSE:MSTCLTD,315.75,317.55,314.2,315.35,37633.0
2021-03-24 14:00:00,NSE:MSTCLTD,316.0,317.5,315.0,315.35,62558.0
2021-03-24 15:00:00,NSE:MSTCLTD,315.35,317.0,313.3,315.6,104639.0
2021-03-25 09:00:00,NSE:MSTCLTD,316.8,317.3,303.0,306.6,137418.0
2021-03-25 10:00:00,NSE:MSTCLTD,306.6,308.75,303.3,304.0,104651.0
2021-03-25 11:00:00,NSE:MSTCLTD,303.95,304.2,295.2,296.65,147031.0
2021-03-25 12:00:00,NSE:MSTCLTD,295.15,298.7,291.35,298.0,179255.0
2021-03-25 13:00:00,NSE:MSTCLTD,298.0,302.4,295.1,300.3,90701.0
2021-03-25 14:00:00,NSE:MSTCLTD,300.9,304.5,299.05,301.75,78376.0
2021-03-25 15:00:00,NSE:MSTCLTD,301.6,301.65,296.1,298.25,105366.0
2021-03-26 09:00:00,NSE:MSTCLTD,302.05,307.6,301.2,301.8,184997.0
2021-03-26 10:00:00,NSE:MSTCLTD,302.05,304.75,300.0,300.65,64603.0
2021-03-26 11:00:00,NSE:MSTCLTD,300.85,304.55,300.85,303.1,52162.0
2021-03-26 12:00:00,NSE:MSTCLTD,303.1,303.5,301.45,303.2,25995.0
2021-03-26 13:00:00,NSE:MSTCLTD,303.45,303.45,301.45,302.4,44204.0
2021-03-26 14:00:00,NSE:MSTCLTD,302.4,302.8,295.5,298.1,57717.0
2021-03-26 15:00:00,NSE:MSTCLTD,298.0,301.5,296.4,298.9,105168.0
2021-03-30 09:00:00,NSE:MSTCLTD,301.5,304.0,300.0,301.15,75346.0
2021-03-30 10:00:00,NSE:MSTCLTD,301.15,301.4,296.0,297.95,80182.0
2021-03-30 11:00:00,NSE:MSTCLTD,297.95,298.05,296.0,297.7,45503.0
2021-03-30 12:00:00,NSE:MSTCLTD,297.4,300.55,296.3,297.6,69570.0
2021-03-30 13:00:00,NSE:MSTCLTD,297.6,298.8,296.7,297.35,11912.0
2021-03-30 14:00:00,NSE:MSTCLTD,297.35,297.65,295.0,295.85,40455.0
2021-03-30 15:00:00,NSE:MSTCLTD,296.0,296.2,294.0,295.25,61422.0
2021-03-31 09:00:00,NSE:MSTCLTD,296.0,307.0,295.75,304.2,171765.0
2021-03-31 10:00:00,NSE:MSTCLTD,303.6,303.85,297.55,300.0,68113.0
2021-03-31 11:00:00,NSE:MSTCLTD,299.45,300.95,297.05,297.9,29831.0
2021-03-31 12:00:00,NSE:MSTCLTD,298.0,300.8,297.4,299.05,13175.0
2021-03-31 13:00:00,NSE:MSTCLTD,299.2,299.2,295.05,297.05,36612.0
2021-03-31 14:00:00,NSE:MSTCLTD,296.75,299.7,296.4,298.95,42694.0
2021-03-31 15:00:00,NSE:MSTCLTD,298.8,300.0,297.0,298.45,66827.0
2021-04-01 09:00:00,NSE:MSTCLTD,300.6,316.0,300.05,309.45,375127.0
2021-04-01 10:00:00,NSE:MSTCLTD,309.0,309.0,301.5,303.0,251615.0
2021-04-01 11:00:00,NSE:MSTCLTD,303.3,306.0,303.1,304.55,48931.0
2021-04-01 12:00:00,NSE:MSTCLTD,304.15,305.45,303.5,304.6,39876.0
2021-04-01 13:00:00,NSE:MSTCLTD,304.6,305.0,303.0,305.0,28789.0
2021-04-01 14:00:00,NSE:MSTCLTD,305.1,305.6,303.0,304.4,48029.0
2021-04-01 15:00:00,NSE:MSTCLTD,304.45,306.7,304.0,305.0,105673.0
2021-04-05 09:00:00,NSE:MSTCLTD,303.0,303.5,297.1,297.1,140223.0
2021-04-05 10:00:00,NSE:MSTCLTD,296.65,297.75,293.0,295.45,90428.0
2021-04-05 11:00:00,NSE:MSTCLTD,295.75,298.1,293.0,296.4,110308.0
2021-04-05 12:00:00,NSE:MSTCLTD,296.0,298.3,295.2,297.15,18252.0
2021-04-05 13:00:00,NSE:MSTCLTD,297.05,299.5,296.3,297.8,24793.0
2021-04-05 14:00:00,NSE:MSTCLTD,297.5,298.0,296.0,296.35,21050.0
2021-04-05 15:00:00,NSE:MSTCLTD,296.35,298.45,295.95,297.3,43342.0
2021-04-06 09:00:00,NSE:MSTCLTD,299.55,300.3,292.7,297.5,101031.0
2021-04-06 10:00:00,NSE:MSTCLTD,297.95,303.0,295.5,298.35,118942.0
2021-04-06 11:00:00,NSE:MSTCLTD,298.75,299.5,296.2,296.7,26713.0
2021-04-06 12:00:00,NSE:MSTCLTD,297.1,297.7,292.5,294.0,81781.0
2021-04-06 13:00:00,NSE:MSTCLTD,294.0,294.0,290.1,291.65,66228.0
2021-04-06 14:00:00,NSE:MSTCLTD,291.6,293.5,290.8,292.7,34014.0
2021-04-06 15:00:00,NSE:MSTCLTD,292.45,293.5,290.0,291.75,59938.0
2021-04-07 09:00:00,NSE:MSTCLTD,291.75,293.75,288.0,289.8,100062.0
2021-04-07 10:00:00,NSE:MSTCLTD,290.4,291.5,286.3,287.9,128493.0
2021-04-07 11:00:00,NSE:MSTCLTD,287.9,289.5,285.1,286.05,137896.0
2021-04-07 12:00:00,NSE:MSTCLTD,285.95,286.85,285.6,286.4,49933.0
2021-04-07 13:00:00,NSE:MSTCLTD,286.4,287.45,285.45,287.05,40701.0
2021-04-07 14:00:00,NSE:MSTCLTD,287.2,288.1,285.0,286.55,58732.0
2021-04-07 15:00:00,NSE:MSTCLTD,286.55,287.6,285.1,286.25,62587.0
2021-04-08 09:00:00,NSE:MSTCLTD,287.5,294.0,287.0,292.5,117402.0
2021-04-08 10:00:00,NSE:MSTCLTD,292.2,298.3,291.65,295.6,175119.0
2021-04-08 11:00:00,NSE:MSTCLTD,295.6,295.65,292.6,293.4,46657.0
2021-04-08 12:00:00,NSE:MSTCLTD,293.4,294.85,292.0,294.45,30140.0
2021-04-08 13:00:00,NSE:MSTCLTD,293.95,294.6,293.1,293.1,31985.0
2021-04-08 14:00:00,NSE:MSTCLTD,293.4,293.5,290.4,290.95,55748.0
2021-04-08 15:00:00,NSE:MSTCLTD,291.0,294.8,290.1,293.05,84601.0
2021-04-09 09:00:00,NSE:MSTCLTD,293.7,293.9,288.5,291.0,80053.0
2021-04-09 10:00:00,NSE:MSTCLTD,291.75,293.85,289.75,290.65,50209.0
2021-04-09 11:00:00,NSE:MSTCLTD,290.0,292.75,289.0,292.2,74628.0
2021-04-09 12:00:00,NSE:MSTCLTD,292.1,295.0,291.2,292.95,57739.0
2021-04-09 13:00:00,NSE:MSTCLTD,293.0,293.0,289.5,290.0,33007.0
2021-04-09 14:00:00,NSE:MSTCLTD,290.0,290.7,289.3,289.5,31778.0
2021-04-09 15:00:00,NSE:MSTCLTD,289.8,290.2,288.75,289.9,45921.0
2021-04-12 09:00:00,NSE:MSTCLTD,285.0,285.45,272.25,277.65,137750.0
2021-04-12 10:00:00,NSE:MSTCLTD,277.95,279.4,273.3,277.55,85844.0
2021-04-12 11:00:00,NSE:MSTCLTD,277.5,277.8,269.2,269.7,63477.0
2021-04-12 12:00:00,NSE:MSTCLTD,268.9,270.1,264.1,269.15,66345.0
2021-04-12 13:00:00,NSE:MSTCLTD,268.85,270.1,265.7,267.7,34252.0
2021-04-12 14:00:00,NSE:MSTCLTD,268.1,269.45,264.5,264.7,32196.0
2021-04-12 15:00:00,NSE:MSTCLTD,264.95,269.45,264.95,267.1,50983.0
2021-04-13 09:00:00,NSE:MSTCLTD,269.9,273.4,261.35,271.55,110648.0
2021-04-13 10:00:00,NSE:MSTCLTD,272.25,274.15,267.4,267.6,36551.0
2021-04-13 11:00:00,NSE:MSTCLTD,267.6,268.9,264.45,267.3,29790.0
2021-04-13 12:00:00,NSE:MSTCLTD,267.0,270.05,266.45,268.45,19798.0
2021-04-13 13:00:00,NSE:MSTCLTD,268.75,270.5,266.8,270.15,22688.0
2021-04-13 14:00:00,NSE:MSTCLTD,270.2,272.0,269.15,271.2,27907.0
2021-04-13 15:00:00,NSE:MSTCLTD,271.0,271.85,269.5,270.95,32239.0
2021-04-15 09:00:00,NSE:MSTCLTD,269.0,269.35,262.65,265.95,87756.0
2021-04-15 10:00:00,NSE:MSTCLTD,265.4,266.35,260.55,263.3,80175.0
2021-04-15 11:00:00,NSE:MSTCLTD,263.55,263.55,260.8,263.1,22642.0
2021-04-15 12:00:00,NSE:MSTCLTD,263.0,263.85,262.2,263.7,10623.0
2021-04-15 13:00:00,NSE:MSTCLTD,263.45,265.35,263.25,264.4,17229.0
2021-04-15 14:00:00,NSE:MSTCLTD,264.4,267.85,264.15,265.7,62623.0
2021-04-15 15:00:00,NSE:MSTCLTD,265.7,267.0,264.1,265.85,32534.0
2021-04-16 09:00:00,NSE:MSTCLTD,267.75,274.45,266.05,272.85,106635.0
2021-04-16 10:00:00,NSE:MSTCLTD,272.6,274.25,271.5,272.75,43405.0
2021-04-16 11:00:00,NSE:MSTCLTD,272.85,273.1,268.7,268.7,35717.0
2021-04-16 12:00:00,NSE:MSTCLTD,268.65,269.2,267.4,268.5,25156.0
2021-04-16 13:00:00,NSE:MSTCLTD,268.3,269.7,267.65,269.2,18001.0
2021-04-16 14:00:00,NSE:MSTCLTD,268.8,270.7,268.8,270.25,23677.0
2021-04-16 15:00:00,NSE:MSTCLTD,270.0,270.25,267.0,268.5,36146.0
2021-04-19 09:00:00,NSE:MSTCLTD,259.0,259.0,250.6,253.5,123073.0
2021-04-19 10:00:00,NSE:MSTCLTD,253.85,254.75,251.9,254.5,70972.0
2021-04-19 11:00:00,NSE:MSTCLTD,254.5,254.5,250.6,251.1,34692.0
2021-04-19 12:00:00,NSE:MSTCLTD,251.45,251.45,249.5,250.5,40099.0
2021-04-19 13:00:00,NSE:MSTCLTD,250.9,253.85,250.35,252.6,30317.0
2021-04-19 14:00:00,NSE:MSTCLTD,252.7,254.1,252.0,252.5,20486.0
2021-04-19 15:00:00,NSE:MSTCLTD,251.8,252.55,250.85,251.55,37304.0
2021-04-20 09:00:00,NSE:MSTCLTD,255.95,260.0,255.5,256.85,90679.0
2021-04-20 10:00:00,NSE:MSTCLTD,256.4,258.95,255.15,257.8,39615.0
2021-04-20 11:00:00,NSE:MSTCLTD,257.85,257.85,256.0,256.75,15547.0
2021-04-20 12:00:00,NSE:MSTCLTD,256.55,257.1,254.4,255.0,23898.0
2021-04-20 13:00:00,NSE:MSTCLTD,255.45,256.6,254.55,256.15,9574.0
2021-04-20 14:00:00,NSE:MSTCLTD,255.95,256.65,251.3,251.95,26051.0
2021-04-20 15:00:00,NSE:MSTCLTD,251.9,253.7,251.75,252.8,26907.0
2021-04-22 09:00:00,NSE:MSTCLTD,253.3,254.75,251.0,254.4,45964.0
2021-04-22 10:00:00,NSE:MSTCLTD,254.7,257.4,254.3,255.8,63889.0
2021-04-22 11:00:00,NSE:MSTCLTD,255.45,256.5,254.0,256.0,22984.0
2021-04-22 12:00:00,NSE:MSTCLTD,256.05,256.55,254.65,254.9,11099.0
2021-04-22 13:00:00,NSE:MSTCLTD,254.8,266.8,254.8,265.5,139805.0
2021-04-22 14:00:00,NSE:MSTCLTD,265.7,267.9,263.0,264.45,77313.0
2021-04-22 15:00:00,NSE:MSTCLTD,264.45,266.0,263.5,264.45,59752.0
2021-04-23 09:00:00,NSE:MSTCLTD,264.95,271.45,260.25,270.4,92763.0
2021-04-23 10:00:00,NSE:MSTCLTD,270.4,270.5,267.5,267.5,27936.0
2021-04-23 11:00:00,NSE:MSTCLTD,268.0,268.9,266.2,266.2,11054.0
2021-04-23 12:00:00,NSE:MSTCLTD,266.1,267.95,265.4,266.85,11586.0
2021-04-23 13:00:00,NSE:MSTCLTD,267.15,268.3,265.55,266.5,15976.0
2021-04-23 14:00:00,NSE:MSTCLTD,266.1,267.05,261.9,263.85,41294.0
2021-04-23 15:00:00,NSE:MSTCLTD,263.95,268.7,263.45,266.6,64823.0
2021-04-26 09:00:00,NSE:MSTCLTD,269.8,269.85,265.4,266.1,41181.0
2021-04-26 10:00:00,NSE:MSTCLTD,266.4,266.7,263.75,264.65,23826.0
2021-04-26 11:00:00,NSE:MSTCLTD,264.65,266.45,264.15,264.3,14230.0
2021-04-26 12:00:00,NSE:MSTCLTD,264.7,265.0,262.5,263.0,13125.0
2021-04-26 13:00:00,NSE:MSTCLTD,263.0,264.75,262.6,263.0,13728.0
2021-04-26 14:00:00,NSE:MSTCLTD,263.6,263.75,262.55,263.3,9296.0
2021-04-26 15:00:00,NSE:MSTCLTD,262.95,265.0,262.0,263.25,24519.0
2021-04-27 09:00:00,NSE:MSTCLTD,264.9,268.0,263.1,267.65,39625.0
2021-04-27 10:00:00,NSE:MSTCLTD,268.0,269.6,266.2,266.3,38910.0
2021-04-27 11:00:00,NSE:MSTCLTD,266.8,267.65,266.05,267.3,9575.0
2021-04-27 12:00:00,NSE:MSTCLTD,267.3,267.3,266.15,266.15,6900.0
2021-04-27 13:00:00,NSE:MSTCLTD,266.4,266.5,265.0,265.6,8032.0
2021-04-27 14:00:00,NSE:MSTCLTD,265.9,266.65,265.1,266.35,12261.0
2021-04-27 15:00:00,NSE:MSTCLTD,265.85,268.8,265.15,266.55,37934.0
2021-04-28 09:00:00,NSE:MSTCLTD,268.0,274.9,266.5,271.15,80020.0
2021-04-28 10:00:00,NSE:MSTCLTD,271.5,271.55,268.9,270.1,25883.0
2021-04-28 11:00:00,NSE:MSTCLTD,270.1,271.1,267.5,271.0,50366.0
2021-04-28 12:00:00,NSE:MSTCLTD,271.0,271.1,269.1,270.45,21413.0
2021-04-28 13:00:00,NSE:MSTCLTD,270.45,270.9,268.05,269.5,13095.0
2021-04-28 14:00:00,NSE:MSTCLTD,269.3,269.9,268.6,269.5,15088.0
2021-04-28 15:00:00,NSE:MSTCLTD,269.8,269.8,266.0,267.65,33009.0
2021-04-29 09:00:00,NSE:MSTCLTD,269.8,271.8,267.0,267.0,46816.0
2021-04-29 10:00:00,NSE:MSTCLTD,267.35,268.9,267.0,267.4,34395.0
2021-04-29 11:00:00,NSE:MSTCLTD,267.45,269.5,267.15,268.5,15003.0
2021-04-29 12:00:00,NSE:MSTCLTD,268.9,270.4,267.55,270.4,22454.0
2021-04-29 13:00:00,NSE:MSTCLTD,270.15,271.0,267.0,267.5,23402.0
2021-04-29 14:00:00,NSE:MSTCLTD,267.45,267.65,263.85,264.5,44189.0
2021-04-29 15:00:00,NSE:MSTCLTD,264.65,264.8,261.25,263.45,34947.0
2021-04-30 09:00:00,NSE:MSTCLTD,261.55,262.5,259.1,260.45,50546.0
2021-04-30 10:00:00,NSE:MSTCLTD,260.4,260.4,256.8,260.0,41302.0
2021-04-30 11:00:00,NSE:MSTCLTD,260.15,260.45,258.75,259.5,13284.0
2021-04-30 12:00:00,NSE:MSTCLTD,259.85,260.75,259.0,259.5,19290.0
2021-04-30 13:00:00,NSE:MSTCLTD,259.5,259.7,258.15,259.7,18213.0
2021-04-30 14:00:00,NSE:MSTCLTD,259.15,259.3,256.4,257.05,32816.0
2021-04-30 15:00:00,NSE:MSTCLTD,257.0,257.35,250.25,255.0,98860.0
2021-05-03 09:00:00,NSE:MSTCLTD,253.45,256.45,250.65,255.2,53782.0
2021-05-03 10:00:00,NSE:MSTCLTD,255.05,255.05,252.75,252.8,18933.0
2021-05-03 11:00:00,NSE:MSTCLTD,253.0,254.45,252.75,253.6,14247.0
2021-05-03 12:00:00,NSE:MSTCLTD,253.6,254.15,252.4,253.05,6741.0
2021-05-03 13:00:00,NSE:MSTCLTD,253.15,254.15,252.4,252.75,16644.0
2021-05-03 14:00:00,NSE:MSTCLTD,253.0,255.4,252.2,255.35,19527.0
2021-05-03 15:00:00,NSE:MSTCLTD,255.4,262.2,255.0,258.15,71015.0
2021-05-04 09:00:00,NSE:MSTCLTD,259.75,261.15,256.1,257.05,90709.0
2021-05-04 10:00:00,NSE:MSTCLTD,256.65,259.9,256.1,259.9,39367.0
2021-05-04 11:00:00,NSE:MSTCLTD,259.95,264.5,259.2,262.05,55476.0
2021-05-04 12:00:00,NSE:MSTCLTD,261.65,262.25,260.3,261.5,8809.0
2021-05-04 13:00:00,NSE:MSTCLTD,261.4,262.05,256.5,257.6,38737.0
2021-05-04 14:00:00,NSE:MSTCLTD,257.2,258.1,252.3,253.0,33571.0
2021-05-04 15:00:00,NSE:MSTCLTD,253.0,255.3,252.9,254.2,24076.0
2021-05-05 09:00:00,NSE:MSTCLTD,256.0,258.65,255.25,256.15,36312.0
2021-05-05 10:00:00,NSE:MSTCLTD,256.4,256.8,255.3,255.5,7534.0
2021-05-05 11:00:00,NSE:MSTCLTD,255.55,256.0,254.6,255.35,8857.0
2021-05-05 12:00:00,NSE:MSTCLTD,255.5,259.7,255.0,257.05,39072.0
2021-05-05 13:00:00,NSE:MSTCLTD,257.7,257.7,255.35,256.7,12288.0
2021-05-05 14:00:00,NSE:MSTCLTD,256.8,257.0,255.0,256.1,10911.0
2021-05-05 15:00:00,NSE:MSTCLTD,256.05,256.15,255.0,255.65,22272.0
2021-05-06 09:00:00,NSE:MSTCLTD,257.4,258.0,255.0,256.25,21688.0
2021-05-06 10:00:00,NSE:MSTCLTD,256.2,256.85,255.3,256.2,11052.0
2021-05-06 11:00:00,NSE:MSTCLTD,256.2,256.75,255.5,255.6,7043.0
2021-05-06 12:00:00,NSE:MSTCLTD,255.85,256.2,255.25,255.6,10333.0
2021-05-06 13:00:00,NSE:MSTCLTD,255.35,256.0,254.1,254.6,12580.0
2021-05-06 14:00:00,NSE:MSTCLTD,254.5,256.25,254.0,254.2,21115.0
2021-05-06 15:00:00,NSE:MSTCLTD,254.8,256.8,253.0,256.8,37812.0
2021-05-07 09:00:00,NSE:MSTCLTD,256.8,258.5,255.55,258.0,37637.0
2021-05-07 10:00:00,NSE:MSTCLTD,257.5,258.6,256.4,256.4,20419.0
2021-05-07 11:00:00,NSE:MSTCLTD,256.35,272.55,256.35,271.0,220311.0
2021-05-07 12:00:00,NSE:MSTCLTD,271.0,278.7,268.05,272.3,332147.0
2021-05-07 13:00:00,NSE:MSTCLTD,272.5,273.3,271.35,272.4,43440.0
2021-05-07 14:00:00,NSE:MSTCLTD,272.05,272.7,266.7,267.0,79949.0
2021-05-07 15:00:00,NSE:MSTCLTD,267.0,269.0,266.0,267.35,86227.0
2021-05-10 09:00:00,NSE:MSTCLTD,269.95,271.9,266.15,266.7,76737.0
2021-05-10 10:00:00,NSE:MSTCLTD,266.55,268.4,266.0,266.8,32833.0
2021-05-10 11:00:00,NSE:MSTCLTD,266.9,271.05,266.85,268.4,55617.0
2021-05-10 12:00:00,NSE:MSTCLTD,268.1,272.55,268.0,271.3,96911.0
2021-05-10 13:00:00,NSE:MSTCLTD,271.15,271.65,267.3,267.9,42698.0
2021-05-10 14:00:00,NSE:MSTCLTD,267.55,268.2,267.0,267.0,24990.0
2021-05-10 15:00:00,NSE:MSTCLTD,267.2,267.5,263.7,265.25,46731.0
2021-05-11 09:00:00,NSE:MSTCLTD,262.7,266.8,260.5,265.9,54339.0
2021-05-11 10:00:00,NSE:MSTCLTD,265.9,268.4,265.1,266.95,43658.0
2021-05-11 11:00:00,NSE:MSTCLTD,266.95,270.0,266.0,268.65,54619.0
2021-05-11 12:00:00,NSE:MSTCLTD,268.3,268.8,266.65,267.2,13225.0
2021-05-11 13:00:00,NSE:MSTCLTD,267.2,267.2,264.6,265.1,16211.0
2021-05-11 14:00:00,NSE:MSTCLTD,265.3,281.3,264.4,272.75,480016.0
2021-05-11 15:00:00,NSE:MSTCLTD,272.5,274.5,269.3,271.6,117040.0
2021-05-12 09:00:00,NSE:MSTCLTD,271.0,278.95,269.85,276.55,158367.0
2021-05-12 10:00:00,NSE:MSTCLTD,276.55,279.0,273.1,274.6,96631.0
2021-05-12 11:00:00,NSE:MSTCLTD,274.85,276.3,274.0,276.0,23249.0
2021-05-12 12:00:00,NSE:MSTCLTD,276.3,281.8,275.7,276.7,155997.0
2021-05-12 13:00:00,NSE:MSTCLTD,276.4,277.7,274.2,275.55,44970.0
2021-05-12 14:00:00,NSE:MSTCLTD,275.55,279.05,271.3,271.3,90599.0
2021-05-12 15:00:00,NSE:MSTCLTD,271.3,273.05,267.2,270.8,106160.0
2021-05-14 09:00:00,NSE:MSTCLTD,272.0,272.45,265.0,268.15,76075.0
2021-05-14 10:00:00,NSE:MSTCLTD,268.0,268.9,266.0,266.15,19207.0
2021-05-14 11:00:00,NSE:MSTCLTD,266.1,266.45,262.8,264.0,23941.0
2021-05-14 12:00:00,NSE:MSTCLTD,263.7,265.3,261.35,264.85,28435.0
2021-05-14 13:00:00,NSE:MSTCLTD,264.65,265.0,264.0,264.45,10237.0
2021-05-14 14:00:00,NSE:MSTCLTD,264.2,265.0,263.35,264.55,19248.0
2021-05-14 15:00:00,NSE:MSTCLTD,264.9,264.9,261.25,262.25,42328.0
2021-05-17 09:00:00,NSE:MSTCLTD,263.5,266.0,259.5,262.0,93047.0
2021-05-17 10:00:00,NSE:MSTCLTD,261.95,263.75,260.2,262.2,31289.0
2021-05-17 11:00:00,NSE:MSTCLTD,262.5,264.45,261.85,261.95,23024.0
2021-05-17 12:00:00,NSE:MSTCLTD,262.0,262.25,258.0,259.05,50417.0
2021-05-17 13:00:00,NSE:MSTCLTD,258.85,259.2,258.35,258.95,15565.0
2021-05-17 14:00:00,NSE:MSTCLTD,259.0,259.5,258.35,258.75,22959.0
2021-05-17 15:00:00,NSE:MSTCLTD,258.8,259.0,258.0,258.45,38752.0
2021-05-18 09:00:00,NSE:MSTCLTD,260.4,264.7,260.4,261.5,64854.0
2021-05-18 10:00:00,NSE:MSTCLTD,261.7,261.8,259.05,260.9,48609.0
2021-05-18 11:00:00,NSE:MSTCLTD,260.6,261.4,259.7,260.1,15821.0
2021-05-18 12:00:00,NSE:MSTCLTD,260.55,261.4,260.4,261.1,7524.0
2021-05-18 13:00:00,NSE:MSTCLTD,261.2,272.45,260.9,269.05,250507.0
2021-05-18 14:00:00,NSE:MSTCLTD,269.05,274.9,268.2,269.0,129562.0
2021-05-18 15:00:00,NSE:MSTCLTD,269.25,269.45,263.8,265.6,99192.0
2021-05-19 09:00:00,NSE:MSTCLTD,264.1,275.85,264.0,273.2,151420.0
2021-05-19 10:00:00,NSE:MSTCLTD,273.25,278.45,270.4,274.7,146728.0
2021-05-19 11:00:00,NSE:MSTCLTD,274.55,277.15,272.35,276.6,56531.0
2021-05-19 12:00:00,NSE:MSTCLTD,276.85,277.45,273.7,274.0,54063.0
2021-05-19 13:00:00,NSE:MSTCLTD,274.0,276.3,272.4,274.4,65549.0
2021-05-19 14:00:00,NSE:MSTCLTD,274.3,277.75,273.0,276.95,125446.0
2021-05-19 15:00:00,NSE:MSTCLTD,276.5,277.05,274.05,275.5,142152.0
2021-05-20 09:00:00,NSE:MSTCLTD,278.0,279.7,273.25,275.75,93932.0
2021-05-20 10:00:00,NSE:MSTCLTD,275.7,284.5,275.2,282.1,265398.0
2021-05-20 11:00:00,NSE:MSTCLTD,282.5,282.9,280.55,281.4,52752.0
2021-05-20 12:00:00,NSE:MSTCLTD,281.6,284.3,281.0,282.6,103806.0
2021-05-20 13:00:00,NSE:MSTCLTD,282.9,283.15,278.1,278.9,78271.0
2021-05-20 14:00:00,NSE:MSTCLTD,279.3,279.7,276.5,277.4,44549.0
2021-05-20 15:00:00,NSE:MSTCLTD,277.25,280.0,277.2,279.0,59229.0
2021-05-21 09:00:00,NSE:MSTCLTD,282.0,286.4,281.05,282.6,142428.0
2021-05-21 10:00:00,NSE:MSTCLTD,282.6,282.95,279.55,282.0,75456.0
2021-05-21 11:00:00,NSE:MSTCLTD,282.05,282.85,281.25,282.0,33960.0
2021-05-21 12:00:00,NSE:MSTCLTD,282.0,282.75,276.7,277.7,52895.0
2021-05-21 13:00:00,NSE:MSTCLTD,278.0,278.65,277.05,278.35,70349.0
2021-05-21 14:00:00,NSE:MSTCLTD,277.9,278.0,277.0,277.2,24842.0
2021-05-21 15:00:00,NSE:MSTCLTD,277.25,280.5,276.0,278.5,130578.0
2021-05-24 09:00:00,NSE:MSTCLTD,285.0,285.05,277.85,278.95,61032.0
2021-05-24 10:00:00,NSE:MSTCLTD,278.8,280.25,277.2,279.1,26940.0
2021-05-24 11:00:00,NSE:MSTCLTD,278.8,279.45,278.05,278.85,18111.0
2021-05-24 12:00:00,NSE:MSTCLTD,279.0,279.65,278.5,278.85,17564.0
2021-05-24 13:00:00,NSE:MSTCLTD,278.95,279.0,277.8,278.7,15274.0
2021-05-24 14:00:00,NSE:MSTCLTD,278.8,279.6,277.8,278.1,39678.0
2021-05-24 15:00:00,NSE:MSTCLTD,278.0,278.35,273.65,275.75,85058.0
2021-05-25 09:00:00,NSE:MSTCLTD,278.2,279.9,276.0,278.4,30043.0
2021-05-25 10:00:00,NSE:MSTCLTD,278.35,278.35,273.0,274.35,37020.0
2021-05-25 11:00:00,NSE:MSTCLTD,273.95,274.9,273.0,273.6,28285.0
2021-05-25 12:00:00,NSE:MSTCLTD,273.6,274.05,273.0,273.7,18196.0
2021-05-25 13:00:00,NSE:MSTCLTD,273.7,273.8,270.0,272.5,40326.0
2021-05-25 14:00:00,NSE:MSTCLTD,272.4,272.95,270.4,270.9,29479.0
2021-05-25 15:00:00,NSE:MSTCLTD,270.0,271.4,268.1,269.7,36782.0
2021-05-26 09:00:00,NSE:MSTCLTD,270.8,275.0,270.75,275.0,35337.0
2021-05-26 10:00:00,NSE:MSTCLTD,275.0,275.6,270.0,272.6,33626.0
2021-05-26 11:00:00,NSE:MSTCLTD,272.4,273.2,270.7,271.65,31447.0
2021-05-26 12:00:00,NSE:MSTCLTD,271.8,271.8,270.0,271.4,27269.0
2021-05-26 13:00:00,NSE:MSTCLTD,271.4,271.4,268.5,268.8,28435.0
2021-05-26 14:00:00,NSE:MSTCLTD,268.75,269.65,268.4,269.3,16766.0
2021-05-26 15:00:00,NSE:MSTCLTD,269.65,269.65,267.0,268.2,40103.0
2021-05-27 09:00:00,NSE:MSTCLTD,269.95,270.45,268.05,269.4,36102.0
2021-05-27 10:00:00,NSE:MSTCLTD,269.0,273.85,268.4,272.85,61762.0
2021-05-27 11:00:00,NSE:MSTCLTD,272.85,275.0,272.85,273.15,41405.0
2021-05-27 12:00:00,NSE:MSTCLTD,273.25,273.75,271.0,271.9,29649.0
2021-05-27 13:00:00,NSE:MSTCLTD,271.55,271.55,270.05,270.6,16947.0
2021-05-27 14:00:00,NSE:MSTCLTD,270.6,270.9,269.05,269.7,17048.0
2021-05-27 15:00:00,NSE:MSTCLTD,269.95,270.0,268.0,268.95,21113.0
2021-05-28 09:00:00,NSE:MSTCLTD,271.0,273.5,270.05,271.0,34474.0
2021-05-28 10:00:00,NSE:MSTCLTD,271.3,280.9,271.0,277.85,221366.0
2021-05-28 11:00:00,NSE:MSTCLTD,278.25,278.4,275.55,276.2,64009.0
2021-05-28 12:00:00,NSE:MSTCLTD,276.2,276.25,272.75,273.7,47025.0
2021-05-28 13:00:00,NSE:MSTCLTD,273.7,275.5,273.15,273.85,96692.0
2021-05-28 14:00:00,NSE:MSTCLTD,273.85,274.15,270.2,270.6,72212.0
2021-05-28 15:00:00,NSE:MSTCLTD,270.7,273.95,270.0,271.9,88412.0
2021-05-31 09:00:00,NSE:MSTCLTD,271.9,272.95,267.35,269.3,71942.0
2021-05-31 10:00:00,NSE:MSTCLTD,269.7,270.0,268.0,269.2,30660.0
2021-05-31 11:00:00,NSE:MSTCLTD,269.25,269.85,266.7,267.4,43856.0
2021-05-31 12:00:00,NSE:MSTCLTD,267.1,267.5,266.4,267.0,34030.0
2021-05-31 13:00:00,NSE:MSTCLTD,267.0,267.4,266.0,266.75,22001.0
2021-05-31 14:00:00,NSE:MSTCLTD,266.75,266.9,265.55,266.0,34382.0
2021-05-31 15:00:00,NSE:MSTCLTD,266.0,267.0,265.0,265.65,34868.0
2021-06-01 09:00:00,NSE:MSTCLTD,268.1,268.25,265.2,265.6,35821.0
2021-06-01 10:00:00,NSE:MSTCLTD,265.6,265.75,261.15,262.0,60518.0
2021-06-01 11:00:00,NSE:MSTCLTD,261.65,262.6,259.0,260.75,44704.0
2021-06-01 12:00:00,NSE:MSTCLTD,260.7,262.3,260.15,262.0,18972.0
2021-06-01 13:00:00,NSE:MSTCLTD,262.0,262.2,261.1,262.0,10283.0
2021-06-01 14:00:00,NSE:MSTCLTD,262.0,262.15,260.35,260.85,16744.0
2021-06-01 15:00:00,NSE:MSTCLTD,260.9,260.9,259.1,260.2,28560.0
2021-06-02 09:00:00,NSE:MSTCLTD,261.45,265.1,260.8,264.1,36194.0
2021-06-02 10:00:00,NSE:MSTCLTD,263.65,263.8,262.25,263.3,21895.0
2021-06-02 11:00:00,NSE:MSTCLTD,263.3,263.3,260.25,260.45,26846.0
2021-06-02 12:00:00,NSE:MSTCLTD,260.5,260.5,257.8,260.3,51794.0
2021-06-02 13:00:00,NSE:MSTCLTD,260.05,261.7,259.1,261.0,28680.0
2021-06-02 14:00:00,NSE:MSTCLTD,261.0,261.65,260.25,261.0,25610.0
2021-06-02 15:00:00,NSE:MSTCLTD,261.0,261.4,259.4,260.5,37567.0
2021-06-03 09:00:00,NSE:MSTCLTD,262.0,264.3,259.65,260.0,68385.0
2021-06-03 10:00:00,NSE:MSTCLTD,260.0,261.0,259.5,261.0,34867.0
2021-06-03 11:00:00,NSE:MSTCLTD,261.0,261.25,256.95,257.0,117639.0
2021-06-03 12:00:00,NSE:MSTCLTD,257.05,257.65,256.45,257.5,75929.0
2021-06-03 13:00:00,NSE:MSTCLTD,257.3,258.25,257.3,258.1,17388.0
2021-06-03 14:00:00,NSE:MSTCLTD,258.0,258.65,257.5,257.65,30999.0
2021-06-03 15:00:00,NSE:MSTCLTD,257.65,257.95,257.0,257.5,47241.0
2021-06-04 09:00:00,NSE:MSTCLTD,258.2,260.5,258.15,259.5,35756.0
2021-06-04 10:00:00,NSE:MSTCLTD,259.7,266.1,259.3,262.6,121311.0
2021-06-04 11:00:00,NSE:MSTCLTD,262.5,263.0,259.5,260.0,61717.0
2021-06-04 12:00:00,NSE:MSTCLTD,260.0,260.0,259.05,259.9,35714.0
2021-06-04 13:00:00,NSE:MSTCLTD,259.9,259.9,257.55,257.75,52411.0
2021-06-04 14:00:00,NSE:MSTCLTD,258.0,258.3,256.5,257.4,44944.0
2021-06-04 15:00:00,NSE:MSTCLTD,257.55,258.8,256.9,258.15,60228.0
2021-06-07 09:00:00,NSE:MSTCLTD,259.45,262.0,259.45,261.2,51738.0
2021-06-07 10:00:00,NSE:MSTCLTD,261.5,264.8,261.25,263.75,96662.0
2021-06-07 11:00:00,NSE:MSTCLTD,263.75,264.95,261.7,262.0,46222.0
2021-06-07 12:00:00,NSE:MSTCLTD,261.55,261.7,259.7,259.7,40855.0
2021-06-07 13:00:00,NSE:MSTCLTD,259.95,260.3,259.65,259.85,26259.0
2021-06-07 14:00:00,NSE:MSTCLTD,259.85,260.15,259.1,259.45,27337.0
2021-06-07 15:00:00,NSE:MSTCLTD,259.45,260.0,258.05,259.35,50509.0
2021-06-08 09:00:00,NSE:MSTCLTD,260.0,265.0,260.0,262.4,92049.0
2021-06-08 10:00:00,NSE:MSTCLTD,262.5,263.95,261.35,263.35,62736.0
2021-06-08 11:00:00,NSE:MSTCLTD,263.5,264.5,262.1,262.1,33869.0
2021-06-08 12:00:00,NSE:MSTCLTD,262.15,263.0,261.75,261.95,25767.0
2021-06-08 13:00:00,NSE:MSTCLTD,262.0,262.0,259.05,260.0,109004.0
2021-06-08 14:00:00,NSE:MSTCLTD,260.0,260.1,259.5,259.95,27467.0
2021-06-08 15:00:00,NSE:MSTCLTD,259.95,260.15,258.15,259.85,68661.0
2021-06-09 09:00:00,NSE:MSTCLTD,263.0,264.9,262.5,264.0,105380.0
2021-06-09 10:00:00,NSE:MSTCLTD,263.95,264.4,263.2,264.0,44694.0
2021-06-09 11:00:00,NSE:MSTCLTD,264.05,264.35,263.4,263.7,28857.0
2021-06-09 12:00:00,NSE:MSTCLTD,263.9,263.9,261.35,261.45,66403.0
2021-06-09 13:00:00,NSE:MSTCLTD,261.45,261.45,257.6,259.3,97687.0
2021-06-09 14:00:00,NSE:MSTCLTD,259.3,259.75,257.95,259.0,32942.0
2021-06-09 15:00:00,NSE:MSTCLTD,259.0,260.1,258.15,259.05,47133.0
2021-06-10 09:00:00,NSE:MSTCLTD,260.8,262.95,259.95,262.0,48462.0
2021-06-10 10:00:00,NSE:MSTCLTD,262.35,262.55,261.55,261.95,20629.0
2021-06-10 11:00:00,NSE:MSTCLTD,262.25,262.45,260.85,261.85,31880.0
2021-06-10 12:00:00,NSE:MSTCLTD,261.5,261.95,259.65,260.1,27740.0
2021-06-10 13:00:00,NSE:MSTCLTD,260.1,260.4,259.6,260.0,24743.0
2021-06-10 14:00:00,NSE:MSTCLTD,260.0,260.35,258.6,259.25,46392.0
2021-06-10 15:00:00,NSE:MSTCLTD,259.3,260.1,259.0,259.65,40986.0
2021-06-11 09:00:00,NSE:MSTCLTD,261.0,273.0,259.05,270.05,291467.0
2021-06-11 10:00:00,NSE:MSTCLTD,270.05,284.7,269.15,281.2,755177.0
2021-06-11 11:00:00,NSE:MSTCLTD,281.5,284.6,275.15,278.4,310797.0
2021-06-11 12:00:00,NSE:MSTCLTD,279.5,282.55,274.6,275.1,308768.0
2021-06-11 13:00:00,NSE:MSTCLTD,275.0,280.8,272.5,275.55,200563.0
2021-06-11 14:00:00,NSE:MSTCLTD,275.75,277.95,271.3,275.8,229925.0
2021-06-11 15:00:00,NSE:MSTCLTD,275.95,277.25,274.0,275.2,126071.0
2021-06-14 09:00:00,NSE:MSTCLTD,276.4,280.0,259.1,270.1,256580.0
2021-06-14 10:00:00,NSE:MSTCLTD,270.25,273.35,269.4,270.2,54607.0
2021-06-14 11:00:00,NSE:MSTCLTD,270.1,270.85,267.0,268.0,90730.0
2021-06-14 12:00:00,NSE:MSTCLTD,268.0,268.0,265.85,268.0,51125.0
2021-06-14 13:00:00,NSE:MSTCLTD,267.95,268.2,267.0,267.85,52398.0
2021-06-14 14:00:00,NSE:MSTCLTD,267.85,268.2,267.5,268.0,40687.0
2021-06-14 15:00:00,NSE:MSTCLTD,268.0,268.25,267.0,267.75,72789.0
2021-06-15 09:00:00,NSE:MSTCLTD,269.1,274.0,268.8,272.5,91474.0
2021-06-15 10:00:00,NSE:MSTCLTD,272.5,280.0,272.1,274.65,224494.0
2021-06-15 11:00:00,NSE:MSTCLTD,274.7,275.65,268.6,269.85,155880.0
2021-06-15 12:00:00,NSE:MSTCLTD,270.15,273.75,269.85,273.6,68824.0
2021-06-15 13:00:00,NSE:MSTCLTD,273.65,276.0,271.0,272.5,93338.0
2021-06-15 14:00:00,NSE:MSTCLTD,272.5,272.9,269.4,270.7,72260.0
2021-06-15 15:00:00,NSE:MSTCLTD,270.75,271.9,268.5,271.9,77141.0
2021-06-16 09:00:00,NSE:MSTCLTD,271.4,271.7,267.65,268.3,91546.0
2021-06-16 10:00:00,NSE:MSTCLTD,268.1,268.15,265.8,266.1,39182.0
2021-06-16 11:00:00,NSE:MSTCLTD,266.1,268.4,266.0,267.75,15713.0
2021-06-16 12:00:00,NSE:MSTCLTD,267.45,267.85,265.9,266.95,19587.0
2021-06-16 13:00:00,NSE:MSTCLTD,266.75,267.05,265.5,265.75,41726.0
2021-06-16 14:00:00,NSE:MSTCLTD,265.5,266.45,265.15,265.5,28736.0
2021-06-16 15:00:00,NSE:MSTCLTD,265.5,265.5,263.0,264.3,69554.0
2021-06-17 09:00:00,NSE:MSTCLTD,261.2,269.95,261.2,267.6,87005.0
2021-06-17 10:00:00,NSE:MSTCLTD,267.85,270.8,266.6,267.3,98535.0
2021-06-17 11:00:00,NSE:MSTCLTD,267.25,267.85,265.65,266.3,19678.0
2021-06-17 12:00:00,NSE:MSTCLTD,266.5,266.9,265.0,266.0,24114.0
2021-06-17 13:00:00,NSE:MSTCLTD,265.7,265.9,262.0,263.4,53221.0
2021-06-17 14:00:00,NSE:MSTCLTD,263.25,263.25,260.9,261.9,52798.0
2021-06-17 15:00:00,NSE:MSTCLTD,261.8,263.4,261.6,262.25,44139.0
2021-06-18 09:00:00,NSE:MSTCLTD,263.4,264.45,257.5,258.95,69078.0
2021-06-18 10:00:00,NSE:MSTCLTD,258.2,259.7,247.15,248.0,121676.0
2021-06-18 11:00:00,NSE:MSTCLTD,247.95,256.1,247.55,256.1,88414.0
2021-06-18 12:00:00,NSE:MSTCLTD,256.5,256.8,254.3,255.0,28090.0
2021-06-18 13:00:00,NSE:MSTCLTD,254.75,258.1,254.7,257.25,26941.0
2021-06-18 14:00:00,NSE:MSTCLTD,257.7,259.7,256.3,257.35,31208.0
2021-06-18 15:00:00,NSE:MSTCLTD,257.45,258.0,256.2,257.8,59405.0
