datetime,symbol,open,high,low,close,volume
2020-09-21 09:00:00,NSE:SHAREINDIA,110.0,119.8,109.9,112.8,51530.0
2020-09-21 10:00:00,NSE:SHAREINDIA,112.75,112.75,108.0,110.8,9134.0
2020-09-21 11:00:00,NSE:SHAREINDIA,110.85,113.0,108.5,111.35,2431.0
2020-09-21 12:00:00,NSE:SHAREINDIA,112.35,114.5,107.3,112.35,7841.0
2020-09-21 13:00:00,NSE:SHAREINDIA,113.2,113.2,111.05,111.95,872.0
2020-09-21 14:00:00,NSE:SHAREINDIA,112.0,113.35,108.25,110.95,7641.0
2020-09-21 15:00:00,NSE:SHAREINDIA,109.9,110.6,108.5,109.6,1900.0
2020-09-22 09:00:00,NSE:SHAREINDIA,105.6,109.9,101.5,103.05,2698.0
2020-09-22 10:00:00,NSE:SHAREINDIA,103.1,106.95,101.25,103.8,2488.0
2020-09-22 11:00:00,NSE:SHAREINDIA,102.3,103.35,96.25,100.7,3245.0
2020-09-22 12:00:00,NSE:SHAREINDIA,100.7,103.65,100.7,101.0,750.0
2020-09-22 13:00:00,NSE:SHAREINDIA,103.55,104.8,101.15,102.05,1579.0
2020-09-22 14:00:00,NSE:SHAREINDIA,103.85,103.85,100.55,101.75,1966.0
2020-09-22 15:00:00,NSE:SHAREINDIA,100.8,103.95,100.1,100.35,1742.0
2020-09-23 09:00:00,NSE:SHAREINDIA,103.0,104.0,102.0,102.0,581.0
2020-09-23 10:00:00,NSE:SHAREINDIA,104.0,104.0,103.0,103.0,460.0
2020-09-23 11:00:00,NSE:SHAREINDIA,103.0,103.0,103.0,103.0,10.0
2020-09-23 12:00:00,NSE:SHAREINDIA,103.0,103.0,102.0,102.9,861.0
2020-09-23 13:00:00,NSE:SHAREINDIA,102.9,102.9,102.9,102.9,1014.0
2020-09-23 14:00:00,NSE:SHAREINDIA,102.9,103.6,102.9,103.0,510.0
2020-09-23 15:00:00,NSE:SHAREINDIA,103.6,104.4,96.0,99.9,1515.0
2020-09-24 09:00:00,NSE:SHAREINDIA,103.0,103.0,102.85,103.0,254.0
2020-09-24 10:00:00,NSE:SHAREINDIA,102.8,102.8,97.5,97.5,1043.0
2020-09-24 11:00:00,NSE:SHAREINDIA,100.0,101.75,100.0,101.75,740.0
2020-09-24 12:00:00,NSE:SHAREINDIA,102.7,102.7,100.0,102.35,1809.0
2020-09-24 13:00:00,NSE:SHAREINDIA,100.0,100.0,100.0,100.0,15.0
2020-09-24 14:00:00,NSE:SHAREINDIA,100.0,100.05,100.0,100.05,243.0
2020-09-24 15:00:00,NSE:SHAREINDIA,100.2,102.7,100.0,100.0,1943.0
2020-09-25 09:00:00,NSE:SHAREINDIA,104.0,104.5,98.1,103.0,5119.0
2020-09-25 10:00:00,NSE:SHAREINDIA,100.0,102.95,100.0,102.0,6038.0
2020-09-25 11:00:00,NSE:SHAREINDIA,102.85,102.85,102.0,102.0,144.0
2020-09-25 12:00:00,NSE:SHAREINDIA,103.0,105.0,103.0,104.0,8440.0
2020-09-25 13:00:00,NSE:SHAREINDIA,104.8,106.0,104.0,104.25,6198.0
2020-09-25 14:00:00,NSE:SHAREINDIA,104.25,104.7,104.2,104.7,3888.0
2020-09-25 15:00:00,NSE:SHAREINDIA,104.2,105.0,104.2,105.0,1528.0
2020-09-28 09:00:00,NSE:SHAREINDIA,104.5,104.5,101.25,103.95,195.0
2020-09-28 10:00:00,NSE:SHAREINDIA,106.95,106.95,106.45,106.45,423.0
2020-09-28 11:00:00,NSE:SHAREINDIA,105.9,105.9,105.0,105.0,512.0
2020-09-28 12:00:00,NSE:SHAREINDIA,105.0,105.0,104.05,104.05,34.0
2020-09-28 13:00:00,NSE:SHAREINDIA,105.0,105.0,103.0,103.0,11270.0
2020-09-28 14:00:00,NSE:SHAREINDIA,104.6,104.65,103.4,103.4,640.0
2020-09-28 15:00:00,NSE:SHAREINDIA,103.45,104.45,103.4,103.5,428.0
2020-09-29 09:00:00,NSE:SHAREINDIA,103.75,104.3,103.0,103.0,447.0
2020-09-29 10:00:00,NSE:SHAREINDIA,103.0,103.0,101.75,101.75,52.0
2020-09-29 11:00:00,NSE:SHAREINDIA,101.85,102.0,101.8,102.0,464.0
2020-09-29 12:00:00,NSE:SHAREINDIA,103.4,104.3,102.75,102.75,2787.0
2020-09-29 13:00:00,NSE:SHAREINDIA,103.05,104.0,102.75,103.65,12270.0
2020-09-29 14:00:00,NSE:SHAREINDIA,104.05,104.05,101.5,103.95,326.0
2020-09-29 15:00:00,NSE:SHAREINDIA,102.0,102.0,101.8,102.0,1459.0
2020-09-30 09:00:00,NSE:SHAREINDIA,102.3,102.3,101.9,101.9,200.0
2020-09-30 10:00:00,NSE:SHAREINDIA,102.0,103.0,100.8,102.25,5601.0
2020-09-30 11:00:00,NSE:SHAREINDIA,102.25,103.95,102.25,103.95,7305.0
2020-09-30 12:00:00,NSE:SHAREINDIA,103.95,103.95,102.5,103.05,7033.0
2020-09-30 13:00:00,NSE:SHAREINDIA,103.1,103.8,103.1,103.8,222.0
2020-09-30 14:00:00,NSE:SHAREINDIA,103.4,103.75,101.9,103.75,6719.0
2020-09-30 15:00:00,NSE:SHAREINDIA,103.7,103.7,103.7,103.7,35.0
2020-10-01 09:00:00,NSE:SHAREINDIA,104.0,104.1,101.05,101.7,617.0
2020-10-01 11:00:00,NSE:SHAREINDIA,102.0,104.5,101.05,103.35,4609.0
2020-10-01 12:00:00,NSE:SHAREINDIA,103.2,103.35,103.2,103.35,35.0
2020-10-01 13:00:00,NSE:SHAREINDIA,103.25,103.25,103.25,103.25,60.0
2020-10-01 14:00:00,NSE:SHAREINDIA,102.1,103.25,102.0,102.2,4685.0
2020-10-01 15:00:00,NSE:SHAREINDIA,102.0,102.2,101.0,101.0,1239.0
2020-10-05 09:00:00,NSE:SHAREINDIA,102.0,104.0,102.0,102.1,87.0
2020-10-05 10:00:00,NSE:SHAREINDIA,103.8,103.8,102.2,102.2,1160.0
2020-10-05 11:00:00,NSE:SHAREINDIA,102.85,102.85,102.2,102.5,4079.0
2020-10-05 12:00:00,NSE:SHAREINDIA,102.5,103.75,102.5,102.5,1380.0
2020-10-05 13:00:00,NSE:SHAREINDIA,102.25,102.35,102.0,102.0,9340.0
2020-10-05 14:00:00,NSE:SHAREINDIA,101.1,102.0,101.1,102.0,884.0
2020-10-05 15:00:00,NSE:SHAREINDIA,101.15,102.0,101.15,101.15,1128.0
2020-10-06 09:00:00,NSE:SHAREINDIA,101.0,103.0,101.0,102.75,1597.0
2020-10-06 10:00:00,NSE:SHAREINDIA,102.05,102.95,102.05,102.95,51.0
2020-10-06 11:00:00,NSE:SHAREINDIA,102.8,102.8,102.0,102.6,4135.0
2020-10-06 12:00:00,NSE:SHAREINDIA,101.05,102.35,101.05,101.05,3780.0
2020-10-06 13:00:00,NSE:SHAREINDIA,101.05,101.05,101.0,101.0,3002.0
2020-10-06 14:00:00,NSE:SHAREINDIA,102.5,108.5,97.3,107.0,12845.0
2020-10-06 15:00:00,NSE:SHAREINDIA,107.0,107.5,104.5,106.4,1047.0
2020-10-07 09:00:00,NSE:SHAREINDIA,103.5,106.45,103.5,106.05,2203.0
2020-10-07 10:00:00,NSE:SHAREINDIA,106.95,107.0,103.6,106.45,527.0
2020-10-07 11:00:00,NSE:SHAREINDIA,106.4,106.4,104.0,105.7,849.0
2020-10-07 12:00:00,NSE:SHAREINDIA,104.5,105.6,104.0,104.0,641.0
2020-10-07 13:00:00,NSE:SHAREINDIA,105.5,105.5,105.5,105.5,50.0
2020-10-07 14:00:00,NSE:SHAREINDIA,104.0,105.5,103.65,105.45,14192.0
2020-10-07 15:00:00,NSE:SHAREINDIA,105.4,105.4,103.6,103.6,12237.0
2020-10-08 10:00:00,NSE:SHAREINDIA,103.5,104.65,103.5,104.5,2094.0
2020-10-08 11:00:00,NSE:SHAREINDIA,104.25,104.4,104.0,104.0,3388.0
2020-10-08 12:00:00,NSE:SHAREINDIA,104.0,104.0,104.0,104.0,3.0
2020-10-08 13:00:00,NSE:SHAREINDIA,104.4,104.5,103.6,104.0,436.0
2020-10-08 14:00:00,NSE:SHAREINDIA,103.0,103.95,103.0,103.75,7510.0
2020-10-08 15:00:00,NSE:SHAREINDIA,103.95,103.95,103.0,103.0,200.0
2020-10-09 09:00:00,NSE:SHAREINDIA,102.6,102.95,100.75,102.0,2437.0
2020-10-09 10:00:00,NSE:SHAREINDIA,102.0,103.2,102.0,103.2,3010.0
2020-10-09 11:00:00,NSE:SHAREINDIA,103.95,103.95,102.5,103.95,469.0
2020-10-09 12:00:00,NSE:SHAREINDIA,103.9,103.9,101.3,101.3,474.0
2020-10-09 13:00:00,NSE:SHAREINDIA,103.3,103.3,103.3,103.3,50.0
2020-10-09 14:00:00,NSE:SHAREINDIA,103.0,103.0,101.6,101.6,4015.0
2020-10-09 15:00:00,NSE:SHAREINDIA,102.25,102.9,101.3,102.9,2194.0
2020-10-12 09:00:00,NSE:SHAREINDIA,103.5,103.5,101.0,102.8,2732.0
2020-10-12 10:00:00,NSE:SHAREINDIA,102.1,102.1,102.1,102.1,100.0
2020-10-12 11:00:00,NSE:SHAREINDIA,102.0,102.8,101.35,101.35,3535.0
2020-10-12 12:00:00,NSE:SHAREINDIA,101.35,102.8,101.35,102.75,124.0
2020-10-12 13:00:00,NSE:SHAREINDIA,101.5,102.8,101.5,102.5,6056.0
2020-10-12 14:00:00,NSE:SHAREINDIA,102.7,102.8,101.8,101.95,272.0
2020-10-12 15:00:00,NSE:SHAREINDIA,102.0,102.0,101.1,101.1,550.0
2020-10-13 09:00:00,NSE:SHAREINDIA,103.2,103.2,102.5,102.6,2018.0
2020-10-13 10:00:00,NSE:SHAREINDIA,102.45,102.45,102.45,102.45,150.0
2020-10-13 11:00:00,NSE:SHAREINDIA,102.5,102.5,102.5,102.5,25.0
2020-10-13 12:00:00,NSE:SHAREINDIA,102.0,102.0,102.0,102.0,200.0
2020-10-13 13:00:00,NSE:SHAREINDIA,101.1,102.0,101.1,102.0,16.0
2020-10-13 14:00:00,NSE:SHAREINDIA,101.15,102.0,101.15,102.0,12406.0
2020-10-13 15:00:00,NSE:SHAREINDIA,101.5,102.0,101.0,101.2,4423.0
2020-10-14 09:00:00,NSE:SHAREINDIA,99.55,101.9,99.55,101.85,2013.0
2020-10-14 10:00:00,NSE:SHAREINDIA,102.75,103.25,101.0,101.0,2052.0
2020-10-14 11:00:00,NSE:SHAREINDIA,100.3,100.3,100.15,100.15,174.0
2020-10-14 12:00:00,NSE:SHAREINDIA,100.15,100.15,100.15,100.15,50.0
2020-10-14 13:00:00,NSE:SHAREINDIA,100.0,101.7,99.75,101.7,1898.0
2020-10-14 15:00:00,NSE:SHAREINDIA,101.0,101.0,97.6,99.0,413.0
2020-10-15 09:00:00,NSE:SHAREINDIA,97.1,103.0,97.1,101.9,2682.0
2020-10-15 10:00:00,NSE:SHAREINDIA,101.9,101.9,101.9,101.9,227.0
2020-10-15 11:00:00,NSE:SHAREINDIA,101.0,101.9,101.0,101.9,869.0
2020-10-15 12:00:00,NSE:SHAREINDIA,101.7,101.8,101.6,101.65,3200.0
2020-10-15 13:00:00,NSE:SHAREINDIA,101.65,101.65,101.0,101.0,186.0
2020-10-15 14:00:00,NSE:SHAREINDIA,101.5,101.5,100.0,100.0,428.0
2020-10-15 15:00:00,NSE:SHAREINDIA,99.95,99.95,98.85,99.45,521.0
2020-10-16 09:00:00,NSE:SHAREINDIA,100.0,100.15,100.0,100.15,2012.0
2020-10-16 10:00:00,NSE:SHAREINDIA,101.2,101.2,101.2,101.2,20.0
2020-10-16 11:00:00,NSE:SHAREINDIA,99.05,101.0,99.05,100.9,513.0
2020-10-16 12:00:00,NSE:SHAREINDIA,100.0,101.2,100.0,101.2,31.0
2020-10-16 13:00:00,NSE:SHAREINDIA,101.0,101.5,101.0,101.5,816.0
2020-10-16 14:00:00,NSE:SHAREINDIA,101.5,101.75,101.0,101.0,10395.0
2020-10-16 15:00:00,NSE:SHAREINDIA,101.05,101.05,101.0,101.0,447.0
2020-10-19 09:00:00,NSE:SHAREINDIA,101.0,101.5,100.9,101.5,2062.0
2020-10-19 10:00:00,NSE:SHAREINDIA,101.4,101.4,99.6,100.0,459.0
2020-10-19 11:00:00,NSE:SHAREINDIA,100.5,100.5,100.0,100.0,395.0
2020-10-19 13:00:00,NSE:SHAREINDIA,99.25,100.15,99.05,99.75,8296.0
2020-10-19 14:00:00,NSE:SHAREINDIA,98.7,100.0,98.7,98.85,5201.0
2020-10-19 15:00:00,NSE:SHAREINDIA,99.65,99.65,98.6,99.5,561.0
2020-10-20 09:00:00,NSE:SHAREINDIA,99.75,100.0,98.55,98.6,2063.0
2020-10-20 10:00:00,NSE:SHAREINDIA,99.0,100.15,99.0,100.05,3220.0
2020-10-20 11:00:00,NSE:SHAREINDIA,101.4,101.4,101.4,101.4,50.0
2020-10-20 12:00:00,NSE:SHAREINDIA,101.8,101.8,101.8,101.8,10.0
2020-10-20 13:00:00,NSE:SHAREINDIA,100.05,100.05,100.05,100.05,306.0
2020-10-20 14:00:00,NSE:SHAREINDIA,100.0,100.9,100.0,100.1,7095.0
2020-10-20 15:00:00,NSE:SHAREINDIA,101.0,101.7,98.2,98.25,438.0
2020-10-21 09:00:00,NSE:SHAREINDIA,99.0,100.5,99.0,100.0,2023.0
2020-10-21 11:00:00,NSE:SHAREINDIA,100.5,101.05,100.45,100.45,3151.0
2020-10-21 12:00:00,NSE:SHAREINDIA,100.0,101.0,100.0,101.0,224.0
2020-10-21 13:00:00,NSE:SHAREINDIA,100.0,100.0,100.0,100.0,100.0
2020-10-21 14:00:00,NSE:SHAREINDIA,100.0,100.4,100.0,100.4,7381.0
2020-10-21 15:00:00,NSE:SHAREINDIA,100.0,100.5,100.0,100.5,2660.0
2020-10-22 09:00:00,NSE:SHAREINDIA,98.2,100.6,98.2,100.6,2023.0
2020-10-22 12:00:00,NSE:SHAREINDIA,100.8,100.85,100.7,100.75,3000.0
2020-10-22 13:00:00,NSE:SHAREINDIA,98.6,98.6,98.6,98.6,25.0
2020-10-22 14:00:00,NSE:SHAREINDIA,101.2,101.2,100.95,101.0,80.0
2020-10-22 15:00:00,NSE:SHAREINDIA,99.5,100.95,99.5,100.9,7011.0
2020-10-23 09:00:00,NSE:SHAREINDIA,101.0,101.45,100.5,101.45,2014.0
2020-10-23 10:00:00,NSE:SHAREINDIA,98.4,98.4,98.4,98.4,75.0
2020-10-23 11:00:00,NSE:SHAREINDIA,109.7,109.7,98.6,102.0,1615.0
2020-10-23 12:00:00,NSE:SHAREINDIA,100.3,102.85,100.3,101.95,3286.0
2020-10-23 13:00:00,NSE:SHAREINDIA,101.95,102.0,101.2,102.0,828.0
2020-10-23 14:00:00,NSE:SHAREINDIA,102.0,102.0,101.6,102.0,22.0
2020-10-23 15:00:00,NSE:SHAREINDIA,101.55,102.9,101.55,102.8,884.0
2020-10-26 09:00:00,NSE:SHAREINDIA,102.4,102.4,92.2,100.5,3458.0
2020-10-26 10:00:00,NSE:SHAREINDIA,100.05,102.5,100.05,100.25,5275.0
2020-10-26 11:00:00,NSE:SHAREINDIA,103.4,103.4,100.6,102.5,4873.0
2020-10-26 12:00:00,NSE:SHAREINDIA,102.0,102.45,102.0,102.45,1031.0
2020-10-26 13:00:00,NSE:SHAREINDIA,102.4,102.5,100.1,102.5,4197.0
2020-10-26 14:00:00,NSE:SHAREINDIA,100.5,101.95,100.5,100.75,1020.0
2020-10-26 15:00:00,NSE:SHAREINDIA,101.0,101.95,100.3,100.3,486.0
2020-10-27 09:00:00,NSE:SHAREINDIA,102.4,102.4,100.65,102.35,2010.0
2020-10-27 10:00:00,NSE:SHAREINDIA,102.5,102.5,102.5,102.5,820.0
2020-10-27 11:00:00,NSE:SHAREINDIA,102.0,102.4,101.85,101.9,4060.0
2020-10-27 12:00:00,NSE:SHAREINDIA,101.9,101.9,101.9,101.9,13.0
2020-10-27 13:00:00,NSE:SHAREINDIA,101.9,103.35,100.65,103.0,4201.0
2020-10-27 14:00:00,NSE:SHAREINDIA,103.0,103.5,103.0,103.0,7297.0
2020-10-27 15:00:00,NSE:SHAREINDIA,101.1,103.0,101.1,102.15,298.0
2020-10-28 09:00:00,NSE:SHAREINDIA,102.0,102.8,101.9,102.8,2100.0
2020-10-28 10:00:00,NSE:SHAREINDIA,103.1,104.35,103.1,103.95,4990.0
2020-10-28 11:00:00,NSE:SHAREINDIA,103.8,103.8,103.8,103.8,2.0
2020-10-28 12:00:00,NSE:SHAREINDIA,102.35,102.35,102.0,102.0,242.0
2020-10-28 13:00:00,NSE:SHAREINDIA,102.0,102.0,102.0,102.0,37.0
2020-10-28 14:00:00,NSE:SHAREINDIA,101.35,102.3,101.35,101.5,6537.0
2020-10-28 15:00:00,NSE:SHAREINDIA,102.3,103.5,102.3,103.5,222.0
2020-10-29 09:00:00,NSE:SHAREINDIA,101.5,102.65,100.1,102.65,2021.0
2020-10-29 10:00:00,NSE:SHAREINDIA,102.15,102.25,102.0,102.05,2000.0
2020-10-29 11:00:00,NSE:SHAREINDIA,101.0,101.0,101.0,101.0,61.0
2020-10-29 12:00:00,NSE:SHAREINDIA,100.85,102.0,100.85,101.05,4485.0
2020-10-29 14:00:00,NSE:SHAREINDIA,101.5,102.35,101.5,102.0,6000.0
2020-10-29 15:00:00,NSE:SHAREINDIA,100.8,102.0,100.8,100.8,20.0
2020-10-30 09:00:00,NSE:SHAREINDIA,99.5,105.0,99.5,103.25,4412.0
2020-10-30 10:00:00,NSE:SHAREINDIA,104.4,104.4,102.55,104.0,775.0
2020-10-30 11:00:00,NSE:SHAREINDIA,103.0,104.4,100.5,101.0,1331.0
2020-10-30 12:00:00,NSE:SHAREINDIA,101.1,101.6,101.1,101.25,6150.0
2020-10-30 13:00:00,NSE:SHAREINDIA,101.8,101.8,100.0,100.0,4852.0
2020-10-30 14:00:00,NSE:SHAREINDIA,100.2,100.95,100.0,100.0,7548.0
2020-10-30 15:00:00,NSE:SHAREINDIA,100.0,101.45,99.0,99.35,2808.0
2020-11-02 09:00:00,NSE:SHAREINDIA,99.4,100.0,99.4,99.8,2005.0
2020-11-02 10:00:00,NSE:SHAREINDIA,100.0,100.0,100.0,100.0,1000.0
2020-11-02 11:00:00,NSE:SHAREINDIA,100.35,100.95,100.35,100.95,755.0
2020-11-02 12:00:00,NSE:SHAREINDIA,101.05,101.05,101.05,101.05,1.0
2020-11-02 13:00:00,NSE:SHAREINDIA,100.35,100.35,100.35,100.35,100.0
2020-11-02 14:00:00,NSE:SHAREINDIA,100.85,100.85,100.35,100.45,10015.0
2020-11-02 15:00:00,NSE:SHAREINDIA,100.7,100.7,100.25,100.25,1239.0
2020-11-03 09:00:00,NSE:SHAREINDIA,100.0,100.5,100.0,100.3,2000.0
2020-11-03 11:00:00,NSE:SHAREINDIA,100.9,100.9,100.9,100.9,1.0
2020-11-03 13:00:00,NSE:SHAREINDIA,99.5,99.7,99.5,99.7,10000.0
2020-11-03 14:00:00,NSE:SHAREINDIA,99.7,99.7,99.0,99.7,287.0
2020-11-03 15:00:00,NSE:SHAREINDIA,98.05,98.05,98.05,98.05,2.0
2020-11-04 09:00:00,NSE:SHAREINDIA,99.0,99.15,99.0,99.15,2010.0
2020-11-04 10:00:00,NSE:SHAREINDIA,99.7,99.7,99.7,99.7,48.0
2020-11-04 11:00:00,NSE:SHAREINDIA,99.7,99.7,99.7,99.7,5.0
2020-11-04 12:00:00,NSE:SHAREINDIA,99.15,99.2,99.15,99.2,4000.0
2020-11-04 13:00:00,NSE:SHAREINDIA,99.35,99.5,99.1,99.1,3010.0
2020-11-04 14:00:00,NSE:SHAREINDIA,99.0,99.5,99.0,99.35,3368.0
2020-11-04 15:00:00,NSE:SHAREINDIA,99.4,99.4,99.0,99.4,261.0
2020-11-05 09:00:00,NSE:SHAREINDIA,100.5,102.0,100.5,102.0,1750.0
2020-11-05 10:00:00,NSE:SHAREINDIA,102.0,104.75,100.25,104.0,6941.0
2020-11-05 11:00:00,NSE:SHAREINDIA,104.0,104.0,104.0,104.0,815.0
2020-11-05 12:00:00,NSE:SHAREINDIA,104.0,104.0,102.0,102.0,6550.0
2020-11-05 14:00:00,NSE:SHAREINDIA,102.15,102.25,102.15,102.25,3200.0
2020-11-05 15:00:00,NSE:SHAREINDIA,101.7,101.7,101.7,101.7,100.0
2020-11-06 09:00:00,NSE:SHAREINDIA,101.05,102.25,101.0,101.8,4163.0
2020-11-06 10:00:00,NSE:SHAREINDIA,101.85,101.9,101.0,101.85,2361.0
2020-11-06 11:00:00,NSE:SHAREINDIA,101.95,101.95,99.55,99.55,7218.0
2020-11-06 12:00:00,NSE:SHAREINDIA,100.95,100.95,100.95,100.95,1.0
2020-11-06 13:00:00,NSE:SHAREINDIA,99.6,99.6,99.5,99.5,162.0
2020-11-06 15:00:00,NSE:SHAREINDIA,100.0,100.15,97.1,99.65,3706.0
2020-11-09 09:00:00,NSE:SHAREINDIA,99.65,99.65,98.45,98.45,21.0
2020-11-09 10:00:00,NSE:SHAREINDIA,98.55,99.65,98.55,99.2,5056.0
2020-11-09 11:00:00,NSE:SHAREINDIA,99.65,99.65,99.65,99.65,99.0
2020-11-09 12:00:00,NSE:SHAREINDIA,101.35,101.35,101.0,101.0,6.0
2020-11-09 13:00:00,NSE:SHAREINDIA,101.0,101.0,101.0,101.0,19.0
2020-11-09 15:00:00,NSE:SHAREINDIA,101.0,101.0,101.0,101.0,1958.0
2020-11-10 10:00:00,NSE:SHAREINDIA,102.0,102.8,99.0,102.75,5820.0
2020-11-10 11:00:00,NSE:SHAREINDIA,100.5,102.75,100.5,102.75,26.0
2020-11-10 12:00:00,NSE:SHAREINDIA,101.0,102.15,101.0,102.15,6995.0
2020-11-10 13:00:00,NSE:SHAREINDIA,102.15,102.15,102.0,102.0,109.0
2020-11-10 14:00:00,NSE:SHAREINDIA,101.05,102.65,101.0,101.0,8510.0
2020-11-10 15:00:00,NSE:SHAREINDIA,100.5,100.5,100.5,100.5,50.0
2020-11-11 09:00:00,NSE:SHAREINDIA,102.0,102.0,102.0,102.0,50.0
2020-11-11 10:00:00,NSE:SHAREINDIA,100.0,101.5,100.0,100.05,2010.0
2020-11-11 11:00:00,NSE:SHAREINDIA,100.05,101.1,100.05,101.1,4522.0
2020-11-11 12:00:00,NSE:SHAREINDIA,100.05,101.95,99.1,101.95,247.0
2020-11-11 13:00:00,NSE:SHAREINDIA,99.3,101.8,99.0,101.75,5734.0
2020-11-11 14:00:00,NSE:SHAREINDIA,99.1,101.7,99.1,99.15,5.0
2020-11-11 15:00:00,NSE:SHAREINDIA,101.7,102.0,99.15,102.0,771.0
2020-11-12 09:00:00,NSE:SHAREINDIA,103.9,103.9,100.1,100.1,2020.0
2020-11-12 10:00:00,NSE:SHAREINDIA,100.1,100.1,100.1,100.1,500.0
2020-11-12 11:00:00,NSE:SHAREINDIA,102.0,102.0,102.0,102.0,11.0
2020-11-12 12:00:00,NSE:SHAREINDIA,100.1,100.1,100.0,100.0,185.0
2020-11-12 13:00:00,NSE:SHAREINDIA,100.0,100.0,100.0,100.0,15.0
2020-11-12 14:00:00,NSE:SHAREINDIA,101.0,101.0,99.05,99.05,205.0
2020-11-12 15:00:00,NSE:SHAREINDIA,101.0,101.0,99.2,100.95,587.0
2020-11-13 09:00:00,NSE:SHAREINDIA,102.5,103.25,101.2,103.15,2019.0
2020-11-13 10:00:00,NSE:SHAREINDIA,103.15,103.15,103.15,103.15,30.0
2020-11-13 11:00:00,NSE:SHAREINDIA,101.5,101.5,101.5,101.5,1.0
2020-11-13 12:00:00,NSE:SHAREINDIA,101.5,101.5,101.2,101.2,1394.0
2020-11-13 14:00:00,NSE:SHAREINDIA,100.8,100.8,100.0,100.05,10472.0
2020-11-13 15:00:00,NSE:SHAREINDIA,100.8,101.2,100.8,101.2,200.0
2020-11-14 18:00:00,NSE:SHAREINDIA,103.9,105.0,100.0,101.85,10423.0
2020-11-14 19:00:00,NSE:SHAREINDIA,101.85,102.75,101.1,102.75,514.0
2020-11-17 09:00:00,NSE:SHAREINDIA,101.0,103.7,101.0,101.55,6573.0
2020-11-17 10:00:00,NSE:SHAREINDIA,101.55,101.55,101.3,101.3,577.0
2020-11-17 11:00:00,NSE:SHAREINDIA,101.55,101.8,101.5,101.8,848.0
2020-11-17 12:00:00,NSE:SHAREINDIA,101.5,101.75,100.1,101.75,1034.0
2020-11-17 13:00:00,NSE:SHAREINDIA,100.15,101.7,100.15,101.7,5135.0
2020-11-17 14:00:00,NSE:SHAREINDIA,100.7,101.7,100.7,101.7,11.0
2020-11-17 15:00:00,NSE:SHAREINDIA,100.8,101.75,100.35,101.75,117.0
2020-11-18 09:00:00,NSE:SHAREINDIA,103.5,103.5,101.0,101.0,4338.0
2020-11-18 10:00:00,NSE:SHAREINDIA,101.0,103.4,100.3,101.8,4844.0
2020-11-18 11:00:00,NSE:SHAREINDIA,101.15,101.8,101.15,101.8,103.0
2020-11-18 12:00:00,NSE:SHAREINDIA,101.8,101.8,100.3,101.8,797.0
2020-11-18 13:00:00,NSE:SHAREINDIA,101.0,101.7,100.65,101.7,6040.0
2020-11-18 14:00:00,NSE:SHAREINDIA,101.8,101.8,101.7,101.7,93.0
2020-11-18 15:00:00,NSE:SHAREINDIA,101.75,101.75,101.75,101.75,26.0
2020-11-19 09:00:00,NSE:SHAREINDIA,100.0,121.95,99.5,121.95,8622.0
2020-11-19 10:00:00,NSE:SHAREINDIA,107.4,114.5,105.6,108.9,9689.0
2020-11-19 11:00:00,NSE:SHAREINDIA,108.6,111.8,108.15,109.9,3952.0
2020-11-19 12:00:00,NSE:SHAREINDIA,109.95,112.8,109.95,112.0,1674.0
2020-11-19 13:00:00,NSE:SHAREINDIA,112.0,113.85,109.9,110.0,3604.0
2020-11-19 14:00:00,NSE:SHAREINDIA,110.0,111.95,105.1,105.1,4447.0
2020-11-19 15:00:00,NSE:SHAREINDIA,106.3,109.0,105.5,106.95,2970.0
2020-11-20 09:00:00,NSE:SHAREINDIA,111.0,114.4,108.0,108.05,2766.0
2020-11-20 10:00:00,NSE:SHAREINDIA,108.75,108.75,108.0,108.65,6922.0
2020-11-20 11:00:00,NSE:SHAREINDIA,108.6,108.75,108.0,108.0,1777.0
2020-11-20 12:00:00,NSE:SHAREINDIA,108.0,109.95,108.0,109.95,216.0
2020-11-20 13:00:00,NSE:SHAREINDIA,109.65,109.65,108.1,108.1,16.0
2020-11-20 14:00:00,NSE:SHAREINDIA,109.9,109.9,108.25,108.75,6804.0
2020-11-20 15:00:00,NSE:SHAREINDIA,108.25,108.75,108.15,108.15,1133.0
2020-11-23 09:00:00,NSE:SHAREINDIA,110.5,110.5,105.5,110.0,4833.0
2020-11-23 10:00:00,NSE:SHAREINDIA,107.75,109.9,107.75,109.3,2345.0
2020-11-23 11:00:00,NSE:SHAREINDIA,109.0,109.0,109.0,109.0,2050.0
2020-11-23 12:00:00,NSE:SHAREINDIA,108.95,108.95,108.0,108.5,5161.0
2020-11-23 13:00:00,NSE:SHAREINDIA,108.15,109.85,106.2,107.5,3590.0
2020-11-23 14:00:00,NSE:SHAREINDIA,107.35,109.75,107.35,109.0,2749.0
2020-11-23 15:00:00,NSE:SHAREINDIA,110.0,110.0,108.05,109.8,535.0
2020-11-24 09:00:00,NSE:SHAREINDIA,105.05,109.9,105.05,106.45,354.0
2020-11-24 10:00:00,NSE:SHAREINDIA,109.8,109.8,107.9,108.15,9120.0
2020-11-24 11:00:00,NSE:SHAREINDIA,108.7,108.7,107.0,107.05,542.0
2020-11-24 12:00:00,NSE:SHAREINDIA,107.0,107.0,106.7,106.7,730.0
2020-11-24 13:00:00,NSE:SHAREINDIA,107.0,107.0,107.0,107.0,10.0
2020-11-24 14:00:00,NSE:SHAREINDIA,107.0,108.0,105.2,105.2,4340.0
2020-11-24 15:00:00,NSE:SHAREINDIA,105.0,107.7,105.0,105.0,370.0
2020-11-25 09:00:00,NSE:SHAREINDIA,104.5,108.0,104.5,107.85,29653.0
2020-11-25 10:00:00,NSE:SHAREINDIA,106.8,107.9,106.15,106.15,4133.0
2020-11-25 11:00:00,NSE:SHAREINDIA,106.15,106.65,106.15,106.15,8020.0
2020-11-25 13:00:00,NSE:SHAREINDIA,107.4,107.4,107.4,107.4,75.0
2020-11-25 14:00:00,NSE:SHAREINDIA,106.0,106.0,103.0,105.0,5526.0
2020-11-25 15:00:00,NSE:SHAREINDIA,106.65,106.65,104.0,106.0,481.0
2020-11-26 09:00:00,NSE:SHAREINDIA,104.75,104.95,104.75,104.95,3000.0
2020-11-26 10:00:00,NSE:SHAREINDIA,105.0,107.95,104.9,105.2,2061.0
2020-11-26 11:00:00,NSE:SHAREINDIA,105.5,107.45,105.5,107.45,252.0
2020-11-26 12:00:00,NSE:SHAREINDIA,105.5,106.75,105.0,105.0,2814.0
2020-11-26 13:00:00,NSE:SHAREINDIA,105.5,105.5,103.7,103.8,2705.0
2020-11-26 14:00:00,NSE:SHAREINDIA,105.2,105.2,105.2,105.2,200.0
2020-11-26 15:00:00,NSE:SHAREINDIA,105.2,105.4,103.85,104.45,851.0
2020-11-27 09:00:00,NSE:SHAREINDIA,105.0,107.2,104.9,106.9,2775.0
2020-11-27 10:00:00,NSE:SHAREINDIA,105.5,105.55,104.95,105.2,8000.0
2020-11-27 12:00:00,NSE:SHAREINDIA,105.25,105.25,105.25,105.25,45.0
2020-11-27 13:00:00,NSE:SHAREINDIA,105.25,105.25,105.25,105.25,110.0
2020-11-27 15:00:00,NSE:SHAREINDIA,105.75,106.55,104.5,106.5,653.0
2020-12-01 09:00:00,NSE:SHAREINDIA,106.5,107.25,104.5,106.0,1311.0
2020-12-01 10:00:00,NSE:SHAREINDIA,106.7,106.7,106.0,106.0,2102.0
2020-12-01 11:00:00,NSE:SHAREINDIA,106.5,106.65,106.5,106.5,2004.0
2020-12-01 12:00:00,NSE:SHAREINDIA,106.75,107.0,106.6,107.0,7135.0
2020-12-01 13:00:00,NSE:SHAREINDIA,106.7,106.75,106.7,106.75,75.0
2020-12-01 14:00:00,NSE:SHAREINDIA,107.0,111.0,107.0,110.05,2893.0
2020-12-01 15:00:00,NSE:SHAREINDIA,110.0,110.0,107.25,108.95,1200.0
2020-12-02 09:00:00,NSE:SHAREINDIA,109.75,109.75,106.1,109.75,312.0
2020-12-02 10:00:00,NSE:SHAREINDIA,108.0,109.2,108.0,108.2,4664.0
2020-12-02 11:00:00,NSE:SHAREINDIA,109.0,109.0,109.0,109.0,295.0
2020-12-02 12:00:00,NSE:SHAREINDIA,108.0,109.65,108.0,109.65,340.0
2020-12-02 13:00:00,NSE:SHAREINDIA,109.65,109.65,108.0,108.0,9181.0
2020-12-02 14:00:00,NSE:SHAREINDIA,107.05,107.95,106.25,107.9,310.0
2020-12-02 15:00:00,NSE:SHAREINDIA,107.9,107.9,107.6,107.9,375.0
2020-12-03 09:00:00,NSE:SHAREINDIA,109.0,109.0,108.85,108.9,2008.0
2020-12-03 10:00:00,NSE:SHAREINDIA,108.5,108.5,107.1,107.1,787.0
2020-12-03 11:00:00,NSE:SHAREINDIA,107.35,108.5,107.35,107.55,7305.0
2020-12-03 12:00:00,NSE:SHAREINDIA,107.4,107.4,107.4,107.4,2.0
2020-12-03 13:00:00,NSE:SHAREINDIA,108.0,109.0,107.3,109.0,3652.0
2020-12-03 14:00:00,NSE:SHAREINDIA,109.0,109.0,107.4,107.55,2943.0
2020-12-03 15:00:00,NSE:SHAREINDIA,110.75,112.1,107.6,108.0,4753.0
2020-12-04 09:00:00,NSE:SHAREINDIA,112.0,112.0,107.8,110.9,2134.0
2020-12-04 10:00:00,NSE:SHAREINDIA,110.9,110.9,109.8,110.1,2145.0
2020-12-04 11:00:00,NSE:SHAREINDIA,111.0,111.9,110.0,110.0,4770.0
2020-12-04 12:00:00,NSE:SHAREINDIA,110.2,110.2,110.2,110.2,350.0
2020-12-04 13:00:00,NSE:SHAREINDIA,109.55,109.55,108.9,108.9,165.0
2020-12-04 14:00:00,NSE:SHAREINDIA,109.95,110.2,108.6,110.2,2415.0
2020-12-04 15:00:00,NSE:SHAREINDIA,109.9,109.9,109.9,109.9,345.0
2020-12-07 09:00:00,NSE:SHAREINDIA,117.9,131.0,110.95,120.8,23403.0
2020-12-07 10:00:00,NSE:SHAREINDIA,117.1,120.0,116.4,118.5,6191.0
2020-12-07 11:00:00,NSE:SHAREINDIA,117.4,118.9,117.35,117.8,1394.0
2020-12-07 12:00:00,NSE:SHAREINDIA,120.0,120.0,118.1,119.0,1259.0
2020-12-07 13:00:00,NSE:SHAREINDIA,118.95,119.0,118.3,118.95,6677.0
2020-12-07 14:00:00,NSE:SHAREINDIA,118.3,121.0,117.8,121.0,3047.0
2020-12-07 15:00:00,NSE:SHAREINDIA,121.0,128.0,118.55,123.9,3669.0
2020-12-08 09:00:00,NSE:SHAREINDIA,123.9,124.0,115.6,119.5,2474.0
2020-12-08 10:00:00,NSE:SHAREINDIA,119.0,119.75,118.05,118.25,8484.0
2020-12-08 11:00:00,NSE:SHAREINDIA,119.25,119.25,118.1,118.1,731.0
2020-12-08 12:00:00,NSE:SHAREINDIA,118.0,118.95,118.0,118.0,6342.0
2020-12-08 13:00:00,NSE:SHAREINDIA,118.5,119.3,118.1,118.1,268.0
2020-12-08 14:00:00,NSE:SHAREINDIA,119.75,119.75,118.0,118.0,568.0
2020-12-08 15:00:00,NSE:SHAREINDIA,117.5,119.4,117.5,118.5,1163.0
2020-12-09 09:00:00,NSE:SHAREINDIA,108.0,122.8,108.0,119.75,1193.0
2020-12-09 10:00:00,NSE:SHAREINDIA,119.0,121.5,118.8,121.0,6103.0
2020-12-09 11:00:00,NSE:SHAREINDIA,121.0,127.5,121.0,122.3,10038.0
2020-12-09 12:00:00,NSE:SHAREINDIA,127.0,130.95,124.0,127.0,9092.0
2020-12-09 13:00:00,NSE:SHAREINDIA,127.0,127.0,125.1,125.1,2100.0
2020-12-09 14:00:00,NSE:SHAREINDIA,126.15,127.0,125.5,127.0,1588.0
2020-12-09 15:00:00,NSE:SHAREINDIA,126.0,127.0,126.0,126.0,1411.0
2020-12-10 09:00:00,NSE:SHAREINDIA,126.0,132.0,118.1,123.0,1672.0
2020-12-10 10:00:00,NSE:SHAREINDIA,123.0,129.5,123.0,124.0,3920.0
2020-12-10 11:00:00,NSE:SHAREINDIA,124.0,125.0,124.0,124.05,690.0
2020-12-10 12:00:00,NSE:SHAREINDIA,124.95,124.95,124.0,124.0,654.0
2020-12-10 13:00:00,NSE:SHAREINDIA,125.0,125.0,123.6,124.4,6947.0
2020-12-10 14:00:00,NSE:SHAREINDIA,123.9,125.0,123.4,125.0,1776.0
2020-12-10 15:00:00,NSE:SHAREINDIA,125.0,126.0,124.0,124.0,1936.0
2020-12-11 09:00:00,NSE:SHAREINDIA,129.85,130.0,115.6,123.45,4260.0
2020-12-11 10:00:00,NSE:SHAREINDIA,125.0,125.1,124.75,125.0,2566.0
2020-12-11 11:00:00,NSE:SHAREINDIA,126.4,126.4,125.0,125.0,4601.0
2020-12-11 13:00:00,NSE:SHAREINDIA,125.0,125.8,124.05,124.05,5615.0
2020-12-11 14:00:00,NSE:SHAREINDIA,124.1,125.0,124.05,125.0,240.0
2020-12-11 15:00:00,NSE:SHAREINDIA,126.4,126.4,124.0,125.0,1226.0
2020-12-14 09:00:00,NSE:SHAREINDIA,129.8,151.05,126.0,145.95,17696.0
2020-12-14 10:00:00,NSE:SHAREINDIA,144.1,148.0,140.2,140.2,9988.0
2020-12-14 11:00:00,NSE:SHAREINDIA,140.2,143.6,138.0,142.9,113689.0
2020-12-14 12:00:00,NSE:SHAREINDIA,142.05,147.5,142.0,145.55,83650.0
2020-12-14 13:00:00,NSE:SHAREINDIA,147.3,149.9,146.05,149.7,62348.0
2020-12-14 14:00:00,NSE:SHAREINDIA,148.05,151.05,147.6,151.05,29119.0
2020-12-14 15:00:00,NSE:SHAREINDIA,151.05,151.05,151.05,151.05,3693.0
2020-12-15 09:00:00,NSE:SHAREINDIA,157.0,169.7,155.1,162.8,93294.0
2020-12-15 10:00:00,NSE:SHAREINDIA,162.8,171.0,159.1,169.5,52524.0
2020-12-15 11:00:00,NSE:SHAREINDIA,169.0,177.9,165.1,174.5,81870.0
2020-12-15 12:00:00,NSE:SHAREINDIA,175.0,178.7,173.05,173.75,40695.0
2020-12-15 13:00:00,NSE:SHAREINDIA,173.5,178.5,173.1,177.5,28928.0
2020-12-15 14:00:00,NSE:SHAREINDIA,177.8,181.2,173.0,173.0,118148.0
2020-12-15 15:00:00,NSE:SHAREINDIA,173.0,174.2,169.3,171.05,48717.0
2020-12-16 09:00:00,NSE:SHAREINDIA,172.0,177.9,170.0,172.3,36812.0
2020-12-16 10:00:00,NSE:SHAREINDIA,172.95,173.25,167.0,168.45,13631.0
2020-12-16 11:00:00,NSE:SHAREINDIA,167.75,169.8,167.3,169.1,5317.0
2020-12-16 12:00:00,NSE:SHAREINDIA,168.0,169.0,167.5,167.9,5296.0
2020-12-16 13:00:00,NSE:SHAREINDIA,167.5,168.4,162.2,164.85,19868.0
2020-12-16 14:00:00,NSE:SHAREINDIA,164.85,168.0,164.45,168.0,12670.0
2020-12-16 15:00:00,NSE:SHAREINDIA,168.95,172.7,168.0,170.25,30827.0
2020-12-17 09:00:00,NSE:SHAREINDIA,170.0,172.5,165.0,170.0,10950.0
2020-12-17 10:00:00,NSE:SHAREINDIA,171.0,171.0,167.65,168.0,4325.0
2020-12-17 11:00:00,NSE:SHAREINDIA,168.0,168.35,166.3,168.0,2362.0
2020-12-17 12:00:00,NSE:SHAREINDIA,168.4,168.5,168.0,168.0,1577.0
2020-12-17 13:00:00,NSE:SHAREINDIA,167.95,167.95,165.1,166.0,1391.0
2020-12-17 14:00:00,NSE:SHAREINDIA,166.65,168.0,165.45,166.25,2704.0
2020-12-17 15:00:00,NSE:SHAREINDIA,167.0,167.55,165.15,166.4,1648.0
2020-12-18 09:00:00,NSE:SHAREINDIA,169.7,169.7,162.1,167.05,7842.0
2020-12-18 10:00:00,NSE:SHAREINDIA,167.05,172.0,165.4,169.0,12307.0
2020-12-18 11:00:00,NSE:SHAREINDIA,168.9,169.0,168.6,168.95,1483.0
2020-12-18 12:00:00,NSE:SHAREINDIA,169.0,173.0,168.5,172.95,7535.0
2020-12-18 13:00:00,NSE:SHAREINDIA,171.15,172.5,169.0,170.95,7729.0
2020-12-18 14:00:00,NSE:SHAREINDIA,174.85,176.55,171.1,171.95,13014.0
2020-12-18 15:00:00,NSE:SHAREINDIA,171.1,172.0,165.65,171.45,7374.0
2020-12-21 09:00:00,NSE:SHAREINDIA,165.5,173.25,165.5,171.05,4309.0
2020-12-21 10:00:00,NSE:SHAREINDIA,171.5,173.9,171.5,172.0,2057.0
2020-12-21 11:00:00,NSE:SHAREINDIA,171.55,172.0,171.55,171.65,604.0
2020-12-21 12:00:00,NSE:SHAREINDIA,171.7,172.0,171.55,172.0,3851.0
2020-12-21 13:00:00,NSE:SHAREINDIA,171.65,171.65,170.7,170.7,5670.0
2020-12-21 14:00:00,NSE:SHAREINDIA,170.6,170.7,166.2,166.6,4005.0
2020-12-21 15:00:00,NSE:SHAREINDIA,166.65,166.65,165.1,165.7,3513.0
2020-12-22 09:00:00,NSE:SHAREINDIA,171.9,171.9,161.05,161.25,16663.0
2020-12-22 10:00:00,NSE:SHAREINDIA,161.25,166.4,160.0,166.4,12398.0
2020-12-22 11:00:00,NSE:SHAREINDIA,165.0,166.0,163.1,163.25,1472.0
2020-12-22 12:00:00,NSE:SHAREINDIA,164.4,164.4,162.2,164.0,2323.0
2020-12-22 13:00:00,NSE:SHAREINDIA,163.95,166.85,163.95,164.05,1637.0
2020-12-22 14:00:00,NSE:SHAREINDIA,164.05,168.05,164.05,167.3,8502.0
2020-12-22 15:00:00,NSE:SHAREINDIA,167.9,167.9,167.0,167.1,4765.0
2020-12-23 09:00:00,NSE:SHAREINDIA,165.5,168.95,165.5,167.5,1470.0
2020-12-23 10:00:00,NSE:SHAREINDIA,167.8,171.0,167.8,170.95,4388.0
2020-12-23 11:00:00,NSE:SHAREINDIA,171.0,171.95,167.8,169.2,3347.0
2020-12-23 12:00:00,NSE:SHAREINDIA,170.5,170.5,168.05,168.05,1351.0
2020-12-23 13:00:00,NSE:SHAREINDIA,169.55,169.6,168.0,168.05,686.0
2020-12-23 14:00:00,NSE:SHAREINDIA,169.6,169.6,168.0,169.35,740.0
2020-12-23 15:00:00,NSE:SHAREINDIA,168.0,168.5,167.5,168.05,5613.0
2020-12-24 09:00:00,NSE:SHAREINDIA,166.0,169.9,166.0,169.9,1525.0
2020-12-24 10:00:00,NSE:SHAREINDIA,169.95,172.0,168.4,169.95,2704.0
2020-12-24 11:00:00,NSE:SHAREINDIA,168.45,169.0,168.0,169.0,436.0
2020-12-24 12:00:00,NSE:SHAREINDIA,168.5,169.15,168.0,168.0,490.0
2020-12-24 13:00:00,NSE:SHAREINDIA,168.0,168.0,167.5,168.0,696.0
2020-12-24 14:00:00,NSE:SHAREINDIA,168.0,170.05,167.65,170.05,4483.0
2020-12-24 15:00:00,NSE:SHAREINDIA,170.05,170.5,170.0,170.0,4165.0
2020-12-28 09:00:00,NSE:SHAREINDIA,171.5,172.9,168.0,170.05,1505.0
2020-12-28 10:00:00,NSE:SHAREINDIA,171.45,171.5,170.5,171.3,1148.0
2020-12-28 11:00:00,NSE:SHAREINDIA,171.3,171.3,168.55,168.55,1937.0
2020-12-28 12:00:00,NSE:SHAREINDIA,168.6,170.05,165.05,169.0,278781.0
2020-12-28 13:00:00,NSE:SHAREINDIA,170.4,171.0,169.2,169.2,3708.0
2020-12-28 14:00:00,NSE:SHAREINDIA,169.0,172.0,169.0,170.55,8157.0
2020-12-28 15:00:00,NSE:SHAREINDIA,171.75,171.75,169.5,170.05,2693.0
2020-12-29 09:00:00,NSE:SHAREINDIA,171.0,173.0,170.6,171.05,3786.0
2020-12-29 10:00:00,NSE:SHAREINDIA,171.0,172.9,169.2,169.8,1350.0
2020-12-29 11:00:00,NSE:SHAREINDIA,170.0,170.5,169.5,169.55,432.0
2020-12-29 12:00:00,NSE:SHAREINDIA,170.35,171.0,170.35,171.0,1400.0
2020-12-29 13:00:00,NSE:SHAREINDIA,169.75,171.0,169.75,170.85,1009.0
2020-12-29 14:00:00,NSE:SHAREINDIA,170.1,170.25,166.4,166.4,5543.0
2020-12-29 15:00:00,NSE:SHAREINDIA,166.55,167.95,166.5,167.0,888.0
2020-12-30 09:00:00,NSE:SHAREINDIA,166.1,169.85,166.1,169.0,1597.0
2020-12-30 10:00:00,NSE:SHAREINDIA,170.0,170.5,169.5,169.5,3554.0
2020-12-30 11:00:00,NSE:SHAREINDIA,169.5,169.95,169.0,169.0,2217.0
2020-12-30 12:00:00,NSE:SHAREINDIA,169.0,169.0,168.45,168.5,531.0
2020-12-30 13:00:00,NSE:SHAREINDIA,168.9,169.0,168.5,169.0,293.0
2020-12-30 14:00:00,NSE:SHAREINDIA,169.0,170.8,169.0,170.8,2876.0
2020-12-30 15:00:00,NSE:SHAREINDIA,170.85,171.9,170.0,171.9,3798.0
2020-12-31 09:00:00,NSE:SHAREINDIA,174.9,174.9,170.5,173.8,8812.0
2020-12-31 10:00:00,NSE:SHAREINDIA,173.8,178.1,173.25,178.1,10413.0
2020-12-31 11:00:00,NSE:SHAREINDIA,177.9,184.0,175.25,181.95,21734.0
2020-12-31 12:00:00,NSE:SHAREINDIA,181.95,187.7,180.55,184.0,23171.0
2020-12-31 13:00:00,NSE:SHAREINDIA,184.0,184.0,181.3,181.75,9681.0
2020-12-31 14:00:00,NSE:SHAREINDIA,181.75,182.0,178.1,180.1,4793.0
2020-12-31 15:00:00,NSE:SHAREINDIA,180.05,181.95,178.1,180.0,6484.0
2021-01-01 09:00:00,NSE:SHAREINDIA,183.0,189.0,178.25,179.95,3739.0
2021-01-01 10:00:00,NSE:SHAREINDIA,179.0,182.0,179.0,182.0,2316.0
2021-01-01 11:00:00,NSE:SHAREINDIA,181.0,184.0,178.25,180.3,2949.0
2021-01-01 12:00:00,NSE:SHAREINDIA,183.0,183.8,180.3,183.45,1318.0
2021-01-01 13:00:00,NSE:SHAREINDIA,183.9,184.75,180.1,180.1,3598.0
2021-01-01 14:00:00,NSE:SHAREINDIA,181.5,183.0,181.15,182.95,1801.0
2021-01-01 15:00:00,NSE:SHAREINDIA,183.0,184.5,181.1,183.35,6173.0
2021-01-04 09:00:00,NSE:SHAREINDIA,187.9,187.9,180.95,181.65,3205.0
2021-01-04 10:00:00,NSE:SHAREINDIA,181.55,184.0,181.55,183.0,6080.0
2021-01-04 11:00:00,NSE:SHAREINDIA,183.0,184.95,180.0,184.95,11217.0
2021-01-04 12:00:00,NSE:SHAREINDIA,184.95,191.05,184.0,187.0,11436.0
2021-01-04 13:00:00,NSE:SHAREINDIA,187.0,187.0,186.1,186.9,3795.0
2021-01-04 14:00:00,NSE:SHAREINDIA,186.15,187.9,186.0,186.05,2862.0
2021-01-04 15:00:00,NSE:SHAREINDIA,186.55,187.0,186.0,186.55,1497.0
2021-01-05 09:00:00,NSE:SHAREINDIA,180.05,188.95,180.05,188.0,5661.0
2021-01-05 10:00:00,NSE:SHAREINDIA,187.55,192.5,187.55,192.25,5499.0
2021-01-05 11:00:00,NSE:SHAREINDIA,190.4,194.0,190.0,192.15,3260.0
2021-01-05 12:00:00,NSE:SHAREINDIA,192.55,194.2,192.35,192.55,2842.0
2021-01-05 13:00:00,NSE:SHAREINDIA,191.75,195.05,191.25,192.3,3989.0
2021-01-05 14:00:00,NSE:SHAREINDIA,193.9,196.0,192.55,193.9,5752.0
2021-01-05 15:00:00,NSE:SHAREINDIA,194.0,195.2,192.5,194.0,3576.0
2021-01-06 09:00:00,NSE:SHAREINDIA,196.0,200.0,195.95,199.9,10625.0
2021-01-06 10:00:00,NSE:SHAREINDIA,199.55,200.0,198.1,199.5,9210.0
2021-01-06 11:00:00,NSE:SHAREINDIA,199.0,199.8,198.1,198.15,2540.0
2021-01-06 12:00:00,NSE:SHAREINDIA,198.15,198.45,196.4,198.45,2771.0
2021-01-06 13:00:00,NSE:SHAREINDIA,197.5,198.4,196.1,196.8,2451.0
2021-01-06 14:00:00,NSE:SHAREINDIA,196.8,198.1,196.0,198.1,5527.0
2021-01-06 15:00:00,NSE:SHAREINDIA,198.1,204.0,198.1,202.0,12144.0
2021-01-07 09:00:00,NSE:SHAREINDIA,206.3,206.9,200.0,200.05,8012.0
2021-01-07 10:00:00,NSE:SHAREINDIA,200.55,200.8,196.35,199.1,5721.0
2021-01-07 11:00:00,NSE:SHAREINDIA,199.9,199.9,197.05,198.95,3739.0
2021-01-07 12:00:00,NSE:SHAREINDIA,198.3,199.95,198.3,199.15,603.0
2021-01-07 13:00:00,NSE:SHAREINDIA,199.0,200.05,198.3,200.05,3486.0
2021-01-07 14:00:00,NSE:SHAREINDIA,200.05,203.45,200.05,200.9,3511.0
2021-01-07 15:00:00,NSE:SHAREINDIA,200.65,201.9,200.0,200.65,4417.0
2021-01-08 09:00:00,NSE:SHAREINDIA,200.65,204.8,200.0,200.4,2734.0
2021-01-08 10:00:00,NSE:SHAREINDIA,200.35,203.7,200.0,203.65,5964.0
2021-01-08 11:00:00,NSE:SHAREINDIA,203.05,204.0,203.0,203.85,3783.0
2021-01-08 12:00:00,NSE:SHAREINDIA,203.85,206.75,203.85,204.0,7531.0
2021-01-08 13:00:00,NSE:SHAREINDIA,204.25,205.2,204.0,205.2,2163.0
2021-01-08 14:00:00,NSE:SHAREINDIA,204.15,205.0,204.0,205.0,3814.0
2021-01-08 15:00:00,NSE:SHAREINDIA,204.1,204.75,204.0,204.0,6899.0
2021-01-11 09:00:00,NSE:SHAREINDIA,208.0,208.0,202.55,205.4,2820.0
2021-01-11 10:00:00,NSE:SHAREINDIA,202.6,207.0,201.2,204.5,4260.0
2021-01-11 11:00:00,NSE:SHAREINDIA,204.5,204.5,201.65,204.0,2277.0
2021-01-11 12:00:00,NSE:SHAREINDIA,204.0,204.95,202.1,203.65,3340.0
2021-01-11 13:00:00,NSE:SHAREINDIA,203.15,203.6,203.0,203.0,832.0
2021-01-11 14:00:00,NSE:SHAREINDIA,203.65,203.65,201.05,201.7,5327.0
2021-01-11 15:00:00,NSE:SHAREINDIA,202.8,203.0,197.95,200.3,6451.0
2021-01-12 09:00:00,NSE:SHAREINDIA,193.0,203.05,193.0,196.85,5829.0
2021-01-12 10:00:00,NSE:SHAREINDIA,197.3,203.9,196.3,200.05,17171.0
2021-01-12 11:00:00,NSE:SHAREINDIA,201.1,202.9,200.1,202.7,1839.0
2021-01-12 12:00:00,NSE:SHAREINDIA,201.1,202.0,200.55,200.55,3556.0
2021-01-12 13:00:00,NSE:SHAREINDIA,200.6,201.95,200.1,201.0,2428.0
2021-01-12 14:00:00,NSE:SHAREINDIA,200.6,201.5,199.2,199.2,3442.0
2021-01-12 15:00:00,NSE:SHAREINDIA,200.85,200.85,199.0,199.8,4452.0
2021-01-13 09:00:00,NSE:SHAREINDIA,202.9,204.0,197.65,200.25,3656.0
2021-01-13 10:00:00,NSE:SHAREINDIA,200.25,201.6,200.25,201.1,9358.0
2021-01-13 11:00:00,NSE:SHAREINDIA,201.1,201.5,198.6,200.7,2575.0
2021-01-13 12:00:00,NSE:SHAREINDIA,198.6,200.65,195.25,197.1,4717.0
2021-01-13 13:00:00,NSE:SHAREINDIA,197.15,199.65,197.15,198.9,742.0
2021-01-13 14:00:00,NSE:SHAREINDIA,198.0,198.0,192.0,193.95,6593.0
2021-01-13 15:00:00,NSE:SHAREINDIA,193.5,198.0,193.5,196.7,3806.0
2021-01-14 09:00:00,NSE:SHAREINDIA,194.55,195.8,193.1,194.0,1694.0
2021-01-14 10:00:00,NSE:SHAREINDIA,194.0,194.95,190.1,193.5,5638.0
2021-01-14 11:00:00,NSE:SHAREINDIA,193.7,195.7,193.5,195.7,4222.0
2021-01-14 12:00:00,NSE:SHAREINDIA,195.95,196.25,193.5,193.5,2439.0
2021-01-14 13:00:00,NSE:SHAREINDIA,193.5,195.7,192.1,195.7,3769.0
2021-01-14 14:00:00,NSE:SHAREINDIA,195.8,199.45,195.8,198.15,12583.0
2021-01-14 15:00:00,NSE:SHAREINDIA,198.1,198.15,196.0,196.05,6863.0
2021-01-15 09:00:00,NSE:SHAREINDIA,197.25,197.35,193.0,193.65,966.0
2021-01-15 10:00:00,NSE:SHAREINDIA,193.65,195.9,193.65,194.0,528.0
2021-01-15 11:00:00,NSE:SHAREINDIA,194.45,195.0,193.5,193.5,1117.0
2021-01-15 12:00:00,NSE:SHAREINDIA,193.05,197.15,193.05,194.05,1849.0
2021-01-15 13:00:00,NSE:SHAREINDIA,194.1,197.9,193.9,193.9,2565.0
2021-01-15 14:00:00,NSE:SHAREINDIA,194.5,194.5,192.2,192.3,2222.0
2021-01-15 15:00:00,NSE:SHAREINDIA,192.2,192.95,183.65,188.1,11102.0
2021-01-18 09:00:00,NSE:SHAREINDIA,196.0,196.0,178.0,182.95,9898.0
2021-01-18 10:00:00,NSE:SHAREINDIA,182.05,182.2,180.25,180.65,3304.0
2021-01-18 11:00:00,NSE:SHAREINDIA,181.4,184.0,180.6,181.25,2832.0
2021-01-18 12:00:00,NSE:SHAREINDIA,181.3,183.45,181.3,183.45,254.0
2021-01-18 13:00:00,NSE:SHAREINDIA,182.95,182.95,181.25,181.25,1835.0
2021-01-18 14:00:00,NSE:SHAREINDIA,182.55,184.4,182.55,183.5,1350.0
2021-01-18 15:00:00,NSE:SHAREINDIA,183.95,184.0,183.0,183.1,4581.0
2021-01-19 09:00:00,NSE:SHAREINDIA,189.45,189.9,181.55,185.45,9957.0
2021-01-19 10:00:00,NSE:SHAREINDIA,185.95,188.0,183.75,183.75,1909.0
2021-01-19 11:00:00,NSE:SHAREINDIA,184.1,187.85,184.1,185.55,641.0
2021-01-19 12:00:00,NSE:SHAREINDIA,186.95,187.0,184.9,186.85,1510.0
2021-01-19 13:00:00,NSE:SHAREINDIA,186.5,187.3,185.1,187.05,682.0
2021-01-19 14:00:00,NSE:SHAREINDIA,188.0,188.0,184.25,185.0,2405.0
2021-01-19 15:00:00,NSE:SHAREINDIA,184.25,184.95,179.3,182.35,14426.0
2021-01-20 09:00:00,NSE:SHAREINDIA,182.15,185.95,182.15,183.3,816.0
2021-01-20 10:00:00,NSE:SHAREINDIA,183.35,184.8,182.5,184.8,2173.0
2021-01-20 11:00:00,NSE:SHAREINDIA,184.9,186.1,183.05,185.5,812.0
2021-01-20 12:00:00,NSE:SHAREINDIA,185.55,185.6,184.55,184.55,233.0
2021-01-20 13:00:00,NSE:SHAREINDIA,184.5,185.15,183.05,185.0,683.0
2021-01-20 14:00:00,NSE:SHAREINDIA,185.0,185.0,183.6,183.6,522.0
2021-01-20 15:00:00,NSE:SHAREINDIA,184.7,184.7,182.5,182.6,2450.0
2021-01-21 09:00:00,NSE:SHAREINDIA,185.55,189.0,184.0,185.8,2625.0
2021-01-21 10:00:00,NSE:SHAREINDIA,185.45,186.75,185.45,186.2,443.0
2021-01-21 11:00:00,NSE:SHAREINDIA,186.2,186.5,185.5,186.0,3564.0
2021-01-21 12:00:00,NSE:SHAREINDIA,185.45,186.3,183.3,183.8,2272.0
2021-01-21 13:00:00,NSE:SHAREINDIA,185.5,190.0,183.65,188.95,8696.0
2021-01-21 14:00:00,NSE:SHAREINDIA,188.95,188.95,185.4,185.65,2439.0
2021-01-21 15:00:00,NSE:SHAREINDIA,185.6,189.9,185.3,185.6,2520.0
2021-01-22 09:00:00,NSE:SHAREINDIA,185.3,187.1,184.2,184.65,1307.0
2021-01-22 10:00:00,NSE:SHAREINDIA,184.55,187.1,184.0,187.1,2474.0
2021-01-22 11:00:00,NSE:SHAREINDIA,185.5,187.7,184.3,185.0,1865.0
2021-01-22 12:00:00,NSE:SHAREINDIA,184.35,186.8,183.05,186.8,1966.0
2021-01-22 13:00:00,NSE:SHAREINDIA,184.75,185.5,183.25,183.35,784.0
2021-01-22 14:00:00,NSE:SHAREINDIA,182.95,184.25,181.0,184.2,1611.0
2021-01-22 15:00:00,NSE:SHAREINDIA,182.2,183.0,180.1,182.0,3088.0
2021-01-25 09:00:00,NSE:SHAREINDIA,182.3,185.95,177.35,177.45,1313.0
2021-01-25 10:00:00,NSE:SHAREINDIA,177.35,179.3,175.25,176.9,1739.0
2021-01-25 11:00:00,NSE:SHAREINDIA,176.9,178.2,176.3,176.35,655.0
2021-01-25 12:00:00,NSE:SHAREINDIA,178.95,178.95,177.05,178.45,652.0
2021-01-25 13:00:00,NSE:SHAREINDIA,177.85,177.85,177.85,177.85,1.0
2021-01-25 14:00:00,NSE:SHAREINDIA,177.0,177.35,176.9,177.15,237.0
2021-01-25 15:00:00,NSE:SHAREINDIA,175.95,175.95,171.35,171.35,1747.0
2021-01-27 09:00:00,NSE:SHAREINDIA,176.7,178.0,175.15,175.15,207.0
2021-01-27 10:00:00,NSE:SHAREINDIA,176.6,177.5,176.0,176.05,222.0
2021-01-27 11:00:00,NSE:SHAREINDIA,176.85,176.85,176.85,176.85,22.0
2021-01-27 12:00:00,NSE:SHAREINDIA,176.0,176.0,174.3,175.0,196.0
2021-01-27 13:00:00,NSE:SHAREINDIA,174.65,175.75,170.75,171.15,1062.0
2021-01-27 14:00:00,NSE:SHAREINDIA,171.15,175.0,171.15,175.0,1063.0
2021-01-27 15:00:00,NSE:SHAREINDIA,175.9,178.0,173.35,175.95,1550.0
2021-01-28 09:00:00,NSE:SHAREINDIA,175.6,175.65,171.25,174.75,325.0
2021-01-28 10:00:00,NSE:SHAREINDIA,174.05,175.65,173.1,174.55,164.0
2021-01-28 11:00:00,NSE:SHAREINDIA,176.4,176.45,174.2,175.1,52.0
2021-01-28 12:00:00,NSE:SHAREINDIA,175.1,175.1,174.35,175.05,109.0
2021-01-28 13:00:00,NSE:SHAREINDIA,175.0,177.0,173.0,177.0,1382.0
2021-01-28 14:00:00,NSE:SHAREINDIA,173.15,175.35,173.1,175.1,265.0
2021-01-28 15:00:00,NSE:SHAREINDIA,174.95,174.95,172.35,173.95,687.0
2021-01-29 09:00:00,NSE:SHAREINDIA,173.9,178.95,172.1,172.4,556.0
2021-01-29 10:00:00,NSE:SHAREINDIA,173.6,176.0,172.4,174.95,1125.0
2021-01-29 11:00:00,NSE:SHAREINDIA,172.75,175.95,172.75,172.95,344.0
2021-01-29 12:00:00,NSE:SHAREINDIA,175.55,175.55,175.55,175.55,3.0
2021-01-29 13:00:00,NSE:SHAREINDIA,175.65,175.85,175.6,175.85,18.0
2021-01-29 14:00:00,NSE:SHAREINDIA,175.75,175.75,175.65,175.7,245.0
2021-01-29 15:00:00,NSE:SHAREINDIA,175.0,175.5,172.4,174.4,702.0
2021-02-01 09:00:00,NSE:SHAREINDIA,177.45,177.95,174.05,177.0,1050.0
2021-02-01 10:00:00,NSE:SHAREINDIA,176.0,181.0,173.3,178.6,1550.0
2021-02-01 11:00:00,NSE:SHAREINDIA,180.85,183.0,179.0,179.0,6177.0
2021-02-01 12:00:00,NSE:SHAREINDIA,179.0,180.85,178.95,180.85,7378.0
2021-02-01 13:00:00,NSE:SHAREINDIA,181.85,190.0,179.9,190.0,49508.0
2021-02-01 14:00:00,NSE:SHAREINDIA,190.4,190.6,189.5,190.6,38596.0
2021-02-01 15:00:00,NSE:SHAREINDIA,190.6,190.6,190.5,190.5,5696.0
2021-02-02 09:00:00,NSE:SHAREINDIA,194.7,196.35,191.2,191.85,9895.0
2021-02-02 10:00:00,NSE:SHAREINDIA,190.65,191.0,186.45,190.0,18317.0
2021-02-02 11:00:00,NSE:SHAREINDIA,193.0,193.0,188.2,190.5,1379.0
2021-02-02 12:00:00,NSE:SHAREINDIA,190.45,190.95,190.45,190.55,702.0
2021-02-02 13:00:00,NSE:SHAREINDIA,191.0,192.0,190.9,191.9,1393.0
2021-02-02 14:00:00,NSE:SHAREINDIA,191.0,191.45,188.85,188.85,1255.0
2021-02-02 15:00:00,NSE:SHAREINDIA,188.8,192.0,188.0,188.2,1909.0
2021-02-03 09:00:00,NSE:SHAREINDIA,194.0,194.0,190.1,191.0,236.0
2021-02-03 10:00:00,NSE:SHAREINDIA,190.55,191.0,190.2,190.95,10899.0
2021-02-03 11:00:00,NSE:SHAREINDIA,190.7,191.0,190.25,190.5,668.0
2021-02-03 12:00:00,NSE:SHAREINDIA,190.0,190.0,186.55,188.7,1224.0
2021-02-03 13:00:00,NSE:SHAREINDIA,189.0,189.75,189.0,189.75,3.0
2021-02-03 14:00:00,NSE:SHAREINDIA,189.7,190.0,188.9,189.95,276.0
2021-02-03 15:00:00,NSE:SHAREINDIA,189.35,190.3,187.0,188.0,1994.0
2021-02-04 09:00:00,NSE:SHAREINDIA,188.45,193.1,188.45,190.0,1758.0
2021-02-04 10:00:00,NSE:SHAREINDIA,189.25,190.8,189.25,190.8,1890.0
2021-02-04 11:00:00,NSE:SHAREINDIA,194.0,194.0,190.9,190.9,4160.0
2021-02-04 12:00:00,NSE:SHAREINDIA,191.35,191.35,190.5,190.5,102.0
2021-02-04 13:00:00,NSE:SHAREINDIA,191.45,191.45,189.2,189.2,516.0
2021-02-04 14:00:00,NSE:SHAREINDIA,189.0,191.45,187.95,190.45,1841.0
2021-02-04 15:00:00,NSE:SHAREINDIA,190.5,191.5,189.5,190.95,1644.0
2021-02-05 09:00:00,NSE:SHAREINDIA,196.7,199.1,190.95,192.15,3620.0
2021-02-05 10:00:00,NSE:SHAREINDIA,193.0,193.0,191.0,191.0,1597.0
2021-02-05 11:00:00,NSE:SHAREINDIA,191.0,191.0,190.25,190.25,1679.0
2021-02-05 12:00:00,NSE:SHAREINDIA,190.1,191.0,189.1,191.0,1317.0
2021-02-05 13:00:00,NSE:SHAREINDIA,189.55,191.0,188.55,190.6,5485.0
2021-02-05 14:00:00,NSE:SHAREINDIA,190.9,191.0,190.05,190.95,3284.0
2021-02-05 15:00:00,NSE:SHAREINDIA,191.0,194.6,191.0,194.5,4655.0
2021-02-08 09:00:00,NSE:SHAREINDIA,200.0,206.05,199.95,202.6,73108.0
2021-02-08 10:00:00,NSE:SHAREINDIA,203.55,203.75,202.25,203.2,9137.0
2021-02-08 11:00:00,NSE:SHAREINDIA,203.4,204.65,202.7,203.9,17743.0
2021-02-08 12:00:00,NSE:SHAREINDIA,203.95,204.2,203.5,204.2,3335.0
2021-02-08 13:00:00,NSE:SHAREINDIA,204.45,204.9,203.1,204.0,7035.0
2021-02-08 14:00:00,NSE:SHAREINDIA,203.1,203.8,200.8,201.65,11570.0
2021-02-08 15:00:00,NSE:SHAREINDIA,201.65,204.95,201.1,201.95,3324.0
2021-02-09 09:00:00,NSE:SHAREINDIA,201.0,209.6,201.0,204.15,27253.0
2021-02-09 10:00:00,NSE:SHAREINDIA,204.0,204.25,203.1,203.3,21221.0
2021-02-09 11:00:00,NSE:SHAREINDIA,204.1,204.1,203.25,203.3,381.0
2021-02-09 12:00:00,NSE:SHAREINDIA,204.15,204.15,201.6,202.8,2708.0
2021-02-09 13:00:00,NSE:SHAREINDIA,202.0,202.45,200.5,200.5,767.0
2021-02-09 14:00:00,NSE:SHAREINDIA,201.1,204.25,200.5,204.25,2559.0
2021-02-09 15:00:00,NSE:SHAREINDIA,205.05,210.75,203.95,204.5,43607.0
2021-02-10 09:00:00,NSE:SHAREINDIA,209.7,209.7,205.25,205.65,2635.0
2021-02-10 10:00:00,NSE:SHAREINDIA,206.2,206.65,204.15,204.3,2750.0
2021-02-10 11:00:00,NSE:SHAREINDIA,204.5,204.9,203.05,204.15,1625.0
2021-02-10 12:00:00,NSE:SHAREINDIA,204.4,206.0,204.4,205.55,2535.0
2021-02-10 13:00:00,NSE:SHAREINDIA,205.1,205.65,205.0,205.0,261.0
2021-02-10 14:00:00,NSE:SHAREINDIA,205.1,207.7,204.8,207.5,1743.0
2021-02-10 15:00:00,NSE:SHAREINDIA,207.35,207.35,205.0,205.95,296.0
2021-02-11 09:00:00,NSE:SHAREINDIA,204.0,207.0,204.0,206.0,909.0
2021-02-11 10:00:00,NSE:SHAREINDIA,205.65,206.0,204.15,205.0,1282.0
2021-02-11 11:00:00,NSE:SHAREINDIA,205.0,205.9,205.0,205.45,2390.0
2021-02-11 12:00:00,NSE:SHAREINDIA,205.45,217.1,205.45,214.0,17656.0
2021-02-11 13:00:00,NSE:SHAREINDIA,214.0,214.0,210.0,212.7,12999.0
2021-02-11 14:00:00,NSE:SHAREINDIA,213.0,216.0,213.0,214.3,3194.0
2021-02-11 15:00:00,NSE:SHAREINDIA,214.8,216.0,213.1,214.4,14144.0
2021-02-12 09:00:00,NSE:SHAREINDIA,216.0,216.0,214.05,215.0,2385.0
2021-02-12 10:00:00,NSE:SHAREINDIA,215.0,217.0,214.05,215.2,2039.0
2021-02-12 11:00:00,NSE:SHAREINDIA,215.25,216.0,213.5,213.5,1406.0
2021-02-12 12:00:00,NSE:SHAREINDIA,213.5,213.55,212.5,213.55,467.0
2021-02-12 13:00:00,NSE:SHAREINDIA,214.0,214.0,212.9,213.2,282.0
2021-02-12 14:00:00,NSE:SHAREINDIA,213.0,213.0,211.0,211.0,2491.0
2021-02-12 15:00:00,NSE:SHAREINDIA,210.95,214.9,210.3,214.9,929.0
2021-02-15 09:00:00,NSE:SHAREINDIA,216.9,218.0,212.5,217.0,3303.0
2021-02-15 10:00:00,NSE:SHAREINDIA,217.0,219.8,217.0,218.5,4654.0
2021-02-15 11:00:00,NSE:SHAREINDIA,218.55,221.0,217.0,220.35,5482.0
2021-02-15 12:00:00,NSE:SHAREINDIA,220.15,224.1,219.0,222.1,4821.0
2021-02-15 13:00:00,NSE:SHAREINDIA,222.0,225.0,222.0,224.25,2226.0
2021-02-15 14:00:00,NSE:SHAREINDIA,224.95,224.95,222.05,222.35,2057.0
2021-02-15 15:00:00,NSE:SHAREINDIA,224.45,226.0,222.35,225.75,3259.0
2021-02-16 09:00:00,NSE:SHAREINDIA,226.8,234.0,223.95,230.35,7814.0
2021-02-16 10:00:00,NSE:SHAREINDIA,230.9,232.9,230.0,230.45,2621.0
2021-02-16 11:00:00,NSE:SHAREINDIA,233.0,233.0,230.25,230.25,725.0
2021-02-16 12:00:00,NSE:SHAREINDIA,230.25,239.0,230.0,234.0,6762.0
2021-02-16 13:00:00,NSE:SHAREINDIA,234.0,234.7,233.0,234.0,1613.0
2021-02-16 14:00:00,NSE:SHAREINDIA,235.0,236.7,233.0,236.7,1802.0
2021-02-16 15:00:00,NSE:SHAREINDIA,236.7,239.0,234.0,238.95,2835.0
2021-02-17 09:00:00,NSE:SHAREINDIA,237.0,239.9,233.1,239.4,3076.0
2021-02-17 10:00:00,NSE:SHAREINDIA,239.4,239.4,236.55,238.9,2649.0
2021-02-17 11:00:00,NSE:SHAREINDIA,237.9,239.0,236.0,236.0,820.0
2021-02-17 12:00:00,NSE:SHAREINDIA,235.55,235.55,235.25,235.25,160.0
2021-02-17 13:00:00,NSE:SHAREINDIA,235.25,235.7,235.05,235.7,280.0
2021-02-17 14:00:00,NSE:SHAREINDIA,235.7,235.7,233.0,235.0,10358.0
2021-02-17 15:00:00,NSE:SHAREINDIA,234.5,237.0,233.7,237.0,1508.0
2021-02-18 09:00:00,NSE:SHAREINDIA,239.7,240.3,236.0,236.0,2080.0
2021-02-18 10:00:00,NSE:SHAREINDIA,236.0,236.95,236.0,236.9,362.0
2021-02-18 11:00:00,NSE:SHAREINDIA,236.05,236.6,235.5,235.5,372.0
2021-02-18 12:00:00,NSE:SHAREINDIA,235.45,237.0,233.0,233.0,1846.0
2021-02-18 13:00:00,NSE:SHAREINDIA,233.0,234.9,233.0,234.0,883.0
2021-02-18 14:00:00,NSE:SHAREINDIA,234.0,234.0,233.0,233.05,928.0
2021-02-18 15:00:00,NSE:SHAREINDIA,233.0,234.9,230.9,232.2,9287.0
2021-02-19 09:00:00,NSE:SHAREINDIA,227.0,235.15,223.65,235.0,4025.0
2021-02-19 10:00:00,NSE:SHAREINDIA,235.0,236.75,234.0,234.2,706.0
2021-02-19 11:00:00,NSE:SHAREINDIA,233.7,234.9,232.1,233.55,1310.0
2021-02-19 12:00:00,NSE:SHAREINDIA,234.65,235.0,233.4,233.4,473.0
2021-02-19 13:00:00,NSE:SHAREINDIA,232.8,234.9,232.1,232.85,1140.0
2021-02-19 14:00:00,NSE:SHAREINDIA,234.45,234.5,231.5,231.8,2826.0
2021-02-19 15:00:00,NSE:SHAREINDIA,233.95,236.2,231.45,234.75,1672.0
2021-02-22 09:00:00,NSE:SHAREINDIA,239.0,239.0,232.0,234.0,865.0
2021-02-22 10:00:00,NSE:SHAREINDIA,233.8,235.0,233.75,234.0,584.0
2021-02-22 11:00:00,NSE:SHAREINDIA,233.75,234.0,233.0,233.95,424.0
2021-02-22 12:00:00,NSE:SHAREINDIA,233.1,233.95,231.0,231.0,615.0
2021-02-22 13:00:00,NSE:SHAREINDIA,231.3,233.4,221.25,223.8,4590.0
2021-02-22 14:00:00,NSE:SHAREINDIA,223.8,227.45,221.2,227.45,3679.0
2021-02-22 15:00:00,NSE:SHAREINDIA,226.95,228.85,225.1,227.4,1080.0
2021-02-23 09:00:00,NSE:SHAREINDIA,225.85,233.7,225.85,228.5,277.0
2021-02-23 10:00:00,NSE:SHAREINDIA,230.65,232.8,230.65,232.7,512.0
2021-02-23 11:00:00,NSE:SHAREINDIA,230.85,232.3,228.85,229.6,904.0
2021-02-23 12:00:00,NSE:SHAREINDIA,228.6,231.65,228.6,230.5,223.0
2021-02-23 13:00:00,NSE:SHAREINDIA,230.5,230.5,227.25,227.25,711.0
2021-02-23 14:00:00,NSE:SHAREINDIA,226.2,229.75,225.0,226.75,1179.0
2021-02-23 15:00:00,NSE:SHAREINDIA,227.35,229.6,225.0,225.0,829.0
2021-02-24 09:00:00,NSE:SHAREINDIA,233.3,233.3,225.65,227.65,79.0
2021-02-24 10:00:00,NSE:SHAREINDIA,228.1,233.3,227.55,233.2,878.0
2021-02-24 11:00:00,NSE:SHAREINDIA,233.0,233.7,232.75,233.0,1047.0
2021-02-24 15:00:00,NSE:SHAREINDIA,239.8,239.8,230.05,230.05,30.0
2021-02-24 16:00:00,NSE:SHAREINDIA,230.0,233.45,229.9,232.7,1339.0
2021-02-25 09:00:00,NSE:SHAREINDIA,235.0,238.75,229.15,235.0,780.0
2021-02-25 10:00:00,NSE:SHAREINDIA,235.0,235.0,230.0,231.25,1894.0
2021-02-25 11:00:00,NSE:SHAREINDIA,231.0,235.0,231.0,231.0,1601.0
2021-02-25 12:00:00,NSE:SHAREINDIA,230.55,233.35,229.5,229.5,3543.0
2021-02-25 13:00:00,NSE:SHAREINDIA,229.25,230.0,229.05,229.9,1170.0
2021-02-25 14:00:00,NSE:SHAREINDIA,229.25,230.0,228.1,230.0,2050.0
2021-02-25 15:00:00,NSE:SHAREINDIA,229.95,229.95,228.1,228.1,1234.0
2021-02-26 09:00:00,NSE:SHAREINDIA,233.45,234.7,225.05,229.75,1048.0
2021-02-26 10:00:00,NSE:SHAREINDIA,231.8,231.8,225.0,226.0,966.0
2021-02-26 11:00:00,NSE:SHAREINDIA,226.0,229.4,223.1,229.4,1401.0
2021-02-26 12:00:00,NSE:SHAREINDIA,228.0,229.4,226.0,229.4,935.0
2021-02-26 13:00:00,NSE:SHAREINDIA,228.15,231.55,228.0,229.5,9251.0
2021-02-26 14:00:00,NSE:SHAREINDIA,231.9,231.9,228.0,229.0,130.0
2021-02-26 15:00:00,NSE:SHAREINDIA,230.35,230.7,225.0,225.0,761.0
2021-03-01 09:00:00,NSE:SHAREINDIA,234.9,234.9,229.2,229.3,540.0
2021-03-01 10:00:00,NSE:SHAREINDIA,230.1,232.25,229.0,230.0,1271.0
2021-03-01 11:00:00,NSE:SHAREINDIA,230.5,231.0,230.5,231.0,174.0
2021-03-01 12:00:00,NSE:SHAREINDIA,231.0,231.5,230.9,230.95,2529.0
2021-03-01 13:00:00,NSE:SHAREINDIA,229.35,233.4,229.0,233.4,751.0
2021-03-01 14:00:00,NSE:SHAREINDIA,232.5,232.5,229.05,229.05,295.0
2021-03-01 15:00:00,NSE:SHAREINDIA,230.05,233.0,230.05,233.0,963.0
2021-03-02 09:00:00,NSE:SHAREINDIA,237.95,237.95,232.05,233.0,2032.0
2021-03-02 10:00:00,NSE:SHAREINDIA,232.65,234.0,232.65,234.0,336.0
2021-03-02 11:00:00,NSE:SHAREINDIA,234.0,234.0,233.05,233.05,68.0
2021-03-02 12:00:00,NSE:SHAREINDIA,233.0,234.8,230.55,232.75,459.0
2021-03-02 13:00:00,NSE:SHAREINDIA,233.95,235.0,230.55,231.9,1564.0
2021-03-02 14:00:00,NSE:SHAREINDIA,231.9,232.9,231.9,232.85,309.0
2021-03-02 15:00:00,NSE:SHAREINDIA,232.85,232.9,229.5,229.5,277.0
2021-03-03 09:00:00,NSE:SHAREINDIA,235.0,235.0,231.7,232.9,155.0
2021-03-03 10:00:00,NSE:SHAREINDIA,232.9,236.9,232.9,236.9,2806.0
2021-03-03 11:00:00,NSE:SHAREINDIA,238.0,238.9,238.0,238.0,7419.0
2021-03-03 12:00:00,NSE:SHAREINDIA,238.5,258.0,237.05,258.0,9270.0
2021-03-03 13:00:00,NSE:SHAREINDIA,257.0,261.7,247.5,250.05,12586.0
2021-03-03 14:00:00,NSE:SHAREINDIA,250.0,255.0,245.0,252.0,4802.0
2021-03-03 15:00:00,NSE:SHAREINDIA,252.05,256.0,250.1,254.15,4099.0
2021-03-04 09:00:00,NSE:SHAREINDIA,258.8,258.8,250.05,252.1,2728.0
2021-03-04 10:00:00,NSE:SHAREINDIA,253.0,253.0,252.05,253.0,9320.0
2021-03-04 11:00:00,NSE:SHAREINDIA,252.85,254.0,252.85,253.5,1046.0
2021-03-04 12:00:00,NSE:SHAREINDIA,253.0,254.95,252.55,254.15,462.0
2021-03-04 13:00:00,NSE:SHAREINDIA,254.15,258.95,253.85,254.0,2284.0
2021-03-04 14:00:00,NSE:SHAREINDIA,254.7,262.05,252.0,262.0,4168.0
2021-03-04 15:00:00,NSE:SHAREINDIA,260.05,263.0,260.05,262.0,1969.0
2021-03-05 09:00:00,NSE:SHAREINDIA,265.0,268.9,259.05,261.05,3575.0
2021-03-05 10:00:00,NSE:SHAREINDIA,262.0,265.85,259.05,261.55,9953.0
2021-03-05 11:00:00,NSE:SHAREINDIA,261.0,261.6,258.95,259.0,1791.0
2021-03-05 12:00:00,NSE:SHAREINDIA,257.1,259.05,257.1,259.05,315.0
2021-03-05 13:00:00,NSE:SHAREINDIA,259.05,260.0,259.0,259.0,76.0
2021-03-05 14:00:00,NSE:SHAREINDIA,259.0,259.0,254.7,254.9,2853.0
2021-03-05 15:00:00,NSE:SHAREINDIA,253.8,256.0,252.2,254.0,2796.0
2021-03-08 09:00:00,NSE:SHAREINDIA,259.9,259.9,256.8,259.9,1180.0
2021-03-08 10:00:00,NSE:SHAREINDIA,259.9,260.9,256.0,256.0,3554.0
2021-03-08 11:00:00,NSE:SHAREINDIA,256.0,256.6,254.3,255.0,303.0
2021-03-08 12:00:00,NSE:SHAREINDIA,255.0,256.6,255.0,255.1,292.0
2021-03-08 13:00:00,NSE:SHAREINDIA,255.95,256.75,255.1,256.7,1142.0
2021-03-08 14:00:00,NSE:SHAREINDIA,255.6,256.75,255.2,256.7,5842.0
2021-03-08 15:00:00,NSE:SHAREINDIA,256.0,256.75,254.0,256.0,1937.0
2021-03-09 09:00:00,NSE:SHAREINDIA,258.0,259.8,255.0,258.1,1980.0
2021-03-09 10:00:00,NSE:SHAREINDIA,259.55,279.15,259.55,274.0,44513.0
2021-03-09 11:00:00,NSE:SHAREINDIA,274.0,277.8,273.95,277.5,10032.0
2021-03-09 12:00:00,NSE:SHAREINDIA,277.5,287.0,277.25,278.45,16128.0
2021-03-09 13:00:00,NSE:SHAREINDIA,277.2,278.35,271.0,274.05,10266.0
2021-03-09 14:00:00,NSE:SHAREINDIA,275.0,277.0,272.85,272.85,3379.0
2021-03-09 15:00:00,NSE:SHAREINDIA,273.1,274.95,271.75,271.75,6734.0
2021-03-10 09:00:00,NSE:SHAREINDIA,284.9,284.9,267.95,271.0,5414.0
2021-03-10 10:00:00,NSE:SHAREINDIA,272.45,272.5,269.85,271.85,3224.0
2021-03-10 11:00:00,NSE:SHAREINDIA,271.8,274.0,271.8,274.0,1365.0
2021-03-10 12:00:00,NSE:SHAREINDIA,275.0,275.0,271.2,271.2,450.0
2021-03-10 13:00:00,NSE:SHAREINDIA,272.0,274.0,272.0,274.0,530.0
2021-03-10 14:00:00,NSE:SHAREINDIA,275.0,275.0,269.35,271.85,2125.0
2021-03-10 15:00:00,NSE:SHAREINDIA,271.75,271.8,267.0,271.0,4526.0
2021-03-12 09:00:00,NSE:SHAREINDIA,277.85,277.85,263.1,269.55,4447.0
2021-03-12 10:00:00,NSE:SHAREINDIA,269.25,275.0,263.25,272.6,5235.0
2021-03-12 11:00:00,NSE:SHAREINDIA,271.0,277.15,265.15,273.0,4212.0
2021-03-12 12:00:00,NSE:SHAREINDIA,273.9,273.9,272.0,272.15,729.0
2021-03-12 13:00:00,NSE:SHAREINDIA,272.15,273.0,269.8,269.8,1281.0
2021-03-12 14:00:00,NSE:SHAREINDIA,271.15,273.0,268.0,269.05,939.0
2021-03-12 15:00:00,NSE:SHAREINDIA,269.1,275.0,269.1,275.0,789.0
2021-03-15 09:00:00,NSE:SHAREINDIA,279.7,279.7,268.5,269.95,4478.0
2021-03-15 10:00:00,NSE:SHAREINDIA,269.05,271.05,269.05,271.05,2272.0
2021-03-15 11:00:00,NSE:SHAREINDIA,270.85,272.4,267.1,267.95,1040.0
2021-03-15 12:00:00,NSE:SHAREINDIA,268.0,268.0,267.95,267.95,737.0
2021-03-15 13:00:00,NSE:SHAREINDIA,268.0,272.5,267.95,271.5,2044.0
2021-03-15 14:00:00,NSE:SHAREINDIA,272.5,275.5,270.55,272.0,1361.0
2021-03-15 15:00:00,NSE:SHAREINDIA,272.0,272.0,267.95,268.0,1020.0
2021-03-16 09:00:00,NSE:SHAREINDIA,273.85,273.9,268.75,268.9,933.0
2021-03-16 10:00:00,NSE:SHAREINDIA,268.9,272.0,268.9,271.4,328.0
2021-03-16 11:00:00,NSE:SHAREINDIA,271.4,271.4,269.0,269.0,225.0
2021-03-16 12:00:00,NSE:SHAREINDIA,270.0,270.0,270.0,270.0,1.0
2021-03-16 13:00:00,NSE:SHAREINDIA,270.5,272.0,270.0,271.8,533.0
2021-03-16 14:00:00,NSE:SHAREINDIA,271.7,271.7,268.9,270.0,511.0
2021-03-16 15:00:00,NSE:SHAREINDIA,268.0,271.7,268.0,268.05,583.0
2021-03-17 09:00:00,NSE:SHAREINDIA,265.1,271.0,265.1,268.1,960.0
2021-03-17 10:00:00,NSE:SHAREINDIA,268.1,268.1,265.25,266.0,1110.0
2021-03-17 11:00:00,NSE:SHAREINDIA,267.95,269.35,266.3,269.0,477.0
2021-03-17 12:00:00,NSE:SHAREINDIA,268.95,268.95,262.2,262.7,1765.0
2021-03-17 13:00:00,NSE:SHAREINDIA,261.6,264.3,260.45,262.1,1232.0
2021-03-17 14:00:00,NSE:SHAREINDIA,261.9,263.1,259.9,259.9,1115.0
2021-03-17 15:00:00,NSE:SHAREINDIA,261.6,262.95,259.55,261.55,764.0
2021-03-18 09:00:00,NSE:SHAREINDIA,270.0,270.0,261.0,261.0,906.0
2021-03-18 10:00:00,NSE:SHAREINDIA,261.0,262.85,254.0,256.45,2008.0
2021-03-18 11:00:00,NSE:SHAREINDIA,256.9,259.95,246.9,254.2,5562.0
2021-03-18 12:00:00,NSE:SHAREINDIA,252.4,254.85,251.7,254.85,2416.0
2021-03-18 13:00:00,NSE:SHAREINDIA,254.0,254.65,252.3,252.6,725.0
2021-03-18 14:00:00,NSE:SHAREINDIA,251.0,252.15,243.7,243.9,55724.0
2021-03-18 15:00:00,NSE:SHAREINDIA,243.5,250.0,243.5,249.95,3550.0
2021-03-19 09:00:00,NSE:SHAREINDIA,248.5,248.5,240.0,241.9,1850.0
2021-03-19 10:00:00,NSE:SHAREINDIA,243.0,248.0,243.0,246.45,1126.0
2021-03-19 11:00:00,NSE:SHAREINDIA,246.5,246.6,242.05,242.05,622.0
2021-03-19 12:00:00,NSE:SHAREINDIA,243.0,245.95,243.0,245.05,121.0
2021-03-19 13:00:00,NSE:SHAREINDIA,245.95,248.0,245.15,248.0,1844.0
2021-03-19 14:00:00,NSE:SHAREINDIA,248.0,253.95,248.0,250.9,1675.0
2021-03-19 15:00:00,NSE:SHAREINDIA,252.95,253.9,247.0,250.9,1548.0
2021-03-22 09:00:00,NSE:SHAREINDIA,254.5,259.1,251.35,257.95,956.0
2021-03-22 10:00:00,NSE:SHAREINDIA,257.95,258.0,254.1,258.0,466.0
2021-03-22 11:00:00,NSE:SHAREINDIA,258.0,258.0,255.05,256.35,538.0
2021-03-22 12:00:00,NSE:SHAREINDIA,257.95,257.95,256.3,257.15,96.0
2021-03-22 13:00:00,NSE:SHAREINDIA,254.05,258.0,254.0,256.9,811.0
2021-03-22 14:00:00,NSE:SHAREINDIA,257.95,258.0,257.0,257.0,1080.0
2021-03-22 15:00:00,NSE:SHAREINDIA,258.0,260.0,258.0,260.0,522.0
2021-03-23 09:00:00,NSE:SHAREINDIA,266.5,266.5,259.55,261.0,1890.0
2021-03-23 10:00:00,NSE:SHAREINDIA,261.0,268.15,258.0,263.45,1149.0
2021-03-23 11:00:00,NSE:SHAREINDIA,263.95,263.95,262.75,262.75,30.0
2021-03-23 12:00:00,NSE:SHAREINDIA,261.0,261.0,261.0,261.0,50.0
2021-03-23 13:00:00,NSE:SHAREINDIA,262.15,262.15,256.85,259.75,897.0
2021-03-23 14:00:00,NSE:SHAREINDIA,257.05,262.75,256.25,260.0,444.0
2021-03-23 15:00:00,NSE:SHAREINDIA,260.0,263.0,258.1,261.7,456.0
2021-03-24 09:00:00,NSE:SHAREINDIA,269.85,269.85,255.25,260.35,147.0
2021-03-24 10:00:00,NSE:SHAREINDIA,260.0,263.0,260.0,261.9,1211.0
2021-03-24 11:00:00,NSE:SHAREINDIA,260.85,261.9,258.5,261.85,1801.0
2021-03-24 12:00:00,NSE:SHAREINDIA,261.85,261.9,256.4,260.05,577.0
2021-03-24 13:00:00,NSE:SHAREINDIA,261.9,263.0,259.9,259.9,93.0
2021-03-24 14:00:00,NSE:SHAREINDIA,262.05,262.05,259.5,259.5,1973.0
2021-03-24 15:00:00,NSE:SHAREINDIA,259.65,261.9,256.45,261.05,2186.0
2021-03-25 09:00:00,NSE:SHAREINDIA,260.0,262.45,255.25,259.4,749.0
2021-03-25 10:00:00,NSE:SHAREINDIA,259.4,263.95,259.4,259.5,1950.0
2021-03-25 11:00:00,NSE:SHAREINDIA,259.5,260.0,259.0,259.0,206.0
2021-03-25 12:00:00,NSE:SHAREINDIA,255.25,260.0,254.0,255.0,2150.0
2021-03-25 13:00:00,NSE:SHAREINDIA,255.0,255.0,253.3,255.0,708.0
2021-03-25 14:00:00,NSE:SHAREINDIA,256.4,258.0,255.3,256.4,861.0
2021-03-25 15:00:00,NSE:SHAREINDIA,256.4,257.95,255.05,255.05,1353.0
2021-03-26 09:00:00,NSE:SHAREINDIA,256.25,257.95,251.4,251.4,839.0
2021-03-26 10:00:00,NSE:SHAREINDIA,250.0,261.4,247.0,259.95,1626.0
2021-03-26 11:00:00,NSE:SHAREINDIA,259.95,260.5,256.45,260.35,839.0
2021-03-26 12:00:00,NSE:SHAREINDIA,260.35,260.5,256.55,259.95,1265.0
2021-03-26 13:00:00,NSE:SHAREINDIA,260.0,262.0,257.3,257.6,494.0
2021-03-26 14:00:00,NSE:SHAREINDIA,259.75,262.95,256.7,256.7,2674.0
2021-03-26 15:00:00,NSE:SHAREINDIA,261.45,261.95,256.0,261.95,572.0
2021-03-30 09:00:00,NSE:SHAREINDIA,266.0,266.0,262.8,262.9,501.0
2021-03-30 10:00:00,NSE:SHAREINDIA,262.8,265.9,258.0,264.75,2226.0
2021-03-30 11:00:00,NSE:SHAREINDIA,261.85,264.55,258.7,260.5,366.0
2021-03-30 12:00:00,NSE:SHAREINDIA,260.7,264.75,260.05,264.35,1691.0
2021-03-30 13:00:00,NSE:SHAREINDIA,260.75,263.8,260.0,263.8,152.0
2021-03-30 14:00:00,NSE:SHAREINDIA,261.95,261.95,261.95,261.95,12.0
2021-03-30 15:00:00,NSE:SHAREINDIA,261.45,261.5,260.0,260.0,476.0
2021-03-31 09:00:00,NSE:SHAREINDIA,257.1,262.0,256.6,260.85,394.0
2021-03-31 10:00:00,NSE:SHAREINDIA,260.2,262.0,259.95,262.0,594.0
2021-03-31 11:00:00,NSE:SHAREINDIA,262.0,263.85,262.0,262.3,527.0
2021-03-31 12:00:00,NSE:SHAREINDIA,262.05,262.05,262.0,262.0,385.0
2021-03-31 13:00:00,NSE:SHAREINDIA,263.75,263.75,262.1,262.15,567.0
2021-03-31 14:00:00,NSE:SHAREINDIA,262.15,262.15,262.15,262.15,16.0
2021-03-31 15:00:00,NSE:SHAREINDIA,263.45,263.5,262.1,262.95,414.0
2021-04-01 09:00:00,NSE:SHAREINDIA,273.0,277.95,257.45,275.0,3491.0
2021-04-01 10:00:00,NSE:SHAREINDIA,275.0,276.9,266.9,268.0,1896.0
2021-04-01 11:00:00,NSE:SHAREINDIA,269.5,269.5,268.0,269.5,582.0
2021-04-01 12:00:00,NSE:SHAREINDIA,269.45,270.85,268.1,269.6,311.0
2021-04-01 13:00:00,NSE:SHAREINDIA,270.8,270.85,267.5,269.2,960.0
2021-04-01 14:00:00,NSE:SHAREINDIA,269.2,269.2,267.0,269.2,282.0
2021-04-01 15:00:00,NSE:SHAREINDIA,270.85,271.75,267.35,270.25,459.0
2021-04-05 09:00:00,NSE:SHAREINDIA,270.3,270.3,265.3,269.0,1329.0
2021-04-05 10:00:00,NSE:SHAREINDIA,269.0,269.6,265.4,269.0,2901.0
2021-04-05 11:00:00,NSE:SHAREINDIA,268.85,268.85,266.0,266.45,1829.0
2021-04-05 12:00:00,NSE:SHAREINDIA,266.5,267.25,265.4,266.0,1307.0
2021-04-05 13:00:00,NSE:SHAREINDIA,267.1,269.45,266.15,268.55,388.0
2021-04-05 14:00:00,NSE:SHAREINDIA,268.55,269.4,267.2,269.0,866.0
2021-04-05 15:00:00,NSE:SHAREINDIA,270.0,270.0,268.15,270.0,1373.0
2021-04-06 09:00:00,NSE:SHAREINDIA,284.9,284.9,270.0,271.7,631.0
2021-04-06 10:00:00,NSE:SHAREINDIA,271.25,274.0,271.25,273.0,1158.0
2021-04-06 11:00:00,NSE:SHAREINDIA,273.1,274.95,271.75,274.95,1597.0
2021-04-06 12:00:00,NSE:SHAREINDIA,275.0,278.0,274.9,276.0,5440.0
2021-04-06 13:00:00,NSE:SHAREINDIA,277.1,278.0,274.9,275.1,2800.0
2021-04-06 14:00:00,NSE:SHAREINDIA,277.45,288.9,275.0,288.9,9941.0
2021-04-06 15:00:00,NSE:SHAREINDIA,288.9,300.0,288.0,295.05,21915.0
2021-04-07 09:00:00,NSE:SHAREINDIA,299.9,315.0,299.75,306.0,28202.0
2021-04-07 10:00:00,NSE:SHAREINDIA,308.5,309.0,302.0,304.8,6635.0
2021-04-07 11:00:00,NSE:SHAREINDIA,305.0,309.0,305.0,307.95,7954.0
2021-04-07 12:00:00,NSE:SHAREINDIA,307.85,308.0,303.05,307.55,1102.0
2021-04-07 13:00:00,NSE:SHAREINDIA,306.0,307.0,304.1,306.25,561.0
2021-04-07 14:00:00,NSE:SHAREINDIA,306.25,306.95,299.1,301.0,9505.0
2021-04-07 15:00:00,NSE:SHAREINDIA,301.4,301.4,296.05,299.0,2393.0
2021-04-08 09:00:00,NSE:SHAREINDIA,304.0,305.85,301.1,305.6,5221.0
2021-04-08 10:00:00,NSE:SHAREINDIA,305.1,307.0,304.05,305.9,4214.0
2021-04-08 11:00:00,NSE:SHAREINDIA,305.2,307.85,304.0,306.5,2747.0
2021-04-08 12:00:00,NSE:SHAREINDIA,305.8,308.0,305.8,308.0,955.0
2021-04-08 13:00:00,NSE:SHAREINDIA,308.0,308.0,306.6,306.9,1283.0
2021-04-08 14:00:00,NSE:SHAREINDIA,306.95,307.0,305.35,306.8,616.0
2021-04-08 15:00:00,NSE:SHAREINDIA,306.95,307.0,305.0,306.35,1806.0
2021-04-09 09:00:00,NSE:SHAREINDIA,308.0,314.8,308.0,309.0,1740.0
2021-04-09 10:00:00,NSE:SHAREINDIA,309.0,309.85,308.1,309.5,2217.0
2021-04-09 11:00:00,NSE:SHAREINDIA,309.9,311.95,309.5,309.5,1002.0
2021-04-09 12:00:00,NSE:SHAREINDIA,309.5,312.35,309.5,312.35,2190.0
2021-04-09 13:00:00,NSE:SHAREINDIA,312.75,313.0,310.05,310.3,1072.0
2021-04-09 14:00:00,NSE:SHAREINDIA,311.4,312.0,309.5,310.2,1199.0
2021-04-09 15:00:00,NSE:SHAREINDIA,311.0,312.6,309.55,312.0,1096.0
2021-04-12 09:00:00,NSE:SHAREINDIA,311.0,318.8,301.1,304.95,7969.0
2021-04-12 10:00:00,NSE:SHAREINDIA,304.95,309.35,304.95,307.1,2049.0
2021-04-12 11:00:00,NSE:SHAREINDIA,304.95,305.0,298.95,300.25,3028.0
2021-04-12 12:00:00,NSE:SHAREINDIA,300.1,303.9,299.0,302.9,2476.0
2021-04-12 13:00:00,NSE:SHAREINDIA,302.0,303.65,300.5,301.2,794.0
2021-04-12 14:00:00,NSE:SHAREINDIA,303.0,303.7,300.5,303.6,1302.0
2021-04-12 15:00:00,NSE:SHAREINDIA,301.0,303.65,300.5,301.5,1034.0
2021-04-13 09:00:00,NSE:SHAREINDIA,313.5,314.95,303.85,304.9,1234.0
2021-04-13 10:00:00,NSE:SHAREINDIA,305.05,307.7,302.1,302.1,1131.0
2021-04-13 11:00:00,NSE:SHAREINDIA,303.65,303.65,298.25,301.05,899.0
2021-04-13 12:00:00,NSE:SHAREINDIA,302.9,302.95,300.45,302.5,735.0
2021-04-13 13:00:00,NSE:SHAREINDIA,303.75,303.75,300.45,302.8,611.0
2021-04-13 14:00:00,NSE:SHAREINDIA,302.75,303.05,301.05,302.95,801.0
2021-04-13 15:00:00,NSE:SHAREINDIA,301.1,302.85,300.8,302.85,352.0
2021-04-15 09:00:00,NSE:SHAREINDIA,305.0,325.0,305.0,316.9,10673.0
2021-04-15 10:00:00,NSE:SHAREINDIA,315.85,319.0,315.65,318.9,4423.0
2021-04-15 11:00:00,NSE:SHAREINDIA,319.0,319.0,316.35,318.5,1197.0
2021-04-15 12:00:00,NSE:SHAREINDIA,318.4,320.0,317.25,320.0,2877.0
2021-04-15 13:00:00,NSE:SHAREINDIA,320.0,323.0,318.5,322.0,7084.0
2021-04-15 14:00:00,NSE:SHAREINDIA,321.95,322.0,318.0,320.0,4558.0
2021-04-15 15:00:00,NSE:SHAREINDIA,320.0,320.9,315.1,318.7,7049.0
2021-04-16 09:00:00,NSE:SHAREINDIA,319.85,329.0,319.85,322.0,10914.0
2021-04-16 10:00:00,NSE:SHAREINDIA,322.5,324.0,320.5,323.8,4394.0
2021-04-16 11:00:00,NSE:SHAREINDIA,322.0,324.0,322.0,323.0,1133.0
2021-04-16 12:00:00,NSE:SHAREINDIA,323.0,326.85,322.05,325.05,1410.0
2021-04-16 13:00:00,NSE:SHAREINDIA,325.5,330.0,324.8,328.0,12283.0
2021-04-16 14:00:00,NSE:SHAREINDIA,328.55,329.0,324.15,325.0,4658.0
2021-04-16 15:00:00,NSE:SHAREINDIA,325.0,325.0,323.1,323.8,3489.0
2021-04-19 09:00:00,NSE:SHAREINDIA,322.9,322.9,311.8,317.55,8490.0
2021-04-19 10:00:00,NSE:SHAREINDIA,315.25,317.7,312.5,314.0,5417.0
2021-04-19 11:00:00,NSE:SHAREINDIA,314.0,316.0,313.7,315.55,3974.0
2021-04-19 12:00:00,NSE:SHAREINDIA,314.95,315.9,309.85,311.05,6758.0
2021-04-19 13:00:00,NSE:SHAREINDIA,311.5,315.0,311.0,313.0,2417.0
2021-04-19 14:00:00,NSE:SHAREINDIA,313.0,317.0,310.15,312.0,4380.0
2021-04-19 15:00:00,NSE:SHAREINDIA,312.0,316.0,310.15,313.15,4236.0
2021-04-20 09:00:00,NSE:SHAREINDIA,318.0,321.95,316.15,320.0,4751.0
2021-04-20 10:00:00,NSE:SHAREINDIA,320.0,320.0,316.0,317.0,4386.0
2021-04-20 11:00:00,NSE:SHAREINDIA,317.0,317.75,314.85,316.0,1787.0
2021-04-20 12:00:00,NSE:SHAREINDIA,316.0,316.0,312.0,314.95,2592.0
2021-04-20 13:00:00,NSE:SHAREINDIA,314.95,314.95,312.7,313.0,1351.0
2021-04-20 14:00:00,NSE:SHAREINDIA,313.0,314.0,311.95,313.0,10326.0
2021-04-20 15:00:00,NSE:SHAREINDIA,313.0,314.95,311.95,313.65,1963.0
2021-04-22 09:00:00,NSE:SHAREINDIA,316.9,316.9,313.65,313.85,1192.0
2021-04-22 10:00:00,NSE:SHAREINDIA,313.8,315.85,311.95,315.85,2413.0
2021-04-22 11:00:00,NSE:SHAREINDIA,315.85,318.95,313.85,314.0,1928.0
2021-04-22 12:00:00,NSE:SHAREINDIA,314.0,317.0,311.4,311.4,2283.0
2021-04-22 13:00:00,NSE:SHAREINDIA,312.7,316.7,310.8,316.7,2868.0
2021-04-22 14:00:00,NSE:SHAREINDIA,313.05,314.95,311.05,311.05,5908.0
2021-04-22 15:00:00,NSE:SHAREINDIA,311.35,312.4,310.1,310.55,1236.0
2021-04-23 09:00:00,NSE:SHAREINDIA,310.2,318.85,310.2,312.0,2215.0
2021-04-23 10:00:00,NSE:SHAREINDIA,312.65,316.95,312.0,314.0,24004.0
2021-04-23 11:00:00,NSE:SHAREINDIA,314.0,314.9,311.9,311.9,11011.0
2021-04-23 12:00:00,NSE:SHAREINDIA,311.9,312.0,309.75,311.9,10855.0
2021-04-23 13:00:00,NSE:SHAREINDIA,311.05,311.45,310.1,310.95,3914.0
2021-04-23 14:00:00,NSE:SHAREINDIA,310.7,310.95,308.05,310.85,8045.0
2021-04-23 15:00:00,NSE:SHAREINDIA,309.1,310.95,309.1,310.95,3078.0
2021-04-26 09:00:00,NSE:SHAREINDIA,314.0,315.95,312.45,315.8,4110.0
2021-04-26 10:00:00,NSE:SHAREINDIA,315.4,315.8,315.05,315.8,13155.0
2021-04-26 11:00:00,NSE:SHAREINDIA,315.9,315.95,313.0,314.9,6912.0
2021-04-26 12:00:00,NSE:SHAREINDIA,314.45,314.45,313.0,313.95,4105.0
2021-04-26 13:00:00,NSE:SHAREINDIA,313.55,313.55,313.0,313.05,2607.0
2021-04-26 14:00:00,NSE:SHAREINDIA,313.4,313.9,313.05,313.45,5491.0
2021-04-26 15:00:00,NSE:SHAREINDIA,313.45,313.45,312.55,313.45,1288.0
2021-04-27 09:00:00,NSE:SHAREINDIA,319.85,319.85,310.1,314.0,11242.0
2021-04-27 10:00:00,NSE:SHAREINDIA,322.25,323.0,314.6,315.7,3852.0
2021-04-27 11:00:00,NSE:SHAREINDIA,314.95,314.95,314.05,314.95,9593.0
2021-04-27 12:00:00,NSE:SHAREINDIA,314.55,314.95,314.0,314.15,7176.0
2021-04-27 13:00:00,NSE:SHAREINDIA,314.15,314.9,314.1,314.45,10730.0
2021-04-27 14:00:00,NSE:SHAREINDIA,314.2,314.9,314.2,314.45,4358.0
2021-04-27 15:00:00,NSE:SHAREINDIA,314.45,314.95,314.05,314.95,11738.0
2021-04-28 09:00:00,NSE:SHAREINDIA,318.9,319.45,315.2,316.95,11463.0
2021-04-28 10:00:00,NSE:SHAREINDIA,316.45,316.45,315.0,315.95,8504.0
2021-04-28 11:00:00,NSE:SHAREINDIA,315.3,315.95,314.0,315.95,4545.0
2021-04-28 12:00:00,NSE:SHAREINDIA,315.3,315.95,314.4,314.95,19146.0
2021-04-28 13:00:00,NSE:SHAREINDIA,314.95,316.45,313.75,316.45,19253.0
2021-04-28 14:00:00,NSE:SHAREINDIA,316.45,321.8,310.05,317.95,250502.0
2021-04-28 15:00:00,NSE:SHAREINDIA,317.85,318.0,315.0,317.05,4963.0
2021-04-29 09:00:00,NSE:SHAREINDIA,324.95,337.45,320.0,332.25,19369.0
2021-04-29 10:00:00,NSE:SHAREINDIA,330.55,339.1,329.0,336.8,28791.0
2021-04-29 11:00:00,NSE:SHAREINDIA,334.55,349.7,332.7,345.05,30643.0
2021-04-29 12:00:00,NSE:SHAREINDIA,346.95,348.9,341.4,341.5,13231.0
2021-04-29 13:00:00,NSE:SHAREINDIA,342.0,346.0,341.2,345.8,9830.0
2021-04-29 14:00:00,NSE:SHAREINDIA,345.0,346.0,343.15,345.0,10634.0
2021-04-29 15:00:00,NSE:SHAREINDIA,345.0,358.0,345.0,352.05,46339.0
2021-04-30 09:00:00,NSE:SHAREINDIA,354.0,367.3,353.35,356.8,25875.0
2021-04-30 10:00:00,NSE:SHAREINDIA,356.1,362.2,352.0,353.95,24164.0
2021-04-30 11:00:00,NSE:SHAREINDIA,353.0,356.45,352.0,354.7,6994.0
2021-04-30 12:00:00,NSE:SHAREINDIA,354.65,356.95,352.65,356.75,13011.0
2021-04-30 13:00:00,NSE:SHAREINDIA,356.6,357.0,352.65,354.15,10733.0
2021-04-30 14:00:00,NSE:SHAREINDIA,353.95,354.9,351.5,354.65,2586.0
2021-04-30 15:00:00,NSE:SHAREINDIA,354.45,360.0,353.55,358.7,9919.0
2021-05-03 09:00:00,NSE:SHAREINDIA,355.0,380.9,340.75,374.05,88395.0
2021-05-03 10:00:00,NSE:SHAREINDIA,373.95,380.0,372.0,375.95,14215.0
2021-05-03 11:00:00,NSE:SHAREINDIA,374.9,392.0,374.9,384.15,27308.0
2021-05-03 12:00:00,NSE:SHAREINDIA,384.05,392.0,384.05,387.0,15818.0
2021-05-03 13:00:00,NSE:SHAREINDIA,387.0,397.45,380.0,384.55,42956.0
2021-05-03 14:00:00,NSE:SHAREINDIA,384.5,396.5,383.5,388.1,12190.0
2021-05-03 15:00:00,NSE:SHAREINDIA,388.15,389.5,381.4,387.0,7214.0
2021-05-04 09:00:00,NSE:SHAREINDIA,403.95,404.85,386.85,398.2,40521.0
2021-05-04 10:00:00,NSE:SHAREINDIA,398.15,399.45,390.5,392.5,15789.0
2021-05-04 11:00:00,NSE:SHAREINDIA,392.5,393.45,387.3,391.0,13535.0
2021-05-04 12:00:00,NSE:SHAREINDIA,391.0,392.0,389.95,390.05,2749.0
2021-05-04 13:00:00,NSE:SHAREINDIA,390.05,391.7,387.1,389.9,5318.0
2021-05-04 14:00:00,NSE:SHAREINDIA,388.8,390.0,381.85,383.1,2853.0
2021-05-04 15:00:00,NSE:SHAREINDIA,383.1,385.0,380.0,381.4,11021.0
2021-05-05 09:00:00,NSE:SHAREINDIA,385.0,400.0,383.0,387.0,4320.0
2021-05-05 10:00:00,NSE:SHAREINDIA,387.15,390.0,385.15,390.0,2004.0
2021-05-05 11:00:00,NSE:SHAREINDIA,389.25,389.95,382.05,382.95,3104.0
2021-05-05 12:00:00,NSE:SHAREINDIA,383.0,385.5,381.05,383.85,126429.0
2021-05-05 13:00:00,NSE:SHAREINDIA,385.0,391.0,385.0,390.0,3921.0
2021-05-05 14:00:00,NSE:SHAREINDIA,389.55,389.9,385.8,389.0,1392.0
2021-05-05 15:00:00,NSE:SHAREINDIA,388.75,391.05,385.5,388.95,3687.0
2021-05-06 09:00:00,NSE:SHAREINDIA,395.95,395.95,387.5,387.65,1599.0
2021-05-06 10:00:00,NSE:SHAREINDIA,387.6,387.6,383.5,385.85,1239.0
2021-05-06 11:00:00,NSE:SHAREINDIA,386.4,386.4,381.8,382.35,60126.0
2021-05-06 12:00:00,NSE:SHAREINDIA,382.35,389.35,382.0,386.4,3817.0
2021-05-06 13:00:00,NSE:SHAREINDIA,386.55,388.85,381.85,385.6,3710.0
2021-05-06 14:00:00,NSE:SHAREINDIA,387.05,388.6,381.4,382.05,6430.0
2021-05-06 15:00:00,NSE:SHAREINDIA,381.95,382.75,376.2,379.65,8211.0
2021-05-07 09:00:00,NSE:SHAREINDIA,381.0,388.85,375.3,388.7,3812.0
2021-05-07 10:00:00,NSE:SHAREINDIA,386.25,387.5,382.85,384.8,2319.0
2021-05-07 11:00:00,NSE:SHAREINDIA,384.5,384.7,381.75,381.75,612.0
2021-05-07 12:00:00,NSE:SHAREINDIA,381.8,382.7,380.75,381.1,2766.0
2021-05-07 13:00:00,NSE:SHAREINDIA,381.45,381.45,377.0,377.95,3202.0
2021-05-07 14:00:00,NSE:SHAREINDIA,378.0,382.75,377.45,381.9,4357.0
2021-05-07 15:00:00,NSE:SHAREINDIA,381.95,381.95,377.1,380.0,4048.0
2021-05-10 09:00:00,NSE:SHAREINDIA,394.0,399.85,385.0,385.0,14241.0
2021-05-10 10:00:00,NSE:SHAREINDIA,385.0,390.95,384.0,385.0,8462.0
2021-05-10 11:00:00,NSE:SHAREINDIA,384.95,387.0,382.5,384.0,5909.0
2021-05-10 12:00:00,NSE:SHAREINDIA,385.45,386.95,384.5,385.95,6655.0
2021-05-10 13:00:00,NSE:SHAREINDIA,385.95,386.0,383.8,384.2,8158.0
2021-05-10 14:00:00,NSE:SHAREINDIA,384.1,384.9,383.4,384.85,8709.0
2021-05-10 15:00:00,NSE:SHAREINDIA,384.1,385.0,383.05,385.0,4634.0
2021-05-11 09:00:00,NSE:SHAREINDIA,387.0,389.8,382.9,383.0,4267.0
2021-05-11 10:00:00,NSE:SHAREINDIA,383.0,383.55,381.1,382.0,14458.0
2021-05-11 11:00:00,NSE:SHAREINDIA,382.05,383.9,381.5,383.0,2984.0
2021-05-11 12:00:00,NSE:SHAREINDIA,383.0,383.6,381.5,383.0,1367.0
2021-05-11 13:00:00,NSE:SHAREINDIA,383.0,383.05,381.8,381.95,5856.0
2021-05-11 14:00:00,NSE:SHAREINDIA,382.55,382.55,380.2,381.85,10482.0
2021-05-11 15:00:00,NSE:SHAREINDIA,380.2,383.95,380.2,381.25,3710.0
2021-05-12 09:00:00,NSE:SHAREINDIA,388.8,389.85,377.55,381.3,1078.0
2021-05-12 10:00:00,NSE:SHAREINDIA,382.0,384.45,380.1,381.05,3161.0
2021-05-12 11:00:00,NSE:SHAREINDIA,381.05,384.5,381.0,383.75,578.0
2021-05-12 12:00:00,NSE:SHAREINDIA,383.8,386.9,383.75,385.3,1084.0
2021-05-12 13:00:00,NSE:SHAREINDIA,385.85,386.9,384.7,386.2,4276.0
2021-05-12 14:00:00,NSE:SHAREINDIA,386.4,394.9,386.2,389.0,13108.0
2021-05-12 15:00:00,NSE:SHAREINDIA,389.85,399.7,389.0,395.8,12825.0
2021-05-14 09:00:00,NSE:SHAREINDIA,402.0,414.0,400.0,403.95,30501.0
2021-05-14 10:00:00,NSE:SHAREINDIA,405.05,432.0,405.0,417.5,40369.0
2021-05-14 11:00:00,NSE:SHAREINDIA,417.5,417.8,407.05,407.5,17377.0
2021-05-14 12:00:00,NSE:SHAREINDIA,407.15,426.0,407.05,424.5,12974.0
2021-05-14 13:00:00,NSE:SHAREINDIA,424.5,444.8,420.3,437.2,43390.0
2021-05-14 14:00:00,NSE:SHAREINDIA,437.5,442.75,426.3,431.0,24244.0
2021-05-14 15:00:00,NSE:SHAREINDIA,432.6,439.0,431.35,435.0,22437.0
2021-05-17 09:00:00,NSE:SHAREINDIA,447.95,447.95,435.1,440.0,14947.0
2021-05-17 10:00:00,NSE:SHAREINDIA,440.0,440.45,438.0,438.8,3708.0
2021-05-17 11:00:00,NSE:SHAREINDIA,438.15,438.95,432.3,435.2,6605.0
2021-05-17 12:00:00,NSE:SHAREINDIA,435.95,440.0,435.15,438.95,5040.0
2021-05-17 13:00:00,NSE:SHAREINDIA,438.7,439.7,433.8,434.55,8069.0
2021-05-17 14:00:00,NSE:SHAREINDIA,434.65,436.6,433.0,434.0,2422.0
2021-05-17 15:00:00,NSE:SHAREINDIA,434.9,435.0,425.0,430.25,12937.0
2021-05-18 09:00:00,NSE:SHAREINDIA,434.0,440.0,433.95,439.7,9200.0
2021-05-18 10:00:00,NSE:SHAREINDIA,438.15,439.65,431.95,434.8,3839.0
2021-05-18 11:00:00,NSE:SHAREINDIA,435.0,440.0,434.05,440.0,7906.0
2021-05-18 12:00:00,NSE:SHAREINDIA,440.0,447.5,438.0,445.0,13044.0
2021-05-18 13:00:00,NSE:SHAREINDIA,446.65,447.7,441.25,441.3,7316.0
2021-05-18 14:00:00,NSE:SHAREINDIA,441.2,444.45,440.3,442.25,2686.0
2021-05-18 15:00:00,NSE:SHAREINDIA,441.3,442.45,438.35,440.85,2771.0
2021-05-19 09:00:00,NSE:SHAREINDIA,440.0,453.0,435.05,448.9,7134.0
2021-05-19 10:00:00,NSE:SHAREINDIA,448.95,451.0,446.5,451.0,4086.0
2021-05-19 11:00:00,NSE:SHAREINDIA,451.5,460.0,451.3,456.8,14774.0
2021-05-19 12:00:00,NSE:SHAREINDIA,456.95,473.0,456.8,472.9,29947.0
2021-05-19 13:00:00,NSE:SHAREINDIA,472.9,483.0,466.0,466.0,23349.0
2021-05-19 14:00:00,NSE:SHAREINDIA,466.0,474.6,463.0,472.0,11024.0
2021-05-19 15:00:00,NSE:SHAREINDIA,472.4,475.0,466.1,471.35,13202.0
2021-05-20 09:00:00,NSE:SHAREINDIA,478.95,491.15,475.05,482.55,28209.0
2021-05-20 10:00:00,NSE:SHAREINDIA,483.0,483.45,447.0,452.0,29533.0
2021-05-20 11:00:00,NSE:SHAREINDIA,452.8,467.65,449.0,466.15,20857.0
2021-05-20 12:00:00,NSE:SHAREINDIA,466.35,468.35,463.1,466.5,2917.0
2021-05-20 13:00:00,NSE:SHAREINDIA,467.0,471.0,464.75,465.0,5823.0
2021-05-20 14:00:00,NSE:SHAREINDIA,465.0,465.0,456.35,458.25,8776.0
2021-05-20 15:00:00,NSE:SHAREINDIA,457.95,462.45,457.0,460.5,5716.0
2021-05-21 09:00:00,NSE:SHAREINDIA,467.8,468.0,460.85,466.0,4882.0
2021-05-21 10:00:00,NSE:SHAREINDIA,465.5,466.0,461.0,461.0,5103.0
2021-05-21 11:00:00,NSE:SHAREINDIA,461.0,468.7,441.0,466.05,14832.0
2021-05-21 12:00:00,NSE:SHAREINDIA,465.9,467.0,460.6,461.0,6419.0
2021-05-21 13:00:00,NSE:SHAREINDIA,462.0,463.0,457.05,461.95,3228.0
2021-05-21 14:00:00,NSE:SHAREINDIA,461.7,464.0,457.1,458.0,4858.0
2021-05-21 15:00:00,NSE:SHAREINDIA,460.5,463.0,454.0,460.0,8575.0
2021-05-24 09:00:00,NSE:SHAREINDIA,465.55,469.95,461.0,465.25,6630.0
2021-05-24 10:00:00,NSE:SHAREINDIA,467.35,467.4,460.0,462.0,6755.0
2021-05-24 11:00:00,NSE:SHAREINDIA,462.0,467.0,462.0,464.05,4135.0
2021-05-24 12:00:00,NSE:SHAREINDIA,464.05,467.0,464.0,466.8,2199.0
2021-05-24 13:00:00,NSE:SHAREINDIA,467.0,467.4,464.05,464.75,3302.0
2021-05-24 14:00:00,NSE:SHAREINDIA,467.4,467.4,465.0,467.4,2703.0
2021-05-24 15:00:00,NSE:SHAREINDIA,467.4,468.0,466.4,466.9,4731.0
2021-05-25 09:00:00,NSE:SHAREINDIA,484.8,484.8,472.0,477.95,12756.0
2021-05-25 10:00:00,NSE:SHAREINDIA,477.85,478.8,475.15,477.35,3994.0
2021-05-25 11:00:00,NSE:SHAREINDIA,477.35,478.5,473.05,473.05,2574.0
2021-05-25 12:00:00,NSE:SHAREINDIA,474.9,475.0,467.0,471.95,3231.0
2021-05-25 13:00:00,NSE:SHAREINDIA,471.25,478.45,469.15,474.9,4951.0
2021-05-25 14:00:00,NSE:SHAREINDIA,474.9,478.8,468.75,474.0,13869.0
2021-05-25 15:00:00,NSE:SHAREINDIA,476.6,476.95,472.15,475.0,6699.0
2021-05-26 09:00:00,NSE:SHAREINDIA,490.0,501.0,485.0,492.05,76675.0
2021-05-26 10:00:00,NSE:SHAREINDIA,493.5,493.5,484.05,489.35,76340.0
2021-05-26 11:00:00,NSE:SHAREINDIA,488.1,491.9,483.2,486.45,25338.0
2021-05-26 12:00:00,NSE:SHAREINDIA,486.45,488.95,482.7,488.5,9043.0
2021-05-26 13:00:00,NSE:SHAREINDIA,488.75,491.9,482.7,485.9,21818.0
2021-05-26 14:00:00,NSE:SHAREINDIA,485.9,491.0,482.4,488.5,12759.0
2021-05-26 15:00:00,NSE:SHAREINDIA,488.5,509.95,486.05,499.35,80916.0
2021-05-27 09:00:00,NSE:SHAREINDIA,512.0,527.45,504.5,510.9,34650.0
2021-05-27 10:00:00,NSE:SHAREINDIA,510.9,523.0,508.0,515.8,17035.0
2021-05-27 11:00:00,NSE:SHAREINDIA,516.85,520.0,513.0,513.0,8845.0
2021-05-27 12:00:00,NSE:SHAREINDIA,513.0,514.0,510.0,511.1,10009.0
2021-05-27 13:00:00,NSE:SHAREINDIA,511.05,513.95,509.0,509.0,11475.0
2021-05-27 14:00:00,NSE:SHAREINDIA,509.0,511.0,504.5,508.9,8263.0
2021-05-27 15:00:00,NSE:SHAREINDIA,509.3,510.4,506.0,508.05,5062.0
2021-05-28 09:00:00,NSE:SHAREINDIA,513.4,517.85,503.35,510.0,10050.0
2021-05-28 10:00:00,NSE:SHAREINDIA,511.1,511.9,503.0,507.95,9875.0
2021-05-28 11:00:00,NSE:SHAREINDIA,507.0,509.5,505.0,505.0,5881.0
2021-05-28 12:00:00,NSE:SHAREINDIA,505.0,506.9,502.0,503.0,4308.0
2021-05-28 13:00:00,NSE:SHAREINDIA,502.05,507.9,502.0,505.0,3307.0
2021-05-28 14:00:00,NSE:SHAREINDIA,505.0,511.0,502.05,509.65,11106.0
2021-05-28 15:00:00,NSE:SHAREINDIA,504.05,509.5,495.0,501.55,12299.0
2021-05-31 09:00:00,NSE:SHAREINDIA,505.0,505.5,497.75,500.35,7331.0
2021-05-31 10:00:00,NSE:SHAREINDIA,500.0,505.5,496.0,501.05,6644.0
2021-05-31 11:00:00,NSE:SHAREINDIA,501.0,504.3,499.1,502.1,2859.0
2021-05-31 12:00:00,NSE:SHAREINDIA,502.1,502.1,497.2,499.95,2158.0
2021-05-31 13:00:00,NSE:SHAREINDIA,498.05,499.95,490.0,492.85,4772.0
2021-05-31 14:00:00,NSE:SHAREINDIA,492.9,492.9,485.0,487.85,8379.0
2021-05-31 15:00:00,NSE:SHAREINDIA,487.85,489.85,482.0,486.75,9853.0
2021-06-01 09:00:00,NSE:SHAREINDIA,483.0,495.0,483.0,489.7,7741.0
2021-06-01 10:00:00,NSE:SHAREINDIA,489.45,489.95,475.0,476.1,8904.0
2021-06-01 11:00:00,NSE:SHAREINDIA,476.15,480.05,455.25,460.75,13424.0
2021-06-01 12:00:00,NSE:SHAREINDIA,460.75,471.9,460.75,467.2,25093.0
2021-06-01 13:00:00,NSE:SHAREINDIA,468.0,468.2,458.05,464.9,7527.0
2021-06-01 14:00:00,NSE:SHAREINDIA,464.95,471.9,464.5,467.95,5361.0
2021-06-01 15:00:00,NSE:SHAREINDIA,468.0,471.9,467.0,471.0,2039.0
2021-06-02 09:00:00,NSE:SHAREINDIA,471.0,479.0,460.85,466.1,7306.0
2021-06-02 10:00:00,NSE:SHAREINDIA,465.0,470.0,462.0,466.05,5757.0
2021-06-02 11:00:00,NSE:SHAREINDIA,468.4,471.95,466.1,469.0,1519.0
2021-06-02 12:00:00,NSE:SHAREINDIA,468.95,468.95,464.0,465.0,2426.0
2021-06-02 13:00:00,NSE:SHAREINDIA,465.0,468.4,463.0,468.4,4444.0
2021-06-02 14:00:00,NSE:SHAREINDIA,468.4,474.0,467.0,470.0,12793.0
2021-06-02 15:00:00,NSE:SHAREINDIA,470.45,472.95,466.0,466.0,4912.0
2021-06-03 09:00:00,NSE:SHAREINDIA,477.8,477.8,458.6,474.2,4568.0
2021-06-03 10:00:00,NSE:SHAREINDIA,472.0,475.9,468.55,475.9,3106.0
2021-06-03 11:00:00,NSE:SHAREINDIA,476.0,476.0,470.0,470.2,5242.0
2021-06-03 12:00:00,NSE:SHAREINDIA,470.2,474.0,470.0,473.6,3524.0
2021-06-03 13:00:00,NSE:SHAREINDIA,473.0,473.75,471.15,471.75,326.0
2021-06-03 14:00:00,NSE:SHAREINDIA,472.0,472.0,465.8,470.5,7134.0
2021-06-03 15:00:00,NSE:SHAREINDIA,470.05,472.7,466.0,469.0,3810.0
2021-06-04 09:00:00,NSE:SHAREINDIA,471.0,477.75,460.0,464.35,5546.0
2021-06-04 10:00:00,NSE:SHAREINDIA,465.0,473.0,463.0,470.95,6454.0
2021-06-04 11:00:00,NSE:SHAREINDIA,470.95,472.95,468.0,471.9,1490.0
2021-06-04 12:00:00,NSE:SHAREINDIA,471.9,471.9,465.0,468.0,3188.0
2021-06-04 13:00:00,NSE:SHAREINDIA,469.0,476.0,468.55,472.7,5155.0
2021-06-04 14:00:00,NSE:SHAREINDIA,472.7,473.9,465.0,469.0,3601.0
2021-06-04 15:00:00,NSE:SHAREINDIA,470.0,472.3,465.65,467.0,4189.0
2021-06-07 09:00:00,NSE:SHAREINDIA,470.0,477.85,463.5,464.75,12235.0
2021-06-07 10:00:00,NSE:SHAREINDIA,466.05,468.0,459.65,464.1,13662.0
2021-06-07 11:00:00,NSE:SHAREINDIA,465.85,468.95,464.0,466.8,4085.0
2021-06-07 12:00:00,NSE:SHAREINDIA,466.8,467.0,464.0,466.9,1447.0
2021-06-07 13:00:00,NSE:SHAREINDIA,466.9,469.0,465.0,466.15,2855.0
2021-06-07 14:00:00,NSE:SHAREINDIA,467.85,473.0,466.0,467.8,5361.0
2021-06-07 15:00:00,NSE:SHAREINDIA,467.0,473.9,466.5,469.1,5089.0
2021-06-08 09:00:00,NSE:SHAREINDIA,469.65,474.75,468.85,469.65,4862.0
2021-06-08 10:00:00,NSE:SHAREINDIA,470.45,472.55,465.0,469.0,1928.0
2021-06-08 11:00:00,NSE:SHAREINDIA,467.6,468.2,467.0,468.2,1869.0
2021-06-08 12:00:00,NSE:SHAREINDIA,468.2,468.65,467.0,467.95,2192.0
2021-06-08 13:00:00,NSE:SHAREINDIA,467.05,468.4,467.0,468.0,1626.0
2021-06-08 14:00:00,NSE:SHAREINDIA,468.4,468.4,467.0,467.5,1514.0
2021-06-08 15:00:00,NSE:SHAREINDIA,467.5,467.5,462.0,466.0,4542.0
2021-06-09 09:00:00,NSE:SHAREINDIA,474.9,474.9,468.0,469.35,7578.0
2021-06-09 10:00:00,NSE:SHAREINDIA,469.35,469.7,468.95,469.15,3097.0
2021-06-09 11:00:00,NSE:SHAREINDIA,469.65,469.7,468.0,469.55,2973.0
2021-06-09 12:00:00,NSE:SHAREINDIA,468.55,469.7,468.0,468.0,1382.0
2021-06-09 13:00:00,NSE:SHAREINDIA,465.75,467.7,461.1,463.9,6435.0
2021-06-09 14:00:00,NSE:SHAREINDIA,463.8,467.7,456.1,458.9,9632.0
2021-06-09 15:00:00,NSE:SHAREINDIA,458.9,462.0,458.0,461.95,3580.0
2021-06-10 09:00:00,NSE:SHAREINDIA,465.0,465.05,458.0,462.0,3801.0
2021-06-10 10:00:00,NSE:SHAREINDIA,462.75,462.75,456.6,458.15,2640.0
2021-06-10 11:00:00,NSE:SHAREINDIA,459.0,460.65,458.0,460.0,1382.0
2021-06-10 12:00:00,NSE:SHAREINDIA,460.0,460.0,456.95,457.0,1450.0
2021-06-10 13:00:00,NSE:SHAREINDIA,457.0,464.0,445.1,461.0,16250.0
2021-06-10 14:00:00,NSE:SHAREINDIA,461.85,463.5,460.1,461.0,4965.0
2021-06-10 15:00:00,NSE:SHAREINDIA,461.0,461.0,456.0,459.9,1848.0
2021-06-11 09:00:00,NSE:SHAREINDIA,464.0,464.0,459.2,461.25,2569.0
2021-06-11 10:00:00,NSE:SHAREINDIA,463.0,463.0,457.0,460.0,2517.0
2021-06-11 11:00:00,NSE:SHAREINDIA,459.75,460.0,458.35,460.0,1824.0
2021-06-11 12:00:00,NSE:SHAREINDIA,460.0,463.2,459.95,462.0,554.0
2021-06-11 13:00:00,NSE:SHAREINDIA,461.0,464.8,459.0,464.7,7538.0
2021-06-11 14:00:00,NSE:SHAREINDIA,464.7,464.8,463.1,464.0,1683.0
2021-06-11 15:00:00,NSE:SHAREINDIA,463.0,464.8,459.85,463.55,3727.0
2021-06-14 09:00:00,NSE:SHAREINDIA,467.0,488.1,457.0,467.0,11899.0
2021-06-14 10:00:00,NSE:SHAREINDIA,467.0,467.0,459.95,464.05,6775.0
2021-06-14 11:00:00,NSE:SHAREINDIA,461.5,464.7,461.5,464.35,437.0
2021-06-14 12:00:00,NSE:SHAREINDIA,463.75,465.0,462.35,464.5,603.0
2021-06-14 13:00:00,NSE:SHAREINDIA,465.2,467.0,463.2,464.1,1244.0
2021-06-14 14:00:00,NSE:SHAREINDIA,463.25,465.0,462.35,463.4,1142.0
2021-06-14 15:00:00,NSE:SHAREINDIA,463.85,464.0,459.0,459.0,3268.0
2021-06-15 09:00:00,NSE:SHAREINDIA,462.0,468.85,458.0,458.4,4788.0
2021-06-15 10:00:00,NSE:SHAREINDIA,458.55,462.45,456.6,459.8,2731.0
2021-06-15 11:00:00,NSE:SHAREINDIA,458.95,459.7,457.55,459.05,2080.0
2021-06-15 12:00:00,NSE:SHAREINDIA,459.25,460.0,457.8,458.65,1900.0
2021-06-15 13:00:00,NSE:SHAREINDIA,458.85,458.95,457.8,458.0,1120.0
2021-06-15 14:00:00,NSE:SHAREINDIA,458.2,459.0,458.2,458.9,1814.0
2021-06-15 15:00:00,NSE:SHAREINDIA,458.9,459.95,455.0,459.0,5616.0
2021-06-16 09:00:00,NSE:SHAREINDIA,465.2,465.2,453.0,455.0,4519.0
2021-06-16 10:00:00,NSE:SHAREINDIA,455.0,455.75,450.0,450.5,2605.0
2021-06-16 11:00:00,NSE:SHAREINDIA,450.5,452.4,448.1,450.0,3667.0
2021-06-16 12:00:00,NSE:SHAREINDIA,449.95,450.0,448.75,449.9,1765.0
2021-06-16 13:00:00,NSE:SHAREINDIA,449.9,452.4,446.0,450.75,7370.0
2021-06-16 14:00:00,NSE:SHAREINDIA,451.0,454.85,450.65,450.65,4046.0
2021-06-16 15:00:00,NSE:SHAREINDIA,452.0,452.3,448.05,450.0,4231.0
2021-06-17 09:00:00,NSE:SHAREINDIA,450.0,450.0,441.15,444.3,5903.0
2021-06-17 10:00:00,NSE:SHAREINDIA,444.3,445.75,443.2,443.8,2217.0
2021-06-17 11:00:00,NSE:SHAREINDIA,444.4,444.45,443.0,444.0,1657.0
2021-06-17 12:00:00,NSE:SHAREINDIA,444.0,444.0,440.0,440.1,3793.0
2021-06-17 13:00:00,NSE:SHAREINDIA,440.75,442.95,440.75,442.95,1972.0
2021-06-17 14:00:00,NSE:SHAREINDIA,443.35,443.5,441.0,441.9,1402.0
2021-06-17 15:00:00,NSE:SHAREINDIA,441.9,442.0,440.0,442.0,1734.0
2021-06-18 09:00:00,NSE:SHAREINDIA,440.5,447.5,440.0,440.0,5048.0
2021-06-18 10:00:00,NSE:SHAREINDIA,438.25,438.75,417.05,420.0,13660.0
2021-06-18 11:00:00,NSE:SHAREINDIA,420.0,427.0,419.25,424.0,7010.0
2021-06-18 12:00:00,NSE:SHAREINDIA,424.0,430.0,424.0,428.85,4423.0
2021-06-18 13:00:00,NSE:SHAREINDIA,429.7,431.8,428.0,431.2,3451.0
2021-06-18 14:00:00,NSE:SHAREINDIA,431.25,449.75,431.2,449.0,10223.0
2021-06-18 15:00:00,NSE:SHAREINDIA,449.75,450.0,444.0,447.15,6826.0
