datetime,symbol,open,high,low,close,volume
2018-08-29 09:00:00,NSE:SMLISUZU,879.0,879.0,869.95,875.65,1814.0
2018-08-29 10:00:00,NSE:SMLISUZU,876.6,881.9,872.0,879.7,2699.0
2018-08-29 11:00:00,NSE:SMLISUZU,879.7,881.0,877.95,879.0,633.0
2018-08-29 12:00:00,NSE:SMLISUZU,879.0,881.05,878.1,880.0,2646.0
2018-08-29 13:00:00,NSE:SMLISUZU,878.2,880.0,875.75,875.75,342.0
2018-08-29 14:00:00,NSE:SMLISUZU,876.0,879.8,875.75,878.95,548.0
2018-08-29 15:00:00,NSE:SMLISUZU,879.0,880.0,869.1,874.25,4480.0
2018-08-30 09:00:00,NSE:SMLISUZU,878.65,883.0,876.1,882.85,1571.0
2018-08-30 10:00:00,NSE:SMLISUZU,885.0,890.0,881.2,883.1,5179.0
2018-08-30 11:00:00,NSE:SMLISUZU,885.0,886.25,882.25,884.8,362.0
2018-08-30 12:00:00,NSE:SMLISUZU,884.85,889.0,881.2,887.5,4849.0
2018-08-30 13:00:00,NSE:SMLISUZU,887.5,887.7,885.0,885.1,1672.0
2018-08-30 14:00:00,NSE:SMLISUZU,885.15,887.45,885.0,885.0,4999.0
2018-08-30 15:00:00,NSE:SMLISUZU,885.05,890.0,885.0,886.55,5205.0
2018-08-31 09:00:00,NSE:SMLISUZU,893.0,894.8,883.05,883.05,4259.0
2018-08-31 10:00:00,NSE:SMLISUZU,884.0,889.0,878.1,879.0,3199.0
2018-08-31 11:00:00,NSE:SMLISUZU,879.2,885.0,875.0,881.0,3701.0
2018-08-31 12:00:00,NSE:SMLISUZU,880.65,886.5,880.0,886.0,1585.0
2018-08-31 13:00:00,NSE:SMLISUZU,885.9,885.9,880.0,880.05,1350.0
2018-08-31 14:00:00,NSE:SMLISUZU,881.7,882.0,875.9,877.0,5397.0
2018-08-31 15:00:00,NSE:SMLISUZU,877.0,879.9,871.0,876.0,2483.0
2018-09-03 09:00:00,NSE:SMLISUZU,898.75,898.75,877.0,884.6,21788.0
2018-09-03 10:00:00,NSE:SMLISUZU,884.0,885.0,874.0,874.2,9316.0
2018-09-03 11:00:00,NSE:SMLISUZU,874.5,874.6,866.0,869.85,12319.0
2018-09-03 12:00:00,NSE:SMLISUZU,868.5,872.0,863.0,871.0,5584.0
2018-09-03 13:00:00,NSE:SMLISUZU,871.0,874.0,865.2,868.0,3668.0
2018-09-03 14:00:00,NSE:SMLISUZU,868.0,868.0,860.5,863.0,10410.0
2018-09-03 15:00:00,NSE:SMLISUZU,863.0,865.0,857.0,861.4,5509.0
2018-09-04 09:00:00,NSE:SMLISUZU,862.0,866.9,842.0,849.45,6083.0
2018-09-04 10:00:00,NSE:SMLISUZU,849.45,852.0,845.3,848.4,3959.0
2018-09-04 11:00:00,NSE:SMLISUZU,847.45,852.9,846.0,850.6,1832.0
2018-09-04 12:00:00,NSE:SMLISUZU,852.7,854.15,849.05,849.45,1391.0
2018-09-04 13:00:00,NSE:SMLISUZU,849.45,852.85,844.0,844.0,5083.0
2018-09-04 14:00:00,NSE:SMLISUZU,843.5,844.85,831.0,834.45,3418.0
2018-09-04 15:00:00,NSE:SMLISUZU,834.05,834.9,826.0,831.95,3640.0
2018-09-05 09:00:00,NSE:SMLISUZU,826.0,835.95,803.3,807.9,5485.0
2018-09-05 10:00:00,NSE:SMLISUZU,807.15,819.7,807.15,814.25,4042.0
2018-09-05 11:00:00,NSE:SMLISUZU,814.25,814.95,808.0,810.0,2935.0
2018-09-05 12:00:00,NSE:SMLISUZU,810.0,816.0,800.25,808.1,7555.0
2018-09-05 13:00:00,NSE:SMLISUZU,808.95,813.0,802.8,807.0,3134.0
2018-09-05 14:00:00,NSE:SMLISUZU,807.0,820.65,804.0,816.0,3397.0
2018-09-05 15:00:00,NSE:SMLISUZU,817.65,821.0,813.05,819.05,4589.0
2018-09-06 09:00:00,NSE:SMLISUZU,829.75,837.0,825.2,833.95,3647.0
2018-09-06 10:00:00,NSE:SMLISUZU,832.65,838.95,829.0,837.8,6328.0
2018-09-06 11:00:00,NSE:SMLISUZU,837.8,838.9,830.0,831.1,1965.0
2018-09-06 12:00:00,NSE:SMLISUZU,831.15,834.05,827.25,829.0,1247.0
2018-09-06 13:00:00,NSE:SMLISUZU,829.0,830.5,825.05,828.05,732.0
2018-09-06 14:00:00,NSE:SMLISUZU,828.0,830.5,825.0,827.0,1681.0
2018-09-06 15:00:00,NSE:SMLISUZU,826.9,834.3,825.3,830.35,5952.0
2018-09-07 09:00:00,NSE:SMLISUZU,825.0,834.95,825.0,834.95,2283.0
2018-09-07 10:00:00,NSE:SMLISUZU,834.95,837.9,833.55,835.0,3068.0
2018-09-07 11:00:00,NSE:SMLISUZU,835.0,836.95,835.0,835.5,952.0
2018-09-07 12:00:00,NSE:SMLISUZU,835.95,835.95,833.65,835.0,593.0
2018-09-07 13:00:00,NSE:SMLISUZU,837.0,840.85,835.1,839.95,2977.0
2018-09-07 14:00:00,NSE:SMLISUZU,839.95,840.0,831.6,835.0,2890.0
2018-09-07 15:00:00,NSE:SMLISUZU,836.95,839.0,833.8,837.25,2919.0
2018-09-10 09:00:00,NSE:SMLISUZU,831.05,842.7,831.05,834.0,2113.0
2018-09-10 10:00:00,NSE:SMLISUZU,833.6,834.0,827.0,827.2,2437.0
2018-09-10 11:00:00,NSE:SMLISUZU,827.2,830.1,827.2,828.9,1198.0
2018-09-10 12:00:00,NSE:SMLISUZU,828.25,830.1,824.0,824.95,735.0
2018-09-10 13:00:00,NSE:SMLISUZU,824.95,825.5,821.0,821.0,949.0
2018-09-10 14:00:00,NSE:SMLISUZU,820.7,824.95,820.0,821.0,1613.0
2018-09-10 15:00:00,NSE:SMLISUZU,821.0,824.0,812.1,816.85,5777.0
2018-09-11 09:00:00,NSE:SMLISUZU,820.0,826.0,815.05,819.95,3588.0
2018-09-11 10:00:00,NSE:SMLISUZU,820.0,827.0,814.9,816.5,4210.0
2018-09-11 11:00:00,NSE:SMLISUZU,817.95,817.95,809.3,816.0,2417.0
2018-09-11 12:00:00,NSE:SMLISUZU,816.0,816.45,811.0,811.05,1799.0
2018-09-11 13:00:00,NSE:SMLISUZU,812.8,813.65,790.5,798.0,5801.0
2018-09-11 14:00:00,NSE:SMLISUZU,797.0,802.0,794.05,802.0,2905.0
2018-09-11 15:00:00,NSE:SMLISUZU,802.0,802.0,792.3,796.35,3072.0
2018-09-12 09:00:00,NSE:SMLISUZU,791.0,805.0,791.0,792.25,2071.0
2018-09-12 10:00:00,NSE:SMLISUZU,792.25,804.0,791.5,802.5,3939.0
2018-09-12 11:00:00,NSE:SMLISUZU,804.0,810.9,802.5,806.9,2645.0
2018-09-12 12:00:00,NSE:SMLISUZU,805.55,805.55,797.0,798.5,1028.0
2018-09-12 13:00:00,NSE:SMLISUZU,800.0,803.7,799.0,802.75,821.0
2018-09-12 14:00:00,NSE:SMLISUZU,801.4,809.9,801.05,809.9,1645.0
2018-09-12 15:00:00,NSE:SMLISUZU,809.9,810.9,803.35,807.6,1926.0
2018-09-14 09:00:00,NSE:SMLISUZU,808.05,813.2,808.0,812.0,2629.0
2018-09-14 10:00:00,NSE:SMLISUZU,811.9,814.0,810.1,810.2,3541.0
2018-09-14 11:00:00,NSE:SMLISUZU,811.7,812.2,807.1,807.1,868.0
2018-09-14 12:00:00,NSE:SMLISUZU,808.0,815.0,808.0,814.0,3701.0
2018-09-14 13:00:00,NSE:SMLISUZU,813.0,814.0,808.1,810.85,866.0
2018-09-14 14:00:00,NSE:SMLISUZU,811.05,814.0,808.15,808.35,1178.0
2018-09-14 15:00:00,NSE:SMLISUZU,808.3,811.0,807.6,809.0,1128.0
2018-09-17 09:00:00,NSE:SMLISUZU,805.5,812.9,799.95,803.65,588.0
2018-09-17 10:00:00,NSE:SMLISUZU,803.0,809.3,802.8,809.3,647.0
2018-09-17 11:00:00,NSE:SMLISUZU,808.0,809.85,803.1,807.0,424.0
2018-09-17 12:00:00,NSE:SMLISUZU,807.0,809.95,805.0,805.9,1119.0
2018-09-17 13:00:00,NSE:SMLISUZU,805.0,805.95,803.0,805.0,400.0
2018-09-17 14:00:00,NSE:SMLISUZU,805.9,807.95,804.05,807.9,434.0
2018-09-17 15:00:00,NSE:SMLISUZU,807.0,807.0,800.0,802.65,1454.0
2018-09-18 09:00:00,NSE:SMLISUZU,796.5,809.5,796.5,801.05,2046.0
2018-09-18 10:00:00,NSE:SMLISUZU,802.55,807.45,801.45,805.05,1895.0
2018-09-18 11:00:00,NSE:SMLISUZU,805.0,807.4,803.85,803.85,708.0
2018-09-18 12:00:00,NSE:SMLISUZU,803.85,804.6,801.0,801.0,1138.0
2018-09-18 13:00:00,NSE:SMLISUZU,801.5,805.7,800.5,800.95,553.0
2018-09-18 14:00:00,NSE:SMLISUZU,800.55,800.55,790.5,792.6,2176.0
2018-09-18 15:00:00,NSE:SMLISUZU,790.9,797.0,790.5,791.95,1738.0
2018-09-19 09:00:00,NSE:SMLISUZU,790.0,799.7,788.15,796.0,945.0
2018-09-19 10:00:00,NSE:SMLISUZU,796.0,799.45,794.0,794.0,1443.0
2018-09-19 11:00:00,NSE:SMLISUZU,794.0,795.8,794.0,794.25,767.0
2018-09-19 12:00:00,NSE:SMLISUZU,794.25,795.1,785.0,788.0,1878.0
2018-09-19 13:00:00,NSE:SMLISUZU,790.0,790.35,785.0,786.65,2928.0
2018-09-19 14:00:00,NSE:SMLISUZU,786.9,787.45,774.15,778.0,6400.0
2018-09-19 15:00:00,NSE:SMLISUZU,778.0,778.9,771.3,773.8,3270.0
2018-09-21 09:00:00,NSE:SMLISUZU,783.3,785.1,765.0,768.5,5066.0
2018-09-21 10:00:00,NSE:SMLISUZU,770.0,771.5,768.05,768.05,6561.0
2018-09-21 11:00:00,NSE:SMLISUZU,768.05,768.05,756.4,757.4,6621.0
2018-09-21 12:00:00,NSE:SMLISUZU,757.4,761.05,744.0,745.9,10401.0
2018-09-21 13:00:00,NSE:SMLISUZU,744.1,747.9,720.4,743.75,6245.0
2018-09-21 14:00:00,NSE:SMLISUZU,743.1,751.85,740.0,743.15,10098.0
2018-09-21 15:00:00,NSE:SMLISUZU,743.1,743.25,720.5,729.8,33169.0
2018-09-24 09:00:00,NSE:SMLISUZU,741.0,861.2,738.0,738.95,3919.0
2018-09-24 10:00:00,NSE:SMLISUZU,739.25,748.9,730.55,741.65,3950.0
2018-09-24 11:00:00,NSE:SMLISUZU,741.15,742.65,734.7,736.95,1389.0
2018-09-24 12:00:00,NSE:SMLISUZU,735.1,737.0,725.0,727.0,3794.0
2018-09-24 13:00:00,NSE:SMLISUZU,728.5,737.0,727.0,730.05,2031.0
2018-09-24 14:00:00,NSE:SMLISUZU,728.0,733.85,720.05,722.9,3042.0
2018-09-24 15:00:00,NSE:SMLISUZU,731.65,733.45,720.15,727.5,2513.0
2018-09-25 09:00:00,NSE:SMLISUZU,730.0,731.0,721.0,722.0,1988.0
2018-09-25 10:00:00,NSE:SMLISUZU,724.2,729.0,716.25,722.2,2725.0
2018-09-25 11:00:00,NSE:SMLISUZU,723.6,731.95,723.6,725.05,1152.0
2018-09-25 12:00:00,NSE:SMLISUZU,725.05,727.55,725.0,726.35,890.0
2018-09-25 13:00:00,NSE:SMLISUZU,726.0,728.0,718.0,722.65,1620.0
2018-09-25 14:00:00,NSE:SMLISUZU,719.0,720.8,711.0,714.95,3940.0
2018-09-25 15:00:00,NSE:SMLISUZU,714.95,718.05,706.0,711.55,6040.0
2018-09-26 09:00:00,NSE:SMLISUZU,712.2,726.25,712.2,714.9,4420.0
2018-09-26 10:00:00,NSE:SMLISUZU,716.6,722.05,714.0,720.8,3156.0
2018-09-26 11:00:00,NSE:SMLISUZU,720.8,720.8,715.0,715.55,1208.0
2018-09-26 12:00:00,NSE:SMLISUZU,715.55,717.65,712.0,712.0,1065.0
2018-09-26 13:00:00,NSE:SMLISUZU,713.0,714.0,710.1,711.0,1341.0
2018-09-26 14:00:00,NSE:SMLISUZU,710.1,717.0,705.65,710.3,4700.0
2018-09-26 15:00:00,NSE:SMLISUZU,712.0,712.75,702.35,706.6,4205.0
2018-09-27 09:00:00,NSE:SMLISUZU,717.0,717.0,708.5,714.8,2249.0
2018-09-27 10:00:00,NSE:SMLISUZU,715.85,727.0,714.65,717.5,7560.0
2018-09-27 11:00:00,NSE:SMLISUZU,717.45,718.0,710.3,711.95,2385.0
2018-09-27 12:00:00,NSE:SMLISUZU,713.0,716.95,712.85,714.75,773.0
2018-09-27 13:00:00,NSE:SMLISUZU,715.0,726.0,714.5,717.45,6077.0
2018-09-27 14:00:00,NSE:SMLISUZU,718.25,718.3,710.15,711.0,2323.0
2018-09-27 15:00:00,NSE:SMLISUZU,710.05,711.0,702.8,706.0,5350.0
2018-09-28 09:00:00,NSE:SMLISUZU,714.0,714.85,694.1,696.05,4325.0
2018-09-28 10:00:00,NSE:SMLISUZU,696.05,705.9,695.05,705.0,1981.0
2018-09-28 11:00:00,NSE:SMLISUZU,705.95,710.0,705.0,707.55,2020.0
2018-09-28 12:00:00,NSE:SMLISUZU,707.5,709.95,700.25,700.85,2106.0
2018-09-28 13:00:00,NSE:SMLISUZU,700.4,701.05,694.0,694.0,1562.0
2018-09-28 14:00:00,NSE:SMLISUZU,693.9,693.9,681.0,682.0,3034.0
2018-09-28 15:00:00,NSE:SMLISUZU,681.0,683.1,678.0,681.9,8220.0
2018-10-01 09:00:00,NSE:SMLISUZU,692.0,692.0,671.1,680.6,2461.0
2018-10-01 10:00:00,NSE:SMLISUZU,682.0,682.0,672.1,674.5,6784.0
2018-10-01 11:00:00,NSE:SMLISUZU,674.75,674.95,664.3,664.3,3183.0
2018-10-01 12:00:00,NSE:SMLISUZU,666.7,666.75,650.0,654.4,3392.0
2018-10-01 13:00:00,NSE:SMLISUZU,654.4,680.4,651.5,670.55,7250.0
2018-10-01 14:00:00,NSE:SMLISUZU,670.55,687.5,670.05,679.9,8018.0
2018-10-01 15:00:00,NSE:SMLISUZU,678.5,681.95,674.95,678.4,8746.0
2018-10-03 09:00:00,NSE:SMLISUZU,681.1,684.9,675.3,684.75,2125.0
2018-10-03 10:00:00,NSE:SMLISUZU,684.7,684.75,675.0,682.0,1850.0
2018-10-03 11:00:00,NSE:SMLISUZU,681.9,685.0,681.0,684.7,1078.0
2018-10-03 12:00:00,NSE:SMLISUZU,685.9,705.0,685.8,696.1,3246.0
2018-10-03 13:00:00,NSE:SMLISUZU,696.0,696.1,688.0,691.1,2368.0
2018-10-03 14:00:00,NSE:SMLISUZU,695.15,695.95,685.0,685.0,1234.0
2018-10-03 15:00:00,NSE:SMLISUZU,685.95,687.3,682.2,683.3,2505.0
2018-10-04 09:00:00,NSE:SMLISUZU,676.0,681.05,673.0,680.75,761.0
2018-10-04 10:00:00,NSE:SMLISUZU,682.5,682.95,674.1,679.0,1027.0
2018-10-04 11:00:00,NSE:SMLISUZU,679.0,681.05,678.8,678.8,1310.0
2018-10-04 12:00:00,NSE:SMLISUZU,679.9,681.0,678.0,678.0,872.0
2018-10-04 13:00:00,NSE:SMLISUZU,678.0,682.4,676.2,678.65,974.0
2018-10-04 14:00:00,NSE:SMLISUZU,676.0,679.4,670.1,674.15,1917.0
2018-10-04 15:00:00,NSE:SMLISUZU,674.65,679.0,670.0,673.85,1385.0
2018-10-05 09:00:00,NSE:SMLISUZU,679.95,688.8,673.9,683.1,2716.0
2018-10-05 10:00:00,NSE:SMLISUZU,683.1,684.1,680.1,683.95,813.0
2018-10-05 11:00:00,NSE:SMLISUZU,683.85,685.95,680.85,681.95,574.0
2018-10-05 12:00:00,NSE:SMLISUZU,681.95,683.95,673.1,679.0,1370.0
2018-10-05 13:00:00,NSE:SMLISUZU,680.0,680.0,671.0,675.0,1592.0
2018-10-05 14:00:00,NSE:SMLISUZU,672.55,676.6,666.95,669.0,1926.0
2018-10-05 15:00:00,NSE:SMLISUZU,670.0,670.0,656.0,660.5,2757.0
2018-10-08 09:00:00,NSE:SMLISUZU,642.05,660.0,642.05,651.5,1914.0
2018-10-08 10:00:00,NSE:SMLISUZU,651.5,660.0,644.0,653.25,3316.0
2018-10-08 11:00:00,NSE:SMLISUZU,654.0,657.55,652.6,657.0,3619.0
2018-10-08 12:00:00,NSE:SMLISUZU,655.0,659.15,652.1,652.75,1065.0
2018-10-08 13:00:00,NSE:SMLISUZU,652.7,656.0,647.95,647.95,836.0
2018-10-08 14:00:00,NSE:SMLISUZU,648.0,648.0,630.0,631.0,4339.0
2018-10-08 15:00:00,NSE:SMLISUZU,632.0,645.0,630.05,638.3,2240.0
2018-10-09 09:00:00,NSE:SMLISUZU,641.0,647.9,632.0,642.0,1876.0
2018-10-09 10:00:00,NSE:SMLISUZU,641.0,654.9,640.05,650.85,5403.0
2018-10-09 11:00:00,NSE:SMLISUZU,650.1,650.75,645.7,646.5,3512.0
2018-10-09 12:00:00,NSE:SMLISUZU,646.2,650.0,646.0,646.6,956.0
2018-10-09 13:00:00,NSE:SMLISUZU,646.7,650.5,632.0,647.8,2451.0
2018-10-09 14:00:00,NSE:SMLISUZU,647.0,656.0,644.25,650.3,1615.0
2018-10-09 15:00:00,NSE:SMLISUZU,649.7,652.0,639.05,640.0,7320.0
2018-10-10 09:00:00,NSE:SMLISUZU,650.0,650.0,643.0,645.0,4369.0
2018-10-10 10:00:00,NSE:SMLISUZU,645.0,656.1,636.9,649.95,8762.0
2018-10-10 11:00:00,NSE:SMLISUZU,649.9,651.0,646.5,648.0,6483.0
2018-10-10 12:00:00,NSE:SMLISUZU,648.1,652.0,643.45,650.0,14805.0
2018-10-10 13:00:00,NSE:SMLISUZU,649.95,654.3,646.65,647.8,16509.0
2018-10-10 14:00:00,NSE:SMLISUZU,647.8,647.8,628.0,639.9,9767.0
2018-10-10 15:00:00,NSE:SMLISUZU,640.7,640.7,637.0,639.25,4707.0
2018-10-11 09:00:00,NSE:SMLISUZU,624.7,631.15,612.0,622.1,2831.0
2018-10-11 10:00:00,NSE:SMLISUZU,623.85,628.8,623.0,625.0,1376.0
2018-10-11 11:00:00,NSE:SMLISUZU,623.85,638.0,623.0,638.0,1848.0
2018-10-11 12:00:00,NSE:SMLISUZU,636.15,637.5,630.0,632.5,811.0
2018-10-11 13:00:00,NSE:SMLISUZU,633.0,635.0,624.3,628.9,2435.0
2018-10-11 14:00:00,NSE:SMLISUZU,628.85,628.9,621.3,625.0,982.0
2018-10-11 15:00:00,NSE:SMLISUZU,624.9,632.0,621.7,627.0,2064.0
2018-10-12 09:00:00,NSE:SMLISUZU,630.5,648.75,630.5,639.6,4287.0
2018-10-12 10:00:00,NSE:SMLISUZU,639.7,640.4,636.05,637.0,1610.0
2018-10-12 11:00:00,NSE:SMLISUZU,636.0,640.5,635.0,640.0,12298.0
2018-10-12 12:00:00,NSE:SMLISUZU,640.0,640.0,638.05,639.95,4428.0
2018-10-12 13:00:00,NSE:SMLISUZU,638.3,660.35,638.3,654.5,8927.0
2018-10-12 14:00:00,NSE:SMLISUZU,656.95,659.05,652.0,653.5,1158.0
2018-10-12 15:00:00,NSE:SMLISUZU,653.5,653.55,635.0,641.15,6900.0
2018-10-15 09:00:00,NSE:SMLISUZU,639.25,640.65,636.1,639.15,1205.0
2018-10-15 10:00:00,NSE:SMLISUZU,639.95,649.0,637.5,644.4,2382.0
2018-10-15 11:00:00,NSE:SMLISUZU,645.05,653.5,645.05,651.0,7485.0
2018-10-15 12:00:00,NSE:SMLISUZU,651.0,654.0,650.05,650.05,2952.0
2018-10-15 13:00:00,NSE:SMLISUZU,650.05,652.45,650.0,650.0,2927.0
2018-10-15 14:00:00,NSE:SMLISUZU,650.0,652.45,650.0,650.1,2801.0
2018-10-15 15:00:00,NSE:SMLISUZU,650.1,665.9,649.1,664.0,4112.0
2018-10-16 09:00:00,NSE:SMLISUZU,651.0,673.0,651.0,661.4,4842.0
2018-10-16 10:00:00,NSE:SMLISUZU,660.65,668.0,660.65,663.95,1866.0
2018-10-16 11:00:00,NSE:SMLISUZU,663.95,664.75,657.0,663.0,1327.0
2018-10-16 12:00:00,NSE:SMLISUZU,662.8,665.5,657.65,664.0,806.0
2018-10-16 13:00:00,NSE:SMLISUZU,664.0,666.95,661.2,664.7,1155.0
2018-10-16 14:00:00,NSE:SMLISUZU,665.8,665.85,663.45,664.0,713.0
2018-10-16 15:00:00,NSE:SMLISUZU,664.05,664.9,655.0,660.7,1619.0
2018-10-17 09:00:00,NSE:SMLISUZU,665.35,672.95,655.75,657.45,1836.0
2018-10-17 10:00:00,NSE:SMLISUZU,655.5,662.4,655.5,659.8,1807.0
2018-10-17 11:00:00,NSE:SMLISUZU,656.0,657.0,654.0,656.75,964.0
2018-10-17 12:00:00,NSE:SMLISUZU,657.45,657.45,651.2,653.0,771.0
2018-10-17 13:00:00,NSE:SMLISUZU,651.2,651.2,647.2,649.7,653.0
2018-10-17 14:00:00,NSE:SMLISUZU,651.2,654.0,644.6,647.9,827.0
2018-10-17 15:00:00,NSE:SMLISUZU,646.9,654.3,644.0,648.2,1796.0
2018-10-19 09:00:00,NSE:SMLISUZU,648.2,653.05,640.0,650.45,871.0
2018-10-19 10:00:00,NSE:SMLISUZU,648.0,648.0,642.65,644.65,583.0
2018-10-19 11:00:00,NSE:SMLISUZU,642.7,644.85,636.05,643.0,1516.0
2018-10-19 12:00:00,NSE:SMLISUZU,643.0,643.0,636.9,639.9,709.0
2018-10-19 13:00:00,NSE:SMLISUZU,640.0,642.0,638.1,639.85,445.0
2018-10-19 14:00:00,NSE:SMLISUZU,638.2,639.85,637.2,639.8,418.0
2018-10-19 15:00:00,NSE:SMLISUZU,639.8,639.8,635.0,635.0,923.0
2018-10-22 09:00:00,NSE:SMLISUZU,650.0,650.0,638.0,638.0,1163.0
2018-10-22 10:00:00,NSE:SMLISUZU,636.85,644.0,633.0,641.5,923.0
2018-10-22 11:00:00,NSE:SMLISUZU,641.5,644.0,637.65,641.0,934.0
2018-10-22 12:00:00,NSE:SMLISUZU,641.0,641.0,636.9,639.85,641.0
2018-10-22 13:00:00,NSE:SMLISUZU,636.9,639.9,636.9,638.0,164.0
2018-10-22 14:00:00,NSE:SMLISUZU,638.25,639.25,635.0,635.0,573.0
2018-10-22 15:00:00,NSE:SMLISUZU,635.0,636.25,625.0,630.25,2225.0
2018-10-23 09:00:00,NSE:SMLISUZU,630.25,636.65,625.55,627.4,1406.0
2018-10-23 10:00:00,NSE:SMLISUZU,627.4,632.5,625.0,628.0,713.0
2018-10-23 11:00:00,NSE:SMLISUZU,628.0,629.85,625.0,625.05,712.0
2018-10-23 12:00:00,NSE:SMLISUZU,626.0,626.95,625.15,625.15,257.0
2018-10-23 13:00:00,NSE:SMLISUZU,626.15,626.9,624.0,624.0,951.0
2018-10-23 14:00:00,NSE:SMLISUZU,623.95,623.95,620.3,623.5,508.0
2018-10-23 15:00:00,NSE:SMLISUZU,623.5,630.0,621.0,623.2,1887.0
2018-10-24 09:00:00,NSE:SMLISUZU,625.0,633.0,625.0,626.8,2114.0
2018-10-24 10:00:00,NSE:SMLISUZU,626.8,626.8,624.7,625.0,1679.0
2018-10-24 11:00:00,NSE:SMLISUZU,624.95,624.95,619.05,621.7,1393.0
2018-10-24 12:00:00,NSE:SMLISUZU,622.25,625.8,620.0,623.3,470.0
2018-10-24 13:00:00,NSE:SMLISUZU,622.55,624.95,621.0,621.0,868.0
2018-10-24 14:00:00,NSE:SMLISUZU,621.0,623.7,621.0,623.7,1353.0
2018-10-24 15:00:00,NSE:SMLISUZU,622.2,626.5,619.0,622.35,2094.0
2018-10-25 09:00:00,NSE:SMLISUZU,620.0,622.0,615.05,621.65,1173.0
2018-10-25 10:00:00,NSE:SMLISUZU,622.5,628.4,620.3,622.45,1090.0
2018-10-25 11:00:00,NSE:SMLISUZU,623.2,650.0,620.0,644.0,7371.0
2018-10-25 12:00:00,NSE:SMLISUZU,644.3,657.0,643.6,655.05,6953.0
2018-10-25 13:00:00,NSE:SMLISUZU,655.05,657.0,651.0,652.55,2870.0
2018-10-25 14:00:00,NSE:SMLISUZU,654.85,658.0,651.1,656.0,2066.0
2018-10-25 15:00:00,NSE:SMLISUZU,656.85,680.0,653.0,661.95,4242.0
2018-10-26 09:00:00,NSE:SMLISUZU,658.5,658.5,653.0,654.0,1395.0
2018-10-26 10:00:00,NSE:SMLISUZU,654.0,654.9,653.0,653.5,192.0
2018-10-26 11:00:00,NSE:SMLISUZU,653.5,654.9,652.15,653.4,1573.0
2018-10-26 12:00:00,NSE:SMLISUZU,653.4,703.9,653.4,689.15,7093.0
2018-10-26 13:00:00,NSE:SMLISUZU,689.15,689.95,684.0,684.0,1917.0
2018-10-26 14:00:00,NSE:SMLISUZU,684.0,685.0,681.0,681.5,1046.0
2018-10-26 15:00:00,NSE:SMLISUZU,682.25,690.0,678.55,681.65,1807.0
2018-10-29 09:00:00,NSE:SMLISUZU,682.8,688.0,678.1,683.0,839.0
2018-10-29 10:00:00,NSE:SMLISUZU,682.15,688.0,680.55,685.95,851.0
2018-10-29 11:00:00,NSE:SMLISUZU,686.4,686.5,683.1,684.9,330.0
2018-10-29 12:00:00,NSE:SMLISUZU,685.0,685.9,683.05,685.0,907.0
2018-10-29 13:00:00,NSE:SMLISUZU,684.0,685.95,683.05,684.0,320.0
2018-10-29 14:00:00,NSE:SMLISUZU,684.0,687.9,681.9,684.0,2732.0
2018-10-29 15:00:00,NSE:SMLISUZU,684.0,700.8,684.0,691.65,2362.0
2018-10-30 09:00:00,NSE:SMLISUZU,696.0,706.0,687.25,693.55,1184.0
2018-10-30 10:00:00,NSE:SMLISUZU,694.3,728.0,692.0,721.0,5584.0
2018-10-30 11:00:00,NSE:SMLISUZU,720.0,722.9,713.25,720.0,2134.0
2018-10-30 12:00:00,NSE:SMLISUZU,720.0,720.0,716.0,717.0,1444.0
2018-10-30 13:00:00,NSE:SMLISUZU,717.0,720.1,717.0,717.0,848.0
2018-10-30 14:00:00,NSE:SMLISUZU,717.05,717.95,715.15,717.0,1388.0
2018-10-30 15:00:00,NSE:SMLISUZU,717.7,728.0,717.0,723.75,3055.0
2018-10-31 09:00:00,NSE:SMLISUZU,725.0,728.9,716.3,717.85,2420.0
2018-10-31 10:00:00,NSE:SMLISUZU,717.0,718.75,714.0,714.0,1054.0
2018-10-31 11:00:00,NSE:SMLISUZU,714.85,725.0,714.5,725.0,700.0
2018-10-31 12:00:00,NSE:SMLISUZU,722.9,727.2,722.9,725.0,775.0
2018-10-31 13:00:00,NSE:SMLISUZU,725.0,757.0,721.2,745.65,5662.0
2018-10-31 14:00:00,NSE:SMLISUZU,745.2,746.75,740.15,742.9,2094.0
2018-10-31 15:00:00,NSE:SMLISUZU,742.95,743.0,735.3,738.55,2362.0
2018-11-01 09:00:00,NSE:SMLISUZU,736.05,746.0,736.05,741.55,1587.0
2018-11-01 10:00:00,NSE:SMLISUZU,740.65,744.5,729.15,730.0,5395.0
2018-11-01 11:00:00,NSE:SMLISUZU,729.15,730.0,728.6,728.6,1136.0
2018-11-01 12:00:00,NSE:SMLISUZU,729.2,734.0,728.15,734.0,1084.0
2018-11-01 13:00:00,NSE:SMLISUZU,734.3,763.95,734.3,745.1,13530.0
2018-11-01 14:00:00,NSE:SMLISUZU,745.1,746.05,741.0,745.0,3160.0
2018-11-01 15:00:00,NSE:SMLISUZU,743.05,744.1,738.5,740.05,1880.0
2018-11-02 09:00:00,NSE:SMLISUZU,738.0,748.0,738.0,745.1,1118.0
2018-11-02 10:00:00,NSE:SMLISUZU,745.1,745.85,739.65,740.0,2397.0
2018-11-02 11:00:00,NSE:SMLISUZU,741.25,742.0,740.0,741.25,2078.0
2018-11-02 12:00:00,NSE:SMLISUZU,741.7,751.85,741.7,749.55,1709.0
2018-11-02 13:00:00,NSE:SMLISUZU,749.55,756.0,749.55,751.0,1414.0
2018-11-02 14:00:00,NSE:SMLISUZU,752.5,752.5,725.5,740.65,3467.0
2018-11-02 15:00:00,NSE:SMLISUZU,739.9,741.4,731.0,733.4,1521.0
2018-11-05 09:00:00,NSE:SMLISUZU,739.95,753.95,731.0,746.45,2775.0
2018-11-05 10:00:00,NSE:SMLISUZU,748.0,750.0,742.15,745.8,649.0
2018-11-05 11:00:00,NSE:SMLISUZU,744.0,744.45,728.0,730.0,2716.0
2018-11-05 12:00:00,NSE:SMLISUZU,729.95,734.55,727.2,732.8,996.0
2018-11-05 13:00:00,NSE:SMLISUZU,732.7,732.7,728.95,730.1,341.0
2018-11-05 14:00:00,NSE:SMLISUZU,730.05,730.05,722.85,723.0,1257.0
2018-11-05 15:00:00,NSE:SMLISUZU,723.05,728.7,718.8,724.0,2110.0
2018-11-06 09:00:00,NSE:SMLISUZU,728.85,729.85,724.3,724.3,512.0
2018-11-06 10:00:00,NSE:SMLISUZU,726.25,728.7,723.6,727.65,351.0
2018-11-06 11:00:00,NSE:SMLISUZU,725.45,725.65,719.0,722.6,1206.0
2018-11-06 12:00:00,NSE:SMLISUZU,719.1,732.0,719.1,723.15,1688.0
2018-11-06 13:00:00,NSE:SMLISUZU,724.9,724.95,715.4,717.0,950.0
2018-11-06 14:00:00,NSE:SMLISUZU,715.0,717.0,704.95,710.8,2225.0
2018-11-06 15:00:00,NSE:SMLISUZU,709.55,712.9,707.05,709.7,716.0
2018-11-09 09:00:00,NSE:SMLISUZU,707.0,721.6,701.3,716.05,1431.0
2018-11-09 10:00:00,NSE:SMLISUZU,716.0,722.0,715.8,719.45,508.0
2018-11-09 11:00:00,NSE:SMLISUZU,720.9,720.95,719.15,719.15,328.0
2018-11-09 12:00:00,NSE:SMLISUZU,719.5,723.3,717.0,720.65,1502.0
2018-11-09 13:00:00,NSE:SMLISUZU,720.25,727.0,719.25,725.0,985.0
2018-11-09 14:00:00,NSE:SMLISUZU,723.45,752.3,723.45,743.5,4078.0
2018-11-09 15:00:00,NSE:SMLISUZU,743.0,751.9,742.25,745.8,2030.0
2018-11-12 09:00:00,NSE:SMLISUZU,764.9,764.9,742.1,745.0,3145.0
2018-11-12 10:00:00,NSE:SMLISUZU,744.55,746.95,743.05,744.95,3329.0
2018-11-12 11:00:00,NSE:SMLISUZU,743.5,748.95,742.1,748.5,1540.0
2018-11-12 12:00:00,NSE:SMLISUZU,749.6,750.0,747.2,747.2,858.0
2018-11-12 13:00:00,NSE:SMLISUZU,748.0,748.0,741.0,742.65,1648.0
2018-11-12 14:00:00,NSE:SMLISUZU,742.65,745.0,739.15,741.0,1813.0
2018-11-12 15:00:00,NSE:SMLISUZU,741.0,746.0,740.55,745.0,1532.0
2018-11-13 09:00:00,NSE:SMLISUZU,743.9,755.15,736.95,739.9,1185.0
2018-11-13 10:00:00,NSE:SMLISUZU,739.9,743.1,736.25,736.25,481.0
2018-11-13 11:00:00,NSE:SMLISUZU,736.25,739.65,736.0,737.15,428.0
2018-11-13 12:00:00,NSE:SMLISUZU,739.55,739.55,733.65,737.1,909.0
2018-11-13 13:00:00,NSE:SMLISUZU,736.5,739.45,735.35,736.3,789.0
2018-11-13 14:00:00,NSE:SMLISUZU,738.85,739.65,738.0,739.65,789.0
2018-11-13 15:00:00,NSE:SMLISUZU,739.65,739.65,736.3,737.5,508.0
2018-11-14 09:00:00,NSE:SMLISUZU,745.0,753.0,739.55,746.9,1521.0
2018-11-14 10:00:00,NSE:SMLISUZU,745.6,754.0,745.55,752.4,2936.0
2018-11-14 11:00:00,NSE:SMLISUZU,751.35,752.3,748.2,750.0,1210.0
2018-11-14 12:00:00,NSE:SMLISUZU,750.0,750.9,748.05,748.05,568.0
2018-11-14 13:00:00,NSE:SMLISUZU,750.0,750.0,745.0,745.0,2299.0
2018-11-14 14:00:00,NSE:SMLISUZU,745.0,751.0,742.15,750.0,1161.0
2018-11-14 15:00:00,NSE:SMLISUZU,749.0,760.0,747.35,756.4,3789.0
2018-11-15 09:00:00,NSE:SMLISUZU,716.55,716.55,676.35,688.0,41973.0
2018-11-15 10:00:00,NSE:SMLISUZU,688.0,692.7,686.1,688.45,6427.0
2018-11-15 11:00:00,NSE:SMLISUZU,688.0,698.0,687.05,692.8,6712.0
2018-11-15 12:00:00,NSE:SMLISUZU,693.5,695.95,690.0,690.25,6349.0
2018-11-15 13:00:00,NSE:SMLISUZU,691.0,692.0,688.8,689.15,1314.0
2018-11-15 14:00:00,NSE:SMLISUZU,689.75,692.0,682.0,684.8,6088.0
2018-11-15 15:00:00,NSE:SMLISUZU,684.7,686.0,681.1,682.95,3719.0
2018-11-16 09:00:00,NSE:SMLISUZU,680.0,699.0,680.0,692.95,4669.0
2018-11-16 10:00:00,NSE:SMLISUZU,690.05,693.3,687.0,691.8,3425.0
2018-11-16 11:00:00,NSE:SMLISUZU,692.9,692.9,685.0,686.4,748.0
2018-11-16 12:00:00,NSE:SMLISUZU,686.4,686.4,682.0,684.0,2348.0
2018-11-16 13:00:00,NSE:SMLISUZU,683.75,684.9,679.0,679.0,2638.0
2018-11-16 14:00:00,NSE:SMLISUZU,680.3,683.7,672.25,674.0,3283.0
2018-11-16 15:00:00,NSE:SMLISUZU,674.0,680.5,672.45,675.65,2557.0
2018-11-19 09:00:00,NSE:SMLISUZU,679.7,679.7,666.15,668.4,4746.0
2018-11-19 10:00:00,NSE:SMLISUZU,668.9,675.95,666.5,673.1,4449.0
2018-11-19 11:00:00,NSE:SMLISUZU,674.0,678.6,674.0,677.0,3056.0
2018-11-19 12:00:00,NSE:SMLISUZU,676.4,676.75,673.0,673.3,2785.0
2018-11-19 13:00:00,NSE:SMLISUZU,673.3,673.5,671.6,671.6,847.0
2018-11-19 14:00:00,NSE:SMLISUZU,671.9,672.0,670.45,672.0,1484.0
2018-11-19 15:00:00,NSE:SMLISUZU,672.0,677.05,672.0,673.65,2919.0
2018-11-20 09:00:00,NSE:SMLISUZU,671.0,685.05,671.0,685.05,1471.0
2018-11-20 10:00:00,NSE:SMLISUZU,684.3,684.3,680.45,682.05,557.0
2018-11-20 11:00:00,NSE:SMLISUZU,682.0,683.75,680.1,683.75,989.0
2018-11-20 12:00:00,NSE:SMLISUZU,683.7,700.35,682.8,697.1,7803.0
2018-11-20 13:00:00,NSE:SMLISUZU,697.05,699.95,693.15,694.3,2017.0
2018-11-20 14:00:00,NSE:SMLISUZU,693.35,696.9,691.85,695.0,2359.0
2018-11-20 15:00:00,NSE:SMLISUZU,696.0,699.95,693.2,696.05,3829.0
2018-11-21 09:00:00,NSE:SMLISUZU,694.95,706.0,686.0,700.0,2062.0
2018-11-21 10:00:00,NSE:SMLISUZU,699.95,700.0,696.1,696.2,1584.0
2018-11-21 11:00:00,NSE:SMLISUZU,696.1,699.45,696.0,697.85,386.0
2018-11-21 12:00:00,NSE:SMLISUZU,697.3,710.95,695.15,704.0,3411.0
2018-11-21 13:00:00,NSE:SMLISUZU,704.0,704.75,703.05,703.3,1018.0
2018-11-21 14:00:00,NSE:SMLISUZU,703.7,722.0,702.15,711.1,4050.0
2018-11-21 15:00:00,NSE:SMLISUZU,711.1,726.0,711.0,717.45,4244.0
2018-11-22 09:00:00,NSE:SMLISUZU,718.0,719.9,707.15,707.15,2286.0
2018-11-22 10:00:00,NSE:SMLISUZU,708.0,724.0,706.8,718.05,2369.0
2018-11-22 11:00:00,NSE:SMLISUZU,717.35,719.0,716.1,716.15,656.0
2018-11-22 12:00:00,NSE:SMLISUZU,717.0,718.15,716.0,716.9,234.0
2018-11-22 13:00:00,NSE:SMLISUZU,716.0,716.3,714.25,715.0,452.0
2018-11-22 14:00:00,NSE:SMLISUZU,715.9,719.0,714.25,716.5,429.0
2018-11-22 15:00:00,NSE:SMLISUZU,714.0,718.9,713.0,713.0,979.0
2018-11-26 09:00:00,NSE:SMLISUZU,724.75,724.75,711.25,711.25,964.0
2018-11-26 10:00:00,NSE:SMLISUZU,712.0,712.9,709.0,709.5,1145.0
2018-11-26 11:00:00,NSE:SMLISUZU,709.5,709.5,706.25,707.2,1126.0
2018-11-26 12:00:00,NSE:SMLISUZU,706.8,706.8,704.05,704.1,815.0
2018-11-26 13:00:00,NSE:SMLISUZU,704.05,706.0,703.15,705.0,957.0
2018-11-26 14:00:00,NSE:SMLISUZU,704.1,705.55,703.0,704.95,306.0
2018-11-26 15:00:00,NSE:SMLISUZU,705.0,715.0,704.0,715.0,5872.0
2018-11-27 09:00:00,NSE:SMLISUZU,714.9,714.9,706.75,709.3,375.0
2018-11-27 10:00:00,NSE:SMLISUZU,710.0,715.0,710.0,710.2,558.0
2018-11-27 11:00:00,NSE:SMLISUZU,709.85,709.95,707.25,707.6,521.0
2018-11-27 12:00:00,NSE:SMLISUZU,707.4,708.1,707.15,707.15,294.0
2018-11-27 13:00:00,NSE:SMLISUZU,709.0,709.1,707.15,707.2,132.0
2018-11-27 14:00:00,NSE:SMLISUZU,707.05,708.05,706.15,706.15,1286.0
2018-11-27 15:00:00,NSE:SMLISUZU,706.15,707.3,703.05,703.25,1944.0
2018-11-28 09:00:00,NSE:SMLISUZU,702.7,708.35,702.3,702.3,235.0
2018-11-28 10:00:00,NSE:SMLISUZU,704.8,709.85,703.0,704.9,1444.0
2018-11-28 11:00:00,NSE:SMLISUZU,704.9,705.45,704.0,704.05,679.0
2018-11-28 12:00:00,NSE:SMLISUZU,704.9,704.95,703.0,703.25,1306.0
2018-11-28 13:00:00,NSE:SMLISUZU,703.5,703.65,702.75,702.8,305.0
2018-11-28 14:00:00,NSE:SMLISUZU,704.35,704.35,702.1,702.15,398.0
2018-11-28 15:00:00,NSE:SMLISUZU,702.15,704.95,701.15,704.15,384.0
2018-11-29 09:00:00,NSE:SMLISUZU,701.0,708.7,701.0,707.0,337.0
2018-11-29 10:00:00,NSE:SMLISUZU,707.0,708.75,706.0,706.2,566.0
2018-11-29 11:00:00,NSE:SMLISUZU,706.15,708.3,697.1,701.05,3281.0
2018-11-29 12:00:00,NSE:SMLISUZU,700.8,703.45,700.0,701.0,1273.0
2018-11-29 13:00:00,NSE:SMLISUZU,701.0,708.45,698.25,698.4,1514.0
2018-11-29 14:00:00,NSE:SMLISUZU,698.4,699.9,698.25,699.6,269.0
2018-11-29 15:00:00,NSE:SMLISUZU,699.65,710.5,699.1,704.2,1782.0
2018-11-30 09:00:00,NSE:SMLISUZU,697.0,714.1,697.0,712.0,411.0
2018-11-30 10:00:00,NSE:SMLISUZU,713.95,713.95,710.3,710.65,326.0
2018-11-30 11:00:00,NSE:SMLISUZU,710.2,714.75,709.5,710.5,905.0
2018-11-30 12:00:00,NSE:SMLISUZU,710.15,710.15,708.15,708.3,713.0
2018-11-30 13:00:00,NSE:SMLISUZU,708.25,710.0,707.25,710.0,255.0
2018-11-30 14:00:00,NSE:SMLISUZU,707.35,710.0,707.3,708.0,364.0
2018-11-30 15:00:00,NSE:SMLISUZU,709.0,730.0,708.0,720.3,4729.0
2018-12-03 09:00:00,NSE:SMLISUZU,724.85,729.85,711.05,717.9,1186.0
2018-12-03 10:00:00,NSE:SMLISUZU,717.05,717.05,709.25,711.5,462.0
2018-12-03 11:00:00,NSE:SMLISUZU,707.45,708.1,697.0,702.5,1754.0
2018-12-03 12:00:00,NSE:SMLISUZU,700.55,701.7,695.0,696.0,602.0
2018-12-03 13:00:00,NSE:SMLISUZU,695.0,696.25,684.55,695.8,2233.0
2018-12-03 14:00:00,NSE:SMLISUZU,695.75,697.0,687.05,692.95,1600.0
2018-12-03 15:00:00,NSE:SMLISUZU,694.75,695.45,690.05,692.4,847.0
2018-12-04 09:00:00,NSE:SMLISUZU,696.0,699.2,690.25,695.05,1210.0
2018-12-04 10:00:00,NSE:SMLISUZU,695.05,695.45,693.55,694.6,566.0
2018-12-04 11:00:00,NSE:SMLISUZU,694.6,694.6,692.0,692.0,255.0
2018-12-04 12:00:00,NSE:SMLISUZU,691.85,694.5,690.4,693.35,168.0
2018-12-04 13:00:00,NSE:SMLISUZU,693.35,693.35,684.45,690.75,2038.0
2018-12-04 14:00:00,NSE:SMLISUZU,689.05,690.0,686.1,688.0,265.0
2018-12-04 15:00:00,NSE:SMLISUZU,687.95,687.95,680.05,683.2,1318.0
2018-12-05 09:00:00,NSE:SMLISUZU,683.2,691.05,683.0,685.0,582.0
2018-12-05 10:00:00,NSE:SMLISUZU,684.85,690.4,683.6,689.0,702.0
2018-12-05 11:00:00,NSE:SMLISUZU,688.6,689.85,686.05,687.85,104.0
2018-12-05 12:00:00,NSE:SMLISUZU,687.4,687.4,686.1,687.0,1139.0
2018-12-05 13:00:00,NSE:SMLISUZU,686.05,686.05,677.0,679.45,1445.0
2018-12-05 14:00:00,NSE:SMLISUZU,679.5,679.5,675.0,675.05,686.0
2018-12-05 15:00:00,NSE:SMLISUZU,676.0,678.2,675.0,676.8,544.0
2018-12-06 09:00:00,NSE:SMLISUZU,663.0,681.55,663.0,675.2,594.0
2018-12-06 10:00:00,NSE:SMLISUZU,676.3,676.3,670.0,672.25,427.0
2018-12-06 11:00:00,NSE:SMLISUZU,669.0,670.1,666.4,666.4,601.0
2018-12-06 12:00:00,NSE:SMLISUZU,668.8,670.0,666.9,669.95,124.0
2018-12-06 13:00:00,NSE:SMLISUZU,670.0,670.0,665.0,668.85,378.0
2018-12-06 14:00:00,NSE:SMLISUZU,668.85,670.2,663.3,664.95,1284.0
2018-12-06 15:00:00,NSE:SMLISUZU,664.95,668.0,662.0,668.0,977.0
2018-12-07 09:00:00,NSE:SMLISUZU,664.95,673.25,660.0,662.55,1471.0
2018-12-07 10:00:00,NSE:SMLISUZU,661.0,671.35,660.0,669.1,3303.0
2018-12-07 11:00:00,NSE:SMLISUZU,670.3,670.7,668.85,669.1,128.0
2018-12-07 12:00:00,NSE:SMLISUZU,669.1,671.0,668.7,671.0,393.0
2018-12-07 13:00:00,NSE:SMLISUZU,669.95,672.55,668.7,672.55,2874.0
2018-12-07 14:00:00,NSE:SMLISUZU,669.5,670.9,668.0,668.1,1143.0
2018-12-07 15:00:00,NSE:SMLISUZU,667.9,668.0,666.0,666.0,643.0
2018-12-10 09:00:00,NSE:SMLISUZU,666.9,668.0,651.1,658.75,2302.0
2018-12-10 10:00:00,NSE:SMLISUZU,658.5,664.5,657.0,663.3,1403.0
2018-12-10 11:00:00,NSE:SMLISUZU,663.65,667.1,663.4,667.1,689.0
2018-12-10 12:00:00,NSE:SMLISUZU,667.4,667.4,665.1,666.95,389.0
2018-12-10 13:00:00,NSE:SMLISUZU,666.95,666.95,663.85,663.85,656.0
2018-12-10 14:00:00,NSE:SMLISUZU,665.0,665.0,663.85,664.0,362.0
2018-12-10 15:00:00,NSE:SMLISUZU,664.0,665.0,662.05,665.0,1732.0
2018-12-11 09:00:00,NSE:SMLISUZU,670.45,670.45,657.55,662.0,1118.0
2018-12-11 10:00:00,NSE:SMLISUZU,661.75,662.35,660.0,660.6,225.0
2018-12-11 11:00:00,NSE:SMLISUZU,660.75,662.0,660.6,660.8,775.0
2018-12-11 12:00:00,NSE:SMLISUZU,660.8,661.7,660.6,660.6,154.0
2018-12-11 13:00:00,NSE:SMLISUZU,660.8,662.0,660.55,660.55,1863.0
2018-12-11 14:00:00,NSE:SMLISUZU,661.0,671.9,660.55,671.9,2764.0
2018-12-11 15:00:00,NSE:SMLISUZU,672.0,680.75,671.15,675.0,1412.0
2018-12-12 09:00:00,NSE:SMLISUZU,688.0,688.0,669.85,683.05,2239.0
2018-12-12 10:00:00,NSE:SMLISUZU,683.35,683.35,679.55,681.35,283.0
2018-12-12 11:00:00,NSE:SMLISUZU,682.15,683.0,679.85,679.85,154.0
2018-12-12 12:00:00,NSE:SMLISUZU,679.85,682.05,679.85,680.0,146.0
2018-12-12 13:00:00,NSE:SMLISUZU,680.0,683.0,680.0,681.75,324.0
2018-12-12 14:00:00,NSE:SMLISUZU,681.05,683.0,681.05,683.0,410.0
2018-12-12 15:00:00,NSE:SMLISUZU,682.05,695.0,682.05,690.0,2537.0
2018-12-13 09:00:00,NSE:SMLISUZU,695.3,695.3,686.0,690.0,2040.0
2018-12-13 10:00:00,NSE:SMLISUZU,692.5,697.5,691.6,697.0,1886.0
2018-12-13 11:00:00,NSE:SMLISUZU,697.85,704.9,688.1,694.25,4325.0
2018-12-13 12:00:00,NSE:SMLISUZU,694.25,694.25,693.1,693.15,387.0
2018-12-13 13:00:00,NSE:SMLISUZU,693.15,693.5,691.5,692.0,403.0
2018-12-13 14:00:00,NSE:SMLISUZU,692.0,693.55,690.3,690.3,335.0
2018-12-13 15:00:00,NSE:SMLISUZU,690.25,692.5,675.0,682.1,7149.0
2018-12-14 09:00:00,NSE:SMLISUZU,675.0,687.5,675.0,685.0,396.0
2018-12-14 10:00:00,NSE:SMLISUZU,684.0,687.5,682.1,685.15,649.0
2018-12-14 11:00:00,NSE:SMLISUZU,682.85,686.2,682.85,683.0,281.0
2018-12-14 12:00:00,NSE:SMLISUZU,683.0,683.95,680.1,680.1,2224.0
2018-12-14 13:00:00,NSE:SMLISUZU,680.95,681.0,680.0,680.5,374.0
2018-12-14 14:00:00,NSE:SMLISUZU,681.0,684.85,680.5,684.85,419.0
2018-12-14 15:00:00,NSE:SMLISUZU,684.5,702.8,682.0,688.0,2050.0
2018-12-17 09:00:00,NSE:SMLISUZU,690.75,692.35,687.95,691.05,469.0
2018-12-17 10:00:00,NSE:SMLISUZU,691.05,692.7,687.85,687.95,371.0
2018-12-17 11:00:00,NSE:SMLISUZU,687.25,689.9,686.95,688.7,537.0
2018-12-17 12:00:00,NSE:SMLISUZU,688.05,689.7,687.0,687.0,64.0
2018-12-17 13:00:00,NSE:SMLISUZU,687.0,688.75,687.0,688.2,103.0
2018-12-17 14:00:00,NSE:SMLISUZU,688.25,694.15,687.0,692.9,443.0
2018-12-17 15:00:00,NSE:SMLISUZU,692.25,692.95,685.0,689.25,498.0
2018-12-18 09:00:00,NSE:SMLISUZU,685.0,689.9,685.0,687.0,290.0
2018-12-18 10:00:00,NSE:SMLISUZU,686.65,686.65,682.0,684.05,452.0
2018-12-18 11:00:00,NSE:SMLISUZU,684.05,685.9,681.95,681.95,443.0
2018-12-18 12:00:00,NSE:SMLISUZU,682.5,687.0,682.5,686.7,213.0
2018-12-18 13:00:00,NSE:SMLISUZU,686.7,691.05,686.65,691.05,264.0
2018-12-18 14:00:00,NSE:SMLISUZU,692.4,694.0,688.85,692.0,557.0
2018-12-18 15:00:00,NSE:SMLISUZU,692.0,694.0,690.0,693.95,1239.0
2018-12-19 09:00:00,NSE:SMLISUZU,692.0,692.3,691.0,692.3,58.0
2018-12-19 10:00:00,NSE:SMLISUZU,691.25,692.5,691.2,692.5,732.0
2018-12-19 11:00:00,NSE:SMLISUZU,692.1,694.8,691.5,691.5,442.0
2018-12-19 12:00:00,NSE:SMLISUZU,691.55,693.55,691.5,692.95,536.0
2018-12-19 13:00:00,NSE:SMLISUZU,693.9,695.0,692.1,692.3,292.0
2018-12-19 14:00:00,NSE:SMLISUZU,695.0,706.65,673.45,674.95,7649.0
2018-12-19 15:00:00,NSE:SMLISUZU,675.0,677.75,667.4,673.4,3165.0
2018-12-20 09:00:00,NSE:SMLISUZU,670.05,685.5,670.05,685.5,774.0
2018-12-20 10:00:00,NSE:SMLISUZU,681.65,682.05,673.45,673.45,1317.0
2018-12-20 11:00:00,NSE:SMLISUZU,673.45,677.65,673.0,675.8,763.0
2018-12-20 12:00:00,NSE:SMLISUZU,678.55,680.0,675.1,679.9,281.0
2018-12-20 13:00:00,NSE:SMLISUZU,680.0,684.4,677.75,677.8,2840.0
2018-12-20 14:00:00,NSE:SMLISUZU,677.8,682.8,674.2,675.0,674.0
2018-12-20 15:00:00,NSE:SMLISUZU,675.0,679.9,674.8,676.25,1487.0
2018-12-21 09:00:00,NSE:SMLISUZU,676.0,685.0,674.75,676.7,403.0
2018-12-21 10:00:00,NSE:SMLISUZU,675.0,675.8,669.0,671.45,728.0
2018-12-21 11:00:00,NSE:SMLISUZU,671.35,675.0,671.3,672.35,267.0
2018-12-21 12:00:00,NSE:SMLISUZU,674.85,674.85,670.55,674.0,157.0
2018-12-21 13:00:00,NSE:SMLISUZU,672.4,674.0,667.85,669.0,415.0
2018-12-21 14:00:00,NSE:SMLISUZU,669.0,671.2,667.0,670.1,829.0
2018-12-21 15:00:00,NSE:SMLISUZU,672.05,677.0,669.5,677.0,1142.0
2018-12-24 09:00:00,NSE:SMLISUZU,677.0,677.0,673.25,675.0,341.0
2018-12-24 10:00:00,NSE:SMLISUZU,675.75,675.75,666.6,668.25,516.0
2018-12-24 11:00:00,NSE:SMLISUZU,668.25,668.55,664.6,665.15,329.0
2018-12-24 12:00:00,NSE:SMLISUZU,665.95,669.95,662.1,667.55,1639.0
2018-12-24 13:00:00,NSE:SMLISUZU,667.0,673.15,667.0,669.35,600.0
2018-12-24 14:00:00,NSE:SMLISUZU,669.35,670.0,667.0,668.0,500.0
2018-12-24 15:00:00,NSE:SMLISUZU,667.05,668.0,662.05,666.5,1826.0
2018-12-26 09:00:00,NSE:SMLISUZU,670.0,671.0,660.0,661.75,667.0
2018-12-26 10:00:00,NSE:SMLISUZU,661.9,664.6,660.5,662.1,955.0
2018-12-26 11:00:00,NSE:SMLISUZU,662.1,664.55,661.0,661.0,202.0
2018-12-26 12:00:00,NSE:SMLISUZU,661.9,663.55,660.1,661.4,348.0
2018-12-26 13:00:00,NSE:SMLISUZU,661.4,665.45,660.0,663.6,783.0
2018-12-26 14:00:00,NSE:SMLISUZU,663.95,665.0,661.6,664.8,571.0
2018-12-26 15:00:00,NSE:SMLISUZU,661.7,664.85,661.6,662.45,897.0
2018-12-27 09:00:00,NSE:SMLISUZU,663.25,669.0,663.25,665.0,1383.0
2018-12-27 10:00:00,NSE:SMLISUZU,663.55,667.95,663.55,667.7,238.0
2018-12-27 11:00:00,NSE:SMLISUZU,667.9,669.0,665.5,666.5,790.0
2018-12-27 12:00:00,NSE:SMLISUZU,667.05,669.0,665.0,666.4,499.0
2018-12-27 13:00:00,NSE:SMLISUZU,666.35,669.0,664.1,664.15,661.0
2018-12-27 14:00:00,NSE:SMLISUZU,665.0,667.0,664.0,664.25,649.0
2018-12-27 15:00:00,NSE:SMLISUZU,667.0,667.0,658.0,659.0,1391.0
2018-12-28 09:00:00,NSE:SMLISUZU,662.65,666.35,662.45,664.75,1100.0
2018-12-28 10:00:00,NSE:SMLISUZU,664.7,667.2,662.25,664.0,438.0
2018-12-28 11:00:00,NSE:SMLISUZU,663.0,665.0,662.3,664.65,273.0
2018-12-28 12:00:00,NSE:SMLISUZU,664.85,666.0,662.35,665.0,433.0
2018-12-28 13:00:00,NSE:SMLISUZU,665.0,666.0,663.15,665.5,333.0
2018-12-28 14:00:00,NSE:SMLISUZU,665.5,668.85,665.5,665.55,1006.0
2018-12-28 15:00:00,NSE:SMLISUZU,665.5,666.85,665.5,665.5,1483.0
2018-12-31 09:00:00,NSE:SMLISUZU,663.4,673.1,660.1,662.1,1232.0
2018-12-31 10:00:00,NSE:SMLISUZU,662.0,675.0,660.55,661.3,3044.0
2018-12-31 11:00:00,NSE:SMLISUZU,661.35,665.0,661.35,663.05,271.0
2018-12-31 12:00:00,NSE:SMLISUZU,663.0,664.4,662.0,662.9,261.0
2018-12-31 13:00:00,NSE:SMLISUZU,662.95,668.8,662.85,665.5,653.0
2018-12-31 14:00:00,NSE:SMLISUZU,668.0,668.0,665.0,665.1,260.0
2018-12-31 15:00:00,NSE:SMLISUZU,665.1,668.0,661.5,664.4,706.0
2019-01-01 09:00:00,NSE:SMLISUZU,658.35,671.0,658.35,667.5,618.0
2019-01-01 10:00:00,NSE:SMLISUZU,669.75,670.0,665.95,669.9,1121.0
2019-01-01 11:00:00,NSE:SMLISUZU,668.75,675.0,667.35,673.7,697.0
2019-01-01 12:00:00,NSE:SMLISUZU,673.65,673.65,669.15,670.1,332.0
2019-01-01 13:00:00,NSE:SMLISUZU,672.0,672.45,669.05,669.05,370.0
2019-01-01 14:00:00,NSE:SMLISUZU,669.0,683.0,652.2,669.95,42911.0
2019-01-01 15:00:00,NSE:SMLISUZU,669.95,682.0,669.95,680.0,3920.0
2019-01-02 09:00:00,NSE:SMLISUZU,676.7,676.7,663.0,669.75,977.0
2019-01-02 10:00:00,NSE:SMLISUZU,669.75,670.0,668.0,668.0,239.0
2019-01-02 11:00:00,NSE:SMLISUZU,667.75,668.0,665.25,668.0,385.0
2019-01-02 12:00:00,NSE:SMLISUZU,666.85,666.85,663.0,664.7,655.0
2019-01-02 13:00:00,NSE:SMLISUZU,664.55,664.55,661.0,661.05,294.0
2019-01-02 14:00:00,NSE:SMLISUZU,661.5,665.1,661.0,661.65,744.0
2019-01-02 15:00:00,NSE:SMLISUZU,662.55,664.95,660.0,660.0,1003.0
2019-01-03 09:00:00,NSE:SMLISUZU,665.3,666.55,661.35,663.5,309.0
2019-01-03 10:00:00,NSE:SMLISUZU,663.5,666.8,663.5,664.45,269.0
2019-01-03 11:00:00,NSE:SMLISUZU,664.05,664.65,658.0,664.65,1172.0
2019-01-03 12:00:00,NSE:SMLISUZU,662.35,662.7,658.5,661.0,394.0
2019-01-03 13:00:00,NSE:SMLISUZU,662.0,662.0,658.0,658.05,333.0
2019-01-03 14:00:00,NSE:SMLISUZU,658.0,660.0,653.0,657.0,1550.0
2019-01-03 15:00:00,NSE:SMLISUZU,656.0,656.0,649.3,650.0,2274.0
2019-01-04 09:00:00,NSE:SMLISUZU,651.45,655.8,642.2,648.7,1583.0
2019-01-04 10:00:00,NSE:SMLISUZU,648.95,649.0,647.45,649.0,209.0
2019-01-04 11:00:00,NSE:SMLISUZU,649.0,654.4,649.0,651.5,466.0
2019-01-04 12:00:00,NSE:SMLISUZU,651.0,653.0,651.0,652.1,142.0
2019-01-04 13:00:00,NSE:SMLISUZU,653.0,653.45,651.0,651.0,449.0
2019-01-04 14:00:00,NSE:SMLISUZU,651.0,653.5,647.0,653.0,740.0
2019-01-04 15:00:00,NSE:SMLISUZU,653.0,653.0,648.0,648.9,644.0
2019-01-07 09:00:00,NSE:SMLISUZU,650.15,656.0,650.15,655.0,389.0
2019-01-07 10:00:00,NSE:SMLISUZU,655.0,660.05,654.35,658.0,641.0
2019-01-07 11:00:00,NSE:SMLISUZU,658.0,659.0,653.0,653.0,327.0
2019-01-07 12:00:00,NSE:SMLISUZU,652.0,656.05,652.0,656.05,236.0
2019-01-07 13:00:00,NSE:SMLISUZU,656.1,658.0,652.05,654.8,1022.0
2019-01-07 14:00:00,NSE:SMLISUZU,653.0,654.4,651.5,652.0,419.0
2019-01-07 15:00:00,NSE:SMLISUZU,652.95,652.95,647.0,647.0,474.0
2019-01-08 09:00:00,NSE:SMLISUZU,647.0,652.25,646.0,650.05,719.0
2019-01-08 10:00:00,NSE:SMLISUZU,651.0,651.75,649.0,649.0,567.0
2019-01-08 11:00:00,NSE:SMLISUZU,649.45,651.0,649.0,650.4,463.0
2019-01-08 12:00:00,NSE:SMLISUZU,649.0,651.75,648.5,648.5,196.0
2019-01-08 13:00:00,NSE:SMLISUZU,650.2,650.25,646.1,646.2,582.0
2019-01-08 14:00:00,NSE:SMLISUZU,648.0,649.45,646.0,649.45,666.0
2019-01-08 15:00:00,NSE:SMLISUZU,648.6,648.6,645.0,647.45,1071.0
2019-01-09 09:00:00,NSE:SMLISUZU,648.5,653.95,648.05,652.0,518.0
2019-01-09 10:00:00,NSE:SMLISUZU,652.0,654.45,650.3,650.3,344.0
2019-01-09 11:00:00,NSE:SMLISUZU,650.95,655.0,650.45,651.15,305.0
2019-01-09 12:00:00,NSE:SMLISUZU,652.0,652.0,646.4,650.1,401.0
2019-01-09 13:00:00,NSE:SMLISUZU,648.6,649.25,644.0,644.05,927.0
2019-01-09 14:00:00,NSE:SMLISUZU,644.05,647.0,640.0,640.0,819.0
2019-01-09 15:00:00,NSE:SMLISUZU,640.05,644.5,640.0,641.95,1216.0
2019-01-10 09:00:00,NSE:SMLISUZU,649.9,649.9,643.65,644.05,957.0
2019-01-10 10:00:00,NSE:SMLISUZU,645.9,647.9,644.95,645.35,142.0
2019-01-10 11:00:00,NSE:SMLISUZU,645.3,645.35,644.0,644.0,331.0
2019-01-10 12:00:00,NSE:SMLISUZU,643.45,643.45,641.0,641.0,393.0
2019-01-10 13:00:00,NSE:SMLISUZU,643.35,643.35,640.1,640.95,269.0
2019-01-10 14:00:00,NSE:SMLISUZU,641.0,641.0,629.5,636.9,1926.0
2019-01-10 15:00:00,NSE:SMLISUZU,631.0,639.0,631.0,635.0,1539.0
2019-01-11 09:00:00,NSE:SMLISUZU,635.15,642.05,635.15,640.95,605.0
2019-01-11 10:00:00,NSE:SMLISUZU,641.95,644.95,640.0,641.05,520.0
2019-01-11 11:00:00,NSE:SMLISUZU,641.0,643.9,641.0,642.75,116.0
2019-01-11 12:00:00,NSE:SMLISUZU,641.05,642.7,641.05,641.05,239.0
2019-01-11 13:00:00,NSE:SMLISUZU,641.05,642.5,641.0,641.0,115.0
2019-01-11 14:00:00,NSE:SMLISUZU,641.0,643.0,640.0,643.0,496.0
2019-01-11 15:00:00,NSE:SMLISUZU,643.0,643.95,640.0,643.0,677.0
2019-01-14 09:00:00,NSE:SMLISUZU,642.0,643.9,635.0,637.55,427.0
2019-01-14 10:00:00,NSE:SMLISUZU,638.4,649.0,637.6,643.55,649.0
2019-01-14 11:00:00,NSE:SMLISUZU,643.55,643.55,636.75,636.75,227.0
2019-01-14 12:00:00,NSE:SMLISUZU,636.0,639.0,633.0,638.9,1585.0
2019-01-14 13:00:00,NSE:SMLISUZU,638.9,641.8,636.0,638.75,520.0
2019-01-14 14:00:00,NSE:SMLISUZU,635.05,638.9,635.05,638.4,252.0
2019-01-14 15:00:00,NSE:SMLISUZU,638.25,638.35,635.05,637.65,700.0
2019-01-15 09:00:00,NSE:SMLISUZU,637.35,644.95,634.2,636.5,1206.0
2019-01-15 10:00:00,NSE:SMLISUZU,636.5,638.6,636.5,638.6,869.0
2019-01-15 11:00:00,NSE:SMLISUZU,638.0,638.6,636.5,638.5,414.0
2019-01-15 12:00:00,NSE:SMLISUZU,638.45,638.45,636.5,637.9,579.0
2019-01-15 13:00:00,NSE:SMLISUZU,637.8,639.9,637.8,637.9,208.0
2019-01-15 14:00:00,NSE:SMLISUZU,638.5,640.85,638.0,639.85,222.0
2019-01-15 15:00:00,NSE:SMLISUZU,638.05,639.85,636.1,636.1,933.0
2019-01-16 09:00:00,NSE:SMLISUZU,637.0,648.0,637.0,643.0,551.0
2019-01-16 10:00:00,NSE:SMLISUZU,643.3,644.15,640.0,642.5,737.0
2019-01-16 11:00:00,NSE:SMLISUZU,640.0,641.6,638.05,641.55,324.0
2019-01-16 12:00:00,NSE:SMLISUZU,639.25,641.6,638.0,638.0,238.0
2019-01-16 13:00:00,NSE:SMLISUZU,638.0,640.8,636.6,637.6,565.0
2019-01-16 14:00:00,NSE:SMLISUZU,637.6,642.0,637.6,640.0,209.0
2019-01-16 15:00:00,NSE:SMLISUZU,640.0,640.0,630.0,632.2,1454.0
2019-01-17 09:00:00,NSE:SMLISUZU,630.2,639.85,630.2,637.0,884.0
2019-01-17 10:00:00,NSE:SMLISUZU,634.95,634.95,632.25,634.7,383.0
2019-01-17 11:00:00,NSE:SMLISUZU,635.95,636.05,634.25,636.05,120.0
2019-01-17 12:00:00,NSE:SMLISUZU,637.0,641.65,636.0,639.5,637.0
2019-01-17 13:00:00,NSE:SMLISUZU,639.4,639.4,635.0,637.3,412.0
2019-01-17 14:00:00,NSE:SMLISUZU,636.05,637.2,633.95,634.0,629.0
2019-01-17 15:00:00,NSE:SMLISUZU,634.05,635.8,632.0,633.1,1002.0
2019-01-18 09:00:00,NSE:SMLISUZU,628.0,638.75,628.0,636.5,552.0
2019-01-18 10:00:00,NSE:SMLISUZU,637.05,638.0,634.0,634.0,334.0
2019-01-18 11:00:00,NSE:SMLISUZU,634.8,636.7,634.5,636.7,223.0
2019-01-18 12:00:00,NSE:SMLISUZU,636.7,638.2,636.0,636.0,209.0
2019-01-18 13:00:00,NSE:SMLISUZU,634.6,636.9,634.0,635.05,292.0
2019-01-18 14:00:00,NSE:SMLISUZU,635.05,635.05,633.0,633.0,183.0
2019-01-18 15:00:00,NSE:SMLISUZU,634.0,639.0,631.6,634.2,730.0
2019-01-21 09:00:00,NSE:SMLISUZU,633.3,635.05,627.05,628.3,735.0
2019-01-21 10:00:00,NSE:SMLISUZU,632.65,633.0,630.0,631.0,479.0
2019-01-21 11:00:00,NSE:SMLISUZU,631.0,631.75,628.0,628.0,363.0
2019-01-21 12:00:00,NSE:SMLISUZU,628.0,630.3,627.5,629.9,352.0
2019-01-21 13:00:00,NSE:SMLISUZU,629.85,630.0,625.9,626.0,947.0
2019-01-21 14:00:00,NSE:SMLISUZU,628.35,631.0,625.0,625.0,1013.0
2019-01-21 15:00:00,NSE:SMLISUZU,625.0,626.6,625.0,625.35,1077.0
2019-01-22 09:00:00,NSE:SMLISUZU,627.0,628.75,624.95,626.0,697.0
2019-01-22 10:00:00,NSE:SMLISUZU,625.0,626.0,624.95,625.95,206.0
2019-01-22 11:00:00,NSE:SMLISUZU,625.0,625.95,621.75,622.1,436.0
2019-01-22 12:00:00,NSE:SMLISUZU,622.1,624.0,622.1,623.9,329.0
2019-01-22 13:00:00,NSE:SMLISUZU,624.0,624.5,621.8,621.85,419.0
2019-01-22 14:00:00,NSE:SMLISUZU,623.15,624.8,621.0,621.0,877.0
2019-01-22 15:00:00,NSE:SMLISUZU,621.0,624.6,620.0,621.0,462.0
2019-01-23 09:00:00,NSE:SMLISUZU,622.9,625.7,620.0,622.4,938.0
2019-01-23 10:00:00,NSE:SMLISUZU,622.45,624.7,620.0,620.05,781.0
2019-01-23 11:00:00,NSE:SMLISUZU,620.2,621.5,616.05,620.0,468.0
2019-01-23 12:00:00,NSE:SMLISUZU,620.0,620.0,618.2,619.6,316.0
2019-01-23 13:00:00,NSE:SMLISUZU,619.25,620.0,618.0,619.0,248.0
2019-01-23 14:00:00,NSE:SMLISUZU,618.0,619.95,616.0,618.3,272.0
2019-01-23 15:00:00,NSE:SMLISUZU,618.3,619.05,615.0,617.8,776.0
2019-01-24 09:00:00,NSE:SMLISUZU,617.4,618.3,614.0,618.3,620.0
2019-01-24 10:00:00,NSE:SMLISUZU,617.8,620.75,616.1,617.15,278.0
2019-01-24 11:00:00,NSE:SMLISUZU,617.15,618.0,612.0,614.8,1250.0
2019-01-24 12:00:00,NSE:SMLISUZU,614.4,614.45,611.0,612.5,1454.0
2019-01-24 13:00:00,NSE:SMLISUZU,611.0,612.75,610.2,611.85,331.0
2019-01-24 14:00:00,NSE:SMLISUZU,611.9,611.9,610.55,611.85,247.0
2019-01-24 15:00:00,NSE:SMLISUZU,611.85,613.0,610.0,610.0,739.0
2019-01-25 09:00:00,NSE:SMLISUZU,612.95,613.95,608.4,611.0,452.0
2019-01-25 10:00:00,NSE:SMLISUZU,612.7,613.65,611.0,612.1,240.0
2019-01-25 11:00:00,NSE:SMLISUZU,613.55,613.55,611.3,611.3,165.0
2019-01-25 12:00:00,NSE:SMLISUZU,610.0,612.75,610.0,610.95,423.0
2019-01-25 13:00:00,NSE:SMLISUZU,611.0,611.9,610.9,610.95,195.0
2019-01-25 14:00:00,NSE:SMLISUZU,610.95,610.95,601.1,601.2,2315.0
2019-01-25 15:00:00,NSE:SMLISUZU,601.2,607.0,595.5,601.7,1613.0
2019-01-28 09:00:00,NSE:SMLISUZU,614.8,614.8,591.15,594.95,946.0
2019-01-28 10:00:00,NSE:SMLISUZU,592.0,594.95,588.05,589.0,979.0
2019-01-28 11:00:00,NSE:SMLISUZU,587.0,591.85,586.25,590.05,1077.0
2019-01-28 12:00:00,NSE:SMLISUZU,590.0,592.9,589.0,589.0,1057.0
2019-01-28 13:00:00,NSE:SMLISUZU,589.95,592.65,585.0,587.8,801.0
2019-01-28 14:00:00,NSE:SMLISUZU,587.8,591.15,585.4,587.5,330.0
2019-01-28 15:00:00,NSE:SMLISUZU,587.5,589.55,585.0,587.55,775.0
2019-01-29 09:00:00,NSE:SMLISUZU,595.45,595.45,590.0,592.95,784.0
2019-01-29 10:00:00,NSE:SMLISUZU,592.0,595.0,587.65,589.65,1360.0
2019-01-29 11:00:00,NSE:SMLISUZU,592.95,594.45,589.5,593.0,439.0
2019-01-29 12:00:00,NSE:SMLISUZU,593.0,593.0,589.5,589.5,337.0
2019-01-29 13:00:00,NSE:SMLISUZU,589.5,590.05,587.95,588.5,244.0
2019-01-29 14:00:00,NSE:SMLISUZU,589.95,590.0,583.7,583.7,908.0
2019-01-29 15:00:00,NSE:SMLISUZU,584.9,591.0,582.6,590.5,820.0
2019-01-30 09:00:00,NSE:SMLISUZU,580.15,588.7,580.15,586.0,589.0
2019-01-30 10:00:00,NSE:SMLISUZU,586.0,592.25,585.1,585.1,505.0
2019-01-30 11:00:00,NSE:SMLISUZU,590.15,591.6,587.35,589.6,232.0
2019-01-30 12:00:00,NSE:SMLISUZU,589.6,590.25,586.6,590.1,403.0
2019-01-30 13:00:00,NSE:SMLISUZU,590.0,590.0,587.2,589.0,114.0
2019-01-30 14:00:00,NSE:SMLISUZU,587.0,590.0,583.0,583.0,592.0
2019-01-30 15:00:00,NSE:SMLISUZU,587.85,587.85,582.0,582.0,331.0
2019-01-31 09:00:00,NSE:SMLISUZU,585.0,595.0,585.0,592.9,352.0
2019-01-31 10:00:00,NSE:SMLISUZU,592.9,592.9,586.0,586.25,181.0
2019-01-31 11:00:00,NSE:SMLISUZU,586.05,590.0,586.05,590.0,142.0
2019-01-31 12:00:00,NSE:SMLISUZU,590.95,593.0,588.9,590.0,247.0
2019-01-31 13:00:00,NSE:SMLISUZU,590.95,604.0,588.8,604.0,1140.0
2019-01-31 14:00:00,NSE:SMLISUZU,604.8,610.0,595.1,599.95,1184.0
2019-01-31 15:00:00,NSE:SMLISUZU,600.0,600.0,593.8,593.8,658.0
2019-02-01 09:00:00,NSE:SMLISUZU,591.0,604.95,591.0,597.65,519.0
2019-02-01 10:00:00,NSE:SMLISUZU,592.85,597.5,587.05,592.0,782.0
2019-02-01 11:00:00,NSE:SMLISUZU,591.1,596.75,588.65,596.75,946.0
2019-02-01 12:00:00,NSE:SMLISUZU,596.25,610.0,592.0,606.0,1927.0
2019-02-01 13:00:00,NSE:SMLISUZU,606.1,608.0,592.4,600.0,3239.0
2019-02-01 14:00:00,NSE:SMLISUZU,595.0,598.2,589.9,596.0,1025.0
2019-02-01 15:00:00,NSE:SMLISUZU,595.0,595.0,590.0,591.15,485.0
2019-02-04 09:00:00,NSE:SMLISUZU,592.9,593.15,585.0,589.5,841.0
2019-02-04 10:00:00,NSE:SMLISUZU,588.05,589.0,583.55,587.0,1102.0
2019-02-04 11:00:00,NSE:SMLISUZU,587.95,588.75,582.45,584.1,498.0
2019-02-04 12:00:00,NSE:SMLISUZU,582.5,587.15,582.5,587.15,601.0
2019-02-04 13:00:00,NSE:SMLISUZU,582.6,585.0,582.0,583.0,484.0
2019-02-04 14:00:00,NSE:SMLISUZU,584.8,587.15,582.0,587.15,438.0
2019-02-04 15:00:00,NSE:SMLISUZU,587.1,587.1,582.05,582.05,525.0
2019-02-05 09:00:00,NSE:SMLISUZU,580.0,585.0,579.95,584.85,444.0
2019-02-05 10:00:00,NSE:SMLISUZU,584.7,584.75,579.95,582.35,499.0
2019-02-05 11:00:00,NSE:SMLISUZU,581.3,584.95,580.1,580.1,799.0
2019-02-05 12:00:00,NSE:SMLISUZU,580.95,581.1,580.15,581.0,175.0
2019-02-05 13:00:00,NSE:SMLISUZU,581.0,581.05,576.0,576.05,626.0
2019-02-05 14:00:00,NSE:SMLISUZU,576.0,578.5,567.35,569.5,1328.0
2019-02-05 15:00:00,NSE:SMLISUZU,569.85,580.0,567.0,570.15,913.0
2019-02-06 09:00:00,NSE:SMLISUZU,575.95,578.9,564.05,565.05,374.0
2019-02-06 10:00:00,NSE:SMLISUZU,565.0,567.5,561.35,562.55,2355.0
2019-02-06 11:00:00,NSE:SMLISUZU,562.55,566.0,562.5,563.05,509.0
2019-02-06 12:00:00,NSE:SMLISUZU,563.05,565.0,563.05,565.0,192.0
2019-02-06 13:00:00,NSE:SMLISUZU,565.0,566.9,559.6,564.75,1261.0
2019-02-06 14:00:00,NSE:SMLISUZU,565.0,575.25,561.7,575.25,2300.0
2019-02-06 15:00:00,NSE:SMLISUZU,575.85,578.9,574.0,576.3,890.0
2019-02-07 09:00:00,NSE:SMLISUZU,584.0,584.0,575.1,578.55,366.0
2019-02-07 10:00:00,NSE:SMLISUZU,578.6,584.95,578.55,581.75,343.0
2019-02-07 11:00:00,NSE:SMLISUZU,581.75,581.75,575.05,577.0,983.0
2019-02-07 12:00:00,NSE:SMLISUZU,577.2,582.9,575.2,582.7,1912.0
2019-02-07 13:00:00,NSE:SMLISUZU,582.5,582.5,578.3,578.3,132.0
2019-02-07 14:00:00,NSE:SMLISUZU,578.1,581.9,578.1,581.6,323.0
2019-02-07 15:00:00,NSE:SMLISUZU,578.15,580.0,574.0,575.75,1326.0
2019-02-08 09:00:00,NSE:SMLISUZU,573.2,581.3,573.0,577.2,1162.0
2019-02-08 10:00:00,NSE:SMLISUZU,579.45,580.05,575.1,576.0,330.0
2019-02-08 11:00:00,NSE:SMLISUZU,575.0,575.05,573.05,575.0,322.0
2019-02-08 12:00:00,NSE:SMLISUZU,573.15,577.75,573.15,573.95,184.0
2019-02-08 13:00:00,NSE:SMLISUZU,573.0,574.0,573.0,574.0,276.0
2019-02-08 14:00:00,NSE:SMLISUZU,575.0,576.0,573.0,573.0,202.0
2019-02-08 15:00:00,NSE:SMLISUZU,572.0,574.0,571.0,571.0,967.0
2019-02-11 09:00:00,NSE:SMLISUZU,560.0,570.0,560.0,567.0,2194.0
2019-02-11 10:00:00,NSE:SMLISUZU,567.0,569.15,565.0,565.9,2317.0
2019-02-11 11:00:00,NSE:SMLISUZU,565.0,566.85,559.8,560.0,3128.0
2019-02-11 12:00:00,NSE:SMLISUZU,560.0,560.0,558.2,560.0,844.0
2019-02-11 13:00:00,NSE:SMLISUZU,560.0,560.0,557.0,558.0,938.0
2019-02-11 14:00:00,NSE:SMLISUZU,558.0,561.0,556.75,558.0,1248.0
2019-02-11 15:00:00,NSE:SMLISUZU,559.0,567.0,558.05,565.0,4002.0
2019-02-12 09:00:00,NSE:SMLISUZU,563.0,565.0,561.0,561.0,2487.0
2019-02-12 10:00:00,NSE:SMLISUZU,561.0,561.0,559.0,560.0,987.0
2019-02-12 11:00:00,NSE:SMLISUZU,559.0,559.0,555.0,557.45,2584.0
2019-02-12 12:00:00,NSE:SMLISUZU,557.55,559.0,554.0,559.0,1004.0
2019-02-12 13:00:00,NSE:SMLISUZU,555.45,559.1,553.0,553.0,1250.0
2019-02-12 14:00:00,NSE:SMLISUZU,552.1,554.95,550.0,551.7,1620.0
2019-02-12 15:00:00,NSE:SMLISUZU,550.2,553.0,549.2,550.15,1509.0
2019-02-13 09:00:00,NSE:SMLISUZU,555.85,558.55,555.0,557.95,259.0
2019-02-13 10:00:00,NSE:SMLISUZU,557.95,560.0,556.0,556.0,1294.0
2019-02-13 11:00:00,NSE:SMLISUZU,557.85,557.85,553.0,553.0,342.0
2019-02-13 12:00:00,NSE:SMLISUZU,552.0,553.6,549.05,551.75,1076.0
2019-02-13 13:00:00,NSE:SMLISUZU,551.05,555.75,551.05,554.05,648.0
2019-02-13 14:00:00,NSE:SMLISUZU,555.0,558.0,549.55,549.55,4648.0
2019-02-13 15:00:00,NSE:SMLISUZU,549.15,556.95,549.0,550.5,1316.0
2019-02-14 09:00:00,NSE:SMLISUZU,552.95,552.95,548.0,551.0,207.0
2019-02-14 10:00:00,NSE:SMLISUZU,551.0,554.35,551.0,552.95,291.0
2019-02-14 11:00:00,NSE:SMLISUZU,551.65,554.85,551.0,554.75,750.0
2019-02-14 12:00:00,NSE:SMLISUZU,555.0,558.2,554.05,558.2,1545.0
2019-02-14 13:00:00,NSE:SMLISUZU,558.25,560.0,551.6,555.0,960.0
2019-02-14 14:00:00,NSE:SMLISUZU,555.0,557.65,554.7,554.7,165.0
2019-02-14 15:00:00,NSE:SMLISUZU,553.0,558.7,552.0,558.7,852.0
2019-02-15 09:00:00,NSE:SMLISUZU,552.0,557.1,550.0,550.05,1695.0
2019-02-15 10:00:00,NSE:SMLISUZU,550.05,559.95,550.0,556.95,1657.0
2019-02-15 11:00:00,NSE:SMLISUZU,556.0,556.0,553.0,554.0,821.0
2019-02-15 12:00:00,NSE:SMLISUZU,554.9,555.0,549.0,550.0,1932.0
2019-02-15 13:00:00,NSE:SMLISUZU,550.0,555.05,549.0,553.6,2095.0
2019-02-15 14:00:00,NSE:SMLISUZU,551.55,554.0,548.3,551.15,1486.0
2019-02-15 15:00:00,NSE:SMLISUZU,551.15,555.0,548.35,550.0,1885.0
2019-02-18 09:00:00,NSE:SMLISUZU,547.45,554.3,547.35,550.0,153.0
2019-02-18 10:00:00,NSE:SMLISUZU,550.5,550.5,547.35,549.45,469.0
2019-02-18 11:00:00,NSE:SMLISUZU,549.45,549.5,545.0,547.0,1058.0
2019-02-18 12:00:00,NSE:SMLISUZU,546.95,546.95,526.0,530.65,1966.0
2019-02-18 13:00:00,NSE:SMLISUZU,533.8,533.8,526.1,531.9,864.0
2019-02-18 14:00:00,NSE:SMLISUZU,530.3,534.75,526.1,527.0,747.0
2019-02-18 15:00:00,NSE:SMLISUZU,527.05,529.0,522.4,525.95,1940.0
2019-02-19 09:00:00,NSE:SMLISUZU,525.0,525.0,518.0,523.2,379.0
2019-02-19 10:00:00,NSE:SMLISUZU,523.1,524.5,521.5,521.75,922.0
2019-02-19 11:00:00,NSE:SMLISUZU,523.7,523.7,521.5,521.55,465.0
2019-02-19 12:00:00,NSE:SMLISUZU,521.55,522.8,518.0,522.2,643.0
2019-02-19 13:00:00,NSE:SMLISUZU,522.2,531.0,520.15,530.0,4806.0
2019-02-19 14:00:00,NSE:SMLISUZU,532.3,551.0,530.25,532.1,6739.0
2019-02-19 15:00:00,NSE:SMLISUZU,532.0,537.95,530.15,532.45,1093.0
2019-02-20 09:00:00,NSE:SMLISUZU,540.0,544.0,534.85,540.6,768.0
2019-02-20 10:00:00,NSE:SMLISUZU,540.6,544.55,540.0,540.0,433.0
2019-02-20 11:00:00,NSE:SMLISUZU,540.0,541.0,539.0,540.0,929.0
2019-02-20 12:00:00,NSE:SMLISUZU,540.15,541.5,540.0,540.55,243.0
2019-02-20 13:00:00,NSE:SMLISUZU,540.0,547.0,538.35,545.4,1340.0
2019-02-20 14:00:00,NSE:SMLISUZU,545.35,547.45,543.0,543.25,664.0
2019-02-20 15:00:00,NSE:SMLISUZU,543.1,545.9,542.2,542.95,1329.0
2019-02-21 09:00:00,NSE:SMLISUZU,550.25,550.25,543.95,543.95,393.0
2019-02-21 10:00:00,NSE:SMLISUZU,543.95,543.95,542.0,542.1,268.0
2019-02-21 11:00:00,NSE:SMLISUZU,542.1,543.6,542.0,542.0,105.0
2019-02-21 12:00:00,NSE:SMLISUZU,543.0,543.0,539.0,539.0,1551.0
2019-02-21 13:00:00,NSE:SMLISUZU,540.0,542.0,539.0,541.5,308.0
2019-02-21 14:00:00,NSE:SMLISUZU,539.8,541.5,539.05,539.2,626.0
2019-02-21 15:00:00,NSE:SMLISUZU,539.95,540.0,539.0,539.65,700.0
2019-02-22 09:00:00,NSE:SMLISUZU,538.05,541.0,538.0,541.0,4924.0
2019-02-22 10:00:00,NSE:SMLISUZU,541.5,546.0,540.1,542.15,4882.0
2019-02-22 11:00:00,NSE:SMLISUZU,541.0,544.0,540.05,544.0,960.0
2019-02-22 12:00:00,NSE:SMLISUZU,543.25,546.0,542.0,545.0,1606.0
2019-02-22 13:00:00,NSE:SMLISUZU,546.0,547.0,541.05,543.5,1926.0
2019-02-22 14:00:00,NSE:SMLISUZU,543.5,547.0,540.0,544.55,2829.0
2019-02-22 15:00:00,NSE:SMLISUZU,545.5,545.5,539.0,541.6,1807.0
2019-02-25 09:00:00,NSE:SMLISUZU,545.4,550.0,545.4,549.0,850.0
2019-02-25 10:00:00,NSE:SMLISUZU,547.05,551.95,545.05,545.05,1322.0
2019-02-25 11:00:00,NSE:SMLISUZU,547.0,548.95,546.05,548.85,355.0
2019-02-25 12:00:00,NSE:SMLISUZU,547.05,547.05,544.55,544.55,284.0
2019-02-25 13:00:00,NSE:SMLISUZU,545.65,551.95,545.65,551.95,1054.0
2019-02-25 14:00:00,NSE:SMLISUZU,555.0,564.0,553.55,561.05,2247.0
2019-02-25 15:00:00,NSE:SMLISUZU,560.0,564.75,558.15,564.75,868.0
2019-02-26 09:00:00,NSE:SMLISUZU,551.0,560.95,551.0,554.2,849.0
2019-02-26 10:00:00,NSE:SMLISUZU,555.0,556.4,553.0,554.1,545.0
2019-02-26 11:00:00,NSE:SMLISUZU,554.1,560.15,554.1,557.7,895.0
2019-02-26 12:00:00,NSE:SMLISUZU,556.55,558.0,556.15,556.25,149.0
2019-02-26 13:00:00,NSE:SMLISUZU,557.3,557.3,553.55,553.55,95.0
2019-02-26 14:00:00,NSE:SMLISUZU,554.0,557.55,553.6,553.65,91.0
2019-02-26 15:00:00,NSE:SMLISUZU,553.65,558.0,553.15,558.0,460.0
2019-02-27 09:00:00,NSE:SMLISUZU,554.45,567.0,553.05,563.35,699.0
2019-02-27 10:00:00,NSE:SMLISUZU,565.5,572.0,562.65,570.0,2044.0
2019-02-27 11:00:00,NSE:SMLISUZU,568.0,570.8,565.05,565.05,1192.0
2019-02-27 12:00:00,NSE:SMLISUZU,565.8,568.0,564.0,565.1,684.0
2019-02-27 13:00:00,NSE:SMLISUZU,563.4,566.0,562.5,565.0,285.0
2019-02-27 14:00:00,NSE:SMLISUZU,565.0,572.45,565.0,570.0,1471.0
2019-02-27 15:00:00,NSE:SMLISUZU,570.2,578.85,570.2,576.3,1175.0
2019-02-28 09:00:00,NSE:SMLISUZU,582.0,582.0,571.55,575.95,276.0
2019-02-28 10:00:00,NSE:SMLISUZU,575.05,580.0,573.0,576.65,592.0
2019-02-28 11:00:00,NSE:SMLISUZU,573.85,573.85,568.1,569.0,242.0
2019-02-28 12:00:00,NSE:SMLISUZU,568.5,570.0,566.3,566.35,169.0
2019-02-28 13:00:00,NSE:SMLISUZU,568.35,570.0,566.0,569.95,260.0
2019-02-28 14:00:00,NSE:SMLISUZU,569.0,574.45,567.0,572.1,306.0
2019-02-28 15:00:00,NSE:SMLISUZU,572.05,572.05,566.0,567.0,353.0
2019-03-01 09:00:00,NSE:SMLISUZU,575.6,584.95,570.0,576.35,826.0
2019-03-01 10:00:00,NSE:SMLISUZU,576.4,585.0,570.0,580.15,1036.0
2019-03-01 11:00:00,NSE:SMLISUZU,580.1,581.95,575.0,577.1,926.0
2019-03-01 12:00:00,NSE:SMLISUZU,577.1,680.5,577.1,680.5,184736.0
2019-03-01 13:00:00,NSE:SMLISUZU,680.5,680.5,680.5,680.5,1439.0
2019-03-01 14:00:00,NSE:SMLISUZU,680.5,680.5,680.5,680.5,1076.0
2019-03-01 15:00:00,NSE:SMLISUZU,680.5,680.5,680.5,680.5,969.0
2019-03-05 09:00:00,NSE:SMLISUZU,715.1,763.7,710.0,720.5,211956.0
2019-03-05 10:00:00,NSE:SMLISUZU,720.5,734.0,719.0,727.0,43122.0
2019-03-05 11:00:00,NSE:SMLISUZU,727.0,730.0,723.9,726.5,11216.0
2019-03-05 12:00:00,NSE:SMLISUZU,726.35,728.0,719.0,720.3,18738.0
2019-03-05 13:00:00,NSE:SMLISUZU,720.55,722.0,718.1,719.0,10887.0
2019-03-05 14:00:00,NSE:SMLISUZU,718.55,749.9,718.1,738.1,52300.0
2019-03-05 15:00:00,NSE:SMLISUZU,737.25,743.0,735.0,738.95,18405.0
2019-03-06 09:00:00,NSE:SMLISUZU,740.05,740.95,728.0,728.0,10643.0
2019-03-06 10:00:00,NSE:SMLISUZU,728.0,738.9,727.0,734.0,6057.0
2019-03-06 11:00:00,NSE:SMLISUZU,733.35,772.4,731.65,752.0,26067.0
2019-03-06 12:00:00,NSE:SMLISUZU,753.85,756.2,746.1,747.0,10728.0
2019-03-06 13:00:00,NSE:SMLISUZU,747.0,763.0,745.3,750.0,24909.0
2019-03-06 14:00:00,NSE:SMLISUZU,750.0,765.0,750.0,761.15,32310.0
2019-03-06 15:00:00,NSE:SMLISUZU,761.15,765.0,757.65,761.15,10655.0
2019-03-07 09:00:00,NSE:SMLISUZU,760.0,763.55,743.0,746.8,4557.0
2019-03-07 10:00:00,NSE:SMLISUZU,750.5,750.85,745.55,746.0,1219.0
2019-03-07 11:00:00,NSE:SMLISUZU,746.0,749.7,743.0,749.7,1309.0
2019-03-07 12:00:00,NSE:SMLISUZU,749.95,798.4,749.0,770.25,40668.0
2019-03-07 13:00:00,NSE:SMLISUZU,771.0,772.45,766.0,767.7,3944.0
2019-03-07 14:00:00,NSE:SMLISUZU,766.5,772.0,765.1,766.0,5901.0
2019-03-07 15:00:00,NSE:SMLISUZU,765.1,766.6,760.0,762.75,5500.0
2019-03-08 09:00:00,NSE:SMLISUZU,765.0,765.0,756.05,756.05,4570.0
2019-03-08 10:00:00,NSE:SMLISUZU,755.0,775.0,753.05,762.0,7086.0
2019-03-08 11:00:00,NSE:SMLISUZU,760.15,769.15,757.95,763.25,3836.0
2019-03-08 12:00:00,NSE:SMLISUZU,763.25,763.25,756.0,757.1,3157.0
2019-03-08 13:00:00,NSE:SMLISUZU,757.05,761.0,754.1,757.45,1787.0
2019-03-08 14:00:00,NSE:SMLISUZU,755.4,761.0,755.4,760.0,2326.0
2019-03-08 15:00:00,NSE:SMLISUZU,757.35,768.0,757.0,765.15,4299.0
2019-03-11 09:00:00,NSE:SMLISUZU,759.4,765.0,750.1,762.45,2996.0
2019-03-11 10:00:00,NSE:SMLISUZU,761.0,765.0,755.0,759.9,1748.0
2019-03-11 11:00:00,NSE:SMLISUZU,760.0,760.0,754.0,754.0,1668.0
2019-03-11 12:00:00,NSE:SMLISUZU,754.0,758.0,751.0,752.9,1437.0
2019-03-11 13:00:00,NSE:SMLISUZU,752.9,760.0,752.85,756.95,1580.0
2019-03-11 14:00:00,NSE:SMLISUZU,756.95,758.0,752.85,752.85,1017.0
2019-03-11 15:00:00,NSE:SMLISUZU,754.0,758.65,750.1,751.55,3583.0
2019-03-12 09:00:00,NSE:SMLISUZU,762.0,766.2,750.8,755.35,1483.0
2019-03-12 10:00:00,NSE:SMLISUZU,756.0,756.0,750.0,751.9,2374.0
2019-03-12 11:00:00,NSE:SMLISUZU,751.9,757.0,750.5,754.1,726.0
2019-03-12 12:00:00,NSE:SMLISUZU,750.8,753.25,748.5,752.1,1901.0
2019-03-12 13:00:00,NSE:SMLISUZU,752.1,754.75,749.2,749.2,503.0
2019-03-12 14:00:00,NSE:SMLISUZU,749.3,752.0,748.0,750.0,1661.0
2019-03-12 15:00:00,NSE:SMLISUZU,748.5,751.75,746.0,748.15,3270.0
2019-03-13 09:00:00,NSE:SMLISUZU,750.0,754.0,747.0,749.5,1221.0
2019-03-13 10:00:00,NSE:SMLISUZU,749.5,749.5,746.0,747.95,629.0
2019-03-13 11:00:00,NSE:SMLISUZU,746.0,750.0,746.0,750.0,1504.0
2019-03-13 12:00:00,NSE:SMLISUZU,749.9,755.0,744.3,746.85,2818.0
2019-03-13 13:00:00,NSE:SMLISUZU,745.0,749.7,745.0,746.25,291.0
2019-03-13 14:00:00,NSE:SMLISUZU,748.55,748.75,744.0,744.0,719.0
2019-03-13 15:00:00,NSE:SMLISUZU,744.0,749.0,743.85,749.0,1325.0
2019-03-14 09:00:00,NSE:SMLISUZU,759.95,759.95,743.0,744.0,855.0
2019-03-14 10:00:00,NSE:SMLISUZU,744.0,750.3,743.0,743.0,1637.0
2019-03-14 11:00:00,NSE:SMLISUZU,743.0,748.55,742.05,742.05,477.0
2019-03-14 12:00:00,NSE:SMLISUZU,742.05,743.05,742.05,742.05,764.0
2019-03-14 13:00:00,NSE:SMLISUZU,742.05,742.5,741.5,741.75,244.0
2019-03-14 14:00:00,NSE:SMLISUZU,741.75,743.0,741.0,741.0,819.0
2019-03-14 15:00:00,NSE:SMLISUZU,741.0,741.35,737.0,737.05,4010.0
2019-03-15 09:00:00,NSE:SMLISUZU,734.5,743.0,734.5,738.8,1279.0
2019-03-15 10:00:00,NSE:SMLISUZU,739.45,740.0,737.0,737.05,694.0
2019-03-15 11:00:00,NSE:SMLISUZU,737.25,739.7,736.0,736.0,964.0
2019-03-15 12:00:00,NSE:SMLISUZU,736.1,739.9,736.0,739.9,1059.0
2019-03-15 13:00:00,NSE:SMLISUZU,739.15,741.7,739.0,739.0,961.0
2019-03-15 14:00:00,NSE:SMLISUZU,737.0,738.0,733.35,734.0,2528.0
2019-03-15 15:00:00,NSE:SMLISUZU,733.65,735.0,730.0,735.0,4810.0
2019-03-18 09:00:00,NSE:SMLISUZU,729.0,734.3,729.0,729.05,2016.0
2019-03-18 10:00:00,NSE:SMLISUZU,730.0,730.0,729.0,729.0,785.0
2019-03-18 11:00:00,NSE:SMLISUZU,728.6,728.9,726.75,727.1,672.0
2019-03-18 12:00:00,NSE:SMLISUZU,728.0,728.0,727.0,727.0,313.0
2019-03-18 13:00:00,NSE:SMLISUZU,727.0,728.7,727.0,727.0,215.0
2019-03-18 14:00:00,NSE:SMLISUZU,727.0,730.0,726.05,730.0,2267.0
2019-03-18 15:00:00,NSE:SMLISUZU,727.0,728.5,726.0,728.5,589.0
2019-03-19 09:00:00,NSE:SMLISUZU,726.05,730.0,726.0,728.0,1066.0
2019-03-19 10:00:00,NSE:SMLISUZU,728.0,729.3,726.0,727.95,577.0
2019-03-19 11:00:00,NSE:SMLISUZU,726.0,729.3,725.0,728.0,1417.0
2019-03-19 12:00:00,NSE:SMLISUZU,726.0,727.0,726.0,726.95,140.0
2019-03-19 13:00:00,NSE:SMLISUZU,726.85,726.85,726.1,726.5,270.0
2019-03-19 14:00:00,NSE:SMLISUZU,726.5,728.6,725.0,725.0,985.0
2019-03-19 15:00:00,NSE:SMLISUZU,725.0,726.95,724.0,724.0,1054.0
2019-03-20 09:00:00,NSE:SMLISUZU,718.0,728.0,717.85,725.0,828.0
2019-03-20 10:00:00,NSE:SMLISUZU,727.0,727.0,724.0,724.4,814.0
2019-03-20 11:00:00,NSE:SMLISUZU,725.95,727.0,723.0,723.0,1588.0
2019-03-20 12:00:00,NSE:SMLISUZU,724.2,725.25,724.2,725.0,91.0
2019-03-20 13:00:00,NSE:SMLISUZU,724.75,724.8,722.3,724.7,296.0
2019-03-20 14:00:00,NSE:SMLISUZU,723.65,725.0,722.1,722.1,1059.0
2019-03-20 15:00:00,NSE:SMLISUZU,723.95,723.95,718.2,719.65,3339.0
2019-03-22 09:00:00,NSE:SMLISUZU,719.0,726.35,719.0,723.0,791.0
2019-03-22 10:00:00,NSE:SMLISUZU,722.1,722.1,718.0,718.1,424.0
2019-03-22 11:00:00,NSE:SMLISUZU,718.5,718.5,718.0,718.0,696.0
2019-03-22 12:00:00,NSE:SMLISUZU,718.0,719.0,717.0,719.0,576.0
2019-03-22 13:00:00,NSE:SMLISUZU,718.0,724.8,718.0,718.8,748.0
2019-03-22 14:00:00,NSE:SMLISUZU,720.0,720.0,717.0,719.05,575.0
2019-03-22 15:00:00,NSE:SMLISUZU,718.35,719.0,717.0,717.05,929.0
2019-03-25 09:00:00,NSE:SMLISUZU,717.0,720.15,710.0,714.2,1277.0
2019-03-25 10:00:00,NSE:SMLISUZU,714.2,717.0,713.2,715.6,2957.0
2019-03-25 11:00:00,NSE:SMLISUZU,715.0,716.0,713.2,715.0,1127.0
2019-03-25 12:00:00,NSE:SMLISUZU,715.0,715.0,712.2,712.25,576.0
2019-03-25 13:00:00,NSE:SMLISUZU,712.25,715.45,712.05,712.5,807.0
2019-03-25 14:00:00,NSE:SMLISUZU,712.5,715.45,711.95,711.95,793.0
2019-03-25 15:00:00,NSE:SMLISUZU,711.7,716.0,710.5,716.0,537.0
2019-03-26 09:00:00,NSE:SMLISUZU,716.0,720.2,705.0,715.0,781.0
2019-03-26 10:00:00,NSE:SMLISUZU,715.0,715.0,711.0,711.8,1007.0
2019-03-26 11:00:00,NSE:SMLISUZU,711.0,716.0,711.0,712.1,456.0
2019-03-26 12:00:00,NSE:SMLISUZU,711.15,715.5,711.15,713.0,166.0
2019-03-26 13:00:00,NSE:SMLISUZU,711.25,713.0,711.15,711.15,601.0
2019-03-26 14:00:00,NSE:SMLISUZU,711.2,713.0,711.2,712.0,817.0
2019-03-26 15:00:00,NSE:SMLISUZU,712.1,713.0,708.0,709.9,3902.0
2019-03-27 09:00:00,NSE:SMLISUZU,720.0,754.0,711.05,748.9,6197.0
2019-03-27 10:00:00,NSE:SMLISUZU,748.2,803.9,748.15,793.05,82500.0
2019-03-27 11:00:00,NSE:SMLISUZU,793.05,851.85,790.0,834.0,189845.0
2019-03-27 12:00:00,NSE:SMLISUZU,833.8,838.0,826.85,832.0,17066.0
2019-03-27 13:00:00,NSE:SMLISUZU,831.75,835.0,814.4,816.1,24443.0
2019-03-27 14:00:00,NSE:SMLISUZU,817.5,836.0,800.65,824.85,38892.0
2019-03-27 15:00:00,NSE:SMLISUZU,825.0,827.95,814.1,821.15,18851.0
2019-03-28 09:00:00,NSE:SMLISUZU,822.0,876.4,821.15,851.2,152403.0
2019-03-28 10:00:00,NSE:SMLISUZU,849.05,852.3,835.1,837.5,35101.0
2019-03-28 11:00:00,NSE:SMLISUZU,835.35,838.5,828.25,833.0,20370.0
2019-03-28 12:00:00,NSE:SMLISUZU,833.0,847.95,832.1,836.4,10337.0
2019-03-28 13:00:00,NSE:SMLISUZU,836.4,837.5,830.0,835.9,4585.0
2019-03-28 14:00:00,NSE:SMLISUZU,835.9,837.9,830.55,832.0,4265.0
2019-03-28 15:00:00,NSE:SMLISUZU,832.0,842.0,830.25,836.4,16998.0
2019-03-29 09:00:00,NSE:SMLISUZU,840.0,840.2,815.0,825.1,13026.0
2019-03-29 10:00:00,NSE:SMLISUZU,825.1,828.95,810.25,812.3,8989.0
2019-03-29 11:00:00,NSE:SMLISUZU,812.95,816.0,810.25,814.0,3143.0
2019-03-29 12:00:00,NSE:SMLISUZU,814.0,818.0,813.0,818.0,2915.0
2019-03-29 13:00:00,NSE:SMLISUZU,817.0,822.05,813.0,819.1,5865.0
2019-03-29 14:00:00,NSE:SMLISUZU,818.65,831.0,816.3,823.1,10783.0
2019-03-29 15:00:00,NSE:SMLISUZU,824.0,844.0,823.1,833.0,11175.0
2019-04-01 09:00:00,NSE:SMLISUZU,841.5,857.0,835.0,842.95,11268.0
2019-04-01 10:00:00,NSE:SMLISUZU,843.0,891.9,837.5,876.5,46602.0
2019-04-01 11:00:00,NSE:SMLISUZU,876.0,901.95,870.0,887.3,52143.0
2019-04-01 12:00:00,NSE:SMLISUZU,887.3,887.7,871.0,876.75,16570.0
2019-04-01 13:00:00,NSE:SMLISUZU,877.85,879.55,871.0,874.9,4701.0
2019-04-01 14:00:00,NSE:SMLISUZU,872.6,895.0,862.55,865.0,43008.0
2019-04-01 15:00:00,NSE:SMLISUZU,863.0,865.5,855.25,861.85,18038.0
2019-04-02 09:00:00,NSE:SMLISUZU,862.1,869.0,841.3,845.1,10537.0
2019-04-02 10:00:00,NSE:SMLISUZU,847.3,852.95,843.95,850.95,2515.0
2019-04-02 11:00:00,NSE:SMLISUZU,850.95,851.95,845.55,850.0,1196.0
2019-04-02 12:00:00,NSE:SMLISUZU,848.45,849.95,843.1,843.1,1644.0
2019-04-02 13:00:00,NSE:SMLISUZU,844.95,846.8,840.0,844.7,2341.0
2019-04-02 14:00:00,NSE:SMLISUZU,844.0,844.0,832.25,836.0,6794.0
2019-04-02 15:00:00,NSE:SMLISUZU,836.0,840.3,828.05,835.35,3928.0
2019-04-03 09:00:00,NSE:SMLISUZU,841.0,841.0,832.1,838.5,2629.0
2019-04-03 10:00:00,NSE:SMLISUZU,838.5,839.5,830.4,832.95,1950.0
2019-04-03 11:00:00,NSE:SMLISUZU,831.05,831.05,822.0,824.7,2270.0
2019-04-03 12:00:00,NSE:SMLISUZU,824.7,826.0,821.15,824.0,839.0
2019-04-03 13:00:00,NSE:SMLISUZU,824.0,827.4,820.0,824.05,2750.0
2019-04-03 14:00:00,NSE:SMLISUZU,824.0,824.0,805.55,812.6,4672.0
2019-04-03 15:00:00,NSE:SMLISUZU,812.6,818.0,810.05,814.3,2836.0
2019-04-04 09:00:00,NSE:SMLISUZU,806.0,812.65,804.25,809.3,3417.0
2019-04-04 10:00:00,NSE:SMLISUZU,809.0,840.0,808.0,825.0,15908.0
2019-04-04 11:00:00,NSE:SMLISUZU,828.85,828.85,820.0,822.0,1764.0
2019-04-04 12:00:00,NSE:SMLISUZU,823.5,824.85,816.1,817.0,1394.0
2019-04-04 13:00:00,NSE:SMLISUZU,817.0,825.85,816.15,817.35,2564.0
2019-04-04 14:00:00,NSE:SMLISUZU,817.3,820.0,811.95,816.0,3563.0
2019-04-04 15:00:00,NSE:SMLISUZU,816.0,825.0,811.25,817.75,3852.0
2019-04-05 09:00:00,NSE:SMLISUZU,825.0,833.1,818.0,828.0,3776.0
2019-04-05 10:00:00,NSE:SMLISUZU,825.4,826.95,821.55,825.5,1095.0
2019-04-05 11:00:00,NSE:SMLISUZU,825.5,828.0,823.0,823.8,890.0
2019-04-05 12:00:00,NSE:SMLISUZU,824.5,829.75,822.8,823.2,1198.0
2019-04-05 13:00:00,NSE:SMLISUZU,824.45,824.5,815.45,818.05,2433.0
2019-04-05 14:00:00,NSE:SMLISUZU,818.6,822.1,815.0,815.95,982.0
2019-04-05 15:00:00,NSE:SMLISUZU,815.0,818.5,810.25,813.55,2654.0
2019-04-08 09:00:00,NSE:SMLISUZU,805.0,817.7,805.0,811.0,2222.0
2019-04-08 10:00:00,NSE:SMLISUZU,812.95,815.85,805.25,809.0,919.0
2019-04-08 11:00:00,NSE:SMLISUZU,809.05,816.8,809.05,812.0,863.0
2019-04-08 12:00:00,NSE:SMLISUZU,812.0,813.4,812.0,812.0,426.0
2019-04-08 13:00:00,NSE:SMLISUZU,813.95,813.95,810.0,810.0,815.0
2019-04-08 14:00:00,NSE:SMLISUZU,810.0,812.4,801.9,802.95,2040.0
2019-04-08 15:00:00,NSE:SMLISUZU,803.0,808.0,803.0,806.05,1076.0
2019-04-09 09:00:00,NSE:SMLISUZU,802.25,808.0,797.0,799.85,3485.0
2019-04-09 10:00:00,NSE:SMLISUZU,800.95,802.4,786.0,791.0,1657.0
2019-04-09 11:00:00,NSE:SMLISUZU,788.5,792.0,785.25,789.0,851.0
2019-04-09 12:00:00,NSE:SMLISUZU,789.0,790.0,788.0,789.5,388.0
2019-04-09 13:00:00,NSE:SMLISUZU,788.1,789.95,786.8,788.5,502.0
2019-04-09 14:00:00,NSE:SMLISUZU,790.0,790.0,785.1,785.3,783.0
2019-04-09 15:00:00,NSE:SMLISUZU,786.7,788.0,782.5,785.7,2548.0
2019-04-10 09:00:00,NSE:SMLISUZU,788.0,812.4,786.0,805.45,7510.0
2019-04-10 10:00:00,NSE:SMLISUZU,805.45,807.25,800.3,800.3,1645.0
2019-04-10 11:00:00,NSE:SMLISUZU,800.0,804.0,797.3,802.0,996.0
2019-04-10 12:00:00,NSE:SMLISUZU,801.1,804.6,798.55,798.55,491.0
2019-04-10 13:00:00,NSE:SMLISUZU,800.95,803.0,798.5,802.8,1523.0
2019-04-10 14:00:00,NSE:SMLISUZU,802.8,803.0,798.25,800.25,937.0
2019-04-10 15:00:00,NSE:SMLISUZU,800.1,800.1,796.0,799.0,1180.0
2019-04-11 09:00:00,NSE:SMLISUZU,805.0,805.0,798.6,801.1,1137.0
2019-04-11 10:00:00,NSE:SMLISUZU,800.6,802.0,793.3,801.9,1145.0
2019-04-11 11:00:00,NSE:SMLISUZU,799.0,801.95,788.55,788.55,1101.0
2019-04-11 12:00:00,NSE:SMLISUZU,788.0,789.45,785.25,787.95,936.0
2019-04-11 13:00:00,NSE:SMLISUZU,787.05,789.15,783.05,783.7,536.0
2019-04-11 14:00:00,NSE:SMLISUZU,784.0,800.4,784.0,790.0,2106.0
2019-04-11 15:00:00,NSE:SMLISUZU,792.25,801.0,790.05,798.45,2470.0
2019-04-12 09:00:00,NSE:SMLISUZU,800.0,805.35,800.0,801.45,1811.0
2019-04-12 10:00:00,NSE:SMLISUZU,800.05,802.5,800.0,802.0,1436.0
2019-04-12 11:00:00,NSE:SMLISUZU,801.05,801.95,800.2,800.2,450.0
2019-04-12 12:00:00,NSE:SMLISUZU,800.2,801.95,800.0,801.0,942.0
2019-04-12 13:00:00,NSE:SMLISUZU,801.0,838.0,799.1,827.0,10927.0
2019-04-12 14:00:00,NSE:SMLISUZU,827.0,830.0,813.95,819.9,8012.0
2019-04-12 15:00:00,NSE:SMLISUZU,820.0,827.9,813.0,820.4,5197.0
2019-04-15 09:00:00,NSE:SMLISUZU,828.6,828.6,815.0,815.0,2519.0
2019-04-15 10:00:00,NSE:SMLISUZU,815.0,820.9,808.0,812.25,1990.0
2019-04-15 11:00:00,NSE:SMLISUZU,812.25,814.4,809.6,810.5,493.0
2019-04-15 12:00:00,NSE:SMLISUZU,812.45,823.6,810.55,821.1,3004.0
2019-04-15 13:00:00,NSE:SMLISUZU,821.1,823.15,815.9,815.9,638.0
2019-04-15 14:00:00,NSE:SMLISUZU,815.0,816.0,813.1,813.9,670.0
2019-04-15 15:00:00,NSE:SMLISUZU,813.7,815.0,805.2,810.6,1768.0
2019-04-16 09:00:00,NSE:SMLISUZU,816.9,817.85,803.05,812.4,2063.0
2019-04-16 10:00:00,NSE:SMLISUZU,811.05,811.05,807.0,810.95,579.0
2019-04-16 11:00:00,NSE:SMLISUZU,810.5,825.95,807.0,821.0,3102.0
2019-04-16 12:00:00,NSE:SMLISUZU,820.95,820.95,813.5,819.0,516.0
2019-04-16 13:00:00,NSE:SMLISUZU,818.5,819.55,808.0,808.0,1782.0
2019-04-16 14:00:00,NSE:SMLISUZU,808.0,808.0,802.85,803.5,2264.0
2019-04-16 15:00:00,NSE:SMLISUZU,803.6,807.75,802.0,804.1,1227.0
2019-04-18 09:00:00,NSE:SMLISUZU,816.0,816.0,800.0,802.0,2061.0
2019-04-18 10:00:00,NSE:SMLISUZU,800.0,803.45,799.55,801.0,1244.0
2019-04-18 11:00:00,NSE:SMLISUZU,800.3,802.6,799.8,799.85,277.0
2019-04-18 12:00:00,NSE:SMLISUZU,799.85,803.0,799.85,801.0,586.0
2019-04-18 13:00:00,NSE:SMLISUZU,800.8,804.45,799.75,804.45,2701.0
2019-04-18 14:00:00,NSE:SMLISUZU,804.4,810.0,800.0,803.2,2245.0
2019-04-18 15:00:00,NSE:SMLISUZU,803.35,805.0,800.0,801.85,1186.0
2019-04-22 09:00:00,NSE:SMLISUZU,790.65,803.95,790.65,799.15,2362.0
2019-04-22 10:00:00,NSE:SMLISUZU,799.15,802.05,799.15,800.6,656.0
2019-04-22 11:00:00,NSE:SMLISUZU,800.6,800.6,799.1,800.0,426.0
2019-04-22 12:00:00,NSE:SMLISUZU,800.0,813.85,800.0,804.65,2302.0
2019-04-22 13:00:00,NSE:SMLISUZU,804.65,804.65,800.05,800.05,265.0
2019-04-22 14:00:00,NSE:SMLISUZU,800.05,802.0,800.05,801.1,1749.0
2019-04-22 15:00:00,NSE:SMLISUZU,803.0,806.0,799.45,800.05,2588.0
2019-04-23 09:00:00,NSE:SMLISUZU,802.1,808.0,800.05,800.9,1078.0
2019-04-23 10:00:00,NSE:SMLISUZU,800.9,800.9,798.9,799.6,1218.0
2019-04-23 11:00:00,NSE:SMLISUZU,800.35,801.0,798.05,800.15,383.0
2019-04-23 12:00:00,NSE:SMLISUZU,800.1,800.9,799.2,799.35,1834.0
2019-04-23 13:00:00,NSE:SMLISUZU,800.7,801.8,799.7,800.0,601.0
2019-04-23 14:00:00,NSE:SMLISUZU,800.9,816.8,800.9,806.0,5309.0
2019-04-23 15:00:00,NSE:SMLISUZU,805.5,812.0,800.0,812.0,1914.0
2019-04-24 09:00:00,NSE:SMLISUZU,814.6,820.05,810.55,812.0,2613.0
2019-04-24 10:00:00,NSE:SMLISUZU,811.0,811.4,800.0,803.5,2465.0
2019-04-24 11:00:00,NSE:SMLISUZU,803.6,804.85,800.1,803.4,457.0
2019-04-24 12:00:00,NSE:SMLISUZU,803.4,803.4,797.95,800.05,2169.0
2019-04-24 13:00:00,NSE:SMLISUZU,805.0,805.9,800.1,800.1,1539.0
2019-04-24 14:00:00,NSE:SMLISUZU,801.7,806.45,800.15,803.55,509.0
2019-04-24 15:00:00,NSE:SMLISUZU,805.0,810.0,801.25,803.5,1301.0
2019-04-25 09:00:00,NSE:SMLISUZU,800.15,804.45,799.95,802.05,402.0
2019-04-25 10:00:00,NSE:SMLISUZU,803.4,803.4,800.1,802.0,375.0
2019-04-25 11:00:00,NSE:SMLISUZU,801.45,801.95,800.1,801.95,288.0
2019-04-25 12:00:00,NSE:SMLISUZU,801.95,802.0,800.05,800.15,388.0
2019-04-25 13:00:00,NSE:SMLISUZU,800.05,803.35,800.0,803.3,797.0
2019-04-25 14:00:00,NSE:SMLISUZU,803.3,812.55,802.4,804.05,2496.0
2019-04-25 15:00:00,NSE:SMLISUZU,804.4,806.0,795.0,799.55,1889.0
2019-04-26 09:00:00,NSE:SMLISUZU,794.85,804.4,794.85,801.85,321.0
2019-04-26 10:00:00,NSE:SMLISUZU,802.9,803.4,800.05,800.05,302.0
2019-04-26 11:00:00,NSE:SMLISUZU,799.1,803.0,797.0,799.7,2049.0
2019-04-26 12:00:00,NSE:SMLISUZU,801.9,801.9,800.1,800.1,226.0
2019-04-26 13:00:00,NSE:SMLISUZU,800.05,802.45,800.05,800.95,211.0
2019-04-26 14:00:00,NSE:SMLISUZU,800.0,806.25,800.0,803.0,2154.0
2019-04-26 15:00:00,NSE:SMLISUZU,800.6,801.9,800.0,800.05,1437.0
2019-04-30 09:00:00,NSE:SMLISUZU,796.15,810.05,794.25,804.95,2362.0
2019-04-30 10:00:00,NSE:SMLISUZU,800.0,801.45,796.0,797.4,1997.0
2019-04-30 11:00:00,NSE:SMLISUZU,797.4,798.0,796.0,796.0,1095.0
2019-04-30 12:00:00,NSE:SMLISUZU,796.0,798.85,796.0,796.5,618.0
2019-04-30 13:00:00,NSE:SMLISUZU,796.5,796.5,795.0,795.85,363.0
2019-04-30 14:00:00,NSE:SMLISUZU,795.0,795.0,786.1,791.3,1236.0
2019-04-30 15:00:00,NSE:SMLISUZU,792.9,794.3,789.0,790.0,792.0
2019-05-02 09:00:00,NSE:SMLISUZU,795.0,796.25,790.05,790.6,782.0
2019-05-02 10:00:00,NSE:SMLISUZU,791.0,795.0,789.15,792.0,1315.0
2019-05-02 11:00:00,NSE:SMLISUZU,791.05,792.0,788.55,789.5,311.0
2019-05-02 12:00:00,NSE:SMLISUZU,789.5,798.8,789.5,793.1,1985.0
2019-05-02 13:00:00,NSE:SMLISUZU,791.1,793.1,790.0,790.25,233.0
2019-05-02 14:00:00,NSE:SMLISUZU,790.25,790.25,770.0,774.05,2741.0
2019-05-02 15:00:00,NSE:SMLISUZU,789.25,821.95,780.25,796.35,64100.0
2019-05-03 09:00:00,NSE:SMLISUZU,808.15,808.15,797.7,801.7,2407.0
2019-05-03 10:00:00,NSE:SMLISUZU,800.95,803.1,797.1,801.4,3061.0
2019-05-03 11:00:00,NSE:SMLISUZU,801.25,802.0,799.1,800.1,1184.0
2019-05-03 12:00:00,NSE:SMLISUZU,800.95,801.0,799.05,800.2,592.0
2019-05-03 13:00:00,NSE:SMLISUZU,800.0,800.2,792.3,799.6,1017.0
2019-05-03 14:00:00,NSE:SMLISUZU,799.6,800.75,799.1,800.05,1284.0
2019-05-03 15:00:00,NSE:SMLISUZU,800.05,803.7,799.0,800.0,3573.0
2019-05-06 09:00:00,NSE:SMLISUZU,782.6,801.85,782.6,799.7,2244.0
2019-05-06 10:00:00,NSE:SMLISUZU,799.7,800.6,799.1,800.05,693.0
2019-05-06 11:00:00,NSE:SMLISUZU,800.05,813.0,800.0,802.2,6336.0
2019-05-06 12:00:00,NSE:SMLISUZU,803.6,804.3,800.05,800.1,534.0
2019-05-06 13:00:00,NSE:SMLISUZU,800.45,802.7,800.05,800.05,255.0
2019-05-06 14:00:00,NSE:SMLISUZU,800.15,803.5,799.75,801.0,1887.0
2019-05-06 15:00:00,NSE:SMLISUZU,800.05,810.0,798.65,810.0,2624.0
2019-05-07 09:00:00,NSE:SMLISUZU,802.15,806.9,798.05,799.3,494.0
2019-05-07 10:00:00,NSE:SMLISUZU,796.35,799.0,790.0,791.35,734.0
2019-05-07 11:00:00,NSE:SMLISUZU,790.25,794.0,788.05,791.0,1366.0
2019-05-07 12:00:00,NSE:SMLISUZU,792.9,792.9,790.6,791.0,143.0
2019-05-07 13:00:00,NSE:SMLISUZU,790.6,790.95,787.0,787.0,352.0
2019-05-07 14:00:00,NSE:SMLISUZU,786.3,790.7,780.0,790.0,2404.0
2019-05-07 15:00:00,NSE:SMLISUZU,790.0,790.8,786.0,787.8,4259.0
2019-05-08 09:00:00,NSE:SMLISUZU,786.3,792.75,777.4,789.55,2358.0
2019-05-08 10:00:00,NSE:SMLISUZU,790.0,791.05,788.9,790.05,1912.0
2019-05-08 11:00:00,NSE:SMLISUZU,790.1,790.1,788.7,789.45,860.0
2019-05-08 12:00:00,NSE:SMLISUZU,789.4,790.95,789.4,790.0,1155.0
2019-05-08 13:00:00,NSE:SMLISUZU,790.0,790.0,765.5,772.0,3137.0
2019-05-08 14:00:00,NSE:SMLISUZU,771.6,779.0,760.05,764.9,2411.0
2019-05-08 15:00:00,NSE:SMLISUZU,764.95,765.0,745.05,749.0,4121.0
2019-05-09 09:00:00,NSE:SMLISUZU,741.0,747.5,730.2,732.2,1662.0
2019-05-09 10:00:00,NSE:SMLISUZU,732.7,735.85,730.0,734.7,1642.0
2019-05-09 11:00:00,NSE:SMLISUZU,734.5,734.7,729.25,729.6,983.0
2019-05-09 12:00:00,NSE:SMLISUZU,729.8,735.7,727.0,734.65,1332.0
2019-05-09 13:00:00,NSE:SMLISUZU,734.75,735.95,734.45,735.45,628.0
2019-05-09 14:00:00,NSE:SMLISUZU,735.0,740.0,734.9,738.9,1337.0
2019-05-09 15:00:00,NSE:SMLISUZU,737.4,737.75,725.0,735.0,2775.0
2019-05-10 09:00:00,NSE:SMLISUZU,725.65,743.7,725.65,734.0,1605.0
2019-05-10 10:00:00,NSE:SMLISUZU,736.35,757.8,735.0,748.05,3705.0
2019-05-10 11:00:00,NSE:SMLISUZU,749.0,749.95,740.0,740.9,839.0
2019-05-10 12:00:00,NSE:SMLISUZU,743.9,743.9,741.5,741.7,251.0
2019-05-10 13:00:00,NSE:SMLISUZU,744.25,744.25,738.85,738.85,252.0
2019-05-10 14:00:00,NSE:SMLISUZU,738.9,741.9,738.9,741.9,332.0
2019-05-10 15:00:00,NSE:SMLISUZU,740.15,745.0,732.55,735.55,1848.0
2019-05-13 09:00:00,NSE:SMLISUZU,734.85,740.65,734.85,736.1,686.0
2019-05-13 10:00:00,NSE:SMLISUZU,736.1,736.1,734.25,735.0,393.0
2019-05-13 11:00:00,NSE:SMLISUZU,735.0,736.0,727.0,733.75,2070.0
2019-05-13 12:00:00,NSE:SMLISUZU,735.0,736.0,726.85,734.45,1164.0
2019-05-13 13:00:00,NSE:SMLISUZU,735.0,735.1,732.95,735.0,257.0
2019-05-13 14:00:00,NSE:SMLISUZU,735.9,736.0,720.5,720.5,4938.0
2019-05-13 15:00:00,NSE:SMLISUZU,723.45,743.0,723.45,740.0,6930.0
2019-05-14 09:00:00,NSE:SMLISUZU,730.0,745.0,721.0,740.0,2731.0
2019-05-14 10:00:00,NSE:SMLISUZU,738.95,742.0,736.45,740.0,323.0
2019-05-14 11:00:00,NSE:SMLISUZU,740.0,740.1,738.95,738.95,273.0
2019-05-14 12:00:00,NSE:SMLISUZU,738.95,743.0,737.2,739.95,531.0
2019-05-14 13:00:00,NSE:SMLISUZU,738.0,769.95,738.0,757.05,3813.0
2019-05-14 14:00:00,NSE:SMLISUZU,759.0,762.9,753.0,755.7,2167.0
2019-05-14 15:00:00,NSE:SMLISUZU,755.05,769.0,750.0,769.0,2730.0
2019-05-15 09:00:00,NSE:SMLISUZU,761.5,765.65,757.2,762.05,356.0
2019-05-15 10:00:00,NSE:SMLISUZU,763.45,790.0,763.45,781.5,1669.0
2019-05-15 11:00:00,NSE:SMLISUZU,781.0,790.0,777.0,779.05,1366.0
2019-05-15 12:00:00,NSE:SMLISUZU,779.05,779.05,770.0,772.0,266.0
2019-05-15 13:00:00,NSE:SMLISUZU,774.0,774.95,772.0,774.0,293.0
2019-05-15 14:00:00,NSE:SMLISUZU,776.05,778.9,770.6,770.7,356.0
2019-05-15 15:00:00,NSE:SMLISUZU,770.05,779.0,767.4,771.35,440.0
2019-05-16 09:00:00,NSE:SMLISUZU,768.0,772.1,764.1,764.1,429.0
2019-05-16 10:00:00,NSE:SMLISUZU,764.1,768.0,764.1,764.15,158.0
2019-05-16 11:00:00,NSE:SMLISUZU,765.75,765.75,760.1,762.95,314.0
2019-05-16 12:00:00,NSE:SMLISUZU,761.7,765.0,759.55,761.45,313.0
2019-05-16 13:00:00,NSE:SMLISUZU,760.65,763.0,758.55,762.0,238.0
2019-05-16 14:00:00,NSE:SMLISUZU,762.5,766.0,755.0,756.0,1484.0
2019-05-16 15:00:00,NSE:SMLISUZU,760.0,770.0,757.3,770.0,648.0
2019-05-17 09:00:00,NSE:SMLISUZU,764.85,765.65,759.3,759.3,561.0
2019-05-17 10:00:00,NSE:SMLISUZU,760.4,768.1,751.5,764.65,1014.0
2019-05-17 11:00:00,NSE:SMLISUZU,764.25,766.0,760.05,760.05,269.0
2019-05-17 12:00:00,NSE:SMLISUZU,758.95,765.05,757.6,765.05,451.0
2019-05-17 13:00:00,NSE:SMLISUZU,763.05,765.15,761.1,763.95,185.0
2019-05-17 14:00:00,NSE:SMLISUZU,761.1,765.0,760.0,765.0,372.0
2019-05-17 15:00:00,NSE:SMLISUZU,763.9,766.0,755.0,758.85,1083.0
2019-05-20 09:00:00,NSE:SMLISUZU,758.85,780.25,758.85,776.0,1103.0
2019-05-20 10:00:00,NSE:SMLISUZU,775.05,777.0,766.85,769.95,3652.0
2019-05-20 11:00:00,NSE:SMLISUZU,770.05,785.65,770.0,782.5,2847.0
2019-05-20 12:00:00,NSE:SMLISUZU,782.5,782.5,777.0,778.55,402.0
2019-05-20 13:00:00,NSE:SMLISUZU,778.45,782.0,778.0,782.0,537.0
2019-05-20 14:00:00,NSE:SMLISUZU,781.0,781.0,777.25,779.95,742.0
2019-05-20 15:00:00,NSE:SMLISUZU,776.0,780.0,775.0,780.0,458.0
2019-05-21 09:00:00,NSE:SMLISUZU,781.7,781.7,769.6,773.95,910.0
2019-05-21 10:00:00,NSE:SMLISUZU,773.95,779.9,773.95,776.05,1091.0
2019-05-21 11:00:00,NSE:SMLISUZU,780.0,818.1,779.65,788.65,7858.0
2019-05-21 12:00:00,NSE:SMLISUZU,789.95,790.4,778.05,778.05,1361.0
2019-05-21 13:00:00,NSE:SMLISUZU,778.0,782.0,775.05,778.0,871.0
2019-05-21 14:00:00,NSE:SMLISUZU,779.0,781.45,776.85,781.45,979.0
2019-05-21 15:00:00,NSE:SMLISUZU,778.9,780.05,770.05,775.05,1038.0
2019-05-22 09:00:00,NSE:SMLISUZU,784.85,784.85,770.0,777.0,508.0
2019-05-22 10:00:00,NSE:SMLISUZU,776.95,781.9,776.05,780.95,680.0
2019-05-22 11:00:00,NSE:SMLISUZU,781.0,784.9,774.45,780.0,703.0
2019-05-22 12:00:00,NSE:SMLISUZU,780.0,780.1,777.05,780.0,191.0
2019-05-22 13:00:00,NSE:SMLISUZU,777.05,781.45,777.05,778.05,341.0
2019-05-22 14:00:00,NSE:SMLISUZU,778.05,783.0,776.55,781.0,671.0
2019-05-22 15:00:00,NSE:SMLISUZU,779.8,780.9,775.0,777.75,1189.0
2019-05-23 09:00:00,NSE:SMLISUZU,790.05,799.0,785.0,785.0,1784.0
2019-05-23 10:00:00,NSE:SMLISUZU,782.55,786.0,780.0,782.6,1734.0
2019-05-23 11:00:00,NSE:SMLISUZU,782.6,788.9,781.25,785.9,1117.0
2019-05-23 12:00:00,NSE:SMLISUZU,785.0,785.95,777.15,780.0,558.0
2019-05-23 13:00:00,NSE:SMLISUZU,778.05,781.75,775.0,777.75,357.0
2019-05-23 14:00:00,NSE:SMLISUZU,777.75,781.5,775.0,781.45,876.0
2019-05-23 15:00:00,NSE:SMLISUZU,780.2,781.5,776.0,781.2,874.0
2019-05-24 09:00:00,NSE:SMLISUZU,783.6,807.95,783.6,804.45,3620.0
2019-05-24 10:00:00,NSE:SMLISUZU,804.55,807.95,792.0,796.95,1659.0
2019-05-24 11:00:00,NSE:SMLISUZU,796.45,796.9,794.55,795.0,290.0
2019-05-24 12:00:00,NSE:SMLISUZU,795.0,799.75,795.0,796.05,698.0
2019-05-24 13:00:00,NSE:SMLISUZU,795.0,803.8,795.0,802.5,1347.0
2019-05-24 14:00:00,NSE:SMLISUZU,801.0,801.9,795.5,795.55,1258.0
2019-05-24 15:00:00,NSE:SMLISUZU,795.5,804.9,791.3,797.0,1628.0
2019-05-27 09:00:00,NSE:SMLISUZU,814.7,819.0,808.6,810.0,2038.0
2019-05-27 10:00:00,NSE:SMLISUZU,810.0,825.0,808.95,817.0,3389.0
2019-05-27 11:00:00,NSE:SMLISUZU,815.2,817.6,811.35,814.4,618.0
2019-05-27 12:00:00,NSE:SMLISUZU,812.3,822.45,812.0,814.9,3566.0
2019-05-27 13:00:00,NSE:SMLISUZU,812.0,814.95,800.9,812.05,2282.0
2019-05-27 14:00:00,NSE:SMLISUZU,812.0,815.0,806.5,807.4,1673.0
2019-05-27 15:00:00,NSE:SMLISUZU,807.85,807.95,800.0,802.4,965.0
2019-05-28 09:00:00,NSE:SMLISUZU,805.0,813.55,805.0,808.0,1738.0
2019-05-28 10:00:00,NSE:SMLISUZU,808.0,819.5,801.6,809.0,1443.0
2019-05-28 11:00:00,NSE:SMLISUZU,808.0,816.1,802.2,815.0,1508.0
2019-05-28 12:00:00,NSE:SMLISUZU,815.0,815.4,810.5,813.3,731.0
2019-05-28 13:00:00,NSE:SMLISUZU,813.3,816.95,812.3,812.7,500.0
2019-05-28 14:00:00,NSE:SMLISUZU,815.0,815.5,811.0,814.95,1130.0
2019-05-28 15:00:00,NSE:SMLISUZU,813.55,815.75,810.0,813.8,2137.0
2019-05-29 09:00:00,NSE:SMLISUZU,825.0,865.5,822.75,842.6,30225.0
2019-05-29 10:00:00,NSE:SMLISUZU,838.05,843.5,833.15,839.9,6564.0
2019-05-29 11:00:00,NSE:SMLISUZU,840.05,845.6,838.95,845.0,2612.0
2019-05-29 12:00:00,NSE:SMLISUZU,844.65,849.0,843.55,844.35,3843.0
2019-05-29 13:00:00,NSE:SMLISUZU,844.1,847.75,843.05,843.7,5847.0
2019-05-29 14:00:00,NSE:SMLISUZU,843.7,846.5,843.7,846.15,10751.0
2019-05-29 15:00:00,NSE:SMLISUZU,846.3,847.0,842.2,845.9,25972.0
2019-05-30 09:00:00,NSE:SMLISUZU,850.0,859.8,825.0,831.75,3704.0
2019-05-30 10:00:00,NSE:SMLISUZU,831.05,837.95,829.15,832.0,689.0
2019-05-30 11:00:00,NSE:SMLISUZU,832.9,835.0,832.9,833.1,315.0
2019-05-30 12:00:00,NSE:SMLISUZU,833.0,834.45,826.15,829.3,1920.0
2019-05-30 13:00:00,NSE:SMLISUZU,830.0,836.0,830.0,836.0,574.0
2019-05-30 14:00:00,NSE:SMLISUZU,836.0,839.9,823.55,827.95,973.0
2019-05-30 15:00:00,NSE:SMLISUZU,830.0,835.55,828.0,835.5,3089.0
2019-05-31 09:00:00,NSE:SMLISUZU,835.0,835.55,826.1,830.0,647.0
2019-05-31 10:00:00,NSE:SMLISUZU,830.0,830.9,820.0,821.4,690.0
2019-05-31 11:00:00,NSE:SMLISUZU,821.4,828.4,820.0,825.0,1031.0
2019-05-31 12:00:00,NSE:SMLISUZU,825.0,828.0,821.05,827.0,1145.0
2019-05-31 13:00:00,NSE:SMLISUZU,827.1,828.35,814.0,828.0,5842.0
2019-05-31 14:00:00,NSE:SMLISUZU,828.0,829.55,823.55,825.05,4311.0
2019-05-31 15:00:00,NSE:SMLISUZU,825.75,835.0,823.05,830.0,3243.0
2019-06-03 09:00:00,NSE:SMLISUZU,850.0,877.85,843.6,855.55,27693.0
2019-06-03 10:00:00,NSE:SMLISUZU,857.0,858.0,848.1,848.1,3832.0
2019-06-03 11:00:00,NSE:SMLISUZU,848.05,855.0,844.0,850.0,3363.0
2019-06-03 12:00:00,NSE:SMLISUZU,850.0,853.0,848.5,850.0,1333.0
2019-06-03 13:00:00,NSE:SMLISUZU,848.6,852.5,848.0,851.0,1756.0
2019-06-03 14:00:00,NSE:SMLISUZU,851.0,858.95,845.0,850.0,7733.0
2019-06-03 15:00:00,NSE:SMLISUZU,850.1,853.5,848.4,853.5,5938.0
2019-06-04 09:00:00,NSE:SMLISUZU,851.0,860.25,848.55,851.25,2097.0
2019-06-04 10:00:00,NSE:SMLISUZU,851.25,851.5,845.0,846.95,1032.0
2019-06-04 11:00:00,NSE:SMLISUZU,846.6,850.55,845.05,850.5,1319.0
2019-06-04 12:00:00,NSE:SMLISUZU,849.05,850.05,846.55,849.0,361.0
2019-06-04 13:00:00,NSE:SMLISUZU,850.0,850.2,845.1,850.0,878.0
2019-06-04 14:00:00,NSE:SMLISUZU,850.0,850.5,847.45,850.5,1201.0
2019-06-04 15:00:00,NSE:SMLISUZU,848.6,850.5,846.6,849.85,4410.0
2019-06-06 09:00:00,NSE:SMLISUZU,835.0,849.85,835.0,843.35,1636.0
2019-06-06 10:00:00,NSE:SMLISUZU,845.8,850.3,845.0,848.35,2492.0
2019-06-06 11:00:00,NSE:SMLISUZU,850.2,863.0,844.85,861.35,22840.0
2019-06-06 12:00:00,NSE:SMLISUZU,860.6,865.0,854.0,856.9,5577.0
2019-06-06 13:00:00,NSE:SMLISUZU,856.1,857.0,845.45,850.5,2296.0
2019-06-06 14:00:00,NSE:SMLISUZU,851.05,852.0,845.0,851.95,3149.0
2019-06-06 15:00:00,NSE:SMLISUZU,852.0,855.0,848.0,850.7,1997.0
2019-06-07 09:00:00,NSE:SMLISUZU,851.65,854.95,843.1,843.6,862.0
2019-06-07 10:00:00,NSE:SMLISUZU,844.95,850.0,841.3,845.05,1099.0
2019-06-07 11:00:00,NSE:SMLISUZU,845.2,847.9,845.2,845.2,189.0
2019-06-07 12:00:00,NSE:SMLISUZU,845.25,850.0,842.0,847.4,804.0
2019-06-07 13:00:00,NSE:SMLISUZU,850.0,850.45,845.55,848.6,2433.0
2019-06-07 14:00:00,NSE:SMLISUZU,850.0,850.05,846.1,848.1,1601.0
2019-06-07 15:00:00,NSE:SMLISUZU,850.95,853.0,845.2,849.65,1309.0
2019-06-10 09:00:00,NSE:SMLISUZU,854.9,854.9,847.05,847.9,347.0
2019-06-10 10:00:00,NSE:SMLISUZU,847.9,849.3,843.25,844.55,1797.0
2019-06-10 11:00:00,NSE:SMLISUZU,844.55,849.3,843.25,849.3,753.0
2019-06-10 12:00:00,NSE:SMLISUZU,848.5,852.0,843.25,846.6,5071.0
2019-06-10 13:00:00,NSE:SMLISUZU,846.6,850.2,845.0,850.0,1450.0
2019-06-10 14:00:00,NSE:SMLISUZU,850.0,851.9,848.0,848.15,1622.0
2019-06-10 15:00:00,NSE:SMLISUZU,850.0,854.95,845.1,851.25,1093.0
2019-06-11 09:00:00,NSE:SMLISUZU,851.25,851.25,845.0,848.05,763.0
2019-06-11 10:00:00,NSE:SMLISUZU,847.9,848.5,840.35,844.15,1883.0
2019-06-11 11:00:00,NSE:SMLISUZU,846.5,849.95,843.05,849.95,835.0
2019-06-11 12:00:00,NSE:SMLISUZU,847.1,847.1,841.0,841.95,1174.0
2019-06-11 13:00:00,NSE:SMLISUZU,840.35,848.0,840.35,842.0,701.0
2019-06-11 14:00:00,NSE:SMLISUZU,841.0,844.5,841.0,841.05,1261.0
2019-06-11 15:00:00,NSE:SMLISUZU,841.0,842.85,840.1,840.1,680.0
2019-06-12 09:00:00,NSE:SMLISUZU,836.45,836.45,822.0,824.9,1553.0
2019-06-12 10:00:00,NSE:SMLISUZU,824.0,824.9,821.55,821.95,741.0
2019-06-12 11:00:00,NSE:SMLISUZU,820.05,823.9,815.1,817.5,844.0
2019-06-12 12:00:00,NSE:SMLISUZU,817.5,824.55,817.5,819.0,895.0
2019-06-12 13:00:00,NSE:SMLISUZU,817.6,818.85,816.0,817.0,159.0
2019-06-12 14:00:00,NSE:SMLISUZU,817.0,817.0,806.0,806.0,1863.0
2019-06-12 15:00:00,NSE:SMLISUZU,805.7,809.0,801.0,804.9,1330.0
2019-06-13 09:00:00,NSE:SMLISUZU,801.0,810.0,799.05,799.05,728.0
2019-06-13 10:00:00,NSE:SMLISUZU,799.05,799.05,791.0,795.7,752.0
2019-06-13 11:00:00,NSE:SMLISUZU,795.7,800.5,795.7,797.3,432.0
2019-06-13 12:00:00,NSE:SMLISUZU,797.3,797.3,795.0,796.75,303.0
2019-06-13 13:00:00,NSE:SMLISUZU,795.0,797.0,792.75,796.45,606.0
2019-06-13 14:00:00,NSE:SMLISUZU,797.0,805.65,795.0,797.9,1241.0
2019-06-13 15:00:00,NSE:SMLISUZU,795.75,795.75,791.55,791.55,399.0
2019-06-14 09:00:00,NSE:SMLISUZU,802.45,802.45,785.15,794.0,739.0
2019-06-14 10:00:00,NSE:SMLISUZU,795.0,796.8,789.05,789.15,278.0
2019-06-14 11:00:00,NSE:SMLISUZU,789.6,789.6,787.0,787.05,247.0
2019-06-14 12:00:00,NSE:SMLISUZU,785.05,785.05,781.0,781.7,522.0
2019-06-14 13:00:00,NSE:SMLISUZU,783.35,786.0,783.35,785.9,72.0
2019-06-14 14:00:00,NSE:SMLISUZU,785.0,785.55,780.55,780.55,646.0
2019-06-14 15:00:00,NSE:SMLISUZU,780.4,781.7,771.0,778.45,856.0
2019-06-17 09:00:00,NSE:SMLISUZU,780.75,780.75,765.0,768.25,726.0
2019-06-17 10:00:00,NSE:SMLISUZU,769.15,770.0,767.0,768.05,336.0
2019-06-17 11:00:00,NSE:SMLISUZU,768.6,768.95,766.65,767.0,674.0
2019-06-17 12:00:00,NSE:SMLISUZU,768.15,768.15,766.4,767.2,187.0
2019-06-17 13:00:00,NSE:SMLISUZU,765.1,765.8,764.6,764.6,336.0
2019-06-17 14:00:00,NSE:SMLISUZU,764.95,765.4,755.0,755.6,907.0
2019-06-17 15:00:00,NSE:SMLISUZU,755.6,756.0,743.8,749.75,1615.0
2019-06-18 09:00:00,NSE:SMLISUZU,749.05,756.75,722.3,733.4,2975.0
2019-06-18 10:00:00,NSE:SMLISUZU,730.45,739.0,730.4,735.1,2970.0
2019-06-18 11:00:00,NSE:SMLISUZU,736.0,743.0,735.25,741.0,581.0
2019-06-18 12:00:00,NSE:SMLISUZU,740.0,744.9,739.55,744.0,1037.0
2019-06-18 13:00:00,NSE:SMLISUZU,743.05,750.55,743.05,748.55,503.0
2019-06-18 14:00:00,NSE:SMLISUZU,749.9,749.9,745.0,745.0,1440.0
2019-06-18 15:00:00,NSE:SMLISUZU,746.35,754.0,745.0,745.0,470.0
2019-06-19 09:00:00,NSE:SMLISUZU,759.9,760.1,750.05,752.7,707.0
2019-06-19 10:00:00,NSE:SMLISUZU,753.65,774.85,753.65,761.0,2884.0
2019-06-19 11:00:00,NSE:SMLISUZU,761.05,763.0,748.2,752.0,1589.0
2019-06-19 12:00:00,NSE:SMLISUZU,753.15,762.2,750.45,762.2,716.0
2019-06-19 13:00:00,NSE:SMLISUZU,762.2,762.2,755.0,755.0,870.0
2019-06-19 14:00:00,NSE:SMLISUZU,755.0,756.0,748.2,749.1,1563.0
2019-06-19 15:00:00,NSE:SMLISUZU,751.1,752.0,742.0,744.95,1920.0
2019-06-20 09:00:00,NSE:SMLISUZU,740.0,748.35,740.0,742.0,816.0
2019-06-20 10:00:00,NSE:SMLISUZU,741.6,746.05,741.0,742.0,540.0
2019-06-20 11:00:00,NSE:SMLISUZU,742.0,743.9,741.0,741.0,361.0
2019-06-20 12:00:00,NSE:SMLISUZU,741.0,741.1,738.55,739.1,501.0
2019-06-20 13:00:00,NSE:SMLISUZU,741.9,741.9,739.6,741.9,119.0
2019-06-20 14:00:00,NSE:SMLISUZU,742.25,765.1,740.05,758.05,1969.0
2019-06-20 15:00:00,NSE:SMLISUZU,756.0,764.0,756.0,759.35,690.0
2019-06-21 09:00:00,NSE:SMLISUZU,756.7,764.7,756.0,757.0,764.0
2019-06-21 10:00:00,NSE:SMLISUZU,758.75,762.5,758.75,762.0,399.0
2019-06-21 11:00:00,NSE:SMLISUZU,764.0,764.0,762.0,762.0,332.0
2019-06-21 12:00:00,NSE:SMLISUZU,760.85,760.85,760.05,760.85,41.0
2019-06-21 13:00:00,NSE:SMLISUZU,762.35,762.7,759.0,760.0,93.0
2019-06-21 14:00:00,NSE:SMLISUZU,760.0,760.0,757.0,757.1,817.0
2019-06-21 15:00:00,NSE:SMLISUZU,757.1,760.0,757.0,757.0,476.0
2019-06-24 09:00:00,NSE:SMLISUZU,758.05,758.05,756.0,756.0,55.0
2019-06-24 10:00:00,NSE:SMLISUZU,756.0,756.0,756.0,756.0,108.0
2019-06-24 11:00:00,NSE:SMLISUZU,756.0,760.85,756.0,760.05,251.0
2019-06-24 12:00:00,NSE:SMLISUZU,760.1,760.1,756.0,757.15,290.0
2019-06-24 13:00:00,NSE:SMLISUZU,756.0,759.0,756.0,758.0,669.0
2019-06-24 14:00:00,NSE:SMLISUZU,758.0,758.0,754.0,755.9,481.0
2019-06-24 15:00:00,NSE:SMLISUZU,755.95,758.0,752.2,755.75,1617.0
2019-06-25 09:00:00,NSE:SMLISUZU,754.1,754.1,750.0,752.5,874.0
2019-06-25 10:00:00,NSE:SMLISUZU,753.9,774.9,750.05,752.0,2916.0
2019-06-25 11:00:00,NSE:SMLISUZU,753.1,770.35,752.5,769.0,980.0
2019-06-25 12:00:00,NSE:SMLISUZU,768.05,773.8,767.0,771.15,642.0
2019-06-25 13:00:00,NSE:SMLISUZU,771.85,771.85,768.45,770.0,68.0
2019-06-25 14:00:00,NSE:SMLISUZU,770.0,771.15,765.0,765.0,455.0
2019-06-25 15:00:00,NSE:SMLISUZU,766.0,771.9,766.0,770.0,1257.0
2019-06-26 09:00:00,NSE:SMLISUZU,777.95,777.95,770.0,770.2,1140.0
2019-06-26 10:00:00,NSE:SMLISUZU,770.1,770.45,768.8,769.05,336.0
2019-06-26 11:00:00,NSE:SMLISUZU,769.05,770.25,768.2,768.2,249.0
2019-06-26 12:00:00,NSE:SMLISUZU,768.2,772.95,768.2,770.0,568.0
2019-06-26 13:00:00,NSE:SMLISUZU,768.25,769.8,767.0,767.0,509.0
2019-06-26 14:00:00,NSE:SMLISUZU,767.0,769.15,765.8,766.0,1990.0
2019-06-26 15:00:00,NSE:SMLISUZU,766.1,771.75,765.0,765.15,984.0
2019-06-27 09:00:00,NSE:SMLISUZU,784.0,784.0,768.9,774.65,914.0
2019-06-27 10:00:00,NSE:SMLISUZU,774.9,780.0,772.0,778.05,2023.0
2019-06-27 11:00:00,NSE:SMLISUZU,776.0,777.4,768.1,772.45,694.0
2019-06-27 12:00:00,NSE:SMLISUZU,771.1,773.45,769.9,769.9,615.0
2019-06-27 13:00:00,NSE:SMLISUZU,769.95,769.95,758.6,763.05,439.0
2019-06-27 14:00:00,NSE:SMLISUZU,763.0,766.95,755.0,762.45,1335.0
2019-06-27 15:00:00,NSE:SMLISUZU,761.3,763.0,754.0,758.3,883.0
2019-06-28 09:00:00,NSE:SMLISUZU,760.85,767.6,760.85,761.55,332.0
2019-06-28 10:00:00,NSE:SMLISUZU,760.3,763.1,760.2,761.0,554.0
2019-06-28 11:00:00,NSE:SMLISUZU,761.0,763.0,760.6,761.5,97.0
2019-06-28 12:00:00,NSE:SMLISUZU,761.0,762.5,761.0,761.95,97.0
2019-06-28 13:00:00,NSE:SMLISUZU,761.45,761.9,760.2,760.2,324.0
2019-06-28 14:00:00,NSE:SMLISUZU,760.2,762.25,750.05,750.35,557.0
2019-06-28 15:00:00,NSE:SMLISUZU,749.2,751.15,740.0,746.45,1043.0
2019-07-01 09:00:00,NSE:SMLISUZU,730.3,755.9,730.3,753.05,585.0
2019-07-01 10:00:00,NSE:SMLISUZU,755.5,755.5,748.1,753.55,181.0
2019-07-01 11:00:00,NSE:SMLISUZU,752.05,754.8,750.05,751.65,521.0
2019-07-01 12:00:00,NSE:SMLISUZU,753.5,754.95,745.05,746.95,679.0
2019-07-01 13:00:00,NSE:SMLISUZU,748.1,763.0,748.1,758.0,1166.0
2019-07-01 14:00:00,NSE:SMLISUZU,756.85,759.0,748.05,750.5,764.0
2019-07-01 15:00:00,NSE:SMLISUZU,750.5,760.0,750.5,755.6,731.0
2019-07-02 09:00:00,NSE:SMLISUZU,735.05,746.05,735.05,739.0,2762.0
2019-07-02 10:00:00,NSE:SMLISUZU,739.05,744.95,739.05,740.15,845.0
2019-07-02 11:00:00,NSE:SMLISUZU,740.15,742.0,739.15,739.5,364.0
2019-07-02 12:00:00,NSE:SMLISUZU,739.5,741.3,729.0,731.8,1934.0
2019-07-02 13:00:00,NSE:SMLISUZU,731.8,738.7,731.8,734.95,527.0
2019-07-02 14:00:00,NSE:SMLISUZU,733.15,733.2,729.05,730.7,1320.0
2019-07-02 15:00:00,NSE:SMLISUZU,730.05,731.95,726.25,729.75,1134.0
2019-07-03 09:00:00,NSE:SMLISUZU,734.9,736.9,730.6,733.35,548.0
2019-07-03 10:00:00,NSE:SMLISUZU,731.55,736.95,730.0,734.15,304.0
2019-07-03 11:00:00,NSE:SMLISUZU,735.45,740.95,733.45,738.6,425.0
2019-07-03 12:00:00,NSE:SMLISUZU,739.3,739.8,732.0,734.75,211.0
2019-07-03 13:00:00,NSE:SMLISUZU,734.4,738.65,731.1,735.0,389.0
2019-07-03 14:00:00,NSE:SMLISUZU,735.85,735.85,731.7,732.05,161.0
2019-07-03 15:00:00,NSE:SMLISUZU,733.7,733.95,730.0,730.9,322.0
2019-07-04 09:00:00,NSE:SMLISUZU,735.1,742.0,735.1,739.2,402.0
2019-07-04 10:00:00,NSE:SMLISUZU,738.6,739.05,734.05,734.85,199.0
2019-07-04 11:00:00,NSE:SMLISUZU,734.85,735.0,729.95,734.1,262.0
2019-07-04 12:00:00,NSE:SMLISUZU,732.4,733.15,730.0,732.0,401.0
2019-07-04 13:00:00,NSE:SMLISUZU,729.5,732.9,725.1,726.05,553.0
2019-07-04 14:00:00,NSE:SMLISUZU,729.45,729.85,726.0,726.0,176.0
2019-07-04 15:00:00,NSE:SMLISUZU,728.6,731.15,725.0,726.65,444.0
2019-07-05 09:00:00,NSE:SMLISUZU,727.0,735.15,724.5,727.4,299.0
2019-07-05 10:00:00,NSE:SMLISUZU,725.0,729.0,723.0,727.0,194.0
2019-07-05 11:00:00,NSE:SMLISUZU,727.75,729.55,725.0,726.0,433.0
2019-07-05 12:00:00,NSE:SMLISUZU,726.0,735.15,726.0,728.0,238.0
2019-07-05 13:00:00,NSE:SMLISUZU,728.05,729.9,723.0,723.0,432.0
2019-07-05 14:00:00,NSE:SMLISUZU,726.95,726.95,720.0,720.0,730.0
2019-07-05 15:00:00,NSE:SMLISUZU,720.0,720.85,699.9,709.55,2099.0
2019-07-08 09:00:00,NSE:SMLISUZU,705.0,705.2,687.9,700.1,831.0
2019-07-08 10:00:00,NSE:SMLISUZU,697.6,700.7,685.75,686.05,1632.0
2019-07-08 11:00:00,NSE:SMLISUZU,686.0,687.9,682.0,687.0,1493.0
2019-07-08 12:00:00,NSE:SMLISUZU,687.0,690.0,680.1,680.35,548.0
2019-07-08 13:00:00,NSE:SMLISUZU,681.0,682.95,675.15,677.8,564.0
2019-07-08 14:00:00,NSE:SMLISUZU,679.95,680.0,676.0,678.0,490.0
2019-07-08 15:00:00,NSE:SMLISUZU,677.9,680.0,675.0,676.15,564.0
2019-07-09 09:00:00,NSE:SMLISUZU,671.95,683.05,666.85,678.4,785.0
2019-07-09 10:00:00,NSE:SMLISUZU,678.05,679.8,675.0,677.0,342.0
2019-07-09 11:00:00,NSE:SMLISUZU,677.0,683.9,674.1,683.9,1203.0
2019-07-09 12:00:00,NSE:SMLISUZU,685.8,712.6,679.85,685.25,2985.0
2019-07-09 13:00:00,NSE:SMLISUZU,687.15,690.25,681.8,684.0,243.0
2019-07-09 14:00:00,NSE:SMLISUZU,682.0,684.0,670.95,675.0,586.0
2019-07-09 15:00:00,NSE:SMLISUZU,672.75,678.45,671.0,675.0,783.0
2019-07-10 09:00:00,NSE:SMLISUZU,679.6,682.15,671.85,672.15,377.0
2019-07-10 10:00:00,NSE:SMLISUZU,674.95,675.85,670.9,671.9,258.0
2019-07-10 11:00:00,NSE:SMLISUZU,675.8,679.45,675.0,675.05,310.0
2019-07-10 12:00:00,NSE:SMLISUZU,675.0,675.75,666.0,668.0,458.0
2019-07-10 13:00:00,NSE:SMLISUZU,666.3,668.95,665.0,666.3,309.0
2019-07-10 14:00:00,NSE:SMLISUZU,666.45,672.2,666.05,669.55,957.0
2019-07-10 15:00:00,NSE:SMLISUZU,669.65,679.45,669.05,678.7,593.0
2019-07-11 09:00:00,NSE:SMLISUZU,684.95,684.95,675.5,676.85,285.0
2019-07-11 10:00:00,NSE:SMLISUZU,676.85,712.0,676.85,694.95,2781.0
2019-07-11 11:00:00,NSE:SMLISUZU,697.0,697.0,690.0,690.0,890.0
2019-07-11 12:00:00,NSE:SMLISUZU,690.0,690.0,682.45,690.0,405.0
2019-07-11 13:00:00,NSE:SMLISUZU,684.95,686.4,681.2,683.1,729.0
2019-07-11 14:00:00,NSE:SMLISUZU,684.85,685.7,680.6,683.95,326.0
2019-07-11 15:00:00,NSE:SMLISUZU,683.0,688.95,681.0,682.95,841.0
2019-07-12 09:00:00,NSE:SMLISUZU,684.9,690.95,679.25,679.25,272.0
2019-07-12 10:00:00,NSE:SMLISUZU,680.0,682.95,675.45,679.5,656.0
2019-07-12 11:00:00,NSE:SMLISUZU,679.5,682.45,678.0,681.0,303.0
2019-07-12 12:00:00,NSE:SMLISUZU,681.0,683.8,681.0,681.2,238.0
2019-07-12 13:00:00,NSE:SMLISUZU,684.0,684.05,681.2,681.3,254.0
2019-07-12 14:00:00,NSE:SMLISUZU,681.3,683.85,680.65,682.0,1161.0
2019-07-12 15:00:00,NSE:SMLISUZU,681.95,688.95,672.35,679.25,1202.0
2019-07-15 09:00:00,NSE:SMLISUZU,683.7,683.7,661.0,671.0,923.0
2019-07-15 10:00:00,NSE:SMLISUZU,671.0,672.85,668.2,670.35,143.0
2019-07-15 11:00:00,NSE:SMLISUZU,670.35,675.45,670.1,672.4,276.0
2019-07-15 12:00:00,NSE:SMLISUZU,669.95,670.0,655.0,662.95,3873.0
2019-07-15 13:00:00,NSE:SMLISUZU,660.35,667.95,660.35,661.85,102.0
2019-07-15 14:00:00,NSE:SMLISUZU,663.5,667.0,661.85,665.0,229.0
2019-07-15 15:00:00,NSE:SMLISUZU,663.1,666.85,660.0,661.6,810.0
2019-07-16 09:00:00,NSE:SMLISUZU,661.65,667.15,661.65,665.1,198.0
2019-07-16 10:00:00,NSE:SMLISUZU,665.5,665.5,663.6,664.0,167.0
2019-07-16 11:00:00,NSE:SMLISUZU,664.05,665.05,655.0,665.0,336.0
2019-07-16 12:00:00,NSE:SMLISUZU,665.0,665.0,662.55,664.6,49.0
2019-07-16 13:00:00,NSE:SMLISUZU,663.4,665.3,661.6,664.1,148.0
2019-07-16 14:00:00,NSE:SMLISUZU,664.1,664.1,660.0,660.5,166.0
2019-07-16 15:00:00,NSE:SMLISUZU,661.0,665.0,657.0,662.3,981.0
2019-07-17 09:00:00,NSE:SMLISUZU,670.05,670.05,662.0,663.8,311.0
2019-07-17 10:00:00,NSE:SMLISUZU,663.95,670.0,663.75,668.1,791.0
2019-07-17 11:00:00,NSE:SMLISUZU,669.0,669.0,668.0,668.0,76.0
2019-07-17 12:00:00,NSE:SMLISUZU,668.0,668.0,665.2,665.2,81.0
2019-07-17 13:00:00,NSE:SMLISUZU,666.95,666.95,660.05,663.05,296.0
2019-07-17 14:00:00,NSE:SMLISUZU,664.75,669.55,664.75,667.95,1765.0
2019-07-17 15:00:00,NSE:SMLISUZU,665.1,666.7,654.05,660.8,1148.0
2019-07-18 09:00:00,NSE:SMLISUZU,657.45,661.55,655.15,661.55,292.0
2019-07-18 10:00:00,NSE:SMLISUZU,665.0,665.6,662.0,662.05,171.0
2019-07-18 11:00:00,NSE:SMLISUZU,662.0,662.7,660.0,662.3,349.0
2019-07-18 12:00:00,NSE:SMLISUZU,662.3,662.3,658.15,658.15,225.0
2019-07-18 13:00:00,NSE:SMLISUZU,658.2,662.45,653.8,657.0,678.0
2019-07-18 14:00:00,NSE:SMLISUZU,654.8,654.9,651.2,654.85,229.0
2019-07-18 15:00:00,NSE:SMLISUZU,652.0,662.0,651.0,654.35,702.0
2019-07-19 09:00:00,NSE:SMLISUZU,652.0,660.95,647.8,648.0,496.0
2019-07-19 10:00:00,NSE:SMLISUZU,648.0,651.85,645.2,651.85,197.0
2019-07-19 11:00:00,NSE:SMLISUZU,650.0,650.0,645.2,645.2,395.0
2019-07-19 12:00:00,NSE:SMLISUZU,645.2,647.65,645.2,647.65,201.0
2019-07-19 13:00:00,NSE:SMLISUZU,646.05,648.45,645.2,645.25,211.0
2019-07-19 14:00:00,NSE:SMLISUZU,642.65,647.65,641.6,644.25,266.0
2019-07-19 15:00:00,NSE:SMLISUZU,644.25,644.25,642.0,642.0,377.0
2019-07-22 09:00:00,NSE:SMLISUZU,640.0,646.9,630.0,638.4,644.0
2019-07-22 10:00:00,NSE:SMLISUZU,635.9,640.6,634.85,639.15,349.0
2019-07-22 11:00:00,NSE:SMLISUZU,636.0,639.15,635.75,635.75,48.0
2019-07-22 12:00:00,NSE:SMLISUZU,638.95,638.95,630.0,632.5,272.0
2019-07-22 13:00:00,NSE:SMLISUZU,630.0,632.5,627.05,627.85,581.0
2019-07-22 14:00:00,NSE:SMLISUZU,630.0,630.65,611.0,621.45,1369.0
2019-07-22 15:00:00,NSE:SMLISUZU,621.75,621.75,615.0,620.0,431.0
2019-07-23 09:00:00,NSE:SMLISUZU,649.9,649.9,612.55,631.15,658.0
2019-07-23 10:00:00,NSE:SMLISUZU,635.0,641.0,634.0,636.1,1003.0
2019-07-23 11:00:00,NSE:SMLISUZU,638.45,640.25,635.2,636.9,1032.0
2019-07-23 12:00:00,NSE:SMLISUZU,638.05,640.9,634.0,639.15,355.0
2019-07-23 13:00:00,NSE:SMLISUZU,639.15,640.65,638.05,639.0,467.0
2019-07-23 14:00:00,NSE:SMLISUZU,640.7,647.9,638.45,639.0,1121.0
2019-07-23 15:00:00,NSE:SMLISUZU,639.1,654.95,638.0,640.0,1611.0
2019-07-24 09:00:00,NSE:SMLISUZU,642.0,642.0,638.65,640.0,433.0
2019-07-24 10:00:00,NSE:SMLISUZU,640.0,641.95,640.0,640.0,182.0
2019-07-24 11:00:00,NSE:SMLISUZU,642.5,645.95,642.5,643.05,90.0
2019-07-24 12:00:00,NSE:SMLISUZU,645.0,652.65,645.0,645.2,505.0
2019-07-24 13:00:00,NSE:SMLISUZU,642.95,643.0,628.05,630.0,3364.0
2019-07-24 14:00:00,NSE:SMLISUZU,632.9,641.85,632.9,637.9,531.0
2019-07-24 15:00:00,NSE:SMLISUZU,638.0,649.85,635.0,635.0,357.0
2019-07-25 09:00:00,NSE:SMLISUZU,644.4,644.4,639.3,640.25,108.0
2019-07-25 10:00:00,NSE:SMLISUZU,638.95,638.95,629.05,629.95,679.0
2019-07-25 11:00:00,NSE:SMLISUZU,629.95,630.0,625.0,625.1,1138.0
2019-07-25 12:00:00,NSE:SMLISUZU,625.1,630.0,610.0,618.3,5645.0
2019-07-25 13:00:00,NSE:SMLISUZU,618.3,623.0,615.05,620.6,663.0
2019-07-25 14:00:00,NSE:SMLISUZU,622.55,629.0,615.0,624.0,570.0
2019-07-25 15:00:00,NSE:SMLISUZU,620.55,621.55,615.0,618.0,626.0
2019-07-26 09:00:00,NSE:SMLISUZU,617.0,624.95,613.0,621.45,2097.0
2019-07-26 10:00:00,NSE:SMLISUZU,620.95,623.0,617.0,621.0,470.0
2019-07-26 11:00:00,NSE:SMLISUZU,622.0,630.0,620.1,623.05,1444.0
2019-07-26 12:00:00,NSE:SMLISUZU,626.95,628.9,617.25,621.25,572.0
2019-07-26 13:00:00,NSE:SMLISUZU,627.25,627.25,618.85,621.65,372.0
2019-07-26 14:00:00,NSE:SMLISUZU,620.0,625.25,620.0,620.3,436.0
2019-07-26 15:00:00,NSE:SMLISUZU,620.35,625.0,616.95,620.7,1259.0
2019-07-29 09:00:00,NSE:SMLISUZU,617.2,623.0,608.0,609.9,881.0
2019-07-29 10:00:00,NSE:SMLISUZU,610.0,611.0,595.1,604.2,3261.0
2019-07-29 11:00:00,NSE:SMLISUZU,604.25,604.25,596.1,596.65,203.0
2019-07-29 12:00:00,NSE:SMLISUZU,600.85,602.6,598.05,599.1,100.0
2019-07-29 13:00:00,NSE:SMLISUZU,603.4,604.0,600.05,601.95,567.0
2019-07-29 14:00:00,NSE:SMLISUZU,601.05,601.05,593.4,593.45,821.0
2019-07-29 15:00:00,NSE:SMLISUZU,597.15,598.9,587.1,592.7,2089.0
2019-07-30 09:00:00,NSE:SMLISUZU,592.7,596.05,585.1,591.0,867.0
2019-07-30 10:00:00,NSE:SMLISUZU,589.7,592.15,581.1,583.95,714.0
2019-07-30 11:00:00,NSE:SMLISUZU,581.2,583.95,570.0,575.95,2291.0
2019-07-30 12:00:00,NSE:SMLISUZU,575.95,577.4,570.0,571.6,363.0
2019-07-30 13:00:00,NSE:SMLISUZU,572.0,574.9,570.1,572.3,186.0
2019-07-30 14:00:00,NSE:SMLISUZU,573.05,573.05,565.05,566.05,587.0
2019-07-30 15:00:00,NSE:SMLISUZU,568.95,574.0,561.1,568.1,617.0
2019-07-31 09:00:00,NSE:SMLISUZU,568.0,568.0,554.7,563.0,1479.0
2019-07-31 10:00:00,NSE:SMLISUZU,563.0,564.95,560.3,561.7,462.0
2019-07-31 11:00:00,NSE:SMLISUZU,563.9,572.95,563.9,569.0,575.0
2019-07-31 12:00:00,NSE:SMLISUZU,569.5,574.3,564.55,572.0,1242.0
2019-07-31 13:00:00,NSE:SMLISUZU,573.0,574.0,573.0,573.0,366.0
2019-07-31 14:00:00,NSE:SMLISUZU,573.0,574.9,570.0,570.0,1155.0
2019-07-31 15:00:00,NSE:SMLISUZU,570.65,579.95,568.0,571.7,913.0
2019-08-01 09:00:00,NSE:SMLISUZU,575.3,590.85,575.3,582.1,1356.0
2019-08-01 10:00:00,NSE:SMLISUZU,585.0,585.0,576.2,576.2,498.0
2019-08-01 11:00:00,NSE:SMLISUZU,576.25,578.75,576.2,576.3,367.0
2019-08-01 12:00:00,NSE:SMLISUZU,576.3,577.45,574.9,577.45,1088.0
2019-08-01 13:00:00,NSE:SMLISUZU,578.0,578.0,572.3,573.75,856.0
2019-08-01 14:00:00,NSE:SMLISUZU,573.0,575.95,560.0,567.7,8121.0
2019-08-01 15:00:00,NSE:SMLISUZU,568.4,585.0,568.0,580.0,3833.0
2019-08-02 09:00:00,NSE:SMLISUZU,578.0,578.0,555.25,557.1,588.0
2019-08-02 10:00:00,NSE:SMLISUZU,560.0,560.0,556.0,559.15,424.0
2019-08-02 11:00:00,NSE:SMLISUZU,556.55,570.0,556.55,568.75,1297.0
2019-08-02 12:00:00,NSE:SMLISUZU,568.0,569.0,560.0,562.95,598.0
2019-08-02 13:00:00,NSE:SMLISUZU,560.5,566.5,560.25,566.5,185.0
2019-08-02 14:00:00,NSE:SMLISUZU,566.6,568.0,564.0,564.85,590.0
2019-08-02 15:00:00,NSE:SMLISUZU,564.0,564.0,555.05,557.9,1512.0
2019-08-05 09:00:00,NSE:SMLISUZU,557.0,557.0,549.85,550.05,905.0
2019-08-05 10:00:00,NSE:SMLISUZU,551.95,557.2,549.75,555.2,1335.0
2019-08-05 11:00:00,NSE:SMLISUZU,553.0,554.15,550.0,550.1,719.0
2019-08-05 12:00:00,NSE:SMLISUZU,551.5,553.75,551.5,552.0,169.0
2019-08-05 13:00:00,NSE:SMLISUZU,553.75,554.2,552.0,554.2,246.0
2019-08-05 14:00:00,NSE:SMLISUZU,552.5,559.95,552.15,554.3,1148.0
2019-08-05 15:00:00,NSE:SMLISUZU,555.0,555.0,551.5,553.15,471.0
2019-08-06 09:00:00,NSE:SMLISUZU,554.7,566.9,554.7,562.0,465.0
2019-08-06 10:00:00,NSE:SMLISUZU,560.0,560.95,558.0,560.9,285.0
2019-08-06 11:00:00,NSE:SMLISUZU,560.9,564.0,556.55,559.9,473.0
2019-08-06 12:00:00,NSE:SMLISUZU,560.0,565.5,558.2,565.0,258.0
2019-08-06 13:00:00,NSE:SMLISUZU,565.0,565.9,559.55,560.15,285.0
2019-08-06 14:00:00,NSE:SMLISUZU,563.2,567.0,563.2,567.0,1168.0
2019-08-06 15:00:00,NSE:SMLISUZU,565.05,566.5,559.0,566.5,1055.0
2019-08-07 09:00:00,NSE:SMLISUZU,574.0,578.2,570.8,577.65,795.0
2019-08-07 10:00:00,NSE:SMLISUZU,577.7,579.8,573.15,574.0,364.0
2019-08-07 11:00:00,NSE:SMLISUZU,576.6,576.6,573.0,574.85,386.0
2019-08-07 12:00:00,NSE:SMLISUZU,570.0,572.9,556.55,558.7,1567.0
2019-08-07 13:00:00,NSE:SMLISUZU,559.2,559.95,550.0,553.55,1099.0
2019-08-07 14:00:00,NSE:SMLISUZU,551.95,557.4,551.95,552.9,661.0
2019-08-07 15:00:00,NSE:SMLISUZU,553.8,555.0,550.0,550.5,2059.0
2019-08-08 09:00:00,NSE:SMLISUZU,555.05,557.85,550.55,553.95,256.0
2019-08-08 10:00:00,NSE:SMLISUZU,553.55,558.0,548.3,553.45,699.0
2019-08-08 11:00:00,NSE:SMLISUZU,554.2,555.65,553.0,554.3,304.0
2019-08-08 12:00:00,NSE:SMLISUZU,554.0,554.9,553.0,553.0,91.0
2019-08-08 13:00:00,NSE:SMLISUZU,553.1,555.6,551.0,552.55,726.0
2019-08-08 14:00:00,NSE:SMLISUZU,553.25,555.75,551.3,554.0,556.0
2019-08-08 15:00:00,NSE:SMLISUZU,551.5,557.0,550.0,553.4,2140.0
2019-08-09 09:00:00,NSE:SMLISUZU,554.2,560.05,554.2,559.35,720.0
2019-08-09 10:00:00,NSE:SMLISUZU,557.2,569.0,556.0,564.9,723.0
2019-08-09 11:00:00,NSE:SMLISUZU,568.0,573.5,563.5,573.5,2076.0
2019-08-09 12:00:00,NSE:SMLISUZU,575.0,578.15,568.0,574.3,2003.0
2019-08-09 13:00:00,NSE:SMLISUZU,573.05,578.0,571.55,577.45,807.0
2019-08-09 14:00:00,NSE:SMLISUZU,576.5,576.65,568.3,572.2,576.0
2019-08-09 15:00:00,NSE:SMLISUZU,569.1,576.7,565.6,570.3,868.0
2019-08-13 09:00:00,NSE:SMLISUZU,575.0,582.95,570.0,573.05,252.0
2019-08-13 10:00:00,NSE:SMLISUZU,575.0,582.85,574.95,579.0,295.0
2019-08-13 11:00:00,NSE:SMLISUZU,577.0,579.0,576.0,576.05,298.0
2019-08-13 12:00:00,NSE:SMLISUZU,578.9,578.9,576.0,576.1,126.0
2019-08-13 13:00:00,NSE:SMLISUZU,576.0,578.2,575.0,577.45,289.0
2019-08-13 14:00:00,NSE:SMLISUZU,575.0,579.0,574.55,577.3,1412.0
2019-08-13 15:00:00,NSE:SMLISUZU,577.3,582.2,576.0,578.85,764.0
2019-08-14 09:00:00,NSE:SMLISUZU,579.0,582.1,569.75,569.8,367.0
2019-08-14 10:00:00,NSE:SMLISUZU,569.95,574.0,565.0,567.45,1011.0
2019-08-14 11:00:00,NSE:SMLISUZU,571.35,573.0,567.5,568.4,180.0
2019-08-14 12:00:00,NSE:SMLISUZU,568.2,575.0,568.2,571.7,367.0
2019-08-14 13:00:00,NSE:SMLISUZU,573.0,575.0,556.4,567.05,1464.0
2019-08-14 14:00:00,NSE:SMLISUZU,565.0,572.25,565.0,565.0,453.0
2019-08-14 15:00:00,NSE:SMLISUZU,567.95,569.65,559.0,561.95,2206.0
2019-08-16 09:00:00,NSE:SMLISUZU,563.2,572.15,550.05,562.5,1854.0
2019-08-16 10:00:00,NSE:SMLISUZU,562.5,590.2,562.5,586.4,3116.0
2019-08-16 11:00:00,NSE:SMLISUZU,584.0,585.9,581.6,581.6,421.0
2019-08-16 12:00:00,NSE:SMLISUZU,581.9,645.4,579.1,624.25,21048.0
2019-08-16 13:00:00,NSE:SMLISUZU,623.05,642.95,618.9,635.0,5149.0
2019-08-16 14:00:00,NSE:SMLISUZU,631.85,664.0,631.05,650.0,30570.0
2019-08-16 15:00:00,NSE:SMLISUZU,650.9,655.0,635.1,644.5,13725.0
2019-08-19 09:00:00,NSE:SMLISUZU,645.0,657.0,633.25,638.95,5751.0
2019-08-19 10:00:00,NSE:SMLISUZU,638.95,639.0,623.6,628.0,3225.0
2019-08-19 11:00:00,NSE:SMLISUZU,628.0,632.0,620.0,623.0,1809.0
2019-08-19 12:00:00,NSE:SMLISUZU,625.0,629.95,623.25,626.0,617.0
2019-08-19 13:00:00,NSE:SMLISUZU,626.05,629.0,623.6,625.4,701.0
2019-08-19 14:00:00,NSE:SMLISUZU,625.4,625.4,611.05,616.0,2198.0
2019-08-19 15:00:00,NSE:SMLISUZU,614.15,619.0,612.0,614.1,1254.0
2019-08-20 09:00:00,NSE:SMLISUZU,605.2,621.95,605.2,607.05,1072.0
2019-08-20 10:00:00,NSE:SMLISUZU,608.25,611.0,604.05,605.05,483.0
2019-08-20 11:00:00,NSE:SMLISUZU,606.9,611.9,606.9,610.7,359.0
2019-08-20 12:00:00,NSE:SMLISUZU,611.8,611.8,604.0,605.1,349.0
2019-08-20 13:00:00,NSE:SMLISUZU,607.85,612.0,602.45,604.2,883.0
2019-08-20 14:00:00,NSE:SMLISUZU,608.55,608.55,602.4,602.4,247.0
2019-08-20 15:00:00,NSE:SMLISUZU,605.0,605.0,595.45,600.25,1093.0
2019-08-21 09:00:00,NSE:SMLISUZU,600.25,642.1,600.25,634.0,6470.0
2019-08-21 10:00:00,NSE:SMLISUZU,633.3,658.0,625.0,632.95,21866.0
2019-08-21 11:00:00,NSE:SMLISUZU,633.0,637.15,626.0,626.0,1526.0
2019-08-21 12:00:00,NSE:SMLISUZU,626.0,630.0,620.45,625.15,2534.0
2019-08-21 13:00:00,NSE:SMLISUZU,625.1,629.7,623.15,624.4,614.0
2019-08-21 14:00:00,NSE:SMLISUZU,623.1,629.2,621.55,623.4,1304.0
2019-08-21 15:00:00,NSE:SMLISUZU,623.45,623.45,614.0,618.05,3828.0
2019-08-22 09:00:00,NSE:SMLISUZU,615.0,615.0,601.9,609.8,980.0
2019-08-22 10:00:00,NSE:SMLISUZU,606.0,609.45,594.0,595.9,1427.0
2019-08-22 11:00:00,NSE:SMLISUZU,595.05,606.05,595.0,606.05,438.0
2019-08-22 12:00:00,NSE:SMLISUZU,606.45,607.95,603.1,604.95,271.0
2019-08-22 13:00:00,NSE:SMLISUZU,606.4,606.4,600.0,602.05,154.0
2019-08-22 14:00:00,NSE:SMLISUZU,600.0,600.0,595.0,596.25,492.0
2019-08-22 15:00:00,NSE:SMLISUZU,596.0,608.0,584.1,595.75,3420.0
2019-08-23 09:00:00,NSE:SMLISUZU,586.6,605.25,586.6,605.15,1574.0
2019-08-23 10:00:00,NSE:SMLISUZU,623.0,623.85,600.05,604.45,1661.0
2019-08-23 11:00:00,NSE:SMLISUZU,604.45,604.45,600.0,603.85,403.0
2019-08-23 12:00:00,NSE:SMLISUZU,600.85,600.85,598.4,598.4,168.0
2019-08-23 13:00:00,NSE:SMLISUZU,601.05,610.0,598.4,609.05,577.0
2019-08-23 14:00:00,NSE:SMLISUZU,609.0,611.9,606.5,606.5,299.0
2019-08-23 15:00:00,NSE:SMLISUZU,606.5,609.0,603.0,605.95,976.0
2019-08-26 09:00:00,NSE:SMLISUZU,624.0,634.4,610.0,616.0,3796.0
2019-08-26 10:00:00,NSE:SMLISUZU,616.0,624.5,610.0,619.15,1706.0
2019-08-26 11:00:00,NSE:SMLISUZU,619.15,629.0,616.3,624.55,1391.0
2019-08-26 12:00:00,NSE:SMLISUZU,626.0,627.35,621.4,623.8,445.0
2019-08-26 13:00:00,NSE:SMLISUZU,621.45,624.0,620.0,621.0,475.0
2019-08-26 14:00:00,NSE:SMLISUZU,621.0,623.8,620.0,620.0,996.0
2019-08-26 15:00:00,NSE:SMLISUZU,620.0,622.0,612.1,613.55,2759.0
2019-08-27 09:00:00,NSE:SMLISUZU,623.0,644.0,618.05,641.95,3165.0
2019-08-27 10:00:00,NSE:SMLISUZU,641.0,641.0,633.0,633.0,474.0
2019-08-27 11:00:00,NSE:SMLISUZU,633.0,636.9,630.0,634.5,755.0
2019-08-27 12:00:00,NSE:SMLISUZU,634.5,640.5,634.5,635.5,1713.0
2019-08-27 13:00:00,NSE:SMLISUZU,639.0,639.0,630.0,632.6,557.0
2019-08-27 14:00:00,NSE:SMLISUZU,632.85,634.85,630.35,632.05,653.0
2019-08-27 15:00:00,NSE:SMLISUZU,633.55,635.55,630.0,631.0,768.0
2019-08-28 09:00:00,NSE:SMLISUZU,637.0,638.9,630.15,630.5,416.0
2019-08-28 10:00:00,NSE:SMLISUZU,629.0,630.8,626.45,628.25,218.0
2019-08-28 11:00:00,NSE:SMLISUZU,631.7,631.7,625.0,625.05,561.0
2019-08-28 12:00:00,NSE:SMLISUZU,625.0,630.0,625.0,628.2,311.0
2019-08-28 13:00:00,NSE:SMLISUZU,627.55,629.95,620.4,627.2,871.0
2019-08-28 14:00:00,NSE:SMLISUZU,629.5,629.5,611.55,616.3,905.0
2019-08-28 15:00:00,NSE:SMLISUZU,616.75,619.95,612.0,615.95,1141.0
2019-08-29 09:00:00,NSE:SMLISUZU,629.9,629.9,609.8,618.6,378.0
2019-08-29 10:00:00,NSE:SMLISUZU,619.3,624.55,616.35,616.45,415.0
2019-08-29 11:00:00,NSE:SMLISUZU,615.5,617.0,608.6,609.0,716.0
2019-08-29 12:00:00,NSE:SMLISUZU,609.0,615.0,607.0,614.8,436.0
2019-08-29 13:00:00,NSE:SMLISUZU,612.05,612.05,607.8,611.55,79.0
2019-08-29 14:00:00,NSE:SMLISUZU,611.8,615.0,610.0,610.0,1071.0
2019-08-29 15:00:00,NSE:SMLISUZU,606.3,611.0,600.1,605.9,820.0
2019-08-30 09:00:00,NSE:SMLISUZU,617.7,620.0,613.6,618.05,385.0
2019-08-30 10:00:00,NSE:SMLISUZU,617.7,617.7,590.4,603.3,1354.0
2019-08-30 11:00:00,NSE:SMLISUZU,602.0,603.4,596.0,599.2,157.0
2019-08-30 12:00:00,NSE:SMLISUZU,599.5,599.5,595.5,597.45,144.0
2019-08-30 13:00:00,NSE:SMLISUZU,597.75,602.0,597.0,601.75,336.0
2019-08-30 14:00:00,NSE:SMLISUZU,597.55,602.55,595.05,600.0,479.0
2019-08-30 15:00:00,NSE:SMLISUZU,600.15,600.15,595.2,597.65,1093.0
2019-09-03 09:00:00,NSE:SMLISUZU,601.0,621.0,601.0,606.7,1127.0
2019-09-03 10:00:00,NSE:SMLISUZU,605.4,607.45,601.0,603.6,298.0
2019-09-03 11:00:00,NSE:SMLISUZU,604.0,606.75,603.0,605.8,142.0
2019-09-03 12:00:00,NSE:SMLISUZU,605.0,606.95,602.2,606.95,364.0
2019-09-03 13:00:00,NSE:SMLISUZU,605.05,606.55,603.05,603.1,256.0
2019-09-03 14:00:00,NSE:SMLISUZU,603.2,603.2,590.15,594.05,1649.0
2019-09-03 15:00:00,NSE:SMLISUZU,595.9,595.9,585.7,589.55,714.0
2019-09-04 09:00:00,NSE:SMLISUZU,605.5,605.5,586.05,596.1,708.0
2019-09-04 10:00:00,NSE:SMLISUZU,596.05,596.1,585.0,587.25,861.0
2019-09-04 11:00:00,NSE:SMLISUZU,591.15,591.95,585.05,591.05,169.0
2019-09-04 12:00:00,NSE:SMLISUZU,591.1,603.95,591.1,597.0,551.0
2019-09-04 13:00:00,NSE:SMLISUZU,602.95,603.35,597.0,599.0,88.0
2019-09-04 14:00:00,NSE:SMLISUZU,597.15,599.0,595.0,598.85,139.0
2019-09-04 15:00:00,NSE:SMLISUZU,599.0,599.0,592.05,596.45,255.0
2019-09-05 09:00:00,NSE:SMLISUZU,605.15,605.15,598.45,599.9,221.0
2019-09-05 10:00:00,NSE:SMLISUZU,599.9,613.9,597.6,613.85,662.0
2019-09-05 11:00:00,NSE:SMLISUZU,612.0,628.85,607.0,611.5,2625.0
2019-09-05 12:00:00,NSE:SMLISUZU,614.3,616.2,611.55,614.55,108.0
2019-09-05 13:00:00,NSE:SMLISUZU,612.0,612.0,606.0,610.0,861.0
2019-09-05 14:00:00,NSE:SMLISUZU,610.0,612.95,610.0,611.05,56.0
2019-09-05 15:00:00,NSE:SMLISUZU,611.05,614.8,608.0,612.3,894.0
2019-09-06 09:00:00,NSE:SMLISUZU,615.45,622.0,605.05,614.9,704.0
2019-09-06 10:00:00,NSE:SMLISUZU,615.85,616.05,608.0,609.55,351.0
2019-09-06 11:00:00,NSE:SMLISUZU,610.15,613.6,607.8,610.3,149.0
2019-09-06 12:00:00,NSE:SMLISUZU,611.05,616.55,611.0,616.55,456.0
2019-09-06 13:00:00,NSE:SMLISUZU,616.55,638.4,612.05,637.0,6832.0
2019-09-06 14:00:00,NSE:SMLISUZU,632.55,634.95,619.0,619.0,3496.0
2019-09-06 15:00:00,NSE:SMLISUZU,618.95,624.5,618.0,620.1,1325.0
2019-09-09 09:00:00,NSE:SMLISUZU,622.0,622.0,605.65,617.0,2232.0
2019-09-09 10:00:00,NSE:SMLISUZU,617.6,628.75,617.0,619.9,635.0
2019-09-09 11:00:00,NSE:SMLISUZU,619.0,621.3,614.5,618.5,140.0
2019-09-09 12:00:00,NSE:SMLISUZU,618.5,619.6,617.05,619.05,59.0
2019-09-09 13:00:00,NSE:SMLISUZU,618.5,620.45,610.0,610.15,526.0
2019-09-09 14:00:00,NSE:SMLISUZU,610.5,612.2,605.05,607.0,995.0
2019-09-09 15:00:00,NSE:SMLISUZU,607.0,611.0,605.5,609.0,1078.0
2019-09-11 09:00:00,NSE:SMLISUZU,618.5,619.0,601.95,614.0,3503.0
2019-09-11 10:00:00,NSE:SMLISUZU,613.0,626.7,611.5,624.05,3629.0
2019-09-11 11:00:00,NSE:SMLISUZU,623.25,636.75,622.0,634.5,2607.0
2019-09-11 12:00:00,NSE:SMLISUZU,634.0,651.0,627.6,640.0,6703.0
2019-09-11 13:00:00,NSE:SMLISUZU,638.45,641.95,628.85,631.85,1985.0
2019-09-11 14:00:00,NSE:SMLISUZU,632.0,635.1,621.95,622.0,2067.0
2019-09-11 15:00:00,NSE:SMLISUZU,622.0,628.5,622.0,624.95,1268.0
2019-09-12 09:00:00,NSE:SMLISUZU,645.0,645.0,631.7,636.55,1092.0
2019-09-12 10:00:00,NSE:SMLISUZU,636.55,636.55,626.35,628.25,561.0
2019-09-12 11:00:00,NSE:SMLISUZU,630.95,631.0,621.15,625.0,1006.0
2019-09-12 12:00:00,NSE:SMLISUZU,625.0,625.0,623.0,624.0,589.0
2019-09-12 13:00:00,NSE:SMLISUZU,624.0,624.0,618.85,618.85,739.0
2019-09-12 14:00:00,NSE:SMLISUZU,622.0,623.15,618.0,620.0,413.0
2019-09-12 15:00:00,NSE:SMLISUZU,622.8,622.8,616.05,616.6,697.0
2019-09-13 09:00:00,NSE:SMLISUZU,620.6,626.85,620.05,621.0,439.0
2019-09-13 10:00:00,NSE:SMLISUZU,620.0,622.0,618.0,622.0,447.0
2019-09-13 11:00:00,NSE:SMLISUZU,620.0,620.0,618.9,619.95,63.0
2019-09-13 12:00:00,NSE:SMLISUZU,618.35,622.15,618.35,621.05,139.0
2019-09-13 13:00:00,NSE:SMLISUZU,621.9,624.5,621.05,623.4,269.0
2019-09-13 14:00:00,NSE:SMLISUZU,623.45,623.45,615.1,615.55,1406.0
2019-09-13 15:00:00,NSE:SMLISUZU,616.0,621.35,615.35,620.0,1162.0
2019-09-16 09:00:00,NSE:SMLISUZU,617.45,619.0,610.0,618.0,1925.0
2019-09-16 10:00:00,NSE:SMLISUZU,618.0,619.0,613.15,616.05,617.0
2019-09-16 11:00:00,NSE:SMLISUZU,616.2,618.95,614.05,614.05,559.0
2019-09-16 12:00:00,NSE:SMLISUZU,615.1,615.1,605.0,610.0,2116.0
2019-09-16 13:00:00,NSE:SMLISUZU,611.05,611.2,610.0,610.15,446.0
2019-09-16 14:00:00,NSE:SMLISUZU,611.55,617.0,602.65,603.35,4012.0
2019-09-16 15:00:00,NSE:SMLISUZU,602.7,604.0,600.0,601.9,2114.0
2019-09-17 09:00:00,NSE:SMLISUZU,619.9,620.0,610.1,611.0,4889.0
2019-09-17 10:00:00,NSE:SMLISUZU,611.0,614.05,604.05,606.8,2221.0
2019-09-17 11:00:00,NSE:SMLISUZU,606.7,608.4,602.65,603.3,1212.0
2019-09-17 12:00:00,NSE:SMLISUZU,603.1,603.95,600.0,601.4,1213.0
2019-09-17 13:00:00,NSE:SMLISUZU,601.75,603.1,592.3,595.05,2403.0
2019-09-17 14:00:00,NSE:SMLISUZU,595.75,597.35,590.1,590.35,2215.0
2019-09-17 15:00:00,NSE:SMLISUZU,590.35,591.85,582.65,587.95,2761.0
2019-09-18 09:00:00,NSE:SMLISUZU,586.55,596.0,575.35,581.65,2431.0
2019-09-18 10:00:00,NSE:SMLISUZU,581.65,581.75,576.05,581.25,935.0
2019-09-18 11:00:00,NSE:SMLISUZU,580.0,588.0,580.0,583.85,748.0
2019-09-18 12:00:00,NSE:SMLISUZU,583.85,590.0,580.9,585.0,2791.0
2019-09-18 13:00:00,NSE:SMLISUZU,583.85,587.0,583.3,585.0,285.0
2019-09-18 14:00:00,NSE:SMLISUZU,585.0,585.6,584.1,584.1,767.0
2019-09-18 15:00:00,NSE:SMLISUZU,584.1,584.1,573.15,576.85,2422.0
2019-09-19 09:00:00,NSE:SMLISUZU,577.3,577.35,571.0,572.0,1242.0
2019-09-19 10:00:00,NSE:SMLISUZU,572.7,574.1,558.1,562.1,1551.0
2019-09-19 11:00:00,NSE:SMLISUZU,565.4,566.35,562.1,565.0,422.0
2019-09-19 12:00:00,NSE:SMLISUZU,563.2,565.0,561.6,561.6,735.0
2019-09-19 13:00:00,NSE:SMLISUZU,561.8,562.5,561.0,561.95,773.0
2019-09-19 14:00:00,NSE:SMLISUZU,561.0,561.55,555.0,556.4,2189.0
2019-09-19 15:00:00,NSE:SMLISUZU,557.0,559.9,555.6,558.15,1032.0
2019-09-20 09:00:00,NSE:SMLISUZU,564.05,569.0,555.0,556.6,3883.0
2019-09-20 10:00:00,NSE:SMLISUZU,555.0,571.05,536.8,554.9,10330.0
2019-09-20 11:00:00,NSE:SMLISUZU,554.85,589.9,552.15,584.0,14940.0
2019-09-20 12:00:00,NSE:SMLISUZU,583.05,594.85,572.65,580.3,10430.0
2019-09-20 13:00:00,NSE:SMLISUZU,579.4,608.0,574.55,590.1,21613.0
2019-09-20 14:00:00,NSE:SMLISUZU,590.1,592.9,565.0,573.9,13408.0
2019-09-20 15:00:00,NSE:SMLISUZU,572.9,572.9,563.0,568.05,14288.0
2019-09-23 09:00:00,NSE:SMLISUZU,574.05,589.7,574.05,586.95,5830.0
2019-09-23 10:00:00,NSE:SMLISUZU,586.95,588.7,572.5,580.75,4289.0
2019-09-23 11:00:00,NSE:SMLISUZU,581.15,594.0,580.55,582.8,3733.0
2019-09-23 12:00:00,NSE:SMLISUZU,586.4,590.2,578.0,578.55,2771.0
2019-09-23 13:00:00,NSE:SMLISUZU,579.0,580.0,578.0,579.0,1705.0
2019-09-23 14:00:00,NSE:SMLISUZU,580.0,580.9,578.0,580.15,1993.0
2019-09-23 15:00:00,NSE:SMLISUZU,579.9,580.5,578.0,578.7,1696.0
2019-09-24 09:00:00,NSE:SMLISUZU,580.0,587.0,580.0,582.4,5352.0
2019-09-24 10:00:00,NSE:SMLISUZU,582.4,588.0,581.0,583.9,2532.0
2019-09-24 11:00:00,NSE:SMLISUZU,583.15,585.95,580.5,583.15,970.0
2019-09-24 12:00:00,NSE:SMLISUZU,581.65,585.0,575.0,578.25,1254.0
2019-09-24 13:00:00,NSE:SMLISUZU,578.7,580.5,575.0,576.05,1689.0
2019-09-24 14:00:00,NSE:SMLISUZU,576.1,581.95,576.0,576.05,658.0
2019-09-24 15:00:00,NSE:SMLISUZU,576.2,577.9,573.55,575.05,2975.0
2019-09-25 09:00:00,NSE:SMLISUZU,568.9,573.9,566.7,569.0,1614.0
2019-09-25 10:00:00,NSE:SMLISUZU,569.05,570.95,565.0,567.0,5343.0
2019-09-25 11:00:00,NSE:SMLISUZU,567.9,568.1,565.0,565.0,525.0
2019-09-25 12:00:00,NSE:SMLISUZU,565.85,568.05,565.0,565.65,723.0
2019-09-25 13:00:00,NSE:SMLISUZU,565.55,567.95,565.1,566.35,390.0
2019-09-25 14:00:00,NSE:SMLISUZU,565.3,567.1,555.0,557.15,2214.0
2019-09-25 15:00:00,NSE:SMLISUZU,559.05,567.0,557.2,561.25,2067.0
2019-09-26 09:00:00,NSE:SMLISUZU,561.85,568.35,561.85,567.0,960.0
2019-09-26 10:00:00,NSE:SMLISUZU,567.4,572.95,567.0,570.25,1050.0
2019-09-26 11:00:00,NSE:SMLISUZU,570.25,590.0,570.25,582.95,7487.0
2019-09-26 12:00:00,NSE:SMLISUZU,582.0,582.85,569.35,571.9,1666.0
2019-09-26 13:00:00,NSE:SMLISUZU,571.1,571.1,570.0,570.1,437.0
2019-09-26 14:00:00,NSE:SMLISUZU,570.0,573.6,568.9,572.0,2743.0
2019-09-26 15:00:00,NSE:SMLISUZU,572.0,572.6,565.0,567.85,1830.0
2019-09-27 09:00:00,NSE:SMLISUZU,568.0,571.85,561.0,571.0,1828.0
2019-09-27 10:00:00,NSE:SMLISUZU,570.4,574.3,567.0,573.0,4297.0
2019-09-27 11:00:00,NSE:SMLISUZU,570.5,574.0,568.05,568.1,184.0
2019-09-27 12:00:00,NSE:SMLISUZU,569.95,572.95,568.0,570.5,989.0
2019-09-27 13:00:00,NSE:SMLISUZU,570.0,570.05,568.05,568.1,342.0
2019-09-27 14:00:00,NSE:SMLISUZU,568.0,570.0,566.7,567.3,599.0
2019-09-27 15:00:00,NSE:SMLISUZU,567.3,569.25,567.0,567.9,550.0
2019-09-30 09:00:00,NSE:SMLISUZU,573.45,573.45,562.9,563.9,300.0
2019-09-30 10:00:00,NSE:SMLISUZU,563.9,566.0,562.0,566.0,472.0
2019-09-30 11:00:00,NSE:SMLISUZU,565.95,565.95,562.6,562.65,251.0
2019-09-30 12:00:00,NSE:SMLISUZU,563.9,564.0,552.8,553.0,2405.0
2019-09-30 13:00:00,NSE:SMLISUZU,556.4,560.0,554.0,555.5,751.0
2019-09-30 14:00:00,NSE:SMLISUZU,557.0,560.2,554.0,560.2,1185.0
2019-09-30 15:00:00,NSE:SMLISUZU,557.25,560.6,555.0,557.75,2558.0
2019-10-01 09:00:00,NSE:SMLISUZU,558.2,563.9,553.9,554.0,1035.0
2019-10-01 10:00:00,NSE:SMLISUZU,553.0,554.9,545.0,550.0,1678.0
2019-10-01 11:00:00,NSE:SMLISUZU,550.0,553.0,546.6,549.45,1003.0
2019-10-01 12:00:00,NSE:SMLISUZU,549.0,550.05,546.85,549.95,91.0
2019-10-01 13:00:00,NSE:SMLISUZU,549.05,550.0,540.5,542.0,1698.0
2019-10-01 14:00:00,NSE:SMLISUZU,543.55,543.7,535.0,540.95,2481.0
2019-10-01 15:00:00,NSE:SMLISUZU,541.0,543.7,535.0,540.0,2094.0
2019-10-03 09:00:00,NSE:SMLISUZU,537.85,543.0,530.65,539.85,1239.0
2019-10-03 10:00:00,NSE:SMLISUZU,538.55,540.0,536.6,539.9,771.0
2019-10-03 11:00:00,NSE:SMLISUZU,539.05,550.75,539.0,550.0,1389.0
2019-10-03 12:00:00,NSE:SMLISUZU,549.15,551.0,547.0,547.0,225.0
2019-10-03 13:00:00,NSE:SMLISUZU,547.0,548.4,546.6,546.6,115.0
2019-10-03 14:00:00,NSE:SMLISUZU,548.75,548.75,542.0,547.85,405.0
2019-10-03 15:00:00,NSE:SMLISUZU,547.8,547.8,545.25,547.8,441.0
2019-10-04 09:00:00,NSE:SMLISUZU,539.2,550.4,539.2,546.1,312.0
2019-10-04 10:00:00,NSE:SMLISUZU,545.3,551.0,545.1,547.05,142.0
2019-10-04 11:00:00,NSE:SMLISUZU,547.05,550.95,547.05,550.05,544.0
2019-10-04 12:00:00,NSE:SMLISUZU,550.1,561.0,550.05,555.6,1369.0
2019-10-04 13:00:00,NSE:SMLISUZU,555.6,558.65,549.05,549.05,835.0
2019-10-04 14:00:00,NSE:SMLISUZU,549.0,550.2,547.9,547.9,841.0
2019-10-04 15:00:00,NSE:SMLISUZU,548.5,550.9,547.0,549.45,845.0
2019-10-07 09:00:00,NSE:SMLISUZU,551.05,551.05,540.55,546.4,264.0
2019-10-07 10:00:00,NSE:SMLISUZU,547.0,553.45,540.8,540.8,592.0
2019-10-07 11:00:00,NSE:SMLISUZU,540.6,543.65,540.05,543.65,156.0
2019-10-07 12:00:00,NSE:SMLISUZU,540.6,544.45,540.25,542.95,371.0
2019-10-07 13:00:00,NSE:SMLISUZU,541.55,541.55,539.05,541.1,135.0
2019-10-07 14:00:00,NSE:SMLISUZU,540.5,540.5,537.1,537.35,1365.0
2019-10-07 15:00:00,NSE:SMLISUZU,537.35,537.35,533.0,533.05,812.0
2019-10-09 09:00:00,NSE:SMLISUZU,542.45,544.55,540.0,540.0,303.0
2019-10-09 10:00:00,NSE:SMLISUZU,539.0,540.0,529.25,529.25,836.0
2019-10-09 11:00:00,NSE:SMLISUZU,529.05,534.7,529.05,532.3,229.0
2019-10-09 12:00:00,NSE:SMLISUZU,532.3,536.95,531.35,531.55,603.0
2019-10-09 13:00:00,NSE:SMLISUZU,532.0,545.4,531.5,540.35,2079.0
2019-10-09 14:00:00,NSE:SMLISUZU,535.1,551.5,535.1,545.35,1846.0
2019-10-09 15:00:00,NSE:SMLISUZU,545.1,549.0,542.65,544.5,680.0
2019-10-10 09:00:00,NSE:SMLISUZU,552.25,552.5,531.1,541.0,2899.0
2019-10-10 10:00:00,NSE:SMLISUZU,541.0,541.0,532.1,536.0,211.0
2019-10-10 11:00:00,NSE:SMLISUZU,536.5,537.55,534.25,535.35,324.0
2019-10-10 12:00:00,NSE:SMLISUZU,536.15,538.85,536.15,538.85,40.0
2019-10-10 13:00:00,NSE:SMLISUZU,535.0,537.75,533.5,533.65,581.0
2019-10-10 14:00:00,NSE:SMLISUZU,534.05,535.05,534.0,535.0,217.0
2019-10-10 15:00:00,NSE:SMLISUZU,535.0,535.5,531.1,531.1,760.0
2019-10-11 09:00:00,NSE:SMLISUZU,538.0,544.7,535.1,540.0,680.0
2019-10-11 10:00:00,NSE:SMLISUZU,536.95,540.0,536.6,537.0,111.0
2019-10-11 11:00:00,NSE:SMLISUZU,539.0,539.0,536.0,536.7,147.0
2019-10-11 12:00:00,NSE:SMLISUZU,537.0,538.95,536.05,538.9,153.0
2019-10-11 13:00:00,NSE:SMLISUZU,538.95,540.25,536.05,540.1,498.0
2019-10-11 14:00:00,NSE:SMLISUZU,540.1,540.1,538.0,538.0,102.0
2019-10-11 15:00:00,NSE:SMLISUZU,539.1,539.1,536.0,537.45,493.0
2019-10-14 09:00:00,NSE:SMLISUZU,541.0,544.6,534.85,543.05,248.0
2019-10-14 10:00:00,NSE:SMLISUZU,543.05,544.0,535.1,540.3,475.0
2019-10-14 11:00:00,NSE:SMLISUZU,540.0,540.3,540.0,540.3,12.0
2019-10-14 12:00:00,NSE:SMLISUZU,540.5,542.4,538.2,539.05,372.0
2019-10-14 13:00:00,NSE:SMLISUZU,539.05,540.0,537.0,537.05,263.0
2019-10-14 14:00:00,NSE:SMLISUZU,537.3,542.45,537.3,542.45,251.0
2019-10-14 15:00:00,NSE:SMLISUZU,540.1,541.75,538.0,539.1,224.0
2019-10-15 09:00:00,NSE:SMLISUZU,538.25,540.0,535.1,536.95,687.0
2019-10-15 10:00:00,NSE:SMLISUZU,536.95,555.7,535.55,555.7,1043.0
2019-10-15 11:00:00,NSE:SMLISUZU,555.7,555.7,546.0,550.0,1331.0
2019-10-15 12:00:00,NSE:SMLISUZU,549.75,549.75,543.45,544.65,81.0
2019-10-15 13:00:00,NSE:SMLISUZU,544.1,546.0,544.1,545.1,289.0
2019-10-15 14:00:00,NSE:SMLISUZU,545.15,548.0,534.0,537.1,3528.0
2019-10-15 15:00:00,NSE:SMLISUZU,538.45,542.0,536.0,537.6,1181.0
2019-10-16 09:00:00,NSE:SMLISUZU,543.05,552.85,543.05,549.0,1473.0
2019-10-16 10:00:00,NSE:SMLISUZU,549.0,549.0,545.7,546.2,324.0
2019-10-16 11:00:00,NSE:SMLISUZU,546.8,548.05,546.8,547.0,34.0
2019-10-16 12:00:00,NSE:SMLISUZU,547.95,547.95,542.0,542.0,160.0
2019-10-16 13:00:00,NSE:SMLISUZU,543.15,546.6,540.45,546.6,54.0
2019-10-16 14:00:00,NSE:SMLISUZU,546.65,547.9,545.0,545.0,147.0
2019-10-16 15:00:00,NSE:SMLISUZU,544.95,547.8,541.0,546.4,835.0
2019-10-17 09:00:00,NSE:SMLISUZU,536.3,546.95,536.3,544.5,263.0
2019-10-17 10:00:00,NSE:SMLISUZU,546.9,557.1,545.35,555.5,2404.0
2019-10-17 11:00:00,NSE:SMLISUZU,555.0,579.9,555.0,572.15,10705.0
2019-10-17 12:00:00,NSE:SMLISUZU,571.05,604.0,560.1,578.0,25042.0
2019-10-17 13:00:00,NSE:SMLISUZU,577.95,587.5,572.0,576.5,6282.0
2019-10-17 14:00:00,NSE:SMLISUZU,576.0,579.8,571.95,575.05,4643.0
2019-10-17 15:00:00,NSE:SMLISUZU,576.0,580.0,573.35,576.15,4196.0
2019-10-18 09:00:00,NSE:SMLISUZU,581.0,587.95,572.0,580.15,1085.0
2019-10-18 10:00:00,NSE:SMLISUZU,580.85,591.0,580.0,585.0,3425.0
2019-10-18 11:00:00,NSE:SMLISUZU,585.1,586.0,581.05,584.1,802.0
2019-10-18 12:00:00,NSE:SMLISUZU,583.0,585.0,581.0,583.8,663.0
2019-10-18 13:00:00,NSE:SMLISUZU,583.8,589.45,581.3,587.9,389.0
2019-10-18 14:00:00,NSE:SMLISUZU,586.85,586.85,575.0,580.0,1121.0
2019-10-18 15:00:00,NSE:SMLISUZU,577.0,583.45,570.6,576.1,1776.0
2019-10-22 09:00:00,NSE:SMLISUZU,575.0,582.0,570.0,570.0,1486.0
2019-10-22 10:00:00,NSE:SMLISUZU,570.0,577.8,570.0,576.55,1236.0
2019-10-22 11:00:00,NSE:SMLISUZU,575.0,577.4,575.0,577.4,343.0
2019-10-22 12:00:00,NSE:SMLISUZU,576.0,576.5,575.0,575.05,92.0
2019-10-22 13:00:00,NSE:SMLISUZU,575.0,575.0,567.85,571.1,743.0
2019-10-22 14:00:00,NSE:SMLISUZU,571.8,571.8,569.0,569.0,736.0
2019-10-22 15:00:00,NSE:SMLISUZU,568.0,571.0,561.0,568.65,672.0
2019-10-23 09:00:00,NSE:SMLISUZU,560.0,571.5,560.0,571.0,863.0
2019-10-23 10:00:00,NSE:SMLISUZU,569.35,574.8,569.2,572.0,365.0
2019-10-23 11:00:00,NSE:SMLISUZU,571.25,575.9,568.25,572.6,733.0
2019-10-23 12:00:00,NSE:SMLISUZU,572.05,574.45,569.55,570.0,179.0
2019-10-23 13:00:00,NSE:SMLISUZU,570.0,572.5,568.05,572.5,549.0
2019-10-23 14:00:00,NSE:SMLISUZU,569.8,571.0,565.0,565.0,503.0
2019-10-23 15:00:00,NSE:SMLISUZU,565.0,567.0,560.3,563.5,832.0
2019-10-24 09:00:00,NSE:SMLISUZU,562.2,574.0,562.2,566.35,1298.0
2019-10-24 10:00:00,NSE:SMLISUZU,566.0,566.8,565.0,566.5,490.0
2019-10-24 11:00:00,NSE:SMLISUZU,568.95,570.0,565.0,565.0,671.0
2019-10-24 12:00:00,NSE:SMLISUZU,565.0,569.0,563.0,569.0,953.0
2019-10-24 13:00:00,NSE:SMLISUZU,569.05,569.05,563.0,565.4,243.0
2019-10-24 14:00:00,NSE:SMLISUZU,566.95,569.0,564.0,564.0,296.0
2019-10-24 15:00:00,NSE:SMLISUZU,563.4,563.4,555.0,558.1,929.0
2019-10-25 09:00:00,NSE:SMLISUZU,560.05,565.75,558.0,560.0,650.0
2019-10-25 10:00:00,NSE:SMLISUZU,560.0,562.0,558.1,560.0,474.0
2019-10-25 11:00:00,NSE:SMLISUZU,558.05,563.2,558.05,562.95,812.0
2019-10-25 12:00:00,NSE:SMLISUZU,563.95,563.95,558.0,558.05,913.0
2019-10-25 13:00:00,NSE:SMLISUZU,558.0,560.0,558.0,560.0,253.0
2019-10-25 14:00:00,NSE:SMLISUZU,559.95,564.0,559.95,563.0,372.0
2019-10-25 15:00:00,NSE:SMLISUZU,561.95,563.0,556.0,558.7,411.0
2019-10-27 18:00:00,NSE:SMLISUZU,555.0,576.2,555.0,571.8,1581.0
2019-10-27 19:00:00,NSE:SMLISUZU,571.75,575.0,567.1,569.0,730.0
2019-10-29 09:00:00,NSE:SMLISUZU,575.0,591.0,560.0,590.9,4498.0
2019-10-29 10:00:00,NSE:SMLISUZU,590.0,590.0,582.35,584.0,2509.0
2019-10-29 11:00:00,NSE:SMLISUZU,584.0,587.0,583.3,587.0,1184.0
2019-10-29 12:00:00,NSE:SMLISUZU,585.1,586.85,583.1,584.95,595.0
2019-10-29 13:00:00,NSE:SMLISUZU,584.95,585.0,580.0,583.05,918.0
2019-10-29 14:00:00,NSE:SMLISUZU,582.5,584.0,580.0,581.05,1239.0
2019-10-29 15:00:00,NSE:SMLISUZU,581.0,585.0,576.0,580.0,2370.0
2019-10-30 09:00:00,NSE:SMLISUZU,585.0,590.0,580.05,588.0,1958.0
2019-10-30 10:00:00,NSE:SMLISUZU,584.3,590.0,584.05,588.1,800.0
2019-10-30 11:00:00,NSE:SMLISUZU,587.0,588.0,584.35,587.95,941.0
2019-10-30 12:00:00,NSE:SMLISUZU,588.0,588.0,581.4,584.0,598.0
2019-10-30 13:00:00,NSE:SMLISUZU,584.0,584.0,582.0,583.3,281.0
2019-10-30 14:00:00,NSE:SMLISUZU,583.0,584.15,581.0,582.75,980.0
2019-10-30 15:00:00,NSE:SMLISUZU,583.7,584.0,582.15,582.55,798.0
2019-10-31 09:00:00,NSE:SMLISUZU,580.6,592.0,580.6,587.0,1311.0
2019-10-31 10:00:00,NSE:SMLISUZU,587.0,592.0,584.0,590.15,2538.0
2019-10-31 11:00:00,NSE:SMLISUZU,591.6,595.5,589.0,593.9,7235.0
2019-10-31 12:00:00,NSE:SMLISUZU,593.45,594.35,589.0,591.05,2797.0
2019-10-31 13:00:00,NSE:SMLISUZU,591.15,593.7,590.0,590.3,945.0
2019-10-31 14:00:00,NSE:SMLISUZU,590.5,592.1,586.25,587.0,1466.0
2019-10-31 15:00:00,NSE:SMLISUZU,586.55,589.85,586.0,587.15,985.0
2019-11-01 09:00:00,NSE:SMLISUZU,594.9,594.9,582.5,593.0,910.0
2019-11-01 10:00:00,NSE:SMLISUZU,593.0,596.0,590.8,594.0,1104.0
2019-11-01 11:00:00,NSE:SMLISUZU,591.3,591.3,584.1,587.5,1449.0
2019-11-01 12:00:00,NSE:SMLISUZU,587.5,588.0,576.2,586.0,1064.0
2019-11-01 13:00:00,NSE:SMLISUZU,587.65,587.65,580.05,580.5,996.0
2019-11-01 14:00:00,NSE:SMLISUZU,580.0,580.0,567.0,572.0,20647.0
2019-11-01 15:00:00,NSE:SMLISUZU,572.0,582.35,550.0,562.5,12035.0
2019-11-04 09:00:00,NSE:SMLISUZU,562.0,562.0,551.0,558.5,3350.0
2019-11-04 10:00:00,NSE:SMLISUZU,558.05,561.0,556.8,558.35,2735.0
2019-11-04 11:00:00,NSE:SMLISUZU,560.5,565.0,558.05,558.2,5751.0
2019-11-04 12:00:00,NSE:SMLISUZU,560.0,563.05,560.0,561.85,353.0
2019-11-04 13:00:00,NSE:SMLISUZU,561.8,561.8,559.0,560.0,330.0
2019-11-04 14:00:00,NSE:SMLISUZU,560.0,563.9,559.5,562.0,2604.0
2019-11-04 15:00:00,NSE:SMLISUZU,562.0,562.0,555.85,558.4,1935.0
2019-11-05 09:00:00,NSE:SMLISUZU,560.0,561.0,556.15,558.8,2110.0
2019-11-05 10:00:00,NSE:SMLISUZU,558.8,563.95,558.8,560.0,4153.0
2019-11-05 11:00:00,NSE:SMLISUZU,559.05,560.0,554.0,558.8,1325.0
2019-11-05 12:00:00,NSE:SMLISUZU,558.75,558.75,554.3,558.0,709.0
2019-11-05 13:00:00,NSE:SMLISUZU,556.15,557.95,553.0,553.6,522.0
2019-11-05 14:00:00,NSE:SMLISUZU,555.0,557.1,554.65,554.85,359.0
2019-11-05 15:00:00,NSE:SMLISUZU,556.6,556.6,551.0,553.75,1576.0
2019-11-06 09:00:00,NSE:SMLISUZU,562.0,562.0,542.0,551.1,846.0
2019-11-06 10:00:00,NSE:SMLISUZU,551.15,560.0,550.0,556.5,1551.0
2019-11-06 11:00:00,NSE:SMLISUZU,555.2,562.0,554.3,558.05,760.0
2019-11-06 12:00:00,NSE:SMLISUZU,561.9,561.9,555.05,556.35,160.0
2019-11-06 13:00:00,NSE:SMLISUZU,556.0,558.0,554.35,556.9,420.0
2019-11-06 14:00:00,NSE:SMLISUZU,556.9,556.9,554.3,554.3,343.0
2019-11-06 15:00:00,NSE:SMLISUZU,554.35,562.0,554.05,562.0,728.0
2019-11-07 09:00:00,NSE:SMLISUZU,556.0,558.65,551.0,551.35,728.0
2019-11-07 10:00:00,NSE:SMLISUZU,553.3,553.4,545.15,550.0,1837.0
2019-11-07 11:00:00,NSE:SMLISUZU,550.9,553.0,550.0,550.2,241.0
2019-11-07 12:00:00,NSE:SMLISUZU,550.9,552.45,547.3,550.55,1049.0
2019-11-07 13:00:00,NSE:SMLISUZU,551.95,552.0,551.0,551.85,67.0
2019-11-07 14:00:00,NSE:SMLISUZU,550.2,551.85,549.1,549.1,164.0
2019-11-07 15:00:00,NSE:SMLISUZU,549.05,551.4,546.0,547.35,845.0
2019-11-08 09:00:00,NSE:SMLISUZU,547.05,553.45,547.05,551.0,810.0
2019-11-08 10:00:00,NSE:SMLISUZU,551.4,553.45,550.3,552.8,602.0
2019-11-08 11:00:00,NSE:SMLISUZU,550.75,552.95,550.3,550.9,293.0
2019-11-08 12:00:00,NSE:SMLISUZU,550.9,566.0,550.9,563.5,5759.0
2019-11-08 13:00:00,NSE:SMLISUZU,564.5,565.0,559.1,560.0,1773.0
2019-11-08 14:00:00,NSE:SMLISUZU,559.1,560.0,550.1,550.5,1115.0
2019-11-08 15:00:00,NSE:SMLISUZU,550.6,555.5,550.1,551.05,2289.0
2019-11-11 09:00:00,NSE:SMLISUZU,551.05,556.95,540.05,544.15,2165.0
2019-11-11 10:00:00,NSE:SMLISUZU,544.5,544.8,533.15,536.4,4383.0
2019-11-11 11:00:00,NSE:SMLISUZU,536.45,539.8,536.45,537.95,2346.0
2019-11-11 12:00:00,NSE:SMLISUZU,539.8,540.0,538.0,540.0,228.0
2019-11-11 13:00:00,NSE:SMLISUZU,540.6,542.55,539.8,542.55,350.0
2019-11-11 14:00:00,NSE:SMLISUZU,542.5,543.4,539.7,539.7,496.0
2019-11-11 15:00:00,NSE:SMLISUZU,539.7,541.05,538.0,538.5,1046.0
2019-11-13 09:00:00,NSE:SMLISUZU,544.5,548.15,541.15,542.25,530.0
2019-11-13 10:00:00,NSE:SMLISUZU,544.25,545.0,542.0,544.85,368.0
2019-11-13 11:00:00,NSE:SMLISUZU,543.3,549.0,538.0,546.9,1202.0
2019-11-13 12:00:00,NSE:SMLISUZU,545.1,545.1,540.0,541.95,458.0
2019-11-13 13:00:00,NSE:SMLISUZU,541.0,544.55,539.65,544.55,410.0
2019-11-13 14:00:00,NSE:SMLISUZU,544.35,544.35,539.0,539.75,289.0
2019-11-13 15:00:00,NSE:SMLISUZU,539.95,542.45,537.5,539.15,644.0
2019-11-14 09:00:00,NSE:SMLISUZU,537.0,537.0,528.4,532.55,1295.0
2019-11-14 10:00:00,NSE:SMLISUZU,532.55,534.0,531.35,532.5,344.0
2019-11-14 11:00:00,NSE:SMLISUZU,532.5,536.8,532.0,534.0,626.0
2019-11-14 12:00:00,NSE:SMLISUZU,533.0,533.0,528.0,530.55,1810.0
2019-11-14 13:00:00,NSE:SMLISUZU,531.5,532.6,525.0,528.95,1078.0
2019-11-14 14:00:00,NSE:SMLISUZU,528.95,529.3,525.0,527.45,896.0
2019-11-14 15:00:00,NSE:SMLISUZU,527.45,529.45,525.0,526.85,1066.0
2019-11-15 09:00:00,NSE:SMLISUZU,560.0,569.0,549.55,550.85,13589.0
2019-11-15 10:00:00,NSE:SMLISUZU,551.5,555.7,549.15,552.0,2547.0
2019-11-15 11:00:00,NSE:SMLISUZU,552.1,554.35,546.0,547.95,988.0
2019-11-15 12:00:00,NSE:SMLISUZU,547.6,550.15,545.5,548.15,768.0
2019-11-15 13:00:00,NSE:SMLISUZU,548.3,554.9,546.15,554.9,2445.0
2019-11-15 14:00:00,NSE:SMLISUZU,553.1,554.85,549.5,553.0,1077.0
2019-11-15 15:00:00,NSE:SMLISUZU,551.7,551.9,532.1,541.35,5922.0
2019-11-18 09:00:00,NSE:SMLISUZU,554.8,554.8,537.95,540.55,1081.0
2019-11-18 10:00:00,NSE:SMLISUZU,540.5,543.85,539.0,543.15,369.0
2019-11-18 11:00:00,NSE:SMLISUZU,543.15,543.15,538.0,539.95,464.0
2019-11-18 12:00:00,NSE:SMLISUZU,538.15,539.8,533.0,534.0,710.0
2019-11-18 13:00:00,NSE:SMLISUZU,532.0,534.9,531.05,531.05,820.0
2019-11-18 14:00:00,NSE:SMLISUZU,532.0,533.95,530.1,533.55,1050.0
2019-11-18 15:00:00,NSE:SMLISUZU,531.75,533.6,531.0,531.75,772.0
2019-11-19 09:00:00,NSE:SMLISUZU,533.3,539.9,533.3,536.95,533.0
2019-11-19 10:00:00,NSE:SMLISUZU,536.0,536.8,535.1,536.0,260.0
2019-11-19 11:00:00,NSE:SMLISUZU,536.05,537.0,536.0,536.9,278.0
2019-11-19 12:00:00,NSE:SMLISUZU,536.85,538.0,536.85,537.0,48.0
2019-11-19 13:00:00,NSE:SMLISUZU,536.0,536.0,530.1,532.05,716.0
2019-11-19 14:00:00,NSE:SMLISUZU,532.25,532.95,528.0,528.45,1986.0
2019-11-19 15:00:00,NSE:SMLISUZU,528.45,529.9,496.2,514.05,11954.0
2019-11-20 09:00:00,NSE:SMLISUZU,514.0,515.0,508.0,510.0,5428.0
2019-11-20 10:00:00,NSE:SMLISUZU,509.0,515.0,509.0,511.9,2100.0
2019-11-20 11:00:00,NSE:SMLISUZU,511.9,515.0,510.35,513.0,1188.0
2019-11-20 12:00:00,NSE:SMLISUZU,515.0,524.9,515.0,515.3,6264.0
2019-11-20 13:00:00,NSE:SMLISUZU,516.0,516.0,512.1,513.3,885.0
2019-11-20 14:00:00,NSE:SMLISUZU,513.3,514.7,510.05,511.0,1339.0
2019-11-20 15:00:00,NSE:SMLISUZU,510.0,510.95,504.95,507.7,2119.0
2019-11-21 09:00:00,NSE:SMLISUZU,502.1,517.0,502.1,517.0,2470.0
2019-11-21 10:00:00,NSE:SMLISUZU,517.0,523.8,510.35,514.9,3210.0
2019-11-21 11:00:00,NSE:SMLISUZU,515.45,516.25,510.95,512.95,297.0
2019-11-21 12:00:00,NSE:SMLISUZU,513.75,514.0,510.4,513.7,316.0
2019-11-21 13:00:00,NSE:SMLISUZU,513.0,513.7,513.0,513.5,711.0
2019-11-21 14:00:00,NSE:SMLISUZU,513.5,513.5,510.9,511.0,1178.0
2019-11-21 15:00:00,NSE:SMLISUZU,511.0,511.0,503.35,506.7,3399.0
2019-11-22 09:00:00,NSE:SMLISUZU,501.05,510.0,501.05,508.0,1356.0
2019-11-22 10:00:00,NSE:SMLISUZU,508.0,511.4,506.85,510.95,850.0
2019-11-22 11:00:00,NSE:SMLISUZU,510.9,520.05,510.0,517.35,1940.0
2019-11-22 12:00:00,NSE:SMLISUZU,517.95,519.95,513.2,513.55,1980.0
2019-11-22 13:00:00,NSE:SMLISUZU,513.5,513.5,508.0,510.5,1961.0
2019-11-22 14:00:00,NSE:SMLISUZU,509.15,513.05,508.0,511.0,626.0
2019-11-22 15:00:00,NSE:SMLISUZU,509.8,513.0,508.0,509.0,1423.0
2019-11-25 09:00:00,NSE:SMLISUZU,506.4,515.15,506.4,511.85,943.0
2019-11-25 10:00:00,NSE:SMLISUZU,511.65,518.0,510.05,515.25,1088.0
2019-11-25 11:00:00,NSE:SMLISUZU,514.0,516.55,513.65,515.75,298.0
2019-11-25 12:00:00,NSE:SMLISUZU,514.25,516.55,513.65,515.95,431.0
2019-11-25 13:00:00,NSE:SMLISUZU,515.0,515.7,511.75,511.75,434.0
2019-11-25 14:00:00,NSE:SMLISUZU,511.45,513.8,510.35,510.45,783.0
2019-11-25 15:00:00,NSE:SMLISUZU,511.15,518.0,510.65,518.0,2164.0
2019-11-26 09:00:00,NSE:SMLISUZU,517.0,520.0,512.0,513.05,835.0
2019-11-26 10:00:00,NSE:SMLISUZU,515.6,516.0,513.05,513.05,832.0
2019-11-26 11:00:00,NSE:SMLISUZU,514.4,515.0,512.0,513.05,371.0
2019-11-26 12:00:00,NSE:SMLISUZU,514.0,516.0,513.4,515.0,389.0
2019-11-26 13:00:00,NSE:SMLISUZU,513.7,514.95,512.5,512.5,205.0
2019-11-26 14:00:00,NSE:SMLISUZU,512.5,512.9,510.1,510.1,752.0
2019-11-26 15:00:00,NSE:SMLISUZU,511.5,513.0,505.05,508.95,1160.0
2019-11-27 09:00:00,NSE:SMLISUZU,519.9,566.6,519.0,566.0,58036.0
2019-11-27 10:00:00,NSE:SMLISUZU,565.7,573.75,556.0,559.8,120947.0
2019-11-27 11:00:00,NSE:SMLISUZU,558.4,561.0,543.9,547.35,54950.0
2019-11-27 12:00:00,NSE:SMLISUZU,547.35,549.1,537.3,537.95,21102.0
2019-11-27 13:00:00,NSE:SMLISUZU,537.95,548.75,537.95,545.0,10277.0
2019-11-27 14:00:00,NSE:SMLISUZU,544.75,544.9,542.35,543.6,7506.0
2019-11-27 15:00:00,NSE:SMLISUZU,543.2,543.5,525.3,534.5,23896.0
2019-11-28 09:00:00,NSE:SMLISUZU,530.0,538.0,526.1,530.75,3669.0
2019-11-28 10:00:00,NSE:SMLISUZU,530.75,531.85,528.55,529.05,1032.0
2019-11-28 11:00:00,NSE:SMLISUZU,530.0,532.55,520.05,524.75,6977.0
2019-11-28 12:00:00,NSE:SMLISUZU,523.25,525.6,522.25,523.05,2708.0
2019-11-28 13:00:00,NSE:SMLISUZU,523.0,524.5,522.0,524.5,401.0
2019-11-28 14:00:00,NSE:SMLISUZU,524.45,524.5,522.0,524.0,1093.0
2019-11-28 15:00:00,NSE:SMLISUZU,522.0,524.0,519.0,521.7,4804.0
2019-11-29 09:00:00,NSE:SMLISUZU,521.7,537.4,521.7,534.25,6436.0
2019-11-29 10:00:00,NSE:SMLISUZU,534.65,535.5,526.15,529.85,4812.0
2019-11-29 11:00:00,NSE:SMLISUZU,528.2,529.6,522.6,524.1,2137.0
2019-11-29 12:00:00,NSE:SMLISUZU,523.5,528.0,522.1,527.0,1356.0
2019-11-29 13:00:00,NSE:SMLISUZU,527.7,528.0,522.1,524.6,1845.0
2019-11-29 14:00:00,NSE:SMLISUZU,524.5,524.55,522.1,523.0,1499.0
2019-11-29 15:00:00,NSE:SMLISUZU,522.5,526.5,520.15,522.3,3301.0
2019-12-02 09:00:00,NSE:SMLISUZU,522.0,525.0,520.0,523.5,1354.0
2019-12-02 10:00:00,NSE:SMLISUZU,521.55,522.75,517.5,521.45,1471.0
2019-12-02 11:00:00,NSE:SMLISUZU,521.45,521.45,518.0,518.4,538.0
2019-12-02 12:00:00,NSE:SMLISUZU,518.3,518.5,518.0,518.35,213.0
2019-12-02 13:00:00,NSE:SMLISUZU,518.35,530.55,514.0,527.5,15138.0
2019-12-02 14:00:00,NSE:SMLISUZU,527.45,527.5,524.0,525.1,3971.0
2019-12-02 15:00:00,NSE:SMLISUZU,526.0,527.4,518.35,520.1,3220.0
2019-12-03 09:00:00,NSE:SMLISUZU,524.8,524.85,515.2,517.75,1587.0
2019-12-03 10:00:00,NSE:SMLISUZU,518.95,520.0,515.8,516.5,899.0
2019-12-03 11:00:00,NSE:SMLISUZU,516.3,518.45,516.0,517.0,494.0
2019-12-03 12:00:00,NSE:SMLISUZU,516.4,519.05,516.0,519.05,1162.0
2019-12-03 13:00:00,NSE:SMLISUZU,519.05,519.05,518.0,518.9,640.0
2019-12-03 14:00:00,NSE:SMLISUZU,518.0,519.0,512.85,514.75,2685.0
2019-12-03 15:00:00,NSE:SMLISUZU,515.0,516.0,512.25,514.05,1841.0
2019-12-04 09:00:00,NSE:SMLISUZU,516.0,516.0,508.0,514.0,1929.0
2019-12-04 10:00:00,NSE:SMLISUZU,514.0,524.0,514.0,521.6,2652.0
2019-12-04 11:00:00,NSE:SMLISUZU,520.05,520.05,519.1,519.1,602.0
2019-12-04 12:00:00,NSE:SMLISUZU,520.0,534.0,520.0,526.8,8360.0
2019-12-04 13:00:00,NSE:SMLISUZU,526.0,530.0,524.1,527.5,2068.0
2019-12-04 14:00:00,NSE:SMLISUZU,527.5,540.0,526.6,538.9,7568.0
2019-12-04 15:00:00,NSE:SMLISUZU,539.0,539.85,534.25,535.1,6124.0
2019-12-05 09:00:00,NSE:SMLISUZU,540.1,584.5,540.0,571.7,292936.0
2019-12-05 10:00:00,NSE:SMLISUZU,571.7,576.0,569.4,572.0,45593.0
2019-12-05 11:00:00,NSE:SMLISUZU,571.7,583.0,569.0,580.3,46036.0
2019-12-05 12:00:00,NSE:SMLISUZU,580.9,582.0,575.3,578.0,28775.0
2019-12-05 13:00:00,NSE:SMLISUZU,576.8,579.8,572.25,573.9,18508.0
2019-12-05 14:00:00,NSE:SMLISUZU,573.9,576.5,570.1,573.9,23841.0
2019-12-05 15:00:00,NSE:SMLISUZU,573.7,579.0,572.55,576.5,44497.0
2019-12-06 09:00:00,NSE:SMLISUZU,580.9,580.9,561.05,567.1,13715.0
2019-12-06 10:00:00,NSE:SMLISUZU,567.1,570.5,564.0,568.0,4899.0
2019-12-06 11:00:00,NSE:SMLISUZU,568.05,569.5,565.3,566.85,3770.0
2019-12-06 12:00:00,NSE:SMLISUZU,567.75,574.95,567.0,574.0,4521.0
2019-12-06 13:00:00,NSE:SMLISUZU,574.0,574.0,565.0,567.0,3727.0
2019-12-06 14:00:00,NSE:SMLISUZU,566.0,567.5,560.0,564.85,8532.0
2019-12-06 15:00:00,NSE:SMLISUZU,563.3,564.95,551.5,560.05,6027.0
2019-12-09 09:00:00,NSE:SMLISUZU,560.0,575.0,560.0,571.05,6419.0
2019-12-09 10:00:00,NSE:SMLISUZU,572.0,572.85,556.25,565.7,9989.0
2019-12-09 11:00:00,NSE:SMLISUZU,566.0,566.5,563.75,564.5,1776.0
2019-12-09 12:00:00,NSE:SMLISUZU,565.5,565.5,560.0,564.0,1258.0
2019-12-09 13:00:00,NSE:SMLISUZU,564.25,564.75,557.0,560.0,1678.0
2019-12-09 14:00:00,NSE:SMLISUZU,559.0,559.0,557.1,557.1,2138.0
2019-12-09 15:00:00,NSE:SMLISUZU,557.0,570.15,551.8,558.95,7511.0
2019-12-10 09:00:00,NSE:SMLISUZU,559.3,563.1,553.25,555.05,2216.0
2019-12-10 10:00:00,NSE:SMLISUZU,557.0,557.0,550.6,551.0,1023.0
2019-12-10 11:00:00,NSE:SMLISUZU,551.0,552.0,549.0,549.0,994.0
2019-12-10 12:00:00,NSE:SMLISUZU,549.0,552.0,545.4,547.7,1153.0
2019-12-10 13:00:00,NSE:SMLISUZU,547.7,548.55,542.0,545.0,1957.0
2019-12-10 14:00:00,NSE:SMLISUZU,545.0,545.0,542.5,543.95,2289.0
2019-12-10 15:00:00,NSE:SMLISUZU,543.95,549.95,541.0,542.8,2588.0
2019-12-11 09:00:00,NSE:SMLISUZU,550.0,550.0,513.15,524.3,15167.0
2019-12-11 10:00:00,NSE:SMLISUZU,524.3,531.0,521.6,526.85,5819.0
2019-12-11 11:00:00,NSE:SMLISUZU,526.5,529.5,520.0,522.0,4800.0
2019-12-11 12:00:00,NSE:SMLISUZU,522.0,525.0,520.05,523.45,1919.0
2019-12-11 13:00:00,NSE:SMLISUZU,524.05,525.25,520.5,524.65,3633.0
2019-12-11 14:00:00,NSE:SMLISUZU,525.0,532.9,520.9,532.9,3667.0
2019-12-11 15:00:00,NSE:SMLISUZU,532.6,571.0,527.2,560.0,20563.0
2019-12-12 09:00:00,NSE:SMLISUZU,557.9,557.9,550.25,554.0,2771.0
2019-12-12 10:00:00,NSE:SMLISUZU,552.7,552.7,545.45,547.1,1330.0
2019-12-12 11:00:00,NSE:SMLISUZU,547.3,550.9,546.05,549.5,1110.0
2019-12-12 12:00:00,NSE:SMLISUZU,550.0,580.0,550.0,567.8,19020.0
2019-12-12 13:00:00,NSE:SMLISUZU,565.75,570.4,564.0,566.0,1419.0
2019-12-12 14:00:00,NSE:SMLISUZU,566.0,569.0,562.0,566.35,2150.0
2019-12-12 15:00:00,NSE:SMLISUZU,567.0,567.0,560.15,563.2,2946.0
2019-12-13 09:00:00,NSE:SMLISUZU,560.1,569.95,556.65,561.4,2805.0
2019-12-13 10:00:00,NSE:SMLISUZU,561.5,563.0,557.0,559.95,1872.0
2019-12-13 11:00:00,NSE:SMLISUZU,559.5,562.75,558.05,561.0,762.0
2019-12-13 12:00:00,NSE:SMLISUZU,561.0,561.0,559.0,559.8,995.0
2019-12-13 13:00:00,NSE:SMLISUZU,559.75,561.4,556.0,556.05,1107.0
2019-12-13 14:00:00,NSE:SMLISUZU,557.85,558.25,556.0,556.85,1236.0
2019-12-13 15:00:00,NSE:SMLISUZU,557.25,561.0,545.0,552.45,6328.0
2019-12-16 09:00:00,NSE:SMLISUZU,545.0,552.45,545.0,546.05,2806.0
2019-12-16 10:00:00,NSE:SMLISUZU,547.3,550.0,545.5,549.55,945.0
2019-12-16 11:00:00,NSE:SMLISUZU,549.55,549.55,547.5,549.5,287.0
2019-12-16 12:00:00,NSE:SMLISUZU,548.15,550.75,546.35,550.75,625.0
2019-12-16 13:00:00,NSE:SMLISUZU,550.5,552.45,547.1,547.1,1076.0
2019-12-16 14:00:00,NSE:SMLISUZU,548.6,548.65,546.05,546.3,416.0
2019-12-16 15:00:00,NSE:SMLISUZU,546.6,547.0,545.0,545.2,1384.0
2019-12-17 09:00:00,NSE:SMLISUZU,545.95,559.45,545.95,549.25,3048.0
2019-12-17 10:00:00,NSE:SMLISUZU,550.7,552.0,550.1,551.5,529.0
2019-12-17 11:00:00,NSE:SMLISUZU,552.0,552.0,549.2,549.95,789.0
2019-12-17 12:00:00,NSE:SMLISUZU,552.25,552.25,547.5,548.6,1119.0
2019-12-17 13:00:00,NSE:SMLISUZU,548.05,548.05,545.95,548.0,223.0
2019-12-17 14:00:00,NSE:SMLISUZU,548.0,550.0,546.2,547.7,549.0
2019-12-17 15:00:00,NSE:SMLISUZU,547.7,549.2,544.1,546.25,1819.0
2019-12-18 09:00:00,NSE:SMLISUZU,550.6,550.6,545.05,546.0,952.0
2019-12-18 10:00:00,NSE:SMLISUZU,545.25,546.0,541.05,544.0,896.0
2019-12-18 11:00:00,NSE:SMLISUZU,544.0,545.0,542.0,543.55,728.0
2019-12-18 12:00:00,NSE:SMLISUZU,545.0,562.0,544.2,547.25,5724.0
2019-12-18 13:00:00,NSE:SMLISUZU,548.0,549.95,542.0,543.75,1676.0
2019-12-18 14:00:00,NSE:SMLISUZU,543.8,545.1,543.7,544.05,693.0
2019-12-18 15:00:00,NSE:SMLISUZU,544.0,548.0,543.7,545.15,1106.0
2019-12-19 09:00:00,NSE:SMLISUZU,544.0,553.75,544.0,549.8,1245.0
2019-12-19 10:00:00,NSE:SMLISUZU,547.5,551.7,546.7,549.0,1192.0
2019-12-19 11:00:00,NSE:SMLISUZU,549.0,558.0,545.5,555.65,3865.0
2019-12-19 12:00:00,NSE:SMLISUZU,555.0,557.0,549.35,551.7,1646.0
2019-12-19 13:00:00,NSE:SMLISUZU,549.35,549.35,546.45,547.15,286.0
2019-12-19 14:00:00,NSE:SMLISUZU,547.3,550.45,547.0,549.0,560.0
2019-12-19 15:00:00,NSE:SMLISUZU,547.7,548.9,547.0,547.45,1915.0
2019-12-20 09:00:00,NSE:SMLISUZU,552.0,555.5,547.65,549.7,1260.0
2019-12-20 10:00:00,NSE:SMLISUZU,550.5,551.95,548.85,551.95,478.0
2019-12-20 11:00:00,NSE:SMLISUZU,551.9,551.95,548.0,549.8,476.0
2019-12-20 12:00:00,NSE:SMLISUZU,549.8,552.0,548.15,548.5,852.0
2019-12-20 13:00:00,NSE:SMLISUZU,548.55,549.1,546.95,547.65,662.0
2019-12-20 14:00:00,NSE:SMLISUZU,547.0,548.35,546.05,546.4,563.0
2019-12-20 15:00:00,NSE:SMLISUZU,546.45,549.0,544.7,546.1,1447.0
2019-12-23 09:00:00,NSE:SMLISUZU,558.95,558.95,546.15,546.95,1770.0
2019-12-23 10:00:00,NSE:SMLISUZU,547.0,551.15,547.0,549.1,1328.0
2019-12-23 11:00:00,NSE:SMLISUZU,549.0,549.0,547.0,548.0,329.0
2019-12-23 12:00:00,NSE:SMLISUZU,547.3,548.0,547.0,548.0,1513.0
2019-12-23 13:00:00,NSE:SMLISUZU,548.0,548.0,547.0,547.0,677.0
2019-12-23 14:00:00,NSE:SMLISUZU,547.1,548.0,540.2,540.5,1730.0
2019-12-23 15:00:00,NSE:SMLISUZU,541.0,546.0,536.0,545.0,2188.0
2019-12-24 09:00:00,NSE:SMLISUZU,548.95,551.9,542.85,546.55,18477.0
2019-12-24 10:00:00,NSE:SMLISUZU,547.5,555.0,546.5,548.55,3583.0
2019-12-24 11:00:00,NSE:SMLISUZU,551.0,566.4,549.05,552.25,23329.0
2019-12-24 12:00:00,NSE:SMLISUZU,553.95,554.2,546.0,547.95,13664.0
2019-12-24 13:00:00,NSE:SMLISUZU,547.95,554.25,547.0,547.25,2942.0
2019-12-24 14:00:00,NSE:SMLISUZU,546.6,554.0,540.0,550.5,7237.0
2019-12-24 15:00:00,NSE:SMLISUZU,550.1,553.1,545.4,550.25,5035.0
2019-12-26 09:00:00,NSE:SMLISUZU,560.0,560.0,551.05,556.9,9739.0
2019-12-26 10:00:00,NSE:SMLISUZU,556.9,616.3,551.2,597.65,294380.0
2019-12-26 11:00:00,NSE:SMLISUZU,597.85,604.0,585.0,588.0,83175.0
2019-12-26 12:00:00,NSE:SMLISUZU,587.15,607.7,586.15,596.25,82357.0
2019-12-26 13:00:00,NSE:SMLISUZU,597.6,604.0,592.05,600.0,43002.0
2019-12-26 14:00:00,NSE:SMLISUZU,600.0,604.0,588.85,592.0,45081.0
2019-12-26 15:00:00,NSE:SMLISUZU,593.85,594.0,583.65,587.35,30825.0
2019-12-27 09:00:00,NSE:SMLISUZU,589.85,602.9,575.0,590.3,51139.0
2019-12-27 10:00:00,NSE:SMLISUZU,590.05,594.0,585.0,586.1,12485.0
2019-12-27 11:00:00,NSE:SMLISUZU,586.0,586.5,581.1,581.5,5999.0
2019-12-27 12:00:00,NSE:SMLISUZU,581.1,587.8,581.0,584.6,7645.0
2019-12-27 13:00:00,NSE:SMLISUZU,584.15,593.95,582.05,587.1,8174.0
2019-12-27 14:00:00,NSE:SMLISUZU,587.1,588.9,582.0,584.75,4636.0
2019-12-27 15:00:00,NSE:SMLISUZU,585.8,589.75,572.0,580.25,15018.0
2019-12-30 09:00:00,NSE:SMLISUZU,581.0,584.8,573.8,580.0,12798.0
2019-12-30 10:00:00,NSE:SMLISUZU,580.0,581.05,579.5,579.6,2718.0
2019-12-30 11:00:00,NSE:SMLISUZU,580.2,580.4,572.2,574.05,5523.0
2019-12-30 12:00:00,NSE:SMLISUZU,574.1,581.1,574.05,578.0,3062.0
2019-12-30 13:00:00,NSE:SMLISUZU,578.0,586.95,576.2,578.1,8409.0
2019-12-30 14:00:00,NSE:SMLISUZU,578.95,583.0,575.35,576.8,2104.0
2019-12-30 15:00:00,NSE:SMLISUZU,576.85,578.95,573.3,575.55,7296.0
2019-12-31 09:00:00,NSE:SMLISUZU,577.0,582.0,573.05,577.0,4804.0
2019-12-31 10:00:00,NSE:SMLISUZU,577.0,579.7,567.3,570.15,6387.0
2019-12-31 11:00:00,NSE:SMLISUZU,570.05,571.0,569.2,571.0,1115.0
2019-12-31 12:00:00,NSE:SMLISUZU,571.05,573.7,570.05,571.85,1687.0
2019-12-31 13:00:00,NSE:SMLISUZU,571.65,572.95,569.0,569.0,1355.0
2019-12-31 14:00:00,NSE:SMLISUZU,569.0,569.75,563.0,564.0,2916.0
2019-12-31 15:00:00,NSE:SMLISUZU,564.1,566.9,560.0,562.4,5341.0
2020-01-01 09:00:00,NSE:SMLISUZU,566.9,571.7,565.0,567.8,4389.0
2020-01-01 10:00:00,NSE:SMLISUZU,567.75,572.0,562.15,564.05,1881.0
2020-01-01 11:00:00,NSE:SMLISUZU,564.0,566.0,561.0,561.05,1228.0
2020-01-01 12:00:00,NSE:SMLISUZU,562.4,563.0,558.25,562.0,1445.0
2020-01-01 13:00:00,NSE:SMLISUZU,561.0,561.0,551.9,559.0,16729.0
2020-01-01 14:00:00,NSE:SMLISUZU,559.0,559.8,556.0,559.65,4188.0
2020-01-01 15:00:00,NSE:SMLISUZU,558.9,563.1,555.3,558.8,8202.0
2020-01-02 09:00:00,NSE:SMLISUZU,557.0,557.0,551.1,555.4,5077.0
2020-01-02 10:00:00,NSE:SMLISUZU,555.0,569.0,554.05,562.6,6785.0
2020-01-02 11:00:00,NSE:SMLISUZU,564.0,569.0,558.0,558.0,4542.0
2020-01-02 12:00:00,NSE:SMLISUZU,557.0,566.0,556.6,563.0,3158.0
2020-01-02 13:00:00,NSE:SMLISUZU,562.9,563.0,556.3,558.0,2206.0
2020-01-02 14:00:00,NSE:SMLISUZU,558.0,564.45,556.6,562.25,2155.0
2020-01-02 15:00:00,NSE:SMLISUZU,563.45,563.7,557.05,559.45,3706.0
2020-01-03 09:00:00,NSE:SMLISUZU,560.0,564.0,557.55,560.2,2364.0
2020-01-03 10:00:00,NSE:SMLISUZU,560.2,570.0,560.2,564.0,9153.0
2020-01-03 11:00:00,NSE:SMLISUZU,563.25,563.75,558.9,558.9,1215.0
2020-01-03 12:00:00,NSE:SMLISUZU,559.0,565.5,557.75,562.8,3220.0
2020-01-03 13:00:00,NSE:SMLISUZU,564.2,612.0,562.8,589.95,184090.0
2020-01-03 14:00:00,NSE:SMLISUZU,589.95,589.95,581.0,581.5,32829.0
2020-01-03 15:00:00,NSE:SMLISUZU,581.5,585.0,577.2,581.75,28249.0
2020-01-06 09:00:00,NSE:SMLISUZU,581.7,581.7,565.65,570.95,10582.0
2020-01-06 10:00:00,NSE:SMLISUZU,570.0,634.0,570.0,613.35,436832.0
2020-01-06 11:00:00,NSE:SMLISUZU,613.85,619.9,612.05,614.8,57379.0
2020-01-06 12:00:00,NSE:SMLISUZU,614.8,623.0,613.3,617.5,50327.0
2020-01-06 13:00:00,NSE:SMLISUZU,617.45,619.5,603.0,607.5,55331.0
2020-01-06 14:00:00,NSE:SMLISUZU,607.75,607.8,592.35,599.4,71367.0
2020-01-06 15:00:00,NSE:SMLISUZU,601.0,620.85,600.2,611.2,99147.0
2020-01-07 09:00:00,NSE:SMLISUZU,606.0,625.0,605.55,612.15,44489.0
2020-01-07 10:00:00,NSE:SMLISUZU,612.15,616.0,606.15,611.85,19480.0
2020-01-07 11:00:00,NSE:SMLISUZU,611.0,611.0,606.0,606.0,8805.0
2020-01-07 12:00:00,NSE:SMLISUZU,606.1,610.75,601.1,604.55,12823.0
2020-01-07 13:00:00,NSE:SMLISUZU,604.5,604.5,595.0,600.6,13845.0
2020-01-07 14:00:00,NSE:SMLISUZU,600.25,605.25,598.0,599.0,9547.0
2020-01-07 15:00:00,NSE:SMLISUZU,599.05,599.95,591.0,594.3,17839.0
2020-01-08 09:00:00,NSE:SMLISUZU,589.7,596.9,585.5,587.0,12538.0
2020-01-08 10:00:00,NSE:SMLISUZU,586.1,597.75,584.15,589.95,13543.0
2020-01-08 11:00:00,NSE:SMLISUZU,589.9,589.9,584.3,587.25,3115.0
2020-01-08 12:00:00,NSE:SMLISUZU,588.45,592.0,587.0,589.0,3905.0
2020-01-08 13:00:00,NSE:SMLISUZU,589.15,589.6,586.5,589.0,1900.0
2020-01-08 14:00:00,NSE:SMLISUZU,589.0,592.0,586.15,587.45,2996.0
2020-01-08 15:00:00,NSE:SMLISUZU,587.35,589.0,582.15,583.15,8800.0
2020-01-09 09:00:00,NSE:SMLISUZU,593.05,603.0,593.05,595.25,10780.0
2020-01-09 10:00:00,NSE:SMLISUZU,595.85,598.0,590.25,594.0,4761.0
2020-01-09 11:00:00,NSE:SMLISUZU,595.0,595.0,590.25,591.25,3389.0
2020-01-09 12:00:00,NSE:SMLISUZU,591.0,594.7,591.0,593.2,3122.0
2020-01-09 13:00:00,NSE:SMLISUZU,594.0,594.75,589.0,589.05,3686.0
2020-01-09 14:00:00,NSE:SMLISUZU,589.0,591.85,587.0,591.65,5529.0
2020-01-09 15:00:00,NSE:SMLISUZU,590.15,591.35,585.1,588.15,6587.0
2020-01-10 09:00:00,NSE:SMLISUZU,594.0,604.0,591.0,601.2,25814.0
2020-01-10 10:00:00,NSE:SMLISUZU,599.55,607.0,595.0,596.0,14278.0
2020-01-10 11:00:00,NSE:SMLISUZU,596.0,600.0,595.0,597.3,3647.0
2020-01-10 12:00:00,NSE:SMLISUZU,597.0,599.85,595.0,597.3,2557.0
2020-01-10 13:00:00,NSE:SMLISUZU,597.2,600.7,591.1,593.25,5667.0
2020-01-10 14:00:00,NSE:SMLISUZU,592.0,597.7,589.0,591.0,6413.0
2020-01-10 15:00:00,NSE:SMLISUZU,591.0,593.15,585.2,589.05,9170.0
2020-01-13 09:00:00,NSE:SMLISUZU,595.0,595.0,588.05,589.5,3391.0
2020-01-13 10:00:00,NSE:SMLISUZU,589.5,602.0,588.0,591.1,19178.0
2020-01-13 11:00:00,NSE:SMLISUZU,590.75,600.0,589.0,598.8,7472.0
2020-01-13 12:00:00,NSE:SMLISUZU,598.55,611.0,594.05,603.0,56265.0
2020-01-13 13:00:00,NSE:SMLISUZU,603.0,604.0,595.0,596.95,12368.0
2020-01-13 14:00:00,NSE:SMLISUZU,597.0,597.35,593.0,594.5,7060.0
2020-01-13 15:00:00,NSE:SMLISUZU,594.5,600.0,593.0,596.7,17553.0
2020-01-14 09:00:00,NSE:SMLISUZU,599.9,603.7,592.1,597.05,6292.0
2020-01-14 10:00:00,NSE:SMLISUZU,597.05,603.75,596.0,597.0,4232.0
2020-01-14 11:00:00,NSE:SMLISUZU,596.55,601.0,595.65,598.9,2051.0
2020-01-14 12:00:00,NSE:SMLISUZU,598.9,607.85,597.0,600.0,10539.0
2020-01-14 13:00:00,NSE:SMLISUZU,600.55,601.45,596.7,596.7,6384.0
2020-01-14 14:00:00,NSE:SMLISUZU,597.0,597.95,596.0,597.0,2730.0
2020-01-14 15:00:00,NSE:SMLISUZU,597.0,597.95,595.0,596.4,5620.0
2020-01-15 09:00:00,NSE:SMLISUZU,595.2,599.75,591.2,593.95,3972.0
2020-01-15 10:00:00,NSE:SMLISUZU,593.3,594.0,590.6,593.85,4101.0
2020-01-15 11:00:00,NSE:SMLISUZU,593.85,595.0,592.5,595.0,1839.0
2020-01-15 12:00:00,NSE:SMLISUZU,595.0,595.0,592.2,592.25,672.0
2020-01-15 13:00:00,NSE:SMLISUZU,593.85,597.0,592.85,595.0,3493.0
2020-01-15 14:00:00,NSE:SMLISUZU,596.0,600.0,593.3,594.9,9850.0
2020-01-15 15:00:00,NSE:SMLISUZU,594.9,598.45,594.0,595.1,5946.0
2020-01-16 09:00:00,NSE:SMLISUZU,596.75,620.0,595.7,618.0,41987.0
2020-01-16 10:00:00,NSE:SMLISUZU,618.0,619.0,603.0,607.9,32854.0
2020-01-16 11:00:00,NSE:SMLISUZU,607.0,615.3,604.4,613.75,13840.0
2020-01-16 12:00:00,NSE:SMLISUZU,614.9,616.0,610.0,612.2,9861.0
2020-01-16 13:00:00,NSE:SMLISUZU,612.25,612.3,607.9,609.9,4696.0
2020-01-16 14:00:00,NSE:SMLISUZU,610.0,625.0,610.0,611.05,69107.0
2020-01-16 15:00:00,NSE:SMLISUZU,611.1,614.0,608.0,610.9,21007.0
2020-01-17 09:00:00,NSE:SMLISUZU,608.2,615.8,607.6,615.05,15309.0
2020-01-17 10:00:00,NSE:SMLISUZU,615.7,615.8,612.0,612.0,5695.0
2020-01-17 11:00:00,NSE:SMLISUZU,612.5,612.7,601.0,607.8,7059.0
2020-01-17 12:00:00,NSE:SMLISUZU,608.0,609.0,603.25,607.0,3778.0
2020-01-17 13:00:00,NSE:SMLISUZU,607.0,614.8,604.15,612.5,9870.0
2020-01-17 14:00:00,NSE:SMLISUZU,613.0,613.4,603.0,605.5,8389.0
2020-01-17 15:00:00,NSE:SMLISUZU,605.0,605.85,600.0,602.95,11372.0
2020-01-20 09:00:00,NSE:SMLISUZU,602.75,614.15,601.0,603.6,16081.0
2020-01-20 10:00:00,NSE:SMLISUZU,604.65,605.05,597.0,602.65,5440.0
2020-01-20 11:00:00,NSE:SMLISUZU,603.0,603.95,599.95,602.0,1489.0
2020-01-20 12:00:00,NSE:SMLISUZU,601.1,602.65,601.1,601.4,2031.0
2020-01-20 13:00:00,NSE:SMLISUZU,601.6,602.5,595.0,602.3,6163.0
2020-01-20 14:00:00,NSE:SMLISUZU,602.0,602.5,597.0,599.0,6335.0
2020-01-20 15:00:00,NSE:SMLISUZU,600.1,601.0,595.0,598.6,7063.0
2020-01-21 09:00:00,NSE:SMLISUZU,592.25,604.45,592.25,600.65,6842.0
2020-01-21 10:00:00,NSE:SMLISUZU,602.5,602.6,597.05,598.0,4413.0
2020-01-21 11:00:00,NSE:SMLISUZU,599.0,599.6,595.05,598.0,3124.0
2020-01-21 12:00:00,NSE:SMLISUZU,597.4,597.95,595.5,596.1,1769.0
2020-01-21 13:00:00,NSE:SMLISUZU,596.1,599.25,596.0,596.0,932.0
2020-01-21 14:00:00,NSE:SMLISUZU,596.0,597.85,595.0,595.85,3173.0
2020-01-21 15:00:00,NSE:SMLISUZU,595.15,596.85,594.0,595.45,5874.0
2020-01-22 09:00:00,NSE:SMLISUZU,599.7,600.0,593.5,595.1,3322.0
2020-01-22 10:00:00,NSE:SMLISUZU,595.15,596.85,589.3,594.15,4201.0
2020-01-22 11:00:00,NSE:SMLISUZU,593.5,595.95,590.15,591.6,2563.0
2020-01-22 12:00:00,NSE:SMLISUZU,591.55,592.0,589.75,590.6,2227.0
2020-01-22 13:00:00,NSE:SMLISUZU,590.6,592.45,590.0,590.0,1065.0
2020-01-22 14:00:00,NSE:SMLISUZU,589.6,595.0,589.0,591.95,3301.0
2020-01-22 15:00:00,NSE:SMLISUZU,592.45,592.45,582.1,586.65,4752.0
2020-01-23 09:00:00,NSE:SMLISUZU,589.7,594.95,586.65,591.95,4427.0
2020-01-23 10:00:00,NSE:SMLISUZU,592.0,592.75,587.0,590.0,1162.0
2020-01-23 11:00:00,NSE:SMLISUZU,590.0,590.0,585.05,589.3,1440.0
2020-01-23 12:00:00,NSE:SMLISUZU,589.2,593.15,588.6,590.75,1485.0
2020-01-23 13:00:00,NSE:SMLISUZU,589.6,593.5,588.0,590.5,1159.0
2020-01-23 14:00:00,NSE:SMLISUZU,590.25,592.45,587.35,588.35,2313.0
2020-01-23 15:00:00,NSE:SMLISUZU,589.1,589.95,585.1,587.45,5834.0
2020-01-24 09:00:00,NSE:SMLISUZU,589.7,591.8,585.05,588.6,6092.0
2020-01-24 10:00:00,NSE:SMLISUZU,588.95,591.0,588.95,589.15,2360.0
2020-01-24 11:00:00,NSE:SMLISUZU,589.15,591.9,589.15,590.55,1153.0
2020-01-24 12:00:00,NSE:SMLISUZU,591.0,600.0,590.5,594.35,5395.0
2020-01-24 13:00:00,NSE:SMLISUZU,594.0,594.35,590.0,592.0,2020.0
2020-01-24 14:00:00,NSE:SMLISUZU,591.35,592.0,587.3,587.3,2858.0
2020-01-24 15:00:00,NSE:SMLISUZU,588.0,588.0,585.05,586.75,4921.0
2020-01-27 09:00:00,NSE:SMLISUZU,584.8,590.75,582.55,590.0,3022.0
2020-01-27 10:00:00,NSE:SMLISUZU,590.0,594.5,588.5,591.0,2898.0
2020-01-27 11:00:00,NSE:SMLISUZU,591.0,591.1,588.05,588.35,943.0
2020-01-27 12:00:00,NSE:SMLISUZU,588.65,590.0,588.0,588.1,709.0
2020-01-27 13:00:00,NSE:SMLISUZU,588.85,588.85,587.05,587.5,1683.0
2020-01-27 14:00:00,NSE:SMLISUZU,587.7,587.7,581.2,581.95,2233.0
2020-01-27 15:00:00,NSE:SMLISUZU,582.0,583.5,579.0,581.2,4055.0
2020-01-28 09:00:00,NSE:SMLISUZU,584.9,594.95,582.0,590.9,8725.0
2020-01-28 10:00:00,NSE:SMLISUZU,590.9,590.95,585.25,589.95,2306.0
2020-01-28 11:00:00,NSE:SMLISUZU,589.95,592.6,588.05,589.65,2525.0
2020-01-28 12:00:00,NSE:SMLISUZU,589.0,591.0,587.05,587.35,1093.0
2020-01-28 13:00:00,NSE:SMLISUZU,587.6,587.95,583.05,584.1,1263.0
2020-01-28 14:00:00,NSE:SMLISUZU,583.85,584.9,575.7,575.85,7326.0
2020-01-28 15:00:00,NSE:SMLISUZU,577.8,584.9,576.2,580.4,3416.0
2020-01-29 09:00:00,NSE:SMLISUZU,582.2,587.95,582.0,583.95,2919.0
2020-01-29 10:00:00,NSE:SMLISUZU,584.0,585.0,582.0,583.1,857.0
2020-01-29 11:00:00,NSE:SMLISUZU,583.05,584.0,574.0,574.6,3253.0
2020-01-29 12:00:00,NSE:SMLISUZU,574.05,578.95,570.0,573.75,4838.0
2020-01-29 13:00:00,NSE:SMLISUZU,574.15,575.7,569.0,572.2,2229.0
2020-01-29 14:00:00,NSE:SMLISUZU,572.3,572.3,566.15,569.45,2730.0
2020-01-29 15:00:00,NSE:SMLISUZU,569.0,574.35,566.5,570.75,5469.0
2020-01-30 09:00:00,NSE:SMLISUZU,575.0,577.0,571.0,572.15,4210.0
2020-01-30 10:00:00,NSE:SMLISUZU,572.0,572.2,565.0,568.0,4018.0
2020-01-30 11:00:00,NSE:SMLISUZU,567.0,568.0,564.05,566.55,1237.0
2020-01-30 12:00:00,NSE:SMLISUZU,566.5,568.5,566.0,566.5,1255.0
2020-01-30 13:00:00,NSE:SMLISUZU,566.05,568.0,564.3,566.0,1166.0
2020-01-30 14:00:00,NSE:SMLISUZU,565.65,568.0,563.45,565.5,3893.0
2020-01-30 15:00:00,NSE:SMLISUZU,565.0,567.65,563.15,564.7,3712.0
2020-01-31 09:00:00,NSE:SMLISUZU,569.9,569.9,562.2,564.2,1935.0
2020-01-31 10:00:00,NSE:SMLISUZU,563.95,564.95,561.65,564.9,1342.0
2020-01-31 11:00:00,NSE:SMLISUZU,564.25,564.25,558.0,560.5,1279.0
2020-01-31 12:00:00,NSE:SMLISUZU,560.4,562.4,560.0,560.0,232.0
2020-01-31 13:00:00,NSE:SMLISUZU,561.0,562.0,559.05,560.0,1633.0
2020-01-31 14:00:00,NSE:SMLISUZU,559.35,562.0,559.35,560.9,1098.0
2020-01-31 15:00:00,NSE:SMLISUZU,560.0,562.0,560.0,561.4,1913.0
2020-02-01 09:00:00,NSE:SMLISUZU,558.2,564.9,558.2,562.65,957.0
2020-02-01 10:00:00,NSE:SMLISUZU,563.05,568.95,563.05,568.9,2100.0
2020-02-01 11:00:00,NSE:SMLISUZU,571.05,575.0,561.45,563.4,3593.0
2020-02-01 12:00:00,NSE:SMLISUZU,564.85,567.85,561.25,561.25,988.0
2020-02-01 13:00:00,NSE:SMLISUZU,560.35,564.95,540.0,554.0,6394.0
2020-02-01 14:00:00,NSE:SMLISUZU,554.0,557.15,551.0,551.9,812.0
2020-02-01 15:00:00,NSE:SMLISUZU,551.3,551.45,534.0,542.4,2740.0
2020-02-03 09:00:00,NSE:SMLISUZU,545.0,558.0,542.0,555.3,5204.0
2020-02-03 10:00:00,NSE:SMLISUZU,555.3,563.75,553.25,557.6,3577.0
2020-02-03 11:00:00,NSE:SMLISUZU,557.65,557.65,546.2,549.95,2147.0
2020-02-03 12:00:00,NSE:SMLISUZU,549.0,552.6,543.1,547.4,882.0
2020-02-03 13:00:00,NSE:SMLISUZU,546.15,550.25,539.6,539.6,3361.0
2020-02-03 14:00:00,NSE:SMLISUZU,539.55,544.65,538.2,542.7,1781.0
2020-02-03 15:00:00,NSE:SMLISUZU,542.0,545.0,540.0,540.8,2354.0
2020-02-04 09:00:00,NSE:SMLISUZU,544.0,609.8,544.0,606.5,79419.0
2020-02-04 10:00:00,NSE:SMLISUZU,607.0,644.6,600.05,640.6,852567.0
2020-02-04 11:00:00,NSE:SMLISUZU,640.25,645.0,632.3,632.3,100890.0
2020-02-04 12:00:00,NSE:SMLISUZU,632.55,634.5,621.35,631.25,68314.0
2020-02-04 13:00:00,NSE:SMLISUZU,631.65,642.0,627.0,631.65,61881.0
2020-02-04 14:00:00,NSE:SMLISUZU,632.5,648.95,630.0,648.95,308614.0
2020-02-04 15:00:00,NSE:SMLISUZU,648.95,648.95,648.95,648.95,9307.0
2020-02-05 09:00:00,NSE:SMLISUZU,659.0,665.0,617.35,626.1,198894.0
2020-02-05 10:00:00,NSE:SMLISUZU,626.95,652.7,626.1,636.9,94897.0
2020-02-05 11:00:00,NSE:SMLISUZU,635.85,640.1,631.0,633.05,20631.0
2020-02-05 12:00:00,NSE:SMLISUZU,632.7,634.3,625.0,632.0,32473.0
2020-02-05 13:00:00,NSE:SMLISUZU,630.1,631.45,621.0,625.95,11601.0
2020-02-05 14:00:00,NSE:SMLISUZU,625.1,632.0,613.75,616.5,32591.0
2020-02-05 15:00:00,NSE:SMLISUZU,617.95,622.45,612.35,617.1,40853.0
2020-02-06 09:00:00,NSE:SMLISUZU,619.9,639.0,612.15,635.0,73547.0
2020-02-06 10:00:00,NSE:SMLISUZU,635.5,645.0,624.0,626.0,82502.0
2020-02-06 11:00:00,NSE:SMLISUZU,627.0,632.0,624.0,626.9,18714.0
2020-02-06 12:00:00,NSE:SMLISUZU,627.5,627.95,618.0,618.9,10970.0
2020-02-06 13:00:00,NSE:SMLISUZU,618.9,624.35,618.0,621.5,15203.0
2020-02-06 14:00:00,NSE:SMLISUZU,620.0,622.35,614.5,617.0,27475.0
2020-02-06 15:00:00,NSE:SMLISUZU,615.9,621.05,609.15,615.1,29485.0
2020-02-07 09:00:00,NSE:SMLISUZU,613.4,624.35,610.0,622.45,25880.0
2020-02-07 10:00:00,NSE:SMLISUZU,622.45,625.0,613.0,621.3,22620.0
2020-02-07 11:00:00,NSE:SMLISUZU,621.15,621.9,618.0,618.9,5466.0
2020-02-07 12:00:00,NSE:SMLISUZU,618.9,620.6,616.0,616.0,5101.0
2020-02-07 13:00:00,NSE:SMLISUZU,615.5,615.9,608.0,612.1,11148.0
2020-02-07 14:00:00,NSE:SMLISUZU,612.05,615.0,610.0,611.75,6016.0
2020-02-07 15:00:00,NSE:SMLISUZU,611.4,613.0,605.2,610.1,15038.0
2020-02-10 09:00:00,NSE:SMLISUZU,590.0,595.0,581.7,591.1,29888.0
2020-02-10 10:00:00,NSE:SMLISUZU,591.15,591.25,585.2,587.0,12366.0
2020-02-10 11:00:00,NSE:SMLISUZU,587.0,588.15,582.35,585.95,10953.0
2020-02-10 12:00:00,NSE:SMLISUZU,585.5,585.7,582.3,583.7,3755.0
2020-02-10 13:00:00,NSE:SMLISUZU,583.0,584.15,582.05,582.5,4951.0
2020-02-10 14:00:00,NSE:SMLISUZU,582.55,583.7,582.5,582.55,3917.0
2020-02-10 15:00:00,NSE:SMLISUZU,582.5,583.9,575.1,579.25,14658.0
2020-02-11 09:00:00,NSE:SMLISUZU,583.15,592.55,581.05,592.5,13035.0
2020-02-11 10:00:00,NSE:SMLISUZU,591.25,593.0,581.0,585.45,13312.0
2020-02-11 11:00:00,NSE:SMLISUZU,585.85,588.75,582.2,584.55,3244.0
2020-02-11 12:00:00,NSE:SMLISUZU,582.65,583.95,575.25,578.05,12976.0
2020-02-11 13:00:00,NSE:SMLISUZU,578.0,583.4,577.0,581.5,2486.0
2020-02-11 14:00:00,NSE:SMLISUZU,580.2,582.3,576.4,577.55,3886.0
2020-02-11 15:00:00,NSE:SMLISUZU,577.1,577.45,565.0,569.85,11052.0
2020-02-12 09:00:00,NSE:SMLISUZU,572.0,578.0,570.05,574.9,8132.0
2020-02-12 10:00:00,NSE:SMLISUZU,573.25,581.9,570.0,572.8,12650.0
2020-02-12 11:00:00,NSE:SMLISUZU,572.55,572.55,565.0,565.65,4562.0
2020-02-12 12:00:00,NSE:SMLISUZU,565.65,567.65,560.25,562.7,5952.0
2020-02-12 13:00:00,NSE:SMLISUZU,562.0,564.0,561.0,563.65,1865.0
2020-02-12 14:00:00,NSE:SMLISUZU,563.8,567.75,562.35,562.55,4584.0
2020-02-12 15:00:00,NSE:SMLISUZU,563.05,563.45,558.3,560.6,6304.0
2020-02-13 09:00:00,NSE:SMLISUZU,562.0,569.7,558.15,558.15,7772.0
2020-02-13 10:00:00,NSE:SMLISUZU,558.15,561.75,550.55,561.75,7070.0
2020-02-13 11:00:00,NSE:SMLISUZU,561.75,564.85,556.3,559.15,2843.0
2020-02-13 12:00:00,NSE:SMLISUZU,559.45,561.7,557.8,560.0,1647.0
2020-02-13 13:00:00,NSE:SMLISUZU,560.95,561.7,555.9,556.0,1452.0
2020-02-13 14:00:00,NSE:SMLISUZU,556.0,560.0,555.1,557.0,1964.0
2020-02-13 15:00:00,NSE:SMLISUZU,557.0,559.7,556.05,557.45,5112.0
2020-02-14 09:00:00,NSE:SMLISUZU,560.0,618.2,560.0,618.0,127945.0
2020-02-14 10:00:00,NSE:SMLISUZU,619.65,629.0,605.0,609.8,288111.0
2020-02-14 11:00:00,NSE:SMLISUZU,609.1,613.0,605.9,608.5,17697.0
2020-02-14 12:00:00,NSE:SMLISUZU,608.0,614.9,606.3,606.8,28234.0
2020-02-14 13:00:00,NSE:SMLISUZU,606.9,609.95,592.0,593.75,33396.0
2020-02-14 14:00:00,NSE:SMLISUZU,592.65,596.8,585.1,589.1,31397.0
2020-02-14 15:00:00,NSE:SMLISUZU,589.7,591.9,585.25,588.0,27082.0
2020-02-17 09:00:00,NSE:SMLISUZU,588.0,592.75,578.3,583.45,17995.0
2020-02-17 10:00:00,NSE:SMLISUZU,584.0,586.15,582.15,582.35,4204.0
2020-02-17 11:00:00,NSE:SMLISUZU,582.5,583.0,578.1,580.0,4198.0
2020-02-17 12:00:00,NSE:SMLISUZU,579.15,580.0,572.1,574.0,5156.0
2020-02-17 13:00:00,NSE:SMLISUZU,574.0,578.8,572.2,574.1,2120.0
2020-02-17 14:00:00,NSE:SMLISUZU,575.2,602.5,574.5,589.0,101763.0
2020-02-17 15:00:00,NSE:SMLISUZU,589.45,589.45,581.65,584.05,17853.0
2020-02-18 09:00:00,NSE:SMLISUZU,575.5,583.7,573.0,575.6,10921.0
2020-02-18 10:00:00,NSE:SMLISUZU,575.5,591.0,575.15,578.1,25353.0
2020-02-18 11:00:00,NSE:SMLISUZU,578.2,580.95,575.0,575.0,5887.0
2020-02-18 12:00:00,NSE:SMLISUZU,575.45,575.95,572.0,575.1,3353.0
2020-02-18 13:00:00,NSE:SMLISUZU,575.65,576.7,570.15,574.0,4493.0
2020-02-18 14:00:00,NSE:SMLISUZU,573.85,577.4,571.0,572.55,4784.0
2020-02-18 15:00:00,NSE:SMLISUZU,573.0,575.0,571.25,573.2,8633.0
2020-02-19 09:00:00,NSE:SMLISUZU,579.8,582.0,574.0,575.85,10713.0
2020-02-19 10:00:00,NSE:SMLISUZU,576.5,579.9,575.0,577.3,3454.0
2020-02-19 11:00:00,NSE:SMLISUZU,577.3,588.0,575.2,579.1,27387.0
2020-02-19 12:00:00,NSE:SMLISUZU,580.8,585.0,578.05,580.8,7541.0
2020-02-19 13:00:00,NSE:SMLISUZU,580.8,581.35,576.65,578.0,4340.0
2020-02-19 14:00:00,NSE:SMLISUZU,577.95,581.15,571.05,575.55,7700.0
2020-02-19 15:00:00,NSE:SMLISUZU,576.85,578.15,571.25,574.75,10116.0
2020-02-20 09:00:00,NSE:SMLISUZU,575.65,580.9,573.15,576.05,8759.0
2020-02-20 10:00:00,NSE:SMLISUZU,577.05,595.0,577.0,589.0,41159.0
2020-02-20 11:00:00,NSE:SMLISUZU,589.25,589.25,582.0,585.2,10770.0
2020-02-20 12:00:00,NSE:SMLISUZU,585.15,589.0,585.0,585.2,2963.0
2020-02-20 13:00:00,NSE:SMLISUZU,585.2,585.9,578.1,579.55,4967.0
2020-02-20 14:00:00,NSE:SMLISUZU,579.9,583.0,578.0,579.45,6326.0
2020-02-20 15:00:00,NSE:SMLISUZU,578.25,578.3,574.0,575.85,11192.0
2020-02-24 09:00:00,NSE:SMLISUZU,570.0,575.0,566.4,568.0,9070.0
2020-02-24 10:00:00,NSE:SMLISUZU,568.35,571.0,568.0,571.0,2708.0
2020-02-24 11:00:00,NSE:SMLISUZU,571.0,573.0,568.0,571.0,4648.0
2020-02-24 12:00:00,NSE:SMLISUZU,571.0,572.5,567.5,568.9,1580.0
2020-02-24 13:00:00,NSE:SMLISUZU,567.2,570.0,565.5,567.05,2151.0
2020-02-24 14:00:00,NSE:SMLISUZU,566.95,570.6,563.0,564.8,6596.0
2020-02-24 15:00:00,NSE:SMLISUZU,564.6,564.8,556.0,560.7,7321.0
2020-02-25 09:00:00,NSE:SMLISUZU,564.6,565.0,551.5,554.2,6610.0
2020-02-25 10:00:00,NSE:SMLISUZU,554.2,560.2,552.0,554.95,3926.0
2020-02-25 11:00:00,NSE:SMLISUZU,554.95,560.0,554.95,556.85,1527.0
2020-02-25 12:00:00,NSE:SMLISUZU,556.9,559.3,555.0,556.9,2413.0
2020-02-25 13:00:00,NSE:SMLISUZU,556.25,557.0,553.05,555.95,1440.0
2020-02-25 14:00:00,NSE:SMLISUZU,556.0,557.0,551.0,551.75,4523.0
2020-02-25 15:00:00,NSE:SMLISUZU,548.0,552.65,545.85,547.55,8972.0
2020-02-26 09:00:00,NSE:SMLISUZU,546.0,550.0,540.0,549.15,6169.0
2020-02-26 10:00:00,NSE:SMLISUZU,549.0,549.85,542.75,544.0,3740.0
2020-02-26 11:00:00,NSE:SMLISUZU,544.0,545.05,541.65,542.25,1424.0
2020-02-26 12:00:00,NSE:SMLISUZU,542.5,546.3,541.7,542.4,2503.0
2020-02-26 13:00:00,NSE:SMLISUZU,543.0,545.0,541.5,542.55,2103.0
2020-02-26 14:00:00,NSE:SMLISUZU,542.4,543.5,539.15,541.4,4444.0
2020-02-26 15:00:00,NSE:SMLISUZU,541.35,541.55,536.95,539.65,3944.0
2020-02-27 09:00:00,NSE:SMLISUZU,542.95,545.0,531.3,531.55,5353.0
2020-02-27 10:00:00,NSE:SMLISUZU,531.5,531.85,523.0,527.75,6713.0
2020-02-27 11:00:00,NSE:SMLISUZU,527.25,534.0,526.0,530.35,3862.0
2020-02-27 12:00:00,NSE:SMLISUZU,530.1,530.65,526.05,527.1,3239.0
2020-02-27 13:00:00,NSE:SMLISUZU,528.1,534.0,528.1,529.1,4475.0
2020-02-27 14:00:00,NSE:SMLISUZU,527.2,530.0,525.75,529.05,3811.0
2020-02-27 15:00:00,NSE:SMLISUZU,529.45,531.6,525.0,527.95,3353.0
2020-02-28 09:00:00,NSE:SMLISUZU,516.0,516.35,485.0,490.75,16655.0
2020-02-28 10:00:00,NSE:SMLISUZU,490.0,506.3,485.0,501.65,12508.0
2020-02-28 11:00:00,NSE:SMLISUZU,502.25,503.9,498.0,498.05,2894.0
2020-02-28 12:00:00,NSE:SMLISUZU,498.65,499.0,495.0,498.5,3623.0
2020-02-28 13:00:00,NSE:SMLISUZU,499.15,499.9,495.15,497.0,2843.0
2020-02-28 14:00:00,NSE:SMLISUZU,497.0,497.5,492.05,492.25,4366.0
2020-02-28 15:00:00,NSE:SMLISUZU,492.0,492.2,485.0,487.9,7173.0
2020-03-02 09:00:00,NSE:SMLISUZU,499.9,510.0,495.0,502.65,8898.0
2020-03-02 10:00:00,NSE:SMLISUZU,503.25,504.8,500.0,504.0,3934.0
2020-03-02 11:00:00,NSE:SMLISUZU,502.7,506.95,502.2,505.6,3493.0
2020-03-02 12:00:00,NSE:SMLISUZU,505.3,522.0,502.95,505.8,39257.0
2020-03-02 13:00:00,NSE:SMLISUZU,505.5,511.0,497.95,500.55,12108.0
2020-03-02 14:00:00,NSE:SMLISUZU,499.25,504.5,496.0,498.0,89644.0
2020-03-02 15:00:00,NSE:SMLISUZU,497.5,497.75,477.3,487.4,15401.0
2020-03-03 09:00:00,NSE:SMLISUZU,493.8,497.9,491.7,494.95,4732.0
2020-03-03 10:00:00,NSE:SMLISUZU,495.0,495.7,481.35,487.75,4117.0
2020-03-03 11:00:00,NSE:SMLISUZU,489.0,492.8,483.0,484.7,2769.0
2020-03-03 12:00:00,NSE:SMLISUZU,485.0,489.0,482.45,486.95,1866.0
2020-03-03 13:00:00,NSE:SMLISUZU,487.1,487.15,477.0,479.15,9785.0
2020-03-03 14:00:00,NSE:SMLISUZU,477.7,482.0,477.5,480.8,5724.0
2020-03-03 15:00:00,NSE:SMLISUZU,481.1,482.55,470.0,475.15,8130.0
2020-03-04 09:00:00,NSE:SMLISUZU,475.0,490.4,475.0,484.8,11770.0
2020-03-04 10:00:00,NSE:SMLISUZU,484.85,488.95,478.15,478.9,6719.0
2020-03-04 11:00:00,NSE:SMLISUZU,479.15,480.0,471.55,473.55,3968.0
2020-03-04 12:00:00,NSE:SMLISUZU,473.55,476.0,471.2,472.0,3186.0
2020-03-04 13:00:00,NSE:SMLISUZU,472.0,472.2,451.1,455.45,9900.0
2020-03-04 14:00:00,NSE:SMLISUZU,455.45,460.0,451.7,459.1,3783.0
2020-03-04 15:00:00,NSE:SMLISUZU,459.05,470.1,459.05,465.8,10074.0
2020-03-05 09:00:00,NSE:SMLISUZU,468.25,474.05,464.8,465.8,5459.0
2020-03-05 10:00:00,NSE:SMLISUZU,465.75,470.0,465.0,468.25,1219.0
2020-03-05 11:00:00,NSE:SMLISUZU,468.85,472.5,467.45,470.0,7147.0
2020-03-05 12:00:00,NSE:SMLISUZU,468.5,473.0,462.5,464.9,4694.0
2020-03-05 13:00:00,NSE:SMLISUZU,463.5,465.7,456.15,459.75,3812.0
2020-03-05 14:00:00,NSE:SMLISUZU,458.6,460.5,451.1,455.0,4379.0
2020-03-05 15:00:00,NSE:SMLISUZU,455.05,455.45,450.0,453.1,5162.0
2020-03-06 09:00:00,NSE:SMLISUZU,441.0,441.0,427.0,431.1,8077.0
2020-03-06 10:00:00,NSE:SMLISUZU,432.25,435.85,425.5,429.95,6050.0
2020-03-06 11:00:00,NSE:SMLISUZU,430.0,430.6,427.0,430.0,3504.0
2020-03-06 12:00:00,NSE:SMLISUZU,429.05,435.0,428.55,433.1,3727.0
2020-03-06 13:00:00,NSE:SMLISUZU,433.35,436.2,430.5,434.45,3215.0
2020-03-06 14:00:00,NSE:SMLISUZU,434.7,436.1,431.2,432.0,2296.0
2020-03-06 15:00:00,NSE:SMLISUZU,432.45,432.95,428.55,430.4,6155.0
2020-03-09 09:00:00,NSE:SMLISUZU,421.0,422.05,406.5,409.85,9388.0
2020-03-09 10:00:00,NSE:SMLISUZU,409.05,412.5,408.1,409.0,4058.0
2020-03-09 11:00:00,NSE:SMLISUZU,409.75,410.0,405.55,409.95,3254.0
2020-03-09 12:00:00,NSE:SMLISUZU,409.6,410.0,400.0,400.8,5494.0
2020-03-09 13:00:00,NSE:SMLISUZU,402.85,402.95,397.5,400.3,3753.0
2020-03-09 14:00:00,NSE:SMLISUZU,401.8,407.3,401.0,406.8,2710.0
2020-03-09 15:00:00,NSE:SMLISUZU,406.9,407.25,400.1,403.55,3536.0
2020-03-11 09:00:00,NSE:SMLISUZU,401.1,415.35,400.95,408.0,4747.0
2020-03-11 10:00:00,NSE:SMLISUZU,408.0,408.0,391.0,397.0,3764.0
2020-03-11 11:00:00,NSE:SMLISUZU,397.0,406.75,396.45,406.75,2050.0
2020-03-11 12:00:00,NSE:SMLISUZU,407.0,407.9,401.1,402.5,1923.0
2020-03-11 13:00:00,NSE:SMLISUZU,404.15,404.2,400.0,400.9,1382.0
2020-03-11 14:00:00,NSE:SMLISUZU,402.0,404.05,400.0,402.85,2114.0
2020-03-11 15:00:00,NSE:SMLISUZU,402.5,402.7,396.0,399.2,2522.0
2020-03-12 09:00:00,NSE:SMLISUZU,395.95,395.95,365.25,379.0,9848.0
2020-03-12 10:00:00,NSE:SMLISUZU,379.0,379.0,365.0,367.95,5707.0
2020-03-12 11:00:00,NSE:SMLISUZU,367.9,367.9,360.0,362.85,5129.0
2020-03-12 12:00:00,NSE:SMLISUZU,360.0,366.45,360.0,365.9,4145.0
2020-03-12 13:00:00,NSE:SMLISUZU,365.4,366.75,360.0,364.75,3545.0
2020-03-12 14:00:00,NSE:SMLISUZU,363.85,363.85,351.65,352.0,5870.0
2020-03-12 15:00:00,NSE:SMLISUZU,352.9,384.0,352.9,372.0,8849.0
2020-03-13 09:00:00,NSE:SMLISUZU,321.1,360.0,321.1,349.95,4898.0
2020-03-13 10:00:00,NSE:SMLISUZU,305.0,390.0,305.0,365.0,12634.0
2020-03-13 11:00:00,NSE:SMLISUZU,365.0,365.0,350.0,360.85,6669.0
2020-03-13 12:00:00,NSE:SMLISUZU,361.3,395.0,360.35,381.3,6885.0
2020-03-13 13:00:00,NSE:SMLISUZU,381.3,404.85,379.5,382.9,6427.0
2020-03-13 14:00:00,NSE:SMLISUZU,383.0,385.0,379.0,384.9,2098.0
2020-03-13 15:00:00,NSE:SMLISUZU,384.95,439.0,383.45,400.7,7978.0
2020-03-16 09:00:00,NSE:SMLISUZU,395.0,395.0,365.0,382.75,5874.0
2020-03-16 10:00:00,NSE:SMLISUZU,382.75,386.45,380.65,385.45,2413.0
2020-03-16 11:00:00,NSE:SMLISUZU,385.45,386.95,383.1,385.9,2455.0
2020-03-16 12:00:00,NSE:SMLISUZU,385.9,385.9,372.6,373.0,2609.0
2020-03-16 13:00:00,NSE:SMLISUZU,375.85,376.7,372.95,375.2,753.0
2020-03-16 14:00:00,NSE:SMLISUZU,373.55,375.7,370.0,371.0,2282.0
2020-03-16 15:00:00,NSE:SMLISUZU,371.0,374.4,366.0,370.35,2053.0
2020-03-17 09:00:00,NSE:SMLISUZU,361.5,371.95,350.0,363.25,6349.0
2020-03-17 10:00:00,NSE:SMLISUZU,365.45,367.45,362.2,366.1,2817.0
2020-03-17 11:00:00,NSE:SMLISUZU,366.05,366.05,352.55,356.9,4815.0
2020-03-17 12:00:00,NSE:SMLISUZU,356.95,358.95,353.35,355.45,3121.0
2020-03-17 13:00:00,NSE:SMLISUZU,354.65,360.3,353.55,356.45,3896.0
2020-03-17 14:00:00,NSE:SMLISUZU,356.85,356.9,350.0,350.95,3255.0
2020-03-17 15:00:00,NSE:SMLISUZU,350.0,351.05,345.0,346.4,12299.0
2020-03-18 09:00:00,NSE:SMLISUZU,350.0,359.0,345.05,347.0,2672.0
2020-03-18 10:00:00,NSE:SMLISUZU,345.05,348.7,331.0,331.35,5113.0
2020-03-18 11:00:00,NSE:SMLISUZU,333.7,334.45,325.0,330.0,4799.0
2020-03-18 12:00:00,NSE:SMLISUZU,329.0,329.0,316.0,320.1,3119.0
2020-03-18 13:00:00,NSE:SMLISUZU,321.8,322.0,315.0,317.0,2478.0
2020-03-18 14:00:00,NSE:SMLISUZU,316.65,320.95,314.9,316.35,3488.0
2020-03-18 15:00:00,NSE:SMLISUZU,315.7,316.35,311.65,314.5,2337.0
2020-03-19 09:00:00,NSE:SMLISUZU,305.0,305.0,282.0,289.9,13882.0
2020-03-19 10:00:00,NSE:SMLISUZU,289.0,299.2,285.35,293.0,4331.0
2020-03-19 11:00:00,NSE:SMLISUZU,293.3,308.4,291.75,302.9,3874.0
2020-03-19 12:00:00,NSE:SMLISUZU,303.0,305.05,300.0,305.05,2502.0
2020-03-19 13:00:00,NSE:SMLISUZU,305.05,314.4,302.5,314.25,4571.0
2020-03-19 14:00:00,NSE:SMLISUZU,312.4,314.2,290.4,298.0,5046.0
2020-03-19 15:00:00,NSE:SMLISUZU,298.0,298.8,291.0,295.6,2581.0
2020-03-20 09:00:00,NSE:SMLISUZU,299.0,310.0,295.6,301.0,5934.0
2020-03-20 10:00:00,NSE:SMLISUZU,301.9,307.15,301.05,307.15,2046.0
2020-03-20 11:00:00,NSE:SMLISUZU,306.5,313.3,306.0,312.0,4041.0
2020-03-20 12:00:00,NSE:SMLISUZU,312.0,323.2,310.2,320.3,6667.0
2020-03-20 13:00:00,NSE:SMLISUZU,320.25,324.2,310.5,311.0,3723.0
2020-03-20 14:00:00,NSE:SMLISUZU,311.0,312.0,305.55,309.25,4343.0
2020-03-20 15:00:00,NSE:SMLISUZU,309.25,311.0,306.9,309.95,4252.0
2020-03-23 09:00:00,NSE:SMLISUZU,289.25,301.8,282.0,296.8,8580.0
2020-03-23 10:00:00,NSE:SMLISUZU,296.8,323.9,291.0,291.05,8839.0
2020-03-23 11:00:00,NSE:SMLISUZU,296.5,297.85,291.0,292.95,5583.0
2020-03-23 12:00:00,NSE:SMLISUZU,292.0,294.2,292.0,293.0,2441.0
2020-03-23 13:00:00,NSE:SMLISUZU,293.9,294.2,291.0,291.05,2498.0
2020-03-23 14:00:00,NSE:SMLISUZU,292.6,292.7,283.0,283.05,7772.0
2020-03-23 15:00:00,NSE:SMLISUZU,283.1,300.0,283.05,288.2,5530.0
2020-03-24 09:00:00,NSE:SMLISUZU,307.35,309.0,286.85,290.0,2623.0
2020-03-24 10:00:00,NSE:SMLISUZU,290.0,290.0,280.1,286.95,2599.0
2020-03-24 11:00:00,NSE:SMLISUZU,286.5,297.95,286.5,297.0,14268.0
2020-03-24 12:00:00,NSE:SMLISUZU,297.0,304.0,295.0,304.0,2027.0
2020-03-24 13:00:00,NSE:SMLISUZU,301.9,306.35,300.6,306.35,1684.0
2020-03-24 14:00:00,NSE:SMLISUZU,306.35,309.0,300.45,305.0,2623.0
2020-03-24 15:00:00,NSE:SMLISUZU,303.75,309.75,302.0,305.05,7413.0
2020-03-25 09:00:00,NSE:SMLISUZU,307.0,307.0,290.05,291.45,2881.0
2020-03-25 10:00:00,NSE:SMLISUZU,291.45,294.7,290.0,292.4,3024.0
2020-03-25 11:00:00,NSE:SMLISUZU,292.7,295.0,291.05,294.35,1682.0
2020-03-25 12:00:00,NSE:SMLISUZU,294.9,303.0,290.0,300.1,3527.0
2020-03-25 13:00:00,NSE:SMLISUZU,300.1,319.0,296.15,305.25,6231.0
2020-03-25 14:00:00,NSE:SMLISUZU,305.4,310.9,305.05,306.7,2443.0
2020-03-25 15:00:00,NSE:SMLISUZU,307.0,307.3,300.0,302.0,2670.0
2020-03-26 09:00:00,NSE:SMLISUZU,302.85,320.0,302.85,318.0,2693.0
2020-03-26 10:00:00,NSE:SMLISUZU,318.0,325.35,315.0,315.25,6042.0
2020-03-26 11:00:00,NSE:SMLISUZU,315.35,318.1,315.0,317.9,2204.0
2020-03-26 12:00:00,NSE:SMLISUZU,317.8,325.0,317.25,321.45,2593.0
2020-03-26 13:00:00,NSE:SMLISUZU,321.05,321.05,315.0,315.95,2043.0
2020-03-26 14:00:00,NSE:SMLISUZU,315.95,315.95,305.35,313.0,2444.0
2020-03-26 15:00:00,NSE:SMLISUZU,312.05,315.0,303.0,310.95,2715.0
2020-03-27 09:00:00,NSE:SMLISUZU,324.0,332.8,316.1,322.45,5430.0
2020-03-27 10:00:00,NSE:SMLISUZU,323.5,324.35,313.3,314.7,2759.0
2020-03-27 11:00:00,NSE:SMLISUZU,313.55,319.15,308.0,312.5,2717.0
2020-03-27 12:00:00,NSE:SMLISUZU,312.5,312.5,311.25,312.5,407.0
2020-03-27 13:00:00,NSE:SMLISUZU,311.6,312.45,307.9,309.3,1078.0
2020-03-27 14:00:00,NSE:SMLISUZU,309.3,311.0,306.25,309.5,2274.0
2020-03-27 15:00:00,NSE:SMLISUZU,308.7,311.0,305.0,308.15,4655.0
2020-03-30 09:00:00,NSE:SMLISUZU,318.0,318.0,292.0,299.0,2218.0
2020-03-30 10:00:00,NSE:SMLISUZU,299.0,299.0,296.15,298.25,1378.0
2020-03-30 11:00:00,NSE:SMLISUZU,298.05,298.4,295.0,295.05,1160.0
2020-03-30 12:00:00,NSE:SMLISUZU,295.15,297.55,293.5,293.5,2165.0
2020-03-30 13:00:00,NSE:SMLISUZU,293.85,295.0,292.2,292.7,1333.0
2020-03-30 14:00:00,NSE:SMLISUZU,293.95,295.0,290.75,290.75,2125.0
2020-03-30 15:00:00,NSE:SMLISUZU,290.0,297.9,285.05,295.0,2673.0
2020-03-31 09:00:00,NSE:SMLISUZU,299.0,306.75,296.1,299.2,2032.0
2020-03-31 10:00:00,NSE:SMLISUZU,299.9,315.0,299.1,312.0,5382.0
2020-03-31 11:00:00,NSE:SMLISUZU,312.05,312.05,302.85,310.75,2560.0
2020-03-31 12:00:00,NSE:SMLISUZU,310.45,311.0,305.8,307.95,1060.0
2020-03-31 13:00:00,NSE:SMLISUZU,306.0,309.0,303.65,303.7,1795.0
2020-03-31 14:00:00,NSE:SMLISUZU,303.25,305.15,299.65,299.9,2364.0
2020-03-31 15:00:00,NSE:SMLISUZU,299.85,300.75,299.0,300.15,4088.0
2020-04-01 09:00:00,NSE:SMLISUZU,302.55,306.45,302.55,304.0,1527.0
2020-04-01 10:00:00,NSE:SMLISUZU,303.0,313.15,298.45,301.65,3708.0
2020-04-01 11:00:00,NSE:SMLISUZU,301.65,307.9,300.0,305.45,805.0
2020-04-01 12:00:00,NSE:SMLISUZU,304.1,308.3,301.5,303.25,581.0
2020-04-01 13:00:00,NSE:SMLISUZU,302.45,302.45,295.0,298.25,7557.0
2020-04-01 14:00:00,NSE:SMLISUZU,298.5,300.0,298.1,300.0,2059.0
2020-04-01 15:00:00,NSE:SMLISUZU,300.0,311.05,299.45,305.8,5078.0
2020-04-03 09:00:00,NSE:SMLISUZU,301.35,301.35,296.85,300.5,1529.0
2020-04-03 10:00:00,NSE:SMLISUZU,300.05,302.3,297.3,298.75,1251.0
2020-04-03 11:00:00,NSE:SMLISUZU,297.45,302.9,297.4,302.9,252.0
2020-04-03 12:00:00,NSE:SMLISUZU,303.05,303.85,299.5,300.0,1847.0
2020-04-03 13:00:00,NSE:SMLISUZU,300.05,304.8,299.65,300.55,901.0
2020-04-03 14:00:00,NSE:SMLISUZU,300.5,302.0,295.1,299.75,2441.0
2020-04-03 15:00:00,NSE:SMLISUZU,299.0,300.0,297.0,298.55,2305.0
2020-04-07 09:00:00,NSE:SMLISUZU,309.9,311.0,303.15,305.25,2358.0
2020-04-07 10:00:00,NSE:SMLISUZU,301.65,305.15,301.0,304.65,1320.0
2020-04-07 11:00:00,NSE:SMLISUZU,304.7,313.0,304.7,306.3,4571.0
2020-04-07 12:00:00,NSE:SMLISUZU,306.3,309.85,305.65,309.8,807.0
2020-04-07 13:00:00,NSE:SMLISUZU,309.8,318.0,307.05,314.1,4479.0
2020-04-07 14:00:00,NSE:SMLISUZU,314.1,316.7,307.7,314.95,4676.0
2020-04-07 15:00:00,NSE:SMLISUZU,315.0,315.0,307.15,310.35,2402.0
2020-04-08 09:00:00,NSE:SMLISUZU,304.0,321.0,304.0,318.95,4280.0
2020-04-08 10:00:00,NSE:SMLISUZU,318.95,327.0,316.35,319.0,5769.0
2020-04-08 11:00:00,NSE:SMLISUZU,317.0,318.7,315.1,315.95,1624.0
2020-04-08 12:00:00,NSE:SMLISUZU,316.35,316.7,314.0,315.95,4035.0
2020-04-08 13:00:00,NSE:SMLISUZU,314.35,316.15,313.95,314.05,546.0
2020-04-08 14:00:00,NSE:SMLISUZU,314.1,318.35,312.0,315.0,1281.0
2020-04-08 15:00:00,NSE:SMLISUZU,315.0,319.0,314.0,316.15,1529.0
2020-04-09 09:00:00,NSE:SMLISUZU,320.0,349.0,314.85,337.05,16777.0
2020-04-09 10:00:00,NSE:SMLISUZU,339.0,344.9,334.75,339.0,6652.0
2020-04-09 11:00:00,NSE:SMLISUZU,338.65,350.0,334.05,344.7,26148.0
2020-04-09 12:00:00,NSE:SMLISUZU,343.5,345.0,342.5,342.5,3323.0
2020-04-09 13:00:00,NSE:SMLISUZU,343.0,344.8,337.0,337.95,3692.0
2020-04-09 14:00:00,NSE:SMLISUZU,338.4,347.8,334.15,342.2,8759.0
2020-04-09 15:00:00,NSE:SMLISUZU,343.0,344.85,338.05,340.8,4103.0
2020-04-13 09:00:00,NSE:SMLISUZU,339.9,339.9,325.05,325.65,4166.0
2020-04-13 10:00:00,NSE:SMLISUZU,326.85,332.95,323.0,330.0,1876.0
2020-04-13 11:00:00,NSE:SMLISUZU,329.95,335.2,328.15,330.8,2107.0
2020-04-13 12:00:00,NSE:SMLISUZU,330.8,334.3,330.8,334.1,932.0
2020-04-13 13:00:00,NSE:SMLISUZU,333.0,334.4,330.0,330.05,1169.0
2020-04-13 14:00:00,NSE:SMLISUZU,330.1,337.85,330.1,336.45,2119.0
2020-04-13 15:00:00,NSE:SMLISUZU,337.2,337.7,330.0,334.75,3416.0
2020-04-15 09:00:00,NSE:SMLISUZU,340.0,355.0,338.0,351.5,13734.0
2020-04-15 10:00:00,NSE:SMLISUZU,350.0,354.0,344.35,350.7,4255.0
2020-04-15 11:00:00,NSE:SMLISUZU,351.6,353.1,349.0,352.05,3155.0
2020-04-15 12:00:00,NSE:SMLISUZU,352.85,352.9,349.2,349.25,1617.0
2020-04-15 13:00:00,NSE:SMLISUZU,349.25,351.0,341.7,343.9,2943.0
2020-04-15 14:00:00,NSE:SMLISUZU,343.05,344.65,341.1,342.1,3721.0
2020-04-15 15:00:00,NSE:SMLISUZU,342.55,346.3,341.4,345.0,1305.0
2020-04-16 09:00:00,NSE:SMLISUZU,338.0,350.95,338.0,346.45,1771.0
2020-04-16 10:00:00,NSE:SMLISUZU,348.4,354.85,345.25,349.05,1998.0
2020-04-16 11:00:00,NSE:SMLISUZU,347.5,353.0,347.0,348.95,1410.0
2020-04-16 12:00:00,NSE:SMLISUZU,348.0,352.0,346.15,347.15,982.0
2020-04-16 13:00:00,NSE:SMLISUZU,348.0,351.4,347.25,349.85,1523.0
2020-04-16 14:00:00,NSE:SMLISUZU,349.5,352.0,348.05,351.45,1355.0
2020-04-16 15:00:00,NSE:SMLISUZU,351.15,351.15,348.0,351.0,1386.0
2020-04-17 09:00:00,NSE:SMLISUZU,358.0,363.0,352.0,359.85,4039.0
2020-04-17 10:00:00,NSE:SMLISUZU,359.85,372.7,356.15,362.15,11350.0
2020-04-17 11:00:00,NSE:SMLISUZU,362.2,375.0,362.2,365.0,8144.0
2020-04-17 12:00:00,NSE:SMLISUZU,364.0,367.1,360.95,367.05,2280.0
2020-04-17 13:00:00,NSE:SMLISUZU,367.0,384.4,365.5,378.1,18012.0
2020-04-17 14:00:00,NSE:SMLISUZU,378.1,397.0,377.5,392.95,34563.0
2020-04-17 15:00:00,NSE:SMLISUZU,392.9,395.0,383.0,388.0,10646.0
2020-04-20 09:00:00,NSE:SMLISUZU,392.0,405.0,377.9,392.0,17558.0
2020-04-20 10:00:00,NSE:SMLISUZU,392.0,397.95,392.0,396.15,3133.0
2020-04-20 11:00:00,NSE:SMLISUZU,397.75,399.8,384.85,390.0,4584.0
2020-04-20 12:00:00,NSE:SMLISUZU,390.0,390.0,385.1,386.3,1973.0
2020-04-20 13:00:00,NSE:SMLISUZU,386.65,389.75,384.55,388.25,899.0
2020-04-20 14:00:00,NSE:SMLISUZU,388.25,393.0,382.55,385.95,2748.0
2020-04-20 15:00:00,NSE:SMLISUZU,385.0,386.0,382.0,383.65,3151.0
2020-04-21 09:00:00,NSE:SMLISUZU,374.95,379.5,366.0,374.9,4266.0
2020-04-21 10:00:00,NSE:SMLISUZU,372.7,373.0,363.55,367.95,1323.0
2020-04-21 11:00:00,NSE:SMLISUZU,366.05,369.85,363.0,365.4,2998.0
2020-04-21 12:00:00,NSE:SMLISUZU,364.0,365.0,362.5,362.5,1808.0
2020-04-21 13:00:00,NSE:SMLISUZU,363.35,363.8,360.1,363.0,774.0
2020-04-21 14:00:00,NSE:SMLISUZU,362.6,365.0,357.2,362.0,2505.0
2020-04-21 15:00:00,NSE:SMLISUZU,363.5,371.95,361.5,366.75,2951.0
2020-04-22 09:00:00,NSE:SMLISUZU,362.0,365.65,360.6,364.65,1250.0
2020-04-22 10:00:00,NSE:SMLISUZU,364.65,384.75,363.1,382.0,5665.0
2020-04-22 11:00:00,NSE:SMLISUZU,381.55,396.4,380.0,382.0,20801.0
2020-04-22 12:00:00,NSE:SMLISUZU,382.0,385.0,375.05,381.55,2357.0
2020-04-22 13:00:00,NSE:SMLISUZU,380.0,382.95,376.4,379.4,1411.0
2020-04-22 14:00:00,NSE:SMLISUZU,379.75,384.5,378.0,383.4,1856.0
2020-04-22 15:00:00,NSE:SMLISUZU,383.05,385.65,378.05,381.3,2517.0
2020-04-23 09:00:00,NSE:SMLISUZU,380.35,393.5,377.05,389.95,4440.0
2020-04-23 10:00:00,NSE:SMLISUZU,387.6,390.0,384.0,384.05,3674.0
2020-04-23 11:00:00,NSE:SMLISUZU,384.3,387.0,380.0,386.0,1855.0
2020-04-23 12:00:00,NSE:SMLISUZU,386.0,386.0,381.55,381.55,895.0
2020-04-23 13:00:00,NSE:SMLISUZU,383.85,383.85,379.05,381.85,830.0
2020-04-23 14:00:00,NSE:SMLISUZU,381.85,382.95,380.0,381.9,1090.0
2020-04-23 15:00:00,NSE:SMLISUZU,382.4,382.4,371.35,371.5,2463.0
2020-04-24 09:00:00,NSE:SMLISUZU,375.5,377.0,367.0,374.45,3347.0
2020-04-24 10:00:00,NSE:SMLISUZU,374.45,375.45,371.6,374.0,843.0
2020-04-24 11:00:00,NSE:SMLISUZU,374.0,374.95,371.05,371.05,524.0
2020-04-24 12:00:00,NSE:SMLISUZU,371.05,373.95,370.2,371.05,347.0
2020-04-24 13:00:00,NSE:SMLISUZU,371.8,372.4,369.0,369.0,673.0
2020-04-24 14:00:00,NSE:SMLISUZU,369.0,369.9,356.0,356.2,2945.0
2020-04-24 15:00:00,NSE:SMLISUZU,357.55,361.65,354.05,357.6,2130.0
2020-04-27 09:00:00,NSE:SMLISUZU,373.0,373.0,363.0,365.0,1095.0
2020-04-27 10:00:00,NSE:SMLISUZU,364.3,372.1,364.3,367.25,1887.0
2020-04-27 11:00:00,NSE:SMLISUZU,368.95,370.0,365.05,366.0,663.0
2020-04-27 12:00:00,NSE:SMLISUZU,365.6,367.75,364.0,366.0,687.0
2020-04-27 13:00:00,NSE:SMLISUZU,365.05,367.0,364.1,367.0,410.0
2020-04-27 14:00:00,NSE:SMLISUZU,365.1,365.1,362.0,364.0,1289.0
2020-04-27 15:00:00,NSE:SMLISUZU,362.5,364.2,360.0,361.85,1023.0
2020-04-28 09:00:00,NSE:SMLISUZU,368.0,368.0,364.05,365.7,1464.0
2020-04-28 10:00:00,NSE:SMLISUZU,365.0,365.0,360.65,363.9,793.0
2020-04-28 11:00:00,NSE:SMLISUZU,363.9,364.9,361.65,362.6,966.0
2020-04-28 12:00:00,NSE:SMLISUZU,363.85,363.85,361.25,362.9,384.0
2020-04-28 13:00:00,NSE:SMLISUZU,362.9,363.0,361.0,362.35,313.0
2020-04-28 14:00:00,NSE:SMLISUZU,362.0,364.55,361.05,364.25,651.0
2020-04-28 15:00:00,NSE:SMLISUZU,364.25,364.3,360.0,362.0,1487.0
2020-04-29 09:00:00,NSE:SMLISUZU,367.0,374.0,362.55,366.15,3014.0
2020-04-29 10:00:00,NSE:SMLISUZU,367.05,372.7,365.95,371.0,2728.0
2020-04-29 11:00:00,NSE:SMLISUZU,371.25,396.5,370.15,383.4,21448.0
2020-04-29 12:00:00,NSE:SMLISUZU,383.4,389.9,383.0,386.75,3481.0
2020-04-29 13:00:00,NSE:SMLISUZU,383.05,386.95,383.05,384.35,2930.0
2020-04-29 14:00:00,NSE:SMLISUZU,384.2,405.0,382.55,389.1,107819.0
2020-04-29 15:00:00,NSE:SMLISUZU,389.85,393.95,388.0,390.7,14820.0
2020-04-30 09:00:00,NSE:SMLISUZU,396.7,408.0,390.0,403.05,28891.0
2020-04-30 10:00:00,NSE:SMLISUZU,404.5,405.85,395.2,397.0,8639.0
2020-04-30 11:00:00,NSE:SMLISUZU,397.0,400.9,390.85,399.2,6991.0
2020-04-30 12:00:00,NSE:SMLISUZU,399.2,402.0,395.0,395.1,2615.0
2020-04-30 13:00:00,NSE:SMLISUZU,396.0,396.0,392.0,392.15,3200.0
2020-04-30 14:00:00,NSE:SMLISUZU,392.0,394.8,385.25,388.75,6921.0
2020-04-30 15:00:00,NSE:SMLISUZU,389.0,392.0,388.0,390.05,4118.0
2020-05-04 09:00:00,NSE:SMLISUZU,375.05,382.0,362.55,364.75,9265.0
2020-05-04 10:00:00,NSE:SMLISUZU,365.0,380.9,363.15,367.8,19280.0
2020-05-04 11:00:00,NSE:SMLISUZU,367.0,369.0,364.0,368.45,2226.0
2020-05-04 12:00:00,NSE:SMLISUZU,368.3,371.8,363.2,364.2,3261.0
2020-05-04 13:00:00,NSE:SMLISUZU,365.9,366.95,361.4,363.75,3505.0
2020-05-04 14:00:00,NSE:SMLISUZU,364.95,369.4,356.85,364.85,16455.0
2020-05-04 15:00:00,NSE:SMLISUZU,364.5,364.9,359.3,360.0,4338.0
2020-05-05 09:00:00,NSE:SMLISUZU,369.0,372.65,366.0,369.45,4570.0
2020-05-05 10:00:00,NSE:SMLISUZU,368.0,369.9,361.1,367.95,7174.0
2020-05-05 11:00:00,NSE:SMLISUZU,366.85,368.45,365.0,366.35,548.0
2020-05-05 12:00:00,NSE:SMLISUZU,365.35,366.15,362.8,363.85,1058.0
2020-05-05 13:00:00,NSE:SMLISUZU,363.8,366.45,362.85,366.0,2111.0
2020-05-05 14:00:00,NSE:SMLISUZU,365.0,365.75,357.0,358.0,3152.0
2020-05-05 15:00:00,NSE:SMLISUZU,357.95,360.25,356.75,358.1,2544.0
2020-05-06 09:00:00,NSE:SMLISUZU,352.5,358.1,350.1,356.2,3114.0
2020-05-06 10:00:00,NSE:SMLISUZU,356.25,361.9,355.0,359.1,3348.0
2020-05-06 11:00:00,NSE:SMLISUZU,357.55,358.9,356.5,356.75,954.0
2020-05-06 12:00:00,NSE:SMLISUZU,357.95,366.0,357.5,358.0,9012.0
2020-05-06 13:00:00,NSE:SMLISUZU,359.0,359.2,350.6,353.8,4776.0
2020-05-06 14:00:00,NSE:SMLISUZU,354.8,354.9,351.0,351.05,2401.0
2020-05-06 15:00:00,NSE:SMLISUZU,352.15,355.85,351.0,354.05,2635.0
2020-05-07 09:00:00,NSE:SMLISUZU,350.0,364.9,350.0,363.95,4895.0
2020-05-07 10:00:00,NSE:SMLISUZU,364.0,364.0,352.55,355.35,2049.0
2020-05-07 11:00:00,NSE:SMLISUZU,354.35,355.85,354.05,354.25,441.0
2020-05-07 12:00:00,NSE:SMLISUZU,354.05,355.45,354.05,354.65,662.0
2020-05-07 13:00:00,NSE:SMLISUZU,354.55,355.45,354.55,355.25,871.0
2020-05-07 14:00:00,NSE:SMLISUZU,355.25,359.35,354.0,355.85,1877.0
2020-05-07 15:00:00,NSE:SMLISUZU,356.75,358.35,354.0,356.5,2163.0
2020-05-08 09:00:00,NSE:SMLISUZU,362.0,372.0,360.05,361.7,3911.0
2020-05-08 10:00:00,NSE:SMLISUZU,361.0,363.0,360.15,362.8,1513.0
2020-05-08 11:00:00,NSE:SMLISUZU,360.0,360.0,358.25,358.75,963.0
2020-05-08 12:00:00,NSE:SMLISUZU,359.4,359.45,355.0,355.85,1141.0
2020-05-08 13:00:00,NSE:SMLISUZU,356.7,357.0,354.8,355.15,689.0
2020-05-08 14:00:00,NSE:SMLISUZU,355.15,358.6,354.1,356.0,1467.0
2020-05-08 15:00:00,NSE:SMLISUZU,356.05,357.0,351.0,354.7,2491.0
2020-05-11 09:00:00,NSE:SMLISUZU,364.7,368.0,357.05,363.05,4084.0
2020-05-11 10:00:00,NSE:SMLISUZU,363.0,364.7,358.55,359.6,2372.0
2020-05-11 11:00:00,NSE:SMLISUZU,359.5,369.0,355.1,367.75,11369.0
2020-05-11 12:00:00,NSE:SMLISUZU,366.95,389.35,365.65,379.4,375041.0
2020-05-11 13:00:00,NSE:SMLISUZU,379.3,386.85,376.3,380.0,100434.0
2020-05-11 14:00:00,NSE:SMLISUZU,380.7,384.0,378.4,382.0,38022.0
2020-05-11 15:00:00,NSE:SMLISUZU,381.2,388.0,379.3,382.45,43391.0
2020-05-12 09:00:00,NSE:SMLISUZU,382.0,382.0,367.05,371.0,14655.0
2020-05-12 10:00:00,NSE:SMLISUZU,370.55,374.05,365.5,370.75,8911.0
2020-05-12 11:00:00,NSE:SMLISUZU,370.75,374.25,368.05,371.6,3561.0
2020-05-12 12:00:00,NSE:SMLISUZU,371.6,375.0,371.6,373.0,1694.0
2020-05-12 13:00:00,NSE:SMLISUZU,373.0,375.5,373.0,373.6,799.0
2020-05-12 14:00:00,NSE:SMLISUZU,373.5,376.4,370.15,375.0,3272.0
2020-05-12 15:00:00,NSE:SMLISUZU,375.0,376.05,369.95,371.5,5178.0
2020-05-13 09:00:00,NSE:SMLISUZU,381.95,386.95,373.55,378.9,12182.0
2020-05-13 10:00:00,NSE:SMLISUZU,378.9,381.2,377.0,379.65,3208.0
2020-05-13 11:00:00,NSE:SMLISUZU,379.95,380.9,366.05,374.0,10823.0
2020-05-13 12:00:00,NSE:SMLISUZU,374.0,376.7,373.0,375.0,2516.0
2020-05-13 13:00:00,NSE:SMLISUZU,374.1,383.3,373.0,380.2,34362.0
2020-05-13 14:00:00,NSE:SMLISUZU,379.8,380.9,376.3,377.0,8334.0
2020-05-13 15:00:00,NSE:SMLISUZU,377.65,378.5,374.5,376.0,7627.0
2020-05-14 09:00:00,NSE:SMLISUZU,375.0,376.15,368.6,373.2,2825.0
2020-05-14 10:00:00,NSE:SMLISUZU,373.0,373.2,369.0,369.0,2370.0
2020-05-14 11:00:00,NSE:SMLISUZU,369.0,369.75,365.9,367.5,3432.0
2020-05-14 12:00:00,NSE:SMLISUZU,366.15,371.0,366.15,371.0,2039.0
2020-05-14 13:00:00,NSE:SMLISUZU,370.15,372.0,368.0,368.05,1875.0
2020-05-14 14:00:00,NSE:SMLISUZU,368.0,368.15,364.05,366.95,3272.0
2020-05-14 15:00:00,NSE:SMLISUZU,366.95,366.95,363.0,364.4,2995.0
2020-05-15 09:00:00,NSE:SMLISUZU,364.05,367.6,360.6,361.2,3801.0
2020-05-15 10:00:00,NSE:SMLISUZU,361.9,362.65,357.25,359.75,5866.0
2020-05-15 11:00:00,NSE:SMLISUZU,357.55,359.9,357.0,358.45,1477.0
2020-05-15 12:00:00,NSE:SMLISUZU,358.35,363.05,358.0,363.0,1593.0
2020-05-15 13:00:00,NSE:SMLISUZU,362.4,362.75,360.0,360.2,426.0
2020-05-15 14:00:00,NSE:SMLISUZU,360.4,362.0,358.55,360.4,1767.0
2020-05-15 15:00:00,NSE:SMLISUZU,360.85,360.95,357.0,358.0,2694.0
2020-05-18 09:00:00,NSE:SMLISUZU,361.45,361.45,350.05,352.15,2985.0
2020-05-18 10:00:00,NSE:SMLISUZU,352.7,354.95,343.2,344.2,2392.0
2020-05-18 11:00:00,NSE:SMLISUZU,343.3,346.95,338.0,343.5,3249.0
2020-05-18 12:00:00,NSE:SMLISUZU,343.95,346.45,338.05,338.7,3868.0
2020-05-18 13:00:00,NSE:SMLISUZU,339.65,346.4,338.75,343.4,2885.0
2020-05-18 14:00:00,NSE:SMLISUZU,344.9,345.0,341.85,343.1,629.0
2020-05-18 15:00:00,NSE:SMLISUZU,343.1,343.1,337.0,340.35,2969.0
2020-05-19 09:00:00,NSE:SMLISUZU,343.85,346.9,343.1,345.0,1882.0
2020-05-19 10:00:00,NSE:SMLISUZU,346.15,351.0,345.0,348.95,3348.0
2020-05-19 11:00:00,NSE:SMLISUZU,348.95,348.95,345.1,346.15,926.0
2020-05-19 12:00:00,NSE:SMLISUZU,347.0,348.65,345.7,346.4,1081.0
2020-05-19 13:00:00,NSE:SMLISUZU,346.4,346.85,344.2,344.2,1087.0
2020-05-19 14:00:00,NSE:SMLISUZU,344.0,344.25,331.6,335.65,4573.0
2020-05-19 15:00:00,NSE:SMLISUZU,337.9,338.0,335.2,338.0,2314.0
2020-05-20 09:00:00,NSE:SMLISUZU,344.3,344.3,339.25,339.8,1082.0
2020-05-20 10:00:00,NSE:SMLISUZU,342.0,344.2,339.4,341.2,2089.0
2020-05-20 11:00:00,NSE:SMLISUZU,341.2,343.75,339.05,342.85,895.0
2020-05-20 12:00:00,NSE:SMLISUZU,342.1,343.45,342.0,342.85,943.0
2020-05-20 13:00:00,NSE:SMLISUZU,343.4,343.45,341.9,342.8,365.0
2020-05-20 14:00:00,NSE:SMLISUZU,342.8,348.0,341.95,344.3,3339.0
2020-05-20 15:00:00,NSE:SMLISUZU,344.35,354.35,344.35,349.6,10205.0
2020-05-21 09:00:00,NSE:SMLISUZU,351.85,353.85,347.6,351.6,4006.0
2020-05-21 10:00:00,NSE:SMLISUZU,351.6,359.85,350.15,356.85,6913.0
2020-05-21 11:00:00,NSE:SMLISUZU,356.0,357.0,353.05,353.1,2494.0
2020-05-21 12:00:00,NSE:SMLISUZU,353.5,353.85,350.65,351.95,2065.0
2020-05-21 13:00:00,NSE:SMLISUZU,351.95,352.9,350.3,351.7,2852.0
2020-05-21 14:00:00,NSE:SMLISUZU,351.05,351.7,344.55,347.95,3745.0
2020-05-21 15:00:00,NSE:SMLISUZU,348.0,348.55,343.0,346.05,2520.0
2020-05-22 09:00:00,NSE:SMLISUZU,341.15,346.9,341.15,345.05,1355.0
2020-05-22 10:00:00,NSE:SMLISUZU,345.5,345.9,340.0,341.25,1727.0
2020-05-22 11:00:00,NSE:SMLISUZU,341.0,342.75,340.0,342.05,852.0
2020-05-22 12:00:00,NSE:SMLISUZU,342.4,352.95,341.65,352.05,5393.0
2020-05-22 13:00:00,NSE:SMLISUZU,352.3,358.2,349.0,352.0,5079.0
2020-05-22 14:00:00,NSE:SMLISUZU,351.0,353.0,351.0,351.05,918.0
2020-05-22 15:00:00,NSE:SMLISUZU,351.25,354.5,351.0,352.95,3098.0
2020-05-26 09:00:00,NSE:SMLISUZU,350.75,355.95,350.75,353.0,1520.0
2020-05-26 10:00:00,NSE:SMLISUZU,353.0,363.3,351.2,354.0,10412.0
2020-05-26 11:00:00,NSE:SMLISUZU,353.3,355.05,353.3,355.05,764.0
2020-05-26 12:00:00,NSE:SMLISUZU,355.1,358.1,355.0,358.1,905.0
2020-05-26 13:00:00,NSE:SMLISUZU,358.2,358.2,353.2,353.85,1133.0
2020-05-26 14:00:00,NSE:SMLISUZU,353.55,354.45,353.3,354.25,562.0
2020-05-26 15:00:00,NSE:SMLISUZU,354.25,354.25,352.05,352.85,1638.0
2020-05-27 09:00:00,NSE:SMLISUZU,362.0,362.0,353.75,354.45,2295.0
2020-05-27 10:00:00,NSE:SMLISUZU,356.45,360.95,353.55,357.35,8613.0
2020-05-27 11:00:00,NSE:SMLISUZU,356.15,357.0,354.3,355.9,282.0
2020-05-27 12:00:00,NSE:SMLISUZU,355.9,356.0,354.45,356.0,651.0
2020-05-27 13:00:00,NSE:SMLISUZU,356.0,359.5,354.25,358.5,1577.0
2020-05-27 14:00:00,NSE:SMLISUZU,358.6,363.05,356.05,360.8,3948.0
2020-05-27 15:00:00,NSE:SMLISUZU,361.0,361.0,355.1,355.1,1709.0
2020-05-28 09:00:00,NSE:SMLISUZU,358.15,364.95,357.9,363.9,4973.0
2020-05-28 10:00:00,NSE:SMLISUZU,362.8,372.4,361.1,366.1,12194.0
2020-05-28 11:00:00,NSE:SMLISUZU,366.7,369.85,362.3,366.05,4393.0
2020-05-28 12:00:00,NSE:SMLISUZU,365.45,371.4,365.45,368.5,4770.0
2020-05-28 13:00:00,NSE:SMLISUZU,368.9,371.0,368.0,369.1,2844.0
2020-05-28 14:00:00,NSE:SMLISUZU,369.0,370.0,368.0,369.75,2551.0
2020-05-28 15:00:00,NSE:SMLISUZU,368.9,369.9,366.0,367.55,4992.0
2020-05-29 09:00:00,NSE:SMLISUZU,368.0,374.9,363.0,374.05,4654.0
2020-05-29 10:00:00,NSE:SMLISUZU,374.75,374.95,370.85,371.95,3296.0
2020-05-29 11:00:00,NSE:SMLISUZU,372.55,386.1,372.55,382.9,31068.0
2020-05-29 12:00:00,NSE:SMLISUZU,382.1,382.1,375.95,378.8,5212.0
2020-05-29 13:00:00,NSE:SMLISUZU,378.8,380.55,376.3,380.0,2752.0
2020-05-29 14:00:00,NSE:SMLISUZU,380.45,381.5,371.8,374.55,5629.0
2020-05-29 15:00:00,NSE:SMLISUZU,374.5,375.9,370.0,372.9,5119.0
2020-06-01 09:00:00,NSE:SMLISUZU,383.5,385.2,375.1,384.1,9904.0
2020-06-01 10:00:00,NSE:SMLISUZU,384.4,384.95,379.95,382.0,3291.0
2020-06-01 11:00:00,NSE:SMLISUZU,381.6,381.6,380.0,381.1,2835.0
2020-06-01 12:00:00,NSE:SMLISUZU,381.4,384.85,378.0,378.85,5297.0
2020-06-01 13:00:00,NSE:SMLISUZU,378.1,380.35,373.15,374.05,7223.0
2020-06-01 14:00:00,NSE:SMLISUZU,374.65,377.35,371.2,371.35,7159.0
2020-06-01 15:00:00,NSE:SMLISUZU,372.3,382.4,371.8,377.1,17547.0
2020-06-02 09:00:00,NSE:SMLISUZU,370.25,383.9,370.25,380.0,11877.0
2020-06-02 10:00:00,NSE:SMLISUZU,381.85,382.0,375.0,378.8,6654.0
2020-06-02 11:00:00,NSE:SMLISUZU,378.0,381.9,377.05,380.0,4069.0
2020-06-02 12:00:00,NSE:SMLISUZU,380.35,382.0,379.7,379.95,2896.0
2020-06-02 13:00:00,NSE:SMLISUZU,379.95,380.0,376.5,378.5,3904.0
2020-06-02 14:00:00,NSE:SMLISUZU,378.5,396.0,378.5,385.95,42005.0
2020-06-02 15:00:00,NSE:SMLISUZU,383.25,384.0,381.4,382.65,6328.0
2020-06-03 09:00:00,NSE:SMLISUZU,386.4,393.9,386.4,388.3,16396.0
2020-06-03 10:00:00,NSE:SMLISUZU,388.35,391.0,384.0,388.05,6946.0
2020-06-03 11:00:00,NSE:SMLISUZU,389.45,390.8,386.85,390.0,1945.0
2020-06-03 12:00:00,NSE:SMLISUZU,390.0,390.75,385.2,386.05,1918.0
2020-06-03 13:00:00,NSE:SMLISUZU,386.6,389.9,386.35,387.95,2116.0
2020-06-03 14:00:00,NSE:SMLISUZU,387.95,390.9,385.0,385.3,5916.0
2020-06-03 15:00:00,NSE:SMLISUZU,385.45,386.05,381.0,383.8,6195.0
2020-06-04 09:00:00,NSE:SMLISUZU,382.0,386.15,382.0,384.25,4487.0
2020-06-04 10:00:00,NSE:SMLISUZU,383.95,392.65,383.95,390.0,8104.0
2020-06-04 11:00:00,NSE:SMLISUZU,390.0,391.95,385.05,385.15,8017.0
2020-06-04 12:00:00,NSE:SMLISUZU,386.5,387.0,385.0,385.95,1477.0
2020-06-04 13:00:00,NSE:SMLISUZU,385.25,389.7,384.55,387.6,5240.0
2020-06-04 14:00:00,NSE:SMLISUZU,387.0,387.55,382.05,383.3,3197.0
2020-06-04 15:00:00,NSE:SMLISUZU,383.8,386.5,383.8,385.15,3079.0
2020-06-05 09:00:00,NSE:SMLISUZU,386.2,394.45,386.2,390.05,7585.0
2020-06-05 10:00:00,NSE:SMLISUZU,390.05,392.55,388.0,392.5,2754.0
2020-06-05 11:00:00,NSE:SMLISUZU,393.0,415.0,393.0,410.7,69046.0
2020-06-05 12:00:00,NSE:SMLISUZU,410.3,415.0,404.4,405.0,15796.0
2020-06-05 13:00:00,NSE:SMLISUZU,405.0,409.9,402.6,409.4,6630.0
2020-06-05 14:00:00,NSE:SMLISUZU,408.95,419.0,403.05,414.5,53014.0
2020-06-05 15:00:00,NSE:SMLISUZU,415.65,420.9,412.1,416.45,42370.0
2020-06-08 09:00:00,NSE:SMLISUZU,422.4,424.0,407.0,420.0,26740.0
2020-06-08 10:00:00,NSE:SMLISUZU,420.0,425.0,418.0,423.0,23986.0
2020-06-08 11:00:00,NSE:SMLISUZU,423.45,423.45,419.0,420.7,4876.0
2020-06-08 12:00:00,NSE:SMLISUZU,420.75,420.75,410.3,412.75,8584.0
2020-06-08 13:00:00,NSE:SMLISUZU,413.05,415.6,408.25,412.15,6089.0
2020-06-08 14:00:00,NSE:SMLISUZU,412.15,416.75,408.25,408.3,4541.0
2020-06-08 15:00:00,NSE:SMLISUZU,409.65,411.0,408.0,409.7,6672.0
2020-06-09 09:00:00,NSE:SMLISUZU,412.8,414.0,405.55,408.0,4126.0
2020-06-09 10:00:00,NSE:SMLISUZU,408.0,413.05,407.0,409.65,1645.0
2020-06-09 11:00:00,NSE:SMLISUZU,409.6,415.0,409.0,411.65,3919.0
2020-06-09 12:00:00,NSE:SMLISUZU,411.65,412.6,403.05,404.0,3461.0
2020-06-09 13:00:00,NSE:SMLISUZU,403.35,405.4,397.95,399.6,4891.0
2020-06-09 14:00:00,NSE:SMLISUZU,399.5,399.5,391.5,394.0,6962.0
2020-06-09 15:00:00,NSE:SMLISUZU,394.0,394.45,383.0,389.75,9835.0
2020-06-10 09:00:00,NSE:SMLISUZU,390.0,393.0,385.8,387.65,6956.0
2020-06-10 10:00:00,NSE:SMLISUZU,386.55,392.15,382.05,389.85,6955.0
2020-06-10 11:00:00,NSE:SMLISUZU,389.85,390.0,384.9,384.9,1871.0
2020-06-10 12:00:00,NSE:SMLISUZU,384.9,385.4,382.05,383.0,3741.0
2020-06-10 13:00:00,NSE:SMLISUZU,384.0,385.0,381.0,381.0,5043.0
2020-06-10 14:00:00,NSE:SMLISUZU,382.1,385.0,379.25,379.75,12661.0
2020-06-10 15:00:00,NSE:SMLISUZU,379.75,381.7,376.55,379.3,8213.0
2020-06-11 09:00:00,NSE:SMLISUZU,382.0,384.9,376.05,382.6,6168.0
2020-06-11 10:00:00,NSE:SMLISUZU,382.0,392.6,382.0,392.6,17589.0
2020-06-11 11:00:00,NSE:SMLISUZU,393.0,393.0,387.0,390.8,6526.0
2020-06-11 12:00:00,NSE:SMLISUZU,390.4,392.75,389.0,391.0,4961.0
2020-06-11 13:00:00,NSE:SMLISUZU,391.0,407.9,391.0,402.0,32710.0
2020-06-11 14:00:00,NSE:SMLISUZU,401.15,415.0,395.05,397.6,160172.0
2020-06-11 15:00:00,NSE:SMLISUZU,397.6,399.95,393.25,396.25,19018.0
2020-06-12 09:00:00,NSE:SMLISUZU,387.7,390.0,380.75,384.0,11775.0
2020-06-12 10:00:00,NSE:SMLISUZU,384.6,389.0,384.0,387.45,4484.0
2020-06-12 11:00:00,NSE:SMLISUZU,387.7,387.7,383.0,384.2,4650.0
2020-06-12 12:00:00,NSE:SMLISUZU,384.8,385.9,381.55,384.65,2754.0
2020-06-12 13:00:00,NSE:SMLISUZU,384.5,387.5,381.3,386.0,7268.0
2020-06-12 14:00:00,NSE:SMLISUZU,385.5,391.0,385.5,386.05,12868.0
2020-06-12 15:00:00,NSE:SMLISUZU,386.1,388.9,385.05,387.25,9015.0
2020-06-15 09:00:00,NSE:SMLISUZU,389.95,389.95,385.55,388.3,8300.0
2020-06-15 10:00:00,NSE:SMLISUZU,388.0,389.0,376.05,376.9,8902.0
2020-06-15 11:00:00,NSE:SMLISUZU,376.9,382.5,376.9,380.5,4535.0
2020-06-15 12:00:00,NSE:SMLISUZU,380.5,381.35,378.1,379.2,1236.0
2020-06-15 13:00:00,NSE:SMLISUZU,379.2,380.75,377.05,377.8,3864.0
2020-06-15 14:00:00,NSE:SMLISUZU,378.8,380.0,377.15,379.65,1864.0
2020-06-15 15:00:00,NSE:SMLISUZU,379.65,380.0,375.1,376.55,3183.0
2020-06-16 09:00:00,NSE:SMLISUZU,383.0,387.85,381.05,382.0,5083.0
2020-06-16 10:00:00,NSE:SMLISUZU,382.0,385.0,380.05,384.0,4492.0
2020-06-16 11:00:00,NSE:SMLISUZU,383.9,384.45,382.05,383.0,1859.0
2020-06-16 12:00:00,NSE:SMLISUZU,383.1,383.1,376.85,378.9,2770.0
2020-06-16 13:00:00,NSE:SMLISUZU,378.2,378.2,364.15,370.0,8354.0
2020-06-16 14:00:00,NSE:SMLISUZU,368.55,372.0,366.6,368.6,3223.0
2020-06-16 15:00:00,NSE:SMLISUZU,369.15,371.9,366.5,369.15,3069.0
2020-06-17 09:00:00,NSE:SMLISUZU,369.15,378.85,369.15,376.15,4383.0
2020-06-17 10:00:00,NSE:SMLISUZU,376.15,378.8,362.25,364.5,8015.0
2020-06-17 11:00:00,NSE:SMLISUZU,364.0,369.15,364.0,368.0,3553.0
2020-06-17 12:00:00,NSE:SMLISUZU,368.45,370.0,367.3,368.9,2111.0
2020-06-17 13:00:00,NSE:SMLISUZU,369.0,374.7,368.75,372.6,4480.0
2020-06-17 14:00:00,NSE:SMLISUZU,373.4,377.75,368.65,369.8,4571.0
2020-06-17 15:00:00,NSE:SMLISUZU,368.2,370.25,367.5,368.8,2457.0
2020-06-18 09:00:00,NSE:SMLISUZU,373.05,386.0,373.05,385.0,22607.0
2020-06-18 10:00:00,NSE:SMLISUZU,385.15,402.0,382.6,393.15,61045.0
2020-06-18 11:00:00,NSE:SMLISUZU,392.1,394.5,388.0,391.25,5881.0
2020-06-18 12:00:00,NSE:SMLISUZU,391.2,392.15,389.2,390.75,2755.0
2020-06-18 13:00:00,NSE:SMLISUZU,391.9,393.45,387.5,390.5,3755.0
2020-06-18 14:00:00,NSE:SMLISUZU,389.35,399.0,389.35,390.35,34622.0
2020-06-18 15:00:00,NSE:SMLISUZU,390.35,393.25,384.0,388.25,19816.0
2020-06-19 09:00:00,NSE:SMLISUZU,390.95,396.0,388.6,393.35,11859.0
2020-06-19 10:00:00,NSE:SMLISUZU,393.5,406.8,390.2,404.0,29560.0
2020-06-19 11:00:00,NSE:SMLISUZU,403.5,409.0,398.05,405.5,55851.0
2020-06-19 12:00:00,NSE:SMLISUZU,405.5,407.0,400.1,403.05,10554.0
2020-06-19 13:00:00,NSE:SMLISUZU,403.05,404.75,400.0,403.35,6917.0
2020-06-19 14:00:00,NSE:SMLISUZU,401.55,402.85,395.3,396.3,6732.0
2020-06-19 15:00:00,NSE:SMLISUZU,396.85,401.25,393.0,396.75,15011.0
2020-06-22 09:00:00,NSE:SMLISUZU,397.2,402.0,393.0,398.9,14610.0
2020-06-22 10:00:00,NSE:SMLISUZU,397.95,400.15,392.8,393.95,6468.0
2020-06-22 11:00:00,NSE:SMLISUZU,393.95,395.95,390.8,391.95,5368.0
2020-06-22 12:00:00,NSE:SMLISUZU,391.9,395.85,391.9,395.1,2448.0
2020-06-22 13:00:00,NSE:SMLISUZU,395.0,395.7,388.35,388.95,10780.0
2020-06-22 14:00:00,NSE:SMLISUZU,389.9,392.5,388.0,390.9,7391.0
2020-06-22 15:00:00,NSE:SMLISUZU,390.05,390.85,385.25,388.3,9982.0
2020-06-23 09:00:00,NSE:SMLISUZU,390.0,398.1,389.95,393.35,7811.0
2020-06-23 10:00:00,NSE:SMLISUZU,393.25,395.1,392.0,392.0,4971.0
2020-06-23 11:00:00,NSE:SMLISUZU,392.1,396.25,391.55,394.0,3337.0
2020-06-23 12:00:00,NSE:SMLISUZU,394.0,405.0,392.1,404.0,23229.0
2020-06-23 13:00:00,NSE:SMLISUZU,404.0,409.85,400.1,401.05,47279.0
2020-06-23 14:00:00,NSE:SMLISUZU,401.15,404.0,396.65,398.1,13549.0
2020-06-23 15:00:00,NSE:SMLISUZU,398.85,403.0,398.15,401.1,11862.0
2020-06-24 09:00:00,NSE:SMLISUZU,405.85,409.0,401.25,406.7,23608.0
2020-06-24 10:00:00,NSE:SMLISUZU,406.65,408.9,400.85,402.0,12028.0
2020-06-24 11:00:00,NSE:SMLISUZU,402.0,404.45,397.0,398.0,8976.0
2020-06-24 12:00:00,NSE:SMLISUZU,398.0,404.05,396.55,398.6,6507.0
2020-06-24 13:00:00,NSE:SMLISUZU,398.45,399.1,392.55,393.55,5159.0
2020-06-24 14:00:00,NSE:SMLISUZU,394.0,395.45,388.0,390.8,6451.0
2020-06-24 15:00:00,NSE:SMLISUZU,390.15,392.05,387.0,389.15,8204.0
2020-06-25 09:00:00,NSE:SMLISUZU,389.5,393.0,383.05,389.2,8784.0
2020-06-25 10:00:00,NSE:SMLISUZU,389.2,392.0,388.5,389.0,5774.0
2020-06-25 11:00:00,NSE:SMLISUZU,388.7,394.0,388.7,391.0,4721.0
2020-06-25 12:00:00,NSE:SMLISUZU,390.15,390.95,387.2,387.35,1592.0
2020-06-25 13:00:00,NSE:SMLISUZU,388.4,391.0,388.4,390.5,1735.0
2020-06-25 14:00:00,NSE:SMLISUZU,391.95,391.95,388.5,389.15,2005.0
2020-06-25 15:00:00,NSE:SMLISUZU,389.15,391.0,387.2,389.0,4715.0
2020-06-26 09:00:00,NSE:SMLISUZU,393.0,395.9,392.5,393.45,3571.0
2020-06-26 10:00:00,NSE:SMLISUZU,393.75,394.35,389.0,391.0,3869.0
2020-06-26 11:00:00,NSE:SMLISUZU,390.85,394.25,389.55,391.15,1902.0
2020-06-26 12:00:00,NSE:SMLISUZU,391.35,391.4,388.1,388.5,1566.0
2020-06-26 13:00:00,NSE:SMLISUZU,388.5,389.45,382.7,384.9,3866.0
2020-06-26 14:00:00,NSE:SMLISUZU,384.9,387.85,384.9,387.2,4841.0
2020-06-26 15:00:00,NSE:SMLISUZU,387.1,390.0,386.0,387.3,4106.0
2020-06-29 09:00:00,NSE:SMLISUZU,387.3,388.45,381.3,383.0,5488.0
2020-06-29 10:00:00,NSE:SMLISUZU,383.0,385.0,381.0,384.05,2971.0
2020-06-29 11:00:00,NSE:SMLISUZU,384.7,384.7,381.25,382.95,2114.0
2020-06-29 12:00:00,NSE:SMLISUZU,382.05,390.0,382.05,389.45,5091.0
2020-06-29 13:00:00,NSE:SMLISUZU,389.85,391.0,382.55,383.05,4201.0
2020-06-29 14:00:00,NSE:SMLISUZU,384.3,385.75,382.1,382.7,1280.0
2020-06-29 15:00:00,NSE:SMLISUZU,382.9,383.7,381.0,382.0,2790.0
2020-06-30 09:00:00,NSE:SMLISUZU,388.2,397.0,386.25,390.0,24362.0
2020-06-30 10:00:00,NSE:SMLISUZU,389.4,392.0,389.0,390.45,2533.0
2020-06-30 11:00:00,NSE:SMLISUZU,390.35,392.0,385.0,387.3,4936.0
2020-06-30 12:00:00,NSE:SMLISUZU,386.55,389.9,386.55,388.0,1153.0
2020-06-30 13:00:00,NSE:SMLISUZU,388.0,388.8,386.0,386.05,1875.0
2020-06-30 14:00:00,NSE:SMLISUZU,386.95,388.5,385.4,386.65,2592.0
2020-06-30 15:00:00,NSE:SMLISUZU,386.25,387.35,385.0,385.5,5143.0
2020-07-01 09:00:00,NSE:SMLISUZU,385.0,387.55,381.55,387.4,3547.0
2020-07-01 10:00:00,NSE:SMLISUZU,387.4,388.45,384.55,384.7,1682.0
2020-07-01 11:00:00,NSE:SMLISUZU,384.75,387.9,384.55,386.35,926.0
2020-07-01 12:00:00,NSE:SMLISUZU,386.4,386.95,385.0,386.0,966.0
2020-07-01 13:00:00,NSE:SMLISUZU,386.0,387.8,385.1,385.1,931.0
2020-07-01 14:00:00,NSE:SMLISUZU,385.1,387.7,378.1,385.95,14164.0
2020-07-01 15:00:00,NSE:SMLISUZU,385.75,385.75,380.1,381.9,5777.0
2020-07-02 09:00:00,NSE:SMLISUZU,382.0,389.0,382.0,384.55,5643.0
2020-07-02 10:00:00,NSE:SMLISUZU,384.35,384.35,378.1,380.7,8627.0
2020-07-02 11:00:00,NSE:SMLISUZU,380.8,382.85,379.15,381.7,4849.0
2020-07-02 12:00:00,NSE:SMLISUZU,381.5,385.5,381.5,382.0,8268.0
2020-07-02 13:00:00,NSE:SMLISUZU,382.75,383.05,378.5,381.5,5560.0
2020-07-02 14:00:00,NSE:SMLISUZU,381.5,381.5,379.0,380.3,4926.0
2020-07-02 15:00:00,NSE:SMLISUZU,380.3,381.0,378.1,379.45,10627.0
2020-07-03 09:00:00,NSE:SMLISUZU,382.8,390.0,380.4,390.0,10822.0
2020-07-03 10:00:00,NSE:SMLISUZU,389.9,390.0,384.4,385.2,6056.0
2020-07-03 11:00:00,NSE:SMLISUZU,385.8,386.45,384.1,385.4,1960.0
2020-07-03 12:00:00,NSE:SMLISUZU,385.45,387.2,384.1,386.5,2395.0
2020-07-03 13:00:00,NSE:SMLISUZU,386.5,386.55,378.1,378.1,6945.0
2020-07-03 14:00:00,NSE:SMLISUZU,377.55,380.0,376.05,377.95,8458.0
2020-07-03 15:00:00,NSE:SMLISUZU,377.95,379.55,377.95,378.85,4916.0
2020-07-06 09:00:00,NSE:SMLISUZU,383.0,385.75,380.0,383.05,12530.0
2020-07-06 10:00:00,NSE:SMLISUZU,383.9,383.9,381.1,382.5,2092.0
2020-07-06 11:00:00,NSE:SMLISUZU,382.5,390.0,382.5,387.1,13580.0
2020-07-06 12:00:00,NSE:SMLISUZU,386.5,386.9,385.55,386.9,2197.0
2020-07-06 13:00:00,NSE:SMLISUZU,386.5,386.5,385.05,385.75,3707.0
2020-07-06 14:00:00,NSE:SMLISUZU,385.0,386.5,384.1,384.95,3030.0
2020-07-06 15:00:00,NSE:SMLISUZU,384.95,398.0,384.35,393.7,40311.0
2020-07-07 09:00:00,NSE:SMLISUZU,400.0,405.0,396.1,399.95,17658.0
2020-07-07 10:00:00,NSE:SMLISUZU,400.0,404.9,397.0,397.45,18677.0
2020-07-07 11:00:00,NSE:SMLISUZU,397.95,398.9,392.8,397.5,11625.0
2020-07-07 12:00:00,NSE:SMLISUZU,397.5,398.85,394.35,396.0,7032.0
2020-07-07 13:00:00,NSE:SMLISUZU,396.0,398.1,396.0,398.0,8298.0
2020-07-07 14:00:00,NSE:SMLISUZU,398.0,403.0,398.0,399.6,7816.0
2020-07-07 15:00:00,NSE:SMLISUZU,399.6,403.25,397.5,400.5,19561.0
2020-07-08 09:00:00,NSE:SMLISUZU,404.95,413.9,401.0,408.7,41458.0
2020-07-08 10:00:00,NSE:SMLISUZU,408.7,410.0,404.05,406.1,10178.0
2020-07-08 11:00:00,NSE:SMLISUZU,407.25,408.2,404.6,407.15,4673.0
2020-07-08 12:00:00,NSE:SMLISUZU,407.1,410.0,407.1,407.75,6208.0
2020-07-08 13:00:00,NSE:SMLISUZU,407.75,409.0,406.5,408.4,9028.0
2020-07-08 14:00:00,NSE:SMLISUZU,408.4,409.0,401.05,404.05,14802.0
2020-07-08 15:00:00,NSE:SMLISUZU,404.2,410.0,404.0,407.35,36459.0
2020-07-09 09:00:00,NSE:SMLISUZU,412.15,449.0,411.05,443.65,993638.0
2020-07-09 10:00:00,NSE:SMLISUZU,443.05,446.8,431.05,435.6,239170.0
2020-07-09 11:00:00,NSE:SMLISUZU,435.1,436.5,432.2,432.95,29365.0
2020-07-09 12:00:00,NSE:SMLISUZU,432.55,442.5,432.0,437.5,68208.0
2020-07-09 13:00:00,NSE:SMLISUZU,437.95,444.75,436.7,439.7,73824.0
2020-07-09 14:00:00,NSE:SMLISUZU,439.7,442.0,436.2,438.0,40454.0
2020-07-09 15:00:00,NSE:SMLISUZU,437.95,439.0,435.0,436.7,62907.0
2020-07-10 09:00:00,NSE:SMLISUZU,429.05,435.0,428.95,430.45,38691.0
2020-07-10 10:00:00,NSE:SMLISUZU,431.05,432.35,425.1,425.8,27586.0
2020-07-10 11:00:00,NSE:SMLISUZU,425.15,426.25,421.0,421.8,18007.0
2020-07-10 12:00:00,NSE:SMLISUZU,422.05,423.0,416.25,420.55,21667.0
2020-07-10 13:00:00,NSE:SMLISUZU,420.55,422.8,419.0,420.4,11230.0
2020-07-10 14:00:00,NSE:SMLISUZU,421.65,421.65,418.3,420.2,13518.0
2020-07-10 15:00:00,NSE:SMLISUZU,420.15,423.0,420.0,420.8,19907.0
2020-07-13 09:00:00,NSE:SMLISUZU,420.95,423.0,412.5,414.25,20524.0
2020-07-13 10:00:00,NSE:SMLISUZU,413.85,417.95,412.0,413.0,7717.0
2020-07-13 11:00:00,NSE:SMLISUZU,413.0,414.0,412.0,413.5,5800.0
2020-07-13 12:00:00,NSE:SMLISUZU,413.95,414.6,412.5,413.95,2823.0
2020-07-13 13:00:00,NSE:SMLISUZU,413.4,416.55,412.0,412.25,3881.0
2020-07-13 14:00:00,NSE:SMLISUZU,412.25,415.0,412.05,412.35,2883.0
2020-07-13 15:00:00,NSE:SMLISUZU,412.5,413.45,411.0,412.15,7292.0
2020-07-14 09:00:00,NSE:SMLISUZU,413.4,414.0,407.0,413.95,11688.0
2020-07-14 10:00:00,NSE:SMLISUZU,414.0,417.05,403.1,404.0,19098.0
2020-07-14 11:00:00,NSE:SMLISUZU,404.15,408.4,403.0,407.0,6943.0
2020-07-14 12:00:00,NSE:SMLISUZU,406.05,406.4,401.95,402.85,8963.0
2020-07-14 13:00:00,NSE:SMLISUZU,402.95,405.4,401.25,405.0,5811.0
2020-07-14 14:00:00,NSE:SMLISUZU,405.45,407.0,402.15,403.9,3831.0
2020-07-14 15:00:00,NSE:SMLISUZU,403.9,404.8,402.0,403.35,5254.0
2020-07-15 09:00:00,NSE:SMLISUZU,406.5,411.15,403.8,407.5,11732.0
2020-07-15 10:00:00,NSE:SMLISUZU,407.5,408.65,405.5,406.3,3452.0
2020-07-15 11:00:00,NSE:SMLISUZU,406.0,410.0,405.05,405.6,4464.0
2020-07-15 12:00:00,NSE:SMLISUZU,405.75,407.1,405.0,406.55,1695.0
2020-07-15 13:00:00,NSE:SMLISUZU,406.4,406.4,403.2,405.1,2641.0
2020-07-15 14:00:00,NSE:SMLISUZU,404.55,405.85,397.05,399.4,6581.0
2020-07-15 15:00:00,NSE:SMLISUZU,399.3,399.45,391.65,395.25,11286.0
2020-07-16 09:00:00,NSE:SMLISUZU,395.55,398.65,390.0,395.9,8503.0
2020-07-16 10:00:00,NSE:SMLISUZU,395.85,397.0,393.05,394.7,6024.0
2020-07-16 11:00:00,NSE:SMLISUZU,395.7,396.95,394.55,396.2,3431.0
2020-07-16 12:00:00,NSE:SMLISUZU,396.9,397.05,393.35,395.75,3185.0
2020-07-16 13:00:00,NSE:SMLISUZU,395.8,402.0,395.5,400.9,6273.0
2020-07-16 14:00:00,NSE:SMLISUZU,400.9,401.0,395.05,397.2,3679.0
2020-07-16 15:00:00,NSE:SMLISUZU,397.85,397.9,395.05,396.6,4909.0
2020-07-17 09:00:00,NSE:SMLISUZU,401.0,412.8,398.9,411.9,13971.0
2020-07-17 10:00:00,NSE:SMLISUZU,411.2,412.25,406.0,406.2,8725.0
2020-07-17 11:00:00,NSE:SMLISUZU,407.0,407.3,404.0,407.3,3418.0
2020-07-17 12:00:00,NSE:SMLISUZU,407.0,407.5,404.05,405.7,1205.0
2020-07-17 13:00:00,NSE:SMLISUZU,404.05,405.95,403.25,404.6,4684.0
2020-07-17 14:00:00,NSE:SMLISUZU,405.0,406.7,404.05,404.75,2744.0
2020-07-17 15:00:00,NSE:SMLISUZU,404.8,406.7,404.0,405.35,3428.0
2020-07-20 09:00:00,NSE:SMLISUZU,402.65,410.0,402.65,406.35,4690.0
2020-07-20 10:00:00,NSE:SMLISUZU,406.05,408.05,401.05,403.95,4718.0
2020-07-20 11:00:00,NSE:SMLISUZU,403.95,403.95,401.05,403.95,1615.0
2020-07-20 12:00:00,NSE:SMLISUZU,403.95,404.75,401.05,401.05,1095.0
2020-07-20 13:00:00,NSE:SMLISUZU,402.4,402.7,401.05,402.35,1122.0
2020-07-20 14:00:00,NSE:SMLISUZU,401.2,404.7,401.2,402.95,1731.0
2020-07-20 15:00:00,NSE:SMLISUZU,403.95,404.4,400.0,401.5,4509.0
2020-07-21 09:00:00,NSE:SMLISUZU,403.05,409.0,403.05,407.0,8705.0
2020-07-21 10:00:00,NSE:SMLISUZU,407.0,408.0,403.1,405.0,5967.0
2020-07-21 11:00:00,NSE:SMLISUZU,405.2,407.7,405.0,405.25,3825.0
2020-07-21 12:00:00,NSE:SMLISUZU,405.0,406.7,404.5,406.45,5194.0
2020-07-21 13:00:00,NSE:SMLISUZU,406.45,407.6,405.7,406.25,3381.0
2020-07-21 14:00:00,NSE:SMLISUZU,406.25,406.25,404.15,405.05,3756.0
2020-07-21 15:00:00,NSE:SMLISUZU,405.0,405.9,403.15,405.5,4362.0
2020-07-22 09:00:00,NSE:SMLISUZU,400.3,400.3,395.55,396.65,11296.0
2020-07-22 10:00:00,NSE:SMLISUZU,396.35,400.0,395.0,395.0,12917.0
2020-07-22 11:00:00,NSE:SMLISUZU,395.95,397.5,395.1,396.95,2427.0
2020-07-22 12:00:00,NSE:SMLISUZU,396.95,397.65,395.6,397.2,3469.0
2020-07-22 13:00:00,NSE:SMLISUZU,397.9,399.5,393.55,395.75,17146.0
2020-07-22 14:00:00,NSE:SMLISUZU,395.75,395.95,393.0,394.45,4982.0
2020-07-22 15:00:00,NSE:SMLISUZU,395.0,395.7,389.0,391.1,14630.0
2020-07-23 09:00:00,NSE:SMLISUZU,391.0,392.2,386.05,391.4,10278.0
2020-07-23 10:00:00,NSE:SMLISUZU,391.4,393.0,391.0,391.0,3726.0
2020-07-23 11:00:00,NSE:SMLISUZU,391.0,392.0,389.0,389.75,7607.0
2020-07-23 12:00:00,NSE:SMLISUZU,390.45,390.95,389.0,389.45,1958.0
2020-07-23 13:00:00,NSE:SMLISUZU,389.5,390.5,388.0,388.7,5041.0
2020-07-23 14:00:00,NSE:SMLISUZU,389.35,389.35,386.0,387.25,7507.0
2020-07-23 15:00:00,NSE:SMLISUZU,387.45,389.0,386.1,387.25,4859.0
2020-07-24 09:00:00,NSE:SMLISUZU,386.9,390.0,384.7,389.9,6963.0
2020-07-24 10:00:00,NSE:SMLISUZU,389.05,389.9,387.0,387.45,3230.0
2020-07-24 11:00:00,NSE:SMLISUZU,387.4,387.5,385.0,386.0,4221.0
2020-07-24 12:00:00,NSE:SMLISUZU,385.45,386.0,384.95,385.5,2803.0
2020-07-24 13:00:00,NSE:SMLISUZU,386.0,387.5,385.1,387.5,6706.0
2020-07-24 14:00:00,NSE:SMLISUZU,387.5,388.0,387.0,387.4,3164.0
2020-07-24 15:00:00,NSE:SMLISUZU,387.4,387.8,386.0,386.7,2828.0
2020-07-27 09:00:00,NSE:SMLISUZU,385.0,387.75,378.05,382.4,5373.0
2020-07-27 10:00:00,NSE:SMLISUZU,382.4,382.9,381.35,382.3,1165.0
2020-07-27 11:00:00,NSE:SMLISUZU,382.75,382.85,375.0,378.95,8899.0
2020-07-27 12:00:00,NSE:SMLISUZU,378.75,378.75,376.9,378.35,2052.0
2020-07-27 13:00:00,NSE:SMLISUZU,378.75,379.0,376.9,377.95,5690.0
2020-07-27 14:00:00,NSE:SMLISUZU,378.0,379.0,377.05,378.4,2432.0
2020-07-27 15:00:00,NSE:SMLISUZU,378.35,379.05,373.25,376.0,8050.0
2020-07-28 09:00:00,NSE:SMLISUZU,374.05,383.35,374.05,381.45,11290.0
2020-07-28 10:00:00,NSE:SMLISUZU,381.5,382.45,379.4,380.0,2480.0
2020-07-28 11:00:00,NSE:SMLISUZU,380.2,380.65,377.5,378.65,1762.0
2020-07-28 12:00:00,NSE:SMLISUZU,378.65,379.5,377.1,379.0,2898.0
2020-07-28 13:00:00,NSE:SMLISUZU,379.0,379.0,375.25,376.45,3333.0
2020-07-28 14:00:00,NSE:SMLISUZU,376.45,382.0,376.0,378.05,8465.0
2020-07-28 15:00:00,NSE:SMLISUZU,379.0,379.0,375.5,377.0,5724.0
2020-07-29 09:00:00,NSE:SMLISUZU,378.0,382.0,375.15,382.0,5482.0
2020-07-29 10:00:00,NSE:SMLISUZU,381.7,382.0,378.1,381.0,3145.0
2020-07-29 11:00:00,NSE:SMLISUZU,380.3,381.35,379.55,380.95,1597.0
2020-07-29 12:00:00,NSE:SMLISUZU,381.0,381.1,379.15,380.4,851.0
2020-07-29 13:00:00,NSE:SMLISUZU,380.9,381.5,379.4,379.4,819.0
2020-07-29 14:00:00,NSE:SMLISUZU,379.1,387.65,379.1,384.8,15007.0
2020-07-29 15:00:00,NSE:SMLISUZU,384.95,389.85,382.0,386.9,9740.0
2020-07-30 09:00:00,NSE:SMLISUZU,389.0,391.6,383.0,390.1,6588.0
2020-07-30 10:00:00,NSE:SMLISUZU,390.5,402.75,388.6,397.35,25916.0
2020-07-30 11:00:00,NSE:SMLISUZU,398.7,398.7,393.8,395.0,4301.0
2020-07-30 12:00:00,NSE:SMLISUZU,394.0,394.0,391.1,392.95,3317.0
2020-07-30 13:00:00,NSE:SMLISUZU,392.0,397.0,392.0,393.05,2944.0
2020-07-30 14:00:00,NSE:SMLISUZU,393.8,393.8,390.0,391.0,5653.0
2020-07-30 15:00:00,NSE:SMLISUZU,391.0,393.65,390.05,393.65,4410.0
2020-07-31 09:00:00,NSE:SMLISUZU,389.05,390.95,381.5,390.0,6801.0
2020-07-31 10:00:00,NSE:SMLISUZU,390.0,391.4,390.0,390.0,2772.0
2020-07-31 11:00:00,NSE:SMLISUZU,390.0,390.2,388.0,388.5,1426.0
2020-07-31 12:00:00,NSE:SMLISUZU,388.45,389.1,383.05,385.75,3666.0
2020-07-31 13:00:00,NSE:SMLISUZU,385.75,387.3,385.0,385.45,2419.0
2020-07-31 14:00:00,NSE:SMLISUZU,386.55,401.0,386.55,391.0,17694.0
2020-07-31 15:00:00,NSE:SMLISUZU,391.8,396.8,390.4,392.95,5878.0
2020-08-03 09:00:00,NSE:SMLISUZU,398.8,403.5,393.0,399.3,12195.0
2020-08-03 10:00:00,NSE:SMLISUZU,399.3,400.4,397.05,397.3,5072.0
2020-08-03 11:00:00,NSE:SMLISUZU,397.3,403.0,397.3,402.0,6568.0
2020-08-03 12:00:00,NSE:SMLISUZU,402.1,402.45,398.15,399.6,3287.0
2020-08-03 13:00:00,NSE:SMLISUZU,399.35,401.55,398.25,401.55,2383.0
2020-08-03 14:00:00,NSE:SMLISUZU,402.0,408.0,400.2,401.0,20178.0
2020-08-03 15:00:00,NSE:SMLISUZU,401.0,401.0,398.0,399.2,9178.0
2020-08-04 09:00:00,NSE:SMLISUZU,403.4,403.4,395.55,398.8,4848.0
2020-08-04 10:00:00,NSE:SMLISUZU,400.4,400.4,395.05,396.35,2939.0
2020-08-04 11:00:00,NSE:SMLISUZU,396.0,397.1,395.05,396.1,1271.0
2020-08-04 12:00:00,NSE:SMLISUZU,396.1,402.2,396.0,400.2,2254.0
2020-08-04 13:00:00,NSE:SMLISUZU,399.35,399.9,397.05,398.1,1245.0
2020-08-04 14:00:00,NSE:SMLISUZU,398.85,399.0,397.0,397.0,1502.0
2020-08-04 15:00:00,NSE:SMLISUZU,397.0,398.4,394.0,396.15,5365.0
2020-08-05 09:00:00,NSE:SMLISUZU,400.65,400.65,392.55,394.6,4152.0
2020-08-05 10:00:00,NSE:SMLISUZU,394.9,404.65,394.85,399.0,7230.0
2020-08-05 11:00:00,NSE:SMLISUZU,399.0,399.45,397.2,397.6,2924.0
2020-08-05 12:00:00,NSE:SMLISUZU,397.8,398.25,394.9,396.45,6183.0
2020-08-05 13:00:00,NSE:SMLISUZU,396.9,397.0,395.25,397.0,951.0
2020-08-05 14:00:00,NSE:SMLISUZU,396.05,404.0,395.0,397.2,11479.0
2020-08-05 15:00:00,NSE:SMLISUZU,396.25,398.0,394.9,395.9,3921.0
2020-08-06 09:00:00,NSE:SMLISUZU,400.0,401.9,396.7,400.8,3736.0
2020-08-06 10:00:00,NSE:SMLISUZU,400.9,402.0,397.05,398.95,2686.0
2020-08-06 11:00:00,NSE:SMLISUZU,399.0,399.0,396.9,397.1,1640.0
2020-08-06 12:00:00,NSE:SMLISUZU,397.05,398.0,397.05,397.5,303.0
2020-08-06 13:00:00,NSE:SMLISUZU,397.55,397.55,396.8,397.5,941.0
2020-08-06 14:00:00,NSE:SMLISUZU,397.5,397.5,395.4,396.4,1711.0
2020-08-06 15:00:00,NSE:SMLISUZU,396.0,399.0,395.75,395.8,2071.0
2020-08-07 09:00:00,NSE:SMLISUZU,397.0,401.25,394.0,401.25,3893.0
2020-08-07 10:00:00,NSE:SMLISUZU,401.0,402.5,398.0,398.95,4250.0
2020-08-07 11:00:00,NSE:SMLISUZU,399.0,399.9,397.15,397.95,1521.0
2020-08-07 12:00:00,NSE:SMLISUZU,398.35,399.05,397.55,398.45,971.0
2020-08-07 13:00:00,NSE:SMLISUZU,397.4,399.25,397.05,397.8,650.0
2020-08-07 14:00:00,NSE:SMLISUZU,397.15,401.9,396.85,400.0,4443.0
2020-08-07 15:00:00,NSE:SMLISUZU,400.0,404.5,398.0,401.55,8017.0
2020-08-10 09:00:00,NSE:SMLISUZU,403.65,407.05,403.3,404.15,6675.0
2020-08-10 10:00:00,NSE:SMLISUZU,404.0,424.4,403.3,417.0,101277.0
2020-08-10 11:00:00,NSE:SMLISUZU,417.0,417.9,414.5,414.55,7759.0
2020-08-10 12:00:00,NSE:SMLISUZU,414.6,415.0,411.55,412.0,6089.0
2020-08-10 13:00:00,NSE:SMLISUZU,411.75,415.5,410.9,413.0,6163.0
2020-08-10 14:00:00,NSE:SMLISUZU,413.0,413.85,408.45,412.75,10167.0
2020-08-10 15:00:00,NSE:SMLISUZU,413.05,414.3,407.0,410.8,12394.0
2020-08-11 09:00:00,NSE:SMLISUZU,414.9,423.0,413.4,418.25,18831.0
2020-08-11 10:00:00,NSE:SMLISUZU,418.3,420.95,416.5,416.55,3996.0
2020-08-11 11:00:00,NSE:SMLISUZU,416.0,416.95,415.0,416.0,2041.0
2020-08-11 12:00:00,NSE:SMLISUZU,416.0,416.1,412.4,413.4,2486.0
2020-08-11 13:00:00,NSE:SMLISUZU,414.0,414.0,413.2,414.0,2234.0
2020-08-11 14:00:00,NSE:SMLISUZU,414.0,415.0,412.6,415.0,3227.0
2020-08-11 15:00:00,NSE:SMLISUZU,415.0,415.0,410.0,412.55,5914.0
2020-08-12 09:00:00,NSE:SMLISUZU,412.4,421.8,411.05,415.7,15399.0
2020-08-12 10:00:00,NSE:SMLISUZU,415.05,417.65,413.5,413.5,2080.0
2020-08-12 11:00:00,NSE:SMLISUZU,413.5,418.0,413.5,415.9,1903.0
2020-08-12 12:00:00,NSE:SMLISUZU,415.9,415.9,413.0,413.15,1419.0
2020-08-12 13:00:00,NSE:SMLISUZU,413.15,415.25,413.0,414.0,2331.0
2020-08-12 14:00:00,NSE:SMLISUZU,414.7,419.45,414.0,418.1,9386.0
2020-08-12 15:00:00,NSE:SMLISUZU,418.1,419.0,414.0,417.05,6153.0
2020-08-13 09:00:00,NSE:SMLISUZU,418.0,419.5,413.8,418.4,3805.0
2020-08-13 10:00:00,NSE:SMLISUZU,418.0,418.8,416.55,417.6,2054.0
2020-08-13 11:00:00,NSE:SMLISUZU,417.6,419.0,417.0,417.0,7170.0
2020-08-13 12:00:00,NSE:SMLISUZU,416.2,427.0,414.45,424.0,27153.0
2020-08-13 13:00:00,NSE:SMLISUZU,422.8,433.55,421.1,429.2,61966.0
2020-08-13 14:00:00,NSE:SMLISUZU,429.2,433.95,425.95,428.45,18412.0
2020-08-13 15:00:00,NSE:SMLISUZU,428.45,428.95,423.25,425.5,11381.0
2020-08-14 09:00:00,NSE:SMLISUZU,429.0,431.45,417.0,419.45,16169.0
2020-08-14 10:00:00,NSE:SMLISUZU,417.75,420.0,413.75,419.1,10124.0
2020-08-14 11:00:00,NSE:SMLISUZU,419.45,419.8,417.05,419.7,2497.0
2020-08-14 12:00:00,NSE:SMLISUZU,419.5,420.0,417.5,419.0,3020.0
2020-08-14 13:00:00,NSE:SMLISUZU,420.0,420.0,408.0,410.0,10034.0
2020-08-14 14:00:00,NSE:SMLISUZU,409.95,410.0,399.4,402.0,19149.0
2020-08-14 15:00:00,NSE:SMLISUZU,402.5,403.9,400.2,402.4,12926.0
2020-08-17 09:00:00,NSE:SMLISUZU,408.8,408.8,398.55,404.0,5929.0
2020-08-17 10:00:00,NSE:SMLISUZU,403.5,405.0,402.55,404.45,2793.0
2020-08-17 11:00:00,NSE:SMLISUZU,404.8,405.85,403.9,405.45,1220.0
2020-08-17 12:00:00,NSE:SMLISUZU,405.65,406.0,405.05,405.95,2246.0
2020-08-17 13:00:00,NSE:SMLISUZU,405.95,406.65,404.0,404.5,4350.0
2020-08-17 14:00:00,NSE:SMLISUZU,404.0,404.0,402.1,404.0,1946.0
2020-08-17 15:00:00,NSE:SMLISUZU,403.4,405.4,403.4,404.65,3060.0
2020-08-18 09:00:00,NSE:SMLISUZU,406.7,412.7,401.95,410.1,6704.0
2020-08-18 10:00:00,NSE:SMLISUZU,410.1,416.65,410.1,413.6,7577.0
2020-08-18 11:00:00,NSE:SMLISUZU,413.6,413.7,411.0,413.25,2345.0
2020-08-18 12:00:00,NSE:SMLISUZU,412.35,419.4,409.05,416.25,8352.0
2020-08-18 13:00:00,NSE:SMLISUZU,416.3,419.4,416.0,418.15,9450.0
2020-08-18 14:00:00,NSE:SMLISUZU,418.0,422.95,417.0,417.7,17692.0
2020-08-18 15:00:00,NSE:SMLISUZU,418.0,422.45,416.1,417.95,7224.0
2020-08-19 09:00:00,NSE:SMLISUZU,420.0,430.0,420.0,428.2,32105.0
2020-08-19 10:00:00,NSE:SMLISUZU,429.0,433.95,426.65,431.25,50804.0
2020-08-19 11:00:00,NSE:SMLISUZU,431.25,436.5,426.65,434.5,31817.0
2020-08-19 12:00:00,NSE:SMLISUZU,434.5,434.5,431.05,432.95,7001.0
2020-08-19 13:00:00,NSE:SMLISUZU,432.95,433.0,428.0,429.05,11531.0
2020-08-19 14:00:00,NSE:SMLISUZU,430.1,434.05,427.55,427.7,16823.0
2020-08-19 15:00:00,NSE:SMLISUZU,428.05,428.05,420.0,422.6,27086.0
2020-08-20 09:00:00,NSE:SMLISUZU,422.0,434.0,416.6,431.0,22762.0
2020-08-20 10:00:00,NSE:SMLISUZU,431.0,444.0,426.95,438.95,86867.0
2020-08-20 11:00:00,NSE:SMLISUZU,438.95,444.8,436.0,436.85,52536.0
2020-08-20 12:00:00,NSE:SMLISUZU,436.1,437.2,427.25,432.75,16870.0
2020-08-20 13:00:00,NSE:SMLISUZU,432.75,434.7,429.8,431.15,7695.0
2020-08-20 14:00:00,NSE:SMLISUZU,430.1,434.8,428.8,432.35,9468.0
2020-08-20 15:00:00,NSE:SMLISUZU,432.35,432.7,427.3,429.3,17455.0
2020-08-21 09:00:00,NSE:SMLISUZU,432.95,437.0,432.0,435.25,16156.0
2020-08-21 10:00:00,NSE:SMLISUZU,435.25,436.5,429.85,430.0,14084.0
2020-08-21 11:00:00,NSE:SMLISUZU,430.0,435.15,427.25,434.05,16395.0
2020-08-21 12:00:00,NSE:SMLISUZU,435.0,444.5,434.05,437.1,34987.0
2020-08-21 13:00:00,NSE:SMLISUZU,437.1,465.4,437.0,459.0,165396.0
2020-08-21 14:00:00,NSE:SMLISUZU,459.05,462.9,451.05,451.9,54684.0
2020-08-21 15:00:00,NSE:SMLISUZU,452.0,455.0,448.0,452.1,38666.0
2020-08-24 09:00:00,NSE:SMLISUZU,462.0,466.9,456.4,458.3,50385.0
2020-08-24 10:00:00,NSE:SMLISUZU,458.95,460.65,455.5,458.4,17073.0
2020-08-24 11:00:00,NSE:SMLISUZU,459.2,459.35,455.0,457.0,7435.0
2020-08-24 12:00:00,NSE:SMLISUZU,457.05,459.7,453.0,454.75,12261.0
2020-08-24 13:00:00,NSE:SMLISUZU,454.75,457.5,454.0,456.0,3023.0
2020-08-24 14:00:00,NSE:SMLISUZU,455.4,460.95,455.4,457.0,17744.0
2020-08-24 15:00:00,NSE:SMLISUZU,456.2,457.0,453.0,454.1,11793.0
2020-08-25 09:00:00,NSE:SMLISUZU,457.75,457.75,445.1,446.0,19808.0
2020-08-25 10:00:00,NSE:SMLISUZU,446.05,446.9,442.1,442.35,12025.0
2020-08-25 11:00:00,NSE:SMLISUZU,442.4,449.45,442.1,448.15,6463.0
2020-08-25 12:00:00,NSE:SMLISUZU,447.75,448.35,442.0,445.45,8038.0
2020-08-25 13:00:00,NSE:SMLISUZU,445.45,448.8,445.05,446.45,2636.0
2020-08-25 14:00:00,NSE:SMLISUZU,446.7,446.7,441.75,443.0,5465.0
2020-08-25 15:00:00,NSE:SMLISUZU,443.0,446.9,442.0,443.2,10780.0
2020-08-26 09:00:00,NSE:SMLISUZU,447.95,454.0,445.0,449.7,21593.0
2020-08-26 10:00:00,NSE:SMLISUZU,449.5,450.0,445.35,448.25,11764.0
2020-08-26 11:00:00,NSE:SMLISUZU,447.4,449.7,447.4,449.25,2574.0
2020-08-26 12:00:00,NSE:SMLISUZU,448.6,449.8,445.95,446.5,8272.0
2020-08-26 13:00:00,NSE:SMLISUZU,447.2,453.85,445.0,452.65,7214.0
2020-08-26 14:00:00,NSE:SMLISUZU,453.0,460.9,452.4,455.7,27485.0
2020-08-26 15:00:00,NSE:SMLISUZU,455.25,456.9,452.35,454.3,14287.0
2020-08-27 09:00:00,NSE:SMLISUZU,457.95,457.95,448.0,450.0,13349.0
2020-08-27 10:00:00,NSE:SMLISUZU,449.6,452.2,448.75,450.0,5867.0
2020-08-27 11:00:00,NSE:SMLISUZU,448.85,451.2,448.75,450.0,2337.0
2020-08-27 12:00:00,NSE:SMLISUZU,450.0,450.3,445.55,448.05,5703.0
2020-08-27 13:00:00,NSE:SMLISUZU,448.0,449.8,445.0,448.0,4460.0
2020-08-27 14:00:00,NSE:SMLISUZU,447.75,449.4,446.45,446.45,2895.0
2020-08-27 15:00:00,NSE:SMLISUZU,446.45,446.85,438.05,440.9,26235.0
2020-08-28 09:00:00,NSE:SMLISUZU,448.4,448.4,439.5,446.25,4980.0
2020-08-28 10:00:00,NSE:SMLISUZU,446.9,447.5,445.2,446.0,3583.0
2020-08-28 11:00:00,NSE:SMLISUZU,446.5,446.5,442.0,442.3,2526.0
2020-08-28 12:00:00,NSE:SMLISUZU,442.3,442.65,440.55,441.0,3516.0
2020-08-28 13:00:00,NSE:SMLISUZU,440.75,446.45,440.1,440.1,4485.0
2020-08-28 14:00:00,NSE:SMLISUZU,441.0,457.0,438.2,455.4,40995.0
2020-08-28 15:00:00,NSE:SMLISUZU,455.2,455.25,445.2,450.55,30983.0
2020-08-31 09:00:00,NSE:SMLISUZU,452.5,453.4,442.0,445.9,7105.0
2020-08-31 10:00:00,NSE:SMLISUZU,445.55,447.1,439.8,440.0,5961.0
2020-08-31 11:00:00,NSE:SMLISUZU,440.0,440.0,418.0,424.95,12946.0
2020-08-31 12:00:00,NSE:SMLISUZU,424.95,430.0,424.55,427.0,5737.0
2020-08-31 13:00:00,NSE:SMLISUZU,426.95,427.95,421.0,423.95,6015.0
2020-08-31 14:00:00,NSE:SMLISUZU,422.5,425.0,417.0,420.0,6653.0
2020-08-31 15:00:00,NSE:SMLISUZU,420.0,421.65,413.0,416.4,7944.0
2020-09-01 09:00:00,NSE:SMLISUZU,417.0,426.0,416.15,418.0,4129.0
2020-09-01 10:00:00,NSE:SMLISUZU,418.5,419.0,416.45,416.55,2149.0
2020-09-01 11:00:00,NSE:SMLISUZU,417.8,417.85,416.05,416.05,1036.0
2020-09-01 12:00:00,NSE:SMLISUZU,416.75,419.0,414.05,417.7,3150.0
2020-09-01 13:00:00,NSE:SMLISUZU,417.7,422.9,417.7,419.35,1059.0
2020-09-01 14:00:00,NSE:SMLISUZU,419.95,419.95,417.0,418.4,1734.0
2020-09-01 15:00:00,NSE:SMLISUZU,418.4,420.5,417.55,418.0,1699.0
2020-09-02 09:00:00,NSE:SMLISUZU,420.15,423.15,415.0,415.1,4795.0
2020-09-02 10:00:00,NSE:SMLISUZU,416.1,417.0,406.65,412.3,6277.0
2020-09-02 11:00:00,NSE:SMLISUZU,412.3,413.9,410.05,412.0,1406.0
2020-09-02 12:00:00,NSE:SMLISUZU,412.0,412.0,410.05,411.9,1243.0
2020-09-02 13:00:00,NSE:SMLISUZU,412.0,416.95,411.2,414.8,2902.0
2020-09-02 14:00:00,NSE:SMLISUZU,414.8,425.0,413.8,424.05,5185.0
2020-09-02 15:00:00,NSE:SMLISUZU,424.0,424.85,419.0,421.7,4248.0
2020-09-03 09:00:00,NSE:SMLISUZU,427.5,437.0,424.1,432.6,9176.0
2020-09-03 10:00:00,NSE:SMLISUZU,432.3,439.0,432.3,434.6,6411.0
2020-09-03 11:00:00,NSE:SMLISUZU,433.95,434.3,429.0,429.85,1496.0
2020-09-03 12:00:00,NSE:SMLISUZU,430.0,436.0,429.0,435.05,2724.0
2020-09-03 13:00:00,NSE:SMLISUZU,435.5,437.0,430.55,430.65,1762.0
2020-09-03 14:00:00,NSE:SMLISUZU,430.65,433.45,429.65,430.0,1956.0
2020-09-03 15:00:00,NSE:SMLISUZU,430.75,432.05,430.05,431.0,1834.0
2020-09-04 09:00:00,NSE:SMLISUZU,427.7,427.7,415.55,425.05,3379.0
2020-09-04 10:00:00,NSE:SMLISUZU,425.4,428.0,421.0,427.7,2674.0
2020-09-04 11:00:00,NSE:SMLISUZU,427.7,444.0,427.7,443.0,17263.0
2020-09-04 12:00:00,NSE:SMLISUZU,442.55,442.55,430.1,433.0,19918.0
2020-09-04 13:00:00,NSE:SMLISUZU,434.45,440.0,433.6,440.0,7651.0
2020-09-04 14:00:00,NSE:SMLISUZU,438.5,446.5,435.9,436.0,30809.0
2020-09-04 15:00:00,NSE:SMLISUZU,436.05,437.05,431.05,434.75,4377.0
2020-09-07 09:00:00,NSE:SMLISUZU,438.5,442.45,429.05,430.35,7782.0
2020-09-07 10:00:00,NSE:SMLISUZU,430.2,433.9,424.05,425.95,4841.0
2020-09-07 11:00:00,NSE:SMLISUZU,425.95,430.45,425.95,429.35,2459.0
2020-09-07 12:00:00,NSE:SMLISUZU,429.3,429.3,427.75,428.5,452.0
2020-09-07 13:00:00,NSE:SMLISUZU,428.85,428.95,427.65,428.35,571.0
2020-09-07 14:00:00,NSE:SMLISUZU,427.7,428.95,424.3,424.3,1655.0
2020-09-07 15:00:00,NSE:SMLISUZU,424.7,429.0,422.0,426.3,4252.0
2020-09-08 09:00:00,NSE:SMLISUZU,431.9,438.85,422.0,431.1,3715.0
2020-09-08 10:00:00,NSE:SMLISUZU,431.05,432.0,428.4,431.2,1185.0
2020-09-08 11:00:00,NSE:SMLISUZU,429.2,431.8,424.0,428.5,1729.0
2020-09-08 12:00:00,NSE:SMLISUZU,428.0,429.0,427.95,428.95,502.0
2020-09-08 13:00:00,NSE:SMLISUZU,429.0,429.0,424.0,425.9,1390.0
2020-09-08 14:00:00,NSE:SMLISUZU,425.9,426.0,416.2,419.75,21357.0
2020-09-08 15:00:00,NSE:SMLISUZU,418.5,418.5,406.7,412.85,9941.0
2020-09-09 09:00:00,NSE:SMLISUZU,401.6,412.4,401.1,402.1,9651.0
2020-09-09 10:00:00,NSE:SMLISUZU,401.3,405.75,401.05,404.6,2697.0
2020-09-09 11:00:00,NSE:SMLISUZU,405.15,405.75,401.55,403.45,1386.0
2020-09-09 12:00:00,NSE:SMLISUZU,403.5,403.5,401.9,403.0,1055.0
2020-09-09 13:00:00,NSE:SMLISUZU,403.0,403.95,402.15,403.4,401.0
2020-09-09 14:00:00,NSE:SMLISUZU,404.0,405.95,402.65,404.0,2300.0
2020-09-09 15:00:00,NSE:SMLISUZU,404.0,405.45,402.0,403.65,3359.0
2020-09-10 09:00:00,NSE:SMLISUZU,407.0,416.6,407.0,412.3,3874.0
2020-09-10 10:00:00,NSE:SMLISUZU,411.15,413.95,411.05,413.95,713.0
2020-09-10 11:00:00,NSE:SMLISUZU,414.0,414.85,411.55,412.0,1338.0
2020-09-10 12:00:00,NSE:SMLISUZU,412.9,414.2,410.0,411.1,1830.0
2020-09-10 13:00:00,NSE:SMLISUZU,411.1,411.1,405.2,405.3,868.0
2020-09-10 14:00:00,NSE:SMLISUZU,407.1,409.0,406.5,409.0,1112.0
2020-09-10 15:00:00,NSE:SMLISUZU,409.0,409.45,405.2,407.7,2654.0
2020-09-11 09:00:00,NSE:SMLISUZU,403.2,412.95,403.2,408.9,1276.0
2020-09-11 10:00:00,NSE:SMLISUZU,408.9,411.95,405.05,410.6,1884.0
2020-09-11 11:00:00,NSE:SMLISUZU,410.3,415.0,410.3,414.1,4551.0
2020-09-11 12:00:00,NSE:SMLISUZU,414.15,418.95,414.0,416.05,4729.0
2020-09-11 13:00:00,NSE:SMLISUZU,416.95,417.8,414.0,414.0,3141.0
2020-09-11 14:00:00,NSE:SMLISUZU,414.4,415.45,413.15,413.55,1535.0
2020-09-11 15:00:00,NSE:SMLISUZU,413.55,417.0,412.0,413.7,3387.0
2020-09-14 09:00:00,NSE:SMLISUZU,424.8,426.4,416.0,424.4,5811.0
2020-09-14 10:00:00,NSE:SMLISUZU,424.4,428.4,422.5,423.65,5477.0
2020-09-14 11:00:00,NSE:SMLISUZU,424.0,425.15,423.65,424.3,1037.0
2020-09-14 12:00:00,NSE:SMLISUZU,424.85,426.5,424.1,424.1,2274.0
2020-09-14 13:00:00,NSE:SMLISUZU,424.1,425.0,420.2,421.05,3010.0
2020-09-14 14:00:00,NSE:SMLISUZU,421.4,421.55,418.0,420.3,2493.0
2020-09-14 15:00:00,NSE:SMLISUZU,420.2,422.95,417.95,419.7,2317.0
2020-09-15 09:00:00,NSE:SMLISUZU,423.45,427.3,422.0,425.5,2160.0
2020-09-15 10:00:00,NSE:SMLISUZU,425.2,425.2,423.25,424.0,625.0
2020-09-15 11:00:00,NSE:SMLISUZU,424.0,424.0,423.25,423.25,983.0
2020-09-15 12:00:00,NSE:SMLISUZU,423.7,432.8,423.7,428.0,9671.0
2020-09-15 13:00:00,NSE:SMLISUZU,427.95,429.7,425.0,428.1,1621.0
2020-09-15 14:00:00,NSE:SMLISUZU,426.85,428.0,425.0,425.5,1015.0
2020-09-15 15:00:00,NSE:SMLISUZU,425.85,425.85,421.9,424.2,3356.0
2020-09-16 09:00:00,NSE:SMLISUZU,426.0,439.0,421.95,438.7,15976.0
2020-09-16 10:00:00,NSE:SMLISUZU,438.7,444.0,434.0,434.5,16119.0
2020-09-16 11:00:00,NSE:SMLISUZU,434.45,435.95,431.0,431.6,2573.0
2020-09-16 12:00:00,NSE:SMLISUZU,431.05,434.95,428.0,432.75,4614.0
2020-09-16 13:00:00,NSE:SMLISUZU,432.4,434.15,429.15,432.35,3673.0
2020-09-16 14:00:00,NSE:SMLISUZU,432.6,435.75,431.25,435.7,3834.0
2020-09-16 15:00:00,NSE:SMLISUZU,435.15,436.2,430.85,433.4,6167.0
2020-09-17 09:00:00,NSE:SMLISUZU,430.9,432.45,426.35,431.0,3101.0
2020-09-17 10:00:00,NSE:SMLISUZU,431.0,434.2,424.95,428.75,4807.0
2020-09-17 11:00:00,NSE:SMLISUZU,430.0,431.5,425.05,425.05,1445.0
2020-09-17 12:00:00,NSE:SMLISUZU,426.0,427.15,425.55,426.1,584.0
2020-09-17 13:00:00,NSE:SMLISUZU,426.95,426.95,425.75,426.95,957.0
2020-09-17 14:00:00,NSE:SMLISUZU,427.1,427.1,425.3,425.95,375.0
2020-09-17 15:00:00,NSE:SMLISUZU,425.95,425.95,418.0,423.6,4338.0
2020-09-18 09:00:00,NSE:SMLISUZU,426.0,435.9,426.0,428.5,1485.0
2020-09-18 10:00:00,NSE:SMLISUZU,427.4,429.0,424.0,424.55,1172.0
2020-09-18 11:00:00,NSE:SMLISUZU,424.35,428.95,421.15,424.65,13872.0
2020-09-18 12:00:00,NSE:SMLISUZU,425.9,427.25,423.5,425.7,772.0
2020-09-18 13:00:00,NSE:SMLISUZU,424.85,426.2,424.15,424.15,675.0
2020-09-18 14:00:00,NSE:SMLISUZU,424.3,427.7,420.55,422.65,1708.0
2020-09-18 15:00:00,NSE:SMLISUZU,422.6,424.45,416.0,419.5,1756.0
2020-09-21 09:00:00,NSE:SMLISUZU,422.95,422.95,411.95,414.95,3627.0
2020-09-21 10:00:00,NSE:SMLISUZU,413.05,415.0,408.25,410.4,3595.0
2020-09-21 11:00:00,NSE:SMLISUZU,410.05,411.15,408.95,410.25,1797.0
2020-09-21 12:00:00,NSE:SMLISUZU,410.0,413.45,404.0,404.65,3981.0
2020-09-21 13:00:00,NSE:SMLISUZU,405.05,407.75,404.1,407.2,1139.0
2020-09-21 14:00:00,NSE:SMLISUZU,407.75,408.25,398.0,402.1,6554.0
2020-09-21 15:00:00,NSE:SMLISUZU,402.7,403.0,398.0,400.35,3705.0
2020-09-22 09:00:00,NSE:SMLISUZU,405.95,405.95,388.0,391.15,3021.0
2020-09-22 10:00:00,NSE:SMLISUZU,391.15,397.75,391.15,396.5,1479.0
2020-09-22 11:00:00,NSE:SMLISUZU,396.0,397.7,393.05,397.5,1731.0
2020-09-22 12:00:00,NSE:SMLISUZU,394.05,397.0,392.6,397.0,1320.0
2020-09-22 13:00:00,NSE:SMLISUZU,397.0,397.5,392.75,393.05,1006.0
2020-09-22 14:00:00,NSE:SMLISUZU,394.9,395.95,391.15,393.55,787.0
2020-09-22 15:00:00,NSE:SMLISUZU,394.65,396.8,392.0,394.1,1494.0
2020-09-23 09:00:00,NSE:SMLISUZU,397.2,403.45,397.2,399.0,1902.0
2020-09-23 10:00:00,NSE:SMLISUZU,399.05,405.0,398.7,401.0,1932.0
2020-09-23 11:00:00,NSE:SMLISUZU,400.85,403.6,398.5,399.25,2796.0
2020-09-23 12:00:00,NSE:SMLISUZU,398.7,398.7,390.0,391.25,2602.0
2020-09-23 13:00:00,NSE:SMLISUZU,390.1,393.35,390.0,390.0,2713.0
2020-09-23 14:00:00,NSE:SMLISUZU,391.45,392.4,389.15,389.8,1795.0
2020-09-23 15:00:00,NSE:SMLISUZU,389.9,393.0,389.35,390.75,2433.0
2020-09-24 09:00:00,NSE:SMLISUZU,388.5,392.0,380.8,392.0,3198.0
2020-09-24 10:00:00,NSE:SMLISUZU,391.95,394.0,384.2,394.0,2008.0
2020-09-24 11:00:00,NSE:SMLISUZU,390.5,391.95,388.0,389.6,847.0
2020-09-24 12:00:00,NSE:SMLISUZU,389.0,389.0,383.1,385.15,1780.0
2020-09-24 13:00:00,NSE:SMLISUZU,387.25,387.9,385.0,385.0,579.0
2020-09-24 14:00:00,NSE:SMLISUZU,385.15,386.85,380.0,384.0,2731.0
2020-09-24 15:00:00,NSE:SMLISUZU,384.15,390.0,381.85,386.9,1523.0
2020-09-25 09:00:00,NSE:SMLISUZU,389.0,393.95,389.0,390.5,1941.0
2020-09-25 10:00:00,NSE:SMLISUZU,393.0,393.0,385.0,390.0,2421.0
2020-09-25 11:00:00,NSE:SMLISUZU,388.45,391.45,388.45,389.95,514.0
2020-09-25 12:00:00,NSE:SMLISUZU,389.6,392.4,389.6,390.0,980.0
2020-09-25 13:00:00,NSE:SMLISUZU,390.95,391.1,389.8,389.8,846.0
2020-09-25 14:00:00,NSE:SMLISUZU,391.6,392.0,389.8,391.0,873.0
2020-09-25 15:00:00,NSE:SMLISUZU,391.1,392.7,390.05,392.7,2662.0
2020-09-28 09:00:00,NSE:SMLISUZU,395.95,401.0,393.25,397.3,4039.0
2020-09-28 10:00:00,NSE:SMLISUZU,397.9,398.7,397.0,397.5,1995.0
2020-09-28 11:00:00,NSE:SMLISUZU,397.15,402.0,397.0,399.6,3841.0
2020-09-28 12:00:00,NSE:SMLISUZU,398.6,400.3,396.0,397.2,1701.0
2020-09-28 13:00:00,NSE:SMLISUZU,397.0,398.5,397.0,397.6,913.0
2020-09-28 14:00:00,NSE:SMLISUZU,398.15,398.15,396.1,396.25,816.0
2020-09-28 15:00:00,NSE:SMLISUZU,396.25,397.0,395.0,395.9,1954.0
2020-09-29 09:00:00,NSE:SMLISUZU,399.9,401.4,397.05,397.1,3296.0
2020-09-29 10:00:00,NSE:SMLISUZU,397.9,398.15,393.5,393.5,1647.0
2020-09-29 11:00:00,NSE:SMLISUZU,393.4,395.85,391.55,395.85,1261.0
2020-09-29 12:00:00,NSE:SMLISUZU,395.85,395.95,391.55,393.7,1283.0
2020-09-29 13:00:00,NSE:SMLISUZU,393.95,394.95,393.9,394.95,193.0
2020-09-29 14:00:00,NSE:SMLISUZU,395.05,397.4,394.55,395.7,1311.0
2020-09-29 15:00:00,NSE:SMLISUZU,394.55,395.4,392.05,393.6,1802.0
2020-09-30 09:00:00,NSE:SMLISUZU,396.5,399.0,393.0,393.0,2962.0
2020-09-30 10:00:00,NSE:SMLISUZU,394.0,394.95,393.7,394.65,468.0
2020-09-30 11:00:00,NSE:SMLISUZU,393.95,393.95,391.75,393.15,878.0
2020-09-30 12:00:00,NSE:SMLISUZU,393.85,401.0,393.5,397.4,3072.0
2020-09-30 13:00:00,NSE:SMLISUZU,397.95,397.95,395.0,396.05,959.0
2020-09-30 14:00:00,NSE:SMLISUZU,396.3,396.3,393.0,393.4,2058.0
2020-09-30 15:00:00,NSE:SMLISUZU,396.0,398.85,391.65,391.65,6192.0
2020-10-01 09:00:00,NSE:SMLISUZU,398.9,399.9,394.6,397.9,1403.0
2020-10-01 10:00:00,NSE:SMLISUZU,397.5,398.1,396.05,397.95,2165.0
2020-10-01 11:00:00,NSE:SMLISUZU,397.25,397.85,395.0,397.0,938.0
2020-10-01 12:00:00,NSE:SMLISUZU,396.0,397.0,394.45,394.45,1578.0
2020-10-01 13:00:00,NSE:SMLISUZU,394.45,396.5,387.45,393.9,7163.0
2020-10-01 14:00:00,NSE:SMLISUZU,394.0,394.5,391.45,393.0,3981.0
2020-10-01 15:00:00,NSE:SMLISUZU,393.05,397.6,392.0,393.75,2544.0
2020-10-05 09:00:00,NSE:SMLISUZU,396.95,404.7,396.4,403.0,2929.0
2020-10-05 10:00:00,NSE:SMLISUZU,403.2,403.75,400.1,402.4,1873.0
2020-10-05 11:00:00,NSE:SMLISUZU,401.05,401.95,398.5,399.05,1805.0
2020-10-05 12:00:00,NSE:SMLISUZU,399.0,400.35,398.0,399.5,738.0
2020-10-05 13:00:00,NSE:SMLISUZU,399.55,399.55,397.25,397.3,804.0
2020-10-05 14:00:00,NSE:SMLISUZU,398.5,398.75,397.4,397.55,790.0
2020-10-05 15:00:00,NSE:SMLISUZU,397.95,399.5,397.0,397.8,2187.0
2020-10-06 09:00:00,NSE:SMLISUZU,399.95,403.5,399.8,402.0,3014.0
2020-10-06 10:00:00,NSE:SMLISUZU,401.2,401.85,398.1,398.35,1832.0
2020-10-06 11:00:00,NSE:SMLISUZU,399.0,401.75,395.1,400.0,3624.0
2020-10-06 12:00:00,NSE:SMLISUZU,400.0,400.0,398.0,398.0,985.0
2020-10-06 13:00:00,NSE:SMLISUZU,399.15,399.15,397.25,397.25,721.0
2020-10-06 14:00:00,NSE:SMLISUZU,398.2,398.2,397.15,397.55,832.0
2020-10-06 15:00:00,NSE:SMLISUZU,397.55,398.95,395.1,397.0,2860.0
2020-10-07 09:00:00,NSE:SMLISUZU,401.0,401.6,395.0,398.85,1899.0
2020-10-07 10:00:00,NSE:SMLISUZU,397.85,399.4,395.2,395.2,1551.0
2020-10-07 11:00:00,NSE:SMLISUZU,395.8,397.95,395.0,397.95,1031.0
2020-10-07 12:00:00,NSE:SMLISUZU,396.75,400.0,395.0,396.0,3102.0
2020-10-07 13:00:00,NSE:SMLISUZU,397.65,397.65,393.8,394.7,722.0
2020-10-07 14:00:00,NSE:SMLISUZU,393.05,396.05,393.05,396.05,620.0
2020-10-07 15:00:00,NSE:SMLISUZU,396.3,396.85,393.0,395.0,1681.0
2020-10-08 09:00:00,NSE:SMLISUZU,399.4,399.4,394.0,395.0,3435.0
2020-10-08 10:00:00,NSE:SMLISUZU,395.0,397.05,394.95,395.85,693.0
2020-10-08 11:00:00,NSE:SMLISUZU,395.15,395.15,394.1,394.75,519.0
2020-10-08 12:00:00,NSE:SMLISUZU,394.4,394.95,392.0,393.3,1000.0
2020-10-08 13:00:00,NSE:SMLISUZU,393.35,393.4,391.3,391.3,896.0
2020-10-08 14:00:00,NSE:SMLISUZU,392.1,392.95,389.15,391.0,1596.0
2020-10-08 15:00:00,NSE:SMLISUZU,391.0,391.0,382.0,388.0,3153.0
2020-10-09 09:00:00,NSE:SMLISUZU,388.0,396.5,386.1,390.75,2279.0
2020-10-09 10:00:00,NSE:SMLISUZU,391.0,393.8,390.65,390.8,554.0
2020-10-09 11:00:00,NSE:SMLISUZU,391.95,393.0,391.35,391.35,207.0
2020-10-09 12:00:00,NSE:SMLISUZU,391.45,393.2,390.0,391.0,701.0
2020-10-09 13:00:00,NSE:SMLISUZU,391.0,392.4,390.3,391.5,171.0
2020-10-09 14:00:00,NSE:SMLISUZU,392.15,392.75,391.3,391.35,374.0
2020-10-09 15:00:00,NSE:SMLISUZU,391.35,392.4,390.0,390.0,1603.0
2020-10-12 09:00:00,NSE:SMLISUZU,392.8,394.2,390.9,391.0,1495.0
2020-10-12 10:00:00,NSE:SMLISUZU,390.95,391.55,384.95,387.1,1388.0
2020-10-12 11:00:00,NSE:SMLISUZU,387.1,387.35,386.55,387.25,642.0
2020-10-12 12:00:00,NSE:SMLISUZU,387.2,387.25,386.0,386.65,985.0
2020-10-12 13:00:00,NSE:SMLISUZU,386.65,387.2,386.0,387.05,622.0
2020-10-12 14:00:00,NSE:SMLISUZU,386.95,386.95,385.0,386.5,466.0
2020-10-12 15:00:00,NSE:SMLISUZU,386.45,392.2,386.45,391.6,2387.0
2020-10-13 09:00:00,NSE:SMLISUZU,389.55,390.0,386.2,388.0,764.0
2020-10-13 10:00:00,NSE:SMLISUZU,386.8,388.6,385.3,386.95,818.0
2020-10-13 11:00:00,NSE:SMLISUZU,387.05,388.65,387.05,388.05,432.0
2020-10-13 12:00:00,NSE:SMLISUZU,388.6,389.35,386.1,386.1,294.0
2020-10-13 13:00:00,NSE:SMLISUZU,387.05,392.75,387.0,387.0,977.0
2020-10-13 14:00:00,NSE:SMLISUZU,387.0,388.75,386.45,386.45,354.0
2020-10-13 15:00:00,NSE:SMLISUZU,385.95,388.6,385.7,388.0,1358.0
2020-10-14 09:00:00,NSE:SMLISUZU,384.9,389.0,381.5,388.25,699.0
2020-10-14 10:00:00,NSE:SMLISUZU,388.25,388.9,384.9,386.05,909.0
2020-10-14 11:00:00,NSE:SMLISUZU,387.15,387.85,386.0,386.0,290.0
2020-10-14 12:00:00,NSE:SMLISUZU,386.0,386.8,386.0,386.75,115.0
2020-10-14 13:00:00,NSE:SMLISUZU,386.75,387.75,385.7,386.55,888.0
2020-10-14 14:00:00,NSE:SMLISUZU,385.8,386.0,384.0,384.0,1121.0
2020-10-14 15:00:00,NSE:SMLISUZU,384.0,384.9,382.45,383.95,1550.0
2020-10-15 09:00:00,NSE:SMLISUZU,385.55,390.2,385.2,387.4,1637.0
2020-10-15 10:00:00,NSE:SMLISUZU,387.4,388.8,386.0,387.6,725.0
2020-10-15 11:00:00,NSE:SMLISUZU,387.95,387.95,385.25,386.3,299.0
2020-10-15 12:00:00,NSE:SMLISUZU,385.95,386.0,385.0,386.0,789.0
2020-10-15 13:00:00,NSE:SMLISUZU,386.0,386.0,383.0,384.0,663.0
2020-10-15 14:00:00,NSE:SMLISUZU,384.5,385.05,382.0,382.6,1474.0
2020-10-15 15:00:00,NSE:SMLISUZU,382.7,382.85,380.0,380.85,2201.0
2020-10-16 09:00:00,NSE:SMLISUZU,380.85,385.0,380.65,381.25,673.0
2020-10-16 10:00:00,NSE:SMLISUZU,380.6,382.6,380.25,382.6,449.0
2020-10-16 11:00:00,NSE:SMLISUZU,382.6,382.8,380.1,380.25,638.0
2020-10-16 12:00:00,NSE:SMLISUZU,379.95,379.95,379.0,379.0,1825.0
2020-10-16 13:00:00,NSE:SMLISUZU,379.0,380.0,378.95,379.0,1153.0
2020-10-16 14:00:00,NSE:SMLISUZU,377.55,378.5,374.6,376.45,3274.0
2020-10-16 15:00:00,NSE:SMLISUZU,376.45,380.0,375.0,377.7,1588.0
2020-10-19 09:00:00,NSE:SMLISUZU,379.1,383.0,375.55,377.3,2701.0
2020-10-19 10:00:00,NSE:SMLISUZU,376.25,378.75,376.25,377.05,1261.0
2020-10-19 11:00:00,NSE:SMLISUZU,377.0,377.0,373.55,375.05,2409.0
2020-10-19 12:00:00,NSE:SMLISUZU,375.1,376.5,374.5,376.5,730.0
2020-10-19 13:00:00,NSE:SMLISUZU,376.5,377.05,375.5,376.5,593.0
2020-10-19 14:00:00,NSE:SMLISUZU,376.5,380.0,376.45,378.0,1729.0
2020-10-19 15:00:00,NSE:SMLISUZU,379.4,379.5,376.8,376.8,1184.0
2020-10-20 09:00:00,NSE:SMLISUZU,373.2,381.0,373.2,377.75,945.0
2020-10-20 10:00:00,NSE:SMLISUZU,377.7,379.9,377.7,379.9,130.0
2020-10-20 11:00:00,NSE:SMLISUZU,379.25,380.0,371.3,375.2,2277.0
2020-10-20 12:00:00,NSE:SMLISUZU,376.1,376.5,373.1,374.2,1472.0
2020-10-20 13:00:00,NSE:SMLISUZU,373.7,377.5,371.0,374.95,1912.0
2020-10-20 14:00:00,NSE:SMLISUZU,374.5,374.5,370.2,370.25,3092.0
2020-10-20 15:00:00,NSE:SMLISUZU,371.55,373.9,370.2,373.8,2724.0
2020-10-21 09:00:00,NSE:SMLISUZU,375.95,380.0,375.95,379.0,3022.0
2020-10-21 10:00:00,NSE:SMLISUZU,378.9,379.4,376.6,378.0,1407.0
2020-10-21 11:00:00,NSE:SMLISUZU,379.4,379.4,376.0,376.75,908.0
2020-10-21 12:00:00,NSE:SMLISUZU,376.25,378.85,376.0,378.85,911.0
2020-10-21 13:00:00,NSE:SMLISUZU,378.0,379.05,370.8,372.95,3381.0
2020-10-21 14:00:00,NSE:SMLISUZU,373.0,374.0,372.0,372.55,1106.0
2020-10-21 15:00:00,NSE:SMLISUZU,374.0,374.15,372.5,374.15,1496.0
2020-10-22 09:00:00,NSE:SMLISUZU,374.35,379.05,374.35,376.65,1509.0
2020-10-22 10:00:00,NSE:SMLISUZU,376.95,379.8,373.55,374.1,3234.0
2020-10-22 11:00:00,NSE:SMLISUZU,374.2,376.0,374.2,375.95,350.0
2020-10-22 12:00:00,NSE:SMLISUZU,375.8,375.95,373.5,375.15,1363.0
2020-10-22 13:00:00,NSE:SMLISUZU,374.9,376.95,374.2,375.1,740.0
2020-10-22 14:00:00,NSE:SMLISUZU,376.75,376.75,375.45,375.5,374.0
2020-10-22 15:00:00,NSE:SMLISUZU,376.6,379.2,375.6,377.85,2045.0
2020-10-23 09:00:00,NSE:SMLISUZU,379.0,388.9,378.05,384.0,3263.0
2020-10-23 10:00:00,NSE:SMLISUZU,384.45,388.0,379.0,379.0,8789.0
2020-10-23 11:00:00,NSE:SMLISUZU,379.0,382.95,378.4,380.75,2392.0
2020-10-23 12:00:00,NSE:SMLISUZU,381.25,382.95,379.4,381.9,1263.0
2020-10-23 13:00:00,NSE:SMLISUZU,381.15,383.95,379.5,379.5,1600.0
2020-10-23 14:00:00,NSE:SMLISUZU,379.5,387.0,379.5,384.95,5406.0
2020-10-23 15:00:00,NSE:SMLISUZU,384.85,385.0,382.9,384.0,4575.0
2020-10-26 09:00:00,NSE:SMLISUZU,388.85,388.85,380.0,382.0,1524.0
2020-10-26 10:00:00,NSE:SMLISUZU,382.65,382.65,378.95,379.75,2051.0
2020-10-26 11:00:00,NSE:SMLISUZU,379.7,380.1,374.1,375.9,2527.0
2020-10-26 12:00:00,NSE:SMLISUZU,375.9,377.4,374.0,376.0,1993.0
2020-10-26 13:00:00,NSE:SMLISUZU,375.2,377.35,375.0,375.85,1403.0
2020-10-26 14:00:00,NSE:SMLISUZU,375.85,377.0,372.1,376.45,3155.0
2020-10-26 15:00:00,NSE:SMLISUZU,376.85,376.85,374.05,375.15,1044.0
2020-10-27 09:00:00,NSE:SMLISUZU,376.55,376.55,371.1,372.95,1508.0
2020-10-27 10:00:00,NSE:SMLISUZU,371.6,373.8,371.25,372.95,1608.0
2020-10-27 11:00:00,NSE:SMLISUZU,372.65,373.4,372.0,373.15,201.0
2020-10-27 12:00:00,NSE:SMLISUZU,372.6,375.15,372.25,374.5,1102.0
2020-10-27 13:00:00,NSE:SMLISUZU,374.5,375.3,374.0,374.1,409.0
2020-10-27 14:00:00,NSE:SMLISUZU,374.0,375.3,373.05,373.25,1357.0
2020-10-27 15:00:00,NSE:SMLISUZU,373.05,375.3,372.3,375.3,1251.0
2020-10-28 09:00:00,NSE:SMLISUZU,375.25,381.95,375.25,379.3,1466.0
2020-10-28 10:00:00,NSE:SMLISUZU,379.25,379.25,376.25,378.4,805.0
2020-10-28 11:00:00,NSE:SMLISUZU,378.05,379.0,377.15,377.95,76.0
2020-10-28 12:00:00,NSE:SMLISUZU,376.0,378.0,376.0,377.75,1702.0
2020-10-28 13:00:00,NSE:SMLISUZU,376.15,376.55,376.0,376.5,292.0
2020-10-28 14:00:00,NSE:SMLISUZU,376.0,378.0,376.0,378.0,2057.0
2020-10-28 15:00:00,NSE:SMLISUZU,376.35,377.0,373.35,375.7,1017.0
2020-10-29 09:00:00,NSE:SMLISUZU,373.0,376.05,372.0,375.6,1224.0
2020-10-29 10:00:00,NSE:SMLISUZU,375.1,375.9,373.0,373.25,574.0
2020-10-29 11:00:00,NSE:SMLISUZU,373.2,375.15,373.2,374.65,724.0
2020-10-29 12:00:00,NSE:SMLISUZU,375.5,376.0,374.0,374.0,474.0
2020-10-29 13:00:00,NSE:SMLISUZU,375.5,375.5,374.2,374.8,240.0
2020-10-29 14:00:00,NSE:SMLISUZU,374.15,374.75,373.0,373.0,586.0
2020-10-29 15:00:00,NSE:SMLISUZU,373.05,376.0,373.0,374.2,1419.0
2020-10-30 09:00:00,NSE:SMLISUZU,374.6,376.45,374.35,374.4,612.0
2020-10-30 10:00:00,NSE:SMLISUZU,375.05,377.0,374.65,376.9,845.0
2020-10-30 11:00:00,NSE:SMLISUZU,376.0,376.0,369.55,372.6,2651.0
2020-10-30 12:00:00,NSE:SMLISUZU,372.0,394.0,370.0,377.95,16501.0
2020-10-30 13:00:00,NSE:SMLISUZU,377.15,377.9,374.0,374.55,2415.0
2020-10-30 14:00:00,NSE:SMLISUZU,375.4,379.9,374.5,375.25,1710.0
2020-10-30 15:00:00,NSE:SMLISUZU,375.0,376.0,370.0,373.15,2831.0
2020-11-02 09:00:00,NSE:SMLISUZU,372.5,376.65,372.5,376.65,1016.0
2020-11-02 10:00:00,NSE:SMLISUZU,376.65,379.85,374.9,374.9,1175.0
2020-11-02 11:00:00,NSE:SMLISUZU,374.85,377.0,373.75,375.75,964.0
2020-11-02 12:00:00,NSE:SMLISUZU,375.6,384.8,373.6,373.65,14101.0
2020-11-02 13:00:00,NSE:SMLISUZU,374.95,375.0,370.0,371.65,3511.0
2020-11-02 14:00:00,NSE:SMLISUZU,371.0,372.95,370.55,370.55,1598.0
2020-11-02 15:00:00,NSE:SMLISUZU,371.75,372.75,365.0,369.65,3963.0
2020-11-03 09:00:00,NSE:SMLISUZU,370.65,377.5,370.65,374.6,1660.0
2020-11-03 10:00:00,NSE:SMLISUZU,374.0,376.2,372.05,373.05,916.0
2020-11-03 11:00:00,NSE:SMLISUZU,373.05,375.5,372.5,374.4,318.0
2020-11-03 12:00:00,NSE:SMLISUZU,374.35,381.0,373.4,376.55,3228.0
2020-11-03 13:00:00,NSE:SMLISUZU,376.1,379.5,375.85,377.0,1357.0
2020-11-03 14:00:00,NSE:SMLISUZU,376.95,378.0,376.25,376.25,575.0
2020-11-03 15:00:00,NSE:SMLISUZU,376.25,385.8,376.25,385.0,9134.0
2020-11-04 09:00:00,NSE:SMLISUZU,385.3,391.2,385.0,388.6,6423.0
2020-11-04 10:00:00,NSE:SMLISUZU,388.55,389.85,388.0,388.0,2843.0
2020-11-04 11:00:00,NSE:SMLISUZU,388.0,388.05,386.7,386.7,1043.0
2020-11-04 12:00:00,NSE:SMLISUZU,387.0,389.0,387.0,387.0,687.0
2020-11-04 13:00:00,NSE:SMLISUZU,387.0,388.0,385.6,387.5,2188.0
2020-11-04 14:00:00,NSE:SMLISUZU,387.5,387.5,385.05,386.2,1243.0
2020-11-04 15:00:00,NSE:SMLISUZU,385.55,392.95,385.55,389.0,6388.0
2020-11-05 09:00:00,NSE:SMLISUZU,390.0,409.7,390.0,409.1,17584.0
2020-11-05 10:00:00,NSE:SMLISUZU,408.9,444.0,403.1,435.5,468242.0
2020-11-05 11:00:00,NSE:SMLISUZU,435.5,435.9,427.1,429.4,166724.0
2020-11-05 12:00:00,NSE:SMLISUZU,428.9,430.45,422.55,425.05,59975.0
2020-11-05 13:00:00,NSE:SMLISUZU,425.05,429.65,424.4,429.25,26789.0
2020-11-05 14:00:00,NSE:SMLISUZU,429.7,430.8,425.0,427.5,34925.0
2020-11-05 15:00:00,NSE:SMLISUZU,428.2,433.0,427.0,429.8,41026.0
2020-11-06 09:00:00,NSE:SMLISUZU,430.0,435.65,392.0,425.8,25310.0
2020-11-06 10:00:00,NSE:SMLISUZU,426.5,428.0,421.0,423.45,9619.0
2020-11-06 11:00:00,NSE:SMLISUZU,423.25,425.0,420.0,422.7,5843.0
2020-11-06 12:00:00,NSE:SMLISUZU,421.95,425.0,420.1,421.0,4620.0
2020-11-06 13:00:00,NSE:SMLISUZU,421.0,422.45,414.95,418.3,26135.0
2020-11-06 14:00:00,NSE:SMLISUZU,419.05,420.95,410.2,416.95,14431.0
2020-11-06 15:00:00,NSE:SMLISUZU,415.55,416.8,410.1,412.7,10946.0
2020-11-09 09:00:00,NSE:SMLISUZU,405.35,411.25,403.05,406.5,11312.0
2020-11-09 10:00:00,NSE:SMLISUZU,408.1,408.5,406.0,406.85,3557.0
2020-11-09 11:00:00,NSE:SMLISUZU,406.55,408.05,405.0,406.95,2881.0
2020-11-09 12:00:00,NSE:SMLISUZU,406.9,412.35,406.05,408.85,5082.0
2020-11-09 13:00:00,NSE:SMLISUZU,409.4,409.45,406.0,408.05,2185.0
2020-11-09 14:00:00,NSE:SMLISUZU,407.35,407.65,403.0,403.5,3480.0
2020-11-09 15:00:00,NSE:SMLISUZU,403.5,406.75,401.3,404.1,4609.0
2020-11-10 09:00:00,NSE:SMLISUZU,409.0,409.0,400.55,403.7,6160.0
2020-11-10 10:00:00,NSE:SMLISUZU,403.0,404.55,400.65,402.5,3850.0
2020-11-10 11:00:00,NSE:SMLISUZU,403.45,406.2,400.1,403.95,4810.0
2020-11-10 12:00:00,NSE:SMLISUZU,404.2,404.9,402.85,403.9,1187.0
2020-11-10 13:00:00,NSE:SMLISUZU,403.9,415.0,402.35,413.95,11178.0
2020-11-10 14:00:00,NSE:SMLISUZU,412.75,416.8,412.65,415.5,8447.0
2020-11-10 15:00:00,NSE:SMLISUZU,414.45,421.0,414.0,416.8,12121.0
2020-11-11 09:00:00,NSE:SMLISUZU,421.0,421.55,413.95,420.0,5601.0
2020-11-11 10:00:00,NSE:SMLISUZU,419.7,420.75,406.0,415.7,6547.0
2020-11-11 11:00:00,NSE:SMLISUZU,415.65,416.5,414.0,415.95,2217.0
2020-11-11 12:00:00,NSE:SMLISUZU,415.95,416.1,414.0,414.0,2548.0
2020-11-11 13:00:00,NSE:SMLISUZU,413.95,413.95,410.0,410.45,3873.0
2020-11-11 14:00:00,NSE:SMLISUZU,411.1,415.2,411.1,414.1,1248.0
2020-11-11 15:00:00,NSE:SMLISUZU,414.4,418.95,410.3,416.95,9574.0
2020-11-12 09:00:00,NSE:SMLISUZU,422.0,422.0,416.05,416.5,2332.0
2020-11-12 10:00:00,NSE:SMLISUZU,417.45,417.45,416.1,416.7,1253.0
2020-11-12 11:00:00,NSE:SMLISUZU,416.7,416.7,415.5,415.9,772.0
2020-11-12 12:00:00,NSE:SMLISUZU,415.85,416.45,415.5,416.2,1319.0
2020-11-12 13:00:00,NSE:SMLISUZU,416.2,416.4,415.2,415.2,1079.0
2020-11-12 14:00:00,NSE:SMLISUZU,415.65,417.55,415.65,417.0,3743.0
2020-11-12 15:00:00,NSE:SMLISUZU,417.35,421.95,416.3,420.0,3057.0
2020-11-13 09:00:00,NSE:SMLISUZU,419.3,419.3,414.95,416.3,1412.0
2020-11-13 10:00:00,NSE:SMLISUZU,417.05,418.45,416.0,416.95,3078.0
2020-11-13 11:00:00,NSE:SMLISUZU,416.75,417.65,416.15,417.65,246.0
2020-11-13 12:00:00,NSE:SMLISUZU,417.0,417.9,416.2,416.75,1247.0
2020-11-13 13:00:00,NSE:SMLISUZU,416.75,418.1,416.7,417.2,1111.0
2020-11-13 14:00:00,NSE:SMLISUZU,417.0,418.9,417.0,417.0,848.0
2020-11-13 15:00:00,NSE:SMLISUZU,416.8,417.85,415.0,416.35,2842.0
2020-11-14 18:00:00,NSE:SMLISUZU,420.0,423.0,412.0,415.0,4567.0
2020-11-14 19:00:00,NSE:SMLISUZU,415.0,416.15,413.4,415.0,953.0
2020-11-17 09:00:00,NSE:SMLISUZU,416.0,420.75,416.0,420.0,2484.0
2020-11-17 10:00:00,NSE:SMLISUZU,420.0,420.0,416.9,418.0,2178.0
2020-11-17 11:00:00,NSE:SMLISUZU,418.0,420.5,417.0,417.0,4961.0
2020-11-17 12:00:00,NSE:SMLISUZU,417.0,432.9,415.0,425.9,19434.0
2020-11-17 13:00:00,NSE:SMLISUZU,425.9,429.0,425.25,425.8,3031.0
2020-11-17 14:00:00,NSE:SMLISUZU,426.45,426.55,422.2,423.1,3876.0
2020-11-17 15:00:00,NSE:SMLISUZU,423.8,424.3,420.0,421.45,4039.0
2020-11-18 09:00:00,NSE:SMLISUZU,425.0,428.85,421.0,423.0,5142.0
2020-11-18 10:00:00,NSE:SMLISUZU,423.0,432.0,423.0,423.5,11702.0
2020-11-18 11:00:00,NSE:SMLISUZU,423.4,425.1,421.5,424.05,4320.0
2020-11-18 12:00:00,NSE:SMLISUZU,424.0,429.0,422.0,429.0,5505.0
2020-11-18 13:00:00,NSE:SMLISUZU,428.1,447.0,427.9,444.2,110895.0
2020-11-18 14:00:00,NSE:SMLISUZU,444.2,452.5,441.25,442.55,47336.0
2020-11-18 15:00:00,NSE:SMLISUZU,442.5,443.7,438.0,439.9,16745.0
2020-11-19 09:00:00,NSE:SMLISUZU,438.0,442.0,431.1,436.8,6791.0
2020-11-19 10:00:00,NSE:SMLISUZU,436.75,438.85,430.25,431.75,5464.0
2020-11-19 11:00:00,NSE:SMLISUZU,431.5,438.6,430.25,437.05,7344.0
2020-11-19 12:00:00,NSE:SMLISUZU,437.0,438.0,432.0,432.0,4543.0
2020-11-19 13:00:00,NSE:SMLISUZU,432.65,434.8,430.1,432.5,2531.0
2020-11-19 14:00:00,NSE:SMLISUZU,430.95,431.0,422.2,425.4,7334.0
2020-11-19 15:00:00,NSE:SMLISUZU,426.4,426.5,422.1,423.7,4658.0
2020-11-20 09:00:00,NSE:SMLISUZU,423.7,429.6,423.7,424.85,4134.0
2020-11-20 10:00:00,NSE:SMLISUZU,424.1,424.75,421.0,421.0,2240.0
2020-11-20 11:00:00,NSE:SMLISUZU,421.5,425.2,420.4,424.1,2019.0
2020-11-20 12:00:00,NSE:SMLISUZU,424.1,442.9,421.55,439.05,41310.0
2020-11-20 13:00:00,NSE:SMLISUZU,437.85,444.4,435.9,438.0,22225.0
2020-11-20 14:00:00,NSE:SMLISUZU,438.0,438.2,432.5,434.5,7746.0
2020-11-20 15:00:00,NSE:SMLISUZU,434.5,434.5,428.35,430.75,7442.0
2020-11-23 09:00:00,NSE:SMLISUZU,439.0,439.0,424.6,432.35,8291.0
2020-11-23 10:00:00,NSE:SMLISUZU,432.8,438.0,431.0,436.0,11338.0
2020-11-23 11:00:00,NSE:SMLISUZU,436.8,437.55,433.85,435.5,2897.0
2020-11-23 12:00:00,NSE:SMLISUZU,436.75,437.95,433.05,437.25,4867.0
2020-11-23 13:00:00,NSE:SMLISUZU,436.0,442.65,435.4,436.5,9868.0
2020-11-23 14:00:00,NSE:SMLISUZU,436.5,437.35,433.0,433.0,4688.0
2020-11-23 15:00:00,NSE:SMLISUZU,433.0,434.0,431.0,432.95,4664.0
2020-11-24 09:00:00,NSE:SMLISUZU,433.1,437.0,432.9,434.05,3799.0
2020-11-24 10:00:00,NSE:SMLISUZU,434.0,437.75,432.55,433.55,5401.0
2020-11-24 11:00:00,NSE:SMLISUZU,433.55,441.0,433.5,435.85,7985.0
2020-11-24 12:00:00,NSE:SMLISUZU,435.05,436.75,433.75,434.65,1342.0
2020-11-24 13:00:00,NSE:SMLISUZU,433.55,435.0,432.0,432.9,2349.0
2020-11-24 14:00:00,NSE:SMLISUZU,432.9,436.35,432.9,434.9,2855.0
2020-11-24 15:00:00,NSE:SMLISUZU,434.2,435.0,433.9,434.4,4147.0
2020-11-25 09:00:00,NSE:SMLISUZU,439.9,442.35,434.2,434.7,7403.0
2020-11-25 10:00:00,NSE:SMLISUZU,434.7,435.05,427.05,427.75,7975.0
2020-11-25 11:00:00,NSE:SMLISUZU,427.3,428.6,423.5,428.6,2189.0
2020-11-25 12:00:00,NSE:SMLISUZU,428.8,428.8,426.0,427.1,1583.0
2020-11-25 13:00:00,NSE:SMLISUZU,427.1,427.1,423.75,425.65,3314.0
2020-11-25 14:00:00,NSE:SMLISUZU,425.5,425.5,423.3,424.2,1087.0
2020-11-25 15:00:00,NSE:SMLISUZU,424.35,425.0,422.0,423.45,3190.0
2020-11-26 09:00:00,NSE:SMLISUZU,425.0,430.6,423.6,424.45,2139.0
2020-11-26 10:00:00,NSE:SMLISUZU,423.65,428.1,423.15,427.3,1579.0
2020-11-26 11:00:00,NSE:SMLISUZU,426.2,427.4,424.05,424.05,968.0
2020-11-26 12:00:00,NSE:SMLISUZU,423.95,426.9,422.45,425.75,933.0
2020-11-26 13:00:00,NSE:SMLISUZU,425.75,426.45,424.5,424.95,540.0
2020-11-26 14:00:00,NSE:SMLISUZU,424.9,425.65,423.75,425.0,1601.0
2020-11-26 15:00:00,NSE:SMLISUZU,424.3,425.5,420.5,423.25,2235.0
2020-11-27 09:00:00,NSE:SMLISUZU,425.0,431.7,424.0,430.8,3443.0
2020-11-27 10:00:00,NSE:SMLISUZU,430.0,433.0,428.6,432.15,5015.0
2020-11-27 11:00:00,NSE:SMLISUZU,431.8,438.85,429.9,433.75,13725.0
2020-11-27 12:00:00,NSE:SMLISUZU,434.2,435.05,433.5,435.0,2274.0
2020-11-27 13:00:00,NSE:SMLISUZU,433.65,434.25,431.7,432.45,2138.0
2020-11-27 14:00:00,NSE:SMLISUZU,433.1,433.3,427.9,428.65,5103.0
2020-11-27 15:00:00,NSE:SMLISUZU,428.4,435.0,424.0,430.0,6096.0
2020-12-01 09:00:00,NSE:SMLISUZU,434.9,434.9,428.0,429.65,4969.0
2020-12-01 10:00:00,NSE:SMLISUZU,430.0,430.0,428.0,428.55,3044.0
2020-12-01 11:00:00,NSE:SMLISUZU,430.0,430.9,429.05,430.05,1191.0
2020-12-01 12:00:00,NSE:SMLISUZU,430.7,433.65,429.2,429.2,2775.0
2020-12-01 13:00:00,NSE:SMLISUZU,429.15,430.65,428.05,429.65,1365.0
2020-12-01 14:00:00,NSE:SMLISUZU,429.9,440.0,429.25,433.85,19630.0
2020-12-01 15:00:00,NSE:SMLISUZU,433.85,437.0,428.5,432.7,7671.0
2020-12-02 09:00:00,NSE:SMLISUZU,435.0,442.2,435.0,438.9,11402.0
2020-12-02 10:00:00,NSE:SMLISUZU,439.1,442.0,435.85,437.35,4372.0
2020-12-02 11:00:00,NSE:SMLISUZU,437.35,439.45,432.0,435.05,4971.0
2020-12-02 12:00:00,NSE:SMLISUZU,436.0,438.6,436.0,436.7,3279.0
2020-12-02 13:00:00,NSE:SMLISUZU,436.7,436.7,428.05,430.4,3897.0
2020-12-02 14:00:00,NSE:SMLISUZU,430.2,433.55,427.85,432.05,2324.0
2020-12-02 15:00:00,NSE:SMLISUZU,432.15,433.9,430.0,432.05,4366.0
2020-12-03 09:00:00,NSE:SMLISUZU,438.0,438.0,432.5,435.1,3024.0
2020-12-03 10:00:00,NSE:SMLISUZU,435.8,437.4,433.5,435.0,5206.0
2020-12-03 11:00:00,NSE:SMLISUZU,435.45,436.0,433.05,435.35,2078.0
2020-12-03 12:00:00,NSE:SMLISUZU,435.95,443.3,433.1,438.7,19906.0
2020-12-03 13:00:00,NSE:SMLISUZU,436.45,462.4,436.45,455.85,106546.0
2020-12-03 14:00:00,NSE:SMLISUZU,455.0,458.0,452.75,453.25,22213.0
2020-12-03 15:00:00,NSE:SMLISUZU,453.5,461.8,453.0,458.55,36195.0
2020-12-04 09:00:00,NSE:SMLISUZU,462.45,467.9,458.0,459.1,27990.0
2020-12-04 10:00:00,NSE:SMLISUZU,459.1,466.35,456.0,460.85,23854.0
2020-12-04 11:00:00,NSE:SMLISUZU,461.65,464.0,455.0,455.0,18558.0
2020-12-04 12:00:00,NSE:SMLISUZU,455.0,455.7,452.0,452.5,10641.0
2020-12-04 13:00:00,NSE:SMLISUZU,453.85,459.9,453.6,456.25,5708.0
2020-12-04 14:00:00,NSE:SMLISUZU,455.9,462.5,455.0,461.25,9996.0
2020-12-04 15:00:00,NSE:SMLISUZU,460.55,462.0,458.0,460.75,11885.0
2020-12-07 09:00:00,NSE:SMLISUZU,460.75,484.4,458.0,483.0,72011.0
2020-12-07 10:00:00,NSE:SMLISUZU,483.0,488.0,475.0,477.55,28532.0
2020-12-07 11:00:00,NSE:SMLISUZU,477.5,483.0,476.1,480.0,11132.0
2020-12-07 12:00:00,NSE:SMLISUZU,480.05,483.45,480.0,482.55,12651.0
2020-12-07 13:00:00,NSE:SMLISUZU,481.65,500.8,481.5,500.8,70789.0
2020-12-07 14:00:00,NSE:SMLISUZU,501.7,503.8,491.1,496.25,99027.0
2020-12-07 15:00:00,NSE:SMLISUZU,496.25,521.0,496.25,509.6,135698.0
2020-12-08 09:00:00,NSE:SMLISUZU,510.0,510.0,496.05,504.65,34771.0
2020-12-08 10:00:00,NSE:SMLISUZU,505.7,505.7,486.95,488.9,21074.0
2020-12-08 11:00:00,NSE:SMLISUZU,487.9,491.45,483.15,490.05,20286.0
2020-12-08 12:00:00,NSE:SMLISUZU,490.75,494.0,487.6,490.05,6433.0
2020-12-08 13:00:00,NSE:SMLISUZU,490.95,494.35,490.0,492.1,3542.0
2020-12-08 14:00:00,NSE:SMLISUZU,493.0,494.35,490.15,490.9,4884.0
2020-12-08 15:00:00,NSE:SMLISUZU,491.45,491.45,486.1,488.5,8355.0
2020-12-09 09:00:00,NSE:SMLISUZU,492.0,495.0,485.75,491.5,11313.0
2020-12-09 10:00:00,NSE:SMLISUZU,492.55,506.95,492.55,500.0,24090.0
2020-12-09 11:00:00,NSE:SMLISUZU,499.3,502.6,496.7,496.7,17356.0
2020-12-09 12:00:00,NSE:SMLISUZU,496.55,500.3,496.0,499.5,5096.0
2020-12-09 13:00:00,NSE:SMLISUZU,499.5,502.0,495.05,499.5,2673.0
2020-12-09 14:00:00,NSE:SMLISUZU,499.5,499.6,490.1,491.1,9390.0
2020-12-09 15:00:00,NSE:SMLISUZU,490.8,491.2,487.75,489.55,9798.0
2020-12-10 09:00:00,NSE:SMLISUZU,480.05,492.1,473.3,474.45,6253.0
2020-12-10 10:00:00,NSE:SMLISUZU,475.8,483.55,474.5,482.25,6135.0
2020-12-10 11:00:00,NSE:SMLISUZU,482.45,483.45,476.85,478.75,3676.0
2020-12-10 12:00:00,NSE:SMLISUZU,477.1,483.0,477.1,482.25,2257.0
2020-12-10 13:00:00,NSE:SMLISUZU,482.3,483.05,480.0,480.65,3557.0
2020-12-10 14:00:00,NSE:SMLISUZU,481.95,481.95,477.0,479.95,4386.0
2020-12-10 15:00:00,NSE:SMLISUZU,479.95,479.95,476.0,477.35,4678.0
2020-12-11 09:00:00,NSE:SMLISUZU,482.0,487.85,478.55,485.0,5654.0
2020-12-11 10:00:00,NSE:SMLISUZU,485.2,487.45,483.0,484.2,2644.0
2020-12-11 11:00:00,NSE:SMLISUZU,483.2,490.0,481.25,486.1,4553.0
2020-12-11 12:00:00,NSE:SMLISUZU,487.3,487.4,482.5,483.5,3033.0
2020-12-11 13:00:00,NSE:SMLISUZU,484.3,484.75,480.0,480.0,1691.0
2020-12-11 14:00:00,NSE:SMLISUZU,480.0,480.0,474.15,476.4,4016.0
2020-12-11 15:00:00,NSE:SMLISUZU,477.65,483.6,477.0,477.9,4219.0
2020-12-14 09:00:00,NSE:SMLISUZU,478.0,482.0,470.55,475.0,2536.0
2020-12-14 10:00:00,NSE:SMLISUZU,475.6,475.7,471.0,472.9,3617.0
2020-12-14 11:00:00,NSE:SMLISUZU,473.65,473.9,470.65,472.35,3009.0
2020-12-14 12:00:00,NSE:SMLISUZU,472.25,474.8,471.2,474.1,1781.0
2020-12-14 13:00:00,NSE:SMLISUZU,474.05,476.65,473.15,474.5,783.0
2020-12-14 14:00:00,NSE:SMLISUZU,475.0,476.0,473.15,473.9,1153.0
2020-12-14 15:00:00,NSE:SMLISUZU,473.9,474.95,471.6,471.8,5810.0
2020-12-15 09:00:00,NSE:SMLISUZU,473.5,489.7,473.5,485.5,12838.0
2020-12-15 10:00:00,NSE:SMLISUZU,485.5,486.5,480.1,481.0,4797.0
2020-12-15 11:00:00,NSE:SMLISUZU,481.05,485.55,481.05,485.55,1167.0
2020-12-15 12:00:00,NSE:SMLISUZU,484.5,485.5,482.65,483.3,906.0
2020-12-15 13:00:00,NSE:SMLISUZU,482.65,485.55,482.65,485.55,2005.0
2020-12-15 14:00:00,NSE:SMLISUZU,486.0,488.0,482.65,482.65,3683.0
2020-12-15 15:00:00,NSE:SMLISUZU,482.65,483.5,473.0,478.2,6888.0
2020-12-16 09:00:00,NSE:SMLISUZU,484.9,488.35,483.95,485.55,5213.0
2020-12-16 10:00:00,NSE:SMLISUZU,485.05,485.05,481.0,481.2,3058.0
2020-12-16 11:00:00,NSE:SMLISUZU,482.05,484.4,481.25,481.4,1197.0
2020-12-16 12:00:00,NSE:SMLISUZU,481.4,483.0,478.7,480.65,2086.0
2020-12-16 13:00:00,NSE:SMLISUZU,481.3,481.9,480.05,481.55,1483.0
2020-12-16 14:00:00,NSE:SMLISUZU,482.9,484.95,480.65,483.55,3160.0
2020-12-16 15:00:00,NSE:SMLISUZU,483.6,484.0,476.85,481.95,3337.0
2020-12-17 09:00:00,NSE:SMLISUZU,486.7,486.7,480.65,484.5,2223.0
2020-12-17 10:00:00,NSE:SMLISUZU,484.45,484.45,481.0,483.0,1855.0
2020-12-17 11:00:00,NSE:SMLISUZU,483.15,485.7,481.0,485.2,3373.0
2020-12-17 12:00:00,NSE:SMLISUZU,484.05,484.05,481.0,483.9,2712.0
2020-12-17 13:00:00,NSE:SMLISUZU,483.75,485.0,481.5,482.0,2433.0
2020-12-17 14:00:00,NSE:SMLISUZU,481.6,483.75,478.25,478.3,3721.0
2020-12-17 15:00:00,NSE:SMLISUZU,478.3,478.6,474.15,476.4,3721.0
2020-12-18 09:00:00,NSE:SMLISUZU,474.7,478.6,462.0,462.0,5892.0
2020-12-18 10:00:00,NSE:SMLISUZU,462.0,469.95,462.0,468.95,3931.0
2020-12-18 11:00:00,NSE:SMLISUZU,469.0,471.8,468.1,471.8,1635.0
2020-12-18 12:00:00,NSE:SMLISUZU,470.7,472.65,470.4,471.9,561.0
2020-12-18 13:00:00,NSE:SMLISUZU,471.8,472.0,471.3,471.3,346.0
2020-12-18 14:00:00,NSE:SMLISUZU,471.85,472.75,471.0,471.0,933.0
2020-12-18 15:00:00,NSE:SMLISUZU,470.55,473.9,464.0,469.35,2224.0
2020-12-21 09:00:00,NSE:SMLISUZU,467.35,476.9,467.35,473.55,2742.0
2020-12-21 10:00:00,NSE:SMLISUZU,473.0,473.0,466.05,469.5,3296.0
2020-12-21 11:00:00,NSE:SMLISUZU,469.5,469.5,467.1,467.2,966.0
2020-12-21 12:00:00,NSE:SMLISUZU,467.85,469.4,467.0,467.0,1744.0
2020-12-21 13:00:00,NSE:SMLISUZU,467.0,467.0,459.95,460.0,2064.0
2020-12-21 14:00:00,NSE:SMLISUZU,460.0,460.0,430.55,438.0,6752.0
2020-12-21 15:00:00,NSE:SMLISUZU,436.75,438.9,430.0,434.95,6949.0
2020-12-22 09:00:00,NSE:SMLISUZU,434.95,447.65,411.3,426.45,7042.0
2020-12-22 10:00:00,NSE:SMLISUZU,424.85,427.85,421.6,426.0,2808.0
2020-12-22 11:00:00,NSE:SMLISUZU,426.05,429.0,422.55,424.65,2026.0
2020-12-22 12:00:00,NSE:SMLISUZU,423.6,424.95,420.5,424.95,2087.0
2020-12-22 13:00:00,NSE:SMLISUZU,424.7,431.25,424.25,431.0,2073.0
2020-12-22 14:00:00,NSE:SMLISUZU,431.05,431.25,428.3,429.7,2100.0
2020-12-22 15:00:00,NSE:SMLISUZU,429.75,434.15,429.0,430.2,3216.0
2020-12-23 09:00:00,NSE:SMLISUZU,430.2,441.95,430.2,440.05,2553.0
2020-12-23 10:00:00,NSE:SMLISUZU,440.5,447.3,439.65,443.55,4888.0
2020-12-23 11:00:00,NSE:SMLISUZU,443.0,446.2,442.05,445.05,2172.0
2020-12-23 12:00:00,NSE:SMLISUZU,446.2,446.2,444.35,445.05,1253.0
2020-12-23 13:00:00,NSE:SMLISUZU,445.0,446.5,442.8,446.5,1257.0
2020-12-23 14:00:00,NSE:SMLISUZU,446.0,446.65,443.5,444.4,1039.0
2020-12-23 15:00:00,NSE:SMLISUZU,444.2,453.65,443.55,449.0,3441.0
2020-12-24 09:00:00,NSE:SMLISUZU,452.0,460.4,450.75,456.7,3730.0
2020-12-24 10:00:00,NSE:SMLISUZU,456.0,456.45,449.5,449.5,6148.0
2020-12-24 11:00:00,NSE:SMLISUZU,448.6,449.85,441.65,448.85,4751.0
2020-12-24 12:00:00,NSE:SMLISUZU,448.95,464.8,448.75,457.9,10040.0
2020-12-24 13:00:00,NSE:SMLISUZU,458.05,458.45,455.25,456.9,1729.0
2020-12-24 14:00:00,NSE:SMLISUZU,457.0,458.0,452.1,453.7,3495.0
2020-12-24 15:00:00,NSE:SMLISUZU,452.5,454.25,451.0,451.95,4289.0
2020-12-28 09:00:00,NSE:SMLISUZU,455.7,468.8,455.7,465.3,7471.0
2020-12-28 10:00:00,NSE:SMLISUZU,465.15,467.55,465.0,465.0,2993.0
2020-12-28 11:00:00,NSE:SMLISUZU,465.0,465.9,462.5,462.5,1687.0
2020-12-28 12:00:00,NSE:SMLISUZU,462.5,462.5,460.95,461.8,1297.0
2020-12-28 13:00:00,NSE:SMLISUZU,462.1,462.65,457.0,461.0,2028.0
2020-12-28 14:00:00,NSE:SMLISUZU,461.1,463.8,461.1,462.55,1216.0
2020-12-28 15:00:00,NSE:SMLISUZU,462.55,463.35,458.1,458.15,2571.0
2020-12-29 09:00:00,NSE:SMLISUZU,465.7,466.9,462.7,466.4,2790.0
2020-12-29 10:00:00,NSE:SMLISUZU,465.35,467.5,461.0,462.0,3345.0
2020-12-29 11:00:00,NSE:SMLISUZU,462.0,464.9,460.0,462.55,3618.0
2020-12-29 12:00:00,NSE:SMLISUZU,464.0,464.0,461.6,463.45,605.0
2020-12-29 13:00:00,NSE:SMLISUZU,463.4,464.6,462.15,462.3,1023.0
2020-12-29 14:00:00,NSE:SMLISUZU,462.25,463.85,460.8,462.1,1364.0
2020-12-29 15:00:00,NSE:SMLISUZU,462.85,463.75,459.0,460.1,3208.0
2020-12-30 09:00:00,NSE:SMLISUZU,461.45,465.7,458.0,460.0,2193.0
2020-12-30 10:00:00,NSE:SMLISUZU,459.9,466.0,458.65,465.95,2245.0
2020-12-30 11:00:00,NSE:SMLISUZU,465.15,469.0,465.15,467.55,2601.0
2020-12-30 12:00:00,NSE:SMLISUZU,466.6,466.9,462.7,462.8,1756.0
2020-12-30 13:00:00,NSE:SMLISUZU,463.0,466.7,463.0,465.9,1023.0
2020-12-30 14:00:00,NSE:SMLISUZU,466.75,466.75,464.8,465.15,908.0
2020-12-30 15:00:00,NSE:SMLISUZU,464.5,468.0,463.75,465.15,2682.0
2020-12-31 09:00:00,NSE:SMLISUZU,470.0,480.0,464.75,479.0,11152.0
2020-12-31 10:00:00,NSE:SMLISUZU,478.0,497.75,477.0,486.05,34997.0
2020-12-31 11:00:00,NSE:SMLISUZU,485.6,488.35,483.5,484.85,5186.0
2020-12-31 12:00:00,NSE:SMLISUZU,483.05,484.9,481.55,484.6,2468.0
2020-12-31 13:00:00,NSE:SMLISUZU,484.9,486.0,483.0,484.8,2737.0
2020-12-31 14:00:00,NSE:SMLISUZU,485.15,485.85,482.05,483.8,3435.0
2020-12-31 15:00:00,NSE:SMLISUZU,482.4,484.85,480.65,482.55,6554.0
2021-01-01 09:00:00,NSE:SMLISUZU,484.05,489.0,480.35,480.35,3705.0
2021-01-01 10:00:00,NSE:SMLISUZU,481.35,485.0,481.35,485.0,1461.0
2021-01-01 11:00:00,NSE:SMLISUZU,484.9,485.0,481.0,482.95,2559.0
2021-01-01 12:00:00,NSE:SMLISUZU,478.0,482.75,477.95,480.4,3074.0
2021-01-01 13:00:00,NSE:SMLISUZU,480.0,480.0,477.95,479.6,1738.0
2021-01-01 14:00:00,NSE:SMLISUZU,479.75,482.95,478.3,478.4,7825.0
2021-01-01 15:00:00,NSE:SMLISUZU,479.45,479.6,471.1,474.9,6545.0
2021-01-04 09:00:00,NSE:SMLISUZU,476.7,486.0,475.55,482.0,5210.0
2021-01-04 10:00:00,NSE:SMLISUZU,482.0,482.8,478.0,478.5,2712.0
2021-01-04 11:00:00,NSE:SMLISUZU,479.15,481.0,478.0,479.15,1959.0
2021-01-04 12:00:00,NSE:SMLISUZU,478.05,481.0,478.05,478.95,1409.0
2021-01-04 13:00:00,NSE:SMLISUZU,479.9,482.3,479.9,482.3,567.0
2021-01-04 14:00:00,NSE:SMLISUZU,481.05,481.95,478.0,478.05,3283.0
2021-01-04 15:00:00,NSE:SMLISUZU,478.0,479.1,476.2,477.5,2632.0
2021-01-05 09:00:00,NSE:SMLISUZU,470.0,479.4,469.95,478.35,2813.0
2021-01-05 10:00:00,NSE:SMLISUZU,478.05,478.1,471.6,474.2,1734.0
2021-01-05 11:00:00,NSE:SMLISUZU,474.25,476.0,472.7,473.45,1466.0
2021-01-05 12:00:00,NSE:SMLISUZU,473.45,475.55,472.1,474.0,2314.0
2021-01-05 13:00:00,NSE:SMLISUZU,474.0,488.9,472.25,486.45,31169.0
2021-01-05 14:00:00,NSE:SMLISUZU,485.0,494.7,478.5,481.35,20314.0
2021-01-05 15:00:00,NSE:SMLISUZU,481.0,481.9,477.0,478.85,5591.0
2021-01-06 09:00:00,NSE:SMLISUZU,482.9,482.9,475.0,478.8,3402.0
2021-01-06 10:00:00,NSE:SMLISUZU,478.8,488.0,477.8,478.0,14774.0
2021-01-06 11:00:00,NSE:SMLISUZU,478.0,482.25,476.5,476.85,4133.0
2021-01-06 12:00:00,NSE:SMLISUZU,477.75,482.2,477.25,480.0,3277.0
2021-01-06 13:00:00,NSE:SMLISUZU,481.05,481.5,466.0,469.0,7680.0
2021-01-06 14:00:00,NSE:SMLISUZU,469.0,471.95,464.95,471.05,5668.0
2021-01-06 15:00:00,NSE:SMLISUZU,471.05,473.5,466.1,470.45,3561.0
2021-01-07 09:00:00,NSE:SMLISUZU,474.9,478.2,473.2,476.0,2715.0
2021-01-07 10:00:00,NSE:SMLISUZU,476.75,476.75,471.4,474.25,3046.0
2021-01-07 11:00:00,NSE:SMLISUZU,474.85,474.85,472.3,472.9,1857.0
2021-01-07 12:00:00,NSE:SMLISUZU,473.55,476.3,472.05,475.2,1970.0
2021-01-07 13:00:00,NSE:SMLISUZU,475.1,475.85,471.95,474.0,1360.0
2021-01-07 14:00:00,NSE:SMLISUZU,474.0,474.75,472.0,474.1,2838.0
2021-01-07 15:00:00,NSE:SMLISUZU,474.1,474.75,468.0,471.3,5236.0
2021-01-08 09:00:00,NSE:SMLISUZU,475.7,478.2,473.85,473.85,3834.0
2021-01-08 10:00:00,NSE:SMLISUZU,474.0,480.0,473.25,476.95,5174.0
2021-01-08 11:00:00,NSE:SMLISUZU,476.45,477.85,475.85,476.8,1500.0
2021-01-08 12:00:00,NSE:SMLISUZU,476.5,477.0,475.8,477.0,1886.0
2021-01-08 13:00:00,NSE:SMLISUZU,477.0,494.0,477.0,490.0,43375.0
2021-01-08 14:00:00,NSE:SMLISUZU,489.05,490.0,482.8,485.0,10014.0
2021-01-08 15:00:00,NSE:SMLISUZU,485.0,489.7,483.25,486.2,10534.0
2021-01-11 09:00:00,NSE:SMLISUZU,490.7,491.75,483.25,484.75,5159.0
2021-01-11 10:00:00,NSE:SMLISUZU,484.2,484.2,478.0,480.1,5105.0
2021-01-11 11:00:00,NSE:SMLISUZU,479.85,482.85,478.05,482.0,3834.0
2021-01-11 12:00:00,NSE:SMLISUZU,482.0,485.2,482.0,485.2,1950.0
2021-01-11 13:00:00,NSE:SMLISUZU,485.0,486.0,482.7,483.35,6129.0
2021-01-11 14:00:00,NSE:SMLISUZU,483.35,487.0,482.45,485.15,4242.0
2021-01-11 15:00:00,NSE:SMLISUZU,485.15,486.4,480.0,483.3,5300.0
2021-01-12 09:00:00,NSE:SMLISUZU,486.75,494.0,482.1,487.5,15101.0
2021-01-12 10:00:00,NSE:SMLISUZU,488.65,508.0,485.0,503.25,68216.0
2021-01-12 11:00:00,NSE:SMLISUZU,502.75,508.7,497.2,501.05,33029.0
2021-01-12 12:00:00,NSE:SMLISUZU,501.0,503.6,497.75,498.05,8859.0
2021-01-12 13:00:00,NSE:SMLISUZU,499.0,499.0,493.05,494.85,8464.0
2021-01-12 14:00:00,NSE:SMLISUZU,494.75,502.0,491.5,493.65,13064.0
2021-01-12 15:00:00,NSE:SMLISUZU,492.95,497.55,491.0,493.85,17806.0
2021-01-13 09:00:00,NSE:SMLISUZU,495.0,502.8,495.0,499.75,11009.0
2021-01-13 10:00:00,NSE:SMLISUZU,499.0,501.0,491.35,495.65,9658.0
2021-01-13 11:00:00,NSE:SMLISUZU,496.4,496.45,492.9,493.95,3996.0
2021-01-13 12:00:00,NSE:SMLISUZU,493.35,494.0,490.6,492.75,4526.0
2021-01-13 13:00:00,NSE:SMLISUZU,491.95,493.0,484.0,484.0,5267.0
2021-01-13 14:00:00,NSE:SMLISUZU,484.0,487.9,482.0,487.45,4073.0
2021-01-13 15:00:00,NSE:SMLISUZU,486.65,488.0,484.0,486.15,3885.0
2021-01-14 09:00:00,NSE:SMLISUZU,489.95,489.95,482.5,486.0,2854.0
2021-01-14 10:00:00,NSE:SMLISUZU,486.95,498.75,485.0,491.7,10922.0
2021-01-14 11:00:00,NSE:SMLISUZU,492.85,496.15,489.25,492.4,4940.0
2021-01-14 12:00:00,NSE:SMLISUZU,491.95,492.95,489.6,489.6,2025.0
2021-01-14 13:00:00,NSE:SMLISUZU,489.6,490.0,487.95,489.05,2245.0
2021-01-14 14:00:00,NSE:SMLISUZU,489.25,489.4,485.65,488.35,1351.0
2021-01-14 15:00:00,NSE:SMLISUZU,488.4,489.35,486.0,486.0,4152.0
2021-01-15 09:00:00,NSE:SMLISUZU,490.85,491.1,482.0,486.55,3181.0
2021-01-15 10:00:00,NSE:SMLISUZU,486.55,490.45,486.55,489.65,1341.0
2021-01-15 11:00:00,NSE:SMLISUZU,488.45,488.45,475.25,481.3,6324.0
2021-01-15 12:00:00,NSE:SMLISUZU,481.7,487.0,480.25,487.0,3030.0
2021-01-15 13:00:00,NSE:SMLISUZU,486.9,486.95,484.15,484.15,2782.0
2021-01-15 14:00:00,NSE:SMLISUZU,482.5,482.95,477.4,478.8,2950.0
2021-01-15 15:00:00,NSE:SMLISUZU,477.65,482.0,477.1,482.0,4473.0
2021-01-18 09:00:00,NSE:SMLISUZU,474.0,482.35,469.95,471.95,6060.0
2021-01-18 10:00:00,NSE:SMLISUZU,471.7,473.95,463.25,464.25,6901.0
2021-01-18 11:00:00,NSE:SMLISUZU,464.25,471.0,463.85,471.0,3080.0
2021-01-18 12:00:00,NSE:SMLISUZU,471.4,471.7,469.8,471.05,885.0
2021-01-18 13:00:00,NSE:SMLISUZU,471.0,471.0,466.95,468.85,1912.0
2021-01-18 14:00:00,NSE:SMLISUZU,469.0,471.55,468.9,470.0,1596.0
2021-01-18 15:00:00,NSE:SMLISUZU,470.0,472.0,462.25,467.05,6187.0
2021-01-19 09:00:00,NSE:SMLISUZU,477.45,482.0,472.0,478.0,4420.0
2021-01-19 10:00:00,NSE:SMLISUZU,479.0,480.0,476.8,478.55,2962.0
2021-01-19 11:00:00,NSE:SMLISUZU,478.1,478.65,477.0,477.2,952.0
2021-01-19 12:00:00,NSE:SMLISUZU,477.2,478.75,477.15,477.3,701.0
2021-01-19 13:00:00,NSE:SMLISUZU,477.3,477.9,472.9,472.9,2130.0
2021-01-19 14:00:00,NSE:SMLISUZU,472.9,476.05,472.9,473.45,1429.0
2021-01-19 15:00:00,NSE:SMLISUZU,473.35,474.4,469.0,470.0,20348.0
2021-01-20 09:00:00,NSE:SMLISUZU,474.6,478.15,472.0,475.7,3856.0
2021-01-20 10:00:00,NSE:SMLISUZU,476.25,479.8,474.55,477.0,5694.0
2021-01-20 11:00:00,NSE:SMLISUZU,476.15,478.0,476.15,477.4,1625.0
2021-01-20 12:00:00,NSE:SMLISUZU,476.55,486.05,476.05,478.0,14985.0
2021-01-20 13:00:00,NSE:SMLISUZU,478.95,478.95,474.0,474.15,2237.0
2021-01-20 14:00:00,NSE:SMLISUZU,474.0,478.95,473.55,477.0,5104.0
2021-01-20 15:00:00,NSE:SMLISUZU,476.1,478.0,474.0,475.9,4630.0
2021-01-21 09:00:00,NSE:SMLISUZU,475.9,483.45,475.9,481.0,3743.0
2021-01-21 10:00:00,NSE:SMLISUZU,481.0,482.0,477.0,480.0,3268.0
2021-01-21 11:00:00,NSE:SMLISUZU,478.9,527.4,478.9,523.25,367827.0
2021-01-21 12:00:00,NSE:SMLISUZU,522.95,549.65,519.1,542.0,235381.0
2021-01-21 13:00:00,NSE:SMLISUZU,542.0,543.5,530.0,537.15,69921.0
2021-01-21 14:00:00,NSE:SMLISUZU,537.05,540.0,525.1,529.35,78600.0
2021-01-21 15:00:00,NSE:SMLISUZU,528.4,540.0,518.1,528.85,67909.0
2021-01-22 09:00:00,NSE:SMLISUZU,533.0,549.9,532.0,538.45,95135.0
2021-01-22 10:00:00,NSE:SMLISUZU,538.45,544.8,532.5,533.5,29789.0
2021-01-22 11:00:00,NSE:SMLISUZU,533.5,535.6,529.0,533.25,20909.0
2021-01-22 12:00:00,NSE:SMLISUZU,534.15,539.0,530.25,530.3,13296.0
2021-01-22 13:00:00,NSE:SMLISUZU,530.5,536.6,526.1,526.15,13557.0
2021-01-22 14:00:00,NSE:SMLISUZU,526.9,530.95,523.0,530.2,10408.0
2021-01-22 15:00:00,NSE:SMLISUZU,530.95,530.95,511.3,520.9,20909.0
2021-01-25 09:00:00,NSE:SMLISUZU,526.8,533.8,500.95,510.35,20961.0
2021-01-25 10:00:00,NSE:SMLISUZU,510.85,516.65,510.65,512.8,3466.0
2021-01-25 11:00:00,NSE:SMLISUZU,512.05,515.0,507.8,507.8,2135.0
2021-01-25 12:00:00,NSE:SMLISUZU,506.7,513.3,506.7,512.1,1856.0
2021-01-25 13:00:00,NSE:SMLISUZU,512.45,516.8,510.05,510.2,2411.0
2021-01-25 14:00:00,NSE:SMLISUZU,511.1,511.2,507.0,507.9,3623.0
2021-01-25 15:00:00,NSE:SMLISUZU,507.85,509.95,502.5,505.05,5861.0
2021-01-27 09:00:00,NSE:SMLISUZU,507.5,509.9,495.0,500.0,7304.0
2021-01-27 10:00:00,NSE:SMLISUZU,500.0,509.75,499.0,502.4,4363.0
2021-01-27 11:00:00,NSE:SMLISUZU,503.5,514.05,502.4,505.0,5968.0
2021-01-27 12:00:00,NSE:SMLISUZU,505.85,508.8,502.95,506.0,2392.0
2021-01-27 13:00:00,NSE:SMLISUZU,505.0,508.4,501.0,501.0,2581.0
2021-01-27 14:00:00,NSE:SMLISUZU,501.0,502.7,496.75,501.4,3427.0
2021-01-27 15:00:00,NSE:SMLISUZU,501.35,504.7,500.0,502.7,11132.0
2021-01-28 09:00:00,NSE:SMLISUZU,500.05,500.05,490.3,499.35,5427.0
2021-01-28 10:00:00,NSE:SMLISUZU,498.05,506.05,497.55,502.0,2366.0
2021-01-28 11:00:00,NSE:SMLISUZU,501.95,503.75,500.45,500.7,7045.0
2021-01-28 12:00:00,NSE:SMLISUZU,500.95,500.95,493.0,493.95,2536.0
2021-01-28 13:00:00,NSE:SMLISUZU,495.0,499.0,493.75,495.2,1248.0
2021-01-28 14:00:00,NSE:SMLISUZU,496.45,496.45,491.0,492.45,1886.0
2021-01-28 15:00:00,NSE:SMLISUZU,494.0,495.75,490.5,493.3,4795.0
2021-01-29 09:00:00,NSE:SMLISUZU,497.65,505.1,496.0,504.5,9681.0
2021-01-29 10:00:00,NSE:SMLISUZU,503.05,503.05,494.05,498.65,6054.0
2021-01-29 11:00:00,NSE:SMLISUZU,499.2,501.7,497.5,497.5,1064.0
2021-01-29 12:00:00,NSE:SMLISUZU,497.75,500.0,496.45,496.45,1476.0
2021-01-29 13:00:00,NSE:SMLISUZU,496.95,496.95,495.05,495.65,604.0
2021-01-29 14:00:00,NSE:SMLISUZU,496.15,498.9,495.6,496.65,2727.0
2021-01-29 15:00:00,NSE:SMLISUZU,495.75,495.75,481.15,481.15,6730.0
2021-02-01 09:00:00,NSE:SMLISUZU,490.0,490.0,481.5,488.0,4826.0
2021-02-01 10:00:00,NSE:SMLISUZU,489.9,492.5,486.45,491.0,4372.0
2021-02-01 11:00:00,NSE:SMLISUZU,491.05,525.0,489.8,522.0,19547.0
2021-02-01 12:00:00,NSE:SMLISUZU,523.0,524.95,512.0,517.0,26553.0
2021-02-01 13:00:00,NSE:SMLISUZU,517.0,527.0,514.8,520.1,23800.0
2021-02-01 14:00:00,NSE:SMLISUZU,521.0,525.5,515.85,521.0,16611.0
2021-02-01 15:00:00,NSE:SMLISUZU,523.5,544.95,522.7,534.2,49498.0
2021-02-02 09:00:00,NSE:SMLISUZU,545.0,553.95,536.95,543.0,27546.0
2021-02-02 10:00:00,NSE:SMLISUZU,543.0,546.5,525.1,529.7,23345.0
2021-02-02 11:00:00,NSE:SMLISUZU,529.65,534.65,527.5,531.95,23578.0
2021-02-02 12:00:00,NSE:SMLISUZU,532.0,532.0,525.15,528.85,5949.0
2021-02-02 13:00:00,NSE:SMLISUZU,529.0,533.3,525.3,527.25,5494.0
2021-02-02 14:00:00,NSE:SMLISUZU,528.5,534.05,527.5,534.05,4540.0
2021-02-02 15:00:00,NSE:SMLISUZU,534.0,539.95,527.05,527.6,14942.0
2021-02-03 09:00:00,NSE:SMLISUZU,536.3,536.3,525.35,531.95,13919.0
2021-02-03 10:00:00,NSE:SMLISUZU,531.25,548.0,525.9,539.35,28320.0
2021-02-03 11:00:00,NSE:SMLISUZU,538.1,544.4,535.9,542.25,9533.0
2021-02-03 12:00:00,NSE:SMLISUZU,541.0,547.8,538.45,542.05,14897.0
2021-02-03 13:00:00,NSE:SMLISUZU,542.05,543.8,537.05,538.45,3647.0
2021-02-03 14:00:00,NSE:SMLISUZU,538.5,539.95,533.9,537.0,5307.0
2021-02-03 15:00:00,NSE:SMLISUZU,537.0,537.0,533.1,533.1,6705.0
2021-02-04 09:00:00,NSE:SMLISUZU,534.85,548.8,534.0,548.8,14670.0
2021-02-04 10:00:00,NSE:SMLISUZU,549.0,549.7,541.15,542.0,8203.0
2021-02-04 11:00:00,NSE:SMLISUZU,542.0,544.35,536.3,537.0,4358.0
2021-02-04 12:00:00,NSE:SMLISUZU,536.85,538.0,536.2,537.15,1831.0
2021-02-04 13:00:00,NSE:SMLISUZU,536.35,536.95,531.5,532.3,2079.0
2021-02-04 14:00:00,NSE:SMLISUZU,533.6,537.0,532.3,536.65,2354.0
2021-02-04 15:00:00,NSE:SMLISUZU,536.85,539.0,534.05,535.55,5585.0
2021-02-05 09:00:00,NSE:SMLISUZU,536.0,541.25,530.0,533.05,5150.0
2021-02-05 10:00:00,NSE:SMLISUZU,530.95,538.6,528.9,528.9,2708.0
2021-02-05 11:00:00,NSE:SMLISUZU,528.9,531.9,521.3,528.05,8513.0
2021-02-05 12:00:00,NSE:SMLISUZU,528.05,530.55,522.7,530.55,2451.0
2021-02-05 13:00:00,NSE:SMLISUZU,530.0,530.55,511.7,515.95,26084.0
2021-02-05 14:00:00,NSE:SMLISUZU,515.85,521.05,513.15,517.5,6925.0
2021-02-05 15:00:00,NSE:SMLISUZU,517.05,519.1,511.55,515.2,9946.0
2021-02-08 09:00:00,NSE:SMLISUZU,516.0,524.0,515.3,519.0,7389.0
2021-02-08 10:00:00,NSE:SMLISUZU,519.35,520.9,517.65,520.85,4024.0
2021-02-08 11:00:00,NSE:SMLISUZU,519.9,520.05,516.85,518.95,1378.0
2021-02-08 12:00:00,NSE:SMLISUZU,518.55,518.55,512.05,515.25,1864.0
2021-02-08 13:00:00,NSE:SMLISUZU,515.1,515.95,512.45,513.05,1204.0
2021-02-08 14:00:00,NSE:SMLISUZU,513.05,514.3,506.55,508.2,4074.0
2021-02-08 15:00:00,NSE:SMLISUZU,507.45,510.35,506.3,509.15,3973.0
2021-02-09 09:00:00,NSE:SMLISUZU,513.7,516.35,509.0,514.6,4383.0
2021-02-09 10:00:00,NSE:SMLISUZU,514.55,520.4,513.0,514.2,3184.0
2021-02-09 11:00:00,NSE:SMLISUZU,515.75,517.0,515.0,515.0,996.0
2021-02-09 12:00:00,NSE:SMLISUZU,515.0,515.0,512.1,513.75,1603.0
2021-02-09 13:00:00,NSE:SMLISUZU,514.75,514.75,512.2,512.95,1296.0
2021-02-09 14:00:00,NSE:SMLISUZU,513.3,515.0,507.3,510.0,2602.0
2021-02-09 15:00:00,NSE:SMLISUZU,508.3,509.8,505.1,507.45,2857.0
2021-02-10 09:00:00,NSE:SMLISUZU,511.25,517.1,509.45,510.95,2778.0
2021-02-10 10:00:00,NSE:SMLISUZU,510.5,511.25,501.85,506.3,2743.0
2021-02-10 11:00:00,NSE:SMLISUZU,506.25,511.8,500.0,504.55,5211.0
2021-02-10 12:00:00,NSE:SMLISUZU,504.95,507.05,503.0,507.05,1519.0
2021-02-10 13:00:00,NSE:SMLISUZU,507.0,509.0,501.35,504.2,12151.0
2021-02-10 14:00:00,NSE:SMLISUZU,504.2,507.55,500.4,503.65,4793.0
2021-02-10 15:00:00,NSE:SMLISUZU,503.65,507.2,501.1,505.55,2629.0
2021-02-11 09:00:00,NSE:SMLISUZU,509.9,510.65,506.0,510.05,2154.0
2021-02-11 10:00:00,NSE:SMLISUZU,510.0,510.4,506.05,506.8,2088.0
2021-02-11 11:00:00,NSE:SMLISUZU,506.0,506.8,502.05,506.8,1420.0
2021-02-11 12:00:00,NSE:SMLISUZU,506.75,514.7,505.5,507.3,2407.0
2021-02-11 13:00:00,NSE:SMLISUZU,507.35,509.9,505.25,506.0,622.0
2021-02-11 14:00:00,NSE:SMLISUZU,506.0,519.0,505.8,510.1,7110.0
2021-02-11 15:00:00,NSE:SMLISUZU,510.0,512.85,505.45,509.3,3996.0
2021-02-12 09:00:00,NSE:SMLISUZU,510.9,512.0,505.15,509.7,2754.0
2021-02-12 10:00:00,NSE:SMLISUZU,508.25,511.95,508.0,511.4,1969.0
2021-02-12 11:00:00,NSE:SMLISUZU,510.5,510.5,508.0,508.5,1601.0
2021-02-12 12:00:00,NSE:SMLISUZU,508.5,509.05,507.3,508.2,713.0
2021-02-12 13:00:00,NSE:SMLISUZU,507.25,515.0,505.0,505.0,4296.0
2021-02-12 14:00:00,NSE:SMLISUZU,504.95,508.45,503.0,507.0,2447.0
2021-02-12 15:00:00,NSE:SMLISUZU,507.0,507.0,501.1,503.5,3927.0
2021-02-15 09:00:00,NSE:SMLISUZU,507.7,509.95,506.0,507.5,6069.0
2021-02-15 10:00:00,NSE:SMLISUZU,507.5,508.15,503.0,505.7,13247.0
2021-02-15 11:00:00,NSE:SMLISUZU,507.0,507.2,504.45,505.85,962.0
2021-02-15 12:00:00,NSE:SMLISUZU,505.85,509.9,503.35,505.75,8828.0
2021-02-15 13:00:00,NSE:SMLISUZU,504.8,506.2,504.45,505.25,670.0
2021-02-15 14:00:00,NSE:SMLISUZU,505.4,506.4,503.5,505.0,1568.0
2021-02-15 15:00:00,NSE:SMLISUZU,505.0,506.8,502.0,503.0,3068.0
2021-02-16 09:00:00,NSE:SMLISUZU,506.7,508.7,503.3,504.7,3197.0
2021-02-16 10:00:00,NSE:SMLISUZU,505.6,508.6,503.75,506.1,2020.0
2021-02-16 11:00:00,NSE:SMLISUZU,506.1,510.0,501.0,504.45,12300.0
2021-02-16 12:00:00,NSE:SMLISUZU,503.15,507.0,501.25,507.0,2361.0
2021-02-16 13:00:00,NSE:SMLISUZU,506.0,506.0,498.1,503.25,3148.0
2021-02-16 14:00:00,NSE:SMLISUZU,503.0,504.75,501.0,502.1,1094.0
2021-02-16 15:00:00,NSE:SMLISUZU,502.2,502.2,490.1,493.0,6048.0
2021-02-17 09:00:00,NSE:SMLISUZU,496.9,501.5,495.1,498.0,6431.0
2021-02-17 10:00:00,NSE:SMLISUZU,498.0,501.7,496.85,499.05,2186.0
2021-02-17 11:00:00,NSE:SMLISUZU,500.8,501.75,496.0,498.9,2622.0
2021-02-17 12:00:00,NSE:SMLISUZU,498.9,501.1,497.75,498.35,1379.0
2021-02-17 13:00:00,NSE:SMLISUZU,498.85,500.8,497.65,498.9,2244.0
2021-02-17 14:00:00,NSE:SMLISUZU,498.35,506.5,496.35,498.15,13086.0
2021-02-17 15:00:00,NSE:SMLISUZU,498.15,500.0,497.1,498.8,5527.0
2021-02-18 09:00:00,NSE:SMLISUZU,502.0,503.95,499.35,500.0,2603.0
2021-02-18 10:00:00,NSE:SMLISUZU,500.0,505.0,499.6,505.0,5700.0
2021-02-18 11:00:00,NSE:SMLISUZU,504.8,506.2,501.0,503.55,13318.0
2021-02-18 12:00:00,NSE:SMLISUZU,503.15,503.65,498.0,500.0,1740.0
2021-02-18 13:00:00,NSE:SMLISUZU,500.0,500.5,496.85,497.6,1798.0
2021-02-18 14:00:00,NSE:SMLISUZU,499.5,501.55,496.8,497.75,1602.0
2021-02-18 15:00:00,NSE:SMLISUZU,497.75,499.1,495.0,496.9,3364.0
2021-02-19 09:00:00,NSE:SMLISUZU,496.0,499.9,495.0,499.0,5374.0
2021-02-19 10:00:00,NSE:SMLISUZU,497.8,501.0,495.65,496.0,3220.0
2021-02-19 11:00:00,NSE:SMLISUZU,495.9,498.75,494.6,498.75,2084.0
2021-02-19 12:00:00,NSE:SMLISUZU,498.05,498.05,494.9,497.0,554.0
2021-02-19 13:00:00,NSE:SMLISUZU,495.65,495.65,490.0,491.55,2161.0
2021-02-19 14:00:00,NSE:SMLISUZU,491.55,491.7,488.0,489.9,3239.0
2021-02-19 15:00:00,NSE:SMLISUZU,489.7,492.0,488.0,490.3,1928.0
2021-02-22 09:00:00,NSE:SMLISUZU,490.0,490.0,481.0,485.0,5299.0
2021-02-22 10:00:00,NSE:SMLISUZU,484.95,486.0,481.85,484.8,1947.0
2021-02-22 11:00:00,NSE:SMLISUZU,485.45,486.5,480.0,481.35,2465.0
2021-02-22 12:00:00,NSE:SMLISUZU,480.55,482.6,475.3,481.95,5376.0
2021-02-22 13:00:00,NSE:SMLISUZU,482.0,483.5,478.05,479.0,1598.0
2021-02-22 14:00:00,NSE:SMLISUZU,479.75,480.0,475.05,479.85,2459.0
2021-02-22 15:00:00,NSE:SMLISUZU,479.1,480.0,475.6,480.0,1929.0
2021-02-23 09:00:00,NSE:SMLISUZU,482.0,486.95,478.05,483.95,2332.0
2021-02-23 10:00:00,NSE:SMLISUZU,485.0,486.8,472.85,482.55,4303.0
2021-02-23 11:00:00,NSE:SMLISUZU,481.4,484.25,478.2,479.75,1370.0
2021-02-23 12:00:00,NSE:SMLISUZU,480.35,482.0,479.95,479.95,491.0
2021-02-23 13:00:00,NSE:SMLISUZU,479.95,482.2,478.65,481.0,416.0
2021-02-23 14:00:00,NSE:SMLISUZU,481.0,483.0,480.6,481.3,821.0
2021-02-23 15:00:00,NSE:SMLISUZU,481.3,481.3,472.0,479.05,3746.0
2021-02-24 09:00:00,NSE:SMLISUZU,479.0,485.85,476.75,485.3,2244.0
2021-02-24 10:00:00,NSE:SMLISUZU,484.85,488.0,483.5,484.0,2748.0
2021-02-24 11:00:00,NSE:SMLISUZU,484.0,487.0,482.5,483.0,1118.0
2021-02-24 15:00:00,NSE:SMLISUZU,476.9,483.0,475.0,475.0,798.0
2021-02-24 16:00:00,NSE:SMLISUZU,475.0,483.0,471.0,481.9,4057.0
2021-02-25 09:00:00,NSE:SMLISUZU,483.9,494.4,482.85,490.05,6423.0
2021-02-25 10:00:00,NSE:SMLISUZU,491.0,494.1,490.1,492.45,1114.0
2021-02-25 11:00:00,NSE:SMLISUZU,491.4,492.5,488.0,489.7,1431.0
2021-02-25 12:00:00,NSE:SMLISUZU,488.35,491.8,488.1,490.9,480.0
2021-02-25 13:00:00,NSE:SMLISUZU,491.0,494.0,489.65,493.2,1624.0
2021-02-25 14:00:00,NSE:SMLISUZU,493.0,493.1,490.25,492.0,2674.0
2021-02-25 15:00:00,NSE:SMLISUZU,492.0,492.0,480.0,487.35,3536.0
2021-02-26 09:00:00,NSE:SMLISUZU,482.0,488.6,477.05,485.55,1841.0
2021-02-26 10:00:00,NSE:SMLISUZU,484.7,486.55,474.15,480.4,5796.0
2021-02-26 11:00:00,NSE:SMLISUZU,480.35,483.1,477.0,483.1,2157.0
2021-02-26 12:00:00,NSE:SMLISUZU,483.1,483.1,479.0,481.0,504.0
2021-02-26 13:00:00,NSE:SMLISUZU,481.05,481.55,480.2,481.55,142.0
2021-02-26 14:00:00,NSE:SMLISUZU,481.05,484.85,481.0,483.95,841.0
2021-02-26 15:00:00,NSE:SMLISUZU,483.0,483.95,478.4,483.9,1476.0
2021-03-01 09:00:00,NSE:SMLISUZU,485.3,489.0,481.0,485.45,1735.0
2021-03-01 10:00:00,NSE:SMLISUZU,484.1,489.0,482.3,487.9,2725.0
2021-03-01 11:00:00,NSE:SMLISUZU,487.25,487.75,484.05,485.0,2069.0
2021-03-01 12:00:00,NSE:SMLISUZU,485.65,489.85,485.0,486.5,2797.0
2021-03-01 13:00:00,NSE:SMLISUZU,486.0,491.0,486.0,488.8,2343.0
2021-03-01 14:00:00,NSE:SMLISUZU,489.85,490.75,486.25,489.25,9032.0
2021-03-01 15:00:00,NSE:SMLISUZU,489.2,491.55,487.4,490.25,6368.0
2021-03-02 09:00:00,NSE:SMLISUZU,493.0,499.9,490.4,496.0,5799.0
2021-03-02 10:00:00,NSE:SMLISUZU,496.85,497.1,493.0,495.0,4103.0
2021-03-02 11:00:00,NSE:SMLISUZU,495.0,496.95,492.35,495.0,769.0
2021-03-02 12:00:00,NSE:SMLISUZU,495.1,496.75,493.5,495.3,797.0
2021-03-02 13:00:00,NSE:SMLISUZU,494.0,498.0,493.85,498.0,2775.0
2021-03-02 14:00:00,NSE:SMLISUZU,497.5,498.55,495.0,495.0,1661.0
2021-03-02 15:00:00,NSE:SMLISUZU,495.35,496.75,491.45,493.45,2878.0
2021-03-03 09:00:00,NSE:SMLISUZU,497.7,509.8,495.0,505.95,9613.0
2021-03-03 10:00:00,NSE:SMLISUZU,505.4,506.55,502.2,505.05,2925.0
2021-03-03 11:00:00,NSE:SMLISUZU,505.4,507.15,504.0,505.0,1685.0
2021-03-03 12:00:00,NSE:SMLISUZU,504.45,505.4,503.0,504.75,1285.0
2021-03-03 13:00:00,NSE:SMLISUZU,503.35,507.1,502.85,503.05,5841.0
2021-03-03 14:00:00,NSE:SMLISUZU,503.8,504.95,503.15,504.45,1025.0
2021-03-03 15:00:00,NSE:SMLISUZU,503.2,503.2,489.5,497.0,8571.0
2021-03-04 09:00:00,NSE:SMLISUZU,499.0,499.0,491.3,494.9,3918.0
2021-03-04 10:00:00,NSE:SMLISUZU,494.05,499.75,492.35,497.4,1880.0
2021-03-04 11:00:00,NSE:SMLISUZU,498.2,505.2,497.0,498.4,6125.0
2021-03-04 12:00:00,NSE:SMLISUZU,498.4,498.6,497.3,497.5,894.0
2021-03-04 13:00:00,NSE:SMLISUZU,498.6,498.6,496.2,497.25,1414.0
2021-03-04 14:00:00,NSE:SMLISUZU,497.3,498.5,497.25,498.45,1027.0
2021-03-04 15:00:00,NSE:SMLISUZU,498.45,498.7,496.0,497.6,2736.0
2021-03-05 09:00:00,NSE:SMLISUZU,508.0,509.8,497.0,504.2,10891.0
2021-03-05 10:00:00,NSE:SMLISUZU,505.0,506.75,500.0,500.0,3785.0
2021-03-05 11:00:00,NSE:SMLISUZU,500.0,502.95,499.2,500.0,2443.0
2021-03-05 12:00:00,NSE:SMLISUZU,500.5,506.0,500.0,503.0,2565.0
2021-03-05 13:00:00,NSE:SMLISUZU,503.75,504.0,495.2,497.25,1524.0
2021-03-05 14:00:00,NSE:SMLISUZU,496.2,497.5,493.15,494.0,2045.0
2021-03-05 15:00:00,NSE:SMLISUZU,494.95,495.9,492.8,493.75,4357.0
2021-03-08 09:00:00,NSE:SMLISUZU,493.0,499.4,493.0,497.0,2365.0
2021-03-08 10:00:00,NSE:SMLISUZU,498.3,499.1,495.6,498.45,1326.0
2021-03-08 11:00:00,NSE:SMLISUZU,498.2,499.0,496.2,496.7,612.0
2021-03-08 12:00:00,NSE:SMLISUZU,496.7,508.0,496.5,501.15,10497.0
2021-03-08 13:00:00,NSE:SMLISUZU,501.85,502.0,497.25,499.0,2804.0
2021-03-08 14:00:00,NSE:SMLISUZU,498.25,499.7,495.15,495.15,1737.0
2021-03-08 15:00:00,NSE:SMLISUZU,495.0,495.1,487.9,490.15,5545.0
2021-03-09 09:00:00,NSE:SMLISUZU,495.0,497.6,493.7,493.85,2656.0
2021-03-09 10:00:00,NSE:SMLISUZU,493.95,494.65,491.85,491.85,535.0
2021-03-09 11:00:00,NSE:SMLISUZU,492.4,492.55,489.0,491.95,1897.0
2021-03-09 12:00:00,NSE:SMLISUZU,492.15,492.15,488.5,490.0,935.0
2021-03-09 13:00:00,NSE:SMLISUZU,488.25,490.0,486.25,487.85,2523.0
2021-03-09 14:00:00,NSE:SMLISUZU,489.25,489.9,485.9,488.6,1944.0
2021-03-09 15:00:00,NSE:SMLISUZU,487.25,489.7,487.0,488.0,1037.0
2021-03-10 09:00:00,NSE:SMLISUZU,493.0,495.0,488.2,489.3,2445.0
2021-03-10 10:00:00,NSE:SMLISUZU,490.25,491.2,486.0,489.1,974.0
2021-03-10 11:00:00,NSE:SMLISUZU,488.95,489.2,487.25,489.2,339.0
2021-03-10 12:00:00,NSE:SMLISUZU,488.55,490.95,488.55,489.1,872.0
2021-03-10 13:00:00,NSE:SMLISUZU,490.0,490.95,490.0,490.0,829.0
2021-03-10 14:00:00,NSE:SMLISUZU,490.0,491.65,488.3,488.3,1151.0
2021-03-10 15:00:00,NSE:SMLISUZU,488.45,488.5,486.0,486.0,1328.0
2021-03-12 09:00:00,NSE:SMLISUZU,497.0,497.0,486.75,488.0,3259.0
2021-03-12 10:00:00,NSE:SMLISUZU,487.95,488.0,483.1,484.95,4361.0
2021-03-12 11:00:00,NSE:SMLISUZU,484.95,485.0,482.0,483.6,2506.0
2021-03-12 12:00:00,NSE:SMLISUZU,483.6,486.95,482.45,484.9,2854.0
2021-03-12 13:00:00,NSE:SMLISUZU,484.05,484.05,480.0,481.75,4384.0
2021-03-12 14:00:00,NSE:SMLISUZU,481.5,483.9,480.5,480.5,3360.0
2021-03-12 15:00:00,NSE:SMLISUZU,480.5,483.5,480.5,481.85,2127.0
2021-03-15 09:00:00,NSE:SMLISUZU,482.0,484.85,475.0,478.4,2680.0
2021-03-15 10:00:00,NSE:SMLISUZU,479.0,479.0,471.05,471.05,3066.0
2021-03-15 11:00:00,NSE:SMLISUZU,472.25,472.95,467.0,471.65,4899.0
2021-03-15 12:00:00,NSE:SMLISUZU,471.65,471.7,467.5,469.0,2058.0
2021-03-15 13:00:00,NSE:SMLISUZU,469.0,469.0,466.65,468.7,6380.0
2021-03-15 14:00:00,NSE:SMLISUZU,468.65,471.4,467.0,471.0,3414.0
2021-03-15 15:00:00,NSE:SMLISUZU,471.05,472.6,470.0,470.4,2990.0
2021-03-16 09:00:00,NSE:SMLISUZU,472.05,476.0,471.1,472.55,3791.0
2021-03-16 10:00:00,NSE:SMLISUZU,474.25,475.0,473.1,474.95,732.0
2021-03-16 11:00:00,NSE:SMLISUZU,474.5,474.5,472.15,472.3,2276.0
2021-03-16 12:00:00,NSE:SMLISUZU,472.95,473.75,471.0,471.0,306.0
2021-03-16 13:00:00,NSE:SMLISUZU,470.95,472.0,468.0,472.0,1902.0
2021-03-16 14:00:00,NSE:SMLISUZU,473.0,473.2,470.85,471.95,617.0
2021-03-16 15:00:00,NSE:SMLISUZU,470.0,470.0,460.1,464.0,5370.0
2021-03-17 09:00:00,NSE:SMLISUZU,467.3,471.75,461.35,468.0,2201.0
2021-03-17 10:00:00,NSE:SMLISUZU,466.35,470.1,460.1,462.0,2498.0
2021-03-17 11:00:00,NSE:SMLISUZU,461.05,463.3,459.0,463.3,2367.0
2021-03-17 12:00:00,NSE:SMLISUZU,463.0,464.0,461.6,462.85,1110.0
2021-03-17 13:00:00,NSE:SMLISUZU,463.55,463.55,456.95,456.95,3942.0
2021-03-17 14:00:00,NSE:SMLISUZU,457.6,459.9,454.8,458.9,2930.0
2021-03-17 15:00:00,NSE:SMLISUZU,458.5,458.75,455.05,457.1,1774.0
2021-03-18 09:00:00,NSE:SMLISUZU,460.95,469.6,458.25,464.0,3722.0
2021-03-18 10:00:00,NSE:SMLISUZU,464.0,466.8,456.9,462.0,1455.0
2021-03-18 11:00:00,NSE:SMLISUZU,461.6,461.9,450.0,455.1,4659.0
2021-03-18 12:00:00,NSE:SMLISUZU,456.65,460.75,455.0,457.05,1310.0
2021-03-18 13:00:00,NSE:SMLISUZU,457.0,457.65,455.0,455.0,1719.0
2021-03-18 14:00:00,NSE:SMLISUZU,452.5,453.9,450.0,451.05,2732.0
2021-03-18 15:00:00,NSE:SMLISUZU,451.0,452.2,447.0,450.25,3235.0
2021-03-19 09:00:00,NSE:SMLISUZU,449.7,449.7,430.15,442.9,5607.0
2021-03-19 10:00:00,NSE:SMLISUZU,442.5,449.0,442.5,449.0,1767.0
2021-03-19 11:00:00,NSE:SMLISUZU,449.0,450.0,443.25,444.05,939.0
2021-03-19 12:00:00,NSE:SMLISUZU,444.9,447.5,442.85,447.5,1960.0
2021-03-19 13:00:00,NSE:SMLISUZU,445.0,448.0,444.6,445.65,1076.0
2021-03-19 14:00:00,NSE:SMLISUZU,445.85,458.05,445.85,454.0,2759.0
2021-03-19 15:00:00,NSE:SMLISUZU,454.15,456.6,450.15,455.1,1901.0
2021-03-22 09:00:00,NSE:SMLISUZU,442.7,458.95,442.7,453.95,2435.0
2021-03-22 10:00:00,NSE:SMLISUZU,454.45,455.6,449.3,449.3,1125.0
2021-03-22 11:00:00,NSE:SMLISUZU,448.0,450.0,448.0,450.0,305.0
2021-03-22 12:00:00,NSE:SMLISUZU,451.25,451.25,448.15,449.85,1060.0
2021-03-22 13:00:00,NSE:SMLISUZU,449.85,452.0,448.25,452.0,703.0
2021-03-22 14:00:00,NSE:SMLISUZU,452.0,453.5,451.5,452.0,693.0
2021-03-22 15:00:00,NSE:SMLISUZU,451.5,454.4,450.3,452.85,1188.0
2021-03-23 09:00:00,NSE:SMLISUZU,460.0,460.0,452.75,456.95,1621.0
2021-03-23 10:00:00,NSE:SMLISUZU,453.65,455.6,453.0,455.05,1179.0
2021-03-23 11:00:00,NSE:SMLISUZU,455.85,456.35,450.05,453.0,2236.0
2021-03-23 12:00:00,NSE:SMLISUZU,451.05,454.15,451.05,452.0,555.0
2021-03-23 13:00:00,NSE:SMLISUZU,452.0,454.9,451.75,453.0,309.0
2021-03-23 14:00:00,NSE:SMLISUZU,454.6,455.35,453.1,453.45,1206.0
2021-03-23 15:00:00,NSE:SMLISUZU,453.25,453.25,448.0,450.95,2476.0
2021-03-24 09:00:00,NSE:SMLISUZU,447.45,455.4,447.45,450.45,3078.0
2021-03-24 10:00:00,NSE:SMLISUZU,450.55,453.35,446.0,448.7,3246.0
2021-03-24 11:00:00,NSE:SMLISUZU,448.8,507.9,448.1,492.0,134705.0
2021-03-24 12:00:00,NSE:SMLISUZU,492.0,493.0,472.35,474.0,43408.0
2021-03-24 13:00:00,NSE:SMLISUZU,475.25,487.95,472.1,479.25,16692.0
2021-03-24 14:00:00,NSE:SMLISUZU,479.85,485.1,466.5,468.0,17608.0
2021-03-24 15:00:00,NSE:SMLISUZU,468.0,496.5,458.05,488.55,132900.0
2021-03-25 09:00:00,NSE:SMLISUZU,494.9,494.9,475.55,478.25,24822.0
2021-03-25 10:00:00,NSE:SMLISUZU,477.25,486.25,475.6,476.4,5151.0
2021-03-25 11:00:00,NSE:SMLISUZU,477.55,477.6,469.0,472.0,4656.0
2021-03-25 12:00:00,NSE:SMLISUZU,470.75,473.4,468.2,469.95,2734.0
2021-03-25 13:00:00,NSE:SMLISUZU,469.05,475.0,467.55,470.0,5473.0
2021-03-25 14:00:00,NSE:SMLISUZU,470.35,474.0,463.2,465.7,7057.0
2021-03-25 15:00:00,NSE:SMLISUZU,466.0,467.35,451.4,458.45,11063.0
2021-03-26 09:00:00,NSE:SMLISUZU,460.3,469.95,456.3,460.45,5431.0
2021-03-26 10:00:00,NSE:SMLISUZU,460.45,466.0,459.85,463.3,3243.0
2021-03-26 11:00:00,NSE:SMLISUZU,461.6,464.2,459.95,460.95,2867.0
2021-03-26 12:00:00,NSE:SMLISUZU,460.0,464.85,458.0,464.35,4369.0
2021-03-26 13:00:00,NSE:SMLISUZU,463.0,465.4,454.55,459.75,5184.0
2021-03-26 14:00:00,NSE:SMLISUZU,461.15,473.75,458.1,458.25,11913.0
2021-03-26 15:00:00,NSE:SMLISUZU,459.7,465.0,458.05,460.75,5602.0
2021-03-30 09:00:00,NSE:SMLISUZU,461.0,477.05,460.45,462.8,7135.0
2021-03-30 10:00:00,NSE:SMLISUZU,462.15,465.0,461.45,462.05,1332.0
2021-03-30 11:00:00,NSE:SMLISUZU,462.8,463.9,454.0,457.0,5256.0
2021-03-30 12:00:00,NSE:SMLISUZU,456.9,458.1,451.0,454.3,3241.0
2021-03-30 13:00:00,NSE:SMLISUZU,451.55,456.0,451.55,454.7,1093.0
2021-03-30 14:00:00,NSE:SMLISUZU,455.0,456.0,453.0,454.65,1786.0
2021-03-30 15:00:00,NSE:SMLISUZU,455.0,456.0,452.2,452.2,2873.0
2021-03-31 09:00:00,NSE:SMLISUZU,450.0,463.2,450.0,462.65,2479.0
2021-03-31 10:00:00,NSE:SMLISUZU,462.05,464.2,455.0,455.45,3185.0
2021-03-31 11:00:00,NSE:SMLISUZU,456.95,459.2,453.15,455.75,2467.0
2021-03-31 12:00:00,NSE:SMLISUZU,456.0,456.0,453.1,453.1,1860.0
2021-03-31 13:00:00,NSE:SMLISUZU,453.1,454.0,452.0,453.2,812.0
2021-03-31 14:00:00,NSE:SMLISUZU,453.6,454.0,451.8,454.0,1569.0
2021-03-31 15:00:00,NSE:SMLISUZU,453.1,454.4,450.1,452.7,3720.0
2021-04-01 09:00:00,NSE:SMLISUZU,455.75,463.9,455.75,461.0,4360.0
2021-04-01 10:00:00,NSE:SMLISUZU,461.95,463.5,460.3,461.95,1251.0
2021-04-01 11:00:00,NSE:SMLISUZU,461.95,462.9,460.3,461.7,694.0
2021-04-01 12:00:00,NSE:SMLISUZU,461.9,464.7,461.15,464.0,1329.0
2021-04-01 13:00:00,NSE:SMLISUZU,463.95,484.95,463.95,470.0,21705.0
2021-04-01 14:00:00,NSE:SMLISUZU,467.0,474.45,467.0,472.9,4120.0
2021-04-01 15:00:00,NSE:SMLISUZU,472.85,472.85,468.3,469.7,5239.0
2021-04-05 09:00:00,NSE:SMLISUZU,474.9,474.9,461.5,461.5,3095.0
2021-04-05 10:00:00,NSE:SMLISUZU,461.0,462.5,457.0,462.5,2907.0
2021-04-05 11:00:00,NSE:SMLISUZU,462.0,462.5,450.0,454.1,3713.0
2021-04-05 12:00:00,NSE:SMLISUZU,455.95,458.3,454.35,455.0,1567.0
2021-04-05 13:00:00,NSE:SMLISUZU,455.5,456.0,454.65,455.7,1092.0
2021-04-05 14:00:00,NSE:SMLISUZU,455.7,457.3,455.0,456.0,4052.0
2021-04-05 15:00:00,NSE:SMLISUZU,455.1,456.0,454.0,455.05,2482.0
2021-04-06 09:00:00,NSE:SMLISUZU,455.45,459.35,454.65,457.2,1780.0
2021-04-06 10:00:00,NSE:SMLISUZU,456.9,458.0,456.05,457.3,2220.0
2021-04-06 11:00:00,NSE:SMLISUZU,456.35,457.3,456.0,456.85,645.0
2021-04-06 12:00:00,NSE:SMLISUZU,456.05,457.3,455.0,456.2,1432.0
2021-04-06 13:00:00,NSE:SMLISUZU,456.0,457.0,455.5,455.7,651.0
2021-04-06 14:00:00,NSE:SMLISUZU,456.3,472.0,456.0,463.3,9110.0
2021-04-06 15:00:00,NSE:SMLISUZU,463.0,469.95,460.0,462.8,4186.0
2021-04-07 09:00:00,NSE:SMLISUZU,467.0,469.65,462.0,469.65,3048.0
2021-04-07 10:00:00,NSE:SMLISUZU,469.65,472.8,464.0,464.85,3071.0
2021-04-07 11:00:00,NSE:SMLISUZU,468.95,469.0,465.55,468.0,1467.0
2021-04-07 12:00:00,NSE:SMLISUZU,468.0,469.9,467.0,468.0,1045.0
2021-04-07 13:00:00,NSE:SMLISUZU,468.0,468.35,464.4,464.9,1283.0
2021-04-07 14:00:00,NSE:SMLISUZU,465.0,467.8,464.35,467.7,644.0
2021-04-07 15:00:00,NSE:SMLISUZU,466.0,467.5,465.45,466.55,1567.0
2021-04-08 09:00:00,NSE:SMLISUZU,466.45,470.7,466.45,468.1,1970.0
2021-04-08 10:00:00,NSE:SMLISUZU,467.7,475.9,467.05,472.4,3913.0
2021-04-08 11:00:00,NSE:SMLISUZU,472.6,476.0,472.0,473.45,5488.0
2021-04-08 12:00:00,NSE:SMLISUZU,472.1,472.25,469.35,469.55,2889.0
2021-04-08 13:00:00,NSE:SMLISUZU,470.0,471.35,469.55,469.55,1088.0
2021-04-08 14:00:00,NSE:SMLISUZU,469.55,470.5,467.4,467.4,1891.0
2021-04-08 15:00:00,NSE:SMLISUZU,467.05,467.85,464.95,466.0,2491.0
2021-04-09 09:00:00,NSE:SMLISUZU,462.4,470.1,461.0,468.7,2804.0
2021-04-09 10:00:00,NSE:SMLISUZU,468.7,472.0,467.05,467.9,2474.0
2021-04-09 11:00:00,NSE:SMLISUZU,467.95,469.95,463.25,463.25,1334.0
2021-04-09 12:00:00,NSE:SMLISUZU,466.3,467.9,463.25,466.95,565.0
2021-04-09 13:00:00,NSE:SMLISUZU,465.05,466.0,463.3,464.8,654.0
2021-04-09 14:00:00,NSE:SMLISUZU,464.25,466.6,463.0,465.45,942.0
2021-04-09 15:00:00,NSE:SMLISUZU,463.6,465.4,462.2,463.65,1514.0
2021-04-12 09:00:00,NSE:SMLISUZU,452.3,455.65,436.2,446.95,4718.0
2021-04-12 10:00:00,NSE:SMLISUZU,446.95,446.95,441.05,445.55,2320.0
2021-04-12 11:00:00,NSE:SMLISUZU,446.45,446.5,439.0,439.0,1963.0
2021-04-12 12:00:00,NSE:SMLISUZU,440.4,440.4,430.45,439.05,2815.0
2021-04-12 13:00:00,NSE:SMLISUZU,439.95,441.0,431.95,434.2,1893.0
2021-04-12 14:00:00,NSE:SMLISUZU,434.5,438.6,430.0,434.8,1537.0
2021-04-12 15:00:00,NSE:SMLISUZU,434.8,439.25,430.0,434.95,2056.0
2021-04-13 09:00:00,NSE:SMLISUZU,435.0,440.85,432.25,440.8,1786.0
2021-04-13 10:00:00,NSE:SMLISUZU,440.1,444.4,439.8,443.0,1300.0
2021-04-13 11:00:00,NSE:SMLISUZU,443.8,443.8,437.5,437.5,742.0
2021-04-13 12:00:00,NSE:SMLISUZU,437.5,441.65,437.0,441.65,871.0
2021-04-13 13:00:00,NSE:SMLISUZU,441.6,442.9,439.25,442.9,397.0
2021-04-13 14:00:00,NSE:SMLISUZU,442.9,464.0,442.1,456.45,10490.0
2021-04-13 15:00:00,NSE:SMLISUZU,456.45,477.0,454.2,465.1,12303.0
2021-04-15 09:00:00,NSE:SMLISUZU,458.05,463.95,458.05,460.45,3847.0
2021-04-15 10:00:00,NSE:SMLISUZU,460.95,463.85,459.35,459.35,2557.0
2021-04-15 11:00:00,NSE:SMLISUZU,460.65,461.0,458.5,461.0,383.0
2021-04-15 12:00:00,NSE:SMLISUZU,460.5,460.75,459.35,460.6,289.0
2021-04-15 13:00:00,NSE:SMLISUZU,460.7,460.8,459.1,460.5,443.0
2021-04-15 14:00:00,NSE:SMLISUZU,460.0,462.05,459.1,459.95,865.0
2021-04-15 15:00:00,NSE:SMLISUZU,459.95,459.95,457.1,457.5,2547.0
2021-04-16 09:00:00,NSE:SMLISUZU,460.0,464.6,457.0,462.0,1166.0
2021-04-16 10:00:00,NSE:SMLISUZU,462.15,462.55,460.0,460.0,1331.0
2021-04-16 11:00:00,NSE:SMLISUZU,459.65,459.9,458.3,459.9,584.0
2021-04-16 12:00:00,NSE:SMLISUZU,460.0,460.0,458.1,459.65,623.0
2021-04-16 13:00:00,NSE:SMLISUZU,459.65,459.65,457.1,458.0,1164.0
2021-04-16 14:00:00,NSE:SMLISUZU,458.2,461.35,457.1,461.35,1731.0
2021-04-16 15:00:00,NSE:SMLISUZU,461.0,461.0,457.1,457.65,2506.0
2021-04-19 09:00:00,NSE:SMLISUZU,443.8,455.0,443.0,453.0,5077.0
2021-04-19 10:00:00,NSE:SMLISUZU,453.7,455.75,450.45,453.65,1712.0
2021-04-19 11:00:00,NSE:SMLISUZU,454.35,455.65,452.1,452.4,1495.0
2021-04-19 12:00:00,NSE:SMLISUZU,452.2,454.25,452.0,452.05,1303.0
2021-04-19 13:00:00,NSE:SMLISUZU,452.0,454.0,451.05,452.95,1337.0
2021-04-19 14:00:00,NSE:SMLISUZU,453.0,456.3,452.3,455.05,1437.0
2021-04-19 15:00:00,NSE:SMLISUZU,455.05,458.65,454.0,457.9,4156.0
2021-04-20 09:00:00,NSE:SMLISUZU,475.0,475.0,455.3,463.0,3569.0
2021-04-20 10:00:00,NSE:SMLISUZU,463.0,464.4,462.75,463.0,1498.0
2021-04-20 11:00:00,NSE:SMLISUZU,462.45,463.95,460.1,463.25,460.0
2021-04-20 12:00:00,NSE:SMLISUZU,462.05,463.65,460.1,460.1,1349.0
2021-04-20 13:00:00,NSE:SMLISUZU,461.0,462.5,460.15,461.0,501.0
2021-04-20 14:00:00,NSE:SMLISUZU,461.0,461.0,454.1,455.5,1982.0
2021-04-20 15:00:00,NSE:SMLISUZU,456.05,460.0,456.05,457.35,1508.0
2021-04-22 09:00:00,NSE:SMLISUZU,460.0,466.0,454.35,455.8,856.0
2021-04-22 10:00:00,NSE:SMLISUZU,456.8,456.8,451.25,455.2,1189.0
2021-04-22 11:00:00,NSE:SMLISUZU,455.45,457.2,454.7,456.0,989.0
2021-04-22 12:00:00,NSE:SMLISUZU,456.0,456.95,454.35,455.45,918.0
2021-04-22 13:00:00,NSE:SMLISUZU,454.65,459.8,454.0,459.8,2216.0
2021-04-22 14:00:00,NSE:SMLISUZU,458.25,461.95,458.25,458.8,776.0
2021-04-22 15:00:00,NSE:SMLISUZU,458.85,460.0,455.1,458.2,1574.0
2021-04-23 09:00:00,NSE:SMLISUZU,457.55,458.85,455.25,458.35,527.0
2021-04-23 10:00:00,NSE:SMLISUZU,456.75,461.85,456.75,458.8,881.0
2021-04-23 11:00:00,NSE:SMLISUZU,458.8,459.45,457.25,458.8,475.0
2021-04-23 12:00:00,NSE:SMLISUZU,458.8,460.0,458.15,458.25,866.0
2021-04-23 13:00:00,NSE:SMLISUZU,459.15,459.85,458.3,458.3,68.0
2021-04-23 14:00:00,NSE:SMLISUZU,458.65,458.65,454.0,454.0,514.0
2021-04-23 15:00:00,NSE:SMLISUZU,454.0,456.5,454.0,455.2,726.0
2021-04-26 09:00:00,NSE:SMLISUZU,455.0,463.0,455.0,462.65,1121.0
2021-04-26 10:00:00,NSE:SMLISUZU,462.4,465.0,459.0,459.8,1929.0
2021-04-26 11:00:00,NSE:SMLISUZU,460.5,466.05,459.25,461.2,1704.0
2021-04-26 12:00:00,NSE:SMLISUZU,460.55,463.0,458.2,458.95,1359.0
2021-04-26 13:00:00,NSE:SMLISUZU,458.95,459.0,456.55,457.6,445.0
2021-04-26 14:00:00,NSE:SMLISUZU,456.55,457.5,450.0,452.0,2191.0
2021-04-26 15:00:00,NSE:SMLISUZU,451.7,452.5,451.0,452.5,1948.0
2021-04-27 09:00:00,NSE:SMLISUZU,456.3,456.3,448.2,454.0,2103.0
2021-04-27 10:00:00,NSE:SMLISUZU,454.0,459.5,452.15,453.75,1418.0
2021-04-27 11:00:00,NSE:SMLISUZU,455.55,457.75,455.0,456.5,885.0
2021-04-27 12:00:00,NSE:SMLISUZU,456.95,467.4,456.95,461.8,4078.0
2021-04-27 13:00:00,NSE:SMLISUZU,460.0,463.9,459.5,459.8,1212.0
2021-04-27 14:00:00,NSE:SMLISUZU,460.05,460.8,458.85,460.8,600.0
2021-04-27 15:00:00,NSE:SMLISUZU,459.65,461.0,458.3,459.1,1646.0
2021-04-28 09:00:00,NSE:SMLISUZU,463.05,469.65,462.8,464.25,1771.0
2021-04-28 10:00:00,NSE:SMLISUZU,464.15,468.0,461.3,466.0,1578.0
2021-04-28 11:00:00,NSE:SMLISUZU,462.05,465.8,458.7,463.8,3742.0
2021-04-28 12:00:00,NSE:SMLISUZU,463.8,464.2,461.75,463.65,588.0
2021-04-28 13:00:00,NSE:SMLISUZU,462.8,466.0,462.2,464.5,1077.0
2021-04-28 14:00:00,NSE:SMLISUZU,463.95,465.0,462.2,463.45,531.0
2021-04-28 15:00:00,NSE:SMLISUZU,463.0,463.45,459.3,461.25,2813.0
2021-04-29 09:00:00,NSE:SMLISUZU,462.0,465.7,458.05,460.15,1719.0
2021-04-29 10:00:00,NSE:SMLISUZU,460.0,461.0,455.0,457.05,1087.0
2021-04-29 11:00:00,NSE:SMLISUZU,457.05,459.45,457.05,459.3,433.0
2021-04-29 12:00:00,NSE:SMLISUZU,459.3,459.3,457.0,458.0,279.0
2021-04-29 13:00:00,NSE:SMLISUZU,458.0,459.45,457.0,457.05,548.0
2021-04-29 14:00:00,NSE:SMLISUZU,458.5,463.55,457.0,458.0,1795.0
2021-04-29 15:00:00,NSE:SMLISUZU,456.3,458.8,456.0,456.0,877.0
2021-04-30 09:00:00,NSE:SMLISUZU,454.2,459.65,451.7,457.2,1278.0
2021-04-30 10:00:00,NSE:SMLISUZU,458.2,458.55,450.05,455.7,3263.0
2021-04-30 11:00:00,NSE:SMLISUZU,455.7,456.1,452.6,453.8,1181.0
2021-04-30 12:00:00,NSE:SMLISUZU,454.75,455.65,453.1,454.75,376.0
2021-04-30 13:00:00,NSE:SMLISUZU,454.8,456.0,453.75,453.75,392.0
2021-04-30 14:00:00,NSE:SMLISUZU,453.75,455.0,452.0,453.7,625.0
2021-04-30 15:00:00,NSE:SMLISUZU,453.75,454.4,450.2,452.0,1585.0
2021-05-03 09:00:00,NSE:SMLISUZU,444.0,450.0,442.1,448.4,3551.0
2021-05-03 10:00:00,NSE:SMLISUZU,449.8,449.8,446.0,448.3,439.0
2021-05-03 11:00:00,NSE:SMLISUZU,448.5,451.8,446.65,447.65,2177.0
2021-05-03 12:00:00,NSE:SMLISUZU,448.0,449.0,448.0,448.15,275.0
2021-05-03 13:00:00,NSE:SMLISUZU,448.85,449.95,448.2,449.3,1591.0
2021-05-03 14:00:00,NSE:SMLISUZU,448.2,449.95,446.95,447.0,2364.0
2021-05-03 15:00:00,NSE:SMLISUZU,446.85,448.75,444.5,446.15,2245.0
2021-05-04 09:00:00,NSE:SMLISUZU,446.65,453.5,446.5,448.35,1348.0
2021-05-04 10:00:00,NSE:SMLISUZU,449.95,455.55,448.5,452.5,1894.0
2021-05-04 11:00:00,NSE:SMLISUZU,452.5,453.45,449.8,452.1,1833.0
2021-05-04 12:00:00,NSE:SMLISUZU,452.0,453.9,446.9,450.65,1612.0
2021-05-04 13:00:00,NSE:SMLISUZU,449.95,450.0,446.9,446.9,1095.0
2021-05-04 14:00:00,NSE:SMLISUZU,448.0,450.1,447.0,447.0,840.0
2021-05-04 15:00:00,NSE:SMLISUZU,447.0,448.65,442.0,444.85,2255.0
2021-05-05 09:00:00,NSE:SMLISUZU,445.3,450.05,445.3,448.35,900.0
2021-05-05 10:00:00,NSE:SMLISUZU,447.2,450.35,445.45,449.15,777.0
2021-05-05 11:00:00,NSE:SMLISUZU,447.8,449.5,441.1,446.0,1649.0
2021-05-05 12:00:00,NSE:SMLISUZU,444.2,447.65,444.2,445.15,504.0
2021-05-05 13:00:00,NSE:SMLISUZU,446.0,446.0,444.0,444.3,464.0
2021-05-05 14:00:00,NSE:SMLISUZU,444.55,444.95,442.2,443.0,955.0
2021-05-05 15:00:00,NSE:SMLISUZU,443.0,444.0,441.5,442.35,1658.0
2021-05-06 09:00:00,NSE:SMLISUZU,445.15,451.0,443.95,448.4,2037.0
2021-05-06 10:00:00,NSE:SMLISUZU,448.0,449.0,445.0,445.6,901.0
2021-05-06 11:00:00,NSE:SMLISUZU,447.5,458.0,447.5,448.35,4376.0
2021-05-06 12:00:00,NSE:SMLISUZU,448.1,449.85,447.05,447.95,460.0
2021-05-06 13:00:00,NSE:SMLISUZU,449.0,475.05,445.5,468.05,33829.0
2021-05-06 14:00:00,NSE:SMLISUZU,467.5,477.7,465.5,467.7,18016.0
2021-05-06 15:00:00,NSE:SMLISUZU,467.95,468.0,462.0,464.8,9698.0
2021-05-07 09:00:00,NSE:SMLISUZU,468.0,472.2,464.95,468.0,6729.0
2021-05-07 10:00:00,NSE:SMLISUZU,468.0,471.0,457.65,463.0,5047.0
2021-05-07 11:00:00,NSE:SMLISUZU,462.05,464.65,460.5,461.15,567.0
2021-05-07 12:00:00,NSE:SMLISUZU,461.0,462.15,460.5,460.85,391.0
2021-05-07 13:00:00,NSE:SMLISUZU,462.0,463.1,460.5,463.1,728.0
2021-05-07 14:00:00,NSE:SMLISUZU,462.0,464.0,460.5,461.4,945.0
2021-05-07 15:00:00,NSE:SMLISUZU,461.5,461.5,454.5,456.1,4335.0
2021-05-10 09:00:00,NSE:SMLISUZU,463.95,463.95,454.55,457.0,1142.0
2021-05-10 10:00:00,NSE:SMLISUZU,457.0,466.2,457.0,461.0,2171.0
2021-05-10 11:00:00,NSE:SMLISUZU,462.7,480.5,461.05,473.5,22301.0
2021-05-10 12:00:00,NSE:SMLISUZU,472.0,484.4,471.0,478.05,14843.0
2021-05-10 13:00:00,NSE:SMLISUZU,476.8,477.95,470.0,475.0,5082.0
2021-05-10 14:00:00,NSE:SMLISUZU,474.0,476.0,470.9,471.95,2384.0
2021-05-10 15:00:00,NSE:SMLISUZU,471.8,473.05,466.1,469.85,5114.0
2021-05-11 09:00:00,NSE:SMLISUZU,466.4,471.1,462.0,469.75,2313.0
2021-05-11 10:00:00,NSE:SMLISUZU,469.75,469.75,466.8,467.8,657.0
2021-05-11 11:00:00,NSE:SMLISUZU,467.05,468.25,464.05,467.6,916.0
2021-05-11 12:00:00,NSE:SMLISUZU,467.3,469.55,464.0,464.5,3839.0
2021-05-11 13:00:00,NSE:SMLISUZU,464.35,467.0,462.95,464.0,1208.0
2021-05-11 14:00:00,NSE:SMLISUZU,464.95,467.0,464.2,466.75,441.0
2021-05-11 15:00:00,NSE:SMLISUZU,465.65,465.65,462.95,463.7,1394.0
2021-05-12 09:00:00,NSE:SMLISUZU,458.1,466.5,452.3,458.0,6377.0
2021-05-12 10:00:00,NSE:SMLISUZU,458.25,462.0,456.05,456.25,8676.0
2021-05-12 11:00:00,NSE:SMLISUZU,458.15,458.15,450.0,454.35,6798.0
2021-05-12 12:00:00,NSE:SMLISUZU,454.0,454.2,451.55,453.5,4998.0
2021-05-12 13:00:00,NSE:SMLISUZU,453.0,453.0,448.5,449.75,10604.0
2021-05-12 14:00:00,NSE:SMLISUZU,449.8,451.05,447.0,448.25,5556.0
2021-05-12 15:00:00,NSE:SMLISUZU,448.95,450.0,448.05,449.1,5667.0
2021-05-14 09:00:00,NSE:SMLISUZU,450.0,454.3,448.0,450.0,5427.0
2021-05-14 10:00:00,NSE:SMLISUZU,449.05,450.25,447.05,447.8,1520.0
2021-05-14 11:00:00,NSE:SMLISUZU,447.25,449.0,443.9,445.5,2860.0
2021-05-14 12:00:00,NSE:SMLISUZU,446.0,446.3,442.5,443.2,2492.0
2021-05-14 13:00:00,NSE:SMLISUZU,444.05,445.5,443.15,444.5,830.0
2021-05-14 14:00:00,NSE:SMLISUZU,445.0,445.65,442.0,445.65,2136.0
2021-05-14 15:00:00,NSE:SMLISUZU,445.8,445.9,442.2,443.5,2280.0
2021-05-17 09:00:00,NSE:SMLISUZU,445.45,449.65,445.15,448.0,1328.0
2021-05-17 10:00:00,NSE:SMLISUZU,448.0,450.0,447.1,448.0,2287.0
2021-05-17 11:00:00,NSE:SMLISUZU,447.1,451.0,447.1,449.3,2913.0
2021-05-17 12:00:00,NSE:SMLISUZU,449.7,450.0,447.5,448.1,2099.0
2021-05-17 13:00:00,NSE:SMLISUZU,448.0,448.75,444.7,445.5,3304.0
2021-05-17 14:00:00,NSE:SMLISUZU,445.2,447.4,445.2,446.95,4405.0
2021-05-17 15:00:00,NSE:SMLISUZU,446.95,447.0,443.4,445.2,4260.0
2021-05-18 09:00:00,NSE:SMLISUZU,448.05,450.0,445.55,449.9,5150.0
2021-05-18 10:00:00,NSE:SMLISUZU,449.85,450.3,447.25,449.4,2023.0
2021-05-18 11:00:00,NSE:SMLISUZU,450.0,453.0,447.75,451.9,10023.0
2021-05-18 12:00:00,NSE:SMLISUZU,451.75,452.3,449.0,450.0,3022.0
2021-05-18 13:00:00,NSE:SMLISUZU,450.0,451.95,446.7,451.9,1963.0
2021-05-18 14:00:00,NSE:SMLISUZU,450.2,451.0,448.4,449.0,1530.0
2021-05-18 15:00:00,NSE:SMLISUZU,449.0,453.0,448.0,450.65,5767.0
2021-05-19 09:00:00,NSE:SMLISUZU,455.0,457.05,451.05,453.45,7464.0
2021-05-19 10:00:00,NSE:SMLISUZU,454.75,457.0,443.25,452.5,17553.0
2021-05-19 11:00:00,NSE:SMLISUZU,452.45,462.45,450.1,457.6,26440.0
2021-05-19 12:00:00,NSE:SMLISUZU,458.65,460.5,453.95,453.95,8372.0
2021-05-19 13:00:00,NSE:SMLISUZU,455.0,457.45,451.0,454.0,5866.0
2021-05-19 14:00:00,NSE:SMLISUZU,453.0,454.0,435.15,442.0,83780.0
2021-05-19 15:00:00,NSE:SMLISUZU,442.0,453.9,439.0,447.3,47447.0
2021-05-20 09:00:00,NSE:SMLISUZU,447.15,449.25,440.5,444.45,10386.0
2021-05-20 10:00:00,NSE:SMLISUZU,444.45,450.0,442.3,444.85,10503.0
2021-05-20 11:00:00,NSE:SMLISUZU,445.9,447.0,443.55,444.0,3957.0
2021-05-20 12:00:00,NSE:SMLISUZU,444.4,444.45,443.55,443.65,3540.0
2021-05-20 13:00:00,NSE:SMLISUZU,444.25,444.4,442.25,444.0,3226.0
2021-05-20 14:00:00,NSE:SMLISUZU,443.95,443.95,440.95,441.0,4024.0
2021-05-20 15:00:00,NSE:SMLISUZU,441.55,441.55,439.85,439.9,8052.0
2021-05-21 09:00:00,NSE:SMLISUZU,443.75,443.95,440.05,443.0,4136.0
2021-05-21 10:00:00,NSE:SMLISUZU,443.0,445.0,441.0,441.85,9101.0
2021-05-21 11:00:00,NSE:SMLISUZU,441.5,444.45,440.6,442.0,4304.0
2021-05-21 12:00:00,NSE:SMLISUZU,442.6,443.0,440.1,440.5,13635.0
2021-05-21 13:00:00,NSE:SMLISUZU,441.0,441.9,441.0,441.85,1969.0
2021-05-21 14:00:00,NSE:SMLISUZU,441.85,442.9,440.5,441.2,3528.0
2021-05-21 15:00:00,NSE:SMLISUZU,441.8,449.2,441.5,445.25,10628.0
2021-05-24 09:00:00,NSE:SMLISUZU,446.5,449.85,443.1,446.05,5643.0
2021-05-24 10:00:00,NSE:SMLISUZU,446.1,447.45,444.8,446.95,3957.0
2021-05-24 11:00:00,NSE:SMLISUZU,445.3,448.0,445.0,447.75,3839.0
2021-05-24 12:00:00,NSE:SMLISUZU,446.65,449.0,446.65,447.0,2730.0
2021-05-24 13:00:00,NSE:SMLISUZU,447.4,449.0,446.05,447.0,2194.0
2021-05-24 14:00:00,NSE:SMLISUZU,447.0,447.4,444.0,445.9,3944.0
2021-05-24 15:00:00,NSE:SMLISUZU,445.0,445.0,442.3,443.5,3687.0
2021-05-25 09:00:00,NSE:SMLISUZU,447.8,448.7,444.0,446.9,6224.0
2021-05-25 10:00:00,NSE:SMLISUZU,447.0,449.9,445.55,448.15,3815.0
2021-05-25 11:00:00,NSE:SMLISUZU,448.35,458.5,448.0,454.0,22816.0
2021-05-25 12:00:00,NSE:SMLISUZU,454.0,454.9,451.3,451.9,3433.0
2021-05-25 13:00:00,NSE:SMLISUZU,450.35,453.05,449.9,451.7,3467.0
2021-05-25 14:00:00,NSE:SMLISUZU,450.65,452.75,448.1,450.9,4415.0
2021-05-25 15:00:00,NSE:SMLISUZU,450.7,451.75,446.6,449.25,4915.0
2021-05-26 09:00:00,NSE:SMLISUZU,453.0,455.95,451.05,453.4,3896.0
2021-05-26 10:00:00,NSE:SMLISUZU,453.0,457.0,452.05,452.15,6812.0
2021-05-26 11:00:00,NSE:SMLISUZU,452.15,455.0,452.0,454.45,2020.0
2021-05-26 12:00:00,NSE:SMLISUZU,454.05,457.1,452.8,455.15,3983.0
2021-05-26 13:00:00,NSE:SMLISUZU,455.15,456.5,451.0,451.1,3941.0
2021-05-26 14:00:00,NSE:SMLISUZU,451.95,454.15,449.5,450.0,12641.0
2021-05-26 15:00:00,NSE:SMLISUZU,450.0,450.0,448.0,449.3,4523.0
2021-05-27 09:00:00,NSE:SMLISUZU,454.0,454.0,448.5,450.3,4689.0
2021-05-27 10:00:00,NSE:SMLISUZU,450.25,469.9,450.2,468.55,58302.0
2021-05-27 11:00:00,NSE:SMLISUZU,468.55,471.0,462.75,466.65,41641.0
2021-05-27 12:00:00,NSE:SMLISUZU,466.65,468.4,465.0,465.35,5797.0
2021-05-27 13:00:00,NSE:SMLISUZU,464.7,467.15,462.0,465.25,6869.0
2021-05-27 14:00:00,NSE:SMLISUZU,465.1,465.1,460.5,461.3,6612.0
2021-05-27 15:00:00,NSE:SMLISUZU,461.3,461.9,456.0,458.9,11954.0
2021-05-28 09:00:00,NSE:SMLISUZU,464.9,464.9,457.45,462.85,6193.0
2021-05-28 10:00:00,NSE:SMLISUZU,462.75,463.0,457.1,457.9,5294.0
2021-05-28 11:00:00,NSE:SMLISUZU,457.9,457.9,454.2,454.2,2000.0
2021-05-28 12:00:00,NSE:SMLISUZU,455.6,463.05,455.05,459.7,5329.0
2021-05-28 13:00:00,NSE:SMLISUZU,459.7,460.0,456.0,456.0,4352.0
2021-05-28 14:00:00,NSE:SMLISUZU,456.0,460.0,455.0,455.0,3671.0
2021-05-28 15:00:00,NSE:SMLISUZU,456.15,458.0,453.0,455.15,4796.0
2021-05-31 09:00:00,NSE:SMLISUZU,462.0,462.0,450.3,451.0,5753.0
2021-05-31 10:00:00,NSE:SMLISUZU,451.0,454.0,450.5,452.4,2657.0
2021-05-31 11:00:00,NSE:SMLISUZU,452.35,454.45,451.55,452.2,1759.0
2021-05-31 12:00:00,NSE:SMLISUZU,452.2,452.5,451.5,452.0,1164.0
2021-05-31 13:00:00,NSE:SMLISUZU,451.85,452.5,451.05,451.6,2018.0
2021-05-31 14:00:00,NSE:SMLISUZU,451.65,454.3,451.0,451.95,3635.0
2021-05-31 15:00:00,NSE:SMLISUZU,451.85,452.8,449.05,449.05,6852.0
2021-06-01 09:00:00,NSE:SMLISUZU,454.9,457.0,451.8,452.7,3348.0
2021-06-01 10:00:00,NSE:SMLISUZU,453.45,455.0,447.65,449.0,5086.0
2021-06-01 11:00:00,NSE:SMLISUZU,449.55,450.05,447.65,448.85,1712.0
2021-06-01 12:00:00,NSE:SMLISUZU,448.7,450.95,448.65,448.7,1994.0
2021-06-01 13:00:00,NSE:SMLISUZU,448.8,456.75,448.1,449.7,30091.0
2021-06-01 14:00:00,NSE:SMLISUZU,449.0,449.0,446.55,448.0,5044.0
2021-06-01 15:00:00,NSE:SMLISUZU,448.25,450.9,448.2,449.8,5732.0
2021-06-02 09:00:00,NSE:SMLISUZU,451.85,454.15,448.4,453.1,5514.0
2021-06-02 10:00:00,NSE:SMLISUZU,453.1,456.6,449.0,453.15,8326.0
2021-06-02 11:00:00,NSE:SMLISUZU,453.0,456.75,453.0,455.45,2559.0
2021-06-02 12:00:00,NSE:SMLISUZU,455.15,455.5,454.45,454.9,859.0
2021-06-02 13:00:00,NSE:SMLISUZU,455.0,455.2,453.15,454.95,1134.0
2021-06-02 14:00:00,NSE:SMLISUZU,454.6,457.0,454.2,456.95,2033.0
2021-06-02 15:00:00,NSE:SMLISUZU,455.75,456.55,451.3,456.0,5826.0
2021-06-03 09:00:00,NSE:SMLISUZU,457.5,457.5,454.15,455.8,2389.0
2021-06-03 10:00:00,NSE:SMLISUZU,455.5,459.0,454.9,455.25,5815.0
2021-06-03 11:00:00,NSE:SMLISUZU,455.95,457.85,455.55,457.7,4327.0
2021-06-03 12:00:00,NSE:SMLISUZU,457.6,464.75,456.85,462.0,19412.0
2021-06-03 13:00:00,NSE:SMLISUZU,461.2,462.75,460.0,461.0,4650.0
2021-06-03 14:00:00,NSE:SMLISUZU,462.0,462.0,460.0,461.2,6644.0
2021-06-03 15:00:00,NSE:SMLISUZU,460.0,461.0,460.0,460.25,3751.0
2021-06-04 09:00:00,NSE:SMLISUZU,464.0,465.6,458.15,461.1,7630.0
2021-06-04 10:00:00,NSE:SMLISUZU,461.0,461.95,456.7,460.0,5328.0
2021-06-04 11:00:00,NSE:SMLISUZU,460.85,462.0,457.15,458.05,3583.0
2021-06-04 12:00:00,NSE:SMLISUZU,458.2,460.25,457.05,457.05,1442.0
2021-06-04 13:00:00,NSE:SMLISUZU,456.55,457.7,455.3,455.6,2230.0
2021-06-04 14:00:00,NSE:SMLISUZU,456.35,457.4,455.65,457.0,1197.0
2021-06-04 15:00:00,NSE:SMLISUZU,457.0,459.0,456.0,457.05,4853.0
2021-06-07 09:00:00,NSE:SMLISUZU,462.65,463.8,455.1,460.45,9553.0
2021-06-07 10:00:00,NSE:SMLISUZU,460.5,461.6,458.05,459.4,5866.0
2021-06-07 11:00:00,NSE:SMLISUZU,458.6,468.15,458.6,467.4,13468.0
2021-06-07 12:00:00,NSE:SMLISUZU,467.45,467.75,459.75,463.75,8161.0
2021-06-07 13:00:00,NSE:SMLISUZU,463.85,489.0,463.85,486.8,102096.0
2021-06-07 14:00:00,NSE:SMLISUZU,487.0,490.15,479.4,483.0,73422.0
2021-06-07 15:00:00,NSE:SMLISUZU,483.65,485.0,475.4,480.3,24583.0
2021-06-08 09:00:00,NSE:SMLISUZU,484.1,488.85,472.5,472.55,18994.0
2021-06-08 10:00:00,NSE:SMLISUZU,472.05,473.15,469.2,473.15,7844.0
2021-06-08 11:00:00,NSE:SMLISUZU,472.4,476.2,471.5,475.75,5132.0
2021-06-08 12:00:00,NSE:SMLISUZU,475.8,478.5,473.35,477.0,2770.0
2021-06-08 13:00:00,NSE:SMLISUZU,477.0,482.75,476.05,481.95,6447.0
2021-06-08 14:00:00,NSE:SMLISUZU,481.15,482.95,480.25,480.25,6858.0
2021-06-08 15:00:00,NSE:SMLISUZU,480.25,481.15,477.55,479.45,5175.0
2021-06-09 09:00:00,NSE:SMLISUZU,490.05,500.0,485.7,493.8,85892.0
2021-06-09 10:00:00,NSE:SMLISUZU,493.45,494.95,488.5,491.45,27175.0
2021-06-09 11:00:00,NSE:SMLISUZU,491.8,495.7,491.45,494.05,16005.0
2021-06-09 12:00:00,NSE:SMLISUZU,493.3,494.75,490.0,491.95,8526.0
2021-06-09 13:00:00,NSE:SMLISUZU,491.95,491.95,481.1,486.15,26026.0
2021-06-09 14:00:00,NSE:SMLISUZU,486.0,487.3,478.0,482.15,20376.0
2021-06-09 15:00:00,NSE:SMLISUZU,482.1,484.0,482.0,483.25,9984.0
2021-06-10 09:00:00,NSE:SMLISUZU,488.6,494.65,486.05,491.0,19483.0
2021-06-10 10:00:00,NSE:SMLISUZU,490.6,499.9,490.6,494.0,30359.0
2021-06-10 11:00:00,NSE:SMLISUZU,494.05,495.1,491.3,495.05,8257.0
2021-06-10 12:00:00,NSE:SMLISUZU,495.05,495.4,491.85,492.1,3892.0
2021-06-10 13:00:00,NSE:SMLISUZU,492.0,494.2,487.0,489.0,8901.0
2021-06-10 14:00:00,NSE:SMLISUZU,489.0,489.0,484.0,487.4,12776.0
2021-06-10 15:00:00,NSE:SMLISUZU,487.5,490.0,484.5,486.75,8415.0
2021-06-11 09:00:00,NSE:SMLISUZU,491.9,498.7,490.8,492.55,19896.0
2021-06-11 10:00:00,NSE:SMLISUZU,492.05,494.0,490.2,491.55,6703.0
2021-06-11 11:00:00,NSE:SMLISUZU,490.55,492.6,487.25,489.0,2800.0
2021-06-11 12:00:00,NSE:SMLISUZU,489.7,490.65,485.5,489.3,2446.0
2021-06-11 13:00:00,NSE:SMLISUZU,490.0,490.3,487.45,488.0,3374.0
2021-06-11 14:00:00,NSE:SMLISUZU,488.0,490.0,487.45,489.0,3411.0
2021-06-11 15:00:00,NSE:SMLISUZU,489.95,490.0,486.0,487.8,5488.0
2021-06-14 09:00:00,NSE:SMLISUZU,489.9,492.1,471.7,482.5,9049.0
2021-06-14 10:00:00,NSE:SMLISUZU,481.4,485.35,480.25,482.45,4893.0
2021-06-14 11:00:00,NSE:SMLISUZU,483.15,483.25,481.0,482.5,1934.0
2021-06-14 12:00:00,NSE:SMLISUZU,483.05,483.05,481.0,483.0,2027.0
2021-06-14 13:00:00,NSE:SMLISUZU,483.05,483.3,480.0,482.95,1690.0
2021-06-14 14:00:00,NSE:SMLISUZU,482.35,484.0,482.0,484.0,2231.0
2021-06-14 15:00:00,NSE:SMLISUZU,484.0,484.95,483.1,483.1,3192.0
2021-06-15 09:00:00,NSE:SMLISUZU,485.25,490.0,483.0,483.0,5814.0
2021-06-15 10:00:00,NSE:SMLISUZU,483.0,484.85,482.1,483.45,4444.0
2021-06-15 11:00:00,NSE:SMLISUZU,482.9,485.45,482.5,483.15,1549.0
2021-06-15 12:00:00,NSE:SMLISUZU,484.0,484.0,482.9,483.35,2072.0
2021-06-15 13:00:00,NSE:SMLISUZU,483.2,485.0,482.5,482.5,3288.0
2021-06-15 14:00:00,NSE:SMLISUZU,482.55,483.3,482.1,482.6,2791.0
2021-06-15 15:00:00,NSE:SMLISUZU,482.5,483.2,482.1,482.1,3056.0
2021-06-16 09:00:00,NSE:SMLISUZU,487.0,490.0,482.0,486.15,5096.0
2021-06-16 10:00:00,NSE:SMLISUZU,486.05,486.05,480.0,480.1,3053.0
2021-06-16 11:00:00,NSE:SMLISUZU,480.1,480.9,476.0,479.05,2866.0
2021-06-16 12:00:00,NSE:SMLISUZU,479.6,479.65,477.05,478.7,1768.0
2021-06-16 13:00:00,NSE:SMLISUZU,478.6,479.8,478.0,479.2,1093.0
2021-06-16 14:00:00,NSE:SMLISUZU,479.25,479.8,478.0,478.5,1096.0
2021-06-16 15:00:00,NSE:SMLISUZU,478.5,480.0,476.0,476.95,3855.0
2021-06-17 09:00:00,NSE:SMLISUZU,470.15,478.45,470.15,474.8,3751.0
2021-06-17 10:00:00,NSE:SMLISUZU,473.85,480.65,473.85,478.0,4188.0
2021-06-17 11:00:00,NSE:SMLISUZU,478.25,483.65,474.45,475.8,14590.0
2021-06-17 12:00:00,NSE:SMLISUZU,476.9,480.4,475.75,479.8,1249.0
2021-06-17 13:00:00,NSE:SMLISUZU,479.55,479.55,475.7,475.7,1731.0
2021-06-17 14:00:00,NSE:SMLISUZU,475.3,475.4,467.0,468.05,7007.0
2021-06-17 15:00:00,NSE:SMLISUZU,468.4,470.0,465.4,469.0,4355.0
2021-06-18 09:00:00,NSE:SMLISUZU,472.0,472.65,462.1,462.25,4986.0
2021-06-18 10:00:00,NSE:SMLISUZU,462.95,466.05,452.3,452.3,7251.0
2021-06-18 11:00:00,NSE:SMLISUZU,452.3,462.95,452.3,460.45,6381.0
2021-06-18 12:00:00,NSE:SMLISUZU,460.45,461.6,458.0,459.9,1795.0
2021-06-18 13:00:00,NSE:SMLISUZU,460.95,461.0,456.3,460.95,1553.0
2021-06-18 14:00:00,NSE:SMLISUZU,461.0,465.95,460.95,463.7,3494.0
2021-06-18 15:00:00,NSE:SMLISUZU,463.7,466.0,462.0,464.05,2977.0
2021-06-21 09:00:00,NSE:SMLISUZU,458.1,458.7,452.0,457.65,7575.0
2021-06-21 10:00:00,NSE:SMLISUZU,457.55,459.4,456.05,459.4,1706.0
2021-06-21 11:00:00,NSE:SMLISUZU,458.65,459.0,455.35,457.85,1997.0
2021-06-21 12:00:00,NSE:SMLISUZU,458.4,459.95,455.95,458.25,11422.0
2021-06-21 13:00:00,NSE:SMLISUZU,458.0,464.55,455.0,456.15,13451.0
2021-06-21 14:00:00,NSE:SMLISUZU,457.55,460.95,457.0,460.25,2445.0
2021-06-21 15:00:00,NSE:SMLISUZU,460.0,461.0,456.5,459.95,4765.0
2021-06-22 09:00:00,NSE:SMLISUZU,465.0,465.5,461.0,465.1,8217.0
2021-06-22 10:00:00,NSE:SMLISUZU,465.1,469.7,465.0,465.25,7217.0
2021-06-22 11:00:00,NSE:SMLISUZU,465.25,476.6,462.8,469.35,12690.0
2021-06-22 12:00:00,NSE:SMLISUZU,469.5,472.7,469.15,471.95,5220.0
2021-06-22 13:00:00,NSE:SMLISUZU,472.25,472.3,465.4,466.65,4844.0
2021-06-22 14:00:00,NSE:SMLISUZU,466.85,471.4,465.0,468.9,5928.0
2021-06-22 15:00:00,NSE:SMLISUZU,468.2,470.0,465.05,467.8,3310.0
2021-06-23 09:00:00,NSE:SMLISUZU,469.95,471.95,466.65,468.95,3127.0
2021-06-23 10:00:00,NSE:SMLISUZU,469.1,472.15,469.0,470.9,5307.0
2021-06-23 11:00:00,NSE:SMLISUZU,471.75,491.0,469.4,481.45,27952.0
2021-06-23 12:00:00,NSE:SMLISUZU,479.85,483.25,475.7,480.75,5770.0
2021-06-23 13:00:00,NSE:SMLISUZU,481.65,482.5,477.15,479.55,3386.0
2021-06-23 14:00:00,NSE:SMLISUZU,479.55,481.55,473.65,475.7,4511.0
2021-06-23 15:00:00,NSE:SMLISUZU,475.0,480.0,474.0,475.9,15582.0
2021-06-24 09:00:00,NSE:SMLISUZU,480.0,480.5,473.75,473.75,4613.0
2021-06-24 10:00:00,NSE:SMLISUZU,474.25,477.7,471.75,475.0,2682.0
2021-06-24 11:00:00,NSE:SMLISUZU,474.0,475.3,473.05,473.8,1360.0
2021-06-24 12:00:00,NSE:SMLISUZU,474.0,474.0,472.45,472.8,929.0
2021-06-24 13:00:00,NSE:SMLISUZU,472.8,473.4,470.1,470.35,2615.0
2021-06-24 14:00:00,NSE:SMLISUZU,470.45,470.45,468.05,468.75,1553.0
2021-06-24 15:00:00,NSE:SMLISUZU,468.85,470.0,468.0,468.5,3221.0
2021-06-25 09:00:00,NSE:SMLISUZU,468.0,477.5,468.0,470.75,7305.0
2021-06-25 10:00:00,NSE:SMLISUZU,470.75,473.0,469.2,471.2,2380.0
2021-06-25 11:00:00,NSE:SMLISUZU,471.2,472.0,469.85,471.35,3078.0
2021-06-25 12:00:00,NSE:SMLISUZU,471.4,471.7,467.7,469.2,4084.0
2021-06-25 13:00:00,NSE:SMLISUZU,469.95,470.5,466.8,470.1,1731.0
2021-06-25 14:00:00,NSE:SMLISUZU,469.3,471.95,468.0,468.55,3144.0
2021-06-25 15:00:00,NSE:SMLISUZU,468.55,469.6,465.0,467.35,3297.0
2021-06-28 09:00:00,NSE:SMLISUZU,468.0,471.9,467.25,468.3,4652.0
2021-06-28 10:00:00,NSE:SMLISUZU,469.0,469.6,467.1,468.95,2557.0
2021-06-28 11:00:00,NSE:SMLISUZU,469.7,473.3,469.0,469.3,2397.0
2021-06-28 12:00:00,NSE:SMLISUZU,469.25,470.3,468.1,469.75,628.0
2021-06-28 13:00:00,NSE:SMLISUZU,469.1,471.0,467.3,468.1,1878.0
2021-06-28 14:00:00,NSE:SMLISUZU,468.6,469.95,468.0,468.0,1403.0
2021-06-28 15:00:00,NSE:SMLISUZU,468.35,468.8,465.4,467.5,4083.0
2021-06-29 09:00:00,NSE:SMLISUZU,470.6,474.7,467.05,468.7,5775.0
2021-06-29 10:00:00,NSE:SMLISUZU,469.6,473.3,467.7,469.8,3761.0
2021-06-29 11:00:00,NSE:SMLISUZU,469.8,469.8,468.2,468.25,605.0
2021-06-29 12:00:00,NSE:SMLISUZU,468.25,469.55,467.8,468.6,695.0
2021-06-29 13:00:00,NSE:SMLISUZU,468.05,469.45,467.95,468.0,651.0
2021-06-29 14:00:00,NSE:SMLISUZU,467.75,467.75,462.0,462.8,5089.0
2021-06-29 15:00:00,NSE:SMLISUZU,462.5,464.7,462.05,463.15,1641.0
2021-06-30 09:00:00,NSE:SMLISUZU,463.25,466.8,463.25,464.95,2100.0
2021-06-30 10:00:00,NSE:SMLISUZU,463.6,466.15,460.5,464.05,5531.0
2021-06-30 11:00:00,NSE:SMLISUZU,464.05,469.1,464.05,465.8,2736.0
2021-06-30 12:00:00,NSE:SMLISUZU,465.7,465.7,463.5,463.5,1372.0
2021-06-30 13:00:00,NSE:SMLISUZU,463.95,464.0,462.4,462.95,1730.0
2021-06-30 14:00:00,NSE:SMLISUZU,463.45,464.0,462.5,462.55,1268.0
2021-06-30 15:00:00,NSE:SMLISUZU,462.3,464.0,461.0,463.75,3718.0
2021-07-01 09:00:00,NSE:SMLISUZU,464.0,468.45,463.35,465.9,4596.0
2021-07-01 10:00:00,NSE:SMLISUZU,465.9,499.0,464.7,485.05,149250.0
2021-07-01 11:00:00,NSE:SMLISUZU,484.45,494.0,484.3,485.8,55361.0
2021-07-01 12:00:00,NSE:SMLISUZU,486.55,489.8,485.3,489.6,15279.0
2021-07-01 13:00:00,NSE:SMLISUZU,490.0,494.0,476.55,482.4,68598.0
2021-07-01 14:00:00,NSE:SMLISUZU,482.0,482.4,473.95,476.55,30475.0
2021-07-01 15:00:00,NSE:SMLISUZU,476.75,476.8,472.7,474.55,18362.0
2021-07-02 09:00:00,NSE:SMLISUZU,479.0,479.0,471.05,473.1,14092.0
2021-07-02 10:00:00,NSE:SMLISUZU,473.7,477.4,472.6,472.6,5883.0
2021-07-02 11:00:00,NSE:SMLISUZU,472.95,474.8,472.25,473.65,1875.0
2021-07-02 12:00:00,NSE:SMLISUZU,474.55,475.05,472.3,473.8,2174.0
2021-07-02 13:00:00,NSE:SMLISUZU,473.2,476.25,472.9,475.0,3870.0
2021-07-02 14:00:00,NSE:SMLISUZU,475.3,488.5,474.0,478.5,18824.0
2021-07-02 15:00:00,NSE:SMLISUZU,478.5,479.0,475.5,477.05,10190.0
2021-07-05 09:00:00,NSE:SMLISUZU,482.0,482.8,476.05,479.9,7121.0
2021-07-05 10:00:00,NSE:SMLISUZU,480.5,480.95,476.35,477.95,3601.0
2021-07-05 11:00:00,NSE:SMLISUZU,478.4,478.75,476.25,476.75,2897.0
2021-07-05 12:00:00,NSE:SMLISUZU,476.75,477.1,475.0,475.4,4086.0
2021-07-05 13:00:00,NSE:SMLISUZU,475.4,476.15,473.0,473.65,2783.0
2021-07-05 14:00:00,NSE:SMLISUZU,473.75,475.5,472.2,473.0,3828.0
2021-07-05 15:00:00,NSE:SMLISUZU,473.0,473.5,472.0,472.35,4627.0
2021-07-06 09:00:00,NSE:SMLISUZU,472.8,494.0,472.8,486.4,44684.0
2021-07-06 10:00:00,NSE:SMLISUZU,486.7,511.0,485.95,508.15,187476.0
2021-07-06 11:00:00,NSE:SMLISUZU,508.0,516.0,497.3,505.35,146128.0
2021-07-06 12:00:00,NSE:SMLISUZU,505.7,507.05,495.7,499.5,41380.0
2021-07-06 13:00:00,NSE:SMLISUZU,499.0,521.35,498.3,508.0,142651.0
2021-07-06 14:00:00,NSE:SMLISUZU,507.05,519.0,492.5,496.75,118018.0
2021-07-06 15:00:00,NSE:SMLISUZU,495.0,497.0,492.35,494.1,35008.0
2021-07-07 09:00:00,NSE:SMLISUZU,494.0,497.65,488.5,491.15,34608.0
2021-07-07 10:00:00,NSE:SMLISUZU,491.2,494.1,490.0,493.0,6575.0
2021-07-07 11:00:00,NSE:SMLISUZU,493.5,494.75,492.0,492.0,8979.0
2021-07-07 12:00:00,NSE:SMLISUZU,492.3,492.5,488.0,490.2,4475.0
2021-07-07 13:00:00,NSE:SMLISUZU,490.0,490.4,487.95,490.0,3407.0
2021-07-07 14:00:00,NSE:SMLISUZU,489.7,492.05,485.4,488.7,5657.0
2021-07-07 15:00:00,NSE:SMLISUZU,487.9,493.5,485.45,489.8,9925.0
2021-07-08 09:00:00,NSE:SMLISUZU,491.7,509.15,487.05,507.95,39450.0
2021-07-08 10:00:00,NSE:SMLISUZU,507.1,518.0,503.95,509.0,60512.0
2021-07-08 11:00:00,NSE:SMLISUZU,509.0,510.0,502.55,503.85,17088.0
2021-07-08 12:00:00,NSE:SMLISUZU,503.75,505.7,499.0,499.7,14863.0
2021-07-08 13:00:00,NSE:SMLISUZU,499.25,502.6,496.2,496.8,8307.0
2021-07-08 14:00:00,NSE:SMLISUZU,496.65,497.85,491.0,496.0,15755.0
2021-07-08 15:00:00,NSE:SMLISUZU,496.0,497.0,492.6,495.15,11624.0
2021-07-09 09:00:00,NSE:SMLISUZU,495.0,509.7,491.7,507.0,25042.0
2021-07-09 10:00:00,NSE:SMLISUZU,507.0,509.7,505.0,505.0,12980.0
2021-07-09 11:00:00,NSE:SMLISUZU,505.75,505.75,500.15,500.6,6985.0
2021-07-09 12:00:00,NSE:SMLISUZU,501.1,502.0,500.25,501.55,3204.0
2021-07-09 13:00:00,NSE:SMLISUZU,501.05,501.95,497.2,500.15,5151.0
2021-07-09 14:00:00,NSE:SMLISUZU,500.75,501.9,498.35,501.0,4904.0
2021-07-09 15:00:00,NSE:SMLISUZU,501.05,504.5,500.1,500.95,15109.0
2021-07-12 09:00:00,NSE:SMLISUZU,505.3,528.15,503.8,522.15,61217.0
2021-07-12 10:00:00,NSE:SMLISUZU,522.1,531.0,518.0,528.0,105623.0
2021-07-12 11:00:00,NSE:SMLISUZU,528.45,563.7,523.3,561.4,341155.0
2021-07-12 12:00:00,NSE:SMLISUZU,561.4,574.0,547.7,571.65,316685.0
2021-07-12 13:00:00,NSE:SMLISUZU,571.0,593.0,568.4,571.55,328406.0
2021-07-12 14:00:00,NSE:SMLISUZU,571.55,601.1,566.0,601.1,317581.0
2021-07-12 15:00:00,NSE:SMLISUZU,601.1,601.1,590.0,598.0,247442.0
2021-07-13 09:00:00,NSE:SMLISUZU,614.0,678.8,606.25,666.05,1583390.0
2021-07-13 10:00:00,NSE:SMLISUZU,666.05,692.0,666.0,675.95,825858.0
2021-07-13 11:00:00,NSE:SMLISUZU,675.95,696.85,673.25,677.75,493944.0
2021-07-13 12:00:00,NSE:SMLISUZU,676.8,677.75,652.35,653.4,362643.0
2021-07-13 13:00:00,NSE:SMLISUZU,653.25,663.0,637.8,642.8,245189.0
2021-07-13 14:00:00,NSE:SMLISUZU,642.05,644.9,621.15,625.95,280053.0
2021-07-13 15:00:00,NSE:SMLISUZU,626.05,633.55,620.05,629.45,196695.0
2021-07-14 09:00:00,NSE:SMLISUZU,629.45,644.0,620.0,628.2,137695.0
2021-07-14 10:00:00,NSE:SMLISUZU,629.0,635.0,625.0,627.55,52936.0
2021-07-14 11:00:00,NSE:SMLISUZU,627.95,633.0,623.0,631.2,26910.0
2021-07-14 12:00:00,NSE:SMLISUZU,630.05,632.9,622.1,625.05,16494.0
2021-07-14 13:00:00,NSE:SMLISUZU,625.05,628.0,616.0,619.05,19358.0
2021-07-14 14:00:00,NSE:SMLISUZU,619.15,619.9,610.1,612.55,27969.0
2021-07-14 15:00:00,NSE:SMLISUZU,612.95,619.15,612.6,616.3,34157.0
2021-07-15 09:00:00,NSE:SMLISUZU,619.8,627.2,610.0,619.3,39351.0
2021-07-15 10:00:00,NSE:SMLISUZU,619.0,622.95,616.2,619.0,9730.0
2021-07-15 11:00:00,NSE:SMLISUZU,618.6,630.0,614.4,614.9,38392.0
2021-07-15 12:00:00,NSE:SMLISUZU,615.8,619.95,612.0,612.0,7636.0
2021-07-15 13:00:00,NSE:SMLISUZU,612.5,613.95,610.05,612.75,5733.0
2021-07-15 14:00:00,NSE:SMLISUZU,612.7,617.85,606.0,613.3,12662.0
2021-07-15 15:00:00,NSE:SMLISUZU,613.35,618.0,607.1,610.8,13527.0
2021-07-16 09:00:00,NSE:SMLISUZU,615.0,618.4,606.0,611.0,13800.0
2021-07-16 10:00:00,NSE:SMLISUZU,611.0,611.8,606.1,607.55,8183.0
2021-07-16 11:00:00,NSE:SMLISUZU,607.55,610.25,602.0,607.0,11495.0
2021-07-16 12:00:00,NSE:SMLISUZU,607.0,607.0,600.2,602.6,7000.0
2021-07-16 13:00:00,NSE:SMLISUZU,602.0,604.9,601.0,601.2,8689.0
2021-07-16 14:00:00,NSE:SMLISUZU,602.0,604.85,601.0,604.0,4758.0
2021-07-16 15:00:00,NSE:SMLISUZU,604.0,611.9,602.0,605.3,16123.0
2021-07-19 09:00:00,NSE:SMLISUZU,596.0,600.0,589.0,593.7,20500.0
2021-07-19 10:00:00,NSE:SMLISUZU,593.7,607.0,592.0,597.0,20898.0
2021-07-19 11:00:00,NSE:SMLISUZU,596.5,608.6,595.0,601.5,16850.0
2021-07-19 12:00:00,NSE:SMLISUZU,602.0,602.0,595.0,595.05,9503.0
2021-07-19 13:00:00,NSE:SMLISUZU,595.05,599.75,591.0,593.95,8953.0
2021-07-19 14:00:00,NSE:SMLISUZU,594.8,595.0,589.15,591.5,7038.0
2021-07-19 15:00:00,NSE:SMLISUZU,591.5,592.9,588.0,590.2,13082.0
2021-07-20 09:00:00,NSE:SMLISUZU,593.0,596.25,578.0,583.0,15057.0
2021-07-20 10:00:00,NSE:SMLISUZU,584.0,593.0,573.2,573.55,15934.0
2021-07-20 11:00:00,NSE:SMLISUZU,575.0,578.0,565.9,575.0,12683.0
2021-07-20 12:00:00,NSE:SMLISUZU,575.0,577.05,572.15,575.2,4154.0
2021-07-20 13:00:00,NSE:SMLISUZU,575.2,581.0,572.1,580.85,9544.0
2021-07-20 14:00:00,NSE:SMLISUZU,580.8,581.05,576.4,577.05,7302.0
2021-07-20 15:00:00,NSE:SMLISUZU,576.75,578.8,570.0,572.65,6291.0
2021-07-22 09:00:00,NSE:SMLISUZU,575.55,583.95,575.55,581.3,7151.0
2021-07-22 10:00:00,NSE:SMLISUZU,581.35,606.0,579.0,601.5,38096.0
2021-07-22 11:00:00,NSE:SMLISUZU,601.1,601.5,590.7,591.9,11382.0
2021-07-22 12:00:00,NSE:SMLISUZU,591.95,595.0,591.95,593.75,3630.0
2021-07-22 13:00:00,NSE:SMLISUZU,593.75,598.0,590.6,593.25,4075.0
2021-07-22 14:00:00,NSE:SMLISUZU,592.45,593.25,586.0,586.7,7729.0
2021-07-22 15:00:00,NSE:SMLISUZU,588.1,589.0,584.4,586.3,7706.0
2021-07-23 09:00:00,NSE:SMLISUZU,590.15,592.55,579.8,584.2,12683.0
2021-07-23 10:00:00,NSE:SMLISUZU,583.75,584.35,580.0,581.95,5078.0
2021-07-23 11:00:00,NSE:SMLISUZU,581.2,583.7,579.0,579.7,3573.0
2021-07-23 12:00:00,NSE:SMLISUZU,580.0,581.6,579.7,579.7,1047.0
2021-07-23 13:00:00,NSE:SMLISUZU,579.0,581.4,579.0,580.5,1206.0
2021-07-23 14:00:00,NSE:SMLISUZU,581.3,581.5,575.15,576.35,4219.0
2021-07-23 15:00:00,NSE:SMLISUZU,577.0,577.0,565.0,571.4,10452.0
