datetime,symbol,open,high,low,close,volume
2017-06-22 15:00:00,NSE:TIMESGTY,31.5,31.5,31.5,31.5,57.0
2017-06-23 09:00:00,NSE:TIMESGTY,32.9,32.9,32.9,32.9,5.0
2017-06-23 10:00:00,NSE:TIMESGTY,31.95,31.95,31.95,31.95,2.0
2017-06-23 11:00:00,NSE:TIMESGTY,30.5,30.5,29.65,29.65,1443.0
2017-06-23 12:00:00,NSE:TIMESGTY,31.9,31.9,31.9,31.9,7.0
2017-06-23 15:00:00,NSE:TIMESGTY,30.2,31.85,30.2,31.85,4.0
2017-06-27 10:00:00,NSE:TIMESGTY,33.9,33.9,33.9,33.9,1.0
2017-06-27 11:00:00,NSE:TIMESGTY,33.0,33.0,31.05,32.45,25.0
2017-06-27 12:00:00,NSE:TIMESGTY,31.0,32.45,31.0,32.45,101.0
2017-06-27 13:00:00,NSE:TIMESGTY,28.7,32.45,28.7,32.45,171.0
2017-06-27 14:00:00,NSE:TIMESGTY,28.95,32.45,28.95,30.45,46.0
2017-06-27 15:00:00,NSE:TIMESGTY,30.45,30.5,30.45,30.5,420.0
2017-06-28 10:00:00,NSE:TIMESGTY,30.5,32.9,30.5,32.9,388.0
2017-06-28 11:00:00,NSE:TIMESGTY,29.05,29.05,29.05,29.05,16.0
2017-06-28 13:00:00,NSE:TIMESGTY,29.2,29.2,29.2,29.2,45.0
2017-06-28 15:00:00,NSE:TIMESGTY,32.4,32.4,32.4,32.4,7.0
2017-06-29 10:00:00,NSE:TIMESGTY,32.35,32.35,32.35,32.35,2.0
2017-06-29 13:00:00,NSE:TIMESGTY,32.35,32.35,29.9,32.2,5.0
2017-06-29 15:00:00,NSE:TIMESGTY,32.2,32.2,32.2,32.2,3.0
2017-06-30 09:00:00,NSE:TIMESGTY,32.15,32.15,29.05,29.05,221.0
2017-06-30 10:00:00,NSE:TIMESGTY,30.0,30.05,30.0,30.05,1120.0
2017-06-30 11:00:00,NSE:TIMESGTY,30.1,30.1,30.1,30.1,508.0
2017-06-30 14:00:00,NSE:TIMESGTY,30.15,35.4,30.15,35.4,1025.0
2017-06-30 15:00:00,NSE:TIMESGTY,30.35,33.8,30.35,33.8,1016.0
2017-07-03 09:00:00,NSE:TIMESGTY,30.55,30.55,30.55,30.55,120.0
2017-07-03 10:00:00,NSE:TIMESGTY,30.55,33.15,30.55,33.15,185.0
2017-07-03 11:00:00,NSE:TIMESGTY,32.8,33.15,32.8,33.15,300.0
2017-07-03 13:00:00,NSE:TIMESGTY,30.0,31.0,30.0,31.0,711.0
2017-07-03 14:00:00,NSE:TIMESGTY,30.6,30.6,30.6,30.6,50.0
2017-07-03 15:00:00,NSE:TIMESGTY,32.9,32.9,32.9,32.9,6.0
2017-07-04 09:00:00,NSE:TIMESGTY,33.0,33.85,30.8,30.85,330.0
2017-07-04 11:00:00,NSE:TIMESGTY,33.8,33.8,33.8,33.8,5.0
2017-07-04 12:00:00,NSE:TIMESGTY,31.25,31.25,31.25,31.25,100.0
2017-07-04 15:00:00,NSE:TIMESGTY,33.45,33.45,33.45,33.45,5.0
2017-07-05 09:00:00,NSE:TIMESGTY,34.95,34.95,34.9,34.9,420.0
2017-07-05 11:00:00,NSE:TIMESGTY,31.2,31.2,31.2,31.2,400.0
2017-07-05 12:00:00,NSE:TIMESGTY,33.75,33.75,31.2,32.9,2531.0
2017-07-05 15:00:00,NSE:TIMESGTY,31.4,31.4,31.4,31.4,20.0
2017-07-06 09:00:00,NSE:TIMESGTY,29.0,31.85,29.0,31.55,2140.0
2017-07-06 11:00:00,NSE:TIMESGTY,31.55,31.55,31.55,31.55,60.0
2017-07-06 13:00:00,NSE:TIMESGTY,31.9,31.9,31.9,31.9,100.0
2017-07-06 14:00:00,NSE:TIMESGTY,31.6,31.6,31.6,31.6,25.0
2017-07-06 15:00:00,NSE:TIMESGTY,32.0,32.0,32.0,32.0,26.0
2017-07-07 09:00:00,NSE:TIMESGTY,34.9,34.9,29.0,31.1,3734.0
2017-07-07 10:00:00,NSE:TIMESGTY,31.1,31.55,31.1,31.55,46.0
2017-07-07 11:00:00,NSE:TIMESGTY,31.2,31.2,31.2,31.2,160.0
2017-07-07 12:00:00,NSE:TIMESGTY,31.8,31.8,31.2,31.2,42.0
2017-07-07 14:00:00,NSE:TIMESGTY,31.2,31.2,31.0,31.0,1293.0
2017-07-07 15:00:00,NSE:TIMESGTY,31.45,31.45,31.45,31.45,76.0
2017-07-10 14:00:00,NSE:TIMESGTY,33.5,33.5,33.5,33.5,300.0
2017-07-10 15:00:00,NSE:TIMESGTY,33.4,33.4,33.4,33.4,250.0
2017-07-11 09:00:00,NSE:TIMESGTY,33.5,33.5,33.5,33.5,10.0
2017-07-11 10:00:00,NSE:TIMESGTY,33.1,33.1,33.1,33.1,50.0
2017-07-11 11:00:00,NSE:TIMESGTY,31.2,31.2,31.2,31.2,95.0
2017-07-11 13:00:00,NSE:TIMESGTY,31.35,31.35,31.35,31.35,200.0
2017-07-11 15:00:00,NSE:TIMESGTY,32.75,32.75,32.75,32.75,15.0
2017-07-12 09:00:00,NSE:TIMESGTY,30.2,32.7,30.2,32.7,760.0
2017-07-12 11:00:00,NSE:TIMESGTY,29.6,29.6,29.6,29.6,1001.0
2017-07-12 12:00:00,NSE:TIMESGTY,31.0,31.0,31.0,31.0,75.0
2017-07-12 13:00:00,NSE:TIMESGTY,31.0,31.0,31.0,31.0,50.0
2017-07-12 14:00:00,NSE:TIMESGTY,31.05,31.55,31.0,31.0,700.0
2017-07-12 15:00:00,NSE:TIMESGTY,32.15,32.15,31.0,31.0,633.0
2017-07-13 10:00:00,NSE:TIMESGTY,32.6,33.7,30.35,31.95,40815.0
2017-07-13 11:00:00,NSE:TIMESGTY,31.15,34.0,31.0,32.9,31402.0
2017-07-13 12:00:00,NSE:TIMESGTY,32.4,32.4,32.4,32.4,50.0
2017-07-13 13:00:00,NSE:TIMESGTY,33.5,33.9,33.1,33.1,2226.0
2017-07-13 14:00:00,NSE:TIMESGTY,33.1,33.5,32.8,33.0,1175.0
2017-07-13 15:00:00,NSE:TIMESGTY,33.3,34.2,33.3,34.2,2585.0
2017-07-14 09:00:00,NSE:TIMESGTY,36.0,36.65,34.0,34.9,1419.0
2017-07-14 10:00:00,NSE:TIMESGTY,34.8,34.8,33.95,34.5,1385.0
2017-07-14 11:00:00,NSE:TIMESGTY,32.0,34.0,32.0,34.0,1044.0
2017-07-14 12:00:00,NSE:TIMESGTY,35.0,35.45,35.0,35.45,2005.0
2017-07-14 14:00:00,NSE:TIMESGTY,34.0,34.85,34.0,34.85,490.0
2017-07-14 15:00:00,NSE:TIMESGTY,34.05,34.85,34.05,34.8,331.0
2017-07-17 09:00:00,NSE:TIMESGTY,32.55,34.8,32.55,34.0,107.0
2017-07-17 10:00:00,NSE:TIMESGTY,32.75,32.75,32.75,32.75,30.0
2017-07-17 12:00:00,NSE:TIMESGTY,34.8,34.8,34.8,34.8,2250.0
2017-07-17 13:00:00,NSE:TIMESGTY,35.0,35.5,35.0,35.5,103.0
2017-07-17 14:00:00,NSE:TIMESGTY,34.8,35.45,34.8,34.8,986.0
2017-07-17 15:00:00,NSE:TIMESGTY,35.0,35.0,34.0,34.0,1510.0
2017-07-18 09:00:00,NSE:TIMESGTY,34.0,34.0,34.0,34.0,1100.0
2017-07-18 12:00:00,NSE:TIMESGTY,34.0,37.3,34.0,37.3,550.0
2017-07-18 14:00:00,NSE:TIMESGTY,34.4,34.4,34.4,34.4,5.0
2017-07-18 15:00:00,NSE:TIMESGTY,36.0,36.8,36.0,36.8,174.0
2017-07-19 09:00:00,NSE:TIMESGTY,37.25,37.3,35.2,35.2,2252.0
2017-07-19 10:00:00,NSE:TIMESGTY,35.9,35.95,35.85,35.95,52.0
2017-07-19 12:00:00,NSE:TIMESGTY,35.7,35.7,35.7,35.7,30.0
2017-07-19 13:00:00,NSE:TIMESGTY,35.0,35.7,35.0,35.7,589.0
2017-07-19 15:00:00,NSE:TIMESGTY,35.5,36.3,35.0,36.3,771.0
2017-07-20 09:00:00,NSE:TIMESGTY,36.0,36.0,36.0,36.0,1.0
2017-07-20 10:00:00,NSE:TIMESGTY,35.05,35.05,34.2,34.2,200.0
2017-07-20 11:00:00,NSE:TIMESGTY,38.7,38.7,36.0,36.0,1153.0
2017-07-20 12:00:00,NSE:TIMESGTY,35.95,35.95,35.95,35.95,10.0
2017-07-20 13:00:00,NSE:TIMESGTY,35.0,35.0,35.0,35.0,100.0
2017-07-20 14:00:00,NSE:TIMESGTY,35.0,35.0,35.0,35.0,325.0
2017-07-20 15:00:00,NSE:TIMESGTY,34.5,35.95,34.4,35.25,187.0
2017-07-21 09:00:00,NSE:TIMESGTY,35.25,38.0,32.15,36.85,1163.0
2017-07-21 10:00:00,NSE:TIMESGTY,34.95,35.95,34.95,35.95,101.0
2017-07-21 11:00:00,NSE:TIMESGTY,34.9,35.75,34.1,34.1,476.0
2017-07-21 12:00:00,NSE:TIMESGTY,34.1,36.85,33.85,33.95,499.0
2017-07-21 13:00:00,NSE:TIMESGTY,35.0,35.0,35.0,35.0,2.0
2017-07-21 14:00:00,NSE:TIMESGTY,35.45,35.45,35.45,35.45,100.0
2017-07-21 15:00:00,NSE:TIMESGTY,34.1,34.1,34.1,34.1,98.0
2017-07-24 09:00:00,NSE:TIMESGTY,36.9,36.9,36.9,36.9,200.0
2017-07-24 10:00:00,NSE:TIMESGTY,36.7,36.7,36.7,36.7,1.0
2017-07-24 11:00:00,NSE:TIMESGTY,34.75,34.75,34.15,34.15,601.0
2017-07-24 13:00:00,NSE:TIMESGTY,34.25,35.4,34.25,35.4,101.0
2017-07-24 14:00:00,NSE:TIMESGTY,35.35,35.35,34.5,34.5,1150.0
2017-07-25 10:00:00,NSE:TIMESGTY,34.5,35.25,34.5,34.5,175.0
2017-07-25 11:00:00,NSE:TIMESGTY,34.5,34.5,34.5,34.5,50.0
2017-07-25 12:00:00,NSE:TIMESGTY,34.5,34.5,34.5,34.5,776.0
2017-07-25 13:00:00,NSE:TIMESGTY,34.95,34.95,34.95,34.95,101.0
2017-07-25 14:00:00,NSE:TIMESGTY,33.1,33.1,32.95,32.95,100.0
2017-07-25 15:00:00,NSE:TIMESGTY,34.95,34.95,34.95,34.95,100.0
2017-07-26 09:00:00,NSE:TIMESGTY,35.9,35.9,33.0,35.7,300.0
2017-07-26 11:00:00,NSE:TIMESGTY,33.25,34.6,33.15,33.2,446.0
2017-07-26 12:00:00,NSE:TIMESGTY,34.0,34.0,34.0,34.0,501.0
2017-07-26 13:00:00,NSE:TIMESGTY,34.0,34.0,34.0,34.0,145.0
2017-07-26 14:00:00,NSE:TIMESGTY,34.0,34.6,34.0,34.6,700.0
2017-07-27 10:00:00,NSE:TIMESGTY,34.9,34.9,34.9,34.9,90.0
2017-07-27 11:00:00,NSE:TIMESGTY,35.0,35.0,34.95,34.95,111.0
2017-07-27 12:00:00,NSE:TIMESGTY,33.25,33.25,33.25,33.25,3.0
2017-07-27 13:00:00,NSE:TIMESGTY,33.15,34.45,32.35,34.45,387.0
2017-07-27 14:00:00,NSE:TIMESGTY,32.95,35.0,32.95,32.95,650.0
2017-07-27 15:00:00,NSE:TIMESGTY,34.95,34.95,34.95,34.95,4.0
2017-07-28 09:00:00,NSE:TIMESGTY,36.0,36.0,34.9,35.0,200.0
2017-07-28 10:00:00,NSE:TIMESGTY,33.3,34.0,33.3,34.0,55.0
2017-07-28 11:00:00,NSE:TIMESGTY,33.25,33.25,33.25,33.25,46.0
2017-07-28 12:00:00,NSE:TIMESGTY,33.05,33.05,33.0,33.0,551.0
2017-07-28 13:00:00,NSE:TIMESGTY,33.0,33.0,32.5,32.5,327.0
2017-07-28 14:00:00,NSE:TIMESGTY,31.8,32.8,31.8,32.8,1094.0
2017-07-28 15:00:00,NSE:TIMESGTY,32.8,32.8,32.0,32.1,1066.0
2017-07-31 09:00:00,NSE:TIMESGTY,30.2,32.95,30.2,32.65,31.0
2017-07-31 10:00:00,NSE:TIMESGTY,32.5,32.5,32.5,32.5,15.0
2017-07-31 11:00:00,NSE:TIMESGTY,32.35,32.35,32.35,32.35,200.0
2017-07-31 12:00:00,NSE:TIMESGTY,32.0,32.0,32.0,32.0,10.0
2017-07-31 13:00:00,NSE:TIMESGTY,30.6,31.85,30.6,31.85,203.0
2017-07-31 14:00:00,NSE:TIMESGTY,31.95,32.5,31.1,31.1,315.0
2017-07-31 15:00:00,NSE:TIMESGTY,31.1,32.45,31.1,32.45,11.0
2017-08-01 09:00:00,NSE:TIMESGTY,32.7,32.7,32.7,32.7,200.0
2017-08-01 10:00:00,NSE:TIMESGTY,32.8,32.8,31.25,31.25,300.0
2017-08-01 15:00:00,NSE:TIMESGTY,34.7,34.7,31.7,33.8,1175.0
2017-08-02 09:00:00,NSE:TIMESGTY,31.35,31.35,31.35,31.35,9.0
2017-08-02 11:00:00,NSE:TIMESGTY,31.6,31.6,31.6,31.6,1.0
2017-08-02 14:00:00,NSE:TIMESGTY,34.25,34.4,31.6,31.6,237.0
2017-08-02 15:00:00,NSE:TIMESGTY,33.7,33.7,33.7,33.7,8.0
2017-08-03 09:00:00,NSE:TIMESGTY,34.75,34.75,34.75,34.75,1.0
2017-08-03 10:00:00,NSE:TIMESGTY,33.9,33.9,33.9,33.9,1.0
2017-08-03 11:00:00,NSE:TIMESGTY,33.75,33.75,33.7,33.75,200.0
2017-08-03 14:00:00,NSE:TIMESGTY,32.0,33.5,32.0,33.5,110.0
2017-08-03 15:00:00,NSE:TIMESGTY,33.5,33.5,33.5,33.5,12.0
2017-08-04 09:00:00,NSE:TIMESGTY,33.5,33.5,33.5,33.5,1.0
2017-08-04 10:00:00,NSE:TIMESGTY,31.0,31.0,30.7,31.0,1503.0
2017-08-04 12:00:00,NSE:TIMESGTY,31.75,31.85,31.75,31.85,300.0
2017-08-04 15:00:00,NSE:TIMESGTY,31.35,31.35,31.35,31.35,146.0
2017-08-07 09:00:00,NSE:TIMESGTY,35.6,35.95,34.55,35.0,2052.0
2017-08-07 10:00:00,NSE:TIMESGTY,28.1,32.9,28.1,32.9,3008.0
2017-08-07 11:00:00,NSE:TIMESGTY,32.6,32.6,32.6,32.6,2.0
2017-08-07 12:00:00,NSE:TIMESGTY,31.7,31.75,31.7,31.75,353.0
2017-08-07 14:00:00,NSE:TIMESGTY,31.75,32.35,31.75,32.35,222.0
2017-08-07 15:00:00,NSE:TIMESGTY,32.35,34.9,32.35,33.0,232.0
2017-08-08 09:00:00,NSE:TIMESGTY,34.95,34.95,34.75,34.8,396.0
2017-08-08 10:00:00,NSE:TIMESGTY,34.25,34.25,32.85,32.85,143.0
2017-08-08 11:00:00,NSE:TIMESGTY,32.85,32.85,32.85,32.85,4.0
2017-08-08 13:00:00,NSE:TIMESGTY,34.15,34.15,33.15,34.15,2725.0
2017-08-08 14:00:00,NSE:TIMESGTY,32.9,34.15,32.9,34.1,3351.0
2017-08-08 15:00:00,NSE:TIMESGTY,34.05,37.9,34.05,36.95,14604.0
2017-08-09 09:00:00,NSE:TIMESGTY,37.5,38.0,33.6,37.85,18123.0
2017-08-09 10:00:00,NSE:TIMESGTY,37.9,38.3,37.5,37.8,6988.0
2017-08-09 11:00:00,NSE:TIMESGTY,37.75,38.0,37.55,37.55,1797.0
2017-08-09 12:00:00,NSE:TIMESGTY,37.5,37.55,37.5,37.5,400.0
2017-08-09 13:00:00,NSE:TIMESGTY,37.5,37.5,36.0,37.05,3542.0
2017-08-09 14:00:00,NSE:TIMESGTY,37.05,37.25,36.1,37.0,837.0
2017-08-09 15:00:00,NSE:TIMESGTY,36.15,36.45,34.1,34.15,1982.0
2017-08-10 09:00:00,NSE:TIMESGTY,34.3,37.95,34.3,36.0,2429.0
2017-08-10 10:00:00,NSE:TIMESGTY,36.1,37.2,35.5,35.5,1276.0
2017-08-10 11:00:00,NSE:TIMESGTY,35.0,35.5,35.0,35.5,2101.0
2017-08-10 12:00:00,NSE:TIMESGTY,36.0,36.95,35.9,35.9,987.0
2017-08-10 13:00:00,NSE:TIMESGTY,36.95,36.95,35.75,36.75,1895.0
2017-08-10 14:00:00,NSE:TIMESGTY,36.75,36.75,35.0,35.25,833.0
2017-08-10 15:00:00,NSE:TIMESGTY,36.6,36.6,35.0,35.0,1502.0
2017-08-11 09:00:00,NSE:TIMESGTY,38.0,38.0,33.15,36.35,1885.0
2017-08-11 10:00:00,NSE:TIMESGTY,34.75,36.35,34.65,36.25,700.0
2017-08-11 11:00:00,NSE:TIMESGTY,34.9,34.9,34.9,34.9,25.0
2017-08-11 13:00:00,NSE:TIMESGTY,34.9,34.9,34.9,34.9,50.0
2017-08-11 14:00:00,NSE:TIMESGTY,34.9,34.9,34.85,34.85,125.0
2017-08-11 15:00:00,NSE:TIMESGTY,35.9,35.9,35.9,35.9,57.0
2017-08-14 09:00:00,NSE:TIMESGTY,39.0,39.0,34.3,35.0,210.0
2017-08-14 11:00:00,NSE:TIMESGTY,35.0,35.0,35.0,35.0,101.0
2017-08-14 12:00:00,NSE:TIMESGTY,35.0,35.0,34.55,34.55,1085.0
2017-08-14 13:00:00,NSE:TIMESGTY,34.55,34.55,34.55,34.55,335.0
2017-08-14 14:00:00,NSE:TIMESGTY,34.55,36.6,34.55,36.6,844.0
2017-08-14 15:00:00,NSE:TIMESGTY,36.55,36.55,34.25,35.0,100.0
2017-08-16 10:00:00,NSE:TIMESGTY,35.0,35.0,34.25,34.25,271.0
2017-08-16 11:00:00,NSE:TIMESGTY,34.25,35.85,34.25,34.25,260.0
2017-08-16 13:00:00,NSE:TIMESGTY,34.0,34.05,34.0,34.0,1113.0
2017-08-16 14:00:00,NSE:TIMESGTY,34.85,34.85,34.85,34.85,5.0
2017-08-17 09:00:00,NSE:TIMESGTY,34.85,34.85,34.85,34.85,10.0
2017-08-17 10:00:00,NSE:TIMESGTY,34.0,34.0,33.5,34.0,76.0
2017-08-17 11:00:00,NSE:TIMESGTY,33.5,35.15,33.5,35.05,636.0
2017-08-17 12:00:00,NSE:TIMESGTY,34.9,34.9,34.9,34.9,100.0
2017-08-17 13:00:00,NSE:TIMESGTY,34.85,34.85,34.85,34.85,9.0
2017-08-17 14:00:00,NSE:TIMESGTY,33.45,33.45,32.6,33.05,78.0
2017-08-18 10:00:00,NSE:TIMESGTY,32.2,33.45,32.05,33.45,616.0
2017-08-18 11:00:00,NSE:TIMESGTY,33.4,33.5,33.4,33.5,377.0
2017-08-18 12:00:00,NSE:TIMESGTY,38.8,38.8,33.5,35.5,2428.0
2017-08-18 13:00:00,NSE:TIMESGTY,35.5,35.6,35.45,35.5,749.0
2017-08-18 14:00:00,NSE:TIMESGTY,35.5,36.15,34.2,34.9,1698.0
2017-08-18 15:00:00,NSE:TIMESGTY,35.65,35.85,34.95,35.0,422.0
2017-08-21 09:00:00,NSE:TIMESGTY,36.4,36.4,36.3,36.4,110.0
2017-08-21 10:00:00,NSE:TIMESGTY,35.05,36.25,33.0,35.6,1353.0
2017-08-21 11:00:00,NSE:TIMESGTY,35.3,35.7,34.7,34.7,114.0
2017-08-21 12:00:00,NSE:TIMESGTY,34.7,34.7,34.5,34.5,291.0
2017-08-21 13:00:00,NSE:TIMESGTY,34.2,35.0,34.2,35.0,59.0
2017-08-21 15:00:00,NSE:TIMESGTY,35.0,35.0,34.2,34.2,151.0
2017-08-22 10:00:00,NSE:TIMESGTY,34.25,34.25,34.25,34.25,100.0
2017-08-22 11:00:00,NSE:TIMESGTY,35.5,35.5,34.5,34.5,103.0
2017-08-22 12:00:00,NSE:TIMESGTY,34.5,34.5,34.5,34.5,5.0
2017-08-22 14:00:00,NSE:TIMESGTY,34.5,35.25,34.25,35.2,1090.0
2017-08-22 15:00:00,NSE:TIMESGTY,34.25,34.25,34.2,34.2,150.0
2017-08-23 09:00:00,NSE:TIMESGTY,35.4,35.5,35.4,35.5,383.0
2017-08-23 10:00:00,NSE:TIMESGTY,35.45,35.45,34.5,34.5,90.0
2017-08-23 11:00:00,NSE:TIMESGTY,34.55,34.55,34.5,34.5,221.0
2017-08-23 12:00:00,NSE:TIMESGTY,34.5,34.55,34.5,34.55,680.0
2017-08-23 14:00:00,NSE:TIMESGTY,34.15,35.5,34.15,35.5,4410.0
2017-08-23 15:00:00,NSE:TIMESGTY,34.2,34.2,34.2,34.2,150.0
2017-08-24 09:00:00,NSE:TIMESGTY,34.5,34.5,34.5,34.5,150.0
2017-08-24 11:00:00,NSE:TIMESGTY,34.05,34.05,34.05,34.05,10.0
2017-08-24 12:00:00,NSE:TIMESGTY,34.05,35.3,34.05,35.3,89.0
2017-08-24 15:00:00,NSE:TIMESGTY,35.3,35.3,35.0,35.0,25.0
2017-08-28 09:00:00,NSE:TIMESGTY,36.0,36.0,35.75,35.75,40.0
2017-08-28 11:00:00,NSE:TIMESGTY,35.15,35.7,35.1,35.7,119.0
2017-08-28 12:00:00,NSE:TIMESGTY,35.7,35.7,35.7,35.7,20.0
2017-08-28 14:00:00,NSE:TIMESGTY,35.15,35.15,35.1,35.1,217.0
2017-08-28 15:00:00,NSE:TIMESGTY,35.1,35.1,35.1,35.1,111.0
2017-08-29 09:00:00,NSE:TIMESGTY,35.7,35.7,35.7,35.7,20.0
2017-08-29 10:00:00,NSE:TIMESGTY,34.4,35.45,34.0,35.45,620.0
2017-08-29 13:00:00,NSE:TIMESGTY,35.2,35.2,35.2,35.2,50.0
2017-08-29 14:00:00,NSE:TIMESGTY,34.9,35.0,34.0,35.0,400.0
2017-08-29 15:00:00,NSE:TIMESGTY,35.0,35.2,35.0,35.2,518.0
2017-08-30 09:00:00,NSE:TIMESGTY,34.0,35.45,34.0,35.45,200.0
2017-08-30 11:00:00,NSE:TIMESGTY,34.15,35.35,34.15,35.35,210.0
2017-08-30 12:00:00,NSE:TIMESGTY,35.4,35.4,34.25,34.25,180.0
2017-08-30 13:00:00,NSE:TIMESGTY,34.15,34.15,34.15,34.15,100.0
2017-08-30 14:00:00,NSE:TIMESGTY,35.45,35.45,35.1,35.1,900.0
2017-08-30 15:00:00,NSE:TIMESGTY,35.1,35.1,35.1,35.1,49.0
2017-08-31 10:00:00,NSE:TIMESGTY,35.1,35.1,34.3,34.3,300.0
2017-08-31 11:00:00,NSE:TIMESGTY,34.35,34.35,34.35,34.35,170.0
2017-08-31 13:00:00,NSE:TIMESGTY,34.3,34.3,34.3,34.3,1000.0
2017-08-31 14:00:00,NSE:TIMESGTY,35.1,35.45,34.5,34.5,1700.0
2017-09-01 09:00:00,NSE:TIMESGTY,36.5,36.5,36.5,36.5,500.0
2017-09-01 10:00:00,NSE:TIMESGTY,34.85,34.85,34.55,34.55,200.0
2017-09-01 11:00:00,NSE:TIMESGTY,34.6,34.6,34.6,34.6,1.0
2017-09-01 15:00:00,NSE:TIMESGTY,34.7,34.7,34.7,34.7,59.0
2017-09-04 10:00:00,NSE:TIMESGTY,34.7,34.7,34.7,34.7,100.0
2017-09-04 11:00:00,NSE:TIMESGTY,34.7,34.7,34.7,34.7,1.0
2017-09-04 12:00:00,NSE:TIMESGTY,34.7,34.7,34.7,34.7,66.0
2017-09-04 13:00:00,NSE:TIMESGTY,36.0,36.0,36.0,36.0,300.0
2017-09-04 15:00:00,NSE:TIMESGTY,35.95,35.95,35.95,35.95,137.0
2017-09-05 09:00:00,NSE:TIMESGTY,36.95,36.95,34.7,36.45,105.0
2017-09-05 10:00:00,NSE:TIMESGTY,36.65,36.65,36.65,36.65,25.0
2017-09-05 11:00:00,NSE:TIMESGTY,34.75,36.7,34.75,36.7,840.0
2017-09-05 12:00:00,NSE:TIMESGTY,36.15,36.15,36.1,36.1,25.0
2017-09-05 13:00:00,NSE:TIMESGTY,37.0,37.1,36.1,36.1,1090.0
2017-09-05 15:00:00,NSE:TIMESGTY,36.1,36.1,36.1,36.1,40.0
2017-09-06 10:00:00,NSE:TIMESGTY,38.7,41.65,37.4,40.75,6481.0
2017-09-06 11:00:00,NSE:TIMESGTY,40.0,40.0,38.55,39.7,248.0
2017-09-06 12:00:00,NSE:TIMESGTY,38.1,38.1,38.0,38.0,659.0
2017-09-06 14:00:00,NSE:TIMESGTY,38.0,39.45,37.85,39.45,411.0
2017-09-06 15:00:00,NSE:TIMESGTY,38.5,39.4,37.85,37.9,631.0
2017-09-07 09:00:00,NSE:TIMESGTY,37.6,37.6,36.0,36.45,635.0
2017-09-07 10:00:00,NSE:TIMESGTY,36.45,39.9,36.45,39.9,453.0
2017-09-07 11:00:00,NSE:TIMESGTY,39.7,39.9,39.7,39.9,1081.0
2017-09-07 12:00:00,NSE:TIMESGTY,39.9,41.0,38.0,38.0,4065.0
2017-09-07 13:00:00,NSE:TIMESGTY,38.05,38.1,38.05,38.1,251.0
2017-09-07 15:00:00,NSE:TIMESGTY,38.3,38.35,38.3,38.35,1009.0
2017-09-08 09:00:00,NSE:TIMESGTY,38.0,38.0,38.0,38.0,151.0
2017-09-08 10:00:00,NSE:TIMESGTY,40.9,41.0,38.4,38.5,232.0
2017-09-08 11:00:00,NSE:TIMESGTY,40.8,41.3,39.0,41.3,536.0
2017-09-08 12:00:00,NSE:TIMESGTY,40.9,41.35,40.2,41.2,986.0
2017-09-08 13:00:00,NSE:TIMESGTY,41.4,41.4,41.4,41.4,266.0
2017-09-08 14:00:00,NSE:TIMESGTY,41.3,41.4,40.6,40.6,675.0
2017-09-08 15:00:00,NSE:TIMESGTY,41.35,42.0,40.6,42.0,714.0
2017-09-11 09:00:00,NSE:TIMESGTY,42.0,42.0,41.9,42.0,121.0
2017-09-11 10:00:00,NSE:TIMESGTY,41.1,41.1,40.0,40.0,338.0
2017-09-11 11:00:00,NSE:TIMESGTY,40.0,40.9,39.6,40.85,461.0
2017-09-11 12:00:00,NSE:TIMESGTY,40.1,40.8,40.1,40.75,381.0
2017-09-11 13:00:00,NSE:TIMESGTY,40.25,40.25,40.0,40.0,206.0
2017-09-11 14:00:00,NSE:TIMESGTY,40.05,40.05,40.05,40.05,175.0
2017-09-11 15:00:00,NSE:TIMESGTY,39.6,39.6,39.6,39.6,138.0
2017-09-12 09:00:00,NSE:TIMESGTY,36.5,42.1,36.5,42.1,1028.0
2017-09-12 10:00:00,NSE:TIMESGTY,40.0,40.95,39.45,40.0,145.0
2017-09-12 11:00:00,NSE:TIMESGTY,44.0,47.5,43.45,47.5,13602.0
2017-09-12 12:00:00,NSE:TIMESGTY,47.5,47.5,47.5,47.5,1731.0
2017-09-12 13:00:00,NSE:TIMESGTY,47.5,47.5,47.5,47.5,40.0
2017-09-12 14:00:00,NSE:TIMESGTY,47.5,47.5,47.5,47.5,10.0
2017-09-13 09:00:00,NSE:TIMESGTY,57.0,57.0,53.5,57.0,57814.0
2017-09-13 10:00:00,NSE:TIMESGTY,57.0,57.0,57.0,57.0,3909.0
2017-09-13 11:00:00,NSE:TIMESGTY,57.0,57.0,57.0,57.0,2320.0
2017-09-13 12:00:00,NSE:TIMESGTY,57.0,57.0,57.0,57.0,997.0
2017-09-13 13:00:00,NSE:TIMESGTY,57.0,57.0,57.0,57.0,207.0
2017-09-13 15:00:00,NSE:TIMESGTY,57.0,57.0,57.0,57.0,110.0
2017-09-14 09:00:00,NSE:TIMESGTY,62.0,62.7,61.0,62.7,10170.0
2017-09-14 10:00:00,NSE:TIMESGTY,62.7,62.7,62.7,62.7,119.0
2017-09-14 11:00:00,NSE:TIMESGTY,62.7,62.7,62.7,62.7,1306.0
2017-09-14 12:00:00,NSE:TIMESGTY,62.7,62.7,62.7,62.7,150.0
2017-09-14 13:00:00,NSE:TIMESGTY,62.7,62.7,62.7,62.7,6.0
2017-09-14 14:00:00,NSE:TIMESGTY,62.7,62.7,62.7,62.7,250.0
2017-09-15 09:00:00,NSE:TIMESGTY,66.9,67.8,59.0,65.85,60048.0
2017-09-15 10:00:00,NSE:TIMESGTY,65.85,66.15,60.5,61.0,11024.0
2017-09-15 11:00:00,NSE:TIMESGTY,61.95,63.0,61.95,62.0,4590.0
2017-09-15 12:00:00,NSE:TIMESGTY,62.4,63.0,62.15,62.9,1985.0
2017-09-15 13:00:00,NSE:TIMESGTY,62.9,63.1,62.0,63.1,2332.0
2017-09-15 14:00:00,NSE:TIMESGTY,62.3,65.55,61.5,64.8,7385.0
2017-09-15 15:00:00,NSE:TIMESGTY,64.7,66.0,63.2,64.85,8672.0
2017-09-18 09:00:00,NSE:TIMESGTY,64.9,64.9,58.6,62.05,7546.0
2017-09-18 10:00:00,NSE:TIMESGTY,62.0,64.9,61.0,62.7,3304.0
2017-09-18 11:00:00,NSE:TIMESGTY,62.3,63.0,62.3,62.45,1728.0
2017-09-18 12:00:00,NSE:TIMESGTY,62.4,62.9,61.0,61.25,1537.0
2017-09-18 13:00:00,NSE:TIMESGTY,61.3,64.9,61.3,62.1,5507.0
2017-09-18 14:00:00,NSE:TIMESGTY,62.95,63.45,62.5,63.0,844.0
2017-09-18 15:00:00,NSE:TIMESGTY,62.5,62.9,61.3,62.6,2442.0
2017-09-19 09:00:00,NSE:TIMESGTY,64.0,64.9,60.1,61.25,2891.0
2017-09-19 10:00:00,NSE:TIMESGTY,62.0,62.0,61.3,61.9,656.0
2017-09-19 11:00:00,NSE:TIMESGTY,62.35,64.45,61.4,64.45,2150.0
2017-09-19 12:00:00,NSE:TIMESGTY,61.35,64.0,61.35,63.3,2543.0
2017-09-19 13:00:00,NSE:TIMESGTY,62.3,63.9,61.9,62.15,1774.0
2017-09-19 14:00:00,NSE:TIMESGTY,62.1,63.3,62.1,63.25,430.0
2017-09-19 15:00:00,NSE:TIMESGTY,62.9,62.9,62.35,62.8,1033.0
2017-09-20 09:00:00,NSE:TIMESGTY,64.9,64.9,60.2,61.0,1887.0
2017-09-20 10:00:00,NSE:TIMESGTY,61.0,62.45,61.0,61.85,1381.0
2017-09-20 11:00:00,NSE:TIMESGTY,61.85,62.3,60.3,62.3,1776.0
2017-09-20 12:00:00,NSE:TIMESGTY,61.1,61.95,60.45,60.45,945.0
2017-09-20 13:00:00,NSE:TIMESGTY,60.55,61.75,60.45,61.65,1005.0
2017-09-20 14:00:00,NSE:TIMESGTY,61.05,61.7,61.0,61.0,646.0
2017-09-20 15:00:00,NSE:TIMESGTY,61.0,61.0,60.4,60.4,659.0
2017-09-21 09:00:00,NSE:TIMESGTY,63.0,63.0,59.2,61.15,835.0
2017-09-21 10:00:00,NSE:TIMESGTY,60.0,60.0,55.1,55.1,3166.0
2017-09-21 11:00:00,NSE:TIMESGTY,57.0,58.85,57.0,58.4,857.0
2017-09-21 12:00:00,NSE:TIMESGTY,58.35,58.35,57.6,58.0,474.0
2017-09-21 13:00:00,NSE:TIMESGTY,58.95,59.95,58.95,59.95,1166.0
2017-09-21 14:00:00,NSE:TIMESGTY,59.8,59.8,58.95,58.95,566.0
2017-09-21 15:00:00,NSE:TIMESGTY,59.75,60.0,58.1,58.1,858.0
2017-09-22 09:00:00,NSE:TIMESGTY,60.0,60.0,56.1,56.55,902.0
2017-09-22 10:00:00,NSE:TIMESGTY,57.2,59.35,57.2,57.25,167.0
2017-09-22 11:00:00,NSE:TIMESGTY,58.0,58.0,57.2,57.2,319.0
2017-09-22 12:00:00,NSE:TIMESGTY,57.45,57.45,57.45,57.45,50.0
2017-09-22 13:00:00,NSE:TIMESGTY,57.35,57.35,57.35,57.35,5.0
2017-09-22 14:00:00,NSE:TIMESGTY,56.55,57.25,55.2,55.2,549.0
2017-09-22 15:00:00,NSE:TIMESGTY,56.0,56.05,55.3,55.3,496.0
2017-09-25 09:00:00,NSE:TIMESGTY,51.7,56.95,51.7,51.75,574.0
2017-09-25 10:00:00,NSE:TIMESGTY,50.3,51.5,50.3,50.3,3119.0
2017-09-25 11:00:00,NSE:TIMESGTY,51.5,51.5,50.3,51.0,495.0
2017-09-25 12:00:00,NSE:TIMESGTY,51.45,51.5,51.0,51.5,1056.0
2017-09-25 13:00:00,NSE:TIMESGTY,51.5,51.5,51.5,51.5,310.0
2017-09-25 14:00:00,NSE:TIMESGTY,51.95,53.0,51.5,51.5,398.0
2017-09-25 15:00:00,NSE:TIMESGTY,51.5,53.0,51.0,52.25,209.0
2017-09-26 09:00:00,NSE:TIMESGTY,47.65,50.0,47.65,49.9,970.0
2017-09-26 10:00:00,NSE:TIMESGTY,50.0,51.95,49.0,49.9,1169.0
2017-09-26 11:00:00,NSE:TIMESGTY,47.75,49.0,47.75,49.0,690.0
2017-09-26 12:00:00,NSE:TIMESGTY,50.1,50.85,49.1,50.8,1914.0
2017-09-26 13:00:00,NSE:TIMESGTY,51.45,51.5,50.8,51.5,1050.0
2017-09-26 14:00:00,NSE:TIMESGTY,50.8,51.5,50.8,51.45,965.0
2017-09-26 15:00:00,NSE:TIMESGTY,51.45,51.5,51.0,51.0,396.0
2017-09-27 09:00:00,NSE:TIMESGTY,51.0,51.0,51.0,51.0,5.0
2017-09-27 10:00:00,NSE:TIMESGTY,49.9,51.5,47.4,51.0,1427.0
2017-09-27 11:00:00,NSE:TIMESGTY,51.0,51.0,48.25,48.25,1105.0
2017-09-27 14:00:00,NSE:TIMESGTY,48.65,48.65,47.5,47.5,2020.0
2017-09-27 15:00:00,NSE:TIMESGTY,49.0,50.55,49.0,50.55,1127.0
2017-09-28 09:00:00,NSE:TIMESGTY,46.3,49.5,46.3,48.0,313.0
2017-09-28 10:00:00,NSE:TIMESGTY,48.1,48.1,48.1,48.1,100.0
2017-09-28 11:00:00,NSE:TIMESGTY,50.0,53.9,50.0,51.85,505.0
2017-09-28 12:00:00,NSE:TIMESGTY,50.2,50.2,50.1,50.2,164.0
2017-09-28 13:00:00,NSE:TIMESGTY,51.0,51.0,51.0,51.0,394.0
2017-09-28 14:00:00,NSE:TIMESGTY,51.7,51.7,51.0,51.5,718.0
2017-09-28 15:00:00,NSE:TIMESGTY,51.15,51.15,51.0,51.0,2238.0
2017-09-29 10:00:00,NSE:TIMESGTY,50.15,50.15,50.15,50.15,2.0
2017-09-29 11:00:00,NSE:TIMESGTY,52.0,52.0,50.0,50.0,600.0
2017-09-29 13:00:00,NSE:TIMESGTY,50.0,51.9,50.0,51.75,108.0
2017-09-29 14:00:00,NSE:TIMESGTY,51.75,51.75,51.75,51.75,300.0
2017-09-29 15:00:00,NSE:TIMESGTY,50.5,52.5,50.1,50.1,625.0
2017-10-03 09:00:00,NSE:TIMESGTY,51.1,51.1,51.0,51.0,910.0
2017-10-03 10:00:00,NSE:TIMESGTY,52.4,55.6,52.4,54.0,2856.0
2017-10-03 11:00:00,NSE:TIMESGTY,55.5,56.0,54.0,56.0,3521.0
2017-10-03 13:00:00,NSE:TIMESGTY,56.0,56.0,56.0,56.0,2.0
2017-10-03 14:00:00,NSE:TIMESGTY,56.0,56.0,56.0,56.0,100.0
2017-10-03 15:00:00,NSE:TIMESGTY,56.0,56.0,56.0,56.0,1.0
2017-10-04 09:00:00,NSE:TIMESGTY,57.4,61.5,57.4,59.8,5603.0
2017-10-04 10:00:00,NSE:TIMESGTY,59.8,59.9,58.5,58.8,2502.0
2017-10-04 11:00:00,NSE:TIMESGTY,58.55,58.8,57.4,58.8,2183.0
2017-10-04 12:00:00,NSE:TIMESGTY,58.8,58.8,58.7,58.7,415.0
2017-10-04 13:00:00,NSE:TIMESGTY,58.0,58.0,57.4,57.4,954.0
2017-10-04 14:00:00,NSE:TIMESGTY,57.4,57.4,57.0,57.0,620.0
2017-10-04 15:00:00,NSE:TIMESGTY,56.55,56.9,55.15,56.85,1273.0
2017-10-05 09:00:00,NSE:TIMESGTY,56.4,56.4,52.15,55.75,1585.0
2017-10-05 10:00:00,NSE:TIMESGTY,53.35,56.0,53.35,56.0,833.0
2017-10-05 11:00:00,NSE:TIMESGTY,55.4,55.4,55.4,55.4,10.0
2017-10-05 12:00:00,NSE:TIMESGTY,55.0,55.0,55.0,55.0,38.0
2017-10-05 13:00:00,NSE:TIMESGTY,55.0,55.4,53.35,55.4,553.0
2017-10-05 14:00:00,NSE:TIMESGTY,53.4,55.5,53.4,55.5,211.0
2017-10-05 15:00:00,NSE:TIMESGTY,55.35,55.5,53.5,55.5,447.0
2017-10-06 09:00:00,NSE:TIMESGTY,54.0,54.3,53.5,53.5,730.0
2017-10-06 10:00:00,NSE:TIMESGTY,54.0,54.3,54.0,54.0,112.0
2017-10-06 11:00:00,NSE:TIMESGTY,54.3,57.0,54.3,55.0,249.0
2017-10-06 12:00:00,NSE:TIMESGTY,56.0,56.0,53.55,53.55,230.0
2017-10-06 13:00:00,NSE:TIMESGTY,56.0,56.0,56.0,56.0,10.0
2017-10-06 14:00:00,NSE:TIMESGTY,53.95,53.95,53.95,53.95,120.0
2017-10-06 15:00:00,NSE:TIMESGTY,55.8,56.0,53.95,53.95,700.0
2017-10-09 09:00:00,NSE:TIMESGTY,55.6,59.65,55.6,55.75,1935.0
2017-10-09 10:00:00,NSE:TIMESGTY,58.8,64.0,56.55,62.0,16627.0
2017-10-09 11:00:00,NSE:TIMESGTY,61.15,63.45,61.1,62.95,5783.0
2017-10-09 12:00:00,NSE:TIMESGTY,62.85,66.1,61.5,66.1,12267.0
2017-10-09 13:00:00,NSE:TIMESGTY,66.1,66.1,63.0,66.1,21469.0
2017-10-09 14:00:00,NSE:TIMESGTY,66.1,66.1,66.1,66.1,1809.0
2017-10-09 15:00:00,NSE:TIMESGTY,66.1,66.1,66.1,66.1,218.0
2017-10-10 09:00:00,NSE:TIMESGTY,71.7,79.3,70.0,79.3,99993.0
2017-10-10 10:00:00,NSE:TIMESGTY,79.3,79.3,77.5,79.0,39779.0
2017-10-10 11:00:00,NSE:TIMESGTY,79.0,79.3,77.75,78.75,28179.0
2017-10-10 12:00:00,NSE:TIMESGTY,78.75,79.3,77.8,79.15,46975.0
2017-10-10 13:00:00,NSE:TIMESGTY,78.0,79.0,77.5,78.4,17703.0
2017-10-10 14:00:00,NSE:TIMESGTY,78.2,79.3,78.2,79.3,16452.0
2017-10-10 15:00:00,NSE:TIMESGTY,79.3,79.3,79.3,79.3,4211.0
2017-10-11 09:00:00,NSE:TIMESGTY,84.2,87.0,80.25,82.2,48479.0
2017-10-11 10:00:00,NSE:TIMESGTY,82.45,82.6,80.4,81.0,12867.0
2017-10-11 11:00:00,NSE:TIMESGTY,80.7,80.7,71.4,73.1,24194.0
2017-10-11 12:00:00,NSE:TIMESGTY,73.3,75.7,73.0,74.6,5072.0
2017-10-11 13:00:00,NSE:TIMESGTY,75.0,79.8,75.0,77.35,5613.0
2017-10-11 14:00:00,NSE:TIMESGTY,77.0,77.45,73.2,77.35,10442.0
2017-10-11 15:00:00,NSE:TIMESGTY,77.35,77.6,74.05,75.8,4228.0
2017-10-12 09:00:00,NSE:TIMESGTY,76.0,81.9,76.0,77.75,3521.0
2017-10-12 10:00:00,NSE:TIMESGTY,76.25,79.45,76.2,76.8,4019.0
2017-10-12 11:00:00,NSE:TIMESGTY,68.75,76.5,68.75,75.5,11215.0
2017-10-12 12:00:00,NSE:TIMESGTY,76.0,79.5,75.0,76.55,7673.0
2017-10-12 13:00:00,NSE:TIMESGTY,78.25,79.0,76.0,77.25,2591.0
2017-10-12 14:00:00,NSE:TIMESGTY,77.25,80.0,76.1,78.7,4104.0
2017-10-12 15:00:00,NSE:TIMESGTY,79.95,79.95,76.0,76.0,4015.0
2017-10-13 09:00:00,NSE:TIMESGTY,79.0,81.0,76.2,79.8,3490.0
2017-10-13 10:00:00,NSE:TIMESGTY,78.4,79.75,76.55,76.55,3196.0
2017-10-13 11:00:00,NSE:TIMESGTY,77.05,79.15,77.0,78.3,1120.0
2017-10-13 12:00:00,NSE:TIMESGTY,78.3,78.3,78.3,78.3,464.0
2017-10-13 13:00:00,NSE:TIMESGTY,78.3,79.0,77.0,77.0,3543.0
2017-10-13 14:00:00,NSE:TIMESGTY,76.6,78.1,76.35,76.35,2507.0
2017-10-13 15:00:00,NSE:TIMESGTY,76.35,77.5,76.05,76.6,1591.0
2017-10-16 09:00:00,NSE:TIMESGTY,81.0,81.0,73.65,76.45,2667.0
2017-10-16 10:00:00,NSE:TIMESGTY,76.0,76.5,74.55,74.6,404.0
2017-10-16 11:00:00,NSE:TIMESGTY,75.8,75.8,73.65,74.8,2583.0
2017-10-16 12:00:00,NSE:TIMESGTY,73.95,76.1,73.65,73.65,1469.0
2017-10-16 13:00:00,NSE:TIMESGTY,75.05,75.05,73.65,73.9,1481.0
2017-10-16 14:00:00,NSE:TIMESGTY,74.3,74.85,73.65,73.75,637.0
2017-10-16 15:00:00,NSE:TIMESGTY,74.2,74.85,73.6,73.6,3118.0
2017-10-17 09:00:00,NSE:TIMESGTY,76.0,76.0,70.45,72.05,1625.0
2017-10-17 10:00:00,NSE:TIMESGTY,72.05,73.7,72.05,72.05,1562.0
2017-10-17 11:00:00,NSE:TIMESGTY,72.05,72.5,70.1,72.3,2434.0
2017-10-17 12:00:00,NSE:TIMESGTY,72.15,72.15,70.75,71.0,642.0
2017-10-17 13:00:00,NSE:TIMESGTY,71.0,71.0,68.1,70.35,1822.0
2017-10-17 14:00:00,NSE:TIMESGTY,70.75,70.95,68.85,68.85,1272.0
2017-10-17 15:00:00,NSE:TIMESGTY,68.5,69.9,67.15,68.0,2950.0
2017-10-18 09:00:00,NSE:TIMESGTY,70.0,70.0,64.55,66.5,7445.0
2017-10-18 10:00:00,NSE:TIMESGTY,66.45,67.5,65.0,66.55,4226.0
2017-10-18 11:00:00,NSE:TIMESGTY,67.5,68.95,66.6,68.8,1256.0
2017-10-18 12:00:00,NSE:TIMESGTY,66.6,67.95,66.6,67.95,379.0
2017-10-18 13:00:00,NSE:TIMESGTY,66.8,67.75,66.6,66.6,322.0
2017-10-18 14:00:00,NSE:TIMESGTY,67.8,67.8,66.0,67.4,376.0
2017-10-18 15:00:00,NSE:TIMESGTY,66.15,66.85,65.1,65.85,2090.0
2017-10-23 09:00:00,NSE:TIMESGTY,68.15,70.0,66.0,66.5,1594.0
2017-10-23 10:00:00,NSE:TIMESGTY,66.5,67.4,66.5,66.6,115.0
2017-10-23 11:00:00,NSE:TIMESGTY,67.45,68.35,66.6,66.6,1230.0
2017-10-23 12:00:00,NSE:TIMESGTY,66.65,66.95,66.6,66.8,953.0
2017-10-23 13:00:00,NSE:TIMESGTY,66.8,66.95,66.7,66.7,388.0
2017-10-23 14:00:00,NSE:TIMESGTY,66.7,66.95,64.5,65.0,475.0
2017-10-23 15:00:00,NSE:TIMESGTY,64.95,65.0,63.3,63.9,680.0
2017-10-24 09:00:00,NSE:TIMESGTY,64.0,65.75,58.65,63.9,3176.0
2017-10-24 10:00:00,NSE:TIMESGTY,63.9,64.9,63.0,63.0,1139.0
2017-10-24 11:00:00,NSE:TIMESGTY,63.45,63.85,62.3,62.55,225.0
2017-10-24 12:00:00,NSE:TIMESGTY,62.55,63.8,62.0,62.9,598.0
2017-10-24 13:00:00,NSE:TIMESGTY,62.85,63.0,61.3,63.0,544.0
2017-10-24 14:00:00,NSE:TIMESGTY,63.5,63.5,62.5,62.5,432.0
2017-10-24 15:00:00,NSE:TIMESGTY,63.4,63.5,62.5,63.5,711.0
2017-10-25 09:00:00,NSE:TIMESGTY,61.15,68.9,61.15,67.0,5516.0
2017-10-25 10:00:00,NSE:TIMESGTY,66.85,66.85,64.2,66.45,2616.0
2017-10-25 11:00:00,NSE:TIMESGTY,66.45,69.1,66.25,69.1,5239.0
2017-10-25 12:00:00,NSE:TIMESGTY,69.1,69.1,68.05,69.1,7575.0
2017-10-25 13:00:00,NSE:TIMESGTY,69.1,69.1,69.1,69.1,343.0
2017-10-25 14:00:00,NSE:TIMESGTY,69.1,69.1,69.1,69.1,84.0
2017-10-25 15:00:00,NSE:TIMESGTY,69.1,69.1,69.1,69.1,122.0
2017-10-26 09:00:00,NSE:TIMESGTY,72.95,75.0,69.1,71.4,6872.0
2017-10-26 10:00:00,NSE:TIMESGTY,72.55,72.55,68.5,70.05,3939.0
2017-10-26 11:00:00,NSE:TIMESGTY,70.05,75.7,70.05,73.65,11338.0
2017-10-26 12:00:00,NSE:TIMESGTY,73.7,74.9,73.7,74.9,1105.0
2017-10-26 13:00:00,NSE:TIMESGTY,74.3,74.7,73.75,73.8,1352.0
2017-10-26 14:00:00,NSE:TIMESGTY,74.7,74.7,73.5,73.55,2946.0
2017-10-26 15:00:00,NSE:TIMESGTY,73.55,74.25,73.55,73.8,698.0
2017-10-27 09:00:00,NSE:TIMESGTY,68.3,76.45,68.3,71.05,2064.0
2017-10-27 10:00:00,NSE:TIMESGTY,71.05,72.0,70.3,72.0,2348.0
2017-10-27 11:00:00,NSE:TIMESGTY,71.5,72.85,71.0,71.1,1549.0
2017-10-27 12:00:00,NSE:TIMESGTY,71.1,72.25,71.1,71.85,224.0
2017-10-27 13:00:00,NSE:TIMESGTY,71.8,71.8,70.5,71.0,401.0
2017-10-27 14:00:00,NSE:TIMESGTY,71.0,71.6,70.3,71.0,741.0
2017-10-27 15:00:00,NSE:TIMESGTY,71.0,72.0,70.5,72.0,148.0
2017-10-30 09:00:00,NSE:TIMESGTY,71.0,71.4,70.0,71.4,250.0
2017-10-30 10:00:00,NSE:TIMESGTY,71.4,71.5,70.1,70.5,1364.0
2017-10-30 11:00:00,NSE:TIMESGTY,71.0,71.0,68.0,68.05,1470.0
2017-10-30 12:00:00,NSE:TIMESGTY,68.0,69.85,68.0,68.8,225.0
2017-10-30 13:00:00,NSE:TIMESGTY,69.0,69.0,69.0,69.0,335.0
2017-10-30 14:00:00,NSE:TIMESGTY,69.6,72.0,69.6,71.6,779.0
2017-10-30 15:00:00,NSE:TIMESGTY,70.1,71.5,70.1,71.5,361.0
2017-10-31 09:00:00,NSE:TIMESGTY,73.0,73.0,68.2,71.35,1325.0
2017-10-31 10:00:00,NSE:TIMESGTY,70.0,70.95,70.0,70.0,204.0
2017-10-31 11:00:00,NSE:TIMESGTY,70.05,70.2,70.05,70.15,228.0
2017-10-31 12:00:00,NSE:TIMESGTY,71.2,71.45,69.0,70.95,2138.0
2017-10-31 13:00:00,NSE:TIMESGTY,70.95,71.4,70.5,71.4,268.0
2017-10-31 14:00:00,NSE:TIMESGTY,70.55,71.25,70.0,71.0,349.0
2017-10-31 15:00:00,NSE:TIMESGTY,71.0,71.0,69.0,70.0,2246.0
2017-11-01 09:00:00,NSE:TIMESGTY,69.55,71.9,68.0,69.75,2851.0
2017-11-01 10:00:00,NSE:TIMESGTY,68.55,69.15,68.0,68.55,2271.0
2017-11-01 11:00:00,NSE:TIMESGTY,68.55,69.8,68.4,69.55,1187.0
2017-11-01 12:00:00,NSE:TIMESGTY,69.55,69.55,68.8,69.45,622.0
2017-11-01 13:00:00,NSE:TIMESGTY,70.0,70.0,69.1,69.1,230.0
2017-11-01 14:00:00,NSE:TIMESGTY,69.1,69.1,69.1,69.1,934.0
2017-11-01 15:00:00,NSE:TIMESGTY,69.1,69.1,68.5,68.8,872.0
2017-11-02 09:00:00,NSE:TIMESGTY,68.8,69.0,67.5,67.8,782.0
2017-11-02 10:00:00,NSE:TIMESGTY,67.8,69.7,67.5,67.5,421.0
2017-11-02 11:00:00,NSE:TIMESGTY,67.5,67.5,67.5,67.5,143.0
2017-11-02 12:00:00,NSE:TIMESGTY,67.5,68.55,67.5,67.5,614.0
2017-11-02 13:00:00,NSE:TIMESGTY,68.4,68.4,67.55,67.55,202.0
2017-11-02 14:00:00,NSE:TIMESGTY,68.4,68.9,67.55,68.45,768.0
2017-11-02 15:00:00,NSE:TIMESGTY,69.0,69.7,67.6,69.7,1506.0
2017-11-03 09:00:00,NSE:TIMESGTY,66.15,71.0,66.15,66.4,2451.0
2017-11-03 10:00:00,NSE:TIMESGTY,67.3,68.7,67.3,67.45,888.0
2017-11-03 11:00:00,NSE:TIMESGTY,67.45,69.45,67.4,69.45,777.0
2017-11-03 12:00:00,NSE:TIMESGTY,68.05,69.35,68.0,68.0,1608.0
2017-11-03 13:00:00,NSE:TIMESGTY,69.0,70.0,68.05,68.2,1029.0
2017-11-03 14:00:00,NSE:TIMESGTY,70.25,70.25,69.15,69.15,317.0
2017-11-03 15:00:00,NSE:TIMESGTY,70.2,71.0,70.2,70.95,351.0
2017-11-06 09:00:00,NSE:TIMESGTY,72.2,72.2,66.7,68.35,752.0
2017-11-06 10:00:00,NSE:TIMESGTY,68.45,69.85,68.45,68.5,608.0
2017-11-06 11:00:00,NSE:TIMESGTY,68.6,69.8,68.5,68.6,1784.0
2017-11-06 12:00:00,NSE:TIMESGTY,68.75,69.8,68.75,68.8,1638.0
2017-11-06 13:00:00,NSE:TIMESGTY,69.85,69.85,68.5,68.5,1076.0
2017-11-06 14:00:00,NSE:TIMESGTY,68.8,69.75,68.45,68.45,332.0
2017-11-06 15:00:00,NSE:TIMESGTY,68.35,68.95,68.0,68.05,886.0
2017-11-07 09:00:00,NSE:TIMESGTY,70.1,71.8,68.0,70.45,6204.0
2017-11-07 10:00:00,NSE:TIMESGTY,68.2,70.0,68.2,70.0,2307.0
2017-11-07 11:00:00,NSE:TIMESGTY,68.35,70.0,68.25,68.35,1622.0
2017-11-07 12:00:00,NSE:TIMESGTY,68.4,69.95,68.35,68.4,501.0
2017-11-07 13:00:00,NSE:TIMESGTY,68.35,68.35,67.5,67.5,1170.0
2017-11-07 14:00:00,NSE:TIMESGTY,68.0,69.0,68.0,69.0,282.0
2017-11-07 15:00:00,NSE:TIMESGTY,68.05,68.05,68.0,68.0,194.0
2017-11-08 09:00:00,NSE:TIMESGTY,67.0,67.65,67.0,67.65,178.0
2017-11-08 10:00:00,NSE:TIMESGTY,69.7,69.7,67.6,67.6,88.0
2017-11-08 11:00:00,NSE:TIMESGTY,67.75,67.75,67.75,67.75,25.0
2017-11-08 12:00:00,NSE:TIMESGTY,67.75,67.75,67.65,67.65,450.0
2017-11-08 13:00:00,NSE:TIMESGTY,68.0,68.65,67.7,68.65,816.0
2017-11-08 14:00:00,NSE:TIMESGTY,67.65,68.65,67.65,67.65,2025.0
2017-11-08 15:00:00,NSE:TIMESGTY,67.65,68.0,67.65,68.0,275.0
2017-11-09 09:00:00,NSE:TIMESGTY,66.0,67.1,65.0,67.1,498.0
2017-11-09 11:00:00,NSE:TIMESGTY,67.5,67.5,67.5,67.5,111.0
2017-11-09 12:00:00,NSE:TIMESGTY,67.5,67.5,67.5,67.5,101.0
2017-11-09 13:00:00,NSE:TIMESGTY,67.5,67.5,67.5,67.5,10.0
2017-11-09 14:00:00,NSE:TIMESGTY,68.0,68.0,67.5,67.5,115.0
2017-11-09 15:00:00,NSE:TIMESGTY,67.5,67.5,67.5,67.5,40.0
2017-11-10 09:00:00,NSE:TIMESGTY,64.35,68.85,64.35,68.85,618.0
2017-11-10 10:00:00,NSE:TIMESGTY,68.2,68.2,65.55,67.3,1092.0
2017-11-10 11:00:00,NSE:TIMESGTY,66.85,68.8,66.15,66.7,557.0
2017-11-10 12:00:00,NSE:TIMESGTY,67.0,68.7,67.0,67.0,377.0
2017-11-10 13:00:00,NSE:TIMESGTY,67.05,67.05,67.05,67.05,2.0
2017-11-10 14:00:00,NSE:TIMESGTY,67.0,67.4,66.25,66.25,339.0
2017-11-10 15:00:00,NSE:TIMESGTY,66.3,66.3,66.0,66.1,1754.0
2017-11-13 09:00:00,NSE:TIMESGTY,65.0,65.0,63.6,64.65,321.0
2017-11-13 10:00:00,NSE:TIMESGTY,64.05,64.95,64.05,64.7,160.0
2017-11-13 11:00:00,NSE:TIMESGTY,64.7,65.9,64.5,65.5,226.0
2017-11-13 12:00:00,NSE:TIMESGTY,65.0,65.0,65.0,65.0,101.0
2017-11-13 13:00:00,NSE:TIMESGTY,64.6,65.95,62.0,62.75,2009.0
2017-11-13 14:00:00,NSE:TIMESGTY,62.8,71.0,62.8,65.5,4972.0
2017-11-13 15:00:00,NSE:TIMESGTY,65.5,68.0,65.5,68.0,1211.0
2017-11-14 09:00:00,NSE:TIMESGTY,66.0,68.0,64.65,64.95,760.0
2017-11-14 10:00:00,NSE:TIMESGTY,65.15,67.4,65.15,67.4,27.0
2017-11-14 11:00:00,NSE:TIMESGTY,67.4,67.4,63.6,63.6,842.0
2017-11-14 12:00:00,NSE:TIMESGTY,63.6,65.55,63.6,65.55,1188.0
2017-11-14 13:00:00,NSE:TIMESGTY,64.55,65.25,63.95,64.0,978.0
2017-11-14 14:00:00,NSE:TIMESGTY,64.0,65.25,63.95,64.0,2148.0
2017-11-14 15:00:00,NSE:TIMESGTY,65.15,65.15,63.25,63.3,2189.0
2017-11-15 09:00:00,NSE:TIMESGTY,63.0,66.5,63.0,63.05,442.0
2017-11-15 10:00:00,NSE:TIMESGTY,63.5,64.4,63.0,64.4,2163.0
2017-11-15 11:00:00,NSE:TIMESGTY,63.15,63.15,63.15,63.15,9.0
2017-11-15 12:00:00,NSE:TIMESGTY,64.35,64.35,64.35,64.35,78.0
2017-11-15 13:00:00,NSE:TIMESGTY,63.9,63.9,63.15,63.15,219.0
2017-11-15 14:00:00,NSE:TIMESGTY,63.0,63.0,60.5,62.0,1151.0
2017-11-15 15:00:00,NSE:TIMESGTY,62.0,62.0,60.0,60.0,1232.0
2017-11-16 09:00:00,NSE:TIMESGTY,61.0,61.0,57.0,59.85,4175.0
2017-11-16 10:00:00,NSE:TIMESGTY,59.95,59.95,59.0,59.0,1326.0
2017-11-16 11:00:00,NSE:TIMESGTY,59.8,59.95,59.0,59.0,1479.0
2017-11-16 12:00:00,NSE:TIMESGTY,59.0,59.05,58.0,58.0,882.0
2017-11-16 13:00:00,NSE:TIMESGTY,58.0,58.7,55.85,57.2,3733.0
2017-11-16 14:00:00,NSE:TIMESGTY,57.95,58.65,56.0,57.8,1313.0
2017-11-16 15:00:00,NSE:TIMESGTY,58.3,58.3,57.0,57.4,820.0
2017-11-17 09:00:00,NSE:TIMESGTY,56.0,59.85,56.0,57.0,1512.0
2017-11-17 10:00:00,NSE:TIMESGTY,56.85,56.95,55.5,56.0,2697.0
2017-11-17 11:00:00,NSE:TIMESGTY,56.0,56.0,55.6,55.65,1125.0
2017-11-17 13:00:00,NSE:TIMESGTY,55.0,55.9,55.0,55.9,1111.0
2017-11-17 14:00:00,NSE:TIMESGTY,55.9,57.0,55.9,56.8,2633.0
2017-11-17 15:00:00,NSE:TIMESGTY,56.0,57.0,56.0,56.0,1169.0
2017-11-20 09:00:00,NSE:TIMESGTY,59.5,59.5,56.0,56.2,1718.0
2017-11-20 10:00:00,NSE:TIMESGTY,56.5,56.5,56.3,56.5,1701.0
2017-11-20 11:00:00,NSE:TIMESGTY,58.65,58.65,57.55,58.0,1014.0
2017-11-20 12:00:00,NSE:TIMESGTY,58.2,58.95,58.05,58.95,332.0
2017-11-20 13:00:00,NSE:TIMESGTY,59.0,61.95,59.0,61.95,4974.0
2017-11-20 14:00:00,NSE:TIMESGTY,61.95,61.95,61.95,61.95,61.0
2017-11-20 15:00:00,NSE:TIMESGTY,61.95,61.95,61.95,61.95,18.0
2017-11-21 09:00:00,NSE:TIMESGTY,68.1,68.1,65.1,67.5,12071.0
2017-11-21 10:00:00,NSE:TIMESGTY,68.0,68.1,67.0,68.1,5596.0
2017-11-21 11:00:00,NSE:TIMESGTY,68.1,68.1,68.1,68.1,54.0
2017-11-21 12:00:00,NSE:TIMESGTY,68.1,68.1,68.1,68.1,20.0
2017-11-21 13:00:00,NSE:TIMESGTY,68.1,68.1,68.1,68.1,510.0
2017-11-21 14:00:00,NSE:TIMESGTY,68.1,68.1,68.1,68.1,75.0
2017-11-21 15:00:00,NSE:TIMESGTY,68.1,68.1,68.1,68.1,50.0
2017-11-22 09:00:00,NSE:TIMESGTY,70.85,74.8,66.55,71.55,10854.0
2017-11-22 10:00:00,NSE:TIMESGTY,71.55,71.55,68.0,70.8,1802.0
2017-11-22 11:00:00,NSE:TIMESGTY,69.0,70.8,69.0,70.75,3935.0
2017-11-22 12:00:00,NSE:TIMESGTY,70.75,70.8,69.3,69.3,2906.0
2017-11-22 13:00:00,NSE:TIMESGTY,69.5,70.7,68.6,70.3,1326.0
2017-11-22 14:00:00,NSE:TIMESGTY,69.9,70.5,69.0,69.0,350.0
2017-11-22 15:00:00,NSE:TIMESGTY,69.0,71.8,69.0,71.0,3130.0
2017-11-23 09:00:00,NSE:TIMESGTY,71.6,71.6,69.05,71.5,3620.0
2017-11-23 10:00:00,NSE:TIMESGTY,69.75,71.95,69.75,71.0,1658.0
2017-11-23 11:00:00,NSE:TIMESGTY,70.95,71.0,69.2,69.3,214.0
2017-11-23 12:00:00,NSE:TIMESGTY,71.5,71.5,71.5,71.5,500.0
2017-11-23 13:00:00,NSE:TIMESGTY,70.0,71.5,67.0,69.0,2355.0
2017-11-23 14:00:00,NSE:TIMESGTY,68.1,71.35,67.2,68.0,1391.0
2017-11-23 15:00:00,NSE:TIMESGTY,68.0,69.8,68.0,69.8,617.0
2017-11-24 09:00:00,NSE:TIMESGTY,69.45,69.45,67.35,68.0,450.0
2017-11-24 10:00:00,NSE:TIMESGTY,67.55,69.45,67.55,68.05,463.0
2017-11-24 11:00:00,NSE:TIMESGTY,68.3,69.0,68.1,69.0,179.0
2017-11-24 13:00:00,NSE:TIMESGTY,68.25,68.25,67.8,67.8,315.0
2017-11-24 14:00:00,NSE:TIMESGTY,67.8,68.2,67.55,67.55,542.0
2017-11-24 15:00:00,NSE:TIMESGTY,68.0,68.0,66.5,66.55,177.0
2017-11-27 09:00:00,NSE:TIMESGTY,65.9,69.35,65.9,69.3,256.0
2017-11-27 10:00:00,NSE:TIMESGTY,67.35,69.35,67.35,68.05,1158.0
2017-11-27 11:00:00,NSE:TIMESGTY,68.95,69.0,67.5,67.5,402.0
2017-11-27 12:00:00,NSE:TIMESGTY,67.2,67.2,67.2,67.2,201.0
2017-11-27 13:00:00,NSE:TIMESGTY,66.95,68.7,66.9,67.5,679.0
2017-11-27 14:00:00,NSE:TIMESGTY,66.15,67.95,66.15,67.95,451.0
2017-11-27 15:00:00,NSE:TIMESGTY,67.8,67.8,66.45,67.5,188.0
2017-11-28 09:00:00,NSE:TIMESGTY,67.6,67.6,67.5,67.5,301.0
2017-11-28 10:00:00,NSE:TIMESGTY,69.0,69.0,69.0,69.0,30.0
2017-11-28 11:00:00,NSE:TIMESGTY,66.0,67.9,65.05,67.9,3205.0
2017-11-28 12:00:00,NSE:TIMESGTY,67.85,67.85,65.4,67.1,253.0
2017-11-28 13:00:00,NSE:TIMESGTY,66.9,66.9,66.1,66.55,154.0
2017-11-28 14:00:00,NSE:TIMESGTY,66.55,66.6,65.05,66.0,1871.0
2017-11-28 15:00:00,NSE:TIMESGTY,66.0,67.0,66.0,67.0,2539.0
2017-11-29 09:00:00,NSE:TIMESGTY,67.95,68.8,66.0,67.4,2599.0
2017-11-29 10:00:00,NSE:TIMESGTY,67.0,68.5,67.0,67.7,2516.0
2017-11-29 11:00:00,NSE:TIMESGTY,68.4,72.6,68.05,72.0,27275.0
2017-11-29 12:00:00,NSE:TIMESGTY,72.0,72.6,71.1,72.6,22501.0
2017-11-29 13:00:00,NSE:TIMESGTY,72.6,72.6,71.65,72.6,1857.0
2017-11-29 14:00:00,NSE:TIMESGTY,72.6,72.6,71.0,71.75,7895.0
2017-11-29 15:00:00,NSE:TIMESGTY,71.7,72.3,70.95,71.25,3014.0
2017-11-30 09:00:00,NSE:TIMESGTY,70.9,70.9,67.2,69.3,4371.0
2017-11-30 10:00:00,NSE:TIMESGTY,69.3,69.3,67.4,68.75,3983.0
2017-11-30 11:00:00,NSE:TIMESGTY,69.0,69.4,68.2,69.4,1357.0
2017-11-30 12:00:00,NSE:TIMESGTY,69.4,69.7,68.6,69.7,263.0
2017-11-30 13:00:00,NSE:TIMESGTY,69.65,70.0,69.0,70.0,1682.0
2017-11-30 14:00:00,NSE:TIMESGTY,70.05,70.8,69.9,69.9,1215.0
2017-11-30 15:00:00,NSE:TIMESGTY,69.05,69.85,68.35,69.0,324.0
2017-12-01 09:00:00,NSE:TIMESGTY,66.0,71.0,66.0,70.0,322.0
2017-12-01 10:00:00,NSE:TIMESGTY,70.0,70.0,68.55,69.0,680.0
2017-12-01 11:00:00,NSE:TIMESGTY,69.0,69.0,67.2,67.9,630.0
2017-12-01 12:00:00,NSE:TIMESGTY,67.9,67.9,67.4,67.4,276.0
2017-12-01 13:00:00,NSE:TIMESGTY,69.2,69.2,66.2,68.05,3693.0
2017-12-01 14:00:00,NSE:TIMESGTY,68.95,68.95,66.8,67.0,1476.0
2017-12-01 15:00:00,NSE:TIMESGTY,67.0,68.35,66.5,68.35,896.0
2017-12-04 09:00:00,NSE:TIMESGTY,69.95,70.0,66.3,69.05,3277.0
2017-12-04 10:00:00,NSE:TIMESGTY,69.0,70.45,68.1,69.0,1713.0
2017-12-04 11:00:00,NSE:TIMESGTY,70.0,73.85,70.0,72.5,14814.0
2017-12-04 12:00:00,NSE:TIMESGTY,72.0,72.35,70.85,72.1,5510.0
2017-12-04 13:00:00,NSE:TIMESGTY,70.55,73.45,70.55,73.0,2679.0
2017-12-04 14:00:00,NSE:TIMESGTY,73.0,73.5,71.6,71.8,2190.0
2017-12-04 15:00:00,NSE:TIMESGTY,72.0,73.4,70.55,72.0,6710.0
2017-12-05 09:00:00,NSE:TIMESGTY,72.9,78.15,72.9,76.0,26113.0
2017-12-05 10:00:00,NSE:TIMESGTY,76.0,79.2,75.7,78.7,31692.0
2017-12-05 11:00:00,NSE:TIMESGTY,78.9,79.2,78.2,79.2,15473.0
2017-12-05 12:00:00,NSE:TIMESGTY,79.2,79.2,79.2,79.2,2334.0
2017-12-05 13:00:00,NSE:TIMESGTY,79.2,79.2,79.2,79.2,1262.0
2017-12-05 14:00:00,NSE:TIMESGTY,79.2,79.2,79.2,79.2,671.0
2017-12-05 15:00:00,NSE:TIMESGTY,79.2,79.2,79.2,79.2,257.0
2017-12-06 09:00:00,NSE:TIMESGTY,81.95,87.1,81.0,87.1,51963.0
2017-12-06 10:00:00,NSE:TIMESGTY,87.1,87.1,87.1,87.1,3123.0
2017-12-06 11:00:00,NSE:TIMESGTY,87.1,87.1,86.75,87.1,13600.0
2017-12-06 12:00:00,NSE:TIMESGTY,87.1,87.1,87.1,87.1,142.0
2017-12-06 13:00:00,NSE:TIMESGTY,87.1,87.1,87.1,87.1,25.0
2017-12-06 14:00:00,NSE:TIMESGTY,87.1,87.1,87.1,87.1,238.0
2017-12-06 15:00:00,NSE:TIMESGTY,87.1,87.1,87.1,87.1,97.0
2017-12-07 09:00:00,NSE:TIMESGTY,91.45,91.45,90.0,91.45,16995.0
2017-12-07 10:00:00,NSE:TIMESGTY,91.45,91.45,91.45,91.45,600.0
2017-12-07 11:00:00,NSE:TIMESGTY,91.45,91.45,91.45,91.45,355.0
2017-12-07 12:00:00,NSE:TIMESGTY,91.45,91.45,91.45,91.45,424.0
2017-12-07 13:00:00,NSE:TIMESGTY,91.45,91.45,91.45,91.45,286.0
2017-12-07 14:00:00,NSE:TIMESGTY,91.45,91.45,91.45,91.45,419.0
2017-12-07 15:00:00,NSE:TIMESGTY,91.45,91.45,91.45,91.45,30.0
2017-12-08 09:00:00,NSE:TIMESGTY,96.0,96.0,86.9,90.8,26610.0
2017-12-08 10:00:00,NSE:TIMESGTY,89.55,92.7,86.9,86.9,41845.0
2017-12-08 11:00:00,NSE:TIMESGTY,86.9,86.9,86.9,86.9,397.0
2017-12-08 12:00:00,NSE:TIMESGTY,86.9,86.9,86.9,86.9,230.0
2017-12-08 13:00:00,NSE:TIMESGTY,86.9,86.9,86.9,86.9,132.0
2017-12-08 14:00:00,NSE:TIMESGTY,86.9,86.9,86.9,86.9,1131.0
2017-12-08 15:00:00,NSE:TIMESGTY,86.9,86.9,86.9,86.9,245.0
2017-12-11 09:00:00,NSE:TIMESGTY,82.6,82.6,82.6,82.6,1143.0
2017-12-11 10:00:00,NSE:TIMESGTY,82.6,82.6,82.6,82.6,580.0
2017-12-11 11:00:00,NSE:TIMESGTY,82.6,82.6,82.6,82.6,116.0
2017-12-11 12:00:00,NSE:TIMESGTY,82.6,82.6,82.6,82.6,100.0
2017-12-11 13:00:00,NSE:TIMESGTY,82.6,82.6,82.6,82.6,331.0
2017-12-11 14:00:00,NSE:TIMESGTY,82.6,82.6,82.6,82.6,24.0
2017-12-11 15:00:00,NSE:TIMESGTY,82.6,82.6,82.6,82.6,18.0
2017-12-12 09:00:00,NSE:TIMESGTY,80.5,86.6,78.5,86.6,30467.0
2017-12-12 10:00:00,NSE:TIMESGTY,86.6,86.7,81.1,84.4,24759.0
2017-12-12 11:00:00,NSE:TIMESGTY,83.75,84.75,83.7,84.0,788.0
2017-12-12 12:00:00,NSE:TIMESGTY,84.35,86.7,84.35,86.7,11459.0
2017-12-12 13:00:00,NSE:TIMESGTY,86.7,86.7,85.75,86.7,10963.0
2017-12-12 14:00:00,NSE:TIMESGTY,86.7,86.7,85.85,86.7,3558.0
2017-12-12 15:00:00,NSE:TIMESGTY,86.7,86.7,86.7,86.7,510.0
2017-12-13 09:00:00,NSE:TIMESGTY,88.4,91.0,83.25,85.95,10132.0
2017-12-13 10:00:00,NSE:TIMESGTY,85.0,85.0,83.05,83.05,2923.0
2017-12-13 11:00:00,NSE:TIMESGTY,83.9,84.15,83.0,83.45,1148.0
2017-12-13 12:00:00,NSE:TIMESGTY,83.2,83.75,82.4,82.4,2071.0
2017-12-13 13:00:00,NSE:TIMESGTY,82.4,82.4,82.4,82.4,454.0
2017-12-13 14:00:00,NSE:TIMESGTY,82.4,82.4,82.4,82.4,466.0
2017-12-13 15:00:00,NSE:TIMESGTY,82.4,82.4,82.4,82.4,51.0
2017-12-14 09:00:00,NSE:TIMESGTY,82.05,82.05,78.3,78.3,1216.0
2017-12-14 10:00:00,NSE:TIMESGTY,78.35,79.6,78.3,78.3,846.0
2017-12-14 11:00:00,NSE:TIMESGTY,78.5,78.5,78.3,78.3,346.0
2017-12-14 12:00:00,NSE:TIMESGTY,78.3,78.3,78.3,78.3,56.0
2017-12-14 13:00:00,NSE:TIMESGTY,78.3,78.3,78.3,78.3,78.0
2017-12-14 14:00:00,NSE:TIMESGTY,78.3,78.3,78.3,78.3,286.0
2017-12-14 15:00:00,NSE:TIMESGTY,78.3,78.3,78.3,78.3,36.0
2017-12-15 09:00:00,NSE:TIMESGTY,82.2,82.2,78.0,79.0,2054.0
2017-12-15 10:00:00,NSE:TIMESGTY,79.0,81.5,79.0,81.4,715.0
2017-12-15 11:00:00,NSE:TIMESGTY,81.4,81.4,78.15,78.15,596.0
2017-12-15 12:00:00,NSE:TIMESGTY,78.3,80.8,78.3,80.0,1036.0
2017-12-15 13:00:00,NSE:TIMESGTY,80.1,80.1,80.1,80.1,100.0
2017-12-15 14:00:00,NSE:TIMESGTY,81.3,81.4,80.15,81.0,430.0
2017-12-15 15:00:00,NSE:TIMESGTY,81.0,81.0,79.1,80.5,906.0
2017-12-18 09:00:00,NSE:TIMESGTY,79.0,82.0,77.05,81.25,2813.0
2017-12-18 10:00:00,NSE:TIMESGTY,81.6,83.5,80.25,82.95,4316.0
2017-12-18 11:00:00,NSE:TIMESGTY,83.0,83.0,82.9,82.9,565.0
2017-12-18 12:00:00,NSE:TIMESGTY,82.85,83.9,82.85,83.9,6442.0
2017-12-18 13:00:00,NSE:TIMESGTY,83.9,83.9,82.15,82.15,2019.0
2017-12-18 14:00:00,NSE:TIMESGTY,83.3,83.3,82.4,82.5,329.0
2017-12-18 15:00:00,NSE:TIMESGTY,82.45,83.85,82.0,83.8,513.0
2017-12-19 09:00:00,NSE:TIMESGTY,86.0,86.0,80.5,83.0,1275.0
2017-12-19 10:00:00,NSE:TIMESGTY,83.95,84.0,83.0,83.9,994.0
2017-12-19 11:00:00,NSE:TIMESGTY,83.05,83.1,82.2,83.1,418.0
2017-12-19 12:00:00,NSE:TIMESGTY,82.1,83.65,82.1,82.3,154.0
2017-12-19 13:00:00,NSE:TIMESGTY,83.65,83.65,83.0,83.0,61.0
2017-12-19 14:00:00,NSE:TIMESGTY,83.0,83.45,82.5,83.45,567.0
2017-12-19 15:00:00,NSE:TIMESGTY,83.4,83.4,80.25,83.25,615.0
2017-12-20 09:00:00,NSE:TIMESGTY,84.95,84.95,79.0,82.0,1302.0
2017-12-20 10:00:00,NSE:TIMESGTY,82.0,82.0,80.7,81.0,306.0
2017-12-20 11:00:00,NSE:TIMESGTY,81.05,82.5,79.25,80.9,2047.0
2017-12-20 12:00:00,NSE:TIMESGTY,79.65,79.9,77.95,79.3,4981.0
2017-12-20 13:00:00,NSE:TIMESGTY,79.3,79.3,77.75,77.75,6918.0
2017-12-20 14:00:00,NSE:TIMESGTY,77.75,77.75,77.75,77.75,450.0
2017-12-20 15:00:00,NSE:TIMESGTY,77.75,77.75,77.75,77.75,1685.0
2017-12-21 09:00:00,NSE:TIMESGTY,77.2,79.95,74.4,78.15,4398.0
2017-12-21 10:00:00,NSE:TIMESGTY,78.05,79.0,76.6,79.0,1677.0
2017-12-21 11:00:00,NSE:TIMESGTY,79.8,79.8,76.85,77.5,866.0
2017-12-21 12:00:00,NSE:TIMESGTY,76.85,77.45,75.7,77.25,1306.0
2017-12-21 13:00:00,NSE:TIMESGTY,76.15,77.3,76.15,77.0,265.0
2017-12-21 14:00:00,NSE:TIMESGTY,76.55,81.0,76.55,79.8,6280.0
2017-12-21 15:00:00,NSE:TIMESGTY,79.95,81.5,77.5,77.5,1941.0
2017-12-22 09:00:00,NSE:TIMESGTY,79.95,79.95,77.55,78.2,1112.0
2017-12-22 10:00:00,NSE:TIMESGTY,78.1,78.45,77.6,77.65,693.0
2017-12-22 11:00:00,NSE:TIMESGTY,78.45,78.95,78.1,78.1,1022.0
2017-12-22 12:00:00,NSE:TIMESGTY,78.25,79.95,78.25,79.0,1025.0
2017-12-22 13:00:00,NSE:TIMESGTY,79.15,80.95,79.15,79.75,1129.0
2017-12-22 14:00:00,NSE:TIMESGTY,79.4,80.35,79.4,80.35,702.0
2017-12-22 15:00:00,NSE:TIMESGTY,80.35,80.45,79.4,79.65,955.0
2017-12-26 09:00:00,NSE:TIMESGTY,79.7,79.95,76.35,77.0,1651.0
2017-12-26 10:00:00,NSE:TIMESGTY,77.0,77.95,76.6,77.2,1339.0
2017-12-26 11:00:00,NSE:TIMESGTY,77.85,77.85,77.1,77.4,227.0
2017-12-26 12:00:00,NSE:TIMESGTY,77.9,78.0,77.2,78.0,792.0
2017-12-26 13:00:00,NSE:TIMESGTY,76.75,77.55,76.75,77.55,315.0
2017-12-26 14:00:00,NSE:TIMESGTY,77.55,78.0,77.05,77.2,337.0
2017-12-26 15:00:00,NSE:TIMESGTY,77.95,77.95,77.2,77.2,190.0
2017-12-27 09:00:00,NSE:TIMESGTY,79.9,79.9,74.0,74.9,10018.0
2017-12-27 10:00:00,NSE:TIMESGTY,74.8,74.9,74.0,74.4,2697.0
2017-12-27 11:00:00,NSE:TIMESGTY,74.75,75.65,74.6,74.6,1707.0
2017-12-27 12:00:00,NSE:TIMESGTY,75.2,75.55,74.5,75.0,3518.0
2017-12-27 13:00:00,NSE:TIMESGTY,75.0,75.15,74.85,75.0,863.0
2017-12-27 14:00:00,NSE:TIMESGTY,75.0,75.0,74.0,74.75,4531.0
2017-12-27 15:00:00,NSE:TIMESGTY,74.0,74.6,74.0,74.0,2474.0
2017-12-28 09:00:00,NSE:TIMESGTY,74.0,76.0,72.3,75.2,2140.0
2017-12-28 10:00:00,NSE:TIMESGTY,75.25,75.85,73.05,74.0,1282.0
2017-12-28 11:00:00,NSE:TIMESGTY,73.0,74.45,71.0,73.0,3374.0
2017-12-28 12:00:00,NSE:TIMESGTY,72.95,72.95,71.8,72.0,2570.0
2017-12-28 13:00:00,NSE:TIMESGTY,72.0,72.0,71.3,71.3,2548.0
2017-12-28 14:00:00,NSE:TIMESGTY,72.0,72.0,70.55,72.0,3957.0
2017-12-28 15:00:00,NSE:TIMESGTY,71.5,71.65,70.4,70.7,1441.0
2017-12-29 09:00:00,NSE:TIMESGTY,70.7,73.2,70.5,71.05,2217.0
2017-12-29 10:00:00,NSE:TIMESGTY,72.9,72.9,71.25,72.6,6169.0
2017-12-29 11:00:00,NSE:TIMESGTY,72.65,74.2,71.65,73.45,12161.0
2017-12-29 12:00:00,NSE:TIMESGTY,72.55,73.3,70.1,70.5,2902.0
2017-12-29 13:00:00,NSE:TIMESGTY,70.5,70.5,70.5,70.5,1520.0
2017-12-29 14:00:00,NSE:TIMESGTY,71.0,71.05,70.5,70.5,450.0
2017-12-29 15:00:00,NSE:TIMESGTY,70.45,74.0,70.45,72.8,1240.0
2018-01-01 09:00:00,NSE:TIMESGTY,74.95,74.95,70.3,72.1,1864.0
2018-01-01 10:00:00,NSE:TIMESGTY,72.7,73.5,72.4,73.0,2177.0
2018-01-01 11:00:00,NSE:TIMESGTY,72.35,73.05,70.5,72.0,2695.0
2018-01-01 12:00:00,NSE:TIMESGTY,71.9,72.7,71.9,72.7,2612.0
2018-01-01 13:00:00,NSE:TIMESGTY,72.5,73.05,71.95,72.8,793.0
2018-01-01 14:00:00,NSE:TIMESGTY,72.45,72.95,72.0,72.95,413.0
2018-01-01 15:00:00,NSE:TIMESGTY,71.95,73.05,71.95,73.05,191.0
2018-01-02 09:00:00,NSE:TIMESGTY,73.05,74.95,70.5,71.0,3942.0
2018-01-02 10:00:00,NSE:TIMESGTY,71.0,71.05,70.4,71.0,1800.0
2018-01-02 11:00:00,NSE:TIMESGTY,70.5,72.75,70.0,72.3,1144.0
2018-01-02 12:00:00,NSE:TIMESGTY,71.9,72.2,71.5,72.2,139.0
2018-01-02 14:00:00,NSE:TIMESGTY,72.1,72.1,71.2,71.2,417.0
2018-01-02 15:00:00,NSE:TIMESGTY,71.2,71.2,70.5,70.5,598.0
2018-01-03 09:00:00,NSE:TIMESGTY,71.05,72.05,71.05,72.05,86.0
2018-01-03 10:00:00,NSE:TIMESGTY,72.2,72.2,69.6,70.9,759.0
2018-01-03 11:00:00,NSE:TIMESGTY,71.4,73.85,71.0,72.3,1839.0
2018-01-03 12:00:00,NSE:TIMESGTY,73.75,73.75,72.45,73.75,1756.0
2018-01-03 13:00:00,NSE:TIMESGTY,73.75,73.9,73.75,73.9,1871.0
2018-01-03 14:00:00,NSE:TIMESGTY,73.7,74.3,73.3,74.1,3185.0
2018-01-03 15:00:00,NSE:TIMESGTY,73.45,74.3,73.45,74.3,557.0
2018-01-04 09:00:00,NSE:TIMESGTY,77.7,77.75,77.7,77.75,2704.0
2018-01-04 10:00:00,NSE:TIMESGTY,77.75,77.75,77.75,77.75,462.0
2018-01-04 11:00:00,NSE:TIMESGTY,77.75,77.75,77.75,77.75,450.0
2018-01-04 12:00:00,NSE:TIMESGTY,77.75,77.75,77.75,77.75,259.0
2018-01-04 13:00:00,NSE:TIMESGTY,77.75,77.75,77.75,77.75,486.0
2018-01-04 14:00:00,NSE:TIMESGTY,77.75,77.75,77.75,77.75,150.0
2018-01-05 09:00:00,NSE:TIMESGTY,81.6,81.6,81.6,81.6,2379.0
2018-01-05 10:00:00,NSE:TIMESGTY,81.6,81.6,81.6,81.6,950.0
2018-01-05 11:00:00,NSE:TIMESGTY,81.6,81.6,81.6,81.6,530.0
2018-01-05 12:00:00,NSE:TIMESGTY,81.6,81.6,81.6,81.6,730.0
2018-01-05 13:00:00,NSE:TIMESGTY,81.6,81.6,81.6,81.6,313.0
2018-01-05 14:00:00,NSE:TIMESGTY,81.6,81.6,81.6,81.6,315.0
2018-01-05 15:00:00,NSE:TIMESGTY,81.6,81.6,81.6,81.6,119.0
2018-01-08 09:00:00,NSE:TIMESGTY,85.65,85.65,85.65,85.65,4500.0
2018-01-08 10:00:00,NSE:TIMESGTY,85.65,85.65,85.65,85.65,255.0
2018-01-08 11:00:00,NSE:TIMESGTY,85.65,85.65,85.65,85.65,765.0
2018-01-08 12:00:00,NSE:TIMESGTY,85.65,85.65,85.65,85.65,210.0
2018-01-08 13:00:00,NSE:TIMESGTY,85.65,85.65,85.65,85.65,1110.0
2018-01-08 14:00:00,NSE:TIMESGTY,85.65,85.65,85.65,85.65,887.0
2018-01-08 15:00:00,NSE:TIMESGTY,85.65,85.65,85.65,85.65,245.0
2018-01-09 09:00:00,NSE:TIMESGTY,89.9,89.9,89.9,89.9,2689.0
2018-01-09 10:00:00,NSE:TIMESGTY,89.9,89.9,89.9,89.9,913.0
2018-01-09 11:00:00,NSE:TIMESGTY,89.9,89.9,89.9,89.9,300.0
2018-01-09 12:00:00,NSE:TIMESGTY,89.9,89.9,89.9,89.9,258.0
2018-01-09 13:00:00,NSE:TIMESGTY,89.9,89.9,89.9,89.9,1233.0
2018-01-09 14:00:00,NSE:TIMESGTY,89.9,89.9,89.9,89.9,70.0
2018-01-09 15:00:00,NSE:TIMESGTY,89.9,89.9,89.9,89.9,50.0
2018-01-10 09:00:00,NSE:TIMESGTY,94.35,94.35,94.35,94.35,7515.0
2018-01-10 10:00:00,NSE:TIMESGTY,94.35,94.35,94.35,94.35,6130.0
2018-01-10 11:00:00,NSE:TIMESGTY,94.35,94.35,94.35,94.35,43020.0
2018-01-10 12:00:00,NSE:TIMESGTY,94.35,94.35,94.35,94.35,10028.0
2018-01-10 13:00:00,NSE:TIMESGTY,94.35,94.35,94.35,94.35,13146.0
2018-01-10 14:00:00,NSE:TIMESGTY,94.35,94.35,94.35,94.35,1156.0
2018-01-10 15:00:00,NSE:TIMESGTY,94.35,94.35,94.35,94.35,74.0
2018-01-11 09:00:00,NSE:TIMESGTY,97.7,97.7,89.65,89.65,4632.0
2018-01-11 10:00:00,NSE:TIMESGTY,89.65,89.65,89.65,89.65,809.0
2018-01-11 11:00:00,NSE:TIMESGTY,89.65,89.65,89.65,89.65,60.0
2018-01-11 12:00:00,NSE:TIMESGTY,89.65,89.65,89.65,89.65,221.0
2018-01-11 13:00:00,NSE:TIMESGTY,89.65,89.65,89.65,89.65,71.0
2018-01-11 14:00:00,NSE:TIMESGTY,89.65,89.65,89.65,89.65,100.0
2018-01-11 15:00:00,NSE:TIMESGTY,89.65,89.65,89.65,89.65,612.0
2018-01-12 09:00:00,NSE:TIMESGTY,85.2,85.2,85.2,85.2,871.0
2018-01-12 10:00:00,NSE:TIMESGTY,85.2,85.2,85.2,85.2,195.0
2018-01-12 11:00:00,NSE:TIMESGTY,85.2,85.2,85.2,85.2,747.0
2018-01-12 12:00:00,NSE:TIMESGTY,85.2,85.2,85.2,85.2,500.0
2018-01-12 13:00:00,NSE:TIMESGTY,85.2,85.2,85.2,85.2,100.0
2018-01-12 14:00:00,NSE:TIMESGTY,85.2,85.2,85.2,85.2,41.0
2018-01-12 15:00:00,NSE:TIMESGTY,85.2,85.2,85.2,85.2,1062.0
2018-01-15 09:00:00,NSE:TIMESGTY,81.25,85.0,81.25,82.65,7201.0
2018-01-15 10:00:00,NSE:TIMESGTY,83.75,84.5,80.95,81.8,20214.0
2018-01-15 11:00:00,NSE:TIMESGTY,81.95,83.0,80.95,81.25,6111.0
2018-01-15 12:00:00,NSE:TIMESGTY,81.0,81.75,80.95,80.95,941.0
2018-01-15 13:00:00,NSE:TIMESGTY,80.95,80.95,80.95,80.95,431.0
2018-01-15 14:00:00,NSE:TIMESGTY,80.95,81.0,80.95,80.95,619.0
2018-01-15 15:00:00,NSE:TIMESGTY,80.95,80.95,80.95,80.95,327.0
2018-01-16 09:00:00,NSE:TIMESGTY,81.0,81.0,78.1,78.1,1901.0
2018-01-16 10:00:00,NSE:TIMESGTY,78.5,79.0,78.0,78.85,1111.0
2018-01-16 11:00:00,NSE:TIMESGTY,78.5,78.5,76.95,77.85,7805.0
2018-01-16 12:00:00,NSE:TIMESGTY,77.6,77.75,76.95,76.95,217.0
2018-01-16 13:00:00,NSE:TIMESGTY,76.95,77.75,76.95,77.45,2455.0
2018-01-16 14:00:00,NSE:TIMESGTY,76.95,76.95,76.95,76.95,486.0
2018-01-16 15:00:00,NSE:TIMESGTY,76.95,76.95,76.95,76.95,131.0
2018-01-17 09:00:00,NSE:TIMESGTY,80.0,80.0,73.15,73.15,10500.0
2018-01-17 10:00:00,NSE:TIMESGTY,73.15,73.15,73.15,73.15,5474.0
2018-01-17 11:00:00,NSE:TIMESGTY,73.15,73.15,73.15,73.15,2513.0
2018-01-17 12:00:00,NSE:TIMESGTY,73.15,73.15,73.15,73.15,123.0
2018-01-17 13:00:00,NSE:TIMESGTY,73.15,73.15,73.15,73.15,4363.0
2018-01-17 14:00:00,NSE:TIMESGTY,73.15,73.65,73.15,73.15,1310.0
2018-01-17 15:00:00,NSE:TIMESGTY,73.15,73.15,73.15,73.15,4978.0
2018-01-18 09:00:00,NSE:TIMESGTY,75.8,75.8,70.9,74.95,2694.0
2018-01-18 10:00:00,NSE:TIMESGTY,75.5,76.8,74.95,76.8,7698.0
2018-01-18 11:00:00,NSE:TIMESGTY,76.8,76.8,75.05,76.45,16629.0
2018-01-18 12:00:00,NSE:TIMESGTY,76.4,76.4,75.0,75.25,3252.0
2018-01-18 13:00:00,NSE:TIMESGTY,76.25,76.75,75.45,76.5,3032.0
2018-01-18 14:00:00,NSE:TIMESGTY,75.8,75.9,74.2,74.2,1449.0
2018-01-18 15:00:00,NSE:TIMESGTY,74.2,75.8,74.0,74.0,850.0
2018-01-19 09:00:00,NSE:TIMESGTY,72.5,72.7,70.9,72.0,9205.0
2018-01-19 10:00:00,NSE:TIMESGTY,71.15,71.95,71.0,71.25,6143.0
2018-01-19 11:00:00,NSE:TIMESGTY,71.25,71.55,70.85,70.85,6043.0
2018-01-19 12:00:00,NSE:TIMESGTY,70.85,70.85,70.85,70.85,723.0
2018-01-19 14:00:00,NSE:TIMESGTY,70.85,70.85,70.85,70.85,300.0
2018-01-19 15:00:00,NSE:TIMESGTY,70.85,70.85,70.85,70.85,2404.0
2018-01-22 09:00:00,NSE:TIMESGTY,73.8,73.8,68.5,68.55,2673.0
2018-01-22 10:00:00,NSE:TIMESGTY,70.7,72.8,70.5,72.8,2963.0
2018-01-22 11:00:00,NSE:TIMESGTY,72.6,72.6,70.1,70.1,554.0
2018-01-22 12:00:00,NSE:TIMESGTY,70.5,70.5,70.5,70.5,52.0
2018-01-22 13:00:00,NSE:TIMESGTY,70.5,70.5,69.0,69.0,321.0
2018-01-22 14:00:00,NSE:TIMESGTY,70.0,70.5,70.0,70.0,677.0
2018-01-22 15:00:00,NSE:TIMESGTY,70.0,70.8,69.0,69.0,797.0
2018-01-23 09:00:00,NSE:TIMESGTY,68.0,72.65,68.0,70.1,974.0
2018-01-23 10:00:00,NSE:TIMESGTY,71.0,73.0,70.2,72.75,5957.0
2018-01-23 11:00:00,NSE:TIMESGTY,71.85,72.75,70.2,71.95,2599.0
2018-01-23 12:00:00,NSE:TIMESGTY,71.95,71.95,71.05,71.65,8.0
2018-01-23 13:00:00,NSE:TIMESGTY,71.05,71.5,70.35,70.35,508.0
2018-01-23 14:00:00,NSE:TIMESGTY,70.75,71.8,70.55,71.75,2132.0
2018-01-23 15:00:00,NSE:TIMESGTY,71.05,71.5,70.55,70.55,1199.0
2018-01-24 09:00:00,NSE:TIMESGTY,71.0,72.65,68.5,69.15,3835.0
2018-01-24 10:00:00,NSE:TIMESGTY,69.15,71.0,69.15,71.0,396.0
2018-01-24 11:00:00,NSE:TIMESGTY,70.0,71.3,70.0,71.3,231.0
2018-01-24 12:00:00,NSE:TIMESGTY,70.9,70.9,69.15,69.15,924.0
2018-01-24 13:00:00,NSE:TIMESGTY,70.2,70.7,69.5,69.5,165.0
2018-01-24 14:00:00,NSE:TIMESGTY,70.35,70.7,67.85,69.6,2451.0
2018-01-24 15:00:00,NSE:TIMESGTY,69.55,69.8,68.0,68.1,1207.0
2018-01-25 09:00:00,NSE:TIMESGTY,68.1,70.85,68.1,70.75,227.0
2018-01-25 10:00:00,NSE:TIMESGTY,69.05,70.65,68.5,70.45,308.0
2018-01-25 11:00:00,NSE:TIMESGTY,68.0,69.1,68.0,69.1,600.0
2018-01-25 12:00:00,NSE:TIMESGTY,68.35,69.0,68.35,69.0,479.0
2018-01-25 13:00:00,NSE:TIMESGTY,68.9,68.9,66.0,68.65,6963.0
2018-01-25 14:00:00,NSE:TIMESGTY,66.2,67.75,66.2,67.75,927.0
2018-01-25 15:00:00,NSE:TIMESGTY,67.75,67.75,66.3,66.95,1114.0
2018-01-29 09:00:00,NSE:TIMESGTY,66.5,69.4,65.95,67.1,2012.0
2018-01-29 10:00:00,NSE:TIMESGTY,69.3,69.3,67.25,68.5,924.0
2018-01-29 11:00:00,NSE:TIMESGTY,68.5,68.95,68.5,68.8,93.0
2018-01-29 12:00:00,NSE:TIMESGTY,68.7,68.8,68.7,68.75,176.0
2018-01-29 13:00:00,NSE:TIMESGTY,68.75,68.75,67.1,68.0,826.0
2018-01-29 14:00:00,NSE:TIMESGTY,67.2,68.25,67.1,68.25,695.0
2018-01-29 15:00:00,NSE:TIMESGTY,68.0,68.0,68.0,68.0,596.0
2018-01-30 09:00:00,NSE:TIMESGTY,69.55,69.55,64.7,66.5,8280.0
2018-01-30 10:00:00,NSE:TIMESGTY,65.0,66.5,64.6,65.0,650.0
2018-01-30 11:00:00,NSE:TIMESGTY,66.0,66.5,66.0,66.5,8.0
2018-01-30 12:00:00,NSE:TIMESGTY,66.0,66.0,64.6,64.6,250.0
2018-01-30 13:00:00,NSE:TIMESGTY,65.95,66.45,64.65,65.0,1515.0
2018-01-30 14:00:00,NSE:TIMESGTY,65.0,65.85,64.8,65.85,44.0
2018-01-30 15:00:00,NSE:TIMESGTY,65.8,66.0,64.65,65.8,868.0
2018-01-31 09:00:00,NSE:TIMESGTY,65.0,66.4,62.35,66.0,401.0
2018-01-31 10:00:00,NSE:TIMESGTY,65.5,66.9,64.1,66.35,806.0
2018-01-31 11:00:00,NSE:TIMESGTY,66.0,66.15,62.25,63.7,5890.0
2018-01-31 12:00:00,NSE:TIMESGTY,62.45,63.4,62.35,62.35,379.0
2018-01-31 13:00:00,NSE:TIMESGTY,62.35,62.35,62.25,62.25,1316.0
2018-01-31 14:00:00,NSE:TIMESGTY,62.25,62.25,62.25,62.25,100.0
2018-01-31 15:00:00,NSE:TIMESGTY,62.25,62.25,62.25,62.25,580.0
2018-02-01 09:00:00,NSE:TIMESGTY,61.0,62.0,59.3,61.7,1420.0
2018-02-01 10:00:00,NSE:TIMESGTY,61.4,64.8,60.2,64.0,3543.0
2018-02-01 11:00:00,NSE:TIMESGTY,64.0,65.0,63.3,63.75,1681.0
2018-02-01 12:00:00,NSE:TIMESGTY,64.05,64.05,62.15,63.6,719.0
2018-02-01 13:00:00,NSE:TIMESGTY,62.5,64.45,62.5,63.0,381.0
2018-02-01 14:00:00,NSE:TIMESGTY,64.15,64.15,63.1,63.1,959.0
2018-02-01 15:00:00,NSE:TIMESGTY,63.1,63.5,63.0,63.5,649.0
2018-02-02 09:00:00,NSE:TIMESGTY,62.95,62.95,60.15,60.5,3521.0
2018-02-02 10:00:00,NSE:TIMESGTY,61.75,61.75,60.15,60.15,1368.0
2018-02-02 11:00:00,NSE:TIMESGTY,60.15,60.15,60.15,60.15,1635.0
2018-02-02 12:00:00,NSE:TIMESGTY,60.15,60.15,60.15,60.15,180.0
2018-02-02 13:00:00,NSE:TIMESGTY,60.15,60.15,60.15,60.15,11.0
2018-02-02 14:00:00,NSE:TIMESGTY,60.15,60.15,60.15,60.15,5469.0
2018-02-02 15:00:00,NSE:TIMESGTY,60.15,60.15,60.15,60.15,276.0
2018-02-05 09:00:00,NSE:TIMESGTY,57.15,59.25,57.15,58.7,1984.0
2018-02-05 10:00:00,NSE:TIMESGTY,58.6,58.7,57.6,57.6,890.0
2018-02-05 11:00:00,NSE:TIMESGTY,58.5,58.7,57.9,57.9,180.0
2018-02-05 12:00:00,NSE:TIMESGTY,59.6,59.6,58.05,59.1,153.0
2018-02-05 13:00:00,NSE:TIMESGTY,59.05,59.1,57.2,57.2,600.0
2018-02-05 14:00:00,NSE:TIMESGTY,57.25,57.25,57.25,57.25,50.0
2018-02-05 15:00:00,NSE:TIMESGTY,57.25,58.6,57.25,58.6,183.0
2018-02-06 09:00:00,NSE:TIMESGTY,54.5,56.65,54.5,54.7,2101.0
2018-02-06 10:00:00,NSE:TIMESGTY,54.7,54.7,54.5,54.5,553.0
2018-02-06 11:00:00,NSE:TIMESGTY,54.5,54.5,54.5,54.5,319.0
2018-02-06 12:00:00,NSE:TIMESGTY,54.5,54.5,54.5,54.5,323.0
2018-02-06 13:00:00,NSE:TIMESGTY,54.5,54.5,54.5,54.5,1970.0
2018-02-06 14:00:00,NSE:TIMESGTY,54.5,55.7,54.5,54.5,503.0
2018-02-06 15:00:00,NSE:TIMESGTY,55.5,55.5,54.5,54.8,158.0
2018-02-07 09:00:00,NSE:TIMESGTY,57.4,57.45,56.7,56.7,1575.0
2018-02-07 10:00:00,NSE:TIMESGTY,56.05,56.75,56.05,56.05,258.0
2018-02-07 11:00:00,NSE:TIMESGTY,56.7,56.7,56.7,56.7,180.0
2018-02-07 12:00:00,NSE:TIMESGTY,56.05,57.0,55.65,56.7,740.0
2018-02-07 13:00:00,NSE:TIMESGTY,57.45,57.45,57.45,57.45,812.0
2018-02-08 09:00:00,NSE:TIMESGTY,60.0,60.2,58.0,58.0,866.0
2018-02-08 10:00:00,NSE:TIMESGTY,58.05,59.9,57.0,59.9,1262.0
2018-02-08 11:00:00,NSE:TIMESGTY,59.6,60.3,58.2,60.3,710.0
2018-02-08 12:00:00,NSE:TIMESGTY,60.3,60.3,60.3,60.3,50.0
2018-02-08 13:00:00,NSE:TIMESGTY,60.3,60.3,60.3,60.3,58.0
2018-02-08 14:00:00,NSE:TIMESGTY,60.3,60.3,60.3,60.3,301.0
2018-02-08 15:00:00,NSE:TIMESGTY,60.3,60.3,60.3,60.3,580.0
2018-02-09 09:00:00,NSE:TIMESGTY,62.95,62.95,58.9,58.9,480.0
2018-02-09 10:00:00,NSE:TIMESGTY,61.6,63.3,59.05,63.3,861.0
2018-02-09 11:00:00,NSE:TIMESGTY,63.3,63.3,63.3,63.3,463.0
2018-02-09 12:00:00,NSE:TIMESGTY,63.3,63.3,63.3,63.3,530.0
2018-02-09 13:00:00,NSE:TIMESGTY,63.3,63.3,63.3,63.3,210.0
2018-02-09 15:00:00,NSE:TIMESGTY,63.3,63.3,63.3,63.3,1.0
2018-02-12 09:00:00,NSE:TIMESGTY,65.9,66.45,63.6,66.45,1112.0
2018-02-12 10:00:00,NSE:TIMESGTY,66.45,66.45,65.95,66.05,1014.0
2018-02-12 11:00:00,NSE:TIMESGTY,66.1,66.1,66.1,66.1,200.0
2018-02-12 12:00:00,NSE:TIMESGTY,66.1,66.1,66.05,66.1,749.0
2018-02-12 13:00:00,NSE:TIMESGTY,66.45,66.45,66.45,66.45,5.0
2018-02-12 14:00:00,NSE:TIMESGTY,66.45,66.45,66.45,66.45,244.0
2018-02-14 09:00:00,NSE:TIMESGTY,69.0,69.5,64.7,65.6,13179.0
2018-02-14 10:00:00,NSE:TIMESGTY,65.6,65.6,63.55,64.95,5265.0
2018-02-14 11:00:00,NSE:TIMESGTY,64.6,65.45,64.6,64.6,550.0
2018-02-14 12:00:00,NSE:TIMESGTY,65.0,65.0,65.0,65.0,50.0
2018-02-14 13:00:00,NSE:TIMESGTY,64.8,64.8,64.0,64.0,774.0
2018-02-14 14:00:00,NSE:TIMESGTY,64.0,64.55,63.2,63.2,845.0
2018-02-14 15:00:00,NSE:TIMESGTY,63.2,63.6,63.15,63.15,842.0
2018-02-15 09:00:00,NSE:TIMESGTY,65.0,65.0,64.25,64.75,336.0
2018-02-15 10:00:00,NSE:TIMESGTY,63.5,63.5,60.35,63.45,2086.0
2018-02-15 11:00:00,NSE:TIMESGTY,63.05,63.05,60.4,61.85,255.0
2018-02-15 12:00:00,NSE:TIMESGTY,61.85,61.85,61.85,61.85,50.0
2018-02-15 13:00:00,NSE:TIMESGTY,61.0,61.0,60.05,60.05,1593.0
2018-02-15 14:00:00,NSE:TIMESGTY,60.05,60.05,60.05,60.05,1278.0
2018-02-15 15:00:00,NSE:TIMESGTY,60.05,60.05,60.05,60.05,352.0
2018-02-16 09:00:00,NSE:TIMESGTY,57.65,59.95,57.65,59.9,690.0
2018-02-16 10:00:00,NSE:TIMESGTY,59.85,59.85,59.0,59.0,265.0
2018-02-16 11:00:00,NSE:TIMESGTY,58.9,58.9,58.25,58.25,210.0
2018-02-16 12:00:00,NSE:TIMESGTY,58.25,60.0,57.4,58.4,2033.0
2018-02-16 13:00:00,NSE:TIMESGTY,59.6,59.6,59.6,59.6,4.0
2018-02-16 14:00:00,NSE:TIMESGTY,59.0,59.6,57.8,59.6,1412.0
2018-02-16 15:00:00,NSE:TIMESGTY,59.4,59.4,58.0,58.95,157.0
2018-02-19 09:00:00,NSE:TIMESGTY,58.9,59.5,58.8,59.5,147.0
2018-02-19 10:00:00,NSE:TIMESGTY,57.5,57.5,57.5,57.5,5.0
2018-02-19 11:00:00,NSE:TIMESGTY,59.0,59.0,59.0,59.0,25.0
2018-02-19 12:00:00,NSE:TIMESGTY,57.6,57.6,57.5,57.5,921.0
2018-02-19 13:00:00,NSE:TIMESGTY,57.7,57.7,56.45,56.45,669.0
2018-02-19 15:00:00,NSE:TIMESGTY,57.0,57.0,57.0,57.0,1047.0
2018-02-20 09:00:00,NSE:TIMESGTY,55.05,58.8,55.05,58.8,299.0
2018-02-20 10:00:00,NSE:TIMESGTY,57.0,58.45,57.0,57.0,1247.0
2018-02-20 11:00:00,NSE:TIMESGTY,57.0,57.75,56.0,57.4,2333.0
2018-02-20 13:00:00,NSE:TIMESGTY,56.55,57.45,56.55,57.45,125.0
2018-02-20 14:00:00,NSE:TIMESGTY,56.5,57.4,56.4,56.75,431.0
2018-02-20 15:00:00,NSE:TIMESGTY,56.95,56.95,55.85,56.35,335.0
2018-02-21 09:00:00,NSE:TIMESGTY,58.75,58.75,55.35,55.35,1048.0
2018-02-21 10:00:00,NSE:TIMESGTY,57.3,57.3,57.3,57.3,100.0
2018-02-21 11:00:00,NSE:TIMESGTY,57.15,57.15,55.4,56.8,95.0
2018-02-21 13:00:00,NSE:TIMESGTY,55.6,55.6,55.6,55.6,50.0
2018-02-21 14:00:00,NSE:TIMESGTY,56.8,56.8,54.25,54.65,1095.0
2018-02-21 15:00:00,NSE:TIMESGTY,55.8,57.25,54.35,57.25,1121.0
2018-02-22 09:00:00,NSE:TIMESGTY,56.85,56.85,56.85,56.85,15.0
2018-02-22 10:00:00,NSE:TIMESGTY,56.7,56.7,56.7,56.7,200.0
2018-02-22 11:00:00,NSE:TIMESGTY,56.5,56.5,55.65,55.8,230.0
2018-02-22 12:00:00,NSE:TIMESGTY,55.65,56.0,55.65,55.7,66.0
2018-02-22 13:00:00,NSE:TIMESGTY,55.05,56.45,55.05,56.45,170.0
2018-02-22 14:00:00,NSE:TIMESGTY,56.45,56.45,56.45,56.45,101.0
2018-02-22 15:00:00,NSE:TIMESGTY,56.45,56.45,56.45,56.45,211.0
2018-02-23 09:00:00,NSE:TIMESGTY,56.45,56.45,55.0,55.0,12.0
2018-02-23 10:00:00,NSE:TIMESGTY,56.0,56.0,54.45,54.45,531.0
2018-02-23 11:00:00,NSE:TIMESGTY,55.95,58.5,55.15,56.0,1169.0
2018-02-23 12:00:00,NSE:TIMESGTY,56.15,58.3,56.15,56.2,53.0
2018-02-23 13:00:00,NSE:TIMESGTY,56.45,58.8,56.45,58.8,869.0
2018-02-23 14:00:00,NSE:TIMESGTY,58.85,59.25,58.85,59.25,1127.0
2018-02-23 15:00:00,NSE:TIMESGTY,59.25,59.25,59.2,59.2,270.0
2018-02-26 09:00:00,NSE:TIMESGTY,60.85,60.85,56.3,59.0,1357.0
2018-02-26 10:00:00,NSE:TIMESGTY,57.65,59.4,57.6,57.7,315.0
2018-02-26 11:00:00,NSE:TIMESGTY,57.7,58.55,57.5,57.5,122.0
2018-02-26 12:00:00,NSE:TIMESGTY,57.4,57.4,56.6,57.35,122.0
2018-02-26 13:00:00,NSE:TIMESGTY,57.35,57.35,57.35,57.35,8.0
2018-02-26 14:00:00,NSE:TIMESGTY,57.35,57.35,56.65,57.35,232.0
2018-02-26 15:00:00,NSE:TIMESGTY,56.7,57.0,55.9,57.0,1169.0
2018-02-27 09:00:00,NSE:TIMESGTY,58.45,59.3,54.15,56.0,1104.0
2018-02-27 10:00:00,NSE:TIMESGTY,56.0,57.0,54.0,55.25,3170.0
2018-02-27 11:00:00,NSE:TIMESGTY,55.25,55.25,54.7,54.9,537.0
2018-02-27 12:00:00,NSE:TIMESGTY,54.65,54.65,54.25,54.25,830.0
2018-02-27 13:00:00,NSE:TIMESGTY,54.25,54.25,54.25,54.25,50.0
2018-02-27 14:00:00,NSE:TIMESGTY,54.55,54.55,54.0,54.0,686.0
2018-02-27 15:00:00,NSE:TIMESGTY,53.9,53.9,53.7,53.7,506.0
2018-02-28 09:00:00,NSE:TIMESGTY,53.55,53.55,52.2,52.2,2291.0
2018-02-28 10:00:00,NSE:TIMESGTY,52.55,55.85,52.5,55.7,325.0
2018-02-28 11:00:00,NSE:TIMESGTY,55.0,55.85,55.0,55.85,367.0
2018-02-28 12:00:00,NSE:TIMESGTY,55.85,55.85,55.0,55.0,513.0
2018-02-28 13:00:00,NSE:TIMESGTY,55.0,55.0,55.0,55.0,45.0
2018-02-28 14:00:00,NSE:TIMESGTY,55.0,55.0,54.0,54.95,658.0
2018-02-28 15:00:00,NSE:TIMESGTY,55.4,55.4,55.4,55.4,537.0
2018-03-01 09:00:00,NSE:TIMESGTY,57.7,57.7,54.95,55.0,373.0
2018-03-01 10:00:00,NSE:TIMESGTY,55.0,56.0,54.55,55.05,443.0
2018-03-01 11:00:00,NSE:TIMESGTY,55.0,55.0,55.0,55.0,39.0
2018-03-01 12:00:00,NSE:TIMESGTY,52.7,54.85,52.7,54.4,1028.0
2018-03-01 13:00:00,NSE:TIMESGTY,54.5,54.5,53.5,54.0,602.0
2018-03-01 14:00:00,NSE:TIMESGTY,53.9,54.45,53.9,54.45,95.0
2018-03-01 15:00:00,NSE:TIMESGTY,54.05,54.45,53.5,54.45,341.0
2018-03-05 09:00:00,NSE:TIMESGTY,56.4,56.4,52.7,53.25,577.0
2018-03-05 10:00:00,NSE:TIMESGTY,53.55,55.65,53.55,54.0,569.0
2018-03-05 11:00:00,NSE:TIMESGTY,54.0,54.0,53.35,53.35,360.0
2018-03-05 13:00:00,NSE:TIMESGTY,54.0,54.0,53.35,54.0,172.0
2018-03-05 14:00:00,NSE:TIMESGTY,53.5,53.5,53.5,53.5,2.0
2018-03-05 15:00:00,NSE:TIMESGTY,53.35,53.35,53.35,53.35,101.0
2018-03-06 09:00:00,NSE:TIMESGTY,55.9,55.9,53.5,53.5,261.0
2018-03-06 10:00:00,NSE:TIMESGTY,54.1,54.15,54.1,54.1,270.0
2018-03-06 11:00:00,NSE:TIMESGTY,53.5,54.7,53.5,54.7,87.0
2018-03-06 13:00:00,NSE:TIMESGTY,52.3,52.3,52.3,52.3,600.0
2018-03-06 15:00:00,NSE:TIMESGTY,52.35,52.35,51.0,51.9,1319.0
2018-03-07 09:00:00,NSE:TIMESGTY,49.65,49.7,49.65,49.65,95.0
2018-03-07 10:00:00,NSE:TIMESGTY,49.65,49.95,49.35,49.4,787.0
2018-03-07 11:00:00,NSE:TIMESGTY,49.35,49.35,49.35,49.35,110.0
2018-03-07 12:00:00,NSE:TIMESGTY,49.35,49.35,49.35,49.35,262.0
2018-03-07 14:00:00,NSE:TIMESGTY,49.35,49.35,49.35,49.35,500.0
2018-03-07 15:00:00,NSE:TIMESGTY,49.35,49.35,49.35,49.35,20.0
2018-03-08 09:00:00,NSE:TIMESGTY,48.0,50.45,47.95,49.85,33.0
2018-03-08 10:00:00,NSE:TIMESGTY,47.0,47.6,46.9,47.6,1535.0
2018-03-08 11:00:00,NSE:TIMESGTY,46.9,46.9,46.9,46.9,1252.0
2018-03-08 12:00:00,NSE:TIMESGTY,46.9,46.9,46.9,46.9,54.0
2018-03-08 13:00:00,NSE:TIMESGTY,46.9,46.9,46.9,46.9,277.0
2018-03-08 14:00:00,NSE:TIMESGTY,46.9,46.9,46.9,46.9,102.0
2018-03-08 15:00:00,NSE:TIMESGTY,46.9,46.9,46.9,46.9,750.0
2018-03-09 09:00:00,NSE:TIMESGTY,47.5,47.5,44.65,44.65,31.0
2018-03-09 10:00:00,NSE:TIMESGTY,47.5,47.5,47.5,47.5,134.0
2018-03-09 11:00:00,NSE:TIMESGTY,45.55,45.55,45.55,45.55,120.0
2018-03-09 12:00:00,NSE:TIMESGTY,47.0,47.0,45.5,45.5,599.0
2018-03-09 13:00:00,NSE:TIMESGTY,46.95,46.95,46.9,46.9,254.0
2018-03-09 14:00:00,NSE:TIMESGTY,44.6,44.6,44.6,44.6,1000.0
2018-03-12 09:00:00,NSE:TIMESGTY,44.6,44.6,44.6,44.6,56.0
2018-03-12 10:00:00,NSE:TIMESGTY,43.05,44.35,42.7,44.35,1076.0
2018-03-12 12:00:00,NSE:TIMESGTY,43.9,43.95,43.9,43.95,21.0
2018-03-12 13:00:00,NSE:TIMESGTY,43.15,43.15,43.15,43.15,29.0
2018-03-12 14:00:00,NSE:TIMESGTY,43.2,43.45,43.0,43.45,399.0
2018-03-12 15:00:00,NSE:TIMESGTY,43.5,44.35,43.5,44.35,327.0
2018-03-13 09:00:00,NSE:TIMESGTY,43.0,43.5,43.0,43.5,121.0
2018-03-13 10:00:00,NSE:TIMESGTY,43.6,43.6,43.5,43.6,60.0
2018-03-13 11:00:00,NSE:TIMESGTY,44.95,45.8,44.95,45.8,395.0
2018-03-13 12:00:00,NSE:TIMESGTY,45.8,45.8,45.8,45.8,532.0
2018-03-13 14:00:00,NSE:TIMESGTY,45.8,45.8,45.8,45.8,780.0
2018-03-14 09:00:00,NSE:TIMESGTY,47.95,47.95,47.45,47.45,31.0
2018-03-14 10:00:00,NSE:TIMESGTY,47.45,47.5,47.45,47.5,570.0
2018-03-14 11:00:00,NSE:TIMESGTY,47.5,48.0,47.3,48.0,242.0
2018-03-14 13:00:00,NSE:TIMESGTY,47.5,47.5,46.1,47.5,221.0
2018-03-14 15:00:00,NSE:TIMESGTY,47.5,47.5,47.5,47.5,428.0
2018-03-15 09:00:00,NSE:TIMESGTY,49.3,49.3,49.3,49.3,250.0
2018-03-15 11:00:00,NSE:TIMESGTY,48.75,48.8,48.7,48.7,161.0
2018-03-15 13:00:00,NSE:TIMESGTY,48.7,48.7,48.7,48.7,100.0
2018-03-15 14:00:00,NSE:TIMESGTY,48.8,48.8,48.8,48.8,59.0
2018-03-15 15:00:00,NSE:TIMESGTY,48.15,48.8,48.15,48.7,137.0
2018-03-16 09:00:00,NSE:TIMESGTY,48.55,49.85,48.55,49.85,30.0
2018-03-16 10:00:00,NSE:TIMESGTY,48.1,49.25,48.1,49.25,300.0
2018-03-16 11:00:00,NSE:TIMESGTY,49.0,49.0,48.5,48.5,235.0
2018-03-16 12:00:00,NSE:TIMESGTY,46.75,46.75,46.75,46.75,326.0
2018-03-16 13:00:00,NSE:TIMESGTY,47.7,48.5,47.7,48.5,565.0
2018-03-16 15:00:00,NSE:TIMESGTY,48.5,48.5,48.5,48.5,90.0
2018-03-19 10:00:00,NSE:TIMESGTY,46.55,46.55,46.55,46.55,750.0
2018-03-19 11:00:00,NSE:TIMESGTY,46.6,47.9,46.55,47.9,301.0
2018-03-19 12:00:00,NSE:TIMESGTY,46.5,46.5,46.5,46.5,242.0
2018-03-19 13:00:00,NSE:TIMESGTY,46.35,46.35,46.35,46.35,36.0
2018-03-19 14:00:00,NSE:TIMESGTY,46.2,46.2,46.1,46.1,125.0
2018-03-19 15:00:00,NSE:TIMESGTY,46.1,46.1,46.1,46.1,27.0
2018-03-20 10:00:00,NSE:TIMESGTY,46.85,46.85,46.85,46.85,3.0
2018-03-20 11:00:00,NSE:TIMESGTY,44.1,44.1,44.1,44.1,100.0
2018-03-20 12:00:00,NSE:TIMESGTY,48.0,48.0,43.85,47.5,972.0
2018-03-20 14:00:00,NSE:TIMESGTY,44.7,44.9,44.05,44.05,87.0
2018-03-20 15:00:00,NSE:TIMESGTY,44.95,44.95,44.3,44.3,77.0
2018-03-21 10:00:00,NSE:TIMESGTY,43.5,46.4,43.5,45.0,697.0
2018-03-21 11:00:00,NSE:TIMESGTY,46.35,46.6,45.5,45.5,477.0
2018-03-21 12:00:00,NSE:TIMESGTY,46.5,46.5,46.5,46.5,25.0
2018-03-21 13:00:00,NSE:TIMESGTY,45.5,45.5,45.5,45.5,25.0
2018-03-21 14:00:00,NSE:TIMESGTY,45.5,45.5,45.5,45.5,100.0
2018-03-22 10:00:00,NSE:TIMESGTY,45.5,45.5,45.5,45.5,20.0
2018-03-22 11:00:00,NSE:TIMESGTY,43.6,44.8,43.6,44.8,3050.0
2018-03-22 12:00:00,NSE:TIMESGTY,45.0,45.0,45.0,45.0,100.0
2018-03-22 13:00:00,NSE:TIMESGTY,43.65,43.65,43.3,43.3,742.0
2018-03-22 15:00:00,NSE:TIMESGTY,43.4,45.2,43.25,44.9,452.0
2018-03-23 09:00:00,NSE:TIMESGTY,43.9,43.9,42.25,42.25,320.0
2018-03-23 10:00:00,NSE:TIMESGTY,42.2,42.2,42.2,42.2,210.0
2018-03-23 12:00:00,NSE:TIMESGTY,42.2,42.2,42.2,42.2,210.0
2018-03-23 13:00:00,NSE:TIMESGTY,42.2,42.85,42.2,42.3,205.0
2018-03-23 15:00:00,NSE:TIMESGTY,42.2,42.2,42.2,42.2,200.0
2018-03-26 09:00:00,NSE:TIMESGTY,42.2,42.2,42.2,42.2,55.0
2018-03-26 10:00:00,NSE:TIMESGTY,40.25,41.25,40.1,40.35,646.0
2018-03-26 11:00:00,NSE:TIMESGTY,40.35,40.35,40.35,40.35,500.0
2018-03-26 12:00:00,NSE:TIMESGTY,41.35,41.35,40.1,40.5,970.0
2018-03-26 13:00:00,NSE:TIMESGTY,41.3,41.3,40.1,40.1,230.0
2018-03-26 14:00:00,NSE:TIMESGTY,40.1,40.55,40.1,40.5,1299.0
2018-03-26 15:00:00,NSE:TIMESGTY,40.55,41.35,40.55,41.35,269.0
2018-03-27 09:00:00,NSE:TIMESGTY,42.0,42.0,42.0,42.0,89.0
2018-03-27 10:00:00,NSE:TIMESGTY,42.0,42.0,42.0,42.0,23.0
2018-03-27 12:00:00,NSE:TIMESGTY,42.0,42.0,42.0,42.0,20.0
2018-03-27 14:00:00,NSE:TIMESGTY,41.9,41.9,41.35,41.35,140.0
2018-03-27 15:00:00,NSE:TIMESGTY,40.0,41.0,40.0,41.0,385.0
2018-03-28 09:00:00,NSE:TIMESGTY,39.0,40.8,38.85,40.8,300.0
2018-03-28 10:00:00,NSE:TIMESGTY,40.0,40.0,40.0,40.0,217.0
2018-03-28 11:00:00,NSE:TIMESGTY,40.0,40.45,40.0,40.0,111.0
2018-03-28 12:00:00,NSE:TIMESGTY,40.45,40.45,40.0,40.0,110.0
2018-03-28 13:00:00,NSE:TIMESGTY,40.8,40.8,40.8,40.8,40.0
2018-03-28 14:00:00,NSE:TIMESGTY,40.0,40.0,40.0,40.0,300.0
2018-03-28 15:00:00,NSE:TIMESGTY,40.0,40.8,40.0,40.8,784.0
2018-04-02 09:00:00,NSE:TIMESGTY,40.5,40.5,40.5,40.5,10.0
2018-04-02 10:00:00,NSE:TIMESGTY,40.55,42.35,40.55,42.35,132.0
2018-04-02 11:00:00,NSE:TIMESGTY,42.4,42.4,42.4,42.4,50.0
2018-04-02 12:00:00,NSE:TIMESGTY,40.8,42.4,40.8,42.4,105.0
2018-04-02 13:00:00,NSE:TIMESGTY,42.5,42.5,42.5,42.5,154.0
2018-04-02 14:00:00,NSE:TIMESGTY,42.5,42.5,42.5,42.5,50.0
2018-04-03 11:00:00,NSE:TIMESGTY,41.1,41.1,41.1,41.1,35.0
2018-04-03 12:00:00,NSE:TIMESGTY,41.2,43.0,40.55,43.0,295.0
2018-04-03 13:00:00,NSE:TIMESGTY,43.6,44.6,43.6,44.6,648.0
2018-04-03 14:00:00,NSE:TIMESGTY,44.6,44.6,44.6,44.6,7.0
2018-04-04 09:00:00,NSE:TIMESGTY,46.8,46.8,46.8,46.8,385.0
2018-04-04 10:00:00,NSE:TIMESGTY,46.8,46.8,46.75,46.8,497.0
2018-04-04 13:00:00,NSE:TIMESGTY,46.8,46.8,46.8,46.8,100.0
2018-04-04 14:00:00,NSE:TIMESGTY,46.8,46.8,46.8,46.8,100.0
2018-04-04 15:00:00,NSE:TIMESGTY,46.8,46.8,46.8,46.8,4.0
2018-04-05 09:00:00,NSE:TIMESGTY,49.1,49.1,49.1,49.1,542.0
2018-04-05 10:00:00,NSE:TIMESGTY,49.1,49.1,48.95,48.95,297.0
2018-04-05 11:00:00,NSE:TIMESGTY,49.1,49.1,49.1,49.1,120.0
2018-04-05 13:00:00,NSE:TIMESGTY,49.1,49.1,49.1,49.1,12.0
2018-04-06 09:00:00,NSE:TIMESGTY,49.3,53.8,49.3,53.8,250.0
2018-04-06 10:00:00,NSE:TIMESGTY,51.5,53.8,50.95,53.8,928.0
2018-04-06 11:00:00,NSE:TIMESGTY,53.8,54.0,53.8,54.0,938.0
2018-04-06 12:00:00,NSE:TIMESGTY,54.0,54.0,52.1,54.0,350.0
2018-04-06 13:00:00,NSE:TIMESGTY,54.0,54.0,54.0,54.0,870.0
2018-04-06 15:00:00,NSE:TIMESGTY,54.0,54.0,54.0,54.0,8.0
2018-04-09 09:00:00,NSE:TIMESGTY,58.6,59.15,55.0,57.25,5282.0
2018-04-09 10:00:00,NSE:TIMESGTY,58.65,58.65,57.15,57.15,616.0
2018-04-09 11:00:00,NSE:TIMESGTY,57.2,57.9,57.15,57.2,160.0
2018-04-09 12:00:00,NSE:TIMESGTY,58.5,58.5,57.35,57.35,742.0
2018-04-09 13:00:00,NSE:TIMESGTY,57.75,58.75,57.2,58.7,906.0
2018-04-09 14:00:00,NSE:TIMESGTY,58.7,58.75,57.9,58.7,1202.0
2018-04-09 15:00:00,NSE:TIMESGTY,58.25,58.9,58.25,58.5,2051.0
2018-04-10 09:00:00,NSE:TIMESGTY,60.0,64.55,59.5,64.55,9547.0
2018-04-10 10:00:00,NSE:TIMESGTY,64.55,64.55,64.55,64.55,970.0
2018-04-10 11:00:00,NSE:TIMESGTY,64.55,64.55,64.55,64.55,1547.0
2018-04-10 12:00:00,NSE:TIMESGTY,64.55,64.55,64.55,64.55,840.0
2018-04-10 13:00:00,NSE:TIMESGTY,64.55,64.55,64.55,64.55,852.0
2018-04-10 14:00:00,NSE:TIMESGTY,64.55,64.55,64.55,64.55,205.0
2018-04-10 15:00:00,NSE:TIMESGTY,64.55,64.55,64.55,64.55,16.0
2018-04-11 09:00:00,NSE:TIMESGTY,66.9,67.75,61.65,63.0,10581.0
2018-04-11 10:00:00,NSE:TIMESGTY,62.2,63.0,61.35,61.35,4094.0
2018-04-11 11:00:00,NSE:TIMESGTY,61.35,61.35,61.35,61.35,191.0
2018-04-11 12:00:00,NSE:TIMESGTY,61.35,61.35,61.35,61.35,41.0
2018-04-11 13:00:00,NSE:TIMESGTY,61.35,61.35,61.35,61.35,250.0
2018-04-11 14:00:00,NSE:TIMESGTY,61.35,61.35,61.35,61.35,205.0
2018-04-11 15:00:00,NSE:TIMESGTY,61.35,61.35,61.35,61.35,101.0
2018-04-12 09:00:00,NSE:TIMESGTY,61.35,61.35,58.3,58.3,1304.0
2018-04-12 10:00:00,NSE:TIMESGTY,58.3,58.3,58.3,58.3,552.0
2018-04-12 11:00:00,NSE:TIMESGTY,58.3,58.3,58.3,58.3,400.0
2018-04-12 12:00:00,NSE:TIMESGTY,58.3,58.3,58.3,58.3,162.0
2018-04-12 13:00:00,NSE:TIMESGTY,58.3,58.3,58.3,58.3,1.0
2018-04-12 14:00:00,NSE:TIMESGTY,58.3,58.3,58.3,58.3,12.0
2018-04-12 15:00:00,NSE:TIMESGTY,58.3,58.3,58.3,58.3,50.0
2018-04-13 09:00:00,NSE:TIMESGTY,58.0,58.0,55.4,56.95,4059.0
2018-04-13 10:00:00,NSE:TIMESGTY,56.2,56.2,55.4,55.4,900.0
2018-04-13 11:00:00,NSE:TIMESGTY,55.4,55.4,55.4,55.4,139.0
2018-04-13 12:00:00,NSE:TIMESGTY,55.4,55.4,55.4,55.4,150.0
2018-04-13 13:00:00,NSE:TIMESGTY,55.4,55.4,55.4,55.4,125.0
2018-04-16 09:00:00,NSE:TIMESGTY,53.5,55.9,53.5,55.0,678.0
2018-04-16 10:00:00,NSE:TIMESGTY,55.0,55.0,53.45,53.5,1366.0
2018-04-16 11:00:00,NSE:TIMESGTY,53.0,53.0,53.0,53.0,205.0
2018-04-16 12:00:00,NSE:TIMESGTY,53.0,53.0,52.7,52.7,298.0
2018-04-16 13:00:00,NSE:TIMESGTY,52.65,53.0,52.65,52.65,201.0
2018-04-16 14:00:00,NSE:TIMESGTY,53.35,53.35,52.65,52.65,31.0
2018-04-17 09:00:00,NSE:TIMESGTY,52.0,53.95,50.9,50.9,70.0
2018-04-17 10:00:00,NSE:TIMESGTY,51.35,53.9,51.35,53.9,25.0
2018-04-17 11:00:00,NSE:TIMESGTY,53.9,53.9,51.35,51.55,120.0
2018-04-17 12:00:00,NSE:TIMESGTY,51.35,51.4,51.35,51.4,147.0
2018-04-17 13:00:00,NSE:TIMESGTY,51.4,51.4,51.35,51.35,137.0
2018-04-17 14:00:00,NSE:TIMESGTY,50.4,51.15,50.4,51.0,714.0
2018-04-17 15:00:00,NSE:TIMESGTY,53.2,53.85,51.5,53.85,164.0
2018-04-18 09:00:00,NSE:TIMESGTY,54.95,55.0,53.0,53.0,1642.0
2018-04-18 10:00:00,NSE:TIMESGTY,53.0,53.0,51.25,51.25,900.0
2018-04-18 11:00:00,NSE:TIMESGTY,54.95,54.95,54.95,54.95,300.0
2018-04-18 12:00:00,NSE:TIMESGTY,54.9,54.9,54.9,54.9,49.0
2018-04-18 13:00:00,NSE:TIMESGTY,53.0,53.0,53.0,53.0,100.0
2018-04-18 14:00:00,NSE:TIMESGTY,53.0,53.0,53.0,53.0,100.0
2018-04-18 15:00:00,NSE:TIMESGTY,54.85,54.85,54.85,54.85,317.0
2018-04-19 09:00:00,NSE:TIMESGTY,54.85,54.85,54.7,54.7,120.0
2018-04-19 10:00:00,NSE:TIMESGTY,54.7,54.7,54.5,54.7,300.0
2018-04-19 11:00:00,NSE:TIMESGTY,54.5,54.5,52.4,52.4,300.0
2018-04-19 12:00:00,NSE:TIMESGTY,52.15,52.15,52.15,52.15,450.0
2018-04-19 13:00:00,NSE:TIMESGTY,52.5,52.5,52.15,52.25,315.0
2018-04-19 14:00:00,NSE:TIMESGTY,52.2,52.2,52.15,52.15,757.0
2018-04-20 09:00:00,NSE:TIMESGTY,51.0,51.9,51.0,51.1,170.0
2018-04-20 10:00:00,NSE:TIMESGTY,51.1,51.65,51.1,51.65,362.0
2018-04-20 11:00:00,NSE:TIMESGTY,52.95,52.95,51.65,51.65,103.0
2018-04-20 12:00:00,NSE:TIMESGTY,51.65,51.95,51.65,51.95,441.0
2018-04-20 13:00:00,NSE:TIMESGTY,52.0,52.0,52.0,52.0,1.0
2018-04-20 14:00:00,NSE:TIMESGTY,52.0,52.0,52.0,52.0,2.0
2018-04-20 15:00:00,NSE:TIMESGTY,49.75,52.9,49.75,52.9,387.0
2018-04-23 09:00:00,NSE:TIMESGTY,52.7,52.75,50.05,50.05,301.0
2018-04-23 10:00:00,NSE:TIMESGTY,52.7,52.7,52.7,52.7,100.0
2018-04-23 11:00:00,NSE:TIMESGTY,52.7,52.7,52.7,52.7,20.0
2018-04-23 13:00:00,NSE:TIMESGTY,52.6,52.6,50.45,50.45,200.0
2018-04-23 14:00:00,NSE:TIMESGTY,50.5,52.45,50.5,52.45,700.0
2018-04-23 15:00:00,NSE:TIMESGTY,50.75,50.75,50.75,50.75,82.0
2018-04-24 09:00:00,NSE:TIMESGTY,50.75,53.1,50.75,50.95,100.0
2018-04-24 10:00:00,NSE:TIMESGTY,51.05,52.95,51.05,52.95,521.0
2018-04-24 11:00:00,NSE:TIMESGTY,52.95,52.95,51.3,51.3,178.0
2018-04-24 15:00:00,NSE:TIMESGTY,53.0,53.0,51.0,51.0,2393.0
2018-04-25 09:00:00,NSE:TIMESGTY,51.3,51.3,51.3,51.3,200.0
2018-04-25 10:00:00,NSE:TIMESGTY,53.0,53.0,53.0,53.0,50.0
2018-04-25 11:00:00,NSE:TIMESGTY,51.5,52.9,51.5,52.8,410.0
2018-04-25 12:00:00,NSE:TIMESGTY,52.8,52.8,51.5,51.5,205.0
2018-04-25 13:00:00,NSE:TIMESGTY,49.15,52.7,49.15,52.0,302.0
2018-04-25 14:00:00,NSE:TIMESGTY,49.15,52.35,49.15,52.35,53.0
2018-04-25 15:00:00,NSE:TIMESGTY,50.0,50.6,49.1,49.1,200.0
2018-04-26 11:00:00,NSE:TIMESGTY,48.75,48.75,48.7,48.7,101.0
2018-04-26 15:00:00,NSE:TIMESGTY,51.15,51.15,51.1,51.1,20.0
2018-04-27 10:00:00,NSE:TIMESGTY,51.1,51.1,51.1,51.1,202.0
2018-04-27 12:00:00,NSE:TIMESGTY,51.1,51.1,51.1,51.1,10.0
2018-04-27 13:00:00,NSE:TIMESGTY,49.15,49.15,49.15,49.15,100.0
2018-04-27 14:00:00,NSE:TIMESGTY,49.15,49.8,49.0,49.35,755.0
2018-04-27 15:00:00,NSE:TIMESGTY,49.35,50.0,49.35,50.0,224.0
2018-04-30 10:00:00,NSE:TIMESGTY,49.0,49.0,47.5,47.5,160.0
2018-04-30 11:00:00,NSE:TIMESGTY,48.1,48.1,47.5,47.5,1296.0
2018-04-30 14:00:00,NSE:TIMESGTY,48.95,48.95,48.95,48.95,2.0
2018-04-30 15:00:00,NSE:TIMESGTY,47.6,49.05,47.5,47.5,839.0
2018-05-02 09:00:00,NSE:TIMESGTY,46.55,46.55,46.55,46.55,1.0
2018-05-02 10:00:00,NSE:TIMESGTY,46.55,47.75,46.0,46.05,801.0
2018-05-02 11:00:00,NSE:TIMESGTY,47.5,47.5,47.35,47.35,39.0
2018-05-02 14:00:00,NSE:TIMESGTY,47.05,47.05,46.05,46.05,44.0
2018-05-02 15:00:00,NSE:TIMESGTY,47.05,47.05,46.05,46.05,40.0
2018-05-03 11:00:00,NSE:TIMESGTY,46.05,46.05,46.05,46.05,200.0
2018-05-03 13:00:00,NSE:TIMESGTY,46.0,46.0,46.0,46.0,45.0
2018-05-03 14:00:00,NSE:TIMESGTY,46.0,46.0,45.95,45.95,25.0
2018-05-03 15:00:00,NSE:TIMESGTY,44.5,44.5,44.5,44.5,290.0
2018-05-04 09:00:00,NSE:TIMESGTY,42.75,42.9,42.75,42.9,881.0
2018-05-04 10:00:00,NSE:TIMESGTY,43.95,44.0,43.05,43.05,1627.0
2018-05-04 11:00:00,NSE:TIMESGTY,43.65,45.0,43.65,45.0,730.0
2018-05-04 12:00:00,NSE:TIMESGTY,45.0,45.0,45.0,45.0,94.0
2018-05-04 13:00:00,NSE:TIMESGTY,46.0,46.0,45.8,45.8,250.0
2018-05-04 14:00:00,NSE:TIMESGTY,45.0,45.8,45.0,45.75,379.0
2018-05-04 15:00:00,NSE:TIMESGTY,46.7,46.7,45.15,46.7,390.0
2018-05-07 09:00:00,NSE:TIMESGTY,44.7,44.7,44.7,44.7,70.0
2018-05-07 10:00:00,NSE:TIMESGTY,44.9,44.9,44.1,44.1,214.0
2018-05-07 11:00:00,NSE:TIMESGTY,46.25,46.25,44.2,44.25,416.0
2018-05-07 12:00:00,NSE:TIMESGTY,47.5,48.5,47.5,48.5,1201.0
2018-05-07 13:00:00,NSE:TIMESGTY,48.55,48.55,48.55,48.55,301.0
2018-05-07 14:00:00,NSE:TIMESGTY,48.55,48.55,48.55,48.55,100.0
2018-05-07 15:00:00,NSE:TIMESGTY,47.9,47.9,47.0,47.0,127.0
2018-05-08 11:00:00,NSE:TIMESGTY,45.2,47.1,45.2,47.1,887.0
2018-05-08 13:00:00,NSE:TIMESGTY,46.65,46.65,45.5,45.5,920.0
2018-05-08 14:00:00,NSE:TIMESGTY,45.55,45.8,45.55,45.8,170.0
2018-05-08 15:00:00,NSE:TIMESGTY,45.85,45.85,45.4,45.4,131.0
2018-05-09 09:00:00,NSE:TIMESGTY,43.2,44.2,43.2,43.2,1472.0
2018-05-09 10:00:00,NSE:TIMESGTY,44.15,44.2,44.15,44.15,420.0
2018-05-09 11:00:00,NSE:TIMESGTY,44.0,44.0,44.0,44.0,178.0
2018-05-09 12:00:00,NSE:TIMESGTY,44.0,44.0,44.0,44.0,5.0
2018-05-09 13:00:00,NSE:TIMESGTY,44.0,44.7,44.0,44.0,195.0
2018-05-09 14:00:00,NSE:TIMESGTY,44.7,44.7,44.0,44.0,156.0
2018-05-10 09:00:00,NSE:TIMESGTY,41.8,46.2,41.8,45.8,632.0
2018-05-10 10:00:00,NSE:TIMESGTY,45.7,45.7,45.45,45.45,20.0
2018-05-10 11:00:00,NSE:TIMESGTY,45.45,45.45,45.0,45.0,278.0
2018-05-10 12:00:00,NSE:TIMESGTY,45.0,45.0,45.0,45.0,50.0
2018-05-10 13:00:00,NSE:TIMESGTY,45.45,45.45,45.45,45.45,100.0
2018-05-10 14:00:00,NSE:TIMESGTY,45.35,45.35,44.25,44.25,99.0
2018-05-10 15:00:00,NSE:TIMESGTY,44.05,45.35,44.05,45.35,213.0
2018-05-11 09:00:00,NSE:TIMESGTY,45.35,45.35,45.35,45.35,5.0
2018-05-11 11:00:00,NSE:TIMESGTY,45.0,45.0,45.0,45.0,30.0
2018-05-11 12:00:00,NSE:TIMESGTY,45.0,45.0,45.0,45.0,200.0
2018-05-11 13:00:00,NSE:TIMESGTY,43.55,43.55,43.5,43.5,42.0
2018-05-14 11:00:00,NSE:TIMESGTY,45.0,45.0,45.0,45.0,20.0
2018-05-14 12:00:00,NSE:TIMESGTY,45.0,45.0,41.75,41.75,1005.0
2018-05-14 14:00:00,NSE:TIMESGTY,42.15,44.7,42.15,44.7,53.0
2018-05-14 15:00:00,NSE:TIMESGTY,43.0,43.0,41.75,41.75,154.0
2018-05-15 11:00:00,NSE:TIMESGTY,40.15,40.15,40.15,40.15,215.0
2018-05-15 12:00:00,NSE:TIMESGTY,40.3,40.3,40.3,40.3,77.0
2018-05-15 13:00:00,NSE:TIMESGTY,40.4,41.85,40.4,41.85,200.0
2018-05-15 15:00:00,NSE:TIMESGTY,41.05,41.05,41.05,41.05,19.0
2018-05-16 10:00:00,NSE:TIMESGTY,39.0,39.0,39.0,39.0,5.0
2018-05-16 11:00:00,NSE:TIMESGTY,39.0,42.4,39.0,42.25,140.0
2018-05-16 12:00:00,NSE:TIMESGTY,42.0,42.0,42.0,42.0,5.0
2018-05-16 13:00:00,NSE:TIMESGTY,41.75,41.75,41.75,41.75,59.0
2018-05-16 14:00:00,NSE:TIMESGTY,41.0,41.0,41.0,41.0,1000.0
2018-05-16 15:00:00,NSE:TIMESGTY,41.0,41.0,39.75,39.75,102.0
2018-05-17 09:00:00,NSE:TIMESGTY,39.1,42.0,39.1,42.0,349.0
2018-05-17 10:00:00,NSE:TIMESGTY,39.4,39.4,39.4,39.4,209.0
2018-05-17 12:00:00,NSE:TIMESGTY,41.85,41.85,41.85,41.85,49.0
2018-05-17 14:00:00,NSE:TIMESGTY,41.45,41.45,41.45,41.45,100.0
2018-05-17 15:00:00,NSE:TIMESGTY,39.25,41.0,39.1,39.1,95.0
2018-05-18 10:00:00,NSE:TIMESGTY,41.45,41.5,39.3,41.5,252.0
2018-05-18 11:00:00,NSE:TIMESGTY,40.95,40.95,38.5,40.2,4280.0
2018-05-18 12:00:00,NSE:TIMESGTY,38.5,40.15,38.5,40.15,106.0
2018-05-18 13:00:00,NSE:TIMESGTY,38.5,38.5,38.5,38.5,452.0
2018-05-18 14:00:00,NSE:TIMESGTY,39.05,39.05,38.5,38.5,444.0
2018-05-18 15:00:00,NSE:TIMESGTY,38.5,39.6,38.5,39.5,1117.0
2018-05-21 10:00:00,NSE:TIMESGTY,40.45,40.45,40.45,40.45,1.0
2018-05-21 11:00:00,NSE:TIMESGTY,39.5,39.95,39.5,39.95,102.0
2018-05-21 13:00:00,NSE:TIMESGTY,37.55,37.55,37.55,37.55,400.0
2018-05-21 14:00:00,NSE:TIMESGTY,37.6,37.65,37.55,37.65,380.0
2018-05-21 15:00:00,NSE:TIMESGTY,37.7,37.7,37.7,37.7,199.0
2018-05-22 09:00:00,NSE:TIMESGTY,37.5,37.5,37.5,37.5,100.0
2018-05-22 10:00:00,NSE:TIMESGTY,38.0,38.0,38.0,38.0,40.0
2018-05-22 11:00:00,NSE:TIMESGTY,38.0,38.25,38.0,38.0,261.0
2018-05-22 12:00:00,NSE:TIMESGTY,38.0,39.45,38.0,39.45,274.0
2018-05-22 14:00:00,NSE:TIMESGTY,37.2,37.2,37.2,37.2,100.0
2018-05-22 15:00:00,NSE:TIMESGTY,38.0,38.0,38.0,38.0,26.0
2018-05-23 09:00:00,NSE:TIMESGTY,37.0,37.0,37.0,37.0,50.0
2018-05-23 10:00:00,NSE:TIMESGTY,37.35,38.0,37.35,38.0,51.0
2018-05-23 11:00:00,NSE:TIMESGTY,38.0,38.0,37.35,37.35,501.0
2018-05-23 12:00:00,NSE:TIMESGTY,37.3,37.3,37.3,37.3,100.0
2018-05-23 14:00:00,NSE:TIMESGTY,37.3,37.3,37.0,37.0,284.0
2018-05-23 15:00:00,NSE:TIMESGTY,37.0,37.0,36.35,36.35,45.0
2018-05-24 09:00:00,NSE:TIMESGTY,35.4,38.0,35.4,36.0,240.0
2018-05-24 10:00:00,NSE:TIMESGTY,36.95,36.95,36.95,36.95,1.0
2018-05-24 11:00:00,NSE:TIMESGTY,36.0,36.0,35.5,35.5,443.0
2018-05-24 12:00:00,NSE:TIMESGTY,35.5,35.5,35.5,35.5,370.0
2018-05-24 13:00:00,NSE:TIMESGTY,35.5,35.5,35.0,35.0,100.0
2018-05-24 14:00:00,NSE:TIMESGTY,35.0,35.0,35.0,35.0,10.0
2018-05-24 15:00:00,NSE:TIMESGTY,35.5,35.5,35.1,35.15,708.0
2018-05-25 09:00:00,NSE:TIMESGTY,35.0,35.95,35.0,35.95,150.0
2018-05-25 10:00:00,NSE:TIMESGTY,35.0,35.0,35.0,35.0,650.0
2018-05-25 12:00:00,NSE:TIMESGTY,34.0,34.0,34.0,34.0,50.0
2018-05-25 13:00:00,NSE:TIMESGTY,34.0,34.85,34.0,34.15,150.0
2018-05-25 14:00:00,NSE:TIMESGTY,34.9,34.9,33.6,33.6,2386.0
2018-05-25 15:00:00,NSE:TIMESGTY,34.0,34.5,33.4,33.4,1796.0
2018-05-28 11:00:00,NSE:TIMESGTY,34.9,34.9,33.35,33.35,109.0
2018-05-28 13:00:00,NSE:TIMESGTY,34.9,34.9,34.9,34.9,2.0
2018-05-28 14:00:00,NSE:TIMESGTY,34.9,35.0,34.9,35.0,450.0
2018-05-28 15:00:00,NSE:TIMESGTY,35.0,35.0,34.3,34.3,741.0
2018-05-29 09:00:00,NSE:TIMESGTY,34.3,34.3,34.3,34.3,250.0
2018-05-29 12:00:00,NSE:TIMESGTY,34.35,34.35,34.0,34.0,245.0
2018-05-29 13:00:00,NSE:TIMESGTY,35.5,35.5,35.5,35.5,50.0
2018-05-29 14:00:00,NSE:TIMESGTY,34.3,34.3,34.3,34.3,50.0
2018-05-29 15:00:00,NSE:TIMESGTY,34.3,34.3,34.3,34.3,2.0
2018-05-30 13:00:00,NSE:TIMESGTY,35.35,35.35,35.35,35.35,1.0
2018-05-30 14:00:00,NSE:TIMESGTY,35.35,35.35,34.0,34.0,36.0
2018-05-30 15:00:00,NSE:TIMESGTY,34.9,34.9,34.9,34.9,8.0
2018-05-31 09:00:00,NSE:TIMESGTY,34.9,34.9,34.9,34.9,100.0
2018-05-31 11:00:00,NSE:TIMESGTY,36.25,36.25,36.25,36.25,56.0
2018-05-31 12:00:00,NSE:TIMESGTY,36.0,36.0,36.0,36.0,30.0
2018-05-31 13:00:00,NSE:TIMESGTY,34.5,34.5,34.5,34.5,400.0
2018-05-31 14:00:00,NSE:TIMESGTY,35.4,35.4,35.4,35.4,1.0
2018-05-31 15:00:00,NSE:TIMESGTY,35.4,35.5,35.4,35.5,121.0
2018-06-01 09:00:00,NSE:TIMESGTY,34.05,34.05,34.05,34.05,100.0
2018-06-01 10:00:00,NSE:TIMESGTY,34.35,34.35,34.35,34.35,149.0
2018-06-01 11:00:00,NSE:TIMESGTY,34.3,34.3,33.65,33.65,805.0
2018-06-01 12:00:00,NSE:TIMESGTY,33.65,33.65,33.65,33.65,150.0
2018-06-01 14:00:00,NSE:TIMESGTY,33.65,33.65,33.65,33.65,100.0
2018-06-04 09:00:00,NSE:TIMESGTY,32.3,34.55,32.3,34.55,103.0
2018-06-04 10:00:00,NSE:TIMESGTY,33.95,33.95,32.3,33.65,125.0
2018-06-04 11:00:00,NSE:TIMESGTY,32.3,32.3,32.0,32.0,846.0
2018-06-04 15:00:00,NSE:TIMESGTY,32.0,32.0,32.0,32.0,20.0
2018-06-05 09:00:00,NSE:TIMESGTY,30.6,30.6,30.4,30.4,350.0
2018-06-05 10:00:00,NSE:TIMESGTY,30.4,30.4,30.4,30.4,2008.0
2018-06-05 11:00:00,NSE:TIMESGTY,30.85,30.85,30.85,30.85,100.0
2018-06-05 12:00:00,NSE:TIMESGTY,30.8,30.8,30.8,30.8,15.0
2018-06-05 13:00:00,NSE:TIMESGTY,30.4,30.4,30.4,30.4,345.0
2018-06-05 14:00:00,NSE:TIMESGTY,30.4,30.4,30.4,30.4,5.0
2018-06-06 09:00:00,NSE:TIMESGTY,31.45,31.45,30.25,30.3,200.0
2018-06-06 10:00:00,NSE:TIMESGTY,30.95,30.95,30.95,30.95,100.0
2018-06-06 11:00:00,NSE:TIMESGTY,30.3,30.3,28.9,28.9,590.0
2018-06-06 12:00:00,NSE:TIMESGTY,29.8,29.8,28.95,28.95,100.0
2018-06-06 13:00:00,NSE:TIMESGTY,28.95,28.95,28.95,28.95,90.0
2018-06-06 14:00:00,NSE:TIMESGTY,29.45,29.45,28.9,28.9,128.0
2018-06-06 15:00:00,NSE:TIMESGTY,28.9,29.4,28.9,29.4,3205.0
2018-06-07 10:00:00,NSE:TIMESGTY,30.35,30.5,30.35,30.5,355.0
2018-06-07 11:00:00,NSE:TIMESGTY,30.5,30.7,30.5,30.7,1000.0
2018-06-07 12:00:00,NSE:TIMESGTY,30.7,30.7,30.2,30.2,246.0
2018-06-07 13:00:00,NSE:TIMESGTY,30.0,30.65,30.0,30.65,111.0
2018-06-08 09:00:00,NSE:TIMESGTY,31.95,31.95,31.95,31.95,5.0
2018-06-08 10:00:00,NSE:TIMESGTY,31.95,32.0,31.95,32.0,101.0
2018-06-08 11:00:00,NSE:TIMESGTY,32.0,32.1,30.9,32.1,111.0
2018-06-08 12:00:00,NSE:TIMESGTY,32.1,32.15,32.1,32.15,199.0
2018-06-08 13:00:00,NSE:TIMESGTY,32.15,32.15,32.15,32.15,8.0
2018-06-08 14:00:00,NSE:TIMESGTY,32.15,32.15,32.15,32.15,5.0
2018-06-08 15:00:00,NSE:TIMESGTY,32.15,32.15,32.15,32.15,1.0
2018-06-11 09:00:00,NSE:TIMESGTY,32.4,32.4,32.4,32.4,93.0
2018-06-11 10:00:00,NSE:TIMESGTY,32.4,32.4,32.4,32.4,107.0
2018-06-11 11:00:00,NSE:TIMESGTY,33.0,33.75,33.0,33.75,749.0
2018-06-11 14:00:00,NSE:TIMESGTY,33.75,33.75,33.75,33.75,305.0
2018-06-11 15:00:00,NSE:TIMESGTY,33.75,33.75,33.75,33.75,186.0
2018-06-12 09:00:00,NSE:TIMESGTY,35.4,35.4,32.55,32.55,436.0
2018-06-12 10:00:00,NSE:TIMESGTY,35.3,35.35,34.5,34.5,560.0
2018-06-12 11:00:00,NSE:TIMESGTY,34.55,35.4,34.55,35.4,272.0
2018-06-12 12:00:00,NSE:TIMESGTY,34.55,35.25,34.55,35.25,383.0
2018-06-12 13:00:00,NSE:TIMESGTY,35.2,35.2,35.2,35.2,100.0
2018-06-12 15:00:00,NSE:TIMESGTY,34.5,34.5,33.15,33.25,20.0
2018-06-13 10:00:00,NSE:TIMESGTY,34.95,34.95,34.95,34.95,40.0
2018-06-13 11:00:00,NSE:TIMESGTY,35.25,35.25,35.25,35.25,403.0
2018-06-13 12:00:00,NSE:TIMESGTY,35.2,35.2,35.2,35.2,1.0
2018-06-13 13:00:00,NSE:TIMESGTY,35.0,35.25,35.0,35.25,816.0
2018-06-13 14:00:00,NSE:TIMESGTY,35.25,35.25,35.25,35.25,1.0
2018-06-13 15:00:00,NSE:TIMESGTY,35.25,35.25,35.25,35.25,10.0
2018-06-14 10:00:00,NSE:TIMESGTY,36.45,36.45,35.0,35.0,403.0
2018-06-14 11:00:00,NSE:TIMESGTY,35.0,36.5,33.7,33.7,2917.0
2018-06-14 12:00:00,NSE:TIMESGTY,36.5,36.5,36.5,36.5,20.0
2018-06-14 13:00:00,NSE:TIMESGTY,36.5,36.5,34.05,34.3,190.0
2018-06-14 14:00:00,NSE:TIMESGTY,34.15,34.15,34.15,34.15,2.0
2018-06-14 15:00:00,NSE:TIMESGTY,35.0,35.0,35.0,35.0,20.0
2018-06-15 09:00:00,NSE:TIMESGTY,36.65,36.7,36.65,36.7,375.0
2018-06-15 10:00:00,NSE:TIMESGTY,33.45,33.45,33.45,33.45,10.0
2018-06-15 14:00:00,NSE:TIMESGTY,33.75,33.75,33.75,33.75,100.0
2018-06-15 15:00:00,NSE:TIMESGTY,36.5,36.5,34.05,36.4,330.0
2018-06-18 09:00:00,NSE:TIMESGTY,37.85,37.85,34.65,34.65,47.0
2018-06-18 11:00:00,NSE:TIMESGTY,36.75,36.75,36.75,36.75,100.0
2018-06-18 12:00:00,NSE:TIMESGTY,36.75,36.75,36.75,36.75,31.0
2018-06-18 13:00:00,NSE:TIMESGTY,36.75,36.75,36.75,36.75,109.0
2018-06-18 14:00:00,NSE:TIMESGTY,36.0,36.0,36.0,36.0,87.0
2018-06-18 15:00:00,NSE:TIMESGTY,34.9,36.9,34.9,36.9,517.0
2018-06-19 09:00:00,NSE:TIMESGTY,36.9,36.9,36.9,36.9,430.0
2018-06-19 10:00:00,NSE:TIMESGTY,36.9,36.9,35.85,35.85,126.0
2018-06-19 11:00:00,NSE:TIMESGTY,37.8,37.8,37.5,37.5,4.0
2018-06-19 14:00:00,NSE:TIMESGTY,37.5,37.5,37.5,37.5,365.0
2018-06-19 15:00:00,NSE:TIMESGTY,37.5,37.7,37.5,37.7,312.0
2018-06-20 09:00:00,NSE:TIMESGTY,37.6,37.6,37.6,37.6,1.0
2018-06-20 11:00:00,NSE:TIMESGTY,38.2,38.2,38.2,38.2,115.0
2018-06-20 14:00:00,NSE:TIMESGTY,38.8,38.85,38.8,38.85,100.0
2018-06-20 15:00:00,NSE:TIMESGTY,38.85,39.4,38.85,39.2,1457.0
2018-06-21 09:00:00,NSE:TIMESGTY,39.15,39.15,37.25,37.25,300.0
2018-06-21 10:00:00,NSE:TIMESGTY,37.3,38.95,37.25,38.95,1510.0
2018-06-21 12:00:00,NSE:TIMESGTY,37.35,37.35,37.35,37.35,45.0
2018-06-21 13:00:00,NSE:TIMESGTY,37.3,37.3,37.3,37.3,90.0
2018-06-21 14:00:00,NSE:TIMESGTY,38.5,38.5,38.5,38.5,470.0
2018-06-21 15:00:00,NSE:TIMESGTY,37.3,37.35,37.3,37.35,749.0
2018-06-22 13:00:00,NSE:TIMESGTY,37.3,37.3,37.3,37.3,51.0
2018-06-22 14:00:00,NSE:TIMESGTY,37.3,37.3,36.0,36.0,250.0
2018-06-22 15:00:00,NSE:TIMESGTY,37.8,38.3,37.8,38.3,2.0
2018-06-25 10:00:00,NSE:TIMESGTY,36.5,39.2,36.5,36.5,61.0
2018-06-25 11:00:00,NSE:TIMESGTY,37.0,37.0,37.0,37.0,349.0
2018-06-25 12:00:00,NSE:TIMESGTY,38.25,38.25,37.0,37.0,51.0
2018-06-25 13:00:00,NSE:TIMESGTY,37.0,37.0,37.0,37.0,122.0
2018-06-25 14:00:00,NSE:TIMESGTY,37.0,37.1,37.0,37.1,196.0
2018-06-26 09:00:00,NSE:TIMESGTY,35.3,35.3,35.3,35.3,9.0
2018-06-26 10:00:00,NSE:TIMESGTY,35.9,35.9,35.9,35.9,40.0
2018-06-26 11:00:00,NSE:TIMESGTY,36.1,37.0,35.55,35.55,611.0
2018-06-26 12:00:00,NSE:TIMESGTY,35.5,35.5,35.5,35.5,274.0
2018-06-26 14:00:00,NSE:TIMESGTY,35.5,35.5,35.3,35.3,935.0
2018-06-26 15:00:00,NSE:TIMESGTY,35.3,35.3,35.25,35.25,509.0
2018-06-27 10:00:00,NSE:TIMESGTY,33.6,33.6,33.5,33.5,301.0
2018-06-27 11:00:00,NSE:TIMESGTY,33.5,33.5,33.5,33.5,102.0
2018-06-27 12:00:00,NSE:TIMESGTY,33.65,33.65,33.5,33.5,247.0
2018-06-27 13:00:00,NSE:TIMESGTY,33.5,33.5,33.5,33.5,900.0
2018-06-27 15:00:00,NSE:TIMESGTY,33.5,33.5,33.5,33.5,1437.0
2018-06-28 09:00:00,NSE:TIMESGTY,31.85,31.85,31.85,31.85,55.0
2018-06-28 10:00:00,NSE:TIMESGTY,31.85,32.2,31.85,32.2,172.0
2018-06-28 11:00:00,NSE:TIMESGTY,31.95,31.95,31.95,31.95,400.0
2018-06-28 12:00:00,NSE:TIMESGTY,31.95,33.5,31.95,33.5,167.0
2018-06-28 13:00:00,NSE:TIMESGTY,33.45,33.5,31.95,31.95,554.0
2018-06-28 14:00:00,NSE:TIMESGTY,31.85,33.2,31.85,31.85,2515.0
2018-06-28 15:00:00,NSE:TIMESGTY,31.85,31.85,31.85,31.85,100.0
2018-06-29 09:00:00,NSE:TIMESGTY,30.75,30.75,30.75,30.75,5.0
2018-06-29 10:00:00,NSE:TIMESGTY,30.3,30.85,30.3,30.85,1102.0
2018-06-29 11:00:00,NSE:TIMESGTY,30.85,30.9,30.85,30.9,540.0
2018-06-29 12:00:00,NSE:TIMESGTY,32.2,32.2,31.05,31.05,101.0
2018-06-29 13:00:00,NSE:TIMESGTY,31.15,31.15,31.15,31.15,150.0
2018-06-29 14:00:00,NSE:TIMESGTY,31.15,31.45,30.3,31.3,2540.0
2018-06-29 15:00:00,NSE:TIMESGTY,30.3,30.65,30.3,30.65,206.0
2018-07-02 09:00:00,NSE:TIMESGTY,30.65,30.65,30.65,30.65,148.0
2018-07-02 11:00:00,NSE:TIMESGTY,30.65,30.65,29.2,29.2,174.0
2018-07-02 12:00:00,NSE:TIMESGTY,31.95,31.95,31.85,31.85,60.0
2018-07-02 15:00:00,NSE:TIMESGTY,29.55,31.85,29.55,31.85,12.0
2018-07-03 09:00:00,NSE:TIMESGTY,31.85,31.85,31.85,31.85,30.0
2018-07-03 14:00:00,NSE:TIMESGTY,32.25,32.25,32.25,32.25,10.0
2018-07-03 15:00:00,NSE:TIMESGTY,32.25,32.3,32.25,32.3,4.0
2018-07-04 09:00:00,NSE:TIMESGTY,32.95,32.95,32.95,32.95,10.0
2018-07-04 11:00:00,NSE:TIMESGTY,32.65,32.65,32.65,32.65,100.0
2018-07-04 13:00:00,NSE:TIMESGTY,32.3,32.3,32.0,32.3,60.0
2018-07-04 14:00:00,NSE:TIMESGTY,32.0,32.3,31.0,31.0,155.0
2018-07-05 09:00:00,NSE:TIMESGTY,29.65,29.65,29.65,29.65,20.0
2018-07-05 10:00:00,NSE:TIMESGTY,29.5,31.9,29.5,31.9,1420.0
2018-07-05 11:00:00,NSE:TIMESGTY,31.25,31.25,31.25,31.25,100.0
2018-07-05 12:00:00,NSE:TIMESGTY,30.85,30.85,30.85,30.85,1.0
2018-07-05 14:00:00,NSE:TIMESGTY,30.5,30.5,29.5,29.5,26.0
2018-07-05 15:00:00,NSE:TIMESGTY,31.2,31.2,31.2,31.2,5.0
2018-07-06 11:00:00,NSE:TIMESGTY,29.7,29.7,29.7,29.7,1.0
2018-07-06 14:00:00,NSE:TIMESGTY,31.35,31.35,31.35,31.35,10.0
2018-07-06 15:00:00,NSE:TIMESGTY,31.4,31.4,29.7,29.7,124.0
2018-07-09 09:00:00,NSE:TIMESGTY,31.2,31.2,31.2,31.2,5.0
2018-07-09 10:00:00,NSE:TIMESGTY,29.05,31.0,29.05,31.0,55.0
2018-07-09 11:00:00,NSE:TIMESGTY,31.0,31.0,31.0,31.0,1.0
2018-07-09 14:00:00,NSE:TIMESGTY,31.0,31.0,31.0,31.0,88.0
2018-07-09 15:00:00,NSE:TIMESGTY,31.25,31.25,29.5,31.25,451.0
2018-07-10 09:00:00,NSE:TIMESGTY,31.7,31.75,31.0,31.0,250.0
2018-07-10 11:00:00,NSE:TIMESGTY,31.0,31.75,31.0,31.75,510.0
2018-07-10 14:00:00,NSE:TIMESGTY,31.75,31.75,29.75,29.75,734.0
2018-07-10 15:00:00,NSE:TIMESGTY,31.0,31.0,29.95,29.95,30.0
2018-07-11 09:00:00,NSE:TIMESGTY,29.35,32.0,29.35,32.0,11.0
2018-07-11 10:00:00,NSE:TIMESGTY,32.0,32.0,32.0,32.0,237.0
2018-07-11 11:00:00,NSE:TIMESGTY,31.1,31.1,31.1,31.1,50.0
2018-07-12 10:00:00,NSE:TIMESGTY,32.25,32.65,32.25,32.65,594.0
2018-07-12 12:00:00,NSE:TIMESGTY,31.3,32.65,31.3,32.0,137.0
2018-07-12 13:00:00,NSE:TIMESGTY,32.6,32.6,32.6,32.6,25.0
2018-07-12 14:00:00,NSE:TIMESGTY,31.55,31.55,31.0,31.0,166.0
2018-07-13 09:00:00,NSE:TIMESGTY,32.5,32.5,31.0,31.25,465.0
2018-07-13 11:00:00,NSE:TIMESGTY,31.4,31.4,31.4,31.4,25.0
2018-07-13 12:00:00,NSE:TIMESGTY,31.65,31.65,31.65,31.65,1.0
2018-07-13 13:00:00,NSE:TIMESGTY,31.65,31.65,31.65,31.65,50.0
2018-07-13 14:00:00,NSE:TIMESGTY,31.25,31.25,30.1,30.1,100.0
2018-07-16 09:00:00,NSE:TIMESGTY,30.15,30.15,30.15,30.15,200.0
2018-07-16 10:00:00,NSE:TIMESGTY,31.55,31.55,30.3,30.3,112.0
2018-07-16 12:00:00,NSE:TIMESGTY,30.25,30.25,30.2,30.25,110.0
2018-07-16 14:00:00,NSE:TIMESGTY,30.95,30.95,30.95,30.95,50.0
2018-07-16 15:00:00,NSE:TIMESGTY,30.2,30.2,30.2,30.2,91.0
2018-07-17 09:00:00,NSE:TIMESGTY,31.5,31.5,29.0,31.25,158.0
2018-07-17 10:00:00,NSE:TIMESGTY,30.9,30.9,30.9,30.9,30.0
2018-07-17 13:00:00,NSE:TIMESGTY,30.1,30.1,30.05,30.05,2.0
2018-07-17 14:00:00,NSE:TIMESGTY,30.8,30.8,30.8,30.8,25.0
2018-07-17 15:00:00,NSE:TIMESGTY,30.8,30.8,30.8,30.8,9.0
2018-07-18 09:00:00,NSE:TIMESGTY,29.75,31.65,29.75,30.0,159.0
2018-07-18 10:00:00,NSE:TIMESGTY,29.65,29.65,29.65,29.65,1.0
2018-07-18 11:00:00,NSE:TIMESGTY,30.75,30.75,30.75,30.75,58.0
2018-07-18 15:00:00,NSE:TIMESGTY,30.0,30.0,30.0,30.0,11.0
2018-07-19 12:00:00,NSE:TIMESGTY,28.65,28.65,28.5,28.5,2644.0
2018-07-19 13:00:00,NSE:TIMESGTY,28.6,28.6,28.6,28.6,5.0
2018-07-19 15:00:00,NSE:TIMESGTY,29.9,29.9,28.55,28.55,160.0
2018-07-20 09:00:00,NSE:TIMESGTY,27.65,29.95,27.65,28.0,204.0
2018-07-20 10:00:00,NSE:TIMESGTY,29.8,29.8,29.8,29.8,33.0
2018-07-20 11:00:00,NSE:TIMESGTY,29.75,29.75,29.75,29.75,5.0
2018-07-20 12:00:00,NSE:TIMESGTY,28.9,28.9,28.9,28.9,30.0
2018-07-20 13:00:00,NSE:TIMESGTY,28.15,28.15,28.15,28.15,25.0
2018-07-20 14:00:00,NSE:TIMESGTY,28.9,28.9,27.5,27.5,593.0
2018-07-20 15:00:00,NSE:TIMESGTY,28.35,28.35,28.35,28.35,30.0
2018-07-23 09:00:00,NSE:TIMESGTY,27.5,27.5,27.5,27.5,5.0
2018-07-23 10:00:00,NSE:TIMESGTY,27.55,27.65,27.1,27.2,1329.0
2018-07-23 12:00:00,NSE:TIMESGTY,28.65,28.65,28.65,28.65,92.0
2018-07-23 14:00:00,NSE:TIMESGTY,28.65,28.65,28.0,28.0,73.0
2018-07-23 15:00:00,NSE:TIMESGTY,27.5,27.5,27.5,27.5,830.0
2018-07-24 09:00:00,NSE:TIMESGTY,28.3,28.5,28.0,28.5,120.0
2018-07-24 10:00:00,NSE:TIMESGTY,28.5,28.85,28.5,28.85,1500.0
2018-07-24 11:00:00,NSE:TIMESGTY,28.8,28.8,27.8,27.8,2150.0
2018-07-24 12:00:00,NSE:TIMESGTY,28.8,28.85,26.15,27.75,7626.0
2018-07-24 13:00:00,NSE:TIMESGTY,27.3,27.3,27.15,27.15,404.0
2018-07-24 14:00:00,NSE:TIMESGTY,27.15,27.2,27.0,27.1,164.0
2018-07-24 15:00:00,NSE:TIMESGTY,27.0,27.15,26.5,26.75,437.0
2018-07-25 09:00:00,NSE:TIMESGTY,26.75,26.8,26.75,26.8,1000.0
2018-07-25 10:00:00,NSE:TIMESGTY,27.95,27.95,27.95,27.95,2000.0
2018-07-25 11:00:00,NSE:TIMESGTY,27.85,28.0,27.85,28.0,553.0
2018-07-25 12:00:00,NSE:TIMESGTY,27.95,28.0,27.65,28.0,754.0
2018-07-25 13:00:00,NSE:TIMESGTY,27.2,28.05,27.05,28.05,2970.0
2018-07-25 14:00:00,NSE:TIMESGTY,27.25,27.25,27.25,27.25,10.0
2018-07-25 15:00:00,NSE:TIMESGTY,28.05,28.05,28.05,28.05,422.0
2018-07-26 10:00:00,NSE:TIMESGTY,27.1,27.1,27.1,27.1,500.0
2018-07-26 11:00:00,NSE:TIMESGTY,29.15,29.15,27.35,27.35,150.0
2018-07-26 13:00:00,NSE:TIMESGTY,28.4,28.4,27.3,27.3,297.0
2018-07-26 14:00:00,NSE:TIMESGTY,28.3,28.3,28.3,28.3,111.0
2018-07-26 15:00:00,NSE:TIMESGTY,27.3,27.95,27.2,27.95,306.0
2018-07-27 10:00:00,NSE:TIMESGTY,28.85,28.85,28.8,28.8,1500.0
2018-07-27 11:00:00,NSE:TIMESGTY,27.9,27.9,27.9,27.9,101.0
2018-07-27 12:00:00,NSE:TIMESGTY,28.35,28.35,27.7,27.7,400.0
2018-07-27 13:00:00,NSE:TIMESGTY,28.6,28.6,27.65,27.8,2391.0
2018-07-27 14:00:00,NSE:TIMESGTY,27.65,28.3,27.65,28.3,53.0
2018-07-27 15:00:00,NSE:TIMESGTY,28.3,28.3,26.8,27.4,603.0
2018-07-30 09:00:00,NSE:TIMESGTY,28.45,28.45,28.45,28.45,130.0
2018-07-30 10:00:00,NSE:TIMESGTY,28.45,28.5,28.45,28.5,650.0
2018-07-30 12:00:00,NSE:TIMESGTY,28.5,28.55,28.25,28.25,351.0
2018-07-30 13:00:00,NSE:TIMESGTY,28.5,28.55,28.3,28.3,1043.0
2018-07-30 14:00:00,NSE:TIMESGTY,28.6,28.6,28.6,28.6,100.0
2018-07-30 15:00:00,NSE:TIMESGTY,28.6,28.75,28.6,28.75,263.0
2018-07-31 09:00:00,NSE:TIMESGTY,28.0,29.9,28.0,29.65,529.0
2018-07-31 10:00:00,NSE:TIMESGTY,29.65,29.65,28.1,28.1,199.0
2018-07-31 11:00:00,NSE:TIMESGTY,29.45,30.0,29.0,29.95,1133.0
2018-07-31 12:00:00,NSE:TIMESGTY,29.0,29.0,29.0,29.0,51.0
2018-07-31 15:00:00,NSE:TIMESGTY,29.9,30.0,29.9,30.0,295.0
2018-08-01 09:00:00,NSE:TIMESGTY,31.35,31.35,31.35,31.35,30.0
2018-08-01 10:00:00,NSE:TIMESGTY,31.0,31.0,30.5,31.0,100.0
2018-08-01 11:00:00,NSE:TIMESGTY,31.0,31.0,31.0,31.0,868.0
2018-08-01 12:00:00,NSE:TIMESGTY,30.45,31.0,30.4,30.4,152.0
2018-08-01 13:00:00,NSE:TIMESGTY,31.0,31.0,31.0,31.0,250.0
2018-08-01 14:00:00,NSE:TIMESGTY,30.45,31.0,30.4,31.0,215.0
2018-08-01 15:00:00,NSE:TIMESGTY,31.0,31.0,31.0,31.0,99.0
2018-08-02 09:00:00,NSE:TIMESGTY,30.0,32.55,30.0,32.0,888.0
2018-08-02 10:00:00,NSE:TIMESGTY,31.6,31.95,31.5,31.85,689.0
2018-08-02 11:00:00,NSE:TIMESGTY,32.0,32.0,32.0,32.0,520.0
2018-08-02 12:00:00,NSE:TIMESGTY,32.0,32.4,32.0,32.4,570.0
2018-08-02 13:00:00,NSE:TIMESGTY,32.5,32.5,32.5,32.5,100.0
2018-08-02 14:00:00,NSE:TIMESGTY,32.5,32.5,31.6,32.45,1300.0
2018-08-02 15:00:00,NSE:TIMESGTY,32.5,32.5,31.45,32.5,901.0
2018-08-03 09:00:00,NSE:TIMESGTY,33.0,34.1,33.0,34.1,654.0
2018-08-03 10:00:00,NSE:TIMESGTY,34.1,34.1,34.1,34.1,200.0
2018-08-03 13:00:00,NSE:TIMESGTY,34.1,34.1,34.1,34.1,516.0
2018-08-03 14:00:00,NSE:TIMESGTY,34.1,34.1,34.1,34.1,100.0
2018-08-06 10:00:00,NSE:TIMESGTY,34.65,35.8,34.65,35.8,405.0
2018-08-06 11:00:00,NSE:TIMESGTY,35.8,35.8,35.8,35.8,600.0
2018-08-06 12:00:00,NSE:TIMESGTY,35.8,35.8,35.7,35.7,1101.0
2018-08-06 13:00:00,NSE:TIMESGTY,34.7,35.8,34.7,35.15,2853.0
2018-08-06 14:00:00,NSE:TIMESGTY,35.8,35.8,35.2,35.2,150.0
2018-08-07 09:00:00,NSE:TIMESGTY,36.7,36.7,34.6,34.6,348.0
2018-08-07 10:00:00,NSE:TIMESGTY,36.5,36.5,36.45,36.45,401.0
2018-08-07 11:00:00,NSE:TIMESGTY,36.75,36.75,36.45,36.65,1022.0
2018-08-07 12:00:00,NSE:TIMESGTY,34.6,36.0,34.6,36.0,46.0
2018-08-07 13:00:00,NSE:TIMESGTY,35.1,35.1,35.1,35.1,34.0
2018-08-07 14:00:00,NSE:TIMESGTY,35.1,35.2,35.1,35.2,94.0
2018-08-07 15:00:00,NSE:TIMESGTY,36.75,36.75,36.75,36.75,548.0
2018-08-08 09:00:00,NSE:TIMESGTY,38.45,38.45,38.0,38.0,1020.0
2018-08-08 10:00:00,NSE:TIMESGTY,37.9,37.9,36.0,37.8,1650.0
2018-08-08 11:00:00,NSE:TIMESGTY,37.8,38.0,36.25,38.0,1053.0
2018-08-08 13:00:00,NSE:TIMESGTY,37.9,37.9,37.0,37.0,60.0
2018-08-08 14:00:00,NSE:TIMESGTY,37.05,37.05,37.05,37.05,1.0
2018-08-08 15:00:00,NSE:TIMESGTY,38.0,38.0,38.0,38.0,35.0
2018-08-09 09:00:00,NSE:TIMESGTY,36.2,37.95,36.2,37.0,403.0
2018-08-09 10:00:00,NSE:TIMESGTY,36.7,37.95,36.45,37.95,91.0
2018-08-09 11:00:00,NSE:TIMESGTY,37.75,37.75,37.75,37.75,13.0
2018-08-09 12:00:00,NSE:TIMESGTY,36.5,37.45,36.5,37.45,79.0
2018-08-09 13:00:00,NSE:TIMESGTY,37.45,37.45,37.45,37.45,1.0
2018-08-09 14:00:00,NSE:TIMESGTY,36.55,36.55,36.55,36.55,300.0
2018-08-09 15:00:00,NSE:TIMESGTY,37.4,37.45,36.4,37.45,34.0
2018-08-10 09:00:00,NSE:TIMESGTY,36.0,36.0,36.0,36.0,1.0
2018-08-10 10:00:00,NSE:TIMESGTY,36.0,36.0,35.7,36.0,159.0
2018-08-10 11:00:00,NSE:TIMESGTY,35.9,35.9,35.9,35.9,100.0
2018-08-10 13:00:00,NSE:TIMESGTY,36.0,36.0,36.0,36.0,29.0
2018-08-10 14:00:00,NSE:TIMESGTY,36.0,36.0,35.7,35.7,400.0
2018-08-10 15:00:00,NSE:TIMESGTY,36.35,36.35,35.7,35.7,33.0
2018-08-13 10:00:00,NSE:TIMESGTY,34.5,34.5,34.0,34.0,655.0
2018-08-13 12:00:00,NSE:TIMESGTY,36.5,36.5,36.5,36.5,100.0
2018-08-13 13:00:00,NSE:TIMESGTY,34.2,36.45,34.2,34.2,256.0
2018-08-13 14:00:00,NSE:TIMESGTY,34.2,34.2,34.2,34.2,50.0
2018-08-13 15:00:00,NSE:TIMESGTY,34.25,34.9,34.25,34.9,101.0
2018-08-14 11:00:00,NSE:TIMESGTY,33.45,33.45,33.45,33.45,30.0
2018-08-14 14:00:00,NSE:TIMESGTY,33.65,33.65,33.65,33.65,200.0
2018-08-14 15:00:00,NSE:TIMESGTY,35.2,35.2,35.2,35.2,10.0
2018-08-16 09:00:00,NSE:TIMESGTY,34.0,36.25,34.0,36.25,61.0
2018-08-16 10:00:00,NSE:TIMESGTY,34.05,35.9,34.05,34.1,472.0
2018-08-16 12:00:00,NSE:TIMESGTY,34.05,34.05,34.05,34.05,77.0
2018-08-16 13:00:00,NSE:TIMESGTY,33.5,33.5,33.45,33.45,400.0
2018-08-16 15:00:00,NSE:TIMESGTY,33.5,34.45,33.5,34.45,193.0
2018-08-20 12:00:00,NSE:TIMESGTY,33.25,33.25,33.25,33.25,50.0
2018-08-20 14:00:00,NSE:TIMESGTY,35.2,35.2,35.2,35.2,100.0
2018-08-20 15:00:00,NSE:TIMESGTY,34.05,34.05,34.05,34.05,1.0
2018-08-21 11:00:00,NSE:TIMESGTY,32.35,32.35,32.35,32.35,50.0
2018-08-21 12:00:00,NSE:TIMESGTY,32.6,35.45,32.6,35.45,188.0
2018-08-21 13:00:00,NSE:TIMESGTY,32.8,35.4,32.75,32.75,560.0
2018-08-21 14:00:00,NSE:TIMESGTY,35.45,35.5,35.45,35.5,833.0
2018-08-21 15:00:00,NSE:TIMESGTY,35.75,35.75,35.75,35.75,815.0
2018-08-23 09:00:00,NSE:TIMESGTY,36.0,37.5,36.0,37.45,311.0
2018-08-23 13:00:00,NSE:TIMESGTY,36.65,36.65,36.65,36.65,100.0
2018-08-23 14:00:00,NSE:TIMESGTY,36.65,36.65,36.65,36.65,13.0
2018-08-24 14:00:00,NSE:TIMESGTY,34.85,34.85,34.85,34.85,262.0
2018-08-24 15:00:00,NSE:TIMESGTY,36.6,36.6,34.85,36.6,43.0
2018-08-27 10:00:00,NSE:TIMESGTY,36.5,36.5,33.3,33.3,301.0
2018-08-27 11:00:00,NSE:TIMESGTY,33.3,36.4,33.3,36.4,1299.0
2018-08-27 15:00:00,NSE:TIMESGTY,34.6,36.0,34.6,36.0,51.0
2018-08-28 09:00:00,NSE:TIMESGTY,34.4,34.4,34.4,34.4,10.0
2018-08-28 10:00:00,NSE:TIMESGTY,34.4,34.4,34.4,34.4,111.0
2018-08-28 11:00:00,NSE:TIMESGTY,34.4,36.0,34.4,36.0,505.0
2018-08-28 12:00:00,NSE:TIMESGTY,34.25,34.25,34.25,34.25,1200.0
2018-08-28 13:00:00,NSE:TIMESGTY,36.0,36.0,36.0,36.0,1055.0
2018-08-28 14:00:00,NSE:TIMESGTY,36.65,36.65,36.65,36.65,100.0
2018-08-28 15:00:00,NSE:TIMESGTY,36.5,36.5,36.5,36.5,100.0
2018-08-29 09:00:00,NSE:TIMESGTY,36.7,38.25,34.95,35.55,526.0
2018-08-29 14:00:00,NSE:TIMESGTY,36.15,36.15,36.15,36.15,100.0
2018-08-29 15:00:00,NSE:TIMESGTY,37.45,37.45,36.15,36.15,16.0
2018-08-30 10:00:00,NSE:TIMESGTY,35.45,35.5,35.45,35.5,450.0
2018-08-30 11:00:00,NSE:TIMESGTY,35.6,35.6,35.6,35.6,10.0
2018-08-30 14:00:00,NSE:TIMESGTY,35.7,35.7,35.7,35.7,300.0
2018-08-30 15:00:00,NSE:TIMESGTY,35.7,37.9,35.7,37.9,340.0
2018-08-31 10:00:00,NSE:TIMESGTY,37.0,37.0,37.0,37.0,100.0
2018-08-31 12:00:00,NSE:TIMESGTY,36.5,36.5,36.5,36.5,40.0
2018-08-31 13:00:00,NSE:TIMESGTY,35.05,35.05,35.05,35.05,300.0
2018-08-31 14:00:00,NSE:TIMESGTY,35.25,35.25,35.25,35.25,10.0
2018-08-31 15:00:00,NSE:TIMESGTY,37.7,37.7,37.7,37.7,1.0
2018-09-03 09:00:00,NSE:TIMESGTY,39.55,39.55,37.7,37.7,1003.0
2018-09-03 10:00:00,NSE:TIMESGTY,38.95,38.95,36.05,36.05,20.0
2018-09-03 11:00:00,NSE:TIMESGTY,38.6,38.6,38.6,38.6,300.0
2018-09-03 12:00:00,NSE:TIMESGTY,36.15,36.15,36.15,36.15,60.0
2018-09-03 14:00:00,NSE:TIMESGTY,38.25,38.25,36.45,36.45,127.0
2018-09-03 15:00:00,NSE:TIMESGTY,37.95,37.95,37.95,37.95,50.0
2018-09-04 09:00:00,NSE:TIMESGTY,38.95,38.95,38.9,38.95,350.0
2018-09-04 10:00:00,NSE:TIMESGTY,37.0,37.0,37.0,37.0,3.0
2018-09-04 13:00:00,NSE:TIMESGTY,37.0,37.0,37.0,37.0,1.0
2018-09-04 14:00:00,NSE:TIMESGTY,37.0,37.0,37.0,37.0,8.0
2018-09-05 09:00:00,NSE:TIMESGTY,35.85,37.95,35.85,37.95,150.0
2018-09-05 10:00:00,NSE:TIMESGTY,35.95,35.95,35.95,35.95,10.0
2018-09-05 11:00:00,NSE:TIMESGTY,35.95,35.95,35.95,35.95,211.0
2018-09-05 12:00:00,NSE:TIMESGTY,35.95,35.95,35.95,35.95,73.0
2018-09-05 13:00:00,NSE:TIMESGTY,35.9,35.9,35.9,35.9,275.0
2018-09-05 14:00:00,NSE:TIMESGTY,36.85,36.85,35.85,35.85,227.0
2018-09-06 10:00:00,NSE:TIMESGTY,37.5,37.5,37.5,37.5,10.0
2018-09-06 11:00:00,NSE:TIMESGTY,34.8,34.8,34.8,34.8,7.0
2018-09-06 12:00:00,NSE:TIMESGTY,37.2,37.2,35.0,35.0,71.0
2018-09-07 09:00:00,NSE:TIMESGTY,35.35,35.35,35.35,35.35,69.0
2018-09-07 10:00:00,NSE:TIMESGTY,36.7,36.7,35.9,35.9,80.0
2018-09-07 11:00:00,NSE:TIMESGTY,36.05,36.05,36.05,36.05,11.0
2018-09-07 13:00:00,NSE:TIMESGTY,36.1,36.1,36.1,36.1,50.0
2018-09-07 14:00:00,NSE:TIMESGTY,36.7,36.7,36.7,36.7,3.0
2018-09-10 09:00:00,NSE:TIMESGTY,38.35,38.4,35.05,38.0,133.0
2018-09-10 10:00:00,NSE:TIMESGTY,37.9,37.9,37.9,37.9,247.0
2018-09-10 14:00:00,NSE:TIMESGTY,37.45,37.45,35.35,35.35,261.0
2018-09-11 12:00:00,NSE:TIMESGTY,35.05,35.05,35.05,35.05,100.0
2018-09-12 10:00:00,NSE:TIMESGTY,35.0,35.0,35.0,35.0,100.0
2018-09-12 11:00:00,NSE:TIMESGTY,35.0,36.0,35.0,36.0,100.0
2018-09-14 09:00:00,NSE:TIMESGTY,36.7,36.7,36.7,36.7,4.0
2018-09-14 10:00:00,NSE:TIMESGTY,37.7,37.7,34.5,34.5,102.0
2018-09-14 14:00:00,NSE:TIMESGTY,34.65,37.7,34.65,37.7,195.0
2018-09-18 09:00:00,NSE:TIMESGTY,38.6,38.6,38.6,38.6,100.0
2018-09-19 09:00:00,NSE:TIMESGTY,38.15,38.15,38.15,38.15,200.0
2018-09-19 10:00:00,NSE:TIMESGTY,38.0,38.0,38.0,38.0,18.0
2018-09-21 09:00:00,NSE:TIMESGTY,38.0,38.0,38.0,38.0,50.0
2018-09-21 15:00:00,NSE:TIMESGTY,37.7,37.7,37.7,37.7,500.0
2018-09-24 10:00:00,NSE:TIMESGTY,35.9,35.9,35.9,35.9,200.0
2018-09-24 15:00:00,NSE:TIMESGTY,36.25,36.25,36.25,36.25,200.0
2018-09-25 09:00:00,NSE:TIMESGTY,34.5,34.5,34.5,34.5,50.0
2018-09-25 10:00:00,NSE:TIMESGTY,34.45,34.45,34.45,34.45,300.0
2018-09-25 11:00:00,NSE:TIMESGTY,34.45,34.45,34.45,34.45,50.0
2018-09-25 15:00:00,NSE:TIMESGTY,34.6,34.6,34.6,34.6,200.0
2018-09-26 09:00:00,NSE:TIMESGTY,32.9,32.9,32.9,32.9,19.0
2018-09-26 10:00:00,NSE:TIMESGTY,32.95,33.0,32.95,32.95,430.0
2018-09-26 11:00:00,NSE:TIMESGTY,32.95,32.95,32.95,32.95,20.0
2018-09-26 12:00:00,NSE:TIMESGTY,33.05,33.05,33.05,33.05,50.0
2018-09-26 14:00:00,NSE:TIMESGTY,33.05,36.0,33.05,36.0,101.0
2018-09-27 09:00:00,NSE:TIMESGTY,37.65,37.65,37.65,37.65,100.0
2018-09-27 11:00:00,NSE:TIMESGTY,35.1,35.1,35.1,35.1,50.0
2018-09-27 12:00:00,NSE:TIMESGTY,35.1,35.1,35.1,35.1,50.0
2018-09-27 13:00:00,NSE:TIMESGTY,35.1,35.1,35.1,35.1,50.0
2018-09-27 14:00:00,NSE:TIMESGTY,35.05,36.85,35.05,35.05,212.0
2018-09-27 15:00:00,NSE:TIMESGTY,36.85,36.85,36.85,36.85,100.0
2018-09-28 15:00:00,NSE:TIMESGTY,35.05,35.05,35.05,35.05,60.0
2018-10-01 10:00:00,NSE:TIMESGTY,35.95,35.95,33.3,33.3,335.0
2018-10-01 11:00:00,NSE:TIMESGTY,33.3,33.3,33.3,33.3,2.0
2018-10-01 13:00:00,NSE:TIMESGTY,35.85,36.7,35.85,36.65,640.0
2018-10-01 14:00:00,NSE:TIMESGTY,33.65,36.7,33.65,36.7,1203.0
2018-10-03 09:00:00,NSE:TIMESGTY,35.0,35.0,35.0,35.0,150.0
2018-10-03 10:00:00,NSE:TIMESGTY,35.05,35.1,35.05,35.05,175.0
2018-10-03 13:00:00,NSE:TIMESGTY,34.95,34.95,34.95,34.95,150.0
2018-10-03 14:00:00,NSE:TIMESGTY,35.0,35.95,34.9,35.95,466.0
2018-10-04 09:00:00,NSE:TIMESGTY,34.25,34.25,34.25,34.25,15.0
2018-10-04 13:00:00,NSE:TIMESGTY,34.25,34.25,34.25,34.25,300.0
2018-10-04 14:00:00,NSE:TIMESGTY,35.2,35.2,35.2,35.2,4.0
2018-10-04 15:00:00,NSE:TIMESGTY,34.2,34.2,34.2,34.2,96.0
2018-10-05 11:00:00,NSE:TIMESGTY,35.5,35.5,35.5,35.5,200.0
2018-10-05 14:00:00,NSE:TIMESGTY,32.5,32.5,32.5,32.5,50.0
2018-10-05 15:00:00,NSE:TIMESGTY,34.8,34.8,34.8,34.8,20.0
2018-10-09 11:00:00,NSE:TIMESGTY,34.45,34.5,33.15,34.5,281.0
2018-10-09 12:00:00,NSE:TIMESGTY,34.45,34.45,34.45,34.45,8.0
2018-10-09 14:00:00,NSE:TIMESGTY,34.0,34.0,34.0,34.0,170.0
2018-10-09 15:00:00,NSE:TIMESGTY,33.15,34.0,33.15,34.0,8.0
2018-10-11 11:00:00,NSE:TIMESGTY,33.1,33.1,33.1,33.1,151.0
2018-10-12 09:00:00,NSE:TIMESGTY,34.65,34.65,34.65,34.65,5.0
2018-10-12 10:00:00,NSE:TIMESGTY,34.6,34.6,31.55,31.55,15.0
2018-10-12 11:00:00,NSE:TIMESGTY,34.6,34.6,34.6,34.6,3.0
2018-10-12 13:00:00,NSE:TIMESGTY,31.6,31.65,31.6,31.6,161.0
2018-10-12 14:00:00,NSE:TIMESGTY,31.65,31.65,31.65,31.65,250.0
2018-10-12 15:00:00,NSE:TIMESGTY,31.8,31.8,31.8,31.8,127.0
2018-10-15 10:00:00,NSE:TIMESGTY,33.25,33.25,33.25,33.25,58.0
2018-10-15 11:00:00,NSE:TIMESGTY,32.0,32.0,30.85,30.85,410.0
2018-10-15 13:00:00,NSE:TIMESGTY,30.85,30.85,30.85,30.85,500.0
2018-10-15 14:00:00,NSE:TIMESGTY,30.8,30.8,30.8,30.8,500.0
2018-10-17 11:00:00,NSE:TIMESGTY,30.2,30.2,30.2,30.2,250.0
2018-10-17 12:00:00,NSE:TIMESGTY,30.3,30.3,30.3,30.3,177.0
2018-10-17 14:00:00,NSE:TIMESGTY,31.5,31.5,31.5,31.5,25.0
2018-10-19 09:00:00,NSE:TIMESGTY,32.85,32.85,30.15,30.15,500.0
2018-10-19 10:00:00,NSE:TIMESGTY,32.75,32.75,30.3,30.3,140.0
2018-10-19 11:00:00,NSE:TIMESGTY,32.6,32.6,32.6,32.6,3.0
2018-10-19 12:00:00,NSE:TIMESGTY,32.45,32.45,30.3,30.3,100.0
2018-10-19 13:00:00,NSE:TIMESGTY,30.0,30.0,30.0,30.0,1020.0
2018-10-19 14:00:00,NSE:TIMESGTY,30.05,31.8,30.05,31.8,255.0
2018-10-19 15:00:00,NSE:TIMESGTY,31.65,31.65,30.05,30.05,112.0
2018-10-22 09:00:00,NSE:TIMESGTY,30.75,30.75,29.3,29.3,220.0
2018-10-22 12:00:00,NSE:TIMESGTY,30.55,30.55,30.55,30.55,100.0
2018-10-22 13:00:00,NSE:TIMESGTY,29.3,29.3,29.3,29.3,20.0
2018-10-22 14:00:00,NSE:TIMESGTY,29.25,29.25,29.25,29.25,104.0
2018-10-22 15:00:00,NSE:TIMESGTY,29.95,29.95,29.95,29.95,50.0
2018-10-23 09:00:00,NSE:TIMESGTY,31.4,31.4,28.5,28.5,277.0
2018-10-23 10:00:00,NSE:TIMESGTY,31.0,31.0,31.0,31.0,160.0
2018-10-23 11:00:00,NSE:TIMESGTY,30.85,30.85,30.85,30.85,20.0
2018-10-23 13:00:00,NSE:TIMESGTY,30.7,30.85,30.7,30.85,418.0
2018-10-23 14:00:00,NSE:TIMESGTY,28.5,28.5,28.5,28.5,250.0
2018-10-24 09:00:00,NSE:TIMESGTY,27.1,27.15,27.1,27.1,539.0
2018-10-24 11:00:00,NSE:TIMESGTY,29.45,29.45,29.45,29.45,50.0
2018-10-24 12:00:00,NSE:TIMESGTY,27.3,27.3,27.25,27.25,700.0
2018-10-25 10:00:00,NSE:TIMESGTY,27.2,27.2,27.2,27.2,32.0
2018-10-25 14:00:00,NSE:TIMESGTY,27.2,27.25,27.2,27.2,500.0
2018-10-25 15:00:00,NSE:TIMESGTY,28.45,28.45,27.05,27.05,88.0
2018-10-26 09:00:00,NSE:TIMESGTY,28.6,28.6,28.6,28.6,90.0
2018-10-26 10:00:00,NSE:TIMESGTY,28.0,28.0,27.15,27.15,20.0
2018-10-26 11:00:00,NSE:TIMESGTY,27.1,27.1,27.1,27.1,90.0
2018-10-26 15:00:00,NSE:TIMESGTY,28.55,28.55,28.55,28.55,100.0
2018-10-29 09:00:00,NSE:TIMESGTY,28.0,28.0,27.4,27.4,550.0
2018-10-29 10:00:00,NSE:TIMESGTY,28.7,28.7,28.7,28.7,105.0
2018-10-29 12:00:00,NSE:TIMESGTY,28.7,28.9,28.7,28.9,200.0
2018-10-29 13:00:00,NSE:TIMESGTY,28.85,28.85,28.85,28.85,500.0
2018-10-29 14:00:00,NSE:TIMESGTY,28.9,28.95,27.6,27.6,600.0
2018-10-29 15:00:00,NSE:TIMESGTY,28.9,28.9,27.5,28.2,685.0
2018-10-30 09:00:00,NSE:TIMESGTY,28.75,28.75,28.75,28.75,20.0
2018-10-30 13:00:00,NSE:TIMESGTY,28.75,28.8,28.75,28.8,200.0
2018-10-30 15:00:00,NSE:TIMESGTY,28.85,28.85,28.85,28.85,69.0
2018-10-31 09:00:00,NSE:TIMESGTY,28.9,28.9,28.9,28.9,100.0
2018-10-31 10:00:00,NSE:TIMESGTY,27.55,27.55,27.55,27.55,107.0
2018-10-31 15:00:00,NSE:TIMESGTY,27.55,27.55,27.55,27.55,56.0
2018-11-01 09:00:00,NSE:TIMESGTY,28.55,28.55,28.55,28.55,100.0
2018-11-01 10:00:00,NSE:TIMESGTY,27.5,27.5,26.25,26.25,611.0
2018-11-01 11:00:00,NSE:TIMESGTY,27.2,27.2,27.2,27.2,30.0
2018-11-01 13:00:00,NSE:TIMESGTY,27.25,27.25,27.25,27.25,50.0
2018-11-01 15:00:00,NSE:TIMESGTY,28.75,28.75,26.9,26.9,700.0
2018-11-02 09:00:00,NSE:TIMESGTY,26.45,26.5,26.45,26.5,40.0
2018-11-02 10:00:00,NSE:TIMESGTY,28.35,28.35,28.35,28.35,6.0
2018-11-02 12:00:00,NSE:TIMESGTY,26.6,26.6,26.6,26.6,2.0
2018-11-02 15:00:00,NSE:TIMESGTY,26.8,26.8,26.8,26.8,234.0
2018-11-05 09:00:00,NSE:TIMESGTY,28.0,28.0,28.0,28.0,1000.0
2018-11-05 10:00:00,NSE:TIMESGTY,28.05,28.1,28.0,28.1,68.0
2018-11-05 14:00:00,NSE:TIMESGTY,28.1,28.1,28.1,28.1,3.0
2018-11-05 15:00:00,NSE:TIMESGTY,28.1,28.1,28.1,28.1,231.0
2018-11-06 10:00:00,NSE:TIMESGTY,29.45,29.45,29.45,29.45,10.0
2018-11-06 13:00:00,NSE:TIMESGTY,28.5,28.5,28.5,28.5,11.0
2018-11-06 14:00:00,NSE:TIMESGTY,29.45,29.45,29.45,29.45,100.0
2018-11-06 15:00:00,NSE:TIMESGTY,29.0,29.0,29.0,29.0,100.0
2018-11-09 09:00:00,NSE:TIMESGTY,30.9,30.9,30.9,30.9,200.0
2018-11-09 10:00:00,NSE:TIMESGTY,29.0,30.75,29.0,29.0,530.0
2018-11-09 12:00:00,NSE:TIMESGTY,30.8,30.8,29.45,29.45,72.0
2018-11-09 15:00:00,NSE:TIMESGTY,30.8,30.8,30.8,30.8,38.0
2018-11-12 12:00:00,NSE:TIMESGTY,29.55,29.55,29.55,29.55,5.0
2018-11-12 13:00:00,NSE:TIMESGTY,30.8,30.8,30.8,30.8,5.0
2018-11-13 09:00:00,NSE:TIMESGTY,30.75,30.75,30.75,30.75,100.0
2018-11-13 13:00:00,NSE:TIMESGTY,30.65,30.65,30.65,30.65,150.0
2018-11-13 14:00:00,NSE:TIMESGTY,29.35,30.65,29.35,30.65,243.0
2018-11-13 15:00:00,NSE:TIMESGTY,30.7,30.7,30.7,30.7,49.0
2018-11-14 10:00:00,NSE:TIMESGTY,30.65,30.65,30.65,30.65,60.0
2018-11-14 11:00:00,NSE:TIMESGTY,30.65,30.65,30.65,30.65,100.0
2018-11-14 13:00:00,NSE:TIMESGTY,30.0,30.0,29.25,29.25,250.0
2018-11-14 15:00:00,NSE:TIMESGTY,30.65,30.65,30.65,30.65,10.0
2018-11-15 14:00:00,NSE:TIMESGTY,30.9,30.9,30.9,30.9,38.0
2018-11-15 15:00:00,NSE:TIMESGTY,30.95,30.95,30.95,30.95,38.0
2018-11-16 09:00:00,NSE:TIMESGTY,30.95,30.95,30.95,30.95,100.0
2018-11-16 12:00:00,NSE:TIMESGTY,31.0,31.0,30.9,31.0,161.0
2018-11-16 15:00:00,NSE:TIMESGTY,30.5,30.5,30.5,30.5,300.0
2018-11-19 11:00:00,NSE:TIMESGTY,29.15,29.15,29.15,29.15,70.0
2018-11-19 12:00:00,NSE:TIMESGTY,30.95,30.95,30.95,30.95,100.0
2018-11-19 15:00:00,NSE:TIMESGTY,31.45,31.45,31.45,31.45,100.0
2018-11-20 09:00:00,NSE:TIMESGTY,29.65,29.65,29.65,29.65,110.0
2018-11-20 10:00:00,NSE:TIMESGTY,29.65,29.65,29.65,29.65,287.0
2018-11-20 11:00:00,NSE:TIMESGTY,29.65,29.65,29.65,29.65,599.0
2018-11-20 14:00:00,NSE:TIMESGTY,30.7,30.7,30.7,30.7,200.0
2018-11-20 15:00:00,NSE:TIMESGTY,29.6,29.6,29.6,29.6,100.0
2018-11-21 10:00:00,NSE:TIMESGTY,30.9,30.9,30.9,30.9,100.0
2018-11-21 12:00:00,NSE:TIMESGTY,30.75,30.75,30.75,30.75,130.0
2018-11-21 14:00:00,NSE:TIMESGTY,29.5,29.5,29.5,29.5,18.0
2018-11-21 15:00:00,NSE:TIMESGTY,31.0,31.05,31.0,31.05,1201.0
2018-11-22 10:00:00,NSE:TIMESGTY,29.75,29.75,29.75,29.75,50.0
2018-11-22 13:00:00,NSE:TIMESGTY,29.8,29.8,29.8,29.8,200.0
2018-11-22 15:00:00,NSE:TIMESGTY,29.75,29.75,29.75,29.75,250.0
2018-11-26 09:00:00,NSE:TIMESGTY,28.5,30.95,28.5,30.95,282.0
2018-11-26 10:00:00,NSE:TIMESGTY,30.0,30.0,28.75,28.75,220.0
2018-11-26 15:00:00,NSE:TIMESGTY,28.75,28.75,28.75,28.75,231.0
2018-11-27 11:00:00,NSE:TIMESGTY,28.05,30.15,28.05,30.15,1050.0
2018-11-27 13:00:00,NSE:TIMESGTY,30.0,30.15,30.0,30.15,350.0
2018-11-27 14:00:00,NSE:TIMESGTY,30.2,30.2,30.2,30.2,240.0
2018-11-27 15:00:00,NSE:TIMESGTY,30.2,30.2,30.2,30.2,160.0
2018-11-28 11:00:00,NSE:TIMESGTY,31.6,31.7,31.6,31.7,500.0
2018-11-28 12:00:00,NSE:TIMESGTY,31.65,31.7,30.15,30.15,470.0
2018-11-28 13:00:00,NSE:TIMESGTY,30.25,30.4,29.75,29.8,749.0
2018-11-28 14:00:00,NSE:TIMESGTY,31.7,31.7,31.7,31.7,1000.0
2018-11-29 10:00:00,NSE:TIMESGTY,30.55,30.55,30.55,30.55,15.0
2018-11-29 11:00:00,NSE:TIMESGTY,31.85,31.85,31.85,31.85,100.0
2018-11-29 15:00:00,NSE:TIMESGTY,31.8,31.8,31.8,31.8,85.0
2018-11-30 10:00:00,NSE:TIMESGTY,30.75,30.75,30.35,30.35,220.0
2018-11-30 15:00:00,NSE:TIMESGTY,30.55,30.75,30.55,30.75,110.0
2018-12-03 10:00:00,NSE:TIMESGTY,29.4,29.4,29.4,29.4,100.0
2018-12-03 11:00:00,NSE:TIMESGTY,29.55,29.55,29.55,29.55,100.0
2018-12-03 12:00:00,NSE:TIMESGTY,31.95,31.95,31.95,31.95,200.0
2018-12-03 15:00:00,NSE:TIMESGTY,29.6,29.6,29.6,29.6,100.0
2018-12-04 09:00:00,NSE:TIMESGTY,30.95,31.15,30.0,30.0,1960.0
2018-12-04 10:00:00,NSE:TIMESGTY,30.15,31.15,30.15,31.15,101.0
2018-12-04 11:00:00,NSE:TIMESGTY,30.3,30.3,30.3,30.3,3.0
2018-12-04 13:00:00,NSE:TIMESGTY,30.45,30.45,30.45,30.45,10.0
2018-12-04 15:00:00,NSE:TIMESGTY,31.15,31.15,31.15,31.15,1000.0
2018-12-05 10:00:00,NSE:TIMESGTY,31.9,31.9,30.4,30.4,116.0
2018-12-05 11:00:00,NSE:TIMESGTY,31.9,31.9,31.9,31.9,10.0
2018-12-05 14:00:00,NSE:TIMESGTY,30.55,30.55,30.4,30.4,250.0
2018-12-05 15:00:00,NSE:TIMESGTY,30.0,30.0,30.0,30.0,235.0
2018-12-06 11:00:00,NSE:TIMESGTY,29.65,29.65,29.65,29.65,70.0
2018-12-06 12:00:00,NSE:TIMESGTY,29.55,29.55,29.55,29.55,400.0
2018-12-06 14:00:00,NSE:TIMESGTY,31.45,31.45,31.45,31.45,270.0
2018-12-06 15:00:00,NSE:TIMESGTY,31.45,31.45,30.45,30.45,850.0
2018-12-07 14:00:00,NSE:TIMESGTY,31.9,31.9,31.9,31.9,1.0
2018-12-10 09:00:00,NSE:TIMESGTY,29.0,29.0,29.0,29.0,16.0
2018-12-10 11:00:00,NSE:TIMESGTY,29.85,29.85,29.85,29.85,25.0
2018-12-10 15:00:00,NSE:TIMESGTY,30.15,30.15,30.15,30.15,16.0
2018-12-11 09:00:00,NSE:TIMESGTY,30.15,30.15,30.15,30.15,250.0
2018-12-11 11:00:00,NSE:TIMESGTY,31.8,31.8,31.8,31.8,4.0
2018-12-11 15:00:00,NSE:TIMESGTY,30.0,30.0,30.0,30.0,101.0
2018-12-12 10:00:00,NSE:TIMESGTY,28.9,33.0,28.9,32.95,1061.0
2018-12-12 11:00:00,NSE:TIMESGTY,32.8,32.8,32.8,32.8,300.0
2018-12-12 14:00:00,NSE:TIMESGTY,31.9,31.9,31.9,31.9,342.0
2018-12-12 15:00:00,NSE:TIMESGTY,31.9,31.9,30.85,31.9,355.0
2018-12-13 10:00:00,NSE:TIMESGTY,30.3,33.0,30.3,31.95,250.0
2018-12-13 11:00:00,NSE:TIMESGTY,32.0,32.0,32.0,32.0,100.0
2018-12-13 14:00:00,NSE:TIMESGTY,32.0,32.0,32.0,32.0,1.0
2018-12-14 09:00:00,NSE:TIMESGTY,31.9,31.9,31.9,31.9,40.0
2018-12-14 10:00:00,NSE:TIMESGTY,31.95,31.95,31.95,31.95,58.0
2018-12-14 14:00:00,NSE:TIMESGTY,30.15,32.0,30.15,32.0,26.0
2018-12-14 15:00:00,NSE:TIMESGTY,32.0,32.7,32.0,32.7,288.0
2018-12-17 10:00:00,NSE:TIMESGTY,29.55,29.55,29.55,29.55,50.0
2018-12-17 11:00:00,NSE:TIMESGTY,32.7,32.7,29.95,30.05,70.0
2018-12-17 12:00:00,NSE:TIMESGTY,32.4,32.4,32.4,32.4,160.0
2018-12-17 13:00:00,NSE:TIMESGTY,30.45,32.6,30.45,32.6,200.0
2018-12-17 15:00:00,NSE:TIMESGTY,31.2,35.6,29.95,34.05,4400.0
2018-12-18 09:00:00,NSE:TIMESGTY,32.0,36.6,32.0,32.25,361.0
2018-12-18 10:00:00,NSE:TIMESGTY,35.9,35.9,32.2,35.9,1256.0
2018-12-18 11:00:00,NSE:TIMESGTY,34.0,34.0,33.0,33.95,83.0
2018-12-18 12:00:00,NSE:TIMESGTY,33.95,33.95,33.95,33.95,153.0
2018-12-18 13:00:00,NSE:TIMESGTY,33.95,33.95,33.95,33.95,47.0
2018-12-18 14:00:00,NSE:TIMESGTY,33.05,34.95,33.05,34.8,2946.0
2018-12-18 15:00:00,NSE:TIMESGTY,34.9,34.9,34.9,34.9,28.0
2018-12-19 09:00:00,NSE:TIMESGTY,35.3,35.3,35.3,35.3,100.0
2018-12-19 10:00:00,NSE:TIMESGTY,35.3,35.3,35.3,35.3,13.0
2018-12-19 11:00:00,NSE:TIMESGTY,35.3,35.3,35.2,35.2,102.0
2018-12-19 12:00:00,NSE:TIMESGTY,35.25,35.25,31.6,34.6,1769.0
2018-12-19 14:00:00,NSE:TIMESGTY,32.3,33.8,32.3,32.55,505.0
2018-12-19 15:00:00,NSE:TIMESGTY,32.8,32.8,32.8,32.8,112.0
2018-12-20 09:00:00,NSE:TIMESGTY,31.6,31.65,31.6,31.65,39.0
2018-12-20 11:00:00,NSE:TIMESGTY,31.7,31.7,31.7,31.7,2.0
2018-12-20 12:00:00,NSE:TIMESGTY,31.75,32.85,31.75,32.85,510.0
2018-12-20 13:00:00,NSE:TIMESGTY,31.75,32.6,31.75,32.6,500.0
2018-12-20 14:00:00,NSE:TIMESGTY,31.75,31.75,31.6,31.6,149.0
2018-12-20 15:00:00,NSE:TIMESGTY,33.5,33.9,33.5,33.9,1000.0
2018-12-21 09:00:00,NSE:TIMESGTY,31.95,34.65,31.95,32.05,1198.0
2018-12-21 12:00:00,NSE:TIMESGTY,32.45,32.45,32.45,32.45,150.0
2018-12-21 13:00:00,NSE:TIMESGTY,33.9,33.9,33.9,33.9,1.0
2018-12-21 14:00:00,NSE:TIMESGTY,32.4,33.3,32.4,33.3,572.0
2018-12-21 15:00:00,NSE:TIMESGTY,32.4,32.4,32.4,32.4,97.0
2018-12-24 10:00:00,NSE:TIMESGTY,33.85,33.85,33.85,33.85,1.0
2018-12-24 11:00:00,NSE:TIMESGTY,31.3,31.3,31.3,31.3,101.0
2018-12-24 13:00:00,NSE:TIMESGTY,33.7,33.7,31.4,33.65,1300.0
2018-12-24 14:00:00,NSE:TIMESGTY,31.45,31.45,31.45,31.45,50.0
2018-12-24 15:00:00,NSE:TIMESGTY,33.55,33.55,33.55,33.55,199.0
2018-12-26 09:00:00,NSE:TIMESGTY,30.6,30.6,30.6,30.6,200.0
2018-12-26 10:00:00,NSE:TIMESGTY,30.85,31.2,30.85,31.2,598.0
2018-12-26 11:00:00,NSE:TIMESGTY,33.9,33.9,33.9,33.9,200.0
2018-12-26 15:00:00,NSE:TIMESGTY,30.85,30.85,30.85,30.85,4.0
2018-12-27 14:00:00,NSE:TIMESGTY,31.05,32.95,31.05,32.95,27.0
2018-12-27 15:00:00,NSE:TIMESGTY,31.05,31.05,31.05,31.05,143.0
2018-12-28 11:00:00,NSE:TIMESGTY,31.1,31.1,31.1,31.1,100.0
2018-12-28 14:00:00,NSE:TIMESGTY,32.4,32.4,32.4,32.4,31.0
2018-12-28 15:00:00,NSE:TIMESGTY,32.0,32.4,32.0,32.4,370.0
2018-12-31 09:00:00,NSE:TIMESGTY,32.0,32.0,32.0,32.0,1.0
2018-12-31 10:00:00,NSE:TIMESGTY,33.75,33.75,33.75,33.75,1.0
2018-12-31 11:00:00,NSE:TIMESGTY,33.7,33.7,33.7,33.7,1.0
2018-12-31 13:00:00,NSE:TIMESGTY,30.75,33.6,30.75,33.6,10.0
2018-12-31 15:00:00,NSE:TIMESGTY,33.0,33.0,33.0,33.0,7.0
2019-01-01 10:00:00,NSE:TIMESGTY,33.95,33.95,33.95,33.95,50.0
2019-01-01 15:00:00,NSE:TIMESGTY,33.0,33.0,33.0,33.0,50.0
2019-01-02 10:00:00,NSE:TIMESGTY,31.75,31.75,31.75,31.75,100.0
2019-01-02 11:00:00,NSE:TIMESGTY,31.7,31.7,31.7,31.7,100.0
2019-01-02 12:00:00,NSE:TIMESGTY,31.1,31.1,31.1,31.1,50.0
2019-01-02 15:00:00,NSE:TIMESGTY,33.85,33.85,33.85,33.85,500.0
2019-01-03 11:00:00,NSE:TIMESGTY,31.65,31.65,31.65,31.65,100.0
2019-01-03 13:00:00,NSE:TIMESGTY,33.85,34.0,33.85,34.0,1250.0
2019-01-03 14:00:00,NSE:TIMESGTY,31.8,31.8,31.8,31.8,14.0
2019-01-04 09:00:00,NSE:TIMESGTY,31.5,31.5,31.5,31.5,17.0
2019-01-04 11:00:00,NSE:TIMESGTY,31.5,31.5,31.5,31.5,8.0
2019-01-07 15:00:00,NSE:TIMESGTY,34.0,34.0,34.0,34.0,10.0
2019-01-08 09:00:00,NSE:TIMESGTY,31.35,33.6,31.35,33.6,520.0
2019-01-08 10:00:00,NSE:TIMESGTY,33.5,33.5,31.3,31.3,35.0
2019-01-08 12:00:00,NSE:TIMESGTY,33.4,33.4,33.25,33.25,20.0
2019-01-08 14:00:00,NSE:TIMESGTY,31.5,31.5,31.5,31.5,11.0
2019-01-08 15:00:00,NSE:TIMESGTY,31.5,32.2,31.5,32.15,845.0
2019-01-09 10:00:00,NSE:TIMESGTY,30.6,30.6,30.6,30.6,3.0
2019-01-09 14:00:00,NSE:TIMESGTY,33.2,33.2,33.2,33.2,10.0
2019-01-09 15:00:00,NSE:TIMESGTY,33.15,33.15,33.15,33.15,7.0
2019-01-10 14:00:00,NSE:TIMESGTY,31.8,31.8,31.8,31.8,1.0
2019-01-10 15:00:00,NSE:TIMESGTY,31.2,31.2,31.2,31.2,1.0
2019-01-11 09:00:00,NSE:TIMESGTY,31.5,31.5,31.5,31.5,50.0
2019-01-11 15:00:00,NSE:TIMESGTY,31.65,33.55,31.65,32.05,100.0
2019-01-14 10:00:00,NSE:TIMESGTY,34.8,34.8,32.05,32.05,258.0
2019-01-14 11:00:00,NSE:TIMESGTY,32.3,32.3,32.3,32.3,110.0
2019-01-14 12:00:00,NSE:TIMESGTY,32.05,32.05,32.05,32.05,400.0
2019-01-14 14:00:00,NSE:TIMESGTY,32.1,32.1,32.1,32.1,100.0
2019-01-14 15:00:00,NSE:TIMESGTY,32.55,32.55,32.2,32.2,300.0
2019-01-15 10:00:00,NSE:TIMESGTY,30.65,30.65,30.65,30.65,100.0
2019-01-15 11:00:00,NSE:TIMESGTY,34.4,34.4,34.15,34.15,102.0
2019-01-15 12:00:00,NSE:TIMESGTY,31.25,34.1,31.25,34.1,51.0
2019-01-15 13:00:00,NSE:TIMESGTY,33.9,33.9,33.9,33.9,3.0
2019-01-15 14:00:00,NSE:TIMESGTY,33.85,33.85,33.85,33.85,1.0
2019-01-15 15:00:00,NSE:TIMESGTY,31.4,31.4,31.4,31.4,41.0
2019-01-16 10:00:00,NSE:TIMESGTY,31.0,31.0,31.0,31.0,1.0
2019-01-16 14:00:00,NSE:TIMESGTY,31.3,33.0,31.3,33.0,301.0
2019-01-16 15:00:00,NSE:TIMESGTY,33.75,33.75,33.75,33.75,10.0
2019-01-17 09:00:00,NSE:TIMESGTY,33.6,34.0,32.7,34.0,487.0
2019-01-17 10:00:00,NSE:TIMESGTY,33.0,34.0,33.0,34.0,511.0
2019-01-17 13:00:00,NSE:TIMESGTY,33.2,33.85,33.2,33.85,51.0
2019-01-17 14:00:00,NSE:TIMESGTY,33.35,33.9,33.35,33.75,458.0
2019-01-17 15:00:00,NSE:TIMESGTY,33.75,34.0,31.25,32.9,2329.0
2019-01-18 10:00:00,NSE:TIMESGTY,31.3,33.45,31.05,31.05,1205.0
2019-01-18 12:00:00,NSE:TIMESGTY,31.15,31.15,31.15,31.15,50.0
2019-01-18 14:00:00,NSE:TIMESGTY,31.25,31.25,31.25,31.25,536.0
2019-01-18 15:00:00,NSE:TIMESGTY,31.25,31.25,31.25,31.25,461.0
2019-01-22 14:00:00,NSE:TIMESGTY,32.8,32.8,28.7,28.7,60.0
2019-01-23 09:00:00,NSE:TIMESGTY,28.9,29.35,28.9,29.35,441.0
2019-01-23 10:00:00,NSE:TIMESGTY,29.35,29.35,29.35,29.35,200.0
2019-01-23 12:00:00,NSE:TIMESGTY,29.35,29.35,29.0,29.0,300.0
2019-01-23 13:00:00,NSE:TIMESGTY,29.35,29.5,29.35,29.35,240.0
2019-01-23 15:00:00,NSE:TIMESGTY,29.35,29.35,29.35,29.35,54.0
2019-01-24 10:00:00,NSE:TIMESGTY,29.6,29.6,29.6,29.6,50.0
2019-01-24 14:00:00,NSE:TIMESGTY,29.6,29.6,29.55,29.55,250.0
2019-01-25 10:00:00,NSE:TIMESGTY,29.55,31.5,27.55,31.5,204.0
2019-01-25 11:00:00,NSE:TIMESGTY,31.5,31.5,31.5,31.5,55.0
2019-01-25 12:00:00,NSE:TIMESGTY,28.3,31.45,28.2,31.45,2125.0
2019-01-25 14:00:00,NSE:TIMESGTY,28.25,28.25,28.25,28.25,25.0
2019-01-25 15:00:00,NSE:TIMESGTY,30.1,30.1,28.3,28.3,1269.0
2019-01-28 09:00:00,NSE:TIMESGTY,27.55,27.65,27.55,27.65,250.0
2019-01-28 10:00:00,NSE:TIMESGTY,30.2,30.2,30.2,30.2,3.0
2019-01-28 11:00:00,NSE:TIMESGTY,27.85,30.2,27.85,30.2,68.0
2019-01-28 13:00:00,NSE:TIMESGTY,30.1,30.25,28.3,28.3,701.0
2019-01-28 15:00:00,NSE:TIMESGTY,30.0,30.0,30.0,30.0,10.0
2019-01-29 09:00:00,NSE:TIMESGTY,27.2,31.9,27.2,31.85,107.0
2019-01-29 10:00:00,NSE:TIMESGTY,31.0,31.35,31.0,31.35,501.0
2019-01-29 11:00:00,NSE:TIMESGTY,30.0,30.0,30.0,30.0,1.0
2019-01-29 12:00:00,NSE:TIMESGTY,29.0,29.0,28.45,28.45,300.0
2019-01-29 13:00:00,NSE:TIMESGTY,29.5,29.9,29.5,29.9,3.0
2019-01-29 14:00:00,NSE:TIMESGTY,28.55,28.55,28.55,28.55,61.0
2019-01-30 11:00:00,NSE:TIMESGTY,28.45,28.45,28.45,28.45,11.0
2019-01-31 10:00:00,NSE:TIMESGTY,30.2,30.2,30.2,30.2,5.0
2019-01-31 11:00:00,NSE:TIMESGTY,28.55,28.55,28.55,28.55,86.0
2019-01-31 13:00:00,NSE:TIMESGTY,31.25,31.25,31.25,31.25,200.0
2019-01-31 14:00:00,NSE:TIMESGTY,30.9,30.9,30.9,30.9,400.0
2019-02-01 09:00:00,NSE:TIMESGTY,33.0,33.0,33.0,33.0,30.0
2019-02-01 11:00:00,NSE:TIMESGTY,29.0,29.0,29.0,29.0,100.0
2019-02-01 14:00:00,NSE:TIMESGTY,29.15,32.1,29.15,32.1,360.0
2019-02-04 09:00:00,NSE:TIMESGTY,31.0,32.0,29.0,29.15,250.0
2019-02-04 10:00:00,NSE:TIMESGTY,29.5,29.5,28.9,28.9,600.0
2019-02-04 12:00:00,NSE:TIMESGTY,28.9,28.9,28.9,28.9,574.0
2019-02-04 13:00:00,NSE:TIMESGTY,28.9,28.9,28.9,28.9,300.0
2019-02-04 15:00:00,NSE:TIMESGTY,28.9,28.9,28.9,28.9,76.0
2019-02-05 09:00:00,NSE:TIMESGTY,30.15,30.15,26.65,26.65,40.0
2019-02-05 10:00:00,NSE:TIMESGTY,26.7,26.7,26.7,26.7,120.0
2019-02-05 12:00:00,NSE:TIMESGTY,29.85,29.85,29.85,29.85,500.0
2019-02-05 14:00:00,NSE:TIMESGTY,29.45,29.45,28.95,28.95,39.0
2019-02-05 15:00:00,NSE:TIMESGTY,27.1,29.9,27.1,29.9,307.0
2019-02-06 10:00:00,NSE:TIMESGTY,29.7,29.7,29.7,29.7,40.0
2019-02-06 12:00:00,NSE:TIMESGTY,29.65,29.75,29.6,29.6,1000.0
2019-02-06 14:00:00,NSE:TIMESGTY,29.5,29.5,29.5,29.5,1700.0
2019-02-06 15:00:00,NSE:TIMESGTY,29.5,30.5,29.5,30.5,326.0
2019-02-07 13:00:00,NSE:TIMESGTY,29.0,29.0,28.05,28.05,2.0
2019-02-08 09:00:00,NSE:TIMESGTY,26.25,32.25,26.25,32.25,315.0
2019-02-08 10:00:00,NSE:TIMESGTY,26.25,31.5,26.25,27.4,578.0
2019-02-08 11:00:00,NSE:TIMESGTY,27.7,31.5,27.7,27.75,1650.0
2019-02-08 12:00:00,NSE:TIMESGTY,27.75,27.75,27.75,27.75,1000.0
2019-02-08 13:00:00,NSE:TIMESGTY,27.05,27.05,27.05,27.05,50.0
2019-02-08 15:00:00,NSE:TIMESGTY,27.1,27.1,27.1,27.1,207.0
2019-02-11 12:00:00,NSE:TIMESGTY,28.95,28.95,28.95,28.95,1.0
2019-02-11 13:00:00,NSE:TIMESGTY,27.25,27.25,27.25,27.25,32.0
2019-02-11 14:00:00,NSE:TIMESGTY,27.25,27.25,27.25,27.25,11.0
2019-02-11 15:00:00,NSE:TIMESGTY,27.2,30.4,27.2,27.2,173.0
2019-02-12 13:00:00,NSE:TIMESGTY,26.85,28.9,26.85,28.9,6.0
2019-02-12 14:00:00,NSE:TIMESGTY,26.8,26.8,26.8,26.8,370.0
2019-02-12 15:00:00,NSE:TIMESGTY,27.95,27.95,26.8,26.8,200.0
2019-02-13 13:00:00,NSE:TIMESGTY,29.25,29.25,29.25,29.25,4.0
2019-02-14 11:00:00,NSE:TIMESGTY,26.8,26.8,26.8,26.8,300.0
2019-02-14 12:00:00,NSE:TIMESGTY,28.95,28.95,28.95,28.95,100.0
2019-02-15 09:00:00,NSE:TIMESGTY,26.75,30.8,26.75,30.8,518.0
2019-02-15 10:00:00,NSE:TIMESGTY,26.8,28.0,26.8,28.0,195.0
2019-02-15 15:00:00,NSE:TIMESGTY,26.5,27.95,26.5,27.95,530.0
2019-02-18 09:00:00,NSE:TIMESGTY,27.0,31.85,27.0,27.05,721.0
2019-02-18 13:00:00,NSE:TIMESGTY,27.05,27.05,27.05,27.05,1.0
2019-02-18 15:00:00,NSE:TIMESGTY,27.0,27.0,26.1,26.1,250.0
2019-02-19 10:00:00,NSE:TIMESGTY,28.35,28.35,28.35,28.35,5.0
2019-02-19 11:00:00,NSE:TIMESGTY,27.95,27.95,27.0,27.0,200.0
2019-02-19 12:00:00,NSE:TIMESGTY,27.0,27.0,27.0,27.0,6.0
2019-02-19 13:00:00,NSE:TIMESGTY,26.15,26.15,26.15,26.15,43.0
2019-02-19 15:00:00,NSE:TIMESGTY,26.05,29.7,26.05,27.1,286.0
2019-02-20 09:00:00,NSE:TIMESGTY,24.0,29.45,24.0,27.25,553.0
2019-02-20 10:00:00,NSE:TIMESGTY,27.55,27.55,27.55,27.55,110.0
2019-02-20 12:00:00,NSE:TIMESGTY,28.0,28.7,28.0,28.7,31.0
2019-02-20 13:00:00,NSE:TIMESGTY,28.7,28.7,27.05,27.05,218.0
2019-02-20 14:00:00,NSE:TIMESGTY,29.0,29.0,29.0,29.0,300.0
2019-02-20 15:00:00,NSE:TIMESGTY,29.0,29.0,29.0,29.0,20.0
2019-02-21 15:00:00,NSE:TIMESGTY,29.9,29.9,29.9,29.9,30.0
2019-02-22 12:00:00,NSE:TIMESGTY,26.3,30.95,26.3,30.95,103.0
2019-02-22 13:00:00,NSE:TIMESGTY,27.35,30.4,27.35,30.4,300.0
2019-02-22 14:00:00,NSE:TIMESGTY,28.1,28.5,28.1,28.5,202.0
2019-02-22 15:00:00,NSE:TIMESGTY,29.05,30.5,29.05,29.85,142.0
2019-02-25 12:00:00,NSE:TIMESGTY,27.8,29.8,27.8,29.8,152.0
2019-02-25 13:00:00,NSE:TIMESGTY,29.6,29.6,29.6,29.6,2.0
2019-02-25 14:00:00,NSE:TIMESGTY,30.5,30.9,30.5,30.8,1009.0
2019-02-26 09:00:00,NSE:TIMESGTY,28.6,30.95,26.05,30.95,152.0
2019-02-26 12:00:00,NSE:TIMESGTY,28.05,28.05,28.05,28.05,100.0
2019-02-26 14:00:00,NSE:TIMESGTY,29.9,29.9,29.9,29.9,150.0
2019-02-27 13:00:00,NSE:TIMESGTY,28.05,28.05,28.05,28.05,150.0
2019-02-27 15:00:00,NSE:TIMESGTY,28.0,28.15,28.0,28.0,510.0
2019-02-28 12:00:00,NSE:TIMESGTY,28.15,28.15,28.15,28.15,50.0
2019-02-28 15:00:00,NSE:TIMESGTY,30.1,30.9,30.1,30.9,24.0
2019-03-05 09:00:00,NSE:TIMESGTY,27.05,30.65,26.3,30.0,2110.0
2019-03-05 10:00:00,NSE:TIMESGTY,30.0,30.0,29.9,29.9,180.0
2019-03-05 11:00:00,NSE:TIMESGTY,29.9,29.9,27.65,29.3,708.0
2019-03-05 12:00:00,NSE:TIMESGTY,29.25,32.3,29.25,29.3,505.0
2019-03-05 13:00:00,NSE:TIMESGTY,29.4,31.8,29.4,31.8,279.0
2019-03-05 14:00:00,NSE:TIMESGTY,29.4,31.4,29.4,31.4,260.0
2019-03-06 10:00:00,NSE:TIMESGTY,31.4,31.4,31.4,31.4,20.0
2019-03-06 11:00:00,NSE:TIMESGTY,31.4,31.4,31.4,31.4,887.0
2019-03-06 12:00:00,NSE:TIMESGTY,31.4,32.15,28.8,31.25,1313.0
2019-03-06 13:00:00,NSE:TIMESGTY,28.9,30.5,28.9,28.9,589.0
2019-03-06 14:00:00,NSE:TIMESGTY,30.8,30.8,30.5,30.5,2699.0
2019-03-06 15:00:00,NSE:TIMESGTY,30.5,30.5,30.5,30.5,25.0
2019-03-07 10:00:00,NSE:TIMESGTY,28.4,29.8,28.2,29.8,652.0
2019-03-07 11:00:00,NSE:TIMESGTY,29.8,29.8,29.8,29.8,15.0
2019-03-07 12:00:00,NSE:TIMESGTY,29.05,29.05,28.7,28.7,14.0
2019-03-07 13:00:00,NSE:TIMESGTY,30.85,30.85,28.85,29.0,306.0
2019-03-07 14:00:00,NSE:TIMESGTY,29.1,30.1,29.1,30.0,961.0
2019-03-07 15:00:00,NSE:TIMESGTY,30.0,30.0,30.0,30.0,185.0
2019-03-08 14:00:00,NSE:TIMESGTY,30.4,31.0,30.3,31.0,1310.0
2019-03-08 15:00:00,NSE:TIMESGTY,31.05,31.95,31.05,31.95,218.0
2019-03-11 15:00:00,NSE:TIMESGTY,30.8,30.8,30.8,30.8,10.0
2019-03-12 11:00:00,NSE:TIMESGTY,29.95,29.95,29.95,29.95,35.0
2019-03-12 13:00:00,NSE:TIMESGTY,31.5,31.5,31.5,31.5,200.0
2019-03-12 14:00:00,NSE:TIMESGTY,31.0,31.0,31.0,31.0,10.0
2019-03-12 15:00:00,NSE:TIMESGTY,31.5,31.8,31.5,31.8,817.0
2019-03-13 09:00:00,NSE:TIMESGTY,33.0,33.0,30.55,30.55,6.0
2019-03-13 11:00:00,NSE:TIMESGTY,32.5,32.5,32.5,32.5,10.0
2019-03-13 12:00:00,NSE:TIMESGTY,30.8,30.8,30.8,30.8,1.0
2019-03-13 14:00:00,NSE:TIMESGTY,30.55,30.55,30.55,30.55,11.0
2019-03-13 15:00:00,NSE:TIMESGTY,32.6,32.6,32.6,32.6,1320.0
2019-03-14 09:00:00,NSE:TIMESGTY,33.0,33.0,33.0,33.0,5.0
2019-03-14 11:00:00,NSE:TIMESGTY,31.3,31.3,29.0,29.0,52.0
2019-03-14 12:00:00,NSE:TIMESGTY,33.0,33.0,29.15,29.15,40.0
2019-03-14 13:00:00,NSE:TIMESGTY,33.0,33.0,33.0,33.0,102.0
2019-03-14 15:00:00,NSE:TIMESGTY,32.95,32.95,32.95,32.95,10.0
2019-03-15 09:00:00,NSE:TIMESGTY,30.35,33.4,30.35,33.4,150.0
2019-03-15 10:00:00,NSE:TIMESGTY,30.4,33.15,30.4,33.15,300.0
2019-03-15 11:00:00,NSE:TIMESGTY,31.3,31.3,31.2,31.2,410.0
2019-03-15 12:00:00,NSE:TIMESGTY,32.65,32.65,31.2,32.35,110.0
2019-03-15 14:00:00,NSE:TIMESGTY,30.45,30.45,30.45,30.45,10.0
2019-03-15 15:00:00,NSE:TIMESGTY,30.4,30.4,30.4,30.4,235.0
2019-03-18 10:00:00,NSE:TIMESGTY,31.85,31.85,31.5,31.5,80.0
2019-03-18 11:00:00,NSE:TIMESGTY,31.05,31.05,31.0,31.0,60.0
2019-03-18 12:00:00,NSE:TIMESGTY,31.0,31.0,31.0,31.0,40.0
2019-03-18 14:00:00,NSE:TIMESGTY,31.0,31.0,30.6,30.6,225.0
2019-03-19 09:00:00,NSE:TIMESGTY,30.0,30.0,30.0,30.0,500.0
2019-03-19 12:00:00,NSE:TIMESGTY,28.7,28.7,28.7,28.7,50.0
2019-03-19 13:00:00,NSE:TIMESGTY,30.95,31.85,29.1,29.1,594.0
2019-03-19 14:00:00,NSE:TIMESGTY,29.5,35.25,29.5,34.05,1898.0
2019-03-19 15:00:00,NSE:TIMESGTY,35.25,36.6,34.5,36.0,8651.0
2019-03-20 09:00:00,NSE:TIMESGTY,37.9,43.2,37.9,42.9,80685.0
2019-03-20 10:00:00,NSE:TIMESGTY,42.9,42.9,41.55,42.0,17217.0
2019-03-20 11:00:00,NSE:TIMESGTY,42.0,43.2,41.65,43.2,22115.0
2019-03-20 12:00:00,NSE:TIMESGTY,43.2,43.2,42.2,42.7,33935.0
2019-03-20 13:00:00,NSE:TIMESGTY,42.45,42.6,41.85,42.0,16757.0
2019-03-20 14:00:00,NSE:TIMESGTY,41.85,42.25,39.95,40.55,16768.0
2019-03-20 15:00:00,NSE:TIMESGTY,40.0,42.0,39.35,40.5,15803.0
2019-03-22 09:00:00,NSE:TIMESGTY,40.8,42.5,40.8,41.6,8109.0
2019-03-22 10:00:00,NSE:TIMESGTY,41.6,41.85,41.0,41.1,4384.0
2019-03-22 11:00:00,NSE:TIMESGTY,41.0,41.4,40.1,40.1,5388.0
2019-03-22 12:00:00,NSE:TIMESGTY,40.4,42.8,39.0,40.0,7309.0
2019-03-22 13:00:00,NSE:TIMESGTY,40.0,40.7,40.0,40.65,555.0
2019-03-22 14:00:00,NSE:TIMESGTY,40.65,41.4,40.2,40.55,1689.0
2019-03-22 15:00:00,NSE:TIMESGTY,41.0,41.4,40.2,40.6,1778.0
2019-03-25 09:00:00,NSE:TIMESGTY,38.45,39.9,37.9,38.0,2091.0
2019-03-25 10:00:00,NSE:TIMESGTY,37.7,38.0,36.1,36.6,5461.0
2019-03-25 11:00:00,NSE:TIMESGTY,37.8,37.8,37.1,37.8,154.0
2019-03-25 12:00:00,NSE:TIMESGTY,37.7,37.9,37.4,37.4,438.0
2019-03-25 13:00:00,NSE:TIMESGTY,37.85,37.85,37.85,37.85,10.0
2019-03-25 14:00:00,NSE:TIMESGTY,37.85,37.95,37.25,37.3,633.0
2019-03-25 15:00:00,NSE:TIMESGTY,37.35,37.9,37.35,37.9,491.0
2019-03-26 09:00:00,NSE:TIMESGTY,35.25,40.15,35.25,38.85,3414.0
2019-03-26 10:00:00,NSE:TIMESGTY,39.3,39.3,37.25,37.3,4889.0
2019-03-26 11:00:00,NSE:TIMESGTY,38.8,38.8,38.8,38.8,1.0
2019-03-26 12:00:00,NSE:TIMESGTY,37.65,38.5,37.65,38.5,62.0
2019-03-26 13:00:00,NSE:TIMESGTY,38.5,38.5,37.65,38.45,112.0
2019-03-26 14:00:00,NSE:TIMESGTY,37.8,40.0,37.6,37.6,3990.0
2019-03-26 15:00:00,NSE:TIMESGTY,37.6,39.25,37.0,39.25,513.0
2019-03-27 09:00:00,NSE:TIMESGTY,38.05,39.95,37.85,37.85,738.0
2019-03-27 10:00:00,NSE:TIMESGTY,38.75,39.4,37.85,37.9,160.0
2019-03-27 11:00:00,NSE:TIMESGTY,37.9,39.35,37.9,37.9,613.0
2019-03-27 12:00:00,NSE:TIMESGTY,37.85,38.0,33.3,36.9,11354.0
2019-03-27 13:00:00,NSE:TIMESGTY,36.3,42.4,31.35,34.95,17178.0
2019-03-27 14:00:00,NSE:TIMESGTY,35.0,35.9,33.5,33.95,3492.0
2019-03-27 15:00:00,NSE:TIMESGTY,33.35,34.2,33.25,33.5,3411.0
2019-03-28 09:00:00,NSE:TIMESGTY,34.5,34.95,30.5,34.15,2439.0
2019-03-28 10:00:00,NSE:TIMESGTY,33.25,33.25,33.25,33.25,100.0
2019-03-28 11:00:00,NSE:TIMESGTY,34.2,34.45,34.0,34.45,512.0
2019-03-28 12:00:00,NSE:TIMESGTY,34.45,34.45,34.45,34.45,72.0
2019-03-28 13:00:00,NSE:TIMESGTY,34.0,34.0,34.0,34.0,201.0
2019-03-28 14:00:00,NSE:TIMESGTY,33.95,33.95,33.15,33.15,206.0
2019-03-28 15:00:00,NSE:TIMESGTY,33.25,34.0,33.25,33.85,87.0
2019-03-29 09:00:00,NSE:TIMESGTY,34.45,34.45,33.0,33.0,256.0
2019-03-29 10:00:00,NSE:TIMESGTY,33.1,34.0,31.55,32.1,4101.0
2019-03-29 11:00:00,NSE:TIMESGTY,33.2,33.2,32.25,32.3,515.0
2019-03-29 12:00:00,NSE:TIMESGTY,32.3,33.1,32.3,32.5,886.0
2019-03-29 13:00:00,NSE:TIMESGTY,33.25,33.25,32.5,32.55,383.0
2019-03-29 14:00:00,NSE:TIMESGTY,33.15,33.25,32.45,33.25,502.0
2019-03-29 15:00:00,NSE:TIMESGTY,33.2,33.2,32.25,33.0,1080.0
2019-04-01 09:00:00,NSE:TIMESGTY,32.9,32.9,31.6,31.6,647.0
2019-04-01 10:00:00,NSE:TIMESGTY,32.65,32.65,32.65,32.65,30.0
2019-04-01 11:00:00,NSE:TIMESGTY,32.85,32.85,31.5,32.45,2191.0
2019-04-01 12:00:00,NSE:TIMESGTY,32.4,33.0,31.6,33.0,1119.0
2019-04-01 13:00:00,NSE:TIMESGTY,32.95,32.95,31.95,31.95,2.0
2019-04-01 14:00:00,NSE:TIMESGTY,32.2,32.35,32.2,32.35,20.0
2019-04-01 15:00:00,NSE:TIMESGTY,32.75,32.85,32.1,32.85,328.0
2019-04-02 09:00:00,NSE:TIMESGTY,31.15,32.5,31.15,32.1,562.0
2019-04-02 10:00:00,NSE:TIMESGTY,31.55,31.6,31.55,31.6,392.0
2019-04-02 11:00:00,NSE:TIMESGTY,32.0,32.0,32.0,32.0,1.0
2019-04-02 12:00:00,NSE:TIMESGTY,32.0,32.0,32.0,32.0,103.0
2019-04-02 14:00:00,NSE:TIMESGTY,31.55,32.0,31.55,32.0,86.0
2019-04-02 15:00:00,NSE:TIMESGTY,31.85,31.85,31.5,31.5,645.0
2019-04-03 09:00:00,NSE:TIMESGTY,31.0,31.0,31.0,31.0,10.0
2019-04-03 10:00:00,NSE:TIMESGTY,32.0,32.0,32.0,32.0,287.0
2019-04-03 11:00:00,NSE:TIMESGTY,32.8,32.8,32.8,32.8,20.0
2019-04-03 14:00:00,NSE:TIMESGTY,32.9,32.9,32.9,32.9,100.0
2019-04-04 09:00:00,NSE:TIMESGTY,31.5,31.55,31.5,31.55,18.0
2019-04-04 10:00:00,NSE:TIMESGTY,31.4,31.75,31.4,31.45,962.0
2019-04-04 11:00:00,NSE:TIMESGTY,32.75,32.75,32.75,32.75,1.0
2019-04-04 12:00:00,NSE:TIMESGTY,31.45,31.45,31.45,31.45,100.0
2019-04-04 14:00:00,NSE:TIMESGTY,32.85,32.85,31.45,31.45,11.0
2019-04-04 15:00:00,NSE:TIMESGTY,31.45,31.45,31.45,31.45,150.0
2019-04-05 09:00:00,NSE:TIMESGTY,32.85,32.85,30.75,31.0,244.0
2019-04-05 10:00:00,NSE:TIMESGTY,32.7,32.7,32.7,32.7,2.0
2019-04-05 11:00:00,NSE:TIMESGTY,31.05,31.05,31.05,31.05,1503.0
2019-04-05 12:00:00,NSE:TIMESGTY,31.1,31.1,31.1,31.1,100.0
2019-04-05 13:00:00,NSE:TIMESGTY,32.4,32.5,31.0,31.0,650.0
2019-04-05 14:00:00,NSE:TIMESGTY,31.8,32.55,31.8,32.55,327.0
2019-04-05 15:00:00,NSE:TIMESGTY,32.0,32.5,32.0,32.5,210.0
2019-04-08 09:00:00,NSE:TIMESGTY,31.1,31.45,31.1,31.45,124.0
2019-04-08 10:00:00,NSE:TIMESGTY,32.1,32.1,32.1,32.1,60.0
2019-04-08 11:00:00,NSE:TIMESGTY,32.45,32.45,32.15,32.15,21.0
2019-04-08 13:00:00,NSE:TIMESGTY,31.35,31.35,31.35,31.35,100.0
2019-04-08 14:00:00,NSE:TIMESGTY,31.35,32.15,31.35,32.15,350.0
2019-04-08 15:00:00,NSE:TIMESGTY,32.1,32.1,31.2,32.1,413.0
2019-04-09 11:00:00,NSE:TIMESGTY,30.65,30.65,30.65,30.65,50.0
2019-04-09 12:00:00,NSE:TIMESGTY,31.9,31.9,31.9,31.9,1.0
2019-04-09 15:00:00,NSE:TIMESGTY,31.9,31.9,31.9,31.9,1.0
2019-04-10 09:00:00,NSE:TIMESGTY,32.45,32.45,30.95,30.95,371.0
2019-04-10 11:00:00,NSE:TIMESGTY,31.0,31.9,31.0,31.9,210.0
2019-04-10 12:00:00,NSE:TIMESGTY,31.0,31.0,31.0,31.0,70.0
2019-04-10 15:00:00,NSE:TIMESGTY,31.05,31.05,31.05,31.05,389.0
2019-04-11 12:00:00,NSE:TIMESGTY,31.0,31.05,31.0,31.05,28.0
2019-04-11 13:00:00,NSE:TIMESGTY,31.75,31.75,31.75,31.75,1.0
2019-04-11 14:00:00,NSE:TIMESGTY,31.7,31.7,31.7,31.7,1.0
2019-04-12 11:00:00,NSE:TIMESGTY,32.3,32.3,30.65,30.65,204.0
2019-04-12 12:00:00,NSE:TIMESGTY,30.85,30.85,30.8,30.8,50.0
2019-04-15 09:00:00,NSE:TIMESGTY,32.25,32.25,32.25,32.25,3.0
2019-04-15 11:00:00,NSE:TIMESGTY,32.0,32.0,32.0,32.0,4.0
2019-04-15 12:00:00,NSE:TIMESGTY,32.0,32.0,31.95,32.0,1100.0
2019-04-15 14:00:00,NSE:TIMESGTY,32.15,32.15,32.15,32.15,100.0
2019-04-15 15:00:00,NSE:TIMESGTY,31.3,31.3,31.3,31.3,156.0
2019-04-16 10:00:00,NSE:TIMESGTY,30.8,30.8,30.8,30.8,115.0
2019-04-16 11:00:00,NSE:TIMESGTY,30.8,30.8,30.8,30.8,89.0
2019-04-16 12:00:00,NSE:TIMESGTY,31.0,31.0,31.0,31.0,1000.0
2019-04-16 13:00:00,NSE:TIMESGTY,30.95,30.95,30.95,30.95,300.0
2019-04-16 15:00:00,NSE:TIMESGTY,32.5,32.55,32.5,32.55,1000.0
2019-04-22 09:00:00,NSE:TIMESGTY,30.65,30.9,30.65,30.9,187.0
2019-04-22 10:00:00,NSE:TIMESGTY,30.9,30.9,30.9,30.9,20.0
2019-04-22 15:00:00,NSE:TIMESGTY,30.7,30.7,30.7,30.7,24.0
2019-04-23 10:00:00,NSE:TIMESGTY,30.5,30.5,29.65,29.65,1100.0
2019-04-23 12:00:00,NSE:TIMESGTY,30.1,30.1,30.1,30.1,134.0
2019-04-23 13:00:00,NSE:TIMESGTY,30.15,30.15,30.15,30.15,100.0
2019-04-23 14:00:00,NSE:TIMESGTY,30.2,30.2,30.2,30.2,1.0
2019-04-24 09:00:00,NSE:TIMESGTY,29.8,31.5,29.8,31.5,31.0
2019-04-24 12:00:00,NSE:TIMESGTY,31.1,31.1,31.1,31.1,18.0
2019-04-24 14:00:00,NSE:TIMESGTY,30.05,30.05,30.05,30.05,500.0
2019-04-25 10:00:00,NSE:TIMESGTY,29.75,30.05,29.75,30.05,74.0
2019-04-25 11:00:00,NSE:TIMESGTY,30.05,30.05,30.05,30.05,41.0
2019-04-25 14:00:00,NSE:TIMESGTY,30.05,30.05,30.05,30.05,324.0
2019-04-25 15:00:00,NSE:TIMESGTY,30.05,30.05,30.05,30.05,24.0
2019-04-26 09:00:00,NSE:TIMESGTY,29.8,29.8,29.8,29.8,150.0
2019-04-26 10:00:00,NSE:TIMESGTY,30.0,30.0,30.0,30.0,610.0
2019-04-30 14:00:00,NSE:TIMESGTY,31.5,31.5,31.5,31.5,1.0
2019-05-02 09:00:00,NSE:TIMESGTY,33.05,33.05,33.05,33.05,240.0
2019-05-02 10:00:00,NSE:TIMESGTY,33.05,33.05,33.05,33.05,212.0
2019-05-02 11:00:00,NSE:TIMESGTY,33.05,33.05,33.05,33.05,311.0
2019-05-03 09:00:00,NSE:TIMESGTY,34.0,34.7,34.0,34.7,1730.0
2019-05-03 10:00:00,NSE:TIMESGTY,34.7,34.7,34.7,34.7,1050.0
2019-05-03 11:00:00,NSE:TIMESGTY,34.7,34.7,34.7,34.7,30.0
2019-05-03 12:00:00,NSE:TIMESGTY,34.7,34.7,34.7,34.7,1.0
2019-05-03 13:00:00,NSE:TIMESGTY,34.7,34.7,34.7,34.7,430.0
2019-05-06 09:00:00,NSE:TIMESGTY,36.4,36.4,34.85,36.4,1171.0
2019-05-06 10:00:00,NSE:TIMESGTY,36.4,36.4,36.4,36.4,58.0
2019-05-06 12:00:00,NSE:TIMESGTY,36.4,36.4,36.4,36.4,150.0
2019-05-06 14:00:00,NSE:TIMESGTY,36.4,36.4,36.4,36.4,20.0
2019-05-06 15:00:00,NSE:TIMESGTY,36.4,36.4,36.4,36.4,350.0
2019-05-07 10:00:00,NSE:TIMESGTY,35.55,37.45,35.55,37.45,1801.0
2019-05-07 11:00:00,NSE:TIMESGTY,35.55,35.65,35.55,35.65,222.0
2019-05-07 12:00:00,NSE:TIMESGTY,35.65,37.45,35.65,37.45,313.0
2019-05-07 14:00:00,NSE:TIMESGTY,37.45,37.45,37.45,37.45,11.0
2019-05-07 15:00:00,NSE:TIMESGTY,37.45,38.05,37.45,38.05,701.0
2019-05-08 09:00:00,NSE:TIMESGTY,39.4,39.4,38.0,38.0,51.0
2019-05-08 11:00:00,NSE:TIMESGTY,36.35,36.35,36.35,36.35,87.0
2019-05-08 15:00:00,NSE:TIMESGTY,36.35,36.35,36.3,36.3,230.0
2019-05-09 09:00:00,NSE:TIMESGTY,34.55,34.55,34.55,34.55,45.0
2019-05-09 10:00:00,NSE:TIMESGTY,34.55,36.2,34.55,36.2,303.0
2019-05-09 11:00:00,NSE:TIMESGTY,34.55,34.55,34.55,34.55,4.0
2019-05-09 12:00:00,NSE:TIMESGTY,34.55,34.55,34.55,34.55,100.0
2019-05-09 15:00:00,NSE:TIMESGTY,34.55,34.55,34.55,34.55,100.0
2019-05-10 09:00:00,NSE:TIMESGTY,33.05,35.95,33.05,33.1,1059.0
2019-05-10 10:00:00,NSE:TIMESGTY,33.05,35.9,33.05,35.9,4.0
2019-05-10 11:00:00,NSE:TIMESGTY,33.0,33.05,33.0,33.05,394.0
2019-05-10 13:00:00,NSE:TIMESGTY,32.9,32.9,32.9,32.9,27.0
2019-05-10 14:00:00,NSE:TIMESGTY,35.05,35.05,35.05,35.05,432.0
2019-05-10 15:00:00,NSE:TIMESGTY,35.05,35.05,35.05,35.05,2.0
2019-05-13 10:00:00,NSE:TIMESGTY,33.55,33.55,33.55,33.55,138.0
2019-05-13 11:00:00,NSE:TIMESGTY,33.55,33.55,33.3,33.3,522.0
2019-05-13 13:00:00,NSE:TIMESGTY,33.3,33.3,33.3,33.3,40.0
2019-05-13 14:00:00,NSE:TIMESGTY,33.3,33.3,33.3,33.3,187.0
2019-05-14 09:00:00,NSE:TIMESGTY,31.65,34.9,31.65,34.9,12.0
2019-05-14 10:00:00,NSE:TIMESGTY,34.85,34.85,34.85,34.85,45.0
2019-05-14 11:00:00,NSE:TIMESGTY,31.65,31.65,31.65,31.65,129.0
2019-05-14 15:00:00,NSE:TIMESGTY,31.8,31.8,31.8,31.8,85.0
2019-05-15 11:00:00,NSE:TIMESGTY,30.4,30.4,30.4,30.4,100.0
2019-05-15 14:00:00,NSE:TIMESGTY,32.7,32.7,32.7,32.7,870.0
2019-05-16 09:00:00,NSE:TIMESGTY,31.9,32.1,31.9,32.1,890.0
2019-05-16 11:00:00,NSE:TIMESGTY,32.1,32.1,32.1,32.1,25.0
2019-05-16 13:00:00,NSE:TIMESGTY,31.6,31.6,31.6,31.6,566.0
2019-05-16 15:00:00,NSE:TIMESGTY,34.0,34.0,34.0,34.0,1.0
2019-05-17 15:00:00,NSE:TIMESGTY,34.6,34.6,34.6,34.6,1.0
2019-05-20 09:00:00,NSE:TIMESGTY,36.15,36.15,36.15,36.15,1.0
2019-05-20 11:00:00,NSE:TIMESGTY,32.9,32.9,32.9,32.9,153.0
2019-05-20 13:00:00,NSE:TIMESGTY,32.9,35.55,32.9,35.55,1087.0
2019-05-20 14:00:00,NSE:TIMESGTY,33.3,33.3,33.3,33.3,50.0
2019-05-20 15:00:00,NSE:TIMESGTY,35.55,35.55,35.55,35.55,7.0
2019-05-21 09:00:00,NSE:TIMESGTY,34.0,34.0,34.0,34.0,205.0
2019-05-21 12:00:00,NSE:TIMESGTY,33.8,33.8,33.8,33.8,2233.0
2019-05-21 13:00:00,NSE:TIMESGTY,33.8,33.8,33.8,33.8,181.0
2019-05-21 14:00:00,NSE:TIMESGTY,34.0,34.0,34.0,34.0,50.0
2019-05-21 15:00:00,NSE:TIMESGTY,34.0,34.0,34.0,34.0,356.0
2019-05-22 12:00:00,NSE:TIMESGTY,35.55,35.55,35.55,35.55,1000.0
2019-05-23 12:00:00,NSE:TIMESGTY,35.15,35.2,35.15,35.2,60.0
2019-05-24 10:00:00,NSE:TIMESGTY,34.05,34.05,34.05,34.05,50.0
2019-05-24 11:00:00,NSE:TIMESGTY,34.1,34.1,34.1,34.1,1.0
2019-05-24 12:00:00,NSE:TIMESGTY,35.0,36.95,35.0,36.95,205.0
2019-05-24 13:00:00,NSE:TIMESGTY,34.2,34.2,34.2,34.2,200.0
2019-05-24 14:00:00,NSE:TIMESGTY,35.3,35.3,35.3,35.3,100.0
2019-05-24 15:00:00,NSE:TIMESGTY,35.4,36.95,35.4,36.95,525.0
2019-05-27 12:00:00,NSE:TIMESGTY,36.95,37.0,36.95,37.0,157.0
2019-05-27 13:00:00,NSE:TIMESGTY,37.0,37.0,37.0,37.0,100.0
2019-05-27 14:00:00,NSE:TIMESGTY,38.1,38.1,38.1,38.1,525.0
2019-05-28 09:00:00,NSE:TIMESGTY,36.2,36.2,36.2,36.2,100.0
2019-05-28 10:00:00,NSE:TIMESGTY,39.85,39.85,36.2,36.2,180.0
2019-05-28 11:00:00,NSE:TIMESGTY,36.25,36.25,36.25,36.25,10.0
2019-05-28 12:00:00,NSE:TIMESGTY,39.85,40.0,36.35,36.35,1025.0
2019-05-30 10:00:00,NSE:TIMESGTY,34.6,34.6,34.6,34.6,40.0
2019-05-30 14:00:00,NSE:TIMESGTY,34.8,35.05,34.8,35.05,897.0
2019-05-30 15:00:00,NSE:TIMESGTY,35.05,35.05,35.05,35.05,117.0
2019-06-04 10:00:00,NSE:TIMESGTY,34.45,34.45,34.45,34.45,58.0
2019-06-04 11:00:00,NSE:TIMESGTY,34.6,34.6,34.6,34.6,130.0
2019-06-04 15:00:00,NSE:TIMESGTY,34.5,34.5,34.5,34.5,50.0
2019-06-06 10:00:00,NSE:TIMESGTY,35.5,35.5,35.5,35.5,100.0
2019-06-06 13:00:00,NSE:TIMESGTY,36.2,36.2,36.2,36.2,50.0
2019-06-07 13:00:00,NSE:TIMESGTY,35.15,35.15,35.15,35.15,50.0
2019-06-10 09:00:00,NSE:TIMESGTY,33.5,33.5,33.5,33.5,50.0
2019-06-10 12:00:00,NSE:TIMESGTY,33.7,33.7,33.7,33.7,50.0
2019-06-11 09:00:00,NSE:TIMESGTY,32.15,32.15,32.15,32.15,14.0
2019-06-11 14:00:00,NSE:TIMESGTY,32.25,32.25,32.25,32.25,2.0
2019-06-13 13:00:00,NSE:TIMESGTY,32.3,32.3,32.3,32.3,5.0
2019-06-13 15:00:00,NSE:TIMESGTY,33.85,33.85,33.85,33.85,900.0
2019-06-14 09:00:00,NSE:TIMESGTY,32.35,32.35,32.35,32.35,50.0
2019-06-14 10:00:00,NSE:TIMESGTY,32.35,32.35,32.35,32.35,1.0
2019-06-14 11:00:00,NSE:TIMESGTY,32.4,32.4,32.4,32.4,12.0
2019-06-17 10:00:00,NSE:TIMESGTY,31.7,31.7,31.7,31.7,180.0
2019-06-17 15:00:00,NSE:TIMESGTY,32.4,32.4,32.4,32.4,44.0
2019-06-18 10:00:00,NSE:TIMESGTY,31.25,31.3,31.25,31.3,86.0
2019-06-18 11:00:00,NSE:TIMESGTY,31.5,31.5,31.5,31.5,500.0
2019-06-18 12:00:00,NSE:TIMESGTY,31.65,31.65,31.65,31.65,100.0
2019-06-18 15:00:00,NSE:TIMESGTY,31.65,31.65,31.65,31.65,100.0
2019-06-19 11:00:00,NSE:TIMESGTY,31.15,31.15,31.15,31.15,1.0
2019-06-19 12:00:00,NSE:TIMESGTY,31.15,31.15,31.15,31.15,1.0
2019-06-20 10:00:00,NSE:TIMESGTY,29.7,29.7,29.7,29.7,300.0
2019-06-20 11:00:00,NSE:TIMESGTY,30.0,30.0,30.0,30.0,30.0
2019-06-20 14:00:00,NSE:TIMESGTY,32.7,32.7,32.7,32.7,10.0
2019-06-21 12:00:00,NSE:TIMESGTY,34.0,34.0,34.0,34.0,190.0
2019-06-21 13:00:00,NSE:TIMESGTY,34.0,34.0,34.0,34.0,50.0
2019-06-21 14:00:00,NSE:TIMESGTY,34.0,34.0,34.0,34.0,56.0
2019-06-24 11:00:00,NSE:TIMESGTY,32.35,32.35,32.35,32.35,25.0
2019-06-24 15:00:00,NSE:TIMESGTY,32.35,33.0,32.35,32.35,50.0
2019-06-25 14:00:00,NSE:TIMESGTY,32.7,32.7,32.7,32.7,50.0
2019-06-25 15:00:00,NSE:TIMESGTY,33.95,33.95,32.7,32.7,950.0
2019-06-26 09:00:00,NSE:TIMESGTY,33.15,33.15,33.15,33.15,500.0
2019-06-26 10:00:00,NSE:TIMESGTY,35.5,35.55,33.85,33.85,651.0
2019-06-26 11:00:00,NSE:TIMESGTY,35.5,35.5,35.5,35.5,3.0
2019-06-26 14:00:00,NSE:TIMESGTY,34.05,34.05,34.0,34.0,500.0
2019-06-27 10:00:00,NSE:TIMESGTY,32.9,32.9,32.9,32.9,150.0
2019-06-27 13:00:00,NSE:TIMESGTY,34.0,35.4,34.0,35.4,491.0
2019-06-27 14:00:00,NSE:TIMESGTY,34.0,35.7,34.0,35.7,1192.0
2019-06-28 10:00:00,NSE:TIMESGTY,35.5,37.0,35.5,35.7,450.0
2019-06-28 11:00:00,NSE:TIMESGTY,35.7,35.7,35.7,35.7,100.0
2019-06-28 12:00:00,NSE:TIMESGTY,35.7,35.7,35.7,35.7,250.0
2019-06-28 13:00:00,NSE:TIMESGTY,35.7,35.7,35.7,35.7,200.0
2019-06-28 14:00:00,NSE:TIMESGTY,35.7,35.7,35.5,35.55,318.0
2019-07-01 14:00:00,NSE:TIMESGTY,36.0,36.0,36.0,36.0,100.0
2019-07-02 09:00:00,NSE:TIMESGTY,37.8,37.8,37.8,37.8,520.0
2019-07-02 10:00:00,NSE:TIMESGTY,34.35,34.35,34.35,34.35,100.0
2019-07-02 12:00:00,NSE:TIMESGTY,35.9,35.9,35.9,35.9,57.0
2019-07-02 13:00:00,NSE:TIMESGTY,36.5,37.0,36.5,37.0,708.0
2019-07-02 14:00:00,NSE:TIMESGTY,36.55,36.55,36.55,36.55,50.0
2019-07-02 15:00:00,NSE:TIMESGTY,37.35,37.35,37.35,37.35,30.0
2019-07-03 09:00:00,NSE:TIMESGTY,38.5,38.5,35.5,35.5,540.0
2019-07-03 10:00:00,NSE:TIMESGTY,35.6,35.6,35.6,35.6,270.0
2019-07-03 13:00:00,NSE:TIMESGTY,37.0,37.0,35.7,35.7,375.0
2019-07-03 15:00:00,NSE:TIMESGTY,35.7,37.0,35.7,37.0,406.0
2019-07-04 11:00:00,NSE:TIMESGTY,34.65,34.65,34.65,34.65,2.0
2019-07-04 15:00:00,NSE:TIMESGTY,36.75,36.75,36.75,36.75,1.0
2019-07-05 10:00:00,NSE:TIMESGTY,35.0,35.0,35.0,35.0,100.0
2019-07-08 11:00:00,NSE:TIMESGTY,35.8,35.8,35.8,35.8,500.0
2019-07-08 13:00:00,NSE:TIMESGTY,33.55,36.0,33.55,34.1,1237.0
2019-07-08 14:00:00,NSE:TIMESGTY,34.4,34.4,34.4,34.4,50.0
2019-07-08 15:00:00,NSE:TIMESGTY,35.5,36.6,34.45,36.6,650.0
2019-07-09 14:00:00,NSE:TIMESGTY,36.6,36.9,34.7,34.7,1100.0
2019-07-09 15:00:00,NSE:TIMESGTY,36.0,36.0,36.0,36.0,504.0
2019-07-10 10:00:00,NSE:TIMESGTY,35.8,35.8,35.55,35.55,150.0
2019-07-10 11:00:00,NSE:TIMESGTY,35.5,35.5,35.5,35.5,51.0
2019-07-10 12:00:00,NSE:TIMESGTY,35.5,35.5,35.5,35.5,49.0
2019-07-10 13:00:00,NSE:TIMESGTY,36.0,36.0,36.0,36.0,647.0
2019-07-10 14:00:00,NSE:TIMESGTY,36.0,36.0,36.0,36.0,100.0
2019-07-10 15:00:00,NSE:TIMESGTY,36.0,36.0,36.0,36.0,50.0
2019-07-11 10:00:00,NSE:TIMESGTY,34.55,34.55,34.55,34.55,100.0
2019-07-11 11:00:00,NSE:TIMESGTY,34.65,34.65,34.65,34.65,50.0
2019-07-11 13:00:00,NSE:TIMESGTY,36.75,36.75,36.75,36.75,2.0
2019-07-11 15:00:00,NSE:TIMESGTY,34.7,34.7,34.7,34.7,218.0
2019-07-12 09:00:00,NSE:TIMESGTY,36.2,36.2,35.95,35.95,500.0
2019-07-12 11:00:00,NSE:TIMESGTY,34.85,34.85,34.85,34.85,344.0
2019-07-12 13:00:00,NSE:TIMESGTY,35.95,35.95,34.9,35.95,3.0
2019-07-12 15:00:00,NSE:TIMESGTY,35.95,35.95,35.95,35.95,48.0
2019-07-16 09:00:00,NSE:TIMESGTY,37.7,37.7,37.7,37.7,1.0
2019-07-16 10:00:00,NSE:TIMESGTY,34.45,34.45,34.45,34.45,100.0
2019-07-16 11:00:00,NSE:TIMESGTY,34.6,34.6,34.55,34.55,280.0
2019-07-16 12:00:00,NSE:TIMESGTY,37.2,37.2,37.2,37.2,1.0
2019-07-17 09:00:00,NSE:TIMESGTY,38.7,38.7,38.7,38.7,101.0
2019-07-17 10:00:00,NSE:TIMESGTY,35.35,38.45,35.35,38.45,151.0
2019-07-17 11:00:00,NSE:TIMESGTY,35.35,35.35,35.35,35.35,2.0
2019-07-18 09:00:00,NSE:TIMESGTY,36.9,36.9,36.9,36.9,1.0
2019-07-18 10:00:00,NSE:TIMESGTY,34.25,34.25,34.1,34.1,250.0
2019-07-18 13:00:00,NSE:TIMESGTY,34.1,34.1,34.1,34.1,25.0
2019-07-18 14:00:00,NSE:TIMESGTY,34.1,34.1,34.1,34.1,175.0
2019-07-18 15:00:00,NSE:TIMESGTY,33.85,34.45,33.8,34.45,27.0
2019-07-19 09:00:00,NSE:TIMESGTY,33.8,33.8,33.7,33.7,50.0
2019-07-19 10:00:00,NSE:TIMESGTY,34.4,34.4,33.7,33.7,101.0
2019-07-19 11:00:00,NSE:TIMESGTY,32.45,32.45,32.45,32.45,50.0
2019-07-19 13:00:00,NSE:TIMESGTY,32.6,34.4,32.6,34.4,2.0
2019-07-23 09:00:00,NSE:TIMESGTY,35.95,35.95,35.95,35.95,1.0
2019-07-23 14:00:00,NSE:TIMESGTY,33.7,34.15,33.2,33.7,251.0
2019-07-24 09:00:00,NSE:TIMESGTY,32.1,32.1,32.1,32.1,50.0
2019-07-24 10:00:00,NSE:TIMESGTY,34.95,34.95,34.95,34.95,1.0
2019-07-24 12:00:00,NSE:TIMESGTY,32.05,32.05,32.05,32.05,1010.0
2019-07-24 13:00:00,NSE:TIMESGTY,34.9,34.95,34.9,34.95,1500.0
2019-07-24 15:00:00,NSE:TIMESGTY,32.2,32.2,32.2,32.2,20.0
2019-07-25 09:00:00,NSE:TIMESGTY,31.15,31.15,31.15,31.15,75.0
2019-07-25 10:00:00,NSE:TIMESGTY,30.6,31.25,30.6,30.6,3000.0
2019-07-25 11:00:00,NSE:TIMESGTY,31.9,31.9,31.9,31.9,500.0
2019-07-25 12:00:00,NSE:TIMESGTY,32.0,33.5,31.2,32.55,1325.0
2019-07-25 13:00:00,NSE:TIMESGTY,33.7,33.8,33.7,33.8,2.0
2019-07-25 15:00:00,NSE:TIMESGTY,33.5,33.5,32.8,33.5,240.0
2019-07-26 09:00:00,NSE:TIMESGTY,34.95,34.95,34.5,34.5,26.0
2019-07-26 10:00:00,NSE:TIMESGTY,32.0,32.0,32.0,32.0,25.0
2019-07-26 14:00:00,NSE:TIMESGTY,33.9,33.9,32.1,32.1,109.0
2019-07-26 15:00:00,NSE:TIMESGTY,34.45,34.45,34.45,34.45,7.0
2019-07-29 14:00:00,NSE:TIMESGTY,32.75,32.75,32.75,32.75,10.0
2019-07-29 15:00:00,NSE:TIMESGTY,34.45,34.95,34.45,34.95,116.0
2019-07-30 09:00:00,NSE:TIMESGTY,36.05,36.05,36.05,36.05,2.0
2019-07-30 12:00:00,NSE:TIMESGTY,35.3,35.3,35.3,35.3,500.0
2019-07-30 13:00:00,NSE:TIMESGTY,33.05,33.05,33.05,33.05,1.0
2019-07-30 14:00:00,NSE:TIMESGTY,33.05,33.05,33.05,33.05,75.0
2019-07-30 15:00:00,NSE:TIMESGTY,35.4,35.4,35.4,35.4,1.0
2019-07-31 09:00:00,NSE:TIMESGTY,33.65,37.1,33.65,37.1,2200.0
2019-07-31 10:00:00,NSE:TIMESGTY,33.7,33.7,33.65,33.65,1599.0
2019-07-31 11:00:00,NSE:TIMESGTY,33.65,33.65,33.65,33.65,10.0
2019-07-31 12:00:00,NSE:TIMESGTY,33.65,33.65,33.65,33.65,50.0
2019-07-31 15:00:00,NSE:TIMESGTY,34.9,34.9,33.65,33.65,650.0
2019-08-01 15:00:00,NSE:TIMESGTY,35.35,35.35,35.35,35.35,1.0
2019-08-02 09:00:00,NSE:TIMESGTY,33.75,33.75,33.75,33.75,155.0
2019-08-02 11:00:00,NSE:TIMESGTY,33.75,33.75,33.75,33.75,10.0
2019-08-05 14:00:00,NSE:TIMESGTY,34.95,34.95,34.95,34.95,641.0
2019-08-06 09:00:00,NSE:TIMESGTY,35.25,35.25,35.25,35.25,30.0
2019-08-06 10:00:00,NSE:TIMESGTY,33.5,33.5,33.5,33.5,30.0
2019-08-06 14:00:00,NSE:TIMESGTY,33.6,33.6,33.6,33.6,150.0
2019-08-06 15:00:00,NSE:TIMESGTY,33.6,33.6,33.6,33.6,30.0
2019-08-09 10:00:00,NSE:TIMESGTY,32.1,32.1,32.05,32.05,250.0
2019-08-09 11:00:00,NSE:TIMESGTY,35.15,35.15,35.15,35.15,10.0
2019-08-09 12:00:00,NSE:TIMESGTY,32.3,32.4,32.3,32.4,60.0
2019-08-09 15:00:00,NSE:TIMESGTY,32.6,32.6,32.6,32.6,200.0
2019-08-13 10:00:00,NSE:TIMESGTY,31.15,35.85,31.15,35.85,660.0
2019-08-13 12:00:00,NSE:TIMESGTY,35.85,35.85,35.85,35.85,2209.0
2019-08-13 13:00:00,NSE:TIMESGTY,35.85,35.85,35.85,35.85,286.0
2019-08-14 09:00:00,NSE:TIMESGTY,32.6,33.0,32.6,33.0,250.0
2019-08-14 13:00:00,NSE:TIMESGTY,33.0,35.3,33.0,33.0,1901.0
2019-08-14 14:00:00,NSE:TIMESGTY,35.0,35.0,35.0,35.0,1.0
2019-08-14 15:00:00,NSE:TIMESGTY,32.4,34.7,32.4,34.7,28.0
2019-08-16 10:00:00,NSE:TIMESGTY,34.7,34.7,34.7,34.7,2.0
2019-08-19 09:00:00,NSE:TIMESGTY,36.25,36.25,36.25,36.25,1.0
2019-08-19 10:00:00,NSE:TIMESGTY,33.95,33.95,33.95,33.95,5.0
2019-08-19 12:00:00,NSE:TIMESGTY,33.9,33.9,33.85,33.9,50.0
2019-08-19 13:00:00,NSE:TIMESGTY,32.05,32.05,32.0,32.0,100.0
2019-08-19 14:00:00,NSE:TIMESGTY,33.55,33.55,33.55,33.55,15.0
2019-08-19 15:00:00,NSE:TIMESGTY,32.0,32.0,32.0,32.0,54.0
2019-08-20 11:00:00,NSE:TIMESGTY,29.85,29.85,29.05,29.15,1004.0
2019-08-20 12:00:00,NSE:TIMESGTY,32.5,32.5,32.5,32.5,350.0
2019-08-20 15:00:00,NSE:TIMESGTY,32.5,33.9,32.5,33.2,556.0
2019-08-21 13:00:00,NSE:TIMESGTY,30.3,30.3,30.3,30.3,10.0
2019-08-21 14:00:00,NSE:TIMESGTY,30.3,30.3,30.3,30.3,25.0
2019-08-21 15:00:00,NSE:TIMESGTY,32.5,32.5,32.5,32.5,750.0
2019-08-22 09:00:00,NSE:TIMESGTY,34.45,34.45,33.8,33.8,2.0
2019-08-22 11:00:00,NSE:TIMESGTY,29.55,29.55,29.55,29.55,400.0
2019-08-23 14:00:00,NSE:TIMESGTY,31.95,31.95,31.95,31.95,200.0
2019-08-26 12:00:00,NSE:TIMESGTY,32.9,32.9,32.9,32.9,1.0
2019-08-26 13:00:00,NSE:TIMESGTY,32.4,32.4,32.4,32.4,30.0
2019-08-26 15:00:00,NSE:TIMESGTY,30.0,31.95,30.0,30.65,20.0
2019-08-27 09:00:00,NSE:TIMESGTY,33.65,33.65,33.45,33.45,2.0
2019-08-27 12:00:00,NSE:TIMESGTY,30.15,30.15,30.15,30.15,90.0
2019-08-27 13:00:00,NSE:TIMESGTY,30.15,33.6,28.45,29.3,1211.0
2019-08-27 14:00:00,NSE:TIMESGTY,32.65,32.65,32.65,32.65,1.0
2019-08-27 15:00:00,NSE:TIMESGTY,32.0,32.0,29.3,32.0,12.0
2019-08-28 09:00:00,NSE:TIMESGTY,34.55,34.55,34.55,34.55,1.0
2019-08-28 11:00:00,NSE:TIMESGTY,30.15,30.15,30.15,30.15,3.0
2019-08-28 14:00:00,NSE:TIMESGTY,30.2,30.2,30.2,30.2,3.0
2019-08-28 15:00:00,NSE:TIMESGTY,30.2,30.2,29.1,29.1,142.0
2019-08-29 09:00:00,NSE:TIMESGTY,28.8,30.5,28.8,30.5,7.0
2019-08-29 10:00:00,NSE:TIMESGTY,30.5,30.5,30.5,30.5,1.0
2019-08-29 15:00:00,NSE:TIMESGTY,28.8,28.8,28.8,28.8,31.0
2019-08-30 10:00:00,NSE:TIMESGTY,28.8,31.45,28.8,31.45,101.0
2019-08-30 11:00:00,NSE:TIMESGTY,31.4,31.4,31.4,31.4,150.0
2019-08-30 12:00:00,NSE:TIMESGTY,26.45,31.2,26.45,31.2,151.0
2019-08-30 14:00:00,NSE:TIMESGTY,31.1,31.1,31.1,31.1,556.0
2019-09-03 09:00:00,NSE:TIMESGTY,31.1,31.1,28.05,28.05,3.0
2019-09-03 13:00:00,NSE:TIMESGTY,31.1,31.1,31.1,31.1,1.0
2019-09-04 09:00:00,NSE:TIMESGTY,31.05,34.0,29.0,29.0,70.0
2019-09-04 11:00:00,NSE:TIMESGTY,33.65,33.65,29.9,29.9,20.0
2019-09-04 14:00:00,NSE:TIMESGTY,30.1,30.1,30.1,30.1,50.0
2019-09-04 15:00:00,NSE:TIMESGTY,30.1,30.1,29.75,29.75,90.0
2019-09-05 10:00:00,NSE:TIMESGTY,27.15,31.95,27.15,31.85,53.0
2019-09-05 11:00:00,NSE:TIMESGTY,27.65,31.6,27.65,31.6,2.0
2019-09-05 15:00:00,NSE:TIMESGTY,28.6,31.45,28.6,31.35,18.0
2019-09-06 12:00:00,NSE:TIMESGTY,30.0,30.0,30.0,30.0,144.0
2019-09-06 15:00:00,NSE:TIMESGTY,30.0,30.0,30.0,30.0,150.0
2019-09-09 09:00:00,NSE:TIMESGTY,27.3,27.3,27.3,27.3,200.0
2019-09-09 10:00:00,NSE:TIMESGTY,29.1,29.1,29.1,29.1,1.0
2019-09-09 12:00:00,NSE:TIMESGTY,30.0,32.3,27.8,32.1,2003.0
2019-09-09 13:00:00,NSE:TIMESGTY,28.5,28.5,28.5,28.5,850.0
2019-09-11 12:00:00,NSE:TIMESGTY,29.5,29.5,29.5,29.5,405.0
2019-09-11 13:00:00,NSE:TIMESGTY,30.6,30.6,30.6,30.6,30.0
2019-09-11 15:00:00,NSE:TIMESGTY,27.7,31.3,27.7,31.3,3500.0
2019-09-12 09:00:00,NSE:TIMESGTY,31.5,32.35,28.0,30.0,263.0
2019-09-12 11:00:00,NSE:TIMESGTY,29.3,29.3,29.3,29.3,450.0
2019-09-12 12:00:00,NSE:TIMESGTY,30.9,30.95,29.4,29.4,1510.0
2019-09-12 14:00:00,NSE:TIMESGTY,30.95,30.95,30.0,30.0,2.0
2019-09-12 15:00:00,NSE:TIMESGTY,30.0,30.0,30.0,30.0,8.0
2019-09-13 09:00:00,NSE:TIMESGTY,32.45,32.45,32.45,32.45,1.0
2019-09-13 10:00:00,NSE:TIMESGTY,28.65,28.65,28.65,28.65,3.0
2019-09-13 11:00:00,NSE:TIMESGTY,31.95,31.95,29.0,31.85,9.0
2019-09-13 12:00:00,NSE:TIMESGTY,29.25,29.25,29.25,29.25,200.0
2019-09-13 13:00:00,NSE:TIMESGTY,31.5,32.0,29.55,32.0,1701.0
2019-09-13 15:00:00,NSE:TIMESGTY,31.1,31.1,31.1,31.1,201.0
2019-09-16 10:00:00,NSE:TIMESGTY,33.45,33.45,29.55,29.55,2.0
2019-09-16 11:00:00,NSE:TIMESGTY,32.4,32.4,32.4,32.4,1.0
2019-09-16 13:00:00,NSE:TIMESGTY,32.0,32.0,32.0,32.0,900.0
2019-09-16 15:00:00,NSE:TIMESGTY,33.45,34.2,33.45,34.2,2016.0
2019-09-17 09:00:00,NSE:TIMESGTY,30.3,36.4,30.3,30.65,7.0
2019-09-17 10:00:00,NSE:TIMESGTY,35.0,35.0,35.0,35.0,1.0
2019-09-17 11:00:00,NSE:TIMESGTY,32.0,35.0,32.0,35.0,2.0
2019-09-17 14:00:00,NSE:TIMESGTY,33.0,33.0,31.45,32.95,615.0
2019-09-17 15:00:00,NSE:TIMESGTY,31.4,31.4,31.4,31.4,263.0
2019-09-18 10:00:00,NSE:TIMESGTY,30.25,30.25,30.25,30.25,400.0
2019-09-18 13:00:00,NSE:TIMESGTY,34.0,34.2,30.4,33.95,215.0
2019-09-18 14:00:00,NSE:TIMESGTY,30.4,30.4,30.4,30.4,500.0
2019-09-18 15:00:00,NSE:TIMESGTY,33.95,33.95,33.95,33.95,32.0
2019-09-19 09:00:00,NSE:TIMESGTY,31.0,34.0,31.0,31.0,24.0
2019-09-19 11:00:00,NSE:TIMESGTY,33.95,33.95,33.95,33.95,9.0
2019-09-19 12:00:00,NSE:TIMESGTY,31.0,32.2,31.0,32.2,50.0
2019-09-19 14:00:00,NSE:TIMESGTY,31.0,34.0,30.85,33.95,2715.0
2019-09-19 15:00:00,NSE:TIMESGTY,31.25,36.0,31.25,36.0,815.0
2019-09-20 09:00:00,NSE:TIMESGTY,33.7,33.7,33.05,33.2,492.0
2019-09-20 11:00:00,NSE:TIMESGTY,34.0,36.35,33.2,36.35,4.0
2019-09-20 12:00:00,NSE:TIMESGTY,31.9,36.35,31.9,36.35,5.0
2019-09-20 14:00:00,NSE:TIMESGTY,33.0,33.0,32.45,32.55,474.0
2019-09-20 15:00:00,NSE:TIMESGTY,32.55,32.55,32.5,32.5,30.0
2019-09-23 09:00:00,NSE:TIMESGTY,35.7,35.7,30.6,34.6,8.0
2019-09-23 10:00:00,NSE:TIMESGTY,31.0,31.0,31.0,31.0,1.0
2019-09-23 11:00:00,NSE:TIMESGTY,33.85,34.75,31.2,34.75,52.0
2019-09-23 12:00:00,NSE:TIMESGTY,34.0,34.0,34.0,34.0,100.0
2019-09-23 13:00:00,NSE:TIMESGTY,31.75,31.75,31.75,31.75,70.0
2019-09-23 15:00:00,NSE:TIMESGTY,31.8,33.8,31.8,33.8,117.0
2019-09-24 09:00:00,NSE:TIMESGTY,34.65,34.65,30.05,30.55,551.0
2019-09-24 10:00:00,NSE:TIMESGTY,33.2,33.2,33.2,33.2,1.0
2019-09-24 12:00:00,NSE:TIMESGTY,31.15,32.6,31.15,32.6,417.0
2019-09-24 13:00:00,NSE:TIMESGTY,32.55,35.0,32.55,35.0,1824.0
2019-09-24 14:00:00,NSE:TIMESGTY,35.0,35.0,32.85,32.85,628.0
2019-09-25 09:00:00,NSE:TIMESGTY,33.2,36.1,33.2,36.0,270.0
2019-09-25 10:00:00,NSE:TIMESGTY,34.05,36.0,34.05,35.9,44.0
2019-09-25 11:00:00,NSE:TIMESGTY,35.5,35.5,35.5,35.5,20.0
2019-09-25 12:00:00,NSE:TIMESGTY,35.5,35.5,34.3,34.3,200.0
2019-09-25 13:00:00,NSE:TIMESGTY,35.5,35.5,35.5,35.5,15.0
2019-09-25 14:00:00,NSE:TIMESGTY,36.1,36.1,36.1,36.1,935.0
2019-09-25 15:00:00,NSE:TIMESGTY,34.35,34.65,34.35,34.65,515.0
2019-09-26 09:00:00,NSE:TIMESGTY,37.85,37.85,37.0,37.0,2.0
2019-09-26 10:00:00,NSE:TIMESGTY,37.0,37.95,36.0,37.95,505.0
2019-09-26 11:00:00,NSE:TIMESGTY,37.0,37.0,37.0,37.0,100.0
2019-09-26 12:00:00,NSE:TIMESGTY,35.0,35.0,35.0,35.0,50.0
2019-09-26 13:00:00,NSE:TIMESGTY,34.0,34.0,34.0,34.0,1.0
2019-09-26 14:00:00,NSE:TIMESGTY,37.0,37.0,37.0,37.0,1.0
2019-09-26 15:00:00,NSE:TIMESGTY,37.0,37.0,35.05,37.0,649.0
2019-09-27 09:00:00,NSE:TIMESGTY,37.05,39.05,37.05,39.05,400.0
2019-09-27 10:00:00,NSE:TIMESGTY,39.95,39.95,34.1,34.1,801.0
2019-09-27 11:00:00,NSE:TIMESGTY,38.9,38.9,34.45,37.9,151.0
2019-09-27 14:00:00,NSE:TIMESGTY,34.45,37.8,34.45,37.8,8.0
2019-09-30 09:00:00,NSE:TIMESGTY,40.95,40.95,36.8,38.2,476.0
2019-09-30 11:00:00,NSE:TIMESGTY,35.45,38.55,35.45,38.55,302.0
2019-09-30 13:00:00,NSE:TIMESGTY,35.35,35.35,35.35,35.35,75.0
2019-09-30 14:00:00,NSE:TIMESGTY,35.35,35.35,35.35,35.35,98.0
2019-09-30 15:00:00,NSE:TIMESGTY,35.0,35.0,35.0,35.0,62.0
2019-10-01 09:00:00,NSE:TIMESGTY,38.7,38.7,33.05,37.25,747.0
2019-10-01 12:00:00,NSE:TIMESGTY,33.75,37.1,33.75,36.9,450.0
2019-10-01 13:00:00,NSE:TIMESGTY,36.9,36.9,33.05,36.35,550.0
2019-10-01 15:00:00,NSE:TIMESGTY,35.95,35.95,35.95,35.95,125.0
2019-10-03 09:00:00,NSE:TIMESGTY,33.6,33.85,33.5,33.5,500.0
2019-10-03 10:00:00,NSE:TIMESGTY,34.5,34.5,34.5,34.5,25.0
2019-10-03 12:00:00,NSE:TIMESGTY,33.35,33.35,33.35,33.35,200.0
2019-10-03 13:00:00,NSE:TIMESGTY,34.0,34.0,34.0,34.0,90.0
2019-10-03 15:00:00,NSE:TIMESGTY,33.5,33.5,33.5,33.5,342.0
2019-10-04 09:00:00,NSE:TIMESGTY,35.55,35.55,32.2,32.3,215.0
2019-10-04 10:00:00,NSE:TIMESGTY,32.3,32.3,32.3,32.3,515.0
2019-10-04 11:00:00,NSE:TIMESGTY,33.9,33.9,33.6,33.7,203.0
2019-10-04 12:00:00,NSE:TIMESGTY,32.5,32.5,32.1,32.1,366.0
2019-10-04 13:00:00,NSE:TIMESGTY,32.25,32.25,32.1,32.1,130.0
2019-10-04 14:00:00,NSE:TIMESGTY,31.15,34.9,31.15,34.9,155.0
2019-10-04 15:00:00,NSE:TIMESGTY,31.3,31.3,31.3,31.3,25.0
2019-10-07 15:00:00,NSE:TIMESGTY,31.0,31.0,31.0,31.0,20.0
2019-10-09 11:00:00,NSE:TIMESGTY,30.15,30.15,30.15,30.15,50.0
2019-10-09 12:00:00,NSE:TIMESGTY,31.0,31.0,31.0,31.0,1.0
2019-10-09 14:00:00,NSE:TIMESGTY,31.0,31.1,31.0,31.1,74.0
2019-10-09 15:00:00,NSE:TIMESGTY,31.5,31.5,31.5,31.5,115.0
2019-10-10 09:00:00,NSE:TIMESGTY,31.5,31.5,31.5,31.5,225.0
2019-10-10 15:00:00,NSE:TIMESGTY,30.0,30.0,30.0,30.0,1.0
2019-10-11 09:00:00,NSE:TIMESGTY,24.8,25.0,24.8,25.0,135.0
2019-10-11 10:00:00,NSE:TIMESGTY,29.0,30.1,29.0,30.1,113.0
2019-10-11 12:00:00,NSE:TIMESGTY,30.1,30.1,30.1,30.1,1.0
2019-10-11 13:00:00,NSE:TIMESGTY,30.15,30.15,30.15,30.15,50.0
2019-10-11 14:00:00,NSE:TIMESGTY,30.15,30.15,30.15,30.15,95.0
2019-10-14 10:00:00,NSE:TIMESGTY,35.1,35.1,35.1,35.1,1.0
2019-10-14 11:00:00,NSE:TIMESGTY,34.65,34.65,30.1,30.1,214.0
2019-10-14 12:00:00,NSE:TIMESGTY,34.65,34.65,34.65,34.65,1.0
2019-10-14 13:00:00,NSE:TIMESGTY,30.15,30.15,30.15,30.15,22.0
2019-10-14 14:00:00,NSE:TIMESGTY,34.5,34.5,30.5,30.5,51.0
2019-10-14 15:00:00,NSE:TIMESGTY,30.5,30.5,30.5,30.5,22.0
2019-10-15 09:00:00,NSE:TIMESGTY,25.7,34.2,25.7,30.55,377.0
2019-10-15 10:00:00,NSE:TIMESGTY,32.6,32.6,30.5,30.5,75.0
2019-10-15 12:00:00,NSE:TIMESGTY,30.5,30.5,30.5,30.5,53.0
2019-10-15 13:00:00,NSE:TIMESGTY,32.0,32.0,32.0,32.0,10.0
2019-10-15 14:00:00,NSE:TIMESGTY,30.55,30.55,30.5,30.5,101.0
2019-10-15 15:00:00,NSE:TIMESGTY,30.5,30.5,30.5,30.5,50.0
2019-10-16 09:00:00,NSE:TIMESGTY,31.0,31.0,30.5,30.5,50.0
2019-10-16 10:00:00,NSE:TIMESGTY,30.5,30.5,30.5,30.5,5.0
2019-10-16 14:00:00,NSE:TIMESGTY,30.6,33.65,30.6,33.65,90.0
2019-10-16 15:00:00,NSE:TIMESGTY,33.65,33.7,33.65,33.7,11.0
2019-10-17 10:00:00,NSE:TIMESGTY,31.0,31.0,31.0,31.0,5.0
2019-10-17 11:00:00,NSE:TIMESGTY,33.8,33.8,33.8,33.8,5.0
2019-10-17 15:00:00,NSE:TIMESGTY,32.5,32.5,32.5,32.5,7.0
2019-10-18 14:00:00,NSE:TIMESGTY,32.0,36.0,32.0,34.25,1668.0
2019-10-18 15:00:00,NSE:TIMESGTY,35.4,35.4,35.4,35.4,33.0
2019-10-22 09:00:00,NSE:TIMESGTY,35.75,35.75,35.75,35.75,301.0
2019-10-22 10:00:00,NSE:TIMESGTY,37.0,37.0,36.0,36.0,2.0
2019-10-22 13:00:00,NSE:TIMESGTY,31.3,33.0,31.3,32.05,52.0
2019-10-22 14:00:00,NSE:TIMESGTY,32.1,32.1,32.1,32.1,2.0
2019-10-22 15:00:00,NSE:TIMESGTY,32.2,35.75,32.2,35.15,22.0
2019-10-23 10:00:00,NSE:TIMESGTY,33.0,33.0,31.1,31.35,53.0
2019-10-23 12:00:00,NSE:TIMESGTY,31.75,31.75,31.75,31.75,1.0
2019-10-23 13:00:00,NSE:TIMESGTY,31.75,35.45,31.75,35.45,2.0
2019-10-23 14:00:00,NSE:TIMESGTY,31.75,31.75,31.75,31.75,50.0
2019-10-23 15:00:00,NSE:TIMESGTY,31.75,31.75,31.75,31.75,4.0
2019-10-24 14:00:00,NSE:TIMESGTY,35.25,35.25,35.25,35.25,1.0
2019-10-25 11:00:00,NSE:TIMESGTY,34.0,34.0,34.0,34.0,1.0
2019-10-25 12:00:00,NSE:TIMESGTY,34.0,34.8,31.2,34.8,17.0
2019-10-25 15:00:00,NSE:TIMESGTY,34.9,34.9,34.9,34.9,110.0
2019-10-27 18:00:00,NSE:TIMESGTY,41.75,41.75,28.4,35.0,173.0
2019-10-27 19:00:00,NSE:TIMESGTY,36.75,36.75,36.75,36.75,109.0
2019-10-29 09:00:00,NSE:TIMESGTY,34.5,34.5,34.5,34.5,1.0
2019-10-29 10:00:00,NSE:TIMESGTY,36.75,38.75,32.0,32.55,376.0
2019-10-29 11:00:00,NSE:TIMESGTY,33.1,36.35,33.1,36.35,71.0
2019-10-29 12:00:00,NSE:TIMESGTY,33.1,35.95,33.1,35.9,76.0
2019-10-29 13:00:00,NSE:TIMESGTY,33.15,36.0,32.15,35.95,425.0
2019-10-29 14:00:00,NSE:TIMESGTY,32.15,35.9,32.15,35.9,3.0
2019-10-30 09:00:00,NSE:TIMESGTY,38.0,38.0,31.95,34.0,1977.0
2019-10-30 10:00:00,NSE:TIMESGTY,32.05,35.65,32.05,32.25,402.0
2019-10-30 11:00:00,NSE:TIMESGTY,33.95,33.95,33.95,33.95,15.0
2019-10-30 12:00:00,NSE:TIMESGTY,33.95,33.95,32.25,32.25,116.0
2019-10-30 13:00:00,NSE:TIMESGTY,36.35,36.35,36.35,36.35,35.0
2019-10-30 15:00:00,NSE:TIMESGTY,32.2,36.3,32.2,36.3,328.0
2019-10-31 09:00:00,NSE:TIMESGTY,32.5,32.5,32.5,32.5,20.0
2019-10-31 10:00:00,NSE:TIMESGTY,36.2,36.2,32.5,32.55,147.0
2019-10-31 11:00:00,NSE:TIMESGTY,35.85,35.85,35.85,35.85,500.0
2019-10-31 12:00:00,NSE:TIMESGTY,32.7,35.75,32.7,35.75,160.0
2019-10-31 13:00:00,NSE:TIMESGTY,32.75,35.65,32.75,35.65,252.0
2019-10-31 14:00:00,NSE:TIMESGTY,35.55,35.55,35.55,35.55,25.0
2019-10-31 15:00:00,NSE:TIMESGTY,35.5,35.5,35.5,35.5,155.0
2019-11-01 09:00:00,NSE:TIMESGTY,34.95,36.0,34.95,36.0,225.0
2019-11-01 10:00:00,NSE:TIMESGTY,36.0,36.0,35.95,35.95,107.0
2019-11-01 11:00:00,NSE:TIMESGTY,32.25,32.25,32.25,32.25,101.0
2019-11-01 12:00:00,NSE:TIMESGTY,32.3,35.9,32.3,32.4,608.0
2019-11-01 13:00:00,NSE:TIMESGTY,32.4,35.9,32.4,35.9,2.0
2019-11-01 14:00:00,NSE:TIMESGTY,32.4,35.8,32.4,35.8,146.0
2019-11-01 15:00:00,NSE:TIMESGTY,32.5,35.7,32.5,35.7,98.0
2019-11-04 09:00:00,NSE:TIMESGTY,35.45,35.45,35.45,35.45,3.0
2019-11-04 11:00:00,NSE:TIMESGTY,32.6,35.0,32.6,35.0,51.0
2019-11-04 12:00:00,NSE:TIMESGTY,34.95,34.95,34.95,34.95,28.0
2019-11-04 13:00:00,NSE:TIMESGTY,34.0,34.0,34.0,34.0,30.0
2019-11-04 15:00:00,NSE:TIMESGTY,32.6,32.6,32.6,32.6,39.0
2019-11-05 09:00:00,NSE:TIMESGTY,34.95,34.95,33.0,33.0,150.0
2019-11-05 10:00:00,NSE:TIMESGTY,33.0,34.7,31.3,34.7,200.0
2019-11-05 12:00:00,NSE:TIMESGTY,32.6,32.6,32.6,32.6,25.0
2019-11-05 14:00:00,NSE:TIMESGTY,33.0,33.0,33.0,33.0,3.0
2019-11-05 15:00:00,NSE:TIMESGTY,32.6,32.6,32.6,32.6,11.0
2019-11-06 09:00:00,NSE:TIMESGTY,35.4,35.4,31.0,32.6,173.0
2019-11-06 10:00:00,NSE:TIMESGTY,34.0,34.0,34.0,34.0,50.0
2019-11-06 12:00:00,NSE:TIMESGTY,32.65,32.65,32.65,32.65,50.0
2019-11-06 13:00:00,NSE:TIMESGTY,31.6,31.6,31.6,31.6,50.0
2019-11-06 14:00:00,NSE:TIMESGTY,33.7,35.05,31.55,35.0,257.0
2019-11-06 15:00:00,NSE:TIMESGTY,35.0,35.0,35.0,35.0,1.0
2019-11-07 09:00:00,NSE:TIMESGTY,39.9,39.9,28.5,31.9,133.0
2019-11-07 10:00:00,NSE:TIMESGTY,34.0,36.85,31.9,36.8,407.0
2019-11-07 11:00:00,NSE:TIMESGTY,32.55,36.45,32.55,36.45,67.0
2019-11-07 12:00:00,NSE:TIMESGTY,36.45,36.45,32.75,36.4,450.0
2019-11-07 14:00:00,NSE:TIMESGTY,36.0,36.0,36.0,36.0,1.0
2019-11-07 15:00:00,NSE:TIMESGTY,32.8,36.0,32.8,36.0,52.0
2019-11-08 09:00:00,NSE:TIMESGTY,39.4,39.4,32.9,33.35,161.0
2019-11-08 10:00:00,NSE:TIMESGTY,33.4,37.5,33.4,33.55,1203.0
2019-11-08 11:00:00,NSE:TIMESGTY,37.0,37.0,36.85,36.85,295.0
2019-11-08 12:00:00,NSE:TIMESGTY,34.25,34.25,34.25,34.25,32.0
2019-11-08 13:00:00,NSE:TIMESGTY,35.1,36.6,35.05,35.05,319.0
2019-11-08 14:00:00,NSE:TIMESGTY,36.35,36.35,35.15,35.5,520.0
2019-11-08 15:00:00,NSE:TIMESGTY,36.45,36.5,35.05,36.5,659.0
2019-11-11 09:00:00,NSE:TIMESGTY,39.3,39.3,32.95,38.0,490.0
2019-11-11 10:00:00,NSE:TIMESGTY,37.85,37.85,33.85,33.85,214.0
2019-11-11 11:00:00,NSE:TIMESGTY,34.2,36.5,34.0,34.0,790.0
2019-11-11 12:00:00,NSE:TIMESGTY,34.05,34.05,34.05,34.05,1.0
2019-11-11 13:00:00,NSE:TIMESGTY,35.95,35.95,34.05,34.15,503.0
2019-11-11 14:00:00,NSE:TIMESGTY,35.75,35.75,34.25,35.75,122.0
2019-11-11 15:00:00,NSE:TIMESGTY,35.5,35.5,34.5,35.5,202.0
2019-11-13 09:00:00,NSE:TIMESGTY,33.15,33.15,33.15,33.15,14.0
2019-11-13 10:00:00,NSE:TIMESGTY,33.6,33.6,33.6,33.6,10.0
2019-11-13 12:00:00,NSE:TIMESGTY,34.95,34.95,34.85,34.85,17.0
2019-11-13 13:00:00,NSE:TIMESGTY,33.15,33.95,31.2,33.95,979.0
2019-11-13 15:00:00,NSE:TIMESGTY,31.3,31.3,31.3,31.3,4.0
2019-11-14 09:00:00,NSE:TIMESGTY,35.9,35.9,28.35,34.05,411.0
2019-11-14 11:00:00,NSE:TIMESGTY,30.6,30.6,30.6,30.6,210.0
2019-11-14 12:00:00,NSE:TIMESGTY,33.15,33.15,32.95,32.95,11.0
2019-11-14 13:00:00,NSE:TIMESGTY,31.3,31.3,31.2,31.2,1250.0
2019-11-14 14:00:00,NSE:TIMESGTY,31.2,31.2,30.7,30.7,510.0
2019-11-14 15:00:00,NSE:TIMESGTY,30.6,30.6,29.65,29.65,138.0
2019-11-15 09:00:00,NSE:TIMESGTY,32.8,32.8,32.8,32.8,300.0
2019-11-15 10:00:00,NSE:TIMESGTY,30.5,32.65,30.0,32.5,4002.0
2019-11-15 12:00:00,NSE:TIMESGTY,32.45,32.45,30.45,30.45,11.0
2019-11-15 13:00:00,NSE:TIMESGTY,30.55,32.2,30.55,30.75,2052.0
2019-11-15 14:00:00,NSE:TIMESGTY,31.45,32.25,30.8,32.25,245.0
2019-11-15 15:00:00,NSE:TIMESGTY,31.8,31.8,31.8,31.8,178.0
2019-11-18 11:00:00,NSE:TIMESGTY,31.75,31.75,31.75,31.75,2.0
2019-11-18 12:00:00,NSE:TIMESGTY,29.05,29.05,29.05,29.05,32.0
2019-11-18 13:00:00,NSE:TIMESGTY,31.75,31.8,29.55,30.05,83.0
2019-11-18 14:00:00,NSE:TIMESGTY,31.0,31.8,31.0,31.8,200.0
2019-11-18 15:00:00,NSE:TIMESGTY,31.8,31.8,31.0,31.0,333.0
2019-11-19 10:00:00,NSE:TIMESGTY,29.0,31.6,29.0,31.6,61.0
2019-11-19 11:00:00,NSE:TIMESGTY,29.0,31.5,29.0,29.25,22.0
2019-11-19 12:00:00,NSE:TIMESGTY,30.0,34.9,30.0,31.25,1533.0
2019-11-19 14:00:00,NSE:TIMESGTY,31.35,33.45,31.35,33.45,25.0
2019-11-19 15:00:00,NSE:TIMESGTY,33.45,33.45,33.45,33.45,6.0
2019-11-20 09:00:00,NSE:TIMESGTY,31.35,34.85,31.35,34.85,21.0
2019-11-20 10:00:00,NSE:TIMESGTY,28.95,34.8,28.95,32.0,4539.0
2019-11-20 11:00:00,NSE:TIMESGTY,32.0,32.45,32.0,32.0,204.0
2019-11-20 13:00:00,NSE:TIMESGTY,32.0,32.0,32.0,32.0,50.0
2019-11-20 14:00:00,NSE:TIMESGTY,31.1,31.1,31.1,31.1,366.0
2019-11-20 15:00:00,NSE:TIMESGTY,32.55,32.55,32.55,32.55,1.0
2019-11-21 09:00:00,NSE:TIMESGTY,29.3,32.5,29.3,32.5,320.0
2019-11-21 10:00:00,NSE:TIMESGTY,32.5,32.5,32.5,32.5,9.0
2019-11-21 11:00:00,NSE:TIMESGTY,30.7,30.7,30.7,30.7,50.0
2019-11-21 14:00:00,NSE:TIMESGTY,30.7,30.7,30.7,30.7,338.0
2019-11-21 15:00:00,NSE:TIMESGTY,31.8,32.55,31.8,32.55,2.0
2019-11-22 09:00:00,NSE:TIMESGTY,30.15,30.15,30.15,30.15,100.0
2019-11-22 10:00:00,NSE:TIMESGTY,30.15,30.15,30.15,30.15,100.0
2019-11-22 11:00:00,NSE:TIMESGTY,30.2,30.2,30.2,30.2,20.0
2019-11-22 13:00:00,NSE:TIMESGTY,30.9,30.9,30.2,30.2,2.0
2019-11-22 14:00:00,NSE:TIMESGTY,30.15,30.15,30.15,30.15,496.0
2019-11-22 15:00:00,NSE:TIMESGTY,31.7,31.7,29.5,30.15,667.0
2019-11-25 12:00:00,NSE:TIMESGTY,30.2,31.0,30.2,31.0,51.0
2019-11-25 14:00:00,NSE:TIMESGTY,29.6,31.1,29.15,31.0,44.0
2019-11-25 15:00:00,NSE:TIMESGTY,29.6,30.9,29.5,30.9,1452.0
2019-11-26 09:00:00,NSE:TIMESGTY,28.1,30.9,28.1,30.9,51.0
2019-11-26 10:00:00,NSE:TIMESGTY,30.9,30.9,30.9,30.9,30.0
2019-11-26 11:00:00,NSE:TIMESGTY,32.3,32.3,31.85,31.85,140.0
2019-11-26 13:00:00,NSE:TIMESGTY,28.7,28.85,28.7,28.85,166.0
2019-11-26 14:00:00,NSE:TIMESGTY,31.35,31.35,31.35,31.35,1.0
2019-11-26 15:00:00,NSE:TIMESGTY,29.05,30.5,29.0,30.5,1125.0
2019-11-27 12:00:00,NSE:TIMESGTY,30.0,30.0,30.0,30.0,10.0
2019-11-27 13:00:00,NSE:TIMESGTY,30.0,30.0,30.0,30.0,1.0
2019-11-27 14:00:00,NSE:TIMESGTY,29.0,29.5,28.45,29.5,417.0
2019-11-27 15:00:00,NSE:TIMESGTY,31.15,31.15,31.15,31.15,1.0
2019-11-28 10:00:00,NSE:TIMESGTY,29.0,29.0,29.0,29.0,150.0
2019-11-28 11:00:00,NSE:TIMESGTY,31.4,31.4,31.15,31.15,11.0
2019-11-28 13:00:00,NSE:TIMESGTY,30.0,31.4,29.05,29.05,4.0
2019-11-28 14:00:00,NSE:TIMESGTY,31.4,31.4,29.05,31.4,3.0
2019-11-28 15:00:00,NSE:TIMESGTY,31.15,31.15,29.05,29.05,88.0
2019-11-29 09:00:00,NSE:TIMESGTY,28.1,30.85,28.1,30.85,171.0
2019-11-29 10:00:00,NSE:TIMESGTY,30.8,30.8,30.8,30.8,1.0
2019-11-29 11:00:00,NSE:TIMESGTY,30.7,30.7,30.7,30.7,1.0
2019-11-29 12:00:00,NSE:TIMESGTY,28.45,28.45,28.45,28.45,100.0
2019-11-29 13:00:00,NSE:TIMESGTY,30.45,30.45,30.45,30.45,103.0
2019-11-29 14:00:00,NSE:TIMESGTY,28.5,28.5,28.5,28.5,30.0
2019-12-02 09:00:00,NSE:TIMESGTY,33.8,33.8,28.15,31.0,626.0
2019-12-02 10:00:00,NSE:TIMESGTY,31.0,31.0,31.0,31.0,5.0
2019-12-02 12:00:00,NSE:TIMESGTY,31.0,31.95,31.0,31.95,65.0
2019-12-02 13:00:00,NSE:TIMESGTY,31.0,31.0,31.0,31.0,149.0
2019-12-02 14:00:00,NSE:TIMESGTY,31.0,31.0,31.0,31.0,21.0
2019-12-02 15:00:00,NSE:TIMESGTY,31.0,31.0,30.2,30.2,121.0
2019-12-03 09:00:00,NSE:TIMESGTY,31.9,31.9,31.9,31.9,11.0
2019-12-03 10:00:00,NSE:TIMESGTY,28.7,31.4,28.7,31.2,1046.0
2019-12-03 11:00:00,NSE:TIMESGTY,29.15,31.2,29.15,31.0,2700.0
2019-12-03 13:00:00,NSE:TIMESGTY,31.0,31.0,31.0,31.0,132.0
2019-12-03 14:00:00,NSE:TIMESGTY,31.0,31.0,31.0,31.0,1.0
2019-12-03 15:00:00,NSE:TIMESGTY,31.6,31.6,31.6,31.6,45.0
2019-12-04 12:00:00,NSE:TIMESGTY,30.95,30.95,30.95,30.95,5.0
2019-12-05 10:00:00,NSE:TIMESGTY,29.05,31.55,29.05,29.1,115.0
2019-12-05 11:00:00,NSE:TIMESGTY,31.5,31.5,31.5,31.5,1.0
2019-12-05 12:00:00,NSE:TIMESGTY,29.65,31.5,29.65,29.65,15.0
2019-12-05 14:00:00,NSE:TIMESGTY,30.2,31.6,30.2,31.25,2004.0
2019-12-05 15:00:00,NSE:TIMESGTY,29.75,29.75,29.65,29.65,1000.0
2019-12-06 09:00:00,NSE:TIMESGTY,29.5,29.5,29.5,29.5,1.0
2019-12-06 10:00:00,NSE:TIMESGTY,29.5,31.2,28.05,31.2,454.0
2019-12-06 14:00:00,NSE:TIMESGTY,28.55,28.55,28.55,28.55,30.0
2019-12-09 10:00:00,NSE:TIMESGTY,28.65,28.65,28.65,28.65,34.0
2019-12-09 13:00:00,NSE:TIMESGTY,28.85,30.0,28.85,30.0,33.0
2019-12-09 14:00:00,NSE:TIMESGTY,28.65,29.65,28.1,29.65,1280.0
2019-12-09 15:00:00,NSE:TIMESGTY,29.65,29.65,29.65,29.65,100.0
2019-12-10 09:00:00,NSE:TIMESGTY,34.35,34.35,31.35,31.35,106.0
2019-12-10 10:00:00,NSE:TIMESGTY,30.7,30.7,27.6,28.1,215.0
2019-12-10 11:00:00,NSE:TIMESGTY,28.25,28.25,28.25,28.25,10.0
2019-12-11 11:00:00,NSE:TIMESGTY,30.2,30.2,30.2,30.2,1.0
2019-12-11 12:00:00,NSE:TIMESGTY,26.05,29.5,26.05,26.3,400.0
2019-12-11 14:00:00,NSE:TIMESGTY,28.7,28.7,28.7,28.7,1.0
2019-12-11 15:00:00,NSE:TIMESGTY,28.0,28.0,28.0,28.0,398.0
2019-12-12 12:00:00,NSE:TIMESGTY,28.9,28.9,28.9,28.9,5.0
2019-12-12 14:00:00,NSE:TIMESGTY,29.5,29.5,29.5,29.5,20.0
2019-12-12 15:00:00,NSE:TIMESGTY,28.3,28.3,28.1,28.1,2003.0
2019-12-13 11:00:00,NSE:TIMESGTY,29.9,29.9,28.5,28.5,2.0
2019-12-13 12:00:00,NSE:TIMESGTY,29.0,29.0,29.0,29.0,299.0
2019-12-13 13:00:00,NSE:TIMESGTY,30.0,30.0,29.0,29.0,154.0
2019-12-13 14:00:00,NSE:TIMESGTY,30.0,31.6,30.0,31.6,1426.0
2019-12-13 15:00:00,NSE:TIMESGTY,31.4,33.7,31.25,32.3,22644.0
2019-12-16 09:00:00,NSE:TIMESGTY,33.45,33.45,30.8,31.15,2356.0
2019-12-16 10:00:00,NSE:TIMESGTY,31.5,31.5,31.0,31.4,1372.0
2019-12-16 11:00:00,NSE:TIMESGTY,31.4,31.4,31.4,31.4,42.0
2019-12-16 12:00:00,NSE:TIMESGTY,31.0,31.0,31.0,31.0,5.0
2019-12-16 13:00:00,NSE:TIMESGTY,30.85,31.4,30.85,31.4,112.0
2019-12-16 14:00:00,NSE:TIMESGTY,31.2,31.2,31.2,31.2,13.0
2019-12-16 15:00:00,NSE:TIMESGTY,30.5,31.25,30.35,31.25,942.0
2019-12-17 09:00:00,NSE:TIMESGTY,29.25,29.5,29.25,29.5,1012.0
2019-12-17 10:00:00,NSE:TIMESGTY,31.55,31.55,31.45,31.45,22.0
2019-12-17 11:00:00,NSE:TIMESGTY,30.05,31.45,29.85,31.45,368.0
2019-12-17 12:00:00,NSE:TIMESGTY,29.55,32.8,28.5,32.2,14390.0
2019-12-17 13:00:00,NSE:TIMESGTY,30.15,32.15,30.15,32.1,10.0
2019-12-17 14:00:00,NSE:TIMESGTY,30.15,31.75,30.15,31.65,7210.0
2019-12-18 11:00:00,NSE:TIMESGTY,30.05,30.05,30.05,30.05,5.0
2019-12-18 13:00:00,NSE:TIMESGTY,31.5,31.5,30.0,30.0,800.0
2019-12-18 14:00:00,NSE:TIMESGTY,30.0,31.35,29.7,31.35,459.0
2019-12-18 15:00:00,NSE:TIMESGTY,31.2,31.2,29.7,29.7,1511.0
2019-12-19 09:00:00,NSE:TIMESGTY,29.25,29.25,29.25,29.25,1.0
2019-12-19 11:00:00,NSE:TIMESGTY,29.65,29.65,29.65,29.65,30.0
2019-12-19 14:00:00,NSE:TIMESGTY,31.0,31.0,31.0,31.0,563.0
2019-12-19 15:00:00,NSE:TIMESGTY,31.0,31.0,31.0,31.0,137.0
2019-12-20 10:00:00,NSE:TIMESGTY,29.65,29.65,29.65,29.65,50.0
2019-12-20 11:00:00,NSE:TIMESGTY,30.85,30.9,30.85,30.9,70.0
2019-12-20 13:00:00,NSE:TIMESGTY,29.75,29.75,29.75,29.75,50.0
2019-12-20 14:00:00,NSE:TIMESGTY,29.75,29.75,29.5,29.5,1267.0
2019-12-23 09:00:00,NSE:TIMESGTY,28.0,30.2,28.0,30.2,160.0
2019-12-23 10:00:00,NSE:TIMESGTY,28.6,28.6,28.6,28.6,16.0
2019-12-23 12:00:00,NSE:TIMESGTY,30.7,30.7,30.7,30.7,1.0
2019-12-23 13:00:00,NSE:TIMESGTY,30.7,30.7,30.7,30.7,10.0
2019-12-23 14:00:00,NSE:TIMESGTY,29.0,29.0,29.0,29.0,50.0
2019-12-24 10:00:00,NSE:TIMESGTY,29.0,29.0,29.0,29.0,50.0
2019-12-24 11:00:00,NSE:TIMESGTY,29.0,29.0,29.0,29.0,40.0
2019-12-24 14:00:00,NSE:TIMESGTY,30.0,30.0,30.0,30.0,1.0
2019-12-24 15:00:00,NSE:TIMESGTY,29.0,29.0,29.0,29.0,1.0
2019-12-26 10:00:00,NSE:TIMESGTY,29.0,29.0,29.0,29.0,13.0
2019-12-26 12:00:00,NSE:TIMESGTY,28.75,28.75,28.75,28.75,10.0
2019-12-26 14:00:00,NSE:TIMESGTY,29.95,30.0,29.95,30.0,100.0
2019-12-26 15:00:00,NSE:TIMESGTY,30.9,30.9,29.1,30.1,2277.0
2019-12-27 10:00:00,NSE:TIMESGTY,28.35,28.35,28.35,28.35,40.0
2019-12-27 12:00:00,NSE:TIMESGTY,28.85,30.0,28.85,30.0,20.0
2019-12-27 15:00:00,NSE:TIMESGTY,28.85,28.85,28.85,28.85,13.0
2019-12-30 15:00:00,NSE:TIMESGTY,29.95,29.95,29.95,29.95,2.0
2019-12-31 11:00:00,NSE:TIMESGTY,30.65,30.65,30.65,30.65,1.0
2019-12-31 15:00:00,NSE:TIMESGTY,30.6,30.6,30.6,30.6,1.0
2020-01-01 10:00:00,NSE:TIMESGTY,28.0,28.0,28.0,28.0,5.0
2020-01-01 11:00:00,NSE:TIMESGTY,30.8,30.8,30.8,30.8,1.0
2020-01-01 15:00:00,NSE:TIMESGTY,30.8,31.8,30.8,31.8,1094.0
2020-01-02 13:00:00,NSE:TIMESGTY,29.5,31.4,29.5,31.4,90.0
2020-01-02 14:00:00,NSE:TIMESGTY,30.1,30.1,30.1,30.1,50.0
2020-01-06 09:00:00,NSE:TIMESGTY,34.3,34.3,28.55,31.5,268.0
2020-01-06 11:00:00,NSE:TIMESGTY,29.6,29.6,29.6,29.6,1292.0
2020-01-06 14:00:00,NSE:TIMESGTY,29.6,29.6,29.6,29.6,1.0
2020-01-07 09:00:00,NSE:TIMESGTY,33.1,33.1,31.95,31.95,121.0
2020-01-07 10:00:00,NSE:TIMESGTY,31.5,31.5,31.5,31.5,1.0
2020-01-07 11:00:00,NSE:TIMESGTY,31.35,31.35,29.1,31.1,4.0
2020-01-07 12:00:00,NSE:TIMESGTY,29.05,31.45,29.05,31.45,1400.0
2020-01-07 13:00:00,NSE:TIMESGTY,29.55,29.55,29.55,29.55,45.0
2020-01-07 14:00:00,NSE:TIMESGTY,30.5,30.5,30.5,30.5,488.0
2020-01-07 15:00:00,NSE:TIMESGTY,30.5,30.5,30.5,30.5,111.0
2020-01-08 09:00:00,NSE:TIMESGTY,35.45,35.45,28.65,31.95,34.0
2020-01-08 10:00:00,NSE:TIMESGTY,30.0,30.95,29.75,30.95,601.0
2020-01-08 11:00:00,NSE:TIMESGTY,29.6,29.6,29.6,29.6,500.0
2020-01-08 12:00:00,NSE:TIMESGTY,29.55,29.55,29.55,29.55,15.0
2020-01-09 09:00:00,NSE:TIMESGTY,28.55,32.8,28.55,32.05,114.0
2020-01-09 10:00:00,NSE:TIMESGTY,29.15,32.05,29.15,30.0,1179.0
2020-01-09 11:00:00,NSE:TIMESGTY,30.0,31.95,30.0,31.95,828.0
2020-01-09 12:00:00,NSE:TIMESGTY,31.95,31.95,29.2,31.0,410.0
2020-01-09 13:00:00,NSE:TIMESGTY,31.3,32.8,30.1,31.0,1752.0
2020-01-09 14:00:00,NSE:TIMESGTY,30.8,30.8,30.8,30.8,300.0
2020-01-09 15:00:00,NSE:TIMESGTY,30.8,30.8,30.8,30.8,70.0
2020-01-10 09:00:00,NSE:TIMESGTY,32.7,33.95,29.35,30.65,877.0
2020-01-10 10:00:00,NSE:TIMESGTY,30.9,30.9,30.9,30.9,200.0
2020-01-10 11:00:00,NSE:TIMESGTY,30.9,32.55,30.9,31.55,119.0
2020-01-10 12:00:00,NSE:TIMESGTY,30.9,30.9,30.9,30.9,200.0
2020-01-10 13:00:00,NSE:TIMESGTY,30.95,30.95,30.95,30.95,10.0
2020-01-10 15:00:00,NSE:TIMESGTY,31.0,31.0,28.0,30.65,3393.0
2020-01-13 11:00:00,NSE:TIMESGTY,30.0,30.0,30.0,30.0,34.0
2020-01-13 15:00:00,NSE:TIMESGTY,30.0,30.0,30.0,30.0,1.0
2020-01-14 09:00:00,NSE:TIMESGTY,30.8,31.0,30.8,31.0,301.0
2020-01-14 10:00:00,NSE:TIMESGTY,29.1,29.1,29.1,29.1,100.0
2020-01-14 11:00:00,NSE:TIMESGTY,31.0,31.0,31.0,31.0,1103.0
2020-01-14 15:00:00,NSE:TIMESGTY,31.5,31.5,30.0,30.0,850.0
2020-01-15 12:00:00,NSE:TIMESGTY,30.95,30.95,30.95,30.95,1.0
2020-01-15 15:00:00,NSE:TIMESGTY,30.0,30.75,30.0,30.0,184.0
2020-01-16 09:00:00,NSE:TIMESGTY,32.75,32.75,29.3,32.65,193.0
2020-01-16 11:00:00,NSE:TIMESGTY,30.95,30.95,30.95,30.95,10.0
2020-01-16 13:00:00,NSE:TIMESGTY,30.95,30.95,30.1,30.1,52.0
2020-01-16 15:00:00,NSE:TIMESGTY,30.0,30.0,30.0,30.0,237.0
2020-01-17 09:00:00,NSE:TIMESGTY,30.95,30.95,30.95,30.95,1.0
2020-01-17 12:00:00,NSE:TIMESGTY,30.0,31.0,30.0,31.0,1777.0
2020-01-17 13:00:00,NSE:TIMESGTY,29.2,29.2,29.2,29.2,11.0
2020-01-17 14:00:00,NSE:TIMESGTY,30.9,30.9,30.9,30.9,50.0
2020-01-17 15:00:00,NSE:TIMESGTY,30.3,30.55,30.3,30.55,169.0
2020-01-20 11:00:00,NSE:TIMESGTY,31.0,31.0,31.0,31.0,3.0
2020-01-20 12:00:00,NSE:TIMESGTY,30.5,31.0,30.05,30.05,198.0
2020-01-20 15:00:00,NSE:TIMESGTY,30.25,31.75,30.1,31.05,555.0
2020-01-21 09:00:00,NSE:TIMESGTY,32.7,32.7,31.0,31.0,6.0
2020-01-21 10:00:00,NSE:TIMESGTY,30.0,31.0,30.0,31.0,15.0
2020-01-21 12:00:00,NSE:TIMESGTY,30.0,30.0,29.5,29.5,520.0
2020-01-21 13:00:00,NSE:TIMESGTY,30.5,31.0,30.5,31.0,500.0
2020-01-21 15:00:00,NSE:TIMESGTY,31.0,31.0,29.6,29.6,825.0
2020-01-22 09:00:00,NSE:TIMESGTY,30.0,30.0,30.0,30.0,51.0
2020-01-22 11:00:00,NSE:TIMESGTY,30.75,30.75,30.75,30.75,1.0
2020-01-22 14:00:00,NSE:TIMESGTY,30.75,31.0,30.75,31.0,1393.0
2020-01-22 15:00:00,NSE:TIMESGTY,31.0,31.0,31.0,31.0,28.0
2020-01-23 09:00:00,NSE:TIMESGTY,32.35,32.35,32.15,32.15,2.0
2020-01-23 11:00:00,NSE:TIMESGTY,30.45,33.3,28.8,28.8,4001.0
2020-01-23 12:00:00,NSE:TIMESGTY,30.45,31.5,30.45,31.5,701.0
2020-01-24 09:00:00,NSE:TIMESGTY,33.65,33.65,33.65,33.65,26.0
2020-01-24 10:00:00,NSE:TIMESGTY,31.5,31.5,31.5,31.5,11.0
2020-01-24 11:00:00,NSE:TIMESGTY,31.0,31.0,31.0,31.0,1.0
2020-01-24 13:00:00,NSE:TIMESGTY,30.3,30.3,30.3,30.3,1.0
2020-01-24 15:00:00,NSE:TIMESGTY,30.1,30.1,30.1,30.1,596.0
2020-01-27 10:00:00,NSE:TIMESGTY,30.2,31.1,30.2,30.2,64.0
2020-01-27 12:00:00,NSE:TIMESGTY,31.0,31.0,30.25,30.3,425.0
2020-01-27 13:00:00,NSE:TIMESGTY,30.25,30.25,30.25,30.25,150.0
2020-01-27 14:00:00,NSE:TIMESGTY,30.25,30.25,30.0,30.0,80.0
2020-01-27 15:00:00,NSE:TIMESGTY,29.85,29.85,29.85,29.85,25.0
2020-01-28 12:00:00,NSE:TIMESGTY,30.0,30.0,29.85,29.85,250.0
2020-01-28 13:00:00,NSE:TIMESGTY,30.5,30.5,30.5,30.5,200.0
2020-01-28 14:00:00,NSE:TIMESGTY,30.0,30.0,29.85,29.85,550.0
2020-01-28 15:00:00,NSE:TIMESGTY,29.75,29.75,29.75,29.75,25.0
2020-01-29 11:00:00,NSE:TIMESGTY,29.3,31.0,29.3,31.0,1784.0
2020-01-29 12:00:00,NSE:TIMESGTY,31.0,31.5,29.65,31.5,1589.0
2020-01-29 13:00:00,NSE:TIMESGTY,31.5,32.8,31.5,32.3,1296.0
2020-01-29 14:00:00,NSE:TIMESGTY,32.5,32.65,32.3,32.3,1623.0
2020-01-29 15:00:00,NSE:TIMESGTY,32.5,35.7,32.5,35.1,16616.0
2020-01-30 09:00:00,NSE:TIMESGTY,36.8,36.8,31.6,32.5,12033.0
2020-01-30 10:00:00,NSE:TIMESGTY,32.3,32.5,31.35,31.9,5053.0
2020-01-30 11:00:00,NSE:TIMESGTY,31.9,32.0,31.35,31.95,848.0
2020-01-30 12:00:00,NSE:TIMESGTY,32.0,32.0,31.95,31.95,75.0
2020-01-30 13:00:00,NSE:TIMESGTY,31.95,31.95,31.5,31.5,291.0
2020-01-30 14:00:00,NSE:TIMESGTY,31.5,31.9,31.5,31.8,1368.0
2020-01-30 15:00:00,NSE:TIMESGTY,31.65,31.95,31.0,31.95,3046.0
2020-01-31 09:00:00,NSE:TIMESGTY,30.75,30.75,30.75,30.75,418.0
2020-01-31 10:00:00,NSE:TIMESGTY,31.2,31.2,30.8,30.8,200.0
2020-01-31 12:00:00,NSE:TIMESGTY,30.8,30.8,30.55,30.55,174.0
2020-01-31 14:00:00,NSE:TIMESGTY,31.2,31.2,30.25,30.25,210.0
2020-01-31 15:00:00,NSE:TIMESGTY,30.2,30.2,30.0,30.0,482.0
2020-02-01 09:00:00,NSE:TIMESGTY,30.2,30.2,30.2,30.2,1172.0
2020-02-01 14:00:00,NSE:TIMESGTY,30.4,30.5,30.4,30.4,155.0
2020-02-01 15:00:00,NSE:TIMESGTY,30.4,30.4,30.0,30.0,1355.0
2020-02-03 09:00:00,NSE:TIMESGTY,31.9,31.9,31.8,31.8,2020.0
2020-02-03 10:00:00,NSE:TIMESGTY,29.6,31.25,29.4,31.25,2702.0
2020-02-03 11:00:00,NSE:TIMESGTY,30.0,30.05,30.0,30.05,20.0
2020-02-03 13:00:00,NSE:TIMESGTY,30.15,30.15,30.15,30.15,2.0
2020-02-03 14:00:00,NSE:TIMESGTY,30.25,30.45,30.25,30.4,632.0
2020-02-03 15:00:00,NSE:TIMESGTY,30.4,30.8,30.15,30.15,214.0
2020-02-04 09:00:00,NSE:TIMESGTY,28.65,30.3,28.65,30.3,570.0
2020-02-04 10:00:00,NSE:TIMESGTY,30.3,31.0,30.3,31.0,2116.0
2020-02-04 11:00:00,NSE:TIMESGTY,30.1,30.1,30.1,30.1,2.0
2020-02-04 13:00:00,NSE:TIMESGTY,30.1,30.1,30.1,30.1,104.0
2020-02-04 14:00:00,NSE:TIMESGTY,29.4,30.9,29.4,30.7,1503.0
2020-02-04 15:00:00,NSE:TIMESGTY,30.1,30.1,29.9,29.9,54.0
2020-02-05 11:00:00,NSE:TIMESGTY,30.05,30.05,30.05,30.05,89.0
2020-02-05 13:00:00,NSE:TIMESGTY,29.7,29.7,29.65,29.7,210.0
2020-02-05 14:00:00,NSE:TIMESGTY,29.75,29.75,29.75,29.75,14.0
2020-02-05 15:00:00,NSE:TIMESGTY,29.65,29.65,29.6,29.6,1264.0
2020-02-06 09:00:00,NSE:TIMESGTY,29.7,29.7,29.7,29.7,50.0
2020-02-06 10:00:00,NSE:TIMESGTY,29.7,29.75,29.7,29.7,650.0
2020-02-06 12:00:00,NSE:TIMESGTY,29.7,30.0,29.7,30.0,100.0
2020-02-06 13:00:00,NSE:TIMESGTY,29.75,29.75,29.75,29.75,50.0
2020-02-06 14:00:00,NSE:TIMESGTY,29.7,29.95,29.7,29.95,266.0
2020-02-06 15:00:00,NSE:TIMESGTY,28.55,30.3,28.55,30.3,767.0
2020-02-07 10:00:00,NSE:TIMESGTY,29.7,30.85,29.65,29.65,402.0
2020-02-07 11:00:00,NSE:TIMESGTY,29.7,29.7,29.7,29.7,2.0
2020-02-07 12:00:00,NSE:TIMESGTY,30.25,30.25,30.25,30.25,201.0
2020-02-07 14:00:00,NSE:TIMESGTY,30.25,30.25,29.65,29.65,399.0
2020-02-07 15:00:00,NSE:TIMESGTY,30.0,30.0,29.3,29.3,787.0
2020-02-10 15:00:00,NSE:TIMESGTY,30.7,30.7,30.7,30.7,26.0
2020-02-11 10:00:00,NSE:TIMESGTY,31.45,31.45,31.45,31.45,500.0
2020-02-11 14:00:00,NSE:TIMESGTY,30.95,30.95,30.95,30.95,650.0
2020-02-11 15:00:00,NSE:TIMESGTY,30.1,30.2,30.0,30.0,676.0
2020-02-12 10:00:00,NSE:TIMESGTY,30.1,30.1,30.1,30.1,50.0
2020-02-12 12:00:00,NSE:TIMESGTY,30.1,30.1,30.1,30.1,60.0
2020-02-12 14:00:00,NSE:TIMESGTY,30.1,30.1,30.1,30.1,8.0
2020-02-12 15:00:00,NSE:TIMESGTY,30.0,30.0,30.0,30.0,50.0
2020-02-14 10:00:00,NSE:TIMESGTY,29.6,29.6,29.6,29.6,55.0
2020-02-14 11:00:00,NSE:TIMESGTY,29.5,29.5,29.5,29.5,50.0
2020-02-14 15:00:00,NSE:TIMESGTY,29.5,30.8,29.5,30.8,60.0
2020-02-17 14:00:00,NSE:TIMESGTY,28.65,28.65,28.65,28.65,418.0
2020-02-18 10:00:00,NSE:TIMESGTY,24.1,31.35,24.1,26.25,903.0
2020-02-18 11:00:00,NSE:TIMESGTY,26.75,26.75,26.75,26.75,3.0
2020-02-18 13:00:00,NSE:TIMESGTY,26.85,26.85,26.85,26.85,1.0
2020-02-18 14:00:00,NSE:TIMESGTY,29.0,29.0,29.0,29.0,113.0
2020-02-19 09:00:00,NSE:TIMESGTY,26.65,26.65,26.65,26.65,10.0
2020-02-19 12:00:00,NSE:TIMESGTY,30.95,30.95,30.95,30.95,150.0
2020-02-19 13:00:00,NSE:TIMESGTY,29.2,29.2,29.2,29.2,32.0
2020-02-19 14:00:00,NSE:TIMESGTY,29.1,29.1,29.1,29.1,100.0
2020-02-19 15:00:00,NSE:TIMESGTY,29.2,30.3,29.15,30.1,6862.0
2020-02-20 12:00:00,NSE:TIMESGTY,30.5,30.5,29.1,29.1,4.0
2020-02-20 15:00:00,NSE:TIMESGTY,29.35,29.35,29.3,29.3,800.0
2020-02-24 09:00:00,NSE:TIMESGTY,27.1,27.1,27.1,27.1,15.0
2020-02-24 12:00:00,NSE:TIMESGTY,27.75,27.75,27.75,27.75,55.0
2020-02-25 11:00:00,NSE:TIMESGTY,28.05,28.05,28.05,28.05,15.0
2020-02-25 14:00:00,NSE:TIMESGTY,28.25,28.25,28.25,28.25,115.0
2020-02-26 09:00:00,NSE:TIMESGTY,27.05,27.05,27.05,27.05,1.0
2020-02-26 13:00:00,NSE:TIMESGTY,27.3,27.3,27.3,27.3,50.0
2020-02-26 14:00:00,NSE:TIMESGTY,27.3,27.4,27.3,27.4,100.0
2020-02-26 15:00:00,NSE:TIMESGTY,27.4,27.4,27.4,27.4,2.0
2020-02-28 10:00:00,NSE:TIMESGTY,26.5,26.5,26.5,26.5,500.0
2020-03-02 09:00:00,NSE:TIMESGTY,30.35,30.35,29.75,29.75,302.0
2020-03-02 10:00:00,NSE:TIMESGTY,29.15,29.15,29.15,29.15,3.0
2020-03-02 12:00:00,NSE:TIMESGTY,28.3,28.3,27.55,28.1,35.0
2020-03-02 15:00:00,NSE:TIMESGTY,28.9,28.9,28.9,28.9,615.0
2020-03-03 09:00:00,NSE:TIMESGTY,25.6,26.25,25.6,26.25,14.0
2020-03-03 10:00:00,NSE:TIMESGTY,28.9,28.9,28.9,28.9,305.0
2020-03-03 11:00:00,NSE:TIMESGTY,28.4,28.4,28.4,28.4,25.0
2020-03-03 15:00:00,NSE:TIMESGTY,26.3,28.2,26.3,28.15,426.0
2020-03-04 10:00:00,NSE:TIMESGTY,28.5,28.5,27.0,27.0,101.0
2020-03-04 14:00:00,NSE:TIMESGTY,27.0,28.25,27.0,28.25,505.0
2020-03-04 15:00:00,NSE:TIMESGTY,28.0,28.0,28.0,28.0,305.0
2020-03-05 09:00:00,NSE:TIMESGTY,26.2,26.2,26.2,26.2,330.0
2020-03-05 12:00:00,NSE:TIMESGTY,27.65,29.7,26.55,26.55,2151.0
2020-03-05 13:00:00,NSE:TIMESGTY,28.7,28.7,27.0,27.0,2000.0
2020-03-05 14:00:00,NSE:TIMESGTY,27.05,27.05,27.05,27.05,500.0
2020-03-05 15:00:00,NSE:TIMESGTY,27.05,27.05,27.05,27.05,26.0
2020-03-06 10:00:00,NSE:TIMESGTY,27.5,27.5,27.5,27.5,300.0
2020-03-06 11:00:00,NSE:TIMESGTY,27.05,27.05,25.5,25.65,819.0
2020-03-06 13:00:00,NSE:TIMESGTY,26.95,26.95,25.65,25.65,48.0
2020-03-06 14:00:00,NSE:TIMESGTY,28.45,28.45,28.45,28.45,500.0
2020-03-06 15:00:00,NSE:TIMESGTY,27.9,27.9,26.0,26.0,670.0
2020-03-09 14:00:00,NSE:TIMESGTY,26.15,26.15,26.15,26.15,12.0
2020-03-11 10:00:00,NSE:TIMESGTY,25.4,25.4,25.4,25.4,422.0
2020-03-11 11:00:00,NSE:TIMESGTY,25.4,25.4,25.05,25.05,99.0
2020-03-11 12:00:00,NSE:TIMESGTY,26.3,26.3,26.0,26.0,221.0
2020-03-11 14:00:00,NSE:TIMESGTY,25.05,25.05,25.05,25.05,388.0
2020-03-11 15:00:00,NSE:TIMESGTY,25.0,25.0,25.0,25.0,100.0
2020-03-13 09:00:00,NSE:TIMESGTY,20.65,20.65,20.65,20.65,515.0
2020-03-13 10:00:00,NSE:TIMESGTY,20.65,20.65,20.0,20.0,500.0
2020-03-13 11:00:00,NSE:TIMESGTY,20.5,21.5,20.2,20.2,120.0
2020-03-13 12:00:00,NSE:TIMESGTY,22.0,23.5,22.0,22.25,1068.0
2020-03-13 15:00:00,NSE:TIMESGTY,22.25,24.0,22.25,24.0,129.0
2020-03-16 09:00:00,NSE:TIMESGTY,24.0,24.0,21.0,21.0,63.0
2020-03-16 10:00:00,NSE:TIMESGTY,20.0,20.05,20.0,20.05,2.0
2020-03-16 11:00:00,NSE:TIMESGTY,20.05,20.05,20.05,20.05,100.0
2020-03-16 12:00:00,NSE:TIMESGTY,20.2,20.2,20.2,20.2,1.0
2020-03-16 13:00:00,NSE:TIMESGTY,20.35,20.35,18.0,18.0,6198.0
2020-03-16 14:00:00,NSE:TIMESGTY,19.85,19.85,19.8,19.8,14.0
2020-03-16 15:00:00,NSE:TIMESGTY,19.45,19.45,19.45,19.45,3.0
2020-03-17 09:00:00,NSE:TIMESGTY,19.55,19.55,19.55,19.55,500.0
2020-03-17 10:00:00,NSE:TIMESGTY,19.55,19.55,19.55,19.55,1.0
2020-03-17 13:00:00,NSE:TIMESGTY,16.55,18.05,16.55,18.05,714.0
2020-03-17 15:00:00,NSE:TIMESGTY,18.05,19.15,18.05,18.8,121.0
2020-03-18 10:00:00,NSE:TIMESGTY,18.2,18.2,18.2,18.2,4.0
2020-03-18 11:00:00,NSE:TIMESGTY,17.9,17.9,17.9,17.9,17.0
2020-03-18 13:00:00,NSE:TIMESGTY,16.65,16.65,16.65,16.65,20.0
2020-03-18 14:00:00,NSE:TIMESGTY,16.65,16.65,16.6,16.6,119.0
2020-03-18 15:00:00,NSE:TIMESGTY,17.5,17.5,17.5,17.5,50.0
2020-03-19 11:00:00,NSE:TIMESGTY,17.45,17.45,17.45,17.45,52.0
2020-03-19 15:00:00,NSE:TIMESGTY,16.5,16.5,16.5,16.5,50.0
2020-03-20 10:00:00,NSE:TIMESGTY,16.0,16.0,15.8,16.0,700.0
2020-03-20 11:00:00,NSE:TIMESGTY,16.0,16.0,16.0,16.0,500.0
2020-03-20 12:00:00,NSE:TIMESGTY,16.0,16.0,16.0,16.0,100.0
2020-03-20 14:00:00,NSE:TIMESGTY,15.8,15.8,15.8,15.8,200.0
2020-03-20 15:00:00,NSE:TIMESGTY,16.5,16.5,16.5,16.5,35.0
2020-03-23 11:00:00,NSE:TIMESGTY,14.85,14.85,14.85,14.85,1000.0
2020-03-23 12:00:00,NSE:TIMESGTY,17.95,17.95,17.75,17.75,506.0
2020-03-23 13:00:00,NSE:TIMESGTY,14.85,14.85,14.85,14.85,50.0
2020-03-23 14:00:00,NSE:TIMESGTY,14.9,14.9,14.9,14.9,5.0
2020-03-23 15:00:00,NSE:TIMESGTY,17.45,17.45,17.45,17.45,50.0
2020-03-24 12:00:00,NSE:TIMESGTY,17.45,17.45,17.45,17.45,1.0
2020-03-24 13:00:00,NSE:TIMESGTY,17.45,17.45,17.45,17.45,1.0
2020-03-25 11:00:00,NSE:TIMESGTY,15.75,18.1,15.75,18.1,50.0
2020-03-26 11:00:00,NSE:TIMESGTY,17.0,19.6,17.0,19.5,4968.0
2020-03-26 12:00:00,NSE:TIMESGTY,19.5,19.5,19.5,19.5,1325.0
2020-03-26 14:00:00,NSE:TIMESGTY,16.3,16.3,16.3,16.3,1500.0
2020-03-30 11:00:00,NSE:TIMESGTY,16.3,16.3,16.3,16.3,1.0
2020-03-30 13:00:00,NSE:TIMESGTY,15.95,15.95,15.95,15.95,25.0
2020-03-30 15:00:00,NSE:TIMESGTY,14.7,14.7,14.7,14.7,1000.0
2020-03-31 10:00:00,NSE:TIMESGTY,16.0,16.0,16.0,16.0,58.0
2020-03-31 11:00:00,NSE:TIMESGTY,16.0,16.0,16.0,16.0,22.0
2020-03-31 13:00:00,NSE:TIMESGTY,16.0,16.0,16.0,16.0,2.0
2020-03-31 14:00:00,NSE:TIMESGTY,16.0,16.0,14.0,14.0,40.0
2020-04-03 10:00:00,NSE:TIMESGTY,13.55,13.55,13.55,13.55,40.0
2020-04-03 11:00:00,NSE:TIMESGTY,14.25,14.25,13.55,13.55,500.0
2020-04-03 12:00:00,NSE:TIMESGTY,14.7,14.7,14.7,14.7,140.0
2020-04-07 11:00:00,NSE:TIMESGTY,14.8,14.8,14.7,14.7,1895.0
2020-04-07 13:00:00,NSE:TIMESGTY,15.4,15.4,15.4,15.4,100.0
2020-04-07 14:00:00,NSE:TIMESGTY,15.4,15.4,15.4,15.4,100.0
2020-04-07 15:00:00,NSE:TIMESGTY,15.4,15.4,15.4,15.4,100.0
2020-04-08 12:00:00,NSE:TIMESGTY,14.9,14.9,14.9,14.9,200.0
2020-04-09 09:00:00,NSE:TIMESGTY,15.5,15.5,15.5,15.5,149.0
2020-04-15 09:00:00,NSE:TIMESGTY,16.25,16.25,16.25,16.25,2.0
2020-04-15 14:00:00,NSE:TIMESGTY,16.25,16.25,14.75,14.75,6055.0
2020-04-15 15:00:00,NSE:TIMESGTY,15.2,15.2,15.2,15.2,50.0
2020-04-16 09:00:00,NSE:TIMESGTY,14.8,14.8,14.8,14.8,170.0
2020-04-16 10:00:00,NSE:TIMESGTY,15.9,15.9,15.05,15.05,501.0
2020-04-16 11:00:00,NSE:TIMESGTY,15.0,15.0,15.0,15.0,1.0
2020-04-16 13:00:00,NSE:TIMESGTY,15.35,15.95,15.35,15.95,1169.0
2020-04-16 14:00:00,NSE:TIMESGTY,15.95,15.95,15.95,15.95,61.0
2020-04-17 09:00:00,NSE:TIMESGTY,16.7,16.7,15.4,15.4,135.0
2020-04-17 10:00:00,NSE:TIMESGTY,16.7,16.7,16.7,16.7,375.0
2020-04-17 14:00:00,NSE:TIMESGTY,16.7,16.7,16.7,16.7,1.0
2020-04-21 09:00:00,NSE:TIMESGTY,16.05,16.05,16.05,16.05,5.0
2020-04-21 15:00:00,NSE:TIMESGTY,17.5,17.5,17.5,17.5,150.0
2020-04-22 10:00:00,NSE:TIMESGTY,18.0,18.0,18.0,18.0,51.0
2020-04-22 11:00:00,NSE:TIMESGTY,18.0,18.0,18.0,18.0,50.0
2020-04-22 14:00:00,NSE:TIMESGTY,18.35,18.35,18.35,18.35,5.0
2020-04-22 15:00:00,NSE:TIMESGTY,18.35,18.35,18.35,18.35,200.0
2020-04-23 09:00:00,NSE:TIMESGTY,18.25,18.25,18.25,18.25,80.0
2020-04-23 10:00:00,NSE:TIMESGTY,18.25,18.25,18.25,18.25,100.0
2020-04-23 14:00:00,NSE:TIMESGTY,19.25,19.25,19.25,19.25,77.0
2020-04-23 15:00:00,NSE:TIMESGTY,19.25,19.25,19.25,19.25,5.0
2020-04-24 09:00:00,NSE:TIMESGTY,19.75,19.75,19.25,19.25,310.0
2020-04-24 12:00:00,NSE:TIMESGTY,19.25,19.25,19.25,19.25,5.0
2020-04-24 13:00:00,NSE:TIMESGTY,19.25,19.25,19.25,19.25,1.0
2020-04-24 14:00:00,NSE:TIMESGTY,18.35,18.35,18.3,18.3,1449.0
2020-04-27 10:00:00,NSE:TIMESGTY,18.3,18.3,17.45,17.45,6.0
2020-04-27 12:00:00,NSE:TIMESGTY,18.3,18.3,18.3,18.3,115.0
2020-04-27 13:00:00,NSE:TIMESGTY,18.0,18.05,18.0,18.05,10.0
2020-04-27 14:00:00,NSE:TIMESGTY,18.05,18.3,18.05,18.3,6.0
2020-04-28 12:00:00,NSE:TIMESGTY,18.3,18.3,18.3,18.3,100.0
2020-04-28 15:00:00,NSE:TIMESGTY,18.25,18.25,18.25,18.25,56.0
2020-04-29 09:00:00,NSE:TIMESGTY,18.25,18.25,18.25,18.25,100.0
2020-04-29 11:00:00,NSE:TIMESGTY,18.55,18.55,18.55,18.55,16.0
2020-04-29 12:00:00,NSE:TIMESGTY,17.35,17.5,17.35,17.5,770.0
2020-04-29 13:00:00,NSE:TIMESGTY,18.45,18.45,18.45,18.45,44.0
2020-04-29 14:00:00,NSE:TIMESGTY,17.55,17.55,17.35,17.35,304.0
2020-04-29 15:00:00,NSE:TIMESGTY,17.35,17.35,17.35,17.35,246.0
2020-04-30 10:00:00,NSE:TIMESGTY,16.6,18.2,16.6,18.2,2005.0
2020-04-30 11:00:00,NSE:TIMESGTY,18.15,18.2,16.9,16.9,1289.0
2020-04-30 12:00:00,NSE:TIMESGTY,17.0,17.0,17.0,17.0,1.0
2020-04-30 13:00:00,NSE:TIMESGTY,18.2,18.2,18.2,18.2,202.0
2020-05-04 09:00:00,NSE:TIMESGTY,17.35,17.35,17.35,17.35,159.0
2020-05-04 15:00:00,NSE:TIMESGTY,18.8,18.8,18.8,18.8,1.0
2020-05-05 09:00:00,NSE:TIMESGTY,19.55,19.6,19.55,19.6,550.0
2020-05-05 10:00:00,NSE:TIMESGTY,19.55,19.55,19.55,19.55,23.0
2020-05-05 11:00:00,NSE:TIMESGTY,18.05,18.05,18.05,18.05,51.0
2020-05-05 15:00:00,NSE:TIMESGTY,19.3,19.3,19.3,19.3,50.0
2020-05-06 09:00:00,NSE:TIMESGTY,18.55,18.55,18.55,18.55,50.0
2020-05-06 10:00:00,NSE:TIMESGTY,19.25,19.25,19.25,19.25,50.0
2020-05-07 10:00:00,NSE:TIMESGTY,18.5,18.5,18.5,18.5,500.0
2020-05-07 11:00:00,NSE:TIMESGTY,19.5,20.2,18.9,18.9,3781.0
2020-05-07 14:00:00,NSE:TIMESGTY,19.55,20.0,19.55,20.0,625.0
2020-05-08 09:00:00,NSE:TIMESGTY,20.0,20.0,20.0,20.0,300.0
2020-05-08 10:00:00,NSE:TIMESGTY,19.25,19.25,19.25,19.25,50.0
2020-05-08 12:00:00,NSE:TIMESGTY,19.25,19.25,19.25,19.25,448.0
2020-05-11 11:00:00,NSE:TIMESGTY,18.55,18.55,18.55,18.55,99.0
2020-05-11 12:00:00,NSE:TIMESGTY,18.55,18.55,18.55,18.55,28.0
2020-05-11 15:00:00,NSE:TIMESGTY,19.8,19.8,19.8,19.8,1.0
2020-05-12 09:00:00,NSE:TIMESGTY,20.45,20.5,20.45,20.5,1000.0
2020-05-12 10:00:00,NSE:TIMESGTY,19.3,19.3,19.3,19.3,150.0
2020-05-12 12:00:00,NSE:TIMESGTY,19.55,19.55,19.55,19.55,739.0
2020-05-12 13:00:00,NSE:TIMESGTY,19.5,19.5,19.5,19.5,30.0
2020-05-12 15:00:00,NSE:TIMESGTY,19.5,19.5,19.5,19.5,210.0
2020-05-13 11:00:00,NSE:TIMESGTY,19.0,19.0,19.0,19.0,1.0
2020-05-13 15:00:00,NSE:TIMESGTY,19.0,19.0,19.0,19.0,18.0
2020-05-14 14:00:00,NSE:TIMESGTY,18.45,18.45,18.45,18.45,4.0
2020-05-14 15:00:00,NSE:TIMESGTY,18.5,18.5,18.5,18.5,4.0
2020-05-15 10:00:00,NSE:TIMESGTY,18.5,18.5,18.5,18.5,100.0
2020-05-15 11:00:00,NSE:TIMESGTY,19.25,19.25,19.25,19.25,3.0
2020-05-15 12:00:00,NSE:TIMESGTY,19.25,19.25,19.25,19.25,150.0
2020-05-15 14:00:00,NSE:TIMESGTY,18.15,19.25,18.15,19.25,1001.0
2020-05-15 15:00:00,NSE:TIMESGTY,19.25,19.25,19.25,19.25,72.0
2020-05-18 09:00:00,NSE:TIMESGTY,18.65,19.5,18.65,19.5,300.0
2020-05-18 10:00:00,NSE:TIMESGTY,18.65,18.65,18.65,18.65,23.0
2020-05-22 09:00:00,NSE:TIMESGTY,18.05,18.05,18.05,18.05,5.0
2020-05-22 11:00:00,NSE:TIMESGTY,19.55,19.55,19.55,19.55,10.0
2020-05-26 10:00:00,NSE:TIMESGTY,20.35,20.35,20.35,20.35,25.0
2020-05-26 11:00:00,NSE:TIMESGTY,18.8,20.1,18.8,20.1,1100.0
2020-05-26 13:00:00,NSE:TIMESGTY,20.0,20.0,20.0,20.0,50.0
2020-05-27 09:00:00,NSE:TIMESGTY,20.0,20.0,20.0,20.0,5.0
2020-05-27 15:00:00,NSE:TIMESGTY,19.2,19.2,19.2,19.2,2.0
2020-05-28 10:00:00,NSE:TIMESGTY,18.8,18.8,18.8,18.8,100.0
2020-05-28 12:00:00,NSE:TIMESGTY,19.95,19.95,19.95,19.95,38.0
2020-05-28 14:00:00,NSE:TIMESGTY,18.8,18.8,18.8,18.8,427.0
2020-05-29 10:00:00,NSE:TIMESGTY,19.45,19.45,19.45,19.45,42.0
2020-05-29 12:00:00,NSE:TIMESGTY,18.6,18.6,18.6,18.6,42.0
2020-05-29 13:00:00,NSE:TIMESGTY,19.45,19.45,18.4,18.4,68.0
2020-05-29 14:00:00,NSE:TIMESGTY,19.4,19.4,19.4,19.4,500.0
2020-06-01 09:00:00,NSE:TIMESGTY,20.35,20.35,18.7,18.7,1214.0
2020-06-01 10:00:00,NSE:TIMESGTY,20.3,20.3,20.3,20.3,3.0
2020-06-01 12:00:00,NSE:TIMESGTY,20.0,20.3,20.0,20.3,100.0
2020-06-01 14:00:00,NSE:TIMESGTY,20.25,20.25,20.25,20.25,103.0
2020-06-01 15:00:00,NSE:TIMESGTY,19.3,20.25,19.3,20.25,1003.0
2020-06-02 10:00:00,NSE:TIMESGTY,19.95,20.25,19.95,20.25,100.0
2020-06-02 11:00:00,NSE:TIMESGTY,20.25,20.25,20.25,20.25,250.0
2020-06-02 13:00:00,NSE:TIMESGTY,19.35,20.25,19.35,20.25,160.0
2020-06-02 14:00:00,NSE:TIMESGTY,19.55,19.55,19.55,19.55,100.0
2020-06-02 15:00:00,NSE:TIMESGTY,20.55,20.55,20.55,20.55,160.0
2020-06-03 12:00:00,NSE:TIMESGTY,20.95,20.95,20.95,20.95,5.0
2020-06-03 15:00:00,NSE:TIMESGTY,21.0,21.0,21.0,21.0,5.0
2020-06-04 11:00:00,NSE:TIMESGTY,21.45,21.45,20.2,20.2,743.0
2020-06-04 15:00:00,NSE:TIMESGTY,20.7,21.35,20.7,21.35,150.0
2020-06-05 09:00:00,NSE:TIMESGTY,19.55,21.35,19.55,21.35,51.0
2020-06-05 12:00:00,NSE:TIMESGTY,21.35,21.35,21.35,21.35,10.0
2020-06-05 13:00:00,NSE:TIMESGTY,20.4,21.4,20.4,21.4,1844.0
2020-06-05 15:00:00,NSE:TIMESGTY,21.5,21.5,21.5,21.5,10.0
2020-06-08 09:00:00,NSE:TIMESGTY,23.55,23.55,23.5,23.5,1250.0
2020-06-08 11:00:00,NSE:TIMESGTY,21.5,21.5,21.0,21.1,2572.0
2020-06-08 12:00:00,NSE:TIMESGTY,21.0,21.5,20.8,21.5,385.0
2020-06-08 14:00:00,NSE:TIMESGTY,21.0,21.0,21.0,21.0,50.0
2020-06-08 15:00:00,NSE:TIMESGTY,21.5,21.5,21.5,21.5,96.0
2020-06-09 10:00:00,NSE:TIMESGTY,21.5,21.5,21.5,21.5,250.0
2020-06-09 11:00:00,NSE:TIMESGTY,22.45,22.45,22.45,22.45,9.0
2020-06-09 15:00:00,NSE:TIMESGTY,20.4,20.4,20.4,20.4,197.0
2020-06-10 09:00:00,NSE:TIMESGTY,22.0,22.0,19.0,19.0,17.0
2020-06-11 11:00:00,NSE:TIMESGTY,19.1,19.1,19.1,19.1,1000.0
2020-06-11 12:00:00,NSE:TIMESGTY,20.9,20.9,20.9,20.9,702.0
2020-06-11 13:00:00,NSE:TIMESGTY,20.9,20.9,20.9,20.9,63.0
2020-06-11 14:00:00,NSE:TIMESGTY,20.9,20.9,20.9,20.9,1285.0
2020-06-12 09:00:00,NSE:TIMESGTY,22.85,22.85,19.5,19.85,265.0
2020-06-12 11:00:00,NSE:TIMESGTY,22.85,22.85,20.2,22.75,333.0
2020-06-12 12:00:00,NSE:TIMESGTY,22.75,22.75,22.75,22.75,64.0
2020-06-12 13:00:00,NSE:TIMESGTY,22.95,22.95,22.75,22.75,1893.0
2020-06-12 15:00:00,NSE:TIMESGTY,22.75,22.75,22.75,22.75,376.0
2020-06-15 09:00:00,NSE:TIMESGTY,24.6,24.6,23.85,23.85,275.0
2020-06-15 10:00:00,NSE:TIMESGTY,21.3,21.3,21.3,21.3,104.0
2020-06-15 11:00:00,NSE:TIMESGTY,21.85,23.2,21.65,21.65,2004.0
2020-06-15 12:00:00,NSE:TIMESGTY,21.6,21.6,21.3,21.3,210.0
2020-06-15 13:00:00,NSE:TIMESGTY,22.8,22.8,22.8,22.8,90.0
2020-06-16 09:00:00,NSE:TIMESGTY,21.0,23.0,21.0,23.0,224.0
2020-06-16 11:00:00,NSE:TIMESGTY,22.7,22.7,22.7,22.7,25.0
2020-06-16 13:00:00,NSE:TIMESGTY,22.5,22.5,21.3,22.0,250.0
2020-06-16 14:00:00,NSE:TIMESGTY,22.0,22.0,22.0,22.0,25.0
2020-06-16 15:00:00,NSE:TIMESGTY,22.0,23.2,21.1,23.2,1330.0
2020-06-17 09:00:00,NSE:TIMESGTY,23.1,23.1,21.1,21.1,300.0
2020-06-17 11:00:00,NSE:TIMESGTY,21.05,21.05,21.05,21.05,50.0
2020-06-17 14:00:00,NSE:TIMESGTY,21.5,22.0,21.5,21.75,225.0
2020-06-17 15:00:00,NSE:TIMESGTY,21.75,21.75,21.75,21.75,50.0
2020-06-18 11:00:00,NSE:TIMESGTY,21.75,22.0,21.75,22.0,177.0
2020-06-18 13:00:00,NSE:TIMESGTY,21.75,21.75,21.75,21.75,100.0
2020-06-18 14:00:00,NSE:TIMESGTY,21.5,21.5,21.5,21.5,75.0
2020-06-18 15:00:00,NSE:TIMESGTY,22.9,22.9,22.9,22.9,101.0
2020-06-19 09:00:00,NSE:TIMESGTY,24.35,24.35,24.3,24.35,202.0
2020-06-19 10:00:00,NSE:TIMESGTY,20.65,23.45,20.65,23.0,1914.0
2020-06-19 11:00:00,NSE:TIMESGTY,20.95,22.8,20.95,22.8,122.0
2020-06-19 12:00:00,NSE:TIMESGTY,22.8,22.8,22.8,22.8,350.0
2020-06-19 15:00:00,NSE:TIMESGTY,21.75,21.75,21.75,21.75,134.0
2020-06-22 10:00:00,NSE:TIMESGTY,21.8,23.75,21.8,23.75,610.0
2020-06-22 11:00:00,NSE:TIMESGTY,23.35,23.35,22.05,22.05,32.0
2020-06-22 12:00:00,NSE:TIMESGTY,22.05,22.05,22.05,22.05,150.0
2020-06-22 15:00:00,NSE:TIMESGTY,23.15,23.15,23.15,23.15,11.0
2020-06-23 09:00:00,NSE:TIMESGTY,22.7,22.7,22.7,22.7,5.0
2020-06-23 10:00:00,NSE:TIMESGTY,23.05,23.05,23.05,23.05,200.0
2020-06-23 12:00:00,NSE:TIMESGTY,23.05,23.05,23.05,23.05,200.0
2020-06-24 10:00:00,NSE:TIMESGTY,24.45,25.0,22.2,23.05,1026.0
2020-06-24 11:00:00,NSE:TIMESGTY,23.2,23.2,23.2,23.2,50.0
2020-06-24 12:00:00,NSE:TIMESGTY,23.3,23.3,23.3,23.3,50.0
2020-06-24 13:00:00,NSE:TIMESGTY,25.1,25.1,23.15,23.15,101.0
2020-06-24 14:00:00,NSE:TIMESGTY,23.5,25.05,23.5,24.95,206.0
2020-06-24 15:00:00,NSE:TIMESGTY,23.6,23.6,23.6,23.6,50.0
2020-06-25 11:00:00,NSE:TIMESGTY,24.6,24.6,23.2,24.6,3.0
2020-06-25 12:00:00,NSE:TIMESGTY,24.5,24.5,23.4,23.4,19.0
2020-06-25 14:00:00,NSE:TIMESGTY,23.5,23.5,23.5,23.5,1.0
2020-06-25 15:00:00,NSE:TIMESGTY,24.5,24.5,24.5,24.5,3.0
2020-06-26 09:00:00,NSE:TIMESGTY,23.35,23.35,23.35,23.35,10.0
2020-06-26 10:00:00,NSE:TIMESGTY,24.5,24.5,24.5,24.5,100.0
2020-06-26 11:00:00,NSE:TIMESGTY,24.5,26.45,24.05,26.45,1277.0
2020-06-26 12:00:00,NSE:TIMESGTY,26.45,26.45,24.25,24.25,1056.0
2020-06-26 13:00:00,NSE:TIMESGTY,23.3,25.0,23.2,23.2,4494.0
2020-06-26 15:00:00,NSE:TIMESGTY,24.5,25.8,24.0,24.0,1300.0
2020-06-29 10:00:00,NSE:TIMESGTY,24.7,24.7,24.7,24.7,1.0
2020-06-29 11:00:00,NSE:TIMESGTY,23.25,23.25,23.25,23.25,300.0
2020-06-29 13:00:00,NSE:TIMESGTY,24.75,24.75,23.3,23.3,2.0
2020-06-29 15:00:00,NSE:TIMESGTY,23.6,23.6,23.6,23.6,1.0
2020-06-30 09:00:00,NSE:TIMESGTY,23.0,23.0,23.0,23.0,1.0
2020-06-30 11:00:00,NSE:TIMESGTY,25.0,25.3,24.4,25.3,113.0
2020-06-30 12:00:00,NSE:TIMESGTY,25.25,25.25,25.25,25.25,100.0
2020-06-30 13:00:00,NSE:TIMESGTY,24.05,24.05,24.05,24.05,100.0
2020-06-30 14:00:00,NSE:TIMESGTY,24.05,24.05,23.75,23.75,129.0
2020-06-30 15:00:00,NSE:TIMESGTY,24.4,24.4,23.5,23.7,227.0
2020-07-01 10:00:00,NSE:TIMESGTY,24.1,24.1,24.1,24.1,150.0
2020-07-01 11:00:00,NSE:TIMESGTY,24.9,24.9,24.15,24.15,1140.0
2020-07-01 12:00:00,NSE:TIMESGTY,24.9,24.9,24.9,24.9,247.0
2020-07-01 13:00:00,NSE:TIMESGTY,23.4,23.4,23.4,23.4,2200.0
2020-07-01 14:00:00,NSE:TIMESGTY,23.75,24.4,23.75,24.4,1425.0
2020-07-01 15:00:00,NSE:TIMESGTY,24.0,24.0,23.4,23.4,428.0
2020-07-02 09:00:00,NSE:TIMESGTY,22.65,22.65,22.65,22.65,50.0
2020-07-02 10:00:00,NSE:TIMESGTY,23.05,24.8,23.05,24.8,450.0
2020-07-02 11:00:00,NSE:TIMESGTY,23.05,23.05,23.05,23.05,100.0
2020-07-02 15:00:00,NSE:TIMESGTY,23.15,24.05,23.15,24.0,1250.0
2020-07-03 09:00:00,NSE:TIMESGTY,23.0,24.45,23.0,24.45,55.0
2020-07-03 10:00:00,NSE:TIMESGTY,24.45,24.45,23.05,23.05,350.0
2020-07-03 13:00:00,NSE:TIMESGTY,23.65,23.65,23.2,23.2,4.0
2020-07-03 14:00:00,NSE:TIMESGTY,23.6,23.6,23.6,23.6,3.0
2020-07-03 15:00:00,NSE:TIMESGTY,23.2,23.2,23.0,23.0,854.0
2020-07-06 11:00:00,NSE:TIMESGTY,23.05,23.05,22.9,22.9,290.0
2020-07-06 13:00:00,NSE:TIMESGTY,22.9,23.0,22.9,23.0,146.0
2020-07-06 14:00:00,NSE:TIMESGTY,23.8,23.8,23.5,23.5,29.0
2020-07-06 15:00:00,NSE:TIMESGTY,23.5,23.5,22.9,22.9,96.0
2020-07-08 13:00:00,NSE:TIMESGTY,22.7,22.7,22.7,22.7,1.0
2020-07-08 14:00:00,NSE:TIMESGTY,22.15,22.15,22.15,22.15,1.0
2020-07-08 15:00:00,NSE:TIMESGTY,23.5,23.5,23.5,23.5,20.0
2020-07-09 12:00:00,NSE:TIMESGTY,23.45,23.45,23.45,23.45,300.0
2020-07-09 13:00:00,NSE:TIMESGTY,23.45,23.45,22.6,22.6,200.0
2020-07-09 14:00:00,NSE:TIMESGTY,23.45,25.8,21.65,23.4,6012.0
2020-07-09 15:00:00,NSE:TIMESGTY,23.25,23.65,23.25,23.65,1058.0
2020-07-10 09:00:00,NSE:TIMESGTY,24.7,24.7,23.4,23.5,765.0
2020-07-10 10:00:00,NSE:TIMESGTY,23.5,23.5,23.5,23.5,200.0
2020-07-10 12:00:00,NSE:TIMESGTY,22.05,24.45,22.05,23.0,602.0
2020-07-10 14:00:00,NSE:TIMESGTY,23.0,23.0,23.0,23.0,90.0
2020-07-10 15:00:00,NSE:TIMESGTY,22.5,24.1,22.5,23.55,1026.0
2020-07-13 09:00:00,NSE:TIMESGTY,23.15,23.15,23.15,23.15,100.0
2020-07-13 11:00:00,NSE:TIMESGTY,23.0,23.0,23.0,23.0,582.0
2020-07-13 12:00:00,NSE:TIMESGTY,23.0,23.0,23.0,23.0,383.0
2020-07-13 15:00:00,NSE:TIMESGTY,22.55,22.55,22.55,22.55,63.0
2020-07-14 10:00:00,NSE:TIMESGTY,22.5,22.5,20.8,21.5,2476.0
2020-07-14 11:00:00,NSE:TIMESGTY,21.5,22.3,21.05,22.3,754.0
2020-07-14 12:00:00,NSE:TIMESGTY,22.3,22.3,22.3,22.3,50.0
2020-07-14 14:00:00,NSE:TIMESGTY,22.3,22.3,22.3,22.3,50.0
2020-07-14 15:00:00,NSE:TIMESGTY,22.3,22.9,22.3,22.75,974.0
2020-07-16 14:00:00,NSE:TIMESGTY,21.15,21.15,21.15,21.15,50.0
2020-07-16 15:00:00,NSE:TIMESGTY,22.95,22.95,22.95,22.95,10.0
2020-07-17 09:00:00,NSE:TIMESGTY,21.3,21.3,21.3,21.3,100.0
2020-07-17 10:00:00,NSE:TIMESGTY,21.75,21.8,21.75,21.75,150.0
2020-07-17 14:00:00,NSE:TIMESGTY,21.8,21.8,21.8,21.8,25.0
2020-07-17 15:00:00,NSE:TIMESGTY,21.75,21.75,21.75,21.75,250.0
2020-07-20 09:00:00,NSE:TIMESGTY,22.7,23.45,22.5,23.0,1487.0
2020-07-20 10:00:00,NSE:TIMESGTY,21.65,22.95,21.65,22.0,2879.0
2020-07-20 11:00:00,NSE:TIMESGTY,22.65,22.65,22.5,22.5,568.0
2020-07-20 12:00:00,NSE:TIMESGTY,22.0,22.4,22.0,22.4,650.0
2020-07-20 13:00:00,NSE:TIMESGTY,22.3,22.5,22.3,22.5,231.0
2020-07-20 14:00:00,NSE:TIMESGTY,22.5,22.5,22.0,22.5,259.0
2020-07-20 15:00:00,NSE:TIMESGTY,22.5,23.35,22.05,22.8,1324.0
2020-07-21 09:00:00,NSE:TIMESGTY,22.7,23.35,22.7,22.95,325.0
2020-07-21 10:00:00,NSE:TIMESGTY,22.95,22.95,22.5,22.9,468.0
2020-07-21 11:00:00,NSE:TIMESGTY,22.9,22.9,22.9,22.9,37.0
2020-07-21 12:00:00,NSE:TIMESGTY,22.9,22.9,22.9,22.9,92.0
2020-07-21 13:00:00,NSE:TIMESGTY,22.9,22.9,22.35,22.5,979.0
2020-07-21 14:00:00,NSE:TIMESGTY,22.25,22.65,22.25,22.65,345.0
2020-07-21 15:00:00,NSE:TIMESGTY,23.15,23.15,23.1,23.1,415.0
2020-07-22 09:00:00,NSE:TIMESGTY,23.5,24.8,22.55,22.6,1130.0
2020-07-22 10:00:00,NSE:TIMESGTY,24.45,24.45,22.6,22.65,365.0
2020-07-22 11:00:00,NSE:TIMESGTY,23.95,23.95,23.8,23.8,137.0
2020-07-22 12:00:00,NSE:TIMESGTY,23.5,23.5,23.5,23.5,12.0
2020-07-22 13:00:00,NSE:TIMESGTY,24.15,24.15,23.5,23.6,152.0
2020-07-22 14:00:00,NSE:TIMESGTY,23.5,23.5,22.9,22.9,796.0
2020-07-22 15:00:00,NSE:TIMESGTY,23.4,23.4,22.9,23.15,219.0
2020-07-23 09:00:00,NSE:TIMESGTY,25.35,25.35,22.3,22.45,1182.0
2020-07-23 10:00:00,NSE:TIMESGTY,22.55,22.55,22.55,22.55,29.0
2020-07-23 11:00:00,NSE:TIMESGTY,23.0,23.45,22.65,22.65,252.0
2020-07-23 12:00:00,NSE:TIMESGTY,23.4,23.4,23.3,23.3,137.0
2020-07-23 13:00:00,NSE:TIMESGTY,23.4,23.5,22.55,22.55,978.0
2020-07-23 14:00:00,NSE:TIMESGTY,22.55,23.25,22.55,23.2,451.0
2020-07-23 15:00:00,NSE:TIMESGTY,23.0,23.0,23.0,23.0,142.0
2020-07-24 09:00:00,NSE:TIMESGTY,22.5,22.5,22.5,22.5,10.0
2020-07-24 10:00:00,NSE:TIMESGTY,22.55,22.55,22.55,22.55,306.0
2020-07-24 11:00:00,NSE:TIMESGTY,24.55,24.7,23.65,24.3,2709.0
2020-07-24 12:00:00,NSE:TIMESGTY,22.55,23.75,22.55,23.75,2523.0
2020-07-24 13:00:00,NSE:TIMESGTY,23.3,23.3,23.3,23.3,204.0
2020-07-24 14:00:00,NSE:TIMESGTY,23.25,23.25,23.1,23.1,52.0
2020-07-24 15:00:00,NSE:TIMESGTY,22.95,23.5,22.6,23.5,617.0
2020-07-27 09:00:00,NSE:TIMESGTY,23.0,23.65,23.0,23.5,97.0
2020-07-27 10:00:00,NSE:TIMESGTY,23.55,23.55,22.05,22.05,2822.0
2020-07-27 11:00:00,NSE:TIMESGTY,22.95,22.95,22.15,22.8,102.0
2020-07-27 12:00:00,NSE:TIMESGTY,22.05,22.15,22.0,22.0,873.0
2020-07-27 13:00:00,NSE:TIMESGTY,22.0,22.0,22.0,22.0,598.0
2020-07-27 15:00:00,NSE:TIMESGTY,22.45,22.45,21.7,21.7,282.0
2020-07-28 11:00:00,NSE:TIMESGTY,21.8,22.5,21.55,22.5,293.0
2020-07-28 12:00:00,NSE:TIMESGTY,21.7,22.35,21.7,22.35,1400.0
2020-07-28 13:00:00,NSE:TIMESGTY,21.7,21.7,21.7,21.7,1100.0
2020-07-28 14:00:00,NSE:TIMESGTY,22.45,22.45,22.4,22.4,1200.0
2020-07-28 15:00:00,NSE:TIMESGTY,22.3,22.3,22.3,22.3,52.0
2020-07-29 09:00:00,NSE:TIMESGTY,22.0,22.0,21.4,21.4,142.0
2020-07-29 10:00:00,NSE:TIMESGTY,24.45,24.45,21.55,21.55,550.0
2020-07-29 11:00:00,NSE:TIMESGTY,23.4,23.4,21.8,21.8,127.0
2020-07-29 12:00:00,NSE:TIMESGTY,21.8,21.8,21.8,21.8,74.0
2020-07-29 13:00:00,NSE:TIMESGTY,23.2,23.2,21.85,21.85,90.0
2020-07-29 14:00:00,NSE:TIMESGTY,22.05,23.35,22.05,23.1,1797.0
2020-07-29 15:00:00,NSE:TIMESGTY,21.6,23.2,21.4,21.4,1402.0
2020-07-30 09:00:00,NSE:TIMESGTY,21.15,21.25,21.15,21.25,160.0
2020-07-30 10:00:00,NSE:TIMESGTY,21.3,22.0,21.3,21.8,461.0
2020-07-30 11:00:00,NSE:TIMESGTY,21.95,22.0,21.95,22.0,92.0
2020-07-30 13:00:00,NSE:TIMESGTY,22.0,22.0,22.0,22.0,25.0
2020-07-30 14:00:00,NSE:TIMESGTY,22.0,22.0,22.0,22.0,318.0
2020-07-30 15:00:00,NSE:TIMESGTY,22.1,22.3,22.1,22.3,100.0
2020-07-31 09:00:00,NSE:TIMESGTY,21.65,21.65,21.65,21.65,40.0
2020-07-31 11:00:00,NSE:TIMESGTY,21.65,21.65,20.25,20.25,2000.0
2020-07-31 12:00:00,NSE:TIMESGTY,20.55,21.75,20.55,21.75,1795.0
2020-07-31 14:00:00,NSE:TIMESGTY,21.5,21.7,21.5,21.7,36.0
2020-07-31 15:00:00,NSE:TIMESGTY,21.0,21.45,20.5,20.5,965.0
2020-08-03 09:00:00,NSE:TIMESGTY,19.2,21.4,19.2,21.4,980.0
2020-08-03 10:00:00,NSE:TIMESGTY,20.95,20.95,20.95,20.95,30.0
2020-08-03 12:00:00,NSE:TIMESGTY,20.5,20.5,20.5,20.5,100.0
2020-08-03 13:00:00,NSE:TIMESGTY,20.05,20.05,20.05,20.05,10.0
2020-08-03 14:00:00,NSE:TIMESGTY,21.0,21.0,20.1,20.9,2460.0
2020-08-03 15:00:00,NSE:TIMESGTY,20.2,20.2,20.2,20.2,8.0
2020-08-04 09:00:00,NSE:TIMESGTY,20.2,21.1,20.2,21.1,377.0
2020-08-04 10:00:00,NSE:TIMESGTY,20.05,20.05,20.05,20.05,150.0
2020-08-04 11:00:00,NSE:TIMESGTY,21.0,21.0,21.0,21.0,305.0
2020-08-04 12:00:00,NSE:TIMESGTY,20.3,21.45,20.3,21.45,3199.0
2020-08-04 13:00:00,NSE:TIMESGTY,21.95,22.2,21.95,22.2,8764.0
2020-08-04 14:00:00,NSE:TIMESGTY,22.2,22.2,22.2,22.2,116.0
2020-08-04 15:00:00,NSE:TIMESGTY,22.2,22.2,22.2,22.2,50.0
2020-08-05 09:00:00,NSE:TIMESGTY,24.4,24.4,23.05,24.4,3115.0
2020-08-05 10:00:00,NSE:TIMESGTY,24.4,24.4,24.4,24.4,7870.0
2020-08-05 11:00:00,NSE:TIMESGTY,24.4,24.4,24.4,24.4,60.0
2020-08-05 12:00:00,NSE:TIMESGTY,24.4,24.4,24.4,24.4,525.0
2020-08-05 14:00:00,NSE:TIMESGTY,24.4,24.4,24.4,24.4,348.0
2020-08-06 09:00:00,NSE:TIMESGTY,26.8,26.8,26.8,26.8,13165.0
2020-08-06 10:00:00,NSE:TIMESGTY,26.8,26.8,26.8,26.8,700.0
2020-08-06 11:00:00,NSE:TIMESGTY,26.8,26.8,26.8,26.8,5.0
2020-08-06 12:00:00,NSE:TIMESGTY,26.8,26.8,26.8,26.8,5.0
2020-08-06 14:00:00,NSE:TIMESGTY,26.8,26.8,26.8,26.8,50.0
2020-08-06 15:00:00,NSE:TIMESGTY,26.8,26.8,26.8,26.8,43.0
2020-08-07 09:00:00,NSE:TIMESGTY,28.1,28.1,28.0,28.1,4154.0
2020-08-07 10:00:00,NSE:TIMESGTY,28.1,28.1,28.1,28.1,103.0
2020-08-07 11:00:00,NSE:TIMESGTY,28.1,28.1,28.1,28.1,157.0
2020-08-07 12:00:00,NSE:TIMESGTY,28.1,28.1,28.1,28.1,1.0
2020-08-07 14:00:00,NSE:TIMESGTY,28.1,28.1,28.1,28.1,12.0
2020-08-07 15:00:00,NSE:TIMESGTY,28.1,28.1,28.0,28.0,3523.0
2020-08-10 09:00:00,NSE:TIMESGTY,27.95,27.95,26.65,26.65,3119.0
2020-08-10 10:00:00,NSE:TIMESGTY,26.65,27.75,26.65,26.7,5477.0
2020-08-10 11:00:00,NSE:TIMESGTY,27.55,27.55,26.65,26.65,135.0
2020-08-10 12:00:00,NSE:TIMESGTY,27.55,27.55,26.7,26.7,1199.0
2020-08-10 13:00:00,NSE:TIMESGTY,26.75,26.75,26.65,26.65,421.0
2020-08-10 14:00:00,NSE:TIMESGTY,26.65,26.65,26.65,26.65,100.0
2020-08-10 15:00:00,NSE:TIMESGTY,26.65,26.65,26.65,26.65,92.0
2020-08-11 09:00:00,NSE:TIMESGTY,25.45,25.45,25.45,25.45,132.0
2020-08-11 10:00:00,NSE:TIMESGTY,25.4,25.85,25.4,25.85,73.0
2020-08-11 11:00:00,NSE:TIMESGTY,25.75,25.75,25.4,25.4,360.0
2020-08-11 12:00:00,NSE:TIMESGTY,25.75,25.75,25.7,25.7,40.0
2020-08-11 13:00:00,NSE:TIMESGTY,25.4,25.4,25.4,25.4,9.0
2020-08-11 14:00:00,NSE:TIMESGTY,25.4,26.0,25.4,26.0,1301.0
2020-08-12 09:00:00,NSE:TIMESGTY,24.85,24.85,24.85,24.85,79.0
2020-08-12 10:00:00,NSE:TIMESGTY,24.85,26.85,24.85,26.85,260.0
2020-08-12 11:00:00,NSE:TIMESGTY,24.95,25.1,24.95,25.1,255.0
2020-08-12 13:00:00,NSE:TIMESGTY,24.9,24.9,24.9,24.9,25.0
2020-08-12 14:00:00,NSE:TIMESGTY,24.8,25.0,24.8,25.0,786.0
2020-08-12 15:00:00,NSE:TIMESGTY,24.75,25.95,24.75,25.95,648.0
2020-08-13 10:00:00,NSE:TIMESGTY,24.3,24.3,24.3,24.3,25.0
2020-08-13 15:00:00,NSE:TIMESGTY,26.3,26.4,26.3,26.4,983.0
2020-08-14 09:00:00,NSE:TIMESGTY,27.45,27.5,26.25,27.0,2167.0
2020-08-14 10:00:00,NSE:TIMESGTY,26.4,26.4,26.4,26.4,6.0
2020-08-14 11:00:00,NSE:TIMESGTY,26.45,26.45,26.45,26.45,115.0
2020-08-14 12:00:00,NSE:TIMESGTY,26.25,26.25,26.25,26.25,50.0
2020-08-14 13:00:00,NSE:TIMESGTY,26.3,26.3,26.3,26.3,30.0
2020-08-14 14:00:00,NSE:TIMESGTY,26.3,26.3,25.5,25.5,727.0
2020-08-14 15:00:00,NSE:TIMESGTY,25.5,26.3,25.5,26.3,28.0
2020-08-17 09:00:00,NSE:TIMESGTY,26.1,26.1,26.1,26.1,3.0
2020-08-17 10:00:00,NSE:TIMESGTY,25.05,25.3,25.05,25.3,5850.0
2020-08-17 13:00:00,NSE:TIMESGTY,25.4,25.4,25.4,25.4,10.0
2020-08-17 14:00:00,NSE:TIMESGTY,25.4,25.4,25.05,25.15,979.0
2020-08-17 15:00:00,NSE:TIMESGTY,26.15,26.15,25.05,25.05,849.0
2020-08-18 10:00:00,NSE:TIMESGTY,25.2,27.0,25.2,25.2,276.0
2020-08-18 11:00:00,NSE:TIMESGTY,26.45,26.45,24.7,24.7,200.0
2020-08-18 12:00:00,NSE:TIMESGTY,26.85,26.85,25.2,25.25,973.0
2020-08-18 13:00:00,NSE:TIMESGTY,25.3,25.3,25.15,25.15,50.0
2020-08-18 14:00:00,NSE:TIMESGTY,25.45,26.7,25.45,26.3,1881.0
2020-08-18 15:00:00,NSE:TIMESGTY,26.5,26.75,26.5,26.75,200.0
2020-08-19 09:00:00,NSE:TIMESGTY,27.8,27.8,26.05,27.65,994.0
2020-08-19 10:00:00,NSE:TIMESGTY,26.25,27.6,26.25,27.6,350.0
2020-08-19 11:00:00,NSE:TIMESGTY,26.35,26.35,26.0,26.0,830.0
2020-08-19 12:00:00,NSE:TIMESGTY,26.85,26.85,26.0,26.0,301.0
2020-08-19 13:00:00,NSE:TIMESGTY,26.0,26.0,25.9,25.9,263.0
2020-08-19 14:00:00,NSE:TIMESGTY,25.9,26.6,25.9,25.95,552.0
2020-08-19 15:00:00,NSE:TIMESGTY,25.9,26.85,25.8,25.8,840.0
2020-08-20 09:00:00,NSE:TIMESGTY,25.8,27.3,25.8,26.65,347.0
2020-08-20 10:00:00,NSE:TIMESGTY,26.5,26.5,26.5,26.5,10.0
2020-08-20 11:00:00,NSE:TIMESGTY,26.4,26.5,26.35,26.5,400.0
2020-08-20 12:00:00,NSE:TIMESGTY,25.8,25.8,25.8,25.8,69.0
2020-08-20 13:00:00,NSE:TIMESGTY,25.35,26.5,24.9,26.5,873.0
2020-08-20 14:00:00,NSE:TIMESGTY,25.8,25.85,25.8,25.85,60.0
2020-08-20 15:00:00,NSE:TIMESGTY,25.85,26.4,25.0,25.0,901.0
2020-08-21 09:00:00,NSE:TIMESGTY,26.3,26.3,26.0,26.0,200.0
2020-08-21 10:00:00,NSE:TIMESGTY,26.0,26.0,26.0,26.0,500.0
2020-08-21 11:00:00,NSE:TIMESGTY,25.25,25.95,25.25,25.3,400.0
2020-08-21 12:00:00,NSE:TIMESGTY,25.4,25.4,25.3,25.3,2220.0
2020-08-21 13:00:00,NSE:TIMESGTY,25.3,25.85,24.1,24.1,1803.0
2020-08-21 14:00:00,NSE:TIMESGTY,24.5,24.5,24.5,24.5,100.0
2020-08-21 15:00:00,NSE:TIMESGTY,24.7,25.8,24.5,24.5,393.0
2020-08-24 09:00:00,NSE:TIMESGTY,24.5,24.5,24.5,24.5,450.0
2020-08-24 10:00:00,NSE:TIMESGTY,25.0,25.0,25.0,25.0,504.0
2020-08-24 11:00:00,NSE:TIMESGTY,24.5,24.5,24.5,24.5,638.0
2020-08-24 12:00:00,NSE:TIMESGTY,25.7,25.7,25.7,25.7,40.0
2020-08-24 13:00:00,NSE:TIMESGTY,24.65,24.65,24.65,24.65,43.0
2020-08-24 14:00:00,NSE:TIMESGTY,25.6,25.6,24.5,24.5,1100.0
2020-08-24 15:00:00,NSE:TIMESGTY,24.95,25.0,24.5,25.0,449.0
2020-08-25 09:00:00,NSE:TIMESGTY,24.75,24.8,24.05,24.05,282.0
2020-08-25 10:00:00,NSE:TIMESGTY,24.35,24.35,24.35,24.35,350.0
2020-08-25 13:00:00,NSE:TIMESGTY,25.65,25.8,24.65,24.65,3349.0
2020-08-25 14:00:00,NSE:TIMESGTY,24.65,24.65,24.65,24.65,300.0
2020-08-25 15:00:00,NSE:TIMESGTY,24.75,25.35,24.65,24.65,2300.0
2020-08-26 09:00:00,NSE:TIMESGTY,24.65,24.65,24.25,24.25,225.0
2020-08-26 10:00:00,NSE:TIMESGTY,25.7,25.7,25.7,25.7,225.0
2020-08-26 11:00:00,NSE:TIMESGTY,25.7,26.0,24.8,24.8,1600.0
2020-08-26 12:00:00,NSE:TIMESGTY,25.9,25.9,25.0,25.1,171.0
2020-08-26 14:00:00,NSE:TIMESGTY,25.5,25.5,25.5,25.5,55.0
2020-08-26 15:00:00,NSE:TIMESGTY,25.5,25.95,25.5,25.95,462.0
2020-08-27 09:00:00,NSE:TIMESGTY,27.0,27.0,25.4,26.4,650.0
2020-08-27 10:00:00,NSE:TIMESGTY,26.4,26.5,25.5,25.5,780.0
2020-08-27 11:00:00,NSE:TIMESGTY,25.45,26.85,25.45,26.65,900.0
2020-08-27 13:00:00,NSE:TIMESGTY,26.45,26.85,25.5,26.85,1530.0
2020-08-27 14:00:00,NSE:TIMESGTY,26.05,26.05,26.05,26.05,373.0
2020-08-27 15:00:00,NSE:TIMESGTY,26.05,26.9,26.05,26.9,353.0
2020-08-28 09:00:00,NSE:TIMESGTY,25.5,25.5,25.5,25.5,808.0
2020-08-28 10:00:00,NSE:TIMESGTY,26.85,26.85,26.8,26.8,102.0
2020-08-28 11:00:00,NSE:TIMESGTY,26.8,26.8,26.1,26.1,470.0
2020-08-28 12:00:00,NSE:TIMESGTY,26.0,26.0,26.0,26.0,255.0
2020-08-28 13:00:00,NSE:TIMESGTY,25.7,26.2,25.7,26.15,125.0
2020-08-28 14:00:00,NSE:TIMESGTY,26.15,26.15,25.7,25.7,3.0
2020-08-28 15:00:00,NSE:TIMESGTY,25.7,25.7,25.35,25.35,351.0
2020-08-31 10:00:00,NSE:TIMESGTY,25.5,25.5,25.5,25.5,42.0
2020-08-31 11:00:00,NSE:TIMESGTY,25.5,25.5,25.35,25.35,459.0
2020-08-31 12:00:00,NSE:TIMESGTY,24.55,24.6,24.55,24.6,195.0
2020-08-31 13:00:00,NSE:TIMESGTY,24.6,24.6,24.6,24.6,1.0
2020-08-31 15:00:00,NSE:TIMESGTY,24.25,24.25,24.25,24.25,179.0
2020-09-01 09:00:00,NSE:TIMESGTY,24.35,24.35,23.5,23.5,286.0
2020-09-01 10:00:00,NSE:TIMESGTY,25.4,25.4,25.4,25.4,100.0
2020-09-01 12:00:00,NSE:TIMESGTY,23.7,23.7,23.7,23.7,200.0
2020-09-01 13:00:00,NSE:TIMESGTY,25.35,25.35,25.35,25.35,100.0
2020-09-01 14:00:00,NSE:TIMESGTY,25.1,25.25,23.95,25.25,200.0
2020-09-02 10:00:00,NSE:TIMESGTY,24.0,24.0,24.0,24.0,35.0
2020-09-02 13:00:00,NSE:TIMESGTY,24.1,24.1,24.1,24.1,98.0
2020-09-02 15:00:00,NSE:TIMESGTY,26.35,26.35,26.35,26.35,30.0
2020-09-03 09:00:00,NSE:TIMESGTY,26.55,26.55,26.55,26.55,100.0
2020-09-03 10:00:00,NSE:TIMESGTY,24.9,26.0,24.9,26.0,62.0
2020-09-03 13:00:00,NSE:TIMESGTY,24.95,24.95,24.95,24.95,8.0
2020-09-03 14:00:00,NSE:TIMESGTY,26.05,26.55,25.25,25.3,3734.0
2020-09-03 15:00:00,NSE:TIMESGTY,25.2,25.2,25.2,25.2,107.0
2020-09-04 09:00:00,NSE:TIMESGTY,26.0,26.5,26.0,26.5,500.0
2020-09-04 10:00:00,NSE:TIMESGTY,26.4,26.4,26.4,26.4,1.0
2020-09-04 11:00:00,NSE:TIMESGTY,25.0,25.0,25.0,25.0,1043.0
2020-09-04 12:00:00,NSE:TIMESGTY,25.0,25.95,25.0,25.1,1153.0
2020-09-04 14:00:00,NSE:TIMESGTY,25.1,25.1,24.5,24.5,620.0
2020-09-04 15:00:00,NSE:TIMESGTY,25.1,25.1,24.0,24.0,3090.0
2020-09-07 09:00:00,NSE:TIMESGTY,25.25,25.25,23.25,25.1,268.0
2020-09-07 10:00:00,NSE:TIMESGTY,23.35,24.8,23.35,24.8,612.0
2020-09-07 11:00:00,NSE:TIMESGTY,24.75,25.0,23.7,25.0,854.0
2020-09-07 14:00:00,NSE:TIMESGTY,24.1,24.1,23.8,23.8,200.0
2020-09-07 15:00:00,NSE:TIMESGTY,25.3,25.45,24.0,24.0,1192.0
2020-09-08 10:00:00,NSE:TIMESGTY,24.1,24.1,24.1,24.1,949.0
2020-09-08 11:00:00,NSE:TIMESGTY,24.8,24.8,24.8,24.8,1.0
2020-09-08 14:00:00,NSE:TIMESGTY,24.8,24.8,24.05,24.05,110.0
2020-09-08 15:00:00,NSE:TIMESGTY,24.0,24.0,23.85,23.85,680.0
2020-09-09 09:00:00,NSE:TIMESGTY,22.75,22.75,22.75,22.75,153.0
2020-09-09 10:00:00,NSE:TIMESGTY,22.75,22.8,22.75,22.8,265.0
2020-09-09 11:00:00,NSE:TIMESGTY,24.0,24.0,23.45,23.5,890.0
2020-09-09 12:00:00,NSE:TIMESGTY,22.85,22.85,22.85,22.85,42.0
2020-09-10 09:00:00,NSE:TIMESGTY,23.9,23.9,23.9,23.9,375.0
2020-09-10 10:00:00,NSE:TIMESGTY,23.5,23.9,23.5,23.9,25.0
2020-09-10 11:00:00,NSE:TIMESGTY,23.1,23.85,23.1,23.85,60.0
2020-09-10 12:00:00,NSE:TIMESGTY,23.1,23.1,23.1,23.1,7.0
2020-09-10 13:00:00,NSE:TIMESGTY,23.25,23.35,23.25,23.35,92.0
2020-09-10 15:00:00,NSE:TIMESGTY,23.85,23.9,23.85,23.9,228.0
2020-09-11 09:00:00,NSE:TIMESGTY,23.05,23.05,23.05,23.05,53.0
2020-09-11 10:00:00,NSE:TIMESGTY,23.15,23.15,23.15,23.15,210.0
2020-09-11 12:00:00,NSE:TIMESGTY,25.05,25.05,25.05,25.05,500.0
2020-09-11 13:00:00,NSE:TIMESGTY,24.5,24.5,24.5,24.5,70.0
2020-09-11 14:00:00,NSE:TIMESGTY,24.5,24.5,24.5,24.5,55.0
2020-09-14 09:00:00,NSE:TIMESGTY,25.7,25.7,25.7,25.7,326.0
2020-09-14 10:00:00,NSE:TIMESGTY,23.8,25.4,23.7,24.9,1644.0
2020-09-14 11:00:00,NSE:TIMESGTY,24.05,25.35,24.05,25.35,75.0
2020-09-14 12:00:00,NSE:TIMESGTY,25.0,25.4,25.0,25.35,240.0
2020-09-14 15:00:00,NSE:TIMESGTY,24.05,24.05,24.05,24.05,34.0
2020-09-15 09:00:00,NSE:TIMESGTY,24.5,24.5,24.5,24.5,100.0
2020-09-15 10:00:00,NSE:TIMESGTY,25.0,25.0,25.0,25.0,500.0
2020-09-15 11:00:00,NSE:TIMESGTY,24.8,24.8,24.8,24.8,52.0
2020-09-15 12:00:00,NSE:TIMESGTY,25.0,25.1,25.0,25.1,1000.0
2020-09-15 14:00:00,NSE:TIMESGTY,25.1,25.1,25.1,25.1,1.0
2020-09-15 15:00:00,NSE:TIMESGTY,25.0,25.15,25.0,25.0,1701.0
2020-09-16 09:00:00,NSE:TIMESGTY,26.1,26.1,25.1,25.1,261.0
2020-09-16 10:00:00,NSE:TIMESGTY,24.5,24.5,24.5,24.5,1.0
2020-09-16 11:00:00,NSE:TIMESGTY,25.2,25.2,24.6,24.6,75.0
2020-09-16 13:00:00,NSE:TIMESGTY,24.55,24.55,24.55,24.55,20.0
2020-09-16 14:00:00,NSE:TIMESGTY,25.2,25.2,25.2,25.2,2.0
2020-09-16 15:00:00,NSE:TIMESGTY,25.2,25.2,25.2,25.2,89.0
2020-09-17 09:00:00,NSE:TIMESGTY,24.1,25.0,24.1,25.0,186.0
2020-09-17 11:00:00,NSE:TIMESGTY,24.1,26.2,24.1,26.2,2198.0
2020-09-17 12:00:00,NSE:TIMESGTY,24.1,24.1,24.1,24.1,2196.0
2020-09-17 13:00:00,NSE:TIMESGTY,24.1,24.1,24.1,24.1,1573.0
2020-09-17 14:00:00,NSE:TIMESGTY,24.1,24.1,24.1,24.1,25.0
2020-09-17 15:00:00,NSE:TIMESGTY,24.1,24.1,23.95,23.95,1899.0
2020-09-18 09:00:00,NSE:TIMESGTY,24.85,24.9,23.0,23.3,890.0
2020-09-18 10:00:00,NSE:TIMESGTY,24.75,24.75,23.45,24.7,441.0
2020-09-18 12:00:00,NSE:TIMESGTY,24.2,24.2,24.2,24.2,50.0
2020-09-18 13:00:00,NSE:TIMESGTY,24.2,24.2,24.2,24.2,567.0
2020-09-18 14:00:00,NSE:TIMESGTY,24.2,24.2,24.2,24.2,440.0
2020-09-18 15:00:00,NSE:TIMESGTY,24.2,24.2,24.2,24.2,20.0
2020-09-21 09:00:00,NSE:TIMESGTY,24.2,24.2,23.25,23.45,2051.0
2020-09-21 10:00:00,NSE:TIMESGTY,23.0,23.0,23.0,23.0,3183.0
2020-09-21 11:00:00,NSE:TIMESGTY,23.0,23.0,23.0,23.0,100.0
2020-09-21 12:00:00,NSE:TIMESGTY,23.0,24.1,23.0,24.0,4817.0
2020-09-21 14:00:00,NSE:TIMESGTY,23.05,23.9,23.05,23.2,2093.0
2020-09-21 15:00:00,NSE:TIMESGTY,23.85,23.85,23.0,23.0,365.0
2020-09-22 09:00:00,NSE:TIMESGTY,22.5,22.65,22.5,22.6,148.0
2020-09-22 10:00:00,NSE:TIMESGTY,22.6,24.2,22.5,23.9,197.0
2020-09-22 11:00:00,NSE:TIMESGTY,22.55,22.55,22.5,22.5,150.0
2020-09-22 12:00:00,NSE:TIMESGTY,23.75,23.75,23.75,23.75,100.0
2020-09-22 13:00:00,NSE:TIMESGTY,23.3,23.6,23.3,23.6,42.0
2020-09-22 14:00:00,NSE:TIMESGTY,23.6,23.9,23.6,23.9,800.0
2020-09-22 15:00:00,NSE:TIMESGTY,23.9,23.9,23.9,23.9,80.0
2020-09-23 12:00:00,NSE:TIMESGTY,23.3,23.3,23.3,23.3,100.0
2020-09-23 15:00:00,NSE:TIMESGTY,24.35,24.35,24.35,24.35,200.0
2020-09-24 09:00:00,NSE:TIMESGTY,23.1,23.1,23.1,23.1,1.0
2020-09-24 10:00:00,NSE:TIMESGTY,23.15,23.15,23.1,23.1,1299.0
2020-09-24 11:00:00,NSE:TIMESGTY,23.1,23.1,23.1,23.1,810.0
2020-09-24 12:00:00,NSE:TIMESGTY,23.1,23.1,23.1,23.1,50.0
2020-09-24 13:00:00,NSE:TIMESGTY,23.1,23.1,23.1,23.1,100.0
2020-09-25 09:00:00,NSE:TIMESGTY,22.3,23.8,22.25,22.25,332.0
2020-09-25 10:00:00,NSE:TIMESGTY,22.25,22.25,22.25,22.25,142.0
2020-09-25 11:00:00,NSE:TIMESGTY,22.95,22.95,22.95,22.95,26.0
2020-09-25 12:00:00,NSE:TIMESGTY,22.25,22.9,22.25,22.9,17.0
2020-09-25 13:00:00,NSE:TIMESGTY,22.25,22.8,22.25,22.8,163.0
2020-09-25 14:00:00,NSE:TIMESGTY,22.15,22.85,22.15,22.85,324.0
2020-09-25 15:00:00,NSE:TIMESGTY,22.75,22.75,22.75,22.75,5.0
2020-09-28 09:00:00,NSE:TIMESGTY,23.45,23.45,23.45,23.45,100.0
2020-09-28 10:00:00,NSE:TIMESGTY,22.15,22.3,22.15,22.3,49.0
2020-09-28 12:00:00,NSE:TIMESGTY,22.3,22.3,22.3,22.3,125.0
2020-09-28 13:00:00,NSE:TIMESGTY,22.3,22.3,22.3,22.3,210.0
2020-09-28 14:00:00,NSE:TIMESGTY,22.25,22.75,22.25,22.75,61.0
2020-09-28 15:00:00,NSE:TIMESGTY,22.1,22.8,22.1,22.1,2421.0
2020-09-29 09:00:00,NSE:TIMESGTY,21.95,22.4,21.95,22.35,322.0
2020-09-29 10:00:00,NSE:TIMESGTY,22.0,22.0,22.0,22.0,597.0
2020-09-29 11:00:00,NSE:TIMESGTY,22.0,22.0,21.95,22.0,816.0
2020-09-29 12:00:00,NSE:TIMESGTY,22.3,22.3,22.3,22.3,2.0
2020-09-29 13:00:00,NSE:TIMESGTY,22.05,22.05,22.0,22.0,51.0
2020-09-29 14:00:00,NSE:TIMESGTY,22.45,22.45,22.45,22.45,1454.0
2020-09-29 15:00:00,NSE:TIMESGTY,22.5,22.5,22.5,22.5,350.0
2020-09-30 09:00:00,NSE:TIMESGTY,23.35,23.35,23.35,23.35,277.0
2020-09-30 10:00:00,NSE:TIMESGTY,22.9,22.9,22.9,22.9,20.0
2020-09-30 11:00:00,NSE:TIMESGTY,22.4,23.1,22.3,22.3,1422.0
2020-09-30 13:00:00,NSE:TIMESGTY,21.5,21.75,21.5,21.75,968.0
2020-09-30 14:00:00,NSE:TIMESGTY,21.9,21.9,21.9,21.9,2.0
2020-09-30 15:00:00,NSE:TIMESGTY,22.9,22.9,22.0,22.85,61.0
2020-10-01 09:00:00,NSE:TIMESGTY,22.0,22.0,21.65,21.65,1666.0
2020-10-01 10:00:00,NSE:TIMESGTY,21.75,21.75,21.75,21.75,106.0
2020-10-01 11:00:00,NSE:TIMESGTY,21.8,21.8,21.8,21.8,3.0
2020-10-01 14:00:00,NSE:TIMESGTY,21.8,21.8,21.8,21.8,110.0
2020-10-01 15:00:00,NSE:TIMESGTY,21.8,21.8,21.75,21.8,1167.0
2020-10-05 09:00:00,NSE:TIMESGTY,22.1,22.1,22.1,22.1,200.0
2020-10-05 10:00:00,NSE:TIMESGTY,22.8,22.8,21.6,21.6,585.0
2020-10-05 12:00:00,NSE:TIMESGTY,21.85,22.45,21.8,22.45,222.0
2020-10-05 13:00:00,NSE:TIMESGTY,22.45,22.5,22.45,22.45,153.0
2020-10-05 14:00:00,NSE:TIMESGTY,22.45,22.45,22.45,22.45,1.0
2020-10-06 09:00:00,NSE:TIMESGTY,23.3,23.3,22.05,23.2,295.0
2020-10-06 12:00:00,NSE:TIMESGTY,22.25,22.25,22.2,22.2,130.0
2020-10-06 13:00:00,NSE:TIMESGTY,22.25,23.1,22.15,22.3,2752.0
2020-10-06 14:00:00,NSE:TIMESGTY,22.15,22.15,22.15,22.15,400.0
2020-10-06 15:00:00,NSE:TIMESGTY,22.25,22.3,22.25,22.3,48.0
2020-10-07 09:00:00,NSE:TIMESGTY,22.25,22.25,22.25,22.25,42.0
2020-10-07 10:00:00,NSE:TIMESGTY,22.9,22.9,22.25,22.25,12.0
2020-10-07 11:00:00,NSE:TIMESGTY,21.9,21.9,21.8,21.8,84.0
2020-10-07 15:00:00,NSE:TIMESGTY,21.8,21.8,21.75,21.75,102.0
2020-10-08 09:00:00,NSE:TIMESGTY,22.6,22.6,21.7,21.7,2.0
2020-10-08 10:00:00,NSE:TIMESGTY,22.5,22.5,21.6,21.6,64.0
2020-10-08 11:00:00,NSE:TIMESGTY,21.6,21.6,21.6,21.6,50.0
2020-10-08 15:00:00,NSE:TIMESGTY,21.5,21.5,21.5,21.5,35.0
2020-10-09 09:00:00,NSE:TIMESGTY,21.0,21.0,21.0,21.0,168.0
2020-10-09 12:00:00,NSE:TIMESGTY,21.3,21.3,21.3,21.3,100.0
2020-10-09 13:00:00,NSE:TIMESGTY,21.3,21.45,21.15,21.45,198.0
2020-10-09 14:00:00,NSE:TIMESGTY,21.45,21.45,21.45,21.45,50.0
2020-10-09 15:00:00,NSE:TIMESGTY,21.5,21.5,21.5,21.5,100.0
2020-10-12 09:00:00,NSE:TIMESGTY,20.7,20.7,20.7,20.7,9.0
2020-10-12 10:00:00,NSE:TIMESGTY,20.55,20.55,20.3,20.3,127.0
2020-10-12 12:00:00,NSE:TIMESGTY,20.45,20.45,20.45,20.45,50.0
2020-10-12 14:00:00,NSE:TIMESGTY,20.5,20.5,20.5,20.5,111.0
2020-10-12 15:00:00,NSE:TIMESGTY,20.5,21.05,20.5,21.05,103.0
2020-10-13 10:00:00,NSE:TIMESGTY,22.6,22.6,22.5,22.6,83.0
2020-10-13 11:00:00,NSE:TIMESGTY,22.6,22.6,21.45,21.45,14.0
2020-10-13 12:00:00,NSE:TIMESGTY,21.45,21.45,21.45,21.45,40.0
2020-10-13 15:00:00,NSE:TIMESGTY,21.3,21.3,21.3,21.3,17.0
2020-10-14 10:00:00,NSE:TIMESGTY,20.65,20.75,20.65,20.75,3.0
2020-10-14 11:00:00,NSE:TIMESGTY,22.45,22.45,22.45,22.45,1.0
2020-10-14 14:00:00,NSE:TIMESGTY,22.4,22.4,22.4,22.4,100.0
2020-10-14 15:00:00,NSE:TIMESGTY,22.4,22.4,21.2,21.2,115.0
2020-10-15 09:00:00,NSE:TIMESGTY,22.25,24.4,22.25,22.45,452.0
2020-10-15 13:00:00,NSE:TIMESGTY,24.45,24.45,20.1,22.6,6269.0
2020-10-15 14:00:00,NSE:TIMESGTY,22.4,22.4,21.4,22.4,3.0
2020-10-15 15:00:00,NSE:TIMESGTY,21.45,22.45,21.45,22.45,27.0
2020-10-16 09:00:00,NSE:TIMESGTY,23.25,23.25,23.0,23.1,503.0
2020-10-16 10:00:00,NSE:TIMESGTY,22.95,22.95,20.55,20.55,540.0
2020-10-16 11:00:00,NSE:TIMESGTY,20.8,22.0,20.8,22.0,142.0
2020-10-16 12:00:00,NSE:TIMESGTY,22.7,22.7,21.1,21.15,91.0
2020-10-16 13:00:00,NSE:TIMESGTY,21.8,22.4,21.2,21.2,26.0
2020-10-16 14:00:00,NSE:TIMESGTY,21.95,22.4,21.95,22.0,159.0
2020-10-16 15:00:00,NSE:TIMESGTY,22.0,22.35,21.35,21.35,84.0
2020-10-19 09:00:00,NSE:TIMESGTY,23.65,23.65,20.6,22.5,432.0
2020-10-19 10:00:00,NSE:TIMESGTY,22.4,23.0,21.75,22.9,272.0
2020-10-19 11:00:00,NSE:TIMESGTY,22.5,22.85,21.9,21.9,102.0
2020-10-19 12:00:00,NSE:TIMESGTY,22.95,22.95,22.95,22.95,25.0
2020-10-19 13:00:00,NSE:TIMESGTY,22.95,22.95,21.85,21.85,4.0
2020-10-19 14:00:00,NSE:TIMESGTY,22.2,23.0,22.2,23.0,626.0
2020-10-19 15:00:00,NSE:TIMESGTY,23.1,23.25,22.15,23.25,1112.0
2020-10-20 09:00:00,NSE:TIMESGTY,21.8,21.8,21.8,21.8,25.0
2020-10-20 10:00:00,NSE:TIMESGTY,23.4,23.6,22.15,23.4,1013.0
2020-10-20 11:00:00,NSE:TIMESGTY,24.0,24.0,22.15,22.15,301.0
2020-10-20 13:00:00,NSE:TIMESGTY,22.45,23.5,22.45,22.45,167.0
2020-10-20 15:00:00,NSE:TIMESGTY,22.45,23.5,22.45,23.5,503.0
2020-10-21 10:00:00,NSE:TIMESGTY,24.0,24.0,22.5,22.5,2.0
2020-10-22 09:00:00,NSE:TIMESGTY,23.95,23.95,22.5,22.55,5.0
2020-10-22 10:00:00,NSE:TIMESGTY,22.55,22.55,22.55,22.55,50.0
2020-10-22 11:00:00,NSE:TIMESGTY,22.55,22.65,22.5,22.5,610.0
2020-10-22 12:00:00,NSE:TIMESGTY,23.4,23.4,23.4,23.4,645.0
2020-10-22 13:00:00,NSE:TIMESGTY,24.5,24.5,22.65,23.5,658.0
2020-10-22 14:00:00,NSE:TIMESGTY,22.8,24.3,22.8,24.3,45.0
2020-10-22 15:00:00,NSE:TIMESGTY,24.2,24.3,24.2,24.3,258.0
2020-10-23 09:00:00,NSE:TIMESGTY,26.35,26.35,22.8,23.25,450.0
2020-10-23 10:00:00,NSE:TIMESGTY,24.95,25.0,24.05,25.0,730.0
2020-10-23 11:00:00,NSE:TIMESGTY,24.5,25.0,24.1,25.0,1167.0
2020-10-23 12:00:00,NSE:TIMESGTY,24.9,24.9,24.9,24.9,1.0
2020-10-23 13:00:00,NSE:TIMESGTY,23.9,23.9,22.9,23.0,2283.0
2020-10-23 14:00:00,NSE:TIMESGTY,24.65,24.65,23.15,23.2,373.0
2020-10-23 15:00:00,NSE:TIMESGTY,23.2,24.8,23.2,24.8,90.0
2020-10-26 09:00:00,NSE:TIMESGTY,23.0,23.0,21.55,22.0,1782.0
2020-10-26 10:00:00,NSE:TIMESGTY,22.5,23.0,22.5,23.0,12.0
2020-10-26 11:00:00,NSE:TIMESGTY,22.8,23.5,22.5,22.6,525.0
2020-10-26 12:00:00,NSE:TIMESGTY,23.4,23.4,23.4,23.4,1.0
2020-10-26 13:00:00,NSE:TIMESGTY,22.6,22.6,22.5,22.5,110.0
2020-10-26 14:00:00,NSE:TIMESGTY,22.65,22.65,22.65,22.65,43.0
2020-10-26 15:00:00,NSE:TIMESGTY,22.65,22.65,22.55,22.55,180.0
2020-10-27 09:00:00,NSE:TIMESGTY,23.85,23.85,23.85,23.85,1.0
2020-10-27 11:00:00,NSE:TIMESGTY,23.0,23.0,22.9,22.9,34.0
2020-10-27 12:00:00,NSE:TIMESGTY,22.9,22.9,22.0,22.9,52.0
2020-10-27 13:00:00,NSE:TIMESGTY,22.9,22.9,22.9,22.9,1.0
2020-10-27 14:00:00,NSE:TIMESGTY,23.0,23.45,23.0,23.45,75.0
2020-10-28 09:00:00,NSE:TIMESGTY,23.35,23.35,23.35,23.35,3.0
2020-10-28 10:00:00,NSE:TIMESGTY,22.1,23.15,22.1,23.15,22.0
2020-10-28 11:00:00,NSE:TIMESGTY,23.15,23.15,23.15,23.15,11.0
2020-10-28 13:00:00,NSE:TIMESGTY,22.35,22.35,22.2,22.2,340.0
2020-10-28 14:00:00,NSE:TIMESGTY,22.2,22.2,22.2,22.2,8.0
2020-10-28 15:00:00,NSE:TIMESGTY,22.0,22.0,22.0,22.0,100.0
2020-10-29 12:00:00,NSE:TIMESGTY,22.5,24.0,22.1,22.35,248.0
2020-10-29 14:00:00,NSE:TIMESGTY,22.4,22.4,22.4,22.4,11.0
2020-10-30 09:00:00,NSE:TIMESGTY,22.4,24.4,22.4,23.8,215.0
2020-10-30 10:00:00,NSE:TIMESGTY,23.55,23.55,23.55,23.55,1.0
2020-10-30 12:00:00,NSE:TIMESGTY,22.75,22.75,22.75,22.75,1.0
2020-10-30 13:00:00,NSE:TIMESGTY,22.6,23.45,22.6,23.4,1603.0
2020-10-30 14:00:00,NSE:TIMESGTY,23.5,23.7,22.65,22.65,2123.0
2020-10-30 15:00:00,NSE:TIMESGTY,22.75,23.7,22.5,23.7,500.0
2020-11-02 09:00:00,NSE:TIMESGTY,23.55,23.55,22.4,23.5,43.0
2020-11-02 10:00:00,NSE:TIMESGTY,22.2,22.2,22.0,22.0,235.0
2020-11-02 12:00:00,NSE:TIMESGTY,22.2,22.2,22.2,22.2,11.0
2020-11-02 13:00:00,NSE:TIMESGTY,21.5,21.5,21.5,21.5,200.0
2020-11-02 14:00:00,NSE:TIMESGTY,22.5,22.5,22.5,22.5,1.0
2020-11-02 15:00:00,NSE:TIMESGTY,21.7,21.7,21.7,21.7,44.0
2020-11-03 09:00:00,NSE:TIMESGTY,21.55,21.65,21.55,21.65,41.0
2020-11-03 10:00:00,NSE:TIMESGTY,23.5,23.5,21.7,21.7,506.0
2020-11-03 11:00:00,NSE:TIMESGTY,22.1,22.1,22.1,22.1,7.0
2020-11-03 14:00:00,NSE:TIMESGTY,22.25,23.25,22.15,23.25,1500.0
2020-11-03 15:00:00,NSE:TIMESGTY,23.2,23.25,22.15,23.2,415.0
2020-11-04 09:00:00,NSE:TIMESGTY,22.0,22.0,21.9,22.0,1967.0
2020-11-04 10:00:00,NSE:TIMESGTY,22.5,22.5,22.0,22.0,240.0
2020-11-04 11:00:00,NSE:TIMESGTY,22.0,22.0,22.0,22.0,110.0
2020-11-04 14:00:00,NSE:TIMESGTY,22.15,22.75,22.15,22.75,323.0
2020-11-04 15:00:00,NSE:TIMESGTY,22.7,22.7,22.0,22.0,200.0
2020-11-05 09:00:00,NSE:TIMESGTY,23.4,23.4,23.3,23.3,4.0
2020-11-05 10:00:00,NSE:TIMESGTY,22.15,22.15,22.15,22.15,2.0
2020-11-05 13:00:00,NSE:TIMESGTY,22.15,22.75,22.15,22.75,55.0
2020-11-05 14:00:00,NSE:TIMESGTY,22.65,22.65,22.15,22.15,101.0
2020-11-05 15:00:00,NSE:TIMESGTY,22.15,22.15,22.15,22.15,68.0
2020-11-06 09:00:00,NSE:TIMESGTY,22.15,22.15,22.15,22.15,6.0
2020-11-06 10:00:00,NSE:TIMESGTY,22.5,22.5,22.5,22.5,97.0
2020-11-06 13:00:00,NSE:TIMESGTY,22.5,22.6,22.5,22.5,253.0
2020-11-06 14:00:00,NSE:TIMESGTY,22.4,22.4,22.4,22.4,2.0
2020-11-06 15:00:00,NSE:TIMESGTY,22.15,22.15,22.15,22.15,31.0
2020-11-09 09:00:00,NSE:TIMESGTY,21.4,21.4,21.35,21.35,2.0
2020-11-09 13:00:00,NSE:TIMESGTY,22.05,22.05,21.0,21.0,740.0
2020-11-09 14:00:00,NSE:TIMESGTY,22.45,22.45,21.45,21.5,114.0
2020-11-09 15:00:00,NSE:TIMESGTY,21.5,22.4,21.5,21.95,117.0
2020-11-10 09:00:00,NSE:TIMESGTY,22.7,22.7,22.0,22.0,202.0
2020-11-10 12:00:00,NSE:TIMESGTY,22.0,22.0,22.0,22.0,68.0
2020-11-10 13:00:00,NSE:TIMESGTY,22.0,22.0,21.6,21.6,142.0
2020-11-10 15:00:00,NSE:TIMESGTY,21.9,21.9,21.75,21.75,41.0
2020-11-11 10:00:00,NSE:TIMESGTY,21.75,22.65,21.1,21.1,1527.0
2020-11-11 11:00:00,NSE:TIMESGTY,21.1,21.3,21.1,21.3,51.0
2020-11-11 12:00:00,NSE:TIMESGTY,21.35,21.35,21.35,21.35,6502.0
2020-11-11 13:00:00,NSE:TIMESGTY,21.6,21.6,21.6,21.6,250.0
2020-11-11 14:00:00,NSE:TIMESGTY,21.6,21.7,21.35,21.35,111.0
2020-11-11 15:00:00,NSE:TIMESGTY,21.35,21.7,21.35,21.7,60.0
2020-11-12 09:00:00,NSE:TIMESGTY,21.6,22.45,20.9,21.0,52.0
2020-11-12 10:00:00,NSE:TIMESGTY,21.2,22.35,21.2,21.2,33.0
2020-11-12 11:00:00,NSE:TIMESGTY,21.3,21.3,21.3,21.3,1.0
2020-11-12 12:00:00,NSE:TIMESGTY,22.35,22.35,21.35,21.5,45.0
2020-11-12 13:00:00,NSE:TIMESGTY,21.6,22.35,21.5,22.35,1151.0
2020-11-12 14:00:00,NSE:TIMESGTY,22.35,22.4,21.4,22.2,1407.0
2020-11-12 15:00:00,NSE:TIMESGTY,22.0,22.0,20.95,21.95,4733.0
2020-11-13 09:00:00,NSE:TIMESGTY,21.9,22.0,21.2,21.25,1929.0
2020-11-13 10:00:00,NSE:TIMESGTY,21.9,22.45,21.5,21.5,2619.0
2020-11-13 11:00:00,NSE:TIMESGTY,21.55,21.8,21.55,21.7,13.0
2020-11-13 12:00:00,NSE:TIMESGTY,21.9,22.05,21.9,22.05,39.0
2020-11-13 13:00:00,NSE:TIMESGTY,21.75,21.75,21.55,21.6,301.0
2020-11-13 14:00:00,NSE:TIMESGTY,21.0,21.25,21.0,21.25,1340.0
2020-11-13 15:00:00,NSE:TIMESGTY,21.5,22.85,21.3,22.85,691.0
2020-11-14 18:00:00,NSE:TIMESGTY,24.1,24.1,20.4,22.65,2741.0
2020-11-14 19:00:00,NSE:TIMESGTY,22.35,22.5,22.35,22.5,120.0
2020-11-17 09:00:00,NSE:TIMESGTY,22.25,22.25,21.6,22.2,235.0
2020-11-17 10:00:00,NSE:TIMESGTY,22.2,22.2,21.55,21.65,991.0
2020-11-17 13:00:00,NSE:TIMESGTY,22.1,22.2,22.1,22.2,50.0
2020-11-17 15:00:00,NSE:TIMESGTY,22.2,22.5,22.2,22.5,150.0
2020-11-18 09:00:00,NSE:TIMESGTY,21.65,21.65,21.65,21.65,8.0
2020-11-18 10:00:00,NSE:TIMESGTY,21.65,21.8,21.65,21.75,59.0
2020-11-18 11:00:00,NSE:TIMESGTY,21.75,21.75,21.75,21.75,5.0
2020-11-18 12:00:00,NSE:TIMESGTY,21.8,21.8,21.8,21.8,2.0
2020-11-18 15:00:00,NSE:TIMESGTY,21.65,21.65,21.65,21.65,39.0
2020-11-19 10:00:00,NSE:TIMESGTY,21.6,21.6,21.15,21.2,1832.0
2020-11-19 11:00:00,NSE:TIMESGTY,21.25,21.25,21.25,21.25,200.0
2020-11-19 12:00:00,NSE:TIMESGTY,21.3,21.3,21.15,21.3,104.0
2020-11-19 13:00:00,NSE:TIMESGTY,21.3,21.3,21.05,21.05,1100.0
2020-11-19 14:00:00,NSE:TIMESGTY,21.35,21.35,21.35,21.35,20.0
2020-11-19 15:00:00,NSE:TIMESGTY,21.2,21.2,21.05,21.05,1991.0
2020-11-20 09:00:00,NSE:TIMESGTY,21.5,21.5,21.0,21.05,53.0
2020-11-20 10:00:00,NSE:TIMESGTY,21.85,23.15,21.85,23.0,8927.0
2020-11-20 11:00:00,NSE:TIMESGTY,22.85,23.0,22.65,22.75,422.0
2020-11-20 12:00:00,NSE:TIMESGTY,22.7,22.7,22.5,22.5,574.0
2020-11-20 13:00:00,NSE:TIMESGTY,22.95,23.15,22.25,22.25,3711.0
2020-11-20 14:00:00,NSE:TIMESGTY,22.9,23.15,22.3,22.4,1807.0
2020-11-20 15:00:00,NSE:TIMESGTY,22.65,23.0,22.05,23.0,7090.0
2020-11-23 09:00:00,NSE:TIMESGTY,23.9,23.9,23.2,23.2,114.0
2020-11-23 10:00:00,NSE:TIMESGTY,23.25,23.25,21.85,23.25,1530.0
2020-11-23 11:00:00,NSE:TIMESGTY,23.5,24.3,23.5,23.7,3258.0
2020-11-23 12:00:00,NSE:TIMESGTY,24.0,24.0,24.0,24.0,1919.0
2020-11-23 13:00:00,NSE:TIMESGTY,24.0,24.35,23.4,24.25,5016.0
2020-11-23 14:00:00,NSE:TIMESGTY,23.6,23.6,23.6,23.6,125.0
2020-11-23 15:00:00,NSE:TIMESGTY,23.55,24.5,21.2,24.5,10577.0
2020-11-24 09:00:00,NSE:TIMESGTY,25.75,25.75,24.2,25.0,13598.0
2020-11-24 10:00:00,NSE:TIMESGTY,24.95,24.95,24.6,24.6,37.0
2020-11-24 11:00:00,NSE:TIMESGTY,24.6,24.95,24.6,24.6,761.0
2020-11-24 12:00:00,NSE:TIMESGTY,24.9,24.9,24.9,24.9,300.0
2020-11-24 13:00:00,NSE:TIMESGTY,25.0,25.75,24.75,25.75,5024.0
2020-11-24 14:00:00,NSE:TIMESGTY,25.5,25.8,24.9,25.45,10980.0
2020-11-24 15:00:00,NSE:TIMESGTY,25.45,25.45,24.85,25.0,604.0
2020-11-25 09:00:00,NSE:TIMESGTY,25.5,26.45,25.35,25.35,3262.0
2020-11-25 10:00:00,NSE:TIMESGTY,25.95,26.5,25.6,26.2,7415.0
2020-11-25 11:00:00,NSE:TIMESGTY,26.2,26.2,25.65,25.7,455.0
2020-11-25 12:00:00,NSE:TIMESGTY,26.0,26.8,26.0,26.7,3290.0
2020-11-25 13:00:00,NSE:TIMESGTY,26.25,27.0,26.05,26.05,6889.0
2020-11-25 14:00:00,NSE:TIMESGTY,26.75,27.4,26.35,26.6,22652.0
2020-11-25 15:00:00,NSE:TIMESGTY,27.1,27.3,26.8,27.0,1723.0
2020-11-26 09:00:00,NSE:TIMESGTY,28.3,29.15,27.55,29.0,24891.0
2020-11-26 10:00:00,NSE:TIMESGTY,28.95,29.6,28.1,28.5,8062.0
2020-11-26 11:00:00,NSE:TIMESGTY,28.75,29.6,27.0,28.6,13751.0
2020-11-26 12:00:00,NSE:TIMESGTY,28.7,29.1,27.6,27.9,2254.0
2020-11-26 13:00:00,NSE:TIMESGTY,28.0,29.3,28.0,28.8,2848.0
2020-11-26 14:00:00,NSE:TIMESGTY,28.8,29.4,28.75,28.75,1750.0
2020-11-26 15:00:00,NSE:TIMESGTY,29.55,29.55,28.35,29.3,1585.0
2020-11-27 09:00:00,NSE:TIMESGTY,29.0,30.3,27.8,30.1,2772.0
2020-11-27 10:00:00,NSE:TIMESGTY,28.65,29.95,28.65,28.65,841.0
2020-11-27 11:00:00,NSE:TIMESGTY,28.65,28.65,28.55,28.55,373.0
2020-11-27 12:00:00,NSE:TIMESGTY,28.35,28.55,28.35,28.5,114.0
2020-11-27 13:00:00,NSE:TIMESGTY,28.05,28.55,28.05,28.35,353.0
2020-11-27 14:00:00,NSE:TIMESGTY,28.35,30.3,28.35,29.95,3051.0
2020-11-27 15:00:00,NSE:TIMESGTY,28.6,29.25,28.35,28.35,4598.0
2020-12-01 09:00:00,NSE:TIMESGTY,30.15,30.2,27.85,28.75,784.0
2020-12-01 10:00:00,NSE:TIMESGTY,29.75,29.85,28.0,29.85,2653.0
2020-12-01 11:00:00,NSE:TIMESGTY,28.7,29.1,28.65,28.65,370.0
2020-12-01 12:00:00,NSE:TIMESGTY,29.8,29.8,28.6,28.85,350.0
2020-12-01 13:00:00,NSE:TIMESGTY,28.6,29.5,28.6,28.6,335.0
2020-12-01 14:00:00,NSE:TIMESGTY,29.3,29.45,28.6,29.45,185.0
2020-12-01 15:00:00,NSE:TIMESGTY,28.6,28.6,28.6,28.6,247.0
2020-12-02 09:00:00,NSE:TIMESGTY,29.8,29.8,27.75,27.75,23.0
2020-12-02 10:00:00,NSE:TIMESGTY,29.75,29.75,27.8,29.75,932.0
2020-12-02 11:00:00,NSE:TIMESGTY,27.3,29.25,27.3,28.75,4676.0
2020-12-02 12:00:00,NSE:TIMESGTY,28.05,28.7,28.0,28.0,2054.0
2020-12-02 14:00:00,NSE:TIMESGTY,28.45,29.3,28.0,29.3,553.0
2020-12-02 15:00:00,NSE:TIMESGTY,29.3,30.0,29.25,29.7,2226.0
2020-12-03 09:00:00,NSE:TIMESGTY,30.25,30.25,28.7,30.25,55.0
2020-12-03 10:00:00,NSE:TIMESGTY,28.75,31.15,28.75,31.1,4529.0
2020-12-03 11:00:00,NSE:TIMESGTY,29.55,30.7,29.55,29.8,150.0
2020-12-03 12:00:00,NSE:TIMESGTY,31.0,31.0,29.8,29.8,502.0
2020-12-03 13:00:00,NSE:TIMESGTY,30.25,30.25,30.25,30.25,4.0
2020-12-03 14:00:00,NSE:TIMESGTY,29.8,31.0,29.8,29.95,6.0
2020-12-03 15:00:00,NSE:TIMESGTY,31.0,31.0,31.0,31.0,300.0
2020-12-04 09:00:00,NSE:TIMESGTY,32.3,32.3,29.7,30.1,59.0
2020-12-04 10:00:00,NSE:TIMESGTY,30.5,30.5,30.5,30.5,67.0
2020-12-04 11:00:00,NSE:TIMESGTY,30.5,30.5,30.5,30.5,297.0
2020-12-04 12:00:00,NSE:TIMESGTY,30.5,30.5,29.55,29.85,781.0
2020-12-04 13:00:00,NSE:TIMESGTY,29.5,29.5,29.45,29.45,254.0
2020-12-04 14:00:00,NSE:TIMESGTY,29.85,29.9,29.45,29.9,158.0
2020-12-04 15:00:00,NSE:TIMESGTY,29.45,29.45,29.45,29.45,50.0
2020-12-07 09:00:00,NSE:TIMESGTY,30.4,30.4,28.7,30.15,161.0
2020-12-07 10:00:00,NSE:TIMESGTY,28.9,28.9,28.9,28.9,250.0
2020-12-07 11:00:00,NSE:TIMESGTY,30.0,30.0,30.0,30.0,1.0
2020-12-07 12:00:00,NSE:TIMESGTY,30.15,30.15,30.15,30.15,6740.0
2020-12-07 13:00:00,NSE:TIMESGTY,30.15,30.15,30.15,30.15,58.0
2020-12-07 14:00:00,NSE:TIMESGTY,29.6,30.15,29.35,30.15,52.0
2020-12-07 15:00:00,NSE:TIMESGTY,29.55,30.15,29.55,30.1,576.0
2020-12-08 09:00:00,NSE:TIMESGTY,29.0,30.5,28.7,28.75,3967.0
2020-12-08 10:00:00,NSE:TIMESGTY,28.7,28.9,28.6,28.6,277.0
2020-12-08 11:00:00,NSE:TIMESGTY,29.25,29.25,28.65,28.7,260.0
2020-12-08 12:00:00,NSE:TIMESGTY,28.7,28.7,28.6,28.6,164.0
2020-12-08 13:00:00,NSE:TIMESGTY,28.6,28.6,28.6,28.6,137.0
2020-12-08 14:00:00,NSE:TIMESGTY,28.6,28.9,28.6,28.9,1813.0
2020-12-08 15:00:00,NSE:TIMESGTY,28.95,28.95,28.6,28.6,151.0
2020-12-09 09:00:00,NSE:TIMESGTY,27.5,27.55,27.5,27.5,645.0
2020-12-09 10:00:00,NSE:TIMESGTY,27.5,27.5,27.5,27.5,107.0
2020-12-09 11:00:00,NSE:TIMESGTY,27.5,29.2,27.5,27.5,3100.0
2020-12-09 12:00:00,NSE:TIMESGTY,27.5,27.5,27.5,27.5,724.0
2020-12-09 13:00:00,NSE:TIMESGTY,27.5,27.5,27.5,27.5,188.0
2020-12-09 14:00:00,NSE:TIMESGTY,27.5,27.5,27.5,27.5,185.0
2020-12-09 15:00:00,NSE:TIMESGTY,27.5,27.5,27.5,27.5,50.0
2020-12-10 09:00:00,NSE:TIMESGTY,26.15,27.7,26.15,26.15,3116.0
2020-12-10 10:00:00,NSE:TIMESGTY,26.15,27.35,26.15,27.35,1590.0
2020-12-10 11:00:00,NSE:TIMESGTY,26.15,26.95,26.15,26.65,1813.0
2020-12-10 14:00:00,NSE:TIMESGTY,27.75,27.75,27.0,27.45,3421.0
2020-12-10 15:00:00,NSE:TIMESGTY,27.75,28.6,27.75,28.6,1449.0
2020-12-11 09:00:00,NSE:TIMESGTY,27.1,28.0,27.1,27.25,381.0
2020-12-11 10:00:00,NSE:TIMESGTY,27.2,27.5,27.15,27.5,329.0
2020-12-11 11:00:00,NSE:TIMESGTY,27.35,27.6,27.1,27.2,356.0
2020-12-11 12:00:00,NSE:TIMESGTY,27.95,27.95,27.95,27.95,3.0
2020-12-11 13:00:00,NSE:TIMESGTY,27.85,27.85,27.25,27.25,1622.0
2020-12-11 14:00:00,NSE:TIMESGTY,28.0,29.5,27.25,28.15,5120.0
2020-12-11 15:00:00,NSE:TIMESGTY,29.5,29.5,29.45,29.5,1542.0
2020-12-14 09:00:00,NSE:TIMESGTY,30.9,30.9,29.05,30.7,3163.0
2020-12-14 10:00:00,NSE:TIMESGTY,30.7,30.7,29.8,29.8,229.0
2020-12-14 11:00:00,NSE:TIMESGTY,29.9,30.5,29.6,29.6,2810.0
2020-12-14 12:00:00,NSE:TIMESGTY,29.65,29.65,29.65,29.65,80.0
2020-12-14 13:00:00,NSE:TIMESGTY,30.65,30.85,29.7,30.85,6983.0
2020-12-14 14:00:00,NSE:TIMESGTY,30.25,30.5,30.1,30.5,824.0
2020-12-14 15:00:00,NSE:TIMESGTY,30.8,30.9,30.1,30.1,777.0
2020-12-15 09:00:00,NSE:TIMESGTY,30.9,30.9,30.05,30.05,175.0
2020-12-15 10:00:00,NSE:TIMESGTY,30.15,30.15,29.3,29.3,1607.0
2020-12-15 11:00:00,NSE:TIMESGTY,29.3,29.3,29.3,29.3,110.0
2020-12-15 13:00:00,NSE:TIMESGTY,29.3,29.35,29.3,29.35,4004.0
2020-12-15 14:00:00,NSE:TIMESGTY,29.3,29.7,29.3,29.3,154.0
2020-12-15 15:00:00,NSE:TIMESGTY,29.3,29.3,29.3,29.3,5.0
2020-12-16 09:00:00,NSE:TIMESGTY,30.4,30.4,29.3,29.3,40.0
2020-12-16 10:00:00,NSE:TIMESGTY,29.3,29.4,29.3,29.4,250.0
2020-12-16 11:00:00,NSE:TIMESGTY,28.6,28.6,28.5,28.5,75.0
2020-12-16 12:00:00,NSE:TIMESGTY,28.55,29.05,28.55,28.85,329.0
2020-12-16 13:00:00,NSE:TIMESGTY,28.85,29.4,28.85,29.4,6.0
2020-12-16 14:00:00,NSE:TIMESGTY,29.15,29.15,29.15,29.15,3.0
2020-12-16 15:00:00,NSE:TIMESGTY,28.85,29.3,28.5,29.25,2371.0
2020-12-17 10:00:00,NSE:TIMESGTY,28.5,29.5,28.5,28.55,28.0
2020-12-17 11:00:00,NSE:TIMESGTY,28.55,28.55,28.55,28.55,170.0
2020-12-17 12:00:00,NSE:TIMESGTY,28.95,28.95,28.55,28.55,62.0
2020-12-17 13:00:00,NSE:TIMESGTY,28.95,28.95,28.5,28.5,53.0
2020-12-17 14:00:00,NSE:TIMESGTY,28.5,28.95,28.0,28.0,1100.0
2020-12-18 09:00:00,NSE:TIMESGTY,27.35,27.55,27.35,27.55,519.0
2020-12-18 11:00:00,NSE:TIMESGTY,27.55,28.15,27.55,28.15,5.0
2020-12-18 12:00:00,NSE:TIMESGTY,27.65,28.2,27.65,28.2,51.0
2020-12-18 13:00:00,NSE:TIMESGTY,28.2,28.25,28.2,28.25,101.0
2020-12-18 15:00:00,NSE:TIMESGTY,28.2,28.2,27.35,27.35,619.0
2020-12-21 09:00:00,NSE:TIMESGTY,26.65,28.5,26.65,28.5,204.0
2020-12-21 10:00:00,NSE:TIMESGTY,27.95,27.95,27.35,27.35,80.0
2020-12-21 11:00:00,NSE:TIMESGTY,27.9,27.9,27.3,27.3,40.0
2020-12-21 12:00:00,NSE:TIMESGTY,27.3,27.3,27.3,27.3,86.0
2020-12-21 13:00:00,NSE:TIMESGTY,27.6,27.6,26.65,26.65,464.0
2020-12-21 14:00:00,NSE:TIMESGTY,27.4,27.4,26.6,26.6,215.0
2020-12-21 15:00:00,NSE:TIMESGTY,27.8,28.0,26.4,27.95,589.0
2020-12-22 09:00:00,NSE:TIMESGTY,26.6,27.6,26.55,26.55,676.0
2020-12-22 11:00:00,NSE:TIMESGTY,26.55,26.85,26.2,26.2,738.0
2020-12-22 12:00:00,NSE:TIMESGTY,26.2,26.2,26.2,26.2,275.0
2020-12-22 13:00:00,NSE:TIMESGTY,26.2,26.2,26.2,26.2,35.0
2020-12-22 14:00:00,NSE:TIMESGTY,27.65,27.65,26.2,26.2,1373.0
2020-12-22 15:00:00,NSE:TIMESGTY,26.2,26.2,26.2,26.2,49.0
2020-12-23 10:00:00,NSE:TIMESGTY,26.2,27.15,26.2,27.15,110.0
2020-12-23 11:00:00,NSE:TIMESGTY,27.0,27.0,27.0,27.0,2.0
2020-12-23 12:00:00,NSE:TIMESGTY,26.55,27.0,26.5,26.95,100.0
2020-12-23 14:00:00,NSE:TIMESGTY,26.55,26.55,26.55,26.55,1.0
2020-12-23 15:00:00,NSE:TIMESGTY,27.5,27.5,27.5,27.5,1402.0
2020-12-24 10:00:00,NSE:TIMESGTY,27.55,27.55,27.5,27.5,3.0
2020-12-24 11:00:00,NSE:TIMESGTY,27.5,27.5,27.5,27.5,2.0
2020-12-24 12:00:00,NSE:TIMESGTY,28.45,28.45,28.45,28.45,2.0
2020-12-24 13:00:00,NSE:TIMESGTY,27.5,27.5,27.5,27.5,2.0
2020-12-24 14:00:00,NSE:TIMESGTY,27.5,27.5,27.5,27.5,50.0
2020-12-28 10:00:00,NSE:TIMESGTY,27.9,27.9,27.9,27.9,1.0
2020-12-28 11:00:00,NSE:TIMESGTY,26.55,27.9,26.5,27.9,181.0
2020-12-28 12:00:00,NSE:TIMESGTY,26.55,27.85,26.55,27.75,232.0
2020-12-28 13:00:00,NSE:TIMESGTY,26.55,26.55,26.55,26.55,1.0
2020-12-28 14:00:00,NSE:TIMESGTY,26.55,26.55,26.55,26.55,3.0
2020-12-28 15:00:00,NSE:TIMESGTY,27.5,27.5,26.5,26.5,200.0
2020-12-29 09:00:00,NSE:TIMESGTY,27.9,27.9,26.5,26.5,22.0
2020-12-29 10:00:00,NSE:TIMESGTY,27.7,27.7,27.7,27.7,100.0
2020-12-29 11:00:00,NSE:TIMESGTY,26.75,27.7,26.65,26.65,535.0
2020-12-29 14:00:00,NSE:TIMESGTY,26.7,27.6,26.6,27.6,452.0
2020-12-29 15:00:00,NSE:TIMESGTY,26.5,27.7,26.5,27.7,230.0
2020-12-30 09:00:00,NSE:TIMESGTY,27.1,27.1,27.1,27.1,111.0
2020-12-30 11:00:00,NSE:TIMESGTY,27.3,27.3,26.7,26.7,60.0
2020-12-30 12:00:00,NSE:TIMESGTY,27.05,27.5,26.7,27.1,788.0
2020-12-30 13:00:00,NSE:TIMESGTY,27.25,27.25,27.25,27.25,7.0
2020-12-30 15:00:00,NSE:TIMESGTY,27.5,27.7,27.15,27.7,302.0
2020-12-31 09:00:00,NSE:TIMESGTY,28.35,28.35,26.6,26.65,132.0
2020-12-31 10:00:00,NSE:TIMESGTY,26.85,27.85,26.8,26.8,354.0
2020-12-31 11:00:00,NSE:TIMESGTY,26.85,27.75,26.85,27.7,140.0
2020-12-31 13:00:00,NSE:TIMESGTY,26.9,26.9,26.9,26.9,1.0
2020-12-31 14:00:00,NSE:TIMESGTY,27.15,27.15,27.15,27.15,54.0
2020-12-31 15:00:00,NSE:TIMESGTY,27.15,27.75,27.15,27.75,877.0
2021-01-01 09:00:00,NSE:TIMESGTY,27.55,27.55,27.55,27.55,2.0
2021-01-01 10:00:00,NSE:TIMESGTY,28.2,28.2,28.2,28.2,1.0
2021-01-01 11:00:00,NSE:TIMESGTY,28.0,28.0,27.55,28.0,277.0
2021-01-01 12:00:00,NSE:TIMESGTY,27.55,27.55,27.5,27.5,76.0
2021-01-01 13:00:00,NSE:TIMESGTY,27.5,27.5,27.5,27.5,125.0
2021-01-01 14:00:00,NSE:TIMESGTY,27.5,27.5,27.5,27.5,39.0
2021-01-04 09:00:00,NSE:TIMESGTY,28.25,28.25,27.7,27.75,283.0
2021-01-04 10:00:00,NSE:TIMESGTY,27.7,27.75,27.45,27.5,1019.0
2021-01-04 11:00:00,NSE:TIMESGTY,27.45,27.45,27.2,27.2,435.0
2021-01-04 12:00:00,NSE:TIMESGTY,27.0,27.45,27.0,27.45,228.0
2021-01-04 14:00:00,NSE:TIMESGTY,27.45,27.55,27.0,27.55,318.0
2021-01-04 15:00:00,NSE:TIMESGTY,27.1,27.8,27.1,27.8,91.0
2021-01-05 09:00:00,NSE:TIMESGTY,28.15,28.15,27.45,27.8,72.0
2021-01-05 10:00:00,NSE:TIMESGTY,27.7,27.7,27.55,27.55,76.0
2021-01-05 11:00:00,NSE:TIMESGTY,27.55,27.55,27.45,27.45,28.0
2021-01-05 12:00:00,NSE:TIMESGTY,27.5,28.0,27.5,27.85,260.0
2021-01-05 13:00:00,NSE:TIMESGTY,27.95,28.0,27.55,27.6,96.0
2021-01-05 14:00:00,NSE:TIMESGTY,27.55,27.85,27.55,27.7,140.0
2021-01-05 15:00:00,NSE:TIMESGTY,27.6,28.05,27.55,28.05,74.0
2021-01-06 09:00:00,NSE:TIMESGTY,28.4,28.4,28.4,28.4,211.0
2021-01-06 10:00:00,NSE:TIMESGTY,27.95,27.95,27.8,27.95,115.0
2021-01-06 11:00:00,NSE:TIMESGTY,27.7,28.2,27.7,27.8,37.0
2021-01-06 14:00:00,NSE:TIMESGTY,27.8,27.8,27.8,27.8,1.0
2021-01-06 15:00:00,NSE:TIMESGTY,27.8,27.95,27.8,27.95,76.0
2021-01-07 10:00:00,NSE:TIMESGTY,27.6,27.7,27.6,27.7,38.0
2021-01-07 12:00:00,NSE:TIMESGTY,27.8,27.8,27.7,27.7,77.0
2021-01-07 13:00:00,NSE:TIMESGTY,27.7,27.7,27.3,27.5,151.0
2021-01-07 14:00:00,NSE:TIMESGTY,27.9,27.9,27.35,27.35,28.0
2021-01-07 15:00:00,NSE:TIMESGTY,28.6,29.1,27.6,28.2,781.0
2021-01-08 09:00:00,NSE:TIMESGTY,28.1,28.1,28.1,28.1,35.0
2021-01-08 10:00:00,NSE:TIMESGTY,28.05,28.05,27.8,28.05,101.0
2021-01-08 11:00:00,NSE:TIMESGTY,27.65,28.0,27.45,27.45,51.0
2021-01-08 13:00:00,NSE:TIMESGTY,27.65,27.65,27.65,27.65,1.0
2021-01-08 14:00:00,NSE:TIMESGTY,27.45,27.5,27.45,27.5,3.0
2021-01-08 15:00:00,NSE:TIMESGTY,27.45,28.0,27.25,28.0,387.0
2021-01-11 09:00:00,NSE:TIMESGTY,28.0,28.5,27.2,27.2,703.0
2021-01-11 10:00:00,NSE:TIMESGTY,27.85,27.85,27.85,27.85,6.0
2021-01-11 11:00:00,NSE:TIMESGTY,27.7,27.7,27.35,27.5,417.0
2021-01-11 12:00:00,NSE:TIMESGTY,27.45,28.25,27.1,27.5,503.0
2021-01-11 13:00:00,NSE:TIMESGTY,27.55,28.6,27.15,28.45,597.0
2021-01-11 14:00:00,NSE:TIMESGTY,28.45,28.75,27.85,28.75,559.0
2021-01-11 15:00:00,NSE:TIMESGTY,26.1,28.2,26.1,28.15,4229.0
2021-01-12 09:00:00,NSE:TIMESGTY,27.6,27.6,27.5,27.55,11.0
2021-01-12 10:00:00,NSE:TIMESGTY,27.65,27.7,27.4,27.4,394.0
2021-01-12 11:00:00,NSE:TIMESGTY,27.4,27.4,27.4,27.4,82.0
2021-01-12 13:00:00,NSE:TIMESGTY,27.0,27.4,26.3,27.2,573.0
2021-01-12 14:00:00,NSE:TIMESGTY,27.5,27.5,27.5,27.5,22.0
2021-01-12 15:00:00,NSE:TIMESGTY,27.5,27.7,27.05,27.7,251.0
2021-01-13 09:00:00,NSE:TIMESGTY,27.7,27.7,27.7,27.7,150.0
2021-01-13 10:00:00,NSE:TIMESGTY,27.25,27.35,27.25,27.35,100.0
2021-01-13 11:00:00,NSE:TIMESGTY,27.4,27.75,27.4,27.55,491.0
2021-01-13 12:00:00,NSE:TIMESGTY,27.5,27.5,27.5,27.5,50.0
2021-01-13 13:00:00,NSE:TIMESGTY,27.65,27.7,26.1,26.1,2800.0
2021-01-13 14:00:00,NSE:TIMESGTY,26.55,26.6,26.55,26.55,81.0
2021-01-13 15:00:00,NSE:TIMESGTY,26.2,26.35,26.1,26.1,1412.0
2021-01-14 09:00:00,NSE:TIMESGTY,25.35,27.0,25.35,27.0,2676.0
2021-01-14 10:00:00,NSE:TIMESGTY,26.95,26.95,26.3,26.5,188.0
2021-01-14 11:00:00,NSE:TIMESGTY,26.7,27.0,26.1,26.4,2858.0
2021-01-14 12:00:00,NSE:TIMESGTY,26.3,26.3,25.8,26.0,402.0
2021-01-14 13:00:00,NSE:TIMESGTY,26.1,26.1,26.0,26.0,57.0
2021-01-14 14:00:00,NSE:TIMESGTY,26.0,26.15,25.8,25.8,348.0
2021-01-14 15:00:00,NSE:TIMESGTY,25.7,25.7,25.35,25.35,557.0
2021-01-15 09:00:00,NSE:TIMESGTY,25.0,25.9,25.0,25.9,479.0
2021-01-15 10:00:00,NSE:TIMESGTY,25.95,26.0,25.55,25.8,546.0
2021-01-15 11:00:00,NSE:TIMESGTY,25.5,25.75,25.25,25.7,288.0
2021-01-15 12:00:00,NSE:TIMESGTY,25.7,25.9,25.7,25.7,64.0
2021-01-15 13:00:00,NSE:TIMESGTY,25.5,25.65,25.0,25.2,562.0
2021-01-15 14:00:00,NSE:TIMESGTY,25.2,26.0,25.15,25.95,213.0
2021-01-15 15:00:00,NSE:TIMESGTY,26.4,26.4,25.75,25.75,196.0
2021-01-18 10:00:00,NSE:TIMESGTY,25.4,25.45,25.05,25.3,73.0
2021-01-18 11:00:00,NSE:TIMESGTY,25.45,25.45,25.15,25.15,50.0
2021-01-18 12:00:00,NSE:TIMESGTY,25.25,25.25,25.2,25.2,190.0
2021-01-18 13:00:00,NSE:TIMESGTY,25.9,25.9,25.9,25.9,30.0
2021-01-18 14:00:00,NSE:TIMESGTY,25.25,25.25,25.25,25.25,53.0
2021-01-18 15:00:00,NSE:TIMESGTY,25.2,25.25,25.1,25.1,500.0
2021-01-19 09:00:00,NSE:TIMESGTY,25.8,26.45,25.15,25.15,110.0
2021-01-19 10:00:00,NSE:TIMESGTY,25.8,25.9,25.8,25.8,9.0
2021-01-19 11:00:00,NSE:TIMESGTY,26.1,26.35,26.1,26.35,188.0
2021-01-19 12:00:00,NSE:TIMESGTY,26.05,26.45,26.0,26.0,9.0
2021-01-19 13:00:00,NSE:TIMESGTY,26.0,26.0,26.0,26.0,199.0
2021-01-19 14:00:00,NSE:TIMESGTY,25.75,25.75,25.75,25.75,50.0
2021-01-19 15:00:00,NSE:TIMESGTY,26.0,26.25,26.0,26.25,336.0
2021-01-20 09:00:00,NSE:TIMESGTY,26.8,26.8,25.5,26.2,102.0
2021-01-20 10:00:00,NSE:TIMESGTY,25.65,25.65,25.1,25.45,608.0
2021-01-20 11:00:00,NSE:TIMESGTY,25.65,25.65,25.35,25.6,237.0
2021-01-20 12:00:00,NSE:TIMESGTY,25.6,25.6,25.6,25.6,2.0
2021-01-20 13:00:00,NSE:TIMESGTY,25.4,25.55,25.2,25.25,103.0
2021-01-20 14:00:00,NSE:TIMESGTY,25.8,26.3,25.2,25.4,1854.0
2021-01-20 15:00:00,NSE:TIMESGTY,25.4,25.7,24.75,24.95,5213.0
2021-01-21 09:00:00,NSE:TIMESGTY,25.8,26.35,24.75,25.7,3958.0
2021-01-21 10:00:00,NSE:TIMESGTY,25.7,26.05,25.3,26.0,2435.0
2021-01-21 11:00:00,NSE:TIMESGTY,26.2,26.2,25.65,25.9,1558.0
2021-01-21 12:00:00,NSE:TIMESGTY,25.7,25.7,25.7,25.7,57.0
2021-01-21 13:00:00,NSE:TIMESGTY,25.7,25.7,25.65,25.65,190.0
2021-01-21 14:00:00,NSE:TIMESGTY,25.7,25.85,25.1,25.35,189.0
2021-01-21 15:00:00,NSE:TIMESGTY,25.1,26.0,25.0,25.0,461.0
2021-01-22 09:00:00,NSE:TIMESGTY,26.3,26.3,26.3,26.3,201.0
2021-01-22 10:00:00,NSE:TIMESGTY,25.85,25.95,25.65,25.95,9.0
2021-01-22 11:00:00,NSE:TIMESGTY,25.65,25.85,25.65,25.8,45.0
2021-01-22 12:00:00,NSE:TIMESGTY,25.65,25.65,25.6,25.6,100.0
2021-01-22 13:00:00,NSE:TIMESGTY,25.6,26.1,25.1,25.2,4209.0
2021-01-22 14:00:00,NSE:TIMESGTY,25.2,25.2,25.2,25.2,50.0
2021-01-22 15:00:00,NSE:TIMESGTY,25.7,25.7,25.25,25.25,118.0
2021-01-25 09:00:00,NSE:TIMESGTY,25.05,26.5,25.05,26.45,543.0
2021-01-25 10:00:00,NSE:TIMESGTY,26.35,26.35,25.75,25.75,1029.0
2021-01-25 11:00:00,NSE:TIMESGTY,25.9,25.9,25.85,25.9,23.0
2021-01-25 14:00:00,NSE:TIMESGTY,25.4,25.9,25.05,25.9,3501.0
2021-01-25 15:00:00,NSE:TIMESGTY,25.3,25.9,25.3,25.9,629.0
2021-01-27 09:00:00,NSE:TIMESGTY,25.3,25.3,25.3,25.3,43.0
2021-01-27 10:00:00,NSE:TIMESGTY,25.05,25.1,25.05,25.05,132.0
2021-01-27 11:00:00,NSE:TIMESGTY,25.05,25.05,25.0,25.05,50.0
2021-01-27 12:00:00,NSE:TIMESGTY,24.7,25.7,24.7,25.7,244.0
2021-01-27 13:00:00,NSE:TIMESGTY,25.35,25.6,24.85,24.85,93.0
2021-01-27 14:00:00,NSE:TIMESGTY,24.95,25.2,24.85,25.2,46.0
2021-01-27 15:00:00,NSE:TIMESGTY,25.55,25.55,24.75,24.75,34.0
2021-01-28 09:00:00,NSE:TIMESGTY,24.8,24.9,24.3,24.8,214.0
2021-01-28 10:00:00,NSE:TIMESGTY,24.9,24.9,24.55,24.55,51.0
2021-01-28 11:00:00,NSE:TIMESGTY,24.8,24.8,24.5,24.8,62.0
2021-01-28 12:00:00,NSE:TIMESGTY,24.65,24.65,24.45,24.45,118.0
2021-01-28 13:00:00,NSE:TIMESGTY,24.4,24.9,24.3,24.9,380.0
2021-01-28 14:00:00,NSE:TIMESGTY,24.1,24.75,24.1,24.15,401.0
2021-01-28 15:00:00,NSE:TIMESGTY,24.15,24.15,24.0,24.0,263.0
2021-01-29 09:00:00,NSE:TIMESGTY,23.95,24.35,23.95,24.35,91.0
2021-01-29 10:00:00,NSE:TIMESGTY,24.5,24.55,24.5,24.5,112.0
2021-01-29 11:00:00,NSE:TIMESGTY,24.45,24.65,24.25,24.5,257.0
2021-01-29 12:00:00,NSE:TIMESGTY,24.4,24.4,24.4,24.4,50.0
2021-01-29 14:00:00,NSE:TIMESGTY,24.35,24.35,24.35,24.35,101.0
2021-01-29 15:00:00,NSE:TIMESGTY,24.35,24.35,24.0,24.0,1272.0
2021-02-01 09:00:00,NSE:TIMESGTY,25.35,25.35,24.65,24.65,102.0
2021-02-01 10:00:00,NSE:TIMESGTY,24.35,24.35,24.35,24.35,50.0
2021-02-01 11:00:00,NSE:TIMESGTY,24.4,24.6,24.35,24.35,80.0
2021-02-01 12:00:00,NSE:TIMESGTY,24.3,24.3,24.3,24.3,4.0
2021-02-01 13:00:00,NSE:TIMESGTY,24.35,24.35,24.25,24.25,70.0
2021-02-01 14:00:00,NSE:TIMESGTY,24.0,24.2,23.4,24.1,157.0
2021-02-01 15:00:00,NSE:TIMESGTY,24.15,24.15,23.6,23.6,19.0
2021-02-02 09:00:00,NSE:TIMESGTY,24.55,24.55,24.1,24.55,35.0
2021-02-02 10:00:00,NSE:TIMESGTY,24.4,24.45,24.4,24.45,73.0
2021-02-02 11:00:00,NSE:TIMESGTY,24.4,24.75,23.8,24.55,434.0
2021-02-02 14:00:00,NSE:TIMESGTY,23.8,24.0,23.6,23.9,3016.0
2021-02-02 15:00:00,NSE:TIMESGTY,23.7,23.7,23.7,23.7,38.0
2021-02-03 09:00:00,NSE:TIMESGTY,24.0,24.85,24.0,24.8,422.0
2021-02-03 10:00:00,NSE:TIMESGTY,23.7,24.75,23.7,24.75,302.0
2021-02-03 11:00:00,NSE:TIMESGTY,24.6,24.6,24.55,24.55,10.0
2021-02-03 12:00:00,NSE:TIMESGTY,24.05,24.55,24.05,24.45,1404.0
2021-02-03 14:00:00,NSE:TIMESGTY,24.6,24.8,24.6,24.8,135.0
2021-02-03 15:00:00,NSE:TIMESGTY,24.75,24.75,24.25,24.75,46.0
2021-02-04 10:00:00,NSE:TIMESGTY,24.65,24.9,24.45,24.9,145.0
2021-02-04 11:00:00,NSE:TIMESGTY,24.8,24.8,24.7,24.8,67.0
2021-02-04 12:00:00,NSE:TIMESGTY,24.85,24.85,24.7,24.7,56.0
2021-02-04 13:00:00,NSE:TIMESGTY,24.65,24.7,24.65,24.7,24.0
2021-02-04 14:00:00,NSE:TIMESGTY,24.7,24.8,24.65,24.65,73.0
2021-02-04 15:00:00,NSE:TIMESGTY,24.8,25.5,24.8,25.5,99.0
2021-02-05 09:00:00,NSE:TIMESGTY,25.6,25.6,24.2,25.25,348.0
2021-02-05 10:00:00,NSE:TIMESGTY,25.35,25.35,25.05,25.15,169.0
2021-02-05 11:00:00,NSE:TIMESGTY,25.0,25.0,24.35,24.85,118.0
2021-02-05 12:00:00,NSE:TIMESGTY,25.0,25.1,24.7,24.9,296.0
2021-02-05 14:00:00,NSE:TIMESGTY,24.35,24.35,24.35,24.35,50.0
2021-02-05 15:00:00,NSE:TIMESGTY,24.6,24.6,24.3,24.35,106.0
2021-02-08 09:00:00,NSE:TIMESGTY,23.55,24.65,23.55,24.65,128.0
2021-02-08 10:00:00,NSE:TIMESGTY,24.15,24.6,24.15,24.6,88.0
2021-02-08 11:00:00,NSE:TIMESGTY,24.5,24.55,24.5,24.55,52.0
2021-02-08 12:00:00,NSE:TIMESGTY,24.5,24.5,24.4,24.4,2.0
2021-02-08 13:00:00,NSE:TIMESGTY,24.35,24.8,24.35,24.8,15.0
2021-02-08 14:00:00,NSE:TIMESGTY,24.65,26.0,24.65,26.0,640.0
2021-02-08 15:00:00,NSE:TIMESGTY,25.3,25.95,25.3,25.95,479.0
2021-02-09 09:00:00,NSE:TIMESGTY,25.9,26.2,25.85,26.0,409.0
2021-02-09 10:00:00,NSE:TIMESGTY,25.7,26.45,25.5,26.0,369.0
2021-02-09 11:00:00,NSE:TIMESGTY,26.0,26.0,25.0,25.0,808.0
2021-02-09 12:00:00,NSE:TIMESGTY,25.35,25.35,25.0,25.0,113.0
2021-02-09 13:00:00,NSE:TIMESGTY,25.3,25.6,25.0,25.6,119.0
2021-02-09 14:00:00,NSE:TIMESGTY,25.6,25.6,25.0,25.05,111.0
2021-02-09 15:00:00,NSE:TIMESGTY,25.25,25.45,24.2,24.2,167.0
2021-02-10 09:00:00,NSE:TIMESGTY,25.35,25.35,25.35,25.35,1.0
2021-02-10 10:00:00,NSE:TIMESGTY,25.15,25.15,24.95,24.95,32.0
2021-02-10 11:00:00,NSE:TIMESGTY,24.9,25.0,24.4,24.4,51.0
2021-02-10 12:00:00,NSE:TIMESGTY,25.1,25.1,24.35,24.35,8.0
2021-02-10 13:00:00,NSE:TIMESGTY,25.3,26.65,24.25,25.95,1290.0
2021-02-10 14:00:00,NSE:TIMESGTY,25.45,25.45,24.5,24.5,73.0
2021-02-10 15:00:00,NSE:TIMESGTY,24.45,25.85,24.45,24.65,467.0
2021-02-11 09:00:00,NSE:TIMESGTY,25.25,26.35,25.05,25.35,538.0
2021-02-11 10:00:00,NSE:TIMESGTY,25.3,25.8,25.3,25.75,55.0
2021-02-11 11:00:00,NSE:TIMESGTY,25.5,25.5,25.5,25.5,49.0
2021-02-11 12:00:00,NSE:TIMESGTY,24.5,25.0,24.5,24.7,268.0
2021-02-11 13:00:00,NSE:TIMESGTY,24.65,25.3,24.65,25.3,105.0
2021-02-11 14:00:00,NSE:TIMESGTY,25.45,25.45,25.0,25.0,70.0
2021-02-11 15:00:00,NSE:TIMESGTY,25.0,25.45,24.0,24.0,673.0
2021-02-12 09:00:00,NSE:TIMESGTY,24.0,24.65,24.0,24.65,111.0
2021-02-12 10:00:00,NSE:TIMESGTY,24.6,24.85,24.55,24.7,137.0
2021-02-12 11:00:00,NSE:TIMESGTY,24.7,25.2,24.45,25.05,143.0
2021-02-12 12:00:00,NSE:TIMESGTY,25.0,25.25,25.0,25.25,423.0
2021-02-12 13:00:00,NSE:TIMESGTY,25.25,26.25,25.2,25.3,522.0
2021-02-12 14:00:00,NSE:TIMESGTY,25.4,25.4,25.05,25.05,101.0
2021-02-12 15:00:00,NSE:TIMESGTY,25.95,26.0,25.3,26.0,149.0
2021-02-15 09:00:00,NSE:TIMESGTY,25.05,25.05,25.05,25.05,4.0
2021-02-15 10:00:00,NSE:TIMESGTY,25.35,25.7,25.35,25.65,126.0
2021-02-15 11:00:00,NSE:TIMESGTY,25.65,25.75,25.1,25.1,83.0
2021-02-15 12:00:00,NSE:TIMESGTY,25.15,25.15,25.15,25.15,2.0
2021-02-15 13:00:00,NSE:TIMESGTY,25.2,25.7,25.2,25.2,42.0
2021-02-15 14:00:00,NSE:TIMESGTY,25.2,25.65,25.2,25.45,342.0
2021-02-15 15:00:00,NSE:TIMESGTY,25.4,25.65,25.35,25.5,309.0
2021-02-16 09:00:00,NSE:TIMESGTY,27.85,27.85,25.95,26.0,599.0
2021-02-16 10:00:00,NSE:TIMESGTY,25.95,27.7,25.2,27.5,5526.0
2021-02-16 11:00:00,NSE:TIMESGTY,26.2,26.5,25.85,25.85,2146.0
2021-02-16 12:00:00,NSE:TIMESGTY,25.85,25.85,25.5,25.6,723.0
2021-02-16 13:00:00,NSE:TIMESGTY,25.7,27.9,25.4,25.45,2889.0
2021-02-16 14:00:00,NSE:TIMESGTY,26.0,26.4,26.0,26.0,444.0
2021-02-16 15:00:00,NSE:TIMESGTY,26.0,26.95,25.5,26.95,210.0
2021-02-17 09:00:00,NSE:TIMESGTY,26.2,26.45,26.2,26.4,67.0
2021-02-17 11:00:00,NSE:TIMESGTY,26.9,26.9,26.9,26.9,200.0
2021-02-17 12:00:00,NSE:TIMESGTY,26.3,26.3,25.8,25.8,257.0
2021-02-17 14:00:00,NSE:TIMESGTY,24.4,26.45,24.4,25.9,1212.0
2021-02-17 15:00:00,NSE:TIMESGTY,25.55,26.8,25.5,25.5,564.0
2021-02-18 09:00:00,NSE:TIMESGTY,25.5,25.5,25.5,25.5,10.0
2021-02-18 10:00:00,NSE:TIMESGTY,25.5,26.75,25.5,26.7,1687.0
2021-02-18 11:00:00,NSE:TIMESGTY,26.3,26.3,26.15,26.15,12.0
2021-02-18 12:00:00,NSE:TIMESGTY,26.1,26.1,26.1,26.1,4.0
2021-02-18 13:00:00,NSE:TIMESGTY,26.1,26.1,26.1,26.1,54.0
2021-02-18 15:00:00,NSE:TIMESGTY,26.1,26.3,26.1,26.1,85.0
2021-02-19 09:00:00,NSE:TIMESGTY,25.8,26.7,25.8,26.15,268.0
2021-02-19 10:00:00,NSE:TIMESGTY,26.1,26.1,25.85,25.85,80.0
2021-02-19 11:00:00,NSE:TIMESGTY,25.85,25.9,25.85,25.9,93.0
2021-02-19 12:00:00,NSE:TIMESGTY,25.9,26.1,25.9,26.1,115.0
2021-02-19 13:00:00,NSE:TIMESGTY,26.1,26.1,25.25,26.1,2935.0
2021-02-19 14:00:00,NSE:TIMESGTY,25.6,25.8,25.6,25.75,10.0
2021-02-19 15:00:00,NSE:TIMESGTY,25.0,25.85,25.0,25.1,1328.0
2021-02-22 09:00:00,NSE:TIMESGTY,25.95,25.95,25.5,25.55,53.0
2021-02-22 10:00:00,NSE:TIMESGTY,25.25,25.4,24.85,24.85,124.0
2021-02-22 11:00:00,NSE:TIMESGTY,25.5,26.55,25.5,26.05,1160.0
2021-02-22 12:00:00,NSE:TIMESGTY,26.1,26.1,25.6,25.6,106.0
2021-02-22 13:00:00,NSE:TIMESGTY,25.7,25.75,25.6,25.7,250.0
2021-02-22 14:00:00,NSE:TIMESGTY,25.7,26.05,25.5,25.9,124.0
2021-02-22 15:00:00,NSE:TIMESGTY,26.0,26.9,26.0,26.5,363.0
2021-02-23 09:00:00,NSE:TIMESGTY,26.4,26.45,25.95,25.95,167.0
2021-02-23 10:00:00,NSE:TIMESGTY,25.65,25.65,25.65,25.65,43.0
2021-02-23 11:00:00,NSE:TIMESGTY,25.95,26.0,25.95,26.0,32.0
2021-02-23 12:00:00,NSE:TIMESGTY,25.65,26.5,25.65,25.85,412.0
2021-02-23 13:00:00,NSE:TIMESGTY,26.45,26.45,26.45,26.45,13.0
2021-02-23 14:00:00,NSE:TIMESGTY,25.95,26.0,25.8,25.8,63.0
2021-02-23 15:00:00,NSE:TIMESGTY,25.85,26.45,25.85,26.45,436.0
2021-02-24 09:00:00,NSE:TIMESGTY,25.35,25.35,25.35,25.35,50.0
2021-02-24 10:00:00,NSE:TIMESGTY,26.1,26.1,26.0,26.0,20.0
2021-02-24 16:00:00,NSE:TIMESGTY,26.0,26.0,26.0,26.0,30.0
2021-02-25 09:00:00,NSE:TIMESGTY,25.5,26.5,25.5,25.85,249.0
2021-02-25 10:00:00,NSE:TIMESGTY,26.3,26.5,26.25,26.45,79.0
2021-02-25 11:00:00,NSE:TIMESGTY,26.3,26.3,26.25,26.25,441.0
2021-02-25 12:00:00,NSE:TIMESGTY,26.0,26.25,25.9,26.05,335.0
2021-02-25 13:00:00,NSE:TIMESGTY,26.05,26.2,25.75,26.0,3005.0
2021-02-25 14:00:00,NSE:TIMESGTY,26.0,26.1,26.0,26.0,129.0
2021-02-25 15:00:00,NSE:TIMESGTY,25.95,26.15,25.95,26.15,31.0
2021-02-26 09:00:00,NSE:TIMESGTY,26.0,26.0,26.0,26.0,20.0
2021-02-26 14:00:00,NSE:TIMESGTY,25.15,26.15,25.15,25.15,150.0
2021-02-26 15:00:00,NSE:TIMESGTY,26.35,26.7,26.35,26.4,187.0
2021-03-01 09:00:00,NSE:TIMESGTY,26.5,26.5,25.7,25.7,240.0
2021-03-01 10:00:00,NSE:TIMESGTY,26.45,26.45,26.0,26.15,37.0
2021-03-01 11:00:00,NSE:TIMESGTY,26.0,26.0,25.85,25.9,12.0
2021-03-01 12:00:00,NSE:TIMESGTY,26.1,26.15,26.1,26.1,388.0
2021-03-01 13:00:00,NSE:TIMESGTY,26.15,26.2,26.15,26.2,127.0
2021-03-01 14:00:00,NSE:TIMESGTY,26.5,26.5,26.5,26.5,20.0
2021-03-01 15:00:00,NSE:TIMESGTY,26.4,26.5,25.85,25.85,277.0
2021-03-02 09:00:00,NSE:TIMESGTY,26.85,26.85,26.25,26.45,209.0
2021-03-02 10:00:00,NSE:TIMESGTY,26.45,26.5,26.15,26.35,132.0
2021-03-02 11:00:00,NSE:TIMESGTY,26.35,26.35,26.35,26.35,230.0
2021-03-02 12:00:00,NSE:TIMESGTY,26.35,26.35,25.1,26.1,4131.0
2021-03-02 13:00:00,NSE:TIMESGTY,25.95,25.95,25.65,25.9,53.0
2021-03-02 14:00:00,NSE:TIMESGTY,26.2,26.2,26.2,26.2,120.0
2021-03-02 15:00:00,NSE:TIMESGTY,26.05,26.2,25.2,25.2,238.0
2021-03-03 09:00:00,NSE:TIMESGTY,26.05,26.2,26.05,26.2,100.0
2021-03-03 10:00:00,NSE:TIMESGTY,25.9,25.9,25.9,25.9,44.0
2021-03-03 11:00:00,NSE:TIMESGTY,25.95,26.4,25.75,25.75,558.0
2021-03-03 12:00:00,NSE:TIMESGTY,25.75,25.75,25.55,25.7,260.0
2021-03-03 13:00:00,NSE:TIMESGTY,25.85,25.85,25.85,25.85,161.0
2021-03-03 14:00:00,NSE:TIMESGTY,25.85,25.85,25.85,25.85,80.0
2021-03-03 15:00:00,NSE:TIMESGTY,25.85,25.85,25.85,25.85,65.0
2021-03-04 09:00:00,NSE:TIMESGTY,28.3,28.3,25.45,26.3,1319.0
2021-03-04 10:00:00,NSE:TIMESGTY,25.85,26.2,25.75,26.2,338.0
2021-03-04 11:00:00,NSE:TIMESGTY,26.05,28.0,25.8,25.8,1071.0
2021-03-04 12:00:00,NSE:TIMESGTY,26.1,26.1,26.1,26.1,37.0
2021-03-04 13:00:00,NSE:TIMESGTY,26.25,28.4,26.2,26.6,6614.0
2021-03-04 14:00:00,NSE:TIMESGTY,27.9,27.9,26.75,26.75,5009.0
2021-03-04 15:00:00,NSE:TIMESGTY,27.65,28.3,27.1,28.25,580.0
2021-03-05 09:00:00,NSE:TIMESGTY,26.25,27.3,26.25,27.0,751.0
2021-03-05 10:00:00,NSE:TIMESGTY,27.5,27.8,27.1,27.5,583.0
2021-03-05 11:00:00,NSE:TIMESGTY,27.5,28.25,27.5,27.65,1090.0
2021-03-05 12:00:00,NSE:TIMESGTY,27.9,27.9,27.5,27.5,22.0
2021-03-05 13:00:00,NSE:TIMESGTY,27.0,27.05,26.7,27.0,460.0
2021-03-05 14:00:00,NSE:TIMESGTY,26.6,27.15,26.55,26.55,159.0
2021-03-05 15:00:00,NSE:TIMESGTY,26.8,27.85,26.65,26.65,413.0
2021-03-08 09:00:00,NSE:TIMESGTY,27.35,27.35,27.35,27.35,20.0
2021-03-08 10:00:00,NSE:TIMESGTY,27.35,29.35,27.35,27.85,10900.0
2021-03-08 11:00:00,NSE:TIMESGTY,27.85,29.2,27.75,28.05,1846.0
2021-03-08 12:00:00,NSE:TIMESGTY,28.75,28.75,28.05,28.05,35.0
2021-03-08 13:00:00,NSE:TIMESGTY,28.7,28.7,28.4,28.45,310.0
2021-03-08 14:00:00,NSE:TIMESGTY,28.05,28.75,27.95,28.7,806.0
2021-03-08 15:00:00,NSE:TIMESGTY,27.75,28.55,27.5,28.55,1777.0
2021-03-09 09:00:00,NSE:TIMESGTY,28.55,28.55,28.5,28.55,120.0
2021-03-09 10:00:00,NSE:TIMESGTY,28.45,28.45,27.25,27.95,149.0
2021-03-09 12:00:00,NSE:TIMESGTY,27.4,27.7,26.5,26.55,927.0
2021-03-09 13:00:00,NSE:TIMESGTY,26.95,27.5,26.95,27.5,190.0
2021-03-09 14:00:00,NSE:TIMESGTY,28.55,28.9,26.85,27.4,406.0
2021-03-09 15:00:00,NSE:TIMESGTY,27.5,29.85,25.0,25.0,5736.0
2021-03-10 09:00:00,NSE:TIMESGTY,27.0,27.75,25.55,27.1,478.0
2021-03-10 10:00:00,NSE:TIMESGTY,27.0,27.0,26.85,26.9,253.0
2021-03-10 11:00:00,NSE:TIMESGTY,26.8,26.8,26.05,26.1,218.0
2021-03-10 12:00:00,NSE:TIMESGTY,26.0,26.25,25.85,26.25,1636.0
2021-03-10 13:00:00,NSE:TIMESGTY,26.35,26.55,26.35,26.45,45.0
2021-03-10 15:00:00,NSE:TIMESGTY,26.65,27.0,26.65,27.0,170.0
2021-03-12 09:00:00,NSE:TIMESGTY,26.7,26.7,26.7,26.7,1.0
2021-03-12 10:00:00,NSE:TIMESGTY,26.7,26.8,26.55,26.8,158.0
2021-03-12 11:00:00,NSE:TIMESGTY,26.5,26.6,26.3,26.3,176.0
2021-03-12 12:00:00,NSE:TIMESGTY,26.45,26.45,26.3,26.3,78.0
2021-03-12 13:00:00,NSE:TIMESGTY,26.3,26.6,26.3,26.4,548.0
2021-03-12 14:00:00,NSE:TIMESGTY,26.4,26.4,25.5,25.5,363.0
2021-03-12 15:00:00,NSE:TIMESGTY,25.85,25.85,25.1,25.1,116.0
2021-03-15 09:00:00,NSE:TIMESGTY,26.3,26.3,25.3,25.5,600.0
2021-03-15 10:00:00,NSE:TIMESGTY,25.55,25.55,25.3,25.35,307.0
2021-03-15 11:00:00,NSE:TIMESGTY,25.55,25.55,25.5,25.5,6.0
2021-03-15 12:00:00,NSE:TIMESGTY,25.45,25.7,25.2,25.2,272.0
2021-03-15 13:00:00,NSE:TIMESGTY,25.25,25.5,25.25,25.5,65.0
2021-03-15 14:00:00,NSE:TIMESGTY,25.5,25.5,25.1,25.25,456.0
2021-03-15 15:00:00,NSE:TIMESGTY,25.3,25.3,24.6,24.8,2279.0
2021-03-16 09:00:00,NSE:TIMESGTY,25.8,26.0,25.45,25.75,624.0
2021-03-16 10:00:00,NSE:TIMESGTY,25.65,25.95,25.6,25.85,1699.0
2021-03-16 11:00:00,NSE:TIMESGTY,25.95,26.15,25.85,26.15,470.0
2021-03-16 12:00:00,NSE:TIMESGTY,25.9,25.9,25.8,25.8,216.0
2021-03-16 13:00:00,NSE:TIMESGTY,25.8,25.8,25.65,25.65,50.0
2021-03-16 14:00:00,NSE:TIMESGTY,25.9,26.0,25.6,25.8,179.0
2021-03-16 15:00:00,NSE:TIMESGTY,25.6,25.6,25.55,25.55,279.0
2021-03-17 09:00:00,NSE:TIMESGTY,25.7,25.95,25.65,25.65,66.0
2021-03-17 10:00:00,NSE:TIMESGTY,25.7,25.9,23.0,24.65,4480.0
2021-03-17 11:00:00,NSE:TIMESGTY,24.5,24.8,24.3,24.45,1090.0
2021-03-17 12:00:00,NSE:TIMESGTY,24.45,24.65,24.25,24.6,542.0
2021-03-17 13:00:00,NSE:TIMESGTY,24.6,24.85,24.6,24.8,1681.0
2021-03-17 14:00:00,NSE:TIMESGTY,24.8,25.0,24.65,25.0,1333.0
2021-03-17 15:00:00,NSE:TIMESGTY,25.0,25.5,24.25,24.75,2099.0
2021-03-18 09:00:00,NSE:TIMESGTY,25.4,26.2,24.1,25.8,869.0
2021-03-18 11:00:00,NSE:TIMESGTY,23.05,25.1,23.05,24.55,2579.0
2021-03-18 12:00:00,NSE:TIMESGTY,24.4,24.45,24.15,24.3,157.0
2021-03-18 13:00:00,NSE:TIMESGTY,24.4,24.4,23.15,23.95,1071.0
2021-03-18 14:00:00,NSE:TIMESGTY,23.85,23.85,23.6,23.6,201.0
2021-03-18 15:00:00,NSE:TIMESGTY,23.6,24.0,23.05,23.05,578.0
2021-03-19 09:00:00,NSE:TIMESGTY,23.15,24.0,23.15,24.0,215.0
2021-03-19 10:00:00,NSE:TIMESGTY,23.5,23.9,23.25,23.9,107.0
2021-03-19 11:00:00,NSE:TIMESGTY,24.1,24.1,23.9,23.9,452.0
2021-03-19 12:00:00,NSE:TIMESGTY,24.0,24.05,23.8,24.0,112.0
2021-03-19 13:00:00,NSE:TIMESGTY,23.95,23.95,23.9,23.9,45.0
2021-03-19 14:00:00,NSE:TIMESGTY,24.95,25.5,23.75,25.0,1405.0
2021-03-19 15:00:00,NSE:TIMESGTY,24.95,25.3,24.55,24.75,401.0
2021-03-22 09:00:00,NSE:TIMESGTY,25.8,25.8,25.3,25.4,128.0
2021-03-22 10:00:00,NSE:TIMESGTY,25.45,25.45,24.9,24.9,66.0
2021-03-22 11:00:00,NSE:TIMESGTY,24.8,24.8,24.55,24.55,754.0
2021-03-22 12:00:00,NSE:TIMESGTY,24.75,24.75,24.55,24.55,3.0
2021-03-22 13:00:00,NSE:TIMESGTY,24.55,24.55,24.55,24.55,1.0
2021-03-22 14:00:00,NSE:TIMESGTY,24.8,24.8,24.7,24.7,1035.0
2021-03-22 15:00:00,NSE:TIMESGTY,24.0,24.65,23.5,23.5,385.0
2021-03-23 09:00:00,NSE:TIMESGTY,24.45,24.5,24.3,24.4,130.0
2021-03-23 10:00:00,NSE:TIMESGTY,24.5,24.5,24.5,24.5,1.0
2021-03-23 11:00:00,NSE:TIMESGTY,23.7,24.25,23.7,24.2,414.0
2021-03-23 12:00:00,NSE:TIMESGTY,24.15,24.15,24.15,24.15,14.0
2021-03-23 13:00:00,NSE:TIMESGTY,24.15,24.15,24.15,24.15,45.0
2021-03-23 14:00:00,NSE:TIMESGTY,24.25,24.4,24.25,24.4,51.0
2021-03-23 15:00:00,NSE:TIMESGTY,24.15,24.15,24.15,24.15,25.0
2021-03-24 09:00:00,NSE:TIMESGTY,25.85,25.85,23.6,23.6,502.0
2021-03-24 10:00:00,NSE:TIMESGTY,24.3,24.3,23.85,23.85,41.0
2021-03-24 12:00:00,NSE:TIMESGTY,24.05,24.45,24.05,24.45,92.0
2021-03-24 13:00:00,NSE:TIMESGTY,24.1,24.35,24.05,24.25,74.0
2021-03-24 14:00:00,NSE:TIMESGTY,24.4,24.4,24.1,24.15,196.0
2021-03-24 15:00:00,NSE:TIMESGTY,24.25,24.4,24.2,24.35,199.0
2021-03-25 09:00:00,NSE:TIMESGTY,23.35,23.9,23.35,23.9,73.0
2021-03-25 10:00:00,NSE:TIMESGTY,24.1,24.1,24.1,24.1,3.0
2021-03-25 12:00:00,NSE:TIMESGTY,23.85,23.85,23.7,23.7,24.0
2021-03-25 13:00:00,NSE:TIMESGTY,22.55,23.5,22.55,23.35,748.0
2021-03-25 14:00:00,NSE:TIMESGTY,23.85,23.85,23.2,23.2,180.0
2021-03-25 15:00:00,NSE:TIMESGTY,23.0,23.0,23.0,23.0,116.0
2021-03-26 10:00:00,NSE:TIMESGTY,23.05,24.0,23.05,23.6,128.0
2021-03-26 11:00:00,NSE:TIMESGTY,23.7,23.75,23.6,23.6,21.0
2021-03-26 12:00:00,NSE:TIMESGTY,23.75,23.75,23.7,23.7,115.0
2021-03-26 13:00:00,NSE:TIMESGTY,24.9,24.9,24.9,24.9,100.0
2021-03-26 14:00:00,NSE:TIMESGTY,23.35,23.35,23.35,23.35,100.0
2021-03-26 15:00:00,NSE:TIMESGTY,24.8,24.9,24.8,24.9,264.0
2021-03-30 09:00:00,NSE:TIMESGTY,26.4,26.4,24.9,24.9,321.0
2021-03-30 10:00:00,NSE:TIMESGTY,24.9,24.9,24.55,24.55,23.0
2021-03-30 12:00:00,NSE:TIMESGTY,24.55,24.55,24.0,24.0,40.0
2021-03-30 13:00:00,NSE:TIMESGTY,24.0,24.45,24.0,24.45,72.0
2021-03-30 14:00:00,NSE:TIMESGTY,24.1,24.1,24.1,24.1,50.0
2021-03-30 15:00:00,NSE:TIMESGTY,24.05,24.2,24.05,24.1,296.0
2021-03-31 09:00:00,NSE:TIMESGTY,23.8,24.85,23.45,24.85,304.0
2021-03-31 10:00:00,NSE:TIMESGTY,24.5,24.5,24.4,24.4,123.0
2021-03-31 11:00:00,NSE:TIMESGTY,23.6,23.6,23.6,23.6,40.0
2021-03-31 12:00:00,NSE:TIMESGTY,24.9,25.35,23.65,24.2,811.0
2021-03-31 13:00:00,NSE:TIMESGTY,24.2,24.2,24.05,24.2,71.0
2021-03-31 14:00:00,NSE:TIMESGTY,24.05,24.05,23.65,23.65,60.0
2021-03-31 15:00:00,NSE:TIMESGTY,23.6,23.6,23.55,23.6,80.0
2021-04-01 09:00:00,NSE:TIMESGTY,24.0,25.95,24.0,25.85,268.0
2021-04-01 10:00:00,NSE:TIMESGTY,25.0,25.0,24.5,24.5,6.0
2021-04-01 11:00:00,NSE:TIMESGTY,24.1,24.1,24.1,24.1,85.0
2021-04-01 12:00:00,NSE:TIMESGTY,24.8,25.15,24.75,24.85,84.0
2021-04-01 14:00:00,NSE:TIMESGTY,24.85,24.85,24.85,24.85,201.0
2021-04-01 15:00:00,NSE:TIMESGTY,24.25,25.45,24.25,25.45,159.0
2021-04-05 09:00:00,NSE:TIMESGTY,25.0,25.05,25.0,25.0,178.0
2021-04-05 10:00:00,NSE:TIMESGTY,25.0,25.9,25.0,25.5,534.0
2021-04-05 11:00:00,NSE:TIMESGTY,25.25,25.25,25.25,25.25,1.0
2021-04-05 12:00:00,NSE:TIMESGTY,25.0,25.0,24.0,24.0,1000.0
2021-04-05 15:00:00,NSE:TIMESGTY,24.05,25.45,24.05,25.2,158.0
2021-04-06 09:00:00,NSE:TIMESGTY,25.0,25.2,24.9,24.95,70.0
2021-04-06 10:00:00,NSE:TIMESGTY,25.0,25.05,24.65,24.65,20.0
2021-04-06 12:00:00,NSE:TIMESGTY,24.2,24.8,24.2,24.8,51.0
2021-04-06 13:00:00,NSE:TIMESGTY,24.85,25.0,24.8,24.95,194.0
2021-04-06 14:00:00,NSE:TIMESGTY,24.8,24.8,24.5,24.5,108.0
2021-04-06 15:00:00,NSE:TIMESGTY,24.5,24.5,24.5,24.5,96.0
2021-04-07 09:00:00,NSE:TIMESGTY,24.1,24.3,24.1,24.1,6.0
2021-04-07 10:00:00,NSE:TIMESGTY,24.5,24.5,24.5,24.5,5.0
2021-04-07 11:00:00,NSE:TIMESGTY,24.45,24.55,24.45,24.55,12.0
2021-04-07 12:00:00,NSE:TIMESGTY,24.65,24.65,24.65,24.65,6.0
2021-04-07 13:00:00,NSE:TIMESGTY,24.75,24.75,24.65,24.65,74.0
2021-04-07 14:00:00,NSE:TIMESGTY,24.8,24.95,24.8,24.95,236.0
2021-04-07 15:00:00,NSE:TIMESGTY,24.95,24.95,24.95,24.95,18.0
2021-04-08 09:00:00,NSE:TIMESGTY,22.7,25.35,22.7,24.1,681.0
2021-04-08 10:00:00,NSE:TIMESGTY,24.4,24.55,24.4,24.55,83.0
2021-04-08 11:00:00,NSE:TIMESGTY,24.6,24.6,24.6,24.6,8.0
2021-04-08 12:00:00,NSE:TIMESGTY,24.6,24.6,24.6,24.6,2.0
2021-04-08 13:00:00,NSE:TIMESGTY,24.6,24.6,24.4,24.6,54.0
2021-04-08 15:00:00,NSE:TIMESGTY,24.5,25.55,24.5,25.5,534.0
2021-04-09 09:00:00,NSE:TIMESGTY,25.45,25.45,24.6,24.6,302.0
2021-04-09 10:00:00,NSE:TIMESGTY,24.65,24.65,24.6,24.6,50.0
2021-04-09 12:00:00,NSE:TIMESGTY,25.4,25.55,25.25,25.5,163.0
2021-04-09 13:00:00,NSE:TIMESGTY,25.0,25.0,25.0,25.0,2.0
2021-04-09 14:00:00,NSE:TIMESGTY,25.25,25.25,25.15,25.15,13.0
2021-04-09 15:00:00,NSE:TIMESGTY,25.25,25.45,25.0,25.0,138.0
2021-04-12 10:00:00,NSE:TIMESGTY,25.75,25.75,25.6,25.75,20.0
2021-04-12 11:00:00,NSE:TIMESGTY,24.6,24.6,23.5,23.75,477.0
2021-04-12 12:00:00,NSE:TIMESGTY,23.55,23.7,23.4,23.4,105.0
2021-04-12 13:00:00,NSE:TIMESGTY,23.9,23.9,23.6,23.6,40.0
2021-04-12 14:00:00,NSE:TIMESGTY,23.65,23.95,23.65,23.95,106.0
2021-04-12 15:00:00,NSE:TIMESGTY,23.9,24.35,23.85,24.1,311.0
2021-04-13 09:00:00,NSE:TIMESGTY,23.95,23.95,23.2,23.2,35.0
2021-04-13 10:00:00,NSE:TIMESGTY,24.85,24.85,24.85,24.85,3.0
2021-04-13 11:00:00,NSE:TIMESGTY,24.0,24.0,23.6,23.6,87.0
2021-04-13 12:00:00,NSE:TIMESGTY,23.65,23.9,23.65,23.9,13.0
2021-04-13 13:00:00,NSE:TIMESGTY,24.0,24.5,23.55,23.55,52.0
2021-04-13 14:00:00,NSE:TIMESGTY,23.55,23.55,23.55,23.55,15.0
2021-04-13 15:00:00,NSE:TIMESGTY,24.2,24.2,23.5,23.5,128.0
2021-04-15 09:00:00,NSE:TIMESGTY,21.0,24.8,21.0,24.2,1155.0
2021-04-15 10:00:00,NSE:TIMESGTY,22.85,23.95,22.85,23.8,65.0
2021-04-15 11:00:00,NSE:TIMESGTY,24.7,24.7,23.7,23.95,157.0
2021-04-15 13:00:00,NSE:TIMESGTY,24.1,24.2,24.1,24.2,122.0
2021-04-15 14:00:00,NSE:TIMESGTY,23.45,28.5,23.45,27.0,16205.0
2021-04-15 15:00:00,NSE:TIMESGTY,27.3,28.55,26.8,28.2,23581.0
2021-04-16 09:00:00,NSE:TIMESGTY,31.4,33.8,29.05,32.9,100415.0
2021-04-16 10:00:00,NSE:TIMESGTY,33.2,33.8,32.9,33.8,13554.0
2021-04-16 11:00:00,NSE:TIMESGTY,33.8,33.8,33.8,33.8,1194.0
2021-04-16 12:00:00,NSE:TIMESGTY,33.8,33.8,33.8,33.8,1834.0
2021-04-16 13:00:00,NSE:TIMESGTY,33.8,33.8,33.8,33.8,226.0
2021-04-16 14:00:00,NSE:TIMESGTY,33.8,33.8,33.8,33.8,810.0
2021-04-16 15:00:00,NSE:TIMESGTY,33.8,33.8,33.8,33.8,832.0
2021-04-19 09:00:00,NSE:TIMESGTY,37.45,40.5,36.4,40.1,166887.0
2021-04-19 10:00:00,NSE:TIMESGTY,40.1,40.35,39.6,39.65,41173.0
2021-04-19 11:00:00,NSE:TIMESGTY,39.7,40.55,39.55,40.55,34559.0
2021-04-19 12:00:00,NSE:TIMESGTY,40.55,40.55,40.55,40.55,4332.0
2021-04-19 13:00:00,NSE:TIMESGTY,40.55,40.55,40.55,40.55,1385.0
2021-04-19 14:00:00,NSE:TIMESGTY,40.55,40.55,40.55,40.55,1132.0
2021-04-19 15:00:00,NSE:TIMESGTY,40.55,40.55,40.55,40.55,448.0
2021-04-20 09:00:00,NSE:TIMESGTY,44.55,44.6,44.55,44.6,15355.0
2021-04-20 10:00:00,NSE:TIMESGTY,44.6,44.6,44.6,44.6,616.0
2021-04-20 11:00:00,NSE:TIMESGTY,44.6,44.6,44.6,44.6,275.0
2021-04-20 12:00:00,NSE:TIMESGTY,44.6,44.6,44.6,44.6,247.0
2021-04-20 13:00:00,NSE:TIMESGTY,44.6,44.6,44.6,44.6,4688.0
2021-04-20 14:00:00,NSE:TIMESGTY,44.6,44.6,44.6,44.6,910.0
2021-04-20 15:00:00,NSE:TIMESGTY,44.6,44.6,44.6,44.6,116.0
2021-04-22 09:00:00,NSE:TIMESGTY,49.05,49.05,47.2,49.05,21038.0
2021-04-22 10:00:00,NSE:TIMESGTY,49.05,49.05,49.05,49.05,1139.0
2021-04-22 11:00:00,NSE:TIMESGTY,49.05,49.05,49.05,49.05,45.0
2021-04-22 12:00:00,NSE:TIMESGTY,49.05,49.05,49.05,49.05,80.0
2021-04-22 13:00:00,NSE:TIMESGTY,49.05,49.05,49.05,49.05,9356.0
2021-04-22 14:00:00,NSE:TIMESGTY,49.05,49.05,49.05,49.05,50.0
2021-04-22 15:00:00,NSE:TIMESGTY,49.05,49.05,49.05,49.05,2.0
2021-04-23 09:00:00,NSE:TIMESGTY,53.95,53.95,53.95,53.95,3787.0
2021-04-23 10:00:00,NSE:TIMESGTY,53.95,53.95,53.95,53.95,147.0
2021-04-23 11:00:00,NSE:TIMESGTY,53.95,53.95,53.95,53.95,4902.0
2021-04-23 12:00:00,NSE:TIMESGTY,53.95,53.95,53.95,53.95,344.0
2021-04-23 13:00:00,NSE:TIMESGTY,53.95,53.95,53.95,53.95,4361.0
2021-04-23 14:00:00,NSE:TIMESGTY,53.95,53.95,53.95,53.95,10.0
2021-04-23 15:00:00,NSE:TIMESGTY,53.95,53.95,53.95,53.95,422.0
2021-04-26 09:00:00,NSE:TIMESGTY,56.6,56.6,54.25,56.6,46177.0
2021-04-26 10:00:00,NSE:TIMESGTY,56.6,56.6,56.6,56.6,2134.0
2021-04-26 11:00:00,NSE:TIMESGTY,56.6,56.6,56.6,56.6,175.0
2021-04-26 12:00:00,NSE:TIMESGTY,56.6,56.6,56.6,56.6,370.0
2021-04-26 14:00:00,NSE:TIMESGTY,56.6,56.6,56.6,56.6,906.0
2021-04-26 15:00:00,NSE:TIMESGTY,56.6,56.6,56.6,56.6,51.0
2021-04-27 09:00:00,NSE:TIMESGTY,59.4,59.4,59.4,59.4,7491.0
2021-04-27 10:00:00,NSE:TIMESGTY,59.4,59.4,59.4,59.4,505.0
2021-04-27 11:00:00,NSE:TIMESGTY,59.4,59.4,59.4,59.4,1.0
2021-04-27 12:00:00,NSE:TIMESGTY,59.4,59.4,59.4,59.4,1.0
2021-04-27 13:00:00,NSE:TIMESGTY,59.4,59.4,59.4,59.4,5.0
2021-04-27 14:00:00,NSE:TIMESGTY,59.4,59.4,59.4,59.4,100.0
2021-04-27 15:00:00,NSE:TIMESGTY,59.4,59.4,59.4,59.4,20.0
2021-04-28 09:00:00,NSE:TIMESGTY,62.35,62.35,61.9,62.35,12454.0
2021-04-28 10:00:00,NSE:TIMESGTY,62.35,62.35,62.35,62.35,1480.0
2021-04-28 11:00:00,NSE:TIMESGTY,62.35,62.35,60.35,62.35,25070.0
2021-04-28 12:00:00,NSE:TIMESGTY,62.35,62.35,56.45,56.45,19910.0
2021-04-28 13:00:00,NSE:TIMESGTY,56.45,56.45,56.45,56.45,2554.0
2021-04-28 14:00:00,NSE:TIMESGTY,56.45,56.45,56.45,56.45,10905.0
2021-04-28 15:00:00,NSE:TIMESGTY,56.45,56.45,56.45,56.45,1420.0
2021-04-29 09:00:00,NSE:TIMESGTY,53.65,53.65,53.65,53.65,2440.0
2021-04-29 10:00:00,NSE:TIMESGTY,53.65,53.65,53.65,53.65,403.0
2021-04-29 11:00:00,NSE:TIMESGTY,53.65,53.65,53.65,53.65,59.0
2021-04-29 12:00:00,NSE:TIMESGTY,53.65,53.65,53.65,53.65,1266.0
2021-04-29 13:00:00,NSE:TIMESGTY,53.65,53.65,53.65,53.65,15.0
2021-04-29 14:00:00,NSE:TIMESGTY,53.65,53.65,53.65,53.65,522.0
2021-04-29 15:00:00,NSE:TIMESGTY,53.65,53.65,53.65,53.65,2010.0
2021-04-30 09:00:00,NSE:TIMESGTY,51.0,51.0,51.0,51.0,1085.0
2021-04-30 10:00:00,NSE:TIMESGTY,51.0,51.0,51.0,51.0,71.0
2021-04-30 11:00:00,NSE:TIMESGTY,51.0,51.0,51.0,51.0,1983.0
2021-04-30 12:00:00,NSE:TIMESGTY,51.0,51.0,51.0,51.0,83.0
2021-04-30 13:00:00,NSE:TIMESGTY,51.0,51.0,51.0,51.0,489.0
2021-04-30 14:00:00,NSE:TIMESGTY,51.0,51.0,51.0,51.0,10.0
2021-04-30 15:00:00,NSE:TIMESGTY,51.0,51.0,51.0,51.0,1.0
2021-05-03 09:00:00,NSE:TIMESGTY,48.45,48.45,48.45,48.45,337.0
2021-05-03 10:00:00,NSE:TIMESGTY,48.45,48.45,48.45,48.45,355.0
2021-05-03 11:00:00,NSE:TIMESGTY,48.45,48.45,48.45,48.45,7.0
2021-05-03 12:00:00,NSE:TIMESGTY,48.45,48.45,48.45,48.45,61.0
2021-05-03 13:00:00,NSE:TIMESGTY,48.45,48.45,48.45,48.45,1017.0
2021-05-03 14:00:00,NSE:TIMESGTY,48.45,48.45,48.45,48.45,34.0
2021-05-03 15:00:00,NSE:TIMESGTY,48.45,48.45,48.45,48.45,40.0
2021-05-04 09:00:00,NSE:TIMESGTY,46.05,46.05,46.05,46.05,3912.0
2021-05-04 10:00:00,NSE:TIMESGTY,46.05,46.05,46.05,46.05,454.0
2021-05-04 11:00:00,NSE:TIMESGTY,46.05,46.05,46.05,46.05,899.0
2021-05-04 12:00:00,NSE:TIMESGTY,46.05,46.05,46.05,46.05,11.0
2021-05-04 13:00:00,NSE:TIMESGTY,46.05,46.05,46.05,46.05,4405.0
2021-05-04 14:00:00,NSE:TIMESGTY,46.05,46.05,46.05,46.05,152.0
2021-05-04 15:00:00,NSE:TIMESGTY,46.05,46.05,46.05,46.05,40.0
2021-05-05 09:00:00,NSE:TIMESGTY,44.1,48.35,43.75,48.35,11152.0
2021-05-05 10:00:00,NSE:TIMESGTY,48.35,48.35,48.35,48.35,547.0
2021-05-05 11:00:00,NSE:TIMESGTY,48.35,48.35,48.35,48.35,651.0
2021-05-05 12:00:00,NSE:TIMESGTY,48.35,48.35,48.35,48.35,417.0
2021-05-05 13:00:00,NSE:TIMESGTY,48.35,48.35,48.35,48.35,224.0
2021-05-05 14:00:00,NSE:TIMESGTY,48.35,48.35,48.35,48.35,325.0
2021-05-05 15:00:00,NSE:TIMESGTY,48.35,48.35,48.35,48.35,1.0
2021-05-06 09:00:00,NSE:TIMESGTY,50.0,50.75,49.9,50.75,3672.0
2021-05-06 10:00:00,NSE:TIMESGTY,50.75,50.75,46.25,48.8,18553.0
2021-05-06 11:00:00,NSE:TIMESGTY,48.75,50.4,48.0,48.0,3764.0
2021-05-06 12:00:00,NSE:TIMESGTY,48.05,50.55,48.05,50.5,8943.0
2021-05-06 13:00:00,NSE:TIMESGTY,50.0,50.7,46.5,50.0,3771.0
2021-05-06 14:00:00,NSE:TIMESGTY,50.4,50.7,46.8,47.35,3324.0
2021-05-06 15:00:00,NSE:TIMESGTY,48.2,50.35,48.2,49.0,1481.0
2021-05-07 09:00:00,NSE:TIMESGTY,51.0,51.0,47.5,48.7,6088.0
2021-05-07 10:00:00,NSE:TIMESGTY,47.75,49.5,47.0,47.2,6339.0
2021-05-07 11:00:00,NSE:TIMESGTY,47.25,48.35,47.05,47.8,1522.0
2021-05-07 12:00:00,NSE:TIMESGTY,47.8,48.05,47.0,47.1,7484.0
2021-05-07 13:00:00,NSE:TIMESGTY,47.55,49.2,47.0,47.0,4505.0
2021-05-07 14:00:00,NSE:TIMESGTY,47.0,47.0,47.0,47.0,946.0
2021-05-07 15:00:00,NSE:TIMESGTY,47.0,47.0,47.0,47.0,604.0
2021-05-10 09:00:00,NSE:TIMESGTY,46.0,47.85,44.65,44.65,7262.0
2021-05-10 10:00:00,NSE:TIMESGTY,44.65,44.65,44.65,44.65,873.0
2021-05-10 11:00:00,NSE:TIMESGTY,44.65,44.65,44.65,44.65,667.0
2021-05-10 12:00:00,NSE:TIMESGTY,44.65,44.65,44.65,44.65,44.0
2021-05-10 13:00:00,NSE:TIMESGTY,44.65,44.65,44.65,44.65,4994.0
2021-05-10 14:00:00,NSE:TIMESGTY,44.65,44.65,44.65,44.65,293.0
2021-05-10 15:00:00,NSE:TIMESGTY,44.65,45.5,44.65,45.25,8256.0
2021-05-11 09:00:00,NSE:TIMESGTY,45.9,45.9,42.8,44.85,2674.0
2021-05-11 10:00:00,NSE:TIMESGTY,44.8,44.8,43.35,43.45,1623.0
2021-05-11 11:00:00,NSE:TIMESGTY,44.8,45.3,43.6,44.0,1360.0
2021-05-11 12:00:00,NSE:TIMESGTY,45.1,45.1,43.85,44.3,1182.0
2021-05-11 13:00:00,NSE:TIMESGTY,44.0,44.85,44.0,44.4,336.0
2021-05-11 14:00:00,NSE:TIMESGTY,44.45,44.5,43.95,44.5,701.0
2021-05-11 15:00:00,NSE:TIMESGTY,44.4,45.15,43.5,43.5,2210.0
2021-05-12 09:00:00,NSE:TIMESGTY,45.0,46.75,43.7,44.6,4352.0
2021-05-12 10:00:00,NSE:TIMESGTY,46.55,46.75,44.9,46.4,1362.0
2021-05-12 11:00:00,NSE:TIMESGTY,45.35,46.6,45.35,45.55,961.0
2021-05-12 12:00:00,NSE:TIMESGTY,45.55,46.75,45.55,46.75,1770.0
2021-05-12 13:00:00,NSE:TIMESGTY,46.75,46.75,44.2,45.5,4088.0
2021-05-12 14:00:00,NSE:TIMESGTY,44.25,46.15,43.0,45.5,8198.0
2021-05-12 15:00:00,NSE:TIMESGTY,44.3,45.2,44.3,44.9,2505.0
2021-05-14 09:00:00,NSE:TIMESGTY,46.45,46.95,44.45,46.5,4529.0
2021-05-14 10:00:00,NSE:TIMESGTY,45.9,45.95,44.6,45.8,727.0
2021-05-14 11:00:00,NSE:TIMESGTY,44.7,46.5,44.7,45.75,3355.0
2021-05-14 12:00:00,NSE:TIMESGTY,46.0,46.45,45.6,46.45,717.0
2021-05-14 13:00:00,NSE:TIMESGTY,45.65,45.65,45.6,45.6,342.0
2021-05-14 14:00:00,NSE:TIMESGTY,45.5,46.35,45.0,45.0,1225.0
2021-05-14 15:00:00,NSE:TIMESGTY,46.25,46.25,45.0,45.0,641.0
2021-05-17 09:00:00,NSE:TIMESGTY,46.9,47.5,45.65,46.45,5474.0
2021-05-17 10:00:00,NSE:TIMESGTY,46.4,46.4,45.85,46.0,275.0
2021-05-17 11:00:00,NSE:TIMESGTY,45.65,46.4,45.65,46.1,569.0
2021-05-17 12:00:00,NSE:TIMESGTY,46.1,46.15,46.1,46.15,130.0
2021-05-17 13:00:00,NSE:TIMESGTY,46.1,46.95,46.0,46.0,397.0
2021-05-17 14:00:00,NSE:TIMESGTY,46.5,46.5,46.0,46.0,97.0
2021-05-17 15:00:00,NSE:TIMESGTY,46.45,46.45,46.0,46.0,662.0
2021-05-18 09:00:00,NSE:TIMESGTY,45.15,47.7,44.45,44.45,1052.0
2021-05-18 10:00:00,NSE:TIMESGTY,45.25,45.85,45.2,45.2,225.0
2021-05-18 11:00:00,NSE:TIMESGTY,45.3,45.3,44.6,44.65,1340.0
2021-05-18 12:00:00,NSE:TIMESGTY,44.6,44.65,44.45,44.45,481.0
2021-05-18 13:00:00,NSE:TIMESGTY,44.4,45.75,44.4,45.75,444.0
2021-05-18 14:00:00,NSE:TIMESGTY,45.35,45.85,45.35,45.35,479.0
2021-05-18 15:00:00,NSE:TIMESGTY,45.85,45.85,44.75,44.75,1387.0
2021-05-19 09:00:00,NSE:TIMESGTY,45.15,45.25,43.85,44.8,3494.0
2021-05-19 10:00:00,NSE:TIMESGTY,44.25,47.4,44.25,45.65,6570.0
2021-05-19 11:00:00,NSE:TIMESGTY,45.55,46.15,45.5,46.1,454.0
2021-05-19 12:00:00,NSE:TIMESGTY,45.1,46.15,45.1,45.8,640.0
2021-05-19 13:00:00,NSE:TIMESGTY,45.8,46.5,45.05,45.05,4683.0
2021-05-19 14:00:00,NSE:TIMESGTY,44.7,47.1,44.7,47.1,1065.0
2021-05-19 15:00:00,NSE:TIMESGTY,46.7,47.0,44.8,47.0,696.0
2021-05-20 09:00:00,NSE:TIMESGTY,45.65,46.15,45.65,46.15,202.0
2021-05-20 10:00:00,NSE:TIMESGTY,45.6,46.7,45.6,46.5,637.0
2021-05-20 11:00:00,NSE:TIMESGTY,45.65,46.75,45.65,46.75,372.0
2021-05-20 12:00:00,NSE:TIMESGTY,45.7,46.0,45.6,46.0,412.0
2021-05-20 13:00:00,NSE:TIMESGTY,46.0,46.0,45.15,45.95,860.0
2021-05-20 14:00:00,NSE:TIMESGTY,45.9,46.0,45.9,46.0,137.0
2021-05-20 15:00:00,NSE:TIMESGTY,45.3,46.75,44.55,46.7,889.0
2021-05-21 09:00:00,NSE:TIMESGTY,45.25,46.65,44.55,45.25,1327.0
2021-05-21 10:00:00,NSE:TIMESGTY,46.25,46.25,45.65,45.65,315.0
2021-05-21 11:00:00,NSE:TIMESGTY,45.05,46.45,44.85,46.3,261.0
2021-05-21 12:00:00,NSE:TIMESGTY,46.15,46.3,44.75,46.0,113.0
2021-05-21 13:00:00,NSE:TIMESGTY,45.95,45.95,44.8,44.8,631.0
2021-05-21 14:00:00,NSE:TIMESGTY,45.05,45.2,45.05,45.2,26.0
2021-05-21 15:00:00,NSE:TIMESGTY,45.95,46.5,44.75,44.75,540.0
2021-05-24 09:00:00,NSE:TIMESGTY,47.45,47.45,44.0,46.2,3112.0
2021-05-24 10:00:00,NSE:TIMESGTY,45.25,46.2,45.25,45.3,361.0
2021-05-24 11:00:00,NSE:TIMESGTY,45.0,45.85,45.0,45.4,397.0
2021-05-24 12:00:00,NSE:TIMESGTY,46.0,46.0,45.45,45.5,224.0
2021-05-24 13:00:00,NSE:TIMESGTY,45.5,45.5,45.5,45.5,321.0
2021-05-24 14:00:00,NSE:TIMESGTY,45.95,46.0,45.95,45.95,70.0
2021-05-24 15:00:00,NSE:TIMESGTY,45.4,45.4,44.5,44.55,336.0
2021-05-25 09:00:00,NSE:TIMESGTY,44.5,47.0,44.3,44.9,1999.0
2021-05-25 10:00:00,NSE:TIMESGTY,46.0,46.35,45.1,45.1,583.0
2021-05-25 11:00:00,NSE:TIMESGTY,45.5,45.5,45.15,45.15,159.0
2021-05-25 12:00:00,NSE:TIMESGTY,45.5,45.6,45.5,45.6,155.0
2021-05-25 13:00:00,NSE:TIMESGTY,45.45,45.9,45.45,45.85,478.0
2021-05-25 14:00:00,NSE:TIMESGTY,45.9,45.9,45.25,45.85,545.0
2021-05-25 15:00:00,NSE:TIMESGTY,45.8,45.9,45.8,45.9,254.0
2021-05-26 09:00:00,NSE:TIMESGTY,46.0,48.0,44.1,44.95,2399.0
2021-05-26 10:00:00,NSE:TIMESGTY,45.4,45.4,45.4,45.4,171.0
2021-05-26 11:00:00,NSE:TIMESGTY,45.95,45.95,44.95,45.95,187.0
2021-05-26 12:00:00,NSE:TIMESGTY,45.45,46.2,45.45,46.2,153.0
2021-05-26 13:00:00,NSE:TIMESGTY,46.2,48.1,45.4,48.1,7279.0
2021-05-26 14:00:00,NSE:TIMESGTY,48.1,48.1,48.0,48.1,16517.0
2021-05-26 15:00:00,NSE:TIMESGTY,48.1,48.1,47.55,48.1,5693.0
2021-05-27 09:00:00,NSE:TIMESGTY,50.45,50.45,49.05,50.45,14703.0
2021-05-27 10:00:00,NSE:TIMESGTY,50.45,50.45,50.45,50.45,4350.0
2021-05-27 11:00:00,NSE:TIMESGTY,50.45,50.45,50.45,50.45,2227.0
2021-05-27 12:00:00,NSE:TIMESGTY,50.45,50.45,50.4,50.4,584.0
2021-05-27 13:00:00,NSE:TIMESGTY,50.4,50.45,50.1,50.45,1023.0
2021-05-27 14:00:00,NSE:TIMESGTY,50.45,50.45,49.95,50.45,1467.0
2021-05-27 15:00:00,NSE:TIMESGTY,50.45,50.45,50.45,50.45,285.0
2021-05-28 09:00:00,NSE:TIMESGTY,52.95,52.95,50.05,51.75,12377.0
2021-05-28 10:00:00,NSE:TIMESGTY,51.7,51.75,50.15,50.55,3797.0
2021-05-28 11:00:00,NSE:TIMESGTY,50.5,51.8,50.5,51.7,1941.0
2021-05-28 12:00:00,NSE:TIMESGTY,51.05,51.7,51.05,51.1,344.0
2021-05-28 13:00:00,NSE:TIMESGTY,51.1,51.75,51.05,51.75,769.0
2021-05-28 14:00:00,NSE:TIMESGTY,51.05,51.45,49.2,50.85,5215.0
2021-05-28 15:00:00,NSE:TIMESGTY,50.85,50.85,48.5,48.65,894.0
2021-05-31 09:00:00,NSE:TIMESGTY,49.75,52.2,49.75,50.25,8250.0
2021-05-31 10:00:00,NSE:TIMESGTY,51.25,51.25,50.0,50.0,1943.0
2021-05-31 11:00:00,NSE:TIMESGTY,50.35,52.0,50.1,51.85,2524.0
2021-05-31 12:00:00,NSE:TIMESGTY,50.35,50.5,50.35,50.5,11.0
2021-05-31 13:00:00,NSE:TIMESGTY,51.0,51.05,50.25,51.05,659.0
2021-05-31 14:00:00,NSE:TIMESGTY,51.05,51.05,48.65,49.4,3320.0
2021-05-31 15:00:00,NSE:TIMESGTY,49.65,50.2,47.6,47.7,3009.0
2021-06-01 09:00:00,NSE:TIMESGTY,47.05,49.95,47.05,48.5,2490.0
2021-06-01 10:00:00,NSE:TIMESGTY,49.4,49.4,48.5,49.25,868.0
2021-06-01 11:00:00,NSE:TIMESGTY,48.7,49.35,48.5,49.35,925.0
2021-06-01 12:00:00,NSE:TIMESGTY,48.5,49.3,48.4,48.95,342.0
2021-06-01 13:00:00,NSE:TIMESGTY,49.5,49.5,47.55,48.4,2094.0
2021-06-01 14:00:00,NSE:TIMESGTY,48.0,48.3,47.65,47.65,560.0
2021-06-01 15:00:00,NSE:TIMESGTY,48.1,48.1,47.2,47.2,474.0
2021-06-02 09:00:00,NSE:TIMESGTY,49.65,49.65,47.1,47.4,687.0
2021-06-02 10:00:00,NSE:TIMESGTY,47.1,48.65,47.05,47.4,1261.0
2021-06-02 11:00:00,NSE:TIMESGTY,47.45,49.6,47.45,48.2,4883.0
2021-06-02 12:00:00,NSE:TIMESGTY,48.35,49.5,48.05,48.05,1133.0
2021-06-02 13:00:00,NSE:TIMESGTY,48.1,49.6,48.1,48.45,306.0
2021-06-02 14:00:00,NSE:TIMESGTY,48.95,49.9,48.0,48.65,3870.0
2021-06-02 15:00:00,NSE:TIMESGTY,49.7,49.9,48.65,49.9,746.0
2021-06-03 09:00:00,NSE:TIMESGTY,51.75,51.75,49.5,51.35,853.0
2021-06-03 10:00:00,NSE:TIMESGTY,50.3,51.15,50.25,50.25,430.0
2021-06-03 11:00:00,NSE:TIMESGTY,50.25,50.25,49.75,49.75,489.0
2021-06-03 12:00:00,NSE:TIMESGTY,51.8,51.95,51.75,51.95,5045.0
2021-06-03 13:00:00,NSE:TIMESGTY,51.95,51.95,51.95,51.95,1031.0
2021-06-03 14:00:00,NSE:TIMESGTY,51.95,51.95,51.95,51.95,225.0
2021-06-04 09:00:00,NSE:TIMESGTY,54.5,54.5,52.5,52.95,5690.0
2021-06-04 10:00:00,NSE:TIMESGTY,52.95,53.85,52.2,52.2,1021.0
2021-06-04 11:00:00,NSE:TIMESGTY,52.95,52.95,52.1,52.1,2359.0
2021-06-04 12:00:00,NSE:TIMESGTY,52.95,52.95,52.95,52.95,510.0
2021-06-04 13:00:00,NSE:TIMESGTY,52.95,52.95,52.1,52.3,1216.0
2021-06-04 14:00:00,NSE:TIMESGTY,52.3,52.7,52.1,52.5,924.0
2021-06-04 15:00:00,NSE:TIMESGTY,52.25,52.5,52.1,52.1,4918.0
2021-06-07 09:00:00,NSE:TIMESGTY,54.0,54.0,50.6,52.25,207.0
2021-06-07 10:00:00,NSE:TIMESGTY,52.1,52.9,51.05,52.5,541.0
2021-06-07 11:00:00,NSE:TIMESGTY,52.5,52.95,52.25,52.25,130.0
2021-06-07 12:00:00,NSE:TIMESGTY,52.1,52.1,51.15,51.15,535.0
2021-06-07 13:00:00,NSE:TIMESGTY,52.45,52.45,51.15,52.3,7344.0
2021-06-07 14:00:00,NSE:TIMESGTY,52.0,52.0,49.6,50.65,8194.0
2021-06-07 15:00:00,NSE:TIMESGTY,51.85,51.85,49.1,49.1,1662.0
2021-06-08 09:00:00,NSE:TIMESGTY,53.8,53.8,48.0,50.15,3006.0
2021-06-08 10:00:00,NSE:TIMESGTY,50.0,50.7,50.0,50.6,1131.0
2021-06-08 11:00:00,NSE:TIMESGTY,50.0,50.0,49.5,49.5,1666.0
2021-06-08 12:00:00,NSE:TIMESGTY,49.5,51.7,49.0,50.35,6658.0
2021-06-08 13:00:00,NSE:TIMESGTY,51.25,51.25,49.0,50.8,3852.0
2021-06-08 14:00:00,NSE:TIMESGTY,49.55,50.75,49.55,49.85,2705.0
2021-06-08 15:00:00,NSE:TIMESGTY,50.6,50.6,49.5,49.5,2785.0
2021-06-09 09:00:00,NSE:TIMESGTY,51.95,52.45,49.75,50.0,1641.0
2021-06-09 10:00:00,NSE:TIMESGTY,51.55,51.55,48.55,50.15,2828.0
2021-06-09 11:00:00,NSE:TIMESGTY,49.2,49.9,49.0,49.9,269.0
2021-06-09 12:00:00,NSE:TIMESGTY,49.9,49.9,49.15,49.15,252.0
2021-06-09 13:00:00,NSE:TIMESGTY,49.85,49.95,48.5,49.5,962.0
2021-06-09 14:00:00,NSE:TIMESGTY,49.85,49.85,48.55,48.55,418.0
2021-06-09 15:00:00,NSE:TIMESGTY,48.55,48.55,47.05,47.15,1563.0
2021-06-10 09:00:00,NSE:TIMESGTY,47.75,50.7,47.75,48.0,2972.0
2021-06-10 10:00:00,NSE:TIMESGTY,48.9,49.45,48.65,49.45,255.0
2021-06-10 11:00:00,NSE:TIMESGTY,48.65,49.35,48.65,49.35,177.0
2021-06-10 12:00:00,NSE:TIMESGTY,49.0,49.35,48.65,49.35,186.0
2021-06-10 13:00:00,NSE:TIMESGTY,49.35,49.35,49.0,49.0,407.0
2021-06-10 14:00:00,NSE:TIMESGTY,49.3,49.3,47.55,49.3,1055.0
2021-06-10 15:00:00,NSE:TIMESGTY,47.6,49.75,45.25,48.05,8095.0
2021-06-11 09:00:00,NSE:TIMESGTY,51.5,51.5,48.1,50.25,1802.0
2021-06-11 10:00:00,NSE:TIMESGTY,50.25,50.35,49.1,49.1,956.0
2021-06-11 11:00:00,NSE:TIMESGTY,49.0,50.0,49.0,49.9,136.0
2021-06-11 13:00:00,NSE:TIMESGTY,49.6,49.6,48.7,48.7,1239.0
2021-06-11 14:00:00,NSE:TIMESGTY,48.75,49.0,48.3,48.3,1834.0
2021-06-11 15:00:00,NSE:TIMESGTY,48.5,48.85,47.3,48.85,3535.0
2021-06-14 09:00:00,NSE:TIMESGTY,46.3,49.85,43.35,46.2,10154.0
2021-06-14 10:00:00,NSE:TIMESGTY,45.1,46.0,45.0,45.2,1077.0
2021-06-14 11:00:00,NSE:TIMESGTY,45.25,45.25,43.55,45.25,3759.0
2021-06-14 12:00:00,NSE:TIMESGTY,45.25,46.15,45.25,45.9,2135.0
2021-06-14 13:00:00,NSE:TIMESGTY,45.9,46.2,45.75,46.0,3422.0
2021-06-14 14:00:00,NSE:TIMESGTY,46.25,46.7,46.0,46.7,477.0
2021-06-14 15:00:00,NSE:TIMESGTY,46.5,46.95,44.75,45.5,2036.0
2021-06-15 09:00:00,NSE:TIMESGTY,44.75,49.6,44.75,47.55,9004.0
2021-06-15 10:00:00,NSE:TIMESGTY,47.55,48.8,47.2,48.05,2794.0
2021-06-15 11:00:00,NSE:TIMESGTY,48.0,49.35,46.6,49.0,10357.0
2021-06-15 12:00:00,NSE:TIMESGTY,49.15,50.8,49.15,50.8,8655.0
2021-06-15 13:00:00,NSE:TIMESGTY,50.8,50.8,50.8,50.8,3440.0
2021-06-15 14:00:00,NSE:TIMESGTY,50.8,50.8,50.5,50.8,5497.0
2021-06-15 15:00:00,NSE:TIMESGTY,50.8,50.8,48.25,50.4,12356.0
2021-06-16 09:00:00,NSE:TIMESGTY,52.9,52.9,48.4,48.65,9549.0
2021-06-16 10:00:00,NSE:TIMESGTY,49.65,49.65,46.65,48.15,9538.0
2021-06-16 11:00:00,NSE:TIMESGTY,48.15,48.35,48.15,48.3,1141.0
2021-06-16 12:00:00,NSE:TIMESGTY,48.3,48.3,47.7,48.0,747.0
2021-06-16 13:00:00,NSE:TIMESGTY,48.0,48.25,47.7,47.75,4244.0
2021-06-16 14:00:00,NSE:TIMESGTY,48.25,55.0,47.7,54.95,48179.0
2021-06-16 15:00:00,NSE:TIMESGTY,54.75,55.35,54.5,55.0,25511.0
2021-06-17 09:00:00,NSE:TIMESGTY,54.85,55.0,52.25,54.4,8647.0
2021-06-17 10:00:00,NSE:TIMESGTY,54.55,60.3,54.55,60.3,45732.0
2021-06-17 11:00:00,NSE:TIMESGTY,60.3,60.3,60.3,60.3,7857.0
2021-06-17 12:00:00,NSE:TIMESGTY,60.3,60.3,60.3,60.3,1775.0
2021-06-17 13:00:00,NSE:TIMESGTY,60.3,60.3,60.3,60.3,3750.0
2021-06-17 14:00:00,NSE:TIMESGTY,60.3,60.3,59.0,60.3,5348.0
2021-06-17 15:00:00,NSE:TIMESGTY,60.3,60.3,60.3,60.3,362.0
2021-06-18 09:00:00,NSE:TIMESGTY,63.2,63.3,61.05,61.05,30265.0
2021-06-18 10:00:00,NSE:TIMESGTY,61.0,62.45,60.5,60.5,6860.0
2021-06-18 11:00:00,NSE:TIMESGTY,60.5,60.55,57.3,57.3,4011.0
2021-06-18 12:00:00,NSE:TIMESGTY,57.3,59.4,57.3,58.9,2541.0
2021-06-18 13:00:00,NSE:TIMESGTY,58.5,59.0,58.05,58.95,1601.0
2021-06-18 14:00:00,NSE:TIMESGTY,58.1,59.25,58.1,58.65,165.0
2021-06-18 15:00:00,NSE:TIMESGTY,58.95,61.9,58.0,59.6,10560.0
2021-06-21 09:00:00,NSE:TIMESGTY,59.6,59.6,56.7,56.7,4234.0
2021-06-21 10:00:00,NSE:TIMESGTY,56.7,57.3,56.7,56.75,1615.0
2021-06-21 11:00:00,NSE:TIMESGTY,56.95,58.0,56.9,57.6,1655.0
2021-06-21 12:00:00,NSE:TIMESGTY,57.6,57.6,56.8,56.8,665.0
2021-06-21 13:00:00,NSE:TIMESGTY,57.35,57.35,56.85,56.85,532.0
2021-06-21 14:00:00,NSE:TIMESGTY,57.35,58.4,56.7,58.0,5133.0
2021-06-21 15:00:00,NSE:TIMESGTY,58.0,58.8,57.25,58.0,2037.0
2021-06-22 09:00:00,NSE:TIMESGTY,59.8,59.8,56.85,57.55,759.0
2021-06-22 10:00:00,NSE:TIMESGTY,57.45,57.95,56.9,57.15,1526.0
2021-06-22 11:00:00,NSE:TIMESGTY,57.15,57.45,56.9,57.1,1506.0
2021-06-22 12:00:00,NSE:TIMESGTY,56.95,57.0,56.85,56.95,866.0
2021-06-22 13:00:00,NSE:TIMESGTY,55.85,56.85,55.85,56.65,419.0
2021-06-22 14:00:00,NSE:TIMESGTY,56.6,56.8,56.15,56.8,44.0
2021-06-22 15:00:00,NSE:TIMESGTY,56.95,57.05,55.25,55.25,3383.0
2021-06-23 09:00:00,NSE:TIMESGTY,57.9,58.85,56.35,58.0,5711.0
2021-06-23 10:00:00,NSE:TIMESGTY,58.0,58.0,57.45,57.5,695.0
2021-06-23 11:00:00,NSE:TIMESGTY,57.7,57.7,57.25,57.4,423.0
2021-06-23 12:00:00,NSE:TIMESGTY,57.4,57.4,56.8,56.8,1860.0
2021-06-23 13:00:00,NSE:TIMESGTY,56.15,56.15,56.15,56.15,838.0
2021-06-23 14:00:00,NSE:TIMESGTY,56.7,56.7,56.05,56.05,757.0
2021-06-23 15:00:00,NSE:TIMESGTY,55.55,56.45,54.0,54.85,4387.0
2021-06-24 09:00:00,NSE:TIMESGTY,54.8,56.75,54.2,56.75,2075.0
2021-06-24 10:00:00,NSE:TIMESGTY,56.4,56.4,54.65,55.15,1110.0
2021-06-24 11:00:00,NSE:TIMESGTY,55.95,55.95,55.6,55.6,21.0
2021-06-24 12:00:00,NSE:TIMESGTY,55.6,56.0,54.45,54.45,1217.0
2021-06-24 13:00:00,NSE:TIMESGTY,55.9,55.9,52.55,54.0,6563.0
2021-06-24 14:00:00,NSE:TIMESGTY,54.2,55.15,53.1,53.65,3427.0
2021-06-24 15:00:00,NSE:TIMESGTY,53.65,55.0,53.0,54.05,2726.0
2021-06-25 09:00:00,NSE:TIMESGTY,54.0,54.05,51.55,51.65,6045.0
2021-06-25 10:00:00,NSE:TIMESGTY,52.6,54.15,52.6,52.9,1371.0
2021-06-25 11:00:00,NSE:TIMESGTY,53.0,54.85,52.2,52.7,1905.0
2021-06-25 12:00:00,NSE:TIMESGTY,53.75,54.55,53.1,53.65,3011.0
2021-06-25 13:00:00,NSE:TIMESGTY,53.65,54.25,52.8,52.8,1264.0
2021-06-25 14:00:00,NSE:TIMESGTY,52.95,54.2,52.95,53.8,506.0
2021-06-25 15:00:00,NSE:TIMESGTY,53.8,53.8,52.5,53.75,692.0
2021-06-28 09:00:00,NSE:TIMESGTY,54.0,54.95,52.05,53.7,2331.0
2021-06-28 10:00:00,NSE:TIMESGTY,53.9,54.3,53.7,54.0,862.0
2021-06-28 11:00:00,NSE:TIMESGTY,54.0,54.0,53.7,54.0,1835.0
2021-06-28 12:00:00,NSE:TIMESGTY,53.95,54.0,53.95,54.0,539.0
2021-06-28 13:00:00,NSE:TIMESGTY,53.95,53.95,53.95,53.95,1.0
2021-06-28 14:00:00,NSE:TIMESGTY,53.9,53.9,53.05,53.05,207.0
2021-06-28 15:00:00,NSE:TIMESGTY,53.9,53.9,53.4,53.4,151.0
2021-06-29 09:00:00,NSE:TIMESGTY,55.55,55.55,53.2,53.2,3295.0
2021-06-29 10:00:00,NSE:TIMESGTY,54.95,54.95,53.55,53.6,1669.0
2021-06-29 11:00:00,NSE:TIMESGTY,53.75,55.3,52.0,53.8,3612.0
2021-06-29 12:00:00,NSE:TIMESGTY,53.95,53.95,52.3,53.7,3288.0
2021-06-29 13:00:00,NSE:TIMESGTY,53.1,53.1,52.3,52.5,117.0
2021-06-29 14:00:00,NSE:TIMESGTY,53.3,53.45,52.65,53.0,1033.0
2021-06-29 15:00:00,NSE:TIMESGTY,53.0,53.55,52.2,52.2,1053.0
2021-06-30 09:00:00,NSE:TIMESGTY,55.0,55.4,53.0,55.4,7040.0
2021-06-30 10:00:00,NSE:TIMESGTY,54.35,55.3,54.35,55.0,423.0
2021-06-30 11:00:00,NSE:TIMESGTY,54.65,54.85,54.4,54.4,256.0
2021-06-30 12:00:00,NSE:TIMESGTY,54.7,54.9,53.1,53.3,2985.0
2021-06-30 13:00:00,NSE:TIMESGTY,54.5,54.8,53.35,53.55,5819.0
2021-06-30 14:00:00,NSE:TIMESGTY,54.5,54.5,53.6,54.15,258.0
2021-06-30 15:00:00,NSE:TIMESGTY,54.1,54.1,51.2,52.8,3758.0
2021-07-01 09:00:00,NSE:TIMESGTY,53.0,54.75,53.0,53.35,1496.0
2021-07-01 10:00:00,NSE:TIMESGTY,53.7,53.85,53.3,53.45,806.0
2021-07-01 11:00:00,NSE:TIMESGTY,53.65,53.9,53.6,53.85,581.0
2021-07-01 12:00:00,NSE:TIMESGTY,54.2,54.2,53.0,53.25,1685.0
2021-07-01 13:00:00,NSE:TIMESGTY,54.05,54.25,53.4,54.2,1367.0
2021-07-01 14:00:00,NSE:TIMESGTY,54.25,54.6,53.25,53.3,3675.0
2021-07-01 15:00:00,NSE:TIMESGTY,53.75,55.0,53.75,54.75,2363.0
2021-07-02 09:00:00,NSE:TIMESGTY,54.7,54.7,53.25,54.5,595.0
2021-07-02 10:00:00,NSE:TIMESGTY,53.5,53.5,52.55,53.5,362.0
2021-07-02 11:00:00,NSE:TIMESGTY,53.5,53.5,53.05,53.4,373.0
2021-07-02 12:00:00,NSE:TIMESGTY,53.4,53.45,52.3,52.95,2663.0
2021-07-02 13:00:00,NSE:TIMESGTY,52.9,52.9,52.85,52.85,400.0
2021-07-02 14:00:00,NSE:TIMESGTY,52.5,52.9,52.5,52.6,375.0
2021-07-02 15:00:00,NSE:TIMESGTY,52.55,52.9,52.3,52.5,3066.0
2021-07-05 09:00:00,NSE:TIMESGTY,53.85,53.85,52.6,53.1,753.0
2021-07-05 10:00:00,NSE:TIMESGTY,53.25,53.55,52.6,53.0,472.0
2021-07-05 11:00:00,NSE:TIMESGTY,53.35,53.35,53.35,53.35,218.0
2021-07-05 12:00:00,NSE:TIMESGTY,53.35,53.35,52.25,52.25,400.0
2021-07-05 13:00:00,NSE:TIMESGTY,52.3,52.3,52.25,52.3,850.0
2021-07-05 14:00:00,NSE:TIMESGTY,52.5,52.5,52.3,52.3,889.0
2021-07-05 15:00:00,NSE:TIMESGTY,51.95,52.0,51.35,52.0,2466.0
2021-07-06 09:00:00,NSE:TIMESGTY,52.0,52.85,51.05,52.45,271.0
2021-07-06 10:00:00,NSE:TIMESGTY,52.45,52.45,51.1,51.65,2994.0
2021-07-06 11:00:00,NSE:TIMESGTY,52.25,52.35,51.65,52.35,78.0
2021-07-06 12:00:00,NSE:TIMESGTY,51.7,52.4,51.35,52.0,1579.0
2021-07-06 13:00:00,NSE:TIMESGTY,51.85,52.1,51.7,52.1,732.0
2021-07-06 14:00:00,NSE:TIMESGTY,52.1,52.5,51.8,52.3,2106.0
2021-07-06 15:00:00,NSE:TIMESGTY,52.3,52.3,52.3,52.3,310.0
2021-07-07 09:00:00,NSE:TIMESGTY,53.3,53.3,51.5,52.7,1366.0
2021-07-07 10:00:00,NSE:TIMESGTY,51.05,52.7,51.05,52.0,1728.0
2021-07-07 11:00:00,NSE:TIMESGTY,52.0,52.6,52.0,52.6,125.0
2021-07-07 12:00:00,NSE:TIMESGTY,52.4,52.7,52.0,52.05,6778.0
2021-07-07 13:00:00,NSE:TIMESGTY,52.4,53.25,52.0,52.4,1501.0
2021-07-07 14:00:00,NSE:TIMESGTY,52.4,53.05,52.3,52.5,412.0
2021-07-07 15:00:00,NSE:TIMESGTY,52.9,53.0,51.5,51.65,4689.0
2021-07-08 09:00:00,NSE:TIMESGTY,51.85,52.95,51.75,52.05,716.0
2021-07-08 10:00:00,NSE:TIMESGTY,52.05,52.2,51.85,52.15,129.0
2021-07-08 11:00:00,NSE:TIMESGTY,52.2,52.2,52.2,52.2,5.0
2021-07-08 12:00:00,NSE:TIMESGTY,52.05,52.05,52.05,52.05,86.0
2021-07-08 13:00:00,NSE:TIMESGTY,52.05,52.05,50.35,51.15,9168.0
2021-07-08 14:00:00,NSE:TIMESGTY,51.15,52.1,50.35,51.4,1966.0
2021-07-08 15:00:00,NSE:TIMESGTY,51.35,51.75,50.35,50.35,3497.0
2021-07-09 09:00:00,NSE:TIMESGTY,49.7,51.95,49.7,51.65,4067.0
2021-07-09 10:00:00,NSE:TIMESGTY,51.6,51.6,50.8,51.35,489.0
2021-07-09 11:00:00,NSE:TIMESGTY,51.5,51.7,50.85,51.4,497.0
2021-07-09 12:00:00,NSE:TIMESGTY,50.9,51.9,50.55,51.15,6018.0
2021-07-09 13:00:00,NSE:TIMESGTY,51.85,51.85,51.85,51.85,25.0
2021-07-09 14:00:00,NSE:TIMESGTY,51.2,51.9,50.7,51.15,5467.0
2021-07-09 15:00:00,NSE:TIMESGTY,51.5,52.85,51.5,52.75,641.0
2021-07-12 09:00:00,NSE:TIMESGTY,53.65,54.95,51.85,54.95,21187.0
2021-07-12 10:00:00,NSE:TIMESGTY,54.95,54.95,54.95,54.95,870.0
2021-07-12 11:00:00,NSE:TIMESGTY,54.95,54.95,54.95,54.95,1323.0
2021-07-12 13:00:00,NSE:TIMESGTY,54.95,54.95,54.95,54.95,310.0
2021-07-12 14:00:00,NSE:TIMESGTY,54.95,54.95,54.95,54.95,112.0
2021-07-12 15:00:00,NSE:TIMESGTY,54.95,54.95,54.95,54.95,525.0
2021-07-13 09:00:00,NSE:TIMESGTY,55.5,57.65,55.5,57.25,11223.0
2021-07-13 10:00:00,NSE:TIMESGTY,57.35,57.65,56.75,56.8,2309.0
2021-07-13 11:00:00,NSE:TIMESGTY,57.4,57.6,57.15,57.35,5013.0
2021-07-13 12:00:00,NSE:TIMESGTY,57.5,57.65,57.4,57.65,1517.0
2021-07-13 13:00:00,NSE:TIMESGTY,57.65,57.65,57.2,57.2,468.0
2021-07-13 14:00:00,NSE:TIMESGTY,57.1,57.4,56.75,57.4,3894.0
2021-07-13 15:00:00,NSE:TIMESGTY,57.0,57.65,55.1,56.5,6947.0
2021-07-14 09:00:00,NSE:TIMESGTY,56.0,58.65,56.0,57.5,3166.0
2021-07-14 10:00:00,NSE:TIMESGTY,57.95,58.25,57.5,57.5,1535.0
2021-07-14 11:00:00,NSE:TIMESGTY,58.0,58.2,56.35,57.55,1682.0
2021-07-14 12:00:00,NSE:TIMESGTY,56.75,57.9,56.45,56.45,8622.0
2021-07-14 13:00:00,NSE:TIMESGTY,56.1,58.0,56.0,57.3,2463.0
2021-07-14 14:00:00,NSE:TIMESGTY,56.15,56.95,56.1,56.1,1307.0
2021-07-14 15:00:00,NSE:TIMESGTY,56.1,56.9,55.0,56.9,1438.0
2021-07-15 09:00:00,NSE:TIMESGTY,57.65,57.65,55.0,57.15,1689.0
2021-07-15 10:00:00,NSE:TIMESGTY,56.4,56.6,54.3,54.55,3607.0
2021-07-15 11:00:00,NSE:TIMESGTY,54.05,55.5,53.85,54.5,3564.0
2021-07-15 12:00:00,NSE:TIMESGTY,54.0,54.35,54.0,54.25,429.0
2021-07-15 13:00:00,NSE:TIMESGTY,54.25,54.25,53.5,53.5,418.0
2021-07-15 14:00:00,NSE:TIMESGTY,53.95,54.15,53.5,53.9,928.0
2021-07-15 15:00:00,NSE:TIMESGTY,53.9,53.9,53.5,53.5,750.0
2021-07-16 09:00:00,NSE:TIMESGTY,54.9,55.0,51.75,52.9,2353.0
2021-07-16 10:00:00,NSE:TIMESGTY,52.8,52.8,52.3,52.4,478.0
2021-07-16 11:00:00,NSE:TIMESGTY,52.75,53.45,52.4,53.45,1006.0
2021-07-16 12:00:00,NSE:TIMESGTY,53.35,53.35,52.35,52.35,1684.0
2021-07-16 13:00:00,NSE:TIMESGTY,52.35,52.7,52.35,52.7,82.0
2021-07-16 14:00:00,NSE:TIMESGTY,52.7,54.25,52.55,53.55,950.0
2021-07-16 15:00:00,NSE:TIMESGTY,53.45,54.75,53.45,54.45,403.0
2021-07-19 09:00:00,NSE:TIMESGTY,54.0,56.0,53.65,54.25,3186.0
2021-07-19 10:00:00,NSE:TIMESGTY,55.2,55.75,54.25,55.55,2604.0
2021-07-19 11:00:00,NSE:TIMESGTY,55.75,56.65,55.55,56.05,1749.0
2021-07-19 12:00:00,NSE:TIMESGTY,56.5,56.9,56.05,56.85,3855.0
2021-07-19 13:00:00,NSE:TIMESGTY,56.85,56.9,56.3,56.9,1253.0
2021-07-19 14:00:00,NSE:TIMESGTY,56.9,56.9,56.25,56.25,3327.0
2021-07-19 15:00:00,NSE:TIMESGTY,56.9,56.9,56.9,56.9,217.0
2021-07-20 09:00:00,NSE:TIMESGTY,59.65,59.65,56.0,56.1,8156.0
2021-07-20 10:00:00,NSE:TIMESGTY,56.0,57.55,55.25,56.25,7432.0
2021-07-20 11:00:00,NSE:TIMESGTY,56.2,56.25,56.2,56.25,342.0
2021-07-20 12:00:00,NSE:TIMESGTY,56.2,56.55,56.2,56.55,490.0
2021-07-20 13:00:00,NSE:TIMESGTY,56.55,57.25,55.8,56.2,2280.0
2021-07-20 14:00:00,NSE:TIMESGTY,56.4,57.55,56.3,56.4,3536.0
2021-07-20 15:00:00,NSE:TIMESGTY,57.55,57.9,55.45,55.45,13015.0
2021-07-22 09:00:00,NSE:TIMESGTY,55.6,56.7,54.5,55.5,2874.0
2021-07-22 10:00:00,NSE:TIMESGTY,55.85,56.6,55.75,56.6,1216.0
2021-07-22 11:00:00,NSE:TIMESGTY,56.55,57.9,56.05,56.65,7406.0
2021-07-22 12:00:00,NSE:TIMESGTY,56.45,57.25,56.05,56.5,544.0
2021-07-22 13:00:00,NSE:TIMESGTY,56.05,57.15,56.05,56.8,1659.0
2021-07-22 14:00:00,NSE:TIMESGTY,57.5,57.5,56.35,57.1,981.0
2021-07-22 15:00:00,NSE:TIMESGTY,57.15,57.3,56.25,57.0,615.0
2021-07-23 09:00:00,NSE:TIMESGTY,55.35,58.0,55.35,56.2,1192.0
2021-07-23 10:00:00,NSE:TIMESGTY,56.25,57.9,55.7,56.6,5987.0
2021-07-23 11:00:00,NSE:TIMESGTY,56.6,56.85,56.0,56.1,144.0
2021-07-23 12:00:00,NSE:TIMESGTY,56.1,56.55,55.35,56.4,595.0
2021-07-23 13:00:00,NSE:TIMESGTY,55.7,56.05,55.7,55.7,64.0
2021-07-23 14:00:00,NSE:TIMESGTY,55.65,56.1,55.6,55.6,573.0
2021-07-23 15:00:00,NSE:TIMESGTY,55.6,56.2,55.6,56.05,1038.0
