datetime,symbol,open,high,low,close,volume
2018-08-29 09:00:00,NSE:DWARKESH,19.3,19.4,19.2,19.35,102034.0
2018-08-29 10:00:00,NSE:DWARKESH,19.4,19.4,19.1,19.2,98092.0
2018-08-29 11:00:00,NSE:DWARKESH,19.2,19.25,19.1,19.25,62441.0
2018-08-29 12:00:00,NSE:DWARKESH,19.2,19.25,19.15,19.15,8853.0
2018-08-29 13:00:00,NSE:DWARKESH,19.2,19.25,19.15,19.2,20948.0
2018-08-29 14:00:00,NSE:DWARKESH,19.2,19.65,19.15,19.35,196688.0
2018-08-29 15:00:00,NSE:DWARKESH,19.6,19.6,19.25,19.35,114824.0
2018-08-30 09:00:00,NSE:DWARKESH,19.3,19.35,19.05,19.2,51433.0
2018-08-30 10:00:00,NSE:DWARKESH,19.2,19.25,19.1,19.15,42440.0
2018-08-30 11:00:00,NSE:DWARKESH,19.15,19.2,19.05,19.1,28002.0
2018-08-30 12:00:00,NSE:DWARKESH,19.1,19.35,19.1,19.2,65752.0
2018-08-30 13:00:00,NSE:DWARKESH,19.25,19.35,19.05,19.1,100788.0
2018-08-30 14:00:00,NSE:DWARKESH,19.1,19.2,19.0,19.05,93845.0
2018-08-30 15:00:00,NSE:DWARKESH,19.1,19.1,19.0,19.05,53258.0
2018-08-31 09:00:00,NSE:DWARKESH,19.1,19.35,19.05,19.2,148821.0
2018-08-31 10:00:00,NSE:DWARKESH,19.25,19.3,19.1,19.2,73848.0
2018-08-31 11:00:00,NSE:DWARKESH,19.15,19.2,18.9,19.0,78880.0
2018-08-31 12:00:00,NSE:DWARKESH,18.95,19.1,18.9,19.0,51338.0
2018-08-31 13:00:00,NSE:DWARKESH,18.95,19.0,18.9,18.95,22884.0
2018-08-31 14:00:00,NSE:DWARKESH,18.95,18.95,18.85,18.95,54635.0
2018-08-31 15:00:00,NSE:DWARKESH,18.9,18.95,18.75,18.85,83836.0
2018-09-03 09:00:00,NSE:DWARKESH,19.0,19.2,18.85,19.1,115401.0
2018-09-03 10:00:00,NSE:DWARKESH,19.1,19.1,18.9,19.0,108645.0
2018-09-03 11:00:00,NSE:DWARKESH,19.0,19.15,19.0,19.15,103504.0
2018-09-03 12:00:00,NSE:DWARKESH,19.15,19.15,19.05,19.1,34091.0
2018-09-03 13:00:00,NSE:DWARKESH,19.1,19.15,19.05,19.15,83728.0
2018-09-03 14:00:00,NSE:DWARKESH,19.1,19.25,19.05,19.1,185617.0
2018-09-03 15:00:00,NSE:DWARKESH,19.05,19.1,18.8,18.95,93646.0
2018-09-04 09:00:00,NSE:DWARKESH,19.1,19.1,18.85,18.9,53070.0
2018-09-04 10:00:00,NSE:DWARKESH,18.9,18.9,18.7,18.75,30911.0
2018-09-04 11:00:00,NSE:DWARKESH,18.7,18.8,18.7,18.8,31747.0
2018-09-04 12:00:00,NSE:DWARKESH,18.8,19.0,18.75,18.9,97498.0
2018-09-04 13:00:00,NSE:DWARKESH,18.95,19.0,18.8,18.8,77747.0
2018-09-04 14:00:00,NSE:DWARKESH,18.85,18.85,18.5,18.65,122959.0
2018-09-04 15:00:00,NSE:DWARKESH,18.6,18.75,18.35,18.5,132944.0
2018-09-05 09:00:00,NSE:DWARKESH,18.35,18.65,18.15,18.25,92286.0
2018-09-05 10:00:00,NSE:DWARKESH,18.25,18.3,18.05,18.2,51153.0
2018-09-05 11:00:00,NSE:DWARKESH,18.2,18.3,18.1,18.2,36063.0
2018-09-05 12:00:00,NSE:DWARKESH,18.15,18.25,18.05,18.15,36435.0
2018-09-05 13:00:00,NSE:DWARKESH,18.1,18.15,17.75,17.85,100737.0
2018-09-05 14:00:00,NSE:DWARKESH,17.85,18.0,17.4,17.9,214910.0
2018-09-05 15:00:00,NSE:DWARKESH,17.9,18.2,17.85,18.0,63371.0
2018-09-06 09:00:00,NSE:DWARKESH,18.2,18.4,17.6,18.2,63718.0
2018-09-06 10:00:00,NSE:DWARKESH,18.2,18.85,18.2,18.45,152151.0
2018-09-06 11:00:00,NSE:DWARKESH,18.45,18.5,18.3,18.35,43193.0
2018-09-06 12:00:00,NSE:DWARKESH,18.45,18.45,18.3,18.3,19576.0
2018-09-06 13:00:00,NSE:DWARKESH,18.3,18.5,18.2,18.45,38095.0
2018-09-06 14:00:00,NSE:DWARKESH,18.4,18.5,18.3,18.35,62915.0
2018-09-06 15:00:00,NSE:DWARKESH,18.35,18.75,18.35,18.6,119290.0
2018-09-07 09:00:00,NSE:DWARKESH,19.15,19.6,19.0,19.25,360572.0
2018-09-07 10:00:00,NSE:DWARKESH,19.2,19.25,19.05,19.2,129124.0
2018-09-07 11:00:00,NSE:DWARKESH,19.25,19.25,18.9,18.9,112872.0
2018-09-07 12:00:00,NSE:DWARKESH,18.95,19.15,18.9,19.15,55062.0
2018-09-07 13:00:00,NSE:DWARKESH,19.05,19.15,19.0,19.1,36355.0
2018-09-07 14:00:00,NSE:DWARKESH,19.1,19.2,19.05,19.15,83782.0
2018-09-07 15:00:00,NSE:DWARKESH,19.2,19.2,19.0,19.05,137436.0
2018-09-10 09:00:00,NSE:DWARKESH,19.6,19.6,19.15,19.2,148843.0
2018-09-10 10:00:00,NSE:DWARKESH,19.2,19.3,19.15,19.15,55955.0
2018-09-10 11:00:00,NSE:DWARKESH,19.2,19.25,19.15,19.15,38112.0
2018-09-10 12:00:00,NSE:DWARKESH,19.15,19.25,18.9,19.2,94466.0
2018-09-10 13:00:00,NSE:DWARKESH,19.35,19.7,19.2,19.3,282574.0
2018-09-10 14:00:00,NSE:DWARKESH,19.3,20.1,19.25,20.0,506382.0
2018-09-10 15:00:00,NSE:DWARKESH,20.0,20.4,19.45,20.0,924322.0
2018-09-11 09:00:00,NSE:DWARKESH,19.85,20.2,19.6,19.85,235583.0
2018-09-11 10:00:00,NSE:DWARKESH,19.95,20.1,19.8,19.9,119566.0
2018-09-11 11:00:00,NSE:DWARKESH,19.9,19.95,19.65,19.65,74802.0
2018-09-11 12:00:00,NSE:DWARKESH,19.7,20.0,19.65,19.85,103827.0
2018-09-11 13:00:00,NSE:DWARKESH,19.8,20.1,19.75,19.75,197467.0
2018-09-11 14:00:00,NSE:DWARKESH,19.75,20.15,19.3,19.35,345323.0
2018-09-11 15:00:00,NSE:DWARKESH,19.35,19.95,19.2,19.5,298371.0
2018-09-12 09:00:00,NSE:DWARKESH,20.0,20.0,19.6,19.7,271373.0
2018-09-12 10:00:00,NSE:DWARKESH,19.7,19.8,19.5,19.75,128490.0
2018-09-12 11:00:00,NSE:DWARKESH,19.75,19.9,19.6,19.7,89637.0
2018-09-12 12:00:00,NSE:DWARKESH,19.7,20.05,19.4,20.0,309654.0
2018-09-12 13:00:00,NSE:DWARKESH,20.1,20.75,19.7,20.1,914947.0
2018-09-12 14:00:00,NSE:DWARKESH,20.1,20.9,20.05,20.85,915264.0
2018-09-12 15:00:00,NSE:DWARKESH,20.85,21.0,20.5,20.75,688348.0
2018-09-14 09:00:00,NSE:DWARKESH,21.6,24.3,21.0,23.45,2482215.0
2018-09-14 10:00:00,NSE:DWARKESH,23.35,24.7,23.35,24.1,2488893.0
2018-09-14 11:00:00,NSE:DWARKESH,24.05,24.15,23.65,23.85,820526.0
2018-09-14 12:00:00,NSE:DWARKESH,23.85,24.9,23.75,24.9,3029359.0
2018-09-14 13:00:00,NSE:DWARKESH,24.9,24.9,24.9,24.9,145189.0
2018-09-14 14:00:00,NSE:DWARKESH,24.9,24.9,23.85,24.8,2994999.0
2018-09-14 15:00:00,NSE:DWARKESH,24.75,24.9,24.7,24.9,1502960.0
2018-09-17 09:00:00,NSE:DWARKESH,25.85,29.85,25.45,29.85,10319177.0
2018-09-17 10:00:00,NSE:DWARKESH,29.85,29.85,29.05,29.85,5755162.0
2018-09-17 11:00:00,NSE:DWARKESH,29.85,29.85,29.85,29.85,146727.0
2018-09-17 12:00:00,NSE:DWARKESH,29.85,29.85,29.85,29.85,42171.0
2018-09-17 13:00:00,NSE:DWARKESH,29.85,29.85,29.85,29.85,61077.0
2018-09-17 14:00:00,NSE:DWARKESH,29.85,29.85,29.85,29.85,138586.0
2018-09-17 15:00:00,NSE:DWARKESH,29.85,29.85,29.85,29.85,73595.0
2018-09-18 09:00:00,NSE:DWARKESH,32.8,32.8,27.4,28.3,7693088.0
2018-09-18 10:00:00,NSE:DWARKESH,28.35,28.45,26.9,26.95,2166287.0
2018-09-18 11:00:00,NSE:DWARKESH,26.95,28.3,26.9,28.0,3089389.0
2018-09-18 12:00:00,NSE:DWARKESH,28.0,28.7,27.7,28.05,929867.0
2018-09-18 13:00:00,NSE:DWARKESH,28.05,28.25,27.1,27.55,560578.0
2018-09-18 14:00:00,NSE:DWARKESH,27.6,27.65,26.9,26.95,758944.0
2018-09-18 15:00:00,NSE:DWARKESH,26.95,27.5,26.9,26.95,427158.0
2018-09-19 09:00:00,NSE:DWARKESH,28.7,29.3,27.4,28.5,2328224.0
2018-09-19 10:00:00,NSE:DWARKESH,28.45,28.8,28.1,28.2,684969.0
2018-09-19 11:00:00,NSE:DWARKESH,28.2,28.4,27.2,28.05,1101744.0
2018-09-19 12:00:00,NSE:DWARKESH,28.05,28.6,27.45,27.5,739077.0
2018-09-19 13:00:00,NSE:DWARKESH,27.6,27.8,27.4,27.6,374827.0
2018-09-19 14:00:00,NSE:DWARKESH,27.7,28.25,27.55,28.05,591757.0
2018-09-19 15:00:00,NSE:DWARKESH,28.0,28.5,27.8,28.15,936618.0
2018-09-21 09:00:00,NSE:DWARKESH,28.25,28.9,25.75,26.5,1301664.0
2018-09-21 10:00:00,NSE:DWARKESH,26.5,27.2,26.5,26.7,750511.0
2018-09-21 11:00:00,NSE:DWARKESH,26.7,26.85,26.2,26.3,285455.0
2018-09-21 12:00:00,NSE:DWARKESH,26.3,26.4,25.35,25.35,594364.0
2018-09-21 13:00:00,NSE:DWARKESH,25.35,25.75,25.35,25.35,298774.0
2018-09-21 14:00:00,NSE:DWARKESH,25.35,25.35,25.35,25.35,69999.0
2018-09-21 15:00:00,NSE:DWARKESH,25.35,25.35,25.35,25.35,68419.0
2018-09-24 09:00:00,NSE:DWARKESH,24.15,24.85,23.1,23.5,982699.0
2018-09-24 10:00:00,NSE:DWARKESH,23.55,24.45,22.9,24.1,1146061.0
2018-09-24 11:00:00,NSE:DWARKESH,24.1,24.15,23.15,23.2,330708.0
2018-09-24 12:00:00,NSE:DWARKESH,23.3,23.7,23.05,23.55,327108.0
2018-09-24 13:00:00,NSE:DWARKESH,23.6,23.65,23.05,23.05,262991.0
2018-09-24 14:00:00,NSE:DWARKESH,23.05,24.15,22.95,24.15,540215.0
2018-09-24 15:00:00,NSE:DWARKESH,23.95,24.05,22.85,23.4,371837.0
2018-09-25 09:00:00,NSE:DWARKESH,23.6,24.4,23.25,24.0,897995.0
2018-09-25 10:00:00,NSE:DWARKESH,23.95,24.7,23.75,24.5,697127.0
2018-09-25 11:00:00,NSE:DWARKESH,24.55,24.8,24.1,24.3,424014.0
2018-09-25 12:00:00,NSE:DWARKESH,24.05,25.45,24.05,25.05,1611798.0
2018-09-25 13:00:00,NSE:DWARKESH,25.05,25.15,23.95,24.15,527153.0
2018-09-25 14:00:00,NSE:DWARKESH,24.1,24.75,24.0,24.75,335669.0
2018-09-25 15:00:00,NSE:DWARKESH,24.7,25.7,24.7,25.4,1026640.0
2018-09-26 09:00:00,NSE:DWARKESH,26.1,26.55,24.9,25.2,1649778.0
2018-09-26 10:00:00,NSE:DWARKESH,25.3,25.9,25.1,25.4,497126.0
2018-09-26 11:00:00,NSE:DWARKESH,25.4,25.55,25.1,25.5,254966.0
2018-09-26 12:00:00,NSE:DWARKESH,25.45,25.7,25.25,25.5,149282.0
2018-09-26 13:00:00,NSE:DWARKESH,25.45,26.3,23.75,24.1,1827887.0
2018-09-26 14:00:00,NSE:DWARKESH,24.2,24.4,23.65,23.95,680329.0
2018-09-26 15:00:00,NSE:DWARKESH,24.0,24.2,23.85,24.0,329044.0
2018-09-27 09:00:00,NSE:DWARKESH,24.45,24.75,23.8,24.0,346370.0
2018-09-27 10:00:00,NSE:DWARKESH,24.1,24.5,23.75,24.35,275671.0
2018-09-27 11:00:00,NSE:DWARKESH,24.3,24.45,23.5,23.85,300740.0
2018-09-27 12:00:00,NSE:DWARKESH,23.9,24.35,23.75,24.0,157949.0
2018-09-27 13:00:00,NSE:DWARKESH,24.0,24.1,23.6,23.65,96224.0
2018-09-27 14:00:00,NSE:DWARKESH,23.7,24.0,23.65,23.8,101878.0
2018-09-27 15:00:00,NSE:DWARKESH,23.75,23.85,23.3,23.65,150993.0
2018-09-28 09:00:00,NSE:DWARKESH,23.95,23.95,21.6,21.95,480727.0
2018-09-28 10:00:00,NSE:DWARKESH,21.95,22.4,21.7,22.15,315705.0
2018-09-28 11:00:00,NSE:DWARKESH,22.15,22.2,21.9,21.95,88268.0
2018-09-28 12:00:00,NSE:DWARKESH,21.9,21.95,21.7,21.7,63243.0
2018-09-28 13:00:00,NSE:DWARKESH,21.75,22.0,21.3,21.3,334317.0
2018-09-28 14:00:00,NSE:DWARKESH,21.3,21.3,21.3,21.3,34312.0
2018-09-28 15:00:00,NSE:DWARKESH,21.3,21.3,21.3,21.3,20650.0
2018-10-01 09:00:00,NSE:DWARKESH,21.0,21.0,19.2,20.0,816532.0
2018-10-01 10:00:00,NSE:DWARKESH,20.1,21.1,19.9,20.15,379901.0
2018-10-01 11:00:00,NSE:DWARKESH,20.2,20.3,19.5,19.5,173273.0
2018-10-01 12:00:00,NSE:DWARKESH,19.55,19.9,19.55,19.8,142343.0
2018-10-01 13:00:00,NSE:DWARKESH,19.85,20.5,19.65,20.3,122139.0
2018-10-01 14:00:00,NSE:DWARKESH,20.3,21.0,20.25,20.4,241152.0
2018-10-01 15:00:00,NSE:DWARKESH,20.4,21.25,20.3,20.8,297715.0
2018-10-03 09:00:00,NSE:DWARKESH,20.6,22.4,20.0,22.0,656877.0
2018-10-03 10:00:00,NSE:DWARKESH,22.0,22.5,21.8,22.5,229259.0
2018-10-03 11:00:00,NSE:DWARKESH,22.45,22.85,22.1,22.85,420504.0
2018-10-03 12:00:00,NSE:DWARKESH,22.85,22.85,22.65,22.7,276277.0
2018-10-03 13:00:00,NSE:DWARKESH,22.7,22.85,22.65,22.85,181572.0
2018-10-03 14:00:00,NSE:DWARKESH,22.85,22.85,22.45,22.65,200092.0
2018-10-03 15:00:00,NSE:DWARKESH,22.65,22.85,22.45,22.65,222354.0
2018-10-04 09:00:00,NSE:DWARKESH,21.95,23.5,20.7,23.3,583732.0
2018-10-04 10:00:00,NSE:DWARKESH,23.3,23.3,22.2,22.9,225778.0
2018-10-04 11:00:00,NSE:DWARKESH,22.95,23.0,21.5,21.9,167391.0
2018-10-04 12:00:00,NSE:DWARKESH,21.95,22.95,21.9,22.75,119771.0
2018-10-04 13:00:00,NSE:DWARKESH,22.75,22.8,22.25,22.6,105432.0
2018-10-04 14:00:00,NSE:DWARKESH,22.7,23.25,22.1,22.95,148166.0
2018-10-04 15:00:00,NSE:DWARKESH,22.95,23.05,22.65,22.85,92001.0
2018-10-05 09:00:00,NSE:DWARKESH,23.05,24.1,23.05,23.6,412296.0
2018-10-05 10:00:00,NSE:DWARKESH,23.65,24.0,23.15,23.8,227343.0
2018-10-05 11:00:00,NSE:DWARKESH,23.8,24.5,23.75,23.85,307981.0
2018-10-05 12:00:00,NSE:DWARKESH,23.85,23.9,23.65,23.65,86727.0
2018-10-05 13:00:00,NSE:DWARKESH,23.7,23.85,23.45,23.65,83627.0
2018-10-05 14:00:00,NSE:DWARKESH,23.7,23.8,22.85,23.3,265586.0
2018-10-05 15:00:00,NSE:DWARKESH,23.2,23.25,22.65,22.9,157219.0
2018-10-08 09:00:00,NSE:DWARKESH,22.9,23.7,21.4,22.75,173548.0
2018-10-08 10:00:00,NSE:DWARKESH,22.7,23.2,22.2,23.15,72338.0
2018-10-08 11:00:00,NSE:DWARKESH,23.2,23.6,23.0,23.15,211788.0
2018-10-08 12:00:00,NSE:DWARKESH,23.2,23.25,23.0,23.05,97573.0
2018-10-08 13:00:00,NSE:DWARKESH,23.1,23.2,22.5,22.55,101875.0
2018-10-08 14:00:00,NSE:DWARKESH,22.55,22.55,22.1,22.55,147109.0
2018-10-08 15:00:00,NSE:DWARKESH,22.5,23.2,22.5,22.9,129828.0
2018-10-09 09:00:00,NSE:DWARKESH,23.7,24.65,23.4,24.25,990230.0
2018-10-09 10:00:00,NSE:DWARKESH,24.25,25.9,24.15,25.65,1771018.0
2018-10-09 11:00:00,NSE:DWARKESH,25.65,26.45,25.45,25.5,697241.0
2018-10-09 12:00:00,NSE:DWARKESH,25.55,25.9,25.0,25.85,459132.0
2018-10-09 13:00:00,NSE:DWARKESH,25.85,26.3,25.5,25.8,330234.0
2018-10-09 14:00:00,NSE:DWARKESH,25.75,26.0,25.3,25.4,340762.0
2018-10-09 15:00:00,NSE:DWARKESH,25.35,25.5,25.1,25.35,585764.0
2018-10-10 09:00:00,NSE:DWARKESH,25.7,26.2,24.15,25.1,466644.0
2018-10-10 10:00:00,NSE:DWARKESH,25.0,25.85,24.35,25.45,420676.0
2018-10-10 11:00:00,NSE:DWARKESH,25.45,25.6,25.2,25.25,150751.0
2018-10-10 12:00:00,NSE:DWARKESH,25.25,26.15,25.2,25.6,875317.0
2018-10-10 13:00:00,NSE:DWARKESH,25.6,26.85,25.45,26.5,790847.0
2018-10-10 14:00:00,NSE:DWARKESH,26.55,29.2,26.45,27.8,2608857.0
2018-10-10 15:00:00,NSE:DWARKESH,27.8,28.25,27.65,27.85,524664.0
2018-10-11 09:00:00,NSE:DWARKESH,26.95,29.5,25.7,28.25,2940709.0
2018-10-11 10:00:00,NSE:DWARKESH,28.25,28.55,27.0,27.95,820269.0
2018-10-11 11:00:00,NSE:DWARKESH,27.95,28.7,27.8,28.3,377241.0
2018-10-11 12:00:00,NSE:DWARKESH,28.3,28.75,27.7,28.55,456906.0
2018-10-11 13:00:00,NSE:DWARKESH,28.55,28.7,27.65,27.85,336939.0
2018-10-11 14:00:00,NSE:DWARKESH,27.85,28.0,26.4,27.25,520106.0
2018-10-11 15:00:00,NSE:DWARKESH,27.3,27.6,27.1,27.35,297033.0
2018-10-12 09:00:00,NSE:DWARKESH,27.4,29.1,27.4,28.2,649685.0
2018-10-12 10:00:00,NSE:DWARKESH,28.25,28.5,28.0,28.15,181169.0
2018-10-12 11:00:00,NSE:DWARKESH,28.15,28.35,27.9,28.25,242164.0
2018-10-12 12:00:00,NSE:DWARKESH,28.25,29.85,28.05,29.4,981989.0
2018-10-12 13:00:00,NSE:DWARKESH,29.4,29.75,28.75,29.0,830814.0
2018-10-12 14:00:00,NSE:DWARKESH,29.0,29.6,28.8,29.05,489076.0
2018-10-12 15:00:00,NSE:DWARKESH,29.0,29.45,29.0,29.25,427339.0
2018-10-15 09:00:00,NSE:DWARKESH,31.0,31.4,30.25,30.95,2084045.0
2018-10-15 10:00:00,NSE:DWARKESH,31.0,33.65,31.0,32.7,2947389.0
2018-10-15 11:00:00,NSE:DWARKESH,32.7,33.1,32.45,33.05,493654.0
2018-10-15 12:00:00,NSE:DWARKESH,33.05,34.05,33.0,33.95,1403668.0
2018-10-15 13:00:00,NSE:DWARKESH,33.95,34.4,32.7,33.1,1259965.0
2018-10-15 14:00:00,NSE:DWARKESH,33.1,33.35,32.0,32.8,1279729.0
2018-10-15 15:00:00,NSE:DWARKESH,32.85,33.0,32.45,32.75,717666.0
2018-10-16 09:00:00,NSE:DWARKESH,32.8,33.2,31.15,31.15,285888.0
2018-10-16 10:00:00,NSE:DWARKESH,31.15,31.15,31.15,31.15,14255.0
2018-10-16 11:00:00,NSE:DWARKESH,31.15,31.15,31.15,31.15,5384.0
2018-10-16 12:00:00,NSE:DWARKESH,31.15,31.15,31.15,31.15,6475.0
2018-10-16 13:00:00,NSE:DWARKESH,31.15,31.15,31.15,31.15,3148.0
2018-10-16 14:00:00,NSE:DWARKESH,31.15,31.15,31.15,31.15,3003.0
2018-10-16 15:00:00,NSE:DWARKESH,31.15,31.15,31.15,31.15,2862.0
2018-10-17 09:00:00,NSE:DWARKESH,29.6,30.0,29.6,29.6,210343.0
2018-10-17 10:00:00,NSE:DWARKESH,29.6,29.6,29.6,29.6,9502.0
2018-10-17 11:00:00,NSE:DWARKESH,29.6,29.6,29.6,29.6,1948.0
2018-10-17 12:00:00,NSE:DWARKESH,29.6,29.6,29.6,29.6,2711.0
2018-10-17 13:00:00,NSE:DWARKESH,29.6,29.6,29.6,29.6,1744.0
2018-10-17 14:00:00,NSE:DWARKESH,29.6,29.6,29.6,29.6,1083.0
2018-10-17 15:00:00,NSE:DWARKESH,29.6,29.6,29.6,29.6,4984.0
2018-10-19 09:00:00,NSE:DWARKESH,28.15,28.15,28.15,28.15,96259.0
2018-10-19 10:00:00,NSE:DWARKESH,28.15,29.7,28.15,28.35,402841.0
2018-10-19 11:00:00,NSE:DWARKESH,28.15,29.7,28.15,29.0,77556.0
2018-10-19 12:00:00,NSE:DWARKESH,28.75,29.5,28.15,28.3,99051.0
2018-10-19 13:00:00,NSE:DWARKESH,28.3,28.5,28.15,28.15,111952.0
2018-10-19 14:00:00,NSE:DWARKESH,28.15,28.15,28.15,28.15,21448.0
2018-10-19 15:00:00,NSE:DWARKESH,28.15,28.6,28.15,28.15,69596.0
2018-10-22 09:00:00,NSE:DWARKESH,28.6,28.7,26.75,26.75,204320.0
2018-10-22 10:00:00,NSE:DWARKESH,26.75,27.45,26.75,27.0,55256.0
2018-10-22 11:00:00,NSE:DWARKESH,27.1,27.2,26.75,27.2,37466.0
2018-10-22 12:00:00,NSE:DWARKESH,27.2,27.3,26.75,26.75,26785.0
2018-10-22 13:00:00,NSE:DWARKESH,26.75,27.0,26.75,27.0,27795.0
2018-10-22 14:00:00,NSE:DWARKESH,27.0,27.15,26.75,26.75,28334.0
2018-10-22 15:00:00,NSE:DWARKESH,26.75,27.0,26.75,26.75,46512.0
2018-10-23 09:00:00,NSE:DWARKESH,25.55,26.8,25.45,25.85,179084.0
2018-10-23 10:00:00,NSE:DWARKESH,25.85,26.65,25.85,26.0,97003.0
2018-10-23 11:00:00,NSE:DWARKESH,26.05,26.1,25.6,25.65,61511.0
2018-10-23 12:00:00,NSE:DWARKESH,25.7,25.9,25.5,25.8,66523.0
2018-10-23 13:00:00,NSE:DWARKESH,25.9,25.9,25.45,25.45,71852.0
2018-10-23 14:00:00,NSE:DWARKESH,25.45,25.45,25.45,25.45,5228.0
2018-10-23 15:00:00,NSE:DWARKESH,25.45,25.45,25.45,25.45,11781.0
2018-10-24 09:00:00,NSE:DWARKESH,25.75,26.2,25.1,25.5,139727.0
2018-10-24 10:00:00,NSE:DWARKESH,25.35,25.8,25.15,25.7,89978.0
2018-10-24 11:00:00,NSE:DWARKESH,25.7,26.35,25.7,26.35,47846.0
2018-10-24 12:00:00,NSE:DWARKESH,26.35,26.4,26.05,26.1,31807.0
2018-10-24 13:00:00,NSE:DWARKESH,26.1,26.45,26.0,26.05,34923.0
2018-10-24 14:00:00,NSE:DWARKESH,26.0,26.2,25.75,26.2,36974.0
2018-10-24 15:00:00,NSE:DWARKESH,26.2,26.5,26.05,26.3,42169.0
2018-10-25 09:00:00,NSE:DWARKESH,25.75,26.5,25.6,26.45,60880.0
2018-10-25 10:00:00,NSE:DWARKESH,26.3,27.45,26.2,26.6,134565.0
2018-10-25 11:00:00,NSE:DWARKESH,26.6,27.3,26.6,26.9,24438.0
2018-10-25 12:00:00,NSE:DWARKESH,26.9,26.9,26.0,26.5,75389.0
2018-10-25 13:00:00,NSE:DWARKESH,26.45,26.65,26.0,26.35,61979.0
2018-10-25 14:00:00,NSE:DWARKESH,26.35,26.65,25.9,26.3,50792.0
2018-10-25 15:00:00,NSE:DWARKESH,26.3,26.65,26.15,26.5,31446.0
2018-10-26 09:00:00,NSE:DWARKESH,26.7,26.85,26.15,26.3,29284.0
2018-10-26 10:00:00,NSE:DWARKESH,26.35,27.4,26.2,27.1,54933.0
2018-10-26 11:00:00,NSE:DWARKESH,27.1,27.3,27.0,27.15,25197.0
2018-10-26 12:00:00,NSE:DWARKESH,27.0,27.3,26.85,26.9,17280.0
2018-10-26 13:00:00,NSE:DWARKESH,26.9,27.4,26.85,27.2,29246.0
2018-10-26 14:00:00,NSE:DWARKESH,26.85,27.2,26.8,27.0,24994.0
2018-10-26 15:00:00,NSE:DWARKESH,27.0,27.3,26.85,27.0,51946.0
2018-10-29 09:00:00,NSE:DWARKESH,27.2,27.9,26.65,27.9,77713.0
2018-10-29 10:00:00,NSE:DWARKESH,27.9,28.0,27.55,27.8,80085.0
2018-10-29 11:00:00,NSE:DWARKESH,28.0,28.45,27.8,28.45,165921.0
2018-10-29 12:00:00,NSE:DWARKESH,28.45,28.45,28.1,28.25,28850.0
2018-10-29 13:00:00,NSE:DWARKESH,28.4,28.45,28.2,28.45,57966.0
2018-10-29 14:00:00,NSE:DWARKESH,28.45,28.45,28.45,28.45,56952.0
2018-10-29 15:00:00,NSE:DWARKESH,28.45,28.45,28.45,28.45,22680.0
2018-10-30 09:00:00,NSE:DWARKESH,29.45,29.7,27.05,29.0,184358.0
2018-10-30 10:00:00,NSE:DWARKESH,29.1,29.75,29.0,29.6,109988.0
2018-10-30 11:00:00,NSE:DWARKESH,29.6,29.6,28.7,28.7,73952.0
2018-10-30 12:00:00,NSE:DWARKESH,28.9,29.0,28.2,28.25,62069.0
2018-10-30 13:00:00,NSE:DWARKESH,28.25,28.5,28.15,28.4,26195.0
2018-10-30 14:00:00,NSE:DWARKESH,28.4,28.95,28.1,28.5,71842.0
2018-10-30 15:00:00,NSE:DWARKESH,28.15,28.85,28.15,28.25,29032.0
2018-10-31 09:00:00,NSE:DWARKESH,29.0,29.5,27.2,27.2,103596.0
2018-10-31 10:00:00,NSE:DWARKESH,27.95,27.95,27.2,27.4,61692.0
2018-10-31 11:00:00,NSE:DWARKESH,27.6,27.75,27.35,27.35,13425.0
2018-10-31 12:00:00,NSE:DWARKESH,27.35,28.05,27.35,28.0,65617.0
2018-10-31 13:00:00,NSE:DWARKESH,28.0,28.3,28.0,28.0,24922.0
2018-10-31 14:00:00,NSE:DWARKESH,28.2,28.6,27.75,28.2,84733.0
2018-10-31 15:00:00,NSE:DWARKESH,27.8,28.45,27.6,27.95,28880.0
2018-11-01 09:00:00,NSE:DWARKESH,27.1,28.1,27.1,27.4,55123.0
2018-11-01 10:00:00,NSE:DWARKESH,27.25,28.6,27.2,27.75,88053.0
2018-11-01 11:00:00,NSE:DWARKESH,27.95,28.25,27.4,27.5,13494.0
2018-11-01 12:00:00,NSE:DWARKESH,27.5,28.2,27.5,28.15,38915.0
2018-11-01 13:00:00,NSE:DWARKESH,28.15,28.25,27.4,27.8,41426.0
2018-11-01 14:00:00,NSE:DWARKESH,27.8,28.3,27.1,27.3,78248.0
2018-11-01 15:00:00,NSE:DWARKESH,27.2,27.5,26.8,27.1,75813.0
2018-11-02 09:00:00,NSE:DWARKESH,26.75,27.0,25.75,26.85,188660.0
2018-11-02 10:00:00,NSE:DWARKESH,26.85,28.45,26.85,27.85,244930.0
2018-11-02 11:00:00,NSE:DWARKESH,27.65,28.0,27.4,27.6,51109.0
2018-11-02 12:00:00,NSE:DWARKESH,27.6,28.4,27.6,28.15,256902.0
2018-11-02 13:00:00,NSE:DWARKESH,28.05,28.4,27.7,27.85,91670.0
2018-11-02 14:00:00,NSE:DWARKESH,28.0,28.0,27.15,27.2,139872.0
2018-11-02 15:00:00,NSE:DWARKESH,27.3,27.7,27.0,27.6,57236.0
2018-11-05 09:00:00,NSE:DWARKESH,27.45,27.7,26.25,27.15,32713.0
2018-11-05 10:00:00,NSE:DWARKESH,27.15,27.5,27.1,27.2,19310.0
2018-11-05 11:00:00,NSE:DWARKESH,27.25,27.35,26.85,26.85,16366.0
2018-11-05 12:00:00,NSE:DWARKESH,26.85,27.35,26.85,27.0,12918.0
2018-11-05 13:00:00,NSE:DWARKESH,27.0,27.65,26.7,27.25,40981.0
2018-11-05 14:00:00,NSE:DWARKESH,27.0,27.25,26.65,26.7,16389.0
2018-11-05 15:00:00,NSE:DWARKESH,26.7,27.05,26.0,26.4,143865.0
2018-11-06 09:00:00,NSE:DWARKESH,26.8,26.95,26.0,26.85,38226.0
2018-11-06 10:00:00,NSE:DWARKESH,26.85,26.95,25.85,26.2,60411.0
2018-11-06 11:00:00,NSE:DWARKESH,26.2,26.5,26.05,26.4,22196.0
2018-11-06 12:00:00,NSE:DWARKESH,26.2,26.45,26.0,26.4,23183.0
2018-11-06 13:00:00,NSE:DWARKESH,26.25,26.4,26.1,26.3,6252.0
2018-11-06 14:00:00,NSE:DWARKESH,26.0,26.3,26.0,26.2,38477.0
2018-11-06 15:00:00,NSE:DWARKESH,26.2,26.2,25.7,25.95,37274.0
2018-11-09 09:00:00,NSE:DWARKESH,27.25,27.9,27.25,27.5,123739.0
2018-11-09 10:00:00,NSE:DWARKESH,27.6,27.75,27.5,27.75,57605.0
2018-11-09 11:00:00,NSE:DWARKESH,27.75,27.75,27.4,27.65,50705.0
2018-11-09 12:00:00,NSE:DWARKESH,27.65,27.8,27.35,27.5,48540.0
2018-11-09 13:00:00,NSE:DWARKESH,27.5,27.8,27.2,27.8,37955.0
2018-11-09 14:00:00,NSE:DWARKESH,27.6,27.9,27.45,27.9,59957.0
2018-11-09 15:00:00,NSE:DWARKESH,27.85,27.95,27.85,27.9,53514.0
2018-11-12 09:00:00,NSE:DWARKESH,28.25,28.8,28.25,28.6,78074.0
2018-11-12 10:00:00,NSE:DWARKESH,28.6,28.6,28.0,28.05,76828.0
2018-11-12 11:00:00,NSE:DWARKESH,28.05,28.5,28.0,28.3,29217.0
2018-11-12 12:00:00,NSE:DWARKESH,28.1,29.25,28.05,29.25,356806.0
2018-11-12 13:00:00,NSE:DWARKESH,29.25,29.25,29.25,29.25,64075.0
2018-11-12 14:00:00,NSE:DWARKESH,29.25,29.25,29.25,29.25,22053.0
2018-11-12 15:00:00,NSE:DWARKESH,29.25,29.25,29.25,29.25,7937.0
2018-11-13 09:00:00,NSE:DWARKESH,29.75,29.75,28.5,28.8,177879.0
2018-11-13 10:00:00,NSE:DWARKESH,28.8,28.8,28.25,28.35,54891.0
2018-11-13 11:00:00,NSE:DWARKESH,28.35,28.9,28.25,28.75,29104.0
2018-11-13 12:00:00,NSE:DWARKESH,28.85,29.0,28.3,28.85,60652.0
2018-11-13 13:00:00,NSE:DWARKESH,28.85,29.0,28.55,28.8,12424.0
2018-11-13 14:00:00,NSE:DWARKESH,28.85,28.85,28.35,28.8,15352.0
2018-11-13 15:00:00,NSE:DWARKESH,28.75,28.75,28.4,28.6,18360.0
2018-11-14 09:00:00,NSE:DWARKESH,28.4,28.4,27.2,28.2,72640.0
2018-11-14 10:00:00,NSE:DWARKESH,28.0,28.95,28.0,28.25,93539.0
2018-11-14 11:00:00,NSE:DWARKESH,28.7,28.7,28.0,28.1,17034.0
2018-11-14 12:00:00,NSE:DWARKESH,28.4,28.4,28.05,28.1,31121.0
2018-11-14 13:00:00,NSE:DWARKESH,28.0,28.3,28.0,28.2,47613.0
2018-11-14 14:00:00,NSE:DWARKESH,28.2,28.4,27.5,27.75,40988.0
2018-11-14 15:00:00,NSE:DWARKESH,27.9,28.0,27.75,27.85,14289.0
2018-11-15 09:00:00,NSE:DWARKESH,28.0,28.0,27.15,27.55,19762.0
2018-11-15 10:00:00,NSE:DWARKESH,27.5,27.75,27.25,27.5,33266.0
2018-11-15 11:00:00,NSE:DWARKESH,27.6,27.85,27.5,27.65,6291.0
2018-11-15 12:00:00,NSE:DWARKESH,27.6,27.65,27.2,27.4,36798.0
2018-11-15 13:00:00,NSE:DWARKESH,27.4,27.4,27.15,27.25,43837.0
2018-11-15 14:00:00,NSE:DWARKESH,27.25,27.5,27.15,27.3,9743.0
2018-11-15 15:00:00,NSE:DWARKESH,27.3,27.45,27.05,27.15,36836.0
2018-11-16 09:00:00,NSE:DWARKESH,27.05,27.7,26.6,26.8,55047.0
2018-11-16 10:00:00,NSE:DWARKESH,26.8,27.0,26.75,26.75,53091.0
2018-11-16 11:00:00,NSE:DWARKESH,26.8,27.0,26.75,26.85,14661.0
2018-11-16 12:00:00,NSE:DWARKESH,26.85,27.15,26.75,26.9,22214.0
2018-11-16 13:00:00,NSE:DWARKESH,26.9,27.0,26.75,26.95,54280.0
2018-11-16 14:00:00,NSE:DWARKESH,26.95,27.0,26.75,26.8,18502.0
2018-11-16 15:00:00,NSE:DWARKESH,26.8,26.8,26.6,26.6,15379.0
2018-11-19 09:00:00,NSE:DWARKESH,25.4,26.7,25.4,26.3,115212.0
2018-11-19 10:00:00,NSE:DWARKESH,26.3,27.0,26.3,26.9,24458.0
2018-11-19 11:00:00,NSE:DWARKESH,26.9,26.9,26.3,26.5,9256.0
2018-11-19 12:00:00,NSE:DWARKESH,26.4,26.85,26.3,26.5,18934.0
2018-11-19 13:00:00,NSE:DWARKESH,26.7,26.95,26.35,26.95,22229.0
2018-11-19 14:00:00,NSE:DWARKESH,26.9,26.9,26.3,26.5,28206.0
2018-11-19 15:00:00,NSE:DWARKESH,26.55,26.6,26.2,26.35,10857.0
2018-11-20 09:00:00,NSE:DWARKESH,25.95,26.7,25.95,26.5,24733.0
2018-11-20 10:00:00,NSE:DWARKESH,26.5,26.5,25.05,26.05,170582.0
2018-11-20 11:00:00,NSE:DWARKESH,26.0,26.05,25.5,25.8,33211.0
2018-11-20 12:00:00,NSE:DWARKESH,25.8,25.95,25.65,25.75,6935.0
2018-11-20 13:00:00,NSE:DWARKESH,25.75,25.95,25.4,25.6,24056.0
2018-11-20 14:00:00,NSE:DWARKESH,25.6,25.6,25.05,25.15,150769.0
2018-11-20 15:00:00,NSE:DWARKESH,25.15,25.4,25.1,25.2,39943.0
2018-11-21 09:00:00,NSE:DWARKESH,25.1,25.85,24.95,25.15,44849.0
2018-11-21 10:00:00,NSE:DWARKESH,25.15,25.15,24.6,24.95,42274.0
2018-11-21 11:00:00,NSE:DWARKESH,24.9,24.95,24.8,24.85,13531.0
2018-11-21 12:00:00,NSE:DWARKESH,24.9,24.9,24.7,24.85,19356.0
2018-11-21 13:00:00,NSE:DWARKESH,25.0,25.1,24.75,25.0,20984.0
2018-11-21 14:00:00,NSE:DWARKESH,24.9,25.1,24.85,24.9,10451.0
2018-11-21 15:00:00,NSE:DWARKESH,25.0,25.1,24.85,24.95,16811.0
2018-11-22 09:00:00,NSE:DWARKESH,25.25,25.5,25.0,25.4,33070.0
2018-11-22 10:00:00,NSE:DWARKESH,25.4,25.45,24.75,25.0,49961.0
2018-11-22 11:00:00,NSE:DWARKESH,25.0,25.0,24.6,24.8,18480.0
2018-11-22 12:00:00,NSE:DWARKESH,24.8,24.95,24.55,24.6,21760.0
2018-11-22 13:00:00,NSE:DWARKESH,24.8,24.9,24.5,24.7,18504.0
2018-11-22 14:00:00,NSE:DWARKESH,24.7,24.85,24.5,24.5,33863.0
2018-11-22 15:00:00,NSE:DWARKESH,24.7,24.95,24.5,24.65,44524.0
2018-11-26 09:00:00,NSE:DWARKESH,25.1,25.4,24.15,24.2,74258.0
2018-11-26 10:00:00,NSE:DWARKESH,24.2,24.2,23.55,23.75,172729.0
2018-11-26 11:00:00,NSE:DWARKESH,23.8,23.8,23.45,23.5,87047.0
2018-11-26 12:00:00,NSE:DWARKESH,23.5,23.85,23.45,23.85,76712.0
2018-11-26 13:00:00,NSE:DWARKESH,23.85,24.0,23.5,23.95,10903.0
2018-11-26 14:00:00,NSE:DWARKESH,23.95,24.0,23.5,23.95,26511.0
2018-11-26 15:00:00,NSE:DWARKESH,23.7,23.95,23.5,23.65,19668.0
2018-11-27 09:00:00,NSE:DWARKESH,23.1,23.9,23.1,23.9,67167.0
2018-11-27 10:00:00,NSE:DWARKESH,23.9,23.95,23.5,23.5,30960.0
2018-11-27 11:00:00,NSE:DWARKESH,23.55,23.75,23.4,23.7,21693.0
2018-11-27 12:00:00,NSE:DWARKESH,23.7,24.25,23.7,23.9,33600.0
2018-11-27 13:00:00,NSE:DWARKESH,23.9,24.15,23.9,24.0,30331.0
2018-11-27 14:00:00,NSE:DWARKESH,24.1,24.2,24.0,24.1,53221.0
2018-11-27 15:00:00,NSE:DWARKESH,24.0,24.15,23.8,23.9,17190.0
2018-11-28 09:00:00,NSE:DWARKESH,24.3,24.3,23.6,23.65,35482.0
2018-11-28 10:00:00,NSE:DWARKESH,23.7,23.85,23.6,23.6,18294.0
2018-11-28 11:00:00,NSE:DWARKESH,23.75,23.75,23.4,23.45,14680.0
2018-11-28 12:00:00,NSE:DWARKESH,23.5,23.5,23.3,23.4,14937.0
2018-11-28 13:00:00,NSE:DWARKESH,23.45,23.5,23.35,23.35,38347.0
2018-11-28 14:00:00,NSE:DWARKESH,23.4,23.4,23.05,23.05,23190.0
2018-11-28 15:00:00,NSE:DWARKESH,23.2,23.25,22.75,22.85,134809.0
2018-11-29 09:00:00,NSE:DWARKESH,23.3,23.45,22.5,23.25,41995.0
2018-11-29 10:00:00,NSE:DWARKESH,23.3,23.35,22.9,22.9,23269.0
2018-11-29 11:00:00,NSE:DWARKESH,23.0,23.2,22.3,22.5,34839.0
2018-11-29 12:00:00,NSE:DWARKESH,22.65,22.65,22.35,22.35,55627.0
2018-11-29 13:00:00,NSE:DWARKESH,22.4,22.6,22.3,22.6,29268.0
2018-11-29 14:00:00,NSE:DWARKESH,22.5,23.15,22.5,23.1,23523.0
2018-11-29 15:00:00,NSE:DWARKESH,23.1,23.2,23.0,23.2,19775.0
2018-11-30 09:00:00,NSE:DWARKESH,23.0,23.35,22.65,23.05,25209.0
2018-11-30 10:00:00,NSE:DWARKESH,23.05,23.25,22.6,23.05,40295.0
2018-11-30 11:00:00,NSE:DWARKESH,23.1,23.25,22.85,23.15,17172.0
2018-11-30 12:00:00,NSE:DWARKESH,23.15,23.8,23.15,23.55,42803.0
2018-11-30 13:00:00,NSE:DWARKESH,23.45,23.6,23.25,23.4,6379.0
2018-11-30 14:00:00,NSE:DWARKESH,23.3,23.4,23.2,23.2,7958.0
2018-11-30 15:00:00,NSE:DWARKESH,23.2,23.75,23.2,23.55,37972.0
2018-12-03 09:00:00,NSE:DWARKESH,24.0,24.25,23.15,23.55,45275.0
2018-12-03 10:00:00,NSE:DWARKESH,23.55,23.6,23.2,23.3,23193.0
2018-12-03 11:00:00,NSE:DWARKESH,23.3,23.5,23.15,23.25,17140.0
2018-12-03 12:00:00,NSE:DWARKESH,23.25,23.6,23.25,23.3,6708.0
2018-12-03 13:00:00,NSE:DWARKESH,23.4,23.55,23.3,23.4,9878.0
2018-12-03 14:00:00,NSE:DWARKESH,23.45,23.45,23.2,23.2,10083.0
2018-12-03 15:00:00,NSE:DWARKESH,23.35,24.25,23.25,23.9,51733.0
2018-12-04 09:00:00,NSE:DWARKESH,24.05,24.6,24.05,24.4,61100.0
2018-12-04 10:00:00,NSE:DWARKESH,24.4,24.4,24.05,24.1,29951.0
2018-12-04 11:00:00,NSE:DWARKESH,24.2,24.2,23.8,24.0,49788.0
2018-12-04 12:00:00,NSE:DWARKESH,24.0,24.0,23.85,23.9,3829.0
2018-12-04 13:00:00,NSE:DWARKESH,23.9,24.0,23.85,24.0,8226.0
2018-12-04 14:00:00,NSE:DWARKESH,23.95,24.0,23.8,23.8,8865.0
2018-12-04 15:00:00,NSE:DWARKESH,23.85,24.0,23.7,23.85,16317.0
2018-12-05 09:00:00,NSE:DWARKESH,23.7,23.7,23.0,23.4,71005.0
2018-12-05 10:00:00,NSE:DWARKESH,23.35,23.35,22.8,23.0,34732.0
2018-12-05 11:00:00,NSE:DWARKESH,22.9,23.0,22.7,22.7,83810.0
2018-12-05 12:00:00,NSE:DWARKESH,22.75,22.75,22.7,22.75,22213.0
2018-12-05 13:00:00,NSE:DWARKESH,22.75,22.75,22.7,22.75,35633.0
2018-12-05 14:00:00,NSE:DWARKESH,22.7,23.05,22.7,22.7,21741.0
2018-12-05 15:00:00,NSE:DWARKESH,22.85,23.0,22.7,22.75,5571.0
2018-12-06 09:00:00,NSE:DWARKESH,23.0,23.05,22.35,22.5,22397.0
2018-12-06 10:00:00,NSE:DWARKESH,22.9,22.9,22.5,22.5,10526.0
2018-12-06 11:00:00,NSE:DWARKESH,22.65,22.65,21.75,21.8,94610.0
2018-12-06 12:00:00,NSE:DWARKESH,21.8,22.45,21.8,22.2,17839.0
2018-12-06 13:00:00,NSE:DWARKESH,22.45,22.45,22.1,22.2,5628.0
2018-12-06 14:00:00,NSE:DWARKESH,22.2,22.5,21.65,22.0,114177.0
2018-12-06 15:00:00,NSE:DWARKESH,22.0,22.15,21.7,21.95,53737.0
2018-12-07 09:00:00,NSE:DWARKESH,22.0,22.0,21.6,21.7,48289.0
2018-12-07 10:00:00,NSE:DWARKESH,21.7,21.7,21.5,21.7,17703.0
2018-12-07 11:00:00,NSE:DWARKESH,21.7,21.8,21.5,21.6,11273.0
2018-12-07 12:00:00,NSE:DWARKESH,21.6,21.6,20.9,21.1,170644.0
2018-12-07 13:00:00,NSE:DWARKESH,21.2,21.4,21.1,21.1,6645.0
2018-12-07 14:00:00,NSE:DWARKESH,21.35,21.45,21.0,21.45,16602.0
2018-12-07 15:00:00,NSE:DWARKESH,21.45,22.75,21.25,21.75,49675.0
2018-12-10 09:00:00,NSE:DWARKESH,20.9,21.7,20.75,21.0,65298.0
2018-12-10 10:00:00,NSE:DWARKESH,21.45,21.5,21.0,21.45,18593.0
2018-12-10 11:00:00,NSE:DWARKESH,21.45,21.65,21.45,21.55,12787.0
2018-12-10 12:00:00,NSE:DWARKESH,21.5,21.55,21.3,21.4,6602.0
2018-12-10 13:00:00,NSE:DWARKESH,21.3,21.45,21.3,21.35,6799.0
2018-12-10 14:00:00,NSE:DWARKESH,21.4,21.45,21.1,21.25,13334.0
2018-12-10 15:00:00,NSE:DWARKESH,21.25,21.5,21.0,21.25,27789.0
2018-12-11 09:00:00,NSE:DWARKESH,20.75,21.4,20.75,21.4,42372.0
2018-12-11 10:00:00,NSE:DWARKESH,21.4,21.5,21.05,21.2,24323.0
2018-12-11 11:00:00,NSE:DWARKESH,21.4,22.2,21.15,22.0,68607.0
2018-12-11 12:00:00,NSE:DWARKESH,22.0,22.0,21.75,21.85,14514.0
2018-12-11 13:00:00,NSE:DWARKESH,21.8,22.1,21.25,21.25,19706.0
2018-12-11 14:00:00,NSE:DWARKESH,21.75,21.75,21.4,21.75,7105.0
2018-12-11 15:00:00,NSE:DWARKESH,21.7,22.0,21.6,21.85,33258.0
2018-12-12 09:00:00,NSE:DWARKESH,22.1,22.4,22.1,22.2,33524.0
2018-12-12 10:00:00,NSE:DWARKESH,22.2,22.3,22.1,22.1,48288.0
2018-12-12 11:00:00,NSE:DWARKESH,22.15,22.15,22.1,22.1,16112.0
2018-12-12 12:00:00,NSE:DWARKESH,22.15,22.25,22.1,22.1,37056.0
2018-12-12 13:00:00,NSE:DWARKESH,22.1,22.75,22.1,22.7,37728.0
2018-12-12 14:00:00,NSE:DWARKESH,22.7,22.9,22.5,22.9,46971.0
2018-12-12 15:00:00,NSE:DWARKESH,22.9,22.9,22.9,22.9,4872.0
2018-12-13 09:00:00,NSE:DWARKESH,23.3,24.0,23.3,23.6,153192.0
2018-12-13 10:00:00,NSE:DWARKESH,23.85,23.85,23.5,23.5,20257.0
2018-12-13 11:00:00,NSE:DWARKESH,23.55,23.7,23.5,23.65,29288.0
2018-12-13 12:00:00,NSE:DWARKESH,23.7,23.7,23.5,23.55,8233.0
2018-12-13 13:00:00,NSE:DWARKESH,23.5,23.7,23.4,23.6,6840.0
2018-12-13 14:00:00,NSE:DWARKESH,23.5,23.55,23.1,23.35,47990.0
2018-12-13 15:00:00,NSE:DWARKESH,23.1,23.4,22.9,22.95,50879.0
2018-12-14 09:00:00,NSE:DWARKESH,23.15,23.15,22.55,22.95,16660.0
2018-12-14 10:00:00,NSE:DWARKESH,23.0,23.2,22.55,22.8,21494.0
2018-12-14 11:00:00,NSE:DWARKESH,22.8,23.15,22.75,22.8,6214.0
2018-12-14 12:00:00,NSE:DWARKESH,22.85,23.0,22.75,22.9,4598.0
2018-12-14 13:00:00,NSE:DWARKESH,22.9,22.95,22.75,22.95,3469.0
2018-12-14 14:00:00,NSE:DWARKESH,22.75,22.95,22.55,22.6,7927.0
2018-12-14 15:00:00,NSE:DWARKESH,22.7,22.8,22.6,22.65,12621.0
2018-12-17 09:00:00,NSE:DWARKESH,22.8,23.2,22.8,22.95,18478.0
2018-12-17 10:00:00,NSE:DWARKESH,23.0,23.1,22.95,22.95,17808.0
2018-12-17 11:00:00,NSE:DWARKESH,22.95,23.05,22.9,22.9,3349.0
2018-12-17 12:00:00,NSE:DWARKESH,23.0,23.05,22.85,22.9,5358.0
2018-12-17 13:00:00,NSE:DWARKESH,22.9,23.05,22.85,23.0,8532.0
2018-12-17 14:00:00,NSE:DWARKESH,23.0,23.1,22.75,23.0,20025.0
2018-12-17 15:00:00,NSE:DWARKESH,23.0,23.0,22.7,22.75,9135.0
2018-12-18 09:00:00,NSE:DWARKESH,22.35,22.8,22.2,22.45,30209.0
2018-12-18 10:00:00,NSE:DWARKESH,22.6,22.6,22.3,22.5,10102.0
2018-12-18 11:00:00,NSE:DWARKESH,22.65,22.65,22.1,22.45,17522.0
2018-12-18 12:00:00,NSE:DWARKESH,22.45,22.55,22.15,22.3,9048.0
2018-12-18 13:00:00,NSE:DWARKESH,22.5,22.5,22.3,22.4,7928.0
2018-12-18 14:00:00,NSE:DWARKESH,22.3,22.7,22.3,22.6,15234.0
2018-12-18 15:00:00,NSE:DWARKESH,22.7,22.7,22.2,22.45,17509.0
2018-12-19 09:00:00,NSE:DWARKESH,22.75,22.75,22.25,22.5,14162.0
2018-12-19 10:00:00,NSE:DWARKESH,22.5,22.6,22.25,22.45,11329.0
2018-12-19 11:00:00,NSE:DWARKESH,22.45,23.2,22.3,23.0,39820.0
2018-12-19 12:00:00,NSE:DWARKESH,22.8,23.25,22.8,23.2,37652.0
2018-12-19 13:00:00,NSE:DWARKESH,23.15,23.3,23.05,23.1,22702.0
2018-12-19 14:00:00,NSE:DWARKESH,23.1,23.15,23.05,23.1,17603.0
2018-12-19 15:00:00,NSE:DWARKESH,23.1,23.25,23.1,23.15,14509.0
2018-12-20 09:00:00,NSE:DWARKESH,22.55,23.25,22.55,23.1,18954.0
2018-12-20 10:00:00,NSE:DWARKESH,23.1,23.15,22.8,22.8,20194.0
2018-12-20 11:00:00,NSE:DWARKESH,22.9,22.95,22.75,22.95,4480.0
2018-12-20 12:00:00,NSE:DWARKESH,22.9,23.0,22.75,22.95,7805.0
2018-12-20 13:00:00,NSE:DWARKESH,22.95,22.95,22.7,22.7,7981.0
2018-12-20 14:00:00,NSE:DWARKESH,22.7,22.8,22.7,22.7,12076.0
2018-12-20 15:00:00,NSE:DWARKESH,22.75,22.9,22.7,22.9,12236.0
2018-12-21 09:00:00,NSE:DWARKESH,22.6,23.1,22.6,22.8,16624.0
2018-12-21 10:00:00,NSE:DWARKESH,22.95,22.95,22.5,22.55,26431.0
2018-12-21 11:00:00,NSE:DWARKESH,22.55,22.7,22.35,22.7,27105.0
2018-12-21 12:00:00,NSE:DWARKESH,22.55,22.7,22.45,22.6,6797.0
2018-12-21 13:00:00,NSE:DWARKESH,22.6,22.7,22.5,22.5,18012.0
2018-12-21 14:00:00,NSE:DWARKESH,22.5,22.65,22.4,22.4,12264.0
2018-12-21 15:00:00,NSE:DWARKESH,22.45,22.6,22.35,22.4,6707.0
2018-12-24 09:00:00,NSE:DWARKESH,22.5,22.9,22.3,22.8,15230.0
2018-12-24 10:00:00,NSE:DWARKESH,22.7,22.7,22.3,22.65,4439.0
2018-12-24 11:00:00,NSE:DWARKESH,22.7,22.7,22.25,22.6,5181.0
2018-12-24 12:00:00,NSE:DWARKESH,22.3,22.6,22.3,22.5,7376.0
2018-12-24 13:00:00,NSE:DWARKESH,22.5,22.65,22.4,22.5,4186.0
2018-12-24 14:00:00,NSE:DWARKESH,22.5,22.55,22.35,22.55,13383.0
2018-12-24 15:00:00,NSE:DWARKESH,22.5,22.55,22.1,22.25,41244.0
2018-12-26 09:00:00,NSE:DWARKESH,22.25,22.7,21.6,21.9,24228.0
2018-12-26 10:00:00,NSE:DWARKESH,21.85,21.9,21.55,21.85,20310.0
2018-12-26 11:00:00,NSE:DWARKESH,21.85,22.15,21.8,22.0,7137.0
2018-12-26 12:00:00,NSE:DWARKESH,22.0,22.0,21.8,21.8,5587.0
2018-12-26 13:00:00,NSE:DWARKESH,21.8,22.2,21.8,22.0,8002.0
2018-12-26 14:00:00,NSE:DWARKESH,22.15,22.45,22.0,22.1,11891.0
2018-12-26 15:00:00,NSE:DWARKESH,22.25,22.45,22.05,22.1,11030.0
2018-12-27 09:00:00,NSE:DWARKESH,22.2,22.75,22.2,22.4,29373.0
2018-12-27 10:00:00,NSE:DWARKESH,22.7,22.7,22.25,22.45,15676.0
2018-12-27 11:00:00,NSE:DWARKESH,22.3,22.45,22.3,22.3,6568.0
2018-12-27 12:00:00,NSE:DWARKESH,22.45,22.45,22.15,22.2,28079.0
2018-12-27 13:00:00,NSE:DWARKESH,22.15,22.3,22.15,22.2,5645.0
2018-12-27 14:00:00,NSE:DWARKESH,22.3,22.3,22.2,22.2,5576.0
2018-12-27 15:00:00,NSE:DWARKESH,22.25,22.3,22.05,22.15,19549.0
2018-12-28 09:00:00,NSE:DWARKESH,22.45,22.5,22.15,22.3,8207.0
2018-12-28 10:00:00,NSE:DWARKESH,22.3,22.3,22.05,22.1,17187.0
2018-12-28 11:00:00,NSE:DWARKESH,22.2,22.45,22.05,22.05,14704.0
2018-12-28 12:00:00,NSE:DWARKESH,22.05,22.1,22.05,22.05,6657.0
2018-12-28 13:00:00,NSE:DWARKESH,22.05,22.1,22.05,22.05,8086.0
2018-12-28 14:00:00,NSE:DWARKESH,22.1,22.1,21.85,21.9,37983.0
2018-12-28 15:00:00,NSE:DWARKESH,21.9,21.9,21.65,21.8,19747.0
2018-12-31 09:00:00,NSE:DWARKESH,22.4,22.4,22.1,22.3,20527.0
2018-12-31 10:00:00,NSE:DWARKESH,22.35,22.35,22.05,22.35,26986.0
2018-12-31 11:00:00,NSE:DWARKESH,22.35,22.4,22.1,22.1,19475.0
2018-12-31 12:00:00,NSE:DWARKESH,22.1,22.35,22.1,22.35,12798.0
2018-12-31 13:00:00,NSE:DWARKESH,22.3,22.5,22.25,22.3,19287.0
2018-12-31 14:00:00,NSE:DWARKESH,22.3,22.35,22.0,22.1,49387.0
2018-12-31 15:00:00,NSE:DWARKESH,22.1,22.25,22.0,22.2,44087.0
2019-01-01 09:00:00,NSE:DWARKESH,22.0,22.3,22.0,22.1,10495.0
2019-01-01 10:00:00,NSE:DWARKESH,22.3,22.35,22.05,22.1,6216.0
2019-01-01 11:00:00,NSE:DWARKESH,22.1,22.2,22.05,22.1,1848.0
2019-01-01 12:00:00,NSE:DWARKESH,22.2,22.2,22.1,22.15,5723.0
2019-01-01 13:00:00,NSE:DWARKESH,22.15,22.25,22.15,22.15,2374.0
2019-01-01 14:00:00,NSE:DWARKESH,22.2,22.35,22.1,22.35,7402.0
2019-01-01 15:00:00,NSE:DWARKESH,22.25,22.5,22.25,22.4,9930.0
2019-01-02 09:00:00,NSE:DWARKESH,22.4,22.4,21.9,22.2,15299.0
2019-01-02 10:00:00,NSE:DWARKESH,22.25,22.5,22.1,22.1,13220.0
2019-01-02 11:00:00,NSE:DWARKESH,22.3,22.3,22.1,22.2,5007.0
2019-01-02 12:00:00,NSE:DWARKESH,22.2,22.25,22.0,22.0,7248.0
2019-01-02 13:00:00,NSE:DWARKESH,22.0,22.1,22.0,22.05,5860.0
2019-01-02 14:00:00,NSE:DWARKESH,22.05,22.35,22.0,22.35,15372.0
2019-01-02 15:00:00,NSE:DWARKESH,22.35,22.4,22.0,22.0,22581.0
2019-01-03 09:00:00,NSE:DWARKESH,21.25,22.85,21.25,22.8,47427.0
2019-01-03 10:00:00,NSE:DWARKESH,22.75,23.3,22.7,22.95,80394.0
2019-01-03 11:00:00,NSE:DWARKESH,22.95,23.05,22.75,22.75,12575.0
2019-01-03 12:00:00,NSE:DWARKESH,22.75,23.0,22.7,22.7,18827.0
2019-01-03 13:00:00,NSE:DWARKESH,22.8,23.0,22.7,22.85,35669.0
2019-01-03 14:00:00,NSE:DWARKESH,22.85,22.95,22.55,22.8,23226.0
2019-01-03 15:00:00,NSE:DWARKESH,22.65,22.95,22.65,22.8,24334.0
2019-01-04 09:00:00,NSE:DWARKESH,23.2,23.65,23.2,23.6,100794.0
2019-01-04 10:00:00,NSE:DWARKESH,23.6,23.9,23.3,23.8,91155.0
2019-01-04 11:00:00,NSE:DWARKESH,23.9,23.9,23.9,23.9,45421.0
2019-01-04 12:00:00,NSE:DWARKESH,23.9,23.9,23.9,23.9,14169.0
2019-01-04 13:00:00,NSE:DWARKESH,23.9,23.9,23.9,23.9,2379.0
2019-01-04 14:00:00,NSE:DWARKESH,23.9,23.9,23.9,23.9,8125.0
2019-01-04 15:00:00,NSE:DWARKESH,23.9,23.9,23.9,23.9,3146.0
2019-01-07 09:00:00,NSE:DWARKESH,24.8,24.85,24.25,24.65,120319.0
2019-01-07 10:00:00,NSE:DWARKESH,24.75,24.75,24.55,24.65,35977.0
2019-01-07 11:00:00,NSE:DWARKESH,24.7,24.7,24.35,24.4,18472.0
2019-01-07 12:00:00,NSE:DWARKESH,24.35,24.4,24.15,24.15,19236.0
2019-01-07 13:00:00,NSE:DWARKESH,24.15,24.2,24.0,24.1,10500.0
2019-01-07 14:00:00,NSE:DWARKESH,24.15,24.6,24.0,24.0,17199.0
2019-01-07 15:00:00,NSE:DWARKESH,24.15,24.25,24.0,24.1,21924.0
2019-01-08 09:00:00,NSE:DWARKESH,24.5,24.75,24.05,24.2,134103.0
2019-01-08 10:00:00,NSE:DWARKESH,24.25,24.55,24.0,24.1,82541.0
2019-01-08 11:00:00,NSE:DWARKESH,24.0,24.3,23.85,24.25,95148.0
2019-01-08 12:00:00,NSE:DWARKESH,24.25,24.3,24.0,24.15,81787.0
2019-01-08 13:00:00,NSE:DWARKESH,24.2,24.7,24.15,24.35,200347.0
2019-01-08 14:00:00,NSE:DWARKESH,24.35,24.7,24.15,24.3,290873.0
2019-01-08 15:00:00,NSE:DWARKESH,24.35,24.35,24.0,24.1,130185.0
2019-01-09 09:00:00,NSE:DWARKESH,24.25,24.4,23.85,23.95,125061.0
2019-01-09 10:00:00,NSE:DWARKESH,23.95,24.0,23.3,23.6,72164.0
2019-01-09 11:00:00,NSE:DWARKESH,23.6,23.75,23.6,23.65,20485.0
2019-01-09 12:00:00,NSE:DWARKESH,23.75,23.75,23.7,23.75,8871.0
2019-01-09 13:00:00,NSE:DWARKESH,23.75,23.75,23.3,23.35,41470.0
2019-01-09 14:00:00,NSE:DWARKESH,23.3,23.7,23.2,23.6,35306.0
2019-01-09 15:00:00,NSE:DWARKESH,23.6,23.75,23.45,23.6,56449.0
2019-01-10 09:00:00,NSE:DWARKESH,23.6,24.05,23.4,24.0,50878.0
2019-01-10 10:00:00,NSE:DWARKESH,23.9,24.15,23.7,23.85,28445.0
2019-01-10 11:00:00,NSE:DWARKESH,23.8,23.9,23.65,23.65,18932.0
2019-01-10 12:00:00,NSE:DWARKESH,23.75,23.8,23.4,23.55,37894.0
2019-01-10 13:00:00,NSE:DWARKESH,23.55,23.9,23.55,23.55,10240.0
2019-01-10 14:00:00,NSE:DWARKESH,23.65,23.65,23.45,23.45,17009.0
2019-01-10 15:00:00,NSE:DWARKESH,23.6,23.8,23.45,23.65,22457.0
2019-01-11 09:00:00,NSE:DWARKESH,23.75,24.1,23.5,24.0,58531.0
2019-01-11 10:00:00,NSE:DWARKESH,24.0,24.1,23.8,24.0,58595.0
2019-01-11 11:00:00,NSE:DWARKESH,24.05,24.05,23.85,23.9,30606.0
2019-01-11 12:00:00,NSE:DWARKESH,23.85,23.85,23.7,23.8,34677.0
2019-01-11 13:00:00,NSE:DWARKESH,23.85,24.5,23.75,23.9,103795.0
2019-01-11 14:00:00,NSE:DWARKESH,23.9,24.05,23.75,23.8,18012.0
2019-01-11 15:00:00,NSE:DWARKESH,23.75,24.0,23.75,23.9,49397.0
2019-01-14 09:00:00,NSE:DWARKESH,24.0,24.5,23.65,24.05,56189.0
2019-01-14 10:00:00,NSE:DWARKESH,24.05,24.1,24.0,24.0,41843.0
2019-01-14 11:00:00,NSE:DWARKESH,24.05,24.05,23.9,23.9,19374.0
2019-01-14 12:00:00,NSE:DWARKESH,23.9,24.05,23.85,23.95,62012.0
2019-01-14 13:00:00,NSE:DWARKESH,24.0,24.2,23.95,24.1,11138.0
2019-01-14 14:00:00,NSE:DWARKESH,24.1,24.2,24.1,24.1,16756.0
2019-01-14 15:00:00,NSE:DWARKESH,24.15,24.35,24.05,24.2,37733.0
2019-01-15 09:00:00,NSE:DWARKESH,24.0,24.5,24.0,24.5,33855.0
2019-01-15 10:00:00,NSE:DWARKESH,24.4,24.55,24.25,24.3,20756.0
2019-01-15 11:00:00,NSE:DWARKESH,24.3,24.5,24.15,24.3,25433.0
2019-01-15 12:00:00,NSE:DWARKESH,24.15,24.9,24.15,24.9,143098.0
2019-01-15 13:00:00,NSE:DWARKESH,24.8,25.4,24.65,25.25,531671.0
2019-01-15 14:00:00,NSE:DWARKESH,25.3,25.4,25.2,25.4,134627.0
2019-01-15 15:00:00,NSE:DWARKESH,25.4,25.4,25.4,25.4,41806.0
2019-01-16 09:00:00,NSE:DWARKESH,25.7,26.1,25.2,25.75,300949.0
2019-01-16 10:00:00,NSE:DWARKESH,25.65,25.8,25.5,25.7,117544.0
2019-01-16 11:00:00,NSE:DWARKESH,25.7,26.45,25.5,26.25,248839.0
2019-01-16 12:00:00,NSE:DWARKESH,26.25,26.3,26.05,26.1,73696.0
2019-01-16 13:00:00,NSE:DWARKESH,26.1,26.2,25.9,25.95,69951.0
2019-01-16 14:00:00,NSE:DWARKESH,25.95,25.95,25.5,25.7,65796.0
2019-01-16 15:00:00,NSE:DWARKESH,25.6,25.6,25.3,25.5,62256.0
2019-01-17 09:00:00,NSE:DWARKESH,25.75,25.75,24.9,25.25,50257.0
2019-01-17 10:00:00,NSE:DWARKESH,25.2,25.3,25.2,25.2,19453.0
2019-01-17 11:00:00,NSE:DWARKESH,25.2,25.35,25.1,25.25,51010.0
2019-01-17 12:00:00,NSE:DWARKESH,25.25,25.25,24.95,25.25,54326.0
2019-01-17 13:00:00,NSE:DWARKESH,25.2,25.4,25.2,25.3,34844.0
2019-01-17 14:00:00,NSE:DWARKESH,25.25,25.5,25.05,25.15,41594.0
2019-01-17 15:00:00,NSE:DWARKESH,25.2,25.2,24.9,25.0,26800.0
2019-01-18 09:00:00,NSE:DWARKESH,25.3,25.3,24.4,24.7,84712.0
2019-01-18 10:00:00,NSE:DWARKESH,24.7,24.85,24.45,24.55,25805.0
2019-01-18 11:00:00,NSE:DWARKESH,24.45,24.65,24.4,24.5,19328.0
2019-01-18 12:00:00,NSE:DWARKESH,24.45,24.5,24.3,24.3,15996.0
2019-01-18 13:00:00,NSE:DWARKESH,24.4,24.45,24.3,24.35,7813.0
2019-01-18 14:00:00,NSE:DWARKESH,24.45,24.5,24.4,24.4,28050.0
2019-01-18 15:00:00,NSE:DWARKESH,24.45,24.5,24.3,24.35,33975.0
2019-01-21 09:00:00,NSE:DWARKESH,24.1,24.4,23.75,24.15,24687.0
2019-01-21 10:00:00,NSE:DWARKESH,24.1,24.3,24.0,24.05,26835.0
2019-01-21 11:00:00,NSE:DWARKESH,24.05,24.15,23.8,24.0,47236.0
2019-01-21 12:00:00,NSE:DWARKESH,24.0,24.7,24.0,24.3,29238.0
2019-01-21 13:00:00,NSE:DWARKESH,24.3,24.45,24.1,24.1,13473.0
2019-01-21 14:00:00,NSE:DWARKESH,24.2,24.3,24.0,24.1,20052.0
2019-01-21 15:00:00,NSE:DWARKESH,24.05,24.3,23.9,24.05,26994.0
2019-01-22 09:00:00,NSE:DWARKESH,24.0,24.25,23.9,24.0,10272.0
2019-01-22 10:00:00,NSE:DWARKESH,24.0,24.0,23.7,23.7,14640.0
2019-01-22 11:00:00,NSE:DWARKESH,23.65,23.8,23.5,23.6,8038.0
2019-01-22 12:00:00,NSE:DWARKESH,23.5,23.7,23.35,23.55,31718.0
2019-01-22 13:00:00,NSE:DWARKESH,23.3,23.8,23.3,23.65,21651.0
2019-01-22 14:00:00,NSE:DWARKESH,23.6,23.9,23.5,23.7,17711.0
2019-01-22 15:00:00,NSE:DWARKESH,23.7,23.9,23.7,23.8,10264.0
2019-01-23 09:00:00,NSE:DWARKESH,23.65,24.15,23.6,24.05,16451.0
2019-01-23 10:00:00,NSE:DWARKESH,24.1,24.35,23.9,24.0,20314.0
2019-01-23 11:00:00,NSE:DWARKESH,24.0,24.6,24.0,24.35,35832.0
2019-01-23 12:00:00,NSE:DWARKESH,24.35,24.6,24.15,24.25,14044.0
2019-01-23 13:00:00,NSE:DWARKESH,24.15,24.15,23.85,24.0,29044.0
2019-01-23 14:00:00,NSE:DWARKESH,24.0,24.1,23.9,23.9,15792.0
2019-01-23 15:00:00,NSE:DWARKESH,23.95,24.15,23.9,23.95,21284.0
2019-01-24 09:00:00,NSE:DWARKESH,23.9,24.25,23.65,24.25,24303.0
2019-01-24 10:00:00,NSE:DWARKESH,23.8,24.1,23.8,23.9,38584.0
2019-01-24 11:00:00,NSE:DWARKESH,24.0,24.15,23.9,24.1,28750.0
2019-01-24 12:00:00,NSE:DWARKESH,23.9,24.2,23.9,23.9,9253.0
2019-01-24 13:00:00,NSE:DWARKESH,23.9,23.95,23.65,23.8,15448.0
2019-01-24 14:00:00,NSE:DWARKESH,23.8,23.8,23.65,23.75,4252.0
2019-01-24 15:00:00,NSE:DWARKESH,23.75,23.8,23.2,23.45,53483.0
2019-01-25 09:00:00,NSE:DWARKESH,23.25,23.85,23.1,23.6,32360.0
2019-01-25 10:00:00,NSE:DWARKESH,23.6,23.7,23.5,23.6,12647.0
2019-01-25 11:00:00,NSE:DWARKESH,23.6,23.65,23.3,23.35,45026.0
2019-01-25 12:00:00,NSE:DWARKESH,23.3,23.55,23.3,23.3,8243.0
2019-01-25 13:00:00,NSE:DWARKESH,23.35,23.45,23.3,23.35,6792.0
2019-01-25 14:00:00,NSE:DWARKESH,23.35,23.4,23.0,23.05,90816.0
2019-01-25 15:00:00,NSE:DWARKESH,23.0,23.35,23.0,23.2,47130.0
2019-01-28 09:00:00,NSE:DWARKESH,23.4,23.4,22.1,22.2,104927.0
2019-01-28 10:00:00,NSE:DWARKESH,22.2,22.5,22.1,22.25,56140.0
2019-01-28 11:00:00,NSE:DWARKESH,22.3,22.55,22.25,22.5,54542.0
2019-01-28 12:00:00,NSE:DWARKESH,22.5,22.55,22.25,22.35,31594.0
2019-01-28 13:00:00,NSE:DWARKESH,22.25,22.35,22.1,22.15,52615.0
2019-01-28 14:00:00,NSE:DWARKESH,22.15,22.25,22.05,22.15,35973.0
2019-01-28 15:00:00,NSE:DWARKESH,22.25,22.3,22.15,22.25,8275.0
2019-01-29 09:00:00,NSE:DWARKESH,22.3,22.5,21.95,22.5,22085.0
2019-01-29 10:00:00,NSE:DWARKESH,22.4,22.85,22.3,22.8,26262.0
2019-01-29 11:00:00,NSE:DWARKESH,22.7,22.8,22.55,22.75,8663.0
2019-01-29 12:00:00,NSE:DWARKESH,22.8,22.8,22.55,22.55,6033.0
2019-01-29 13:00:00,NSE:DWARKESH,22.65,22.65,22.35,22.35,5706.0
2019-01-29 14:00:00,NSE:DWARKESH,22.35,22.65,22.35,22.45,6778.0
2019-01-29 15:00:00,NSE:DWARKESH,22.35,22.6,22.25,22.45,19218.0
2019-01-30 09:00:00,NSE:DWARKESH,22.5,22.8,22.15,22.8,19471.0
2019-01-30 10:00:00,NSE:DWARKESH,22.8,22.8,22.5,22.55,13245.0
2019-01-30 11:00:00,NSE:DWARKESH,22.55,22.8,22.5,22.5,12973.0
2019-01-30 12:00:00,NSE:DWARKESH,22.55,22.85,22.5,22.7,8881.0
2019-01-30 13:00:00,NSE:DWARKESH,22.7,22.85,22.6,22.6,7948.0
2019-01-30 14:00:00,NSE:DWARKESH,22.7,22.75,22.45,22.6,12579.0
2019-01-30 15:00:00,NSE:DWARKESH,22.6,23.0,22.55,22.75,21971.0
2019-01-31 09:00:00,NSE:DWARKESH,23.0,23.75,22.8,23.05,39486.0
2019-01-31 10:00:00,NSE:DWARKESH,23.05,23.05,22.8,23.0,15763.0
2019-01-31 11:00:00,NSE:DWARKESH,23.0,23.0,22.7,22.8,15314.0
2019-01-31 12:00:00,NSE:DWARKESH,22.85,22.9,22.8,22.85,30587.0
2019-01-31 13:00:00,NSE:DWARKESH,22.9,23.25,22.75,22.8,32324.0
2019-01-31 14:00:00,NSE:DWARKESH,22.8,22.9,22.75,22.9,8988.0
2019-01-31 15:00:00,NSE:DWARKESH,22.85,23.2,22.85,23.1,36022.0
2019-02-01 09:00:00,NSE:DWARKESH,22.75,23.25,22.55,23.0,37026.0
2019-02-01 10:00:00,NSE:DWARKESH,23.0,23.0,22.6,22.95,19380.0
2019-02-01 11:00:00,NSE:DWARKESH,22.85,23.0,22.7,22.75,10819.0
2019-02-01 12:00:00,NSE:DWARKESH,22.8,22.95,22.65,22.95,10237.0
2019-02-01 13:00:00,NSE:DWARKESH,22.95,23.0,22.65,22.65,25450.0
2019-02-01 14:00:00,NSE:DWARKESH,22.65,22.8,22.5,22.5,9016.0
2019-02-01 15:00:00,NSE:DWARKESH,22.6,22.8,22.5,22.75,17259.0
2019-02-04 09:00:00,NSE:DWARKESH,22.6,23.3,22.6,23.15,84519.0
2019-02-04 10:00:00,NSE:DWARKESH,23.05,23.25,22.75,22.9,44241.0
2019-02-04 11:00:00,NSE:DWARKESH,22.6,22.7,22.4,22.7,20021.0
2019-02-04 12:00:00,NSE:DWARKESH,22.65,22.8,22.4,22.65,11242.0
2019-02-04 13:00:00,NSE:DWARKESH,22.65,22.65,22.4,22.55,6727.0
2019-02-04 14:00:00,NSE:DWARKESH,22.45,23.0,22.15,22.9,100857.0
2019-02-04 15:00:00,NSE:DWARKESH,22.9,22.95,22.6,22.75,15671.0
2019-02-05 09:00:00,NSE:DWARKESH,23.15,23.5,23.1,23.1,93582.0
2019-02-05 10:00:00,NSE:DWARKESH,23.1,23.45,23.1,23.2,71948.0
2019-02-05 11:00:00,NSE:DWARKESH,23.2,23.2,23.0,23.1,33623.0
2019-02-05 12:00:00,NSE:DWARKESH,23.15,23.2,23.0,23.0,17920.0
2019-02-05 13:00:00,NSE:DWARKESH,23.1,23.25,23.0,23.25,30283.0
2019-02-05 14:00:00,NSE:DWARKESH,23.2,23.4,22.85,22.9,99258.0
2019-02-05 15:00:00,NSE:DWARKESH,22.95,23.6,22.9,23.35,111128.0
2019-02-06 09:00:00,NSE:DWARKESH,23.6,24.05,23.5,23.65,110744.0
2019-02-06 10:00:00,NSE:DWARKESH,23.6,23.75,23.5,23.6,52122.0
2019-02-06 11:00:00,NSE:DWARKESH,23.55,23.7,23.4,23.6,56460.0
2019-02-06 12:00:00,NSE:DWARKESH,23.55,23.7,23.5,23.55,10745.0
2019-02-06 13:00:00,NSE:DWARKESH,23.55,23.85,23.55,23.75,41427.0
2019-02-06 14:00:00,NSE:DWARKESH,23.7,24.1,23.7,23.9,104318.0
2019-02-06 15:00:00,NSE:DWARKESH,23.9,23.95,23.65,23.85,33399.0
2019-02-07 09:00:00,NSE:DWARKESH,24.05,24.35,23.8,24.2,58049.0
2019-02-07 10:00:00,NSE:DWARKESH,24.2,24.45,24.05,24.25,91792.0
2019-02-07 11:00:00,NSE:DWARKESH,24.3,24.45,24.25,24.25,35251.0
2019-02-07 12:00:00,NSE:DWARKESH,24.25,24.3,24.05,24.05,49077.0
2019-02-07 13:00:00,NSE:DWARKESH,24.1,24.25,23.85,24.05,54837.0
2019-02-07 14:00:00,NSE:DWARKESH,24.1,24.25,24.0,24.1,20331.0
2019-02-07 15:00:00,NSE:DWARKESH,24.1,24.1,23.75,23.85,69156.0
2019-02-08 09:00:00,NSE:DWARKESH,23.85,24.5,23.75,24.3,57085.0
2019-02-08 10:00:00,NSE:DWARKESH,24.45,24.8,24.3,24.5,67213.0
2019-02-08 11:00:00,NSE:DWARKESH,24.5,24.55,24.05,24.1,24186.0
2019-02-08 12:00:00,NSE:DWARKESH,24.05,24.3,23.85,24.0,27486.0
2019-02-08 13:00:00,NSE:DWARKESH,23.95,24.0,23.75,23.85,13493.0
2019-02-08 14:00:00,NSE:DWARKESH,24.0,24.0,22.75,23.3,143781.0
2019-02-08 15:00:00,NSE:DWARKESH,23.3,23.4,23.05,23.15,38798.0
2019-02-11 09:00:00,NSE:DWARKESH,23.3,23.3,22.9,23.0,31883.0
2019-02-11 10:00:00,NSE:DWARKESH,23.05,23.05,22.8,23.0,44084.0
2019-02-11 11:00:00,NSE:DWARKESH,23.0,23.0,22.65,22.8,9936.0
2019-02-11 12:00:00,NSE:DWARKESH,22.85,22.85,22.6,22.65,16465.0
2019-02-11 13:00:00,NSE:DWARKESH,22.75,22.8,22.5,22.65,11374.0
2019-02-11 14:00:00,NSE:DWARKESH,22.6,22.85,22.6,22.7,5622.0
2019-02-11 15:00:00,NSE:DWARKESH,22.65,22.75,22.5,22.6,30140.0
2019-02-12 09:00:00,NSE:DWARKESH,23.5,24.8,23.0,23.6,99506.0
2019-02-12 10:00:00,NSE:DWARKESH,23.6,23.9,22.9,23.5,159497.0
2019-02-12 11:00:00,NSE:DWARKESH,23.35,23.45,23.3,23.4,12105.0
2019-02-12 12:00:00,NSE:DWARKESH,23.4,23.55,23.3,23.4,17648.0
2019-02-12 13:00:00,NSE:DWARKESH,23.45,23.8,22.9,23.65,101771.0
2019-02-12 14:00:00,NSE:DWARKESH,23.7,24.2,23.65,23.7,114547.0
2019-02-12 15:00:00,NSE:DWARKESH,23.8,24.2,23.75,24.0,105070.0
2019-02-13 09:00:00,NSE:DWARKESH,23.7,25.25,23.7,24.6,213455.0
2019-02-13 10:00:00,NSE:DWARKESH,24.6,25.1,24.3,24.5,135985.0
2019-02-13 11:00:00,NSE:DWARKESH,24.45,24.8,24.3,24.5,27864.0
2019-02-13 12:00:00,NSE:DWARKESH,24.5,24.85,24.45,24.6,31456.0
2019-02-13 13:00:00,NSE:DWARKESH,24.6,24.6,23.9,23.9,224101.0
2019-02-13 14:00:00,NSE:DWARKESH,23.9,24.0,23.75,23.85,58284.0
2019-02-13 15:00:00,NSE:DWARKESH,23.8,23.9,23.6,23.75,34460.0
2019-02-14 09:00:00,NSE:DWARKESH,24.0,24.35,23.85,24.2,49319.0
2019-02-14 10:00:00,NSE:DWARKESH,24.2,24.45,24.0,24.15,75236.0
2019-02-14 11:00:00,NSE:DWARKESH,24.2,24.75,23.9,24.0,218916.0
2019-02-14 12:00:00,NSE:DWARKESH,23.95,24.0,23.8,23.8,24659.0
2019-02-14 13:00:00,NSE:DWARKESH,23.8,24.2,23.7,24.1,75411.0
2019-02-14 14:00:00,NSE:DWARKESH,24.1,24.6,24.0,24.5,125172.0
2019-02-14 15:00:00,NSE:DWARKESH,24.5,24.5,23.8,24.1,205659.0
2019-02-15 09:00:00,NSE:DWARKESH,25.4,25.45,24.4,24.5,328934.0
2019-02-15 10:00:00,NSE:DWARKESH,24.5,24.5,23.85,23.9,65342.0
2019-02-15 11:00:00,NSE:DWARKESH,24.0,24.0,23.6,23.8,87201.0
2019-02-15 12:00:00,NSE:DWARKESH,23.75,23.85,23.4,23.5,42196.0
2019-02-15 13:00:00,NSE:DWARKESH,23.5,23.75,23.45,23.6,32776.0
2019-02-15 14:00:00,NSE:DWARKESH,23.6,23.9,23.6,23.6,29543.0
2019-02-15 15:00:00,NSE:DWARKESH,23.6,23.75,23.4,23.55,100431.0
2019-02-18 09:00:00,NSE:DWARKESH,23.5,23.6,22.8,23.3,201635.0
2019-02-18 10:00:00,NSE:DWARKESH,23.3,24.2,23.3,24.0,135687.0
2019-02-18 11:00:00,NSE:DWARKESH,24.0,24.1,23.65,23.85,31107.0
2019-02-18 12:00:00,NSE:DWARKESH,23.85,23.85,23.6,23.75,17097.0
2019-02-18 13:00:00,NSE:DWARKESH,23.65,23.7,22.75,23.45,88828.0
2019-02-18 14:00:00,NSE:DWARKESH,23.45,23.6,23.25,23.25,36372.0
2019-02-18 15:00:00,NSE:DWARKESH,23.3,23.3,22.9,23.1,103770.0
2019-02-19 09:00:00,NSE:DWARKESH,23.1,24.6,23.1,24.2,274221.0
2019-02-19 10:00:00,NSE:DWARKESH,24.2,24.3,23.8,23.95,70237.0
2019-02-19 11:00:00,NSE:DWARKESH,23.95,24.45,23.95,24.1,52789.0
2019-02-19 12:00:00,NSE:DWARKESH,24.05,24.2,24.05,24.1,19452.0
2019-02-19 13:00:00,NSE:DWARKESH,24.1,24.35,24.05,24.3,22364.0
2019-02-19 14:00:00,NSE:DWARKESH,24.2,24.75,24.0,24.15,219278.0
2019-02-19 15:00:00,NSE:DWARKESH,24.15,24.5,24.1,24.25,179997.0
2019-02-20 09:00:00,NSE:DWARKESH,24.5,25.3,24.25,25.0,241329.0
2019-02-20 10:00:00,NSE:DWARKESH,25.1,25.1,24.45,24.65,92602.0
2019-02-20 11:00:00,NSE:DWARKESH,24.6,24.65,24.35,24.5,38791.0
2019-02-20 12:00:00,NSE:DWARKESH,24.5,24.65,24.4,24.65,20309.0
2019-02-20 13:00:00,NSE:DWARKESH,24.6,24.7,24.5,24.6,32392.0
2019-02-20 14:00:00,NSE:DWARKESH,24.6,24.75,24.3,24.55,54118.0
2019-02-20 15:00:00,NSE:DWARKESH,24.6,24.8,24.55,24.65,67544.0
2019-02-21 09:00:00,NSE:DWARKESH,24.55,25.0,24.25,24.5,53847.0
2019-02-21 10:00:00,NSE:DWARKESH,24.55,24.9,24.55,24.7,42816.0
2019-02-21 11:00:00,NSE:DWARKESH,24.8,24.9,24.5,24.7,41425.0
2019-02-21 12:00:00,NSE:DWARKESH,24.5,24.8,24.45,24.55,26242.0
2019-02-21 13:00:00,NSE:DWARKESH,24.6,24.65,24.45,24.55,29884.0
2019-02-21 14:00:00,NSE:DWARKESH,24.55,24.6,24.45,24.55,38780.0
2019-02-21 15:00:00,NSE:DWARKESH,24.55,24.6,24.45,24.55,61047.0
2019-02-22 09:00:00,NSE:DWARKESH,24.55,25.5,23.8,25.1,218266.0
2019-02-22 10:00:00,NSE:DWARKESH,25.0,25.5,24.9,25.4,153959.0
2019-02-22 11:00:00,NSE:DWARKESH,25.4,25.5,25.0,25.05,92438.0
2019-02-22 12:00:00,NSE:DWARKESH,25.05,25.15,24.75,24.8,77090.0
2019-02-22 13:00:00,NSE:DWARKESH,24.75,25.1,24.75,24.95,32674.0
2019-02-22 14:00:00,NSE:DWARKESH,24.95,25.05,24.7,24.75,36034.0
2019-02-22 15:00:00,NSE:DWARKESH,24.75,25.1,24.7,24.95,68696.0
2019-02-25 09:00:00,NSE:DWARKESH,24.85,25.95,24.65,25.9,459238.0
2019-02-25 10:00:00,NSE:DWARKESH,25.95,26.4,25.75,26.4,334525.0
2019-02-25 11:00:00,NSE:DWARKESH,26.4,27.4,26.3,27.4,1012708.0
2019-02-25 12:00:00,NSE:DWARKESH,27.4,27.4,27.4,27.4,58942.0
2019-02-25 13:00:00,NSE:DWARKESH,27.4,27.4,27.4,27.4,28531.0
2019-02-25 14:00:00,NSE:DWARKESH,27.4,27.4,27.4,27.4,30606.0
2019-02-25 15:00:00,NSE:DWARKESH,27.4,27.4,26.9,27.35,667623.0
2019-02-26 09:00:00,NSE:DWARKESH,26.45,27.8,25.85,26.25,617076.0
2019-02-26 10:00:00,NSE:DWARKESH,26.25,26.8,25.4,26.6,414906.0
2019-02-26 11:00:00,NSE:DWARKESH,26.65,27.0,26.5,26.95,121528.0
2019-02-26 12:00:00,NSE:DWARKESH,26.95,28.4,26.65,27.45,587562.0
2019-02-26 13:00:00,NSE:DWARKESH,27.45,27.65,27.2,27.25,108035.0
2019-02-26 14:00:00,NSE:DWARKESH,27.2,28.35,27.2,27.2,451210.0
2019-02-26 15:00:00,NSE:DWARKESH,27.3,27.3,26.75,27.0,162761.0
2019-02-27 09:00:00,NSE:DWARKESH,27.25,28.2,27.25,28.15,330323.0
2019-02-27 10:00:00,NSE:DWARKESH,28.15,28.3,27.8,28.0,312561.0
2019-02-27 11:00:00,NSE:DWARKESH,28.05,28.8,27.0,27.0,602287.0
2019-02-27 12:00:00,NSE:DWARKESH,27.0,27.1,26.4,27.0,336240.0
2019-02-27 13:00:00,NSE:DWARKESH,27.0,27.65,26.9,27.65,241786.0
2019-02-27 14:00:00,NSE:DWARKESH,27.6,27.7,26.85,27.15,143028.0
2019-02-27 15:00:00,NSE:DWARKESH,27.15,27.6,26.95,27.25,205204.0
2019-02-28 09:00:00,NSE:DWARKESH,27.5,28.4,27.5,28.3,415647.0
2019-02-28 10:00:00,NSE:DWARKESH,28.3,28.4,28.15,28.35,242835.0
2019-02-28 11:00:00,NSE:DWARKESH,28.35,28.6,28.25,28.4,201885.0
2019-02-28 12:00:00,NSE:DWARKESH,28.4,28.75,28.25,28.55,228039.0
2019-02-28 13:00:00,NSE:DWARKESH,28.55,29.2,28.4,29.1,578066.0
2019-02-28 14:00:00,NSE:DWARKESH,29.15,29.7,28.65,29.0,1002630.0
2019-02-28 15:00:00,NSE:DWARKESH,28.95,29.3,28.8,29.0,392971.0
2019-03-01 09:00:00,NSE:DWARKESH,30.4,31.25,30.15,30.95,1430704.0
2019-03-01 10:00:00,NSE:DWARKESH,30.85,30.85,30.25,30.55,338833.0
2019-03-01 11:00:00,NSE:DWARKESH,30.55,30.65,30.35,30.5,172715.0
2019-03-01 12:00:00,NSE:DWARKESH,30.45,30.65,30.3,30.4,131642.0
2019-03-01 13:00:00,NSE:DWARKESH,30.4,30.45,30.3,30.45,76478.0
2019-03-01 14:00:00,NSE:DWARKESH,30.4,30.5,30.3,30.5,206129.0
2019-03-01 15:00:00,NSE:DWARKESH,30.3,30.4,30.05,30.25,357906.0
2019-03-05 09:00:00,NSE:DWARKESH,30.35,31.25,30.35,30.75,729278.0
2019-03-05 10:00:00,NSE:DWARKESH,30.75,31.0,30.75,30.85,205864.0
2019-03-05 11:00:00,NSE:DWARKESH,30.9,31.0,30.85,31.0,138887.0
2019-03-05 12:00:00,NSE:DWARKESH,31.0,31.7,30.7,31.45,491478.0
2019-03-05 13:00:00,NSE:DWARKESH,31.4,31.5,31.15,31.3,126108.0
2019-03-05 14:00:00,NSE:DWARKESH,31.3,31.8,31.15,31.6,380280.0
2019-03-05 15:00:00,NSE:DWARKESH,31.55,31.7,31.15,31.4,232849.0
2019-03-06 09:00:00,NSE:DWARKESH,31.7,32.85,31.45,32.6,788737.0
2019-03-06 10:00:00,NSE:DWARKESH,32.6,32.95,31.6,32.4,677437.0
2019-03-06 11:00:00,NSE:DWARKESH,32.4,32.7,32.2,32.35,161059.0
2019-03-06 12:00:00,NSE:DWARKESH,32.3,32.85,32.2,32.6,222300.0
2019-03-06 13:00:00,NSE:DWARKESH,32.5,32.7,32.2,32.25,173642.0
2019-03-06 14:00:00,NSE:DWARKESH,32.3,32.65,32.2,32.25,88090.0
2019-03-06 15:00:00,NSE:DWARKESH,32.25,32.5,32.25,32.4,198224.0
2019-03-07 09:00:00,NSE:DWARKESH,32.75,32.9,31.25,31.45,516770.0
2019-03-07 10:00:00,NSE:DWARKESH,31.5,31.7,31.25,31.5,237962.0
2019-03-07 11:00:00,NSE:DWARKESH,31.5,31.6,30.85,31.05,391244.0
2019-03-07 12:00:00,NSE:DWARKESH,31.0,31.8,30.5,30.55,333389.0
2019-03-07 13:00:00,NSE:DWARKESH,30.55,30.85,30.5,30.75,301410.0
2019-03-07 14:00:00,NSE:DWARKESH,30.75,30.95,30.6,30.7,143729.0
2019-03-07 15:00:00,NSE:DWARKESH,30.65,30.7,30.15,30.35,286906.0
2019-03-08 09:00:00,NSE:DWARKESH,30.0,31.7,30.0,30.85,474965.0
2019-03-08 10:00:00,NSE:DWARKESH,30.85,31.0,30.6,30.9,176693.0
2019-03-08 11:00:00,NSE:DWARKESH,30.9,31.4,30.85,31.05,132982.0
2019-03-08 12:00:00,NSE:DWARKESH,31.1,31.25,30.9,30.9,73563.0
2019-03-08 13:00:00,NSE:DWARKESH,30.9,31.1,30.75,30.95,153710.0
2019-03-08 14:00:00,NSE:DWARKESH,30.85,30.95,30.75,30.9,66408.0
2019-03-08 15:00:00,NSE:DWARKESH,30.85,30.9,30.5,30.7,177602.0
2019-03-11 09:00:00,NSE:DWARKESH,30.9,31.05,29.75,29.8,288852.0
2019-03-11 10:00:00,NSE:DWARKESH,29.8,29.9,29.2,29.45,187772.0
2019-03-11 11:00:00,NSE:DWARKESH,29.5,29.85,29.25,29.6,121732.0
2019-03-11 12:00:00,NSE:DWARKESH,29.6,30.55,29.6,29.9,171776.0
2019-03-11 13:00:00,NSE:DWARKESH,29.9,30.05,29.7,29.95,72338.0
2019-03-11 14:00:00,NSE:DWARKESH,30.0,30.0,29.6,29.6,88200.0
2019-03-11 15:00:00,NSE:DWARKESH,29.6,30.5,29.5,30.0,193344.0
2019-03-12 09:00:00,NSE:DWARKESH,29.9,30.6,29.8,30.4,179260.0
2019-03-12 10:00:00,NSE:DWARKESH,30.4,30.85,30.3,30.85,180656.0
2019-03-12 11:00:00,NSE:DWARKESH,30.85,31.1,30.6,30.6,264085.0
2019-03-12 12:00:00,NSE:DWARKESH,30.7,30.75,30.5,30.65,110584.0
2019-03-12 13:00:00,NSE:DWARKESH,30.55,30.7,30.5,30.5,46078.0
2019-03-12 14:00:00,NSE:DWARKESH,30.4,30.55,30.3,30.5,50038.0
2019-03-12 15:00:00,NSE:DWARKESH,30.5,30.5,30.15,30.25,127768.0
2019-03-13 09:00:00,NSE:DWARKESH,30.3,30.35,29.8,30.0,84266.0
2019-03-13 10:00:00,NSE:DWARKESH,29.9,29.95,29.25,29.55,71378.0
2019-03-13 11:00:00,NSE:DWARKESH,29.5,29.9,29.5,29.6,40127.0
2019-03-13 12:00:00,NSE:DWARKESH,29.6,29.65,29.5,29.55,23877.0
2019-03-13 13:00:00,NSE:DWARKESH,29.55,29.85,29.5,29.75,28735.0
2019-03-13 14:00:00,NSE:DWARKESH,29.65,29.85,29.4,29.5,67820.0
2019-03-13 15:00:00,NSE:DWARKESH,29.55,29.6,28.8,29.2,247945.0
2019-03-14 09:00:00,NSE:DWARKESH,29.0,29.55,28.95,29.25,114312.0
2019-03-14 10:00:00,NSE:DWARKESH,29.25,30.4,28.6,30.25,669499.0
2019-03-14 11:00:00,NSE:DWARKESH,30.25,30.3,29.8,29.8,156278.0
2019-03-14 12:00:00,NSE:DWARKESH,29.9,30.1,29.65,29.9,104109.0
2019-03-14 13:00:00,NSE:DWARKESH,29.9,30.45,29.85,30.15,160798.0
2019-03-14 14:00:00,NSE:DWARKESH,30.2,30.35,29.9,29.9,113105.0
2019-03-14 15:00:00,NSE:DWARKESH,29.95,30.35,29.7,29.9,142281.0
2019-03-15 09:00:00,NSE:DWARKESH,30.0,30.25,29.75,30.2,199341.0
2019-03-15 10:00:00,NSE:DWARKESH,30.2,30.25,29.7,29.75,214704.0
2019-03-15 11:00:00,NSE:DWARKESH,29.75,30.05,29.5,29.65,120749.0
2019-03-15 12:00:00,NSE:DWARKESH,29.6,30.15,29.6,29.9,171475.0
2019-03-15 13:00:00,NSE:DWARKESH,29.9,30.0,29.8,29.8,37649.0
2019-03-15 14:00:00,NSE:DWARKESH,29.8,29.8,29.5,29.55,80627.0
2019-03-15 15:00:00,NSE:DWARKESH,29.55,29.55,28.7,28.95,280224.0
2019-03-18 09:00:00,NSE:DWARKESH,28.95,29.45,28.6,29.3,188481.0
2019-03-18 10:00:00,NSE:DWARKESH,29.25,29.4,28.9,29.0,93311.0
2019-03-18 11:00:00,NSE:DWARKESH,28.95,29.0,28.5,28.65,97484.0
2019-03-18 12:00:00,NSE:DWARKESH,28.7,28.75,28.3,28.5,106421.0
2019-03-18 13:00:00,NSE:DWARKESH,28.4,28.5,28.3,28.45,21171.0
2019-03-18 14:00:00,NSE:DWARKESH,28.45,28.5,28.3,28.4,80460.0
2019-03-18 15:00:00,NSE:DWARKESH,28.4,28.65,28.35,28.55,73331.0
2019-03-19 09:00:00,NSE:DWARKESH,28.7,28.7,28.25,28.55,77255.0
2019-03-19 10:00:00,NSE:DWARKESH,28.55,28.6,28.25,28.6,61958.0
2019-03-19 11:00:00,NSE:DWARKESH,28.55,28.8,28.4,28.55,46519.0
2019-03-19 12:00:00,NSE:DWARKESH,28.55,28.6,28.35,28.4,36964.0
2019-03-19 13:00:00,NSE:DWARKESH,28.45,28.5,28.05,28.2,64219.0
2019-03-19 14:00:00,NSE:DWARKESH,28.2,28.2,28.05,28.05,54854.0
2019-03-19 15:00:00,NSE:DWARKESH,28.1,28.2,27.95,28.2,62222.0
2019-03-20 09:00:00,NSE:DWARKESH,28.0,28.2,27.85,28.1,76081.0
2019-03-20 10:00:00,NSE:DWARKESH,28.05,28.1,27.7,27.9,95794.0
2019-03-20 11:00:00,NSE:DWARKESH,27.9,28.1,27.8,27.8,92003.0
2019-03-20 12:00:00,NSE:DWARKESH,27.9,27.95,27.4,27.7,120653.0
2019-03-20 13:00:00,NSE:DWARKESH,27.7,27.95,27.7,27.85,36551.0
2019-03-20 14:00:00,NSE:DWARKESH,27.9,28.75,27.75,28.5,176801.0
2019-03-20 15:00:00,NSE:DWARKESH,28.55,28.95,28.35,28.6,133442.0
2019-03-22 09:00:00,NSE:DWARKESH,28.4,29.45,28.3,29.25,160667.0
2019-03-22 10:00:00,NSE:DWARKESH,29.25,29.75,28.95,29.05,193801.0
2019-03-22 11:00:00,NSE:DWARKESH,29.0,29.4,29.0,29.1,88825.0
2019-03-22 12:00:00,NSE:DWARKESH,29.1,29.65,29.1,29.6,66556.0
2019-03-22 13:00:00,NSE:DWARKESH,29.6,29.65,29.1,29.15,61045.0
2019-03-22 14:00:00,NSE:DWARKESH,29.15,29.15,28.75,28.8,94525.0
2019-03-22 15:00:00,NSE:DWARKESH,28.8,29.0,28.6,28.8,50669.0
2019-03-25 09:00:00,NSE:DWARKESH,29.0,29.4,28.9,29.4,146028.0
2019-03-25 10:00:00,NSE:DWARKESH,29.4,29.6,29.15,29.15,82054.0
2019-03-25 11:00:00,NSE:DWARKESH,29.25,29.25,28.95,28.95,42990.0
2019-03-25 12:00:00,NSE:DWARKESH,29.0,29.0,28.7,28.8,58126.0
2019-03-25 13:00:00,NSE:DWARKESH,28.85,28.9,28.5,28.7,30714.0
2019-03-25 14:00:00,NSE:DWARKESH,28.7,28.85,28.55,28.8,56887.0
2019-03-25 15:00:00,NSE:DWARKESH,28.7,28.85,28.65,28.8,75680.0
2019-03-26 09:00:00,NSE:DWARKESH,28.8,29.15,28.7,29.0,83251.0
2019-03-26 10:00:00,NSE:DWARKESH,29.1,29.1,28.75,28.75,53434.0
2019-03-26 11:00:00,NSE:DWARKESH,28.75,28.85,28.45,28.65,101220.0
2019-03-26 12:00:00,NSE:DWARKESH,28.65,28.7,28.6,28.7,10395.0
2019-03-26 13:00:00,NSE:DWARKESH,28.75,28.75,28.6,28.6,9935.0
2019-03-26 14:00:00,NSE:DWARKESH,28.6,29.0,28.6,28.9,41968.0
2019-03-26 15:00:00,NSE:DWARKESH,29.0,29.0,28.6,28.85,39800.0
2019-03-27 09:00:00,NSE:DWARKESH,28.85,29.1,28.8,29.05,79144.0
2019-03-27 10:00:00,NSE:DWARKESH,29.05,29.5,28.95,29.35,178389.0
2019-03-27 11:00:00,NSE:DWARKESH,29.35,29.4,28.8,28.8,55015.0
2019-03-27 12:00:00,NSE:DWARKESH,28.85,29.2,28.85,29.15,71530.0
2019-03-27 13:00:00,NSE:DWARKESH,29.2,29.25,29.05,29.15,87402.0
2019-03-27 14:00:00,NSE:DWARKESH,29.2,29.55,29.05,29.5,270694.0
2019-03-27 15:00:00,NSE:DWARKESH,29.5,30.2,29.3,29.85,486162.0
2019-03-28 09:00:00,NSE:DWARKESH,29.85,30.5,29.85,30.35,253616.0
2019-03-28 10:00:00,NSE:DWARKESH,30.4,30.45,30.05,30.25,98141.0
2019-03-28 11:00:00,NSE:DWARKESH,30.2,30.3,30.15,30.2,69743.0
2019-03-28 12:00:00,NSE:DWARKESH,30.2,30.3,29.9,29.9,114305.0
2019-03-28 13:00:00,NSE:DWARKESH,29.9,29.95,29.65,29.8,40489.0
2019-03-28 14:00:00,NSE:DWARKESH,29.85,30.1,29.8,29.8,46849.0
2019-03-28 15:00:00,NSE:DWARKESH,29.8,30.0,29.8,29.9,77193.0
2019-03-29 09:00:00,NSE:DWARKESH,30.05,30.15,29.8,30.1,62523.0
2019-03-29 10:00:00,NSE:DWARKESH,30.05,30.25,29.95,29.95,78109.0
2019-03-29 11:00:00,NSE:DWARKESH,29.95,29.95,29.7,29.7,50222.0
2019-03-29 12:00:00,NSE:DWARKESH,29.8,30.9,29.7,30.7,355875.0
2019-03-29 13:00:00,NSE:DWARKESH,30.7,30.85,30.55,30.7,64454.0
2019-03-29 14:00:00,NSE:DWARKESH,30.7,31.25,30.65,30.85,359919.0
2019-03-29 15:00:00,NSE:DWARKESH,30.85,31.2,30.6,30.75,191261.0
2019-04-01 09:00:00,NSE:DWARKESH,30.7,31.35,30.7,31.3,211885.0
2019-04-01 10:00:00,NSE:DWARKESH,31.2,31.55,31.0,31.2,305399.0
2019-04-01 11:00:00,NSE:DWARKESH,31.25,31.45,30.8,31.1,115194.0
2019-04-01 12:00:00,NSE:DWARKESH,31.1,31.1,30.65,30.7,121107.0
2019-04-01 13:00:00,NSE:DWARKESH,30.7,30.8,30.55,30.7,56046.0
2019-04-01 14:00:00,NSE:DWARKESH,30.7,31.05,30.7,30.8,153967.0
2019-04-01 15:00:00,NSE:DWARKESH,30.8,30.85,30.35,30.6,116606.0
2019-04-02 09:00:00,NSE:DWARKESH,30.9,30.9,28.25,30.4,232053.0
2019-04-02 10:00:00,NSE:DWARKESH,30.4,30.5,30.1,30.25,77520.0
2019-04-02 11:00:00,NSE:DWARKESH,30.3,30.35,30.05,30.3,40889.0
2019-04-02 12:00:00,NSE:DWARKESH,30.35,30.35,29.8,29.9,108997.0
2019-04-02 13:00:00,NSE:DWARKESH,29.85,29.95,29.5,29.6,70959.0
2019-04-02 14:00:00,NSE:DWARKESH,29.6,29.7,29.05,29.3,168176.0
2019-04-02 15:00:00,NSE:DWARKESH,29.25,29.6,29.25,29.45,74686.0
2019-04-03 09:00:00,NSE:DWARKESH,29.65,29.8,29.2,29.4,144316.0
2019-04-03 10:00:00,NSE:DWARKESH,29.5,29.9,29.45,29.75,75145.0
2019-04-03 11:00:00,NSE:DWARKESH,29.75,29.8,29.5,29.8,52964.0
2019-04-03 12:00:00,NSE:DWARKESH,29.85,29.9,29.75,29.8,45537.0
2019-04-03 13:00:00,NSE:DWARKESH,29.8,29.8,29.5,29.5,41399.0
2019-04-03 14:00:00,NSE:DWARKESH,29.5,29.65,29.45,29.5,91514.0
2019-04-03 15:00:00,NSE:DWARKESH,29.6,30.15,29.3,29.85,182765.0
2019-04-04 09:00:00,NSE:DWARKESH,29.7,29.8,29.55,29.7,63971.0
2019-04-04 10:00:00,NSE:DWARKESH,29.75,29.75,28.65,28.75,225760.0
2019-04-04 11:00:00,NSE:DWARKESH,28.75,28.8,28.4,28.5,122058.0
2019-04-04 12:00:00,NSE:DWARKESH,28.55,28.95,28.5,28.8,73489.0
2019-04-04 13:00:00,NSE:DWARKESH,28.85,29.35,28.85,29.0,107401.0
2019-04-04 14:00:00,NSE:DWARKESH,29.0,29.25,28.55,28.8,118001.0
2019-04-04 15:00:00,NSE:DWARKESH,28.75,29.0,28.75,28.9,67623.0
2019-04-05 09:00:00,NSE:DWARKESH,29.55,30.25,29.5,30.1,522680.0
2019-04-05 10:00:00,NSE:DWARKESH,30.1,30.6,30.05,30.2,304850.0
2019-04-05 11:00:00,NSE:DWARKESH,30.2,30.25,29.6,30.1,121590.0
2019-04-05 12:00:00,NSE:DWARKESH,30.05,30.15,29.85,29.95,96056.0
2019-04-05 13:00:00,NSE:DWARKESH,30.0,30.2,29.9,30.05,110154.0
2019-04-05 14:00:00,NSE:DWARKESH,30.05,30.95,30.0,30.6,548143.0
2019-04-05 15:00:00,NSE:DWARKESH,30.6,30.8,30.4,30.6,170221.0
2019-04-08 09:00:00,NSE:DWARKESH,30.3,30.5,29.4,29.6,270512.0
2019-04-08 10:00:00,NSE:DWARKESH,29.65,29.7,29.25,29.3,123113.0
2019-04-08 11:00:00,NSE:DWARKESH,29.35,29.35,28.95,29.0,143438.0
2019-04-08 12:00:00,NSE:DWARKESH,29.1,29.4,28.9,29.35,182522.0
2019-04-08 13:00:00,NSE:DWARKESH,29.35,29.4,29.0,29.1,97976.0
2019-04-08 14:00:00,NSE:DWARKESH,29.1,29.2,28.6,28.7,143100.0
2019-04-08 15:00:00,NSE:DWARKESH,28.7,29.2,28.7,29.15,112743.0
2019-04-09 09:00:00,NSE:DWARKESH,29.1,29.5,28.8,29.35,196759.0
2019-04-09 10:00:00,NSE:DWARKESH,29.3,29.4,29.3,29.3,53422.0
2019-04-09 11:00:00,NSE:DWARKESH,29.3,29.65,29.2,29.55,90033.0
2019-04-09 12:00:00,NSE:DWARKESH,29.5,29.65,29.5,29.6,27904.0
2019-04-09 13:00:00,NSE:DWARKESH,29.6,30.0,29.6,30.0,126197.0
2019-04-09 14:00:00,NSE:DWARKESH,29.95,30.0,29.6,29.75,148293.0
2019-04-09 15:00:00,NSE:DWARKESH,29.7,30.05,29.7,29.9,119402.0
2019-04-10 09:00:00,NSE:DWARKESH,29.75,30.55,29.65,30.1,293777.0
2019-04-10 10:00:00,NSE:DWARKESH,30.1,30.1,29.7,29.75,78640.0
2019-04-10 11:00:00,NSE:DWARKESH,29.75,29.85,29.7,29.8,9921.0
2019-04-10 12:00:00,NSE:DWARKESH,29.8,29.85,29.7,29.85,20713.0
2019-04-10 13:00:00,NSE:DWARKESH,29.9,29.9,29.65,29.8,37961.0
2019-04-10 14:00:00,NSE:DWARKESH,29.8,29.9,29.7,29.9,42078.0
2019-04-10 15:00:00,NSE:DWARKESH,29.85,30.0,29.75,29.85,77393.0
2019-04-11 09:00:00,NSE:DWARKESH,29.95,30.0,29.6,29.7,54171.0
2019-04-11 10:00:00,NSE:DWARKESH,29.65,29.7,29.4,29.5,59685.0
2019-04-11 11:00:00,NSE:DWARKESH,29.55,29.55,29.2,29.2,38670.0
2019-04-11 12:00:00,NSE:DWARKESH,29.2,29.5,29.2,29.4,17744.0
2019-04-11 13:00:00,NSE:DWARKESH,29.4,29.5,29.2,29.3,17622.0
2019-04-11 14:00:00,NSE:DWARKESH,29.25,29.3,29.2,29.25,19604.0
2019-04-11 15:00:00,NSE:DWARKESH,29.25,29.4,29.2,29.3,44733.0
2019-04-12 09:00:00,NSE:DWARKESH,29.3,29.4,28.55,28.85,91618.0
2019-04-12 10:00:00,NSE:DWARKESH,28.9,29.25,28.85,29.1,33160.0
2019-04-12 11:00:00,NSE:DWARKESH,29.1,29.2,28.4,28.65,163824.0
2019-04-12 12:00:00,NSE:DWARKESH,28.65,29.05,28.6,28.85,61788.0
2019-04-12 13:00:00,NSE:DWARKESH,28.85,29.3,28.85,29.15,53603.0
2019-04-12 14:00:00,NSE:DWARKESH,29.15,29.2,28.9,29.05,38591.0
2019-04-12 15:00:00,NSE:DWARKESH,29.1,29.2,28.85,29.05,60153.0
2019-04-15 09:00:00,NSE:DWARKESH,29.05,29.2,28.75,29.1,109999.0
2019-04-15 10:00:00,NSE:DWARKESH,29.1,29.4,29.0,29.15,99541.0
2019-04-15 11:00:00,NSE:DWARKESH,29.1,29.2,28.95,29.05,41045.0
2019-04-15 12:00:00,NSE:DWARKESH,29.1,29.15,29.0,29.15,15650.0
2019-04-15 13:00:00,NSE:DWARKESH,29.15,29.2,29.05,29.15,23427.0
2019-04-15 14:00:00,NSE:DWARKESH,29.05,29.15,28.8,28.8,55797.0
2019-04-15 15:00:00,NSE:DWARKESH,28.8,28.9,28.55,28.8,103852.0
2019-04-16 09:00:00,NSE:DWARKESH,28.8,29.0,28.8,28.85,42995.0
2019-04-16 10:00:00,NSE:DWARKESH,28.85,28.95,28.7,28.8,38951.0
2019-04-16 11:00:00,NSE:DWARKESH,28.85,29.1,28.7,29.0,90695.0
2019-04-16 12:00:00,NSE:DWARKESH,29.0,29.0,28.75,28.85,20304.0
2019-04-16 13:00:00,NSE:DWARKESH,28.85,28.9,28.6,28.7,36528.0
2019-04-16 14:00:00,NSE:DWARKESH,28.7,28.7,28.55,28.65,91509.0
2019-04-16 15:00:00,NSE:DWARKESH,28.6,28.65,28.45,28.55,53459.0
2019-04-18 09:00:00,NSE:DWARKESH,28.35,28.65,28.1,28.15,91180.0
2019-04-18 10:00:00,NSE:DWARKESH,28.1,28.15,27.65,27.9,160250.0
2019-04-18 11:00:00,NSE:DWARKESH,27.9,28.1,27.8,28.1,23681.0
2019-04-18 12:00:00,NSE:DWARKESH,28.05,28.35,28.05,28.35,26670.0
2019-04-18 13:00:00,NSE:DWARKESH,28.35,28.7,28.1,28.2,102672.0
2019-04-18 14:00:00,NSE:DWARKESH,28.2,28.4,28.15,28.3,34561.0
2019-04-18 15:00:00,NSE:DWARKESH,28.25,28.3,28.05,28.2,63811.0
2019-04-22 09:00:00,NSE:DWARKESH,28.05,28.5,27.85,28.2,83648.0
2019-04-22 10:00:00,NSE:DWARKESH,28.2,28.45,28.05,28.45,68717.0
2019-04-22 11:00:00,NSE:DWARKESH,28.4,28.75,28.35,28.6,88410.0
2019-04-22 12:00:00,NSE:DWARKESH,28.65,28.7,28.35,28.5,18428.0
2019-04-22 13:00:00,NSE:DWARKESH,28.45,28.5,27.95,28.0,126840.0
2019-04-22 14:00:00,NSE:DWARKESH,28.0,28.1,27.65,27.65,59291.0
2019-04-22 15:00:00,NSE:DWARKESH,27.7,27.8,27.5,27.6,90096.0
2019-04-23 09:00:00,NSE:DWARKESH,27.7,28.2,27.7,28.0,76236.0
2019-04-23 10:00:00,NSE:DWARKESH,27.9,27.95,27.8,27.85,41409.0
2019-04-23 11:00:00,NSE:DWARKESH,27.9,28.0,27.75,27.95,31704.0
2019-04-23 12:00:00,NSE:DWARKESH,27.9,28.0,27.9,28.0,18020.0
2019-04-23 13:00:00,NSE:DWARKESH,28.0,28.0,27.9,28.0,18019.0
2019-04-23 14:00:00,NSE:DWARKESH,28.0,28.0,27.65,27.7,42130.0
2019-04-23 15:00:00,NSE:DWARKESH,27.8,27.8,27.65,27.7,36965.0
2019-04-24 09:00:00,NSE:DWARKESH,27.6,27.9,27.6,27.85,15217.0
2019-04-24 10:00:00,NSE:DWARKESH,27.85,27.85,27.6,27.6,49269.0
2019-04-24 11:00:00,NSE:DWARKESH,27.6,27.9,27.55,27.65,47580.0
2019-04-24 12:00:00,NSE:DWARKESH,27.65,27.7,27.55,27.6,43808.0
2019-04-24 13:00:00,NSE:DWARKESH,27.55,27.65,27.55,27.6,13766.0
2019-04-24 14:00:00,NSE:DWARKESH,27.55,27.8,27.5,27.6,82947.0
2019-04-24 15:00:00,NSE:DWARKESH,27.6,27.85,27.6,27.7,51290.0
2019-04-25 09:00:00,NSE:DWARKESH,27.95,29.4,27.25,29.15,376277.0
2019-04-25 10:00:00,NSE:DWARKESH,29.15,29.4,28.9,29.0,174963.0
2019-04-25 11:00:00,NSE:DWARKESH,29.05,29.2,28.9,28.9,92418.0
2019-04-25 12:00:00,NSE:DWARKESH,28.95,29.05,28.8,28.8,33043.0
2019-04-25 13:00:00,NSE:DWARKESH,28.75,28.95,28.75,28.8,24595.0
2019-04-25 14:00:00,NSE:DWARKESH,28.8,28.9,28.7,28.7,45731.0
2019-04-25 15:00:00,NSE:DWARKESH,28.7,28.9,28.4,28.9,126599.0
2019-04-26 09:00:00,NSE:DWARKESH,28.6,29.35,28.45,29.1,132857.0
2019-04-26 10:00:00,NSE:DWARKESH,29.1,29.35,28.95,29.1,57508.0
2019-04-26 11:00:00,NSE:DWARKESH,29.15,29.15,28.8,28.9,38648.0
2019-04-26 12:00:00,NSE:DWARKESH,28.95,29.1,28.8,28.8,22823.0
2019-04-26 13:00:00,NSE:DWARKESH,28.8,28.85,28.65,28.7,34009.0
2019-04-26 14:00:00,NSE:DWARKESH,28.6,28.7,28.6,28.7,27458.0
2019-04-26 15:00:00,NSE:DWARKESH,28.65,28.85,28.65,28.7,89170.0
2019-04-30 09:00:00,NSE:DWARKESH,28.7,28.95,27.8,27.8,122175.0
2019-04-30 10:00:00,NSE:DWARKESH,27.8,27.9,27.3,27.75,76188.0
2019-04-30 11:00:00,NSE:DWARKESH,27.75,28.4,27.7,28.1,131231.0
2019-04-30 12:00:00,NSE:DWARKESH,28.1,28.15,27.6,27.6,52734.0
2019-04-30 13:00:00,NSE:DWARKESH,27.5,27.6,27.45,27.5,59891.0
2019-04-30 14:00:00,NSE:DWARKESH,27.5,27.5,27.3,27.35,45949.0
2019-04-30 15:00:00,NSE:DWARKESH,27.35,27.45,27.1,27.35,101898.0
2019-05-02 09:00:00,NSE:DWARKESH,27.5,28.35,27.45,28.25,137600.0
2019-05-02 10:00:00,NSE:DWARKESH,28.2,28.4,27.95,28.05,81132.0
2019-05-02 11:00:00,NSE:DWARKESH,28.05,28.1,27.8,27.85,78540.0
2019-05-02 12:00:00,NSE:DWARKESH,27.8,27.9,27.7,27.7,26974.0
2019-05-02 13:00:00,NSE:DWARKESH,27.75,28.0,27.7,27.8,48194.0
2019-05-02 14:00:00,NSE:DWARKESH,27.8,27.9,27.75,27.85,20759.0
2019-05-02 15:00:00,NSE:DWARKESH,27.7,27.85,27.7,27.75,27349.0
2019-05-03 09:00:00,NSE:DWARKESH,27.75,28.25,27.5,28.05,93543.0
2019-05-03 10:00:00,NSE:DWARKESH,28.0,28.1,27.9,27.9,38182.0
2019-05-03 11:00:00,NSE:DWARKESH,27.9,28.0,27.85,27.85,25798.0
2019-05-03 12:00:00,NSE:DWARKESH,27.85,28.0,27.75,27.8,43915.0
2019-05-03 13:00:00,NSE:DWARKESH,27.75,27.8,27.7,27.7,11647.0
2019-05-03 14:00:00,NSE:DWARKESH,27.7,27.9,27.65,27.7,18049.0
2019-05-03 15:00:00,NSE:DWARKESH,27.75,27.75,27.25,27.5,130463.0
2019-05-06 09:00:00,NSE:DWARKESH,27.1,27.6,26.95,27.35,101307.0
2019-05-06 10:00:00,NSE:DWARKESH,27.25,27.35,27.0,27.25,40907.0
2019-05-06 11:00:00,NSE:DWARKESH,27.25,27.3,27.1,27.15,29048.0
2019-05-06 12:00:00,NSE:DWARKESH,27.25,27.3,27.15,27.25,19236.0
2019-05-06 13:00:00,NSE:DWARKESH,27.2,27.25,27.1,27.1,9245.0
2019-05-06 14:00:00,NSE:DWARKESH,27.1,27.15,27.0,27.0,141467.0
2019-05-06 15:00:00,NSE:DWARKESH,27.0,27.1,27.0,27.0,53929.0
2019-05-07 09:00:00,NSE:DWARKESH,27.3,27.3,27.05,27.15,62802.0
2019-05-07 10:00:00,NSE:DWARKESH,27.2,27.4,27.05,27.05,49332.0
2019-05-07 11:00:00,NSE:DWARKESH,27.05,27.2,27.0,27.05,53461.0
2019-05-07 12:00:00,NSE:DWARKESH,27.05,27.1,27.0,27.0,53322.0
2019-05-07 13:00:00,NSE:DWARKESH,27.0,27.1,27.0,27.05,20235.0
2019-05-07 14:00:00,NSE:DWARKESH,27.05,27.05,26.45,26.45,89666.0
2019-05-07 15:00:00,NSE:DWARKESH,26.4,26.55,26.3,26.4,70311.0
2019-05-08 09:00:00,NSE:DWARKESH,26.4,26.6,26.1,26.55,54148.0
2019-05-08 10:00:00,NSE:DWARKESH,26.55,26.6,26.15,26.3,34085.0
2019-05-08 11:00:00,NSE:DWARKESH,26.3,26.35,25.8,25.85,120614.0
2019-05-08 12:00:00,NSE:DWARKESH,25.75,26.15,25.75,26.1,37837.0
2019-05-08 13:00:00,NSE:DWARKESH,26.1,26.2,25.95,26.0,28555.0
2019-05-08 14:00:00,NSE:DWARKESH,25.85,26.0,25.45,25.55,163134.0
2019-05-08 15:00:00,NSE:DWARKESH,25.45,25.6,25.1,25.35,102857.0
2019-05-09 09:00:00,NSE:DWARKESH,25.0,27.0,25.0,26.75,327567.0
2019-05-09 10:00:00,NSE:DWARKESH,26.75,26.8,26.4,26.65,81264.0
2019-05-09 11:00:00,NSE:DWARKESH,26.65,26.75,26.35,26.35,50278.0
2019-05-09 12:00:00,NSE:DWARKESH,26.35,26.5,26.3,26.4,26252.0
2019-05-09 13:00:00,NSE:DWARKESH,26.4,26.45,25.95,26.3,73227.0
2019-05-09 14:00:00,NSE:DWARKESH,26.35,26.6,26.05,26.45,105073.0
2019-05-09 15:00:00,NSE:DWARKESH,26.45,26.7,26.25,26.45,95113.0
2019-05-10 09:00:00,NSE:DWARKESH,26.4,26.9,26.4,26.5,94693.0
2019-05-10 10:00:00,NSE:DWARKESH,26.5,26.65,26.5,26.55,25313.0
2019-05-10 11:00:00,NSE:DWARKESH,26.6,26.6,26.5,26.55,6885.0
2019-05-10 12:00:00,NSE:DWARKESH,26.55,26.6,26.3,26.3,13822.0
2019-05-10 13:00:00,NSE:DWARKESH,26.3,26.45,26.25,26.35,22156.0
2019-05-10 14:00:00,NSE:DWARKESH,26.45,26.7,26.3,26.4,47743.0
2019-05-10 15:00:00,NSE:DWARKESH,26.4,26.6,26.35,26.5,34497.0
2019-05-13 09:00:00,NSE:DWARKESH,26.5,26.85,26.0,26.25,90678.0
2019-05-13 10:00:00,NSE:DWARKESH,26.2,26.35,26.15,26.15,16164.0
2019-05-13 11:00:00,NSE:DWARKESH,26.15,26.15,25.55,25.65,34458.0
2019-05-13 12:00:00,NSE:DWARKESH,25.65,25.8,25.6,25.65,9555.0
2019-05-13 13:00:00,NSE:DWARKESH,25.6,25.75,25.6,25.7,6788.0
2019-05-13 14:00:00,NSE:DWARKESH,25.75,26.05,25.65,25.65,36505.0
2019-05-13 15:00:00,NSE:DWARKESH,25.65,25.7,25.0,25.2,54246.0
2019-05-14 09:00:00,NSE:DWARKESH,25.55,25.65,24.65,25.5,100842.0
2019-05-14 10:00:00,NSE:DWARKESH,25.5,25.6,25.25,25.55,28595.0
2019-05-14 11:00:00,NSE:DWARKESH,25.5,25.75,25.5,25.5,24231.0
2019-05-14 12:00:00,NSE:DWARKESH,25.65,26.15,25.4,25.65,96676.0
2019-05-14 13:00:00,NSE:DWARKESH,25.7,26.0,25.55,25.9,23255.0
2019-05-14 14:00:00,NSE:DWARKESH,25.9,26.0,25.65,25.65,12865.0
2019-05-14 15:00:00,NSE:DWARKESH,25.65,26.2,25.55,25.95,48768.0
2019-05-15 09:00:00,NSE:DWARKESH,26.05,26.65,26.05,26.45,74037.0
2019-05-15 10:00:00,NSE:DWARKESH,26.45,26.9,26.35,26.55,48804.0
2019-05-15 11:00:00,NSE:DWARKESH,26.55,26.65,26.45,26.55,28906.0
2019-05-15 12:00:00,NSE:DWARKESH,26.55,26.6,26.45,26.45,12369.0
2019-05-15 13:00:00,NSE:DWARKESH,26.4,26.45,26.15,26.2,23387.0
2019-05-15 14:00:00,NSE:DWARKESH,26.2,26.25,26.0,26.05,13627.0
2019-05-15 15:00:00,NSE:DWARKESH,26.15,26.15,25.4,25.4,67465.0
2019-05-16 09:00:00,NSE:DWARKESH,25.7,25.9,25.5,25.9,55378.0
2019-05-16 10:00:00,NSE:DWARKESH,25.9,26.0,25.8,25.8,37768.0
2019-05-16 11:00:00,NSE:DWARKESH,25.8,25.9,25.5,25.7,30539.0
2019-05-16 12:00:00,NSE:DWARKESH,25.7,25.75,25.45,25.7,17579.0
2019-05-16 13:00:00,NSE:DWARKESH,25.75,25.85,25.65,25.7,13032.0
2019-05-16 14:00:00,NSE:DWARKESH,25.75,25.9,25.7,25.85,32859.0
2019-05-16 15:00:00,NSE:DWARKESH,25.75,25.95,25.5,25.65,38092.0
2019-05-17 09:00:00,NSE:DWARKESH,26.1,26.9,26.1,26.2,108073.0
2019-05-17 10:00:00,NSE:DWARKESH,26.15,26.25,26.0,26.05,66824.0
2019-05-17 11:00:00,NSE:DWARKESH,26.15,26.3,26.15,26.15,25415.0
2019-05-17 12:00:00,NSE:DWARKESH,26.15,26.15,25.7,25.8,68890.0
2019-05-17 13:00:00,NSE:DWARKESH,25.85,26.0,25.7,25.95,36506.0
2019-05-17 14:00:00,NSE:DWARKESH,25.9,26.1,25.85,25.95,65001.0
2019-05-17 15:00:00,NSE:DWARKESH,26.0,26.2,25.8,26.0,56227.0
2019-05-20 09:00:00,NSE:DWARKESH,26.5,27.2,26.4,26.9,81281.0
2019-05-20 10:00:00,NSE:DWARKESH,26.95,27.4,26.75,27.15,125869.0
2019-05-20 11:00:00,NSE:DWARKESH,27.2,27.3,26.85,26.95,53204.0
2019-05-20 12:00:00,NSE:DWARKESH,26.95,27.05,26.85,27.0,39431.0
2019-05-20 13:00:00,NSE:DWARKESH,27.0,27.05,26.85,27.0,23333.0
2019-05-20 14:00:00,NSE:DWARKESH,27.0,27.25,26.85,27.1,48388.0
2019-05-20 15:00:00,NSE:DWARKESH,27.1,27.3,26.85,27.15,66646.0
2019-05-21 09:00:00,NSE:DWARKESH,27.7,27.9,27.45,27.55,210192.0
2019-05-21 10:00:00,NSE:DWARKESH,27.55,28.15,27.5,28.0,140071.0
2019-05-21 11:00:00,NSE:DWARKESH,28.1,28.9,28.0,28.4,250211.0
2019-05-21 12:00:00,NSE:DWARKESH,28.35,28.6,28.35,28.45,75484.0
2019-05-21 13:00:00,NSE:DWARKESH,28.45,28.5,28.3,28.3,72923.0
2019-05-21 14:00:00,NSE:DWARKESH,28.25,28.4,28.0,28.05,111449.0
2019-05-21 15:00:00,NSE:DWARKESH,28.05,28.15,27.9,28.05,144421.0
2019-05-22 09:00:00,NSE:DWARKESH,28.1,28.25,27.8,27.9,151824.0
2019-05-22 10:00:00,NSE:DWARKESH,27.9,27.9,27.8,27.8,16973.0
2019-05-22 11:00:00,NSE:DWARKESH,27.85,27.95,27.8,27.95,14126.0
2019-05-22 12:00:00,NSE:DWARKESH,27.9,28.0,27.85,27.9,20243.0
2019-05-22 13:00:00,NSE:DWARKESH,27.95,27.95,27.9,27.9,44640.0
2019-05-22 14:00:00,NSE:DWARKESH,27.95,27.95,27.85,27.85,81864.0
2019-05-22 15:00:00,NSE:DWARKESH,27.85,27.95,27.8,27.8,58895.0
2019-05-23 09:00:00,NSE:DWARKESH,28.45,28.45,27.85,27.95,185835.0
2019-05-23 10:00:00,NSE:DWARKESH,27.9,28.05,27.85,27.9,114206.0
2019-05-23 11:00:00,NSE:DWARKESH,27.9,27.95,27.45,27.55,109934.0
2019-05-23 12:00:00,NSE:DWARKESH,27.6,27.85,27.2,27.8,131517.0
2019-05-23 13:00:00,NSE:DWARKESH,27.8,28.0,27.7,27.75,21334.0
2019-05-23 14:00:00,NSE:DWARKESH,27.75,28.3,27.2,27.2,227561.0
2019-05-23 15:00:00,NSE:DWARKESH,27.2,27.65,27.2,27.6,78496.0
2019-05-24 09:00:00,NSE:DWARKESH,27.55,28.0,27.0,27.6,166188.0
2019-05-24 10:00:00,NSE:DWARKESH,27.7,28.5,27.55,28.5,319902.0
2019-05-24 11:00:00,NSE:DWARKESH,28.5,29.95,28.45,29.25,782717.0
2019-05-24 12:00:00,NSE:DWARKESH,29.25,29.5,28.65,29.4,216002.0
2019-05-24 13:00:00,NSE:DWARKESH,29.35,30.25,29.35,29.85,477856.0
2019-05-24 14:00:00,NSE:DWARKESH,29.6,30.3,29.5,29.7,340829.0
2019-05-24 15:00:00,NSE:DWARKESH,29.75,29.75,29.3,29.4,275801.0
2019-05-27 09:00:00,NSE:DWARKESH,29.5,30.4,29.4,30.0,483926.0
2019-05-27 10:00:00,NSE:DWARKESH,30.0,30.95,29.85,30.7,489360.0
2019-05-27 11:00:00,NSE:DWARKESH,30.8,30.8,29.65,30.05,382898.0
2019-05-27 12:00:00,NSE:DWARKESH,29.9,30.0,29.6,29.6,99906.0
2019-05-27 13:00:00,NSE:DWARKESH,29.55,29.95,29.55,29.65,75361.0
2019-05-27 14:00:00,NSE:DWARKESH,29.6,30.15,29.6,29.9,278540.0
2019-05-27 15:00:00,NSE:DWARKESH,29.9,30.05,29.65,29.9,167972.0
2019-05-28 09:00:00,NSE:DWARKESH,29.6,30.05,29.05,29.15,126769.0
2019-05-28 10:00:00,NSE:DWARKESH,29.15,29.4,29.05,29.2,100449.0
2019-05-28 11:00:00,NSE:DWARKESH,29.15,29.35,29.15,29.2,51493.0
2019-05-28 12:00:00,NSE:DWARKESH,29.2,29.25,28.65,28.85,100882.0
2019-05-28 13:00:00,NSE:DWARKESH,28.85,29.25,28.85,28.9,129053.0
2019-05-28 14:00:00,NSE:DWARKESH,29.0,29.0,28.75,28.9,103573.0
2019-05-28 15:00:00,NSE:DWARKESH,28.9,29.0,28.85,28.9,82255.0
2019-05-29 09:00:00,NSE:DWARKESH,28.9,29.1,28.4,28.5,189043.0
2019-05-29 10:00:00,NSE:DWARKESH,28.45,28.75,28.4,28.7,56008.0
2019-05-29 11:00:00,NSE:DWARKESH,28.7,28.75,28.6,28.7,74842.0
2019-05-29 12:00:00,NSE:DWARKESH,28.7,28.7,28.35,28.4,39053.0
2019-05-29 13:00:00,NSE:DWARKESH,28.4,28.65,28.35,28.65,36969.0
2019-05-29 14:00:00,NSE:DWARKESH,28.55,28.6,28.3,28.35,49626.0
2019-05-29 15:00:00,NSE:DWARKESH,28.35,28.35,27.9,28.15,92788.0
2019-05-30 09:00:00,NSE:DWARKESH,28.15,28.45,28.15,28.45,42467.0
2019-05-30 10:00:00,NSE:DWARKESH,28.4,28.8,28.25,28.3,78932.0
2019-05-30 11:00:00,NSE:DWARKESH,28.3,28.35,28.15,28.25,25692.0
2019-05-30 12:00:00,NSE:DWARKESH,28.25,28.5,28.15,28.25,41416.0
2019-05-30 13:00:00,NSE:DWARKESH,28.25,28.25,28.0,28.1,43912.0
2019-05-30 14:00:00,NSE:DWARKESH,28.1,28.15,27.8,27.85,71198.0
2019-05-30 15:00:00,NSE:DWARKESH,27.9,28.0,27.8,27.9,52221.0
2019-05-31 09:00:00,NSE:DWARKESH,28.3,28.65,28.2,28.35,156102.0
2019-05-31 10:00:00,NSE:DWARKESH,28.35,28.35,28.0,28.05,114287.0
2019-05-31 11:00:00,NSE:DWARKESH,28.0,28.15,27.9,27.95,25098.0
2019-05-31 12:00:00,NSE:DWARKESH,27.9,28.0,27.8,27.85,50525.0
2019-05-31 13:00:00,NSE:DWARKESH,27.85,27.9,27.8,27.8,52321.0
2019-05-31 14:00:00,NSE:DWARKESH,27.8,28.25,27.75,27.85,87139.0
2019-05-31 15:00:00,NSE:DWARKESH,27.9,28.25,27.9,28.15,59011.0
2019-06-03 09:00:00,NSE:DWARKESH,28.5,28.5,27.75,28.2,194326.0
2019-06-03 10:00:00,NSE:DWARKESH,28.25,28.45,28.0,28.15,110388.0
2019-06-03 11:00:00,NSE:DWARKESH,28.2,28.4,28.2,28.35,40534.0
2019-06-03 12:00:00,NSE:DWARKESH,28.3,28.45,28.25,28.25,41954.0
2019-06-03 13:00:00,NSE:DWARKESH,28.25,28.3,28.05,28.15,31394.0
2019-06-03 14:00:00,NSE:DWARKESH,28.1,28.5,28.1,28.35,100541.0
2019-06-03 15:00:00,NSE:DWARKESH,28.3,28.5,28.3,28.45,94249.0
2019-06-04 09:00:00,NSE:DWARKESH,28.85,29.4,28.65,28.9,309455.0
2019-06-04 10:00:00,NSE:DWARKESH,28.9,29.0,28.7,28.85,75150.0
2019-06-04 11:00:00,NSE:DWARKESH,28.9,29.2,28.7,29.1,125756.0
2019-06-04 12:00:00,NSE:DWARKESH,29.05,29.1,28.9,29.0,77296.0
2019-06-04 13:00:00,NSE:DWARKESH,28.95,29.0,28.6,28.8,60819.0
2019-06-04 14:00:00,NSE:DWARKESH,28.75,28.8,28.3,28.4,62848.0
2019-06-04 15:00:00,NSE:DWARKESH,28.4,28.6,28.3,28.45,95070.0
2019-06-06 09:00:00,NSE:DWARKESH,28.25,28.65,28.1,28.15,70131.0
2019-06-06 10:00:00,NSE:DWARKESH,28.2,28.55,28.1,28.1,60001.0
2019-06-06 11:00:00,NSE:DWARKESH,28.2,28.3,27.9,28.2,70182.0
2019-06-06 12:00:00,NSE:DWARKESH,28.15,28.4,28.0,28.05,52103.0
2019-06-06 13:00:00,NSE:DWARKESH,28.1,28.15,27.85,27.9,29764.0
2019-06-06 14:00:00,NSE:DWARKESH,27.95,28.0,27.7,27.75,46875.0
2019-06-06 15:00:00,NSE:DWARKESH,27.75,27.85,27.6,27.65,65364.0
2019-06-07 09:00:00,NSE:DWARKESH,27.3,28.1,27.3,28.1,104073.0
2019-06-07 10:00:00,NSE:DWARKESH,28.1,28.1,27.35,27.5,76738.0
2019-06-07 11:00:00,NSE:DWARKESH,27.6,27.65,27.45,27.6,12925.0
2019-06-07 12:00:00,NSE:DWARKESH,27.5,27.7,27.5,27.6,27517.0
2019-06-07 13:00:00,NSE:DWARKESH,27.6,27.6,27.1,27.2,50510.0
2019-06-07 14:00:00,NSE:DWARKESH,27.25,27.4,27.2,27.4,25448.0
2019-06-07 15:00:00,NSE:DWARKESH,27.35,27.4,27.1,27.15,74249.0
2019-06-10 09:00:00,NSE:DWARKESH,27.85,28.0,27.45,27.5,65585.0
2019-06-10 10:00:00,NSE:DWARKESH,27.5,27.6,27.25,27.3,58091.0
2019-06-10 11:00:00,NSE:DWARKESH,27.25,27.3,27.05,27.25,61093.0
2019-06-10 12:00:00,NSE:DWARKESH,27.2,27.65,26.95,27.5,114247.0
2019-06-10 13:00:00,NSE:DWARKESH,27.55,27.75,27.45,27.65,62132.0
2019-06-10 14:00:00,NSE:DWARKESH,27.6,27.6,27.2,27.5,88841.0
2019-06-10 15:00:00,NSE:DWARKESH,27.45,27.65,27.4,27.6,54229.0
2019-06-11 09:00:00,NSE:DWARKESH,27.6,27.8,26.95,27.35,70693.0
2019-06-11 10:00:00,NSE:DWARKESH,27.3,27.3,27.1,27.1,33443.0
2019-06-11 11:00:00,NSE:DWARKESH,27.1,27.15,26.85,27.15,16501.0
2019-06-11 12:00:00,NSE:DWARKESH,27.1,27.15,27.05,27.15,29512.0
2019-06-11 13:00:00,NSE:DWARKESH,27.15,27.2,26.9,26.95,41778.0
2019-06-11 14:00:00,NSE:DWARKESH,26.95,27.4,26.85,27.35,66345.0
2019-06-11 15:00:00,NSE:DWARKESH,27.25,27.5,27.15,27.35,27453.0
2019-06-12 09:00:00,NSE:DWARKESH,27.35,27.6,27.15,27.5,89451.0
2019-06-12 10:00:00,NSE:DWARKESH,27.5,27.55,26.95,27.0,67152.0
2019-06-12 11:00:00,NSE:DWARKESH,27.05,27.2,27.0,27.05,39640.0
2019-06-12 12:00:00,NSE:DWARKESH,27.1,27.15,27.0,27.05,21898.0
2019-06-12 13:00:00,NSE:DWARKESH,27.05,27.05,26.8,27.0,25386.0
2019-06-12 14:00:00,NSE:DWARKESH,27.0,27.3,26.85,26.85,31932.0
2019-06-12 15:00:00,NSE:DWARKESH,26.9,27.2,26.85,27.05,23557.0
2019-06-13 09:00:00,NSE:DWARKESH,27.25,27.3,26.85,26.9,42187.0
2019-06-13 10:00:00,NSE:DWARKESH,26.9,26.9,26.75,26.75,30117.0
2019-06-13 11:00:00,NSE:DWARKESH,26.8,26.85,26.5,26.55,50052.0
2019-06-13 12:00:00,NSE:DWARKESH,26.6,26.7,26.55,26.65,15069.0
2019-06-13 13:00:00,NSE:DWARKESH,26.65,27.3,26.65,27.3,52518.0
2019-06-13 14:00:00,NSE:DWARKESH,27.25,27.35,27.0,27.0,24060.0
2019-06-13 15:00:00,NSE:DWARKESH,27.05,27.1,27.0,27.1,21983.0
2019-06-14 09:00:00,NSE:DWARKESH,27.1,27.35,26.8,26.85,34878.0
2019-06-14 10:00:00,NSE:DWARKESH,26.85,27.6,26.85,27.2,152943.0
2019-06-14 11:00:00,NSE:DWARKESH,27.2,27.25,27.05,27.05,30063.0
2019-06-14 12:00:00,NSE:DWARKESH,27.05,27.05,26.85,27.05,34010.0
2019-06-14 13:00:00,NSE:DWARKESH,27.05,27.1,26.85,27.05,19698.0
2019-06-14 14:00:00,NSE:DWARKESH,27.0,27.15,27.0,27.1,21025.0
2019-06-14 15:00:00,NSE:DWARKESH,27.1,27.1,26.65,26.7,106420.0
2019-06-17 09:00:00,NSE:DWARKESH,26.5,26.9,26.45,26.5,35774.0
2019-06-17 10:00:00,NSE:DWARKESH,26.45,26.5,26.3,26.35,37502.0
2019-06-17 11:00:00,NSE:DWARKESH,26.35,26.35,26.25,26.35,37694.0
2019-06-17 12:00:00,NSE:DWARKESH,26.3,26.35,26.0,26.0,37679.0
2019-06-17 13:00:00,NSE:DWARKESH,26.05,26.2,26.05,26.05,12661.0
2019-06-17 14:00:00,NSE:DWARKESH,26.1,26.1,26.0,26.05,9923.0
2019-06-17 15:00:00,NSE:DWARKESH,26.05,26.05,25.6,25.85,59246.0
2019-06-18 09:00:00,NSE:DWARKESH,25.95,26.1,25.7,26.0,39533.0
2019-06-18 10:00:00,NSE:DWARKESH,25.95,26.3,25.8,25.85,84060.0
2019-06-18 11:00:00,NSE:DWARKESH,25.85,25.9,25.85,25.9,15012.0
2019-06-18 12:00:00,NSE:DWARKESH,25.9,26.0,25.85,26.0,23719.0
2019-06-18 13:00:00,NSE:DWARKESH,25.9,26.0,25.7,25.7,49440.0
2019-06-18 14:00:00,NSE:DWARKESH,25.7,25.75,25.6,25.6,22358.0
2019-06-18 15:00:00,NSE:DWARKESH,25.6,26.0,25.5,25.9,52788.0
2019-06-19 09:00:00,NSE:DWARKESH,26.3,26.3,26.05,26.05,47375.0
2019-06-19 10:00:00,NSE:DWARKESH,26.1,26.1,25.8,25.8,22060.0
2019-06-19 11:00:00,NSE:DWARKESH,25.9,25.9,25.0,25.1,53847.0
2019-06-19 12:00:00,NSE:DWARKESH,25.05,25.4,24.85,25.3,97729.0
2019-06-19 13:00:00,NSE:DWARKESH,25.4,25.45,25.2,25.2,19173.0
2019-06-19 14:00:00,NSE:DWARKESH,25.1,25.25,25.0,25.0,40684.0
2019-06-19 15:00:00,NSE:DWARKESH,25.0,25.2,24.85,25.0,68398.0
2019-06-20 09:00:00,NSE:DWARKESH,24.8,25.05,24.25,24.65,90610.0
2019-06-20 10:00:00,NSE:DWARKESH,24.65,24.95,24.55,24.9,43216.0
2019-06-20 11:00:00,NSE:DWARKESH,24.9,25.5,24.85,25.2,42464.0
2019-06-20 12:00:00,NSE:DWARKESH,25.2,25.2,24.9,25.05,23639.0
2019-06-20 13:00:00,NSE:DWARKESH,25.05,25.15,24.95,25.15,10140.0
2019-06-20 14:00:00,NSE:DWARKESH,25.0,25.3,25.0,25.1,29637.0
2019-06-20 15:00:00,NSE:DWARKESH,25.1,25.35,25.05,25.15,24724.0
2019-06-21 09:00:00,NSE:DWARKESH,25.05,25.7,24.8,25.35,80340.0
2019-06-21 10:00:00,NSE:DWARKESH,25.35,25.95,25.3,25.65,73795.0
2019-06-21 11:00:00,NSE:DWARKESH,25.6,25.7,25.4,25.5,11210.0
2019-06-21 12:00:00,NSE:DWARKESH,25.45,25.6,25.45,25.5,17473.0
2019-06-21 13:00:00,NSE:DWARKESH,25.5,25.7,25.5,25.5,19320.0
2019-06-21 14:00:00,NSE:DWARKESH,25.5,25.6,25.4,25.55,30554.0
2019-06-21 15:00:00,NSE:DWARKESH,25.6,25.95,25.55,25.7,51658.0
2019-06-24 09:00:00,NSE:DWARKESH,25.5,25.9,25.2,25.45,43831.0
2019-06-24 10:00:00,NSE:DWARKESH,25.45,25.6,25.15,25.35,41976.0
2019-06-24 11:00:00,NSE:DWARKESH,25.35,25.4,25.25,25.35,5143.0
2019-06-24 12:00:00,NSE:DWARKESH,25.3,25.6,25.3,25.5,16661.0
2019-06-24 13:00:00,NSE:DWARKESH,25.5,26.0,25.5,25.8,42243.0
2019-06-24 14:00:00,NSE:DWARKESH,25.8,25.85,25.55,25.6,43787.0
2019-06-24 15:00:00,NSE:DWARKESH,25.6,25.7,25.45,25.45,36597.0
2019-06-25 09:00:00,NSE:DWARKESH,25.35,25.75,25.25,25.6,23155.0
2019-06-25 10:00:00,NSE:DWARKESH,25.7,25.7,25.25,25.3,36385.0
2019-06-25 11:00:00,NSE:DWARKESH,25.3,25.3,25.0,25.1,50069.0
2019-06-25 12:00:00,NSE:DWARKESH,25.1,25.2,25.05,25.15,9904.0
2019-06-25 13:00:00,NSE:DWARKESH,25.15,25.15,25.05,25.15,8870.0
2019-06-25 14:00:00,NSE:DWARKESH,25.1,25.15,24.65,24.75,105595.0
2019-06-25 15:00:00,NSE:DWARKESH,24.75,25.25,24.75,25.0,74268.0
2019-06-26 09:00:00,NSE:DWARKESH,24.8,25.45,24.5,25.3,67781.0
2019-06-26 10:00:00,NSE:DWARKESH,25.3,25.65,25.15,25.4,101384.0
2019-06-26 11:00:00,NSE:DWARKESH,25.4,25.5,25.3,25.5,24736.0
2019-06-26 12:00:00,NSE:DWARKESH,25.55,25.55,25.45,25.5,21638.0
2019-06-26 13:00:00,NSE:DWARKESH,25.45,25.55,25.4,25.5,6390.0
2019-06-26 14:00:00,NSE:DWARKESH,25.45,25.9,25.45,25.8,44897.0
2019-06-26 15:00:00,NSE:DWARKESH,25.7,25.95,25.7,25.95,40731.0
2019-06-27 09:00:00,NSE:DWARKESH,26.5,26.85,26.1,26.6,228737.0
2019-06-27 10:00:00,NSE:DWARKESH,26.5,26.5,26.3,26.4,40898.0
2019-06-27 11:00:00,NSE:DWARKESH,26.35,26.45,26.35,26.45,23988.0
2019-06-27 12:00:00,NSE:DWARKESH,26.45,26.5,26.3,26.45,21836.0
2019-06-27 13:00:00,NSE:DWARKESH,26.4,26.4,26.25,26.25,25371.0
2019-06-27 14:00:00,NSE:DWARKESH,26.3,26.4,26.05,26.15,28953.0
2019-06-27 15:00:00,NSE:DWARKESH,26.2,26.25,26.05,26.15,39674.0
2019-06-28 09:00:00,NSE:DWARKESH,26.1,26.4,26.0,26.05,30760.0
2019-06-28 10:00:00,NSE:DWARKESH,26.05,26.15,26.0,26.05,14427.0
2019-06-28 11:00:00,NSE:DWARKESH,26.05,26.1,25.75,25.85,34804.0
2019-06-28 12:00:00,NSE:DWARKESH,25.85,25.95,25.75,25.95,16450.0
2019-06-28 13:00:00,NSE:DWARKESH,25.95,26.05,25.9,26.0,31562.0
2019-06-28 14:00:00,NSE:DWARKESH,26.0,26.05,25.85,25.85,32670.0
2019-06-28 15:00:00,NSE:DWARKESH,25.9,26.4,25.85,26.1,106201.0
2019-07-01 09:00:00,NSE:DWARKESH,27.1,27.7,26.3,26.4,195184.0
2019-07-01 10:00:00,NSE:DWARKESH,26.35,26.45,26.3,26.35,24275.0
2019-07-01 11:00:00,NSE:DWARKESH,26.45,26.5,26.3,26.3,18243.0
2019-07-01 12:00:00,NSE:DWARKESH,26.35,26.45,26.25,26.45,28567.0
2019-07-01 13:00:00,NSE:DWARKESH,26.45,26.5,26.4,26.45,33631.0
2019-07-01 14:00:00,NSE:DWARKESH,26.45,26.5,26.4,26.4,25493.0
2019-07-01 15:00:00,NSE:DWARKESH,26.45,26.5,26.3,26.45,44079.0
2019-07-02 09:00:00,NSE:DWARKESH,26.4,26.6,25.9,26.1,37605.0
2019-07-02 10:00:00,NSE:DWARKESH,26.1,26.1,25.9,25.95,16786.0
2019-07-02 11:00:00,NSE:DWARKESH,26.0,26.0,25.85,25.9,13139.0
2019-07-02 12:00:00,NSE:DWARKESH,25.9,26.05,25.85,25.95,14986.0
2019-07-02 13:00:00,NSE:DWARKESH,25.95,26.2,25.9,26.15,23650.0
2019-07-02 14:00:00,NSE:DWARKESH,26.15,26.2,26.05,26.1,6972.0
2019-07-02 15:00:00,NSE:DWARKESH,26.1,26.1,25.8,25.95,21885.0
2019-07-03 09:00:00,NSE:DWARKESH,26.0,26.35,26.0,26.2,21058.0
2019-07-03 10:00:00,NSE:DWARKESH,26.2,26.25,26.2,26.2,26623.0
2019-07-03 11:00:00,NSE:DWARKESH,26.15,26.2,26.1,26.15,13882.0
2019-07-03 12:00:00,NSE:DWARKESH,26.15,26.2,26.15,26.2,3266.0
2019-07-03 13:00:00,NSE:DWARKESH,26.25,26.4,26.1,26.1,21296.0
2019-07-03 14:00:00,NSE:DWARKESH,26.1,26.3,26.1,26.2,10293.0
2019-07-03 15:00:00,NSE:DWARKESH,26.15,26.3,26.1,26.2,34379.0
2019-07-04 09:00:00,NSE:DWARKESH,26.0,26.4,25.9,26.35,43847.0
2019-07-04 10:00:00,NSE:DWARKESH,26.3,26.65,26.3,26.5,179395.0
2019-07-04 11:00:00,NSE:DWARKESH,26.55,26.55,26.25,26.35,27324.0
2019-07-04 12:00:00,NSE:DWARKESH,26.35,26.45,26.3,26.35,18995.0
2019-07-04 13:00:00,NSE:DWARKESH,26.3,26.35,26.2,26.35,24049.0
2019-07-04 14:00:00,NSE:DWARKESH,26.3,26.7,26.15,26.6,99268.0
2019-07-04 15:00:00,NSE:DWARKESH,26.7,26.75,26.4,26.5,109485.0
2019-07-05 09:00:00,NSE:DWARKESH,26.5,26.95,26.4,26.4,73860.0
2019-07-05 10:00:00,NSE:DWARKESH,26.45,26.5,26.35,26.45,24604.0
2019-07-05 11:00:00,NSE:DWARKESH,26.45,26.45,26.3,26.35,11143.0
2019-07-05 12:00:00,NSE:DWARKESH,26.35,26.45,26.3,26.35,5047.0
2019-07-05 13:00:00,NSE:DWARKESH,26.3,26.3,25.55,25.9,41782.0
2019-07-05 14:00:00,NSE:DWARKESH,25.95,26.0,25.75,25.75,22864.0
2019-07-05 15:00:00,NSE:DWARKESH,25.75,25.75,25.3,25.45,50053.0
2019-07-08 09:00:00,NSE:DWARKESH,25.2,25.2,24.7,25.15,50864.0
2019-07-08 10:00:00,NSE:DWARKESH,25.15,25.15,24.6,24.8,68649.0
2019-07-08 11:00:00,NSE:DWARKESH,24.8,24.85,24.5,24.8,67876.0
2019-07-08 12:00:00,NSE:DWARKESH,24.75,24.85,24.65,24.7,23018.0
2019-07-08 13:00:00,NSE:DWARKESH,24.7,24.8,24.65,24.7,14504.0
2019-07-08 14:00:00,NSE:DWARKESH,24.65,24.85,24.5,24.7,72814.0
2019-07-08 15:00:00,NSE:DWARKESH,24.7,24.8,24.6,24.65,47268.0
2019-07-09 09:00:00,NSE:DWARKESH,24.5,24.9,24.15,24.9,49754.0
2019-07-09 10:00:00,NSE:DWARKESH,24.7,25.05,24.55,24.75,34140.0
2019-07-09 11:00:00,NSE:DWARKESH,24.75,24.9,24.55,24.9,42842.0
2019-07-09 12:00:00,NSE:DWARKESH,24.95,24.95,24.75,24.8,22916.0
2019-07-09 13:00:00,NSE:DWARKESH,24.85,25.15,24.75,24.9,38946.0
2019-07-09 14:00:00,NSE:DWARKESH,24.8,25.05,24.55,24.7,16587.0
2019-07-09 15:00:00,NSE:DWARKESH,24.7,25.05,24.7,24.9,27357.0
2019-07-10 09:00:00,NSE:DWARKESH,24.8,25.2,24.75,25.0,51707.0
2019-07-10 10:00:00,NSE:DWARKESH,25.0,25.05,24.85,24.9,11186.0
2019-07-10 11:00:00,NSE:DWARKESH,24.9,24.9,24.3,24.75,19677.0
2019-07-10 12:00:00,NSE:DWARKESH,24.7,24.75,24.65,24.65,6209.0
2019-07-10 13:00:00,NSE:DWARKESH,24.65,24.85,24.35,24.35,34279.0
2019-07-10 14:00:00,NSE:DWARKESH,24.5,24.95,24.5,24.7,35133.0
2019-07-10 15:00:00,NSE:DWARKESH,24.65,24.85,24.55,24.65,39557.0
2019-07-11 09:00:00,NSE:DWARKESH,24.85,25.0,24.5,24.6,21723.0
2019-07-11 10:00:00,NSE:DWARKESH,24.65,24.65,24.4,24.5,18609.0
2019-07-11 11:00:00,NSE:DWARKESH,24.45,24.55,24.4,24.55,4165.0
2019-07-11 12:00:00,NSE:DWARKESH,24.45,24.6,24.3,24.5,8343.0
2019-07-11 13:00:00,NSE:DWARKESH,24.5,24.6,24.3,24.45,25268.0
2019-07-11 14:00:00,NSE:DWARKESH,24.5,24.6,24.35,24.55,29358.0
2019-07-11 15:00:00,NSE:DWARKESH,24.5,24.6,24.45,24.6,52670.0
2019-07-12 09:00:00,NSE:DWARKESH,24.5,24.7,24.25,24.6,74754.0
2019-07-12 10:00:00,NSE:DWARKESH,24.55,24.65,24.5,24.6,14040.0
2019-07-12 11:00:00,NSE:DWARKESH,24.55,24.6,24.45,24.45,22152.0
2019-07-12 12:00:00,NSE:DWARKESH,24.45,24.55,24.45,24.55,7565.0
2019-07-12 13:00:00,NSE:DWARKESH,24.5,24.7,24.5,24.6,16277.0
2019-07-12 14:00:00,NSE:DWARKESH,24.6,26.4,24.6,26.0,429435.0
2019-07-12 15:00:00,NSE:DWARKESH,25.95,26.2,25.8,26.0,136998.0
2019-07-15 09:00:00,NSE:DWARKESH,26.2,26.2,25.35,25.65,115975.0
2019-07-15 10:00:00,NSE:DWARKESH,25.65,25.7,25.15,25.15,40458.0
2019-07-15 11:00:00,NSE:DWARKESH,25.2,25.2,25.0,25.0,33956.0
2019-07-15 12:00:00,NSE:DWARKESH,25.05,25.15,25.0,25.15,10775.0
2019-07-15 13:00:00,NSE:DWARKESH,25.15,25.2,24.9,25.1,16026.0
2019-07-15 14:00:00,NSE:DWARKESH,25.1,25.15,25.0,25.05,17628.0
2019-07-15 15:00:00,NSE:DWARKESH,25.1,25.45,25.0,25.2,69201.0
2019-07-16 09:00:00,NSE:DWARKESH,25.45,25.85,25.25,25.6,120699.0
2019-07-16 10:00:00,NSE:DWARKESH,25.55,25.7,25.35,25.5,46951.0
2019-07-16 11:00:00,NSE:DWARKESH,25.45,25.45,25.2,25.35,24507.0
2019-07-16 12:00:00,NSE:DWARKESH,25.3,25.4,25.2,25.3,7234.0
2019-07-16 13:00:00,NSE:DWARKESH,25.3,25.6,25.25,25.6,33704.0
2019-07-16 14:00:00,NSE:DWARKESH,25.65,25.8,25.6,25.6,20394.0
2019-07-16 15:00:00,NSE:DWARKESH,25.6,25.75,25.6,25.65,62356.0
2019-07-17 09:00:00,NSE:DWARKESH,25.45,25.7,24.6,25.6,20109.0
2019-07-17 10:00:00,NSE:DWARKESH,25.6,25.65,25.5,25.65,14830.0
2019-07-17 11:00:00,NSE:DWARKESH,25.6,25.7,25.6,25.6,15309.0
2019-07-17 12:00:00,NSE:DWARKESH,25.6,25.65,25.5,25.55,23405.0
2019-07-17 13:00:00,NSE:DWARKESH,25.5,25.55,25.4,25.45,11434.0
2019-07-17 14:00:00,NSE:DWARKESH,25.45,25.45,25.3,25.4,18198.0
2019-07-17 15:00:00,NSE:DWARKESH,25.4,25.45,25.1,25.3,29126.0
2019-07-18 09:00:00,NSE:DWARKESH,25.2,25.25,24.75,24.95,35054.0
2019-07-18 10:00:00,NSE:DWARKESH,24.9,24.95,24.5,24.8,32967.0
2019-07-18 11:00:00,NSE:DWARKESH,24.7,25.05,24.65,25.05,31541.0
2019-07-18 12:00:00,NSE:DWARKESH,25.0,25.0,24.7,24.75,8130.0
2019-07-18 13:00:00,NSE:DWARKESH,24.7,24.8,24.6,24.7,16801.0
2019-07-18 14:00:00,NSE:DWARKESH,24.7,24.95,24.7,24.8,11471.0
2019-07-18 15:00:00,NSE:DWARKESH,24.8,24.85,24.55,24.7,25001.0
2019-07-19 09:00:00,NSE:DWARKESH,24.65,24.95,24.55,24.8,24398.0
2019-07-19 10:00:00,NSE:DWARKESH,24.85,24.85,24.55,24.55,30470.0
2019-07-19 11:00:00,NSE:DWARKESH,24.6,24.65,24.5,24.6,10324.0
2019-07-19 12:00:00,NSE:DWARKESH,24.6,24.6,24.1,24.25,41309.0
2019-07-19 13:00:00,NSE:DWARKESH,24.25,24.3,24.0,24.2,46576.0
2019-07-19 14:00:00,NSE:DWARKESH,24.25,24.25,24.0,24.0,64032.0
2019-07-19 15:00:00,NSE:DWARKESH,24.0,24.25,23.9,24.05,43737.0
2019-07-22 09:00:00,NSE:DWARKESH,24.0,24.0,23.15,23.45,81710.0
2019-07-22 10:00:00,NSE:DWARKESH,23.5,24.0,23.35,23.4,103230.0
2019-07-22 11:00:00,NSE:DWARKESH,23.35,23.5,23.25,23.25,36963.0
2019-07-22 12:00:00,NSE:DWARKESH,23.25,23.5,23.25,23.3,25777.0
2019-07-22 13:00:00,NSE:DWARKESH,23.4,23.4,23.25,23.4,9156.0
2019-07-22 14:00:00,NSE:DWARKESH,23.4,23.45,23.25,23.4,11564.0
2019-07-22 15:00:00,NSE:DWARKESH,23.35,23.6,23.3,23.45,27785.0
2019-07-23 09:00:00,NSE:DWARKESH,23.65,24.2,23.45,24.05,70510.0
2019-07-23 10:00:00,NSE:DWARKESH,24.1,24.5,23.9,24.05,130428.0
2019-07-23 11:00:00,NSE:DWARKESH,23.95,24.0,23.6,23.8,76845.0
2019-07-23 12:00:00,NSE:DWARKESH,23.8,23.8,23.7,23.8,15492.0
2019-07-23 13:00:00,NSE:DWARKESH,23.8,23.8,23.7,23.8,7331.0
2019-07-23 14:00:00,NSE:DWARKESH,23.8,23.8,23.5,23.55,46290.0
2019-07-23 15:00:00,NSE:DWARKESH,23.55,23.8,23.55,23.7,66759.0
2019-07-24 09:00:00,NSE:DWARKESH,23.9,24.2,23.8,23.85,84758.0
2019-07-24 10:00:00,NSE:DWARKESH,23.8,24.0,23.6,23.75,44849.0
2019-07-24 11:00:00,NSE:DWARKESH,23.7,23.9,23.6,23.75,115169.0
2019-07-24 12:00:00,NSE:DWARKESH,23.8,24.0,23.75,23.8,80233.0
2019-07-24 13:00:00,NSE:DWARKESH,23.9,24.05,23.8,24.0,26958.0
2019-07-24 14:00:00,NSE:DWARKESH,24.0,24.15,23.8,23.8,65376.0
2019-07-24 15:00:00,NSE:DWARKESH,23.8,24.0,23.8,23.85,38612.0
2019-07-25 09:00:00,NSE:DWARKESH,23.85,24.2,23.85,23.9,25525.0
2019-07-25 10:00:00,NSE:DWARKESH,23.9,23.9,23.75,23.75,29423.0
2019-07-25 11:00:00,NSE:DWARKESH,23.75,23.85,23.75,23.8,6273.0
2019-07-25 12:00:00,NSE:DWARKESH,23.8,23.85,23.7,23.7,10351.0
2019-07-25 13:00:00,NSE:DWARKESH,23.7,23.7,23.3,23.6,42016.0
2019-07-25 14:00:00,NSE:DWARKESH,23.5,23.6,23.2,23.2,53851.0
2019-07-25 15:00:00,NSE:DWARKESH,23.25,23.4,23.25,23.35,18789.0
2019-07-26 09:00:00,NSE:DWARKESH,23.5,23.55,22.9,23.25,34778.0
2019-07-26 10:00:00,NSE:DWARKESH,23.3,23.45,23.25,23.4,8952.0
2019-07-26 11:00:00,NSE:DWARKESH,23.35,23.55,23.25,23.45,18900.0
2019-07-26 12:00:00,NSE:DWARKESH,23.45,23.5,23.35,23.35,12474.0
2019-07-26 13:00:00,NSE:DWARKESH,23.45,23.45,23.15,23.3,11872.0
2019-07-26 14:00:00,NSE:DWARKESH,23.3,23.35,23.2,23.25,26871.0
2019-07-26 15:00:00,NSE:DWARKESH,23.3,23.3,23.05,23.15,27213.0
2019-07-29 09:00:00,NSE:DWARKESH,23.45,23.65,22.9,23.25,45561.0
2019-07-29 10:00:00,NSE:DWARKESH,23.2,23.4,22.95,23.15,53876.0
2019-07-29 11:00:00,NSE:DWARKESH,23.15,23.2,22.9,23.0,22174.0
2019-07-29 12:00:00,NSE:DWARKESH,23.05,23.25,23.0,23.05,32227.0
2019-07-29 13:00:00,NSE:DWARKESH,23.0,23.15,23.0,23.1,12413.0
2019-07-29 14:00:00,NSE:DWARKESH,23.0,23.1,23.0,23.05,34116.0
2019-07-29 15:00:00,NSE:DWARKESH,23.0,23.5,22.95,23.15,63622.0
2019-07-30 09:00:00,NSE:DWARKESH,23.2,23.35,23.1,23.15,10910.0
2019-07-30 10:00:00,NSE:DWARKESH,23.2,23.2,22.65,22.75,48086.0
2019-07-30 11:00:00,NSE:DWARKESH,22.65,22.8,22.5,22.55,24430.0
2019-07-30 12:00:00,NSE:DWARKESH,22.6,23.1,22.6,22.6,12948.0
2019-07-30 13:00:00,NSE:DWARKESH,22.65,22.8,22.5,22.55,20945.0
2019-07-30 14:00:00,NSE:DWARKESH,22.55,22.6,21.95,22.15,74790.0
2019-07-30 15:00:00,NSE:DWARKESH,22.15,22.4,21.8,22.0,71690.0
2019-07-31 09:00:00,NSE:DWARKESH,22.5,22.5,21.15,21.8,87274.0
2019-07-31 10:00:00,NSE:DWARKESH,21.9,22.0,21.5,21.7,46206.0
2019-07-31 11:00:00,NSE:DWARKESH,21.75,22.35,21.0,22.25,72545.0
2019-07-31 12:00:00,NSE:DWARKESH,22.15,23.1,22.15,22.65,76614.0
2019-07-31 13:00:00,NSE:DWARKESH,22.65,22.75,22.5,22.5,14791.0
2019-07-31 14:00:00,NSE:DWARKESH,22.5,22.6,22.3,22.4,48207.0
2019-07-31 15:00:00,NSE:DWARKESH,22.4,22.5,22.15,22.3,34524.0
2019-08-01 09:00:00,NSE:DWARKESH,22.1,22.5,22.0,22.35,18973.0
2019-08-01 10:00:00,NSE:DWARKESH,22.3,22.6,22.15,22.3,23409.0
2019-08-01 11:00:00,NSE:DWARKESH,22.3,22.3,21.85,21.85,23934.0
2019-08-01 12:00:00,NSE:DWARKESH,21.85,22.25,21.65,22.0,27735.0
2019-08-01 13:00:00,NSE:DWARKESH,21.9,22.15,21.85,22.0,19718.0
2019-08-01 14:00:00,NSE:DWARKESH,22.0,22.1,21.65,21.8,37319.0
2019-08-01 15:00:00,NSE:DWARKESH,21.8,22.0,21.75,21.85,22227.0
2019-08-02 09:00:00,NSE:DWARKESH,21.65,21.95,21.6,21.65,40400.0
2019-08-02 10:00:00,NSE:DWARKESH,21.7,21.7,21.4,21.5,68448.0
2019-08-02 11:00:00,NSE:DWARKESH,21.5,21.7,21.4,21.7,62945.0
2019-08-02 12:00:00,NSE:DWARKESH,21.7,21.7,21.5,21.65,72721.0
2019-08-02 13:00:00,NSE:DWARKESH,21.6,21.85,21.55,21.85,56452.0
2019-08-02 14:00:00,NSE:DWARKESH,21.85,22.0,21.7,21.8,52918.0
2019-08-02 15:00:00,NSE:DWARKESH,21.75,22.0,21.6,21.85,44384.0
2019-08-05 09:00:00,NSE:DWARKESH,21.2,21.6,21.1,21.35,70696.0
2019-08-05 10:00:00,NSE:DWARKESH,21.4,21.5,21.05,21.15,48551.0
2019-08-05 11:00:00,NSE:DWARKESH,21.15,21.4,21.0,21.3,57922.0
2019-08-05 12:00:00,NSE:DWARKESH,21.2,21.35,21.15,21.35,35149.0
2019-08-05 13:00:00,NSE:DWARKESH,21.35,21.4,21.15,21.3,11551.0
2019-08-05 14:00:00,NSE:DWARKESH,21.55,21.8,20.75,20.8,236240.0
2019-08-05 15:00:00,NSE:DWARKESH,20.9,20.9,20.25,20.6,109179.0
2019-08-06 09:00:00,NSE:DWARKESH,20.45,21.15,20.2,21.0,55070.0
2019-08-06 10:00:00,NSE:DWARKESH,21.0,21.05,20.4,20.7,67757.0
2019-08-06 11:00:00,NSE:DWARKESH,20.7,20.85,20.55,20.65,20443.0
2019-08-06 12:00:00,NSE:DWARKESH,20.7,20.8,20.1,20.3,24663.0
2019-08-06 13:00:00,NSE:DWARKESH,20.45,20.7,20.3,20.6,32981.0
2019-08-06 14:00:00,NSE:DWARKESH,20.6,20.65,20.45,20.65,19472.0
2019-08-06 15:00:00,NSE:DWARKESH,20.6,20.85,20.5,20.65,65330.0
2019-08-07 09:00:00,NSE:DWARKESH,20.7,20.8,20.65,20.8,30225.0
2019-08-07 10:00:00,NSE:DWARKESH,20.8,20.8,20.6,20.65,25481.0
2019-08-07 11:00:00,NSE:DWARKESH,20.65,20.7,20.45,20.55,24399.0
2019-08-07 12:00:00,NSE:DWARKESH,20.55,20.65,20.45,20.5,9535.0
2019-08-07 13:00:00,NSE:DWARKESH,20.6,20.65,20.45,20.65,13379.0
2019-08-07 14:00:00,NSE:DWARKESH,20.6,20.65,20.35,20.4,22210.0
2019-08-07 15:00:00,NSE:DWARKESH,20.4,20.5,20.25,20.35,31458.0
2019-08-08 09:00:00,NSE:DWARKESH,20.25,20.5,20.15,20.2,14868.0
2019-08-08 10:00:00,NSE:DWARKESH,20.15,20.2,19.8,20.0,60523.0
2019-08-08 11:00:00,NSE:DWARKESH,20.0,20.1,19.75,19.8,40732.0
2019-08-08 12:00:00,NSE:DWARKESH,19.8,19.95,19.65,19.75,28634.0
2019-08-08 13:00:00,NSE:DWARKESH,19.75,19.85,19.7,19.85,7737.0
2019-08-08 14:00:00,NSE:DWARKESH,19.85,19.9,19.65,19.9,54586.0
2019-08-08 15:00:00,NSE:DWARKESH,19.9,20.25,19.8,19.95,90091.0
2019-08-09 09:00:00,NSE:DWARKESH,19.8,20.3,19.75,20.2,53073.0
2019-08-09 10:00:00,NSE:DWARKESH,20.15,20.15,20.05,20.15,19654.0
2019-08-09 11:00:00,NSE:DWARKESH,20.15,20.15,19.75,20.15,59396.0
2019-08-09 12:00:00,NSE:DWARKESH,20.1,20.15,20.05,20.1,25158.0
2019-08-09 13:00:00,NSE:DWARKESH,20.1,20.1,19.95,19.95,20535.0
2019-08-09 14:00:00,NSE:DWARKESH,20.0,20.1,19.85,20.0,36958.0
2019-08-09 15:00:00,NSE:DWARKESH,19.95,20.4,19.9,20.15,55580.0
2019-08-13 09:00:00,NSE:DWARKESH,20.0,20.3,19.25,19.7,80189.0
2019-08-13 10:00:00,NSE:DWARKESH,19.75,20.15,19.65,20.1,62225.0
2019-08-13 11:00:00,NSE:DWARKESH,20.0,20.1,19.85,20.0,18922.0
2019-08-13 12:00:00,NSE:DWARKESH,19.85,20.0,19.65,19.75,10198.0
2019-08-13 13:00:00,NSE:DWARKESH,19.65,19.8,19.65,19.8,27891.0
2019-08-13 14:00:00,NSE:DWARKESH,19.75,19.8,19.65,19.7,31273.0
2019-08-13 15:00:00,NSE:DWARKESH,19.7,19.8,19.65,19.75,26148.0
2019-08-14 09:00:00,NSE:DWARKESH,19.8,20.45,19.75,20.35,81456.0
2019-08-14 10:00:00,NSE:DWARKESH,20.35,20.6,20.2,20.4,54789.0
2019-08-14 11:00:00,NSE:DWARKESH,20.35,20.45,20.2,20.4,76086.0
2019-08-14 12:00:00,NSE:DWARKESH,20.4,20.5,20.4,20.5,29611.0
2019-08-14 13:00:00,NSE:DWARKESH,20.5,21.0,20.5,20.6,119775.0
2019-08-14 14:00:00,NSE:DWARKESH,20.7,23.7,20.7,23.25,889634.0
2019-08-14 15:00:00,NSE:DWARKESH,23.2,23.5,23.15,23.3,150330.0
2019-08-16 09:00:00,NSE:DWARKESH,22.8,22.95,21.85,22.45,212000.0
2019-08-16 10:00:00,NSE:DWARKESH,22.4,22.9,22.15,22.7,162485.0
2019-08-16 11:00:00,NSE:DWARKESH,22.65,23.6,22.4,23.15,269344.0
2019-08-16 12:00:00,NSE:DWARKESH,23.2,24.1,23.15,24.0,144324.0
2019-08-16 13:00:00,NSE:DWARKESH,24.0,24.25,23.25,23.4,95677.0
2019-08-16 14:00:00,NSE:DWARKESH,23.5,23.65,23.25,23.25,91757.0
2019-08-16 15:00:00,NSE:DWARKESH,23.25,23.25,22.65,22.95,116521.0
2019-08-19 09:00:00,NSE:DWARKESH,22.9,24.0,22.8,23.75,109044.0
2019-08-19 10:00:00,NSE:DWARKESH,23.7,23.85,23.15,23.25,62230.0
2019-08-19 11:00:00,NSE:DWARKESH,23.25,23.25,22.85,23.2,68634.0
2019-08-19 12:00:00,NSE:DWARKESH,23.25,23.25,23.0,23.05,41202.0
2019-08-19 13:00:00,NSE:DWARKESH,23.1,23.45,23.0,23.1,31808.0
2019-08-19 14:00:00,NSE:DWARKESH,23.2,23.2,22.6,22.7,48793.0
2019-08-19 15:00:00,NSE:DWARKESH,22.7,23.2,22.65,22.85,41297.0
2019-08-20 09:00:00,NSE:DWARKESH,23.2,23.55,22.85,23.0,90543.0
2019-08-20 10:00:00,NSE:DWARKESH,22.95,23.3,22.9,23.0,24787.0
2019-08-20 11:00:00,NSE:DWARKESH,23.0,23.05,22.85,22.9,11217.0
2019-08-20 12:00:00,NSE:DWARKESH,22.85,22.85,22.6,22.7,25132.0
2019-08-20 13:00:00,NSE:DWARKESH,22.7,22.8,22.6,22.75,17900.0
2019-08-20 14:00:00,NSE:DWARKESH,22.8,23.05,22.45,22.6,36293.0
2019-08-20 15:00:00,NSE:DWARKESH,22.6,22.7,22.4,22.6,34237.0
2019-08-21 09:00:00,NSE:DWARKESH,22.6,22.75,22.1,22.5,82895.0
2019-08-21 10:00:00,NSE:DWARKESH,22.45,22.5,22.1,22.15,25265.0
2019-08-21 11:00:00,NSE:DWARKESH,22.15,22.2,21.9,22.0,25445.0
2019-08-21 12:00:00,NSE:DWARKESH,22.0,22.1,21.95,22.0,12647.0
2019-08-21 13:00:00,NSE:DWARKESH,22.0,22.0,21.8,21.9,28377.0
2019-08-21 14:00:00,NSE:DWARKESH,21.9,21.95,21.65,21.7,30870.0
2019-08-21 15:00:00,NSE:DWARKESH,21.75,21.8,21.45,21.65,56708.0
2019-08-22 09:00:00,NSE:DWARKESH,21.75,21.75,21.15,21.6,62279.0
2019-08-22 10:00:00,NSE:DWARKESH,21.55,21.7,21.25,21.5,45225.0
2019-08-22 11:00:00,NSE:DWARKESH,21.55,21.65,21.5,21.55,15143.0
2019-08-22 12:00:00,NSE:DWARKESH,21.55,21.55,21.5,21.55,7006.0
2019-08-22 13:00:00,NSE:DWARKESH,21.55,21.65,21.45,21.5,70343.0
2019-08-22 14:00:00,NSE:DWARKESH,21.5,21.6,21.25,21.25,51618.0
2019-08-22 15:00:00,NSE:DWARKESH,21.25,21.5,20.9,21.15,51945.0
2019-08-23 09:00:00,NSE:DWARKESH,21.85,21.85,20.7,21.0,40426.0
2019-08-23 10:00:00,NSE:DWARKESH,21.0,21.7,21.0,21.4,40225.0
2019-08-23 11:00:00,NSE:DWARKESH,21.45,21.7,21.4,21.6,19935.0
2019-08-23 12:00:00,NSE:DWARKESH,21.6,21.9,21.55,21.6,41523.0
2019-08-23 13:00:00,NSE:DWARKESH,21.55,22.2,21.5,22.15,47637.0
2019-08-23 14:00:00,NSE:DWARKESH,22.2,22.3,22.0,22.0,33804.0
2019-08-23 15:00:00,NSE:DWARKESH,22.0,22.1,22.0,22.0,35173.0
2019-08-26 09:00:00,NSE:DWARKESH,23.25,23.25,22.35,22.35,106014.0
2019-08-26 10:00:00,NSE:DWARKESH,22.35,22.4,21.75,22.25,69583.0
2019-08-26 11:00:00,NSE:DWARKESH,22.25,22.7,22.15,22.45,41607.0
2019-08-26 12:00:00,NSE:DWARKESH,22.45,22.7,22.3,22.7,30452.0
2019-08-26 13:00:00,NSE:DWARKESH,22.6,22.7,22.5,22.65,13446.0
2019-08-26 14:00:00,NSE:DWARKESH,22.55,23.1,22.55,23.0,113796.0
2019-08-26 15:00:00,NSE:DWARKESH,23.05,23.1,23.0,23.0,33881.0
2019-08-27 09:00:00,NSE:DWARKESH,23.0,24.2,23.0,24.0,101980.0
2019-08-27 10:00:00,NSE:DWARKESH,24.0,24.4,23.6,24.3,102949.0
2019-08-27 11:00:00,NSE:DWARKESH,24.2,24.5,24.0,24.25,93847.0
2019-08-27 12:00:00,NSE:DWARKESH,24.2,24.5,24.1,24.1,63470.0
2019-08-27 13:00:00,NSE:DWARKESH,24.2,24.3,24.05,24.05,14328.0
2019-08-27 14:00:00,NSE:DWARKESH,24.15,24.3,24.05,24.05,44786.0
2019-08-27 15:00:00,NSE:DWARKESH,24.1,24.3,23.85,24.05,100475.0
2019-08-28 09:00:00,NSE:DWARKESH,24.2,24.25,23.45,23.55,127873.0
2019-08-28 10:00:00,NSE:DWARKESH,23.55,24.4,23.2,23.55,269455.0
2019-08-28 11:00:00,NSE:DWARKESH,23.6,23.9,23.35,23.4,20878.0
2019-08-28 12:00:00,NSE:DWARKESH,23.45,23.8,23.35,23.65,25102.0
2019-08-28 13:00:00,NSE:DWARKESH,23.55,23.55,23.25,23.5,44553.0
2019-08-28 14:00:00,NSE:DWARKESH,23.5,23.5,23.2,23.4,30414.0
2019-08-28 15:00:00,NSE:DWARKESH,23.4,23.5,23.3,23.35,36373.0
2019-08-29 09:00:00,NSE:DWARKESH,23.8,24.0,22.0,23.85,297029.0
2019-08-29 10:00:00,NSE:DWARKESH,23.85,23.85,23.2,23.3,61104.0
2019-08-29 11:00:00,NSE:DWARKESH,23.25,23.45,22.75,22.8,51448.0
2019-08-29 12:00:00,NSE:DWARKESH,22.8,22.9,22.65,22.9,22564.0
2019-08-29 13:00:00,NSE:DWARKESH,22.85,23.0,22.7,22.85,47366.0
2019-08-29 14:00:00,NSE:DWARKESH,22.85,23.0,22.8,22.95,44082.0
2019-08-29 15:00:00,NSE:DWARKESH,22.95,23.0,22.7,22.85,78240.0
2019-08-30 09:00:00,NSE:DWARKESH,22.95,23.25,22.75,22.8,38940.0
2019-08-30 10:00:00,NSE:DWARKESH,22.8,22.9,22.4,22.45,52841.0
2019-08-30 11:00:00,NSE:DWARKESH,22.45,22.5,22.2,22.35,16725.0
2019-08-30 12:00:00,NSE:DWARKESH,22.35,22.55,22.2,22.3,21663.0
2019-08-30 13:00:00,NSE:DWARKESH,22.3,22.45,22.15,22.4,16988.0
2019-08-30 14:00:00,NSE:DWARKESH,22.35,22.5,22.0,22.15,44828.0
2019-08-30 15:00:00,NSE:DWARKESH,22.15,22.6,22.15,22.4,51939.0
2019-09-03 09:00:00,NSE:DWARKESH,22.2,22.3,21.9,22.05,58069.0
2019-09-03 10:00:00,NSE:DWARKESH,22.0,22.25,21.9,22.0,54339.0
2019-09-03 11:00:00,NSE:DWARKESH,22.1,22.3,21.8,22.1,47090.0
2019-09-03 12:00:00,NSE:DWARKESH,22.05,22.25,21.9,22.0,24740.0
2019-09-03 13:00:00,NSE:DWARKESH,22.05,22.5,21.7,21.95,71491.0
2019-09-03 14:00:00,NSE:DWARKESH,21.95,22.0,21.8,22.0,15370.0
2019-09-03 15:00:00,NSE:DWARKESH,22.0,22.0,21.4,21.6,60477.0
2019-09-04 09:00:00,NSE:DWARKESH,21.8,22.65,21.65,22.35,113365.0
2019-09-04 10:00:00,NSE:DWARKESH,22.35,22.95,22.15,22.2,67023.0
2019-09-04 11:00:00,NSE:DWARKESH,22.2,22.4,21.95,22.1,43208.0
2019-09-04 12:00:00,NSE:DWARKESH,22.1,22.5,22.05,22.45,35741.0
2019-09-04 13:00:00,NSE:DWARKESH,22.3,22.45,22.2,22.25,9343.0
2019-09-04 14:00:00,NSE:DWARKESH,22.25,22.4,22.2,22.4,11500.0
2019-09-04 15:00:00,NSE:DWARKESH,22.4,22.4,22.25,22.35,44737.0
2019-09-05 09:00:00,NSE:DWARKESH,22.4,22.8,22.4,22.7,43026.0
2019-09-05 10:00:00,NSE:DWARKESH,22.75,23.0,22.7,22.8,45691.0
2019-09-05 11:00:00,NSE:DWARKESH,23.0,23.25,22.75,22.9,126448.0
2019-09-05 12:00:00,NSE:DWARKESH,22.9,23.55,22.8,23.3,72847.0
2019-09-05 13:00:00,NSE:DWARKESH,23.2,23.4,23.15,23.35,28929.0
2019-09-05 14:00:00,NSE:DWARKESH,23.35,23.35,23.15,23.15,12198.0
2019-09-05 15:00:00,NSE:DWARKESH,23.15,23.2,22.95,23.1,35807.0
2019-09-06 09:00:00,NSE:DWARKESH,23.35,23.35,22.7,22.9,29417.0
2019-09-06 10:00:00,NSE:DWARKESH,22.85,23.25,22.85,22.9,19985.0
2019-09-06 11:00:00,NSE:DWARKESH,22.95,23.2,22.9,23.0,35579.0
2019-09-06 12:00:00,NSE:DWARKESH,23.1,23.35,22.9,23.1,20137.0
2019-09-06 13:00:00,NSE:DWARKESH,23.1,23.25,23.1,23.2,10900.0
2019-09-06 14:00:00,NSE:DWARKESH,23.25,23.25,23.05,23.1,25012.0
2019-09-06 15:00:00,NSE:DWARKESH,23.1,23.15,22.85,23.0,21590.0
2019-09-09 09:00:00,NSE:DWARKESH,22.6,23.4,22.5,23.15,24145.0
2019-09-09 10:00:00,NSE:DWARKESH,23.15,23.7,23.15,23.65,48338.0
2019-09-09 11:00:00,NSE:DWARKESH,23.75,23.85,23.6,23.65,53648.0
2019-09-09 12:00:00,NSE:DWARKESH,23.6,24.0,23.55,24.0,58521.0
2019-09-09 13:00:00,NSE:DWARKESH,23.95,24.0,23.7,23.7,30643.0
2019-09-09 14:00:00,NSE:DWARKESH,23.7,23.8,23.55,23.7,22508.0
2019-09-09 15:00:00,NSE:DWARKESH,23.7,23.8,23.55,23.65,48485.0
2019-09-11 09:00:00,NSE:DWARKESH,23.5,24.8,23.5,24.55,190817.0
2019-09-11 10:00:00,NSE:DWARKESH,24.5,24.6,24.3,24.5,75441.0
2019-09-11 11:00:00,NSE:DWARKESH,24.5,24.9,24.4,24.55,206921.0
2019-09-11 12:00:00,NSE:DWARKESH,24.6,24.85,24.45,24.8,99492.0
2019-09-11 13:00:00,NSE:DWARKESH,24.8,25.6,24.8,25.1,708166.0
2019-09-11 14:00:00,NSE:DWARKESH,25.0,26.5,24.95,25.55,973912.0
2019-09-11 15:00:00,NSE:DWARKESH,25.5,25.6,25.2,25.3,325165.0
2019-09-12 09:00:00,NSE:DWARKESH,25.45,25.55,25.0,25.3,178234.0
2019-09-12 10:00:00,NSE:DWARKESH,25.3,25.3,24.15,24.55,198095.0
2019-09-12 11:00:00,NSE:DWARKESH,24.55,24.7,24.35,24.4,48941.0
2019-09-12 12:00:00,NSE:DWARKESH,24.35,24.85,24.35,24.7,58842.0
2019-09-12 13:00:00,NSE:DWARKESH,24.7,24.7,24.4,24.45,30342.0
2019-09-12 14:00:00,NSE:DWARKESH,24.4,24.5,24.35,24.5,36990.0
2019-09-12 15:00:00,NSE:DWARKESH,24.45,24.9,24.3,24.6,148832.0
2019-09-13 09:00:00,NSE:DWARKESH,24.6,25.15,24.5,24.65,116510.0
2019-09-13 10:00:00,NSE:DWARKESH,24.7,25.3,24.5,25.3,120918.0
2019-09-13 11:00:00,NSE:DWARKESH,25.3,25.4,24.85,25.2,119556.0
2019-09-13 12:00:00,NSE:DWARKESH,25.25,25.9,25.1,25.45,171969.0
2019-09-13 13:00:00,NSE:DWARKESH,25.4,25.5,25.25,25.3,19928.0
2019-09-13 14:00:00,NSE:DWARKESH,25.3,25.45,25.15,25.4,44560.0
2019-09-13 15:00:00,NSE:DWARKESH,25.45,25.8,25.4,25.55,96957.0
2019-09-16 09:00:00,NSE:DWARKESH,25.8,26.8,25.1,26.6,186475.0
2019-09-16 10:00:00,NSE:DWARKESH,26.5,27.15,26.45,26.55,257206.0
2019-09-16 11:00:00,NSE:DWARKESH,26.65,26.95,26.25,26.25,117298.0
2019-09-16 12:00:00,NSE:DWARKESH,26.25,26.4,26.0,26.1,76693.0
2019-09-16 13:00:00,NSE:DWARKESH,26.05,26.2,25.9,26.2,34516.0
2019-09-16 14:00:00,NSE:DWARKESH,26.15,26.4,26.05,26.15,56730.0
2019-09-16 15:00:00,NSE:DWARKESH,26.25,26.45,26.2,26.3,81592.0
2019-09-17 09:00:00,NSE:DWARKESH,25.95,27.15,25.95,26.4,391880.0
2019-09-17 10:00:00,NSE:DWARKESH,26.4,27.3,26.25,27.25,430006.0
2019-09-17 11:00:00,NSE:DWARKESH,27.25,27.35,26.65,26.65,222218.0
2019-09-17 12:00:00,NSE:DWARKESH,26.65,26.7,26.4,26.5,106377.0
2019-09-17 13:00:00,NSE:DWARKESH,26.5,26.5,26.0,26.05,131094.0
2019-09-17 14:00:00,NSE:DWARKESH,26.05,26.15,25.75,25.85,81631.0
2019-09-17 15:00:00,NSE:DWARKESH,25.9,25.95,25.4,25.6,112442.0
2019-09-18 09:00:00,NSE:DWARKESH,25.8,26.1,25.45,25.45,112308.0
2019-09-18 10:00:00,NSE:DWARKESH,25.5,25.65,25.1,25.45,66445.0
2019-09-18 11:00:00,NSE:DWARKESH,25.45,25.9,25.35,25.8,55920.0
2019-09-18 12:00:00,NSE:DWARKESH,25.75,25.8,25.55,25.65,15582.0
2019-09-18 13:00:00,NSE:DWARKESH,25.65,25.65,25.4,25.4,20207.0
2019-09-18 14:00:00,NSE:DWARKESH,25.45,25.7,25.4,25.45,28871.0
2019-09-18 15:00:00,NSE:DWARKESH,25.55,25.6,25.3,25.45,57696.0
2019-09-19 09:00:00,NSE:DWARKESH,25.5,25.55,25.0,25.4,71892.0
2019-09-19 10:00:00,NSE:DWARKESH,25.35,25.55,25.35,25.35,52481.0
2019-09-19 11:00:00,NSE:DWARKESH,25.35,26.0,25.35,25.75,62699.0
2019-09-19 12:00:00,NSE:DWARKESH,25.75,25.85,25.4,25.5,25119.0
2019-09-19 13:00:00,NSE:DWARKESH,25.5,25.5,25.05,25.25,39802.0
2019-09-19 14:00:00,NSE:DWARKESH,25.15,25.2,25.0,25.15,54619.0
2019-09-19 15:00:00,NSE:DWARKESH,25.2,25.8,25.15,25.45,91317.0
2019-09-20 09:00:00,NSE:DWARKESH,25.55,25.7,23.8,25.1,95978.0
2019-09-20 10:00:00,NSE:DWARKESH,25.1,25.8,25.1,25.6,63146.0
2019-09-20 11:00:00,NSE:DWARKESH,25.6,26.25,25.45,26.15,119672.0
2019-09-20 12:00:00,NSE:DWARKESH,26.2,26.2,25.8,25.8,72877.0
2019-09-20 13:00:00,NSE:DWARKESH,25.8,26.4,25.75,26.25,95190.0
2019-09-20 14:00:00,NSE:DWARKESH,26.25,26.3,25.8,25.85,66100.0
2019-09-20 15:00:00,NSE:DWARKESH,25.85,26.0,25.8,25.9,42365.0
2019-09-23 09:00:00,NSE:DWARKESH,26.05,27.15,25.85,26.1,154886.0
2019-09-23 10:00:00,NSE:DWARKESH,26.1,26.65,25.95,26.55,91409.0
2019-09-23 11:00:00,NSE:DWARKESH,26.6,27.0,26.55,26.55,218241.0
2019-09-23 12:00:00,NSE:DWARKESH,26.6,27.0,26.55,26.6,104390.0
2019-09-23 13:00:00,NSE:DWARKESH,26.6,26.8,26.25,26.75,109982.0
2019-09-23 14:00:00,NSE:DWARKESH,26.65,26.7,26.4,26.55,30458.0
2019-09-23 15:00:00,NSE:DWARKESH,26.5,26.75,26.2,26.4,27338.0
2019-09-24 09:00:00,NSE:DWARKESH,26.6,26.95,26.15,26.9,174668.0
2019-09-24 10:00:00,NSE:DWARKESH,26.85,26.9,26.55,26.75,97007.0
2019-09-24 11:00:00,NSE:DWARKESH,26.7,26.75,26.4,26.5,50470.0
2019-09-24 12:00:00,NSE:DWARKESH,26.5,26.6,26.4,26.5,59455.0
2019-09-24 13:00:00,NSE:DWARKESH,26.4,26.5,26.2,26.35,23393.0
2019-09-24 14:00:00,NSE:DWARKESH,26.3,26.5,26.25,26.3,22693.0
2019-09-24 15:00:00,NSE:DWARKESH,26.25,26.35,26.1,26.2,67978.0
2019-09-25 09:00:00,NSE:DWARKESH,26.2,27.15,26.1,26.7,416618.0
2019-09-25 10:00:00,NSE:DWARKESH,26.7,26.75,26.1,26.2,238882.0
2019-09-25 11:00:00,NSE:DWARKESH,26.2,26.2,25.9,26.0,301070.0
2019-09-25 12:00:00,NSE:DWARKESH,25.95,26.1,25.95,26.1,32137.0
2019-09-25 13:00:00,NSE:DWARKESH,26.0,26.1,25.65,25.85,73378.0
2019-09-25 14:00:00,NSE:DWARKESH,25.85,25.9,25.6,25.8,79355.0
2019-09-25 15:00:00,NSE:DWARKESH,25.8,25.9,25.6,25.75,95662.0
2019-09-26 09:00:00,NSE:DWARKESH,26.1,26.15,25.8,25.95,76922.0
2019-09-26 10:00:00,NSE:DWARKESH,25.8,26.1,25.75,25.95,30455.0
2019-09-26 11:00:00,NSE:DWARKESH,25.95,26.05,25.85,26.0,24259.0
2019-09-26 12:00:00,NSE:DWARKESH,25.95,26.05,25.6,26.0,100101.0
2019-09-26 13:00:00,NSE:DWARKESH,25.95,26.7,25.95,26.6,220980.0
2019-09-26 14:00:00,NSE:DWARKESH,26.6,26.6,26.05,26.15,57989.0
2019-09-26 15:00:00,NSE:DWARKESH,26.1,26.25,25.95,26.1,78592.0
2019-09-27 09:00:00,NSE:DWARKESH,26.0,26.6,26.0,26.2,146610.0
2019-09-27 10:00:00,NSE:DWARKESH,26.2,26.25,25.8,25.9,78049.0
2019-09-27 11:00:00,NSE:DWARKESH,25.9,25.95,25.65,25.9,56111.0
2019-09-27 12:00:00,NSE:DWARKESH,25.85,25.9,25.7,25.75,22487.0
2019-09-27 13:00:00,NSE:DWARKESH,25.75,25.9,25.75,25.8,24681.0
2019-09-27 14:00:00,NSE:DWARKESH,25.8,25.85,25.4,25.45,40439.0
2019-09-27 15:00:00,NSE:DWARKESH,25.45,25.5,25.3,25.3,64435.0
2019-09-30 09:00:00,NSE:DWARKESH,25.5,25.75,24.45,24.75,143993.0
2019-09-30 10:00:00,NSE:DWARKESH,24.75,24.8,24.5,24.65,42603.0
2019-09-30 11:00:00,NSE:DWARKESH,24.75,24.75,24.5,24.5,74386.0
2019-09-30 12:00:00,NSE:DWARKESH,24.55,24.7,24.4,24.7,122505.0
2019-09-30 13:00:00,NSE:DWARKESH,24.65,24.8,24.6,24.75,28996.0
2019-09-30 14:00:00,NSE:DWARKESH,24.75,24.95,24.65,24.8,25134.0
2019-09-30 15:00:00,NSE:DWARKESH,24.75,25.0,24.75,24.9,45311.0
2019-10-01 09:00:00,NSE:DWARKESH,25.2,25.6,24.8,25.1,90333.0
2019-10-01 10:00:00,NSE:DWARKESH,25.1,25.3,24.75,25.25,74886.0
2019-10-01 11:00:00,NSE:DWARKESH,25.25,25.35,24.5,24.95,62361.0
2019-10-01 12:00:00,NSE:DWARKESH,25.0,25.2,24.8,24.85,30401.0
2019-10-01 13:00:00,NSE:DWARKESH,24.95,25.0,24.35,24.35,205561.0
2019-10-01 14:00:00,NSE:DWARKESH,24.35,24.4,23.85,24.2,186980.0
2019-10-01 15:00:00,NSE:DWARKESH,24.2,24.7,24.2,24.4,78785.0
2019-10-03 09:00:00,NSE:DWARKESH,24.1,25.4,24.0,25.35,176978.0
2019-10-03 10:00:00,NSE:DWARKESH,25.4,25.7,25.25,25.35,136538.0
2019-10-03 11:00:00,NSE:DWARKESH,25.35,25.4,25.15,25.25,16508.0
2019-10-03 12:00:00,NSE:DWARKESH,25.25,25.55,25.15,25.15,40889.0
2019-10-03 13:00:00,NSE:DWARKESH,25.05,25.3,24.85,24.9,48989.0
2019-10-03 14:00:00,NSE:DWARKESH,24.9,24.95,24.7,24.9,66208.0
2019-10-03 15:00:00,NSE:DWARKESH,24.8,25.15,24.8,25.05,54162.0
2019-10-04 09:00:00,NSE:DWARKESH,25.15,25.55,25.15,25.5,102681.0
2019-10-04 10:00:00,NSE:DWARKESH,25.5,25.6,25.2,25.3,118138.0
2019-10-04 11:00:00,NSE:DWARKESH,25.3,25.4,25.1,25.1,77097.0
2019-10-04 12:00:00,NSE:DWARKESH,25.1,25.2,24.95,25.05,144545.0
2019-10-04 13:00:00,NSE:DWARKESH,25.05,25.2,24.95,25.05,63446.0
2019-10-04 14:00:00,NSE:DWARKESH,25.1,25.15,24.7,24.8,25361.0
2019-10-04 15:00:00,NSE:DWARKESH,24.8,24.9,24.6,24.75,43876.0
2019-10-07 09:00:00,NSE:DWARKESH,24.9,25.5,24.8,25.1,98385.0
2019-10-07 10:00:00,NSE:DWARKESH,25.15,25.5,24.8,24.9,67174.0
2019-10-07 11:00:00,NSE:DWARKESH,24.9,25.1,24.8,24.9,50035.0
2019-10-07 12:00:00,NSE:DWARKESH,24.85,24.9,24.85,24.85,4279.0
2019-10-07 13:00:00,NSE:DWARKESH,24.85,24.9,24.75,24.8,9504.0
2019-10-07 14:00:00,NSE:DWARKESH,24.7,24.8,24.6,24.7,12793.0
2019-10-07 15:00:00,NSE:DWARKESH,24.7,24.95,24.5,24.75,38199.0
2019-10-09 09:00:00,NSE:DWARKESH,24.9,25.0,24.5,24.55,27150.0
2019-10-09 10:00:00,NSE:DWARKESH,24.5,24.7,24.25,24.4,69351.0
2019-10-09 11:00:00,NSE:DWARKESH,24.35,24.6,24.35,24.55,29102.0
2019-10-09 12:00:00,NSE:DWARKESH,24.6,24.65,24.5,24.65,22975.0
2019-10-09 13:00:00,NSE:DWARKESH,24.6,24.65,24.25,24.5,34403.0
2019-10-09 14:00:00,NSE:DWARKESH,24.5,24.55,24.2,24.45,20812.0
2019-10-09 15:00:00,NSE:DWARKESH,24.45,24.7,24.25,24.45,51814.0
2019-10-10 09:00:00,NSE:DWARKESH,24.5,24.75,24.0,24.5,43770.0
2019-10-10 10:00:00,NSE:DWARKESH,24.45,24.6,24.4,24.45,18622.0
2019-10-10 11:00:00,NSE:DWARKESH,24.4,24.4,24.25,24.25,20197.0
2019-10-10 12:00:00,NSE:DWARKESH,24.25,24.35,24.0,24.25,63811.0
2019-10-10 13:00:00,NSE:DWARKESH,24.25,24.25,24.0,24.1,17626.0
2019-10-10 14:00:00,NSE:DWARKESH,24.2,24.2,24.05,24.05,9298.0
2019-10-10 15:00:00,NSE:DWARKESH,24.05,24.1,23.9,24.0,45948.0
2019-10-11 09:00:00,NSE:DWARKESH,24.25,24.65,24.25,24.5,61675.0
2019-10-11 10:00:00,NSE:DWARKESH,24.45,24.65,24.15,24.35,22631.0
2019-10-11 11:00:00,NSE:DWARKESH,24.35,24.35,24.1,24.1,21340.0
2019-10-11 12:00:00,NSE:DWARKESH,24.15,24.25,24.05,24.1,12508.0
2019-10-11 13:00:00,NSE:DWARKESH,24.1,24.35,24.0,24.35,60837.0
2019-10-11 14:00:00,NSE:DWARKESH,24.35,24.35,24.1,24.1,29007.0
2019-10-11 15:00:00,NSE:DWARKESH,24.2,24.2,23.8,24.05,66120.0
2019-10-14 09:00:00,NSE:DWARKESH,24.1,24.45,23.8,24.35,43267.0
2019-10-14 10:00:00,NSE:DWARKESH,24.2,24.6,24.2,24.5,54230.0
2019-10-14 11:00:00,NSE:DWARKESH,24.55,24.55,24.3,24.4,16552.0
2019-10-14 12:00:00,NSE:DWARKESH,24.35,24.7,24.25,24.5,53678.0
2019-10-14 13:00:00,NSE:DWARKESH,24.45,24.7,24.15,24.15,32670.0
2019-10-14 14:00:00,NSE:DWARKESH,24.25,24.35,23.95,24.0,36748.0
2019-10-14 15:00:00,NSE:DWARKESH,24.0,24.05,23.75,23.9,48796.0
2019-10-15 09:00:00,NSE:DWARKESH,23.9,24.05,23.85,24.0,28808.0
2019-10-15 10:00:00,NSE:DWARKESH,24.0,24.2,23.8,24.0,38846.0
2019-10-15 11:00:00,NSE:DWARKESH,23.9,24.0,23.75,23.85,30913.0
2019-10-15 12:00:00,NSE:DWARKESH,23.85,23.85,23.8,23.85,1543.0
2019-10-15 13:00:00,NSE:DWARKESH,23.8,23.85,23.75,23.85,9601.0
2019-10-15 14:00:00,NSE:DWARKESH,23.75,23.9,23.75,23.85,26342.0
2019-10-15 15:00:00,NSE:DWARKESH,23.8,23.9,23.75,23.85,40122.0
2019-10-16 09:00:00,NSE:DWARKESH,23.9,24.1,23.85,24.0,34026.0
2019-10-16 10:00:00,NSE:DWARKESH,24.0,24.0,23.8,23.9,13806.0
2019-10-16 11:00:00,NSE:DWARKESH,23.9,23.9,23.8,23.9,8080.0
2019-10-16 12:00:00,NSE:DWARKESH,23.8,23.9,23.8,23.8,6911.0
2019-10-16 13:00:00,NSE:DWARKESH,23.8,23.8,23.75,23.75,34890.0
2019-10-16 14:00:00,NSE:DWARKESH,23.8,23.85,23.7,23.8,12942.0
2019-10-16 15:00:00,NSE:DWARKESH,23.8,23.9,23.75,23.8,31805.0
2019-10-17 09:00:00,NSE:DWARKESH,23.65,23.95,23.6,23.7,12894.0
2019-10-17 10:00:00,NSE:DWARKESH,23.6,23.7,23.6,23.6,10887.0
2019-10-17 11:00:00,NSE:DWARKESH,23.65,23.65,23.4,23.5,35993.0
2019-10-17 12:00:00,NSE:DWARKESH,23.5,23.65,23.35,23.55,29671.0
2019-10-17 13:00:00,NSE:DWARKESH,23.55,24.0,23.5,23.75,26508.0
2019-10-17 14:00:00,NSE:DWARKESH,23.75,23.95,23.55,23.85,35833.0
2019-10-17 15:00:00,NSE:DWARKESH,23.8,23.9,23.75,23.8,21383.0
2019-10-18 09:00:00,NSE:DWARKESH,23.75,24.3,23.75,24.25,51060.0
2019-10-18 10:00:00,NSE:DWARKESH,24.3,24.4,24.15,24.15,29917.0
2019-10-18 11:00:00,NSE:DWARKESH,24.15,24.25,24.0,24.15,27887.0
2019-10-18 12:00:00,NSE:DWARKESH,24.15,24.45,24.15,24.25,28306.0
2019-10-18 13:00:00,NSE:DWARKESH,24.15,24.25,24.15,24.2,4068.0
2019-10-18 14:00:00,NSE:DWARKESH,24.2,24.25,24.0,24.1,19023.0
2019-10-18 15:00:00,NSE:DWARKESH,24.15,24.3,24.1,24.2,40582.0
2019-10-22 09:00:00,NSE:DWARKESH,24.2,24.6,24.05,24.4,45097.0
2019-10-22 10:00:00,NSE:DWARKESH,24.35,25.0,24.35,24.8,87183.0
2019-10-22 11:00:00,NSE:DWARKESH,24.7,25.45,24.65,25.1,117741.0
2019-10-22 12:00:00,NSE:DWARKESH,25.1,25.15,24.85,25.0,16265.0
2019-10-22 13:00:00,NSE:DWARKESH,24.95,24.95,24.6,24.7,32346.0
2019-10-22 14:00:00,NSE:DWARKESH,24.7,24.8,24.6,24.65,26930.0
2019-10-22 15:00:00,NSE:DWARKESH,24.55,24.95,24.55,24.75,36678.0
2019-10-23 09:00:00,NSE:DWARKESH,24.8,25.6,24.75,25.45,176924.0
2019-10-23 10:00:00,NSE:DWARKESH,25.45,25.7,25.15,25.3,113989.0
2019-10-23 11:00:00,NSE:DWARKESH,25.3,25.65,25.2,25.4,83006.0
2019-10-23 12:00:00,NSE:DWARKESH,25.45,25.65,25.3,25.6,102356.0
2019-10-23 13:00:00,NSE:DWARKESH,25.55,25.6,25.3,25.35,49814.0
2019-10-23 14:00:00,NSE:DWARKESH,25.4,25.4,25.0,25.1,67932.0
2019-10-23 15:00:00,NSE:DWARKESH,25.0,25.35,25.0,25.2,22112.0
2019-10-24 09:00:00,NSE:DWARKESH,25.3,25.7,25.3,25.35,25945.0
2019-10-24 10:00:00,NSE:DWARKESH,25.35,25.4,25.1,25.15,17497.0
2019-10-24 11:00:00,NSE:DWARKESH,25.15,25.15,24.75,25.05,83161.0
2019-10-24 12:00:00,NSE:DWARKESH,25.05,25.2,25.05,25.1,10213.0
2019-10-24 13:00:00,NSE:DWARKESH,25.05,25.1,24.9,25.05,24088.0
2019-10-24 14:00:00,NSE:DWARKESH,25.05,25.25,24.95,25.2,17220.0
2019-10-24 15:00:00,NSE:DWARKESH,25.25,25.25,24.9,25.0,39333.0
2019-10-25 09:00:00,NSE:DWARKESH,25.15,25.3,25.0,25.25,47097.0
2019-10-25 10:00:00,NSE:DWARKESH,25.2,25.25,25.05,25.1,11431.0
2019-10-25 11:00:00,NSE:DWARKESH,25.1,25.1,25.0,25.05,4525.0
2019-10-25 12:00:00,NSE:DWARKESH,25.05,25.1,24.85,24.95,47973.0
2019-10-25 13:00:00,NSE:DWARKESH,24.9,24.95,24.8,24.8,14590.0
2019-10-25 14:00:00,NSE:DWARKESH,24.85,24.95,24.7,24.8,32553.0
2019-10-25 15:00:00,NSE:DWARKESH,24.85,25.15,24.85,25.0,32208.0
2019-10-27 18:00:00,NSE:DWARKESH,25.0,25.3,24.75,25.0,54064.0
2019-10-27 19:00:00,NSE:DWARKESH,24.95,25.0,24.9,24.95,5667.0
2019-10-29 09:00:00,NSE:DWARKESH,25.05,25.15,24.75,24.8,51533.0
2019-10-29 10:00:00,NSE:DWARKESH,24.85,25.0,24.8,24.9,15665.0
2019-10-29 11:00:00,NSE:DWARKESH,24.9,25.15,24.85,25.15,30682.0
2019-10-29 12:00:00,NSE:DWARKESH,25.1,25.2,24.9,24.9,14965.0
2019-10-29 13:00:00,NSE:DWARKESH,25.0,25.7,24.9,25.4,72599.0
2019-10-29 14:00:00,NSE:DWARKESH,25.5,26.45,25.5,26.0,184262.0
2019-10-29 15:00:00,NSE:DWARKESH,25.95,26.3,25.8,26.1,88211.0
2019-10-30 09:00:00,NSE:DWARKESH,25.9,26.05,25.35,25.55,78665.0
2019-10-30 10:00:00,NSE:DWARKESH,25.5,26.2,25.5,25.9,152213.0
2019-10-30 11:00:00,NSE:DWARKESH,25.9,26.0,25.85,25.9,10604.0
2019-10-30 12:00:00,NSE:DWARKESH,25.85,25.9,25.75,25.8,26575.0
2019-10-30 13:00:00,NSE:DWARKESH,25.7,25.9,25.6,25.75,13289.0
2019-10-30 14:00:00,NSE:DWARKESH,25.75,25.8,25.5,25.65,37424.0
2019-10-30 15:00:00,NSE:DWARKESH,25.6,25.9,25.6,25.75,76543.0
2019-10-31 09:00:00,NSE:DWARKESH,25.85,26.25,25.75,26.1,105706.0
2019-10-31 10:00:00,NSE:DWARKESH,26.1,26.2,26.0,26.0,55816.0
2019-10-31 11:00:00,NSE:DWARKESH,26.0,26.2,25.95,26.0,40468.0
2019-10-31 12:00:00,NSE:DWARKESH,25.95,26.2,25.9,26.0,123010.0
2019-10-31 13:00:00,NSE:DWARKESH,26.05,27.1,26.05,26.7,345074.0
2019-10-31 14:00:00,NSE:DWARKESH,26.7,27.25,26.4,26.5,253505.0
2019-10-31 15:00:00,NSE:DWARKESH,26.5,26.75,26.4,26.6,118793.0
2019-11-01 09:00:00,NSE:DWARKESH,27.35,28.0,27.0,27.85,616653.0
2019-11-01 10:00:00,NSE:DWARKESH,27.75,27.8,27.3,27.65,141822.0
2019-11-01 11:00:00,NSE:DWARKESH,27.65,27.75,27.45,27.6,106571.0
2019-11-01 12:00:00,NSE:DWARKESH,27.65,27.75,27.4,27.45,59397.0
2019-11-01 13:00:00,NSE:DWARKESH,27.45,27.45,27.25,27.35,31883.0
2019-11-01 14:00:00,NSE:DWARKESH,27.35,27.45,27.25,27.3,51612.0
2019-11-01 15:00:00,NSE:DWARKESH,27.3,27.45,27.2,27.3,57016.0
2019-11-04 09:00:00,NSE:DWARKESH,27.4,27.9,27.0,27.2,85829.0
2019-11-04 10:00:00,NSE:DWARKESH,27.15,27.25,27.1,27.15,24972.0
2019-11-04 11:00:00,NSE:DWARKESH,27.2,27.55,27.15,27.5,96842.0
2019-11-04 12:00:00,NSE:DWARKESH,27.5,27.5,27.3,27.35,50290.0
2019-11-04 13:00:00,NSE:DWARKESH,27.35,28.1,27.35,28.0,167378.0
2019-11-04 14:00:00,NSE:DWARKESH,28.0,28.5,27.8,27.85,171005.0
2019-11-04 15:00:00,NSE:DWARKESH,27.85,28.0,27.65,27.75,105238.0
2019-11-05 09:00:00,NSE:DWARKESH,27.4,27.7,26.95,27.3,64340.0
2019-11-05 10:00:00,NSE:DWARKESH,27.3,27.65,27.3,27.4,36849.0
2019-11-05 11:00:00,NSE:DWARKESH,27.4,27.5,27.15,27.3,59334.0
2019-11-05 12:00:00,NSE:DWARKESH,27.3,27.35,27.0,27.25,69650.0
2019-11-05 13:00:00,NSE:DWARKESH,27.25,27.6,27.05,27.25,85143.0
2019-11-05 14:00:00,NSE:DWARKESH,27.25,27.4,27.15,27.3,34682.0
2019-11-05 15:00:00,NSE:DWARKESH,27.3,27.5,27.0,27.2,61164.0
2019-11-06 09:00:00,NSE:DWARKESH,27.85,28.25,27.8,27.9,191672.0
2019-11-06 10:00:00,NSE:DWARKESH,27.85,27.85,27.4,27.6,107598.0
2019-11-06 11:00:00,NSE:DWARKESH,27.55,27.85,27.4,27.45,106557.0
2019-11-06 12:00:00,NSE:DWARKESH,27.5,27.6,27.3,27.5,58203.0
2019-11-06 13:00:00,NSE:DWARKESH,27.5,27.75,27.5,27.75,29445.0
2019-11-06 14:00:00,NSE:DWARKESH,27.7,27.75,27.1,27.2,98511.0
2019-11-06 15:00:00,NSE:DWARKESH,27.2,27.25,26.75,26.95,252750.0
2019-11-07 09:00:00,NSE:DWARKESH,26.2,26.75,26.2,26.65,49264.0
2019-11-07 10:00:00,NSE:DWARKESH,26.65,26.85,26.6,26.6,32765.0
2019-11-07 11:00:00,NSE:DWARKESH,26.6,26.9,26.35,26.8,31157.0
2019-11-07 12:00:00,NSE:DWARKESH,26.7,26.8,26.5,26.65,20530.0
2019-11-07 13:00:00,NSE:DWARKESH,26.6,26.6,26.45,26.5,30593.0
2019-11-07 14:00:00,NSE:DWARKESH,26.5,26.55,26.4,26.4,26667.0
2019-11-07 15:00:00,NSE:DWARKESH,26.4,26.7,25.1,25.2,337977.0
2019-11-08 09:00:00,NSE:DWARKESH,25.4,25.8,24.95,25.6,165552.0
2019-11-08 10:00:00,NSE:DWARKESH,25.6,25.65,25.4,25.6,53637.0
2019-11-08 11:00:00,NSE:DWARKESH,25.5,25.6,25.35,25.45,22336.0
2019-11-08 12:00:00,NSE:DWARKESH,25.45,25.5,25.35,25.4,11737.0
2019-11-08 13:00:00,NSE:DWARKESH,25.4,25.4,25.3,25.3,19435.0
2019-11-08 14:00:00,NSE:DWARKESH,25.3,25.4,25.2,25.25,60409.0
2019-11-08 15:00:00,NSE:DWARKESH,25.2,25.4,25.15,25.25,47345.0
2019-11-11 09:00:00,NSE:DWARKESH,25.15,25.5,25.15,25.35,38249.0
2019-11-11 10:00:00,NSE:DWARKESH,25.4,25.45,25.0,25.15,50340.0
2019-11-11 11:00:00,NSE:DWARKESH,25.15,25.25,25.0,25.15,29804.0
2019-11-11 12:00:00,NSE:DWARKESH,25.2,26.85,25.15,26.4,256058.0
2019-11-11 13:00:00,NSE:DWARKESH,26.4,26.55,26.0,26.1,82530.0
2019-11-11 14:00:00,NSE:DWARKESH,26.1,26.2,25.75,26.1,65450.0
2019-11-11 15:00:00,NSE:DWARKESH,26.05,26.35,25.85,26.1,78352.0
2019-11-13 09:00:00,NSE:DWARKESH,25.5,25.75,24.7,25.6,200064.0
2019-11-13 10:00:00,NSE:DWARKESH,25.6,26.05,25.3,25.5,136364.0
2019-11-13 11:00:00,NSE:DWARKESH,25.55,25.55,25.25,25.35,55173.0
2019-11-13 12:00:00,NSE:DWARKESH,25.4,25.4,25.1,25.15,34434.0
2019-11-13 13:00:00,NSE:DWARKESH,25.2,25.2,25.0,25.2,47193.0
2019-11-13 14:00:00,NSE:DWARKESH,25.1,25.2,24.95,25.0,56706.0
2019-11-13 15:00:00,NSE:DWARKESH,25.0,25.1,24.9,25.0,85335.0
2019-11-14 09:00:00,NSE:DWARKESH,25.45,25.45,24.45,25.25,52914.0
2019-11-14 10:00:00,NSE:DWARKESH,25.3,25.45,25.2,25.45,24411.0
2019-11-14 11:00:00,NSE:DWARKESH,25.35,25.5,25.3,25.35,14521.0
2019-11-14 12:00:00,NSE:DWARKESH,25.35,25.4,25.15,25.2,32556.0
2019-11-14 13:00:00,NSE:DWARKESH,25.25,25.25,25.0,25.0,29326.0
2019-11-14 14:00:00,NSE:DWARKESH,25.0,25.25,24.9,25.15,29520.0
2019-11-14 15:00:00,NSE:DWARKESH,25.15,25.2,24.8,25.05,50024.0
2019-11-15 09:00:00,NSE:DWARKESH,25.35,25.4,25.0,25.15,27063.0
2019-11-15 10:00:00,NSE:DWARKESH,25.2,25.35,25.1,25.25,12536.0
2019-11-15 11:00:00,NSE:DWARKESH,25.25,25.25,25.05,25.05,21631.0
2019-11-15 12:00:00,NSE:DWARKESH,25.2,25.2,25.05,25.05,6694.0
2019-11-15 13:00:00,NSE:DWARKESH,25.05,25.2,25.0,25.15,34460.0
2019-11-15 14:00:00,NSE:DWARKESH,25.05,25.1,24.95,25.1,16518.0
2019-11-15 15:00:00,NSE:DWARKESH,25.05,25.1,25.0,25.05,32729.0
2019-11-18 09:00:00,NSE:DWARKESH,25.05,25.3,25.05,25.15,23409.0
2019-11-18 10:00:00,NSE:DWARKESH,25.1,25.15,25.0,25.05,35729.0
2019-11-18 11:00:00,NSE:DWARKESH,25.0,25.05,24.9,24.9,18270.0
2019-11-18 12:00:00,NSE:DWARKESH,25.1,25.15,24.95,25.1,14209.0
2019-11-18 13:00:00,NSE:DWARKESH,25.05,25.1,24.95,25.05,30148.0
2019-11-18 14:00:00,NSE:DWARKESH,25.05,25.2,25.0,25.15,18953.0
2019-11-18 15:00:00,NSE:DWARKESH,25.1,25.15,25.0,25.05,35403.0
2019-11-19 09:00:00,NSE:DWARKESH,25.0,25.2,24.65,25.1,59875.0
2019-11-19 10:00:00,NSE:DWARKESH,25.15,25.7,24.8,24.95,84250.0
2019-11-19 11:00:00,NSE:DWARKESH,24.9,25.35,24.9,25.25,51585.0
2019-11-19 12:00:00,NSE:DWARKESH,25.3,25.35,25.0,25.05,12654.0
2019-11-19 13:00:00,NSE:DWARKESH,25.0,25.1,24.9,25.0,55861.0
2019-11-19 14:00:00,NSE:DWARKESH,25.0,25.25,24.85,24.85,76234.0
2019-11-19 15:00:00,NSE:DWARKESH,24.85,25.1,24.85,24.95,32383.0
2019-11-20 09:00:00,NSE:DWARKESH,25.0,25.1,24.5,24.95,39348.0
2019-11-20 10:00:00,NSE:DWARKESH,24.9,24.95,24.8,24.9,8831.0
2019-11-20 11:00:00,NSE:DWARKESH,24.85,24.95,24.4,24.45,95125.0
2019-11-20 12:00:00,NSE:DWARKESH,24.45,24.55,24.3,24.55,76113.0
2019-11-20 13:00:00,NSE:DWARKESH,24.5,24.5,24.3,24.4,56982.0
2019-11-20 14:00:00,NSE:DWARKESH,24.4,24.55,24.25,24.35,40026.0
2019-11-20 15:00:00,NSE:DWARKESH,24.35,24.6,24.3,24.4,42232.0
2019-11-21 09:00:00,NSE:DWARKESH,24.4,24.55,24.25,24.5,21754.0
2019-11-21 10:00:00,NSE:DWARKESH,24.5,24.9,24.4,24.6,73310.0
2019-11-21 11:00:00,NSE:DWARKESH,24.5,24.65,24.5,24.5,13199.0
2019-11-21 12:00:00,NSE:DWARKESH,24.55,24.6,24.3,24.3,36741.0
2019-11-21 13:00:00,NSE:DWARKESH,24.35,24.35,24.25,24.3,13842.0
2019-11-21 14:00:00,NSE:DWARKESH,24.3,24.3,24.25,24.25,11970.0
2019-11-21 15:00:00,NSE:DWARKESH,24.3,24.3,24.15,24.25,76957.0
2019-11-22 09:00:00,NSE:DWARKESH,24.1,24.35,23.95,24.1,23470.0
2019-11-22 10:00:00,NSE:DWARKESH,24.1,24.15,24.05,24.15,19411.0
2019-11-22 11:00:00,NSE:DWARKESH,24.15,24.15,23.95,24.0,28157.0
2019-11-22 12:00:00,NSE:DWARKESH,24.0,24.0,23.95,23.95,17952.0
2019-11-22 13:00:00,NSE:DWARKESH,23.95,24.0,23.9,23.9,12287.0
2019-11-22 14:00:00,NSE:DWARKESH,24.0,24.0,23.9,24.0,18500.0
2019-11-22 15:00:00,NSE:DWARKESH,23.95,24.0,23.9,23.95,43293.0
2019-11-25 09:00:00,NSE:DWARKESH,24.45,25.0,24.25,24.25,117217.0
2019-11-25 10:00:00,NSE:DWARKESH,24.4,24.55,24.25,24.45,19940.0
2019-11-25 11:00:00,NSE:DWARKESH,24.35,24.45,24.35,24.4,17871.0
2019-11-25 12:00:00,NSE:DWARKESH,24.4,24.4,24.2,24.2,9415.0
2019-11-25 13:00:00,NSE:DWARKESH,24.25,24.3,24.15,24.15,9684.0
2019-11-25 14:00:00,NSE:DWARKESH,24.1,24.2,24.05,24.15,21637.0
2019-11-25 15:00:00,NSE:DWARKESH,24.25,24.25,24.1,24.15,47455.0
2019-11-26 09:00:00,NSE:DWARKESH,24.1,24.35,23.95,24.2,34883.0
2019-11-26 10:00:00,NSE:DWARKESH,24.35,24.4,24.1,24.2,28334.0
2019-11-26 11:00:00,NSE:DWARKESH,24.2,24.25,24.0,24.1,12649.0
2019-11-26 12:00:00,NSE:DWARKESH,24.25,24.25,23.95,24.0,11294.0
2019-11-26 13:00:00,NSE:DWARKESH,24.05,24.2,24.05,24.05,18608.0
2019-11-26 14:00:00,NSE:DWARKESH,24.15,24.3,24.1,24.2,26588.0
2019-11-26 15:00:00,NSE:DWARKESH,24.2,24.5,24.1,24.25,25121.0
2019-11-27 09:00:00,NSE:DWARKESH,24.3,24.4,24.1,24.15,8057.0
2019-11-27 10:00:00,NSE:DWARKESH,24.1,24.45,24.1,24.3,19003.0
2019-11-27 11:00:00,NSE:DWARKESH,24.3,24.45,24.15,24.25,8159.0
2019-11-27 12:00:00,NSE:DWARKESH,24.2,24.35,24.05,24.1,23053.0
2019-11-27 13:00:00,NSE:DWARKESH,24.1,24.15,24.0,24.05,7901.0
2019-11-27 14:00:00,NSE:DWARKESH,24.0,24.2,24.0,24.05,27243.0
2019-11-27 15:00:00,NSE:DWARKESH,24.1,24.4,24.05,24.15,18864.0
2019-11-28 09:00:00,NSE:DWARKESH,24.1,24.6,24.0,24.45,56318.0
2019-11-28 10:00:00,NSE:DWARKESH,24.4,24.4,24.1,24.1,28489.0
2019-11-28 11:00:00,NSE:DWARKESH,24.1,24.3,24.05,24.1,19165.0
2019-11-28 12:00:00,NSE:DWARKESH,24.1,24.25,23.9,24.1,65011.0
2019-11-28 13:00:00,NSE:DWARKESH,24.05,24.1,23.9,23.95,24431.0
2019-11-28 14:00:00,NSE:DWARKESH,23.9,24.05,23.9,24.0,9034.0
2019-11-28 15:00:00,NSE:DWARKESH,24.0,24.1,23.9,24.0,34807.0
2019-11-29 09:00:00,NSE:DWARKESH,24.0,24.55,24.0,24.45,60598.0
2019-11-29 10:00:00,NSE:DWARKESH,24.55,24.6,24.5,24.5,43368.0
2019-11-29 11:00:00,NSE:DWARKESH,24.5,24.8,24.35,24.4,86761.0
2019-11-29 12:00:00,NSE:DWARKESH,24.4,24.5,23.95,24.2,71508.0
2019-11-29 13:00:00,NSE:DWARKESH,24.2,24.75,24.1,24.75,182833.0
2019-11-29 14:00:00,NSE:DWARKESH,24.6,24.85,24.45,24.45,85930.0
2019-11-29 15:00:00,NSE:DWARKESH,24.45,24.6,24.25,24.4,50418.0
2019-12-02 09:00:00,NSE:DWARKESH,24.5,24.7,24.5,24.55,37619.0
2019-12-02 10:00:00,NSE:DWARKESH,24.55,24.55,24.45,24.5,9067.0
2019-12-02 11:00:00,NSE:DWARKESH,24.5,24.5,24.1,24.25,31570.0
2019-12-02 12:00:00,NSE:DWARKESH,24.15,24.3,24.15,24.15,5346.0
2019-12-02 13:00:00,NSE:DWARKESH,24.15,24.3,24.05,24.1,23315.0
2019-12-02 14:00:00,NSE:DWARKESH,24.1,24.2,24.1,24.15,34443.0
2019-12-02 15:00:00,NSE:DWARKESH,24.1,24.2,24.1,24.15,22508.0
2019-12-03 09:00:00,NSE:DWARKESH,24.1,24.25,23.75,23.9,27138.0
2019-12-03 10:00:00,NSE:DWARKESH,23.85,24.15,23.85,24.0,32155.0
2019-12-03 11:00:00,NSE:DWARKESH,24.0,24.15,24.0,24.1,28894.0
2019-12-03 12:00:00,NSE:DWARKESH,24.1,24.1,24.0,24.0,3768.0
2019-12-03 13:00:00,NSE:DWARKESH,24.0,24.1,24.0,24.0,6086.0
2019-12-03 14:00:00,NSE:DWARKESH,24.05,24.25,24.0,24.05,32502.0
2019-12-03 15:00:00,NSE:DWARKESH,24.1,24.1,24.0,24.05,38459.0
2019-12-04 09:00:00,NSE:DWARKESH,23.85,24.15,23.75,24.05,21390.0
2019-12-04 10:00:00,NSE:DWARKESH,24.05,24.3,23.15,24.05,150013.0
2019-12-04 11:00:00,NSE:DWARKESH,24.1,24.4,24.1,24.15,55530.0
2019-12-04 12:00:00,NSE:DWARKESH,24.15,24.2,24.1,24.1,13891.0
2019-12-04 13:00:00,NSE:DWARKESH,24.1,24.25,23.9,24.05,43949.0
2019-12-04 14:00:00,NSE:DWARKESH,24.2,24.4,24.1,24.4,50930.0
2019-12-04 15:00:00,NSE:DWARKESH,24.5,25.0,24.35,24.7,130138.0
2019-12-05 09:00:00,NSE:DWARKESH,24.8,25.4,24.8,25.2,152332.0
2019-12-05 10:00:00,NSE:DWARKESH,25.2,25.65,25.2,25.3,55465.0
2019-12-05 11:00:00,NSE:DWARKESH,25.25,25.65,25.15,25.45,115727.0
2019-12-05 12:00:00,NSE:DWARKESH,25.4,25.5,25.25,25.4,53419.0
2019-12-05 13:00:00,NSE:DWARKESH,25.45,25.9,25.2,25.7,168903.0
2019-12-05 14:00:00,NSE:DWARKESH,25.7,25.8,25.4,25.65,77114.0
2019-12-05 15:00:00,NSE:DWARKESH,25.6,26.2,25.55,26.2,235335.0
2019-12-06 09:00:00,NSE:DWARKESH,26.2,26.2,25.4,25.45,139426.0
2019-12-06 10:00:00,NSE:DWARKESH,25.5,25.6,25.25,25.3,26613.0
2019-12-06 11:00:00,NSE:DWARKESH,25.3,25.35,24.9,25.1,47473.0
2019-12-06 12:00:00,NSE:DWARKESH,25.15,25.4,25.05,25.2,60902.0
2019-12-06 13:00:00,NSE:DWARKESH,25.15,25.3,25.05,25.05,47760.0
2019-12-06 14:00:00,NSE:DWARKESH,25.15,25.6,24.9,25.4,116246.0
2019-12-06 15:00:00,NSE:DWARKESH,25.4,25.45,25.1,25.3,69330.0
2019-12-09 09:00:00,NSE:DWARKESH,25.5,25.5,24.9,24.9,74668.0
2019-12-09 10:00:00,NSE:DWARKESH,24.9,25.05,24.7,24.95,39249.0
2019-12-09 11:00:00,NSE:DWARKESH,25.0,25.0,24.8,24.9,76815.0
2019-12-09 12:00:00,NSE:DWARKESH,24.95,24.95,24.85,24.85,4487.0
2019-12-09 13:00:00,NSE:DWARKESH,24.9,26.65,24.85,26.45,391749.0
2019-12-09 14:00:00,NSE:DWARKESH,26.45,27.35,26.45,26.45,323819.0
2019-12-09 15:00:00,NSE:DWARKESH,26.45,26.5,26.25,26.35,158697.0
2019-12-10 09:00:00,NSE:DWARKESH,26.45,26.95,26.15,26.4,200604.0
2019-12-10 10:00:00,NSE:DWARKESH,26.35,26.4,26.2,26.2,33504.0
2019-12-10 11:00:00,NSE:DWARKESH,26.25,26.3,26.2,26.25,31850.0
2019-12-10 12:00:00,NSE:DWARKESH,26.2,26.25,25.9,25.9,103230.0
2019-12-10 13:00:00,NSE:DWARKESH,26.0,26.0,25.9,25.95,9025.0
2019-12-10 14:00:00,NSE:DWARKESH,25.9,26.0,25.55,25.9,82413.0
2019-12-10 15:00:00,NSE:DWARKESH,25.8,26.1,25.75,25.9,72284.0
2019-12-11 09:00:00,NSE:DWARKESH,25.85,26.2,25.7,26.1,45811.0
2019-12-11 10:00:00,NSE:DWARKESH,26.05,26.2,25.9,25.95,37532.0
2019-12-11 11:00:00,NSE:DWARKESH,25.9,26.05,25.85,25.9,43572.0
2019-12-11 12:00:00,NSE:DWARKESH,25.9,25.95,25.1,25.1,53876.0
2019-12-11 13:00:00,NSE:DWARKESH,25.2,25.35,25.15,25.3,24073.0
2019-12-11 14:00:00,NSE:DWARKESH,25.4,25.4,24.95,25.1,73853.0
2019-12-11 15:00:00,NSE:DWARKESH,25.05,25.25,24.9,25.1,62435.0
2019-12-12 09:00:00,NSE:DWARKESH,25.4,25.4,24.8,24.8,33814.0
2019-12-12 10:00:00,NSE:DWARKESH,24.8,24.9,24.7,24.75,40534.0
2019-12-12 11:00:00,NSE:DWARKESH,24.75,25.2,24.7,24.95,82681.0
2019-12-12 12:00:00,NSE:DWARKESH,24.95,25.0,24.9,24.95,12337.0
2019-12-12 13:00:00,NSE:DWARKESH,24.95,25.2,24.85,24.9,36987.0
2019-12-12 14:00:00,NSE:DWARKESH,24.9,24.9,24.75,24.75,12288.0
2019-12-12 15:00:00,NSE:DWARKESH,24.8,24.95,24.75,24.85,47711.0
2019-12-13 09:00:00,NSE:DWARKESH,24.85,25.8,24.85,25.8,93088.0
2019-12-13 10:00:00,NSE:DWARKESH,25.75,26.0,25.65,25.75,72054.0
2019-12-13 11:00:00,NSE:DWARKESH,25.65,25.75,25.55,25.65,20671.0
2019-12-13 12:00:00,NSE:DWARKESH,25.65,25.8,25.5,25.5,22140.0
2019-12-13 13:00:00,NSE:DWARKESH,25.5,25.55,25.35,25.5,45910.0
2019-12-13 14:00:00,NSE:DWARKESH,25.5,26.05,25.45,25.95,241273.0
2019-12-13 15:00:00,NSE:DWARKESH,25.95,26.65,25.85,26.25,416452.0
2019-12-16 09:00:00,NSE:DWARKESH,25.9,26.5,25.55,26.4,170710.0
2019-12-16 10:00:00,NSE:DWARKESH,26.4,26.65,26.2,26.4,149471.0
2019-12-16 11:00:00,NSE:DWARKESH,26.4,27.0,26.35,26.65,298960.0
2019-12-16 12:00:00,NSE:DWARKESH,26.6,26.75,26.3,26.7,77591.0
2019-12-16 13:00:00,NSE:DWARKESH,26.7,27.35,26.7,26.85,277485.0
2019-12-16 14:00:00,NSE:DWARKESH,26.95,27.15,26.5,26.6,91630.0
2019-12-16 15:00:00,NSE:DWARKESH,26.55,27.1,26.5,26.8,124741.0
2019-12-17 09:00:00,NSE:DWARKESH,26.95,27.35,26.6,26.95,156141.0
2019-12-17 10:00:00,NSE:DWARKESH,26.9,27.25,26.65,26.7,110681.0
2019-12-17 11:00:00,NSE:DWARKESH,26.75,26.85,26.55,26.85,34091.0
2019-12-17 12:00:00,NSE:DWARKESH,26.85,26.95,26.75,26.95,27058.0
2019-12-17 13:00:00,NSE:DWARKESH,26.9,26.9,26.05,26.3,72400.0
2019-12-17 14:00:00,NSE:DWARKESH,26.2,26.4,26.2,26.25,32099.0
2019-12-17 15:00:00,NSE:DWARKESH,26.25,26.4,26.15,26.3,113555.0
2019-12-18 09:00:00,NSE:DWARKESH,26.7,27.85,26.7,26.7,237506.0
2019-12-18 10:00:00,NSE:DWARKESH,26.65,26.8,26.6,26.7,59113.0
2019-12-18 11:00:00,NSE:DWARKESH,26.75,26.85,26.7,26.7,40520.0
2019-12-18 12:00:00,NSE:DWARKESH,26.7,26.8,26.65,26.75,24387.0
2019-12-18 13:00:00,NSE:DWARKESH,26.75,27.1,26.6,26.7,78881.0
2019-12-18 14:00:00,NSE:DWARKESH,26.7,27.1,26.7,27.0,109789.0
2019-12-18 15:00:00,NSE:DWARKESH,26.9,27.0,26.75,26.9,85616.0
2019-12-19 09:00:00,NSE:DWARKESH,26.6,28.1,26.6,27.65,490761.0
2019-12-19 10:00:00,NSE:DWARKESH,27.6,27.7,27.3,27.4,118395.0
2019-12-19 11:00:00,NSE:DWARKESH,27.35,27.35,27.2,27.3,64148.0
2019-12-19 12:00:00,NSE:DWARKESH,27.3,27.3,27.15,27.15,30512.0
2019-12-19 13:00:00,NSE:DWARKESH,27.2,27.2,27.05,27.1,78359.0
2019-12-19 14:00:00,NSE:DWARKESH,27.1,27.1,26.9,27.0,33735.0
2019-12-19 15:00:00,NSE:DWARKESH,26.95,27.8,26.9,27.3,256083.0
2019-12-20 09:00:00,NSE:DWARKESH,27.45,27.85,27.45,27.55,149998.0
2019-12-20 10:00:00,NSE:DWARKESH,27.55,27.6,27.35,27.45,47842.0
2019-12-20 11:00:00,NSE:DWARKESH,27.45,27.5,27.4,27.5,37950.0
2019-12-20 12:00:00,NSE:DWARKESH,27.5,27.5,27.4,27.45,24929.0
2019-12-20 13:00:00,NSE:DWARKESH,27.4,27.7,27.4,27.4,155833.0
2019-12-20 14:00:00,NSE:DWARKESH,27.45,27.45,27.15,27.25,103060.0
2019-12-20 15:00:00,NSE:DWARKESH,27.25,27.45,27.25,27.4,79576.0
2019-12-23 09:00:00,NSE:DWARKESH,27.2,27.85,27.1,27.75,152320.0
2019-12-23 10:00:00,NSE:DWARKESH,27.75,27.85,27.5,27.5,120067.0
2019-12-23 11:00:00,NSE:DWARKESH,27.5,27.7,27.4,27.4,43575.0
2019-12-23 12:00:00,NSE:DWARKESH,27.45,27.8,27.35,27.55,117339.0
2019-12-23 13:00:00,NSE:DWARKESH,27.5,27.6,27.4,27.45,51562.0
2019-12-23 14:00:00,NSE:DWARKESH,27.45,27.7,27.35,27.45,80661.0
2019-12-23 15:00:00,NSE:DWARKESH,27.45,27.55,27.45,27.45,35731.0
2019-12-24 09:00:00,NSE:DWARKESH,27.45,27.65,27.4,27.5,34014.0
2019-12-24 10:00:00,NSE:DWARKESH,27.5,27.55,27.35,27.4,42214.0
2019-12-24 11:00:00,NSE:DWARKESH,27.4,27.45,27.3,27.4,16985.0
2019-12-24 12:00:00,NSE:DWARKESH,27.4,27.45,27.3,27.4,14608.0
2019-12-24 13:00:00,NSE:DWARKESH,27.3,27.4,27.2,27.3,26491.0
2019-12-24 14:00:00,NSE:DWARKESH,27.25,27.4,27.25,27.3,22205.0
2019-12-24 15:00:00,NSE:DWARKESH,27.3,27.35,27.15,27.3,29218.0
2019-12-26 09:00:00,NSE:DWARKESH,27.4,27.75,27.3,27.5,49367.0
2019-12-26 10:00:00,NSE:DWARKESH,27.5,27.5,27.3,27.4,26451.0
2019-12-26 11:00:00,NSE:DWARKESH,27.4,27.4,27.15,27.4,39890.0
2019-12-26 12:00:00,NSE:DWARKESH,27.35,29.5,27.35,29.3,1055952.0
2019-12-26 13:00:00,NSE:DWARKESH,29.3,29.9,29.25,29.7,680878.0
2019-12-26 14:00:00,NSE:DWARKESH,29.7,30.2,29.5,29.6,804303.0
2019-12-26 15:00:00,NSE:DWARKESH,29.7,29.75,29.15,29.55,531216.0
2019-12-27 09:00:00,NSE:DWARKESH,29.8,30.45,29.55,30.0,771960.0
2019-12-27 10:00:00,NSE:DWARKESH,30.1,31.35,29.75,31.0,861991.0
2019-12-27 11:00:00,NSE:DWARKESH,31.0,32.0,31.0,31.65,996045.0
2019-12-27 12:00:00,NSE:DWARKESH,31.65,31.7,30.85,31.35,393632.0
2019-12-27 13:00:00,NSE:DWARKESH,31.4,31.7,31.05,31.15,316320.0
2019-12-27 14:00:00,NSE:DWARKESH,31.1,31.2,30.2,31.05,449125.0
2019-12-27 15:00:00,NSE:DWARKESH,31.05,31.4,30.9,31.15,288997.0
2019-12-30 09:00:00,NSE:DWARKESH,31.5,31.8,31.35,31.6,460706.0
2019-12-30 10:00:00,NSE:DWARKESH,31.65,31.9,30.65,31.8,703533.0
2019-12-30 11:00:00,NSE:DWARKESH,31.8,31.85,30.95,31.1,177188.0
2019-12-30 12:00:00,NSE:DWARKESH,31.15,31.6,31.0,31.15,233956.0
2019-12-30 13:00:00,NSE:DWARKESH,31.15,31.3,31.1,31.2,43729.0
2019-12-30 14:00:00,NSE:DWARKESH,31.15,31.4,30.85,31.0,159551.0
2019-12-30 15:00:00,NSE:DWARKESH,31.0,31.3,30.95,31.15,185510.0
2019-12-31 09:00:00,NSE:DWARKESH,30.6,31.65,30.3,31.6,634879.0
2019-12-31 10:00:00,NSE:DWARKESH,31.55,32.3,31.5,31.85,995276.0
2019-12-31 11:00:00,NSE:DWARKESH,31.85,32.0,31.7,31.9,154278.0
2019-12-31 12:00:00,NSE:DWARKESH,31.9,32.0,31.8,31.9,90917.0
2019-12-31 13:00:00,NSE:DWARKESH,31.95,33.1,31.9,32.8,846762.0
2019-12-31 14:00:00,NSE:DWARKESH,32.9,34.0,32.8,33.8,1634170.0
2019-12-31 15:00:00,NSE:DWARKESH,33.7,33.75,33.2,33.4,715345.0
2020-01-01 09:00:00,NSE:DWARKESH,33.35,35.35,33.2,34.6,1402499.0
2020-01-01 10:00:00,NSE:DWARKESH,34.6,36.6,34.6,36.25,2346832.0
2020-01-01 11:00:00,NSE:DWARKESH,36.3,37.9,36.3,36.7,2422120.0
2020-01-01 12:00:00,NSE:DWARKESH,36.65,37.5,36.3,37.15,901025.0
2020-01-01 13:00:00,NSE:DWARKESH,37.15,37.95,36.85,37.95,1160409.0
2020-01-01 14:00:00,NSE:DWARKESH,37.95,38.2,37.1,37.8,1467262.0
2020-01-01 15:00:00,NSE:DWARKESH,37.8,38.9,37.55,38.25,1815148.0
2020-01-02 09:00:00,NSE:DWARKESH,38.7,39.8,36.4,37.05,2856062.0
2020-01-02 10:00:00,NSE:DWARKESH,37.1,37.7,36.55,36.85,651209.0
2020-01-02 11:00:00,NSE:DWARKESH,36.8,37.5,36.5,37.4,427167.0
2020-01-02 12:00:00,NSE:DWARKESH,37.4,37.45,37.0,37.15,253093.0
2020-01-02 13:00:00,NSE:DWARKESH,37.1,37.5,36.9,37.35,234004.0
2020-01-02 14:00:00,NSE:DWARKESH,37.35,37.45,35.8,36.0,504118.0
2020-01-02 15:00:00,NSE:DWARKESH,35.9,36.1,35.25,35.75,673804.0
2020-01-03 09:00:00,NSE:DWARKESH,36.3,37.45,35.6,36.2,698401.0
2020-01-03 10:00:00,NSE:DWARKESH,36.2,36.75,36.1,36.45,343797.0
2020-01-03 11:00:00,NSE:DWARKESH,36.5,36.6,36.2,36.25,136083.0
2020-01-03 12:00:00,NSE:DWARKESH,36.2,37.5,35.75,37.05,833599.0
2020-01-03 13:00:00,NSE:DWARKESH,37.1,37.95,37.05,37.7,580743.0
2020-01-03 14:00:00,NSE:DWARKESH,37.75,38.9,37.15,37.3,1231626.0
2020-01-03 15:00:00,NSE:DWARKESH,37.25,37.85,36.75,37.25,487066.0
2020-01-06 09:00:00,NSE:DWARKESH,37.2,37.45,36.1,36.95,572391.0
2020-01-06 10:00:00,NSE:DWARKESH,36.85,39.6,36.45,38.65,1906391.0
2020-01-06 11:00:00,NSE:DWARKESH,38.65,38.9,37.7,38.0,396889.0
2020-01-06 12:00:00,NSE:DWARKESH,38.0,38.55,37.9,38.1,264482.0
2020-01-06 13:00:00,NSE:DWARKESH,38.15,39.2,38.05,39.05,364661.0
2020-01-06 14:00:00,NSE:DWARKESH,39.1,39.15,38.4,38.7,477585.0
2020-01-06 15:00:00,NSE:DWARKESH,38.65,38.75,38.2,38.45,320339.0
2020-01-07 09:00:00,NSE:DWARKESH,40.5,42.0,40.4,40.9,2595304.0
2020-01-07 10:00:00,NSE:DWARKESH,40.9,40.9,40.2,40.35,692763.0
2020-01-07 11:00:00,NSE:DWARKESH,40.35,40.35,39.9,40.1,533664.0
2020-01-07 12:00:00,NSE:DWARKESH,40.1,40.8,40.05,40.6,347823.0
2020-01-07 13:00:00,NSE:DWARKESH,40.6,40.75,40.25,40.4,352674.0
2020-01-07 14:00:00,NSE:DWARKESH,40.4,41.9,40.3,41.3,1797290.0
2020-01-07 15:00:00,NSE:DWARKESH,41.3,42.0,41.1,41.55,1600801.0
2020-01-08 09:00:00,NSE:DWARKESH,40.4,41.5,39.9,40.65,1286675.0
2020-01-08 10:00:00,NSE:DWARKESH,40.65,41.2,40.05,40.7,570583.0
2020-01-08 11:00:00,NSE:DWARKESH,40.65,40.7,39.1,39.35,810839.0
2020-01-08 12:00:00,NSE:DWARKESH,39.35,39.9,39.15,39.7,385540.0
2020-01-08 13:00:00,NSE:DWARKESH,39.7,39.75,39.05,39.45,294572.0
2020-01-08 14:00:00,NSE:DWARKESH,39.4,39.6,39.2,39.5,227126.0
2020-01-08 15:00:00,NSE:DWARKESH,39.5,39.6,39.05,39.35,496606.0
2020-01-09 09:00:00,NSE:DWARKESH,40.0,40.9,39.65,39.85,661902.0
2020-01-09 10:00:00,NSE:DWARKESH,39.85,39.9,39.45,39.7,199349.0
2020-01-09 11:00:00,NSE:DWARKESH,39.6,39.75,39.4,39.6,84907.0
2020-01-09 12:00:00,NSE:DWARKESH,39.6,39.75,39.05,39.1,192050.0
2020-01-09 13:00:00,NSE:DWARKESH,39.2,39.5,39.05,39.15,198834.0
2020-01-09 14:00:00,NSE:DWARKESH,39.2,39.25,38.8,38.9,408813.0
2020-01-09 15:00:00,NSE:DWARKESH,38.9,39.0,38.8,38.85,290839.0
2020-01-10 09:00:00,NSE:DWARKESH,38.85,39.85,38.15,39.8,687347.0
2020-01-10 10:00:00,NSE:DWARKESH,39.8,40.55,38.75,39.25,934316.0
2020-01-10 11:00:00,NSE:DWARKESH,39.2,39.5,39.05,39.45,105624.0
2020-01-10 12:00:00,NSE:DWARKESH,39.4,39.8,39.05,39.55,168770.0
2020-01-10 13:00:00,NSE:DWARKESH,39.55,39.6,39.2,39.2,84189.0
2020-01-10 14:00:00,NSE:DWARKESH,39.2,39.2,38.05,38.15,331444.0
2020-01-10 15:00:00,NSE:DWARKESH,38.1,39.0,38.1,38.75,283392.0
2020-01-13 09:00:00,NSE:DWARKESH,39.8,39.95,39.1,39.45,423362.0
2020-01-13 10:00:00,NSE:DWARKESH,39.45,40.75,39.35,39.9,769290.0
2020-01-13 11:00:00,NSE:DWARKESH,39.85,40.2,39.55,39.6,305555.0
2020-01-13 12:00:00,NSE:DWARKESH,39.6,39.8,39.55,39.65,77799.0
2020-01-13 13:00:00,NSE:DWARKESH,39.65,40.35,39.55,39.85,301949.0
2020-01-13 14:00:00,NSE:DWARKESH,39.9,40.2,39.65,39.8,378684.0
2020-01-13 15:00:00,NSE:DWARKESH,39.8,40.15,39.7,39.9,405167.0
2020-01-14 09:00:00,NSE:DWARKESH,40.1,40.25,39.6,39.7,430983.0
2020-01-14 10:00:00,NSE:DWARKESH,39.7,40.4,39.55,39.8,525592.0
2020-01-14 11:00:00,NSE:DWARKESH,39.85,39.95,39.75,39.8,85749.0
2020-01-14 12:00:00,NSE:DWARKESH,39.8,39.85,39.55,39.7,75614.0
2020-01-14 13:00:00,NSE:DWARKESH,39.7,39.7,38.75,38.85,209135.0
2020-01-14 14:00:00,NSE:DWARKESH,38.8,39.0,38.35,38.7,187538.0
2020-01-14 15:00:00,NSE:DWARKESH,38.75,38.85,38.5,38.7,261976.0
2020-01-15 09:00:00,NSE:DWARKESH,38.9,39.0,38.05,38.25,286634.0
2020-01-15 10:00:00,NSE:DWARKESH,38.2,38.7,37.7,38.3,261384.0
2020-01-15 11:00:00,NSE:DWARKESH,38.3,38.75,38.05,38.55,219024.0
2020-01-15 12:00:00,NSE:DWARKESH,38.6,38.95,38.4,38.6,267602.0
2020-01-15 13:00:00,NSE:DWARKESH,38.65,38.95,38.25,38.35,141742.0
2020-01-15 14:00:00,NSE:DWARKESH,38.35,38.65,38.3,38.4,109352.0
2020-01-15 15:00:00,NSE:DWARKESH,38.45,38.85,38.25,38.65,382114.0
2020-01-16 09:00:00,NSE:DWARKESH,39.2,41.0,39.05,40.1,1954726.0
2020-01-16 10:00:00,NSE:DWARKESH,40.1,40.3,39.7,39.75,487181.0
2020-01-16 11:00:00,NSE:DWARKESH,39.8,40.35,39.7,40.2,314341.0
2020-01-16 12:00:00,NSE:DWARKESH,40.25,41.4,40.25,40.95,1141169.0
2020-01-16 13:00:00,NSE:DWARKESH,41.0,41.5,40.9,41.3,434758.0
2020-01-16 14:00:00,NSE:DWARKESH,41.3,41.35,40.1,40.2,625839.0
2020-01-16 15:00:00,NSE:DWARKESH,40.2,41.5,40.2,41.0,883043.0
2020-01-17 09:00:00,NSE:DWARKESH,41.55,41.55,40.65,40.9,737168.0
2020-01-17 10:00:00,NSE:DWARKESH,40.9,41.0,40.05,40.35,291664.0
2020-01-17 11:00:00,NSE:DWARKESH,40.35,40.4,40.15,40.35,194823.0
2020-01-17 12:00:00,NSE:DWARKESH,40.4,40.75,40.3,40.65,115456.0
2020-01-17 13:00:00,NSE:DWARKESH,40.75,40.9,40.4,40.5,88636.0
2020-01-17 14:00:00,NSE:DWARKESH,40.45,40.7,40.25,40.35,133160.0
2020-01-17 15:00:00,NSE:DWARKESH,40.35,40.45,40.1,40.25,253787.0
2020-01-20 09:00:00,NSE:DWARKESH,40.5,40.5,38.55,38.8,389882.0
2020-01-20 10:00:00,NSE:DWARKESH,38.8,39.15,38.5,38.7,235315.0
2020-01-20 11:00:00,NSE:DWARKESH,38.7,38.9,38.45,38.85,166250.0
2020-01-20 12:00:00,NSE:DWARKESH,38.85,38.95,38.3,38.45,116423.0
2020-01-20 13:00:00,NSE:DWARKESH,38.4,38.7,38.3,38.65,104685.0
2020-01-20 14:00:00,NSE:DWARKESH,38.65,38.8,38.3,38.35,98611.0
2020-01-20 15:00:00,NSE:DWARKESH,38.35,38.55,38.2,38.35,206053.0
2020-01-21 09:00:00,NSE:DWARKESH,38.25,38.9,37.75,38.8,283088.0
2020-01-21 10:00:00,NSE:DWARKESH,38.8,38.85,38.35,38.5,152723.0
2020-01-21 11:00:00,NSE:DWARKESH,38.55,38.65,38.4,38.55,80095.0
2020-01-21 12:00:00,NSE:DWARKESH,38.55,38.7,38.5,38.5,44790.0
2020-01-21 13:00:00,NSE:DWARKESH,38.6,38.6,38.1,38.45,59373.0
2020-01-21 14:00:00,NSE:DWARKESH,38.4,38.6,38.1,38.5,93545.0
2020-01-21 15:00:00,NSE:DWARKESH,38.45,38.5,38.25,38.4,120336.0
2020-01-22 09:00:00,NSE:DWARKESH,38.65,38.8,38.35,38.35,242177.0
2020-01-22 10:00:00,NSE:DWARKESH,38.4,38.65,38.15,38.45,154108.0
2020-01-22 11:00:00,NSE:DWARKESH,38.45,39.1,38.45,38.7,213375.0
2020-01-22 12:00:00,NSE:DWARKESH,38.7,39.65,38.65,39.5,266524.0
2020-01-22 13:00:00,NSE:DWARKESH,39.5,39.75,39.05,39.45,363035.0
2020-01-22 14:00:00,NSE:DWARKESH,39.4,39.5,39.05,39.4,219746.0
2020-01-22 15:00:00,NSE:DWARKESH,39.35,39.7,39.1,39.4,353570.0
2020-01-23 09:00:00,NSE:DWARKESH,39.6,39.85,39.2,39.35,183840.0
2020-01-23 10:00:00,NSE:DWARKESH,39.35,39.65,38.9,39.6,179500.0
2020-01-23 11:00:00,NSE:DWARKESH,39.6,39.7,39.25,39.5,53751.0
2020-01-23 12:00:00,NSE:DWARKESH,39.6,39.65,39.5,39.5,50699.0
2020-01-23 13:00:00,NSE:DWARKESH,39.5,39.7,39.45,39.65,54131.0
2020-01-23 14:00:00,NSE:DWARKESH,39.65,40.3,39.6,39.8,313041.0
2020-01-23 15:00:00,NSE:DWARKESH,39.75,39.75,39.35,39.6,200536.0
2020-01-24 09:00:00,NSE:DWARKESH,39.3,39.6,39.05,39.5,134354.0
2020-01-24 10:00:00,NSE:DWARKESH,39.5,39.65,39.2,39.25,97759.0
2020-01-24 11:00:00,NSE:DWARKESH,39.3,39.5,38.55,38.55,138776.0
2020-01-24 12:00:00,NSE:DWARKESH,38.7,38.8,38.5,38.7,100797.0
2020-01-24 13:00:00,NSE:DWARKESH,38.65,39.3,38.65,39.3,129258.0
2020-01-24 14:00:00,NSE:DWARKESH,39.25,39.7,38.7,38.85,391707.0
2020-01-24 15:00:00,NSE:DWARKESH,38.85,38.9,38.5,38.7,249423.0
2020-01-27 09:00:00,NSE:DWARKESH,38.55,39.25,38.45,38.8,215922.0
2020-01-27 10:00:00,NSE:DWARKESH,38.8,38.95,38.65,38.9,63002.0
2020-01-27 11:00:00,NSE:DWARKESH,38.9,39.25,38.6,38.95,179635.0
2020-01-27 12:00:00,NSE:DWARKESH,39.0,39.0,38.65,38.65,66888.0
2020-01-27 13:00:00,NSE:DWARKESH,38.7,38.7,38.5,38.6,96860.0
2020-01-27 14:00:00,NSE:DWARKESH,38.55,38.95,38.3,38.3,147988.0
2020-01-27 15:00:00,NSE:DWARKESH,38.3,38.4,37.55,37.95,223761.0
2020-01-28 09:00:00,NSE:DWARKESH,37.95,38.5,37.95,38.3,157485.0
2020-01-28 10:00:00,NSE:DWARKESH,38.3,38.5,37.75,38.0,198342.0
2020-01-28 11:00:00,NSE:DWARKESH,38.0,38.1,37.75,37.85,46221.0
2020-01-28 12:00:00,NSE:DWARKESH,37.85,37.95,37.8,37.9,29267.0
2020-01-28 13:00:00,NSE:DWARKESH,37.9,37.95,37.7,37.7,49352.0
2020-01-28 14:00:00,NSE:DWARKESH,37.75,37.75,35.85,35.95,406600.0
2020-01-28 15:00:00,NSE:DWARKESH,36.0,36.65,35.65,36.2,370708.0
2020-01-29 09:00:00,NSE:DWARKESH,37.0,38.85,36.9,38.3,1048164.0
2020-01-29 10:00:00,NSE:DWARKESH,38.35,38.8,38.2,38.4,271374.0
2020-01-29 11:00:00,NSE:DWARKESH,38.4,38.4,38.1,38.2,54404.0
2020-01-29 12:00:00,NSE:DWARKESH,38.2,38.4,37.8,38.0,98269.0
2020-01-29 13:00:00,NSE:DWARKESH,38.0,38.25,37.85,38.1,51949.0
2020-01-29 14:00:00,NSE:DWARKESH,38.1,38.3,37.85,38.2,99258.0
2020-01-29 15:00:00,NSE:DWARKESH,38.15,39.4,38.15,38.95,917839.0
2020-01-30 09:00:00,NSE:DWARKESH,39.25,39.25,38.35,38.8,296014.0
2020-01-30 10:00:00,NSE:DWARKESH,38.7,38.8,37.8,38.2,250317.0
2020-01-30 11:00:00,NSE:DWARKESH,38.2,38.35,37.95,38.1,83890.0
2020-01-30 12:00:00,NSE:DWARKESH,38.1,38.25,37.95,38.0,64523.0
2020-01-30 13:00:00,NSE:DWARKESH,37.95,38.0,37.7,37.75,43019.0
2020-01-30 14:00:00,NSE:DWARKESH,37.75,37.9,37.55,37.85,68027.0
2020-01-30 15:00:00,NSE:DWARKESH,37.85,38.15,37.85,37.95,121955.0
2020-01-31 09:00:00,NSE:DWARKESH,37.95,38.45,37.2,37.55,198318.0
2020-01-31 10:00:00,NSE:DWARKESH,37.55,37.55,37.2,37.4,82268.0
2020-01-31 11:00:00,NSE:DWARKESH,37.4,37.5,37.15,37.3,54268.0
2020-01-31 12:00:00,NSE:DWARKESH,37.3,37.35,36.9,37.25,162095.0
2020-01-31 13:00:00,NSE:DWARKESH,37.25,37.5,37.25,37.5,43299.0
2020-01-31 14:00:00,NSE:DWARKESH,37.5,38.15,37.3,37.65,205394.0
2020-01-31 15:00:00,NSE:DWARKESH,37.65,37.85,37.45,37.65,134732.0
2020-02-01 09:00:00,NSE:DWARKESH,37.6,38.0,37.3,37.8,168959.0
2020-02-01 10:00:00,NSE:DWARKESH,37.8,38.1,37.4,37.85,153988.0
2020-02-01 11:00:00,NSE:DWARKESH,37.85,38.0,37.5,37.6,60287.0
2020-02-01 12:00:00,NSE:DWARKESH,37.6,37.7,37.1,37.2,100010.0
2020-02-01 13:00:00,NSE:DWARKESH,37.15,37.55,36.0,36.4,215068.0
2020-02-01 14:00:00,NSE:DWARKESH,36.4,36.9,35.6,35.75,230901.0
2020-02-01 15:00:00,NSE:DWARKESH,35.7,35.9,33.9,34.8,380918.0
2020-02-03 09:00:00,NSE:DWARKESH,33.7,34.7,33.7,34.6,334920.0
2020-02-03 10:00:00,NSE:DWARKESH,34.6,35.25,34.4,34.7,191489.0
2020-02-03 11:00:00,NSE:DWARKESH,34.7,34.95,32.7,33.0,345498.0
2020-02-03 12:00:00,NSE:DWARKESH,33.05,33.75,32.85,33.6,209853.0
2020-02-03 13:00:00,NSE:DWARKESH,33.6,33.9,33.45,33.65,125582.0
2020-02-03 14:00:00,NSE:DWARKESH,33.65,34.75,33.3,34.75,177049.0
2020-02-03 15:00:00,NSE:DWARKESH,34.6,35.35,34.6,35.0,287538.0
2020-02-04 09:00:00,NSE:DWARKESH,35.35,36.5,35.05,36.4,448282.0
2020-02-04 10:00:00,NSE:DWARKESH,36.35,36.6,36.1,36.3,131250.0
2020-02-04 11:00:00,NSE:DWARKESH,36.3,36.8,36.15,36.6,167599.0
2020-02-04 12:00:00,NSE:DWARKESH,36.6,36.6,36.15,36.2,69385.0
2020-02-04 13:00:00,NSE:DWARKESH,36.15,36.45,36.1,36.2,43524.0
2020-02-04 14:00:00,NSE:DWARKESH,36.2,36.3,35.55,35.7,131262.0
2020-02-04 15:00:00,NSE:DWARKESH,35.65,35.8,35.35,35.55,118426.0
2020-02-05 09:00:00,NSE:DWARKESH,35.7,36.45,35.6,35.9,140807.0
2020-02-05 10:00:00,NSE:DWARKESH,35.9,36.3,35.8,35.9,108142.0
2020-02-05 11:00:00,NSE:DWARKESH,35.9,35.95,35.7,35.8,61302.0
2020-02-05 12:00:00,NSE:DWARKESH,35.8,35.85,35.5,35.55,33367.0
2020-02-05 13:00:00,NSE:DWARKESH,35.5,35.7,33.65,33.9,256620.0
2020-02-05 14:00:00,NSE:DWARKESH,33.95,34.75,33.75,34.6,201049.0
2020-02-05 15:00:00,NSE:DWARKESH,34.65,34.9,34.45,34.65,188062.0
2020-02-06 09:00:00,NSE:DWARKESH,35.4,37.5,35.1,36.75,1403486.0
2020-02-06 10:00:00,NSE:DWARKESH,36.8,36.95,36.4,36.6,259663.0
2020-02-06 11:00:00,NSE:DWARKESH,36.6,36.65,36.35,36.5,120037.0
2020-02-06 12:00:00,NSE:DWARKESH,36.4,37.1,36.4,36.8,137490.0
2020-02-06 13:00:00,NSE:DWARKESH,36.8,37.5,36.55,36.55,498204.0
2020-02-06 14:00:00,NSE:DWARKESH,36.6,37.75,36.45,36.95,797630.0
2020-02-06 15:00:00,NSE:DWARKESH,37.0,37.5,36.9,37.35,443947.0
2020-02-07 09:00:00,NSE:DWARKESH,37.45,37.65,36.95,37.25,342819.0
2020-02-07 10:00:00,NSE:DWARKESH,37.3,37.5,36.35,36.65,320913.0
2020-02-07 11:00:00,NSE:DWARKESH,36.6,36.75,36.4,36.55,78476.0
2020-02-07 12:00:00,NSE:DWARKESH,36.55,37.7,36.4,37.35,168099.0
2020-02-07 13:00:00,NSE:DWARKESH,37.35,37.5,37.1,37.35,94222.0
2020-02-07 14:00:00,NSE:DWARKESH,37.35,38.1,37.3,37.65,274408.0
2020-02-07 15:00:00,NSE:DWARKESH,37.65,37.8,37.25,37.5,204219.0
2020-02-10 09:00:00,NSE:DWARKESH,37.35,37.75,37.0,37.3,238513.0
2020-02-10 10:00:00,NSE:DWARKESH,37.25,37.35,36.9,37.25,75401.0
2020-02-10 11:00:00,NSE:DWARKESH,37.2,37.25,36.9,37.1,42346.0
2020-02-10 12:00:00,NSE:DWARKESH,37.05,37.4,37.05,37.05,55775.0
2020-02-10 13:00:00,NSE:DWARKESH,37.1,37.15,36.8,36.85,132427.0
2020-02-10 14:00:00,NSE:DWARKESH,36.8,37.05,35.35,36.0,1053732.0
2020-02-10 15:00:00,NSE:DWARKESH,36.0,36.15,35.55,35.85,210174.0
2020-02-11 09:00:00,NSE:DWARKESH,35.85,36.35,35.85,36.1,133705.0
2020-02-11 10:00:00,NSE:DWARKESH,36.05,36.05,35.6,35.85,93309.0
2020-02-11 11:00:00,NSE:DWARKESH,35.85,36.15,35.7,35.9,66276.0
2020-02-11 12:00:00,NSE:DWARKESH,35.85,35.95,35.65,35.8,44086.0
2020-02-11 13:00:00,NSE:DWARKESH,35.8,37.1,35.55,36.55,311479.0
2020-02-11 14:00:00,NSE:DWARKESH,36.65,37.1,36.45,36.65,268255.0
2020-02-11 15:00:00,NSE:DWARKESH,36.65,37.2,36.6,36.95,292307.0
2020-02-12 09:00:00,NSE:DWARKESH,37.25,38.7,37.25,38.45,2084072.0
2020-02-12 10:00:00,NSE:DWARKESH,38.45,38.5,37.7,37.9,279102.0
2020-02-12 11:00:00,NSE:DWARKESH,37.85,38.6,37.8,38.1,337153.0
2020-02-12 12:00:00,NSE:DWARKESH,38.0,38.4,37.9,38.25,105566.0
2020-02-12 13:00:00,NSE:DWARKESH,38.25,38.9,37.95,38.5,522337.0
2020-02-12 14:00:00,NSE:DWARKESH,38.55,38.75,38.25,38.6,200766.0
2020-02-12 15:00:00,NSE:DWARKESH,38.65,38.8,38.0,38.3,621982.0
2020-02-13 09:00:00,NSE:DWARKESH,38.5,38.6,37.85,37.9,404207.0
2020-02-13 10:00:00,NSE:DWARKESH,37.9,38.95,37.85,38.65,342325.0
2020-02-13 11:00:00,NSE:DWARKESH,38.65,39.35,38.5,38.85,470677.0
2020-02-13 12:00:00,NSE:DWARKESH,38.85,38.95,38.7,38.75,77510.0
2020-02-13 13:00:00,NSE:DWARKESH,38.75,38.95,37.9,38.0,229945.0
2020-02-13 14:00:00,NSE:DWARKESH,37.95,38.0,37.5,37.5,205290.0
2020-02-13 15:00:00,NSE:DWARKESH,37.5,37.95,37.4,37.6,262140.0
2020-02-14 09:00:00,NSE:DWARKESH,37.75,37.8,37.5,37.5,146480.0
2020-02-14 10:00:00,NSE:DWARKESH,37.5,37.7,37.25,37.4,100367.0
2020-02-14 11:00:00,NSE:DWARKESH,37.35,37.6,37.3,37.4,86148.0
2020-02-14 12:00:00,NSE:DWARKESH,37.3,37.5,37.05,37.25,75260.0
2020-02-14 13:00:00,NSE:DWARKESH,37.35,37.35,37.2,37.25,39092.0
2020-02-14 14:00:00,NSE:DWARKESH,37.25,37.3,36.5,36.65,143028.0
2020-02-14 15:00:00,NSE:DWARKESH,36.7,36.7,36.2,36.4,189513.0
2020-02-17 09:00:00,NSE:DWARKESH,37.5,37.75,36.55,36.6,666253.0
2020-02-17 10:00:00,NSE:DWARKESH,36.6,36.65,35.9,35.95,254969.0
2020-02-17 11:00:00,NSE:DWARKESH,35.95,36.2,35.7,36.1,112165.0
2020-02-17 12:00:00,NSE:DWARKESH,36.15,36.15,35.85,35.9,123921.0
2020-02-17 13:00:00,NSE:DWARKESH,35.95,36.45,35.85,36.3,150326.0
2020-02-17 14:00:00,NSE:DWARKESH,36.3,36.4,36.0,36.25,131912.0
2020-02-17 15:00:00,NSE:DWARKESH,36.25,36.35,35.9,36.05,233715.0
2020-02-18 09:00:00,NSE:DWARKESH,35.15,35.8,34.8,35.15,171852.0
2020-02-18 10:00:00,NSE:DWARKESH,35.15,35.2,34.8,34.9,134357.0
2020-02-18 11:00:00,NSE:DWARKESH,34.95,35.0,34.6,34.65,72363.0
2020-02-18 12:00:00,NSE:DWARKESH,34.65,35.1,34.55,35.0,114627.0
2020-02-18 13:00:00,NSE:DWARKESH,35.0,35.05,34.7,34.9,75831.0
2020-02-18 14:00:00,NSE:DWARKESH,34.9,35.05,34.7,34.9,135587.0
2020-02-18 15:00:00,NSE:DWARKESH,34.8,35.2,34.8,35.0,100783.0
2020-02-19 09:00:00,NSE:DWARKESH,36.4,36.85,36.0,36.1,684608.0
2020-02-19 10:00:00,NSE:DWARKESH,36.1,36.2,35.8,36.1,135017.0
2020-02-19 11:00:00,NSE:DWARKESH,36.1,36.25,36.05,36.25,78068.0
2020-02-19 12:00:00,NSE:DWARKESH,36.2,36.25,36.0,36.0,46942.0
2020-02-19 13:00:00,NSE:DWARKESH,36.1,36.1,35.75,35.8,129922.0
2020-02-19 14:00:00,NSE:DWARKESH,35.9,36.2,35.8,36.15,180448.0
2020-02-19 15:00:00,NSE:DWARKESH,36.15,36.25,35.7,36.05,249033.0
2020-02-20 09:00:00,NSE:DWARKESH,35.6,35.85,35.2,35.6,142984.0
2020-02-20 10:00:00,NSE:DWARKESH,35.55,36.3,35.4,35.55,239432.0
2020-02-20 11:00:00,NSE:DWARKESH,35.5,35.8,35.45,35.55,145376.0
2020-02-20 12:00:00,NSE:DWARKESH,35.55,35.55,35.25,35.3,78541.0
2020-02-20 13:00:00,NSE:DWARKESH,35.3,35.4,35.2,35.35,45395.0
2020-02-20 14:00:00,NSE:DWARKESH,35.3,35.4,35.1,35.15,59353.0
2020-02-20 15:00:00,NSE:DWARKESH,35.15,35.3,35.05,35.2,102491.0
2020-02-24 09:00:00,NSE:DWARKESH,34.8,34.8,34.15,34.65,268891.0
2020-02-24 10:00:00,NSE:DWARKESH,34.6,34.85,34.55,34.6,39119.0
2020-02-24 11:00:00,NSE:DWARKESH,34.6,34.75,34.55,34.7,15714.0
2020-02-24 12:00:00,NSE:DWARKESH,34.65,34.8,34.5,34.5,73900.0
2020-02-24 13:00:00,NSE:DWARKESH,34.6,34.6,34.15,34.15,87499.0
2020-02-24 14:00:00,NSE:DWARKESH,34.2,34.2,33.7,33.7,158984.0
2020-02-24 15:00:00,NSE:DWARKESH,33.75,34.0,33.5,33.8,101083.0
2020-02-25 09:00:00,NSE:DWARKESH,34.2,34.4,33.3,33.6,145847.0
2020-02-25 10:00:00,NSE:DWARKESH,33.55,34.0,33.5,33.95,81314.0
2020-02-25 11:00:00,NSE:DWARKESH,33.9,34.15,33.85,34.0,69967.0
2020-02-25 12:00:00,NSE:DWARKESH,33.95,34.15,33.6,33.6,67154.0
2020-02-25 13:00:00,NSE:DWARKESH,33.55,33.65,33.2,33.35,92391.0
2020-02-25 14:00:00,NSE:DWARKESH,33.2,33.7,33.2,33.7,54488.0
2020-02-25 15:00:00,NSE:DWARKESH,33.6,33.6,33.3,33.4,83390.0
2020-02-26 09:00:00,NSE:DWARKESH,32.9,33.0,32.5,32.8,118427.0
2020-02-26 10:00:00,NSE:DWARKESH,32.8,33.7,32.5,33.35,225523.0
2020-02-26 11:00:00,NSE:DWARKESH,33.35,33.4,33.05,33.1,73010.0
2020-02-26 12:00:00,NSE:DWARKESH,33.15,33.3,33.1,33.2,22489.0
2020-02-26 13:00:00,NSE:DWARKESH,33.15,33.85,33.15,33.8,86889.0
2020-02-26 14:00:00,NSE:DWARKESH,33.75,34.05,33.0,33.3,239613.0
2020-02-26 15:00:00,NSE:DWARKESH,33.2,33.45,33.1,33.25,108282.0
2020-02-27 09:00:00,NSE:DWARKESH,32.95,32.95,32.25,32.35,188151.0
2020-02-27 10:00:00,NSE:DWARKESH,32.3,32.35,31.55,32.25,294779.0
2020-02-27 11:00:00,NSE:DWARKESH,32.3,32.4,31.7,31.7,79884.0
2020-02-27 12:00:00,NSE:DWARKESH,31.7,32.25,31.65,32.1,72940.0
2020-02-27 13:00:00,NSE:DWARKESH,32.1,32.65,31.85,31.9,117681.0
2020-02-27 14:00:00,NSE:DWARKESH,31.9,32.2,31.75,32.1,70676.0
2020-02-27 15:00:00,NSE:DWARKESH,32.1,32.1,31.6,31.8,133408.0
2020-02-28 09:00:00,NSE:DWARKESH,29.4,29.9,27.8,28.9,462511.0
2020-02-28 10:00:00,NSE:DWARKESH,28.95,29.9,28.8,29.85,403914.0
2020-02-28 11:00:00,NSE:DWARKESH,29.85,30.45,29.6,29.75,153124.0
2020-02-28 12:00:00,NSE:DWARKESH,29.75,29.75,28.95,29.6,171502.0
2020-02-28 13:00:00,NSE:DWARKESH,29.6,29.75,29.3,29.7,64079.0
2020-02-28 14:00:00,NSE:DWARKESH,29.7,29.7,28.7,28.8,196271.0
2020-02-28 15:00:00,NSE:DWARKESH,28.75,28.8,28.0,28.25,241776.0
2020-03-02 09:00:00,NSE:DWARKESH,29.5,29.85,28.4,29.05,280095.0
2020-03-02 10:00:00,NSE:DWARKESH,29.05,29.15,28.75,29.05,118364.0
2020-03-02 11:00:00,NSE:DWARKESH,29.0,29.2,29.0,29.2,44304.0
2020-03-02 12:00:00,NSE:DWARKESH,29.15,29.15,28.8,28.9,77761.0
2020-03-02 13:00:00,NSE:DWARKESH,28.9,29.2,28.85,29.0,48953.0
2020-03-02 14:00:00,NSE:DWARKESH,29.1,29.15,27.65,27.85,244153.0
2020-03-02 15:00:00,NSE:DWARKESH,27.9,27.9,25.5,26.35,473266.0
2020-03-03 09:00:00,NSE:DWARKESH,26.65,28.1,26.6,27.6,292290.0
2020-03-03 10:00:00,NSE:DWARKESH,27.6,27.75,26.65,27.05,297664.0
2020-03-03 11:00:00,NSE:DWARKESH,27.05,27.35,25.8,25.85,272322.0
2020-03-03 12:00:00,NSE:DWARKESH,25.95,26.8,25.9,26.6,218096.0
2020-03-03 13:00:00,NSE:DWARKESH,26.6,26.65,26.0,26.3,277106.0
2020-03-03 14:00:00,NSE:DWARKESH,26.4,26.65,26.2,26.3,191909.0
2020-03-03 15:00:00,NSE:DWARKESH,26.3,26.6,26.0,26.3,164751.0
2020-03-04 09:00:00,NSE:DWARKESH,26.65,26.7,26.0,26.4,193097.0
2020-03-04 10:00:00,NSE:DWARKESH,26.4,26.6,26.1,26.2,125150.0
2020-03-04 11:00:00,NSE:DWARKESH,26.25,26.25,25.7,25.8,86468.0
2020-03-04 12:00:00,NSE:DWARKESH,25.8,25.95,25.4,25.55,114652.0
2020-03-04 13:00:00,NSE:DWARKESH,25.55,25.55,23.5,24.15,492075.0
2020-03-04 14:00:00,NSE:DWARKESH,24.2,25.1,23.9,25.1,310898.0
2020-03-04 15:00:00,NSE:DWARKESH,25.1,25.6,24.85,25.15,210151.0
2020-03-05 09:00:00,NSE:DWARKESH,25.3,25.6,24.8,24.9,184244.0
2020-03-05 10:00:00,NSE:DWARKESH,24.9,25.85,24.75,25.55,196714.0
2020-03-05 11:00:00,NSE:DWARKESH,25.55,25.6,25.1,25.55,115519.0
2020-03-05 12:00:00,NSE:DWARKESH,25.45,26.35,25.45,26.1,214421.0
2020-03-05 13:00:00,NSE:DWARKESH,26.05,26.05,25.6,25.65,137158.0
2020-03-05 14:00:00,NSE:DWARKESH,25.65,25.7,25.3,25.5,140677.0
2020-03-05 15:00:00,NSE:DWARKESH,25.55,25.8,25.5,25.65,134983.0
2020-03-06 09:00:00,NSE:DWARKESH,24.5,24.8,24.1,24.6,130133.0
2020-03-06 10:00:00,NSE:DWARKESH,24.65,25.0,24.5,24.6,80458.0
2020-03-06 11:00:00,NSE:DWARKESH,24.5,24.65,24.5,24.6,56101.0
2020-03-06 12:00:00,NSE:DWARKESH,24.6,24.75,24.5,24.65,73891.0
2020-03-06 13:00:00,NSE:DWARKESH,24.6,24.95,24.6,24.7,49985.0
2020-03-06 14:00:00,NSE:DWARKESH,24.75,24.75,24.6,24.7,78088.0
2020-03-06 15:00:00,NSE:DWARKESH,24.7,24.75,24.5,24.6,76351.0
2020-03-09 09:00:00,NSE:DWARKESH,22.65,23.65,22.45,22.8,206794.0
2020-03-09 10:00:00,NSE:DWARKESH,22.8,23.25,22.6,22.7,144178.0
2020-03-09 11:00:00,NSE:DWARKESH,22.75,22.95,22.6,22.7,93528.0
2020-03-09 12:00:00,NSE:DWARKESH,22.7,22.75,21.25,21.5,202324.0
2020-03-09 13:00:00,NSE:DWARKESH,21.5,21.85,20.45,20.7,335949.0
2020-03-09 14:00:00,NSE:DWARKESH,20.65,21.65,20.65,21.2,309794.0
2020-03-09 15:00:00,NSE:DWARKESH,21.25,21.4,20.8,21.05,207269.0
2020-03-11 09:00:00,NSE:DWARKESH,20.9,21.95,20.6,21.0,366445.0
2020-03-11 10:00:00,NSE:DWARKESH,21.0,21.45,20.05,20.45,271468.0
2020-03-11 11:00:00,NSE:DWARKESH,20.45,20.5,19.55,20.25,386927.0
2020-03-11 12:00:00,NSE:DWARKESH,20.3,20.5,20.05,20.15,91467.0
2020-03-11 13:00:00,NSE:DWARKESH,20.15,21.0,20.15,20.4,217253.0
2020-03-11 14:00:00,NSE:DWARKESH,20.35,21.15,20.3,21.1,156927.0
2020-03-11 15:00:00,NSE:DWARKESH,21.1,21.2,20.7,20.85,106897.0
2020-03-12 09:00:00,NSE:DWARKESH,19.15,19.35,18.8,18.8,578231.0
2020-03-12 10:00:00,NSE:DWARKESH,18.8,18.8,18.8,18.8,48172.0
2020-03-12 11:00:00,NSE:DWARKESH,18.8,18.85,18.8,18.8,197842.0
2020-03-12 12:00:00,NSE:DWARKESH,18.8,19.2,18.8,18.95,181730.0
2020-03-12 13:00:00,NSE:DWARKESH,19.0,19.2,18.8,18.9,381326.0
2020-03-12 14:00:00,NSE:DWARKESH,18.9,18.9,18.8,18.8,14602.0
2020-03-12 15:00:00,NSE:DWARKESH,18.8,18.8,18.8,18.8,20873.0
2020-03-13 09:00:00,NSE:DWARKESH,16.95,17.2,16.95,16.95,122104.0
2020-03-13 10:00:00,NSE:DWARKESH,16.95,19.6,16.95,17.65,440266.0
2020-03-13 11:00:00,NSE:DWARKESH,17.85,19.6,17.55,19.15,185549.0
2020-03-13 12:00:00,NSE:DWARKESH,19.15,20.4,19.05,20.15,135677.0
2020-03-13 13:00:00,NSE:DWARKESH,20.15,20.4,19.3,19.6,167528.0
2020-03-13 14:00:00,NSE:DWARKESH,19.9,19.95,18.85,19.4,123667.0
2020-03-13 15:00:00,NSE:DWARKESH,19.45,20.45,19.1,19.65,192232.0
2020-03-16 09:00:00,NSE:DWARKESH,18.95,19.6,18.4,19.35,184293.0
2020-03-16 10:00:00,NSE:DWARKESH,19.4,19.4,18.65,19.0,194143.0
2020-03-16 11:00:00,NSE:DWARKESH,18.95,19.0,17.7,17.95,650745.0
2020-03-16 12:00:00,NSE:DWARKESH,17.95,18.2,17.75,18.05,111497.0
2020-03-16 13:00:00,NSE:DWARKESH,18.05,18.15,17.9,18.1,79332.0
2020-03-16 14:00:00,NSE:DWARKESH,18.1,18.3,17.9,18.15,444905.0
2020-03-16 15:00:00,NSE:DWARKESH,18.1,18.3,18.0,18.05,99775.0
2020-03-17 09:00:00,NSE:DWARKESH,18.3,18.85,17.95,18.8,250002.0
2020-03-17 10:00:00,NSE:DWARKESH,18.7,19.0,18.55,18.95,121491.0
2020-03-17 11:00:00,NSE:DWARKESH,18.95,18.95,18.4,18.55,148139.0
2020-03-17 12:00:00,NSE:DWARKESH,18.55,19.85,18.45,19.55,320459.0
2020-03-17 13:00:00,NSE:DWARKESH,19.55,19.85,19.5,19.85,306515.0
2020-03-17 14:00:00,NSE:DWARKESH,19.85,19.85,19.15,19.2,174237.0
2020-03-17 15:00:00,NSE:DWARKESH,19.2,19.3,18.5,18.85,200604.0
2020-03-18 09:00:00,NSE:DWARKESH,18.75,19.75,18.55,18.8,135602.0
2020-03-18 10:00:00,NSE:DWARKESH,18.8,19.2,18.7,18.8,111873.0
2020-03-18 11:00:00,NSE:DWARKESH,18.8,18.8,17.3,17.45,279213.0
2020-03-18 12:00:00,NSE:DWARKESH,17.4,17.5,17.0,17.0,1746743.0
2020-03-18 13:00:00,NSE:DWARKESH,17.0,17.0,17.0,17.0,59479.0
2020-03-18 14:00:00,NSE:DWARKESH,17.0,17.2,17.0,17.0,410519.0
2020-03-18 15:00:00,NSE:DWARKESH,17.0,17.6,17.0,17.55,495492.0
2020-03-19 09:00:00,NSE:DWARKESH,16.7,16.7,15.5,16.25,201869.0
2020-03-19 10:00:00,NSE:DWARKESH,16.25,16.3,15.5,16.0,239084.0
2020-03-19 11:00:00,NSE:DWARKESH,15.95,17.4,15.95,16.45,243158.0
2020-03-19 12:00:00,NSE:DWARKESH,16.45,16.9,16.3,16.9,75647.0
2020-03-19 13:00:00,NSE:DWARKESH,16.85,16.9,16.25,16.8,76075.0
2020-03-19 14:00:00,NSE:DWARKESH,16.85,17.0,16.5,16.55,67799.0
2020-03-19 15:00:00,NSE:DWARKESH,16.65,16.7,16.2,16.45,85298.0
2020-03-20 09:00:00,NSE:DWARKESH,16.5,17.8,16.5,17.0,147071.0
2020-03-20 10:00:00,NSE:DWARKESH,17.0,17.4,16.75,16.85,71964.0
2020-03-20 11:00:00,NSE:DWARKESH,16.85,17.2,16.7,17.15,40408.0
2020-03-20 12:00:00,NSE:DWARKESH,17.25,17.55,16.75,17.3,141744.0
2020-03-20 13:00:00,NSE:DWARKESH,17.3,17.7,16.85,17.05,185222.0
2020-03-20 14:00:00,NSE:DWARKESH,17.0,17.1,16.75,16.95,114588.0
2020-03-20 15:00:00,NSE:DWARKESH,16.95,17.0,16.55,17.0,104302.0
2020-03-23 09:00:00,NSE:DWARKESH,15.3,15.95,15.25,15.3,198698.0
2020-03-23 10:00:00,NSE:DWARKESH,15.8,15.8,15.25,15.25,205584.0
2020-03-23 11:00:00,NSE:DWARKESH,15.75,15.75,15.25,15.25,104697.0
2020-03-23 12:00:00,NSE:DWARKESH,15.25,15.25,15.25,15.25,90451.0
2020-03-23 13:00:00,NSE:DWARKESH,15.25,15.25,15.25,15.25,29805.0
2020-03-23 14:00:00,NSE:DWARKESH,15.25,15.25,15.25,15.25,29285.0
2020-03-23 15:00:00,NSE:DWARKESH,15.25,15.25,15.25,15.25,12085.0
2020-03-24 09:00:00,NSE:DWARKESH,15.65,15.9,13.75,13.9,154039.0
2020-03-24 10:00:00,NSE:DWARKESH,13.9,14.0,13.75,13.75,192590.0
2020-03-24 11:00:00,NSE:DWARKESH,13.75,13.85,13.75,13.75,220725.0
2020-03-24 12:00:00,NSE:DWARKESH,13.75,14.85,13.75,14.15,104029.0
2020-03-24 13:00:00,NSE:DWARKESH,14.1,14.9,13.85,14.55,109814.0
2020-03-24 14:00:00,NSE:DWARKESH,14.4,14.55,13.85,14.3,58468.0
2020-03-24 15:00:00,NSE:DWARKESH,14.2,14.45,13.9,14.05,96622.0
2020-03-25 09:00:00,NSE:DWARKESH,13.65,14.5,13.5,13.6,56483.0
2020-03-25 10:00:00,NSE:DWARKESH,13.6,13.6,13.35,13.4,118687.0
2020-03-25 11:00:00,NSE:DWARKESH,13.4,13.4,13.35,13.35,137841.0
2020-03-25 12:00:00,NSE:DWARKESH,13.35,13.6,13.35,13.55,161442.0
2020-03-25 13:00:00,NSE:DWARKESH,13.55,13.8,13.4,13.5,161695.0
2020-03-25 14:00:00,NSE:DWARKESH,13.4,13.85,13.35,13.4,248509.0
2020-03-25 15:00:00,NSE:DWARKESH,13.45,13.9,13.45,13.7,60483.0
2020-03-26 09:00:00,NSE:DWARKESH,14.0,14.35,13.5,14.35,186113.0
2020-03-26 10:00:00,NSE:DWARKESH,14.35,14.35,13.5,14.35,189949.0
2020-03-26 11:00:00,NSE:DWARKESH,14.35,14.35,14.35,14.35,35189.0
2020-03-26 12:00:00,NSE:DWARKESH,14.35,14.35,14.35,14.35,5109.0
2020-03-26 13:00:00,NSE:DWARKESH,14.35,14.35,14.35,14.35,28247.0
2020-03-26 14:00:00,NSE:DWARKESH,14.35,14.35,14.35,14.35,102704.0
2020-03-26 15:00:00,NSE:DWARKESH,14.35,14.35,14.35,14.35,3521.0
2020-03-27 09:00:00,NSE:DWARKESH,15.05,15.05,15.05,15.05,63424.0
2020-03-27 10:00:00,NSE:DWARKESH,15.05,15.05,15.05,15.05,28018.0
2020-03-27 11:00:00,NSE:DWARKESH,15.05,15.05,15.05,15.05,27785.0
2020-03-27 12:00:00,NSE:DWARKESH,15.05,15.05,15.05,15.05,12874.0
2020-03-27 13:00:00,NSE:DWARKESH,15.05,15.05,15.05,15.05,181515.0
2020-03-27 14:00:00,NSE:DWARKESH,15.05,15.05,15.05,15.05,65563.0
2020-03-27 15:00:00,NSE:DWARKESH,15.05,15.05,15.05,15.05,17692.0
2020-03-30 09:00:00,NSE:DWARKESH,15.8,15.8,15.35,15.8,176873.0
2020-03-30 10:00:00,NSE:DWARKESH,15.8,15.8,15.8,15.8,10062.0
2020-03-30 11:00:00,NSE:DWARKESH,15.8,15.8,15.8,15.8,2732.0
2020-03-30 12:00:00,NSE:DWARKESH,15.8,15.8,15.8,15.8,14266.0
2020-03-30 13:00:00,NSE:DWARKESH,15.8,15.8,15.8,15.8,2615.0
2020-03-30 14:00:00,NSE:DWARKESH,15.8,15.8,15.8,15.8,8772.0
2020-03-30 15:00:00,NSE:DWARKESH,15.8,15.8,15.8,15.8,9034.0
2020-03-31 09:00:00,NSE:DWARKESH,16.55,16.55,16.55,16.55,40329.0
2020-03-31 10:00:00,NSE:DWARKESH,16.55,16.55,16.55,16.55,5100.0
2020-03-31 11:00:00,NSE:DWARKESH,16.55,16.55,16.55,16.55,2170.0
2020-03-31 12:00:00,NSE:DWARKESH,16.55,16.55,16.55,16.55,1655.0
2020-03-31 13:00:00,NSE:DWARKESH,16.55,16.55,16.55,16.55,2558.0
2020-03-31 14:00:00,NSE:DWARKESH,16.55,16.55,16.55,16.55,460.0
2020-03-31 15:00:00,NSE:DWARKESH,16.55,16.55,16.55,16.55,11337.0
2020-04-01 09:00:00,NSE:DWARKESH,17.35,17.35,17.35,17.35,25760.0
2020-04-01 10:00:00,NSE:DWARKESH,17.35,17.35,17.35,17.35,3713.0
2020-04-01 11:00:00,NSE:DWARKESH,17.35,17.35,17.35,17.35,4776.0
2020-04-01 12:00:00,NSE:DWARKESH,17.35,17.35,17.35,17.35,1219.0
2020-04-01 13:00:00,NSE:DWARKESH,17.35,17.35,17.35,17.35,2865.0
2020-04-01 14:00:00,NSE:DWARKESH,17.35,17.35,17.35,17.35,4548.0
2020-04-01 15:00:00,NSE:DWARKESH,17.35,17.35,17.35,17.35,383.0
2020-04-03 09:00:00,NSE:DWARKESH,18.2,18.2,16.7,17.65,1498539.0
2020-04-03 10:00:00,NSE:DWARKESH,17.65,17.9,17.25,17.65,335358.0
2020-04-03 11:00:00,NSE:DWARKESH,17.65,17.95,17.6,17.95,117578.0
2020-04-03 12:00:00,NSE:DWARKESH,17.95,18.2,17.85,18.2,211193.0
2020-04-03 13:00:00,NSE:DWARKESH,18.15,18.2,18.15,18.2,104143.0
2020-04-03 14:00:00,NSE:DWARKESH,18.2,18.2,17.95,18.2,115782.0
2020-04-03 15:00:00,NSE:DWARKESH,18.2,18.2,18.15,18.2,51835.0
2020-04-07 09:00:00,NSE:DWARKESH,19.1,19.1,19.1,19.1,130709.0
2020-04-07 10:00:00,NSE:DWARKESH,19.1,19.1,19.1,19.1,17547.0
2020-04-07 11:00:00,NSE:DWARKESH,19.1,19.1,19.1,19.1,14092.0
2020-04-07 12:00:00,NSE:DWARKESH,19.1,19.1,19.1,19.1,1886.0
2020-04-07 13:00:00,NSE:DWARKESH,19.1,19.1,19.1,19.1,1375.0
2020-04-07 14:00:00,NSE:DWARKESH,19.1,19.1,19.1,19.1,1792.0
2020-04-07 15:00:00,NSE:DWARKESH,19.1,19.1,19.1,19.1,1666.0
2020-04-08 09:00:00,NSE:DWARKESH,19.95,20.05,19.5,20.05,303654.0
2020-04-08 10:00:00,NSE:DWARKESH,20.05,20.05,20.05,20.05,15859.0
2020-04-08 11:00:00,NSE:DWARKESH,20.05,20.05,20.05,20.05,13626.0
2020-04-08 12:00:00,NSE:DWARKESH,20.05,20.05,20.05,20.05,58244.0
2020-04-08 13:00:00,NSE:DWARKESH,20.05,20.05,20.05,20.05,110995.0
2020-04-08 14:00:00,NSE:DWARKESH,20.05,20.05,20.05,20.05,29704.0
2020-04-08 15:00:00,NSE:DWARKESH,20.05,20.05,20.05,20.05,11000.0
2020-04-09 09:00:00,NSE:DWARKESH,21.05,21.05,21.05,21.05,60203.0
2020-04-09 10:00:00,NSE:DWARKESH,21.05,21.05,21.05,21.05,16951.0
2020-04-09 11:00:00,NSE:DWARKESH,21.05,21.05,21.05,21.05,11997.0
2020-04-09 12:00:00,NSE:DWARKESH,21.05,21.05,21.05,21.05,6130.0
2020-04-09 13:00:00,NSE:DWARKESH,21.05,21.05,21.05,21.05,23339.0
2020-04-09 14:00:00,NSE:DWARKESH,21.05,21.05,21.05,21.05,28127.0
2020-04-09 15:00:00,NSE:DWARKESH,21.05,21.05,21.05,21.05,3436.0
2020-04-13 09:00:00,NSE:DWARKESH,22.1,22.1,20.0,20.0,259507.0
2020-04-13 10:00:00,NSE:DWARKESH,20.0,20.0,20.0,20.0,52029.0
2020-04-13 11:00:00,NSE:DWARKESH,20.0,20.0,20.0,20.0,39918.0
2020-04-13 12:00:00,NSE:DWARKESH,20.0,20.0,20.0,20.0,101001.0
2020-04-13 13:00:00,NSE:DWARKESH,20.0,20.0,20.0,20.0,38741.0
2020-04-13 14:00:00,NSE:DWARKESH,20.0,20.0,20.0,20.0,8749.0
2020-04-13 15:00:00,NSE:DWARKESH,20.0,20.0,20.0,20.0,53043.0
2020-04-15 09:00:00,NSE:DWARKESH,19.1,20.5,19.0,20.05,351601.0
2020-04-15 10:00:00,NSE:DWARKESH,20.0,20.2,19.2,19.75,133876.0
2020-04-15 11:00:00,NSE:DWARKESH,19.75,20.5,19.55,20.1,131356.0
2020-04-15 12:00:00,NSE:DWARKESH,20.05,20.5,20.0,20.45,45555.0
2020-04-15 13:00:00,NSE:DWARKESH,20.4,20.5,19.55,19.7,105398.0
2020-04-15 14:00:00,NSE:DWARKESH,19.7,19.9,19.2,19.45,85052.0
2020-04-15 15:00:00,NSE:DWARKESH,19.45,19.6,19.3,19.45,37395.0
2020-04-16 09:00:00,NSE:DWARKESH,19.4,20.0,18.8,19.5,127149.0
2020-04-16 10:00:00,NSE:DWARKESH,19.45,19.9,19.2,19.25,59182.0
2020-04-16 11:00:00,NSE:DWARKESH,19.45,19.65,19.0,19.25,70827.0
2020-04-16 12:00:00,NSE:DWARKESH,19.25,19.7,19.15,19.35,70715.0
2020-04-16 13:00:00,NSE:DWARKESH,19.35,19.45,18.95,19.0,132053.0
2020-04-16 14:00:00,NSE:DWARKESH,19.05,19.25,18.85,19.2,53298.0
2020-04-16 15:00:00,NSE:DWARKESH,19.15,19.25,19.1,19.15,45841.0
2020-04-17 09:00:00,NSE:DWARKESH,20.1,20.1,19.5,19.7,97280.0
2020-04-17 10:00:00,NSE:DWARKESH,19.8,19.9,19.55,19.55,68255.0
2020-04-17 11:00:00,NSE:DWARKESH,19.55,19.7,19.0,19.2,130966.0
2020-04-17 12:00:00,NSE:DWARKESH,19.2,19.3,19.0,19.1,46776.0
2020-04-17 13:00:00,NSE:DWARKESH,19.1,19.6,19.1,19.55,40244.0
2020-04-17 14:00:00,NSE:DWARKESH,19.55,19.7,19.3,19.7,78591.0
2020-04-17 15:00:00,NSE:DWARKESH,19.7,19.75,19.0,19.35,175093.0
2020-04-20 09:00:00,NSE:DWARKESH,20.1,20.1,18.9,19.15,152260.0
2020-04-20 10:00:00,NSE:DWARKESH,19.1,19.35,19.0,19.35,45363.0
2020-04-20 11:00:00,NSE:DWARKESH,19.35,19.4,19.2,19.35,35702.0
2020-04-20 12:00:00,NSE:DWARKESH,19.3,19.4,19.05,19.1,59832.0
2020-04-20 13:00:00,NSE:DWARKESH,19.2,19.2,18.8,19.05,119251.0
2020-04-20 14:00:00,NSE:DWARKESH,19.1,19.15,18.8,19.0,197717.0
2020-04-20 15:00:00,NSE:DWARKESH,18.9,19.0,18.5,18.7,211074.0
2020-04-21 09:00:00,NSE:DWARKESH,19.25,19.6,18.7,18.85,356984.0
2020-04-21 10:00:00,NSE:DWARKESH,18.8,19.0,18.75,18.85,112614.0
2020-04-21 11:00:00,NSE:DWARKESH,18.85,18.9,18.5,18.65,105458.0
2020-04-21 12:00:00,NSE:DWARKESH,18.6,18.7,18.35,18.4,128458.0
2020-04-21 13:00:00,NSE:DWARKESH,18.4,18.7,18.4,18.5,85169.0
2020-04-21 14:00:00,NSE:DWARKESH,18.55,18.8,18.45,18.65,68234.0
2020-04-21 15:00:00,NSE:DWARKESH,18.65,18.65,18.25,18.45,137709.0
2020-04-22 09:00:00,NSE:DWARKESH,18.3,18.4,17.9,18.15,71269.0
2020-04-22 10:00:00,NSE:DWARKESH,18.15,18.9,18.0,18.55,385905.0
2020-04-22 11:00:00,NSE:DWARKESH,18.65,18.9,18.5,18.5,70466.0
2020-04-22 12:00:00,NSE:DWARKESH,18.5,18.65,18.45,18.65,31358.0
2020-04-22 13:00:00,NSE:DWARKESH,18.6,18.75,18.45,18.6,42838.0
2020-04-22 14:00:00,NSE:DWARKESH,18.6,18.6,18.35,18.4,76112.0
2020-04-22 15:00:00,NSE:DWARKESH,18.45,18.8,18.35,18.5,63115.0
2020-04-23 09:00:00,NSE:DWARKESH,18.5,18.7,18.4,18.5,48842.0
2020-04-23 10:00:00,NSE:DWARKESH,18.55,18.55,18.4,18.5,64144.0
2020-04-23 11:00:00,NSE:DWARKESH,18.5,18.55,18.4,18.45,30474.0
2020-04-23 12:00:00,NSE:DWARKESH,18.45,18.45,18.35,18.4,16376.0
2020-04-23 13:00:00,NSE:DWARKESH,18.4,18.45,18.35,18.35,13754.0
2020-04-23 14:00:00,NSE:DWARKESH,18.4,18.45,18.3,18.35,19655.0
2020-04-23 15:00:00,NSE:DWARKESH,18.4,18.45,18.05,18.2,81839.0
2020-04-24 09:00:00,NSE:DWARKESH,18.0,18.15,17.7,18.0,61982.0
2020-04-24 10:00:00,NSE:DWARKESH,18.0,18.1,17.7,17.75,87763.0
2020-04-24 11:00:00,NSE:DWARKESH,17.85,17.85,17.5,17.75,80498.0
2020-04-24 12:00:00,NSE:DWARKESH,17.7,18.0,17.6,17.75,57143.0
2020-04-24 13:00:00,NSE:DWARKESH,17.75,17.85,17.5,17.55,107416.0
2020-04-24 14:00:00,NSE:DWARKESH,17.55,17.6,17.4,17.55,70220.0
2020-04-24 15:00:00,NSE:DWARKESH,17.55,17.6,17.4,17.45,63015.0
2020-04-27 09:00:00,NSE:DWARKESH,17.95,18.3,17.95,18.3,94421.0
2020-04-27 10:00:00,NSE:DWARKESH,18.3,18.3,18.3,18.3,9522.0
2020-04-27 11:00:00,NSE:DWARKESH,18.3,18.3,18.3,18.3,14867.0
2020-04-27 12:00:00,NSE:DWARKESH,18.3,18.3,18.3,18.3,2159.0
2020-04-27 13:00:00,NSE:DWARKESH,18.3,18.3,18.3,18.3,8667.0
2020-04-27 14:00:00,NSE:DWARKESH,18.3,18.3,18.3,18.3,4936.0
2020-04-27 15:00:00,NSE:DWARKESH,18.3,18.3,18.3,18.3,4551.0
2020-04-28 09:00:00,NSE:DWARKESH,19.15,19.2,17.55,18.1,294939.0
2020-04-28 10:00:00,NSE:DWARKESH,18.05,18.35,17.95,18.3,67158.0
2020-04-28 11:00:00,NSE:DWARKESH,18.25,18.35,18.0,18.05,57902.0
2020-04-28 12:00:00,NSE:DWARKESH,18.0,18.1,17.75,18.05,51826.0
2020-04-28 13:00:00,NSE:DWARKESH,18.05,18.25,17.95,18.1,31595.0
2020-04-28 14:00:00,NSE:DWARKESH,18.2,18.3,18.05,18.1,23419.0
2020-04-28 15:00:00,NSE:DWARKESH,18.2,18.4,18.0,18.2,50850.0
2020-04-29 09:00:00,NSE:DWARKESH,18.4,18.4,17.8,18.1,90947.0
2020-04-29 10:00:00,NSE:DWARKESH,18.15,18.35,17.85,18.35,118243.0
2020-04-29 11:00:00,NSE:DWARKESH,18.3,18.7,18.25,18.65,139975.0
2020-04-29 12:00:00,NSE:DWARKESH,18.6,18.7,18.25,18.35,42734.0
2020-04-29 13:00:00,NSE:DWARKESH,18.35,18.55,18.3,18.5,31613.0
2020-04-29 14:00:00,NSE:DWARKESH,18.4,18.55,18.35,18.5,28928.0
2020-04-29 15:00:00,NSE:DWARKESH,18.5,18.5,18.3,18.4,56164.0
2020-04-30 09:00:00,NSE:DWARKESH,18.55,18.75,18.1,18.45,140062.0
2020-04-30 10:00:00,NSE:DWARKESH,18.4,18.65,18.25,18.6,178946.0
2020-04-30 11:00:00,NSE:DWARKESH,18.55,18.65,18.25,18.45,64390.0
2020-04-30 12:00:00,NSE:DWARKESH,18.45,18.5,18.3,18.4,58404.0
2020-04-30 13:00:00,NSE:DWARKESH,18.4,18.4,18.1,18.15,77361.0
2020-04-30 14:00:00,NSE:DWARKESH,18.15,18.25,18.1,18.1,56494.0
2020-04-30 15:00:00,NSE:DWARKESH,18.1,18.35,18.1,18.2,48704.0
2020-05-04 09:00:00,NSE:DWARKESH,17.95,18.0,17.45,17.6,109323.0
2020-05-04 10:00:00,NSE:DWARKESH,17.6,17.65,17.35,17.55,51095.0
2020-05-04 11:00:00,NSE:DWARKESH,17.65,17.75,17.45,17.75,20652.0
2020-05-04 12:00:00,NSE:DWARKESH,17.75,18.5,17.65,18.15,143525.0
2020-05-04 13:00:00,NSE:DWARKESH,18.15,18.2,18.0,18.05,15039.0
2020-05-04 14:00:00,NSE:DWARKESH,18.1,18.1,17.6,17.75,33741.0
2020-05-04 15:00:00,NSE:DWARKESH,17.7,17.9,17.6,17.9,32251.0
2020-05-05 09:00:00,NSE:DWARKESH,18.0,18.1,17.55,17.55,63684.0
2020-05-05 10:00:00,NSE:DWARKESH,17.65,17.7,17.35,17.55,90192.0
2020-05-05 11:00:00,NSE:DWARKESH,17.5,17.7,17.4,17.55,33474.0
2020-05-05 12:00:00,NSE:DWARKESH,17.55,17.55,17.4,17.5,27723.0
2020-05-05 13:00:00,NSE:DWARKESH,17.45,17.6,17.4,17.55,17560.0
2020-05-05 14:00:00,NSE:DWARKESH,17.5,17.55,17.25,17.25,44248.0
2020-05-05 15:00:00,NSE:DWARKESH,17.35,17.35,17.05,17.2,45058.0
2020-05-06 09:00:00,NSE:DWARKESH,17.3,17.5,17.15,17.35,95116.0
2020-05-06 10:00:00,NSE:DWARKESH,17.5,17.95,17.4,17.7,114827.0
2020-05-06 11:00:00,NSE:DWARKESH,17.75,17.75,17.5,17.55,13574.0
2020-05-06 12:00:00,NSE:DWARKESH,17.65,18.05,17.45,18.05,179728.0
2020-05-06 13:00:00,NSE:DWARKESH,18.05,18.05,18.05,18.05,12927.0
2020-05-06 14:00:00,NSE:DWARKESH,18.05,18.05,18.05,18.05,5609.0
2020-05-06 15:00:00,NSE:DWARKESH,18.05,18.05,18.05,18.05,4259.0
2020-05-07 09:00:00,NSE:DWARKESH,18.4,18.6,18.1,18.25,168426.0
2020-05-07 10:00:00,NSE:DWARKESH,18.25,18.25,17.4,17.4,186728.0
2020-05-07 11:00:00,NSE:DWARKESH,17.45,17.55,17.2,17.5,116147.0
2020-05-07 12:00:00,NSE:DWARKESH,17.5,17.5,17.35,17.45,32231.0
2020-05-07 13:00:00,NSE:DWARKESH,17.45,18.0,17.45,17.8,90628.0
2020-05-07 14:00:00,NSE:DWARKESH,17.8,17.85,17.5,17.6,36501.0
2020-05-07 15:00:00,NSE:DWARKESH,17.55,17.7,17.5,17.6,56358.0
2020-05-08 09:00:00,NSE:DWARKESH,17.85,17.95,17.65,17.8,27006.0
2020-05-08 10:00:00,NSE:DWARKESH,17.85,17.9,17.35,17.6,28691.0
2020-05-08 11:00:00,NSE:DWARKESH,17.55,17.85,17.35,17.55,61516.0
2020-05-08 12:00:00,NSE:DWARKESH,17.55,17.6,17.1,17.3,65013.0
2020-05-08 13:00:00,NSE:DWARKESH,17.25,17.35,17.15,17.2,42670.0
2020-05-08 14:00:00,NSE:DWARKESH,17.2,17.25,17.1,17.15,34887.0
2020-05-08 15:00:00,NSE:DWARKESH,17.15,17.2,17.1,17.15,48393.0
2020-05-11 09:00:00,NSE:DWARKESH,17.7,17.7,16.9,17.0,70331.0
2020-05-11 10:00:00,NSE:DWARKESH,17.0,17.25,16.9,17.0,82839.0
2020-05-11 11:00:00,NSE:DWARKESH,17.0,17.05,16.95,17.0,28726.0
2020-05-11 12:00:00,NSE:DWARKESH,17.0,17.0,16.75,16.95,42738.0
2020-05-11 13:00:00,NSE:DWARKESH,16.95,17.1,16.9,17.0,24573.0
2020-05-11 14:00:00,NSE:DWARKESH,17.0,17.3,16.95,17.05,102136.0
2020-05-11 15:00:00,NSE:DWARKESH,17.05,17.15,16.95,17.05,33735.0
2020-05-12 09:00:00,NSE:DWARKESH,17.15,17.15,16.75,16.9,37262.0
2020-05-12 10:00:00,NSE:DWARKESH,16.9,16.95,16.75,16.85,21663.0
2020-05-12 11:00:00,NSE:DWARKESH,16.8,16.95,16.8,16.9,11217.0
2020-05-12 12:00:00,NSE:DWARKESH,16.85,17.0,16.8,16.9,22341.0
2020-05-12 13:00:00,NSE:DWARKESH,16.9,17.0,16.9,17.0,38113.0
2020-05-12 14:00:00,NSE:DWARKESH,17.0,17.25,16.95,17.25,49397.0
2020-05-12 15:00:00,NSE:DWARKESH,17.25,17.25,16.9,17.05,75904.0
2020-05-13 09:00:00,NSE:DWARKESH,17.6,17.7,17.05,17.2,113363.0
2020-05-13 10:00:00,NSE:DWARKESH,17.2,17.55,17.1,17.45,79372.0
2020-05-13 11:00:00,NSE:DWARKESH,17.45,17.7,17.4,17.65,45543.0
2020-05-13 12:00:00,NSE:DWARKESH,17.7,17.7,17.45,17.55,55570.0
2020-05-13 13:00:00,NSE:DWARKESH,17.55,17.55,17.45,17.45,19934.0
2020-05-13 14:00:00,NSE:DWARKESH,17.45,17.55,17.4,17.45,18183.0
2020-05-13 15:00:00,NSE:DWARKESH,17.5,17.9,17.4,17.7,82327.0
2020-05-14 09:00:00,NSE:DWARKESH,17.2,17.6,17.2,17.5,36789.0
2020-05-14 10:00:00,NSE:DWARKESH,17.5,17.75,17.4,17.55,32352.0
2020-05-14 11:00:00,NSE:DWARKESH,17.5,17.65,17.45,17.55,18813.0
2020-05-14 12:00:00,NSE:DWARKESH,17.45,17.55,17.3,17.5,26465.0
2020-05-14 13:00:00,NSE:DWARKESH,17.5,17.55,17.3,17.4,24613.0
2020-05-14 14:00:00,NSE:DWARKESH,17.4,17.55,17.3,17.5,25038.0
2020-05-14 15:00:00,NSE:DWARKESH,17.5,17.6,17.45,17.5,35158.0
2020-05-15 09:00:00,NSE:DWARKESH,17.25,17.65,17.25,17.4,46953.0
2020-05-15 10:00:00,NSE:DWARKESH,17.4,17.45,17.25,17.3,27912.0
2020-05-15 11:00:00,NSE:DWARKESH,17.3,17.35,17.25,17.3,7142.0
2020-05-15 12:00:00,NSE:DWARKESH,17.35,17.45,17.25,17.35,34136.0
2020-05-15 13:00:00,NSE:DWARKESH,17.35,17.4,17.3,17.35,11280.0
2020-05-15 14:00:00,NSE:DWARKESH,17.35,17.5,17.3,17.4,36762.0
2020-05-15 15:00:00,NSE:DWARKESH,17.4,17.5,17.4,17.45,23872.0
2020-05-18 09:00:00,NSE:DWARKESH,17.65,17.65,17.1,17.15,91393.0
2020-05-18 10:00:00,NSE:DWARKESH,17.15,17.2,16.65,16.7,173519.0
2020-05-18 11:00:00,NSE:DWARKESH,16.65,16.7,16.6,16.65,111130.0
2020-05-18 12:00:00,NSE:DWARKESH,16.65,16.9,16.6,16.65,79372.0
2020-05-18 13:00:00,NSE:DWARKESH,16.7,16.8,16.7,16.7,36571.0
2020-05-18 14:00:00,NSE:DWARKESH,16.7,16.8,16.65,16.75,23462.0
2020-05-18 15:00:00,NSE:DWARKESH,16.75,16.75,16.6,16.65,28105.0
2020-05-19 09:00:00,NSE:DWARKESH,16.65,17.0,16.5,16.85,64535.0
2020-05-19 10:00:00,NSE:DWARKESH,16.85,16.9,16.7,16.85,72615.0
2020-05-19 11:00:00,NSE:DWARKESH,16.85,16.85,16.7,16.75,8503.0
2020-05-19 12:00:00,NSE:DWARKESH,16.75,16.8,16.75,16.8,4344.0
2020-05-19 13:00:00,NSE:DWARKESH,16.75,16.8,16.65,16.65,24863.0
2020-05-19 14:00:00,NSE:DWARKESH,16.65,16.75,16.55,16.55,23851.0
2020-05-19 15:00:00,NSE:DWARKESH,16.6,16.75,16.55,16.6,29918.0
2020-05-20 09:00:00,NSE:DWARKESH,16.6,16.85,16.25,16.8,30615.0
2020-05-20 10:00:00,NSE:DWARKESH,16.85,16.85,16.55,16.7,45273.0
2020-05-20 11:00:00,NSE:DWARKESH,16.7,16.85,16.65,16.75,19906.0
2020-05-20 12:00:00,NSE:DWARKESH,16.7,16.8,16.65,16.75,12598.0
2020-05-20 13:00:00,NSE:DWARKESH,16.75,16.8,16.7,16.75,7005.0
2020-05-20 14:00:00,NSE:DWARKESH,16.8,16.8,16.7,16.75,10756.0
2020-05-20 15:00:00,NSE:DWARKESH,16.75,17.3,16.7,17.05,133985.0
2020-05-21 09:00:00,NSE:DWARKESH,16.95,17.9,16.75,17.85,253483.0
2020-05-21 10:00:00,NSE:DWARKESH,17.75,17.9,17.75,17.9,148884.0
2020-05-21 11:00:00,NSE:DWARKESH,17.9,17.9,17.7,17.75,67283.0
2020-05-21 12:00:00,NSE:DWARKESH,17.75,17.9,17.75,17.9,97933.0
2020-05-21 13:00:00,NSE:DWARKESH,17.9,17.9,17.9,17.9,3532.0
2020-05-21 14:00:00,NSE:DWARKESH,17.9,17.9,17.85,17.9,89795.0
2020-05-21 15:00:00,NSE:DWARKESH,17.9,17.9,17.9,17.9,6601.0
2020-05-22 09:00:00,NSE:DWARKESH,18.15,18.5,17.75,18.35,227771.0
2020-05-22 10:00:00,NSE:DWARKESH,18.4,18.5,17.8,17.8,144820.0
2020-05-22 11:00:00,NSE:DWARKESH,17.85,17.95,17.6,17.9,83669.0
2020-05-22 12:00:00,NSE:DWARKESH,17.9,18.0,17.7,17.8,49308.0
2020-05-22 13:00:00,NSE:DWARKESH,17.8,17.9,17.6,17.75,49792.0
2020-05-22 14:00:00,NSE:DWARKESH,17.65,17.85,17.65,17.85,27800.0
2020-05-22 15:00:00,NSE:DWARKESH,17.95,18.75,17.9,18.55,338754.0
2020-05-26 09:00:00,NSE:DWARKESH,18.75,18.95,18.35,18.4,205043.0
2020-05-26 10:00:00,NSE:DWARKESH,18.4,18.6,18.2,18.55,51751.0
2020-05-26 11:00:00,NSE:DWARKESH,18.5,18.55,18.35,18.4,22032.0
2020-05-26 12:00:00,NSE:DWARKESH,18.35,18.6,18.25,18.55,79903.0
2020-05-26 13:00:00,NSE:DWARKESH,18.5,18.55,18.25,18.35,62021.0
2020-05-26 14:00:00,NSE:DWARKESH,18.35,18.6,18.15,18.6,38936.0
2020-05-26 15:00:00,NSE:DWARKESH,18.55,18.6,18.35,18.4,28511.0
2020-05-27 09:00:00,NSE:DWARKESH,18.8,18.9,18.45,18.6,143782.0
2020-05-27 10:00:00,NSE:DWARKESH,18.6,18.65,18.4,18.5,156874.0
2020-05-27 11:00:00,NSE:DWARKESH,18.5,18.55,18.45,18.55,39743.0
2020-05-27 12:00:00,NSE:DWARKESH,18.55,18.6,18.35,18.4,44641.0
2020-05-27 13:00:00,NSE:DWARKESH,18.4,19.4,18.4,19.1,1314241.0
2020-05-27 14:00:00,NSE:DWARKESH,19.15,19.35,18.75,19.0,444674.0
2020-05-27 15:00:00,NSE:DWARKESH,19.0,19.05,18.75,18.85,163691.0
2020-05-28 09:00:00,NSE:DWARKESH,19.0,19.0,18.55,18.8,142568.0
2020-05-28 10:00:00,NSE:DWARKESH,18.8,18.85,18.6,18.7,70822.0
2020-05-28 11:00:00,NSE:DWARKESH,18.7,18.7,18.4,18.5,185306.0
2020-05-28 12:00:00,NSE:DWARKESH,18.45,18.5,18.0,18.1,235370.0
2020-05-28 13:00:00,NSE:DWARKESH,18.1,18.2,17.95,18.15,124736.0
2020-05-28 14:00:00,NSE:DWARKESH,18.15,18.15,17.95,18.05,81213.0
2020-05-28 15:00:00,NSE:DWARKESH,18.0,18.1,17.95,18.0,195356.0
2020-05-29 09:00:00,NSE:DWARKESH,18.0,18.0,17.5,17.7,83680.0
2020-05-29 10:00:00,NSE:DWARKESH,17.7,18.05,17.7,17.9,144199.0
2020-05-29 11:00:00,NSE:DWARKESH,17.9,18.0,17.85,17.85,25481.0
2020-05-29 12:00:00,NSE:DWARKESH,17.85,17.9,17.8,17.85,17474.0
2020-05-29 13:00:00,NSE:DWARKESH,17.85,17.95,17.75,17.9,72511.0
2020-05-29 14:00:00,NSE:DWARKESH,17.9,17.95,17.75,17.9,65046.0
2020-05-29 15:00:00,NSE:DWARKESH,17.85,17.95,17.65,17.95,166763.0
2020-06-01 09:00:00,NSE:DWARKESH,18.1,18.25,17.6,17.7,230890.0
2020-06-01 10:00:00,NSE:DWARKESH,17.7,18.65,17.7,18.65,725995.0
2020-06-01 11:00:00,NSE:DWARKESH,18.65,18.65,18.15,18.5,357825.0
2020-06-01 12:00:00,NSE:DWARKESH,18.55,18.65,18.55,18.65,88085.0
2020-06-01 13:00:00,NSE:DWARKESH,18.65,18.65,18.4,18.4,203770.0
2020-06-01 14:00:00,NSE:DWARKESH,18.4,18.55,18.4,18.55,117972.0
2020-06-01 15:00:00,NSE:DWARKESH,18.45,18.5,18.3,18.4,120236.0
2020-06-02 09:00:00,NSE:DWARKESH,18.45,18.65,18.35,18.6,109568.0
2020-06-02 10:00:00,NSE:DWARKESH,18.5,18.6,18.4,18.5,75094.0
2020-06-02 11:00:00,NSE:DWARKESH,18.5,18.55,18.45,18.5,53485.0
2020-06-02 12:00:00,NSE:DWARKESH,18.5,18.6,18.4,18.5,35159.0
2020-06-02 13:00:00,NSE:DWARKESH,18.5,18.55,18.45,18.55,16763.0
2020-06-02 14:00:00,NSE:DWARKESH,18.5,18.55,18.4,18.5,49361.0
2020-06-02 15:00:00,NSE:DWARKESH,18.5,18.55,18.45,18.5,38308.0
2020-06-03 09:00:00,NSE:DWARKESH,18.7,19.2,18.4,18.5,178879.0
2020-06-03 10:00:00,NSE:DWARKESH,18.45,19.05,18.3,19.05,259862.0
2020-06-03 11:00:00,NSE:DWARKESH,19.0,19.15,18.9,19.1,268243.0
2020-06-03 12:00:00,NSE:DWARKESH,19.1,19.15,18.9,18.9,94629.0
2020-06-03 13:00:00,NSE:DWARKESH,18.9,19.0,18.9,18.9,77433.0
2020-06-03 14:00:00,NSE:DWARKESH,18.9,18.9,18.6,18.8,129133.0
2020-06-03 15:00:00,NSE:DWARKESH,18.75,18.75,18.45,18.55,126120.0
2020-06-04 09:00:00,NSE:DWARKESH,19.15,19.4,18.8,18.9,213212.0
2020-06-04 10:00:00,NSE:DWARKESH,18.95,19.05,18.85,19.05,165877.0
2020-06-04 11:00:00,NSE:DWARKESH,19.05,19.15,18.85,18.9,304003.0
2020-06-04 12:00:00,NSE:DWARKESH,18.9,18.95,18.85,18.9,91431.0
2020-06-04 13:00:00,NSE:DWARKESH,18.85,19.15,18.75,19.15,141121.0
2020-06-04 14:00:00,NSE:DWARKESH,19.15,19.2,19.0,19.1,154237.0
2020-06-04 15:00:00,NSE:DWARKESH,19.15,19.45,19.1,19.3,259866.0
2020-06-05 09:00:00,NSE:DWARKESH,20.5,21.15,20.5,20.85,1047497.0
2020-06-05 10:00:00,NSE:DWARKESH,20.85,21.2,20.75,21.2,1316620.0
2020-06-05 11:00:00,NSE:DWARKESH,21.2,21.2,20.8,21.2,1228272.0
2020-06-05 12:00:00,NSE:DWARKESH,21.2,21.2,21.0,21.2,315611.0
2020-06-05 13:00:00,NSE:DWARKESH,21.2,21.2,21.2,21.2,10727.0
2020-06-05 14:00:00,NSE:DWARKESH,21.2,21.2,21.2,21.2,60821.0
2020-06-05 15:00:00,NSE:DWARKESH,21.2,21.2,21.2,21.2,20624.0
2020-06-08 09:00:00,NSE:DWARKESH,22.75,23.1,21.7,22.25,874297.0
2020-06-08 10:00:00,NSE:DWARKESH,22.25,22.7,22.1,22.45,346581.0
2020-06-08 11:00:00,NSE:DWARKESH,22.45,22.6,22.25,22.35,141422.0
2020-06-08 12:00:00,NSE:DWARKESH,22.35,22.35,20.25,21.0,513035.0
2020-06-08 13:00:00,NSE:DWARKESH,21.0,21.2,20.55,21.2,243671.0
2020-06-08 14:00:00,NSE:DWARKESH,21.15,21.95,20.9,21.9,360603.0
2020-06-08 15:00:00,NSE:DWARKESH,21.85,22.4,21.75,22.1,235165.0
2020-06-09 09:00:00,NSE:DWARKESH,23.0,23.0,21.25,21.75,382476.0
2020-06-09 10:00:00,NSE:DWARKESH,21.85,21.95,21.65,21.7,131406.0
2020-06-09 11:00:00,NSE:DWARKESH,21.75,23.05,21.65,22.35,545190.0
2020-06-09 12:00:00,NSE:DWARKESH,22.3,22.6,22.05,22.15,216561.0
2020-06-09 13:00:00,NSE:DWARKESH,22.0,22.7,21.95,22.5,213537.0
2020-06-09 14:00:00,NSE:DWARKESH,22.45,22.5,21.6,21.8,272654.0
2020-06-09 15:00:00,NSE:DWARKESH,21.85,22.05,21.65,21.8,181236.0
2020-06-10 09:00:00,NSE:DWARKESH,22.0,22.4,21.55,22.0,275872.0
2020-06-10 10:00:00,NSE:DWARKESH,22.15,22.2,21.75,21.85,243529.0
2020-06-10 11:00:00,NSE:DWARKESH,21.95,22.3,21.9,21.9,152211.0
2020-06-10 12:00:00,NSE:DWARKESH,21.9,21.95,21.75,21.85,63829.0
2020-06-10 13:00:00,NSE:DWARKESH,21.9,23.8,21.85,23.6,798092.0
2020-06-10 14:00:00,NSE:DWARKESH,23.6,23.95,22.55,23.9,4789301.0
2020-06-10 15:00:00,NSE:DWARKESH,23.9,23.95,23.8,23.9,380617.0
2020-06-11 09:00:00,NSE:DWARKESH,25.7,26.25,25.15,25.75,3117702.0
2020-06-11 10:00:00,NSE:DWARKESH,25.75,25.8,25.3,25.6,622823.0
2020-06-11 11:00:00,NSE:DWARKESH,25.6,25.6,25.25,25.55,435641.0
2020-06-11 12:00:00,NSE:DWARKESH,25.55,25.75,25.35,25.4,251398.0
2020-06-11 13:00:00,NSE:DWARKESH,25.45,25.6,25.2,25.4,219736.0
2020-06-11 14:00:00,NSE:DWARKESH,25.4,25.4,24.6,25.2,947734.0
2020-06-11 15:00:00,NSE:DWARKESH,25.2,25.4,24.9,25.15,398474.0
2020-06-12 09:00:00,NSE:DWARKESH,23.95,24.4,23.9,23.9,452525.0
2020-06-12 10:00:00,NSE:DWARKESH,23.9,24.3,23.9,24.2,275761.0
2020-06-12 11:00:00,NSE:DWARKESH,24.25,24.4,24.0,24.15,151662.0
2020-06-12 12:00:00,NSE:DWARKESH,24.1,24.75,24.1,24.55,178870.0
2020-06-12 13:00:00,NSE:DWARKESH,24.55,25.9,24.5,25.65,439388.0
2020-06-12 14:00:00,NSE:DWARKESH,25.7,26.4,25.7,25.8,1041024.0
2020-06-12 15:00:00,NSE:DWARKESH,25.8,26.0,25.5,25.75,261215.0
2020-06-15 09:00:00,NSE:DWARKESH,26.0,26.85,25.8,26.1,852468.0
2020-06-15 10:00:00,NSE:DWARKESH,26.2,26.2,25.9,26.15,250847.0
2020-06-15 11:00:00,NSE:DWARKESH,26.2,26.45,26.05,26.15,332032.0
2020-06-15 12:00:00,NSE:DWARKESH,26.15,26.5,26.1,26.35,239084.0
2020-06-15 13:00:00,NSE:DWARKESH,26.35,26.45,26.1,26.35,148277.0
2020-06-15 14:00:00,NSE:DWARKESH,26.35,26.5,26.25,26.35,148727.0
2020-06-15 15:00:00,NSE:DWARKESH,26.35,26.4,26.15,26.3,191721.0
2020-06-16 09:00:00,NSE:DWARKESH,27.4,27.4,26.6,26.75,334457.0
2020-06-16 10:00:00,NSE:DWARKESH,26.75,26.85,26.55,26.8,132723.0
2020-06-16 11:00:00,NSE:DWARKESH,26.75,26.85,26.6,26.6,90491.0
2020-06-16 12:00:00,NSE:DWARKESH,26.6,26.7,25.8,26.1,248163.0
2020-06-16 13:00:00,NSE:DWARKESH,26.1,26.2,25.0,25.25,689022.0
2020-06-16 14:00:00,NSE:DWARKESH,25.25,25.9,25.2,25.8,147376.0
2020-06-16 15:00:00,NSE:DWARKESH,25.75,25.9,25.35,25.65,122421.0
2020-06-17 09:00:00,NSE:DWARKESH,25.8,25.8,24.55,25.55,228055.0
2020-06-17 10:00:00,NSE:DWARKESH,25.55,25.75,24.95,25.0,223199.0
2020-06-17 11:00:00,NSE:DWARKESH,25.1,25.15,24.85,25.0,98356.0
2020-06-17 12:00:00,NSE:DWARKESH,25.0,25.05,24.85,24.95,137020.0
2020-06-17 13:00:00,NSE:DWARKESH,24.95,25.15,24.95,25.1,90941.0
2020-06-17 14:00:00,NSE:DWARKESH,25.1,25.15,24.6,24.7,247548.0
2020-06-17 15:00:00,NSE:DWARKESH,24.7,24.85,24.45,24.65,225050.0
2020-06-18 09:00:00,NSE:DWARKESH,24.3,24.95,24.05,24.85,280164.0
2020-06-18 10:00:00,NSE:DWARKESH,24.85,25.3,24.65,24.8,199922.0
2020-06-18 11:00:00,NSE:DWARKESH,24.75,25.4,24.75,25.25,594595.0
2020-06-18 12:00:00,NSE:DWARKESH,25.25,25.4,25.15,25.25,78968.0
2020-06-18 13:00:00,NSE:DWARKESH,25.2,25.35,25.05,25.15,127428.0
2020-06-18 14:00:00,NSE:DWARKESH,25.1,25.1,24.7,24.75,162366.0
2020-06-18 15:00:00,NSE:DWARKESH,24.85,24.9,24.7,24.8,102993.0
2020-06-19 09:00:00,NSE:DWARKESH,25.3,25.7,25.25,25.55,320676.0
2020-06-19 10:00:00,NSE:DWARKESH,25.55,25.65,25.4,25.6,132071.0
2020-06-19 11:00:00,NSE:DWARKESH,25.5,25.65,25.45,25.5,78493.0
2020-06-19 12:00:00,NSE:DWARKESH,25.5,25.6,25.4,25.6,102262.0
2020-06-19 13:00:00,NSE:DWARKESH,25.5,25.55,25.4,25.45,94453.0
2020-06-19 14:00:00,NSE:DWARKESH,25.4,25.5,25.3,25.35,66171.0
2020-06-19 15:00:00,NSE:DWARKESH,25.3,25.5,25.3,25.35,95453.0
2020-06-22 09:00:00,NSE:DWARKESH,25.9,25.9,25.55,25.75,258110.0
2020-06-22 10:00:00,NSE:DWARKESH,25.8,25.8,25.15,25.35,158779.0
2020-06-22 11:00:00,NSE:DWARKESH,25.35,25.4,25.2,25.3,42574.0
2020-06-22 12:00:00,NSE:DWARKESH,25.25,25.4,25.1,25.1,103489.0
2020-06-22 13:00:00,NSE:DWARKESH,25.1,25.25,24.9,25.15,169930.0
2020-06-22 14:00:00,NSE:DWARKESH,25.1,25.2,25.0,25.05,99774.0
2020-06-22 15:00:00,NSE:DWARKESH,25.0,25.1,24.9,25.0,104664.0
2020-06-23 09:00:00,NSE:DWARKESH,25.45,25.6,25.05,25.35,262190.0
2020-06-23 10:00:00,NSE:DWARKESH,25.3,25.35,25.05,25.1,75556.0
2020-06-23 11:00:00,NSE:DWARKESH,25.05,25.25,25.0,25.2,86497.0
2020-06-23 12:00:00,NSE:DWARKESH,25.2,25.25,25.1,25.2,37532.0
2020-06-23 13:00:00,NSE:DWARKESH,25.25,25.25,25.1,25.2,34477.0
2020-06-23 14:00:00,NSE:DWARKESH,25.15,25.2,24.9,25.05,84068.0
2020-06-23 15:00:00,NSE:DWARKESH,25.0,25.15,24.8,25.0,129768.0
2020-06-24 09:00:00,NSE:DWARKESH,25.2,25.25,24.65,25.15,331691.0
2020-06-24 10:00:00,NSE:DWARKESH,25.15,25.25,24.85,24.95,225962.0
2020-06-24 11:00:00,NSE:DWARKESH,24.9,25.0,24.7,24.9,103565.0
2020-06-24 12:00:00,NSE:DWARKESH,24.95,25.0,24.8,24.85,64136.0
2020-06-24 13:00:00,NSE:DWARKESH,24.9,24.95,24.65,24.7,63912.0
2020-06-24 14:00:00,NSE:DWARKESH,24.8,24.8,24.35,24.35,105819.0
2020-06-24 15:00:00,NSE:DWARKESH,24.4,24.4,24.15,24.25,87200.0
2020-06-25 09:00:00,NSE:DWARKESH,24.05,25.0,23.5,24.95,338591.0
2020-06-25 10:00:00,NSE:DWARKESH,24.95,25.2,24.5,25.1,297697.0
2020-06-25 11:00:00,NSE:DWARKESH,25.1,25.1,24.7,24.8,184301.0
2020-06-25 12:00:00,NSE:DWARKESH,24.9,25.0,24.7,24.8,123341.0
2020-06-25 13:00:00,NSE:DWARKESH,24.75,25.0,24.7,25.0,91938.0
2020-06-25 14:00:00,NSE:DWARKESH,25.0,25.45,24.9,25.35,638254.0
2020-06-25 15:00:00,NSE:DWARKESH,25.35,25.45,25.25,25.4,228303.0
2020-06-26 09:00:00,NSE:DWARKESH,25.65,26.25,25.3,26.0,433516.0
2020-06-26 10:00:00,NSE:DWARKESH,25.95,26.0,25.35,25.4,217038.0
2020-06-26 11:00:00,NSE:DWARKESH,25.45,26.15,25.4,26.05,329705.0
2020-06-26 12:00:00,NSE:DWARKESH,26.0,26.1,25.6,25.65,188565.0
2020-06-26 13:00:00,NSE:DWARKESH,25.65,25.7,25.5,25.6,82167.0
2020-06-26 14:00:00,NSE:DWARKESH,25.6,25.65,25.45,25.6,72704.0
2020-06-26 15:00:00,NSE:DWARKESH,25.55,25.7,25.45,25.6,144689.0
2020-06-29 09:00:00,NSE:DWARKESH,25.5,26.4,25.4,25.65,682581.0
2020-06-29 10:00:00,NSE:DWARKESH,25.65,25.95,25.5,25.8,147771.0
2020-06-29 11:00:00,NSE:DWARKESH,25.8,25.95,25.75,25.9,97782.0
2020-06-29 12:00:00,NSE:DWARKESH,25.85,26.1,25.8,26.0,103838.0
2020-06-29 13:00:00,NSE:DWARKESH,26.05,26.05,25.8,25.9,88288.0
2020-06-29 14:00:00,NSE:DWARKESH,25.85,26.0,25.75,25.75,112912.0
2020-06-29 15:00:00,NSE:DWARKESH,25.75,25.95,25.65,25.75,165255.0
2020-06-30 09:00:00,NSE:DWARKESH,25.95,26.2,25.9,26.05,228130.0
2020-06-30 10:00:00,NSE:DWARKESH,26.0,26.05,25.8,26.0,100637.0
2020-06-30 11:00:00,NSE:DWARKESH,26.0,26.1,25.9,25.9,62947.0
2020-06-30 12:00:00,NSE:DWARKESH,25.9,25.95,25.65,25.65,68845.0
2020-06-30 13:00:00,NSE:DWARKESH,25.65,25.8,25.5,25.7,114125.0
2020-06-30 14:00:00,NSE:DWARKESH,25.8,25.8,25.2,25.25,73861.0
2020-06-30 15:00:00,NSE:DWARKESH,25.3,25.45,25.15,25.25,80492.0
2020-07-01 09:00:00,NSE:DWARKESH,25.3,25.5,24.5,24.65,178550.0
2020-07-01 10:00:00,NSE:DWARKESH,24.65,24.85,24.55,24.7,72442.0
2020-07-01 11:00:00,NSE:DWARKESH,24.65,24.95,24.65,24.85,45437.0
2020-07-01 12:00:00,NSE:DWARKESH,24.85,24.9,24.8,24.9,32021.0
2020-07-01 13:00:00,NSE:DWARKESH,24.9,24.9,24.7,24.75,37454.0
2020-07-01 14:00:00,NSE:DWARKESH,24.75,25.0,24.7,24.85,76722.0
2020-07-01 15:00:00,NSE:DWARKESH,24.9,25.0,24.8,24.9,55965.0
2020-07-02 09:00:00,NSE:DWARKESH,24.95,25.15,24.65,24.9,74249.0
2020-07-02 10:00:00,NSE:DWARKESH,24.95,25.0,24.65,24.8,48006.0
2020-07-02 11:00:00,NSE:DWARKESH,24.75,24.9,24.7,24.75,41496.0
2020-07-02 12:00:00,NSE:DWARKESH,24.75,25.0,24.7,24.95,41077.0
2020-07-02 13:00:00,NSE:DWARKESH,24.9,24.9,24.7,24.75,99753.0
2020-07-02 14:00:00,NSE:DWARKESH,24.75,24.9,24.7,24.7,48849.0
2020-07-02 15:00:00,NSE:DWARKESH,24.75,24.9,24.6,24.7,82568.0
2020-07-03 09:00:00,NSE:DWARKESH,24.9,24.95,24.65,24.7,54023.0
2020-07-03 10:00:00,NSE:DWARKESH,24.7,25.15,24.65,24.95,196746.0
2020-07-03 11:00:00,NSE:DWARKESH,24.95,25.15,24.85,25.1,127697.0
2020-07-03 12:00:00,NSE:DWARKESH,25.05,25.1,24.9,24.95,58441.0
2020-07-03 13:00:00,NSE:DWARKESH,24.95,25.05,24.7,24.75,65901.0
2020-07-03 14:00:00,NSE:DWARKESH,24.7,24.95,24.7,24.85,36789.0
2020-07-03 15:00:00,NSE:DWARKESH,24.9,24.9,24.55,24.7,144856.0
2020-07-06 09:00:00,NSE:DWARKESH,24.8,25.45,24.8,25.25,182051.0
2020-07-06 10:00:00,NSE:DWARKESH,25.15,25.9,25.15,25.65,1088846.0
2020-07-06 11:00:00,NSE:DWARKESH,25.6,25.85,25.5,25.8,225074.0
2020-07-06 12:00:00,NSE:DWARKESH,25.75,25.9,25.65,25.85,173384.0
2020-07-06 13:00:00,NSE:DWARKESH,25.85,25.9,25.85,25.9,127675.0
2020-07-06 14:00:00,NSE:DWARKESH,25.9,25.9,25.9,25.9,42761.0
2020-07-06 15:00:00,NSE:DWARKESH,25.9,25.9,25.9,25.9,29421.0
2020-07-07 09:00:00,NSE:DWARKESH,26.35,26.35,24.95,25.15,452664.0
2020-07-07 10:00:00,NSE:DWARKESH,25.15,25.35,25.05,25.2,109815.0
2020-07-07 11:00:00,NSE:DWARKESH,25.2,25.2,24.9,25.1,125314.0
2020-07-07 12:00:00,NSE:DWARKESH,25.0,25.25,25.0,25.25,58669.0
2020-07-07 13:00:00,NSE:DWARKESH,25.2,25.4,25.15,25.3,59385.0
2020-07-07 14:00:00,NSE:DWARKESH,25.3,25.3,25.0,25.1,106763.0
2020-07-07 15:00:00,NSE:DWARKESH,25.05,25.15,25.05,25.1,73024.0
2020-07-08 09:00:00,NSE:DWARKESH,25.8,25.8,25.25,25.5,136180.0
2020-07-08 10:00:00,NSE:DWARKESH,25.5,25.5,25.1,25.2,81192.0
2020-07-08 11:00:00,NSE:DWARKESH,25.15,25.35,25.15,25.25,39323.0
2020-07-08 12:00:00,NSE:DWARKESH,25.25,25.35,25.2,25.25,33981.0
2020-07-08 13:00:00,NSE:DWARKESH,25.25,25.35,25.2,25.25,27434.0
2020-07-08 14:00:00,NSE:DWARKESH,25.25,25.35,25.05,25.1,93162.0
2020-07-08 15:00:00,NSE:DWARKESH,25.1,25.15,24.5,24.8,167183.0
2020-07-09 09:00:00,NSE:DWARKESH,24.5,24.95,24.5,24.8,76927.0
2020-07-09 10:00:00,NSE:DWARKESH,24.85,24.85,24.5,24.7,111974.0
2020-07-09 11:00:00,NSE:DWARKESH,24.7,24.9,24.65,24.8,48892.0
2020-07-09 12:00:00,NSE:DWARKESH,24.85,24.85,24.45,24.55,92948.0
2020-07-09 13:00:00,NSE:DWARKESH,24.55,24.6,24.45,24.45,62980.0
2020-07-09 14:00:00,NSE:DWARKESH,24.5,24.55,24.35,24.45,71872.0
2020-07-09 15:00:00,NSE:DWARKESH,24.45,24.6,24.4,24.5,49888.0
2020-07-10 09:00:00,NSE:DWARKESH,24.1,25.2,24.1,24.8,150005.0
2020-07-10 10:00:00,NSE:DWARKESH,24.7,24.85,24.5,24.5,39698.0
2020-07-10 11:00:00,NSE:DWARKESH,24.55,24.6,24.35,24.35,33668.0
2020-07-10 12:00:00,NSE:DWARKESH,24.3,24.4,24.05,24.4,88333.0
2020-07-10 13:00:00,NSE:DWARKESH,24.4,24.55,24.2,24.5,39480.0
2020-07-10 14:00:00,NSE:DWARKESH,24.5,24.8,24.25,24.45,114163.0
2020-07-10 15:00:00,NSE:DWARKESH,24.4,24.55,24.3,24.4,62339.0
2020-07-13 09:00:00,NSE:DWARKESH,24.6,24.7,23.55,24.15,120384.0
2020-07-13 10:00:00,NSE:DWARKESH,24.15,24.25,24.1,24.1,28931.0
2020-07-13 11:00:00,NSE:DWARKESH,24.1,24.9,24.0,24.4,138073.0
2020-07-13 12:00:00,NSE:DWARKESH,24.4,24.4,24.0,24.3,83216.0
2020-07-13 13:00:00,NSE:DWARKESH,24.15,24.2,24.05,24.1,20536.0
2020-07-13 14:00:00,NSE:DWARKESH,24.15,24.2,23.85,23.9,74074.0
2020-07-13 15:00:00,NSE:DWARKESH,23.85,24.05,23.85,24.05,51215.0
2020-07-14 09:00:00,NSE:DWARKESH,23.9,23.9,23.1,23.5,157757.0
2020-07-14 10:00:00,NSE:DWARKESH,23.55,23.55,23.0,23.15,75951.0
2020-07-14 11:00:00,NSE:DWARKESH,23.2,23.45,23.1,23.35,56767.0
2020-07-14 12:00:00,NSE:DWARKESH,23.35,23.4,23.1,23.2,21990.0
2020-07-14 13:00:00,NSE:DWARKESH,23.2,23.8,23.1,23.8,118470.0
2020-07-14 14:00:00,NSE:DWARKESH,23.8,25.1,23.7,24.9,846249.0
2020-07-14 15:00:00,NSE:DWARKESH,24.9,25.1,24.85,25.05,363844.0
2020-07-15 09:00:00,NSE:DWARKESH,25.05,25.15,24.6,24.7,239352.0
2020-07-15 10:00:00,NSE:DWARKESH,24.65,25.05,24.6,24.75,118632.0
2020-07-15 11:00:00,NSE:DWARKESH,24.8,25.0,24.6,24.6,118964.0
2020-07-15 12:00:00,NSE:DWARKESH,24.65,25.0,24.3,24.8,200541.0
2020-07-15 13:00:00,NSE:DWARKESH,24.8,24.85,24.6,24.65,25639.0
2020-07-15 14:00:00,NSE:DWARKESH,24.65,24.7,24.1,24.35,118892.0
2020-07-15 15:00:00,NSE:DWARKESH,24.35,24.45,24.1,24.25,83625.0
2020-07-16 09:00:00,NSE:DWARKESH,24.65,25.0,24.2,24.45,254095.0
2020-07-16 10:00:00,NSE:DWARKESH,24.45,24.75,24.3,24.5,125696.0
2020-07-16 11:00:00,NSE:DWARKESH,24.5,24.85,24.05,24.8,176599.0
2020-07-16 12:00:00,NSE:DWARKESH,24.8,24.85,24.6,24.75,76805.0
2020-07-16 13:00:00,NSE:DWARKESH,24.8,24.8,24.4,24.5,71427.0
2020-07-16 14:00:00,NSE:DWARKESH,24.5,24.6,24.3,24.6,70329.0
2020-07-16 15:00:00,NSE:DWARKESH,24.6,24.9,24.55,24.75,95713.0
2020-07-17 09:00:00,NSE:DWARKESH,24.5,24.65,24.25,24.45,96176.0
2020-07-17 10:00:00,NSE:DWARKESH,24.4,24.6,24.35,24.35,57523.0
2020-07-17 11:00:00,NSE:DWARKESH,24.4,25.0,24.35,24.9,224852.0
2020-07-17 12:00:00,NSE:DWARKESH,24.9,24.95,24.65,24.7,28124.0
2020-07-17 13:00:00,NSE:DWARKESH,24.7,24.9,24.5,24.85,53626.0
2020-07-17 14:00:00,NSE:DWARKESH,24.8,24.8,24.6,24.65,27001.0
2020-07-17 15:00:00,NSE:DWARKESH,24.65,24.65,24.35,24.5,94691.0
2020-07-20 09:00:00,NSE:DWARKESH,24.65,24.95,24.55,24.65,97506.0
2020-07-20 10:00:00,NSE:DWARKESH,24.55,24.75,24.3,24.5,119593.0
2020-07-20 11:00:00,NSE:DWARKESH,24.5,24.5,24.2,24.3,103122.0
2020-07-20 12:00:00,NSE:DWARKESH,24.3,24.45,24.2,24.3,180077.0
2020-07-20 13:00:00,NSE:DWARKESH,24.35,24.35,24.1,24.15,126151.0
2020-07-20 14:00:00,NSE:DWARKESH,24.1,24.2,23.95,24.0,196615.0
2020-07-20 15:00:00,NSE:DWARKESH,24.0,24.05,23.85,23.95,170797.0
2020-07-21 09:00:00,NSE:DWARKESH,24.1,24.15,23.9,23.9,88113.0
2020-07-21 10:00:00,NSE:DWARKESH,23.9,24.15,23.9,24.0,76039.0
2020-07-21 11:00:00,NSE:DWARKESH,24.1,24.25,24.05,24.15,76130.0
2020-07-21 12:00:00,NSE:DWARKESH,24.2,24.4,24.1,24.2,59321.0
2020-07-21 13:00:00,NSE:DWARKESH,24.25,24.3,24.05,24.1,57966.0
2020-07-21 14:00:00,NSE:DWARKESH,24.15,24.15,23.95,23.95,59781.0
2020-07-21 15:00:00,NSE:DWARKESH,23.95,24.05,23.9,23.95,50639.0
2020-07-22 09:00:00,NSE:DWARKESH,24.05,24.95,24.0,24.8,451610.0
2020-07-22 10:00:00,NSE:DWARKESH,24.8,25.0,24.5,24.6,276598.0
2020-07-22 11:00:00,NSE:DWARKESH,24.6,24.85,24.6,24.75,80651.0
2020-07-22 12:00:00,NSE:DWARKESH,24.75,24.8,24.7,24.75,93648.0
2020-07-22 13:00:00,NSE:DWARKESH,24.8,24.8,24.45,24.55,148852.0
2020-07-22 14:00:00,NSE:DWARKESH,24.55,24.6,24.3,24.45,134104.0
2020-07-22 15:00:00,NSE:DWARKESH,24.45,24.6,24.45,24.5,89376.0
2020-07-23 09:00:00,NSE:DWARKESH,24.75,25.7,24.75,24.95,427359.0
2020-07-23 10:00:00,NSE:DWARKESH,24.9,25.4,24.9,25.2,219892.0
2020-07-23 11:00:00,NSE:DWARKESH,25.25,25.3,25.05,25.2,103995.0
2020-07-23 12:00:00,NSE:DWARKESH,25.2,25.25,25.1,25.25,63313.0
2020-07-23 13:00:00,NSE:DWARKESH,25.2,25.25,25.1,25.1,29964.0
2020-07-23 14:00:00,NSE:DWARKESH,25.2,25.25,25.1,25.2,63235.0
2020-07-23 15:00:00,NSE:DWARKESH,25.2,25.25,25.05,25.15,107194.0
2020-07-24 09:00:00,NSE:DWARKESH,24.85,25.4,24.55,25.25,105031.0
2020-07-24 10:00:00,NSE:DWARKESH,25.25,25.3,24.4,24.45,140264.0
2020-07-24 11:00:00,NSE:DWARKESH,24.45,24.7,24.45,24.6,49380.0
2020-07-24 12:00:00,NSE:DWARKESH,24.65,24.7,24.6,24.65,12226.0
2020-07-24 13:00:00,NSE:DWARKESH,24.65,24.8,24.5,24.75,57741.0
2020-07-24 14:00:00,NSE:DWARKESH,24.8,24.9,24.7,24.8,69055.0
2020-07-24 15:00:00,NSE:DWARKESH,24.8,24.85,24.6,24.75,62344.0
2020-07-27 09:00:00,NSE:DWARKESH,24.85,24.85,24.1,24.2,105210.0
2020-07-27 10:00:00,NSE:DWARKESH,24.25,24.5,24.1,24.45,54161.0
2020-07-27 11:00:00,NSE:DWARKESH,24.45,24.5,24.45,24.45,37435.0
2020-07-27 12:00:00,NSE:DWARKESH,24.45,24.75,24.35,24.65,70068.0
2020-07-27 13:00:00,NSE:DWARKESH,24.65,24.8,24.6,24.6,32271.0
2020-07-27 14:00:00,NSE:DWARKESH,24.55,24.7,24.35,24.4,36474.0
2020-07-27 15:00:00,NSE:DWARKESH,24.4,24.45,24.15,24.25,75753.0
2020-07-28 09:00:00,NSE:DWARKESH,24.3,24.9,24.3,24.6,98219.0
2020-07-28 10:00:00,NSE:DWARKESH,24.55,24.7,24.4,24.5,74421.0
2020-07-28 11:00:00,NSE:DWARKESH,24.5,24.8,24.5,24.6,99885.0
2020-07-28 12:00:00,NSE:DWARKESH,24.6,24.95,24.6,24.85,46072.0
2020-07-28 13:00:00,NSE:DWARKESH,24.9,24.95,24.75,24.85,78816.0
2020-07-28 14:00:00,NSE:DWARKESH,24.9,24.9,24.7,24.75,25742.0
2020-07-28 15:00:00,NSE:DWARKESH,24.75,24.9,24.65,24.75,64727.0
2020-07-29 09:00:00,NSE:DWARKESH,24.85,24.9,24.6,24.65,74690.0
2020-07-29 10:00:00,NSE:DWARKESH,24.65,24.85,24.6,24.65,78122.0
2020-07-29 11:00:00,NSE:DWARKESH,24.7,24.8,24.65,24.8,51206.0
2020-07-29 12:00:00,NSE:DWARKESH,24.7,24.8,24.65,24.8,69215.0
2020-07-29 13:00:00,NSE:DWARKESH,24.7,24.75,24.65,24.65,13415.0
2020-07-29 14:00:00,NSE:DWARKESH,24.65,24.75,24.4,24.55,75056.0
2020-07-29 15:00:00,NSE:DWARKESH,24.55,24.65,24.45,24.55,58583.0
2020-07-30 09:00:00,NSE:DWARKESH,24.55,24.85,24.45,24.55,28730.0
2020-07-30 10:00:00,NSE:DWARKESH,24.6,24.75,24.5,24.55,29849.0
2020-07-30 11:00:00,NSE:DWARKESH,24.55,24.7,24.5,24.55,47627.0
2020-07-30 12:00:00,NSE:DWARKESH,24.6,24.65,24.45,24.6,51208.0
2020-07-30 13:00:00,NSE:DWARKESH,24.55,24.6,24.35,24.4,46145.0
2020-07-30 14:00:00,NSE:DWARKESH,24.35,24.45,24.2,24.45,51716.0
2020-07-30 15:00:00,NSE:DWARKESH,24.45,24.55,24.2,24.4,74148.0
2020-07-31 09:00:00,NSE:DWARKESH,24.5,24.5,24.1,24.3,39289.0
2020-07-31 10:00:00,NSE:DWARKESH,24.35,24.35,24.1,24.35,52368.0
2020-07-31 11:00:00,NSE:DWARKESH,24.35,24.45,24.3,24.35,59127.0
2020-07-31 12:00:00,NSE:DWARKESH,24.35,24.35,24.2,24.25,26123.0
2020-07-31 13:00:00,NSE:DWARKESH,24.25,24.3,24.1,24.3,24497.0
2020-07-31 14:00:00,NSE:DWARKESH,24.25,24.3,24.15,24.2,35718.0
2020-07-31 15:00:00,NSE:DWARKESH,24.2,24.3,24.05,24.15,74547.0
2020-08-03 09:00:00,NSE:DWARKESH,24.45,24.95,24.3,24.7,195676.0
2020-08-03 10:00:00,NSE:DWARKESH,24.7,25.35,24.45,25.35,415001.0
2020-08-03 11:00:00,NSE:DWARKESH,25.35,25.35,25.25,25.35,139218.0
2020-08-03 12:00:00,NSE:DWARKESH,25.35,25.35,25.0,25.35,307368.0
2020-08-03 13:00:00,NSE:DWARKESH,25.35,25.35,25.35,25.35,65577.0
2020-08-03 14:00:00,NSE:DWARKESH,25.35,25.35,25.35,25.35,21553.0
2020-08-03 15:00:00,NSE:DWARKESH,25.35,25.35,25.35,25.35,5472.0
2020-08-04 09:00:00,NSE:DWARKESH,26.6,26.6,25.7,26.45,927721.0
2020-08-04 10:00:00,NSE:DWARKESH,26.45,26.55,26.0,26.1,458902.0
2020-08-04 11:00:00,NSE:DWARKESH,26.15,26.25,26.0,26.2,139543.0
2020-08-04 12:00:00,NSE:DWARKESH,26.2,26.55,26.2,26.35,161860.0
2020-08-04 13:00:00,NSE:DWARKESH,26.45,26.45,26.2,26.25,58771.0
2020-08-04 14:00:00,NSE:DWARKESH,26.2,26.3,26.1,26.15,55793.0
2020-08-04 15:00:00,NSE:DWARKESH,26.15,26.3,26.0,26.15,122162.0
2020-08-05 09:00:00,NSE:DWARKESH,26.3,26.75,25.55,25.8,290804.0
2020-08-05 10:00:00,NSE:DWARKESH,25.8,26.1,25.6,26.1,198243.0
2020-08-05 11:00:00,NSE:DWARKESH,26.1,26.3,25.7,25.85,83746.0
2020-08-05 12:00:00,NSE:DWARKESH,25.8,26.15,25.7,25.9,121221.0
2020-08-05 13:00:00,NSE:DWARKESH,25.9,26.3,25.2,25.6,298598.0
2020-08-05 14:00:00,NSE:DWARKESH,25.6,25.6,24.85,24.9,553891.0
2020-08-05 15:00:00,NSE:DWARKESH,24.9,24.95,24.85,24.85,201538.0
2020-08-06 09:00:00,NSE:DWARKESH,25.0,25.15,24.8,24.8,192767.0
2020-08-06 10:00:00,NSE:DWARKESH,24.85,24.95,24.8,24.85,133291.0
2020-08-06 11:00:00,NSE:DWARKESH,24.85,25.0,24.2,24.4,278028.0
2020-08-06 12:00:00,NSE:DWARKESH,24.4,24.8,24.05,24.75,300042.0
2020-08-06 13:00:00,NSE:DWARKESH,24.75,24.8,24.6,24.7,97809.0
2020-08-06 14:00:00,NSE:DWARKESH,24.8,24.8,24.55,24.55,83873.0
2020-08-06 15:00:00,NSE:DWARKESH,24.6,24.85,24.4,24.6,122901.0
2020-08-07 09:00:00,NSE:DWARKESH,24.6,25.5,24.55,24.8,282735.0
2020-08-07 10:00:00,NSE:DWARKESH,24.8,24.8,24.35,24.4,232381.0
2020-08-07 11:00:00,NSE:DWARKESH,24.4,24.8,24.25,24.7,254545.0
2020-08-07 12:00:00,NSE:DWARKESH,24.65,24.75,24.35,24.55,91523.0
2020-08-07 13:00:00,NSE:DWARKESH,24.5,25.1,24.5,24.7,435386.0
2020-08-07 14:00:00,NSE:DWARKESH,24.6,25.0,24.5,24.8,233650.0
2020-08-07 15:00:00,NSE:DWARKESH,24.85,25.8,24.8,25.35,623868.0
2020-08-10 09:00:00,NSE:DWARKESH,26.0,26.9,26.0,26.15,895755.0
2020-08-10 10:00:00,NSE:DWARKESH,26.25,26.75,26.1,26.5,402341.0
2020-08-10 11:00:00,NSE:DWARKESH,26.5,27.4,26.3,27.25,624719.0
2020-08-10 12:00:00,NSE:DWARKESH,27.25,27.85,27.25,27.85,1516515.0
2020-08-10 13:00:00,NSE:DWARKESH,27.85,27.85,27.2,27.45,653590.0
2020-08-10 14:00:00,NSE:DWARKESH,27.4,27.65,26.75,27.6,491875.0
2020-08-10 15:00:00,NSE:DWARKESH,27.55,27.75,27.25,27.5,485818.0
2020-08-11 09:00:00,NSE:DWARKESH,28.55,30.0,28.55,29.65,2254659.0
2020-08-11 10:00:00,NSE:DWARKESH,29.7,29.75,29.5,29.65,466233.0
2020-08-11 11:00:00,NSE:DWARKESH,29.7,29.95,29.55,29.8,504276.0
2020-08-11 12:00:00,NSE:DWARKESH,29.8,29.95,29.5,29.7,340313.0
2020-08-11 13:00:00,NSE:DWARKESH,29.65,29.8,29.6,29.8,205726.0
2020-08-11 14:00:00,NSE:DWARKESH,29.8,30.25,29.7,30.25,979687.0
2020-08-11 15:00:00,NSE:DWARKESH,30.25,30.25,30.25,30.25,93766.0
2020-08-12 09:00:00,NSE:DWARKESH,31.15,31.7,29.0,29.9,1180675.0
2020-08-12 10:00:00,NSE:DWARKESH,29.9,30.0,28.75,29.25,546432.0
2020-08-12 11:00:00,NSE:DWARKESH,29.2,29.95,29.1,29.9,411913.0
2020-08-12 12:00:00,NSE:DWARKESH,29.9,29.95,29.6,29.65,103295.0
2020-08-12 13:00:00,NSE:DWARKESH,29.6,29.8,29.5,29.75,119330.0
2020-08-12 14:00:00,NSE:DWARKESH,29.65,29.8,29.05,29.2,202109.0
2020-08-12 15:00:00,NSE:DWARKESH,29.15,29.25,28.85,29.0,241783.0
2020-08-13 09:00:00,NSE:DWARKESH,29.3,29.9,29.1,29.7,268078.0
2020-08-13 10:00:00,NSE:DWARKESH,29.75,29.95,29.3,29.3,203852.0
2020-08-13 11:00:00,NSE:DWARKESH,29.3,29.4,29.2,29.2,174507.0
2020-08-13 12:00:00,NSE:DWARKESH,29.3,29.3,28.6,28.7,212918.0
2020-08-13 13:00:00,NSE:DWARKESH,28.7,28.95,28.5,28.8,151022.0
2020-08-13 14:00:00,NSE:DWARKESH,28.8,29.0,28.65,28.9,161878.0
2020-08-13 15:00:00,NSE:DWARKESH,28.9,29.0,28.75,28.85,129685.0
2020-08-14 09:00:00,NSE:DWARKESH,29.0,29.7,29.0,29.45,152109.0
2020-08-14 10:00:00,NSE:DWARKESH,29.45,29.45,28.55,28.75,147278.0
2020-08-14 11:00:00,NSE:DWARKESH,28.75,29.7,28.5,29.5,325394.0
2020-08-14 12:00:00,NSE:DWARKESH,29.5,29.65,29.05,29.05,73469.0
2020-08-14 13:00:00,NSE:DWARKESH,29.05,29.6,28.65,28.65,268369.0
2020-08-14 14:00:00,NSE:DWARKESH,28.7,28.75,28.2,28.5,246847.0
2020-08-14 15:00:00,NSE:DWARKESH,28.4,28.7,28.4,28.55,100396.0
2020-08-17 09:00:00,NSE:DWARKESH,28.7,29.3,28.5,28.95,159018.0
2020-08-17 10:00:00,NSE:DWARKESH,28.95,29.2,28.85,29.1,93161.0
2020-08-17 11:00:00,NSE:DWARKESH,29.1,29.2,28.8,28.9,119485.0
2020-08-17 12:00:00,NSE:DWARKESH,28.8,29.55,28.8,29.5,275722.0
2020-08-17 13:00:00,NSE:DWARKESH,29.5,30.15,29.45,29.8,506081.0
2020-08-17 14:00:00,NSE:DWARKESH,29.75,29.9,29.4,29.5,160567.0
2020-08-17 15:00:00,NSE:DWARKESH,29.5,29.75,29.4,29.6,182546.0
2020-08-18 09:00:00,NSE:DWARKESH,30.0,30.4,29.6,29.9,317309.0
2020-08-18 10:00:00,NSE:DWARKESH,29.9,29.9,29.65,29.75,87923.0
2020-08-18 11:00:00,NSE:DWARKESH,29.75,29.85,29.65,29.8,89645.0
2020-08-18 12:00:00,NSE:DWARKESH,29.8,29.9,29.55,29.8,95016.0
2020-08-18 13:00:00,NSE:DWARKESH,29.8,30.2,29.6,30.1,319902.0
2020-08-18 14:00:00,NSE:DWARKESH,30.15,31.2,30.05,30.15,1479462.0
2020-08-18 15:00:00,NSE:DWARKESH,30.15,30.4,29.25,29.7,987038.0
2020-08-19 09:00:00,NSE:DWARKESH,29.7,29.7,29.0,29.25,312252.0
2020-08-19 10:00:00,NSE:DWARKESH,29.25,29.65,29.2,29.65,144212.0
2020-08-19 11:00:00,NSE:DWARKESH,29.65,29.65,29.2,29.3,100726.0
2020-08-19 12:00:00,NSE:DWARKESH,29.35,29.4,29.2,29.35,76686.0
2020-08-19 13:00:00,NSE:DWARKESH,29.4,29.8,29.2,29.5,432405.0
2020-08-19 14:00:00,NSE:DWARKESH,29.45,29.55,28.95,29.0,441619.0
2020-08-19 15:00:00,NSE:DWARKESH,29.05,29.15,28.9,29.0,178738.0
2020-08-20 09:00:00,NSE:DWARKESH,28.9,29.5,28.45,29.2,181677.0
2020-08-20 10:00:00,NSE:DWARKESH,29.25,29.25,29.0,29.05,53305.0
2020-08-20 11:00:00,NSE:DWARKESH,29.05,29.1,28.75,28.9,61637.0
2020-08-20 12:00:00,NSE:DWARKESH,28.9,29.1,28.7,29.0,176545.0
2020-08-20 13:00:00,NSE:DWARKESH,29.0,29.4,28.9,29.0,93606.0
2020-08-20 14:00:00,NSE:DWARKESH,29.0,29.1,28.8,28.9,98099.0
2020-08-20 15:00:00,NSE:DWARKESH,28.95,29.0,28.7,28.85,82640.0
2020-08-21 09:00:00,NSE:DWARKESH,29.0,29.75,29.0,29.55,268890.0
2020-08-21 10:00:00,NSE:DWARKESH,29.55,30.3,29.5,29.95,517431.0
2020-08-21 11:00:00,NSE:DWARKESH,30.0,30.0,29.6,29.95,337074.0
2020-08-21 12:00:00,NSE:DWARKESH,30.0,30.3,29.95,30.3,526878.0
2020-08-21 13:00:00,NSE:DWARKESH,30.2,31.4,30.2,31.15,970488.0
2020-08-21 14:00:00,NSE:DWARKESH,31.1,31.7,31.1,31.7,1641878.0
2020-08-21 15:00:00,NSE:DWARKESH,31.7,31.7,31.7,31.7,207440.0
2020-08-24 09:00:00,NSE:DWARKESH,32.45,33.45,31.8,32.5,1059725.0
2020-08-24 10:00:00,NSE:DWARKESH,32.55,32.7,32.0,32.05,342349.0
2020-08-24 11:00:00,NSE:DWARKESH,32.1,32.7,32.0,32.4,230734.0
2020-08-24 12:00:00,NSE:DWARKESH,32.4,32.5,32.3,32.4,170977.0
2020-08-24 13:00:00,NSE:DWARKESH,32.4,33.35,32.35,33.15,588070.0
2020-08-24 14:00:00,NSE:DWARKESH,33.15,33.2,32.75,32.8,273669.0
2020-08-24 15:00:00,NSE:DWARKESH,32.8,32.8,32.15,32.35,192341.0
2020-08-25 09:00:00,NSE:DWARKESH,32.5,32.75,32.05,32.3,333238.0
2020-08-25 10:00:00,NSE:DWARKESH,32.2,32.2,31.5,31.8,326167.0
2020-08-25 11:00:00,NSE:DWARKESH,31.9,32.5,31.8,32.0,216326.0
2020-08-25 12:00:00,NSE:DWARKESH,32.0,32.15,31.95,32.05,65161.0
2020-08-25 13:00:00,NSE:DWARKESH,32.1,32.25,32.0,32.05,86170.0
2020-08-25 14:00:00,NSE:DWARKESH,32.05,32.05,31.55,31.6,160350.0
2020-08-25 15:00:00,NSE:DWARKESH,31.65,32.3,31.65,31.9,137398.0
2020-08-26 09:00:00,NSE:DWARKESH,32.25,32.25,31.15,31.5,224116.0
2020-08-26 10:00:00,NSE:DWARKESH,31.5,31.6,31.05,31.2,224891.0
2020-08-26 11:00:00,NSE:DWARKESH,31.35,31.4,31.2,31.35,53567.0
2020-08-26 12:00:00,NSE:DWARKESH,31.35,31.65,31.25,31.5,125720.0
2020-08-26 13:00:00,NSE:DWARKESH,31.5,31.55,31.15,31.2,122216.0
2020-08-26 14:00:00,NSE:DWARKESH,31.25,31.35,31.15,31.15,111740.0
2020-08-26 15:00:00,NSE:DWARKESH,31.2,31.65,31.1,31.4,168682.0
2020-08-27 09:00:00,NSE:DWARKESH,31.4,31.55,30.4,30.55,317022.0
2020-08-27 10:00:00,NSE:DWARKESH,30.5,30.95,30.45,30.9,136020.0
2020-08-27 11:00:00,NSE:DWARKESH,30.9,32.5,30.7,31.7,471586.0
2020-08-27 12:00:00,NSE:DWARKESH,31.65,31.7,31.35,31.5,66872.0
2020-08-27 13:00:00,NSE:DWARKESH,31.5,31.9,30.95,31.5,218775.0
2020-08-27 14:00:00,NSE:DWARKESH,31.55,32.4,31.45,32.4,328837.0
2020-08-27 15:00:00,NSE:DWARKESH,32.35,32.6,32.0,32.3,368840.0
2020-08-28 09:00:00,NSE:DWARKESH,32.45,32.6,31.95,32.5,221612.0
2020-08-28 10:00:00,NSE:DWARKESH,32.45,32.5,32.25,32.5,146912.0
2020-08-28 11:00:00,NSE:DWARKESH,32.5,32.6,32.2,32.4,211971.0
2020-08-28 12:00:00,NSE:DWARKESH,32.4,32.45,31.9,31.95,126709.0
2020-08-28 13:00:00,NSE:DWARKESH,31.95,32.7,31.0,32.6,374663.0
2020-08-28 14:00:00,NSE:DWARKESH,32.7,32.95,31.7,31.7,526473.0
2020-08-28 15:00:00,NSE:DWARKESH,31.7,31.8,31.5,31.65,187979.0
2020-08-31 09:00:00,NSE:DWARKESH,31.95,32.05,31.05,31.25,180433.0
2020-08-31 10:00:00,NSE:DWARKESH,31.25,31.35,31.05,31.05,152789.0
2020-08-31 11:00:00,NSE:DWARKESH,31.05,31.2,28.95,29.45,352611.0
2020-08-31 12:00:00,NSE:DWARKESH,29.45,30.2,29.45,30.15,169540.0
2020-08-31 13:00:00,NSE:DWARKESH,30.15,30.2,29.5,29.75,167319.0
2020-08-31 14:00:00,NSE:DWARKESH,29.75,29.85,29.0,29.4,171360.0
2020-08-31 15:00:00,NSE:DWARKESH,29.4,29.65,29.15,29.35,118377.0
2020-09-01 09:00:00,NSE:DWARKESH,29.35,29.55,27.25,28.6,186195.0
2020-09-01 10:00:00,NSE:DWARKESH,28.7,28.85,28.35,28.5,57484.0
2020-09-01 11:00:00,NSE:DWARKESH,28.5,28.5,27.7,27.7,167960.0
2020-09-01 12:00:00,NSE:DWARKESH,27.75,28.8,27.5,28.7,94280.0
2020-09-01 13:00:00,NSE:DWARKESH,28.75,29.3,28.7,28.9,110075.0
2020-09-01 14:00:00,NSE:DWARKESH,29.0,31.5,28.8,31.0,967548.0
2020-09-01 15:00:00,NSE:DWARKESH,31.0,31.2,30.7,31.0,280505.0
2020-09-02 09:00:00,NSE:DWARKESH,31.1,31.2,30.1,30.35,191616.0
2020-09-02 10:00:00,NSE:DWARKESH,30.45,30.55,30.05,30.25,73930.0
2020-09-02 11:00:00,NSE:DWARKESH,30.2,30.35,30.1,30.2,50572.0
2020-09-02 12:00:00,NSE:DWARKESH,30.2,31.45,30.0,31.2,283447.0
2020-09-02 13:00:00,NSE:DWARKESH,31.2,31.4,30.65,30.85,133497.0
2020-09-02 14:00:00,NSE:DWARKESH,30.9,31.0,30.8,30.95,35470.0
2020-09-02 15:00:00,NSE:DWARKESH,30.9,30.95,30.6,30.75,86822.0
2020-09-03 09:00:00,NSE:DWARKESH,31.25,31.95,31.25,31.5,328919.0
2020-09-03 10:00:00,NSE:DWARKESH,31.5,31.5,31.25,31.25,62673.0
2020-09-03 11:00:00,NSE:DWARKESH,31.3,31.35,31.0,31.15,88230.0
2020-09-03 12:00:00,NSE:DWARKESH,31.15,31.9,31.0,31.35,174710.0
2020-09-03 13:00:00,NSE:DWARKESH,31.3,31.7,31.3,31.5,37309.0
2020-09-03 14:00:00,NSE:DWARKESH,31.5,31.55,31.0,31.1,89627.0
2020-09-03 15:00:00,NSE:DWARKESH,31.05,31.25,30.9,31.1,99271.0
2020-09-04 09:00:00,NSE:DWARKESH,30.3,30.9,30.2,30.9,169677.0
2020-09-04 10:00:00,NSE:DWARKESH,30.85,31.0,30.8,30.85,55052.0
2020-09-04 11:00:00,NSE:DWARKESH,30.85,31.0,30.6,30.85,86900.0
2020-09-04 12:00:00,NSE:DWARKESH,30.8,30.9,30.65,30.85,56786.0
2020-09-04 13:00:00,NSE:DWARKESH,30.8,31.25,30.75,30.9,114527.0
2020-09-04 14:00:00,NSE:DWARKESH,30.95,31.0,30.1,30.3,175316.0
2020-09-04 15:00:00,NSE:DWARKESH,30.3,30.4,30.1,30.25,114509.0
2020-09-07 09:00:00,NSE:DWARKESH,30.05,30.45,29.5,29.8,103440.0
2020-09-07 10:00:00,NSE:DWARKESH,29.75,30.0,29.75,29.85,50495.0
2020-09-07 11:00:00,NSE:DWARKESH,29.85,29.9,29.3,29.35,153883.0
2020-09-07 12:00:00,NSE:DWARKESH,29.4,29.4,29.25,29.25,82635.0
2020-09-07 13:00:00,NSE:DWARKESH,29.3,29.5,29.2,29.35,79795.0
2020-09-07 14:00:00,NSE:DWARKESH,29.25,29.4,29.1,29.25,88094.0
2020-09-07 15:00:00,NSE:DWARKESH,29.25,29.3,29.0,29.1,102929.0
2020-09-08 09:00:00,NSE:DWARKESH,29.8,30.15,29.65,29.8,150666.0
2020-09-08 10:00:00,NSE:DWARKESH,29.8,30.2,29.75,30.0,89797.0
2020-09-08 11:00:00,NSE:DWARKESH,30.0,30.0,29.45,29.6,69696.0
2020-09-08 12:00:00,NSE:DWARKESH,29.6,29.8,29.55,29.75,26958.0
2020-09-08 13:00:00,NSE:DWARKESH,29.75,29.8,29.45,29.5,17144.0
2020-09-08 14:00:00,NSE:DWARKESH,29.5,29.6,29.05,29.1,71643.0
2020-09-08 15:00:00,NSE:DWARKESH,29.1,29.1,28.8,28.95,72385.0
2020-09-09 09:00:00,NSE:DWARKESH,28.45,28.85,28.15,28.6,124903.0
2020-09-09 10:00:00,NSE:DWARKESH,28.5,28.65,28.4,28.45,67501.0
2020-09-09 11:00:00,NSE:DWARKESH,28.45,28.6,28.35,28.35,32920.0
2020-09-09 12:00:00,NSE:DWARKESH,28.3,28.4,28.15,28.15,82311.0
2020-09-09 13:00:00,NSE:DWARKESH,28.25,28.5,28.15,28.4,33279.0
2020-09-09 14:00:00,NSE:DWARKESH,28.4,28.6,28.3,28.6,38863.0
2020-09-09 15:00:00,NSE:DWARKESH,28.55,28.8,28.5,28.65,59316.0
2020-09-10 09:00:00,NSE:DWARKESH,28.85,29.4,28.8,29.4,48474.0
2020-09-10 10:00:00,NSE:DWARKESH,29.4,29.55,29.25,29.35,47557.0
2020-09-10 11:00:00,NSE:DWARKESH,29.3,29.55,28.9,29.2,114961.0
2020-09-10 12:00:00,NSE:DWARKESH,29.15,29.4,29.0,29.25,62603.0
2020-09-10 13:00:00,NSE:DWARKESH,29.25,29.3,29.0,29.05,23388.0
2020-09-10 14:00:00,NSE:DWARKESH,29.1,29.1,28.9,28.95,17010.0
2020-09-10 15:00:00,NSE:DWARKESH,28.95,29.2,28.9,29.05,34623.0
2020-09-11 09:00:00,NSE:DWARKESH,29.15,29.4,28.9,29.15,36971.0
2020-09-11 10:00:00,NSE:DWARKESH,29.2,29.45,29.15,29.15,53098.0
2020-09-11 11:00:00,NSE:DWARKESH,29.25,29.8,29.2,29.25,89596.0
2020-09-11 12:00:00,NSE:DWARKESH,29.25,29.4,29.15,29.35,31051.0
2020-09-11 13:00:00,NSE:DWARKESH,29.25,29.3,29.15,29.25,25451.0
2020-09-11 14:00:00,NSE:DWARKESH,29.25,29.4,29.15,29.3,44446.0
2020-09-11 15:00:00,NSE:DWARKESH,29.3,29.5,29.3,29.4,48926.0
2020-09-14 09:00:00,NSE:DWARKESH,29.75,30.15,29.25,29.85,134893.0
2020-09-14 10:00:00,NSE:DWARKESH,29.75,29.95,29.6,29.8,90182.0
2020-09-14 11:00:00,NSE:DWARKESH,29.75,29.95,29.5,29.7,84970.0
2020-09-14 12:00:00,NSE:DWARKESH,29.7,29.8,29.5,29.75,89801.0
2020-09-14 13:00:00,NSE:DWARKESH,29.7,29.8,29.5,29.55,47701.0
2020-09-14 14:00:00,NSE:DWARKESH,29.55,29.6,29.1,29.3,95371.0
2020-09-14 15:00:00,NSE:DWARKESH,29.3,29.35,29.0,29.15,89742.0
2020-09-15 09:00:00,NSE:DWARKESH,30.1,30.4,29.7,29.75,200582.0
2020-09-15 10:00:00,NSE:DWARKESH,29.75,30.2,29.55,29.85,149577.0
2020-09-15 11:00:00,NSE:DWARKESH,29.85,29.9,29.7,29.75,92054.0
2020-09-15 12:00:00,NSE:DWARKESH,29.7,30.0,29.65,29.85,61246.0
2020-09-15 13:00:00,NSE:DWARKESH,29.9,29.95,29.75,29.9,66923.0
2020-09-15 14:00:00,NSE:DWARKESH,29.95,30.2,29.85,30.05,209497.0
2020-09-15 15:00:00,NSE:DWARKESH,30.05,30.15,29.7,29.9,150737.0
2020-09-16 09:00:00,NSE:DWARKESH,30.05,30.05,29.55,29.7,36515.0
2020-09-16 10:00:00,NSE:DWARKESH,29.75,30.9,29.4,29.8,543788.0
2020-09-16 11:00:00,NSE:DWARKESH,29.8,29.8,29.65,29.65,31642.0
2020-09-16 12:00:00,NSE:DWARKESH,29.65,29.85,29.65,29.75,43301.0
2020-09-16 13:00:00,NSE:DWARKESH,29.75,30.3,29.7,30.0,74443.0
2020-09-16 14:00:00,NSE:DWARKESH,30.0,30.2,29.85,30.0,124482.0
2020-09-16 15:00:00,NSE:DWARKESH,30.0,30.05,29.5,29.85,157684.0
2020-09-17 09:00:00,NSE:DWARKESH,29.55,29.9,29.4,29.85,148752.0
2020-09-17 10:00:00,NSE:DWARKESH,29.85,29.9,29.6,29.75,39860.0
2020-09-17 11:00:00,NSE:DWARKESH,29.8,29.8,29.35,29.35,46336.0
2020-09-17 12:00:00,NSE:DWARKESH,29.35,29.65,29.3,29.45,105518.0
2020-09-17 13:00:00,NSE:DWARKESH,29.45,29.55,29.3,29.5,36744.0
2020-09-17 14:00:00,NSE:DWARKESH,29.45,31.2,29.45,30.2,652718.0
2020-09-17 15:00:00,NSE:DWARKESH,30.1,30.3,29.9,30.1,116813.0
2020-09-18 09:00:00,NSE:DWARKESH,30.25,30.6,30.1,30.3,142667.0
2020-09-18 10:00:00,NSE:DWARKESH,30.3,30.4,30.05,30.15,64053.0
2020-09-18 11:00:00,NSE:DWARKESH,30.1,30.25,29.8,30.0,71284.0
2020-09-18 12:00:00,NSE:DWARKESH,30.05,30.1,29.85,30.0,49740.0
2020-09-18 13:00:00,NSE:DWARKESH,30.0,30.05,29.85,29.95,47190.0
2020-09-18 14:00:00,NSE:DWARKESH,29.9,29.95,29.6,29.75,63274.0
2020-09-18 15:00:00,NSE:DWARKESH,29.75,29.85,29.65,29.75,84688.0
2020-09-21 09:00:00,NSE:DWARKESH,29.6,29.85,29.2,29.45,78242.0
2020-09-21 10:00:00,NSE:DWARKESH,29.5,29.5,29.3,29.3,29513.0
2020-09-21 11:00:00,NSE:DWARKESH,29.3,29.4,29.05,29.2,52908.0
2020-09-21 12:00:00,NSE:DWARKESH,29.2,29.25,29.0,29.0,29116.0
2020-09-21 13:00:00,NSE:DWARKESH,29.0,29.05,28.6,28.75,75254.0
2020-09-21 14:00:00,NSE:DWARKESH,28.7,28.9,28.35,28.75,161357.0
2020-09-21 15:00:00,NSE:DWARKESH,28.8,28.85,28.35,28.55,74562.0
2020-09-22 09:00:00,NSE:DWARKESH,28.1,28.8,27.05,27.1,150045.0
2020-09-22 10:00:00,NSE:DWARKESH,27.2,27.75,27.1,27.6,116811.0
2020-09-22 11:00:00,NSE:DWARKESH,27.6,27.75,27.5,27.7,26464.0
2020-09-22 12:00:00,NSE:DWARKESH,27.65,28.6,27.65,28.35,76435.0
2020-09-22 13:00:00,NSE:DWARKESH,28.25,28.65,28.15,28.25,52165.0
2020-09-22 14:00:00,NSE:DWARKESH,28.25,28.4,27.9,28.0,92440.0
2020-09-22 15:00:00,NSE:DWARKESH,28.0,28.5,28.0,28.3,109001.0
2020-09-23 09:00:00,NSE:DWARKESH,28.3,28.9,28.25,28.4,78332.0
2020-09-23 10:00:00,NSE:DWARKESH,28.5,28.5,28.25,28.35,7418.0
2020-09-23 11:00:00,NSE:DWARKESH,28.3,28.4,28.2,28.35,17759.0
2020-09-23 12:00:00,NSE:DWARKESH,28.35,28.55,28.0,28.1,141501.0
2020-09-23 13:00:00,NSE:DWARKESH,28.1,28.3,27.75,27.85,35499.0
2020-09-23 14:00:00,NSE:DWARKESH,27.85,28.1,27.75,27.95,36796.0
2020-09-23 15:00:00,NSE:DWARKESH,27.95,28.0,27.4,27.65,96626.0
2020-09-24 09:00:00,NSE:DWARKESH,27.1,27.3,26.9,27.2,46240.0
2020-09-24 10:00:00,NSE:DWARKESH,27.15,27.2,26.4,26.6,120679.0
2020-09-24 11:00:00,NSE:DWARKESH,26.6,26.7,26.4,26.55,63423.0
2020-09-24 12:00:00,NSE:DWARKESH,26.5,26.6,26.35,26.6,39972.0
2020-09-24 13:00:00,NSE:DWARKESH,26.6,26.7,26.45,26.65,42851.0
2020-09-24 14:00:00,NSE:DWARKESH,26.6,26.9,26.3,26.3,124094.0
2020-09-24 15:00:00,NSE:DWARKESH,26.3,26.3,25.85,26.05,258407.0
2020-09-25 09:00:00,NSE:DWARKESH,26.3,26.8,26.3,26.4,114135.0
2020-09-25 10:00:00,NSE:DWARKESH,26.4,26.5,26.1,26.3,297832.0
2020-09-25 11:00:00,NSE:DWARKESH,26.2,26.3,25.85,26.1,146080.0
2020-09-25 12:00:00,NSE:DWARKESH,26.1,26.25,25.95,26.25,159261.0
2020-09-25 13:00:00,NSE:DWARKESH,26.25,26.25,26.05,26.15,115813.0
2020-09-25 14:00:00,NSE:DWARKESH,26.2,26.6,26.15,26.6,84258.0
2020-09-25 15:00:00,NSE:DWARKESH,26.6,26.6,26.25,26.4,81132.0
2020-09-28 09:00:00,NSE:DWARKESH,26.5,27.2,26.5,27.0,81628.0
2020-09-28 10:00:00,NSE:DWARKESH,27.0,28.25,26.95,28.05,183736.0
2020-09-28 11:00:00,NSE:DWARKESH,28.05,28.4,28.0,28.05,175743.0
2020-09-28 12:00:00,NSE:DWARKESH,28.05,28.15,28.0,28.0,46968.0
2020-09-28 13:00:00,NSE:DWARKESH,28.0,28.15,28.0,28.1,25254.0
2020-09-28 14:00:00,NSE:DWARKESH,28.15,28.3,27.85,27.9,42769.0
2020-09-28 15:00:00,NSE:DWARKESH,27.85,28.3,27.8,27.95,119487.0
2020-09-29 09:00:00,NSE:DWARKESH,28.05,28.2,27.75,27.9,165590.0
2020-09-29 10:00:00,NSE:DWARKESH,27.9,27.9,27.55,27.65,38650.0
2020-09-29 11:00:00,NSE:DWARKESH,27.6,27.7,27.3,27.6,37635.0
2020-09-29 12:00:00,NSE:DWARKESH,27.65,27.7,27.6,27.6,14030.0
2020-09-29 13:00:00,NSE:DWARKESH,27.6,27.6,27.35,27.55,18502.0
2020-09-29 14:00:00,NSE:DWARKESH,27.5,28.0,27.5,27.85,68911.0
2020-09-29 15:00:00,NSE:DWARKESH,27.8,27.9,27.4,27.65,47276.0
2020-09-30 09:00:00,NSE:DWARKESH,27.6,27.9,27.6,27.75,27681.0
2020-09-30 10:00:00,NSE:DWARKESH,27.75,28.3,27.65,28.05,103150.0
2020-09-30 11:00:00,NSE:DWARKESH,28.1,28.2,27.8,27.85,31390.0
2020-09-30 12:00:00,NSE:DWARKESH,27.9,28.1,27.85,27.95,29651.0
2020-09-30 13:00:00,NSE:DWARKESH,28.0,28.3,27.9,28.1,44212.0
2020-09-30 14:00:00,NSE:DWARKESH,28.1,28.1,27.95,27.95,24832.0
2020-09-30 15:00:00,NSE:DWARKESH,27.95,28.3,27.7,27.95,100727.0
2020-10-01 09:00:00,NSE:DWARKESH,28.05,28.3,28.0,28.0,58417.0
2020-10-01 10:00:00,NSE:DWARKESH,28.0,28.05,27.75,27.9,21616.0
2020-10-01 11:00:00,NSE:DWARKESH,27.85,27.95,27.75,27.75,15409.0
2020-10-01 12:00:00,NSE:DWARKESH,27.8,27.85,27.75,27.85,7713.0
2020-10-01 13:00:00,NSE:DWARKESH,27.8,27.85,27.4,27.8,40318.0
2020-10-01 14:00:00,NSE:DWARKESH,27.75,27.85,27.6,27.8,32464.0
2020-10-01 15:00:00,NSE:DWARKESH,27.8,27.8,27.25,27.55,68794.0
2020-10-05 09:00:00,NSE:DWARKESH,27.75,28.3,27.65,28.1,67295.0
2020-10-05 10:00:00,NSE:DWARKESH,28.1,28.35,28.05,28.2,52887.0
2020-10-05 11:00:00,NSE:DWARKESH,28.2,28.3,27.8,27.95,28772.0
2020-10-05 12:00:00,NSE:DWARKESH,27.95,28.2,27.85,27.9,31411.0
2020-10-05 13:00:00,NSE:DWARKESH,27.85,27.85,27.7,27.8,33964.0
2020-10-05 14:00:00,NSE:DWARKESH,27.85,27.9,27.25,27.3,187851.0
2020-10-05 15:00:00,NSE:DWARKESH,27.35,27.75,27.3,27.45,112689.0
2020-10-06 09:00:00,NSE:DWARKESH,28.25,28.5,28.1,28.25,265373.0
2020-10-06 10:00:00,NSE:DWARKESH,28.25,28.25,27.9,27.9,81322.0
2020-10-06 11:00:00,NSE:DWARKESH,27.9,28.05,27.85,27.85,19483.0
2020-10-06 12:00:00,NSE:DWARKESH,27.95,27.95,27.8,27.8,19560.0
2020-10-06 13:00:00,NSE:DWARKESH,27.8,27.95,27.8,27.85,19271.0
2020-10-06 14:00:00,NSE:DWARKESH,27.95,28.1,27.55,27.75,132612.0
2020-10-06 15:00:00,NSE:DWARKESH,27.75,27.9,27.6,27.75,70756.0
2020-10-07 09:00:00,NSE:DWARKESH,27.7,28.1,27.45,27.9,74830.0
2020-10-07 10:00:00,NSE:DWARKESH,27.85,27.9,27.7,27.75,32352.0
2020-10-07 11:00:00,NSE:DWARKESH,27.75,27.8,27.3,27.4,42789.0
2020-10-07 12:00:00,NSE:DWARKESH,27.4,27.45,27.35,27.45,23441.0
2020-10-07 13:00:00,NSE:DWARKESH,27.45,27.45,27.35,27.45,15861.0
2020-10-07 14:00:00,NSE:DWARKESH,27.45,27.75,27.4,27.5,42037.0
2020-10-07 15:00:00,NSE:DWARKESH,27.5,27.55,27.35,27.45,27333.0
2020-10-08 09:00:00,NSE:DWARKESH,27.85,28.25,27.6,27.65,100940.0
2020-10-08 10:00:00,NSE:DWARKESH,27.6,28.3,27.55,28.3,202472.0
2020-10-08 11:00:00,NSE:DWARKESH,28.25,29.15,28.2,28.6,547625.0
2020-10-08 12:00:00,NSE:DWARKESH,28.6,29.55,28.35,28.9,387508.0
2020-10-08 13:00:00,NSE:DWARKESH,28.85,29.0,28.7,28.75,107370.0
2020-10-08 14:00:00,NSE:DWARKESH,28.75,29.15,28.65,29.15,305452.0
2020-10-08 15:00:00,NSE:DWARKESH,29.15,29.3,28.95,29.15,185889.0
2020-10-09 09:00:00,NSE:DWARKESH,29.1,29.3,28.8,28.95,136934.0
2020-10-09 10:00:00,NSE:DWARKESH,28.95,29.25,28.9,29.05,48283.0
2020-10-09 11:00:00,NSE:DWARKESH,29.1,29.1,28.8,28.95,55759.0
2020-10-09 12:00:00,NSE:DWARKESH,28.9,29.1,28.8,29.0,62290.0
2020-10-09 13:00:00,NSE:DWARKESH,29.0,29.05,28.95,29.05,39843.0
2020-10-09 14:00:00,NSE:DWARKESH,29.0,29.7,29.0,29.65,150752.0
2020-10-09 15:00:00,NSE:DWARKESH,29.6,30.7,29.4,30.1,440189.0
2020-10-12 09:00:00,NSE:DWARKESH,30.35,30.5,29.25,29.45,272264.0
2020-10-12 10:00:00,NSE:DWARKESH,29.4,29.45,29.2,29.25,55324.0
2020-10-12 11:00:00,NSE:DWARKESH,29.25,29.25,29.0,29.15,36828.0
2020-10-12 12:00:00,NSE:DWARKESH,29.1,29.15,28.85,28.95,44926.0
2020-10-12 13:00:00,NSE:DWARKESH,28.95,28.95,28.35,28.45,101908.0
2020-10-12 14:00:00,NSE:DWARKESH,28.5,28.75,28.4,28.6,56025.0
2020-10-12 15:00:00,NSE:DWARKESH,28.6,28.8,28.5,28.65,88713.0
2020-10-13 09:00:00,NSE:DWARKESH,28.4,28.65,28.05,28.6,198652.0
2020-10-13 10:00:00,NSE:DWARKESH,28.5,28.6,28.25,28.3,33380.0
2020-10-13 11:00:00,NSE:DWARKESH,28.25,29.1,28.25,28.8,57676.0
2020-10-13 12:00:00,NSE:DWARKESH,28.75,28.95,28.7,28.7,32379.0
2020-10-13 13:00:00,NSE:DWARKESH,28.7,28.7,28.5,28.6,98966.0
2020-10-13 14:00:00,NSE:DWARKESH,28.65,28.75,28.25,28.3,24199.0
2020-10-13 15:00:00,NSE:DWARKESH,28.3,28.5,28.25,28.4,80382.0
2020-10-14 09:00:00,NSE:DWARKESH,28.25,28.4,27.85,28.05,52149.0
2020-10-14 10:00:00,NSE:DWARKESH,28.05,28.3,28.0,28.0,41930.0
2020-10-14 11:00:00,NSE:DWARKESH,28.1,28.2,27.95,28.2,41317.0
2020-10-14 12:00:00,NSE:DWARKESH,28.2,28.2,27.9,28.0,49551.0
2020-10-14 13:00:00,NSE:DWARKESH,28.1,28.15,27.85,28.15,35103.0
2020-10-14 14:00:00,NSE:DWARKESH,28.0,28.3,27.75,27.8,132538.0
2020-10-14 15:00:00,NSE:DWARKESH,27.8,28.0,27.75,27.9,90316.0
2020-10-15 09:00:00,NSE:DWARKESH,28.05,28.3,27.7,28.1,100649.0
2020-10-15 10:00:00,NSE:DWARKESH,28.1,28.15,27.8,28.0,40045.0
2020-10-15 11:00:00,NSE:DWARKESH,28.0,28.0,27.75,27.8,25540.0
2020-10-15 12:00:00,NSE:DWARKESH,27.8,27.95,27.75,27.75,20406.0
2020-10-15 13:00:00,NSE:DWARKESH,27.85,27.85,27.5,27.65,64308.0
2020-10-15 14:00:00,NSE:DWARKESH,27.7,27.7,27.1,27.3,94470.0
2020-10-15 15:00:00,NSE:DWARKESH,27.35,27.35,27.1,27.15,69530.0
2020-10-16 09:00:00,NSE:DWARKESH,27.0,27.75,26.95,27.1,145695.0
2020-10-16 10:00:00,NSE:DWARKESH,27.05,27.2,26.8,27.05,52156.0
2020-10-16 11:00:00,NSE:DWARKESH,27.1,28.25,27.05,27.65,281418.0
2020-10-16 12:00:00,NSE:DWARKESH,27.7,28.05,27.6,27.9,63246.0
2020-10-16 13:00:00,NSE:DWARKESH,27.9,27.95,27.55,27.85,23771.0
2020-10-16 14:00:00,NSE:DWARKESH,27.75,28.1,27.6,27.8,99474.0
2020-10-16 15:00:00,NSE:DWARKESH,27.8,27.85,27.55,27.7,64466.0
2020-10-19 09:00:00,NSE:DWARKESH,27.9,28.1,27.7,28.1,50334.0
2020-10-19 10:00:00,NSE:DWARKESH,28.05,28.1,27.8,27.8,23736.0
2020-10-19 11:00:00,NSE:DWARKESH,27.8,27.85,27.45,27.5,41562.0
2020-10-19 12:00:00,NSE:DWARKESH,27.5,28.0,27.5,27.75,91211.0
2020-10-19 13:00:00,NSE:DWARKESH,27.75,27.8,27.5,27.5,68427.0
2020-10-19 14:00:00,NSE:DWARKESH,27.55,27.7,27.25,27.55,44304.0
2020-10-19 15:00:00,NSE:DWARKESH,27.5,27.5,27.2,27.35,58114.0
2020-10-20 09:00:00,NSE:DWARKESH,27.4,27.85,27.15,27.75,70659.0
2020-10-20 10:00:00,NSE:DWARKESH,27.65,27.75,27.65,27.7,10070.0
2020-10-20 11:00:00,NSE:DWARKESH,27.75,28.3,27.65,28.15,190541.0
2020-10-20 12:00:00,NSE:DWARKESH,28.15,28.5,28.1,28.35,196580.0
2020-10-20 13:00:00,NSE:DWARKESH,28.35,28.7,28.2,28.3,198141.0
2020-10-20 14:00:00,NSE:DWARKESH,28.3,28.55,28.1,28.5,209547.0
2020-10-20 15:00:00,NSE:DWARKESH,28.55,28.75,28.3,28.55,154193.0
2020-10-21 09:00:00,NSE:DWARKESH,28.65,28.8,28.15,28.3,85177.0
2020-10-21 10:00:00,NSE:DWARKESH,28.3,28.5,28.3,28.35,24573.0
2020-10-21 11:00:00,NSE:DWARKESH,28.4,28.45,28.25,28.3,18590.0
2020-10-21 12:00:00,NSE:DWARKESH,28.45,28.5,28.25,28.35,16118.0
2020-10-21 13:00:00,NSE:DWARKESH,28.25,28.35,27.9,28.25,74506.0
2020-10-21 14:00:00,NSE:DWARKESH,28.25,28.3,27.55,27.9,121841.0
2020-10-21 15:00:00,NSE:DWARKESH,27.85,27.9,27.7,27.75,39644.0
2020-10-22 09:00:00,NSE:DWARKESH,27.7,27.95,27.65,27.95,38568.0
2020-10-22 10:00:00,NSE:DWARKESH,27.9,28.0,27.75,27.9,42074.0
2020-10-22 11:00:00,NSE:DWARKESH,27.8,28.15,27.8,28.15,30750.0
2020-10-22 12:00:00,NSE:DWARKESH,28.05,28.25,27.9,27.95,28832.0
2020-10-22 13:00:00,NSE:DWARKESH,27.95,27.95,27.85,27.95,4662.0
2020-10-22 14:00:00,NSE:DWARKESH,27.85,28.05,27.8,28.05,63254.0
2020-10-22 15:00:00,NSE:DWARKESH,28.05,28.4,28.05,28.25,95091.0
2020-10-23 09:00:00,NSE:DWARKESH,28.2,28.55,27.75,28.25,88441.0
2020-10-23 10:00:00,NSE:DWARKESH,28.3,28.4,28.05,28.1,38496.0
2020-10-23 11:00:00,NSE:DWARKESH,28.1,28.1,27.9,27.95,24306.0
2020-10-23 12:00:00,NSE:DWARKESH,28.0,28.45,27.8,28.45,49814.0
2020-10-23 13:00:00,NSE:DWARKESH,28.35,28.4,28.05,28.2,41288.0
2020-10-23 14:00:00,NSE:DWARKESH,28.2,28.25,28.0,28.1,32169.0
2020-10-23 15:00:00,NSE:DWARKESH,28.1,28.1,27.85,27.95,56733.0
2020-10-26 09:00:00,NSE:DWARKESH,28.3,28.6,28.1,28.5,95486.0
2020-10-26 10:00:00,NSE:DWARKESH,28.4,28.45,28.25,28.25,25445.0
2020-10-26 11:00:00,NSE:DWARKESH,28.3,28.3,28.05,28.05,28021.0
2020-10-26 12:00:00,NSE:DWARKESH,28.15,28.2,28.0,28.0,38443.0
2020-10-26 13:00:00,NSE:DWARKESH,27.95,27.95,27.75,27.9,41362.0
2020-10-26 14:00:00,NSE:DWARKESH,27.9,27.9,27.75,27.8,19092.0
2020-10-26 15:00:00,NSE:DWARKESH,27.8,28.0,27.8,27.9,56769.0
2020-10-27 09:00:00,NSE:DWARKESH,28.0,28.1,27.5,28.0,53422.0
2020-10-27 10:00:00,NSE:DWARKESH,27.95,28.1,27.85,27.95,27206.0
2020-10-27 11:00:00,NSE:DWARKESH,27.95,27.95,27.75,27.95,14032.0
2020-10-27 12:00:00,NSE:DWARKESH,27.9,27.9,27.85,27.85,5716.0
2020-10-27 13:00:00,NSE:DWARKESH,27.85,27.85,27.7,27.75,15101.0
2020-10-27 14:00:00,NSE:DWARKESH,27.7,28.2,27.7,28.1,60945.0
2020-10-27 15:00:00,NSE:DWARKESH,28.1,28.2,27.95,28.05,32742.0
2020-10-28 09:00:00,NSE:DWARKESH,28.45,29.25,28.25,28.95,323361.0
2020-10-28 10:00:00,NSE:DWARKESH,28.95,29.3,28.75,28.75,335934.0
2020-10-28 11:00:00,NSE:DWARKESH,28.8,28.95,28.75,28.95,27304.0
2020-10-28 12:00:00,NSE:DWARKESH,28.85,28.95,28.55,28.65,65530.0
2020-10-28 13:00:00,NSE:DWARKESH,28.65,28.8,28.6,28.65,42277.0
2020-10-28 14:00:00,NSE:DWARKESH,28.65,28.65,28.35,28.6,37485.0
2020-10-28 15:00:00,NSE:DWARKESH,28.6,28.75,28.4,28.55,105361.0
2020-10-29 09:00:00,NSE:DWARKESH,28.2,28.3,27.8,28.15,58852.0
2020-10-29 10:00:00,NSE:DWARKESH,28.2,28.25,27.9,27.95,71110.0
2020-10-29 11:00:00,NSE:DWARKESH,27.95,28.0,27.9,27.9,23598.0
2020-10-29 12:00:00,NSE:DWARKESH,27.95,29.2,27.9,28.8,439314.0
2020-10-29 13:00:00,NSE:DWARKESH,28.85,28.9,28.4,28.5,81220.0
2020-10-29 14:00:00,NSE:DWARKESH,28.5,29.05,28.5,28.75,105643.0
2020-10-29 15:00:00,NSE:DWARKESH,28.8,29.1,28.7,28.9,134547.0
2020-10-30 09:00:00,NSE:DWARKESH,28.8,29.25,28.65,28.8,60927.0
2020-10-30 10:00:00,NSE:DWARKESH,28.8,28.9,28.6,28.6,47678.0
2020-10-30 11:00:00,NSE:DWARKESH,28.6,28.65,28.2,28.4,68640.0
2020-10-30 12:00:00,NSE:DWARKESH,28.25,28.25,27.8,27.95,111461.0
2020-10-30 13:00:00,NSE:DWARKESH,27.95,28.2,27.85,28.2,35635.0
2020-10-30 14:00:00,NSE:DWARKESH,28.2,28.2,27.95,28.1,45500.0
2020-10-30 15:00:00,NSE:DWARKESH,28.0,28.15,28.0,28.05,54425.0
2020-11-02 09:00:00,NSE:DWARKESH,28.3,28.3,27.1,27.5,105007.0
2020-11-02 10:00:00,NSE:DWARKESH,27.5,27.7,27.4,27.6,39726.0
2020-11-02 11:00:00,NSE:DWARKESH,27.6,27.7,27.5,27.6,32710.0
2020-11-02 12:00:00,NSE:DWARKESH,27.65,27.65,27.55,27.6,34597.0
2020-11-02 13:00:00,NSE:DWARKESH,27.65,27.75,27.6,27.75,19853.0
2020-11-02 14:00:00,NSE:DWARKESH,27.7,29.2,27.7,28.3,706559.0
2020-11-02 15:00:00,NSE:DWARKESH,28.4,28.55,27.95,28.25,154068.0
2020-11-03 09:00:00,NSE:DWARKESH,28.5,28.5,28.05,28.1,83168.0
2020-11-03 10:00:00,NSE:DWARKESH,28.1,28.65,28.1,28.55,150932.0
2020-11-03 11:00:00,NSE:DWARKESH,28.6,28.6,28.3,28.35,48808.0
2020-11-03 12:00:00,NSE:DWARKESH,28.4,28.5,28.3,28.45,54927.0
2020-11-03 13:00:00,NSE:DWARKESH,28.4,28.65,28.25,28.35,155117.0
2020-11-03 14:00:00,NSE:DWARKESH,28.35,28.5,28.15,28.2,75784.0
2020-11-03 15:00:00,NSE:DWARKESH,28.15,28.15,27.6,27.85,95105.0
2020-11-04 09:00:00,NSE:DWARKESH,27.95,28.25,27.95,27.95,73087.0
2020-11-04 10:00:00,NSE:DWARKESH,27.95,28.05,27.55,27.75,51743.0
2020-11-04 11:00:00,NSE:DWARKESH,27.75,27.85,27.75,27.85,16651.0
2020-11-04 12:00:00,NSE:DWARKESH,27.85,28.05,27.8,27.9,19099.0
2020-11-04 13:00:00,NSE:DWARKESH,27.8,27.8,27.4,27.6,80553.0
2020-11-04 14:00:00,NSE:DWARKESH,27.65,27.7,27.45,27.45,66678.0
2020-11-04 15:00:00,NSE:DWARKESH,27.45,27.6,27.35,27.45,95973.0
2020-11-05 09:00:00,NSE:DWARKESH,27.7,27.95,27.6,27.7,47648.0
2020-11-05 10:00:00,NSE:DWARKESH,27.7,27.85,27.6,27.6,38147.0
2020-11-05 11:00:00,NSE:DWARKESH,27.7,27.75,27.55,27.65,30840.0
2020-11-05 12:00:00,NSE:DWARKESH,27.55,27.8,27.55,27.7,35367.0
2020-11-05 13:00:00,NSE:DWARKESH,27.7,27.7,27.6,27.65,28042.0
2020-11-05 14:00:00,NSE:DWARKESH,27.65,27.65,27.5,27.6,26091.0
2020-11-05 15:00:00,NSE:DWARKESH,27.65,27.75,27.55,27.6,44610.0
2020-11-06 09:00:00,NSE:DWARKESH,27.65,27.8,27.6,27.7,32999.0
2020-11-06 10:00:00,NSE:DWARKESH,27.7,28.1,27.6,27.65,127213.0
2020-11-06 11:00:00,NSE:DWARKESH,27.65,27.9,27.6,27.8,43269.0
2020-11-06 12:00:00,NSE:DWARKESH,27.8,28.0,27.7,27.9,107061.0
2020-11-06 13:00:00,NSE:DWARKESH,27.9,27.95,27.65,27.75,27991.0
2020-11-06 14:00:00,NSE:DWARKESH,27.75,27.75,27.55,27.65,64324.0
2020-11-06 15:00:00,NSE:DWARKESH,27.65,27.7,27.55,27.6,53788.0
2020-11-09 09:00:00,NSE:DWARKESH,28.2,28.6,28.05,28.2,192003.0
2020-11-09 10:00:00,NSE:DWARKESH,28.2,28.3,27.9,28.05,53304.0
2020-11-09 11:00:00,NSE:DWARKESH,28.1,28.15,27.8,27.9,67152.0
2020-11-09 12:00:00,NSE:DWARKESH,27.95,28.0,27.9,27.95,15888.0
2020-11-09 13:00:00,NSE:DWARKESH,27.95,28.0,27.9,27.9,9523.0
2020-11-09 14:00:00,NSE:DWARKESH,27.9,28.0,27.7,27.9,58758.0
2020-11-09 15:00:00,NSE:DWARKESH,27.9,28.2,27.85,28.05,93043.0
2020-11-10 09:00:00,NSE:DWARKESH,28.25,28.3,27.8,28.0,91774.0
2020-11-10 10:00:00,NSE:DWARKESH,28.0,28.0,27.85,27.95,20447.0
2020-11-10 11:00:00,NSE:DWARKESH,27.9,27.95,27.8,27.8,33282.0
2020-11-10 12:00:00,NSE:DWARKESH,27.85,27.85,27.75,27.85,26339.0
2020-11-10 13:00:00,NSE:DWARKESH,27.85,27.9,27.8,27.85,11950.0
2020-11-10 14:00:00,NSE:DWARKESH,27.85,27.85,27.6,27.75,31012.0
2020-11-10 15:00:00,NSE:DWARKESH,27.8,27.9,27.6,27.8,79262.0
2020-11-11 09:00:00,NSE:DWARKESH,27.8,28.2,27.8,27.9,62795.0
2020-11-11 10:00:00,NSE:DWARKESH,27.9,28.05,27.85,28.0,37945.0
2020-11-11 11:00:00,NSE:DWARKESH,28.0,28.05,27.75,27.85,78243.0
2020-11-11 12:00:00,NSE:DWARKESH,27.9,27.9,27.8,27.8,15972.0
2020-11-11 13:00:00,NSE:DWARKESH,27.9,27.9,27.75,27.8,18576.0
2020-11-11 14:00:00,NSE:DWARKESH,27.75,27.8,27.45,27.5,76392.0
2020-11-11 15:00:00,NSE:DWARKESH,27.5,27.7,27.3,27.45,150028.0
2020-11-12 09:00:00,NSE:DWARKESH,27.7,27.8,27.5,27.65,58631.0
2020-11-12 10:00:00,NSE:DWARKESH,27.7,27.8,27.65,27.7,10439.0
2020-11-12 11:00:00,NSE:DWARKESH,27.7,27.75,27.65,27.65,26516.0
2020-11-12 12:00:00,NSE:DWARKESH,27.65,27.8,27.65,27.7,12880.0
2020-11-12 13:00:00,NSE:DWARKESH,27.7,27.75,27.4,27.45,46222.0
2020-11-12 14:00:00,NSE:DWARKESH,27.4,27.5,27.35,27.4,74640.0
2020-11-12 15:00:00,NSE:DWARKESH,27.4,27.45,27.15,27.35,108269.0
2020-11-13 09:00:00,NSE:DWARKESH,27.5,27.5,27.1,27.25,61934.0
2020-11-13 10:00:00,NSE:DWARKESH,27.25,27.6,27.2,27.3,68063.0
2020-11-13 11:00:00,NSE:DWARKESH,27.3,27.55,27.25,27.5,27991.0
2020-11-13 12:00:00,NSE:DWARKESH,27.5,27.5,27.25,27.3,39507.0
2020-11-13 13:00:00,NSE:DWARKESH,27.25,27.3,27.15,27.2,28008.0
2020-11-13 14:00:00,NSE:DWARKESH,27.25,27.35,27.15,27.35,53552.0
2020-11-13 15:00:00,NSE:DWARKESH,27.3,27.4,27.25,27.3,50304.0
2020-11-14 18:00:00,NSE:DWARKESH,27.4,27.55,27.2,27.4,65592.0
2020-11-14 19:00:00,NSE:DWARKESH,27.4,27.5,27.3,27.4,29026.0
2020-11-17 09:00:00,NSE:DWARKESH,27.65,28.15,27.6,27.9,247989.0
2020-11-17 10:00:00,NSE:DWARKESH,27.8,27.9,27.7,27.8,63440.0
2020-11-17 11:00:00,NSE:DWARKESH,27.75,27.8,27.75,27.8,17914.0
2020-11-17 12:00:00,NSE:DWARKESH,27.8,27.95,27.75,27.85,32676.0
2020-11-17 13:00:00,NSE:DWARKESH,27.9,28.3,27.9,28.15,148384.0
2020-11-17 14:00:00,NSE:DWARKESH,28.2,28.2,27.85,27.9,103968.0
2020-11-17 15:00:00,NSE:DWARKESH,27.95,28.2,27.9,28.1,93008.0
2020-11-18 09:00:00,NSE:DWARKESH,28.1,28.45,27.8,28.35,158019.0
2020-11-18 10:00:00,NSE:DWARKESH,28.3,28.6,28.2,28.25,122900.0
2020-11-18 11:00:00,NSE:DWARKESH,28.2,28.3,28.2,28.2,33397.0
2020-11-18 12:00:00,NSE:DWARKESH,28.15,28.2,27.85,27.95,167507.0
2020-11-18 13:00:00,NSE:DWARKESH,28.0,28.25,27.95,28.2,46759.0
2020-11-18 14:00:00,NSE:DWARKESH,28.2,28.3,28.05,28.05,30858.0
2020-11-18 15:00:00,NSE:DWARKESH,28.05,28.25,28.0,28.15,56907.0
2020-11-19 09:00:00,NSE:DWARKESH,28.0,28.2,27.9,28.1,47301.0
2020-11-19 10:00:00,NSE:DWARKESH,28.15,28.15,27.85,27.9,105508.0
2020-11-19 11:00:00,NSE:DWARKESH,27.95,28.0,27.9,28.0,40518.0
2020-11-19 12:00:00,NSE:DWARKESH,27.95,28.25,27.95,28.1,117423.0
2020-11-19 13:00:00,NSE:DWARKESH,28.1,28.25,27.9,27.9,50376.0
2020-11-19 14:00:00,NSE:DWARKESH,27.9,28.0,27.8,27.9,67081.0
2020-11-19 15:00:00,NSE:DWARKESH,27.9,28.05,27.8,27.9,78564.0
2020-11-20 09:00:00,NSE:DWARKESH,27.7,28.2,27.7,27.9,67329.0
2020-11-20 10:00:00,NSE:DWARKESH,27.85,28.05,27.8,27.85,48749.0
2020-11-20 11:00:00,NSE:DWARKESH,27.85,27.9,27.7,27.8,22553.0
2020-11-20 12:00:00,NSE:DWARKESH,27.75,28.0,27.75,27.95,53869.0
2020-11-20 13:00:00,NSE:DWARKESH,27.9,29.5,27.85,29.05,519614.0
2020-11-20 14:00:00,NSE:DWARKESH,29.05,29.5,28.8,28.9,690871.0
2020-11-20 15:00:00,NSE:DWARKESH,28.9,29.25,28.75,28.95,191734.0
2020-11-23 09:00:00,NSE:DWARKESH,29.55,30.0,29.3,29.65,476173.0
2020-11-23 10:00:00,NSE:DWARKESH,29.65,29.95,29.65,29.8,268907.0
2020-11-23 11:00:00,NSE:DWARKESH,29.85,29.95,29.75,29.9,195709.0
2020-11-23 12:00:00,NSE:DWARKESH,29.9,29.95,29.75,29.8,108553.0
2020-11-23 13:00:00,NSE:DWARKESH,29.8,29.85,29.7,29.7,102581.0
2020-11-23 14:00:00,NSE:DWARKESH,29.7,30.0,29.7,29.75,156799.0
2020-11-23 15:00:00,NSE:DWARKESH,29.8,29.85,29.55,29.65,210017.0
2020-11-24 09:00:00,NSE:DWARKESH,29.75,30.15,29.15,29.35,236136.0
2020-11-24 10:00:00,NSE:DWARKESH,29.3,29.5,29.2,29.3,112545.0
2020-11-24 11:00:00,NSE:DWARKESH,29.25,29.3,29.0,29.2,106698.0
2020-11-24 12:00:00,NSE:DWARKESH,29.25,29.25,28.9,29.05,70787.0
2020-11-24 13:00:00,NSE:DWARKESH,29.0,29.15,29.0,29.1,31780.0
2020-11-24 14:00:00,NSE:DWARKESH,29.05,29.15,28.9,29.0,44282.0
2020-11-24 15:00:00,NSE:DWARKESH,28.95,29.05,28.85,28.95,79690.0
2020-11-25 09:00:00,NSE:DWARKESH,29.2,29.5,28.85,29.45,141905.0
2020-11-25 10:00:00,NSE:DWARKESH,29.45,29.5,28.3,28.75,200311.0
2020-11-25 11:00:00,NSE:DWARKESH,28.75,28.9,28.55,28.75,74064.0
2020-11-25 12:00:00,NSE:DWARKESH,28.65,29.1,28.6,28.7,63706.0
2020-11-25 13:00:00,NSE:DWARKESH,28.7,28.85,28.65,28.65,61432.0
2020-11-25 14:00:00,NSE:DWARKESH,28.65,28.75,28.5,28.55,46009.0
2020-11-25 15:00:00,NSE:DWARKESH,28.65,29.05,28.6,28.75,132322.0
2020-11-26 09:00:00,NSE:DWARKESH,29.9,29.9,29.3,29.35,539516.0
2020-11-26 10:00:00,NSE:DWARKESH,29.4,30.1,29.3,29.85,518991.0
2020-11-26 11:00:00,NSE:DWARKESH,29.85,30.45,29.8,30.05,732546.0
2020-11-26 12:00:00,NSE:DWARKESH,30.05,30.6,29.9,30.35,481488.0
2020-11-26 13:00:00,NSE:DWARKESH,30.35,30.4,29.8,29.85,176883.0
2020-11-26 14:00:00,NSE:DWARKESH,29.9,30.2,29.8,29.85,172549.0
2020-11-26 15:00:00,NSE:DWARKESH,29.9,29.95,29.6,29.75,231591.0
2020-11-27 09:00:00,NSE:DWARKESH,29.75,29.75,29.3,29.5,126664.0
2020-11-27 10:00:00,NSE:DWARKESH,29.55,29.85,29.4,29.5,217392.0
2020-11-27 11:00:00,NSE:DWARKESH,29.55,29.75,29.45,29.7,109409.0
2020-11-27 12:00:00,NSE:DWARKESH,29.85,30.1,29.7,29.8,168574.0
2020-11-27 13:00:00,NSE:DWARKESH,29.8,29.95,29.6,29.7,83171.0
2020-11-27 14:00:00,NSE:DWARKESH,29.7,29.7,29.45,29.5,92854.0
2020-11-27 15:00:00,NSE:DWARKESH,29.5,29.65,29.4,29.45,212982.0
2020-12-01 09:00:00,NSE:DWARKESH,29.45,29.8,28.95,29.7,139601.0
2020-12-01 10:00:00,NSE:DWARKESH,29.65,30.6,29.6,30.25,622135.0
2020-12-01 11:00:00,NSE:DWARKESH,30.25,30.4,29.9,29.95,127238.0
2020-12-01 12:00:00,NSE:DWARKESH,29.95,30.0,29.9,30.0,72435.0
2020-12-01 13:00:00,NSE:DWARKESH,29.95,30.2,29.9,30.1,60966.0
2020-12-01 14:00:00,NSE:DWARKESH,30.1,30.55,30.0,30.4,185724.0
2020-12-01 15:00:00,NSE:DWARKESH,30.4,30.55,30.25,30.4,182423.0
2020-12-02 09:00:00,NSE:DWARKESH,30.3,30.3,29.4,29.8,330918.0
2020-12-02 10:00:00,NSE:DWARKESH,29.8,29.9,29.5,29.85,157153.0
2020-12-02 11:00:00,NSE:DWARKESH,29.9,30.2,29.6,30.1,197351.0
2020-12-02 12:00:00,NSE:DWARKESH,30.1,30.1,29.85,29.85,49352.0
2020-12-02 13:00:00,NSE:DWARKESH,29.8,29.9,29.15,29.4,309869.0
2020-12-02 14:00:00,NSE:DWARKESH,29.4,29.5,29.3,29.5,60403.0
2020-12-02 15:00:00,NSE:DWARKESH,29.45,29.65,29.3,29.45,127313.0
2020-12-03 09:00:00,NSE:DWARKESH,29.65,29.65,29.1,29.2,348134.0
2020-12-03 10:00:00,NSE:DWARKESH,29.25,29.3,29.1,29.2,83837.0
2020-12-03 11:00:00,NSE:DWARKESH,29.2,29.25,29.1,29.25,128531.0
2020-12-03 12:00:00,NSE:DWARKESH,29.2,29.25,29.15,29.2,34256.0
2020-12-03 13:00:00,NSE:DWARKESH,29.2,29.4,29.05,29.25,253810.0
2020-12-03 14:00:00,NSE:DWARKESH,29.25,31.6,29.25,30.5,2162824.0
2020-12-03 15:00:00,NSE:DWARKESH,30.6,30.7,30.4,30.55,195841.0
2020-12-04 09:00:00,NSE:DWARKESH,30.5,30.8,30.05,30.25,146159.0
2020-12-04 10:00:00,NSE:DWARKESH,30.2,30.35,30.15,30.3,114400.0
2020-12-04 11:00:00,NSE:DWARKESH,30.2,30.35,29.75,30.05,131638.0
2020-12-04 12:00:00,NSE:DWARKESH,30.0,30.0,29.6,29.75,121291.0
2020-12-04 13:00:00,NSE:DWARKESH,29.8,30.4,29.75,30.2,153893.0
2020-12-04 14:00:00,NSE:DWARKESH,30.2,30.25,29.9,29.9,90466.0
2020-12-04 15:00:00,NSE:DWARKESH,29.95,30.1,29.85,30.0,95772.0
2020-12-07 09:00:00,NSE:DWARKESH,30.0,30.4,29.5,30.2,237946.0
2020-12-07 10:00:00,NSE:DWARKESH,30.2,30.3,29.9,30.1,191705.0
2020-12-07 11:00:00,NSE:DWARKESH,30.1,30.1,29.95,29.95,56915.0
2020-12-07 12:00:00,NSE:DWARKESH,30.0,30.05,29.9,29.9,42189.0
2020-12-07 13:00:00,NSE:DWARKESH,29.95,30.0,29.4,29.45,236232.0
2020-12-07 14:00:00,NSE:DWARKESH,29.5,29.85,29.45,29.75,231139.0
2020-12-07 15:00:00,NSE:DWARKESH,29.75,29.9,29.65,29.7,119240.0
2020-12-08 09:00:00,NSE:DWARKESH,29.8,30.15,29.8,29.95,175975.0
2020-12-08 10:00:00,NSE:DWARKESH,29.9,30.0,29.65,29.75,122077.0
2020-12-08 11:00:00,NSE:DWARKESH,29.7,29.75,29.0,29.3,314323.0
2020-12-08 12:00:00,NSE:DWARKESH,29.3,29.55,29.05,29.5,159997.0
2020-12-08 13:00:00,NSE:DWARKESH,29.5,29.65,29.4,29.45,82009.0
2020-12-08 14:00:00,NSE:DWARKESH,29.5,29.55,29.35,29.4,40484.0
2020-12-08 15:00:00,NSE:DWARKESH,29.45,29.45,29.25,29.35,67105.0
2020-12-09 09:00:00,NSE:DWARKESH,29.5,30.5,29.5,30.05,380426.0
2020-12-09 10:00:00,NSE:DWARKESH,30.1,30.15,29.8,30.05,134654.0
2020-12-09 11:00:00,NSE:DWARKESH,30.1,30.5,30.0,30.3,576123.0
2020-12-09 12:00:00,NSE:DWARKESH,30.3,30.35,30.0,30.05,366959.0
2020-12-09 13:00:00,NSE:DWARKESH,30.05,30.4,30.05,30.15,174451.0
2020-12-09 14:00:00,NSE:DWARKESH,30.15,31.6,30.1,31.25,2484492.0
2020-12-09 15:00:00,NSE:DWARKESH,31.2,31.35,31.0,31.15,751081.0
2020-12-10 09:00:00,NSE:DWARKESH,31.15,31.8,30.35,30.6,411478.0
2020-12-10 10:00:00,NSE:DWARKESH,30.65,31.0,30.35,30.85,432719.0
2020-12-10 11:00:00,NSE:DWARKESH,30.85,31.0,30.7,30.8,389996.0
2020-12-10 12:00:00,NSE:DWARKESH,30.75,31.45,30.75,31.2,399592.0
2020-12-10 13:00:00,NSE:DWARKESH,31.15,31.75,31.05,31.55,557203.0
2020-12-10 14:00:00,NSE:DWARKESH,31.55,32.0,31.45,31.75,484974.0
2020-12-10 15:00:00,NSE:DWARKESH,31.8,31.9,31.45,31.65,323430.0
2020-12-11 09:00:00,NSE:DWARKESH,31.65,32.0,31.55,31.95,375731.0
2020-12-11 10:00:00,NSE:DWARKESH,31.95,32.1,31.5,31.6,436771.0
2020-12-11 11:00:00,NSE:DWARKESH,31.6,31.75,31.1,31.25,198380.0
2020-12-11 12:00:00,NSE:DWARKESH,31.35,31.9,31.25,31.7,310848.0
2020-12-11 13:00:00,NSE:DWARKESH,31.7,33.05,31.6,32.0,1397666.0
2020-12-11 14:00:00,NSE:DWARKESH,32.0,32.1,31.0,31.6,707732.0
2020-12-11 15:00:00,NSE:DWARKESH,31.55,31.8,31.15,31.55,448214.0
2020-12-14 09:00:00,NSE:DWARKESH,31.85,32.4,31.85,32.3,540014.0
2020-12-14 10:00:00,NSE:DWARKESH,32.3,32.3,31.9,31.9,214136.0
2020-12-14 11:00:00,NSE:DWARKESH,31.9,32.05,31.55,31.9,180891.0
2020-12-14 12:00:00,NSE:DWARKESH,31.9,32.15,31.8,31.95,94669.0
2020-12-14 13:00:00,NSE:DWARKESH,31.95,32.75,31.9,32.3,298359.0
2020-12-14 14:00:00,NSE:DWARKESH,32.4,32.5,32.1,32.15,172353.0
2020-12-14 15:00:00,NSE:DWARKESH,32.1,32.6,32.1,32.3,284240.0
2020-12-15 09:00:00,NSE:DWARKESH,32.4,32.5,31.65,31.85,245421.0
2020-12-15 10:00:00,NSE:DWARKESH,31.8,31.85,31.55,31.8,93075.0
2020-12-15 11:00:00,NSE:DWARKESH,31.8,32.0,31.7,32.0,64857.0
2020-12-15 12:00:00,NSE:DWARKESH,32.0,32.1,31.85,32.0,83478.0
2020-12-15 13:00:00,NSE:DWARKESH,32.0,32.05,31.75,32.0,96684.0
2020-12-15 14:00:00,NSE:DWARKESH,32.0,34.55,31.95,33.9,3759570.0
2020-12-15 15:00:00,NSE:DWARKESH,33.9,34.15,33.85,34.0,716637.0
2020-12-16 09:00:00,NSE:DWARKESH,34.5,35.0,34.0,34.75,1153931.0
2020-12-16 10:00:00,NSE:DWARKESH,34.75,34.9,34.25,34.6,534776.0
2020-12-16 11:00:00,NSE:DWARKESH,34.65,35.4,34.55,34.65,1076878.0
2020-12-16 12:00:00,NSE:DWARKESH,34.65,35.15,34.1,34.2,416638.0
2020-12-16 13:00:00,NSE:DWARKESH,34.2,34.9,34.1,34.85,324398.0
2020-12-16 14:00:00,NSE:DWARKESH,34.85,35.2,34.05,34.1,691210.0
2020-12-16 15:00:00,NSE:DWARKESH,34.05,34.15,33.0,33.4,831178.0
2020-12-17 09:00:00,NSE:DWARKESH,34.45,34.75,33.8,33.9,801118.0
2020-12-17 10:00:00,NSE:DWARKESH,33.95,34.0,33.5,33.5,203529.0
2020-12-17 11:00:00,NSE:DWARKESH,33.55,33.65,33.35,33.5,141042.0
2020-12-17 12:00:00,NSE:DWARKESH,33.55,33.75,33.5,33.65,90840.0
2020-12-17 13:00:00,NSE:DWARKESH,33.6,33.75,33.5,33.6,95123.0
2020-12-17 14:00:00,NSE:DWARKESH,33.55,33.6,32.5,32.55,371682.0
2020-12-17 15:00:00,NSE:DWARKESH,32.6,32.85,32.5,32.65,217532.0
2020-12-18 09:00:00,NSE:DWARKESH,32.65,32.75,31.05,31.25,454637.0
2020-12-18 10:00:00,NSE:DWARKESH,31.25,31.8,31.2,31.7,153160.0
2020-12-18 11:00:00,NSE:DWARKESH,31.75,31.9,31.75,31.8,56204.0
2020-12-18 12:00:00,NSE:DWARKESH,31.8,31.8,31.55,31.6,38756.0
2020-12-18 13:00:00,NSE:DWARKESH,31.6,31.8,31.55,31.65,58216.0
2020-12-18 14:00:00,NSE:DWARKESH,31.65,31.85,31.55,31.6,75059.0
2020-12-18 15:00:00,NSE:DWARKESH,31.6,31.7,31.4,31.7,196974.0
2020-12-21 09:00:00,NSE:DWARKESH,31.5,33.0,31.05,32.35,517339.0
2020-12-21 10:00:00,NSE:DWARKESH,32.35,32.4,31.85,31.95,146581.0
2020-12-21 11:00:00,NSE:DWARKESH,31.95,32.0,31.55,31.75,90718.0
2020-12-21 12:00:00,NSE:DWARKESH,31.7,31.8,31.5,31.5,40341.0
2020-12-21 13:00:00,NSE:DWARKESH,31.5,31.5,30.05,30.05,299994.0
2020-12-21 14:00:00,NSE:DWARKESH,30.2,30.3,28.25,28.8,600664.0
2020-12-21 15:00:00,NSE:DWARKESH,28.85,29.3,28.55,28.85,234605.0
2020-12-22 09:00:00,NSE:DWARKESH,28.9,29.7,28.1,29.05,512718.0
2020-12-22 10:00:00,NSE:DWARKESH,29.05,29.55,28.9,29.2,138309.0
2020-12-22 11:00:00,NSE:DWARKESH,29.15,29.35,28.9,28.95,85603.0
2020-12-22 12:00:00,NSE:DWARKESH,28.95,29.2,28.9,29.2,57861.0
2020-12-22 13:00:00,NSE:DWARKESH,29.2,29.55,29.15,29.4,78816.0
2020-12-22 14:00:00,NSE:DWARKESH,29.45,29.55,29.1,29.1,109644.0
2020-12-22 15:00:00,NSE:DWARKESH,29.2,29.5,29.15,29.5,143143.0
2020-12-23 09:00:00,NSE:DWARKESH,29.65,30.6,29.5,30.45,262614.0
2020-12-23 10:00:00,NSE:DWARKESH,30.4,31.2,30.25,30.9,270130.0
2020-12-23 11:00:00,NSE:DWARKESH,30.95,31.05,30.65,30.8,60597.0
2020-12-23 12:00:00,NSE:DWARKESH,30.8,31.2,30.7,31.0,97867.0
2020-12-23 13:00:00,NSE:DWARKESH,31.0,31.0,30.7,31.0,46713.0
2020-12-23 14:00:00,NSE:DWARKESH,31.0,31.8,31.0,31.4,307972.0
2020-12-23 15:00:00,NSE:DWARKESH,31.5,31.6,31.3,31.45,148533.0
2020-12-24 09:00:00,NSE:DWARKESH,31.55,31.9,31.35,31.4,199293.0
2020-12-24 10:00:00,NSE:DWARKESH,31.35,31.7,31.05,31.25,139746.0
2020-12-24 11:00:00,NSE:DWARKESH,31.25,31.3,30.7,31.1,100370.0
2020-12-24 12:00:00,NSE:DWARKESH,31.1,31.5,31.05,31.2,34569.0
2020-12-24 13:00:00,NSE:DWARKESH,31.2,31.45,31.05,31.05,43198.0
2020-12-24 14:00:00,NSE:DWARKESH,31.0,32.15,30.9,31.3,512603.0
2020-12-24 15:00:00,NSE:DWARKESH,31.3,31.65,31.05,31.35,168943.0
2020-12-28 09:00:00,NSE:DWARKESH,31.65,31.8,31.3,31.5,167560.0
2020-12-28 10:00:00,NSE:DWARKESH,31.55,31.6,31.3,31.45,85772.0
2020-12-28 11:00:00,NSE:DWARKESH,31.5,31.7,31.35,31.5,50290.0
2020-12-28 12:00:00,NSE:DWARKESH,31.5,31.8,31.5,31.7,89353.0
2020-12-28 13:00:00,NSE:DWARKESH,31.7,31.7,31.4,31.5,25332.0
2020-12-28 14:00:00,NSE:DWARKESH,31.5,31.5,31.2,31.25,66391.0
2020-12-28 15:00:00,NSE:DWARKESH,31.3,31.6,31.2,31.4,105855.0
2020-12-29 09:00:00,NSE:DWARKESH,31.4,31.7,31.4,31.5,119352.0
2020-12-29 10:00:00,NSE:DWARKESH,31.4,31.65,30.75,30.9,173992.0
2020-12-29 11:00:00,NSE:DWARKESH,30.85,31.2,30.8,31.2,86653.0
2020-12-29 12:00:00,NSE:DWARKESH,31.1,31.2,31.0,31.05,29648.0
2020-12-29 13:00:00,NSE:DWARKESH,31.05,31.15,31.0,31.1,35085.0
2020-12-29 14:00:00,NSE:DWARKESH,31.1,31.1,30.95,31.05,37011.0
2020-12-29 15:00:00,NSE:DWARKESH,31.05,31.05,30.8,30.95,109974.0
2020-12-30 09:00:00,NSE:DWARKESH,31.15,31.75,30.55,31.35,278510.0
2020-12-30 10:00:00,NSE:DWARKESH,31.4,31.6,31.25,31.4,79125.0
2020-12-30 11:00:00,NSE:DWARKESH,31.4,31.45,31.2,31.35,47388.0
2020-12-30 12:00:00,NSE:DWARKESH,31.35,31.35,31.05,31.05,61881.0
2020-12-30 13:00:00,NSE:DWARKESH,31.15,31.25,31.0,31.15,31199.0
2020-12-30 14:00:00,NSE:DWARKESH,31.15,31.3,31.05,31.1,37000.0
2020-12-30 15:00:00,NSE:DWARKESH,31.05,31.2,31.0,31.05,96704.0
2020-12-31 09:00:00,NSE:DWARKESH,31.2,31.65,31.2,31.4,122138.0
2020-12-31 10:00:00,NSE:DWARKESH,31.4,31.4,31.15,31.15,116098.0
2020-12-31 11:00:00,NSE:DWARKESH,31.25,31.25,31.05,31.05,48410.0
2020-12-31 12:00:00,NSE:DWARKESH,31.2,31.2,31.05,31.2,17180.0
2020-12-31 13:00:00,NSE:DWARKESH,31.2,31.25,31.0,31.25,69945.0
2020-12-31 14:00:00,NSE:DWARKESH,31.2,31.4,31.1,31.1,188288.0
2020-12-31 15:00:00,NSE:DWARKESH,31.15,31.2,30.85,31.0,139798.0
2021-01-01 09:00:00,NSE:DWARKESH,31.2,31.6,31.0,31.45,107051.0
2021-01-01 10:00:00,NSE:DWARKESH,31.5,31.5,31.15,31.35,111990.0
2021-01-01 11:00:00,NSE:DWARKESH,31.35,31.5,31.15,31.3,59820.0
2021-01-01 12:00:00,NSE:DWARKESH,31.3,31.4,31.2,31.35,29191.0
2021-01-01 13:00:00,NSE:DWARKESH,31.3,31.4,31.2,31.35,38143.0
2021-01-01 14:00:00,NSE:DWARKESH,31.35,31.45,31.1,31.15,59958.0
2021-01-01 15:00:00,NSE:DWARKESH,31.15,31.2,31.05,31.15,85630.0
2021-01-04 09:00:00,NSE:DWARKESH,31.45,31.8,31.4,31.6,187656.0
2021-01-04 10:00:00,NSE:DWARKESH,31.6,31.7,31.45,31.45,184052.0
2021-01-04 11:00:00,NSE:DWARKESH,31.45,31.45,31.25,31.4,71588.0
2021-01-04 12:00:00,NSE:DWARKESH,31.4,31.95,31.3,31.7,228100.0
2021-01-04 13:00:00,NSE:DWARKESH,31.75,31.8,31.55,31.75,68815.0
2021-01-04 14:00:00,NSE:DWARKESH,31.7,31.95,31.5,31.6,335737.0
2021-01-04 15:00:00,NSE:DWARKESH,31.6,31.7,31.05,31.35,179638.0
2021-01-05 09:00:00,NSE:DWARKESH,30.95,31.6,30.95,31.6,182421.0
2021-01-05 10:00:00,NSE:DWARKESH,31.5,31.55,31.1,31.55,104015.0
2021-01-05 11:00:00,NSE:DWARKESH,31.55,31.75,30.7,31.05,664548.0
2021-01-05 12:00:00,NSE:DWARKESH,31.1,31.4,31.05,31.25,77843.0
2021-01-05 13:00:00,NSE:DWARKESH,31.25,31.25,31.0,31.15,42036.0
2021-01-05 14:00:00,NSE:DWARKESH,31.15,31.3,31.0,31.1,109732.0
2021-01-05 15:00:00,NSE:DWARKESH,31.1,31.25,31.0,31.1,150905.0
2021-01-06 09:00:00,NSE:DWARKESH,31.3,32.25,31.3,32.1,435855.0
2021-01-06 10:00:00,NSE:DWARKESH,32.15,33.8,32.15,33.75,1506323.0
2021-01-06 11:00:00,NSE:DWARKESH,33.75,33.85,32.4,32.55,661905.0
2021-01-06 12:00:00,NSE:DWARKESH,32.6,32.65,32.05,32.5,395387.0
2021-01-06 13:00:00,NSE:DWARKESH,32.5,32.6,31.7,31.95,256051.0
2021-01-06 14:00:00,NSE:DWARKESH,31.85,32.5,31.6,32.05,433089.0
2021-01-06 15:00:00,NSE:DWARKESH,32.0,32.55,32.0,32.25,433183.0
2021-01-07 09:00:00,NSE:DWARKESH,32.5,33.35,32.5,32.75,431803.0
2021-01-07 10:00:00,NSE:DWARKESH,32.75,32.8,32.1,32.25,194723.0
2021-01-07 11:00:00,NSE:DWARKESH,32.25,32.65,32.2,32.5,75535.0
2021-01-07 12:00:00,NSE:DWARKESH,32.4,32.65,32.4,32.55,108630.0
2021-01-07 13:00:00,NSE:DWARKESH,32.55,32.6,32.3,32.35,66593.0
2021-01-07 14:00:00,NSE:DWARKESH,32.25,32.5,32.15,32.5,125384.0
2021-01-07 15:00:00,NSE:DWARKESH,32.45,32.5,31.95,32.15,239943.0
2021-01-08 09:00:00,NSE:DWARKESH,32.7,33.15,32.35,32.45,263459.0
2021-01-08 10:00:00,NSE:DWARKESH,32.45,32.7,32.15,32.3,149071.0
2021-01-08 11:00:00,NSE:DWARKESH,32.25,32.3,32.0,32.2,221816.0
2021-01-08 12:00:00,NSE:DWARKESH,32.2,32.35,32.05,32.3,60503.0
2021-01-08 13:00:00,NSE:DWARKESH,32.3,32.4,31.9,32.05,114673.0
2021-01-08 14:00:00,NSE:DWARKESH,32.05,32.1,31.8,31.95,101059.0
2021-01-08 15:00:00,NSE:DWARKESH,31.9,31.95,31.6,31.8,141131.0
2021-01-11 09:00:00,NSE:DWARKESH,32.0,32.1,31.8,32.0,116363.0
2021-01-11 10:00:00,NSE:DWARKESH,31.9,32.0,31.25,31.45,188449.0
2021-01-11 11:00:00,NSE:DWARKESH,31.5,31.5,31.35,31.4,25619.0
2021-01-11 12:00:00,NSE:DWARKESH,31.4,31.5,31.3,31.4,56955.0
2021-01-11 13:00:00,NSE:DWARKESH,31.35,31.55,31.35,31.45,62090.0
2021-01-11 14:00:00,NSE:DWARKESH,31.4,32.0,31.35,31.8,208691.0
2021-01-11 15:00:00,NSE:DWARKESH,31.85,31.85,31.55,31.65,157189.0
2021-01-12 09:00:00,NSE:DWARKESH,31.5,32.15,31.4,31.5,369886.0
2021-01-12 10:00:00,NSE:DWARKESH,31.5,31.7,31.3,31.5,240785.0
2021-01-12 11:00:00,NSE:DWARKESH,31.5,31.7,31.45,31.6,92339.0
2021-01-12 12:00:00,NSE:DWARKESH,31.65,31.85,31.55,31.65,165891.0
2021-01-12 13:00:00,NSE:DWARKESH,31.7,31.75,31.55,31.55,57275.0
2021-01-12 14:00:00,NSE:DWARKESH,31.55,31.8,31.45,31.65,133498.0
2021-01-12 15:00:00,NSE:DWARKESH,31.65,31.7,31.4,31.55,208931.0
2021-01-13 09:00:00,NSE:DWARKESH,31.7,31.85,31.5,31.5,251042.0
2021-01-13 10:00:00,NSE:DWARKESH,31.55,31.7,31.15,31.35,424904.0
2021-01-13 11:00:00,NSE:DWARKESH,31.35,31.7,31.15,31.2,480515.0
2021-01-13 12:00:00,NSE:DWARKESH,31.2,31.3,31.1,31.2,163591.0
2021-01-13 13:00:00,NSE:DWARKESH,31.15,31.25,30.8,30.95,252593.0
2021-01-13 14:00:00,NSE:DWARKESH,30.95,31.15,30.8,31.0,137286.0
2021-01-13 15:00:00,NSE:DWARKESH,31.0,31.2,30.85,31.0,129260.0
2021-01-14 09:00:00,NSE:DWARKESH,31.05,31.3,30.8,31.3,207586.0
2021-01-14 10:00:00,NSE:DWARKESH,31.3,31.4,31.0,31.05,75333.0
2021-01-14 11:00:00,NSE:DWARKESH,31.0,31.35,31.0,31.25,87630.0
2021-01-14 12:00:00,NSE:DWARKESH,31.25,31.35,31.05,31.1,38647.0
2021-01-14 13:00:00,NSE:DWARKESH,31.1,31.3,31.05,31.1,22209.0
2021-01-14 14:00:00,NSE:DWARKESH,31.2,31.25,30.9,31.1,81968.0
2021-01-14 15:00:00,NSE:DWARKESH,31.05,31.1,30.9,31.05,67279.0
2021-01-15 09:00:00,NSE:DWARKESH,31.4,31.6,31.1,31.45,255001.0
2021-01-15 10:00:00,NSE:DWARKESH,31.5,31.55,31.2,31.4,146196.0
2021-01-15 11:00:00,NSE:DWARKESH,31.4,31.45,30.9,31.2,146000.0
2021-01-15 12:00:00,NSE:DWARKESH,31.2,31.55,31.1,31.45,154753.0
2021-01-15 13:00:00,NSE:DWARKESH,31.4,31.55,30.75,30.85,268697.0
2021-01-15 14:00:00,NSE:DWARKESH,30.75,30.9,30.1,30.55,289942.0
2021-01-15 15:00:00,NSE:DWARKESH,30.55,30.65,30.45,30.5,91112.0
2021-01-18 09:00:00,NSE:DWARKESH,30.7,30.8,30.05,30.1,159249.0
2021-01-18 10:00:00,NSE:DWARKESH,30.1,30.3,29.7,29.8,219340.0
2021-01-18 11:00:00,NSE:DWARKESH,29.8,30.2,29.7,30.0,79217.0
2021-01-18 12:00:00,NSE:DWARKESH,30.05,30.25,29.9,30.1,55075.0
2021-01-18 13:00:00,NSE:DWARKESH,30.1,30.7,30.0,30.7,164054.0
2021-01-18 14:00:00,NSE:DWARKESH,30.6,31.45,30.6,30.75,302972.0
2021-01-18 15:00:00,NSE:DWARKESH,30.75,31.15,30.5,31.0,177665.0
2021-01-19 09:00:00,NSE:DWARKESH,30.95,31.25,30.7,31.0,165372.0
2021-01-19 10:00:00,NSE:DWARKESH,31.0,31.4,30.95,31.1,120724.0
2021-01-19 11:00:00,NSE:DWARKESH,31.05,31.15,30.9,31.1,106230.0
2021-01-19 12:00:00,NSE:DWARKESH,31.15,31.2,30.85,30.9,39062.0
2021-01-19 13:00:00,NSE:DWARKESH,30.9,31.0,30.9,30.9,24855.0
2021-01-19 14:00:00,NSE:DWARKESH,30.9,31.2,30.9,31.0,82147.0
2021-01-19 15:00:00,NSE:DWARKESH,30.95,31.1,30.8,30.95,112128.0
2021-01-20 09:00:00,NSE:DWARKESH,30.95,31.2,30.85,31.05,111573.0
2021-01-20 10:00:00,NSE:DWARKESH,31.05,31.5,30.9,31.25,142423.0
2021-01-20 11:00:00,NSE:DWARKESH,31.25,31.65,31.25,31.5,275250.0
2021-01-20 12:00:00,NSE:DWARKESH,31.45,31.5,31.25,31.3,84686.0
2021-01-20 13:00:00,NSE:DWARKESH,31.3,31.3,31.15,31.25,27120.0
2021-01-20 14:00:00,NSE:DWARKESH,31.25,31.3,31.0,31.1,51125.0
2021-01-20 15:00:00,NSE:DWARKESH,31.1,31.3,31.0,31.1,102578.0
2021-01-21 09:00:00,NSE:DWARKESH,31.1,31.4,31.1,31.15,68343.0
2021-01-21 10:00:00,NSE:DWARKESH,31.2,31.75,31.2,31.35,283141.0
2021-01-21 11:00:00,NSE:DWARKESH,31.4,31.85,31.35,31.65,162095.0
2021-01-21 12:00:00,NSE:DWARKESH,31.65,31.75,31.4,31.65,154067.0
2021-01-21 13:00:00,NSE:DWARKESH,31.75,31.8,31.55,31.75,111299.0
2021-01-21 14:00:00,NSE:DWARKESH,31.75,31.8,31.15,31.25,282561.0
2021-01-21 15:00:00,NSE:DWARKESH,31.25,31.3,31.05,31.2,147238.0
2021-01-22 09:00:00,NSE:DWARKESH,31.25,31.45,31.0,31.05,90306.0
2021-01-22 10:00:00,NSE:DWARKESH,31.1,31.15,30.65,30.65,55207.0
2021-01-22 11:00:00,NSE:DWARKESH,30.7,30.85,30.5,30.85,169824.0
2021-01-22 12:00:00,NSE:DWARKESH,30.85,30.9,30.4,30.4,45774.0
2021-01-22 13:00:00,NSE:DWARKESH,30.4,30.5,30.2,30.35,56023.0
2021-01-22 14:00:00,NSE:DWARKESH,30.35,30.55,30.3,30.5,65366.0
2021-01-22 15:00:00,NSE:DWARKESH,30.5,30.55,30.2,30.35,77516.0
2021-01-25 09:00:00,NSE:DWARKESH,30.65,30.7,29.85,29.9,135894.0
2021-01-25 10:00:00,NSE:DWARKESH,29.85,30.2,29.85,30.0,128877.0
2021-01-25 11:00:00,NSE:DWARKESH,30.0,30.05,29.65,29.75,47219.0
2021-01-25 12:00:00,NSE:DWARKESH,29.8,29.95,29.75,29.95,20528.0
2021-01-25 13:00:00,NSE:DWARKESH,29.95,30.05,29.75,29.9,74881.0
2021-01-25 14:00:00,NSE:DWARKESH,29.9,30.05,29.75,29.8,147524.0
2021-01-25 15:00:00,NSE:DWARKESH,29.8,29.95,29.6,29.8,125408.0
2021-01-27 09:00:00,NSE:DWARKESH,29.7,29.75,29.05,29.25,111577.0
2021-01-27 10:00:00,NSE:DWARKESH,29.3,29.5,29.2,29.35,51043.0
2021-01-27 11:00:00,NSE:DWARKESH,29.4,29.6,29.35,29.45,43434.0
2021-01-27 12:00:00,NSE:DWARKESH,29.5,29.55,29.45,29.45,13741.0
2021-01-27 13:00:00,NSE:DWARKESH,29.45,29.55,29.15,29.15,56194.0
2021-01-27 14:00:00,NSE:DWARKESH,29.15,29.35,29.1,29.2,72710.0
2021-01-27 15:00:00,NSE:DWARKESH,29.2,29.3,29.1,29.2,97941.0
2021-01-28 09:00:00,NSE:DWARKESH,28.9,29.3,28.8,29.15,51387.0
2021-01-28 10:00:00,NSE:DWARKESH,29.15,29.6,29.05,29.35,44713.0
2021-01-28 11:00:00,NSE:DWARKESH,29.3,29.4,29.25,29.3,31509.0
2021-01-28 12:00:00,NSE:DWARKESH,29.25,29.3,28.6,28.85,112637.0
2021-01-28 13:00:00,NSE:DWARKESH,28.85,29.15,28.75,29.1,26762.0
2021-01-28 14:00:00,NSE:DWARKESH,29.05,29.05,28.85,28.9,22515.0
2021-01-28 15:00:00,NSE:DWARKESH,28.95,29.0,28.8,28.95,45915.0
2021-01-29 09:00:00,NSE:DWARKESH,29.2,29.5,29.1,29.2,65665.0
2021-01-29 10:00:00,NSE:DWARKESH,29.2,29.3,29.15,29.25,35312.0
2021-01-29 11:00:00,NSE:DWARKESH,29.25,29.4,29.0,29.3,138879.0
2021-01-29 12:00:00,NSE:DWARKESH,29.4,30.0,29.1,29.65,553099.0
2021-01-29 13:00:00,NSE:DWARKESH,29.75,29.75,29.4,29.5,54327.0
2021-01-29 14:00:00,NSE:DWARKESH,29.5,29.55,29.25,29.25,61076.0
2021-01-29 15:00:00,NSE:DWARKESH,29.25,29.25,28.8,29.0,108841.0
2021-02-01 09:00:00,NSE:DWARKESH,29.2,29.2,27.6,27.85,289308.0
2021-02-01 10:00:00,NSE:DWARKESH,27.85,28.0,27.5,27.95,372573.0
2021-02-01 11:00:00,NSE:DWARKESH,27.9,28.4,27.8,28.25,158602.0
2021-02-01 12:00:00,NSE:DWARKESH,28.3,28.45,27.9,28.35,125889.0
2021-02-01 13:00:00,NSE:DWARKESH,28.35,28.35,27.9,28.15,108115.0
2021-02-01 14:00:00,NSE:DWARKESH,28.15,28.4,28.1,28.25,202842.0
2021-02-01 15:00:00,NSE:DWARKESH,28.2,28.3,28.05,28.2,214012.0
2021-02-02 09:00:00,NSE:DWARKESH,28.5,29.25,28.45,29.05,304879.0
2021-02-02 10:00:00,NSE:DWARKESH,29.0,29.1,28.5,28.65,131328.0
2021-02-02 11:00:00,NSE:DWARKESH,28.55,28.75,28.45,28.5,98482.0
2021-02-02 12:00:00,NSE:DWARKESH,28.5,28.5,28.15,28.3,225953.0
2021-02-02 13:00:00,NSE:DWARKESH,28.25,28.4,28.25,28.4,44346.0
2021-02-02 14:00:00,NSE:DWARKESH,28.45,28.45,27.6,27.8,347054.0
2021-02-02 15:00:00,NSE:DWARKESH,27.75,27.85,27.35,27.55,319401.0
2021-02-03 09:00:00,NSE:DWARKESH,27.85,28.05,27.8,27.9,174340.0
2021-02-03 10:00:00,NSE:DWARKESH,27.95,28.3,27.8,28.25,142460.0
2021-02-03 11:00:00,NSE:DWARKESH,28.25,28.25,27.9,28.1,176314.0
2021-02-03 12:00:00,NSE:DWARKESH,28.1,28.25,28.0,28.15,124970.0
2021-02-03 13:00:00,NSE:DWARKESH,28.15,28.3,27.9,28.2,174785.0
2021-02-03 14:00:00,NSE:DWARKESH,28.15,28.15,27.85,27.9,105300.0
2021-02-03 15:00:00,NSE:DWARKESH,27.7,28.1,27.7,28.0,210100.0
2021-02-04 09:00:00,NSE:DWARKESH,28.0,28.35,27.85,28.2,321613.0
2021-02-04 10:00:00,NSE:DWARKESH,28.25,28.3,28.1,28.2,95299.0
2021-02-04 11:00:00,NSE:DWARKESH,28.2,28.55,28.15,28.5,71211.0
2021-02-04 12:00:00,NSE:DWARKESH,28.45,28.6,28.4,28.5,61929.0
2021-02-04 13:00:00,NSE:DWARKESH,28.45,28.5,27.85,28.0,256489.0
2021-02-04 14:00:00,NSE:DWARKESH,28.0,28.0,27.9,28.0,44460.0
2021-02-04 15:00:00,NSE:DWARKESH,27.95,28.0,27.75,27.9,184459.0
2021-02-05 09:00:00,NSE:DWARKESH,28.1,28.35,27.95,28.15,265329.0
2021-02-05 10:00:00,NSE:DWARKESH,28.2,28.2,27.65,27.75,180923.0
2021-02-05 11:00:00,NSE:DWARKESH,27.75,27.9,27.65,27.75,121654.0
2021-02-05 12:00:00,NSE:DWARKESH,27.8,28.0,27.7,27.9,116362.0
2021-02-05 13:00:00,NSE:DWARKESH,27.95,28.0,27.75,27.75,46152.0
2021-02-05 14:00:00,NSE:DWARKESH,27.75,27.95,27.75,27.8,92562.0
2021-02-05 15:00:00,NSE:DWARKESH,27.85,27.85,27.7,27.85,129201.0
2021-02-08 09:00:00,NSE:DWARKESH,27.9,28.2,27.8,27.8,232265.0
2021-02-08 10:00:00,NSE:DWARKESH,27.8,27.8,27.55,27.7,207233.0
2021-02-08 11:00:00,NSE:DWARKESH,27.7,27.75,27.3,27.35,278322.0
2021-02-08 12:00:00,NSE:DWARKESH,27.4,27.45,27.25,27.4,142046.0
2021-02-08 13:00:00,NSE:DWARKESH,27.4,27.45,26.9,27.25,277687.0
2021-02-08 14:00:00,NSE:DWARKESH,27.25,27.35,27.1,27.2,80150.0
2021-02-08 15:00:00,NSE:DWARKESH,27.15,27.3,27.05,27.05,200076.0
2021-02-09 09:00:00,NSE:DWARKESH,27.25,27.3,26.85,26.85,184409.0
2021-02-09 10:00:00,NSE:DWARKESH,26.9,27.05,26.85,27.0,136725.0
2021-02-09 11:00:00,NSE:DWARKESH,27.05,27.05,26.85,26.95,122194.0
2021-02-09 12:00:00,NSE:DWARKESH,26.95,26.95,26.7,26.85,92543.0
2021-02-09 13:00:00,NSE:DWARKESH,26.9,26.9,26.7,26.85,70354.0
2021-02-09 14:00:00,NSE:DWARKESH,26.9,27.0,26.65,26.7,189094.0
2021-02-09 15:00:00,NSE:DWARKESH,26.65,26.95,26.65,26.75,100185.0
2021-02-10 09:00:00,NSE:DWARKESH,26.9,27.2,26.6,27.1,138195.0
2021-02-10 10:00:00,NSE:DWARKESH,27.0,27.1,26.7,26.75,107715.0
2021-02-10 11:00:00,NSE:DWARKESH,26.85,27.3,26.8,27.05,106223.0
2021-02-10 12:00:00,NSE:DWARKESH,27.05,27.15,26.85,27.05,100461.0
2021-02-10 13:00:00,NSE:DWARKESH,27.05,27.05,26.9,26.95,46902.0
2021-02-10 14:00:00,NSE:DWARKESH,27.0,27.0,26.7,26.85,64203.0
2021-02-10 15:00:00,NSE:DWARKESH,26.85,27.15,26.85,27.0,146254.0
2021-02-11 09:00:00,NSE:DWARKESH,27.15,27.2,26.85,26.95,170841.0
2021-02-11 10:00:00,NSE:DWARKESH,26.95,27.1,26.85,27.05,77217.0
2021-02-11 11:00:00,NSE:DWARKESH,27.05,27.05,26.9,26.9,57287.0
2021-02-11 12:00:00,NSE:DWARKESH,26.9,27.0,26.85,27.0,59478.0
2021-02-11 13:00:00,NSE:DWARKESH,27.0,27.1,26.9,27.05,94805.0
2021-02-11 14:00:00,NSE:DWARKESH,27.0,27.1,26.95,27.0,75507.0
2021-02-11 15:00:00,NSE:DWARKESH,27.0,27.1,26.95,27.1,66247.0
2021-02-12 09:00:00,NSE:DWARKESH,27.05,27.25,26.95,27.15,79636.0
2021-02-12 10:00:00,NSE:DWARKESH,27.15,27.15,27.05,27.15,19543.0
2021-02-12 11:00:00,NSE:DWARKESH,27.1,27.2,27.0,27.05,47234.0
2021-02-12 12:00:00,NSE:DWARKESH,27.05,27.1,26.9,27.05,49624.0
2021-02-12 13:00:00,NSE:DWARKESH,27.05,27.1,26.9,26.9,31558.0
2021-02-12 14:00:00,NSE:DWARKESH,26.9,27.05,26.85,26.85,94863.0
2021-02-12 15:00:00,NSE:DWARKESH,26.9,27.1,26.9,26.95,109649.0
2021-02-15 09:00:00,NSE:DWARKESH,27.2,27.25,26.9,27.05,148482.0
2021-02-15 10:00:00,NSE:DWARKESH,27.1,27.15,27.0,27.1,38431.0
2021-02-15 11:00:00,NSE:DWARKESH,27.05,27.05,26.8,26.95,156076.0
2021-02-15 12:00:00,NSE:DWARKESH,26.9,26.95,26.75,26.9,28020.0
2021-02-15 13:00:00,NSE:DWARKESH,26.9,26.95,26.8,26.9,27960.0
2021-02-15 14:00:00,NSE:DWARKESH,26.85,26.9,26.7,26.75,71428.0
2021-02-15 15:00:00,NSE:DWARKESH,26.8,26.8,26.7,26.75,140128.0
2021-02-16 09:00:00,NSE:DWARKESH,26.75,27.05,26.7,26.85,175628.0
2021-02-16 10:00:00,NSE:DWARKESH,26.85,26.9,26.35,26.5,163233.0
2021-02-16 11:00:00,NSE:DWARKESH,26.45,26.5,26.05,26.25,271603.0
2021-02-16 12:00:00,NSE:DWARKESH,26.25,26.45,26.15,26.15,45540.0
2021-02-16 13:00:00,NSE:DWARKESH,26.2,26.3,26.05,26.2,186347.0
2021-02-16 14:00:00,NSE:DWARKESH,26.2,26.35,26.15,26.25,46073.0
2021-02-16 15:00:00,NSE:DWARKESH,26.25,26.35,26.2,26.3,102275.0
2021-02-17 09:00:00,NSE:DWARKESH,26.35,26.55,26.1,26.5,123748.0
2021-02-17 10:00:00,NSE:DWARKESH,26.55,26.85,26.4,26.85,214986.0
2021-02-17 11:00:00,NSE:DWARKESH,26.75,27.35,26.55,27.25,329587.0
2021-02-17 12:00:00,NSE:DWARKESH,27.3,28.25,27.05,27.9,520716.0
2021-02-17 13:00:00,NSE:DWARKESH,27.75,27.8,27.3,27.3,189245.0
2021-02-17 14:00:00,NSE:DWARKESH,27.35,27.7,27.3,27.65,120212.0
2021-02-17 15:00:00,NSE:DWARKESH,27.65,28.1,27.65,27.9,416405.0
2021-02-18 09:00:00,NSE:DWARKESH,27.9,28.2,27.55,27.85,141056.0
2021-02-18 10:00:00,NSE:DWARKESH,27.9,29.0,27.9,28.35,832800.0
2021-02-18 11:00:00,NSE:DWARKESH,28.35,28.7,28.15,28.5,201288.0
2021-02-18 12:00:00,NSE:DWARKESH,28.45,28.75,28.3,28.5,138993.0
2021-02-18 13:00:00,NSE:DWARKESH,28.5,28.75,28.35,28.5,179778.0
2021-02-18 14:00:00,NSE:DWARKESH,28.5,29.3,28.4,28.6,780623.0
2021-02-18 15:00:00,NSE:DWARKESH,28.65,28.75,28.4,28.7,294731.0
2021-02-19 09:00:00,NSE:DWARKESH,28.55,28.85,28.1,28.6,186038.0
2021-02-19 10:00:00,NSE:DWARKESH,28.65,28.65,28.25,28.3,53503.0
2021-02-19 11:00:00,NSE:DWARKESH,28.3,28.5,28.2,28.45,67524.0
2021-02-19 12:00:00,NSE:DWARKESH,28.45,28.65,28.15,28.2,271770.0
2021-02-19 13:00:00,NSE:DWARKESH,28.2,28.2,27.85,27.85,124109.0
2021-02-19 14:00:00,NSE:DWARKESH,27.9,27.9,27.25,27.25,270405.0
2021-02-19 15:00:00,NSE:DWARKESH,27.35,27.5,27.2,27.3,277952.0
2021-02-22 09:00:00,NSE:DWARKESH,27.3,27.55,27.1,27.25,125265.0
2021-02-22 10:00:00,NSE:DWARKESH,27.25,27.4,26.9,27.3,101874.0
2021-02-22 11:00:00,NSE:DWARKESH,27.3,27.3,27.1,27.1,41668.0
2021-02-22 12:00:00,NSE:DWARKESH,27.1,27.25,27.05,27.1,77976.0
2021-02-22 13:00:00,NSE:DWARKESH,27.0,27.15,26.75,26.8,107557.0
2021-02-22 14:00:00,NSE:DWARKESH,26.75,27.15,26.65,27.05,197295.0
2021-02-22 15:00:00,NSE:DWARKESH,26.95,27.0,26.75,26.85,143000.0
2021-02-23 09:00:00,NSE:DWARKESH,27.7,28.25,26.75,27.1,275496.0
2021-02-23 10:00:00,NSE:DWARKESH,27.2,27.4,26.9,26.95,154044.0
2021-02-23 11:00:00,NSE:DWARKESH,27.0,27.2,26.95,27.15,41816.0
2021-02-23 12:00:00,NSE:DWARKESH,27.0,27.15,27.0,27.05,20813.0
2021-02-23 13:00:00,NSE:DWARKESH,27.1,27.25,27.0,27.25,28797.0
2021-02-23 14:00:00,NSE:DWARKESH,27.25,29.0,27.25,28.55,1808335.0
2021-02-23 15:00:00,NSE:DWARKESH,28.55,28.95,28.35,28.6,551920.0
2021-02-24 09:00:00,NSE:DWARKESH,29.0,29.15,28.55,28.8,481967.0
2021-02-24 10:00:00,NSE:DWARKESH,28.9,28.9,28.6,28.75,240032.0
2021-02-24 11:00:00,NSE:DWARKESH,28.75,28.95,28.6,28.8,191911.0
2021-02-24 15:00:00,NSE:DWARKESH,29.0,29.1,28.2,28.95,68386.0
2021-02-24 16:00:00,NSE:DWARKESH,28.9,29.4,28.8,29.15,507774.0
2021-02-25 09:00:00,NSE:DWARKESH,29.35,29.5,28.45,29.3,1093727.0
2021-02-25 10:00:00,NSE:DWARKESH,29.35,29.35,29.0,29.0,330480.0
2021-02-25 11:00:00,NSE:DWARKESH,29.0,29.75,28.95,29.35,416481.0
2021-02-25 12:00:00,NSE:DWARKESH,29.35,30.35,29.15,29.9,862230.0
2021-02-25 13:00:00,NSE:DWARKESH,29.95,30.0,29.8,29.9,157925.0
2021-02-25 14:00:00,NSE:DWARKESH,29.95,30.2,29.4,29.6,258992.0
2021-02-25 15:00:00,NSE:DWARKESH,29.65,30.1,29.6,29.95,355010.0
2021-02-26 09:00:00,NSE:DWARKESH,29.35,29.75,29.1,29.55,232465.0
2021-02-26 10:00:00,NSE:DWARKESH,29.6,29.6,29.15,29.25,137823.0
2021-02-26 11:00:00,NSE:DWARKESH,29.25,29.35,28.55,29.05,485454.0
2021-02-26 12:00:00,NSE:DWARKESH,29.05,29.55,28.6,29.55,1219032.0
2021-02-26 13:00:00,NSE:DWARKESH,29.6,31.7,28.9,30.35,2120052.0
2021-02-26 14:00:00,NSE:DWARKESH,30.4,30.7,30.2,30.4,453382.0
2021-02-26 15:00:00,NSE:DWARKESH,30.35,30.5,29.55,29.9,380558.0
2021-03-01 09:00:00,NSE:DWARKESH,30.15,30.35,29.55,29.85,162647.0
2021-03-01 10:00:00,NSE:DWARKESH,29.85,30.15,29.8,30.05,101469.0
2021-03-01 11:00:00,NSE:DWARKESH,30.0,30.05,29.6,29.9,217184.0
2021-03-01 12:00:00,NSE:DWARKESH,29.95,30.0,29.75,29.95,45627.0
2021-03-01 13:00:00,NSE:DWARKESH,29.9,30.5,29.8,30.1,257301.0
2021-03-01 14:00:00,NSE:DWARKESH,30.1,30.8,29.9,30.45,441426.0
2021-03-01 15:00:00,NSE:DWARKESH,30.5,31.8,30.45,31.45,2162324.0
2021-03-02 09:00:00,NSE:DWARKESH,31.6,32.15,31.5,31.85,557123.0
2021-03-02 10:00:00,NSE:DWARKESH,31.8,32.6,31.8,32.15,815754.0
2021-03-02 11:00:00,NSE:DWARKESH,32.15,32.2,31.5,31.85,225021.0
2021-03-02 12:00:00,NSE:DWARKESH,31.9,32.25,31.8,32.1,175340.0
2021-03-02 13:00:00,NSE:DWARKESH,32.15,32.95,32.0,32.1,1103508.0
2021-03-02 14:00:00,NSE:DWARKESH,32.05,32.7,32.0,32.05,893852.0
2021-03-02 15:00:00,NSE:DWARKESH,32.05,32.15,31.75,32.0,303951.0
2021-03-03 09:00:00,NSE:DWARKESH,32.2,32.5,31.55,31.7,523761.0
2021-03-03 10:00:00,NSE:DWARKESH,31.75,32.3,31.65,31.75,413388.0
2021-03-03 11:00:00,NSE:DWARKESH,31.75,33.95,31.7,33.7,2109395.0
2021-03-03 12:00:00,NSE:DWARKESH,33.7,33.7,33.05,33.2,521310.0
2021-03-03 13:00:00,NSE:DWARKESH,33.25,33.75,33.15,33.65,357920.0
2021-03-03 14:00:00,NSE:DWARKESH,33.65,35.35,33.55,35.35,2701190.0
2021-03-03 15:00:00,NSE:DWARKESH,35.35,35.75,34.95,35.35,2093620.0
2021-03-04 09:00:00,NSE:DWARKESH,34.0,35.35,34.0,35.15,1362093.0
2021-03-04 10:00:00,NSE:DWARKESH,35.25,36.3,34.7,36.1,1553860.0
2021-03-04 11:00:00,NSE:DWARKESH,36.1,36.25,35.3,35.55,521170.0
2021-03-04 12:00:00,NSE:DWARKESH,35.5,35.6,35.05,35.45,265116.0
2021-03-04 13:00:00,NSE:DWARKESH,35.4,36.25,34.45,36.0,1389581.0
2021-03-04 14:00:00,NSE:DWARKESH,35.85,37.2,35.65,37.15,1972474.0
2021-03-04 15:00:00,NSE:DWARKESH,37.15,37.95,35.55,36.8,2797751.0
2021-03-05 09:00:00,NSE:DWARKESH,36.6,38.7,36.35,37.35,2966425.0
2021-03-05 10:00:00,NSE:DWARKESH,37.4,37.95,36.9,36.95,1750974.0
2021-03-05 11:00:00,NSE:DWARKESH,36.9,37.1,36.5,36.6,422906.0
2021-03-05 12:00:00,NSE:DWARKESH,36.65,37.15,36.45,37.1,190214.0
2021-03-05 13:00:00,NSE:DWARKESH,37.15,37.2,35.5,35.7,358019.0
2021-03-05 14:00:00,NSE:DWARKESH,35.7,35.75,34.65,34.7,623285.0
2021-03-05 15:00:00,NSE:DWARKESH,34.7,35.7,34.5,35.15,666408.0
2021-03-08 09:00:00,NSE:DWARKESH,35.5,36.5,35.3,36.2,612844.0
2021-03-08 10:00:00,NSE:DWARKESH,36.15,36.65,35.25,36.0,1511073.0
2021-03-08 11:00:00,NSE:DWARKESH,35.9,37.35,35.4,37.2,1194803.0
2021-03-08 12:00:00,NSE:DWARKESH,37.1,37.35,36.15,36.45,464872.0
2021-03-08 13:00:00,NSE:DWARKESH,36.45,37.15,36.35,36.65,221305.0
2021-03-08 14:00:00,NSE:DWARKESH,36.7,36.95,36.5,36.5,226316.0
2021-03-08 15:00:00,NSE:DWARKESH,36.55,36.85,36.05,36.5,438235.0
2021-03-09 09:00:00,NSE:DWARKESH,36.75,37.1,36.1,36.1,465996.0
2021-03-09 10:00:00,NSE:DWARKESH,36.1,36.75,35.65,35.85,448900.0
2021-03-09 11:00:00,NSE:DWARKESH,35.8,36.7,35.8,36.6,386737.0
2021-03-09 12:00:00,NSE:DWARKESH,36.6,36.75,35.55,35.6,431859.0
2021-03-09 13:00:00,NSE:DWARKESH,35.6,35.65,34.55,35.05,760636.0
2021-03-09 14:00:00,NSE:DWARKESH,35.05,35.5,34.75,35.3,275106.0
2021-03-09 15:00:00,NSE:DWARKESH,35.25,35.55,35.05,35.35,203764.0
2021-03-10 09:00:00,NSE:DWARKESH,35.6,35.75,34.65,34.8,312248.0
2021-03-10 10:00:00,NSE:DWARKESH,34.85,35.45,34.75,35.0,212006.0
2021-03-10 11:00:00,NSE:DWARKESH,34.9,34.95,34.6,34.85,84171.0
2021-03-10 12:00:00,NSE:DWARKESH,34.8,35.05,34.65,34.8,140069.0
2021-03-10 13:00:00,NSE:DWARKESH,34.65,34.8,34.5,34.6,72054.0
2021-03-10 14:00:00,NSE:DWARKESH,34.55,35.1,34.55,34.7,488568.0
2021-03-10 15:00:00,NSE:DWARKESH,34.65,34.7,34.5,34.6,211249.0
2021-03-12 09:00:00,NSE:DWARKESH,35.05,35.75,34.6,35.35,444140.0
2021-03-12 10:00:00,NSE:DWARKESH,35.35,36.0,34.95,35.75,419371.0
2021-03-12 11:00:00,NSE:DWARKESH,35.7,35.75,35.2,35.4,230579.0
2021-03-12 12:00:00,NSE:DWARKESH,35.3,35.45,34.6,34.9,481196.0
2021-03-12 13:00:00,NSE:DWARKESH,34.9,34.9,34.5,34.6,132864.0
2021-03-12 14:00:00,NSE:DWARKESH,34.75,34.75,34.1,34.35,189670.0
2021-03-12 15:00:00,NSE:DWARKESH,34.35,34.4,34.1,34.3,229482.0
2021-03-15 09:00:00,NSE:DWARKESH,34.3,34.5,32.55,33.2,346270.0
2021-03-15 10:00:00,NSE:DWARKESH,33.2,33.35,32.75,32.75,123178.0
2021-03-15 11:00:00,NSE:DWARKESH,32.75,32.85,32.35,32.8,134584.0
2021-03-15 12:00:00,NSE:DWARKESH,32.75,33.05,32.6,32.95,193780.0
2021-03-15 13:00:00,NSE:DWARKESH,32.85,33.05,32.7,32.95,73203.0
2021-03-15 14:00:00,NSE:DWARKESH,32.9,33.35,32.75,33.25,123016.0
2021-03-15 15:00:00,NSE:DWARKESH,33.3,33.3,33.0,33.1,104972.0
2021-03-16 09:00:00,NSE:DWARKESH,33.3,33.8,33.1,33.6,190930.0
2021-03-16 10:00:00,NSE:DWARKESH,33.55,33.85,33.5,33.65,80809.0
2021-03-16 11:00:00,NSE:DWARKESH,33.7,34.7,33.55,34.0,515320.0
2021-03-16 12:00:00,NSE:DWARKESH,34.0,34.25,33.7,33.8,214592.0
2021-03-16 13:00:00,NSE:DWARKESH,33.7,33.85,33.25,33.45,177889.0
2021-03-16 14:00:00,NSE:DWARKESH,33.45,33.75,33.4,33.45,111072.0
2021-03-16 15:00:00,NSE:DWARKESH,33.45,33.55,33.2,33.45,130254.0
2021-03-17 09:00:00,NSE:DWARKESH,32.6,34.75,32.6,34.3,352261.0
2021-03-17 10:00:00,NSE:DWARKESH,34.2,34.5,33.8,34.1,149812.0
2021-03-17 11:00:00,NSE:DWARKESH,34.1,34.8,33.85,34.4,158234.0
2021-03-17 12:00:00,NSE:DWARKESH,34.3,34.65,33.85,34.25,316505.0
2021-03-17 13:00:00,NSE:DWARKESH,34.3,34.6,34.15,34.2,159435.0
2021-03-17 14:00:00,NSE:DWARKESH,34.3,34.3,32.95,33.05,282398.0
2021-03-17 15:00:00,NSE:DWARKESH,33.05,33.05,32.4,32.7,215835.0
2021-03-18 09:00:00,NSE:DWARKESH,33.05,34.4,33.05,34.25,401856.0
2021-03-18 10:00:00,NSE:DWARKESH,34.25,34.3,33.5,33.6,260682.0
2021-03-18 11:00:00,NSE:DWARKESH,33.6,34.15,33.15,33.65,382210.0
2021-03-18 12:00:00,NSE:DWARKESH,33.55,33.7,33.25,33.25,56216.0
2021-03-18 13:00:00,NSE:DWARKESH,33.3,33.35,32.3,32.35,194307.0
2021-03-18 14:00:00,NSE:DWARKESH,32.35,32.45,31.75,32.0,287356.0
2021-03-18 15:00:00,NSE:DWARKESH,32.0,32.5,31.85,32.5,166783.0
2021-03-19 09:00:00,NSE:DWARKESH,32.0,32.0,30.0,31.0,418092.0
2021-03-19 10:00:00,NSE:DWARKESH,31.1,31.7,30.9,31.45,289581.0
2021-03-19 11:00:00,NSE:DWARKESH,31.5,31.8,31.25,31.55,218345.0
2021-03-19 12:00:00,NSE:DWARKESH,31.55,31.6,31.3,31.45,50970.0
2021-03-19 13:00:00,NSE:DWARKESH,31.5,32.2,31.45,31.85,119547.0
2021-03-19 14:00:00,NSE:DWARKESH,31.85,32.4,31.65,32.25,135439.0
2021-03-19 15:00:00,NSE:DWARKESH,32.2,32.4,31.45,31.95,160914.0
2021-03-22 09:00:00,NSE:DWARKESH,31.75,32.05,31.6,31.7,133163.0
2021-03-22 10:00:00,NSE:DWARKESH,31.75,31.75,31.1,31.4,231812.0
2021-03-22 11:00:00,NSE:DWARKESH,31.45,31.8,31.25,31.7,168245.0
2021-03-22 12:00:00,NSE:DWARKESH,31.6,31.7,31.3,31.35,63528.0
2021-03-22 13:00:00,NSE:DWARKESH,31.4,32.2,31.3,32.0,494715.0
2021-03-22 14:00:00,NSE:DWARKESH,32.0,32.05,31.5,31.7,150077.0
2021-03-22 15:00:00,NSE:DWARKESH,31.7,31.7,31.5,31.6,115897.0
2021-03-23 09:00:00,NSE:DWARKESH,31.6,32.55,31.6,32.5,214699.0
2021-03-23 10:00:00,NSE:DWARKESH,32.5,32.8,32.15,32.6,195171.0
2021-03-23 11:00:00,NSE:DWARKESH,32.65,32.65,32.1,32.2,94487.0
2021-03-23 12:00:00,NSE:DWARKESH,32.3,32.4,32.1,32.3,70206.0
2021-03-23 13:00:00,NSE:DWARKESH,32.2,32.3,31.8,32.2,107108.0
2021-03-23 14:00:00,NSE:DWARKESH,32.15,32.4,32.0,32.15,88502.0
2021-03-23 15:00:00,NSE:DWARKESH,32.15,32.2,31.85,32.0,220184.0
2021-03-24 09:00:00,NSE:DWARKESH,31.85,32.4,31.6,31.85,438051.0
2021-03-24 10:00:00,NSE:DWARKESH,31.85,32.35,31.75,31.9,204882.0
2021-03-24 11:00:00,NSE:DWARKESH,31.95,32.1,31.8,32.1,149747.0
2021-03-24 12:00:00,NSE:DWARKESH,32.05,32.2,31.8,31.9,114644.0
2021-03-24 13:00:00,NSE:DWARKESH,31.9,32.05,31.85,31.9,141879.0
2021-03-24 14:00:00,NSE:DWARKESH,31.95,31.95,31.35,31.5,205591.0
2021-03-24 15:00:00,NSE:DWARKESH,31.4,31.5,31.1,31.25,235344.0
2021-03-25 09:00:00,NSE:DWARKESH,31.4,33.9,31.0,32.85,2005984.0
2021-03-25 10:00:00,NSE:DWARKESH,32.85,33.25,32.6,32.8,437225.0
2021-03-25 11:00:00,NSE:DWARKESH,32.8,32.95,32.35,32.45,286675.0
2021-03-25 12:00:00,NSE:DWARKESH,32.45,32.8,32.2,32.4,314640.0
2021-03-25 13:00:00,NSE:DWARKESH,32.45,32.5,32.05,32.1,210403.0
2021-03-25 14:00:00,NSE:DWARKESH,32.15,32.4,31.9,32.3,354315.0
2021-03-25 15:00:00,NSE:DWARKESH,32.3,32.4,31.7,32.05,257472.0
2021-03-26 09:00:00,NSE:DWARKESH,32.6,32.8,31.7,31.9,143453.0
2021-03-26 10:00:00,NSE:DWARKESH,31.85,32.5,31.7,32.3,212605.0
2021-03-26 11:00:00,NSE:DWARKESH,32.35,32.55,32.1,32.25,250836.0
2021-03-26 12:00:00,NSE:DWARKESH,32.25,32.4,32.05,32.35,90428.0
2021-03-26 13:00:00,NSE:DWARKESH,32.4,32.45,32.0,32.1,72987.0
2021-03-26 14:00:00,NSE:DWARKESH,32.1,32.6,31.8,32.35,383355.0
2021-03-26 15:00:00,NSE:DWARKESH,32.35,32.55,31.9,32.2,258710.0
2021-03-30 09:00:00,NSE:DWARKESH,32.3,32.6,31.15,31.3,590339.0
2021-03-30 10:00:00,NSE:DWARKESH,31.3,31.7,31.1,31.4,270206.0
2021-03-30 11:00:00,NSE:DWARKESH,31.45,31.45,31.15,31.15,65993.0
2021-03-30 12:00:00,NSE:DWARKESH,31.25,31.3,31.15,31.2,71812.0
2021-03-30 13:00:00,NSE:DWARKESH,31.25,31.35,31.15,31.25,67212.0
2021-03-30 14:00:00,NSE:DWARKESH,31.3,31.35,31.1,31.3,68474.0
2021-03-30 15:00:00,NSE:DWARKESH,31.3,31.3,31.0,31.05,144602.0
2021-03-31 09:00:00,NSE:DWARKESH,31.0,31.3,30.95,31.15,176635.0
2021-03-31 10:00:00,NSE:DWARKESH,31.15,31.15,30.6,30.65,186392.0
2021-03-31 11:00:00,NSE:DWARKESH,30.75,30.9,30.7,30.8,83344.0
2021-03-31 12:00:00,NSE:DWARKESH,30.8,31.3,30.7,31.15,132929.0
2021-03-31 13:00:00,NSE:DWARKESH,31.15,31.25,30.85,31.1,96967.0
2021-03-31 14:00:00,NSE:DWARKESH,31.1,31.55,30.8,30.9,208413.0
2021-03-31 15:00:00,NSE:DWARKESH,30.85,31.0,30.7,30.8,190705.0
2021-04-01 09:00:00,NSE:DWARKESH,31.7,31.75,31.2,31.5,306457.0
2021-04-01 10:00:00,NSE:DWARKESH,31.45,31.5,31.05,31.1,158081.0
2021-04-01 11:00:00,NSE:DWARKESH,31.1,31.45,31.05,31.2,73350.0
2021-04-01 12:00:00,NSE:DWARKESH,31.25,31.4,31.2,31.25,61825.0
2021-04-01 13:00:00,NSE:DWARKESH,31.25,31.5,31.1,31.2,94889.0
2021-04-01 14:00:00,NSE:DWARKESH,31.15,31.5,31.15,31.3,89910.0
2021-04-01 15:00:00,NSE:DWARKESH,31.25,31.9,31.25,31.6,277026.0
2021-04-05 09:00:00,NSE:DWARKESH,31.4,31.8,31.0,31.0,192000.0
2021-04-05 10:00:00,NSE:DWARKESH,31.0,31.0,30.05,30.35,288260.0
2021-04-05 11:00:00,NSE:DWARKESH,30.35,30.4,30.15,30.3,114941.0
2021-04-05 12:00:00,NSE:DWARKESH,30.35,30.8,30.25,30.8,96512.0
2021-04-05 13:00:00,NSE:DWARKESH,30.8,31.1,30.7,30.95,63686.0
2021-04-05 14:00:00,NSE:DWARKESH,30.9,31.0,30.8,30.95,97626.0
2021-04-05 15:00:00,NSE:DWARKESH,30.9,31.0,30.6,30.75,105264.0
2021-04-06 09:00:00,NSE:DWARKESH,30.85,31.15,30.65,30.95,149448.0
2021-04-06 10:00:00,NSE:DWARKESH,30.95,30.95,30.7,30.9,83092.0
2021-04-06 11:00:00,NSE:DWARKESH,30.95,31.05,30.9,30.95,67498.0
2021-04-06 12:00:00,NSE:DWARKESH,30.95,30.95,30.7,30.75,113460.0
2021-04-06 13:00:00,NSE:DWARKESH,30.75,30.9,30.35,30.45,129435.0
2021-04-06 14:00:00,NSE:DWARKESH,30.45,30.7,30.45,30.5,36212.0
2021-04-06 15:00:00,NSE:DWARKESH,30.55,30.55,30.1,30.45,114775.0
2021-04-07 09:00:00,NSE:DWARKESH,30.7,31.8,30.45,31.6,376027.0
2021-04-07 10:00:00,NSE:DWARKESH,31.6,31.65,31.2,31.3,108003.0
2021-04-07 11:00:00,NSE:DWARKESH,31.3,31.35,31.15,31.25,60781.0
2021-04-07 12:00:00,NSE:DWARKESH,31.25,31.35,31.15,31.2,31892.0
2021-04-07 13:00:00,NSE:DWARKESH,31.25,31.25,30.8,31.0,133691.0
2021-04-07 14:00:00,NSE:DWARKESH,30.95,31.15,30.85,30.95,70997.0
2021-04-07 15:00:00,NSE:DWARKESH,30.95,31.25,30.8,31.05,117846.0
2021-04-08 09:00:00,NSE:DWARKESH,31.2,32.05,31.2,31.75,326053.0
2021-04-08 10:00:00,NSE:DWARKESH,31.8,32.75,31.75,32.65,687197.0
2021-04-08 11:00:00,NSE:DWARKESH,32.75,33.1,32.4,32.55,365806.0
2021-04-08 12:00:00,NSE:DWARKESH,32.6,32.65,32.25,32.3,172363.0
2021-04-08 13:00:00,NSE:DWARKESH,32.25,32.4,32.25,32.3,90707.0
2021-04-08 14:00:00,NSE:DWARKESH,32.35,32.45,31.8,31.85,331593.0
2021-04-08 15:00:00,NSE:DWARKESH,31.85,33.45,31.8,32.9,809870.0
2021-04-09 09:00:00,NSE:DWARKESH,33.65,34.1,33.15,33.8,641371.0
2021-04-09 10:00:00,NSE:DWARKESH,33.75,33.9,33.65,33.75,269757.0
2021-04-09 11:00:00,NSE:DWARKESH,33.75,33.9,33.65,33.9,146646.0
2021-04-09 12:00:00,NSE:DWARKESH,33.95,34.4,33.85,34.1,438865.0
2021-04-09 13:00:00,NSE:DWARKESH,34.15,34.2,33.35,33.75,319151.0
2021-04-09 14:00:00,NSE:DWARKESH,33.75,33.95,33.4,33.75,188144.0
2021-04-09 15:00:00,NSE:DWARKESH,33.8,33.8,33.55,33.8,255454.0
2021-04-12 09:00:00,NSE:DWARKESH,32.6,32.6,30.9,31.65,713591.0
2021-04-12 10:00:00,NSE:DWARKESH,31.65,31.65,31.1,31.4,221403.0
2021-04-12 11:00:00,NSE:DWARKESH,31.35,31.5,30.7,30.85,239171.0
2021-04-12 12:00:00,NSE:DWARKESH,30.85,31.1,30.65,30.9,170949.0
2021-04-12 13:00:00,NSE:DWARKESH,30.85,31.1,30.8,31.0,64231.0
2021-04-12 14:00:00,NSE:DWARKESH,31.0,31.3,30.7,30.75,119929.0
2021-04-12 15:00:00,NSE:DWARKESH,30.8,30.8,30.6,30.65,128795.0
2021-04-13 09:00:00,NSE:DWARKESH,30.7,31.35,30.7,31.2,255872.0
2021-04-13 10:00:00,NSE:DWARKESH,31.15,31.45,30.75,30.85,140466.0
2021-04-13 11:00:00,NSE:DWARKESH,30.9,31.15,30.55,30.9,282615.0
2021-04-13 12:00:00,NSE:DWARKESH,30.9,31.25,30.75,31.0,116041.0
2021-04-13 13:00:00,NSE:DWARKESH,31.0,31.7,30.9,31.4,208725.0
2021-04-13 14:00:00,NSE:DWARKESH,31.4,32.15,31.35,31.9,365742.0
2021-04-13 15:00:00,NSE:DWARKESH,31.9,31.9,31.55,31.7,115956.0
2021-04-15 09:00:00,NSE:DWARKESH,32.0,33.65,31.75,32.7,1769462.0
2021-04-15 10:00:00,NSE:DWARKESH,32.7,33.45,32.4,33.3,1078136.0
2021-04-15 11:00:00,NSE:DWARKESH,33.3,33.95,32.75,33.7,642470.0
2021-04-15 12:00:00,NSE:DWARKESH,33.7,34.6,33.45,34.25,1166048.0
2021-04-15 13:00:00,NSE:DWARKESH,34.3,34.5,33.85,34.3,450180.0
2021-04-15 14:00:00,NSE:DWARKESH,34.25,34.4,33.85,34.0,358713.0
2021-04-15 15:00:00,NSE:DWARKESH,34.0,34.45,34.0,34.3,556938.0
2021-04-16 09:00:00,NSE:DWARKESH,35.0,35.75,34.65,35.5,1450406.0
2021-04-16 10:00:00,NSE:DWARKESH,35.5,36.0,35.15,35.2,862432.0
2021-04-16 11:00:00,NSE:DWARKESH,35.2,35.3,34.8,34.9,264243.0
2021-04-16 12:00:00,NSE:DWARKESH,34.9,35.45,34.8,35.25,264249.0
2021-04-16 13:00:00,NSE:DWARKESH,35.25,35.45,34.9,34.95,332194.0
2021-04-16 14:00:00,NSE:DWARKESH,34.95,35.25,34.85,35.0,247558.0
2021-04-16 15:00:00,NSE:DWARKESH,35.0,35.1,34.15,34.65,461351.0
2021-04-19 09:00:00,NSE:DWARKESH,33.9,33.9,32.0,33.65,613688.0
2021-04-19 10:00:00,NSE:DWARKESH,33.6,34.15,33.3,33.8,509381.0
2021-04-19 11:00:00,NSE:DWARKESH,33.75,33.85,33.2,33.35,182086.0
2021-04-19 12:00:00,NSE:DWARKESH,33.35,33.35,33.1,33.25,91933.0
2021-04-19 13:00:00,NSE:DWARKESH,33.25,33.25,32.9,33.25,85035.0
2021-04-19 14:00:00,NSE:DWARKESH,33.15,33.55,33.0,33.05,100763.0
2021-04-19 15:00:00,NSE:DWARKESH,33.05,33.8,32.65,33.05,397294.0
2021-04-20 09:00:00,NSE:DWARKESH,33.65,33.9,33.45,33.65,189179.0
2021-04-20 10:00:00,NSE:DWARKESH,33.6,33.7,33.2,33.35,137104.0
2021-04-20 11:00:00,NSE:DWARKESH,33.3,33.55,33.15,33.4,88772.0
2021-04-20 12:00:00,NSE:DWARKESH,33.4,34.25,33.35,33.7,563694.0
2021-04-20 13:00:00,NSE:DWARKESH,33.7,34.1,33.65,33.9,128429.0
2021-04-20 14:00:00,NSE:DWARKESH,33.8,34.0,32.85,32.95,286721.0
2021-04-20 15:00:00,NSE:DWARKESH,33.0,33.25,32.7,33.0,190379.0
2021-04-22 09:00:00,NSE:DWARKESH,32.6,33.85,32.6,33.75,368372.0
2021-04-22 10:00:00,NSE:DWARKESH,33.75,34.45,33.35,33.95,433186.0
2021-04-22 11:00:00,NSE:DWARKESH,33.95,34.15,33.55,34.1,149848.0
2021-04-22 12:00:00,NSE:DWARKESH,34.1,34.3,33.75,34.15,160410.0
2021-04-22 13:00:00,NSE:DWARKESH,34.15,34.3,33.85,34.15,211950.0
2021-04-22 14:00:00,NSE:DWARKESH,34.15,34.7,33.9,34.1,372210.0
2021-04-22 15:00:00,NSE:DWARKESH,34.1,35.4,34.05,34.75,616558.0
2021-04-23 09:00:00,NSE:DWARKESH,35.1,36.35,34.5,35.75,1032488.0
2021-04-23 10:00:00,NSE:DWARKESH,35.9,37.95,35.9,37.4,4122773.0
2021-04-23 11:00:00,NSE:DWARKESH,37.35,37.75,36.65,36.85,786384.0
2021-04-23 12:00:00,NSE:DWARKESH,36.85,37.25,36.8,37.1,295670.0
2021-04-23 13:00:00,NSE:DWARKESH,37.15,37.15,36.6,36.65,292402.0
2021-04-23 14:00:00,NSE:DWARKESH,36.65,36.75,35.75,36.6,641871.0
2021-04-23 15:00:00,NSE:DWARKESH,36.65,36.85,35.9,36.3,422023.0
2021-04-26 09:00:00,NSE:DWARKESH,37.05,38.15,36.85,37.2,1227451.0
2021-04-26 10:00:00,NSE:DWARKESH,37.15,37.4,36.9,36.9,362075.0
2021-04-26 11:00:00,NSE:DWARKESH,36.9,37.1,36.9,37.0,160223.0
2021-04-26 12:00:00,NSE:DWARKESH,37.0,37.0,36.75,36.95,98069.0
2021-04-26 13:00:00,NSE:DWARKESH,36.9,37.1,36.35,36.45,229448.0
2021-04-26 14:00:00,NSE:DWARKESH,36.4,36.55,36.2,36.2,316942.0
2021-04-26 15:00:00,NSE:DWARKESH,36.2,36.45,35.7,35.9,368037.0
2021-04-27 09:00:00,NSE:DWARKESH,35.9,36.65,35.8,36.5,234648.0
2021-04-27 10:00:00,NSE:DWARKESH,36.4,36.5,35.9,35.95,174977.0
2021-04-27 11:00:00,NSE:DWARKESH,36.0,36.4,35.85,35.95,213858.0
2021-04-27 12:00:00,NSE:DWARKESH,35.9,36.15,35.6,35.75,144790.0
2021-04-27 13:00:00,NSE:DWARKESH,35.8,36.4,35.65,36.3,139467.0
2021-04-27 14:00:00,NSE:DWARKESH,36.25,37.1,36.25,36.85,561299.0
2021-04-27 15:00:00,NSE:DWARKESH,36.8,37.2,36.8,37.1,341353.0
2021-04-28 09:00:00,NSE:DWARKESH,37.7,37.9,37.25,37.55,656572.0
2021-04-28 10:00:00,NSE:DWARKESH,37.55,38.45,37.5,37.75,1219991.0
2021-04-28 11:00:00,NSE:DWARKESH,37.7,38.25,37.5,38.0,468767.0
2021-04-28 12:00:00,NSE:DWARKESH,38.0,38.4,37.85,38.15,578218.0
2021-04-28 13:00:00,NSE:DWARKESH,38.15,38.2,37.65,37.7,368900.0
2021-04-28 14:00:00,NSE:DWARKESH,37.7,37.8,37.35,37.4,283532.0
2021-04-28 15:00:00,NSE:DWARKESH,37.4,37.5,37.0,37.2,363466.0
2021-04-29 09:00:00,NSE:DWARKESH,37.45,37.7,36.3,36.6,544012.0
2021-04-29 10:00:00,NSE:DWARKESH,36.55,36.75,36.35,36.5,217569.0
2021-04-29 11:00:00,NSE:DWARKESH,36.5,36.9,36.35,36.7,178633.0
2021-04-29 12:00:00,NSE:DWARKESH,36.7,37.85,36.65,37.85,498967.0
2021-04-29 13:00:00,NSE:DWARKESH,37.75,38.4,37.55,38.0,992717.0
2021-04-29 14:00:00,NSE:DWARKESH,38.0,40.8,37.75,40.0,5702605.0
2021-04-29 15:00:00,NSE:DWARKESH,40.0,40.05,39.25,39.6,1316896.0
2021-04-30 09:00:00,NSE:DWARKESH,39.3,41.7,38.9,40.75,2604029.0
2021-04-30 10:00:00,NSE:DWARKESH,40.7,42.9,40.55,41.9,2671635.0
2021-04-30 11:00:00,NSE:DWARKESH,41.8,43.25,41.75,42.4,2104261.0
2021-04-30 12:00:00,NSE:DWARKESH,42.4,43.4,42.2,43.05,1384860.0
2021-04-30 13:00:00,NSE:DWARKESH,43.05,43.05,41.35,42.15,1192409.0
2021-04-30 14:00:00,NSE:DWARKESH,42.2,42.8,41.55,42.45,907666.0
2021-04-30 15:00:00,NSE:DWARKESH,42.5,42.5,41.6,42.0,1020407.0
2021-05-03 09:00:00,NSE:DWARKESH,42.05,46.9,42.05,46.85,5939201.0
2021-05-03 10:00:00,NSE:DWARKESH,46.8,48.4,46.65,47.6,4691152.0
2021-05-03 11:00:00,NSE:DWARKESH,47.6,49.7,47.2,49.4,2956283.0
2021-05-03 12:00:00,NSE:DWARKESH,49.45,50.4,49.15,50.2,8303103.0
2021-05-03 13:00:00,NSE:DWARKESH,50.15,50.4,49.55,49.9,4018545.0
2021-05-03 14:00:00,NSE:DWARKESH,49.9,50.4,49.7,50.0,5456814.0
2021-05-03 15:00:00,NSE:DWARKESH,50.1,50.35,49.65,50.1,1733894.0
2021-05-04 09:00:00,NSE:DWARKESH,52.35,56.0,48.7,51.4,12275207.0
2021-05-04 10:00:00,NSE:DWARKESH,51.45,51.75,49.05,49.8,2467611.0
2021-05-04 11:00:00,NSE:DWARKESH,49.85,49.95,48.2,48.3,1616568.0
2021-05-04 12:00:00,NSE:DWARKESH,48.4,49.0,46.75,48.0,2102077.0
2021-05-04 13:00:00,NSE:DWARKESH,48.0,48.85,46.25,48.5,2002664.0
2021-05-04 14:00:00,NSE:DWARKESH,48.5,48.95,45.7,46.25,2263898.0
2021-05-04 15:00:00,NSE:DWARKESH,46.15,46.7,45.6,46.15,1199759.0
2021-05-05 09:00:00,NSE:DWARKESH,48.05,51.8,47.25,49.9,6935133.0
2021-05-05 10:00:00,NSE:DWARKESH,50.05,50.4,49.35,49.9,1314183.0
2021-05-05 11:00:00,NSE:DWARKESH,49.9,49.9,48.3,48.85,1191466.0
2021-05-05 12:00:00,NSE:DWARKESH,48.75,49.75,48.75,49.2,727491.0
2021-05-05 13:00:00,NSE:DWARKESH,49.2,49.35,48.95,49.1,327013.0
2021-05-05 14:00:00,NSE:DWARKESH,49.2,49.55,48.85,49.4,600302.0
2021-05-05 15:00:00,NSE:DWARKESH,49.4,50.2,49.1,49.6,1341304.0
2021-05-06 09:00:00,NSE:DWARKESH,50.1,50.5,47.65,48.35,1371070.0
2021-05-06 10:00:00,NSE:DWARKESH,48.35,48.55,47.6,48.2,485925.0
2021-05-06 11:00:00,NSE:DWARKESH,48.2,48.5,47.75,48.05,259018.0
2021-05-06 12:00:00,NSE:DWARKESH,48.15,48.95,47.8,48.5,427993.0
2021-05-06 13:00:00,NSE:DWARKESH,48.5,48.6,48.15,48.4,443461.0
2021-05-06 14:00:00,NSE:DWARKESH,48.4,49.4,48.0,49.15,680911.0
2021-05-06 15:00:00,NSE:DWARKESH,49.15,50.15,48.8,49.6,1402735.0
2021-05-07 09:00:00,NSE:DWARKESH,51.5,52.8,50.55,50.65,3735547.0
2021-05-07 10:00:00,NSE:DWARKESH,50.65,51.05,50.3,50.7,804762.0
2021-05-07 11:00:00,NSE:DWARKESH,50.75,50.75,50.1,50.3,636400.0
2021-05-07 12:00:00,NSE:DWARKESH,50.2,50.6,50.1,50.6,347988.0
2021-05-07 13:00:00,NSE:DWARKESH,50.6,50.75,50.4,50.65,461335.0
2021-05-07 14:00:00,NSE:DWARKESH,50.65,52.0,50.65,50.8,2070116.0
2021-05-07 15:00:00,NSE:DWARKESH,50.8,50.9,50.4,50.5,1020546.0
2021-05-10 09:00:00,NSE:DWARKESH,51.4,52.0,50.6,51.8,1956796.0
2021-05-10 10:00:00,NSE:DWARKESH,51.65,54.5,51.65,53.65,5045281.0
2021-05-10 11:00:00,NSE:DWARKESH,53.65,54.45,53.65,53.9,1212771.0
2021-05-10 12:00:00,NSE:DWARKESH,53.9,57.7,53.8,56.95,5461398.0
2021-05-10 13:00:00,NSE:DWARKESH,57.1,59.7,56.25,57.95,7053387.0
2021-05-10 14:00:00,NSE:DWARKESH,58.0,58.4,57.15,57.25,2711136.0
2021-05-10 15:00:00,NSE:DWARKESH,57.2,57.65,56.2,56.95,2132115.0
2021-05-11 09:00:00,NSE:DWARKESH,55.8,59.35,55.15,58.0,4461857.0
2021-05-11 10:00:00,NSE:DWARKESH,58.0,58.4,56.7,56.85,1207416.0
2021-05-11 11:00:00,NSE:DWARKESH,56.85,58.35,56.5,57.8,1044570.0
2021-05-11 12:00:00,NSE:DWARKESH,57.85,57.9,57.05,57.2,425750.0
2021-05-11 13:00:00,NSE:DWARKESH,57.15,57.6,54.55,55.9,1475955.0
2021-05-11 14:00:00,NSE:DWARKESH,55.85,56.5,55.75,56.1,836739.0
2021-05-11 15:00:00,NSE:DWARKESH,56.0,56.0,55.5,55.7,904121.0
2021-05-12 09:00:00,NSE:DWARKESH,56.4,58.0,55.8,56.75,2233484.0
2021-05-12 10:00:00,NSE:DWARKESH,56.7,56.7,54.5,54.95,932986.0
2021-05-12 11:00:00,NSE:DWARKESH,54.95,55.4,54.15,55.3,684997.0
2021-05-12 12:00:00,NSE:DWARKESH,55.3,55.4,54.5,54.85,304469.0
2021-05-12 13:00:00,NSE:DWARKESH,54.85,55.5,54.7,55.0,291193.0
2021-05-12 14:00:00,NSE:DWARKESH,55.0,55.9,53.8,54.6,1971181.0
2021-05-12 15:00:00,NSE:DWARKESH,54.6,54.8,52.15,53.75,1778544.0
2021-05-14 09:00:00,NSE:DWARKESH,55.2,56.3,50.75,53.0,2390684.0
2021-05-14 10:00:00,NSE:DWARKESH,53.0,53.45,50.9,51.25,697063.0
2021-05-14 11:00:00,NSE:DWARKESH,51.25,52.2,51.2,51.25,573901.0
2021-05-14 12:00:00,NSE:DWARKESH,51.3,51.45,50.0,51.05,734151.0
2021-05-14 13:00:00,NSE:DWARKESH,51.05,51.95,50.85,51.5,675723.0
2021-05-14 14:00:00,NSE:DWARKESH,51.45,51.9,50.8,51.2,508430.0
2021-05-14 15:00:00,NSE:DWARKESH,51.25,51.5,50.5,51.1,761722.0
2021-05-17 09:00:00,NSE:DWARKESH,51.65,55.4,50.6,55.35,3667216.0
2021-05-17 10:00:00,NSE:DWARKESH,55.35,55.5,53.7,53.7,1742696.0
2021-05-17 11:00:00,NSE:DWARKESH,53.7,55.2,53.7,53.95,1274657.0
2021-05-17 12:00:00,NSE:DWARKESH,53.9,54.25,53.7,54.15,376166.0
2021-05-17 13:00:00,NSE:DWARKESH,54.1,54.45,53.8,53.95,296019.0
2021-05-17 14:00:00,NSE:DWARKESH,53.9,55.0,53.55,54.45,1009479.0
2021-05-17 15:00:00,NSE:DWARKESH,54.45,55.8,54.3,55.25,2728382.0
2021-05-18 09:00:00,NSE:DWARKESH,56.0,56.2,53.45,54.15,1526533.0
2021-05-18 10:00:00,NSE:DWARKESH,54.25,55.2,54.15,54.8,624351.0
2021-05-18 11:00:00,NSE:DWARKESH,54.8,54.95,54.5,54.5,270370.0
2021-05-18 12:00:00,NSE:DWARKESH,54.55,54.7,54.15,54.35,192714.0
2021-05-18 13:00:00,NSE:DWARKESH,54.25,54.35,53.55,54.0,448058.0
2021-05-18 14:00:00,NSE:DWARKESH,54.0,54.4,53.85,53.85,278372.0
2021-05-18 15:00:00,NSE:DWARKESH,53.85,55.15,53.85,54.75,944153.0
2021-05-19 09:00:00,NSE:DWARKESH,54.2,55.8,54.0,55.55,1531322.0
2021-05-19 10:00:00,NSE:DWARKESH,55.6,57.2,55.0,55.85,3518952.0
2021-05-19 11:00:00,NSE:DWARKESH,55.85,56.05,55.25,55.8,666689.0
2021-05-19 12:00:00,NSE:DWARKESH,55.85,56.2,55.2,55.4,478964.0
2021-05-19 13:00:00,NSE:DWARKESH,55.4,55.55,54.4,55.0,489371.0
2021-05-19 14:00:00,NSE:DWARKESH,55.2,55.75,54.8,54.9,517551.0
2021-05-19 15:00:00,NSE:DWARKESH,54.9,55.2,54.65,54.9,635155.0
2021-05-20 09:00:00,NSE:DWARKESH,55.05,55.1,53.25,54.2,834173.0
2021-05-20 10:00:00,NSE:DWARKESH,54.2,54.75,53.9,54.2,472790.0
2021-05-20 11:00:00,NSE:DWARKESH,54.2,54.35,53.8,53.85,181287.0
2021-05-20 12:00:00,NSE:DWARKESH,53.85,54.1,53.75,53.95,150890.0
2021-05-20 13:00:00,NSE:DWARKESH,53.9,54.15,53.8,54.0,126442.0
2021-05-20 14:00:00,NSE:DWARKESH,54.0,54.0,53.4,53.65,339887.0
2021-05-20 15:00:00,NSE:DWARKESH,53.55,53.9,53.3,53.8,304138.0
2021-05-21 09:00:00,NSE:DWARKESH,52.0,53.2,51.1,51.6,1409986.0
2021-05-21 10:00:00,NSE:DWARKESH,51.65,52.85,51.5,52.65,796319.0
2021-05-21 11:00:00,NSE:DWARKESH,52.75,52.75,52.05,52.25,231309.0
2021-05-21 12:00:00,NSE:DWARKESH,52.2,52.35,51.9,52.05,193498.0
2021-05-21 13:00:00,NSE:DWARKESH,52.1,52.5,51.9,52.2,207245.0
2021-05-21 14:00:00,NSE:DWARKESH,52.15,52.2,51.4,51.8,416852.0
2021-05-21 15:00:00,NSE:DWARKESH,51.75,51.8,51.5,51.65,355143.0
2021-05-24 09:00:00,NSE:DWARKESH,51.8,52.55,50.2,50.7,942679.0
2021-05-24 10:00:00,NSE:DWARKESH,50.7,51.65,50.3,51.35,468605.0
2021-05-24 11:00:00,NSE:DWARKESH,51.3,53.5,51.25,52.2,1153393.0
2021-05-24 12:00:00,NSE:DWARKESH,52.1,53.2,52.1,52.75,390857.0
2021-05-24 13:00:00,NSE:DWARKESH,52.75,53.3,52.7,52.85,338613.0
2021-05-24 14:00:00,NSE:DWARKESH,52.85,53.05,52.3,52.85,239813.0
2021-05-24 15:00:00,NSE:DWARKESH,52.85,52.95,52.35,52.55,284109.0
2021-05-25 09:00:00,NSE:DWARKESH,52.95,54.45,52.4,54.3,1025251.0
2021-05-25 10:00:00,NSE:DWARKESH,54.25,54.3,53.6,53.85,352059.0
2021-05-25 11:00:00,NSE:DWARKESH,53.85,53.85,53.25,53.7,192638.0
2021-05-25 12:00:00,NSE:DWARKESH,53.65,53.85,53.6,53.75,120928.0
2021-05-25 13:00:00,NSE:DWARKESH,53.8,53.8,53.15,53.45,243349.0
2021-05-25 14:00:00,NSE:DWARKESH,53.35,53.5,52.9,53.0,239191.0
2021-05-25 15:00:00,NSE:DWARKESH,53.0,53.8,52.9,53.5,341033.0
2021-05-26 09:00:00,NSE:DWARKESH,53.95,54.8,53.5,54.0,1093347.0
2021-05-26 10:00:00,NSE:DWARKESH,54.0,54.05,53.75,53.9,186266.0
2021-05-26 11:00:00,NSE:DWARKESH,53.85,54.05,53.75,53.75,187770.0
2021-05-26 12:00:00,NSE:DWARKESH,53.8,54.5,53.65,54.1,349217.0
2021-05-26 13:00:00,NSE:DWARKESH,54.0,54.1,53.7,53.9,141051.0
2021-05-26 14:00:00,NSE:DWARKESH,53.9,53.95,53.3,53.45,344294.0
2021-05-26 15:00:00,NSE:DWARKESH,53.45,53.55,53.1,53.3,311634.0
2021-05-27 09:00:00,NSE:DWARKESH,53.4,53.7,52.05,52.35,364338.0
2021-05-27 10:00:00,NSE:DWARKESH,52.35,52.45,52.05,52.3,169518.0
2021-05-27 11:00:00,NSE:DWARKESH,52.3,52.4,52.05,52.15,190156.0
2021-05-27 12:00:00,NSE:DWARKESH,52.15,52.3,52.05,52.3,144895.0
2021-05-27 13:00:00,NSE:DWARKESH,52.25,52.3,52.0,52.05,137373.0
2021-05-27 14:00:00,NSE:DWARKESH,52.05,53.25,51.85,52.95,569088.0
2021-05-27 15:00:00,NSE:DWARKESH,52.8,53.55,52.7,53.2,383302.0
2021-05-28 09:00:00,NSE:DWARKESH,53.8,53.85,52.7,53.0,511569.0
2021-05-28 10:00:00,NSE:DWARKESH,53.05,53.3,52.75,52.8,160814.0
2021-05-28 11:00:00,NSE:DWARKESH,52.8,52.95,52.15,52.25,304532.0
2021-05-28 12:00:00,NSE:DWARKESH,52.15,52.9,52.1,52.3,227935.0
2021-05-28 13:00:00,NSE:DWARKESH,52.3,52.35,52.15,52.2,165376.0
2021-05-28 14:00:00,NSE:DWARKESH,52.2,52.55,52.15,52.2,164669.0
2021-05-28 15:00:00,NSE:DWARKESH,52.15,52.2,51.1,51.8,439821.0
2021-05-31 09:00:00,NSE:DWARKESH,52.85,54.9,52.35,54.15,2486534.0
2021-05-31 10:00:00,NSE:DWARKESH,54.1,54.45,53.8,54.05,399565.0
2021-05-31 11:00:00,NSE:DWARKESH,54.05,54.5,53.85,54.0,808761.0
2021-05-31 12:00:00,NSE:DWARKESH,54.0,54.35,53.55,53.6,421956.0
2021-05-31 13:00:00,NSE:DWARKESH,53.55,53.6,53.0,53.2,353646.0
2021-05-31 14:00:00,NSE:DWARKESH,53.25,54.5,53.25,53.6,687633.0
2021-05-31 15:00:00,NSE:DWARKESH,53.65,54.2,53.5,53.85,432886.0
2021-06-01 09:00:00,NSE:DWARKESH,54.3,54.6,53.4,53.65,450609.0
2021-06-01 10:00:00,NSE:DWARKESH,53.6,53.8,52.65,53.15,327129.0
2021-06-01 11:00:00,NSE:DWARKESH,53.1,53.1,52.2,52.4,262263.0
2021-06-01 12:00:00,NSE:DWARKESH,52.4,53.4,52.3,53.0,141313.0
2021-06-01 13:00:00,NSE:DWARKESH,53.0,53.3,52.85,52.95,167424.0
2021-06-01 14:00:00,NSE:DWARKESH,53.0,54.9,52.6,54.85,794201.0
2021-06-01 15:00:00,NSE:DWARKESH,54.85,56.2,54.75,55.35,3055337.0
2021-06-02 09:00:00,NSE:DWARKESH,56.5,57.1,55.75,56.15,2745237.0
2021-06-02 10:00:00,NSE:DWARKESH,56.25,56.35,55.9,56.15,350817.0
2021-06-02 11:00:00,NSE:DWARKESH,56.2,56.3,55.5,55.7,473336.0
2021-06-02 12:00:00,NSE:DWARKESH,55.8,56.2,55.65,56.05,258639.0
2021-06-02 13:00:00,NSE:DWARKESH,56.1,57.0,55.8,56.25,920808.0
2021-06-02 14:00:00,NSE:DWARKESH,56.3,56.4,55.85,55.95,349483.0
2021-06-02 15:00:00,NSE:DWARKESH,55.95,56.25,55.65,55.8,655025.0
2021-06-03 09:00:00,NSE:DWARKESH,57.7,59.2,57.35,57.4,2600508.0
2021-06-03 10:00:00,NSE:DWARKESH,57.45,57.85,57.25,57.55,617053.0
2021-06-03 11:00:00,NSE:DWARKESH,57.4,57.55,57.25,57.3,305926.0
2021-06-03 12:00:00,NSE:DWARKESH,57.35,57.45,56.8,56.95,692750.0
2021-06-03 13:00:00,NSE:DWARKESH,56.95,57.2,56.4,57.1,408158.0
2021-06-03 14:00:00,NSE:DWARKESH,57.1,57.2,56.45,56.6,413453.0
2021-06-03 15:00:00,NSE:DWARKESH,56.5,56.65,56.2,56.45,606929.0
2021-06-04 09:00:00,NSE:DWARKESH,56.75,56.9,55.8,56.0,674184.0
2021-06-04 10:00:00,NSE:DWARKESH,55.9,56.5,55.85,56.05,275341.0
2021-06-04 11:00:00,NSE:DWARKESH,56.05,56.05,55.55,55.65,195112.0
2021-06-04 12:00:00,NSE:DWARKESH,55.65,57.1,55.6,56.1,500303.0
2021-06-04 13:00:00,NSE:DWARKESH,56.1,56.15,55.6,55.85,202662.0
2021-06-04 14:00:00,NSE:DWARKESH,55.85,56.2,55.7,55.8,194055.0
2021-06-04 15:00:00,NSE:DWARKESH,55.75,57.9,55.55,56.8,1231725.0
2021-06-07 09:00:00,NSE:DWARKESH,58.95,61.2,58.65,60.25,5856330.0
2021-06-07 10:00:00,NSE:DWARKESH,60.25,60.8,59.35,60.75,1749892.0
2021-06-07 11:00:00,NSE:DWARKESH,60.7,64.4,60.65,62.95,5948988.0
2021-06-07 12:00:00,NSE:DWARKESH,63.0,63.75,62.4,62.55,1536863.0
2021-06-07 13:00:00,NSE:DWARKESH,62.6,64.9,62.2,64.25,2407341.0
2021-06-07 14:00:00,NSE:DWARKESH,64.4,67.4,64.35,67.35,6264268.0
2021-06-07 15:00:00,NSE:DWARKESH,67.4,67.75,64.85,65.15,3328299.0
2021-06-08 09:00:00,NSE:DWARKESH,65.75,65.75,63.1,63.6,3359478.0
2021-06-08 10:00:00,NSE:DWARKESH,63.6,63.95,62.6,63.65,1131095.0
2021-06-08 11:00:00,NSE:DWARKESH,63.6,65.2,63.6,64.35,1406856.0
2021-06-08 12:00:00,NSE:DWARKESH,64.45,64.75,63.85,64.5,654165.0
2021-06-08 13:00:00,NSE:DWARKESH,64.45,69.35,64.45,69.35,6113130.0
2021-06-08 14:00:00,NSE:DWARKESH,69.45,72.0,69.1,69.75,8738186.0
2021-06-08 15:00:00,NSE:DWARKESH,69.8,69.8,68.25,68.75,2164340.0
2021-06-09 09:00:00,NSE:DWARKESH,69.3,73.0,68.05,71.75,5139933.0
2021-06-09 10:00:00,NSE:DWARKESH,71.7,72.2,70.55,71.15,2012905.0
2021-06-09 11:00:00,NSE:DWARKESH,71.25,71.85,70.7,71.5,905059.0
2021-06-09 12:00:00,NSE:DWARKESH,71.5,71.6,70.8,71.35,756179.0
2021-06-09 13:00:00,NSE:DWARKESH,71.25,71.25,67.0,68.85,2724533.0
2021-06-09 14:00:00,NSE:DWARKESH,68.85,70.0,66.6,68.25,1730747.0
2021-06-09 15:00:00,NSE:DWARKESH,68.3,69.45,68.0,68.8,988206.0
2021-06-10 09:00:00,NSE:DWARKESH,70.2,75.0,70.2,72.3,6829294.0
2021-06-10 10:00:00,NSE:DWARKESH,72.3,72.6,71.7,72.3,839734.0
2021-06-10 11:00:00,NSE:DWARKESH,72.3,72.6,71.8,72.5,547379.0
2021-06-10 12:00:00,NSE:DWARKESH,72.55,72.9,72.0,72.25,563522.0
2021-06-10 13:00:00,NSE:DWARKESH,72.25,72.5,71.8,71.95,420055.0
2021-06-10 14:00:00,NSE:DWARKESH,71.95,73.5,71.8,72.5,1867943.0
2021-06-10 15:00:00,NSE:DWARKESH,72.45,72.85,72.3,72.6,1059139.0
2021-06-11 09:00:00,NSE:DWARKESH,72.85,73.4,70.35,71.15,1668286.0
2021-06-11 10:00:00,NSE:DWARKESH,71.1,72.2,71.0,71.6,730480.0
2021-06-11 11:00:00,NSE:DWARKESH,71.5,71.7,70.5,71.25,540889.0
2021-06-11 12:00:00,NSE:DWARKESH,71.15,71.2,69.8,70.65,571007.0
2021-06-11 13:00:00,NSE:DWARKESH,70.65,71.25,70.15,71.1,235907.0
2021-06-11 14:00:00,NSE:DWARKESH,71.05,71.1,70.35,70.9,364045.0
2021-06-11 15:00:00,NSE:DWARKESH,70.95,70.95,70.5,70.5,593192.0
2021-06-14 09:00:00,NSE:DWARKESH,70.0,70.0,65.0,68.1,1955978.0
2021-06-14 10:00:00,NSE:DWARKESH,68.1,68.45,66.7,68.25,673085.0
2021-06-14 11:00:00,NSE:DWARKESH,68.25,68.75,67.6,68.55,355230.0
2021-06-14 12:00:00,NSE:DWARKESH,68.6,73.3,68.4,72.4,3352305.0
2021-06-14 13:00:00,NSE:DWARKESH,72.4,72.55,71.2,72.45,806610.0
2021-06-14 14:00:00,NSE:DWARKESH,72.55,73.7,71.75,71.9,1873455.0
2021-06-14 15:00:00,NSE:DWARKESH,71.75,74.5,71.15,73.15,2635582.0
2021-06-15 09:00:00,NSE:DWARKESH,74.8,75.35,73.2,73.8,3148916.0
2021-06-15 10:00:00,NSE:DWARKESH,73.9,73.9,72.5,72.9,798879.0
2021-06-15 11:00:00,NSE:DWARKESH,72.8,73.5,72.8,73.2,318271.0
2021-06-15 12:00:00,NSE:DWARKESH,73.15,73.15,71.5,72.4,687628.0
2021-06-15 13:00:00,NSE:DWARKESH,72.5,72.65,71.75,72.2,352968.0
2021-06-15 14:00:00,NSE:DWARKESH,72.25,72.3,71.45,71.9,381634.0
2021-06-15 15:00:00,NSE:DWARKESH,71.85,72.25,71.5,71.85,753109.0
2021-06-16 09:00:00,NSE:DWARKESH,72.0,73.3,70.45,71.45,1239857.0
2021-06-16 10:00:00,NSE:DWARKESH,71.45,72.0,69.2,69.55,1064614.0
2021-06-16 11:00:00,NSE:DWARKESH,69.5,70.4,69.4,70.3,423358.0
2021-06-16 12:00:00,NSE:DWARKESH,70.3,70.75,69.8,69.95,328106.0
2021-06-16 13:00:00,NSE:DWARKESH,69.95,70.8,69.8,70.7,445550.0
2021-06-16 14:00:00,NSE:DWARKESH,70.7,71.25,70.25,70.35,547393.0
2021-06-16 15:00:00,NSE:DWARKESH,70.35,70.4,69.8,70.25,484565.0
2021-06-17 09:00:00,NSE:DWARKESH,68.1,71.8,68.0,71.35,1406410.0
2021-06-17 10:00:00,NSE:DWARKESH,71.35,71.45,70.5,70.7,402157.0
2021-06-17 11:00:00,NSE:DWARKESH,70.6,71.3,70.1,70.25,336681.0
2021-06-17 12:00:00,NSE:DWARKESH,70.2,70.25,69.0,69.8,408033.0
2021-06-17 13:00:00,NSE:DWARKESH,69.8,70.0,69.05,69.2,231391.0
2021-06-17 14:00:00,NSE:DWARKESH,69.2,69.4,67.75,68.5,666087.0
2021-06-17 15:00:00,NSE:DWARKESH,68.5,70.55,68.4,69.55,735943.0
2021-06-18 09:00:00,NSE:DWARKESH,70.0,70.6,67.3,67.7,1035118.0
2021-06-18 10:00:00,NSE:DWARKESH,67.65,68.2,62.4,62.55,1458796.0
2021-06-18 11:00:00,NSE:DWARKESH,62.65,66.9,62.65,66.45,1371818.0
2021-06-18 12:00:00,NSE:DWARKESH,66.45,67.55,65.85,66.65,599456.0
2021-06-18 13:00:00,NSE:DWARKESH,66.65,67.25,66.15,66.85,261561.0
2021-06-18 14:00:00,NSE:DWARKESH,66.85,68.2,66.7,67.4,583089.0
2021-06-18 15:00:00,NSE:DWARKESH,67.4,68.1,66.85,67.6,535679.0
2021-06-21 09:00:00,NSE:DWARKESH,65.2,69.3,64.25,68.8,2646409.0
2021-06-21 10:00:00,NSE:DWARKESH,68.75,69.2,68.0,68.2,532059.0
2021-06-21 11:00:00,NSE:DWARKESH,68.1,69.8,67.7,69.3,814909.0
2021-06-21 12:00:00,NSE:DWARKESH,69.2,70.5,68.4,68.75,1378722.0
2021-06-21 13:00:00,NSE:DWARKESH,68.75,69.0,68.35,68.5,349290.0
2021-06-21 14:00:00,NSE:DWARKESH,68.5,68.8,68.1,68.45,333489.0
2021-06-21 15:00:00,NSE:DWARKESH,68.4,68.95,68.0,68.45,653565.0
2021-06-22 09:00:00,NSE:DWARKESH,68.9,69.35,68.55,69.1,779012.0
2021-06-22 10:00:00,NSE:DWARKESH,69.1,69.5,68.7,68.9,366136.0
2021-06-22 11:00:00,NSE:DWARKESH,68.85,69.15,68.75,68.8,162291.0
2021-06-22 12:00:00,NSE:DWARKESH,68.8,68.9,68.35,68.55,196565.0
2021-06-22 13:00:00,NSE:DWARKESH,68.65,68.65,68.2,68.4,150927.0
2021-06-22 14:00:00,NSE:DWARKESH,68.4,68.45,67.55,67.65,412604.0
2021-06-22 15:00:00,NSE:DWARKESH,67.65,67.95,67.25,67.5,447440.0
2021-06-23 09:00:00,NSE:DWARKESH,67.2,69.4,66.2,68.0,1901445.0
2021-06-23 10:00:00,NSE:DWARKESH,67.9,68.25,67.55,68.1,269802.0
2021-06-23 11:00:00,NSE:DWARKESH,68.1,68.15,67.5,67.75,165238.0
2021-06-23 12:00:00,NSE:DWARKESH,67.8,67.85,67.2,67.3,168811.0
2021-06-23 13:00:00,NSE:DWARKESH,67.35,67.5,66.85,66.95,167476.0
2021-06-23 14:00:00,NSE:DWARKESH,66.95,67.0,66.7,66.85,282892.0
2021-06-23 15:00:00,NSE:DWARKESH,66.85,67.1,66.6,66.9,359895.0
2021-06-24 09:00:00,NSE:DWARKESH,67.0,68.45,66.85,67.3,809843.0
2021-06-24 10:00:00,NSE:DWARKESH,67.35,68.25,67.05,67.2,322413.0
2021-06-24 11:00:00,NSE:DWARKESH,67.3,71.15,67.2,70.7,1723920.0
2021-06-24 12:00:00,NSE:DWARKESH,70.65,71.4,68.85,70.65,2724630.0
2021-06-24 13:00:00,NSE:DWARKESH,70.65,70.65,69.55,69.85,788430.0
2021-06-24 14:00:00,NSE:DWARKESH,69.8,71.5,69.4,71.15,2182768.0
2021-06-24 15:00:00,NSE:DWARKESH,71.15,74.2,70.7,72.75,5717106.0
2021-06-25 09:00:00,NSE:DWARKESH,73.5,75.85,71.65,74.1,5941110.0
2021-06-25 10:00:00,NSE:DWARKESH,74.15,74.9,73.25,73.8,1129841.0
2021-06-25 11:00:00,NSE:DWARKESH,73.85,74.65,73.4,74.5,550792.0
2021-06-25 12:00:00,NSE:DWARKESH,74.55,75.3,73.85,74.95,1315689.0
2021-06-25 13:00:00,NSE:DWARKESH,74.9,75.8,73.5,74.05,1913856.0
2021-06-25 14:00:00,NSE:DWARKESH,74.1,74.15,72.25,72.75,990828.0
2021-06-25 15:00:00,NSE:DWARKESH,72.7,73.25,72.3,72.55,1015858.0
2021-06-28 09:00:00,NSE:DWARKESH,73.4,75.0,72.65,73.9,2452110.0
2021-06-28 10:00:00,NSE:DWARKESH,73.95,77.75,73.6,76.9,5450229.0
2021-06-28 11:00:00,NSE:DWARKESH,76.8,77.2,76.1,76.65,1199635.0
2021-06-28 12:00:00,NSE:DWARKESH,76.6,77.2,75.9,76.6,803970.0
2021-06-28 13:00:00,NSE:DWARKESH,76.75,81.3,76.6,79.95,7753197.0
2021-06-28 14:00:00,NSE:DWARKESH,79.8,80.8,78.6,79.05,3269268.0
2021-06-28 15:00:00,NSE:DWARKESH,79.05,79.95,78.0,79.35,2326058.0
2021-06-29 09:00:00,NSE:DWARKESH,80.0,82.7,78.7,78.95,6228503.0
2021-06-29 10:00:00,NSE:DWARKESH,78.8,80.3,77.65,79.45,2050695.0
2021-06-29 11:00:00,NSE:DWARKESH,79.45,80.0,78.55,78.55,588077.0
2021-06-29 12:00:00,NSE:DWARKESH,78.55,80.0,78.55,79.55,751588.0
2021-06-29 13:00:00,NSE:DWARKESH,79.6,80.9,79.25,80.1,1144048.0
2021-06-29 14:00:00,NSE:DWARKESH,80.05,80.05,78.7,79.35,881889.0
2021-06-29 15:00:00,NSE:DWARKESH,79.4,81.6,79.2,80.5,2721395.0
2021-06-30 09:00:00,NSE:DWARKESH,81.2,81.5,78.1,79.35,2691676.0
2021-06-30 10:00:00,NSE:DWARKESH,79.35,79.75,78.25,78.9,751511.0
2021-06-30 11:00:00,NSE:DWARKESH,78.9,78.95,77.2,77.85,892790.0
2021-06-30 12:00:00,NSE:DWARKESH,77.8,78.5,77.1,77.45,645788.0
2021-06-30 13:00:00,NSE:DWARKESH,77.45,77.9,77.15,77.65,374315.0
2021-06-30 14:00:00,NSE:DWARKESH,77.65,77.8,76.45,76.65,956453.0
2021-06-30 15:00:00,NSE:DWARKESH,76.75,77.3,76.3,76.9,723851.0
2021-07-01 09:00:00,NSE:DWARKESH,77.1,77.6,75.3,76.6,1469787.0
2021-07-01 10:00:00,NSE:DWARKESH,76.55,76.6,76.1,76.4,277048.0
2021-07-01 11:00:00,NSE:DWARKESH,76.4,76.75,76.1,76.15,177439.0
2021-07-01 12:00:00,NSE:DWARKESH,76.15,76.4,76.0,76.2,138655.0
2021-07-01 13:00:00,NSE:DWARKESH,76.3,78.8,76.2,78.55,1076776.0
2021-07-01 14:00:00,NSE:DWARKESH,78.5,79.2,76.8,76.9,1079912.0
2021-07-01 15:00:00,NSE:DWARKESH,76.8,78.3,76.8,78.1,746025.0
2021-07-02 09:00:00,NSE:DWARKESH,78.45,79.35,77.65,78.95,1388749.0
2021-07-02 10:00:00,NSE:DWARKESH,79.0,79.05,77.85,78.75,489799.0
2021-07-02 11:00:00,NSE:DWARKESH,78.7,78.95,78.1,78.45,339286.0
2021-07-02 12:00:00,NSE:DWARKESH,78.45,78.85,78.3,78.65,223643.0
2021-07-02 13:00:00,NSE:DWARKESH,78.65,80.0,78.3,79.6,1200611.0
2021-07-02 14:00:00,NSE:DWARKESH,79.6,80.8,78.6,78.7,3044751.0
2021-07-02 15:00:00,NSE:DWARKESH,78.65,79.0,78.15,78.65,884260.0
2021-07-05 09:00:00,NSE:DWARKESH,79.3,79.8,78.05,78.25,1150277.0
2021-07-05 10:00:00,NSE:DWARKESH,78.25,78.4,77.4,77.8,545821.0
2021-07-05 11:00:00,NSE:DWARKESH,77.75,78.25,77.6,77.75,264646.0
2021-07-05 12:00:00,NSE:DWARKESH,77.7,77.85,77.0,77.5,356262.0
2021-07-05 13:00:00,NSE:DWARKESH,77.15,77.75,76.75,77.5,282649.0
2021-07-05 14:00:00,NSE:DWARKESH,77.65,77.65,76.8,77.2,346188.0
2021-07-05 15:00:00,NSE:DWARKESH,77.2,77.25,76.9,77.1,598500.0
2021-07-06 09:00:00,NSE:DWARKESH,77.2,78.25,77.1,77.7,984243.0
2021-07-06 10:00:00,NSE:DWARKESH,77.8,77.95,76.8,77.45,497283.0
2021-07-06 11:00:00,NSE:DWARKESH,77.45,77.5,77.0,77.1,183025.0
2021-07-06 12:00:00,NSE:DWARKESH,77.15,77.3,77.0,77.05,138679.0
2021-07-06 13:00:00,NSE:DWARKESH,77.05,77.1,76.2,76.3,282569.0
2021-07-06 14:00:00,NSE:DWARKESH,76.3,76.5,74.0,74.9,864338.0
2021-07-06 15:00:00,NSE:DWARKESH,74.9,74.9,73.35,74.0,750504.0
2021-07-07 09:00:00,NSE:DWARKESH,74.45,74.45,71.55,71.6,1023801.0
2021-07-07 10:00:00,NSE:DWARKESH,71.6,72.85,71.4,72.25,595922.0
2021-07-07 11:00:00,NSE:DWARKESH,72.25,73.4,72.25,72.85,257778.0
2021-07-07 12:00:00,NSE:DWARKESH,72.85,73.45,72.3,72.6,142407.0
2021-07-07 13:00:00,NSE:DWARKESH,72.65,72.7,72.2,72.25,142877.0
2021-07-07 14:00:00,NSE:DWARKESH,72.25,72.65,72.25,72.4,330379.0
2021-07-07 15:00:00,NSE:DWARKESH,72.45,73.2,72.05,72.6,449159.0
2021-07-08 09:00:00,NSE:DWARKESH,72.1,76.5,71.9,75.8,1568842.0
2021-07-08 10:00:00,NSE:DWARKESH,75.85,76.1,74.7,75.2,345343.0
2021-07-08 11:00:00,NSE:DWARKESH,75.2,75.3,74.55,74.55,137864.0
2021-07-08 12:00:00,NSE:DWARKESH,74.55,75.0,74.55,74.7,200563.0
2021-07-08 13:00:00,NSE:DWARKESH,74.55,74.65,73.4,73.45,275255.0
2021-07-08 14:00:00,NSE:DWARKESH,73.55,74.15,72.6,73.9,352253.0
2021-07-08 15:00:00,NSE:DWARKESH,73.9,74.9,73.9,74.6,367913.0
2021-07-09 09:00:00,NSE:DWARKESH,76.4,77.95,76.35,77.4,2132978.0
2021-07-09 10:00:00,NSE:DWARKESH,77.35,77.5,76.9,76.95,336238.0
2021-07-09 11:00:00,NSE:DWARKESH,76.95,77.1,76.65,76.95,211233.0
2021-07-09 12:00:00,NSE:DWARKESH,76.95,77.3,76.95,77.15,191198.0
2021-07-09 13:00:00,NSE:DWARKESH,77.1,77.5,76.75,77.4,254211.0
2021-07-09 14:00:00,NSE:DWARKESH,77.3,81.75,76.9,79.8,5290937.0
2021-07-09 15:00:00,NSE:DWARKESH,79.9,80.95,79.6,80.15,1327492.0
2021-07-12 09:00:00,NSE:DWARKESH,81.15,83.9,81.0,81.85,2115188.0
2021-07-12 10:00:00,NSE:DWARKESH,81.75,82.35,81.0,81.7,706772.0
2021-07-12 11:00:00,NSE:DWARKESH,81.7,81.8,81.3,81.3,305703.0
2021-07-12 12:00:00,NSE:DWARKESH,81.3,81.85,81.3,81.6,204631.0
2021-07-12 13:00:00,NSE:DWARKESH,81.6,81.65,79.8,80.85,624530.0
2021-07-12 14:00:00,NSE:DWARKESH,80.95,81.0,80.1,80.45,322524.0
2021-07-12 15:00:00,NSE:DWARKESH,80.45,81.25,80.4,80.8,625865.0
2021-07-13 09:00:00,NSE:DWARKESH,81.4,81.5,79.2,79.85,948446.0
2021-07-13 10:00:00,NSE:DWARKESH,79.75,79.75,78.7,78.8,411917.0
2021-07-13 11:00:00,NSE:DWARKESH,78.8,79.4,78.5,78.7,215952.0
2021-07-13 12:00:00,NSE:DWARKESH,78.7,79.1,78.2,78.85,177831.0
2021-07-13 13:00:00,NSE:DWARKESH,78.95,83.2,78.6,81.75,2634662.0
2021-07-13 14:00:00,NSE:DWARKESH,81.7,81.8,80.5,80.85,498163.0
2021-07-13 15:00:00,NSE:DWARKESH,80.9,81.0,79.6,80.1,709315.0
2021-07-14 09:00:00,NSE:DWARKESH,80.1,80.7,79.1,79.25,634308.0
2021-07-14 10:00:00,NSE:DWARKESH,79.25,79.65,79.0,79.25,305889.0
2021-07-14 11:00:00,NSE:DWARKESH,79.25,79.65,79.05,79.4,198607.0
2021-07-14 12:00:00,NSE:DWARKESH,79.4,79.5,79.2,79.4,131778.0
2021-07-14 13:00:00,NSE:DWARKESH,79.3,79.4,78.75,78.9,254982.0
2021-07-14 14:00:00,NSE:DWARKESH,78.9,79.2,78.55,78.85,191437.0
2021-07-14 15:00:00,NSE:DWARKESH,78.85,79.2,78.7,78.8,286250.0
2021-07-15 09:00:00,NSE:DWARKESH,78.75,79.9,77.7,78.55,898974.0
2021-07-15 10:00:00,NSE:DWARKESH,78.55,78.65,77.8,78.0,244463.0
2021-07-15 11:00:00,NSE:DWARKESH,77.9,78.0,77.5,77.8,189058.0
2021-07-15 12:00:00,NSE:DWARKESH,77.75,78.2,77.6,77.7,182134.0
2021-07-15 13:00:00,NSE:DWARKESH,77.75,77.9,77.5,77.7,132677.0
2021-07-15 14:00:00,NSE:DWARKESH,77.7,77.75,76.5,76.9,372469.0
2021-07-15 15:00:00,NSE:DWARKESH,76.9,77.45,76.7,76.9,289611.0
2021-07-16 09:00:00,NSE:DWARKESH,77.1,77.7,76.05,77.6,640043.0
2021-07-16 10:00:00,NSE:DWARKESH,77.6,77.75,76.55,76.65,337722.0
2021-07-16 11:00:00,NSE:DWARKESH,76.75,76.95,76.6,76.65,104251.0
2021-07-16 12:00:00,NSE:DWARKESH,76.8,76.8,76.15,76.4,175948.0
2021-07-16 13:00:00,NSE:DWARKESH,76.5,76.7,75.2,75.9,316398.0
2021-07-16 14:00:00,NSE:DWARKESH,75.9,75.9,75.35,75.6,239147.0
2021-07-16 15:00:00,NSE:DWARKESH,75.6,75.85,75.3,75.55,322495.0
2021-07-19 09:00:00,NSE:DWARKESH,73.7,75.5,73.6,75.3,719106.0
2021-07-19 10:00:00,NSE:DWARKESH,75.2,79.2,74.35,78.45,1552312.0
2021-07-19 11:00:00,NSE:DWARKESH,78.35,79.0,77.45,77.65,550933.0
2021-07-19 12:00:00,NSE:DWARKESH,77.55,78.0,76.8,76.85,219583.0
2021-07-19 13:00:00,NSE:DWARKESH,76.95,78.55,76.55,78.2,373899.0
2021-07-19 14:00:00,NSE:DWARKESH,78.25,78.3,76.6,77.7,301593.0
2021-07-19 15:00:00,NSE:DWARKESH,77.7,78.65,77.7,78.1,508261.0
2021-07-20 09:00:00,NSE:DWARKESH,77.9,77.9,75.7,76.45,537370.0
2021-07-20 10:00:00,NSE:DWARKESH,76.5,76.65,74.3,74.5,435366.0
2021-07-20 11:00:00,NSE:DWARKESH,74.3,75.1,73.5,74.25,615092.0
2021-07-20 12:00:00,NSE:DWARKESH,74.35,75.35,74.1,75.0,263041.0
2021-07-20 13:00:00,NSE:DWARKESH,75.0,75.6,74.95,75.05,166158.0
2021-07-20 14:00:00,NSE:DWARKESH,75.1,75.2,74.6,74.85,171082.0
2021-07-20 15:00:00,NSE:DWARKESH,74.75,75.0,74.25,74.6,347905.0
2021-07-22 09:00:00,NSE:DWARKESH,75.45,76.65,75.0,76.05,504801.0
2021-07-22 10:00:00,NSE:DWARKESH,76.15,77.2,76.05,76.4,453526.0
2021-07-22 11:00:00,NSE:DWARKESH,76.4,76.55,75.05,75.25,300160.0
2021-07-22 12:00:00,NSE:DWARKESH,75.35,75.4,74.5,74.95,222173.0
2021-07-22 13:00:00,NSE:DWARKESH,75.0,75.4,74.8,75.25,110356.0
2021-07-22 14:00:00,NSE:DWARKESH,75.25,76.6,75.15,76.0,405530.0
2021-07-22 15:00:00,NSE:DWARKESH,76.2,78.0,76.2,77.65,801424.0
2021-07-23 09:00:00,NSE:DWARKESH,78.5,79.25,76.85,78.4,1620695.0
2021-07-23 10:00:00,NSE:DWARKESH,78.4,78.45,77.25,77.35,262812.0
2021-07-23 11:00:00,NSE:DWARKESH,77.35,77.7,77.0,77.2,197575.0
2021-07-23 12:00:00,NSE:DWARKESH,77.05,77.25,76.7,76.7,126089.0
2021-07-23 13:00:00,NSE:DWARKESH,76.7,78.35,76.3,77.6,481168.0
2021-07-23 14:00:00,NSE:DWARKESH,77.6,77.85,77.2,77.6,201643.0
2021-07-23 15:00:00,NSE:DWARKESH,77.55,77.65,76.75,77.3,430285.0
