datetime,symbol,open,high,low,close,volume
2021-03-24 10:50:00,NSE:EBIXFOREX,475.0,475.0,475.0,475.0,250.0
2021-03-24 11:00:00,NSE:EBIXFOREX,476.1,476.1,475.25,475.25,260.0
2021-03-24 11:07:00,NSE:EBIXFOREX,475.1,475.1,475.1,475.1,20.0
2021-03-24 11:19:00,NSE:EBIXFOREX,483.0,483.0,483.0,483.0,290.0
2021-03-24 11:23:00,NSE:EBIXFOREX,481.5,481.5,481.5,481.5,9.0
2021-03-24 11:37:00,NSE:EBIXFOREX,475.7,475.7,475.7,475.7,2.0
2021-03-24 11:46:00,NSE:EBIXFOREX,477.1,479.0,477.1,479.0,18.0
2021-03-24 11:48:00,NSE:EBIXFOREX,475.95,475.95,475.95,475.95,4.0
2021-03-24 12:12:00,NSE:EBIXFOREX,479.9,479.9,479.9,479.9,1.0
2021-03-24 12:19:00,NSE:EBIXFOREX,479.65,479.65,479.65,479.65,46.0
2021-03-24 12:21:00,NSE:EBIXFOREX,477.1,477.1,477.1,477.1,1.0
2021-03-24 12:24:00,NSE:EBIXFOREX,490.0,490.0,490.0,490.0,1000.0
2021-03-24 13:10:00,NSE:EBIXFOREX,483.55,483.55,483.55,483.55,100.0
2021-03-24 13:36:00,NSE:EBIXFOREX,488.6,490.05,488.6,490.05,590.0
2021-03-24 13:41:00,NSE:EBIXFOREX,490.55,490.55,490.55,490.55,5.0
2021-03-24 13:42:00,NSE:EBIXFOREX,495.0,497.0,495.0,497.0,547.0
2021-03-24 13:43:00,NSE:EBIXFOREX,498.0,498.0,498.0,498.0,34.0
2021-03-24 13:44:00,NSE:EBIXFOREX,497.9,497.9,497.9,497.9,20.0
2021-03-24 13:46:00,NSE:EBIXFOREX,494.0,494.0,494.0,494.0,1.0
2021-03-24 13:47:00,NSE:EBIXFOREX,493.0,493.0,493.0,493.0,14.0
2021-03-24 13:48:00,NSE:EBIXFOREX,491.65,491.65,491.6,491.6,49.0
2021-03-24 13:49:00,NSE:EBIXFOREX,491.65,491.65,491.6,491.65,56.0
2021-03-24 13:50:00,NSE:EBIXFOREX,490.55,490.55,489.55,489.55,104.0
2021-03-24 13:51:00,NSE:EBIXFOREX,489.15,489.15,489.15,489.15,10.0
2021-03-24 13:54:00,NSE:EBIXFOREX,492.8,492.8,487.35,487.35,17.0
2021-03-24 13:57:00,NSE:EBIXFOREX,487.6,490.0,484.55,487.0,346.0
2021-03-24 13:58:00,NSE:EBIXFOREX,489.95,490.0,489.95,490.0,31.0
2021-03-24 14:07:00,NSE:EBIXFOREX,490.05,490.05,490.05,490.05,10.0
2021-03-24 14:09:00,NSE:EBIXFOREX,490.1,490.1,490.1,490.1,4.0
2021-03-24 14:10:00,NSE:EBIXFOREX,490.55,490.55,490.55,490.55,9.0
2021-03-24 14:22:00,NSE:EBIXFOREX,490.95,490.95,490.95,490.95,2.0
2021-03-24 14:29:00,NSE:EBIXFOREX,486.6,486.6,486.6,486.6,200.0
2021-03-24 14:39:00,NSE:EBIXFOREX,492.95,492.95,492.95,492.95,11.0
2021-03-24 14:40:00,NSE:EBIXFOREX,490.0,490.0,490.0,490.0,321.0
2021-03-24 14:48:00,NSE:EBIXFOREX,490.0,490.0,490.0,490.0,107.0
2021-03-24 14:51:00,NSE:EBIXFOREX,490.0,490.0,490.0,490.0,50.0
2021-03-24 14:53:00,NSE:EBIXFOREX,487.6,487.6,487.6,487.6,3.0
2021-03-24 14:54:00,NSE:EBIXFOREX,488.05,488.05,488.05,488.05,1.0
2021-03-24 15:03:00,NSE:EBIXFOREX,487.0,487.0,486.85,486.85,150.0
2021-03-24 15:12:00,NSE:EBIXFOREX,487.55,487.55,487.55,487.55,25.0
2021-03-24 15:14:00,NSE:EBIXFOREX,487.15,487.55,487.15,487.55,7.0
2021-03-24 15:15:00,NSE:EBIXFOREX,486.25,487.55,486.25,487.55,119.0
2021-03-24 15:18:00,NSE:EBIXFOREX,486.5,486.5,486.5,486.5,19.0
2021-03-24 15:19:00,NSE:EBIXFOREX,487.0,487.0,487.0,487.0,127.0
2021-03-24 15:23:00,NSE:EBIXFOREX,487.0,487.0,487.0,487.0,2.0
2021-03-24 15:24:00,NSE:EBIXFOREX,486.5,486.5,486.5,486.5,4.0
2021-03-24 15:25:00,NSE:EBIXFOREX,486.5,490.0,486.5,490.0,409.0
2021-03-24 15:26:00,NSE:EBIXFOREX,490.0,492.0,490.0,492.0,31.0
2021-03-24 15:28:00,NSE:EBIXFOREX,492.0,492.0,492.0,492.0,16.0
2021-03-24 15:29:00,NSE:EBIXFOREX,492.0,492.0,492.0,492.0,165.0
2021-03-24 15:44:00,NSE:EBIXFOREX,488.95,488.95,488.95,488.95,100.0
2021-03-25 09:07:00,NSE:EBIXFOREX,494.85,494.85,494.85,494.85,1.0
2021-03-25 09:20:00,NSE:EBIXFOREX,481.0,481.0,481.0,481.0,5.0
2021-03-25 09:26:00,NSE:EBIXFOREX,482.3,487.95,482.3,487.95,26.0
2021-03-25 09:35:00,NSE:EBIXFOREX,483.05,483.05,483.05,483.05,10.0
2021-03-25 09:40:00,NSE:EBIXFOREX,483.2,483.2,483.2,483.2,7.0
2021-03-25 09:41:00,NSE:EBIXFOREX,483.05,483.05,483.05,483.05,12.0
2021-03-25 09:48:00,NSE:EBIXFOREX,483.5,483.5,483.5,483.5,10.0
2021-03-25 10:00:00,NSE:EBIXFOREX,483.5,483.5,483.5,483.5,5.0
2021-03-25 10:06:00,NSE:EBIXFOREX,481.2,481.2,481.2,481.2,100.0
2021-03-25 10:48:00,NSE:EBIXFOREX,485.0,485.0,485.0,485.0,24.0
2021-03-25 10:49:00,NSE:EBIXFOREX,483.05,483.05,483.05,483.05,10.0
2021-03-25 11:31:00,NSE:EBIXFOREX,484.2,484.2,484.2,484.2,5.0
2021-03-25 11:33:00,NSE:EBIXFOREX,484.0,484.0,484.0,484.0,100.0
2021-03-25 11:43:00,NSE:EBIXFOREX,481.8,481.8,481.8,481.8,100.0
2021-03-25 11:44:00,NSE:EBIXFOREX,481.2,481.2,481.2,481.2,25.0
2021-03-25 12:03:00,NSE:EBIXFOREX,488.0,488.0,488.0,488.0,50.0
2021-03-25 12:04:00,NSE:EBIXFOREX,480.05,487.35,480.05,487.35,100.0
2021-03-25 12:07:00,NSE:EBIXFOREX,480.05,480.05,480.05,480.05,50.0
2021-03-25 12:08:00,NSE:EBIXFOREX,481.45,481.45,481.45,481.45,1.0
2021-03-25 12:09:00,NSE:EBIXFOREX,485.95,485.95,485.95,485.95,50.0
2021-03-25 12:12:00,NSE:EBIXFOREX,480.0,480.0,479.95,480.0,84.0
2021-03-25 12:15:00,NSE:EBIXFOREX,477.1,477.1,477.1,477.1,5.0
2021-03-25 12:32:00,NSE:EBIXFOREX,477.5,477.5,477.5,477.5,3.0
2021-03-25 12:34:00,NSE:EBIXFOREX,477.3,477.3,477.3,477.3,36.0
2021-03-25 12:38:00,NSE:EBIXFOREX,477.5,477.5,477.5,477.5,2.0
2021-03-25 12:41:00,NSE:EBIXFOREX,485.1,485.1,485.1,485.1,6.0
2021-03-25 12:43:00,NSE:EBIXFOREX,479.75,479.75,479.75,479.75,43.0
2021-03-25 12:46:00,NSE:EBIXFOREX,481.4,481.4,481.4,481.4,3.0
2021-03-25 12:47:00,NSE:EBIXFOREX,477.05,477.05,477.05,477.05,83.0
2021-03-25 12:49:00,NSE:EBIXFOREX,477.0,477.0,476.95,477.0,315.0
2021-03-25 12:50:00,NSE:EBIXFOREX,476.0,476.0,476.0,476.0,1.0
2021-03-25 12:51:00,NSE:EBIXFOREX,475.8,475.8,475.0,475.0,9.0
2021-03-25 12:52:00,NSE:EBIXFOREX,475.2,475.2,475.2,475.2,4.0
2021-03-25 12:54:00,NSE:EBIXFOREX,475.2,475.2,475.2,475.2,1.0
2021-03-25 13:01:00,NSE:EBIXFOREX,475.2,475.2,475.2,475.2,2.0
2021-03-25 13:42:00,NSE:EBIXFOREX,475.2,475.2,475.2,475.2,13.0
2021-03-25 13:58:00,NSE:EBIXFOREX,475.0,475.0,475.0,475.0,5.0
2021-03-25 14:09:00,NSE:EBIXFOREX,479.9,479.9,479.9,479.9,17.0
2021-03-25 14:28:00,NSE:EBIXFOREX,471.65,471.65,471.65,471.65,13.0
2021-03-25 14:30:00,NSE:EBIXFOREX,472.85,472.85,472.85,472.85,100.0
2021-03-25 14:37:00,NSE:EBIXFOREX,471.7,471.7,471.7,471.7,3.0
2021-03-25 14:54:00,NSE:EBIXFOREX,477.45,477.45,477.45,477.45,5.0
2021-03-25 15:01:00,NSE:EBIXFOREX,472.0,472.0,472.0,472.0,200.0
2021-03-25 15:15:00,NSE:EBIXFOREX,476.65,476.65,476.65,476.65,2.0
2021-03-25 15:17:00,NSE:EBIXFOREX,476.45,476.45,476.45,476.45,5.0
2021-03-25 15:20:00,NSE:EBIXFOREX,472.25,472.25,472.0,472.0,130.0
2021-03-25 15:21:00,NSE:EBIXFOREX,471.9,471.9,471.0,471.0,204.0
2021-03-25 15:23:00,NSE:EBIXFOREX,472.0,472.0,472.0,472.0,20.0
2021-03-25 15:24:00,NSE:EBIXFOREX,472.0,472.0,472.0,472.0,100.0
2021-03-25 15:25:00,NSE:EBIXFOREX,471.7,471.95,471.7,471.95,33.0
2021-03-25 15:26:00,NSE:EBIXFOREX,471.95,471.95,471.95,471.95,2.0
2021-03-25 15:28:00,NSE:EBIXFOREX,471.5,471.5,470.0,471.5,82.0
2021-03-25 15:29:00,NSE:EBIXFOREX,471.35,471.35,466.5,466.5,131.0
2021-03-26 09:08:00,NSE:EBIXFOREX,484.95,484.95,484.95,484.95,2.0
2021-03-26 09:16:00,NSE:EBIXFOREX,466.0,484.6,466.0,470.45,51.0
2021-03-26 09:38:00,NSE:EBIXFOREX,472.3,475.95,472.3,475.95,18.0
2021-03-26 09:42:00,NSE:EBIXFOREX,475.9,475.9,475.9,475.9,15.0
2021-03-26 09:43:00,NSE:EBIXFOREX,476.0,476.0,476.0,476.0,100.0
2021-03-26 09:51:00,NSE:EBIXFOREX,474.85,475.0,474.85,475.0,4.0
2021-03-26 09:53:00,NSE:EBIXFOREX,474.8,474.8,474.8,474.8,2.0
2021-03-26 09:56:00,NSE:EBIXFOREX,472.35,472.35,472.35,472.35,7.0
2021-03-26 09:57:00,NSE:EBIXFOREX,473.0,473.0,473.0,473.0,25.0
2021-03-26 10:03:00,NSE:EBIXFOREX,473.0,473.0,473.0,473.0,16.0
2021-03-26 10:07:00,NSE:EBIXFOREX,475.9,475.9,475.9,475.9,10.0
2021-03-26 10:16:00,NSE:EBIXFOREX,476.0,476.0,476.0,476.0,65.0
2021-03-26 10:20:00,NSE:EBIXFOREX,475.8,475.8,475.8,475.8,9.0
2021-03-26 10:21:00,NSE:EBIXFOREX,471.1,471.1,471.1,471.1,1.0
2021-03-26 10:38:00,NSE:EBIXFOREX,475.9,475.9,475.9,475.9,25.0
2021-03-26 10:58:00,NSE:EBIXFOREX,475.0,475.0,475.0,475.0,5.0
2021-03-26 11:00:00,NSE:EBIXFOREX,475.0,483.3,475.0,483.3,60.0
2021-03-26 11:01:00,NSE:EBIXFOREX,484.2,487.3,484.2,487.3,20.0
2021-03-26 11:02:00,NSE:EBIXFOREX,489.7,489.7,489.7,489.7,1.0
2021-03-26 11:06:00,NSE:EBIXFOREX,488.8,488.8,488.8,488.8,10.0
2021-03-26 11:08:00,NSE:EBIXFOREX,483.5,483.5,481.7,481.7,98.0
2021-03-26 11:09:00,NSE:EBIXFOREX,487.55,487.55,487.55,487.55,1.0
2021-03-26 11:14:00,NSE:EBIXFOREX,486.9,486.9,486.9,486.9,86.0
2021-03-26 11:15:00,NSE:EBIXFOREX,486.9,486.9,486.9,486.9,1.0
2021-03-26 11:18:00,NSE:EBIXFOREX,480.75,485.0,479.0,485.0,108.0
2021-03-26 11:19:00,NSE:EBIXFOREX,485.3,485.3,485.3,485.3,1.0
2021-03-26 11:34:00,NSE:EBIXFOREX,483.05,484.95,483.05,484.95,6.0
2021-03-26 11:38:00,NSE:EBIXFOREX,483.05,483.05,483.05,483.05,1.0
2021-03-26 11:39:00,NSE:EBIXFOREX,484.9,484.9,484.9,484.9,6.0
2021-03-26 11:41:00,NSE:EBIXFOREX,485.0,485.0,485.0,485.0,30.0
2021-03-26 11:43:00,NSE:EBIXFOREX,485.0,485.0,485.0,485.0,20.0
2021-03-26 11:44:00,NSE:EBIXFOREX,487.0,487.0,487.0,487.0,4.0
2021-03-26 11:50:00,NSE:EBIXFOREX,484.55,484.55,484.55,484.55,10.0
2021-03-26 11:51:00,NSE:EBIXFOREX,486.95,486.95,486.95,486.95,1.0
2021-03-26 12:20:00,NSE:EBIXFOREX,485.1,485.1,485.0,485.0,6.0
2021-03-26 12:21:00,NSE:EBIXFOREX,487.3,487.3,487.3,487.3,100.0
2021-03-26 12:45:00,NSE:EBIXFOREX,482.0,484.35,482.0,484.35,11.0
2021-03-26 12:46:00,NSE:EBIXFOREX,485.0,485.0,485.0,485.0,11.0
2021-03-26 12:51:00,NSE:EBIXFOREX,485.0,485.0,485.0,485.0,40.0
2021-03-26 12:55:00,NSE:EBIXFOREX,480.0,480.0,480.0,480.0,100.0
2021-03-26 13:04:00,NSE:EBIXFOREX,483.5,485.0,483.5,485.0,18.0
2021-03-26 13:10:00,NSE:EBIXFOREX,484.0,484.0,484.0,484.0,4.0
2021-03-26 13:11:00,NSE:EBIXFOREX,484.75,484.75,484.75,484.75,1.0
2021-03-26 13:19:00,NSE:EBIXFOREX,484.95,484.95,484.95,484.95,1.0
2021-03-26 13:22:00,NSE:EBIXFOREX,484.95,484.95,484.95,484.95,5.0
2021-03-26 13:24:00,NSE:EBIXFOREX,481.0,484.75,481.0,484.75,87.0
2021-03-26 13:50:00,NSE:EBIXFOREX,482.1,482.1,482.1,482.1,2.0
2021-03-26 13:51:00,NSE:EBIXFOREX,484.35,484.35,484.35,484.35,1.0
2021-03-26 13:57:00,NSE:EBIXFOREX,480.75,483.35,480.75,483.35,99.0
2021-03-26 13:58:00,NSE:EBIXFOREX,484.35,484.35,484.35,484.35,1.0
2021-03-26 14:18:00,NSE:EBIXFOREX,483.0,483.0,483.0,483.0,7.0
2021-03-26 14:19:00,NSE:EBIXFOREX,484.3,484.3,482.0,482.05,98.0
2021-03-26 14:20:00,NSE:EBIXFOREX,484.15,484.15,484.15,484.15,1.0
2021-03-26 14:24:00,NSE:EBIXFOREX,481.0,481.0,481.0,481.0,72.0
2021-03-26 14:25:00,NSE:EBIXFOREX,484.95,484.95,484.95,484.95,1.0
2021-03-26 14:26:00,NSE:EBIXFOREX,484.95,484.95,484.95,484.95,2.0
2021-03-26 14:59:00,NSE:EBIXFOREX,484.4,484.4,484.4,484.4,1.0
2021-03-26 15:11:00,NSE:EBIXFOREX,479.45,479.45,479.45,479.45,142.0
2021-03-26 15:12:00,NSE:EBIXFOREX,484.1,484.1,484.1,484.1,1.0
2021-03-26 15:18:00,NSE:EBIXFOREX,482.0,482.1,482.0,482.1,107.0
2021-03-26 15:19:00,NSE:EBIXFOREX,484.0,484.1,484.0,484.1,53.0
2021-03-26 15:20:00,NSE:EBIXFOREX,484.0,484.0,483.0,483.0,252.0
2021-03-26 15:21:00,NSE:EBIXFOREX,483.0,483.0,482.0,482.0,204.0
2021-03-26 15:22:00,NSE:EBIXFOREX,483.0,483.0,483.0,483.0,211.0
2021-03-26 15:23:00,NSE:EBIXFOREX,487.15,487.15,487.0,487.0,7.0
2021-03-26 15:24:00,NSE:EBIXFOREX,488.0,488.0,487.25,487.25,45.0
2021-03-26 15:25:00,NSE:EBIXFOREX,487.0,487.0,485.9,485.9,160.0
2021-03-26 15:26:00,NSE:EBIXFOREX,489.75,490.0,489.75,490.0,119.0
2021-03-26 15:27:00,NSE:EBIXFOREX,490.0,490.0,489.5,489.5,75.0
2021-03-26 15:28:00,NSE:EBIXFOREX,489.4,489.4,489.0,489.0,76.0
2021-03-26 15:29:00,NSE:EBIXFOREX,489.0,489.0,488.0,488.0,70.0
2021-03-26 15:42:00,NSE:EBIXFOREX,484.95,484.95,484.95,484.95,100.0
2021-03-26 15:43:00,NSE:EBIXFOREX,484.95,484.95,484.95,484.95,44.0
2021-03-26 15:48:00,NSE:EBIXFOREX,484.95,484.95,484.95,484.95,33.0
2021-03-30 09:08:00,NSE:EBIXFOREX,495.0,495.0,495.0,495.0,13.0
2021-03-30 09:15:00,NSE:EBIXFOREX,497.4,497.4,497.4,497.4,1.0
2021-03-30 09:16:00,NSE:EBIXFOREX,498.0,498.0,493.0,493.0,17.0
2021-03-30 09:17:00,NSE:EBIXFOREX,497.95,497.95,491.05,497.9,24.0
2021-03-30 09:20:00,NSE:EBIXFOREX,492.6,496.05,492.6,496.05,3.0
2021-03-30 09:21:00,NSE:EBIXFOREX,492.1,492.1,492.1,492.1,6.0
2021-03-30 09:22:00,NSE:EBIXFOREX,491.0,491.0,490.95,491.0,76.0
2021-03-30 09:25:00,NSE:EBIXFOREX,491.0,493.8,491.0,493.8,26.0
2021-03-30 09:27:00,NSE:EBIXFOREX,492.05,492.65,492.05,492.65,2.0
2021-03-30 09:28:00,NSE:EBIXFOREX,493.25,493.25,493.25,493.25,1.0
2021-03-30 09:31:00,NSE:EBIXFOREX,493.1,493.45,493.1,493.45,51.0
2021-03-30 09:32:00,NSE:EBIXFOREX,493.9,493.9,493.9,493.9,22.0
2021-03-30 09:33:00,NSE:EBIXFOREX,493.5,493.5,493.5,493.5,11.0
2021-03-30 09:34:00,NSE:EBIXFOREX,493.5,493.5,493.3,493.5,7.0
2021-03-30 09:36:00,NSE:EBIXFOREX,493.0,493.0,490.0,490.0,41.0
2021-03-30 09:37:00,NSE:EBIXFOREX,490.5,490.5,490.5,490.5,23.0
2021-03-30 09:38:00,NSE:EBIXFOREX,490.0,493.0,490.0,493.0,51.0
2021-03-30 09:40:00,NSE:EBIXFOREX,489.0,489.0,488.0,488.0,34.0
2021-03-30 09:42:00,NSE:EBIXFOREX,490.95,490.95,490.95,490.95,1.0
2021-03-30 09:45:00,NSE:EBIXFOREX,490.1,490.1,490.0,490.0,39.0
2021-03-30 09:47:00,NSE:EBIXFOREX,481.5,487.75,481.5,487.75,200.0
2021-03-30 09:48:00,NSE:EBIXFOREX,488.75,490.0,488.75,490.0,10.0
2021-03-30 09:50:00,NSE:EBIXFOREX,490.05,500.0,490.05,500.0,576.0
2021-03-30 09:51:00,NSE:EBIXFOREX,495.8,496.75,495.8,496.75,123.0
2021-03-30 09:52:00,NSE:EBIXFOREX,490.1,498.95,490.1,498.95,5.0
2021-03-30 09:54:00,NSE:EBIXFOREX,496.75,496.75,496.75,496.75,25.0
2021-03-30 09:55:00,NSE:EBIXFOREX,495.3,496.7,495.3,496.7,6.0
2021-03-30 09:57:00,NSE:EBIXFOREX,498.5,498.5,498.5,498.5,1.0
2021-03-30 09:58:00,NSE:EBIXFOREX,496.7,496.7,496.7,496.7,11.0
2021-03-30 09:59:00,NSE:EBIXFOREX,498.5,498.5,498.5,498.5,19.0
2021-03-30 10:02:00,NSE:EBIXFOREX,498.1,498.1,498.1,498.1,3.0
2021-03-30 10:03:00,NSE:EBIXFOREX,498.3,498.3,496.3,496.3,8.0
2021-03-30 10:04:00,NSE:EBIXFOREX,498.45,498.45,498.45,498.45,4.0
2021-03-30 10:05:00,NSE:EBIXFOREX,498.45,498.45,498.45,498.45,1.0
2021-03-30 10:07:00,NSE:EBIXFOREX,498.3,498.3,498.3,498.3,1.0
2021-03-30 10:14:00,NSE:EBIXFOREX,498.0,498.0,497.1,497.8,8.0
2021-03-30 10:17:00,NSE:EBIXFOREX,495.1,497.95,495.1,497.95,11.0
2021-03-30 10:20:00,NSE:EBIXFOREX,497.2,497.2,497.2,497.2,3.0
2021-03-30 10:21:00,NSE:EBIXFOREX,497.6,497.6,497.6,497.6,1.0
2021-03-30 10:27:00,NSE:EBIXFOREX,496.1,496.1,496.1,496.1,80.0
2021-03-30 10:28:00,NSE:EBIXFOREX,497.5,497.5,497.5,497.5,1.0
2021-03-30 10:29:00,NSE:EBIXFOREX,497.5,497.5,497.5,497.5,1.0
2021-03-30 10:32:00,NSE:EBIXFOREX,497.1,497.1,496.95,496.95,4.0
2021-03-30 10:34:00,NSE:EBIXFOREX,496.5,496.5,496.4,496.4,5.0
2021-03-30 10:35:00,NSE:EBIXFOREX,494.15,494.15,494.15,494.15,15.0
2021-03-30 10:37:00,NSE:EBIXFOREX,495.35,496.35,495.35,496.35,2.0
2021-03-30 10:38:00,NSE:EBIXFOREX,494.55,494.55,494.55,494.55,1.0
2021-03-30 10:42:00,NSE:EBIXFOREX,495.2,496.2,495.2,496.2,2.0
2021-03-30 10:44:00,NSE:EBIXFOREX,494.55,494.55,494.55,494.55,2.0
2021-03-30 10:46:00,NSE:EBIXFOREX,495.2,495.2,495.2,495.2,1.0
2021-03-30 10:48:00,NSE:EBIXFOREX,495.25,495.25,495.25,495.25,1.0
2021-03-30 10:50:00,NSE:EBIXFOREX,495.0,495.0,493.55,493.55,34.0
2021-03-30 10:51:00,NSE:EBIXFOREX,494.95,494.95,494.95,494.95,1.0
2021-03-30 11:05:00,NSE:EBIXFOREX,492.65,492.65,492.65,492.65,28.0
2021-03-30 11:39:00,NSE:EBIXFOREX,494.95,494.95,494.95,494.95,1.0
2021-03-30 11:48:00,NSE:EBIXFOREX,494.9,494.9,494.9,494.9,1.0
2021-03-30 12:10:00,NSE:EBIXFOREX,494.95,494.95,494.95,494.95,30.0
2021-03-30 12:24:00,NSE:EBIXFOREX,494.7,494.7,494.7,494.7,8.0
2021-03-30 12:29:00,NSE:EBIXFOREX,494.7,494.7,494.7,494.7,1.0
2021-03-30 12:42:00,NSE:EBIXFOREX,494.5,494.5,494.5,494.5,1.0
2021-03-30 12:57:00,NSE:EBIXFOREX,493.0,494.0,493.0,494.0,53.0
2021-03-30 12:58:00,NSE:EBIXFOREX,492.5,492.5,492.5,492.5,1.0
2021-03-30 13:00:00,NSE:EBIXFOREX,491.75,494.0,491.75,494.0,11.0
2021-03-30 13:04:00,NSE:EBIXFOREX,490.95,493.0,488.0,493.0,116.0
2021-03-30 13:16:00,NSE:EBIXFOREX,488.55,488.85,488.35,488.35,8.0
2021-03-30 13:17:00,NSE:EBIXFOREX,492.2,492.2,492.2,492.2,4.0
2021-03-30 13:21:00,NSE:EBIXFOREX,493.8,493.8,493.8,493.8,1.0
2021-03-30 13:28:00,NSE:EBIXFOREX,493.5,493.5,493.5,493.5,2.0
2021-03-30 13:36:00,NSE:EBIXFOREX,493.3,493.3,493.3,493.3,1.0
2021-03-30 13:41:00,NSE:EBIXFOREX,491.05,493.3,491.05,493.3,3.0
2021-03-30 13:45:00,NSE:EBIXFOREX,493.3,493.5,493.3,493.5,4.0
2021-03-30 13:53:00,NSE:EBIXFOREX,493.5,493.5,493.5,493.5,3.0
2021-03-30 13:54:00,NSE:EBIXFOREX,493.5,493.5,493.5,493.5,2.0
2021-03-30 13:55:00,NSE:EBIXFOREX,493.5,493.5,493.5,493.5,3.0
2021-03-30 13:56:00,NSE:EBIXFOREX,493.5,495.0,493.5,495.0,3.0
2021-03-30 13:59:00,NSE:EBIXFOREX,494.3,494.3,492.95,492.95,14.0
2021-03-30 14:00:00,NSE:EBIXFOREX,492.95,494.25,492.0,493.0,6.0
2021-03-30 14:01:00,NSE:EBIXFOREX,494.25,494.25,494.25,494.25,1.0
2021-03-30 14:02:00,NSE:EBIXFOREX,494.15,495.0,494.15,495.0,10.0
2021-03-30 14:41:00,NSE:EBIXFOREX,494.95,494.95,494.95,494.95,1.0
2021-03-30 14:46:00,NSE:EBIXFOREX,488.75,494.9,488.75,494.9,27.0
2021-03-30 14:49:00,NSE:EBIXFOREX,494.95,494.95,494.95,494.95,25.0
2021-03-30 15:03:00,NSE:EBIXFOREX,490.4,490.45,490.4,490.45,64.0
2021-03-30 15:04:00,NSE:EBIXFOREX,490.45,490.45,490.45,490.45,39.0
2021-03-30 15:05:00,NSE:EBIXFOREX,494.9,494.9,494.9,494.9,1.0
2021-03-30 15:13:00,NSE:EBIXFOREX,489.1,492.9,489.1,492.9,21.0
2021-03-30 15:14:00,NSE:EBIXFOREX,489.0,492.85,489.0,492.85,43.0
2021-03-30 15:21:00,NSE:EBIXFOREX,492.85,492.85,492.85,492.85,24.0
2021-03-30 15:22:00,NSE:EBIXFOREX,493.95,493.95,490.0,493.95,177.0
2021-03-30 15:23:00,NSE:EBIXFOREX,493.95,493.95,493.95,493.95,1.0
2021-03-30 15:26:00,NSE:EBIXFOREX,487.0,493.85,487.0,493.85,21.0
2021-03-30 15:28:00,NSE:EBIXFOREX,493.9,493.9,493.9,493.9,18.0
2021-03-30 15:29:00,NSE:EBIXFOREX,493.95,493.95,493.95,493.95,83.0
2021-03-31 09:07:00,NSE:EBIXFOREX,502.0,502.0,502.0,502.0,2.0
2021-03-31 09:15:00,NSE:EBIXFOREX,500.0,500.0,498.0,498.0,18.0
2021-03-31 09:16:00,NSE:EBIXFOREX,497.8,498.0,497.75,498.0,7.0
2021-03-31 09:17:00,NSE:EBIXFOREX,498.0,498.0,498.0,498.0,3.0
2021-03-31 09:18:00,NSE:EBIXFOREX,493.3,493.6,493.3,493.6,11.0
2021-03-31 09:19:00,NSE:EBIXFOREX,493.5,493.5,492.1,492.1,2.0
2021-03-31 09:20:00,NSE:EBIXFOREX,492.0,492.0,492.0,492.0,1.0
2021-03-31 09:23:00,NSE:EBIXFOREX,489.0,489.0,489.0,489.0,3.0
2021-03-31 09:24:00,NSE:EBIXFOREX,487.05,487.05,487.05,487.05,2.0
2021-03-31 09:26:00,NSE:EBIXFOREX,488.0,488.0,488.0,488.0,13.0
2021-03-31 09:32:00,NSE:EBIXFOREX,471.5,487.05,471.5,472.05,586.0
2021-03-31 09:33:00,NSE:EBIXFOREX,487.1,487.1,487.1,487.1,2.0
2021-03-31 09:35:00,NSE:EBIXFOREX,477.05,477.05,477.05,477.05,24.0
2021-03-31 09:43:00,NSE:EBIXFOREX,484.45,484.45,484.45,484.45,10.0
2021-03-31 09:50:00,NSE:EBIXFOREX,483.6,483.6,483.6,483.6,10.0
2021-03-31 09:55:00,NSE:EBIXFOREX,483.6,483.6,483.6,483.6,95.0
2021-03-31 09:56:00,NSE:EBIXFOREX,478.05,478.05,478.05,478.05,28.0
2021-03-31 10:06:00,NSE:EBIXFOREX,479.6,479.6,479.6,479.6,2.0
2021-03-31 10:10:00,NSE:EBIXFOREX,479.6,479.65,479.6,479.65,22.0
2021-03-31 10:11:00,NSE:EBIXFOREX,477.85,479.85,477.1,479.85,13.0
2021-03-31 10:19:00,NSE:EBIXFOREX,477.25,477.25,477.25,477.25,20.0
2021-03-31 10:35:00,NSE:EBIXFOREX,483.0,483.0,483.0,483.0,100.0
2021-03-31 10:39:00,NSE:EBIXFOREX,479.8,479.8,479.8,479.8,2.0
2021-03-31 11:04:00,NSE:EBIXFOREX,477.0,477.0,477.0,477.0,100.0
2021-03-31 11:22:00,NSE:EBIXFOREX,480.2,480.2,480.2,480.2,29.0
2021-03-31 11:30:00,NSE:EBIXFOREX,481.95,481.95,481.95,481.95,10.0
2021-03-31 12:13:00,NSE:EBIXFOREX,478.5,478.5,478.5,478.5,4.0
2021-03-31 12:23:00,NSE:EBIXFOREX,479.35,479.35,479.35,479.35,2.0
2021-03-31 12:33:00,NSE:EBIXFOREX,480.1,485.0,480.1,485.0,102.0
2021-03-31 12:44:00,NSE:EBIXFOREX,485.0,485.0,485.0,485.0,49.0
2021-03-31 12:59:00,NSE:EBIXFOREX,480.0,480.0,480.0,480.0,3.0
2021-03-31 13:33:00,NSE:EBIXFOREX,481.9,481.9,481.9,481.9,1.0
2021-03-31 13:35:00,NSE:EBIXFOREX,481.9,481.9,481.9,481.9,6.0
2021-03-31 14:08:00,NSE:EBIXFOREX,477.0,477.0,477.0,477.0,77.0
2021-03-31 14:09:00,NSE:EBIXFOREX,483.0,483.0,483.0,483.0,1.0
2021-03-31 14:16:00,NSE:EBIXFOREX,480.8,480.8,480.8,480.8,9.0
2021-03-31 14:22:00,NSE:EBIXFOREX,483.0,483.0,483.0,483.0,48.0
2021-03-31 15:02:00,NSE:EBIXFOREX,478.05,478.05,478.05,478.05,11.0
2021-03-31 15:19:00,NSE:EBIXFOREX,483.0,483.0,483.0,483.0,1.0
2021-03-31 15:22:00,NSE:EBIXFOREX,481.15,481.15,481.15,481.15,14.0
2021-03-31 15:25:00,NSE:EBIXFOREX,483.0,483.0,483.0,483.0,6.0
2021-03-31 15:28:00,NSE:EBIXFOREX,483.0,483.0,483.0,483.0,8.0
2021-03-31 15:29:00,NSE:EBIXFOREX,477.0,483.0,474.0,474.0,196.0
2021-04-01 09:08:00,NSE:EBIXFOREX,495.0,495.0,495.0,495.0,1.0
2021-04-01 09:16:00,NSE:EBIXFOREX,479.0,479.0,479.0,479.0,1.0
2021-04-01 09:28:00,NSE:EBIXFOREX,482.65,482.65,482.65,482.65,10.0
2021-04-01 10:00:00,NSE:EBIXFOREX,488.75,488.75,488.75,488.75,1.0
2021-04-01 10:01:00,NSE:EBIXFOREX,489.65,489.65,489.65,489.65,1.0
2021-04-01 10:02:00,NSE:EBIXFOREX,489.7,489.7,489.7,489.7,1.0
2021-04-01 10:43:00,NSE:EBIXFOREX,487.0,487.0,487.0,487.0,3.0
2021-04-01 10:44:00,NSE:EBIXFOREX,487.0,487.0,487.0,487.0,20.0
2021-04-01 11:09:00,NSE:EBIXFOREX,488.25,488.25,488.25,488.25,38.0
2021-04-01 11:16:00,NSE:EBIXFOREX,488.25,488.25,488.25,488.25,1.0
2021-04-01 11:17:00,NSE:EBIXFOREX,486.5,486.5,486.5,486.5,1.0
2021-04-01 11:35:00,NSE:EBIXFOREX,486.25,486.25,486.25,486.25,23.0
2021-04-01 11:55:00,NSE:EBIXFOREX,485.0,485.0,484.0,484.0,32.0
2021-04-01 11:56:00,NSE:EBIXFOREX,484.0,484.0,484.0,484.0,20.0
2021-04-01 12:05:00,NSE:EBIXFOREX,483.15,483.15,483.15,483.15,1.0
2021-04-01 12:07:00,NSE:EBIXFOREX,480.0,480.0,480.0,480.0,175.0
2021-04-01 12:12:00,NSE:EBIXFOREX,479.0,479.0,478.45,479.0,102.0
2021-04-01 12:13:00,NSE:EBIXFOREX,479.0,479.0,478.0,479.0,30.0
2021-04-01 12:16:00,NSE:EBIXFOREX,479.0,479.0,478.75,478.75,244.0
2021-04-01 12:19:00,NSE:EBIXFOREX,478.95,478.95,478.95,478.95,23.0
2021-04-01 12:36:00,NSE:EBIXFOREX,478.5,478.5,478.5,478.5,2.0
2021-04-01 12:43:00,NSE:EBIXFOREX,478.5,478.5,478.5,478.5,1.0
2021-04-01 12:52:00,NSE:EBIXFOREX,478.3,478.3,478.3,478.3,1.0
2021-04-01 12:53:00,NSE:EBIXFOREX,478.4,478.4,478.4,478.4,65.0
2021-04-01 13:00:00,NSE:EBIXFOREX,478.95,478.95,478.95,478.95,5.0
2021-04-01 13:02:00,NSE:EBIXFOREX,479.0,479.0,479.0,479.0,10.0
2021-04-01 13:09:00,NSE:EBIXFOREX,476.95,476.95,476.95,476.95,97.0
2021-04-01 13:10:00,NSE:EBIXFOREX,475.1,475.1,475.0,475.0,2.0
2021-04-01 13:12:00,NSE:EBIXFOREX,475.0,475.0,475.0,475.0,1.0
2021-04-01 13:17:00,NSE:EBIXFOREX,478.55,478.55,478.55,478.55,2.0
2021-04-01 13:32:00,NSE:EBIXFOREX,478.55,478.55,478.55,478.55,27.0
2021-04-01 13:40:00,NSE:EBIXFOREX,478.45,478.45,478.45,478.45,2.0
2021-04-01 13:48:00,NSE:EBIXFOREX,477.05,477.05,477.05,477.05,10.0
2021-04-01 13:49:00,NSE:EBIXFOREX,480.0,480.0,480.0,480.0,4.0
2021-04-01 13:51:00,NSE:EBIXFOREX,480.0,480.0,480.0,480.0,3.0
2021-04-01 14:24:00,NSE:EBIXFOREX,480.0,480.0,480.0,480.0,10.0
2021-04-01 14:31:00,NSE:EBIXFOREX,477.0,477.0,477.0,477.0,10.0
2021-04-01 14:35:00,NSE:EBIXFOREX,484.0,484.0,484.0,484.0,200.0
2021-04-01 14:45:00,NSE:EBIXFOREX,477.0,477.0,477.0,477.0,92.0
2021-04-01 14:50:00,NSE:EBIXFOREX,483.95,483.95,483.95,483.95,20.0
2021-04-01 14:53:00,NSE:EBIXFOREX,477.6,477.6,477.6,477.6,12.0
2021-04-01 14:59:00,NSE:EBIXFOREX,483.95,483.95,483.95,483.95,10.0
2021-04-01 15:04:00,NSE:EBIXFOREX,483.8,483.8,483.8,483.8,12.0
2021-04-01 15:14:00,NSE:EBIXFOREX,476.0,482.9,476.0,482.9,34.0
2021-04-01 15:25:00,NSE:EBIXFOREX,479.95,479.95,479.95,479.95,10.0
2021-04-01 15:29:00,NSE:EBIXFOREX,479.95,479.95,475.0,475.0,85.0
2021-04-01 15:30:00,NSE:EBIXFOREX,473.0,473.0,473.0,473.0,93.0
2021-04-05 09:18:00,NSE:EBIXFOREX,486.65,486.65,486.65,486.65,1.0
2021-04-05 09:19:00,NSE:EBIXFOREX,475.55,475.55,475.55,475.55,52.0
2021-04-05 09:20:00,NSE:EBIXFOREX,467.0,467.0,467.0,467.0,25.0
2021-04-05 09:21:00,NSE:EBIXFOREX,476.0,476.0,476.0,476.0,56.0
2021-04-05 09:46:00,NSE:EBIXFOREX,476.0,476.0,476.0,476.0,50.0
2021-04-05 09:47:00,NSE:EBIXFOREX,472.1,472.1,472.1,472.1,62.0
2021-04-05 09:48:00,NSE:EBIXFOREX,476.0,476.0,476.0,476.0,100.0
2021-04-05 09:53:00,NSE:EBIXFOREX,474.35,474.35,474.35,474.35,5.0
2021-04-05 09:54:00,NSE:EBIXFOREX,473.95,473.95,473.95,473.95,5.0
2021-04-05 10:08:00,NSE:EBIXFOREX,472.0,472.0,472.0,472.0,10.0
2021-04-05 10:09:00,NSE:EBIXFOREX,474.0,474.0,474.0,474.0,50.0
2021-04-05 10:14:00,NSE:EBIXFOREX,471.55,472.0,471.55,472.0,28.0
2021-04-05 10:41:00,NSE:EBIXFOREX,470.2,470.2,470.2,470.2,5.0
2021-04-05 11:01:00,NSE:EBIXFOREX,472.25,472.25,472.25,472.25,1.0
2021-04-05 11:26:00,NSE:EBIXFOREX,463.0,463.2,460.05,463.2,204.0
2021-04-05 11:27:00,NSE:EBIXFOREX,461.0,461.0,461.0,461.0,1.0
2021-04-05 11:43:00,NSE:EBIXFOREX,466.4,466.4,466.4,466.4,5.0
2021-04-05 11:44:00,NSE:EBIXFOREX,465.2,465.2,465.2,465.2,50.0
2021-04-05 11:52:00,NSE:EBIXFOREX,463.35,463.35,463.35,463.35,15.0
2021-04-05 11:53:00,NSE:EBIXFOREX,464.05,466.45,464.05,464.8,46.0
2021-04-05 11:55:00,NSE:EBIXFOREX,461.15,461.15,461.15,461.15,23.0
2021-04-05 12:04:00,NSE:EBIXFOREX,466.75,466.75,465.25,465.25,2.0
2021-04-05 12:14:00,NSE:EBIXFOREX,466.75,466.75,464.9,464.9,15.0
2021-04-05 12:41:00,NSE:EBIXFOREX,466.8,466.8,466.8,466.8,10.0
2021-04-05 12:52:00,NSE:EBIXFOREX,462.15,462.15,462.15,462.15,22.0
2021-04-05 13:07:00,NSE:EBIXFOREX,466.8,466.8,466.8,466.8,42.0
2021-04-05 13:17:00,NSE:EBIXFOREX,466.75,466.75,466.35,466.35,14.0
2021-04-05 13:18:00,NSE:EBIXFOREX,466.8,468.4,466.8,468.4,21.0
2021-04-05 13:42:00,NSE:EBIXFOREX,469.45,469.45,469.25,469.25,28.0
2021-04-05 13:43:00,NSE:EBIXFOREX,466.45,466.45,466.45,466.45,15.0
2021-04-05 13:44:00,NSE:EBIXFOREX,469.4,469.4,469.4,469.4,1.0
2021-04-05 14:07:00,NSE:EBIXFOREX,469.4,469.4,469.4,469.4,35.0
2021-04-05 14:14:00,NSE:EBIXFOREX,465.4,465.4,465.4,465.4,3.0
2021-04-05 14:15:00,NSE:EBIXFOREX,469.5,469.5,469.5,469.5,28.0
2021-04-05 14:16:00,NSE:EBIXFOREX,470.0,470.0,470.0,470.0,37.0
2021-04-05 14:31:00,NSE:EBIXFOREX,470.15,470.15,470.15,470.15,1.0
2021-04-05 14:44:00,NSE:EBIXFOREX,471.2,472.2,471.2,472.2,58.0
2021-04-05 14:46:00,NSE:EBIXFOREX,474.0,474.0,474.0,474.0,194.0
2021-04-05 15:03:00,NSE:EBIXFOREX,474.0,474.0,474.0,474.0,35.0
2021-04-05 15:10:00,NSE:EBIXFOREX,478.4,478.4,476.0,476.0,151.0
2021-04-05 15:11:00,NSE:EBIXFOREX,476.0,478.05,476.0,478.05,31.0
2021-04-05 15:12:00,NSE:EBIXFOREX,478.9,478.9,478.9,478.9,1.0
2021-04-05 15:26:00,NSE:EBIXFOREX,465.0,465.0,464.95,464.95,190.0
2021-04-05 15:27:00,NSE:EBIXFOREX,464.95,464.95,464.95,464.95,10.0
2021-04-05 15:28:00,NSE:EBIXFOREX,464.95,464.95,464.95,464.95,9.0
2021-04-05 15:29:00,NSE:EBIXFOREX,465.0,465.05,465.0,465.05,80.0
2021-04-06 09:07:00,NSE:EBIXFOREX,482.0,482.0,482.0,482.0,2.0
2021-04-06 09:16:00,NSE:EBIXFOREX,477.2,477.2,477.2,477.2,1.0
2021-04-06 09:19:00,NSE:EBIXFOREX,478.55,478.55,478.55,478.55,15.0
2021-04-06 09:23:00,NSE:EBIXFOREX,477.55,477.55,477.55,477.55,1.0
2021-04-06 09:42:00,NSE:EBIXFOREX,470.45,470.45,470.45,470.45,10.0
2021-04-06 09:54:00,NSE:EBIXFOREX,477.6,477.6,471.0,471.0,32.0
2021-04-06 09:57:00,NSE:EBIXFOREX,479.5,479.5,479.5,479.5,1.0
2021-04-06 11:16:00,NSE:EBIXFOREX,477.8,477.8,477.8,477.8,5.0
2021-04-06 11:20:00,NSE:EBIXFOREX,470.0,470.0,469.95,470.0,424.0
2021-04-06 11:21:00,NSE:EBIXFOREX,470.0,470.0,470.0,470.0,1.0
2021-04-06 11:22:00,NSE:EBIXFOREX,470.0,470.0,470.0,470.0,81.0
2021-04-06 11:32:00,NSE:EBIXFOREX,470.0,470.0,470.0,470.0,21.0
2021-04-06 11:41:00,NSE:EBIXFOREX,475.0,475.0,475.0,475.0,20.0
2021-04-06 11:42:00,NSE:EBIXFOREX,475.0,475.0,475.0,475.0,20.0
2021-04-06 12:14:00,NSE:EBIXFOREX,470.05,470.05,470.05,470.05,20.0
2021-04-06 12:22:00,NSE:EBIXFOREX,474.75,474.75,474.75,474.75,50.0
2021-04-06 12:40:00,NSE:EBIXFOREX,470.15,470.15,470.15,470.15,6.0
2021-04-06 12:48:00,NSE:EBIXFOREX,474.0,474.0,474.0,474.0,1.0
2021-04-06 12:50:00,NSE:EBIXFOREX,470.1,470.1,470.1,470.1,96.0
2021-04-06 12:53:00,NSE:EBIXFOREX,470.0,470.0,470.0,470.0,33.0
2021-04-06 12:54:00,NSE:EBIXFOREX,469.5,469.5,469.25,469.25,7.0
2021-04-06 13:02:00,NSE:EBIXFOREX,467.0,467.0,467.0,467.0,5.0
2021-04-06 13:10:00,NSE:EBIXFOREX,467.0,467.0,467.0,467.0,1.0
2021-04-06 13:12:00,NSE:EBIXFOREX,467.25,467.25,467.25,467.25,55.0
2021-04-06 13:14:00,NSE:EBIXFOREX,467.25,467.25,467.25,467.25,15.0
2021-04-06 13:15:00,NSE:EBIXFOREX,467.7,467.7,467.7,467.7,1.0
2021-04-06 13:16:00,NSE:EBIXFOREX,469.0,469.0,469.0,469.0,9.0
2021-04-06 13:49:00,NSE:EBIXFOREX,470.35,470.35,470.35,470.35,20.0
2021-04-06 13:55:00,NSE:EBIXFOREX,467.9,467.9,467.9,467.9,1.0
2021-04-06 14:14:00,NSE:EBIXFOREX,465.85,465.85,465.65,465.85,11.0
2021-04-06 14:29:00,NSE:EBIXFOREX,469.95,469.95,469.95,469.95,45.0
2021-04-06 14:39:00,NSE:EBIXFOREX,468.0,468.0,468.0,468.0,10.0
2021-04-06 14:40:00,NSE:EBIXFOREX,469.7,469.7,469.7,469.7,20.0
2021-04-06 14:57:00,NSE:EBIXFOREX,465.1,465.1,465.1,465.1,12.0
2021-04-06 15:11:00,NSE:EBIXFOREX,465.1,465.1,465.1,465.1,52.0
2021-04-06 15:13:00,NSE:EBIXFOREX,467.65,467.65,467.65,467.65,2.0
2021-04-06 15:16:00,NSE:EBIXFOREX,466.3,466.3,466.3,466.3,6.0
2021-04-06 15:19:00,NSE:EBIXFOREX,465.1,465.1,465.1,465.1,23.0
2021-04-06 15:21:00,NSE:EBIXFOREX,465.1,465.1,465.1,465.1,2.0
2021-04-06 15:22:00,NSE:EBIXFOREX,470.0,470.0,470.0,470.0,200.0
2021-04-06 15:28:00,NSE:EBIXFOREX,470.0,470.0,470.0,470.0,12.0
2021-04-06 15:29:00,NSE:EBIXFOREX,470.0,470.0,470.0,470.0,3.0
2021-04-07 09:41:00,NSE:EBIXFOREX,471.65,471.65,471.65,471.65,1.0
2021-04-07 09:49:00,NSE:EBIXFOREX,482.6,482.6,482.6,482.6,40.0
2021-04-07 09:50:00,NSE:EBIXFOREX,472.1,472.1,472.1,472.1,5.0
2021-04-07 09:52:00,NSE:EBIXFOREX,480.1,480.1,480.1,480.1,6.0
2021-04-07 10:09:00,NSE:EBIXFOREX,474.05,474.05,474.05,474.05,3.0
2021-04-07 10:11:00,NSE:EBIXFOREX,474.1,474.1,474.1,474.1,1.0
2021-04-07 10:17:00,NSE:EBIXFOREX,472.0,472.0,472.0,472.0,173.0
2021-04-07 10:18:00,NSE:EBIXFOREX,468.0,468.0,467.95,467.95,101.0
2021-04-07 10:19:00,NSE:EBIXFOREX,480.1,480.1,480.1,480.1,50.0
2021-04-07 10:21:00,NSE:EBIXFOREX,460.0,460.0,460.0,460.0,100.0
2021-04-07 10:23:00,NSE:EBIXFOREX,467.45,467.45,467.45,467.45,12.0
2021-04-07 10:32:00,NSE:EBIXFOREX,469.2,469.2,469.2,469.2,4.0
2021-04-07 10:33:00,NSE:EBIXFOREX,470.3,470.3,470.3,470.3,26.0
2021-04-07 10:36:00,NSE:EBIXFOREX,470.0,470.0,470.0,470.0,30.0
2021-04-07 10:52:00,NSE:EBIXFOREX,471.95,472.0,471.95,472.0,15.0
2021-04-07 10:54:00,NSE:EBIXFOREX,469.8,469.8,469.8,469.8,2.0
2021-04-07 11:03:00,NSE:EBIXFOREX,469.8,470.0,469.8,470.0,10.0
2021-04-07 11:14:00,NSE:EBIXFOREX,469.8,469.8,469.8,469.8,8.0
2021-04-07 11:31:00,NSE:EBIXFOREX,469.8,469.8,469.8,469.8,2.0
2021-04-07 12:23:00,NSE:EBIXFOREX,470.0,470.0,470.0,470.0,25.0
2021-04-07 12:56:00,NSE:EBIXFOREX,470.0,470.0,470.0,470.0,100.0
2021-04-07 12:59:00,NSE:EBIXFOREX,469.95,469.95,469.95,469.95,1.0
2021-04-07 13:09:00,NSE:EBIXFOREX,470.0,470.0,470.0,470.0,22.0
2021-04-07 13:29:00,NSE:EBIXFOREX,470.0,470.0,470.0,470.0,20.0
2021-04-07 13:35:00,NSE:EBIXFOREX,470.0,470.0,470.0,470.0,23.0
2021-04-07 13:42:00,NSE:EBIXFOREX,469.0,469.0,468.0,468.0,54.0
2021-04-07 13:47:00,NSE:EBIXFOREX,466.0,466.0,465.0,465.0,33.0
2021-04-07 13:50:00,NSE:EBIXFOREX,465.0,465.0,465.0,465.0,134.0
2021-04-07 13:51:00,NSE:EBIXFOREX,465.0,465.0,465.0,465.0,28.0
2021-04-07 13:57:00,NSE:EBIXFOREX,464.5,464.5,464.5,464.5,33.0
2021-04-07 14:00:00,NSE:EBIXFOREX,460.0,460.0,459.75,460.0,173.0
2021-04-07 14:02:00,NSE:EBIXFOREX,456.0,459.3,456.0,456.35,108.0
2021-04-07 14:12:00,NSE:EBIXFOREX,458.0,458.0,458.0,458.0,2.0
2021-04-07 14:13:00,NSE:EBIXFOREX,464.9,465.0,464.9,465.0,80.0
2021-04-07 14:14:00,NSE:EBIXFOREX,465.0,465.0,465.0,465.0,35.0
2021-04-07 14:16:00,NSE:EBIXFOREX,465.0,465.0,465.0,465.0,1.0
2021-04-07 14:21:00,NSE:EBIXFOREX,458.85,458.85,458.85,458.85,35.0
2021-04-07 14:22:00,NSE:EBIXFOREX,464.95,464.95,464.95,464.95,1.0
2021-04-07 14:25:00,NSE:EBIXFOREX,464.95,464.95,464.95,464.95,5.0
2021-04-07 14:32:00,NSE:EBIXFOREX,463.2,463.2,463.2,463.2,8.0
2021-04-07 14:33:00,NSE:EBIXFOREX,462.0,462.1,461.95,461.95,12.0
2021-04-07 14:50:00,NSE:EBIXFOREX,465.0,465.0,465.0,465.0,100.0
2021-04-07 14:51:00,NSE:EBIXFOREX,465.0,465.0,465.0,465.0,432.0
2021-04-07 14:54:00,NSE:EBIXFOREX,467.9,470.0,467.9,469.8,4.0
2021-04-07 14:55:00,NSE:EBIXFOREX,470.35,470.35,469.8,469.8,2.0
2021-04-07 14:56:00,NSE:EBIXFOREX,469.0,469.0,469.0,469.0,5.0
2021-04-07 14:57:00,NSE:EBIXFOREX,470.0,470.0,470.0,470.0,1.0
2021-04-07 14:58:00,NSE:EBIXFOREX,470.0,470.0,470.0,470.0,9.0
2021-04-07 15:02:00,NSE:EBIXFOREX,469.0,469.75,469.0,469.75,18.0
2021-04-07 15:03:00,NSE:EBIXFOREX,469.95,469.95,469.95,469.95,1.0
2021-04-07 15:05:00,NSE:EBIXFOREX,469.75,469.75,469.75,469.75,5.0
2021-04-07 15:06:00,NSE:EBIXFOREX,469.95,469.95,469.95,469.95,2.0
2021-04-07 15:07:00,NSE:EBIXFOREX,470.0,474.9,470.0,474.9,178.0
2021-04-07 15:18:00,NSE:EBIXFOREX,472.55,472.55,472.55,472.55,1.0
2021-04-07 15:19:00,NSE:EBIXFOREX,474.75,474.8,474.75,474.8,2.0
2021-04-07 15:20:00,NSE:EBIXFOREX,474.8,474.8,474.8,474.8,7.0
2021-04-07 15:23:00,NSE:EBIXFOREX,474.8,474.8,474.8,474.8,5.0
2021-04-07 15:26:00,NSE:EBIXFOREX,474.9,474.9,474.85,474.85,5.0
2021-04-07 15:27:00,NSE:EBIXFOREX,471.0,474.9,471.0,474.9,54.0
2021-04-07 15:28:00,NSE:EBIXFOREX,474.85,474.85,474.85,474.85,9.0
2021-04-07 15:29:00,NSE:EBIXFOREX,470.1,474.0,470.1,474.0,32.0
2021-04-08 09:20:00,NSE:EBIXFOREX,482.6,482.6,479.05,482.6,42.0
2021-04-08 09:22:00,NSE:EBIXFOREX,477.0,480.0,477.0,480.0,81.0
2021-04-08 09:24:00,NSE:EBIXFOREX,480.1,480.1,480.1,480.1,51.0
2021-04-08 09:26:00,NSE:EBIXFOREX,481.8,481.8,481.8,481.8,8.0
2021-04-08 09:27:00,NSE:EBIXFOREX,482.0,482.0,482.0,482.0,5.0
2021-04-08 09:29:00,NSE:EBIXFOREX,480.25,480.25,480.25,480.25,10.0
2021-04-08 09:31:00,NSE:EBIXFOREX,480.25,480.25,480.0,480.0,60.0
2021-04-08 09:37:00,NSE:EBIXFOREX,482.35,482.35,482.35,482.35,20.0
2021-04-08 09:38:00,NSE:EBIXFOREX,482.2,482.4,482.2,482.4,55.0
2021-04-08 09:39:00,NSE:EBIXFOREX,483.35,483.35,483.35,483.35,5.0
2021-04-08 09:40:00,NSE:EBIXFOREX,481.55,481.55,481.55,481.55,9.0
2021-04-08 09:43:00,NSE:EBIXFOREX,480.25,480.25,480.25,480.25,10.0
2021-04-08 09:45:00,NSE:EBIXFOREX,483.25,483.25,483.25,483.25,10.0
2021-04-08 09:46:00,NSE:EBIXFOREX,480.25,480.25,479.1,479.1,26.0
2021-04-08 09:55:00,NSE:EBIXFOREX,481.7,481.7,481.7,481.7,25.0
2021-04-08 10:12:00,NSE:EBIXFOREX,480.0,480.0,478.5,478.5,13.0
2021-04-08 10:13:00,NSE:EBIXFOREX,480.0,480.0,480.0,480.0,6.0
2021-04-08 10:14:00,NSE:EBIXFOREX,480.0,480.0,480.0,480.0,29.0
2021-04-08 10:15:00,NSE:EBIXFOREX,480.0,480.0,480.0,480.0,1.0
2021-04-08 10:17:00,NSE:EBIXFOREX,480.0,480.0,480.0,480.0,1.0
2021-04-08 10:18:00,NSE:EBIXFOREX,478.55,478.55,478.5,478.5,10.0
2021-04-08 10:19:00,NSE:EBIXFOREX,479.95,479.95,479.95,479.95,1.0
2021-04-08 10:28:00,NSE:EBIXFOREX,478.5,478.5,478.5,478.5,2.0
2021-04-08 10:29:00,NSE:EBIXFOREX,478.5,478.5,478.5,478.5,10.0
2021-04-08 10:30:00,NSE:EBIXFOREX,478.5,478.5,478.5,478.5,6.0
2021-04-08 10:34:00,NSE:EBIXFOREX,479.95,479.95,479.95,479.95,1.0
2021-04-08 10:35:00,NSE:EBIXFOREX,478.15,478.15,478.15,478.15,36.0
2021-04-08 10:36:00,NSE:EBIXFOREX,477.3,477.3,477.3,477.3,15.0
2021-04-08 10:37:00,NSE:EBIXFOREX,477.3,477.3,477.3,477.3,10.0
2021-04-08 10:38:00,NSE:EBIXFOREX,479.95,479.95,479.95,479.95,1.0
2021-04-08 10:51:00,NSE:EBIXFOREX,477.2,477.2,477.2,477.2,2.0
2021-04-08 10:52:00,NSE:EBIXFOREX,477.7,477.7,477.7,477.7,3.0
2021-04-08 10:53:00,NSE:EBIXFOREX,479.15,479.75,479.15,479.75,2.0
2021-04-08 11:10:00,NSE:EBIXFOREX,471.4,471.4,471.4,471.4,88.0
2021-04-08 11:12:00,NSE:EBIXFOREX,471.4,471.4,470.45,470.45,145.0
2021-04-08 11:13:00,NSE:EBIXFOREX,479.0,479.0,470.0,479.0,180.0
2021-04-08 11:14:00,NSE:EBIXFOREX,470.0,470.0,470.0,470.0,60.0
2021-04-08 11:16:00,NSE:EBIXFOREX,470.0,470.0,469.95,470.0,368.0
2021-04-08 11:17:00,NSE:EBIXFOREX,472.95,472.95,472.95,472.95,1.0
2021-04-08 11:18:00,NSE:EBIXFOREX,474.0,474.0,474.0,474.0,1.0
2021-04-08 11:19:00,NSE:EBIXFOREX,474.0,474.0,474.0,474.0,1.0
2021-04-08 11:20:00,NSE:EBIXFOREX,474.0,474.0,474.0,474.0,3.0
2021-04-08 11:22:00,NSE:EBIXFOREX,474.6,474.6,474.6,474.6,1.0
2021-04-08 11:27:00,NSE:EBIXFOREX,474.6,474.6,474.6,474.6,1.0
2021-04-08 11:34:00,NSE:EBIXFOREX,474.2,474.2,474.2,474.2,100.0
2021-04-08 11:36:00,NSE:EBIXFOREX,469.25,469.25,469.25,469.25,38.0
2021-04-08 11:45:00,NSE:EBIXFOREX,473.85,473.85,473.85,473.85,21.0
2021-04-08 11:53:00,NSE:EBIXFOREX,473.7,473.7,473.7,473.7,30.0
2021-04-08 11:55:00,NSE:EBIXFOREX,472.8,473.7,472.8,473.15,245.0
2021-04-08 11:56:00,NSE:EBIXFOREX,473.0,473.0,473.0,473.0,40.0
2021-04-08 12:01:00,NSE:EBIXFOREX,474.0,474.0,474.0,474.0,285.0
2021-04-08 12:02:00,NSE:EBIXFOREX,475.25,475.25,475.25,475.25,18.0
2021-04-08 12:14:00,NSE:EBIXFOREX,471.1,471.1,471.1,471.1,5.0
2021-04-08 12:20:00,NSE:EBIXFOREX,472.4,472.4,471.0,471.0,15.0
2021-04-08 12:25:00,NSE:EBIXFOREX,471.2,471.2,471.2,471.2,5.0
2021-04-08 12:26:00,NSE:EBIXFOREX,471.2,471.2,471.0,471.0,10.0
2021-04-08 12:34:00,NSE:EBIXFOREX,471.3,471.3,471.3,471.3,10.0
2021-04-08 13:20:00,NSE:EBIXFOREX,470.5,470.5,470.5,470.5,143.0
2021-04-08 14:50:00,NSE:EBIXFOREX,473.85,473.85,473.85,473.85,1.0
2021-04-08 14:52:00,NSE:EBIXFOREX,473.85,473.85,473.85,473.85,1.0
2021-04-08 15:11:00,NSE:EBIXFOREX,471.3,471.3,471.3,471.3,25.0
2021-04-08 15:12:00,NSE:EBIXFOREX,471.3,471.3,471.1,471.3,60.0
2021-04-08 15:13:00,NSE:EBIXFOREX,471.1,471.1,470.55,470.55,24.0
2021-04-08 15:15:00,NSE:EBIXFOREX,471.1,471.1,471.1,471.1,20.0
2021-04-08 15:20:00,NSE:EBIXFOREX,470.55,470.55,470.55,470.55,221.0
2021-04-08 15:22:00,NSE:EBIXFOREX,471.0,471.0,471.0,471.0,40.0
2021-04-08 15:23:00,NSE:EBIXFOREX,471.5,471.5,471.5,471.5,120.0
2021-04-08 15:24:00,NSE:EBIXFOREX,475.0,475.0,475.0,475.0,499.0
2021-04-08 15:25:00,NSE:EBIXFOREX,476.0,476.0,476.0,476.0,409.0
2021-04-08 15:26:00,NSE:EBIXFOREX,477.0,478.0,477.0,478.0,352.0
2021-04-08 15:27:00,NSE:EBIXFOREX,478.0,481.0,478.0,480.0,609.0
2021-04-08 15:29:00,NSE:EBIXFOREX,475.2,475.2,475.0,475.0,173.0
2021-04-09 09:07:00,NSE:EBIXFOREX,480.0,480.0,480.0,480.0,5.0
2021-04-09 09:15:00,NSE:EBIXFOREX,480.0,480.0,479.95,480.0,4.0
2021-04-09 09:16:00,NSE:EBIXFOREX,481.8,481.8,481.8,481.8,10.0
2021-04-09 09:17:00,NSE:EBIXFOREX,482.0,482.85,482.0,482.85,6.0
2021-04-09 09:18:00,NSE:EBIXFOREX,484.0,486.0,482.0,484.0,126.0
2021-04-09 09:19:00,NSE:EBIXFOREX,484.0,484.0,482.0,482.0,92.0
2021-04-09 09:20:00,NSE:EBIXFOREX,481.5,481.5,481.5,481.5,5.0
2021-04-09 09:22:00,NSE:EBIXFOREX,480.55,480.55,480.55,480.55,10.0
2021-04-09 09:25:00,NSE:EBIXFOREX,480.0,480.0,480.0,480.0,2.0
2021-04-09 09:27:00,NSE:EBIXFOREX,480.0,480.0,480.0,480.0,3.0
2021-04-09 09:29:00,NSE:EBIXFOREX,480.0,480.0,480.0,480.0,41.0
2021-04-09 09:37:00,NSE:EBIXFOREX,481.8,481.8,481.8,481.8,2.0
2021-04-09 09:42:00,NSE:EBIXFOREX,480.9,480.9,480.9,480.9,1.0
2021-04-09 09:43:00,NSE:EBIXFOREX,476.3,476.3,476.3,476.3,1.0
2021-04-09 09:44:00,NSE:EBIXFOREX,476.25,476.25,476.25,476.25,11.0
2021-04-09 09:45:00,NSE:EBIXFOREX,476.0,476.0,475.95,476.0,10.0
2021-04-09 09:46:00,NSE:EBIXFOREX,476.05,476.05,476.05,476.05,31.0
2021-04-09 09:47:00,NSE:EBIXFOREX,479.95,479.95,479.95,479.95,1.0
2021-04-09 09:51:00,NSE:EBIXFOREX,478.0,478.0,478.0,478.0,20.0
2021-04-09 09:54:00,NSE:EBIXFOREX,477.8,477.8,477.8,477.8,1.0
2021-04-09 09:57:00,NSE:EBIXFOREX,476.8,476.8,476.8,476.8,1.0
2021-04-09 10:08:00,NSE:EBIXFOREX,475.0,475.0,475.0,475.0,133.0
2021-04-09 10:16:00,NSE:EBIXFOREX,474.15,474.15,474.15,474.15,1.0
2021-04-09 11:04:00,NSE:EBIXFOREX,479.9,479.9,479.9,479.9,10.0
2021-04-09 11:35:00,NSE:EBIXFOREX,475.05,475.05,475.05,475.05,15.0
2021-04-09 11:40:00,NSE:EBIXFOREX,479.95,479.95,479.95,479.95,100.0
2021-04-09 11:46:00,NSE:EBIXFOREX,477.1,477.1,477.1,477.1,2.0
2021-04-09 11:54:00,NSE:EBIXFOREX,481.9,481.95,481.9,481.95,13.0
2021-04-09 11:55:00,NSE:EBIXFOREX,481.95,481.95,471.0,480.95,107.0
2021-04-09 11:59:00,NSE:EBIXFOREX,479.75,479.75,479.75,479.75,3.0
2021-04-09 12:07:00,NSE:EBIXFOREX,479.75,479.75,479.0,479.0,21.0
2021-04-09 12:13:00,NSE:EBIXFOREX,479.95,479.95,479.95,479.95,5.0
2021-04-09 12:28:00,NSE:EBIXFOREX,479.8,479.8,479.8,479.8,4.0
2021-04-09 12:46:00,NSE:EBIXFOREX,482.0,482.0,482.0,482.0,50.0
2021-04-09 13:02:00,NSE:EBIXFOREX,478.05,478.05,478.05,478.05,47.0
2021-04-09 13:03:00,NSE:EBIXFOREX,478.0,478.0,477.5,477.5,30.0
2021-04-09 13:14:00,NSE:EBIXFOREX,472.6,472.6,472.6,472.6,10.0
2021-04-09 13:15:00,NSE:EBIXFOREX,476.0,476.0,476.0,476.0,1.0
2021-04-09 13:16:00,NSE:EBIXFOREX,477.0,477.9,477.0,477.9,8.0
2021-04-09 13:18:00,NSE:EBIXFOREX,479.95,479.95,479.95,479.95,25.0
2021-04-09 13:21:00,NSE:EBIXFOREX,470.0,470.0,470.0,470.0,250.0
2021-04-09 13:23:00,NSE:EBIXFOREX,478.95,478.95,478.95,478.95,1.0
2021-04-09 13:24:00,NSE:EBIXFOREX,475.55,476.0,475.5,476.0,20.0
2021-04-09 13:25:00,NSE:EBIXFOREX,475.0,478.6,475.0,477.15,55.0
2021-04-09 13:28:00,NSE:EBIXFOREX,478.55,478.55,478.55,478.55,3.0
2021-04-09 13:29:00,NSE:EBIXFOREX,478.75,478.75,478.75,478.75,1.0
2021-04-09 13:37:00,NSE:EBIXFOREX,478.7,478.7,478.7,478.7,1.0
2021-04-09 13:39:00,NSE:EBIXFOREX,475.0,475.0,473.0,473.0,247.0
2021-04-09 13:40:00,NSE:EBIXFOREX,469.95,469.95,466.05,466.05,124.0
2021-04-09 13:42:00,NSE:EBIXFOREX,467.05,470.0,467.05,470.0,242.0
2021-04-09 13:43:00,NSE:EBIXFOREX,470.0,470.0,470.0,470.0,280.0
2021-04-09 13:44:00,NSE:EBIXFOREX,469.75,472.05,469.75,472.05,246.0
2021-04-09 13:46:00,NSE:EBIXFOREX,473.95,473.95,473.95,473.95,1.0
2021-04-09 13:50:00,NSE:EBIXFOREX,470.0,473.05,470.0,473.05,36.0
2021-04-09 13:55:00,NSE:EBIXFOREX,473.0,473.0,472.9,472.9,12.0
2021-04-09 13:56:00,NSE:EBIXFOREX,473.9,473.9,473.9,473.9,1.0
2021-04-09 13:57:00,NSE:EBIXFOREX,473.7,473.7,473.7,473.7,1.0
2021-04-09 14:11:00,NSE:EBIXFOREX,471.75,471.75,471.75,471.75,10.0
2021-04-09 14:21:00,NSE:EBIXFOREX,471.55,471.55,471.55,471.55,1.0
2021-04-09 14:27:00,NSE:EBIXFOREX,472.0,472.0,472.0,472.0,41.0
2021-04-09 14:31:00,NSE:EBIXFOREX,471.9,471.9,471.9,471.9,1.0
2021-04-09 14:34:00,NSE:EBIXFOREX,472.0,472.0,465.0,470.6,188.0
2021-04-09 14:35:00,NSE:EBIXFOREX,470.5,470.5,470.5,470.5,1.0
2021-04-09 14:36:00,NSE:EBIXFOREX,470.45,470.5,470.45,470.5,9.0
2021-04-09 14:37:00,NSE:EBIXFOREX,470.5,470.5,470.5,470.5,2.0
2021-04-09 14:38:00,NSE:EBIXFOREX,470.5,470.5,470.5,470.5,1.0
2021-04-09 14:39:00,NSE:EBIXFOREX,470.5,470.5,470.3,470.3,5.0
2021-04-09 14:40:00,NSE:EBIXFOREX,470.3,470.3,470.3,470.3,3.0
2021-04-09 14:41:00,NSE:EBIXFOREX,471.0,471.0,471.0,471.0,100.0
2021-04-09 14:42:00,NSE:EBIXFOREX,471.5,471.5,471.5,471.5,1.0
2021-04-09 14:43:00,NSE:EBIXFOREX,471.5,471.5,471.5,471.5,2.0
2021-04-09 14:44:00,NSE:EBIXFOREX,471.0,472.0,471.0,472.0,102.0
2021-04-09 14:45:00,NSE:EBIXFOREX,472.0,472.0,472.0,472.0,58.0
2021-04-09 14:46:00,NSE:EBIXFOREX,471.8,471.8,471.8,471.8,1.0
2021-04-09 14:47:00,NSE:EBIXFOREX,472.0,472.0,472.0,472.0,27.0
2021-04-09 14:48:00,NSE:EBIXFOREX,472.0,472.0,472.0,472.0,3.0
2021-04-09 14:49:00,NSE:EBIXFOREX,471.8,472.0,471.8,472.0,4.0
2021-04-09 14:52:00,NSE:EBIXFOREX,471.8,472.0,471.8,472.0,2.0
2021-04-09 14:54:00,NSE:EBIXFOREX,471.85,472.0,471.85,472.0,4.0
2021-04-09 14:56:00,NSE:EBIXFOREX,472.0,472.0,472.0,472.0,1.0
2021-04-09 14:57:00,NSE:EBIXFOREX,472.0,472.0,472.0,472.0,20.0
2021-04-09 14:58:00,NSE:EBIXFOREX,472.0,472.0,472.0,472.0,2.0
2021-04-09 15:00:00,NSE:EBIXFOREX,472.0,472.0,472.0,472.0,4.0
2021-04-09 15:01:00,NSE:EBIXFOREX,472.0,472.0,472.0,472.0,1.0
2021-04-09 15:02:00,NSE:EBIXFOREX,472.0,472.0,472.0,472.0,2.0
2021-04-09 15:03:00,NSE:EBIXFOREX,472.0,472.0,472.0,472.0,1.0
2021-04-09 15:04:00,NSE:EBIXFOREX,472.0,472.0,472.0,472.0,2.0
2021-04-09 15:05:00,NSE:EBIXFOREX,472.0,472.0,472.0,472.0,4.0
2021-04-09 15:08:00,NSE:EBIXFOREX,472.0,472.0,472.0,472.0,4.0
2021-04-09 15:09:00,NSE:EBIXFOREX,472.0,472.0,472.0,472.0,2.0
2021-04-09 15:10:00,NSE:EBIXFOREX,472.0,472.0,472.0,472.0,3.0
2021-04-09 15:11:00,NSE:EBIXFOREX,472.0,472.0,472.0,472.0,2.0
2021-04-09 15:17:00,NSE:EBIXFOREX,472.0,472.0,472.0,472.0,11.0
2021-04-09 15:20:00,NSE:EBIXFOREX,472.0,472.0,471.0,471.0,29.0
2021-04-09 15:21:00,NSE:EBIXFOREX,471.0,471.0,471.0,471.0,2.0
2021-04-09 15:22:00,NSE:EBIXFOREX,470.75,470.75,470.75,470.75,60.0
2021-04-09 15:23:00,NSE:EBIXFOREX,470.75,470.75,470.75,470.75,1.0
2021-04-09 15:24:00,NSE:EBIXFOREX,470.35,470.35,470.35,470.35,7.0
2021-04-09 15:25:00,NSE:EBIXFOREX,470.0,470.05,470.0,470.05,131.0
2021-04-09 15:26:00,NSE:EBIXFOREX,470.7,470.75,470.7,470.7,34.0
2021-04-09 15:27:00,NSE:EBIXFOREX,470.7,470.7,469.0,469.0,54.0
2021-04-09 15:28:00,NSE:EBIXFOREX,470.75,470.75,469.0,469.0,47.0
2021-04-09 15:29:00,NSE:EBIXFOREX,465.0,465.05,465.0,465.0,129.0
2021-04-12 09:07:00,NSE:EBIXFOREX,465.1,465.1,465.1,465.1,168.0
2021-04-12 09:15:00,NSE:EBIXFOREX,465.0,465.0,464.95,465.0,11.0
2021-04-12 09:16:00,NSE:EBIXFOREX,467.9,476.9,467.9,476.9,4.0
2021-04-12 09:19:00,NSE:EBIXFOREX,464.35,470.7,464.35,470.7,21.0
2021-04-12 09:25:00,NSE:EBIXFOREX,466.7,466.7,466.7,466.7,2.0
2021-04-12 09:28:00,NSE:EBIXFOREX,468.8,468.8,468.8,468.8,1.0
2021-04-12 09:33:00,NSE:EBIXFOREX,464.2,464.25,464.2,464.25,52.0
2021-04-12 09:37:00,NSE:EBIXFOREX,462.05,466.95,462.05,466.95,69.0
2021-04-12 09:38:00,NSE:EBIXFOREX,467.0,467.0,467.0,467.0,102.0
2021-04-12 09:39:00,NSE:EBIXFOREX,464.4,465.2,464.4,465.2,2.0
2021-04-12 09:40:00,NSE:EBIXFOREX,465.7,465.7,465.7,465.7,6.0
2021-04-12 09:44:00,NSE:EBIXFOREX,465.0,465.0,465.0,465.0,50.0
2021-04-12 09:46:00,NSE:EBIXFOREX,466.15,466.15,466.15,466.15,2.0
2021-04-12 09:50:00,NSE:EBIXFOREX,466.95,467.0,466.95,467.0,20.0
2021-04-12 09:51:00,NSE:EBIXFOREX,466.0,466.0,466.0,466.0,186.0
2021-04-12 09:52:00,NSE:EBIXFOREX,466.95,466.95,466.95,466.95,10.0
2021-04-12 09:53:00,NSE:EBIXFOREX,467.9,467.9,467.9,467.9,1.0
2021-04-12 09:55:00,NSE:EBIXFOREX,469.4,469.75,469.4,469.75,2.0
2021-04-12 10:07:00,NSE:EBIXFOREX,468.8,468.8,468.8,468.8,7.0
2021-04-12 10:09:00,NSE:EBIXFOREX,465.05,465.05,465.05,465.05,6.0
2021-04-12 10:13:00,NSE:EBIXFOREX,465.05,465.05,465.05,465.05,5.0
2021-04-12 10:19:00,NSE:EBIXFOREX,467.9,467.9,467.9,467.9,1.0
2021-04-12 10:20:00,NSE:EBIXFOREX,465.0,465.0,465.0,465.0,3.0
2021-04-12 10:22:00,NSE:EBIXFOREX,462.0,462.0,462.0,462.0,99.0
2021-04-12 10:24:00,NSE:EBIXFOREX,463.0,463.0,463.0,463.0,3.0
2021-04-12 10:25:00,NSE:EBIXFOREX,463.0,463.0,463.0,463.0,35.0
2021-04-12 10:36:00,NSE:EBIXFOREX,465.0,465.0,465.0,465.0,1.0
2021-04-12 10:44:00,NSE:EBIXFOREX,465.0,465.0,465.0,465.0,1.0
2021-04-12 11:07:00,NSE:EBIXFOREX,465.0,470.0,465.0,470.0,201.0
2021-04-12 11:08:00,NSE:EBIXFOREX,465.0,465.0,465.0,465.0,5.0
2021-04-12 11:11:00,NSE:EBIXFOREX,465.0,465.0,465.0,465.0,65.0
2021-04-12 11:12:00,NSE:EBIXFOREX,463.2,463.2,463.2,463.2,9.0
2021-04-12 11:17:00,NSE:EBIXFOREX,463.0,463.0,463.0,463.0,29.0
2021-04-12 11:23:00,NSE:EBIXFOREX,462.0,462.0,461.5,461.5,46.0
2021-04-12 11:24:00,NSE:EBIXFOREX,461.5,461.55,461.5,461.55,16.0
2021-04-12 11:27:00,NSE:EBIXFOREX,463.0,463.0,463.0,463.0,15.0
2021-04-12 11:28:00,NSE:EBIXFOREX,463.0,463.0,463.0,463.0,73.0
2021-04-12 11:31:00,NSE:EBIXFOREX,462.5,463.0,462.5,463.0,13.0
2021-04-12 11:33:00,NSE:EBIXFOREX,464.35,465.5,464.35,465.5,66.0
2021-04-12 11:53:00,NSE:EBIXFOREX,461.5,461.5,461.5,461.5,10.0
2021-04-12 12:39:00,NSE:EBIXFOREX,464.05,464.05,464.05,464.05,25.0
2021-04-12 12:41:00,NSE:EBIXFOREX,465.5,465.5,465.5,465.5,100.0
2021-04-12 13:16:00,NSE:EBIXFOREX,464.4,464.4,464.4,464.4,5.0
2021-04-12 13:28:00,NSE:EBIXFOREX,464.4,464.4,464.4,464.4,21.0
2021-04-12 13:40:00,NSE:EBIXFOREX,464.4,464.4,464.4,464.4,10.0
2021-04-12 13:43:00,NSE:EBIXFOREX,464.4,464.4,464.4,464.4,1.0
2021-04-12 13:44:00,NSE:EBIXFOREX,464.0,464.0,464.0,464.0,5.0
2021-04-12 13:45:00,NSE:EBIXFOREX,463.35,463.35,463.35,463.35,5.0
2021-04-12 13:46:00,NSE:EBIXFOREX,464.4,464.4,464.1,464.1,6.0
2021-04-12 14:30:00,NSE:EBIXFOREX,464.4,464.4,464.4,464.4,10.0
2021-04-12 14:31:00,NSE:EBIXFOREX,461.1,461.1,461.1,461.1,70.0
2021-04-12 14:37:00,NSE:EBIXFOREX,461.3,461.3,461.3,461.3,23.0
2021-04-12 14:38:00,NSE:EBIXFOREX,461.1,461.1,461.1,461.1,20.0
2021-04-12 14:48:00,NSE:EBIXFOREX,461.05,461.05,461.05,461.05,85.0
2021-04-12 14:49:00,NSE:EBIXFOREX,461.0,461.0,461.0,461.0,15.0
2021-04-12 15:06:00,NSE:EBIXFOREX,463.0,463.0,463.0,463.0,8.0
2021-04-12 15:10:00,NSE:EBIXFOREX,463.0,463.0,463.0,463.0,1.0
2021-04-12 15:22:00,NSE:EBIXFOREX,463.0,463.0,463.0,463.0,2.0
2021-04-12 15:25:00,NSE:EBIXFOREX,462.95,462.95,457.5,457.5,260.0
2021-04-12 15:26:00,NSE:EBIXFOREX,459.0,462.95,459.0,462.95,2.0
2021-04-12 15:28:00,NSE:EBIXFOREX,461.0,463.0,455.0,455.0,200.0
2021-04-12 15:29:00,NSE:EBIXFOREX,453.0,455.0,451.95,455.0,40.0
2021-04-13 09:07:00,NSE:EBIXFOREX,470.0,470.0,470.0,470.0,5.0
2021-04-13 09:17:00,NSE:EBIXFOREX,468.6,468.6,468.6,468.6,18.0
2021-04-13 09:20:00,NSE:EBIXFOREX,469.0,469.0,469.0,469.0,99.0
2021-04-13 09:21:00,NSE:EBIXFOREX,468.15,468.15,467.05,467.05,18.0
2021-04-13 09:24:00,NSE:EBIXFOREX,468.0,468.0,466.0,466.0,13.0
2021-04-13 09:25:00,NSE:EBIXFOREX,466.0,466.0,466.0,466.0,5.0
2021-04-13 09:30:00,NSE:EBIXFOREX,465.05,465.05,465.05,465.05,3.0
2021-04-13 09:31:00,NSE:EBIXFOREX,464.9,464.9,464.9,464.9,1.0
2021-04-13 09:33:00,NSE:EBIXFOREX,465.35,465.35,465.35,465.35,1.0
2021-04-13 09:38:00,NSE:EBIXFOREX,465.45,465.45,465.45,465.45,2.0
2021-04-13 09:41:00,NSE:EBIXFOREX,464.7,464.7,464.7,464.7,1.0
2021-04-13 09:42:00,NSE:EBIXFOREX,464.7,464.7,464.7,464.7,9.0
2021-04-13 09:43:00,NSE:EBIXFOREX,465.5,465.5,465.1,465.1,12.0
2021-04-13 09:47:00,NSE:EBIXFOREX,465.0,465.0,465.0,465.0,2.0
2021-04-13 09:48:00,NSE:EBIXFOREX,465.0,465.0,465.0,465.0,1.0
2021-04-13 09:51:00,NSE:EBIXFOREX,465.0,465.0,465.0,465.0,105.0
2021-04-13 09:54:00,NSE:EBIXFOREX,465.0,465.0,465.0,465.0,90.0
2021-04-13 09:59:00,NSE:EBIXFOREX,465.0,465.0,465.0,465.0,1.0
2021-04-13 10:02:00,NSE:EBIXFOREX,465.0,465.0,465.0,465.0,89.0
2021-04-13 10:04:00,NSE:EBIXFOREX,465.0,465.0,465.0,465.0,3.0
2021-04-13 10:05:00,NSE:EBIXFOREX,465.0,465.0,465.0,465.0,10.0
2021-04-13 10:07:00,NSE:EBIXFOREX,465.0,465.0,465.0,465.0,36.0
2021-04-13 10:17:00,NSE:EBIXFOREX,465.0,465.0,465.0,465.0,88.0
2021-04-13 10:18:00,NSE:EBIXFOREX,464.0,464.0,464.0,464.0,8.0
2021-04-13 10:20:00,NSE:EBIXFOREX,461.95,461.95,461.95,461.95,27.0
2021-04-13 10:21:00,NSE:EBIXFOREX,462.0,462.0,462.0,462.0,5.0
2021-04-13 10:23:00,NSE:EBIXFOREX,462.0,462.0,462.0,462.0,52.0
2021-04-13 10:24:00,NSE:EBIXFOREX,464.7,464.95,464.7,464.95,2.0
2021-04-13 10:30:00,NSE:EBIXFOREX,463.2,463.2,463.2,463.2,1.0
2021-04-13 10:36:00,NSE:EBIXFOREX,465.0,465.0,465.0,465.0,88.0
2021-04-13 10:55:00,NSE:EBIXFOREX,464.5,464.5,464.5,464.5,9.0
2021-04-13 11:05:00,NSE:EBIXFOREX,463.0,463.0,463.0,463.0,103.0
2021-04-13 11:09:00,NSE:EBIXFOREX,463.0,463.0,463.0,463.0,4.0
2021-04-13 11:23:00,NSE:EBIXFOREX,462.95,462.95,462.95,462.95,1.0
2021-04-13 11:27:00,NSE:EBIXFOREX,462.95,462.95,462.95,462.95,1.0
2021-04-13 11:33:00,NSE:EBIXFOREX,463.0,464.35,463.0,464.35,21.0
2021-04-13 11:46:00,NSE:EBIXFOREX,464.35,464.35,464.35,464.35,1.0
2021-04-13 11:51:00,NSE:EBIXFOREX,461.3,461.3,461.3,461.3,1.0
2021-04-13 11:54:00,NSE:EBIXFOREX,462.0,462.0,462.0,462.0,5.0
2021-04-13 11:55:00,NSE:EBIXFOREX,462.0,462.0,462.0,462.0,96.0
2021-04-13 12:21:00,NSE:EBIXFOREX,460.0,464.3,460.0,464.3,101.0
2021-04-13 12:43:00,NSE:EBIXFOREX,461.4,461.4,460.1,460.1,30.0
2021-04-13 12:49:00,NSE:EBIXFOREX,460.15,460.15,460.15,460.15,10.0
2021-04-13 13:06:00,NSE:EBIXFOREX,462.15,463.0,462.15,463.0,18.0
2021-04-13 13:56:00,NSE:EBIXFOREX,462.0,462.0,462.0,462.0,3.0
2021-04-13 14:00:00,NSE:EBIXFOREX,461.0,461.0,461.0,461.0,11.0
2021-04-13 14:23:00,NSE:EBIXFOREX,462.5,462.5,462.5,462.5,3.0
2021-04-13 14:25:00,NSE:EBIXFOREX,458.1,458.1,458.1,458.1,16.0
2021-04-13 14:28:00,NSE:EBIXFOREX,458.1,458.1,458.1,458.1,1.0
2021-04-13 14:31:00,NSE:EBIXFOREX,460.0,460.0,460.0,460.0,16.0
2021-04-13 14:55:00,NSE:EBIXFOREX,461.5,461.5,461.5,461.5,27.0
2021-04-13 15:24:00,NSE:EBIXFOREX,460.0,460.0,460.0,460.0,51.0
2021-04-13 15:28:00,NSE:EBIXFOREX,463.95,463.95,463.95,463.95,1.0
2021-04-13 15:29:00,NSE:EBIXFOREX,460.05,460.05,460.05,460.05,21.0
2021-04-15 09:07:00,NSE:EBIXFOREX,467.5,467.5,467.5,467.5,1.0
2021-04-15 09:22:00,NSE:EBIXFOREX,461.0,461.0,460.0,460.0,152.0
2021-04-15 09:29:00,NSE:EBIXFOREX,455.75,455.75,455.75,455.75,1.0
2021-04-15 09:52:00,NSE:EBIXFOREX,455.8,455.8,455.8,455.8,10.0
2021-04-15 09:54:00,NSE:EBIXFOREX,459.55,459.55,459.55,459.55,1.0
2021-04-15 09:57:00,NSE:EBIXFOREX,457.15,457.15,457.15,457.15,4.0
2021-04-15 10:01:00,NSE:EBIXFOREX,458.95,458.95,458.95,458.95,2.0
2021-04-15 10:27:00,NSE:EBIXFOREX,457.0,457.0,457.0,457.0,4.0
2021-04-15 10:28:00,NSE:EBIXFOREX,457.0,457.0,457.0,457.0,7.0
2021-04-15 10:45:00,NSE:EBIXFOREX,459.1,459.1,459.05,459.05,3.0
2021-04-15 10:46:00,NSE:EBIXFOREX,458.05,458.05,458.0,458.0,7.0
2021-04-15 10:47:00,NSE:EBIXFOREX,457.05,458.95,457.05,458.95,5.0
2021-04-15 10:48:00,NSE:EBIXFOREX,458.7,458.7,458.7,458.7,3.0
2021-04-15 10:57:00,NSE:EBIXFOREX,457.85,457.85,457.0,457.0,50.0
2021-04-15 11:05:00,NSE:EBIXFOREX,455.5,455.5,455.5,455.5,49.0
2021-04-15 11:09:00,NSE:EBIXFOREX,455.2,455.2,455.2,455.2,15.0
2021-04-15 11:34:00,NSE:EBIXFOREX,458.9,458.9,458.9,458.9,1.0
2021-04-15 11:41:00,NSE:EBIXFOREX,456.5,456.5,456.5,456.5,5.0
2021-04-15 12:57:00,NSE:EBIXFOREX,456.0,458.4,456.0,458.4,9.0
2021-04-15 12:58:00,NSE:EBIXFOREX,458.95,458.95,458.95,458.95,1.0
2021-04-15 14:15:00,NSE:EBIXFOREX,460.3,460.3,460.3,460.3,100.0
2021-04-15 14:49:00,NSE:EBIXFOREX,461.0,461.0,461.0,461.0,15.0
2021-04-15 15:26:00,NSE:EBIXFOREX,458.0,458.0,458.0,458.0,10.0
2021-04-15 15:27:00,NSE:EBIXFOREX,458.0,458.0,458.0,458.0,9.0
2021-04-15 15:28:00,NSE:EBIXFOREX,457.5,457.5,457.5,457.5,2.0
2021-04-15 15:29:00,NSE:EBIXFOREX,455.0,465.0,455.0,465.0,128.0
2021-04-16 09:07:00,NSE:EBIXFOREX,467.8,467.8,467.8,467.8,1.0
2021-04-16 09:19:00,NSE:EBIXFOREX,460.0,460.0,459.95,460.0,2.0
2021-04-16 09:28:00,NSE:EBIXFOREX,460.6,460.6,459.0,460.6,25.0
2021-04-16 09:29:00,NSE:EBIXFOREX,464.3,464.3,464.3,464.3,1.0
2021-04-16 09:31:00,NSE:EBIXFOREX,465.8,465.8,465.8,465.8,1.0
2021-04-16 09:40:00,NSE:EBIXFOREX,456.5,456.5,456.5,456.5,200.0
2021-04-16 09:41:00,NSE:EBIXFOREX,465.8,465.8,465.8,465.8,1.0
2021-04-16 09:54:00,NSE:EBIXFOREX,465.0,465.0,465.0,465.0,7.0
2021-04-16 10:16:00,NSE:EBIXFOREX,457.05,457.05,457.05,457.05,40.0
2021-04-16 10:20:00,NSE:EBIXFOREX,464.3,464.3,464.3,464.3,1.0
2021-04-16 11:21:00,NSE:EBIXFOREX,464.25,464.25,464.25,464.25,25.0
2021-04-16 11:41:00,NSE:EBIXFOREX,465.0,465.0,465.0,465.0,50.0
2021-04-16 11:53:00,NSE:EBIXFOREX,460.0,460.0,460.0,460.0,10.0
2021-04-16 11:54:00,NSE:EBIXFOREX,462.9,462.9,462.9,462.9,1.0
2021-04-16 11:55:00,NSE:EBIXFOREX,464.3,464.3,464.3,464.3,1.0
2021-04-16 12:16:00,NSE:EBIXFOREX,465.0,465.0,465.0,465.0,20.0
2021-04-16 12:21:00,NSE:EBIXFOREX,465.0,465.0,465.0,465.0,1.0
2021-04-16 12:38:00,NSE:EBIXFOREX,465.95,465.95,465.95,465.95,1.0
2021-04-16 12:41:00,NSE:EBIXFOREX,466.0,466.0,466.0,466.0,50.0
2021-04-16 13:07:00,NSE:EBIXFOREX,465.55,465.55,465.55,465.55,1.0
2021-04-16 13:15:00,NSE:EBIXFOREX,465.3,465.3,465.3,465.3,1.0
2021-04-16 13:21:00,NSE:EBIXFOREX,465.05,465.05,464.0,464.0,6.0
2021-04-16 13:22:00,NSE:EBIXFOREX,463.0,463.0,460.1,460.1,45.0
2021-04-16 13:24:00,NSE:EBIXFOREX,464.95,464.95,464.95,464.95,1.0
2021-04-16 13:48:00,NSE:EBIXFOREX,462.35,462.35,462.35,462.35,3.0
2021-04-16 13:55:00,NSE:EBIXFOREX,463.8,463.8,463.8,463.8,5.0
2021-04-16 13:59:00,NSE:EBIXFOREX,463.8,463.8,463.8,463.8,5.0
2021-04-16 14:05:00,NSE:EBIXFOREX,464.0,464.0,464.0,464.0,100.0
2021-04-16 14:13:00,NSE:EBIXFOREX,458.95,458.95,458.95,458.95,50.0
2021-04-16 14:14:00,NSE:EBIXFOREX,460.7,460.7,460.7,460.7,1.0
2021-04-16 14:30:00,NSE:EBIXFOREX,462.4,462.4,462.4,462.4,1.0
2021-04-16 14:42:00,NSE:EBIXFOREX,462.45,464.0,459.0,459.0,55.0
2021-04-16 14:46:00,NSE:EBIXFOREX,459.0,459.0,459.0,459.0,1.0
2021-04-16 14:53:00,NSE:EBIXFOREX,460.55,460.55,460.55,460.55,4.0
2021-04-16 14:54:00,NSE:EBIXFOREX,461.9,461.9,461.9,461.9,1.0
2021-04-16 15:15:00,NSE:EBIXFOREX,458.7,458.7,458.7,458.7,40.0
2021-04-16 15:20:00,NSE:EBIXFOREX,459.5,459.5,459.5,459.5,27.0
2021-04-16 15:23:00,NSE:EBIXFOREX,461.0,461.0,461.0,461.0,26.0
2021-04-16 15:26:00,NSE:EBIXFOREX,461.0,461.0,461.0,461.0,10.0
2021-04-16 15:27:00,NSE:EBIXFOREX,461.0,461.0,460.95,460.95,20.0
2021-04-16 15:28:00,NSE:EBIXFOREX,460.95,461.0,460.8,461.0,64.0
2021-04-16 15:29:00,NSE:EBIXFOREX,461.0,463.95,461.0,461.0,11.0
2021-04-19 09:07:00,NSE:EBIXFOREX,460.0,460.0,460.0,460.0,25.0
2021-04-19 09:15:00,NSE:EBIXFOREX,460.0,460.0,460.0,460.0,5.0
2021-04-19 09:16:00,NSE:EBIXFOREX,466.45,466.45,466.45,466.45,1.0
2021-04-19 09:23:00,NSE:EBIXFOREX,451.0,464.85,451.0,464.85,61.0
2021-04-19 09:24:00,NSE:EBIXFOREX,457.1,457.1,457.1,457.1,3.0
2021-04-19 09:25:00,NSE:EBIXFOREX,456.05,457.15,456.05,457.15,17.0
2021-04-19 09:26:00,NSE:EBIXFOREX,457.15,457.15,457.15,457.15,12.0
2021-04-19 09:28:00,NSE:EBIXFOREX,456.5,456.5,450.0,450.0,228.0
2021-04-19 09:29:00,NSE:EBIXFOREX,449.0,450.0,449.0,450.0,71.0
2021-04-19 09:30:00,NSE:EBIXFOREX,461.45,461.45,461.45,461.45,1.0
2021-04-19 09:35:00,NSE:EBIXFOREX,449.0,449.0,449.0,449.0,152.0
2021-04-19 09:36:00,NSE:EBIXFOREX,446.3,446.3,440.05,440.05,90.0
2021-04-19 09:37:00,NSE:EBIXFOREX,441.95,441.95,441.95,441.95,52.0
2021-04-19 09:38:00,NSE:EBIXFOREX,449.25,449.25,442.0,442.0,14.0
2021-04-19 09:39:00,NSE:EBIXFOREX,442.0,442.0,442.0,442.0,40.0
2021-04-19 09:40:00,NSE:EBIXFOREX,440.0,445.95,440.0,445.95,65.0
2021-04-19 09:45:00,NSE:EBIXFOREX,445.9,445.9,445.9,445.9,50.0
2021-04-19 09:46:00,NSE:EBIXFOREX,445.95,445.95,445.95,445.95,21.0
2021-04-19 09:50:00,NSE:EBIXFOREX,443.1,448.3,443.1,448.3,76.0
2021-04-19 09:56:00,NSE:EBIXFOREX,447.95,447.95,447.95,447.95,1.0
2021-04-19 09:59:00,NSE:EBIXFOREX,445.5,445.5,445.5,445.5,15.0
2021-04-19 10:00:00,NSE:EBIXFOREX,448.3,450.4,448.3,450.4,12.0
2021-04-19 10:01:00,NSE:EBIXFOREX,446.05,446.05,446.05,446.05,1.0
2021-04-19 10:08:00,NSE:EBIXFOREX,446.0,446.0,446.0,446.0,120.0
2021-04-19 10:14:00,NSE:EBIXFOREX,450.95,450.95,449.3,449.3,62.0
2021-04-19 10:18:00,NSE:EBIXFOREX,449.3,449.3,449.3,449.3,4.0
2021-04-19 10:22:00,NSE:EBIXFOREX,449.8,449.8,449.8,449.8,20.0
2021-04-19 10:23:00,NSE:EBIXFOREX,449.8,450.0,449.8,450.0,20.0
2021-04-19 10:24:00,NSE:EBIXFOREX,450.35,450.35,449.8,450.35,43.0
2021-04-19 10:44:00,NSE:EBIXFOREX,450.05,450.05,450.05,450.05,1.0
2021-04-19 10:46:00,NSE:EBIXFOREX,449.95,449.95,449.95,449.95,50.0
2021-04-19 10:51:00,NSE:EBIXFOREX,449.1,449.1,448.0,448.0,7.0
2021-04-19 10:52:00,NSE:EBIXFOREX,449.9,449.9,449.9,449.9,1.0
2021-04-19 11:22:00,NSE:EBIXFOREX,447.5,447.5,447.5,447.5,11.0
2021-04-19 11:23:00,NSE:EBIXFOREX,449.9,449.9,449.9,449.9,1.0
2021-04-19 11:34:00,NSE:EBIXFOREX,447.0,447.0,447.0,447.0,5.0
2021-04-19 11:35:00,NSE:EBIXFOREX,449.9,449.9,449.9,449.9,1.0
2021-04-19 11:39:00,NSE:EBIXFOREX,449.9,449.9,449.9,449.9,10.0
2021-04-19 11:40:00,NSE:EBIXFOREX,449.75,449.75,449.75,449.75,5.0
2021-04-19 11:46:00,NSE:EBIXFOREX,447.05,447.05,447.05,447.05,11.0
2021-04-19 11:50:00,NSE:EBIXFOREX,447.05,447.05,447.05,447.05,1.0
2021-04-19 11:51:00,NSE:EBIXFOREX,449.9,449.9,449.9,449.9,1.0
2021-04-19 11:56:00,NSE:EBIXFOREX,449.8,449.8,449.8,449.8,5.0
2021-04-19 12:00:00,NSE:EBIXFOREX,449.55,449.55,449.55,449.55,1.0
2021-04-19 12:41:00,NSE:EBIXFOREX,449.55,449.55,449.55,449.55,1.0
2021-04-19 12:45:00,NSE:EBIXFOREX,448.6,448.6,448.6,448.6,5.0
2021-04-19 13:22:00,NSE:EBIXFOREX,449.5,449.5,449.5,449.5,1.0
2021-04-19 13:35:00,NSE:EBIXFOREX,449.5,449.5,449.5,449.5,10.0
2021-04-19 13:40:00,NSE:EBIXFOREX,449.45,449.45,449.45,449.45,1.0
2021-04-19 13:57:00,NSE:EBIXFOREX,449.55,449.55,449.55,449.55,50.0
2021-04-19 13:59:00,NSE:EBIXFOREX,449.8,449.8,449.8,449.8,8.0
2021-04-19 14:00:00,NSE:EBIXFOREX,449.8,449.8,449.8,449.8,4.0
2021-04-19 14:02:00,NSE:EBIXFOREX,455.0,455.0,455.0,455.0,100.0
2021-04-19 14:03:00,NSE:EBIXFOREX,453.8,453.8,453.8,453.8,2.0
2021-04-19 14:15:00,NSE:EBIXFOREX,453.2,453.2,453.2,453.2,1.0
2021-04-19 14:25:00,NSE:EBIXFOREX,453.2,453.2,453.2,453.2,10.0
2021-04-19 14:36:00,NSE:EBIXFOREX,451.0,451.05,451.0,451.05,20.0
2021-04-19 14:37:00,NSE:EBIXFOREX,451.0,451.0,451.0,451.0,6.0
2021-04-19 14:46:00,NSE:EBIXFOREX,451.0,453.2,451.0,453.2,88.0
2021-04-19 14:50:00,NSE:EBIXFOREX,448.0,448.0,446.0,446.0,162.0
2021-04-19 14:51:00,NSE:EBIXFOREX,446.0,446.0,446.0,446.0,1.0
2021-04-19 14:52:00,NSE:EBIXFOREX,446.0,446.0,446.0,446.0,5.0
2021-04-19 14:53:00,NSE:EBIXFOREX,446.0,446.0,445.0,445.0,64.0
2021-04-19 14:56:00,NSE:EBIXFOREX,446.0,446.0,446.0,446.0,1.0
2021-04-19 14:58:00,NSE:EBIXFOREX,444.0,444.0,444.0,444.0,22.0
2021-04-19 15:01:00,NSE:EBIXFOREX,444.0,444.0,444.0,444.0,1.0
2021-04-19 15:05:00,NSE:EBIXFOREX,448.95,448.95,448.95,448.95,1.0
2021-04-19 15:06:00,NSE:EBIXFOREX,444.95,448.5,444.95,448.5,14.0
2021-04-19 15:07:00,NSE:EBIXFOREX,448.0,448.75,448.0,448.05,7.0
2021-04-19 15:08:00,NSE:EBIXFOREX,448.4,448.4,448.4,448.4,1.0
2021-04-19 15:09:00,NSE:EBIXFOREX,444.65,444.65,444.65,444.65,2.0
2021-04-19 15:18:00,NSE:EBIXFOREX,449.0,449.0,449.0,449.0,23.0
2021-04-19 15:24:00,NSE:EBIXFOREX,444.0,444.0,444.0,444.0,2.0
2021-04-19 15:26:00,NSE:EBIXFOREX,445.0,445.0,445.0,445.0,12.0
2021-04-19 15:29:00,NSE:EBIXFOREX,445.0,445.0,445.0,445.0,1.0
2021-04-20 09:07:00,NSE:EBIXFOREX,448.0,448.0,448.0,448.0,1.0
2021-04-20 09:15:00,NSE:EBIXFOREX,448.0,448.0,447.95,448.0,10.0
2021-04-20 09:16:00,NSE:EBIXFOREX,448.0,453.8,448.0,453.8,66.0
2021-04-20 09:19:00,NSE:EBIXFOREX,451.0,451.0,451.0,451.0,10.0
2021-04-20 09:20:00,NSE:EBIXFOREX,451.0,451.0,451.0,451.0,40.0
2021-04-20 09:32:00,NSE:EBIXFOREX,446.9,446.9,446.9,446.9,37.0
2021-04-20 09:33:00,NSE:EBIXFOREX,446.65,446.65,446.65,446.65,1.0
2021-04-20 09:40:00,NSE:EBIXFOREX,450.0,450.0,450.0,450.0,10.0
2021-04-20 09:41:00,NSE:EBIXFOREX,448.75,448.75,448.75,448.75,3.0
2021-04-20 09:44:00,NSE:EBIXFOREX,450.0,450.0,450.0,450.0,1.0
2021-04-20 09:47:00,NSE:EBIXFOREX,454.05,454.05,454.05,454.05,202.0
2021-04-20 09:48:00,NSE:EBIXFOREX,450.0,450.0,450.0,450.0,302.0
2021-04-20 09:58:00,NSE:EBIXFOREX,447.6,447.6,447.6,447.6,1.0
2021-04-20 10:04:00,NSE:EBIXFOREX,447.8,447.8,447.8,447.8,10.0
2021-04-20 10:10:00,NSE:EBIXFOREX,447.6,447.6,447.6,447.6,66.0
2021-04-20 10:16:00,NSE:EBIXFOREX,447.8,447.8,447.8,447.8,3.0
2021-04-20 10:28:00,NSE:EBIXFOREX,450.0,450.0,450.0,450.0,50.0
2021-04-20 10:33:00,NSE:EBIXFOREX,448.55,448.55,448.55,448.55,20.0
2021-04-20 11:07:00,NSE:EBIXFOREX,448.55,448.55,448.55,448.55,1.0
2021-04-20 11:10:00,NSE:EBIXFOREX,453.4,453.4,453.4,453.4,8.0
2021-04-20 11:15:00,NSE:EBIXFOREX,434.7,434.7,434.7,434.7,1000.0
2021-04-20 11:16:00,NSE:EBIXFOREX,444.6,450.25,444.45,450.25,12.0
2021-04-20 11:18:00,NSE:EBIXFOREX,439.8,439.8,439.8,439.8,1.0
2021-04-20 11:26:00,NSE:EBIXFOREX,442.6,442.6,442.6,442.6,12.0
2021-04-20 11:35:00,NSE:EBIXFOREX,446.85,446.85,446.85,446.85,9.0
2021-04-20 11:36:00,NSE:EBIXFOREX,446.85,446.85,446.85,446.85,25.0
2021-04-20 11:52:00,NSE:EBIXFOREX,442.5,445.2,442.5,444.95,10.0
2021-04-20 11:53:00,NSE:EBIXFOREX,442.05,445.55,442.05,445.55,3.0
2021-04-20 11:54:00,NSE:EBIXFOREX,443.45,443.45,442.65,442.65,7.0
2021-04-20 11:55:00,NSE:EBIXFOREX,445.75,445.75,445.0,445.0,12.0
2021-04-20 11:56:00,NSE:EBIXFOREX,445.15,445.15,445.15,445.15,1.0
2021-04-20 11:57:00,NSE:EBIXFOREX,443.2,443.2,443.2,443.2,6.0
2021-04-20 11:58:00,NSE:EBIXFOREX,442.2,442.2,440.5,440.5,7.0
2021-04-20 11:59:00,NSE:EBIXFOREX,441.1,444.7,441.1,444.7,3.0
2021-04-20 12:12:00,NSE:EBIXFOREX,444.95,444.95,444.95,444.95,11.0
2021-04-20 12:13:00,NSE:EBIXFOREX,444.0,444.0,444.0,444.0,100.0
2021-04-20 13:00:00,NSE:EBIXFOREX,441.85,441.85,441.85,441.85,29.0
2021-04-20 13:09:00,NSE:EBIXFOREX,445.0,445.0,445.0,445.0,5.0
2021-04-20 13:22:00,NSE:EBIXFOREX,444.25,444.25,444.25,444.25,2.0
2021-04-20 13:23:00,NSE:EBIXFOREX,444.25,444.25,444.25,444.25,23.0
2021-04-20 13:40:00,NSE:EBIXFOREX,444.0,444.0,444.0,444.0,1.0
2021-04-20 13:46:00,NSE:EBIXFOREX,442.0,442.0,442.0,442.0,10.0
2021-04-20 14:37:00,NSE:EBIXFOREX,440.55,440.55,440.55,440.55,16.0
2021-04-20 14:42:00,NSE:EBIXFOREX,441.0,441.0,441.0,441.0,19.0
2021-04-20 14:51:00,NSE:EBIXFOREX,442.0,442.0,442.0,442.0,21.0
2021-04-20 14:52:00,NSE:EBIXFOREX,442.0,442.0,442.0,442.0,13.0
2021-04-20 14:56:00,NSE:EBIXFOREX,442.0,442.0,442.0,442.0,20.0
2021-04-20 15:08:00,NSE:EBIXFOREX,442.0,442.0,442.0,442.0,10.0
2021-04-20 15:11:00,NSE:EBIXFOREX,442.0,442.0,442.0,442.0,41.0
2021-04-20 15:12:00,NSE:EBIXFOREX,442.0,442.0,442.0,442.0,59.0
2021-04-20 15:14:00,NSE:EBIXFOREX,441.95,442.0,441.95,442.0,25.0
2021-04-20 15:20:00,NSE:EBIXFOREX,440.7,440.7,440.7,440.7,29.0
2021-04-20 15:27:00,NSE:EBIXFOREX,443.7,443.7,443.7,443.7,1.0
2021-04-20 15:28:00,NSE:EBIXFOREX,441.0,446.8,441.0,446.8,22.0
2021-04-20 15:29:00,NSE:EBIXFOREX,441.0,441.0,440.0,440.0,161.0
2021-04-22 09:07:00,NSE:EBIXFOREX,440.1,440.1,440.1,440.1,12.0
2021-04-22 09:15:00,NSE:EBIXFOREX,440.0,441.8,440.0,441.8,3.0
2021-04-22 09:18:00,NSE:EBIXFOREX,441.8,441.8,441.8,441.8,2.0
2021-04-22 09:19:00,NSE:EBIXFOREX,441.8,441.8,441.6,441.6,6.0
2021-04-22 09:20:00,NSE:EBIXFOREX,441.8,445.0,441.8,445.0,112.0
2021-04-22 09:21:00,NSE:EBIXFOREX,447.95,447.95,447.95,447.95,2.0
2021-04-22 09:22:00,NSE:EBIXFOREX,429.0,447.2,429.0,442.9,204.0
2021-04-22 09:25:00,NSE:EBIXFOREX,443.85,443.85,443.85,443.85,1.0
2021-04-22 09:28:00,NSE:EBIXFOREX,440.05,440.05,440.05,440.05,22.0
2021-04-22 09:36:00,NSE:EBIXFOREX,441.95,441.95,441.95,441.95,1.0
2021-04-22 09:45:00,NSE:EBIXFOREX,441.9,441.9,441.9,441.9,2.0
2021-04-22 10:05:00,NSE:EBIXFOREX,437.0,441.75,437.0,441.75,59.0
2021-04-22 10:07:00,NSE:EBIXFOREX,440.3,442.0,440.3,442.0,108.0
2021-04-22 10:10:00,NSE:EBIXFOREX,442.0,442.0,442.0,442.0,10.0
2021-04-22 10:11:00,NSE:EBIXFOREX,432.95,432.95,432.95,432.95,100.0
2021-04-22 10:12:00,NSE:EBIXFOREX,433.0,433.0,433.0,433.0,1.0
2021-04-22 10:41:00,NSE:EBIXFOREX,441.75,441.75,441.75,441.75,7.0
2021-04-22 11:18:00,NSE:EBIXFOREX,441.8,441.8,441.8,441.8,9.0
2021-04-22 11:25:00,NSE:EBIXFOREX,444.6,444.6,444.6,444.6,1.0
2021-04-22 11:49:00,NSE:EBIXFOREX,442.0,442.0,442.0,442.0,16.0
2021-04-22 11:56:00,NSE:EBIXFOREX,442.0,442.0,442.0,442.0,10.0
2021-04-22 12:05:00,NSE:EBIXFOREX,445.8,445.8,445.8,445.8,50.0
2021-04-22 12:06:00,NSE:EBIXFOREX,445.8,445.8,445.8,445.8,5.0
2021-04-22 12:23:00,NSE:EBIXFOREX,445.8,445.8,445.8,445.8,15.0
2021-04-22 12:24:00,NSE:EBIXFOREX,446.9,446.9,446.9,446.9,30.0
2021-04-22 12:28:00,NSE:EBIXFOREX,446.8,446.8,446.8,446.8,90.0
2021-04-22 12:48:00,NSE:EBIXFOREX,445.0,445.0,445.0,445.0,100.0
2021-04-22 13:02:00,NSE:EBIXFOREX,440.15,440.15,440.15,440.15,50.0
2021-04-22 13:08:00,NSE:EBIXFOREX,442.65,442.65,442.65,442.65,5.0
2021-04-22 13:11:00,NSE:EBIXFOREX,442.5,442.5,442.5,442.5,4.0
2021-04-22 13:12:00,NSE:EBIXFOREX,442.0,442.0,442.0,442.0,3.0
2021-04-22 13:13:00,NSE:EBIXFOREX,442.0,442.0,442.0,442.0,25.0
2021-04-22 13:28:00,NSE:EBIXFOREX,443.95,443.95,443.95,443.95,4.0
2021-04-22 13:42:00,NSE:EBIXFOREX,445.0,445.0,445.0,445.0,98.0
2021-04-22 13:49:00,NSE:EBIXFOREX,445.0,445.0,445.0,445.0,100.0
2021-04-22 14:11:00,NSE:EBIXFOREX,444.8,444.8,444.8,444.8,5.0
2021-04-22 14:19:00,NSE:EBIXFOREX,444.8,444.8,444.8,444.8,5.0
2021-04-22 14:22:00,NSE:EBIXFOREX,445.0,445.0,445.0,445.0,10.0
2021-04-22 14:32:00,NSE:EBIXFOREX,444.8,444.8,444.8,444.8,2.0
2021-04-22 14:56:00,NSE:EBIXFOREX,445.0,445.0,445.0,445.0,10.0
2021-04-22 15:14:00,NSE:EBIXFOREX,445.0,445.0,445.0,445.0,20.0
2021-04-22 15:23:00,NSE:EBIXFOREX,445.0,445.0,445.0,445.0,25.0
2021-04-22 15:28:00,NSE:EBIXFOREX,444.95,444.95,444.95,444.95,8.0
2021-04-22 15:29:00,NSE:EBIXFOREX,438.25,438.25,438.0,438.0,60.0
2021-04-23 09:15:00,NSE:EBIXFOREX,442.25,442.3,442.25,442.25,5.0
2021-04-23 09:28:00,NSE:EBIXFOREX,446.0,446.0,446.0,446.0,1.0
2021-04-23 09:29:00,NSE:EBIXFOREX,447.8,447.8,447.8,447.8,12.0
2021-04-23 09:40:00,NSE:EBIXFOREX,447.6,447.6,447.6,447.6,10.0
2021-04-23 09:41:00,NSE:EBIXFOREX,447.35,447.35,447.35,447.35,1.0
2021-04-23 09:42:00,NSE:EBIXFOREX,447.1,447.1,447.1,447.1,3.0
2021-04-23 09:46:00,NSE:EBIXFOREX,443.05,443.05,443.05,443.05,5.0
2021-04-23 09:52:00,NSE:EBIXFOREX,447.0,447.0,447.0,447.0,10.0
2021-04-23 09:54:00,NSE:EBIXFOREX,442.25,442.25,442.25,442.25,100.0
2021-04-23 09:58:00,NSE:EBIXFOREX,447.8,447.8,447.8,447.8,100.0
2021-04-23 10:02:00,NSE:EBIXFOREX,448.0,448.0,448.0,448.0,29.0
2021-04-23 10:17:00,NSE:EBIXFOREX,447.65,447.65,447.65,447.65,19.0
2021-04-23 10:22:00,NSE:EBIXFOREX,447.8,447.8,447.8,447.8,19.0
2021-04-23 11:16:00,NSE:EBIXFOREX,450.0,450.0,450.0,450.0,19.0
2021-04-23 11:27:00,NSE:EBIXFOREX,447.1,449.95,446.0,449.95,21.0
2021-04-23 11:28:00,NSE:EBIXFOREX,448.05,448.05,448.05,448.05,4.0
2021-04-23 11:29:00,NSE:EBIXFOREX,448.3,448.3,448.3,448.3,3.0
2021-04-23 11:58:00,NSE:EBIXFOREX,448.3,448.3,448.3,448.3,4.0
2021-04-23 12:07:00,NSE:EBIXFOREX,448.3,448.3,448.3,448.3,217.0
2021-04-23 12:18:00,NSE:EBIXFOREX,446.05,446.05,446.05,446.05,4.0
2021-04-23 12:37:00,NSE:EBIXFOREX,446.05,446.05,446.0,446.0,24.0
2021-04-23 12:38:00,NSE:EBIXFOREX,445.5,445.5,445.1,445.1,6.0
2021-04-23 13:12:00,NSE:EBIXFOREX,446.95,446.95,445.0,445.0,113.0
2021-04-23 13:24:00,NSE:EBIXFOREX,440.0,440.0,439.0,440.0,140.0
2021-04-23 13:25:00,NSE:EBIXFOREX,440.0,440.0,437.3,437.3,9.0
2021-04-23 13:26:00,NSE:EBIXFOREX,439.95,439.95,439.95,439.95,1.0
2021-04-23 13:27:00,NSE:EBIXFOREX,440.0,440.0,440.0,440.0,10.0
2021-04-23 13:29:00,NSE:EBIXFOREX,440.0,440.0,440.0,440.0,25.0
2021-04-23 14:13:00,NSE:EBIXFOREX,441.0,441.0,440.0,440.05,141.0
2021-04-23 14:14:00,NSE:EBIXFOREX,439.95,439.95,439.95,439.95,6.0
2021-04-23 14:15:00,NSE:EBIXFOREX,444.7,447.0,444.7,444.95,948.0
2021-04-23 14:19:00,NSE:EBIXFOREX,441.05,441.05,441.05,441.05,4.0
2021-04-23 14:20:00,NSE:EBIXFOREX,444.75,444.75,444.75,444.75,15.0
2021-04-23 14:37:00,NSE:EBIXFOREX,440.0,440.0,440.0,440.0,117.0
2021-04-23 14:38:00,NSE:EBIXFOREX,439.95,440.0,439.95,440.0,4.0
2021-04-23 14:43:00,NSE:EBIXFOREX,437.3,437.3,437.3,437.3,100.0
2021-04-23 14:50:00,NSE:EBIXFOREX,439.85,439.85,439.85,439.85,50.0
2021-04-23 14:55:00,NSE:EBIXFOREX,437.05,437.05,437.05,437.05,99.0
2021-04-23 14:56:00,NSE:EBIXFOREX,439.85,439.85,439.85,439.85,10.0
2021-04-23 15:05:00,NSE:EBIXFOREX,439.75,439.75,439.75,439.75,1.0
2021-04-23 15:06:00,NSE:EBIXFOREX,439.75,439.8,439.75,439.8,11.0
2021-04-23 15:08:00,NSE:EBIXFOREX,439.8,439.8,439.5,439.5,39.0
2021-04-23 15:09:00,NSE:EBIXFOREX,439.5,439.5,439.5,439.5,10.0
2021-04-23 15:15:00,NSE:EBIXFOREX,439.5,439.5,439.5,439.5,4.0
2021-04-23 15:21:00,NSE:EBIXFOREX,439.95,439.95,439.95,439.95,20.0
2021-04-23 15:27:00,NSE:EBIXFOREX,438.6,438.6,438.55,438.55,18.0
2021-04-23 15:28:00,NSE:EBIXFOREX,437.05,438.0,437.05,438.0,39.0
2021-04-23 15:29:00,NSE:EBIXFOREX,438.0,438.0,438.0,438.0,56.0
2021-04-23 15:43:00,NSE:EBIXFOREX,438.75,438.75,438.75,438.75,4.0
2021-04-26 09:15:00,NSE:EBIXFOREX,432.0,441.3,432.0,432.0,55.0
2021-04-26 09:17:00,NSE:EBIXFOREX,434.0,434.0,434.0,434.0,20.0
2021-04-26 09:23:00,NSE:EBIXFOREX,443.0,443.0,443.0,443.0,1.0
2021-04-26 09:28:00,NSE:EBIXFOREX,443.0,443.0,443.0,443.0,1.0
2021-04-26 09:42:00,NSE:EBIXFOREX,444.55,444.55,444.55,444.55,8.0
2021-04-26 09:48:00,NSE:EBIXFOREX,444.55,444.55,444.55,444.55,10.0
2021-04-26 09:54:00,NSE:EBIXFOREX,440.0,440.0,440.0,440.0,21.0
2021-04-26 10:04:00,NSE:EBIXFOREX,439.8,439.8,439.8,439.8,1.0
2021-04-26 10:10:00,NSE:EBIXFOREX,439.35,439.35,439.35,439.35,4.0
2021-04-26 10:31:00,NSE:EBIXFOREX,439.25,439.25,439.25,439.25,1.0
2021-04-26 10:39:00,NSE:EBIXFOREX,439.25,439.25,439.25,439.25,1.0
2021-04-26 10:46:00,NSE:EBIXFOREX,439.25,439.25,439.25,439.25,15.0
2021-04-26 10:54:00,NSE:EBIXFOREX,436.15,436.15,436.15,436.15,1.0
2021-04-26 10:55:00,NSE:EBIXFOREX,438.65,438.65,438.65,438.65,2.0
2021-04-26 11:00:00,NSE:EBIXFOREX,439.95,439.95,439.95,439.95,27.0
2021-04-26 11:18:00,NSE:EBIXFOREX,439.75,439.75,439.75,439.75,4.0
2021-04-26 11:21:00,NSE:EBIXFOREX,439.75,439.75,439.75,439.75,3.0
2021-04-26 12:00:00,NSE:EBIXFOREX,439.95,439.95,439.95,439.95,45.0
2021-04-26 12:01:00,NSE:EBIXFOREX,445.15,445.15,438.05,438.05,49.0
2021-04-26 12:03:00,NSE:EBIXFOREX,445.15,445.15,438.1,438.1,80.0
2021-04-26 12:05:00,NSE:EBIXFOREX,439.85,444.95,439.85,444.95,45.0
2021-04-26 12:20:00,NSE:EBIXFOREX,443.8,443.8,443.8,443.8,2.0
2021-04-26 12:57:00,NSE:EBIXFOREX,440.0,440.0,440.0,440.0,76.0
2021-04-26 13:12:00,NSE:EBIXFOREX,443.0,443.0,443.0,443.0,18.0
2021-04-26 13:24:00,NSE:EBIXFOREX,438.8,438.8,438.8,438.8,2.0
2021-04-26 13:30:00,NSE:EBIXFOREX,441.6,441.6,439.0,439.95,7.0
2021-04-26 13:31:00,NSE:EBIXFOREX,441.05,441.05,440.65,440.65,7.0
2021-04-26 13:52:00,NSE:EBIXFOREX,442.5,442.5,442.5,442.5,10.0
2021-04-26 13:54:00,NSE:EBIXFOREX,439.95,439.95,439.95,439.95,50.0
2021-04-26 13:55:00,NSE:EBIXFOREX,442.5,442.5,442.5,442.5,47.0
2021-04-26 13:57:00,NSE:EBIXFOREX,440.0,440.0,440.0,440.0,62.0
2021-04-26 13:59:00,NSE:EBIXFOREX,440.0,440.0,440.0,440.0,4.0
2021-04-26 14:14:00,NSE:EBIXFOREX,440.0,440.0,440.0,440.0,14.0
2021-04-26 14:15:00,NSE:EBIXFOREX,442.5,442.5,442.5,442.5,100.0
2021-04-26 14:21:00,NSE:EBIXFOREX,440.0,440.0,440.0,440.0,67.0
2021-04-26 15:11:00,NSE:EBIXFOREX,440.0,440.0,440.0,440.0,15.0
2021-04-26 15:12:00,NSE:EBIXFOREX,440.0,440.0,440.0,440.0,15.0
2021-04-26 15:17:00,NSE:EBIXFOREX,440.0,440.0,440.0,440.0,11.0
2021-04-26 15:18:00,NSE:EBIXFOREX,440.0,440.0,440.0,440.0,2.0
2021-04-26 15:19:00,NSE:EBIXFOREX,438.75,439.95,438.75,439.95,17.0
2021-04-26 15:20:00,NSE:EBIXFOREX,440.0,440.0,440.0,440.0,10.0
2021-04-26 15:22:00,NSE:EBIXFOREX,438.1,438.1,438.1,438.1,12.0
2021-04-26 15:27:00,NSE:EBIXFOREX,440.0,440.0,440.0,440.0,1.0
2021-04-26 15:28:00,NSE:EBIXFOREX,440.0,440.0,440.0,440.0,13.0
2021-04-26 15:29:00,NSE:EBIXFOREX,442.0,442.0,442.0,442.0,44.0
2021-04-27 09:07:00,NSE:EBIXFOREX,448.0,448.0,448.0,448.0,10.0
2021-04-27 09:17:00,NSE:EBIXFOREX,437.65,437.65,435.2,435.2,2.0
2021-04-27 09:19:00,NSE:EBIXFOREX,440.25,440.3,440.25,440.3,3.0
2021-04-27 09:20:00,NSE:EBIXFOREX,440.3,440.3,440.0,440.0,50.0
2021-04-27 09:21:00,NSE:EBIXFOREX,440.0,440.0,440.0,440.0,4.0
2021-04-27 09:24:00,NSE:EBIXFOREX,440.0,440.0,440.0,440.0,13.0
2021-04-27 09:25:00,NSE:EBIXFOREX,440.0,440.0,440.0,440.0,3.0
2021-04-27 09:26:00,NSE:EBIXFOREX,440.0,440.0,440.0,440.0,10.0
2021-04-27 09:30:00,NSE:EBIXFOREX,440.0,440.0,440.0,440.0,4.0
2021-04-27 09:33:00,NSE:EBIXFOREX,440.0,440.0,440.0,440.0,37.0
2021-04-27 09:54:00,NSE:EBIXFOREX,439.95,439.95,439.95,439.95,1.0
2021-04-27 09:55:00,NSE:EBIXFOREX,440.0,440.0,440.0,440.0,38.0
2021-04-27 09:56:00,NSE:EBIXFOREX,439.8,440.0,439.8,440.0,29.0
2021-04-27 09:57:00,NSE:EBIXFOREX,440.0,440.0,440.0,440.0,15.0
2021-04-27 09:58:00,NSE:EBIXFOREX,440.0,440.0,439.8,439.8,15.0
2021-04-27 09:59:00,NSE:EBIXFOREX,440.0,440.0,440.0,440.0,1.0
2021-04-27 10:00:00,NSE:EBIXFOREX,440.0,440.0,440.0,440.0,8.0
2021-04-27 10:03:00,NSE:EBIXFOREX,439.8,440.0,439.8,440.0,9.0
2021-04-27 10:04:00,NSE:EBIXFOREX,440.0,440.0,440.0,440.0,1.0
2021-04-27 10:06:00,NSE:EBIXFOREX,439.8,440.0,439.8,440.0,9.0
2021-04-27 10:15:00,NSE:EBIXFOREX,434.45,434.5,434.45,434.5,38.0
2021-04-27 10:16:00,NSE:EBIXFOREX,439.95,439.95,439.95,439.95,1.0
2021-04-27 10:20:00,NSE:EBIXFOREX,439.5,439.5,439.5,439.5,1.0
2021-04-27 10:25:00,NSE:EBIXFOREX,437.4,437.4,436.8,436.8,4.0
2021-04-27 10:44:00,NSE:EBIXFOREX,436.8,436.8,436.8,436.8,8.0
2021-04-27 10:57:00,NSE:EBIXFOREX,439.85,439.85,439.85,439.85,1.0
2021-04-27 10:59:00,NSE:EBIXFOREX,439.85,439.85,439.85,439.85,13.0
2021-04-27 11:03:00,NSE:EBIXFOREX,440.85,440.85,440.85,440.85,2.0
2021-04-27 11:04:00,NSE:EBIXFOREX,440.0,440.0,439.2,439.2,43.0
2021-04-27 11:10:00,NSE:EBIXFOREX,443.2,443.2,443.2,443.2,50.0
2021-04-27 11:17:00,NSE:EBIXFOREX,443.15,445.0,443.15,445.0,65.0
2021-04-27 11:44:00,NSE:EBIXFOREX,445.0,445.0,445.0,445.0,1.0
2021-04-27 11:51:00,NSE:EBIXFOREX,441.1,441.1,441.1,441.1,2.0
2021-04-27 11:53:00,NSE:EBIXFOREX,440.9,440.9,440.9,440.9,6.0
2021-04-27 11:57:00,NSE:EBIXFOREX,445.0,445.0,445.0,445.0,10.0
2021-04-27 12:15:00,NSE:EBIXFOREX,444.95,444.95,444.95,444.95,1.0
2021-04-27 12:22:00,NSE:EBIXFOREX,444.95,444.95,444.95,444.95,1.0
2021-04-27 12:34:00,NSE:EBIXFOREX,444.8,444.8,444.8,444.8,1.0
2021-04-27 13:19:00,NSE:EBIXFOREX,441.2,441.2,441.2,441.2,11.0
2021-04-27 13:40:00,NSE:EBIXFOREX,444.0,444.0,444.0,444.0,10.0
2021-04-27 13:42:00,NSE:EBIXFOREX,441.15,441.15,441.15,441.15,47.0
2021-04-27 14:14:00,NSE:EBIXFOREX,443.45,443.45,443.45,443.45,2.0
2021-04-27 14:27:00,NSE:EBIXFOREX,441.2,441.2,441.2,441.2,1.0
2021-04-27 14:31:00,NSE:EBIXFOREX,443.9,443.9,443.9,443.9,1.0
2021-04-27 15:09:00,NSE:EBIXFOREX,443.95,443.95,443.95,443.95,15.0
2021-04-27 15:10:00,NSE:EBIXFOREX,443.95,444.0,443.95,444.0,57.0
2021-04-27 15:12:00,NSE:EBIXFOREX,444.0,444.0,443.95,443.95,46.0
2021-04-27 15:19:00,NSE:EBIXFOREX,440.05,440.05,440.05,440.05,7.0
2021-04-27 15:20:00,NSE:EBIXFOREX,443.35,443.35,443.35,443.35,1.0
2021-04-27 15:22:00,NSE:EBIXFOREX,440.1,442.9,440.1,442.9,5.0
2021-04-27 15:27:00,NSE:EBIXFOREX,443.0,443.0,443.0,443.0,44.0
2021-04-27 15:29:00,NSE:EBIXFOREX,442.95,443.0,442.95,443.0,10.0
2021-04-27 15:30:00,NSE:EBIXFOREX,443.0,443.0,443.0,443.0,1.0
2021-04-28 09:07:00,NSE:EBIXFOREX,451.8,451.8,451.8,451.8,1.0
2021-04-28 09:15:00,NSE:EBIXFOREX,448.3,448.3,447.5,447.5,5.0
2021-04-28 09:16:00,NSE:EBIXFOREX,446.45,446.45,445.6,445.6,3.0
2021-04-28 09:17:00,NSE:EBIXFOREX,442.0,442.0,442.0,442.0,12.0
2021-04-28 09:18:00,NSE:EBIXFOREX,444.95,444.95,444.95,444.95,1.0
2021-04-28 09:19:00,NSE:EBIXFOREX,444.45,444.45,444.45,444.45,1.0
2021-04-28 09:20:00,NSE:EBIXFOREX,445.0,445.0,445.0,445.0,1.0
2021-04-28 09:21:00,NSE:EBIXFOREX,445.0,445.0,445.0,445.0,2.0
2021-04-28 09:22:00,NSE:EBIXFOREX,446.0,446.0,446.0,446.0,1.0
2021-04-28 09:29:00,NSE:EBIXFOREX,445.5,445.5,445.5,445.5,17.0
2021-04-28 09:38:00,NSE:EBIXFOREX,444.0,444.0,444.0,444.0,2.0
2021-04-28 09:43:00,NSE:EBIXFOREX,443.7,443.7,443.7,443.7,3.0
2021-04-28 09:44:00,NSE:EBIXFOREX,445.2,445.2,445.2,445.2,2.0
2021-04-28 09:50:00,NSE:EBIXFOREX,444.8,444.8,444.8,444.8,25.0
2021-04-28 09:59:00,NSE:EBIXFOREX,496.0,496.0,449.25,449.25,1006.0
2021-04-28 10:02:00,NSE:EBIXFOREX,450.0,450.0,449.0,449.0,23.0
2021-04-28 10:05:00,NSE:EBIXFOREX,449.0,449.0,448.95,448.95,33.0
2021-04-28 10:06:00,NSE:EBIXFOREX,448.9,448.9,448.9,448.9,20.0
2021-04-28 10:11:00,NSE:EBIXFOREX,446.0,446.0,446.0,446.0,25.0
2021-04-28 10:12:00,NSE:EBIXFOREX,448.55,448.55,448.55,448.55,1.0
2021-04-28 10:22:00,NSE:EBIXFOREX,447.5,447.5,447.5,447.5,24.0
2021-04-28 10:26:00,NSE:EBIXFOREX,448.9,448.9,448.9,448.9,1.0
2021-04-28 10:27:00,NSE:EBIXFOREX,446.95,446.95,446.95,446.95,17.0
2021-04-28 10:30:00,NSE:EBIXFOREX,438.75,444.0,438.75,444.0,526.0
2021-04-28 10:34:00,NSE:EBIXFOREX,445.95,445.95,445.95,445.95,1.0
2021-04-28 10:37:00,NSE:EBIXFOREX,444.0,444.0,444.0,444.0,30.0
2021-04-28 10:40:00,NSE:EBIXFOREX,444.0,444.0,444.0,444.0,14.0
2021-04-28 10:44:00,NSE:EBIXFOREX,446.0,446.0,446.0,446.0,110.0
2021-04-28 11:01:00,NSE:EBIXFOREX,444.95,444.95,444.95,444.95,1.0
2021-04-28 11:02:00,NSE:EBIXFOREX,445.0,445.0,445.0,445.0,1.0
2021-04-28 11:09:00,NSE:EBIXFOREX,445.0,446.0,445.0,445.0,209.0
2021-04-28 11:17:00,NSE:EBIXFOREX,446.0,446.0,446.0,446.0,3.0
2021-04-28 11:28:00,NSE:EBIXFOREX,445.0,445.0,445.0,445.0,1.0
2021-04-28 11:30:00,NSE:EBIXFOREX,445.0,445.0,445.0,445.0,9.0
2021-04-28 11:31:00,NSE:EBIXFOREX,445.0,445.0,445.0,445.0,3.0
2021-04-28 11:32:00,NSE:EBIXFOREX,446.0,446.0,446.0,446.0,1.0
2021-04-28 11:49:00,NSE:EBIXFOREX,445.0,445.0,445.0,445.0,15.0
2021-04-28 11:52:00,NSE:EBIXFOREX,445.0,445.0,445.0,445.0,20.0
2021-04-28 11:54:00,NSE:EBIXFOREX,446.0,446.0,446.0,446.0,50.0
2021-04-28 12:11:00,NSE:EBIXFOREX,446.0,446.0,446.0,446.0,3.0
2021-04-28 12:13:00,NSE:EBIXFOREX,446.0,446.0,446.0,446.0,50.0
2021-04-28 12:14:00,NSE:EBIXFOREX,446.0,446.0,446.0,446.0,6.0
2021-04-28 12:26:00,NSE:EBIXFOREX,445.85,445.85,445.85,445.85,12.0
2021-04-28 12:37:00,NSE:EBIXFOREX,443.1,443.1,443.1,443.1,1.0
2021-04-28 12:38:00,NSE:EBIXFOREX,443.0,443.0,442.0,442.0,65.0
2021-04-28 12:56:00,NSE:EBIXFOREX,443.5,443.5,443.5,443.5,20.0
2021-04-28 13:01:00,NSE:EBIXFOREX,446.5,446.5,446.5,446.5,200.0
2021-04-28 13:05:00,NSE:EBIXFOREX,447.5,447.5,447.5,447.5,302.0
2021-04-28 13:07:00,NSE:EBIXFOREX,451.25,451.25,451.25,451.25,12.0
2021-04-28 13:09:00,NSE:EBIXFOREX,450.0,450.0,450.0,450.0,8.0
2021-04-28 13:15:00,NSE:EBIXFOREX,450.0,450.0,450.0,450.0,12.0
2021-04-28 13:16:00,NSE:EBIXFOREX,450.05,454.35,450.05,454.35,58.0
2021-04-28 13:17:00,NSE:EBIXFOREX,454.35,454.4,454.35,454.4,15.0
2021-04-28 13:18:00,NSE:EBIXFOREX,450.0,450.0,450.0,450.0,100.0
2021-04-28 13:20:00,NSE:EBIXFOREX,451.0,451.0,451.0,451.0,28.0
2021-04-28 13:21:00,NSE:EBIXFOREX,449.0,450.0,449.0,450.0,21.0
2021-04-28 13:22:00,NSE:EBIXFOREX,447.5,447.5,442.85,442.85,328.0
2021-04-28 13:35:00,NSE:EBIXFOREX,446.0,446.95,446.0,446.95,52.0
2021-04-28 13:36:00,NSE:EBIXFOREX,446.45,446.45,443.85,443.85,2.0
2021-04-28 14:12:00,NSE:EBIXFOREX,443.5,443.5,443.5,443.5,200.0
2021-04-28 14:17:00,NSE:EBIXFOREX,445.95,445.95,445.95,445.95,1.0
2021-04-28 14:32:00,NSE:EBIXFOREX,443.0,443.0,443.0,443.0,3.0
2021-04-28 14:33:00,NSE:EBIXFOREX,445.95,445.95,445.95,445.95,1.0
2021-04-28 14:38:00,NSE:EBIXFOREX,443.05,443.05,443.05,443.05,1.0
2021-04-28 14:48:00,NSE:EBIXFOREX,445.85,445.85,445.85,445.85,5.0
2021-04-28 14:49:00,NSE:EBIXFOREX,445.8,445.8,445.8,445.8,105.0
2021-04-28 14:50:00,NSE:EBIXFOREX,444.0,444.0,444.0,444.0,20.0
2021-04-28 14:51:00,NSE:EBIXFOREX,444.0,444.0,444.0,444.0,23.0
2021-04-28 14:52:00,NSE:EBIXFOREX,444.0,444.0,444.0,444.0,36.0
2021-04-28 14:54:00,NSE:EBIXFOREX,445.95,445.95,445.95,445.95,12.0
2021-04-28 14:55:00,NSE:EBIXFOREX,445.6,445.6,445.6,445.6,298.0
2021-04-28 14:59:00,NSE:EBIXFOREX,445.0,445.6,445.0,445.6,20.0
2021-04-28 15:00:00,NSE:EBIXFOREX,445.6,445.6,444.05,444.05,20.0
2021-04-28 15:04:00,NSE:EBIXFOREX,445.0,445.0,445.0,445.0,2.0
2021-04-28 15:07:00,NSE:EBIXFOREX,444.05,444.05,444.05,444.05,2.0
2021-04-28 15:16:00,NSE:EBIXFOREX,444.9,444.9,444.9,444.9,25.0
2021-04-28 15:19:00,NSE:EBIXFOREX,444.05,444.05,444.05,444.05,1.0
2021-04-28 15:20:00,NSE:EBIXFOREX,444.9,444.9,444.9,444.9,338.0
2021-04-28 15:21:00,NSE:EBIXFOREX,444.95,444.95,444.95,444.95,98.0
2021-04-28 15:22:00,NSE:EBIXFOREX,445.0,445.0,445.0,445.0,44.0
2021-04-28 15:26:00,NSE:EBIXFOREX,445.0,445.0,445.0,445.0,1.0
2021-04-28 15:27:00,NSE:EBIXFOREX,445.0,447.0,445.0,447.0,192.0
2021-04-28 15:28:00,NSE:EBIXFOREX,447.0,447.0,447.0,447.0,11.0
2021-04-29 09:07:00,NSE:EBIXFOREX,453.0,453.0,453.0,453.0,1.0
2021-04-29 09:22:00,NSE:EBIXFOREX,449.75,449.8,449.7,449.8,122.0
2021-04-29 09:23:00,NSE:EBIXFOREX,450.0,450.0,450.0,450.0,81.0
2021-04-29 09:24:00,NSE:EBIXFOREX,449.2,449.2,449.2,449.2,100.0
2021-04-29 09:26:00,NSE:EBIXFOREX,449.4,450.0,449.4,450.0,150.0
2021-04-29 09:27:00,NSE:EBIXFOREX,450.0,450.0,449.95,450.0,26.0
2021-04-29 09:28:00,NSE:EBIXFOREX,450.0,450.0,450.0,450.0,51.0
2021-04-29 09:29:00,NSE:EBIXFOREX,450.0,450.0,450.0,450.0,14.0
2021-04-29 09:30:00,NSE:EBIXFOREX,449.95,449.95,449.8,449.8,2.0
2021-04-29 09:32:00,NSE:EBIXFOREX,449.55,449.95,449.55,449.95,15.0
2021-04-29 09:33:00,NSE:EBIXFOREX,450.0,450.0,449.95,449.95,15.0
2021-04-29 09:37:00,NSE:EBIXFOREX,449.6,449.6,449.6,449.6,20.0
2021-04-29 09:39:00,NSE:EBIXFOREX,450.05,450.05,450.05,450.05,17.0
2021-04-29 09:40:00,NSE:EBIXFOREX,450.05,450.05,450.05,450.05,13.0
2021-04-29 09:43:00,NSE:EBIXFOREX,446.1,446.1,446.1,446.1,4.0
2021-04-29 09:51:00,NSE:EBIXFOREX,451.65,451.65,451.65,451.65,2.0
2021-04-29 09:52:00,NSE:EBIXFOREX,451.7,451.85,451.65,451.65,28.0
2021-04-29 09:56:00,NSE:EBIXFOREX,448.4,448.4,448.4,448.4,10.0
2021-04-29 10:01:00,NSE:EBIXFOREX,448.4,448.4,448.4,448.4,2.0
2021-04-29 10:02:00,NSE:EBIXFOREX,447.75,447.75,447.75,447.75,5.0
2021-04-29 10:05:00,NSE:EBIXFOREX,447.6,447.6,447.6,447.6,10.0
2021-04-29 10:06:00,NSE:EBIXFOREX,447.75,450.0,447.75,450.0,40.0
2021-04-29 10:07:00,NSE:EBIXFOREX,450.0,450.0,450.0,450.0,10.0
2021-04-29 10:08:00,NSE:EBIXFOREX,450.0,450.0,450.0,450.0,8.0
2021-04-29 10:09:00,NSE:EBIXFOREX,450.0,450.05,450.0,450.05,10.0
2021-04-29 10:18:00,NSE:EBIXFOREX,449.45,449.45,448.45,448.45,102.0
2021-04-29 10:20:00,NSE:EBIXFOREX,449.95,450.0,449.95,450.0,2.0
2021-04-29 10:37:00,NSE:EBIXFOREX,449.1,449.1,449.1,449.1,1.0
2021-04-29 10:39:00,NSE:EBIXFOREX,446.55,446.55,446.55,446.55,1.0
2021-04-29 10:52:00,NSE:EBIXFOREX,450.0,450.0,450.0,450.0,100.0
2021-04-29 11:01:00,NSE:EBIXFOREX,449.95,449.95,449.95,449.95,1.0
2021-04-29 11:05:00,NSE:EBIXFOREX,449.95,450.0,449.95,450.0,50.0
2021-04-29 11:39:00,NSE:EBIXFOREX,447.0,447.0,447.0,447.0,60.0
2021-04-29 11:52:00,NSE:EBIXFOREX,447.05,447.05,447.05,447.05,2.0
2021-04-29 12:58:00,NSE:EBIXFOREX,449.15,449.15,449.15,449.15,1.0
2021-04-29 12:59:00,NSE:EBIXFOREX,449.9,449.9,449.9,449.9,4.0
2021-04-29 13:21:00,NSE:EBIXFOREX,449.95,449.95,449.95,449.95,1.0
2021-04-29 13:47:00,NSE:EBIXFOREX,447.1,447.1,447.1,447.1,17.0
2021-04-29 13:57:00,NSE:EBIXFOREX,447.15,447.15,447.15,447.15,3.0
2021-04-29 14:03:00,NSE:EBIXFOREX,448.3,448.3,448.3,448.3,1.0
2021-04-29 14:17:00,NSE:EBIXFOREX,448.4,448.4,448.4,448.4,9.0
2021-04-29 14:18:00,NSE:EBIXFOREX,448.4,448.4,448.4,448.4,3.0
2021-04-29 14:49:00,NSE:EBIXFOREX,448.0,448.0,448.0,448.0,50.0
2021-04-29 14:51:00,NSE:EBIXFOREX,447.25,447.25,447.25,447.25,25.0
2021-04-29 14:56:00,NSE:EBIXFOREX,447.25,447.25,447.25,447.25,50.0
2021-04-29 14:57:00,NSE:EBIXFOREX,447.25,447.25,447.25,447.25,100.0
2021-04-29 14:59:00,NSE:EBIXFOREX,447.25,447.25,447.25,447.25,15.0
2021-04-29 15:02:00,NSE:EBIXFOREX,447.95,447.95,447.8,447.8,162.0
2021-04-29 15:03:00,NSE:EBIXFOREX,447.8,447.8,447.8,447.8,46.0
2021-04-29 15:06:00,NSE:EBIXFOREX,447.7,447.7,447.7,447.7,33.0
2021-04-29 15:07:00,NSE:EBIXFOREX,447.7,447.7,447.7,447.7,17.0
2021-04-29 15:18:00,NSE:EBIXFOREX,447.8,447.8,447.8,447.8,50.0
2021-04-29 15:26:00,NSE:EBIXFOREX,448.0,448.0,448.0,448.0,50.0
2021-04-29 15:27:00,NSE:EBIXFOREX,450.0,450.0,450.0,450.0,27.0
2021-04-29 15:28:00,NSE:EBIXFOREX,449.95,449.95,449.95,449.95,5.0
2021-04-30 09:27:00,NSE:EBIXFOREX,449.0,449.0,449.0,449.0,18.0
2021-04-30 09:39:00,NSE:EBIXFOREX,449.95,449.95,449.95,449.95,1.0
2021-04-30 09:40:00,NSE:EBIXFOREX,450.0,450.0,450.0,450.0,12.0
2021-04-30 09:49:00,NSE:EBIXFOREX,450.0,450.0,450.0,450.0,2.0
2021-04-30 09:52:00,NSE:EBIXFOREX,450.0,450.0,449.9,449.9,2.0
2021-04-30 09:56:00,NSE:EBIXFOREX,450.0,452.0,450.0,452.0,28.0
2021-04-30 09:57:00,NSE:EBIXFOREX,453.1,453.1,451.85,451.85,4.0
2021-04-30 09:58:00,NSE:EBIXFOREX,452.0,456.0,452.0,456.0,36.0
2021-04-30 10:00:00,NSE:EBIXFOREX,457.0,457.0,457.0,457.0,40.0
2021-04-30 10:01:00,NSE:EBIXFOREX,457.8,457.8,456.4,456.4,73.0
2021-04-30 10:02:00,NSE:EBIXFOREX,456.2,458.65,456.2,458.1,69.0
2021-04-30 10:03:00,NSE:EBIXFOREX,457.2,457.2,457.2,457.2,2.0
2021-04-30 10:04:00,NSE:EBIXFOREX,458.6,458.9,458.6,458.9,18.0
2021-04-30 10:05:00,NSE:EBIXFOREX,459.95,459.95,459.8,459.95,14.0
2021-04-30 10:06:00,NSE:EBIXFOREX,459.95,459.95,459.95,459.95,1.0
2021-04-30 10:07:00,NSE:EBIXFOREX,459.1,459.75,459.1,459.75,7.0
2021-04-30 10:10:00,NSE:EBIXFOREX,459.95,460.0,459.95,460.0,9.0
2021-04-30 10:11:00,NSE:EBIXFOREX,459.55,459.55,459.55,459.55,3.0
2021-04-30 10:16:00,NSE:EBIXFOREX,459.9,459.9,459.9,459.9,1.0
2021-04-30 10:18:00,NSE:EBIXFOREX,459.95,459.95,459.95,459.95,1.0
2021-04-30 10:20:00,NSE:EBIXFOREX,458.75,458.75,458.75,458.75,9.0
2021-04-30 10:21:00,NSE:EBIXFOREX,455.45,455.45,455.45,455.45,100.0
2021-04-30 10:22:00,NSE:EBIXFOREX,459.95,459.95,459.95,459.95,1.0
2021-04-30 10:29:00,NSE:EBIXFOREX,458.55,458.55,458.55,458.55,1.0
2021-04-30 10:30:00,NSE:EBIXFOREX,460.0,460.0,460.0,460.0,81.0
2021-04-30 10:32:00,NSE:EBIXFOREX,458.1,458.1,458.1,458.1,109.0
2021-04-30 10:33:00,NSE:EBIXFOREX,460.0,470.0,450.5,450.5,682.0
2021-04-30 10:35:00,NSE:EBIXFOREX,459.95,459.95,459.95,459.95,1.0
2021-04-30 10:40:00,NSE:EBIXFOREX,458.0,458.0,458.0,458.0,7.0
2021-04-30 10:44:00,NSE:EBIXFOREX,455.8,455.8,455.45,455.45,45.0
2021-04-30 10:49:00,NSE:EBIXFOREX,448.0,448.0,448.0,448.0,64.0
2021-04-30 10:50:00,NSE:EBIXFOREX,450.0,458.95,450.0,458.95,7.0
2021-04-30 10:52:00,NSE:EBIXFOREX,448.85,458.6,448.85,458.6,101.0
2021-04-30 10:54:00,NSE:EBIXFOREX,459.0,459.0,459.0,459.0,100.0
2021-04-30 10:55:00,NSE:EBIXFOREX,450.5,450.5,450.5,450.5,6.0
2021-04-30 10:58:00,NSE:EBIXFOREX,458.1,458.1,458.1,458.1,1.0
2021-04-30 11:01:00,NSE:EBIXFOREX,455.45,455.45,455.45,455.45,21.0
2021-04-30 11:02:00,NSE:EBIXFOREX,453.8,453.8,453.8,453.8,5.0
2021-04-30 11:21:00,NSE:EBIXFOREX,457.5,457.5,457.5,457.5,2.0
2021-04-30 11:22:00,NSE:EBIXFOREX,455.0,456.15,454.65,456.15,16.0
2021-04-30 11:24:00,NSE:EBIXFOREX,456.05,456.05,456.05,456.05,1.0
2021-04-30 11:25:00,NSE:EBIXFOREX,456.35,456.35,456.35,456.35,10.0
2021-04-30 11:26:00,NSE:EBIXFOREX,455.5,457.0,455.5,457.0,7.0
2021-04-30 11:27:00,NSE:EBIXFOREX,456.05,456.05,456.05,456.05,2.0
2021-04-30 11:29:00,NSE:EBIXFOREX,453.0,453.0,453.0,453.0,5.0
2021-04-30 11:32:00,NSE:EBIXFOREX,455.95,455.95,455.95,455.95,1.0
2021-04-30 11:36:00,NSE:EBIXFOREX,455.0,455.0,455.0,455.0,10.0
2021-04-30 11:41:00,NSE:EBIXFOREX,454.95,454.95,454.95,454.95,1.0
2021-04-30 12:54:00,NSE:EBIXFOREX,454.95,454.95,454.95,454.95,10.0
2021-04-30 13:13:00,NSE:EBIXFOREX,453.0,453.0,453.0,453.0,11.0
2021-04-30 13:14:00,NSE:EBIXFOREX,452.0,452.0,452.0,452.0,34.0
2021-04-30 13:43:00,NSE:EBIXFOREX,450.0,450.0,450.0,450.0,50.0
2021-04-30 13:45:00,NSE:EBIXFOREX,450.0,450.0,450.0,450.0,32.0
2021-04-30 13:46:00,NSE:EBIXFOREX,450.0,450.0,450.0,450.0,9.0
2021-04-30 14:03:00,NSE:EBIXFOREX,449.3,449.3,449.0,449.0,37.0
2021-04-30 14:08:00,NSE:EBIXFOREX,449.3,449.3,449.3,449.3,25.0
2021-04-30 14:12:00,NSE:EBIXFOREX,449.3,449.3,449.3,449.3,3.0
2021-04-30 14:25:00,NSE:EBIXFOREX,446.5,446.5,445.0,445.0,7.0
2021-04-30 14:26:00,NSE:EBIXFOREX,442.5,444.3,442.5,444.3,206.0
2021-04-30 14:27:00,NSE:EBIXFOREX,444.05,445.05,444.05,445.05,116.0
2021-04-30 14:32:00,NSE:EBIXFOREX,447.0,447.8,447.0,447.8,21.0
2021-04-30 14:33:00,NSE:EBIXFOREX,445.0,445.0,445.0,445.0,2.0
2021-04-30 14:35:00,NSE:EBIXFOREX,445.0,445.0,445.0,445.0,15.0
2021-04-30 14:38:00,NSE:EBIXFOREX,447.0,449.05,447.0,449.05,9.0
2021-04-30 14:39:00,NSE:EBIXFOREX,449.95,450.0,449.95,450.0,291.0
2021-04-30 14:40:00,NSE:EBIXFOREX,449.95,449.95,449.95,449.95,1.0
2021-04-30 15:01:00,NSE:EBIXFOREX,451.5,451.5,451.5,451.5,1.0
2021-04-30 15:27:00,NSE:EBIXFOREX,449.1,449.1,448.3,448.3,101.0
2021-04-30 15:28:00,NSE:EBIXFOREX,451.45,451.45,451.0,451.0,2.0
2021-04-30 15:29:00,NSE:EBIXFOREX,449.0,451.5,449.0,451.5,19.0
2021-05-03 09:33:00,NSE:EBIXFOREX,453.85,453.85,453.8,453.85,2.0
2021-05-03 09:36:00,NSE:EBIXFOREX,452.75,452.75,452.75,452.75,1.0
2021-05-03 09:39:00,NSE:EBIXFOREX,452.0,452.0,452.0,452.0,2.0
2021-05-03 10:27:00,NSE:EBIXFOREX,452.15,452.15,452.15,452.15,10.0
2021-05-03 11:02:00,NSE:EBIXFOREX,455.0,455.0,455.0,455.0,250.0
2021-05-03 11:05:00,NSE:EBIXFOREX,452.55,452.95,452.55,452.95,6.0
2021-05-03 11:06:00,NSE:EBIXFOREX,450.55,450.55,450.55,450.55,18.0
2021-05-03 11:15:00,NSE:EBIXFOREX,452.0,452.0,452.0,452.0,3.0
2021-05-03 11:19:00,NSE:EBIXFOREX,452.0,452.0,452.0,452.0,10.0
2021-05-03 11:22:00,NSE:EBIXFOREX,452.0,452.0,452.0,452.0,6.0
2021-05-03 12:22:00,NSE:EBIXFOREX,452.0,452.0,452.0,452.0,50.0
2021-05-03 12:29:00,NSE:EBIXFOREX,452.0,452.0,452.0,452.0,5.0
2021-05-03 12:33:00,NSE:EBIXFOREX,452.0,452.0,452.0,452.0,1.0
2021-05-03 12:37:00,NSE:EBIXFOREX,452.0,452.0,452.0,452.0,1.0
2021-05-03 13:06:00,NSE:EBIXFOREX,452.0,452.0,452.0,452.0,22.0
2021-05-03 13:26:00,NSE:EBIXFOREX,452.5,452.5,452.5,452.5,5.0
2021-05-03 13:46:00,NSE:EBIXFOREX,453.0,453.0,453.0,453.0,6.0
2021-05-03 14:30:00,NSE:EBIXFOREX,453.0,453.0,453.0,453.0,5.0
2021-05-03 14:34:00,NSE:EBIXFOREX,453.0,453.0,453.0,453.0,10.0
2021-05-03 14:37:00,NSE:EBIXFOREX,453.0,453.0,453.0,453.0,25.0
2021-05-03 15:05:00,NSE:EBIXFOREX,450.15,450.15,450.15,450.15,37.0
2021-05-03 15:09:00,NSE:EBIXFOREX,454.0,454.0,454.0,454.0,65.0
2021-05-03 15:20:00,NSE:EBIXFOREX,451.05,451.05,451.05,451.05,8.0
2021-05-03 15:25:00,NSE:EBIXFOREX,453.95,453.95,453.95,453.95,1.0
2021-05-03 15:27:00,NSE:EBIXFOREX,454.0,454.0,454.0,454.0,27.0
2021-05-03 15:28:00,NSE:EBIXFOREX,454.0,454.0,454.0,454.0,1.0
2021-05-04 09:07:00,NSE:EBIXFOREX,459.0,459.0,459.0,459.0,49.0
2021-05-04 09:20:00,NSE:EBIXFOREX,458.95,458.95,458.45,458.95,65.0
2021-05-04 09:31:00,NSE:EBIXFOREX,455.0,455.0,455.0,455.0,6.0
2021-05-04 09:40:00,NSE:EBIXFOREX,455.0,455.0,455.0,455.0,9.0
2021-05-04 09:50:00,NSE:EBIXFOREX,458.95,458.95,458.95,458.95,2.0
2021-05-04 10:16:00,NSE:EBIXFOREX,458.9,459.0,458.9,459.0,30.0
2021-05-04 10:17:00,NSE:EBIXFOREX,459.15,460.0,459.15,460.0,14.0
2021-05-04 10:18:00,NSE:EBIXFOREX,460.0,460.0,460.0,460.0,14.0
2021-05-04 10:19:00,NSE:EBIXFOREX,460.0,461.0,460.0,461.0,23.0
2021-05-04 10:21:00,NSE:EBIXFOREX,462.0,465.55,462.0,465.55,30.0
2021-05-04 10:22:00,NSE:EBIXFOREX,464.0,464.0,464.0,464.0,12.0
2021-05-04 10:25:00,NSE:EBIXFOREX,464.0,465.0,464.0,465.0,9.0
2021-05-04 10:26:00,NSE:EBIXFOREX,464.65,465.0,464.0,465.0,32.0
2021-05-04 10:27:00,NSE:EBIXFOREX,470.0,470.0,470.0,470.0,107.0
2021-05-04 10:29:00,NSE:EBIXFOREX,465.65,469.95,465.65,469.95,46.0
2021-05-04 10:30:00,NSE:EBIXFOREX,469.95,469.95,469.95,469.95,50.0
2021-05-04 10:34:00,NSE:EBIXFOREX,469.8,469.9,469.8,469.9,2.0
2021-05-04 10:35:00,NSE:EBIXFOREX,470.0,470.0,470.0,470.0,1.0
2021-05-04 10:36:00,NSE:EBIXFOREX,470.0,470.0,470.0,470.0,1.0
2021-05-04 10:37:00,NSE:EBIXFOREX,469.8,469.8,469.8,469.8,1.0
2021-05-04 10:49:00,NSE:EBIXFOREX,469.5,469.5,469.5,469.5,1.0
2021-05-04 10:52:00,NSE:EBIXFOREX,469.65,469.65,469.65,469.65,1.0
2021-05-04 10:55:00,NSE:EBIXFOREX,469.0,469.0,469.0,469.0,1.0
2021-05-04 10:58:00,NSE:EBIXFOREX,469.0,469.0,469.0,469.0,1.0
2021-05-04 11:00:00,NSE:EBIXFOREX,468.6,468.6,468.1,468.1,6.0
2021-05-04 11:02:00,NSE:EBIXFOREX,469.0,469.0,469.0,469.0,1.0
2021-05-04 11:03:00,NSE:EBIXFOREX,467.75,467.75,467.75,467.75,2.0
2021-05-04 11:04:00,NSE:EBIXFOREX,468.7,468.7,468.7,468.7,1.0
2021-05-04 11:05:00,NSE:EBIXFOREX,468.7,468.7,468.7,468.7,1.0
2021-05-04 11:07:00,NSE:EBIXFOREX,468.7,468.7,468.7,468.7,9.0
2021-05-04 11:17:00,NSE:EBIXFOREX,468.0,468.0,468.0,468.0,1.0
2021-05-04 11:18:00,NSE:EBIXFOREX,469.0,469.0,469.0,469.0,1.0
2021-05-04 11:20:00,NSE:EBIXFOREX,468.75,468.75,468.75,468.75,104.0
2021-05-04 11:21:00,NSE:EBIXFOREX,469.0,469.0,469.0,469.0,1.0
2021-05-04 11:25:00,NSE:EBIXFOREX,469.0,469.0,469.0,469.0,100.0
2021-05-04 11:40:00,NSE:EBIXFOREX,468.8,468.8,468.8,468.8,2.0
2021-05-04 11:46:00,NSE:EBIXFOREX,469.7,470.0,469.7,470.0,580.0
2021-05-04 11:52:00,NSE:EBIXFOREX,469.5,469.5,469.5,469.5,1.0
2021-05-04 11:56:00,NSE:EBIXFOREX,469.5,469.5,469.5,469.5,20.0
2021-05-04 11:58:00,NSE:EBIXFOREX,469.5,469.5,469.5,469.5,6.0
2021-05-04 12:08:00,NSE:EBIXFOREX,469.9,469.9,469.9,469.9,25.0
2021-05-04 12:10:00,NSE:EBIXFOREX,469.9,469.9,469.9,469.9,54.0
2021-05-04 12:12:00,NSE:EBIXFOREX,469.5,469.5,469.5,469.5,24.0
2021-05-04 12:19:00,NSE:EBIXFOREX,470.0,470.0,470.0,470.0,500.0
2021-05-04 12:21:00,NSE:EBIXFOREX,471.95,473.35,471.95,473.35,2.0
2021-05-04 12:27:00,NSE:EBIXFOREX,472.95,472.95,472.95,472.95,50.0
2021-05-04 12:29:00,NSE:EBIXFOREX,473.0,473.0,473.0,473.0,100.0
2021-05-04 12:32:00,NSE:EBIXFOREX,472.95,472.95,472.95,472.95,10.0
2021-05-04 12:33:00,NSE:EBIXFOREX,473.0,473.0,473.0,473.0,20.0
2021-05-04 12:35:00,NSE:EBIXFOREX,472.95,472.95,472.95,472.95,20.0
2021-05-04 12:38:00,NSE:EBIXFOREX,471.0,471.0,471.0,471.0,4.0
2021-05-04 12:40:00,NSE:EBIXFOREX,470.0,470.0,470.0,470.0,20.0
2021-05-04 12:41:00,NSE:EBIXFOREX,470.0,470.0,470.0,470.0,125.0
2021-05-04 12:42:00,NSE:EBIXFOREX,468.0,468.0,468.0,468.0,40.0
2021-05-04 12:47:00,NSE:EBIXFOREX,469.9,469.9,468.15,468.15,26.0
2021-05-04 12:50:00,NSE:EBIXFOREX,468.3,468.3,468.3,468.3,1.0
2021-05-04 12:51:00,NSE:EBIXFOREX,468.5,468.5,468.3,468.3,23.0
2021-05-04 12:52:00,NSE:EBIXFOREX,467.0,467.0,467.0,467.0,41.0
2021-05-04 12:54:00,NSE:EBIXFOREX,467.5,467.5,467.5,467.5,48.0
2021-05-04 12:55:00,NSE:EBIXFOREX,465.65,465.65,465.65,465.65,48.0
2021-05-04 12:56:00,NSE:EBIXFOREX,465.0,465.3,465.0,465.3,17.0
2021-05-04 12:58:00,NSE:EBIXFOREX,465.05,465.05,465.05,465.05,1.0
2021-05-04 13:09:00,NSE:EBIXFOREX,467.0,467.0,467.0,467.0,40.0
2021-05-04 13:10:00,NSE:EBIXFOREX,465.85,465.85,465.85,465.85,1.0
2021-05-04 13:18:00,NSE:EBIXFOREX,465.0,465.0,464.75,464.75,38.0
2021-05-04 13:19:00,NSE:EBIXFOREX,463.0,463.0,463.0,463.0,131.0
2021-05-04 13:33:00,NSE:EBIXFOREX,468.65,468.65,468.65,468.65,25.0
2021-05-04 13:37:00,NSE:EBIXFOREX,466.0,466.0,466.0,466.0,8.0
2021-05-04 13:49:00,NSE:EBIXFOREX,468.5,468.5,468.5,468.5,25.0
2021-05-04 13:54:00,NSE:EBIXFOREX,466.0,466.0,466.0,466.0,5.0
2021-05-04 14:20:00,NSE:EBIXFOREX,466.05,466.05,466.0,466.0,5.0
2021-05-04 14:28:00,NSE:EBIXFOREX,468.7,468.7,468.7,468.7,2.0
2021-05-04 14:32:00,NSE:EBIXFOREX,467.5,467.5,467.5,467.5,27.0
2021-05-04 14:35:00,NSE:EBIXFOREX,466.05,468.5,466.05,468.5,4.0
2021-05-04 14:36:00,NSE:EBIXFOREX,466.05,466.05,466.05,466.05,1.0
2021-05-04 14:42:00,NSE:EBIXFOREX,466.0,466.0,466.0,466.0,27.0
2021-05-04 14:46:00,NSE:EBIXFOREX,466.0,466.0,466.0,466.0,75.0
2021-05-04 14:50:00,NSE:EBIXFOREX,466.0,466.0,466.0,466.0,100.0
2021-05-04 14:51:00,NSE:EBIXFOREX,466.0,466.0,466.0,466.0,4.0
2021-05-04 14:55:00,NSE:EBIXFOREX,466.0,466.0,466.0,466.0,40.0
2021-05-04 14:58:00,NSE:EBIXFOREX,465.05,465.05,465.05,465.05,2.0
2021-05-04 15:06:00,NSE:EBIXFOREX,470.0,470.0,465.0,465.0,260.0
2021-05-04 15:22:00,NSE:EBIXFOREX,469.75,469.75,469.75,469.75,25.0
2021-05-04 15:25:00,NSE:EBIXFOREX,465.05,465.05,465.05,465.05,568.0
2021-05-04 15:26:00,NSE:EBIXFOREX,465.05,469.6,463.15,469.6,214.0
2021-05-04 15:28:00,NSE:EBIXFOREX,464.0,464.0,464.0,464.0,23.0
2021-05-05 09:07:00,NSE:EBIXFOREX,465.15,465.15,465.15,465.15,10.0
2021-05-05 09:16:00,NSE:EBIXFOREX,471.45,472.0,471.45,472.0,3.0
2021-05-05 09:18:00,NSE:EBIXFOREX,472.0,472.0,472.0,472.0,25.0
2021-05-05 09:20:00,NSE:EBIXFOREX,472.0,472.0,472.0,472.0,51.0
2021-05-05 09:21:00,NSE:EBIXFOREX,472.0,472.0,472.0,472.0,110.0
2021-05-05 09:22:00,NSE:EBIXFOREX,472.0,472.0,472.0,472.0,1.0
2021-05-05 09:23:00,NSE:EBIXFOREX,472.0,472.0,472.0,472.0,1.0
2021-05-05 09:24:00,NSE:EBIXFOREX,472.0,472.0,472.0,472.0,2.0
2021-05-05 09:26:00,NSE:EBIXFOREX,471.8,471.8,471.8,471.8,4.0
2021-05-05 09:27:00,NSE:EBIXFOREX,471.8,472.0,471.8,472.0,52.0
2021-05-05 09:28:00,NSE:EBIXFOREX,472.0,472.0,472.0,472.0,240.0
2021-05-05 09:29:00,NSE:EBIXFOREX,472.0,472.0,472.0,472.0,25.0
2021-05-05 09:38:00,NSE:EBIXFOREX,471.8,471.8,471.8,471.8,4.0
2021-05-05 09:40:00,NSE:EBIXFOREX,471.8,471.8,471.8,471.8,2.0
2021-05-05 09:41:00,NSE:EBIXFOREX,471.8,472.0,471.8,472.0,41.0
2021-05-05 09:53:00,NSE:EBIXFOREX,472.0,472.0,472.0,472.0,5.0
2021-05-05 10:04:00,NSE:EBIXFOREX,471.5,471.5,471.5,471.5,1.0
2021-05-05 10:17:00,NSE:EBIXFOREX,471.1,471.1,471.1,471.1,1.0
2021-05-05 10:20:00,NSE:EBIXFOREX,470.05,470.05,470.05,470.05,15.0
2021-05-05 10:23:00,NSE:EBIXFOREX,469.5,469.5,469.5,469.5,20.0
2021-05-05 10:27:00,NSE:EBIXFOREX,469.95,469.95,469.95,469.95,1.0
2021-05-05 10:36:00,NSE:EBIXFOREX,467.35,467.35,467.35,467.35,10.0
2021-05-05 10:49:00,NSE:EBIXFOREX,469.95,469.95,469.95,469.95,1.0
2021-05-05 10:50:00,NSE:EBIXFOREX,469.95,470.0,469.95,470.0,3.0
2021-05-05 10:51:00,NSE:EBIXFOREX,467.55,469.95,467.55,469.95,11.0
2021-05-05 11:08:00,NSE:EBIXFOREX,469.95,469.95,469.95,469.95,3.0
2021-05-05 11:10:00,NSE:EBIXFOREX,470.0,470.0,470.0,470.0,30.0
2021-05-05 11:12:00,NSE:EBIXFOREX,467.5,467.5,467.5,467.5,25.0
2021-05-05 11:13:00,NSE:EBIXFOREX,470.0,470.0,470.0,470.0,25.0
2021-05-05 11:18:00,NSE:EBIXFOREX,467.55,467.55,467.55,467.55,2.0
2021-05-05 11:28:00,NSE:EBIXFOREX,470.0,470.0,470.0,470.0,100.0
2021-05-05 11:39:00,NSE:EBIXFOREX,470.0,470.0,470.0,470.0,65.0
2021-05-05 11:57:00,NSE:EBIXFOREX,467.85,467.85,467.85,467.85,8.0
2021-05-05 12:01:00,NSE:EBIXFOREX,469.0,469.0,469.0,469.0,3.0
2021-05-05 12:02:00,NSE:EBIXFOREX,467.85,467.85,467.85,467.85,25.0
2021-05-05 12:05:00,NSE:EBIXFOREX,468.0,468.0,468.0,468.0,10.0
2021-05-05 12:06:00,NSE:EBIXFOREX,469.95,469.95,469.95,469.95,1.0
2021-05-05 12:10:00,NSE:EBIXFOREX,470.0,470.0,470.0,470.0,80.0
2021-05-05 12:11:00,NSE:EBIXFOREX,469.95,470.0,469.95,470.0,67.0
2021-05-05 12:26:00,NSE:EBIXFOREX,469.95,469.95,467.5,467.5,45.0
2021-05-05 12:29:00,NSE:EBIXFOREX,469.95,469.95,469.95,469.95,25.0
2021-05-05 12:34:00,NSE:EBIXFOREX,465.0,465.0,463.85,463.85,110.0
2021-05-05 12:38:00,NSE:EBIXFOREX,464.15,464.15,464.15,464.15,5.0
2021-05-05 12:46:00,NSE:EBIXFOREX,463.0,463.0,462.95,463.0,17.0
2021-05-05 12:47:00,NSE:EBIXFOREX,465.6,465.6,465.6,465.6,11.0
2021-05-05 12:48:00,NSE:EBIXFOREX,467.2,467.25,467.2,467.2,68.0
2021-05-05 12:49:00,NSE:EBIXFOREX,466.8,466.8,466.8,466.8,4.0
2021-05-05 12:51:00,NSE:EBIXFOREX,466.55,466.55,466.55,466.55,5.0
2021-05-05 13:00:00,NSE:EBIXFOREX,468.95,470.0,468.95,470.0,70.0
2021-05-05 13:02:00,NSE:EBIXFOREX,469.0,469.0,469.0,469.0,35.0
2021-05-05 13:03:00,NSE:EBIXFOREX,461.0,461.0,461.0,461.0,150.0
2021-05-05 13:34:00,NSE:EBIXFOREX,462.0,462.0,462.0,462.0,250.0
2021-05-05 13:50:00,NSE:EBIXFOREX,465.0,465.0,465.0,465.0,107.0
2021-05-05 13:54:00,NSE:EBIXFOREX,464.1,465.0,464.1,465.0,235.0
2021-05-05 13:55:00,NSE:EBIXFOREX,465.0,465.0,464.1,465.0,162.0
2021-05-05 13:56:00,NSE:EBIXFOREX,465.0,465.0,465.0,465.0,130.0
2021-05-05 13:57:00,NSE:EBIXFOREX,465.0,468.95,465.0,468.95,14.0
2021-05-05 13:58:00,NSE:EBIXFOREX,469.8,469.8,469.8,469.8,1.0
2021-05-05 14:04:00,NSE:EBIXFOREX,469.8,470.0,469.8,470.0,2.0
2021-05-05 14:24:00,NSE:EBIXFOREX,470.0,470.0,470.0,470.0,1.0
2021-05-05 14:26:00,NSE:EBIXFOREX,470.0,470.0,470.0,470.0,100.0
2021-05-05 14:32:00,NSE:EBIXFOREX,470.0,470.0,470.0,470.0,25.0
2021-05-05 14:35:00,NSE:EBIXFOREX,469.8,469.8,469.8,469.8,1.0
2021-05-05 14:40:00,NSE:EBIXFOREX,467.35,467.35,467.35,467.35,2.0
2021-05-05 14:41:00,NSE:EBIXFOREX,469.95,469.95,469.95,469.95,1.0
2021-05-05 14:45:00,NSE:EBIXFOREX,467.0,467.0,467.0,467.0,50.0
2021-05-05 14:46:00,NSE:EBIXFOREX,469.95,469.95,469.95,469.95,1.0
2021-05-05 14:54:00,NSE:EBIXFOREX,469.45,470.0,469.45,470.0,40.0
2021-05-05 15:01:00,NSE:EBIXFOREX,470.0,470.0,470.0,470.0,20.0
2021-05-05 15:05:00,NSE:EBIXFOREX,470.0,470.0,470.0,470.0,10.0
2021-05-05 15:26:00,NSE:EBIXFOREX,467.1,470.0,467.1,470.0,6.0
2021-05-05 15:27:00,NSE:EBIXFOREX,467.0,467.0,467.0,467.0,40.0
2021-05-05 15:29:00,NSE:EBIXFOREX,470.0,470.0,468.0,470.0,6.0
2021-05-06 09:08:00,NSE:EBIXFOREX,473.0,473.0,473.0,473.0,30.0
2021-05-06 09:15:00,NSE:EBIXFOREX,475.0,475.0,475.0,475.0,42.0
2021-05-06 09:17:00,NSE:EBIXFOREX,475.0,475.0,475.0,475.0,10.0
2021-05-06 09:19:00,NSE:EBIXFOREX,475.0,475.0,471.35,471.35,35.0
2021-05-06 09:20:00,NSE:EBIXFOREX,474.95,474.95,474.95,474.95,1.0
2021-05-06 09:23:00,NSE:EBIXFOREX,474.95,474.95,474.95,474.95,50.0
2021-05-06 09:27:00,NSE:EBIXFOREX,475.0,475.0,471.35,471.35,19.0
2021-05-06 09:28:00,NSE:EBIXFOREX,474.95,474.95,474.95,474.95,3.0
2021-05-06 09:31:00,NSE:EBIXFOREX,474.95,474.95,474.95,474.95,10.0
2021-05-06 09:34:00,NSE:EBIXFOREX,473.95,473.95,473.95,473.95,1.0
2021-05-06 09:51:00,NSE:EBIXFOREX,474.0,474.0,474.0,474.0,1.0
2021-05-06 09:55:00,NSE:EBIXFOREX,473.95,473.95,473.95,473.95,5.0
2021-05-06 09:56:00,NSE:EBIXFOREX,473.8,473.8,473.8,473.8,2.0
2021-05-06 10:12:00,NSE:EBIXFOREX,467.0,467.0,467.0,467.0,127.0
2021-05-06 10:13:00,NSE:EBIXFOREX,469.95,469.95,469.95,469.95,30.0
2021-05-06 10:14:00,NSE:EBIXFOREX,469.95,469.95,469.95,469.95,18.0
2021-05-06 10:18:00,NSE:EBIXFOREX,466.0,467.05,466.0,467.05,65.0
2021-05-06 10:19:00,NSE:EBIXFOREX,467.95,467.95,467.95,467.95,2.0
2021-05-06 10:20:00,NSE:EBIXFOREX,469.9,469.9,467.6,467.6,9.0
2021-05-06 10:21:00,NSE:EBIXFOREX,466.0,466.0,466.0,466.0,35.0
2021-05-06 10:25:00,NSE:EBIXFOREX,469.9,469.9,469.9,469.9,1.0
2021-05-06 10:28:00,NSE:EBIXFOREX,468.0,468.0,468.0,468.0,12.0
2021-05-06 10:31:00,NSE:EBIXFOREX,469.9,469.9,469.9,469.9,1.0
2021-05-06 10:36:00,NSE:EBIXFOREX,469.9,469.9,467.05,467.05,2.0
2021-05-06 10:45:00,NSE:EBIXFOREX,469.8,469.8,469.1,469.1,2.0
2021-05-06 10:52:00,NSE:EBIXFOREX,469.4,469.4,469.4,469.4,25.0
2021-05-06 10:59:00,NSE:EBIXFOREX,469.8,469.8,469.8,469.8,1.0
2021-05-06 11:00:00,NSE:EBIXFOREX,469.8,469.8,469.8,469.8,2.0
2021-05-06 11:06:00,NSE:EBIXFOREX,467.15,467.15,467.15,467.15,20.0
2021-05-06 11:08:00,NSE:EBIXFOREX,469.95,469.95,469.95,469.95,1.0
2021-05-06 11:14:00,NSE:EBIXFOREX,468.1,468.1,467.15,467.15,10.0
2021-05-06 11:15:00,NSE:EBIXFOREX,469.85,469.85,469.85,469.85,2.0
2021-05-06 11:40:00,NSE:EBIXFOREX,468.25,468.25,468.25,468.25,2.0
2021-05-06 12:06:00,NSE:EBIXFOREX,469.75,469.75,469.75,469.75,10.0
2021-05-06 12:07:00,NSE:EBIXFOREX,466.6,466.6,466.6,466.6,245.0
2021-05-06 12:08:00,NSE:EBIXFOREX,469.7,469.7,466.0,469.6,196.0
2021-05-06 12:11:00,NSE:EBIXFOREX,466.0,466.0,466.0,466.0,50.0
2021-05-06 12:12:00,NSE:EBIXFOREX,468.55,468.55,468.55,468.55,25.0
2021-05-06 12:13:00,NSE:EBIXFOREX,462.1,462.1,462.1,462.1,3.0
2021-05-06 12:24:00,NSE:EBIXFOREX,463.0,463.0,463.0,463.0,10.0
2021-05-06 12:34:00,NSE:EBIXFOREX,464.95,464.95,464.95,464.95,7.0
2021-05-06 12:39:00,NSE:EBIXFOREX,465.0,465.0,465.0,465.0,15.0
2021-05-06 12:59:00,NSE:EBIXFOREX,465.0,465.0,463.05,463.05,6.0
2021-05-06 13:00:00,NSE:EBIXFOREX,466.0,466.0,466.0,466.0,50.0
2021-05-06 13:02:00,NSE:EBIXFOREX,463.05,463.05,463.05,463.05,40.0
2021-05-06 13:05:00,NSE:EBIXFOREX,465.2,465.2,465.2,465.2,5.0
2021-05-06 13:09:00,NSE:EBIXFOREX,465.0,465.0,465.0,465.0,25.0
2021-05-06 13:10:00,NSE:EBIXFOREX,462.55,462.55,462.55,462.55,1.0
2021-05-06 13:11:00,NSE:EBIXFOREX,462.5,462.5,462.5,462.5,100.0
2021-05-06 13:12:00,NSE:EBIXFOREX,464.05,464.05,462.55,462.55,11.0
2021-05-06 13:14:00,NSE:EBIXFOREX,462.55,462.55,462.55,462.55,50.0
2021-05-06 13:16:00,NSE:EBIXFOREX,464.65,464.65,464.65,464.65,6.0
2021-05-06 13:38:00,NSE:EBIXFOREX,465.0,465.0,465.0,465.0,40.0
2021-05-06 13:45:00,NSE:EBIXFOREX,462.55,462.55,462.55,462.55,1.0
2021-05-06 13:46:00,NSE:EBIXFOREX,464.0,464.0,464.0,464.0,3.0
2021-05-06 13:59:00,NSE:EBIXFOREX,465.0,465.0,465.0,465.0,21.0
2021-05-06 14:12:00,NSE:EBIXFOREX,462.55,462.55,462.55,462.55,3.0
2021-05-06 14:17:00,NSE:EBIXFOREX,465.3,465.3,465.3,465.3,20.0
2021-05-06 14:19:00,NSE:EBIXFOREX,465.0,465.0,465.0,465.0,50.0
2021-05-06 14:29:00,NSE:EBIXFOREX,465.0,465.0,465.0,465.0,50.0
2021-05-06 14:36:00,NSE:EBIXFOREX,463.1,463.1,463.1,463.1,1.0
2021-05-06 14:41:00,NSE:EBIXFOREX,465.0,465.0,465.0,465.0,200.0
2021-05-06 14:42:00,NSE:EBIXFOREX,463.1,463.1,463.1,463.1,1.0
2021-05-06 14:44:00,NSE:EBIXFOREX,464.25,464.25,462.55,462.55,3.0
2021-05-06 14:55:00,NSE:EBIXFOREX,462.5,462.5,462.0,462.0,421.0
2021-05-06 14:56:00,NSE:EBIXFOREX,465.0,465.0,465.0,465.0,20.0
2021-05-06 14:59:00,NSE:EBIXFOREX,462.75,462.75,462.75,462.75,16.0
2021-05-06 15:00:00,NSE:EBIXFOREX,464.15,464.15,462.75,463.95,64.0
2021-05-06 15:01:00,NSE:EBIXFOREX,463.0,463.0,463.0,463.0,22.0
2021-05-06 15:02:00,NSE:EBIXFOREX,469.7,469.7,468.2,468.2,2.0
2021-05-06 15:05:00,NSE:EBIXFOREX,469.65,469.65,469.65,469.65,1.0
2021-05-06 15:10:00,NSE:EBIXFOREX,469.6,469.6,469.6,469.6,1.0
2021-05-06 15:20:00,NSE:EBIXFOREX,468.1,468.1,468.0,468.0,37.0
2021-05-06 15:21:00,NSE:EBIXFOREX,468.0,468.0,468.0,468.0,1.0
2021-05-06 15:22:00,NSE:EBIXFOREX,468.0,468.0,468.0,468.0,5.0
2021-05-06 15:24:00,NSE:EBIXFOREX,467.95,470.0,467.95,469.0,91.0
2021-05-06 15:25:00,NSE:EBIXFOREX,470.0,470.0,470.0,470.0,20.0
2021-05-06 15:26:00,NSE:EBIXFOREX,470.0,470.0,470.0,470.0,10.0
2021-05-06 15:28:00,NSE:EBIXFOREX,469.75,469.75,469.6,469.6,17.0
2021-05-06 15:29:00,NSE:EBIXFOREX,469.5,469.5,469.5,469.5,10.0
2021-05-07 09:07:00,NSE:EBIXFOREX,476.0,476.0,476.0,476.0,1.0
2021-05-07 09:15:00,NSE:EBIXFOREX,478.0,478.0,478.0,478.0,1.0
2021-05-07 09:19:00,NSE:EBIXFOREX,478.0,480.0,478.0,480.0,56.0
2021-05-07 09:20:00,NSE:EBIXFOREX,478.6,480.0,478.6,480.0,170.0
2021-05-07 09:21:00,NSE:EBIXFOREX,480.0,480.0,480.0,480.0,100.0
2021-05-07 09:22:00,NSE:EBIXFOREX,477.45,480.0,476.2,476.2,65.0
2021-05-07 09:23:00,NSE:EBIXFOREX,479.95,479.95,479.95,479.95,1.0
2021-05-07 09:24:00,NSE:EBIXFOREX,479.95,479.95,479.95,479.95,17.0
2021-05-07 09:26:00,NSE:EBIXFOREX,479.95,479.95,479.95,479.95,54.0
2021-05-07 09:28:00,NSE:EBIXFOREX,480.05,480.05,480.0,480.0,508.0
2021-05-07 09:29:00,NSE:EBIXFOREX,477.0,477.0,477.0,477.0,22.0
2021-05-07 09:32:00,NSE:EBIXFOREX,480.0,480.0,480.0,480.0,200.0
2021-05-07 09:33:00,NSE:EBIXFOREX,477.0,479.0,477.0,479.0,17.0
2021-05-07 09:34:00,NSE:EBIXFOREX,479.0,479.0,479.0,479.0,15.0
2021-05-07 09:37:00,NSE:EBIXFOREX,477.0,477.0,471.25,471.25,89.0
2021-05-07 09:40:00,NSE:EBIXFOREX,471.25,471.25,471.25,471.25,15.0
2021-05-07 09:42:00,NSE:EBIXFOREX,471.25,471.25,471.25,471.25,4.0
2021-05-07 09:45:00,NSE:EBIXFOREX,472.0,472.0,472.0,472.0,126.0
2021-05-07 10:10:00,NSE:EBIXFOREX,472.0,472.0,472.0,472.0,421.0
2021-05-07 10:12:00,NSE:EBIXFOREX,472.0,472.0,472.0,472.0,100.0
2021-05-07 10:13:00,NSE:EBIXFOREX,475.0,475.0,475.0,475.0,20.0
2021-05-07 10:15:00,NSE:EBIXFOREX,472.0,472.0,472.0,472.0,5.0
2021-05-07 10:17:00,NSE:EBIXFOREX,474.95,474.95,474.95,474.95,1.0
2021-05-07 10:21:00,NSE:EBIXFOREX,475.0,475.0,475.0,475.0,20.0
2021-05-07 10:24:00,NSE:EBIXFOREX,472.0,472.0,472.0,472.0,21.0
2021-05-07 10:38:00,NSE:EBIXFOREX,472.05,472.05,472.05,472.05,19.0
2021-05-07 10:43:00,NSE:EBIXFOREX,472.0,472.0,472.0,472.0,39.0
2021-05-07 10:44:00,NSE:EBIXFOREX,472.2,472.2,472.2,472.2,1.0
2021-05-07 10:45:00,NSE:EBIXFOREX,472.0,472.0,471.3,471.4,112.0
2021-05-07 10:47:00,NSE:EBIXFOREX,471.4,471.4,471.4,471.4,1.0
2021-05-07 10:56:00,NSE:EBIXFOREX,471.95,471.95,471.95,471.95,1.0
2021-05-07 11:00:00,NSE:EBIXFOREX,471.45,471.45,471.45,471.45,1.0
2021-05-07 11:01:00,NSE:EBIXFOREX,471.4,471.4,470.0,470.0,9.0
2021-05-07 11:02:00,NSE:EBIXFOREX,471.4,471.4,471.4,471.4,17.0
2021-05-07 11:04:00,NSE:EBIXFOREX,472.0,472.0,472.0,472.0,10.0
2021-05-07 11:08:00,NSE:EBIXFOREX,472.0,472.0,472.0,472.0,2.0
2021-05-07 11:15:00,NSE:EBIXFOREX,470.0,470.0,470.0,470.0,160.0
2021-05-07 11:16:00,NSE:EBIXFOREX,470.0,470.0,470.0,470.0,110.0
2021-05-07 11:17:00,NSE:EBIXFOREX,470.0,470.0,470.0,470.0,191.0
2021-05-07 11:18:00,NSE:EBIXFOREX,470.7,471.6,470.0,471.6,162.0
2021-05-07 11:19:00,NSE:EBIXFOREX,470.65,471.6,470.0,470.0,236.0
2021-05-07 11:20:00,NSE:EBIXFOREX,470.0,470.0,468.15,468.15,170.0
2021-05-07 11:21:00,NSE:EBIXFOREX,468.15,468.15,468.15,468.15,250.0
2021-05-07 11:29:00,NSE:EBIXFOREX,468.7,468.7,468.7,468.7,51.0
2021-05-07 11:50:00,NSE:EBIXFOREX,472.7,472.7,472.7,472.7,5.0
2021-05-07 11:52:00,NSE:EBIXFOREX,470.5,470.5,470.5,470.5,1.0
2021-05-07 11:57:00,NSE:EBIXFOREX,471.9,471.9,471.9,471.9,1.0
2021-05-07 12:10:00,NSE:EBIXFOREX,471.9,471.9,471.9,471.9,9.0
2021-05-07 12:12:00,NSE:EBIXFOREX,471.0,471.0,471.0,471.0,5.0
2021-05-07 12:14:00,NSE:EBIXFOREX,471.0,471.0,471.0,471.0,45.0
2021-05-07 12:19:00,NSE:EBIXFOREX,471.15,471.15,471.15,471.15,4.0
2021-05-07 12:21:00,NSE:EBIXFOREX,471.15,471.15,471.15,471.15,17.0
2021-05-07 12:26:00,NSE:EBIXFOREX,472.7,472.7,472.7,472.7,5.0
2021-05-07 12:33:00,NSE:EBIXFOREX,470.0,470.0,470.0,470.0,10.0
2021-05-07 12:35:00,NSE:EBIXFOREX,470.0,470.0,470.0,470.0,100.0
2021-05-07 12:36:00,NSE:EBIXFOREX,474.1,474.1,474.1,474.1,1.0
2021-05-07 13:01:00,NSE:EBIXFOREX,470.0,470.0,470.0,470.0,40.0
2021-05-07 13:05:00,NSE:EBIXFOREX,470.0,470.0,470.0,470.0,50.0
2021-05-07 13:36:00,NSE:EBIXFOREX,473.45,473.45,473.45,473.45,5.0
2021-05-07 13:41:00,NSE:EBIXFOREX,470.05,470.05,470.05,470.05,1.0
2021-05-07 14:06:00,NSE:EBIXFOREX,472.0,472.0,472.0,472.0,50.0
2021-05-07 14:23:00,NSE:EBIXFOREX,473.35,473.35,473.35,473.35,1.0
2021-05-07 14:31:00,NSE:EBIXFOREX,473.35,473.35,473.35,473.35,2.0
2021-05-07 14:32:00,NSE:EBIXFOREX,472.0,472.0,472.0,472.0,125.0
2021-05-07 14:33:00,NSE:EBIXFOREX,472.0,472.0,472.0,472.0,100.0
2021-05-07 14:43:00,NSE:EBIXFOREX,470.05,470.05,470.05,470.05,250.0
2021-05-07 14:44:00,NSE:EBIXFOREX,470.05,470.05,470.05,470.05,15.0
2021-05-07 14:49:00,NSE:EBIXFOREX,469.95,469.95,469.95,469.95,2.0
2021-05-07 14:51:00,NSE:EBIXFOREX,469.6,469.6,469.6,469.6,102.0
2021-05-07 14:52:00,NSE:EBIXFOREX,469.6,469.65,469.5,469.5,6.0
2021-05-07 14:53:00,NSE:EBIXFOREX,474.95,474.95,474.25,474.25,1032.0
2021-05-07 15:00:00,NSE:EBIXFOREX,471.05,471.05,471.05,471.05,8.0
2021-05-07 15:02:00,NSE:EBIXFOREX,471.0,471.0,471.0,471.0,50.0
2021-05-07 15:03:00,NSE:EBIXFOREX,471.0,471.0,471.0,471.0,410.0
2021-05-07 15:04:00,NSE:EBIXFOREX,471.0,471.0,471.0,471.0,81.0
2021-05-07 15:17:00,NSE:EBIXFOREX,471.05,471.05,471.0,471.0,284.0
2021-05-07 15:18:00,NSE:EBIXFOREX,471.0,471.0,471.0,471.0,20.0
2021-05-07 15:21:00,NSE:EBIXFOREX,471.25,471.25,471.25,471.25,20.0
2021-05-07 15:26:00,NSE:EBIXFOREX,472.0,472.0,470.0,470.0,211.0
2021-05-07 15:27:00,NSE:EBIXFOREX,470.0,470.0,470.0,470.0,10.0
2021-05-07 15:28:00,NSE:EBIXFOREX,470.5,470.5,470.5,470.5,4.0
2021-05-07 15:29:00,NSE:EBIXFOREX,472.8,472.8,472.8,472.8,1.0
2021-05-07 15:30:00,NSE:EBIXFOREX,475.0,475.0,475.0,475.0,60.0
2021-05-10 09:15:00,NSE:EBIXFOREX,477.8,479.95,477.8,479.95,13.0
2021-05-10 09:17:00,NSE:EBIXFOREX,478.0,478.0,478.0,478.0,200.0
2021-05-10 09:18:00,NSE:EBIXFOREX,478.0,480.0,478.0,480.0,14.0
2021-05-10 09:20:00,NSE:EBIXFOREX,479.5,479.5,479.5,479.5,26.0
2021-05-10 09:21:00,NSE:EBIXFOREX,479.5,479.5,479.5,479.5,1.0
2021-05-10 09:23:00,NSE:EBIXFOREX,479.5,479.5,479.4,479.4,9.0
2021-05-10 09:31:00,NSE:EBIXFOREX,480.0,480.0,480.0,480.0,42.0
2021-05-10 09:39:00,NSE:EBIXFOREX,480.0,480.0,480.0,480.0,5.0
2021-05-10 09:40:00,NSE:EBIXFOREX,477.45,479.95,477.45,479.95,11.0
2021-05-10 09:41:00,NSE:EBIXFOREX,479.95,479.95,479.95,479.95,1.0
2021-05-10 09:52:00,NSE:EBIXFOREX,478.0,478.0,478.0,478.0,1.0
2021-05-10 10:08:00,NSE:EBIXFOREX,477.1,477.1,477.1,477.1,1.0
2021-05-10 10:10:00,NSE:EBIXFOREX,478.0,478.0,478.0,478.0,2.0
2021-05-10 10:11:00,NSE:EBIXFOREX,474.55,474.55,474.55,474.55,41.0
2021-05-10 10:12:00,NSE:EBIXFOREX,472.0,472.0,472.0,472.0,50.0
2021-05-10 10:13:00,NSE:EBIXFOREX,470.4,470.4,470.0,470.0,52.0
2021-05-10 10:15:00,NSE:EBIXFOREX,470.0,470.0,470.0,470.0,1.0
2021-05-10 10:25:00,NSE:EBIXFOREX,474.95,475.0,474.0,474.0,6.0
2021-05-10 10:26:00,NSE:EBIXFOREX,474.0,474.0,474.0,474.0,1.0
2021-05-10 10:27:00,NSE:EBIXFOREX,475.0,475.0,475.0,475.0,20.0
2021-05-10 10:28:00,NSE:EBIXFOREX,474.0,474.0,474.0,474.0,1.0
2021-05-10 10:30:00,NSE:EBIXFOREX,475.0,475.0,475.0,475.0,2.0
2021-05-10 10:31:00,NSE:EBIXFOREX,475.0,475.0,470.0,470.0,47.0
2021-05-10 10:32:00,NSE:EBIXFOREX,470.05,470.05,470.05,470.05,1.0
2021-05-10 10:33:00,NSE:EBIXFOREX,470.0,470.0,470.0,470.0,46.0
2021-05-10 10:35:00,NSE:EBIXFOREX,474.1,474.1,474.1,474.1,10.0
2021-05-10 10:47:00,NSE:EBIXFOREX,471.25,471.25,471.25,471.25,10.0
2021-05-10 10:50:00,NSE:EBIXFOREX,472.15,472.15,472.15,472.15,1.0
2021-05-10 10:54:00,NSE:EBIXFOREX,472.15,472.15,472.15,472.15,9.0
2021-05-10 10:56:00,NSE:EBIXFOREX,469.7,469.7,469.7,469.7,44.0
2021-05-10 10:57:00,NSE:EBIXFOREX,468.5,468.5,468.5,468.5,52.0
2021-05-10 11:07:00,NSE:EBIXFOREX,469.0,469.0,469.0,469.0,32.0
2021-05-10 11:24:00,NSE:EBIXFOREX,471.0,471.0,471.0,471.0,100.0
2021-05-10 11:27:00,NSE:EBIXFOREX,470.5,470.5,470.5,470.5,30.0
2021-05-10 11:42:00,NSE:EBIXFOREX,470.5,470.5,470.5,470.5,42.0
2021-05-10 11:48:00,NSE:EBIXFOREX,473.35,473.35,473.35,473.35,5.0
2021-05-10 11:50:00,NSE:EBIXFOREX,471.25,471.25,471.25,471.25,5.0
2021-05-10 11:51:00,NSE:EBIXFOREX,471.55,471.55,471.55,471.55,5.0
2021-05-10 11:52:00,NSE:EBIXFOREX,470.5,470.5,470.5,470.5,1.0
2021-05-10 12:25:00,NSE:EBIXFOREX,470.5,470.5,470.5,470.5,50.0
2021-05-10 12:26:00,NSE:EBIXFOREX,470.5,470.5,470.5,470.5,50.0
2021-05-10 12:27:00,NSE:EBIXFOREX,470.5,470.5,469.7,469.7,79.0
2021-05-10 12:28:00,NSE:EBIXFOREX,469.7,469.7,469.7,469.7,22.0
2021-05-10 12:29:00,NSE:EBIXFOREX,469.7,469.7,469.7,469.7,10.0
2021-05-10 12:33:00,NSE:EBIXFOREX,469.0,469.0,469.0,469.0,1.0
2021-05-10 12:41:00,NSE:EBIXFOREX,470.3,470.3,470.3,470.3,2.0
2021-05-10 12:44:00,NSE:EBIXFOREX,468.5,468.5,468.5,468.5,7.0
2021-05-10 12:45:00,NSE:EBIXFOREX,468.5,468.5,468.5,468.5,1.0
2021-05-10 12:46:00,NSE:EBIXFOREX,468.35,468.35,468.35,468.35,1.0
2021-05-10 12:47:00,NSE:EBIXFOREX,468.15,468.15,468.15,468.15,1.0
2021-05-10 12:48:00,NSE:EBIXFOREX,468.25,468.25,468.25,468.25,2.0
2021-05-10 12:50:00,NSE:EBIXFOREX,469.75,469.75,469.75,469.75,16.0
2021-05-10 12:53:00,NSE:EBIXFOREX,470.0,470.0,470.0,470.0,630.0
2021-05-10 12:54:00,NSE:EBIXFOREX,470.0,470.0,470.0,470.0,183.0
2021-05-10 12:55:00,NSE:EBIXFOREX,474.25,474.25,474.25,474.25,25.0
2021-05-10 12:56:00,NSE:EBIXFOREX,475.0,475.0,475.0,475.0,1.0
2021-05-10 13:09:00,NSE:EBIXFOREX,475.0,475.0,475.0,475.0,50.0
2021-05-10 13:11:00,NSE:EBIXFOREX,469.8,469.8,469.8,469.8,284.0
2021-05-10 13:12:00,NSE:EBIXFOREX,470.0,470.0,470.0,470.0,4.0
2021-05-10 13:13:00,NSE:EBIXFOREX,470.0,470.0,470.0,470.0,100.0
2021-05-10 13:14:00,NSE:EBIXFOREX,470.0,470.0,470.0,470.0,25.0
2021-05-10 13:15:00,NSE:EBIXFOREX,469.75,470.0,469.75,470.0,200.0
2021-05-10 13:16:00,NSE:EBIXFOREX,470.0,470.0,470.0,470.0,56.0
2021-05-10 13:18:00,NSE:EBIXFOREX,470.0,470.0,470.0,470.0,9.0
2021-05-10 13:19:00,NSE:EBIXFOREX,470.0,470.0,470.0,470.0,3.0
2021-05-10 13:21:00,NSE:EBIXFOREX,470.0,470.0,470.0,470.0,50.0
2021-05-10 13:22:00,NSE:EBIXFOREX,470.0,470.0,470.0,470.0,43.0
2021-05-10 13:23:00,NSE:EBIXFOREX,470.0,474.25,470.0,474.25,295.0
2021-05-10 13:24:00,NSE:EBIXFOREX,475.0,475.0,474.8,474.8,44.0
2021-05-10 13:27:00,NSE:EBIXFOREX,475.0,475.0,475.0,475.0,1.0
2021-05-10 13:32:00,NSE:EBIXFOREX,469.7,474.9,469.7,474.9,101.0
2021-05-10 13:33:00,NSE:EBIXFOREX,470.95,470.95,470.95,470.95,1.0
2021-05-10 13:35:00,NSE:EBIXFOREX,471.0,471.0,471.0,471.0,10.0
2021-05-10 13:37:00,NSE:EBIXFOREX,471.0,471.0,471.0,471.0,2.0
2021-05-10 13:38:00,NSE:EBIXFOREX,470.9,471.0,470.9,471.0,17.0
2021-05-10 13:39:00,NSE:EBIXFOREX,471.0,471.0,471.0,471.0,1.0
2021-05-10 13:41:00,NSE:EBIXFOREX,471.0,471.0,471.0,471.0,1.0
2021-05-10 13:42:00,NSE:EBIXFOREX,471.0,471.0,471.0,471.0,5.0
2021-05-10 13:43:00,NSE:EBIXFOREX,471.0,471.0,471.0,471.0,17.0
2021-05-10 13:44:00,NSE:EBIXFOREX,470.5,471.0,470.5,471.0,2.0
2021-05-10 13:45:00,NSE:EBIXFOREX,470.5,470.5,470.5,470.5,7.0
2021-05-10 13:53:00,NSE:EBIXFOREX,470.1,470.1,470.1,470.1,1.0
2021-05-10 14:00:00,NSE:EBIXFOREX,470.0,470.1,468.1,470.1,99.0
2021-05-10 14:01:00,NSE:EBIXFOREX,470.1,470.1,470.1,470.1,1.0
2021-05-10 14:26:00,NSE:EBIXFOREX,469.7,469.7,469.7,469.7,3.0
2021-05-10 14:27:00,NSE:EBIXFOREX,470.1,470.1,470.1,470.1,1.0
2021-05-10 14:28:00,NSE:EBIXFOREX,470.1,470.1,470.1,470.1,10.0
2021-05-10 14:29:00,NSE:EBIXFOREX,470.1,470.1,470.1,470.1,4.0
2021-05-10 14:31:00,NSE:EBIXFOREX,470.5,470.5,470.5,470.5,1.0
2021-05-10 14:32:00,NSE:EBIXFOREX,470.5,470.5,470.5,470.5,1.0
2021-05-10 14:35:00,NSE:EBIXFOREX,470.5,470.5,470.5,470.5,1.0
2021-05-10 14:44:00,NSE:EBIXFOREX,470.5,470.5,470.5,470.5,90.0
2021-05-10 14:45:00,NSE:EBIXFOREX,471.0,471.0,471.0,471.0,10.0
2021-05-10 14:48:00,NSE:EBIXFOREX,471.0,471.0,471.0,471.0,14.0
2021-05-10 14:49:00,NSE:EBIXFOREX,471.0,471.0,471.0,471.0,20.0
2021-05-10 14:53:00,NSE:EBIXFOREX,471.0,471.0,471.0,471.0,21.0
2021-05-10 14:56:00,NSE:EBIXFOREX,471.0,471.0,471.0,471.0,2.0
2021-05-10 14:57:00,NSE:EBIXFOREX,471.0,471.0,471.0,471.0,1.0
2021-05-10 15:01:00,NSE:EBIXFOREX,471.0,471.0,471.0,471.0,27.0
2021-05-10 15:02:00,NSE:EBIXFOREX,471.0,471.0,471.0,471.0,29.0
2021-05-10 15:09:00,NSE:EBIXFOREX,471.0,471.0,471.0,471.0,125.0
2021-05-10 15:13:00,NSE:EBIXFOREX,471.0,471.0,471.0,471.0,1.0
2021-05-10 15:14:00,NSE:EBIXFOREX,471.0,471.0,471.0,471.0,2.0
2021-05-10 15:15:00,NSE:EBIXFOREX,471.0,471.0,471.0,471.0,1.0
2021-05-10 15:19:00,NSE:EBIXFOREX,470.8,470.8,470.8,470.8,11.0
2021-05-10 15:20:00,NSE:EBIXFOREX,471.0,471.0,471.0,471.0,5.0
2021-05-10 15:21:00,NSE:EBIXFOREX,471.0,471.0,471.0,471.0,56.0
2021-05-10 15:22:00,NSE:EBIXFOREX,471.0,471.0,471.0,471.0,3.0
2021-05-10 15:23:00,NSE:EBIXFOREX,471.0,471.0,471.0,471.0,6.0
2021-05-10 15:24:00,NSE:EBIXFOREX,470.9,471.0,470.8,470.8,7.0
2021-05-10 15:25:00,NSE:EBIXFOREX,470.75,470.75,470.75,470.75,2.0
2021-05-10 15:26:00,NSE:EBIXFOREX,470.65,470.75,470.65,470.75,3.0
2021-05-10 15:27:00,NSE:EBIXFOREX,469.5,470.75,469.1,470.75,61.0
2021-05-10 15:28:00,NSE:EBIXFOREX,470.75,471.0,470.75,471.0,82.0
2021-05-10 15:29:00,NSE:EBIXFOREX,471.0,472.0,471.0,472.0,31.0
2021-05-11 09:07:00,NSE:EBIXFOREX,477.0,477.0,477.0,477.0,22.0
2021-05-11 09:15:00,NSE:EBIXFOREX,477.0,477.0,476.95,477.0,2.0
2021-05-11 09:16:00,NSE:EBIXFOREX,477.8,477.8,477.8,477.8,3.0
2021-05-11 09:17:00,NSE:EBIXFOREX,476.45,476.45,476.45,476.45,4.0
2021-05-11 09:19:00,NSE:EBIXFOREX,476.45,476.45,476.45,476.45,2.0
2021-05-11 09:20:00,NSE:EBIXFOREX,476.45,476.45,476.45,476.45,1.0
2021-05-11 09:22:00,NSE:EBIXFOREX,476.45,476.45,476.45,476.45,1.0
2021-05-11 09:25:00,NSE:EBIXFOREX,476.45,477.0,476.45,477.0,102.0
2021-05-11 09:26:00,NSE:EBIXFOREX,476.45,477.0,476.45,477.0,109.0
2021-05-11 09:29:00,NSE:EBIXFOREX,477.0,477.0,477.0,477.0,1.0
2021-05-11 09:30:00,NSE:EBIXFOREX,474.75,474.75,455.0,459.95,572.0
2021-05-11 09:31:00,NSE:EBIXFOREX,458.5,470.85,458.5,462.4,570.0
2021-05-11 09:33:00,NSE:EBIXFOREX,469.55,469.55,469.45,469.45,2.0
2021-05-11 09:34:00,NSE:EBIXFOREX,465.05,468.85,465.05,468.8,28.0
2021-05-11 09:35:00,NSE:EBIXFOREX,468.8,468.8,465.0,465.0,74.0
2021-05-11 09:36:00,NSE:EBIXFOREX,468.65,468.65,468.4,468.4,70.0
2021-05-11 09:37:00,NSE:EBIXFOREX,468.65,468.65,468.1,468.15,132.0
2021-05-11 09:39:00,NSE:EBIXFOREX,468.15,468.15,468.15,468.15,26.0
2021-05-11 09:41:00,NSE:EBIXFOREX,470.0,470.0,469.1,470.0,14.0
2021-05-11 09:42:00,NSE:EBIXFOREX,470.0,470.0,470.0,470.0,24.0
2021-05-11 09:44:00,NSE:EBIXFOREX,469.1,470.0,469.1,470.0,3.0
2021-05-11 09:45:00,NSE:EBIXFOREX,469.95,469.95,469.95,469.95,1.0
2021-05-11 09:46:00,NSE:EBIXFOREX,470.0,470.0,470.0,470.0,97.0
2021-05-11 09:47:00,NSE:EBIXFOREX,470.0,474.0,470.0,474.0,35.0
2021-05-11 09:49:00,NSE:EBIXFOREX,470.35,470.35,470.35,470.35,10.0
2021-05-11 09:50:00,NSE:EBIXFOREX,473.95,473.95,473.95,473.95,1.0
2021-05-11 10:06:00,NSE:EBIXFOREX,472.95,473.0,472.95,473.0,11.0
2021-05-11 10:07:00,NSE:EBIXFOREX,473.0,473.0,473.0,473.0,1.0
2021-05-11 10:10:00,NSE:EBIXFOREX,473.0,473.0,473.0,473.0,1.0
2021-05-11 10:14:00,NSE:EBIXFOREX,471.1,471.1,471.0,471.0,30.0
2021-05-11 10:15:00,NSE:EBIXFOREX,472.95,472.95,472.95,472.95,1.0
2021-05-11 10:17:00,NSE:EBIXFOREX,471.55,472.8,471.55,472.8,11.0
2021-05-11 10:20:00,NSE:EBIXFOREX,471.5,471.5,471.5,471.5,5.0
2021-05-11 10:21:00,NSE:EBIXFOREX,471.5,471.5,470.6,470.6,18.0
2021-05-11 10:22:00,NSE:EBIXFOREX,471.0,471.0,471.0,471.0,1.0
2021-05-11 10:23:00,NSE:EBIXFOREX,470.95,470.95,470.95,470.95,1.0
2021-05-11 10:24:00,NSE:EBIXFOREX,470.95,471.0,470.95,471.0,2.0
2021-05-11 10:25:00,NSE:EBIXFOREX,471.0,471.0,471.0,471.0,41.0
2021-05-11 10:28:00,NSE:EBIXFOREX,471.0,471.0,471.0,471.0,2.0
2021-05-11 10:35:00,NSE:EBIXFOREX,471.0,471.0,471.0,471.0,35.0
2021-05-11 10:36:00,NSE:EBIXFOREX,471.5,471.5,471.4,471.4,2.0
2021-05-11 10:37:00,NSE:EBIXFOREX,471.2,471.2,471.2,471.2,3.0
2021-05-11 10:41:00,NSE:EBIXFOREX,471.5,471.5,471.5,471.5,6.0
2021-05-11 11:06:00,NSE:EBIXFOREX,471.5,472.5,471.5,472.5,100.0
2021-05-11 11:07:00,NSE:EBIXFOREX,472.8,472.8,472.8,472.8,100.0
2021-05-11 11:08:00,NSE:EBIXFOREX,472.8,472.8,472.8,472.8,9.0
2021-05-11 11:09:00,NSE:EBIXFOREX,472.85,472.85,472.85,472.85,2.0
2021-05-11 11:18:00,NSE:EBIXFOREX,472.85,472.85,472.85,472.85,22.0
2021-05-11 11:19:00,NSE:EBIXFOREX,472.85,472.85,472.85,472.85,11.0
2021-05-11 11:45:00,NSE:EBIXFOREX,470.65,470.65,470.05,470.05,63.0
2021-05-11 11:46:00,NSE:EBIXFOREX,472.6,472.6,472.6,472.6,1.0
2021-05-11 11:53:00,NSE:EBIXFOREX,470.1,470.1,470.1,470.1,10.0
2021-05-11 11:55:00,NSE:EBIXFOREX,472.45,472.45,472.45,472.45,1.0
2021-05-11 12:04:00,NSE:EBIXFOREX,472.5,472.5,472.5,472.5,10.0
2021-05-11 12:16:00,NSE:EBIXFOREX,472.5,472.5,472.5,472.5,116.0
2021-05-11 12:17:00,NSE:EBIXFOREX,472.85,472.95,472.85,472.95,40.0
2021-05-11 12:18:00,NSE:EBIXFOREX,472.3,472.3,471.15,471.15,5.0
2021-05-11 12:22:00,NSE:EBIXFOREX,472.95,472.95,472.95,472.95,1.0
2021-05-11 12:25:00,NSE:EBIXFOREX,471.15,471.15,471.15,471.15,1.0
2021-05-11 12:26:00,NSE:EBIXFOREX,472.85,472.85,472.85,472.85,1.0
2021-05-11 13:39:00,NSE:EBIXFOREX,470.0,470.0,466.95,466.95,112.0
2021-05-11 13:40:00,NSE:EBIXFOREX,471.15,471.15,469.7,469.7,2.0
2021-05-11 13:41:00,NSE:EBIXFOREX,470.95,470.95,470.95,470.95,2.0
2021-05-11 13:42:00,NSE:EBIXFOREX,469.2,469.2,469.2,469.2,20.0
2021-05-11 13:43:00,NSE:EBIXFOREX,471.0,471.0,471.0,471.0,1.0
2021-05-11 13:49:00,NSE:EBIXFOREX,467.0,469.45,467.0,469.45,93.0
2021-05-11 13:51:00,NSE:EBIXFOREX,466.95,470.95,466.25,470.95,62.0
2021-05-11 13:52:00,NSE:EBIXFOREX,470.7,470.95,470.7,470.95,2.0
2021-05-11 13:58:00,NSE:EBIXFOREX,470.95,470.95,470.95,470.95,3.0
2021-05-11 14:01:00,NSE:EBIXFOREX,470.3,470.3,470.3,470.3,1.0
2021-05-11 14:02:00,NSE:EBIXFOREX,470.95,470.95,470.95,470.95,1.0
2021-05-11 14:05:00,NSE:EBIXFOREX,471.0,471.0,471.0,471.0,10.0
2021-05-11 14:54:00,NSE:EBIXFOREX,469.6,469.6,469.6,469.6,11.0
2021-05-11 14:55:00,NSE:EBIXFOREX,470.25,470.25,470.25,470.25,1.0
2021-05-11 14:59:00,NSE:EBIXFOREX,469.65,469.65,469.65,469.65,4.0
2021-05-11 15:01:00,NSE:EBIXFOREX,470.95,470.95,470.95,470.95,1.0
2021-05-11 15:05:00,NSE:EBIXFOREX,471.0,471.0,471.0,471.0,50.0
2021-05-11 15:11:00,NSE:EBIXFOREX,470.4,470.4,470.4,470.4,25.0
2021-05-11 15:14:00,NSE:EBIXFOREX,470.8,470.8,470.8,470.8,1.0
2021-05-11 15:20:00,NSE:EBIXFOREX,470.8,470.8,470.8,470.8,10.0
2021-05-11 15:21:00,NSE:EBIXFOREX,470.95,470.95,470.0,470.85,31.0
2021-05-11 15:27:00,NSE:EBIXFOREX,470.4,470.45,466.6,470.45,148.0
2021-05-11 15:28:00,NSE:EBIXFOREX,470.5,470.5,470.5,470.5,7.0
2021-05-11 15:29:00,NSE:EBIXFOREX,470.8,470.8,470.8,470.8,1.0
2021-05-12 09:07:00,NSE:EBIXFOREX,488.5,488.5,488.5,488.5,11.0
2021-05-12 09:15:00,NSE:EBIXFOREX,485.9,500.0,483.45,490.0,10.0
2021-05-12 09:16:00,NSE:EBIXFOREX,483.6,487.6,482.3,482.3,20.0
2021-05-12 09:18:00,NSE:EBIXFOREX,482.0,482.0,482.0,482.0,3.0
2021-05-12 09:19:00,NSE:EBIXFOREX,480.25,480.25,479.1,479.1,16.0
2021-05-12 09:20:00,NSE:EBIXFOREX,475.85,475.85,475.0,475.0,84.0
2021-05-12 09:21:00,NSE:EBIXFOREX,475.0,475.0,475.0,475.0,1.0
2021-05-12 09:23:00,NSE:EBIXFOREX,474.8,474.8,474.75,474.8,5.0
2021-05-12 09:24:00,NSE:EBIXFOREX,470.65,474.95,470.65,474.95,12.0
2021-05-12 09:27:00,NSE:EBIXFOREX,474.75,475.0,474.75,475.0,184.0
2021-05-12 09:28:00,NSE:EBIXFOREX,475.2,475.2,475.0,475.0,117.0
2021-05-12 09:29:00,NSE:EBIXFOREX,475.0,475.15,475.0,475.15,20.0
2021-05-12 09:31:00,NSE:EBIXFOREX,475.0,475.0,460.95,460.95,116.0
2021-05-12 09:32:00,NSE:EBIXFOREX,466.95,470.75,455.05,463.15,247.0
2021-05-12 09:33:00,NSE:EBIXFOREX,462.85,462.85,462.85,462.85,1.0
2021-05-12 09:34:00,NSE:EBIXFOREX,468.7,468.7,464.0,464.0,51.0
2021-05-12 09:36:00,NSE:EBIXFOREX,461.55,461.55,461.55,461.55,6.0
2021-05-12 09:38:00,NSE:EBIXFOREX,465.6,465.6,465.6,465.6,50.0
2021-05-12 09:39:00,NSE:EBIXFOREX,465.6,465.6,465.6,465.6,27.0
2021-05-12 09:40:00,NSE:EBIXFOREX,464.6,464.6,464.6,464.6,21.0
2021-05-12 09:41:00,NSE:EBIXFOREX,463.05,465.0,463.05,465.0,17.0
2021-05-12 09:42:00,NSE:EBIXFOREX,463.05,463.05,463.05,463.05,12.0
2021-05-12 09:43:00,NSE:EBIXFOREX,467.75,467.75,467.75,467.75,50.0
2021-05-12 09:44:00,NSE:EBIXFOREX,465.3,467.75,465.3,467.75,22.0
2021-05-12 09:45:00,NSE:EBIXFOREX,467.75,468.0,467.75,468.0,24.0
2021-05-12 09:46:00,NSE:EBIXFOREX,468.0,468.0,464.0,464.0,59.0
2021-05-12 09:48:00,NSE:EBIXFOREX,464.1,464.1,464.1,464.1,11.0
2021-05-12 09:49:00,NSE:EBIXFOREX,464.0,464.0,464.0,464.0,47.0
2021-05-12 09:54:00,NSE:EBIXFOREX,465.45,465.45,465.45,465.45,21.0
2021-05-12 09:59:00,NSE:EBIXFOREX,468.1,468.1,465.0,465.0,44.0
2021-05-12 10:00:00,NSE:EBIXFOREX,465.0,469.2,465.0,469.2,65.0
2021-05-12 10:03:00,NSE:EBIXFOREX,465.45,465.45,465.45,465.45,6.0
2021-05-12 10:04:00,NSE:EBIXFOREX,465.1,465.1,464.4,464.4,10.0
2021-05-12 10:09:00,NSE:EBIXFOREX,469.2,469.2,469.2,469.2,1.0
2021-05-12 10:10:00,NSE:EBIXFOREX,469.95,469.95,469.95,469.95,1.0
2021-05-12 10:16:00,NSE:EBIXFOREX,470.0,470.0,470.0,470.0,224.0
2021-05-12 10:17:00,NSE:EBIXFOREX,470.0,470.0,470.0,470.0,91.0
2021-05-12 10:21:00,NSE:EBIXFOREX,471.45,471.45,471.45,471.45,1.0
2021-05-12 10:39:00,NSE:EBIXFOREX,471.4,471.4,471.4,471.4,1.0
2021-05-12 10:47:00,NSE:EBIXFOREX,469.0,469.0,469.0,469.0,25.0
2021-05-12 10:55:00,NSE:EBIXFOREX,470.0,470.0,470.0,470.0,3.0
2021-05-12 11:20:00,NSE:EBIXFOREX,470.0,470.0,470.0,470.0,29.0
2021-05-12 11:22:00,NSE:EBIXFOREX,471.0,471.0,471.0,471.0,8.0
2021-05-12 11:23:00,NSE:EBIXFOREX,470.0,470.0,470.0,470.0,35.0
2021-05-12 11:28:00,NSE:EBIXFOREX,470.0,470.0,469.0,470.0,251.0
2021-05-12 11:29:00,NSE:EBIXFOREX,470.0,470.0,470.0,470.0,25.0
2021-05-12 11:31:00,NSE:EBIXFOREX,470.95,470.95,470.95,470.95,1.0
2021-05-12 11:32:00,NSE:EBIXFOREX,471.0,471.0,471.0,471.0,25.0
2021-05-12 11:54:00,NSE:EBIXFOREX,466.55,466.55,466.0,466.0,143.0
2021-05-12 11:55:00,NSE:EBIXFOREX,466.0,466.0,466.0,466.0,7.0
2021-05-12 12:36:00,NSE:EBIXFOREX,471.85,471.85,471.85,471.85,400.0
2021-05-12 12:40:00,NSE:EBIXFOREX,475.0,478.0,475.0,478.0,1638.0
2021-05-12 12:41:00,NSE:EBIXFOREX,478.0,478.0,478.0,478.0,413.0
2021-05-12 12:49:00,NSE:EBIXFOREX,471.0,471.0,471.0,471.0,1060.0
2021-05-12 12:50:00,NSE:EBIXFOREX,485.0,485.0,485.0,485.0,275.0
2021-05-12 12:59:00,NSE:EBIXFOREX,473.5,473.5,473.5,473.5,1.0
2021-05-12 13:01:00,NSE:EBIXFOREX,480.0,480.0,480.0,480.0,543.0
2021-05-12 13:02:00,NSE:EBIXFOREX,480.0,480.0,480.0,480.0,150.0
2021-05-12 13:03:00,NSE:EBIXFOREX,480.0,480.0,480.0,480.0,93.0
2021-05-12 13:04:00,NSE:EBIXFOREX,480.0,480.0,480.0,480.0,17.0
2021-05-12 13:05:00,NSE:EBIXFOREX,480.0,480.0,480.0,480.0,83.0
2021-05-12 13:13:00,NSE:EBIXFOREX,480.0,480.0,480.0,480.0,187.0
2021-05-12 13:16:00,NSE:EBIXFOREX,479.95,479.95,475.05,475.05,19.0
2021-05-12 13:18:00,NSE:EBIXFOREX,479.95,483.55,479.95,483.55,125.0
2021-05-12 13:24:00,NSE:EBIXFOREX,484.8,485.1,484.8,485.1,165.0
2021-05-12 13:25:00,NSE:EBIXFOREX,485.25,485.25,476.1,476.1,188.0
2021-05-12 13:26:00,NSE:EBIXFOREX,485.05,490.0,485.0,488.0,185.0
2021-05-12 13:27:00,NSE:EBIXFOREX,490.0,490.0,487.95,490.0,233.0
2021-05-12 13:28:00,NSE:EBIXFOREX,490.4,490.4,490.0,490.0,36.0
2021-05-12 13:29:00,NSE:EBIXFOREX,490.0,494.9,490.0,494.9,260.0
2021-05-12 13:30:00,NSE:EBIXFOREX,495.0,495.0,495.0,495.0,250.0
2021-05-12 13:31:00,NSE:EBIXFOREX,495.0,504.95,495.0,500.0,693.0
2021-05-12 13:32:00,NSE:EBIXFOREX,508.25,508.25,503.0,503.0,111.0
2021-05-12 13:33:00,NSE:EBIXFOREX,500.0,500.0,498.0,498.05,151.0
2021-05-12 13:34:00,NSE:EBIXFOREX,498.1,502.55,492.8,502.55,934.0
2021-05-12 13:35:00,NSE:EBIXFOREX,499.35,501.0,499.35,501.0,310.0
2021-05-12 13:36:00,NSE:EBIXFOREX,501.0,504.0,501.0,503.95,263.0
2021-05-12 13:37:00,NSE:EBIXFOREX,504.0,508.0,504.0,505.25,438.0
2021-05-12 13:38:00,NSE:EBIXFOREX,506.5,510.0,506.5,510.0,219.0
2021-05-12 13:39:00,NSE:EBIXFOREX,506.9,510.0,506.9,510.0,58.0
2021-05-12 13:40:00,NSE:EBIXFOREX,510.0,511.8,506.5,509.05,188.0
2021-05-12 13:41:00,NSE:EBIXFOREX,509.05,509.05,507.0,507.0,8.0
2021-05-12 13:42:00,NSE:EBIXFOREX,507.0,509.05,507.0,509.05,68.0
2021-05-12 13:43:00,NSE:EBIXFOREX,507.0,507.0,507.0,507.0,159.0
2021-05-12 13:44:00,NSE:EBIXFOREX,507.0,509.05,506.5,506.5,420.0
2021-05-12 13:47:00,NSE:EBIXFOREX,507.0,507.0,507.0,507.0,25.0
2021-05-12 13:49:00,NSE:EBIXFOREX,507.0,507.0,506.5,506.5,180.0
2021-05-12 13:50:00,NSE:EBIXFOREX,506.5,506.5,505.25,505.25,458.0
2021-05-12 13:52:00,NSE:EBIXFOREX,500.0,500.0,500.0,500.0,71.0
2021-05-12 13:53:00,NSE:EBIXFOREX,504.75,504.75,496.65,496.65,156.0
2021-05-12 13:56:00,NSE:EBIXFOREX,501.0,501.0,501.0,501.0,28.0
2021-05-12 13:57:00,NSE:EBIXFOREX,503.9,506.0,503.9,506.0,414.0
2021-05-12 13:58:00,NSE:EBIXFOREX,506.0,506.0,506.0,506.0,108.0
2021-05-12 13:59:00,NSE:EBIXFOREX,505.0,505.0,505.0,505.0,55.0
2021-05-12 14:01:00,NSE:EBIXFOREX,505.0,505.0,505.0,505.0,116.0
2021-05-12 14:03:00,NSE:EBIXFOREX,505.0,505.0,505.0,505.0,10.0
2021-05-12 14:04:00,NSE:EBIXFOREX,505.0,505.0,505.0,505.0,100.0
2021-05-12 14:06:00,NSE:EBIXFOREX,504.0,504.0,504.0,504.0,20.0
2021-05-12 14:07:00,NSE:EBIXFOREX,504.0,504.0,504.0,504.0,25.0
2021-05-12 14:09:00,NSE:EBIXFOREX,503.0,503.0,503.0,503.0,34.0
2021-05-12 14:10:00,NSE:EBIXFOREX,501.7,501.7,501.0,501.0,44.0
2021-05-12 14:12:00,NSE:EBIXFOREX,502.0,502.0,502.0,502.0,50.0
2021-05-12 14:13:00,NSE:EBIXFOREX,502.0,502.0,502.0,502.0,1.0
2021-05-12 14:15:00,NSE:EBIXFOREX,502.1,502.1,502.1,502.1,19.0
2021-05-12 14:17:00,NSE:EBIXFOREX,502.1,502.1,502.1,502.1,5.0
2021-05-12 14:18:00,NSE:EBIXFOREX,502.1,502.1,502.1,502.1,10.0
2021-05-12 14:23:00,NSE:EBIXFOREX,502.0,502.0,502.0,502.0,125.0
2021-05-12 14:24:00,NSE:EBIXFOREX,503.5,503.5,503.5,503.5,100.0
2021-05-12 14:25:00,NSE:EBIXFOREX,503.5,505.0,503.5,505.0,38.0
2021-05-12 14:30:00,NSE:EBIXFOREX,503.0,503.0,503.0,503.0,50.0
2021-05-12 14:32:00,NSE:EBIXFOREX,503.05,503.05,503.0,503.0,36.0
2021-05-12 14:33:00,NSE:EBIXFOREX,500.0,500.0,500.0,500.0,409.0
2021-05-12 14:34:00,NSE:EBIXFOREX,505.0,505.0,505.0,505.0,27.0
2021-05-12 14:35:00,NSE:EBIXFOREX,500.15,500.15,500.15,500.15,1.0
2021-05-12 14:36:00,NSE:EBIXFOREX,504.95,504.95,504.95,504.95,9.0
2021-05-12 14:37:00,NSE:EBIXFOREX,504.95,504.95,504.95,504.95,30.0
2021-05-12 14:38:00,NSE:EBIXFOREX,504.95,504.95,504.95,504.95,61.0
2021-05-12 14:39:00,NSE:EBIXFOREX,506.0,506.0,506.0,506.0,111.0
2021-05-12 14:40:00,NSE:EBIXFOREX,506.0,506.0,506.0,506.0,9.0
2021-05-12 14:42:00,NSE:EBIXFOREX,505.0,505.0,505.0,505.0,10.0
2021-05-12 14:43:00,NSE:EBIXFOREX,502.15,502.15,502.15,502.15,7.0
2021-05-12 14:47:00,NSE:EBIXFOREX,502.1,502.3,502.1,502.3,31.0
2021-05-12 14:48:00,NSE:EBIXFOREX,506.95,506.95,506.95,506.95,30.0
2021-05-12 14:49:00,NSE:EBIXFOREX,506.0,506.0,506.0,506.0,3.0
2021-05-12 14:53:00,NSE:EBIXFOREX,506.0,506.0,506.0,506.0,25.0
2021-05-12 14:55:00,NSE:EBIXFOREX,504.0,504.0,504.0,504.0,10.0
2021-05-12 14:56:00,NSE:EBIXFOREX,503.25,503.25,503.25,503.25,40.0
2021-05-12 14:57:00,NSE:EBIXFOREX,503.3,503.3,503.3,503.3,15.0
2021-05-12 14:59:00,NSE:EBIXFOREX,502.15,502.15,500.0,500.0,436.0
2021-05-12 15:00:00,NSE:EBIXFOREX,500.0,500.0,497.75,497.75,105.0
2021-05-12 15:01:00,NSE:EBIXFOREX,497.8,499.2,497.0,497.0,48.0
2021-05-12 15:02:00,NSE:EBIXFOREX,501.1,501.1,497.85,497.85,41.0
2021-05-12 15:03:00,NSE:EBIXFOREX,497.85,497.85,497.85,497.85,6.0
2021-05-12 15:04:00,NSE:EBIXFOREX,498.0,498.0,498.0,498.0,10.0
2021-05-12 15:05:00,NSE:EBIXFOREX,500.6,500.6,500.6,500.6,15.0
2021-05-12 15:06:00,NSE:EBIXFOREX,498.0,498.0,498.0,498.0,39.0
2021-05-12 15:07:00,NSE:EBIXFOREX,498.0,500.15,498.0,500.15,31.0
2021-05-12 15:08:00,NSE:EBIXFOREX,500.0,500.0,500.0,500.0,10.0
2021-05-12 15:10:00,NSE:EBIXFOREX,500.0,500.0,500.0,500.0,50.0
2021-05-12 15:11:00,NSE:EBIXFOREX,500.0,500.0,500.0,500.0,40.0
2021-05-12 15:12:00,NSE:EBIXFOREX,500.0,500.0,500.0,500.0,211.0
2021-05-12 15:14:00,NSE:EBIXFOREX,505.0,505.0,505.0,505.0,5.0
2021-05-12 15:15:00,NSE:EBIXFOREX,504.95,504.95,504.95,504.95,4.0
2021-05-12 15:16:00,NSE:EBIXFOREX,500.0,500.0,500.0,500.0,37.0
2021-05-12 15:21:00,NSE:EBIXFOREX,500.35,500.35,500.35,500.35,5.0
2021-05-12 15:22:00,NSE:EBIXFOREX,503.0,503.0,503.0,503.0,10.0
2021-05-12 15:23:00,NSE:EBIXFOREX,500.4,500.4,500.4,500.4,28.0
2021-05-12 15:25:00,NSE:EBIXFOREX,500.0,500.1,500.0,500.1,225.0
2021-05-12 15:27:00,NSE:EBIXFOREX,500.0,500.05,500.0,500.05,47.0
2021-05-12 15:29:00,NSE:EBIXFOREX,502.75,502.75,502.0,502.0,15.0
2021-05-12 15:42:00,NSE:EBIXFOREX,499.9,499.9,499.9,499.9,8.0
2021-05-14 09:07:00,NSE:EBIXFOREX,517.0,517.0,517.0,517.0,150.0
2021-05-14 09:15:00,NSE:EBIXFOREX,512.1,516.95,512.1,516.0,23.0
2021-05-14 09:16:00,NSE:EBIXFOREX,517.0,518.55,516.6,518.0,265.0
2021-05-14 09:17:00,NSE:EBIXFOREX,520.0,542.65,520.0,535.05,281.0
2021-05-14 09:18:00,NSE:EBIXFOREX,539.0,544.8,535.0,541.95,84.0
2021-05-14 09:19:00,NSE:EBIXFOREX,546.35,547.05,542.0,547.05,489.0
2021-05-14 09:20:00,NSE:EBIXFOREX,542.05,547.05,542.05,544.8,84.0
2021-05-14 09:21:00,NSE:EBIXFOREX,545.0,545.0,535.35,535.35,181.0
2021-05-14 09:22:00,NSE:EBIXFOREX,539.7,539.85,534.0,534.0,625.0
2021-05-14 09:23:00,NSE:EBIXFOREX,534.0,535.0,532.1,532.1,362.0
2021-05-14 09:24:00,NSE:EBIXFOREX,532.1,535.0,530.0,530.0,170.0
2021-05-14 09:25:00,NSE:EBIXFOREX,530.0,530.0,530.0,530.0,100.0
2021-05-14 09:26:00,NSE:EBIXFOREX,530.0,530.0,530.0,530.0,147.0
2021-05-14 09:27:00,NSE:EBIXFOREX,528.1,534.55,528.1,531.75,186.0
2021-05-14 09:28:00,NSE:EBIXFOREX,531.2,531.2,530.0,530.95,102.0
2021-05-14 09:29:00,NSE:EBIXFOREX,532.0,532.0,530.0,530.0,379.0
2021-05-14 09:30:00,NSE:EBIXFOREX,529.95,529.95,526.0,526.0,536.0
2021-05-14 09:31:00,NSE:EBIXFOREX,529.9,529.9,529.9,529.9,12.0
2021-05-14 09:32:00,NSE:EBIXFOREX,529.7,529.7,526.2,526.2,34.0
2021-05-14 09:33:00,NSE:EBIXFOREX,526.2,527.0,526.0,527.0,383.0
2021-05-14 09:34:00,NSE:EBIXFOREX,529.0,529.0,529.0,529.0,50.0
2021-05-14 09:35:00,NSE:EBIXFOREX,529.2,529.2,526.55,526.55,92.0
2021-05-14 09:38:00,NSE:EBIXFOREX,528.0,528.0,528.0,528.0,140.0
2021-05-14 09:39:00,NSE:EBIXFOREX,528.0,528.0,528.0,528.0,1.0
2021-05-14 09:40:00,NSE:EBIXFOREX,528.0,528.0,526.65,526.65,151.0
2021-05-14 09:41:00,NSE:EBIXFOREX,526.65,526.65,526.65,526.65,10.0
2021-05-14 09:42:00,NSE:EBIXFOREX,528.0,528.0,528.0,528.0,25.0
2021-05-14 09:43:00,NSE:EBIXFOREX,526.1,526.1,526.1,526.1,100.0
2021-05-14 09:44:00,NSE:EBIXFOREX,527.75,527.75,526.0,526.0,1058.0
2021-05-14 09:45:00,NSE:EBIXFOREX,529.0,529.0,529.0,529.0,125.0
2021-05-14 09:47:00,NSE:EBIXFOREX,526.3,526.3,526.3,526.3,23.0
2021-05-14 09:48:00,NSE:EBIXFOREX,529.0,531.8,529.0,529.5,439.0
2021-05-14 09:49:00,NSE:EBIXFOREX,530.25,530.25,529.5,529.5,16.0
2021-05-14 09:50:00,NSE:EBIXFOREX,529.5,530.5,529.5,530.5,170.0
2021-05-14 09:51:00,NSE:EBIXFOREX,530.0,530.0,530.0,530.0,61.0
2021-05-14 09:52:00,NSE:EBIXFOREX,526.55,529.85,526.55,529.85,195.0
2021-05-14 09:53:00,NSE:EBIXFOREX,527.1,527.1,527.1,527.1,1.0
2021-05-14 09:55:00,NSE:EBIXFOREX,527.55,527.55,527.55,527.55,10.0
2021-05-14 09:58:00,NSE:EBIXFOREX,527.5,527.5,527.5,527.5,28.0
2021-05-14 09:59:00,NSE:EBIXFOREX,527.5,527.5,527.5,527.5,139.0
2021-05-14 10:00:00,NSE:EBIXFOREX,527.55,527.55,527.55,527.55,10.0
2021-05-14 10:01:00,NSE:EBIXFOREX,527.55,527.55,527.55,527.55,22.0
2021-05-14 10:02:00,NSE:EBIXFOREX,527.5,527.5,527.5,527.5,8.0
2021-05-14 10:03:00,NSE:EBIXFOREX,529.1,529.5,529.1,529.5,200.0
2021-05-14 10:04:00,NSE:EBIXFOREX,527.55,527.55,527.55,527.55,15.0
2021-05-14 10:05:00,NSE:EBIXFOREX,527.55,527.55,527.55,527.55,1.0
2021-05-14 10:06:00,NSE:EBIXFOREX,527.55,527.55,527.55,527.55,100.0
2021-05-14 10:11:00,NSE:EBIXFOREX,527.6,527.6,527.6,527.6,16.0
2021-05-14 10:12:00,NSE:EBIXFOREX,527.6,527.6,527.6,527.6,10.0
2021-05-14 10:13:00,NSE:EBIXFOREX,527.55,527.6,527.55,527.6,28.0
2021-05-14 10:16:00,NSE:EBIXFOREX,527.5,527.5,527.5,527.5,70.0
2021-05-14 10:17:00,NSE:EBIXFOREX,527.5,527.5,527.5,527.5,10.0
2021-05-14 10:19:00,NSE:EBIXFOREX,527.95,527.95,527.95,527.95,40.0
2021-05-14 10:21:00,NSE:EBIXFOREX,528.0,528.0,528.0,528.0,77.0
2021-05-14 10:22:00,NSE:EBIXFOREX,528.0,528.0,528.0,528.0,58.0
2021-05-14 10:24:00,NSE:EBIXFOREX,528.0,528.0,528.0,528.0,1.0
2021-05-14 10:25:00,NSE:EBIXFOREX,528.0,528.0,528.0,528.0,3.0
2021-05-14 10:26:00,NSE:EBIXFOREX,528.0,528.0,527.55,528.0,122.0
2021-05-14 10:27:00,NSE:EBIXFOREX,527.0,528.0,526.7,526.7,304.0
2021-05-14 10:28:00,NSE:EBIXFOREX,526.65,526.7,526.65,526.7,33.0
2021-05-14 10:30:00,NSE:EBIXFOREX,528.0,528.0,528.0,528.0,10.0
2021-05-14 10:31:00,NSE:EBIXFOREX,528.0,528.0,528.0,528.0,75.0
2021-05-14 10:32:00,NSE:EBIXFOREX,528.0,528.0,527.5,527.5,59.0
2021-05-14 10:33:00,NSE:EBIXFOREX,528.0,528.0,528.0,528.0,7.0
2021-05-14 10:34:00,NSE:EBIXFOREX,528.0,528.0,527.95,527.95,70.0
2021-05-14 10:37:00,NSE:EBIXFOREX,527.95,527.95,527.95,527.95,10.0
2021-05-14 10:39:00,NSE:EBIXFOREX,527.95,527.95,527.95,527.95,10.0
2021-05-14 10:40:00,NSE:EBIXFOREX,527.95,528.0,527.95,528.0,90.0
2021-05-14 10:41:00,NSE:EBIXFOREX,528.0,528.0,528.0,528.0,3.0
2021-05-14 10:42:00,NSE:EBIXFOREX,527.05,527.05,527.0,527.0,82.0
2021-05-14 10:43:00,NSE:EBIXFOREX,526.25,526.25,526.25,526.25,6.0
2021-05-14 10:44:00,NSE:EBIXFOREX,526.2,527.0,526.2,527.0,110.0
2021-05-14 10:45:00,NSE:EBIXFOREX,527.0,527.0,527.0,527.0,109.0
2021-05-14 10:46:00,NSE:EBIXFOREX,526.2,526.2,526.2,526.2,50.0
2021-05-14 10:47:00,NSE:EBIXFOREX,526.2,527.4,526.2,527.4,86.0
2021-05-14 10:48:00,NSE:EBIXFOREX,527.2,527.2,527.2,527.2,5.0
2021-05-14 10:50:00,NSE:EBIXFOREX,527.2,527.2,527.2,527.2,105.0
2021-05-14 10:52:00,NSE:EBIXFOREX,527.25,527.25,527.25,527.25,25.0
2021-05-14 10:53:00,NSE:EBIXFOREX,527.25,527.25,527.25,527.25,70.0
2021-05-14 10:54:00,NSE:EBIXFOREX,527.35,527.45,527.35,527.45,47.0
2021-05-14 10:55:00,NSE:EBIXFOREX,527.75,528.0,527.75,528.0,112.0
2021-05-14 10:56:00,NSE:EBIXFOREX,528.0,530.0,528.0,530.0,102.0
2021-05-14 10:57:00,NSE:EBIXFOREX,530.0,530.0,530.0,530.0,474.0
2021-05-14 10:58:00,NSE:EBIXFOREX,530.0,531.0,530.0,531.0,144.0
2021-05-14 10:59:00,NSE:EBIXFOREX,531.0,531.0,530.6,530.6,30.0
2021-05-14 11:00:00,NSE:EBIXFOREX,531.0,533.0,531.0,533.0,72.0
2021-05-14 11:01:00,NSE:EBIXFOREX,532.0,532.0,532.0,532.0,13.0
2021-05-14 11:02:00,NSE:EBIXFOREX,531.05,531.05,531.05,531.05,20.0
2021-05-14 11:03:00,NSE:EBIXFOREX,531.95,532.0,531.95,532.0,68.0
2021-05-14 11:04:00,NSE:EBIXFOREX,533.0,533.0,532.0,532.0,17.0
2021-05-14 11:05:00,NSE:EBIXFOREX,531.05,531.05,531.05,531.05,22.0
2021-05-14 11:06:00,NSE:EBIXFOREX,533.0,533.0,533.0,533.0,35.0
2021-05-14 11:08:00,NSE:EBIXFOREX,533.0,533.0,533.0,533.0,150.0
2021-05-14 11:09:00,NSE:EBIXFOREX,533.0,533.0,533.0,533.0,134.0
2021-05-14 11:10:00,NSE:EBIXFOREX,533.0,533.0,533.0,533.0,15.0
2021-05-14 11:12:00,NSE:EBIXFOREX,532.0,533.0,532.0,532.95,135.0
2021-05-14 11:14:00,NSE:EBIXFOREX,533.0,533.0,532.0,532.0,121.0
2021-05-14 11:15:00,NSE:EBIXFOREX,531.5,531.5,531.05,531.05,28.0
2021-05-14 11:17:00,NSE:EBIXFOREX,532.0,532.0,532.0,532.0,23.0
2021-05-14 11:18:00,NSE:EBIXFOREX,532.0,532.0,532.0,532.0,50.0
2021-05-14 11:19:00,NSE:EBIXFOREX,531.05,533.0,531.05,531.05,173.0
2021-05-14 11:21:00,NSE:EBIXFOREX,533.0,533.0,533.0,533.0,25.0
2021-05-14 11:22:00,NSE:EBIXFOREX,533.0,533.05,533.0,533.0,132.0
2021-05-14 11:23:00,NSE:EBIXFOREX,533.0,533.95,533.0,533.95,53.0
2021-05-14 11:25:00,NSE:EBIXFOREX,533.95,533.95,533.95,533.95,76.0
2021-05-14 11:27:00,NSE:EBIXFOREX,534.0,534.0,534.0,534.0,45.0
2021-05-14 11:28:00,NSE:EBIXFOREX,534.0,534.0,534.0,534.0,42.0
2021-05-14 11:29:00,NSE:EBIXFOREX,534.0,534.7,534.0,534.7,59.0
2021-05-14 11:31:00,NSE:EBIXFOREX,534.3,534.7,534.3,534.7,51.0
2021-05-14 11:32:00,NSE:EBIXFOREX,534.9,534.9,534.9,534.9,42.0
2021-05-14 11:37:00,NSE:EBIXFOREX,533.05,533.05,533.05,533.05,1.0
2021-05-14 11:39:00,NSE:EBIXFOREX,533.05,533.05,533.05,533.05,10.0
2021-05-14 11:40:00,NSE:EBIXFOREX,533.05,533.05,533.05,533.05,10.0
2021-05-14 11:41:00,NSE:EBIXFOREX,535.0,535.0,535.0,535.0,119.0
2021-05-14 11:43:00,NSE:EBIXFOREX,533.0,535.0,533.0,535.0,55.0
2021-05-14 11:44:00,NSE:EBIXFOREX,533.0,534.55,533.0,534.55,62.0
2021-05-14 11:46:00,NSE:EBIXFOREX,533.05,533.05,533.05,533.05,7.0
2021-05-14 11:47:00,NSE:EBIXFOREX,533.05,533.05,533.05,533.05,13.0
2021-05-14 11:48:00,NSE:EBIXFOREX,531.95,531.95,531.05,531.05,100.0
2021-05-14 11:49:00,NSE:EBIXFOREX,531.05,531.05,531.05,531.05,1.0
2021-05-14 11:51:00,NSE:EBIXFOREX,531.05,531.05,531.05,531.05,32.0
2021-05-14 11:52:00,NSE:EBIXFOREX,531.05,531.05,531.05,531.05,15.0
2021-05-14 11:53:00,NSE:EBIXFOREX,531.05,531.05,531.05,531.05,10.0
2021-05-14 11:56:00,NSE:EBIXFOREX,531.0,531.0,531.0,531.0,10.0
2021-05-14 11:59:00,NSE:EBIXFOREX,531.0,531.0,531.0,531.0,10.0
2021-05-14 12:00:00,NSE:EBIXFOREX,531.0,531.0,531.0,531.0,5.0
2021-05-14 12:02:00,NSE:EBIXFOREX,534.5,534.5,534.5,534.5,100.0
2021-05-14 12:05:00,NSE:EBIXFOREX,531.05,531.05,531.05,531.05,15.0
2021-05-14 12:06:00,NSE:EBIXFOREX,531.0,531.0,531.0,531.0,63.0
2021-05-14 12:07:00,NSE:EBIXFOREX,531.0,531.0,531.0,531.0,5.0
2021-05-14 12:09:00,NSE:EBIXFOREX,531.0,531.0,531.0,531.0,100.0
2021-05-14 12:10:00,NSE:EBIXFOREX,533.95,533.95,533.95,533.95,100.0
2021-05-14 12:12:00,NSE:EBIXFOREX,532.75,532.75,532.75,532.75,9.0
2021-05-14 12:14:00,NSE:EBIXFOREX,533.0,533.0,530.3,530.3,251.0
2021-05-14 12:16:00,NSE:EBIXFOREX,530.8,530.8,530.8,530.8,6.0
2021-05-14 12:17:00,NSE:EBIXFOREX,530.15,530.15,530.15,530.15,10.0
2021-05-14 12:18:00,NSE:EBIXFOREX,530.1,530.1,529.0,529.0,199.0
2021-05-14 12:19:00,NSE:EBIXFOREX,530.0,530.0,530.0,530.0,29.0
2021-05-14 12:20:00,NSE:EBIXFOREX,530.0,530.0,530.0,530.0,155.0
2021-05-14 12:21:00,NSE:EBIXFOREX,530.0,530.0,530.0,530.0,2.0
2021-05-14 12:24:00,NSE:EBIXFOREX,530.0,530.0,530.0,530.0,10.0
2021-05-14 12:25:00,NSE:EBIXFOREX,530.0,530.0,529.5,529.5,30.0
2021-05-14 12:28:00,NSE:EBIXFOREX,529.5,529.5,529.0,529.5,70.0
2021-05-14 12:30:00,NSE:EBIXFOREX,528.85,528.85,527.1,527.1,196.0
2021-05-14 12:34:00,NSE:EBIXFOREX,529.1,529.1,529.1,529.1,1.0
2021-05-14 12:36:00,NSE:EBIXFOREX,529.9,530.0,529.9,530.0,571.0
2021-05-14 12:37:00,NSE:EBIXFOREX,530.0,530.0,530.0,530.0,251.0
2021-05-14 12:38:00,NSE:EBIXFOREX,530.0,530.0,529.0,529.0,60.0
2021-05-14 12:40:00,NSE:EBIXFOREX,530.0,530.0,530.0,530.0,2.0
2021-05-14 12:41:00,NSE:EBIXFOREX,531.8,531.8,531.8,531.8,1.0
2021-05-14 12:42:00,NSE:EBIXFOREX,528.5,528.5,527.75,527.75,13.0
2021-05-14 12:46:00,NSE:EBIXFOREX,529.6,531.45,529.6,531.45,13.0
2021-05-14 12:48:00,NSE:EBIXFOREX,530.4,530.4,530.4,530.4,1.0
2021-05-14 12:49:00,NSE:EBIXFOREX,527.1,527.1,527.1,527.1,100.0
2021-05-14 12:50:00,NSE:EBIXFOREX,529.75,529.9,529.75,529.9,96.0
2021-05-14 12:51:00,NSE:EBIXFOREX,529.85,529.85,529.85,529.85,25.0
2021-05-14 12:57:00,NSE:EBIXFOREX,529.0,529.0,529.0,529.0,10.0
2021-05-14 12:58:00,NSE:EBIXFOREX,529.0,529.0,529.0,529.0,46.0
2021-05-14 12:59:00,NSE:EBIXFOREX,529.0,529.0,529.0,529.0,10.0
2021-05-14 13:00:00,NSE:EBIXFOREX,529.5,529.5,529.5,529.5,15.0
2021-05-14 13:02:00,NSE:EBIXFOREX,529.0,529.0,529.0,529.0,1.0
2021-05-14 13:03:00,NSE:EBIXFOREX,530.0,530.0,530.0,530.0,1.0
2021-05-14 13:06:00,NSE:EBIXFOREX,530.0,530.0,530.0,530.0,20.0
2021-05-14 13:09:00,NSE:EBIXFOREX,530.0,530.0,530.0,530.0,83.0
2021-05-14 13:11:00,NSE:EBIXFOREX,530.0,530.0,530.0,530.0,65.0
2021-05-14 13:12:00,NSE:EBIXFOREX,530.0,530.0,530.0,530.0,50.0
2021-05-14 13:16:00,NSE:EBIXFOREX,529.5,529.5,529.1,529.1,46.0
2021-05-14 13:17:00,NSE:EBIXFOREX,529.15,529.15,529.15,529.15,10.0
2021-05-14 13:19:00,NSE:EBIXFOREX,529.95,529.95,529.95,529.95,20.0
2021-05-14 13:25:00,NSE:EBIXFOREX,529.95,529.95,529.95,529.95,2.0
2021-05-14 13:27:00,NSE:EBIXFOREX,529.95,529.95,529.95,529.95,37.0
2021-05-14 13:28:00,NSE:EBIXFOREX,529.0,529.0,528.5,528.5,114.0
2021-05-14 13:30:00,NSE:EBIXFOREX,529.0,529.0,527.55,527.55,57.0
2021-05-14 13:32:00,NSE:EBIXFOREX,527.85,527.85,527.85,527.85,10.0
2021-05-14 13:33:00,NSE:EBIXFOREX,528.75,528.75,527.85,528.75,32.0
2021-05-14 13:40:00,NSE:EBIXFOREX,529.0,529.0,529.0,529.0,100.0
2021-05-14 13:42:00,NSE:EBIXFOREX,529.0,529.0,529.0,529.0,10.0
2021-05-14 13:46:00,NSE:EBIXFOREX,529.0,529.0,529.0,529.0,25.0
2021-05-14 13:48:00,NSE:EBIXFOREX,528.1,528.1,528.1,528.1,10.0
2021-05-14 13:51:00,NSE:EBIXFOREX,529.0,529.0,529.0,529.0,25.0
2021-05-14 13:52:00,NSE:EBIXFOREX,528.55,528.55,528.55,528.55,20.0
2021-05-14 13:53:00,NSE:EBIXFOREX,529.0,529.0,529.0,529.0,1.0
2021-05-14 13:54:00,NSE:EBIXFOREX,528.0,528.0,528.0,528.0,98.0
2021-05-14 13:55:00,NSE:EBIXFOREX,528.0,528.0,528.0,528.0,40.0
2021-05-14 13:58:00,NSE:EBIXFOREX,528.0,528.0,527.8,527.8,2.0
2021-05-14 13:59:00,NSE:EBIXFOREX,528.0,528.0,528.0,528.0,12.0
2021-05-14 14:00:00,NSE:EBIXFOREX,530.0,531.65,530.0,531.65,879.0
2021-05-14 14:01:00,NSE:EBIXFOREX,531.65,532.95,531.65,532.0,441.0
2021-05-14 14:02:00,NSE:EBIXFOREX,532.0,532.0,532.0,532.0,42.0
2021-05-14 14:03:00,NSE:EBIXFOREX,533.3,533.3,533.3,533.3,11.0
2021-05-14 14:05:00,NSE:EBIXFOREX,535.0,535.0,535.0,535.0,1109.0
2021-05-14 14:07:00,NSE:EBIXFOREX,534.95,534.95,534.95,534.95,25.0
2021-05-14 14:08:00,NSE:EBIXFOREX,531.5,531.5,531.5,531.5,8.0
2021-05-14 14:11:00,NSE:EBIXFOREX,533.5,533.5,533.5,533.5,3.0
2021-05-14 14:12:00,NSE:EBIXFOREX,533.5,533.5,533.5,533.5,20.0
2021-05-14 14:14:00,NSE:EBIXFOREX,531.5,531.5,530.0,530.0,200.0
2021-05-14 14:15:00,NSE:EBIXFOREX,532.95,532.95,532.95,532.95,19.0
2021-05-14 14:17:00,NSE:EBIXFOREX,533.0,533.0,533.0,533.0,100.0
2021-05-14 14:18:00,NSE:EBIXFOREX,531.05,533.0,531.05,533.0,115.0
2021-05-14 14:19:00,NSE:EBIXFOREX,532.0,532.0,532.0,532.0,18.0
2021-05-14 14:21:00,NSE:EBIXFOREX,533.0,533.0,533.0,533.0,65.0
2021-05-14 14:23:00,NSE:EBIXFOREX,534.0,534.0,534.0,534.0,25.0
2021-05-14 14:24:00,NSE:EBIXFOREX,534.0,534.0,534.0,534.0,13.0
2021-05-14 14:26:00,NSE:EBIXFOREX,534.0,534.0,533.0,533.0,45.0
2021-05-14 14:30:00,NSE:EBIXFOREX,533.0,533.0,533.0,533.0,132.0
2021-05-14 14:33:00,NSE:EBIXFOREX,534.8,534.8,530.0,530.0,248.0
2021-05-14 14:34:00,NSE:EBIXFOREX,530.0,531.85,530.0,531.85,90.0
2021-05-14 14:39:00,NSE:EBIXFOREX,533.3,533.3,533.3,533.3,20.0
2021-05-14 14:42:00,NSE:EBIXFOREX,533.0,533.0,533.0,533.0,45.0
2021-05-14 14:44:00,NSE:EBIXFOREX,532.05,533.0,532.05,533.0,90.0
2021-05-14 14:45:00,NSE:EBIXFOREX,534.0,534.0,534.0,534.0,1.0
2021-05-14 14:46:00,NSE:EBIXFOREX,534.0,534.0,534.0,534.0,25.0
2021-05-14 14:47:00,NSE:EBIXFOREX,534.25,534.4,534.25,534.4,100.0
2021-05-14 14:48:00,NSE:EBIXFOREX,534.05,534.05,534.05,534.05,38.0
2021-05-14 14:49:00,NSE:EBIXFOREX,534.25,534.25,534.0,534.0,233.0
2021-05-14 14:50:00,NSE:EBIXFOREX,534.25,534.25,534.0,534.0,78.0
2021-05-14 14:51:00,NSE:EBIXFOREX,534.0,534.25,534.0,534.25,70.0
2021-05-14 14:52:00,NSE:EBIXFOREX,534.25,534.25,534.25,534.25,4.0
2021-05-14 14:53:00,NSE:EBIXFOREX,534.25,534.25,534.25,534.25,1.0
2021-05-14 14:54:00,NSE:EBIXFOREX,534.25,534.25,534.25,534.25,2.0
2021-05-14 14:55:00,NSE:EBIXFOREX,534.25,535.0,534.25,535.0,487.0
2021-05-14 14:56:00,NSE:EBIXFOREX,535.0,535.0,535.0,535.0,19.0
2021-05-14 14:57:00,NSE:EBIXFOREX,535.1,536.0,535.1,536.0,78.0
2021-05-14 14:58:00,NSE:EBIXFOREX,536.0,537.7,536.0,537.7,99.0
2021-05-14 14:59:00,NSE:EBIXFOREX,537.95,545.0,537.95,540.0,2325.0
2021-05-14 15:00:00,NSE:EBIXFOREX,540.0,543.95,540.0,543.95,136.0
2021-05-14 15:01:00,NSE:EBIXFOREX,540.0,540.0,540.0,540.0,10.0
2021-05-14 15:02:00,NSE:EBIXFOREX,540.0,540.0,537.5,537.5,41.0
2021-05-14 15:03:00,NSE:EBIXFOREX,540.0,540.0,540.0,540.0,30.0
2021-05-14 15:04:00,NSE:EBIXFOREX,537.75,537.95,535.6,537.95,168.0
2021-05-14 15:05:00,NSE:EBIXFOREX,535.65,537.95,535.65,537.95,14.0
2021-05-14 15:06:00,NSE:EBIXFOREX,537.95,537.95,536.0,537.0,147.0
2021-05-14 15:07:00,NSE:EBIXFOREX,535.6,535.6,535.6,535.6,50.0
2021-05-14 15:08:00,NSE:EBIXFOREX,537.0,537.0,537.0,537.0,3.0
2021-05-14 15:10:00,NSE:EBIXFOREX,537.0,537.0,536.0,536.0,65.0
2021-05-14 15:11:00,NSE:EBIXFOREX,536.0,536.0,536.0,536.0,72.0
2021-05-14 15:12:00,NSE:EBIXFOREX,538.95,538.95,538.95,538.95,5.0
2021-05-14 15:13:00,NSE:EBIXFOREX,537.95,537.95,537.95,537.95,4.0
2021-05-14 15:14:00,NSE:EBIXFOREX,535.5,535.5,534.95,534.95,194.0
2021-05-14 15:15:00,NSE:EBIXFOREX,535.0,535.0,535.0,535.0,100.0
2021-05-14 15:16:00,NSE:EBIXFOREX,538.0,538.0,536.0,536.0,85.0
2021-05-14 15:17:00,NSE:EBIXFOREX,535.95,536.0,535.95,536.0,96.0
2021-05-14 15:18:00,NSE:EBIXFOREX,535.0,535.0,534.5,534.5,144.0
2021-05-14 15:19:00,NSE:EBIXFOREX,539.0,539.0,539.0,539.0,100.0
2021-05-14 15:20:00,NSE:EBIXFOREX,535.0,538.0,535.0,536.55,125.0
2021-05-14 15:21:00,NSE:EBIXFOREX,535.0,535.0,534.5,534.5,110.0
2021-05-14 15:22:00,NSE:EBIXFOREX,538.0,538.0,535.0,535.0,61.0
2021-05-14 15:23:00,NSE:EBIXFOREX,536.0,536.0,536.0,536.0,41.0
2021-05-14 15:24:00,NSE:EBIXFOREX,536.0,536.0,535.05,535.05,85.0
2021-05-14 15:25:00,NSE:EBIXFOREX,535.0,535.0,534.0,534.0,302.0
2021-05-14 15:26:00,NSE:EBIXFOREX,534.0,535.0,534.0,535.0,155.0
2021-05-14 15:27:00,NSE:EBIXFOREX,535.5,535.8,535.1,535.1,105.0
2021-05-14 15:28:00,NSE:EBIXFOREX,533.55,534.2,533.5,533.5,115.0
2021-05-14 15:29:00,NSE:EBIXFOREX,534.0,535.0,533.0,535.0,68.0
2021-05-17 09:07:00,NSE:EBIXFOREX,547.0,547.0,547.0,547.0,1234.0
2021-05-17 09:15:00,NSE:EBIXFOREX,547.0,560.0,544.95,558.95,491.0
2021-05-17 09:16:00,NSE:EBIXFOREX,556.0,556.0,551.8,554.95,60.0
2021-05-17 09:17:00,NSE:EBIXFOREX,553.0,555.0,553.0,554.0,346.0
2021-05-17 09:18:00,NSE:EBIXFOREX,554.0,554.0,548.95,551.75,885.0
2021-05-17 09:19:00,NSE:EBIXFOREX,551.65,552.0,550.0,551.35,353.0
2021-05-17 09:20:00,NSE:EBIXFOREX,552.0,552.0,551.35,551.95,55.0
2021-05-17 09:21:00,NSE:EBIXFOREX,551.95,553.0,549.95,549.95,375.0
2021-05-17 09:22:00,NSE:EBIXFOREX,550.0,550.0,548.0,550.0,582.0
2021-05-17 09:23:00,NSE:EBIXFOREX,553.0,553.0,553.0,553.0,95.0
2021-05-17 09:24:00,NSE:EBIXFOREX,553.0,553.0,550.5,550.5,52.0
2021-05-17 09:25:00,NSE:EBIXFOREX,552.4,552.4,550.0,550.0,70.0
2021-05-17 09:26:00,NSE:EBIXFOREX,549.05,550.0,549.05,550.0,408.0
2021-05-17 09:27:00,NSE:EBIXFOREX,550.0,555.45,550.0,555.45,706.0
2021-05-17 09:28:00,NSE:EBIXFOREX,551.5,555.0,551.5,553.0,84.0
2021-05-17 09:29:00,NSE:EBIXFOREX,554.95,554.95,552.5,554.95,299.0
2021-05-17 09:30:00,NSE:EBIXFOREX,554.95,554.95,554.95,554.95,94.0
2021-05-17 09:31:00,NSE:EBIXFOREX,555.0,557.65,555.0,555.4,520.0
2021-05-17 09:32:00,NSE:EBIXFOREX,558.0,576.8,558.0,571.1,3180.0
2021-05-17 09:33:00,NSE:EBIXFOREX,575.0,576.0,572.05,575.0,793.0
2021-05-17 09:34:00,NSE:EBIXFOREX,575.0,575.0,570.0,570.0,1408.0
2021-05-17 09:35:00,NSE:EBIXFOREX,568.75,573.0,568.0,573.0,497.0
2021-05-17 09:36:00,NSE:EBIXFOREX,572.4,572.45,567.35,567.35,538.0
2021-05-17 09:37:00,NSE:EBIXFOREX,567.9,573.0,565.0,573.0,720.0
2021-05-17 09:38:00,NSE:EBIXFOREX,575.0,575.0,572.25,575.0,600.0
2021-05-17 09:39:00,NSE:EBIXFOREX,572.15,573.5,570.75,573.5,168.0
2021-05-17 09:40:00,NSE:EBIXFOREX,576.0,576.0,572.65,574.2,217.0
2021-05-17 09:41:00,NSE:EBIXFOREX,574.6,575.0,574.6,575.0,194.0
2021-05-17 09:42:00,NSE:EBIXFOREX,574.55,575.0,572.1,575.0,83.0
2021-05-17 09:43:00,NSE:EBIXFOREX,575.0,575.9,572.15,574.0,369.0
2021-05-17 09:44:00,NSE:EBIXFOREX,578.0,584.1,578.0,583.5,958.0
2021-05-17 09:45:00,NSE:EBIXFOREX,586.05,595.05,583.1,594.0,2028.0
2021-05-17 09:46:00,NSE:EBIXFOREX,595.1,606.05,587.6,588.5,3575.0
2021-05-17 09:47:00,NSE:EBIXFOREX,593.95,593.95,583.95,588.05,1267.0
2021-05-17 09:48:00,NSE:EBIXFOREX,592.85,592.85,588.45,588.45,360.0
2021-05-17 09:49:00,NSE:EBIXFOREX,589.0,589.0,574.8,578.1,1362.0
2021-05-17 09:50:00,NSE:EBIXFOREX,579.75,589.9,578.0,589.0,1601.0
2021-05-17 09:51:00,NSE:EBIXFOREX,587.7,592.0,586.15,591.0,291.0
2021-05-17 09:52:00,NSE:EBIXFOREX,591.65,598.95,591.65,596.5,1305.0
2021-05-17 09:53:00,NSE:EBIXFOREX,597.0,604.0,596.05,604.0,818.0
2021-05-17 09:54:00,NSE:EBIXFOREX,601.05,618.0,600.0,612.8,3310.0
2021-05-17 09:55:00,NSE:EBIXFOREX,609.95,611.95,606.05,611.55,1940.0
2021-05-17 09:56:00,NSE:EBIXFOREX,608.85,617.0,606.25,615.05,1980.0
2021-05-17 09:57:00,NSE:EBIXFOREX,612.05,617.0,611.15,614.5,1623.0
2021-05-17 09:58:00,NSE:EBIXFOREX,608.6,609.85,606.95,607.0,964.0
2021-05-17 09:59:00,NSE:EBIXFOREX,606.95,608.85,604.1,608.85,1068.0
2021-05-17 10:00:00,NSE:EBIXFOREX,608.8,614.85,605.1,606.3,1249.0
2021-05-17 10:01:00,NSE:EBIXFOREX,613.75,614.8,607.55,610.3,728.0
2021-05-17 10:02:00,NSE:EBIXFOREX,610.6,617.8,610.6,617.75,2050.0
2021-05-17 10:03:00,NSE:EBIXFOREX,617.75,635.25,617.0,627.5,3483.0
2021-05-17 10:04:00,NSE:EBIXFOREX,629.3,634.25,622.6,624.6,1958.0
2021-05-17 10:05:00,NSE:EBIXFOREX,624.55,627.35,621.0,623.6,1731.0
2021-05-17 10:06:00,NSE:EBIXFOREX,622.0,625.85,621.1,621.85,502.0
2021-05-17 10:07:00,NSE:EBIXFOREX,621.6,629.7,621.1,629.65,1923.0
2021-05-17 10:08:00,NSE:EBIXFOREX,626.45,629.7,625.1,625.75,1048.0
2021-05-17 10:09:00,NSE:EBIXFOREX,625.8,634.0,625.8,633.75,1559.0
2021-05-17 10:10:00,NSE:EBIXFOREX,630.2,633.8,630.0,633.5,529.0
2021-05-17 10:11:00,NSE:EBIXFOREX,633.5,633.5,628.75,628.9,1546.0
2021-05-17 10:12:00,NSE:EBIXFOREX,628.9,629.0,626.05,626.05,270.0
2021-05-17 10:13:00,NSE:EBIXFOREX,627.15,643.05,625.2,633.3,18949.0
2021-05-17 10:14:00,NSE:EBIXFOREX,641.7,643.05,641.7,643.05,12935.0
2021-05-17 10:15:00,NSE:EBIXFOREX,643.05,643.05,643.05,643.05,1790.0
2021-05-17 10:16:00,NSE:EBIXFOREX,643.05,643.05,643.05,643.05,1150.0
2021-05-17 10:17:00,NSE:EBIXFOREX,643.05,643.05,643.05,643.05,138.0
2021-05-17 10:18:00,NSE:EBIXFOREX,643.05,643.05,643.05,643.05,111.0
2021-05-17 10:19:00,NSE:EBIXFOREX,643.05,643.05,643.05,643.05,12.0
2021-05-17 10:20:00,NSE:EBIXFOREX,643.05,643.05,643.05,643.05,2210.0
2021-05-17 10:21:00,NSE:EBIXFOREX,643.05,643.05,643.05,643.05,134.0
2021-05-17 10:22:00,NSE:EBIXFOREX,643.05,643.05,643.05,643.05,706.0
2021-05-17 10:23:00,NSE:EBIXFOREX,643.05,643.05,643.05,643.05,659.0
2021-05-17 10:24:00,NSE:EBIXFOREX,643.05,643.05,633.0,643.05,12851.0
2021-05-17 10:25:00,NSE:EBIXFOREX,643.05,643.05,643.05,643.05,451.0
2021-05-17 10:26:00,NSE:EBIXFOREX,643.05,643.05,643.05,643.05,423.0
2021-05-17 10:27:00,NSE:EBIXFOREX,643.05,643.05,643.05,643.05,130.0
2021-05-17 10:28:00,NSE:EBIXFOREX,643.05,643.05,643.05,643.05,590.0
2021-05-17 10:29:00,NSE:EBIXFOREX,643.05,643.05,643.05,643.05,373.0
2021-05-17 10:30:00,NSE:EBIXFOREX,643.05,643.05,643.05,643.05,1.0
2021-05-17 10:31:00,NSE:EBIXFOREX,643.05,643.05,643.05,643.05,1203.0
2021-05-17 10:32:00,NSE:EBIXFOREX,643.05,643.05,643.05,643.05,20.0
2021-05-17 10:33:00,NSE:EBIXFOREX,643.05,643.05,643.05,643.05,1.0
2021-05-17 10:34:00,NSE:EBIXFOREX,643.05,643.05,643.05,643.05,39.0
2021-05-17 10:35:00,NSE:EBIXFOREX,643.05,643.05,643.05,643.05,30.0
2021-05-17 10:36:00,NSE:EBIXFOREX,643.05,643.05,643.05,643.05,1.0
2021-05-17 10:37:00,NSE:EBIXFOREX,643.05,643.05,643.05,643.05,153.0
2021-05-17 10:38:00,NSE:EBIXFOREX,643.05,643.05,643.05,643.05,24.0
2021-05-17 10:40:00,NSE:EBIXFOREX,643.05,643.05,643.05,643.05,200.0
2021-05-17 10:42:00,NSE:EBIXFOREX,643.05,643.05,643.05,643.05,10.0
2021-05-17 10:43:00,NSE:EBIXFOREX,643.05,643.05,643.05,643.05,40.0
2021-05-17 10:45:00,NSE:EBIXFOREX,643.05,643.05,643.05,643.05,25.0
2021-05-17 10:46:00,NSE:EBIXFOREX,643.05,643.05,643.05,643.05,20.0
2021-05-17 10:47:00,NSE:EBIXFOREX,643.05,643.05,643.05,643.05,15.0
2021-05-17 10:49:00,NSE:EBIXFOREX,643.05,643.05,643.05,643.05,1.0
2021-05-17 10:50:00,NSE:EBIXFOREX,643.05,643.05,643.05,643.05,19.0
2021-05-17 10:51:00,NSE:EBIXFOREX,643.05,643.05,643.05,643.05,30.0
2021-05-17 10:52:00,NSE:EBIXFOREX,643.05,643.05,643.05,643.05,30.0
2021-05-17 10:53:00,NSE:EBIXFOREX,643.05,643.05,643.05,643.05,15.0
2021-05-17 10:56:00,NSE:EBIXFOREX,643.05,643.05,643.05,643.05,10.0
2021-05-17 10:57:00,NSE:EBIXFOREX,643.05,643.05,643.05,643.05,175.0
2021-05-17 11:00:00,NSE:EBIXFOREX,643.05,643.05,643.05,643.05,85.0
2021-05-17 11:01:00,NSE:EBIXFOREX,643.05,643.05,643.05,643.05,50.0
2021-05-17 11:03:00,NSE:EBIXFOREX,643.05,643.05,643.05,643.05,25.0
2021-05-17 11:05:00,NSE:EBIXFOREX,643.05,643.05,643.05,643.05,50.0
2021-05-17 11:07:00,NSE:EBIXFOREX,643.05,643.05,643.05,643.05,4.0
2021-05-17 11:08:00,NSE:EBIXFOREX,643.05,643.05,643.05,643.05,45.0
2021-05-17 11:10:00,NSE:EBIXFOREX,643.05,643.05,643.05,643.05,100.0
2021-05-17 11:21:00,NSE:EBIXFOREX,643.05,643.05,643.05,643.05,190.0
2021-05-17 11:22:00,NSE:EBIXFOREX,643.05,643.05,643.05,643.05,510.0
2021-05-17 11:23:00,NSE:EBIXFOREX,643.05,643.05,643.05,643.05,1.0
2021-05-17 11:25:00,NSE:EBIXFOREX,643.05,643.05,643.05,643.05,10.0
2021-05-17 11:26:00,NSE:EBIXFOREX,643.05,643.05,643.05,643.05,8.0
2021-05-17 11:30:00,NSE:EBIXFOREX,643.05,643.05,643.05,643.05,50.0
2021-05-17 11:31:00,NSE:EBIXFOREX,643.05,643.05,643.05,643.05,100.0
2021-05-17 11:35:00,NSE:EBIXFOREX,643.05,643.05,643.05,643.05,10.0
2021-05-17 11:36:00,NSE:EBIXFOREX,643.05,643.05,643.05,643.05,25.0
2021-05-17 11:38:00,NSE:EBIXFOREX,643.05,643.05,643.05,643.05,3.0
2021-05-17 11:39:00,NSE:EBIXFOREX,643.05,643.05,643.05,643.05,500.0
2021-05-17 11:40:00,NSE:EBIXFOREX,643.05,643.05,643.05,643.05,2.0
2021-05-17 11:42:00,NSE:EBIXFOREX,643.05,643.05,643.05,643.05,250.0
2021-05-17 11:43:00,NSE:EBIXFOREX,643.05,643.05,643.05,643.05,10.0
2021-05-17 11:45:00,NSE:EBIXFOREX,643.05,643.05,643.05,643.05,2.0
2021-05-17 11:47:00,NSE:EBIXFOREX,643.05,643.05,643.05,643.05,15.0
2021-05-17 11:48:00,NSE:EBIXFOREX,643.05,643.05,643.05,643.05,50.0
2021-05-17 11:50:00,NSE:EBIXFOREX,643.05,643.05,635.9,643.05,16611.0
2021-05-17 11:51:00,NSE:EBIXFOREX,643.05,643.05,643.05,643.05,13.0
2021-05-17 11:55:00,NSE:EBIXFOREX,643.05,643.05,643.05,643.05,18.0
2021-05-17 11:59:00,NSE:EBIXFOREX,643.05,643.05,643.05,643.05,10.0
2021-05-17 12:01:00,NSE:EBIXFOREX,643.05,643.05,643.05,643.05,20.0
2021-05-17 12:02:00,NSE:EBIXFOREX,643.05,643.05,643.05,643.05,15.0
2021-05-17 12:04:00,NSE:EBIXFOREX,643.05,643.05,643.05,643.05,20.0
2021-05-17 12:05:00,NSE:EBIXFOREX,643.05,643.05,643.05,643.05,1.0
2021-05-17 12:12:00,NSE:EBIXFOREX,643.05,643.05,643.05,643.05,20.0
2021-05-17 12:15:00,NSE:EBIXFOREX,643.05,643.05,643.05,643.05,7.0
2021-05-17 12:18:00,NSE:EBIXFOREX,643.05,643.05,643.05,643.05,2.0
2021-05-17 12:25:00,NSE:EBIXFOREX,643.05,643.05,643.05,643.05,10.0
2021-05-17 12:26:00,NSE:EBIXFOREX,643.05,643.05,643.05,643.05,10.0
2021-05-17 12:28:00,NSE:EBIXFOREX,643.05,643.05,643.05,643.05,40.0
2021-05-17 12:29:00,NSE:EBIXFOREX,643.05,643.05,643.05,643.05,9.0
2021-05-17 12:30:00,NSE:EBIXFOREX,643.05,643.05,643.05,643.05,1.0
2021-05-17 12:31:00,NSE:EBIXFOREX,643.05,643.05,643.05,643.05,9.0
2021-05-17 12:35:00,NSE:EBIXFOREX,643.05,643.05,643.05,643.05,1.0
2021-05-17 12:36:00,NSE:EBIXFOREX,643.05,643.05,643.05,643.05,50.0
2021-05-17 12:38:00,NSE:EBIXFOREX,643.05,643.05,643.05,643.05,3.0
2021-05-17 12:41:00,NSE:EBIXFOREX,643.05,643.05,643.05,643.05,10.0
2021-05-17 12:48:00,NSE:EBIXFOREX,643.05,643.05,643.05,643.05,10.0
2021-05-17 12:49:00,NSE:EBIXFOREX,643.05,643.05,643.05,643.05,76.0
2021-05-17 12:53:00,NSE:EBIXFOREX,643.05,643.05,643.05,643.05,3.0
2021-05-17 12:54:00,NSE:EBIXFOREX,643.05,643.05,643.05,643.05,25.0
2021-05-17 12:55:00,NSE:EBIXFOREX,643.05,643.05,643.05,643.05,47.0
2021-05-17 12:59:00,NSE:EBIXFOREX,643.05,643.05,643.05,643.05,152.0
2021-05-17 13:00:00,NSE:EBIXFOREX,643.05,643.05,643.05,643.05,9.0
2021-05-17 13:03:00,NSE:EBIXFOREX,643.05,643.05,643.05,643.05,1.0
2021-05-17 13:04:00,NSE:EBIXFOREX,643.05,643.05,643.05,643.05,10.0
2021-05-17 13:07:00,NSE:EBIXFOREX,643.05,643.05,643.05,643.05,111.0
2021-05-17 13:16:00,NSE:EBIXFOREX,643.05,643.05,643.05,643.05,15.0
2021-05-17 13:21:00,NSE:EBIXFOREX,643.05,643.05,643.05,643.05,1.0
2021-05-17 13:24:00,NSE:EBIXFOREX,643.05,643.05,643.05,643.05,50.0
2021-05-17 13:30:00,NSE:EBIXFOREX,643.05,643.05,643.05,643.05,1.0
2021-05-17 13:33:00,NSE:EBIXFOREX,643.05,643.05,643.05,643.05,1.0
2021-05-17 13:36:00,NSE:EBIXFOREX,643.05,643.05,643.05,643.05,4.0
2021-05-17 13:42:00,NSE:EBIXFOREX,643.05,643.05,643.05,643.05,50.0
2021-05-17 13:55:00,NSE:EBIXFOREX,643.05,643.05,643.05,643.05,75.0
2021-05-17 13:58:00,NSE:EBIXFOREX,643.05,643.05,643.05,643.05,5.0
2021-05-17 14:04:00,NSE:EBIXFOREX,643.05,643.05,643.05,643.05,5.0
2021-05-17 14:07:00,NSE:EBIXFOREX,643.05,643.05,643.05,643.05,25.0
2021-05-17 14:09:00,NSE:EBIXFOREX,643.05,643.05,643.05,643.05,12.0
2021-05-17 14:11:00,NSE:EBIXFOREX,643.05,643.05,643.05,643.05,15.0
2021-05-17 14:13:00,NSE:EBIXFOREX,643.05,643.05,643.05,643.05,14.0
2021-05-17 14:19:00,NSE:EBIXFOREX,643.05,643.05,643.05,643.05,1.0
2021-05-17 14:22:00,NSE:EBIXFOREX,643.05,643.05,643.05,643.05,82.0
2021-05-17 14:36:00,NSE:EBIXFOREX,643.05,643.05,643.05,643.05,140.0
2021-05-17 14:50:00,NSE:EBIXFOREX,643.05,643.05,643.05,643.05,55.0
2021-05-17 15:00:00,NSE:EBIXFOREX,643.05,643.05,643.05,643.05,20.0
2021-05-17 15:01:00,NSE:EBIXFOREX,643.05,643.05,643.05,643.05,1.0
2021-05-17 15:13:00,NSE:EBIXFOREX,643.05,643.05,643.05,643.05,18.0
2021-05-17 15:16:00,NSE:EBIXFOREX,643.05,643.05,643.05,643.05,100.0
2021-05-17 15:20:00,NSE:EBIXFOREX,643.05,643.05,643.05,643.05,99.0
2021-05-17 15:22:00,NSE:EBIXFOREX,643.05,643.05,643.05,643.05,100.0
2021-05-17 15:29:00,NSE:EBIXFOREX,643.05,643.05,643.05,643.05,2.0
2021-05-17 15:44:00,NSE:EBIXFOREX,643.05,643.05,643.05,643.05,25.0
2021-05-18 09:07:00,NSE:EBIXFOREX,706.0,706.0,706.0,706.0,1993.0
2021-05-18 09:15:00,NSE:EBIXFOREX,718.55,739.0,718.55,730.15,10333.0
2021-05-18 09:16:00,NSE:EBIXFOREX,727.3,727.3,720.1,722.95,5534.0
2021-05-18 09:17:00,NSE:EBIXFOREX,719.0,735.0,715.65,735.0,9150.0
2021-05-18 09:18:00,NSE:EBIXFOREX,734.8,734.8,725.65,727.0,4895.0
2021-05-18 09:19:00,NSE:EBIXFOREX,727.0,727.0,721.0,725.5,4251.0
2021-05-18 09:20:00,NSE:EBIXFOREX,725.5,726.9,723.15,726.0,928.0
2021-05-18 09:21:00,NSE:EBIXFOREX,727.05,735.0,727.05,730.0,3851.0
2021-05-18 09:22:00,NSE:EBIXFOREX,728.95,732.75,722.75,722.75,3203.0
2021-05-18 09:23:00,NSE:EBIXFOREX,721.1,724.1,717.0,719.1,2502.0
2021-05-18 09:24:00,NSE:EBIXFOREX,719.0,725.0,719.0,725.0,908.0
2021-05-18 09:25:00,NSE:EBIXFOREX,722.2,725.0,722.2,723.1,1105.0
2021-05-18 09:26:00,NSE:EBIXFOREX,723.15,724.1,715.0,717.95,3664.0
2021-05-18 09:27:00,NSE:EBIXFOREX,717.65,717.65,702.0,703.0,5677.0
2021-05-18 09:28:00,NSE:EBIXFOREX,704.3,707.35,702.15,707.35,2350.0
2021-05-18 09:29:00,NSE:EBIXFOREX,707.9,714.0,707.9,714.0,1141.0
2021-05-18 09:30:00,NSE:EBIXFOREX,713.7,714.4,707.05,714.4,2531.0
2021-05-18 09:31:00,NSE:EBIXFOREX,711.55,716.95,711.55,715.95,901.0
2021-05-18 09:32:00,NSE:EBIXFOREX,714.55,720.7,714.55,719.05,765.0
2021-05-18 09:33:00,NSE:EBIXFOREX,723.0,723.85,718.15,722.9,1473.0
2021-05-18 09:34:00,NSE:EBIXFOREX,722.0,723.85,722.0,723.7,1166.0
2021-05-18 09:35:00,NSE:EBIXFOREX,722.4,723.65,720.0,723.5,1004.0
2021-05-18 09:36:00,NSE:EBIXFOREX,723.65,723.65,720.55,721.5,755.0
2021-05-18 09:37:00,NSE:EBIXFOREX,723.25,723.5,721.05,722.95,387.0
2021-05-18 09:38:00,NSE:EBIXFOREX,722.05,724.9,722.05,723.4,869.0
2021-05-18 09:39:00,NSE:EBIXFOREX,724.25,724.85,723.35,724.4,982.0
2021-05-18 09:40:00,NSE:EBIXFOREX,723.85,723.9,721.05,722.0,698.0
2021-05-18 09:41:00,NSE:EBIXFOREX,721.15,723.75,717.15,723.75,1225.0
2021-05-18 09:42:00,NSE:EBIXFOREX,717.3,722.9,717.3,719.6,623.0
2021-05-18 09:43:00,NSE:EBIXFOREX,718.25,720.75,718.15,718.95,432.0
2021-05-18 09:44:00,NSE:EBIXFOREX,718.0,719.45,717.5,719.45,640.0
2021-05-18 09:45:00,NSE:EBIXFOREX,719.2,719.2,715.15,716.15,1050.0
2021-05-18 09:46:00,NSE:EBIXFOREX,717.8,717.8,712.25,712.45,1374.0
2021-05-18 09:47:00,NSE:EBIXFOREX,711.7,711.7,704.0,707.15,2224.0
2021-05-18 09:48:00,NSE:EBIXFOREX,707.55,708.2,695.15,695.15,2818.0
2021-05-18 09:49:00,NSE:EBIXFOREX,694.1,700.0,693.1,699.3,1091.0
2021-05-18 09:50:00,NSE:EBIXFOREX,698.65,700.0,693.0,693.0,1449.0
2021-05-18 09:51:00,NSE:EBIXFOREX,699.7,699.7,695.45,696.5,525.0
2021-05-18 09:52:00,NSE:EBIXFOREX,696.9,705.0,696.9,703.9,657.0
2021-05-18 09:53:00,NSE:EBIXFOREX,702.1,704.0,699.1,699.1,445.0
2021-05-18 09:54:00,NSE:EBIXFOREX,699.1,699.1,695.45,698.55,382.0
2021-05-18 09:55:00,NSE:EBIXFOREX,695.45,699.95,695.45,696.45,460.0
2021-05-18 09:56:00,NSE:EBIXFOREX,699.55,701.1,695.8,698.55,348.0
2021-05-18 09:57:00,NSE:EBIXFOREX,699.0,699.6,695.7,699.2,393.0
2021-05-18 09:58:00,NSE:EBIXFOREX,699.0,699.0,693.6,693.6,529.0
2021-05-18 09:59:00,NSE:EBIXFOREX,693.6,698.0,693.6,697.3,567.0
2021-05-18 10:00:00,NSE:EBIXFOREX,695.05,695.05,686.0,688.05,1862.0
2021-05-18 10:01:00,NSE:EBIXFOREX,689.75,691.8,684.0,684.55,1572.0
2021-05-18 10:02:00,NSE:EBIXFOREX,686.4,688.75,681.55,686.1,1215.0
2021-05-18 10:03:00,NSE:EBIXFOREX,686.75,687.95,682.0,686.55,600.0
2021-05-18 10:04:00,NSE:EBIXFOREX,684.0,684.0,680.0,683.1,438.0
2021-05-18 10:05:00,NSE:EBIXFOREX,681.5,682.85,680.0,682.65,524.0
2021-05-18 10:06:00,NSE:EBIXFOREX,683.9,684.0,675.6,677.3,873.0
2021-05-18 10:07:00,NSE:EBIXFOREX,677.6,679.55,675.1,675.1,1199.0
2021-05-18 10:08:00,NSE:EBIXFOREX,680.0,680.5,677.2,680.0,589.0
2021-05-18 10:09:00,NSE:EBIXFOREX,677.25,679.7,675.1,675.5,464.0
2021-05-18 10:10:00,NSE:EBIXFOREX,676.25,680.0,676.25,680.0,716.0
2021-05-18 10:11:00,NSE:EBIXFOREX,679.35,683.95,676.3,680.95,1720.0
2021-05-18 10:12:00,NSE:EBIXFOREX,678.55,681.6,678.55,681.4,392.0
2021-05-18 10:13:00,NSE:EBIXFOREX,681.8,686.55,681.8,684.95,97.0
2021-05-18 10:14:00,NSE:EBIXFOREX,682.0,684.8,680.0,680.05,547.0
2021-05-18 10:15:00,NSE:EBIXFOREX,684.0,686.05,683.0,686.05,664.0
2021-05-18 10:16:00,NSE:EBIXFOREX,687.55,690.4,686.0,690.4,333.0
2021-05-18 10:17:00,NSE:EBIXFOREX,690.2,690.2,689.65,689.65,185.0
2021-05-18 10:18:00,NSE:EBIXFOREX,687.7,687.7,683.65,687.1,430.0
2021-05-18 10:19:00,NSE:EBIXFOREX,688.0,689.4,688.0,689.4,190.0
2021-05-18 10:20:00,NSE:EBIXFOREX,689.4,690.75,689.35,690.0,303.0
2021-05-18 10:21:00,NSE:EBIXFOREX,688.0,688.0,686.45,686.45,107.0
2021-05-18 10:22:00,NSE:EBIXFOREX,689.2,696.0,689.2,696.0,686.0
2021-05-18 10:23:00,NSE:EBIXFOREX,696.0,696.0,690.2,693.5,738.0
2021-05-18 10:24:00,NSE:EBIXFOREX,693.5,695.5,693.45,695.5,1711.0
2021-05-18 10:25:00,NSE:EBIXFOREX,695.5,700.0,695.5,697.9,432.0
2021-05-18 10:26:00,NSE:EBIXFOREX,696.55,703.5,694.05,698.9,771.0
2021-05-18 10:27:00,NSE:EBIXFOREX,698.95,699.0,693.0,695.0,560.0
2021-05-18 10:28:00,NSE:EBIXFOREX,695.8,700.85,690.45,696.6,1291.0
2021-05-18 10:29:00,NSE:EBIXFOREX,698.85,700.7,695.0,699.55,102.0
2021-05-18 10:30:00,NSE:EBIXFOREX,701.0,703.5,698.1,700.35,250.0
2021-05-18 10:31:00,NSE:EBIXFOREX,701.75,703.0,698.15,700.0,454.0
2021-05-18 10:32:00,NSE:EBIXFOREX,700.0,702.95,699.95,702.95,752.0
2021-05-18 10:33:00,NSE:EBIXFOREX,702.6,703.5,700.4,703.5,232.0
2021-05-18 10:34:00,NSE:EBIXFOREX,702.1,708.0,702.05,707.3,415.0
2021-05-18 10:35:00,NSE:EBIXFOREX,705.45,710.5,705.45,709.9,716.0
2021-05-18 10:36:00,NSE:EBIXFOREX,709.75,720.1,709.75,720.1,1465.0
2021-05-18 10:37:00,NSE:EBIXFOREX,716.1,719.65,714.0,718.0,888.0
2021-05-18 10:38:00,NSE:EBIXFOREX,715.7,716.0,713.15,716.0,236.0
2021-05-18 10:39:00,NSE:EBIXFOREX,715.0,717.0,713.0,715.0,105.0
2021-05-18 10:40:00,NSE:EBIXFOREX,714.95,716.9,710.05,710.05,1793.0
2021-05-18 10:41:00,NSE:EBIXFOREX,714.0,714.0,707.3,710.0,120.0
2021-05-18 10:42:00,NSE:EBIXFOREX,708.35,710.0,708.25,708.45,199.0
2021-05-18 10:43:00,NSE:EBIXFOREX,708.5,712.5,708.35,709.0,838.0
2021-05-18 10:44:00,NSE:EBIXFOREX,710.0,712.7,710.0,712.7,28.0
2021-05-18 10:45:00,NSE:EBIXFOREX,713.5,715.5,711.0,712.4,1029.0
2021-05-18 10:46:00,NSE:EBIXFOREX,711.9,712.0,709.0,710.0,161.0
2021-05-18 10:47:00,NSE:EBIXFOREX,710.0,711.65,706.1,709.05,233.0
2021-05-18 10:48:00,NSE:EBIXFOREX,709.9,712.85,709.9,712.0,474.0
2021-05-18 10:49:00,NSE:EBIXFOREX,712.0,712.55,712.0,712.0,277.0
2021-05-18 10:50:00,NSE:EBIXFOREX,711.3,713.0,711.1,711.3,368.0
2021-05-18 10:51:00,NSE:EBIXFOREX,710.1,712.0,710.0,711.15,498.0
2021-05-18 10:52:00,NSE:EBIXFOREX,711.7,711.7,711.0,711.0,80.0
2021-05-18 10:53:00,NSE:EBIXFOREX,710.7,711.35,710.7,711.35,247.0
2021-05-18 10:54:00,NSE:EBIXFOREX,707.15,711.65,707.15,711.5,379.0
2021-05-18 10:55:00,NSE:EBIXFOREX,711.45,711.45,707.0,709.9,113.0
2021-05-18 10:56:00,NSE:EBIXFOREX,711.0,711.95,708.4,711.85,369.0
2021-05-18 10:57:00,NSE:EBIXFOREX,712.5,712.5,712.1,712.2,122.0
2021-05-18 10:58:00,NSE:EBIXFOREX,711.45,711.45,709.05,709.05,52.0
2021-05-18 10:59:00,NSE:EBIXFOREX,711.5,711.5,709.1,709.1,633.0
2021-05-18 11:00:00,NSE:EBIXFOREX,709.1,709.1,709.1,709.1,20.0
2021-05-18 11:01:00,NSE:EBIXFOREX,710.95,711.75,709.15,709.15,117.0
2021-05-18 11:02:00,NSE:EBIXFOREX,703.75,710.4,703.75,708.0,691.0
2021-05-18 11:03:00,NSE:EBIXFOREX,711.0,711.0,710.35,710.35,162.0
2021-05-18 11:04:00,NSE:EBIXFOREX,710.35,710.35,704.1,710.0,1086.0
2021-05-18 11:05:00,NSE:EBIXFOREX,710.0,710.0,706.35,706.35,675.0
2021-05-18 11:06:00,NSE:EBIXFOREX,709.75,712.0,709.65,711.45,647.0
2021-05-18 11:07:00,NSE:EBIXFOREX,710.05,710.05,708.55,709.0,77.0
2021-05-18 11:08:00,NSE:EBIXFOREX,708.6,710.0,708.6,710.0,431.0
2021-05-18 11:09:00,NSE:EBIXFOREX,709.0,709.0,709.0,709.0,21.0
2021-05-18 11:10:00,NSE:EBIXFOREX,708.9,708.9,708.9,708.9,160.0
2021-05-18 11:11:00,NSE:EBIXFOREX,710.0,710.0,708.95,708.95,2.0
2021-05-18 11:12:00,NSE:EBIXFOREX,710.75,711.9,710.75,711.9,38.0
2021-05-18 11:13:00,NSE:EBIXFOREX,711.9,711.9,709.1,709.15,41.0
2021-05-18 11:14:00,NSE:EBIXFOREX,711.85,711.85,711.85,711.85,1.0
2021-05-18 11:15:00,NSE:EBIXFOREX,711.75,711.75,711.75,711.75,5.0
2021-05-18 11:16:00,NSE:EBIXFOREX,711.7,711.7,711.7,711.7,120.0
2021-05-18 11:17:00,NSE:EBIXFOREX,709.15,709.15,709.15,709.15,3.0
2021-05-18 11:18:00,NSE:EBIXFOREX,709.15,711.2,709.15,711.1,16.0
2021-05-18 11:19:00,NSE:EBIXFOREX,711.15,711.15,709.9,709.9,3.0
2021-05-18 11:20:00,NSE:EBIXFOREX,709.2,709.2,709.2,709.2,80.0
2021-05-18 11:21:00,NSE:EBIXFOREX,709.2,711.1,709.2,711.1,22.0
2021-05-18 11:22:00,NSE:EBIXFOREX,709.55,710.0,708.0,710.0,248.0
2021-05-18 11:23:00,NSE:EBIXFOREX,708.4,708.4,708.4,708.4,10.0
2021-05-18 11:24:00,NSE:EBIXFOREX,708.2,708.2,708.2,708.2,62.0
2021-05-18 11:25:00,NSE:EBIXFOREX,709.5,710.0,708.2,708.2,23.0
2021-05-18 11:26:00,NSE:EBIXFOREX,708.05,710.0,708.05,708.2,185.0
2021-05-18 11:27:00,NSE:EBIXFOREX,708.1,708.1,708.05,708.05,103.0
2021-05-18 11:28:00,NSE:EBIXFOREX,710.0,710.0,708.3,708.3,101.0
2021-05-18 11:29:00,NSE:EBIXFOREX,709.45,709.45,709.45,709.45,10.0
2021-05-18 11:30:00,NSE:EBIXFOREX,710.0,710.0,709.0,709.0,195.0
2021-05-18 11:31:00,NSE:EBIXFOREX,710.0,710.0,708.15,708.15,102.0
2021-05-18 11:32:00,NSE:EBIXFOREX,708.0,708.1,707.0,707.65,153.0
2021-05-18 11:33:00,NSE:EBIXFOREX,707.95,707.95,706.4,706.4,13.0
2021-05-18 11:34:00,NSE:EBIXFOREX,706.45,709.85,706.45,707.0,194.0
2021-05-18 11:35:00,NSE:EBIXFOREX,705.0,706.95,705.0,705.1,204.0
2021-05-18 11:36:00,NSE:EBIXFOREX,705.05,708.35,705.05,708.3,177.0
2021-05-18 11:37:00,NSE:EBIXFOREX,708.3,709.8,708.3,709.6,139.0
2021-05-18 11:38:00,NSE:EBIXFOREX,708.45,708.45,708.4,708.4,50.0
2021-05-18 11:39:00,NSE:EBIXFOREX,709.6,709.6,709.6,709.6,39.0
2021-05-18 11:40:00,NSE:EBIXFOREX,709.65,709.8,705.35,705.35,156.0
2021-05-18 11:41:00,NSE:EBIXFOREX,708.0,709.75,708.0,709.4,23.0
2021-05-18 11:42:00,NSE:EBIXFOREX,705.2,709.0,705.2,709.0,96.0
2021-05-18 11:43:00,NSE:EBIXFOREX,708.0,708.0,708.0,708.0,2.0
2021-05-18 11:44:00,NSE:EBIXFOREX,706.3,709.0,706.3,709.0,94.0
2021-05-18 11:45:00,NSE:EBIXFOREX,708.0,708.0,708.0,708.0,5.0
2021-05-18 11:46:00,NSE:EBIXFOREX,705.4,707.0,705.4,707.0,134.0
2021-05-18 11:47:00,NSE:EBIXFOREX,707.4,707.4,705.3,705.3,90.0
2021-05-18 11:48:00,NSE:EBIXFOREX,706.85,706.95,705.35,705.35,46.0
2021-05-18 11:49:00,NSE:EBIXFOREX,705.3,705.3,704.0,704.0,437.0
2021-05-18 11:50:00,NSE:EBIXFOREX,704.0,707.45,704.0,705.0,318.0
2021-05-18 11:51:00,NSE:EBIXFOREX,706.0,706.5,706.0,706.5,26.0
2021-05-18 11:52:00,NSE:EBIXFOREX,705.0,705.55,703.3,703.3,58.0
2021-05-18 11:53:00,NSE:EBIXFOREX,706.25,706.25,700.7,700.7,287.0
2021-05-18 11:54:00,NSE:EBIXFOREX,701.0,703.55,700.0,703.55,185.0
2021-05-18 11:55:00,NSE:EBIXFOREX,701.1,703.55,698.0,698.0,307.0
2021-05-18 11:56:00,NSE:EBIXFOREX,697.25,702.0,692.0,692.0,260.0
2021-05-18 11:57:00,NSE:EBIXFOREX,690.0,694.9,690.0,693.05,453.0
2021-05-18 11:58:00,NSE:EBIXFOREX,693.0,693.95,689.0,689.15,367.0
2021-05-18 11:59:00,NSE:EBIXFOREX,689.15,694.0,688.7,689.15,237.0
2021-05-18 12:00:00,NSE:EBIXFOREX,692.15,693.6,692.15,693.6,110.0
2021-05-18 12:01:00,NSE:EBIXFOREX,693.6,693.6,691.35,692.9,67.0
2021-05-18 12:02:00,NSE:EBIXFOREX,693.55,693.6,690.0,690.0,527.0
2021-05-18 12:03:00,NSE:EBIXFOREX,691.75,694.0,691.75,694.0,589.0
2021-05-18 12:04:00,NSE:EBIXFOREX,693.9,693.9,692.45,692.45,55.0
2021-05-18 12:05:00,NSE:EBIXFOREX,692.0,692.0,690.0,690.0,529.0
2021-05-18 12:06:00,NSE:EBIXFOREX,689.8,691.3,689.8,691.25,182.0
2021-05-18 12:07:00,NSE:EBIXFOREX,691.25,691.25,691.0,691.25,113.0
2021-05-18 12:08:00,NSE:EBIXFOREX,691.95,692.0,691.95,692.0,191.0
2021-05-18 12:09:00,NSE:EBIXFOREX,692.0,692.0,691.25,691.25,184.0
2021-05-18 12:10:00,NSE:EBIXFOREX,691.25,691.25,691.0,691.0,6.0
2021-05-18 12:11:00,NSE:EBIXFOREX,691.25,692.0,691.25,692.0,244.0
2021-05-18 12:12:00,NSE:EBIXFOREX,692.0,692.0,691.95,691.95,20.0
2021-05-18 12:13:00,NSE:EBIXFOREX,691.95,691.95,691.5,691.5,17.0
2021-05-18 12:14:00,NSE:EBIXFOREX,691.4,691.5,691.4,691.5,135.0
2021-05-18 12:15:00,NSE:EBIXFOREX,691.5,691.5,691.5,691.5,46.0
2021-05-18 12:17:00,NSE:EBIXFOREX,690.05,690.15,689.75,689.75,495.0
2021-05-18 12:18:00,NSE:EBIXFOREX,689.95,690.0,689.7,690.0,181.0
2021-05-18 12:19:00,NSE:EBIXFOREX,690.0,691.55,689.8,691.55,374.0
2021-05-18 12:20:00,NSE:EBIXFOREX,691.2,691.2,691.2,691.2,5.0
2021-05-18 12:21:00,NSE:EBIXFOREX,689.95,689.95,688.9,688.9,29.0
2021-05-18 12:22:00,NSE:EBIXFOREX,690.0,690.0,689.95,689.95,11.0
2021-05-18 12:23:00,NSE:EBIXFOREX,690.0,690.0,688.85,688.85,159.0
2021-05-18 12:24:00,NSE:EBIXFOREX,689.7,689.7,689.65,689.65,36.0
2021-05-18 12:25:00,NSE:EBIXFOREX,688.7,689.8,688.7,689.8,200.0
2021-05-18 12:26:00,NSE:EBIXFOREX,688.55,690.0,688.55,690.0,179.0
2021-05-18 12:27:00,NSE:EBIXFOREX,690.0,690.0,690.0,690.0,4.0
2021-05-18 12:28:00,NSE:EBIXFOREX,688.6,688.6,688.6,688.6,10.0
2021-05-18 12:30:00,NSE:EBIXFOREX,689.45,689.45,689.05,689.05,50.0
2021-05-18 12:31:00,NSE:EBIXFOREX,689.3,689.3,688.0,688.95,177.0
2021-05-18 12:32:00,NSE:EBIXFOREX,688.6,688.6,686.4,686.4,56.0
2021-05-18 12:33:00,NSE:EBIXFOREX,688.45,688.45,687.4,688.0,147.0
2021-05-18 12:34:00,NSE:EBIXFOREX,687.45,688.45,687.45,688.45,27.0
2021-05-18 12:35:00,NSE:EBIXFOREX,687.05,688.35,687.05,688.35,45.0
2021-05-18 12:36:00,NSE:EBIXFOREX,687.25,688.4,687.25,688.4,166.0
2021-05-18 12:37:00,NSE:EBIXFOREX,686.45,686.45,681.25,682.0,595.0
2021-05-18 12:38:00,NSE:EBIXFOREX,682.0,682.0,676.6,676.6,287.0
2021-05-18 12:39:00,NSE:EBIXFOREX,677.45,687.0,677.45,685.95,380.0
2021-05-18 12:40:00,NSE:EBIXFOREX,685.95,688.0,685.0,686.0,474.0
2021-05-18 12:41:00,NSE:EBIXFOREX,685.0,686.25,683.1,686.25,185.0
2021-05-18 12:42:00,NSE:EBIXFOREX,685.15,687.0,685.15,687.0,160.0
2021-05-18 12:43:00,NSE:EBIXFOREX,685.65,687.75,685.65,687.35,7.0
2021-05-18 12:44:00,NSE:EBIXFOREX,687.45,687.75,685.0,685.85,158.0
2021-05-18 12:45:00,NSE:EBIXFOREX,687.0,687.7,685.0,685.0,232.0
2021-05-18 12:46:00,NSE:EBIXFOREX,686.65,686.65,686.6,686.6,9.0
2021-05-18 12:47:00,NSE:EBIXFOREX,687.1,687.1,685.5,685.7,82.0
2021-05-18 12:48:00,NSE:EBIXFOREX,686.35,686.8,685.75,686.8,27.0
2021-05-18 12:49:00,NSE:EBIXFOREX,686.0,687.35,686.0,687.35,30.0
2021-05-18 12:50:00,NSE:EBIXFOREX,687.3,687.3,687.3,687.3,4.0
2021-05-18 12:51:00,NSE:EBIXFOREX,687.0,687.0,687.0,687.0,48.0
2021-05-18 12:52:00,NSE:EBIXFOREX,688.0,688.0,687.1,688.0,121.0
2021-05-18 12:53:00,NSE:EBIXFOREX,688.0,688.0,688.0,688.0,19.0
2021-05-18 12:54:00,NSE:EBIXFOREX,687.9,687.9,687.9,687.9,78.0
2021-05-18 12:55:00,NSE:EBIXFOREX,687.9,688.0,687.1,688.0,261.0
2021-05-18 12:56:00,NSE:EBIXFOREX,688.0,688.0,688.0,688.0,1053.0
2021-05-18 12:57:00,NSE:EBIXFOREX,696.1,706.4,696.1,704.1,2016.0
2021-05-18 12:58:00,NSE:EBIXFOREX,701.3,704.5,701.3,703.5,200.0
2021-05-18 12:59:00,NSE:EBIXFOREX,700.05,703.5,700.05,702.95,717.0
2021-05-18 13:00:00,NSE:EBIXFOREX,701.0,702.75,701.0,702.45,158.0
2021-05-18 13:01:00,NSE:EBIXFOREX,702.35,702.5,702.35,702.5,257.0
2021-05-18 13:02:00,NSE:EBIXFOREX,703.8,709.0,703.8,708.95,713.0
2021-05-18 13:03:00,NSE:EBIXFOREX,705.9,710.05,705.9,707.2,922.0
2021-05-18 13:04:00,NSE:EBIXFOREX,706.95,708.1,706.15,708.1,168.0
2021-05-18 13:05:00,NSE:EBIXFOREX,710.0,711.0,705.8,708.05,298.0
2021-05-18 13:06:00,NSE:EBIXFOREX,708.15,708.15,705.95,708.05,426.0
2021-05-18 13:07:00,NSE:EBIXFOREX,706.2,706.2,706.2,706.2,1.0
2021-05-18 13:08:00,NSE:EBIXFOREX,708.35,710.2,705.25,705.25,548.0
2021-05-18 13:09:00,NSE:EBIXFOREX,709.9,709.9,705.25,705.25,74.0
2021-05-18 13:10:00,NSE:EBIXFOREX,708.45,709.25,706.0,709.25,152.0
2021-05-18 13:11:00,NSE:EBIXFOREX,706.2,709.35,705.25,705.25,227.0
2021-05-18 13:12:00,NSE:EBIXFOREX,707.65,707.7,707.65,707.65,93.0
2021-05-18 13:13:00,NSE:EBIXFOREX,707.65,707.65,707.65,707.65,27.0
2021-05-18 13:14:00,NSE:EBIXFOREX,705.0,707.6,705.0,707.6,229.0
2021-05-18 13:15:00,NSE:EBIXFOREX,708.0,708.0,707.95,707.95,52.0
2021-05-18 13:17:00,NSE:EBIXFOREX,709.0,709.0,702.5,706.9,341.0
2021-05-18 13:18:00,NSE:EBIXFOREX,707.0,707.0,703.95,706.35,95.0
2021-05-18 13:19:00,NSE:EBIXFOREX,706.0,706.0,706.0,706.0,41.0
2021-05-18 13:20:00,NSE:EBIXFOREX,704.5,704.95,703.0,704.0,44.0
2021-05-18 13:21:00,NSE:EBIXFOREX,703.05,703.05,703.0,703.0,10.0
2021-05-18 13:22:00,NSE:EBIXFOREX,703.0,704.0,703.0,704.0,83.0
2021-05-18 13:23:00,NSE:EBIXFOREX,702.0,702.0,702.0,702.0,24.0
2021-05-18 13:24:00,NSE:EBIXFOREX,701.95,702.0,701.95,702.0,91.0
2021-05-18 13:25:00,NSE:EBIXFOREX,701.25,702.0,701.25,702.0,21.0
2021-05-18 13:26:00,NSE:EBIXFOREX,702.15,702.15,702.15,702.15,18.0
2021-05-18 13:28:00,NSE:EBIXFOREX,702.05,706.0,702.05,706.0,62.0
2021-05-18 13:30:00,NSE:EBIXFOREX,704.35,704.35,704.35,704.35,10.0
2021-05-18 13:32:00,NSE:EBIXFOREX,705.25,708.0,704.4,704.5,50.0
2021-05-18 13:33:00,NSE:EBIXFOREX,704.5,704.5,702.15,704.5,35.0
2021-05-18 13:34:00,NSE:EBIXFOREX,702.1,704.4,702.1,704.25,57.0
2021-05-18 13:35:00,NSE:EBIXFOREX,702.55,702.55,702.15,702.15,20.0
2021-05-18 13:36:00,NSE:EBIXFOREX,702.5,702.55,702.5,702.55,7.0
2021-05-18 13:37:00,NSE:EBIXFOREX,704.4,704.4,704.4,704.4,5.0
2021-05-18 13:38:00,NSE:EBIXFOREX,704.4,704.4,704.4,704.4,13.0
2021-05-18 13:39:00,NSE:EBIXFOREX,706.4,707.2,704.05,704.05,17.0
2021-05-18 13:40:00,NSE:EBIXFOREX,705.0,705.0,705.0,705.0,5.0
2021-05-18 13:41:00,NSE:EBIXFOREX,701.2,701.2,696.1,696.1,1434.0
2021-05-18 13:42:00,NSE:EBIXFOREX,696.85,699.5,696.85,699.5,117.0
2021-05-18 13:43:00,NSE:EBIXFOREX,699.5,699.5,699.5,699.5,2.0
2021-05-18 13:44:00,NSE:EBIXFOREX,699.5,699.55,699.5,699.55,119.0
2021-05-18 13:45:00,NSE:EBIXFOREX,700.45,702.15,699.5,699.5,260.0
2021-05-18 13:46:00,NSE:EBIXFOREX,700.15,701.0,700.15,701.0,5.0
2021-05-18 13:47:00,NSE:EBIXFOREX,701.85,701.85,699.05,699.05,91.0
2021-05-18 13:48:00,NSE:EBIXFOREX,699.0,699.0,699.0,699.0,102.0
2021-05-18 13:49:00,NSE:EBIXFOREX,698.8,698.8,696.7,696.7,19.0
2021-05-18 13:50:00,NSE:EBIXFOREX,698.25,698.25,696.65,696.65,22.0
2021-05-18 13:51:00,NSE:EBIXFOREX,696.65,697.8,696.65,697.8,8.0
2021-05-18 13:53:00,NSE:EBIXFOREX,698.5,698.75,698.5,698.75,45.0
2021-05-18 13:54:00,NSE:EBIXFOREX,698.75,698.75,695.0,695.0,280.0
2021-05-18 13:55:00,NSE:EBIXFOREX,696.65,697.45,696.65,697.45,82.0
2021-05-18 13:56:00,NSE:EBIXFOREX,697.45,697.45,697.45,697.45,12.0
2021-05-18 13:57:00,NSE:EBIXFOREX,702.4,702.4,702.4,702.4,226.0
2021-05-18 13:58:00,NSE:EBIXFOREX,705.0,707.0,699.8,700.0,847.0
2021-05-18 14:00:00,NSE:EBIXFOREX,707.0,707.0,704.05,705.0,574.0
2021-05-18 14:01:00,NSE:EBIXFOREX,704.25,704.25,704.25,704.25,108.0
2021-05-18 14:02:00,NSE:EBIXFOREX,704.25,704.25,702.2,703.1,37.0
2021-05-18 14:03:00,NSE:EBIXFOREX,703.5,704.45,703.1,704.45,63.0
2021-05-18 14:04:00,NSE:EBIXFOREX,704.5,704.5,704.5,704.5,1.0
2021-05-18 14:05:00,NSE:EBIXFOREX,705.0,705.0,700.4,700.4,188.0
2021-05-18 14:06:00,NSE:EBIXFOREX,705.0,705.0,700.95,700.95,110.0
2021-05-18 14:07:00,NSE:EBIXFOREX,701.65,703.0,701.65,703.0,27.0
2021-05-18 14:08:00,NSE:EBIXFOREX,703.0,703.0,701.1,701.1,54.0
2021-05-18 14:09:00,NSE:EBIXFOREX,702.7,704.45,702.7,704.45,97.0
2021-05-18 14:10:00,NSE:EBIXFOREX,702.45,702.45,702.45,702.45,10.0
2021-05-18 14:12:00,NSE:EBIXFOREX,703.75,703.75,703.75,703.75,1.0
2021-05-18 14:15:00,NSE:EBIXFOREX,701.25,701.25,701.25,701.25,18.0
2021-05-18 14:16:00,NSE:EBIXFOREX,701.25,701.25,701.25,701.25,21.0
2021-05-18 14:17:00,NSE:EBIXFOREX,701.25,701.25,701.25,701.25,10.0
2021-05-18 14:19:00,NSE:EBIXFOREX,701.35,701.35,701.35,701.35,1.0
2021-05-18 14:20:00,NSE:EBIXFOREX,703.65,703.65,703.65,703.65,11.0
2021-05-18 14:21:00,NSE:EBIXFOREX,702.3,702.75,702.3,702.75,10.0
2021-05-18 14:22:00,NSE:EBIXFOREX,702.75,703.6,701.7,702.5,51.0
2021-05-18 14:23:00,NSE:EBIXFOREX,702.7,703.6,702.7,703.6,99.0
2021-05-18 14:24:00,NSE:EBIXFOREX,703.55,705.0,703.55,705.0,214.0
2021-05-18 14:25:00,NSE:EBIXFOREX,704.95,704.95,704.7,704.7,11.0
2021-05-18 14:26:00,NSE:EBIXFOREX,704.7,704.7,704.7,704.7,2.0
2021-05-18 14:27:00,NSE:EBIXFOREX,704.7,704.7,701.45,702.85,170.0
2021-05-18 14:28:00,NSE:EBIXFOREX,701.45,701.55,701.45,701.55,100.0
2021-05-18 14:29:00,NSE:EBIXFOREX,702.0,702.0,701.55,701.55,126.0
2021-05-18 14:30:00,NSE:EBIXFOREX,704.5,704.5,701.55,702.35,58.0
2021-05-18 14:31:00,NSE:EBIXFOREX,702.5,702.5,702.5,702.5,29.0
2021-05-18 14:32:00,NSE:EBIXFOREX,702.5,702.5,702.5,702.5,7.0
2021-05-18 14:33:00,NSE:EBIXFOREX,702.5,702.5,702.5,702.5,22.0
2021-05-18 14:34:00,NSE:EBIXFOREX,701.6,702.7,701.6,702.7,19.0
2021-05-18 14:35:00,NSE:EBIXFOREX,702.5,702.5,702.5,702.5,10.0
2021-05-18 14:36:00,NSE:EBIXFOREX,701.55,702.5,701.55,702.5,59.0
2021-05-18 14:37:00,NSE:EBIXFOREX,702.25,702.25,702.25,702.25,21.0
2021-05-18 14:38:00,NSE:EBIXFOREX,702.25,702.25,702.2,702.2,18.0
2021-05-18 14:39:00,NSE:EBIXFOREX,702.2,702.2,701.45,701.45,105.0
2021-05-18 14:40:00,NSE:EBIXFOREX,700.45,700.45,699.95,700.0,301.0
2021-05-18 14:41:00,NSE:EBIXFOREX,700.0,702.05,699.8,702.05,43.0
2021-05-18 14:42:00,NSE:EBIXFOREX,702.1,702.15,685.5,690.05,1121.0
2021-05-18 14:43:00,NSE:EBIXFOREX,691.95,698.95,691.95,697.95,53.0
2021-05-18 14:44:00,NSE:EBIXFOREX,695.45,695.45,695.0,695.0,15.0
2021-05-18 14:45:00,NSE:EBIXFOREX,695.5,696.95,695.5,696.95,14.0
2021-05-18 14:46:00,NSE:EBIXFOREX,695.55,699.15,695.55,699.1,54.0
2021-05-18 14:47:00,NSE:EBIXFOREX,699.0,699.0,699.0,699.0,16.0
2021-05-18 14:48:00,NSE:EBIXFOREX,699.0,699.0,695.7,695.7,24.0
2021-05-18 14:49:00,NSE:EBIXFOREX,698.65,698.65,698.65,698.65,7.0
2021-05-18 14:50:00,NSE:EBIXFOREX,699.55,699.55,693.55,693.55,90.0
2021-05-18 14:52:00,NSE:EBIXFOREX,697.7,698.0,697.7,698.0,17.0
2021-05-18 14:53:00,NSE:EBIXFOREX,701.1,701.1,701.1,701.1,25.0
2021-05-18 14:54:00,NSE:EBIXFOREX,697.05,697.05,697.05,697.05,4.0
2021-05-18 14:55:00,NSE:EBIXFOREX,694.15,694.15,694.15,694.15,50.0
2021-05-18 14:56:00,NSE:EBIXFOREX,699.45,701.9,699.45,701.9,93.0
2021-05-18 14:57:00,NSE:EBIXFOREX,697.6,697.75,697.6,697.75,54.0
2021-05-18 14:58:00,NSE:EBIXFOREX,700.65,700.65,700.65,700.65,4.0
2021-05-18 14:59:00,NSE:EBIXFOREX,699.2,699.2,699.2,699.2,12.0
2021-05-18 15:00:00,NSE:EBIXFOREX,698.15,698.15,696.25,696.25,39.0
2021-05-18 15:01:00,NSE:EBIXFOREX,696.25,703.05,696.25,703.05,667.0
2021-05-18 15:02:00,NSE:EBIXFOREX,704.3,704.3,703.0,703.0,181.0
2021-05-18 15:03:00,NSE:EBIXFOREX,696.05,697.05,696.05,697.05,35.0
2021-05-18 15:04:00,NSE:EBIXFOREX,703.9,703.9,696.5,700.9,232.0
2021-05-18 15:05:00,NSE:EBIXFOREX,701.0,701.0,701.0,701.0,21.0
2021-05-18 15:07:00,NSE:EBIXFOREX,700.8,700.8,698.65,698.65,11.0
2021-05-18 15:08:00,NSE:EBIXFOREX,698.6,698.6,698.0,698.0,35.0
2021-05-18 15:09:00,NSE:EBIXFOREX,697.1,700.0,696.05,700.0,237.0
2021-05-18 15:10:00,NSE:EBIXFOREX,696.65,696.65,695.95,695.95,110.0
2021-05-18 15:11:00,NSE:EBIXFOREX,694.3,696.0,693.55,693.55,346.0
2021-05-18 15:12:00,NSE:EBIXFOREX,694.95,694.95,694.95,694.95,15.0
2021-05-18 15:13:00,NSE:EBIXFOREX,693.95,699.5,693.55,693.55,100.0
2021-05-18 15:14:00,NSE:EBIXFOREX,694.0,695.95,694.0,695.0,142.0
2021-05-18 15:15:00,NSE:EBIXFOREX,694.0,697.4,694.0,694.0,84.0
2021-05-18 15:16:00,NSE:EBIXFOREX,694.95,694.95,685.0,693.95,1352.0
2021-05-18 15:17:00,NSE:EBIXFOREX,694.0,694.0,693.55,693.55,547.0
2021-05-18 15:18:00,NSE:EBIXFOREX,691.0,691.0,687.6,691.0,157.0
2021-05-18 15:19:00,NSE:EBIXFOREX,691.0,694.0,687.8,691.0,40.0
2021-05-18 15:20:00,NSE:EBIXFOREX,687.0,694.0,681.3,688.95,782.0
2021-05-18 15:21:00,NSE:EBIXFOREX,687.95,688.9,682.0,684.75,69.0
2021-05-18 15:22:00,NSE:EBIXFOREX,685.25,687.9,685.25,687.05,161.0
2021-05-18 15:23:00,NSE:EBIXFOREX,685.25,690.0,683.1,683.1,556.0
2021-05-18 15:24:00,NSE:EBIXFOREX,687.8,687.8,685.05,685.05,188.0
2021-05-18 15:25:00,NSE:EBIXFOREX,687.15,687.15,685.0,686.9,174.0
2021-05-18 15:26:00,NSE:EBIXFOREX,686.95,686.95,685.0,685.25,238.0
2021-05-18 15:27:00,NSE:EBIXFOREX,685.25,685.25,683.0,683.0,757.0
2021-05-18 15:28:00,NSE:EBIXFOREX,682.55,682.55,682.0,682.5,571.0
2021-05-18 15:29:00,NSE:EBIXFOREX,684.0,684.0,681.5,681.5,647.0
2021-05-18 15:30:00,NSE:EBIXFOREX,683.5,683.5,683.5,683.5,50.0
2021-05-18 15:40:00,NSE:EBIXFOREX,689.5,689.5,683.5,689.5,201.0
2021-05-18 15:41:00,NSE:EBIXFOREX,689.5,689.5,689.5,689.5,10.0
2021-05-18 15:42:00,NSE:EBIXFOREX,689.5,689.5,683.5,683.5,155.0
2021-05-18 15:45:00,NSE:EBIXFOREX,689.5,689.5,683.5,683.5,6.0
2021-05-18 15:51:00,NSE:EBIXFOREX,689.5,689.5,689.5,689.5,24.0
2021-05-19 09:07:00,NSE:EBIXFOREX,678.5,678.5,678.5,678.5,110.0
2021-05-19 09:15:00,NSE:EBIXFOREX,672.2,694.0,670.0,671.0,555.0
2021-05-19 09:16:00,NSE:EBIXFOREX,671.0,693.0,671.0,673.25,228.0
2021-05-19 09:17:00,NSE:EBIXFOREX,675.0,687.65,675.0,675.4,242.0
2021-05-19 09:18:00,NSE:EBIXFOREX,675.4,683.9,675.2,683.9,314.0
2021-05-19 09:19:00,NSE:EBIXFOREX,679.25,681.95,677.6,677.6,183.0
2021-05-19 09:20:00,NSE:EBIXFOREX,677.7,679.95,677.7,679.0,42.0
2021-05-19 09:21:00,NSE:EBIXFOREX,680.0,683.45,680.0,683.45,329.0
2021-05-19 09:22:00,NSE:EBIXFOREX,680.2,680.2,680.2,680.2,87.0
2021-05-19 09:23:00,NSE:EBIXFOREX,680.2,680.2,676.0,680.0,246.0
2021-05-19 09:24:00,NSE:EBIXFOREX,677.45,684.95,675.05,675.05,289.0
2021-05-19 09:26:00,NSE:EBIXFOREX,675.0,675.0,673.45,673.6,153.0
2021-05-19 09:27:00,NSE:EBIXFOREX,670.05,671.3,670.05,671.3,215.0
2021-05-19 09:28:00,NSE:EBIXFOREX,670.05,672.3,670.0,672.3,370.0
2021-05-19 09:29:00,NSE:EBIXFOREX,683.75,685.0,680.0,685.0,528.0
2021-05-19 09:30:00,NSE:EBIXFOREX,685.0,685.0,680.95,684.9,151.0
2021-05-19 09:31:00,NSE:EBIXFOREX,684.95,684.95,684.95,684.95,50.0
2021-05-19 09:33:00,NSE:EBIXFOREX,684.9,684.9,684.9,684.9,113.0
2021-05-19 09:34:00,NSE:EBIXFOREX,684.9,684.9,680.3,680.3,81.0
2021-05-19 09:35:00,NSE:EBIXFOREX,680.0,684.85,680.0,680.0,198.0
2021-05-19 09:36:00,NSE:EBIXFOREX,680.0,688.3,680.0,680.8,263.0
2021-05-19 09:38:00,NSE:EBIXFOREX,680.0,680.15,680.0,680.0,278.0
2021-05-19 09:39:00,NSE:EBIXFOREX,686.3,686.3,681.55,681.55,2.0
2021-05-19 09:40:00,NSE:EBIXFOREX,680.0,680.0,680.0,680.0,50.0
2021-05-19 09:41:00,NSE:EBIXFOREX,682.1,685.05,682.1,685.05,57.0
2021-05-19 09:43:00,NSE:EBIXFOREX,686.55,689.65,686.55,687.7,600.0
2021-05-19 09:44:00,NSE:EBIXFOREX,687.35,687.35,683.0,683.0,29.0
2021-05-19 09:45:00,NSE:EBIXFOREX,683.05,683.05,683.05,683.05,5.0
2021-05-19 09:46:00,NSE:EBIXFOREX,683.05,683.05,683.05,683.05,50.0
2021-05-19 09:47:00,NSE:EBIXFOREX,683.05,684.0,683.05,684.0,157.0
2021-05-19 09:48:00,NSE:EBIXFOREX,688.0,688.0,683.15,683.15,86.0
2021-05-19 09:50:00,NSE:EBIXFOREX,685.85,685.85,685.85,685.85,4.0
2021-05-19 09:51:00,NSE:EBIXFOREX,686.15,686.15,686.15,686.15,2.0
2021-05-19 09:52:00,NSE:EBIXFOREX,685.6,685.6,685.6,685.6,11.0
2021-05-19 09:53:00,NSE:EBIXFOREX,683.3,683.3,683.3,683.3,14.0
2021-05-19 09:54:00,NSE:EBIXFOREX,683.2,683.2,683.2,683.2,7.0
2021-05-19 09:55:00,NSE:EBIXFOREX,683.0,683.0,683.0,683.0,45.0
2021-05-19 09:56:00,NSE:EBIXFOREX,683.0,684.9,682.1,684.9,20.0
2021-05-19 09:58:00,NSE:EBIXFOREX,684.0,684.0,680.0,680.0,126.0
2021-05-19 09:59:00,NSE:EBIXFOREX,683.95,683.95,683.95,683.95,2.0
2021-05-19 10:00:00,NSE:EBIXFOREX,683.0,683.0,683.0,683.0,106.0
2021-05-19 10:01:00,NSE:EBIXFOREX,684.0,685.0,684.0,685.0,140.0
2021-05-19 10:02:00,NSE:EBIXFOREX,683.05,683.05,683.0,683.0,22.0
2021-05-19 10:03:00,NSE:EBIXFOREX,683.0,683.0,683.0,683.0,15.0
2021-05-19 10:04:00,NSE:EBIXFOREX,683.0,683.0,683.0,683.0,101.0
2021-05-19 10:06:00,NSE:EBIXFOREX,684.95,684.95,684.95,684.95,6.0
2021-05-19 10:08:00,NSE:EBIXFOREX,683.0,683.0,683.0,683.0,20.0
2021-05-19 10:09:00,NSE:EBIXFOREX,683.0,683.0,683.0,683.0,105.0
2021-05-19 10:10:00,NSE:EBIXFOREX,683.0,683.0,683.0,683.0,50.0
2021-05-19 10:11:00,NSE:EBIXFOREX,683.0,683.0,683.0,683.0,343.0
2021-05-19 10:13:00,NSE:EBIXFOREX,682.95,682.95,680.05,680.05,17.0
2021-05-19 10:14:00,NSE:EBIXFOREX,680.0,680.0,680.0,680.0,51.0
2021-05-19 10:16:00,NSE:EBIXFOREX,680.3,680.3,680.3,680.3,10.0
2021-05-19 10:18:00,NSE:EBIXFOREX,681.9,681.9,681.9,681.9,65.0
2021-05-19 10:19:00,NSE:EBIXFOREX,680.0,680.0,680.0,680.0,100.0
2021-05-19 10:22:00,NSE:EBIXFOREX,680.0,682.35,680.0,680.0,181.0
2021-05-19 10:26:00,NSE:EBIXFOREX,680.0,680.0,680.0,680.0,25.0
2021-05-19 10:27:00,NSE:EBIXFOREX,680.0,680.0,680.0,680.0,200.0
2021-05-19 10:29:00,NSE:EBIXFOREX,680.0,680.0,680.0,680.0,115.0
2021-05-19 10:30:00,NSE:EBIXFOREX,680.0,680.0,680.0,680.0,5.0
2021-05-19 10:32:00,NSE:EBIXFOREX,680.0,683.0,680.0,683.0,337.0
2021-05-19 10:33:00,NSE:EBIXFOREX,680.0,680.0,680.0,680.0,115.0
2021-05-19 10:34:00,NSE:EBIXFOREX,680.0,680.0,677.35,677.35,103.0
2021-05-19 10:37:00,NSE:EBIXFOREX,670.0,677.3,670.0,677.3,285.0
2021-05-19 10:38:00,NSE:EBIXFOREX,671.05,676.0,671.0,676.0,93.0
2021-05-19 10:39:00,NSE:EBIXFOREX,672.0,676.85,670.0,670.0,380.0
2021-05-19 10:40:00,NSE:EBIXFOREX,671.05,671.05,671.0,671.0,77.0
2021-05-19 10:41:00,NSE:EBIXFOREX,673.7,675.65,672.0,672.0,27.0
2021-05-19 10:42:00,NSE:EBIXFOREX,677.35,677.35,673.1,673.7,106.0
2021-05-19 10:43:00,NSE:EBIXFOREX,673.7,676.45,673.7,676.45,11.0
2021-05-19 10:44:00,NSE:EBIXFOREX,673.7,673.9,673.7,673.9,50.0
2021-05-19 10:46:00,NSE:EBIXFOREX,673.7,673.7,673.7,673.7,200.0
2021-05-19 10:47:00,NSE:EBIXFOREX,677.3,677.35,673.0,673.0,155.0
2021-05-19 10:48:00,NSE:EBIXFOREX,673.0,673.0,673.0,673.0,80.0
2021-05-19 10:49:00,NSE:EBIXFOREX,672.7,673.0,672.7,673.0,19.0
2021-05-19 10:50:00,NSE:EBIXFOREX,673.0,673.0,673.0,673.0,37.0
2021-05-19 10:51:00,NSE:EBIXFOREX,673.0,673.0,673.0,673.0,50.0
2021-05-19 10:52:00,NSE:EBIXFOREX,672.45,672.45,672.45,672.45,10.0
2021-05-19 10:54:00,NSE:EBIXFOREX,671.05,671.05,671.05,671.05,2.0
2021-05-19 10:56:00,NSE:EBIXFOREX,673.0,673.0,673.0,673.0,10.0
2021-05-19 10:57:00,NSE:EBIXFOREX,673.0,676.0,672.05,672.05,88.0
2021-05-19 10:58:00,NSE:EBIXFOREX,674.35,674.35,674.35,674.35,11.0
2021-05-19 10:59:00,NSE:EBIXFOREX,674.0,674.0,674.0,674.0,10.0
2021-05-19 11:00:00,NSE:EBIXFOREX,675.5,675.5,675.5,675.5,9.0
2021-05-19 11:01:00,NSE:EBIXFOREX,676.0,676.0,676.0,676.0,9.0
2021-05-19 11:02:00,NSE:EBIXFOREX,676.0,676.0,673.75,673.75,35.0
2021-05-19 11:03:00,NSE:EBIXFOREX,673.05,673.05,670.05,670.05,185.0
2021-05-19 11:06:00,NSE:EBIXFOREX,674.5,676.0,674.5,676.0,50.0
2021-05-19 11:09:00,NSE:EBIXFOREX,672.7,672.8,672.7,672.8,20.0
2021-05-19 11:10:00,NSE:EBIXFOREX,671.0,671.0,671.0,671.0,40.0
2021-05-19 11:11:00,NSE:EBIXFOREX,671.0,671.0,671.0,671.0,10.0
2021-05-19 11:12:00,NSE:EBIXFOREX,670.05,670.05,670.05,670.05,209.0
2021-05-19 11:14:00,NSE:EBIXFOREX,670.4,670.4,670.4,670.4,8.0
2021-05-19 11:15:00,NSE:EBIXFOREX,670.05,670.05,670.05,670.05,15.0
2021-05-19 11:17:00,NSE:EBIXFOREX,672.95,676.0,672.95,676.0,105.0
2021-05-19 11:18:00,NSE:EBIXFOREX,670.05,670.05,670.05,670.05,324.0
2021-05-19 11:20:00,NSE:EBIXFOREX,670.4,670.4,670.4,670.4,9.0
2021-05-19 11:23:00,NSE:EBIXFOREX,670.4,670.4,670.05,670.4,67.0
2021-05-19 11:24:00,NSE:EBIXFOREX,670.05,670.05,670.05,670.05,41.0
2021-05-19 11:25:00,NSE:EBIXFOREX,666.0,666.0,665.0,666.0,354.0
2021-05-19 11:26:00,NSE:EBIXFOREX,665.0,665.0,645.0,663.95,1115.0
2021-05-19 11:27:00,NSE:EBIXFOREX,646.0,650.25,646.0,650.25,79.0
2021-05-19 11:28:00,NSE:EBIXFOREX,654.55,655.0,652.95,655.0,146.0
2021-05-19 11:29:00,NSE:EBIXFOREX,658.35,658.35,654.0,657.0,123.0
2021-05-19 11:30:00,NSE:EBIXFOREX,657.0,657.0,657.0,657.0,111.0
2021-05-19 11:31:00,NSE:EBIXFOREX,657.0,657.0,654.7,654.7,53.0
2021-05-19 11:32:00,NSE:EBIXFOREX,655.0,659.85,655.0,659.85,48.0
2021-05-19 11:34:00,NSE:EBIXFOREX,650.25,658.0,650.25,655.3,405.0
2021-05-19 11:35:00,NSE:EBIXFOREX,656.5,656.5,656.5,656.5,9.0
2021-05-19 11:36:00,NSE:EBIXFOREX,654.9,655.0,654.9,655.0,29.0
2021-05-19 11:37:00,NSE:EBIXFOREX,655.0,655.0,651.4,651.45,96.0
2021-05-19 11:38:00,NSE:EBIXFOREX,651.55,651.55,651.55,651.55,2.0
2021-05-19 11:39:00,NSE:EBIXFOREX,654.75,655.55,653.4,655.55,50.0
2021-05-19 11:40:00,NSE:EBIXFOREX,655.55,656.4,655.55,655.55,85.0
2021-05-19 11:41:00,NSE:EBIXFOREX,651.65,651.65,651.6,651.6,20.0
2021-05-19 11:42:00,NSE:EBIXFOREX,654.85,654.85,654.85,654.85,20.0
2021-05-19 11:43:00,NSE:EBIXFOREX,653.55,653.55,653.55,653.55,100.0
2021-05-19 11:44:00,NSE:EBIXFOREX,657.65,657.65,653.55,657.5,135.0
2021-05-19 11:46:00,NSE:EBIXFOREX,658.0,658.8,658.0,658.8,201.0
2021-05-19 11:47:00,NSE:EBIXFOREX,660.0,660.0,660.0,660.0,29.0
2021-05-19 11:48:00,NSE:EBIXFOREX,654.1,654.1,654.1,654.1,17.0
2021-05-19 11:50:00,NSE:EBIXFOREX,659.6,659.65,654.1,658.85,48.0
2021-05-19 11:51:00,NSE:EBIXFOREX,658.85,658.85,658.85,658.85,4.0
2021-05-19 11:52:00,NSE:EBIXFOREX,655.0,655.0,655.0,655.0,50.0
2021-05-19 11:53:00,NSE:EBIXFOREX,658.05,658.05,657.95,657.95,27.0
2021-05-19 11:54:00,NSE:EBIXFOREX,657.95,657.95,657.95,657.95,11.0
2021-05-19 11:55:00,NSE:EBIXFOREX,658.0,658.0,658.0,658.0,5.0
2021-05-19 11:58:00,NSE:EBIXFOREX,657.95,658.0,653.75,658.0,147.0
2021-05-19 11:59:00,NSE:EBIXFOREX,657.25,657.25,657.25,657.25,15.0
2021-05-19 12:00:00,NSE:EBIXFOREX,654.15,654.15,654.15,654.15,2.0
2021-05-19 12:02:00,NSE:EBIXFOREX,656.95,656.95,656.95,656.95,1.0
2021-05-19 12:04:00,NSE:EBIXFOREX,657.0,657.0,657.0,657.0,22.0
2021-05-19 12:05:00,NSE:EBIXFOREX,657.0,657.0,657.0,657.0,50.0
2021-05-19 12:08:00,NSE:EBIXFOREX,657.0,657.0,657.0,657.0,76.0
2021-05-19 12:09:00,NSE:EBIXFOREX,660.0,661.2,660.0,661.2,995.0
2021-05-19 12:10:00,NSE:EBIXFOREX,665.9,665.9,651.4,662.65,295.0
2021-05-19 12:11:00,NSE:EBIXFOREX,660.05,665.55,660.05,665.55,39.0
2021-05-19 12:12:00,NSE:EBIXFOREX,652.0,659.25,652.0,658.2,328.0
2021-05-19 12:13:00,NSE:EBIXFOREX,654.25,654.25,654.25,654.25,7.0
2021-05-19 12:15:00,NSE:EBIXFOREX,652.6,652.6,652.5,652.5,120.0
2021-05-19 12:16:00,NSE:EBIXFOREX,657.5,657.5,656.95,656.95,8.0
2021-05-19 12:17:00,NSE:EBIXFOREX,657.25,659.9,657.25,658.2,165.0
2021-05-19 12:18:00,NSE:EBIXFOREX,653.0,657.35,652.55,652.55,87.0
2021-05-19 12:20:00,NSE:EBIXFOREX,653.0,658.0,653.0,658.0,184.0
2021-05-19 12:21:00,NSE:EBIXFOREX,658.0,661.2,658.0,660.0,236.0
2021-05-19 12:22:00,NSE:EBIXFOREX,660.0,660.0,658.05,658.05,10.0
2021-05-19 12:23:00,NSE:EBIXFOREX,660.0,660.0,660.0,660.0,10.0
2021-05-19 12:25:00,NSE:EBIXFOREX,658.0,658.0,658.0,658.0,149.0
2021-05-19 12:26:00,NSE:EBIXFOREX,660.0,673.95,658.0,670.0,612.0
2021-05-19 12:27:00,NSE:EBIXFOREX,670.0,675.0,670.0,675.0,304.0
2021-05-19 12:28:00,NSE:EBIXFOREX,671.05,677.35,671.05,677.35,117.0
2021-05-19 12:30:00,NSE:EBIXFOREX,674.95,674.95,674.95,674.95,10.0
2021-05-19 12:31:00,NSE:EBIXFOREX,674.95,674.95,674.95,674.95,42.0
2021-05-19 12:32:00,NSE:EBIXFOREX,674.95,674.95,671.9,671.9,8.0
2021-05-19 12:33:00,NSE:EBIXFOREX,674.65,674.65,674.65,674.65,3.0
2021-05-19 12:34:00,NSE:EBIXFOREX,671.5,671.5,671.5,671.5,50.0
2021-05-19 12:35:00,NSE:EBIXFOREX,675.0,675.0,675.0,675.0,209.0
2021-05-19 12:36:00,NSE:EBIXFOREX,671.45,671.45,671.45,671.45,33.0
2021-05-19 12:37:00,NSE:EBIXFOREX,671.0,671.05,671.0,671.0,17.0
2021-05-19 12:38:00,NSE:EBIXFOREX,670.0,671.45,666.3,671.45,68.0
2021-05-19 12:40:00,NSE:EBIXFOREX,673.0,673.0,673.0,673.0,1.0
2021-05-19 12:42:00,NSE:EBIXFOREX,671.55,685.0,671.55,685.0,2051.0
2021-05-19 12:43:00,NSE:EBIXFOREX,685.0,685.0,680.05,680.05,177.0
2021-05-19 12:44:00,NSE:EBIXFOREX,680.05,689.05,680.0,689.05,185.0
2021-05-19 12:45:00,NSE:EBIXFOREX,683.6,689.9,683.6,689.85,200.0
2021-05-19 12:46:00,NSE:EBIXFOREX,680.0,689.7,680.0,689.7,163.0
2021-05-19 12:48:00,NSE:EBIXFOREX,682.0,687.6,682.0,687.6,121.0
2021-05-19 12:49:00,NSE:EBIXFOREX,685.0,685.0,683.0,683.0,60.0
2021-05-19 12:50:00,NSE:EBIXFOREX,685.35,685.35,685.35,685.35,10.0
2021-05-19 12:51:00,NSE:EBIXFOREX,684.0,684.0,683.0,683.0,44.0
2021-05-19 12:52:00,NSE:EBIXFOREX,683.0,683.0,683.0,683.0,2.0
2021-05-19 12:53:00,NSE:EBIXFOREX,682.05,682.05,682.05,682.05,4.0
2021-05-19 12:54:00,NSE:EBIXFOREX,683.95,683.95,682.0,682.0,48.0
2021-05-19 12:56:00,NSE:EBIXFOREX,680.0,680.0,680.0,680.0,83.0
2021-05-19 12:58:00,NSE:EBIXFOREX,680.3,680.3,680.3,680.3,2.0
2021-05-19 13:02:00,NSE:EBIXFOREX,680.3,680.3,680.3,680.3,10.0
2021-05-19 13:03:00,NSE:EBIXFOREX,680.0,680.3,680.0,680.3,26.0
2021-05-19 13:05:00,NSE:EBIXFOREX,680.0,680.0,680.0,680.0,10.0
2021-05-19 13:06:00,NSE:EBIXFOREX,680.3,680.3,680.0,680.0,38.0
2021-05-19 13:07:00,NSE:EBIXFOREX,680.0,680.0,680.0,680.0,4.0
2021-05-19 13:08:00,NSE:EBIXFOREX,680.0,680.0,680.0,680.0,10.0
2021-05-19 13:10:00,NSE:EBIXFOREX,680.0,680.0,680.0,680.0,50.0
2021-05-19 13:12:00,NSE:EBIXFOREX,687.0,687.0,687.0,687.0,50.0
2021-05-19 13:14:00,NSE:EBIXFOREX,680.1,680.1,680.0,680.0,70.0
2021-05-19 13:15:00,NSE:EBIXFOREX,680.1,680.1,680.1,680.1,21.0
2021-05-19 13:17:00,NSE:EBIXFOREX,680.0,680.0,680.0,680.0,3.0
2021-05-19 13:18:00,NSE:EBIXFOREX,680.0,680.0,680.0,680.0,199.0
2021-05-19 13:19:00,NSE:EBIXFOREX,680.0,680.0,680.0,680.0,71.0
2021-05-19 13:20:00,NSE:EBIXFOREX,680.0,680.0,680.0,680.0,81.0
2021-05-19 13:21:00,NSE:EBIXFOREX,680.1,680.1,680.1,680.1,84.0
2021-05-19 13:22:00,NSE:EBIXFOREX,684.8,684.8,684.8,684.8,1.0
2021-05-19 13:25:00,NSE:EBIXFOREX,683.95,683.95,683.95,683.95,1.0
2021-05-19 13:26:00,NSE:EBIXFOREX,681.0,681.0,681.0,681.0,2.0
2021-05-19 13:27:00,NSE:EBIXFOREX,681.0,681.0,681.0,681.0,14.0
2021-05-19 13:30:00,NSE:EBIXFOREX,675.05,675.05,675.05,675.05,122.0
2021-05-19 13:32:00,NSE:EBIXFOREX,678.9,678.9,678.9,678.9,20.0
2021-05-19 13:35:00,NSE:EBIXFOREX,675.45,675.45,675.45,675.45,3.0
2021-05-19 13:37:00,NSE:EBIXFOREX,677.95,677.95,677.95,677.95,1.0
2021-05-19 13:38:00,NSE:EBIXFOREX,675.15,675.15,670.0,673.05,517.0
2021-05-19 13:39:00,NSE:EBIXFOREX,670.0,670.0,670.0,670.0,200.0
2021-05-19 13:41:00,NSE:EBIXFOREX,670.0,670.0,670.0,670.0,60.0
2021-05-19 13:47:00,NSE:EBIXFOREX,670.0,670.0,670.0,670.0,114.0
2021-05-19 13:48:00,NSE:EBIXFOREX,670.3,670.3,670.3,670.3,10.0
2021-05-19 13:49:00,NSE:EBIXFOREX,670.3,670.3,670.3,670.3,1.0
2021-05-19 13:50:00,NSE:EBIXFOREX,670.3,670.3,670.3,670.3,76.0
2021-05-19 13:51:00,NSE:EBIXFOREX,670.3,670.3,670.3,670.3,140.0
2021-05-19 13:52:00,NSE:EBIXFOREX,674.0,674.0,674.0,674.0,15.0
2021-05-19 13:53:00,NSE:EBIXFOREX,674.0,674.0,674.0,674.0,35.0
2021-05-19 13:55:00,NSE:EBIXFOREX,673.9,674.35,673.9,674.35,41.0
2021-05-19 13:56:00,NSE:EBIXFOREX,674.2,674.2,674.2,674.2,109.0
2021-05-19 13:57:00,NSE:EBIXFOREX,674.2,674.2,674.2,674.2,20.0
2021-05-19 14:00:00,NSE:EBIXFOREX,674.2,674.2,674.2,674.2,10.0
2021-05-19 14:02:00,NSE:EBIXFOREX,674.2,678.45,674.2,678.45,7.0
2021-05-19 14:03:00,NSE:EBIXFOREX,681.0,681.0,681.0,681.0,100.0
2021-05-19 14:06:00,NSE:EBIXFOREX,681.0,681.0,681.0,681.0,115.0
2021-05-19 14:07:00,NSE:EBIXFOREX,681.0,681.0,681.0,681.0,4.0
2021-05-19 14:08:00,NSE:EBIXFOREX,673.85,673.85,673.85,673.85,32.0
2021-05-19 14:09:00,NSE:EBIXFOREX,671.05,684.2,671.05,684.2,72.0
2021-05-19 14:11:00,NSE:EBIXFOREX,679.1,679.1,679.1,679.1,10.0
2021-05-19 14:13:00,NSE:EBIXFOREX,676.95,676.95,676.95,676.95,27.0
2021-05-19 14:14:00,NSE:EBIXFOREX,670.15,670.15,670.15,670.15,100.0
2021-05-19 14:15:00,NSE:EBIXFOREX,681.9,681.9,681.9,681.9,50.0
2021-05-19 14:16:00,NSE:EBIXFOREX,675.05,675.05,675.05,675.05,1.0
2021-05-19 14:18:00,NSE:EBIXFOREX,675.05,675.05,675.05,675.05,15.0
2021-05-19 14:24:00,NSE:EBIXFOREX,675.05,675.05,675.05,675.05,1.0
2021-05-19 14:26:00,NSE:EBIXFOREX,679.95,679.95,679.95,679.95,3.0
2021-05-19 14:30:00,NSE:EBIXFOREX,679.05,679.05,679.05,679.05,1.0
2021-05-19 14:32:00,NSE:EBIXFOREX,675.05,675.05,675.05,675.05,10.0
2021-05-19 14:34:00,NSE:EBIXFOREX,671.0,671.0,671.0,671.0,108.0
2021-05-19 14:35:00,NSE:EBIXFOREX,671.0,671.0,671.0,671.0,37.0
2021-05-19 14:36:00,NSE:EBIXFOREX,673.75,679.5,673.75,679.5,184.0
2021-05-19 14:38:00,NSE:EBIXFOREX,678.95,679.5,678.95,679.5,50.0
2021-05-19 14:42:00,NSE:EBIXFOREX,674.95,674.95,674.95,674.95,67.0
2021-05-19 14:43:00,NSE:EBIXFOREX,673.8,673.8,673.8,673.8,39.0
2021-05-19 14:46:00,NSE:EBIXFOREX,673.8,673.8,673.8,673.8,5.0
2021-05-19 14:47:00,NSE:EBIXFOREX,673.75,673.75,673.75,673.75,7.0
2021-05-19 14:52:00,NSE:EBIXFOREX,673.75,673.75,673.75,673.75,2.0
2021-05-19 14:53:00,NSE:EBIXFOREX,670.0,670.0,670.0,670.0,150.0
2021-05-19 14:54:00,NSE:EBIXFOREX,673.0,673.0,673.0,673.0,20.0
2021-05-19 14:55:00,NSE:EBIXFOREX,673.6,673.6,673.6,673.6,15.0
2021-05-19 14:56:00,NSE:EBIXFOREX,673.6,673.6,673.6,673.6,1.0
2021-05-19 14:57:00,NSE:EBIXFOREX,673.5,673.5,673.5,673.5,5.0
2021-05-19 14:59:00,NSE:EBIXFOREX,670.15,670.15,670.15,670.15,1.0
2021-05-19 15:00:00,NSE:EBIXFOREX,673.8,673.8,673.8,673.8,50.0
2021-05-19 15:01:00,NSE:EBIXFOREX,674.9,674.9,674.9,674.9,59.0
2021-05-19 15:02:00,NSE:EBIXFOREX,674.05,674.05,674.05,674.05,82.0
2021-05-19 15:04:00,NSE:EBIXFOREX,674.05,674.05,674.05,674.05,13.0
2021-05-19 15:05:00,NSE:EBIXFOREX,674.9,674.9,674.9,674.9,7.0
2021-05-19 15:06:00,NSE:EBIXFOREX,674.05,674.05,674.05,674.05,4.0
2021-05-19 15:07:00,NSE:EBIXFOREX,675.0,678.0,675.0,675.15,122.0
2021-05-19 15:10:00,NSE:EBIXFOREX,676.95,681.5,676.95,681.4,1796.0
2021-05-19 15:11:00,NSE:EBIXFOREX,682.25,691.0,682.25,691.0,992.0
2021-05-19 15:12:00,NSE:EBIXFOREX,691.0,691.0,685.15,688.0,136.0
2021-05-19 15:14:00,NSE:EBIXFOREX,688.8,688.8,688.8,688.8,40.0
2021-05-19 15:15:00,NSE:EBIXFOREX,688.8,688.8,685.15,685.15,67.0
2021-05-19 15:16:00,NSE:EBIXFOREX,688.75,688.75,686.05,686.05,25.0
2021-05-19 15:17:00,NSE:EBIXFOREX,686.05,686.05,686.05,686.05,21.0
2021-05-19 15:18:00,NSE:EBIXFOREX,686.7,686.7,686.7,686.7,75.0
2021-05-19 15:19:00,NSE:EBIXFOREX,685.0,685.0,684.35,684.45,240.0
2021-05-19 15:20:00,NSE:EBIXFOREX,684.0,684.0,683.05,684.0,86.0
2021-05-19 15:21:00,NSE:EBIXFOREX,683.0,684.0,683.0,684.0,14.0
2021-05-19 15:22:00,NSE:EBIXFOREX,684.0,691.0,683.0,691.0,232.0
2021-05-19 15:23:00,NSE:EBIXFOREX,683.15,683.15,683.15,683.15,25.0
2021-05-19 15:24:00,NSE:EBIXFOREX,688.85,688.85,688.85,688.85,68.0
2021-05-19 15:25:00,NSE:EBIXFOREX,688.85,688.85,676.8,676.8,79.0
2021-05-19 15:26:00,NSE:EBIXFOREX,681.45,690.0,681.45,690.0,255.0
2021-05-19 15:27:00,NSE:EBIXFOREX,691.0,691.0,691.0,691.0,52.0
2021-05-19 15:28:00,NSE:EBIXFOREX,691.0,691.0,690.5,690.5,100.0
2021-05-19 15:29:00,NSE:EBIXFOREX,685.0,685.0,680.3,680.3,2.0
2021-05-19 15:42:00,NSE:EBIXFOREX,683.8,683.8,683.8,683.8,4.0
2021-05-20 09:07:00,NSE:EBIXFOREX,683.0,683.0,683.0,683.0,200.0
2021-05-20 09:15:00,NSE:EBIXFOREX,680.0,683.55,670.35,680.0,194.0
2021-05-20 09:16:00,NSE:EBIXFOREX,680.0,680.0,680.0,680.0,25.0
2021-05-20 09:17:00,NSE:EBIXFOREX,673.0,673.0,671.0,671.0,26.0
2021-05-20 09:18:00,NSE:EBIXFOREX,677.7,677.7,677.7,677.7,10.0
2021-05-20 09:19:00,NSE:EBIXFOREX,677.0,677.0,677.0,677.0,54.0
2021-05-20 09:20:00,NSE:EBIXFOREX,677.0,677.0,677.0,677.0,89.0
2021-05-20 09:21:00,NSE:EBIXFOREX,672.5,675.0,672.5,675.0,20.0
2021-05-20 09:22:00,NSE:EBIXFOREX,671.5,676.25,671.5,676.25,51.0
2021-05-20 09:23:00,NSE:EBIXFOREX,671.5,671.5,671.5,671.5,45.0
2021-05-20 09:24:00,NSE:EBIXFOREX,671.5,671.5,671.5,671.5,1.0
2021-05-20 09:25:00,NSE:EBIXFOREX,675.6,675.6,673.5,673.5,66.0
2021-05-20 09:26:00,NSE:EBIXFOREX,673.5,673.5,668.0,668.0,376.0
2021-05-20 09:27:00,NSE:EBIXFOREX,666.0,668.0,665.4,668.0,60.0
2021-05-20 09:28:00,NSE:EBIXFOREX,668.0,668.0,661.0,661.0,244.0
2021-05-20 09:29:00,NSE:EBIXFOREX,661.0,667.9,660.95,667.9,59.0
2021-05-20 09:31:00,NSE:EBIXFOREX,669.9,669.9,669.9,669.9,25.0
2021-05-20 09:32:00,NSE:EBIXFOREX,669.6,669.6,665.0,668.85,45.0
2021-05-20 09:33:00,NSE:EBIXFOREX,664.3,664.3,662.0,662.0,72.0
2021-05-20 09:34:00,NSE:EBIXFOREX,662.0,662.0,655.55,655.55,140.0
2021-05-20 09:36:00,NSE:EBIXFOREX,664.0,664.0,664.0,664.0,14.0
2021-05-20 09:38:00,NSE:EBIXFOREX,664.0,666.85,664.0,666.85,116.0
2021-05-20 09:39:00,NSE:EBIXFOREX,667.05,667.05,667.05,667.05,2.0
2021-05-20 09:40:00,NSE:EBIXFOREX,657.05,667.7,657.05,667.7,126.0
2021-05-20 09:41:00,NSE:EBIXFOREX,662.7,662.7,662.7,662.7,13.0
2021-05-20 09:42:00,NSE:EBIXFOREX,662.7,665.55,662.7,665.55,46.0
2021-05-20 09:47:00,NSE:EBIXFOREX,667.75,667.75,664.0,664.0,8.0
2021-05-20 09:49:00,NSE:EBIXFOREX,667.85,667.85,667.85,667.85,1.0
2021-05-20 09:50:00,NSE:EBIXFOREX,664.05,664.05,664.05,664.05,5.0
2021-05-20 09:51:00,NSE:EBIXFOREX,664.05,664.05,664.05,664.05,7.0
2021-05-20 09:53:00,NSE:EBIXFOREX,665.0,665.0,665.0,665.0,5.0
2021-05-20 09:57:00,NSE:EBIXFOREX,667.85,667.85,667.85,667.85,1.0
2021-05-20 09:58:00,NSE:EBIXFOREX,667.9,667.9,667.9,667.9,20.0
2021-05-20 09:59:00,NSE:EBIXFOREX,666.7,668.35,666.7,668.35,41.0
2021-05-20 10:00:00,NSE:EBIXFOREX,668.35,668.35,668.35,668.35,3.0
2021-05-20 10:02:00,NSE:EBIXFOREX,666.7,668.0,666.7,668.0,26.0
2021-05-20 10:04:00,NSE:EBIXFOREX,665.2,665.2,665.2,665.2,100.0
2021-05-20 10:05:00,NSE:EBIXFOREX,665.2,665.2,665.2,665.2,5.0
2021-05-20 10:06:00,NSE:EBIXFOREX,663.2,663.25,663.2,663.25,12.0
2021-05-20 10:07:00,NSE:EBIXFOREX,663.0,663.0,663.0,663.0,122.0
2021-05-20 10:12:00,NSE:EBIXFOREX,662.7,662.7,662.7,662.7,120.0
2021-05-20 10:14:00,NSE:EBIXFOREX,660.0,660.0,660.0,660.0,102.0
2021-05-20 10:15:00,NSE:EBIXFOREX,664.8,664.8,664.75,664.75,104.0
2021-05-20 10:18:00,NSE:EBIXFOREX,667.8,667.8,660.3,660.3,127.0
2021-05-20 10:20:00,NSE:EBIXFOREX,670.05,670.1,670.05,670.1,445.0
2021-05-20 10:21:00,NSE:EBIXFOREX,670.1,670.1,670.1,670.1,12.0
2021-05-20 10:22:00,NSE:EBIXFOREX,670.0,670.0,670.0,670.0,20.0
2021-05-20 10:26:00,NSE:EBIXFOREX,670.05,670.05,670.05,670.05,17.0
2021-05-20 10:27:00,NSE:EBIXFOREX,670.0,670.15,669.85,669.85,51.0
2021-05-20 10:28:00,NSE:EBIXFOREX,670.15,670.2,670.15,670.2,10.0
2021-05-20 10:29:00,NSE:EBIXFOREX,670.2,670.2,670.2,670.2,101.0
2021-05-20 10:31:00,NSE:EBIXFOREX,670.05,670.05,670.0,670.0,7.0
2021-05-20 10:36:00,NSE:EBIXFOREX,670.0,670.3,670.0,670.3,9.0
2021-05-20 10:40:00,NSE:EBIXFOREX,668.9,668.9,668.9,668.9,10.0
2021-05-20 10:49:00,NSE:EBIXFOREX,666.05,666.05,666.05,666.05,8.0
2021-05-20 10:50:00,NSE:EBIXFOREX,665.1,665.1,663.75,663.75,50.0
2021-05-20 11:03:00,NSE:EBIXFOREX,663.0,663.0,663.0,663.0,100.0
2021-05-20 11:04:00,NSE:EBIXFOREX,662.35,662.35,662.35,662.35,25.0
2021-05-20 11:05:00,NSE:EBIXFOREX,662.35,662.35,662.35,662.35,25.0
2021-05-20 11:09:00,NSE:EBIXFOREX,666.8,666.8,666.8,666.8,10.0
2021-05-20 11:13:00,NSE:EBIXFOREX,665.4,665.4,665.4,665.4,19.0
2021-05-20 11:14:00,NSE:EBIXFOREX,665.25,665.25,665.25,665.25,1.0
2021-05-20 11:15:00,NSE:EBIXFOREX,668.25,668.25,668.25,668.25,1.0
2021-05-20 11:17:00,NSE:EBIXFOREX,668.7,670.25,668.65,670.25,43.0
2021-05-20 11:20:00,NSE:EBIXFOREX,670.0,670.0,670.0,670.0,10.0
2021-05-20 11:24:00,NSE:EBIXFOREX,668.65,668.65,668.65,668.65,83.0
2021-05-20 11:25:00,NSE:EBIXFOREX,668.0,668.0,668.0,668.0,19.0
2021-05-20 11:33:00,NSE:EBIXFOREX,668.0,668.0,668.0,668.0,5.0
2021-05-20 11:34:00,NSE:EBIXFOREX,663.05,663.1,663.05,663.1,92.0
2021-05-20 11:35:00,NSE:EBIXFOREX,663.5,663.5,663.5,663.5,1.0
2021-05-20 11:36:00,NSE:EBIXFOREX,669.75,669.75,669.75,669.75,1.0
2021-05-20 11:37:00,NSE:EBIXFOREX,669.9,669.9,669.9,669.9,20.0
2021-05-20 11:38:00,NSE:EBIXFOREX,664.05,664.05,664.05,664.05,5.0
2021-05-20 11:44:00,NSE:EBIXFOREX,668.65,668.65,668.65,668.65,1.0
2021-05-20 11:49:00,NSE:EBIXFOREX,665.0,665.0,665.0,665.0,15.0
2021-05-20 11:51:00,NSE:EBIXFOREX,665.0,665.0,665.0,665.0,6.0
2021-05-20 11:53:00,NSE:EBIXFOREX,668.35,668.35,668.35,668.35,10.0
2021-05-20 12:00:00,NSE:EBIXFOREX,665.15,668.55,665.0,668.55,40.0
2021-05-20 12:02:00,NSE:EBIXFOREX,665.05,665.05,665.05,665.05,18.0
2021-05-20 12:04:00,NSE:EBIXFOREX,665.1,665.1,665.1,665.1,1.0
2021-05-20 12:05:00,NSE:EBIXFOREX,665.0,665.0,665.0,665.0,19.0
2021-05-20 12:09:00,NSE:EBIXFOREX,666.4,669.35,666.4,669.35,18.0
2021-05-20 12:11:00,NSE:EBIXFOREX,665.05,665.05,665.05,665.05,3.0
2021-05-20 12:12:00,NSE:EBIXFOREX,668.65,668.65,668.65,668.65,15.0
2021-05-20 12:13:00,NSE:EBIXFOREX,668.2,668.2,668.2,668.2,18.0
2021-05-20 12:14:00,NSE:EBIXFOREX,669.4,669.4,669.4,669.4,1.0
2021-05-20 12:17:00,NSE:EBIXFOREX,670.0,670.0,670.0,670.0,148.0
2021-05-20 12:18:00,NSE:EBIXFOREX,671.0,672.15,671.0,672.15,64.0
2021-05-20 12:19:00,NSE:EBIXFOREX,675.05,675.05,675.0,675.0,220.0
2021-05-20 12:20:00,NSE:EBIXFOREX,666.1,666.1,666.1,666.1,6.0
2021-05-20 12:21:00,NSE:EBIXFOREX,666.2,666.2,666.2,666.2,1.0
2021-05-20 12:22:00,NSE:EBIXFOREX,674.95,675.0,674.95,675.0,40.0
2021-05-20 12:23:00,NSE:EBIXFOREX,671.85,671.85,671.4,671.4,11.0
2021-05-20 12:24:00,NSE:EBIXFOREX,675.0,675.0,675.0,675.0,10.0
2021-05-20 12:29:00,NSE:EBIXFOREX,675.0,675.0,675.0,675.0,525.0
2021-05-20 12:47:00,NSE:EBIXFOREX,667.75,667.75,667.75,667.75,1.0
2021-05-20 12:55:00,NSE:EBIXFOREX,671.6,671.6,671.6,671.6,1.0
2021-05-20 12:57:00,NSE:EBIXFOREX,670.4,670.4,670.4,670.4,15.0
2021-05-20 13:04:00,NSE:EBIXFOREX,668.1,668.1,668.1,668.1,11.0
2021-05-20 13:08:00,NSE:EBIXFOREX,672.25,672.3,672.25,672.3,20.0
2021-05-20 13:20:00,NSE:EBIXFOREX,671.95,671.95,671.95,671.95,2.0
2021-05-20 13:21:00,NSE:EBIXFOREX,672.0,672.0,672.0,672.0,18.0
2021-05-20 13:33:00,NSE:EBIXFOREX,665.0,665.0,665.0,665.0,100.0
2021-05-20 13:34:00,NSE:EBIXFOREX,665.0,665.0,665.0,665.0,6.0
2021-05-20 13:35:00,NSE:EBIXFOREX,663.35,665.0,663.35,665.0,4.0
2021-05-20 13:52:00,NSE:EBIXFOREX,661.45,666.8,661.45,666.8,103.0
2021-05-20 14:04:00,NSE:EBIXFOREX,668.85,668.85,666.8,668.8,40.0
2021-05-20 14:07:00,NSE:EBIXFOREX,664.05,668.8,664.05,668.8,34.0
2021-05-20 14:08:00,NSE:EBIXFOREX,665.0,665.0,661.95,661.95,4.0
2021-05-20 14:09:00,NSE:EBIXFOREX,668.7,668.7,668.7,668.7,35.0
2021-05-20 14:11:00,NSE:EBIXFOREX,662.25,662.25,662.25,662.25,1.0
2021-05-20 14:13:00,NSE:EBIXFOREX,667.6,667.6,667.6,667.6,1.0
2021-05-20 14:14:00,NSE:EBIXFOREX,668.0,668.0,668.0,668.0,10.0
2021-05-20 14:15:00,NSE:EBIXFOREX,663.05,663.05,663.05,663.05,10.0
2021-05-20 14:17:00,NSE:EBIXFOREX,668.7,668.7,668.7,668.7,100.0
2021-05-20 14:18:00,NSE:EBIXFOREX,664.3,664.3,664.3,664.3,7.0
2021-05-20 14:19:00,NSE:EBIXFOREX,664.45,668.6,664.45,668.6,16.0
2021-05-20 14:22:00,NSE:EBIXFOREX,668.0,668.0,668.0,668.0,25.0
2021-05-20 14:25:00,NSE:EBIXFOREX,667.95,668.0,667.95,668.0,5.0
2021-05-20 14:29:00,NSE:EBIXFOREX,668.0,668.0,666.0,666.0,18.0
2021-05-20 14:30:00,NSE:EBIXFOREX,665.75,667.95,665.75,667.95,12.0
2021-05-20 14:32:00,NSE:EBIXFOREX,668.0,668.0,668.0,668.0,24.0
2021-05-20 14:33:00,NSE:EBIXFOREX,670.75,670.75,670.75,670.75,15.0
2021-05-20 14:34:00,NSE:EBIXFOREX,670.75,670.75,670.75,670.75,10.0
2021-05-20 14:35:00,NSE:EBIXFOREX,665.05,665.05,665.05,665.05,10.0
2021-05-20 14:36:00,NSE:EBIXFOREX,668.95,668.95,666.25,666.25,11.0
2021-05-20 14:39:00,NSE:EBIXFOREX,669.85,669.85,669.85,669.85,4.0
2021-05-20 14:45:00,NSE:EBIXFOREX,669.9,669.9,669.9,669.9,50.0
2021-05-20 14:53:00,NSE:EBIXFOREX,664.0,664.0,664.0,664.0,30.0
2021-05-20 14:56:00,NSE:EBIXFOREX,665.0,665.0,665.0,665.0,10.0
2021-05-20 14:57:00,NSE:EBIXFOREX,664.0,664.0,664.0,664.0,7.0
2021-05-20 15:02:00,NSE:EBIXFOREX,667.4,667.4,667.4,667.4,4.0
2021-05-20 15:04:00,NSE:EBIXFOREX,664.4,664.4,664.05,664.05,30.0
2021-05-20 15:08:00,NSE:EBIXFOREX,665.0,665.0,660.35,660.35,115.0
2021-05-20 15:10:00,NSE:EBIXFOREX,664.0,664.0,664.0,664.0,23.0
2021-05-20 15:13:00,NSE:EBIXFOREX,662.95,662.95,662.95,662.95,5.0
2021-05-20 15:14:00,NSE:EBIXFOREX,662.65,664.0,662.65,664.0,45.0
2021-05-20 15:17:00,NSE:EBIXFOREX,661.05,664.0,661.05,664.0,30.0
2021-05-20 15:18:00,NSE:EBIXFOREX,664.0,664.0,661.1,661.1,30.0
2021-05-20 15:19:00,NSE:EBIXFOREX,663.95,663.95,662.05,662.05,11.0
2021-05-20 15:21:00,NSE:EBIXFOREX,662.0,662.0,661.05,661.05,30.0
2021-05-20 15:22:00,NSE:EBIXFOREX,661.05,661.05,661.05,661.05,23.0
2021-05-20 15:24:00,NSE:EBIXFOREX,662.0,662.0,662.0,662.0,100.0
2021-05-20 15:27:00,NSE:EBIXFOREX,661.05,661.05,661.05,661.05,27.0
2021-05-20 15:28:00,NSE:EBIXFOREX,664.0,664.0,664.0,664.0,150.0
2021-05-20 15:29:00,NSE:EBIXFOREX,662.65,664.0,662.65,664.0,22.0
2021-05-21 09:07:00,NSE:EBIXFOREX,672.0,672.0,672.0,672.0,32.0
2021-05-21 09:15:00,NSE:EBIXFOREX,672.0,675.0,671.95,675.0,132.0
2021-05-21 09:16:00,NSE:EBIXFOREX,675.0,675.0,675.0,675.0,14.0
2021-05-21 09:17:00,NSE:EBIXFOREX,672.0,672.0,672.0,672.0,12.0
2021-05-21 09:19:00,NSE:EBIXFOREX,672.0,672.0,670.0,670.0,13.0
2021-05-21 09:20:00,NSE:EBIXFOREX,666.4,666.4,660.15,660.15,146.0
2021-05-21 09:21:00,NSE:EBIXFOREX,645.55,645.55,645.55,645.55,556.0
2021-05-21 09:22:00,NSE:EBIXFOREX,645.85,646.0,645.55,646.0,131.0
2021-05-21 09:23:00,NSE:EBIXFOREX,646.0,646.0,645.0,645.0,60.0
2021-05-21 09:24:00,NSE:EBIXFOREX,646.0,647.9,646.0,647.9,130.0
2021-05-21 09:25:00,NSE:EBIXFOREX,652.8,654.8,650.3,654.8,92.0
2021-05-21 09:26:00,NSE:EBIXFOREX,654.8,654.8,654.8,654.8,53.0
2021-05-21 09:27:00,NSE:EBIXFOREX,652.0,652.0,652.0,652.0,11.0
2021-05-21 09:28:00,NSE:EBIXFOREX,653.0,656.3,653.0,656.3,51.0
2021-05-21 09:29:00,NSE:EBIXFOREX,656.7,659.85,656.7,657.0,94.0
2021-05-21 09:30:00,NSE:EBIXFOREX,660.0,663.4,660.0,660.05,46.0
2021-05-21 09:31:00,NSE:EBIXFOREX,660.0,660.0,652.8,652.8,274.0
2021-05-21 09:32:00,NSE:EBIXFOREX,654.95,656.0,654.95,656.0,75.0
2021-05-21 09:34:00,NSE:EBIXFOREX,658.0,664.1,658.0,660.05,198.0
2021-05-21 09:35:00,NSE:EBIXFOREX,660.0,660.0,660.0,660.0,6.0
2021-05-21 09:36:00,NSE:EBIXFOREX,660.0,660.0,660.0,660.0,5.0
2021-05-21 09:37:00,NSE:EBIXFOREX,660.05,660.05,660.05,660.05,3.0
2021-05-21 09:39:00,NSE:EBIXFOREX,660.05,660.05,660.05,660.05,43.0
2021-05-21 09:40:00,NSE:EBIXFOREX,660.0,660.0,660.0,660.0,27.0
2021-05-21 09:41:00,NSE:EBIXFOREX,660.05,660.05,660.0,660.0,2.0
2021-05-21 09:42:00,NSE:EBIXFOREX,660.0,660.0,660.0,660.0,1.0
2021-05-21 09:44:00,NSE:EBIXFOREX,661.0,661.0,661.0,661.0,20.0
2021-05-21 09:46:00,NSE:EBIXFOREX,660.0,660.0,660.0,660.0,70.0
2021-05-21 09:47:00,NSE:EBIXFOREX,660.0,660.0,660.0,660.0,68.0
2021-05-21 09:48:00,NSE:EBIXFOREX,660.0,660.0,660.0,660.0,72.0
2021-05-21 09:49:00,NSE:EBIXFOREX,660.0,660.0,660.0,660.0,103.0
2021-05-21 09:51:00,NSE:EBIXFOREX,660.1,660.1,660.0,660.0,252.0
2021-05-21 09:52:00,NSE:EBIXFOREX,660.0,660.0,660.0,660.0,1.0
2021-05-21 09:54:00,NSE:EBIXFOREX,664.6,664.6,664.6,664.6,26.0
2021-05-21 09:59:00,NSE:EBIXFOREX,662.4,662.4,662.4,662.4,7.0
2021-05-21 10:00:00,NSE:EBIXFOREX,660.05,660.05,660.05,660.05,1.0
2021-05-21 10:02:00,NSE:EBIXFOREX,663.8,663.8,663.8,663.8,10.0
2021-05-21 10:05:00,NSE:EBIXFOREX,663.5,663.5,663.5,663.5,30.0
2021-05-21 10:07:00,NSE:EBIXFOREX,660.55,678.0,660.55,672.35,1048.0
2021-05-21 10:08:00,NSE:EBIXFOREX,675.0,675.0,672.35,675.0,505.0
2021-05-21 10:09:00,NSE:EBIXFOREX,675.0,675.0,675.0,675.0,110.0
2021-05-21 10:11:00,NSE:EBIXFOREX,677.9,677.9,677.9,677.9,15.0
2021-05-21 10:12:00,NSE:EBIXFOREX,677.15,688.0,675.0,688.0,688.0
2021-05-21 10:13:00,NSE:EBIXFOREX,686.0,686.0,685.3,685.3,30.0
2021-05-21 10:14:00,NSE:EBIXFOREX,686.0,690.0,686.0,688.75,150.0
2021-05-21 10:15:00,NSE:EBIXFOREX,693.0,697.8,693.0,697.8,543.0
2021-05-21 10:16:00,NSE:EBIXFOREX,694.95,696.9,694.95,696.7,110.0
2021-05-21 10:17:00,NSE:EBIXFOREX,696.7,728.75,696.0,700.05,2635.0
2021-05-21 10:18:00,NSE:EBIXFOREX,728.75,728.75,652.35,702.0,2287.0
2021-05-21 10:19:00,NSE:EBIXFOREX,702.0,714.0,695.0,702.0,863.0
2021-05-21 10:20:00,NSE:EBIXFOREX,719.7,719.7,706.5,706.5,404.0
2021-05-21 10:21:00,NSE:EBIXFOREX,703.05,708.0,703.05,708.0,408.0
2021-05-21 10:22:00,NSE:EBIXFOREX,709.0,712.6,706.95,707.0,243.0
2021-05-21 10:23:00,NSE:EBIXFOREX,712.0,712.4,712.0,712.4,160.0
2021-05-21 10:24:00,NSE:EBIXFOREX,711.95,712.4,703.0,703.0,172.0
2021-05-21 10:25:00,NSE:EBIXFOREX,707.9,710.05,706.05,710.0,211.0
2021-05-21 10:26:00,NSE:EBIXFOREX,712.4,717.0,710.05,717.0,449.0
2021-05-21 10:27:00,NSE:EBIXFOREX,717.0,720.6,717.0,720.6,235.0
2021-05-21 10:28:00,NSE:EBIXFOREX,720.6,728.75,720.6,728.75,3599.0
2021-05-21 10:29:00,NSE:EBIXFOREX,728.75,728.75,728.75,728.75,1511.0
2021-05-21 10:30:00,NSE:EBIXFOREX,728.75,728.75,728.75,728.75,1417.0
2021-05-21 10:31:00,NSE:EBIXFOREX,728.75,728.75,728.75,728.75,439.0
2021-05-21 10:32:00,NSE:EBIXFOREX,728.75,728.75,728.75,728.75,776.0
2021-05-21 10:33:00,NSE:EBIXFOREX,728.75,728.75,728.75,728.75,581.0
2021-05-21 10:34:00,NSE:EBIXFOREX,728.75,728.75,728.75,728.75,35.0
2021-05-21 10:35:00,NSE:EBIXFOREX,728.75,728.75,728.75,728.75,101.0
2021-05-21 10:36:00,NSE:EBIXFOREX,728.75,728.75,728.75,728.75,103.0
2021-05-21 10:37:00,NSE:EBIXFOREX,728.75,728.75,728.75,728.75,803.0
2021-05-21 10:38:00,NSE:EBIXFOREX,728.75,728.75,728.75,728.75,24.0
2021-05-21 10:39:00,NSE:EBIXFOREX,728.75,728.75,728.75,728.75,70.0
2021-05-21 10:40:00,NSE:EBIXFOREX,728.75,728.75,728.75,728.75,51.0
2021-05-21 10:41:00,NSE:EBIXFOREX,728.75,728.75,728.75,728.75,126.0
2021-05-21 10:42:00,NSE:EBIXFOREX,728.75,728.75,728.75,728.75,30.0
2021-05-21 10:43:00,NSE:EBIXFOREX,728.75,728.75,728.75,728.75,682.0
2021-05-21 10:44:00,NSE:EBIXFOREX,728.75,728.75,728.75,728.75,11.0
2021-05-21 10:45:00,NSE:EBIXFOREX,728.75,728.75,728.75,728.75,39.0
2021-05-21 10:47:00,NSE:EBIXFOREX,728.75,728.75,728.75,728.75,2753.0
2021-05-21 10:48:00,NSE:EBIXFOREX,728.75,728.75,728.75,728.75,104.0
2021-05-21 10:49:00,NSE:EBIXFOREX,728.75,728.75,728.75,728.75,220.0
2021-05-21 10:50:00,NSE:EBIXFOREX,728.75,728.75,728.75,728.75,31.0
2021-05-21 10:51:00,NSE:EBIXFOREX,728.75,728.75,728.75,728.75,1.0
2021-05-21 10:52:00,NSE:EBIXFOREX,728.75,728.75,728.75,728.75,5.0
2021-05-21 10:53:00,NSE:EBIXFOREX,728.75,728.75,728.75,728.75,71.0
2021-05-21 10:54:00,NSE:EBIXFOREX,728.75,728.75,728.75,728.75,40.0
2021-05-21 10:55:00,NSE:EBIXFOREX,728.75,728.75,728.75,728.75,10.0
2021-05-21 10:56:00,NSE:EBIXFOREX,728.75,728.75,728.75,728.75,7.0
2021-05-21 10:57:00,NSE:EBIXFOREX,728.75,728.75,728.75,728.75,510.0
2021-05-21 10:58:00,NSE:EBIXFOREX,728.75,728.75,728.75,728.75,20.0
2021-05-21 10:59:00,NSE:EBIXFOREX,728.75,728.75,728.75,728.75,2.0
2021-05-21 11:00:00,NSE:EBIXFOREX,728.75,728.75,728.75,728.75,75.0
2021-05-21 11:01:00,NSE:EBIXFOREX,728.75,728.75,728.75,728.75,25.0
2021-05-21 11:03:00,NSE:EBIXFOREX,728.75,728.75,728.75,728.75,29.0
2021-05-21 11:05:00,NSE:EBIXFOREX,728.75,728.75,728.75,728.75,17.0
2021-05-21 11:08:00,NSE:EBIXFOREX,728.75,728.75,728.75,728.75,25.0
2021-05-21 11:10:00,NSE:EBIXFOREX,728.75,728.75,728.75,728.75,32.0
2021-05-21 11:11:00,NSE:EBIXFOREX,728.75,728.75,728.75,728.75,98.0
2021-05-21 11:12:00,NSE:EBIXFOREX,728.75,728.75,728.75,728.75,104.0
2021-05-21 11:13:00,NSE:EBIXFOREX,728.75,728.75,728.75,728.75,196.0
2021-05-21 11:15:00,NSE:EBIXFOREX,728.75,728.75,728.75,728.75,2.0
2021-05-21 11:16:00,NSE:EBIXFOREX,728.75,728.75,728.75,728.75,131.0
2021-05-21 11:17:00,NSE:EBIXFOREX,728.75,728.75,728.75,728.75,75.0
2021-05-21 11:20:00,NSE:EBIXFOREX,728.75,728.75,728.75,728.75,2.0
2021-05-21 11:22:00,NSE:EBIXFOREX,728.75,728.75,728.75,728.75,68.0
2021-05-21 11:23:00,NSE:EBIXFOREX,728.75,728.75,728.75,728.75,35.0
2021-05-21 11:24:00,NSE:EBIXFOREX,728.75,728.75,728.75,728.75,10.0
2021-05-21 11:26:00,NSE:EBIXFOREX,728.75,728.75,728.75,728.75,45.0
2021-05-21 11:27:00,NSE:EBIXFOREX,728.75,728.75,728.75,728.75,7.0
2021-05-21 11:30:00,NSE:EBIXFOREX,728.75,728.75,728.75,728.75,7.0
2021-05-21 11:31:00,NSE:EBIXFOREX,728.75,728.75,728.75,728.75,300.0
2021-05-21 11:32:00,NSE:EBIXFOREX,728.75,728.75,728.75,728.75,77.0
2021-05-21 11:36:00,NSE:EBIXFOREX,728.75,728.75,728.75,728.75,20.0
2021-05-21 11:37:00,NSE:EBIXFOREX,728.75,728.75,728.75,728.75,102.0
2021-05-21 11:38:00,NSE:EBIXFOREX,728.75,728.75,728.75,728.75,200.0
2021-05-21 11:40:00,NSE:EBIXFOREX,728.75,728.75,728.75,728.75,1.0
2021-05-21 11:41:00,NSE:EBIXFOREX,728.75,728.75,728.75,728.75,9.0
2021-05-21 11:42:00,NSE:EBIXFOREX,728.75,728.75,728.75,728.75,20.0
2021-05-21 11:43:00,NSE:EBIXFOREX,728.75,728.75,728.75,728.75,35.0
2021-05-21 11:46:00,NSE:EBIXFOREX,728.75,728.75,728.75,728.75,1.0
2021-05-21 11:48:00,NSE:EBIXFOREX,728.75,728.75,728.75,728.75,2.0
2021-05-21 11:49:00,NSE:EBIXFOREX,728.75,728.75,728.75,728.75,1.0
2021-05-21 11:50:00,NSE:EBIXFOREX,728.75,728.75,728.75,728.75,1.0
2021-05-21 11:55:00,NSE:EBIXFOREX,728.75,728.75,728.75,728.75,11.0
2021-05-21 11:56:00,NSE:EBIXFOREX,728.75,728.75,728.75,728.75,28.0
2021-05-21 12:02:00,NSE:EBIXFOREX,728.75,728.75,728.75,728.75,33.0
2021-05-21 12:10:00,NSE:EBIXFOREX,728.75,728.75,728.75,728.75,3.0
2021-05-21 12:13:00,NSE:EBIXFOREX,728.75,728.75,728.75,728.75,10.0
2021-05-21 12:15:00,NSE:EBIXFOREX,728.75,728.75,728.75,728.75,20.0
2021-05-21 12:17:00,NSE:EBIXFOREX,728.75,728.75,728.75,728.75,107.0
2021-05-21 12:19:00,NSE:EBIXFOREX,728.75,728.75,728.75,728.75,50.0
2021-05-21 12:20:00,NSE:EBIXFOREX,728.75,728.75,728.75,728.75,3.0
2021-05-21 12:25:00,NSE:EBIXFOREX,728.75,728.75,728.75,728.75,10.0
2021-05-21 12:28:00,NSE:EBIXFOREX,728.75,728.75,728.75,728.75,50.0
2021-05-21 12:29:00,NSE:EBIXFOREX,728.75,728.75,728.75,728.75,1.0
2021-05-21 12:31:00,NSE:EBIXFOREX,728.75,728.75,728.75,728.75,1600.0
2021-05-21 12:33:00,NSE:EBIXFOREX,728.75,728.75,728.75,728.75,100.0
2021-05-21 12:39:00,NSE:EBIXFOREX,728.75,728.75,728.75,728.75,6.0
2021-05-21 12:40:00,NSE:EBIXFOREX,728.75,728.75,728.75,728.75,5.0
2021-05-21 12:45:00,NSE:EBIXFOREX,728.75,728.75,728.75,728.75,53.0
2021-05-21 12:46:00,NSE:EBIXFOREX,728.75,728.75,728.75,728.75,100.0
2021-05-21 12:50:00,NSE:EBIXFOREX,728.75,728.75,728.75,728.75,4.0
2021-05-21 12:51:00,NSE:EBIXFOREX,728.75,728.75,728.75,728.75,1.0
2021-05-21 12:53:00,NSE:EBIXFOREX,728.75,728.75,728.75,728.75,45.0
2021-05-21 12:54:00,NSE:EBIXFOREX,728.75,728.75,728.75,728.75,4.0
2021-05-21 12:55:00,NSE:EBIXFOREX,728.75,728.75,728.75,728.75,1.0
2021-05-21 13:00:00,NSE:EBIXFOREX,728.75,728.75,728.75,728.75,28.0
2021-05-21 13:05:00,NSE:EBIXFOREX,728.75,728.75,728.75,728.75,8.0
2021-05-21 13:13:00,NSE:EBIXFOREX,728.75,728.75,728.75,728.75,4201.0
2021-05-21 13:14:00,NSE:EBIXFOREX,728.75,728.75,728.75,728.75,1968.0
2021-05-21 13:15:00,NSE:EBIXFOREX,728.75,728.75,728.75,728.75,8.0
2021-05-21 13:16:00,NSE:EBIXFOREX,728.75,728.75,728.75,728.75,1.0
2021-05-21 13:18:00,NSE:EBIXFOREX,728.75,728.75,728.75,728.75,90.0
2021-05-21 13:19:00,NSE:EBIXFOREX,728.75,728.75,728.75,728.75,500.0
2021-05-21 13:20:00,NSE:EBIXFOREX,728.75,728.75,728.75,728.75,251.0
2021-05-21 13:21:00,NSE:EBIXFOREX,728.75,728.75,728.75,728.75,19.0
2021-05-21 13:22:00,NSE:EBIXFOREX,728.75,728.75,728.75,728.75,15.0
2021-05-21 13:24:00,NSE:EBIXFOREX,728.75,728.75,728.75,728.75,9.0
2021-05-21 13:28:00,NSE:EBIXFOREX,728.75,728.75,728.75,728.75,1.0
2021-05-21 13:32:00,NSE:EBIXFOREX,728.75,728.75,728.75,728.75,5.0
2021-05-21 13:35:00,NSE:EBIXFOREX,728.75,728.75,728.75,728.75,30.0
2021-05-21 13:36:00,NSE:EBIXFOREX,728.75,728.75,728.75,728.75,5.0
2021-05-21 13:39:00,NSE:EBIXFOREX,728.75,728.75,728.75,728.75,60.0
2021-05-21 13:44:00,NSE:EBIXFOREX,728.75,728.75,728.75,728.75,3.0
2021-05-21 13:47:00,NSE:EBIXFOREX,728.75,728.75,728.75,728.75,15.0
2021-05-21 13:48:00,NSE:EBIXFOREX,728.75,728.75,728.75,728.75,3.0
2021-05-21 13:49:00,NSE:EBIXFOREX,728.75,728.75,728.75,728.75,1.0
2021-05-21 13:50:00,NSE:EBIXFOREX,728.75,728.75,728.75,728.75,1.0
2021-05-21 13:54:00,NSE:EBIXFOREX,728.75,728.75,728.75,728.75,20.0
2021-05-21 13:56:00,NSE:EBIXFOREX,728.75,728.75,728.75,728.75,1.0
2021-05-21 13:58:00,NSE:EBIXFOREX,728.75,728.75,728.75,728.75,3.0
2021-05-21 14:03:00,NSE:EBIXFOREX,728.75,728.75,728.75,728.75,15.0
2021-05-21 14:04:00,NSE:EBIXFOREX,728.75,728.75,728.75,728.75,10.0
2021-05-21 14:09:00,NSE:EBIXFOREX,728.75,728.75,728.75,728.75,500.0
2021-05-21 14:16:00,NSE:EBIXFOREX,728.75,728.75,728.75,728.75,2.0
2021-05-21 14:20:00,NSE:EBIXFOREX,728.75,728.75,728.75,728.75,200.0
2021-05-21 14:23:00,NSE:EBIXFOREX,728.75,728.75,728.75,728.75,15.0
2021-05-21 14:26:00,NSE:EBIXFOREX,728.75,728.75,728.75,728.75,100.0
2021-05-21 14:37:00,NSE:EBIXFOREX,728.75,728.75,728.75,728.75,3.0
2021-05-21 14:43:00,NSE:EBIXFOREX,728.75,728.75,728.75,728.75,109.0
2021-05-21 14:52:00,NSE:EBIXFOREX,728.75,728.75,728.75,728.75,60.0
2021-05-21 14:53:00,NSE:EBIXFOREX,728.75,728.75,728.75,728.75,50.0
2021-05-21 14:57:00,NSE:EBIXFOREX,728.75,728.75,728.75,728.75,25.0
2021-05-21 14:59:00,NSE:EBIXFOREX,728.75,728.75,728.75,728.75,5.0
2021-05-21 15:05:00,NSE:EBIXFOREX,728.75,728.75,728.75,728.75,5.0
2021-05-21 15:08:00,NSE:EBIXFOREX,728.75,728.75,728.75,728.75,5.0
2021-05-21 15:10:00,NSE:EBIXFOREX,728.75,728.75,728.75,728.75,300.0
2021-05-21 15:12:00,NSE:EBIXFOREX,728.75,728.75,728.75,728.75,6.0
2021-05-21 15:13:00,NSE:EBIXFOREX,728.75,728.75,728.75,728.75,3.0
2021-05-21 15:14:00,NSE:EBIXFOREX,728.75,728.75,728.75,728.75,8.0
2021-05-21 15:15:00,NSE:EBIXFOREX,728.75,728.75,728.75,728.75,150.0
2021-05-21 15:18:00,NSE:EBIXFOREX,728.75,728.75,728.75,728.75,1.0
2021-05-21 15:23:00,NSE:EBIXFOREX,728.75,728.75,728.75,728.75,10.0
2021-05-21 15:24:00,NSE:EBIXFOREX,728.75,728.75,728.75,728.75,100.0
2021-05-24 09:07:00,NSE:EBIXFOREX,717.1,717.1,717.1,717.1,700.0
2021-05-24 09:15:00,NSE:EBIXFOREX,724.0,724.0,717.1,718.0,506.0
2021-05-24 09:16:00,NSE:EBIXFOREX,718.0,720.0,716.0,720.0,248.0
2021-05-24 09:18:00,NSE:EBIXFOREX,716.0,716.0,714.0,714.0,143.0
2021-05-24 09:19:00,NSE:EBIXFOREX,713.45,714.0,694.25,696.9,375.0
2021-05-24 09:20:00,NSE:EBIXFOREX,706.6,708.8,699.95,699.95,480.0
2021-05-24 09:21:00,NSE:EBIXFOREX,699.95,700.0,698.7,699.95,476.0
2021-05-24 09:22:00,NSE:EBIXFOREX,699.55,699.55,696.55,696.55,21.0
2021-05-24 09:23:00,NSE:EBIXFOREX,696.55,699.95,696.55,696.6,112.0
2021-05-24 09:24:00,NSE:EBIXFOREX,696.6,700.0,696.6,700.0,156.0
2021-05-24 09:25:00,NSE:EBIXFOREX,700.0,709.75,700.0,709.75,402.0
2021-05-24 09:26:00,NSE:EBIXFOREX,707.7,707.7,707.7,707.7,5.0
2021-05-24 09:27:00,NSE:EBIXFOREX,709.5,709.5,703.3,703.3,59.0
2021-05-24 09:28:00,NSE:EBIXFOREX,704.0,704.0,696.85,696.85,180.0
2021-05-24 09:29:00,NSE:EBIXFOREX,699.05,703.95,699.05,703.9,16.0
2021-05-24 09:30:00,NSE:EBIXFOREX,704.0,707.0,704.0,707.0,100.0
2021-05-24 09:31:00,NSE:EBIXFOREX,706.95,706.95,706.95,706.95,20.0
2021-05-24 09:32:00,NSE:EBIXFOREX,707.9,708.0,707.45,707.95,186.0
2021-05-24 09:33:00,NSE:EBIXFOREX,705.0,705.0,705.0,705.0,111.0
2021-05-24 09:34:00,NSE:EBIXFOREX,705.0,705.0,705.0,705.0,50.0
2021-05-24 09:35:00,NSE:EBIXFOREX,707.0,708.0,700.05,700.05,384.0
2021-05-24 09:36:00,NSE:EBIXFOREX,704.45,704.45,704.45,704.45,15.0
2021-05-24 09:37:00,NSE:EBIXFOREX,700.0,700.0,697.1,697.1,174.0
2021-05-24 09:38:00,NSE:EBIXFOREX,699.95,700.0,697.1,697.1,46.0
2021-05-24 09:39:00,NSE:EBIXFOREX,706.9,706.9,706.9,706.9,21.0
2021-05-24 09:40:00,NSE:EBIXFOREX,706.9,706.9,706.9,706.9,6.0
2021-05-24 09:41:00,NSE:EBIXFOREX,706.55,706.55,697.1,697.1,134.0
2021-05-24 09:42:00,NSE:EBIXFOREX,700.65,700.65,700.65,700.65,1.0
2021-05-24 09:43:00,NSE:EBIXFOREX,700.0,700.8,700.0,700.8,14.0
2021-05-24 09:44:00,NSE:EBIXFOREX,700.0,703.35,700.0,703.35,59.0
2021-05-24 09:45:00,NSE:EBIXFOREX,704.05,704.05,702.95,702.95,7.0
2021-05-24 09:46:00,NSE:EBIXFOREX,704.3,704.3,704.3,704.3,6.0
2021-05-24 09:47:00,NSE:EBIXFOREX,701.35,704.0,701.35,704.0,12.0
2021-05-24 09:48:00,NSE:EBIXFOREX,703.95,704.0,700.0,703.9,100.0
2021-05-24 09:49:00,NSE:EBIXFOREX,703.9,703.9,700.0,700.0,184.0
2021-05-24 09:50:00,NSE:EBIXFOREX,702.95,703.85,702.95,703.85,7.0
2021-05-24 09:51:00,NSE:EBIXFOREX,703.8,704.0,703.8,704.0,69.0
2021-05-24 09:52:00,NSE:EBIXFOREX,704.0,704.0,700.05,700.05,138.0
2021-05-24 09:55:00,NSE:EBIXFOREX,700.1,700.1,700.0,700.0,104.0
2021-05-24 09:56:00,NSE:EBIXFOREX,700.1,700.1,700.1,700.1,25.0
2021-05-24 09:57:00,NSE:EBIXFOREX,703.45,703.45,702.1,702.1,20.0
2021-05-24 09:59:00,NSE:EBIXFOREX,702.0,702.0,700.0,700.0,165.0
2021-05-24 10:00:00,NSE:EBIXFOREX,699.2,699.2,699.2,699.2,407.0
2021-05-24 10:01:00,NSE:EBIXFOREX,700.1,700.1,700.1,700.1,1.0
2021-05-24 10:03:00,NSE:EBIXFOREX,702.85,702.85,702.85,702.85,1.0
2021-05-24 10:04:00,NSE:EBIXFOREX,700.45,702.75,700.45,700.45,109.0
2021-05-24 10:05:00,NSE:EBIXFOREX,701.3,704.0,701.3,704.0,49.0
2021-05-24 10:06:00,NSE:EBIXFOREX,703.0,707.0,703.0,707.0,425.0
2021-05-24 10:07:00,NSE:EBIXFOREX,706.55,706.55,706.55,706.55,1.0
2021-05-24 10:08:00,NSE:EBIXFOREX,703.25,703.25,703.25,703.25,1.0
2021-05-24 10:10:00,NSE:EBIXFOREX,707.0,707.0,707.0,707.0,29.0
2021-05-24 10:12:00,NSE:EBIXFOREX,706.95,706.95,706.95,706.95,5.0
2021-05-24 10:13:00,NSE:EBIXFOREX,706.55,706.55,703.1,703.1,22.0
2021-05-24 10:18:00,NSE:EBIXFOREX,705.2,706.65,705.2,706.65,29.0
2021-05-24 10:19:00,NSE:EBIXFOREX,707.0,707.0,707.0,707.0,87.0
2021-05-24 10:20:00,NSE:EBIXFOREX,706.65,706.65,705.0,705.0,105.0
2021-05-24 10:21:00,NSE:EBIXFOREX,703.0,703.0,703.0,703.0,62.0
2021-05-24 10:22:00,NSE:EBIXFOREX,700.5,700.5,700.5,700.5,12.0
2021-05-24 10:23:00,NSE:EBIXFOREX,700.5,700.5,700.5,700.5,10.0
2021-05-24 10:25:00,NSE:EBIXFOREX,700.5,700.5,700.5,700.5,1.0
2021-05-24 10:34:00,NSE:EBIXFOREX,702.9,702.9,702.9,702.9,9.0
2021-05-24 10:36:00,NSE:EBIXFOREX,702.9,702.9,702.9,702.9,14.0
2021-05-24 10:37:00,NSE:EBIXFOREX,703.0,703.0,703.0,703.0,26.0
2021-05-24 10:38:00,NSE:EBIXFOREX,702.8,702.8,702.8,702.8,17.0
2021-05-24 10:40:00,NSE:EBIXFOREX,701.35,701.35,701.35,701.35,7.0
2021-05-24 10:41:00,NSE:EBIXFOREX,700.0,700.0,700.0,700.0,350.0
2021-05-24 10:44:00,NSE:EBIXFOREX,702.9,702.9,702.9,702.9,21.0
2021-05-24 10:45:00,NSE:EBIXFOREX,700.0,702.25,700.0,702.25,35.0
2021-05-24 10:48:00,NSE:EBIXFOREX,702.9,702.9,702.9,702.9,25.0
2021-05-24 10:49:00,NSE:EBIXFOREX,702.9,703.3,702.9,703.3,44.0
2021-05-24 10:51:00,NSE:EBIXFOREX,703.3,703.3,703.3,703.3,1.0
2021-05-24 10:52:00,NSE:EBIXFOREX,703.3,703.3,703.3,703.3,5.0
2021-05-24 10:53:00,NSE:EBIXFOREX,700.0,700.0,700.0,700.0,100.0
2021-05-24 10:54:00,NSE:EBIXFOREX,700.05,700.05,700.05,700.05,1.0
2021-05-24 10:56:00,NSE:EBIXFOREX,702.65,702.65,702.65,702.65,2.0
2021-05-24 10:58:00,NSE:EBIXFOREX,700.0,700.0,700.0,700.0,100.0
2021-05-24 11:02:00,NSE:EBIXFOREX,700.0,700.0,700.0,700.0,273.0
2021-05-24 11:05:00,NSE:EBIXFOREX,700.0,700.0,700.0,700.0,2.0
2021-05-24 11:14:00,NSE:EBIXFOREX,700.0,700.0,700.0,700.0,15.0
2021-05-24 11:15:00,NSE:EBIXFOREX,700.0,700.0,700.0,700.0,1.0
2021-05-24 11:16:00,NSE:EBIXFOREX,700.0,700.0,700.0,700.0,50.0
2021-05-24 11:19:00,NSE:EBIXFOREX,702.95,702.95,702.95,702.95,20.0
2021-05-24 11:23:00,NSE:EBIXFOREX,702.95,702.95,702.05,702.95,28.0
2021-05-24 11:24:00,NSE:EBIXFOREX,702.95,702.95,702.95,702.95,5.0
2021-05-24 11:25:00,NSE:EBIXFOREX,702.05,702.05,702.05,702.05,20.0
2021-05-24 11:26:00,NSE:EBIXFOREX,702.1,702.1,702.1,702.1,8.0
2021-05-24 11:28:00,NSE:EBIXFOREX,702.1,702.1,702.1,702.1,7.0
2021-05-24 11:29:00,NSE:EBIXFOREX,705.05,705.05,705.0,705.0,79.0
2021-05-24 11:32:00,NSE:EBIXFOREX,706.05,706.05,706.05,706.05,20.0
2021-05-24 11:35:00,NSE:EBIXFOREX,705.85,705.85,700.0,700.0,710.0
2021-05-24 11:36:00,NSE:EBIXFOREX,696.95,696.95,696.95,696.95,1.0
2021-05-24 11:37:00,NSE:EBIXFOREX,700.0,700.0,700.0,700.0,100.0
2021-05-24 11:38:00,NSE:EBIXFOREX,699.8,699.8,699.8,699.8,5.0
2021-05-24 11:39:00,NSE:EBIXFOREX,699.75,699.75,699.75,699.75,10.0
2021-05-24 11:41:00,NSE:EBIXFOREX,699.7,699.7,699.7,699.7,1.0
2021-05-24 11:42:00,NSE:EBIXFOREX,700.0,700.0,700.0,700.0,144.0
2021-05-24 11:43:00,NSE:EBIXFOREX,700.0,700.0,700.0,700.0,95.0
2021-05-24 11:45:00,NSE:EBIXFOREX,700.0,700.0,700.0,700.0,5.0
2021-05-24 11:54:00,NSE:EBIXFOREX,696.3,698.8,696.3,698.8,150.0
2021-05-24 11:58:00,NSE:EBIXFOREX,699.35,699.35,699.35,699.35,6.0
2021-05-24 12:10:00,NSE:EBIXFOREX,696.7,696.7,696.7,696.7,4.0
2021-05-24 12:15:00,NSE:EBIXFOREX,697.85,697.85,697.85,697.85,2.0
2021-05-24 12:16:00,NSE:EBIXFOREX,699.3,699.3,699.3,699.3,4.0
2021-05-24 12:18:00,NSE:EBIXFOREX,699.3,699.3,699.3,699.3,4.0
2021-05-24 12:19:00,NSE:EBIXFOREX,699.35,699.35,699.35,699.35,45.0
2021-05-24 12:20:00,NSE:EBIXFOREX,699.8,699.8,699.8,699.8,5.0
2021-05-24 12:21:00,NSE:EBIXFOREX,704.0,704.0,704.0,704.0,91.0
2021-05-24 12:22:00,NSE:EBIXFOREX,704.95,704.95,704.95,704.95,18.0
2021-05-24 12:23:00,NSE:EBIXFOREX,705.0,709.9,705.0,709.9,115.0
2021-05-24 12:24:00,NSE:EBIXFOREX,709.1,709.95,707.0,709.95,109.0
2021-05-24 12:25:00,NSE:EBIXFOREX,709.95,709.95,705.25,705.25,56.0
2021-05-24 12:26:00,NSE:EBIXFOREX,705.25,707.0,705.0,706.5,83.0
2021-05-24 12:27:00,NSE:EBIXFOREX,706.0,706.0,704.95,705.0,59.0
2021-05-24 12:28:00,NSE:EBIXFOREX,704.95,704.95,704.95,704.95,29.0
2021-05-24 12:31:00,NSE:EBIXFOREX,705.0,705.0,705.0,705.0,31.0
2021-05-24 12:32:00,NSE:EBIXFOREX,705.0,709.95,705.0,709.95,203.0
2021-05-24 12:33:00,NSE:EBIXFOREX,709.7,709.7,709.0,709.0,4.0
2021-05-24 12:34:00,NSE:EBIXFOREX,709.95,709.95,709.95,709.95,65.0
2021-05-24 12:35:00,NSE:EBIXFOREX,702.0,702.0,702.0,702.0,151.0
2021-05-24 12:36:00,NSE:EBIXFOREX,702.0,702.0,702.0,702.0,25.0
2021-05-24 12:37:00,NSE:EBIXFOREX,702.0,702.0,702.0,702.0,39.0
2021-05-24 12:40:00,NSE:EBIXFOREX,700.0,700.0,700.0,700.0,86.0
2021-05-24 12:41:00,NSE:EBIXFOREX,704.95,704.95,704.95,704.95,39.0
2021-05-24 12:43:00,NSE:EBIXFOREX,704.9,704.9,700.0,700.0,65.0
2021-05-24 12:44:00,NSE:EBIXFOREX,702.1,702.1,702.1,702.1,7.0
2021-05-24 12:45:00,NSE:EBIXFOREX,702.0,704.8,702.0,704.0,195.0
2021-05-24 12:53:00,NSE:EBIXFOREX,704.75,704.75,704.75,704.75,77.0
2021-05-24 12:55:00,NSE:EBIXFOREX,704.85,707.8,704.85,707.8,88.0
2021-05-24 13:07:00,NSE:EBIXFOREX,707.0,707.0,707.0,707.0,50.0
2021-05-24 13:12:00,NSE:EBIXFOREX,705.75,705.75,702.5,702.5,25.0
2021-05-24 13:14:00,NSE:EBIXFOREX,702.05,702.05,702.05,702.05,20.0
2021-05-24 13:17:00,NSE:EBIXFOREX,704.85,704.85,704.85,704.85,10.0
2021-05-24 13:18:00,NSE:EBIXFOREX,702.0,702.0,700.0,700.0,135.0
2021-05-24 13:20:00,NSE:EBIXFOREX,700.0,700.0,699.8,699.8,39.0
2021-05-24 13:22:00,NSE:EBIXFOREX,705.05,705.05,705.05,705.05,126.0
2021-05-24 13:23:00,NSE:EBIXFOREX,699.8,699.8,699.8,699.8,70.0
2021-05-24 13:25:00,NSE:EBIXFOREX,705.0,705.05,705.0,705.05,92.0
2021-05-24 13:26:00,NSE:EBIXFOREX,705.0,705.0,705.0,705.0,20.0
2021-05-24 13:35:00,NSE:EBIXFOREX,705.6,706.4,705.6,706.4,25.0
2021-05-24 13:36:00,NSE:EBIXFOREX,705.65,705.65,699.8,699.8,524.0
2021-05-24 13:40:00,NSE:EBIXFOREX,704.55,704.55,704.55,704.55,1.0
2021-05-24 13:43:00,NSE:EBIXFOREX,699.8,699.8,699.8,699.8,102.0
2021-05-24 13:45:00,NSE:EBIXFOREX,696.7,696.7,696.7,696.7,41.0
2021-05-24 13:46:00,NSE:EBIXFOREX,696.7,696.7,696.7,696.7,8.0
2021-05-24 13:51:00,NSE:EBIXFOREX,699.0,699.0,699.0,699.0,105.0
2021-05-24 13:52:00,NSE:EBIXFOREX,699.0,699.0,699.0,699.0,25.0
2021-05-24 13:58:00,NSE:EBIXFOREX,699.0,699.0,699.0,699.0,2.0
2021-05-24 14:06:00,NSE:EBIXFOREX,699.0,699.0,699.0,699.0,25.0
2021-05-24 14:11:00,NSE:EBIXFOREX,697.05,697.05,697.05,697.05,31.0
2021-05-24 14:13:00,NSE:EBIXFOREX,696.3,696.3,696.3,696.3,100.0
2021-05-24 14:14:00,NSE:EBIXFOREX,698.95,698.95,698.95,698.95,14.0
2021-05-24 14:18:00,NSE:EBIXFOREX,696.1,696.1,696.1,696.1,100.0
2021-05-24 14:26:00,NSE:EBIXFOREX,696.15,696.15,696.0,696.0,167.0
2021-05-24 14:27:00,NSE:EBIXFOREX,695.0,695.0,695.0,695.0,50.0
2021-05-24 14:30:00,NSE:EBIXFOREX,696.1,696.1,696.1,696.1,10.0
2021-05-24 14:31:00,NSE:EBIXFOREX,695.2,696.1,695.2,696.1,13.0
2021-05-24 14:36:00,NSE:EBIXFOREX,695.0,695.0,694.1,694.1,42.0
2021-05-24 14:37:00,NSE:EBIXFOREX,694.1,695.0,694.0,695.0,86.0
2021-05-24 14:38:00,NSE:EBIXFOREX,694.0,694.0,694.0,694.0,4.0
2021-05-24 14:41:00,NSE:EBIXFOREX,698.7,698.7,698.7,698.7,20.0
2021-05-24 14:42:00,NSE:EBIXFOREX,698.65,698.65,694.0,694.0,26.0
2021-05-24 14:43:00,NSE:EBIXFOREX,694.0,698.7,694.0,698.7,110.0
2021-05-24 14:46:00,NSE:EBIXFOREX,698.7,698.7,698.7,698.7,24.0
2021-05-24 14:47:00,NSE:EBIXFOREX,698.7,703.0,698.7,703.0,34.0
2021-05-24 14:50:00,NSE:EBIXFOREX,694.1,694.1,694.1,694.1,16.0
2021-05-24 14:51:00,NSE:EBIXFOREX,694.05,694.05,694.05,694.05,4.0
2021-05-24 14:54:00,NSE:EBIXFOREX,694.0,694.0,692.0,694.0,337.0
2021-05-24 14:55:00,NSE:EBIXFOREX,693.0,693.0,693.0,693.0,1.0
2021-05-24 14:56:00,NSE:EBIXFOREX,690.5,694.0,690.5,694.0,72.0
2021-05-24 14:59:00,NSE:EBIXFOREX,691.15,693.7,690.0,690.05,589.0
2021-05-24 15:00:00,NSE:EBIXFOREX,690.05,690.05,690.05,690.05,25.0
2021-05-24 15:02:00,NSE:EBIXFOREX,690.05,691.0,690.0,690.0,91.0
2021-05-24 15:03:00,NSE:EBIXFOREX,690.0,690.0,689.95,690.0,20.0
2021-05-24 15:04:00,NSE:EBIXFOREX,685.95,685.95,685.0,685.0,17.0
2021-05-24 15:05:00,NSE:EBIXFOREX,690.0,690.0,690.0,690.0,130.0
2021-05-24 15:06:00,NSE:EBIXFOREX,685.1,688.2,685.1,688.2,11.0
2021-05-24 15:07:00,NSE:EBIXFOREX,687.45,690.0,687.45,690.0,105.0
2021-05-24 15:11:00,NSE:EBIXFOREX,689.9,690.0,689.9,690.0,122.0
2021-05-24 15:15:00,NSE:EBIXFOREX,686.6,686.6,686.6,686.6,7.0
2021-05-24 15:16:00,NSE:EBIXFOREX,685.0,687.5,685.0,687.5,39.0
2021-05-24 15:17:00,NSE:EBIXFOREX,685.0,685.0,685.0,685.0,35.0
2021-05-24 15:18:00,NSE:EBIXFOREX,687.5,687.5,680.0,687.0,334.0
2021-05-24 15:19:00,NSE:EBIXFOREX,687.0,687.0,680.1,685.0,126.0
2021-05-24 15:20:00,NSE:EBIXFOREX,683.15,683.15,683.15,683.15,7.0
2021-05-24 15:21:00,NSE:EBIXFOREX,684.9,685.0,684.9,685.0,52.0
2021-05-24 15:22:00,NSE:EBIXFOREX,684.95,684.95,684.95,684.95,45.0
2021-05-24 15:23:00,NSE:EBIXFOREX,685.0,685.0,684.95,684.95,49.0
2021-05-24 15:24:00,NSE:EBIXFOREX,685.0,685.0,685.0,685.0,58.0
2021-05-24 15:25:00,NSE:EBIXFOREX,684.95,684.95,684.95,684.95,81.0
2021-05-24 15:26:00,NSE:EBIXFOREX,687.0,687.0,687.0,687.0,28.0
2021-05-24 15:27:00,NSE:EBIXFOREX,685.0,686.9,685.0,686.9,22.0
2021-05-24 15:28:00,NSE:EBIXFOREX,686.9,693.5,686.9,687.0,50.0
2021-05-24 15:29:00,NSE:EBIXFOREX,687.0,693.8,687.0,693.8,128.0
2021-05-24 15:47:00,NSE:EBIXFOREX,686.15,686.15,686.15,686.15,15.0
2021-05-25 09:07:00,NSE:EBIXFOREX,693.8,693.8,693.8,693.8,50.0
2021-05-25 09:16:00,NSE:EBIXFOREX,693.3,693.8,689.95,693.8,76.0
2021-05-25 09:17:00,NSE:EBIXFOREX,698.4,698.4,696.7,696.7,79.0
2021-05-25 09:18:00,NSE:EBIXFOREX,689.0,689.0,689.0,689.0,10.0
2021-05-25 09:19:00,NSE:EBIXFOREX,690.05,690.05,690.05,690.05,1.0
2021-05-25 09:21:00,NSE:EBIXFOREX,697.0,698.35,697.0,698.35,155.0
2021-05-25 09:22:00,NSE:EBIXFOREX,698.9,698.9,698.9,698.9,50.0
2021-05-25 09:23:00,NSE:EBIXFOREX,698.9,698.9,698.9,698.9,50.0
2021-05-25 09:24:00,NSE:EBIXFOREX,698.0,698.9,698.0,698.9,14.0
2021-05-25 09:25:00,NSE:EBIXFOREX,698.8,698.8,698.8,698.8,1.0
2021-05-25 09:26:00,NSE:EBIXFOREX,698.8,698.8,698.8,698.8,5.0
2021-05-25 09:27:00,NSE:EBIXFOREX,698.0,698.0,698.0,698.0,44.0
2021-05-25 09:28:00,NSE:EBIXFOREX,698.0,698.0,698.0,698.0,213.0
2021-05-25 09:29:00,NSE:EBIXFOREX,698.0,698.0,695.0,696.0,176.0
2021-05-25 09:30:00,NSE:EBIXFOREX,695.0,696.0,695.0,695.0,122.0
2021-05-25 09:33:00,NSE:EBIXFOREX,696.0,696.0,696.0,696.0,4.0
2021-05-25 09:34:00,NSE:EBIXFOREX,695.0,695.0,695.0,695.0,3.0
2021-05-25 09:35:00,NSE:EBIXFOREX,695.0,695.0,695.0,695.0,52.0
2021-05-25 09:37:00,NSE:EBIXFOREX,691.2,691.2,691.0,691.0,28.0
2021-05-25 09:38:00,NSE:EBIXFOREX,692.8,695.0,692.8,695.0,30.0
2021-05-25 09:39:00,NSE:EBIXFOREX,694.0,694.0,694.0,694.0,50.0
2021-05-25 09:40:00,NSE:EBIXFOREX,692.5,692.5,692.5,692.5,9.0
2021-05-25 09:41:00,NSE:EBIXFOREX,694.0,694.0,694.0,694.0,70.0
2021-05-25 09:43:00,NSE:EBIXFOREX,692.05,692.05,692.0,692.0,20.0
2021-05-25 09:45:00,NSE:EBIXFOREX,694.0,694.0,694.0,694.0,317.0
2021-05-25 09:46:00,NSE:EBIXFOREX,694.0,694.0,694.0,694.0,24.0
2021-05-25 09:47:00,NSE:EBIXFOREX,693.4,693.95,692.0,693.95,109.0
2021-05-25 09:48:00,NSE:EBIXFOREX,694.0,694.0,694.0,694.0,29.0
2021-05-25 09:51:00,NSE:EBIXFOREX,698.9,698.9,696.65,698.9,343.0
2021-05-25 09:56:00,NSE:EBIXFOREX,694.0,694.0,694.0,694.0,107.0
2021-05-25 09:58:00,NSE:EBIXFOREX,694.0,694.0,694.0,694.0,10.0
2021-05-25 09:59:00,NSE:EBIXFOREX,692.0,692.0,692.0,692.0,25.0
2021-05-25 10:01:00,NSE:EBIXFOREX,694.0,694.0,694.0,694.0,58.0
2021-05-25 10:03:00,NSE:EBIXFOREX,693.95,693.95,693.95,693.95,8.0
2021-05-25 10:04:00,NSE:EBIXFOREX,693.95,693.95,693.95,693.95,12.0
2021-05-25 10:09:00,NSE:EBIXFOREX,691.1,691.1,691.1,691.1,11.0
2021-05-25 10:10:00,NSE:EBIXFOREX,690.0,690.0,685.0,690.0,369.0
2021-05-25 10:14:00,NSE:EBIXFOREX,690.0,690.0,690.0,690.0,20.0
2021-05-25 10:16:00,NSE:EBIXFOREX,690.0,690.0,690.0,690.0,35.0
2021-05-25 10:19:00,NSE:EBIXFOREX,687.25,689.9,687.25,689.9,2.0
2021-05-25 10:20:00,NSE:EBIXFOREX,689.95,690.0,689.95,690.0,38.0
2021-05-25 10:21:00,NSE:EBIXFOREX,690.0,690.0,690.0,690.0,69.0
2021-05-25 10:25:00,NSE:EBIXFOREX,690.0,690.0,690.0,690.0,5.0
2021-05-25 10:26:00,NSE:EBIXFOREX,687.15,687.15,687.15,687.15,13.0
2021-05-25 10:27:00,NSE:EBIXFOREX,687.05,690.0,687.05,690.0,186.0
2021-05-25 10:32:00,NSE:EBIXFOREX,683.6,685.0,683.6,685.0,107.0
2021-05-25 10:34:00,NSE:EBIXFOREX,683.9,683.9,680.8,682.55,77.0
2021-05-25 10:35:00,NSE:EBIXFOREX,681.1,681.1,680.0,680.0,40.0
2021-05-25 10:40:00,NSE:EBIXFOREX,685.0,685.0,685.0,685.0,50.0
2021-05-25 10:42:00,NSE:EBIXFOREX,688.4,689.4,688.4,689.4,50.0
2021-05-25 10:44:00,NSE:EBIXFOREX,687.85,687.85,687.85,687.85,20.0
2021-05-25 10:45:00,NSE:EBIXFOREX,688.4,688.4,688.4,688.4,10.0
2021-05-25 10:46:00,NSE:EBIXFOREX,681.3,681.35,681.3,681.35,105.0
2021-05-25 10:47:00,NSE:EBIXFOREX,689.0,689.0,689.0,689.0,140.0
2021-05-25 10:48:00,NSE:EBIXFOREX,689.4,690.0,683.2,690.0,270.0
2021-05-25 10:49:00,NSE:EBIXFOREX,688.2,688.2,688.0,688.0,67.0
2021-05-25 10:53:00,NSE:EBIXFOREX,684.4,688.0,682.65,684.3,117.0
2021-05-25 10:55:00,NSE:EBIXFOREX,688.0,688.0,687.95,687.95,55.0
2021-05-25 10:59:00,NSE:EBIXFOREX,684.95,685.0,684.95,685.0,156.0
2021-05-25 11:02:00,NSE:EBIXFOREX,685.0,685.0,685.0,685.0,20.0
2021-05-25 11:03:00,NSE:EBIXFOREX,685.0,685.0,685.0,685.0,10.0
2021-05-25 11:13:00,NSE:EBIXFOREX,685.0,685.0,685.0,685.0,50.0
2021-05-25 11:24:00,NSE:EBIXFOREX,685.0,685.0,685.0,685.0,2.0
2021-05-25 11:33:00,NSE:EBIXFOREX,682.0,682.0,682.0,682.0,37.0
2021-05-25 11:35:00,NSE:EBIXFOREX,682.0,682.0,680.05,682.0,151.0
2021-05-25 11:38:00,NSE:EBIXFOREX,682.0,682.0,682.0,682.0,25.0
2021-05-25 11:39:00,NSE:EBIXFOREX,680.3,680.3,680.3,680.3,45.0
2021-05-25 11:43:00,NSE:EBIXFOREX,682.0,682.0,679.0,680.0,558.0
2021-05-25 11:44:00,NSE:EBIXFOREX,680.0,683.0,680.0,683.0,13.0
2021-05-25 11:45:00,NSE:EBIXFOREX,680.0,680.0,677.3,678.0,126.0
2021-05-25 11:46:00,NSE:EBIXFOREX,678.0,678.0,678.0,678.0,46.0
2021-05-25 11:50:00,NSE:EBIXFOREX,679.4,679.4,679.4,679.4,4.0
2021-05-25 11:51:00,NSE:EBIXFOREX,681.95,682.0,681.95,682.0,35.0
2021-05-25 12:00:00,NSE:EBIXFOREX,679.15,679.15,679.15,679.15,2.0
2021-05-25 12:01:00,NSE:EBIXFOREX,681.95,681.95,679.0,679.0,70.0
2021-05-25 12:03:00,NSE:EBIXFOREX,680.45,680.45,680.45,680.45,2.0
2021-05-25 12:04:00,NSE:EBIXFOREX,680.4,680.4,680.4,680.4,7.0
2021-05-25 12:06:00,NSE:EBIXFOREX,682.0,682.0,682.0,682.0,5.0
2021-05-25 12:11:00,NSE:EBIXFOREX,681.75,682.0,681.75,682.0,47.0
2021-05-25 12:13:00,NSE:EBIXFOREX,680.4,680.4,680.4,680.4,20.0
2021-05-25 12:14:00,NSE:EBIXFOREX,679.05,679.05,679.05,679.05,1.0
2021-05-25 12:18:00,NSE:EBIXFOREX,679.05,679.05,679.05,679.05,7.0
2021-05-25 12:20:00,NSE:EBIXFOREX,678.0,678.0,678.0,678.0,50.0
2021-05-25 12:23:00,NSE:EBIXFOREX,673.8,673.8,673.8,673.8,150.0
2021-05-25 12:25:00,NSE:EBIXFOREX,682.0,682.0,682.0,682.0,42.0
2021-05-25 12:26:00,NSE:EBIXFOREX,681.85,681.85,681.85,681.85,50.0
2021-05-25 12:27:00,NSE:EBIXFOREX,682.0,682.0,682.0,682.0,50.0
2021-05-25 12:28:00,NSE:EBIXFOREX,682.3,682.3,682.3,682.3,1.0
2021-05-25 12:31:00,NSE:EBIXFOREX,684.0,684.0,684.0,684.0,50.0
2021-05-25 12:35:00,NSE:EBIXFOREX,683.95,683.95,683.95,683.95,1.0
2021-05-25 12:36:00,NSE:EBIXFOREX,670.95,670.95,670.95,670.95,100.0
2021-05-25 12:38:00,NSE:EBIXFOREX,679.25,679.25,679.25,679.25,1.0
2021-05-25 12:39:00,NSE:EBIXFOREX,684.0,684.0,684.0,684.0,50.0
2021-05-25 12:41:00,NSE:EBIXFOREX,675.0,675.0,675.0,675.0,100.0
2021-05-25 12:42:00,NSE:EBIXFOREX,677.05,677.05,677.05,677.05,7.0
2021-05-25 12:43:00,NSE:EBIXFOREX,679.0,681.85,679.0,680.65,36.0
2021-05-25 12:46:00,NSE:EBIXFOREX,679.25,679.25,679.25,679.25,2.0
2021-05-25 12:47:00,NSE:EBIXFOREX,676.0,676.0,676.0,676.0,15.0
2021-05-25 12:54:00,NSE:EBIXFOREX,681.45,681.45,681.35,681.35,2.0
2021-05-25 12:59:00,NSE:EBIXFOREX,680.95,680.95,680.95,680.95,5.0
2021-05-25 13:00:00,NSE:EBIXFOREX,680.0,680.0,680.0,680.0,2.0
2021-05-25 13:01:00,NSE:EBIXFOREX,671.0,671.0,671.0,671.0,100.0
2021-05-25 13:02:00,NSE:EBIXFOREX,678.2,678.2,678.2,678.2,5.0
2021-05-25 13:05:00,NSE:EBIXFOREX,675.0,675.0,675.0,675.0,50.0
2021-05-25 13:07:00,NSE:EBIXFOREX,674.7,674.7,674.7,674.7,103.0
2021-05-25 13:09:00,NSE:EBIXFOREX,674.65,676.0,674.65,676.0,97.0
2021-05-25 13:16:00,NSE:EBIXFOREX,674.65,674.65,674.65,674.65,103.0
2021-05-25 13:21:00,NSE:EBIXFOREX,674.7,674.7,674.65,674.65,53.0
2021-05-25 13:24:00,NSE:EBIXFOREX,674.65,674.65,674.65,674.65,1.0
2021-05-25 13:25:00,NSE:EBIXFOREX,676.05,676.05,676.05,676.05,5.0
2021-05-25 13:34:00,NSE:EBIXFOREX,676.7,676.7,676.7,676.7,3.0
2021-05-25 13:38:00,NSE:EBIXFOREX,674.65,674.65,674.65,674.65,28.0
2021-05-25 13:39:00,NSE:EBIXFOREX,671.0,677.0,671.0,674.65,188.0
2021-05-25 13:40:00,NSE:EBIXFOREX,676.85,677.0,667.0,670.0,528.0
2021-05-25 13:41:00,NSE:EBIXFOREX,670.0,671.9,670.0,671.9,2.0
2021-05-25 13:42:00,NSE:EBIXFOREX,670.05,670.05,670.05,670.05,1.0
2021-05-25 13:43:00,NSE:EBIXFOREX,671.45,671.45,671.45,671.45,7.0
2021-05-25 13:45:00,NSE:EBIXFOREX,689.9,689.9,686.55,686.55,799.0
2021-05-25 13:47:00,NSE:EBIXFOREX,677.0,677.0,677.0,677.0,10.0
2021-05-25 13:54:00,NSE:EBIXFOREX,685.0,688.75,685.0,688.75,222.0
2021-05-25 13:55:00,NSE:EBIXFOREX,677.0,677.0,677.0,677.0,4.0
2021-05-25 13:56:00,NSE:EBIXFOREX,682.75,682.75,675.7,675.7,12.0
2021-05-25 13:57:00,NSE:EBIXFOREX,681.8,681.8,680.0,680.0,24.0
2021-05-25 13:59:00,NSE:EBIXFOREX,675.45,675.45,675.45,675.45,9.0
2021-05-25 14:03:00,NSE:EBIXFOREX,683.55,683.55,683.55,683.55,10.0
2021-05-25 14:06:00,NSE:EBIXFOREX,682.55,682.55,682.55,682.55,5.0
2021-05-25 14:08:00,NSE:EBIXFOREX,683.5,683.5,683.5,683.5,96.0
2021-05-25 14:18:00,NSE:EBIXFOREX,677.65,677.65,677.65,677.65,10.0
2021-05-25 14:19:00,NSE:EBIXFOREX,679.75,679.75,679.75,679.75,3.0
2021-05-25 14:22:00,NSE:EBIXFOREX,683.0,683.0,683.0,683.0,200.0
2021-05-25 14:26:00,NSE:EBIXFOREX,683.0,683.0,683.0,683.0,11.0
2021-05-25 14:29:00,NSE:EBIXFOREX,670.35,670.35,670.35,670.35,430.0
2021-05-25 14:30:00,NSE:EBIXFOREX,680.0,680.0,680.0,680.0,5.0
2021-05-25 14:31:00,NSE:EBIXFOREX,678.55,678.55,676.05,676.05,7.0
2021-05-25 14:35:00,NSE:EBIXFOREX,673.05,673.05,673.05,673.05,10.0
2021-05-25 14:36:00,NSE:EBIXFOREX,678.5,678.5,678.5,678.5,7.0
2021-05-25 14:37:00,NSE:EBIXFOREX,678.95,678.95,678.95,678.95,20.0
2021-05-25 14:38:00,NSE:EBIXFOREX,676.5,676.5,676.5,676.5,1.0
2021-05-25 14:45:00,NSE:EBIXFOREX,676.55,676.55,676.55,676.55,30.0
2021-05-25 14:48:00,NSE:EBIXFOREX,676.55,676.55,676.55,676.55,15.0
2021-05-25 14:52:00,NSE:EBIXFOREX,671.35,678.95,671.35,678.95,109.0
2021-05-25 14:53:00,NSE:EBIXFOREX,672.05,672.05,672.05,672.05,1.0
2021-05-25 15:06:00,NSE:EBIXFOREX,679.85,679.85,679.85,679.85,1.0
2021-05-25 15:10:00,NSE:EBIXFOREX,684.0,684.0,684.0,684.0,200.0
2021-05-25 15:18:00,NSE:EBIXFOREX,675.0,675.0,675.0,675.0,35.0
2021-05-25 15:19:00,NSE:EBIXFOREX,675.05,675.05,675.05,675.05,10.0
2021-05-25 15:20:00,NSE:EBIXFOREX,674.7,674.7,673.8,673.8,29.0
2021-05-25 15:21:00,NSE:EBIXFOREX,676.05,682.0,676.05,682.0,280.0
2021-05-25 15:22:00,NSE:EBIXFOREX,684.0,684.0,682.05,682.05,210.0
2021-05-25 15:23:00,NSE:EBIXFOREX,685.95,685.95,685.95,685.95,18.0
2021-05-25 15:25:00,NSE:EBIXFOREX,682.05,682.05,682.05,682.05,62.0
2021-05-25 15:26:00,NSE:EBIXFOREX,682.0,682.0,682.0,682.0,73.0
2021-05-25 15:27:00,NSE:EBIXFOREX,682.0,682.0,682.0,682.0,5.0
2021-05-25 15:28:00,NSE:EBIXFOREX,685.9,685.9,685.9,685.9,15.0
2021-05-25 15:29:00,NSE:EBIXFOREX,685.95,685.95,684.0,684.0,34.0
2021-05-25 15:53:00,NSE:EBIXFOREX,681.25,681.25,681.25,681.25,6.0
2021-05-25 15:58:00,NSE:EBIXFOREX,681.25,681.25,681.25,681.25,50.0
2021-05-26 09:07:00,NSE:EBIXFOREX,691.0,691.0,691.0,691.0,10.0
2021-05-26 09:15:00,NSE:EBIXFOREX,692.0,692.0,691.0,691.0,8.0
2021-05-26 09:16:00,NSE:EBIXFOREX,692.0,692.0,692.0,692.0,20.0
2021-05-26 09:17:00,NSE:EBIXFOREX,691.0,691.0,691.0,691.0,16.0
2021-05-26 09:18:00,NSE:EBIXFOREX,681.15,681.15,681.15,681.15,50.0
2021-05-26 09:22:00,NSE:EBIXFOREX,680.0,680.0,680.0,680.0,50.0
2021-05-26 09:23:00,NSE:EBIXFOREX,690.85,690.85,690.85,690.85,25.0
2021-05-26 09:24:00,NSE:EBIXFOREX,680.0,690.85,680.0,690.85,58.0
2021-05-26 09:29:00,NSE:EBIXFOREX,688.35,688.35,688.35,688.35,4.0
2021-05-26 09:30:00,NSE:EBIXFOREX,680.0,680.0,680.0,680.0,1000.0
2021-05-26 09:35:00,NSE:EBIXFOREX,680.0,688.0,680.0,688.0,123.0
2021-05-26 09:36:00,NSE:EBIXFOREX,688.0,688.3,683.5,683.5,142.0
2021-05-26 09:39:00,NSE:EBIXFOREX,681.0,681.0,680.95,680.95,6.0
2021-05-26 09:42:00,NSE:EBIXFOREX,682.85,682.85,682.85,682.85,10.0
2021-05-26 09:45:00,NSE:EBIXFOREX,681.9,681.9,681.9,681.9,1.0
2021-05-26 09:46:00,NSE:EBIXFOREX,681.9,681.9,681.9,681.9,5.0
2021-05-26 09:47:00,NSE:EBIXFOREX,680.0,680.0,680.0,680.0,93.0
2021-05-26 09:53:00,NSE:EBIXFOREX,680.6,680.6,680.6,680.6,1.0
2021-05-26 10:02:00,NSE:EBIXFOREX,680.0,680.0,680.0,680.0,7.0
2021-05-26 10:04:00,NSE:EBIXFOREX,679.2,679.2,679.2,679.2,25.0
2021-05-26 10:05:00,NSE:EBIXFOREX,673.8,673.8,673.8,673.8,40.0
2021-05-26 10:06:00,NSE:EBIXFOREX,679.65,679.65,679.65,679.65,9.0
2021-05-26 10:12:00,NSE:EBIXFOREX,676.8,676.8,676.8,676.8,15.0
2021-05-26 10:13:00,NSE:EBIXFOREX,674.0,674.0,674.0,674.0,25.0
2021-05-26 10:14:00,NSE:EBIXFOREX,679.95,679.95,679.95,679.95,1.0
2021-05-26 10:23:00,NSE:EBIXFOREX,676.25,676.25,676.25,676.25,7.0
2021-05-26 10:24:00,NSE:EBIXFOREX,679.85,679.85,679.85,679.85,11.0
2021-05-26 10:25:00,NSE:EBIXFOREX,679.85,679.85,679.85,679.85,1.0
2021-05-26 10:34:00,NSE:EBIXFOREX,676.95,676.95,676.95,676.95,12.0
2021-05-26 10:35:00,NSE:EBIXFOREX,676.0,676.0,676.0,676.0,10.0
2021-05-26 10:36:00,NSE:EBIXFOREX,676.5,676.95,676.0,676.0,203.0
2021-05-26 10:38:00,NSE:EBIXFOREX,676.3,676.3,676.3,676.3,1.0
2021-05-26 10:42:00,NSE:EBIXFOREX,679.85,679.85,679.85,679.85,10.0
2021-05-26 10:43:00,NSE:EBIXFOREX,676.05,676.05,676.05,676.05,1.0
2021-05-26 10:44:00,NSE:EBIXFOREX,679.85,679.85,679.85,679.85,5.0
2021-05-26 10:45:00,NSE:EBIXFOREX,679.85,679.85,679.85,679.85,3.0
2021-05-26 10:52:00,NSE:EBIXFOREX,679.75,679.75,679.75,679.75,1.0
2021-05-26 10:57:00,NSE:EBIXFOREX,679.3,679.3,676.0,676.0,63.0
2021-05-26 11:01:00,NSE:EBIXFOREX,676.3,676.3,676.3,676.3,3.0
2021-05-26 11:11:00,NSE:EBIXFOREX,679.75,679.75,679.75,679.75,25.0
2021-05-26 11:12:00,NSE:EBIXFOREX,679.75,679.75,679.75,679.75,14.0
2021-05-26 11:13:00,NSE:EBIXFOREX,676.55,676.55,676.55,676.55,70.0
2021-05-26 11:15:00,NSE:EBIXFOREX,673.85,679.75,673.85,679.75,253.0
2021-05-26 11:17:00,NSE:EBIXFOREX,680.0,680.0,679.95,679.95,71.0
2021-05-26 11:23:00,NSE:EBIXFOREX,678.4,678.4,678.4,678.4,2.0
2021-05-26 11:28:00,NSE:EBIXFOREX,679.95,679.95,679.95,679.95,10.0
2021-05-26 11:29:00,NSE:EBIXFOREX,680.0,680.0,680.0,680.0,5.0
2021-05-26 11:30:00,NSE:EBIXFOREX,681.0,681.0,681.0,681.0,6.0
2021-05-26 11:32:00,NSE:EBIXFOREX,681.05,681.05,681.05,681.05,25.0
2021-05-26 11:33:00,NSE:EBIXFOREX,682.95,682.95,682.95,682.95,4.0
2021-05-26 11:34:00,NSE:EBIXFOREX,682.95,683.0,682.95,683.0,30.0
2021-05-26 11:35:00,NSE:EBIXFOREX,683.5,683.5,683.5,683.5,25.0
2021-05-26 11:39:00,NSE:EBIXFOREX,676.25,676.25,676.25,676.25,28.0
2021-05-26 11:42:00,NSE:EBIXFOREX,682.95,682.95,682.95,682.95,22.0
2021-05-26 11:44:00,NSE:EBIXFOREX,685.0,685.0,685.0,685.0,28.0
2021-05-26 11:45:00,NSE:EBIXFOREX,685.0,685.0,685.0,685.0,3.0
2021-05-26 11:48:00,NSE:EBIXFOREX,685.0,685.0,685.0,685.0,50.0
2021-05-26 11:57:00,NSE:EBIXFOREX,683.45,683.45,683.45,683.45,1.0
2021-05-26 12:00:00,NSE:EBIXFOREX,680.0,680.0,680.0,680.0,30.0
2021-05-26 12:01:00,NSE:EBIXFOREX,680.05,680.05,680.05,680.05,10.0
2021-05-26 12:03:00,NSE:EBIXFOREX,680.25,680.25,680.05,680.05,66.0
2021-05-26 12:04:00,NSE:EBIXFOREX,681.05,681.05,681.05,681.05,10.0
2021-05-26 12:09:00,NSE:EBIXFOREX,681.75,681.75,681.75,681.75,1.0
2021-05-26 12:12:00,NSE:EBIXFOREX,680.25,680.25,680.25,680.25,10.0
2021-05-26 12:13:00,NSE:EBIXFOREX,680.25,680.25,680.25,680.25,14.0
2021-05-26 12:17:00,NSE:EBIXFOREX,682.95,682.95,682.95,682.95,22.0
2021-05-26 12:26:00,NSE:EBIXFOREX,682.9,682.9,682.9,682.9,17.0
2021-05-26 12:32:00,NSE:EBIXFOREX,683.0,683.0,683.0,683.0,100.0
2021-05-26 12:37:00,NSE:EBIXFOREX,680.1,680.1,680.1,680.1,1.0
2021-05-26 12:44:00,NSE:EBIXFOREX,676.4,676.4,676.4,676.4,100.0
2021-05-26 12:51:00,NSE:EBIXFOREX,676.6,676.6,676.6,676.6,6.0
2021-05-26 12:55:00,NSE:EBIXFOREX,680.0,680.0,680.0,680.0,500.0
2021-05-26 12:56:00,NSE:EBIXFOREX,680.0,683.5,680.0,683.5,470.0
2021-05-26 13:12:00,NSE:EBIXFOREX,680.0,680.0,680.0,680.0,4.0
2021-05-26 13:15:00,NSE:EBIXFOREX,680.0,680.0,680.0,680.0,37.0
2021-05-26 13:17:00,NSE:EBIXFOREX,679.0,679.0,679.0,679.0,6.0
2021-05-26 13:21:00,NSE:EBIXFOREX,676.6,676.6,676.6,676.6,11.0
2021-05-26 13:24:00,NSE:EBIXFOREX,681.0,681.0,681.0,681.0,1.0
2021-05-26 13:26:00,NSE:EBIXFOREX,676.25,676.25,676.0,676.0,211.0
2021-05-26 13:27:00,NSE:EBIXFOREX,676.0,676.0,676.0,676.0,221.0
2021-05-26 13:30:00,NSE:EBIXFOREX,675.2,675.2,675.2,675.2,2.0
2021-05-26 13:43:00,NSE:EBIXFOREX,675.35,675.35,675.35,675.35,10.0
2021-05-26 13:49:00,NSE:EBIXFOREX,675.2,675.2,675.2,675.2,50.0
2021-05-26 14:17:00,NSE:EBIXFOREX,680.95,680.95,680.95,680.95,50.0
2021-05-26 14:28:00,NSE:EBIXFOREX,679.5,679.5,679.0,679.0,36.0
2021-05-26 14:29:00,NSE:EBIXFOREX,675.0,675.0,675.0,675.0,100.0
2021-05-26 14:30:00,NSE:EBIXFOREX,679.6,679.6,679.6,679.6,16.0
2021-05-26 14:31:00,NSE:EBIXFOREX,675.95,682.05,675.95,682.05,48.0
2021-05-26 14:39:00,NSE:EBIXFOREX,676.4,680.0,676.4,680.0,117.0
2021-05-26 14:42:00,NSE:EBIXFOREX,675.05,675.05,675.05,675.05,16.0
2021-05-26 14:45:00,NSE:EBIXFOREX,675.1,675.1,675.1,675.1,1.0
2021-05-26 14:46:00,NSE:EBIXFOREX,675.1,675.1,675.1,675.1,39.0
2021-05-26 14:47:00,NSE:EBIXFOREX,675.4,675.4,675.4,675.4,1.0
2021-05-26 14:57:00,NSE:EBIXFOREX,675.1,675.1,675.1,675.1,139.0
2021-05-26 14:58:00,NSE:EBIXFOREX,675.15,675.15,675.15,675.15,33.0
2021-05-26 15:01:00,NSE:EBIXFOREX,675.1,675.1,675.1,675.1,50.0
2021-05-26 15:02:00,NSE:EBIXFOREX,675.1,675.1,675.1,675.1,10.0
2021-05-26 15:05:00,NSE:EBIXFOREX,679.75,679.75,679.75,679.75,1.0
2021-05-26 15:07:00,NSE:EBIXFOREX,675.0,675.0,675.0,675.0,50.0
2021-05-26 15:09:00,NSE:EBIXFOREX,673.2,673.2,673.2,673.2,2.0
2021-05-26 15:11:00,NSE:EBIXFOREX,679.75,679.75,679.75,679.75,50.0
2021-05-26 15:15:00,NSE:EBIXFOREX,676.0,676.0,676.0,676.0,25.0
2021-05-26 15:16:00,NSE:EBIXFOREX,676.0,676.0,676.0,676.0,22.0
2021-05-26 15:19:00,NSE:EBIXFOREX,676.0,676.0,676.0,676.0,11.0
2021-05-26 15:24:00,NSE:EBIXFOREX,676.0,676.0,676.0,676.0,19.0
2021-05-26 15:25:00,NSE:EBIXFOREX,674.0,674.0,674.0,674.0,3.0
2021-05-26 15:27:00,NSE:EBIXFOREX,671.0,671.0,670.0,670.0,261.0
2021-05-26 15:28:00,NSE:EBIXFOREX,671.95,671.95,670.0,670.0,8.0
2021-05-26 15:29:00,NSE:EBIXFOREX,682.7,682.7,670.0,670.0,256.0
2021-05-26 15:49:00,NSE:EBIXFOREX,673.55,673.55,670.0,670.0,4.0
2021-05-27 09:07:00,NSE:EBIXFOREX,690.0,690.0,690.0,690.0,10.0
2021-05-27 09:15:00,NSE:EBIXFOREX,650.0,673.0,650.0,659.1,145.0
2021-05-27 09:16:00,NSE:EBIXFOREX,668.0,668.0,668.0,668.0,6.0
2021-05-27 09:17:00,NSE:EBIXFOREX,668.0,668.0,668.0,668.0,5.0
2021-05-27 09:18:00,NSE:EBIXFOREX,663.5,669.7,663.5,669.7,2.0
2021-05-27 09:19:00,NSE:EBIXFOREX,663.45,663.45,663.45,663.45,15.0
2021-05-27 09:22:00,NSE:EBIXFOREX,672.9,672.9,672.9,672.9,4.0
2021-05-27 09:23:00,NSE:EBIXFOREX,666.75,666.75,666.75,666.75,11.0
2021-05-27 09:24:00,NSE:EBIXFOREX,667.05,667.05,667.05,667.05,9.0
2021-05-27 09:25:00,NSE:EBIXFOREX,668.15,668.15,668.15,668.15,1.0
2021-05-27 09:27:00,NSE:EBIXFOREX,668.45,668.45,668.45,668.45,2.0
2021-05-27 09:29:00,NSE:EBIXFOREX,668.2,668.2,666.75,668.0,71.0
2021-05-27 09:30:00,NSE:EBIXFOREX,668.45,668.45,668.45,668.45,20.0
2021-05-27 09:31:00,NSE:EBIXFOREX,673.0,673.0,668.9,668.9,540.0
2021-05-27 09:32:00,NSE:EBIXFOREX,668.0,668.0,666.45,666.45,112.0
2021-05-27 09:33:00,NSE:EBIXFOREX,673.0,673.0,673.0,673.0,10.0
2021-05-27 09:43:00,NSE:EBIXFOREX,672.2,672.2,672.2,672.2,1.0
2021-05-27 09:46:00,NSE:EBIXFOREX,667.05,671.2,667.05,671.2,9.0
2021-05-27 09:49:00,NSE:EBIXFOREX,668.0,671.25,668.0,671.25,27.0
2021-05-27 09:50:00,NSE:EBIXFOREX,670.0,670.0,670.0,670.0,5.0
2021-05-27 09:55:00,NSE:EBIXFOREX,671.0,671.0,671.0,671.0,1.0
2021-05-27 09:56:00,NSE:EBIXFOREX,671.95,671.95,671.95,671.95,7.0
2021-05-27 09:59:00,NSE:EBIXFOREX,671.0,671.0,671.0,671.0,24.0
2021-05-27 10:00:00,NSE:EBIXFOREX,668.05,671.2,668.05,671.2,2.0
2021-05-27 10:02:00,NSE:EBIXFOREX,668.05,668.05,668.05,668.05,8.0
2021-05-27 10:09:00,NSE:EBIXFOREX,668.05,668.05,668.05,668.05,12.0
2021-05-27 10:11:00,NSE:EBIXFOREX,667.95,667.95,667.95,667.95,7.0
2021-05-27 10:16:00,NSE:EBIXFOREX,669.9,669.9,669.9,669.9,25.0
2021-05-27 10:18:00,NSE:EBIXFOREX,668.0,669.9,668.0,669.9,18.0
2021-05-27 10:20:00,NSE:EBIXFOREX,669.85,669.85,669.85,669.85,7.0
2021-05-27 10:21:00,NSE:EBIXFOREX,670.0,670.0,670.0,670.0,50.0
2021-05-27 10:22:00,NSE:EBIXFOREX,669.75,669.75,669.75,669.75,49.0
2021-05-27 10:24:00,NSE:EBIXFOREX,669.75,669.75,667.55,667.55,60.0
2021-05-27 10:25:00,NSE:EBIXFOREX,667.6,669.4,667.6,669.4,54.0
2021-05-27 10:26:00,NSE:EBIXFOREX,670.0,670.0,670.0,670.0,200.0
2021-05-27 10:27:00,NSE:EBIXFOREX,670.0,670.0,670.0,670.0,1.0
2021-05-27 10:35:00,NSE:EBIXFOREX,666.15,666.15,666.15,666.15,107.0
2021-05-27 10:38:00,NSE:EBIXFOREX,666.15,666.15,664.0,664.0,51.0
2021-05-27 10:39:00,NSE:EBIXFOREX,664.95,664.95,664.95,664.95,10.0
2021-05-27 10:42:00,NSE:EBIXFOREX,665.25,665.25,664.95,664.95,24.0
2021-05-27 10:43:00,NSE:EBIXFOREX,668.05,668.05,664.0,664.0,45.0
2021-05-27 10:46:00,NSE:EBIXFOREX,664.0,664.0,664.0,664.0,1.0
2021-05-27 10:47:00,NSE:EBIXFOREX,668.7,668.7,668.7,668.7,27.0
2021-05-27 10:48:00,NSE:EBIXFOREX,666.95,666.95,666.95,666.95,1.0
2021-05-27 10:57:00,NSE:EBIXFOREX,667.35,667.35,664.0,664.0,39.0
2021-05-27 11:02:00,NSE:EBIXFOREX,664.85,664.85,664.85,664.85,10.0
2021-05-27 11:03:00,NSE:EBIXFOREX,668.8,668.8,668.8,668.8,2.0
2021-05-27 11:06:00,NSE:EBIXFOREX,665.05,665.05,665.0,665.0,19.0
2021-05-27 11:07:00,NSE:EBIXFOREX,665.05,665.05,665.05,665.05,18.0
2021-05-27 11:16:00,NSE:EBIXFOREX,665.05,665.05,665.05,665.05,1.0
2021-05-27 11:17:00,NSE:EBIXFOREX,668.8,668.8,668.8,668.8,15.0
2021-05-27 11:31:00,NSE:EBIXFOREX,665.15,665.15,665.15,665.15,9.0
2021-05-27 11:36:00,NSE:EBIXFOREX,665.15,665.15,665.15,665.15,10.0
2021-05-27 11:38:00,NSE:EBIXFOREX,665.85,665.85,665.85,665.85,11.0
2021-05-27 11:45:00,NSE:EBIXFOREX,666.6,668.55,666.6,668.55,9.0
2021-05-27 12:02:00,NSE:EBIXFOREX,666.45,666.45,666.45,666.45,11.0
2021-05-27 12:04:00,NSE:EBIXFOREX,666.45,666.45,666.45,666.45,19.0
2021-05-27 12:06:00,NSE:EBIXFOREX,666.45,666.45,666.45,666.45,41.0
2021-05-27 12:07:00,NSE:EBIXFOREX,665.85,665.85,665.85,665.85,13.0
2021-05-27 12:17:00,NSE:EBIXFOREX,665.95,666.0,665.95,666.0,7.0
2021-05-27 12:18:00,NSE:EBIXFOREX,665.85,665.85,665.85,665.85,22.0
2021-05-27 12:27:00,NSE:EBIXFOREX,668.5,668.5,666.4,668.5,61.0
2021-05-27 12:30:00,NSE:EBIXFOREX,666.95,666.95,666.95,666.95,104.0
2021-05-27 12:31:00,NSE:EBIXFOREX,669.0,669.0,669.0,669.0,179.0
2021-05-27 12:37:00,NSE:EBIXFOREX,666.8,671.25,666.8,671.25,43.0
2021-05-27 12:40:00,NSE:EBIXFOREX,673.0,673.0,673.0,673.0,24.0
2021-05-27 12:55:00,NSE:EBIXFOREX,670.9,670.9,670.9,670.9,107.0
2021-05-27 12:59:00,NSE:EBIXFOREX,670.5,670.5,670.5,670.5,10.0
2021-05-27 13:11:00,NSE:EBIXFOREX,672.95,672.95,672.95,672.95,8.0
2021-05-27 13:18:00,NSE:EBIXFOREX,672.95,672.95,672.95,672.95,5.0
2021-05-27 13:23:00,NSE:EBIXFOREX,667.8,669.75,667.8,669.75,117.0
2021-05-27 13:38:00,NSE:EBIXFOREX,666.8,666.8,666.8,666.8,11.0
2021-05-27 13:39:00,NSE:EBIXFOREX,666.8,666.8,666.8,666.8,10.0
2021-05-27 13:49:00,NSE:EBIXFOREX,666.8,667.45,666.8,667.45,13.0
2021-05-27 13:50:00,NSE:EBIXFOREX,669.8,672.0,669.8,672.0,573.0
2021-05-27 13:56:00,NSE:EBIXFOREX,672.0,672.0,672.0,672.0,100.0
2021-05-27 14:02:00,NSE:EBIXFOREX,672.0,672.0,672.0,672.0,10.0
2021-05-27 14:05:00,NSE:EBIXFOREX,673.0,673.0,673.0,673.0,1.0
2021-05-27 14:08:00,NSE:EBIXFOREX,672.0,672.0,672.0,672.0,20.0
2021-05-27 14:10:00,NSE:EBIXFOREX,672.0,672.0,672.0,672.0,142.0
2021-05-27 14:15:00,NSE:EBIXFOREX,672.0,672.0,672.0,672.0,192.0
2021-05-27 14:18:00,NSE:EBIXFOREX,666.8,666.8,666.8,666.8,72.0
2021-05-27 14:39:00,NSE:EBIXFOREX,670.0,670.0,670.0,670.0,3.0
2021-05-27 14:44:00,NSE:EBIXFOREX,668.9,668.9,668.9,668.9,9.0
2021-05-27 14:48:00,NSE:EBIXFOREX,667.6,667.6,667.6,667.6,1.0
2021-05-27 14:50:00,NSE:EBIXFOREX,667.6,667.6,667.6,667.6,8.0
2021-05-27 14:55:00,NSE:EBIXFOREX,668.5,668.5,668.5,668.5,10.0
2021-05-27 14:59:00,NSE:EBIXFOREX,666.8,666.8,666.8,666.8,26.0
2021-05-27 15:00:00,NSE:EBIXFOREX,668.5,668.5,668.5,668.5,10.0
2021-05-27 15:01:00,NSE:EBIXFOREX,668.5,668.5,668.5,668.5,30.0
2021-05-27 15:08:00,NSE:EBIXFOREX,666.8,666.8,666.8,666.8,3.0
2021-05-27 15:13:00,NSE:EBIXFOREX,665.0,665.0,665.0,665.0,450.0
2021-05-27 15:19:00,NSE:EBIXFOREX,671.0,671.0,671.0,671.0,8.0
2021-05-27 15:23:00,NSE:EBIXFOREX,670.0,670.0,666.0,666.0,33.0
2021-05-27 15:24:00,NSE:EBIXFOREX,666.0,666.0,666.0,666.0,7.0
2021-05-27 15:25:00,NSE:EBIXFOREX,666.0,670.05,666.0,670.05,121.0
2021-05-27 15:27:00,NSE:EBIXFOREX,671.75,675.0,665.0,675.0,220.0
2021-05-27 15:28:00,NSE:EBIXFOREX,678.0,678.0,678.0,678.0,120.0
2021-05-27 15:29:00,NSE:EBIXFOREX,665.0,678.0,665.0,678.0,128.0
2021-05-27 15:30:00,NSE:EBIXFOREX,677.0,677.0,677.0,677.0,20.0
2021-05-27 15:58:00,NSE:EBIXFOREX,669.3,669.3,669.3,669.3,1.0
2021-05-28 09:17:00,NSE:EBIXFOREX,681.35,685.0,679.8,679.8,16.0
2021-05-28 09:18:00,NSE:EBIXFOREX,680.5,685.0,680.5,685.0,113.0
2021-05-28 09:19:00,NSE:EBIXFOREX,685.0,685.0,685.0,685.0,115.0
2021-05-28 09:20:00,NSE:EBIXFOREX,684.85,684.85,684.85,684.85,10.0
2021-05-28 09:22:00,NSE:EBIXFOREX,684.85,684.85,684.85,684.85,5.0
2021-05-28 09:26:00,NSE:EBIXFOREX,676.9,676.9,676.9,676.9,3.0
2021-05-28 09:27:00,NSE:EBIXFOREX,680.3,680.3,680.3,680.3,20.0
2021-05-28 09:28:00,NSE:EBIXFOREX,671.8,683.95,671.8,683.95,51.0
2021-05-28 09:32:00,NSE:EBIXFOREX,682.05,682.35,682.05,682.05,25.0
2021-05-28 09:33:00,NSE:EBIXFOREX,681.65,681.65,681.05,681.05,101.0
2021-05-28 09:34:00,NSE:EBIXFOREX,677.1,677.1,677.1,677.1,4.0
2021-05-28 09:36:00,NSE:EBIXFOREX,679.35,679.35,679.35,679.35,4.0
2021-05-28 09:37:00,NSE:EBIXFOREX,682.7,682.7,682.7,682.7,5.0
2021-05-28 09:40:00,NSE:EBIXFOREX,682.65,682.65,682.65,682.65,4.0
2021-05-28 09:42:00,NSE:EBIXFOREX,676.95,676.95,676.95,676.95,2.0
2021-05-28 09:44:00,NSE:EBIXFOREX,678.35,678.35,675.3,675.3,20.0
2021-05-28 09:46:00,NSE:EBIXFOREX,675.2,675.2,675.2,675.2,1.0
2021-05-28 09:47:00,NSE:EBIXFOREX,673.8,673.8,673.8,673.8,2.0
2021-05-28 09:54:00,NSE:EBIXFOREX,680.2,680.2,680.2,680.2,3.0
2021-05-28 10:02:00,NSE:EBIXFOREX,682.0,682.0,682.0,682.0,10.0
2021-05-28 10:03:00,NSE:EBIXFOREX,681.95,681.95,681.95,681.95,42.0
2021-05-28 10:05:00,NSE:EBIXFOREX,675.5,675.5,675.5,675.5,5.0
2021-05-28 10:14:00,NSE:EBIXFOREX,680.0,680.0,680.0,680.0,1.0
2021-05-28 10:15:00,NSE:EBIXFOREX,680.0,682.35,680.0,682.35,17.0
2021-05-28 10:16:00,NSE:EBIXFOREX,682.65,682.65,682.65,682.65,20.0
2021-05-28 10:25:00,NSE:EBIXFOREX,682.65,682.65,682.65,682.65,105.0
2021-05-28 10:28:00,NSE:EBIXFOREX,676.3,676.3,676.3,676.3,10.0
2021-05-28 10:30:00,NSE:EBIXFOREX,678.7,678.7,678.7,678.7,20.0
2021-05-28 10:36:00,NSE:EBIXFOREX,682.05,682.05,682.05,682.05,1.0
2021-05-28 10:37:00,NSE:EBIXFOREX,678.7,678.7,678.7,678.7,10.0
2021-05-28 10:39:00,NSE:EBIXFOREX,678.7,678.7,675.0,678.6,136.0
2021-05-28 10:40:00,NSE:EBIXFOREX,676.0,676.0,676.0,676.0,7.0
2021-05-28 11:01:00,NSE:EBIXFOREX,676.25,676.25,676.25,676.25,20.0
2021-05-28 11:03:00,NSE:EBIXFOREX,676.0,676.0,676.0,676.0,85.0
2021-05-28 11:10:00,NSE:EBIXFOREX,681.05,681.05,681.05,681.05,10.0
2021-05-28 11:12:00,NSE:EBIXFOREX,681.0,682.0,681.0,682.0,80.0
2021-05-28 11:13:00,NSE:EBIXFOREX,682.0,682.0,682.0,682.0,50.0
2021-05-28 11:14:00,NSE:EBIXFOREX,682.0,682.7,682.0,682.7,15.0
2021-05-28 11:25:00,NSE:EBIXFOREX,676.4,676.4,676.4,676.4,15.0
2021-05-28 11:26:00,NSE:EBIXFOREX,679.6,679.6,679.6,679.6,2.0
2021-05-28 11:29:00,NSE:EBIXFOREX,681.05,681.05,681.05,681.05,30.0
2021-05-28 11:38:00,NSE:EBIXFOREX,682.0,682.0,682.0,682.0,13.0
2021-05-28 11:47:00,NSE:EBIXFOREX,682.0,682.0,682.0,682.0,5.0
2021-05-28 11:58:00,NSE:EBIXFOREX,679.6,679.6,679.05,679.05,4.0
2021-05-28 12:26:00,NSE:EBIXFOREX,679.5,679.5,679.5,679.5,1.0
2021-05-28 12:30:00,NSE:EBIXFOREX,677.8,677.8,677.8,677.8,5.0
2021-05-28 12:37:00,NSE:EBIXFOREX,677.1,677.1,677.1,677.1,10.0
2021-05-28 12:56:00,NSE:EBIXFOREX,678.55,678.55,678.55,678.55,3.0
2021-05-28 13:05:00,NSE:EBIXFOREX,679.0,679.0,679.0,679.0,2.0
2021-05-28 13:06:00,NSE:EBIXFOREX,677.3,677.45,677.3,677.45,48.0
2021-05-28 13:16:00,NSE:EBIXFOREX,679.0,679.0,679.0,679.0,8.0
2021-05-28 13:18:00,NSE:EBIXFOREX,682.0,682.0,679.05,679.05,197.0
2021-05-28 13:21:00,NSE:EBIXFOREX,679.05,679.05,679.05,679.05,3.0
2021-05-28 13:22:00,NSE:EBIXFOREX,679.05,679.05,679.05,679.05,7.0
2021-05-28 13:31:00,NSE:EBIXFOREX,677.1,677.1,677.1,677.1,100.0
2021-05-28 13:33:00,NSE:EBIXFOREX,679.4,679.4,679.4,679.4,58.0
2021-05-28 13:40:00,NSE:EBIXFOREX,678.3,678.3,678.25,678.25,20.0
2021-05-28 13:53:00,NSE:EBIXFOREX,677.75,677.75,677.75,677.75,53.0
2021-05-28 13:54:00,NSE:EBIXFOREX,677.5,677.5,677.5,677.5,106.0
2021-05-28 13:58:00,NSE:EBIXFOREX,680.0,680.5,680.0,680.5,101.0
2021-05-28 13:59:00,NSE:EBIXFOREX,677.2,677.2,677.2,677.2,16.0
2021-05-28 14:04:00,NSE:EBIXFOREX,677.25,677.25,676.0,676.0,273.0
2021-05-28 14:06:00,NSE:EBIXFOREX,676.0,676.0,675.0,675.0,61.0
2021-05-28 14:07:00,NSE:EBIXFOREX,669.55,672.0,667.65,671.8,416.0
2021-05-28 14:08:00,NSE:EBIXFOREX,671.0,672.0,671.0,671.0,81.0
2021-05-28 14:09:00,NSE:EBIXFOREX,672.0,672.0,672.0,672.0,32.0
2021-05-28 14:10:00,NSE:EBIXFOREX,672.0,672.3,672.0,672.3,43.0
2021-05-28 14:11:00,NSE:EBIXFOREX,672.3,672.3,672.3,672.3,25.0
2021-05-28 14:12:00,NSE:EBIXFOREX,672.75,672.75,672.75,672.75,1.0
2021-05-28 14:13:00,NSE:EBIXFOREX,674.95,674.95,674.95,674.95,25.0
2021-05-28 14:15:00,NSE:EBIXFOREX,673.5,673.5,673.5,673.5,13.0
2021-05-28 14:27:00,NSE:EBIXFOREX,675.05,675.05,675.05,675.05,2.0
2021-05-28 14:32:00,NSE:EBIXFOREX,677.5,677.65,677.5,677.65,6.0
2021-05-28 14:33:00,NSE:EBIXFOREX,677.65,677.65,677.65,677.65,5.0
2021-05-28 14:43:00,NSE:EBIXFOREX,673.0,674.4,673.0,674.4,34.0
2021-05-28 14:46:00,NSE:EBIXFOREX,673.0,673.0,673.0,673.0,10.0
2021-05-28 14:47:00,NSE:EBIXFOREX,673.0,673.0,671.45,671.45,42.0
2021-05-28 14:48:00,NSE:EBIXFOREX,670.0,670.0,669.15,669.15,86.0
2021-05-28 14:49:00,NSE:EBIXFOREX,670.25,670.25,670.25,670.25,100.0
2021-05-28 14:51:00,NSE:EBIXFOREX,670.55,670.55,670.55,670.55,5.0
2021-05-28 14:53:00,NSE:EBIXFOREX,670.25,670.25,670.25,670.25,17.0
2021-05-28 14:54:00,NSE:EBIXFOREX,670.0,670.0,670.0,670.0,9.0
2021-05-28 14:56:00,NSE:EBIXFOREX,667.35,667.45,667.35,667.45,175.0
2021-05-28 15:02:00,NSE:EBIXFOREX,669.95,669.95,669.95,669.95,1.0
2021-05-28 15:07:00,NSE:EBIXFOREX,670.0,670.0,670.0,670.0,2.0
2021-05-28 15:08:00,NSE:EBIXFOREX,670.0,670.0,670.0,670.0,2.0
2021-05-28 15:10:00,NSE:EBIXFOREX,670.0,670.0,670.0,670.0,10.0
2021-05-28 15:11:00,NSE:EBIXFOREX,670.0,670.0,670.0,670.0,4.0
2021-05-28 15:15:00,NSE:EBIXFOREX,668.15,668.15,668.15,668.15,5.0
2021-05-28 15:16:00,NSE:EBIXFOREX,668.0,668.0,667.45,667.45,125.0
2021-05-28 15:18:00,NSE:EBIXFOREX,667.0,667.0,666.0,666.0,20.0
2021-05-28 15:19:00,NSE:EBIXFOREX,664.45,667.05,664.45,667.05,72.0
2021-05-28 15:20:00,NSE:EBIXFOREX,664.0,664.0,664.0,664.0,49.0
2021-05-28 15:21:00,NSE:EBIXFOREX,662.0,663.95,662.0,663.95,27.0
2021-05-28 15:22:00,NSE:EBIXFOREX,662.45,662.45,662.45,662.45,1.0
2021-05-28 15:23:00,NSE:EBIXFOREX,660.15,662.15,660.15,661.1,151.0
2021-05-28 15:24:00,NSE:EBIXFOREX,662.15,662.15,662.15,662.15,5.0
2021-05-28 15:27:00,NSE:EBIXFOREX,662.15,662.15,662.15,662.15,6.0
2021-05-28 15:28:00,NSE:EBIXFOREX,662.15,662.15,662.15,662.15,1.0
2021-05-28 15:29:00,NSE:EBIXFOREX,662.0,662.0,660.0,660.0,56.0
2021-05-31 09:17:00,NSE:EBIXFOREX,665.1,665.7,662.75,662.75,26.0
2021-05-31 09:20:00,NSE:EBIXFOREX,661.3,673.95,661.3,673.95,43.0
2021-05-31 09:22:00,NSE:EBIXFOREX,672.6,672.6,672.6,672.6,9.0
2021-05-31 09:24:00,NSE:EBIXFOREX,679.05,679.05,679.05,679.05,4.0
2021-05-31 09:25:00,NSE:EBIXFOREX,679.05,679.05,679.05,679.05,2.0
2021-05-31 09:26:00,NSE:EBIXFOREX,674.5,674.5,674.5,674.5,30.0
2021-05-31 09:27:00,NSE:EBIXFOREX,674.5,674.5,670.0,670.0,100.0
2021-05-31 09:35:00,NSE:EBIXFOREX,670.0,670.0,670.0,670.0,5.0
2021-05-31 09:37:00,NSE:EBIXFOREX,662.75,662.75,662.75,662.75,150.0
2021-05-31 09:40:00,NSE:EBIXFOREX,662.75,662.75,662.75,662.75,6.0
2021-05-31 09:42:00,NSE:EBIXFOREX,660.8,660.8,660.8,660.8,1.0
2021-05-31 09:45:00,NSE:EBIXFOREX,660.8,660.8,660.8,660.8,10.0
2021-05-31 09:47:00,NSE:EBIXFOREX,660.8,660.8,660.8,660.8,10.0
2021-05-31 09:48:00,NSE:EBIXFOREX,668.85,668.85,668.85,668.85,1.0
2021-05-31 09:54:00,NSE:EBIXFOREX,662.35,662.35,662.35,662.35,2.0
2021-05-31 09:57:00,NSE:EBIXFOREX,658.5,658.5,658.5,658.5,40.0
2021-05-31 09:58:00,NSE:EBIXFOREX,658.5,658.5,658.5,658.5,23.0
2021-05-31 10:00:00,NSE:EBIXFOREX,658.9,658.9,658.2,658.2,23.0
2021-05-31 10:02:00,NSE:EBIXFOREX,658.2,658.2,658.2,658.2,10.0
2021-05-31 10:03:00,NSE:EBIXFOREX,658.55,658.55,658.55,658.55,2.0
2021-05-31 10:05:00,NSE:EBIXFOREX,656.05,656.05,656.05,656.05,1.0
2021-05-31 10:17:00,NSE:EBIXFOREX,658.3,664.1,658.3,664.1,16.0
2021-05-31 10:19:00,NSE:EBIXFOREX,665.0,665.0,665.0,665.0,50.0
2021-05-31 10:20:00,NSE:EBIXFOREX,660.0,660.0,660.0,660.0,22.0
2021-05-31 10:22:00,NSE:EBIXFOREX,663.55,663.55,663.55,663.55,4.0
2021-05-31 10:24:00,NSE:EBIXFOREX,660.0,660.0,658.55,658.55,50.0
2021-05-31 10:26:00,NSE:EBIXFOREX,669.7,669.7,669.7,669.7,20.0
2021-05-31 10:32:00,NSE:EBIXFOREX,662.75,662.75,662.75,662.75,10.0
2021-05-31 10:36:00,NSE:EBIXFOREX,664.0,664.0,664.0,664.0,2.0
2021-05-31 10:43:00,NSE:EBIXFOREX,659.1,659.1,659.1,659.1,7.0
2021-05-31 10:45:00,NSE:EBIXFOREX,669.7,669.7,669.7,669.7,5.0
2021-05-31 10:54:00,NSE:EBIXFOREX,665.0,665.0,665.0,665.0,54.0
2021-05-31 11:04:00,NSE:EBIXFOREX,660.5,660.5,660.5,660.5,1.0
2021-05-31 11:19:00,NSE:EBIXFOREX,660.6,660.6,660.6,660.6,3.0
2021-05-31 11:25:00,NSE:EBIXFOREX,659.0,659.0,659.0,659.0,68.0
2021-05-31 11:47:00,NSE:EBIXFOREX,662.55,662.55,662.55,662.55,6.0
2021-05-31 12:05:00,NSE:EBIXFOREX,662.0,662.0,662.0,662.0,13.0
2021-05-31 12:14:00,NSE:EBIXFOREX,665.0,665.0,665.0,665.0,51.0
2021-05-31 12:17:00,NSE:EBIXFOREX,668.6,668.6,668.6,668.6,5.0
2021-05-31 12:23:00,NSE:EBIXFOREX,668.6,668.6,668.6,668.6,2.0
2021-05-31 12:27:00,NSE:EBIXFOREX,668.65,668.65,668.65,668.65,4.0
2021-05-31 12:33:00,NSE:EBIXFOREX,668.65,670.0,668.6,670.0,113.0
2021-05-31 12:35:00,NSE:EBIXFOREX,671.9,671.9,671.9,671.9,3.0
2021-05-31 12:37:00,NSE:EBIXFOREX,672.0,672.0,672.0,672.0,71.0
2021-05-31 12:38:00,NSE:EBIXFOREX,672.3,672.3,672.3,672.3,17.0
2021-05-31 12:40:00,NSE:EBIXFOREX,672.4,672.4,672.4,672.4,51.0
2021-05-31 12:44:00,NSE:EBIXFOREX,672.5,672.5,672.5,672.5,10.0
2021-05-31 13:21:00,NSE:EBIXFOREX,673.0,673.0,673.0,673.0,16.0
2021-05-31 13:24:00,NSE:EBIXFOREX,673.15,673.15,673.15,673.15,32.0
2021-05-31 13:25:00,NSE:EBIXFOREX,675.0,675.0,675.0,675.0,2.0
2021-05-31 13:26:00,NSE:EBIXFOREX,675.1,675.1,675.1,675.1,92.0
2021-05-31 13:31:00,NSE:EBIXFOREX,675.1,675.1,675.1,675.1,23.0
2021-05-31 13:43:00,NSE:EBIXFOREX,675.1,675.1,675.1,675.1,25.0
2021-05-31 13:52:00,NSE:EBIXFOREX,675.1,675.1,675.1,675.1,2.0
2021-05-31 13:54:00,NSE:EBIXFOREX,675.1,675.1,675.1,675.1,106.0
2021-05-31 14:22:00,NSE:EBIXFOREX,675.1,675.1,675.1,675.1,11.0
2021-05-31 14:30:00,NSE:EBIXFOREX,675.1,675.1,675.1,675.1,16.0
2021-05-31 14:38:00,NSE:EBIXFOREX,675.1,675.1,675.1,675.1,53.0
2021-05-31 14:46:00,NSE:EBIXFOREX,675.1,675.1,675.1,675.1,2.0
2021-05-31 14:51:00,NSE:EBIXFOREX,677.55,677.55,677.55,677.55,5.0
2021-05-31 14:52:00,NSE:EBIXFOREX,678.45,678.45,678.45,678.45,7.0
2021-05-31 14:53:00,NSE:EBIXFOREX,678.45,678.45,678.45,678.45,6.0
2021-05-31 14:54:00,NSE:EBIXFOREX,678.8,678.8,678.8,678.8,8.0
2021-05-31 14:55:00,NSE:EBIXFOREX,678.8,678.8,678.8,678.8,5.0
2021-05-31 15:04:00,NSE:EBIXFOREX,677.7,677.7,677.7,677.7,3.0
2021-05-31 15:05:00,NSE:EBIXFOREX,675.1,675.1,675.1,675.1,50.0
2021-05-31 15:08:00,NSE:EBIXFOREX,675.1,675.1,675.1,675.1,12.0
2021-05-31 15:12:00,NSE:EBIXFOREX,675.1,675.1,675.1,675.1,8.0
2021-05-31 15:21:00,NSE:EBIXFOREX,673.95,673.95,673.95,673.95,4.0
2021-05-31 15:25:00,NSE:EBIXFOREX,673.5,673.5,673.5,673.5,5.0
2021-05-31 15:26:00,NSE:EBIXFOREX,672.0,672.0,672.0,672.0,3.0
2021-05-31 15:27:00,NSE:EBIXFOREX,671.95,671.95,660.05,669.95,167.0
2021-05-31 15:28:00,NSE:EBIXFOREX,673.0,673.0,673.0,673.0,3.0
2021-05-31 15:29:00,NSE:EBIXFOREX,660.05,670.0,660.05,670.0,50.0
2021-06-01 09:07:00,NSE:EBIXFOREX,679.05,679.05,679.05,679.05,9.0
2021-06-01 09:16:00,NSE:EBIXFOREX,679.0,679.0,679.0,679.0,6.0
2021-06-01 09:25:00,NSE:EBIXFOREX,677.85,678.0,677.85,678.0,16.0
2021-06-01 09:26:00,NSE:EBIXFOREX,678.8,678.8,678.8,678.8,3.0
2021-06-01 09:27:00,NSE:EBIXFOREX,678.1,678.1,678.1,678.1,10.0
2021-06-01 09:33:00,NSE:EBIXFOREX,677.7,677.7,673.0,673.0,6.0
2021-06-01 09:35:00,NSE:EBIXFOREX,673.0,673.0,673.0,673.0,1.0
2021-06-01 09:36:00,NSE:EBIXFOREX,677.7,677.7,677.7,677.7,10.0
2021-06-01 09:38:00,NSE:EBIXFOREX,676.7,677.95,676.7,677.95,20.0
2021-06-01 09:41:00,NSE:EBIXFOREX,669.8,669.8,669.75,669.8,37.0
2021-06-01 09:43:00,NSE:EBIXFOREX,676.5,676.5,676.5,676.5,1.0
2021-06-01 09:44:00,NSE:EBIXFOREX,676.45,676.45,676.45,676.45,1.0
2021-06-01 09:47:00,NSE:EBIXFOREX,667.25,667.25,665.0,665.0,63.0
2021-06-01 09:50:00,NSE:EBIXFOREX,675.0,675.0,675.0,675.0,7.0
2021-06-01 09:52:00,NSE:EBIXFOREX,666.1,674.5,666.1,674.5,516.0
2021-06-01 09:53:00,NSE:EBIXFOREX,666.3,666.3,666.3,666.3,10.0
2021-06-01 09:54:00,NSE:EBIXFOREX,666.5,666.5,666.0,666.0,150.0
2021-06-01 09:56:00,NSE:EBIXFOREX,666.1,666.1,666.1,666.1,4.0
2021-06-01 09:57:00,NSE:EBIXFOREX,674.3,674.3,674.3,674.3,3.0
2021-06-01 10:03:00,NSE:EBIXFOREX,670.7,670.7,670.7,670.7,9.0
2021-06-01 10:07:00,NSE:EBIXFOREX,669.65,669.65,669.65,669.65,26.0
2021-06-01 10:08:00,NSE:EBIXFOREX,667.25,667.25,667.25,667.25,22.0
2021-06-01 10:10:00,NSE:EBIXFOREX,665.0,665.0,665.0,665.0,52.0
2021-06-01 10:11:00,NSE:EBIXFOREX,665.0,665.0,665.0,665.0,10.0
2021-06-01 10:12:00,NSE:EBIXFOREX,669.85,669.85,669.85,669.85,2.0
2021-06-01 10:15:00,NSE:EBIXFOREX,668.55,668.55,668.55,668.55,2.0
2021-06-01 10:17:00,NSE:EBIXFOREX,669.8,669.8,669.8,669.8,1.0
2021-06-01 10:18:00,NSE:EBIXFOREX,667.45,667.45,667.45,667.45,4.0
2021-06-01 10:21:00,NSE:EBIXFOREX,665.0,665.0,665.0,665.0,15.0
2021-06-01 10:37:00,NSE:EBIXFOREX,668.4,668.4,668.4,668.4,1.0
2021-06-01 10:38:00,NSE:EBIXFOREX,666.2,666.2,666.2,666.2,6.0
2021-06-01 10:54:00,NSE:EBIXFOREX,665.0,665.05,665.0,665.05,52.0
2021-06-01 11:02:00,NSE:EBIXFOREX,667.0,667.0,666.75,666.75,12.0
2021-06-01 11:03:00,NSE:EBIXFOREX,667.0,667.0,666.5,666.5,14.0
2021-06-01 11:04:00,NSE:EBIXFOREX,666.3,666.3,666.3,666.3,15.0
2021-06-01 11:20:00,NSE:EBIXFOREX,665.0,665.0,665.0,665.0,16.0
2021-06-01 11:26:00,NSE:EBIXFOREX,665.05,665.05,665.05,665.05,15.0
2021-06-01 11:27:00,NSE:EBIXFOREX,665.05,667.95,665.05,667.95,8.0
2021-06-01 11:32:00,NSE:EBIXFOREX,668.4,668.4,668.4,668.4,92.0
2021-06-01 11:33:00,NSE:EBIXFOREX,668.4,668.4,668.4,668.4,1.0
2021-06-01 11:35:00,NSE:EBIXFOREX,674.3,674.3,674.3,674.3,20.0
2021-06-01 11:44:00,NSE:EBIXFOREX,665.2,665.2,665.2,665.2,12.0
2021-06-01 11:48:00,NSE:EBIXFOREX,665.1,665.4,665.1,665.4,54.0
2021-06-01 11:50:00,NSE:EBIXFOREX,665.05,665.05,665.05,665.05,10.0
2021-06-01 12:00:00,NSE:EBIXFOREX,665.1,665.1,665.1,665.1,27.0
2021-06-01 12:06:00,NSE:EBIXFOREX,665.4,665.4,665.4,665.4,123.0
2021-06-01 12:08:00,NSE:EBIXFOREX,665.1,665.1,665.1,665.1,12.0
2021-06-01 12:09:00,NSE:EBIXFOREX,665.1,665.1,665.1,665.1,30.0
2021-06-01 12:10:00,NSE:EBIXFOREX,665.0,665.0,665.0,665.0,125.0
2021-06-01 12:19:00,NSE:EBIXFOREX,669.05,669.05,667.0,667.0,3.0
2021-06-01 12:22:00,NSE:EBIXFOREX,665.0,665.0,665.0,665.0,4.0
2021-06-01 12:25:00,NSE:EBIXFOREX,665.0,665.0,665.0,665.0,1.0
2021-06-01 12:28:00,NSE:EBIXFOREX,668.1,668.1,668.1,668.1,5.0
2021-06-01 12:33:00,NSE:EBIXFOREX,666.95,666.95,666.95,666.95,3.0
2021-06-01 12:38:00,NSE:EBIXFOREX,668.0,668.0,668.0,668.0,1.0
2021-06-01 12:39:00,NSE:EBIXFOREX,668.0,668.0,668.0,668.0,5.0
2021-06-01 12:45:00,NSE:EBIXFOREX,668.0,668.0,668.0,668.0,11.0
2021-06-01 13:18:00,NSE:EBIXFOREX,665.65,665.65,665.65,665.65,5.0
2021-06-01 13:28:00,NSE:EBIXFOREX,668.0,668.0,668.0,668.0,10.0
2021-06-01 13:30:00,NSE:EBIXFOREX,668.0,668.0,668.0,668.0,39.0
2021-06-01 13:46:00,NSE:EBIXFOREX,667.9,667.9,667.9,667.9,1.0
2021-06-01 13:49:00,NSE:EBIXFOREX,665.8,665.8,665.8,665.8,1.0
2021-06-01 13:53:00,NSE:EBIXFOREX,667.95,667.95,667.95,667.95,6.0
2021-06-01 14:33:00,NSE:EBIXFOREX,666.0,666.0,666.0,666.0,14.0
2021-06-01 14:43:00,NSE:EBIXFOREX,665.0,665.0,665.0,665.0,344.0
2021-06-01 14:45:00,NSE:EBIXFOREX,665.0,665.0,665.0,665.0,128.0
2021-06-01 14:54:00,NSE:EBIXFOREX,665.0,665.0,665.0,665.0,56.0
2021-06-01 14:57:00,NSE:EBIXFOREX,665.0,665.0,665.0,665.0,9.0
2021-06-01 14:59:00,NSE:EBIXFOREX,665.0,665.0,665.0,665.0,69.0
2021-06-01 15:01:00,NSE:EBIXFOREX,667.45,667.45,667.45,667.45,2.0
2021-06-01 15:03:00,NSE:EBIXFOREX,665.0,665.0,665.0,665.0,12.0
2021-06-01 15:04:00,NSE:EBIXFOREX,667.85,667.85,667.85,667.85,1.0
2021-06-01 15:11:00,NSE:EBIXFOREX,668.0,669.0,668.0,669.0,71.0
2021-06-01 15:17:00,NSE:EBIXFOREX,665.0,665.0,665.0,665.0,50.0
2021-06-01 15:18:00,NSE:EBIXFOREX,665.0,665.0,665.0,665.0,100.0
2021-06-01 15:23:00,NSE:EBIXFOREX,671.15,671.15,671.15,671.15,17.0
2021-06-01 15:27:00,NSE:EBIXFOREX,666.0,666.0,665.0,665.0,135.0
2021-06-01 15:28:00,NSE:EBIXFOREX,665.0,665.0,665.0,665.0,8.0
2021-06-01 15:42:00,NSE:EBIXFOREX,666.25,666.25,666.25,666.25,25.0
2021-06-02 09:17:00,NSE:EBIXFOREX,652.5,669.95,652.2,669.95,38.0
2021-06-02 09:18:00,NSE:EBIXFOREX,652.2,652.2,652.2,652.2,42.0
2021-06-02 09:20:00,NSE:EBIXFOREX,660.0,662.6,652.55,662.6,42.0
2021-06-02 09:21:00,NSE:EBIXFOREX,665.0,665.0,665.0,665.0,30.0
2021-06-02 09:22:00,NSE:EBIXFOREX,665.0,665.0,665.0,665.0,4.0
2021-06-02 09:25:00,NSE:EBIXFOREX,665.05,665.05,665.0,665.05,28.0
2021-06-02 09:26:00,NSE:EBIXFOREX,665.05,665.05,665.05,665.05,1.0
2021-06-02 09:30:00,NSE:EBIXFOREX,665.0,665.0,665.0,665.0,10.0
2021-06-02 09:31:00,NSE:EBIXFOREX,665.0,665.0,665.0,665.0,5.0
2021-06-02 09:35:00,NSE:EBIXFOREX,660.45,660.45,660.45,660.45,2.0
2021-06-02 09:40:00,NSE:EBIXFOREX,658.0,658.0,658.0,658.0,1.0
2021-06-02 09:46:00,NSE:EBIXFOREX,658.0,658.0,658.0,658.0,4.0
2021-06-02 09:47:00,NSE:EBIXFOREX,658.0,658.0,656.05,656.05,36.0
2021-06-02 09:49:00,NSE:EBIXFOREX,657.95,657.95,657.95,657.95,1.0
2021-06-02 09:50:00,NSE:EBIXFOREX,658.0,658.0,658.0,658.0,75.0
2021-06-02 09:57:00,NSE:EBIXFOREX,658.0,658.0,658.0,658.0,30.0
2021-06-02 09:59:00,NSE:EBIXFOREX,655.4,655.95,655.4,655.95,6.0
2021-06-02 10:04:00,NSE:EBIXFOREX,655.1,656.95,655.1,656.95,8.0
2021-06-02 10:10:00,NSE:EBIXFOREX,658.0,658.0,658.0,658.0,100.0
2021-06-02 10:15:00,NSE:EBIXFOREX,657.0,657.0,657.0,657.0,4.0
2021-06-02 10:17:00,NSE:EBIXFOREX,657.1,657.1,657.1,657.1,12.0
2021-06-02 10:20:00,NSE:EBIXFOREX,658.0,658.0,658.0,658.0,6.0
2021-06-02 10:21:00,NSE:EBIXFOREX,662.55,662.55,662.55,662.55,187.0
2021-06-02 10:25:00,NSE:EBIXFOREX,664.7,667.3,664.7,667.3,35.0
2021-06-02 10:26:00,NSE:EBIXFOREX,667.3,667.3,667.0,667.0,9.0
2021-06-02 10:28:00,NSE:EBIXFOREX,665.0,665.0,665.0,665.0,12.0
2021-06-02 10:37:00,NSE:EBIXFOREX,662.8,662.8,660.45,660.45,2.0
2021-06-02 10:39:00,NSE:EBIXFOREX,664.95,664.95,664.95,664.95,2.0
2021-06-02 10:40:00,NSE:EBIXFOREX,661.45,667.35,660.4,663.6,65.0
2021-06-02 10:41:00,NSE:EBIXFOREX,660.4,660.8,660.4,660.8,2.0
2021-06-02 10:44:00,NSE:EBIXFOREX,660.8,660.8,660.8,660.8,1.0
2021-06-02 10:54:00,NSE:EBIXFOREX,660.8,660.8,660.8,660.8,10.0
2021-06-02 11:01:00,NSE:EBIXFOREX,667.1,669.7,667.1,669.7,80.0
2021-06-02 11:02:00,NSE:EBIXFOREX,669.95,669.95,669.95,669.95,5.0
2021-06-02 11:04:00,NSE:EBIXFOREX,662.8,662.8,662.8,662.8,1.0
2021-06-02 11:10:00,NSE:EBIXFOREX,669.7,669.95,669.7,669.95,61.0
2021-06-02 11:11:00,NSE:EBIXFOREX,660.4,660.4,660.4,660.4,99.0
2021-06-02 11:12:00,NSE:EBIXFOREX,675.45,675.45,675.45,675.45,98.0
2021-06-02 11:13:00,NSE:EBIXFOREX,674.4,674.4,674.4,674.4,9.0
2021-06-02 11:14:00,NSE:EBIXFOREX,675.45,675.45,675.0,675.0,25.0
2021-06-02 11:16:00,NSE:EBIXFOREX,672.7,672.7,672.7,672.7,5.0
2021-06-02 11:17:00,NSE:EBIXFOREX,665.1,665.45,665.1,665.45,20.0
2021-06-02 11:18:00,NSE:EBIXFOREX,667.55,671.9,665.15,671.9,15.0
2021-06-02 11:27:00,NSE:EBIXFOREX,663.45,663.45,663.45,663.45,7.0
2021-06-02 11:28:00,NSE:EBIXFOREX,663.45,663.45,663.45,663.45,3.0
2021-06-02 11:33:00,NSE:EBIXFOREX,665.0,665.0,665.0,665.0,50.0
2021-06-02 11:36:00,NSE:EBIXFOREX,662.65,662.65,662.65,662.65,3.0
2021-06-02 11:37:00,NSE:EBIXFOREX,662.3,662.3,661.7,661.7,25.0
2021-06-02 11:41:00,NSE:EBIXFOREX,667.4,667.4,667.4,667.4,31.0
2021-06-02 11:57:00,NSE:EBIXFOREX,662.0,662.0,662.0,662.0,9.0
2021-06-02 12:00:00,NSE:EBIXFOREX,660.0,660.8,660.0,660.8,140.0
2021-06-02 12:01:00,NSE:EBIXFOREX,662.65,662.65,662.65,662.65,20.0
2021-06-02 12:10:00,NSE:EBIXFOREX,663.95,663.95,663.95,663.95,5.0
2021-06-02 12:12:00,NSE:EBIXFOREX,663.95,664.0,663.95,663.95,36.0
2021-06-02 12:13:00,NSE:EBIXFOREX,663.95,663.95,663.95,663.95,71.0
2021-06-02 12:23:00,NSE:EBIXFOREX,663.95,663.95,663.95,663.95,1.0
2021-06-02 12:25:00,NSE:EBIXFOREX,660.5,660.5,660.5,660.5,30.0
2021-06-02 12:27:00,NSE:EBIXFOREX,661.6,661.6,661.6,661.6,20.0
2021-06-02 12:28:00,NSE:EBIXFOREX,661.6,661.6,661.6,661.6,8.0
2021-06-02 12:30:00,NSE:EBIXFOREX,661.6,661.6,661.6,661.6,4.0
2021-06-02 12:33:00,NSE:EBIXFOREX,660.5,660.5,660.5,660.5,8.0
2021-06-02 12:36:00,NSE:EBIXFOREX,660.0,668.85,660.0,668.85,264.0
2021-06-02 12:38:00,NSE:EBIXFOREX,665.3,665.3,665.3,665.3,10.0
2021-06-02 12:52:00,NSE:EBIXFOREX,665.3,665.3,665.3,665.3,3.0
2021-06-02 13:03:00,NSE:EBIXFOREX,665.95,665.95,665.95,665.95,8.0
2021-06-02 13:04:00,NSE:EBIXFOREX,669.0,669.0,665.9,668.0,18.0
2021-06-02 13:05:00,NSE:EBIXFOREX,669.05,669.05,669.05,669.05,3.0
2021-06-02 13:07:00,NSE:EBIXFOREX,666.0,666.0,666.0,666.0,4.0
2021-06-02 13:11:00,NSE:EBIXFOREX,669.05,672.55,669.05,672.55,12.0
2021-06-02 13:27:00,NSE:EBIXFOREX,667.5,667.5,667.5,667.5,21.0
2021-06-02 13:46:00,NSE:EBIXFOREX,672.1,672.2,672.1,672.2,50.0
2021-06-02 13:47:00,NSE:EBIXFOREX,672.55,672.55,672.55,672.55,10.0
2021-06-02 14:01:00,NSE:EBIXFOREX,671.15,671.15,671.15,671.15,12.0
2021-06-02 14:06:00,NSE:EBIXFOREX,666.9,669.75,666.9,669.75,6.0
2021-06-02 14:31:00,NSE:EBIXFOREX,677.65,677.65,677.65,677.65,293.0
2021-06-02 14:32:00,NSE:EBIXFOREX,677.65,678.0,677.65,678.0,135.0
2021-06-02 14:35:00,NSE:EBIXFOREX,678.05,684.95,678.05,684.95,705.0
2021-06-02 14:36:00,NSE:EBIXFOREX,684.45,684.95,684.45,684.95,165.0
2021-06-02 14:37:00,NSE:EBIXFOREX,686.0,686.0,684.95,684.95,80.0
2021-06-02 14:38:00,NSE:EBIXFOREX,684.95,685.9,684.95,685.9,16.0
2021-06-02 14:39:00,NSE:EBIXFOREX,686.0,686.0,686.0,686.0,53.0
2021-06-02 14:40:00,NSE:EBIXFOREX,686.0,686.0,686.0,686.0,32.0
2021-06-02 14:41:00,NSE:EBIXFOREX,681.0,681.0,681.0,681.0,35.0
2021-06-02 14:45:00,NSE:EBIXFOREX,679.25,679.25,679.25,679.25,2.0
2021-06-02 14:46:00,NSE:EBIXFOREX,679.25,680.75,679.0,679.0,61.0
2021-06-02 14:48:00,NSE:EBIXFOREX,677.6,677.6,674.2,677.3,118.0
2021-06-02 14:49:00,NSE:EBIXFOREX,677.25,677.25,677.25,677.25,24.0
2021-06-02 14:52:00,NSE:EBIXFOREX,680.0,680.0,678.5,678.5,10.0
2021-06-02 14:57:00,NSE:EBIXFOREX,680.0,680.0,680.0,680.0,20.0
2021-06-02 14:59:00,NSE:EBIXFOREX,679.7,679.7,679.7,679.7,1.0
2021-06-02 15:03:00,NSE:EBIXFOREX,672.25,672.25,672.25,672.25,10.0
2021-06-02 15:11:00,NSE:EBIXFOREX,676.75,676.75,676.75,676.75,29.0
2021-06-02 15:15:00,NSE:EBIXFOREX,677.9,677.9,677.9,677.9,5.0
2021-06-02 15:19:00,NSE:EBIXFOREX,673.95,673.95,665.0,665.0,201.0
2021-06-02 15:20:00,NSE:EBIXFOREX,665.3,665.3,665.0,665.0,252.0
2021-06-02 15:24:00,NSE:EBIXFOREX,666.75,670.0,666.75,670.0,32.0
2021-06-02 15:27:00,NSE:EBIXFOREX,666.05,677.0,666.05,677.0,94.0
2021-06-02 15:28:00,NSE:EBIXFOREX,666.2,666.2,665.1,665.1,110.0
2021-06-02 15:29:00,NSE:EBIXFOREX,666.0,675.0,665.0,665.0,119.0
2021-06-03 09:25:00,NSE:EBIXFOREX,667.05,678.65,667.05,678.65,2.0
2021-06-03 09:30:00,NSE:EBIXFOREX,678.95,679.0,678.95,679.0,10.0
2021-06-03 09:31:00,NSE:EBIXFOREX,682.4,682.6,682.4,682.55,229.0
2021-06-03 09:32:00,NSE:EBIXFOREX,685.0,685.55,685.0,685.55,166.0
2021-06-03 09:36:00,NSE:EBIXFOREX,679.1,679.1,679.1,679.1,5.0
2021-06-03 09:37:00,NSE:EBIXFOREX,679.1,679.1,679.1,679.1,8.0
2021-06-03 09:39:00,NSE:EBIXFOREX,681.35,682.75,681.35,682.75,12.0
2021-06-03 09:40:00,NSE:EBIXFOREX,681.35,681.35,681.35,681.35,37.0
2021-06-03 09:44:00,NSE:EBIXFOREX,682.0,682.0,682.0,682.0,10.0
2021-06-03 09:45:00,NSE:EBIXFOREX,681.35,681.35,681.35,681.35,104.0
2021-06-03 09:48:00,NSE:EBIXFOREX,675.3,675.3,675.05,675.05,18.0
2021-06-03 09:49:00,NSE:EBIXFOREX,681.4,681.4,681.4,681.4,17.0
2021-06-03 09:52:00,NSE:EBIXFOREX,682.85,682.85,682.85,682.85,92.0
2021-06-03 09:53:00,NSE:EBIXFOREX,682.9,682.9,682.9,682.9,8.0
2021-06-03 09:55:00,NSE:EBIXFOREX,682.9,682.9,682.9,682.9,4.0
2021-06-03 09:57:00,NSE:EBIXFOREX,677.0,682.55,677.0,682.55,33.0
2021-06-03 09:59:00,NSE:EBIXFOREX,682.8,682.85,682.8,682.85,24.0
2021-06-03 10:01:00,NSE:EBIXFOREX,682.8,682.8,678.6,678.6,101.0
2021-06-03 10:02:00,NSE:EBIXFOREX,678.55,678.55,677.05,677.05,38.0
2021-06-03 10:06:00,NSE:EBIXFOREX,681.35,681.35,681.35,681.35,4.0
2021-06-03 10:09:00,NSE:EBIXFOREX,677.4,677.4,677.4,677.4,44.0
2021-06-03 10:10:00,NSE:EBIXFOREX,678.2,678.2,677.4,677.4,7.0
2021-06-03 10:11:00,NSE:EBIXFOREX,677.4,677.4,675.0,675.0,53.0
2021-06-03 10:13:00,NSE:EBIXFOREX,681.4,681.4,681.4,681.4,10.0
2021-06-03 10:31:00,NSE:EBIXFOREX,675.7,675.7,675.7,675.7,1.0
2021-06-03 10:34:00,NSE:EBIXFOREX,673.0,674.8,673.0,674.8,70.0
2021-06-03 10:37:00,NSE:EBIXFOREX,678.45,678.85,678.45,678.55,112.0
2021-06-03 10:38:00,NSE:EBIXFOREX,674.1,674.1,674.05,674.05,25.0
2021-06-03 10:40:00,NSE:EBIXFOREX,680.9,680.9,680.9,680.9,8.0
2021-06-03 10:41:00,NSE:EBIXFOREX,681.0,681.0,677.35,677.35,108.0
2021-06-03 10:43:00,NSE:EBIXFOREX,675.65,675.65,675.65,675.65,10.0
2021-06-03 10:45:00,NSE:EBIXFOREX,676.1,676.1,676.1,676.1,20.0
2021-06-03 10:50:00,NSE:EBIXFOREX,676.4,676.4,676.4,676.4,60.0
2021-06-03 10:57:00,NSE:EBIXFOREX,681.0,681.0,681.0,681.0,50.0
2021-06-03 10:59:00,NSE:EBIXFOREX,678.75,680.95,678.75,680.95,5.0
2021-06-03 11:04:00,NSE:EBIXFOREX,677.5,677.5,675.6,675.6,86.0
2021-06-03 11:05:00,NSE:EBIXFOREX,680.95,681.0,680.95,681.0,23.0
2021-06-03 11:06:00,NSE:EBIXFOREX,680.95,680.95,680.95,680.95,2.0
2021-06-03 11:16:00,NSE:EBIXFOREX,675.7,675.7,675.7,675.7,17.0
2021-06-03 11:17:00,NSE:EBIXFOREX,675.65,675.65,675.65,675.65,35.0
2021-06-03 11:20:00,NSE:EBIXFOREX,680.8,680.8,680.8,680.8,1.0
2021-06-03 11:23:00,NSE:EBIXFOREX,680.6,680.6,680.6,680.6,5.0
2021-06-03 11:26:00,NSE:EBIXFOREX,680.0,680.0,677.55,677.55,10.0
2021-06-03 11:28:00,NSE:EBIXFOREX,677.95,677.95,677.95,677.95,106.0
2021-06-03 11:29:00,NSE:EBIXFOREX,680.5,680.5,680.5,680.5,10.0
2021-06-03 11:34:00,NSE:EBIXFOREX,679.05,679.05,679.05,679.05,2.0
2021-06-03 11:38:00,NSE:EBIXFOREX,677.3,678.95,677.3,678.95,44.0
2021-06-03 11:39:00,NSE:EBIXFOREX,679.0,679.0,679.0,679.0,3.0
2021-06-03 11:44:00,NSE:EBIXFOREX,677.95,677.95,677.95,677.95,5.0
2021-06-03 11:53:00,NSE:EBIXFOREX,678.0,678.0,678.0,678.0,30.0
2021-06-03 12:07:00,NSE:EBIXFOREX,681.0,681.0,681.0,681.0,50.0
2021-06-03 12:10:00,NSE:EBIXFOREX,675.6,675.6,673.05,675.0,105.0
2021-06-03 12:14:00,NSE:EBIXFOREX,678.9,678.9,678.9,678.9,2.0
2021-06-03 12:29:00,NSE:EBIXFOREX,676.15,676.15,676.15,676.15,1.0
2021-06-03 12:35:00,NSE:EBIXFOREX,676.1,676.4,676.1,676.4,6.0
2021-06-03 12:47:00,NSE:EBIXFOREX,677.05,677.05,677.05,677.05,27.0
2021-06-03 13:29:00,NSE:EBIXFOREX,680.3,680.3,680.3,680.3,1.0
2021-06-03 13:30:00,NSE:EBIXFOREX,681.0,681.0,681.0,681.0,147.0
2021-06-03 13:32:00,NSE:EBIXFOREX,681.0,681.0,681.0,681.0,9.0
2021-06-03 13:39:00,NSE:EBIXFOREX,681.0,681.0,681.0,681.0,10.0
2021-06-03 13:41:00,NSE:EBIXFOREX,677.15,677.15,677.15,677.15,9.0
2021-06-03 13:49:00,NSE:EBIXFOREX,676.7,676.7,676.7,676.7,25.0
2021-06-03 13:56:00,NSE:EBIXFOREX,675.0,675.0,675.0,675.0,12.0
2021-06-03 14:01:00,NSE:EBIXFOREX,677.3,677.3,677.3,677.3,1.0
2021-06-03 14:18:00,NSE:EBIXFOREX,675.0,675.0,675.0,675.0,16.0
2021-06-03 14:33:00,NSE:EBIXFOREX,676.15,676.15,676.15,676.15,5.0
2021-06-03 14:34:00,NSE:EBIXFOREX,675.1,675.1,675.1,675.1,1.0
2021-06-03 14:35:00,NSE:EBIXFOREX,675.05,675.05,675.05,675.05,9.0
2021-06-03 14:52:00,NSE:EBIXFOREX,673.0,673.0,670.2,670.2,86.0
2021-06-03 14:54:00,NSE:EBIXFOREX,670.0,670.0,668.0,670.0,104.0
2021-06-03 14:55:00,NSE:EBIXFOREX,670.0,670.0,670.0,670.0,4.0
2021-06-03 15:06:00,NSE:EBIXFOREX,668.05,668.05,668.05,668.05,1.0
2021-06-03 15:09:00,NSE:EBIXFOREX,668.05,668.05,668.05,668.05,1.0
2021-06-03 15:13:00,NSE:EBIXFOREX,668.0,668.0,668.0,668.0,19.0
2021-06-03 15:16:00,NSE:EBIXFOREX,668.0,668.0,668.0,668.0,12.0
2021-06-03 15:19:00,NSE:EBIXFOREX,674.65,674.65,674.65,674.65,4.0
2021-06-03 15:24:00,NSE:EBIXFOREX,669.05,671.95,669.05,670.0,26.0
2021-06-03 15:25:00,NSE:EBIXFOREX,668.0,668.0,668.0,668.0,29.0
2021-06-03 15:26:00,NSE:EBIXFOREX,668.0,668.0,668.0,668.0,166.0
2021-06-03 15:27:00,NSE:EBIXFOREX,667.1,667.1,667.1,667.1,28.0
2021-06-03 15:28:00,NSE:EBIXFOREX,667.35,667.35,667.0,667.0,68.0
2021-06-03 15:29:00,NSE:EBIXFOREX,670.0,670.0,667.1,667.1,3.0
2021-06-04 09:15:00,NSE:EBIXFOREX,670.0,670.0,670.0,670.0,20.0
2021-06-04 09:16:00,NSE:EBIXFOREX,655.2,655.2,655.2,655.2,21.0
2021-06-04 09:21:00,NSE:EBIXFOREX,657.3,668.2,657.0,668.2,53.0
2021-06-04 09:23:00,NSE:EBIXFOREX,660.2,660.2,657.3,657.3,5.0
2021-06-04 09:24:00,NSE:EBIXFOREX,657.8,657.8,657.8,657.8,1.0
2021-06-04 09:25:00,NSE:EBIXFOREX,665.4,667.6,665.4,667.6,5.0
2021-06-04 09:27:00,NSE:EBIXFOREX,663.6,663.6,663.6,663.6,2.0
2021-06-04 09:28:00,NSE:EBIXFOREX,670.95,670.95,670.95,670.95,100.0
2021-06-04 09:29:00,NSE:EBIXFOREX,660.15,660.15,660.15,660.15,15.0
2021-06-04 09:33:00,NSE:EBIXFOREX,663.9,663.9,663.9,663.9,5.0
2021-06-04 09:35:00,NSE:EBIXFOREX,663.9,663.9,663.9,663.9,5.0
2021-06-04 09:46:00,NSE:EBIXFOREX,661.0,661.0,661.0,661.0,30.0
2021-06-04 09:57:00,NSE:EBIXFOREX,675.0,675.0,675.0,675.0,178.0
2021-06-04 09:59:00,NSE:EBIXFOREX,679.2,679.2,679.2,679.2,100.0
2021-06-04 10:00:00,NSE:EBIXFOREX,663.0,663.0,663.0,663.0,100.0
2021-06-04 10:03:00,NSE:EBIXFOREX,670.85,670.85,670.85,670.85,4.0
2021-06-04 10:07:00,NSE:EBIXFOREX,671.0,671.0,671.0,671.0,1.0
2021-06-04 10:08:00,NSE:EBIXFOREX,679.0,679.0,679.0,679.0,97.0
2021-06-04 10:11:00,NSE:EBIXFOREX,671.85,671.85,671.85,671.85,7.0
2021-06-04 10:13:00,NSE:EBIXFOREX,678.85,678.85,678.85,678.85,10.0
2021-06-04 10:14:00,NSE:EBIXFOREX,668.65,668.65,668.65,668.65,25.0
2021-06-04 10:26:00,NSE:EBIXFOREX,668.65,668.65,668.65,668.65,6.0
2021-06-04 10:37:00,NSE:EBIXFOREX,666.8,666.8,666.8,666.8,10.0
2021-06-04 10:45:00,NSE:EBIXFOREX,668.25,668.25,668.25,668.25,20.0
2021-06-04 10:50:00,NSE:EBIXFOREX,668.55,668.65,668.55,668.65,14.0
2021-06-04 10:54:00,NSE:EBIXFOREX,675.8,675.8,666.35,666.35,716.0
2021-06-04 10:55:00,NSE:EBIXFOREX,674.6,674.6,667.5,667.5,537.0
2021-06-04 10:56:00,NSE:EBIXFOREX,672.95,672.95,672.95,672.95,359.0
2021-06-04 10:57:00,NSE:EBIXFOREX,666.1,666.1,666.1,666.1,176.0
2021-06-04 10:58:00,NSE:EBIXFOREX,671.0,671.0,671.0,671.0,54.0
2021-06-04 10:59:00,NSE:EBIXFOREX,670.2,670.2,670.2,670.2,12.0
2021-06-04 11:12:00,NSE:EBIXFOREX,670.0,670.0,670.0,670.0,2.0
2021-06-04 11:18:00,NSE:EBIXFOREX,670.2,671.1,670.2,671.1,55.0
2021-06-04 11:23:00,NSE:EBIXFOREX,670.2,670.2,670.2,670.2,97.0
2021-06-04 11:38:00,NSE:EBIXFOREX,670.2,670.5,670.2,670.5,24.0
2021-06-04 11:47:00,NSE:EBIXFOREX,673.4,673.4,673.4,673.4,5.0
2021-06-04 11:49:00,NSE:EBIXFOREX,674.05,674.05,674.05,674.05,3.0
2021-06-04 11:52:00,NSE:EBIXFOREX,674.05,674.05,674.05,674.05,2.0
2021-06-04 12:13:00,NSE:EBIXFOREX,674.0,674.0,674.0,674.0,12.0
2021-06-04 12:22:00,NSE:EBIXFOREX,671.05,671.05,671.05,671.05,20.0
2021-06-04 12:39:00,NSE:EBIXFOREX,670.2,670.2,670.2,670.2,4.0
2021-06-04 12:48:00,NSE:EBIXFOREX,670.2,670.2,670.2,670.2,14.0
2021-06-04 12:53:00,NSE:EBIXFOREX,670.5,670.5,670.5,670.5,2.0
2021-06-04 12:55:00,NSE:EBIXFOREX,668.3,668.3,668.3,668.3,43.0
2021-06-04 13:18:00,NSE:EBIXFOREX,666.0,666.3,666.0,666.3,27.0
2021-06-04 13:25:00,NSE:EBIXFOREX,666.3,666.3,666.3,666.3,1.0
2021-06-04 13:27:00,NSE:EBIXFOREX,666.0,666.0,666.0,666.0,5.0
2021-06-04 13:37:00,NSE:EBIXFOREX,666.35,666.35,666.35,666.35,1.0
2021-06-04 13:40:00,NSE:EBIXFOREX,666.35,666.35,666.3,666.3,2.0
2021-06-04 13:53:00,NSE:EBIXFOREX,666.4,666.4,666.4,666.4,2.0
2021-06-04 13:55:00,NSE:EBIXFOREX,667.95,667.95,667.95,667.95,3.0
2021-06-04 14:02:00,NSE:EBIXFOREX,666.45,666.45,666.45,666.45,1.0
2021-06-04 14:28:00,NSE:EBIXFOREX,666.45,666.45,666.45,666.45,1.0
2021-06-04 14:41:00,NSE:EBIXFOREX,668.3,668.3,668.3,668.3,1.0
2021-06-04 14:44:00,NSE:EBIXFOREX,669.4,669.4,669.4,669.4,15.0
2021-06-04 14:50:00,NSE:EBIXFOREX,670.0,670.0,666.5,666.5,66.0
2021-06-04 14:53:00,NSE:EBIXFOREX,666.8,666.8,666.8,666.8,7.0
2021-06-04 14:54:00,NSE:EBIXFOREX,669.0,669.0,669.0,669.0,1.0
2021-06-04 15:08:00,NSE:EBIXFOREX,669.2,669.2,669.2,669.2,1.0
2021-06-04 15:09:00,NSE:EBIXFOREX,669.2,669.2,669.2,669.2,15.0
2021-06-04 15:10:00,NSE:EBIXFOREX,666.55,666.55,666.55,666.55,70.0
2021-06-04 15:12:00,NSE:EBIXFOREX,666.55,666.55,666.55,666.55,6.0
2021-06-04 15:23:00,NSE:EBIXFOREX,667.0,667.0,667.0,667.0,17.0
2021-06-04 15:27:00,NSE:EBIXFOREX,670.0,670.0,670.0,670.0,61.0
2021-06-04 15:29:00,NSE:EBIXFOREX,670.0,670.0,667.1,667.1,13.0
2021-06-07 09:07:00,NSE:EBIXFOREX,682.35,682.35,682.35,682.35,10.0
2021-06-07 09:15:00,NSE:EBIXFOREX,682.35,682.35,682.35,682.35,5.0
2021-06-07 09:16:00,NSE:EBIXFOREX,682.35,682.35,679.6,682.35,33.0
2021-06-07 09:17:00,NSE:EBIXFOREX,682.35,682.35,682.35,682.35,17.0
2021-06-07 09:18:00,NSE:EBIXFOREX,670.15,670.15,670.15,670.15,1.0
2021-06-07 09:20:00,NSE:EBIXFOREX,680.0,680.0,680.0,680.0,25.0
2021-06-07 09:21:00,NSE:EBIXFOREX,682.35,682.35,682.35,682.35,50.0
2021-06-07 09:22:00,NSE:EBIXFOREX,682.35,682.35,682.0,682.0,50.0
2021-06-07 09:25:00,NSE:EBIXFOREX,682.0,682.0,682.0,682.0,20.0
2021-06-07 09:31:00,NSE:EBIXFOREX,673.8,673.8,673.8,673.8,30.0
2021-06-07 09:34:00,NSE:EBIXFOREX,673.5,673.5,673.5,673.5,20.0
2021-06-07 09:35:00,NSE:EBIXFOREX,668.35,668.35,668.35,668.35,50.0
2021-06-07 09:36:00,NSE:EBIXFOREX,670.0,670.0,670.0,670.0,10.0
2021-06-07 09:38:00,NSE:EBIXFOREX,676.45,676.45,676.45,676.45,100.0
2021-06-07 09:42:00,NSE:EBIXFOREX,669.0,669.0,669.0,669.0,45.0
2021-06-07 09:44:00,NSE:EBIXFOREX,663.4,663.4,663.4,663.4,5.0
2021-06-07 09:52:00,NSE:EBIXFOREX,666.5,666.5,666.5,666.5,9.0
2021-06-07 09:55:00,NSE:EBIXFOREX,667.6,667.6,667.6,667.6,10.0
2021-06-07 09:56:00,NSE:EBIXFOREX,664.0,665.0,664.0,664.0,697.0
2021-06-07 09:57:00,NSE:EBIXFOREX,664.0,664.0,662.8,662.8,113.0
2021-06-07 09:59:00,NSE:EBIXFOREX,669.0,669.0,664.0,664.0,55.0
2021-06-07 10:00:00,NSE:EBIXFOREX,668.95,668.95,668.95,668.95,30.0
2021-06-07 10:03:00,NSE:EBIXFOREX,667.7,667.7,667.7,667.7,39.0
2021-06-07 10:06:00,NSE:EBIXFOREX,669.0,669.0,668.25,669.0,224.0
2021-06-07 10:09:00,NSE:EBIXFOREX,666.25,666.25,666.25,666.25,51.0
2021-06-07 10:15:00,NSE:EBIXFOREX,667.1,667.1,667.1,667.1,7.0
2021-06-07 10:24:00,NSE:EBIXFOREX,666.25,666.25,666.25,666.25,396.0
2021-06-07 10:28:00,NSE:EBIXFOREX,670.4,670.75,670.4,670.75,115.0
2021-06-07 10:31:00,NSE:EBIXFOREX,665.55,665.55,665.55,665.55,6.0
2021-06-07 10:32:00,NSE:EBIXFOREX,670.75,670.75,670.75,670.75,30.0
2021-06-07 10:48:00,NSE:EBIXFOREX,665.55,665.55,665.55,665.55,15.0
2021-06-07 10:55:00,NSE:EBIXFOREX,668.05,668.05,666.4,666.4,4.0
2021-06-07 11:09:00,NSE:EBIXFOREX,667.4,667.4,667.4,667.4,5.0
2021-06-07 11:11:00,NSE:EBIXFOREX,670.0,670.0,668.55,668.55,16.0
2021-06-07 11:12:00,NSE:EBIXFOREX,664.95,664.95,661.9,661.95,556.0
2021-06-07 11:16:00,NSE:EBIXFOREX,665.4,665.4,665.4,665.4,9.0
2021-06-07 11:17:00,NSE:EBIXFOREX,665.4,665.4,665.4,665.4,9.0
2021-06-07 11:20:00,NSE:EBIXFOREX,668.8,668.8,668.8,668.8,153.0
2021-06-07 11:22:00,NSE:EBIXFOREX,668.4,668.4,660.05,660.05,143.0
2021-06-07 11:23:00,NSE:EBIXFOREX,663.4,663.4,663.4,663.4,7.0
2021-06-07 11:26:00,NSE:EBIXFOREX,668.0,668.0,668.0,668.0,12.0
2021-06-07 11:35:00,NSE:EBIXFOREX,660.0,660.0,659.05,660.0,527.0
2021-06-07 11:36:00,NSE:EBIXFOREX,660.0,660.0,660.0,660.0,78.0
2021-06-07 11:38:00,NSE:EBIXFOREX,665.0,665.0,665.0,665.0,100.0
2021-06-07 11:42:00,NSE:EBIXFOREX,664.85,664.85,664.0,664.0,10.0
2021-06-07 11:43:00,NSE:EBIXFOREX,664.9,664.9,664.9,664.9,15.0
2021-06-07 11:48:00,NSE:EBIXFOREX,665.0,665.0,665.0,665.0,83.0
2021-06-07 11:50:00,NSE:EBIXFOREX,659.4,660.0,659.4,660.0,201.0
2021-06-07 11:51:00,NSE:EBIXFOREX,660.0,660.0,660.0,660.0,8.0
2021-06-07 11:59:00,NSE:EBIXFOREX,665.4,665.4,665.4,665.4,210.0
2021-06-07 12:01:00,NSE:EBIXFOREX,668.0,668.0,668.0,668.0,25.0
2021-06-07 12:06:00,NSE:EBIXFOREX,668.0,668.0,668.0,668.0,40.0
2021-06-07 12:11:00,NSE:EBIXFOREX,668.0,668.0,668.0,668.0,10.0
2021-06-07 12:14:00,NSE:EBIXFOREX,662.85,662.85,662.85,662.85,32.0
2021-06-07 12:34:00,NSE:EBIXFOREX,667.95,667.95,667.95,667.95,5.0
2021-06-07 12:40:00,NSE:EBIXFOREX,661.1,661.1,661.1,661.1,4.0
2021-06-07 12:45:00,NSE:EBIXFOREX,663.6,663.6,663.6,663.6,1.0
2021-06-07 12:46:00,NSE:EBIXFOREX,662.75,665.05,662.75,665.05,64.0
2021-06-07 12:47:00,NSE:EBIXFOREX,662.45,662.45,662.25,662.25,35.0
2021-06-07 12:48:00,NSE:EBIXFOREX,665.05,667.75,665.05,667.75,31.0
2021-06-07 12:49:00,NSE:EBIXFOREX,665.95,665.95,665.0,665.0,7.0
2021-06-07 13:05:00,NSE:EBIXFOREX,663.15,663.15,660.2,660.2,10.0
2021-06-07 13:13:00,NSE:EBIXFOREX,660.6,660.6,660.6,660.6,24.0
2021-06-07 13:16:00,NSE:EBIXFOREX,660.0,660.0,660.0,660.0,400.0
2021-06-07 13:17:00,NSE:EBIXFOREX,659.85,659.85,658.0,659.85,54.0
2021-06-07 13:22:00,NSE:EBIXFOREX,658.55,658.55,658.55,658.55,3.0
2021-06-07 13:25:00,NSE:EBIXFOREX,658.6,658.6,658.6,658.6,1.0
2021-06-07 13:27:00,NSE:EBIXFOREX,662.0,662.0,662.0,662.0,5.0
2021-06-07 13:31:00,NSE:EBIXFOREX,658.65,658.65,658.65,658.65,10.0
2021-06-07 13:35:00,NSE:EBIXFOREX,662.05,664.5,662.05,664.5,463.0
2021-06-07 13:36:00,NSE:EBIXFOREX,665.0,665.0,665.0,665.0,14.0
2021-06-07 13:41:00,NSE:EBIXFOREX,665.8,665.8,664.5,664.5,45.0
2021-06-07 13:42:00,NSE:EBIXFOREX,659.9,666.3,659.9,666.3,11.0
2021-06-07 13:44:00,NSE:EBIXFOREX,668.7,668.7,668.7,668.7,275.0
2021-06-07 13:49:00,NSE:EBIXFOREX,661.05,661.05,661.05,661.05,10.0
2021-06-07 13:50:00,NSE:EBIXFOREX,663.8,663.8,663.8,663.8,8.0
2021-06-07 13:55:00,NSE:EBIXFOREX,660.05,660.05,660.05,660.05,14.0
2021-06-07 13:56:00,NSE:EBIXFOREX,668.7,668.7,668.7,668.7,76.0
2021-06-07 14:03:00,NSE:EBIXFOREX,667.6,667.6,663.35,663.35,11.0
2021-06-07 14:10:00,NSE:EBIXFOREX,660.05,669.0,660.05,669.0,550.0
2021-06-07 14:22:00,NSE:EBIXFOREX,666.9,666.9,664.2,665.0,10.0
2021-06-07 14:23:00,NSE:EBIXFOREX,668.0,668.0,668.0,668.0,6.0
2021-06-07 14:37:00,NSE:EBIXFOREX,660.7,660.7,660.7,660.7,1.0
2021-06-07 14:50:00,NSE:EBIXFOREX,661.0,661.0,661.0,661.0,10.0
2021-06-07 14:55:00,NSE:EBIXFOREX,661.05,661.05,661.0,661.0,26.0
2021-06-07 15:01:00,NSE:EBIXFOREX,661.15,661.15,661.15,661.15,10.0
2021-06-07 15:03:00,NSE:EBIXFOREX,661.2,661.2,661.2,661.2,10.0
2021-06-07 15:07:00,NSE:EBIXFOREX,661.35,661.35,661.35,661.35,15.0
2021-06-07 15:14:00,NSE:EBIXFOREX,664.5,664.5,664.5,664.5,2.0
2021-06-07 15:15:00,NSE:EBIXFOREX,665.0,665.0,665.0,665.0,1.0
2021-06-07 15:16:00,NSE:EBIXFOREX,665.0,665.0,665.0,665.0,15.0
2021-06-07 15:17:00,NSE:EBIXFOREX,666.25,666.25,666.25,666.25,8.0
2021-06-07 15:22:00,NSE:EBIXFOREX,668.45,668.45,668.0,668.0,35.0
2021-06-07 15:23:00,NSE:EBIXFOREX,668.0,668.0,668.0,668.0,6.0
2021-06-07 15:24:00,NSE:EBIXFOREX,668.0,668.0,665.0,665.0,14.0
2021-06-07 15:26:00,NSE:EBIXFOREX,667.2,667.2,665.05,665.05,46.0
2021-06-07 15:27:00,NSE:EBIXFOREX,661.0,661.0,660.0,660.0,272.0
2021-06-07 15:28:00,NSE:EBIXFOREX,660.0,660.0,660.0,660.0,16.0
2021-06-07 15:29:00,NSE:EBIXFOREX,660.05,660.05,655.05,655.05,277.0
2021-06-08 09:23:00,NSE:EBIXFOREX,662.5,663.95,662.5,662.5,20.0
2021-06-08 09:25:00,NSE:EBIXFOREX,662.5,669.5,662.5,665.25,7.0
2021-06-08 09:31:00,NSE:EBIXFOREX,665.25,665.25,665.25,665.25,5.0
2021-06-08 09:33:00,NSE:EBIXFOREX,665.25,665.25,665.25,665.25,5.0
2021-06-08 09:36:00,NSE:EBIXFOREX,662.0,662.0,662.0,662.0,8.0
2021-06-08 09:38:00,NSE:EBIXFOREX,662.0,662.0,662.0,662.0,5.0
2021-06-08 09:45:00,NSE:EBIXFOREX,660.1,660.1,660.1,660.1,94.0
2021-06-08 09:47:00,NSE:EBIXFOREX,660.1,669.55,660.1,669.55,134.0
2021-06-08 09:52:00,NSE:EBIXFOREX,664.3,664.3,664.3,664.3,14.0
2021-06-08 09:56:00,NSE:EBIXFOREX,668.55,668.55,668.55,668.55,2.0
2021-06-08 09:57:00,NSE:EBIXFOREX,660.1,660.1,660.0,660.0,135.0
2021-06-08 10:01:00,NSE:EBIXFOREX,663.0,664.1,663.0,664.1,3.0
2021-06-08 10:08:00,NSE:EBIXFOREX,660.5,660.5,660.5,660.5,6.0
2021-06-08 10:10:00,NSE:EBIXFOREX,668.25,668.55,668.25,668.55,24.0
2021-06-08 10:11:00,NSE:EBIXFOREX,669.5,669.5,669.5,669.5,27.0
2021-06-08 10:13:00,NSE:EBIXFOREX,669.4,669.4,669.4,669.4,1.0
2021-06-08 10:19:00,NSE:EBIXFOREX,660.0,660.0,660.0,660.0,216.0
2021-06-08 10:21:00,NSE:EBIXFOREX,660.0,660.0,660.0,660.0,2.0
2021-06-08 10:22:00,NSE:EBIXFOREX,660.0,660.0,660.0,660.0,8.0
2021-06-08 10:23:00,NSE:EBIXFOREX,656.15,656.15,656.15,656.15,20.0
2021-06-08 10:24:00,NSE:EBIXFOREX,655.1,655.1,655.1,655.1,40.0
2021-06-08 10:43:00,NSE:EBIXFOREX,656.15,656.15,656.15,656.15,25.0
2021-06-08 10:46:00,NSE:EBIXFOREX,656.65,656.65,656.65,656.65,10.0
2021-06-08 10:51:00,NSE:EBIXFOREX,661.45,661.45,661.45,661.45,27.0
2021-06-08 10:58:00,NSE:EBIXFOREX,664.85,664.85,664.85,664.85,230.0
2021-06-08 11:00:00,NSE:EBIXFOREX,662.65,662.65,660.1,660.1,12.0
2021-06-08 11:14:00,NSE:EBIXFOREX,658.9,658.9,658.9,658.9,2.0
2021-06-08 11:15:00,NSE:EBIXFOREX,660.05,660.05,660.05,660.05,10.0
2021-06-08 11:19:00,NSE:EBIXFOREX,662.85,662.85,662.85,662.85,2.0
2021-06-08 11:22:00,NSE:EBIXFOREX,662.85,662.85,662.85,662.85,9.0
2021-06-08 11:32:00,NSE:EBIXFOREX,663.0,663.0,663.0,663.0,9.0
2021-06-08 11:34:00,NSE:EBIXFOREX,665.55,665.8,665.55,665.8,75.0
2021-06-08 11:35:00,NSE:EBIXFOREX,665.5,665.8,665.5,665.8,73.0
2021-06-08 11:36:00,NSE:EBIXFOREX,665.8,665.8,665.8,665.8,126.0
2021-06-08 11:37:00,NSE:EBIXFOREX,665.8,665.8,665.8,665.8,93.0
2021-06-08 11:38:00,NSE:EBIXFOREX,665.8,665.8,665.8,665.8,60.0
2021-06-08 11:39:00,NSE:EBIXFOREX,665.8,665.8,665.8,665.8,120.0
2021-06-08 11:40:00,NSE:EBIXFOREX,665.8,665.8,665.8,665.8,60.0
2021-06-08 11:43:00,NSE:EBIXFOREX,665.8,665.8,665.8,665.8,14.0
2021-06-08 11:46:00,NSE:EBIXFOREX,661.65,661.65,661.65,661.65,20.0
2021-06-08 11:50:00,NSE:EBIXFOREX,662.0,662.0,662.0,662.0,17.0
2021-06-08 11:56:00,NSE:EBIXFOREX,672.25,672.25,661.6,661.6,509.0
2021-06-08 12:00:00,NSE:EBIXFOREX,674.8,674.8,674.8,674.8,80.0
2021-06-08 12:02:00,NSE:EBIXFOREX,667.0,667.0,667.0,667.0,105.0
2021-06-08 12:03:00,NSE:EBIXFOREX,667.35,667.35,667.35,667.35,15.0
2021-06-08 12:06:00,NSE:EBIXFOREX,667.05,667.05,667.05,667.05,5.0
2021-06-08 12:08:00,NSE:EBIXFOREX,667.0,668.7,667.0,668.7,60.0
2021-06-08 12:10:00,NSE:EBIXFOREX,667.05,667.05,667.05,667.05,17.0
2021-06-08 12:12:00,NSE:EBIXFOREX,669.6,669.6,669.6,669.6,63.0
2021-06-08 12:13:00,NSE:EBIXFOREX,668.65,668.65,668.65,668.65,32.0
2021-06-08 12:21:00,NSE:EBIXFOREX,668.5,668.5,665.95,665.95,36.0
2021-06-08 12:22:00,NSE:EBIXFOREX,673.15,673.15,666.0,671.95,122.0
2021-06-08 12:23:00,NSE:EBIXFOREX,674.9,674.9,674.9,674.9,18.0
2021-06-08 12:24:00,NSE:EBIXFOREX,670.0,670.0,670.0,670.0,20.0
2021-06-08 12:26:00,NSE:EBIXFOREX,672.2,672.2,668.65,668.65,2.0
2021-06-08 12:28:00,NSE:EBIXFOREX,665.2,665.2,665.2,665.2,9.0
2021-06-08 12:30:00,NSE:EBIXFOREX,669.4,669.4,669.4,669.4,10.0
2021-06-08 12:31:00,NSE:EBIXFOREX,669.5,669.5,669.5,669.5,7.0
2021-06-08 12:32:00,NSE:EBIXFOREX,670.3,670.3,670.3,670.3,3.0
2021-06-08 12:34:00,NSE:EBIXFOREX,670.0,670.0,670.0,670.0,3.0
2021-06-08 12:46:00,NSE:EBIXFOREX,670.0,670.0,670.0,670.0,4.0
2021-06-08 12:48:00,NSE:EBIXFOREX,672.0,672.0,672.0,672.0,4.0
2021-06-08 12:54:00,NSE:EBIXFOREX,665.0,665.0,665.0,665.0,50.0
2021-06-08 12:56:00,NSE:EBIXFOREX,671.95,671.95,671.95,671.95,5.0
2021-06-08 12:57:00,NSE:EBIXFOREX,665.85,665.85,665.85,665.85,1.0
2021-06-08 13:02:00,NSE:EBIXFOREX,670.0,670.0,670.0,670.0,4.0
2021-06-08 13:07:00,NSE:EBIXFOREX,669.0,669.0,669.0,669.0,47.0
2021-06-08 13:08:00,NSE:EBIXFOREX,670.0,670.0,670.0,670.0,6.0
2021-06-08 13:10:00,NSE:EBIXFOREX,670.0,670.0,670.0,670.0,3.0
2021-06-08 13:18:00,NSE:EBIXFOREX,670.7,670.7,670.7,670.7,3.0
2021-06-08 13:33:00,NSE:EBIXFOREX,667.7,667.7,667.7,667.7,1.0
2021-06-08 13:47:00,NSE:EBIXFOREX,670.0,670.0,670.0,670.0,5.0
2021-06-08 13:52:00,NSE:EBIXFOREX,665.0,665.0,665.0,665.0,175.0
2021-06-08 13:53:00,NSE:EBIXFOREX,660.0,660.0,658.0,658.0,191.0
2021-06-08 13:54:00,NSE:EBIXFOREX,661.1,661.1,661.1,661.1,1.0
2021-06-08 13:58:00,NSE:EBIXFOREX,658.0,658.0,658.0,658.0,257.0
2021-06-08 13:59:00,NSE:EBIXFOREX,658.0,658.0,658.0,658.0,154.0
2021-06-08 14:06:00,NSE:EBIXFOREX,664.0,664.0,664.0,664.0,9.0
2021-06-08 14:11:00,NSE:EBIXFOREX,659.3,659.3,659.3,659.3,3.0
2021-06-08 14:26:00,NSE:EBIXFOREX,663.95,663.95,663.95,663.95,24.0
2021-06-08 14:31:00,NSE:EBIXFOREX,663.95,663.95,663.95,663.95,10.0
2021-06-08 14:33:00,NSE:EBIXFOREX,662.95,662.95,662.95,662.95,11.0
2021-06-08 14:37:00,NSE:EBIXFOREX,662.0,662.0,662.0,662.0,2.0
2021-06-08 14:47:00,NSE:EBIXFOREX,662.9,662.9,662.9,662.9,2.0
2021-06-08 14:48:00,NSE:EBIXFOREX,656.15,656.15,656.15,656.15,72.0
2021-06-08 14:49:00,NSE:EBIXFOREX,656.0,656.0,656.0,656.0,100.0
2021-06-08 14:50:00,NSE:EBIXFOREX,656.0,656.0,653.1,655.7,243.0
2021-06-08 14:51:00,NSE:EBIXFOREX,655.9,655.9,655.9,655.9,36.0
2021-06-08 14:52:00,NSE:EBIXFOREX,656.0,656.0,656.0,656.0,34.0
2021-06-08 14:53:00,NSE:EBIXFOREX,653.25,656.0,653.25,656.0,21.0
2021-06-08 14:54:00,NSE:EBIXFOREX,656.0,656.0,656.0,656.0,33.0
2021-06-08 14:55:00,NSE:EBIXFOREX,656.0,656.0,656.0,656.0,1.0
2021-06-08 14:56:00,NSE:EBIXFOREX,656.0,656.0,655.0,655.0,204.0
2021-06-08 14:57:00,NSE:EBIXFOREX,655.0,655.0,655.0,655.0,35.0
2021-06-08 14:58:00,NSE:EBIXFOREX,655.0,655.0,655.0,655.0,112.0
2021-06-08 15:04:00,NSE:EBIXFOREX,656.05,661.75,656.05,661.75,2.0
2021-06-08 15:06:00,NSE:EBIXFOREX,661.8,661.8,661.8,661.8,10.0
2021-06-08 15:17:00,NSE:EBIXFOREX,656.45,656.45,656.45,656.45,2.0
2021-06-08 15:20:00,NSE:EBIXFOREX,657.2,657.2,657.2,657.2,3.0
2021-06-08 15:21:00,NSE:EBIXFOREX,654.0,654.0,654.0,654.0,47.0
2021-06-08 15:23:00,NSE:EBIXFOREX,658.0,658.0,658.0,658.0,17.0
2021-06-08 15:24:00,NSE:EBIXFOREX,657.95,657.95,657.95,657.95,10.0
2021-06-08 15:26:00,NSE:EBIXFOREX,654.0,654.3,653.0,654.3,245.0
2021-06-08 15:27:00,NSE:EBIXFOREX,654.3,654.3,650.05,653.0,73.0
2021-06-08 15:28:00,NSE:EBIXFOREX,651.05,651.05,651.05,651.05,4.0
2021-06-08 15:29:00,NSE:EBIXFOREX,650.75,653.9,645.0,645.0,158.0
2021-06-08 15:43:00,NSE:EBIXFOREX,652.25,652.25,645.0,645.0,4.0
2021-06-09 09:15:00,NSE:EBIXFOREX,641.5,655.5,641.5,641.5,144.0
2021-06-09 09:16:00,NSE:EBIXFOREX,641.0,641.05,641.0,641.05,27.0
2021-06-09 09:20:00,NSE:EBIXFOREX,655.0,655.0,655.0,655.0,15.0
2021-06-09 09:22:00,NSE:EBIXFOREX,655.0,655.75,655.0,655.0,10.0
2021-06-09 09:23:00,NSE:EBIXFOREX,654.05,654.05,654.05,654.05,37.0
2021-06-09 09:25:00,NSE:EBIXFOREX,651.5,651.5,651.5,651.5,1.0
2021-06-09 09:32:00,NSE:EBIXFOREX,656.35,656.35,656.35,656.35,1.0
2021-06-09 09:34:00,NSE:EBIXFOREX,657.0,657.0,657.0,657.0,1.0
2021-06-09 09:35:00,NSE:EBIXFOREX,657.6,658.0,657.6,658.0,2.0
2021-06-09 09:38:00,NSE:EBIXFOREX,658.0,658.3,658.0,658.0,26.0
2021-06-09 09:40:00,NSE:EBIXFOREX,659.0,659.0,659.0,659.0,1.0
2021-06-09 09:48:00,NSE:EBIXFOREX,663.0,663.0,663.0,663.0,111.0
2021-06-09 09:49:00,NSE:EBIXFOREX,663.0,663.0,663.0,663.0,20.0
2021-06-09 09:50:00,NSE:EBIXFOREX,663.0,663.4,663.0,663.0,100.0
2021-06-09 09:56:00,NSE:EBIXFOREX,663.0,663.0,663.0,663.0,50.0
2021-06-09 09:57:00,NSE:EBIXFOREX,663.0,663.0,663.0,663.0,77.0
2021-06-09 09:58:00,NSE:EBIXFOREX,665.25,665.25,665.25,665.25,37.0
2021-06-09 10:06:00,NSE:EBIXFOREX,663.1,663.1,663.1,663.1,1.0
2021-06-09 10:09:00,NSE:EBIXFOREX,663.1,663.1,663.1,663.1,1.0
2021-06-09 10:10:00,NSE:EBIXFOREX,663.1,663.1,663.1,663.1,5.0
2021-06-09 10:15:00,NSE:EBIXFOREX,665.95,666.0,665.95,666.0,98.0
2021-06-09 10:16:00,NSE:EBIXFOREX,666.0,666.1,666.0,666.0,50.0
2021-06-09 10:17:00,NSE:EBIXFOREX,666.0,666.0,666.0,666.0,42.0
2021-06-09 10:19:00,NSE:EBIXFOREX,664.4,664.4,664.4,664.4,1.0
2021-06-09 10:20:00,NSE:EBIXFOREX,665.0,665.0,665.0,665.0,4.0
2021-06-09 10:21:00,NSE:EBIXFOREX,664.4,666.9,664.4,666.9,9.0
2021-06-09 10:22:00,NSE:EBIXFOREX,668.95,668.95,668.95,668.95,96.0
2021-06-09 10:32:00,NSE:EBIXFOREX,668.4,668.4,668.4,668.4,5.0
2021-06-09 10:38:00,NSE:EBIXFOREX,668.35,668.35,668.35,668.35,1.0
2021-06-09 10:39:00,NSE:EBIXFOREX,666.3,667.1,666.3,667.1,5.0
2021-06-09 10:41:00,NSE:EBIXFOREX,665.0,665.0,665.0,665.0,9.0
2021-06-09 10:49:00,NSE:EBIXFOREX,663.1,663.1,663.1,663.1,4.0
2021-06-09 11:00:00,NSE:EBIXFOREX,665.95,665.95,665.95,665.95,35.0
2021-06-09 11:13:00,NSE:EBIXFOREX,663.0,663.0,663.0,663.0,50.0
2021-06-09 11:21:00,NSE:EBIXFOREX,665.0,665.0,664.95,664.95,103.0
2021-06-09 11:24:00,NSE:EBIXFOREX,657.6,657.6,657.6,657.6,56.0
2021-06-09 11:25:00,NSE:EBIXFOREX,658.15,658.15,658.15,658.15,15.0
2021-06-09 11:34:00,NSE:EBIXFOREX,658.2,658.2,658.2,658.2,36.0
2021-06-09 11:36:00,NSE:EBIXFOREX,658.5,658.5,658.5,658.5,1.0
2021-06-09 11:37:00,NSE:EBIXFOREX,658.5,662.9,658.5,658.55,11.0
2021-06-09 12:14:00,NSE:EBIXFOREX,662.95,662.95,662.95,662.95,41.0
2021-06-09 12:15:00,NSE:EBIXFOREX,663.0,663.0,663.0,663.0,45.0
2021-06-09 12:16:00,NSE:EBIXFOREX,663.0,663.0,663.0,663.0,8.0
2021-06-09 12:50:00,NSE:EBIXFOREX,662.0,662.0,662.0,662.0,30.0
2021-06-09 12:54:00,NSE:EBIXFOREX,661.05,661.05,661.05,661.05,30.0
2021-06-09 12:59:00,NSE:EBIXFOREX,661.05,661.05,661.05,661.05,25.0
2021-06-09 13:03:00,NSE:EBIXFOREX,661.05,661.05,661.05,661.05,20.0
2021-06-09 13:05:00,NSE:EBIXFOREX,661.05,661.05,661.05,661.05,50.0
2021-06-09 13:09:00,NSE:EBIXFOREX,661.05,661.05,661.05,661.05,25.0
2021-06-09 13:11:00,NSE:EBIXFOREX,663.85,663.85,663.85,663.85,15.0
2021-06-09 13:14:00,NSE:EBIXFOREX,660.0,660.0,660.0,660.0,88.0
2021-06-09 13:15:00,NSE:EBIXFOREX,658.0,658.0,658.0,658.0,47.0
2021-06-09 13:19:00,NSE:EBIXFOREX,658.3,658.3,658.3,658.3,4.0
2021-06-09 13:29:00,NSE:EBIXFOREX,658.3,658.3,658.0,658.0,21.0
2021-06-09 13:45:00,NSE:EBIXFOREX,659.0,659.0,658.0,658.0,20.0
2021-06-09 13:50:00,NSE:EBIXFOREX,658.0,658.0,658.0,658.0,10.0
2021-06-09 13:55:00,NSE:EBIXFOREX,662.9,662.9,662.9,662.9,20.0
2021-06-09 13:56:00,NSE:EBIXFOREX,664.4,664.4,664.4,664.4,75.0
2021-06-09 13:57:00,NSE:EBIXFOREX,664.4,664.6,664.4,664.6,75.0
2021-06-09 13:58:00,NSE:EBIXFOREX,664.6,664.6,664.6,664.6,10.0
2021-06-09 13:59:00,NSE:EBIXFOREX,664.6,664.6,664.6,664.6,10.0
2021-06-09 14:02:00,NSE:EBIXFOREX,664.95,664.95,664.95,664.95,48.0
2021-06-09 14:04:00,NSE:EBIXFOREX,665.0,665.0,665.0,665.0,10.0
2021-06-09 14:06:00,NSE:EBIXFOREX,664.7,664.7,664.7,664.7,30.0
2021-06-09 14:08:00,NSE:EBIXFOREX,668.5,668.5,668.5,668.5,100.0
2021-06-09 14:09:00,NSE:EBIXFOREX,668.5,668.5,668.5,668.5,10.0
2021-06-09 14:14:00,NSE:EBIXFOREX,668.45,668.45,668.45,668.45,130.0
2021-06-09 14:18:00,NSE:EBIXFOREX,666.85,666.85,666.85,666.85,5.0
2021-06-09 14:19:00,NSE:EBIXFOREX,666.75,666.75,666.75,666.75,10.0
2021-06-09 14:21:00,NSE:EBIXFOREX,662.0,665.2,662.0,665.2,15.0
2021-06-09 14:22:00,NSE:EBIXFOREX,665.2,665.2,665.2,665.2,26.0
2021-06-09 14:23:00,NSE:EBIXFOREX,666.0,666.0,666.0,666.0,66.0
2021-06-09 14:24:00,NSE:EBIXFOREX,665.2,665.2,665.0,665.0,40.0
2021-06-09 14:25:00,NSE:EBIXFOREX,665.0,666.7,665.0,666.7,25.0
2021-06-09 14:27:00,NSE:EBIXFOREX,667.0,667.0,667.0,667.0,51.0
2021-06-09 14:28:00,NSE:EBIXFOREX,660.5,660.8,660.5,660.8,38.0
2021-06-09 14:29:00,NSE:EBIXFOREX,660.6,660.65,660.6,660.65,28.0
2021-06-09 14:30:00,NSE:EBIXFOREX,660.65,660.65,660.65,660.65,3.0
2021-06-09 14:31:00,NSE:EBIXFOREX,660.65,660.65,660.1,660.1,33.0
2021-06-09 14:32:00,NSE:EBIXFOREX,660.1,660.1,660.1,660.1,8.0
2021-06-09 14:34:00,NSE:EBIXFOREX,665.95,665.95,665.95,665.95,35.0
2021-06-09 14:42:00,NSE:EBIXFOREX,667.35,667.35,667.35,667.35,50.0
2021-06-09 14:43:00,NSE:EBIXFOREX,663.65,663.65,663.65,663.65,7.0
2021-06-09 14:44:00,NSE:EBIXFOREX,663.65,663.65,663.0,663.0,18.0
2021-06-09 14:51:00,NSE:EBIXFOREX,664.45,664.45,664.45,664.45,12.0
2021-06-09 14:59:00,NSE:EBIXFOREX,667.5,667.5,667.5,667.5,5.0
2021-06-09 15:04:00,NSE:EBIXFOREX,668.5,668.5,667.0,667.0,93.0
2021-06-09 15:06:00,NSE:EBIXFOREX,660.85,660.85,660.85,660.85,24.0
2021-06-09 15:09:00,NSE:EBIXFOREX,661.0,661.75,661.0,661.75,2.0
2021-06-09 15:10:00,NSE:EBIXFOREX,660.0,660.0,660.0,660.0,18.0
2021-06-09 15:11:00,NSE:EBIXFOREX,660.05,660.05,660.05,660.05,20.0
2021-06-09 15:13:00,NSE:EBIXFOREX,664.95,664.95,664.95,664.95,8.0
2021-06-09 15:17:00,NSE:EBIXFOREX,661.75,661.75,661.75,661.75,20.0
2021-06-09 15:18:00,NSE:EBIXFOREX,660.0,660.0,660.0,660.0,221.0
2021-06-09 15:21:00,NSE:EBIXFOREX,659.95,659.95,659.95,659.95,4.0
2021-06-09 15:22:00,NSE:EBIXFOREX,659.95,659.95,659.95,659.95,1.0
2021-06-09 15:27:00,NSE:EBIXFOREX,667.0,667.0,667.0,667.0,81.0
2021-06-09 15:28:00,NSE:EBIXFOREX,667.0,667.0,667.0,667.0,9.0
2021-06-10 09:19:00,NSE:EBIXFOREX,667.9,667.9,667.25,667.55,27.0
2021-06-10 09:20:00,NSE:EBIXFOREX,651.45,651.45,651.45,651.45,108.0
2021-06-10 09:22:00,NSE:EBIXFOREX,663.0,663.0,663.0,663.0,2.0
2021-06-10 09:26:00,NSE:EBIXFOREX,663.0,663.0,663.0,663.0,10.0
2021-06-10 09:29:00,NSE:EBIXFOREX,656.0,656.0,656.0,656.0,50.0
2021-06-10 09:30:00,NSE:EBIXFOREX,657.05,657.05,657.05,657.05,7.0
2021-06-10 09:37:00,NSE:EBIXFOREX,660.0,660.0,660.0,660.0,2.0
2021-06-10 09:38:00,NSE:EBIXFOREX,660.0,660.0,660.0,660.0,4.0
2021-06-10 09:41:00,NSE:EBIXFOREX,660.0,663.95,660.0,663.95,51.0
2021-06-10 09:54:00,NSE:EBIXFOREX,663.8,663.8,663.8,663.8,2.0
2021-06-10 09:55:00,NSE:EBIXFOREX,663.0,663.0,663.0,663.0,15.0
2021-06-10 09:59:00,NSE:EBIXFOREX,662.3,662.3,662.3,662.3,22.0
2021-06-10 10:04:00,NSE:EBIXFOREX,662.95,662.95,662.95,662.95,1.0
2021-06-10 10:06:00,NSE:EBIXFOREX,663.0,664.85,663.0,664.85,25.0
2021-06-10 10:13:00,NSE:EBIXFOREX,663.0,663.0,663.0,663.0,1.0
2021-06-10 11:10:00,NSE:EBIXFOREX,662.45,667.2,662.0,667.2,71.0
2021-06-10 11:17:00,NSE:EBIXFOREX,663.55,663.55,663.55,663.55,3.0
2021-06-10 11:19:00,NSE:EBIXFOREX,663.2,663.2,661.9,661.9,47.0
2021-06-10 11:39:00,NSE:EBIXFOREX,660.0,660.0,660.0,660.0,35.0
2021-06-10 11:59:00,NSE:EBIXFOREX,662.55,662.55,662.55,662.55,1.0
2021-06-10 12:08:00,NSE:EBIXFOREX,662.55,662.55,662.55,662.55,2.0
2021-06-10 12:09:00,NSE:EBIXFOREX,662.55,662.55,662.55,662.55,8.0
2021-06-10 12:28:00,NSE:EBIXFOREX,664.8,664.8,664.8,664.8,20.0
2021-06-10 12:32:00,NSE:EBIXFOREX,663.1,663.1,663.1,663.1,4.0
2021-06-10 12:37:00,NSE:EBIXFOREX,664.5,664.5,664.5,664.5,10.0
2021-06-10 13:30:00,NSE:EBIXFOREX,663.0,663.0,663.0,663.0,58.0
2021-06-10 13:32:00,NSE:EBIXFOREX,663.65,664.45,663.65,664.45,6.0
2021-06-10 13:58:00,NSE:EBIXFOREX,666.3,666.3,666.3,666.3,10.0
2021-06-10 14:09:00,NSE:EBIXFOREX,665.0,665.0,665.0,665.0,2.0
2021-06-10 14:28:00,NSE:EBIXFOREX,663.5,663.5,663.5,663.5,10.0
2021-06-10 14:56:00,NSE:EBIXFOREX,663.5,663.5,663.5,663.5,50.0
2021-06-10 14:59:00,NSE:EBIXFOREX,663.0,663.0,663.0,663.0,37.0
2021-06-10 15:02:00,NSE:EBIXFOREX,662.5,662.5,662.5,662.5,50.0
2021-06-10 15:07:00,NSE:EBIXFOREX,663.5,663.5,663.5,663.5,5.0
2021-06-10 15:08:00,NSE:EBIXFOREX,662.5,662.5,662.5,662.5,2.0
2021-06-10 15:10:00,NSE:EBIXFOREX,662.5,662.5,662.5,662.5,1.0
2021-06-10 15:11:00,NSE:EBIXFOREX,663.8,663.8,663.8,663.8,6.0
2021-06-10 15:14:00,NSE:EBIXFOREX,665.0,665.0,663.0,663.0,12.0
2021-06-10 15:15:00,NSE:EBIXFOREX,662.5,662.5,660.8,660.8,62.0
2021-06-10 15:16:00,NSE:EBIXFOREX,661.85,661.85,661.85,661.85,2.0
2021-06-10 15:24:00,NSE:EBIXFOREX,661.85,661.85,661.85,661.85,10.0
2021-06-10 15:27:00,NSE:EBIXFOREX,662.0,662.0,660.0,660.0,55.0
2021-06-10 15:28:00,NSE:EBIXFOREX,661.8,661.8,657.2,657.2,10.0
2021-06-10 15:29:00,NSE:EBIXFOREX,662.0,662.0,662.0,662.0,7.0
2021-06-11 09:41:00,NSE:EBIXFOREX,665.55,665.55,664.15,665.55,25.0
2021-06-11 09:45:00,NSE:EBIXFOREX,666.2,666.45,666.2,666.45,17.0
2021-06-11 09:46:00,NSE:EBIXFOREX,666.45,666.45,666.45,666.45,2.0
2021-06-11 09:47:00,NSE:EBIXFOREX,666.4,666.4,666.4,666.4,40.0
2021-06-11 09:49:00,NSE:EBIXFOREX,666.2,666.2,666.2,666.2,1.0
2021-06-11 10:13:00,NSE:EBIXFOREX,661.0,661.0,661.0,661.0,10.0
2021-06-11 10:16:00,NSE:EBIXFOREX,661.0,661.0,661.0,661.0,5.0
2021-06-11 10:33:00,NSE:EBIXFOREX,658.35,658.35,658.35,658.35,23.0
2021-06-11 10:34:00,NSE:EBIXFOREX,658.35,658.35,658.35,658.35,7.0
2021-06-11 10:47:00,NSE:EBIXFOREX,658.35,658.35,658.3,658.35,3.0
2021-06-11 10:50:00,NSE:EBIXFOREX,658.3,658.3,658.3,658.3,2.0
2021-06-11 10:51:00,NSE:EBIXFOREX,658.35,658.35,658.35,658.35,3.0
2021-06-11 10:58:00,NSE:EBIXFOREX,658.35,658.35,658.35,658.35,10.0
2021-06-11 11:04:00,NSE:EBIXFOREX,659.4,659.4,659.4,659.4,7.0
2021-06-11 11:32:00,NSE:EBIXFOREX,659.4,659.4,659.4,659.4,1.0
2021-06-11 11:34:00,NSE:EBIXFOREX,659.1,659.1,659.1,659.1,50.0
2021-06-11 12:04:00,NSE:EBIXFOREX,659.1,659.1,659.1,659.1,20.0
2021-06-11 12:05:00,NSE:EBIXFOREX,658.0,658.0,656.0,656.0,262.0
2021-06-11 12:14:00,NSE:EBIXFOREX,655.0,655.0,655.0,655.0,138.0
2021-06-11 12:15:00,NSE:EBIXFOREX,654.0,654.0,653.0,653.0,35.0
2021-06-11 12:16:00,NSE:EBIXFOREX,652.0,652.0,652.0,652.0,1.0
2021-06-11 12:18:00,NSE:EBIXFOREX,652.0,655.15,652.0,655.15,8.0
2021-06-11 12:19:00,NSE:EBIXFOREX,652.0,652.0,652.0,652.0,68.0
2021-06-11 12:20:00,NSE:EBIXFOREX,651.5,651.5,651.5,651.5,20.0
2021-06-11 12:21:00,NSE:EBIXFOREX,651.0,651.0,651.0,651.0,40.0
2021-06-11 12:22:00,NSE:EBIXFOREX,650.85,650.85,650.85,650.85,1.0
2021-06-11 12:23:00,NSE:EBIXFOREX,650.9,650.9,650.9,650.9,5.0
2021-06-11 12:24:00,NSE:EBIXFOREX,651.0,651.0,651.0,651.0,10.0
2021-06-11 12:25:00,NSE:EBIXFOREX,650.5,650.5,650.5,650.5,5.0
2021-06-11 12:26:00,NSE:EBIXFOREX,650.05,650.05,647.65,647.65,19.0
2021-06-11 12:27:00,NSE:EBIXFOREX,645.0,645.0,644.9,644.9,2.0
2021-06-11 12:29:00,NSE:EBIXFOREX,649.9,649.9,649.9,649.9,10.0
2021-06-11 12:31:00,NSE:EBIXFOREX,650.0,650.0,650.0,650.0,13.0
2021-06-11 12:33:00,NSE:EBIXFOREX,650.0,650.0,650.0,650.0,15.0
2021-06-11 12:42:00,NSE:EBIXFOREX,653.85,653.85,653.85,653.85,1.0
2021-06-11 12:46:00,NSE:EBIXFOREX,652.15,652.15,652.0,652.0,20.0
2021-06-11 12:52:00,NSE:EBIXFOREX,652.0,652.8,652.0,652.8,22.0
2021-06-11 12:54:00,NSE:EBIXFOREX,652.1,652.1,652.1,652.1,3.0
2021-06-11 12:59:00,NSE:EBIXFOREX,653.3,653.3,653.3,653.3,3.0
2021-06-11 13:03:00,NSE:EBIXFOREX,653.0,653.0,653.0,653.0,96.0
2021-06-11 13:05:00,NSE:EBIXFOREX,652.1,652.1,652.1,652.1,7.0
2021-06-11 13:06:00,NSE:EBIXFOREX,652.1,652.1,652.1,652.1,2.0
2021-06-11 13:07:00,NSE:EBIXFOREX,652.0,652.0,652.0,652.0,21.0
2021-06-11 13:08:00,NSE:EBIXFOREX,652.0,652.0,652.0,652.0,25.0
2021-06-11 13:13:00,NSE:EBIXFOREX,650.2,650.2,650.2,650.2,20.0
2021-06-11 13:16:00,NSE:EBIXFOREX,651.0,652.0,651.0,652.0,61.0
2021-06-11 13:17:00,NSE:EBIXFOREX,651.0,651.0,651.0,651.0,16.0
2021-06-11 13:18:00,NSE:EBIXFOREX,651.0,652.0,651.0,652.0,40.0
2021-06-11 13:26:00,NSE:EBIXFOREX,651.95,651.95,651.95,651.95,2.0
2021-06-11 13:27:00,NSE:EBIXFOREX,652.0,652.0,652.0,652.0,8.0
2021-06-11 13:33:00,NSE:EBIXFOREX,652.0,652.0,652.0,652.0,20.0
2021-06-11 13:39:00,NSE:EBIXFOREX,652.0,652.0,652.0,652.0,30.0
2021-06-11 13:42:00,NSE:EBIXFOREX,652.0,652.0,652.0,652.0,126.0
2021-06-11 13:43:00,NSE:EBIXFOREX,651.8,651.8,651.8,651.8,14.0
2021-06-11 13:45:00,NSE:EBIXFOREX,652.0,652.0,652.0,652.0,89.0
2021-06-11 13:46:00,NSE:EBIXFOREX,651.8,651.8,651.8,651.8,3.0
2021-06-11 13:56:00,NSE:EBIXFOREX,652.0,652.0,652.0,652.0,1.0
2021-06-11 13:58:00,NSE:EBIXFOREX,652.0,652.0,652.0,652.0,1.0
2021-06-11 14:14:00,NSE:EBIXFOREX,652.0,652.0,652.0,652.0,10.0
2021-06-11 14:27:00,NSE:EBIXFOREX,652.0,652.0,652.0,652.0,2.0
2021-06-11 14:30:00,NSE:EBIXFOREX,651.9,651.9,651.9,651.9,73.0
2021-06-11 14:31:00,NSE:EBIXFOREX,651.9,651.9,644.95,644.95,114.0
2021-06-11 14:33:00,NSE:EBIXFOREX,648.05,648.05,644.95,645.0,174.0
2021-06-11 14:37:00,NSE:EBIXFOREX,648.6,648.6,648.6,648.6,9.0
2021-06-11 14:41:00,NSE:EBIXFOREX,649.05,649.05,649.05,649.05,20.0
2021-06-11 14:42:00,NSE:EBIXFOREX,652.0,652.0,652.0,652.0,20.0
2021-06-11 14:43:00,NSE:EBIXFOREX,649.0,649.0,649.0,649.0,10.0
2021-06-11 14:45:00,NSE:EBIXFOREX,651.7,651.7,646.0,646.0,108.0
2021-06-11 14:49:00,NSE:EBIXFOREX,652.0,652.0,652.0,652.0,10.0
2021-06-11 14:53:00,NSE:EBIXFOREX,652.0,652.0,652.0,652.0,15.0
2021-06-11 14:58:00,NSE:EBIXFOREX,648.0,648.0,646.05,646.05,55.0
2021-06-11 15:01:00,NSE:EBIXFOREX,646.35,646.35,646.35,646.35,25.0
2021-06-11 15:03:00,NSE:EBIXFOREX,647.9,647.9,647.9,647.9,4.0
2021-06-11 15:05:00,NSE:EBIXFOREX,647.9,647.9,647.9,647.9,1.0
2021-06-11 15:07:00,NSE:EBIXFOREX,648.9,648.9,648.85,648.85,9.0
2021-06-11 15:13:00,NSE:EBIXFOREX,648.8,648.8,648.8,648.8,5.0
2021-06-11 15:19:00,NSE:EBIXFOREX,647.45,647.45,647.45,647.45,10.0
2021-06-11 15:20:00,NSE:EBIXFOREX,648.85,648.85,647.8,647.8,12.0
2021-06-11 15:21:00,NSE:EBIXFOREX,647.8,647.8,647.55,647.55,30.0
2021-06-11 15:23:00,NSE:EBIXFOREX,647.55,647.55,647.55,647.55,4.0
2021-06-11 15:25:00,NSE:EBIXFOREX,647.55,647.55,647.55,647.55,50.0
2021-06-11 15:26:00,NSE:EBIXFOREX,648.95,648.95,646.0,646.0,38.0
2021-06-11 15:27:00,NSE:EBIXFOREX,646.0,646.0,646.0,646.0,30.0
2021-06-11 15:28:00,NSE:EBIXFOREX,646.0,646.0,646.0,646.0,9.0
2021-06-11 15:29:00,NSE:EBIXFOREX,646.0,650.0,646.0,650.0,70.0
2021-06-11 15:54:00,NSE:EBIXFOREX,647.75,647.75,647.75,647.75,1.0
