datetime,symbol,open,high,low,close,volume
2021-02-16 14:57:00,NSE:GAL,2.7,2.75,2.7,2.75,4797.0
2021-02-16 15:00:00,NSE:GAL,2.75,2.75,2.75,2.75,50.0
2021-02-16 15:12:00,NSE:GAL,2.65,2.65,2.65,2.65,450.0
2021-02-16 15:15:00,NSE:GAL,2.7,2.75,2.7,2.75,1659.0
2021-02-17 09:15:00,NSE:GAL,2.75,2.8,2.75,2.75,62.0
2021-02-17 09:18:00,NSE:GAL,2.75,2.75,2.75,2.75,10.0
2021-02-17 09:27:00,NSE:GAL,2.75,2.75,2.75,2.75,100.0
2021-02-17 09:36:00,NSE:GAL,2.75,2.75,2.75,2.75,100.0
2021-02-17 09:39:00,NSE:GAL,2.75,2.75,2.75,2.75,110.0
2021-02-17 09:42:00,NSE:GAL,2.75,2.75,2.75,2.75,110.0
2021-02-17 09:54:00,NSE:GAL,2.75,2.75,2.75,2.75,78.0
2021-02-17 10:12:00,NSE:GAL,2.75,2.75,2.75,2.75,60.0
2021-02-17 10:18:00,NSE:GAL,2.75,2.75,2.75,2.75,16.0
2021-02-17 10:21:00,NSE:GAL,2.75,2.75,2.75,2.75,100.0
2021-02-17 10:27:00,NSE:GAL,2.75,2.75,2.75,2.75,30.0
2021-02-17 10:33:00,NSE:GAL,2.75,2.75,2.75,2.75,250.0
2021-02-17 10:57:00,NSE:GAL,2.75,2.75,2.75,2.75,100.0
2021-02-17 11:00:00,NSE:GAL,2.75,2.75,2.75,2.75,17.0
2021-02-17 11:06:00,NSE:GAL,2.75,2.75,2.75,2.75,1.0
2021-02-17 11:09:00,NSE:GAL,2.75,2.75,2.75,2.75,33.0
2021-02-17 11:12:00,NSE:GAL,2.75,2.75,2.75,2.75,500.0
2021-02-17 11:18:00,NSE:GAL,2.75,2.75,2.75,2.75,385.0
2021-02-17 11:36:00,NSE:GAL,2.6,2.7,2.6,2.7,10050.0
2021-02-17 11:39:00,NSE:GAL,2.7,2.7,2.7,2.7,4.0
2021-02-17 11:51:00,NSE:GAL,2.7,2.7,2.7,2.7,200.0
2021-02-17 12:00:00,NSE:GAL,2.65,2.65,2.65,2.65,3.0
2021-02-17 12:09:00,NSE:GAL,2.65,2.65,2.65,2.65,1.0
2021-02-17 12:21:00,NSE:GAL,2.7,2.7,2.7,2.7,1150.0
2021-02-17 12:36:00,NSE:GAL,2.65,2.65,2.6,2.6,25203.0
2021-02-17 12:39:00,NSE:GAL,2.6,2.6,2.6,2.6,3.0
2021-02-17 12:42:00,NSE:GAL,2.6,2.6,2.6,2.6,2000.0
2021-02-17 12:45:00,NSE:GAL,2.6,2.6,2.6,2.6,5.0
2021-02-17 12:48:00,NSE:GAL,2.6,2.6,2.6,2.6,2000.0
2021-02-17 12:51:00,NSE:GAL,2.6,2.6,2.6,2.6,500.0
2021-02-17 12:57:00,NSE:GAL,2.6,2.6,2.6,2.6,1.0
2021-02-17 13:06:00,NSE:GAL,2.6,2.6,2.6,2.6,885.0
2021-02-17 13:21:00,NSE:GAL,2.6,2.6,2.6,2.6,1000.0
2021-02-17 13:24:00,NSE:GAL,2.6,2.6,2.6,2.6,25.0
2021-02-17 13:27:00,NSE:GAL,2.6,2.6,2.6,2.6,15.0
2021-02-17 13:30:00,NSE:GAL,2.6,2.6,2.6,2.6,500.0
2021-02-17 13:45:00,NSE:GAL,2.6,2.6,2.6,2.6,10.0
2021-02-17 13:57:00,NSE:GAL,2.6,2.6,2.6,2.6,24.0
2021-02-17 14:00:00,NSE:GAL,2.6,2.6,2.6,2.6,200.0
2021-02-17 14:03:00,NSE:GAL,2.6,2.6,2.6,2.6,393.0
2021-02-17 14:06:00,NSE:GAL,2.6,2.6,2.6,2.6,306.0
2021-02-17 14:09:00,NSE:GAL,2.6,2.6,2.6,2.6,2650.0
2021-02-17 14:12:00,NSE:GAL,2.6,2.6,2.6,2.6,198.0
2021-02-17 14:15:00,NSE:GAL,2.6,2.6,2.6,2.6,12.0
2021-02-17 14:18:00,NSE:GAL,2.6,2.6,2.6,2.6,1240.0
2021-02-17 14:21:00,NSE:GAL,2.6,2.6,2.6,2.6,25.0
2021-02-17 14:42:00,NSE:GAL,2.6,2.6,2.6,2.6,50.0
2021-02-17 14:48:00,NSE:GAL,2.6,2.6,2.6,2.6,3800.0
2021-02-17 14:51:00,NSE:GAL,2.6,2.6,2.6,2.6,200.0
2021-02-17 15:03:00,NSE:GAL,2.6,2.6,2.6,2.6,11211.0
2021-02-17 15:06:00,NSE:GAL,2.6,2.65,2.6,2.65,16079.0
2021-02-17 15:12:00,NSE:GAL,2.65,2.75,2.65,2.75,4800.0
2021-02-17 15:15:00,NSE:GAL,2.75,2.8,2.75,2.8,21817.0
2021-02-17 15:18:00,NSE:GAL,2.8,2.8,2.8,2.8,8021.0
2021-02-17 15:24:00,NSE:GAL,2.8,2.8,2.8,2.8,1.0
2021-02-18 09:15:00,NSE:GAL,2.8,2.8,2.8,2.8,1040.0
2021-02-18 09:18:00,NSE:GAL,2.75,2.75,2.75,2.75,9.0
2021-02-18 09:21:00,NSE:GAL,2.75,2.75,2.75,2.75,50.0
2021-02-18 09:33:00,NSE:GAL,2.8,2.8,2.8,2.8,503.0
2021-02-18 09:36:00,NSE:GAL,2.8,2.8,2.8,2.8,90.0
2021-02-18 09:39:00,NSE:GAL,2.8,2.8,2.8,2.8,1.0
2021-02-18 09:51:00,NSE:GAL,2.8,2.8,2.8,2.8,501.0
2021-02-18 10:09:00,NSE:GAL,2.8,2.8,2.8,2.8,2500.0
2021-02-18 11:12:00,NSE:GAL,2.8,2.8,2.8,2.8,60.0
2021-02-18 11:18:00,NSE:GAL,2.8,2.8,2.8,2.8,100.0
2021-02-18 11:24:00,NSE:GAL,2.8,2.8,2.8,2.8,18000.0
2021-02-18 11:30:00,NSE:GAL,2.8,2.8,2.8,2.8,300.0
2021-02-18 11:45:00,NSE:GAL,2.8,2.8,2.8,2.8,25.0
2021-02-18 12:12:00,NSE:GAL,2.8,2.8,2.8,2.8,290.0
2021-02-18 12:42:00,NSE:GAL,2.8,2.8,2.75,2.75,25223.0
2021-02-18 13:09:00,NSE:GAL,2.8,2.8,2.8,2.8,13.0
2021-02-18 13:30:00,NSE:GAL,2.7,2.7,2.65,2.65,14154.0
2021-02-18 13:33:00,NSE:GAL,2.8,2.8,2.8,2.8,1.0
2021-02-18 13:36:00,NSE:GAL,2.6,2.6,2.6,2.6,160.0
2021-02-18 13:48:00,NSE:GAL,2.75,2.75,2.75,2.75,295.0
2021-02-18 13:54:00,NSE:GAL,2.65,2.65,2.65,2.65,500.0
2021-02-18 14:12:00,NSE:GAL,2.75,2.75,2.75,2.75,102.0
2021-02-18 14:39:00,NSE:GAL,2.65,2.65,2.65,2.65,12.0
2021-02-18 14:45:00,NSE:GAL,2.7,2.7,2.7,2.7,50.0
2021-02-18 14:51:00,NSE:GAL,2.75,2.75,2.75,2.75,5.0
2021-02-18 15:00:00,NSE:GAL,2.75,2.75,2.75,2.75,30.0
2021-02-18 15:03:00,NSE:GAL,2.75,2.75,2.75,2.75,1000.0
2021-02-18 15:09:00,NSE:GAL,2.7,2.7,2.7,2.7,2500.0
2021-02-18 15:15:00,NSE:GAL,2.7,2.7,2.7,2.7,158.0
2021-02-18 15:27:00,NSE:GAL,2.65,2.65,2.65,2.65,100.0
2021-02-19 09:06:00,NSE:GAL,2.8,2.8,2.8,2.8,50.0
2021-02-19 09:15:00,NSE:GAL,2.8,2.8,2.75,2.75,11.0
2021-02-19 09:24:00,NSE:GAL,2.8,2.8,2.8,2.8,150.0
2021-02-19 09:27:00,NSE:GAL,2.65,2.8,2.65,2.8,380.0
2021-02-19 09:30:00,NSE:GAL,2.8,2.8,2.8,2.8,2000.0
2021-02-19 09:33:00,NSE:GAL,2.65,2.65,2.65,2.65,1000.0
2021-02-19 09:51:00,NSE:GAL,2.7,2.7,2.7,2.7,14.0
2021-02-19 10:00:00,NSE:GAL,2.7,2.7,2.7,2.7,500.0
2021-02-19 10:06:00,NSE:GAL,2.8,2.8,2.8,2.8,30.0
2021-02-19 10:12:00,NSE:GAL,2.8,2.8,2.8,2.8,500.0
2021-02-19 10:33:00,NSE:GAL,2.8,2.8,2.8,2.8,32.0
2021-02-19 10:39:00,NSE:GAL,2.8,2.8,2.7,2.7,1720.0
2021-02-19 10:45:00,NSE:GAL,2.8,2.8,2.8,2.8,100.0
2021-02-19 10:51:00,NSE:GAL,2.8,2.8,2.75,2.8,425.0
2021-02-19 10:54:00,NSE:GAL,2.75,2.75,2.75,2.75,1375.0
2021-02-19 11:03:00,NSE:GAL,2.8,2.8,2.8,2.8,3.0
2021-02-19 11:12:00,NSE:GAL,2.7,2.7,2.7,2.7,4057.0
2021-02-19 11:18:00,NSE:GAL,2.75,2.75,2.75,2.75,110.0
2021-02-19 11:27:00,NSE:GAL,2.75,2.75,2.75,2.75,400.0
2021-02-19 11:30:00,NSE:GAL,2.7,2.7,2.65,2.65,60.0
2021-02-19 11:42:00,NSE:GAL,2.75,2.75,2.75,2.75,2541.0
2021-02-19 12:03:00,NSE:GAL,2.75,2.75,2.75,2.75,9.0
2021-02-19 12:09:00,NSE:GAL,2.75,2.75,2.75,2.75,100.0
2021-02-19 12:18:00,NSE:GAL,2.75,2.75,2.75,2.75,4.0
2021-02-19 12:21:00,NSE:GAL,2.75,2.75,2.75,2.75,7.0
2021-02-19 12:27:00,NSE:GAL,2.8,2.8,2.8,2.8,1566.0
2021-02-19 12:30:00,NSE:GAL,2.75,2.75,2.75,2.75,20.0
2021-02-19 12:36:00,NSE:GAL,2.8,2.8,2.8,2.8,10.0
2021-02-19 12:51:00,NSE:GAL,2.75,2.75,2.75,2.75,50.0
2021-02-19 12:54:00,NSE:GAL,2.8,2.8,2.8,2.8,50.0
2021-02-19 13:00:00,NSE:GAL,2.75,2.75,2.75,2.75,30.0
2021-02-19 13:24:00,NSE:GAL,2.75,2.75,2.75,2.75,400.0
2021-02-19 13:27:00,NSE:GAL,2.8,2.8,2.75,2.75,264.0
2021-02-19 13:36:00,NSE:GAL,2.75,2.75,2.75,2.75,2.0
2021-02-19 13:42:00,NSE:GAL,2.75,2.75,2.75,2.75,341.0
2021-02-19 14:00:00,NSE:GAL,2.75,2.75,2.75,2.75,60.0
2021-02-19 14:06:00,NSE:GAL,2.75,2.75,2.6,2.6,101005.0
2021-02-19 14:12:00,NSE:GAL,2.6,2.6,2.6,2.6,800.0
2021-02-19 14:15:00,NSE:GAL,2.6,2.6,2.6,2.6,3000.0
2021-02-19 14:27:00,NSE:GAL,2.6,2.6,2.6,2.6,766.0
2021-02-19 14:30:00,NSE:GAL,2.6,2.6,2.6,2.6,20.0
2021-02-19 14:36:00,NSE:GAL,2.6,2.6,2.6,2.6,1000.0
2021-02-19 14:39:00,NSE:GAL,2.6,2.6,2.6,2.6,1300.0
2021-02-19 14:42:00,NSE:GAL,2.6,2.6,2.6,2.6,1700.0
2021-02-19 14:51:00,NSE:GAL,2.6,2.6,2.6,2.6,1.0
2021-02-19 14:54:00,NSE:GAL,2.6,2.6,2.6,2.6,280.0
2021-02-19 14:57:00,NSE:GAL,2.6,2.6,2.6,2.6,808.0
2021-02-19 15:06:00,NSE:GAL,2.6,2.6,2.6,2.6,3000.0
2021-02-19 15:12:00,NSE:GAL,2.6,2.6,2.6,2.6,500.0
2021-02-19 15:24:00,NSE:GAL,2.6,2.6,2.6,2.6,5.0
2021-02-19 15:27:00,NSE:GAL,2.6,2.6,2.6,2.6,501.0
2021-02-22 09:06:00,NSE:GAL,2.5,2.5,2.5,2.5,689.0
2021-02-22 09:15:00,NSE:GAL,2.6,2.6,2.6,2.6,51.0
2021-02-22 09:18:00,NSE:GAL,2.5,2.5,2.5,2.5,78.0
2021-02-22 09:21:00,NSE:GAL,2.6,2.6,2.6,2.6,290.0
2021-02-22 09:33:00,NSE:GAL,2.55,2.55,2.55,2.55,4880.0
2021-02-22 09:39:00,NSE:GAL,2.6,2.6,2.6,2.6,508.0
2021-02-22 09:42:00,NSE:GAL,2.55,2.55,2.55,2.55,11.0
2021-02-22 09:45:00,NSE:GAL,2.55,2.55,2.55,2.55,20.0
2021-02-22 09:51:00,NSE:GAL,2.55,2.55,2.55,2.55,50.0
2021-02-22 09:54:00,NSE:GAL,2.6,2.6,2.6,2.6,1000.0
2021-02-22 10:06:00,NSE:GAL,2.55,2.55,2.55,2.55,5000.0
2021-02-22 10:12:00,NSE:GAL,2.6,2.6,2.6,2.6,1000.0
2021-02-22 10:18:00,NSE:GAL,2.6,2.6,2.6,2.6,500.0
2021-02-22 10:21:00,NSE:GAL,2.6,2.6,2.6,2.6,20.0
2021-02-22 10:30:00,NSE:GAL,2.6,2.6,2.6,2.6,172.0
2021-02-22 10:33:00,NSE:GAL,2.55,2.55,2.55,2.55,4000.0
2021-02-22 10:54:00,NSE:GAL,2.6,2.6,2.6,2.6,1.0
2021-02-22 11:12:00,NSE:GAL,2.55,2.55,2.55,2.55,1500.0
2021-02-22 11:33:00,NSE:GAL,2.55,2.55,2.55,2.55,95.0
2021-02-22 11:36:00,NSE:GAL,2.6,2.6,2.55,2.55,74.0
2021-02-22 11:45:00,NSE:GAL,2.55,2.55,2.55,2.55,389.0
2021-02-22 11:48:00,NSE:GAL,2.55,2.55,2.55,2.55,1890.0
2021-02-22 12:15:00,NSE:GAL,2.55,2.55,2.55,2.55,4.0
2021-02-22 12:36:00,NSE:GAL,2.55,2.55,2.55,2.55,201.0
2021-02-22 12:45:00,NSE:GAL,2.55,2.55,2.55,2.55,325.0
2021-02-22 13:03:00,NSE:GAL,2.6,2.6,2.6,2.6,436.0
2021-02-22 13:54:00,NSE:GAL,2.6,2.6,2.6,2.6,16077.0
2021-02-22 14:00:00,NSE:GAL,2.5,2.5,2.5,2.5,12842.0
2021-02-22 14:24:00,NSE:GAL,2.6,2.6,2.6,2.6,1000.0
2021-02-22 14:27:00,NSE:GAL,2.6,2.6,2.6,2.6,14.0
2021-02-22 14:30:00,NSE:GAL,2.6,2.6,2.6,2.6,200.0
2021-02-22 14:33:00,NSE:GAL,2.6,2.6,2.6,2.6,32.0
2021-02-22 14:36:00,NSE:GAL,2.5,2.5,2.5,2.5,150.0
2021-02-22 14:42:00,NSE:GAL,2.55,2.55,2.55,2.55,2158.0
2021-02-22 14:45:00,NSE:GAL,2.55,2.55,2.55,2.55,545.0
2021-02-22 14:54:00,NSE:GAL,2.65,2.65,2.65,2.65,500.0
2021-02-22 14:57:00,NSE:GAL,2.6,2.6,2.55,2.55,2962.0
2021-02-22 15:03:00,NSE:GAL,2.55,2.65,2.55,2.65,512.0
2021-02-22 15:09:00,NSE:GAL,2.65,2.65,2.65,2.65,200.0
2021-02-22 15:12:00,NSE:GAL,2.5,2.5,2.5,2.5,3100.0
2021-02-22 15:15:00,NSE:GAL,2.65,2.65,2.65,2.65,1.0
2021-02-22 15:21:00,NSE:GAL,2.5,2.65,2.5,2.65,15001.0
2021-02-23 09:06:00,NSE:GAL,2.55,2.55,2.55,2.55,5.0
2021-02-23 09:15:00,NSE:GAL,2.55,2.55,2.55,2.55,620.0
2021-02-23 09:21:00,NSE:GAL,2.55,2.55,2.55,2.55,50.0
2021-02-23 09:24:00,NSE:GAL,2.55,2.55,2.5,2.55,21.0
2021-02-23 09:36:00,NSE:GAL,2.55,2.55,2.55,2.55,498.0
2021-02-23 09:54:00,NSE:GAL,2.45,2.45,2.45,2.45,21.0
2021-02-23 10:00:00,NSE:GAL,2.55,2.55,2.55,2.55,3590.0
2021-02-23 10:03:00,NSE:GAL,2.55,2.55,2.55,2.55,3.0
2021-02-23 10:09:00,NSE:GAL,2.5,2.5,2.5,2.5,3.0
2021-02-23 10:18:00,NSE:GAL,2.5,2.5,2.5,2.5,600.0
2021-02-23 10:30:00,NSE:GAL,2.6,2.6,2.6,2.6,220.0
2021-02-23 11:00:00,NSE:GAL,2.6,2.6,2.6,2.6,120.0
2021-02-23 11:15:00,NSE:GAL,2.6,2.6,2.6,2.6,100.0
2021-02-23 11:48:00,NSE:GAL,2.6,2.6,2.6,2.6,10.0
2021-02-23 11:54:00,NSE:GAL,2.55,2.55,2.55,2.55,2.0
2021-02-23 12:03:00,NSE:GAL,2.55,2.6,2.5,2.6,5500.0
2021-02-23 12:18:00,NSE:GAL,2.6,2.6,2.6,2.6,115.0
2021-02-23 12:42:00,NSE:GAL,2.6,2.6,2.5,2.5,2600.0
2021-02-23 13:03:00,NSE:GAL,2.6,2.6,2.6,2.6,2478.0
2021-02-23 13:06:00,NSE:GAL,2.5,2.6,2.5,2.6,2578.0
2021-02-23 13:15:00,NSE:GAL,2.55,2.55,2.55,2.55,20.0
2021-02-23 13:45:00,NSE:GAL,2.55,2.55,2.5,2.5,2510.0
2021-02-23 13:48:00,NSE:GAL,2.6,2.6,2.6,2.6,2377.0
2021-02-23 13:51:00,NSE:GAL,2.5,2.5,2.5,2.5,35.0
2021-02-23 13:54:00,NSE:GAL,2.5,2.5,2.5,2.5,2377.0
2021-02-23 14:03:00,NSE:GAL,2.6,2.6,2.6,2.6,2.0
2021-02-23 14:15:00,NSE:GAL,2.6,2.6,2.6,2.6,2.0
2021-02-23 14:24:00,NSE:GAL,2.6,2.6,2.6,2.6,101.0
2021-02-23 14:36:00,NSE:GAL,2.6,2.6,2.5,2.5,10.0
2021-02-23 14:48:00,NSE:GAL,2.6,2.6,2.6,2.6,100.0
2021-02-23 14:51:00,NSE:GAL,2.6,2.6,2.6,2.6,230.0
2021-02-23 14:54:00,NSE:GAL,2.6,2.6,2.6,2.6,188.0
2021-02-23 15:00:00,NSE:GAL,2.6,2.6,2.6,2.6,30.0
2021-02-23 15:18:00,NSE:GAL,2.6,2.6,2.55,2.6,137.0
2021-02-23 15:24:00,NSE:GAL,2.6,2.6,2.6,2.6,1701.0
2021-02-24 09:18:00,NSE:GAL,2.7,2.7,2.65,2.65,209.0
2021-02-24 09:24:00,NSE:GAL,2.65,2.65,2.65,2.65,100.0
2021-02-24 09:33:00,NSE:GAL,2.65,2.65,2.65,2.65,5.0
2021-02-24 09:48:00,NSE:GAL,2.65,2.65,2.65,2.65,47.0
2021-02-24 09:51:00,NSE:GAL,2.65,2.65,2.65,2.65,510.0
2021-02-24 09:57:00,NSE:GAL,2.55,2.6,2.55,2.6,790.0
2021-02-24 10:12:00,NSE:GAL,2.6,2.6,2.6,2.6,290.0
2021-02-24 10:27:00,NSE:GAL,2.6,2.6,2.6,2.6,100.0
2021-02-24 10:30:00,NSE:GAL,2.6,2.6,2.6,2.6,300.0
2021-02-24 10:45:00,NSE:GAL,2.6,2.6,2.6,2.6,50.0
2021-02-24 10:48:00,NSE:GAL,2.6,2.6,2.6,2.6,1.0
2021-02-24 10:51:00,NSE:GAL,2.55,2.55,2.55,2.55,2982.0
2021-02-24 11:06:00,NSE:GAL,2.5,2.5,2.5,2.5,70.0
2021-02-24 11:18:00,NSE:GAL,2.55,2.55,2.55,2.55,500.0
2021-02-24 11:30:00,NSE:GAL,2.55,2.55,2.55,2.55,2000.0
2021-02-24 11:36:00,NSE:GAL,2.55,2.55,2.55,2.55,1.0
2021-02-24 15:48:00,NSE:GAL,2.6,2.6,2.6,2.6,219.0
2021-02-24 15:57:00,NSE:GAL,2.6,2.6,2.6,2.6,433.0
2021-02-24 16:00:00,NSE:GAL,2.7,2.7,2.65,2.65,10200.0
2021-02-24 16:21:00,NSE:GAL,2.7,2.7,2.7,2.7,9.0
2021-02-24 16:27:00,NSE:GAL,2.7,2.7,2.7,2.7,529.0
2021-02-24 16:39:00,NSE:GAL,2.7,2.7,2.7,2.7,35.0
2021-02-24 16:42:00,NSE:GAL,2.7,2.7,2.7,2.7,62.0
2021-02-24 16:48:00,NSE:GAL,2.7,2.7,2.7,2.7,10.0
2021-02-24 16:51:00,NSE:GAL,2.65,2.7,2.5,2.5,76711.0
2021-02-24 16:54:00,NSE:GAL,2.7,2.7,2.7,2.7,7600.0
2021-02-24 16:57:00,NSE:GAL,2.7,2.7,2.7,2.7,16.0
2021-02-25 09:15:00,NSE:GAL,2.55,2.6,2.55,2.55,1000.0
2021-02-25 09:30:00,NSE:GAL,2.65,2.65,2.65,2.65,25.0
2021-02-25 09:33:00,NSE:GAL,2.65,2.65,2.65,2.65,1.0
2021-02-25 09:36:00,NSE:GAL,2.65,2.65,2.6,2.65,5.0
2021-02-25 09:39:00,NSE:GAL,2.65,2.65,2.65,2.65,1000.0
2021-02-25 09:42:00,NSE:GAL,2.55,2.55,2.55,2.55,25000.0
2021-02-25 09:45:00,NSE:GAL,2.65,2.65,2.55,2.55,200.0
2021-02-25 09:48:00,NSE:GAL,2.6,2.6,2.6,2.6,100.0
2021-02-25 09:51:00,NSE:GAL,2.6,2.6,2.6,2.6,21.0
2021-02-25 09:54:00,NSE:GAL,2.6,2.6,2.6,2.6,385.0
2021-02-25 09:57:00,NSE:GAL,2.6,2.6,2.55,2.6,1127.0
2021-02-25 10:09:00,NSE:GAL,2.6,2.6,2.6,2.6,25.0
2021-02-25 10:21:00,NSE:GAL,2.6,2.6,2.6,2.6,3926.0
2021-02-25 10:24:00,NSE:GAL,2.65,2.65,2.65,2.65,14864.0
2021-02-25 10:27:00,NSE:GAL,2.65,2.65,2.65,2.65,1000.0
2021-02-25 10:33:00,NSE:GAL,2.65,2.65,2.65,2.65,10.0
2021-02-25 10:36:00,NSE:GAL,2.65,2.65,2.65,2.65,35.0
2021-02-25 11:12:00,NSE:GAL,2.65,2.65,2.65,2.65,500.0
2021-02-25 11:18:00,NSE:GAL,2.65,2.65,2.65,2.65,500.0
2021-02-25 11:30:00,NSE:GAL,2.65,2.65,2.65,2.65,2100.0
2021-02-25 11:33:00,NSE:GAL,2.65,2.65,2.65,2.65,5.0
2021-02-25 11:45:00,NSE:GAL,2.65,2.65,2.65,2.65,100.0
2021-02-25 11:54:00,NSE:GAL,2.65,2.65,2.65,2.65,1.0
2021-02-25 12:18:00,NSE:GAL,2.65,2.65,2.65,2.65,604.0
2021-02-25 12:51:00,NSE:GAL,2.65,2.65,2.65,2.65,991.0
2021-02-25 13:21:00,NSE:GAL,2.65,2.65,2.65,2.65,7493.0
2021-02-25 13:27:00,NSE:GAL,2.65,2.65,2.65,2.65,6813.0
2021-02-25 13:33:00,NSE:GAL,2.65,2.65,2.65,2.65,3346.0
2021-02-25 13:36:00,NSE:GAL,2.65,2.65,2.65,2.65,65.0
2021-02-25 13:39:00,NSE:GAL,2.6,2.65,2.6,2.65,1673.0
2021-02-25 13:45:00,NSE:GAL,2.65,2.65,2.65,2.65,15.0
2021-02-25 13:54:00,NSE:GAL,2.65,2.65,2.65,2.65,50.0
2021-02-25 14:06:00,NSE:GAL,2.65,2.65,2.65,2.65,1.0
2021-02-25 14:15:00,NSE:GAL,2.65,2.65,2.65,2.65,4.0
2021-02-25 14:18:00,NSE:GAL,2.65,2.65,2.65,2.65,114.0
2021-02-25 14:21:00,NSE:GAL,2.6,2.6,2.6,2.6,18710.0
2021-02-25 14:24:00,NSE:GAL,2.6,2.6,2.55,2.55,53088.0
2021-02-25 14:27:00,NSE:GAL,2.55,2.6,2.55,2.55,13133.0
2021-02-25 14:30:00,NSE:GAL,2.55,2.6,2.55,2.6,3.0
2021-02-25 14:33:00,NSE:GAL,2.6,2.6,2.6,2.6,10000.0
2021-02-25 14:39:00,NSE:GAL,2.55,2.6,2.55,2.6,414.0
2021-02-25 14:42:00,NSE:GAL,2.55,2.55,2.55,2.55,10.0
2021-02-25 14:45:00,NSE:GAL,2.6,2.6,2.6,2.6,500.0
2021-02-25 15:03:00,NSE:GAL,2.55,2.55,2.45,2.45,45534.0
2021-02-25 15:06:00,NSE:GAL,2.6,2.6,2.6,2.6,2.0
2021-02-25 15:09:00,NSE:GAL,2.6,2.6,2.6,2.6,800.0
2021-02-25 15:12:00,NSE:GAL,2.55,2.55,2.55,2.55,11165.0
2021-02-25 15:15:00,NSE:GAL,2.6,2.6,2.6,2.6,7.0
2021-02-25 15:21:00,NSE:GAL,2.5,2.5,2.5,2.5,106.0
2021-02-25 15:24:00,NSE:GAL,2.5,2.5,2.5,2.5,17.0
2021-02-25 15:27:00,NSE:GAL,2.5,2.6,2.5,2.6,239.0
2021-02-25 15:39:00,NSE:GAL,2.5,2.5,2.5,2.5,29.0
2021-02-25 15:48:00,NSE:GAL,2.5,2.5,2.5,2.5,50.0
2021-02-26 09:15:00,NSE:GAL,2.5,2.5,2.5,2.5,1500.0
2021-02-26 09:27:00,NSE:GAL,2.5,2.5,2.5,2.5,500.0
2021-02-26 09:30:00,NSE:GAL,2.6,2.6,2.6,2.6,25.0
2021-02-26 09:33:00,NSE:GAL,2.6,2.6,2.6,2.6,2115.0
2021-02-26 09:39:00,NSE:GAL,2.6,2.6,2.4,2.4,60519.0
2021-02-26 09:42:00,NSE:GAL,2.55,2.55,2.55,2.55,1025.0
2021-02-26 09:45:00,NSE:GAL,2.55,2.55,2.5,2.5,2600.0
2021-02-26 09:48:00,NSE:GAL,2.5,2.5,2.5,2.5,2502.0
2021-02-26 09:51:00,NSE:GAL,2.55,2.55,2.55,2.55,1650.0
2021-02-26 09:54:00,NSE:GAL,2.55,2.55,2.55,2.55,700.0
2021-02-26 10:00:00,NSE:GAL,2.55,2.55,2.55,2.55,1.0
2021-02-26 10:03:00,NSE:GAL,2.4,2.4,2.4,2.4,45000.0
2021-02-26 10:09:00,NSE:GAL,2.5,2.5,2.5,2.5,50.0
2021-02-26 10:12:00,NSE:GAL,2.5,2.5,2.5,2.5,36.0
2021-02-26 10:24:00,NSE:GAL,2.5,2.5,2.5,2.5,50.0
2021-02-26 10:30:00,NSE:GAL,2.5,2.5,2.5,2.5,300.0
2021-02-26 10:33:00,NSE:GAL,2.45,2.45,2.45,2.45,19.0
2021-02-26 10:39:00,NSE:GAL,2.45,2.45,2.45,2.45,581.0
2021-02-26 10:42:00,NSE:GAL,2.4,2.4,2.4,2.4,31319.0
2021-02-26 10:45:00,NSE:GAL,2.45,2.45,2.45,2.45,100.0
2021-02-26 10:57:00,NSE:GAL,2.45,2.45,2.45,2.45,1000.0
2021-02-26 11:00:00,NSE:GAL,2.45,2.45,2.45,2.45,3003.0
2021-02-26 11:09:00,NSE:GAL,2.45,2.45,2.45,2.45,1550.0
2021-02-26 11:15:00,NSE:GAL,2.45,2.45,2.45,2.45,9447.0
2021-02-26 11:18:00,NSE:GAL,2.4,2.4,2.4,2.4,1000.0
2021-02-26 11:21:00,NSE:GAL,2.4,2.4,2.4,2.4,9.0
2021-02-26 11:24:00,NSE:GAL,2.5,2.5,2.5,2.5,20.0
2021-02-26 11:27:00,NSE:GAL,2.5,2.5,2.5,2.5,1000.0
2021-02-26 11:36:00,NSE:GAL,2.4,2.4,2.4,2.4,22510.0
2021-02-26 11:42:00,NSE:GAL,2.4,2.45,2.4,2.45,2690.0
2021-02-26 12:00:00,NSE:GAL,2.45,2.45,2.45,2.45,200.0
2021-02-26 12:03:00,NSE:GAL,2.4,2.4,2.4,2.4,1000.0
2021-02-26 12:06:00,NSE:GAL,2.45,2.45,2.45,2.45,14.0
2021-02-26 12:09:00,NSE:GAL,2.45,2.45,2.45,2.45,95.0
2021-02-26 12:21:00,NSE:GAL,2.45,2.45,2.45,2.45,55.0
2021-02-26 12:24:00,NSE:GAL,2.45,2.45,2.45,2.45,10.0
2021-02-26 12:42:00,NSE:GAL,2.45,2.45,2.45,2.45,2000.0
2021-02-26 12:48:00,NSE:GAL,2.45,2.45,2.45,2.45,6634.0
2021-02-26 12:51:00,NSE:GAL,2.45,2.45,2.45,2.45,2000.0
2021-02-26 12:57:00,NSE:GAL,2.45,2.45,2.45,2.45,1000.0
2021-02-26 13:00:00,NSE:GAL,2.45,2.45,2.45,2.45,1000.0
2021-02-26 13:03:00,NSE:GAL,2.45,2.45,2.45,2.45,454.0
2021-02-26 13:09:00,NSE:GAL,2.45,2.45,2.45,2.45,3715.0
2021-02-26 13:24:00,NSE:GAL,2.45,2.45,2.45,2.45,80.0
2021-02-26 13:30:00,NSE:GAL,2.45,2.45,2.45,2.45,1.0
2021-02-26 13:45:00,NSE:GAL,2.45,2.45,2.45,2.45,20.0
2021-02-26 13:48:00,NSE:GAL,2.45,2.45,2.45,2.45,10.0
2021-02-26 13:51:00,NSE:GAL,2.45,2.45,2.45,2.45,10.0
2021-02-26 13:57:00,NSE:GAL,2.45,2.45,2.45,2.45,5.0
2021-02-26 14:21:00,NSE:GAL,2.45,2.45,2.45,2.45,10.0
2021-02-26 14:24:00,NSE:GAL,2.45,2.45,2.45,2.45,5.0
2021-02-26 14:45:00,NSE:GAL,2.45,2.45,2.45,2.45,50.0
2021-02-26 14:48:00,NSE:GAL,2.45,2.45,2.45,2.45,1000.0
2021-02-26 14:51:00,NSE:GAL,2.45,2.45,2.45,2.45,2000.0
2021-02-26 14:57:00,NSE:GAL,2.45,2.45,2.45,2.45,100.0
2021-02-26 15:00:00,NSE:GAL,2.4,2.4,2.4,2.4,1.0
2021-02-26 15:03:00,NSE:GAL,2.45,2.45,2.45,2.45,146.0
2021-02-26 15:12:00,NSE:GAL,2.45,2.45,2.45,2.45,1033.0
2021-02-26 15:15:00,NSE:GAL,2.45,2.45,2.45,2.45,400.0
2021-02-26 15:21:00,NSE:GAL,2.45,2.45,2.4,2.4,12214.0
2021-02-26 15:24:00,NSE:GAL,2.4,2.4,2.4,2.4,9.0
2021-02-26 15:27:00,NSE:GAL,2.45,2.45,2.45,2.45,1025.0
2021-03-01 09:06:00,NSE:GAL,2.45,2.45,2.45,2.45,30.0
2021-03-01 09:15:00,NSE:GAL,2.45,2.45,2.45,2.45,316.0
2021-03-01 09:21:00,NSE:GAL,2.45,2.45,2.45,2.45,15.0
2021-03-01 09:24:00,NSE:GAL,2.5,2.5,2.5,2.5,100.0
2021-03-01 09:27:00,NSE:GAL,2.5,2.5,2.5,2.5,89.0
2021-03-01 09:30:00,NSE:GAL,2.5,2.5,2.5,2.5,1400.0
2021-03-01 09:33:00,NSE:GAL,2.5,2.5,2.5,2.5,1000.0
2021-03-01 09:39:00,NSE:GAL,2.5,2.5,2.5,2.5,7.0
2021-03-01 09:42:00,NSE:GAL,2.45,2.45,2.45,2.45,831.0
2021-03-01 09:54:00,NSE:GAL,2.5,2.5,2.5,2.5,50.0
2021-03-01 10:09:00,NSE:GAL,2.5,2.5,2.4,2.4,5920.0
2021-03-01 10:12:00,NSE:GAL,2.5,2.5,2.4,2.4,50078.0
2021-03-01 10:15:00,NSE:GAL,2.4,2.4,2.4,2.4,3.0
2021-03-01 10:21:00,NSE:GAL,2.45,2.45,2.45,2.45,5.0
2021-03-01 10:24:00,NSE:GAL,2.4,2.4,2.4,2.4,1.0
2021-03-01 10:27:00,NSE:GAL,2.45,2.45,2.45,2.45,500.0
2021-03-01 10:30:00,NSE:GAL,2.45,2.45,2.45,2.45,581.0
2021-03-01 10:33:00,NSE:GAL,2.45,2.45,2.45,2.45,150.0
2021-03-01 10:36:00,NSE:GAL,2.45,2.45,2.45,2.45,1.0
2021-03-01 10:39:00,NSE:GAL,2.4,2.4,2.4,2.4,93.0
2021-03-01 10:45:00,NSE:GAL,2.45,2.45,2.45,2.45,2.0
2021-03-01 10:51:00,NSE:GAL,2.45,2.45,2.45,2.45,203.0
2021-03-01 10:54:00,NSE:GAL,2.45,2.45,2.45,2.45,2.0
2021-03-01 11:03:00,NSE:GAL,2.45,2.45,2.45,2.45,1.0
2021-03-01 11:09:00,NSE:GAL,2.45,2.45,2.45,2.45,20.0
2021-03-01 11:18:00,NSE:GAL,2.45,2.45,2.4,2.4,110.0
2021-03-01 11:33:00,NSE:GAL,2.4,2.4,2.4,2.4,30.0
2021-03-01 11:45:00,NSE:GAL,2.4,2.4,2.4,2.4,1.0
2021-03-01 11:48:00,NSE:GAL,2.4,2.4,2.4,2.4,4.0
2021-03-01 12:12:00,NSE:GAL,2.45,2.45,2.45,2.45,2100.0
2021-03-01 12:21:00,NSE:GAL,2.45,2.45,2.45,2.45,500.0
2021-03-01 12:24:00,NSE:GAL,2.45,2.45,2.45,2.45,1.0
2021-03-01 12:27:00,NSE:GAL,2.45,2.45,2.45,2.45,2.0
2021-03-01 12:42:00,NSE:GAL,2.45,2.45,2.45,2.45,5.0
2021-03-01 12:51:00,NSE:GAL,2.45,2.45,2.45,2.45,1.0
2021-03-01 12:54:00,NSE:GAL,2.45,2.45,2.45,2.45,18.0
2021-03-01 12:57:00,NSE:GAL,2.45,2.45,2.45,2.45,110.0
2021-03-01 13:00:00,NSE:GAL,2.45,2.45,2.45,2.45,473.0
2021-03-01 13:06:00,NSE:GAL,2.45,2.45,2.45,2.45,25.0
2021-03-01 13:12:00,NSE:GAL,2.4,2.4,2.4,2.4,250.0
2021-03-01 13:27:00,NSE:GAL,2.4,2.4,2.4,2.4,4.0
2021-03-01 13:39:00,NSE:GAL,2.4,2.4,2.4,2.4,15.0
2021-03-01 13:42:00,NSE:GAL,2.4,2.45,2.4,2.45,101.0
2021-03-01 13:51:00,NSE:GAL,2.5,2.5,2.5,2.5,630.0
2021-03-01 13:54:00,NSE:GAL,2.5,2.5,2.5,2.5,2.0
2021-03-01 14:00:00,NSE:GAL,2.5,2.5,2.5,2.5,8.0
2021-03-01 14:03:00,NSE:GAL,2.4,2.4,2.4,2.4,250.0
2021-03-01 14:12:00,NSE:GAL,2.4,2.4,2.4,2.4,8.0
2021-03-01 14:18:00,NSE:GAL,2.5,2.5,2.5,2.5,15.0
2021-03-01 14:21:00,NSE:GAL,2.5,2.5,2.5,2.5,3014.0
2021-03-01 14:24:00,NSE:GAL,2.4,2.4,2.4,2.4,1.0
2021-03-01 14:27:00,NSE:GAL,2.5,2.5,2.5,2.5,2.0
2021-03-01 14:30:00,NSE:GAL,2.4,2.4,2.4,2.4,15440.0
2021-03-01 14:33:00,NSE:GAL,2.4,2.5,2.4,2.5,1003.0
2021-03-01 14:36:00,NSE:GAL,2.4,2.45,2.4,2.45,7612.0
2021-03-01 14:39:00,NSE:GAL,2.45,2.45,2.45,2.45,500.0
2021-03-01 14:42:00,NSE:GAL,2.45,2.45,2.45,2.45,10.0
2021-03-01 14:45:00,NSE:GAL,2.45,2.45,2.45,2.45,4.0
2021-03-01 14:48:00,NSE:GAL,2.35,2.35,2.35,2.35,20.0
2021-03-01 14:51:00,NSE:GAL,2.35,2.45,2.35,2.45,6.0
2021-03-01 15:00:00,NSE:GAL,2.45,2.45,2.45,2.45,400.0
2021-03-01 15:03:00,NSE:GAL,2.45,2.45,2.45,2.45,98.0
2021-03-01 15:18:00,NSE:GAL,2.45,2.45,2.45,2.45,1537.0
2021-03-01 15:21:00,NSE:GAL,2.45,2.45,2.45,2.45,5000.0
2021-03-01 15:24:00,NSE:GAL,2.5,2.5,2.5,2.5,500.0
2021-03-01 15:27:00,NSE:GAL,2.4,2.4,2.4,2.4,62.0
2021-03-02 09:15:00,NSE:GAL,2.5,2.5,2.5,2.5,50.0
2021-03-02 09:18:00,NSE:GAL,2.45,2.5,2.45,2.5,3175.0
2021-03-02 09:21:00,NSE:GAL,2.5,2.5,2.5,2.5,150.0
2021-03-02 09:27:00,NSE:GAL,2.5,2.5,2.5,2.5,175.0
2021-03-02 09:30:00,NSE:GAL,2.55,2.55,2.55,2.55,1010.0
2021-03-02 09:39:00,NSE:GAL,2.55,2.55,2.55,2.55,2000.0
2021-03-02 09:42:00,NSE:GAL,2.5,2.5,2.5,2.5,4860.0
2021-03-02 10:00:00,NSE:GAL,2.45,2.45,2.45,2.45,25.0
2021-03-02 10:03:00,NSE:GAL,2.45,2.5,2.45,2.5,105.0
2021-03-02 10:09:00,NSE:GAL,2.45,2.45,2.45,2.45,10.0
2021-03-02 10:12:00,NSE:GAL,2.5,2.5,2.5,2.5,800.0
2021-03-02 10:18:00,NSE:GAL,2.45,2.45,2.45,2.45,749.0
2021-03-02 10:24:00,NSE:GAL,2.5,2.5,2.5,2.5,100.0
2021-03-02 10:51:00,NSE:GAL,2.45,2.45,2.45,2.45,10.0
2021-03-02 10:54:00,NSE:GAL,2.5,2.5,2.5,2.5,1.0
2021-03-02 11:09:00,NSE:GAL,2.45,2.5,2.45,2.5,2156.0
2021-03-02 11:27:00,NSE:GAL,2.4,2.4,2.4,2.4,500.0
2021-03-02 11:36:00,NSE:GAL,2.4,2.4,2.4,2.4,40.0
2021-03-02 11:45:00,NSE:GAL,2.4,2.4,2.4,2.4,15.0
2021-03-02 11:57:00,NSE:GAL,2.5,2.5,2.5,2.5,341.0
2021-03-02 12:06:00,NSE:GAL,2.45,2.45,2.45,2.45,99.0
2021-03-02 12:21:00,NSE:GAL,2.5,2.5,2.5,2.5,700.0
2021-03-02 12:24:00,NSE:GAL,2.5,2.5,2.5,2.5,500.0
2021-03-02 12:36:00,NSE:GAL,2.5,2.5,2.5,2.5,1.0
2021-03-02 13:06:00,NSE:GAL,2.5,2.5,2.4,2.4,700.0
2021-03-02 13:09:00,NSE:GAL,2.5,2.5,2.5,2.5,1.0
2021-03-02 13:21:00,NSE:GAL,2.4,2.5,2.4,2.5,102.0
2021-03-02 13:57:00,NSE:GAL,2.5,2.5,2.5,2.5,150.0
2021-03-02 14:03:00,NSE:GAL,2.5,2.5,2.5,2.5,49.0
2021-03-02 14:06:00,NSE:GAL,2.4,2.4,2.4,2.4,385.0
2021-03-02 14:09:00,NSE:GAL,2.4,2.4,2.4,2.4,15.0
2021-03-02 14:18:00,NSE:GAL,2.4,2.4,2.4,2.4,1.0
2021-03-02 14:36:00,NSE:GAL,2.5,2.5,2.5,2.5,50.0
2021-03-02 14:45:00,NSE:GAL,2.5,2.5,2.5,2.5,1.0
2021-03-02 14:54:00,NSE:GAL,2.35,2.35,2.35,2.35,25000.0
2021-03-02 14:57:00,NSE:GAL,2.4,2.4,2.4,2.4,10000.0
2021-03-02 15:03:00,NSE:GAL,2.4,2.4,2.4,2.4,41.0
2021-03-02 15:06:00,NSE:GAL,2.4,2.4,2.4,2.4,95.0
2021-03-02 15:09:00,NSE:GAL,2.45,2.45,2.45,2.45,1000.0
2021-03-02 15:12:00,NSE:GAL,2.4,2.45,2.4,2.45,646.0
2021-03-02 15:18:00,NSE:GAL,2.45,2.45,2.45,2.45,70.0
2021-03-02 15:27:00,NSE:GAL,2.45,2.45,2.45,2.45,11.0
2021-03-03 09:06:00,NSE:GAL,2.5,2.5,2.5,2.5,10.0
2021-03-03 09:18:00,NSE:GAL,2.5,2.5,2.5,2.5,112.0
2021-03-03 09:21:00,NSE:GAL,2.4,2.5,2.4,2.5,106.0
2021-03-03 09:33:00,NSE:GAL,2.4,2.4,2.4,2.4,2500.0
2021-03-03 09:42:00,NSE:GAL,2.5,2.5,2.5,2.5,2.0
2021-03-03 09:48:00,NSE:GAL,2.5,2.5,2.5,2.5,1100.0
2021-03-03 10:03:00,NSE:GAL,2.5,2.5,2.5,2.5,305.0
2021-03-03 10:06:00,NSE:GAL,2.45,2.45,2.45,2.45,300.0
2021-03-03 10:09:00,NSE:GAL,2.45,2.45,2.45,2.45,700.0
2021-03-03 10:15:00,NSE:GAL,2.5,2.5,2.5,2.5,120.0
2021-03-03 10:18:00,NSE:GAL,2.5,2.5,2.5,2.5,50.0
2021-03-03 10:30:00,NSE:GAL,2.4,2.4,2.4,2.4,2.0
2021-03-03 10:48:00,NSE:GAL,2.5,2.5,2.5,2.5,106.0
2021-03-03 10:51:00,NSE:GAL,2.5,2.5,2.5,2.5,62.0
2021-03-03 11:00:00,NSE:GAL,2.4,2.4,2.4,2.4,50.0
2021-03-03 11:12:00,NSE:GAL,2.5,2.5,2.5,2.5,5.0
2021-03-03 11:18:00,NSE:GAL,2.5,2.5,2.5,2.5,1000.0
2021-03-03 11:36:00,NSE:GAL,2.5,2.5,2.5,2.5,55.0
2021-03-03 11:48:00,NSE:GAL,2.5,2.5,2.45,2.45,15.0
2021-03-03 12:54:00,NSE:GAL,2.45,2.45,2.45,2.45,5.0
2021-03-03 13:00:00,NSE:GAL,2.45,2.45,2.45,2.45,2100.0
2021-03-03 13:15:00,NSE:GAL,2.45,2.45,2.45,2.45,100.0
2021-03-03 13:18:00,NSE:GAL,2.5,2.5,2.5,2.5,94.0
2021-03-03 13:27:00,NSE:GAL,2.5,2.5,2.5,2.5,5.0
2021-03-03 13:51:00,NSE:GAL,2.45,2.45,2.45,2.45,100.0
2021-03-03 13:57:00,NSE:GAL,2.45,2.45,2.45,2.45,41.0
2021-03-03 14:03:00,NSE:GAL,2.5,2.5,2.5,2.5,1.0
2021-03-03 14:06:00,NSE:GAL,2.5,2.5,2.5,2.5,50.0
2021-03-03 14:39:00,NSE:GAL,2.45,2.45,2.45,2.45,1000.0
2021-03-03 14:42:00,NSE:GAL,2.45,2.45,2.45,2.45,4749.0
2021-03-03 14:45:00,NSE:GAL,2.45,2.45,2.45,2.45,10.0
2021-03-03 14:48:00,NSE:GAL,2.45,2.45,2.4,2.45,5237.0
2021-03-03 14:54:00,NSE:GAL,2.45,2.45,2.45,2.45,120.0
2021-03-03 15:09:00,NSE:GAL,2.45,2.45,2.45,2.45,603.0
2021-03-03 15:12:00,NSE:GAL,2.45,2.45,2.45,2.45,14137.0
2021-03-03 15:15:00,NSE:GAL,2.4,2.45,2.4,2.4,203.0
2021-03-03 15:24:00,NSE:GAL,2.45,2.45,2.45,2.45,6.0
2021-03-04 09:06:00,NSE:GAL,2.5,2.5,2.5,2.5,255.0
2021-03-04 09:15:00,NSE:GAL,2.55,2.55,2.55,2.55,3456.0
2021-03-04 09:21:00,NSE:GAL,2.55,2.55,2.55,2.55,10.0
2021-03-04 09:24:00,NSE:GAL,2.55,2.55,2.55,2.55,500.0
2021-03-04 09:27:00,NSE:GAL,2.55,2.55,2.55,2.55,10.0
2021-03-04 09:30:00,NSE:GAL,2.55,2.55,2.55,2.55,31.0
2021-03-04 09:48:00,NSE:GAL,2.35,2.35,2.35,2.35,1000.0
2021-03-04 09:51:00,NSE:GAL,2.5,2.5,2.5,2.5,50.0
2021-03-04 09:54:00,NSE:GAL,2.4,2.5,2.4,2.5,559.0
2021-03-04 09:57:00,NSE:GAL,2.4,2.4,2.4,2.4,1.0
2021-03-04 10:03:00,NSE:GAL,2.5,2.5,2.5,2.5,2000.0
2021-03-04 10:12:00,NSE:GAL,2.5,2.5,2.5,2.5,5.0
2021-03-04 10:18:00,NSE:GAL,2.4,2.5,2.4,2.5,2500.0
2021-03-04 10:27:00,NSE:GAL,2.4,2.4,2.4,2.4,190.0
2021-03-04 10:45:00,NSE:GAL,2.4,2.4,2.4,2.4,170.0
2021-03-04 10:51:00,NSE:GAL,2.45,2.45,2.45,2.45,1000.0
2021-03-04 11:24:00,NSE:GAL,2.45,2.45,2.45,2.45,7.0
2021-03-04 11:30:00,NSE:GAL,2.5,2.5,2.45,2.45,5012.0
2021-03-04 11:33:00,NSE:GAL,2.5,2.5,2.45,2.5,29.0
2021-03-04 11:36:00,NSE:GAL,2.45,2.5,2.45,2.5,29.0
2021-03-04 11:39:00,NSE:GAL,2.45,2.5,2.45,2.5,4.0
2021-03-04 11:45:00,NSE:GAL,2.45,2.45,2.45,2.45,200.0
2021-03-04 11:48:00,NSE:GAL,2.45,2.45,2.45,2.45,5.0
2021-03-04 11:51:00,NSE:GAL,2.45,2.45,2.45,2.45,2.0
2021-03-04 11:57:00,NSE:GAL,2.5,2.5,2.5,2.5,400.0
2021-03-04 12:03:00,NSE:GAL,2.5,2.5,2.5,2.5,100.0
2021-03-04 12:06:00,NSE:GAL,2.45,2.45,2.45,2.45,2004.0
2021-03-04 12:33:00,NSE:GAL,2.45,2.45,2.45,2.45,200.0
2021-03-04 12:48:00,NSE:GAL,2.45,2.45,2.45,2.45,50.0
2021-03-04 13:03:00,NSE:GAL,2.5,2.5,2.5,2.5,1000.0
2021-03-04 13:09:00,NSE:GAL,2.45,2.45,2.45,2.45,72.0
2021-03-04 13:12:00,NSE:GAL,2.45,2.45,2.45,2.45,22.0
2021-03-04 13:21:00,NSE:GAL,2.45,2.45,2.45,2.45,100.0
2021-03-04 13:36:00,NSE:GAL,2.5,2.5,2.5,2.5,103.0
2021-03-04 13:39:00,NSE:GAL,2.5,2.5,2.5,2.5,100.0
2021-03-04 13:42:00,NSE:GAL,2.5,2.5,2.5,2.5,2040.0
2021-03-04 13:51:00,NSE:GAL,2.5,2.5,2.5,2.5,100.0
2021-03-04 14:00:00,NSE:GAL,2.5,2.5,2.5,2.5,22.0
2021-03-04 14:06:00,NSE:GAL,2.5,2.5,2.5,2.5,500.0
2021-03-04 14:21:00,NSE:GAL,2.45,2.45,2.45,2.45,100.0
2021-03-04 14:39:00,NSE:GAL,2.5,2.5,2.5,2.5,10.0
2021-03-04 14:45:00,NSE:GAL,2.45,2.45,2.45,2.45,100.0
2021-03-04 15:15:00,NSE:GAL,2.45,2.45,2.45,2.45,9400.0
2021-03-04 15:18:00,NSE:GAL,2.45,2.45,2.45,2.45,5292.0
2021-03-04 15:27:00,NSE:GAL,2.4,2.4,2.4,2.4,30.0
2021-03-05 09:06:00,NSE:GAL,2.5,2.5,2.5,2.5,270.0
2021-03-05 09:30:00,NSE:GAL,2.4,2.45,2.4,2.45,4476.0
2021-03-05 09:33:00,NSE:GAL,2.45,2.45,2.45,2.45,300.0
2021-03-05 09:48:00,NSE:GAL,2.45,2.45,2.45,2.45,260.0
2021-03-05 09:54:00,NSE:GAL,2.5,2.5,2.5,2.5,10000.0
2021-03-05 10:06:00,NSE:GAL,2.5,2.5,2.5,2.5,211.0
2021-03-05 10:09:00,NSE:GAL,2.5,2.5,2.5,2.5,10.0
2021-03-05 10:15:00,NSE:GAL,2.5,2.5,2.5,2.5,4000.0
2021-03-05 10:18:00,NSE:GAL,2.45,2.45,2.45,2.45,100.0
2021-03-05 10:24:00,NSE:GAL,2.5,2.5,2.5,2.5,10.0
2021-03-05 10:30:00,NSE:GAL,2.5,2.5,2.5,2.5,10.0
2021-03-05 10:54:00,NSE:GAL,2.45,2.45,2.45,2.45,50.0
2021-03-05 11:00:00,NSE:GAL,2.5,2.5,2.5,2.5,6.0
2021-03-05 11:09:00,NSE:GAL,2.45,2.45,2.45,2.45,500.0
2021-03-05 11:12:00,NSE:GAL,2.5,2.5,2.5,2.5,300.0
2021-03-05 11:15:00,NSE:GAL,2.5,2.5,2.5,2.5,1000.0
2021-03-05 11:21:00,NSE:GAL,2.5,2.5,2.5,2.5,10.0
2021-03-05 11:27:00,NSE:GAL,2.5,2.5,2.5,2.5,125.0
2021-03-05 11:51:00,NSE:GAL,2.45,2.45,2.45,2.45,40.0
2021-03-05 11:54:00,NSE:GAL,2.45,2.45,2.45,2.45,20.0
2021-03-05 11:57:00,NSE:GAL,2.45,2.45,2.45,2.45,10.0
2021-03-05 12:00:00,NSE:GAL,2.5,2.5,2.5,2.5,20.0
2021-03-05 12:03:00,NSE:GAL,2.5,2.5,2.5,2.5,125.0
2021-03-05 12:18:00,NSE:GAL,2.5,2.5,2.5,2.5,120.0
2021-03-05 12:21:00,NSE:GAL,2.5,2.5,2.5,2.5,2005.0
2021-03-05 12:24:00,NSE:GAL,2.45,2.45,2.45,2.45,295.0
2021-03-05 12:33:00,NSE:GAL,2.45,2.45,2.45,2.45,500.0
2021-03-05 12:54:00,NSE:GAL,2.5,2.5,2.5,2.5,2.0
2021-03-05 12:57:00,NSE:GAL,2.5,2.5,2.5,2.5,400.0
2021-03-05 13:24:00,NSE:GAL,2.45,2.45,2.45,2.45,1.0
2021-03-05 13:36:00,NSE:GAL,2.5,2.5,2.5,2.5,3.0
2021-03-05 13:39:00,NSE:GAL,2.45,2.5,2.45,2.45,178.0
2021-03-05 13:42:00,NSE:GAL,2.5,2.5,2.5,2.5,1.0
2021-03-05 13:54:00,NSE:GAL,2.45,2.45,2.45,2.45,2200.0
2021-03-05 14:03:00,NSE:GAL,2.45,2.45,2.45,2.45,1.0
2021-03-05 14:06:00,NSE:GAL,2.45,2.45,2.45,2.45,10.0
2021-03-05 14:21:00,NSE:GAL,2.45,2.45,2.45,2.45,300.0
2021-03-05 14:39:00,NSE:GAL,2.5,2.5,2.5,2.5,24.0
2021-03-05 14:48:00,NSE:GAL,2.45,2.45,2.45,2.45,7531.0
2021-03-05 14:51:00,NSE:GAL,2.45,2.45,2.4,2.4,30048.0
2021-03-05 14:57:00,NSE:GAL,2.45,2.45,2.45,2.45,2.0
2021-03-05 15:03:00,NSE:GAL,2.45,2.45,2.45,2.45,200.0
2021-03-05 15:06:00,NSE:GAL,2.45,2.45,2.45,2.45,1000.0
2021-03-05 15:12:00,NSE:GAL,2.45,2.45,2.45,2.45,1.0
2021-03-05 15:21:00,NSE:GAL,2.45,2.45,2.4,2.4,2007.0
2021-03-08 09:06:00,NSE:GAL,2.5,2.5,2.5,2.5,18.0
2021-03-08 09:15:00,NSE:GAL,2.4,2.4,2.4,2.4,936.0
2021-03-08 09:18:00,NSE:GAL,2.4,2.45,2.4,2.45,307.0
2021-03-08 09:21:00,NSE:GAL,2.45,2.45,2.45,2.45,19.0
2021-03-08 09:27:00,NSE:GAL,2.4,2.4,2.4,2.4,2.0
2021-03-08 09:33:00,NSE:GAL,2.4,2.45,2.4,2.45,269.0
2021-03-08 09:51:00,NSE:GAL,2.4,2.4,2.4,2.4,780.0
2021-03-08 09:54:00,NSE:GAL,2.4,2.45,2.4,2.45,1532.0
2021-03-08 10:06:00,NSE:GAL,2.45,2.45,2.45,2.45,100.0
2021-03-08 10:21:00,NSE:GAL,2.4,2.4,2.4,2.4,2.0
2021-03-08 10:33:00,NSE:GAL,2.45,2.45,2.45,2.45,2.0
2021-03-08 10:36:00,NSE:GAL,2.45,2.45,2.45,2.45,16.0
2021-03-08 10:42:00,NSE:GAL,2.45,2.45,2.45,2.45,1.0
2021-03-08 11:00:00,NSE:GAL,2.45,2.45,2.45,2.45,60.0
2021-03-08 11:09:00,NSE:GAL,2.45,2.45,2.4,2.4,371.0
2021-03-08 11:15:00,NSE:GAL,2.4,2.4,2.35,2.35,19780.0
2021-03-08 11:24:00,NSE:GAL,2.45,2.45,2.45,2.45,100.0
2021-03-08 11:27:00,NSE:GAL,2.45,2.45,2.45,2.45,1.0
2021-03-08 11:36:00,NSE:GAL,2.45,2.45,2.45,2.45,2000.0
2021-03-08 11:48:00,NSE:GAL,2.45,2.45,2.45,2.45,108.0
2021-03-08 12:06:00,NSE:GAL,2.45,2.45,2.35,2.45,345.0
2021-03-08 12:18:00,NSE:GAL,2.4,2.45,2.4,2.45,3275.0
2021-03-08 12:54:00,NSE:GAL,2.45,2.45,2.45,2.45,10.0
2021-03-08 12:57:00,NSE:GAL,2.35,2.35,2.35,2.35,64668.0
2021-03-08 13:00:00,NSE:GAL,2.35,2.35,2.35,2.35,50.0
2021-03-08 13:03:00,NSE:GAL,2.4,2.4,2.4,2.4,100.0
2021-03-08 13:12:00,NSE:GAL,2.4,2.4,2.4,2.4,11.0
2021-03-08 13:15:00,NSE:GAL,2.35,2.35,2.35,2.35,687.0
2021-03-08 13:27:00,NSE:GAL,2.4,2.4,2.4,2.4,1005.0
2021-03-08 13:33:00,NSE:GAL,2.4,2.4,2.4,2.4,3300.0
2021-03-08 13:42:00,NSE:GAL,2.4,2.4,2.4,2.4,50.0
2021-03-08 13:51:00,NSE:GAL,2.4,2.4,2.4,2.4,100.0
2021-03-08 14:09:00,NSE:GAL,2.4,2.4,2.4,2.4,200.0
2021-03-08 14:15:00,NSE:GAL,2.4,2.4,2.4,2.4,5.0
2021-03-08 14:45:00,NSE:GAL,2.4,2.4,2.4,2.4,500.0
2021-03-08 15:06:00,NSE:GAL,2.4,2.4,2.4,2.4,1000.0
2021-03-08 15:09:00,NSE:GAL,2.35,2.4,2.35,2.4,10150.0
2021-03-08 15:12:00,NSE:GAL,2.35,2.35,2.35,2.35,3324.0
2021-03-08 15:15:00,NSE:GAL,2.35,2.35,2.35,2.35,10.0
2021-03-08 15:18:00,NSE:GAL,2.35,2.35,2.35,2.35,959.0
2021-03-08 15:24:00,NSE:GAL,2.35,2.35,2.35,2.35,500.0
2021-03-08 15:27:00,NSE:GAL,2.35,2.35,2.35,2.35,2233.0
2021-03-09 09:15:00,NSE:GAL,2.35,2.35,2.3,2.35,175.0
2021-03-09 09:30:00,NSE:GAL,2.25,2.3,2.25,2.3,194.0
2021-03-09 09:48:00,NSE:GAL,2.3,2.3,2.3,2.3,2000.0
2021-03-09 09:51:00,NSE:GAL,2.35,2.35,2.35,2.35,1001.0
2021-03-09 10:12:00,NSE:GAL,2.35,2.35,2.35,2.35,159.0
2021-03-09 10:15:00,NSE:GAL,2.35,2.35,2.35,2.35,12.0
2021-03-09 10:18:00,NSE:GAL,2.3,2.3,2.3,2.3,1499.0
2021-03-09 10:21:00,NSE:GAL,2.35,2.35,2.35,2.35,10.0
2021-03-09 10:33:00,NSE:GAL,2.25,2.35,2.25,2.35,14198.0
2021-03-09 10:45:00,NSE:GAL,2.35,2.35,2.35,2.35,1000.0
2021-03-09 10:54:00,NSE:GAL,2.35,2.35,2.35,2.35,200.0
2021-03-09 11:03:00,NSE:GAL,2.35,2.35,2.35,2.35,50.0
2021-03-09 11:15:00,NSE:GAL,2.35,2.35,2.35,2.35,170.0
2021-03-09 11:18:00,NSE:GAL,2.35,2.35,2.35,2.35,2200.0
2021-03-09 11:24:00,NSE:GAL,2.35,2.35,2.35,2.35,5.0
2021-03-09 11:30:00,NSE:GAL,2.3,2.3,2.3,2.3,1000.0
2021-03-09 11:36:00,NSE:GAL,2.35,2.35,2.35,2.35,5879.0
2021-03-09 11:45:00,NSE:GAL,2.4,2.4,2.4,2.4,251.0
2021-03-09 11:51:00,NSE:GAL,2.4,2.4,2.4,2.4,100.0
2021-03-09 11:54:00,NSE:GAL,2.4,2.4,2.4,2.4,4100.0
2021-03-09 12:06:00,NSE:GAL,2.4,2.4,2.35,2.35,62.0
2021-03-09 12:15:00,NSE:GAL,2.35,2.35,2.35,2.35,678.0
2021-03-09 12:24:00,NSE:GAL,2.35,2.35,2.35,2.35,6.0
2021-03-09 12:30:00,NSE:GAL,2.35,2.35,2.35,2.35,100.0
2021-03-09 12:42:00,NSE:GAL,2.35,2.35,2.35,2.35,2200.0
2021-03-09 13:00:00,NSE:GAL,2.4,2.4,2.4,2.4,1.0
2021-03-09 13:18:00,NSE:GAL,2.35,2.35,2.35,2.35,34.0
2021-03-09 13:21:00,NSE:GAL,2.35,2.35,2.35,2.35,3.0
2021-03-09 13:24:00,NSE:GAL,2.4,2.4,2.4,2.4,3.0
2021-03-09 13:27:00,NSE:GAL,2.4,2.4,2.4,2.4,200.0
2021-03-09 13:30:00,NSE:GAL,2.4,2.4,2.4,2.4,50.0
2021-03-09 13:48:00,NSE:GAL,2.4,2.4,2.4,2.4,10.0
2021-03-09 14:06:00,NSE:GAL,2.35,2.35,2.35,2.35,43.0
2021-03-09 14:18:00,NSE:GAL,2.4,2.4,2.4,2.4,25.0
2021-03-09 14:21:00,NSE:GAL,2.4,2.4,2.4,2.4,50.0
2021-03-09 14:57:00,NSE:GAL,2.4,2.4,2.4,2.4,62233.0
2021-03-09 15:00:00,NSE:GAL,2.4,2.4,2.4,2.4,7643.0
2021-03-09 15:21:00,NSE:GAL,2.45,2.45,2.45,2.45,75.0
2021-03-09 15:24:00,NSE:GAL,2.45,2.45,2.45,2.45,2000.0
2021-03-09 15:27:00,NSE:GAL,2.45,2.45,2.45,2.45,2700.0
2021-03-10 09:06:00,NSE:GAL,2.5,2.5,2.5,2.5,150.0
2021-03-10 09:15:00,NSE:GAL,2.45,2.45,2.45,2.45,18.0
2021-03-10 09:21:00,NSE:GAL,2.45,2.45,2.45,2.45,200.0
2021-03-10 09:30:00,NSE:GAL,2.45,2.45,2.45,2.45,40.0
2021-03-10 09:45:00,NSE:GAL,2.45,2.45,2.45,2.45,400.0
2021-03-10 09:48:00,NSE:GAL,2.45,2.45,2.45,2.45,200.0
2021-03-10 09:57:00,NSE:GAL,2.35,2.4,2.35,2.4,2740.0
2021-03-10 10:03:00,NSE:GAL,2.35,2.35,2.35,2.35,3.0
2021-03-10 10:09:00,NSE:GAL,2.35,2.35,2.35,2.35,5.0
2021-03-10 10:15:00,NSE:GAL,2.35,2.35,2.35,2.35,500.0
2021-03-10 10:24:00,NSE:GAL,2.4,2.4,2.4,2.4,100.0
2021-03-10 10:33:00,NSE:GAL,2.35,2.35,2.35,2.35,7.0
2021-03-10 10:51:00,NSE:GAL,2.35,2.35,2.3,2.3,44218.0
2021-03-10 10:54:00,NSE:GAL,2.4,2.4,2.4,2.4,4.0
2021-03-10 11:21:00,NSE:GAL,2.4,2.4,2.4,2.4,100.0
2021-03-10 11:27:00,NSE:GAL,2.4,2.4,2.4,2.4,4.0
2021-03-10 11:30:00,NSE:GAL,2.35,2.35,2.35,2.35,250.0
2021-03-10 11:33:00,NSE:GAL,2.4,2.4,2.4,2.4,300.0
2021-03-10 12:00:00,NSE:GAL,2.4,2.4,2.4,2.4,10.0
2021-03-10 12:21:00,NSE:GAL,2.35,2.35,2.35,2.35,100.0
2021-03-10 12:30:00,NSE:GAL,2.4,2.4,2.4,2.4,1800.0
2021-03-10 12:36:00,NSE:GAL,2.4,2.4,2.4,2.4,11.0
2021-03-10 12:45:00,NSE:GAL,2.35,2.35,2.35,2.35,300.0
2021-03-10 13:12:00,NSE:GAL,2.4,2.4,2.4,2.4,3.0
2021-03-10 13:18:00,NSE:GAL,2.4,2.4,2.4,2.4,250.0
2021-03-10 14:12:00,NSE:GAL,2.4,2.4,2.4,2.4,1.0
2021-03-10 14:30:00,NSE:GAL,2.35,2.35,2.35,2.35,97.0
2021-03-10 15:03:00,NSE:GAL,2.4,2.4,2.35,2.35,972.0
2021-03-10 15:06:00,NSE:GAL,2.4,2.4,2.4,2.4,300.0
2021-03-10 15:09:00,NSE:GAL,2.35,2.35,2.35,2.35,5000.0
2021-03-10 15:15:00,NSE:GAL,2.35,2.35,2.35,2.35,5986.0
2021-03-10 15:24:00,NSE:GAL,2.35,2.35,2.35,2.35,3.0
2021-03-12 09:06:00,NSE:GAL,2.35,2.35,2.35,2.35,1005.0
2021-03-12 09:15:00,NSE:GAL,2.25,2.25,2.25,2.25,1.0
2021-03-12 09:18:00,NSE:GAL,2.35,2.35,2.35,2.35,25.0
2021-03-12 09:30:00,NSE:GAL,2.35,2.35,2.25,2.25,307.0
2021-03-12 09:33:00,NSE:GAL,2.35,2.35,2.35,2.35,100.0
2021-03-12 09:36:00,NSE:GAL,2.25,2.25,2.25,2.25,2242.0
2021-03-12 09:39:00,NSE:GAL,2.35,2.35,2.35,2.35,50.0
2021-03-12 09:42:00,NSE:GAL,2.25,2.25,2.25,2.25,8078.0
2021-03-12 09:45:00,NSE:GAL,2.35,2.35,2.35,2.35,4600.0
2021-03-12 09:48:00,NSE:GAL,2.35,2.35,2.35,2.35,10.0
2021-03-12 09:54:00,NSE:GAL,2.25,2.25,2.25,2.25,1000.0
2021-03-12 10:00:00,NSE:GAL,2.35,2.35,2.35,2.35,21.0
2021-03-12 10:06:00,NSE:GAL,2.25,2.25,2.25,2.25,4000.0
2021-03-12 10:12:00,NSE:GAL,2.35,2.35,2.25,2.25,7992.0
2021-03-12 10:18:00,NSE:GAL,2.35,2.35,2.25,2.25,200.0
2021-03-12 10:27:00,NSE:GAL,2.35,2.35,2.35,2.35,706.0
2021-03-12 10:30:00,NSE:GAL,2.35,2.35,2.35,2.35,61.0
2021-03-12 10:36:00,NSE:GAL,2.25,2.25,2.25,2.25,310.0
2021-03-12 10:39:00,NSE:GAL,2.35,2.35,2.35,2.35,10.0
2021-03-12 10:45:00,NSE:GAL,2.35,2.35,2.35,2.35,1600.0
2021-03-12 10:48:00,NSE:GAL,2.35,2.35,2.35,2.35,3.0
2021-03-12 11:09:00,NSE:GAL,2.25,2.25,2.25,2.25,44.0
2021-03-12 11:36:00,NSE:GAL,2.35,2.35,2.25,2.25,38.0
2021-03-12 11:57:00,NSE:GAL,2.3,2.3,2.3,2.3,850.0
2021-03-12 12:00:00,NSE:GAL,2.3,2.3,2.3,2.3,150.0
2021-03-12 12:03:00,NSE:GAL,2.3,2.3,2.3,2.3,2011.0
2021-03-12 12:09:00,NSE:GAL,2.25,2.25,2.25,2.25,650.0
2021-03-12 12:30:00,NSE:GAL,2.3,2.3,2.3,2.3,2.0
2021-03-12 12:42:00,NSE:GAL,2.25,2.25,2.25,2.25,2.0
2021-03-12 12:45:00,NSE:GAL,2.3,2.3,2.3,2.3,10.0
2021-03-12 12:48:00,NSE:GAL,2.3,2.3,2.3,2.3,200.0
2021-03-12 13:00:00,NSE:GAL,2.3,2.3,2.3,2.3,100.0
2021-03-12 13:03:00,NSE:GAL,2.25,2.25,2.25,2.25,10004.0
2021-03-12 13:27:00,NSE:GAL,2.3,2.3,2.3,2.3,600.0
2021-03-12 13:39:00,NSE:GAL,2.3,2.3,2.3,2.3,15872.0
2021-03-12 13:42:00,NSE:GAL,2.3,2.3,2.25,2.25,50951.0
2021-03-12 14:12:00,NSE:GAL,2.3,2.3,2.3,2.3,3.0
2021-03-12 14:21:00,NSE:GAL,2.25,2.25,2.25,2.25,360.0
2021-03-12 14:27:00,NSE:GAL,2.3,2.3,2.3,2.3,600.0
2021-03-12 14:33:00,NSE:GAL,2.3,2.3,2.3,2.3,150.0
2021-03-12 14:39:00,NSE:GAL,2.3,2.3,2.3,2.3,100.0
2021-03-12 14:45:00,NSE:GAL,2.25,2.25,2.25,2.25,2000.0
2021-03-12 14:48:00,NSE:GAL,2.3,2.3,2.3,2.3,100.0
2021-03-12 14:51:00,NSE:GAL,2.25,2.25,2.25,2.25,6947.0
2021-03-12 14:54:00,NSE:GAL,2.25,2.3,2.25,2.3,920.0
2021-03-12 15:12:00,NSE:GAL,2.3,2.3,2.3,2.3,10.0
2021-03-12 15:15:00,NSE:GAL,2.25,2.25,2.25,2.25,10.0
2021-03-12 15:18:00,NSE:GAL,2.3,2.3,2.3,2.3,1000.0
2021-03-12 15:21:00,NSE:GAL,2.3,2.3,2.3,2.3,14.0
2021-03-12 15:24:00,NSE:GAL,2.25,2.25,2.25,2.25,57.0
2021-03-15 09:06:00,NSE:GAL,2.35,2.35,2.35,2.35,3.0
2021-03-15 09:15:00,NSE:GAL,2.35,2.35,2.35,2.35,304.0
2021-03-15 09:18:00,NSE:GAL,2.35,2.35,2.35,2.35,14.0
2021-03-15 09:24:00,NSE:GAL,2.35,2.35,2.35,2.35,4.0
2021-03-15 09:30:00,NSE:GAL,2.3,2.3,2.3,2.3,200.0
2021-03-15 09:36:00,NSE:GAL,2.35,2.35,2.35,2.35,522.0
2021-03-15 09:39:00,NSE:GAL,2.35,2.35,2.35,2.35,3035.0
2021-03-15 09:48:00,NSE:GAL,2.3,2.3,2.3,2.3,49.0
2021-03-15 10:03:00,NSE:GAL,2.3,2.3,2.3,2.3,410.0
2021-03-15 10:15:00,NSE:GAL,2.25,2.25,2.25,2.25,1240.0
2021-03-15 10:36:00,NSE:GAL,2.3,2.3,2.3,2.3,251.0
2021-03-15 10:51:00,NSE:GAL,2.3,2.3,2.3,2.3,2.0
2021-03-15 10:54:00,NSE:GAL,2.25,2.25,2.25,2.25,15.0
2021-03-15 11:06:00,NSE:GAL,2.25,2.25,2.25,2.25,5671.0
2021-03-15 11:09:00,NSE:GAL,2.2,2.25,2.2,2.25,130.0
2021-03-15 11:18:00,NSE:GAL,2.25,2.25,2.25,2.25,44.0
2021-03-15 11:21:00,NSE:GAL,2.25,2.25,2.25,2.25,1.0
2021-03-15 11:24:00,NSE:GAL,2.25,2.25,2.25,2.25,33.0
2021-03-15 11:30:00,NSE:GAL,2.3,2.3,2.3,2.3,7.0
2021-03-15 11:42:00,NSE:GAL,2.3,2.3,2.3,2.3,1500.0
2021-03-15 11:51:00,NSE:GAL,2.3,2.3,2.3,2.3,50.0
2021-03-15 11:57:00,NSE:GAL,2.3,2.3,2.3,2.3,300.0
2021-03-15 12:24:00,NSE:GAL,2.3,2.3,2.3,2.3,6.0
2021-03-15 13:24:00,NSE:GAL,2.2,2.2,2.2,2.2,9.0
2021-03-15 13:36:00,NSE:GAL,2.3,2.3,2.2,2.2,10000.0
2021-03-15 13:57:00,NSE:GAL,2.25,2.25,2.25,2.25,205.0
2021-03-15 14:00:00,NSE:GAL,2.2,2.2,2.2,2.2,110.0
2021-03-15 14:03:00,NSE:GAL,2.2,2.2,2.2,2.2,9951.0
2021-03-15 14:09:00,NSE:GAL,2.25,2.25,2.25,2.25,10.0
2021-03-15 14:12:00,NSE:GAL,2.25,2.25,2.25,2.25,2100.0
2021-03-15 14:18:00,NSE:GAL,2.25,2.25,2.25,2.25,10.0
2021-03-15 14:24:00,NSE:GAL,2.25,2.25,2.25,2.25,1000.0
2021-03-15 14:30:00,NSE:GAL,2.25,2.25,2.25,2.25,3000.0
2021-03-15 14:36:00,NSE:GAL,2.2,2.2,2.2,2.2,3.0
2021-03-15 14:42:00,NSE:GAL,2.3,2.3,2.2,2.2,9729.0
2021-03-15 14:45:00,NSE:GAL,2.25,2.25,2.25,2.25,5.0
2021-03-15 14:51:00,NSE:GAL,2.25,2.25,2.25,2.25,10.0
2021-03-15 14:57:00,NSE:GAL,2.25,2.25,2.25,2.25,525.0
2021-03-15 15:06:00,NSE:GAL,2.25,2.25,2.25,2.25,50.0
2021-03-15 15:12:00,NSE:GAL,2.25,2.25,2.25,2.25,2000.0
2021-03-15 15:15:00,NSE:GAL,2.2,2.2,2.2,2.2,26.0
2021-03-15 15:21:00,NSE:GAL,2.2,2.2,2.2,2.2,7700.0
2021-03-15 15:24:00,NSE:GAL,2.25,2.25,2.25,2.25,5.0
2021-03-16 09:24:00,NSE:GAL,2.25,2.25,2.25,2.25,1550.0
2021-03-16 09:30:00,NSE:GAL,2.25,2.25,2.2,2.2,53.0
2021-03-16 09:33:00,NSE:GAL,2.25,2.25,2.25,2.25,500.0
2021-03-16 09:39:00,NSE:GAL,2.25,2.25,2.25,2.25,50.0
2021-03-16 09:45:00,NSE:GAL,2.2,2.2,2.2,2.2,1.0
2021-03-16 09:51:00,NSE:GAL,2.25,2.25,2.25,2.25,200.0
2021-03-16 09:54:00,NSE:GAL,2.25,2.25,2.25,2.25,15.0
2021-03-16 10:06:00,NSE:GAL,2.25,2.25,2.25,2.25,1278.0
2021-03-16 10:12:00,NSE:GAL,2.2,2.2,2.2,2.2,20.0
2021-03-16 10:18:00,NSE:GAL,2.2,2.2,2.2,2.2,16.0
2021-03-16 10:24:00,NSE:GAL,2.2,2.2,2.2,2.2,600.0
2021-03-16 10:33:00,NSE:GAL,2.2,2.2,2.2,2.2,40.0
2021-03-16 10:36:00,NSE:GAL,2.3,2.3,2.15,2.3,38451.0
2021-03-16 10:39:00,NSE:GAL,2.1,2.1,2.1,2.1,12451.0
2021-03-16 10:57:00,NSE:GAL,2.2,2.2,2.2,2.2,2500.0
2021-03-16 11:12:00,NSE:GAL,2.2,2.2,2.2,2.2,30.0
2021-03-16 11:18:00,NSE:GAL,2.2,2.2,2.2,2.2,955.0
2021-03-16 11:24:00,NSE:GAL,2.2,2.2,2.2,2.2,100.0
2021-03-16 11:30:00,NSE:GAL,2.2,2.2,2.2,2.2,17.0
2021-03-16 11:33:00,NSE:GAL,2.2,2.2,2.2,2.2,18.0
2021-03-16 11:36:00,NSE:GAL,2.15,2.15,2.15,2.15,24.0
2021-03-16 11:42:00,NSE:GAL,2.2,2.2,2.2,2.2,100.0
2021-03-16 11:48:00,NSE:GAL,2.15,2.2,2.15,2.2,150.0
2021-03-16 11:54:00,NSE:GAL,2.2,2.2,2.2,2.2,330.0
2021-03-16 12:00:00,NSE:GAL,2.15,2.15,2.15,2.15,230.0
2021-03-16 12:09:00,NSE:GAL,2.2,2.2,2.2,2.2,4333.0
2021-03-16 12:24:00,NSE:GAL,2.25,2.25,2.25,2.25,38.0
2021-03-16 12:27:00,NSE:GAL,2.2,2.2,2.2,2.2,150.0
2021-03-16 12:33:00,NSE:GAL,2.25,2.25,2.25,2.25,80.0
2021-03-16 12:45:00,NSE:GAL,2.25,2.25,2.25,2.25,1491.0
2021-03-16 12:48:00,NSE:GAL,2.25,2.25,2.25,2.25,1.0
2021-03-16 12:51:00,NSE:GAL,2.2,2.3,2.2,2.3,15663.0
2021-03-16 13:03:00,NSE:GAL,2.2,2.3,2.2,2.3,602.0
2021-03-16 13:06:00,NSE:GAL,2.25,2.25,2.25,2.25,717.0
2021-03-16 13:12:00,NSE:GAL,2.3,2.3,2.3,2.3,15.0
2021-03-16 13:21:00,NSE:GAL,2.3,2.3,2.3,2.3,20.0
2021-03-16 13:24:00,NSE:GAL,2.3,2.3,2.3,2.3,200.0
2021-03-16 13:27:00,NSE:GAL,2.25,2.25,2.25,2.25,15.0
2021-03-16 13:36:00,NSE:GAL,2.3,2.3,2.3,2.3,2292.0
2021-03-16 13:48:00,NSE:GAL,2.3,2.3,2.3,2.3,2000.0
2021-03-16 13:54:00,NSE:GAL,2.3,2.3,2.3,2.3,500.0
2021-03-16 14:09:00,NSE:GAL,2.3,2.3,2.3,2.3,2000.0
2021-03-16 14:36:00,NSE:GAL,2.3,2.3,2.3,2.3,100.0
2021-03-16 15:12:00,NSE:GAL,2.3,2.3,2.3,2.3,1012.0
2021-03-16 15:15:00,NSE:GAL,2.3,2.3,2.3,2.3,5000.0
2021-03-16 15:18:00,NSE:GAL,2.3,2.3,2.3,2.3,15207.0
2021-03-16 15:24:00,NSE:GAL,2.3,2.3,2.3,2.3,10.0
2021-03-17 09:15:00,NSE:GAL,2.35,2.35,2.25,2.3,64.0
2021-03-17 09:24:00,NSE:GAL,2.25,2.25,2.25,2.25,100.0
2021-03-17 09:27:00,NSE:GAL,2.3,2.3,2.3,2.3,45.0
2021-03-17 09:30:00,NSE:GAL,2.3,2.3,2.3,2.3,94.0
2021-03-17 09:33:00,NSE:GAL,2.25,2.25,2.25,2.25,1500.0
2021-03-17 09:39:00,NSE:GAL,2.35,2.35,2.35,2.35,2000.0
2021-03-17 09:45:00,NSE:GAL,2.35,2.35,2.35,2.35,20.0
2021-03-17 09:48:00,NSE:GAL,2.35,2.35,2.35,2.35,464.0
2021-03-17 10:06:00,NSE:GAL,2.35,2.35,2.35,2.35,300.0
2021-03-17 10:09:00,NSE:GAL,2.35,2.35,2.35,2.35,1010.0
2021-03-17 10:12:00,NSE:GAL,2.35,2.35,2.35,2.35,10.0
2021-03-17 10:21:00,NSE:GAL,2.35,2.35,2.35,2.35,60.0
2021-03-17 10:27:00,NSE:GAL,2.35,2.35,2.35,2.35,530.0
2021-03-17 10:36:00,NSE:GAL,2.35,2.35,2.35,2.35,1100.0
2021-03-17 10:42:00,NSE:GAL,2.35,2.35,2.35,2.35,30.0
2021-03-17 10:45:00,NSE:GAL,2.3,2.3,2.3,2.3,800.0
2021-03-17 10:57:00,NSE:GAL,2.35,2.35,2.35,2.35,19.0
2021-03-17 11:09:00,NSE:GAL,2.3,2.3,2.3,2.3,2468.0
2021-03-17 11:15:00,NSE:GAL,2.3,2.3,2.3,2.3,86.0
2021-03-17 11:21:00,NSE:GAL,2.25,2.25,2.25,2.25,1490.0
2021-03-17 11:24:00,NSE:GAL,2.3,2.3,2.3,2.3,100.0
2021-03-17 11:42:00,NSE:GAL,2.3,2.3,2.3,2.3,4906.0
2021-03-17 11:48:00,NSE:GAL,2.3,2.3,2.3,2.3,1490.0
2021-03-17 11:54:00,NSE:GAL,2.35,2.35,2.35,2.35,300.0
2021-03-17 12:00:00,NSE:GAL,2.35,2.35,2.35,2.35,6.0
2021-03-17 12:18:00,NSE:GAL,2.35,2.35,2.35,2.35,250.0
2021-03-17 12:54:00,NSE:GAL,2.25,2.25,2.25,2.25,1550.0
2021-03-17 13:03:00,NSE:GAL,2.3,2.3,2.3,2.3,20.0
2021-03-17 13:09:00,NSE:GAL,2.3,2.3,2.3,2.3,23.0
2021-03-17 13:12:00,NSE:GAL,2.25,2.25,2.25,2.25,20.0
2021-03-17 13:21:00,NSE:GAL,2.3,2.3,2.3,2.3,37.0
2021-03-17 13:30:00,NSE:GAL,2.3,2.3,2.3,2.3,30.0
2021-03-17 13:33:00,NSE:GAL,2.25,2.25,2.25,2.25,10.0
2021-03-17 13:42:00,NSE:GAL,2.3,2.3,2.3,2.3,10.0
2021-03-17 13:54:00,NSE:GAL,2.3,2.3,2.3,2.3,16.0
2021-03-17 14:06:00,NSE:GAL,2.3,2.3,2.3,2.3,130.0
2021-03-17 14:15:00,NSE:GAL,2.3,2.3,2.3,2.3,40.0
2021-03-17 14:27:00,NSE:GAL,2.25,2.25,2.25,2.25,400.0
2021-03-17 14:30:00,NSE:GAL,2.25,2.3,2.25,2.3,4402.0
2021-03-17 14:51:00,NSE:GAL,2.3,2.3,2.3,2.3,15.0
2021-03-17 15:06:00,NSE:GAL,2.3,2.3,2.3,2.3,500.0
2021-03-17 15:18:00,NSE:GAL,2.25,2.25,2.25,2.25,300.0
2021-03-17 15:27:00,NSE:GAL,2.25,2.3,2.25,2.3,3077.0
2021-03-18 09:15:00,NSE:GAL,2.35,2.35,2.35,2.35,5.0
2021-03-18 09:21:00,NSE:GAL,2.25,2.25,2.25,2.25,6.0
2021-03-18 09:24:00,NSE:GAL,2.25,2.25,2.25,2.25,200.0
2021-03-18 09:27:00,NSE:GAL,2.3,2.3,2.3,2.3,39.0
2021-03-18 09:39:00,NSE:GAL,2.3,2.3,2.3,2.3,81.0
2021-03-18 09:45:00,NSE:GAL,2.3,2.3,2.3,2.3,50.0
2021-03-18 09:48:00,NSE:GAL,2.25,2.3,2.25,2.3,116.0
2021-03-18 09:51:00,NSE:GAL,2.25,2.25,2.25,2.25,262.0
2021-03-18 09:57:00,NSE:GAL,2.3,2.3,2.25,2.3,111.0
2021-03-18 10:06:00,NSE:GAL,2.3,2.3,2.3,2.3,2.0
2021-03-18 10:27:00,NSE:GAL,2.25,2.25,2.2,2.2,1258.0
2021-03-18 10:33:00,NSE:GAL,2.3,2.3,2.3,2.3,5.0
2021-03-18 10:36:00,NSE:GAL,2.3,2.3,2.3,2.3,450.0
2021-03-18 10:39:00,NSE:GAL,2.3,2.3,2.3,2.3,80.0
2021-03-18 10:51:00,NSE:GAL,2.3,2.3,2.3,2.3,800.0
2021-03-18 11:06:00,NSE:GAL,2.2,2.2,2.2,2.2,100.0
2021-03-18 11:27:00,NSE:GAL,2.3,2.3,2.3,2.3,24.0
2021-03-18 11:30:00,NSE:GAL,2.3,2.3,2.3,2.3,8448.0
2021-03-18 11:42:00,NSE:GAL,2.35,2.35,2.35,2.35,15.0
2021-03-18 12:00:00,NSE:GAL,2.35,2.35,2.35,2.35,5.0
2021-03-18 12:06:00,NSE:GAL,2.3,2.3,2.2,2.2,11500.0
2021-03-18 12:24:00,NSE:GAL,2.3,2.3,2.3,2.3,5.0
2021-03-18 12:33:00,NSE:GAL,2.25,2.25,2.25,2.25,5.0
2021-03-18 12:36:00,NSE:GAL,2.3,2.3,2.2,2.25,89.0
2021-03-18 12:39:00,NSE:GAL,2.2,2.3,2.2,2.2,45.0
2021-03-18 12:42:00,NSE:GAL,2.3,2.3,2.2,2.2,30.0
2021-03-18 12:45:00,NSE:GAL,2.3,2.3,2.3,2.3,15.0
2021-03-18 12:48:00,NSE:GAL,2.2,2.2,2.2,2.2,19.0
2021-03-18 12:51:00,NSE:GAL,2.3,2.3,2.2,2.2,61.0
2021-03-18 13:33:00,NSE:GAL,2.3,2.3,2.3,2.3,2.0
2021-03-18 13:39:00,NSE:GAL,2.3,2.3,2.3,2.3,500.0
2021-03-18 13:45:00,NSE:GAL,2.2,2.2,2.2,2.2,200.0
2021-03-18 13:57:00,NSE:GAL,2.2,2.2,2.2,2.2,100.0
2021-03-18 14:12:00,NSE:GAL,2.3,2.3,2.3,2.3,21.0
2021-03-18 14:15:00,NSE:GAL,2.3,2.3,2.3,2.3,50.0
2021-03-18 14:18:00,NSE:GAL,2.2,2.2,2.2,2.2,215.0
2021-03-18 14:21:00,NSE:GAL,2.25,2.25,2.25,2.25,500.0
2021-03-18 14:24:00,NSE:GAL,2.25,2.25,2.25,2.25,10.0
2021-03-18 14:30:00,NSE:GAL,2.25,2.25,2.25,2.25,5.0
2021-03-18 15:06:00,NSE:GAL,2.25,2.3,2.25,2.3,5715.0
2021-03-18 15:12:00,NSE:GAL,2.3,2.3,2.3,2.3,10.0
2021-03-18 15:21:00,NSE:GAL,2.3,2.3,2.3,2.3,4550.0
2021-03-19 09:06:00,NSE:GAL,2.2,2.2,2.2,2.2,23.0
2021-03-19 09:15:00,NSE:GAL,2.3,2.3,2.3,2.3,1400.0
2021-03-19 09:18:00,NSE:GAL,2.3,2.3,2.3,2.3,10.0
2021-03-19 09:21:00,NSE:GAL,2.2,2.2,2.15,2.15,18490.0
2021-03-19 09:24:00,NSE:GAL,2.15,2.15,2.15,2.15,2020.0
2021-03-19 09:27:00,NSE:GAL,2.15,2.15,2.15,2.15,3241.0
2021-03-19 09:36:00,NSE:GAL,2.15,2.15,2.15,2.15,1410.0
2021-03-19 09:39:00,NSE:GAL,2.15,2.15,2.15,2.15,4.0
2021-03-19 09:42:00,NSE:GAL,2.15,2.15,2.15,2.15,30.0
2021-03-19 09:45:00,NSE:GAL,2.15,2.15,2.15,2.15,100.0
2021-03-19 09:51:00,NSE:GAL,2.15,2.15,2.15,2.15,6995.0
2021-03-19 10:00:00,NSE:GAL,2.15,2.15,2.15,2.15,50.0
2021-03-19 10:09:00,NSE:GAL,2.15,2.15,2.15,2.15,10.0
2021-03-19 10:12:00,NSE:GAL,2.15,2.15,2.15,2.15,39.0
2021-03-19 10:15:00,NSE:GAL,2.15,2.15,2.15,2.15,325.0
2021-03-19 10:21:00,NSE:GAL,2.15,2.15,2.15,2.15,1122.0
2021-03-19 10:24:00,NSE:GAL,2.15,2.15,2.15,2.15,243.0
2021-03-19 10:27:00,NSE:GAL,2.15,2.15,2.15,2.15,940.0
2021-03-19 10:30:00,NSE:GAL,2.15,2.15,2.15,2.15,13.0
2021-03-19 10:33:00,NSE:GAL,2.15,2.15,2.15,2.15,503.0
2021-03-19 10:36:00,NSE:GAL,2.15,2.15,2.15,2.15,80.0
2021-03-19 10:39:00,NSE:GAL,2.15,2.15,2.15,2.15,2230.0
2021-03-19 10:54:00,NSE:GAL,2.15,2.15,2.15,2.15,7934.0
2021-03-19 10:57:00,NSE:GAL,2.2,2.2,2.2,2.2,149.0
2021-03-19 11:03:00,NSE:GAL,2.2,2.2,2.2,2.2,176.0
2021-03-19 11:06:00,NSE:GAL,2.2,2.2,2.2,2.2,10.0
2021-03-19 11:18:00,NSE:GAL,2.2,2.2,2.15,2.15,201.0
2021-03-19 11:21:00,NSE:GAL,2.15,2.15,2.15,2.15,3.0
2021-03-19 11:24:00,NSE:GAL,2.2,2.2,2.2,2.2,10.0
2021-03-19 11:45:00,NSE:GAL,2.2,2.2,2.2,2.2,5.0
2021-03-19 11:48:00,NSE:GAL,2.2,2.2,2.2,2.2,30.0
2021-03-19 12:18:00,NSE:GAL,2.2,2.2,2.2,2.2,20.0
2021-03-19 12:30:00,NSE:GAL,2.2,2.2,2.2,2.2,2.0
2021-03-19 12:39:00,NSE:GAL,2.2,2.2,2.2,2.2,8.0
2021-03-19 12:45:00,NSE:GAL,2.2,2.2,2.2,2.2,20.0
2021-03-19 12:48:00,NSE:GAL,2.2,2.2,2.2,2.2,320.0
2021-03-19 13:21:00,NSE:GAL,2.2,2.2,2.15,2.2,488.0
2021-03-19 13:24:00,NSE:GAL,2.15,2.2,2.15,2.15,778.0
2021-03-19 13:27:00,NSE:GAL,2.2,2.2,2.2,2.2,150.0
2021-03-19 13:30:00,NSE:GAL,2.15,2.2,2.15,2.2,629.0
2021-03-19 13:33:00,NSE:GAL,2.15,2.2,2.15,2.2,152.0
2021-03-19 13:39:00,NSE:GAL,2.15,2.15,2.15,2.15,101977.0
2021-03-19 13:42:00,NSE:GAL,2.15,2.15,2.15,2.15,118650.0
2021-03-19 13:45:00,NSE:GAL,2.15,2.15,2.15,2.15,14000.0
2021-03-19 13:51:00,NSE:GAL,2.15,2.15,2.15,2.15,50.0
2021-03-19 14:15:00,NSE:GAL,2.15,2.15,2.15,2.15,150.0
2021-03-19 14:30:00,NSE:GAL,2.15,2.15,2.15,2.15,2025.0
2021-03-19 14:48:00,NSE:GAL,2.15,2.15,2.15,2.15,150.0
2021-03-19 15:00:00,NSE:GAL,2.15,2.2,2.15,2.2,13298.0
2021-03-19 15:03:00,NSE:GAL,2.2,2.2,2.2,2.2,300.0
2021-03-19 15:21:00,NSE:GAL,2.15,2.15,2.15,2.15,8.0
2021-03-19 15:27:00,NSE:GAL,2.2,2.2,2.2,2.2,50.0
2021-03-22 09:06:00,NSE:GAL,2.15,2.15,2.15,2.15,19.0
2021-03-22 09:18:00,NSE:GAL,2.15,2.15,2.15,2.15,500.0
2021-03-22 09:21:00,NSE:GAL,2.25,2.25,2.25,2.25,101.0
2021-03-22 09:24:00,NSE:GAL,2.15,2.15,2.15,2.15,233.0
2021-03-22 09:30:00,NSE:GAL,2.1,2.1,2.1,2.1,15.0
2021-03-22 09:33:00,NSE:GAL,2.05,2.05,2.05,2.05,3101.0
2021-03-22 09:36:00,NSE:GAL,2.05,2.05,2.05,2.05,60340.0
2021-03-22 09:39:00,NSE:GAL,2.05,2.05,2.05,2.05,2504.0
2021-03-22 09:45:00,NSE:GAL,2.2,2.2,2.2,2.2,624.0
2021-03-22 09:54:00,NSE:GAL,2.05,2.05,2.05,2.05,3610.0
2021-03-22 09:57:00,NSE:GAL,2.05,2.05,2.05,2.05,11969.0
2021-03-22 10:00:00,NSE:GAL,2.05,2.05,2.05,2.05,5000.0
2021-03-22 10:03:00,NSE:GAL,2.05,2.05,2.05,2.05,500.0
2021-03-22 10:06:00,NSE:GAL,2.05,2.05,2.05,2.05,200.0
2021-03-22 10:09:00,NSE:GAL,2.05,2.05,2.05,2.05,1049.0
2021-03-22 10:15:00,NSE:GAL,2.05,2.05,2.05,2.05,100.0
2021-03-22 10:18:00,NSE:GAL,2.05,2.05,2.05,2.05,50.0
2021-03-22 10:21:00,NSE:GAL,2.05,2.05,2.05,2.05,205.0
2021-03-22 10:24:00,NSE:GAL,2.05,2.05,2.05,2.05,1500.0
2021-03-22 10:27:00,NSE:GAL,2.05,2.05,2.05,2.05,160.0
2021-03-22 10:33:00,NSE:GAL,2.05,2.05,2.05,2.05,112.0
2021-03-22 10:36:00,NSE:GAL,2.05,2.05,2.05,2.05,5000.0
2021-03-22 10:39:00,NSE:GAL,2.05,2.05,2.05,2.05,10.0
2021-03-22 10:42:00,NSE:GAL,2.05,2.05,2.05,2.05,20.0
2021-03-22 10:45:00,NSE:GAL,2.05,2.05,2.05,2.05,450.0
2021-03-22 10:48:00,NSE:GAL,2.05,2.05,2.05,2.05,5005.0
2021-03-22 10:54:00,NSE:GAL,2.05,2.05,2.05,2.05,200.0
2021-03-22 11:06:00,NSE:GAL,2.05,2.05,2.05,2.05,2400.0
2021-03-22 11:12:00,NSE:GAL,2.05,2.05,2.05,2.05,2000.0
2021-03-22 11:15:00,NSE:GAL,2.05,2.05,2.05,2.05,10.0
2021-03-22 11:21:00,NSE:GAL,2.05,2.05,2.05,2.05,950.0
2021-03-22 11:33:00,NSE:GAL,2.05,2.05,2.05,2.05,250.0
2021-03-22 11:39:00,NSE:GAL,2.05,2.05,2.05,2.05,60.0
2021-03-22 11:48:00,NSE:GAL,2.05,2.05,2.05,2.05,200.0
2021-03-22 11:51:00,NSE:GAL,2.05,2.05,2.05,2.05,10.0
2021-03-22 11:54:00,NSE:GAL,2.05,2.05,2.05,2.05,488.0
2021-03-22 11:57:00,NSE:GAL,2.05,2.05,2.05,2.05,2000.0
2021-03-22 12:09:00,NSE:GAL,2.05,2.05,2.05,2.05,50.0
2021-03-22 12:12:00,NSE:GAL,2.05,2.05,2.05,2.05,112.0
2021-03-22 12:18:00,NSE:GAL,2.05,2.05,2.05,2.05,3045.0
2021-03-22 12:24:00,NSE:GAL,2.05,2.15,2.05,2.15,22187.0
2021-03-22 12:48:00,NSE:GAL,2.05,2.05,2.05,2.05,800.0
2021-03-22 12:51:00,NSE:GAL,2.1,2.1,2.1,2.1,2.0
2021-03-22 12:54:00,NSE:GAL,2.1,2.1,2.1,2.1,100.0
2021-03-22 12:57:00,NSE:GAL,2.1,2.1,2.1,2.1,11.0
2021-03-22 13:03:00,NSE:GAL,2.1,2.1,2.1,2.1,3.0
2021-03-22 13:09:00,NSE:GAL,2.05,2.05,2.05,2.05,11500.0
2021-03-22 13:12:00,NSE:GAL,2.05,2.15,2.05,2.15,17100.0
2021-03-22 13:15:00,NSE:GAL,2.05,2.1,2.05,2.1,5001.0
2021-03-22 13:21:00,NSE:GAL,2.1,2.1,2.1,2.1,1.0
2021-03-22 13:51:00,NSE:GAL,2.1,2.1,2.1,2.1,257.0
2021-03-22 14:03:00,NSE:GAL,2.1,2.1,2.05,2.05,40.0
2021-03-22 14:06:00,NSE:GAL,2.05,2.05,2.05,2.05,23247.0
2021-03-22 14:12:00,NSE:GAL,2.05,2.05,2.05,2.05,1010.0
2021-03-22 14:15:00,NSE:GAL,2.05,2.05,2.05,2.05,19.0
2021-03-22 14:48:00,NSE:GAL,2.05,2.05,2.05,2.05,10.0
2021-03-22 14:51:00,NSE:GAL,2.05,2.05,2.05,2.05,40.0
2021-03-22 14:57:00,NSE:GAL,2.05,2.05,2.05,2.05,513.0
2021-03-22 15:00:00,NSE:GAL,2.05,2.05,2.05,2.05,141.0
2021-03-22 15:12:00,NSE:GAL,2.05,2.05,2.05,2.05,10.0
2021-03-22 15:18:00,NSE:GAL,2.05,2.05,2.05,2.05,1000.0
2021-03-23 09:06:00,NSE:GAL,2.05,2.05,2.05,2.05,5000.0
2021-03-23 09:15:00,NSE:GAL,2.05,2.05,2.05,2.05,1.0
2021-03-23 09:18:00,NSE:GAL,2.05,2.05,2.05,2.05,370.0
2021-03-23 09:21:00,NSE:GAL,2.05,2.05,2.05,2.05,9630.0
2021-03-23 09:24:00,NSE:GAL,1.95,1.95,1.95,1.95,485.0
2021-03-23 09:30:00,NSE:GAL,2.0,2.0,2.0,2.0,500.0
2021-03-23 09:36:00,NSE:GAL,1.95,1.95,1.95,1.95,50000.0
2021-03-23 09:42:00,NSE:GAL,2.0,2.0,2.0,2.0,10.0
2021-03-23 09:45:00,NSE:GAL,2.0,2.0,2.0,2.0,5.0
2021-03-23 09:48:00,NSE:GAL,2.0,2.0,2.0,2.0,3000.0
2021-03-23 09:51:00,NSE:GAL,1.95,2.0,1.95,1.95,65960.0
2021-03-23 09:54:00,NSE:GAL,1.95,1.95,1.95,1.95,115.0
2021-03-23 09:57:00,NSE:GAL,1.95,1.95,1.95,1.95,2500.0
2021-03-23 10:00:00,NSE:GAL,1.95,1.95,1.95,1.95,274.0
2021-03-23 10:03:00,NSE:GAL,1.95,1.95,1.95,1.95,1100.0
2021-03-23 10:06:00,NSE:GAL,1.95,2.0,1.95,1.95,18209.0
2021-03-23 10:09:00,NSE:GAL,2.0,2.0,2.0,2.0,20.0
2021-03-23 10:12:00,NSE:GAL,2.0,2.0,1.95,1.95,13371.0
2021-03-23 10:15:00,NSE:GAL,2.0,2.0,2.0,2.0,20.0
2021-03-23 10:21:00,NSE:GAL,2.0,2.0,2.0,2.0,20.0
2021-03-23 10:30:00,NSE:GAL,2.0,2.0,2.0,2.0,44.0
2021-03-23 10:33:00,NSE:GAL,2.0,2.0,2.0,2.0,200.0
2021-03-23 10:42:00,NSE:GAL,2.0,2.0,2.0,2.0,50.0
2021-03-23 10:48:00,NSE:GAL,2.0,2.0,2.0,2.0,1000.0
2021-03-23 10:51:00,NSE:GAL,1.95,1.95,1.95,1.95,1125.0
2021-03-23 10:57:00,NSE:GAL,1.95,1.95,1.95,1.95,50.0
2021-03-23 11:00:00,NSE:GAL,2.0,2.0,2.0,2.0,63.0
2021-03-23 11:15:00,NSE:GAL,2.0,2.0,1.95,1.95,101.0
2021-03-23 11:18:00,NSE:GAL,2.0,2.0,2.0,2.0,25.0
2021-03-23 11:24:00,NSE:GAL,2.0,2.0,2.0,2.0,1000.0
2021-03-23 11:33:00,NSE:GAL,2.0,2.0,2.0,2.0,8.0
2021-03-23 12:03:00,NSE:GAL,2.0,2.0,2.0,2.0,358.0
2021-03-23 12:24:00,NSE:GAL,2.0,2.0,1.95,1.95,2.0
2021-03-23 12:27:00,NSE:GAL,2.0,2.0,2.0,2.0,90.0
2021-03-23 12:33:00,NSE:GAL,2.0,2.0,2.0,2.0,40.0
2021-03-23 12:48:00,NSE:GAL,1.95,1.95,1.95,1.95,240.0
2021-03-23 13:09:00,NSE:GAL,2.0,2.0,2.0,2.0,300.0
2021-03-23 13:18:00,NSE:GAL,1.95,1.95,1.95,1.95,25000.0
2021-03-23 13:21:00,NSE:GAL,1.95,1.95,1.95,1.95,100.0
2021-03-23 13:30:00,NSE:GAL,1.95,2.0,1.95,2.0,1082.0
2021-03-23 13:39:00,NSE:GAL,2.0,2.0,2.0,2.0,1.0
2021-03-23 13:42:00,NSE:GAL,2.0,2.0,2.0,2.0,1.0
2021-03-23 13:51:00,NSE:GAL,2.0,2.0,2.0,2.0,5.0
2021-03-23 13:54:00,NSE:GAL,2.0,2.0,2.0,2.0,2500.0
2021-03-23 14:09:00,NSE:GAL,2.0,2.0,2.0,2.0,10.0
2021-03-23 14:15:00,NSE:GAL,2.0,2.0,1.95,1.95,6.0
2021-03-23 14:21:00,NSE:GAL,2.0,2.0,2.0,2.0,950.0
2021-03-23 14:51:00,NSE:GAL,2.0,2.0,2.0,2.0,500.0
2021-03-23 15:00:00,NSE:GAL,2.0,2.0,2.0,2.0,400.0
2021-03-23 15:12:00,NSE:GAL,2.0,2.0,2.0,2.0,200.0
2021-03-23 15:15:00,NSE:GAL,2.0,2.0,2.0,2.0,23499.0
2021-03-23 15:27:00,NSE:GAL,2.0,2.1,2.0,2.0,12951.0
2021-03-24 09:06:00,NSE:GAL,1.9,1.9,1.9,1.9,2482.0
2021-03-24 09:18:00,NSE:GAL,2.05,2.05,1.95,2.05,410.0
2021-03-24 09:21:00,NSE:GAL,2.05,2.05,1.95,1.95,2750.0
2021-03-24 09:24:00,NSE:GAL,2.0,2.0,2.0,2.0,404.0
2021-03-24 09:27:00,NSE:GAL,1.95,2.0,1.95,2.0,51.0
2021-03-24 09:30:00,NSE:GAL,2.0,2.0,2.0,2.0,20.0
2021-03-24 09:33:00,NSE:GAL,1.95,1.95,1.95,1.95,404.0
2021-03-24 09:36:00,NSE:GAL,2.0,2.0,2.0,2.0,2000.0
2021-03-24 09:45:00,NSE:GAL,2.0,2.0,2.0,2.0,300.0
2021-03-24 09:54:00,NSE:GAL,2.0,2.0,2.0,2.0,325.0
2021-03-24 10:18:00,NSE:GAL,2.0,2.0,2.0,2.0,202.0
2021-03-24 10:42:00,NSE:GAL,2.0,2.0,2.0,2.0,150.0
2021-03-24 10:54:00,NSE:GAL,1.95,1.95,1.95,1.95,107.0
2021-03-24 11:00:00,NSE:GAL,1.95,1.95,1.95,1.95,2.0
2021-03-24 11:06:00,NSE:GAL,2.0,2.0,2.0,2.0,20.0
2021-03-24 11:09:00,NSE:GAL,1.95,1.95,1.95,1.95,44.0
2021-03-24 11:12:00,NSE:GAL,1.95,1.95,1.95,1.95,30.0
2021-03-24 11:21:00,NSE:GAL,2.0,2.0,2.0,2.0,1.0
2021-03-24 12:09:00,NSE:GAL,1.95,1.95,1.95,1.95,15.0
2021-03-24 12:12:00,NSE:GAL,2.05,2.05,2.05,2.05,503.0
2021-03-24 12:15:00,NSE:GAL,1.95,1.95,1.95,1.95,220.0
2021-03-24 12:30:00,NSE:GAL,1.95,2.0,1.95,2.0,47.0
2021-03-24 13:00:00,NSE:GAL,2.05,2.05,2.05,2.05,105.0
2021-03-24 13:06:00,NSE:GAL,2.05,2.05,2.05,2.05,10.0
2021-03-24 13:24:00,NSE:GAL,2.05,2.05,2.05,2.05,286.0
2021-03-24 13:27:00,NSE:GAL,2.0,2.0,2.0,2.0,12.0
2021-03-24 13:30:00,NSE:GAL,2.0,2.0,2.0,2.0,20.0
2021-03-24 13:33:00,NSE:GAL,2.0,2.0,2.0,2.0,482.0
2021-03-24 13:36:00,NSE:GAL,2.05,2.05,2.05,2.05,5.0
2021-03-24 14:06:00,NSE:GAL,2.05,2.05,2.05,2.05,50.0
2021-03-24 14:30:00,NSE:GAL,2.0,2.0,2.0,2.0,50.0
2021-03-24 14:48:00,NSE:GAL,2.0,2.0,2.0,2.0,5.0
2021-03-24 14:51:00,NSE:GAL,2.0,2.0,2.0,2.0,100.0
2021-03-24 14:57:00,NSE:GAL,2.0,2.0,2.0,2.0,2.0
2021-03-24 15:03:00,NSE:GAL,2.0,2.0,2.0,2.0,435.0
2021-03-24 15:15:00,NSE:GAL,2.05,2.05,2.05,2.05,500.0
2021-03-24 15:18:00,NSE:GAL,2.05,2.05,2.05,2.05,131.0
2021-03-24 15:21:00,NSE:GAL,2.05,2.05,2.05,2.05,569.0
2021-03-24 15:27:00,NSE:GAL,2.05,2.05,2.05,2.05,150.0
2021-03-25 09:06:00,NSE:GAL,2.1,2.1,2.1,2.1,200.0
2021-03-25 09:15:00,NSE:GAL,2.1,2.1,2.0,2.0,952.0
2021-03-25 09:18:00,NSE:GAL,2.0,2.0,2.0,2.0,84.0
2021-03-25 09:30:00,NSE:GAL,2.0,2.0,2.0,2.0,3202.0
2021-03-25 09:36:00,NSE:GAL,2.0,2.0,2.0,2.0,50.0
2021-03-25 09:39:00,NSE:GAL,2.05,2.05,2.05,2.05,2749.0
2021-03-25 09:42:00,NSE:GAL,2.05,2.05,2.05,2.05,1.0
2021-03-25 09:57:00,NSE:GAL,2.05,2.05,2.05,2.05,15.0
2021-03-25 10:03:00,NSE:GAL,2.0,2.0,2.0,2.0,75.0
2021-03-25 10:15:00,NSE:GAL,2.05,2.05,2.0,2.0,1044.0
2021-03-25 10:18:00,NSE:GAL,2.05,2.05,2.05,2.05,2.0
2021-03-25 10:30:00,NSE:GAL,2.05,2.05,2.05,2.05,2200.0
2021-03-25 10:51:00,NSE:GAL,1.95,1.95,1.95,1.95,3.0
2021-03-25 10:57:00,NSE:GAL,2.0,2.0,2.0,2.0,10.0
2021-03-25 11:06:00,NSE:GAL,2.05,2.05,2.05,2.05,1.0
2021-03-25 11:39:00,NSE:GAL,2.05,2.05,2.05,2.05,100.0
2021-03-25 12:06:00,NSE:GAL,2.05,2.05,2.05,2.05,1.0
2021-03-25 12:21:00,NSE:GAL,1.95,1.95,1.95,1.95,3.0
2021-03-25 12:24:00,NSE:GAL,1.95,1.95,1.95,1.95,1.0
2021-03-25 12:27:00,NSE:GAL,1.95,1.95,1.95,1.95,25.0
2021-03-25 12:36:00,NSE:GAL,2.0,2.0,2.0,2.0,9.0
2021-03-25 12:39:00,NSE:GAL,2.0,2.05,2.0,2.05,10000.0
2021-03-25 12:48:00,NSE:GAL,2.0,2.0,2.0,2.0,30.0
2021-03-25 12:51:00,NSE:GAL,1.95,1.95,1.95,1.95,30.0
2021-03-25 12:54:00,NSE:GAL,1.95,1.95,1.95,1.95,1850.0
2021-03-25 12:57:00,NSE:GAL,2.0,2.0,2.0,2.0,5000.0
2021-03-25 13:00:00,NSE:GAL,2.0,2.0,2.0,2.0,10000.0
2021-03-25 13:03:00,NSE:GAL,2.0,2.0,2.0,2.0,30000.0
2021-03-25 13:06:00,NSE:GAL,2.0,2.0,2.0,2.0,50000.0
2021-03-25 13:18:00,NSE:GAL,2.0,2.0,2.0,2.0,25000.0
2021-03-25 13:21:00,NSE:GAL,2.0,2.0,2.0,2.0,15000.0
2021-03-25 13:24:00,NSE:GAL,2.0,2.0,2.0,2.0,10000.0
2021-03-25 13:27:00,NSE:GAL,2.0,2.0,2.0,2.0,20000.0
2021-03-25 13:30:00,NSE:GAL,2.0,2.0,2.0,2.0,5000.0
2021-03-25 13:39:00,NSE:GAL,1.95,1.95,1.95,1.95,1144.0
2021-03-25 13:42:00,NSE:GAL,2.0,2.0,2.0,2.0,14.0
2021-03-25 13:45:00,NSE:GAL,2.0,2.0,2.0,2.0,50.0
2021-03-25 13:48:00,NSE:GAL,2.0,2.0,2.0,2.0,9000.0
2021-03-25 13:54:00,NSE:GAL,2.0,2.0,2.0,2.0,70.0
2021-03-25 14:00:00,NSE:GAL,2.0,2.0,2.0,2.0,5000.0
2021-03-25 14:03:00,NSE:GAL,2.0,2.0,2.0,2.0,14859.0
2021-03-25 14:15:00,NSE:GAL,2.0,2.0,2.0,2.0,502.0
2021-03-25 14:21:00,NSE:GAL,2.0,2.0,2.0,2.0,500.0
2021-03-25 14:27:00,NSE:GAL,1.95,1.95,1.95,1.95,601.0
2021-03-25 14:48:00,NSE:GAL,2.0,2.0,2.0,2.0,1000.0
2021-03-25 15:00:00,NSE:GAL,2.0,2.0,2.0,2.0,50.0
2021-03-25 15:27:00,NSE:GAL,2.0,2.0,2.0,2.0,10389.0
2021-03-26 09:15:00,NSE:GAL,2.05,2.05,2.05,2.05,1500.0
2021-03-26 09:21:00,NSE:GAL,2.05,2.05,2.05,2.05,33.0
2021-03-26 09:24:00,NSE:GAL,1.9,1.9,1.9,1.9,503.0
2021-03-26 09:27:00,NSE:GAL,2.05,2.05,2.05,2.05,5309.0
2021-03-26 09:33:00,NSE:GAL,2.05,2.05,2.05,2.05,6.0
2021-03-26 09:54:00,NSE:GAL,2.05,2.05,2.05,2.05,4.0
2021-03-26 10:12:00,NSE:GAL,2.05,2.05,2.05,2.05,5.0
2021-03-26 10:15:00,NSE:GAL,2.05,2.05,2.05,2.05,10.0
2021-03-26 10:27:00,NSE:GAL,2.05,2.05,2.05,2.05,2.0
2021-03-26 10:33:00,NSE:GAL,2.05,2.05,2.05,2.05,250.0
2021-03-26 10:42:00,NSE:GAL,2.05,2.05,2.05,2.05,5.0
2021-03-26 10:45:00,NSE:GAL,2.05,2.05,2.05,2.05,35.0
2021-03-26 10:54:00,NSE:GAL,2.05,2.05,2.05,2.05,10.0
2021-03-26 10:57:00,NSE:GAL,2.05,2.05,2.05,2.05,10.0
2021-03-26 11:00:00,NSE:GAL,2.05,2.05,2.0,2.0,527.0
2021-03-26 11:03:00,NSE:GAL,2.05,2.05,2.05,2.05,40.0
2021-03-26 11:12:00,NSE:GAL,2.05,2.05,2.05,2.05,8.0
2021-03-26 11:15:00,NSE:GAL,1.95,1.95,1.95,1.95,4011.0
2021-03-26 11:21:00,NSE:GAL,2.05,2.05,2.05,2.05,100.0
2021-03-26 11:33:00,NSE:GAL,1.95,1.95,1.95,1.95,5.0
2021-03-26 11:42:00,NSE:GAL,1.95,1.95,1.95,1.95,120.0
2021-03-26 11:45:00,NSE:GAL,2.05,2.05,2.05,2.05,1.0
2021-03-26 12:00:00,NSE:GAL,2.05,2.05,1.95,1.95,2001.0
2021-03-26 12:03:00,NSE:GAL,1.95,2.0,1.95,2.0,1153.0
2021-03-26 12:06:00,NSE:GAL,2.0,2.0,2.0,2.0,4297.0
2021-03-26 12:24:00,NSE:GAL,2.05,2.05,2.05,2.05,2480.0
2021-03-26 12:27:00,NSE:GAL,1.95,2.05,1.95,1.95,4489.0
2021-03-26 12:33:00,NSE:GAL,2.05,2.05,2.05,2.05,20.0
2021-03-26 12:36:00,NSE:GAL,1.95,2.05,1.95,1.95,70.0
2021-03-26 12:54:00,NSE:GAL,2.05,2.05,1.95,1.95,4.0
2021-03-26 13:21:00,NSE:GAL,2.05,2.05,2.05,2.05,1.0
2021-03-26 13:33:00,NSE:GAL,2.0,2.0,2.0,2.0,8.0
2021-03-26 13:45:00,NSE:GAL,2.0,2.0,2.0,2.0,45.0
2021-03-26 13:51:00,NSE:GAL,2.0,2.0,2.0,2.0,2500.0
2021-03-26 14:00:00,NSE:GAL,2.0,2.0,2.0,2.0,500.0
2021-03-26 14:06:00,NSE:GAL,2.0,2.0,2.0,2.0,1.0
2021-03-26 14:18:00,NSE:GAL,2.0,2.0,2.0,2.0,1660.0
2021-03-26 14:27:00,NSE:GAL,2.0,2.0,2.0,2.0,200.0
2021-03-26 14:30:00,NSE:GAL,2.0,2.0,2.0,2.0,1.0
2021-03-26 14:51:00,NSE:GAL,1.95,1.95,1.95,1.95,5085.0
2021-03-26 15:00:00,NSE:GAL,2.05,2.05,2.05,2.05,10.0
2021-03-26 15:24:00,NSE:GAL,2.05,2.05,2.05,2.05,10.0
2021-03-26 15:27:00,NSE:GAL,2.05,2.05,2.05,2.05,12.0
2021-03-30 09:06:00,NSE:GAL,2.05,2.05,2.05,2.05,10.0
2021-03-30 09:15:00,NSE:GAL,2.05,2.05,2.05,2.05,2.0
2021-03-30 09:18:00,NSE:GAL,2.05,2.05,2.05,2.05,10.0
2021-03-30 09:21:00,NSE:GAL,2.05,2.05,2.05,2.05,200.0
2021-03-30 09:33:00,NSE:GAL,2.05,2.05,2.05,2.05,10.0
2021-03-30 09:39:00,NSE:GAL,2.05,2.05,2.05,2.05,2.0
2021-03-30 09:45:00,NSE:GAL,2.05,2.05,2.05,2.05,3.0
2021-03-30 09:48:00,NSE:GAL,2.05,2.05,2.0,2.0,2.0
2021-03-30 09:51:00,NSE:GAL,2.05,2.05,2.05,2.05,97.0
2021-03-30 09:57:00,NSE:GAL,2.05,2.05,2.05,2.05,100.0
2021-03-30 10:00:00,NSE:GAL,2.0,2.05,1.95,1.95,120.0
2021-03-30 10:03:00,NSE:GAL,2.05,2.05,2.05,2.05,400.0
2021-03-30 10:21:00,NSE:GAL,1.95,2.05,1.95,2.05,36.0
2021-03-30 10:36:00,NSE:GAL,2.05,2.05,2.05,2.05,5.0
2021-03-30 10:57:00,NSE:GAL,1.95,1.95,1.95,1.95,3.0
2021-03-30 11:00:00,NSE:GAL,2.0,2.0,2.0,2.0,1.0
2021-03-30 11:03:00,NSE:GAL,2.05,2.05,2.05,2.05,3.0
2021-03-30 11:27:00,NSE:GAL,1.95,1.95,1.95,1.95,5782.0
2021-03-30 11:30:00,NSE:GAL,1.95,2.1,1.95,1.95,67230.0
2021-03-30 11:33:00,NSE:GAL,2.05,2.05,2.05,2.05,1000.0
2021-03-30 11:42:00,NSE:GAL,2.05,2.05,2.05,2.05,1.0
2021-03-30 11:48:00,NSE:GAL,2.05,2.05,2.05,2.05,250.0
2021-03-30 12:03:00,NSE:GAL,2.05,2.05,2.05,2.05,1268.0
2021-03-30 12:21:00,NSE:GAL,1.95,2.05,1.95,2.05,200.0
2021-03-30 12:36:00,NSE:GAL,2.05,2.05,2.05,2.05,500.0
2021-03-30 12:42:00,NSE:GAL,2.05,2.05,1.95,2.05,90.0
2021-03-30 12:45:00,NSE:GAL,2.05,2.05,2.05,2.05,4000.0
2021-03-30 12:48:00,NSE:GAL,2.05,2.05,2.05,2.05,15.0
2021-03-30 12:57:00,NSE:GAL,2.05,2.05,2.05,2.05,10.0
2021-03-30 13:03:00,NSE:GAL,2.05,2.05,2.05,2.05,2.0
2021-03-30 13:06:00,NSE:GAL,2.05,2.05,1.95,2.05,4020.0
2021-03-30 13:12:00,NSE:GAL,2.05,2.05,1.95,1.95,120.0
2021-03-30 13:15:00,NSE:GAL,2.05,2.05,1.95,2.05,125.0
2021-03-30 13:18:00,NSE:GAL,1.95,2.05,1.95,2.05,26.0
2021-03-30 13:48:00,NSE:GAL,2.05,2.05,2.05,2.05,13.0
2021-03-30 14:06:00,NSE:GAL,1.95,1.95,1.95,1.95,250.0
2021-03-30 14:12:00,NSE:GAL,2.05,2.05,2.05,2.05,320.0
2021-03-30 14:15:00,NSE:GAL,2.0,2.0,2.0,2.0,17.0
2021-03-30 15:00:00,NSE:GAL,2.05,2.05,2.05,2.05,50.0
2021-03-30 15:06:00,NSE:GAL,2.0,2.0,2.0,2.0,200.0
2021-03-30 15:09:00,NSE:GAL,2.0,2.05,2.0,2.05,6765.0
2021-03-30 15:15:00,NSE:GAL,2.05,2.05,2.05,2.05,450.0
2021-03-30 15:21:00,NSE:GAL,1.95,1.95,1.95,1.95,30.0
2021-03-30 15:27:00,NSE:GAL,2.1,2.1,2.1,2.1,2100.0
2021-03-31 09:06:00,NSE:GAL,2.0,2.0,2.0,2.0,1002.0
2021-03-31 09:15:00,NSE:GAL,2.0,2.0,2.0,2.0,47.0
2021-03-31 09:21:00,NSE:GAL,2.0,2.0,2.0,2.0,10.0
2021-03-31 09:27:00,NSE:GAL,2.0,2.0,2.0,2.0,159.0
2021-03-31 09:48:00,NSE:GAL,1.9,2.0,1.9,2.0,350.0
2021-03-31 09:51:00,NSE:GAL,2.0,2.0,2.0,2.0,15.0
2021-03-31 09:54:00,NSE:GAL,2.0,2.0,2.0,2.0,10.0
2021-03-31 10:00:00,NSE:GAL,2.0,2.0,2.0,2.0,2.0
2021-03-31 10:06:00,NSE:GAL,2.0,2.0,2.0,2.0,3100.0
2021-03-31 10:18:00,NSE:GAL,2.0,2.0,2.0,2.0,7.0
2021-03-31 10:21:00,NSE:GAL,2.0,2.0,2.0,2.0,48.0
2021-03-31 10:24:00,NSE:GAL,1.95,2.0,1.95,2.0,17.0
2021-03-31 10:27:00,NSE:GAL,2.0,2.0,2.0,2.0,3.0
2021-03-31 10:30:00,NSE:GAL,2.0,2.0,2.0,2.0,6.0
2021-03-31 10:42:00,NSE:GAL,1.95,1.95,1.95,1.95,1.0
2021-03-31 10:45:00,NSE:GAL,2.0,2.0,2.0,2.0,112.0
2021-03-31 10:57:00,NSE:GAL,2.0,2.0,2.0,2.0,10.0
2021-03-31 11:03:00,NSE:GAL,1.95,1.95,1.95,1.95,2.0
2021-03-31 11:06:00,NSE:GAL,2.0,2.0,2.0,2.0,200.0
2021-03-31 11:09:00,NSE:GAL,1.95,1.95,1.9,1.9,3650.0
2021-03-31 11:15:00,NSE:GAL,2.0,2.0,2.0,2.0,500.0
2021-03-31 11:21:00,NSE:GAL,2.0,2.0,2.0,2.0,3.0
2021-03-31 11:30:00,NSE:GAL,2.0,2.0,2.0,2.0,10.0
2021-03-31 11:42:00,NSE:GAL,1.95,1.95,1.95,1.95,10.0
2021-03-31 11:48:00,NSE:GAL,2.0,2.0,2.0,2.0,240.0
2021-03-31 12:00:00,NSE:GAL,2.0,2.0,2.0,2.0,50.0
2021-03-31 12:06:00,NSE:GAL,2.0,2.0,2.0,2.0,720.0
2021-03-31 12:27:00,NSE:GAL,2.0,2.0,2.0,2.0,191.0
2021-03-31 12:45:00,NSE:GAL,2.0,2.0,2.0,2.0,2000.0
2021-03-31 12:48:00,NSE:GAL,1.95,1.95,1.95,1.95,9433.0
2021-03-31 12:54:00,NSE:GAL,1.95,1.95,1.95,1.95,50.0
2021-03-31 12:57:00,NSE:GAL,1.9,1.9,1.9,1.9,8.0
2021-03-31 13:03:00,NSE:GAL,1.95,1.95,1.95,1.95,100.0
2021-03-31 13:06:00,NSE:GAL,1.95,1.95,1.9,1.95,13.0
2021-03-31 13:09:00,NSE:GAL,1.9,1.9,1.9,1.9,2500.0
2021-03-31 13:12:00,NSE:GAL,1.9,1.9,1.9,1.9,500.0
2021-03-31 13:15:00,NSE:GAL,1.95,1.95,1.95,1.95,100.0
2021-03-31 13:21:00,NSE:GAL,1.95,1.95,1.95,1.95,20.0
2021-03-31 13:27:00,NSE:GAL,1.95,1.95,1.95,1.95,2460.0
2021-03-31 13:39:00,NSE:GAL,1.95,1.95,1.95,1.95,25.0
2021-03-31 13:51:00,NSE:GAL,1.9,1.95,1.9,1.9,600.0
2021-03-31 14:03:00,NSE:GAL,1.95,1.95,1.95,1.95,100.0
2021-03-31 14:06:00,NSE:GAL,1.95,1.95,1.95,1.95,9.0
2021-03-31 14:24:00,NSE:GAL,1.95,1.95,1.95,1.95,50.0
2021-03-31 14:30:00,NSE:GAL,1.95,1.95,1.95,1.95,400.0
2021-03-31 14:36:00,NSE:GAL,1.95,1.95,1.95,1.95,45.0
2021-03-31 14:42:00,NSE:GAL,1.95,1.95,1.9,1.9,2.0
2021-03-31 14:45:00,NSE:GAL,1.95,1.95,1.95,1.95,320.0
2021-03-31 14:57:00,NSE:GAL,1.95,1.95,1.95,1.95,20.0
2021-03-31 15:15:00,NSE:GAL,1.95,1.95,1.95,1.95,100.0
2021-03-31 15:18:00,NSE:GAL,1.95,1.95,1.95,1.95,50.0
2021-03-31 15:21:00,NSE:GAL,1.9,1.9,1.9,1.9,4859.0
2021-03-31 15:24:00,NSE:GAL,1.9,1.9,1.9,1.9,201.0
2021-03-31 15:27:00,NSE:GAL,1.9,2.0,1.9,2.0,400.0
2021-04-01 09:06:00,NSE:GAL,1.95,1.95,1.95,1.95,540.0
2021-04-01 09:24:00,NSE:GAL,1.95,1.95,1.95,1.95,442.0
2021-04-01 09:27:00,NSE:GAL,1.95,1.95,1.95,1.95,210.0
2021-04-01 09:36:00,NSE:GAL,1.95,1.95,1.95,1.95,24.0
2021-04-01 09:57:00,NSE:GAL,1.95,1.95,1.95,1.95,15.0
2021-04-01 10:00:00,NSE:GAL,1.95,1.95,1.95,1.95,69.0
2021-04-01 10:06:00,NSE:GAL,1.95,1.95,1.95,1.95,10000.0
2021-04-01 10:09:00,NSE:GAL,1.95,1.95,1.95,1.95,100.0
2021-04-01 10:12:00,NSE:GAL,1.95,1.95,1.95,1.95,500.0
2021-04-01 10:15:00,NSE:GAL,1.95,1.95,1.95,1.95,3.0
2021-04-01 10:27:00,NSE:GAL,1.9,1.95,1.9,1.95,188.0
2021-04-01 10:51:00,NSE:GAL,1.95,1.95,1.95,1.95,100.0
2021-04-01 11:06:00,NSE:GAL,1.95,1.95,1.95,1.95,50.0
2021-04-01 11:09:00,NSE:GAL,1.95,1.95,1.95,1.95,251.0
2021-04-01 11:24:00,NSE:GAL,1.95,1.95,1.95,1.95,4.0
2021-04-01 11:27:00,NSE:GAL,1.95,1.95,1.95,1.95,327.0
2021-04-01 11:36:00,NSE:GAL,1.95,1.95,1.95,1.95,21.0
2021-04-01 11:45:00,NSE:GAL,1.95,1.95,1.95,1.95,2000.0
2021-04-01 12:00:00,NSE:GAL,1.95,1.95,1.95,1.95,15.0
2021-04-01 12:12:00,NSE:GAL,1.95,1.95,1.95,1.95,101.0
2021-04-01 12:15:00,NSE:GAL,1.9,1.9,1.9,1.9,101.0
2021-04-01 12:54:00,NSE:GAL,1.9,1.9,1.9,1.9,500.0
2021-04-01 13:06:00,NSE:GAL,1.95,1.95,1.95,1.95,6900.0
2021-04-01 13:12:00,NSE:GAL,1.95,1.95,1.95,1.95,300.0
2021-04-01 13:15:00,NSE:GAL,1.95,1.95,1.95,1.95,250.0
2021-04-01 13:18:00,NSE:GAL,1.95,1.95,1.9,1.9,301.0
2021-04-01 13:24:00,NSE:GAL,1.95,1.95,1.95,1.95,1000.0
2021-04-01 13:39:00,NSE:GAL,1.95,1.95,1.95,1.95,1003.0
2021-04-01 13:45:00,NSE:GAL,1.95,1.95,1.95,1.95,5.0
2021-04-01 13:51:00,NSE:GAL,1.95,1.95,1.95,1.95,1.0
2021-04-01 13:54:00,NSE:GAL,1.95,1.95,1.95,1.95,50.0
2021-04-01 14:18:00,NSE:GAL,1.9,1.9,1.9,1.9,2.0
2021-04-01 14:24:00,NSE:GAL,1.95,1.95,1.95,1.95,1.0
2021-04-01 14:30:00,NSE:GAL,1.95,1.95,1.95,1.95,76.0
2021-04-01 14:33:00,NSE:GAL,1.95,1.95,1.95,1.95,6115.0
2021-04-01 14:36:00,NSE:GAL,1.95,1.95,1.95,1.95,5000.0
2021-04-01 14:51:00,NSE:GAL,1.95,1.95,1.95,1.95,18.0
2021-04-01 14:54:00,NSE:GAL,1.9,1.9,1.9,1.9,400.0
2021-04-01 14:57:00,NSE:GAL,1.95,1.95,1.95,1.95,10001.0
2021-04-01 15:00:00,NSE:GAL,1.95,1.95,1.95,1.95,1900.0
2021-04-01 15:18:00,NSE:GAL,1.95,1.95,1.95,1.95,520.0
2021-04-01 15:21:00,NSE:GAL,1.95,1.95,1.9,1.95,184.0
2021-04-01 15:24:00,NSE:GAL,1.95,1.95,1.95,1.95,6001.0
2021-04-01 15:27:00,NSE:GAL,1.95,1.95,1.9,1.95,3741.0
2021-04-05 09:06:00,NSE:GAL,1.95,1.95,1.95,1.95,32.0
2021-04-05 09:15:00,NSE:GAL,2.0,2.0,2.0,2.0,500.0
2021-04-05 09:33:00,NSE:GAL,1.95,1.95,1.95,1.95,5016.0
2021-04-05 09:36:00,NSE:GAL,1.95,1.95,1.95,1.95,1479.0
2021-04-05 09:39:00,NSE:GAL,1.9,1.9,1.9,1.9,15.0
2021-04-05 09:51:00,NSE:GAL,1.95,1.95,1.95,1.95,100.0
2021-04-05 09:54:00,NSE:GAL,1.95,1.95,1.95,1.95,50.0
2021-04-05 10:00:00,NSE:GAL,1.95,1.95,1.95,1.95,52.0
2021-04-05 10:06:00,NSE:GAL,1.95,1.95,1.95,1.95,1.0
2021-04-05 10:09:00,NSE:GAL,1.9,1.9,1.9,1.9,548.0
2021-04-05 10:24:00,NSE:GAL,1.95,1.95,1.95,1.95,100.0
2021-04-05 10:27:00,NSE:GAL,1.95,1.95,1.9,1.9,7.0
2021-04-05 10:30:00,NSE:GAL,1.95,1.95,1.9,1.9,1024.0
2021-04-05 10:45:00,NSE:GAL,1.9,1.9,1.9,1.9,500.0
2021-04-05 10:54:00,NSE:GAL,1.95,1.95,1.9,1.9,370.0
2021-04-05 11:06:00,NSE:GAL,1.95,1.95,1.95,1.95,6.0
2021-04-05 11:09:00,NSE:GAL,1.95,1.95,1.95,1.95,100.0
2021-04-05 11:24:00,NSE:GAL,1.95,1.95,1.95,1.95,20.0
2021-04-05 11:27:00,NSE:GAL,1.95,1.95,1.95,1.95,130.0
2021-04-05 11:30:00,NSE:GAL,1.95,1.95,1.95,1.95,30.0
2021-04-05 11:36:00,NSE:GAL,1.9,1.9,1.9,1.9,500.0
2021-04-05 12:03:00,NSE:GAL,1.95,1.95,1.9,1.9,517.0
2021-04-05 12:45:00,NSE:GAL,1.9,1.9,1.9,1.9,10.0
2021-04-05 12:48:00,NSE:GAL,1.95,1.95,1.95,1.95,10.0
2021-04-05 12:54:00,NSE:GAL,1.9,1.9,1.9,1.9,1000.0
2021-04-05 13:00:00,NSE:GAL,1.9,1.9,1.9,1.9,1000.0
2021-04-05 13:18:00,NSE:GAL,1.95,1.95,1.95,1.95,40.0
2021-04-05 13:24:00,NSE:GAL,1.9,1.9,1.9,1.9,16473.0
2021-04-05 13:39:00,NSE:GAL,1.95,1.95,1.95,1.95,1.0
2021-04-05 14:09:00,NSE:GAL,1.95,1.95,1.95,1.95,100.0
2021-04-05 14:42:00,NSE:GAL,1.9,1.9,1.9,1.9,450.0
2021-04-05 15:03:00,NSE:GAL,1.95,1.95,1.95,1.95,500.0
2021-04-05 15:09:00,NSE:GAL,1.95,1.95,1.95,1.95,38.0
2021-04-05 15:21:00,NSE:GAL,1.95,1.95,1.95,1.95,5.0
2021-04-05 15:24:00,NSE:GAL,1.95,1.95,1.95,1.95,1002.0
2021-04-06 09:06:00,NSE:GAL,2.0,2.0,2.0,2.0,2.0
2021-04-06 09:15:00,NSE:GAL,1.9,1.9,1.9,1.9,3012.0
2021-04-06 09:18:00,NSE:GAL,1.95,1.95,1.95,1.95,100.0
2021-04-06 09:27:00,NSE:GAL,1.95,1.95,1.95,1.95,17.0
2021-04-06 09:30:00,NSE:GAL,1.95,1.95,1.95,1.95,1.0
2021-04-06 09:33:00,NSE:GAL,1.9,1.95,1.9,1.95,286.0
2021-04-06 09:36:00,NSE:GAL,1.95,1.95,1.9,1.9,84.0
2021-04-06 09:42:00,NSE:GAL,1.95,1.95,1.95,1.95,397.0
2021-04-06 09:48:00,NSE:GAL,2.0,2.0,2.0,2.0,143.0
2021-04-06 09:51:00,NSE:GAL,2.0,2.0,2.0,2.0,150.0
2021-04-06 10:24:00,NSE:GAL,1.95,1.95,1.95,1.95,12108.0
2021-04-06 10:30:00,NSE:GAL,1.95,2.0,1.95,2.0,556.0
2021-04-06 10:42:00,NSE:GAL,1.95,2.0,1.95,2.0,47.0
2021-04-06 10:45:00,NSE:GAL,2.0,2.0,2.0,2.0,25.0
2021-04-06 10:54:00,NSE:GAL,1.95,1.95,1.95,1.95,111.0
2021-04-06 11:18:00,NSE:GAL,2.0,2.0,2.0,2.0,1.0
2021-04-06 11:30:00,NSE:GAL,1.95,1.95,1.95,1.95,1900.0
2021-04-06 11:33:00,NSE:GAL,1.95,1.95,1.95,1.95,1.0
2021-04-06 11:54:00,NSE:GAL,1.95,1.95,1.95,1.95,5.0
2021-04-06 11:57:00,NSE:GAL,1.95,1.95,1.95,1.95,10.0
2021-04-06 12:00:00,NSE:GAL,2.0,2.0,2.0,2.0,100.0
2021-04-06 12:09:00,NSE:GAL,2.0,2.0,2.0,2.0,99.0
2021-04-06 12:24:00,NSE:GAL,2.0,2.0,2.0,2.0,350.0
2021-04-06 12:27:00,NSE:GAL,2.0,2.0,2.0,2.0,500.0
2021-04-06 12:51:00,NSE:GAL,2.0,2.0,2.0,2.0,90.0
2021-04-06 13:03:00,NSE:GAL,2.0,2.0,2.0,2.0,50.0
2021-04-06 13:18:00,NSE:GAL,2.0,2.0,2.0,2.0,200.0
2021-04-06 13:36:00,NSE:GAL,2.0,2.0,2.0,2.0,20.0
2021-04-06 13:45:00,NSE:GAL,2.0,2.0,2.0,2.0,10.0
2021-04-06 13:51:00,NSE:GAL,1.95,1.95,1.95,1.95,300.0
2021-04-06 14:06:00,NSE:GAL,2.0,2.0,2.0,2.0,1.0
2021-04-06 14:30:00,NSE:GAL,2.0,2.0,2.0,2.0,11.0
2021-04-06 15:03:00,NSE:GAL,2.0,2.0,1.95,1.95,238.0
2021-04-06 15:24:00,NSE:GAL,1.95,2.0,1.95,2.0,1812.0
2021-04-06 15:27:00,NSE:GAL,2.0,2.0,2.0,2.0,500.0
2021-04-07 09:33:00,NSE:GAL,2.05,2.05,2.0,2.0,2.0
2021-04-07 09:39:00,NSE:GAL,2.0,2.0,2.0,2.0,209.0
2021-04-07 09:42:00,NSE:GAL,2.0,2.0,2.0,2.0,4.0
2021-04-07 09:45:00,NSE:GAL,2.0,2.0,2.0,2.0,60.0
2021-04-07 09:54:00,NSE:GAL,1.95,1.95,1.95,1.95,35.0
2021-04-07 09:57:00,NSE:GAL,2.05,2.05,2.0,2.0,15400.0
2021-04-07 10:06:00,NSE:GAL,2.05,2.05,2.05,2.05,2.0
2021-04-07 10:09:00,NSE:GAL,2.05,2.05,2.05,2.05,2.0
2021-04-07 10:12:00,NSE:GAL,2.05,2.05,2.05,2.05,28.0
2021-04-07 10:18:00,NSE:GAL,2.05,2.05,2.05,2.05,215.0
2021-04-07 10:27:00,NSE:GAL,2.05,2.05,2.05,2.05,13.0
2021-04-07 10:30:00,NSE:GAL,2.05,2.05,2.05,2.05,480.0
2021-04-07 10:33:00,NSE:GAL,2.05,2.05,2.05,2.05,400.0
2021-04-07 11:27:00,NSE:GAL,2.0,2.0,2.0,2.0,3.0
2021-04-07 11:48:00,NSE:GAL,2.05,2.05,2.05,2.05,4.0
2021-04-07 11:51:00,NSE:GAL,2.05,2.05,2.05,2.05,9510.0
2021-04-07 11:54:00,NSE:GAL,2.05,2.05,2.05,2.05,165.0
2021-04-07 11:57:00,NSE:GAL,2.0,2.0,2.0,2.0,50.0
2021-04-07 12:03:00,NSE:GAL,2.0,2.0,2.0,2.0,4027.0
2021-04-07 12:06:00,NSE:GAL,2.05,2.05,2.05,2.05,5.0
2021-04-07 12:09:00,NSE:GAL,2.05,2.05,2.05,2.05,3.0
2021-04-07 12:12:00,NSE:GAL,2.05,2.05,2.05,2.05,3.0
2021-04-07 12:18:00,NSE:GAL,2.05,2.05,2.05,2.05,20.0
2021-04-07 12:39:00,NSE:GAL,2.05,2.05,2.05,2.05,10000.0
2021-04-07 12:45:00,NSE:GAL,2.05,2.05,2.05,2.05,100.0
2021-04-07 12:48:00,NSE:GAL,2.0,2.0,2.0,2.0,930.0
2021-04-07 12:51:00,NSE:GAL,2.05,2.05,2.05,2.05,103.0
2021-04-07 12:54:00,NSE:GAL,2.05,2.05,2.05,2.05,1000.0
2021-04-07 12:57:00,NSE:GAL,2.05,2.05,2.05,2.05,25.0
2021-04-07 13:06:00,NSE:GAL,2.0,2.0,2.0,2.0,1000.0
2021-04-07 13:48:00,NSE:GAL,2.0,2.0,2.0,2.0,2000.0
2021-04-07 14:42:00,NSE:GAL,2.05,2.05,2.0,2.0,53.0
2021-04-07 14:57:00,NSE:GAL,2.05,2.05,2.05,2.05,3.0
2021-04-07 15:12:00,NSE:GAL,2.0,2.0,2.0,2.0,1.0
2021-04-07 15:18:00,NSE:GAL,1.95,1.95,1.95,1.95,809.0
2021-04-07 15:21:00,NSE:GAL,2.05,2.05,2.05,2.05,1.0
2021-04-07 15:27:00,NSE:GAL,2.05,2.05,2.05,2.05,11.0
2021-04-08 09:21:00,NSE:GAL,2.1,2.1,2.1,2.1,20.0
2021-04-08 09:24:00,NSE:GAL,2.1,2.1,2.1,2.1,1.0
2021-04-08 09:33:00,NSE:GAL,2.1,2.1,2.1,2.1,2.0
2021-04-08 09:39:00,NSE:GAL,2.1,2.1,2.1,2.1,115.0
2021-04-08 09:42:00,NSE:GAL,2.0,2.1,2.0,2.1,25300.0
2021-04-08 09:45:00,NSE:GAL,2.1,2.1,2.1,2.1,2040.0
2021-04-08 09:57:00,NSE:GAL,2.05,2.05,2.05,2.05,100.0
2021-04-08 10:00:00,NSE:GAL,2.1,2.1,2.1,2.1,10.0
2021-04-08 10:03:00,NSE:GAL,1.9,1.9,1.9,1.9,15000.0
2021-04-08 10:06:00,NSE:GAL,2.1,2.1,2.1,2.1,4.0
2021-04-08 10:12:00,NSE:GAL,1.9,1.9,1.9,1.9,1000.0
2021-04-08 10:18:00,NSE:GAL,2.1,2.1,2.1,2.1,1.0
2021-04-08 10:21:00,NSE:GAL,2.05,2.05,2.05,2.05,2.0
2021-04-08 10:24:00,NSE:GAL,2.0,2.0,2.0,2.0,23.0
2021-04-08 10:30:00,NSE:GAL,2.05,2.05,2.05,2.05,50.0
2021-04-08 10:39:00,NSE:GAL,2.05,2.05,2.05,2.05,1.0
2021-04-08 10:42:00,NSE:GAL,2.05,2.05,2.05,2.05,30.0
2021-04-08 10:48:00,NSE:GAL,2.05,2.05,2.05,2.05,10.0
2021-04-08 11:12:00,NSE:GAL,2.0,2.0,2.0,2.0,4000.0
2021-04-08 11:15:00,NSE:GAL,2.0,2.0,2.0,2.0,1.0
2021-04-08 11:18:00,NSE:GAL,2.05,2.05,2.05,2.05,1.0
2021-04-08 11:24:00,NSE:GAL,2.05,2.05,2.05,2.05,603.0
2021-04-08 11:30:00,NSE:GAL,2.05,2.05,2.05,2.05,300.0
2021-04-08 11:39:00,NSE:GAL,2.05,2.05,2.05,2.05,640.0
2021-04-08 11:45:00,NSE:GAL,2.05,2.05,2.05,2.05,8.0
2021-04-08 11:48:00,NSE:GAL,2.0,2.05,2.0,2.0,16544.0
2021-04-08 11:51:00,NSE:GAL,2.05,2.05,2.0,2.0,510.0
2021-04-08 12:03:00,NSE:GAL,2.0,2.05,2.0,2.05,4590.0
2021-04-08 12:06:00,NSE:GAL,2.1,2.1,2.05,2.05,547.0
2021-04-08 12:09:00,NSE:GAL,2.1,2.1,2.1,2.1,1.0
2021-04-08 12:24:00,NSE:GAL,2.05,2.05,2.05,2.05,195.0
2021-04-08 12:30:00,NSE:GAL,2.1,2.1,2.1,2.1,1990.0
2021-04-08 12:33:00,NSE:GAL,2.1,2.1,2.1,2.1,40.0
2021-04-08 12:36:00,NSE:GAL,2.05,2.05,2.05,2.05,618.0
2021-04-08 12:39:00,NSE:GAL,2.0,2.0,2.0,2.0,2000.0
2021-04-08 12:45:00,NSE:GAL,2.05,2.05,2.05,2.05,690.0
2021-04-08 12:57:00,NSE:GAL,2.05,2.05,2.0,2.0,2290.0
2021-04-08 13:00:00,NSE:GAL,2.05,2.05,2.0,2.0,3982.0
2021-04-08 13:03:00,NSE:GAL,2.05,2.05,2.05,2.05,199.0
2021-04-08 13:06:00,NSE:GAL,2.0,2.0,2.0,2.0,199.0
2021-04-08 13:12:00,NSE:GAL,2.05,2.05,2.05,2.05,1.0
2021-04-08 13:21:00,NSE:GAL,2.0,2.0,2.0,2.0,10.0
2021-04-08 13:27:00,NSE:GAL,2.05,2.05,2.05,2.05,176.0
2021-04-08 13:36:00,NSE:GAL,2.1,2.1,2.1,2.1,4000.0
2021-04-08 13:42:00,NSE:GAL,2.1,2.1,2.1,2.1,2000.0
2021-04-08 13:45:00,NSE:GAL,2.1,2.1,2.1,2.1,1.0
2021-04-08 13:51:00,NSE:GAL,2.05,2.05,2.05,2.05,18.0
2021-04-08 14:00:00,NSE:GAL,2.1,2.1,2.1,2.1,1000.0
2021-04-08 14:03:00,NSE:GAL,2.1,2.1,2.1,2.1,5.0
2021-04-08 14:06:00,NSE:GAL,2.1,2.1,2.1,2.1,2.0
2021-04-08 14:09:00,NSE:GAL,2.1,2.1,2.1,2.1,17020.0
2021-04-08 14:12:00,NSE:GAL,2.1,2.1,2.1,2.1,2601.0
2021-04-08 14:15:00,NSE:GAL,2.1,2.1,2.1,2.1,7673.0
2021-04-08 14:30:00,NSE:GAL,2.05,2.05,2.05,2.05,100.0
2021-04-08 14:39:00,NSE:GAL,2.05,2.05,2.05,2.05,88.0
2021-04-08 14:42:00,NSE:GAL,2.1,2.1,2.1,2.1,50.0
2021-04-08 14:45:00,NSE:GAL,2.1,2.1,2.1,2.1,38.0
2021-04-08 14:54:00,NSE:GAL,2.1,2.1,2.1,2.1,2422.0
2021-04-08 14:57:00,NSE:GAL,2.1,2.1,2.1,2.1,39.0
2021-04-08 15:00:00,NSE:GAL,2.1,2.1,2.1,2.1,492.0
2021-04-08 15:03:00,NSE:GAL,2.1,2.1,2.1,2.1,1356.0
2021-04-08 15:12:00,NSE:GAL,2.1,2.1,2.1,2.1,1104.0
2021-04-08 15:15:00,NSE:GAL,2.1,2.1,2.1,2.1,85.0
2021-04-08 15:18:00,NSE:GAL,2.1,2.1,2.1,2.1,1000.0
2021-04-08 15:21:00,NSE:GAL,2.05,2.05,2.05,2.05,2.0
2021-04-08 15:27:00,NSE:GAL,2.1,2.1,2.1,2.1,820.0
2021-04-09 09:06:00,NSE:GAL,2.1,2.1,2.1,2.1,10.0
2021-04-09 09:24:00,NSE:GAL,2.1,2.1,2.05,2.1,683.0
2021-04-09 09:27:00,NSE:GAL,2.1,2.1,2.1,2.1,619.0
2021-04-09 09:33:00,NSE:GAL,2.1,2.1,2.1,2.1,500.0
2021-04-09 09:36:00,NSE:GAL,2.3,2.3,2.3,2.3,300.0
2021-04-09 09:39:00,NSE:GAL,2.15,2.15,2.15,2.15,450.0
2021-04-09 09:42:00,NSE:GAL,2.3,2.3,2.3,2.3,300.0
2021-04-09 09:45:00,NSE:GAL,2.3,2.3,2.3,2.3,50.0
2021-04-09 09:48:00,NSE:GAL,2.15,2.15,2.15,2.15,1.0
2021-04-09 09:51:00,NSE:GAL,2.15,2.15,2.15,2.15,20.0
2021-04-09 09:54:00,NSE:GAL,2.25,2.25,2.25,2.25,644.0
2021-04-09 10:03:00,NSE:GAL,2.25,2.25,2.2,2.25,52.0
2021-04-09 10:06:00,NSE:GAL,2.2,2.2,2.2,2.2,6445.0
2021-04-09 10:12:00,NSE:GAL,2.2,2.2,2.2,2.2,2000.0
2021-04-09 10:15:00,NSE:GAL,2.2,2.2,2.2,2.2,1706.0
2021-04-09 10:18:00,NSE:GAL,2.2,2.2,2.2,2.2,31.0
2021-04-09 10:27:00,NSE:GAL,2.25,2.25,2.25,2.25,100.0
2021-04-09 10:30:00,NSE:GAL,2.25,2.25,2.25,2.25,170.0
2021-04-09 10:36:00,NSE:GAL,2.25,2.25,2.25,2.25,176.0
2021-04-09 10:39:00,NSE:GAL,2.25,2.25,2.2,2.2,896.0
2021-04-09 10:45:00,NSE:GAL,2.25,2.25,2.2,2.2,7389.0
2021-04-09 10:48:00,NSE:GAL,2.2,2.2,2.2,2.2,2300.0
2021-04-09 10:51:00,NSE:GAL,2.2,2.2,2.2,2.2,2000.0
2021-04-09 10:54:00,NSE:GAL,2.2,2.2,2.2,2.2,500.0
2021-04-09 10:57:00,NSE:GAL,2.2,2.2,2.2,2.2,57.0
2021-04-09 11:00:00,NSE:GAL,2.15,2.15,2.15,2.15,1720.0
2021-04-09 11:03:00,NSE:GAL,2.15,2.15,2.15,2.15,1730.0
2021-04-09 11:06:00,NSE:GAL,2.2,2.2,2.2,2.2,10.0
2021-04-09 11:12:00,NSE:GAL,2.2,2.2,2.2,2.2,30.0
2021-04-09 11:18:00,NSE:GAL,2.2,2.2,2.2,2.2,2000.0
2021-04-09 11:21:00,NSE:GAL,2.2,2.25,2.2,2.25,966.0
2021-04-09 11:24:00,NSE:GAL,2.25,2.25,2.25,2.25,20.0
2021-04-09 11:27:00,NSE:GAL,2.25,2.25,2.25,2.25,35.0
2021-04-09 11:33:00,NSE:GAL,2.25,2.25,2.25,2.25,25.0
2021-04-09 11:39:00,NSE:GAL,2.2,2.2,2.2,2.2,25.0
2021-04-09 11:42:00,NSE:GAL,2.25,2.25,2.25,2.25,6.0
2021-04-09 11:45:00,NSE:GAL,2.25,2.25,2.25,2.25,2000.0
2021-04-09 11:51:00,NSE:GAL,2.25,2.25,2.25,2.25,1.0
2021-04-09 12:00:00,NSE:GAL,2.15,2.15,2.15,2.15,2700.0
2021-04-09 12:03:00,NSE:GAL,2.25,2.25,2.25,2.25,100.0
2021-04-09 12:06:00,NSE:GAL,2.25,2.25,2.25,2.25,3.0
2021-04-09 12:09:00,NSE:GAL,2.25,2.25,2.25,2.25,10.0
2021-04-09 12:12:00,NSE:GAL,2.25,2.25,2.25,2.25,20.0
2021-04-09 12:15:00,NSE:GAL,2.25,2.25,2.25,2.25,6.0
2021-04-09 12:24:00,NSE:GAL,2.25,2.25,2.25,2.25,115.0
2021-04-09 12:27:00,NSE:GAL,2.25,2.25,2.25,2.25,90.0
2021-04-09 12:42:00,NSE:GAL,2.2,2.2,2.2,2.2,769.0
2021-04-09 12:48:00,NSE:GAL,2.2,2.2,2.2,2.2,1200.0
2021-04-09 12:51:00,NSE:GAL,2.2,2.2,2.2,2.2,700.0
2021-04-09 12:54:00,NSE:GAL,2.2,2.2,2.2,2.2,790.0
2021-04-09 12:57:00,NSE:GAL,2.2,2.2,2.2,2.2,1000.0
2021-04-09 13:00:00,NSE:GAL,2.2,2.2,2.2,2.2,41.0
2021-04-09 13:09:00,NSE:GAL,2.15,2.25,2.15,2.25,54.0
2021-04-09 13:15:00,NSE:GAL,2.25,2.25,2.25,2.25,6.0
2021-04-09 13:21:00,NSE:GAL,2.25,2.25,2.25,2.25,40.0
2021-04-09 13:24:00,NSE:GAL,2.25,2.25,2.25,2.25,100.0
2021-04-09 13:27:00,NSE:GAL,2.25,2.25,2.25,2.25,2211.0
2021-04-09 13:48:00,NSE:GAL,2.25,2.25,2.25,2.25,5500.0
2021-04-09 13:54:00,NSE:GAL,2.25,2.25,2.25,2.25,4500.0
2021-04-09 14:00:00,NSE:GAL,2.2,2.2,2.2,2.2,4.0
2021-04-09 14:06:00,NSE:GAL,2.2,2.2,2.2,2.2,908.0
2021-04-09 14:24:00,NSE:GAL,2.25,2.25,2.25,2.25,3250.0
2021-04-09 14:27:00,NSE:GAL,2.25,2.25,2.25,2.25,1018.0
2021-04-09 14:36:00,NSE:GAL,2.25,2.25,2.25,2.25,50.0
2021-04-09 14:51:00,NSE:GAL,2.25,2.25,2.25,2.25,500.0
2021-04-09 14:54:00,NSE:GAL,2.25,2.25,2.25,2.25,15.0
2021-04-09 15:00:00,NSE:GAL,2.25,2.25,2.25,2.25,2000.0
2021-04-09 15:09:00,NSE:GAL,2.2,2.25,2.2,2.25,3352.0
2021-04-09 15:12:00,NSE:GAL,2.25,2.25,2.25,2.25,1000.0
2021-04-09 15:15:00,NSE:GAL,2.25,2.25,2.25,2.25,100.0
2021-04-09 15:18:00,NSE:GAL,2.25,2.25,2.25,2.25,1482.0
2021-04-09 15:21:00,NSE:GAL,2.25,2.25,2.2,2.25,826.0
2021-04-09 15:24:00,NSE:GAL,2.25,2.25,2.25,2.25,3.0
2021-04-09 15:27:00,NSE:GAL,2.25,2.25,2.2,2.2,7170.0
2021-04-12 09:15:00,NSE:GAL,2.3,2.45,2.3,2.45,1752.0
2021-04-12 09:18:00,NSE:GAL,2.45,2.45,2.45,2.45,2500.0
2021-04-12 09:21:00,NSE:GAL,2.45,2.45,2.45,2.45,392.0
2021-04-12 09:24:00,NSE:GAL,2.45,2.45,2.45,2.45,10.0
2021-04-12 09:27:00,NSE:GAL,2.45,2.45,2.45,2.45,300.0
2021-04-12 09:30:00,NSE:GAL,2.45,2.45,2.45,2.45,50.0
2021-04-12 09:33:00,NSE:GAL,2.45,2.45,2.45,2.45,200.0
2021-04-12 09:39:00,NSE:GAL,2.45,2.45,2.45,2.45,17.0
2021-04-12 09:42:00,NSE:GAL,2.45,2.45,2.45,2.45,1994.0
2021-04-12 09:48:00,NSE:GAL,2.45,2.45,2.45,2.45,2561.0
2021-04-12 09:54:00,NSE:GAL,2.45,2.45,2.45,2.45,804.0
2021-04-12 09:57:00,NSE:GAL,2.45,2.45,2.45,2.45,1186.0
2021-04-12 10:00:00,NSE:GAL,2.45,2.45,2.45,2.45,612.0
2021-04-12 10:03:00,NSE:GAL,2.45,2.45,2.45,2.45,1615.0
2021-04-12 10:09:00,NSE:GAL,2.45,2.45,2.45,2.45,2.0
2021-04-12 10:12:00,NSE:GAL,2.45,2.45,2.45,2.45,200.0
2021-04-12 10:15:00,NSE:GAL,2.45,2.45,2.45,2.45,101.0
2021-04-12 10:18:00,NSE:GAL,2.45,2.45,2.45,2.45,28.0
2021-04-12 10:21:00,NSE:GAL,2.45,2.45,2.45,2.45,800.0
2021-04-12 10:27:00,NSE:GAL,2.45,2.45,2.45,2.45,456.0
2021-04-12 10:30:00,NSE:GAL,2.45,2.45,2.45,2.45,3446.0
2021-04-12 10:36:00,NSE:GAL,2.45,2.45,2.45,2.45,1000.0
2021-04-12 10:42:00,NSE:GAL,2.45,2.45,2.45,2.45,38.0
2021-04-12 10:51:00,NSE:GAL,2.45,2.45,2.45,2.45,10000.0
2021-04-12 11:03:00,NSE:GAL,2.45,2.45,2.45,2.45,1500.0
2021-04-12 11:21:00,NSE:GAL,2.45,2.45,2.45,2.45,500.0
2021-04-12 11:27:00,NSE:GAL,2.45,2.45,2.45,2.45,780.0
2021-04-12 11:45:00,NSE:GAL,2.45,2.45,2.45,2.45,1100.0
2021-04-12 11:54:00,NSE:GAL,2.45,2.45,2.45,2.45,62.0
2021-04-12 11:57:00,NSE:GAL,2.45,2.45,2.45,2.45,1000.0
2021-04-12 12:03:00,NSE:GAL,2.45,2.45,2.45,2.45,100.0
2021-04-12 12:12:00,NSE:GAL,2.45,2.45,2.45,2.45,500.0
2021-04-12 12:15:00,NSE:GAL,2.45,2.45,2.45,2.45,9308.0
2021-04-12 12:18:00,NSE:GAL,2.45,2.45,2.45,2.45,435.0
2021-04-12 12:33:00,NSE:GAL,2.45,2.45,2.45,2.45,1000.0
2021-04-12 12:39:00,NSE:GAL,2.45,2.45,2.45,2.45,1000.0
2021-04-12 12:42:00,NSE:GAL,2.45,2.45,2.45,2.45,1000.0
2021-04-12 12:45:00,NSE:GAL,2.45,2.45,2.45,2.45,10.0
2021-04-12 12:51:00,NSE:GAL,2.45,2.45,2.45,2.45,1000.0
2021-04-12 13:09:00,NSE:GAL,2.45,2.45,2.45,2.45,1350.0
2021-04-12 13:12:00,NSE:GAL,2.45,2.45,2.45,2.45,1728.0
2021-04-12 13:24:00,NSE:GAL,2.45,2.45,2.45,2.45,90.0
2021-04-12 13:33:00,NSE:GAL,2.45,2.45,2.45,2.45,6050.0
2021-04-12 13:39:00,NSE:GAL,2.45,2.45,2.45,2.45,30.0
2021-04-12 13:54:00,NSE:GAL,2.45,2.45,2.45,2.45,100000.0
2021-04-12 13:57:00,NSE:GAL,2.45,2.45,2.45,2.45,20895.0
2021-04-12 14:00:00,NSE:GAL,2.45,2.45,2.45,2.45,50012.0
2021-04-12 14:03:00,NSE:GAL,2.45,2.45,2.45,2.45,7290.0
2021-04-12 14:06:00,NSE:GAL,2.45,2.45,2.4,2.45,136.0
2021-04-12 14:09:00,NSE:GAL,2.45,2.45,2.45,2.45,86.0
2021-04-12 14:12:00,NSE:GAL,2.45,2.45,2.45,2.45,2371.0
2021-04-12 14:15:00,NSE:GAL,2.45,2.45,2.45,2.45,204.0
2021-04-12 14:18:00,NSE:GAL,2.45,2.45,2.4,2.4,81.0
2021-04-12 14:21:00,NSE:GAL,2.4,2.45,2.4,2.45,1952.0
2021-04-12 14:24:00,NSE:GAL,2.45,2.45,2.4,2.4,777.0
2021-04-12 14:27:00,NSE:GAL,2.45,2.45,2.4,2.4,239.0
2021-04-12 14:30:00,NSE:GAL,2.45,2.45,2.45,2.45,1.0
2021-04-12 14:33:00,NSE:GAL,2.45,2.45,2.4,2.4,3261.0
2021-04-12 14:36:00,NSE:GAL,2.45,2.45,2.4,2.4,522.0
2021-04-12 14:39:00,NSE:GAL,2.4,2.45,2.4,2.45,1254.0
2021-04-12 14:42:00,NSE:GAL,2.45,2.45,2.3,2.3,35880.0
2021-04-12 14:45:00,NSE:GAL,2.3,2.3,2.25,2.25,58.0
2021-04-12 14:48:00,NSE:GAL,2.25,2.25,2.25,2.25,150.0
2021-04-12 14:51:00,NSE:GAL,2.3,2.3,2.3,2.3,206.0
2021-04-12 14:54:00,NSE:GAL,2.3,2.3,2.3,2.3,30.0
2021-04-12 14:57:00,NSE:GAL,2.3,2.35,2.3,2.35,178.0
2021-04-12 15:00:00,NSE:GAL,2.3,2.35,2.3,2.35,4111.0
2021-04-12 15:03:00,NSE:GAL,2.3,2.35,2.3,2.35,386.0
2021-04-12 15:06:00,NSE:GAL,2.3,2.3,2.3,2.3,50.0
2021-04-12 15:12:00,NSE:GAL,2.3,2.3,2.3,2.3,120.0
2021-04-12 15:15:00,NSE:GAL,2.3,2.3,2.2,2.2,8815.0
2021-04-12 15:18:00,NSE:GAL,2.15,2.2,2.1,2.2,2995.0
2021-04-12 15:21:00,NSE:GAL,2.15,2.15,2.15,2.15,12.0
2021-04-12 15:24:00,NSE:GAL,2.15,2.15,2.15,2.15,621.0
2021-04-12 15:27:00,NSE:GAL,2.15,2.2,2.15,2.2,8693.0
2021-04-13 09:06:00,NSE:GAL,2.2,2.2,2.2,2.2,1.0
2021-04-13 09:15:00,NSE:GAL,2.4,2.4,2.4,2.4,500.0
2021-04-13 09:18:00,NSE:GAL,2.4,2.4,2.4,2.4,1683.0
2021-04-13 09:21:00,NSE:GAL,2.4,2.4,2.25,2.4,940.0
2021-04-13 09:24:00,NSE:GAL,2.4,2.4,2.4,2.4,306.0
2021-04-13 09:27:00,NSE:GAL,2.4,2.4,2.4,2.4,163.0
2021-04-13 09:30:00,NSE:GAL,2.4,2.4,2.4,2.4,12.0
2021-04-13 09:33:00,NSE:GAL,2.4,2.4,2.3,2.3,1759.0
2021-04-13 09:36:00,NSE:GAL,2.4,2.4,2.4,2.4,5.0
2021-04-13 09:39:00,NSE:GAL,2.4,2.4,2.4,2.4,2.0
2021-04-13 09:42:00,NSE:GAL,2.4,2.4,2.35,2.35,4620.0
2021-04-13 09:45:00,NSE:GAL,2.4,2.4,2.4,2.4,5571.0
2021-04-13 09:48:00,NSE:GAL,2.4,2.4,2.4,2.4,80.0
2021-04-13 09:54:00,NSE:GAL,2.4,2.4,2.4,2.4,101.0
2021-04-13 10:00:00,NSE:GAL,2.4,2.4,2.4,2.4,10.0
2021-04-13 10:03:00,NSE:GAL,2.4,2.4,2.4,2.4,9119.0
2021-04-13 10:06:00,NSE:GAL,2.4,2.4,2.4,2.4,500.0
2021-04-13 10:09:00,NSE:GAL,2.4,2.4,2.4,2.4,50.0
2021-04-13 10:15:00,NSE:GAL,2.4,2.4,2.4,2.4,5500.0
2021-04-13 10:18:00,NSE:GAL,2.4,2.4,2.4,2.4,29070.0
2021-04-13 10:21:00,NSE:GAL,2.4,2.4,2.4,2.4,6.0
2021-04-13 10:36:00,NSE:GAL,2.4,2.4,2.4,2.4,1.0
2021-04-13 10:39:00,NSE:GAL,2.4,2.4,2.4,2.4,125.0
2021-04-13 10:42:00,NSE:GAL,2.4,2.4,2.4,2.4,9.0
2021-04-13 10:45:00,NSE:GAL,2.4,2.4,2.4,2.4,50.0
2021-04-13 10:48:00,NSE:GAL,2.4,2.4,2.4,2.4,283.0
2021-04-13 10:57:00,NSE:GAL,2.4,2.4,2.4,2.4,5.0
2021-04-13 11:00:00,NSE:GAL,2.4,2.4,2.4,2.4,177.0
2021-04-13 11:03:00,NSE:GAL,2.4,2.4,2.4,2.4,1.0
2021-04-13 11:12:00,NSE:GAL,2.4,2.4,2.35,2.35,47529.0
2021-04-13 11:15:00,NSE:GAL,2.4,2.4,2.4,2.4,2516.0
2021-04-13 11:18:00,NSE:GAL,2.4,2.4,2.4,2.4,8483.0
2021-04-13 11:24:00,NSE:GAL,2.25,2.25,2.25,2.25,13244.0
2021-04-13 11:33:00,NSE:GAL,2.3,2.35,2.3,2.35,5.0
2021-04-13 11:36:00,NSE:GAL,2.3,2.35,2.3,2.3,2396.0
2021-04-13 11:39:00,NSE:GAL,2.35,2.35,2.25,2.25,17953.0
2021-04-13 11:42:00,NSE:GAL,2.2,2.35,2.2,2.35,150.0
2021-04-13 11:45:00,NSE:GAL,2.35,2.35,2.35,2.35,201.0
2021-04-13 11:48:00,NSE:GAL,2.25,2.35,2.25,2.35,520.0
2021-04-13 11:51:00,NSE:GAL,2.35,2.35,2.35,2.35,7.0
2021-04-13 11:54:00,NSE:GAL,2.35,2.35,2.25,2.25,2.0
2021-04-13 12:03:00,NSE:GAL,2.35,2.35,2.35,2.35,1.0
2021-04-13 12:21:00,NSE:GAL,2.35,2.35,2.35,2.35,4.0
2021-04-13 12:24:00,NSE:GAL,2.35,2.35,2.35,2.35,1000.0
2021-04-13 12:27:00,NSE:GAL,2.35,2.35,2.35,2.35,164.0
2021-04-13 12:30:00,NSE:GAL,2.35,2.35,2.35,2.35,3.0
2021-04-13 12:33:00,NSE:GAL,2.35,2.35,2.35,2.35,10.0
2021-04-13 12:42:00,NSE:GAL,2.4,2.4,2.35,2.4,494.0
2021-04-13 12:45:00,NSE:GAL,2.3,2.4,2.3,2.4,18428.0
2021-04-13 12:48:00,NSE:GAL,2.3,2.3,2.3,2.3,8.0
2021-04-13 12:54:00,NSE:GAL,2.4,2.4,2.4,2.4,10.0
2021-04-13 12:57:00,NSE:GAL,2.35,2.35,2.35,2.35,10.0
2021-04-13 13:00:00,NSE:GAL,2.4,2.4,2.4,2.4,106.0
2021-04-13 13:06:00,NSE:GAL,2.4,2.4,2.4,2.4,291.0
2021-04-13 13:09:00,NSE:GAL,2.4,2.4,2.4,2.4,10139.0
2021-04-13 13:12:00,NSE:GAL,2.4,2.4,2.4,2.4,1.0
2021-04-13 13:15:00,NSE:GAL,2.4,2.4,2.4,2.4,2000.0
2021-04-13 13:18:00,NSE:GAL,2.4,2.4,2.4,2.4,110.0
2021-04-13 13:24:00,NSE:GAL,2.35,2.35,2.35,2.35,627.0
2021-04-13 13:27:00,NSE:GAL,2.3,2.3,2.3,2.3,6.0
2021-04-13 13:45:00,NSE:GAL,2.4,2.4,2.4,2.4,1.0
2021-04-13 13:51:00,NSE:GAL,2.4,2.4,2.4,2.4,10.0
2021-04-13 13:54:00,NSE:GAL,2.4,2.4,2.35,2.35,5001.0
2021-04-13 13:57:00,NSE:GAL,2.35,2.4,2.3,2.3,642.0
2021-04-13 14:00:00,NSE:GAL,2.3,2.4,2.3,2.4,101.0
2021-04-13 14:03:00,NSE:GAL,2.4,2.4,2.4,2.4,642.0
2021-04-13 14:06:00,NSE:GAL,2.35,2.35,2.35,2.35,10.0
2021-04-13 14:09:00,NSE:GAL,2.35,2.35,2.35,2.35,2.0
2021-04-13 14:12:00,NSE:GAL,2.35,2.35,2.35,2.35,18.0
2021-04-13 14:15:00,NSE:GAL,2.3,2.3,2.3,2.3,103.0
2021-04-13 14:21:00,NSE:GAL,2.4,2.4,2.25,2.25,74113.0
2021-04-13 14:24:00,NSE:GAL,2.25,2.25,2.15,2.15,48948.0
2021-04-13 14:27:00,NSE:GAL,2.2,2.2,2.2,2.2,3209.0
2021-04-13 14:30:00,NSE:GAL,2.2,2.2,2.15,2.15,163.0
2021-04-13 14:33:00,NSE:GAL,2.2,2.2,2.2,2.2,1041.0
2021-04-13 14:36:00,NSE:GAL,2.2,2.2,2.2,2.2,165.0
2021-04-13 14:39:00,NSE:GAL,2.25,2.25,2.25,2.25,5.0
2021-04-13 14:42:00,NSE:GAL,2.25,2.25,2.25,2.25,22.0
2021-04-13 14:45:00,NSE:GAL,2.25,2.25,2.25,2.25,21.0
2021-04-13 14:48:00,NSE:GAL,2.25,2.25,2.25,2.25,10.0
2021-04-13 14:51:00,NSE:GAL,2.2,2.25,2.2,2.25,1033.0
2021-04-13 15:00:00,NSE:GAL,2.25,2.25,2.2,2.2,241.0
2021-04-13 15:03:00,NSE:GAL,2.2,2.25,2.2,2.25,41.0
2021-04-13 15:06:00,NSE:GAL,2.2,2.2,2.2,2.2,10.0
2021-04-13 15:09:00,NSE:GAL,2.2,2.25,2.2,2.25,8599.0
2021-04-13 15:15:00,NSE:GAL,2.25,2.25,2.25,2.25,574.0
2021-04-13 15:18:00,NSE:GAL,2.25,2.25,2.25,2.25,1.0
2021-04-13 15:21:00,NSE:GAL,2.2,2.2,2.2,2.2,70.0
2021-04-15 09:06:00,NSE:GAL,2.4,2.4,2.4,2.4,2001.0
2021-04-15 09:15:00,NSE:GAL,2.45,2.45,2.4,2.4,8000.0
2021-04-15 09:18:00,NSE:GAL,2.3,2.45,2.25,2.45,5513.0
2021-04-15 09:21:00,NSE:GAL,2.45,2.45,2.25,2.25,368.0
2021-04-15 09:24:00,NSE:GAL,2.25,2.35,2.25,2.35,782.0
2021-04-15 09:27:00,NSE:GAL,2.25,2.35,2.25,2.35,73.0
2021-04-15 09:30:00,NSE:GAL,2.25,2.3,2.25,2.3,545.0
2021-04-15 09:33:00,NSE:GAL,2.3,2.3,2.3,2.3,259.0
2021-04-15 09:39:00,NSE:GAL,2.4,2.4,2.35,2.4,3300.0
2021-04-15 09:42:00,NSE:GAL,2.25,2.4,2.25,2.4,5100.0
2021-04-15 09:45:00,NSE:GAL,2.35,2.4,2.35,2.4,163.0
2021-04-15 09:48:00,NSE:GAL,2.35,2.35,2.35,2.35,36.0
2021-04-15 09:54:00,NSE:GAL,2.25,2.35,2.25,2.35,58.0
2021-04-15 09:57:00,NSE:GAL,2.35,2.35,2.3,2.3,264.0
2021-04-15 10:00:00,NSE:GAL,2.35,2.35,2.35,2.35,220.0
2021-04-15 10:03:00,NSE:GAL,2.35,2.35,2.35,2.35,2.0
2021-04-15 10:18:00,NSE:GAL,2.35,2.35,2.3,2.3,20.0
2021-04-15 10:21:00,NSE:GAL,2.35,2.35,2.3,2.3,1100.0
2021-04-15 10:24:00,NSE:GAL,2.3,2.3,2.3,2.3,500.0
2021-04-15 10:27:00,NSE:GAL,2.3,2.3,2.3,2.3,8.0
2021-04-15 10:36:00,NSE:GAL,2.35,2.35,2.35,2.35,97.0
2021-04-15 10:39:00,NSE:GAL,2.3,2.3,2.3,2.3,10.0
2021-04-15 10:51:00,NSE:GAL,2.35,2.35,2.3,2.3,4.0
2021-04-15 10:54:00,NSE:GAL,2.3,2.35,2.3,2.3,1167.0
2021-04-15 10:57:00,NSE:GAL,2.3,2.3,2.3,2.3,26.0
2021-04-15 11:00:00,NSE:GAL,2.35,2.35,2.35,2.35,1.0
2021-04-15 11:03:00,NSE:GAL,2.35,2.35,2.3,2.35,857.0
2021-04-15 11:06:00,NSE:GAL,2.3,2.3,2.3,2.3,5053.0
2021-04-15 11:09:00,NSE:GAL,2.3,2.3,2.3,2.3,1000.0
2021-04-15 11:15:00,NSE:GAL,2.3,2.3,2.3,2.3,2000.0
2021-04-15 11:18:00,NSE:GAL,2.3,2.3,2.3,2.3,20.0
2021-04-15 11:21:00,NSE:GAL,2.3,2.3,2.25,2.25,56.0
2021-04-15 11:24:00,NSE:GAL,2.25,2.3,2.25,2.3,5872.0
2021-04-15 11:27:00,NSE:GAL,2.3,2.3,2.3,2.3,57.0
2021-04-15 11:30:00,NSE:GAL,2.3,2.3,2.3,2.3,12.0
2021-04-15 11:33:00,NSE:GAL,2.3,2.3,2.3,2.3,1000.0
2021-04-15 11:39:00,NSE:GAL,2.3,2.3,2.3,2.3,500.0
2021-04-15 11:45:00,NSE:GAL,2.25,2.3,2.25,2.3,381.0
2021-04-15 11:48:00,NSE:GAL,2.3,2.3,2.3,2.3,20.0
2021-04-15 11:54:00,NSE:GAL,2.3,2.3,2.3,2.3,40.0
2021-04-15 11:57:00,NSE:GAL,2.25,2.25,2.25,2.25,79.0
2021-04-15 12:06:00,NSE:GAL,2.25,2.25,2.25,2.25,23.0
2021-04-15 12:12:00,NSE:GAL,2.25,2.25,2.25,2.25,1.0
2021-04-15 12:15:00,NSE:GAL,2.25,2.25,2.25,2.25,9.0
2021-04-15 12:18:00,NSE:GAL,2.3,2.3,2.3,2.3,120.0
2021-04-15 12:21:00,NSE:GAL,2.25,2.3,2.25,2.3,293.0
2021-04-15 12:24:00,NSE:GAL,2.3,2.3,2.3,2.3,38.0
2021-04-15 12:27:00,NSE:GAL,2.25,2.25,2.25,2.25,279.0
2021-04-15 12:30:00,NSE:GAL,2.25,2.25,2.25,2.25,50.0
2021-04-15 12:36:00,NSE:GAL,2.25,2.25,2.25,2.25,500.0
2021-04-15 12:45:00,NSE:GAL,2.25,2.25,2.25,2.25,38.0
2021-04-15 13:21:00,NSE:GAL,2.3,2.3,2.3,2.3,500.0
2021-04-15 13:24:00,NSE:GAL,2.25,2.25,2.25,2.25,48.0
2021-04-15 13:27:00,NSE:GAL,2.3,2.3,2.25,2.25,20.0
2021-04-15 13:33:00,NSE:GAL,2.3,2.3,2.3,2.3,20.0
2021-04-15 13:36:00,NSE:GAL,2.3,2.3,2.3,2.3,20.0
2021-04-15 14:00:00,NSE:GAL,2.3,2.3,2.3,2.3,100.0
2021-04-15 14:12:00,NSE:GAL,2.25,2.25,2.25,2.25,100.0
2021-04-15 14:30:00,NSE:GAL,2.3,2.3,2.3,2.3,1.0
2021-04-15 14:42:00,NSE:GAL,2.3,2.3,2.3,2.3,3.0
2021-04-15 14:45:00,NSE:GAL,2.25,2.25,2.25,2.25,4100.0
2021-04-15 15:00:00,NSE:GAL,2.35,2.35,2.35,2.35,3.0
2021-04-15 15:03:00,NSE:GAL,2.35,2.35,2.3,2.3,501.0
2021-04-15 15:06:00,NSE:GAL,2.35,2.35,2.35,2.35,614.0
2021-04-15 15:12:00,NSE:GAL,2.25,2.25,2.25,2.25,1011.0
2021-04-15 15:15:00,NSE:GAL,2.35,2.35,2.35,2.35,25.0
2021-04-15 15:18:00,NSE:GAL,2.35,2.35,2.3,2.3,1000.0
2021-04-15 15:21:00,NSE:GAL,2.3,2.3,2.3,2.3,1.0
2021-04-15 15:24:00,NSE:GAL,2.35,2.35,2.35,2.35,1005.0
2021-04-15 15:27:00,NSE:GAL,2.35,2.35,2.35,2.35,85.0
2021-04-16 09:06:00,NSE:GAL,2.45,2.45,2.45,2.45,2002.0
2021-04-16 09:15:00,NSE:GAL,2.4,2.4,2.4,2.4,165.0
2021-04-16 09:18:00,NSE:GAL,2.35,2.4,2.35,2.4,113.0
2021-04-16 09:21:00,NSE:GAL,2.35,2.35,2.35,2.35,15.0
2021-04-16 09:27:00,NSE:GAL,2.35,2.35,2.35,2.35,3.0
2021-04-16 09:30:00,NSE:GAL,2.35,2.35,2.3,2.3,213.0
2021-04-16 09:33:00,NSE:GAL,2.35,2.35,2.3,2.3,110.0
2021-04-16 09:36:00,NSE:GAL,2.3,2.3,2.3,2.3,1000.0
2021-04-16 09:48:00,NSE:GAL,2.3,2.3,2.3,2.3,992.0
2021-04-16 09:51:00,NSE:GAL,2.25,2.25,2.25,2.25,55.0
2021-04-16 09:57:00,NSE:GAL,2.3,2.3,2.3,2.3,500.0
2021-04-16 10:00:00,NSE:GAL,2.3,2.3,2.25,2.25,2100.0
2021-04-16 10:03:00,NSE:GAL,2.3,2.3,2.2,2.2,9200.0
2021-04-16 10:06:00,NSE:GAL,2.3,2.3,2.3,2.3,4400.0
2021-04-16 10:09:00,NSE:GAL,2.2,2.2,2.2,2.2,4400.0
2021-04-16 10:12:00,NSE:GAL,2.3,2.3,2.3,2.3,100.0
2021-04-16 10:21:00,NSE:GAL,2.25,2.25,2.25,2.25,12.0
2021-04-16 10:24:00,NSE:GAL,2.3,2.3,2.3,2.3,5.0
2021-04-16 10:27:00,NSE:GAL,2.3,2.3,2.3,2.3,420.0
2021-04-16 10:33:00,NSE:GAL,2.3,2.3,2.3,2.3,100.0
2021-04-16 10:36:00,NSE:GAL,2.3,2.35,2.3,2.35,9599.0
2021-04-16 10:39:00,NSE:GAL,2.4,2.4,2.4,2.4,1.0
2021-04-16 10:42:00,NSE:GAL,2.3,2.3,2.3,2.3,1.0
2021-04-16 10:48:00,NSE:GAL,2.4,2.4,2.3,2.3,244.0
2021-04-16 11:18:00,NSE:GAL,2.4,2.4,2.4,2.4,4739.0
2021-04-16 11:21:00,NSE:GAL,2.3,2.3,2.3,2.3,25.0
2021-04-16 11:27:00,NSE:GAL,2.3,2.3,2.3,2.3,250.0
2021-04-16 11:33:00,NSE:GAL,2.3,2.3,2.3,2.3,6440.0
2021-04-16 11:45:00,NSE:GAL,2.4,2.4,2.4,2.4,25.0
2021-04-16 11:48:00,NSE:GAL,2.3,2.3,2.3,2.3,25.0
2021-04-16 11:51:00,NSE:GAL,2.4,2.4,2.3,2.3,50.0
2021-04-16 11:54:00,NSE:GAL,2.4,2.4,2.3,2.3,6.0
2021-04-16 12:00:00,NSE:GAL,2.3,2.3,2.3,2.3,5.0
2021-04-16 12:06:00,NSE:GAL,2.4,2.4,2.4,2.4,50.0
2021-04-16 12:18:00,NSE:GAL,2.3,2.3,2.3,2.3,3.0
2021-04-16 12:24:00,NSE:GAL,2.3,2.3,2.3,2.3,1.0
2021-04-16 12:45:00,NSE:GAL,2.4,2.4,2.4,2.4,33.0
2021-04-16 12:48:00,NSE:GAL,2.3,2.4,2.3,2.3,90.0
2021-04-16 12:57:00,NSE:GAL,2.3,2.3,2.3,2.3,40.0
2021-04-16 13:00:00,NSE:GAL,2.4,2.4,2.3,2.3,106.0
2021-04-16 13:09:00,NSE:GAL,2.3,2.3,2.3,2.3,549.0
2021-04-16 13:30:00,NSE:GAL,2.35,2.35,2.35,2.35,1220.0
2021-04-16 13:39:00,NSE:GAL,2.35,2.4,2.35,2.4,2660.0
2021-04-16 13:42:00,NSE:GAL,2.4,2.4,2.4,2.4,501.0
2021-04-16 13:45:00,NSE:GAL,2.35,2.35,2.35,2.35,100.0
2021-04-16 13:48:00,NSE:GAL,2.4,2.4,2.4,2.4,10.0
2021-04-16 13:51:00,NSE:GAL,2.3,2.3,2.3,2.3,5847.0
2021-04-16 13:54:00,NSE:GAL,2.4,2.4,2.4,2.4,22.0
2021-04-16 14:09:00,NSE:GAL,2.3,2.3,2.3,2.3,225.0
2021-04-16 14:15:00,NSE:GAL,2.3,2.3,2.3,2.3,2016.0
2021-04-16 14:30:00,NSE:GAL,2.3,2.3,2.3,2.3,3000.0
2021-04-16 14:51:00,NSE:GAL,2.4,2.4,2.4,2.4,1.0
2021-04-16 14:57:00,NSE:GAL,2.3,2.4,2.3,2.4,161.0
2021-04-16 15:00:00,NSE:GAL,2.4,2.4,2.3,2.3,20015.0
2021-04-16 15:06:00,NSE:GAL,2.3,2.3,2.3,2.3,636.0
2021-04-16 15:12:00,NSE:GAL,2.4,2.4,2.4,2.4,37.0
2021-04-16 15:21:00,NSE:GAL,2.3,2.3,2.3,2.3,7.0
2021-04-16 15:24:00,NSE:GAL,2.4,2.4,2.4,2.4,5000.0
2021-04-19 09:06:00,NSE:GAL,2.45,2.45,2.45,2.45,523.0
2021-04-19 09:15:00,NSE:GAL,2.45,2.45,2.3,2.45,6092.0
2021-04-19 09:18:00,NSE:GAL,2.3,2.4,2.3,2.4,10357.0
2021-04-19 09:24:00,NSE:GAL,2.3,2.4,2.3,2.4,900.0
2021-04-19 09:27:00,NSE:GAL,2.4,2.4,2.4,2.4,115.0
2021-04-19 09:30:00,NSE:GAL,2.4,2.4,2.3,2.3,5501.0
2021-04-19 09:33:00,NSE:GAL,2.3,2.3,2.3,2.3,430.0
2021-04-19 09:36:00,NSE:GAL,2.4,2.4,2.3,2.4,11300.0
2021-04-19 09:39:00,NSE:GAL,2.25,2.4,2.25,2.4,5145.0
2021-04-19 09:42:00,NSE:GAL,2.25,2.4,2.25,2.4,525.0
2021-04-19 09:45:00,NSE:GAL,2.4,2.4,2.4,2.4,1138.0
2021-04-19 09:48:00,NSE:GAL,2.25,2.4,2.25,2.4,102.0
2021-04-19 09:54:00,NSE:GAL,2.35,2.35,2.35,2.35,115.0
2021-04-19 10:00:00,NSE:GAL,2.3,2.3,2.3,2.3,421.0
2021-04-19 10:03:00,NSE:GAL,2.3,2.35,2.25,2.35,6688.0
2021-04-19 10:06:00,NSE:GAL,2.35,2.35,2.35,2.35,1676.0
2021-04-19 10:09:00,NSE:GAL,2.35,2.35,2.3,2.3,263.0
2021-04-19 10:12:00,NSE:GAL,2.3,2.3,2.3,2.3,20.0
2021-04-19 10:15:00,NSE:GAL,2.25,2.25,2.25,2.25,176.0
2021-04-19 10:18:00,NSE:GAL,2.4,2.4,2.25,2.25,10150.0
2021-04-19 10:21:00,NSE:GAL,2.4,2.4,2.4,2.4,5840.0
2021-04-19 10:24:00,NSE:GAL,2.4,2.4,2.25,2.25,234.0
2021-04-19 10:27:00,NSE:GAL,2.4,2.4,2.25,2.25,330.0
2021-04-19 10:30:00,NSE:GAL,2.4,2.4,2.25,2.25,151.0
2021-04-19 10:33:00,NSE:GAL,2.4,2.4,2.25,2.25,110.0
2021-04-19 10:36:00,NSE:GAL,2.4,2.4,2.4,2.4,138.0
2021-04-19 10:39:00,NSE:GAL,2.25,2.4,2.25,2.4,6296.0
2021-04-19 10:42:00,NSE:GAL,2.4,2.4,2.4,2.4,100.0
2021-04-19 10:48:00,NSE:GAL,2.35,2.35,2.35,2.35,4716.0
2021-04-19 10:51:00,NSE:GAL,2.35,2.35,2.35,2.35,150.0
2021-04-19 10:54:00,NSE:GAL,2.35,2.35,2.35,2.35,5.0
2021-04-19 10:57:00,NSE:GAL,2.3,2.4,2.3,2.4,615.0
2021-04-19 11:00:00,NSE:GAL,2.3,2.3,2.3,2.3,10310.0
2021-04-19 11:09:00,NSE:GAL,2.25,2.25,2.25,2.25,500.0
2021-04-19 11:18:00,NSE:GAL,2.35,2.35,2.35,2.35,520.0
2021-04-19 11:24:00,NSE:GAL,2.25,2.25,2.25,2.25,1000.0
2021-04-19 11:30:00,NSE:GAL,2.35,2.35,2.25,2.25,697.0
2021-04-19 11:33:00,NSE:GAL,2.35,2.35,2.35,2.35,200.0
2021-04-19 11:42:00,NSE:GAL,2.35,2.35,2.35,2.35,5.0
2021-04-19 11:48:00,NSE:GAL,2.35,2.35,2.35,2.35,1.0
2021-04-19 11:51:00,NSE:GAL,2.35,2.35,2.35,2.35,5.0
2021-04-19 11:54:00,NSE:GAL,2.35,2.35,2.35,2.35,51.0
2021-04-19 11:57:00,NSE:GAL,2.25,2.25,2.25,2.25,150.0
2021-04-19 12:03:00,NSE:GAL,2.3,2.3,2.3,2.3,9.0
2021-04-19 12:27:00,NSE:GAL,2.35,2.35,2.35,2.35,304.0
2021-04-19 12:30:00,NSE:GAL,2.3,2.3,2.3,2.3,1357.0
2021-04-19 12:42:00,NSE:GAL,2.35,2.35,2.3,2.3,34.0
2021-04-19 13:00:00,NSE:GAL,2.3,2.3,2.3,2.3,106.0
2021-04-19 13:30:00,NSE:GAL,2.3,2.3,2.3,2.3,740.0
2021-04-19 13:36:00,NSE:GAL,2.3,2.3,2.3,2.3,1.0
2021-04-19 13:39:00,NSE:GAL,2.3,2.3,2.3,2.3,1439.0
2021-04-19 13:42:00,NSE:GAL,2.35,2.35,2.35,2.35,9.0
2021-04-19 13:51:00,NSE:GAL,2.3,2.3,2.3,2.3,75.0
2021-04-19 13:54:00,NSE:GAL,2.35,2.35,2.35,2.35,130.0
2021-04-19 13:57:00,NSE:GAL,2.35,2.35,2.35,2.35,75.0
2021-04-19 14:00:00,NSE:GAL,2.3,2.3,2.3,2.3,109.0
2021-04-19 14:12:00,NSE:GAL,2.35,2.35,2.35,2.35,4255.0
2021-04-19 14:15:00,NSE:GAL,2.35,2.4,2.35,2.4,5050.0
2021-04-19 14:18:00,NSE:GAL,2.35,2.35,2.35,2.35,421.0
2021-04-19 14:21:00,NSE:GAL,2.35,2.35,2.35,2.35,5.0
2021-04-19 14:24:00,NSE:GAL,2.35,2.35,2.35,2.35,204.0
2021-04-19 14:36:00,NSE:GAL,2.35,2.35,2.35,2.35,110.0
2021-04-19 14:42:00,NSE:GAL,2.35,2.35,2.35,2.35,539.0
2021-04-19 14:45:00,NSE:GAL,2.35,2.35,2.35,2.35,1407.0
2021-04-19 14:51:00,NSE:GAL,2.3,2.3,2.3,2.3,7.0
2021-04-19 14:54:00,NSE:GAL,2.4,2.4,2.4,2.4,2070.0
2021-04-19 14:57:00,NSE:GAL,2.4,2.4,2.4,2.4,100.0
2021-04-19 15:03:00,NSE:GAL,2.3,2.3,2.3,2.3,5079.0
2021-04-19 15:06:00,NSE:GAL,2.3,2.3,2.3,2.3,4856.0
2021-04-19 15:24:00,NSE:GAL,2.3,2.3,2.3,2.3,99.0
2021-04-19 15:27:00,NSE:GAL,2.3,2.4,2.3,2.4,65.0
2021-04-20 09:15:00,NSE:GAL,2.4,2.4,2.3,2.3,1262.0
2021-04-20 09:21:00,NSE:GAL,2.3,2.3,2.3,2.3,281.0
2021-04-20 09:33:00,NSE:GAL,2.3,2.3,2.3,2.3,4.0
2021-04-20 09:36:00,NSE:GAL,2.4,2.4,2.4,2.4,34.0
2021-04-20 09:39:00,NSE:GAL,2.35,2.4,2.35,2.4,136.0
2021-04-20 09:45:00,NSE:GAL,2.35,2.35,2.35,2.35,20.0
2021-04-20 09:48:00,NSE:GAL,2.35,2.35,2.35,2.35,3349.0
2021-04-20 09:54:00,NSE:GAL,2.35,2.35,2.35,2.35,1.0
2021-04-20 09:57:00,NSE:GAL,2.35,2.35,2.35,2.35,100.0
2021-04-20 10:03:00,NSE:GAL,2.35,2.35,2.35,2.35,235.0
2021-04-20 10:06:00,NSE:GAL,2.35,2.35,2.35,2.35,100.0
2021-04-20 10:09:00,NSE:GAL,2.35,2.35,2.3,2.3,969.0
2021-04-20 10:18:00,NSE:GAL,2.3,2.35,2.3,2.35,122.0
2021-04-20 10:27:00,NSE:GAL,2.35,2.35,2.35,2.35,16.0
2021-04-20 10:30:00,NSE:GAL,2.3,2.3,2.3,2.3,450.0
2021-04-20 10:33:00,NSE:GAL,2.35,2.35,2.35,2.35,229.0
2021-04-20 10:36:00,NSE:GAL,2.4,2.4,2.4,2.4,292.0
2021-04-20 10:42:00,NSE:GAL,2.35,2.35,2.3,2.3,3056.0
2021-04-20 10:51:00,NSE:GAL,2.3,2.3,2.3,2.3,61.0
2021-04-20 11:00:00,NSE:GAL,2.35,2.35,2.35,2.35,1.0
2021-04-20 11:27:00,NSE:GAL,2.35,2.35,2.35,2.35,419.0
2021-04-20 11:39:00,NSE:GAL,2.4,2.4,2.4,2.4,500.0
2021-04-20 12:00:00,NSE:GAL,2.35,2.35,2.35,2.35,20.0
2021-04-20 12:03:00,NSE:GAL,2.35,2.35,2.35,2.35,55.0
2021-04-20 12:36:00,NSE:GAL,2.4,2.4,2.4,2.4,5.0
2021-04-20 12:39:00,NSE:GAL,2.4,2.4,2.4,2.4,12.0
2021-04-20 12:42:00,NSE:GAL,2.3,2.4,2.3,2.4,139.0
2021-04-20 12:45:00,NSE:GAL,2.35,2.35,2.35,2.35,6.0
2021-04-20 12:51:00,NSE:GAL,2.35,2.35,2.35,2.35,426.0
2021-04-20 12:54:00,NSE:GAL,2.3,2.4,2.3,2.4,3055.0
2021-04-20 12:57:00,NSE:GAL,2.3,2.4,2.3,2.3,10778.0
2021-04-20 13:00:00,NSE:GAL,2.4,2.4,2.4,2.4,2.0
2021-04-20 13:03:00,NSE:GAL,2.35,2.35,2.35,2.35,794.0
2021-04-20 13:30:00,NSE:GAL,2.35,2.35,2.35,2.35,50.0
2021-04-20 13:33:00,NSE:GAL,2.35,2.35,2.35,2.35,81.0
2021-04-20 13:36:00,NSE:GAL,2.35,2.35,2.35,2.35,4.0
2021-04-20 13:39:00,NSE:GAL,2.35,2.35,2.35,2.35,2.0
2021-04-20 13:45:00,NSE:GAL,2.3,2.3,2.3,2.3,4.0
2021-04-20 13:48:00,NSE:GAL,2.3,2.3,2.3,2.3,143.0
2021-04-20 13:54:00,NSE:GAL,2.3,2.3,2.3,2.3,18926.0
2021-04-20 14:00:00,NSE:GAL,2.35,2.35,2.35,2.35,108.0
2021-04-20 14:15:00,NSE:GAL,2.35,2.35,2.35,2.35,200.0
2021-04-20 14:24:00,NSE:GAL,2.35,2.35,2.35,2.35,641.0
2021-04-20 14:30:00,NSE:GAL,2.4,2.4,2.4,2.4,200.0
2021-04-20 14:36:00,NSE:GAL,2.35,2.35,2.35,2.35,100.0
2021-04-20 14:39:00,NSE:GAL,2.35,2.35,2.35,2.35,1259.0
2021-04-20 14:42:00,NSE:GAL,2.35,2.35,2.35,2.35,59.0
2021-04-20 14:45:00,NSE:GAL,2.35,2.35,2.35,2.35,41.0
2021-04-20 14:51:00,NSE:GAL,2.4,2.4,2.3,2.3,101.0
2021-04-20 14:54:00,NSE:GAL,2.3,2.3,2.3,2.3,25.0
2021-04-20 15:00:00,NSE:GAL,2.4,2.4,2.3,2.4,2501.0
2021-04-20 15:06:00,NSE:GAL,2.4,2.4,2.4,2.4,3179.0
2021-04-20 15:09:00,NSE:GAL,2.3,2.3,2.3,2.3,3553.0
2021-04-20 15:12:00,NSE:GAL,2.4,2.4,2.4,2.4,9.0
2021-04-20 15:18:00,NSE:GAL,2.4,2.4,2.3,2.3,2200.0
2021-04-20 15:27:00,NSE:GAL,2.4,2.4,2.4,2.4,10.0
2021-04-22 09:06:00,NSE:GAL,2.4,2.4,2.4,2.4,368.0
2021-04-22 09:15:00,NSE:GAL,2.35,2.4,2.35,2.35,935.0
2021-04-22 09:21:00,NSE:GAL,2.35,2.4,2.35,2.4,746.0
2021-04-22 09:27:00,NSE:GAL,2.35,2.35,2.35,2.35,12250.0
2021-04-22 09:33:00,NSE:GAL,2.35,2.35,2.35,2.35,1.0
2021-04-22 09:45:00,NSE:GAL,2.3,2.3,2.3,2.3,50.0
2021-04-22 09:51:00,NSE:GAL,2.4,2.4,2.4,2.4,100.0
2021-04-22 09:54:00,NSE:GAL,2.4,2.4,2.4,2.4,1537.0
2021-04-22 10:09:00,NSE:GAL,2.4,2.4,2.4,2.4,580.0
2021-04-22 10:12:00,NSE:GAL,2.4,2.4,2.3,2.3,151.0
2021-04-22 10:21:00,NSE:GAL,2.3,2.3,2.3,2.3,15.0
2021-04-22 10:24:00,NSE:GAL,2.4,2.4,2.4,2.4,1.0
2021-04-22 10:27:00,NSE:GAL,2.3,2.3,2.3,2.3,44.0
2021-04-22 10:30:00,NSE:GAL,2.3,2.3,2.3,2.3,112.0
2021-04-22 10:33:00,NSE:GAL,2.4,2.4,2.3,2.4,2201.0
2021-04-22 10:36:00,NSE:GAL,2.4,2.4,2.4,2.4,50.0
2021-04-22 10:39:00,NSE:GAL,2.4,2.4,2.3,2.3,111.0
2021-04-22 10:48:00,NSE:GAL,2.3,2.3,2.3,2.3,33.0
2021-04-22 10:54:00,NSE:GAL,2.4,2.4,2.3,2.4,176.0
2021-04-22 11:09:00,NSE:GAL,2.3,2.3,2.3,2.3,1020.0
2021-04-22 11:12:00,NSE:GAL,2.3,2.3,2.3,2.3,200.0
2021-04-22 11:21:00,NSE:GAL,2.4,2.4,2.4,2.4,15.0
2021-04-22 11:27:00,NSE:GAL,2.3,2.3,2.3,2.3,1000.0
2021-04-22 11:54:00,NSE:GAL,2.4,2.4,2.4,2.4,507.0
2021-04-22 11:57:00,NSE:GAL,2.4,2.4,2.4,2.4,51.0
2021-04-22 12:06:00,NSE:GAL,2.35,2.35,2.35,2.35,1200.0
2021-04-22 12:09:00,NSE:GAL,2.35,2.35,2.35,2.35,5.0
2021-04-22 12:27:00,NSE:GAL,2.35,2.35,2.35,2.35,150.0
2021-04-22 12:51:00,NSE:GAL,2.3,2.35,2.3,2.3,897.0
2021-04-22 13:00:00,NSE:GAL,2.35,2.35,2.35,2.35,1839.0
2021-04-22 13:03:00,NSE:GAL,2.4,2.4,2.35,2.35,53.0
2021-04-22 13:06:00,NSE:GAL,2.4,2.4,2.4,2.4,1000.0
2021-04-22 13:09:00,NSE:GAL,2.4,2.4,2.35,2.35,1510.0
2021-04-22 13:12:00,NSE:GAL,2.4,2.4,2.35,2.35,520.0
2021-04-22 13:24:00,NSE:GAL,2.35,2.35,2.35,2.35,1.0
2021-04-22 13:36:00,NSE:GAL,2.4,2.4,2.4,2.4,8.0
2021-04-22 13:39:00,NSE:GAL,2.4,2.4,2.4,2.4,150.0
2021-04-22 13:42:00,NSE:GAL,2.4,2.4,2.4,2.4,200.0
2021-04-22 13:51:00,NSE:GAL,2.35,2.35,2.35,2.35,1132.0
2021-04-22 14:06:00,NSE:GAL,2.35,2.35,2.35,2.35,1590.0
2021-04-22 14:09:00,NSE:GAL,2.4,2.4,2.35,2.35,830.0
2021-04-22 14:24:00,NSE:GAL,2.35,2.35,2.35,2.35,62.0
2021-04-22 14:27:00,NSE:GAL,2.35,2.35,2.35,2.35,18.0
2021-04-22 14:51:00,NSE:GAL,2.4,2.4,2.4,2.4,1000.0
2021-04-22 14:57:00,NSE:GAL,2.3,2.3,2.3,2.3,45.0
2021-04-22 15:09:00,NSE:GAL,2.35,2.35,2.35,2.35,500.0
2021-04-22 15:15:00,NSE:GAL,2.35,2.35,2.3,2.3,3.0
2021-04-22 15:18:00,NSE:GAL,2.3,2.3,2.3,2.3,509.0
2021-04-23 09:06:00,NSE:GAL,2.4,2.4,2.4,2.4,92.0
2021-04-23 09:15:00,NSE:GAL,2.4,2.4,2.4,2.4,18.0
2021-04-23 09:18:00,NSE:GAL,2.4,2.4,2.25,2.25,1823.0
2021-04-23 09:21:00,NSE:GAL,2.4,2.4,2.35,2.35,47.0
2021-04-23 09:24:00,NSE:GAL,2.35,2.35,2.35,2.35,148.0
2021-04-23 09:27:00,NSE:GAL,2.3,2.3,2.3,2.3,18.0
2021-04-23 09:30:00,NSE:GAL,2.3,2.3,2.3,2.3,100.0
2021-04-23 09:33:00,NSE:GAL,2.35,2.35,2.35,2.35,403.0
2021-04-23 09:36:00,NSE:GAL,2.3,2.3,2.3,2.3,1.0
2021-04-23 09:39:00,NSE:GAL,2.35,2.35,2.35,2.35,570.0
2021-04-23 09:48:00,NSE:GAL,2.3,2.3,2.3,2.3,1.0
2021-04-23 09:51:00,NSE:GAL,2.35,2.35,2.35,2.35,102.0
2021-04-23 09:54:00,NSE:GAL,2.35,2.35,2.35,2.35,2.0
2021-04-23 09:57:00,NSE:GAL,2.35,2.35,2.35,2.35,37.0
2021-04-23 10:00:00,NSE:GAL,2.3,2.35,2.3,2.35,119.0
2021-04-23 10:12:00,NSE:GAL,2.35,2.35,2.35,2.35,500.0
2021-04-23 10:21:00,NSE:GAL,2.3,2.3,2.3,2.3,18.0
2021-04-23 10:30:00,NSE:GAL,2.25,2.25,2.25,2.25,354.0
2021-04-23 10:33:00,NSE:GAL,2.35,2.35,2.25,2.25,447.0
2021-04-23 10:36:00,NSE:GAL,2.35,2.35,2.25,2.25,110.0
2021-04-23 10:39:00,NSE:GAL,2.35,2.35,2.35,2.35,26.0
2021-04-23 10:42:00,NSE:GAL,2.35,2.35,2.25,2.25,8016.0
2021-04-23 10:45:00,NSE:GAL,2.35,2.35,2.25,2.25,55.0
2021-04-23 10:48:00,NSE:GAL,2.35,2.35,2.25,2.25,92.0
2021-04-23 10:51:00,NSE:GAL,2.35,2.35,2.35,2.35,40.0
2021-04-23 11:12:00,NSE:GAL,2.3,2.3,2.3,2.3,1.0
2021-04-23 11:18:00,NSE:GAL,2.25,2.25,2.25,2.25,7.0
2021-04-23 11:33:00,NSE:GAL,2.3,2.3,2.3,2.3,110.0
2021-04-23 11:36:00,NSE:GAL,2.3,2.3,2.3,2.3,400.0
2021-04-23 11:42:00,NSE:GAL,2.3,2.3,2.3,2.3,300.0
2021-04-23 11:45:00,NSE:GAL,2.25,2.25,2.25,2.25,32.0
2021-04-23 12:00:00,NSE:GAL,2.3,2.3,2.3,2.3,2.0
2021-04-23 12:06:00,NSE:GAL,2.25,2.25,2.25,2.25,111.0
2021-04-23 12:18:00,NSE:GAL,2.25,2.25,2.25,2.25,316.0
2021-04-23 12:30:00,NSE:GAL,2.3,2.3,2.3,2.3,4750.0
2021-04-23 12:33:00,NSE:GAL,2.3,2.3,2.3,2.3,15.0
2021-04-23 12:51:00,NSE:GAL,2.3,2.3,2.3,2.3,4.0
2021-04-23 12:54:00,NSE:GAL,2.25,2.25,2.25,2.25,45.0
2021-04-23 13:18:00,NSE:GAL,2.3,2.3,2.3,2.3,50.0
2021-04-23 13:27:00,NSE:GAL,2.3,2.3,2.3,2.3,3543.0
2021-04-23 13:30:00,NSE:GAL,2.35,2.35,2.35,2.35,100.0
2021-04-23 13:36:00,NSE:GAL,2.35,2.35,2.35,2.35,7651.0
2021-04-23 13:39:00,NSE:GAL,2.3,2.35,2.3,2.35,400.0
2021-04-23 13:42:00,NSE:GAL,2.35,2.35,2.35,2.35,400.0
2021-04-23 13:45:00,NSE:GAL,2.35,2.35,2.35,2.35,149.0
2021-04-23 13:48:00,NSE:GAL,2.35,2.35,2.35,2.35,370.0
2021-04-23 13:51:00,NSE:GAL,2.35,2.35,2.35,2.35,296.0
2021-04-23 13:54:00,NSE:GAL,2.35,2.35,2.35,2.35,1000.0
2021-04-23 13:57:00,NSE:GAL,2.35,2.35,2.35,2.35,1000.0
2021-04-23 14:00:00,NSE:GAL,2.4,2.4,2.4,2.4,500.0
2021-04-23 14:03:00,NSE:GAL,2.3,2.3,2.3,2.3,184.0
2021-04-23 14:51:00,NSE:GAL,2.35,2.35,2.35,2.35,1.0
2021-04-23 14:54:00,NSE:GAL,2.25,2.25,2.25,2.25,20435.0
2021-04-23 14:57:00,NSE:GAL,2.25,2.25,2.25,2.25,250.0
2021-04-23 15:03:00,NSE:GAL,2.25,2.25,2.25,2.25,1000.0
2021-04-23 15:09:00,NSE:GAL,2.35,2.35,2.35,2.35,1.0
2021-04-23 15:12:00,NSE:GAL,2.35,2.35,2.35,2.35,500.0
2021-04-23 15:21:00,NSE:GAL,2.35,2.35,2.25,2.35,222.0
2021-04-23 15:24:00,NSE:GAL,2.35,2.35,2.35,2.35,103.0
2021-04-26 09:06:00,NSE:GAL,2.45,2.45,2.45,2.45,2000.0
2021-04-26 09:15:00,NSE:GAL,2.45,2.45,2.3,2.3,1124.0
2021-04-26 09:18:00,NSE:GAL,2.3,2.45,2.3,2.45,45.0
2021-04-26 09:21:00,NSE:GAL,2.4,2.4,2.4,2.4,510.0
2021-04-26 09:24:00,NSE:GAL,2.4,2.4,2.4,2.4,610.0
2021-04-26 09:27:00,NSE:GAL,2.35,2.35,2.35,2.35,3.0
2021-04-26 09:30:00,NSE:GAL,2.35,2.35,2.35,2.35,525.0
2021-04-26 09:33:00,NSE:GAL,2.3,2.3,2.3,2.3,201.0
2021-04-26 09:36:00,NSE:GAL,2.3,2.3,2.3,2.3,67.0
2021-04-26 10:00:00,NSE:GAL,2.35,2.35,2.35,2.35,347.0
2021-04-26 10:03:00,NSE:GAL,2.35,2.4,2.35,2.35,113.0
2021-04-26 10:12:00,NSE:GAL,2.3,2.3,2.3,2.3,20.0
2021-04-26 10:15:00,NSE:GAL,2.3,2.3,2.3,2.3,15.0
2021-04-26 10:24:00,NSE:GAL,2.3,2.3,2.3,2.3,50.0
2021-04-26 10:30:00,NSE:GAL,2.3,2.3,2.3,2.3,756.0
2021-04-26 10:36:00,NSE:GAL,2.3,2.3,2.3,2.3,36.0
2021-04-26 10:39:00,NSE:GAL,2.3,2.3,2.3,2.3,11.0
2021-04-26 10:45:00,NSE:GAL,2.35,2.35,2.35,2.35,167.0
2021-04-26 10:48:00,NSE:GAL,2.35,2.35,2.3,2.3,10456.0
2021-04-26 10:54:00,NSE:GAL,2.3,2.3,2.3,2.3,20.0
2021-04-26 11:00:00,NSE:GAL,2.3,2.3,2.3,2.3,2.0
2021-04-26 11:21:00,NSE:GAL,2.35,2.35,2.35,2.35,28.0
2021-04-26 11:36:00,NSE:GAL,2.35,2.35,2.35,2.35,658.0
2021-04-26 11:39:00,NSE:GAL,2.35,2.35,2.35,2.35,22.0
2021-04-26 11:54:00,NSE:GAL,2.35,2.35,2.35,2.35,1.0
2021-04-26 12:12:00,NSE:GAL,2.35,2.35,2.35,2.35,41.0
2021-04-26 12:24:00,NSE:GAL,2.35,2.35,2.35,2.35,14.0
2021-04-26 12:27:00,NSE:GAL,2.35,2.35,2.35,2.35,260.0
2021-04-26 12:33:00,NSE:GAL,2.35,2.35,2.35,2.35,1050.0
2021-04-26 13:21:00,NSE:GAL,2.35,2.35,2.35,2.35,1.0
2021-04-26 13:45:00,NSE:GAL,2.3,2.3,2.3,2.3,1.0
2021-04-26 13:48:00,NSE:GAL,2.3,2.3,2.3,2.3,1347.0
2021-04-26 13:51:00,NSE:GAL,2.35,2.35,2.35,2.35,463.0
2021-04-26 13:57:00,NSE:GAL,2.35,2.35,2.35,2.35,26.0
2021-04-26 14:03:00,NSE:GAL,2.3,2.3,2.3,2.3,20.0
2021-04-26 14:09:00,NSE:GAL,2.35,2.35,2.35,2.35,50.0
2021-04-26 14:27:00,NSE:GAL,2.35,2.35,2.35,2.35,100.0
2021-04-26 14:36:00,NSE:GAL,2.35,2.35,2.35,2.35,610.0
2021-04-26 14:39:00,NSE:GAL,2.35,2.35,2.25,2.35,10754.0
2021-04-26 14:42:00,NSE:GAL,2.35,2.35,2.35,2.35,18.0
2021-04-26 14:45:00,NSE:GAL,2.35,2.35,2.35,2.35,129.0
2021-04-26 14:57:00,NSE:GAL,2.35,2.35,2.35,2.35,5.0
2021-04-26 15:24:00,NSE:GAL,2.3,2.3,2.3,2.3,200.0
2021-04-26 15:27:00,NSE:GAL,2.3,2.3,2.3,2.3,250.0
2021-04-27 09:06:00,NSE:GAL,2.3,2.3,2.3,2.3,44.0
2021-04-27 09:24:00,NSE:GAL,2.35,2.35,2.35,2.35,70.0
2021-04-27 09:30:00,NSE:GAL,2.35,2.35,2.35,2.35,2.0
2021-04-27 09:36:00,NSE:GAL,2.35,2.35,2.35,2.35,20.0
2021-04-27 09:39:00,NSE:GAL,2.3,2.3,2.3,2.3,71.0
2021-04-27 09:51:00,NSE:GAL,2.35,2.35,2.35,2.35,339.0
2021-04-27 09:54:00,NSE:GAL,2.35,2.35,2.25,2.25,1525.0
2021-04-27 10:00:00,NSE:GAL,2.35,2.35,2.35,2.35,30.0
2021-04-27 10:06:00,NSE:GAL,2.3,2.3,2.3,2.3,1550.0
2021-04-27 10:12:00,NSE:GAL,2.35,2.35,2.35,2.35,1.0
2021-04-27 10:15:00,NSE:GAL,2.35,2.35,2.35,2.35,500.0
2021-04-27 10:18:00,NSE:GAL,2.35,2.35,2.35,2.35,102.0
2021-04-27 10:21:00,NSE:GAL,2.3,2.3,2.3,2.3,10.0
2021-04-27 10:24:00,NSE:GAL,2.3,2.3,2.3,2.3,100.0
2021-04-27 10:27:00,NSE:GAL,2.3,2.3,2.3,2.3,1076.0
2021-04-27 10:33:00,NSE:GAL,2.3,2.3,2.3,2.3,11.0
2021-04-27 10:48:00,NSE:GAL,2.35,2.35,2.35,2.35,500.0
2021-04-27 10:51:00,NSE:GAL,2.35,2.35,2.35,2.35,1000.0
2021-04-27 11:00:00,NSE:GAL,2.35,2.35,2.35,2.35,5.0
2021-04-27 11:03:00,NSE:GAL,2.35,2.35,2.35,2.35,150.0
2021-04-27 11:09:00,NSE:GAL,2.35,2.35,2.3,2.3,1636.0
2021-04-27 11:12:00,NSE:GAL,2.3,2.35,2.3,2.35,616.0
2021-04-27 11:30:00,NSE:GAL,2.35,2.35,2.35,2.35,100.0
2021-04-27 11:33:00,NSE:GAL,2.3,2.3,2.3,2.3,80.0
2021-04-27 11:42:00,NSE:GAL,2.3,2.3,2.3,2.3,325.0
2021-04-27 11:48:00,NSE:GAL,2.35,2.35,2.35,2.35,1.0
2021-04-27 12:00:00,NSE:GAL,2.35,2.35,2.35,2.35,200.0
2021-04-27 12:06:00,NSE:GAL,2.35,2.35,2.35,2.35,10.0
2021-04-27 12:27:00,NSE:GAL,2.35,2.35,2.35,2.35,100.0
2021-04-27 12:48:00,NSE:GAL,2.35,2.35,2.35,2.35,250.0
2021-04-27 12:54:00,NSE:GAL,2.35,2.35,2.35,2.35,250.0
2021-04-27 13:09:00,NSE:GAL,2.35,2.35,2.35,2.35,1.0
2021-04-27 13:12:00,NSE:GAL,2.3,2.3,2.3,2.3,78.0
2021-04-27 13:15:00,NSE:GAL,2.3,2.3,2.3,2.3,33.0
2021-04-27 13:18:00,NSE:GAL,2.3,2.35,2.3,2.35,3505.0
2021-04-27 13:27:00,NSE:GAL,2.35,2.35,2.35,2.35,2.0
2021-04-27 13:36:00,NSE:GAL,2.3,2.3,2.3,2.3,3.0
2021-04-27 13:39:00,NSE:GAL,2.3,2.3,2.3,2.3,2128.0
2021-04-27 13:42:00,NSE:GAL,2.3,2.3,2.3,2.3,20.0
2021-04-27 13:45:00,NSE:GAL,2.35,2.35,2.35,2.35,30.0
2021-04-27 13:54:00,NSE:GAL,2.35,2.35,2.35,2.35,3.0
2021-04-27 13:57:00,NSE:GAL,2.35,2.35,2.35,2.35,3613.0
2021-04-27 14:00:00,NSE:GAL,2.35,2.35,2.35,2.35,10.0
2021-04-27 14:03:00,NSE:GAL,2.35,2.35,2.35,2.35,400.0
2021-04-27 14:21:00,NSE:GAL,2.35,2.35,2.35,2.35,2283.0
2021-04-27 14:30:00,NSE:GAL,2.35,2.35,2.35,2.35,1.0
2021-04-27 14:33:00,NSE:GAL,2.35,2.35,2.35,2.35,10.0
2021-04-27 14:36:00,NSE:GAL,2.35,2.35,2.35,2.35,430.0
2021-04-27 14:39:00,NSE:GAL,2.3,2.35,2.3,2.35,13.0
2021-04-27 14:42:00,NSE:GAL,2.3,2.3,2.3,2.3,68.0
2021-04-27 14:45:00,NSE:GAL,2.3,2.3,2.3,2.3,4423.0
2021-04-27 15:09:00,NSE:GAL,2.3,2.3,2.3,2.3,2747.0
2021-04-27 15:21:00,NSE:GAL,2.3,2.3,2.3,2.3,25.0
2021-04-27 15:27:00,NSE:GAL,2.35,2.35,2.35,2.35,105.0
2021-04-28 09:06:00,NSE:GAL,2.3,2.3,2.3,2.3,100.0
2021-04-28 09:15:00,NSE:GAL,2.3,2.3,2.3,2.3,100.0
2021-04-28 09:21:00,NSE:GAL,2.3,2.3,2.3,2.3,480.0
2021-04-28 09:27:00,NSE:GAL,2.3,2.3,2.3,2.3,13.0
2021-04-28 09:57:00,NSE:GAL,2.3,2.3,2.3,2.3,14.0
2021-04-28 10:00:00,NSE:GAL,2.35,2.35,2.3,2.3,25090.0
2021-04-28 10:06:00,NSE:GAL,2.3,2.3,2.3,2.3,10.0
2021-04-28 10:12:00,NSE:GAL,2.35,2.4,2.35,2.35,908.0
2021-04-28 10:15:00,NSE:GAL,2.35,2.35,2.35,2.35,1836.0
2021-04-28 10:21:00,NSE:GAL,2.35,2.35,2.35,2.35,38.0
2021-04-28 10:30:00,NSE:GAL,2.4,2.4,2.35,2.35,4427.0
2021-04-28 10:33:00,NSE:GAL,2.35,2.35,2.35,2.35,10.0
2021-04-28 10:36:00,NSE:GAL,2.45,2.45,2.45,2.45,1.0
2021-04-28 10:51:00,NSE:GAL,2.35,2.4,2.35,2.4,1125.0
2021-04-28 11:00:00,NSE:GAL,2.4,2.4,2.4,2.4,100.0
2021-04-28 11:09:00,NSE:GAL,2.4,2.4,2.4,2.4,1000.0
2021-04-28 11:12:00,NSE:GAL,2.4,2.4,2.4,2.4,4.0
2021-04-28 11:21:00,NSE:GAL,2.4,2.4,2.4,2.4,70.0
2021-04-28 11:24:00,NSE:GAL,2.4,2.4,2.35,2.35,505.0
2021-04-28 11:39:00,NSE:GAL,2.4,2.4,2.4,2.4,5.0
2021-04-28 12:03:00,NSE:GAL,2.4,2.4,2.35,2.35,42.0
2021-04-28 12:09:00,NSE:GAL,2.35,2.35,2.35,2.35,463.0
2021-04-28 12:12:00,NSE:GAL,2.4,2.4,2.35,2.35,24.0
2021-04-28 12:18:00,NSE:GAL,2.35,2.35,2.35,2.35,100.0
2021-04-28 12:21:00,NSE:GAL,2.35,2.4,2.35,2.4,1600.0
2021-04-28 12:24:00,NSE:GAL,2.4,2.4,2.4,2.4,5.0
2021-04-28 12:36:00,NSE:GAL,2.35,2.35,2.35,2.35,1.0
2021-04-28 12:39:00,NSE:GAL,2.35,2.35,2.35,2.35,18.0
2021-04-28 12:57:00,NSE:GAL,2.4,2.4,2.4,2.4,5.0
2021-04-28 13:03:00,NSE:GAL,2.4,2.4,2.4,2.4,500.0
2021-04-28 13:15:00,NSE:GAL,2.4,2.4,2.4,2.4,113.0
2021-04-28 13:24:00,NSE:GAL,2.35,2.35,2.35,2.35,5.0
2021-04-28 13:27:00,NSE:GAL,2.4,2.4,2.4,2.4,30.0
2021-04-28 13:30:00,NSE:GAL,2.35,2.35,2.35,2.35,200.0
2021-04-28 13:39:00,NSE:GAL,2.35,2.35,2.35,2.35,10.0
2021-04-28 13:54:00,NSE:GAL,2.35,2.35,2.35,2.35,3108.0
2021-04-28 14:09:00,NSE:GAL,2.35,2.35,2.35,2.35,200.0
2021-04-28 14:21:00,NSE:GAL,2.35,2.4,2.35,2.4,1100.0
2021-04-28 14:30:00,NSE:GAL,2.4,2.4,2.4,2.4,1000.0
2021-04-28 14:51:00,NSE:GAL,2.35,2.35,2.35,2.35,9158.0
2021-04-28 14:54:00,NSE:GAL,2.35,2.35,2.25,2.25,39274.0
2021-04-28 14:57:00,NSE:GAL,2.3,2.3,2.3,2.3,16264.0
2021-04-28 15:00:00,NSE:GAL,2.3,2.3,2.25,2.25,127915.0
2021-04-28 15:06:00,NSE:GAL,2.3,2.3,2.3,2.3,223.0
2021-04-28 15:09:00,NSE:GAL,2.3,2.3,2.3,2.3,314.0
2021-04-28 15:12:00,NSE:GAL,2.3,2.3,2.3,2.3,2.0
2021-04-28 15:18:00,NSE:GAL,2.3,2.3,2.3,2.3,1.0
2021-04-28 15:21:00,NSE:GAL,2.3,2.35,2.25,2.35,7467.0
2021-04-28 15:27:00,NSE:GAL,2.35,2.35,2.35,2.35,100.0
2021-04-29 09:06:00,NSE:GAL,2.35,2.35,2.35,2.35,501.0
2021-04-29 09:15:00,NSE:GAL,2.35,2.35,2.35,2.35,2000.0
2021-04-29 09:18:00,NSE:GAL,2.35,2.35,2.35,2.35,107.0
2021-04-29 09:21:00,NSE:GAL,2.3,2.3,2.3,2.3,3.0
2021-04-29 09:27:00,NSE:GAL,2.35,2.35,2.35,2.35,10.0
2021-04-29 09:30:00,NSE:GAL,2.3,2.3,2.3,2.3,1.0
2021-04-29 09:39:00,NSE:GAL,2.35,2.35,2.35,2.35,9.0
2021-04-29 09:42:00,NSE:GAL,2.35,2.35,2.35,2.35,121.0
2021-04-29 09:57:00,NSE:GAL,2.35,2.35,2.25,2.25,60.0
2021-04-29 10:06:00,NSE:GAL,2.35,2.35,2.35,2.35,2000.0
2021-04-29 10:09:00,NSE:GAL,2.35,2.35,2.35,2.35,5.0
2021-04-29 10:15:00,NSE:GAL,2.25,2.25,2.2,2.2,52000.0
2021-04-29 10:18:00,NSE:GAL,2.3,2.3,2.3,2.3,200.0
2021-04-29 10:24:00,NSE:GAL,2.25,2.25,2.25,2.25,1354.0
2021-04-29 10:30:00,NSE:GAL,2.25,2.25,2.25,2.25,50.0
2021-04-29 10:33:00,NSE:GAL,2.25,2.25,2.25,2.25,50.0
2021-04-29 10:36:00,NSE:GAL,2.2,2.2,2.2,2.2,1950.0
2021-04-29 10:42:00,NSE:GAL,2.25,2.25,2.25,2.25,42.0
2021-04-29 10:45:00,NSE:GAL,2.3,2.3,2.25,2.25,54.0
2021-04-29 10:48:00,NSE:GAL,2.2,2.2,2.2,2.2,12.0
2021-04-29 10:51:00,NSE:GAL,2.2,2.2,2.2,2.2,96.0
2021-04-29 10:54:00,NSE:GAL,2.3,2.3,2.3,2.3,50.0
2021-04-29 10:57:00,NSE:GAL,2.3,2.3,2.3,2.3,18.0
2021-04-29 11:06:00,NSE:GAL,2.3,2.3,2.3,2.3,100.0
2021-04-29 11:09:00,NSE:GAL,2.3,2.3,2.3,2.3,10.0
2021-04-29 11:21:00,NSE:GAL,2.3,2.3,2.3,2.3,100.0
2021-04-29 11:27:00,NSE:GAL,2.3,2.3,2.3,2.3,5150.0
2021-04-29 11:33:00,NSE:GAL,2.3,2.3,2.3,2.3,87.0
2021-04-29 11:36:00,NSE:GAL,2.3,2.3,2.3,2.3,5.0
2021-04-29 11:42:00,NSE:GAL,2.3,2.3,2.3,2.3,11.0
2021-04-29 11:45:00,NSE:GAL,2.3,2.3,2.3,2.3,16.0
2021-04-29 12:03:00,NSE:GAL,2.3,2.3,2.3,2.3,600.0
2021-04-29 12:09:00,NSE:GAL,2.3,2.3,2.3,2.3,5.0
2021-04-29 12:15:00,NSE:GAL,2.3,2.3,2.3,2.3,50.0
2021-04-29 12:21:00,NSE:GAL,2.3,2.3,2.3,2.3,1.0
2021-04-29 12:27:00,NSE:GAL,2.25,2.3,2.25,2.3,8200.0
2021-04-29 12:30:00,NSE:GAL,2.3,2.3,2.3,2.3,1025.0
2021-04-29 12:33:00,NSE:GAL,2.3,2.3,2.3,2.3,180.0
2021-04-29 12:42:00,NSE:GAL,2.25,2.25,2.25,2.25,100.0
2021-04-29 13:00:00,NSE:GAL,2.3,2.3,2.3,2.3,66.0
2021-04-29 13:06:00,NSE:GAL,2.3,2.3,2.3,2.3,11.0
2021-04-29 13:09:00,NSE:GAL,2.25,2.25,2.1,2.1,30769.0
2021-04-29 13:15:00,NSE:GAL,2.3,2.3,2.3,2.3,800.0
2021-04-29 13:18:00,NSE:GAL,2.2,2.3,2.2,2.3,101.0
2021-04-29 13:36:00,NSE:GAL,2.25,2.25,2.25,2.25,280.0
2021-04-29 13:48:00,NSE:GAL,2.25,2.25,2.25,2.25,10.0
2021-04-29 14:00:00,NSE:GAL,2.25,2.25,2.25,2.25,300.0
2021-04-29 14:03:00,NSE:GAL,2.25,2.25,2.25,2.25,27.0
2021-04-29 14:15:00,NSE:GAL,2.25,2.25,2.25,2.25,230.0
2021-04-29 14:21:00,NSE:GAL,2.25,2.25,2.25,2.25,50.0
2021-04-29 14:24:00,NSE:GAL,2.25,2.25,2.25,2.25,500.0
2021-04-29 14:30:00,NSE:GAL,2.25,2.25,2.25,2.25,100.0
2021-04-29 14:36:00,NSE:GAL,2.25,2.25,2.25,2.25,10.0
2021-04-29 14:48:00,NSE:GAL,2.2,2.25,2.2,2.25,454.0
2021-04-29 14:51:00,NSE:GAL,2.2,2.25,2.2,2.25,53.0
2021-04-29 14:57:00,NSE:GAL,2.2,2.2,2.2,2.2,26.0
2021-04-29 15:15:00,NSE:GAL,2.25,2.25,2.25,2.25,24.0
2021-04-29 15:18:00,NSE:GAL,2.25,2.25,2.25,2.25,1.0
2021-04-29 15:21:00,NSE:GAL,2.25,2.25,2.25,2.25,5.0
2021-04-29 15:24:00,NSE:GAL,2.25,2.25,2.25,2.25,600.0
2021-04-29 15:27:00,NSE:GAL,2.25,2.25,2.25,2.25,3425.0
2021-04-30 09:06:00,NSE:GAL,2.25,2.25,2.25,2.25,2101.0
2021-04-30 09:15:00,NSE:GAL,2.25,2.25,2.25,2.25,2863.0
2021-04-30 09:18:00,NSE:GAL,2.3,2.3,2.3,2.3,2137.0
2021-04-30 09:39:00,NSE:GAL,2.3,2.3,2.3,2.3,1.0
2021-04-30 10:09:00,NSE:GAL,2.3,2.3,2.3,2.3,1000.0
2021-04-30 10:15:00,NSE:GAL,2.25,2.25,2.25,2.25,1.0
2021-04-30 10:18:00,NSE:GAL,2.3,2.3,2.3,2.3,300.0
2021-04-30 10:24:00,NSE:GAL,2.3,2.3,2.3,2.3,3600.0
2021-04-30 10:36:00,NSE:GAL,2.3,2.3,2.3,2.3,23.0
2021-04-30 10:39:00,NSE:GAL,2.25,2.25,2.25,2.25,1.0
2021-04-30 10:42:00,NSE:GAL,2.25,2.25,2.25,2.25,500.0
2021-04-30 10:45:00,NSE:GAL,2.3,2.3,2.3,2.3,12.0
2021-04-30 10:51:00,NSE:GAL,2.3,2.3,2.3,2.3,107.0
2021-04-30 11:06:00,NSE:GAL,2.25,2.25,2.25,2.25,100.0
2021-04-30 11:09:00,NSE:GAL,2.3,2.3,2.3,2.3,2.0
2021-04-30 11:15:00,NSE:GAL,2.3,2.3,2.3,2.3,100.0
2021-04-30 11:18:00,NSE:GAL,2.25,2.3,2.25,2.3,81.0
2021-04-30 11:21:00,NSE:GAL,2.3,2.3,2.3,2.3,45.0
2021-04-30 11:33:00,NSE:GAL,2.3,2.3,2.3,2.3,10.0
2021-04-30 11:36:00,NSE:GAL,2.2,2.3,2.2,2.3,18.0
2021-04-30 11:39:00,NSE:GAL,2.2,2.2,2.2,2.2,5.0
2021-04-30 11:42:00,NSE:GAL,2.3,2.3,2.3,2.3,30.0
2021-04-30 11:48:00,NSE:GAL,2.3,2.3,2.3,2.3,318.0
2021-04-30 11:51:00,NSE:GAL,2.25,2.25,2.25,2.25,100.0
2021-04-30 11:57:00,NSE:GAL,2.25,2.25,2.25,2.25,1.0
2021-04-30 12:00:00,NSE:GAL,2.2,2.2,2.2,2.2,9.0
2021-04-30 12:06:00,NSE:GAL,2.3,2.3,2.3,2.3,110.0
2021-04-30 12:09:00,NSE:GAL,2.3,2.3,2.3,2.3,1.0
2021-04-30 12:12:00,NSE:GAL,2.3,2.3,2.3,2.3,566.0
2021-04-30 12:15:00,NSE:GAL,2.3,2.3,2.3,2.3,1.0
2021-04-30 12:18:00,NSE:GAL,2.2,2.2,2.2,2.2,500.0
2021-04-30 12:21:00,NSE:GAL,2.2,2.2,2.2,2.2,250.0
2021-04-30 12:24:00,NSE:GAL,2.3,2.3,2.3,2.3,500.0
2021-04-30 12:30:00,NSE:GAL,2.2,2.2,2.2,2.2,1.0
2021-04-30 12:42:00,NSE:GAL,2.3,2.3,2.3,2.3,9.0
2021-04-30 12:45:00,NSE:GAL,2.3,2.3,2.3,2.3,11.0
2021-04-30 13:00:00,NSE:GAL,2.3,2.3,2.3,2.3,1000.0
2021-04-30 13:03:00,NSE:GAL,2.3,2.3,2.3,2.3,87.0
2021-04-30 13:06:00,NSE:GAL,2.3,2.3,2.3,2.3,35.0
2021-04-30 13:09:00,NSE:GAL,2.25,2.25,2.25,2.25,120.0
2021-04-30 13:18:00,NSE:GAL,2.25,2.25,2.25,2.25,20.0
2021-04-30 13:42:00,NSE:GAL,2.25,2.25,2.25,2.25,66.0
2021-04-30 13:45:00,NSE:GAL,2.2,2.2,2.1,2.1,72142.0
2021-04-30 13:48:00,NSE:GAL,2.2,2.2,2.2,2.2,1.0
2021-04-30 13:51:00,NSE:GAL,2.2,2.2,2.2,2.2,525.0
2021-04-30 13:54:00,NSE:GAL,2.2,2.2,2.2,2.2,200.0
2021-04-30 14:06:00,NSE:GAL,2.15,2.15,2.15,2.15,115.0
2021-04-30 14:09:00,NSE:GAL,2.15,2.15,2.15,2.15,410.0
2021-04-30 14:24:00,NSE:GAL,2.2,2.2,2.2,2.2,62.0
2021-04-30 14:42:00,NSE:GAL,2.2,2.2,2.2,2.2,1.0
2021-04-30 14:51:00,NSE:GAL,2.15,2.15,2.15,2.15,499.0
2021-04-30 15:00:00,NSE:GAL,2.15,2.15,2.15,2.15,1024.0
2021-04-30 15:03:00,NSE:GAL,2.15,2.2,2.15,2.2,513.0
2021-04-30 15:15:00,NSE:GAL,2.2,2.2,2.2,2.2,65.0
2021-04-30 15:21:00,NSE:GAL,2.15,2.2,2.15,2.2,4141.0
2021-04-30 15:24:00,NSE:GAL,2.15,2.15,2.15,2.15,7.0
2021-04-30 15:27:00,NSE:GAL,2.2,2.2,2.2,2.2,9.0
2021-05-03 09:06:00,NSE:GAL,2.25,2.25,2.25,2.25,15468.0
2021-05-03 09:15:00,NSE:GAL,2.25,2.25,2.15,2.15,188.0
2021-05-03 09:18:00,NSE:GAL,2.15,2.15,2.15,2.15,200.0
2021-05-03 09:24:00,NSE:GAL,2.15,2.15,2.15,2.15,800.0
2021-05-03 09:27:00,NSE:GAL,2.15,2.15,2.15,2.15,90.0
2021-05-03 09:30:00,NSE:GAL,2.25,2.25,2.25,2.25,1500.0
2021-05-03 09:33:00,NSE:GAL,2.25,2.25,2.25,2.25,100.0
2021-05-03 09:39:00,NSE:GAL,2.2,2.2,2.2,2.2,100.0
2021-05-03 09:45:00,NSE:GAL,2.2,2.2,2.2,2.2,56.0
2021-05-03 09:48:00,NSE:GAL,2.25,2.25,2.25,2.25,1000.0
2021-05-03 09:51:00,NSE:GAL,2.25,2.25,2.25,2.25,21.0
2021-05-03 09:57:00,NSE:GAL,2.15,2.25,2.15,2.25,7363.0
2021-05-03 10:18:00,NSE:GAL,2.2,2.2,2.2,2.2,2.0
2021-05-03 10:21:00,NSE:GAL,2.25,2.25,2.25,2.25,22.0
2021-05-03 10:24:00,NSE:GAL,2.25,2.25,2.25,2.25,502.0
2021-05-03 10:27:00,NSE:GAL,2.25,2.25,2.25,2.25,50.0
2021-05-03 10:33:00,NSE:GAL,2.25,2.25,2.25,2.25,10.0
2021-05-03 10:42:00,NSE:GAL,2.25,2.25,2.25,2.25,89.0
2021-05-03 10:48:00,NSE:GAL,2.25,2.25,2.25,2.25,1005.0
2021-05-03 10:51:00,NSE:GAL,2.25,2.25,2.25,2.25,50.0
2021-05-03 10:54:00,NSE:GAL,2.25,2.25,2.25,2.25,500.0
2021-05-03 10:57:00,NSE:GAL,2.25,2.25,2.2,2.2,3400.0
2021-05-03 11:00:00,NSE:GAL,2.25,2.25,2.25,2.25,10.0
2021-05-03 11:09:00,NSE:GAL,2.2,2.2,2.2,2.2,3500.0
2021-05-03 11:12:00,NSE:GAL,2.25,2.25,2.25,2.25,7.0
2021-05-03 11:18:00,NSE:GAL,2.25,2.25,2.25,2.25,1000.0
2021-05-03 11:24:00,NSE:GAL,2.25,2.25,2.25,2.25,6.0
2021-05-03 11:27:00,NSE:GAL,2.2,2.2,2.2,2.2,983.0
2021-05-03 11:42:00,NSE:GAL,2.25,2.25,2.2,2.2,3231.0
2021-05-03 11:51:00,NSE:GAL,2.25,2.25,2.25,2.25,120.0
2021-05-03 11:57:00,NSE:GAL,2.25,2.25,2.25,2.25,2.0
2021-05-03 12:00:00,NSE:GAL,2.25,2.25,2.2,2.2,548.0
2021-05-03 12:09:00,NSE:GAL,2.2,2.2,2.2,2.2,7264.0
2021-05-03 12:12:00,NSE:GAL,2.2,2.2,2.15,2.15,24.0
2021-05-03 12:27:00,NSE:GAL,2.2,2.2,2.2,2.2,1327.0
2021-05-03 12:30:00,NSE:GAL,2.15,2.15,2.15,2.15,12.0
2021-05-03 12:33:00,NSE:GAL,2.25,2.25,2.25,2.25,21.0
2021-05-03 12:39:00,NSE:GAL,2.25,2.25,2.25,2.25,80.0
2021-05-03 12:57:00,NSE:GAL,2.25,2.25,2.25,2.25,500.0
2021-05-03 13:12:00,NSE:GAL,2.25,2.25,2.25,2.25,5.0
2021-05-03 13:30:00,NSE:GAL,2.25,2.25,2.25,2.25,6000.0
2021-05-03 13:33:00,NSE:GAL,2.2,2.2,2.2,2.2,150.0
2021-05-03 13:36:00,NSE:GAL,2.25,2.25,2.25,2.25,100.0
2021-05-03 14:03:00,NSE:GAL,2.25,2.25,2.25,2.25,1500.0
2021-05-03 14:12:00,NSE:GAL,2.15,2.15,2.15,2.15,5000.0
2021-05-03 14:33:00,NSE:GAL,2.25,2.25,2.25,2.25,346.0
2021-05-03 14:36:00,NSE:GAL,2.25,2.25,2.25,2.25,1.0
2021-05-03 14:39:00,NSE:GAL,2.25,2.25,2.25,2.25,2.0
2021-05-03 14:42:00,NSE:GAL,2.15,2.25,2.15,2.25,2501.0
2021-05-03 14:45:00,NSE:GAL,2.15,2.15,2.15,2.15,77.0
2021-05-03 14:57:00,NSE:GAL,2.25,2.25,2.25,2.25,500.0
2021-05-03 15:03:00,NSE:GAL,2.25,2.25,2.25,2.25,17.0
2021-05-03 15:06:00,NSE:GAL,2.25,2.25,2.25,2.25,1001.0
2021-05-03 15:09:00,NSE:GAL,2.15,2.15,2.15,2.15,7.0
2021-05-03 15:15:00,NSE:GAL,2.15,2.15,2.15,2.15,7.0
2021-05-03 15:21:00,NSE:GAL,2.25,2.25,2.25,2.25,10094.0
2021-05-03 15:42:00,NSE:GAL,2.25,2.25,2.25,2.25,25.0
2021-05-04 09:06:00,NSE:GAL,2.25,2.25,2.25,2.25,1011.0
2021-05-04 09:15:00,NSE:GAL,2.25,2.25,2.25,2.25,200.0
2021-05-04 09:18:00,NSE:GAL,2.15,2.25,2.15,2.25,1053.0
2021-05-04 09:21:00,NSE:GAL,2.15,2.15,2.15,2.15,1010.0
2021-05-04 09:24:00,NSE:GAL,2.25,2.25,2.25,2.25,1000.0
2021-05-04 09:27:00,NSE:GAL,2.25,2.25,2.25,2.25,19.0
2021-05-04 09:30:00,NSE:GAL,2.2,2.2,2.2,2.2,280.0
2021-05-04 09:33:00,NSE:GAL,2.2,2.2,2.2,2.2,52.0
2021-05-04 09:45:00,NSE:GAL,2.2,2.2,2.2,2.2,200.0
2021-05-04 09:51:00,NSE:GAL,2.25,2.25,2.25,2.25,17.0
2021-05-04 09:54:00,NSE:GAL,2.25,2.25,2.25,2.25,125.0
2021-05-04 10:03:00,NSE:GAL,2.2,2.2,2.2,2.2,100.0
2021-05-04 10:06:00,NSE:GAL,2.25,2.25,2.25,2.25,35.0
2021-05-04 10:09:00,NSE:GAL,2.2,2.2,2.2,2.2,1214.0
2021-05-04 10:12:00,NSE:GAL,2.25,2.25,2.25,2.25,50.0
2021-05-04 10:24:00,NSE:GAL,2.25,2.25,2.25,2.25,1000.0
2021-05-04 10:27:00,NSE:GAL,2.25,2.25,2.25,2.25,101.0
2021-05-04 10:30:00,NSE:GAL,2.25,2.25,2.25,2.25,500.0
2021-05-04 10:36:00,NSE:GAL,2.25,2.25,2.25,2.25,100.0
2021-05-04 10:48:00,NSE:GAL,2.25,2.25,2.25,2.25,20.0
2021-05-04 10:51:00,NSE:GAL,2.2,2.2,2.2,2.2,20.0
2021-05-04 10:54:00,NSE:GAL,2.25,2.25,2.25,2.25,100.0
2021-05-04 11:12:00,NSE:GAL,2.25,2.25,2.25,2.25,20.0
2021-05-04 11:18:00,NSE:GAL,2.2,2.2,2.2,2.2,2000.0
2021-05-04 12:03:00,NSE:GAL,2.2,2.2,2.2,2.2,428.0
2021-05-04 12:06:00,NSE:GAL,2.25,2.25,2.25,2.25,3000.0
2021-05-04 12:09:00,NSE:GAL,2.25,2.25,2.25,2.25,100.0
2021-05-04 12:12:00,NSE:GAL,2.25,2.25,2.25,2.25,1000.0
2021-05-04 12:24:00,NSE:GAL,2.2,2.2,2.2,2.2,100.0
2021-05-04 12:42:00,NSE:GAL,2.25,2.25,2.25,2.25,500.0
2021-05-04 13:06:00,NSE:GAL,2.25,2.25,2.25,2.25,300.0
2021-05-04 13:24:00,NSE:GAL,2.25,2.25,2.2,2.2,12.0
2021-05-04 13:27:00,NSE:GAL,2.25,2.25,2.25,2.25,25.0
2021-05-04 13:30:00,NSE:GAL,2.2,2.2,2.2,2.2,1.0
2021-05-04 13:42:00,NSE:GAL,2.2,2.25,2.2,2.25,10.0
2021-05-04 13:48:00,NSE:GAL,2.25,2.25,2.25,2.25,10.0
2021-05-04 13:51:00,NSE:GAL,2.2,2.2,2.2,2.2,5.0
2021-05-04 13:57:00,NSE:GAL,2.25,2.25,2.25,2.25,1.0
2021-05-04 14:00:00,NSE:GAL,2.2,2.2,2.2,2.2,100.0
2021-05-04 14:06:00,NSE:GAL,2.25,2.25,2.25,2.25,100.0
2021-05-04 14:09:00,NSE:GAL,2.25,2.25,2.25,2.25,1.0
2021-05-04 14:15:00,NSE:GAL,2.25,2.25,2.25,2.25,900.0
2021-05-04 14:27:00,NSE:GAL,2.25,2.25,2.25,2.25,355.0
2021-05-04 14:30:00,NSE:GAL,2.25,2.25,2.25,2.25,2.0
2021-05-04 14:36:00,NSE:GAL,2.2,2.2,2.2,2.2,450.0
2021-05-04 14:45:00,NSE:GAL,2.25,2.25,2.25,2.25,51.0
2021-05-04 14:54:00,NSE:GAL,2.2,2.2,2.2,2.2,514.0
2021-05-04 14:57:00,NSE:GAL,2.2,2.2,2.2,2.2,1310.0
2021-05-04 15:12:00,NSE:GAL,2.25,2.25,2.25,2.25,5000.0
2021-05-04 15:15:00,NSE:GAL,2.25,2.25,2.25,2.25,519.0
2021-05-04 15:21:00,NSE:GAL,2.2,2.25,2.2,2.25,477.0
2021-05-04 15:24:00,NSE:GAL,2.25,2.25,2.25,2.25,963.0
2021-05-04 15:27:00,NSE:GAL,2.25,2.25,2.25,2.25,20.0
2021-05-05 09:06:00,NSE:GAL,2.2,2.2,2.2,2.2,1000.0
2021-05-05 09:15:00,NSE:GAL,2.2,2.25,2.2,2.25,2061.0
2021-05-05 09:21:00,NSE:GAL,2.2,2.2,2.2,2.2,100.0
2021-05-05 09:33:00,NSE:GAL,2.25,2.25,2.25,2.25,13.0
2021-05-05 09:36:00,NSE:GAL,2.25,2.25,2.25,2.25,20.0
2021-05-05 09:48:00,NSE:GAL,2.25,2.25,2.25,2.25,100.0
2021-05-05 09:57:00,NSE:GAL,2.2,2.2,2.2,2.2,310.0
2021-05-05 10:00:00,NSE:GAL,2.2,2.2,2.2,2.2,650.0
2021-05-05 10:27:00,NSE:GAL,2.2,2.2,2.2,2.2,2.0
2021-05-05 10:30:00,NSE:GAL,2.25,2.25,2.25,2.25,20.0
2021-05-05 10:33:00,NSE:GAL,2.2,2.2,2.2,2.2,8.0
2021-05-05 10:36:00,NSE:GAL,2.25,2.25,2.25,2.25,4.0
2021-05-05 10:45:00,NSE:GAL,2.25,2.25,2.25,2.25,7.0
2021-05-05 10:48:00,NSE:GAL,2.15,2.15,2.15,2.15,1300.0
2021-05-05 11:03:00,NSE:GAL,2.2,2.2,2.2,2.2,1000.0
2021-05-05 11:06:00,NSE:GAL,2.25,2.25,2.25,2.25,10.0
2021-05-05 11:12:00,NSE:GAL,2.25,2.25,2.25,2.25,10.0
2021-05-05 11:18:00,NSE:GAL,2.25,2.25,2.25,2.25,15.0
2021-05-05 11:36:00,NSE:GAL,2.2,2.2,2.2,2.2,70.0
2021-05-05 11:42:00,NSE:GAL,2.2,2.2,2.2,2.2,100.0
2021-05-05 11:45:00,NSE:GAL,2.2,2.2,2.2,2.2,1000.0
2021-05-05 11:51:00,NSE:GAL,2.25,2.25,2.25,2.25,25.0
2021-05-05 11:57:00,NSE:GAL,2.25,2.25,2.25,2.25,50.0
2021-05-05 12:00:00,NSE:GAL,2.25,2.25,2.25,2.25,100.0
2021-05-05 12:03:00,NSE:GAL,2.2,2.2,2.2,2.2,1039.0
2021-05-05 12:27:00,NSE:GAL,2.25,2.25,2.25,2.25,3.0
2021-05-05 12:36:00,NSE:GAL,2.25,2.25,2.25,2.25,5.0
2021-05-05 12:54:00,NSE:GAL,2.2,2.2,2.2,2.2,51.0
2021-05-05 13:00:00,NSE:GAL,2.2,2.2,2.2,2.2,119.0
2021-05-05 13:03:00,NSE:GAL,2.2,2.25,2.2,2.25,501.0
2021-05-05 13:15:00,NSE:GAL,2.2,2.25,2.2,2.25,59.0
2021-05-05 13:24:00,NSE:GAL,2.2,2.2,2.2,2.2,510.0
2021-05-05 13:39:00,NSE:GAL,2.25,2.25,2.25,2.25,140.0
2021-05-05 14:06:00,NSE:GAL,2.25,2.25,2.2,2.25,711.0
2021-05-05 14:09:00,NSE:GAL,2.2,2.2,2.2,2.2,14520.0
2021-05-05 14:12:00,NSE:GAL,2.25,2.25,2.25,2.25,300.0
2021-05-05 14:18:00,NSE:GAL,2.25,2.25,2.25,2.25,100.0
2021-05-05 14:30:00,NSE:GAL,2.25,2.25,2.25,2.25,3.0
2021-05-05 14:45:00,NSE:GAL,2.2,2.2,2.2,2.2,100.0
2021-05-05 14:48:00,NSE:GAL,2.15,2.15,2.15,2.15,35.0
2021-05-05 14:57:00,NSE:GAL,2.25,2.25,2.25,2.25,3.0
2021-05-05 15:00:00,NSE:GAL,2.25,2.25,2.25,2.25,150.0
2021-05-05 15:15:00,NSE:GAL,2.25,2.25,2.25,2.25,51.0
2021-05-05 15:21:00,NSE:GAL,2.2,2.2,2.2,2.2,200.0
2021-05-05 15:24:00,NSE:GAL,2.25,2.25,2.25,2.25,200.0
2021-05-05 15:27:00,NSE:GAL,2.2,2.25,2.2,2.25,735.0
2021-05-06 09:06:00,NSE:GAL,2.25,2.25,2.25,2.25,500.0
2021-05-06 09:15:00,NSE:GAL,2.25,2.25,2.25,2.25,18503.0
2021-05-06 09:21:00,NSE:GAL,2.25,2.25,2.25,2.25,60.0
2021-05-06 09:24:00,NSE:GAL,2.2,2.2,2.2,2.2,5.0
2021-05-06 09:27:00,NSE:GAL,2.2,2.25,2.2,2.25,4100.0
2021-05-06 09:36:00,NSE:GAL,2.25,2.25,2.25,2.25,1250.0
2021-05-06 09:39:00,NSE:GAL,2.25,2.25,2.25,2.25,1000.0
2021-05-06 09:42:00,NSE:GAL,2.2,2.2,2.2,2.2,3400.0
2021-05-06 09:51:00,NSE:GAL,2.25,2.25,2.25,2.25,22135.0
2021-05-06 09:54:00,NSE:GAL,2.25,2.3,2.25,2.3,29.0
2021-05-06 09:57:00,NSE:GAL,2.25,2.25,2.25,2.25,1.0
2021-05-06 10:00:00,NSE:GAL,2.3,2.3,2.3,2.3,304.0
2021-05-06 10:09:00,NSE:GAL,2.3,2.3,2.3,2.3,155.0
2021-05-06 10:12:00,NSE:GAL,2.3,2.3,2.3,2.3,20.0
2021-05-06 10:21:00,NSE:GAL,2.3,2.3,2.3,2.3,1.0
2021-05-06 10:24:00,NSE:GAL,2.3,2.3,2.3,2.3,1.0
2021-05-06 10:27:00,NSE:GAL,2.3,2.3,2.3,2.3,100.0
2021-05-06 10:33:00,NSE:GAL,2.3,2.3,2.3,2.3,30.0
2021-05-06 10:39:00,NSE:GAL,2.3,2.3,2.3,2.3,83.0
2021-05-06 10:42:00,NSE:GAL,2.3,2.3,2.3,2.3,45.0
2021-05-06 10:48:00,NSE:GAL,2.3,2.3,2.3,2.3,501.0
2021-05-06 11:00:00,NSE:GAL,2.25,2.25,2.25,2.25,111.0
2021-05-06 11:03:00,NSE:GAL,2.3,2.3,2.3,2.3,20.0
2021-05-06 11:06:00,NSE:GAL,2.3,2.3,2.3,2.3,2.0
2021-05-06 11:15:00,NSE:GAL,2.2,2.2,2.2,2.2,1000.0
2021-05-06 11:21:00,NSE:GAL,2.3,2.3,2.3,2.3,50.0
2021-05-06 11:27:00,NSE:GAL,2.2,2.3,2.2,2.3,230.0
2021-05-06 11:36:00,NSE:GAL,2.3,2.3,2.3,2.3,100.0
2021-05-06 11:42:00,NSE:GAL,2.2,2.2,2.2,2.2,200.0
2021-05-06 11:45:00,NSE:GAL,2.3,2.3,2.3,2.3,23.0
2021-05-06 11:48:00,NSE:GAL,2.3,2.3,2.3,2.3,19.0
2021-05-06 11:51:00,NSE:GAL,2.2,2.25,2.2,2.25,113.0
2021-05-06 12:21:00,NSE:GAL,2.25,2.25,2.25,2.25,1000.0
2021-05-06 12:24:00,NSE:GAL,2.3,2.3,2.3,2.3,1.0
2021-05-06 12:30:00,NSE:GAL,2.25,2.25,2.25,2.25,4.0
2021-05-06 12:33:00,NSE:GAL,2.3,2.3,2.3,2.3,13.0
2021-05-06 12:45:00,NSE:GAL,2.3,2.3,2.3,2.3,40.0
2021-05-06 12:51:00,NSE:GAL,2.3,2.3,2.3,2.3,105.0
2021-05-06 13:12:00,NSE:GAL,2.25,2.25,2.25,2.25,30.0
2021-05-06 13:24:00,NSE:GAL,2.3,2.3,2.3,2.3,2.0
2021-05-06 13:36:00,NSE:GAL,2.25,2.3,2.25,2.3,35.0
2021-05-06 13:39:00,NSE:GAL,2.3,2.3,2.3,2.3,486.0
2021-05-06 13:45:00,NSE:GAL,2.3,2.3,2.3,2.3,1100.0
2021-05-06 13:48:00,NSE:GAL,2.25,2.3,2.25,2.3,350.0
2021-05-06 13:51:00,NSE:GAL,2.25,2.25,2.25,2.25,1.0
2021-05-06 13:54:00,NSE:GAL,2.3,2.3,2.3,2.3,5.0
2021-05-06 14:00:00,NSE:GAL,2.3,2.3,2.3,2.3,5.0
2021-05-06 14:09:00,NSE:GAL,2.25,2.25,2.25,2.25,1000.0
2021-05-06 14:30:00,NSE:GAL,2.25,2.25,2.25,2.25,51.0
2021-05-06 14:33:00,NSE:GAL,2.25,2.25,2.25,2.25,504.0
2021-05-06 14:36:00,NSE:GAL,2.25,2.25,2.25,2.25,669.0
2021-05-06 14:45:00,NSE:GAL,2.25,2.25,2.25,2.25,40.0
2021-05-06 14:51:00,NSE:GAL,2.25,2.25,2.2,2.2,1695.0
2021-05-06 14:54:00,NSE:GAL,2.3,2.3,2.3,2.3,450.0
2021-05-06 15:03:00,NSE:GAL,2.3,2.3,2.2,2.2,305.0
2021-05-06 15:06:00,NSE:GAL,2.3,2.3,2.3,2.3,200.0
2021-05-06 15:12:00,NSE:GAL,2.2,2.2,2.2,2.2,28.0
2021-05-06 15:18:00,NSE:GAL,2.2,2.3,2.2,2.3,1175.0
2021-05-06 15:24:00,NSE:GAL,2.25,2.25,2.2,2.2,112.0
2021-05-06 15:27:00,NSE:GAL,2.25,2.25,2.25,2.25,956.0
2021-05-07 09:06:00,NSE:GAL,2.3,2.3,2.3,2.3,50.0
2021-05-07 09:15:00,NSE:GAL,2.3,2.3,2.3,2.3,140.0
2021-05-07 09:18:00,NSE:GAL,2.3,2.3,2.25,2.25,16.0
2021-05-07 09:21:00,NSE:GAL,2.3,2.3,2.3,2.3,70.0
2021-05-07 09:24:00,NSE:GAL,2.3,2.3,2.3,2.3,100.0
2021-05-07 09:27:00,NSE:GAL,2.3,2.3,2.3,2.3,1.0
2021-05-07 09:42:00,NSE:GAL,2.25,2.25,2.25,2.25,60.0
2021-05-07 09:45:00,NSE:GAL,2.3,2.3,2.3,2.3,509.0
2021-05-07 09:48:00,NSE:GAL,2.2,2.2,2.2,2.2,1900.0
2021-05-07 09:51:00,NSE:GAL,2.3,2.3,2.3,2.3,89.0
2021-05-07 10:03:00,NSE:GAL,2.3,2.3,2.3,2.3,75.0
2021-05-07 10:15:00,NSE:GAL,2.3,2.3,2.3,2.3,86.0
2021-05-07 10:21:00,NSE:GAL,2.3,2.3,2.3,2.3,1659.0
2021-05-07 10:24:00,NSE:GAL,2.3,2.3,2.2,2.2,531.0
2021-05-07 10:27:00,NSE:GAL,2.3,2.3,2.3,2.3,250.0
2021-05-07 10:30:00,NSE:GAL,2.3,2.3,2.3,2.3,40.0
2021-05-07 10:36:00,NSE:GAL,2.2,2.2,2.2,2.2,1.0
2021-05-07 10:39:00,NSE:GAL,2.3,2.3,2.2,2.2,190.0
2021-05-07 10:48:00,NSE:GAL,2.3,2.3,2.3,2.3,300.0
2021-05-07 10:51:00,NSE:GAL,2.2,2.3,2.2,2.2,900.0
2021-05-07 10:54:00,NSE:GAL,2.3,2.3,2.3,2.3,300.0
2021-05-07 10:57:00,NSE:GAL,2.2,2.3,2.2,2.2,302.0
2021-05-07 11:06:00,NSE:GAL,2.2,2.2,2.2,2.2,123.0
2021-05-07 11:09:00,NSE:GAL,2.2,2.2,2.2,2.2,40.0
2021-05-07 11:18:00,NSE:GAL,2.2,2.3,2.2,2.3,165.0
2021-05-07 11:33:00,NSE:GAL,2.3,2.3,2.3,2.3,5.0
2021-05-07 11:39:00,NSE:GAL,2.3,2.3,2.3,2.3,12.0
2021-05-07 11:45:00,NSE:GAL,2.3,2.3,2.3,2.3,5000.0
2021-05-07 11:48:00,NSE:GAL,2.3,2.3,2.3,2.3,28.0
2021-05-07 11:51:00,NSE:GAL,2.3,2.3,2.3,2.3,300.0
2021-05-07 12:00:00,NSE:GAL,2.2,2.2,2.2,2.2,21.0
2021-05-07 12:18:00,NSE:GAL,2.2,2.2,2.2,2.2,400.0
2021-05-07 12:30:00,NSE:GAL,2.3,2.3,2.3,2.3,1000.0
2021-05-07 12:33:00,NSE:GAL,2.3,2.3,2.3,2.3,200.0
2021-05-07 12:45:00,NSE:GAL,2.3,2.3,2.3,2.3,20.0
2021-05-07 12:48:00,NSE:GAL,2.2,2.2,2.2,2.2,109.0
2021-05-07 12:57:00,NSE:GAL,2.2,2.2,2.2,2.2,220.0
2021-05-07 13:00:00,NSE:GAL,2.3,2.3,2.3,2.3,3.0
2021-05-07 13:06:00,NSE:GAL,2.2,2.2,2.2,2.2,222.0
2021-05-07 13:12:00,NSE:GAL,2.3,2.3,2.3,2.3,82.0
2021-05-07 13:18:00,NSE:GAL,2.3,2.3,2.3,2.3,1000.0
2021-05-07 13:27:00,NSE:GAL,2.2,2.2,2.2,2.2,100.0
2021-05-07 13:36:00,NSE:GAL,2.3,2.3,2.3,2.3,200.0
2021-05-07 13:39:00,NSE:GAL,2.2,2.2,2.2,2.2,218.0
2021-05-07 13:48:00,NSE:GAL,2.2,2.2,2.2,2.2,9.0
2021-05-07 14:00:00,NSE:GAL,2.3,2.3,2.3,2.3,1100.0
2021-05-07 14:03:00,NSE:GAL,2.3,2.3,2.3,2.3,35.0
2021-05-07 14:09:00,NSE:GAL,2.3,2.3,2.3,2.3,400.0
2021-05-07 14:12:00,NSE:GAL,2.3,2.3,2.3,2.3,27911.0
2021-05-07 14:15:00,NSE:GAL,2.3,2.3,2.3,2.3,1189.0
2021-05-07 14:18:00,NSE:GAL,2.3,2.3,2.3,2.3,2700.0
2021-05-07 14:21:00,NSE:GAL,2.3,2.3,2.3,2.3,100.0
2021-05-07 14:24:00,NSE:GAL,2.3,2.3,2.3,2.3,41.0
2021-05-07 14:27:00,NSE:GAL,2.3,2.3,2.3,2.3,1000.0
2021-05-07 14:39:00,NSE:GAL,2.3,2.3,2.3,2.3,52.0
2021-05-07 14:42:00,NSE:GAL,2.3,2.3,2.3,2.3,3.0
2021-05-07 14:45:00,NSE:GAL,2.3,2.3,2.3,2.3,363.0
2021-05-07 14:51:00,NSE:GAL,2.3,2.3,2.3,2.3,5.0
2021-05-07 14:54:00,NSE:GAL,2.3,2.3,2.3,2.3,100.0
2021-05-07 15:00:00,NSE:GAL,2.3,2.3,2.3,2.3,238.0
2021-05-07 15:03:00,NSE:GAL,2.25,2.3,2.25,2.3,528.0
2021-05-07 15:15:00,NSE:GAL,2.3,2.3,2.3,2.3,10601.0
2021-05-07 15:18:00,NSE:GAL,2.3,2.3,2.25,2.25,4500.0
2021-05-07 15:24:00,NSE:GAL,2.25,2.25,2.25,2.25,52.0
2021-05-07 15:27:00,NSE:GAL,2.3,2.3,2.3,2.3,201.0
2021-05-10 09:06:00,NSE:GAL,2.35,2.35,2.35,2.35,1653.0
2021-05-10 09:15:00,NSE:GAL,2.35,2.4,2.35,2.4,12872.0
2021-05-10 09:18:00,NSE:GAL,2.35,2.4,2.35,2.4,710.0
2021-05-10 09:21:00,NSE:GAL,2.4,2.4,2.4,2.4,10050.0
2021-05-10 09:24:00,NSE:GAL,2.35,2.4,2.35,2.35,211.0
2021-05-10 09:27:00,NSE:GAL,2.4,2.4,2.35,2.4,1113.0
2021-05-10 09:30:00,NSE:GAL,2.4,2.4,2.35,2.35,2045.0
2021-05-10 09:33:00,NSE:GAL,2.35,2.4,2.35,2.4,282.0
2021-05-10 09:36:00,NSE:GAL,2.35,2.35,2.35,2.35,4.0
2021-05-10 09:39:00,NSE:GAL,2.35,2.35,2.35,2.35,84.0
2021-05-10 09:42:00,NSE:GAL,2.4,2.4,2.4,2.4,57.0
2021-05-10 09:45:00,NSE:GAL,2.35,2.4,2.35,2.4,2121.0
2021-05-10 09:48:00,NSE:GAL,2.4,2.4,2.35,2.4,3280.0
2021-05-10 09:51:00,NSE:GAL,2.4,2.4,2.4,2.4,5050.0
2021-05-10 09:54:00,NSE:GAL,2.35,2.4,2.35,2.4,15466.0
2021-05-10 10:00:00,NSE:GAL,2.4,2.4,2.4,2.4,35.0
2021-05-10 10:03:00,NSE:GAL,2.4,2.4,2.35,2.4,3510.0
2021-05-10 10:06:00,NSE:GAL,2.4,2.4,2.4,2.4,100.0
2021-05-10 10:09:00,NSE:GAL,2.4,2.4,2.35,2.35,57.0
2021-05-10 10:12:00,NSE:GAL,2.35,2.4,2.35,2.4,105.0
2021-05-10 10:15:00,NSE:GAL,2.35,2.35,2.35,2.35,1517.0
2021-05-10 10:18:00,NSE:GAL,2.35,2.35,2.35,2.35,15.0
2021-05-10 10:21:00,NSE:GAL,2.35,2.35,2.35,2.35,100.0
2021-05-10 10:27:00,NSE:GAL,2.35,2.35,2.35,2.35,2000.0
2021-05-10 10:30:00,NSE:GAL,2.3,2.35,2.3,2.35,9020.0
2021-05-10 10:33:00,NSE:GAL,2.35,2.4,2.35,2.4,13114.0
2021-05-10 10:36:00,NSE:GAL,2.4,2.45,2.4,2.45,29365.0
2021-05-10 10:39:00,NSE:GAL,2.45,2.45,2.45,2.45,8000.0
2021-05-10 10:45:00,NSE:GAL,2.35,2.35,2.35,2.35,1483.0
2021-05-10 10:54:00,NSE:GAL,2.4,2.4,2.4,2.4,14.0
2021-05-10 10:57:00,NSE:GAL,2.45,2.45,2.45,2.45,400.0
2021-05-10 11:06:00,NSE:GAL,2.45,2.45,2.45,2.45,150.0
2021-05-10 11:09:00,NSE:GAL,2.45,2.45,2.45,2.45,500.0
2021-05-10 11:15:00,NSE:GAL,2.45,2.45,2.45,2.45,100.0
2021-05-10 11:21:00,NSE:GAL,2.45,2.45,2.45,2.45,1010.0
2021-05-10 11:24:00,NSE:GAL,2.4,2.5,2.4,2.5,6010.0
2021-05-10 11:27:00,NSE:GAL,2.45,2.45,2.45,2.45,5.0
2021-05-10 11:30:00,NSE:GAL,2.5,2.5,2.5,2.5,3.0
2021-05-10 11:36:00,NSE:GAL,2.5,2.5,2.45,2.45,970.0
2021-05-10 11:39:00,NSE:GAL,2.45,2.5,2.45,2.45,2650.0
2021-05-10 11:42:00,NSE:GAL,2.45,2.45,2.45,2.45,3.0
2021-05-10 11:45:00,NSE:GAL,2.5,2.5,2.45,2.45,532.0
2021-05-10 11:48:00,NSE:GAL,2.5,2.5,2.5,2.5,1.0
2021-05-10 11:51:00,NSE:GAL,2.5,2.5,2.5,2.5,10001.0
2021-05-10 11:54:00,NSE:GAL,2.5,2.5,2.5,2.5,1210.0
2021-05-10 11:57:00,NSE:GAL,2.5,2.5,2.5,2.5,12535.0
2021-05-10 12:00:00,NSE:GAL,2.45,2.45,2.45,2.45,100.0
2021-05-10 12:03:00,NSE:GAL,2.5,2.5,2.5,2.5,2065.0
2021-05-10 12:06:00,NSE:GAL,2.5,2.5,2.5,2.5,4105.0
2021-05-10 12:09:00,NSE:GAL,2.5,2.5,2.5,2.5,210.0
2021-05-10 12:12:00,NSE:GAL,2.45,2.45,2.45,2.45,52.0
2021-05-10 12:15:00,NSE:GAL,2.5,2.5,2.5,2.5,1200.0
2021-05-10 12:18:00,NSE:GAL,2.5,2.5,2.5,2.5,1000.0
2021-05-10 12:21:00,NSE:GAL,2.5,2.5,2.45,2.5,401.0
2021-05-10 12:24:00,NSE:GAL,2.5,2.5,2.5,2.5,1200.0
2021-05-10 12:27:00,NSE:GAL,2.5,2.5,2.5,2.5,2501.0
2021-05-10 12:30:00,NSE:GAL,2.5,2.5,2.5,2.5,1.0
2021-05-10 12:33:00,NSE:GAL,2.5,2.5,2.5,2.5,100.0
2021-05-10 12:36:00,NSE:GAL,2.5,2.5,2.5,2.5,34.0
2021-05-10 12:39:00,NSE:GAL,2.5,2.5,2.5,2.5,36.0
2021-05-10 12:42:00,NSE:GAL,2.5,2.5,2.5,2.5,100.0
2021-05-10 12:45:00,NSE:GAL,2.5,2.5,2.5,2.5,15498.0
2021-05-10 13:00:00,NSE:GAL,2.5,2.5,2.5,2.5,550.0
2021-05-10 13:03:00,NSE:GAL,2.5,2.5,2.5,2.5,1159.0
2021-05-10 13:15:00,NSE:GAL,2.5,2.5,2.5,2.5,158.0
2021-05-10 13:36:00,NSE:GAL,2.5,2.5,2.5,2.5,1000.0
2021-05-10 13:39:00,NSE:GAL,2.5,2.5,2.5,2.5,4881.0
2021-05-10 13:48:00,NSE:GAL,2.5,2.5,2.5,2.5,3000.0
2021-05-10 13:54:00,NSE:GAL,2.5,2.5,2.5,2.5,50.0
2021-05-10 14:00:00,NSE:GAL,2.5,2.5,2.5,2.5,100.0
2021-05-10 14:06:00,NSE:GAL,2.5,2.5,2.5,2.5,10.0
2021-05-10 14:09:00,NSE:GAL,2.5,2.5,2.5,2.5,30.0
2021-05-10 14:18:00,NSE:GAL,2.5,2.5,2.5,2.5,13384.0
2021-05-10 14:33:00,NSE:GAL,2.5,2.5,2.5,2.5,8.0
2021-05-10 15:00:00,NSE:GAL,2.5,2.5,2.5,2.5,253.0
2021-05-10 15:09:00,NSE:GAL,2.5,2.5,2.5,2.5,801.0
2021-05-10 15:12:00,NSE:GAL,2.5,2.5,2.5,2.5,1.0
2021-05-10 15:18:00,NSE:GAL,2.5,2.5,2.5,2.5,1000.0
2021-05-10 15:24:00,NSE:GAL,2.5,2.5,2.5,2.5,355.0
2021-05-10 15:27:00,NSE:GAL,2.5,2.5,2.5,2.5,10.0
2021-05-11 09:06:00,NSE:GAL,2.5,2.5,2.5,2.5,1400.0
2021-05-11 09:15:00,NSE:GAL,2.55,2.55,2.5,2.55,2932.0
2021-05-11 09:18:00,NSE:GAL,2.55,2.55,2.5,2.55,2916.0
2021-05-11 09:21:00,NSE:GAL,2.55,2.55,2.5,2.55,1169.0
2021-05-11 09:24:00,NSE:GAL,2.55,2.55,2.55,2.55,120.0
2021-05-11 09:27:00,NSE:GAL,2.55,2.55,2.55,2.55,1260.0
2021-05-11 09:30:00,NSE:GAL,2.55,2.55,2.5,2.55,7020.0
2021-05-11 09:33:00,NSE:GAL,2.55,2.55,2.55,2.55,10.0
2021-05-11 09:36:00,NSE:GAL,2.55,2.55,2.55,2.55,1699.0
2021-05-11 09:39:00,NSE:GAL,2.5,2.55,2.5,2.5,2008.0
2021-05-11 09:42:00,NSE:GAL,2.55,2.55,2.55,2.55,43.0
2021-05-11 09:45:00,NSE:GAL,2.55,2.55,2.55,2.55,2537.0
2021-05-11 09:48:00,NSE:GAL,2.55,2.55,2.55,2.55,27.0
2021-05-11 09:51:00,NSE:GAL,2.55,2.55,2.55,2.55,155.0
2021-05-11 09:54:00,NSE:GAL,2.55,2.55,2.55,2.55,1155.0
2021-05-11 09:57:00,NSE:GAL,2.55,2.55,2.55,2.55,5.0
2021-05-11 10:00:00,NSE:GAL,2.55,2.55,2.55,2.55,11750.0
2021-05-11 10:03:00,NSE:GAL,2.55,2.55,2.55,2.55,2670.0
2021-05-11 10:06:00,NSE:GAL,2.55,2.6,2.55,2.6,15051.0
2021-05-11 10:12:00,NSE:GAL,2.65,2.65,2.65,2.65,2000.0
2021-05-11 10:15:00,NSE:GAL,2.65,2.65,2.65,2.65,1600.0
2021-05-11 10:18:00,NSE:GAL,2.65,2.65,2.55,2.55,1001.0
2021-05-11 10:21:00,NSE:GAL,2.65,2.7,2.65,2.7,23152.0
2021-05-11 10:24:00,NSE:GAL,2.75,2.75,2.7,2.7,10178.0
2021-05-11 10:27:00,NSE:GAL,2.75,2.75,2.7,2.75,5628.0
2021-05-11 10:30:00,NSE:GAL,2.75,2.75,2.75,2.75,8520.0
2021-05-11 10:33:00,NSE:GAL,2.75,2.75,2.7,2.75,5111.0
2021-05-11 10:36:00,NSE:GAL,2.7,2.75,2.7,2.75,10340.0
2021-05-11 10:39:00,NSE:GAL,2.75,2.75,2.75,2.75,5362.0
2021-05-11 10:42:00,NSE:GAL,2.75,2.75,2.75,2.75,112.0
2021-05-11 10:45:00,NSE:GAL,2.75,2.75,2.75,2.75,10.0
2021-05-11 10:48:00,NSE:GAL,2.75,2.75,2.75,2.75,354.0
2021-05-11 11:00:00,NSE:GAL,2.75,2.75,2.75,2.75,400.0
2021-05-11 11:06:00,NSE:GAL,2.75,2.75,2.75,2.75,3.0
2021-05-11 11:09:00,NSE:GAL,2.75,2.75,2.75,2.75,7520.0
2021-05-11 11:12:00,NSE:GAL,2.75,2.75,2.75,2.75,30.0
2021-05-11 11:15:00,NSE:GAL,2.75,2.75,2.75,2.75,551.0
2021-05-11 11:18:00,NSE:GAL,2.75,2.75,2.75,2.75,600.0
2021-05-11 11:24:00,NSE:GAL,2.75,2.75,2.75,2.75,69.0
2021-05-11 11:39:00,NSE:GAL,2.75,2.75,2.75,2.75,5.0
2021-05-11 11:45:00,NSE:GAL,2.75,2.75,2.75,2.75,740.0
2021-05-11 11:54:00,NSE:GAL,2.75,2.75,2.75,2.75,14950.0
2021-05-11 11:57:00,NSE:GAL,2.75,2.75,2.75,2.75,46.0
2021-05-11 12:06:00,NSE:GAL,2.75,2.75,2.75,2.75,1300.0
2021-05-11 12:15:00,NSE:GAL,2.75,2.75,2.75,2.75,330.0
2021-05-11 12:33:00,NSE:GAL,2.75,2.75,2.75,2.75,77.0
2021-05-11 13:06:00,NSE:GAL,2.75,2.75,2.75,2.75,24.0
2021-05-11 13:12:00,NSE:GAL,2.75,2.75,2.75,2.75,995.0
2021-05-11 13:21:00,NSE:GAL,2.75,2.75,2.75,2.75,100.0
2021-05-11 13:33:00,NSE:GAL,2.75,2.75,2.75,2.75,10.0
2021-05-11 13:39:00,NSE:GAL,2.75,2.75,2.75,2.75,1371.0
2021-05-11 13:42:00,NSE:GAL,2.75,2.75,2.75,2.75,1000.0
2021-05-11 13:51:00,NSE:GAL,2.75,2.75,2.75,2.75,10.0
2021-05-11 13:54:00,NSE:GAL,2.75,2.75,2.75,2.75,9000.0
2021-05-11 14:18:00,NSE:GAL,2.75,2.75,2.75,2.75,705.0
2021-05-11 14:42:00,NSE:GAL,2.75,2.75,2.75,2.75,128.0
2021-05-11 15:06:00,NSE:GAL,2.75,2.75,2.75,2.75,21.0
2021-05-11 15:15:00,NSE:GAL,2.75,2.75,2.75,2.75,71.0
2021-05-12 09:06:00,NSE:GAL,3.0,3.0,3.0,3.0,6499.0
2021-05-12 09:15:00,NSE:GAL,3.0,3.0,3.0,3.0,16026.0
2021-05-12 09:18:00,NSE:GAL,3.0,3.0,3.0,3.0,40000.0
2021-05-12 09:21:00,NSE:GAL,3.0,3.0,3.0,3.0,9113.0
2021-05-12 09:24:00,NSE:GAL,3.0,3.0,3.0,3.0,14695.0
2021-05-12 09:27:00,NSE:GAL,3.0,3.0,3.0,3.0,8350.0
2021-05-12 09:30:00,NSE:GAL,3.0,3.0,3.0,3.0,20.0
2021-05-12 09:33:00,NSE:GAL,3.0,3.0,3.0,3.0,25.0
2021-05-12 09:42:00,NSE:GAL,3.0,3.0,3.0,3.0,2000.0
2021-05-12 09:45:00,NSE:GAL,3.0,3.0,3.0,3.0,1600.0
2021-05-12 09:48:00,NSE:GAL,3.0,3.0,3.0,3.0,1.0
2021-05-12 09:54:00,NSE:GAL,3.0,3.0,3.0,3.0,100.0
2021-05-12 10:00:00,NSE:GAL,3.0,3.0,3.0,3.0,130.0
2021-05-12 10:06:00,NSE:GAL,3.0,3.0,3.0,3.0,110.0
2021-05-12 10:09:00,NSE:GAL,3.0,3.0,3.0,3.0,1501.0
2021-05-12 10:15:00,NSE:GAL,3.0,3.0,3.0,3.0,2000.0
2021-05-12 10:24:00,NSE:GAL,3.0,3.0,3.0,3.0,1.0
2021-05-12 10:33:00,NSE:GAL,3.0,3.0,3.0,3.0,1040.0
2021-05-12 10:36:00,NSE:GAL,3.0,3.0,3.0,3.0,229.0
2021-05-12 10:39:00,NSE:GAL,3.0,3.0,3.0,3.0,2450.0
2021-05-12 10:45:00,NSE:GAL,3.0,3.0,3.0,3.0,3699.0
2021-05-12 10:57:00,NSE:GAL,3.0,3.0,3.0,3.0,7.0
2021-05-12 11:06:00,NSE:GAL,3.0,3.0,3.0,3.0,5.0
2021-05-12 11:09:00,NSE:GAL,3.0,3.0,3.0,3.0,150.0
2021-05-12 11:12:00,NSE:GAL,3.0,3.0,3.0,3.0,42.0
2021-05-12 11:21:00,NSE:GAL,3.0,3.0,3.0,3.0,4280.0
2021-05-12 11:33:00,NSE:GAL,3.0,3.0,3.0,3.0,4544.0
2021-05-12 11:54:00,NSE:GAL,3.0,3.0,3.0,3.0,89.0
2021-05-12 11:57:00,NSE:GAL,3.0,3.0,3.0,3.0,11.0
2021-05-12 12:00:00,NSE:GAL,3.0,3.0,3.0,3.0,6.0
2021-05-12 12:03:00,NSE:GAL,3.0,3.0,3.0,3.0,2.0
2021-05-12 12:15:00,NSE:GAL,3.0,3.0,3.0,3.0,29.0
2021-05-12 12:42:00,NSE:GAL,3.0,3.0,3.0,3.0,5.0
2021-05-12 12:57:00,NSE:GAL,3.0,3.0,3.0,3.0,1000.0
2021-05-12 13:09:00,NSE:GAL,3.0,3.0,3.0,3.0,700.0
2021-05-12 13:12:00,NSE:GAL,3.0,3.0,3.0,3.0,13.0
2021-05-12 13:27:00,NSE:GAL,3.0,3.0,3.0,3.0,3.0
2021-05-12 14:06:00,NSE:GAL,3.0,3.0,3.0,3.0,550.0
2021-05-12 14:12:00,NSE:GAL,3.0,3.0,3.0,3.0,211.0
2021-05-12 14:18:00,NSE:GAL,3.0,3.0,3.0,3.0,2.0
2021-05-12 14:57:00,NSE:GAL,3.0,3.0,3.0,3.0,500.0
2021-05-12 15:24:00,NSE:GAL,3.0,3.0,3.0,3.0,400.0
2021-05-14 09:06:00,NSE:GAL,3.15,3.15,3.15,3.15,30.0
2021-05-14 09:15:00,NSE:GAL,3.15,3.15,3.15,3.15,451.0
2021-05-14 09:21:00,NSE:GAL,3.15,3.15,3.15,3.15,13296.0
2021-05-14 09:27:00,NSE:GAL,3.15,3.15,3.15,3.15,503.0
2021-05-14 09:30:00,NSE:GAL,3.15,3.15,3.15,3.15,1368.0
2021-05-14 09:42:00,NSE:GAL,3.15,3.15,3.15,3.15,50.0
2021-05-14 09:48:00,NSE:GAL,3.15,3.15,3.15,3.15,400.0
2021-05-14 09:51:00,NSE:GAL,3.15,3.15,3.15,3.15,203.0
2021-05-14 09:54:00,NSE:GAL,3.15,3.15,3.15,3.15,1132.0
2021-05-14 09:57:00,NSE:GAL,3.15,3.15,3.15,3.15,10348.0
2021-05-14 10:06:00,NSE:GAL,3.15,3.15,3.15,3.15,400.0
2021-05-14 10:15:00,NSE:GAL,3.15,3.15,3.15,3.15,9000.0
2021-05-14 10:18:00,NSE:GAL,3.15,3.15,3.15,3.15,13502.0
2021-05-14 10:21:00,NSE:GAL,3.15,3.15,3.15,3.15,22558.0
2021-05-14 10:27:00,NSE:GAL,3.15,3.15,3.15,3.15,1.0
2021-05-14 10:33:00,NSE:GAL,3.15,3.15,3.15,3.15,752.0
2021-05-14 10:57:00,NSE:GAL,3.15,3.15,3.15,3.15,500.0
2021-05-14 11:00:00,NSE:GAL,3.15,3.15,3.15,3.15,35210.0
2021-05-14 11:12:00,NSE:GAL,3.15,3.15,3.15,3.15,355.0
2021-05-14 11:15:00,NSE:GAL,3.15,3.15,3.15,3.15,2.0
2021-05-14 11:30:00,NSE:GAL,3.15,3.15,3.15,3.15,150.0
2021-05-14 11:33:00,NSE:GAL,3.15,3.15,3.15,3.15,5073.0
2021-05-14 11:39:00,NSE:GAL,3.15,3.15,3.15,3.15,20.0
2021-05-14 11:51:00,NSE:GAL,3.15,3.15,3.15,3.15,1.0
2021-05-14 12:00:00,NSE:GAL,3.15,3.15,3.15,3.15,6596.0
2021-05-14 12:03:00,NSE:GAL,3.15,3.15,3.15,3.15,100.0
2021-05-14 12:09:00,NSE:GAL,3.15,3.15,3.15,3.15,6616.0
2021-05-14 12:12:00,NSE:GAL,3.15,3.15,3.15,3.15,1.0
2021-05-14 12:15:00,NSE:GAL,3.15,3.15,3.15,3.15,72.0
2021-05-14 12:18:00,NSE:GAL,3.15,3.15,3.15,3.15,60019.0
2021-05-14 12:27:00,NSE:GAL,3.15,3.15,3.15,3.15,1.0
2021-05-14 12:42:00,NSE:GAL,3.15,3.15,3.15,3.15,9611.0
2021-05-14 12:48:00,NSE:GAL,3.15,3.15,3.15,3.15,745.0
2021-05-14 12:54:00,NSE:GAL,3.15,3.15,3.15,3.15,1001.0
2021-05-14 13:00:00,NSE:GAL,3.15,3.15,3.15,3.15,637.0
2021-05-14 13:12:00,NSE:GAL,3.15,3.15,3.15,3.15,1000.0
2021-05-14 13:18:00,NSE:GAL,3.15,3.15,3.15,3.15,4839.0
2021-05-14 14:33:00,NSE:GAL,3.15,3.15,3.15,3.15,5001.0
2021-05-14 14:51:00,NSE:GAL,3.15,3.15,3.15,3.15,500.0
2021-05-14 14:54:00,NSE:GAL,3.15,3.15,3.15,3.15,6.0
2021-05-14 15:24:00,NSE:GAL,3.15,3.15,3.15,3.15,18.0
2021-05-14 15:39:00,NSE:GAL,3.15,3.15,3.15,3.15,18.0
2021-05-14 15:42:00,NSE:GAL,3.15,3.15,3.15,3.15,18.0
2021-05-17 09:06:00,NSE:GAL,3.3,3.3,3.3,3.3,252.0
2021-05-17 09:18:00,NSE:GAL,3.3,3.3,3.3,3.3,2010.0
2021-05-17 09:21:00,NSE:GAL,3.3,3.3,3.3,3.3,1001.0
2021-05-17 09:24:00,NSE:GAL,3.3,3.3,3.3,3.3,2007.0
2021-05-17 09:27:00,NSE:GAL,3.3,3.3,3.3,3.3,1121.0
2021-05-17 09:30:00,NSE:GAL,3.3,3.3,3.3,3.3,1506.0
2021-05-17 09:33:00,NSE:GAL,3.3,3.3,3.3,3.3,1221.0
2021-05-17 09:39:00,NSE:GAL,3.3,3.3,3.3,3.3,101.0
2021-05-17 09:51:00,NSE:GAL,3.3,3.3,3.3,3.3,20.0
2021-05-17 10:00:00,NSE:GAL,3.3,3.3,3.3,3.3,150.0
2021-05-17 10:03:00,NSE:GAL,3.3,3.3,3.3,3.3,90.0
2021-05-17 10:06:00,NSE:GAL,3.3,3.3,3.3,3.3,300.0
2021-05-17 10:09:00,NSE:GAL,3.3,3.3,3.3,3.3,485.0
2021-05-17 10:15:00,NSE:GAL,3.3,3.3,3.3,3.3,79.0
2021-05-17 10:24:00,NSE:GAL,3.3,3.3,3.3,3.3,20.0
2021-05-17 10:27:00,NSE:GAL,3.3,3.3,3.3,3.3,168.0
2021-05-17 10:30:00,NSE:GAL,3.3,3.3,3.3,3.3,350.0
2021-05-17 11:03:00,NSE:GAL,3.3,3.3,3.3,3.3,300.0
2021-05-17 11:06:00,NSE:GAL,3.3,3.3,3.3,3.3,24.0
2021-05-17 11:24:00,NSE:GAL,3.3,3.3,3.3,3.3,99.0
2021-05-17 11:45:00,NSE:GAL,3.3,3.3,3.3,3.3,810.0
2021-05-17 11:51:00,NSE:GAL,3.3,3.3,3.3,3.3,189.0
2021-05-17 11:54:00,NSE:GAL,3.3,3.3,3.3,3.3,4.0
2021-05-17 11:57:00,NSE:GAL,3.3,3.3,3.3,3.3,110.0
2021-05-17 12:12:00,NSE:GAL,3.3,3.3,3.3,3.3,2.0
2021-05-17 12:18:00,NSE:GAL,3.3,3.3,3.3,3.3,40.0
2021-05-17 12:27:00,NSE:GAL,3.3,3.3,3.3,3.3,1000.0
2021-05-17 12:33:00,NSE:GAL,3.3,3.3,3.3,3.3,300.0
2021-05-17 12:39:00,NSE:GAL,3.3,3.3,3.3,3.3,769.0
2021-05-17 12:42:00,NSE:GAL,3.3,3.3,3.3,3.3,2540.0
2021-05-17 12:45:00,NSE:GAL,3.3,3.3,3.3,3.3,90.0
2021-05-17 13:15:00,NSE:GAL,3.3,3.3,3.3,3.3,1.0
2021-05-17 13:21:00,NSE:GAL,3.3,3.3,3.3,3.3,5.0
2021-05-17 13:45:00,NSE:GAL,3.3,3.3,3.3,3.3,1000.0
2021-05-17 13:51:00,NSE:GAL,3.3,3.3,3.3,3.3,1000.0
2021-05-17 13:54:00,NSE:GAL,3.3,3.3,3.3,3.3,200.0
2021-05-17 14:12:00,NSE:GAL,3.3,3.3,3.3,3.3,76.0
2021-05-17 14:15:00,NSE:GAL,3.3,3.3,3.3,3.3,1.0
2021-05-17 14:21:00,NSE:GAL,3.3,3.3,3.3,3.3,433.0
2021-05-17 15:24:00,NSE:GAL,3.3,3.3,3.3,3.3,430.0
2021-05-18 09:06:00,NSE:GAL,3.45,3.45,3.45,3.45,5000.0
2021-05-18 09:18:00,NSE:GAL,3.45,3.45,3.45,3.45,2000.0
2021-05-18 09:21:00,NSE:GAL,3.45,3.45,3.45,3.45,892.0
2021-05-18 09:24:00,NSE:GAL,3.45,3.45,3.45,3.45,2000.0
2021-05-18 09:30:00,NSE:GAL,3.45,3.45,3.45,3.45,25.0
2021-05-18 09:33:00,NSE:GAL,3.45,3.45,3.45,3.45,7.0
2021-05-18 09:36:00,NSE:GAL,3.45,3.45,3.45,3.45,5500.0
2021-05-18 10:12:00,NSE:GAL,3.45,3.45,3.45,3.45,1.0
2021-05-18 10:18:00,NSE:GAL,3.45,3.45,3.45,3.45,863.0
2021-05-18 10:24:00,NSE:GAL,3.45,3.45,3.45,3.45,15.0
2021-05-18 10:57:00,NSE:GAL,3.45,3.45,3.45,3.45,40.0
2021-05-18 11:15:00,NSE:GAL,3.45,3.45,3.45,3.45,1.0
2021-05-18 11:39:00,NSE:GAL,3.45,3.45,3.45,3.45,10.0
2021-05-18 11:48:00,NSE:GAL,3.45,3.45,3.45,3.45,255.0
2021-05-18 12:06:00,NSE:GAL,3.45,3.45,3.45,3.45,100.0
2021-05-18 12:15:00,NSE:GAL,3.45,3.45,3.45,3.45,500.0
2021-05-18 12:21:00,NSE:GAL,3.45,3.45,3.45,3.45,100.0
2021-05-18 12:27:00,NSE:GAL,3.45,3.45,3.45,3.45,400.0
2021-05-18 12:42:00,NSE:GAL,3.45,3.45,3.45,3.45,6000.0
2021-05-18 12:54:00,NSE:GAL,3.45,3.45,3.45,3.45,100.0
2021-05-18 13:36:00,NSE:GAL,3.45,3.45,3.45,3.45,2000.0
2021-05-18 13:45:00,NSE:GAL,3.45,3.45,3.45,3.45,940.0
2021-05-18 14:00:00,NSE:GAL,3.45,3.45,3.45,3.45,950.0
2021-05-18 14:12:00,NSE:GAL,3.45,3.45,3.45,3.45,100.0
2021-05-18 14:21:00,NSE:GAL,3.45,3.45,3.45,3.45,39929.0
2021-05-18 14:39:00,NSE:GAL,3.45,3.45,3.45,3.45,995.0
2021-05-18 15:09:00,NSE:GAL,3.45,3.45,3.45,3.45,100.0
2021-05-18 15:27:00,NSE:GAL,3.45,3.45,3.45,3.45,406.0
2021-05-19 09:06:00,NSE:GAL,3.6,3.6,3.6,3.6,37840.0
2021-05-19 09:15:00,NSE:GAL,3.6,3.6,3.45,3.6,71869.0
2021-05-19 09:18:00,NSE:GAL,3.6,3.6,3.3,3.3,27241.0
2021-05-19 09:21:00,NSE:GAL,3.3,3.4,3.3,3.3,13071.0
2021-05-19 09:24:00,NSE:GAL,3.35,3.35,3.3,3.3,11362.0
2021-05-19 09:27:00,NSE:GAL,3.35,3.35,3.3,3.3,31831.0
2021-05-19 09:30:00,NSE:GAL,3.3,3.3,3.3,3.3,20544.0
2021-05-19 09:33:00,NSE:GAL,3.3,3.3,3.3,3.3,24.0
2021-05-19 09:36:00,NSE:GAL,3.3,3.3,3.3,3.3,300.0
2021-05-19 09:39:00,NSE:GAL,3.3,3.3,3.3,3.3,10.0
2021-05-19 09:42:00,NSE:GAL,3.3,3.35,3.3,3.35,55435.0
2021-05-19 09:45:00,NSE:GAL,3.35,3.45,3.3,3.45,47596.0
2021-05-19 09:48:00,NSE:GAL,3.45,3.45,3.35,3.35,25329.0
2021-05-19 09:51:00,NSE:GAL,3.45,3.45,3.35,3.35,5657.0
2021-05-19 09:54:00,NSE:GAL,3.35,3.35,3.35,3.35,400.0
2021-05-19 09:57:00,NSE:GAL,3.4,3.45,3.35,3.35,8406.0
2021-05-19 10:00:00,NSE:GAL,3.4,3.4,3.4,3.4,2804.0
2021-05-19 10:03:00,NSE:GAL,3.4,3.4,3.4,3.4,4780.0
2021-05-19 10:06:00,NSE:GAL,3.4,3.45,3.4,3.4,5740.0
2021-05-19 10:09:00,NSE:GAL,3.4,3.45,3.35,3.35,8856.0
2021-05-19 10:12:00,NSE:GAL,3.35,3.45,3.35,3.4,104.0
2021-05-19 10:15:00,NSE:GAL,3.35,3.4,3.35,3.35,1150.0
2021-05-19 10:18:00,NSE:GAL,3.4,3.4,3.4,3.4,745.0
2021-05-19 10:21:00,NSE:GAL,3.4,3.4,3.35,3.35,1086.0
2021-05-19 10:24:00,NSE:GAL,3.4,3.4,3.4,3.4,1001.0
2021-05-19 10:27:00,NSE:GAL,3.4,3.4,3.4,3.4,200.0
2021-05-19 10:33:00,NSE:GAL,3.4,3.4,3.4,3.4,2500.0
2021-05-19 10:36:00,NSE:GAL,3.35,3.4,3.35,3.35,17004.0
2021-05-19 10:39:00,NSE:GAL,3.35,3.35,3.3,3.3,3641.0
2021-05-19 10:42:00,NSE:GAL,3.3,3.35,3.3,3.35,2406.0
2021-05-19 10:45:00,NSE:GAL,3.35,3.35,3.35,3.35,2.0
2021-05-19 10:48:00,NSE:GAL,3.35,3.35,3.35,3.35,5600.0
2021-05-19 10:51:00,NSE:GAL,3.35,3.35,3.35,3.35,3166.0
2021-05-19 10:54:00,NSE:GAL,3.3,3.3,3.3,3.3,1000.0
2021-05-19 10:57:00,NSE:GAL,3.35,3.35,3.35,3.35,2.0
2021-05-19 11:00:00,NSE:GAL,3.3,3.35,3.3,3.3,4150.0
2021-05-19 11:03:00,NSE:GAL,3.35,3.35,3.35,3.35,5020.0
2021-05-19 11:06:00,NSE:GAL,3.35,3.35,3.35,3.35,4.0
2021-05-19 11:09:00,NSE:GAL,3.35,3.35,3.3,3.35,6001.0
2021-05-19 11:12:00,NSE:GAL,3.3,3.35,3.3,3.35,5053.0
2021-05-19 11:15:00,NSE:GAL,3.35,3.35,3.35,3.35,100.0
2021-05-19 11:18:00,NSE:GAL,3.35,3.35,3.35,3.35,10.0
2021-05-19 11:21:00,NSE:GAL,3.3,3.35,3.3,3.35,11.0
2021-05-19 11:24:00,NSE:GAL,3.35,3.35,3.35,3.35,269.0
2021-05-19 11:27:00,NSE:GAL,3.35,3.35,3.3,3.3,5125.0
2021-05-19 11:30:00,NSE:GAL,3.3,3.3,3.3,3.3,25519.0
2021-05-19 11:33:00,NSE:GAL,3.3,3.3,3.3,3.3,1.0
2021-05-19 11:36:00,NSE:GAL,3.3,3.3,3.3,3.3,609.0
2021-05-19 11:39:00,NSE:GAL,3.3,3.3,3.3,3.3,61.0
2021-05-19 11:42:00,NSE:GAL,3.3,3.3,3.3,3.3,1550.0
2021-05-19 11:45:00,NSE:GAL,3.3,3.3,3.3,3.3,25.0
2021-05-19 11:51:00,NSE:GAL,3.3,3.3,3.3,3.3,1500.0
2021-05-19 11:57:00,NSE:GAL,3.3,3.3,3.3,3.3,250.0
2021-05-19 12:00:00,NSE:GAL,3.3,3.3,3.3,3.3,21.0
2021-05-19 12:03:00,NSE:GAL,3.3,3.3,3.3,3.3,135.0
2021-05-19 12:06:00,NSE:GAL,3.3,3.3,3.3,3.3,2063.0
2021-05-19 12:09:00,NSE:GAL,3.3,3.3,3.3,3.3,1847.0
2021-05-19 12:15:00,NSE:GAL,3.3,3.3,3.3,3.3,100.0
2021-05-19 12:18:00,NSE:GAL,3.3,3.3,3.3,3.3,55.0
2021-05-19 12:27:00,NSE:GAL,3.3,3.3,3.3,3.3,10.0
2021-05-19 12:30:00,NSE:GAL,3.3,3.3,3.3,3.3,642.0
2021-05-19 12:33:00,NSE:GAL,3.3,3.3,3.3,3.3,1.0
2021-05-19 12:42:00,NSE:GAL,3.3,3.3,3.3,3.3,8.0
2021-05-19 12:51:00,NSE:GAL,3.3,3.3,3.3,3.3,25000.0
2021-05-19 13:06:00,NSE:GAL,3.3,3.3,3.3,3.3,2.0
2021-05-19 13:09:00,NSE:GAL,3.3,3.3,3.3,3.3,1500.0
2021-05-19 13:12:00,NSE:GAL,3.3,3.3,3.3,3.3,5000.0
2021-05-19 13:15:00,NSE:GAL,3.3,3.3,3.3,3.3,1190.0
2021-05-19 13:18:00,NSE:GAL,3.3,3.3,3.3,3.3,200.0
2021-05-19 13:21:00,NSE:GAL,3.3,3.3,3.3,3.3,300.0
2021-05-19 13:30:00,NSE:GAL,3.3,3.3,3.3,3.3,2403.0
2021-05-19 13:42:00,NSE:GAL,3.3,3.3,3.3,3.3,100.0
2021-05-19 13:45:00,NSE:GAL,3.3,3.3,3.3,3.3,4010.0
2021-05-19 13:48:00,NSE:GAL,3.3,3.3,3.3,3.3,1000.0
2021-05-19 13:51:00,NSE:GAL,3.3,3.3,3.3,3.3,1235.0
2021-05-19 13:57:00,NSE:GAL,3.3,3.3,3.3,3.3,300.0
2021-05-19 14:00:00,NSE:GAL,3.3,3.3,3.3,3.3,4.0
2021-05-19 14:12:00,NSE:GAL,3.3,3.3,3.3,3.3,1500.0
2021-05-19 14:18:00,NSE:GAL,3.3,3.3,3.3,3.3,1.0
2021-05-19 14:27:00,NSE:GAL,3.3,3.3,3.3,3.3,104.0
2021-05-19 14:33:00,NSE:GAL,3.3,3.3,3.3,3.3,20.0
2021-05-19 14:36:00,NSE:GAL,3.3,3.3,3.3,3.3,100.0
2021-05-19 14:42:00,NSE:GAL,3.3,3.3,3.3,3.3,1.0
2021-05-19 14:45:00,NSE:GAL,3.3,3.3,3.3,3.3,500.0
2021-05-19 14:57:00,NSE:GAL,3.3,3.3,3.3,3.3,807.0
2021-05-19 15:03:00,NSE:GAL,3.3,3.3,3.3,3.3,4275.0
2021-05-19 15:06:00,NSE:GAL,3.3,3.3,3.3,3.3,2000.0
2021-05-19 15:12:00,NSE:GAL,3.3,3.3,3.3,3.3,400.0
2021-05-19 15:15:00,NSE:GAL,3.3,3.3,3.3,3.3,1000.0
2021-05-19 15:21:00,NSE:GAL,3.3,3.3,3.3,3.3,6.0
2021-05-19 15:27:00,NSE:GAL,3.3,3.3,3.3,3.3,300.0
2021-05-19 15:57:00,NSE:GAL,3.3,3.3,3.3,3.3,1.0
2021-05-20 09:06:00,NSE:GAL,3.15,3.15,3.15,3.15,1500.0
2021-05-20 09:15:00,NSE:GAL,3.15,3.15,3.15,3.15,2700.0
2021-05-20 09:18:00,NSE:GAL,3.15,3.15,3.15,3.15,100.0
2021-05-20 09:21:00,NSE:GAL,3.15,3.15,3.15,3.15,1100.0
2021-05-20 09:24:00,NSE:GAL,3.15,3.15,3.15,3.15,501.0
2021-05-20 09:27:00,NSE:GAL,3.15,3.15,3.15,3.15,1646.0
2021-05-20 09:30:00,NSE:GAL,3.15,3.15,3.15,3.15,100.0
2021-05-20 09:33:00,NSE:GAL,3.15,3.15,3.15,3.15,98.0
2021-05-20 09:36:00,NSE:GAL,3.15,3.15,3.15,3.15,1000.0
2021-05-20 09:48:00,NSE:GAL,3.15,3.15,3.15,3.15,100.0
2021-05-20 09:51:00,NSE:GAL,3.15,3.15,3.15,3.15,15005.0
2021-05-20 10:00:00,NSE:GAL,3.15,3.15,3.15,3.15,105.0
2021-05-20 10:09:00,NSE:GAL,3.15,3.15,3.15,3.15,900.0
2021-05-20 10:12:00,NSE:GAL,3.15,3.15,3.15,3.15,152.0
2021-05-20 10:15:00,NSE:GAL,3.15,3.15,3.15,3.15,2000.0
2021-05-20 10:21:00,NSE:GAL,3.15,3.15,3.15,3.15,120.0
2021-05-20 10:24:00,NSE:GAL,3.15,3.15,3.15,3.15,50000.0
2021-05-20 10:27:00,NSE:GAL,3.15,3.15,3.15,3.15,11.0
2021-05-20 10:30:00,NSE:GAL,3.15,3.15,3.15,3.15,15383.0
2021-05-20 10:36:00,NSE:GAL,3.15,3.15,3.15,3.15,2000.0
2021-05-20 10:39:00,NSE:GAL,3.15,3.15,3.15,3.15,1500.0
2021-05-20 10:42:00,NSE:GAL,3.15,3.25,3.15,3.25,526.0
2021-05-20 10:45:00,NSE:GAL,3.25,3.25,3.25,3.25,7.0
2021-05-20 10:48:00,NSE:GAL,3.2,3.2,3.2,3.2,50.0
2021-05-20 10:51:00,NSE:GAL,3.25,3.25,3.25,3.25,19.0
2021-05-20 10:54:00,NSE:GAL,3.25,3.25,3.25,3.25,15.0
2021-05-20 10:57:00,NSE:GAL,3.25,3.25,3.25,3.25,1.0
2021-05-20 11:00:00,NSE:GAL,3.25,3.25,3.25,3.25,1500.0
2021-05-20 11:09:00,NSE:GAL,3.25,3.25,3.2,3.2,241.0
2021-05-20 11:42:00,NSE:GAL,3.2,3.2,3.2,3.2,50.0
2021-05-20 11:51:00,NSE:GAL,3.15,3.15,3.15,3.15,500.0
2021-05-20 11:54:00,NSE:GAL,3.2,3.2,3.2,3.2,30.0
2021-05-20 11:57:00,NSE:GAL,3.15,3.15,3.15,3.15,100.0
2021-05-20 12:03:00,NSE:GAL,3.15,3.15,3.15,3.15,150.0
2021-05-20 12:06:00,NSE:GAL,3.15,3.15,3.15,3.15,9.0
2021-05-20 12:09:00,NSE:GAL,3.15,3.15,3.15,3.15,1.0
2021-05-20 12:12:00,NSE:GAL,3.15,3.15,3.15,3.15,35.0
2021-05-20 12:15:00,NSE:GAL,3.15,3.15,3.15,3.15,100.0
2021-05-20 12:27:00,NSE:GAL,3.15,3.15,3.15,3.15,2000.0
2021-05-20 12:39:00,NSE:GAL,3.15,3.15,3.15,3.15,201.0
2021-05-20 12:48:00,NSE:GAL,3.15,3.15,3.15,3.15,293.0
2021-05-20 12:51:00,NSE:GAL,3.15,3.15,3.15,3.15,10.0
2021-05-20 13:03:00,NSE:GAL,3.15,3.15,3.15,3.15,1.0
2021-05-20 13:06:00,NSE:GAL,3.15,3.15,3.15,3.15,1000.0
2021-05-20 13:15:00,NSE:GAL,3.15,3.15,3.15,3.15,710.0
2021-05-20 13:18:00,NSE:GAL,3.15,3.15,3.15,3.15,20.0
2021-05-20 13:24:00,NSE:GAL,3.15,3.15,3.15,3.15,10.0
2021-05-20 13:33:00,NSE:GAL,3.15,3.15,3.15,3.15,70.0
2021-05-20 13:36:00,NSE:GAL,3.15,3.15,3.15,3.15,50.0
2021-05-20 13:45:00,NSE:GAL,3.15,3.15,3.15,3.15,2.0
2021-05-20 13:48:00,NSE:GAL,3.15,3.15,3.15,3.15,100.0
2021-05-20 13:54:00,NSE:GAL,3.15,3.15,3.15,3.15,85.0
2021-05-20 14:21:00,NSE:GAL,3.15,3.15,3.15,3.15,320.0
2021-05-20 14:27:00,NSE:GAL,3.15,3.15,3.15,3.15,300.0
2021-05-20 14:33:00,NSE:GAL,3.15,3.15,3.15,3.15,100.0
2021-05-20 14:48:00,NSE:GAL,3.15,3.15,3.15,3.15,9.0
2021-05-20 15:00:00,NSE:GAL,3.15,3.15,3.15,3.15,2.0
2021-05-20 15:12:00,NSE:GAL,3.15,3.15,3.15,3.15,309.0
2021-05-20 15:15:00,NSE:GAL,3.15,3.15,3.15,3.15,1.0
2021-05-20 15:18:00,NSE:GAL,3.15,3.15,3.15,3.15,2510.0
2021-05-20 15:24:00,NSE:GAL,3.15,3.15,3.15,3.15,200.0
2021-05-21 09:06:00,NSE:GAL,3.15,3.15,3.15,3.15,26.0
2021-05-21 09:15:00,NSE:GAL,3.1,3.1,3.1,3.1,1.0
2021-05-21 09:18:00,NSE:GAL,3.1,3.1,3.0,3.0,120.0
2021-05-21 09:21:00,NSE:GAL,3.0,3.0,3.0,3.0,3909.0
2021-05-21 09:24:00,NSE:GAL,3.0,3.0,3.0,3.0,611.0
2021-05-21 09:27:00,NSE:GAL,3.0,3.0,3.0,3.0,500.0
2021-05-21 09:30:00,NSE:GAL,3.05,3.05,3.0,3.0,1711.0
2021-05-21 09:33:00,NSE:GAL,3.0,3.0,3.0,3.0,10.0
2021-05-21 09:36:00,NSE:GAL,3.0,3.05,3.0,3.05,375.0
2021-05-21 09:39:00,NSE:GAL,3.05,3.05,3.05,3.05,766.0
2021-05-21 09:42:00,NSE:GAL,3.05,3.05,3.05,3.05,220.0
2021-05-21 09:45:00,NSE:GAL,3.05,3.05,3.05,3.05,113.0
2021-05-21 09:51:00,NSE:GAL,3.0,3.0,3.0,3.0,100.0
2021-05-21 09:57:00,NSE:GAL,3.0,3.0,3.0,3.0,3281.0
2021-05-21 10:00:00,NSE:GAL,3.0,3.0,3.0,3.0,49.0
2021-05-21 10:03:00,NSE:GAL,3.0,3.0,3.0,3.0,8.0
2021-05-21 10:06:00,NSE:GAL,3.05,3.05,3.05,3.05,1000.0
2021-05-21 10:09:00,NSE:GAL,3.05,3.05,3.05,3.05,10.0
2021-05-21 10:12:00,NSE:GAL,3.05,3.05,3.05,3.05,350.0
2021-05-21 10:15:00,NSE:GAL,3.0,3.0,3.0,3.0,8.0
2021-05-21 10:18:00,NSE:GAL,3.0,3.0,3.0,3.0,200.0
2021-05-21 10:24:00,NSE:GAL,3.0,3.05,3.0,3.05,482.0
2021-05-21 10:30:00,NSE:GAL,3.05,3.05,3.05,3.05,11.0
2021-05-21 10:36:00,NSE:GAL,3.05,3.05,3.05,3.05,100.0
2021-05-21 10:39:00,NSE:GAL,3.05,3.05,3.05,3.05,1.0
2021-05-21 10:42:00,NSE:GAL,3.05,3.05,3.0,3.0,716.0
2021-05-21 10:48:00,NSE:GAL,3.1,3.1,3.1,3.1,1.0
2021-05-21 10:51:00,NSE:GAL,3.1,3.1,3.05,3.05,57.0
2021-05-21 10:54:00,NSE:GAL,3.05,3.05,3.05,3.05,297.0
2021-05-21 11:06:00,NSE:GAL,3.0,3.0,3.0,3.0,2000.0
2021-05-21 11:09:00,NSE:GAL,3.0,3.0,3.0,3.0,115.0
2021-05-21 11:18:00,NSE:GAL,3.05,3.05,3.05,3.05,1.0
2021-05-21 11:30:00,NSE:GAL,3.05,3.05,3.05,3.05,4.0
2021-05-21 11:33:00,NSE:GAL,3.05,3.05,3.05,3.05,4.0
2021-05-21 11:36:00,NSE:GAL,3.05,3.05,3.05,3.05,601.0
2021-05-21 11:39:00,NSE:GAL,3.0,3.0,3.0,3.0,3406.0
2021-05-21 11:42:00,NSE:GAL,3.0,3.0,3.0,3.0,100.0
2021-05-21 11:45:00,NSE:GAL,3.0,3.0,3.0,3.0,3993.0
2021-05-21 11:48:00,NSE:GAL,3.05,3.05,3.05,3.05,110.0
2021-05-21 12:00:00,NSE:GAL,3.0,3.05,3.0,3.05,503.0
2021-05-21 12:09:00,NSE:GAL,3.0,3.0,3.0,3.0,110.0
2021-05-21 12:18:00,NSE:GAL,3.0,3.0,3.0,3.0,310.0
2021-05-21 12:21:00,NSE:GAL,3.0,3.0,3.0,3.0,3287.0
2021-05-21 12:27:00,NSE:GAL,3.0,3.0,3.0,3.0,12.0
2021-05-21 12:30:00,NSE:GAL,3.05,3.05,3.0,3.0,22.0
2021-05-21 12:36:00,NSE:GAL,3.0,3.0,3.0,3.0,20.0
2021-05-21 12:48:00,NSE:GAL,3.05,3.05,3.05,3.05,30.0
2021-05-21 12:54:00,NSE:GAL,3.05,3.05,3.05,3.05,900.0
2021-05-21 12:57:00,NSE:GAL,3.1,3.1,3.1,3.1,10.0
2021-05-21 13:03:00,NSE:GAL,3.05,3.05,3.0,3.0,11233.0
2021-05-21 13:06:00,NSE:GAL,3.0,3.0,3.0,3.0,246.0
2021-05-21 13:12:00,NSE:GAL,3.0,3.0,3.0,3.0,300.0
2021-05-21 13:30:00,NSE:GAL,3.0,3.0,3.0,3.0,28.0
2021-05-21 13:36:00,NSE:GAL,3.0,3.0,3.0,3.0,2500.0
2021-05-21 13:39:00,NSE:GAL,3.0,3.0,3.0,3.0,34.0
2021-05-21 13:48:00,NSE:GAL,3.0,3.0,3.0,3.0,1.0
2021-05-21 13:54:00,NSE:GAL,3.0,3.0,3.0,3.0,500.0
2021-05-21 14:03:00,NSE:GAL,3.0,3.0,3.0,3.0,5.0
2021-05-21 14:09:00,NSE:GAL,3.0,3.0,3.0,3.0,25.0
2021-05-21 14:15:00,NSE:GAL,3.0,3.0,3.0,3.0,21.0
2021-05-21 15:09:00,NSE:GAL,3.0,3.0,3.0,3.0,2.0
2021-05-21 15:18:00,NSE:GAL,3.0,3.0,3.0,3.0,50.0
2021-05-21 15:27:00,NSE:GAL,3.0,3.0,3.0,3.0,501.0
2021-05-24 09:06:00,NSE:GAL,3.0,3.0,3.0,3.0,200.0
2021-05-24 09:15:00,NSE:GAL,3.05,3.05,3.0,3.0,1051.0
2021-05-24 09:18:00,NSE:GAL,3.0,3.0,3.0,3.0,460.0
2021-05-24 09:21:00,NSE:GAL,3.0,3.0,3.0,3.0,22.0
2021-05-24 09:24:00,NSE:GAL,2.9,3.0,2.85,2.85,14566.0
2021-05-24 09:30:00,NSE:GAL,2.85,2.85,2.85,2.85,1770.0
2021-05-24 09:33:00,NSE:GAL,2.85,2.85,2.85,2.85,3430.0
2021-05-24 09:36:00,NSE:GAL,2.85,2.85,2.85,2.85,20.0
2021-05-24 09:39:00,NSE:GAL,2.85,3.0,2.85,3.0,160.0
2021-05-24 09:42:00,NSE:GAL,2.85,3.0,2.85,3.0,4200.0
2021-05-24 09:45:00,NSE:GAL,3.0,3.0,3.0,3.0,450.0
2021-05-24 09:48:00,NSE:GAL,2.85,2.85,2.85,2.85,461.0
2021-05-24 09:54:00,NSE:GAL,2.85,2.85,2.85,2.85,1000.0
2021-05-24 10:00:00,NSE:GAL,3.0,3.0,3.0,3.0,6.0
2021-05-24 10:09:00,NSE:GAL,2.85,2.85,2.85,2.85,2500.0
2021-05-24 10:12:00,NSE:GAL,3.0,3.0,3.0,3.0,250.0
2021-05-24 10:18:00,NSE:GAL,2.95,2.95,2.95,2.95,74.0
2021-05-24 10:24:00,NSE:GAL,2.85,2.85,2.85,2.85,129.0
2021-05-24 10:27:00,NSE:GAL,2.85,2.85,2.85,2.85,12151.0
2021-05-24 10:30:00,NSE:GAL,2.85,2.85,2.85,2.85,6.0
2021-05-24 10:33:00,NSE:GAL,2.85,2.85,2.85,2.85,100.0
2021-05-24 10:36:00,NSE:GAL,2.85,2.85,2.85,2.85,325.0
2021-05-24 10:42:00,NSE:GAL,2.85,2.85,2.85,2.85,109.0
2021-05-24 10:45:00,NSE:GAL,2.85,2.85,2.85,2.85,101.0
2021-05-24 10:48:00,NSE:GAL,2.85,2.85,2.85,2.85,650.0
2021-05-24 10:51:00,NSE:GAL,2.85,2.85,2.85,2.85,100.0
2021-05-24 10:54:00,NSE:GAL,2.85,2.85,2.85,2.85,4.0
2021-05-24 10:57:00,NSE:GAL,2.85,2.85,2.85,2.85,3044.0
2021-05-24 11:00:00,NSE:GAL,2.85,2.85,2.85,2.85,2843.0
2021-05-24 11:06:00,NSE:GAL,2.95,2.95,2.95,2.95,1.0
2021-05-24 11:09:00,NSE:GAL,2.85,2.85,2.85,2.85,20.0
2021-05-24 11:15:00,NSE:GAL,2.85,2.85,2.85,2.85,6994.0
2021-05-24 11:18:00,NSE:GAL,2.85,2.85,2.85,2.85,41.0
2021-05-24 11:21:00,NSE:GAL,2.85,2.85,2.85,2.85,5.0
2021-05-24 11:24:00,NSE:GAL,2.85,2.85,2.85,2.85,100.0
2021-05-24 11:33:00,NSE:GAL,2.85,2.85,2.85,2.85,740.0
2021-05-24 11:36:00,NSE:GAL,2.85,2.85,2.85,2.85,2500.0
2021-05-24 11:42:00,NSE:GAL,2.85,2.85,2.85,2.85,2000.0
2021-05-24 11:45:00,NSE:GAL,2.85,2.85,2.85,2.85,10.0
2021-05-24 11:51:00,NSE:GAL,2.85,2.85,2.85,2.85,100.0
2021-05-24 11:57:00,NSE:GAL,2.85,2.85,2.85,2.85,350.0
2021-05-24 12:00:00,NSE:GAL,2.85,2.85,2.85,2.85,100.0
2021-05-24 12:03:00,NSE:GAL,2.85,2.85,2.85,2.85,81.0
2021-05-24 12:06:00,NSE:GAL,2.85,2.85,2.85,2.85,100.0
2021-05-24 12:12:00,NSE:GAL,2.85,2.85,2.85,2.85,1.0
2021-05-24 12:15:00,NSE:GAL,2.85,2.85,2.85,2.85,25.0
2021-05-24 12:18:00,NSE:GAL,2.85,2.85,2.85,2.85,1.0
2021-05-24 12:21:00,NSE:GAL,2.85,2.85,2.85,2.85,100.0
2021-05-24 12:27:00,NSE:GAL,2.85,2.85,2.85,2.85,30.0
2021-05-24 12:30:00,NSE:GAL,2.85,2.85,2.85,2.85,3.0
2021-05-24 12:33:00,NSE:GAL,2.85,2.85,2.85,2.85,750.0
2021-05-24 12:42:00,NSE:GAL,2.85,2.85,2.85,2.85,9238.0
2021-05-24 12:45:00,NSE:GAL,2.85,2.85,2.85,2.85,300.0
2021-05-24 13:00:00,NSE:GAL,2.85,2.85,2.85,2.85,115.0
2021-05-24 13:03:00,NSE:GAL,2.85,2.85,2.85,2.85,2.0
2021-05-24 13:06:00,NSE:GAL,2.85,2.85,2.85,2.85,20.0
2021-05-24 13:15:00,NSE:GAL,2.85,2.85,2.85,2.85,50.0
2021-05-24 13:24:00,NSE:GAL,2.85,2.85,2.85,2.85,1200.0
2021-05-24 13:30:00,NSE:GAL,2.85,2.85,2.85,2.85,20.0
2021-05-24 13:33:00,NSE:GAL,2.85,2.85,2.85,2.85,2.0
2021-05-24 13:39:00,NSE:GAL,2.85,2.85,2.85,2.85,3.0
2021-05-24 13:45:00,NSE:GAL,2.85,2.85,2.85,2.85,10000.0
2021-05-24 13:51:00,NSE:GAL,2.85,2.85,2.85,2.85,29.0
2021-05-24 14:00:00,NSE:GAL,2.85,2.85,2.85,2.85,120.0
2021-05-24 14:03:00,NSE:GAL,2.85,2.85,2.85,2.85,1030.0
2021-05-24 14:12:00,NSE:GAL,2.85,2.85,2.85,2.85,21.0
2021-05-24 14:15:00,NSE:GAL,2.85,2.85,2.85,2.85,2000.0
2021-05-24 14:18:00,NSE:GAL,2.85,2.85,2.85,2.85,2000.0
2021-05-24 14:21:00,NSE:GAL,2.85,2.85,2.85,2.85,385.0
2021-05-24 14:27:00,NSE:GAL,2.85,2.85,2.85,2.85,200.0
2021-05-24 14:30:00,NSE:GAL,2.85,2.85,2.85,2.85,349.0
2021-05-24 14:42:00,NSE:GAL,2.85,2.85,2.85,2.85,1000.0
2021-05-24 14:45:00,NSE:GAL,2.85,2.85,2.85,2.85,100.0
2021-05-24 14:51:00,NSE:GAL,2.85,2.85,2.85,2.85,100.0
2021-05-24 15:06:00,NSE:GAL,2.85,2.85,2.85,2.85,21.0
2021-05-24 15:09:00,NSE:GAL,2.85,2.85,2.85,2.85,500.0
2021-05-24 15:12:00,NSE:GAL,2.85,2.85,2.85,2.85,200.0
2021-05-24 15:18:00,NSE:GAL,2.85,2.85,2.85,2.85,210.0
2021-05-24 15:21:00,NSE:GAL,2.85,2.85,2.85,2.85,213.0
2021-05-24 15:24:00,NSE:GAL,2.85,2.85,2.85,2.85,17.0
2021-05-24 15:27:00,NSE:GAL,2.85,2.85,2.85,2.85,1.0
2021-05-25 09:06:00,NSE:GAL,2.85,2.85,2.85,2.85,53.0
2021-05-25 09:15:00,NSE:GAL,2.85,2.85,2.85,2.85,2.0
2021-05-25 09:18:00,NSE:GAL,2.85,2.9,2.85,2.9,596.0
2021-05-25 09:21:00,NSE:GAL,2.9,2.9,2.85,2.85,765.0
2021-05-25 09:27:00,NSE:GAL,2.8,2.8,2.8,2.8,100.0
2021-05-25 09:33:00,NSE:GAL,2.8,2.85,2.8,2.85,2143.0
2021-05-25 09:36:00,NSE:GAL,2.85,2.85,2.8,2.8,1500.0
2021-05-25 09:39:00,NSE:GAL,2.85,2.85,2.75,2.75,38960.0
2021-05-25 09:42:00,NSE:GAL,2.75,2.75,2.75,2.75,916.0
2021-05-25 09:45:00,NSE:GAL,2.75,2.75,2.75,2.75,884.0
2021-05-25 09:48:00,NSE:GAL,2.75,2.75,2.75,2.75,30.0
2021-05-25 09:51:00,NSE:GAL,2.75,2.75,2.75,2.75,906.0
2021-05-25 09:54:00,NSE:GAL,2.75,2.75,2.75,2.75,1000.0
2021-05-25 09:57:00,NSE:GAL,2.75,2.75,2.75,2.75,100.0
2021-05-25 10:00:00,NSE:GAL,2.75,2.75,2.75,2.75,92.0
2021-05-25 10:03:00,NSE:GAL,2.75,2.75,2.75,2.75,500.0
2021-05-25 10:06:00,NSE:GAL,2.75,2.75,2.75,2.75,540.0
2021-05-25 10:09:00,NSE:GAL,2.75,2.75,2.75,2.75,103.0
2021-05-25 10:12:00,NSE:GAL,2.75,2.75,2.75,2.75,300.0
2021-05-25 10:18:00,NSE:GAL,2.75,2.75,2.75,2.75,2900.0
2021-05-25 10:21:00,NSE:GAL,2.75,2.75,2.75,2.75,301.0
2021-05-25 10:27:00,NSE:GAL,2.75,2.75,2.75,2.75,25.0
2021-05-25 10:39:00,NSE:GAL,2.75,2.75,2.75,2.75,1.0
2021-05-25 10:45:00,NSE:GAL,2.75,2.75,2.75,2.75,55.0
2021-05-25 10:48:00,NSE:GAL,2.75,2.75,2.75,2.75,140.0
2021-05-25 10:54:00,NSE:GAL,2.75,2.75,2.75,2.75,1200.0
2021-05-25 10:57:00,NSE:GAL,2.75,2.75,2.75,2.75,5000.0
2021-05-25 11:06:00,NSE:GAL,2.75,2.75,2.75,2.75,500.0
2021-05-25 11:09:00,NSE:GAL,2.75,2.75,2.75,2.75,100.0
2021-05-25 11:21:00,NSE:GAL,2.75,2.75,2.75,2.75,13.0
2021-05-25 11:24:00,NSE:GAL,2.75,2.75,2.75,2.75,433.0
2021-05-25 11:36:00,NSE:GAL,2.75,2.75,2.75,2.75,150.0
2021-05-25 11:39:00,NSE:GAL,2.75,2.75,2.75,2.75,1104.0
2021-05-25 12:06:00,NSE:GAL,2.75,2.75,2.75,2.75,280.0
2021-05-25 12:09:00,NSE:GAL,2.75,2.75,2.75,2.75,69.0
2021-05-25 12:12:00,NSE:GAL,2.75,2.75,2.75,2.75,20.0
2021-05-25 12:15:00,NSE:GAL,2.75,2.75,2.75,2.75,6.0
2021-05-25 12:21:00,NSE:GAL,2.75,2.75,2.75,2.75,950.0
2021-05-25 12:27:00,NSE:GAL,2.75,2.75,2.75,2.75,5.0
2021-05-25 12:42:00,NSE:GAL,2.75,2.75,2.75,2.75,2525.0
2021-05-25 12:48:00,NSE:GAL,2.75,2.75,2.75,2.75,2.0
2021-05-25 13:03:00,NSE:GAL,2.75,2.75,2.75,2.75,491.0
2021-05-25 13:21:00,NSE:GAL,2.75,2.75,2.75,2.75,501.0
2021-05-25 13:27:00,NSE:GAL,2.75,2.75,2.75,2.75,5000.0
2021-05-25 13:48:00,NSE:GAL,2.75,2.75,2.75,2.75,1000.0
2021-05-25 13:57:00,NSE:GAL,2.75,2.75,2.75,2.75,150.0
2021-05-25 14:00:00,NSE:GAL,2.75,2.75,2.75,2.75,2.0
2021-05-25 14:03:00,NSE:GAL,2.75,2.75,2.75,2.75,4000.0
2021-05-25 14:12:00,NSE:GAL,2.75,2.75,2.75,2.75,4.0
2021-05-25 14:27:00,NSE:GAL,2.75,2.75,2.75,2.75,1.0
2021-05-25 14:33:00,NSE:GAL,2.75,2.75,2.75,2.75,100.0
2021-05-25 14:36:00,NSE:GAL,2.75,2.75,2.75,2.75,50.0
2021-05-25 14:39:00,NSE:GAL,2.75,2.75,2.75,2.75,800.0
2021-05-25 14:45:00,NSE:GAL,2.75,2.75,2.75,2.75,31.0
2021-05-25 14:48:00,NSE:GAL,2.75,2.75,2.75,2.75,675.0
2021-05-25 14:51:00,NSE:GAL,2.75,2.75,2.75,2.75,1000.0
2021-05-25 15:06:00,NSE:GAL,2.75,2.75,2.75,2.75,750.0
2021-05-25 15:12:00,NSE:GAL,2.75,2.75,2.75,2.75,6.0
2021-05-25 15:18:00,NSE:GAL,2.75,2.75,2.75,2.75,4000.0
2021-05-25 15:27:00,NSE:GAL,2.75,2.75,2.75,2.75,100.0
2021-05-26 09:15:00,NSE:GAL,2.75,2.75,2.65,2.65,32845.0
2021-05-26 09:18:00,NSE:GAL,2.65,2.65,2.65,2.65,13200.0
2021-05-26 09:21:00,NSE:GAL,2.65,2.65,2.65,2.65,8012.0
2021-05-26 09:24:00,NSE:GAL,2.65,2.65,2.65,2.65,6.0
2021-05-26 09:27:00,NSE:GAL,2.65,2.65,2.65,2.65,709.0
2021-05-26 09:30:00,NSE:GAL,2.65,2.65,2.65,2.65,93.0
2021-05-26 09:33:00,NSE:GAL,2.65,2.65,2.65,2.65,1000.0
2021-05-26 09:36:00,NSE:GAL,2.65,2.65,2.65,2.65,12570.0
2021-05-26 09:39:00,NSE:GAL,2.65,2.65,2.65,2.65,20000.0
2021-05-26 09:42:00,NSE:GAL,2.65,2.65,2.65,2.65,68.0
2021-05-26 09:48:00,NSE:GAL,2.65,2.65,2.65,2.65,6832.0
2021-05-26 09:51:00,NSE:GAL,2.65,2.65,2.65,2.65,100.0
2021-05-26 09:54:00,NSE:GAL,2.65,2.7,2.65,2.7,9783.0
2021-05-26 10:00:00,NSE:GAL,2.65,2.65,2.65,2.65,2070.0
2021-05-26 10:03:00,NSE:GAL,2.65,2.65,2.65,2.65,1.0
2021-05-26 10:06:00,NSE:GAL,2.65,2.65,2.65,2.65,103.0
2021-05-26 10:09:00,NSE:GAL,2.65,2.65,2.65,2.65,500.0
2021-05-26 10:15:00,NSE:GAL,2.65,2.65,2.65,2.65,504.0
2021-05-26 10:18:00,NSE:GAL,2.65,2.65,2.65,2.65,150.0
2021-05-26 10:21:00,NSE:GAL,2.65,2.65,2.65,2.65,850.0
2021-05-26 10:27:00,NSE:GAL,2.65,2.65,2.65,2.65,100.0
2021-05-26 10:33:00,NSE:GAL,2.65,2.7,2.65,2.7,3000.0
2021-05-26 10:36:00,NSE:GAL,2.7,2.7,2.7,2.7,1036.0
2021-05-26 10:39:00,NSE:GAL,2.65,2.65,2.65,2.65,8.0
2021-05-26 10:45:00,NSE:GAL,2.65,2.7,2.65,2.7,5150.0
2021-05-26 10:51:00,NSE:GAL,2.7,2.7,2.65,2.65,373.0
2021-05-26 10:54:00,NSE:GAL,2.65,2.65,2.65,2.65,2269.0
2021-05-26 10:57:00,NSE:GAL,2.65,2.65,2.65,2.65,7398.0
2021-05-26 11:00:00,NSE:GAL,2.65,2.65,2.65,2.65,7002.0
2021-05-26 11:03:00,NSE:GAL,2.65,2.65,2.65,2.65,32.0
2021-05-26 11:15:00,NSE:GAL,2.65,2.65,2.65,2.65,3157.0
2021-05-26 11:18:00,NSE:GAL,2.65,2.65,2.65,2.65,500.0
2021-05-26 11:24:00,NSE:GAL,2.65,2.65,2.65,2.65,311.0
2021-05-26 11:30:00,NSE:GAL,2.65,2.65,2.65,2.65,100.0
2021-05-26 11:33:00,NSE:GAL,2.65,2.65,2.65,2.65,1001.0
2021-05-26 11:42:00,NSE:GAL,2.65,2.65,2.65,2.65,260.0
2021-05-26 11:45:00,NSE:GAL,2.7,2.7,2.7,2.7,5000.0
2021-05-26 11:51:00,NSE:GAL,2.65,2.7,2.65,2.65,13.0
2021-05-26 11:57:00,NSE:GAL,2.65,2.65,2.65,2.65,1000.0
2021-05-26 12:00:00,NSE:GAL,2.7,2.7,2.7,2.7,370.0
2021-05-26 12:03:00,NSE:GAL,2.7,2.7,2.65,2.7,1115.0
2021-05-26 12:12:00,NSE:GAL,2.7,2.7,2.7,2.7,100.0
2021-05-26 12:21:00,NSE:GAL,2.65,2.65,2.65,2.65,283.0
2021-05-26 12:33:00,NSE:GAL,2.65,2.65,2.65,2.65,8000.0
2021-05-26 12:36:00,NSE:GAL,2.7,2.7,2.7,2.7,100.0
2021-05-26 12:42:00,NSE:GAL,2.65,2.7,2.65,2.7,5550.0
2021-05-26 12:45:00,NSE:GAL,2.65,2.65,2.65,2.65,2383.0
2021-05-26 12:48:00,NSE:GAL,2.65,2.65,2.65,2.65,1132.0
2021-05-26 12:57:00,NSE:GAL,2.65,2.65,2.65,2.65,13150.0
2021-05-26 13:00:00,NSE:GAL,2.65,2.65,2.65,2.65,5000.0
2021-05-26 13:03:00,NSE:GAL,2.65,2.65,2.65,2.65,2000.0
2021-05-26 13:06:00,NSE:GAL,2.65,2.65,2.65,2.65,750.0
2021-05-26 13:09:00,NSE:GAL,2.65,2.65,2.65,2.65,585.0
2021-05-26 13:12:00,NSE:GAL,2.65,2.65,2.65,2.65,4576.0
2021-05-26 13:21:00,NSE:GAL,2.65,2.65,2.65,2.65,500.0
2021-05-26 13:30:00,NSE:GAL,2.65,2.65,2.65,2.65,60.0
2021-05-26 13:33:00,NSE:GAL,2.65,2.65,2.65,2.65,1350.0
2021-05-26 13:45:00,NSE:GAL,2.65,2.65,2.65,2.65,10.0
2021-05-26 13:51:00,NSE:GAL,2.65,2.65,2.65,2.65,1.0
2021-05-26 13:54:00,NSE:GAL,2.65,2.65,2.65,2.65,53.0
2021-05-26 13:57:00,NSE:GAL,2.65,2.65,2.65,2.65,400.0
2021-05-26 14:00:00,NSE:GAL,2.65,2.65,2.65,2.65,580.0
2021-05-26 14:03:00,NSE:GAL,2.65,2.65,2.65,2.65,1001.0
2021-05-26 14:06:00,NSE:GAL,2.65,2.65,2.65,2.65,451.0
2021-05-26 14:18:00,NSE:GAL,2.65,2.65,2.65,2.65,10.0
2021-05-26 14:24:00,NSE:GAL,2.65,2.65,2.65,2.65,4.0
2021-05-26 14:27:00,NSE:GAL,2.65,2.65,2.65,2.65,1.0
2021-05-26 14:30:00,NSE:GAL,2.65,2.65,2.65,2.65,1099.0
2021-05-26 14:33:00,NSE:GAL,2.65,2.65,2.65,2.65,4975.0
2021-05-26 14:36:00,NSE:GAL,2.65,2.65,2.65,2.65,11525.0
2021-05-26 14:39:00,NSE:GAL,2.65,2.65,2.65,2.65,9123.0
2021-05-26 14:45:00,NSE:GAL,2.65,2.65,2.65,2.65,6077.0
2021-05-26 14:48:00,NSE:GAL,2.65,2.65,2.65,2.65,15000.0
2021-05-26 15:06:00,NSE:GAL,2.65,2.65,2.65,2.65,200.0
2021-05-26 15:12:00,NSE:GAL,2.65,2.65,2.65,2.65,100.0
2021-05-26 15:15:00,NSE:GAL,2.65,2.65,2.65,2.65,160.0
2021-05-26 15:21:00,NSE:GAL,2.65,2.65,2.65,2.65,5.0
2021-05-26 15:24:00,NSE:GAL,2.65,2.65,2.65,2.65,6.0
2021-05-26 15:27:00,NSE:GAL,2.65,2.65,2.65,2.65,201.0
2021-05-27 09:06:00,NSE:GAL,2.65,2.65,2.65,2.65,4.0
2021-05-27 09:15:00,NSE:GAL,2.55,2.55,2.55,2.55,7701.0
2021-05-27 09:18:00,NSE:GAL,2.55,2.55,2.55,2.55,3500.0
2021-05-27 09:21:00,NSE:GAL,2.55,2.55,2.55,2.55,500.0
2021-05-27 09:27:00,NSE:GAL,2.55,2.55,2.55,2.55,1200.0
2021-05-27 09:30:00,NSE:GAL,2.55,2.55,2.55,2.55,800.0
2021-05-27 09:33:00,NSE:GAL,2.55,2.55,2.55,2.55,2720.0
2021-05-27 09:36:00,NSE:GAL,2.55,2.55,2.55,2.55,801.0
2021-05-27 09:39:00,NSE:GAL,2.55,2.55,2.55,2.55,3000.0
2021-05-27 09:42:00,NSE:GAL,2.55,2.55,2.55,2.55,50.0
2021-05-27 09:45:00,NSE:GAL,2.55,2.55,2.55,2.55,101.0
2021-05-27 09:48:00,NSE:GAL,2.55,2.55,2.55,2.55,2350.0
2021-05-27 09:51:00,NSE:GAL,2.55,2.55,2.55,2.55,600.0
2021-05-27 10:00:00,NSE:GAL,2.55,2.55,2.55,2.55,392.0
2021-05-27 10:09:00,NSE:GAL,2.55,2.55,2.55,2.55,10.0
2021-05-27 10:15:00,NSE:GAL,2.55,2.55,2.55,2.55,46.0
2021-05-27 10:18:00,NSE:GAL,2.55,2.55,2.55,2.55,5725.0
2021-05-27 10:27:00,NSE:GAL,2.55,2.55,2.55,2.55,5.0
2021-05-27 10:30:00,NSE:GAL,2.55,2.55,2.55,2.55,1500.0
2021-05-27 10:33:00,NSE:GAL,2.55,2.55,2.55,2.55,2500.0
2021-05-27 10:36:00,NSE:GAL,2.55,2.55,2.55,2.55,55.0
2021-05-27 10:39:00,NSE:GAL,2.55,2.55,2.55,2.55,30.0
2021-05-27 10:42:00,NSE:GAL,2.55,2.55,2.55,2.55,112.0
2021-05-27 10:45:00,NSE:GAL,2.55,2.55,2.55,2.55,100.0
2021-05-27 10:48:00,NSE:GAL,2.55,2.55,2.55,2.55,700.0
2021-05-27 10:57:00,NSE:GAL,2.55,2.55,2.55,2.55,23.0
2021-05-27 11:00:00,NSE:GAL,2.55,2.55,2.55,2.55,1877.0
2021-05-27 11:06:00,NSE:GAL,2.55,2.55,2.55,2.55,50.0
2021-05-27 11:12:00,NSE:GAL,2.55,2.55,2.55,2.55,125.0
2021-05-27 11:15:00,NSE:GAL,2.55,2.55,2.55,2.55,1500.0
2021-05-27 11:18:00,NSE:GAL,2.55,2.55,2.55,2.55,275.0
2021-05-27 11:21:00,NSE:GAL,2.55,2.55,2.55,2.55,600.0
2021-05-27 11:39:00,NSE:GAL,2.55,2.55,2.55,2.55,1230.0
2021-05-27 11:42:00,NSE:GAL,2.55,2.55,2.55,2.55,3.0
2021-05-27 11:45:00,NSE:GAL,2.55,2.55,2.55,2.55,55.0
2021-05-27 11:51:00,NSE:GAL,2.55,2.55,2.55,2.55,50.0
2021-05-27 11:54:00,NSE:GAL,2.55,2.55,2.55,2.55,1.0
2021-05-27 11:57:00,NSE:GAL,2.55,2.55,2.55,2.55,25.0
2021-05-27 12:00:00,NSE:GAL,2.55,2.55,2.55,2.55,13.0
2021-05-27 12:09:00,NSE:GAL,2.55,2.55,2.55,2.55,510.0
2021-05-27 12:12:00,NSE:GAL,2.55,2.55,2.55,2.55,1000.0
2021-05-27 12:15:00,NSE:GAL,2.55,2.55,2.55,2.55,3193.0
2021-05-27 12:18:00,NSE:GAL,2.55,2.55,2.55,2.55,593.0
2021-05-27 12:33:00,NSE:GAL,2.55,2.55,2.55,2.55,5000.0
2021-05-27 12:39:00,NSE:GAL,2.55,2.55,2.55,2.55,20005.0
2021-05-27 12:42:00,NSE:GAL,2.55,2.55,2.55,2.55,100.0
2021-05-27 12:45:00,NSE:GAL,2.55,2.55,2.55,2.55,625.0
2021-05-27 12:51:00,NSE:GAL,2.55,2.55,2.55,2.55,1001.0
2021-05-27 12:54:00,NSE:GAL,2.55,2.55,2.55,2.55,100.0
2021-05-27 13:06:00,NSE:GAL,2.55,2.55,2.55,2.55,10.0
2021-05-27 13:12:00,NSE:GAL,2.55,2.55,2.55,2.55,1.0
2021-05-27 13:15:00,NSE:GAL,2.55,2.55,2.55,2.55,1095.0
2021-05-27 13:18:00,NSE:GAL,2.55,2.55,2.55,2.55,1081.0
2021-05-27 13:21:00,NSE:GAL,2.55,2.55,2.55,2.55,396.0
2021-05-27 13:24:00,NSE:GAL,2.55,2.55,2.55,2.55,4.0
2021-05-27 13:27:00,NSE:GAL,2.55,2.55,2.55,2.55,100.0
2021-05-27 13:30:00,NSE:GAL,2.55,2.55,2.55,2.55,1.0
2021-05-27 13:36:00,NSE:GAL,2.55,2.55,2.55,2.55,5.0
2021-05-27 13:39:00,NSE:GAL,2.55,2.55,2.55,2.55,1201.0
2021-05-27 13:42:00,NSE:GAL,2.55,2.55,2.55,2.55,200.0
2021-05-27 13:48:00,NSE:GAL,2.55,2.55,2.55,2.55,1.0
2021-05-27 13:51:00,NSE:GAL,2.55,2.55,2.55,2.55,6.0
2021-05-27 14:00:00,NSE:GAL,2.55,2.55,2.55,2.55,10.0
2021-05-27 14:18:00,NSE:GAL,2.55,2.55,2.55,2.55,11.0
2021-05-27 14:30:00,NSE:GAL,2.55,2.55,2.55,2.55,510.0
2021-05-27 14:42:00,NSE:GAL,2.55,2.55,2.55,2.55,102.0
2021-05-27 14:57:00,NSE:GAL,2.55,2.55,2.55,2.55,500.0
2021-05-27 15:00:00,NSE:GAL,2.55,2.55,2.55,2.55,200.0
2021-05-27 15:12:00,NSE:GAL,2.55,2.55,2.55,2.55,44460.0
2021-05-27 15:15:00,NSE:GAL,2.55,2.55,2.55,2.55,740.0
2021-05-27 15:18:00,NSE:GAL,2.55,2.55,2.55,2.55,9052.0
2021-05-27 15:21:00,NSE:GAL,2.55,2.55,2.55,2.55,16001.0
2021-05-27 15:24:00,NSE:GAL,2.55,2.55,2.55,2.55,1000.0
2021-05-27 15:27:00,NSE:GAL,2.55,2.55,2.55,2.55,200.0
2021-05-28 09:06:00,NSE:GAL,2.45,2.45,2.45,2.45,10355.0
2021-05-28 09:15:00,NSE:GAL,2.55,2.55,2.45,2.55,4395.0
2021-05-28 09:21:00,NSE:GAL,2.55,2.55,2.55,2.55,1243.0
2021-05-28 09:24:00,NSE:GAL,2.6,2.6,2.6,2.6,7304.0
2021-05-28 09:27:00,NSE:GAL,2.65,2.65,2.65,2.65,30331.0
2021-05-28 09:30:00,NSE:GAL,2.65,2.65,2.55,2.6,12313.0
2021-05-28 09:33:00,NSE:GAL,2.6,2.6,2.55,2.6,9324.0
2021-05-28 09:36:00,NSE:GAL,2.65,2.65,2.6,2.6,15844.0
2021-05-28 09:39:00,NSE:GAL,2.6,2.6,2.55,2.6,640.0
2021-05-28 09:42:00,NSE:GAL,2.6,2.6,2.6,2.6,2000.0
2021-05-28 09:45:00,NSE:GAL,2.6,2.6,2.6,2.6,3079.0
2021-05-28 09:48:00,NSE:GAL,2.6,2.6,2.6,2.6,4378.0
2021-05-28 09:54:00,NSE:GAL,2.65,2.65,2.65,2.65,200.0
2021-05-28 09:57:00,NSE:GAL,2.65,2.65,2.65,2.65,100.0
2021-05-28 10:03:00,NSE:GAL,2.65,2.65,2.6,2.6,732.0
2021-05-28 10:06:00,NSE:GAL,2.6,2.6,2.6,2.6,14300.0
2021-05-28 10:09:00,NSE:GAL,2.6,2.65,2.6,2.6,11200.0
2021-05-28 10:12:00,NSE:GAL,2.6,2.6,2.6,2.6,16001.0
2021-05-28 10:15:00,NSE:GAL,2.6,2.6,2.45,2.45,132067.0
2021-05-28 10:18:00,NSE:GAL,2.45,2.45,2.45,2.45,16723.0
2021-05-28 10:21:00,NSE:GAL,2.45,2.45,2.45,2.45,8500.0
2021-05-28 10:24:00,NSE:GAL,2.45,2.45,2.45,2.45,1104.0
2021-05-28 10:27:00,NSE:GAL,2.45,2.45,2.45,2.45,4500.0
2021-05-28 10:30:00,NSE:GAL,2.45,2.45,2.45,2.45,1700.0
2021-05-28 10:33:00,NSE:GAL,2.45,2.45,2.45,2.45,10087.0
2021-05-28 10:36:00,NSE:GAL,2.45,2.45,2.45,2.45,1965.0
2021-05-28 10:39:00,NSE:GAL,2.45,2.45,2.45,2.45,502.0
2021-05-28 10:42:00,NSE:GAL,2.45,2.45,2.45,2.45,262.0
2021-05-28 10:45:00,NSE:GAL,2.45,2.45,2.45,2.45,155.0
2021-05-28 10:48:00,NSE:GAL,2.45,2.45,2.45,2.45,1020.0
2021-05-28 10:51:00,NSE:GAL,2.45,2.45,2.45,2.45,3395.0
2021-05-28 10:54:00,NSE:GAL,2.45,2.45,2.45,2.45,2275.0
2021-05-28 10:57:00,NSE:GAL,2.45,2.45,2.45,2.45,25.0
2021-05-28 11:06:00,NSE:GAL,2.45,2.45,2.45,2.45,105.0
2021-05-28 11:09:00,NSE:GAL,2.45,2.45,2.45,2.45,100.0
2021-05-28 11:12:00,NSE:GAL,2.45,2.45,2.45,2.45,955.0
2021-05-28 11:15:00,NSE:GAL,2.45,2.45,2.45,2.45,250.0
2021-05-28 11:21:00,NSE:GAL,2.45,2.55,2.45,2.55,2119.0
2021-05-28 11:24:00,NSE:GAL,2.55,2.55,2.55,2.55,1.0
2021-05-28 11:27:00,NSE:GAL,2.55,2.55,2.55,2.55,166.0
2021-05-28 11:33:00,NSE:GAL,2.45,2.45,2.45,2.45,11482.0
2021-05-28 11:36:00,NSE:GAL,2.45,2.5,2.45,2.5,6227.0
2021-05-28 11:39:00,NSE:GAL,2.45,2.45,2.45,2.45,73.0
2021-05-28 11:42:00,NSE:GAL,2.45,2.45,2.45,2.45,1400.0
2021-05-28 11:45:00,NSE:GAL,2.45,2.45,2.45,2.45,92.0
2021-05-28 11:48:00,NSE:GAL,2.5,2.5,2.45,2.45,5112.0
2021-05-28 11:51:00,NSE:GAL,2.5,2.5,2.5,2.5,1.0
2021-05-28 11:57:00,NSE:GAL,2.5,2.5,2.5,2.5,89.0
2021-05-28 12:00:00,NSE:GAL,2.45,2.45,2.45,2.45,5.0
2021-05-28 12:03:00,NSE:GAL,2.45,2.5,2.45,2.5,6981.0
2021-05-28 12:06:00,NSE:GAL,2.45,2.5,2.45,2.5,10021.0
2021-05-28 12:09:00,NSE:GAL,2.45,2.5,2.45,2.5,100.0
2021-05-28 12:12:00,NSE:GAL,2.5,2.5,2.5,2.5,20.0
2021-05-28 12:15:00,NSE:GAL,2.5,2.5,2.5,2.5,705.0
2021-05-28 12:21:00,NSE:GAL,2.5,2.5,2.5,2.5,240.0
2021-05-28 12:24:00,NSE:GAL,2.5,2.5,2.5,2.5,10.0
2021-05-28 12:33:00,NSE:GAL,2.5,2.5,2.5,2.5,4.0
2021-05-28 12:48:00,NSE:GAL,2.5,2.5,2.45,2.5,7761.0
2021-05-28 12:51:00,NSE:GAL,2.5,2.5,2.5,2.5,1000.0
2021-05-28 13:06:00,NSE:GAL,2.45,2.45,2.45,2.45,11.0
2021-05-28 13:09:00,NSE:GAL,2.5,2.5,2.5,2.5,1.0
2021-05-28 13:12:00,NSE:GAL,2.5,2.5,2.5,2.5,5000.0
2021-05-28 13:15:00,NSE:GAL,2.45,2.5,2.45,2.5,86.0
2021-05-28 13:21:00,NSE:GAL,2.5,2.5,2.5,2.5,10.0
2021-05-28 13:24:00,NSE:GAL,2.5,2.5,2.5,2.5,510.0
2021-05-28 13:27:00,NSE:GAL,2.5,2.5,2.5,2.5,29.0
2021-05-28 13:30:00,NSE:GAL,2.5,2.5,2.45,2.45,8.0
2021-05-28 13:36:00,NSE:GAL,2.5,2.5,2.5,2.5,1007.0
2021-05-28 13:39:00,NSE:GAL,2.5,2.5,2.5,2.5,14.0
2021-05-28 13:48:00,NSE:GAL,2.5,2.5,2.5,2.5,88.0
2021-05-28 13:51:00,NSE:GAL,2.5,2.5,2.5,2.5,1.0
2021-05-28 13:54:00,NSE:GAL,2.5,2.5,2.5,2.5,500.0
2021-05-28 13:57:00,NSE:GAL,2.5,2.5,2.45,2.5,16012.0
2021-05-28 14:03:00,NSE:GAL,2.45,2.45,2.45,2.45,25.0
2021-05-28 14:06:00,NSE:GAL,2.45,2.45,2.45,2.45,88.0
2021-05-28 14:09:00,NSE:GAL,2.45,2.45,2.45,2.45,40.0
2021-05-28 14:15:00,NSE:GAL,2.45,2.45,2.45,2.45,10.0
2021-05-28 14:18:00,NSE:GAL,2.45,2.45,2.45,2.45,3000.0
2021-05-28 14:27:00,NSE:GAL,2.45,2.45,2.45,2.45,300.0
2021-05-28 14:33:00,NSE:GAL,2.45,2.45,2.45,2.45,25.0
2021-05-28 14:36:00,NSE:GAL,2.45,2.45,2.45,2.45,50.0
2021-05-28 14:39:00,NSE:GAL,2.45,2.45,2.45,2.45,700.0
2021-05-28 14:51:00,NSE:GAL,2.45,2.45,2.45,2.45,100.0
2021-05-28 14:54:00,NSE:GAL,2.45,2.45,2.45,2.45,3000.0
2021-05-28 14:57:00,NSE:GAL,2.45,2.45,2.45,2.45,540.0
2021-05-28 15:03:00,NSE:GAL,2.45,2.45,2.45,2.45,2020.0
2021-05-28 15:09:00,NSE:GAL,2.45,2.45,2.45,2.45,199.0
2021-05-28 15:12:00,NSE:GAL,2.45,2.45,2.45,2.45,52.0
2021-05-28 15:15:00,NSE:GAL,2.45,2.45,2.45,2.45,400.0
2021-05-28 15:21:00,NSE:GAL,2.45,2.45,2.45,2.45,5205.0
2021-05-28 15:24:00,NSE:GAL,2.45,2.45,2.45,2.45,500.0
2021-05-28 15:45:00,NSE:GAL,2.45,2.45,2.45,2.45,500.0
2021-05-31 09:06:00,NSE:GAL,2.35,2.35,2.35,2.35,950.0
2021-05-31 09:15:00,NSE:GAL,2.35,2.35,2.35,2.35,3713.0
2021-05-31 09:18:00,NSE:GAL,2.35,2.45,2.35,2.4,2140.0
2021-05-31 09:21:00,NSE:GAL,2.4,2.4,2.4,2.4,1475.0
2021-05-31 09:24:00,NSE:GAL,2.45,2.45,2.4,2.4,704.0
2021-05-31 09:27:00,NSE:GAL,2.45,2.45,2.45,2.45,11500.0
2021-05-31 09:30:00,NSE:GAL,2.45,2.45,2.45,2.45,120.0
2021-05-31 09:33:00,NSE:GAL,2.45,2.45,2.45,2.45,2.0
2021-05-31 09:42:00,NSE:GAL,2.45,2.45,2.45,2.45,245.0
2021-05-31 09:48:00,NSE:GAL,2.45,2.45,2.45,2.45,1.0
2021-05-31 09:51:00,NSE:GAL,2.45,2.45,2.45,2.45,20.0
2021-05-31 09:54:00,NSE:GAL,2.45,2.45,2.4,2.45,300.0
2021-05-31 09:57:00,NSE:GAL,2.4,2.4,2.4,2.4,20.0
2021-05-31 10:00:00,NSE:GAL,2.45,2.45,2.45,2.45,150.0
2021-05-31 10:03:00,NSE:GAL,2.45,2.45,2.45,2.45,1000.0
2021-05-31 10:12:00,NSE:GAL,2.4,2.4,2.4,2.4,1100.0
2021-05-31 10:15:00,NSE:GAL,2.45,2.45,2.4,2.4,862.0
2021-05-31 10:21:00,NSE:GAL,2.45,2.45,2.45,2.45,501.0
2021-05-31 10:30:00,NSE:GAL,2.45,2.45,2.45,2.45,200.0
2021-05-31 10:39:00,NSE:GAL,2.45,2.45,2.45,2.45,500.0
2021-05-31 10:48:00,NSE:GAL,2.45,2.45,2.4,2.4,1824.0
2021-05-31 10:51:00,NSE:GAL,2.4,2.4,2.4,2.4,2.0
2021-05-31 10:57:00,NSE:GAL,2.4,2.4,2.4,2.4,1.0
2021-05-31 11:09:00,NSE:GAL,2.4,2.4,2.4,2.4,27.0
2021-05-31 11:12:00,NSE:GAL,2.45,2.45,2.45,2.45,200.0
2021-05-31 11:15:00,NSE:GAL,2.45,2.45,2.45,2.45,100.0
2021-05-31 11:18:00,NSE:GAL,2.45,2.45,2.45,2.45,10.0
2021-05-31 11:24:00,NSE:GAL,2.4,2.4,2.4,2.4,3.0
2021-05-31 11:33:00,NSE:GAL,2.45,2.45,2.45,2.45,105.0
2021-05-31 11:42:00,NSE:GAL,2.45,2.45,2.45,2.45,3.0
2021-05-31 12:03:00,NSE:GAL,2.45,2.45,2.45,2.45,9380.0
2021-05-31 12:12:00,NSE:GAL,2.45,2.45,2.45,2.45,544.0
2021-05-31 12:15:00,NSE:GAL,2.4,2.4,2.4,2.4,15586.0
2021-05-31 12:18:00,NSE:GAL,2.4,2.4,2.35,2.35,27808.0
2021-05-31 12:21:00,NSE:GAL,2.35,2.35,2.35,2.35,2370.0
2021-05-31 12:24:00,NSE:GAL,2.35,2.35,2.35,2.35,4500.0
2021-05-31 12:27:00,NSE:GAL,2.35,2.35,2.35,2.35,402.0
2021-05-31 12:33:00,NSE:GAL,2.35,2.35,2.35,2.35,2523.0
2021-05-31 12:36:00,NSE:GAL,2.35,2.35,2.35,2.35,8.0
2021-05-31 12:39:00,NSE:GAL,2.35,2.35,2.35,2.35,12102.0
2021-05-31 12:42:00,NSE:GAL,2.35,2.35,2.35,2.35,1100.0
2021-05-31 12:45:00,NSE:GAL,2.35,2.35,2.35,2.35,3000.0
2021-05-31 12:48:00,NSE:GAL,2.35,2.35,2.35,2.35,2000.0
2021-05-31 12:51:00,NSE:GAL,2.35,2.35,2.35,2.35,55.0
2021-05-31 12:54:00,NSE:GAL,2.35,2.35,2.35,2.35,408.0
2021-05-31 12:57:00,NSE:GAL,2.35,2.35,2.35,2.35,103.0
2021-05-31 13:00:00,NSE:GAL,2.35,2.35,2.35,2.35,27.0
2021-05-31 13:03:00,NSE:GAL,2.35,2.35,2.35,2.35,10000.0
2021-05-31 13:06:00,NSE:GAL,2.35,2.35,2.35,2.35,4869.0
2021-05-31 13:09:00,NSE:GAL,2.35,2.35,2.35,2.35,136.0
2021-05-31 13:12:00,NSE:GAL,2.35,2.35,2.35,2.35,5011.0
2021-05-31 13:21:00,NSE:GAL,2.35,2.35,2.35,2.35,5000.0
2021-05-31 13:24:00,NSE:GAL,2.35,2.35,2.35,2.35,55.0
2021-05-31 13:27:00,NSE:GAL,2.35,2.35,2.35,2.35,1010.0
2021-05-31 13:30:00,NSE:GAL,2.35,2.35,2.35,2.35,6.0
2021-05-31 13:36:00,NSE:GAL,2.35,2.35,2.35,2.35,2618.0
2021-05-31 13:39:00,NSE:GAL,2.35,2.35,2.35,2.35,250.0
2021-05-31 13:42:00,NSE:GAL,2.35,2.35,2.35,2.35,600.0
2021-05-31 13:45:00,NSE:GAL,2.35,2.35,2.35,2.35,130.0
2021-05-31 13:51:00,NSE:GAL,2.35,2.35,2.35,2.35,19.0
2021-05-31 13:54:00,NSE:GAL,2.35,2.35,2.35,2.35,300.0
2021-05-31 14:03:00,NSE:GAL,2.35,2.35,2.35,2.35,601.0
2021-05-31 14:06:00,NSE:GAL,2.35,2.35,2.35,2.35,101.0
2021-05-31 14:09:00,NSE:GAL,2.35,2.35,2.35,2.35,610.0
2021-05-31 14:18:00,NSE:GAL,2.35,2.35,2.35,2.35,220.0
2021-05-31 14:21:00,NSE:GAL,2.35,2.35,2.35,2.35,120.0
2021-05-31 14:24:00,NSE:GAL,2.35,2.35,2.35,2.35,400.0
2021-05-31 14:27:00,NSE:GAL,2.35,2.35,2.35,2.35,35.0
2021-05-31 14:30:00,NSE:GAL,2.35,2.35,2.35,2.35,11.0
2021-05-31 14:33:00,NSE:GAL,2.35,2.35,2.35,2.35,1.0
2021-05-31 14:36:00,NSE:GAL,2.35,2.35,2.35,2.35,1900.0
2021-05-31 14:39:00,NSE:GAL,2.35,2.35,2.35,2.35,6266.0
2021-05-31 14:42:00,NSE:GAL,2.35,2.35,2.35,2.35,3116.0
2021-05-31 14:48:00,NSE:GAL,2.35,2.35,2.35,2.35,250.0
2021-05-31 14:54:00,NSE:GAL,2.4,2.4,2.4,2.4,1.0
2021-05-31 15:00:00,NSE:GAL,2.35,2.35,2.35,2.35,1150.0
2021-05-31 15:03:00,NSE:GAL,2.4,2.4,2.4,2.4,200.0
2021-05-31 15:06:00,NSE:GAL,2.4,2.4,2.35,2.4,2529.0
2021-05-31 15:12:00,NSE:GAL,2.4,2.4,2.4,2.4,200.0
2021-05-31 15:15:00,NSE:GAL,2.4,2.4,2.4,2.4,100.0
2021-05-31 15:18:00,NSE:GAL,2.4,2.4,2.35,2.35,12101.0
2021-05-31 15:21:00,NSE:GAL,2.35,2.35,2.35,2.35,104.0
2021-05-31 15:24:00,NSE:GAL,2.35,2.35,2.35,2.35,1800.0
2021-05-31 15:27:00,NSE:GAL,2.35,2.35,2.35,2.35,100.0
2021-06-01 09:06:00,NSE:GAL,2.35,2.35,2.35,2.35,510.0
2021-06-01 09:15:00,NSE:GAL,2.25,2.3,2.25,2.25,198.0
2021-06-01 09:18:00,NSE:GAL,2.25,2.25,2.25,2.25,230.0
2021-06-01 09:24:00,NSE:GAL,2.25,2.25,2.25,2.25,26903.0
2021-06-01 09:27:00,NSE:GAL,2.25,2.25,2.25,2.25,800.0
2021-06-01 09:30:00,NSE:GAL,2.25,2.25,2.25,2.25,2310.0
2021-06-01 09:33:00,NSE:GAL,2.25,2.25,2.25,2.25,2250.0
2021-06-01 09:36:00,NSE:GAL,2.25,2.25,2.25,2.25,705.0
2021-06-01 09:39:00,NSE:GAL,2.25,2.25,2.25,2.25,130.0
2021-06-01 09:42:00,NSE:GAL,2.25,2.35,2.25,2.35,7265.0
2021-06-01 09:45:00,NSE:GAL,2.35,2.35,2.35,2.35,100.0
2021-06-01 09:48:00,NSE:GAL,2.3,2.35,2.3,2.35,1950.0
2021-06-01 09:51:00,NSE:GAL,2.25,2.25,2.25,2.25,260.0
2021-06-01 09:54:00,NSE:GAL,2.35,2.35,2.35,2.35,2000.0
2021-06-01 10:00:00,NSE:GAL,2.25,2.35,2.25,2.35,450.0
2021-06-01 10:03:00,NSE:GAL,2.35,2.35,2.35,2.35,3010.0
2021-06-01 10:06:00,NSE:GAL,2.3,2.35,2.3,2.35,70.0
2021-06-01 10:09:00,NSE:GAL,2.25,2.35,2.25,2.25,22280.0
2021-06-01 10:12:00,NSE:GAL,2.25,2.25,2.25,2.25,1110.0
2021-06-01 10:15:00,NSE:GAL,2.25,2.3,2.25,2.3,39409.0
2021-06-01 10:18:00,NSE:GAL,2.25,2.25,2.25,2.25,2892.0
2021-06-01 10:24:00,NSE:GAL,2.25,2.25,2.25,2.25,2700.0
2021-06-01 10:27:00,NSE:GAL,2.25,2.25,2.25,2.25,200.0
2021-06-01 10:30:00,NSE:GAL,2.25,2.25,2.25,2.25,1518.0
2021-06-01 10:33:00,NSE:GAL,2.25,2.25,2.25,2.25,146.0
2021-06-01 10:36:00,NSE:GAL,2.25,2.25,2.25,2.25,200.0
2021-06-01 10:39:00,NSE:GAL,2.25,2.25,2.25,2.25,50.0
2021-06-01 10:42:00,NSE:GAL,2.25,2.25,2.25,2.25,270.0
2021-06-01 10:45:00,NSE:GAL,2.25,2.25,2.25,2.25,20.0
2021-06-01 10:51:00,NSE:GAL,2.25,2.25,2.25,2.25,266.0
2021-06-01 10:54:00,NSE:GAL,2.25,2.25,2.25,2.25,35.0
2021-06-01 10:57:00,NSE:GAL,2.25,2.25,2.25,2.25,50.0
2021-06-01 11:00:00,NSE:GAL,2.25,2.25,2.25,2.25,1175.0
2021-06-01 11:03:00,NSE:GAL,2.25,2.25,2.25,2.25,15600.0
2021-06-01 11:06:00,NSE:GAL,2.25,2.25,2.25,2.25,330.0
2021-06-01 11:09:00,NSE:GAL,2.25,2.25,2.25,2.25,1.0
2021-06-01 11:12:00,NSE:GAL,2.25,2.25,2.25,2.25,1000.0
2021-06-01 11:15:00,NSE:GAL,2.25,2.25,2.25,2.25,10.0
2021-06-01 11:21:00,NSE:GAL,2.25,2.25,2.25,2.25,5120.0
2021-06-01 11:24:00,NSE:GAL,2.25,2.25,2.25,2.25,12100.0
2021-06-01 11:30:00,NSE:GAL,2.25,2.25,2.25,2.25,2000.0
2021-06-01 11:33:00,NSE:GAL,2.25,2.25,2.25,2.25,100.0
2021-06-01 11:36:00,NSE:GAL,2.25,2.25,2.25,2.25,1591.0
2021-06-01 11:39:00,NSE:GAL,2.25,2.25,2.25,2.25,7315.0
2021-06-01 11:42:00,NSE:GAL,2.25,2.25,2.25,2.25,1000.0
2021-06-01 11:45:00,NSE:GAL,2.25,2.25,2.25,2.25,110.0
2021-06-01 11:48:00,NSE:GAL,2.25,2.25,2.25,2.25,206.0
2021-06-01 11:51:00,NSE:GAL,2.25,2.25,2.25,2.25,10366.0
2021-06-01 11:54:00,NSE:GAL,2.3,2.3,2.3,2.3,3.0
2021-06-01 12:00:00,NSE:GAL,2.3,2.3,2.25,2.25,11100.0
2021-06-01 12:03:00,NSE:GAL,2.25,2.25,2.25,2.25,12000.0
2021-06-01 12:09:00,NSE:GAL,2.25,2.25,2.25,2.25,389.0
2021-06-01 12:12:00,NSE:GAL,2.3,2.3,2.25,2.25,15679.0
2021-06-01 12:15:00,NSE:GAL,2.25,2.25,2.25,2.25,30.0
2021-06-01 12:18:00,NSE:GAL,2.25,2.25,2.25,2.25,1502.0
2021-06-01 12:21:00,NSE:GAL,2.25,2.25,2.25,2.25,1700.0
2021-06-01 12:36:00,NSE:GAL,2.25,2.25,2.25,2.25,5724.0
2021-06-01 12:42:00,NSE:GAL,2.25,2.25,2.25,2.25,1000.0
2021-06-01 12:45:00,NSE:GAL,2.25,2.25,2.25,2.25,418.0
2021-06-01 12:51:00,NSE:GAL,2.25,2.25,2.25,2.25,4.0
2021-06-01 12:57:00,NSE:GAL,2.25,2.25,2.25,2.25,12933.0
2021-06-01 13:03:00,NSE:GAL,2.25,2.25,2.25,2.25,450.0
2021-06-01 13:09:00,NSE:GAL,2.25,2.25,2.25,2.25,500.0
2021-06-01 13:12:00,NSE:GAL,2.25,2.25,2.25,2.25,500.0
2021-06-01 13:30:00,NSE:GAL,2.25,2.25,2.25,2.25,2540.0
2021-06-01 13:33:00,NSE:GAL,2.25,2.25,2.25,2.25,200.0
2021-06-01 13:36:00,NSE:GAL,2.25,2.25,2.25,2.25,750.0
2021-06-01 13:42:00,NSE:GAL,2.25,2.25,2.25,2.25,500.0
2021-06-01 13:48:00,NSE:GAL,2.25,2.25,2.25,2.25,25.0
2021-06-01 13:54:00,NSE:GAL,2.25,2.25,2.25,2.25,1.0
2021-06-01 13:57:00,NSE:GAL,2.25,2.25,2.25,2.25,1.0
2021-06-01 14:03:00,NSE:GAL,2.25,2.25,2.25,2.25,1000.0
2021-06-01 14:09:00,NSE:GAL,2.25,2.25,2.25,2.25,108.0
2021-06-01 14:21:00,NSE:GAL,2.25,2.25,2.25,2.25,2000.0
2021-06-01 14:36:00,NSE:GAL,2.25,2.25,2.25,2.25,26850.0
2021-06-01 14:39:00,NSE:GAL,2.25,2.25,2.25,2.25,200.0
2021-06-01 14:42:00,NSE:GAL,2.25,2.25,2.25,2.25,1700.0
2021-06-01 14:45:00,NSE:GAL,2.25,2.25,2.25,2.25,1256.0
2021-06-01 14:48:00,NSE:GAL,2.25,2.25,2.25,2.25,200.0
2021-06-01 14:51:00,NSE:GAL,2.25,2.25,2.25,2.25,5150.0
2021-06-01 15:00:00,NSE:GAL,2.25,2.25,2.25,2.25,300.0
2021-06-01 15:06:00,NSE:GAL,2.25,2.25,2.25,2.25,31.0
2021-06-01 15:09:00,NSE:GAL,2.25,2.25,2.25,2.25,358.0
2021-06-01 15:15:00,NSE:GAL,2.25,2.25,2.25,2.25,2.0
2021-06-01 15:18:00,NSE:GAL,2.25,2.25,2.25,2.25,632.0
2021-06-01 15:21:00,NSE:GAL,2.25,2.25,2.25,2.25,11106.0
2021-06-01 15:24:00,NSE:GAL,2.25,2.25,2.25,2.25,2500.0
2021-06-01 15:27:00,NSE:GAL,2.25,2.25,2.25,2.25,5.0
2021-06-01 15:54:00,NSE:GAL,2.25,2.25,2.25,2.25,120.0
2021-06-02 09:06:00,NSE:GAL,2.3,2.3,2.3,2.3,200.0
2021-06-02 09:15:00,NSE:GAL,2.3,2.3,2.15,2.15,27330.0
2021-06-02 09:18:00,NSE:GAL,2.15,2.15,2.15,2.15,471.0
2021-06-02 09:21:00,NSE:GAL,2.2,2.2,2.15,2.15,2419.0
2021-06-02 09:24:00,NSE:GAL,2.2,2.2,2.15,2.15,11001.0
2021-06-02 09:27:00,NSE:GAL,2.15,2.2,2.15,2.2,7133.0
2021-06-02 09:30:00,NSE:GAL,2.2,2.2,2.15,2.15,13001.0
2021-06-02 09:33:00,NSE:GAL,2.15,2.2,2.15,2.2,142.0
2021-06-02 09:36:00,NSE:GAL,2.15,2.25,2.15,2.25,330.0
2021-06-02 09:39:00,NSE:GAL,2.25,2.25,2.25,2.25,500.0
2021-06-02 09:42:00,NSE:GAL,2.25,2.25,2.25,2.25,316.0
2021-06-02 09:45:00,NSE:GAL,2.25,2.3,2.25,2.25,3114.0
2021-06-02 09:48:00,NSE:GAL,2.3,2.35,2.25,2.25,3706.0
2021-06-02 09:51:00,NSE:GAL,2.35,2.35,2.3,2.3,5185.0
2021-06-02 09:54:00,NSE:GAL,2.3,2.3,2.3,2.3,22100.0
2021-06-02 09:57:00,NSE:GAL,2.3,2.3,2.3,2.3,13600.0
2021-06-02 10:00:00,NSE:GAL,2.35,2.35,2.35,2.35,2000.0
2021-06-02 10:09:00,NSE:GAL,2.35,2.35,2.35,2.35,2000.0
2021-06-02 10:12:00,NSE:GAL,2.35,2.35,2.25,2.35,11900.0
2021-06-02 10:18:00,NSE:GAL,2.3,2.3,2.3,2.3,1.0
2021-06-02 10:24:00,NSE:GAL,2.35,2.35,2.35,2.35,300.0
2021-06-02 10:27:00,NSE:GAL,2.35,2.35,2.35,2.35,1047.0
2021-06-02 10:30:00,NSE:GAL,2.35,2.35,2.35,2.35,35343.0
2021-06-02 10:33:00,NSE:GAL,2.35,2.35,2.35,2.35,500.0
2021-06-02 10:36:00,NSE:GAL,2.35,2.35,2.35,2.35,7500.0
2021-06-02 10:39:00,NSE:GAL,2.35,2.35,2.35,2.35,3960.0
2021-06-02 10:42:00,NSE:GAL,2.35,2.35,2.35,2.35,2.0
2021-06-02 11:00:00,NSE:GAL,2.35,2.35,2.35,2.35,12045.0
2021-06-02 11:03:00,NSE:GAL,2.35,2.35,2.35,2.35,800.0
2021-06-02 11:09:00,NSE:GAL,2.35,2.35,2.35,2.35,17080.0
2021-06-02 11:15:00,NSE:GAL,2.3,2.3,2.3,2.3,100.0
2021-06-02 11:18:00,NSE:GAL,2.35,2.35,2.35,2.35,20.0
2021-06-02 11:24:00,NSE:GAL,2.35,2.35,2.35,2.35,2970.0
2021-06-02 11:27:00,NSE:GAL,2.35,2.35,2.35,2.35,2305.0
2021-06-02 11:30:00,NSE:GAL,2.35,2.35,2.35,2.35,1000.0
2021-06-02 11:33:00,NSE:GAL,2.35,2.35,2.35,2.35,350.0
2021-06-02 11:36:00,NSE:GAL,2.35,2.35,2.35,2.35,496.0
2021-06-02 11:39:00,NSE:GAL,2.35,2.35,2.35,2.35,975.0
2021-06-02 11:42:00,NSE:GAL,2.35,2.35,2.35,2.35,4.0
2021-06-02 11:48:00,NSE:GAL,2.35,2.35,2.35,2.35,748.0
2021-06-02 11:54:00,NSE:GAL,2.35,2.35,2.35,2.35,7085.0
2021-06-02 11:57:00,NSE:GAL,2.2,2.2,2.2,2.2,95775.0
2021-06-02 12:00:00,NSE:GAL,2.2,2.35,2.2,2.35,4229.0
2021-06-02 12:03:00,NSE:GAL,2.2,2.2,2.2,2.2,32300.0
2021-06-02 12:06:00,NSE:GAL,2.2,2.2,2.15,2.15,153321.0
2021-06-02 12:09:00,NSE:GAL,2.15,2.15,2.15,2.15,39190.0
2021-06-02 12:12:00,NSE:GAL,2.15,2.15,2.15,2.15,10903.0
2021-06-02 12:15:00,NSE:GAL,2.15,2.2,2.15,2.2,126.0
2021-06-02 12:18:00,NSE:GAL,2.2,2.2,2.2,2.2,241.0
2021-06-02 12:21:00,NSE:GAL,2.2,2.2,2.2,2.2,850.0
2021-06-02 12:24:00,NSE:GAL,2.15,2.2,2.15,2.15,19927.0
2021-06-02 12:27:00,NSE:GAL,2.15,2.15,2.15,2.15,4473.0
2021-06-02 12:30:00,NSE:GAL,2.2,2.2,2.15,2.15,8911.0
2021-06-02 12:33:00,NSE:GAL,2.2,2.2,2.2,2.2,5050.0
2021-06-02 12:36:00,NSE:GAL,2.15,2.2,2.15,2.15,11356.0
2021-06-02 12:39:00,NSE:GAL,2.15,2.2,2.15,2.2,34760.0
2021-06-02 12:42:00,NSE:GAL,2.2,2.2,2.15,2.15,52086.0
2021-06-02 12:45:00,NSE:GAL,2.15,2.15,2.15,2.15,2392.0
2021-06-02 12:48:00,NSE:GAL,2.15,2.15,2.15,2.15,1573.0
2021-06-02 12:51:00,NSE:GAL,2.15,2.15,2.15,2.15,15531.0
2021-06-02 12:54:00,NSE:GAL,2.15,2.15,2.15,2.15,4299.0
2021-06-02 12:57:00,NSE:GAL,2.15,2.15,2.15,2.15,16102.0
2021-06-02 13:00:00,NSE:GAL,2.15,2.2,2.15,2.2,3504.0
2021-06-02 13:03:00,NSE:GAL,2.2,2.2,2.2,2.2,112.0
2021-06-02 13:09:00,NSE:GAL,2.2,2.2,2.2,2.2,100.0
2021-06-02 13:12:00,NSE:GAL,2.2,2.2,2.15,2.2,6119.0
2021-06-02 13:15:00,NSE:GAL,2.2,2.2,2.2,2.2,100.0
2021-06-02 13:18:00,NSE:GAL,2.2,2.2,2.2,2.2,20000.0
2021-06-02 13:21:00,NSE:GAL,2.2,2.2,2.2,2.2,200.0
2021-06-02 13:24:00,NSE:GAL,2.2,2.2,2.2,2.2,1435.0
2021-06-02 13:30:00,NSE:GAL,2.2,2.2,2.2,2.2,2.0
2021-06-02 13:33:00,NSE:GAL,2.2,2.2,2.2,2.2,100.0
2021-06-02 13:39:00,NSE:GAL,2.2,2.2,2.2,2.2,15201.0
2021-06-02 13:42:00,NSE:GAL,2.15,2.25,2.15,2.2,2331.0
2021-06-02 13:45:00,NSE:GAL,2.25,2.25,2.2,2.2,5250.0
2021-06-02 13:48:00,NSE:GAL,2.3,2.3,2.3,2.3,26.0
2021-06-02 13:54:00,NSE:GAL,2.3,2.3,2.3,2.3,25000.0
2021-06-02 13:57:00,NSE:GAL,2.3,2.3,2.3,2.3,4367.0
2021-06-02 14:00:00,NSE:GAL,2.3,2.35,2.3,2.35,12511.0
2021-06-02 14:03:00,NSE:GAL,2.35,2.35,2.35,2.35,500.0
2021-06-02 14:06:00,NSE:GAL,2.35,2.35,2.15,2.15,155584.0
2021-06-02 14:09:00,NSE:GAL,2.15,2.15,2.15,2.15,19898.0
2021-06-02 14:12:00,NSE:GAL,2.15,2.15,2.15,2.15,786.0
2021-06-02 14:15:00,NSE:GAL,2.15,2.3,2.15,2.3,23812.0
2021-06-02 14:21:00,NSE:GAL,2.15,2.15,2.15,2.15,31276.0
2021-06-02 14:24:00,NSE:GAL,2.15,2.15,2.15,2.15,21050.0
2021-06-02 14:27:00,NSE:GAL,2.15,2.15,2.15,2.15,10007.0
2021-06-02 14:30:00,NSE:GAL,2.15,2.15,2.15,2.15,1819.0
2021-06-02 14:33:00,NSE:GAL,2.15,2.15,2.15,2.15,40755.0
2021-06-02 14:36:00,NSE:GAL,2.15,2.15,2.15,2.15,16530.0
2021-06-02 14:39:00,NSE:GAL,2.15,2.15,2.15,2.15,8010.0
2021-06-02 14:42:00,NSE:GAL,2.15,2.15,2.15,2.15,2160.0
2021-06-02 14:45:00,NSE:GAL,2.15,2.15,2.15,2.15,2101.0
2021-06-02 14:48:00,NSE:GAL,2.15,2.15,2.15,2.15,40.0
2021-06-02 14:51:00,NSE:GAL,2.15,2.15,2.15,2.15,301.0
2021-06-02 14:54:00,NSE:GAL,2.15,2.15,2.15,2.15,10288.0
2021-06-02 14:57:00,NSE:GAL,2.15,2.15,2.15,2.15,3112.0
2021-06-02 15:00:00,NSE:GAL,2.15,2.15,2.15,2.15,546.0
2021-06-02 15:03:00,NSE:GAL,2.15,2.15,2.15,2.15,700.0
2021-06-02 15:06:00,NSE:GAL,2.15,2.15,2.15,2.15,7847.0
2021-06-02 15:09:00,NSE:GAL,2.15,2.15,2.15,2.15,1271.0
2021-06-02 15:12:00,NSE:GAL,2.15,2.15,2.15,2.15,2500.0
2021-06-02 15:15:00,NSE:GAL,2.15,2.15,2.15,2.15,9676.0
2021-06-02 15:18:00,NSE:GAL,2.15,2.15,2.15,2.15,3730.0
2021-06-02 15:21:00,NSE:GAL,2.15,2.15,2.15,2.15,851.0
2021-06-02 15:24:00,NSE:GAL,2.15,2.15,2.15,2.15,10355.0
2021-06-02 15:27:00,NSE:GAL,2.15,2.25,2.15,2.25,2030.0
2021-06-03 09:15:00,NSE:GAL,2.25,2.25,2.15,2.2,12700.0
2021-06-03 09:18:00,NSE:GAL,2.2,2.2,2.2,2.2,2502.0
2021-06-03 09:21:00,NSE:GAL,2.2,2.2,2.2,2.2,1890.0
2021-06-03 09:24:00,NSE:GAL,2.2,2.2,2.2,2.2,17720.0
2021-06-03 09:27:00,NSE:GAL,2.2,2.2,2.2,2.2,150.0
2021-06-03 09:30:00,NSE:GAL,2.2,2.2,2.2,2.2,1152.0
2021-06-03 09:33:00,NSE:GAL,2.15,2.15,2.15,2.15,31.0
2021-06-03 09:36:00,NSE:GAL,2.2,2.2,2.2,2.2,440.0
2021-06-03 09:39:00,NSE:GAL,2.2,2.2,2.2,2.2,2572.0
2021-06-03 09:42:00,NSE:GAL,2.2,2.2,2.2,2.2,7770.0
2021-06-03 09:45:00,NSE:GAL,2.2,2.2,2.2,2.2,1000.0
2021-06-03 09:48:00,NSE:GAL,2.2,2.25,2.2,2.25,17838.0
2021-06-03 09:51:00,NSE:GAL,2.2,2.2,2.05,2.05,509143.0
2021-06-03 09:54:00,NSE:GAL,2.15,2.15,2.15,2.15,2050.0
2021-06-03 09:57:00,NSE:GAL,2.15,2.15,2.15,2.15,400.0
2021-06-03 10:00:00,NSE:GAL,2.05,2.05,2.05,2.05,48504.0
2021-06-03 10:03:00,NSE:GAL,2.05,2.05,2.05,2.05,146453.0
2021-06-03 10:06:00,NSE:GAL,2.05,2.15,2.05,2.15,17474.0
2021-06-03 10:09:00,NSE:GAL,2.15,2.15,2.05,2.15,4070.0
2021-06-03 10:12:00,NSE:GAL,2.05,2.05,2.05,2.05,69055.0
2021-06-03 10:15:00,NSE:GAL,2.05,2.05,2.05,2.05,17838.0
2021-06-03 10:18:00,NSE:GAL,2.05,2.05,2.05,2.05,3013.0
2021-06-03 10:21:00,NSE:GAL,2.05,2.05,2.05,2.05,36356.0
2021-06-03 10:24:00,NSE:GAL,2.05,2.15,2.05,2.15,24205.0
2021-06-03 10:27:00,NSE:GAL,2.15,2.15,2.1,2.1,30000.0
2021-06-03 10:30:00,NSE:GAL,2.1,2.1,2.1,2.1,4000.0
2021-06-03 10:33:00,NSE:GAL,2.05,2.05,2.05,2.05,2000.0
2021-06-03 10:36:00,NSE:GAL,2.05,2.1,2.05,2.1,100210.0
2021-06-03 10:39:00,NSE:GAL,2.1,2.1,2.05,2.1,1900.0
2021-06-03 10:42:00,NSE:GAL,2.1,2.1,2.1,2.1,500.0
2021-06-03 10:45:00,NSE:GAL,2.05,2.05,2.05,2.05,1000.0
2021-06-03 10:48:00,NSE:GAL,2.05,2.05,2.05,2.05,64066.0
2021-06-03 10:51:00,NSE:GAL,2.05,2.05,2.05,2.05,1532.0
2021-06-03 10:54:00,NSE:GAL,2.05,2.05,2.05,2.05,1054.0
2021-06-03 10:57:00,NSE:GAL,2.05,2.05,2.05,2.05,5485.0
2021-06-03 11:00:00,NSE:GAL,2.05,2.05,2.05,2.05,10070.0
2021-06-03 11:03:00,NSE:GAL,2.05,2.05,2.05,2.05,12731.0
2021-06-03 11:06:00,NSE:GAL,2.05,2.05,2.05,2.05,4304.0
2021-06-03 11:09:00,NSE:GAL,2.05,2.05,2.05,2.05,21350.0
2021-06-03 11:12:00,NSE:GAL,2.05,2.05,2.05,2.05,8800.0
2021-06-03 11:15:00,NSE:GAL,2.05,2.05,2.05,2.05,983.0
2021-06-03 11:21:00,NSE:GAL,2.05,2.05,2.05,2.05,300.0
2021-06-03 11:24:00,NSE:GAL,2.05,2.05,2.05,2.05,1799.0
2021-06-03 11:27:00,NSE:GAL,2.05,2.05,2.05,2.05,49024.0
2021-06-03 11:30:00,NSE:GAL,2.05,2.05,2.05,2.05,54075.0
2021-06-03 11:33:00,NSE:GAL,2.05,2.05,2.05,2.05,15297.0
2021-06-03 11:36:00,NSE:GAL,2.1,2.1,2.1,2.1,1000.0
2021-06-03 11:39:00,NSE:GAL,2.1,2.1,2.1,2.1,100.0
2021-06-03 11:42:00,NSE:GAL,2.1,2.1,2.1,2.1,1050.0
2021-06-03 11:45:00,NSE:GAL,2.1,2.1,2.1,2.1,1075.0
2021-06-03 11:48:00,NSE:GAL,2.1,2.1,2.05,2.1,747.0
2021-06-03 11:51:00,NSE:GAL,2.1,2.1,2.1,2.1,606.0
2021-06-03 11:54:00,NSE:GAL,2.1,2.1,2.05,2.1,1071.0
2021-06-03 11:57:00,NSE:GAL,2.1,2.1,2.05,2.1,18435.0
2021-06-03 12:00:00,NSE:GAL,2.1,2.1,2.1,2.1,100.0
2021-06-03 12:03:00,NSE:GAL,2.1,2.1,2.1,2.1,1310.0
2021-06-03 12:06:00,NSE:GAL,2.1,2.1,2.1,2.1,10310.0
2021-06-03 12:09:00,NSE:GAL,2.1,2.1,2.1,2.1,2.0
2021-06-03 12:12:00,NSE:GAL,2.1,2.1,2.1,2.1,509.0
2021-06-03 12:15:00,NSE:GAL,2.1,2.1,2.1,2.1,1006.0
2021-06-03 12:18:00,NSE:GAL,2.1,2.1,2.1,2.1,50.0
2021-06-03 12:21:00,NSE:GAL,2.1,2.1,2.1,2.1,250.0
2021-06-03 12:24:00,NSE:GAL,2.1,2.1,2.1,2.1,60.0
2021-06-03 12:33:00,NSE:GAL,2.1,2.1,2.1,2.1,836.0
2021-06-03 12:36:00,NSE:GAL,2.1,2.1,2.1,2.1,100.0
2021-06-03 12:39:00,NSE:GAL,2.05,2.1,2.05,2.1,2073.0
2021-06-03 12:42:00,NSE:GAL,2.05,2.1,2.05,2.1,5105.0
2021-06-03 12:45:00,NSE:GAL,2.1,2.1,2.1,2.1,600.0
2021-06-03 12:48:00,NSE:GAL,2.1,2.1,2.1,2.1,25.0
2021-06-03 12:51:00,NSE:GAL,2.1,2.1,2.1,2.1,16589.0
2021-06-03 12:54:00,NSE:GAL,2.1,2.1,2.1,2.1,100.0
2021-06-03 12:57:00,NSE:GAL,2.05,2.15,2.05,2.15,277146.0
2021-06-03 13:03:00,NSE:GAL,2.15,2.15,2.05,2.15,41300.0
2021-06-03 13:09:00,NSE:GAL,2.15,2.15,2.05,2.05,22000.0
2021-06-03 13:12:00,NSE:GAL,2.15,2.15,2.15,2.15,188.0
2021-06-03 13:15:00,NSE:GAL,2.15,2.15,2.15,2.15,110.0
2021-06-03 13:18:00,NSE:GAL,2.15,2.15,2.15,2.15,132.0
2021-06-03 13:24:00,NSE:GAL,2.15,2.15,2.15,2.15,500.0
2021-06-03 13:27:00,NSE:GAL,2.1,2.1,2.1,2.1,150.0
2021-06-03 13:30:00,NSE:GAL,2.1,2.15,2.1,2.15,113.0
2021-06-03 13:33:00,NSE:GAL,2.15,2.15,2.15,2.15,609.0
2021-06-03 13:36:00,NSE:GAL,2.15,2.15,2.15,2.15,5515.0
2021-06-03 13:39:00,NSE:GAL,2.15,2.15,2.15,2.15,564.0
2021-06-03 13:45:00,NSE:GAL,2.15,2.15,2.15,2.15,5050.0
2021-06-03 13:51:00,NSE:GAL,2.15,2.15,2.15,2.15,5910.0
2021-06-03 13:54:00,NSE:GAL,2.15,2.15,2.15,2.15,1761.0
2021-06-03 13:57:00,NSE:GAL,2.15,2.15,2.15,2.15,31.0
2021-06-03 14:00:00,NSE:GAL,2.15,2.15,2.15,2.15,1809.0
2021-06-03 14:15:00,NSE:GAL,2.15,2.15,2.15,2.15,9.0
2021-06-03 14:18:00,NSE:GAL,2.15,2.15,2.15,2.15,10.0
2021-06-03 14:21:00,NSE:GAL,2.15,2.15,2.1,2.1,1001.0
2021-06-03 14:27:00,NSE:GAL,2.15,2.15,2.15,2.15,10.0
2021-06-03 14:30:00,NSE:GAL,2.15,2.15,2.15,2.15,670.0
2021-06-03 14:33:00,NSE:GAL,2.15,2.15,2.15,2.15,415.0
2021-06-03 14:42:00,NSE:GAL,2.15,2.15,2.15,2.15,2965.0
2021-06-03 14:45:00,NSE:GAL,2.15,2.15,2.15,2.15,40005.0
2021-06-03 14:51:00,NSE:GAL,2.15,2.15,2.1,2.15,330.0
2021-06-03 14:54:00,NSE:GAL,2.15,2.15,2.15,2.15,753.0
2021-06-03 15:00:00,NSE:GAL,2.15,2.15,2.15,2.15,1446.0
2021-06-03 15:03:00,NSE:GAL,2.15,2.15,2.15,2.15,100.0
2021-06-03 15:09:00,NSE:GAL,2.15,2.15,2.15,2.15,5400.0
2021-06-03 15:12:00,NSE:GAL,2.15,2.15,2.15,2.15,350.0
2021-06-03 15:18:00,NSE:GAL,2.15,2.15,2.15,2.15,7000.0
2021-06-03 15:21:00,NSE:GAL,2.15,2.15,2.1,2.1,12358.0
2021-06-03 15:24:00,NSE:GAL,2.1,2.15,2.1,2.15,2270.0
2021-06-03 15:27:00,NSE:GAL,2.15,2.15,2.15,2.15,7513.0
2021-06-04 09:06:00,NSE:GAL,2.15,2.15,2.15,2.15,610.0
2021-06-04 09:15:00,NSE:GAL,2.15,2.2,2.15,2.2,2265.0
2021-06-04 09:18:00,NSE:GAL,2.2,2.2,2.2,2.2,467.0
2021-06-04 09:21:00,NSE:GAL,2.2,2.2,2.15,2.2,6674.0
2021-06-04 09:24:00,NSE:GAL,2.2,2.2,2.2,2.2,10773.0
2021-06-04 09:30:00,NSE:GAL,2.2,2.2,2.2,2.2,4545.0
2021-06-04 09:33:00,NSE:GAL,2.2,2.2,2.2,2.2,5497.0
2021-06-04 09:36:00,NSE:GAL,2.15,2.2,2.15,2.2,1100.0
2021-06-04 09:39:00,NSE:GAL,2.15,2.15,2.15,2.15,1052.0
2021-06-04 09:42:00,NSE:GAL,2.15,2.15,2.15,2.15,2948.0
2021-06-04 09:45:00,NSE:GAL,2.15,2.15,2.15,2.15,8473.0
2021-06-04 09:48:00,NSE:GAL,2.2,2.2,2.2,2.2,114.0
2021-06-04 09:51:00,NSE:GAL,2.2,2.2,2.2,2.2,367.0
2021-06-04 09:54:00,NSE:GAL,2.2,2.2,2.2,2.2,210.0
2021-06-04 09:57:00,NSE:GAL,2.2,2.2,2.2,2.2,25000.0
2021-06-04 10:00:00,NSE:GAL,2.2,2.2,2.15,2.2,1745.0
2021-06-04 10:03:00,NSE:GAL,2.2,2.2,2.2,2.2,12727.0
2021-06-04 10:06:00,NSE:GAL,2.2,2.2,2.2,2.2,55.0
2021-06-04 10:09:00,NSE:GAL,2.2,2.2,2.2,2.2,405.0
2021-06-04 10:15:00,NSE:GAL,2.2,2.2,2.2,2.2,56.0
2021-06-04 10:18:00,NSE:GAL,2.15,2.15,2.15,2.15,1.0
2021-06-04 10:21:00,NSE:GAL,2.15,2.15,2.15,2.15,320.0
2021-06-04 10:24:00,NSE:GAL,2.2,2.2,2.2,2.2,100.0
2021-06-04 10:27:00,NSE:GAL,2.2,2.2,2.2,2.2,1014.0
2021-06-04 10:30:00,NSE:GAL,2.2,2.2,2.2,2.2,6301.0
2021-06-04 10:39:00,NSE:GAL,2.2,2.2,2.2,2.2,1000.0
2021-06-04 10:42:00,NSE:GAL,2.2,2.2,2.2,2.2,150.0
2021-06-04 10:45:00,NSE:GAL,2.2,2.2,2.2,2.2,290.0
2021-06-04 10:48:00,NSE:GAL,2.2,2.2,2.2,2.2,2.0
2021-06-04 10:54:00,NSE:GAL,2.2,2.2,2.2,2.2,25.0
2021-06-04 10:57:00,NSE:GAL,2.2,2.2,2.2,2.2,132.0
2021-06-04 11:00:00,NSE:GAL,2.2,2.2,2.2,2.2,9002.0
2021-06-04 11:06:00,NSE:GAL,2.2,2.2,2.2,2.2,2260.0
2021-06-04 11:15:00,NSE:GAL,2.15,2.2,2.15,2.2,5099.0
2021-06-04 11:18:00,NSE:GAL,2.2,2.2,2.2,2.2,505.0
2021-06-04 11:21:00,NSE:GAL,2.15,2.2,2.05,2.05,249775.0
2021-06-04 11:24:00,NSE:GAL,2.2,2.2,2.1,2.1,12706.0
2021-06-04 11:27:00,NSE:GAL,2.1,2.1,2.1,2.1,7834.0
2021-06-04 11:30:00,NSE:GAL,2.05,2.15,2.05,2.05,450165.0
2021-06-04 11:33:00,NSE:GAL,2.15,2.15,2.05,2.05,102972.0
2021-06-04 11:36:00,NSE:GAL,2.05,2.05,2.05,2.05,24806.0
2021-06-04 11:39:00,NSE:GAL,2.15,2.15,2.05,2.05,9784.0
2021-06-04 11:42:00,NSE:GAL,2.05,2.05,2.05,2.05,8631.0
2021-06-04 11:45:00,NSE:GAL,2.05,2.05,2.05,2.05,32085.0
2021-06-04 11:48:00,NSE:GAL,2.15,2.15,2.15,2.15,500.0
2021-06-04 11:51:00,NSE:GAL,2.15,2.15,2.15,2.15,2000.0
2021-06-04 11:54:00,NSE:GAL,2.15,2.15,2.15,2.15,550.0
2021-06-04 11:57:00,NSE:GAL,2.15,2.15,2.15,2.15,15500.0
2021-06-04 12:00:00,NSE:GAL,2.15,2.15,2.15,2.15,2520.0
2021-06-04 12:06:00,NSE:GAL,2.1,2.15,2.1,2.15,14.0
2021-06-04 12:12:00,NSE:GAL,2.1,2.1,2.1,2.1,10.0
2021-06-04 12:15:00,NSE:GAL,2.1,2.15,2.1,2.1,7535.0
2021-06-04 12:18:00,NSE:GAL,2.15,2.15,2.15,2.15,260.0
2021-06-04 12:21:00,NSE:GAL,2.15,2.15,2.15,2.15,6411.0
2021-06-04 12:24:00,NSE:GAL,2.15,2.15,2.15,2.15,505.0
2021-06-04 12:27:00,NSE:GAL,2.15,2.15,2.15,2.15,1200.0
2021-06-04 12:33:00,NSE:GAL,2.1,2.1,2.1,2.1,2.0
2021-06-04 12:36:00,NSE:GAL,2.15,2.15,2.15,2.15,6100.0
2021-06-04 12:39:00,NSE:GAL,2.15,2.15,2.15,2.15,3200.0
2021-06-04 12:42:00,NSE:GAL,2.15,2.15,2.15,2.15,800.0
2021-06-04 12:51:00,NSE:GAL,2.15,2.15,2.15,2.15,100.0
2021-06-04 12:54:00,NSE:GAL,2.15,2.15,2.15,2.15,1046.0
2021-06-04 13:00:00,NSE:GAL,2.15,2.15,2.15,2.15,600.0
2021-06-04 13:03:00,NSE:GAL,2.15,2.15,2.15,2.15,312.0
2021-06-04 13:06:00,NSE:GAL,2.15,2.15,2.15,2.15,200.0
2021-06-04 13:09:00,NSE:GAL,2.15,2.15,2.15,2.15,266.0
2021-06-04 13:18:00,NSE:GAL,2.15,2.15,2.15,2.15,1520.0
2021-06-04 13:21:00,NSE:GAL,2.15,2.15,2.15,2.15,1081.0
2021-06-04 13:27:00,NSE:GAL,2.15,2.15,2.15,2.15,3.0
2021-06-04 13:30:00,NSE:GAL,2.15,2.15,2.15,2.15,20.0
2021-06-04 13:36:00,NSE:GAL,2.15,2.15,2.15,2.15,50.0
2021-06-04 13:39:00,NSE:GAL,2.1,2.1,2.1,2.1,2.0
2021-06-04 13:42:00,NSE:GAL,2.15,2.15,2.15,2.15,93.0
2021-06-04 13:48:00,NSE:GAL,2.15,2.15,2.15,2.15,470.0
2021-06-04 13:51:00,NSE:GAL,2.15,2.15,2.15,2.15,200.0
2021-06-04 13:54:00,NSE:GAL,2.15,2.15,2.15,2.15,6.0
2021-06-04 13:57:00,NSE:GAL,2.15,2.15,2.15,2.15,1000.0
2021-06-04 14:00:00,NSE:GAL,2.15,2.15,2.15,2.15,3470.0
2021-06-04 14:03:00,NSE:GAL,2.15,2.15,2.15,2.15,5.0
2021-06-04 14:06:00,NSE:GAL,2.15,2.15,2.15,2.15,150.0
2021-06-04 14:09:00,NSE:GAL,2.1,2.1,2.1,2.1,100.0
2021-06-04 14:12:00,NSE:GAL,2.15,2.15,2.15,2.15,55.0
2021-06-04 14:15:00,NSE:GAL,2.15,2.15,2.15,2.15,1.0
2021-06-04 14:18:00,NSE:GAL,2.15,2.15,2.15,2.15,135.0
2021-06-04 14:21:00,NSE:GAL,2.15,2.15,2.15,2.15,5600.0
2021-06-04 14:24:00,NSE:GAL,2.15,2.15,2.15,2.15,1000.0
2021-06-04 14:27:00,NSE:GAL,2.15,2.15,2.15,2.15,50.0
2021-06-04 14:30:00,NSE:GAL,2.15,2.15,2.15,2.15,1000.0
2021-06-04 14:36:00,NSE:GAL,2.15,2.15,2.15,2.15,380.0
2021-06-04 14:39:00,NSE:GAL,2.15,2.15,2.15,2.15,500.0
2021-06-04 14:42:00,NSE:GAL,2.15,2.15,2.15,2.15,4000.0
2021-06-04 14:48:00,NSE:GAL,2.15,2.15,2.15,2.15,465.0
2021-06-04 14:51:00,NSE:GAL,2.15,2.15,2.15,2.15,2.0
2021-06-04 14:54:00,NSE:GAL,2.15,2.15,2.15,2.15,5000.0
2021-06-04 15:00:00,NSE:GAL,2.15,2.15,2.15,2.15,46.0
2021-06-04 15:03:00,NSE:GAL,2.15,2.15,2.15,2.15,54900.0
2021-06-04 15:06:00,NSE:GAL,2.15,2.15,2.15,2.15,100.0
2021-06-04 15:09:00,NSE:GAL,2.15,2.15,2.1,2.1,3250.0
2021-06-04 15:15:00,NSE:GAL,2.15,2.15,2.15,2.15,93.0
2021-06-04 15:18:00,NSE:GAL,2.15,2.15,2.15,2.15,10170.0
2021-06-04 15:21:00,NSE:GAL,2.15,2.15,2.15,2.15,1500.0
2021-06-04 15:24:00,NSE:GAL,2.15,2.15,2.15,2.15,4266.0
2021-06-04 15:27:00,NSE:GAL,2.15,2.15,2.15,2.15,3663.0
2021-06-07 09:06:00,NSE:GAL,2.2,2.2,2.2,2.2,1796.0
2021-06-07 09:15:00,NSE:GAL,2.2,2.2,2.2,2.2,1273.0
2021-06-07 09:18:00,NSE:GAL,2.1,2.2,2.1,2.15,10909.0
2021-06-07 09:21:00,NSE:GAL,2.15,2.15,2.15,2.15,2338.0
2021-06-07 09:24:00,NSE:GAL,2.2,2.2,2.2,2.2,6003.0
2021-06-07 09:27:00,NSE:GAL,2.2,2.2,2.2,2.2,1000.0
2021-06-07 09:30:00,NSE:GAL,2.2,2.2,2.2,2.2,6901.0
2021-06-07 09:36:00,NSE:GAL,2.2,2.2,2.2,2.2,2550.0
2021-06-07 09:39:00,NSE:GAL,2.2,2.2,2.2,2.2,5010.0
2021-06-07 09:42:00,NSE:GAL,2.2,2.2,2.2,2.2,3395.0
2021-06-07 09:45:00,NSE:GAL,2.2,2.2,2.2,2.2,950.0
2021-06-07 09:48:00,NSE:GAL,2.2,2.2,2.2,2.2,1750.0
2021-06-07 09:51:00,NSE:GAL,2.2,2.2,2.15,2.2,11005.0
2021-06-07 09:54:00,NSE:GAL,2.2,2.2,2.2,2.2,2479.0
2021-06-07 09:57:00,NSE:GAL,2.15,2.15,2.15,2.15,11600.0
2021-06-07 10:00:00,NSE:GAL,2.15,2.2,2.15,2.2,8.0
2021-06-07 10:03:00,NSE:GAL,2.15,2.2,2.15,2.2,29398.0
2021-06-07 10:06:00,NSE:GAL,2.2,2.25,2.2,2.25,1285.0
2021-06-07 10:09:00,NSE:GAL,2.25,2.25,2.2,2.2,32120.0
2021-06-07 10:12:00,NSE:GAL,2.2,2.25,2.2,2.25,14776.0
2021-06-07 10:15:00,NSE:GAL,2.25,2.25,2.25,2.25,20965.0
2021-06-07 10:18:00,NSE:GAL,2.25,2.25,2.25,2.25,1000.0
2021-06-07 10:21:00,NSE:GAL,2.25,2.25,2.25,2.25,5722.0
2021-06-07 10:24:00,NSE:GAL,2.25,2.25,2.25,2.25,2600.0
2021-06-07 10:27:00,NSE:GAL,2.25,2.25,2.25,2.25,906.0
2021-06-07 10:30:00,NSE:GAL,2.25,2.25,2.25,2.25,219.0
2021-06-07 10:36:00,NSE:GAL,2.25,2.25,2.2,2.25,3020.0
2021-06-07 10:39:00,NSE:GAL,2.2,2.25,2.2,2.25,251.0
2021-06-07 10:42:00,NSE:GAL,2.25,2.25,2.25,2.25,314.0
2021-06-07 10:45:00,NSE:GAL,2.25,2.25,2.25,2.25,2303.0
2021-06-07 10:48:00,NSE:GAL,2.25,2.25,2.2,2.25,1762.0
2021-06-07 10:51:00,NSE:GAL,2.25,2.25,2.25,2.25,2330.0
2021-06-07 10:57:00,NSE:GAL,2.25,2.25,2.25,2.25,3001.0
2021-06-07 11:00:00,NSE:GAL,2.25,2.25,2.25,2.25,562.0
2021-06-07 11:03:00,NSE:GAL,2.25,2.25,2.25,2.25,2.0
2021-06-07 11:06:00,NSE:GAL,2.25,2.25,2.2,2.2,15.0
2021-06-07 11:09:00,NSE:GAL,2.25,2.25,2.25,2.25,75.0
2021-06-07 11:12:00,NSE:GAL,2.25,2.25,2.25,2.25,7972.0
2021-06-07 11:15:00,NSE:GAL,2.25,2.25,2.25,2.25,7000.0
2021-06-07 11:18:00,NSE:GAL,2.25,2.25,2.25,2.25,19460.0
2021-06-07 11:21:00,NSE:GAL,2.25,2.25,2.25,2.25,4435.0
2021-06-07 11:24:00,NSE:GAL,2.25,2.25,2.25,2.25,25.0
2021-06-07 11:27:00,NSE:GAL,2.25,2.25,2.25,2.25,300.0
2021-06-07 11:33:00,NSE:GAL,2.25,2.25,2.25,2.25,123.0
2021-06-07 11:45:00,NSE:GAL,2.25,2.25,2.25,2.25,5000.0
2021-06-07 11:51:00,NSE:GAL,2.25,2.25,2.25,2.25,5095.0
2021-06-07 11:57:00,NSE:GAL,2.25,2.25,2.25,2.25,1505.0
2021-06-07 12:00:00,NSE:GAL,2.25,2.25,2.25,2.25,1.0
2021-06-07 12:06:00,NSE:GAL,2.25,2.25,2.25,2.25,33.0
2021-06-07 12:15:00,NSE:GAL,2.25,2.25,2.25,2.25,1793.0
2021-06-07 12:18:00,NSE:GAL,2.25,2.25,2.25,2.25,500.0
2021-06-07 13:00:00,NSE:GAL,2.25,2.25,2.25,2.25,101.0
2021-06-07 13:06:00,NSE:GAL,2.25,2.25,2.25,2.25,100.0
2021-06-07 13:18:00,NSE:GAL,2.25,2.25,2.25,2.25,2000.0
2021-06-07 13:24:00,NSE:GAL,2.25,2.25,2.25,2.25,93.0
2021-06-07 13:36:00,NSE:GAL,2.25,2.25,2.25,2.25,101.0
2021-06-07 13:51:00,NSE:GAL,2.25,2.25,2.25,2.25,1500.0
2021-06-07 13:57:00,NSE:GAL,2.25,2.25,2.25,2.25,169.0
2021-06-07 14:03:00,NSE:GAL,2.25,2.25,2.25,2.25,250.0
2021-06-07 14:18:00,NSE:GAL,2.25,2.25,2.25,2.25,2000.0
2021-06-07 14:30:00,NSE:GAL,2.25,2.25,2.25,2.25,5121.0
2021-06-07 14:33:00,NSE:GAL,2.25,2.25,2.25,2.25,130.0
2021-06-07 15:06:00,NSE:GAL,2.25,2.25,2.25,2.25,100.0
2021-06-07 15:27:00,NSE:GAL,2.25,2.25,2.25,2.25,50.0
2021-06-07 15:54:00,NSE:GAL,2.25,2.25,2.25,2.25,10.0
2021-06-08 09:06:00,NSE:GAL,2.35,2.35,2.35,2.35,1467.0
2021-06-08 09:15:00,NSE:GAL,2.35,2.35,2.35,2.35,18301.0
2021-06-08 09:21:00,NSE:GAL,2.35,2.35,2.35,2.35,16206.0
2021-06-08 09:24:00,NSE:GAL,2.35,2.35,2.35,2.35,5.0
2021-06-08 09:27:00,NSE:GAL,2.35,2.35,2.35,2.35,822.0
2021-06-08 09:30:00,NSE:GAL,2.35,2.35,2.35,2.35,268.0
2021-06-08 09:33:00,NSE:GAL,2.35,2.35,2.35,2.35,6000.0
2021-06-08 09:36:00,NSE:GAL,2.35,2.35,2.35,2.35,7194.0
2021-06-08 09:42:00,NSE:GAL,2.35,2.35,2.35,2.35,33.0
2021-06-08 09:45:00,NSE:GAL,2.35,2.35,2.35,2.35,2400.0
2021-06-08 09:48:00,NSE:GAL,2.35,2.35,2.35,2.35,10000.0
2021-06-08 09:51:00,NSE:GAL,2.35,2.35,2.35,2.35,2210.0
2021-06-08 09:54:00,NSE:GAL,2.35,2.35,2.35,2.35,40.0
2021-06-08 09:57:00,NSE:GAL,2.35,2.35,2.35,2.35,7001.0
2021-06-08 10:00:00,NSE:GAL,2.35,2.35,2.35,2.35,2230.0
2021-06-08 10:03:00,NSE:GAL,2.35,2.35,2.35,2.35,6634.0
2021-06-08 10:06:00,NSE:GAL,2.35,2.35,2.35,2.35,110.0
2021-06-08 10:09:00,NSE:GAL,2.35,2.35,2.35,2.35,1118.0
2021-06-08 10:12:00,NSE:GAL,2.35,2.35,2.35,2.35,700.0
2021-06-08 10:21:00,NSE:GAL,2.35,2.35,2.35,2.35,100.0
2021-06-08 10:24:00,NSE:GAL,2.35,2.35,2.35,2.35,3.0
2021-06-08 10:33:00,NSE:GAL,2.35,2.35,2.35,2.35,72.0
2021-06-08 10:42:00,NSE:GAL,2.35,2.35,2.35,2.35,5300.0
2021-06-08 10:45:00,NSE:GAL,2.35,2.35,2.35,2.35,1500.0
2021-06-08 10:51:00,NSE:GAL,2.35,2.35,2.35,2.35,7921.0
2021-06-08 11:12:00,NSE:GAL,2.35,2.35,2.35,2.35,2660.0
2021-06-08 11:54:00,NSE:GAL,2.35,2.35,2.35,2.35,100.0
2021-06-08 12:06:00,NSE:GAL,2.35,2.35,2.35,2.35,1001.0
2021-06-08 12:30:00,NSE:GAL,2.35,2.35,2.35,2.35,1000.0
2021-06-08 12:33:00,NSE:GAL,2.35,2.35,2.35,2.35,10333.0
2021-06-08 12:45:00,NSE:GAL,2.35,2.35,2.35,2.35,1.0
2021-06-08 13:12:00,NSE:GAL,2.35,2.35,2.35,2.35,300.0
2021-06-08 14:00:00,NSE:GAL,2.35,2.35,2.35,2.35,6000.0
2021-06-08 14:15:00,NSE:GAL,2.35,2.35,2.35,2.35,15.0
2021-06-08 14:57:00,NSE:GAL,2.35,2.35,2.35,2.35,1.0
2021-06-08 15:24:00,NSE:GAL,2.35,2.35,2.35,2.35,113.0
2021-06-09 09:06:00,NSE:GAL,2.45,2.45,2.45,2.45,6101.0
2021-06-09 09:15:00,NSE:GAL,2.45,2.45,2.45,2.45,1504.0
2021-06-09 09:18:00,NSE:GAL,2.45,2.45,2.45,2.45,1002.0
2021-06-09 09:21:00,NSE:GAL,2.45,2.45,2.45,2.45,1130.0
2021-06-09 09:30:00,NSE:GAL,2.45,2.45,2.45,2.45,2050.0
2021-06-09 09:33:00,NSE:GAL,2.45,2.45,2.45,2.45,2027.0
2021-06-09 09:36:00,NSE:GAL,2.45,2.45,2.45,2.45,2266.0
2021-06-09 09:39:00,NSE:GAL,2.45,2.45,2.45,2.45,650.0
2021-06-09 09:42:00,NSE:GAL,2.45,2.45,2.45,2.45,200.0
2021-06-09 09:45:00,NSE:GAL,2.45,2.45,2.45,2.45,1662.0
2021-06-09 09:48:00,NSE:GAL,2.45,2.45,2.45,2.45,2863.0
2021-06-09 09:51:00,NSE:GAL,2.45,2.45,2.45,2.45,6650.0
2021-06-09 09:54:00,NSE:GAL,2.45,2.45,2.45,2.45,465.0
2021-06-09 09:57:00,NSE:GAL,2.45,2.45,2.45,2.45,199.0
2021-06-09 10:06:00,NSE:GAL,2.45,2.45,2.45,2.45,10.0
2021-06-09 10:09:00,NSE:GAL,2.45,2.45,2.45,2.45,15040.0
2021-06-09 10:12:00,NSE:GAL,2.45,2.45,2.45,2.45,2034.0
2021-06-09 10:15:00,NSE:GAL,2.45,2.45,2.45,2.45,555.0
2021-06-09 10:18:00,NSE:GAL,2.45,2.45,2.45,2.45,10.0
2021-06-09 10:24:00,NSE:GAL,2.45,2.45,2.45,2.45,1000.0
2021-06-09 10:33:00,NSE:GAL,2.45,2.45,2.45,2.45,410.0
2021-06-09 10:45:00,NSE:GAL,2.45,2.45,2.45,2.45,280.0
2021-06-09 10:51:00,NSE:GAL,2.45,2.45,2.45,2.45,850.0
2021-06-09 10:54:00,NSE:GAL,2.45,2.45,2.45,2.45,2501.0
2021-06-09 11:06:00,NSE:GAL,2.45,2.45,2.45,2.45,12.0
2021-06-09 11:21:00,NSE:GAL,2.45,2.45,2.45,2.45,8300.0
2021-06-09 11:54:00,NSE:GAL,2.45,2.45,2.45,2.45,2809.0
2021-06-09 11:57:00,NSE:GAL,2.45,2.45,2.45,2.45,33.0
2021-06-09 12:21:00,NSE:GAL,2.45,2.45,2.45,2.45,3962.0
2021-06-09 12:30:00,NSE:GAL,2.45,2.45,2.45,2.45,1050.0
2021-06-09 12:36:00,NSE:GAL,2.45,2.45,2.45,2.45,2.0
2021-06-09 13:15:00,NSE:GAL,2.45,2.45,2.45,2.45,16681.0
2021-06-09 13:21:00,NSE:GAL,2.45,2.45,2.45,2.45,1000.0
2021-06-09 13:30:00,NSE:GAL,2.45,2.45,2.45,2.45,240.0
2021-06-09 13:33:00,NSE:GAL,2.45,2.45,2.45,2.45,5700.0
2021-06-09 13:39:00,NSE:GAL,2.45,2.45,2.45,2.45,8.0
2021-06-09 13:42:00,NSE:GAL,2.45,2.45,2.45,2.45,100.0
2021-06-09 13:48:00,NSE:GAL,2.45,2.45,2.45,2.45,9445.0
2021-06-09 13:57:00,NSE:GAL,2.45,2.45,2.45,2.45,650.0
2021-06-09 14:12:00,NSE:GAL,2.45,2.45,2.45,2.45,500.0
2021-06-09 14:54:00,NSE:GAL,2.45,2.45,2.4,2.45,342000.0
2021-06-09 14:57:00,NSE:GAL,2.45,2.45,2.45,2.45,13784.0
2021-06-09 15:00:00,NSE:GAL,2.45,2.45,2.45,2.45,1110.0
2021-06-09 15:03:00,NSE:GAL,2.45,2.45,2.3,2.45,18337.0
2021-06-09 15:06:00,NSE:GAL,2.45,2.45,2.45,2.45,2020.0
2021-06-09 15:09:00,NSE:GAL,2.45,2.45,2.4,2.45,3603.0
2021-06-09 15:12:00,NSE:GAL,2.45,2.45,2.45,2.45,2179.0
2021-06-09 15:15:00,NSE:GAL,2.45,2.45,2.45,2.45,3006.0
2021-06-09 15:18:00,NSE:GAL,2.4,2.45,2.4,2.45,10600.0
2021-06-09 15:21:00,NSE:GAL,2.45,2.45,2.4,2.4,15020.0
2021-06-09 15:24:00,NSE:GAL,2.45,2.45,2.45,2.45,700.0
2021-06-09 15:27:00,NSE:GAL,2.4,2.45,2.4,2.45,16925.0
2021-06-10 09:06:00,NSE:GAL,2.45,2.45,2.45,2.45,1474.0
2021-06-10 09:15:00,NSE:GAL,2.5,2.5,2.5,2.5,5630.0
2021-06-10 09:18:00,NSE:GAL,2.5,2.5,2.45,2.5,10252.0
2021-06-10 09:21:00,NSE:GAL,2.5,2.5,2.4,2.5,13225.0
2021-06-10 09:24:00,NSE:GAL,2.5,2.5,2.5,2.5,17093.0
2021-06-10 09:27:00,NSE:GAL,2.5,2.5,2.45,2.5,28605.0
2021-06-10 09:30:00,NSE:GAL,2.5,2.5,2.5,2.5,28232.0
2021-06-10 09:33:00,NSE:GAL,2.5,2.5,2.5,2.5,14433.0
2021-06-10 09:39:00,NSE:GAL,2.4,2.5,2.4,2.45,21663.0
2021-06-10 09:42:00,NSE:GAL,2.45,2.5,2.45,2.5,1597.0
2021-06-10 09:45:00,NSE:GAL,2.5,2.5,2.45,2.5,4219.0
2021-06-10 09:48:00,NSE:GAL,2.5,2.5,2.5,2.5,6309.0
2021-06-10 09:51:00,NSE:GAL,2.5,2.5,2.5,2.5,21430.0
2021-06-10 09:54:00,NSE:GAL,2.5,2.5,2.5,2.5,1880.0
2021-06-10 09:57:00,NSE:GAL,2.5,2.5,2.5,2.5,15693.0
2021-06-10 10:00:00,NSE:GAL,2.5,2.5,2.45,2.5,2466.0
2021-06-10 10:03:00,NSE:GAL,2.5,2.5,2.5,2.5,8763.0
2021-06-10 10:06:00,NSE:GAL,2.5,2.5,2.5,2.5,438.0
2021-06-10 10:09:00,NSE:GAL,2.5,2.5,2.5,2.5,2754.0
2021-06-10 10:12:00,NSE:GAL,2.5,2.5,2.5,2.5,13434.0
2021-06-10 10:15:00,NSE:GAL,2.5,2.5,2.5,2.5,2037.0
2021-06-10 10:18:00,NSE:GAL,2.5,2.5,2.5,2.5,3303.0
2021-06-10 10:21:00,NSE:GAL,2.5,2.5,2.5,2.5,211.0
2021-06-10 10:24:00,NSE:GAL,2.45,2.5,2.45,2.5,2539.0
2021-06-10 10:27:00,NSE:GAL,2.5,2.5,2.45,2.5,13907.0
2021-06-10 10:30:00,NSE:GAL,2.5,2.5,2.5,2.5,4239.0
2021-06-10 10:33:00,NSE:GAL,2.5,2.5,2.5,2.5,5512.0
2021-06-10 10:36:00,NSE:GAL,2.45,2.5,2.45,2.5,12900.0
2021-06-10 10:39:00,NSE:GAL,2.5,2.5,2.45,2.5,819.0
2021-06-10 10:42:00,NSE:GAL,2.5,2.5,2.5,2.5,6924.0
2021-06-10 10:45:00,NSE:GAL,2.5,2.5,2.45,2.5,8215.0
2021-06-10 10:48:00,NSE:GAL,2.5,2.5,2.5,2.5,17460.0
2021-06-10 10:51:00,NSE:GAL,2.5,2.5,2.5,2.5,9188.0
2021-06-10 10:54:00,NSE:GAL,2.5,2.5,2.5,2.5,7999.0
2021-06-10 11:15:00,NSE:GAL,2.5,2.5,2.5,2.5,20163.0
2021-06-10 11:33:00,NSE:GAL,2.5,2.5,2.5,2.5,740.0
2021-06-10 11:39:00,NSE:GAL,2.5,2.5,2.5,2.5,1000.0
2021-06-10 11:54:00,NSE:GAL,2.5,2.5,2.5,2.5,1691.0
2021-06-10 11:57:00,NSE:GAL,2.5,2.5,2.5,2.5,500.0
2021-06-10 12:09:00,NSE:GAL,2.5,2.5,2.5,2.5,38361.0
2021-06-10 12:12:00,NSE:GAL,2.5,2.5,2.5,2.5,5366.0
2021-06-10 12:15:00,NSE:GAL,2.5,2.5,2.5,2.5,2329.0
2021-06-10 12:18:00,NSE:GAL,2.5,2.5,2.5,2.5,1903.0
2021-06-10 12:21:00,NSE:GAL,2.5,2.5,2.5,2.5,10610.0
2021-06-10 12:24:00,NSE:GAL,2.5,2.5,2.5,2.5,12218.0
2021-06-10 12:27:00,NSE:GAL,2.5,2.5,2.5,2.5,2308.0
2021-06-10 12:30:00,NSE:GAL,2.5,2.5,2.5,2.5,9880.0
2021-06-10 12:33:00,NSE:GAL,2.5,2.5,2.5,2.5,2198.0
2021-06-10 12:36:00,NSE:GAL,2.5,2.5,2.5,2.5,1274.0
2021-06-10 12:39:00,NSE:GAL,2.5,2.5,2.5,2.5,7158.0
2021-06-10 12:42:00,NSE:GAL,2.5,2.5,2.5,2.5,3398.0
2021-06-10 12:45:00,NSE:GAL,2.5,2.5,2.5,2.5,2997.0
2021-06-10 13:09:00,NSE:GAL,2.5,2.5,2.5,2.5,30.0
2021-06-10 13:12:00,NSE:GAL,2.5,2.5,2.5,2.5,4295.0
2021-06-10 13:15:00,NSE:GAL,2.5,2.5,2.5,2.5,27684.0
2021-06-10 13:18:00,NSE:GAL,2.5,2.5,2.5,2.5,1779.0
2021-06-10 13:21:00,NSE:GAL,2.5,2.5,2.5,2.5,721.0
2021-06-10 13:24:00,NSE:GAL,2.5,2.5,2.5,2.5,2127.0
2021-06-10 13:27:00,NSE:GAL,2.5,2.5,2.5,2.5,3573.0
2021-06-10 13:30:00,NSE:GAL,2.5,2.5,2.45,2.45,7843.0
2021-06-10 13:33:00,NSE:GAL,2.5,2.5,2.5,2.5,200.0
2021-06-10 13:36:00,NSE:GAL,2.5,2.5,2.5,2.5,700.0
2021-06-10 13:57:00,NSE:GAL,2.5,2.5,2.5,2.5,59.0
2021-06-10 14:06:00,NSE:GAL,2.5,2.5,2.5,2.5,315.0
2021-06-10 14:18:00,NSE:GAL,2.5,2.5,2.5,2.5,19011.0
2021-06-10 14:21:00,NSE:GAL,2.5,2.5,2.5,2.5,4545.0
2021-06-10 14:24:00,NSE:GAL,2.5,2.5,2.5,2.5,12450.0
2021-06-10 14:27:00,NSE:GAL,2.5,2.5,2.5,2.5,3994.0
2021-06-10 14:33:00,NSE:GAL,2.5,2.5,2.5,2.5,117.0
2021-06-10 14:39:00,NSE:GAL,2.5,2.5,2.5,2.5,1.0
2021-06-10 14:48:00,NSE:GAL,2.5,2.5,2.5,2.5,105.0
2021-06-10 15:00:00,NSE:GAL,2.5,2.5,2.5,2.5,189.0
2021-06-10 15:18:00,NSE:GAL,2.5,2.5,2.5,2.5,500.0
2021-06-10 15:21:00,NSE:GAL,2.5,2.5,2.5,2.5,3350.0
2021-06-10 15:24:00,NSE:GAL,2.5,2.5,2.5,2.5,4335.0
2021-06-10 15:27:00,NSE:GAL,2.5,2.5,2.5,2.5,52.0
2021-06-11 09:06:00,NSE:GAL,2.6,2.6,2.6,2.6,6335.0
2021-06-11 09:15:00,NSE:GAL,2.6,2.6,2.6,2.6,10112.0
2021-06-11 09:18:00,NSE:GAL,2.6,2.6,2.6,2.6,2004.0
2021-06-11 09:30:00,NSE:GAL,2.6,2.6,2.6,2.6,62049.0
2021-06-11 09:33:00,NSE:GAL,2.6,2.6,2.6,2.6,2000.0
2021-06-11 09:42:00,NSE:GAL,2.6,2.6,2.6,2.6,1.0
2021-06-11 09:45:00,NSE:GAL,2.6,2.6,2.6,2.6,14260.0
2021-06-11 09:48:00,NSE:GAL,2.6,2.6,2.6,2.6,26787.0
2021-06-11 09:51:00,NSE:GAL,2.6,2.6,2.6,2.6,2136.0
2021-06-11 09:54:00,NSE:GAL,2.6,2.6,2.55,2.6,1085.0
2021-06-11 09:57:00,NSE:GAL,2.6,2.6,2.6,2.6,6711.0
2021-06-11 10:00:00,NSE:GAL,2.6,2.6,2.55,2.6,3825.0
2021-06-11 10:03:00,NSE:GAL,2.6,2.6,2.6,2.6,1030.0
2021-06-11 10:06:00,NSE:GAL,2.6,2.6,2.6,2.6,1728.0
2021-06-11 10:09:00,NSE:GAL,2.6,2.6,2.6,2.6,2675.0
2021-06-11 10:12:00,NSE:GAL,2.6,2.6,2.6,2.6,16163.0
2021-06-11 10:15:00,NSE:GAL,2.6,2.6,2.6,2.6,7916.0
2021-06-11 10:18:00,NSE:GAL,2.6,2.6,2.6,2.6,1257.0
2021-06-11 10:21:00,NSE:GAL,2.6,2.6,2.55,2.55,7157.0
2021-06-11 10:24:00,NSE:GAL,2.6,2.6,2.5,2.5,40784.0
2021-06-11 10:27:00,NSE:GAL,2.5,2.6,2.5,2.55,39889.0
2021-06-11 10:30:00,NSE:GAL,2.5,2.6,2.5,2.5,16798.0
2021-06-11 10:33:00,NSE:GAL,2.5,2.5,2.45,2.5,13047.0
2021-06-11 10:36:00,NSE:GAL,2.5,2.5,2.5,2.5,9422.0
2021-06-11 10:39:00,NSE:GAL,2.45,2.5,2.45,2.5,2507.0
2021-06-11 10:42:00,NSE:GAL,2.5,2.5,2.5,2.5,427.0
2021-06-11 10:45:00,NSE:GAL,2.5,2.5,2.45,2.5,5261.0
2021-06-11 10:48:00,NSE:GAL,2.5,2.5,2.5,2.5,1897.0
2021-06-11 10:51:00,NSE:GAL,2.5,2.5,2.45,2.5,7646.0
2021-06-11 10:54:00,NSE:GAL,2.5,2.5,2.45,2.5,6044.0
2021-06-11 10:57:00,NSE:GAL,2.5,2.5,2.5,2.5,683.0
2021-06-11 11:00:00,NSE:GAL,2.5,2.5,2.45,2.5,25792.0
2021-06-11 11:03:00,NSE:GAL,2.45,2.5,2.45,2.5,7667.0
2021-06-11 11:06:00,NSE:GAL,2.45,2.5,2.45,2.5,2603.0
2021-06-11 11:09:00,NSE:GAL,2.5,2.55,2.5,2.55,1448.0
2021-06-11 11:12:00,NSE:GAL,2.55,2.55,2.5,2.55,596.0
2021-06-11 11:15:00,NSE:GAL,2.55,2.6,2.55,2.6,8966.0
2021-06-11 11:18:00,NSE:GAL,2.6,2.6,2.55,2.55,17544.0
2021-06-11 11:21:00,NSE:GAL,2.55,2.55,2.55,2.55,246.0
2021-06-11 11:24:00,NSE:GAL,2.55,2.6,2.55,2.6,12952.0
2021-06-11 11:27:00,NSE:GAL,2.55,2.6,2.5,2.6,5002.0
2021-06-11 11:30:00,NSE:GAL,2.6,2.6,2.6,2.6,259.0
2021-06-11 11:33:00,NSE:GAL,2.6,2.6,2.45,2.45,220103.0
2021-06-11 11:36:00,NSE:GAL,2.45,2.6,2.45,2.6,59158.0
2021-06-11 11:39:00,NSE:GAL,2.6,2.6,2.55,2.55,230.0
2021-06-11 11:42:00,NSE:GAL,2.55,2.55,2.55,2.55,10918.0
2021-06-11 11:45:00,NSE:GAL,2.55,2.55,2.55,2.55,1452.0
2021-06-11 11:48:00,NSE:GAL,2.5,2.55,2.45,2.45,2283.0
2021-06-11 11:51:00,NSE:GAL,2.55,2.55,2.45,2.55,1749.0
2021-06-11 11:54:00,NSE:GAL,2.55,2.55,2.55,2.55,132.0
2021-06-11 11:57:00,NSE:GAL,2.55,2.55,2.55,2.55,511.0
2021-06-11 12:00:00,NSE:GAL,2.55,2.55,2.55,2.55,799.0
2021-06-11 12:06:00,NSE:GAL,2.55,2.55,2.55,2.55,523.0
2021-06-11 12:12:00,NSE:GAL,2.5,2.55,2.5,2.55,3001.0
2021-06-11 12:15:00,NSE:GAL,2.55,2.55,2.55,2.55,80.0
2021-06-11 12:18:00,NSE:GAL,2.55,2.55,2.55,2.55,64.0
2021-06-11 12:21:00,NSE:GAL,2.55,2.55,2.55,2.55,1.0
2021-06-11 12:24:00,NSE:GAL,2.5,2.5,2.5,2.5,2000.0
2021-06-11 12:27:00,NSE:GAL,2.55,2.55,2.55,2.55,123.0
2021-06-11 12:30:00,NSE:GAL,2.55,2.55,2.55,2.55,14.0
2021-06-11 12:33:00,NSE:GAL,2.55,2.55,2.55,2.55,150.0
2021-06-11 12:36:00,NSE:GAL,2.55,2.55,2.55,2.55,3.0
2021-06-11 12:42:00,NSE:GAL,2.55,2.55,2.55,2.55,10.0
2021-06-11 12:45:00,NSE:GAL,2.55,2.55,2.55,2.55,6190.0
2021-06-11 12:48:00,NSE:GAL,2.5,2.55,2.5,2.55,85.0
2021-06-11 12:51:00,NSE:GAL,2.55,2.55,2.55,2.55,102.0
2021-06-11 12:54:00,NSE:GAL,2.55,2.55,2.55,2.55,1370.0
2021-06-11 12:57:00,NSE:GAL,2.55,2.55,2.55,2.55,296.0
2021-06-11 13:00:00,NSE:GAL,2.55,2.55,2.55,2.55,1.0
2021-06-11 13:03:00,NSE:GAL,2.55,2.55,2.55,2.55,1014.0
2021-06-11 13:06:00,NSE:GAL,2.55,2.55,2.55,2.55,151.0
2021-06-11 13:09:00,NSE:GAL,2.55,2.55,2.55,2.55,11.0
2021-06-11 13:12:00,NSE:GAL,2.55,2.55,2.55,2.55,4699.0
2021-06-11 13:15:00,NSE:GAL,2.55,2.55,2.55,2.55,144.0
2021-06-11 13:18:00,NSE:GAL,2.55,2.55,2.55,2.55,2145.0
2021-06-11 13:21:00,NSE:GAL,2.5,2.55,2.5,2.55,1511.0
2021-06-11 13:24:00,NSE:GAL,2.55,2.55,2.5,2.5,5550.0
2021-06-11 13:27:00,NSE:GAL,2.55,2.55,2.55,2.55,227.0
2021-06-11 13:30:00,NSE:GAL,2.55,2.55,2.55,2.55,1098.0
2021-06-11 13:33:00,NSE:GAL,2.55,2.55,2.55,2.55,800.0
2021-06-11 13:36:00,NSE:GAL,2.55,2.6,2.55,2.55,5010.0
2021-06-11 13:39:00,NSE:GAL,2.55,2.55,2.55,2.55,9875.0
2021-06-11 13:42:00,NSE:GAL,2.5,2.55,2.5,2.55,1132.0
2021-06-11 13:45:00,NSE:GAL,2.55,2.55,2.55,2.55,4259.0
2021-06-11 13:48:00,NSE:GAL,2.55,2.55,2.55,2.55,1900.0
2021-06-11 13:51:00,NSE:GAL,2.55,2.55,2.55,2.55,3.0
2021-06-11 13:54:00,NSE:GAL,2.55,2.55,2.55,2.55,4500.0
2021-06-11 13:57:00,NSE:GAL,2.55,2.55,2.55,2.55,1000.0
2021-06-11 14:00:00,NSE:GAL,2.55,2.55,2.55,2.55,41.0
2021-06-11 14:06:00,NSE:GAL,2.55,2.55,2.5,2.5,1000.0
2021-06-11 14:09:00,NSE:GAL,2.55,2.55,2.55,2.55,1001.0
2021-06-11 14:12:00,NSE:GAL,2.55,2.55,2.55,2.55,39.0
2021-06-11 14:15:00,NSE:GAL,2.55,2.55,2.55,2.55,1002.0
2021-06-11 14:18:00,NSE:GAL,2.55,2.55,2.55,2.55,318.0
2021-06-11 14:21:00,NSE:GAL,2.55,2.55,2.5,2.5,3400.0
2021-06-11 14:24:00,NSE:GAL,2.55,2.55,2.55,2.55,2078.0
2021-06-11 14:27:00,NSE:GAL,2.55,2.55,2.55,2.55,1802.0
2021-06-11 14:30:00,NSE:GAL,2.55,2.55,2.55,2.55,2150.0
2021-06-11 14:33:00,NSE:GAL,2.5,2.5,2.5,2.5,2.0
2021-06-11 14:36:00,NSE:GAL,2.55,2.55,2.55,2.55,585.0
2021-06-11 14:39:00,NSE:GAL,2.55,2.55,2.55,2.55,453.0
2021-06-11 14:42:00,NSE:GAL,2.55,2.55,2.55,2.55,291.0
2021-06-11 14:45:00,NSE:GAL,2.55,2.55,2.55,2.55,2540.0
2021-06-11 14:48:00,NSE:GAL,2.55,2.55,2.55,2.55,834.0
2021-06-11 14:51:00,NSE:GAL,2.55,2.55,2.55,2.55,552.0
2021-06-11 14:54:00,NSE:GAL,2.55,2.55,2.5,2.5,8210.0
2021-06-11 14:57:00,NSE:GAL,2.55,2.55,2.55,2.55,15268.0
2021-06-11 15:00:00,NSE:GAL,2.55,2.55,2.55,2.55,2010.0
2021-06-11 15:03:00,NSE:GAL,2.55,2.55,2.55,2.55,5597.0
2021-06-11 15:06:00,NSE:GAL,2.5,2.55,2.5,2.5,3565.0
2021-06-11 15:09:00,NSE:GAL,2.55,2.55,2.55,2.55,107.0
2021-06-11 15:15:00,NSE:GAL,2.55,2.55,2.55,2.55,670.0
2021-06-11 15:18:00,NSE:GAL,2.55,2.55,2.55,2.55,1509.0
2021-06-11 15:21:00,NSE:GAL,2.55,2.55,2.5,2.5,2234.0
2021-06-11 15:24:00,NSE:GAL,2.55,2.55,2.5,2.55,21060.0
2021-06-11 15:27:00,NSE:GAL,2.55,2.55,2.55,2.55,2211.0
2021-06-14 09:06:00,NSE:GAL,2.65,2.65,2.65,2.65,3630.0
2021-06-14 09:15:00,NSE:GAL,2.65,2.65,2.55,2.65,40473.0
2021-06-14 09:18:00,NSE:GAL,2.65,2.65,2.6,2.6,20363.0
2021-06-14 09:21:00,NSE:GAL,2.65,2.65,2.6,2.65,13950.0
2021-06-14 09:24:00,NSE:GAL,2.65,2.65,2.6,2.65,13893.0
2021-06-14 09:27:00,NSE:GAL,2.65,2.65,2.6,2.65,6456.0
2021-06-14 09:30:00,NSE:GAL,2.65,2.65,2.6,2.6,18824.0
2021-06-14 09:33:00,NSE:GAL,2.6,2.65,2.6,2.65,29217.0
2021-06-14 09:36:00,NSE:GAL,2.65,2.65,2.55,2.55,66017.0
2021-06-14 09:39:00,NSE:GAL,2.6,2.6,2.55,2.6,15083.0
2021-06-14 09:42:00,NSE:GAL,2.6,2.6,2.55,2.6,2638.0
2021-06-14 09:45:00,NSE:GAL,2.6,2.6,2.55,2.6,2911.0
2021-06-14 09:48:00,NSE:GAL,2.55,2.6,2.55,2.55,423.0
2021-06-14 09:51:00,NSE:GAL,2.55,2.6,2.55,2.6,26501.0
2021-06-14 09:54:00,NSE:GAL,2.55,2.6,2.55,2.6,6305.0
2021-06-14 09:57:00,NSE:GAL,2.6,2.6,2.55,2.6,49.0
2021-06-14 10:00:00,NSE:GAL,2.6,2.6,2.55,2.55,3607.0
2021-06-14 10:03:00,NSE:GAL,2.55,2.6,2.55,2.6,5308.0
2021-06-14 10:06:00,NSE:GAL,2.55,2.55,2.5,2.55,25048.0
2021-06-14 10:09:00,NSE:GAL,2.55,2.55,2.5,2.55,2460.0
2021-06-14 10:12:00,NSE:GAL,2.55,2.55,2.5,2.55,35421.0
2021-06-14 10:15:00,NSE:GAL,2.55,2.55,2.55,2.55,46991.0
2021-06-14 10:18:00,NSE:GAL,2.5,2.55,2.5,2.5,3611.0
2021-06-14 10:21:00,NSE:GAL,2.5,2.55,2.5,2.55,15526.0
2021-06-14 10:24:00,NSE:GAL,2.55,2.55,2.55,2.55,1125.0
2021-06-14 10:27:00,NSE:GAL,2.55,2.55,2.55,2.55,600.0
2021-06-14 10:30:00,NSE:GAL,2.5,2.55,2.5,2.5,3647.0
2021-06-14 10:33:00,NSE:GAL,2.5,2.55,2.5,2.55,12000.0
2021-06-14 10:36:00,NSE:GAL,2.55,2.55,2.5,2.5,1995.0
2021-06-14 10:39:00,NSE:GAL,2.55,2.55,2.5,2.55,1021.0
2021-06-14 10:42:00,NSE:GAL,2.55,2.55,2.5,2.55,2477.0
2021-06-14 10:45:00,NSE:GAL,2.55,2.55,2.5,2.55,10801.0
2021-06-14 10:48:00,NSE:GAL,2.5,2.55,2.5,2.55,4813.0
2021-06-14 10:51:00,NSE:GAL,2.5,2.55,2.5,2.5,1898.0
2021-06-14 10:54:00,NSE:GAL,2.55,2.55,2.5,2.55,1624.0
2021-06-14 10:57:00,NSE:GAL,2.55,2.55,2.5,2.5,30.0
2021-06-14 11:00:00,NSE:GAL,2.5,2.55,2.5,2.5,1463.0
2021-06-14 11:03:00,NSE:GAL,2.55,2.55,2.55,2.55,2.0
2021-06-14 11:06:00,NSE:GAL,2.5,2.5,2.45,2.5,46573.0
2021-06-14 11:09:00,NSE:GAL,2.5,2.5,2.5,2.5,322.0
2021-06-14 11:12:00,NSE:GAL,2.5,2.5,2.45,2.5,1750.0
2021-06-14 11:15:00,NSE:GAL,2.5,2.5,2.45,2.5,13363.0
2021-06-14 11:18:00,NSE:GAL,2.5,2.5,2.45,2.45,3241.0
2021-06-14 11:21:00,NSE:GAL,2.45,2.5,2.45,2.45,830.0
2021-06-14 11:24:00,NSE:GAL,2.5,2.5,2.5,2.5,1504.0
2021-06-14 11:27:00,NSE:GAL,2.5,2.5,2.5,2.5,198.0
2021-06-14 11:30:00,NSE:GAL,2.5,2.5,2.5,2.5,6003.0
2021-06-14 11:33:00,NSE:GAL,2.45,2.5,2.45,2.5,488.0
2021-06-14 11:36:00,NSE:GAL,2.5,2.5,2.5,2.5,21.0
2021-06-14 11:39:00,NSE:GAL,2.5,2.5,2.5,2.5,2611.0
2021-06-14 11:42:00,NSE:GAL,2.5,2.5,2.45,2.5,170.0
2021-06-14 11:45:00,NSE:GAL,2.5,2.5,2.45,2.45,39.0
2021-06-14 11:48:00,NSE:GAL,2.5,2.5,2.45,2.45,562.0
2021-06-14 11:51:00,NSE:GAL,2.5,2.5,2.5,2.5,133.0
2021-06-14 11:54:00,NSE:GAL,2.45,2.5,2.45,2.45,4055.0
2021-06-14 11:57:00,NSE:GAL,2.5,2.5,2.45,2.45,1815.0
2021-06-14 12:00:00,NSE:GAL,2.45,2.5,2.45,2.5,2714.0
2021-06-14 12:03:00,NSE:GAL,2.5,2.5,2.5,2.5,1340.0
2021-06-14 12:06:00,NSE:GAL,2.45,2.5,2.45,2.5,65.0
2021-06-14 12:09:00,NSE:GAL,2.5,2.5,2.45,2.5,770.0
2021-06-14 12:12:00,NSE:GAL,2.5,2.5,2.5,2.5,310.0
2021-06-14 12:15:00,NSE:GAL,2.5,2.5,2.45,2.45,2793.0
2021-06-14 12:18:00,NSE:GAL,2.5,2.5,2.5,2.5,100.0
2021-06-14 12:21:00,NSE:GAL,2.45,2.5,2.45,2.5,1025.0
2021-06-14 12:24:00,NSE:GAL,2.45,2.5,2.45,2.5,6037.0
2021-06-14 12:27:00,NSE:GAL,2.45,2.45,2.45,2.45,100.0
2021-06-14 12:30:00,NSE:GAL,2.5,2.5,2.5,2.5,317.0
2021-06-14 12:33:00,NSE:GAL,2.5,2.5,2.5,2.5,1995.0
2021-06-14 12:36:00,NSE:GAL,2.5,2.5,2.5,2.5,135.0
2021-06-14 12:39:00,NSE:GAL,2.5,2.5,2.45,2.45,148.0
2021-06-14 12:42:00,NSE:GAL,2.5,2.5,2.5,2.5,1045.0
2021-06-14 12:45:00,NSE:GAL,2.5,2.5,2.45,2.5,602.0
2021-06-14 12:48:00,NSE:GAL,2.5,2.5,2.5,2.5,11070.0
2021-06-14 12:51:00,NSE:GAL,2.5,2.5,2.5,2.5,8474.0
2021-06-14 12:54:00,NSE:GAL,2.5,2.5,2.5,2.5,210.0
2021-06-14 12:57:00,NSE:GAL,2.5,2.5,2.5,2.5,670.0
2021-06-14 13:00:00,NSE:GAL,2.5,2.5,2.45,2.5,7123.0
2021-06-14 13:03:00,NSE:GAL,2.5,2.5,2.45,2.5,13480.0
2021-06-14 13:06:00,NSE:GAL,2.5,2.5,2.5,2.5,24308.0
2021-06-14 13:09:00,NSE:GAL,2.5,2.55,2.5,2.5,4233.0
2021-06-14 13:12:00,NSE:GAL,2.55,2.55,2.55,2.55,1815.0
2021-06-14 13:15:00,NSE:GAL,2.55,2.55,2.55,2.55,73732.0
2021-06-14 13:18:00,NSE:GAL,2.55,2.55,2.55,2.55,10000.0
2021-06-14 13:21:00,NSE:GAL,2.6,2.6,2.55,2.55,1217.0
2021-06-14 13:24:00,NSE:GAL,2.6,2.6,2.6,2.6,113.0
2021-06-14 13:27:00,NSE:GAL,2.6,2.6,2.6,2.6,2317.0
2021-06-14 13:30:00,NSE:GAL,2.55,2.6,2.55,2.6,596.0
2021-06-14 13:33:00,NSE:GAL,2.6,2.65,2.6,2.65,162120.0
2021-06-14 13:36:00,NSE:GAL,2.6,2.65,2.6,2.6,5042.0
2021-06-14 13:39:00,NSE:GAL,2.6,2.65,2.6,2.6,38854.0
2021-06-14 13:42:00,NSE:GAL,2.65,2.65,2.6,2.65,8975.0
2021-06-14 13:45:00,NSE:GAL,2.65,2.65,2.65,2.65,213.0
2021-06-14 13:48:00,NSE:GAL,2.6,2.6,2.6,2.6,2200.0
2021-06-14 13:51:00,NSE:GAL,2.6,2.6,2.6,2.6,1140.0
2021-06-14 13:54:00,NSE:GAL,2.65,2.65,2.65,2.65,69.0
2021-06-14 13:57:00,NSE:GAL,2.65,2.65,2.6,2.65,103.0
2021-06-14 14:00:00,NSE:GAL,2.65,2.65,2.6,2.6,1305.0
2021-06-14 14:03:00,NSE:GAL,2.6,2.65,2.6,2.65,10310.0
2021-06-14 14:06:00,NSE:GAL,2.6,2.65,2.6,2.65,107.0
2021-06-14 14:09:00,NSE:GAL,2.65,2.65,2.6,2.6,26.0
2021-06-14 14:12:00,NSE:GAL,2.65,2.65,2.65,2.65,53.0
2021-06-14 14:15:00,NSE:GAL,2.65,2.65,2.65,2.65,750.0
2021-06-14 14:18:00,NSE:GAL,2.65,2.65,2.6,2.65,19.0
2021-06-14 14:21:00,NSE:GAL,2.65,2.65,2.6,2.65,1202.0
2021-06-14 14:24:00,NSE:GAL,2.65,2.65,2.65,2.65,302.0
2021-06-14 14:27:00,NSE:GAL,2.65,2.65,2.65,2.65,120.0
2021-06-14 14:30:00,NSE:GAL,2.65,2.65,2.6,2.65,507.0
2021-06-14 14:33:00,NSE:GAL,2.65,2.65,2.65,2.65,325.0
2021-06-14 14:36:00,NSE:GAL,2.6,2.65,2.6,2.65,11000.0
2021-06-14 14:39:00,NSE:GAL,2.65,2.65,2.65,2.65,27.0
2021-06-14 14:42:00,NSE:GAL,2.65,2.65,2.6,2.6,12185.0
2021-06-14 14:45:00,NSE:GAL,2.65,2.65,2.65,2.65,8006.0
2021-06-14 14:48:00,NSE:GAL,2.65,2.65,2.6,2.6,2136.0
2021-06-14 14:51:00,NSE:GAL,2.65,2.65,2.65,2.65,1251.0
2021-06-14 14:54:00,NSE:GAL,2.6,2.65,2.6,2.6,3025.0
2021-06-14 14:57:00,NSE:GAL,2.65,2.65,2.65,2.65,1.0
2021-06-14 15:00:00,NSE:GAL,2.65,2.65,2.65,2.65,1253.0
2021-06-14 15:03:00,NSE:GAL,2.65,2.65,2.6,2.65,7601.0
2021-06-14 15:06:00,NSE:GAL,2.65,2.65,2.6,2.65,4448.0
2021-06-14 15:09:00,NSE:GAL,2.65,2.65,2.6,2.65,1093.0
2021-06-14 15:12:00,NSE:GAL,2.65,2.65,2.65,2.65,3008.0
2021-06-14 15:15:00,NSE:GAL,2.65,2.65,2.65,2.65,76085.0
2021-06-14 15:18:00,NSE:GAL,2.65,2.65,2.6,2.65,10303.0
2021-06-14 15:21:00,NSE:GAL,2.65,2.65,2.65,2.65,51705.0
2021-06-14 15:24:00,NSE:GAL,2.65,2.65,2.65,2.65,1311.0
2021-06-14 15:27:00,NSE:GAL,2.65,2.65,2.6,2.6,6210.0
2021-06-15 09:06:00,NSE:GAL,2.7,2.7,2.7,2.7,4613.0
2021-06-15 09:15:00,NSE:GAL,2.55,2.7,2.55,2.7,23837.0
2021-06-15 09:18:00,NSE:GAL,2.6,2.7,2.6,2.7,5119.0
2021-06-15 09:21:00,NSE:GAL,2.7,2.7,2.6,2.7,7491.0
2021-06-15 09:24:00,NSE:GAL,2.7,2.7,2.65,2.65,719.0
2021-06-15 09:27:00,NSE:GAL,2.7,2.7,2.65,2.65,6110.0
2021-06-15 09:30:00,NSE:GAL,2.7,2.7,2.65,2.65,8473.0
2021-06-15 09:33:00,NSE:GAL,2.7,2.7,2.65,2.7,2791.0
2021-06-15 09:36:00,NSE:GAL,2.7,2.7,2.7,2.7,266.0
2021-06-15 09:39:00,NSE:GAL,2.7,2.7,2.65,2.7,2713.0
2021-06-15 09:42:00,NSE:GAL,2.7,2.7,2.65,2.65,1060.0
2021-06-15 09:45:00,NSE:GAL,2.65,2.7,2.65,2.65,6290.0
2021-06-15 09:48:00,NSE:GAL,2.7,2.7,2.65,2.7,5372.0
2021-06-15 09:51:00,NSE:GAL,2.7,2.7,2.7,2.7,7375.0
2021-06-15 09:54:00,NSE:GAL,2.65,2.7,2.65,2.7,1145.0
2021-06-15 09:57:00,NSE:GAL,2.7,2.7,2.7,2.7,5341.0
2021-06-15 10:00:00,NSE:GAL,2.7,2.7,2.7,2.7,24.0
2021-06-15 10:03:00,NSE:GAL,2.7,2.7,2.65,2.65,1030.0
2021-06-15 10:06:00,NSE:GAL,2.7,2.7,2.65,2.65,5303.0
2021-06-15 10:09:00,NSE:GAL,2.7,2.7,2.7,2.7,217.0
2021-06-15 10:12:00,NSE:GAL,2.7,2.7,2.7,2.7,305.0
2021-06-15 10:15:00,NSE:GAL,2.7,2.7,2.65,2.65,2647.0
2021-06-15 10:18:00,NSE:GAL,2.7,2.7,2.7,2.7,12215.0
2021-06-15 10:21:00,NSE:GAL,2.7,2.7,2.65,2.7,2515.0
2021-06-15 10:24:00,NSE:GAL,2.7,2.7,2.65,2.7,3179.0
2021-06-15 10:27:00,NSE:GAL,2.7,2.7,2.65,2.65,205.0
2021-06-15 10:30:00,NSE:GAL,2.7,2.7,2.65,2.7,11503.0
2021-06-15 10:33:00,NSE:GAL,2.7,2.7,2.65,2.65,5212.0
2021-06-15 10:36:00,NSE:GAL,2.65,2.7,2.65,2.7,635.0
2021-06-15 10:39:00,NSE:GAL,2.7,2.7,2.7,2.7,5075.0
2021-06-15 10:42:00,NSE:GAL,2.65,2.7,2.65,2.65,2431.0
2021-06-15 10:45:00,NSE:GAL,2.7,2.7,2.65,2.7,21920.0
2021-06-15 10:48:00,NSE:GAL,2.7,2.7,2.65,2.7,12768.0
2021-06-15 10:51:00,NSE:GAL,2.7,2.7,2.7,2.7,186.0
2021-06-15 10:54:00,NSE:GAL,2.7,2.7,2.7,2.7,66.0
2021-06-15 10:57:00,NSE:GAL,2.7,2.7,2.7,2.7,3251.0
2021-06-15 11:00:00,NSE:GAL,2.7,2.75,2.7,2.7,4885.0
2021-06-15 11:03:00,NSE:GAL,2.75,2.75,2.7,2.75,5034.0
2021-06-15 11:06:00,NSE:GAL,2.7,2.75,2.65,2.65,3009.0
2021-06-15 11:09:00,NSE:GAL,2.75,2.75,2.65,2.65,5656.0
2021-06-15 11:12:00,NSE:GAL,2.75,2.75,2.75,2.75,402.0
2021-06-15 11:15:00,NSE:GAL,2.7,2.75,2.7,2.75,5415.0
2021-06-15 11:18:00,NSE:GAL,2.75,2.75,2.75,2.75,141998.0
2021-06-15 11:21:00,NSE:GAL,2.75,2.75,2.75,2.75,1439.0
2021-06-15 11:24:00,NSE:GAL,2.75,2.75,2.75,2.75,12785.0
2021-06-15 11:27:00,NSE:GAL,2.75,2.75,2.7,2.7,2800.0
2021-06-15 11:30:00,NSE:GAL,2.75,2.75,2.75,2.75,1002.0
2021-06-15 11:33:00,NSE:GAL,2.75,2.75,2.75,2.75,4816.0
2021-06-15 11:36:00,NSE:GAL,2.75,2.75,2.75,2.75,5115.0
2021-06-15 11:39:00,NSE:GAL,2.75,2.75,2.75,2.75,9750.0
2021-06-15 11:42:00,NSE:GAL,2.75,2.75,2.75,2.75,3180.0
2021-06-15 11:45:00,NSE:GAL,2.75,2.75,2.7,2.75,1227.0
2021-06-15 11:48:00,NSE:GAL,2.75,2.75,2.7,2.7,4837.0
2021-06-15 11:54:00,NSE:GAL,2.75,2.75,2.75,2.75,4003.0
2021-06-15 11:57:00,NSE:GAL,2.75,2.75,2.7,2.7,2060.0
2021-06-15 12:00:00,NSE:GAL,2.75,2.75,2.75,2.75,10651.0
2021-06-15 12:03:00,NSE:GAL,2.7,2.75,2.7,2.7,1359.0
2021-06-15 12:06:00,NSE:GAL,2.75,2.75,2.75,2.75,3059.0
2021-06-15 12:09:00,NSE:GAL,2.75,2.75,2.7,2.75,101410.0
2021-06-15 12:12:00,NSE:GAL,2.75,2.75,2.75,2.75,2817.0
2021-06-15 12:18:00,NSE:GAL,2.75,2.75,2.75,2.75,2.0
2021-06-15 12:24:00,NSE:GAL,2.75,2.75,2.75,2.75,244.0
2021-06-15 12:36:00,NSE:GAL,2.75,2.75,2.75,2.75,1.0
2021-06-15 12:42:00,NSE:GAL,2.75,2.75,2.75,2.75,200.0
2021-06-15 12:45:00,NSE:GAL,2.75,2.75,2.75,2.75,1.0
2021-06-15 12:48:00,NSE:GAL,2.75,2.75,2.75,2.75,1.0
2021-06-15 12:51:00,NSE:GAL,2.75,2.75,2.75,2.75,2000.0
2021-06-15 12:54:00,NSE:GAL,2.75,2.75,2.75,2.75,1.0
2021-06-15 13:00:00,NSE:GAL,2.75,2.75,2.75,2.75,402.0
2021-06-15 13:03:00,NSE:GAL,2.75,2.75,2.75,2.75,3890.0
2021-06-15 13:09:00,NSE:GAL,2.75,2.75,2.75,2.75,26.0
2021-06-15 13:12:00,NSE:GAL,2.75,2.75,2.75,2.75,50.0
2021-06-15 13:15:00,NSE:GAL,2.75,2.75,2.75,2.75,756.0
2021-06-15 13:24:00,NSE:GAL,2.75,2.75,2.75,2.75,407.0
2021-06-15 13:27:00,NSE:GAL,2.75,2.75,2.75,2.75,1.0
2021-06-15 13:30:00,NSE:GAL,2.75,2.75,2.75,2.75,1216.0
2021-06-15 13:33:00,NSE:GAL,2.75,2.75,2.75,2.75,47.0
2021-06-15 13:36:00,NSE:GAL,2.75,2.75,2.75,2.75,27200.0
2021-06-15 13:39:00,NSE:GAL,2.75,2.75,2.75,2.75,5661.0
2021-06-15 13:51:00,NSE:GAL,2.75,2.75,2.75,2.75,4.0
2021-06-15 14:00:00,NSE:GAL,2.75,2.75,2.75,2.75,501.0
2021-06-15 14:06:00,NSE:GAL,2.75,2.75,2.75,2.75,29.0
2021-06-15 14:09:00,NSE:GAL,2.75,2.75,2.75,2.75,6.0
2021-06-15 14:18:00,NSE:GAL,2.75,2.75,2.75,2.75,12.0
2021-06-15 14:30:00,NSE:GAL,2.75,2.75,2.75,2.75,50000.0
2021-06-15 14:36:00,NSE:GAL,2.75,2.75,2.75,2.75,250.0
2021-06-15 14:39:00,NSE:GAL,2.75,2.75,2.75,2.75,1.0
2021-06-15 14:42:00,NSE:GAL,2.75,2.75,2.75,2.75,14677.0
2021-06-15 14:45:00,NSE:GAL,2.75,2.75,2.75,2.75,4936.0
2021-06-15 14:48:00,NSE:GAL,2.75,2.75,2.75,2.75,225.0
2021-06-15 14:51:00,NSE:GAL,2.75,2.75,2.75,2.75,1162.0
2021-06-15 14:54:00,NSE:GAL,2.75,2.75,2.75,2.75,2000.0
2021-06-15 15:03:00,NSE:GAL,2.75,2.75,2.75,2.75,1000.0
2021-06-15 15:06:00,NSE:GAL,2.75,2.75,2.75,2.75,500.0
2021-06-15 15:09:00,NSE:GAL,2.75,2.75,2.75,2.75,1000.0
2021-06-15 15:15:00,NSE:GAL,2.75,2.75,2.75,2.75,4.0
2021-06-15 15:21:00,NSE:GAL,2.75,2.75,2.75,2.75,54000.0
2021-06-15 15:24:00,NSE:GAL,2.75,2.75,2.75,2.75,507.0
2021-06-15 15:27:00,NSE:GAL,2.75,2.75,2.75,2.75,9007.0
2021-06-16 09:06:00,NSE:GAL,2.85,2.85,2.85,2.85,2444.0
2021-06-16 09:15:00,NSE:GAL,2.8,2.85,2.8,2.85,27655.0
2021-06-16 09:18:00,NSE:GAL,2.85,2.85,2.75,2.75,37087.0
2021-06-16 09:21:00,NSE:GAL,2.8,2.8,2.75,2.75,7259.0
2021-06-16 09:24:00,NSE:GAL,2.8,2.85,2.75,2.85,88379.0
2021-06-16 09:27:00,NSE:GAL,2.85,2.85,2.85,2.85,19937.0
2021-06-16 09:30:00,NSE:GAL,2.85,2.85,2.85,2.85,18884.0
2021-06-16 09:33:00,NSE:GAL,2.85,2.85,2.85,2.85,551.0
2021-06-16 09:36:00,NSE:GAL,2.85,2.85,2.85,2.85,219.0
2021-06-16 09:39:00,NSE:GAL,2.85,2.85,2.85,2.85,1055.0
2021-06-16 09:42:00,NSE:GAL,2.85,2.85,2.85,2.85,40.0
2021-06-16 09:45:00,NSE:GAL,2.85,2.85,2.85,2.85,2500.0
2021-06-16 09:48:00,NSE:GAL,2.85,2.85,2.85,2.85,1658.0
2021-06-16 09:51:00,NSE:GAL,2.85,2.85,2.85,2.85,378.0
2021-06-16 09:54:00,NSE:GAL,2.85,2.85,2.85,2.85,1900.0
2021-06-16 09:57:00,NSE:GAL,2.85,2.85,2.85,2.85,12080.0
2021-06-16 10:03:00,NSE:GAL,2.85,2.85,2.85,2.85,9000.0
2021-06-16 10:06:00,NSE:GAL,2.85,2.85,2.85,2.85,1202.0
2021-06-16 10:09:00,NSE:GAL,2.85,2.85,2.85,2.85,12235.0
2021-06-16 10:12:00,NSE:GAL,2.85,2.85,2.8,2.8,5522.0
2021-06-16 10:15:00,NSE:GAL,2.85,2.85,2.85,2.85,3001.0
2021-06-16 10:21:00,NSE:GAL,2.85,2.85,2.85,2.85,6600.0
2021-06-16 10:24:00,NSE:GAL,2.85,2.85,2.85,2.85,343.0
2021-06-16 10:27:00,NSE:GAL,2.85,2.85,2.8,2.85,4742.0
2021-06-16 10:30:00,NSE:GAL,2.8,2.85,2.8,2.85,5640.0
2021-06-16 10:33:00,NSE:GAL,2.85,2.85,2.8,2.85,5143.0
2021-06-16 10:36:00,NSE:GAL,2.8,2.8,2.8,2.8,16998.0
2021-06-16 10:39:00,NSE:GAL,2.8,2.85,2.8,2.85,6622.0
2021-06-16 10:42:00,NSE:GAL,2.85,2.85,2.8,2.85,730.0
2021-06-16 10:45:00,NSE:GAL,2.85,2.85,2.85,2.85,840.0
2021-06-16 10:48:00,NSE:GAL,2.85,2.85,2.8,2.8,1893.0
2021-06-16 10:51:00,NSE:GAL,2.85,2.85,2.85,2.85,540.0
2021-06-16 10:54:00,NSE:GAL,2.85,2.85,2.85,2.85,3155.0
2021-06-16 10:57:00,NSE:GAL,2.8,2.85,2.8,2.85,1021.0
2021-06-16 11:00:00,NSE:GAL,2.85,2.85,2.85,2.85,8247.0
2021-06-16 11:03:00,NSE:GAL,2.85,2.85,2.85,2.85,3530.0
2021-06-16 11:06:00,NSE:GAL,2.85,2.85,2.8,2.85,6002.0
2021-06-16 11:09:00,NSE:GAL,2.85,2.85,2.85,2.85,2981.0
2021-06-16 11:12:00,NSE:GAL,2.85,2.85,2.85,2.85,1071.0
2021-06-16 11:15:00,NSE:GAL,2.85,2.85,2.8,2.8,10626.0
2021-06-16 11:18:00,NSE:GAL,2.85,2.85,2.85,2.85,8505.0
2021-06-16 11:21:00,NSE:GAL,2.8,2.85,2.8,2.85,5287.0
2021-06-16 11:24:00,NSE:GAL,2.85,2.85,2.8,2.85,6345.0
2021-06-16 11:27:00,NSE:GAL,2.8,2.85,2.8,2.85,6643.0
2021-06-16 11:30:00,NSE:GAL,2.85,2.85,2.8,2.85,1394.0
2021-06-16 11:33:00,NSE:GAL,2.85,2.85,2.85,2.85,259.0
2021-06-16 11:36:00,NSE:GAL,2.8,2.85,2.8,2.8,20793.0
2021-06-16 11:39:00,NSE:GAL,2.85,2.85,2.8,2.8,23.0
2021-06-16 11:42:00,NSE:GAL,2.85,2.85,2.85,2.85,591.0
2021-06-16 11:45:00,NSE:GAL,2.8,2.85,2.8,2.85,3003.0
2021-06-16 11:48:00,NSE:GAL,2.85,2.85,2.7,2.7,99456.0
2021-06-16 11:51:00,NSE:GAL,2.85,2.85,2.85,2.85,68.0
2021-06-16 11:54:00,NSE:GAL,2.85,2.85,2.85,2.85,816.0
2021-06-16 11:57:00,NSE:GAL,2.85,2.85,2.85,2.85,1005.0
2021-06-16 12:00:00,NSE:GAL,2.85,2.85,2.8,2.8,900.0
2021-06-16 12:03:00,NSE:GAL,2.85,2.85,2.8,2.8,4157.0
2021-06-16 12:06:00,NSE:GAL,2.85,2.85,2.8,2.85,3784.0
2021-06-16 12:09:00,NSE:GAL,2.85,2.85,2.85,2.85,5810.0
2021-06-16 12:12:00,NSE:GAL,2.8,2.85,2.8,2.85,1900.0
2021-06-16 12:15:00,NSE:GAL,2.85,2.85,2.85,2.85,366.0
2021-06-16 12:18:00,NSE:GAL,2.85,2.85,2.85,2.85,294.0
2021-06-16 12:21:00,NSE:GAL,2.85,2.85,2.85,2.85,1005.0
2021-06-16 12:24:00,NSE:GAL,2.85,2.85,2.85,2.85,50.0
2021-06-16 12:30:00,NSE:GAL,2.85,2.85,2.85,2.85,1661.0
2021-06-16 12:33:00,NSE:GAL,2.85,2.85,2.85,2.85,225.0
2021-06-16 12:36:00,NSE:GAL,2.85,2.85,2.8,2.8,4508.0
2021-06-16 12:39:00,NSE:GAL,2.85,2.85,2.85,2.85,3.0
2021-06-16 12:42:00,NSE:GAL,2.85,2.85,2.85,2.85,14.0
2021-06-16 12:45:00,NSE:GAL,2.85,2.85,2.85,2.85,20.0
2021-06-16 12:48:00,NSE:GAL,2.8,2.85,2.8,2.85,4409.0
2021-06-16 12:51:00,NSE:GAL,2.8,2.8,2.8,2.8,14301.0
2021-06-16 12:54:00,NSE:GAL,2.8,2.8,2.8,2.8,2248.0
2021-06-16 12:57:00,NSE:GAL,2.8,2.8,2.8,2.8,2257.0
2021-06-16 13:00:00,NSE:GAL,2.8,2.8,2.8,2.8,410.0
2021-06-16 13:03:00,NSE:GAL,2.8,2.8,2.8,2.8,1350.0
2021-06-16 13:06:00,NSE:GAL,2.8,2.8,2.8,2.8,7.0
2021-06-16 13:09:00,NSE:GAL,2.8,2.8,2.8,2.8,3497.0
2021-06-16 13:12:00,NSE:GAL,2.8,2.85,2.8,2.85,1030.0
2021-06-16 13:15:00,NSE:GAL,2.75,2.85,2.75,2.75,736.0
2021-06-16 13:18:00,NSE:GAL,2.85,2.85,2.85,2.85,830.0
2021-06-16 13:21:00,NSE:GAL,2.85,2.85,2.8,2.8,1488.0
2021-06-16 13:24:00,NSE:GAL,2.85,2.85,2.85,2.85,300.0
2021-06-16 13:27:00,NSE:GAL,2.85,2.85,2.85,2.85,1670.0
2021-06-16 13:30:00,NSE:GAL,2.85,2.85,2.85,2.85,156.0
2021-06-16 13:33:00,NSE:GAL,2.85,2.85,2.8,2.85,191.0
2021-06-16 13:39:00,NSE:GAL,2.85,2.85,2.8,2.85,9219.0
2021-06-16 13:42:00,NSE:GAL,2.85,2.85,2.85,2.85,267.0
2021-06-16 13:45:00,NSE:GAL,2.85,2.85,2.85,2.85,1256.0
2021-06-16 13:48:00,NSE:GAL,2.8,2.85,2.8,2.85,373.0
2021-06-16 13:51:00,NSE:GAL,2.85,2.85,2.85,2.85,602.0
2021-06-16 13:54:00,NSE:GAL,2.85,2.85,2.85,2.85,3000.0
2021-06-16 13:57:00,NSE:GAL,2.85,2.85,2.85,2.85,11.0
2021-06-16 14:00:00,NSE:GAL,2.85,2.85,2.85,2.85,533.0
2021-06-16 14:03:00,NSE:GAL,2.85,2.85,2.8,2.8,233.0
2021-06-16 14:06:00,NSE:GAL,2.85,2.85,2.85,2.85,1050.0
2021-06-16 14:09:00,NSE:GAL,2.85,2.85,2.85,2.85,3520.0
2021-06-16 14:12:00,NSE:GAL,2.85,2.85,2.85,2.85,3.0
2021-06-16 14:15:00,NSE:GAL,2.85,2.85,2.85,2.85,1050.0
2021-06-16 14:18:00,NSE:GAL,2.85,2.85,2.85,2.85,1800.0
2021-06-16 14:21:00,NSE:GAL,2.85,2.85,2.85,2.85,776.0
2021-06-16 14:24:00,NSE:GAL,2.85,2.85,2.85,2.85,1014.0
2021-06-16 14:27:00,NSE:GAL,2.85,2.85,2.8,2.8,84.0
2021-06-16 14:30:00,NSE:GAL,2.85,2.85,2.8,2.8,2301.0
2021-06-16 14:33:00,NSE:GAL,2.8,2.8,2.8,2.8,40.0
2021-06-16 14:36:00,NSE:GAL,2.8,2.85,2.8,2.85,1051.0
2021-06-16 14:39:00,NSE:GAL,2.85,2.85,2.85,2.85,100.0
2021-06-16 14:42:00,NSE:GAL,2.85,2.85,2.8,2.85,5051.0
2021-06-16 14:45:00,NSE:GAL,2.85,2.85,2.85,2.85,852.0
2021-06-16 14:48:00,NSE:GAL,2.85,2.85,2.85,2.85,21418.0
2021-06-16 14:51:00,NSE:GAL,2.85,2.85,2.85,2.85,1003.0
2021-06-16 14:54:00,NSE:GAL,2.85,2.85,2.85,2.85,3163.0
2021-06-16 14:57:00,NSE:GAL,2.85,2.85,2.8,2.8,4442.0
2021-06-16 15:00:00,NSE:GAL,2.85,2.85,2.85,2.85,800.0
2021-06-16 15:03:00,NSE:GAL,2.85,2.85,2.8,2.8,11211.0
2021-06-16 15:06:00,NSE:GAL,2.85,2.85,2.8,2.85,2135.0
2021-06-16 15:09:00,NSE:GAL,2.85,2.85,2.85,2.85,3000.0
2021-06-16 15:12:00,NSE:GAL,2.85,2.85,2.85,2.85,50.0
2021-06-16 15:15:00,NSE:GAL,2.85,2.85,2.8,2.8,2000.0
2021-06-16 15:18:00,NSE:GAL,2.85,2.85,2.85,2.85,343.0
2021-06-16 15:21:00,NSE:GAL,2.8,2.8,2.8,2.8,400.0
2021-06-16 15:24:00,NSE:GAL,2.85,2.85,2.85,2.85,866.0
2021-06-16 15:27:00,NSE:GAL,2.85,2.85,2.8,2.85,3673.0
2021-06-17 09:06:00,NSE:GAL,2.95,2.95,2.95,2.95,4204.0
2021-06-17 09:15:00,NSE:GAL,2.9,2.9,2.85,2.9,10272.0
2021-06-17 09:18:00,NSE:GAL,2.9,2.9,2.85,2.9,13817.0
2021-06-17 09:21:00,NSE:GAL,2.9,2.9,2.85,2.9,8975.0
2021-06-17 09:24:00,NSE:GAL,2.9,2.9,2.85,2.9,4602.0
2021-06-17 09:27:00,NSE:GAL,2.9,2.9,2.85,2.85,4349.0
2021-06-17 09:30:00,NSE:GAL,2.9,2.9,2.85,2.9,10429.0
2021-06-17 09:33:00,NSE:GAL,2.9,2.9,2.8,2.9,51060.0
2021-06-17 09:36:00,NSE:GAL,2.85,2.9,2.85,2.85,6938.0
2021-06-17 09:39:00,NSE:GAL,2.9,2.9,2.85,2.85,2050.0
2021-06-17 09:42:00,NSE:GAL,2.9,2.9,2.9,2.9,825.0
2021-06-17 09:45:00,NSE:GAL,2.9,2.9,2.85,2.9,3343.0
2021-06-17 09:48:00,NSE:GAL,2.9,2.9,2.85,2.9,6239.0
2021-06-17 09:51:00,NSE:GAL,2.9,2.9,2.85,2.9,4063.0
2021-06-17 09:54:00,NSE:GAL,2.9,2.9,2.9,2.9,20300.0
2021-06-17 09:57:00,NSE:GAL,2.9,2.9,2.85,2.9,6743.0
2021-06-17 10:00:00,NSE:GAL,2.9,2.9,2.9,2.9,227.0
2021-06-17 10:03:00,NSE:GAL,2.9,2.95,2.9,2.95,4762.0
2021-06-17 10:06:00,NSE:GAL,2.95,2.95,2.9,2.95,3064.0
2021-06-17 10:09:00,NSE:GAL,2.9,2.95,2.9,2.95,636.0
2021-06-17 10:12:00,NSE:GAL,2.95,2.95,2.95,2.95,1426.0
2021-06-17 10:15:00,NSE:GAL,2.95,2.95,2.9,2.95,1645.0
2021-06-17 10:18:00,NSE:GAL,2.95,2.95,2.9,2.9,5561.0
2021-06-17 10:21:00,NSE:GAL,2.95,2.95,2.95,2.95,316.0
2021-06-17 10:24:00,NSE:GAL,2.95,2.95,2.9,2.9,27308.0
2021-06-17 10:27:00,NSE:GAL,2.9,2.9,2.85,2.9,2716.0
2021-06-17 10:30:00,NSE:GAL,2.9,2.9,2.85,2.85,504.0
2021-06-17 10:33:00,NSE:GAL,2.9,2.9,2.85,2.9,42325.0
2021-06-17 10:36:00,NSE:GAL,2.9,2.9,2.9,2.9,607.0
2021-06-17 10:39:00,NSE:GAL,2.9,2.9,2.9,2.9,4017.0
2021-06-17 10:42:00,NSE:GAL,2.9,2.9,2.85,2.9,26629.0
2021-06-17 10:45:00,NSE:GAL,2.85,2.9,2.85,2.9,4721.0
2021-06-17 10:51:00,NSE:GAL,2.9,2.9,2.9,2.9,187.0
2021-06-17 10:54:00,NSE:GAL,2.9,2.9,2.85,2.9,5815.0
2021-06-17 10:57:00,NSE:GAL,2.9,2.9,2.9,2.9,37.0
2021-06-17 11:00:00,NSE:GAL,2.85,2.95,2.85,2.95,7336.0
2021-06-17 11:03:00,NSE:GAL,2.95,2.95,2.95,2.95,1485.0
2021-06-17 11:06:00,NSE:GAL,2.95,2.95,2.9,2.9,5077.0
2021-06-17 11:09:00,NSE:GAL,2.95,2.95,2.9,2.9,1362.0
2021-06-17 11:12:00,NSE:GAL,2.95,2.95,2.95,2.95,53.0
2021-06-17 11:15:00,NSE:GAL,2.95,2.95,2.9,2.95,3350.0
2021-06-17 11:18:00,NSE:GAL,2.95,2.95,2.9,2.95,2848.0
2021-06-17 11:21:00,NSE:GAL,2.9,2.95,2.9,2.95,2399.0
2021-06-17 11:24:00,NSE:GAL,2.95,2.95,2.9,2.95,20892.0
2021-06-17 11:27:00,NSE:GAL,2.9,2.95,2.9,2.95,945.0
2021-06-17 11:30:00,NSE:GAL,2.95,2.95,2.9,2.95,787.0
2021-06-17 11:33:00,NSE:GAL,2.95,2.95,2.9,2.9,501.0
2021-06-17 11:36:00,NSE:GAL,2.95,2.95,2.9,2.9,300.0
2021-06-17 11:39:00,NSE:GAL,2.95,2.95,2.95,2.95,1050.0
2021-06-17 11:42:00,NSE:GAL,2.9,2.95,2.9,2.95,1248.0
2021-06-17 11:45:00,NSE:GAL,2.95,2.95,2.95,2.95,4700.0
2021-06-17 11:48:00,NSE:GAL,2.95,2.95,2.9,2.9,15562.0
2021-06-17 11:51:00,NSE:GAL,2.95,2.95,2.95,2.95,269.0
2021-06-17 11:57:00,NSE:GAL,2.95,2.95,2.95,2.95,3205.0
2021-06-17 12:00:00,NSE:GAL,2.95,2.95,2.95,2.95,6236.0
2021-06-17 12:03:00,NSE:GAL,2.9,2.95,2.9,2.95,2033.0
2021-06-17 12:06:00,NSE:GAL,2.95,2.95,2.95,2.95,6694.0
2021-06-17 12:09:00,NSE:GAL,2.95,2.95,2.9,2.95,2639.0
2021-06-17 12:12:00,NSE:GAL,2.95,2.95,2.95,2.95,7.0
2021-06-17 12:15:00,NSE:GAL,2.95,2.95,2.85,2.95,50053.0
2021-06-17 12:21:00,NSE:GAL,2.95,2.95,2.95,2.95,1400.0
2021-06-17 12:24:00,NSE:GAL,2.95,2.95,2.95,2.95,693.0
2021-06-17 12:27:00,NSE:GAL,2.9,2.95,2.9,2.95,4350.0
2021-06-17 12:30:00,NSE:GAL,2.95,2.95,2.95,2.95,8604.0
2021-06-17 12:33:00,NSE:GAL,2.95,2.95,2.9,2.95,698.0
2021-06-17 12:36:00,NSE:GAL,2.95,2.95,2.95,2.95,1423.0
2021-06-17 12:39:00,NSE:GAL,2.95,2.95,2.95,2.95,300.0
2021-06-17 12:42:00,NSE:GAL,2.95,2.95,2.95,2.95,1416.0
2021-06-17 12:45:00,NSE:GAL,2.95,2.95,2.95,2.95,14750.0
2021-06-17 12:48:00,NSE:GAL,2.95,2.95,2.95,2.95,3644.0
2021-06-17 12:51:00,NSE:GAL,2.95,2.95,2.95,2.95,15.0
2021-06-17 12:54:00,NSE:GAL,2.95,2.95,2.95,2.95,559.0
2021-06-17 12:57:00,NSE:GAL,2.95,2.95,2.9,2.95,940.0
2021-06-17 13:00:00,NSE:GAL,2.95,2.95,2.9,2.9,501.0
2021-06-17 13:03:00,NSE:GAL,2.95,2.95,2.95,2.95,2208.0
2021-06-17 13:06:00,NSE:GAL,2.9,2.95,2.9,2.9,5148.0
2021-06-17 13:09:00,NSE:GAL,2.9,2.95,2.9,2.95,532.0
2021-06-17 13:15:00,NSE:GAL,2.95,2.95,2.9,2.9,2168.0
2021-06-17 13:18:00,NSE:GAL,2.9,2.95,2.9,2.95,17.0
2021-06-17 13:21:00,NSE:GAL,2.95,2.95,2.9,2.95,314.0
2021-06-17 13:24:00,NSE:GAL,2.95,2.95,2.9,2.95,79.0
2021-06-17 13:27:00,NSE:GAL,2.95,2.95,2.95,2.95,25100.0
2021-06-17 13:30:00,NSE:GAL,2.9,2.9,2.9,2.9,21465.0
2021-06-17 13:33:00,NSE:GAL,2.9,2.95,2.9,2.95,3537.0
2021-06-17 13:39:00,NSE:GAL,2.95,2.95,2.95,2.95,1033.0
2021-06-17 13:42:00,NSE:GAL,2.9,2.95,2.9,2.9,3482.0
2021-06-17 13:45:00,NSE:GAL,2.95,2.95,2.9,2.9,1084.0
2021-06-17 13:48:00,NSE:GAL,2.95,2.95,2.9,2.95,14769.0
2021-06-17 13:51:00,NSE:GAL,2.95,2.95,2.9,2.95,217.0
2021-06-17 13:54:00,NSE:GAL,2.95,2.95,2.95,2.95,302.0
2021-06-17 13:57:00,NSE:GAL,2.95,2.95,2.95,2.95,3444.0
2021-06-17 14:00:00,NSE:GAL,2.95,2.95,2.95,2.95,565.0
2021-06-17 14:03:00,NSE:GAL,2.95,2.95,2.95,2.95,713.0
2021-06-17 14:06:00,NSE:GAL,2.95,2.95,2.95,2.95,765.0
2021-06-17 14:09:00,NSE:GAL,2.95,2.95,2.95,2.95,730.0
2021-06-17 14:12:00,NSE:GAL,2.95,2.95,2.95,2.95,16861.0
2021-06-17 14:15:00,NSE:GAL,2.95,2.95,2.9,2.95,570.0
2021-06-17 14:18:00,NSE:GAL,2.95,2.95,2.95,2.95,5911.0
2021-06-17 14:21:00,NSE:GAL,2.95,2.95,2.9,2.9,11020.0
2021-06-17 14:27:00,NSE:GAL,2.9,2.95,2.9,2.95,11.0
2021-06-17 14:30:00,NSE:GAL,2.9,2.9,2.9,2.9,597.0
2021-06-17 14:33:00,NSE:GAL,2.95,2.95,2.95,2.95,16.0
2021-06-17 14:36:00,NSE:GAL,2.9,2.9,2.9,2.9,1000.0
2021-06-17 14:39:00,NSE:GAL,2.9,2.95,2.9,2.95,2172.0
2021-06-17 14:42:00,NSE:GAL,2.95,2.95,2.95,2.95,424.0
2021-06-17 14:45:00,NSE:GAL,2.9,2.95,2.85,2.85,40207.0
2021-06-17 14:48:00,NSE:GAL,2.9,2.95,2.9,2.95,606.0
2021-06-17 14:51:00,NSE:GAL,2.95,2.95,2.95,2.95,696.0
2021-06-17 14:54:00,NSE:GAL,2.95,2.95,2.95,2.95,1000.0
2021-06-17 14:57:00,NSE:GAL,2.95,2.95,2.95,2.95,1822.0
2021-06-17 15:00:00,NSE:GAL,2.95,2.95,2.95,2.95,917.0
2021-06-17 15:03:00,NSE:GAL,2.95,2.95,2.9,2.95,5614.0
2021-06-17 15:06:00,NSE:GAL,2.95,2.95,2.95,2.95,1050.0
2021-06-17 15:09:00,NSE:GAL,2.95,2.95,2.95,2.95,265.0
2021-06-17 15:12:00,NSE:GAL,2.9,2.95,2.9,2.95,1060.0
2021-06-17 15:15:00,NSE:GAL,2.95,2.95,2.95,2.95,8301.0
2021-06-17 15:18:00,NSE:GAL,2.95,2.95,2.9,2.9,10833.0
2021-06-17 15:21:00,NSE:GAL,2.9,2.95,2.9,2.9,12548.0
2021-06-17 15:24:00,NSE:GAL,2.95,2.95,2.85,2.85,19509.0
2021-06-17 15:27:00,NSE:GAL,2.9,2.95,2.9,2.95,3341.0
2021-06-18 09:06:00,NSE:GAL,3.0,3.0,3.0,3.0,974.0
2021-06-18 09:15:00,NSE:GAL,3.0,3.0,3.0,3.0,70373.0
2021-06-18 09:18:00,NSE:GAL,3.0,3.0,3.0,3.0,41460.0
2021-06-18 09:21:00,NSE:GAL,3.0,3.0,3.0,3.0,12734.0
2021-06-18 09:24:00,NSE:GAL,3.0,3.0,3.0,3.0,22613.0
2021-06-18 09:27:00,NSE:GAL,3.0,3.0,3.0,3.0,10000.0
2021-06-18 09:30:00,NSE:GAL,3.0,3.0,3.0,3.0,7460.0
2021-06-18 09:33:00,NSE:GAL,3.0,3.0,3.0,3.0,1935.0
2021-06-18 09:36:00,NSE:GAL,3.0,3.0,3.0,3.0,149.0
2021-06-18 09:39:00,NSE:GAL,3.0,3.0,3.0,3.0,1000.0
2021-06-18 09:42:00,NSE:GAL,3.0,3.0,3.0,3.0,1633.0
2021-06-18 09:45:00,NSE:GAL,3.0,3.0,3.0,3.0,5215.0
2021-06-18 09:48:00,NSE:GAL,3.0,3.0,3.0,3.0,3252.0
2021-06-18 09:51:00,NSE:GAL,3.0,3.0,3.0,3.0,1.0
2021-06-18 09:54:00,NSE:GAL,3.0,3.0,3.0,3.0,844.0
2021-06-18 10:00:00,NSE:GAL,3.0,3.0,3.0,3.0,200.0
2021-06-18 10:06:00,NSE:GAL,3.0,3.0,3.0,3.0,152.0
2021-06-18 10:09:00,NSE:GAL,3.0,3.0,3.0,3.0,5000.0
2021-06-18 10:12:00,NSE:GAL,3.0,3.0,3.0,3.0,1050.0
2021-06-18 10:15:00,NSE:GAL,3.0,3.0,3.0,3.0,745.0
2021-06-18 10:18:00,NSE:GAL,3.0,3.0,3.0,3.0,4.0
2021-06-18 10:21:00,NSE:GAL,3.0,3.0,3.0,3.0,9000.0
2021-06-18 10:24:00,NSE:GAL,3.0,3.0,3.0,3.0,4665.0
2021-06-18 10:27:00,NSE:GAL,3.0,3.0,3.0,3.0,20000.0
2021-06-18 10:30:00,NSE:GAL,3.0,3.0,3.0,3.0,5300.0
2021-06-18 10:36:00,NSE:GAL,3.0,3.0,3.0,3.0,3750.0
2021-06-18 10:39:00,NSE:GAL,3.0,3.0,3.0,3.0,4301.0
2021-06-18 10:42:00,NSE:GAL,3.0,3.0,3.0,3.0,26271.0
2021-06-18 10:45:00,NSE:GAL,3.0,3.0,2.9,3.0,44232.0
2021-06-18 10:48:00,NSE:GAL,2.9,3.0,2.9,2.95,11366.0
2021-06-18 10:51:00,NSE:GAL,2.9,2.95,2.85,2.85,23246.0
2021-06-18 10:54:00,NSE:GAL,2.85,2.95,2.85,2.85,8525.0
2021-06-18 10:57:00,NSE:GAL,2.9,2.9,2.85,2.85,6843.0
2021-06-18 11:00:00,NSE:GAL,2.85,2.85,2.8,2.8,7047.0
2021-06-18 11:03:00,NSE:GAL,2.8,2.85,2.8,2.8,53019.0
2021-06-18 11:06:00,NSE:GAL,2.8,2.85,2.8,2.8,4309.0
2021-06-18 11:09:00,NSE:GAL,2.85,2.85,2.8,2.85,1253.0
2021-06-18 11:12:00,NSE:GAL,2.85,2.85,2.8,2.8,47926.0
2021-06-18 11:15:00,NSE:GAL,2.85,2.85,2.8,2.85,9672.0
2021-06-18 11:18:00,NSE:GAL,2.85,2.85,2.8,2.85,17664.0
2021-06-18 11:21:00,NSE:GAL,2.85,2.85,2.8,2.8,4335.0
2021-06-18 11:24:00,NSE:GAL,2.85,2.85,2.8,2.85,3044.0
2021-06-18 11:27:00,NSE:GAL,2.85,2.85,2.8,2.85,3349.0
2021-06-18 11:30:00,NSE:GAL,2.85,2.85,2.8,2.8,37235.0
2021-06-18 11:33:00,NSE:GAL,2.8,2.8,2.8,2.8,671.0
2021-06-18 11:36:00,NSE:GAL,2.8,2.8,2.8,2.8,987.0
2021-06-18 11:39:00,NSE:GAL,2.8,2.8,2.8,2.8,500.0
2021-06-18 11:42:00,NSE:GAL,2.8,2.8,2.8,2.8,341.0
2021-06-18 11:45:00,NSE:GAL,2.8,2.8,2.8,2.8,42.0
2021-06-18 11:48:00,NSE:GAL,2.8,2.8,2.8,2.8,1198.0
2021-06-18 11:51:00,NSE:GAL,2.8,2.8,2.8,2.8,871.0
2021-06-18 11:54:00,NSE:GAL,2.8,2.8,2.8,2.8,250.0
2021-06-18 11:57:00,NSE:GAL,2.8,2.8,2.8,2.8,81.0
2021-06-18 12:00:00,NSE:GAL,2.8,2.8,2.8,2.8,564.0
2021-06-18 12:03:00,NSE:GAL,2.8,2.8,2.8,2.8,2117.0
2021-06-18 12:06:00,NSE:GAL,2.8,2.8,2.8,2.8,7138.0
2021-06-18 12:09:00,NSE:GAL,2.8,2.8,2.8,2.8,71.0
2021-06-18 12:12:00,NSE:GAL,2.8,2.8,2.8,2.8,5170.0
2021-06-18 12:15:00,NSE:GAL,2.8,2.8,2.8,2.8,1000.0
2021-06-18 12:18:00,NSE:GAL,2.8,2.8,2.8,2.8,3280.0
2021-06-18 12:21:00,NSE:GAL,2.8,2.8,2.8,2.8,17500.0
2021-06-18 12:24:00,NSE:GAL,2.8,2.8,2.8,2.8,316.0
2021-06-18 12:27:00,NSE:GAL,2.8,2.85,2.8,2.85,65625.0
2021-06-18 12:30:00,NSE:GAL,2.85,2.85,2.85,2.85,853.0
2021-06-18 12:33:00,NSE:GAL,2.8,2.8,2.8,2.8,1126.0
2021-06-18 12:36:00,NSE:GAL,2.85,2.9,2.8,2.9,1948.0
2021-06-18 12:39:00,NSE:GAL,2.9,2.9,2.9,2.9,100.0
2021-06-18 12:42:00,NSE:GAL,2.85,2.85,2.85,2.85,2092.0
2021-06-18 12:45:00,NSE:GAL,2.9,2.9,2.9,2.9,6500.0
2021-06-18 12:48:00,NSE:GAL,2.9,2.95,2.85,2.85,1440.0
2021-06-18 12:57:00,NSE:GAL,2.9,2.9,2.9,2.9,92.0
2021-06-18 13:00:00,NSE:GAL,2.85,2.9,2.85,2.9,4058.0
2021-06-18 13:03:00,NSE:GAL,2.9,2.9,2.9,2.9,7228.0
2021-06-18 13:06:00,NSE:GAL,2.85,2.9,2.85,2.9,3036.0
2021-06-18 13:09:00,NSE:GAL,2.9,2.9,2.85,2.9,21.0
2021-06-18 13:12:00,NSE:GAL,2.85,2.85,2.85,2.85,1.0
2021-06-18 13:15:00,NSE:GAL,2.9,2.9,2.85,2.85,1089.0
2021-06-18 13:18:00,NSE:GAL,2.9,2.9,2.9,2.9,105.0
2021-06-18 13:21:00,NSE:GAL,2.9,2.9,2.9,2.9,9.0
2021-06-18 13:24:00,NSE:GAL,2.9,2.9,2.9,2.9,1317.0
2021-06-18 13:27:00,NSE:GAL,2.9,2.9,2.85,2.9,2126.0
2021-06-18 13:36:00,NSE:GAL,2.9,2.9,2.9,2.9,2967.0
2021-06-18 13:39:00,NSE:GAL,2.9,2.9,2.85,2.85,165.0
2021-06-18 13:42:00,NSE:GAL,2.9,2.9,2.9,2.9,805.0
2021-06-18 13:45:00,NSE:GAL,2.9,2.9,2.9,2.9,6001.0
2021-06-18 13:48:00,NSE:GAL,2.9,2.9,2.9,2.9,15796.0
2021-06-18 13:51:00,NSE:GAL,2.9,2.95,2.9,2.9,3003.0
2021-06-18 13:54:00,NSE:GAL,2.9,2.9,2.9,2.9,7002.0
2021-06-18 13:57:00,NSE:GAL,2.9,2.95,2.9,2.95,426.0
2021-06-18 14:00:00,NSE:GAL,2.95,2.95,2.95,2.95,1442.0
2021-06-18 14:03:00,NSE:GAL,2.9,2.9,2.9,2.9,100.0
2021-06-18 14:06:00,NSE:GAL,2.95,3.0,2.95,3.0,6856.0
2021-06-18 14:09:00,NSE:GAL,3.0,3.0,3.0,3.0,1062.0
2021-06-18 14:12:00,NSE:GAL,3.0,3.0,2.95,2.95,2673.0
2021-06-18 14:15:00,NSE:GAL,3.0,3.0,3.0,3.0,8785.0
2021-06-18 14:18:00,NSE:GAL,3.0,3.0,2.95,3.0,6138.0
2021-06-18 14:21:00,NSE:GAL,2.95,3.0,2.95,3.0,60.0
2021-06-18 14:24:00,NSE:GAL,3.0,3.0,3.0,3.0,104.0
2021-06-18 14:27:00,NSE:GAL,2.95,3.0,2.95,3.0,2211.0
2021-06-18 14:30:00,NSE:GAL,3.0,3.0,2.95,2.95,1055.0
2021-06-18 14:33:00,NSE:GAL,3.0,3.0,3.0,3.0,1307.0
2021-06-18 14:36:00,NSE:GAL,3.0,3.0,3.0,3.0,5045.0
2021-06-18 14:39:00,NSE:GAL,3.0,3.0,2.95,2.95,7091.0
2021-06-18 14:42:00,NSE:GAL,3.0,3.0,2.95,3.0,1499.0
2021-06-18 14:45:00,NSE:GAL,3.0,3.0,3.0,3.0,78.0
2021-06-18 14:48:00,NSE:GAL,3.0,3.0,2.9,3.0,4174.0
2021-06-18 14:51:00,NSE:GAL,3.0,3.0,3.0,3.0,2212.0
2021-06-18 14:54:00,NSE:GAL,3.0,3.0,2.95,2.95,958.0
2021-06-18 14:57:00,NSE:GAL,2.95,2.95,2.95,2.95,630.0
2021-06-18 15:00:00,NSE:GAL,2.95,2.95,2.9,2.95,2205.0
2021-06-18 15:03:00,NSE:GAL,2.95,2.95,2.9,2.95,858.0
2021-06-18 15:06:00,NSE:GAL,2.9,2.95,2.9,2.95,27.0
2021-06-18 15:09:00,NSE:GAL,2.9,3.0,2.9,2.95,3516.0
2021-06-18 15:12:00,NSE:GAL,2.95,2.95,2.95,2.95,3497.0
2021-06-18 15:15:00,NSE:GAL,2.95,3.0,2.95,3.0,921.0
2021-06-18 15:18:00,NSE:GAL,3.0,3.0,2.95,2.95,334.0
2021-06-18 15:21:00,NSE:GAL,2.95,3.0,2.95,3.0,589.0
2021-06-18 15:24:00,NSE:GAL,3.0,3.0,2.95,2.95,13966.0
2021-06-18 15:27:00,NSE:GAL,3.0,3.0,2.95,2.95,5404.0
