datetime,symbol,open,high,low,close,volume
2018-08-29 09:00:00,NSE:HINDOILEXP,153.6,156.2,153.2,154.05,299226.0
2018-08-29 10:00:00,NSE:HINDOILEXP,154.2,157.5,153.6,155.5,245319.0
2018-08-29 11:00:00,NSE:HINDOILEXP,155.4,155.55,154.0,154.5,65006.0
2018-08-29 12:00:00,NSE:HINDOILEXP,154.7,154.7,151.95,152.6,97711.0
2018-08-29 13:00:00,NSE:HINDOILEXP,152.65,153.3,152.25,152.85,26542.0
2018-08-29 14:00:00,NSE:HINDOILEXP,152.95,154.1,152.5,152.8,54433.0
2018-08-29 15:00:00,NSE:HINDOILEXP,152.95,153.8,152.2,153.2,181142.0
2018-08-30 09:00:00,NSE:HINDOILEXP,154.9,155.95,153.05,153.7,208660.0
2018-08-30 10:00:00,NSE:HINDOILEXP,153.6,156.2,153.1,154.4,234111.0
2018-08-30 11:00:00,NSE:HINDOILEXP,154.4,154.7,153.35,154.25,87424.0
2018-08-30 12:00:00,NSE:HINDOILEXP,154.25,154.5,153.75,154.2,28761.0
2018-08-30 13:00:00,NSE:HINDOILEXP,154.2,154.2,153.25,153.55,23741.0
2018-08-30 14:00:00,NSE:HINDOILEXP,153.5,154.8,152.95,153.6,90998.0
2018-08-30 15:00:00,NSE:HINDOILEXP,153.8,154.5,153.1,153.8,126540.0
2018-08-31 09:00:00,NSE:HINDOILEXP,154.2,155.9,153.35,154.85,139805.0
2018-08-31 10:00:00,NSE:HINDOILEXP,154.85,155.0,154.05,154.15,53981.0
2018-08-31 11:00:00,NSE:HINDOILEXP,154.2,157.5,153.1,155.9,276948.0
2018-08-31 12:00:00,NSE:HINDOILEXP,155.85,156.0,154.25,154.5,83064.0
2018-08-31 13:00:00,NSE:HINDOILEXP,154.15,155.3,153.8,154.3,55125.0
2018-08-31 14:00:00,NSE:HINDOILEXP,154.6,155.8,153.75,153.75,103939.0
2018-08-31 15:00:00,NSE:HINDOILEXP,153.7,154.45,153.05,153.75,153600.0
2018-09-03 09:00:00,NSE:HINDOILEXP,154.05,154.5,152.1,153.1,130150.0
2018-09-03 10:00:00,NSE:HINDOILEXP,152.95,154.4,152.5,152.8,77720.0
2018-09-03 11:00:00,NSE:HINDOILEXP,153.1,153.15,152.4,152.6,36075.0
2018-09-03 12:00:00,NSE:HINDOILEXP,152.7,152.7,151.8,152.25,44804.0
2018-09-03 13:00:00,NSE:HINDOILEXP,152.15,152.5,151.7,151.9,21704.0
2018-09-03 14:00:00,NSE:HINDOILEXP,151.7,151.7,150.4,150.45,59524.0
2018-09-03 15:00:00,NSE:HINDOILEXP,150.35,150.7,148.3,149.5,148927.0
2018-09-04 09:00:00,NSE:HINDOILEXP,150.2,150.8,147.6,149.25,125180.0
2018-09-04 10:00:00,NSE:HINDOILEXP,149.2,149.55,148.2,148.6,44106.0
2018-09-04 11:00:00,NSE:HINDOILEXP,148.6,149.15,148.2,148.95,25791.0
2018-09-04 12:00:00,NSE:HINDOILEXP,148.8,149.4,148.55,148.9,35113.0
2018-09-04 13:00:00,NSE:HINDOILEXP,148.8,149.2,147.2,147.8,58923.0
2018-09-04 14:00:00,NSE:HINDOILEXP,147.8,148.4,145.5,145.85,147664.0
2018-09-04 15:00:00,NSE:HINDOILEXP,145.8,148.1,145.5,146.85,140461.0
2018-09-05 09:00:00,NSE:HINDOILEXP,148.8,151.8,147.1,150.2,345153.0
2018-09-05 10:00:00,NSE:HINDOILEXP,150.0,151.6,149.55,150.05,87654.0
2018-09-05 11:00:00,NSE:HINDOILEXP,150.05,150.4,149.15,149.4,66326.0
2018-09-05 12:00:00,NSE:HINDOILEXP,149.4,149.7,146.1,146.6,80872.0
2018-09-05 13:00:00,NSE:HINDOILEXP,146.6,149.15,146.6,148.25,71596.0
2018-09-05 14:00:00,NSE:HINDOILEXP,148.25,152.25,147.7,150.65,201351.0
2018-09-05 15:00:00,NSE:HINDOILEXP,150.5,152.4,150.35,151.5,138381.0
2018-09-06 09:00:00,NSE:HINDOILEXP,152.6,152.6,150.3,150.7,68605.0
2018-09-06 10:00:00,NSE:HINDOILEXP,150.7,151.6,150.1,150.65,54397.0
2018-09-06 11:00:00,NSE:HINDOILEXP,150.55,150.85,149.1,149.65,40840.0
2018-09-06 12:00:00,NSE:HINDOILEXP,149.8,149.9,148.6,149.0,51641.0
2018-09-06 13:00:00,NSE:HINDOILEXP,149.0,150.3,149.0,150.05,34124.0
2018-09-06 14:00:00,NSE:HINDOILEXP,150.05,151.1,149.75,150.1,51237.0
2018-09-06 15:00:00,NSE:HINDOILEXP,150.0,151.25,150.0,150.65,46777.0
2018-09-07 09:00:00,NSE:HINDOILEXP,150.5,150.55,148.3,149.25,117656.0
2018-09-07 10:00:00,NSE:HINDOILEXP,149.15,151.5,149.0,151.0,99407.0
2018-09-07 11:00:00,NSE:HINDOILEXP,151.0,151.0,149.2,149.75,51847.0
2018-09-07 12:00:00,NSE:HINDOILEXP,149.55,149.9,149.1,149.1,11337.0
2018-09-07 13:00:00,NSE:HINDOILEXP,149.35,150.7,149.1,149.4,30323.0
2018-09-07 14:00:00,NSE:HINDOILEXP,149.6,149.65,149.1,149.6,19756.0
2018-09-07 15:00:00,NSE:HINDOILEXP,149.6,149.75,148.5,148.5,379779.0
2018-09-10 09:00:00,NSE:HINDOILEXP,149.7,149.75,148.25,148.5,64478.0
2018-09-10 10:00:00,NSE:HINDOILEXP,148.5,148.95,148.1,148.45,34169.0
2018-09-10 11:00:00,NSE:HINDOILEXP,148.25,148.65,147.6,148.0,30640.0
2018-09-10 12:00:00,NSE:HINDOILEXP,148.05,148.35,147.25,147.85,23688.0
2018-09-10 13:00:00,NSE:HINDOILEXP,147.85,148.75,147.65,148.2,18213.0
2018-09-10 14:00:00,NSE:HINDOILEXP,148.4,148.7,147.55,148.2,30469.0
2018-09-10 15:00:00,NSE:HINDOILEXP,148.1,148.6,147.15,148.05,56734.0
2018-09-11 09:00:00,NSE:HINDOILEXP,148.1,148.55,147.2,147.6,54884.0
2018-09-11 10:00:00,NSE:HINDOILEXP,147.6,148.0,147.0,147.2,63688.0
2018-09-11 11:00:00,NSE:HINDOILEXP,147.3,147.45,146.0,146.3,41915.0
2018-09-11 12:00:00,NSE:HINDOILEXP,146.2,147.3,145.55,146.3,93178.0
2018-09-11 13:00:00,NSE:HINDOILEXP,146.25,147.1,145.7,145.75,36089.0
2018-09-11 14:00:00,NSE:HINDOILEXP,145.75,145.95,141.8,142.2,112954.0
2018-09-11 15:00:00,NSE:HINDOILEXP,142.2,142.8,140.7,141.75,111517.0
2018-09-12 09:00:00,NSE:HINDOILEXP,142.7,143.5,140.85,141.1,152169.0
2018-09-12 10:00:00,NSE:HINDOILEXP,141.15,142.5,139.3,141.25,93182.0
2018-09-12 11:00:00,NSE:HINDOILEXP,141.2,141.9,139.8,140.35,75371.0
2018-09-12 12:00:00,NSE:HINDOILEXP,140.25,140.45,138.2,139.0,57567.0
2018-09-12 13:00:00,NSE:HINDOILEXP,139.4,140.25,138.5,140.2,57339.0
2018-09-12 14:00:00,NSE:HINDOILEXP,140.25,141.25,140.0,140.55,40211.0
2018-09-12 15:00:00,NSE:HINDOILEXP,140.65,143.6,140.2,142.15,131865.0
2018-09-14 09:00:00,NSE:HINDOILEXP,143.9,145.3,142.6,143.6,166459.0
2018-09-14 10:00:00,NSE:HINDOILEXP,143.55,144.8,143.2,144.15,64108.0
2018-09-14 11:00:00,NSE:HINDOILEXP,144.4,144.9,142.8,143.2,46692.0
2018-09-14 12:00:00,NSE:HINDOILEXP,143.2,143.7,142.1,142.5,38310.0
2018-09-14 13:00:00,NSE:HINDOILEXP,142.55,144.4,142.45,143.8,38107.0
2018-09-14 14:00:00,NSE:HINDOILEXP,143.65,143.85,142.2,142.5,25029.0
2018-09-14 15:00:00,NSE:HINDOILEXP,142.5,143.75,141.2,142.15,69825.0
2018-09-17 09:00:00,NSE:HINDOILEXP,141.5,144.5,139.65,144.5,163520.0
2018-09-17 10:00:00,NSE:HINDOILEXP,144.45,147.75,144.1,146.65,192417.0
2018-09-17 11:00:00,NSE:HINDOILEXP,146.7,147.4,146.55,146.85,42721.0
2018-09-17 12:00:00,NSE:HINDOILEXP,146.95,147.5,146.7,147.05,35167.0
2018-09-17 13:00:00,NSE:HINDOILEXP,147.05,148.7,146.7,148.4,84354.0
2018-09-17 14:00:00,NSE:HINDOILEXP,148.4,148.6,146.9,147.0,55467.0
2018-09-17 15:00:00,NSE:HINDOILEXP,147.0,147.8,146.55,147.25,93782.0
2018-09-18 09:00:00,NSE:HINDOILEXP,148.0,148.25,146.3,146.75,54542.0
2018-09-18 10:00:00,NSE:HINDOILEXP,146.75,155.55,146.6,152.5,715860.0
2018-09-18 11:00:00,NSE:HINDOILEXP,152.35,152.7,151.35,152.1,84002.0
2018-09-18 12:00:00,NSE:HINDOILEXP,152.15,152.35,150.6,151.6,61061.0
2018-09-18 13:00:00,NSE:HINDOILEXP,151.5,151.8,149.4,150.25,116185.0
2018-09-18 14:00:00,NSE:HINDOILEXP,150.1,150.7,147.25,147.65,93369.0
2018-09-18 15:00:00,NSE:HINDOILEXP,147.65,150.5,146.8,148.6,150084.0
2018-09-19 09:00:00,NSE:HINDOILEXP,151.2,153.5,150.25,152.2,248382.0
2018-09-19 10:00:00,NSE:HINDOILEXP,152.15,152.9,151.5,151.85,62187.0
2018-09-19 11:00:00,NSE:HINDOILEXP,151.65,152.15,151.3,151.65,48859.0
2018-09-19 12:00:00,NSE:HINDOILEXP,151.7,151.8,150.3,150.35,56681.0
2018-09-19 13:00:00,NSE:HINDOILEXP,150.35,151.0,148.9,150.0,76461.0
2018-09-19 14:00:00,NSE:HINDOILEXP,150.0,150.05,148.05,149.25,112274.0
2018-09-19 15:00:00,NSE:HINDOILEXP,149.25,150.9,149.0,149.95,137589.0
2018-09-21 09:00:00,NSE:HINDOILEXP,150.5,151.5,147.6,148.15,101458.0
2018-09-21 10:00:00,NSE:HINDOILEXP,148.2,148.2,146.1,146.75,65264.0
2018-09-21 11:00:00,NSE:HINDOILEXP,146.85,147.15,146.1,146.45,22030.0
2018-09-21 12:00:00,NSE:HINDOILEXP,146.5,146.9,142.5,143.0,59002.0
2018-09-21 13:00:00,NSE:HINDOILEXP,142.85,142.85,131.7,137.0,326164.0
2018-09-21 14:00:00,NSE:HINDOILEXP,138.25,138.4,134.4,137.05,147623.0
2018-09-21 15:00:00,NSE:HINDOILEXP,137.0,141.55,135.6,138.85,304308.0
2018-09-24 09:00:00,NSE:HINDOILEXP,139.3,140.55,136.35,137.5,127250.0
2018-09-24 10:00:00,NSE:HINDOILEXP,137.4,138.6,136.45,137.7,62435.0
2018-09-24 11:00:00,NSE:HINDOILEXP,137.75,137.95,135.55,136.1,42637.0
2018-09-24 12:00:00,NSE:HINDOILEXP,136.2,136.3,134.1,135.8,76510.0
2018-09-24 13:00:00,NSE:HINDOILEXP,135.85,136.55,134.3,135.25,41778.0
2018-09-24 14:00:00,NSE:HINDOILEXP,135.05,136.4,134.1,135.3,49735.0
2018-09-24 15:00:00,NSE:HINDOILEXP,135.55,136.0,133.65,135.0,56605.0
2018-09-25 09:00:00,NSE:HINDOILEXP,135.0,136.95,133.45,136.2,117211.0
2018-09-25 10:00:00,NSE:HINDOILEXP,136.0,136.45,134.35,135.9,78271.0
2018-09-25 11:00:00,NSE:HINDOILEXP,135.9,136.85,133.8,135.0,68982.0
2018-09-25 12:00:00,NSE:HINDOILEXP,135.0,135.45,134.15,134.45,25882.0
2018-09-25 13:00:00,NSE:HINDOILEXP,134.3,134.8,131.75,133.2,56789.0
2018-09-25 14:00:00,NSE:HINDOILEXP,133.2,134.75,132.0,134.25,45053.0
2018-09-25 15:00:00,NSE:HINDOILEXP,134.85,135.9,133.15,134.7,99106.0
2018-09-26 09:00:00,NSE:HINDOILEXP,135.45,135.65,133.5,134.5,115552.0
2018-09-26 10:00:00,NSE:HINDOILEXP,134.5,135.0,134.0,134.85,30769.0
2018-09-26 11:00:00,NSE:HINDOILEXP,134.5,134.7,133.05,133.9,16320.0
2018-09-26 12:00:00,NSE:HINDOILEXP,133.75,134.7,131.85,132.25,60689.0
2018-09-26 13:00:00,NSE:HINDOILEXP,132.35,133.0,131.85,133.0,20978.0
2018-09-26 14:00:00,NSE:HINDOILEXP,132.9,133.85,132.4,133.0,29650.0
2018-09-26 15:00:00,NSE:HINDOILEXP,133.0,133.4,132.0,132.3,78874.0
2018-09-27 09:00:00,NSE:HINDOILEXP,133.5,133.75,132.6,133.25,60649.0
2018-09-27 10:00:00,NSE:HINDOILEXP,133.3,133.55,132.5,132.9,35996.0
2018-09-27 11:00:00,NSE:HINDOILEXP,132.55,132.85,131.4,132.15,25043.0
2018-09-27 12:00:00,NSE:HINDOILEXP,132.25,133.35,132.05,132.05,38284.0
2018-09-27 13:00:00,NSE:HINDOILEXP,132.05,132.4,131.4,132.15,13635.0
2018-09-27 14:00:00,NSE:HINDOILEXP,132.15,132.55,131.6,131.65,39154.0
2018-09-27 15:00:00,NSE:HINDOILEXP,131.65,132.5,131.05,131.7,48951.0
2018-09-28 09:00:00,NSE:HINDOILEXP,132.9,133.3,127.8,128.8,134975.0
2018-09-28 10:00:00,NSE:HINDOILEXP,128.6,129.5,126.45,128.55,81910.0
2018-09-28 11:00:00,NSE:HINDOILEXP,128.55,129.5,127.65,128.8,35915.0
2018-09-28 12:00:00,NSE:HINDOILEXP,128.6,128.85,127.4,127.7,49212.0
2018-09-28 13:00:00,NSE:HINDOILEXP,127.6,128.0,124.4,124.8,108125.0
2018-09-28 14:00:00,NSE:HINDOILEXP,124.8,126.9,124.0,124.3,104086.0
2018-09-28 15:00:00,NSE:HINDOILEXP,124.3,126.45,124.3,125.7,133329.0
2018-10-01 09:00:00,NSE:HINDOILEXP,122.8,126.0,121.1,125.1,118035.0
2018-10-01 10:00:00,NSE:HINDOILEXP,125.2,126.0,124.05,124.5,55850.0
2018-10-01 11:00:00,NSE:HINDOILEXP,124.65,124.65,121.75,123.3,52056.0
2018-10-01 12:00:00,NSE:HINDOILEXP,123.3,124.35,122.15,123.9,25645.0
2018-10-01 13:00:00,NSE:HINDOILEXP,123.9,124.45,123.0,124.0,23548.0
2018-10-01 14:00:00,NSE:HINDOILEXP,124.35,128.0,123.8,127.0,83807.0
2018-10-01 15:00:00,NSE:HINDOILEXP,127.0,128.4,126.9,127.55,53801.0
2018-10-03 09:00:00,NSE:HINDOILEXP,131.0,133.5,130.1,132.8,175446.0
2018-10-03 10:00:00,NSE:HINDOILEXP,132.8,133.8,131.0,133.0,75604.0
2018-10-03 11:00:00,NSE:HINDOILEXP,133.0,133.2,131.2,132.45,25544.0
2018-10-03 12:00:00,NSE:HINDOILEXP,132.5,133.1,131.7,132.65,24085.0
2018-10-03 13:00:00,NSE:HINDOILEXP,132.3,136.4,131.95,133.85,190518.0
2018-10-03 14:00:00,NSE:HINDOILEXP,133.6,136.5,133.0,133.45,101480.0
2018-10-03 15:00:00,NSE:HINDOILEXP,133.3,135.9,132.95,134.45,124228.0
2018-10-04 09:00:00,NSE:HINDOILEXP,132.8,136.0,131.35,134.35,94864.0
2018-10-04 10:00:00,NSE:HINDOILEXP,134.35,135.45,132.75,133.55,54505.0
2018-10-04 11:00:00,NSE:HINDOILEXP,133.45,134.1,131.35,131.75,41413.0
2018-10-04 12:00:00,NSE:HINDOILEXP,131.85,131.95,129.45,130.45,59985.0
2018-10-04 13:00:00,NSE:HINDOILEXP,130.55,130.9,128.6,129.8,41667.0
2018-10-04 14:00:00,NSE:HINDOILEXP,129.9,131.95,129.7,131.3,75539.0
2018-10-04 15:00:00,NSE:HINDOILEXP,131.2,132.0,128.3,130.6,63248.0
2018-10-05 09:00:00,NSE:HINDOILEXP,129.85,129.85,124.05,124.55,139453.0
2018-10-05 10:00:00,NSE:HINDOILEXP,124.6,125.0,121.5,123.4,105977.0
2018-10-05 11:00:00,NSE:HINDOILEXP,123.4,124.0,119.95,120.5,101866.0
2018-10-05 12:00:00,NSE:HINDOILEXP,120.9,121.9,120.3,121.35,39188.0
2018-10-05 13:00:00,NSE:HINDOILEXP,121.4,122.65,120.4,121.75,59158.0
2018-10-05 14:00:00,NSE:HINDOILEXP,121.4,124.35,120.75,122.0,131247.0
2018-10-05 15:00:00,NSE:HINDOILEXP,121.9,122.0,119.5,120.55,133193.0
2018-10-08 09:00:00,NSE:HINDOILEXP,118.5,120.0,115.65,118.65,102027.0
2018-10-08 10:00:00,NSE:HINDOILEXP,118.65,121.8,118.5,121.5,94506.0
2018-10-08 11:00:00,NSE:HINDOILEXP,121.5,121.9,120.1,120.35,27408.0
2018-10-08 12:00:00,NSE:HINDOILEXP,120.15,120.4,118.95,119.85,47763.0
2018-10-08 13:00:00,NSE:HINDOILEXP,119.95,120.0,117.5,118.3,53319.0
2018-10-08 14:00:00,NSE:HINDOILEXP,118.3,118.65,116.05,116.9,69830.0
2018-10-08 15:00:00,NSE:HINDOILEXP,116.7,118.35,115.4,117.0,69039.0
2018-10-09 09:00:00,NSE:HINDOILEXP,117.7,120.6,117.7,117.9,77955.0
2018-10-09 10:00:00,NSE:HINDOILEXP,117.9,120.7,117.9,119.45,66881.0
2018-10-09 11:00:00,NSE:HINDOILEXP,119.25,119.8,118.15,118.5,26333.0
2018-10-09 12:00:00,NSE:HINDOILEXP,118.55,119.95,118.15,118.5,30779.0
2018-10-09 13:00:00,NSE:HINDOILEXP,118.5,119.15,118.3,118.95,36228.0
2018-10-09 14:00:00,NSE:HINDOILEXP,118.8,120.0,118.8,119.0,26830.0
2018-10-09 15:00:00,NSE:HINDOILEXP,118.9,119.2,117.15,118.25,55048.0
2018-10-10 09:00:00,NSE:HINDOILEXP,118.95,122.2,118.0,121.35,79918.0
2018-10-10 10:00:00,NSE:HINDOILEXP,121.3,122.4,120.5,121.25,55083.0
2018-10-10 11:00:00,NSE:HINDOILEXP,121.2,123.2,121.2,122.0,63171.0
2018-10-10 12:00:00,NSE:HINDOILEXP,122.05,122.6,121.4,121.9,24744.0
2018-10-10 13:00:00,NSE:HINDOILEXP,122.0,123.85,121.5,122.3,38605.0
2018-10-10 14:00:00,NSE:HINDOILEXP,122.35,124.55,121.8,123.35,57793.0
2018-10-10 15:00:00,NSE:HINDOILEXP,123.7,125.1,123.4,124.25,54297.0
2018-10-11 09:00:00,NSE:HINDOILEXP,119.75,121.2,117.5,119.9,103195.0
2018-10-11 10:00:00,NSE:HINDOILEXP,120.0,121.0,120.0,120.75,13080.0
2018-10-11 11:00:00,NSE:HINDOILEXP,120.75,121.8,120.3,121.75,37229.0
2018-10-11 12:00:00,NSE:HINDOILEXP,121.85,125.8,121.35,124.55,84283.0
2018-10-11 13:00:00,NSE:HINDOILEXP,124.3,126.0,123.75,124.25,117237.0
2018-10-11 14:00:00,NSE:HINDOILEXP,124.25,132.0,124.2,125.25,405845.0
2018-10-11 15:00:00,NSE:HINDOILEXP,125.5,126.45,121.85,124.0,96581.0
2018-10-12 09:00:00,NSE:HINDOILEXP,124.95,131.0,124.95,128.25,168042.0
2018-10-12 10:00:00,NSE:HINDOILEXP,128.65,128.9,127.55,128.25,30021.0
2018-10-12 11:00:00,NSE:HINDOILEXP,128.05,129.3,127.35,127.95,46514.0
2018-10-12 12:00:00,NSE:HINDOILEXP,127.95,128.8,127.4,128.35,28388.0
2018-10-12 13:00:00,NSE:HINDOILEXP,128.15,129.1,127.4,127.65,34053.0
2018-10-12 14:00:00,NSE:HINDOILEXP,127.6,127.75,126.0,126.6,43989.0
2018-10-12 15:00:00,NSE:HINDOILEXP,126.6,127.2,125.55,126.5,79494.0
2018-10-15 09:00:00,NSE:HINDOILEXP,127.5,127.8,126.05,126.7,46114.0
2018-10-15 10:00:00,NSE:HINDOILEXP,126.65,127.35,126.15,126.35,24580.0
2018-10-15 11:00:00,NSE:HINDOILEXP,126.45,127.75,125.0,126.25,30603.0
2018-10-15 12:00:00,NSE:HINDOILEXP,126.6,127.45,126.1,126.8,12932.0
2018-10-15 13:00:00,NSE:HINDOILEXP,127.1,129.5,126.65,127.25,62569.0
2018-10-15 14:00:00,NSE:HINDOILEXP,127.2,129.2,126.8,129.15,46065.0
2018-10-15 15:00:00,NSE:HINDOILEXP,129.0,129.2,127.8,128.7,43384.0
2018-10-16 09:00:00,NSE:HINDOILEXP,130.5,133.55,130.5,132.35,179733.0
2018-10-16 10:00:00,NSE:HINDOILEXP,132.15,132.6,131.75,132.0,34231.0
2018-10-16 11:00:00,NSE:HINDOILEXP,131.9,132.25,130.8,131.25,42623.0
2018-10-16 12:00:00,NSE:HINDOILEXP,131.25,131.85,130.7,131.85,26532.0
2018-10-16 13:00:00,NSE:HINDOILEXP,131.75,131.9,130.95,131.9,40899.0
2018-10-16 14:00:00,NSE:HINDOILEXP,131.85,133.0,131.0,131.45,46817.0
2018-10-16 15:00:00,NSE:HINDOILEXP,131.6,132.4,131.55,131.95,50623.0
2018-10-17 09:00:00,NSE:HINDOILEXP,133.5,133.8,131.5,131.55,53909.0
2018-10-17 10:00:00,NSE:HINDOILEXP,131.55,133.3,131.1,131.75,51097.0
2018-10-17 11:00:00,NSE:HINDOILEXP,131.6,131.9,130.25,131.1,35500.0
2018-10-17 12:00:00,NSE:HINDOILEXP,131.1,131.75,130.6,131.6,20141.0
2018-10-17 13:00:00,NSE:HINDOILEXP,131.6,132.2,131.15,131.6,33014.0
2018-10-17 14:00:00,NSE:HINDOILEXP,131.55,131.8,130.0,130.35,33960.0
2018-10-17 15:00:00,NSE:HINDOILEXP,130.35,132.9,129.6,130.55,92947.0
2018-10-19 09:00:00,NSE:HINDOILEXP,131.5,133.9,131.3,132.0,126101.0
2018-10-19 10:00:00,NSE:HINDOILEXP,131.9,133.3,131.8,132.3,68489.0
2018-10-19 11:00:00,NSE:HINDOILEXP,132.3,135.8,132.0,134.75,147788.0
2018-10-19 12:00:00,NSE:HINDOILEXP,134.75,135.3,134.05,134.7,35552.0
2018-10-19 13:00:00,NSE:HINDOILEXP,134.4,135.0,133.5,133.95,38423.0
2018-10-19 14:00:00,NSE:HINDOILEXP,133.55,139.5,133.35,138.2,311720.0
2018-10-19 15:00:00,NSE:HINDOILEXP,137.6,140.8,137.6,139.3,618680.0
2018-10-22 09:00:00,NSE:HINDOILEXP,139.3,140.7,136.3,137.0,223458.0
2018-10-22 10:00:00,NSE:HINDOILEXP,137.0,137.6,136.4,137.2,71882.0
2018-10-22 11:00:00,NSE:HINDOILEXP,137.25,139.8,137.1,138.05,94665.0
2018-10-22 12:00:00,NSE:HINDOILEXP,138.05,138.25,137.55,137.65,34193.0
2018-10-22 13:00:00,NSE:HINDOILEXP,137.7,139.1,137.5,138.1,28912.0
2018-10-22 14:00:00,NSE:HINDOILEXP,138.1,138.15,134.8,135.7,108750.0
2018-10-22 15:00:00,NSE:HINDOILEXP,135.7,143.9,135.5,141.6,572258.0
2018-10-23 09:00:00,NSE:HINDOILEXP,141.65,144.0,138.6,141.05,673149.0
2018-10-23 10:00:00,NSE:HINDOILEXP,141.15,142.35,140.25,140.3,161092.0
2018-10-23 11:00:00,NSE:HINDOILEXP,140.35,140.55,139.2,139.25,70992.0
2018-10-23 12:00:00,NSE:HINDOILEXP,139.45,139.9,138.9,138.9,30879.0
2018-10-23 13:00:00,NSE:HINDOILEXP,139.05,139.15,137.0,137.7,123771.0
2018-10-23 14:00:00,NSE:HINDOILEXP,137.7,138.25,133.0,133.7,322325.0
2018-10-23 15:00:00,NSE:HINDOILEXP,133.8,134.0,132.3,133.6,130817.0
2018-10-24 09:00:00,NSE:HINDOILEXP,133.5,135.6,133.5,133.7,103272.0
2018-10-24 10:00:00,NSE:HINDOILEXP,133.7,134.65,130.4,130.95,91474.0
2018-10-24 11:00:00,NSE:HINDOILEXP,130.7,131.5,129.6,131.35,82784.0
2018-10-24 12:00:00,NSE:HINDOILEXP,131.4,132.4,131.25,132.1,56787.0
2018-10-24 13:00:00,NSE:HINDOILEXP,131.95,132.0,129.65,130.1,54392.0
2018-10-24 14:00:00,NSE:HINDOILEXP,130.05,132.05,129.5,130.8,84313.0
2018-10-24 15:00:00,NSE:HINDOILEXP,130.7,131.5,130.1,130.8,91793.0
2018-10-25 09:00:00,NSE:HINDOILEXP,129.95,129.95,126.9,127.25,103821.0
2018-10-25 10:00:00,NSE:HINDOILEXP,127.3,127.85,126.0,126.85,52779.0
2018-10-25 11:00:00,NSE:HINDOILEXP,126.9,127.6,126.2,127.35,26108.0
2018-10-25 12:00:00,NSE:HINDOILEXP,127.55,127.75,127.0,127.55,33495.0
2018-10-25 13:00:00,NSE:HINDOILEXP,127.55,127.85,127.0,127.3,22451.0
2018-10-25 14:00:00,NSE:HINDOILEXP,127.4,127.4,126.45,126.45,41424.0
2018-10-25 15:00:00,NSE:HINDOILEXP,126.55,126.55,125.4,126.0,62811.0
2018-10-26 09:00:00,NSE:HINDOILEXP,126.8,128.75,125.55,128.5,97978.0
2018-10-26 10:00:00,NSE:HINDOILEXP,128.45,129.8,128.1,128.6,49600.0
2018-10-26 11:00:00,NSE:HINDOILEXP,128.6,129.45,128.5,128.5,21226.0
2018-10-26 12:00:00,NSE:HINDOILEXP,128.5,129.7,128.3,128.65,18228.0
2018-10-26 13:00:00,NSE:HINDOILEXP,128.65,129.45,127.5,129.3,40019.0
2018-10-26 14:00:00,NSE:HINDOILEXP,129.3,130.45,126.8,127.0,83645.0
2018-10-26 15:00:00,NSE:HINDOILEXP,127.4,129.7,126.95,127.95,68959.0
2018-10-29 09:00:00,NSE:HINDOILEXP,129.0,130.6,127.0,130.3,76851.0
2018-10-29 10:00:00,NSE:HINDOILEXP,130.3,130.6,128.7,130.05,44394.0
2018-10-29 11:00:00,NSE:HINDOILEXP,130.3,131.2,130.0,130.7,38601.0
2018-10-29 12:00:00,NSE:HINDOILEXP,130.55,130.85,130.3,130.35,17252.0
2018-10-29 13:00:00,NSE:HINDOILEXP,130.6,130.6,129.6,129.95,20464.0
2018-10-29 14:00:00,NSE:HINDOILEXP,130.2,130.5,129.5,130.4,33554.0
2018-10-29 15:00:00,NSE:HINDOILEXP,130.4,130.5,129.7,130.2,54613.0
2018-10-30 09:00:00,NSE:HINDOILEXP,130.2,130.45,128.5,129.1,37250.0
2018-10-30 10:00:00,NSE:HINDOILEXP,129.1,129.15,127.8,128.0,43076.0
2018-10-30 11:00:00,NSE:HINDOILEXP,128.0,129.0,128.0,128.2,31131.0
2018-10-30 12:00:00,NSE:HINDOILEXP,128.25,129.3,127.5,128.75,47596.0
2018-10-30 13:00:00,NSE:HINDOILEXP,128.8,130.0,128.55,129.4,42252.0
2018-10-30 14:00:00,NSE:HINDOILEXP,129.4,130.0,128.15,128.25,45082.0
2018-10-30 15:00:00,NSE:HINDOILEXP,128.25,130.0,127.0,128.15,120945.0
2018-10-31 09:00:00,NSE:HINDOILEXP,129.7,129.7,127.1,127.2,46462.0
2018-10-31 10:00:00,NSE:HINDOILEXP,127.2,127.95,126.4,127.2,47059.0
2018-10-31 11:00:00,NSE:HINDOILEXP,127.55,127.75,126.85,127.35,41175.0
2018-10-31 12:00:00,NSE:HINDOILEXP,127.55,128.25,127.15,127.6,16497.0
2018-10-31 13:00:00,NSE:HINDOILEXP,127.4,129.0,127.0,128.3,45702.0
2018-10-31 14:00:00,NSE:HINDOILEXP,128.25,128.85,127.65,128.7,24491.0
2018-10-31 15:00:00,NSE:HINDOILEXP,128.6,129.2,128.05,128.45,70063.0
2018-11-01 09:00:00,NSE:HINDOILEXP,129.6,134.45,129.0,132.65,174844.0
2018-11-01 10:00:00,NSE:HINDOILEXP,133.05,135.0,132.65,134.4,113538.0
2018-11-01 11:00:00,NSE:HINDOILEXP,134.35,135.2,133.3,135.2,59416.0
2018-11-01 12:00:00,NSE:HINDOILEXP,135.7,136.5,133.05,133.4,121063.0
2018-11-01 13:00:00,NSE:HINDOILEXP,133.45,133.9,131.8,132.55,85306.0
2018-11-01 14:00:00,NSE:HINDOILEXP,132.8,135.0,131.85,133.2,97604.0
2018-11-01 15:00:00,NSE:HINDOILEXP,133.35,133.5,132.0,132.7,51941.0
2018-11-02 09:00:00,NSE:HINDOILEXP,132.8,135.0,132.8,134.4,98691.0
2018-11-02 10:00:00,NSE:HINDOILEXP,134.4,134.4,132.5,133.8,69020.0
2018-11-02 11:00:00,NSE:HINDOILEXP,133.75,137.3,133.4,136.55,162935.0
2018-11-02 12:00:00,NSE:HINDOILEXP,136.55,136.65,134.1,134.9,57158.0
2018-11-02 13:00:00,NSE:HINDOILEXP,134.75,135.0,134.35,134.5,21231.0
2018-11-02 14:00:00,NSE:HINDOILEXP,134.6,135.0,131.55,132.95,131536.0
2018-11-02 15:00:00,NSE:HINDOILEXP,132.95,133.2,132.15,132.7,58511.0
2018-11-05 09:00:00,NSE:HINDOILEXP,132.75,135.5,132.0,134.15,55733.0
2018-11-05 10:00:00,NSE:HINDOILEXP,134.15,134.85,133.55,133.95,41584.0
2018-11-05 11:00:00,NSE:HINDOILEXP,133.75,134.1,132.75,133.2,20126.0
2018-11-05 12:00:00,NSE:HINDOILEXP,133.35,133.95,133.2,133.95,11696.0
2018-11-05 13:00:00,NSE:HINDOILEXP,134.0,134.25,132.15,132.3,31034.0
2018-11-05 14:00:00,NSE:HINDOILEXP,132.3,134.0,132.05,133.3,29786.0
2018-11-05 15:00:00,NSE:HINDOILEXP,133.15,133.6,133.0,133.35,29545.0
2018-11-06 09:00:00,NSE:HINDOILEXP,134.0,134.4,133.0,133.25,29747.0
2018-11-06 10:00:00,NSE:HINDOILEXP,133.3,133.6,133.0,133.15,13448.0
2018-11-06 11:00:00,NSE:HINDOILEXP,133.2,133.65,132.3,132.7,34998.0
2018-11-06 12:00:00,NSE:HINDOILEXP,132.75,132.8,131.9,132.8,29743.0
2018-11-06 13:00:00,NSE:HINDOILEXP,132.5,132.85,131.5,131.75,12499.0
2018-11-06 14:00:00,NSE:HINDOILEXP,131.75,132.45,131.2,131.95,15319.0
2018-11-06 15:00:00,NSE:HINDOILEXP,131.95,132.5,131.6,132.2,26702.0
2018-11-09 09:00:00,NSE:HINDOILEXP,135.3,135.3,132.75,133.0,32903.0
2018-11-09 10:00:00,NSE:HINDOILEXP,133.0,133.75,132.8,132.8,20623.0
2018-11-09 11:00:00,NSE:HINDOILEXP,132.8,133.2,132.2,132.6,18453.0
2018-11-09 12:00:00,NSE:HINDOILEXP,132.95,133.05,131.5,131.55,27718.0
2018-11-09 13:00:00,NSE:HINDOILEXP,131.9,133.4,131.9,133.0,30786.0
2018-11-09 14:00:00,NSE:HINDOILEXP,132.85,133.4,131.65,131.65,21579.0
2018-11-09 15:00:00,NSE:HINDOILEXP,131.65,132.4,131.5,131.75,43262.0
2018-11-12 09:00:00,NSE:HINDOILEXP,132.65,133.0,131.25,131.35,27479.0
2018-11-12 10:00:00,NSE:HINDOILEXP,131.35,132.0,131.35,131.6,17756.0
2018-11-12 11:00:00,NSE:HINDOILEXP,131.6,135.25,130.5,133.8,132084.0
2018-11-12 12:00:00,NSE:HINDOILEXP,133.85,135.0,133.1,133.9,48858.0
2018-11-12 13:00:00,NSE:HINDOILEXP,133.9,134.1,132.0,132.65,31158.0
2018-11-12 14:00:00,NSE:HINDOILEXP,132.35,141.4,132.2,136.85,554957.0
2018-11-12 15:00:00,NSE:HINDOILEXP,136.75,137.0,135.45,136.1,182781.0
2018-11-13 09:00:00,NSE:HINDOILEXP,134.2,136.9,133.9,134.75,155386.0
2018-11-13 10:00:00,NSE:HINDOILEXP,134.75,135.2,132.6,134.3,61617.0
2018-11-13 11:00:00,NSE:HINDOILEXP,134.45,135.0,133.9,134.4,13733.0
2018-11-13 12:00:00,NSE:HINDOILEXP,134.15,135.0,133.7,134.25,37717.0
2018-11-13 13:00:00,NSE:HINDOILEXP,134.4,134.9,134.1,134.4,27032.0
2018-11-13 14:00:00,NSE:HINDOILEXP,134.35,136.5,133.65,136.4,67011.0
2018-11-13 15:00:00,NSE:HINDOILEXP,136.5,137.7,133.5,135.45,168119.0
2018-11-14 09:00:00,NSE:HINDOILEXP,134.8,134.8,133.0,133.0,96377.0
2018-11-14 10:00:00,NSE:HINDOILEXP,132.5,133.5,132.05,133.5,53048.0
2018-11-14 11:00:00,NSE:HINDOILEXP,132.9,133.3,132.0,132.5,19208.0
2018-11-14 12:00:00,NSE:HINDOILEXP,132.5,133.5,132.35,132.5,29303.0
2018-11-14 13:00:00,NSE:HINDOILEXP,132.85,132.9,132.0,132.0,21133.0
2018-11-14 14:00:00,NSE:HINDOILEXP,132.0,132.45,130.95,131.9,37239.0
2018-11-14 15:00:00,NSE:HINDOILEXP,131.9,132.1,131.1,131.5,53526.0
2018-11-15 09:00:00,NSE:HINDOILEXP,132.2,132.4,130.6,131.45,42384.0
2018-11-15 10:00:00,NSE:HINDOILEXP,131.5,133.0,131.5,132.25,38008.0
2018-11-15 11:00:00,NSE:HINDOILEXP,132.0,132.5,131.7,131.75,18185.0
2018-11-15 12:00:00,NSE:HINDOILEXP,131.85,132.0,131.25,131.5,13498.0
2018-11-15 13:00:00,NSE:HINDOILEXP,131.3,132.5,131.25,132.05,54751.0
2018-11-15 14:00:00,NSE:HINDOILEXP,132.2,132.45,131.6,131.8,11320.0
2018-11-15 15:00:00,NSE:HINDOILEXP,131.85,132.0,131.2,131.6,42853.0
2018-11-16 09:00:00,NSE:HINDOILEXP,132.65,132.7,130.55,130.85,92218.0
2018-11-16 10:00:00,NSE:HINDOILEXP,130.95,131.0,130.25,130.25,20272.0
2018-11-16 11:00:00,NSE:HINDOILEXP,130.5,131.0,130.4,130.9,16112.0
2018-11-16 12:00:00,NSE:HINDOILEXP,130.95,132.3,130.7,131.4,35321.0
2018-11-16 13:00:00,NSE:HINDOILEXP,131.25,131.45,130.65,130.75,15729.0
2018-11-16 14:00:00,NSE:HINDOILEXP,130.75,131.0,129.3,130.35,48526.0
2018-11-16 15:00:00,NSE:HINDOILEXP,130.3,130.7,129.0,129.75,51872.0
2018-11-19 09:00:00,NSE:HINDOILEXP,130.0,130.45,127.9,128.85,52755.0
2018-11-19 10:00:00,NSE:HINDOILEXP,128.65,129.45,128.0,128.75,23913.0
2018-11-19 11:00:00,NSE:HINDOILEXP,128.7,128.85,128.1,128.85,17733.0
2018-11-19 12:00:00,NSE:HINDOILEXP,128.5,129.0,128.3,128.6,12962.0
2018-11-19 13:00:00,NSE:HINDOILEXP,128.6,129.2,128.4,128.4,11823.0
2018-11-19 14:00:00,NSE:HINDOILEXP,128.4,129.1,128.1,128.65,21975.0
2018-11-19 15:00:00,NSE:HINDOILEXP,128.8,128.8,128.0,128.3,34794.0
2018-11-20 09:00:00,NSE:HINDOILEXP,127.15,128.35,126.45,126.8,48897.0
2018-11-20 10:00:00,NSE:HINDOILEXP,127.0,127.95,126.0,127.25,50488.0
2018-11-20 11:00:00,NSE:HINDOILEXP,127.25,127.8,126.6,127.5,31930.0
2018-11-20 12:00:00,NSE:HINDOILEXP,127.7,128.5,126.75,127.0,27579.0
2018-11-20 13:00:00,NSE:HINDOILEXP,126.85,127.25,126.5,126.6,10775.0
2018-11-20 14:00:00,NSE:HINDOILEXP,126.55,126.55,126.0,126.15,71603.0
2018-11-20 15:00:00,NSE:HINDOILEXP,126.15,126.4,126.0,126.15,75092.0
2018-11-21 09:00:00,NSE:HINDOILEXP,124.3,126.7,122.65,123.0,85584.0
2018-11-21 10:00:00,NSE:HINDOILEXP,122.95,123.2,120.55,121.6,125605.0
2018-11-21 11:00:00,NSE:HINDOILEXP,121.5,122.25,121.5,121.8,32627.0
2018-11-21 12:00:00,NSE:HINDOILEXP,122.0,122.8,121.9,122.3,24962.0
2018-11-21 13:00:00,NSE:HINDOILEXP,122.25,122.45,121.5,121.7,19299.0
2018-11-21 14:00:00,NSE:HINDOILEXP,121.9,122.4,121.55,121.8,24843.0
2018-11-21 15:00:00,NSE:HINDOILEXP,121.75,121.9,120.95,121.3,83820.0
2018-11-22 09:00:00,NSE:HINDOILEXP,122.3,124.4,122.3,122.6,77591.0
2018-11-22 10:00:00,NSE:HINDOILEXP,122.7,123.0,121.7,122.8,30742.0
2018-11-22 11:00:00,NSE:HINDOILEXP,122.5,122.8,122.0,122.55,11873.0
2018-11-22 12:00:00,NSE:HINDOILEXP,122.55,122.95,122.25,122.55,24998.0
2018-11-22 13:00:00,NSE:HINDOILEXP,122.45,122.8,121.8,122.4,21241.0
2018-11-22 14:00:00,NSE:HINDOILEXP,122.55,122.9,122.2,122.6,31152.0
2018-11-22 15:00:00,NSE:HINDOILEXP,122.6,122.9,121.3,122.45,53078.0
2018-11-26 09:00:00,NSE:HINDOILEXP,123.0,123.3,120.8,121.25,45401.0
2018-11-26 10:00:00,NSE:HINDOILEXP,121.35,122.45,121.3,122.25,31939.0
2018-11-26 11:00:00,NSE:HINDOILEXP,122.25,122.4,121.45,122.35,19893.0
2018-11-26 12:00:00,NSE:HINDOILEXP,122.35,123.25,122.1,122.5,21865.0
2018-11-26 13:00:00,NSE:HINDOILEXP,122.4,122.7,122.3,122.4,6673.0
2018-11-26 14:00:00,NSE:HINDOILEXP,122.4,123.2,122.2,122.4,15204.0
2018-11-26 15:00:00,NSE:HINDOILEXP,122.4,123.0,122.35,122.55,35153.0
2018-11-27 09:00:00,NSE:HINDOILEXP,122.45,122.45,121.1,121.75,44902.0
2018-11-27 10:00:00,NSE:HINDOILEXP,121.7,122.15,121.2,121.25,17428.0
2018-11-27 11:00:00,NSE:HINDOILEXP,121.25,121.5,120.5,120.85,33190.0
2018-11-27 12:00:00,NSE:HINDOILEXP,120.6,121.2,120.0,120.35,34467.0
2018-11-27 13:00:00,NSE:HINDOILEXP,120.25,121.25,120.05,120.5,10305.0
2018-11-27 14:00:00,NSE:HINDOILEXP,120.3,120.9,120.0,120.45,37071.0
2018-11-27 15:00:00,NSE:HINDOILEXP,120.45,121.25,120.4,120.75,38681.0
2018-11-28 09:00:00,NSE:HINDOILEXP,120.4,122.8,119.55,121.55,63957.0
2018-11-28 10:00:00,NSE:HINDOILEXP,121.35,121.9,121.2,121.35,11482.0
2018-11-28 11:00:00,NSE:HINDOILEXP,121.55,121.7,121.2,121.45,19970.0
2018-11-28 12:00:00,NSE:HINDOILEXP,121.35,121.35,119.75,120.7,37547.0
2018-11-28 13:00:00,NSE:HINDOILEXP,120.75,120.85,120.05,120.4,10910.0
2018-11-28 14:00:00,NSE:HINDOILEXP,120.3,121.3,120.0,121.1,27111.0
2018-11-28 15:00:00,NSE:HINDOILEXP,121.1,121.45,120.5,120.8,69036.0
2018-11-29 09:00:00,NSE:HINDOILEXP,121.0,121.2,119.9,120.4,18494.0
2018-11-29 10:00:00,NSE:HINDOILEXP,120.4,120.4,119.25,119.3,24889.0
2018-11-29 11:00:00,NSE:HINDOILEXP,119.4,121.0,118.9,120.2,35537.0
2018-11-29 12:00:00,NSE:HINDOILEXP,120.3,120.9,120.0,120.25,12796.0
2018-11-29 13:00:00,NSE:HINDOILEXP,120.25,124.85,120.25,124.0,101737.0
2018-11-29 14:00:00,NSE:HINDOILEXP,123.85,124.5,122.6,123.3,42985.0
2018-11-29 15:00:00,NSE:HINDOILEXP,123.3,124.0,123.15,123.7,53923.0
2018-11-30 09:00:00,NSE:HINDOILEXP,124.2,124.8,123.05,123.5,54565.0
2018-11-30 10:00:00,NSE:HINDOILEXP,123.7,124.0,123.0,123.55,18461.0
2018-11-30 11:00:00,NSE:HINDOILEXP,123.35,124.6,123.35,123.75,28820.0
2018-11-30 12:00:00,NSE:HINDOILEXP,123.75,124.35,123.1,124.1,18921.0
2018-11-30 13:00:00,NSE:HINDOILEXP,123.8,124.25,123.25,123.65,42235.0
2018-11-30 14:00:00,NSE:HINDOILEXP,123.6,124.0,123.25,123.25,9455.0
2018-11-30 15:00:00,NSE:HINDOILEXP,123.25,123.85,123.1,123.4,24705.0
2018-12-03 09:00:00,NSE:HINDOILEXP,124.65,125.15,124.0,124.35,32778.0
2018-12-03 10:00:00,NSE:HINDOILEXP,124.1,125.3,124.1,124.2,46321.0
2018-12-03 11:00:00,NSE:HINDOILEXP,124.5,124.7,123.6,123.95,15249.0
2018-12-03 12:00:00,NSE:HINDOILEXP,123.9,124.35,123.2,123.65,7958.0
2018-12-03 13:00:00,NSE:HINDOILEXP,123.85,124.4,123.0,123.7,20150.0
2018-12-03 14:00:00,NSE:HINDOILEXP,123.4,124.3,123.2,123.8,17164.0
2018-12-03 15:00:00,NSE:HINDOILEXP,123.85,124.5,123.55,124.1,33020.0
2018-12-04 09:00:00,NSE:HINDOILEXP,124.0,124.0,123.0,123.25,18034.0
2018-12-04 10:00:00,NSE:HINDOILEXP,123.4,123.6,122.3,122.8,21876.0
2018-12-04 11:00:00,NSE:HINDOILEXP,123.0,123.15,122.2,123.15,13811.0
2018-12-04 12:00:00,NSE:HINDOILEXP,122.75,123.3,122.45,122.75,24072.0
2018-12-04 13:00:00,NSE:HINDOILEXP,122.75,123.55,122.2,123.0,7135.0
2018-12-04 14:00:00,NSE:HINDOILEXP,122.9,123.15,122.6,122.8,8481.0
2018-12-04 15:00:00,NSE:HINDOILEXP,122.65,123.55,122.15,122.9,33477.0
2018-12-05 09:00:00,NSE:HINDOILEXP,121.45,123.6,121.2,122.5,36490.0
2018-12-05 10:00:00,NSE:HINDOILEXP,122.4,122.8,122.05,122.15,31685.0
2018-12-05 11:00:00,NSE:HINDOILEXP,122.1,122.25,120.8,121.6,27452.0
2018-12-05 12:00:00,NSE:HINDOILEXP,121.75,122.5,120.85,121.65,22956.0
2018-12-05 13:00:00,NSE:HINDOILEXP,121.45,121.5,121.2,121.5,5148.0
2018-12-05 14:00:00,NSE:HINDOILEXP,121.2,121.2,118.65,119.35,56155.0
2018-12-05 15:00:00,NSE:HINDOILEXP,119.5,119.9,118.75,119.3,73071.0
2018-12-06 09:00:00,NSE:HINDOILEXP,118.25,119.4,118.05,118.65,18089.0
2018-12-06 10:00:00,NSE:HINDOILEXP,118.65,119.6,118.5,118.9,34673.0
2018-12-06 11:00:00,NSE:HINDOILEXP,118.9,119.55,118.25,119.0,42225.0
2018-12-06 12:00:00,NSE:HINDOILEXP,118.9,119.1,117.1,117.3,48281.0
2018-12-06 13:00:00,NSE:HINDOILEXP,117.1,117.7,117.1,117.25,17213.0
2018-12-06 14:00:00,NSE:HINDOILEXP,117.2,117.7,117.0,117.4,18987.0
2018-12-06 15:00:00,NSE:HINDOILEXP,117.45,117.5,116.8,117.05,35433.0
2018-12-07 09:00:00,NSE:HINDOILEXP,117.2,117.8,116.25,116.85,23617.0
2018-12-07 10:00:00,NSE:HINDOILEXP,116.8,117.5,115.0,115.1,29686.0
2018-12-07 11:00:00,NSE:HINDOILEXP,115.3,115.5,113.4,113.9,42643.0
2018-12-07 12:00:00,NSE:HINDOILEXP,113.8,114.4,112.7,113.8,47603.0
2018-12-07 13:00:00,NSE:HINDOILEXP,113.4,114.65,113.1,114.45,52075.0
2018-12-07 14:00:00,NSE:HINDOILEXP,114.55,115.45,113.75,114.8,57155.0
2018-12-07 15:00:00,NSE:HINDOILEXP,114.8,116.5,114.5,115.7,76348.0
2018-12-10 09:00:00,NSE:HINDOILEXP,116.0,117.0,115.7,117.0,48715.0
2018-12-10 10:00:00,NSE:HINDOILEXP,117.0,117.85,116.7,117.3,30742.0
2018-12-10 11:00:00,NSE:HINDOILEXP,117.4,117.7,116.2,117.6,49552.0
2018-12-10 12:00:00,NSE:HINDOILEXP,117.55,117.7,117.25,117.3,11702.0
2018-12-10 13:00:00,NSE:HINDOILEXP,117.5,117.75,117.0,117.05,13319.0
2018-12-10 14:00:00,NSE:HINDOILEXP,117.0,117.35,116.9,117.0,17702.0
2018-12-10 15:00:00,NSE:HINDOILEXP,116.95,117.35,115.5,116.5,32520.0
2018-12-11 09:00:00,NSE:HINDOILEXP,115.0,115.6,113.25,114.65,25355.0
2018-12-11 10:00:00,NSE:HINDOILEXP,114.65,115.3,114.1,115.1,18016.0
2018-12-11 11:00:00,NSE:HINDOILEXP,115.1,116.95,115.1,115.65,39271.0
2018-12-11 12:00:00,NSE:HINDOILEXP,115.7,116.4,115.35,116.2,29957.0
2018-12-11 13:00:00,NSE:HINDOILEXP,116.3,116.55,116.0,116.1,14609.0
2018-12-11 14:00:00,NSE:HINDOILEXP,116.4,122.4,116.05,121.35,130796.0
2018-12-11 15:00:00,NSE:HINDOILEXP,121.5,121.5,120.4,120.85,35661.0
2018-12-12 09:00:00,NSE:HINDOILEXP,120.2,123.0,120.05,122.45,41101.0
2018-12-12 10:00:00,NSE:HINDOILEXP,122.5,122.8,122.1,122.5,11284.0
2018-12-12 11:00:00,NSE:HINDOILEXP,122.3,123.8,122.1,123.0,26739.0
2018-12-12 12:00:00,NSE:HINDOILEXP,123.35,123.35,122.35,122.35,8192.0
2018-12-12 13:00:00,NSE:HINDOILEXP,122.55,123.8,122.35,123.05,17443.0
2018-12-12 14:00:00,NSE:HINDOILEXP,123.1,124.45,123.1,124.05,41777.0
2018-12-12 15:00:00,NSE:HINDOILEXP,124.05,124.9,123.55,124.3,36097.0
2018-12-13 09:00:00,NSE:HINDOILEXP,125.1,125.3,123.05,123.5,28272.0
2018-12-13 10:00:00,NSE:HINDOILEXP,123.5,125.95,123.5,125.0,42391.0
2018-12-13 11:00:00,NSE:HINDOILEXP,125.0,126.25,124.5,124.5,29808.0
2018-12-13 12:00:00,NSE:HINDOILEXP,124.75,125.0,124.4,124.65,5489.0
2018-12-13 13:00:00,NSE:HINDOILEXP,124.7,124.9,123.8,124.15,21544.0
2018-12-13 14:00:00,NSE:HINDOILEXP,123.9,124.3,123.05,123.9,29873.0
2018-12-13 15:00:00,NSE:HINDOILEXP,123.9,124.4,120.9,121.5,77246.0
2018-12-14 09:00:00,NSE:HINDOILEXP,121.35,121.9,120.4,120.85,40906.0
2018-12-14 10:00:00,NSE:HINDOILEXP,121.0,121.4,120.5,120.7,26362.0
2018-12-14 11:00:00,NSE:HINDOILEXP,120.45,121.25,120.0,121.2,14811.0
2018-12-14 12:00:00,NSE:HINDOILEXP,120.95,121.25,120.7,120.75,4168.0
2018-12-14 13:00:00,NSE:HINDOILEXP,120.9,120.9,120.1,120.2,7680.0
2018-12-14 14:00:00,NSE:HINDOILEXP,120.45,120.65,119.75,120.4,11371.0
2018-12-14 15:00:00,NSE:HINDOILEXP,120.4,121.15,120.2,120.8,39082.0
2018-12-17 09:00:00,NSE:HINDOILEXP,121.6,123.6,121.0,123.5,44501.0
2018-12-17 10:00:00,NSE:HINDOILEXP,123.4,124.7,123.15,123.8,33256.0
2018-12-17 11:00:00,NSE:HINDOILEXP,123.65,124.1,123.6,123.9,12114.0
2018-12-17 12:00:00,NSE:HINDOILEXP,123.85,123.85,121.6,122.05,37523.0
2018-12-17 13:00:00,NSE:HINDOILEXP,122.0,123.75,121.75,122.5,14290.0
2018-12-17 14:00:00,NSE:HINDOILEXP,122.65,123.0,122.1,122.8,8821.0
2018-12-17 15:00:00,NSE:HINDOILEXP,122.95,123.5,121.75,122.55,30610.0
2018-12-18 09:00:00,NSE:HINDOILEXP,121.0,121.8,120.7,120.8,19974.0
2018-12-18 10:00:00,NSE:HINDOILEXP,120.8,123.4,120.75,122.2,39677.0
2018-12-18 11:00:00,NSE:HINDOILEXP,122.05,122.5,121.25,121.7,14171.0
2018-12-18 12:00:00,NSE:HINDOILEXP,121.4,121.7,121.35,121.5,4086.0
2018-12-18 13:00:00,NSE:HINDOILEXP,121.65,122.4,121.5,121.5,7548.0
2018-12-18 14:00:00,NSE:HINDOILEXP,121.9,122.3,121.5,122.1,8863.0
2018-12-18 15:00:00,NSE:HINDOILEXP,122.1,122.5,121.1,121.8,28443.0
2018-12-19 09:00:00,NSE:HINDOILEXP,122.35,122.35,120.15,121.15,48402.0
2018-12-19 10:00:00,NSE:HINDOILEXP,121.15,122.1,120.5,120.55,21841.0
2018-12-19 11:00:00,NSE:HINDOILEXP,120.65,120.9,120.55,120.55,6873.0
2018-12-19 12:00:00,NSE:HINDOILEXP,120.9,121.55,120.5,121.45,31081.0
2018-12-19 13:00:00,NSE:HINDOILEXP,121.2,121.8,121.15,121.5,9477.0
2018-12-19 14:00:00,NSE:HINDOILEXP,121.55,121.7,120.5,121.0,29792.0
2018-12-19 15:00:00,NSE:HINDOILEXP,121.0,121.15,120.7,120.85,27050.0
2018-12-20 09:00:00,NSE:HINDOILEXP,120.2,122.5,119.75,121.85,40016.0
2018-12-20 10:00:00,NSE:HINDOILEXP,121.75,121.75,120.2,120.75,19965.0
2018-12-20 11:00:00,NSE:HINDOILEXP,120.5,121.1,120.1,121.1,11572.0
2018-12-20 12:00:00,NSE:HINDOILEXP,120.75,121.95,120.7,121.5,30423.0
2018-12-20 13:00:00,NSE:HINDOILEXP,121.5,121.95,121.0,121.0,24595.0
2018-12-20 14:00:00,NSE:HINDOILEXP,121.0,124.85,120.7,124.5,186737.0
2018-12-20 15:00:00,NSE:HINDOILEXP,124.45,124.6,123.4,124.15,65408.0
2018-12-21 09:00:00,NSE:HINDOILEXP,123.95,123.95,121.5,121.5,42662.0
2018-12-21 10:00:00,NSE:HINDOILEXP,121.55,122.0,120.2,121.3,42644.0
2018-12-21 11:00:00,NSE:HINDOILEXP,120.9,121.8,120.85,121.5,8993.0
2018-12-21 12:00:00,NSE:HINDOILEXP,121.9,122.35,121.2,122.0,18297.0
2018-12-21 13:00:00,NSE:HINDOILEXP,122.0,122.2,121.3,121.4,9966.0
2018-12-21 14:00:00,NSE:HINDOILEXP,121.2,121.75,120.6,121.05,33535.0
2018-12-21 15:00:00,NSE:HINDOILEXP,121.05,121.3,120.8,121.0,22050.0
2018-12-24 09:00:00,NSE:HINDOILEXP,121.0,122.0,119.7,119.9,25787.0
2018-12-24 10:00:00,NSE:HINDOILEXP,119.9,121.0,119.65,120.4,38559.0
2018-12-24 11:00:00,NSE:HINDOILEXP,120.55,121.0,120.2,121.0,11385.0
2018-12-24 12:00:00,NSE:HINDOILEXP,120.95,121.35,120.65,121.0,11083.0
2018-12-24 13:00:00,NSE:HINDOILEXP,121.0,122.7,120.8,121.5,37060.0
2018-12-24 14:00:00,NSE:HINDOILEXP,121.25,121.8,120.5,121.25,30448.0
2018-12-24 15:00:00,NSE:HINDOILEXP,121.25,121.25,119.2,120.2,38486.0
2018-12-26 09:00:00,NSE:HINDOILEXP,119.55,119.6,117.65,118.6,30615.0
2018-12-26 10:00:00,NSE:HINDOILEXP,118.6,119.3,118.0,118.75,13117.0
2018-12-26 11:00:00,NSE:HINDOILEXP,118.75,118.75,118.0,118.6,40465.0
2018-12-26 12:00:00,NSE:HINDOILEXP,118.4,118.85,118.15,118.6,12075.0
2018-12-26 13:00:00,NSE:HINDOILEXP,118.55,119.3,118.4,119.0,37967.0
2018-12-26 14:00:00,NSE:HINDOILEXP,119.25,119.4,118.5,118.55,31969.0
2018-12-26 15:00:00,NSE:HINDOILEXP,118.55,118.85,115.15,116.65,92021.0
2018-12-27 09:00:00,NSE:HINDOILEXP,118.5,119.4,118.0,118.25,79313.0
2018-12-27 10:00:00,NSE:HINDOILEXP,118.25,119.2,118.0,118.8,62407.0
2018-12-27 11:00:00,NSE:HINDOILEXP,118.95,119.15,118.2,118.55,11688.0
2018-12-27 12:00:00,NSE:HINDOILEXP,118.35,119.0,118.05,118.05,18660.0
2018-12-27 13:00:00,NSE:HINDOILEXP,118.1,121.0,118.0,119.4,158617.0
2018-12-27 14:00:00,NSE:HINDOILEXP,119.4,119.7,118.45,119.3,41536.0
2018-12-27 15:00:00,NSE:HINDOILEXP,119.2,119.2,117.35,118.1,59812.0
2018-12-28 09:00:00,NSE:HINDOILEXP,118.2,118.7,117.7,118.4,31597.0
2018-12-28 10:00:00,NSE:HINDOILEXP,118.4,121.0,118.05,119.15,59775.0
2018-12-28 11:00:00,NSE:HINDOILEXP,119.25,119.6,118.4,119.1,42399.0
2018-12-28 12:00:00,NSE:HINDOILEXP,118.9,119.4,118.9,119.3,6469.0
2018-12-28 13:00:00,NSE:HINDOILEXP,119.05,119.9,119.05,119.6,26304.0
2018-12-28 14:00:00,NSE:HINDOILEXP,119.4,119.75,119.05,119.55,43530.0
2018-12-28 15:00:00,NSE:HINDOILEXP,119.5,119.75,118.95,119.35,39325.0
2018-12-31 09:00:00,NSE:HINDOILEXP,119.3,120.9,118.6,118.75,23786.0
2018-12-31 10:00:00,NSE:HINDOILEXP,118.7,119.4,118.1,118.75,24203.0
2018-12-31 11:00:00,NSE:HINDOILEXP,118.75,118.9,118.2,118.25,24201.0
2018-12-31 12:00:00,NSE:HINDOILEXP,118.5,119.1,118.35,118.85,9489.0
2018-12-31 13:00:00,NSE:HINDOILEXP,119.0,119.4,118.75,119.35,6970.0
2018-12-31 14:00:00,NSE:HINDOILEXP,119.1,119.2,118.2,118.65,9729.0
2018-12-31 15:00:00,NSE:HINDOILEXP,118.8,119.15,117.6,118.1,29367.0
2019-01-01 09:00:00,NSE:HINDOILEXP,118.2,118.7,117.7,117.95,18939.0
2019-01-01 10:00:00,NSE:HINDOILEXP,117.9,118.6,117.9,118.35,9036.0
2019-01-01 11:00:00,NSE:HINDOILEXP,118.15,118.5,118.05,118.15,4612.0
2019-01-01 12:00:00,NSE:HINDOILEXP,118.3,118.55,117.8,118.3,8139.0
2019-01-01 13:00:00,NSE:HINDOILEXP,118.1,118.5,117.9,118.0,5553.0
2019-01-01 14:00:00,NSE:HINDOILEXP,117.85,120.4,117.85,119.6,47129.0
2019-01-01 15:00:00,NSE:HINDOILEXP,119.7,119.7,117.95,118.85,34359.0
2019-01-02 09:00:00,NSE:HINDOILEXP,118.0,120.0,117.6,119.35,32873.0
2019-01-02 10:00:00,NSE:HINDOILEXP,119.5,119.85,118.5,118.9,33410.0
2019-01-02 11:00:00,NSE:HINDOILEXP,118.85,119.4,118.55,118.85,8208.0
2019-01-02 12:00:00,NSE:HINDOILEXP,118.7,118.85,118.25,118.7,14762.0
2019-01-02 13:00:00,NSE:HINDOILEXP,118.3,118.45,118.0,118.45,9820.0
2019-01-02 14:00:00,NSE:HINDOILEXP,118.15,118.85,117.7,118.55,20695.0
2019-01-02 15:00:00,NSE:HINDOILEXP,118.55,118.65,118.05,118.3,18054.0
2019-01-03 09:00:00,NSE:HINDOILEXP,118.95,119.2,117.9,118.2,15326.0
2019-01-03 10:00:00,NSE:HINDOILEXP,118.2,118.6,118.0,118.45,11623.0
2019-01-03 11:00:00,NSE:HINDOILEXP,118.15,118.4,117.5,117.75,24828.0
2019-01-03 12:00:00,NSE:HINDOILEXP,117.8,118.1,117.6,117.6,9588.0
2019-01-03 13:00:00,NSE:HINDOILEXP,117.65,118.0,117.5,118.0,5898.0
2019-01-03 14:00:00,NSE:HINDOILEXP,118.0,118.0,116.7,117.0,17793.0
2019-01-03 15:00:00,NSE:HINDOILEXP,117.0,117.5,116.6,117.05,16577.0
2019-01-04 09:00:00,NSE:HINDOILEXP,118.0,118.1,116.1,116.5,25445.0
2019-01-04 10:00:00,NSE:HINDOILEXP,116.5,117.0,116.1,116.75,11390.0
2019-01-04 11:00:00,NSE:HINDOILEXP,117.1,117.5,116.25,117.35,24746.0
2019-01-04 12:00:00,NSE:HINDOILEXP,117.35,117.35,116.7,117.05,9775.0
2019-01-04 13:00:00,NSE:HINDOILEXP,117.0,117.7,116.75,117.0,45704.0
2019-01-04 14:00:00,NSE:HINDOILEXP,116.85,117.45,116.55,117.45,19319.0
2019-01-04 15:00:00,NSE:HINDOILEXP,117.3,117.5,116.2,116.35,22706.0
2019-01-07 09:00:00,NSE:HINDOILEXP,117.5,118.8,117.5,118.3,27545.0
2019-01-07 10:00:00,NSE:HINDOILEXP,118.3,118.5,117.75,118.2,15491.0
2019-01-07 11:00:00,NSE:HINDOILEXP,117.9,118.15,116.7,117.2,27266.0
2019-01-07 12:00:00,NSE:HINDOILEXP,117.25,117.6,117.05,117.4,21514.0
2019-01-07 13:00:00,NSE:HINDOILEXP,117.45,117.8,117.1,117.45,12322.0
2019-01-07 14:00:00,NSE:HINDOILEXP,117.45,118.05,117.15,117.55,18262.0
2019-01-07 15:00:00,NSE:HINDOILEXP,117.6,118.0,116.85,116.9,34603.0
2019-01-08 09:00:00,NSE:HINDOILEXP,116.9,117.55,116.5,117.1,18377.0
2019-01-08 10:00:00,NSE:HINDOILEXP,117.1,117.75,117.05,117.45,11564.0
2019-01-08 11:00:00,NSE:HINDOILEXP,117.1,117.3,116.5,116.6,18171.0
2019-01-08 12:00:00,NSE:HINDOILEXP,116.8,116.95,116.6,116.85,7242.0
2019-01-08 13:00:00,NSE:HINDOILEXP,116.8,117.05,116.6,116.75,6643.0
2019-01-08 14:00:00,NSE:HINDOILEXP,116.7,117.45,116.35,117.1,38310.0
2019-01-08 15:00:00,NSE:HINDOILEXP,117.2,117.9,117.0,117.4,28926.0
2019-01-09 09:00:00,NSE:HINDOILEXP,118.05,120.5,117.75,120.2,64569.0
2019-01-09 10:00:00,NSE:HINDOILEXP,120.2,122.4,120.0,121.45,149957.0
2019-01-09 11:00:00,NSE:HINDOILEXP,121.4,121.85,121.0,121.2,28991.0
2019-01-09 12:00:00,NSE:HINDOILEXP,121.2,121.5,120.5,120.55,26089.0
2019-01-09 13:00:00,NSE:HINDOILEXP,120.5,120.8,120.0,120.05,36488.0
2019-01-09 14:00:00,NSE:HINDOILEXP,120.25,121.05,119.8,120.5,30643.0
2019-01-09 15:00:00,NSE:HINDOILEXP,120.6,121.2,120.15,120.7,37518.0
2019-01-10 09:00:00,NSE:HINDOILEXP,124.9,124.9,121.5,122.1,228276.0
2019-01-10 10:00:00,NSE:HINDOILEXP,122.1,122.35,121.65,121.7,39811.0
2019-01-10 11:00:00,NSE:HINDOILEXP,121.75,121.9,121.4,121.8,16411.0
2019-01-10 12:00:00,NSE:HINDOILEXP,121.9,122.0,121.45,121.55,14754.0
2019-01-10 13:00:00,NSE:HINDOILEXP,121.7,121.95,121.5,121.7,9301.0
2019-01-10 14:00:00,NSE:HINDOILEXP,121.7,122.5,121.3,121.55,58210.0
2019-01-10 15:00:00,NSE:HINDOILEXP,121.55,122.2,121.1,121.7,91149.0
2019-01-11 09:00:00,NSE:HINDOILEXP,122.45,122.45,120.1,120.15,37482.0
2019-01-11 10:00:00,NSE:HINDOILEXP,120.1,121.2,119.6,120.75,47269.0
2019-01-11 11:00:00,NSE:HINDOILEXP,120.75,121.2,119.55,119.9,38436.0
2019-01-11 12:00:00,NSE:HINDOILEXP,119.7,119.95,119.15,119.65,21110.0
2019-01-11 13:00:00,NSE:HINDOILEXP,119.45,119.65,119.1,119.3,15943.0
2019-01-11 14:00:00,NSE:HINDOILEXP,119.4,120.1,119.0,119.9,27567.0
2019-01-11 15:00:00,NSE:HINDOILEXP,119.95,120.25,119.4,119.85,37377.0
2019-01-14 09:00:00,NSE:HINDOILEXP,119.95,120.35,118.0,118.55,36445.0
2019-01-14 10:00:00,NSE:HINDOILEXP,118.55,118.75,118.2,118.4,10284.0
2019-01-14 11:00:00,NSE:HINDOILEXP,118.5,118.5,118.0,118.1,8132.0
2019-01-14 12:00:00,NSE:HINDOILEXP,118.2,118.6,118.0,118.3,6838.0
2019-01-14 13:00:00,NSE:HINDOILEXP,118.55,118.95,117.85,118.35,14710.0
2019-01-14 14:00:00,NSE:HINDOILEXP,118.4,118.8,117.6,117.95,12671.0
2019-01-14 15:00:00,NSE:HINDOILEXP,117.75,118.6,117.7,118.2,18334.0
2019-01-15 09:00:00,NSE:HINDOILEXP,118.2,119.25,118.2,118.55,15030.0
2019-01-15 10:00:00,NSE:HINDOILEXP,118.6,118.6,118.05,118.05,16868.0
2019-01-15 11:00:00,NSE:HINDOILEXP,118.2,118.5,118.15,118.2,6335.0
2019-01-15 12:00:00,NSE:HINDOILEXP,118.2,118.9,118.1,118.2,16744.0
2019-01-15 13:00:00,NSE:HINDOILEXP,118.45,119.0,118.25,118.85,10497.0
2019-01-15 14:00:00,NSE:HINDOILEXP,118.95,119.9,118.55,118.7,28148.0
2019-01-15 15:00:00,NSE:HINDOILEXP,118.7,119.8,118.6,119.1,26627.0
2019-01-16 09:00:00,NSE:HINDOILEXP,119.4,122.5,119.3,122.2,68721.0
2019-01-16 10:00:00,NSE:HINDOILEXP,122.1,122.3,121.25,121.8,37792.0
2019-01-16 11:00:00,NSE:HINDOILEXP,121.75,122.05,121.4,121.85,18272.0
2019-01-16 12:00:00,NSE:HINDOILEXP,121.85,124.05,121.85,123.55,92278.0
2019-01-16 13:00:00,NSE:HINDOILEXP,123.55,123.55,122.5,123.0,34112.0
2019-01-16 14:00:00,NSE:HINDOILEXP,122.9,123.7,122.3,123.55,58769.0
2019-01-16 15:00:00,NSE:HINDOILEXP,123.5,126.95,123.45,125.5,207115.0
2019-01-17 09:00:00,NSE:HINDOILEXP,125.8,129.95,125.8,128.75,371032.0
2019-01-17 10:00:00,NSE:HINDOILEXP,128.9,128.9,127.45,127.7,119370.0
2019-01-17 11:00:00,NSE:HINDOILEXP,127.9,129.3,127.65,128.7,93848.0
2019-01-17 12:00:00,NSE:HINDOILEXP,128.45,130.5,128.1,129.2,146012.0
2019-01-17 13:00:00,NSE:HINDOILEXP,129.15,129.4,128.5,128.8,49135.0
2019-01-17 14:00:00,NSE:HINDOILEXP,128.6,129.25,128.25,128.65,40869.0
2019-01-17 15:00:00,NSE:HINDOILEXP,128.5,128.65,126.9,127.6,135507.0
2019-01-18 09:00:00,NSE:HINDOILEXP,127.7,130.5,127.7,130.35,153155.0
2019-01-18 10:00:00,NSE:HINDOILEXP,130.35,131.35,128.0,129.0,138741.0
2019-01-18 11:00:00,NSE:HINDOILEXP,129.0,130.15,128.2,129.6,48599.0
2019-01-18 12:00:00,NSE:HINDOILEXP,129.8,130.3,129.15,129.55,68737.0
2019-01-18 13:00:00,NSE:HINDOILEXP,129.55,130.95,129.2,130.7,38750.0
2019-01-18 14:00:00,NSE:HINDOILEXP,130.55,132.65,130.35,131.9,174984.0
2019-01-18 15:00:00,NSE:HINDOILEXP,131.9,132.2,131.25,131.6,144670.0
2019-01-21 09:00:00,NSE:HINDOILEXP,131.0,131.0,124.25,124.9,287363.0
2019-01-21 10:00:00,NSE:HINDOILEXP,124.8,126.4,123.7,126.0,109662.0
2019-01-21 11:00:00,NSE:HINDOILEXP,126.2,126.2,125.2,125.9,32525.0
2019-01-21 12:00:00,NSE:HINDOILEXP,125.9,126.35,125.0,126.3,38548.0
2019-01-21 13:00:00,NSE:HINDOILEXP,126.35,126.9,125.6,126.35,49156.0
2019-01-21 14:00:00,NSE:HINDOILEXP,126.4,126.95,126.0,126.0,36211.0
2019-01-21 15:00:00,NSE:HINDOILEXP,126.05,126.45,125.3,125.95,86012.0
2019-01-22 09:00:00,NSE:HINDOILEXP,126.2,127.6,126.0,126.7,37056.0
2019-01-22 10:00:00,NSE:HINDOILEXP,126.65,126.7,124.5,125.0,41494.0
2019-01-22 11:00:00,NSE:HINDOILEXP,124.95,125.0,123.6,124.0,21949.0
2019-01-22 12:00:00,NSE:HINDOILEXP,124.0,124.45,121.2,122.8,58094.0
2019-01-22 13:00:00,NSE:HINDOILEXP,122.7,124.2,122.05,123.45,24304.0
2019-01-22 14:00:00,NSE:HINDOILEXP,123.55,124.5,119.3,119.7,73081.0
2019-01-22 15:00:00,NSE:HINDOILEXP,119.7,120.3,118.0,119.35,318278.0
2019-01-23 09:00:00,NSE:HINDOILEXP,119.85,121.6,119.85,120.65,43724.0
2019-01-23 10:00:00,NSE:HINDOILEXP,120.65,120.9,120.35,120.35,11169.0
2019-01-23 11:00:00,NSE:HINDOILEXP,120.25,123.5,119.5,121.9,85124.0
2019-01-23 12:00:00,NSE:HINDOILEXP,121.7,121.95,117.5,119.4,154336.0
2019-01-23 13:00:00,NSE:HINDOILEXP,119.4,119.5,118.0,118.95,86248.0
2019-01-23 14:00:00,NSE:HINDOILEXP,118.95,119.25,118.2,118.4,18740.0
2019-01-23 15:00:00,NSE:HINDOILEXP,118.5,118.75,117.6,118.05,38220.0
2019-01-24 09:00:00,NSE:HINDOILEXP,118.95,120.0,118.5,119.6,34291.0
2019-01-24 10:00:00,NSE:HINDOILEXP,119.35,119.35,118.25,118.45,15476.0
2019-01-24 11:00:00,NSE:HINDOILEXP,118.7,118.75,118.0,118.3,10251.0
2019-01-24 12:00:00,NSE:HINDOILEXP,118.45,118.65,117.75,118.0,10357.0
2019-01-24 13:00:00,NSE:HINDOILEXP,118.0,118.25,117.25,117.75,44181.0
2019-01-24 14:00:00,NSE:HINDOILEXP,117.9,118.25,116.75,117.35,21654.0
2019-01-24 15:00:00,NSE:HINDOILEXP,117.35,117.8,116.75,117.4,94237.0
2019-01-25 09:00:00,NSE:HINDOILEXP,119.25,119.25,117.55,117.9,17913.0
2019-01-25 10:00:00,NSE:HINDOILEXP,117.85,118.0,116.4,116.95,33991.0
2019-01-25 11:00:00,NSE:HINDOILEXP,117.0,117.2,116.0,116.95,24283.0
2019-01-25 12:00:00,NSE:HINDOILEXP,116.95,117.1,116.5,116.95,7388.0
2019-01-25 13:00:00,NSE:HINDOILEXP,116.95,117.0,116.1,116.6,12981.0
2019-01-25 14:00:00,NSE:HINDOILEXP,116.6,116.75,115.2,115.55,38397.0
2019-01-25 15:00:00,NSE:HINDOILEXP,115.25,116.0,114.5,115.15,34499.0
2019-01-28 09:00:00,NSE:HINDOILEXP,113.8,114.9,107.6,109.55,124073.0
2019-01-28 10:00:00,NSE:HINDOILEXP,109.6,111.55,107.8,108.9,302597.0
2019-01-28 11:00:00,NSE:HINDOILEXP,108.9,109.0,105.6,106.35,131105.0
2019-01-28 12:00:00,NSE:HINDOILEXP,106.4,106.85,104.3,106.15,193809.0
2019-01-28 13:00:00,NSE:HINDOILEXP,106.1,107.6,106.05,107.1,61574.0
2019-01-28 14:00:00,NSE:HINDOILEXP,107.35,108.55,106.0,106.15,78584.0
2019-01-28 15:00:00,NSE:HINDOILEXP,106.15,107.45,105.6,106.25,94341.0
2019-01-29 09:00:00,NSE:HINDOILEXP,106.95,109.05,104.4,104.4,258228.0
2019-01-29 10:00:00,NSE:HINDOILEXP,104.4,104.7,103.2,104.7,131486.0
2019-01-29 11:00:00,NSE:HINDOILEXP,104.6,104.75,103.5,104.45,38541.0
2019-01-29 12:00:00,NSE:HINDOILEXP,104.3,105.5,104.0,104.9,37469.0
2019-01-29 13:00:00,NSE:HINDOILEXP,105.0,106.35,104.6,106.25,33001.0
2019-01-29 14:00:00,NSE:HINDOILEXP,106.2,106.7,104.9,105.7,122140.0
2019-01-29 15:00:00,NSE:HINDOILEXP,105.7,106.8,105.45,106.15,79380.0
2019-01-30 09:00:00,NSE:HINDOILEXP,107.05,110.3,106.65,108.75,70736.0
2019-01-30 10:00:00,NSE:HINDOILEXP,109.0,109.9,109.0,109.25,36040.0
2019-01-30 11:00:00,NSE:HINDOILEXP,109.1,109.65,108.85,108.95,23607.0
2019-01-30 12:00:00,NSE:HINDOILEXP,108.85,109.6,108.5,109.5,18819.0
2019-01-30 13:00:00,NSE:HINDOILEXP,109.3,109.45,109.0,109.3,21895.0
2019-01-30 14:00:00,NSE:HINDOILEXP,109.35,110.9,109.3,110.5,45854.0
2019-01-30 15:00:00,NSE:HINDOILEXP,110.45,110.9,109.8,110.3,47246.0
2019-01-31 09:00:00,NSE:HINDOILEXP,111.1,113.15,110.95,110.95,34467.0
2019-01-31 10:00:00,NSE:HINDOILEXP,111.0,111.15,109.5,110.1,33922.0
2019-01-31 11:00:00,NSE:HINDOILEXP,110.05,111.4,110.0,111.15,38710.0
2019-01-31 12:00:00,NSE:HINDOILEXP,111.15,111.35,110.35,111.0,18032.0
2019-01-31 13:00:00,NSE:HINDOILEXP,110.7,111.0,110.25,110.85,10463.0
2019-01-31 14:00:00,NSE:HINDOILEXP,110.85,110.85,109.85,110.0,18448.0
2019-01-31 15:00:00,NSE:HINDOILEXP,110.0,110.35,108.45,109.4,80290.0
2019-02-01 09:00:00,NSE:HINDOILEXP,107.9,110.8,107.9,110.35,24602.0
2019-02-01 10:00:00,NSE:HINDOILEXP,110.3,110.7,109.2,110.05,23488.0
2019-02-01 11:00:00,NSE:HINDOILEXP,110.1,110.8,109.35,109.5,19267.0
2019-02-01 12:00:00,NSE:HINDOILEXP,109.55,110.35,109.0,109.7,24909.0
2019-02-01 13:00:00,NSE:HINDOILEXP,109.65,110.15,109.1,109.35,26473.0
2019-02-01 14:00:00,NSE:HINDOILEXP,109.15,110.25,107.3,109.45,134994.0
2019-02-01 15:00:00,NSE:HINDOILEXP,109.45,109.75,107.6,107.8,61183.0
2019-02-04 09:00:00,NSE:HINDOILEXP,107.05,110.1,107.05,108.0,28686.0
2019-02-04 10:00:00,NSE:HINDOILEXP,108.0,109.0,107.3,108.75,24533.0
2019-02-04 11:00:00,NSE:HINDOILEXP,108.85,109.0,108.6,108.8,3883.0
2019-02-04 12:00:00,NSE:HINDOILEXP,108.8,109.0,107.55,107.75,13388.0
2019-02-04 13:00:00,NSE:HINDOILEXP,107.75,108.5,107.7,108.5,11423.0
2019-02-04 14:00:00,NSE:HINDOILEXP,108.45,109.15,108.0,108.25,17568.0
2019-02-04 15:00:00,NSE:HINDOILEXP,108.2,108.35,106.45,107.15,25631.0
2019-02-05 09:00:00,NSE:HINDOILEXP,107.05,107.6,106.25,107.2,18590.0
2019-02-05 10:00:00,NSE:HINDOILEXP,107.25,107.6,106.3,106.85,12642.0
2019-02-05 11:00:00,NSE:HINDOILEXP,106.55,108.6,106.25,108.3,19584.0
2019-02-05 12:00:00,NSE:HINDOILEXP,108.4,108.7,106.5,106.8,17515.0
2019-02-05 13:00:00,NSE:HINDOILEXP,106.6,106.8,105.2,105.6,15326.0
2019-02-05 14:00:00,NSE:HINDOILEXP,105.15,106.0,104.55,105.8,38732.0
2019-02-05 15:00:00,NSE:HINDOILEXP,105.9,107.3,105.5,106.6,22544.0
2019-02-06 09:00:00,NSE:HINDOILEXP,108.0,108.15,106.1,107.2,19304.0
2019-02-06 10:00:00,NSE:HINDOILEXP,107.1,107.4,105.35,105.4,24095.0
2019-02-06 11:00:00,NSE:HINDOILEXP,105.55,106.25,104.75,106.0,24126.0
2019-02-06 12:00:00,NSE:HINDOILEXP,105.95,108.45,105.95,106.7,33410.0
2019-02-06 13:00:00,NSE:HINDOILEXP,106.7,107.0,105.6,106.05,13566.0
2019-02-06 14:00:00,NSE:HINDOILEXP,106.0,106.0,104.9,105.3,31043.0
2019-02-06 15:00:00,NSE:HINDOILEXP,105.3,106.0,104.95,105.3,32896.0
2019-02-07 09:00:00,NSE:HINDOILEXP,105.9,106.65,105.1,106.5,28232.0
2019-02-07 10:00:00,NSE:HINDOILEXP,106.5,107.15,106.05,107.05,37526.0
2019-02-07 11:00:00,NSE:HINDOILEXP,107.15,108.2,106.85,107.55,38467.0
2019-02-07 12:00:00,NSE:HINDOILEXP,107.75,108.2,107.5,107.75,18160.0
2019-02-07 13:00:00,NSE:HINDOILEXP,107.75,108.45,107.55,108.1,13491.0
2019-02-07 14:00:00,NSE:HINDOILEXP,108.0,108.95,108.0,108.4,17001.0
2019-02-07 15:00:00,NSE:HINDOILEXP,108.45,108.9,108.0,108.3,25374.0
2019-02-08 09:00:00,NSE:HINDOILEXP,108.75,108.75,106.85,106.95,20379.0
2019-02-08 10:00:00,NSE:HINDOILEXP,106.85,107.3,106.85,107.0,13172.0
2019-02-08 11:00:00,NSE:HINDOILEXP,106.95,107.2,106.25,106.5,15885.0
2019-02-08 12:00:00,NSE:HINDOILEXP,106.3,107.3,105.25,107.0,22134.0
2019-02-08 13:00:00,NSE:HINDOILEXP,107.0,107.75,107.0,107.2,12838.0
2019-02-08 14:00:00,NSE:HINDOILEXP,107.2,107.45,106.4,106.45,16585.0
2019-02-08 15:00:00,NSE:HINDOILEXP,106.4,108.3,106.25,107.55,38808.0
2019-02-11 09:00:00,NSE:HINDOILEXP,106.6,107.7,105.45,106.2,13274.0
2019-02-11 10:00:00,NSE:HINDOILEXP,106.25,106.45,105.75,106.0,8834.0
2019-02-11 11:00:00,NSE:HINDOILEXP,105.8,106.15,105.2,106.15,8197.0
2019-02-11 12:00:00,NSE:HINDOILEXP,105.85,106.15,105.6,106.15,3325.0
2019-02-11 13:00:00,NSE:HINDOILEXP,106.0,106.2,105.4,105.65,3526.0
2019-02-11 14:00:00,NSE:HINDOILEXP,105.85,106.35,105.7,106.05,28366.0
2019-02-11 15:00:00,NSE:HINDOILEXP,106.0,108.0,105.5,107.0,115250.0
2019-02-12 09:00:00,NSE:HINDOILEXP,106.1,107.05,105.5,105.9,12426.0
2019-02-12 10:00:00,NSE:HINDOILEXP,105.95,106.65,105.95,106.65,7991.0
2019-02-12 11:00:00,NSE:HINDOILEXP,106.45,106.7,106.1,106.25,8128.0
2019-02-12 12:00:00,NSE:HINDOILEXP,106.2,107.6,106.2,106.45,33518.0
2019-02-12 13:00:00,NSE:HINDOILEXP,106.45,107.3,106.25,107.2,6220.0
2019-02-12 14:00:00,NSE:HINDOILEXP,107.1,107.9,106.0,106.35,29868.0
2019-02-12 15:00:00,NSE:HINDOILEXP,106.7,107.4,106.2,106.95,32622.0
2019-02-13 09:00:00,NSE:HINDOILEXP,106.15,108.5,106.15,107.8,31945.0
2019-02-13 10:00:00,NSE:HINDOILEXP,107.8,109.5,107.8,109.3,46433.0
2019-02-13 11:00:00,NSE:HINDOILEXP,109.3,111.0,109.0,110.05,50288.0
2019-02-13 12:00:00,NSE:HINDOILEXP,110.0,110.5,110.0,110.0,15691.0
2019-02-13 13:00:00,NSE:HINDOILEXP,110.0,110.2,108.5,108.75,22777.0
2019-02-13 14:00:00,NSE:HINDOILEXP,108.75,111.5,108.5,110.3,75769.0
2019-02-13 15:00:00,NSE:HINDOILEXP,110.6,110.8,109.45,110.25,58220.0
2019-02-14 09:00:00,NSE:HINDOILEXP,110.35,110.7,109.05,109.4,24180.0
2019-02-14 10:00:00,NSE:HINDOILEXP,109.4,109.55,108.55,108.9,22619.0
2019-02-14 11:00:00,NSE:HINDOILEXP,108.8,109.0,108.45,108.95,10854.0
2019-02-14 12:00:00,NSE:HINDOILEXP,108.95,125.0,108.85,115.5,220586.0
2019-02-14 13:00:00,NSE:HINDOILEXP,115.5,115.8,113.8,114.9,46582.0
2019-02-14 14:00:00,NSE:HINDOILEXP,114.8,116.0,114.15,114.3,68144.0
2019-02-14 15:00:00,NSE:HINDOILEXP,114.35,116.25,114.3,115.45,37938.0
2019-02-15 09:00:00,NSE:HINDOILEXP,116.0,117.9,116.0,117.45,61596.0
2019-02-15 10:00:00,NSE:HINDOILEXP,117.15,117.6,116.35,116.35,28680.0
2019-02-15 11:00:00,NSE:HINDOILEXP,116.5,117.75,115.2,116.9,33046.0
2019-02-15 12:00:00,NSE:HINDOILEXP,117.0,117.2,116.0,116.3,21120.0
2019-02-15 13:00:00,NSE:HINDOILEXP,116.65,116.65,114.15,115.4,20057.0
2019-02-15 14:00:00,NSE:HINDOILEXP,115.1,116.2,115.1,115.5,9354.0
2019-02-15 15:00:00,NSE:HINDOILEXP,115.5,117.05,115.35,116.5,34537.0
2019-02-18 09:00:00,NSE:HINDOILEXP,118.25,118.9,116.75,117.6,73687.0
2019-02-18 10:00:00,NSE:HINDOILEXP,117.65,117.85,116.9,117.65,16865.0
2019-02-18 11:00:00,NSE:HINDOILEXP,117.6,117.8,116.85,117.35,20325.0
2019-02-18 12:00:00,NSE:HINDOILEXP,117.35,117.35,116.1,117.3,32927.0
2019-02-18 13:00:00,NSE:HINDOILEXP,117.4,117.7,115.5,116.75,21834.0
2019-02-18 14:00:00,NSE:HINDOILEXP,116.85,116.85,115.35,115.65,14186.0
2019-02-18 15:00:00,NSE:HINDOILEXP,115.65,115.75,113.0,114.65,77321.0
2019-02-19 09:00:00,NSE:HINDOILEXP,114.0,114.85,113.5,113.5,22483.0
2019-02-19 10:00:00,NSE:HINDOILEXP,113.4,114.15,112.5,112.7,11431.0
2019-02-19 11:00:00,NSE:HINDOILEXP,112.85,112.85,111.25,111.75,23396.0
2019-02-19 12:00:00,NSE:HINDOILEXP,111.8,112.6,111.8,112.6,14186.0
2019-02-19 13:00:00,NSE:HINDOILEXP,112.6,112.8,111.7,112.45,9362.0
2019-02-19 14:00:00,NSE:HINDOILEXP,112.55,112.8,111.45,112.0,35357.0
2019-02-19 15:00:00,NSE:HINDOILEXP,111.8,112.3,111.25,111.75,25761.0
2019-02-20 09:00:00,NSE:HINDOILEXP,119.0,120.0,116.0,116.35,319645.0
2019-02-20 10:00:00,NSE:HINDOILEXP,116.35,117.85,116.0,117.3,86758.0
2019-02-20 11:00:00,NSE:HINDOILEXP,117.3,117.5,116.6,116.8,27109.0
2019-02-20 12:00:00,NSE:HINDOILEXP,116.95,117.35,116.2,116.45,38418.0
2019-02-20 13:00:00,NSE:HINDOILEXP,116.5,116.85,115.85,116.8,32868.0
2019-02-20 14:00:00,NSE:HINDOILEXP,116.85,117.4,115.75,117.0,73810.0
2019-02-20 15:00:00,NSE:HINDOILEXP,117.0,117.95,116.95,117.45,109306.0
2019-02-21 09:00:00,NSE:HINDOILEXP,116.9,116.9,115.25,115.9,28577.0
2019-02-21 10:00:00,NSE:HINDOILEXP,115.65,115.95,115.0,115.5,16758.0
2019-02-21 11:00:00,NSE:HINDOILEXP,115.35,115.55,114.6,115.05,17982.0
2019-02-21 12:00:00,NSE:HINDOILEXP,115.15,115.5,114.9,115.05,16294.0
2019-02-21 13:00:00,NSE:HINDOILEXP,115.05,116.2,115.05,116.15,20873.0
2019-02-21 14:00:00,NSE:HINDOILEXP,116.05,116.85,115.85,116.0,33948.0
2019-02-21 15:00:00,NSE:HINDOILEXP,116.0,116.85,116.0,116.4,22815.0
2019-02-22 09:00:00,NSE:HINDOILEXP,115.5,116.5,115.15,115.35,23771.0
2019-02-22 10:00:00,NSE:HINDOILEXP,115.3,117.2,115.1,115.75,22359.0
2019-02-22 11:00:00,NSE:HINDOILEXP,115.5,116.6,115.5,115.65,15002.0
2019-02-22 12:00:00,NSE:HINDOILEXP,115.75,117.9,115.65,116.45,42284.0
2019-02-22 13:00:00,NSE:HINDOILEXP,116.45,117.4,116.35,116.7,24995.0
2019-02-22 14:00:00,NSE:HINDOILEXP,116.7,117.0,116.5,116.55,16793.0
2019-02-22 15:00:00,NSE:HINDOILEXP,116.55,117.0,115.95,116.6,36250.0
2019-02-25 09:00:00,NSE:HINDOILEXP,116.75,116.75,115.2,115.6,34704.0
2019-02-25 10:00:00,NSE:HINDOILEXP,115.6,115.95,115.25,115.45,14780.0
2019-02-25 11:00:00,NSE:HINDOILEXP,115.5,116.75,115.3,116.0,19170.0
2019-02-25 12:00:00,NSE:HINDOILEXP,115.7,117.4,115.35,116.25,20777.0
2019-02-25 13:00:00,NSE:HINDOILEXP,116.2,121.35,116.15,118.5,247457.0
2019-02-25 14:00:00,NSE:HINDOILEXP,118.35,119.75,118.35,118.5,37613.0
2019-02-25 15:00:00,NSE:HINDOILEXP,118.5,119.75,118.15,119.0,80053.0
2019-02-26 09:00:00,NSE:HINDOILEXP,116.0,116.9,114.15,114.35,95051.0
2019-02-26 10:00:00,NSE:HINDOILEXP,114.35,115.75,113.55,115.4,39801.0
2019-02-26 11:00:00,NSE:HINDOILEXP,115.4,116.0,114.95,115.9,14377.0
2019-02-26 12:00:00,NSE:HINDOILEXP,115.75,116.5,115.45,116.15,22854.0
2019-02-26 13:00:00,NSE:HINDOILEXP,116.15,117.8,115.65,117.4,47017.0
2019-02-26 14:00:00,NSE:HINDOILEXP,117.3,117.7,116.8,116.8,26576.0
2019-02-26 15:00:00,NSE:HINDOILEXP,116.8,117.4,116.5,116.95,32093.0
2019-02-27 09:00:00,NSE:HINDOILEXP,116.65,119.65,116.65,118.6,42144.0
2019-02-27 10:00:00,NSE:HINDOILEXP,118.6,119.35,118.55,119.25,14933.0
2019-02-27 11:00:00,NSE:HINDOILEXP,119.25,119.25,117.2,117.25,22388.0
2019-02-27 12:00:00,NSE:HINDOILEXP,117.25,117.4,114.5,114.9,49068.0
2019-02-27 13:00:00,NSE:HINDOILEXP,114.6,116.2,114.6,115.7,27548.0
2019-02-27 14:00:00,NSE:HINDOILEXP,115.7,115.9,114.4,114.65,25619.0
2019-02-27 15:00:00,NSE:HINDOILEXP,114.5,114.8,114.0,114.15,25115.0
2019-02-28 09:00:00,NSE:HINDOILEXP,115.4,116.4,114.5,115.5,26804.0
2019-02-28 10:00:00,NSE:HINDOILEXP,115.6,115.95,115.3,115.45,8650.0
2019-02-28 11:00:00,NSE:HINDOILEXP,115.5,116.0,115.0,115.4,13064.0
2019-02-28 12:00:00,NSE:HINDOILEXP,115.4,115.75,115.05,115.5,10163.0
2019-02-28 13:00:00,NSE:HINDOILEXP,115.5,115.95,115.2,115.7,11627.0
2019-02-28 14:00:00,NSE:HINDOILEXP,115.85,116.85,115.1,115.1,36420.0
2019-02-28 15:00:00,NSE:HINDOILEXP,115.1,115.7,114.6,115.05,22833.0
2019-03-01 09:00:00,NSE:HINDOILEXP,115.95,117.0,115.3,116.55,25881.0
2019-03-01 10:00:00,NSE:HINDOILEXP,116.55,116.8,116.2,116.4,10140.0
2019-03-01 11:00:00,NSE:HINDOILEXP,116.45,116.65,116.15,116.3,6844.0
2019-03-01 12:00:00,NSE:HINDOILEXP,116.45,116.8,116.35,116.4,6708.0
2019-03-01 13:00:00,NSE:HINDOILEXP,116.55,117.0,116.4,116.9,12397.0
2019-03-01 14:00:00,NSE:HINDOILEXP,116.9,119.2,116.3,118.0,89621.0
2019-03-01 15:00:00,NSE:HINDOILEXP,117.7,121.0,117.7,119.5,112836.0
2019-03-05 09:00:00,NSE:HINDOILEXP,121.3,121.85,120.0,120.35,61858.0
2019-03-05 10:00:00,NSE:HINDOILEXP,120.35,121.65,120.3,121.35,67671.0
2019-03-05 11:00:00,NSE:HINDOILEXP,121.35,123.0,120.9,122.35,81085.0
2019-03-05 12:00:00,NSE:HINDOILEXP,122.15,122.9,121.5,122.3,32982.0
2019-03-05 13:00:00,NSE:HINDOILEXP,122.25,122.85,122.0,122.4,9305.0
2019-03-05 14:00:00,NSE:HINDOILEXP,122.7,124.25,122.3,123.35,104182.0
2019-03-05 15:00:00,NSE:HINDOILEXP,123.35,123.75,122.6,123.2,65653.0
2019-03-06 09:00:00,NSE:HINDOILEXP,124.5,126.3,123.6,126.25,84463.0
2019-03-06 10:00:00,NSE:HINDOILEXP,126.25,127.4,124.0,126.5,124292.0
2019-03-06 11:00:00,NSE:HINDOILEXP,126.5,127.8,125.3,127.0,63365.0
2019-03-06 12:00:00,NSE:HINDOILEXP,127.4,128.0,127.0,127.0,41570.0
2019-03-06 13:00:00,NSE:HINDOILEXP,127.0,130.9,127.0,130.5,419440.0
2019-03-06 14:00:00,NSE:HINDOILEXP,130.4,132.75,128.9,130.0,398645.0
2019-03-06 15:00:00,NSE:HINDOILEXP,129.65,129.9,128.1,129.0,108974.0
2019-03-07 09:00:00,NSE:HINDOILEXP,128.75,129.5,126.1,126.9,86815.0
2019-03-07 10:00:00,NSE:HINDOILEXP,127.0,128.75,126.55,127.05,44972.0
2019-03-07 11:00:00,NSE:HINDOILEXP,127.05,127.15,125.2,126.3,61493.0
2019-03-07 12:00:00,NSE:HINDOILEXP,126.25,126.75,124.75,124.75,52177.0
2019-03-07 13:00:00,NSE:HINDOILEXP,124.75,126.2,124.55,125.8,30507.0
2019-03-07 14:00:00,NSE:HINDOILEXP,125.8,126.55,125.65,125.85,45565.0
2019-03-07 15:00:00,NSE:HINDOILEXP,125.7,127.0,125.0,126.05,71062.0
2019-03-08 09:00:00,NSE:HINDOILEXP,126.1,126.9,124.5,124.55,33941.0
2019-03-08 10:00:00,NSE:HINDOILEXP,124.55,125.0,124.1,124.3,19339.0
2019-03-08 11:00:00,NSE:HINDOILEXP,124.3,124.5,124.1,124.3,11900.0
2019-03-08 12:00:00,NSE:HINDOILEXP,124.4,124.5,123.65,123.85,28050.0
2019-03-08 13:00:00,NSE:HINDOILEXP,123.7,124.65,123.5,124.0,20525.0
2019-03-08 14:00:00,NSE:HINDOILEXP,124.05,125.9,123.75,125.0,50990.0
2019-03-08 15:00:00,NSE:HINDOILEXP,125.0,125.35,123.95,124.7,31019.0
2019-03-11 09:00:00,NSE:HINDOILEXP,123.6,126.85,123.6,126.45,45015.0
2019-03-11 10:00:00,NSE:HINDOILEXP,126.5,126.7,124.75,125.3,28773.0
2019-03-11 11:00:00,NSE:HINDOILEXP,125.3,125.5,124.8,125.3,11718.0
2019-03-11 12:00:00,NSE:HINDOILEXP,125.4,125.4,124.85,125.25,8234.0
2019-03-11 13:00:00,NSE:HINDOILEXP,125.4,127.8,125.1,127.0,39821.0
2019-03-11 14:00:00,NSE:HINDOILEXP,126.75,127.5,126.5,127.15,25264.0
2019-03-11 15:00:00,NSE:HINDOILEXP,127.1,127.5,127.0,127.1,40645.0
2019-03-12 09:00:00,NSE:HINDOILEXP,127.6,129.6,127.35,129.0,58854.0
2019-03-12 10:00:00,NSE:HINDOILEXP,129.15,129.9,128.7,129.4,39849.0
2019-03-12 11:00:00,NSE:HINDOILEXP,129.1,129.95,128.45,128.85,31336.0
2019-03-12 12:00:00,NSE:HINDOILEXP,128.9,129.5,128.15,128.5,27853.0
2019-03-12 13:00:00,NSE:HINDOILEXP,128.5,128.75,128.0,128.2,11092.0
2019-03-12 14:00:00,NSE:HINDOILEXP,128.25,129.45,127.5,128.7,66172.0
2019-03-12 15:00:00,NSE:HINDOILEXP,128.65,128.65,126.25,127.1,59876.0
2019-03-13 09:00:00,NSE:HINDOILEXP,126.2,128.25,126.2,127.5,42705.0
2019-03-13 10:00:00,NSE:HINDOILEXP,127.5,128.1,126.3,126.5,22697.0
2019-03-13 11:00:00,NSE:HINDOILEXP,126.5,129.25,126.3,128.25,49991.0
2019-03-13 12:00:00,NSE:HINDOILEXP,128.3,128.45,128.0,128.4,8386.0
2019-03-13 13:00:00,NSE:HINDOILEXP,128.45,134.5,128.0,131.7,455767.0
2019-03-13 14:00:00,NSE:HINDOILEXP,131.75,132.7,129.95,132.7,130396.0
2019-03-13 15:00:00,NSE:HINDOILEXP,132.35,132.55,130.2,130.95,88294.0
2019-03-14 09:00:00,NSE:HINDOILEXP,131.0,132.65,130.95,131.7,61368.0
2019-03-14 10:00:00,NSE:HINDOILEXP,131.6,131.75,128.1,129.95,80717.0
2019-03-14 11:00:00,NSE:HINDOILEXP,129.85,130.7,129.05,129.5,17484.0
2019-03-14 12:00:00,NSE:HINDOILEXP,129.5,130.25,129.5,129.85,10436.0
2019-03-14 13:00:00,NSE:HINDOILEXP,129.8,130.8,129.3,130.3,17608.0
2019-03-14 14:00:00,NSE:HINDOILEXP,130.3,130.7,130.0,130.0,29910.0
2019-03-14 15:00:00,NSE:HINDOILEXP,130.0,130.7,128.85,129.05,50114.0
2019-03-15 09:00:00,NSE:HINDOILEXP,130.0,130.95,129.75,130.15,58203.0
2019-03-15 10:00:00,NSE:HINDOILEXP,130.15,130.4,128.65,129.2,27593.0
2019-03-15 11:00:00,NSE:HINDOILEXP,129.2,129.8,128.2,128.65,18259.0
2019-03-15 12:00:00,NSE:HINDOILEXP,128.65,129.3,128.05,128.3,35059.0
2019-03-15 13:00:00,NSE:HINDOILEXP,128.7,129.6,128.25,128.25,28765.0
2019-03-15 14:00:00,NSE:HINDOILEXP,128.4,129.3,128.25,128.4,29994.0
2019-03-15 15:00:00,NSE:HINDOILEXP,128.4,128.45,123.35,125.15,128876.0
2019-03-18 09:00:00,NSE:HINDOILEXP,126.4,128.4,126.4,127.0,56489.0
2019-03-18 10:00:00,NSE:HINDOILEXP,127.0,127.25,126.9,127.2,32390.0
2019-03-18 11:00:00,NSE:HINDOILEXP,127.0,127.5,127.0,127.25,11291.0
2019-03-18 12:00:00,NSE:HINDOILEXP,127.05,127.5,127.0,127.4,5414.0
2019-03-18 13:00:00,NSE:HINDOILEXP,127.25,127.3,126.4,126.5,16447.0
2019-03-18 14:00:00,NSE:HINDOILEXP,126.5,127.45,125.55,127.15,42357.0
2019-03-18 15:00:00,NSE:HINDOILEXP,127.35,129.0,127.0,127.75,76782.0
2019-03-19 09:00:00,NSE:HINDOILEXP,127.95,128.8,127.0,128.0,28632.0
2019-03-19 10:00:00,NSE:HINDOILEXP,128.0,128.45,127.4,127.75,21767.0
2019-03-19 11:00:00,NSE:HINDOILEXP,127.85,127.85,127.15,127.2,5308.0
2019-03-19 12:00:00,NSE:HINDOILEXP,127.2,127.7,127.0,127.25,14158.0
2019-03-19 13:00:00,NSE:HINDOILEXP,127.0,127.5,126.8,127.25,8687.0
2019-03-19 14:00:00,NSE:HINDOILEXP,127.5,127.75,125.75,127.5,23562.0
2019-03-19 15:00:00,NSE:HINDOILEXP,127.5,127.9,126.65,127.3,23268.0
2019-03-20 09:00:00,NSE:HINDOILEXP,129.7,129.7,127.5,128.0,117572.0
2019-03-20 10:00:00,NSE:HINDOILEXP,128.0,128.1,127.5,128.0,33343.0
2019-03-20 11:00:00,NSE:HINDOILEXP,127.95,128.25,127.6,127.65,24957.0
2019-03-20 12:00:00,NSE:HINDOILEXP,127.65,128.1,127.2,127.8,21063.0
2019-03-20 13:00:00,NSE:HINDOILEXP,127.75,128.2,127.1,128.0,17299.0
2019-03-20 14:00:00,NSE:HINDOILEXP,127.7,128.2,127.1,127.3,13547.0
2019-03-20 15:00:00,NSE:HINDOILEXP,127.3,127.5,126.3,127.0,51979.0
2019-03-22 09:00:00,NSE:HINDOILEXP,128.0,128.2,126.5,126.5,28238.0
2019-03-22 10:00:00,NSE:HINDOILEXP,126.5,127.65,126.2,126.7,16812.0
2019-03-22 11:00:00,NSE:HINDOILEXP,126.7,127.65,126.5,126.75,11161.0
2019-03-22 12:00:00,NSE:HINDOILEXP,126.7,127.15,126.15,127.15,11246.0
2019-03-22 13:00:00,NSE:HINDOILEXP,127.1,128.9,126.5,128.2,446594.0
2019-03-22 14:00:00,NSE:HINDOILEXP,128.2,128.25,126.0,127.6,29803.0
2019-03-22 15:00:00,NSE:HINDOILEXP,127.6,127.6,126.5,127.0,42921.0
2019-03-25 09:00:00,NSE:HINDOILEXP,126.4,126.4,124.2,124.8,38114.0
2019-03-25 10:00:00,NSE:HINDOILEXP,124.65,125.2,124.2,124.4,15647.0
2019-03-25 11:00:00,NSE:HINDOILEXP,124.25,124.7,124.1,124.5,59213.0
2019-03-25 12:00:00,NSE:HINDOILEXP,124.5,124.7,124.2,124.2,5818.0
2019-03-25 13:00:00,NSE:HINDOILEXP,124.25,124.5,124.2,124.45,8927.0
2019-03-25 14:00:00,NSE:HINDOILEXP,124.3,124.5,123.8,124.4,39437.0
2019-03-25 15:00:00,NSE:HINDOILEXP,124.35,124.4,123.7,124.25,29917.0
2019-03-26 09:00:00,NSE:HINDOILEXP,127.5,127.5,126.0,126.3,60171.0
2019-03-26 10:00:00,NSE:HINDOILEXP,126.3,126.5,125.4,125.8,30368.0
2019-03-26 11:00:00,NSE:HINDOILEXP,125.8,126.0,125.35,125.5,14690.0
2019-03-26 12:00:00,NSE:HINDOILEXP,125.2,126.0,125.1,125.85,11327.0
2019-03-26 13:00:00,NSE:HINDOILEXP,125.65,125.85,125.4,125.7,6518.0
2019-03-26 14:00:00,NSE:HINDOILEXP,125.7,126.8,125.15,126.55,49293.0
2019-03-26 15:00:00,NSE:HINDOILEXP,126.45,126.5,125.25,126.05,52648.0
2019-03-27 09:00:00,NSE:HINDOILEXP,126.25,128.25,126.1,127.2,46640.0
2019-03-27 10:00:00,NSE:HINDOILEXP,127.2,127.9,127.0,127.55,13631.0
2019-03-27 11:00:00,NSE:HINDOILEXP,127.45,127.9,126.25,126.45,28001.0
2019-03-27 12:00:00,NSE:HINDOILEXP,126.3,128.1,126.15,127.5,62088.0
2019-03-27 13:00:00,NSE:HINDOILEXP,127.2,131.4,127.1,130.4,186590.0
2019-03-27 14:00:00,NSE:HINDOILEXP,130.25,131.3,129.9,130.95,85990.0
2019-03-27 15:00:00,NSE:HINDOILEXP,130.95,131.3,128.95,130.55,99575.0
2019-03-28 09:00:00,NSE:HINDOILEXP,130.5,130.7,129.5,129.6,32264.0
2019-03-28 10:00:00,NSE:HINDOILEXP,129.55,130.1,129.4,129.5,6084.0
2019-03-28 11:00:00,NSE:HINDOILEXP,129.4,129.85,129.05,129.65,7425.0
2019-03-28 12:00:00,NSE:HINDOILEXP,129.6,129.65,129.1,129.2,11566.0
2019-03-28 13:00:00,NSE:HINDOILEXP,129.1,129.8,129.0,129.8,7747.0
2019-03-28 14:00:00,NSE:HINDOILEXP,129.4,130.95,129.05,129.55,67161.0
2019-03-28 15:00:00,NSE:HINDOILEXP,129.55,130.0,127.95,129.05,42260.0
2019-03-29 09:00:00,NSE:HINDOILEXP,129.7,131.8,128.75,129.9,51212.0
2019-03-29 10:00:00,NSE:HINDOILEXP,129.9,131.0,128.8,129.55,24806.0
2019-03-29 11:00:00,NSE:HINDOILEXP,129.5,129.9,129.1,129.85,8141.0
2019-03-29 12:00:00,NSE:HINDOILEXP,129.7,129.9,128.8,129.6,13567.0
2019-03-29 13:00:00,NSE:HINDOILEXP,129.65,132.8,129.2,129.85,222018.0
2019-03-29 14:00:00,NSE:HINDOILEXP,129.9,131.0,129.35,130.45,48270.0
2019-03-29 15:00:00,NSE:HINDOILEXP,130.45,130.45,129.05,129.7,60763.0
2019-04-01 09:00:00,NSE:HINDOILEXP,130.7,134.35,130.65,133.0,124739.0
2019-04-01 10:00:00,NSE:HINDOILEXP,133.0,133.5,132.35,132.85,24693.0
2019-04-01 11:00:00,NSE:HINDOILEXP,132.5,132.9,132.0,132.6,15424.0
2019-04-01 12:00:00,NSE:HINDOILEXP,132.65,133.35,132.55,132.95,23762.0
2019-04-01 13:00:00,NSE:HINDOILEXP,132.9,133.05,132.65,132.75,17010.0
2019-04-01 14:00:00,NSE:HINDOILEXP,132.75,132.75,131.75,132.25,35977.0
2019-04-01 15:00:00,NSE:HINDOILEXP,132.25,132.45,130.25,131.2,57162.0
2019-04-02 09:00:00,NSE:HINDOILEXP,133.65,134.8,131.65,131.95,142734.0
2019-04-02 10:00:00,NSE:HINDOILEXP,132.0,133.2,131.85,133.0,37303.0
2019-04-02 11:00:00,NSE:HINDOILEXP,132.75,133.05,132.65,132.9,9236.0
2019-04-02 12:00:00,NSE:HINDOILEXP,132.65,132.95,131.95,132.2,21271.0
2019-04-02 13:00:00,NSE:HINDOILEXP,132.25,132.95,131.5,131.65,28372.0
2019-04-02 14:00:00,NSE:HINDOILEXP,131.4,132.15,130.6,131.2,35338.0
2019-04-02 15:00:00,NSE:HINDOILEXP,131.25,132.0,131.0,131.5,58012.0
2019-04-03 09:00:00,NSE:HINDOILEXP,132.05,132.9,130.9,131.05,36832.0
2019-04-03 10:00:00,NSE:HINDOILEXP,131.05,131.65,131.0,131.25,38758.0
2019-04-03 11:00:00,NSE:HINDOILEXP,131.3,131.4,130.15,130.3,297654.0
2019-04-03 12:00:00,NSE:HINDOILEXP,130.65,130.75,130.25,130.55,5136.0
2019-04-03 13:00:00,NSE:HINDOILEXP,130.75,130.75,129.3,129.75,114400.0
2019-04-03 14:00:00,NSE:HINDOILEXP,130.15,130.15,126.2,127.75,81906.0
2019-04-03 15:00:00,NSE:HINDOILEXP,127.85,128.25,126.5,127.3,33209.0
2019-04-04 09:00:00,NSE:HINDOILEXP,128.1,129.05,126.55,126.85,62466.0
2019-04-04 10:00:00,NSE:HINDOILEXP,126.8,127.25,125.75,127.0,57556.0
2019-04-04 11:00:00,NSE:HINDOILEXP,127.0,127.05,125.45,125.45,38281.0
2019-04-04 12:00:00,NSE:HINDOILEXP,125.5,126.45,125.1,125.65,41960.0
2019-04-04 13:00:00,NSE:HINDOILEXP,125.65,126.0,125.5,125.75,6285.0
2019-04-04 14:00:00,NSE:HINDOILEXP,125.7,125.7,122.9,123.85,68897.0
2019-04-04 15:00:00,NSE:HINDOILEXP,123.5,124.55,123.5,124.05,28393.0
2019-04-05 09:00:00,NSE:HINDOILEXP,125.0,125.0,123.5,124.7,25062.0
2019-04-05 10:00:00,NSE:HINDOILEXP,124.6,125.0,124.2,124.75,21460.0
2019-04-05 11:00:00,NSE:HINDOILEXP,124.85,124.85,123.85,124.8,7096.0
2019-04-05 12:00:00,NSE:HINDOILEXP,124.55,125.0,124.3,125.0,26361.0
2019-04-05 13:00:00,NSE:HINDOILEXP,125.0,125.0,124.2,124.5,9663.0
2019-04-05 14:00:00,NSE:HINDOILEXP,124.5,128.0,124.4,126.4,118292.0
2019-04-05 15:00:00,NSE:HINDOILEXP,126.4,126.4,125.7,126.0,20983.0
2019-04-08 09:00:00,NSE:HINDOILEXP,126.8,127.5,126.55,126.9,26677.0
2019-04-08 10:00:00,NSE:HINDOILEXP,127.0,128.5,126.75,127.05,33451.0
2019-04-08 11:00:00,NSE:HINDOILEXP,127.1,127.7,126.25,127.0,15519.0
2019-04-08 12:00:00,NSE:HINDOILEXP,127.2,128.2,126.65,126.75,14159.0
2019-04-08 13:00:00,NSE:HINDOILEXP,127.0,127.7,126.75,127.0,21116.0
2019-04-08 14:00:00,NSE:HINDOILEXP,127.05,127.05,125.8,126.45,56113.0
2019-04-08 15:00:00,NSE:HINDOILEXP,126.35,126.4,126.0,126.15,51190.0
2019-04-09 09:00:00,NSE:HINDOILEXP,129.0,136.4,128.1,130.6,703781.0
2019-04-09 10:00:00,NSE:HINDOILEXP,130.85,131.0,129.7,130.1,67640.0
2019-04-09 11:00:00,NSE:HINDOILEXP,130.15,130.55,129.65,130.1,22598.0
2019-04-09 12:00:00,NSE:HINDOILEXP,129.95,130.5,129.75,129.85,24922.0
2019-04-09 13:00:00,NSE:HINDOILEXP,130.05,130.95,129.5,130.35,36703.0
2019-04-09 14:00:00,NSE:HINDOILEXP,130.5,130.7,129.6,130.3,63382.0
2019-04-09 15:00:00,NSE:HINDOILEXP,130.3,130.8,129.0,129.7,142006.0
2019-04-10 09:00:00,NSE:HINDOILEXP,129.45,129.6,127.6,127.95,54608.0
2019-04-10 10:00:00,NSE:HINDOILEXP,127.95,129.05,127.9,127.9,21680.0
2019-04-10 11:00:00,NSE:HINDOILEXP,127.95,128.6,127.65,128.5,11653.0
2019-04-10 12:00:00,NSE:HINDOILEXP,128.8,129.0,128.35,128.7,7780.0
2019-04-10 13:00:00,NSE:HINDOILEXP,128.8,128.8,127.55,127.6,22037.0
2019-04-10 14:00:00,NSE:HINDOILEXP,127.9,128.2,127.55,127.7,28034.0
2019-04-10 15:00:00,NSE:HINDOILEXP,127.7,128.0,127.05,127.65,30191.0
2019-04-11 09:00:00,NSE:HINDOILEXP,128.0,128.65,126.1,126.4,37435.0
2019-04-11 10:00:00,NSE:HINDOILEXP,126.4,127.0,126.15,126.85,14569.0
2019-04-11 11:00:00,NSE:HINDOILEXP,125.75,126.6,125.75,125.9,11054.0
2019-04-11 12:00:00,NSE:HINDOILEXP,125.85,126.4,125.6,125.8,14680.0
2019-04-11 13:00:00,NSE:HINDOILEXP,125.8,125.85,124.85,125.0,33603.0
2019-04-11 14:00:00,NSE:HINDOILEXP,124.95,125.05,124.2,125.0,50054.0
2019-04-11 15:00:00,NSE:HINDOILEXP,124.95,125.7,124.85,125.25,33529.0
2019-04-12 09:00:00,NSE:HINDOILEXP,125.25,126.65,124.85,126.0,35874.0
2019-04-12 10:00:00,NSE:HINDOILEXP,126.15,126.75,125.35,126.15,15547.0
2019-04-12 11:00:00,NSE:HINDOILEXP,126.0,126.45,125.15,125.7,25208.0
2019-04-12 12:00:00,NSE:HINDOILEXP,125.8,127.3,125.8,126.15,25264.0
2019-04-12 13:00:00,NSE:HINDOILEXP,126.25,126.75,125.15,125.15,19167.0
2019-04-12 14:00:00,NSE:HINDOILEXP,125.45,127.35,125.2,126.75,36838.0
2019-04-12 15:00:00,NSE:HINDOILEXP,126.75,127.2,126.4,126.9,50709.0
2019-04-15 09:00:00,NSE:HINDOILEXP,126.2,127.8,126.2,127.4,24662.0
2019-04-15 10:00:00,NSE:HINDOILEXP,127.35,127.55,126.45,126.95,12593.0
2019-04-15 11:00:00,NSE:HINDOILEXP,126.95,127.6,126.55,126.8,16094.0
2019-04-15 12:00:00,NSE:HINDOILEXP,126.8,126.9,126.0,126.4,15249.0
2019-04-15 13:00:00,NSE:HINDOILEXP,126.4,126.6,126.0,126.6,8550.0
2019-04-15 14:00:00,NSE:HINDOILEXP,126.65,126.65,126.05,126.2,7076.0
2019-04-15 15:00:00,NSE:HINDOILEXP,126.2,126.9,126.0,126.4,21734.0
2019-04-16 09:00:00,NSE:HINDOILEXP,127.05,127.05,125.3,125.45,27912.0
2019-04-16 10:00:00,NSE:HINDOILEXP,125.45,126.5,125.45,126.3,26244.0
2019-04-16 11:00:00,NSE:HINDOILEXP,126.15,126.45,126.05,126.3,6537.0
2019-04-16 12:00:00,NSE:HINDOILEXP,126.1,126.35,126.0,126.05,4310.0
2019-04-16 13:00:00,NSE:HINDOILEXP,126.25,126.45,125.75,126.45,11339.0
2019-04-16 14:00:00,NSE:HINDOILEXP,126.15,128.8,125.85,127.3,94328.0
2019-04-16 15:00:00,NSE:HINDOILEXP,127.35,128.0,127.0,127.25,37354.0
2019-04-18 09:00:00,NSE:HINDOILEXP,127.85,127.85,125.1,125.3,49233.0
2019-04-18 10:00:00,NSE:HINDOILEXP,125.3,126.2,124.95,126.15,38473.0
2019-04-18 11:00:00,NSE:HINDOILEXP,126.15,127.0,126.15,126.45,23795.0
2019-04-18 12:00:00,NSE:HINDOILEXP,126.25,127.3,126.0,126.2,13191.0
2019-04-18 13:00:00,NSE:HINDOILEXP,126.15,126.5,126.1,126.25,8150.0
2019-04-18 14:00:00,NSE:HINDOILEXP,126.25,127.75,126.1,126.5,26171.0
2019-04-18 15:00:00,NSE:HINDOILEXP,126.5,126.7,125.5,126.15,62420.0
2019-04-22 09:00:00,NSE:HINDOILEXP,127.5,128.5,126.25,126.55,106196.0
2019-04-22 10:00:00,NSE:HINDOILEXP,126.55,126.9,125.55,125.8,36898.0
2019-04-22 11:00:00,NSE:HINDOILEXP,125.75,126.75,125.5,126.5,27589.0
2019-04-22 12:00:00,NSE:HINDOILEXP,126.55,126.7,126.0,126.15,22987.0
2019-04-22 13:00:00,NSE:HINDOILEXP,126.1,126.55,125.9,126.45,12464.0
2019-04-22 14:00:00,NSE:HINDOILEXP,126.25,126.45,125.9,126.45,15749.0
2019-04-22 15:00:00,NSE:HINDOILEXP,126.05,126.4,125.25,125.8,70224.0
2019-04-23 09:00:00,NSE:HINDOILEXP,126.9,126.9,125.35,126.4,36707.0
2019-04-23 10:00:00,NSE:HINDOILEXP,126.1,128.0,126.05,127.25,41690.0
2019-04-23 11:00:00,NSE:HINDOILEXP,127.3,127.8,127.3,127.65,7914.0
2019-04-23 12:00:00,NSE:HINDOILEXP,127.8,129.6,127.25,128.25,81963.0
2019-04-23 13:00:00,NSE:HINDOILEXP,128.25,130.5,128.2,130.0,98899.0
2019-04-23 14:00:00,NSE:HINDOILEXP,130.0,130.15,128.0,128.75,59347.0
2019-04-23 15:00:00,NSE:HINDOILEXP,128.5,129.25,127.85,128.65,65703.0
2019-04-24 09:00:00,NSE:HINDOILEXP,130.0,132.2,128.15,128.65,78937.0
2019-04-24 10:00:00,NSE:HINDOILEXP,128.65,128.75,127.2,127.25,90061.0
2019-04-24 11:00:00,NSE:HINDOILEXP,127.45,127.7,127.2,127.5,8975.0
2019-04-24 12:00:00,NSE:HINDOILEXP,127.5,128.5,127.4,128.3,23060.0
2019-04-24 13:00:00,NSE:HINDOILEXP,128.25,128.55,127.3,128.15,19032.0
2019-04-24 14:00:00,NSE:HINDOILEXP,127.95,128.5,127.4,127.7,10316.0
2019-04-24 15:00:00,NSE:HINDOILEXP,127.7,128.0,126.6,127.2,70996.0
2019-04-25 09:00:00,NSE:HINDOILEXP,127.5,128.3,126.9,127.65,31416.0
2019-04-25 10:00:00,NSE:HINDOILEXP,127.65,127.7,127.0,127.65,17055.0
2019-04-25 11:00:00,NSE:HINDOILEXP,127.65,127.65,126.9,127.35,22869.0
2019-04-25 12:00:00,NSE:HINDOILEXP,127.1,128.0,127.0,127.5,24923.0
2019-04-25 13:00:00,NSE:HINDOILEXP,127.55,128.85,127.25,128.25,33954.0
2019-04-25 14:00:00,NSE:HINDOILEXP,128.2,128.5,127.2,128.1,24678.0
2019-04-25 15:00:00,NSE:HINDOILEXP,128.0,128.45,127.5,128.05,39139.0
2019-04-26 09:00:00,NSE:HINDOILEXP,128.1,128.65,127.2,127.6,36889.0
2019-04-26 10:00:00,NSE:HINDOILEXP,127.75,127.95,127.0,127.25,16462.0
2019-04-26 11:00:00,NSE:HINDOILEXP,127.35,127.65,127.0,127.05,6910.0
2019-04-26 12:00:00,NSE:HINDOILEXP,127.1,128.6,127.05,128.0,29271.0
2019-04-26 13:00:00,NSE:HINDOILEXP,128.2,128.45,127.35,128.35,15819.0
2019-04-26 14:00:00,NSE:HINDOILEXP,128.4,129.0,127.5,128.0,55214.0
2019-04-26 15:00:00,NSE:HINDOILEXP,127.95,128.2,127.5,127.9,21280.0
2019-04-30 09:00:00,NSE:HINDOILEXP,127.1,127.4,123.5,123.6,61061.0
2019-04-30 10:00:00,NSE:HINDOILEXP,123.7,124.05,122.4,123.8,58813.0
2019-04-30 11:00:00,NSE:HINDOILEXP,123.85,124.75,123.65,124.0,21063.0
2019-04-30 12:00:00,NSE:HINDOILEXP,123.7,125.35,123.65,125.0,25416.0
2019-04-30 13:00:00,NSE:HINDOILEXP,125.0,125.5,124.0,124.0,16067.0
2019-04-30 14:00:00,NSE:HINDOILEXP,124.0,124.9,124.0,124.15,16781.0
2019-04-30 15:00:00,NSE:HINDOILEXP,124.15,124.4,123.65,124.1,29703.0
2019-05-02 09:00:00,NSE:HINDOILEXP,122.7,123.75,121.95,122.75,39034.0
2019-05-02 10:00:00,NSE:HINDOILEXP,122.8,123.7,122.5,123.5,16610.0
2019-05-02 11:00:00,NSE:HINDOILEXP,123.5,124.65,123.3,123.85,14175.0
2019-05-02 12:00:00,NSE:HINDOILEXP,123.9,123.95,123.05,123.05,6108.0
2019-05-02 13:00:00,NSE:HINDOILEXP,123.05,123.8,123.0,123.75,7561.0
2019-05-02 14:00:00,NSE:HINDOILEXP,123.5,123.7,123.15,123.15,24567.0
2019-05-02 15:00:00,NSE:HINDOILEXP,123.15,123.7,122.9,123.4,47047.0
2019-05-03 09:00:00,NSE:HINDOILEXP,123.4,123.7,121.65,123.1,30446.0
2019-05-03 10:00:00,NSE:HINDOILEXP,122.85,125.85,122.8,124.45,36810.0
2019-05-03 11:00:00,NSE:HINDOILEXP,124.3,125.25,124.0,124.4,12556.0
2019-05-03 12:00:00,NSE:HINDOILEXP,124.4,124.8,123.15,124.25,20301.0
2019-05-03 13:00:00,NSE:HINDOILEXP,124.25,124.65,123.2,123.55,10472.0
2019-05-03 14:00:00,NSE:HINDOILEXP,123.7,124.0,123.0,123.05,13834.0
2019-05-03 15:00:00,NSE:HINDOILEXP,123.0,124.0,122.75,123.35,19936.0
2019-05-06 09:00:00,NSE:HINDOILEXP,122.65,123.0,121.5,121.7,19506.0
2019-05-06 10:00:00,NSE:HINDOILEXP,121.7,122.65,121.5,122.3,25794.0
2019-05-06 11:00:00,NSE:HINDOILEXP,122.4,123.25,121.7,122.55,23418.0
2019-05-06 12:00:00,NSE:HINDOILEXP,122.55,123.8,122.55,123.35,22107.0
2019-05-06 13:00:00,NSE:HINDOILEXP,123.45,123.5,121.8,121.8,31739.0
2019-05-06 14:00:00,NSE:HINDOILEXP,121.65,122.55,121.5,121.65,13387.0
2019-05-06 15:00:00,NSE:HINDOILEXP,121.9,122.05,121.5,121.75,17753.0
2019-05-07 09:00:00,NSE:HINDOILEXP,122.5,123.25,121.9,122.8,35070.0
2019-05-07 10:00:00,NSE:HINDOILEXP,122.8,126.4,122.7,125.6,70069.0
2019-05-07 11:00:00,NSE:HINDOILEXP,125.55,125.85,124.8,125.0,19575.0
2019-05-07 12:00:00,NSE:HINDOILEXP,124.9,125.0,124.1,124.1,14093.0
2019-05-07 13:00:00,NSE:HINDOILEXP,124.1,124.6,123.3,123.65,16149.0
2019-05-07 14:00:00,NSE:HINDOILEXP,123.6,124.35,123.15,123.7,23280.0
2019-05-07 15:00:00,NSE:HINDOILEXP,123.3,123.8,122.8,123.4,25628.0
2019-05-08 09:00:00,NSE:HINDOILEXP,122.45,123.7,121.5,123.0,31885.0
2019-05-08 10:00:00,NSE:HINDOILEXP,123.0,125.05,122.55,124.65,25233.0
2019-05-08 11:00:00,NSE:HINDOILEXP,124.65,125.0,123.1,123.3,17504.0
2019-05-08 12:00:00,NSE:HINDOILEXP,123.25,125.1,123.1,124.6,18911.0
2019-05-08 13:00:00,NSE:HINDOILEXP,125.0,126.2,124.5,124.5,34244.0
2019-05-08 14:00:00,NSE:HINDOILEXP,124.55,124.9,123.2,123.2,27957.0
2019-05-08 15:00:00,NSE:HINDOILEXP,123.2,123.85,122.25,123.05,39813.0
2019-05-09 09:00:00,NSE:HINDOILEXP,123.3,124.0,122.25,123.05,38435.0
2019-05-09 10:00:00,NSE:HINDOILEXP,123.2,124.5,122.5,124.15,19136.0
2019-05-09 11:00:00,NSE:HINDOILEXP,124.45,125.2,123.75,124.0,17008.0
2019-05-09 12:00:00,NSE:HINDOILEXP,123.85,124.5,123.5,124.45,9063.0
2019-05-09 13:00:00,NSE:HINDOILEXP,124.4,124.4,123.5,124.0,7893.0
2019-05-09 14:00:00,NSE:HINDOILEXP,123.95,124.55,123.5,123.6,19090.0
2019-05-09 15:00:00,NSE:HINDOILEXP,123.65,124.55,123.1,123.55,32465.0
2019-05-10 09:00:00,NSE:HINDOILEXP,123.9,125.0,122.75,122.95,16929.0
2019-05-10 10:00:00,NSE:HINDOILEXP,123.1,124.15,123.1,123.55,18334.0
2019-05-10 11:00:00,NSE:HINDOILEXP,123.45,124.0,123.3,123.55,38148.0
2019-05-10 12:00:00,NSE:HINDOILEXP,123.5,123.85,123.5,123.5,3511.0
2019-05-10 13:00:00,NSE:HINDOILEXP,123.6,124.0,123.2,123.7,17192.0
2019-05-10 14:00:00,NSE:HINDOILEXP,123.65,124.3,123.3,123.45,40907.0
2019-05-10 15:00:00,NSE:HINDOILEXP,123.4,124.6,123.2,124.0,30813.0
2019-05-13 09:00:00,NSE:HINDOILEXP,124.1,124.75,122.8,123.65,26131.0
2019-05-13 10:00:00,NSE:HINDOILEXP,123.65,124.8,123.0,123.55,15406.0
2019-05-13 11:00:00,NSE:HINDOILEXP,123.5,123.5,121.8,121.95,20805.0
2019-05-13 12:00:00,NSE:HINDOILEXP,122.0,123.2,121.95,122.55,10062.0
2019-05-13 13:00:00,NSE:HINDOILEXP,122.65,122.8,121.65,122.2,10636.0
2019-05-13 14:00:00,NSE:HINDOILEXP,122.75,122.75,120.55,121.35,25640.0
2019-05-13 15:00:00,NSE:HINDOILEXP,121.35,122.8,121.35,122.0,30846.0
2019-05-14 09:00:00,NSE:HINDOILEXP,122.65,122.65,120.0,120.85,27083.0
2019-05-14 10:00:00,NSE:HINDOILEXP,120.85,122.9,120.65,122.8,28422.0
2019-05-14 11:00:00,NSE:HINDOILEXP,122.8,122.9,122.45,122.75,9606.0
2019-05-14 12:00:00,NSE:HINDOILEXP,122.7,122.85,122.35,122.5,4330.0
2019-05-14 13:00:00,NSE:HINDOILEXP,122.75,124.5,122.75,123.35,28017.0
2019-05-14 14:00:00,NSE:HINDOILEXP,123.2,124.0,123.05,123.5,25108.0
2019-05-14 15:00:00,NSE:HINDOILEXP,123.5,124.5,123.5,123.9,34312.0
2019-05-15 09:00:00,NSE:HINDOILEXP,131.4,132.0,127.55,128.2,491258.0
2019-05-15 10:00:00,NSE:HINDOILEXP,128.2,129.5,128.0,128.75,106672.0
2019-05-15 11:00:00,NSE:HINDOILEXP,128.7,129.2,127.1,127.55,75473.0
2019-05-15 12:00:00,NSE:HINDOILEXP,127.5,127.9,127.05,127.25,39672.0
2019-05-15 13:00:00,NSE:HINDOILEXP,127.25,128.95,126.5,127.7,90126.0
2019-05-15 14:00:00,NSE:HINDOILEXP,127.95,128.1,126.8,127.5,76775.0
2019-05-15 15:00:00,NSE:HINDOILEXP,127.55,127.95,126.2,127.15,173507.0
2019-05-16 09:00:00,NSE:HINDOILEXP,128.3,128.4,126.15,126.5,41447.0
2019-05-16 10:00:00,NSE:HINDOILEXP,126.75,127.2,126.5,126.5,12302.0
2019-05-16 11:00:00,NSE:HINDOILEXP,126.5,126.5,125.6,125.8,19229.0
2019-05-16 12:00:00,NSE:HINDOILEXP,125.8,126.2,125.25,125.6,15098.0
2019-05-16 13:00:00,NSE:HINDOILEXP,125.7,126.2,125.1,125.7,14754.0
2019-05-16 14:00:00,NSE:HINDOILEXP,125.8,126.15,125.0,125.0,32976.0
2019-05-16 15:00:00,NSE:HINDOILEXP,124.9,125.75,124.45,125.1,43794.0
2019-05-17 09:00:00,NSE:HINDOILEXP,124.9,126.75,124.25,124.3,51960.0
2019-05-17 10:00:00,NSE:HINDOILEXP,124.3,125.35,124.3,124.65,38999.0
2019-05-17 11:00:00,NSE:HINDOILEXP,124.85,125.35,124.1,124.9,22066.0
2019-05-17 12:00:00,NSE:HINDOILEXP,124.8,125.5,124.7,125.05,17610.0
2019-05-17 13:00:00,NSE:HINDOILEXP,125.1,125.5,124.75,125.0,20874.0
2019-05-17 14:00:00,NSE:HINDOILEXP,125.2,125.2,122.55,122.85,63142.0
2019-05-17 15:00:00,NSE:HINDOILEXP,122.85,123.5,122.1,122.9,37310.0
2019-05-20 09:00:00,NSE:HINDOILEXP,125.0,126.9,124.25,125.1,54929.0
2019-05-20 10:00:00,NSE:HINDOILEXP,125.15,127.85,125.15,126.95,77656.0
2019-05-20 11:00:00,NSE:HINDOILEXP,126.8,126.95,125.7,126.35,25543.0
2019-05-20 12:00:00,NSE:HINDOILEXP,126.35,126.9,125.3,125.3,29042.0
2019-05-20 13:00:00,NSE:HINDOILEXP,125.3,125.7,125.0,125.45,26967.0
2019-05-20 14:00:00,NSE:HINDOILEXP,125.75,126.0,125.1,125.7,36739.0
2019-05-20 15:00:00,NSE:HINDOILEXP,125.7,126.0,125.0,125.45,28304.0
2019-05-21 09:00:00,NSE:HINDOILEXP,125.1,126.95,125.1,126.0,36813.0
2019-05-21 10:00:00,NSE:HINDOILEXP,126.1,126.8,125.7,126.3,36263.0
2019-05-21 11:00:00,NSE:HINDOILEXP,126.3,126.65,125.4,126.15,9164.0
2019-05-21 12:00:00,NSE:HINDOILEXP,126.15,126.35,125.0,125.0,17331.0
2019-05-21 13:00:00,NSE:HINDOILEXP,125.0,126.0,124.5,125.25,22531.0
2019-05-21 14:00:00,NSE:HINDOILEXP,124.95,125.35,124.55,124.6,9664.0
2019-05-21 15:00:00,NSE:HINDOILEXP,124.75,125.4,124.25,124.85,18105.0
2019-05-22 09:00:00,NSE:HINDOILEXP,124.85,125.9,124.25,124.95,20171.0
2019-05-22 10:00:00,NSE:HINDOILEXP,124.95,125.5,124.2,124.8,22451.0
2019-05-22 11:00:00,NSE:HINDOILEXP,124.8,125.1,124.15,124.25,14683.0
2019-05-22 12:00:00,NSE:HINDOILEXP,124.3,125.7,124.25,124.55,25982.0
2019-05-22 13:00:00,NSE:HINDOILEXP,124.85,125.5,124.5,125.25,19770.0
2019-05-22 14:00:00,NSE:HINDOILEXP,125.0,125.3,124.1,124.35,20411.0
2019-05-22 15:00:00,NSE:HINDOILEXP,124.3,124.9,124.25,124.6,14793.0
2019-05-23 09:00:00,NSE:HINDOILEXP,125.2,127.2,125.05,126.15,48479.0
2019-05-23 10:00:00,NSE:HINDOILEXP,126.15,127.0,125.55,126.05,47121.0
2019-05-23 11:00:00,NSE:HINDOILEXP,126.0,126.5,123.9,124.75,38626.0
2019-05-23 12:00:00,NSE:HINDOILEXP,124.35,124.95,124.0,124.0,27214.0
2019-05-23 13:00:00,NSE:HINDOILEXP,124.1,124.65,123.7,124.25,10901.0
2019-05-23 14:00:00,NSE:HINDOILEXP,124.0,124.45,123.5,124.05,29640.0
2019-05-23 15:00:00,NSE:HINDOILEXP,124.0,124.2,123.55,123.95,16523.0
2019-05-24 09:00:00,NSE:HINDOILEXP,124.5,125.7,123.45,125.45,35852.0
2019-05-24 10:00:00,NSE:HINDOILEXP,125.45,125.5,124.05,124.6,24452.0
2019-05-24 11:00:00,NSE:HINDOILEXP,124.6,125.15,124.25,124.7,14694.0
2019-05-24 12:00:00,NSE:HINDOILEXP,125.0,126.0,124.3,125.75,25689.0
2019-05-24 13:00:00,NSE:HINDOILEXP,125.75,126.3,124.85,124.9,60363.0
2019-05-24 14:00:00,NSE:HINDOILEXP,125.1,126.95,124.65,126.2,71226.0
2019-05-24 15:00:00,NSE:HINDOILEXP,126.15,126.9,125.35,126.15,47433.0
2019-05-27 09:00:00,NSE:HINDOILEXP,126.0,129.0,125.2,128.05,85208.0
2019-05-27 10:00:00,NSE:HINDOILEXP,128.05,131.0,127.55,129.75,110488.0
2019-05-27 11:00:00,NSE:HINDOILEXP,129.45,131.0,129.15,130.2,51265.0
2019-05-27 12:00:00,NSE:HINDOILEXP,130.2,130.75,129.15,129.4,20317.0
2019-05-27 13:00:00,NSE:HINDOILEXP,129.5,130.95,129.05,129.45,38252.0
2019-05-27 14:00:00,NSE:HINDOILEXP,129.5,129.9,128.7,129.45,25060.0
2019-05-27 15:00:00,NSE:HINDOILEXP,129.45,130.3,129.45,129.8,39994.0
2019-05-28 09:00:00,NSE:HINDOILEXP,135.6,135.6,131.55,133.3,134986.0
2019-05-28 10:00:00,NSE:HINDOILEXP,133.2,133.7,132.3,132.3,30461.0
2019-05-28 11:00:00,NSE:HINDOILEXP,132.6,133.15,132.3,132.55,19636.0
2019-05-28 12:00:00,NSE:HINDOILEXP,132.55,132.55,132.0,132.55,13401.0
2019-05-28 13:00:00,NSE:HINDOILEXP,132.75,133.85,132.35,133.4,24073.0
2019-05-28 14:00:00,NSE:HINDOILEXP,133.4,134.4,132.0,132.7,44472.0
2019-05-28 15:00:00,NSE:HINDOILEXP,132.75,133.45,132.5,132.85,56938.0
2019-05-29 09:00:00,NSE:HINDOILEXP,132.0,133.5,131.0,132.1,38187.0
2019-05-29 10:00:00,NSE:HINDOILEXP,131.65,132.0,131.05,132.0,11999.0
2019-05-29 11:00:00,NSE:HINDOILEXP,131.95,132.4,131.3,132.0,19849.0
2019-05-29 12:00:00,NSE:HINDOILEXP,132.0,133.15,132.0,132.35,24795.0
2019-05-29 13:00:00,NSE:HINDOILEXP,132.55,133.1,130.5,130.95,40055.0
2019-05-29 14:00:00,NSE:HINDOILEXP,130.7,131.5,130.3,130.4,16276.0
2019-05-29 15:00:00,NSE:HINDOILEXP,130.5,130.95,130.2,130.5,30618.0
2019-05-30 09:00:00,NSE:HINDOILEXP,129.35,132.5,129.2,132.0,46891.0
2019-05-30 10:00:00,NSE:HINDOILEXP,132.0,132.9,131.55,132.05,26646.0
2019-05-30 11:00:00,NSE:HINDOILEXP,132.05,132.45,130.5,131.4,25845.0
2019-05-30 12:00:00,NSE:HINDOILEXP,131.55,131.75,130.65,130.7,16300.0
2019-05-30 13:00:00,NSE:HINDOILEXP,130.75,131.6,130.2,130.25,16005.0
2019-05-30 14:00:00,NSE:HINDOILEXP,130.35,130.9,129.8,130.5,33142.0
2019-05-30 15:00:00,NSE:HINDOILEXP,130.8,132.0,130.5,131.45,40486.0
2019-05-31 09:00:00,NSE:HINDOILEXP,131.6,131.6,128.3,129.6,55390.0
2019-05-31 10:00:00,NSE:HINDOILEXP,129.65,129.95,129.25,129.65,21168.0
2019-05-31 11:00:00,NSE:HINDOILEXP,129.6,130.2,129.45,129.45,17914.0
2019-05-31 12:00:00,NSE:HINDOILEXP,129.5,129.75,128.5,128.85,22439.0
2019-05-31 13:00:00,NSE:HINDOILEXP,128.7,129.4,128.45,128.95,39968.0
2019-05-31 14:00:00,NSE:HINDOILEXP,129.0,129.75,128.9,129.35,15716.0
2019-05-31 15:00:00,NSE:HINDOILEXP,129.35,130.0,128.55,129.15,66127.0
2019-06-03 09:00:00,NSE:HINDOILEXP,128.0,128.0,126.0,127.0,75862.0
2019-06-03 10:00:00,NSE:HINDOILEXP,126.95,127.5,126.25,126.8,21320.0
2019-06-03 11:00:00,NSE:HINDOILEXP,126.9,127.3,126.2,126.55,12089.0
2019-06-03 12:00:00,NSE:HINDOILEXP,126.55,127.2,126.35,126.35,6893.0
2019-06-03 13:00:00,NSE:HINDOILEXP,126.2,127.25,126.2,127.0,7306.0
2019-06-03 14:00:00,NSE:HINDOILEXP,127.0,127.5,126.75,126.9,14742.0
2019-06-03 15:00:00,NSE:HINDOILEXP,126.7,126.9,125.7,126.25,36437.0
2019-06-04 09:00:00,NSE:HINDOILEXP,125.55,126.85,125.55,126.15,26535.0
2019-06-04 10:00:00,NSE:HINDOILEXP,126.35,126.85,125.8,126.15,14089.0
2019-06-04 11:00:00,NSE:HINDOILEXP,126.2,131.4,126.05,126.95,54989.0
2019-06-04 12:00:00,NSE:HINDOILEXP,126.85,128.25,126.55,128.0,9375.0
2019-06-04 13:00:00,NSE:HINDOILEXP,128.1,128.85,127.5,127.95,23897.0
2019-06-04 14:00:00,NSE:HINDOILEXP,128.25,128.9,127.6,127.9,13374.0
2019-06-04 15:00:00,NSE:HINDOILEXP,127.75,128.0,126.55,127.4,37636.0
2019-06-06 09:00:00,NSE:HINDOILEXP,127.4,128.25,125.6,125.7,17091.0
2019-06-06 10:00:00,NSE:HINDOILEXP,125.7,126.0,125.1,125.55,15060.0
2019-06-06 11:00:00,NSE:HINDOILEXP,125.55,125.6,124.8,125.1,26066.0
2019-06-06 12:00:00,NSE:HINDOILEXP,125.2,125.2,123.8,124.75,15711.0
2019-06-06 13:00:00,NSE:HINDOILEXP,124.75,124.8,123.1,123.95,27813.0
2019-06-06 14:00:00,NSE:HINDOILEXP,123.7,124.7,123.0,124.4,11816.0
2019-06-06 15:00:00,NSE:HINDOILEXP,124.4,124.65,122.25,123.3,47260.0
2019-06-07 09:00:00,NSE:HINDOILEXP,123.4,124.35,122.0,123.65,34760.0
2019-06-07 10:00:00,NSE:HINDOILEXP,123.85,124.6,122.5,123.0,28891.0
2019-06-07 11:00:00,NSE:HINDOILEXP,123.0,123.55,122.45,122.85,10661.0
2019-06-07 12:00:00,NSE:HINDOILEXP,122.85,123.0,122.5,122.8,7182.0
2019-06-07 13:00:00,NSE:HINDOILEXP,123.0,123.2,122.5,122.8,17344.0
2019-06-07 14:00:00,NSE:HINDOILEXP,124.9,124.9,123.45,124.1,23948.0
2019-06-07 15:00:00,NSE:HINDOILEXP,123.8,123.9,122.5,123.0,28037.0
2019-06-10 09:00:00,NSE:HINDOILEXP,124.9,124.9,123.15,123.3,18508.0
2019-06-10 10:00:00,NSE:HINDOILEXP,123.15,123.5,122.6,122.65,9084.0
2019-06-10 11:00:00,NSE:HINDOILEXP,122.65,122.75,122.0,122.25,12171.0
2019-06-10 12:00:00,NSE:HINDOILEXP,122.35,122.6,121.6,121.9,5101.0
2019-06-10 13:00:00,NSE:HINDOILEXP,122.0,122.45,121.5,122.15,11335.0
2019-06-10 14:00:00,NSE:HINDOILEXP,122.05,122.8,121.5,122.8,11847.0
2019-06-10 15:00:00,NSE:HINDOILEXP,122.75,122.95,122.0,122.6,27181.0
2019-06-11 09:00:00,NSE:HINDOILEXP,122.15,123.15,120.5,121.55,29394.0
2019-06-11 10:00:00,NSE:HINDOILEXP,121.55,122.15,121.4,122.0,31135.0
2019-06-11 11:00:00,NSE:HINDOILEXP,122.0,123.5,121.6,122.5,20689.0
2019-06-11 12:00:00,NSE:HINDOILEXP,122.75,122.75,122.0,122.3,7588.0
2019-06-11 13:00:00,NSE:HINDOILEXP,122.3,122.75,122.0,122.2,12107.0
2019-06-11 14:00:00,NSE:HINDOILEXP,122.35,122.45,122.05,122.15,7917.0
2019-06-11 15:00:00,NSE:HINDOILEXP,122.35,122.6,122.0,122.35,43617.0
2019-06-12 09:00:00,NSE:HINDOILEXP,122.6,122.6,121.1,121.45,17275.0
2019-06-12 10:00:00,NSE:HINDOILEXP,121.35,121.95,120.75,121.65,16114.0
2019-06-12 11:00:00,NSE:HINDOILEXP,121.8,121.85,121.1,121.3,3512.0
2019-06-12 12:00:00,NSE:HINDOILEXP,121.45,121.7,121.0,121.35,4348.0
2019-06-12 13:00:00,NSE:HINDOILEXP,121.35,121.65,120.85,121.3,11512.0
2019-06-12 14:00:00,NSE:HINDOILEXP,121.25,121.65,120.55,120.8,7512.0
2019-06-12 15:00:00,NSE:HINDOILEXP,120.8,121.4,120.55,121.15,29580.0
2019-06-13 09:00:00,NSE:HINDOILEXP,120.45,121.1,119.5,120.4,26699.0
2019-06-13 10:00:00,NSE:HINDOILEXP,120.4,120.85,119.3,119.45,18207.0
2019-06-13 11:00:00,NSE:HINDOILEXP,119.3,119.3,117.7,118.7,41051.0
2019-06-13 12:00:00,NSE:HINDOILEXP,118.65,119.25,118.55,118.9,14351.0
2019-06-13 13:00:00,NSE:HINDOILEXP,118.95,120.25,118.95,119.4,18954.0
2019-06-13 14:00:00,NSE:HINDOILEXP,119.4,120.8,119.4,120.5,23707.0
2019-06-13 15:00:00,NSE:HINDOILEXP,120.4,121.8,120.2,120.55,22569.0
2019-06-14 09:00:00,NSE:HINDOILEXP,120.05,120.65,119.3,119.5,15948.0
2019-06-14 10:00:00,NSE:HINDOILEXP,119.5,119.95,119.4,119.75,8458.0
2019-06-14 11:00:00,NSE:HINDOILEXP,119.9,119.95,119.45,119.45,4079.0
2019-06-14 12:00:00,NSE:HINDOILEXP,119.65,120.0,119.45,119.75,4935.0
2019-06-14 13:00:00,NSE:HINDOILEXP,119.6,119.8,119.4,119.8,4293.0
2019-06-14 14:00:00,NSE:HINDOILEXP,119.55,120.0,119.45,119.45,8902.0
2019-06-14 15:00:00,NSE:HINDOILEXP,119.6,119.7,118.5,119.1,18520.0
2019-06-17 09:00:00,NSE:HINDOILEXP,119.15,119.15,117.55,118.3,12882.0
2019-06-17 10:00:00,NSE:HINDOILEXP,118.05,118.45,117.9,118.4,6747.0
2019-06-17 11:00:00,NSE:HINDOILEXP,118.4,118.45,118.0,118.25,5757.0
2019-06-17 12:00:00,NSE:HINDOILEXP,118.25,119.9,118.05,119.75,13627.0
2019-06-17 13:00:00,NSE:HINDOILEXP,119.4,119.4,117.1,117.55,21036.0
2019-06-17 14:00:00,NSE:HINDOILEXP,117.4,117.9,117.1,117.2,6235.0
2019-06-17 15:00:00,NSE:HINDOILEXP,117.3,117.55,116.1,117.2,25485.0
2019-06-18 09:00:00,NSE:HINDOILEXP,116.5,118.0,116.5,117.85,19311.0
2019-06-18 10:00:00,NSE:HINDOILEXP,117.85,118.35,117.6,117.95,14215.0
2019-06-18 11:00:00,NSE:HINDOILEXP,117.85,118.4,117.8,118.0,4418.0
2019-06-18 12:00:00,NSE:HINDOILEXP,117.8,117.95,115.65,117.25,29906.0
2019-06-18 13:00:00,NSE:HINDOILEXP,117.45,117.5,115.9,116.1,12136.0
2019-06-18 14:00:00,NSE:HINDOILEXP,116.05,116.75,114.6,114.9,30697.0
2019-06-18 15:00:00,NSE:HINDOILEXP,114.9,117.9,114.7,116.25,72275.0
2019-06-19 09:00:00,NSE:HINDOILEXP,116.65,117.7,116.65,116.75,17996.0
2019-06-19 10:00:00,NSE:HINDOILEXP,116.95,117.05,116.05,116.35,12303.0
2019-06-19 11:00:00,NSE:HINDOILEXP,116.45,116.45,114.05,114.8,31973.0
2019-06-19 12:00:00,NSE:HINDOILEXP,114.9,115.25,114.4,115.2,11633.0
2019-06-19 13:00:00,NSE:HINDOILEXP,115.15,115.8,114.25,115.25,22504.0
2019-06-19 14:00:00,NSE:HINDOILEXP,115.25,115.8,113.7,114.65,27261.0
2019-06-19 15:00:00,NSE:HINDOILEXP,114.3,115.2,113.5,114.2,26992.0
2019-06-20 09:00:00,NSE:HINDOILEXP,114.2,114.25,110.0,111.0,47306.0
2019-06-20 10:00:00,NSE:HINDOILEXP,111.05,115.0,111.05,114.95,41830.0
2019-06-20 11:00:00,NSE:HINDOILEXP,115.0,117.25,115.0,116.45,29124.0
2019-06-20 12:00:00,NSE:HINDOILEXP,116.45,116.5,115.25,115.7,9892.0
2019-06-20 13:00:00,NSE:HINDOILEXP,115.95,116.0,114.8,115.0,15519.0
2019-06-20 14:00:00,NSE:HINDOILEXP,114.85,115.7,114.8,115.6,9679.0
2019-06-20 15:00:00,NSE:HINDOILEXP,115.75,116.3,115.3,115.85,13552.0
2019-06-21 09:00:00,NSE:HINDOILEXP,117.25,119.55,116.2,117.75,74757.0
2019-06-21 10:00:00,NSE:HINDOILEXP,117.8,119.05,117.45,118.4,20271.0
2019-06-21 11:00:00,NSE:HINDOILEXP,118.5,118.6,117.55,118.35,19731.0
2019-06-21 12:00:00,NSE:HINDOILEXP,118.35,118.35,117.25,117.7,6859.0
2019-06-21 13:00:00,NSE:HINDOILEXP,117.7,118.0,117.2,117.2,7605.0
2019-06-21 14:00:00,NSE:HINDOILEXP,117.2,118.5,116.75,117.75,21263.0
2019-06-21 15:00:00,NSE:HINDOILEXP,118.1,118.6,117.3,117.9,22740.0
2019-06-24 09:00:00,NSE:HINDOILEXP,120.0,120.6,118.75,119.3,37396.0
2019-06-24 10:00:00,NSE:HINDOILEXP,119.3,119.6,119.0,119.35,6395.0
2019-06-24 11:00:00,NSE:HINDOILEXP,119.0,119.7,119.0,119.2,10774.0
2019-06-24 12:00:00,NSE:HINDOILEXP,118.95,119.95,118.5,119.2,19746.0
2019-06-24 13:00:00,NSE:HINDOILEXP,119.05,119.7,118.45,119.25,14935.0
2019-06-24 14:00:00,NSE:HINDOILEXP,119.35,120.8,118.95,120.2,39199.0
2019-06-24 15:00:00,NSE:HINDOILEXP,120.2,120.75,119.65,120.3,31385.0
2019-06-25 09:00:00,NSE:HINDOILEXP,119.55,119.95,118.75,119.65,24361.0
2019-06-25 10:00:00,NSE:HINDOILEXP,119.65,119.85,119.25,119.5,6243.0
2019-06-25 11:00:00,NSE:HINDOILEXP,119.65,119.85,119.2,119.4,6860.0
2019-06-25 12:00:00,NSE:HINDOILEXP,119.25,119.85,119.25,119.6,5175.0
2019-06-25 13:00:00,NSE:HINDOILEXP,119.6,119.95,119.25,119.4,8662.0
2019-06-25 14:00:00,NSE:HINDOILEXP,119.75,119.75,118.6,119.25,11053.0
2019-06-25 15:00:00,NSE:HINDOILEXP,119.35,119.55,118.6,118.75,14485.0
2019-06-26 09:00:00,NSE:HINDOILEXP,119.0,119.8,118.7,119.05,24557.0
2019-06-26 10:00:00,NSE:HINDOILEXP,119.25,119.65,118.8,118.95,10400.0
2019-06-26 11:00:00,NSE:HINDOILEXP,119.0,119.55,118.85,119.15,7383.0
2019-06-26 12:00:00,NSE:HINDOILEXP,119.1,119.75,118.85,119.0,6491.0
2019-06-26 13:00:00,NSE:HINDOILEXP,118.95,119.5,118.1,118.5,13827.0
2019-06-26 14:00:00,NSE:HINDOILEXP,118.25,119.55,118.2,119.2,27971.0
2019-06-26 15:00:00,NSE:HINDOILEXP,119.2,119.55,118.2,118.35,26046.0
2019-06-27 09:00:00,NSE:HINDOILEXP,119.4,119.6,118.4,119.4,29995.0
2019-06-27 10:00:00,NSE:HINDOILEXP,119.5,121.4,119.5,120.4,57793.0
2019-06-27 11:00:00,NSE:HINDOILEXP,120.4,123.35,119.5,122.4,96248.0
2019-06-27 12:00:00,NSE:HINDOILEXP,122.5,123.9,122.0,123.45,86649.0
2019-06-27 13:00:00,NSE:HINDOILEXP,123.45,124.0,122.1,122.7,38503.0
2019-06-27 14:00:00,NSE:HINDOILEXP,122.7,123.7,122.2,122.85,24101.0
2019-06-27 15:00:00,NSE:HINDOILEXP,122.8,123.1,122.55,122.75,34688.0
2019-06-28 09:00:00,NSE:HINDOILEXP,123.0,124.5,120.95,124.35,54852.0
2019-06-28 10:00:00,NSE:HINDOILEXP,124.5,125.2,123.5,123.8,53621.0
2019-06-28 11:00:00,NSE:HINDOILEXP,124.05,125.8,123.85,125.3,49031.0
2019-06-28 12:00:00,NSE:HINDOILEXP,125.4,126.0,124.5,124.65,31699.0
2019-06-28 13:00:00,NSE:HINDOILEXP,124.65,124.85,123.4,123.5,29318.0
2019-06-28 14:00:00,NSE:HINDOILEXP,123.4,123.75,122.25,122.5,22296.0
2019-06-28 15:00:00,NSE:HINDOILEXP,122.4,123.9,122.4,123.3,24735.0
2019-07-01 09:00:00,NSE:HINDOILEXP,123.1,124.85,123.0,123.65,22989.0
2019-07-01 10:00:00,NSE:HINDOILEXP,123.85,124.25,123.05,123.45,8165.0
2019-07-01 11:00:00,NSE:HINDOILEXP,123.35,123.7,121.7,122.65,13986.0
2019-07-01 12:00:00,NSE:HINDOILEXP,122.75,122.75,121.6,122.2,9560.0
2019-07-01 13:00:00,NSE:HINDOILEXP,122.4,124.4,122.35,123.8,20428.0
2019-07-01 14:00:00,NSE:HINDOILEXP,124.15,127.55,124.15,126.5,124340.0
2019-07-01 15:00:00,NSE:HINDOILEXP,126.75,128.5,125.1,126.6,147436.0
2019-07-02 09:00:00,NSE:HINDOILEXP,127.0,127.0,124.55,125.0,39356.0
2019-07-02 10:00:00,NSE:HINDOILEXP,125.0,127.9,124.2,126.5,93750.0
2019-07-02 11:00:00,NSE:HINDOILEXP,126.5,128.2,126.5,127.35,36247.0
2019-07-02 12:00:00,NSE:HINDOILEXP,127.35,127.85,127.0,127.05,14154.0
2019-07-02 13:00:00,NSE:HINDOILEXP,127.0,129.7,127.0,129.0,109408.0
2019-07-02 14:00:00,NSE:HINDOILEXP,129.0,129.45,127.75,128.15,36383.0
2019-07-02 15:00:00,NSE:HINDOILEXP,128.15,128.55,127.2,127.8,54527.0
2019-07-03 09:00:00,NSE:HINDOILEXP,128.2,129.25,127.15,127.5,75069.0
2019-07-03 10:00:00,NSE:HINDOILEXP,127.3,128.0,126.7,127.75,28953.0
2019-07-03 11:00:00,NSE:HINDOILEXP,127.55,128.0,127.55,127.55,5188.0
2019-07-03 12:00:00,NSE:HINDOILEXP,127.35,128.4,127.1,127.95,31593.0
2019-07-03 13:00:00,NSE:HINDOILEXP,127.7,127.8,127.05,127.25,7397.0
2019-07-03 14:00:00,NSE:HINDOILEXP,127.2,127.95,126.8,127.15,35755.0
2019-07-03 15:00:00,NSE:HINDOILEXP,127.0,128.5,126.3,127.7,65758.0
2019-07-04 09:00:00,NSE:HINDOILEXP,127.6,128.2,126.1,126.5,27275.0
2019-07-04 10:00:00,NSE:HINDOILEXP,126.45,127.0,126.0,126.95,10133.0
2019-07-04 11:00:00,NSE:HINDOILEXP,126.75,126.9,126.1,126.4,8603.0
2019-07-04 12:00:00,NSE:HINDOILEXP,126.25,127.35,126.15,127.15,7727.0
2019-07-04 13:00:00,NSE:HINDOILEXP,127.15,127.25,127.0,127.25,3260.0
2019-07-04 14:00:00,NSE:HINDOILEXP,127.1,127.2,127.0,127.05,4244.0
2019-07-04 15:00:00,NSE:HINDOILEXP,127.0,127.5,127.0,127.15,16395.0
2019-07-05 09:00:00,NSE:HINDOILEXP,126.55,128.9,126.0,128.45,36020.0
2019-07-05 10:00:00,NSE:HINDOILEXP,128.2,128.8,127.1,127.7,24864.0
2019-07-05 11:00:00,NSE:HINDOILEXP,127.65,128.4,126.45,127.0,24973.0
2019-07-05 12:00:00,NSE:HINDOILEXP,126.95,127.25,125.5,126.15,14947.0
2019-07-05 13:00:00,NSE:HINDOILEXP,125.95,126.2,124.2,126.2,28419.0
2019-07-05 14:00:00,NSE:HINDOILEXP,126.1,126.7,124.65,125.55,16780.0
2019-07-05 15:00:00,NSE:HINDOILEXP,125.5,127.5,125.0,126.65,38675.0
2019-07-08 09:00:00,NSE:HINDOILEXP,126.0,126.7,124.6,125.3,21361.0
2019-07-08 10:00:00,NSE:HINDOILEXP,125.65,125.8,124.6,125.05,15164.0
2019-07-08 11:00:00,NSE:HINDOILEXP,125.05,125.45,124.35,125.25,32170.0
2019-07-08 12:00:00,NSE:HINDOILEXP,125.25,125.45,125.0,125.25,12630.0
2019-07-08 13:00:00,NSE:HINDOILEXP,125.15,125.35,124.85,125.0,7573.0
2019-07-08 14:00:00,NSE:HINDOILEXP,125.0,127.5,125.0,126.1,59771.0
2019-07-08 15:00:00,NSE:HINDOILEXP,126.05,126.5,125.3,125.35,12060.0
2019-07-09 09:00:00,NSE:HINDOILEXP,125.2,125.5,123.6,124.9,29408.0
2019-07-09 10:00:00,NSE:HINDOILEXP,124.65,126.5,124.6,125.65,29363.0
2019-07-09 11:00:00,NSE:HINDOILEXP,125.9,126.25,125.1,125.85,28562.0
2019-07-09 12:00:00,NSE:HINDOILEXP,126.1,126.35,125.2,125.4,11054.0
2019-07-09 13:00:00,NSE:HINDOILEXP,125.25,125.45,124.2,125.2,13537.0
2019-07-09 14:00:00,NSE:HINDOILEXP,125.2,126.2,125.0,125.15,17618.0
2019-07-09 15:00:00,NSE:HINDOILEXP,125.15,125.85,124.7,124.7,37415.0
2019-07-10 09:00:00,NSE:HINDOILEXP,125.1,126.75,124.65,125.6,12199.0
2019-07-10 10:00:00,NSE:HINDOILEXP,125.3,125.3,124.0,125.0,20036.0
2019-07-10 11:00:00,NSE:HINDOILEXP,125.0,125.75,124.55,124.7,11851.0
2019-07-10 12:00:00,NSE:HINDOILEXP,124.7,124.95,123.45,123.45,6807.0
2019-07-10 13:00:00,NSE:HINDOILEXP,123.4,124.25,123.4,124.2,8453.0
2019-07-10 14:00:00,NSE:HINDOILEXP,124.3,124.45,123.5,124.2,15182.0
2019-07-10 15:00:00,NSE:HINDOILEXP,124.2,124.6,124.0,124.2,34239.0
2019-07-11 09:00:00,NSE:HINDOILEXP,125.9,127.15,125.6,125.85,37327.0
2019-07-11 10:00:00,NSE:HINDOILEXP,125.85,126.2,125.15,125.7,15143.0
2019-07-11 11:00:00,NSE:HINDOILEXP,125.3,126.15,125.2,126.1,7470.0
2019-07-11 12:00:00,NSE:HINDOILEXP,126.05,126.2,125.65,125.7,5219.0
2019-07-11 13:00:00,NSE:HINDOILEXP,125.8,126.1,125.3,125.6,11591.0
2019-07-11 14:00:00,NSE:HINDOILEXP,125.75,126.1,125.55,125.8,11734.0
2019-07-11 15:00:00,NSE:HINDOILEXP,125.95,126.35,125.3,126.05,23511.0
2019-07-12 09:00:00,NSE:HINDOILEXP,127.1,127.1,125.25,125.25,17197.0
2019-07-12 10:00:00,NSE:HINDOILEXP,125.2,125.65,124.5,125.3,10071.0
2019-07-12 11:00:00,NSE:HINDOILEXP,125.2,125.55,125.0,125.55,3734.0
2019-07-12 12:00:00,NSE:HINDOILEXP,125.25,129.95,125.05,128.05,199950.0
2019-07-12 13:00:00,NSE:HINDOILEXP,128.0,128.75,127.45,128.5,43774.0
2019-07-12 14:00:00,NSE:HINDOILEXP,128.3,128.75,127.85,128.1,36855.0
2019-07-12 15:00:00,NSE:HINDOILEXP,128.25,128.35,127.9,128.15,23933.0
2019-07-15 09:00:00,NSE:HINDOILEXP,128.0,128.0,126.1,126.85,24634.0
2019-07-15 10:00:00,NSE:HINDOILEXP,126.85,127.95,126.6,127.75,12807.0
2019-07-15 11:00:00,NSE:HINDOILEXP,127.5,127.95,127.1,127.1,9155.0
2019-07-15 12:00:00,NSE:HINDOILEXP,127.2,128.0,126.55,127.15,15032.0
2019-07-15 13:00:00,NSE:HINDOILEXP,127.05,127.9,126.55,127.85,9225.0
2019-07-15 14:00:00,NSE:HINDOILEXP,127.55,128.0,126.8,126.85,10467.0
2019-07-15 15:00:00,NSE:HINDOILEXP,126.9,127.95,126.65,127.45,16622.0
2019-07-16 09:00:00,NSE:HINDOILEXP,126.85,127.9,126.1,127.75,14349.0
2019-07-16 10:00:00,NSE:HINDOILEXP,127.6,128.2,127.0,127.3,14802.0
2019-07-16 11:00:00,NSE:HINDOILEXP,127.45,128.0,127.05,127.65,9616.0
2019-07-16 12:00:00,NSE:HINDOILEXP,127.45,128.0,127.0,127.5,21314.0
2019-07-16 13:00:00,NSE:HINDOILEXP,127.35,127.65,127.1,127.45,7705.0
2019-07-16 14:00:00,NSE:HINDOILEXP,127.25,127.8,127.1,127.4,13008.0
2019-07-16 15:00:00,NSE:HINDOILEXP,127.4,127.9,127.2,127.6,20385.0
2019-07-17 09:00:00,NSE:HINDOILEXP,127.6,128.0,127.05,127.35,15313.0
2019-07-17 10:00:00,NSE:HINDOILEXP,127.15,130.35,127.1,129.7,91753.0
2019-07-17 11:00:00,NSE:HINDOILEXP,129.8,130.7,129.3,129.9,37727.0
2019-07-17 12:00:00,NSE:HINDOILEXP,129.5,130.0,129.0,129.55,12821.0
2019-07-17 13:00:00,NSE:HINDOILEXP,129.85,130.0,129.0,129.65,25407.0
2019-07-17 14:00:00,NSE:HINDOILEXP,129.5,130.45,129.0,130.0,37073.0
2019-07-17 15:00:00,NSE:HINDOILEXP,130.0,130.1,129.2,129.65,28883.0
2019-07-18 09:00:00,NSE:HINDOILEXP,127.75,130.5,127.75,129.55,19772.0
2019-07-18 10:00:00,NSE:HINDOILEXP,129.35,130.45,129.2,130.2,30496.0
2019-07-18 11:00:00,NSE:HINDOILEXP,130.35,130.35,129.0,129.15,21166.0
2019-07-18 12:00:00,NSE:HINDOILEXP,129.15,129.25,128.15,128.65,21531.0
2019-07-18 13:00:00,NSE:HINDOILEXP,128.45,128.75,127.85,128.15,13878.0
2019-07-18 14:00:00,NSE:HINDOILEXP,128.25,129.95,127.75,128.5,35840.0
2019-07-18 15:00:00,NSE:HINDOILEXP,128.45,129.45,126.7,128.35,29363.0
2019-07-19 09:00:00,NSE:HINDOILEXP,128.0,128.05,126.95,127.8,20207.0
2019-07-19 10:00:00,NSE:HINDOILEXP,127.7,128.0,126.25,126.55,29832.0
2019-07-19 11:00:00,NSE:HINDOILEXP,126.7,127.3,126.1,127.3,22036.0
2019-07-19 12:00:00,NSE:HINDOILEXP,127.1,128.3,126.75,126.75,34634.0
2019-07-19 13:00:00,NSE:HINDOILEXP,126.75,127.05,126.35,126.8,20511.0
2019-07-19 14:00:00,NSE:HINDOILEXP,126.6,126.95,126.0,126.55,37542.0
2019-07-19 15:00:00,NSE:HINDOILEXP,126.5,127.9,126.5,127.2,43338.0
2019-07-22 09:00:00,NSE:HINDOILEXP,127.2,127.9,125.1,126.7,28010.0
2019-07-22 10:00:00,NSE:HINDOILEXP,126.7,127.8,125.6,127.05,34243.0
2019-07-22 11:00:00,NSE:HINDOILEXP,127.1,127.5,125.0,125.5,18059.0
2019-07-22 12:00:00,NSE:HINDOILEXP,125.6,125.8,125.2,125.7,7913.0
2019-07-22 13:00:00,NSE:HINDOILEXP,125.8,127.2,125.65,126.95,21592.0
2019-07-22 14:00:00,NSE:HINDOILEXP,126.85,126.95,126.0,126.55,16978.0
2019-07-22 15:00:00,NSE:HINDOILEXP,126.35,127.8,126.0,126.75,21775.0
2019-07-23 09:00:00,NSE:HINDOILEXP,126.4,127.15,125.6,125.9,22475.0
2019-07-23 10:00:00,NSE:HINDOILEXP,125.7,126.2,125.0,125.85,15087.0
2019-07-23 11:00:00,NSE:HINDOILEXP,125.65,125.95,124.9,124.9,17260.0
2019-07-23 12:00:00,NSE:HINDOILEXP,125.0,126.0,124.5,125.15,29061.0
2019-07-23 13:00:00,NSE:HINDOILEXP,125.0,125.4,124.4,124.95,19291.0
2019-07-23 14:00:00,NSE:HINDOILEXP,124.85,125.5,124.3,125.0,44047.0
2019-07-23 15:00:00,NSE:HINDOILEXP,125.0,126.5,125.0,125.45,24141.0
2019-07-24 09:00:00,NSE:HINDOILEXP,126.55,126.9,123.55,123.8,35612.0
2019-07-24 10:00:00,NSE:HINDOILEXP,123.55,123.85,121.5,123.0,43410.0
2019-07-24 11:00:00,NSE:HINDOILEXP,122.65,123.1,122.5,122.75,9040.0
2019-07-24 12:00:00,NSE:HINDOILEXP,122.55,123.5,122.5,123.0,16990.0
2019-07-24 13:00:00,NSE:HINDOILEXP,123.0,124.5,122.65,123.1,25934.0
2019-07-24 14:00:00,NSE:HINDOILEXP,123.1,124.0,122.5,123.1,33873.0
2019-07-24 15:00:00,NSE:HINDOILEXP,122.85,125.85,122.85,124.4,86270.0
2019-07-25 09:00:00,NSE:HINDOILEXP,124.4,124.65,123.3,124.45,11743.0
2019-07-25 10:00:00,NSE:HINDOILEXP,124.35,124.35,120.35,122.7,60427.0
2019-07-25 11:00:00,NSE:HINDOILEXP,122.7,122.9,122.35,122.85,14743.0
2019-07-25 12:00:00,NSE:HINDOILEXP,122.55,123.9,122.55,123.1,20353.0
2019-07-25 13:00:00,NSE:HINDOILEXP,123.15,125.0,122.5,124.0,17710.0
2019-07-25 14:00:00,NSE:HINDOILEXP,123.85,125.7,122.65,125.15,35007.0
2019-07-25 15:00:00,NSE:HINDOILEXP,125.5,126.5,124.7,125.6,42359.0
2019-07-26 09:00:00,NSE:HINDOILEXP,125.0,125.8,124.2,125.25,13830.0
2019-07-26 10:00:00,NSE:HINDOILEXP,125.15,128.1,125.15,126.0,58966.0
2019-07-26 11:00:00,NSE:HINDOILEXP,126.0,126.65,125.35,125.7,13241.0
2019-07-26 12:00:00,NSE:HINDOILEXP,126.0,126.0,125.1,125.6,7831.0
2019-07-26 13:00:00,NSE:HINDOILEXP,125.85,126.45,125.0,126.1,10947.0
2019-07-26 14:00:00,NSE:HINDOILEXP,126.1,126.4,123.9,124.0,45739.0
2019-07-26 15:00:00,NSE:HINDOILEXP,124.35,125.9,123.9,125.25,50839.0
2019-07-29 09:00:00,NSE:HINDOILEXP,124.3,125.4,123.45,123.6,13169.0
2019-07-29 10:00:00,NSE:HINDOILEXP,123.6,124.0,123.0,123.6,11187.0
2019-07-29 11:00:00,NSE:HINDOILEXP,123.3,124.3,123.0,124.0,14504.0
2019-07-29 12:00:00,NSE:HINDOILEXP,123.85,123.85,123.0,123.3,13970.0
2019-07-29 13:00:00,NSE:HINDOILEXP,123.0,123.75,122.8,123.7,10908.0
2019-07-29 14:00:00,NSE:HINDOILEXP,123.45,124.45,123.05,123.55,8883.0
2019-07-29 15:00:00,NSE:HINDOILEXP,123.3,124.45,123.2,123.2,21420.0
2019-07-30 09:00:00,NSE:HINDOILEXP,123.5,125.1,123.5,124.1,22699.0
2019-07-30 10:00:00,NSE:HINDOILEXP,124.05,124.2,122.55,123.6,25877.0
2019-07-30 11:00:00,NSE:HINDOILEXP,123.6,123.6,122.65,123.5,15075.0
2019-07-30 12:00:00,NSE:HINDOILEXP,123.5,123.6,122.8,123.0,6812.0
2019-07-30 13:00:00,NSE:HINDOILEXP,123.0,123.15,121.5,121.75,20733.0
2019-07-30 14:00:00,NSE:HINDOILEXP,121.85,121.85,118.1,118.5,41949.0
2019-07-30 15:00:00,NSE:HINDOILEXP,118.5,118.6,114.8,116.55,50130.0
2019-07-31 09:00:00,NSE:HINDOILEXP,116.3,117.65,114.15,116.55,34464.0
2019-07-31 10:00:00,NSE:HINDOILEXP,116.6,116.8,114.65,115.7,15928.0
2019-07-31 11:00:00,NSE:HINDOILEXP,115.55,117.5,115.55,117.5,16400.0
2019-07-31 12:00:00,NSE:HINDOILEXP,117.5,118.4,117.5,117.85,14325.0
2019-07-31 13:00:00,NSE:HINDOILEXP,118.1,118.8,117.5,117.8,14745.0
2019-07-31 14:00:00,NSE:HINDOILEXP,117.6,117.65,115.7,115.9,22672.0
2019-07-31 15:00:00,NSE:HINDOILEXP,116.0,116.4,114.3,115.1,66140.0
2019-08-01 09:00:00,NSE:HINDOILEXP,115.1,115.95,113.65,115.3,25331.0
2019-08-01 10:00:00,NSE:HINDOILEXP,115.2,115.4,113.75,114.0,8634.0
2019-08-01 11:00:00,NSE:HINDOILEXP,114.0,114.3,113.5,113.9,9428.0
2019-08-01 12:00:00,NSE:HINDOILEXP,113.75,113.8,113.05,113.05,18628.0
2019-08-01 13:00:00,NSE:HINDOILEXP,113.25,114.3,111.5,111.75,13873.0
2019-08-01 14:00:00,NSE:HINDOILEXP,111.8,112.25,110.35,112.1,33329.0
2019-08-01 15:00:00,NSE:HINDOILEXP,112.0,115.6,112.0,114.1,87604.0
2019-08-02 09:00:00,NSE:HINDOILEXP,113.0,113.0,110.5,111.6,32847.0
2019-08-02 10:00:00,NSE:HINDOILEXP,111.85,112.8,110.9,112.0,40078.0
2019-08-02 11:00:00,NSE:HINDOILEXP,112.2,112.75,111.6,111.9,31819.0
2019-08-02 12:00:00,NSE:HINDOILEXP,112.0,112.1,111.35,111.55,25399.0
2019-08-02 13:00:00,NSE:HINDOILEXP,111.55,113.3,111.0,113.0,36150.0
2019-08-02 14:00:00,NSE:HINDOILEXP,113.0,114.8,112.65,114.5,56114.0
2019-08-02 15:00:00,NSE:HINDOILEXP,114.5,114.6,113.5,113.95,45703.0
2019-08-05 09:00:00,NSE:HINDOILEXP,113.65,113.65,110.7,111.75,26011.0
2019-08-05 10:00:00,NSE:HINDOILEXP,111.5,111.9,111.0,111.05,10280.0
2019-08-05 11:00:00,NSE:HINDOILEXP,111.45,111.9,110.9,111.35,14581.0
2019-08-05 12:00:00,NSE:HINDOILEXP,111.65,112.35,111.3,112.0,14980.0
2019-08-05 13:00:00,NSE:HINDOILEXP,112.25,112.25,111.3,111.5,13882.0
2019-08-05 14:00:00,NSE:HINDOILEXP,111.4,112.3,111.4,112.0,14169.0
2019-08-05 15:00:00,NSE:HINDOILEXP,112.0,112.25,111.0,111.75,34434.0
2019-08-06 09:00:00,NSE:HINDOILEXP,110.3,110.3,103.5,104.9,213929.0
2019-08-06 10:00:00,NSE:HINDOILEXP,105.0,106.0,104.7,104.9,104898.0
2019-08-06 11:00:00,NSE:HINDOILEXP,105.0,105.3,103.2,104.45,141806.0
2019-08-06 12:00:00,NSE:HINDOILEXP,104.4,105.45,104.0,105.35,20263.0
2019-08-06 13:00:00,NSE:HINDOILEXP,105.35,105.75,104.7,105.6,22828.0
2019-08-06 14:00:00,NSE:HINDOILEXP,105.3,105.8,103.9,104.6,49619.0
2019-08-06 15:00:00,NSE:HINDOILEXP,104.6,104.6,101.9,102.8,100778.0
2019-08-07 09:00:00,NSE:HINDOILEXP,103.0,105.95,102.15,104.7,112660.0
2019-08-07 10:00:00,NSE:HINDOILEXP,104.95,105.1,103.5,103.95,44481.0
2019-08-07 11:00:00,NSE:HINDOILEXP,104.05,104.5,103.5,104.0,12801.0
2019-08-07 12:00:00,NSE:HINDOILEXP,104.1,104.45,103.5,104.0,19402.0
2019-08-07 13:00:00,NSE:HINDOILEXP,104.05,104.2,103.45,103.65,14882.0
2019-08-07 14:00:00,NSE:HINDOILEXP,103.65,104.2,102.1,102.5,38242.0
2019-08-07 15:00:00,NSE:HINDOILEXP,102.5,103.3,102.05,102.55,38030.0
2019-08-08 09:00:00,NSE:HINDOILEXP,102.2,103.4,97.65,99.3,83177.0
2019-08-08 10:00:00,NSE:HINDOILEXP,99.6,99.75,98.05,98.65,33831.0
2019-08-08 11:00:00,NSE:HINDOILEXP,98.6,99.6,98.55,99.05,22823.0
2019-08-08 12:00:00,NSE:HINDOILEXP,99.05,99.7,99.0,99.2,14217.0
2019-08-08 13:00:00,NSE:HINDOILEXP,99.2,99.85,99.0,99.55,13608.0
2019-08-08 14:00:00,NSE:HINDOILEXP,99.5,101.0,99.45,100.15,32801.0
2019-08-08 15:00:00,NSE:HINDOILEXP,100.4,102.8,99.95,101.5,45123.0
2019-08-09 09:00:00,NSE:HINDOILEXP,102.7,102.8,101.05,101.55,20528.0
2019-08-09 10:00:00,NSE:HINDOILEXP,101.7,102.45,100.8,101.65,17905.0
2019-08-09 11:00:00,NSE:HINDOILEXP,101.9,102.7,101.6,102.65,9587.0
2019-08-09 12:00:00,NSE:HINDOILEXP,102.65,103.0,101.7,101.75,13473.0
2019-08-09 13:00:00,NSE:HINDOILEXP,101.75,102.35,101.25,102.1,10577.0
2019-08-09 14:00:00,NSE:HINDOILEXP,102.3,103.45,101.6,102.2,23799.0
2019-08-09 15:00:00,NSE:HINDOILEXP,102.3,103.9,102.25,102.9,25044.0
2019-08-13 09:00:00,NSE:HINDOILEXP,104.8,104.8,102.45,103.65,47655.0
2019-08-13 10:00:00,NSE:HINDOILEXP,103.75,104.55,103.6,104.2,22584.0
2019-08-13 11:00:00,NSE:HINDOILEXP,104.25,104.25,103.05,103.65,20234.0
2019-08-13 12:00:00,NSE:HINDOILEXP,103.55,105.0,102.85,104.7,49269.0
2019-08-13 13:00:00,NSE:HINDOILEXP,105.0,105.7,104.7,105.05,16323.0
2019-08-13 14:00:00,NSE:HINDOILEXP,104.95,105.3,104.7,104.8,20926.0
2019-08-13 15:00:00,NSE:HINDOILEXP,104.75,105.15,103.0,104.15,36589.0
2019-08-14 09:00:00,NSE:HINDOILEXP,104.15,104.15,102.2,102.75,18100.0
2019-08-14 10:00:00,NSE:HINDOILEXP,102.75,103.65,102.4,102.8,10971.0
2019-08-14 11:00:00,NSE:HINDOILEXP,102.75,102.8,101.4,102.0,20757.0
2019-08-14 12:00:00,NSE:HINDOILEXP,102.0,102.6,101.55,102.35,12509.0
2019-08-14 13:00:00,NSE:HINDOILEXP,102.35,102.85,101.95,102.0,8546.0
2019-08-14 14:00:00,NSE:HINDOILEXP,102.15,102.65,101.65,102.25,7271.0
2019-08-14 15:00:00,NSE:HINDOILEXP,102.15,104.8,102.15,103.3,35460.0
2019-08-16 09:00:00,NSE:HINDOILEXP,103.9,103.9,100.2,101.1,27326.0
2019-08-16 10:00:00,NSE:HINDOILEXP,101.25,101.4,100.7,101.15,22629.0
2019-08-16 11:00:00,NSE:HINDOILEXP,101.05,101.6,100.0,100.65,39916.0
2019-08-16 12:00:00,NSE:HINDOILEXP,100.6,101.45,100.05,101.25,31842.0
2019-08-16 13:00:00,NSE:HINDOILEXP,101.4,102.1,101.15,101.6,24785.0
2019-08-16 14:00:00,NSE:HINDOILEXP,101.65,101.95,101.15,101.65,11647.0
2019-08-16 15:00:00,NSE:HINDOILEXP,101.65,106.0,101.15,102.5,54895.0
2019-08-19 09:00:00,NSE:HINDOILEXP,102.5,103.95,102.45,103.55,24476.0
2019-08-19 10:00:00,NSE:HINDOILEXP,103.5,103.65,103.2,103.3,5187.0
2019-08-19 11:00:00,NSE:HINDOILEXP,103.45,103.65,102.95,102.95,9942.0
2019-08-19 12:00:00,NSE:HINDOILEXP,103.15,103.2,102.55,102.95,5104.0
2019-08-19 13:00:00,NSE:HINDOILEXP,102.8,102.95,102.55,102.7,7456.0
2019-08-19 14:00:00,NSE:HINDOILEXP,102.95,103.2,102.6,103.05,6340.0
2019-08-19 15:00:00,NSE:HINDOILEXP,103.05,104.45,103.0,103.7,17638.0
2019-08-20 09:00:00,NSE:HINDOILEXP,104.1,104.35,102.75,102.8,14958.0
2019-08-20 10:00:00,NSE:HINDOILEXP,102.9,103.0,102.15,102.55,10235.0
2019-08-20 11:00:00,NSE:HINDOILEXP,102.75,103.15,102.75,102.85,13353.0
2019-08-20 12:00:00,NSE:HINDOILEXP,102.85,103.2,102.5,103.1,9447.0
2019-08-20 13:00:00,NSE:HINDOILEXP,102.95,103.8,102.5,103.3,721852.0
2019-08-20 14:00:00,NSE:HINDOILEXP,103.6,103.6,101.35,101.4,41363.0
2019-08-20 15:00:00,NSE:HINDOILEXP,101.5,102.9,101.4,101.9,29845.0
2019-08-21 09:00:00,NSE:HINDOILEXP,102.95,102.95,100.0,101.05,37053.0
2019-08-21 10:00:00,NSE:HINDOILEXP,101.05,101.5,100.85,100.95,12789.0
2019-08-21 11:00:00,NSE:HINDOILEXP,100.85,101.15,100.25,100.95,31815.0
2019-08-21 12:00:00,NSE:HINDOILEXP,100.95,101.5,100.75,100.85,12865.0
2019-08-21 13:00:00,NSE:HINDOILEXP,100.85,101.35,100.6,100.6,32294.0
2019-08-21 14:00:00,NSE:HINDOILEXP,100.6,101.0,100.25,100.5,45222.0
2019-08-21 15:00:00,NSE:HINDOILEXP,100.5,100.9,100.0,100.35,47098.0
2019-08-22 09:00:00,NSE:HINDOILEXP,101.7,101.7,96.95,97.6,30930.0
2019-08-22 10:00:00,NSE:HINDOILEXP,97.8,97.9,97.25,97.7,17060.0
2019-08-22 11:00:00,NSE:HINDOILEXP,97.35,97.8,97.0,97.65,21788.0
2019-08-22 12:00:00,NSE:HINDOILEXP,97.4,97.9,97.2,97.6,10764.0
2019-08-22 13:00:00,NSE:HINDOILEXP,97.8,97.8,97.3,97.45,4316.0
2019-08-22 14:00:00,NSE:HINDOILEXP,97.25,97.35,96.1,96.2,23025.0
2019-08-22 15:00:00,NSE:HINDOILEXP,96.2,96.3,95.05,95.1,30483.0
2019-08-23 09:00:00,NSE:HINDOILEXP,93.6,93.95,89.35,91.7,122903.0
2019-08-23 10:00:00,NSE:HINDOILEXP,91.5,95.25,91.5,94.4,83185.0
2019-08-23 11:00:00,NSE:HINDOILEXP,94.6,96.0,93.45,95.05,23300.0
2019-08-23 12:00:00,NSE:HINDOILEXP,94.65,95.75,94.2,94.85,9889.0
2019-08-23 13:00:00,NSE:HINDOILEXP,94.75,94.85,93.75,94.4,12204.0
2019-08-23 14:00:00,NSE:HINDOILEXP,94.4,94.95,93.3,94.95,32057.0
2019-08-23 15:00:00,NSE:HINDOILEXP,95.0,96.05,94.5,95.5,46554.0
2019-08-26 09:00:00,NSE:HINDOILEXP,96.95,96.95,94.0,95.3,29656.0
2019-08-26 10:00:00,NSE:HINDOILEXP,94.85,95.2,93.5,94.0,21948.0
2019-08-26 11:00:00,NSE:HINDOILEXP,94.2,95.3,93.55,95.3,13999.0
2019-08-26 12:00:00,NSE:HINDOILEXP,95.0,95.0,93.5,93.85,25162.0
2019-08-26 13:00:00,NSE:HINDOILEXP,94.1,95.15,93.95,95.1,19965.0
2019-08-26 14:00:00,NSE:HINDOILEXP,95.15,95.5,94.8,95.0,17664.0
2019-08-26 15:00:00,NSE:HINDOILEXP,95.0,95.45,94.8,95.2,26808.0
2019-08-27 09:00:00,NSE:HINDOILEXP,96.0,97.6,95.3,96.0,33670.0
2019-08-27 10:00:00,NSE:HINDOILEXP,96.25,97.4,96.05,96.8,22822.0
2019-08-27 11:00:00,NSE:HINDOILEXP,96.75,98.1,96.6,97.3,28143.0
2019-08-27 12:00:00,NSE:HINDOILEXP,97.3,98.05,97.0,97.4,19032.0
2019-08-27 13:00:00,NSE:HINDOILEXP,97.4,97.9,96.7,97.15,35048.0
2019-08-27 14:00:00,NSE:HINDOILEXP,97.25,97.7,96.7,97.25,15699.0
2019-08-27 15:00:00,NSE:HINDOILEXP,97.2,99.0,97.0,97.85,31814.0
2019-08-28 09:00:00,NSE:HINDOILEXP,97.9,99.4,96.75,98.05,32097.0
2019-08-28 10:00:00,NSE:HINDOILEXP,98.15,99.2,98.05,99.0,17442.0
2019-08-28 11:00:00,NSE:HINDOILEXP,99.0,99.3,98.25,98.7,16169.0
2019-08-28 12:00:00,NSE:HINDOILEXP,98.9,100.05,98.0,98.0,20393.0
2019-08-28 13:00:00,NSE:HINDOILEXP,98.0,98.85,97.5,98.4,17300.0
2019-08-28 14:00:00,NSE:HINDOILEXP,98.5,98.5,97.15,98.0,30738.0
2019-08-28 15:00:00,NSE:HINDOILEXP,98.0,100.9,97.75,99.45,36001.0
2019-08-29 09:00:00,NSE:HINDOILEXP,99.0,99.6,97.0,97.7,18360.0
2019-08-29 10:00:00,NSE:HINDOILEXP,97.7,97.95,97.05,97.45,12221.0
2019-08-29 11:00:00,NSE:HINDOILEXP,97.35,98.4,97.35,97.65,11259.0
2019-08-29 12:00:00,NSE:HINDOILEXP,97.75,97.9,97.15,97.85,6352.0
2019-08-29 13:00:00,NSE:HINDOILEXP,97.85,98.2,97.5,98.15,12650.0
2019-08-29 14:00:00,NSE:HINDOILEXP,98.3,98.75,97.1,97.5,13870.0
2019-08-29 15:00:00,NSE:HINDOILEXP,97.2,98.9,97.1,97.5,22371.0
2019-08-30 09:00:00,NSE:HINDOILEXP,98.65,98.65,96.6,96.7,20664.0
2019-08-30 10:00:00,NSE:HINDOILEXP,96.7,97.25,95.6,96.15,27326.0
2019-08-30 11:00:00,NSE:HINDOILEXP,96.15,96.45,95.4,96.45,10082.0
2019-08-30 12:00:00,NSE:HINDOILEXP,96.5,96.8,95.9,96.3,22263.0
2019-08-30 13:00:00,NSE:HINDOILEXP,96.4,96.75,95.4,95.6,14372.0
2019-08-30 14:00:00,NSE:HINDOILEXP,95.75,96.5,95.4,95.85,7637.0
2019-08-30 15:00:00,NSE:HINDOILEXP,96.0,96.45,95.65,96.1,24167.0
2019-09-03 09:00:00,NSE:HINDOILEXP,96.0,96.0,93.6,93.85,21571.0
2019-09-03 10:00:00,NSE:HINDOILEXP,94.1,94.55,93.9,94.05,12906.0
2019-09-03 11:00:00,NSE:HINDOILEXP,94.0,94.8,94.0,94.35,8118.0
2019-09-03 12:00:00,NSE:HINDOILEXP,94.25,94.95,94.2,94.7,7566.0
2019-09-03 13:00:00,NSE:HINDOILEXP,94.7,94.8,94.2,94.7,11878.0
2019-09-03 14:00:00,NSE:HINDOILEXP,94.45,94.75,93.85,94.0,18970.0
2019-09-03 15:00:00,NSE:HINDOILEXP,93.9,94.25,93.7,93.95,14514.0
2019-09-04 09:00:00,NSE:HINDOILEXP,94.4,94.4,91.55,93.0,27118.0
2019-09-04 10:00:00,NSE:HINDOILEXP,93.2,93.75,92.4,93.25,7206.0
2019-09-04 11:00:00,NSE:HINDOILEXP,93.25,94.6,92.7,93.3,8531.0
2019-09-04 12:00:00,NSE:HINDOILEXP,93.3,93.75,92.7,92.9,5177.0
2019-09-04 13:00:00,NSE:HINDOILEXP,92.95,94.2,92.5,92.6,13593.0
2019-09-04 14:00:00,NSE:HINDOILEXP,93.0,93.7,92.65,93.0,6442.0
2019-09-04 15:00:00,NSE:HINDOILEXP,93.0,93.8,93.0,93.4,11231.0
2019-09-05 09:00:00,NSE:HINDOILEXP,93.6,96.35,93.4,96.25,27124.0
2019-09-05 10:00:00,NSE:HINDOILEXP,96.7,97.4,95.3,95.65,25430.0
2019-09-05 11:00:00,NSE:HINDOILEXP,95.35,95.35,94.35,94.6,12386.0
2019-09-05 12:00:00,NSE:HINDOILEXP,94.7,95.3,94.4,95.1,8672.0
2019-09-05 13:00:00,NSE:HINDOILEXP,94.95,95.6,94.5,94.9,14080.0
2019-09-05 14:00:00,NSE:HINDOILEXP,94.8,95.6,94.5,94.5,6255.0
2019-09-05 15:00:00,NSE:HINDOILEXP,94.55,95.0,94.45,94.85,15406.0
2019-09-06 09:00:00,NSE:HINDOILEXP,95.6,95.6,94.5,95.2,15497.0
2019-09-06 10:00:00,NSE:HINDOILEXP,95.35,95.6,94.85,95.4,6617.0
2019-09-06 11:00:00,NSE:HINDOILEXP,95.5,95.55,94.7,95.0,11707.0
2019-09-06 12:00:00,NSE:HINDOILEXP,95.05,95.5,94.95,95.45,8002.0
2019-09-06 13:00:00,NSE:HINDOILEXP,95.45,95.5,94.95,95.25,4566.0
2019-09-06 14:00:00,NSE:HINDOILEXP,95.05,95.3,94.65,95.25,8204.0
2019-09-06 15:00:00,NSE:HINDOILEXP,95.25,95.65,94.15,95.05,23222.0
2019-09-09 09:00:00,NSE:HINDOILEXP,95.0,96.95,94.45,96.6,19313.0
2019-09-09 10:00:00,NSE:HINDOILEXP,96.35,99.6,96.1,99.15,53221.0
2019-09-09 11:00:00,NSE:HINDOILEXP,99.15,99.5,99.0,99.0,5440.0
2019-09-09 12:00:00,NSE:HINDOILEXP,99.0,100.5,99.0,100.2,18019.0
2019-09-09 13:00:00,NSE:HINDOILEXP,100.15,100.8,100.0,100.6,16570.0
2019-09-09 14:00:00,NSE:HINDOILEXP,100.75,103.95,100.7,102.5,69757.0
2019-09-09 15:00:00,NSE:HINDOILEXP,102.5,104.4,102.5,103.6,37279.0
2019-09-11 09:00:00,NSE:HINDOILEXP,103.55,109.0,101.9,108.0,80059.0
2019-09-11 10:00:00,NSE:HINDOILEXP,107.95,108.2,107.15,107.6,12455.0
2019-09-11 11:00:00,NSE:HINDOILEXP,107.4,108.3,106.5,108.0,18180.0
2019-09-11 12:00:00,NSE:HINDOILEXP,107.85,108.35,107.0,107.9,10992.0
2019-09-11 13:00:00,NSE:HINDOILEXP,107.95,108.2,107.05,107.85,16158.0
2019-09-11 14:00:00,NSE:HINDOILEXP,107.8,109.8,107.75,108.05,41746.0
2019-09-11 15:00:00,NSE:HINDOILEXP,108.0,110.0,108.0,109.45,32906.0
2019-09-12 09:00:00,NSE:HINDOILEXP,112.5,114.7,112.5,113.35,167253.0
2019-09-12 10:00:00,NSE:HINDOILEXP,113.6,113.85,111.2,112.45,57171.0
2019-09-12 11:00:00,NSE:HINDOILEXP,112.5,112.95,110.5,111.1,34562.0
2019-09-12 12:00:00,NSE:HINDOILEXP,111.1,111.65,111.0,111.4,8867.0
2019-09-12 13:00:00,NSE:HINDOILEXP,111.4,111.85,110.6,111.0,9949.0
2019-09-12 14:00:00,NSE:HINDOILEXP,110.7,111.25,109.8,110.7,37715.0
2019-09-12 15:00:00,NSE:HINDOILEXP,110.8,111.35,109.4,110.25,55734.0
2019-09-13 09:00:00,NSE:HINDOILEXP,110.9,110.9,106.75,107.85,29160.0
2019-09-13 10:00:00,NSE:HINDOILEXP,107.85,108.4,106.9,107.45,9926.0
2019-09-13 11:00:00,NSE:HINDOILEXP,107.45,107.95,107.0,107.9,7048.0
2019-09-13 12:00:00,NSE:HINDOILEXP,107.9,107.9,106.5,106.7,9258.0
2019-09-13 13:00:00,NSE:HINDOILEXP,106.7,106.85,105.5,106.1,28369.0
2019-09-13 14:00:00,NSE:HINDOILEXP,106.1,110.25,105.9,107.2,82767.0
2019-09-13 15:00:00,NSE:HINDOILEXP,107.5,108.25,107.1,107.55,16973.0
2019-09-16 09:00:00,NSE:HINDOILEXP,109.7,115.0,109.45,111.95,151127.0
2019-09-16 10:00:00,NSE:HINDOILEXP,111.95,112.2,111.05,111.7,23461.0
2019-09-16 11:00:00,NSE:HINDOILEXP,111.7,111.8,110.55,110.75,21947.0
2019-09-16 12:00:00,NSE:HINDOILEXP,110.65,112.5,109.55,110.0,58350.0
2019-09-16 13:00:00,NSE:HINDOILEXP,109.95,113.45,109.9,112.0,95560.0
2019-09-16 14:00:00,NSE:HINDOILEXP,112.0,112.0,109.95,110.05,50331.0
2019-09-16 15:00:00,NSE:HINDOILEXP,110.1,110.7,109.3,109.85,43600.0
2019-09-17 09:00:00,NSE:HINDOILEXP,110.7,112.0,110.0,111.0,52754.0
2019-09-17 10:00:00,NSE:HINDOILEXP,110.8,111.5,110.4,110.85,11617.0
2019-09-17 11:00:00,NSE:HINDOILEXP,110.8,111.5,110.55,110.9,9769.0
2019-09-17 12:00:00,NSE:HINDOILEXP,110.85,111.6,110.3,111.05,19292.0
2019-09-17 13:00:00,NSE:HINDOILEXP,110.9,112.7,108.75,109.0,81989.0
2019-09-17 14:00:00,NSE:HINDOILEXP,109.0,109.55,108.0,108.3,33968.0
2019-09-17 15:00:00,NSE:HINDOILEXP,108.3,108.5,106.65,107.7,31472.0
2019-09-18 09:00:00,NSE:HINDOILEXP,108.0,108.0,105.9,106.05,22495.0
2019-09-18 10:00:00,NSE:HINDOILEXP,106.25,108.4,106.05,106.35,19018.0
2019-09-18 11:00:00,NSE:HINDOILEXP,106.4,107.0,106.25,106.7,4062.0
2019-09-18 12:00:00,NSE:HINDOILEXP,106.9,107.9,106.25,106.35,13604.0
2019-09-18 13:00:00,NSE:HINDOILEXP,106.4,107.5,105.45,106.05,11333.0
2019-09-18 14:00:00,NSE:HINDOILEXP,106.2,107.0,105.5,105.85,8118.0
2019-09-18 15:00:00,NSE:HINDOILEXP,105.85,106.5,104.95,105.65,21192.0
2019-09-19 09:00:00,NSE:HINDOILEXP,105.65,105.65,102.6,103.25,24404.0
2019-09-19 10:00:00,NSE:HINDOILEXP,103.25,103.65,103.05,103.25,13551.0
2019-09-19 11:00:00,NSE:HINDOILEXP,103.25,103.95,103.1,103.5,4901.0
2019-09-19 12:00:00,NSE:HINDOILEXP,103.25,103.5,102.1,102.2,12891.0
2019-09-19 13:00:00,NSE:HINDOILEXP,102.2,102.5,101.25,101.25,13479.0
2019-09-19 14:00:00,NSE:HINDOILEXP,101.4,103.0,101.1,101.6,14055.0
2019-09-19 15:00:00,NSE:HINDOILEXP,101.55,102.1,100.5,101.1,26630.0
2019-09-20 09:00:00,NSE:HINDOILEXP,101.1,101.55,98.4,98.4,19124.0
2019-09-20 10:00:00,NSE:HINDOILEXP,98.55,102.75,96.0,101.25,70235.0
2019-09-20 11:00:00,NSE:HINDOILEXP,101.65,104.4,101.2,104.0,46471.0
2019-09-20 12:00:00,NSE:HINDOILEXP,104.0,104.6,101.55,102.55,29644.0
2019-09-20 13:00:00,NSE:HINDOILEXP,102.7,104.4,102.5,103.5,16860.0
2019-09-20 14:00:00,NSE:HINDOILEXP,103.5,105.2,102.1,103.0,45027.0
2019-09-20 15:00:00,NSE:HINDOILEXP,102.8,103.0,101.2,101.85,30949.0
2019-09-23 09:00:00,NSE:HINDOILEXP,104.0,105.0,102.3,104.15,39452.0
2019-09-23 10:00:00,NSE:HINDOILEXP,104.15,106.2,104.0,105.4,27853.0
2019-09-23 11:00:00,NSE:HINDOILEXP,105.6,105.95,104.0,105.1,19633.0
2019-09-23 12:00:00,NSE:HINDOILEXP,105.4,105.6,104.3,105.15,15041.0
2019-09-23 13:00:00,NSE:HINDOILEXP,105.0,105.5,104.15,104.15,20665.0
2019-09-23 14:00:00,NSE:HINDOILEXP,104.75,105.5,104.3,104.4,18761.0
2019-09-23 15:00:00,NSE:HINDOILEXP,104.4,105.2,103.5,104.25,22656.0
2019-09-24 09:00:00,NSE:HINDOILEXP,104.95,105.4,102.45,104.0,24531.0
2019-09-24 10:00:00,NSE:HINDOILEXP,104.15,104.6,103.45,103.7,8756.0
2019-09-24 11:00:00,NSE:HINDOILEXP,103.65,104.0,103.2,103.65,6443.0
2019-09-24 12:00:00,NSE:HINDOILEXP,103.75,104.2,102.55,103.0,10915.0
2019-09-24 13:00:00,NSE:HINDOILEXP,103.3,103.7,102.45,103.2,6190.0
2019-09-24 14:00:00,NSE:HINDOILEXP,103.0,105.4,103.0,104.5,29677.0
2019-09-24 15:00:00,NSE:HINDOILEXP,104.5,105.5,104.05,104.85,15391.0
2019-09-25 09:00:00,NSE:HINDOILEXP,102.25,104.0,102.25,103.0,15919.0
2019-09-25 10:00:00,NSE:HINDOILEXP,103.15,103.4,102.4,103.4,6717.0
2019-09-25 11:00:00,NSE:HINDOILEXP,103.3,103.45,103.0,103.05,4082.0
2019-09-25 12:00:00,NSE:HINDOILEXP,103.05,103.5,102.3,102.35,8822.0
2019-09-25 13:00:00,NSE:HINDOILEXP,102.4,102.7,100.35,100.55,16007.0
2019-09-25 14:00:00,NSE:HINDOILEXP,101.1,102.1,101.0,102.1,14173.0
2019-09-25 15:00:00,NSE:HINDOILEXP,102.05,102.7,100.35,101.9,18444.0
2019-09-26 09:00:00,NSE:HINDOILEXP,102.55,102.55,100.15,101.0,40064.0
2019-09-26 10:00:00,NSE:HINDOILEXP,100.95,104.95,100.75,103.15,48350.0
2019-09-26 11:00:00,NSE:HINDOILEXP,102.55,103.4,102.0,102.7,8872.0
2019-09-26 12:00:00,NSE:HINDOILEXP,102.9,103.5,102.0,103.05,10229.0
2019-09-26 13:00:00,NSE:HINDOILEXP,103.05,103.1,101.7,102.3,13767.0
2019-09-26 14:00:00,NSE:HINDOILEXP,102.15,102.25,100.75,101.2,20008.0
2019-09-26 15:00:00,NSE:HINDOILEXP,101.05,101.85,100.5,101.15,23277.0
2019-09-27 09:00:00,NSE:HINDOILEXP,102.7,102.75,100.95,101.3,33468.0
2019-09-27 10:00:00,NSE:HINDOILEXP,101.4,101.4,100.1,100.8,15922.0
2019-09-27 11:00:00,NSE:HINDOILEXP,100.8,101.0,99.75,100.8,28219.0
2019-09-27 12:00:00,NSE:HINDOILEXP,100.9,101.2,100.5,100.8,17015.0
2019-09-27 13:00:00,NSE:HINDOILEXP,100.8,101.5,100.75,101.15,56639.0
2019-09-27 14:00:00,NSE:HINDOILEXP,101.0,101.25,100.5,100.7,30916.0
2019-09-27 15:00:00,NSE:HINDOILEXP,100.85,101.0,99.8,100.35,35227.0
2019-09-30 09:00:00,NSE:HINDOILEXP,99.1,100.55,98.0,98.35,22140.0
2019-09-30 10:00:00,NSE:HINDOILEXP,98.3,98.35,97.55,97.65,15140.0
2019-09-30 11:00:00,NSE:HINDOILEXP,97.7,98.1,97.7,98.05,20397.0
2019-09-30 12:00:00,NSE:HINDOILEXP,98.0,98.45,97.9,98.3,18042.0
2019-09-30 13:00:00,NSE:HINDOILEXP,98.3,98.5,98.05,98.1,13795.0
2019-09-30 14:00:00,NSE:HINDOILEXP,98.25,99.1,98.05,98.3,21413.0
2019-09-30 15:00:00,NSE:HINDOILEXP,98.25,98.8,98.0,98.3,22923.0
2019-10-01 09:00:00,NSE:HINDOILEXP,99.1,100.0,97.9,97.95,35077.0
2019-10-01 10:00:00,NSE:HINDOILEXP,97.9,99.2,95.5,95.7,61263.0
2019-10-01 11:00:00,NSE:HINDOILEXP,95.85,96.0,95.4,95.7,22545.0
2019-10-01 12:00:00,NSE:HINDOILEXP,95.7,95.85,93.7,93.95,37044.0
2019-10-01 13:00:00,NSE:HINDOILEXP,94.0,94.15,92.15,92.25,73441.0
2019-10-01 14:00:00,NSE:HINDOILEXP,92.25,93.0,91.35,92.95,53556.0
2019-10-01 15:00:00,NSE:HINDOILEXP,93.0,95.75,92.55,93.85,74189.0
2019-10-03 09:00:00,NSE:HINDOILEXP,93.9,95.0,92.7,93.0,23987.0
2019-10-03 10:00:00,NSE:HINDOILEXP,93.15,94.75,93.1,94.75,35974.0
2019-10-03 11:00:00,NSE:HINDOILEXP,94.8,95.5,93.75,95.25,17787.0
2019-10-03 12:00:00,NSE:HINDOILEXP,95.05,96.3,94.2,94.7,14822.0
2019-10-03 13:00:00,NSE:HINDOILEXP,94.5,95.5,93.85,94.4,9448.0
2019-10-03 14:00:00,NSE:HINDOILEXP,94.1,94.5,93.6,94.0,12316.0
2019-10-03 15:00:00,NSE:HINDOILEXP,94.0,94.55,93.35,94.15,14580.0
2019-10-04 09:00:00,NSE:HINDOILEXP,94.9,94.9,92.9,93.35,23979.0
2019-10-04 10:00:00,NSE:HINDOILEXP,93.25,94.05,92.95,93.3,14719.0
2019-10-04 11:00:00,NSE:HINDOILEXP,93.55,94.3,93.4,93.9,12438.0
2019-10-04 12:00:00,NSE:HINDOILEXP,93.75,94.5,93.7,93.95,13349.0
2019-10-04 13:00:00,NSE:HINDOILEXP,94.0,94.4,93.75,94.2,13019.0
2019-10-04 14:00:00,NSE:HINDOILEXP,94.4,94.6,93.15,93.85,15867.0
2019-10-04 15:00:00,NSE:HINDOILEXP,93.7,94.7,92.95,93.55,25820.0
2019-10-07 09:00:00,NSE:HINDOILEXP,93.0,94.75,92.15,93.8,24508.0
2019-10-07 10:00:00,NSE:HINDOILEXP,93.55,94.45,92.95,92.95,8631.0
2019-10-07 11:00:00,NSE:HINDOILEXP,92.85,93.45,92.4,93.3,14015.0
2019-10-07 12:00:00,NSE:HINDOILEXP,93.15,93.15,92.55,92.95,8493.0
2019-10-07 13:00:00,NSE:HINDOILEXP,92.95,93.1,90.0,90.95,23402.0
2019-10-07 14:00:00,NSE:HINDOILEXP,90.85,91.0,89.7,90.0,37047.0
2019-10-07 15:00:00,NSE:HINDOILEXP,90.0,90.75,88.8,89.8,49303.0
2019-10-09 09:00:00,NSE:HINDOILEXP,90.25,90.3,88.2,88.25,22876.0
2019-10-09 10:00:00,NSE:HINDOILEXP,88.35,90.3,88.05,90.1,35341.0
2019-10-09 11:00:00,NSE:HINDOILEXP,90.0,91.0,89.75,90.45,21742.0
2019-10-09 12:00:00,NSE:HINDOILEXP,90.4,90.9,90.0,90.8,9649.0
2019-10-09 13:00:00,NSE:HINDOILEXP,90.6,91.4,90.1,90.9,11769.0
2019-10-09 14:00:00,NSE:HINDOILEXP,90.9,91.2,90.2,90.9,14746.0
2019-10-09 15:00:00,NSE:HINDOILEXP,90.9,90.95,90.2,90.7,11301.0
2019-10-10 09:00:00,NSE:HINDOILEXP,90.0,90.7,89.65,90.35,17126.0
2019-10-10 10:00:00,NSE:HINDOILEXP,90.15,91.15,89.85,90.15,19344.0
2019-10-10 11:00:00,NSE:HINDOILEXP,90.3,90.4,88.5,89.0,20611.0
2019-10-10 12:00:00,NSE:HINDOILEXP,88.95,89.9,87.95,89.5,22050.0
2019-10-10 13:00:00,NSE:HINDOILEXP,89.45,89.45,88.75,88.85,8503.0
2019-10-10 14:00:00,NSE:HINDOILEXP,88.8,89.0,87.45,88.85,40284.0
2019-10-10 15:00:00,NSE:HINDOILEXP,88.85,90.45,88.4,89.6,47206.0
2019-10-11 09:00:00,NSE:HINDOILEXP,91.5,91.5,90.05,90.45,17450.0
2019-10-11 10:00:00,NSE:HINDOILEXP,90.5,91.15,90.2,90.3,20441.0
2019-10-11 11:00:00,NSE:HINDOILEXP,90.3,91.6,89.8,91.05,31222.0
2019-10-11 12:00:00,NSE:HINDOILEXP,91.4,91.7,90.6,90.8,8842.0
2019-10-11 13:00:00,NSE:HINDOILEXP,90.9,91.8,90.6,91.4,10801.0
2019-10-11 14:00:00,NSE:HINDOILEXP,91.75,91.8,89.7,89.9,24130.0
2019-10-11 15:00:00,NSE:HINDOILEXP,89.9,90.75,89.65,90.4,13264.0
2019-10-14 09:00:00,NSE:HINDOILEXP,91.6,91.7,90.1,91.0,19929.0
2019-10-14 10:00:00,NSE:HINDOILEXP,91.0,91.5,90.65,91.0,11718.0
2019-10-14 11:00:00,NSE:HINDOILEXP,91.0,91.2,90.65,91.0,5018.0
2019-10-14 12:00:00,NSE:HINDOILEXP,90.65,91.2,90.35,90.55,9869.0
2019-10-14 13:00:00,NSE:HINDOILEXP,90.45,91.15,90.3,90.5,8444.0
2019-10-14 14:00:00,NSE:HINDOILEXP,90.6,91.45,90.45,91.1,20056.0
2019-10-14 15:00:00,NSE:HINDOILEXP,91.1,92.2,91.0,91.05,15596.0
2019-10-15 09:00:00,NSE:HINDOILEXP,93.1,96.1,93.1,95.1,81065.0
2019-10-15 10:00:00,NSE:HINDOILEXP,95.0,95.6,94.2,94.3,25954.0
2019-10-15 11:00:00,NSE:HINDOILEXP,94.6,95.3,94.15,94.15,19027.0
2019-10-15 12:00:00,NSE:HINDOILEXP,94.45,95.3,94.15,94.15,16008.0
2019-10-15 13:00:00,NSE:HINDOILEXP,94.2,95.0,94.15,94.7,10823.0
2019-10-15 14:00:00,NSE:HINDOILEXP,94.65,94.9,93.8,93.8,24727.0
2019-10-15 15:00:00,NSE:HINDOILEXP,93.8,94.9,93.5,94.3,23925.0
2019-10-16 09:00:00,NSE:HINDOILEXP,97.2,97.2,95.1,95.8,47391.0
2019-10-16 10:00:00,NSE:HINDOILEXP,95.85,96.7,95.4,96.4,27156.0
2019-10-16 11:00:00,NSE:HINDOILEXP,96.35,96.55,95.75,96.2,9712.0
2019-10-16 12:00:00,NSE:HINDOILEXP,96.1,96.7,96.0,96.0,9187.0
2019-10-16 13:00:00,NSE:HINDOILEXP,96.1,96.2,95.6,96.0,8927.0
2019-10-16 14:00:00,NSE:HINDOILEXP,95.85,96.1,95.75,96.0,11914.0
2019-10-16 15:00:00,NSE:HINDOILEXP,96.0,96.55,95.1,95.95,41948.0
2019-10-17 09:00:00,NSE:HINDOILEXP,96.0,96.25,93.3,94.4,21134.0
2019-10-17 10:00:00,NSE:HINDOILEXP,94.2,95.35,94.1,95.0,28433.0
2019-10-17 11:00:00,NSE:HINDOILEXP,95.0,95.45,94.9,95.2,11175.0
2019-10-17 12:00:00,NSE:HINDOILEXP,95.0,95.3,94.65,95.0,15600.0
2019-10-17 13:00:00,NSE:HINDOILEXP,95.1,95.2,94.6,95.0,15277.0
2019-10-17 14:00:00,NSE:HINDOILEXP,95.0,95.3,95.0,95.0,16066.0
2019-10-17 15:00:00,NSE:HINDOILEXP,95.0,95.3,94.65,95.05,29088.0
2019-10-18 09:00:00,NSE:HINDOILEXP,95.35,98.9,94.35,98.5,29371.0
2019-10-18 10:00:00,NSE:HINDOILEXP,98.5,99.0,97.7,98.1,17414.0
2019-10-18 11:00:00,NSE:HINDOILEXP,98.0,98.4,97.5,98.2,11512.0
2019-10-18 12:00:00,NSE:HINDOILEXP,98.2,98.3,98.0,98.0,3926.0
2019-10-18 13:00:00,NSE:HINDOILEXP,98.15,98.7,97.65,98.15,15023.0
2019-10-18 14:00:00,NSE:HINDOILEXP,98.1,98.35,97.8,98.2,9347.0
2019-10-18 15:00:00,NSE:HINDOILEXP,98.1,99.35,97.8,98.35,28051.0
2019-10-22 09:00:00,NSE:HINDOILEXP,100.0,100.0,96.6,97.6,18911.0
2019-10-22 10:00:00,NSE:HINDOILEXP,97.7,98.7,95.85,96.4,33709.0
2019-10-22 11:00:00,NSE:HINDOILEXP,96.5,99.1,96.3,98.5,21669.0
2019-10-22 12:00:00,NSE:HINDOILEXP,98.35,99.0,97.4,98.15,12703.0
2019-10-22 13:00:00,NSE:HINDOILEXP,98.0,98.35,97.5,98.35,9908.0
2019-10-22 14:00:00,NSE:HINDOILEXP,98.0,98.65,97.65,98.05,11593.0
2019-10-22 15:00:00,NSE:HINDOILEXP,98.05,98.9,98.0,98.15,16591.0
2019-10-23 09:00:00,NSE:HINDOILEXP,96.75,97.8,96.3,96.6,11708.0
2019-10-23 10:00:00,NSE:HINDOILEXP,96.65,96.95,96.45,96.85,6265.0
2019-10-23 11:00:00,NSE:HINDOILEXP,96.9,98.8,96.55,96.7,28890.0
2019-10-23 12:00:00,NSE:HINDOILEXP,96.55,97.65,96.55,97.65,22012.0
2019-10-23 13:00:00,NSE:HINDOILEXP,97.75,98.2,97.5,97.95,13686.0
2019-10-23 14:00:00,NSE:HINDOILEXP,98.0,98.45,97.5,97.95,13839.0
2019-10-23 15:00:00,NSE:HINDOILEXP,98.0,98.75,97.65,98.15,12165.0
2019-10-24 09:00:00,NSE:HINDOILEXP,98.0,99.35,97.15,98.05,9111.0
2019-10-24 10:00:00,NSE:HINDOILEXP,98.05,98.45,97.1,97.4,7001.0
2019-10-24 11:00:00,NSE:HINDOILEXP,97.45,97.85,96.85,97.5,13824.0
2019-10-24 12:00:00,NSE:HINDOILEXP,97.55,98.5,97.35,97.9,14079.0
2019-10-24 13:00:00,NSE:HINDOILEXP,97.9,98.0,97.1,97.4,12368.0
2019-10-24 14:00:00,NSE:HINDOILEXP,97.3,97.75,96.4,96.55,13745.0
2019-10-24 15:00:00,NSE:HINDOILEXP,96.6,97.7,96.4,97.1,11529.0
2019-10-25 09:00:00,NSE:HINDOILEXP,97.4,97.4,96.05,96.6,12084.0
2019-10-25 10:00:00,NSE:HINDOILEXP,96.85,99.3,96.2,97.4,31223.0
2019-10-25 11:00:00,NSE:HINDOILEXP,97.2,97.65,97.0,97.2,4227.0
2019-10-25 12:00:00,NSE:HINDOILEXP,97.05,97.4,96.2,96.65,9481.0
2019-10-25 13:00:00,NSE:HINDOILEXP,96.7,96.9,96.2,96.9,5937.0
2019-10-25 14:00:00,NSE:HINDOILEXP,96.65,97.45,96.55,97.0,10966.0
2019-10-25 15:00:00,NSE:HINDOILEXP,97.1,97.15,96.15,96.8,13525.0
2019-10-27 18:00:00,NSE:HINDOILEXP,98.5,98.9,96.05,98.15,22401.0
2019-10-27 19:00:00,NSE:HINDOILEXP,98.1,98.4,98.0,98.1,10209.0
2019-10-29 09:00:00,NSE:HINDOILEXP,98.0,99.0,96.75,98.6,12257.0
2019-10-29 10:00:00,NSE:HINDOILEXP,98.6,99.1,98.3,98.9,13895.0
2019-10-29 11:00:00,NSE:HINDOILEXP,98.9,99.8,98.25,98.65,14414.0
2019-10-29 12:00:00,NSE:HINDOILEXP,98.65,98.9,98.3,98.6,7877.0
2019-10-29 13:00:00,NSE:HINDOILEXP,98.8,98.95,98.35,98.6,7130.0
2019-10-29 14:00:00,NSE:HINDOILEXP,98.55,104.4,98.45,101.7,107259.0
2019-10-29 15:00:00,NSE:HINDOILEXP,101.7,101.9,100.35,100.95,53229.0
2019-10-30 09:00:00,NSE:HINDOILEXP,101.5,103.7,100.7,102.15,41768.0
2019-10-30 10:00:00,NSE:HINDOILEXP,102.15,102.45,101.15,101.45,17798.0
2019-10-30 11:00:00,NSE:HINDOILEXP,101.45,102.05,100.9,101.4,15942.0
2019-10-30 12:00:00,NSE:HINDOILEXP,101.45,102.0,101.0,101.65,14360.0
2019-10-30 13:00:00,NSE:HINDOILEXP,101.55,101.65,100.3,101.0,33734.0
2019-10-30 14:00:00,NSE:HINDOILEXP,101.0,101.65,100.3,100.95,39926.0
2019-10-30 15:00:00,NSE:HINDOILEXP,100.85,101.3,100.05,100.8,17995.0
2019-10-31 09:00:00,NSE:HINDOILEXP,101.5,101.5,99.55,99.6,22633.0
2019-10-31 10:00:00,NSE:HINDOILEXP,99.6,100.0,98.5,98.5,29625.0
2019-10-31 11:00:00,NSE:HINDOILEXP,98.7,99.8,98.7,99.2,11465.0
2019-10-31 12:00:00,NSE:HINDOILEXP,99.2,100.4,99.1,99.7,28456.0
2019-10-31 13:00:00,NSE:HINDOILEXP,99.65,99.65,98.8,99.0,12091.0
2019-10-31 14:00:00,NSE:HINDOILEXP,99.0,99.75,98.75,99.15,15352.0
2019-10-31 15:00:00,NSE:HINDOILEXP,99.15,100.4,99.1,99.9,104013.0
2019-11-01 09:00:00,NSE:HINDOILEXP,100.1,100.65,98.7,100.15,33263.0
2019-11-01 10:00:00,NSE:HINDOILEXP,100.5,100.5,99.3,99.5,17127.0
2019-11-01 11:00:00,NSE:HINDOILEXP,99.5,100.0,99.3,99.6,7583.0
2019-11-01 12:00:00,NSE:HINDOILEXP,99.4,100.1,98.8,99.65,11531.0
2019-11-01 13:00:00,NSE:HINDOILEXP,99.7,99.9,99.35,99.6,9159.0
2019-11-01 14:00:00,NSE:HINDOILEXP,99.65,100.0,98.5,98.55,21578.0
2019-11-01 15:00:00,NSE:HINDOILEXP,98.7,98.95,97.65,98.3,30740.0
2019-11-04 09:00:00,NSE:HINDOILEXP,99.6,99.7,98.7,99.2,31682.0
2019-11-04 10:00:00,NSE:HINDOILEXP,99.0,100.95,99.0,100.7,121381.0
2019-11-04 11:00:00,NSE:HINDOILEXP,100.7,102.45,100.5,100.7,72508.0
2019-11-04 12:00:00,NSE:HINDOILEXP,100.9,100.9,100.2,100.6,9652.0
2019-11-04 13:00:00,NSE:HINDOILEXP,100.6,101.8,99.5,100.7,58374.0
2019-11-04 14:00:00,NSE:HINDOILEXP,100.6,101.0,99.9,100.4,19341.0
2019-11-04 15:00:00,NSE:HINDOILEXP,100.3,100.5,99.5,100.05,29049.0
2019-11-05 09:00:00,NSE:HINDOILEXP,103.5,104.0,101.3,101.8,197187.0
2019-11-05 10:00:00,NSE:HINDOILEXP,101.75,102.05,100.7,101.75,60797.0
2019-11-05 11:00:00,NSE:HINDOILEXP,101.4,101.75,100.9,101.4,20247.0
2019-11-05 12:00:00,NSE:HINDOILEXP,101.05,101.4,100.5,101.0,36218.0
2019-11-05 13:00:00,NSE:HINDOILEXP,100.85,101.1,100.35,100.5,20848.0
2019-11-05 14:00:00,NSE:HINDOILEXP,100.8,100.8,100.1,100.6,17521.0
2019-11-05 15:00:00,NSE:HINDOILEXP,100.35,101.0,100.2,100.55,100758.0
2019-11-06 09:00:00,NSE:HINDOILEXP,101.75,101.75,99.15,99.5,21444.0
2019-11-06 10:00:00,NSE:HINDOILEXP,99.9,100.2,99.5,100.2,9866.0
2019-11-06 11:00:00,NSE:HINDOILEXP,100.15,101.45,100.0,100.25,15351.0
2019-11-06 12:00:00,NSE:HINDOILEXP,100.6,100.6,99.65,99.95,20981.0
2019-11-06 13:00:00,NSE:HINDOILEXP,99.75,102.25,98.15,100.45,330269.0
2019-11-06 14:00:00,NSE:HINDOILEXP,100.45,101.0,98.65,99.0,75419.0
2019-11-06 15:00:00,NSE:HINDOILEXP,99.0,99.15,98.55,98.95,32736.0
2019-11-07 09:00:00,NSE:HINDOILEXP,98.95,99.4,98.05,98.9,31752.0
2019-11-07 10:00:00,NSE:HINDOILEXP,98.8,99.2,98.5,98.85,20933.0
2019-11-07 11:00:00,NSE:HINDOILEXP,98.95,99.2,98.4,98.5,10024.0
2019-11-07 12:00:00,NSE:HINDOILEXP,98.4,100.75,98.3,98.9,78756.0
2019-11-07 13:00:00,NSE:HINDOILEXP,98.6,99.25,98.6,98.6,12124.0
2019-11-07 14:00:00,NSE:HINDOILEXP,99.0,99.0,98.55,98.6,13105.0
2019-11-07 15:00:00,NSE:HINDOILEXP,98.5,99.0,98.4,98.8,28192.0
2019-11-08 09:00:00,NSE:HINDOILEXP,98.5,99.8,97.5,99.3,103923.0
2019-11-08 10:00:00,NSE:HINDOILEXP,99.3,100.35,98.3,98.5,40438.0
2019-11-08 11:00:00,NSE:HINDOILEXP,98.75,99.5,98.3,98.9,10342.0
2019-11-08 12:00:00,NSE:HINDOILEXP,99.0,99.9,98.95,99.25,29192.0
2019-11-08 13:00:00,NSE:HINDOILEXP,99.15,99.9,98.9,99.05,28112.0
2019-11-08 14:00:00,NSE:HINDOILEXP,98.95,99.0,97.7,98.15,25191.0
2019-11-08 15:00:00,NSE:HINDOILEXP,98.55,98.8,97.6,98.2,24889.0
2019-11-11 09:00:00,NSE:HINDOILEXP,97.55,98.35,97.05,97.9,30750.0
2019-11-11 10:00:00,NSE:HINDOILEXP,97.9,98.75,97.65,98.35,16686.0
2019-11-11 11:00:00,NSE:HINDOILEXP,98.45,98.45,97.2,97.5,11830.0
2019-11-11 12:00:00,NSE:HINDOILEXP,97.2,97.2,96.55,96.75,15513.0
2019-11-11 13:00:00,NSE:HINDOILEXP,97.0,97.4,96.75,97.05,8775.0
2019-11-11 14:00:00,NSE:HINDOILEXP,97.3,97.85,96.3,97.3,27495.0
2019-11-11 15:00:00,NSE:HINDOILEXP,97.1,98.0,97.1,97.55,17999.0
2019-11-13 09:00:00,NSE:HINDOILEXP,97.7,97.7,95.7,95.95,29357.0
2019-11-13 10:00:00,NSE:HINDOILEXP,96.0,96.0,94.85,95.1,34007.0
2019-11-13 11:00:00,NSE:HINDOILEXP,95.25,95.35,94.25,94.4,26317.0
2019-11-13 12:00:00,NSE:HINDOILEXP,94.4,95.2,94.25,95.0,16372.0
2019-11-13 13:00:00,NSE:HINDOILEXP,95.0,95.15,94.3,94.65,12068.0
2019-11-13 14:00:00,NSE:HINDOILEXP,94.65,94.85,93.4,93.85,16690.0
2019-11-13 15:00:00,NSE:HINDOILEXP,93.9,94.4,93.5,93.95,20304.0
2019-11-14 09:00:00,NSE:HINDOILEXP,93.75,93.8,90.2,90.9,61319.0
2019-11-14 10:00:00,NSE:HINDOILEXP,90.75,91.75,90.65,91.7,15576.0
2019-11-14 11:00:00,NSE:HINDOILEXP,91.6,92.5,91.05,91.1,15594.0
2019-11-14 12:00:00,NSE:HINDOILEXP,91.1,95.75,91.1,94.7,198649.0
2019-11-14 13:00:00,NSE:HINDOILEXP,94.7,95.45,94.55,94.9,39362.0
2019-11-14 14:00:00,NSE:HINDOILEXP,95.15,95.45,94.0,94.4,26765.0
2019-11-14 15:00:00,NSE:HINDOILEXP,94.5,94.9,93.0,93.95,38083.0
2019-11-15 09:00:00,NSE:HINDOILEXP,93.5,95.55,92.75,94.5,37234.0
2019-11-15 10:00:00,NSE:HINDOILEXP,94.5,94.5,93.5,93.6,24173.0
2019-11-15 11:00:00,NSE:HINDOILEXP,93.5,94.2,93.1,93.85,14712.0
2019-11-15 12:00:00,NSE:HINDOILEXP,93.6,94.5,93.5,93.9,19219.0
2019-11-15 13:00:00,NSE:HINDOILEXP,93.95,94.7,93.9,94.45,14297.0
2019-11-15 14:00:00,NSE:HINDOILEXP,94.15,94.45,93.6,93.95,11415.0
2019-11-15 15:00:00,NSE:HINDOILEXP,93.95,94.2,93.5,93.8,22644.0
2019-11-18 09:00:00,NSE:HINDOILEXP,94.0,94.7,93.5,93.95,28360.0
2019-11-18 10:00:00,NSE:HINDOILEXP,93.9,94.25,93.7,94.0,13050.0
2019-11-18 11:00:00,NSE:HINDOILEXP,94.0,94.65,93.65,93.8,12443.0
2019-11-18 12:00:00,NSE:HINDOILEXP,94.0,94.35,93.55,94.15,9088.0
2019-11-18 13:00:00,NSE:HINDOILEXP,93.9,94.5,93.6,94.45,16174.0
2019-11-18 14:00:00,NSE:HINDOILEXP,94.45,94.7,93.55,93.65,11922.0
2019-11-18 15:00:00,NSE:HINDOILEXP,93.6,94.2,93.55,93.85,19243.0
2019-11-19 09:00:00,NSE:HINDOILEXP,93.7,94.45,93.7,93.9,9231.0
2019-11-19 10:00:00,NSE:HINDOILEXP,93.85,94.55,93.85,94.5,14251.0
2019-11-19 11:00:00,NSE:HINDOILEXP,94.55,94.95,94.3,94.35,15708.0
2019-11-19 12:00:00,NSE:HINDOILEXP,94.3,94.95,94.2,94.45,14777.0
2019-11-19 13:00:00,NSE:HINDOILEXP,94.45,94.95,94.3,94.55,9404.0
2019-11-19 14:00:00,NSE:HINDOILEXP,94.55,94.75,93.05,93.6,30944.0
2019-11-19 15:00:00,NSE:HINDOILEXP,93.95,94.25,93.7,93.9,14724.0
2019-11-20 09:00:00,NSE:HINDOILEXP,94.15,95.05,93.5,94.75,21314.0
2019-11-20 10:00:00,NSE:HINDOILEXP,94.7,94.75,94.1,94.2,4904.0
2019-11-20 11:00:00,NSE:HINDOILEXP,94.05,94.2,93.5,93.7,9077.0
2019-11-20 12:00:00,NSE:HINDOILEXP,93.7,93.8,93.15,93.25,11476.0
2019-11-20 13:00:00,NSE:HINDOILEXP,93.3,93.3,92.7,92.85,15114.0
2019-11-20 14:00:00,NSE:HINDOILEXP,92.85,93.1,92.55,92.55,8424.0
2019-11-20 15:00:00,NSE:HINDOILEXP,92.6,93.0,92.25,92.45,19190.0
2019-11-21 09:00:00,NSE:HINDOILEXP,92.75,93.25,92.1,93.0,17599.0
2019-11-21 10:00:00,NSE:HINDOILEXP,93.0,93.4,92.25,92.4,35148.0
2019-11-21 11:00:00,NSE:HINDOILEXP,92.6,92.85,92.2,92.6,5324.0
2019-11-21 12:00:00,NSE:HINDOILEXP,92.7,93.0,92.2,92.45,8090.0
2019-11-21 13:00:00,NSE:HINDOILEXP,92.9,93.25,92.45,92.55,12076.0
2019-11-21 14:00:00,NSE:HINDOILEXP,92.6,93.15,92.55,92.6,13047.0
2019-11-21 15:00:00,NSE:HINDOILEXP,92.85,93.2,92.55,92.75,16603.0
2019-11-22 09:00:00,NSE:HINDOILEXP,93.45,93.7,92.4,92.55,17898.0
2019-11-22 10:00:00,NSE:HINDOILEXP,92.75,93.7,92.65,93.6,13386.0
2019-11-22 11:00:00,NSE:HINDOILEXP,93.6,93.6,92.85,92.95,6277.0
2019-11-22 12:00:00,NSE:HINDOILEXP,92.95,93.4,92.7,92.85,6130.0
2019-11-22 13:00:00,NSE:HINDOILEXP,92.75,93.25,92.4,93.0,14095.0
2019-11-22 14:00:00,NSE:HINDOILEXP,92.8,93.25,92.45,93.0,13247.0
2019-11-22 15:00:00,NSE:HINDOILEXP,93.0,94.4,93.0,93.55,33523.0
2019-11-25 09:00:00,NSE:HINDOILEXP,94.85,94.85,93.8,94.15,9754.0
2019-11-25 10:00:00,NSE:HINDOILEXP,93.95,94.2,93.4,93.75,18160.0
2019-11-25 11:00:00,NSE:HINDOILEXP,93.9,94.75,93.6,94.4,8954.0
2019-11-25 12:00:00,NSE:HINDOILEXP,94.5,94.75,94.25,94.5,23287.0
2019-11-25 13:00:00,NSE:HINDOILEXP,94.5,95.0,94.25,94.6,13731.0
2019-11-25 14:00:00,NSE:HINDOILEXP,94.35,94.65,93.85,94.2,15700.0
2019-11-25 15:00:00,NSE:HINDOILEXP,94.15,94.75,93.85,94.1,17148.0
2019-11-26 09:00:00,NSE:HINDOILEXP,94.0,95.25,94.0,94.55,14784.0
2019-11-26 10:00:00,NSE:HINDOILEXP,94.55,94.7,93.1,93.4,15544.0
2019-11-26 11:00:00,NSE:HINDOILEXP,93.65,93.9,93.2,93.5,8496.0
2019-11-26 12:00:00,NSE:HINDOILEXP,93.5,94.0,93.3,93.5,7263.0
2019-11-26 13:00:00,NSE:HINDOILEXP,93.75,93.8,93.35,93.6,8710.0
2019-11-26 14:00:00,NSE:HINDOILEXP,93.6,93.8,93.35,93.35,11875.0
2019-11-26 15:00:00,NSE:HINDOILEXP,93.4,93.9,93.35,93.65,14931.0
2019-11-27 09:00:00,NSE:HINDOILEXP,93.7,94.35,93.55,93.65,20132.0
2019-11-27 10:00:00,NSE:HINDOILEXP,93.55,94.2,93.55,93.75,9745.0
2019-11-27 11:00:00,NSE:HINDOILEXP,93.85,94.05,93.5,93.9,9684.0
2019-11-27 12:00:00,NSE:HINDOILEXP,93.8,94.0,93.5,93.8,17037.0
2019-11-27 13:00:00,NSE:HINDOILEXP,93.65,93.8,92.85,93.45,18566.0
2019-11-27 14:00:00,NSE:HINDOILEXP,93.5,93.8,92.35,92.7,36836.0
2019-11-27 15:00:00,NSE:HINDOILEXP,92.85,93.3,92.55,93.0,29869.0
2019-11-28 09:00:00,NSE:HINDOILEXP,93.55,93.55,92.55,93.1,6989.0
2019-11-28 10:00:00,NSE:HINDOILEXP,93.1,93.25,92.55,92.9,8250.0
2019-11-28 11:00:00,NSE:HINDOILEXP,92.7,93.45,92.35,92.95,15029.0
2019-11-28 12:00:00,NSE:HINDOILEXP,92.75,93.35,92.5,92.6,19018.0
2019-11-28 13:00:00,NSE:HINDOILEXP,93.0,93.3,92.5,92.65,18880.0
2019-11-28 14:00:00,NSE:HINDOILEXP,92.75,93.3,92.5,92.5,34847.0
2019-11-28 15:00:00,NSE:HINDOILEXP,92.6,92.95,92.6,92.75,8400.0
2019-11-29 09:00:00,NSE:HINDOILEXP,93.3,93.45,92.75,93.15,11516.0
2019-11-29 10:00:00,NSE:HINDOILEXP,93.15,93.15,92.6,92.75,11123.0
2019-11-29 11:00:00,NSE:HINDOILEXP,92.75,92.75,91.7,92.15,10635.0
2019-11-29 12:00:00,NSE:HINDOILEXP,92.15,92.75,92.0,92.25,14926.0
2019-11-29 13:00:00,NSE:HINDOILEXP,92.25,92.65,91.7,92.15,9306.0
2019-11-29 14:00:00,NSE:HINDOILEXP,91.75,92.05,91.25,91.75,11918.0
2019-11-29 15:00:00,NSE:HINDOILEXP,91.95,92.15,91.7,91.85,11576.0
2019-12-02 09:00:00,NSE:HINDOILEXP,92.05,92.45,91.2,91.85,14810.0
2019-12-02 10:00:00,NSE:HINDOILEXP,91.85,92.05,91.2,91.6,9813.0
2019-12-02 11:00:00,NSE:HINDOILEXP,91.6,91.8,91.35,91.55,5393.0
2019-12-02 12:00:00,NSE:HINDOILEXP,91.4,91.95,91.0,91.5,12349.0
2019-12-02 13:00:00,NSE:HINDOILEXP,91.8,92.15,91.35,91.55,7307.0
2019-12-02 14:00:00,NSE:HINDOILEXP,91.55,91.65,91.1,91.2,10229.0
2019-12-02 15:00:00,NSE:HINDOILEXP,91.2,91.55,91.1,91.3,11076.0
2019-12-03 09:00:00,NSE:HINDOILEXP,91.7,91.7,90.5,90.6,12065.0
2019-12-03 10:00:00,NSE:HINDOILEXP,90.5,91.05,90.45,90.75,12682.0
2019-12-03 11:00:00,NSE:HINDOILEXP,90.9,91.1,90.1,90.5,14717.0
2019-12-03 12:00:00,NSE:HINDOILEXP,90.75,90.75,89.7,89.7,16597.0
2019-12-03 13:00:00,NSE:HINDOILEXP,89.7,90.0,88.8,89.5,19468.0
2019-12-03 14:00:00,NSE:HINDOILEXP,89.5,89.85,89.0,89.4,20551.0
2019-12-03 15:00:00,NSE:HINDOILEXP,89.75,91.0,89.4,90.05,25301.0
2019-12-04 09:00:00,NSE:HINDOILEXP,89.45,90.75,89.45,90.35,24009.0
2019-12-04 10:00:00,NSE:HINDOILEXP,90.35,90.7,90.0,90.2,14490.0
2019-12-04 11:00:00,NSE:HINDOILEXP,90.1,90.45,90.0,90.4,7299.0
2019-12-04 12:00:00,NSE:HINDOILEXP,90.2,90.4,90.0,90.1,9072.0
2019-12-04 13:00:00,NSE:HINDOILEXP,90.25,90.4,89.8,90.3,14995.0
2019-12-04 14:00:00,NSE:HINDOILEXP,90.15,90.5,89.85,90.15,11411.0
2019-12-04 15:00:00,NSE:HINDOILEXP,90.15,90.55,89.85,90.3,30744.0
2019-12-05 09:00:00,NSE:HINDOILEXP,90.8,90.9,90.15,90.7,16177.0
2019-12-05 10:00:00,NSE:HINDOILEXP,91.0,92.35,90.75,91.75,34518.0
2019-12-05 11:00:00,NSE:HINDOILEXP,91.95,91.95,90.8,91.05,12520.0
2019-12-05 12:00:00,NSE:HINDOILEXP,90.8,91.0,90.25,91.0,10133.0
2019-12-05 13:00:00,NSE:HINDOILEXP,90.75,93.8,90.75,93.55,75636.0
2019-12-05 14:00:00,NSE:HINDOILEXP,93.55,93.8,92.65,93.65,57926.0
2019-12-05 15:00:00,NSE:HINDOILEXP,93.55,93.75,92.5,92.85,34809.0
2019-12-06 09:00:00,NSE:HINDOILEXP,93.45,93.45,91.7,92.35,22414.0
2019-12-06 10:00:00,NSE:HINDOILEXP,92.45,92.45,91.4,92.0,14200.0
2019-12-06 11:00:00,NSE:HINDOILEXP,91.75,92.15,91.25,91.75,12614.0
2019-12-06 12:00:00,NSE:HINDOILEXP,91.6,91.65,91.25,91.35,4279.0
2019-12-06 13:00:00,NSE:HINDOILEXP,91.5,91.8,90.1,90.4,9980.0
2019-12-06 14:00:00,NSE:HINDOILEXP,90.25,90.9,90.0,90.5,12550.0
2019-12-06 15:00:00,NSE:HINDOILEXP,90.65,91.0,90.3,90.65,15038.0
2019-12-09 09:00:00,NSE:HINDOILEXP,90.85,91.55,90.35,91.0,30398.0
2019-12-09 10:00:00,NSE:HINDOILEXP,91.05,91.2,90.7,91.1,7300.0
2019-12-09 11:00:00,NSE:HINDOILEXP,91.1,91.2,90.1,90.5,30129.0
2019-12-09 12:00:00,NSE:HINDOILEXP,90.5,91.0,90.0,90.0,18661.0
2019-12-09 13:00:00,NSE:HINDOILEXP,90.3,90.3,87.8,88.4,48373.0
2019-12-09 14:00:00,NSE:HINDOILEXP,88.5,89.05,88.05,88.55,19260.0
2019-12-09 15:00:00,NSE:HINDOILEXP,88.55,88.55,87.6,88.1,14551.0
2019-12-10 09:00:00,NSE:HINDOILEXP,89.0,89.0,87.2,88.2,18006.0
2019-12-10 10:00:00,NSE:HINDOILEXP,87.9,88.2,87.4,87.95,9369.0
2019-12-10 11:00:00,NSE:HINDOILEXP,87.9,87.9,86.7,87.35,14576.0
2019-12-10 12:00:00,NSE:HINDOILEXP,87.35,87.65,86.1,86.8,18975.0
2019-12-10 13:00:00,NSE:HINDOILEXP,86.75,86.85,86.0,86.5,6055.0
2019-12-10 14:00:00,NSE:HINDOILEXP,86.45,86.45,85.05,85.3,19769.0
2019-12-10 15:00:00,NSE:HINDOILEXP,85.2,85.4,84.2,84.75,30299.0
2019-12-11 09:00:00,NSE:HINDOILEXP,85.5,86.0,84.6,85.25,23057.0
2019-12-11 10:00:00,NSE:HINDOILEXP,85.35,85.8,84.0,84.25,15751.0
2019-12-11 11:00:00,NSE:HINDOILEXP,84.4,85.0,84.05,84.3,15286.0
2019-12-11 12:00:00,NSE:HINDOILEXP,84.45,87.3,84.3,86.95,44402.0
2019-12-11 13:00:00,NSE:HINDOILEXP,86.95,87.45,86.35,86.55,20289.0
2019-12-11 14:00:00,NSE:HINDOILEXP,86.55,87.15,86.15,86.75,11545.0
2019-12-11 15:00:00,NSE:HINDOILEXP,86.4,86.9,86.3,86.3,20886.0
2019-12-12 09:00:00,NSE:HINDOILEXP,87.5,88.0,86.4,86.45,16136.0
2019-12-12 10:00:00,NSE:HINDOILEXP,86.45,86.5,85.35,85.35,15238.0
2019-12-12 11:00:00,NSE:HINDOILEXP,85.3,85.4,83.9,84.35,27827.0
2019-12-12 12:00:00,NSE:HINDOILEXP,84.45,86.9,84.45,86.45,33589.0
2019-12-12 13:00:00,NSE:HINDOILEXP,86.3,86.4,85.85,86.1,11412.0
2019-12-12 14:00:00,NSE:HINDOILEXP,86.1,86.7,86.0,86.5,11946.0
2019-12-12 15:00:00,NSE:HINDOILEXP,86.35,86.7,86.2,86.45,21031.0
2019-12-13 09:00:00,NSE:HINDOILEXP,86.5,87.5,84.0,85.3,50380.0
2019-12-13 10:00:00,NSE:HINDOILEXP,85.3,86.15,84.85,86.05,23838.0
2019-12-13 11:00:00,NSE:HINDOILEXP,86.05,86.05,84.9,85.55,12089.0
2019-12-13 12:00:00,NSE:HINDOILEXP,85.5,86.0,85.2,85.8,6783.0
2019-12-13 13:00:00,NSE:HINDOILEXP,86.0,86.0,85.35,85.55,8153.0
2019-12-13 14:00:00,NSE:HINDOILEXP,85.55,86.25,85.25,85.7,17351.0
2019-12-13 15:00:00,NSE:HINDOILEXP,85.5,86.35,85.5,85.9,16757.0
2019-12-16 09:00:00,NSE:HINDOILEXP,86.1,86.75,85.6,86.2,11784.0
2019-12-16 10:00:00,NSE:HINDOILEXP,86.1,86.55,85.1,85.3,10380.0
2019-12-16 11:00:00,NSE:HINDOILEXP,85.35,85.55,85.1,85.55,8499.0
2019-12-16 12:00:00,NSE:HINDOILEXP,85.55,85.9,85.1,85.65,6514.0
2019-12-16 13:00:00,NSE:HINDOILEXP,85.65,86.3,85.15,86.0,8310.0
2019-12-16 14:00:00,NSE:HINDOILEXP,85.95,86.2,85.0,85.05,37883.0
2019-12-16 15:00:00,NSE:HINDOILEXP,85.1,85.1,84.55,84.85,18866.0
2019-12-17 09:00:00,NSE:HINDOILEXP,85.45,85.6,84.7,85.0,21460.0
2019-12-17 10:00:00,NSE:HINDOILEXP,85.0,85.35,84.75,85.0,11169.0
2019-12-17 11:00:00,NSE:HINDOILEXP,85.0,85.5,84.85,85.1,10458.0
2019-12-17 12:00:00,NSE:HINDOILEXP,85.1,85.3,85.0,85.15,4387.0
2019-12-17 13:00:00,NSE:HINDOILEXP,85.05,85.15,84.75,84.75,10910.0
2019-12-17 14:00:00,NSE:HINDOILEXP,84.8,85.45,84.75,85.25,12490.0
2019-12-17 15:00:00,NSE:HINDOILEXP,85.1,85.4,84.8,85.1,16552.0
2019-12-18 09:00:00,NSE:HINDOILEXP,85.0,85.55,84.85,85.3,12361.0
2019-12-18 10:00:00,NSE:HINDOILEXP,85.3,85.3,84.5,84.95,11188.0
2019-12-18 11:00:00,NSE:HINDOILEXP,84.85,84.95,84.5,84.6,9333.0
2019-12-18 12:00:00,NSE:HINDOILEXP,84.7,84.7,84.0,84.2,17642.0
2019-12-18 13:00:00,NSE:HINDOILEXP,84.2,84.35,83.8,84.0,18009.0
2019-12-18 14:00:00,NSE:HINDOILEXP,84.0,84.25,83.1,83.4,16192.0
2019-12-18 15:00:00,NSE:HINDOILEXP,83.65,84.0,83.45,83.65,15834.0
2019-12-19 09:00:00,NSE:HINDOILEXP,83.3,83.9,83.1,83.25,18329.0
2019-12-19 10:00:00,NSE:HINDOILEXP,83.25,83.5,83.1,83.2,8180.0
2019-12-19 11:00:00,NSE:HINDOILEXP,83.25,83.5,82.15,82.9,23350.0
2019-12-19 12:00:00,NSE:HINDOILEXP,82.7,83.45,82.65,83.3,21894.0
2019-12-19 13:00:00,NSE:HINDOILEXP,83.2,83.3,82.75,83.0,7073.0
2019-12-19 14:00:00,NSE:HINDOILEXP,83.0,83.45,82.75,82.8,12856.0
2019-12-19 15:00:00,NSE:HINDOILEXP,82.9,82.9,82.5,82.55,12396.0
2019-12-20 09:00:00,NSE:HINDOILEXP,82.7,84.2,82.7,83.35,21095.0
2019-12-20 10:00:00,NSE:HINDOILEXP,83.35,84.35,83.35,84.0,19398.0
2019-12-20 11:00:00,NSE:HINDOILEXP,84.0,84.45,83.85,84.4,12597.0
2019-12-20 12:00:00,NSE:HINDOILEXP,84.25,85.4,83.95,84.95,32327.0
2019-12-20 13:00:00,NSE:HINDOILEXP,84.8,85.0,84.25,84.55,9632.0
2019-12-20 14:00:00,NSE:HINDOILEXP,84.55,85.15,84.15,84.2,14529.0
2019-12-20 15:00:00,NSE:HINDOILEXP,84.5,84.5,84.0,84.25,17745.0
2019-12-23 09:00:00,NSE:HINDOILEXP,84.0,84.95,84.0,84.5,9505.0
2019-12-23 10:00:00,NSE:HINDOILEXP,84.7,85.0,84.35,84.35,14981.0
2019-12-23 11:00:00,NSE:HINDOILEXP,84.45,84.5,83.65,83.8,10723.0
2019-12-23 12:00:00,NSE:HINDOILEXP,83.85,83.95,83.5,83.6,5106.0
2019-12-23 13:00:00,NSE:HINDOILEXP,83.9,83.9,83.5,83.6,6700.0
2019-12-23 14:00:00,NSE:HINDOILEXP,83.5,83.8,83.4,83.4,11750.0
2019-12-23 15:00:00,NSE:HINDOILEXP,83.45,83.85,83.4,83.6,8111.0
2019-12-24 09:00:00,NSE:HINDOILEXP,84.2,84.2,82.8,83.3,12897.0
2019-12-24 10:00:00,NSE:HINDOILEXP,83.25,83.45,82.7,82.8,11701.0
2019-12-24 11:00:00,NSE:HINDOILEXP,82.85,83.8,82.85,83.6,3573.0
2019-12-24 12:00:00,NSE:HINDOILEXP,83.75,83.8,82.8,83.45,7580.0
2019-12-24 13:00:00,NSE:HINDOILEXP,83.45,83.45,83.05,83.25,5823.0
2019-12-24 14:00:00,NSE:HINDOILEXP,83.2,83.75,82.7,83.15,45917.0
2019-12-24 15:00:00,NSE:HINDOILEXP,83.2,83.6,82.8,83.15,35563.0
2019-12-26 09:00:00,NSE:HINDOILEXP,84.0,84.55,83.4,84.0,18382.0
2019-12-26 10:00:00,NSE:HINDOILEXP,84.0,84.35,83.55,83.75,8171.0
2019-12-26 11:00:00,NSE:HINDOILEXP,83.75,84.0,83.4,83.75,9361.0
2019-12-26 12:00:00,NSE:HINDOILEXP,83.75,84.0,83.5,83.5,17863.0
2019-12-26 13:00:00,NSE:HINDOILEXP,83.6,83.9,83.2,83.3,14599.0
2019-12-26 14:00:00,NSE:HINDOILEXP,83.45,83.5,82.6,82.8,77853.0
2019-12-26 15:00:00,NSE:HINDOILEXP,82.85,83.45,82.7,83.0,20508.0
2019-12-27 09:00:00,NSE:HINDOILEXP,84.95,84.95,83.75,84.35,151043.0
2019-12-27 10:00:00,NSE:HINDOILEXP,84.45,84.5,83.85,83.9,36145.0
2019-12-27 11:00:00,NSE:HINDOILEXP,83.9,85.3,83.85,84.55,87295.0
2019-12-27 12:00:00,NSE:HINDOILEXP,84.6,87.45,84.15,86.5,265565.0
2019-12-27 13:00:00,NSE:HINDOILEXP,86.45,86.7,86.2,86.55,25403.0
2019-12-27 14:00:00,NSE:HINDOILEXP,86.55,89.7,86.25,88.25,351588.0
2019-12-27 15:00:00,NSE:HINDOILEXP,88.3,88.5,87.05,87.9,101757.0
2019-12-30 09:00:00,NSE:HINDOILEXP,88.35,89.0,87.1,88.5,85377.0
2019-12-30 10:00:00,NSE:HINDOILEXP,88.7,91.55,88.25,91.0,180592.0
2019-12-30 11:00:00,NSE:HINDOILEXP,91.0,91.0,89.55,89.7,68650.0
2019-12-30 12:00:00,NSE:HINDOILEXP,89.8,90.3,89.5,90.2,22115.0
2019-12-30 13:00:00,NSE:HINDOILEXP,90.15,90.25,89.75,90.0,19966.0
2019-12-30 14:00:00,NSE:HINDOILEXP,90.05,90.45,89.8,89.95,40071.0
2019-12-30 15:00:00,NSE:HINDOILEXP,90.0,90.85,89.9,90.2,58850.0
2019-12-31 09:00:00,NSE:HINDOILEXP,90.0,90.7,89.4,89.65,26877.0
2019-12-31 10:00:00,NSE:HINDOILEXP,89.7,89.9,89.5,89.55,14838.0
2019-12-31 11:00:00,NSE:HINDOILEXP,89.5,90.55,89.5,90.2,18422.0
2019-12-31 12:00:00,NSE:HINDOILEXP,90.0,90.3,89.6,90.0,11975.0
2019-12-31 13:00:00,NSE:HINDOILEXP,90.0,92.4,89.6,91.5,94818.0
2019-12-31 14:00:00,NSE:HINDOILEXP,91.55,91.55,90.85,91.25,35385.0
2019-12-31 15:00:00,NSE:HINDOILEXP,91.0,91.0,90.5,90.7,26921.0
2020-01-01 09:00:00,NSE:HINDOILEXP,91.0,91.45,90.5,91.25,14322.0
2020-01-01 10:00:00,NSE:HINDOILEXP,91.1,91.65,90.95,91.0,21767.0
2020-01-01 11:00:00,NSE:HINDOILEXP,90.95,91.2,90.9,91.0,4667.0
2020-01-01 12:00:00,NSE:HINDOILEXP,91.1,91.6,90.8,90.95,13481.0
2020-01-01 13:00:00,NSE:HINDOILEXP,90.8,91.4,90.8,90.9,6495.0
2020-01-01 14:00:00,NSE:HINDOILEXP,90.9,92.8,90.7,92.15,74784.0
2020-01-01 15:00:00,NSE:HINDOILEXP,92.2,94.0,92.15,93.25,112651.0
2020-01-02 09:00:00,NSE:HINDOILEXP,93.85,95.8,92.6,95.1,66962.0
2020-01-02 10:00:00,NSE:HINDOILEXP,95.1,96.55,95.1,96.0,73533.0
2020-01-02 11:00:00,NSE:HINDOILEXP,96.0,96.95,96.0,96.25,42314.0
2020-01-02 12:00:00,NSE:HINDOILEXP,96.15,97.0,96.15,96.5,26730.0
2020-01-02 13:00:00,NSE:HINDOILEXP,96.6,96.9,96.4,96.5,16587.0
2020-01-02 14:00:00,NSE:HINDOILEXP,96.5,97.4,96.4,96.6,60744.0
2020-01-02 15:00:00,NSE:HINDOILEXP,96.75,96.9,96.3,96.55,43055.0
2020-01-03 09:00:00,NSE:HINDOILEXP,98.1,102.0,98.1,100.55,194366.0
2020-01-03 10:00:00,NSE:HINDOILEXP,100.6,101.75,98.7,99.9,119304.0
2020-01-03 11:00:00,NSE:HINDOILEXP,99.85,101.25,99.5,99.65,72147.0
2020-01-03 12:00:00,NSE:HINDOILEXP,99.55,100.4,99.1,100.2,20822.0
2020-01-03 13:00:00,NSE:HINDOILEXP,100.25,100.25,99.25,99.55,17984.0
2020-01-03 14:00:00,NSE:HINDOILEXP,99.8,101.15,97.75,98.6,166830.0
2020-01-03 15:00:00,NSE:HINDOILEXP,98.6,99.2,97.8,98.8,54329.0
2020-01-06 09:00:00,NSE:HINDOILEXP,101.2,102.5,100.1,101.05,277924.0
2020-01-06 10:00:00,NSE:HINDOILEXP,101.05,101.45,100.15,100.85,52214.0
2020-01-06 11:00:00,NSE:HINDOILEXP,100.7,100.95,100.0,100.05,35737.0
2020-01-06 12:00:00,NSE:HINDOILEXP,100.05,100.3,99.3,99.5,32130.0
2020-01-06 13:00:00,NSE:HINDOILEXP,99.6,99.6,98.9,99.35,24338.0
2020-01-06 14:00:00,NSE:HINDOILEXP,99.3,99.35,97.65,98.4,38874.0
2020-01-06 15:00:00,NSE:HINDOILEXP,98.65,99.6,97.9,99.0,70876.0
2020-01-07 09:00:00,NSE:HINDOILEXP,99.65,100.7,98.1,99.7,91636.0
2020-01-07 10:00:00,NSE:HINDOILEXP,99.7,99.7,98.6,98.6,17298.0
2020-01-07 11:00:00,NSE:HINDOILEXP,98.6,99.5,98.25,98.95,27467.0
2020-01-07 12:00:00,NSE:HINDOILEXP,99.1,99.3,98.8,98.9,10013.0
2020-01-07 13:00:00,NSE:HINDOILEXP,98.85,99.3,98.6,98.6,26973.0
2020-01-07 14:00:00,NSE:HINDOILEXP,99.0,100.9,98.85,100.4,42493.0
2020-01-07 15:00:00,NSE:HINDOILEXP,100.4,100.8,99.9,100.25,36092.0
2020-01-08 09:00:00,NSE:HINDOILEXP,101.95,102.15,100.1,100.25,168854.0
2020-01-08 10:00:00,NSE:HINDOILEXP,100.3,100.9,99.75,100.15,47945.0
2020-01-08 11:00:00,NSE:HINDOILEXP,100.1,100.5,99.7,100.25,32679.0
2020-01-08 12:00:00,NSE:HINDOILEXP,100.25,101.45,100.15,100.7,58071.0
2020-01-08 13:00:00,NSE:HINDOILEXP,100.75,100.9,100.05,100.1,23290.0
2020-01-08 14:00:00,NSE:HINDOILEXP,100.4,100.65,99.2,99.5,44724.0
2020-01-08 15:00:00,NSE:HINDOILEXP,99.5,99.8,99.0,99.3,81076.0
2020-01-09 09:00:00,NSE:HINDOILEXP,98.0,99.4,97.05,99.0,57217.0
2020-01-09 10:00:00,NSE:HINDOILEXP,99.0,99.9,98.75,99.15,33696.0
2020-01-09 11:00:00,NSE:HINDOILEXP,99.15,99.25,98.25,98.7,25127.0
2020-01-09 12:00:00,NSE:HINDOILEXP,98.75,98.75,97.45,97.75,23194.0
2020-01-09 13:00:00,NSE:HINDOILEXP,97.75,98.5,97.3,98.25,21351.0
2020-01-09 14:00:00,NSE:HINDOILEXP,98.45,99.8,98.1,99.3,34363.0
2020-01-09 15:00:00,NSE:HINDOILEXP,99.15,99.8,98.8,99.25,36081.0
2020-01-10 09:00:00,NSE:HINDOILEXP,98.55,99.85,98.5,99.05,19164.0
2020-01-10 10:00:00,NSE:HINDOILEXP,99.05,101.5,99.0,100.7,54184.0
2020-01-10 11:00:00,NSE:HINDOILEXP,100.9,100.95,99.5,99.5,19293.0
2020-01-10 12:00:00,NSE:HINDOILEXP,99.5,100.4,99.35,99.65,11043.0
2020-01-10 13:00:00,NSE:HINDOILEXP,99.75,99.75,98.75,99.7,26080.0
2020-01-10 14:00:00,NSE:HINDOILEXP,99.75,103.0,99.5,100.35,249504.0
2020-01-10 15:00:00,NSE:HINDOILEXP,100.55,101.3,100.35,100.9,69886.0
2020-01-13 09:00:00,NSE:HINDOILEXP,101.0,102.65,101.0,101.1,61844.0
2020-01-13 10:00:00,NSE:HINDOILEXP,101.1,101.45,99.95,100.0,24092.0
2020-01-13 11:00:00,NSE:HINDOILEXP,100.0,100.2,99.7,99.8,21700.0
2020-01-13 12:00:00,NSE:HINDOILEXP,99.8,101.9,99.8,100.85,28207.0
2020-01-13 13:00:00,NSE:HINDOILEXP,100.65,100.7,100.0,100.3,3794.0
2020-01-13 14:00:00,NSE:HINDOILEXP,100.3,100.65,99.9,100.35,9637.0
2020-01-13 15:00:00,NSE:HINDOILEXP,100.3,101.2,99.9,100.3,37522.0
2020-01-14 09:00:00,NSE:HINDOILEXP,100.9,101.4,99.7,100.1,21227.0
2020-01-14 10:00:00,NSE:HINDOILEXP,100.3,100.75,100.05,100.35,10807.0
2020-01-14 11:00:00,NSE:HINDOILEXP,100.25,100.95,99.9,100.6,12299.0
2020-01-14 12:00:00,NSE:HINDOILEXP,100.7,101.9,100.7,100.85,45729.0
2020-01-14 13:00:00,NSE:HINDOILEXP,100.8,101.5,100.45,101.35,13287.0
2020-01-14 14:00:00,NSE:HINDOILEXP,101.15,101.4,100.55,100.6,12470.0
2020-01-14 15:00:00,NSE:HINDOILEXP,100.6,100.9,100.0,100.4,22638.0
2020-01-15 09:00:00,NSE:HINDOILEXP,100.9,100.9,99.8,99.95,12810.0
2020-01-15 10:00:00,NSE:HINDOILEXP,99.95,100.15,99.4,99.9,31227.0
2020-01-15 11:00:00,NSE:HINDOILEXP,100.0,100.25,99.8,99.8,5570.0
2020-01-15 12:00:00,NSE:HINDOILEXP,100.0,100.45,99.75,100.1,7239.0
2020-01-15 13:00:00,NSE:HINDOILEXP,100.1,100.1,99.1,99.1,32364.0
2020-01-15 14:00:00,NSE:HINDOILEXP,99.0,100.35,99.0,100.3,24738.0
2020-01-15 15:00:00,NSE:HINDOILEXP,100.05,100.35,99.7,100.0,13486.0
2020-01-16 09:00:00,NSE:HINDOILEXP,100.8,100.95,99.75,100.05,21345.0
2020-01-16 10:00:00,NSE:HINDOILEXP,100.25,100.4,99.75,100.0,26509.0
2020-01-16 11:00:00,NSE:HINDOILEXP,100.0,100.3,99.85,100.05,10694.0
2020-01-16 12:00:00,NSE:HINDOILEXP,100.1,101.5,99.95,100.6,45435.0
2020-01-16 13:00:00,NSE:HINDOILEXP,100.6,100.8,100.0,100.6,11751.0
2020-01-16 14:00:00,NSE:HINDOILEXP,100.6,100.8,99.9,100.0,16250.0
2020-01-16 15:00:00,NSE:HINDOILEXP,100.0,100.15,99.7,99.9,29062.0
2020-01-17 09:00:00,NSE:HINDOILEXP,99.9,101.2,99.8,100.8,24407.0
2020-01-17 10:00:00,NSE:HINDOILEXP,101.0,108.7,100.5,106.9,457531.0
2020-01-17 11:00:00,NSE:HINDOILEXP,107.0,109.5,105.6,108.45,252083.0
2020-01-17 12:00:00,NSE:HINDOILEXP,108.25,108.4,106.5,106.7,83741.0
2020-01-17 13:00:00,NSE:HINDOILEXP,106.6,107.0,105.8,106.4,68048.0
2020-01-17 14:00:00,NSE:HINDOILEXP,106.15,106.7,103.5,104.65,127652.0
2020-01-17 15:00:00,NSE:HINDOILEXP,104.65,104.9,103.6,104.25,101919.0
2020-01-20 09:00:00,NSE:HINDOILEXP,105.0,107.35,104.95,105.45,99791.0
2020-01-20 10:00:00,NSE:HINDOILEXP,105.4,105.5,104.25,104.35,52824.0
2020-01-20 11:00:00,NSE:HINDOILEXP,104.25,105.25,104.0,105.05,31551.0
2020-01-20 12:00:00,NSE:HINDOILEXP,105.05,105.2,104.25,104.3,13838.0
2020-01-20 13:00:00,NSE:HINDOILEXP,104.3,105.0,103.65,104.35,21391.0
2020-01-20 14:00:00,NSE:HINDOILEXP,104.55,105.0,102.3,102.85,22625.0
2020-01-20 15:00:00,NSE:HINDOILEXP,103.0,104.1,102.65,103.2,36147.0
2020-01-21 09:00:00,NSE:HINDOILEXP,101.7,103.0,101.6,103.0,20903.0
2020-01-21 10:00:00,NSE:HINDOILEXP,102.95,103.0,101.7,101.7,9611.0
2020-01-21 11:00:00,NSE:HINDOILEXP,101.7,103.5,101.6,102.75,9668.0
2020-01-21 12:00:00,NSE:HINDOILEXP,102.65,103.45,101.8,101.8,10004.0
2020-01-21 13:00:00,NSE:HINDOILEXP,101.9,102.15,100.8,101.5,11388.0
2020-01-21 14:00:00,NSE:HINDOILEXP,101.25,102.5,100.95,101.85,18873.0
2020-01-21 15:00:00,NSE:HINDOILEXP,102.25,102.25,101.15,101.55,17843.0
2020-01-22 09:00:00,NSE:HINDOILEXP,101.9,102.5,100.6,101.55,34613.0
2020-01-22 10:00:00,NSE:HINDOILEXP,101.65,101.65,100.35,101.35,20381.0
2020-01-22 11:00:00,NSE:HINDOILEXP,101.4,102.4,101.25,101.35,14802.0
2020-01-22 12:00:00,NSE:HINDOILEXP,101.55,101.65,101.15,101.35,4308.0
2020-01-22 13:00:00,NSE:HINDOILEXP,101.15,101.75,101.1,101.15,10149.0
2020-01-22 14:00:00,NSE:HINDOILEXP,101.1,101.4,100.5,100.5,14083.0
2020-01-22 15:00:00,NSE:HINDOILEXP,100.65,100.65,100.1,100.15,14099.0
2020-01-23 09:00:00,NSE:HINDOILEXP,100.15,105.0,99.95,104.8,126447.0
2020-01-23 10:00:00,NSE:HINDOILEXP,104.65,104.9,102.5,103.35,65558.0
2020-01-23 11:00:00,NSE:HINDOILEXP,103.1,104.15,102.75,103.8,19604.0
2020-01-23 12:00:00,NSE:HINDOILEXP,103.7,104.45,103.3,103.8,15833.0
2020-01-23 13:00:00,NSE:HINDOILEXP,103.75,104.15,103.55,103.95,9437.0
2020-01-23 14:00:00,NSE:HINDOILEXP,103.8,104.15,103.5,103.8,15315.0
2020-01-23 15:00:00,NSE:HINDOILEXP,104.0,104.2,103.6,103.85,31614.0
2020-01-24 09:00:00,NSE:HINDOILEXP,103.0,103.8,102.35,102.9,18432.0
2020-01-24 10:00:00,NSE:HINDOILEXP,102.9,105.5,102.75,104.35,63873.0
2020-01-24 11:00:00,NSE:HINDOILEXP,104.4,104.8,103.35,103.65,8075.0
2020-01-24 12:00:00,NSE:HINDOILEXP,103.65,104.45,103.55,104.25,12268.0
2020-01-24 13:00:00,NSE:HINDOILEXP,104.25,104.9,103.3,103.7,11276.0
2020-01-24 14:00:00,NSE:HINDOILEXP,103.7,103.7,102.35,102.9,37278.0
2020-01-24 15:00:00,NSE:HINDOILEXP,102.7,102.75,101.85,102.15,20598.0
2020-01-27 09:00:00,NSE:HINDOILEXP,102.15,102.15,100.0,101.0,23808.0
2020-01-27 10:00:00,NSE:HINDOILEXP,100.8,101.85,100.8,101.05,15120.0
2020-01-27 11:00:00,NSE:HINDOILEXP,101.3,103.4,101.2,102.7,57823.0
2020-01-27 12:00:00,NSE:HINDOILEXP,102.7,106.2,101.8,106.2,221296.0
2020-01-27 13:00:00,NSE:HINDOILEXP,106.0,106.2,104.85,105.8,82651.0
2020-01-27 14:00:00,NSE:HINDOILEXP,105.8,105.9,104.65,105.6,39441.0
2020-01-27 15:00:00,NSE:HINDOILEXP,105.5,105.7,103.85,104.6,50478.0
2020-01-28 09:00:00,NSE:HINDOILEXP,104.35,105.6,103.95,105.0,43077.0
2020-01-28 10:00:00,NSE:HINDOILEXP,105.15,105.45,104.0,104.85,28939.0
2020-01-28 11:00:00,NSE:HINDOILEXP,105.0,105.75,104.8,105.3,29683.0
2020-01-28 12:00:00,NSE:HINDOILEXP,105.45,107.5,105.15,105.4,101660.0
2020-01-28 13:00:00,NSE:HINDOILEXP,105.45,105.55,105.0,105.35,19880.0
2020-01-28 14:00:00,NSE:HINDOILEXP,105.35,105.6,104.5,104.75,44096.0
2020-01-28 15:00:00,NSE:HINDOILEXP,104.9,105.2,104.2,104.8,47619.0
2020-01-29 09:00:00,NSE:HINDOILEXP,105.95,105.95,105.0,105.3,18635.0
2020-01-29 10:00:00,NSE:HINDOILEXP,105.35,106.35,104.75,105.5,64805.0
2020-01-29 11:00:00,NSE:HINDOILEXP,105.25,105.65,104.75,105.2,16401.0
2020-01-29 12:00:00,NSE:HINDOILEXP,105.0,105.45,105.0,105.25,6358.0
2020-01-29 13:00:00,NSE:HINDOILEXP,105.25,105.45,104.65,105.0,10238.0
2020-01-29 14:00:00,NSE:HINDOILEXP,104.95,105.5,104.8,105.25,17928.0
2020-01-29 15:00:00,NSE:HINDOILEXP,105.1,105.75,105.1,105.25,27893.0
2020-01-30 09:00:00,NSE:HINDOILEXP,104.3,105.7,104.3,105.15,28185.0
2020-01-30 10:00:00,NSE:HINDOILEXP,105.15,105.3,104.5,105.2,20503.0
2020-01-30 11:00:00,NSE:HINDOILEXP,105.2,105.45,104.5,105.1,13084.0
2020-01-30 12:00:00,NSE:HINDOILEXP,105.1,105.3,102.65,103.1,54602.0
2020-01-30 13:00:00,NSE:HINDOILEXP,103.15,104.4,102.8,104.2,9674.0
2020-01-30 14:00:00,NSE:HINDOILEXP,104.0,105.0,103.7,104.6,24150.0
2020-01-30 15:00:00,NSE:HINDOILEXP,104.65,105.0,104.0,104.5,27838.0
2020-01-31 09:00:00,NSE:HINDOILEXP,104.5,105.0,103.8,103.8,14481.0
2020-01-31 10:00:00,NSE:HINDOILEXP,103.65,104.75,103.4,104.3,12623.0
2020-01-31 11:00:00,NSE:HINDOILEXP,104.15,104.55,104.1,104.2,15059.0
2020-01-31 12:00:00,NSE:HINDOILEXP,104.1,104.85,104.0,104.3,7911.0
2020-01-31 13:00:00,NSE:HINDOILEXP,104.3,104.6,103.75,104.4,7371.0
2020-01-31 14:00:00,NSE:HINDOILEXP,104.4,104.8,103.95,104.5,13701.0
2020-01-31 15:00:00,NSE:HINDOILEXP,104.4,104.5,102.5,103.15,28325.0
2020-02-01 09:00:00,NSE:HINDOILEXP,101.1,101.85,97.6,99.15,43036.0
2020-02-01 10:00:00,NSE:HINDOILEXP,99.35,100.35,99.3,100.0,32464.0
2020-02-01 11:00:00,NSE:HINDOILEXP,100.0,100.0,99.4,99.45,8809.0
2020-02-01 12:00:00,NSE:HINDOILEXP,99.3,100.0,97.55,98.25,53641.0
2020-02-01 13:00:00,NSE:HINDOILEXP,98.0,99.75,97.2,97.45,53872.0
2020-02-01 14:00:00,NSE:HINDOILEXP,97.45,97.5,95.4,96.0,61560.0
2020-02-01 15:00:00,NSE:HINDOILEXP,96.15,96.75,95.65,96.05,29616.0
2020-02-03 09:00:00,NSE:HINDOILEXP,95.0,97.0,90.95,96.6,42446.0
2020-02-03 10:00:00,NSE:HINDOILEXP,96.8,97.75,96.05,96.65,26690.0
2020-02-03 11:00:00,NSE:HINDOILEXP,96.65,97.2,95.85,96.45,20136.0
2020-02-03 12:00:00,NSE:HINDOILEXP,96.45,97.2,96.0,96.85,6841.0
2020-02-03 13:00:00,NSE:HINDOILEXP,96.6,97.45,96.35,97.45,18156.0
2020-02-03 14:00:00,NSE:HINDOILEXP,97.4,99.15,96.7,97.95,27074.0
2020-02-03 15:00:00,NSE:HINDOILEXP,97.85,97.85,96.3,96.45,49463.0
2020-02-04 09:00:00,NSE:HINDOILEXP,96.1,97.8,96.1,97.35,9625.0
2020-02-04 10:00:00,NSE:HINDOILEXP,97.15,98.8,97.15,98.8,24608.0
2020-02-04 11:00:00,NSE:HINDOILEXP,98.95,99.9,98.45,99.3,28325.0
2020-02-04 12:00:00,NSE:HINDOILEXP,99.4,99.85,99.3,99.6,10439.0
2020-02-04 13:00:00,NSE:HINDOILEXP,99.45,101.25,99.45,100.0,31391.0
2020-02-04 14:00:00,NSE:HINDOILEXP,99.95,100.35,99.5,100.2,17050.0
2020-02-04 15:00:00,NSE:HINDOILEXP,100.2,100.35,99.4,99.75,21617.0
2020-02-05 09:00:00,NSE:HINDOILEXP,98.55,100.5,98.55,99.45,20414.0
2020-02-05 10:00:00,NSE:HINDOILEXP,99.1,99.25,98.25,98.55,16720.0
2020-02-05 11:00:00,NSE:HINDOILEXP,98.5,98.5,97.2,97.95,17774.0
2020-02-05 12:00:00,NSE:HINDOILEXP,98.05,98.5,97.2,97.75,13125.0
2020-02-05 13:00:00,NSE:HINDOILEXP,98.0,98.5,97.35,97.7,9306.0
2020-02-05 14:00:00,NSE:HINDOILEXP,97.75,98.05,97.3,97.3,29174.0
2020-02-05 15:00:00,NSE:HINDOILEXP,97.4,98.0,96.9,97.45,35171.0
2020-02-06 09:00:00,NSE:HINDOILEXP,98.15,98.5,97.9,98.15,18194.0
2020-02-06 10:00:00,NSE:HINDOILEXP,98.2,98.25,97.3,97.5,20479.0
2020-02-06 11:00:00,NSE:HINDOILEXP,97.5,97.9,97.2,97.65,7390.0
2020-02-06 12:00:00,NSE:HINDOILEXP,97.95,98.0,96.95,97.7,18561.0
2020-02-06 13:00:00,NSE:HINDOILEXP,97.65,97.65,96.9,97.0,13653.0
2020-02-06 14:00:00,NSE:HINDOILEXP,97.0,98.05,96.7,97.5,21238.0
2020-02-06 15:00:00,NSE:HINDOILEXP,97.6,98.0,97.2,97.7,24633.0
2020-02-07 09:00:00,NSE:HINDOILEXP,97.25,97.45,96.75,97.05,9435.0
2020-02-07 10:00:00,NSE:HINDOILEXP,97.0,97.25,96.65,97.0,11164.0
2020-02-07 11:00:00,NSE:HINDOILEXP,97.0,97.2,96.6,97.0,16287.0
2020-02-07 12:00:00,NSE:HINDOILEXP,97.0,97.1,96.25,96.35,14080.0
2020-02-07 13:00:00,NSE:HINDOILEXP,96.6,97.0,96.3,96.75,9602.0
2020-02-07 14:00:00,NSE:HINDOILEXP,96.5,97.0,95.95,95.95,30579.0
2020-02-07 15:00:00,NSE:HINDOILEXP,95.8,96.8,95.75,96.4,18891.0
2020-02-10 09:00:00,NSE:HINDOILEXP,96.45,96.6,95.75,96.2,19415.0
2020-02-10 10:00:00,NSE:HINDOILEXP,96.25,96.25,95.4,96.25,5923.0
2020-02-10 11:00:00,NSE:HINDOILEXP,96.25,98.1,96.25,97.55,27678.0
2020-02-10 12:00:00,NSE:HINDOILEXP,97.65,97.7,96.75,97.2,9191.0
2020-02-10 13:00:00,NSE:HINDOILEXP,97.35,97.35,96.25,96.4,6872.0
2020-02-10 14:00:00,NSE:HINDOILEXP,96.7,97.25,96.7,97.15,10635.0
2020-02-10 15:00:00,NSE:HINDOILEXP,97.0,97.0,96.25,96.6,12508.0
2020-02-11 09:00:00,NSE:HINDOILEXP,97.1,97.45,96.25,96.65,15679.0
2020-02-11 10:00:00,NSE:HINDOILEXP,96.65,97.15,96.25,96.65,5346.0
2020-02-11 11:00:00,NSE:HINDOILEXP,96.85,96.9,96.0,96.5,10115.0
2020-02-11 12:00:00,NSE:HINDOILEXP,96.5,96.95,96.15,96.75,8350.0
2020-02-11 13:00:00,NSE:HINDOILEXP,96.9,97.3,96.75,97.05,6630.0
2020-02-11 14:00:00,NSE:HINDOILEXP,97.15,97.3,96.3,96.75,8664.0
2020-02-11 15:00:00,NSE:HINDOILEXP,96.65,97.05,96.4,96.75,10070.0
2020-02-12 09:00:00,NSE:HINDOILEXP,96.25,97.0,96.0,96.2,14883.0
2020-02-12 10:00:00,NSE:HINDOILEXP,96.1,97.2,95.95,96.4,19056.0
2020-02-12 11:00:00,NSE:HINDOILEXP,96.45,98.6,95.9,96.25,43675.0
2020-02-12 12:00:00,NSE:HINDOILEXP,96.4,96.7,95.8,96.5,10100.0
2020-02-12 13:00:00,NSE:HINDOILEXP,96.65,96.65,95.3,95.45,9255.0
2020-02-12 14:00:00,NSE:HINDOILEXP,95.45,96.25,95.45,95.95,12449.0
2020-02-12 15:00:00,NSE:HINDOILEXP,96.0,96.0,95.0,95.3,21543.0
2020-02-13 09:00:00,NSE:HINDOILEXP,95.0,96.0,95.0,95.8,8168.0
2020-02-13 10:00:00,NSE:HINDOILEXP,95.55,95.75,95.25,95.55,11189.0
2020-02-13 11:00:00,NSE:HINDOILEXP,95.5,95.75,95.25,95.25,8453.0
2020-02-13 12:00:00,NSE:HINDOILEXP,95.4,95.45,94.25,94.4,17856.0
2020-02-13 13:00:00,NSE:HINDOILEXP,94.2,94.65,93.75,93.9,25027.0
2020-02-13 14:00:00,NSE:HINDOILEXP,93.8,93.9,92.6,93.0,11679.0
2020-02-13 15:00:00,NSE:HINDOILEXP,92.8,98.2,92.7,96.95,479901.0
2020-02-14 09:00:00,NSE:HINDOILEXP,97.0,97.0,92.25,93.75,94780.0
2020-02-14 10:00:00,NSE:HINDOILEXP,93.75,93.75,92.25,92.6,42662.0
2020-02-14 11:00:00,NSE:HINDOILEXP,92.4,93.7,92.2,93.5,25103.0
2020-02-14 12:00:00,NSE:HINDOILEXP,93.5,93.7,92.9,93.45,20935.0
2020-02-14 13:00:00,NSE:HINDOILEXP,93.45,93.5,92.7,93.45,24888.0
2020-02-14 14:00:00,NSE:HINDOILEXP,93.4,93.55,92.55,92.85,46103.0
2020-02-14 15:00:00,NSE:HINDOILEXP,92.9,93.25,92.6,93.0,18121.0
2020-02-17 09:00:00,NSE:HINDOILEXP,93.05,93.75,93.05,93.3,15071.0
2020-02-17 10:00:00,NSE:HINDOILEXP,93.25,96.2,93.25,95.8,60624.0
2020-02-17 11:00:00,NSE:HINDOILEXP,95.8,96.0,93.9,93.9,76296.0
2020-02-17 12:00:00,NSE:HINDOILEXP,93.9,94.15,93.3,93.55,18456.0
2020-02-17 13:00:00,NSE:HINDOILEXP,93.5,93.7,93.25,93.5,17111.0
2020-02-17 14:00:00,NSE:HINDOILEXP,93.5,93.65,92.3,92.85,24324.0
2020-02-17 15:00:00,NSE:HINDOILEXP,92.9,93.0,92.05,92.5,17259.0
2020-02-18 09:00:00,NSE:HINDOILEXP,92.5,92.5,91.0,91.1,20497.0
2020-02-18 10:00:00,NSE:HINDOILEXP,91.1,92.25,91.1,92.05,12049.0
2020-02-18 11:00:00,NSE:HINDOILEXP,92.1,92.25,91.25,91.25,14596.0
2020-02-18 12:00:00,NSE:HINDOILEXP,91.4,91.7,91.25,91.4,7491.0
2020-02-18 13:00:00,NSE:HINDOILEXP,91.6,91.6,91.25,91.4,4253.0
2020-02-18 14:00:00,NSE:HINDOILEXP,91.7,91.95,91.25,91.25,8880.0
2020-02-18 15:00:00,NSE:HINDOILEXP,91.3,91.5,89.75,90.4,43198.0
2020-02-19 09:00:00,NSE:HINDOILEXP,90.05,93.0,90.05,92.95,41669.0
2020-02-19 10:00:00,NSE:HINDOILEXP,92.75,92.75,91.75,91.95,14793.0
2020-02-19 11:00:00,NSE:HINDOILEXP,91.7,92.1,91.65,91.8,4958.0
2020-02-19 12:00:00,NSE:HINDOILEXP,91.7,92.25,91.25,91.95,9614.0
2020-02-19 13:00:00,NSE:HINDOILEXP,91.9,91.9,90.8,91.3,12167.0
2020-02-19 14:00:00,NSE:HINDOILEXP,91.3,91.55,90.5,91.0,29682.0
2020-02-19 15:00:00,NSE:HINDOILEXP,90.6,91.25,90.4,90.8,38770.0
2020-02-20 09:00:00,NSE:HINDOILEXP,90.9,91.75,90.75,90.8,16986.0
2020-02-20 10:00:00,NSE:HINDOILEXP,91.0,91.2,90.5,91.0,9037.0
2020-02-20 11:00:00,NSE:HINDOILEXP,91.0,91.5,90.6,91.0,9016.0
2020-02-20 12:00:00,NSE:HINDOILEXP,91.0,91.6,90.55,91.0,15795.0
2020-02-20 13:00:00,NSE:HINDOILEXP,91.5,92.75,91.25,91.35,32209.0
2020-02-20 14:00:00,NSE:HINDOILEXP,91.25,91.75,90.8,90.8,17606.0
2020-02-20 15:00:00,NSE:HINDOILEXP,91.0,91.15,90.65,90.9,16237.0
2020-02-24 09:00:00,NSE:HINDOILEXP,90.0,91.1,89.9,90.65,652426.0
2020-02-24 10:00:00,NSE:HINDOILEXP,90.45,91.05,90.05,90.7,12281.0
2020-02-24 11:00:00,NSE:HINDOILEXP,90.7,91.7,90.7,91.5,21444.0
2020-02-24 12:00:00,NSE:HINDOILEXP,91.45,91.45,90.2,90.9,17013.0
2020-02-24 13:00:00,NSE:HINDOILEXP,91.0,91.15,90.45,90.95,15468.0
2020-02-24 14:00:00,NSE:HINDOILEXP,90.95,91.4,90.45,91.0,19550.0
2020-02-24 15:00:00,NSE:HINDOILEXP,91.0,91.1,90.25,90.75,26863.0
2020-02-25 09:00:00,NSE:HINDOILEXP,90.15,91.0,89.05,89.4,34067.0
2020-02-25 10:00:00,NSE:HINDOILEXP,89.45,89.95,89.25,89.8,17925.0
2020-02-25 11:00:00,NSE:HINDOILEXP,89.8,90.0,89.25,89.4,27311.0
2020-02-25 12:00:00,NSE:HINDOILEXP,89.6,89.95,89.3,89.5,5820.0
2020-02-25 13:00:00,NSE:HINDOILEXP,89.8,89.85,89.25,89.65,12541.0
2020-02-25 14:00:00,NSE:HINDOILEXP,89.5,89.65,88.5,88.5,32863.0
2020-02-25 15:00:00,NSE:HINDOILEXP,88.5,89.0,88.25,88.7,39518.0
2020-02-26 09:00:00,NSE:HINDOILEXP,88.0,88.65,87.5,87.75,9974.0
2020-02-26 10:00:00,NSE:HINDOILEXP,87.75,88.0,87.3,87.45,10619.0
2020-02-26 11:00:00,NSE:HINDOILEXP,87.4,87.4,86.6,86.9,17416.0
2020-02-26 12:00:00,NSE:HINDOILEXP,86.85,87.25,86.25,86.25,8887.0
2020-02-26 13:00:00,NSE:HINDOILEXP,86.2,86.75,85.75,86.0,8785.0
2020-02-26 14:00:00,NSE:HINDOILEXP,85.75,86.0,84.1,85.0,38613.0
2020-02-26 15:00:00,NSE:HINDOILEXP,85.0,85.0,83.0,83.8,46236.0
2020-02-27 09:00:00,NSE:HINDOILEXP,83.5,83.5,79.1,79.1,86665.0
2020-02-27 10:00:00,NSE:HINDOILEXP,79.25,80.0,78.4,78.85,55578.0
2020-02-27 11:00:00,NSE:HINDOILEXP,78.65,79.5,78.65,79.2,26713.0
2020-02-27 12:00:00,NSE:HINDOILEXP,79.25,80.5,79.25,80.0,24002.0
2020-02-27 13:00:00,NSE:HINDOILEXP,79.85,80.95,79.75,80.2,35874.0
2020-02-27 14:00:00,NSE:HINDOILEXP,80.2,80.5,79.75,80.2,53731.0
2020-02-27 15:00:00,NSE:HINDOILEXP,79.9,80.2,79.15,79.75,61538.0
2020-02-28 09:00:00,NSE:HINDOILEXP,77.0,77.85,74.95,75.05,84127.0
2020-02-28 10:00:00,NSE:HINDOILEXP,75.1,76.25,75.0,75.75,84194.0
2020-02-28 11:00:00,NSE:HINDOILEXP,75.75,76.15,74.8,75.0,88619.0
2020-02-28 12:00:00,NSE:HINDOILEXP,75.2,76.25,74.9,75.5,66809.0
2020-02-28 13:00:00,NSE:HINDOILEXP,75.6,77.0,75.5,76.45,41744.0
2020-02-28 14:00:00,NSE:HINDOILEXP,76.4,76.8,74.8,74.85,43066.0
2020-02-28 15:00:00,NSE:HINDOILEXP,74.8,75.3,74.3,74.75,58461.0
2020-03-02 09:00:00,NSE:HINDOILEXP,74.75,77.05,74.75,76.55,55025.0
2020-03-02 10:00:00,NSE:HINDOILEXP,76.5,76.85,75.95,76.45,61241.0
2020-03-02 11:00:00,NSE:HINDOILEXP,76.3,76.75,76.0,76.0,30691.0
2020-03-02 12:00:00,NSE:HINDOILEXP,76.25,76.4,75.85,75.85,22732.0
2020-03-02 13:00:00,NSE:HINDOILEXP,76.0,76.25,75.9,75.95,20188.0
2020-03-02 14:00:00,NSE:HINDOILEXP,76.1,76.45,75.95,76.1,24833.0
2020-03-02 15:00:00,NSE:HINDOILEXP,75.95,76.25,74.85,75.75,40674.0
2020-03-03 09:00:00,NSE:HINDOILEXP,75.95,77.25,75.95,76.35,31537.0
2020-03-03 10:00:00,NSE:HINDOILEXP,76.05,76.85,74.8,75.0,56353.0
2020-03-03 11:00:00,NSE:HINDOILEXP,74.95,75.0,74.0,74.25,28257.0
2020-03-03 12:00:00,NSE:HINDOILEXP,74.3,75.25,74.25,75.25,42505.0
2020-03-03 13:00:00,NSE:HINDOILEXP,75.15,75.85,74.35,74.35,27154.0
2020-03-03 14:00:00,NSE:HINDOILEXP,74.55,75.25,74.4,74.8,56424.0
2020-03-03 15:00:00,NSE:HINDOILEXP,74.8,74.95,74.35,74.7,64579.0
2020-03-04 09:00:00,NSE:HINDOILEXP,74.7,75.25,74.35,75.05,27193.0
2020-03-04 10:00:00,NSE:HINDOILEXP,75.0,75.15,73.55,73.55,26299.0
2020-03-04 11:00:00,NSE:HINDOILEXP,73.65,74.55,73.25,73.25,19836.0
2020-03-04 12:00:00,NSE:HINDOILEXP,73.25,73.5,72.4,72.4,41760.0
2020-03-04 13:00:00,NSE:HINDOILEXP,72.45,72.75,70.7,71.4,60277.0
2020-03-04 14:00:00,NSE:HINDOILEXP,71.2,72.6,71.0,72.1,93637.0
2020-03-04 15:00:00,NSE:HINDOILEXP,72.15,73.75,71.85,73.75,29545.0
2020-03-05 09:00:00,NSE:HINDOILEXP,74.0,74.0,72.25,72.6,16768.0
2020-03-05 10:00:00,NSE:HINDOILEXP,72.6,73.35,72.25,72.7,16211.0
2020-03-05 11:00:00,NSE:HINDOILEXP,72.6,73.4,72.5,73.4,11273.0
2020-03-05 12:00:00,NSE:HINDOILEXP,73.4,74.05,73.0,73.25,21388.0
2020-03-05 13:00:00,NSE:HINDOILEXP,73.2,74.05,73.0,73.75,24992.0
2020-03-05 14:00:00,NSE:HINDOILEXP,73.35,73.65,72.8,73.2,11995.0
2020-03-05 15:00:00,NSE:HINDOILEXP,73.5,73.65,72.05,72.8,14957.0
2020-03-06 09:00:00,NSE:HINDOILEXP,70.0,70.0,67.0,68.4,48155.0
2020-03-06 10:00:00,NSE:HINDOILEXP,68.5,69.5,68.4,69.0,48450.0
2020-03-06 11:00:00,NSE:HINDOILEXP,68.9,69.0,68.7,68.9,34261.0
2020-03-06 12:00:00,NSE:HINDOILEXP,69.0,70.1,68.8,69.7,46439.0
2020-03-06 13:00:00,NSE:HINDOILEXP,69.7,70.2,69.2,69.9,23009.0
2020-03-06 14:00:00,NSE:HINDOILEXP,69.75,70.0,69.2,69.35,54972.0
2020-03-06 15:00:00,NSE:HINDOILEXP,69.35,69.4,67.55,68.2,100193.0
2020-03-09 09:00:00,NSE:HINDOILEXP,64.8,64.8,57.75,58.3,213159.0
2020-03-09 10:00:00,NSE:HINDOILEXP,58.3,58.55,55.6,55.65,144371.0
2020-03-09 11:00:00,NSE:HINDOILEXP,55.8,56.3,54.6,56.2,237587.0
2020-03-09 12:00:00,NSE:HINDOILEXP,56.3,56.4,54.6,54.6,134828.0
2020-03-09 13:00:00,NSE:HINDOILEXP,54.6,55.75,54.6,55.75,68957.0
2020-03-09 14:00:00,NSE:HINDOILEXP,55.7,57.3,55.1,57.25,97189.0
2020-03-09 15:00:00,NSE:HINDOILEXP,57.2,57.3,56.5,56.8,51939.0
2020-03-11 09:00:00,NSE:HINDOILEXP,59.85,59.85,55.0,55.5,110369.0
2020-03-11 10:00:00,NSE:HINDOILEXP,55.6,55.8,53.2,55.5,67570.0
2020-03-11 11:00:00,NSE:HINDOILEXP,55.4,55.75,54.25,54.65,27217.0
2020-03-11 12:00:00,NSE:HINDOILEXP,54.65,54.85,54.0,54.4,41384.0
2020-03-11 13:00:00,NSE:HINDOILEXP,54.35,54.8,53.35,53.7,47552.0
2020-03-11 14:00:00,NSE:HINDOILEXP,53.5,54.2,52.0,52.35,69724.0
2020-03-11 15:00:00,NSE:HINDOILEXP,52.35,52.75,50.85,51.6,61906.0
2020-03-12 09:00:00,NSE:HINDOILEXP,49.0,49.0,46.45,46.45,34575.0
2020-03-12 10:00:00,NSE:HINDOILEXP,46.45,46.45,46.45,46.45,9600.0
2020-03-12 11:00:00,NSE:HINDOILEXP,46.45,46.45,46.45,46.45,4256.0
2020-03-12 12:00:00,NSE:HINDOILEXP,46.45,46.45,46.45,46.45,8125.0
2020-03-12 13:00:00,NSE:HINDOILEXP,46.45,46.45,46.45,46.45,3204.0
2020-03-12 14:00:00,NSE:HINDOILEXP,46.45,46.45,46.45,46.45,18280.0
2020-03-12 15:00:00,NSE:HINDOILEXP,46.45,46.45,46.45,46.45,1531.0
2020-03-13 09:00:00,NSE:HINDOILEXP,41.85,41.85,41.85,41.85,5397.0
2020-03-13 10:00:00,NSE:HINDOILEXP,41.85,41.85,41.85,41.85,20764.0
2020-03-13 11:00:00,NSE:HINDOILEXP,41.85,41.85,41.85,41.85,6783.0
2020-03-13 12:00:00,NSE:HINDOILEXP,41.85,44.0,41.85,41.85,659126.0
2020-03-13 13:00:00,NSE:HINDOILEXP,41.85,42.65,41.85,41.85,295810.0
2020-03-13 14:00:00,NSE:HINDOILEXP,41.85,41.95,41.85,41.85,144482.0
2020-03-13 15:00:00,NSE:HINDOILEXP,41.85,41.85,41.85,41.85,22360.0
2020-03-16 09:00:00,NSE:HINDOILEXP,37.7,37.7,37.7,37.7,518133.0
2020-03-16 10:00:00,NSE:HINDOILEXP,37.7,40.25,37.7,39.95,358058.0
2020-03-16 11:00:00,NSE:HINDOILEXP,39.85,41.0,39.25,39.65,168460.0
2020-03-16 12:00:00,NSE:HINDOILEXP,39.5,39.7,37.8,38.9,85714.0
2020-03-16 13:00:00,NSE:HINDOILEXP,38.9,41.4,38.6,39.0,105682.0
2020-03-16 14:00:00,NSE:HINDOILEXP,38.85,40.0,38.75,39.9,211487.0
2020-03-16 15:00:00,NSE:HINDOILEXP,40.0,42.35,39.65,40.5,79547.0
2020-03-17 09:00:00,NSE:HINDOILEXP,42.0,42.0,39.1,40.75,121518.0
2020-03-17 10:00:00,NSE:HINDOILEXP,40.6,41.0,40.25,40.25,35078.0
2020-03-17 11:00:00,NSE:HINDOILEXP,40.2,40.3,39.35,40.0,49184.0
2020-03-17 12:00:00,NSE:HINDOILEXP,40.0,40.25,39.6,40.0,34856.0
2020-03-17 13:00:00,NSE:HINDOILEXP,39.85,40.5,39.85,39.85,17029.0
2020-03-17 14:00:00,NSE:HINDOILEXP,39.85,40.4,39.65,40.25,60088.0
2020-03-17 15:00:00,NSE:HINDOILEXP,40.25,40.8,39.9,40.35,138147.0
2020-03-18 09:00:00,NSE:HINDOILEXP,41.75,41.75,39.0,39.3,15983.0
2020-03-18 10:00:00,NSE:HINDOILEXP,39.3,39.9,38.85,39.2,48249.0
2020-03-18 11:00:00,NSE:HINDOILEXP,39.35,39.5,39.0,39.0,26787.0
2020-03-18 12:00:00,NSE:HINDOILEXP,39.0,39.3,38.8,38.8,48101.0
2020-03-18 13:00:00,NSE:HINDOILEXP,38.9,39.2,38.0,38.3,21009.0
2020-03-18 14:00:00,NSE:HINDOILEXP,38.4,38.7,38.0,38.4,34749.0
2020-03-18 15:00:00,NSE:HINDOILEXP,38.25,39.9,38.1,38.95,79881.0
2020-03-19 09:00:00,NSE:HINDOILEXP,37.7,40.8,36.4,36.6,35381.0
2020-03-19 10:00:00,NSE:HINDOILEXP,36.65,37.7,36.4,36.8,29354.0
2020-03-19 11:00:00,NSE:HINDOILEXP,36.8,38.5,36.55,38.25,23930.0
2020-03-19 12:00:00,NSE:HINDOILEXP,38.25,38.55,37.9,38.5,46465.0
2020-03-19 13:00:00,NSE:HINDOILEXP,38.5,38.7,37.8,38.0,34751.0
2020-03-19 14:00:00,NSE:HINDOILEXP,38.25,38.35,37.85,37.85,27143.0
2020-03-19 15:00:00,NSE:HINDOILEXP,38.0,38.0,35.75,37.0,34803.0
2020-03-20 09:00:00,NSE:HINDOILEXP,37.5,37.95,36.3,36.45,32382.0
2020-03-20 10:00:00,NSE:HINDOILEXP,36.45,38.75,36.2,38.1,77976.0
2020-03-20 11:00:00,NSE:HINDOILEXP,38.15,39.0,37.85,38.45,47752.0
2020-03-20 12:00:00,NSE:HINDOILEXP,38.6,39.05,38.2,38.9,32546.0
2020-03-20 13:00:00,NSE:HINDOILEXP,38.75,39.75,38.25,39.5,56494.0
2020-03-20 14:00:00,NSE:HINDOILEXP,39.5,39.95,38.75,39.3,63288.0
2020-03-20 15:00:00,NSE:HINDOILEXP,39.35,40.55,39.1,39.55,43734.0
2020-03-23 09:00:00,NSE:HINDOILEXP,38.0,38.0,35.6,36.0,28352.0
2020-03-23 10:00:00,NSE:HINDOILEXP,37.0,37.0,35.7,35.8,29740.0
2020-03-23 11:00:00,NSE:HINDOILEXP,35.65,36.0,35.6,35.6,21828.0
2020-03-23 12:00:00,NSE:HINDOILEXP,35.6,35.6,35.6,35.6,82152.0
2020-03-23 13:00:00,NSE:HINDOILEXP,35.6,35.95,35.6,35.6,24813.0
2020-03-23 14:00:00,NSE:HINDOILEXP,35.6,35.6,35.6,35.6,4766.0
2020-03-23 15:00:00,NSE:HINDOILEXP,35.6,36.0,35.6,35.65,30314.0
2020-03-24 09:00:00,NSE:HINDOILEXP,36.0,37.1,32.5,33.0,24904.0
2020-03-24 10:00:00,NSE:HINDOILEXP,32.95,33.05,32.5,33.05,29870.0
2020-03-24 11:00:00,NSE:HINDOILEXP,33.05,33.25,32.5,32.65,20969.0
2020-03-24 12:00:00,NSE:HINDOILEXP,32.65,33.2,32.5,32.95,24605.0
2020-03-24 13:00:00,NSE:HINDOILEXP,32.95,33.15,32.7,32.7,15139.0
2020-03-24 14:00:00,NSE:HINDOILEXP,32.8,32.95,32.35,32.35,27312.0
2020-03-24 15:00:00,NSE:HINDOILEXP,32.35,32.35,32.1,32.3,44531.0
2020-03-25 09:00:00,NSE:HINDOILEXP,32.7,32.7,31.0,31.3,10377.0
2020-03-25 10:00:00,NSE:HINDOILEXP,31.25,32.5,31.0,32.5,15319.0
2020-03-25 11:00:00,NSE:HINDOILEXP,32.5,32.8,32.0,32.6,10599.0
2020-03-25 12:00:00,NSE:HINDOILEXP,32.7,33.15,32.3,33.0,26196.0
2020-03-25 13:00:00,NSE:HINDOILEXP,33.0,33.7,32.8,33.45,18321.0
2020-03-25 14:00:00,NSE:HINDOILEXP,33.35,33.75,32.4,33.3,47202.0
2020-03-25 15:00:00,NSE:HINDOILEXP,33.05,35.1,33.0,34.0,41402.0
2020-03-26 09:00:00,NSE:HINDOILEXP,34.0,35.2,33.0,34.3,29719.0
2020-03-26 10:00:00,NSE:HINDOILEXP,34.2,34.85,33.65,34.35,31772.0
2020-03-26 11:00:00,NSE:HINDOILEXP,34.1,34.9,34.1,34.4,9398.0
2020-03-26 12:00:00,NSE:HINDOILEXP,34.4,35.2,34.4,35.05,16906.0
2020-03-26 13:00:00,NSE:HINDOILEXP,35.05,35.95,34.65,34.75,25064.0
2020-03-26 14:00:00,NSE:HINDOILEXP,34.55,35.5,34.55,35.2,16734.0
2020-03-26 15:00:00,NSE:HINDOILEXP,35.3,35.75,34.2,35.1,23863.0
2020-03-27 09:00:00,NSE:HINDOILEXP,36.0,36.6,35.1,36.15,23223.0
2020-03-27 10:00:00,NSE:HINDOILEXP,36.05,36.6,35.45,35.45,28669.0
2020-03-27 11:00:00,NSE:HINDOILEXP,35.45,35.45,34.25,34.5,30176.0
2020-03-27 12:00:00,NSE:HINDOILEXP,34.55,35.0,34.1,34.15,22720.0
2020-03-27 13:00:00,NSE:HINDOILEXP,34.15,34.55,34.15,34.55,8750.0
2020-03-27 14:00:00,NSE:HINDOILEXP,34.5,35.45,34.5,35.45,15065.0
2020-03-27 15:00:00,NSE:HINDOILEXP,35.45,35.5,35.3,35.5,12566.0
2020-03-30 09:00:00,NSE:HINDOILEXP,35.0,35.0,34.0,34.1,16174.0
2020-03-30 10:00:00,NSE:HINDOILEXP,34.1,34.1,33.65,33.85,14002.0
2020-03-30 11:00:00,NSE:HINDOILEXP,33.85,33.9,33.5,33.85,20736.0
2020-03-30 12:00:00,NSE:HINDOILEXP,33.85,33.85,33.55,33.65,10177.0
2020-03-30 13:00:00,NSE:HINDOILEXP,33.65,33.95,33.1,33.25,26063.0
2020-03-30 14:00:00,NSE:HINDOILEXP,33.45,34.3,33.25,34.2,9216.0
2020-03-30 15:00:00,NSE:HINDOILEXP,34.1,34.5,33.85,34.2,10289.0
2020-03-31 09:00:00,NSE:HINDOILEXP,34.2,34.9,33.8,34.35,16504.0
2020-03-31 10:00:00,NSE:HINDOILEXP,34.35,34.6,34.05,34.45,8932.0
2020-03-31 11:00:00,NSE:HINDOILEXP,34.45,35.3,34.25,34.8,17413.0
2020-03-31 12:00:00,NSE:HINDOILEXP,34.95,35.8,34.8,35.75,14841.0
2020-03-31 13:00:00,NSE:HINDOILEXP,35.75,35.9,35.5,35.55,13881.0
2020-03-31 14:00:00,NSE:HINDOILEXP,35.55,35.8,35.0,35.35,103390.0
2020-03-31 15:00:00,NSE:HINDOILEXP,35.2,35.45,34.0,34.75,52678.0
2020-04-01 09:00:00,NSE:HINDOILEXP,37.7,37.7,35.0,35.65,24788.0
2020-04-01 10:00:00,NSE:HINDOILEXP,36.35,36.35,35.0,35.45,16286.0
2020-04-01 11:00:00,NSE:HINDOILEXP,35.45,36.0,35.05,35.4,9063.0
2020-04-01 12:00:00,NSE:HINDOILEXP,35.6,35.6,35.1,35.45,20587.0
2020-04-01 13:00:00,NSE:HINDOILEXP,35.45,35.45,35.2,35.35,28295.0
2020-04-01 14:00:00,NSE:HINDOILEXP,35.2,35.7,35.05,35.3,111916.0
2020-04-01 15:00:00,NSE:HINDOILEXP,35.3,35.65,35.1,35.65,27780.0
2020-04-03 09:00:00,NSE:HINDOILEXP,38.0,38.4,36.8,37.45,175859.0
2020-04-03 10:00:00,NSE:HINDOILEXP,37.55,37.6,37.0,37.25,54039.0
2020-04-03 11:00:00,NSE:HINDOILEXP,37.25,37.4,36.0,36.05,72870.0
2020-04-03 12:00:00,NSE:HINDOILEXP,36.05,36.8,35.55,36.35,51917.0
2020-04-03 13:00:00,NSE:HINDOILEXP,36.35,36.8,36.3,36.6,59352.0
2020-04-03 14:00:00,NSE:HINDOILEXP,36.6,36.85,36.4,36.4,77991.0
2020-04-03 15:00:00,NSE:HINDOILEXP,36.5,36.6,36.25,36.45,50392.0
2020-04-07 09:00:00,NSE:HINDOILEXP,39.4,39.6,36.55,37.45,59027.0
2020-04-07 10:00:00,NSE:HINDOILEXP,37.5,38.0,37.0,37.5,65987.0
2020-04-07 11:00:00,NSE:HINDOILEXP,37.5,37.9,36.95,37.1,33775.0
2020-04-07 12:00:00,NSE:HINDOILEXP,37.15,38.05,37.1,37.85,51131.0
2020-04-07 13:00:00,NSE:HINDOILEXP,38.0,38.0,37.5,37.75,24162.0
2020-04-07 14:00:00,NSE:HINDOILEXP,37.75,38.1,37.55,37.7,90953.0
2020-04-07 15:00:00,NSE:HINDOILEXP,37.55,37.7,37.45,37.55,69340.0
2020-04-08 09:00:00,NSE:HINDOILEXP,37.9,38.3,37.0,38.0,48096.0
2020-04-08 10:00:00,NSE:HINDOILEXP,38.0,39.2,37.85,38.5,110087.0
2020-04-08 11:00:00,NSE:HINDOILEXP,38.5,38.75,38.15,38.45,100559.0
2020-04-08 12:00:00,NSE:HINDOILEXP,38.55,38.55,38.1,38.15,46124.0
2020-04-08 13:00:00,NSE:HINDOILEXP,38.15,38.55,37.25,37.3,65388.0
2020-04-08 14:00:00,NSE:HINDOILEXP,37.3,37.5,37.0,37.1,71964.0
2020-04-08 15:00:00,NSE:HINDOILEXP,37.15,37.6,37.05,37.35,29139.0
2020-04-09 09:00:00,NSE:HINDOILEXP,38.0,39.0,37.5,38.7,45630.0
2020-04-09 10:00:00,NSE:HINDOILEXP,38.9,39.2,38.5,38.7,29568.0
2020-04-09 11:00:00,NSE:HINDOILEXP,38.7,38.7,38.4,38.5,69532.0
2020-04-09 12:00:00,NSE:HINDOILEXP,38.5,38.6,38.3,38.5,20731.0
2020-04-09 13:00:00,NSE:HINDOILEXP,38.5,38.65,38.35,38.55,34561.0
2020-04-09 14:00:00,NSE:HINDOILEXP,38.45,38.7,38.3,38.5,40331.0
2020-04-09 15:00:00,NSE:HINDOILEXP,38.5,39.0,38.3,38.55,56179.0
2020-04-13 09:00:00,NSE:HINDOILEXP,40.0,42.05,38.5,38.7,108702.0
2020-04-13 10:00:00,NSE:HINDOILEXP,38.8,39.25,38.5,38.65,43386.0
2020-04-13 11:00:00,NSE:HINDOILEXP,38.6,38.95,38.4,38.6,51955.0
2020-04-13 12:00:00,NSE:HINDOILEXP,38.6,39.0,38.5,38.75,52993.0
2020-04-13 13:00:00,NSE:HINDOILEXP,38.55,38.8,38.5,38.65,26859.0
2020-04-13 14:00:00,NSE:HINDOILEXP,38.65,38.8,38.4,38.5,57154.0
2020-04-13 15:00:00,NSE:HINDOILEXP,38.45,38.5,38.0,38.4,67925.0
2020-04-15 09:00:00,NSE:HINDOILEXP,39.5,39.5,38.5,39.25,64562.0
2020-04-15 10:00:00,NSE:HINDOILEXP,39.2,39.45,38.65,39.15,55855.0
2020-04-15 11:00:00,NSE:HINDOILEXP,39.15,39.25,38.8,39.1,27837.0
2020-04-15 12:00:00,NSE:HINDOILEXP,39.2,39.25,38.8,39.0,31524.0
2020-04-15 13:00:00,NSE:HINDOILEXP,39.05,39.5,38.65,38.7,34598.0
2020-04-15 14:00:00,NSE:HINDOILEXP,38.7,38.7,38.05,38.1,37067.0
2020-04-15 15:00:00,NSE:HINDOILEXP,38.15,38.75,37.6,38.25,47758.0
2020-04-16 09:00:00,NSE:HINDOILEXP,38.45,38.5,36.7,38.25,19825.0
2020-04-16 10:00:00,NSE:HINDOILEXP,38.25,39.1,38.0,39.05,27744.0
2020-04-16 11:00:00,NSE:HINDOILEXP,38.85,39.3,38.65,39.2,24426.0
2020-04-16 12:00:00,NSE:HINDOILEXP,39.2,39.3,38.75,38.95,52517.0
2020-04-16 13:00:00,NSE:HINDOILEXP,39.0,39.15,38.75,39.1,17115.0
2020-04-16 14:00:00,NSE:HINDOILEXP,39.1,40.0,39.0,39.8,40338.0
2020-04-16 15:00:00,NSE:HINDOILEXP,39.8,42.05,39.55,41.1,138704.0
2020-04-17 09:00:00,NSE:HINDOILEXP,42.75,43.45,41.65,43.3,96906.0
2020-04-17 10:00:00,NSE:HINDOILEXP,43.4,43.5,42.25,42.5,56717.0
2020-04-17 11:00:00,NSE:HINDOILEXP,42.6,43.0,42.05,42.6,26323.0
2020-04-17 12:00:00,NSE:HINDOILEXP,42.6,43.0,42.4,42.85,19300.0
2020-04-17 13:00:00,NSE:HINDOILEXP,42.85,43.0,42.3,42.7,31271.0
2020-04-17 14:00:00,NSE:HINDOILEXP,42.7,43.65,42.4,42.95,93172.0
2020-04-17 15:00:00,NSE:HINDOILEXP,42.9,43.4,42.25,42.8,59038.0
2020-04-20 09:00:00,NSE:HINDOILEXP,43.3,44.95,42.5,44.0,84129.0
2020-04-20 10:00:00,NSE:HINDOILEXP,44.0,44.05,43.55,43.8,37401.0
2020-04-20 11:00:00,NSE:HINDOILEXP,43.85,44.0,42.8,43.3,57160.0
2020-04-20 12:00:00,NSE:HINDOILEXP,43.4,43.5,42.8,43.0,18443.0
2020-04-20 13:00:00,NSE:HINDOILEXP,43.0,43.3,42.65,42.65,29358.0
2020-04-20 14:00:00,NSE:HINDOILEXP,42.65,43.4,42.6,43.15,17528.0
2020-04-20 15:00:00,NSE:HINDOILEXP,43.15,43.6,43.0,43.25,27060.0
2020-04-21 09:00:00,NSE:HINDOILEXP,39.3,40.25,39.0,40.25,101133.0
2020-04-21 10:00:00,NSE:HINDOILEXP,40.2,40.8,39.8,40.4,38397.0
2020-04-21 11:00:00,NSE:HINDOILEXP,40.3,40.35,39.7,39.9,23471.0
2020-04-21 12:00:00,NSE:HINDOILEXP,39.9,39.9,39.1,39.5,32184.0
2020-04-21 13:00:00,NSE:HINDOILEXP,39.6,39.6,39.2,39.6,15678.0
2020-04-21 14:00:00,NSE:HINDOILEXP,39.6,39.6,38.95,38.95,86100.0
2020-04-21 15:00:00,NSE:HINDOILEXP,38.95,39.2,38.95,38.95,18758.0
2020-04-22 09:00:00,NSE:HINDOILEXP,38.8,38.8,35.4,36.5,62173.0
2020-04-22 10:00:00,NSE:HINDOILEXP,36.45,37.8,36.0,37.25,29876.0
2020-04-22 11:00:00,NSE:HINDOILEXP,37.4,37.65,36.75,37.0,20089.0
2020-04-22 12:00:00,NSE:HINDOILEXP,37.0,37.5,36.6,37.5,12581.0
2020-04-22 13:00:00,NSE:HINDOILEXP,37.6,38.7,37.6,37.65,13217.0
2020-04-22 14:00:00,NSE:HINDOILEXP,37.95,38.95,37.85,38.6,19339.0
2020-04-22 15:00:00,NSE:HINDOILEXP,38.6,38.75,37.8,38.15,22990.0
2020-04-23 09:00:00,NSE:HINDOILEXP,38.85,39.85,38.25,39.5,61712.0
2020-04-23 10:00:00,NSE:HINDOILEXP,39.5,39.5,39.25,39.25,32566.0
2020-04-23 11:00:00,NSE:HINDOILEXP,39.3,39.5,39.05,39.5,13714.0
2020-04-23 12:00:00,NSE:HINDOILEXP,39.5,39.5,38.65,39.3,21318.0
2020-04-23 13:00:00,NSE:HINDOILEXP,39.3,39.3,38.65,38.65,11402.0
2020-04-23 14:00:00,NSE:HINDOILEXP,38.7,39.0,38.5,38.95,10879.0
2020-04-23 15:00:00,NSE:HINDOILEXP,38.95,39.0,38.4,38.9,29083.0
2020-04-24 09:00:00,NSE:HINDOILEXP,38.9,39.05,38.0,38.7,24580.0
2020-04-24 10:00:00,NSE:HINDOILEXP,38.65,38.65,38.0,38.55,34974.0
2020-04-24 11:00:00,NSE:HINDOILEXP,38.4,38.6,38.05,38.35,22669.0
2020-04-24 12:00:00,NSE:HINDOILEXP,38.35,39.0,38.25,38.45,33498.0
2020-04-24 13:00:00,NSE:HINDOILEXP,38.45,38.45,38.1,38.25,12476.0
2020-04-24 14:00:00,NSE:HINDOILEXP,38.25,38.45,37.6,38.1,41809.0
2020-04-24 15:00:00,NSE:HINDOILEXP,38.1,38.3,37.65,37.9,15941.0
2020-04-27 09:00:00,NSE:HINDOILEXP,38.1,39.0,38.05,38.25,33791.0
2020-04-27 10:00:00,NSE:HINDOILEXP,38.35,38.35,36.8,37.75,37098.0
2020-04-27 11:00:00,NSE:HINDOILEXP,37.75,38.15,37.6,37.7,24507.0
2020-04-27 12:00:00,NSE:HINDOILEXP,37.7,38.2,37.65,38.0,20039.0
2020-04-27 13:00:00,NSE:HINDOILEXP,38.0,38.0,37.5,37.95,13587.0
2020-04-27 14:00:00,NSE:HINDOILEXP,37.9,38.0,37.1,37.6,19493.0
2020-04-27 15:00:00,NSE:HINDOILEXP,37.6,37.85,37.45,37.65,11468.0
2020-04-28 09:00:00,NSE:HINDOILEXP,38.25,38.25,37.1,37.7,25600.0
2020-04-28 10:00:00,NSE:HINDOILEXP,37.7,37.95,37.7,37.9,13768.0
2020-04-28 11:00:00,NSE:HINDOILEXP,37.9,37.95,37.4,37.45,36793.0
2020-04-28 12:00:00,NSE:HINDOILEXP,37.45,37.6,37.25,37.35,21420.0
2020-04-28 13:00:00,NSE:HINDOILEXP,37.5,37.8,37.35,37.7,9314.0
2020-04-28 14:00:00,NSE:HINDOILEXP,37.7,37.8,37.5,37.7,11476.0
2020-04-28 15:00:00,NSE:HINDOILEXP,37.7,37.85,37.4,37.6,12435.0
2020-04-29 09:00:00,NSE:HINDOILEXP,38.8,39.85,38.0,38.95,97342.0
2020-04-29 10:00:00,NSE:HINDOILEXP,38.85,39.0,38.6,38.6,28777.0
2020-04-29 11:00:00,NSE:HINDOILEXP,38.6,38.95,38.6,38.8,13114.0
2020-04-29 12:00:00,NSE:HINDOILEXP,38.8,39.5,38.8,39.5,55832.0
2020-04-29 13:00:00,NSE:HINDOILEXP,39.35,39.5,38.8,38.95,31666.0
2020-04-29 14:00:00,NSE:HINDOILEXP,38.8,38.95,37.1,38.25,49890.0
2020-04-29 15:00:00,NSE:HINDOILEXP,38.2,38.85,38.0,38.4,42938.0
2020-04-30 09:00:00,NSE:HINDOILEXP,40.0,40.85,39.45,39.95,146693.0
2020-04-30 10:00:00,NSE:HINDOILEXP,39.95,40.1,39.65,39.7,78870.0
2020-04-30 11:00:00,NSE:HINDOILEXP,39.7,40.4,39.5,40.3,116908.0
2020-04-30 12:00:00,NSE:HINDOILEXP,39.95,40.6,39.9,39.95,48547.0
2020-04-30 13:00:00,NSE:HINDOILEXP,39.95,40.8,39.85,40.05,86660.0
2020-04-30 14:00:00,NSE:HINDOILEXP,40.15,40.45,39.8,40.25,165060.0
2020-04-30 15:00:00,NSE:HINDOILEXP,40.1,40.4,39.85,40.0,176984.0
2020-05-04 09:00:00,NSE:HINDOILEXP,39.65,39.65,38.5,39.25,74187.0
2020-05-04 10:00:00,NSE:HINDOILEXP,39.2,39.55,38.75,39.3,77364.0
2020-05-04 11:00:00,NSE:HINDOILEXP,39.4,39.5,38.25,38.4,48192.0
2020-05-04 12:00:00,NSE:HINDOILEXP,38.4,39.1,38.4,39.1,19911.0
2020-05-04 13:00:00,NSE:HINDOILEXP,39.15,39.25,38.95,39.15,27950.0
2020-05-04 14:00:00,NSE:HINDOILEXP,39.15,39.2,38.95,39.1,32876.0
2020-05-04 15:00:00,NSE:HINDOILEXP,39.1,39.15,38.9,39.0,27432.0
2020-05-05 09:00:00,NSE:HINDOILEXP,39.85,39.9,39.15,39.2,99757.0
2020-05-05 10:00:00,NSE:HINDOILEXP,39.3,39.55,38.95,38.95,58713.0
2020-05-05 11:00:00,NSE:HINDOILEXP,39.05,39.35,38.75,39.0,15184.0
2020-05-05 12:00:00,NSE:HINDOILEXP,38.85,39.45,38.8,39.0,26648.0
2020-05-05 13:00:00,NSE:HINDOILEXP,39.0,39.3,38.9,39.25,39248.0
2020-05-05 14:00:00,NSE:HINDOILEXP,39.25,39.25,38.95,38.95,8401.0
2020-05-05 15:00:00,NSE:HINDOILEXP,38.95,39.2,38.85,39.0,32620.0
2020-05-06 09:00:00,NSE:HINDOILEXP,39.95,40.0,38.85,39.1,72796.0
2020-05-06 10:00:00,NSE:HINDOILEXP,39.0,39.15,38.9,39.0,27106.0
2020-05-06 11:00:00,NSE:HINDOILEXP,39.0,39.1,38.85,39.0,25289.0
2020-05-06 12:00:00,NSE:HINDOILEXP,39.0,39.9,38.85,39.9,91929.0
2020-05-06 13:00:00,NSE:HINDOILEXP,39.9,39.9,39.4,39.75,138292.0
2020-05-06 14:00:00,NSE:HINDOILEXP,39.75,39.75,39.15,39.5,262443.0
2020-05-06 15:00:00,NSE:HINDOILEXP,39.5,39.85,39.45,39.55,135065.0
2020-05-07 09:00:00,NSE:HINDOILEXP,39.9,40.0,39.2,39.4,31312.0
2020-05-07 10:00:00,NSE:HINDOILEXP,39.4,39.55,39.3,39.4,8208.0
2020-05-07 11:00:00,NSE:HINDOILEXP,39.4,39.5,39.2,39.35,7386.0
2020-05-07 12:00:00,NSE:HINDOILEXP,39.35,39.55,39.1,39.5,11401.0
2020-05-07 13:00:00,NSE:HINDOILEXP,39.5,39.6,39.1,39.25,19172.0
2020-05-07 14:00:00,NSE:HINDOILEXP,39.25,39.9,39.0,39.8,36943.0
2020-05-07 15:00:00,NSE:HINDOILEXP,39.7,40.2,39.35,40.15,63885.0
2020-05-08 09:00:00,NSE:HINDOILEXP,40.25,40.4,39.75,39.85,21370.0
2020-05-08 10:00:00,NSE:HINDOILEXP,39.85,40.5,39.8,40.2,23880.0
2020-05-08 11:00:00,NSE:HINDOILEXP,40.25,40.35,40.15,40.2,11654.0
2020-05-08 12:00:00,NSE:HINDOILEXP,40.3,40.4,40.2,40.3,12185.0
2020-05-08 13:00:00,NSE:HINDOILEXP,40.3,40.9,40.25,40.4,34290.0
2020-05-08 14:00:00,NSE:HINDOILEXP,40.5,41.3,40.2,40.4,92910.0
2020-05-08 15:00:00,NSE:HINDOILEXP,40.45,40.75,40.3,40.55,27623.0
2020-05-11 09:00:00,NSE:HINDOILEXP,41.8,42.5,40.55,41.65,87325.0
2020-05-11 10:00:00,NSE:HINDOILEXP,41.7,42.4,41.0,41.15,32889.0
2020-05-11 11:00:00,NSE:HINDOILEXP,41.1,41.2,40.75,41.15,16243.0
2020-05-11 12:00:00,NSE:HINDOILEXP,41.0,41.1,40.85,41.1,12349.0
2020-05-11 13:00:00,NSE:HINDOILEXP,41.0,41.2,40.6,40.7,20716.0
2020-05-11 14:00:00,NSE:HINDOILEXP,40.7,40.7,40.3,40.35,25008.0
2020-05-11 15:00:00,NSE:HINDOILEXP,40.35,40.5,40.3,40.4,11179.0
2020-05-12 09:00:00,NSE:HINDOILEXP,40.4,40.4,38.45,39.7,18927.0
2020-05-12 10:00:00,NSE:HINDOILEXP,39.7,40.5,39.55,39.8,18152.0
2020-05-12 11:00:00,NSE:HINDOILEXP,39.8,39.95,39.55,39.55,12724.0
2020-05-12 12:00:00,NSE:HINDOILEXP,39.55,39.9,39.55,39.8,6520.0
2020-05-12 13:00:00,NSE:HINDOILEXP,39.7,40.0,39.6,39.65,12075.0
2020-05-12 14:00:00,NSE:HINDOILEXP,39.75,39.85,39.5,39.7,20995.0
2020-05-12 15:00:00,NSE:HINDOILEXP,39.75,39.75,39.5,39.6,19367.0
2020-05-13 09:00:00,NSE:HINDOILEXP,39.95,41.35,39.95,41.0,88878.0
2020-05-13 10:00:00,NSE:HINDOILEXP,40.9,40.95,40.55,40.75,32616.0
2020-05-13 11:00:00,NSE:HINDOILEXP,40.75,40.9,40.65,40.9,7680.0
2020-05-13 12:00:00,NSE:HINDOILEXP,40.9,40.95,40.65,40.65,11733.0
2020-05-13 13:00:00,NSE:HINDOILEXP,40.85,41.35,40.5,41.05,47945.0
2020-05-13 14:00:00,NSE:HINDOILEXP,41.05,41.35,40.75,41.1,16904.0
2020-05-13 15:00:00,NSE:HINDOILEXP,41.1,41.25,40.7,40.9,25245.0
2020-05-14 09:00:00,NSE:HINDOILEXP,40.5,40.9,40.0,40.2,15350.0
2020-05-14 10:00:00,NSE:HINDOILEXP,40.2,40.85,40.2,40.7,8549.0
2020-05-14 11:00:00,NSE:HINDOILEXP,40.7,40.75,40.3,40.5,8969.0
2020-05-14 12:00:00,NSE:HINDOILEXP,40.5,40.6,40.2,40.5,11269.0
2020-05-14 13:00:00,NSE:HINDOILEXP,40.5,40.5,39.9,39.9,20542.0
2020-05-14 14:00:00,NSE:HINDOILEXP,39.95,40.1,39.4,40.05,41026.0
2020-05-14 15:00:00,NSE:HINDOILEXP,40.0,40.15,40.0,40.1,16645.0
2020-05-15 09:00:00,NSE:HINDOILEXP,40.8,40.8,39.8,40.25,22378.0
2020-05-15 10:00:00,NSE:HINDOILEXP,40.45,40.45,39.75,39.95,22918.0
2020-05-15 11:00:00,NSE:HINDOILEXP,39.95,40.5,39.85,40.3,11142.0
2020-05-15 12:00:00,NSE:HINDOILEXP,40.45,40.5,40.1,40.3,13962.0
2020-05-15 13:00:00,NSE:HINDOILEXP,40.3,40.5,39.8,40.0,39275.0
2020-05-15 14:00:00,NSE:HINDOILEXP,39.9,40.1,39.75,40.0,25821.0
2020-05-15 15:00:00,NSE:HINDOILEXP,40.0,40.0,39.7,39.9,21030.0
2020-05-18 09:00:00,NSE:HINDOILEXP,40.5,40.5,39.4,39.6,31638.0
2020-05-18 10:00:00,NSE:HINDOILEXP,39.8,40.4,39.3,39.8,32517.0
2020-05-18 11:00:00,NSE:HINDOILEXP,39.55,39.75,39.35,39.5,22580.0
2020-05-18 12:00:00,NSE:HINDOILEXP,39.4,39.75,39.4,39.45,7472.0
2020-05-18 13:00:00,NSE:HINDOILEXP,39.45,39.55,39.35,39.45,8905.0
2020-05-18 14:00:00,NSE:HINDOILEXP,39.45,39.55,39.3,39.4,11040.0
2020-05-18 15:00:00,NSE:HINDOILEXP,39.4,39.55,39.05,39.25,30449.0
2020-05-19 09:00:00,NSE:HINDOILEXP,40.05,40.6,39.6,40.05,93384.0
2020-05-19 10:00:00,NSE:HINDOILEXP,40.0,40.5,39.9,40.2,45438.0
2020-05-19 11:00:00,NSE:HINDOILEXP,40.2,40.3,40.0,40.1,26093.0
2020-05-19 12:00:00,NSE:HINDOILEXP,40.0,40.3,40.0,40.3,6664.0
2020-05-19 13:00:00,NSE:HINDOILEXP,40.25,40.25,39.95,40.0,17382.0
2020-05-19 14:00:00,NSE:HINDOILEXP,40.0,40.2,39.7,39.7,26081.0
2020-05-19 15:00:00,NSE:HINDOILEXP,39.8,39.9,39.5,39.8,23204.0
2020-05-20 09:00:00,NSE:HINDOILEXP,40.0,40.0,38.0,39.7,20572.0
2020-05-20 10:00:00,NSE:HINDOILEXP,39.65,40.0,39.5,39.6,8382.0
2020-05-20 11:00:00,NSE:HINDOILEXP,39.6,40.1,39.5,40.0,29603.0
2020-05-20 12:00:00,NSE:HINDOILEXP,39.85,40.0,39.5,39.7,6806.0
2020-05-20 13:00:00,NSE:HINDOILEXP,39.7,39.7,39.5,39.5,3267.0
2020-05-20 14:00:00,NSE:HINDOILEXP,39.6,39.95,39.5,39.8,12719.0
2020-05-20 15:00:00,NSE:HINDOILEXP,39.75,40.2,39.5,39.75,28310.0
2020-05-21 09:00:00,NSE:HINDOILEXP,39.8,40.2,39.5,40.0,13798.0
2020-05-21 10:00:00,NSE:HINDOILEXP,40.0,40.15,39.95,40.0,12312.0
2020-05-21 11:00:00,NSE:HINDOILEXP,40.0,40.0,39.95,40.0,23561.0
2020-05-21 12:00:00,NSE:HINDOILEXP,40.0,40.7,39.9,40.35,57795.0
2020-05-21 13:00:00,NSE:HINDOILEXP,40.35,40.6,40.15,40.5,40418.0
2020-05-21 14:00:00,NSE:HINDOILEXP,40.5,41.35,40.5,40.65,99981.0
2020-05-21 15:00:00,NSE:HINDOILEXP,40.8,40.9,40.5,40.7,33209.0
2020-05-22 09:00:00,NSE:HINDOILEXP,41.2,42.1,40.7,42.0,91030.0
2020-05-22 10:00:00,NSE:HINDOILEXP,42.1,42.3,41.1,41.65,116704.0
2020-05-22 11:00:00,NSE:HINDOILEXP,41.7,42.2,41.55,41.85,65852.0
2020-05-22 12:00:00,NSE:HINDOILEXP,41.85,42.25,41.3,41.65,35881.0
2020-05-22 13:00:00,NSE:HINDOILEXP,41.7,42.05,41.6,42.05,26759.0
2020-05-22 14:00:00,NSE:HINDOILEXP,42.05,42.2,41.5,41.95,51027.0
2020-05-22 15:00:00,NSE:HINDOILEXP,41.95,42.15,41.55,42.0,84477.0
2020-05-26 09:00:00,NSE:HINDOILEXP,42.0,43.0,41.75,42.7,55971.0
2020-05-26 10:00:00,NSE:HINDOILEXP,42.8,43.25,42.6,42.6,42946.0
2020-05-26 11:00:00,NSE:HINDOILEXP,42.6,43.05,42.6,43.0,51532.0
2020-05-26 12:00:00,NSE:HINDOILEXP,43.05,43.1,42.8,43.1,28861.0
2020-05-26 13:00:00,NSE:HINDOILEXP,43.0,43.1,42.75,42.9,42138.0
2020-05-26 14:00:00,NSE:HINDOILEXP,42.9,42.95,42.75,42.85,19485.0
2020-05-26 15:00:00,NSE:HINDOILEXP,42.85,43.15,42.75,43.05,67216.0
2020-05-27 09:00:00,NSE:HINDOILEXP,43.6,44.7,43.15,44.05,102456.0
2020-05-27 10:00:00,NSE:HINDOILEXP,44.05,44.75,44.0,44.25,67798.0
2020-05-27 11:00:00,NSE:HINDOILEXP,44.25,47.0,44.25,46.7,198523.0
2020-05-27 12:00:00,NSE:HINDOILEXP,46.7,47.3,45.8,46.7,182417.0
2020-05-27 13:00:00,NSE:HINDOILEXP,46.7,47.0,45.85,46.7,53082.0
2020-05-27 14:00:00,NSE:HINDOILEXP,46.7,46.7,44.6,45.75,99976.0
2020-05-27 15:00:00,NSE:HINDOILEXP,45.95,46.7,45.7,46.3,70150.0
2020-05-28 09:00:00,NSE:HINDOILEXP,47.3,48.5,46.1,48.2,94532.0
2020-05-28 10:00:00,NSE:HINDOILEXP,48.2,50.05,48.0,49.45,183727.0
2020-05-28 11:00:00,NSE:HINDOILEXP,49.4,50.9,49.3,50.25,221754.0
2020-05-28 12:00:00,NSE:HINDOILEXP,50.2,50.6,49.65,50.0,104302.0
2020-05-28 13:00:00,NSE:HINDOILEXP,50.25,50.55,49.45,50.3,75296.0
2020-05-28 14:00:00,NSE:HINDOILEXP,50.35,50.9,50.2,50.8,209508.0
2020-05-28 15:00:00,NSE:HINDOILEXP,50.9,50.9,50.65,50.9,36963.0
2020-05-29 09:00:00,NSE:HINDOILEXP,53.15,53.15,48.65,50.4,224439.0
2020-05-29 10:00:00,NSE:HINDOILEXP,50.5,52.3,50.35,51.7,73619.0
2020-05-29 11:00:00,NSE:HINDOILEXP,51.7,51.7,49.65,50.45,44713.0
2020-05-29 12:00:00,NSE:HINDOILEXP,50.45,50.8,50.0,50.8,25507.0
2020-05-29 13:00:00,NSE:HINDOILEXP,50.8,52.0,50.1,50.2,27479.0
2020-05-29 14:00:00,NSE:HINDOILEXP,51.15,51.5,50.1,50.3,27392.0
2020-05-29 15:00:00,NSE:HINDOILEXP,50.3,51.25,50.1,50.8,35405.0
2020-06-01 09:00:00,NSE:HINDOILEXP,51.0,52.5,49.65,51.7,147028.0
2020-06-01 10:00:00,NSE:HINDOILEXP,51.7,52.3,51.0,51.0,63642.0
2020-06-01 11:00:00,NSE:HINDOILEXP,51.0,51.95,50.9,51.6,70257.0
2020-06-01 12:00:00,NSE:HINDOILEXP,51.35,51.95,51.3,51.5,92790.0
2020-06-01 13:00:00,NSE:HINDOILEXP,51.4,51.6,51.0,51.35,82512.0
2020-06-01 14:00:00,NSE:HINDOILEXP,51.35,51.6,51.2,51.3,47029.0
2020-06-01 15:00:00,NSE:HINDOILEXP,51.35,51.4,51.2,51.3,51040.0
2020-06-02 09:00:00,NSE:HINDOILEXP,51.7,52.45,51.3,52.0,97322.0
2020-06-02 10:00:00,NSE:HINDOILEXP,52.2,53.0,51.85,52.25,161699.0
2020-06-02 11:00:00,NSE:HINDOILEXP,52.25,53.85,52.1,53.85,239357.0
2020-06-02 12:00:00,NSE:HINDOILEXP,53.85,53.85,53.35,53.85,208979.0
2020-06-02 13:00:00,NSE:HINDOILEXP,53.85,53.85,53.75,53.85,118595.0
2020-06-02 14:00:00,NSE:HINDOILEXP,53.85,53.85,53.5,53.85,244852.0
2020-06-02 15:00:00,NSE:HINDOILEXP,53.85,53.85,53.85,53.85,6942.0
2020-06-03 09:00:00,NSE:HINDOILEXP,56.5,56.5,56.05,56.25,184791.0
2020-06-03 10:00:00,NSE:HINDOILEXP,56.45,56.5,56.05,56.5,125161.0
2020-06-03 11:00:00,NSE:HINDOILEXP,56.5,56.5,56.5,56.5,12011.0
2020-06-03 12:00:00,NSE:HINDOILEXP,56.5,56.5,56.5,56.5,14800.0
2020-06-03 13:00:00,NSE:HINDOILEXP,56.5,56.5,56.5,56.5,23253.0
2020-06-03 14:00:00,NSE:HINDOILEXP,56.5,56.5,56.5,56.5,13230.0
2020-06-03 15:00:00,NSE:HINDOILEXP,56.5,56.5,56.5,56.5,10697.0
2020-06-04 09:00:00,NSE:HINDOILEXP,59.3,59.3,59.3,59.3,112037.0
2020-06-04 10:00:00,NSE:HINDOILEXP,59.3,59.3,59.3,59.3,36162.0
2020-06-04 11:00:00,NSE:HINDOILEXP,59.3,59.3,59.3,59.3,32319.0
2020-06-04 12:00:00,NSE:HINDOILEXP,59.3,59.3,59.3,59.3,37339.0
2020-06-04 13:00:00,NSE:HINDOILEXP,59.3,59.3,59.3,59.3,2125.0
2020-06-04 14:00:00,NSE:HINDOILEXP,59.3,59.3,59.3,59.3,3167.0
2020-06-04 15:00:00,NSE:HINDOILEXP,59.3,59.3,59.3,59.3,2155.0
2020-06-05 09:00:00,NSE:HINDOILEXP,62.25,62.25,62.25,62.25,25006.0
2020-06-05 10:00:00,NSE:HINDOILEXP,62.25,62.25,62.25,62.25,63055.0
2020-06-05 11:00:00,NSE:HINDOILEXP,62.25,62.25,62.25,62.25,34900.0
2020-06-05 12:00:00,NSE:HINDOILEXP,62.25,62.25,62.25,62.25,38312.0
2020-06-05 13:00:00,NSE:HINDOILEXP,62.25,62.25,62.25,62.25,82100.0
2020-06-05 14:00:00,NSE:HINDOILEXP,62.25,62.25,62.25,62.25,19998.0
2020-06-05 15:00:00,NSE:HINDOILEXP,62.25,62.25,62.25,62.25,706.0
2020-06-08 09:00:00,NSE:HINDOILEXP,65.35,65.35,64.5,65.05,578794.0
2020-06-08 10:00:00,NSE:HINDOILEXP,65.2,65.35,62.5,63.5,221034.0
2020-06-08 11:00:00,NSE:HINDOILEXP,63.75,65.35,63.4,65.35,189240.0
2020-06-08 12:00:00,NSE:HINDOILEXP,65.35,65.35,65.35,65.35,27349.0
2020-06-08 13:00:00,NSE:HINDOILEXP,65.35,65.35,65.35,65.35,20269.0
2020-06-08 14:00:00,NSE:HINDOILEXP,65.35,65.35,65.35,65.35,6988.0
2020-06-08 15:00:00,NSE:HINDOILEXP,65.35,65.35,65.35,65.35,2350.0
2020-06-09 09:00:00,NSE:HINDOILEXP,67.45,67.45,62.1,62.1,187189.0
2020-06-09 10:00:00,NSE:HINDOILEXP,62.1,62.1,62.1,62.1,26681.0
2020-06-09 11:00:00,NSE:HINDOILEXP,62.1,62.1,62.1,62.1,12514.0
2020-06-09 12:00:00,NSE:HINDOILEXP,62.1,62.1,62.1,62.1,11672.0
2020-06-09 13:00:00,NSE:HINDOILEXP,62.1,62.1,62.1,62.1,4532.0
2020-06-09 14:00:00,NSE:HINDOILEXP,62.1,64.1,62.1,62.15,268046.0
2020-06-09 15:00:00,NSE:HINDOILEXP,62.15,67.95,62.1,65.95,209254.0
2020-06-10 09:00:00,NSE:HINDOILEXP,64.9,65.0,63.55,64.05,60016.0
2020-06-10 10:00:00,NSE:HINDOILEXP,64.0,69.2,64.0,69.2,359294.0
2020-06-10 11:00:00,NSE:HINDOILEXP,69.2,69.2,69.2,69.2,60508.0
2020-06-10 12:00:00,NSE:HINDOILEXP,69.2,69.2,68.4,69.2,139178.0
2020-06-10 13:00:00,NSE:HINDOILEXP,69.2,69.2,69.2,69.2,12699.0
2020-06-10 14:00:00,NSE:HINDOILEXP,69.2,69.2,68.05,69.1,78215.0
2020-06-10 15:00:00,NSE:HINDOILEXP,69.1,69.2,68.65,69.15,13803.0
2020-06-11 09:00:00,NSE:HINDOILEXP,71.0,72.5,70.0,70.7,243412.0
2020-06-11 10:00:00,NSE:HINDOILEXP,70.35,71.75,70.0,70.55,116289.0
2020-06-11 11:00:00,NSE:HINDOILEXP,70.75,72.0,70.5,70.8,334673.0
2020-06-11 12:00:00,NSE:HINDOILEXP,70.8,70.85,69.2,70.2,142892.0
2020-06-11 13:00:00,NSE:HINDOILEXP,70.4,70.7,66.0,66.0,129882.0
2020-06-11 14:00:00,NSE:HINDOILEXP,65.7,66.75,65.7,65.7,160055.0
2020-06-11 15:00:00,NSE:HINDOILEXP,65.7,66.0,65.7,65.7,151637.0
2020-06-12 09:00:00,NSE:HINDOILEXP,62.45,62.45,62.45,62.45,25411.0
2020-06-12 10:00:00,NSE:HINDOILEXP,62.45,65.25,62.45,64.7,190909.0
2020-06-12 11:00:00,NSE:HINDOILEXP,65.0,65.25,62.7,64.35,77158.0
2020-06-12 12:00:00,NSE:HINDOILEXP,64.35,64.45,63.1,63.9,22156.0
2020-06-12 13:00:00,NSE:HINDOILEXP,63.9,64.0,63.1,63.85,31039.0
2020-06-12 14:00:00,NSE:HINDOILEXP,63.85,64.05,62.45,62.9,88215.0
2020-06-12 15:00:00,NSE:HINDOILEXP,63.0,64.0,62.45,63.05,68122.0
2020-06-15 09:00:00,NSE:HINDOILEXP,64.95,65.25,62.5,64.2,71680.0
2020-06-15 10:00:00,NSE:HINDOILEXP,64.15,64.65,63.1,63.25,47922.0
2020-06-15 11:00:00,NSE:HINDOILEXP,63.45,63.6,62.6,63.0,29084.0
2020-06-15 12:00:00,NSE:HINDOILEXP,63.0,63.65,62.75,63.6,13357.0
2020-06-15 13:00:00,NSE:HINDOILEXP,63.4,63.8,62.5,63.8,35445.0
2020-06-15 14:00:00,NSE:HINDOILEXP,63.9,64.5,63.8,64.0,50078.0
2020-06-15 15:00:00,NSE:HINDOILEXP,64.0,64.0,63.85,63.95,31791.0
2020-06-16 09:00:00,NSE:HINDOILEXP,65.35,65.8,63.3,64.5,43092.0
2020-06-16 10:00:00,NSE:HINDOILEXP,64.5,65.7,63.4,65.2,44727.0
2020-06-16 11:00:00,NSE:HINDOILEXP,65.1,67.1,64.0,67.1,2205568.0
2020-06-16 12:00:00,NSE:HINDOILEXP,67.1,67.1,67.1,67.1,37062.0
2020-06-16 13:00:00,NSE:HINDOILEXP,67.1,67.1,64.45,67.1,567042.0
2020-06-16 14:00:00,NSE:HINDOILEXP,67.1,67.1,67.1,67.1,14105.0
2020-06-16 15:00:00,NSE:HINDOILEXP,67.1,67.1,67.1,67.1,4547.0
2020-06-17 09:00:00,NSE:HINDOILEXP,70.45,70.45,69.0,70.45,183648.0
2020-06-17 10:00:00,NSE:HINDOILEXP,70.45,70.45,70.45,70.45,6186.0
2020-06-17 11:00:00,NSE:HINDOILEXP,70.45,70.45,70.45,70.45,4823.0
2020-06-17 12:00:00,NSE:HINDOILEXP,70.45,70.45,70.45,70.45,3779.0
2020-06-17 13:00:00,NSE:HINDOILEXP,70.45,70.45,70.45,70.45,1900.0
2020-06-17 14:00:00,NSE:HINDOILEXP,70.45,70.45,70.45,70.45,5901.0
2020-06-17 15:00:00,NSE:HINDOILEXP,70.45,70.45,70.45,70.45,1523.0
2020-06-18 09:00:00,NSE:HINDOILEXP,73.95,73.95,70.75,73.95,1404300.0
2020-06-18 10:00:00,NSE:HINDOILEXP,73.95,73.95,73.95,73.95,11432.0
2020-06-18 11:00:00,NSE:HINDOILEXP,73.95,73.95,73.95,73.95,3416.0
2020-06-18 12:00:00,NSE:HINDOILEXP,73.95,73.95,73.95,73.95,1784.0
2020-06-18 13:00:00,NSE:HINDOILEXP,73.95,73.95,73.95,73.95,2892.0
2020-06-18 14:00:00,NSE:HINDOILEXP,73.95,73.95,73.95,73.95,29696.0
2020-06-18 15:00:00,NSE:HINDOILEXP,73.95,73.95,73.95,73.95,48390.0
2020-06-19 09:00:00,NSE:HINDOILEXP,76.0,77.6,74.65,75.0,393141.0
2020-06-19 10:00:00,NSE:HINDOILEXP,75.25,75.8,73.0,74.45,117682.0
2020-06-19 11:00:00,NSE:HINDOILEXP,74.45,75.7,73.35,73.95,90728.0
2020-06-19 12:00:00,NSE:HINDOILEXP,73.95,74.25,73.2,73.35,52509.0
2020-06-19 13:00:00,NSE:HINDOILEXP,73.4,74.25,71.4,74.05,120647.0
2020-06-19 14:00:00,NSE:HINDOILEXP,74.05,74.4,72.6,73.0,49066.0
2020-06-19 15:00:00,NSE:HINDOILEXP,72.95,73.9,71.4,72.65,112446.0
2020-06-22 09:00:00,NSE:HINDOILEXP,73.0,74.2,73.0,73.5,71750.0
2020-06-22 10:00:00,NSE:HINDOILEXP,73.3,73.9,71.4,71.85,120139.0
2020-06-22 11:00:00,NSE:HINDOILEXP,71.85,72.8,71.65,72.4,22001.0
2020-06-22 12:00:00,NSE:HINDOILEXP,72.4,72.85,71.5,72.7,23361.0
2020-06-22 13:00:00,NSE:HINDOILEXP,72.8,73.2,72.25,72.9,23860.0
2020-06-22 14:00:00,NSE:HINDOILEXP,72.9,73.35,72.05,72.2,60313.0
2020-06-22 15:00:00,NSE:HINDOILEXP,72.25,72.55,72.0,72.15,29763.0
2020-06-23 09:00:00,NSE:HINDOILEXP,72.85,72.9,71.7,72.8,53699.0
2020-06-23 10:00:00,NSE:HINDOILEXP,72.8,72.8,71.8,72.1,33521.0
2020-06-23 11:00:00,NSE:HINDOILEXP,72.05,72.35,72.0,72.35,7791.0
2020-06-23 12:00:00,NSE:HINDOILEXP,72.25,75.75,72.25,74.6,339219.0
2020-06-23 13:00:00,NSE:HINDOILEXP,74.6,74.9,72.0,72.35,80638.0
2020-06-23 14:00:00,NSE:HINDOILEXP,72.45,74.15,72.1,73.9,85450.0
2020-06-23 15:00:00,NSE:HINDOILEXP,74.0,74.0,73.0,73.4,46296.0
2020-06-24 09:00:00,NSE:HINDOILEXP,73.5,74.45,73.2,73.75,66877.0
2020-06-24 10:00:00,NSE:HINDOILEXP,73.95,74.0,71.8,71.95,74460.0
2020-06-24 11:00:00,NSE:HINDOILEXP,71.95,72.4,71.3,71.75,31745.0
2020-06-24 12:00:00,NSE:HINDOILEXP,71.7,73.15,71.7,73.0,18607.0
2020-06-24 13:00:00,NSE:HINDOILEXP,72.75,72.9,70.6,71.55,29087.0
2020-06-24 14:00:00,NSE:HINDOILEXP,71.15,71.5,70.2,70.8,33653.0
2020-06-24 15:00:00,NSE:HINDOILEXP,70.75,71.0,70.1,70.5,26086.0
2020-06-25 09:00:00,NSE:HINDOILEXP,68.9,68.9,67.0,68.25,101952.0
2020-06-25 10:00:00,NSE:HINDOILEXP,68.25,68.5,67.6,68.35,62426.0
2020-06-25 11:00:00,NSE:HINDOILEXP,68.4,68.5,67.0,67.0,57801.0
2020-06-25 12:00:00,NSE:HINDOILEXP,67.0,67.7,67.0,67.55,26445.0
2020-06-25 13:00:00,NSE:HINDOILEXP,67.55,68.1,67.0,67.05,59616.0
2020-06-25 14:00:00,NSE:HINDOILEXP,67.1,67.5,67.1,67.4,17820.0
2020-06-25 15:00:00,NSE:HINDOILEXP,67.5,67.5,67.0,67.1,34134.0
2020-06-26 09:00:00,NSE:HINDOILEXP,68.0,70.0,67.8,68.65,85438.0
2020-06-26 10:00:00,NSE:HINDOILEXP,68.4,69.05,68.3,68.4,39850.0
2020-06-26 11:00:00,NSE:HINDOILEXP,68.4,68.9,67.5,67.65,56259.0
2020-06-26 12:00:00,NSE:HINDOILEXP,67.6,68.5,67.25,67.45,30633.0
2020-06-26 13:00:00,NSE:HINDOILEXP,67.65,67.9,67.0,67.45,20725.0
2020-06-26 14:00:00,NSE:HINDOILEXP,67.4,67.9,67.3,67.35,14353.0
2020-06-26 15:00:00,NSE:HINDOILEXP,67.5,67.85,67.25,67.45,36663.0
2020-06-29 09:00:00,NSE:HINDOILEXP,67.4,67.4,65.75,65.9,30665.0
2020-06-29 10:00:00,NSE:HINDOILEXP,65.8,66.1,64.3,65.4,34258.0
2020-06-29 11:00:00,NSE:HINDOILEXP,65.65,66.7,65.4,66.6,30567.0
2020-06-29 12:00:00,NSE:HINDOILEXP,66.65,68.5,66.55,67.7,43413.0
2020-06-29 13:00:00,NSE:HINDOILEXP,67.8,68.8,67.65,67.9,30926.0
2020-06-29 14:00:00,NSE:HINDOILEXP,67.9,69.65,67.5,67.5,65969.0
2020-06-29 15:00:00,NSE:HINDOILEXP,67.5,68.0,66.65,67.25,51240.0
2020-06-30 09:00:00,NSE:HINDOILEXP,70.6,70.6,67.5,67.75,303848.0
2020-06-30 10:00:00,NSE:HINDOILEXP,67.85,69.7,66.65,69.3,94098.0
2020-06-30 11:00:00,NSE:HINDOILEXP,69.25,69.25,67.85,67.85,36623.0
2020-06-30 12:00:00,NSE:HINDOILEXP,67.85,68.0,66.35,66.35,50568.0
2020-06-30 13:00:00,NSE:HINDOILEXP,66.5,67.05,65.45,66.4,55005.0
2020-06-30 14:00:00,NSE:HINDOILEXP,66.4,66.4,65.7,65.9,25755.0
2020-06-30 15:00:00,NSE:HINDOILEXP,65.9,66.2,65.15,65.65,48050.0
2020-07-01 09:00:00,NSE:HINDOILEXP,66.1,67.6,66.0,66.6,28427.0
2020-07-01 10:00:00,NSE:HINDOILEXP,66.5,66.75,66.0,66.3,15283.0
2020-07-01 11:00:00,NSE:HINDOILEXP,66.05,67.0,66.05,66.9,14848.0
2020-07-01 12:00:00,NSE:HINDOILEXP,66.65,66.9,66.6,66.8,5511.0
2020-07-01 13:00:00,NSE:HINDOILEXP,66.75,66.8,66.5,66.7,8357.0
2020-07-01 14:00:00,NSE:HINDOILEXP,66.7,66.7,65.9,65.9,31910.0
2020-07-01 15:00:00,NSE:HINDOILEXP,66.0,66.6,65.5,66.05,31801.0
2020-07-02 09:00:00,NSE:HINDOILEXP,67.95,67.95,66.35,67.15,19044.0
2020-07-02 10:00:00,NSE:HINDOILEXP,67.15,67.25,66.05,67.0,27385.0
2020-07-02 11:00:00,NSE:HINDOILEXP,67.0,67.2,66.7,66.8,26314.0
2020-07-02 12:00:00,NSE:HINDOILEXP,66.95,67.0,66.75,67.0,7111.0
2020-07-02 13:00:00,NSE:HINDOILEXP,66.9,67.0,66.65,66.65,13650.0
2020-07-02 14:00:00,NSE:HINDOILEXP,66.5,66.75,65.8,66.2,20974.0
2020-07-02 15:00:00,NSE:HINDOILEXP,66.0,66.5,66.0,66.25,125334.0
2020-07-03 09:00:00,NSE:HINDOILEXP,66.6,67.25,65.55,66.1,24030.0
2020-07-03 10:00:00,NSE:HINDOILEXP,66.1,66.2,65.35,65.75,20467.0
2020-07-03 11:00:00,NSE:HINDOILEXP,65.6,65.75,65.25,65.25,16245.0
2020-07-03 12:00:00,NSE:HINDOILEXP,65.25,66.0,65.25,65.95,6608.0
2020-07-03 13:00:00,NSE:HINDOILEXP,65.85,65.85,65.5,65.5,4937.0
2020-07-03 14:00:00,NSE:HINDOILEXP,65.55,66.0,65.5,65.9,11436.0
2020-07-03 15:00:00,NSE:HINDOILEXP,65.9,66.0,64.75,65.0,44769.0
2020-07-06 09:00:00,NSE:HINDOILEXP,64.0,64.45,62.5,63.0,107994.0
2020-07-06 10:00:00,NSE:HINDOILEXP,62.9,63.7,62.4,63.5,60153.0
2020-07-06 11:00:00,NSE:HINDOILEXP,63.55,63.85,63.2,63.75,21183.0
2020-07-06 12:00:00,NSE:HINDOILEXP,63.7,64.0,63.1,63.5,15356.0
2020-07-06 13:00:00,NSE:HINDOILEXP,63.5,64.0,62.5,62.9,82222.0
2020-07-06 14:00:00,NSE:HINDOILEXP,62.9,63.6,62.8,63.6,26004.0
2020-07-06 15:00:00,NSE:HINDOILEXP,63.65,64.0,63.5,63.75,50734.0
2020-07-07 09:00:00,NSE:HINDOILEXP,64.0,64.0,63.1,63.7,26527.0
2020-07-07 10:00:00,NSE:HINDOILEXP,63.7,65.5,63.7,65.35,63000.0
2020-07-07 11:00:00,NSE:HINDOILEXP,65.05,65.15,63.85,64.1,33315.0
2020-07-07 12:00:00,NSE:HINDOILEXP,64.2,64.85,64.2,64.8,14870.0
2020-07-07 13:00:00,NSE:HINDOILEXP,64.95,64.95,64.3,64.55,18673.0
2020-07-07 14:00:00,NSE:HINDOILEXP,64.5,64.6,63.75,64.1,37836.0
2020-07-07 15:00:00,NSE:HINDOILEXP,64.05,64.4,64.0,64.4,26545.0
2020-07-08 09:00:00,NSE:HINDOILEXP,63.7,65.0,63.7,64.8,33607.0
2020-07-08 10:00:00,NSE:HINDOILEXP,64.9,67.3,64.55,67.3,130193.0
2020-07-08 11:00:00,NSE:HINDOILEXP,67.3,67.3,67.3,67.3,136359.0
2020-07-08 12:00:00,NSE:HINDOILEXP,67.3,67.3,67.3,67.3,4862.0
2020-07-08 13:00:00,NSE:HINDOILEXP,67.3,67.3,67.3,67.3,2981.0
2020-07-08 14:00:00,NSE:HINDOILEXP,67.3,67.3,66.35,67.3,82672.0
2020-07-08 15:00:00,NSE:HINDOILEXP,67.3,67.3,66.2,67.0,106951.0
2020-07-09 09:00:00,NSE:HINDOILEXP,67.0,68.4,65.5,66.0,173599.0
2020-07-09 10:00:00,NSE:HINDOILEXP,66.0,68.0,65.6,65.8,91252.0
2020-07-09 11:00:00,NSE:HINDOILEXP,65.9,66.0,65.7,65.9,25326.0
2020-07-09 12:00:00,NSE:HINDOILEXP,65.9,66.0,65.55,66.0,17341.0
2020-07-09 13:00:00,NSE:HINDOILEXP,66.0,66.6,66.0,66.55,13763.0
2020-07-09 14:00:00,NSE:HINDOILEXP,66.55,67.7,66.45,66.6,54617.0
2020-07-09 15:00:00,NSE:HINDOILEXP,66.6,66.7,66.2,66.35,26176.0
2020-07-10 09:00:00,NSE:HINDOILEXP,65.55,66.2,65.05,65.7,23249.0
2020-07-10 10:00:00,NSE:HINDOILEXP,65.7,67.65,65.7,66.75,65367.0
2020-07-10 11:00:00,NSE:HINDOILEXP,66.75,67.0,66.5,66.6,7755.0
2020-07-10 12:00:00,NSE:HINDOILEXP,66.5,66.7,66.1,66.4,7422.0
2020-07-10 13:00:00,NSE:HINDOILEXP,66.6,67.0,66.55,66.55,11421.0
2020-07-10 14:00:00,NSE:HINDOILEXP,66.55,66.7,66.05,66.15,23527.0
2020-07-10 15:00:00,NSE:HINDOILEXP,66.15,66.65,66.05,66.3,12435.0
2020-07-13 09:00:00,NSE:HINDOILEXP,66.8,67.3,66.35,67.2,23523.0
2020-07-13 10:00:00,NSE:HINDOILEXP,67.2,67.5,66.75,67.1,31362.0
2020-07-13 11:00:00,NSE:HINDOILEXP,67.1,67.25,66.75,66.8,24020.0
2020-07-13 12:00:00,NSE:HINDOILEXP,66.8,66.8,66.65,66.75,17933.0
2020-07-13 13:00:00,NSE:HINDOILEXP,66.75,66.9,66.5,66.5,8582.0
2020-07-13 14:00:00,NSE:HINDOILEXP,66.5,66.85,66.4,66.5,18008.0
2020-07-13 15:00:00,NSE:HINDOILEXP,66.5,66.85,66.45,66.85,24038.0
2020-07-14 09:00:00,NSE:HINDOILEXP,66.55,66.55,65.1,65.45,13591.0
2020-07-14 10:00:00,NSE:HINDOILEXP,65.5,65.55,64.35,64.35,21734.0
2020-07-14 11:00:00,NSE:HINDOILEXP,64.35,64.8,64.0,64.35,19231.0
2020-07-14 12:00:00,NSE:HINDOILEXP,64.25,64.5,64.0,64.15,12254.0
2020-07-14 13:00:00,NSE:HINDOILEXP,64.1,64.45,64.0,64.3,8979.0
2020-07-14 14:00:00,NSE:HINDOILEXP,64.3,64.4,64.1,64.25,6709.0
2020-07-14 15:00:00,NSE:HINDOILEXP,64.25,64.8,64.05,64.8,14516.0
2020-07-15 09:00:00,NSE:HINDOILEXP,64.8,66.0,64.6,65.05,21591.0
2020-07-15 10:00:00,NSE:HINDOILEXP,65.25,65.5,64.85,65.4,19895.0
2020-07-15 11:00:00,NSE:HINDOILEXP,65.3,65.5,65.0,65.15,8440.0
2020-07-15 12:00:00,NSE:HINDOILEXP,65.15,65.2,64.85,64.9,6486.0
2020-07-15 13:00:00,NSE:HINDOILEXP,64.9,64.95,64.0,64.15,17497.0
2020-07-15 14:00:00,NSE:HINDOILEXP,64.35,65.0,63.75,64.2,14717.0
2020-07-15 15:00:00,NSE:HINDOILEXP,64.2,64.2,63.2,63.55,13977.0
2020-07-16 09:00:00,NSE:HINDOILEXP,63.85,64.45,62.6,63.1,9131.0
2020-07-16 10:00:00,NSE:HINDOILEXP,63.0,63.25,62.7,62.7,9830.0
2020-07-16 11:00:00,NSE:HINDOILEXP,62.7,62.7,60.8,61.85,29193.0
2020-07-16 12:00:00,NSE:HINDOILEXP,61.85,61.9,61.0,61.0,8842.0
2020-07-16 13:00:00,NSE:HINDOILEXP,61.75,62.05,61.2,61.6,13990.0
2020-07-16 14:00:00,NSE:HINDOILEXP,61.85,61.95,61.0,61.4,17691.0
2020-07-16 15:00:00,NSE:HINDOILEXP,61.45,61.5,60.4,60.75,102273.0
2020-07-17 09:00:00,NSE:HINDOILEXP,60.95,63.2,60.95,63.05,41474.0
2020-07-17 10:00:00,NSE:HINDOILEXP,63.05,63.75,62.95,63.75,44383.0
2020-07-17 11:00:00,NSE:HINDOILEXP,63.75,63.75,63.75,63.75,2791.0
2020-07-17 12:00:00,NSE:HINDOILEXP,63.75,63.75,63.75,63.75,1679.0
2020-07-17 13:00:00,NSE:HINDOILEXP,63.75,63.75,63.75,63.75,1406.0
2020-07-17 14:00:00,NSE:HINDOILEXP,63.75,63.75,63.75,63.75,741.0
2020-07-17 15:00:00,NSE:HINDOILEXP,63.75,63.75,63.75,63.75,8986.0
2020-07-20 09:00:00,NSE:HINDOILEXP,66.0,66.0,63.1,64.75,32416.0
2020-07-20 10:00:00,NSE:HINDOILEXP,64.65,65.9,64.3,64.65,44802.0
2020-07-20 11:00:00,NSE:HINDOILEXP,64.55,64.65,64.2,64.4,10094.0
2020-07-20 12:00:00,NSE:HINDOILEXP,64.5,64.5,64.3,64.3,1742.0
2020-07-20 13:00:00,NSE:HINDOILEXP,64.5,64.5,64.0,64.2,4507.0
2020-07-20 14:00:00,NSE:HINDOILEXP,64.1,64.45,64.0,64.1,6564.0
2020-07-20 15:00:00,NSE:HINDOILEXP,64.0,64.85,64.0,64.8,17067.0
2020-07-21 09:00:00,NSE:HINDOILEXP,64.9,65.9,64.55,65.0,13030.0
2020-07-21 10:00:00,NSE:HINDOILEXP,65.0,65.1,64.3,64.9,16076.0
2020-07-21 11:00:00,NSE:HINDOILEXP,64.9,65.3,64.8,65.1,9732.0
2020-07-21 12:00:00,NSE:HINDOILEXP,65.25,65.5,65.1,65.1,6179.0
2020-07-21 13:00:00,NSE:HINDOILEXP,65.3,65.45,65.1,65.1,18081.0
2020-07-21 14:00:00,NSE:HINDOILEXP,65.15,65.5,65.1,65.2,14888.0
2020-07-21 15:00:00,NSE:HINDOILEXP,65.2,65.35,65.0,65.1,15409.0
2020-07-22 09:00:00,NSE:HINDOILEXP,65.55,65.55,64.55,64.55,13363.0
2020-07-22 10:00:00,NSE:HINDOILEXP,64.5,65.2,64.1,65.15,10030.0
2020-07-22 11:00:00,NSE:HINDOILEXP,64.95,65.4,64.95,65.0,11679.0
2020-07-22 12:00:00,NSE:HINDOILEXP,64.95,65.2,64.5,64.9,8622.0
2020-07-22 13:00:00,NSE:HINDOILEXP,64.9,65.2,64.1,64.5,18990.0
2020-07-22 14:00:00,NSE:HINDOILEXP,64.55,64.85,64.1,64.5,9420.0
2020-07-22 15:00:00,NSE:HINDOILEXP,64.55,64.8,64.3,64.4,14297.0
2020-07-23 09:00:00,NSE:HINDOILEXP,64.0,65.25,63.75,64.65,11636.0
2020-07-23 10:00:00,NSE:HINDOILEXP,64.85,64.85,64.1,64.5,12068.0
2020-07-23 11:00:00,NSE:HINDOILEXP,64.5,65.0,64.5,64.9,8133.0
2020-07-23 12:00:00,NSE:HINDOILEXP,64.75,64.9,64.35,64.4,10128.0
2020-07-23 13:00:00,NSE:HINDOILEXP,64.5,67.8,64.5,67.8,92305.0
2020-07-23 14:00:00,NSE:HINDOILEXP,67.8,67.8,67.8,67.8,76665.0
2020-07-23 15:00:00,NSE:HINDOILEXP,67.8,67.8,67.8,67.8,9687.0
2020-07-24 09:00:00,NSE:HINDOILEXP,69.75,69.75,66.9,68.85,137619.0
2020-07-24 10:00:00,NSE:HINDOILEXP,68.85,70.6,68.1,68.45,116994.0
2020-07-24 11:00:00,NSE:HINDOILEXP,68.25,70.0,68.0,69.8,55573.0
2020-07-24 12:00:00,NSE:HINDOILEXP,69.85,70.0,68.2,68.55,60773.0
2020-07-24 13:00:00,NSE:HINDOILEXP,68.3,69.2,68.05,68.8,44795.0
2020-07-24 14:00:00,NSE:HINDOILEXP,69.0,70.0,67.7,68.6,91538.0
2020-07-24 15:00:00,NSE:HINDOILEXP,68.65,69.3,68.05,68.6,43311.0
2020-07-27 09:00:00,NSE:HINDOILEXP,69.5,70.0,66.6,67.0,45664.0
2020-07-27 10:00:00,NSE:HINDOILEXP,67.0,67.8,66.75,67.55,17148.0
2020-07-27 11:00:00,NSE:HINDOILEXP,67.6,67.8,67.2,67.2,24273.0
2020-07-27 12:00:00,NSE:HINDOILEXP,67.2,67.4,65.8,66.2,28810.0
2020-07-27 13:00:00,NSE:HINDOILEXP,66.2,66.45,65.25,65.9,49787.0
2020-07-27 14:00:00,NSE:HINDOILEXP,65.9,65.95,65.5,65.7,12214.0
2020-07-27 15:00:00,NSE:HINDOILEXP,65.7,65.9,65.5,65.65,13629.0
2020-07-28 09:00:00,NSE:HINDOILEXP,66.45,66.45,64.8,65.4,16367.0
2020-07-28 10:00:00,NSE:HINDOILEXP,65.55,65.55,65.0,65.1,8771.0
2020-07-28 11:00:00,NSE:HINDOILEXP,65.2,65.2,64.4,65.0,19861.0
2020-07-28 12:00:00,NSE:HINDOILEXP,64.8,65.5,64.75,65.45,9535.0
2020-07-28 13:00:00,NSE:HINDOILEXP,65.5,65.5,64.75,64.85,8416.0
2020-07-28 14:00:00,NSE:HINDOILEXP,64.95,65.2,64.8,64.8,9725.0
2020-07-28 15:00:00,NSE:HINDOILEXP,64.75,65.05,64.6,65.0,9397.0
2020-07-29 09:00:00,NSE:HINDOILEXP,64.65,66.8,64.65,65.55,54744.0
2020-07-29 10:00:00,NSE:HINDOILEXP,65.55,66.7,65.2,65.85,15440.0
2020-07-29 11:00:00,NSE:HINDOILEXP,66.1,66.3,65.8,66.0,8472.0
2020-07-29 12:00:00,NSE:HINDOILEXP,66.15,66.6,66.0,66.5,17894.0
2020-07-29 13:00:00,NSE:HINDOILEXP,66.5,66.6,66.35,66.5,21146.0
2020-07-29 14:00:00,NSE:HINDOILEXP,66.5,66.55,65.7,65.7,16778.0
2020-07-29 15:00:00,NSE:HINDOILEXP,65.9,66.25,65.3,65.95,24904.0
2020-07-30 09:00:00,NSE:HINDOILEXP,66.5,67.5,66.05,66.6,38511.0
2020-07-30 10:00:00,NSE:HINDOILEXP,66.35,66.65,66.1,66.45,9551.0
2020-07-30 11:00:00,NSE:HINDOILEXP,66.25,66.3,65.8,65.9,12125.0
2020-07-30 12:00:00,NSE:HINDOILEXP,66.0,66.0,65.5,65.5,8381.0
2020-07-30 13:00:00,NSE:HINDOILEXP,65.5,65.65,65.15,65.15,6344.0
2020-07-30 14:00:00,NSE:HINDOILEXP,65.2,65.2,64.1,64.1,19091.0
2020-07-30 15:00:00,NSE:HINDOILEXP,64.2,64.45,63.65,64.1,14884.0
2020-07-31 09:00:00,NSE:HINDOILEXP,64.1,65.0,64.0,64.25,9590.0
2020-07-31 10:00:00,NSE:HINDOILEXP,64.15,64.25,64.05,64.05,5558.0
2020-07-31 11:00:00,NSE:HINDOILEXP,64.2,67.3,63.75,67.3,160128.0
2020-07-31 12:00:00,NSE:HINDOILEXP,67.3,67.3,65.4,66.25,59994.0
2020-07-31 13:00:00,NSE:HINDOILEXP,66.05,66.15,65.55,65.8,7522.0
2020-07-31 14:00:00,NSE:HINDOILEXP,65.8,65.9,64.35,65.0,27961.0
2020-07-31 15:00:00,NSE:HINDOILEXP,64.7,65.1,64.2,64.65,21563.0
2020-08-03 09:00:00,NSE:HINDOILEXP,64.65,67.0,64.65,66.7,43934.0
2020-08-03 10:00:00,NSE:HINDOILEXP,66.7,66.7,65.3,66.25,66336.0
2020-08-03 11:00:00,NSE:HINDOILEXP,66.45,66.75,66.3,66.55,18075.0
2020-08-03 12:00:00,NSE:HINDOILEXP,66.65,67.85,66.5,67.85,120342.0
2020-08-03 13:00:00,NSE:HINDOILEXP,67.85,67.85,67.85,67.85,18530.0
2020-08-03 14:00:00,NSE:HINDOILEXP,67.85,67.85,67.85,67.85,11925.0
2020-08-03 15:00:00,NSE:HINDOILEXP,67.85,67.85,67.85,67.85,1175.0
2020-08-04 09:00:00,NSE:HINDOILEXP,67.85,70.0,67.85,69.9,114765.0
2020-08-04 10:00:00,NSE:HINDOILEXP,69.85,71.2,69.65,71.2,137812.0
2020-08-04 11:00:00,NSE:HINDOILEXP,71.2,71.2,71.2,71.2,19369.0
2020-08-04 12:00:00,NSE:HINDOILEXP,71.2,71.2,71.2,71.2,62532.0
2020-08-04 13:00:00,NSE:HINDOILEXP,71.2,71.2,71.2,71.2,81346.0
2020-08-04 14:00:00,NSE:HINDOILEXP,71.2,71.2,71.2,71.2,4049.0
2020-08-04 15:00:00,NSE:HINDOILEXP,71.2,71.2,71.2,71.2,701.0
2020-08-05 09:00:00,NSE:HINDOILEXP,73.8,73.8,71.85,71.9,126617.0
2020-08-05 10:00:00,NSE:HINDOILEXP,72.0,72.0,69.3,70.8,87025.0
2020-08-05 11:00:00,NSE:HINDOILEXP,70.8,71.0,69.45,69.45,50400.0
2020-08-05 12:00:00,NSE:HINDOILEXP,69.4,70.3,69.25,69.75,9501.0
2020-08-05 13:00:00,NSE:HINDOILEXP,69.9,71.5,69.35,71.3,31832.0
2020-08-05 14:00:00,NSE:HINDOILEXP,71.45,74.75,71.3,74.75,334029.0
2020-08-05 15:00:00,NSE:HINDOILEXP,74.75,74.75,74.75,74.75,17003.0
2020-08-06 09:00:00,NSE:HINDOILEXP,75.0,78.45,74.4,78.45,261801.0
2020-08-06 10:00:00,NSE:HINDOILEXP,78.45,78.45,78.45,78.45,11683.0
2020-08-06 11:00:00,NSE:HINDOILEXP,78.45,78.45,78.45,78.45,4909.0
2020-08-06 12:00:00,NSE:HINDOILEXP,78.45,78.45,78.45,78.45,5133.0
2020-08-06 13:00:00,NSE:HINDOILEXP,78.45,78.45,78.45,78.45,6237.0
2020-08-06 14:00:00,NSE:HINDOILEXP,78.45,78.45,78.45,78.45,4919.0
2020-08-06 15:00:00,NSE:HINDOILEXP,78.45,78.45,78.45,78.45,101298.0
2020-08-07 09:00:00,NSE:HINDOILEXP,79.0,86.9,79.0,81.8,703377.0
2020-08-07 10:00:00,NSE:HINDOILEXP,81.8,83.0,80.6,80.85,174627.0
2020-08-07 11:00:00,NSE:HINDOILEXP,80.95,81.6,78.6,81.45,109588.0
2020-08-07 12:00:00,NSE:HINDOILEXP,81.4,81.9,80.5,80.95,34660.0
2020-08-07 13:00:00,NSE:HINDOILEXP,80.8,83.35,80.6,83.15,81898.0
2020-08-07 14:00:00,NSE:HINDOILEXP,83.2,83.3,81.6,82.25,49818.0
2020-08-07 15:00:00,NSE:HINDOILEXP,82.25,82.9,80.3,81.35,105516.0
2020-08-10 09:00:00,NSE:HINDOILEXP,83.0,85.3,82.9,85.15,104207.0
2020-08-10 10:00:00,NSE:HINDOILEXP,85.1,85.25,84.1,84.1,52649.0
2020-08-10 11:00:00,NSE:HINDOILEXP,84.0,84.4,83.0,83.25,28906.0
2020-08-10 12:00:00,NSE:HINDOILEXP,83.05,83.4,82.4,82.7,48730.0
2020-08-10 13:00:00,NSE:HINDOILEXP,82.7,83.3,81.45,83.3,75874.0
2020-08-10 14:00:00,NSE:HINDOILEXP,83.2,83.2,81.7,82.0,61190.0
2020-08-10 15:00:00,NSE:HINDOILEXP,81.95,81.95,77.7,79.5,174177.0
2020-08-11 09:00:00,NSE:HINDOILEXP,79.4,81.9,79.2,81.7,76452.0
2020-08-11 10:00:00,NSE:HINDOILEXP,81.7,82.3,81.7,81.95,29695.0
2020-08-11 11:00:00,NSE:HINDOILEXP,81.95,82.0,80.7,81.4,39876.0
2020-08-11 12:00:00,NSE:HINDOILEXP,81.4,81.6,80.25,81.3,12990.0
2020-08-11 13:00:00,NSE:HINDOILEXP,81.0,81.6,80.9,81.55,7178.0
2020-08-11 14:00:00,NSE:HINDOILEXP,81.55,82.3,81.35,82.05,32744.0
2020-08-11 15:00:00,NSE:HINDOILEXP,82.05,82.15,81.0,81.75,49095.0
2020-08-12 09:00:00,NSE:HINDOILEXP,81.8,85.0,81.1,84.25,117232.0
2020-08-12 10:00:00,NSE:HINDOILEXP,84.25,84.85,83.15,83.85,36586.0
2020-08-12 11:00:00,NSE:HINDOILEXP,83.7,84.1,82.5,83.15,21034.0
2020-08-12 12:00:00,NSE:HINDOILEXP,83.1,83.35,82.5,83.15,11094.0
2020-08-12 13:00:00,NSE:HINDOILEXP,83.15,83.5,83.0,83.2,14407.0
2020-08-12 14:00:00,NSE:HINDOILEXP,83.2,83.35,82.15,82.7,22423.0
2020-08-12 15:00:00,NSE:HINDOILEXP,82.5,82.5,81.75,82.2,36463.0
2020-08-13 09:00:00,NSE:HINDOILEXP,82.2,84.0,82.2,83.8,49761.0
2020-08-13 10:00:00,NSE:HINDOILEXP,83.85,84.8,83.65,84.15,56570.0
2020-08-13 11:00:00,NSE:HINDOILEXP,84.2,84.6,84.0,84.35,26703.0
2020-08-13 12:00:00,NSE:HINDOILEXP,84.15,84.3,83.15,83.95,32331.0
2020-08-13 13:00:00,NSE:HINDOILEXP,83.65,84.0,83.25,83.75,7358.0
2020-08-13 14:00:00,NSE:HINDOILEXP,83.75,83.95,83.1,83.15,16956.0
2020-08-13 15:00:00,NSE:HINDOILEXP,83.15,83.3,82.4,82.85,26025.0
2020-08-14 09:00:00,NSE:HINDOILEXP,83.3,84.45,83.0,83.3,33290.0
2020-08-14 10:00:00,NSE:HINDOILEXP,83.2,83.65,82.2,82.65,16699.0
2020-08-14 11:00:00,NSE:HINDOILEXP,82.65,83.0,82.2,82.5,11795.0
2020-08-14 12:00:00,NSE:HINDOILEXP,82.5,82.5,79.0,79.0,183775.0
2020-08-14 13:00:00,NSE:HINDOILEXP,79.15,80.4,79.05,79.7,16592.0
2020-08-14 14:00:00,NSE:HINDOILEXP,79.7,79.7,76.0,76.9,88155.0
2020-08-14 15:00:00,NSE:HINDOILEXP,76.9,79.15,76.5,77.95,50998.0
2020-08-17 09:00:00,NSE:HINDOILEXP,79.7,79.7,78.1,78.65,35154.0
2020-08-17 10:00:00,NSE:HINDOILEXP,78.9,78.9,77.0,77.75,27331.0
2020-08-17 11:00:00,NSE:HINDOILEXP,77.85,78.0,77.25,77.95,16795.0
2020-08-17 12:00:00,NSE:HINDOILEXP,77.9,77.95,77.2,77.3,7775.0
2020-08-17 13:00:00,NSE:HINDOILEXP,77.45,77.9,77.2,77.9,9224.0
2020-08-17 14:00:00,NSE:HINDOILEXP,77.9,78.6,77.6,78.5,16138.0
2020-08-17 15:00:00,NSE:HINDOILEXP,78.5,78.65,77.4,77.95,15919.0
2020-08-18 09:00:00,NSE:HINDOILEXP,78.15,79.3,78.15,79.0,23882.0
2020-08-18 10:00:00,NSE:HINDOILEXP,78.95,78.95,77.6,78.25,38687.0
2020-08-18 11:00:00,NSE:HINDOILEXP,78.25,78.5,78.0,78.45,7496.0
2020-08-18 12:00:00,NSE:HINDOILEXP,78.1,78.2,77.4,77.45,20965.0
2020-08-18 13:00:00,NSE:HINDOILEXP,77.5,78.2,77.4,78.05,18713.0
2020-08-18 14:00:00,NSE:HINDOILEXP,77.85,78.55,77.6,78.5,26068.0
2020-08-18 15:00:00,NSE:HINDOILEXP,78.5,78.55,75.1,77.25,91194.0
2020-08-19 09:00:00,NSE:HINDOILEXP,76.5,78.25,76.5,77.0,146171.0
2020-08-19 10:00:00,NSE:HINDOILEXP,77.0,80.45,75.9,79.1,304399.0
2020-08-19 11:00:00,NSE:HINDOILEXP,79.1,79.1,76.95,78.25,117342.0
2020-08-19 12:00:00,NSE:HINDOILEXP,78.3,80.7,78.2,80.2,119332.0
2020-08-19 13:00:00,NSE:HINDOILEXP,80.25,83.0,80.0,82.25,155674.0
2020-08-19 14:00:00,NSE:HINDOILEXP,82.15,83.9,82.0,82.5,108223.0
2020-08-19 15:00:00,NSE:HINDOILEXP,83.15,83.15,82.0,82.35,68227.0
2020-08-20 09:00:00,NSE:HINDOILEXP,80.5,82.25,80.0,81.75,79542.0
2020-08-20 10:00:00,NSE:HINDOILEXP,81.7,82.6,81.25,81.85,41275.0
2020-08-20 11:00:00,NSE:HINDOILEXP,81.7,81.9,81.25,81.45,24031.0
2020-08-20 12:00:00,NSE:HINDOILEXP,81.3,81.5,80.4,80.8,35976.0
2020-08-20 13:00:00,NSE:HINDOILEXP,81.1,81.4,80.55,81.2,14398.0
2020-08-20 14:00:00,NSE:HINDOILEXP,81.35,81.5,80.7,81.15,22948.0
2020-08-20 15:00:00,NSE:HINDOILEXP,81.15,81.15,80.55,80.75,17306.0
2020-08-21 09:00:00,NSE:HINDOILEXP,81.5,89.8,81.5,85.95,471829.0
2020-08-21 10:00:00,NSE:HINDOILEXP,85.85,88.7,84.5,88.5,228090.0
2020-08-21 11:00:00,NSE:HINDOILEXP,88.6,88.95,87.2,87.65,131066.0
2020-08-21 12:00:00,NSE:HINDOILEXP,87.65,89.5,87.65,88.85,147858.0
2020-08-21 13:00:00,NSE:HINDOILEXP,88.85,92.8,88.65,90.0,541819.0
2020-08-21 14:00:00,NSE:HINDOILEXP,90.0,90.0,88.55,88.85,142644.0
2020-08-21 15:00:00,NSE:HINDOILEXP,89.0,93.0,88.6,91.4,469579.0
2020-08-24 09:00:00,NSE:HINDOILEXP,94.0,95.35,90.1,91.95,688172.0
2020-08-24 10:00:00,NSE:HINDOILEXP,91.95,93.0,91.4,92.5,194492.0
2020-08-24 11:00:00,NSE:HINDOILEXP,92.45,92.95,91.95,91.95,65097.0
2020-08-24 12:00:00,NSE:HINDOILEXP,91.95,92.7,91.8,92.1,52891.0
2020-08-24 13:00:00,NSE:HINDOILEXP,92.1,92.95,92.1,92.4,33027.0
2020-08-24 14:00:00,NSE:HINDOILEXP,92.35,92.45,90.5,90.5,131827.0
2020-08-24 15:00:00,NSE:HINDOILEXP,90.4,91.5,89.3,90.25,155116.0
2020-08-25 09:00:00,NSE:HINDOILEXP,90.0,90.7,88.95,89.15,202965.0
2020-08-25 10:00:00,NSE:HINDOILEXP,89.1,89.5,86.25,86.85,172789.0
2020-08-25 11:00:00,NSE:HINDOILEXP,86.9,87.75,86.55,86.9,55962.0
2020-08-25 12:00:00,NSE:HINDOILEXP,87.0,87.15,86.4,86.8,88816.0
2020-08-25 13:00:00,NSE:HINDOILEXP,86.8,87.0,86.1,86.3,85796.0
2020-08-25 14:00:00,NSE:HINDOILEXP,86.3,89.8,85.6,87.7,337907.0
2020-08-25 15:00:00,NSE:HINDOILEXP,87.75,87.8,86.55,87.2,100918.0
2020-08-26 09:00:00,NSE:HINDOILEXP,88.2,88.35,86.45,86.45,145084.0
2020-08-26 10:00:00,NSE:HINDOILEXP,86.5,87.15,86.4,86.9,75374.0
2020-08-26 11:00:00,NSE:HINDOILEXP,87.0,87.0,86.4,86.8,34139.0
2020-08-26 12:00:00,NSE:HINDOILEXP,86.6,86.8,85.5,86.5,51557.0
2020-08-26 13:00:00,NSE:HINDOILEXP,86.5,86.7,85.8,85.85,78195.0
2020-08-26 14:00:00,NSE:HINDOILEXP,85.85,85.85,85.15,85.5,56031.0
2020-08-26 15:00:00,NSE:HINDOILEXP,85.5,85.85,85.15,85.5,89100.0
2020-08-27 09:00:00,NSE:HINDOILEXP,85.8,86.5,84.15,84.8,129039.0
2020-08-27 10:00:00,NSE:HINDOILEXP,84.85,88.0,84.75,87.5,953891.0
2020-08-27 11:00:00,NSE:HINDOILEXP,87.5,88.8,86.9,87.75,433368.0
2020-08-27 12:00:00,NSE:HINDOILEXP,87.8,87.8,86.5,86.55,108330.0
2020-08-27 13:00:00,NSE:HINDOILEXP,86.55,86.7,84.6,85.4,121897.0
2020-08-27 14:00:00,NSE:HINDOILEXP,85.05,85.4,84.6,85.1,87060.0
2020-08-27 15:00:00,NSE:HINDOILEXP,85.1,85.6,84.5,84.85,122245.0
2020-08-28 09:00:00,NSE:HINDOILEXP,85.0,85.95,83.15,84.5,158584.0
2020-08-28 10:00:00,NSE:HINDOILEXP,84.5,84.5,83.6,83.8,86910.0
2020-08-28 11:00:00,NSE:HINDOILEXP,83.9,83.95,82.65,82.9,92717.0
2020-08-28 12:00:00,NSE:HINDOILEXP,82.75,84.35,82.55,84.3,119932.0
2020-08-28 13:00:00,NSE:HINDOILEXP,84.3,84.35,83.3,83.7,47078.0
2020-08-28 14:00:00,NSE:HINDOILEXP,83.6,83.75,82.65,82.9,51554.0
2020-08-28 15:00:00,NSE:HINDOILEXP,82.9,83.0,80.15,81.5,187062.0
2020-08-31 09:00:00,NSE:HINDOILEXP,81.4,81.4,78.2,78.85,195037.0
2020-08-31 10:00:00,NSE:HINDOILEXP,78.75,79.0,78.05,78.2,118338.0
2020-08-31 11:00:00,NSE:HINDOILEXP,78.2,78.2,73.25,76.7,287703.0
2020-08-31 12:00:00,NSE:HINDOILEXP,76.65,77.6,75.3,76.6,82529.0
2020-08-31 13:00:00,NSE:HINDOILEXP,76.7,76.8,75.05,76.1,38103.0
2020-08-31 14:00:00,NSE:HINDOILEXP,76.05,76.4,75.2,75.7,69603.0
2020-08-31 15:00:00,NSE:HINDOILEXP,75.9,76.2,75.0,75.35,79322.0
2020-09-01 09:00:00,NSE:HINDOILEXP,75.5,80.3,75.5,78.75,160450.0
2020-09-01 10:00:00,NSE:HINDOILEXP,79.0,79.0,76.55,76.55,65041.0
2020-09-01 11:00:00,NSE:HINDOILEXP,76.55,77.5,76.4,76.85,33602.0
2020-09-01 12:00:00,NSE:HINDOILEXP,76.85,77.0,76.75,76.9,25760.0
2020-09-01 13:00:00,NSE:HINDOILEXP,76.9,77.35,76.7,77.25,22753.0
2020-09-01 14:00:00,NSE:HINDOILEXP,77.2,78.75,77.2,78.45,32647.0
2020-09-01 15:00:00,NSE:HINDOILEXP,78.4,78.8,77.4,77.9,44962.0
2020-09-02 09:00:00,NSE:HINDOILEXP,78.55,78.7,77.0,77.85,45264.0
2020-09-02 10:00:00,NSE:HINDOILEXP,78.0,78.25,77.5,77.65,45519.0
2020-09-02 11:00:00,NSE:HINDOILEXP,77.7,77.7,77.15,77.5,24029.0
2020-09-02 12:00:00,NSE:HINDOILEXP,77.5,78.15,77.05,77.7,49994.0
2020-09-02 13:00:00,NSE:HINDOILEXP,77.7,78.0,77.5,77.7,9598.0
2020-09-02 14:00:00,NSE:HINDOILEXP,77.7,78.0,77.7,77.95,10577.0
2020-09-02 15:00:00,NSE:HINDOILEXP,78.0,78.2,74.1,75.85,304852.0
2020-09-03 09:00:00,NSE:HINDOILEXP,71.5,78.25,71.0,76.5,552585.0
2020-09-03 10:00:00,NSE:HINDOILEXP,76.45,76.55,73.95,74.1,297022.0
2020-09-03 11:00:00,NSE:HINDOILEXP,74.25,74.7,71.95,73.3,147078.0
2020-09-03 12:00:00,NSE:HINDOILEXP,73.25,73.6,72.0,72.75,71273.0
2020-09-03 13:00:00,NSE:HINDOILEXP,72.8,73.8,72.6,73.5,45282.0
2020-09-03 14:00:00,NSE:HINDOILEXP,73.45,74.0,73.3,73.55,46757.0
2020-09-03 15:00:00,NSE:HINDOILEXP,73.45,74.0,72.5,73.15,100795.0
2020-09-04 09:00:00,NSE:HINDOILEXP,71.5,72.3,70.5,71.5,184495.0
2020-09-04 10:00:00,NSE:HINDOILEXP,71.6,71.9,71.2,71.65,98006.0
2020-09-04 11:00:00,NSE:HINDOILEXP,71.8,73.2,71.6,73.0,90922.0
2020-09-04 12:00:00,NSE:HINDOILEXP,73.0,73.0,72.6,72.8,13357.0
2020-09-04 13:00:00,NSE:HINDOILEXP,72.8,72.9,71.75,72.1,94418.0
2020-09-04 14:00:00,NSE:HINDOILEXP,72.1,72.65,71.9,72.0,78756.0
2020-09-04 15:00:00,NSE:HINDOILEXP,72.0,74.0,71.8,72.65,75723.0
2020-09-07 09:00:00,NSE:HINDOILEXP,72.65,75.8,71.05,74.7,139589.0
2020-09-07 10:00:00,NSE:HINDOILEXP,74.7,75.95,73.35,73.85,70600.0
2020-09-07 11:00:00,NSE:HINDOILEXP,73.85,74.3,72.75,73.05,32190.0
2020-09-07 12:00:00,NSE:HINDOILEXP,73.45,73.85,73.05,73.6,14336.0
2020-09-07 13:00:00,NSE:HINDOILEXP,73.65,76.55,73.5,76.4,44984.0
2020-09-07 14:00:00,NSE:HINDOILEXP,76.3,76.8,73.0,73.45,160867.0
2020-09-07 15:00:00,NSE:HINDOILEXP,73.65,74.2,73.25,73.85,36425.0
2020-09-08 09:00:00,NSE:HINDOILEXP,73.85,74.35,73.25,73.25,37468.0
2020-09-08 10:00:00,NSE:HINDOILEXP,73.25,75.0,73.2,74.25,52085.0
2020-09-08 11:00:00,NSE:HINDOILEXP,74.2,76.45,74.15,74.75,92547.0
2020-09-08 12:00:00,NSE:HINDOILEXP,74.9,75.0,73.35,74.0,43786.0
2020-09-08 13:00:00,NSE:HINDOILEXP,73.9,74.05,73.4,73.65,24500.0
2020-09-08 14:00:00,NSE:HINDOILEXP,73.75,73.8,72.25,72.3,54543.0
2020-09-08 15:00:00,NSE:HINDOILEXP,71.95,72.15,70.0,70.55,90796.0
2020-09-09 09:00:00,NSE:HINDOILEXP,71.0,71.0,69.3,69.55,69524.0
2020-09-09 10:00:00,NSE:HINDOILEXP,69.5,70.25,68.4,69.4,63868.0
2020-09-09 11:00:00,NSE:HINDOILEXP,69.6,70.3,69.0,69.25,36134.0
2020-09-09 12:00:00,NSE:HINDOILEXP,69.25,69.25,68.6,69.0,26325.0
2020-09-09 13:00:00,NSE:HINDOILEXP,68.85,69.4,67.7,69.25,41444.0
2020-09-09 14:00:00,NSE:HINDOILEXP,69.2,69.6,68.5,69.05,20944.0
2020-09-09 15:00:00,NSE:HINDOILEXP,69.0,69.3,68.8,69.15,21279.0
2020-09-10 09:00:00,NSE:HINDOILEXP,71.0,71.85,70.6,71.75,49918.0
2020-09-10 10:00:00,NSE:HINDOILEXP,71.65,75.8,71.35,74.5,221979.0
2020-09-10 11:00:00,NSE:HINDOILEXP,74.5,74.85,73.8,74.2,76184.0
2020-09-10 12:00:00,NSE:HINDOILEXP,74.15,74.45,73.35,73.35,61620.0
2020-09-10 13:00:00,NSE:HINDOILEXP,73.35,74.4,73.3,73.6,33581.0
2020-09-10 14:00:00,NSE:HINDOILEXP,73.6,74.0,73.3,73.8,42423.0
2020-09-10 15:00:00,NSE:HINDOILEXP,73.75,74.5,73.5,73.85,67722.0
2020-09-11 09:00:00,NSE:HINDOILEXP,73.85,76.8,73.25,73.95,50024.0
2020-09-11 10:00:00,NSE:HINDOILEXP,73.95,74.6,73.5,73.8,22390.0
2020-09-11 11:00:00,NSE:HINDOILEXP,73.8,73.85,73.5,73.6,14155.0
2020-09-11 12:00:00,NSE:HINDOILEXP,73.6,74.35,73.55,74.0,23916.0
2020-09-11 13:00:00,NSE:HINDOILEXP,74.2,74.2,72.65,73.65,30819.0
2020-09-11 14:00:00,NSE:HINDOILEXP,73.65,73.95,73.45,73.9,22338.0
2020-09-11 15:00:00,NSE:HINDOILEXP,73.95,73.95,73.45,73.7,24452.0
2020-09-14 09:00:00,NSE:HINDOILEXP,75.9,75.9,74.1,74.9,59451.0
2020-09-14 10:00:00,NSE:HINDOILEXP,74.9,75.5,74.45,74.8,32668.0
2020-09-14 11:00:00,NSE:HINDOILEXP,74.75,76.3,74.5,76.05,728040.0
2020-09-14 12:00:00,NSE:HINDOILEXP,76.0,78.5,76.0,77.85,240500.0
2020-09-14 13:00:00,NSE:HINDOILEXP,77.85,78.0,77.2,77.25,33579.0
2020-09-14 14:00:00,NSE:HINDOILEXP,77.3,77.3,75.8,76.7,61215.0
2020-09-14 15:00:00,NSE:HINDOILEXP,76.95,77.15,76.15,76.5,37821.0
2020-09-15 09:00:00,NSE:HINDOILEXP,76.0,77.5,76.0,76.8,33397.0
2020-09-15 10:00:00,NSE:HINDOILEXP,76.9,76.9,73.6,75.0,49750.0
2020-09-15 11:00:00,NSE:HINDOILEXP,74.9,76.25,74.65,75.8,412894.0
2020-09-15 12:00:00,NSE:HINDOILEXP,75.8,76.2,75.5,75.6,11843.0
2020-09-15 13:00:00,NSE:HINDOILEXP,75.7,75.75,74.75,74.95,16764.0
2020-09-15 14:00:00,NSE:HINDOILEXP,74.8,75.5,74.6,74.85,10033.0
2020-09-15 15:00:00,NSE:HINDOILEXP,75.0,75.55,74.75,75.15,20519.0
2020-09-16 09:00:00,NSE:HINDOILEXP,76.0,77.0,75.55,76.5,32505.0
2020-09-16 10:00:00,NSE:HINDOILEXP,76.55,81.0,76.5,78.75,337555.0
2020-09-16 11:00:00,NSE:HINDOILEXP,78.55,79.4,77.85,78.0,77297.0
2020-09-16 12:00:00,NSE:HINDOILEXP,78.0,83.2,77.9,80.7,451333.0
2020-09-16 13:00:00,NSE:HINDOILEXP,80.45,80.9,79.3,79.55,51636.0
2020-09-16 14:00:00,NSE:HINDOILEXP,79.5,80.0,79.15,79.75,56862.0
2020-09-16 15:00:00,NSE:HINDOILEXP,79.9,80.0,79.1,79.5,79740.0
2020-09-17 09:00:00,NSE:HINDOILEXP,77.6,79.9,77.6,79.8,100992.0
2020-09-17 10:00:00,NSE:HINDOILEXP,79.75,80.0,78.2,78.5,90412.0
2020-09-17 11:00:00,NSE:HINDOILEXP,78.6,78.6,77.35,77.35,33991.0
2020-09-17 12:00:00,NSE:HINDOILEXP,77.5,78.3,77.1,77.8,17611.0
2020-09-17 13:00:00,NSE:HINDOILEXP,77.95,78.0,76.55,77.45,45811.0
2020-09-17 14:00:00,NSE:HINDOILEXP,77.45,77.65,75.95,76.45,70375.0
2020-09-17 15:00:00,NSE:HINDOILEXP,76.45,76.45,75.55,75.95,106838.0
2020-09-18 09:00:00,NSE:HINDOILEXP,76.9,77.05,75.3,75.5,127502.0
2020-09-18 10:00:00,NSE:HINDOILEXP,75.5,75.85,75.25,75.65,38815.0
2020-09-18 11:00:00,NSE:HINDOILEXP,75.65,77.95,75.5,76.15,170443.0
2020-09-18 12:00:00,NSE:HINDOILEXP,76.15,76.75,75.55,75.65,36610.0
2020-09-18 13:00:00,NSE:HINDOILEXP,75.65,75.7,74.5,75.05,87358.0
2020-09-18 14:00:00,NSE:HINDOILEXP,75.2,75.4,73.65,74.9,70631.0
2020-09-18 15:00:00,NSE:HINDOILEXP,74.85,74.85,74.35,74.55,63613.0
2020-09-21 09:00:00,NSE:HINDOILEXP,74.4,75.0,72.35,72.4,56598.0
2020-09-21 10:00:00,NSE:HINDOILEXP,72.4,73.0,72.3,72.75,52127.0
2020-09-21 11:00:00,NSE:HINDOILEXP,72.75,72.75,71.3,71.85,32159.0
2020-09-21 12:00:00,NSE:HINDOILEXP,71.85,71.95,71.4,71.5,30260.0
2020-09-21 13:00:00,NSE:HINDOILEXP,71.5,71.8,70.0,70.7,65571.0
2020-09-21 14:00:00,NSE:HINDOILEXP,70.6,70.75,69.05,70.45,69537.0
2020-09-21 15:00:00,NSE:HINDOILEXP,70.25,70.5,69.05,69.65,62672.0
2020-09-22 09:00:00,NSE:HINDOILEXP,69.5,70.4,65.0,65.55,80609.0
2020-09-22 10:00:00,NSE:HINDOILEXP,65.5,68.5,65.5,67.85,69271.0
2020-09-22 11:00:00,NSE:HINDOILEXP,67.9,68.5,67.9,68.4,16100.0
2020-09-22 12:00:00,NSE:HINDOILEXP,68.35,70.7,68.15,70.1,47689.0
2020-09-22 13:00:00,NSE:HINDOILEXP,70.1,70.2,69.25,70.0,21486.0
2020-09-22 14:00:00,NSE:HINDOILEXP,70.1,70.55,69.05,69.4,64102.0
2020-09-22 15:00:00,NSE:HINDOILEXP,69.75,69.85,69.0,69.35,24950.0
2020-09-23 09:00:00,NSE:HINDOILEXP,70.0,71.4,69.5,69.7,37904.0
2020-09-23 10:00:00,NSE:HINDOILEXP,69.75,70.95,69.2,70.55,13797.0
2020-09-23 11:00:00,NSE:HINDOILEXP,70.5,71.2,70.25,70.55,21051.0
2020-09-23 12:00:00,NSE:HINDOILEXP,70.55,70.55,68.45,68.5,30211.0
2020-09-23 13:00:00,NSE:HINDOILEXP,68.5,68.65,67.55,68.05,25049.0
2020-09-23 14:00:00,NSE:HINDOILEXP,68.1,69.05,67.5,67.95,34851.0
2020-09-23 15:00:00,NSE:HINDOILEXP,68.0,70.45,67.9,69.3,50741.0
2020-09-24 09:00:00,NSE:HINDOILEXP,68.1,69.2,66.7,69.0,31435.0
2020-09-24 10:00:00,NSE:HINDOILEXP,68.85,69.05,68.55,68.7,25011.0
2020-09-24 11:00:00,NSE:HINDOILEXP,68.9,68.9,67.2,67.25,24135.0
2020-09-24 12:00:00,NSE:HINDOILEXP,67.55,68.55,67.2,68.25,9015.0
2020-09-24 13:00:00,NSE:HINDOILEXP,68.35,69.5,68.3,68.35,22096.0
2020-09-24 14:00:00,NSE:HINDOILEXP,68.2,68.8,67.75,68.6,30026.0
2020-09-24 15:00:00,NSE:HINDOILEXP,68.55,69.2,68.25,68.9,42712.0
2020-09-25 09:00:00,NSE:HINDOILEXP,69.5,70.85,69.05,70.8,28313.0
2020-09-25 10:00:00,NSE:HINDOILEXP,70.45,70.7,68.1,69.15,44043.0
2020-09-25 11:00:00,NSE:HINDOILEXP,69.15,69.8,68.8,69.75,8860.0
2020-09-25 12:00:00,NSE:HINDOILEXP,69.5,71.4,69.5,70.95,42765.0
2020-09-25 13:00:00,NSE:HINDOILEXP,70.95,71.5,70.0,70.5,39936.0
2020-09-25 14:00:00,NSE:HINDOILEXP,70.45,72.5,70.4,71.6,82339.0
2020-09-25 15:00:00,NSE:HINDOILEXP,71.75,72.1,71.2,71.7,37777.0
2020-09-28 09:00:00,NSE:HINDOILEXP,72.9,76.15,72.75,75.55,204821.0
2020-09-28 10:00:00,NSE:HINDOILEXP,75.6,76.2,74.5,74.7,89149.0
2020-09-28 11:00:00,NSE:HINDOILEXP,75.0,75.2,74.65,74.7,13877.0
2020-09-28 12:00:00,NSE:HINDOILEXP,74.7,74.95,74.5,74.75,10776.0
2020-09-28 13:00:00,NSE:HINDOILEXP,74.5,75.0,74.3,74.5,52456.0
2020-09-28 14:00:00,NSE:HINDOILEXP,74.5,74.85,73.75,73.9,56625.0
2020-09-28 15:00:00,NSE:HINDOILEXP,73.75,74.25,73.75,74.0,22910.0
2020-09-29 09:00:00,NSE:HINDOILEXP,74.6,74.6,72.3,73.75,34716.0
2020-09-29 10:00:00,NSE:HINDOILEXP,73.75,74.35,72.75,73.3,27114.0
2020-09-29 11:00:00,NSE:HINDOILEXP,73.25,73.75,73.0,73.45,13823.0
2020-09-29 12:00:00,NSE:HINDOILEXP,73.25,73.45,72.65,73.05,7678.0
2020-09-29 13:00:00,NSE:HINDOILEXP,73.2,73.35,72.55,73.1,9427.0
2020-09-29 14:00:00,NSE:HINDOILEXP,73.1,73.3,72.6,73.0,9726.0
2020-09-29 15:00:00,NSE:HINDOILEXP,73.0,73.2,72.3,72.75,14395.0
2020-09-30 09:00:00,NSE:HINDOILEXP,73.1,73.9,73.0,73.25,58007.0
2020-09-30 10:00:00,NSE:HINDOILEXP,73.05,73.05,71.7,72.55,37076.0
2020-09-30 11:00:00,NSE:HINDOILEXP,72.55,72.95,72.5,72.6,12197.0
2020-09-30 12:00:00,NSE:HINDOILEXP,72.6,73.0,72.6,72.9,14675.0
2020-09-30 13:00:00,NSE:HINDOILEXP,72.9,73.0,72.7,72.9,8322.0
2020-09-30 14:00:00,NSE:HINDOILEXP,73.0,73.2,72.65,72.8,24380.0
2020-09-30 15:00:00,NSE:HINDOILEXP,72.8,73.0,72.2,72.3,44775.0
2020-10-01 09:00:00,NSE:HINDOILEXP,70.0,71.1,69.0,70.7,113358.0
2020-10-01 10:00:00,NSE:HINDOILEXP,70.55,70.8,70.2,70.6,21123.0
2020-10-01 11:00:00,NSE:HINDOILEXP,70.6,70.8,70.3,70.35,9328.0
2020-10-01 12:00:00,NSE:HINDOILEXP,70.35,71.0,70.3,70.65,24002.0
2020-10-01 13:00:00,NSE:HINDOILEXP,70.7,70.85,70.0,70.25,24473.0
2020-10-01 14:00:00,NSE:HINDOILEXP,70.1,70.65,70.0,70.15,16908.0
2020-10-01 15:00:00,NSE:HINDOILEXP,70.15,70.2,69.85,70.05,20057.0
2020-10-05 09:00:00,NSE:HINDOILEXP,70.15,71.45,69.35,69.35,25940.0
2020-10-05 10:00:00,NSE:HINDOILEXP,69.5,70.15,69.0,69.85,22416.0
2020-10-05 11:00:00,NSE:HINDOILEXP,69.65,69.8,69.05,69.35,13778.0
2020-10-05 12:00:00,NSE:HINDOILEXP,69.4,70.15,69.25,69.8,13698.0
2020-10-05 13:00:00,NSE:HINDOILEXP,69.8,70.0,69.35,69.55,9160.0
2020-10-05 14:00:00,NSE:HINDOILEXP,69.5,69.75,69.25,69.35,8338.0
2020-10-05 15:00:00,NSE:HINDOILEXP,69.35,69.35,68.0,68.4,43990.0
2020-10-06 09:00:00,NSE:HINDOILEXP,69.35,70.0,69.05,69.6,29835.0
2020-10-06 10:00:00,NSE:HINDOILEXP,69.75,71.35,69.65,70.85,46354.0
2020-10-06 11:00:00,NSE:HINDOILEXP,70.75,74.8,70.7,73.2,234375.0
2020-10-06 12:00:00,NSE:HINDOILEXP,73.35,75.7,73.3,74.8,253165.0
2020-10-06 13:00:00,NSE:HINDOILEXP,74.8,76.4,74.7,76.05,120029.0
2020-10-06 14:00:00,NSE:HINDOILEXP,76.05,77.05,75.7,75.75,137974.0
2020-10-06 15:00:00,NSE:HINDOILEXP,75.9,78.85,75.8,76.9,1130313.0
2020-10-07 09:00:00,NSE:HINDOILEXP,75.0,75.0,73.3,74.25,203153.0
2020-10-07 10:00:00,NSE:HINDOILEXP,74.25,78.3,73.45,75.8,411064.0
2020-10-07 11:00:00,NSE:HINDOILEXP,76.0,76.0,74.65,74.95,75838.0
2020-10-07 12:00:00,NSE:HINDOILEXP,74.95,75.0,74.7,75.0,16858.0
2020-10-07 13:00:00,NSE:HINDOILEXP,75.0,75.0,74.8,74.8,21871.0
2020-10-07 14:00:00,NSE:HINDOILEXP,74.8,78.9,74.2,75.85,584586.0
2020-10-07 15:00:00,NSE:HINDOILEXP,75.85,76.8,75.15,75.7,114015.0
2020-10-08 09:00:00,NSE:HINDOILEXP,74.5,76.45,74.0,74.55,73453.0
2020-10-08 10:00:00,NSE:HINDOILEXP,74.45,74.45,74.0,74.3,20509.0
2020-10-08 11:00:00,NSE:HINDOILEXP,74.4,74.55,73.35,73.5,25118.0
2020-10-08 12:00:00,NSE:HINDOILEXP,73.5,73.6,72.4,72.9,44354.0
2020-10-08 13:00:00,NSE:HINDOILEXP,72.9,73.0,72.2,72.55,28188.0
2020-10-08 14:00:00,NSE:HINDOILEXP,72.5,72.85,71.7,71.95,29191.0
2020-10-08 15:00:00,NSE:HINDOILEXP,71.95,72.0,71.15,71.5,51054.0
2020-10-09 09:00:00,NSE:HINDOILEXP,72.1,72.6,71.05,71.75,45056.0
2020-10-09 10:00:00,NSE:HINDOILEXP,71.75,72.2,71.15,71.55,11991.0
2020-10-09 11:00:00,NSE:HINDOILEXP,71.55,71.55,71.1,71.2,14955.0
2020-10-09 12:00:00,NSE:HINDOILEXP,71.3,71.3,70.8,70.9,20802.0
2020-10-09 13:00:00,NSE:HINDOILEXP,70.9,71.05,70.6,70.85,15053.0
2020-10-09 14:00:00,NSE:HINDOILEXP,70.95,73.1,70.7,71.8,51778.0
2020-10-09 15:00:00,NSE:HINDOILEXP,71.8,72.0,71.05,71.6,32872.0
2020-10-12 09:00:00,NSE:HINDOILEXP,72.95,72.95,70.7,71.05,63763.0
2020-10-12 10:00:00,NSE:HINDOILEXP,71.3,71.3,70.25,70.4,25337.0
2020-10-12 11:00:00,NSE:HINDOILEXP,70.55,70.95,70.35,70.4,8169.0
2020-10-12 12:00:00,NSE:HINDOILEXP,70.4,70.9,70.0,70.5,15737.0
2020-10-12 13:00:00,NSE:HINDOILEXP,70.35,70.9,70.35,70.6,11638.0
2020-10-12 14:00:00,NSE:HINDOILEXP,70.6,70.85,70.3,70.5,11328.0
2020-10-12 15:00:00,NSE:HINDOILEXP,70.3,70.75,70.2,70.45,28605.0
2020-10-13 09:00:00,NSE:HINDOILEXP,70.6,71.0,67.7,70.1,59454.0
2020-10-13 10:00:00,NSE:HINDOILEXP,70.1,70.45,69.2,70.1,26334.0
2020-10-13 11:00:00,NSE:HINDOILEXP,70.1,70.2,70.0,70.15,18867.0
2020-10-13 12:00:00,NSE:HINDOILEXP,70.0,70.5,70.0,70.0,20221.0
2020-10-13 13:00:00,NSE:HINDOILEXP,70.0,72.0,69.5,69.8,121257.0
2020-10-13 14:00:00,NSE:HINDOILEXP,69.9,70.1,69.4,69.75,8279.0
2020-10-13 15:00:00,NSE:HINDOILEXP,69.5,70.75,69.0,69.55,29369.0
2020-10-14 09:00:00,NSE:HINDOILEXP,69.6,70.2,68.4,69.9,25076.0
2020-10-14 10:00:00,NSE:HINDOILEXP,69.4,70.75,69.15,70.0,19468.0
2020-10-14 11:00:00,NSE:HINDOILEXP,70.0,70.1,69.05,69.4,9455.0
2020-10-14 12:00:00,NSE:HINDOILEXP,69.4,70.65,69.4,70.2,18334.0
2020-10-14 13:00:00,NSE:HINDOILEXP,70.3,70.45,69.0,69.6,18361.0
2020-10-14 14:00:00,NSE:HINDOILEXP,69.75,69.8,68.45,69.5,28372.0
2020-10-14 15:00:00,NSE:HINDOILEXP,69.5,69.55,68.5,68.9,21917.0
2020-10-15 09:00:00,NSE:HINDOILEXP,69.1,70.2,69.1,70.0,34792.0
2020-10-15 10:00:00,NSE:HINDOILEXP,69.8,69.95,69.2,69.4,10766.0
2020-10-15 11:00:00,NSE:HINDOILEXP,69.6,69.6,69.15,69.4,9856.0
2020-10-15 12:00:00,NSE:HINDOILEXP,69.25,69.45,69.1,69.2,4187.0
2020-10-15 13:00:00,NSE:HINDOILEXP,69.2,69.2,68.1,68.5,21207.0
2020-10-15 14:00:00,NSE:HINDOILEXP,68.5,68.6,67.5,67.95,27871.0
2020-10-15 15:00:00,NSE:HINDOILEXP,67.8,68.0,67.35,67.6,33220.0
2020-10-16 09:00:00,NSE:HINDOILEXP,68.4,69.0,67.15,67.95,22775.0
2020-10-16 10:00:00,NSE:HINDOILEXP,67.8,68.5,67.5,68.4,10830.0
2020-10-16 11:00:00,NSE:HINDOILEXP,68.4,68.5,67.6,67.9,6709.0
2020-10-16 12:00:00,NSE:HINDOILEXP,67.85,68.0,67.85,68.0,6447.0
2020-10-16 13:00:00,NSE:HINDOILEXP,68.0,68.0,67.6,67.9,9337.0
2020-10-16 14:00:00,NSE:HINDOILEXP,67.9,68.0,67.8,67.95,9118.0
2020-10-16 15:00:00,NSE:HINDOILEXP,67.85,68.0,67.55,67.9,29099.0
2020-10-19 09:00:00,NSE:HINDOILEXP,69.0,69.25,67.75,68.0,35170.0
2020-10-19 10:00:00,NSE:HINDOILEXP,68.1,68.5,67.75,68.0,23218.0
2020-10-19 11:00:00,NSE:HINDOILEXP,67.9,68.0,67.2,67.6,13645.0
2020-10-19 12:00:00,NSE:HINDOILEXP,67.7,68.0,67.65,67.9,11630.0
2020-10-19 13:00:00,NSE:HINDOILEXP,67.95,68.6,67.8,67.8,26510.0
2020-10-19 14:00:00,NSE:HINDOILEXP,68.0,68.15,67.8,68.05,9014.0
2020-10-19 15:00:00,NSE:HINDOILEXP,68.05,68.25,67.75,67.9,12912.0
2020-10-20 09:00:00,NSE:HINDOILEXP,67.5,68.65,67.5,67.95,22629.0
2020-10-20 10:00:00,NSE:HINDOILEXP,67.75,67.75,67.15,67.2,65909.0
2020-10-20 11:00:00,NSE:HINDOILEXP,67.2,67.6,66.9,67.25,21817.0
2020-10-20 12:00:00,NSE:HINDOILEXP,67.35,67.7,67.1,67.3,7672.0
2020-10-20 13:00:00,NSE:HINDOILEXP,67.3,67.55,67.1,67.1,13541.0
2020-10-20 14:00:00,NSE:HINDOILEXP,67.05,67.45,67.05,67.3,7160.0
2020-10-20 15:00:00,NSE:HINDOILEXP,67.25,67.35,67.0,67.15,20403.0
2020-10-21 09:00:00,NSE:HINDOILEXP,68.0,68.8,67.45,67.8,47395.0
2020-10-21 10:00:00,NSE:HINDOILEXP,68.0,68.55,67.6,68.35,21789.0
2020-10-21 11:00:00,NSE:HINDOILEXP,68.3,69.5,68.2,69.1,65894.0
2020-10-21 12:00:00,NSE:HINDOILEXP,69.2,69.9,69.0,69.05,63171.0
2020-10-21 13:00:00,NSE:HINDOILEXP,69.15,69.3,68.1,68.6,14036.0
2020-10-21 14:00:00,NSE:HINDOILEXP,68.5,69.15,68.0,68.7,29125.0
2020-10-21 15:00:00,NSE:HINDOILEXP,68.7,69.0,68.3,68.8,22382.0
2020-10-22 09:00:00,NSE:HINDOILEXP,68.75,68.75,68.1,68.3,22469.0
2020-10-22 10:00:00,NSE:HINDOILEXP,68.3,68.3,68.0,68.15,16828.0
2020-10-22 11:00:00,NSE:HINDOILEXP,68.25,68.25,68.0,68.1,8441.0
2020-10-22 12:00:00,NSE:HINDOILEXP,67.9,67.95,67.6,67.65,19585.0
2020-10-22 13:00:00,NSE:HINDOILEXP,67.7,67.7,67.35,67.4,15896.0
2020-10-22 14:00:00,NSE:HINDOILEXP,67.4,67.4,67.1,67.3,64212.0
2020-10-22 15:00:00,NSE:HINDOILEXP,67.35,67.45,67.2,67.35,53110.0
2020-10-23 09:00:00,NSE:HINDOILEXP,68.15,68.15,67.7,67.95,43667.0
2020-10-23 10:00:00,NSE:HINDOILEXP,67.95,68.0,67.5,67.85,12199.0
2020-10-23 11:00:00,NSE:HINDOILEXP,67.85,67.9,67.6,67.8,7913.0
2020-10-23 12:00:00,NSE:HINDOILEXP,67.7,67.85,67.55,67.55,9858.0
2020-10-23 13:00:00,NSE:HINDOILEXP,67.6,67.8,67.55,67.65,13995.0
2020-10-23 14:00:00,NSE:HINDOILEXP,67.65,67.8,67.65,67.75,19686.0
2020-10-23 15:00:00,NSE:HINDOILEXP,67.75,67.9,67.0,67.55,38033.0
2020-10-26 09:00:00,NSE:HINDOILEXP,67.65,67.65,67.2,67.4,29182.0
2020-10-26 10:00:00,NSE:HINDOILEXP,67.25,67.45,66.1,66.15,67343.0
2020-10-26 11:00:00,NSE:HINDOILEXP,66.15,66.3,65.8,66.05,23817.0
2020-10-26 12:00:00,NSE:HINDOILEXP,66.1,66.4,65.6,65.6,25398.0
2020-10-26 13:00:00,NSE:HINDOILEXP,65.55,66.0,65.45,65.95,8486.0
2020-10-26 14:00:00,NSE:HINDOILEXP,65.8,66.0,65.65,65.85,13501.0
2020-10-26 15:00:00,NSE:HINDOILEXP,65.85,66.5,65.65,66.1,35847.0
2020-10-27 09:00:00,NSE:HINDOILEXP,67.3,67.3,65.0,65.95,43332.0
2020-10-27 10:00:00,NSE:HINDOILEXP,65.7,65.9,65.7,65.85,7083.0
2020-10-27 11:00:00,NSE:HINDOILEXP,65.85,65.85,65.45,65.45,25599.0
2020-10-27 12:00:00,NSE:HINDOILEXP,65.65,65.7,65.3,65.45,15633.0
2020-10-27 13:00:00,NSE:HINDOILEXP,65.45,65.55,65.2,65.4,9208.0
2020-10-27 14:00:00,NSE:HINDOILEXP,65.4,65.9,65.3,65.9,13559.0
2020-10-27 15:00:00,NSE:HINDOILEXP,65.9,66.0,65.5,65.7,28132.0
2020-10-28 09:00:00,NSE:HINDOILEXP,65.0,65.2,63.5,63.65,93333.0
2020-10-28 10:00:00,NSE:HINDOILEXP,63.7,63.7,63.4,63.55,88156.0
2020-10-28 11:00:00,NSE:HINDOILEXP,63.55,63.65,63.45,63.6,37794.0
2020-10-28 12:00:00,NSE:HINDOILEXP,63.6,63.65,63.1,63.2,33871.0
2020-10-28 13:00:00,NSE:HINDOILEXP,63.3,63.4,62.2,62.7,75113.0
2020-10-28 14:00:00,NSE:HINDOILEXP,62.7,62.95,62.1,62.55,39662.0
2020-10-28 15:00:00,NSE:HINDOILEXP,62.55,62.55,62.0,62.25,52366.0
2020-10-29 09:00:00,NSE:HINDOILEXP,62.15,63.7,61.5,63.55,84096.0
2020-10-29 10:00:00,NSE:HINDOILEXP,63.35,63.5,61.95,62.35,75440.0
2020-10-29 11:00:00,NSE:HINDOILEXP,62.45,63.4,62.4,63.3,19456.0
2020-10-29 12:00:00,NSE:HINDOILEXP,63.3,64.45,63.3,64.0,58776.0
2020-10-29 13:00:00,NSE:HINDOILEXP,64.0,64.15,63.8,64.0,32603.0
2020-10-29 14:00:00,NSE:HINDOILEXP,64.15,64.75,64.0,64.65,60037.0
2020-10-29 15:00:00,NSE:HINDOILEXP,64.65,64.9,63.6,64.45,41627.0
2020-10-30 09:00:00,NSE:HINDOILEXP,65.0,66.25,64.8,65.25,63845.0
2020-10-30 10:00:00,NSE:HINDOILEXP,65.35,65.75,65.1,65.5,34607.0
2020-10-30 11:00:00,NSE:HINDOILEXP,65.5,65.7,65.2,65.5,45584.0
2020-10-30 12:00:00,NSE:HINDOILEXP,65.5,65.6,62.75,63.1,45179.0
2020-10-30 13:00:00,NSE:HINDOILEXP,63.25,63.55,63.0,63.5,11389.0
2020-10-30 14:00:00,NSE:HINDOILEXP,63.5,64.05,63.5,63.85,22777.0
2020-10-30 15:00:00,NSE:HINDOILEXP,63.6,64.4,63.0,63.65,31622.0
2020-11-02 09:00:00,NSE:HINDOILEXP,64.0,64.0,60.35,62.6,30656.0
2020-11-02 10:00:00,NSE:HINDOILEXP,62.8,63.6,62.65,63.05,10290.0
2020-11-02 11:00:00,NSE:HINDOILEXP,63.1,63.9,63.0,63.75,22264.0
2020-11-02 12:00:00,NSE:HINDOILEXP,63.75,64.4,63.2,63.4,28498.0
2020-11-02 13:00:00,NSE:HINDOILEXP,63.4,63.75,63.3,63.4,5228.0
2020-11-02 14:00:00,NSE:HINDOILEXP,63.45,63.8,63.25,63.65,19983.0
2020-11-02 15:00:00,NSE:HINDOILEXP,63.65,63.95,63.1,63.55,12222.0
2020-11-03 09:00:00,NSE:HINDOILEXP,64.75,64.75,63.2,63.2,12386.0
2020-11-03 10:00:00,NSE:HINDOILEXP,63.2,63.65,62.5,63.4,21804.0
2020-11-03 11:00:00,NSE:HINDOILEXP,63.35,63.5,63.1,63.1,6242.0
2020-11-03 12:00:00,NSE:HINDOILEXP,63.35,63.4,63.1,63.1,4677.0
2020-11-03 13:00:00,NSE:HINDOILEXP,63.1,63.5,62.95,63.0,14575.0
2020-11-03 14:00:00,NSE:HINDOILEXP,63.05,63.4,62.85,63.25,4338.0
2020-11-03 15:00:00,NSE:HINDOILEXP,63.2,63.45,62.5,63.2,17941.0
2020-11-04 09:00:00,NSE:HINDOILEXP,63.5,65.6,63.1,63.15,20776.0
2020-11-04 10:00:00,NSE:HINDOILEXP,63.4,63.5,63.0,63.05,7412.0
2020-11-04 11:00:00,NSE:HINDOILEXP,63.25,63.85,62.4,63.1,13551.0
2020-11-04 12:00:00,NSE:HINDOILEXP,62.8,64.2,62.8,64.0,25843.0
2020-11-04 13:00:00,NSE:HINDOILEXP,64.0,64.15,63.3,63.5,28190.0
2020-11-04 14:00:00,NSE:HINDOILEXP,63.5,63.75,63.3,63.55,12719.0
2020-11-04 15:00:00,NSE:HINDOILEXP,63.5,64.0,62.5,63.05,17752.0
2020-11-05 09:00:00,NSE:HINDOILEXP,64.3,64.3,63.3,63.9,18246.0
2020-11-05 10:00:00,NSE:HINDOILEXP,63.95,64.5,63.5,64.25,32923.0
2020-11-05 11:00:00,NSE:HINDOILEXP,64.25,64.4,63.9,63.95,16261.0
2020-11-05 12:00:00,NSE:HINDOILEXP,63.95,64.0,63.3,63.45,12830.0
2020-11-05 13:00:00,NSE:HINDOILEXP,63.45,63.6,63.15,63.2,10505.0
2020-11-05 14:00:00,NSE:HINDOILEXP,63.4,63.6,63.15,63.5,16856.0
2020-11-05 15:00:00,NSE:HINDOILEXP,63.5,64.5,63.4,63.7,37224.0
2020-11-06 09:00:00,NSE:HINDOILEXP,64.0,64.8,63.55,64.4,22382.0
2020-11-06 10:00:00,NSE:HINDOILEXP,64.5,64.95,64.0,64.2,17693.0
2020-11-06 11:00:00,NSE:HINDOILEXP,64.2,64.8,64.1,64.45,11968.0
2020-11-06 12:00:00,NSE:HINDOILEXP,64.55,64.75,63.95,64.1,8287.0
2020-11-06 13:00:00,NSE:HINDOILEXP,64.15,64.45,64.0,64.45,5773.0
2020-11-06 14:00:00,NSE:HINDOILEXP,64.5,64.65,64.15,64.45,7828.0
2020-11-06 15:00:00,NSE:HINDOILEXP,64.3,64.45,63.65,64.1,24127.0
2020-11-09 09:00:00,NSE:HINDOILEXP,64.3,64.85,64.15,64.6,31826.0
2020-11-09 10:00:00,NSE:HINDOILEXP,64.75,65.45,64.6,64.9,42013.0
2020-11-09 11:00:00,NSE:HINDOILEXP,64.95,65.05,64.9,65.0,13924.0
2020-11-09 12:00:00,NSE:HINDOILEXP,65.0,65.0,64.65,64.7,44967.0
2020-11-09 13:00:00,NSE:HINDOILEXP,64.75,64.85,64.4,64.5,5856.0
2020-11-09 14:00:00,NSE:HINDOILEXP,64.5,64.75,64.4,64.65,16567.0
2020-11-09 15:00:00,NSE:HINDOILEXP,64.45,64.9,64.0,64.4,36852.0
2020-11-10 09:00:00,NSE:HINDOILEXP,65.3,67.85,65.0,66.7,121397.0
2020-11-10 10:00:00,NSE:HINDOILEXP,66.7,67.6,65.7,66.0,84037.0
2020-11-10 11:00:00,NSE:HINDOILEXP,65.95,66.35,65.7,66.0,32913.0
2020-11-10 12:00:00,NSE:HINDOILEXP,65.9,66.0,65.75,65.85,16721.0
2020-11-10 13:00:00,NSE:HINDOILEXP,65.85,65.95,65.6,65.8,7851.0
2020-11-10 14:00:00,NSE:HINDOILEXP,65.65,65.85,65.4,65.75,14394.0
2020-11-10 15:00:00,NSE:HINDOILEXP,65.85,65.9,65.25,65.5,42537.0
2020-11-11 09:00:00,NSE:HINDOILEXP,66.0,66.7,65.6,65.8,51219.0
2020-11-11 10:00:00,NSE:HINDOILEXP,65.8,66.0,65.4,65.7,25401.0
2020-11-11 11:00:00,NSE:HINDOILEXP,65.6,65.8,64.5,65.2,28502.0
2020-11-11 12:00:00,NSE:HINDOILEXP,65.3,65.4,64.7,65.25,8011.0
2020-11-11 13:00:00,NSE:HINDOILEXP,65.25,65.95,64.2,65.3,39630.0
2020-11-11 14:00:00,NSE:HINDOILEXP,65.35,65.8,65.05,65.65,44146.0
2020-11-11 15:00:00,NSE:HINDOILEXP,65.65,65.75,65.4,65.5,28989.0
2020-11-12 09:00:00,NSE:HINDOILEXP,65.6,66.4,65.2,65.55,65858.0
2020-11-12 10:00:00,NSE:HINDOILEXP,65.5,66.0,65.35,65.35,64665.0
2020-11-12 11:00:00,NSE:HINDOILEXP,65.35,65.7,65.25,65.7,385602.0
2020-11-12 12:00:00,NSE:HINDOILEXP,65.75,67.3,65.75,66.5,105024.0
2020-11-12 13:00:00,NSE:HINDOILEXP,66.35,66.5,66.15,66.2,7918.0
2020-11-12 14:00:00,NSE:HINDOILEXP,66.2,68.0,66.2,67.3,132299.0
2020-11-12 15:00:00,NSE:HINDOILEXP,67.4,67.5,67.0,67.2,86450.0
2020-11-13 09:00:00,NSE:HINDOILEXP,67.0,67.65,64.65,67.1,58803.0
2020-11-13 10:00:00,NSE:HINDOILEXP,67.1,69.4,67.1,68.75,159025.0
2020-11-13 11:00:00,NSE:HINDOILEXP,68.75,69.7,68.75,69.7,121603.0
2020-11-13 12:00:00,NSE:HINDOILEXP,69.65,70.4,69.35,69.8,121136.0
2020-11-13 13:00:00,NSE:HINDOILEXP,69.8,70.1,69.35,70.1,39890.0
2020-11-13 14:00:00,NSE:HINDOILEXP,69.95,70.9,69.65,70.0,57407.0
2020-11-13 15:00:00,NSE:HINDOILEXP,70.1,70.25,69.35,69.75,64081.0
2020-11-14 18:00:00,NSE:HINDOILEXP,69.7,72.0,69.7,71.95,150230.0
2020-11-14 19:00:00,NSE:HINDOILEXP,72.0,72.0,71.1,71.5,28070.0
2020-11-17 09:00:00,NSE:HINDOILEXP,72.3,72.6,71.0,71.45,48784.0
2020-11-17 10:00:00,NSE:HINDOILEXP,71.4,72.15,71.3,72.0,71677.0
2020-11-17 11:00:00,NSE:HINDOILEXP,72.05,72.25,71.9,72.25,37562.0
2020-11-17 12:00:00,NSE:HINDOILEXP,72.1,73.45,72.0,72.1,67475.0
2020-11-17 13:00:00,NSE:HINDOILEXP,72.1,72.75,72.1,72.1,20454.0
2020-11-17 14:00:00,NSE:HINDOILEXP,72.1,72.35,71.65,71.8,42229.0
2020-11-17 15:00:00,NSE:HINDOILEXP,71.75,71.95,70.65,71.15,47361.0
2020-11-18 09:00:00,NSE:HINDOILEXP,71.15,71.25,70.6,70.9,56771.0
2020-11-18 10:00:00,NSE:HINDOILEXP,70.7,71.0,70.6,70.9,21415.0
2020-11-18 11:00:00,NSE:HINDOILEXP,71.0,71.2,70.85,71.0,24859.0
2020-11-18 12:00:00,NSE:HINDOILEXP,71.2,71.45,70.8,71.1,16965.0
2020-11-18 13:00:00,NSE:HINDOILEXP,70.9,72.15,70.9,72.1,93375.0
2020-11-18 14:00:00,NSE:HINDOILEXP,71.95,75.75,71.9,73.3,406065.0
2020-11-18 15:00:00,NSE:HINDOILEXP,73.3,73.3,72.6,72.9,89452.0
2020-11-19 09:00:00,NSE:HINDOILEXP,72.65,73.3,71.5,72.65,59921.0
2020-11-19 10:00:00,NSE:HINDOILEXP,72.65,73.0,71.45,72.55,164456.0
2020-11-19 11:00:00,NSE:HINDOILEXP,72.5,72.65,72.05,72.5,22747.0
2020-11-19 12:00:00,NSE:HINDOILEXP,72.5,72.6,71.5,71.65,34174.0
2020-11-19 13:00:00,NSE:HINDOILEXP,71.65,71.9,70.8,71.0,39435.0
2020-11-19 14:00:00,NSE:HINDOILEXP,70.95,71.0,70.0,70.5,32415.0
2020-11-19 15:00:00,NSE:HINDOILEXP,70.3,70.5,69.6,70.0,44050.0
2020-11-20 09:00:00,NSE:HINDOILEXP,70.5,70.95,69.45,70.1,79113.0
2020-11-20 10:00:00,NSE:HINDOILEXP,70.25,70.5,69.75,70.2,22333.0
2020-11-20 11:00:00,NSE:HINDOILEXP,69.8,70.65,69.8,70.55,40585.0
2020-11-20 12:00:00,NSE:HINDOILEXP,70.55,72.35,70.2,72.0,93252.0
2020-11-20 13:00:00,NSE:HINDOILEXP,71.9,72.25,71.45,72.0,32343.0
2020-11-20 14:00:00,NSE:HINDOILEXP,72.2,72.3,71.5,72.1,69155.0
2020-11-20 15:00:00,NSE:HINDOILEXP,72.1,72.55,71.75,72.05,81654.0
2020-11-23 09:00:00,NSE:HINDOILEXP,72.3,72.8,71.7,72.05,37925.0
2020-11-23 10:00:00,NSE:HINDOILEXP,72.1,72.6,71.8,71.9,48659.0
2020-11-23 11:00:00,NSE:HINDOILEXP,71.8,73.45,71.55,73.15,119160.0
2020-11-23 12:00:00,NSE:HINDOILEXP,73.1,74.15,73.1,73.7,155691.0
2020-11-23 13:00:00,NSE:HINDOILEXP,73.75,74.65,73.5,73.9,105053.0
2020-11-23 14:00:00,NSE:HINDOILEXP,74.0,75.6,72.85,73.2,730393.0
2020-11-23 15:00:00,NSE:HINDOILEXP,73.1,73.45,72.6,72.95,110152.0
2020-11-24 09:00:00,NSE:HINDOILEXP,73.5,73.7,72.55,73.05,66739.0
2020-11-24 10:00:00,NSE:HINDOILEXP,73.0,73.5,72.85,73.1,16142.0
2020-11-24 11:00:00,NSE:HINDOILEXP,73.0,73.0,72.1,72.5,37113.0
2020-11-24 12:00:00,NSE:HINDOILEXP,72.5,72.95,72.25,72.55,13286.0
2020-11-24 13:00:00,NSE:HINDOILEXP,72.55,72.65,72.2,72.55,19953.0
2020-11-24 14:00:00,NSE:HINDOILEXP,72.55,72.8,72.25,72.75,40475.0
2020-11-24 15:00:00,NSE:HINDOILEXP,72.7,73.25,72.55,72.8,59916.0
2020-11-25 09:00:00,NSE:HINDOILEXP,76.0,77.4,75.7,75.75,524066.0
2020-11-25 10:00:00,NSE:HINDOILEXP,75.75,76.0,73.5,75.05,239132.0
2020-11-25 11:00:00,NSE:HINDOILEXP,75.0,75.4,74.5,75.1,78566.0
2020-11-25 12:00:00,NSE:HINDOILEXP,75.3,76.9,74.85,76.2,94077.0
2020-11-25 13:00:00,NSE:HINDOILEXP,76.45,76.45,75.0,75.3,50058.0
2020-11-25 14:00:00,NSE:HINDOILEXP,75.3,75.95,74.75,75.0,110628.0
2020-11-25 15:00:00,NSE:HINDOILEXP,75.0,75.1,73.4,74.1,174151.0
2020-11-26 09:00:00,NSE:HINDOILEXP,74.6,75.7,73.7,75.3,138586.0
2020-11-26 10:00:00,NSE:HINDOILEXP,75.3,75.6,75.0,75.35,54609.0
2020-11-26 11:00:00,NSE:HINDOILEXP,75.3,75.45,75.0,75.2,21013.0
2020-11-26 12:00:00,NSE:HINDOILEXP,75.25,75.3,74.4,75.0,25202.0
2020-11-26 13:00:00,NSE:HINDOILEXP,75.0,75.3,74.75,75.0,15340.0
2020-11-26 14:00:00,NSE:HINDOILEXP,75.0,75.45,74.75,74.85,20939.0
2020-11-26 15:00:00,NSE:HINDOILEXP,74.85,75.25,74.6,75.05,62808.0
2020-11-27 09:00:00,NSE:HINDOILEXP,75.45,77.9,75.15,77.15,224005.0
2020-11-27 10:00:00,NSE:HINDOILEXP,77.05,77.8,76.45,76.75,83691.0
2020-11-27 11:00:00,NSE:HINDOILEXP,77.0,77.3,76.6,76.6,27169.0
2020-11-27 12:00:00,NSE:HINDOILEXP,76.75,76.9,76.45,76.8,13820.0
2020-11-27 13:00:00,NSE:HINDOILEXP,76.7,77.0,76.55,76.85,21955.0
2020-11-27 14:00:00,NSE:HINDOILEXP,76.75,76.9,76.0,76.5,47410.0
2020-11-27 15:00:00,NSE:HINDOILEXP,76.35,77.0,76.35,76.65,62825.0
2020-12-01 09:00:00,NSE:HINDOILEXP,78.0,78.4,76.65,77.8,129600.0
2020-12-01 10:00:00,NSE:HINDOILEXP,77.8,78.0,77.1,77.15,53931.0
2020-12-01 11:00:00,NSE:HINDOILEXP,77.15,77.8,77.15,77.45,25143.0
2020-12-01 12:00:00,NSE:HINDOILEXP,77.4,78.3,77.25,78.0,57321.0
2020-12-01 13:00:00,NSE:HINDOILEXP,78.0,78.0,77.5,77.5,17117.0
2020-12-01 14:00:00,NSE:HINDOILEXP,77.5,78.2,77.4,77.75,42883.0
2020-12-01 15:00:00,NSE:HINDOILEXP,77.75,77.95,77.55,77.75,39799.0
2020-12-02 09:00:00,NSE:HINDOILEXP,77.75,77.75,76.7,76.95,49132.0
2020-12-02 10:00:00,NSE:HINDOILEXP,76.8,77.0,76.2,76.85,34089.0
2020-12-02 11:00:00,NSE:HINDOILEXP,76.8,77.3,76.6,76.85,27494.0
2020-12-02 12:00:00,NSE:HINDOILEXP,76.85,77.3,76.1,76.2,64522.0
2020-12-02 13:00:00,NSE:HINDOILEXP,76.15,76.45,75.8,76.15,38294.0
2020-12-02 14:00:00,NSE:HINDOILEXP,76.15,76.95,75.5,76.95,40678.0
2020-12-02 15:00:00,NSE:HINDOILEXP,76.85,77.0,76.0,76.25,51024.0
2020-12-03 09:00:00,NSE:HINDOILEXP,76.35,78.0,76.35,77.75,91784.0
2020-12-03 10:00:00,NSE:HINDOILEXP,77.5,78.0,77.5,77.8,39100.0
2020-12-03 11:00:00,NSE:HINDOILEXP,77.8,78.75,77.5,78.55,84986.0
2020-12-03 12:00:00,NSE:HINDOILEXP,78.5,86.95,78.5,83.5,946538.0
2020-12-03 13:00:00,NSE:HINDOILEXP,83.5,84.8,82.85,84.1,164170.0
2020-12-03 14:00:00,NSE:HINDOILEXP,84.05,84.9,83.8,84.55,132987.0
2020-12-03 15:00:00,NSE:HINDOILEXP,84.55,86.0,83.8,84.85,229016.0
2020-12-04 09:00:00,NSE:HINDOILEXP,85.8,89.0,85.8,86.3,330405.0
2020-12-04 10:00:00,NSE:HINDOILEXP,86.15,86.85,85.55,85.75,124525.0
2020-12-04 11:00:00,NSE:HINDOILEXP,85.75,86.0,84.5,84.9,82890.0
2020-12-04 12:00:00,NSE:HINDOILEXP,84.9,85.1,84.25,84.65,49580.0
2020-12-04 13:00:00,NSE:HINDOILEXP,84.4,85.7,84.15,85.1,54131.0
2020-12-04 14:00:00,NSE:HINDOILEXP,85.25,88.95,85.25,87.75,349072.0
2020-12-04 15:00:00,NSE:HINDOILEXP,87.7,87.8,86.1,86.65,107089.0
2020-12-07 09:00:00,NSE:HINDOILEXP,87.25,88.8,86.8,87.15,93020.0
2020-12-07 10:00:00,NSE:HINDOILEXP,87.05,87.3,86.3,87.0,73190.0
2020-12-07 11:00:00,NSE:HINDOILEXP,87.1,87.45,87.0,87.4,38865.0
2020-12-07 12:00:00,NSE:HINDOILEXP,87.2,87.85,87.05,87.6,39398.0
2020-12-07 13:00:00,NSE:HINDOILEXP,87.6,88.1,86.75,86.95,93850.0
2020-12-07 14:00:00,NSE:HINDOILEXP,86.95,87.0,86.7,86.85,24037.0
2020-12-07 15:00:00,NSE:HINDOILEXP,86.85,87.0,86.6,86.85,34259.0
2020-12-08 09:00:00,NSE:HINDOILEXP,88.5,89.45,86.3,86.5,142404.0
2020-12-08 10:00:00,NSE:HINDOILEXP,86.7,86.7,83.3,83.95,164165.0
2020-12-08 11:00:00,NSE:HINDOILEXP,83.9,84.0,81.1,83.05,101051.0
2020-12-08 12:00:00,NSE:HINDOILEXP,83.0,83.4,82.5,83.2,32763.0
2020-12-08 13:00:00,NSE:HINDOILEXP,83.2,83.45,82.25,83.3,34663.0
2020-12-08 14:00:00,NSE:HINDOILEXP,83.35,83.35,83.0,83.2,24384.0
2020-12-08 15:00:00,NSE:HINDOILEXP,83.3,83.85,82.8,83.4,75659.0
2020-12-09 09:00:00,NSE:HINDOILEXP,84.15,84.65,82.25,83.65,61681.0
2020-12-09 10:00:00,NSE:HINDOILEXP,83.65,84.35,83.0,83.25,69696.0
2020-12-09 11:00:00,NSE:HINDOILEXP,83.25,83.4,83.0,83.4,34451.0
2020-12-09 12:00:00,NSE:HINDOILEXP,83.25,83.4,83.0,83.15,24609.0
2020-12-09 13:00:00,NSE:HINDOILEXP,83.15,85.25,83.0,83.7,104882.0
2020-12-09 14:00:00,NSE:HINDOILEXP,83.55,84.0,83.0,83.2,60131.0
2020-12-09 15:00:00,NSE:HINDOILEXP,83.1,83.3,82.15,82.7,60578.0
2020-12-10 09:00:00,NSE:HINDOILEXP,82.5,82.8,78.3,78.9,59688.0
2020-12-10 10:00:00,NSE:HINDOILEXP,78.9,80.15,78.5,80.1,57801.0
2020-12-10 11:00:00,NSE:HINDOILEXP,80.1,80.3,79.5,79.65,51124.0
2020-12-10 12:00:00,NSE:HINDOILEXP,79.65,81.0,79.6,81.0,64622.0
2020-12-10 13:00:00,NSE:HINDOILEXP,81.0,81.3,80.15,80.6,48426.0
2020-12-10 14:00:00,NSE:HINDOILEXP,80.55,81.75,80.0,81.5,60569.0
2020-12-10 15:00:00,NSE:HINDOILEXP,81.5,82.0,81.35,81.75,45579.0
2020-12-11 09:00:00,NSE:HINDOILEXP,87.0,87.15,84.05,85.1,186978.0
2020-12-11 10:00:00,NSE:HINDOILEXP,85.1,96.5,84.45,94.3,2197711.0
2020-12-11 11:00:00,NSE:HINDOILEXP,94.3,94.85,93.05,93.3,374178.0
2020-12-11 12:00:00,NSE:HINDOILEXP,93.35,93.65,92.0,92.45,130670.0
2020-12-11 13:00:00,NSE:HINDOILEXP,92.4,95.3,92.05,92.5,313867.0
2020-12-11 14:00:00,NSE:HINDOILEXP,92.3,92.4,88.9,89.4,414208.0
2020-12-11 15:00:00,NSE:HINDOILEXP,89.4,92.0,89.4,90.3,342516.0
2020-12-14 09:00:00,NSE:HINDOILEXP,92.0,93.8,91.4,93.35,214822.0
2020-12-14 10:00:00,NSE:HINDOILEXP,93.45,95.0,92.1,92.95,234826.0
2020-12-14 11:00:00,NSE:HINDOILEXP,92.95,93.4,92.55,92.7,58678.0
2020-12-14 12:00:00,NSE:HINDOILEXP,92.7,93.2,92.6,92.65,39078.0
2020-12-14 13:00:00,NSE:HINDOILEXP,92.85,98.75,92.65,98.25,606827.0
2020-12-14 14:00:00,NSE:HINDOILEXP,98.25,103.75,98.25,101.7,1392442.0
2020-12-14 15:00:00,NSE:HINDOILEXP,101.75,101.75,98.1,100.0,485993.0
2020-12-15 09:00:00,NSE:HINDOILEXP,101.2,101.8,97.35,98.3,411015.0
2020-12-15 10:00:00,NSE:HINDOILEXP,98.4,98.75,95.95,98.4,213826.0
2020-12-15 11:00:00,NSE:HINDOILEXP,98.3,99.7,98.0,98.5,83856.0
2020-12-15 12:00:00,NSE:HINDOILEXP,98.45,99.85,98.3,98.85,156727.0
2020-12-15 13:00:00,NSE:HINDOILEXP,98.85,99.9,98.2,98.9,112044.0
2020-12-15 14:00:00,NSE:HINDOILEXP,98.75,99.0,96.55,97.35,99016.0
2020-12-15 15:00:00,NSE:HINDOILEXP,97.35,97.9,96.5,96.8,141232.0
2020-12-16 09:00:00,NSE:HINDOILEXP,98.15,99.3,97.3,98.45,223615.0
2020-12-16 10:00:00,NSE:HINDOILEXP,98.5,98.5,97.25,97.8,69066.0
2020-12-16 11:00:00,NSE:HINDOILEXP,97.85,97.95,97.25,97.3,38444.0
2020-12-16 12:00:00,NSE:HINDOILEXP,97.3,97.45,95.5,96.35,60423.0
2020-12-16 13:00:00,NSE:HINDOILEXP,96.4,96.65,95.8,96.45,42225.0
2020-12-16 14:00:00,NSE:HINDOILEXP,96.3,96.7,95.4,95.85,56797.0
2020-12-16 15:00:00,NSE:HINDOILEXP,95.85,96.5,95.15,95.75,84818.0
2020-12-17 09:00:00,NSE:HINDOILEXP,97.1,101.6,97.05,99.3,271860.0
2020-12-17 10:00:00,NSE:HINDOILEXP,99.05,99.25,97.7,98.05,101693.0
2020-12-17 11:00:00,NSE:HINDOILEXP,97.95,97.95,97.05,97.45,75209.0
2020-12-17 12:00:00,NSE:HINDOILEXP,97.4,97.45,96.8,97.3,60876.0
2020-12-17 13:00:00,NSE:HINDOILEXP,97.35,98.0,97.15,97.7,29965.0
2020-12-17 14:00:00,NSE:HINDOILEXP,97.8,97.8,95.85,96.2,95993.0
2020-12-17 15:00:00,NSE:HINDOILEXP,96.2,96.6,95.65,96.2,73595.0
2020-12-18 09:00:00,NSE:HINDOILEXP,96.55,96.55,92.55,93.3,117124.0
2020-12-18 10:00:00,NSE:HINDOILEXP,93.3,93.9,91.5,93.65,97633.0
2020-12-18 11:00:00,NSE:HINDOILEXP,93.45,93.85,93.4,93.65,17928.0
2020-12-18 12:00:00,NSE:HINDOILEXP,93.6,93.85,93.0,93.35,12935.0
2020-12-18 13:00:00,NSE:HINDOILEXP,93.35,93.4,92.6,92.8,23564.0
2020-12-18 14:00:00,NSE:HINDOILEXP,92.8,94.3,92.7,93.9,47901.0
2020-12-18 15:00:00,NSE:HINDOILEXP,93.8,94.05,93.05,93.5,56183.0
2020-12-21 09:00:00,NSE:HINDOILEXP,93.0,93.75,91.65,93.6,116818.0
2020-12-21 10:00:00,NSE:HINDOILEXP,93.5,93.75,92.5,93.05,42445.0
2020-12-21 11:00:00,NSE:HINDOILEXP,93.05,93.15,92.55,92.75,15520.0
2020-12-21 12:00:00,NSE:HINDOILEXP,92.75,92.95,91.55,91.55,47364.0
2020-12-21 13:00:00,NSE:HINDOILEXP,91.55,91.9,87.2,87.25,151796.0
2020-12-21 14:00:00,NSE:HINDOILEXP,87.25,88.2,82.5,84.65,155827.0
2020-12-21 15:00:00,NSE:HINDOILEXP,84.7,86.9,84.5,85.65,90495.0
2020-12-22 09:00:00,NSE:HINDOILEXP,82.75,88.7,79.2,81.2,192010.0
2020-12-22 10:00:00,NSE:HINDOILEXP,81.25,83.6,80.95,82.75,92109.0
2020-12-22 11:00:00,NSE:HINDOILEXP,82.85,82.85,81.9,82.2,36788.0
2020-12-22 12:00:00,NSE:HINDOILEXP,82.3,82.4,81.5,82.2,15314.0
2020-12-22 13:00:00,NSE:HINDOILEXP,82.2,84.4,82.2,84.0,50886.0
2020-12-22 14:00:00,NSE:HINDOILEXP,84.2,85.0,83.85,83.95,42427.0
2020-12-22 15:00:00,NSE:HINDOILEXP,83.95,85.1,83.45,83.95,48330.0
2020-12-23 09:00:00,NSE:HINDOILEXP,84.2,87.45,83.0,86.2,76595.0
2020-12-23 10:00:00,NSE:HINDOILEXP,86.2,86.8,86.2,86.6,15796.0
2020-12-23 11:00:00,NSE:HINDOILEXP,86.6,88.15,86.6,88.0,57424.0
2020-12-23 12:00:00,NSE:HINDOILEXP,88.0,88.45,86.45,86.5,39123.0
2020-12-23 13:00:00,NSE:HINDOILEXP,86.4,94.4,86.2,93.0,424237.0
2020-12-23 14:00:00,NSE:HINDOILEXP,93.0,95.0,89.6,89.6,1140455.0
2020-12-23 15:00:00,NSE:HINDOILEXP,89.7,90.85,89.1,90.1,225803.0
2020-12-24 09:00:00,NSE:HINDOILEXP,91.4,91.8,90.0,90.85,173867.0
2020-12-24 10:00:00,NSE:HINDOILEXP,90.85,92.9,90.6,90.85,162444.0
2020-12-24 11:00:00,NSE:HINDOILEXP,91.0,91.0,89.2,90.8,114630.0
2020-12-24 12:00:00,NSE:HINDOILEXP,90.5,91.0,90.1,90.4,29299.0
2020-12-24 13:00:00,NSE:HINDOILEXP,90.5,90.6,88.5,89.9,84784.0
2020-12-24 14:00:00,NSE:HINDOILEXP,89.85,90.3,89.75,89.95,24845.0
2020-12-24 15:00:00,NSE:HINDOILEXP,89.95,90.0,89.7,89.85,72496.0
2020-12-28 09:00:00,NSE:HINDOILEXP,90.7,91.65,90.15,91.4,60182.0
2020-12-28 10:00:00,NSE:HINDOILEXP,91.35,91.35,90.55,90.6,27614.0
2020-12-28 11:00:00,NSE:HINDOILEXP,90.6,90.95,90.3,90.45,17110.0
2020-12-28 12:00:00,NSE:HINDOILEXP,90.3,90.65,90.2,90.6,10958.0
2020-12-28 13:00:00,NSE:HINDOILEXP,90.6,91.0,90.45,90.8,30380.0
2020-12-28 14:00:00,NSE:HINDOILEXP,90.65,91.5,90.2,90.25,38310.0
2020-12-28 15:00:00,NSE:HINDOILEXP,90.05,90.8,90.05,90.5,72177.0
2020-12-29 09:00:00,NSE:HINDOILEXP,91.4,93.9,91.0,91.7,140348.0
2020-12-29 10:00:00,NSE:HINDOILEXP,91.7,92.0,90.1,90.55,56378.0
2020-12-29 11:00:00,NSE:HINDOILEXP,90.55,91.15,90.15,90.65,48993.0
2020-12-29 12:00:00,NSE:HINDOILEXP,90.65,91.0,90.3,90.85,10071.0
2020-12-29 13:00:00,NSE:HINDOILEXP,90.85,91.2,90.6,90.8,11172.0
2020-12-29 14:00:00,NSE:HINDOILEXP,90.8,90.95,90.15,90.4,30722.0
2020-12-29 15:00:00,NSE:HINDOILEXP,90.4,90.6,89.6,90.0,54367.0
2020-12-30 09:00:00,NSE:HINDOILEXP,90.95,90.95,89.15,89.7,66463.0
2020-12-30 10:00:00,NSE:HINDOILEXP,89.7,89.9,88.65,89.5,51605.0
2020-12-30 11:00:00,NSE:HINDOILEXP,89.5,89.75,88.8,88.9,37913.0
2020-12-30 12:00:00,NSE:HINDOILEXP,88.9,88.9,87.6,87.9,45432.0
2020-12-30 13:00:00,NSE:HINDOILEXP,87.85,88.5,87.1,87.4,44772.0
2020-12-30 14:00:00,NSE:HINDOILEXP,87.4,88.1,87.4,87.9,28024.0
2020-12-30 15:00:00,NSE:HINDOILEXP,87.9,88.3,86.0,87.35,110619.0
2020-12-31 09:00:00,NSE:HINDOILEXP,87.65,88.0,87.35,87.85,85946.0
2020-12-31 10:00:00,NSE:HINDOILEXP,87.85,88.0,87.05,87.25,36795.0
2020-12-31 11:00:00,NSE:HINDOILEXP,87.25,87.35,86.5,86.85,34314.0
2020-12-31 12:00:00,NSE:HINDOILEXP,86.85,87.0,86.6,87.0,11975.0
2020-12-31 13:00:00,NSE:HINDOILEXP,86.9,87.0,86.55,86.9,18757.0
2020-12-31 14:00:00,NSE:HINDOILEXP,87.0,87.0,86.5,86.75,25773.0
2020-12-31 15:00:00,NSE:HINDOILEXP,86.7,86.7,85.9,86.25,46465.0
2021-01-01 09:00:00,NSE:HINDOILEXP,86.95,90.3,86.45,88.65,294912.0
2021-01-01 10:00:00,NSE:HINDOILEXP,88.75,88.9,87.15,87.9,68545.0
2021-01-01 11:00:00,NSE:HINDOILEXP,87.75,88.0,87.35,87.55,23861.0
2021-01-01 12:00:00,NSE:HINDOILEXP,87.7,87.8,86.95,87.75,53911.0
2021-01-01 13:00:00,NSE:HINDOILEXP,87.7,87.75,87.1,87.5,14980.0
2021-01-01 14:00:00,NSE:HINDOILEXP,87.4,87.95,87.2,87.6,40123.0
2021-01-01 15:00:00,NSE:HINDOILEXP,87.6,87.7,87.15,87.15,65547.0
2021-01-04 09:00:00,NSE:HINDOILEXP,88.3,88.65,87.5,88.0,104012.0
2021-01-04 10:00:00,NSE:HINDOILEXP,87.85,89.7,87.7,89.0,124023.0
2021-01-04 11:00:00,NSE:HINDOILEXP,89.0,89.0,87.5,87.5,164058.0
2021-01-04 12:00:00,NSE:HINDOILEXP,87.5,87.65,86.3,86.7,140157.0
2021-01-04 13:00:00,NSE:HINDOILEXP,86.7,86.9,86.1,86.45,146928.0
2021-01-04 14:00:00,NSE:HINDOILEXP,86.6,86.6,84.65,85.0,280853.0
2021-01-04 15:00:00,NSE:HINDOILEXP,85.0,85.0,82.95,84.15,389036.0
2021-01-05 09:00:00,NSE:HINDOILEXP,84.15,85.0,83.5,84.5,96958.0
2021-01-05 10:00:00,NSE:HINDOILEXP,84.5,85.0,84.4,85.0,35056.0
2021-01-05 11:00:00,NSE:HINDOILEXP,84.85,86.25,84.7,85.55,79063.0
2021-01-05 12:00:00,NSE:HINDOILEXP,85.7,85.75,85.1,85.5,43459.0
2021-01-05 13:00:00,NSE:HINDOILEXP,85.4,86.1,85.2,85.45,72453.0
2021-01-05 14:00:00,NSE:HINDOILEXP,85.65,85.8,84.6,85.35,82191.0
2021-01-05 15:00:00,NSE:HINDOILEXP,85.35,85.8,85.1,85.55,69036.0
2021-01-06 09:00:00,NSE:HINDOILEXP,88.25,89.4,87.5,88.65,545161.0
2021-01-06 10:00:00,NSE:HINDOILEXP,88.55,88.75,87.4,88.1,124055.0
2021-01-06 11:00:00,NSE:HINDOILEXP,88.05,88.05,87.1,87.4,55755.0
2021-01-06 12:00:00,NSE:HINDOILEXP,87.25,87.5,86.85,87.4,59627.0
2021-01-06 13:00:00,NSE:HINDOILEXP,87.5,87.85,86.1,86.5,70750.0
2021-01-06 14:00:00,NSE:HINDOILEXP,86.5,87.1,85.95,86.95,83979.0
2021-01-06 15:00:00,NSE:HINDOILEXP,86.9,87.5,86.0,86.75,112521.0
2021-01-07 09:00:00,NSE:HINDOILEXP,87.05,88.0,86.7,87.0,89358.0
2021-01-07 10:00:00,NSE:HINDOILEXP,86.85,87.0,86.55,86.7,34716.0
2021-01-07 11:00:00,NSE:HINDOILEXP,86.8,87.45,85.85,87.0,65378.0
2021-01-07 12:00:00,NSE:HINDOILEXP,87.05,88.9,86.7,87.5,195623.0
2021-01-07 13:00:00,NSE:HINDOILEXP,87.75,87.8,86.6,87.15,78292.0
2021-01-07 14:00:00,NSE:HINDOILEXP,87.15,87.45,86.65,86.8,34621.0
2021-01-07 15:00:00,NSE:HINDOILEXP,86.85,87.15,86.4,86.8,54357.0
2021-01-08 09:00:00,NSE:HINDOILEXP,87.6,88.0,87.2,87.5,52487.0
2021-01-08 10:00:00,NSE:HINDOILEXP,87.55,87.95,87.4,87.45,31381.0
2021-01-08 11:00:00,NSE:HINDOILEXP,87.5,87.65,87.0,87.35,31706.0
2021-01-08 12:00:00,NSE:HINDOILEXP,87.2,87.45,87.05,87.2,26707.0
2021-01-08 13:00:00,NSE:HINDOILEXP,87.1,87.25,86.75,86.9,18810.0
2021-01-08 14:00:00,NSE:HINDOILEXP,86.8,87.0,86.3,86.75,45657.0
2021-01-08 15:00:00,NSE:HINDOILEXP,86.75,86.9,86.3,86.55,45748.0
2021-01-11 09:00:00,NSE:HINDOILEXP,87.4,89.4,86.8,88.95,279612.0
2021-01-11 10:00:00,NSE:HINDOILEXP,88.9,89.2,88.5,88.55,227360.0
2021-01-11 11:00:00,NSE:HINDOILEXP,88.5,88.9,88.05,88.05,46016.0
2021-01-11 12:00:00,NSE:HINDOILEXP,88.25,89.0,88.05,88.45,48506.0
2021-01-11 13:00:00,NSE:HINDOILEXP,88.5,90.9,88.35,90.35,323842.0
2021-01-11 14:00:00,NSE:HINDOILEXP,90.3,92.0,90.0,90.4,358988.0
2021-01-11 15:00:00,NSE:HINDOILEXP,90.4,91.4,90.0,90.45,163018.0
2021-01-12 09:00:00,NSE:HINDOILEXP,90.5,90.5,88.4,88.8,121149.0
2021-01-12 10:00:00,NSE:HINDOILEXP,88.65,89.5,88.55,89.0,69216.0
2021-01-12 11:00:00,NSE:HINDOILEXP,89.15,90.95,89.0,89.8,137355.0
2021-01-12 12:00:00,NSE:HINDOILEXP,89.9,94.5,89.75,94.0,608462.0
2021-01-12 13:00:00,NSE:HINDOILEXP,94.0,97.4,93.75,96.7,835149.0
2021-01-12 14:00:00,NSE:HINDOILEXP,96.7,98.4,92.0,93.35,2020848.0
2021-01-12 15:00:00,NSE:HINDOILEXP,93.35,93.75,92.35,92.9,456251.0
2021-01-13 09:00:00,NSE:HINDOILEXP,92.85,94.45,92.45,93.4,297770.0
2021-01-13 10:00:00,NSE:HINDOILEXP,93.3,93.85,91.55,92.35,196916.0
2021-01-13 11:00:00,NSE:HINDOILEXP,92.4,92.65,91.6,91.65,74062.0
2021-01-13 12:00:00,NSE:HINDOILEXP,91.65,92.25,91.15,91.95,55984.0
2021-01-13 13:00:00,NSE:HINDOILEXP,91.95,91.95,89.7,90.05,124480.0
2021-01-13 14:00:00,NSE:HINDOILEXP,90.05,91.25,89.5,90.65,101999.0
2021-01-13 15:00:00,NSE:HINDOILEXP,90.7,91.3,90.6,91.3,111041.0
2021-01-14 09:00:00,NSE:HINDOILEXP,91.05,91.6,89.8,90.35,111012.0
2021-01-14 10:00:00,NSE:HINDOILEXP,90.1,90.4,89.1,89.95,73921.0
2021-01-14 11:00:00,NSE:HINDOILEXP,89.9,90.4,89.55,89.85,66264.0
2021-01-14 12:00:00,NSE:HINDOILEXP,89.85,89.9,89.3,89.55,34163.0
2021-01-14 13:00:00,NSE:HINDOILEXP,89.7,89.7,88.4,88.75,76258.0
2021-01-14 14:00:00,NSE:HINDOILEXP,88.6,88.8,88.5,88.55,41220.0
2021-01-14 15:00:00,NSE:HINDOILEXP,88.5,88.8,88.1,88.35,120899.0
2021-01-15 09:00:00,NSE:HINDOILEXP,88.75,89.4,87.9,89.4,97205.0
2021-01-15 10:00:00,NSE:HINDOILEXP,89.3,92.7,89.3,92.35,356134.0
2021-01-15 11:00:00,NSE:HINDOILEXP,92.25,92.25,89.75,90.25,173232.0
2021-01-15 12:00:00,NSE:HINDOILEXP,90.2,90.25,88.75,88.95,72096.0
2021-01-15 13:00:00,NSE:HINDOILEXP,89.0,89.35,88.7,88.8,30685.0
2021-01-15 14:00:00,NSE:HINDOILEXP,88.75,88.8,86.95,87.8,107187.0
2021-01-15 15:00:00,NSE:HINDOILEXP,87.8,88.8,87.8,88.35,92671.0
2021-01-18 09:00:00,NSE:HINDOILEXP,88.0,88.2,85.65,85.95,129561.0
2021-01-18 10:00:00,NSE:HINDOILEXP,85.8,86.45,84.2,85.05,98409.0
2021-01-18 11:00:00,NSE:HINDOILEXP,84.9,85.5,84.8,85.0,24662.0
2021-01-18 12:00:00,NSE:HINDOILEXP,85.0,85.25,84.7,85.2,20100.0
2021-01-18 13:00:00,NSE:HINDOILEXP,85.25,86.2,85.0,86.0,37954.0
2021-01-18 14:00:00,NSE:HINDOILEXP,86.1,86.5,85.8,86.0,31057.0
2021-01-18 15:00:00,NSE:HINDOILEXP,86.0,86.15,85.75,85.95,76166.0
2021-01-19 09:00:00,NSE:HINDOILEXP,86.25,87.6,86.2,87.25,41467.0
2021-01-19 10:00:00,NSE:HINDOILEXP,87.4,87.75,86.95,87.35,44888.0
2021-01-19 11:00:00,NSE:HINDOILEXP,87.25,87.55,86.35,86.65,56436.0
2021-01-19 12:00:00,NSE:HINDOILEXP,86.75,87.25,86.6,87.05,14357.0
2021-01-19 13:00:00,NSE:HINDOILEXP,87.2,87.3,86.7,86.85,20155.0
2021-01-19 14:00:00,NSE:HINDOILEXP,86.85,88.4,86.75,87.7,73372.0
2021-01-19 15:00:00,NSE:HINDOILEXP,87.55,87.6,86.65,86.7,54595.0
2021-01-20 09:00:00,NSE:HINDOILEXP,87.6,88.5,87.1,87.55,45726.0
2021-01-20 10:00:00,NSE:HINDOILEXP,87.6,88.25,87.3,87.75,52068.0
2021-01-20 11:00:00,NSE:HINDOILEXP,87.5,88.2,87.3,87.8,22332.0
2021-01-20 12:00:00,NSE:HINDOILEXP,87.85,87.85,87.35,87.5,4316.0
2021-01-20 13:00:00,NSE:HINDOILEXP,87.4,87.5,87.0,87.1,14432.0
2021-01-20 14:00:00,NSE:HINDOILEXP,87.1,89.2,86.75,87.7,159649.0
2021-01-20 15:00:00,NSE:HINDOILEXP,87.7,87.95,87.0,87.2,64120.0
2021-01-21 09:00:00,NSE:HINDOILEXP,87.95,88.35,86.4,86.65,97480.0
2021-01-21 10:00:00,NSE:HINDOILEXP,86.6,87.0,86.25,86.4,61935.0
2021-01-21 11:00:00,NSE:HINDOILEXP,86.35,86.4,85.5,85.85,62624.0
2021-01-21 12:00:00,NSE:HINDOILEXP,85.8,86.05,85.5,85.75,39236.0
2021-01-21 13:00:00,NSE:HINDOILEXP,85.8,85.95,84.6,85.0,101238.0
2021-01-21 14:00:00,NSE:HINDOILEXP,85.1,85.1,84.05,84.3,62893.0
2021-01-21 15:00:00,NSE:HINDOILEXP,84.35,84.5,83.3,84.0,86908.0
2021-01-22 09:00:00,NSE:HINDOILEXP,84.0,85.35,83.5,84.45,83824.0
2021-01-22 10:00:00,NSE:HINDOILEXP,84.45,84.65,83.3,83.35,28990.0
2021-01-22 11:00:00,NSE:HINDOILEXP,83.45,83.45,82.1,82.85,46875.0
2021-01-22 12:00:00,NSE:HINDOILEXP,83.15,83.4,82.3,82.3,40506.0
2021-01-22 13:00:00,NSE:HINDOILEXP,82.0,82.35,81.2,81.7,48520.0
2021-01-22 14:00:00,NSE:HINDOILEXP,81.7,82.6,81.7,82.5,25107.0
2021-01-22 15:00:00,NSE:HINDOILEXP,82.5,83.65,81.55,82.45,64719.0
2021-01-25 09:00:00,NSE:HINDOILEXP,83.2,83.95,80.3,81.7,73715.0
2021-01-25 10:00:00,NSE:HINDOILEXP,81.6,82.2,80.7,81.0,43107.0
2021-01-25 11:00:00,NSE:HINDOILEXP,80.75,81.25,80.35,80.8,26798.0
2021-01-25 12:00:00,NSE:HINDOILEXP,80.9,81.0,80.7,81.0,26489.0
2021-01-25 13:00:00,NSE:HINDOILEXP,81.0,81.0,80.75,80.9,12941.0
2021-01-25 14:00:00,NSE:HINDOILEXP,80.9,81.0,80.5,80.55,25658.0
2021-01-25 15:00:00,NSE:HINDOILEXP,80.65,81.0,79.8,80.8,60347.0
2021-01-27 09:00:00,NSE:HINDOILEXP,80.25,81.35,79.25,80.8,50693.0
2021-01-27 10:00:00,NSE:HINDOILEXP,80.8,81.6,80.5,81.2,40916.0
2021-01-27 11:00:00,NSE:HINDOILEXP,81.35,81.85,81.1,81.15,19755.0
2021-01-27 12:00:00,NSE:HINDOILEXP,81.15,81.25,80.5,80.55,49425.0
2021-01-27 13:00:00,NSE:HINDOILEXP,80.6,81.0,80.5,80.8,15341.0
2021-01-27 14:00:00,NSE:HINDOILEXP,80.75,80.85,80.5,80.75,33551.0
2021-01-27 15:00:00,NSE:HINDOILEXP,80.7,81.25,80.6,80.85,46288.0
2021-01-28 09:00:00,NSE:HINDOILEXP,80.0,80.55,79.3,80.15,67827.0
2021-01-28 10:00:00,NSE:HINDOILEXP,80.15,80.2,79.65,79.7,43022.0
2021-01-28 11:00:00,NSE:HINDOILEXP,79.95,80.15,79.75,80.05,14473.0
2021-01-28 12:00:00,NSE:HINDOILEXP,80.05,80.15,79.65,79.75,51275.0
2021-01-28 13:00:00,NSE:HINDOILEXP,79.8,80.15,79.0,79.85,39872.0
2021-01-28 14:00:00,NSE:HINDOILEXP,79.85,80.0,79.8,79.95,12755.0
2021-01-28 15:00:00,NSE:HINDOILEXP,79.95,80.0,79.65,79.85,16617.0
2021-01-29 09:00:00,NSE:HINDOILEXP,80.2,81.5,79.9,79.9,51204.0
2021-01-29 10:00:00,NSE:HINDOILEXP,79.9,80.0,78.6,79.2,46789.0
2021-01-29 11:00:00,NSE:HINDOILEXP,79.2,80.35,79.0,79.5,88771.0
2021-01-29 12:00:00,NSE:HINDOILEXP,79.55,79.9,79.25,79.75,28450.0
2021-01-29 13:00:00,NSE:HINDOILEXP,79.85,79.85,78.9,79.0,27766.0
2021-01-29 14:00:00,NSE:HINDOILEXP,79.0,79.1,78.7,78.85,27534.0
2021-01-29 15:00:00,NSE:HINDOILEXP,78.9,78.9,78.25,78.7,42079.0
2021-02-01 09:00:00,NSE:HINDOILEXP,78.7,80.65,78.4,78.85,38180.0
2021-02-01 10:00:00,NSE:HINDOILEXP,78.85,79.2,78.55,79.2,12340.0
2021-02-01 11:00:00,NSE:HINDOILEXP,79.15,79.85,78.6,79.35,14195.0
2021-02-01 12:00:00,NSE:HINDOILEXP,79.25,79.6,79.0,79.45,9951.0
2021-02-01 13:00:00,NSE:HINDOILEXP,79.4,81.3,79.4,81.1,50490.0
2021-02-01 14:00:00,NSE:HINDOILEXP,81.2,81.3,80.0,80.55,25952.0
2021-02-01 15:00:00,NSE:HINDOILEXP,80.55,80.95,79.45,80.1,67670.0
2021-02-02 09:00:00,NSE:HINDOILEXP,81.0,84.15,81.0,83.75,103601.0
2021-02-02 10:00:00,NSE:HINDOILEXP,83.85,83.85,82.2,82.4,55177.0
2021-02-02 11:00:00,NSE:HINDOILEXP,82.3,82.55,81.5,81.75,66174.0
2021-02-02 12:00:00,NSE:HINDOILEXP,81.75,81.85,81.2,81.25,13926.0
2021-02-02 13:00:00,NSE:HINDOILEXP,81.4,81.9,81.4,81.6,27019.0
2021-02-02 14:00:00,NSE:HINDOILEXP,81.65,81.85,81.4,81.7,23803.0
2021-02-02 15:00:00,NSE:HINDOILEXP,81.7,81.8,80.25,81.05,68416.0
2021-02-03 09:00:00,NSE:HINDOILEXP,82.8,83.8,82.7,82.8,172204.0
2021-02-03 10:00:00,NSE:HINDOILEXP,82.8,82.9,82.25,82.6,54294.0
2021-02-03 11:00:00,NSE:HINDOILEXP,82.75,82.95,82.5,82.8,38768.0
2021-02-03 12:00:00,NSE:HINDOILEXP,82.8,82.8,82.6,82.65,10757.0
2021-02-03 13:00:00,NSE:HINDOILEXP,82.65,82.8,82.6,82.7,24799.0
2021-02-03 14:00:00,NSE:HINDOILEXP,82.8,82.85,82.1,82.35,73103.0
2021-02-03 15:00:00,NSE:HINDOILEXP,82.35,82.55,82.15,82.4,52728.0
2021-02-04 09:00:00,NSE:HINDOILEXP,82.8,85.4,82.65,84.25,205310.0
2021-02-04 10:00:00,NSE:HINDOILEXP,84.4,84.5,83.8,84.25,44752.0
2021-02-04 11:00:00,NSE:HINDOILEXP,84.25,85.15,84.2,84.95,86551.0
2021-02-04 12:00:00,NSE:HINDOILEXP,85.0,85.2,84.6,84.65,30903.0
2021-02-04 13:00:00,NSE:HINDOILEXP,84.8,86.4,84.65,85.35,100787.0
2021-02-04 14:00:00,NSE:HINDOILEXP,85.35,85.7,84.7,84.9,49973.0
2021-02-04 15:00:00,NSE:HINDOILEXP,85.0,86.1,84.9,85.55,103205.0
2021-02-05 09:00:00,NSE:HINDOILEXP,86.8,87.8,86.55,87.0,158035.0
2021-02-05 10:00:00,NSE:HINDOILEXP,87.0,87.1,85.05,85.05,98057.0
2021-02-05 11:00:00,NSE:HINDOILEXP,85.45,86.4,85.2,86.15,44091.0
2021-02-05 12:00:00,NSE:HINDOILEXP,86.3,86.4,86.0,86.25,19420.0
2021-02-05 13:00:00,NSE:HINDOILEXP,86.05,86.25,85.5,85.8,19305.0
2021-02-05 14:00:00,NSE:HINDOILEXP,85.8,86.3,85.65,85.85,20535.0
2021-02-05 15:00:00,NSE:HINDOILEXP,85.85,86.3,85.75,86.05,58819.0
2021-02-08 09:00:00,NSE:HINDOILEXP,86.7,87.25,85.5,86.75,65526.0
2021-02-08 10:00:00,NSE:HINDOILEXP,86.65,87.0,85.8,86.35,24246.0
2021-02-08 11:00:00,NSE:HINDOILEXP,86.5,88.75,86.5,88.35,151525.0
2021-02-08 12:00:00,NSE:HINDOILEXP,88.35,89.25,88.1,88.8,126226.0
2021-02-08 13:00:00,NSE:HINDOILEXP,88.85,89.45,88.45,89.45,63314.0
2021-02-08 14:00:00,NSE:HINDOILEXP,89.45,89.95,86.5,87.3,418339.0
2021-02-08 15:00:00,NSE:HINDOILEXP,87.4,88.6,87.2,87.75,224594.0
2021-02-09 09:00:00,NSE:HINDOILEXP,88.25,88.6,86.45,87.1,175097.0
2021-02-09 10:00:00,NSE:HINDOILEXP,87.1,88.4,87.1,87.7,86388.0
2021-02-09 11:00:00,NSE:HINDOILEXP,87.75,87.95,87.1,87.35,28012.0
2021-02-09 12:00:00,NSE:HINDOILEXP,87.35,87.6,86.7,86.85,49512.0
2021-02-09 13:00:00,NSE:HINDOILEXP,86.75,87.5,86.55,87.2,44924.0
2021-02-09 14:00:00,NSE:HINDOILEXP,87.25,87.7,87.15,87.5,83850.0
2021-02-09 15:00:00,NSE:HINDOILEXP,87.65,87.65,86.7,87.65,107280.0
2021-02-10 09:00:00,NSE:HINDOILEXP,87.45,87.8,86.15,87.0,43286.0
2021-02-10 10:00:00,NSE:HINDOILEXP,87.0,87.0,85.6,86.05,41354.0
2021-02-10 11:00:00,NSE:HINDOILEXP,85.9,86.1,85.65,85.9,19943.0
2021-02-10 12:00:00,NSE:HINDOILEXP,85.9,85.95,85.3,85.7,70409.0
2021-02-10 13:00:00,NSE:HINDOILEXP,85.75,85.75,84.65,84.95,65701.0
2021-02-10 14:00:00,NSE:HINDOILEXP,84.95,85.0,84.65,84.75,35180.0
2021-02-10 15:00:00,NSE:HINDOILEXP,84.7,85.0,84.25,84.65,67065.0
2021-02-11 09:00:00,NSE:HINDOILEXP,84.45,85.45,84.05,85.3,53303.0
2021-02-11 10:00:00,NSE:HINDOILEXP,85.35,85.4,84.55,84.85,42140.0
2021-02-11 11:00:00,NSE:HINDOILEXP,84.85,84.85,84.05,84.15,20321.0
2021-02-11 12:00:00,NSE:HINDOILEXP,84.1,84.55,84.05,84.45,10652.0
2021-02-11 13:00:00,NSE:HINDOILEXP,84.35,84.5,84.15,84.35,7952.0
2021-02-11 14:00:00,NSE:HINDOILEXP,84.35,84.5,84.35,84.5,30628.0
2021-02-11 15:00:00,NSE:HINDOILEXP,84.5,84.85,84.1,84.4,24848.0
2021-02-12 09:00:00,NSE:HINDOILEXP,84.8,84.8,83.9,84.05,34754.0
2021-02-12 10:00:00,NSE:HINDOILEXP,84.05,84.3,83.6,83.85,23311.0
2021-02-12 11:00:00,NSE:HINDOILEXP,83.85,85.15,83.6,85.0,37089.0
2021-02-12 12:00:00,NSE:HINDOILEXP,85.1,85.2,84.15,84.6,228211.0
2021-02-12 13:00:00,NSE:HINDOILEXP,84.65,84.8,83.6,83.6,85966.0
2021-02-12 14:00:00,NSE:HINDOILEXP,83.75,83.75,83.1,83.45,35807.0
2021-02-12 15:00:00,NSE:HINDOILEXP,83.45,83.6,82.8,83.0,37286.0
2021-02-15 09:00:00,NSE:HINDOILEXP,84.4,86.45,84.4,86.3,114650.0
2021-02-15 10:00:00,NSE:HINDOILEXP,86.3,86.5,85.55,85.65,100088.0
2021-02-15 11:00:00,NSE:HINDOILEXP,85.7,86.2,85.5,86.05,56345.0
2021-02-15 12:00:00,NSE:HINDOILEXP,86.15,86.9,85.8,86.15,39120.0
2021-02-15 13:00:00,NSE:HINDOILEXP,86.0,86.1,85.6,85.6,18132.0
2021-02-15 14:00:00,NSE:HINDOILEXP,85.85,86.2,85.5,85.5,58144.0
2021-02-15 15:00:00,NSE:HINDOILEXP,85.75,85.85,84.95,85.35,54864.0
2021-02-16 09:00:00,NSE:HINDOILEXP,86.4,86.7,85.45,85.65,63111.0
2021-02-16 10:00:00,NSE:HINDOILEXP,85.6,86.05,85.25,85.55,28185.0
2021-02-16 11:00:00,NSE:HINDOILEXP,85.9,86.3,85.3,85.35,23011.0
2021-02-16 12:00:00,NSE:HINDOILEXP,85.45,85.7,85.1,85.3,14056.0
2021-02-16 13:00:00,NSE:HINDOILEXP,85.15,85.7,84.7,85.25,44139.0
2021-02-16 14:00:00,NSE:HINDOILEXP,85.1,86.15,85.0,85.9,30773.0
2021-02-16 15:00:00,NSE:HINDOILEXP,85.95,86.45,85.65,86.05,32697.0
2021-02-17 09:00:00,NSE:HINDOILEXP,86.9,86.9,85.8,86.25,39198.0
2021-02-17 10:00:00,NSE:HINDOILEXP,86.05,86.05,85.4,85.65,22019.0
2021-02-17 11:00:00,NSE:HINDOILEXP,85.65,86.45,85.35,85.7,24660.0
2021-02-17 12:00:00,NSE:HINDOILEXP,85.7,86.2,85.7,86.0,15839.0
2021-02-17 13:00:00,NSE:HINDOILEXP,86.0,86.15,84.6,84.8,57535.0
2021-02-17 14:00:00,NSE:HINDOILEXP,84.75,85.0,84.45,84.8,31868.0
2021-02-17 15:00:00,NSE:HINDOILEXP,84.8,85.0,84.45,84.75,44958.0
2021-02-18 09:00:00,NSE:HINDOILEXP,87.5,88.5,87.0,88.4,385707.0
2021-02-18 10:00:00,NSE:HINDOILEXP,88.25,89.9,87.8,89.5,222688.0
2021-02-18 11:00:00,NSE:HINDOILEXP,89.6,91.9,89.0,90.4,616869.0
2021-02-18 12:00:00,NSE:HINDOILEXP,90.2,90.55,88.3,89.75,213934.0
2021-02-18 13:00:00,NSE:HINDOILEXP,89.9,90.35,89.1,89.8,86180.0
2021-02-18 14:00:00,NSE:HINDOILEXP,89.55,90.5,89.0,89.0,171083.0
2021-02-18 15:00:00,NSE:HINDOILEXP,89.15,89.7,87.5,88.5,190351.0
2021-02-19 09:00:00,NSE:HINDOILEXP,88.7,88.9,87.2,87.85,71336.0
2021-02-19 10:00:00,NSE:HINDOILEXP,87.75,88.7,87.75,88.2,49804.0
2021-02-19 11:00:00,NSE:HINDOILEXP,88.0,88.3,87.8,87.9,23917.0
2021-02-19 12:00:00,NSE:HINDOILEXP,87.9,92.8,87.75,91.95,385537.0
2021-02-19 13:00:00,NSE:HINDOILEXP,91.8,92.1,89.5,90.4,217546.0
2021-02-19 14:00:00,NSE:HINDOILEXP,90.35,90.45,88.2,88.35,126908.0
2021-02-19 15:00:00,NSE:HINDOILEXP,88.3,90.4,88.3,89.3,107813.0
2021-02-22 09:00:00,NSE:HINDOILEXP,89.0,90.7,88.95,90.5,177025.0
2021-02-22 10:00:00,NSE:HINDOILEXP,90.7,91.85,89.35,91.25,148735.0
2021-02-22 11:00:00,NSE:HINDOILEXP,91.2,91.25,90.15,90.25,115275.0
2021-02-22 12:00:00,NSE:HINDOILEXP,90.25,91.2,90.1,90.25,75423.0
2021-02-22 13:00:00,NSE:HINDOILEXP,90.25,90.8,89.6,90.0,72554.0
2021-02-22 14:00:00,NSE:HINDOILEXP,90.1,90.4,89.4,90.15,50213.0
2021-02-22 15:00:00,NSE:HINDOILEXP,90.15,90.15,88.55,89.3,78928.0
2021-02-23 09:00:00,NSE:HINDOILEXP,90.4,98.0,90.4,96.35,2786594.0
2021-02-23 10:00:00,NSE:HINDOILEXP,96.3,100.15,95.25,97.75,1353528.0
2021-02-23 11:00:00,NSE:HINDOILEXP,97.8,98.85,96.7,97.65,354305.0
2021-02-23 12:00:00,NSE:HINDOILEXP,97.65,97.9,96.5,96.9,181568.0
2021-02-23 13:00:00,NSE:HINDOILEXP,96.9,97.7,96.05,96.75,182339.0
2021-02-23 14:00:00,NSE:HINDOILEXP,96.75,96.75,95.05,95.25,295281.0
2021-02-23 15:00:00,NSE:HINDOILEXP,95.1,95.5,94.8,95.05,403982.0
2021-02-24 09:00:00,NSE:HINDOILEXP,96.1,98.4,94.45,94.95,413477.0
2021-02-24 10:00:00,NSE:HINDOILEXP,94.8,96.5,94.7,95.7,191233.0
2021-02-24 11:00:00,NSE:HINDOILEXP,95.8,96.4,94.45,94.85,108842.0
2021-02-24 15:00:00,NSE:HINDOILEXP,94.6,95.9,93.5,95.05,42168.0
2021-02-24 16:00:00,NSE:HINDOILEXP,95.35,95.95,95.0,95.6,136000.0
2021-02-25 09:00:00,NSE:HINDOILEXP,97.25,98.3,96.65,97.05,264500.0
2021-02-25 10:00:00,NSE:HINDOILEXP,97.05,103.2,96.85,101.8,1546517.0
2021-02-25 11:00:00,NSE:HINDOILEXP,101.7,102.45,99.1,99.7,388411.0
2021-02-25 12:00:00,NSE:HINDOILEXP,99.7,100.65,99.2,100.5,167476.0
2021-02-25 13:00:00,NSE:HINDOILEXP,100.45,102.4,100.4,101.9,386459.0
2021-02-25 14:00:00,NSE:HINDOILEXP,102.0,102.0,99.45,99.9,278114.0
2021-02-25 15:00:00,NSE:HINDOILEXP,99.7,102.15,99.7,101.1,424212.0
2021-02-26 09:00:00,NSE:HINDOILEXP,98.7,99.9,97.1,99.45,217019.0
2021-02-26 10:00:00,NSE:HINDOILEXP,99.35,99.4,96.6,97.4,230512.0
2021-02-26 11:00:00,NSE:HINDOILEXP,97.35,97.5,96.15,97.25,185842.0
2021-02-26 12:00:00,NSE:HINDOILEXP,97.25,97.5,96.4,97.3,104761.0
2021-02-26 13:00:00,NSE:HINDOILEXP,97.15,97.5,96.8,97.5,62229.0
2021-02-26 14:00:00,NSE:HINDOILEXP,97.5,98.9,97.1,98.4,138101.0
2021-02-26 15:00:00,NSE:HINDOILEXP,98.3,98.55,96.95,97.9,152465.0
2021-03-01 09:00:00,NSE:HINDOILEXP,99.1,102.0,96.75,100.9,401536.0
2021-03-01 10:00:00,NSE:HINDOILEXP,100.9,101.3,100.0,100.45,125915.0
2021-03-01 11:00:00,NSE:HINDOILEXP,100.3,100.5,98.5,99.0,159241.0
2021-03-01 12:00:00,NSE:HINDOILEXP,98.85,99.8,98.55,99.25,45207.0
2021-03-01 13:00:00,NSE:HINDOILEXP,99.15,99.75,98.7,98.8,59939.0
2021-03-01 14:00:00,NSE:HINDOILEXP,98.8,99.5,98.65,98.9,73769.0
2021-03-01 15:00:00,NSE:HINDOILEXP,98.9,100.0,98.6,99.1,115530.0
2021-03-02 09:00:00,NSE:HINDOILEXP,99.1,104.5,98.0,100.95,520243.0
2021-03-02 10:00:00,NSE:HINDOILEXP,101.05,101.7,99.35,99.9,242591.0
2021-03-02 11:00:00,NSE:HINDOILEXP,99.9,101.2,98.65,100.45,267414.0
2021-03-02 12:00:00,NSE:HINDOILEXP,100.5,100.5,99.4,100.1,120193.0
2021-03-02 13:00:00,NSE:HINDOILEXP,100.0,100.9,99.65,99.65,168001.0
2021-03-02 14:00:00,NSE:HINDOILEXP,99.65,100.5,98.95,99.15,80287.0
2021-03-02 15:00:00,NSE:HINDOILEXP,99.15,99.8,98.9,99.3,95840.0
2021-03-03 09:00:00,NSE:HINDOILEXP,100.0,101.8,99.7,100.0,148557.0
2021-03-03 10:00:00,NSE:HINDOILEXP,99.85,100.4,98.5,99.0,87860.0
2021-03-03 11:00:00,NSE:HINDOILEXP,99.0,99.6,98.65,99.3,78649.0
2021-03-03 12:00:00,NSE:HINDOILEXP,99.3,99.35,98.5,98.9,31799.0
2021-03-03 13:00:00,NSE:HINDOILEXP,99.0,99.0,98.2,98.4,39578.0
2021-03-03 14:00:00,NSE:HINDOILEXP,98.35,98.75,98.2,98.4,44991.0
2021-03-03 15:00:00,NSE:HINDOILEXP,98.35,98.45,97.2,97.75,121937.0
2021-03-04 09:00:00,NSE:HINDOILEXP,97.0,99.45,96.1,97.5,219059.0
2021-03-04 10:00:00,NSE:HINDOILEXP,97.5,101.5,96.85,100.2,407300.0
2021-03-04 11:00:00,NSE:HINDOILEXP,100.25,100.75,99.45,100.4,107853.0
2021-03-04 12:00:00,NSE:HINDOILEXP,100.4,100.5,99.1,99.65,134773.0
2021-03-04 13:00:00,NSE:HINDOILEXP,99.65,99.75,98.5,98.5,70204.0
2021-03-04 14:00:00,NSE:HINDOILEXP,98.3,99.7,98.2,98.85,59679.0
2021-03-04 15:00:00,NSE:HINDOILEXP,98.75,99.5,98.1,98.75,110191.0
2021-03-05 09:00:00,NSE:HINDOILEXP,104.0,104.0,101.0,102.0,585552.0
2021-03-05 10:00:00,NSE:HINDOILEXP,102.15,102.4,100.1,100.1,210492.0
2021-03-05 11:00:00,NSE:HINDOILEXP,100.1,100.2,98.45,98.85,225468.0
2021-03-05 12:00:00,NSE:HINDOILEXP,98.85,102.5,97.6,102.1,410384.0
2021-03-05 13:00:00,NSE:HINDOILEXP,102.1,102.45,99.75,100.75,192212.0
2021-03-05 14:00:00,NSE:HINDOILEXP,100.55,100.75,99.1,99.75,152860.0
2021-03-05 15:00:00,NSE:HINDOILEXP,99.6,102.5,99.4,101.55,361188.0
2021-03-08 09:00:00,NSE:HINDOILEXP,105.0,113.8,103.3,110.1,2588025.0
2021-03-08 10:00:00,NSE:HINDOILEXP,109.9,110.8,107.05,109.7,646743.0
2021-03-08 11:00:00,NSE:HINDOILEXP,109.8,114.8,109.0,113.4,1338995.0
2021-03-08 12:00:00,NSE:HINDOILEXP,113.3,116.25,111.65,112.3,1109048.0
2021-03-08 13:00:00,NSE:HINDOILEXP,112.4,113.55,111.35,111.7,283867.0
2021-03-08 14:00:00,NSE:HINDOILEXP,111.7,112.1,109.5,110.65,308674.0
2021-03-08 15:00:00,NSE:HINDOILEXP,110.65,110.65,108.5,109.4,429706.0
2021-03-09 09:00:00,NSE:HINDOILEXP,110.45,113.3,109.0,109.2,630815.0
2021-03-09 10:00:00,NSE:HINDOILEXP,109.2,109.75,108.5,109.2,98571.0
2021-03-09 11:00:00,NSE:HINDOILEXP,109.2,110.9,109.05,110.75,152996.0
2021-03-09 12:00:00,NSE:HINDOILEXP,110.55,110.75,106.2,106.45,152861.0
2021-03-09 13:00:00,NSE:HINDOILEXP,106.5,107.2,102.6,104.35,352786.0
2021-03-09 14:00:00,NSE:HINDOILEXP,104.35,104.8,103.35,104.45,237840.0
2021-03-09 15:00:00,NSE:HINDOILEXP,104.4,106.4,103.9,105.5,245218.0
2021-03-10 09:00:00,NSE:HINDOILEXP,106.35,107.25,103.7,104.35,190632.0
2021-03-10 10:00:00,NSE:HINDOILEXP,104.2,107.35,104.1,105.4,240747.0
2021-03-10 11:00:00,NSE:HINDOILEXP,105.55,106.65,105.05,105.95,106474.0
2021-03-10 12:00:00,NSE:HINDOILEXP,105.95,106.2,104.8,105.5,53292.0
2021-03-10 13:00:00,NSE:HINDOILEXP,105.35,109.85,105.25,107.2,311435.0
2021-03-10 14:00:00,NSE:HINDOILEXP,107.1,107.2,106.2,107.05,57982.0
2021-03-10 15:00:00,NSE:HINDOILEXP,106.9,108.5,106.85,107.95,131159.0
2021-03-12 09:00:00,NSE:HINDOILEXP,109.5,112.6,109.5,110.5,454799.0
2021-03-12 10:00:00,NSE:HINDOILEXP,110.5,110.5,108.55,108.95,141106.0
2021-03-12 11:00:00,NSE:HINDOILEXP,109.0,109.1,108.55,108.85,64713.0
2021-03-12 12:00:00,NSE:HINDOILEXP,109.0,109.0,108.0,108.85,113845.0
2021-03-12 13:00:00,NSE:HINDOILEXP,108.85,108.95,106.45,107.4,248133.0
2021-03-12 14:00:00,NSE:HINDOILEXP,107.65,107.9,105.6,106.75,111961.0
2021-03-12 15:00:00,NSE:HINDOILEXP,106.95,108.35,106.5,107.3,163471.0
2021-03-15 09:00:00,NSE:HINDOILEXP,108.0,108.0,104.0,105.6,148462.0
2021-03-15 10:00:00,NSE:HINDOILEXP,105.55,106.0,104.5,104.6,71250.0
2021-03-15 11:00:00,NSE:HINDOILEXP,104.85,105.0,103.7,104.05,48548.0
2021-03-15 12:00:00,NSE:HINDOILEXP,104.05,105.1,104.0,104.45,112746.0
2021-03-15 13:00:00,NSE:HINDOILEXP,104.5,105.25,104.25,105.25,19373.0
2021-03-15 14:00:00,NSE:HINDOILEXP,105.25,106.0,105.0,105.95,59467.0
2021-03-15 15:00:00,NSE:HINDOILEXP,105.8,107.5,105.35,106.4,115002.0
2021-03-16 09:00:00,NSE:HINDOILEXP,106.9,106.9,104.4,105.25,87307.0
2021-03-16 10:00:00,NSE:HINDOILEXP,105.1,106.5,104.8,105.5,37494.0
2021-03-16 11:00:00,NSE:HINDOILEXP,105.5,106.5,104.6,104.9,142106.0
2021-03-16 12:00:00,NSE:HINDOILEXP,104.75,105.55,104.75,104.95,40201.0
2021-03-16 13:00:00,NSE:HINDOILEXP,105.0,105.1,104.55,104.8,23364.0
2021-03-16 14:00:00,NSE:HINDOILEXP,104.8,108.3,104.4,107.3,106370.0
2021-03-16 15:00:00,NSE:HINDOILEXP,107.25,114.3,106.5,110.25,477628.0
2021-03-17 09:00:00,NSE:HINDOILEXP,110.25,114.3,110.25,111.9,380413.0
2021-03-17 10:00:00,NSE:HINDOILEXP,111.9,112.05,107.4,109.0,253139.0
2021-03-17 11:00:00,NSE:HINDOILEXP,109.15,109.95,108.3,109.0,55881.0
2021-03-17 12:00:00,NSE:HINDOILEXP,109.0,109.75,108.3,108.55,59644.0
2021-03-17 13:00:00,NSE:HINDOILEXP,108.7,108.9,108.3,108.45,32682.0
2021-03-17 14:00:00,NSE:HINDOILEXP,108.45,108.6,104.5,105.25,264610.0
2021-03-17 15:00:00,NSE:HINDOILEXP,105.5,105.7,104.0,104.55,103214.0
2021-03-18 09:00:00,NSE:HINDOILEXP,106.0,107.25,105.35,106.0,189581.0
2021-03-18 10:00:00,NSE:HINDOILEXP,105.9,106.3,101.2,101.8,240763.0
2021-03-18 11:00:00,NSE:HINDOILEXP,101.7,102.5,101.7,102.3,92900.0
2021-03-18 12:00:00,NSE:HINDOILEXP,102.5,103.1,102.05,102.6,66390.0
2021-03-18 13:00:00,NSE:HINDOILEXP,102.55,102.55,95.2,95.4,332289.0
2021-03-18 14:00:00,NSE:HINDOILEXP,95.3,98.6,94.7,97.75,283384.0
2021-03-18 15:00:00,NSE:HINDOILEXP,97.7,101.4,97.5,99.65,181312.0
2021-03-19 09:00:00,NSE:HINDOILEXP,96.65,97.9,94.3,96.15,202043.0
2021-03-19 10:00:00,NSE:HINDOILEXP,96.2,98.8,96.15,98.4,107717.0
2021-03-19 11:00:00,NSE:HINDOILEXP,98.4,98.8,98.3,98.5,95158.0
2021-03-19 12:00:00,NSE:HINDOILEXP,98.5,101.4,98.4,100.2,149132.0
2021-03-19 13:00:00,NSE:HINDOILEXP,100.2,101.0,100.0,100.0,33065.0
2021-03-19 14:00:00,NSE:HINDOILEXP,100.1,100.55,98.35,99.0,89533.0
2021-03-19 15:00:00,NSE:HINDOILEXP,99.2,100.2,98.0,98.65,88999.0
2021-03-22 09:00:00,NSE:HINDOILEXP,99.45,99.45,97.15,98.75,97342.0
2021-03-22 10:00:00,NSE:HINDOILEXP,98.75,98.75,97.3,98.15,46304.0
2021-03-22 11:00:00,NSE:HINDOILEXP,98.25,99.35,98.0,98.85,192895.0
2021-03-22 12:00:00,NSE:HINDOILEXP,98.9,99.05,97.75,97.95,75608.0
2021-03-22 13:00:00,NSE:HINDOILEXP,97.9,98.1,96.4,96.6,55684.0
2021-03-22 14:00:00,NSE:HINDOILEXP,96.7,97.35,96.3,96.85,60704.0
2021-03-22 15:00:00,NSE:HINDOILEXP,96.8,98.5,96.35,97.05,70170.0
2021-03-23 09:00:00,NSE:HINDOILEXP,97.15,100.3,97.15,99.7,145581.0
2021-03-23 10:00:00,NSE:HINDOILEXP,99.5,100.0,98.15,99.75,172174.0
2021-03-23 11:00:00,NSE:HINDOILEXP,99.75,99.75,98.05,98.1,54019.0
2021-03-23 12:00:00,NSE:HINDOILEXP,98.3,98.75,96.75,97.75,102948.0
2021-03-23 13:00:00,NSE:HINDOILEXP,97.7,98.6,97.55,98.2,20542.0
2021-03-23 14:00:00,NSE:HINDOILEXP,98.2,98.2,97.45,97.65,36689.0
2021-03-23 15:00:00,NSE:HINDOILEXP,97.65,98.2,96.6,97.55,138115.0
2021-03-24 09:00:00,NSE:HINDOILEXP,96.75,97.0,95.0,95.95,88534.0
2021-03-24 10:00:00,NSE:HINDOILEXP,95.5,95.7,94.55,95.05,134602.0
2021-03-24 11:00:00,NSE:HINDOILEXP,95.05,95.35,94.0,94.9,60616.0
2021-03-24 12:00:00,NSE:HINDOILEXP,94.85,94.9,91.65,92.95,221981.0
2021-03-24 13:00:00,NSE:HINDOILEXP,92.95,93.75,92.4,93.55,60853.0
2021-03-24 14:00:00,NSE:HINDOILEXP,93.35,94.3,93.35,94.3,71130.0
2021-03-24 15:00:00,NSE:HINDOILEXP,94.25,95.4,93.15,93.9,115425.0
2021-03-25 09:00:00,NSE:HINDOILEXP,96.0,97.25,94.45,95.6,201201.0
2021-03-25 10:00:00,NSE:HINDOILEXP,95.5,95.95,94.6,94.6,37010.0
2021-03-25 11:00:00,NSE:HINDOILEXP,94.75,95.0,92.6,92.65,65405.0
2021-03-25 12:00:00,NSE:HINDOILEXP,92.65,93.6,92.05,93.2,62782.0
2021-03-25 13:00:00,NSE:HINDOILEXP,93.15,93.2,92.35,92.7,57576.0
2021-03-25 14:00:00,NSE:HINDOILEXP,92.7,93.5,92.4,93.1,60081.0
2021-03-25 15:00:00,NSE:HINDOILEXP,93.05,93.1,91.2,91.8,72508.0
2021-03-26 09:00:00,NSE:HINDOILEXP,93.0,94.2,90.2,92.7,83502.0
2021-03-26 10:00:00,NSE:HINDOILEXP,92.85,94.9,92.7,94.2,35456.0
2021-03-26 11:00:00,NSE:HINDOILEXP,94.25,94.5,94.15,94.15,65725.0
2021-03-26 12:00:00,NSE:HINDOILEXP,94.15,96.3,94.15,96.0,58312.0
2021-03-26 13:00:00,NSE:HINDOILEXP,96.0,98.95,95.25,98.6,261514.0
2021-03-26 14:00:00,NSE:HINDOILEXP,98.45,99.4,96.3,97.25,123983.0
2021-03-26 15:00:00,NSE:HINDOILEXP,97.1,98.8,96.5,97.85,105262.0
2021-03-30 09:00:00,NSE:HINDOILEXP,97.95,99.7,96.3,97.3,133477.0
2021-03-30 10:00:00,NSE:HINDOILEXP,97.3,98.2,97.1,98.0,35808.0
2021-03-30 11:00:00,NSE:HINDOILEXP,98.0,99.3,98.0,99.05,187351.0
2021-03-30 12:00:00,NSE:HINDOILEXP,99.1,101.4,99.0,99.6,104153.0
2021-03-30 13:00:00,NSE:HINDOILEXP,99.6,99.7,98.25,98.25,27885.0
2021-03-30 14:00:00,NSE:HINDOILEXP,98.2,99.7,97.5,99.65,49679.0
2021-03-30 15:00:00,NSE:HINDOILEXP,99.6,99.65,98.7,99.15,40279.0
2021-03-31 09:00:00,NSE:HINDOILEXP,99.15,101.2,97.6,101.15,62992.0
2021-03-31 10:00:00,NSE:HINDOILEXP,101.0,101.8,99.35,100.45,102010.0
2021-03-31 11:00:00,NSE:HINDOILEXP,100.35,100.4,99.0,99.2,137438.0
2021-03-31 12:00:00,NSE:HINDOILEXP,99.2,99.35,98.3,98.75,20246.0
2021-03-31 13:00:00,NSE:HINDOILEXP,98.75,98.95,98.2,98.45,10331.0
2021-03-31 14:00:00,NSE:HINDOILEXP,98.45,98.9,97.55,97.9,33816.0
2021-03-31 15:00:00,NSE:HINDOILEXP,97.9,97.95,96.55,96.75,52082.0
2021-04-01 09:00:00,NSE:HINDOILEXP,97.0,99.0,96.8,97.6,79217.0
2021-04-01 10:00:00,NSE:HINDOILEXP,97.25,98.0,97.25,97.4,54656.0
2021-04-01 11:00:00,NSE:HINDOILEXP,97.45,99.1,96.9,98.6,108102.0
2021-04-01 12:00:00,NSE:HINDOILEXP,98.8,98.9,97.25,97.75,46406.0
2021-04-01 13:00:00,NSE:HINDOILEXP,97.1,98.25,97.1,97.9,26221.0
2021-04-01 14:00:00,NSE:HINDOILEXP,97.65,97.95,97.05,97.2,36835.0
2021-04-01 15:00:00,NSE:HINDOILEXP,97.45,98.8,97.45,98.75,61103.0
2021-04-05 09:00:00,NSE:HINDOILEXP,97.25,97.85,95.1,95.45,66227.0
2021-04-05 10:00:00,NSE:HINDOILEXP,95.4,95.4,94.0,95.2,49841.0
2021-04-05 11:00:00,NSE:HINDOILEXP,95.2,95.25,94.0,94.25,110580.0
2021-04-05 12:00:00,NSE:HINDOILEXP,94.2,95.75,94.2,95.75,56315.0
2021-04-05 13:00:00,NSE:HINDOILEXP,95.75,96.2,95.45,96.0,18939.0
2021-04-05 14:00:00,NSE:HINDOILEXP,95.8,99.95,95.6,99.5,156365.0
2021-04-05 15:00:00,NSE:HINDOILEXP,99.6,100.0,98.5,99.55,91425.0
2021-04-06 09:00:00,NSE:HINDOILEXP,100.0,100.0,98.25,98.9,52047.0
2021-04-06 10:00:00,NSE:HINDOILEXP,98.9,99.9,98.8,99.0,163467.0
2021-04-06 11:00:00,NSE:HINDOILEXP,99.05,99.05,98.25,98.5,10646.0
2021-04-06 12:00:00,NSE:HINDOILEXP,98.5,98.5,97.5,97.75,43225.0
2021-04-06 13:00:00,NSE:HINDOILEXP,97.75,98.1,97.2,97.5,11145.0
2021-04-06 14:00:00,NSE:HINDOILEXP,97.35,97.95,97.35,97.55,11252.0
2021-04-06 15:00:00,NSE:HINDOILEXP,97.55,97.65,97.0,97.4,33326.0
2021-04-07 09:00:00,NSE:HINDOILEXP,97.5,98.5,97.3,97.85,28838.0
2021-04-07 10:00:00,NSE:HINDOILEXP,97.75,97.85,97.5,97.75,20015.0
2021-04-07 11:00:00,NSE:HINDOILEXP,97.8,99.5,97.8,99.05,118158.0
2021-04-07 12:00:00,NSE:HINDOILEXP,99.0,99.8,98.7,99.0,26837.0
2021-04-07 13:00:00,NSE:HINDOILEXP,99.0,99.15,98.1,98.8,38371.0
2021-04-07 14:00:00,NSE:HINDOILEXP,98.7,101.8,98.25,98.75,204883.0
2021-04-07 15:00:00,NSE:HINDOILEXP,98.7,102.3,98.5,100.8,141765.0
2021-04-08 09:00:00,NSE:HINDOILEXP,101.0,104.5,99.85,100.25,246147.0
2021-04-08 10:00:00,NSE:HINDOILEXP,100.25,100.9,99.7,100.0,217283.0
2021-04-08 11:00:00,NSE:HINDOILEXP,100.0,100.15,99.3,99.55,57297.0
2021-04-08 12:00:00,NSE:HINDOILEXP,99.55,99.75,98.55,99.65,95761.0
2021-04-08 13:00:00,NSE:HINDOILEXP,99.65,99.65,98.1,99.0,77191.0
2021-04-08 14:00:00,NSE:HINDOILEXP,99.0,99.15,98.5,98.65,51011.0
2021-04-08 15:00:00,NSE:HINDOILEXP,98.65,98.65,97.9,98.2,75124.0
2021-04-09 09:00:00,NSE:HINDOILEXP,98.05,99.7,97.7,98.85,56634.0
2021-04-09 10:00:00,NSE:HINDOILEXP,98.9,99.1,98.3,98.7,22256.0
2021-04-09 11:00:00,NSE:HINDOILEXP,98.65,98.8,97.5,98.3,33564.0
2021-04-09 12:00:00,NSE:HINDOILEXP,98.15,100.25,98.05,99.3,81284.0
2021-04-09 13:00:00,NSE:HINDOILEXP,99.4,99.9,99.05,99.5,167383.0
2021-04-09 14:00:00,NSE:HINDOILEXP,99.5,100.0,99.4,99.5,47753.0
2021-04-09 15:00:00,NSE:HINDOILEXP,99.5,99.8,99.4,99.55,53010.0
2021-04-12 09:00:00,NSE:HINDOILEXP,97.05,98.0,93.8,95.45,97322.0
2021-04-12 10:00:00,NSE:HINDOILEXP,95.4,95.45,94.45,94.6,34599.0
2021-04-12 11:00:00,NSE:HINDOILEXP,94.9,94.95,93.8,93.8,82247.0
2021-04-12 12:00:00,NSE:HINDOILEXP,93.75,93.9,92.0,92.45,89398.0
2021-04-12 13:00:00,NSE:HINDOILEXP,92.45,92.65,90.85,91.55,64715.0
2021-04-12 14:00:00,NSE:HINDOILEXP,91.6,92.95,91.6,92.4,35526.0
2021-04-12 15:00:00,NSE:HINDOILEXP,92.4,92.6,91.05,91.3,46942.0
2021-04-13 09:00:00,NSE:HINDOILEXP,92.4,93.7,92.4,93.2,23559.0
2021-04-13 10:00:00,NSE:HINDOILEXP,93.35,94.5,92.8,92.8,25038.0
2021-04-13 11:00:00,NSE:HINDOILEXP,92.9,94.1,92.8,93.55,68081.0
2021-04-13 12:00:00,NSE:HINDOILEXP,93.6,95.7,92.8,94.8,92494.0
2021-04-13 13:00:00,NSE:HINDOILEXP,94.75,95.0,94.1,94.9,13217.0
2021-04-13 14:00:00,NSE:HINDOILEXP,94.65,95.3,94.25,95.2,21915.0
2021-04-13 15:00:00,NSE:HINDOILEXP,95.2,95.25,94.45,95.25,24658.0
2021-04-15 09:00:00,NSE:HINDOILEXP,99.0,99.0,95.5,96.4,132480.0
2021-04-15 10:00:00,NSE:HINDOILEXP,96.45,96.7,95.0,96.3,63779.0
2021-04-15 11:00:00,NSE:HINDOILEXP,96.3,97.35,96.0,97.15,75160.0
2021-04-15 12:00:00,NSE:HINDOILEXP,97.2,97.4,96.45,97.25,63475.0
2021-04-15 13:00:00,NSE:HINDOILEXP,97.25,97.8,97.1,97.25,50144.0
2021-04-15 14:00:00,NSE:HINDOILEXP,97.25,97.8,96.8,97.55,43888.0
2021-04-15 15:00:00,NSE:HINDOILEXP,97.5,97.65,96.3,97.25,84053.0
2021-04-16 09:00:00,NSE:HINDOILEXP,98.0,98.45,96.45,97.35,34378.0
2021-04-16 10:00:00,NSE:HINDOILEXP,97.2,97.4,96.75,96.75,25019.0
2021-04-16 11:00:00,NSE:HINDOILEXP,96.8,97.2,96.0,96.5,58393.0
2021-04-16 12:00:00,NSE:HINDOILEXP,96.5,97.5,96.1,97.0,30857.0
2021-04-16 13:00:00,NSE:HINDOILEXP,96.7,97.15,95.85,96.7,39914.0
2021-04-16 14:00:00,NSE:HINDOILEXP,96.6,97.0,96.35,96.85,21689.0
2021-04-16 15:00:00,NSE:HINDOILEXP,96.8,97.95,96.15,97.2,94111.0
2021-04-19 09:00:00,NSE:HINDOILEXP,95.45,95.45,86.4,92.35,132281.0
2021-04-19 10:00:00,NSE:HINDOILEXP,92.15,93.7,91.3,93.55,83298.0
2021-04-19 11:00:00,NSE:HINDOILEXP,93.55,94.3,93.5,93.8,41461.0
2021-04-19 12:00:00,NSE:HINDOILEXP,93.85,94.1,93.5,93.7,15503.0
2021-04-19 13:00:00,NSE:HINDOILEXP,93.75,94.1,93.5,94.1,14713.0
2021-04-19 14:00:00,NSE:HINDOILEXP,93.85,94.05,93.7,94.0,27335.0
2021-04-19 15:00:00,NSE:HINDOILEXP,94.0,95.4,94.0,94.7,34147.0
2021-04-20 09:00:00,NSE:HINDOILEXP,95.3,96.7,94.5,94.85,52285.0
2021-04-20 10:00:00,NSE:HINDOILEXP,94.9,95.3,94.4,95.0,32031.0
2021-04-20 11:00:00,NSE:HINDOILEXP,95.0,95.9,94.5,95.55,105826.0
2021-04-20 12:00:00,NSE:HINDOILEXP,95.5,95.75,94.8,95.1,20529.0
2021-04-20 13:00:00,NSE:HINDOILEXP,95.1,96.2,95.0,95.4,16755.0
2021-04-20 14:00:00,NSE:HINDOILEXP,95.5,95.9,94.45,94.55,50296.0
2021-04-20 15:00:00,NSE:HINDOILEXP,94.75,95.25,94.75,95.05,43093.0
2021-04-22 09:00:00,NSE:HINDOILEXP,94.2,95.25,94.1,94.7,29625.0
2021-04-22 10:00:00,NSE:HINDOILEXP,94.7,95.8,94.7,95.25,20802.0
2021-04-22 11:00:00,NSE:HINDOILEXP,95.05,95.3,94.5,95.2,28593.0
2021-04-22 12:00:00,NSE:HINDOILEXP,95.25,95.4,94.6,95.0,36248.0
2021-04-22 13:00:00,NSE:HINDOILEXP,95.0,95.35,94.5,94.55,44415.0
2021-04-22 14:00:00,NSE:HINDOILEXP,94.8,95.2,94.1,94.5,38126.0
2021-04-22 15:00:00,NSE:HINDOILEXP,94.5,95.0,94.5,94.5,33837.0
2021-04-23 09:00:00,NSE:HINDOILEXP,94.5,95.55,94.5,95.0,11179.0
2021-04-23 10:00:00,NSE:HINDOILEXP,95.0,97.5,95.0,97.05,87883.0
2021-04-23 11:00:00,NSE:HINDOILEXP,97.05,101.8,97.05,100.0,232139.0
2021-04-23 12:00:00,NSE:HINDOILEXP,100.0,100.5,98.35,100.25,131713.0
2021-04-23 13:00:00,NSE:HINDOILEXP,100.25,101.25,99.2,99.45,167374.0
2021-04-23 14:00:00,NSE:HINDOILEXP,99.25,99.45,97.75,98.45,122794.0
2021-04-23 15:00:00,NSE:HINDOILEXP,98.5,99.85,98.2,99.0,94701.0
2021-04-26 09:00:00,NSE:HINDOILEXP,100.4,101.0,99.15,99.85,57718.0
2021-04-26 10:00:00,NSE:HINDOILEXP,99.95,100.0,98.1,98.9,38301.0
2021-04-26 11:00:00,NSE:HINDOILEXP,99.05,99.8,98.75,99.1,79968.0
2021-04-26 12:00:00,NSE:HINDOILEXP,99.25,99.4,98.95,99.2,14580.0
2021-04-26 13:00:00,NSE:HINDOILEXP,99.3,99.4,99.0,99.0,10349.0
2021-04-26 14:00:00,NSE:HINDOILEXP,99.1,99.3,98.9,99.0,29853.0
2021-04-26 15:00:00,NSE:HINDOILEXP,99.0,99.4,98.95,99.05,34617.0
2021-04-27 09:00:00,NSE:HINDOILEXP,99.8,99.8,98.5,98.85,17968.0
2021-04-27 10:00:00,NSE:HINDOILEXP,98.95,99.1,98.65,98.7,14451.0
2021-04-27 11:00:00,NSE:HINDOILEXP,98.75,99.35,98.6,99.0,37424.0
2021-04-27 12:00:00,NSE:HINDOILEXP,98.8,100.2,98.65,99.6,50149.0
2021-04-27 13:00:00,NSE:HINDOILEXP,99.5,99.5,98.9,98.9,21633.0
2021-04-27 14:00:00,NSE:HINDOILEXP,99.0,99.15,98.65,98.65,11107.0
2021-04-27 15:00:00,NSE:HINDOILEXP,98.7,98.95,98.05,98.5,21583.0
2021-04-28 09:00:00,NSE:HINDOILEXP,98.0,100.3,98.0,99.45,53813.0
2021-04-28 10:00:00,NSE:HINDOILEXP,99.45,99.75,99.0,99.15,16474.0
2021-04-28 11:00:00,NSE:HINDOILEXP,99.15,99.55,99.05,99.3,8905.0
2021-04-28 12:00:00,NSE:HINDOILEXP,99.3,99.5,99.0,99.05,16036.0
2021-04-28 13:00:00,NSE:HINDOILEXP,99.05,99.3,98.65,98.7,20991.0
2021-04-28 14:00:00,NSE:HINDOILEXP,98.6,99.15,98.4,99.0,19403.0
2021-04-28 15:00:00,NSE:HINDOILEXP,98.8,99.2,98.5,98.6,33227.0
2021-04-29 09:00:00,NSE:HINDOILEXP,99.6,100.5,99.05,99.35,77004.0
2021-04-29 10:00:00,NSE:HINDOILEXP,99.25,99.8,99.05,99.1,21328.0
2021-04-29 11:00:00,NSE:HINDOILEXP,99.1,99.2,98.45,99.0,20958.0
2021-04-29 12:00:00,NSE:HINDOILEXP,98.7,99.3,98.65,99.1,8751.0
2021-04-29 13:00:00,NSE:HINDOILEXP,99.1,99.1,98.05,98.15,24665.0
2021-04-29 14:00:00,NSE:HINDOILEXP,97.85,98.75,97.8,98.75,24145.0
2021-04-29 15:00:00,NSE:HINDOILEXP,98.6,99.4,98.3,98.7,34886.0
2021-04-30 09:00:00,NSE:HINDOILEXP,98.25,101.85,98.0,101.85,150683.0
2021-04-30 10:00:00,NSE:HINDOILEXP,101.85,103.7,100.5,103.4,575523.0
2021-04-30 11:00:00,NSE:HINDOILEXP,103.5,107.2,103.25,104.1,697959.0
2021-04-30 12:00:00,NSE:HINDOILEXP,104.0,106.65,103.85,104.45,256612.0
2021-04-30 13:00:00,NSE:HINDOILEXP,104.35,105.05,103.05,103.65,184042.0
2021-04-30 14:00:00,NSE:HINDOILEXP,103.75,105.6,102.15,102.35,800274.0
2021-04-30 15:00:00,NSE:HINDOILEXP,102.25,103.3,101.35,102.0,273290.0
2021-05-03 09:00:00,NSE:HINDOILEXP,102.0,103.75,100.0,103.0,155020.0
2021-05-03 10:00:00,NSE:HINDOILEXP,103.0,103.1,101.25,101.4,69503.0
2021-05-03 11:00:00,NSE:HINDOILEXP,101.4,102.25,100.7,101.45,51825.0
2021-05-03 12:00:00,NSE:HINDOILEXP,101.45,104.4,101.3,102.9,111955.0
2021-05-03 13:00:00,NSE:HINDOILEXP,102.9,103.4,100.85,101.95,71362.0
2021-05-03 14:00:00,NSE:HINDOILEXP,101.8,102.4,101.5,102.4,65293.0
2021-05-03 15:00:00,NSE:HINDOILEXP,102.15,102.25,101.4,101.85,86678.0
2021-05-04 09:00:00,NSE:HINDOILEXP,102.1,103.65,101.3,102.35,93855.0
2021-05-04 10:00:00,NSE:HINDOILEXP,102.2,102.7,101.3,101.45,47185.0
2021-05-04 11:00:00,NSE:HINDOILEXP,101.35,103.0,101.3,102.4,66336.0
2021-05-04 12:00:00,NSE:HINDOILEXP,102.5,108.0,102.4,105.4,472897.0
2021-05-04 13:00:00,NSE:HINDOILEXP,105.4,107.3,104.0,105.7,270630.0
2021-05-04 14:00:00,NSE:HINDOILEXP,105.7,106.2,103.1,103.1,148603.0
2021-05-04 15:00:00,NSE:HINDOILEXP,103.1,104.0,103.05,103.65,96411.0
2021-05-05 09:00:00,NSE:HINDOILEXP,106.5,108.05,105.7,106.8,312800.0
2021-05-05 10:00:00,NSE:HINDOILEXP,106.7,106.7,104.7,106.1,117392.0
2021-05-05 11:00:00,NSE:HINDOILEXP,105.9,106.0,104.0,104.05,79600.0
2021-05-05 12:00:00,NSE:HINDOILEXP,104.1,105.15,103.5,104.85,57257.0
2021-05-05 13:00:00,NSE:HINDOILEXP,104.85,105.45,104.45,105.35,62113.0
2021-05-05 14:00:00,NSE:HINDOILEXP,105.3,106.0,103.55,103.95,78766.0
2021-05-05 15:00:00,NSE:HINDOILEXP,103.95,104.4,103.45,104.0,76061.0
2021-05-06 09:00:00,NSE:HINDOILEXP,105.85,109.4,104.6,107.05,457249.0
2021-05-06 10:00:00,NSE:HINDOILEXP,107.1,107.85,105.5,105.85,120153.0
2021-05-06 11:00:00,NSE:HINDOILEXP,105.85,106.0,104.4,105.6,58590.0
2021-05-06 12:00:00,NSE:HINDOILEXP,105.25,105.7,105.05,105.65,30290.0
2021-05-06 13:00:00,NSE:HINDOILEXP,105.65,106.6,105.15,106.0,78724.0
2021-05-06 14:00:00,NSE:HINDOILEXP,106.0,106.1,104.75,105.1,61818.0
2021-05-06 15:00:00,NSE:HINDOILEXP,105.1,105.35,104.1,104.6,86740.0
2021-05-07 09:00:00,NSE:HINDOILEXP,105.8,106.9,105.0,105.3,81004.0
2021-05-07 10:00:00,NSE:HINDOILEXP,105.25,105.45,103.6,104.05,36946.0
2021-05-07 11:00:00,NSE:HINDOILEXP,104.0,104.35,102.1,102.95,76208.0
2021-05-07 12:00:00,NSE:HINDOILEXP,102.8,103.35,102.45,103.0,37745.0
2021-05-07 13:00:00,NSE:HINDOILEXP,103.0,103.15,101.7,102.75,90983.0
2021-05-07 14:00:00,NSE:HINDOILEXP,102.75,103.65,102.45,103.55,92507.0
2021-05-07 15:00:00,NSE:HINDOILEXP,103.65,103.95,102.55,103.0,46651.0
2021-05-10 09:00:00,NSE:HINDOILEXP,105.4,119.1,105.3,114.3,1671726.0
2021-05-10 10:00:00,NSE:HINDOILEXP,114.25,117.15,114.0,115.6,516738.0
2021-05-10 11:00:00,NSE:HINDOILEXP,115.5,116.5,114.0,116.05,232020.0
2021-05-10 12:00:00,NSE:HINDOILEXP,116.15,116.5,114.2,114.25,166357.0
2021-05-10 13:00:00,NSE:HINDOILEXP,114.25,114.8,111.1,113.75,337233.0
2021-05-10 14:00:00,NSE:HINDOILEXP,113.5,116.4,112.6,115.15,328570.0
2021-05-10 15:00:00,NSE:HINDOILEXP,115.15,116.65,114.1,115.6,345475.0
2021-05-11 09:00:00,NSE:HINDOILEXP,113.05,121.35,112.1,118.2,570134.0
2021-05-11 10:00:00,NSE:HINDOILEXP,118.2,119.65,117.55,119.0,186438.0
2021-05-11 11:00:00,NSE:HINDOILEXP,119.05,120.0,117.5,117.55,190921.0
2021-05-11 12:00:00,NSE:HINDOILEXP,117.55,117.95,115.05,116.4,95894.0
2021-05-11 13:00:00,NSE:HINDOILEXP,116.5,116.95,115.15,116.25,47453.0
2021-05-11 14:00:00,NSE:HINDOILEXP,116.25,124.8,116.05,122.45,893911.0
2021-05-11 15:00:00,NSE:HINDOILEXP,122.3,122.45,120.5,121.4,341500.0
2021-05-12 09:00:00,NSE:HINDOILEXP,122.0,122.3,117.2,118.3,238482.0
2021-05-12 10:00:00,NSE:HINDOILEXP,118.4,119.25,117.6,117.7,137485.0
2021-05-12 11:00:00,NSE:HINDOILEXP,118.0,118.75,117.7,118.65,80262.0
2021-05-12 12:00:00,NSE:HINDOILEXP,118.45,118.95,117.55,118.55,60724.0
2021-05-12 13:00:00,NSE:HINDOILEXP,118.25,123.5,118.0,122.5,200518.0
2021-05-12 14:00:00,NSE:HINDOILEXP,122.45,123.45,117.9,119.1,255750.0
2021-05-12 15:00:00,NSE:HINDOILEXP,119.35,119.7,117.65,118.35,145681.0
2021-05-14 09:00:00,NSE:HINDOILEXP,119.4,119.75,114.0,116.35,134552.0
2021-05-14 10:00:00,NSE:HINDOILEXP,116.4,117.0,112.7,112.85,108340.0
2021-05-14 11:00:00,NSE:HINDOILEXP,112.85,114.0,111.15,112.6,243612.0
2021-05-14 12:00:00,NSE:HINDOILEXP,112.3,114.0,112.25,113.5,123784.0
2021-05-14 13:00:00,NSE:HINDOILEXP,113.55,113.9,112.5,112.5,46300.0
2021-05-14 14:00:00,NSE:HINDOILEXP,112.65,114.65,112.55,113.9,70031.0
2021-05-14 15:00:00,NSE:HINDOILEXP,113.8,114.25,112.95,113.9,78872.0
2021-05-17 09:00:00,NSE:HINDOILEXP,114.9,116.4,114.3,114.8,69618.0
2021-05-17 10:00:00,NSE:HINDOILEXP,114.5,115.3,113.05,113.5,37006.0
2021-05-17 11:00:00,NSE:HINDOILEXP,113.4,113.55,112.3,113.2,64430.0
2021-05-17 12:00:00,NSE:HINDOILEXP,113.2,113.2,110.9,111.9,117390.0
2021-05-17 13:00:00,NSE:HINDOILEXP,111.85,112.1,110.6,112.0,45517.0
2021-05-17 14:00:00,NSE:HINDOILEXP,111.8,112.5,111.8,112.25,74640.0
2021-05-17 15:00:00,NSE:HINDOILEXP,112.4,112.45,111.8,112.05,62958.0
2021-05-18 09:00:00,NSE:HINDOILEXP,114.9,114.9,112.4,113.5,188033.0
2021-05-18 10:00:00,NSE:HINDOILEXP,113.35,114.6,113.3,113.65,200572.0
2021-05-18 11:00:00,NSE:HINDOILEXP,113.65,114.25,112.9,112.9,46385.0
2021-05-18 12:00:00,NSE:HINDOILEXP,113.0,113.55,111.3,112.65,90602.0
2021-05-18 13:00:00,NSE:HINDOILEXP,112.8,118.2,112.65,117.8,280335.0
2021-05-18 14:00:00,NSE:HINDOILEXP,117.75,119.85,116.1,116.7,542136.0
2021-05-18 15:00:00,NSE:HINDOILEXP,116.7,116.85,115.25,116.25,152475.0
2021-05-19 09:00:00,NSE:HINDOILEXP,115.45,115.45,113.55,114.0,163420.0
2021-05-19 10:00:00,NSE:HINDOILEXP,114.15,114.7,113.4,113.5,63841.0
2021-05-19 11:00:00,NSE:HINDOILEXP,113.55,113.9,113.15,113.65,38025.0
2021-05-19 12:00:00,NSE:HINDOILEXP,113.85,115.25,113.7,114.2,61543.0
2021-05-19 13:00:00,NSE:HINDOILEXP,114.2,114.2,112.25,112.95,80096.0
2021-05-19 14:00:00,NSE:HINDOILEXP,112.95,113.25,112.35,112.7,63778.0
2021-05-19 15:00:00,NSE:HINDOILEXP,112.65,112.8,112.1,112.45,73210.0
2021-05-20 09:00:00,NSE:HINDOILEXP,111.0,112.5,109.4,111.0,113651.0
2021-05-20 10:00:00,NSE:HINDOILEXP,110.9,112.0,110.9,111.5,28400.0
2021-05-20 11:00:00,NSE:HINDOILEXP,111.5,111.85,110.9,111.15,26165.0
2021-05-20 12:00:00,NSE:HINDOILEXP,111.1,111.5,110.65,111.3,64462.0
2021-05-20 13:00:00,NSE:HINDOILEXP,111.3,111.35,110.3,110.8,22154.0
2021-05-20 14:00:00,NSE:HINDOILEXP,110.8,111.15,109.7,109.9,45658.0
2021-05-20 15:00:00,NSE:HINDOILEXP,109.7,110.05,109.2,109.8,44861.0
2021-05-21 09:00:00,NSE:HINDOILEXP,110.1,112.0,109.8,111.75,84218.0
2021-05-21 10:00:00,NSE:HINDOILEXP,111.75,115.45,111.4,113.65,208544.0
2021-05-21 11:00:00,NSE:HINDOILEXP,113.85,114.6,113.5,113.8,74052.0
2021-05-21 12:00:00,NSE:HINDOILEXP,113.5,113.75,113.15,113.3,31590.0
2021-05-21 13:00:00,NSE:HINDOILEXP,113.25,113.4,112.25,112.9,37114.0
2021-05-21 14:00:00,NSE:HINDOILEXP,112.9,113.45,112.3,112.95,25719.0
2021-05-21 15:00:00,NSE:HINDOILEXP,112.85,113.5,112.5,112.95,64162.0
2021-05-24 09:00:00,NSE:HINDOILEXP,112.95,113.75,108.45,109.45,232906.0
2021-05-24 10:00:00,NSE:HINDOILEXP,109.5,110.45,109.25,109.5,53192.0
2021-05-24 11:00:00,NSE:HINDOILEXP,109.5,109.65,107.0,107.7,252285.0
2021-05-24 12:00:00,NSE:HINDOILEXP,107.85,107.85,105.75,106.0,311523.0
2021-05-24 13:00:00,NSE:HINDOILEXP,106.15,106.45,105.4,105.75,145528.0
2021-05-24 14:00:00,NSE:HINDOILEXP,105.7,105.85,105.25,105.25,168301.0
2021-05-24 15:00:00,NSE:HINDOILEXP,105.4,105.4,104.0,104.55,251508.0
2021-05-25 09:00:00,NSE:HINDOILEXP,97.9,99.8,93.65,99.3,1851232.0
2021-05-25 10:00:00,NSE:HINDOILEXP,99.3,102.3,99.1,99.1,593790.0
2021-05-25 11:00:00,NSE:HINDOILEXP,99.35,102.9,98.85,100.75,376577.0
2021-05-25 12:00:00,NSE:HINDOILEXP,100.65,100.85,99.4,99.85,104170.0
2021-05-25 13:00:00,NSE:HINDOILEXP,99.85,100.4,99.4,99.85,101698.0
2021-05-25 14:00:00,NSE:HINDOILEXP,99.85,99.85,98.7,99.05,121072.0
2021-05-25 15:00:00,NSE:HINDOILEXP,99.0,99.35,98.05,98.8,204337.0
2021-05-26 09:00:00,NSE:HINDOILEXP,99.9,101.5,99.5,100.25,215167.0
2021-05-26 10:00:00,NSE:HINDOILEXP,100.15,100.95,99.9,100.45,112276.0
2021-05-26 11:00:00,NSE:HINDOILEXP,100.45,101.5,100.15,101.15,80615.0
2021-05-26 12:00:00,NSE:HINDOILEXP,101.15,102.7,101.1,102.1,149400.0
2021-05-26 13:00:00,NSE:HINDOILEXP,102.0,102.0,100.1,101.1,286578.0
2021-05-26 14:00:00,NSE:HINDOILEXP,101.1,103.2,100.15,100.45,977645.0
2021-05-26 15:00:00,NSE:HINDOILEXP,100.45,100.45,98.6,99.35,251415.0
2021-05-27 09:00:00,NSE:HINDOILEXP,100.4,100.4,98.3,98.85,207059.0
2021-05-27 10:00:00,NSE:HINDOILEXP,99.0,99.0,98.35,98.5,98139.0
2021-05-27 11:00:00,NSE:HINDOILEXP,98.5,98.9,98.05,98.35,87226.0
2021-05-27 12:00:00,NSE:HINDOILEXP,98.35,98.8,98.25,98.55,46953.0
2021-05-27 13:00:00,NSE:HINDOILEXP,98.55,99.0,98.45,98.7,42748.0
2021-05-27 14:00:00,NSE:HINDOILEXP,98.6,98.75,97.8,97.95,103257.0
2021-05-27 15:00:00,NSE:HINDOILEXP,97.95,98.2,96.6,97.2,198306.0
2021-05-28 09:00:00,NSE:HINDOILEXP,98.0,98.6,96.2,96.25,382885.0
2021-05-28 10:00:00,NSE:HINDOILEXP,96.2,97.1,96.2,96.75,113789.0
2021-05-28 11:00:00,NSE:HINDOILEXP,96.75,97.1,96.55,97.0,71346.0
2021-05-28 12:00:00,NSE:HINDOILEXP,97.0,97.3,96.5,97.1,64328.0
2021-05-28 13:00:00,NSE:HINDOILEXP,97.1,98.1,96.8,97.05,141253.0
2021-05-28 14:00:00,NSE:HINDOILEXP,97.05,102.4,97.0,101.85,711940.0
2021-05-28 15:00:00,NSE:HINDOILEXP,101.85,102.0,100.5,101.25,327596.0
2021-05-31 09:00:00,NSE:HINDOILEXP,101.2,101.5,99.4,100.5,141777.0
2021-05-31 10:00:00,NSE:HINDOILEXP,100.5,102.45,100.5,101.65,193550.0
2021-05-31 11:00:00,NSE:HINDOILEXP,101.65,102.1,100.65,102.0,195432.0
2021-05-31 12:00:00,NSE:HINDOILEXP,102.0,102.9,101.8,102.4,95547.0
2021-05-31 13:00:00,NSE:HINDOILEXP,102.45,103.7,102.45,102.95,195685.0
2021-05-31 14:00:00,NSE:HINDOILEXP,102.95,103.5,102.6,103.05,235311.0
2021-05-31 15:00:00,NSE:HINDOILEXP,103.0,103.05,102.15,102.55,111867.0
2021-06-01 09:00:00,NSE:HINDOILEXP,103.85,104.25,102.8,103.4,166704.0
2021-06-01 10:00:00,NSE:HINDOILEXP,103.4,104.5,102.8,103.45,173967.0
2021-06-01 11:00:00,NSE:HINDOILEXP,103.45,103.55,100.5,100.9,133058.0
2021-06-01 12:00:00,NSE:HINDOILEXP,100.85,101.0,99.5,100.05,150780.0
2021-06-01 13:00:00,NSE:HINDOILEXP,100.05,100.85,99.5,99.95,127362.0
2021-06-01 14:00:00,NSE:HINDOILEXP,99.95,101.75,99.8,101.4,397208.0
2021-06-01 15:00:00,NSE:HINDOILEXP,101.4,101.45,99.8,100.5,389855.0
2021-06-02 09:00:00,NSE:HINDOILEXP,104.8,106.1,102.2,105.5,1914197.0
2021-06-02 10:00:00,NSE:HINDOILEXP,105.7,109.2,105.3,107.1,1620630.0
2021-06-02 11:00:00,NSE:HINDOILEXP,107.05,107.65,106.6,106.65,198178.0
2021-06-02 12:00:00,NSE:HINDOILEXP,106.65,106.9,105.8,106.25,186577.0
2021-06-02 13:00:00,NSE:HINDOILEXP,106.25,106.35,105.35,105.95,211740.0
2021-06-02 14:00:00,NSE:HINDOILEXP,105.85,106.85,105.7,106.7,257527.0
2021-06-02 15:00:00,NSE:HINDOILEXP,106.7,106.9,105.55,106.2,409940.0
2021-06-03 09:00:00,NSE:HINDOILEXP,110.0,110.6,106.7,107.5,559607.0
2021-06-03 10:00:00,NSE:HINDOILEXP,107.5,107.65,106.5,107.1,147431.0
2021-06-03 11:00:00,NSE:HINDOILEXP,107.1,107.1,105.05,106.7,284420.0
2021-06-03 12:00:00,NSE:HINDOILEXP,106.7,107.0,105.2,106.4,293197.0
2021-06-03 13:00:00,NSE:HINDOILEXP,106.35,106.4,105.25,105.65,176143.0
2021-06-03 14:00:00,NSE:HINDOILEXP,105.65,106.0,105.25,105.35,182478.0
2021-06-03 15:00:00,NSE:HINDOILEXP,105.45,105.6,104.75,105.2,297414.0
2021-06-04 09:00:00,NSE:HINDOILEXP,105.9,106.7,105.1,105.65,312755.0
2021-06-04 10:00:00,NSE:HINDOILEXP,105.5,106.0,105.25,105.5,89501.0
2021-06-04 11:00:00,NSE:HINDOILEXP,105.4,105.65,104.55,105.4,76443.0
2021-06-04 12:00:00,NSE:HINDOILEXP,105.4,105.85,105.05,105.4,51215.0
2021-06-04 13:00:00,NSE:HINDOILEXP,105.4,105.6,104.5,104.75,54284.0
2021-06-04 14:00:00,NSE:HINDOILEXP,104.75,105.85,104.65,105.1,95882.0
2021-06-04 15:00:00,NSE:HINDOILEXP,105.1,105.3,104.25,104.7,116131.0
2021-06-07 09:00:00,NSE:HINDOILEXP,106.0,107.7,105.5,106.0,214969.0
2021-06-07 10:00:00,NSE:HINDOILEXP,106.0,108.3,105.55,107.9,284205.0
2021-06-07 11:00:00,NSE:HINDOILEXP,107.7,108.5,107.2,108.45,237232.0
2021-06-07 12:00:00,NSE:HINDOILEXP,108.6,110.2,108.6,108.8,388481.0
2021-06-07 13:00:00,NSE:HINDOILEXP,108.75,109.25,108.2,109.05,95590.0
2021-06-07 14:00:00,NSE:HINDOILEXP,109.0,109.55,107.1,107.55,232354.0
2021-06-07 15:00:00,NSE:HINDOILEXP,107.5,107.7,106.85,107.2,165999.0
2021-06-08 09:00:00,NSE:HINDOILEXP,107.25,107.4,105.75,105.8,151198.0
2021-06-08 10:00:00,NSE:HINDOILEXP,106.05,106.7,104.65,105.3,169401.0
2021-06-08 11:00:00,NSE:HINDOILEXP,105.5,105.7,104.65,104.95,91384.0
2021-06-08 12:00:00,NSE:HINDOILEXP,105.0,105.7,104.4,105.7,84702.0
2021-06-08 13:00:00,NSE:HINDOILEXP,105.7,107.25,105.6,106.0,102074.0
2021-06-08 14:00:00,NSE:HINDOILEXP,105.8,108.4,105.7,107.5,170483.0
2021-06-08 15:00:00,NSE:HINDOILEXP,107.5,107.55,105.75,106.5,186115.0
2021-06-09 09:00:00,NSE:HINDOILEXP,110.9,110.9,108.6,108.95,412577.0
2021-06-09 10:00:00,NSE:HINDOILEXP,108.95,109.5,108.25,108.55,111640.0
2021-06-09 11:00:00,NSE:HINDOILEXP,108.7,109.3,108.55,109.15,54371.0
2021-06-09 12:00:00,NSE:HINDOILEXP,109.1,109.6,108.45,108.75,103762.0
2021-06-09 13:00:00,NSE:HINDOILEXP,108.75,108.75,105.9,106.0,212219.0
2021-06-09 14:00:00,NSE:HINDOILEXP,106.0,106.5,103.75,104.75,258709.0
2021-06-09 15:00:00,NSE:HINDOILEXP,104.75,106.45,104.6,105.65,168548.0
2021-06-10 09:00:00,NSE:HINDOILEXP,105.95,107.1,105.0,106.55,92765.0
2021-06-10 10:00:00,NSE:HINDOILEXP,106.4,107.25,106.2,107.2,64426.0
2021-06-10 11:00:00,NSE:HINDOILEXP,107.2,108.4,106.65,107.55,110964.0
2021-06-10 12:00:00,NSE:HINDOILEXP,107.55,107.9,107.25,107.4,61643.0
2021-06-10 13:00:00,NSE:HINDOILEXP,107.4,107.6,106.6,106.8,42709.0
2021-06-10 14:00:00,NSE:HINDOILEXP,106.8,107.85,106.7,106.85,75475.0
2021-06-10 15:00:00,NSE:HINDOILEXP,106.8,107.05,106.3,106.6,97171.0
2021-06-11 09:00:00,NSE:HINDOILEXP,107.75,111.35,107.05,109.2,446857.0
2021-06-11 10:00:00,NSE:HINDOILEXP,109.2,109.75,108.5,109.45,152016.0
2021-06-11 11:00:00,NSE:HINDOILEXP,109.3,109.5,107.7,108.0,107186.0
2021-06-11 12:00:00,NSE:HINDOILEXP,108.0,108.55,107.7,108.55,87770.0
2021-06-11 13:00:00,NSE:HINDOILEXP,108.6,109.0,107.8,107.95,44584.0
2021-06-11 14:00:00,NSE:HINDOILEXP,107.95,108.25,107.25,107.55,64822.0
2021-06-11 15:00:00,NSE:HINDOILEXP,107.7,107.8,107.05,107.6,146806.0
2021-06-14 09:00:00,NSE:HINDOILEXP,108.7,109.0,105.5,107.0,202649.0
2021-06-14 10:00:00,NSE:HINDOILEXP,107.0,107.65,106.3,107.2,93000.0
2021-06-14 11:00:00,NSE:HINDOILEXP,107.4,108.5,107.1,108.3,51615.0
2021-06-14 12:00:00,NSE:HINDOILEXP,108.25,108.5,107.75,108.0,46266.0
2021-06-14 13:00:00,NSE:HINDOILEXP,108.0,108.45,107.8,108.4,36526.0
2021-06-14 14:00:00,NSE:HINDOILEXP,108.2,112.4,107.7,112.2,533108.0
2021-06-14 15:00:00,NSE:HINDOILEXP,112.2,114.4,112.0,113.0,810605.0
2021-06-15 09:00:00,NSE:HINDOILEXP,115.45,117.0,114.25,115.65,909702.0
2021-06-15 10:00:00,NSE:HINDOILEXP,115.7,116.75,114.85,115.5,424547.0
2021-06-15 11:00:00,NSE:HINDOILEXP,115.65,115.65,114.5,114.75,115564.0
2021-06-15 12:00:00,NSE:HINDOILEXP,114.7,115.0,113.75,114.25,181545.0
2021-06-15 13:00:00,NSE:HINDOILEXP,114.1,115.05,113.7,113.7,229582.0
2021-06-15 14:00:00,NSE:HINDOILEXP,113.7,113.95,112.25,112.75,258397.0
2021-06-15 15:00:00,NSE:HINDOILEXP,112.75,113.45,111.7,112.4,265327.0
2021-06-16 09:00:00,NSE:HINDOILEXP,114.35,115.85,113.35,114.25,476950.0
2021-06-16 10:00:00,NSE:HINDOILEXP,114.05,117.6,114.05,114.45,585353.0
2021-06-16 11:00:00,NSE:HINDOILEXP,114.3,116.7,114.25,115.5,258568.0
2021-06-16 12:00:00,NSE:HINDOILEXP,115.5,117.85,115.5,116.9,339826.0
2021-06-16 13:00:00,NSE:HINDOILEXP,117.0,121.5,116.8,120.15,1654904.0
2021-06-16 14:00:00,NSE:HINDOILEXP,120.1,120.3,117.7,118.9,423903.0
2021-06-16 15:00:00,NSE:HINDOILEXP,119.0,119.1,116.9,117.95,550514.0
2021-06-17 09:00:00,NSE:HINDOILEXP,115.2,119.0,115.0,118.3,401017.0
2021-06-17 10:00:00,NSE:HINDOILEXP,118.3,118.95,117.1,117.5,208439.0
2021-06-17 11:00:00,NSE:HINDOILEXP,117.5,118.3,117.0,117.1,120351.0
2021-06-17 12:00:00,NSE:HINDOILEXP,117.1,117.3,115.65,116.55,71678.0
2021-06-17 13:00:00,NSE:HINDOILEXP,116.6,116.9,114.9,114.9,101331.0
2021-06-17 14:00:00,NSE:HINDOILEXP,114.85,115.3,113.0,113.5,202489.0
2021-06-17 15:00:00,NSE:HINDOILEXP,113.75,115.5,113.7,115.15,147270.0
2021-06-18 09:00:00,NSE:HINDOILEXP,114.7,115.6,110.65,111.2,263084.0
2021-06-18 10:00:00,NSE:HINDOILEXP,111.15,113.6,108.6,108.85,374257.0
2021-06-18 11:00:00,NSE:HINDOILEXP,108.8,111.35,108.2,110.75,420061.0
2021-06-18 12:00:00,NSE:HINDOILEXP,110.7,110.7,109.4,110.35,102489.0
2021-06-18 13:00:00,NSE:HINDOILEXP,110.25,110.8,109.8,110.45,42431.0
2021-06-18 14:00:00,NSE:HINDOILEXP,110.25,111.5,110.0,110.85,102702.0
2021-06-18 15:00:00,NSE:HINDOILEXP,110.9,111.35,110.5,111.0,101460.0
2021-06-21 09:00:00,NSE:HINDOILEXP,109.2,114.75,109.2,112.7,217041.0
2021-06-21 10:00:00,NSE:HINDOILEXP,112.7,114.0,112.5,112.6,81139.0
2021-06-21 11:00:00,NSE:HINDOILEXP,112.75,113.05,112.45,112.7,28368.0
2021-06-21 12:00:00,NSE:HINDOILEXP,112.65,114.4,112.6,113.2,62735.0
2021-06-21 13:00:00,NSE:HINDOILEXP,113.45,113.6,112.6,113.1,25571.0
2021-06-21 14:00:00,NSE:HINDOILEXP,113.3,113.55,112.6,112.8,37073.0
2021-06-21 15:00:00,NSE:HINDOILEXP,112.8,113.35,112.5,112.95,72432.0
2021-06-22 09:00:00,NSE:HINDOILEXP,115.0,117.7,115.0,117.25,278184.0
2021-06-22 10:00:00,NSE:HINDOILEXP,117.15,117.4,115.8,116.4,83141.0
2021-06-22 11:00:00,NSE:HINDOILEXP,116.1,117.2,115.8,115.8,110678.0
2021-06-22 12:00:00,NSE:HINDOILEXP,115.9,116.5,115.8,116.05,28322.0
2021-06-22 13:00:00,NSE:HINDOILEXP,116.0,117.1,115.95,116.4,86923.0
2021-06-22 14:00:00,NSE:HINDOILEXP,116.3,116.9,115.65,116.9,133012.0
2021-06-22 15:00:00,NSE:HINDOILEXP,116.75,117.4,115.7,116.45,175092.0
2021-06-23 09:00:00,NSE:HINDOILEXP,117.0,117.35,115.3,115.7,170999.0
2021-06-23 10:00:00,NSE:HINDOILEXP,115.75,116.7,114.9,116.7,81624.0
2021-06-23 11:00:00,NSE:HINDOILEXP,116.55,116.75,116.0,116.15,32117.0
2021-06-23 12:00:00,NSE:HINDOILEXP,116.1,118.8,115.4,117.45,255656.0
2021-06-23 13:00:00,NSE:HINDOILEXP,117.5,119.4,116.7,119.2,264289.0
2021-06-23 14:00:00,NSE:HINDOILEXP,119.1,119.2,117.0,118.7,308354.0
2021-06-23 15:00:00,NSE:HINDOILEXP,118.85,118.95,117.5,118.15,217715.0
2021-06-24 09:00:00,NSE:HINDOILEXP,120.1,123.7,119.15,120.55,742649.0
2021-06-24 10:00:00,NSE:HINDOILEXP,120.5,120.75,119.1,119.4,139934.0
2021-06-24 11:00:00,NSE:HINDOILEXP,119.25,120.0,118.2,118.75,135461.0
2021-06-24 12:00:00,NSE:HINDOILEXP,118.95,120.9,118.55,119.95,103163.0
2021-06-24 13:00:00,NSE:HINDOILEXP,120.0,120.0,118.95,119.15,51722.0
2021-06-24 14:00:00,NSE:HINDOILEXP,119.3,119.35,117.3,117.55,169368.0
2021-06-24 15:00:00,NSE:HINDOILEXP,117.65,117.9,116.2,117.25,205271.0
2021-06-25 09:00:00,NSE:HINDOILEXP,118.4,119.5,117.3,118.5,122118.0
2021-06-25 10:00:00,NSE:HINDOILEXP,118.35,121.0,118.35,119.45,173377.0
2021-06-25 11:00:00,NSE:HINDOILEXP,119.3,120.0,119.0,119.05,32918.0
2021-06-25 12:00:00,NSE:HINDOILEXP,119.05,119.1,118.5,118.7,32578.0
2021-06-25 13:00:00,NSE:HINDOILEXP,118.95,119.1,118.4,119.0,33837.0
2021-06-25 14:00:00,NSE:HINDOILEXP,118.8,123.15,118.5,121.5,546139.0
2021-06-25 15:00:00,NSE:HINDOILEXP,121.5,123.5,121.4,123.0,498321.0
2021-06-28 09:00:00,NSE:HINDOILEXP,125.4,125.6,123.1,124.6,1130296.0
2021-06-28 10:00:00,NSE:HINDOILEXP,124.6,125.0,123.55,123.55,189092.0
2021-06-28 11:00:00,NSE:HINDOILEXP,123.55,123.75,121.8,121.9,316666.0
2021-06-28 12:00:00,NSE:HINDOILEXP,121.9,122.15,120.65,121.3,159203.0
2021-06-28 13:00:00,NSE:HINDOILEXP,121.4,121.9,120.9,121.35,68492.0
2021-06-28 14:00:00,NSE:HINDOILEXP,121.3,123.9,120.4,120.65,312199.0
2021-06-28 15:00:00,NSE:HINDOILEXP,120.65,121.15,119.4,120.05,302881.0
2021-06-29 09:00:00,NSE:HINDOILEXP,119.5,122.5,118.3,120.5,265714.0
2021-06-29 10:00:00,NSE:HINDOILEXP,120.5,120.55,119.3,119.75,100731.0
2021-06-29 11:00:00,NSE:HINDOILEXP,119.75,120.0,119.4,119.4,36683.0
2021-06-29 12:00:00,NSE:HINDOILEXP,119.4,119.7,118.5,118.85,67208.0
2021-06-29 13:00:00,NSE:HINDOILEXP,118.8,119.4,118.4,118.9,49996.0
2021-06-29 14:00:00,NSE:HINDOILEXP,118.95,119.15,118.4,118.8,64735.0
2021-06-29 15:00:00,NSE:HINDOILEXP,118.7,119.0,118.0,118.2,89839.0
2021-06-30 09:00:00,NSE:HINDOILEXP,118.35,121.9,118.35,120.3,373622.0
2021-06-30 10:00:00,NSE:HINDOILEXP,120.3,122.5,101.5,121.25,569074.0
2021-06-30 11:00:00,NSE:HINDOILEXP,121.2,125.9,120.7,122.75,973321.0
2021-06-30 12:00:00,NSE:HINDOILEXP,122.55,123.55,120.25,120.5,329922.0
2021-06-30 13:00:00,NSE:HINDOILEXP,120.5,120.5,119.65,119.95,142609.0
2021-06-30 14:00:00,NSE:HINDOILEXP,119.75,120.3,118.5,118.95,152542.0
2021-06-30 15:00:00,NSE:HINDOILEXP,118.95,120.0,118.5,119.3,155358.0
2021-07-01 09:00:00,NSE:HINDOILEXP,120.2,124.0,120.1,122.7,377366.0
2021-07-01 10:00:00,NSE:HINDOILEXP,122.6,123.75,120.6,120.75,321421.0
2021-07-01 11:00:00,NSE:HINDOILEXP,120.8,121.2,119.3,119.65,166560.0
2021-07-01 12:00:00,NSE:HINDOILEXP,119.85,119.95,119.6,119.8,41880.0
2021-07-01 13:00:00,NSE:HINDOILEXP,119.8,119.95,119.2,119.7,40965.0
2021-07-01 14:00:00,NSE:HINDOILEXP,119.7,119.95,119.4,119.75,42004.0
2021-07-01 15:00:00,NSE:HINDOILEXP,119.8,120.0,119.0,119.6,137173.0
2021-07-02 09:00:00,NSE:HINDOILEXP,121.4,122.45,120.0,120.7,206048.0
2021-07-02 10:00:00,NSE:HINDOILEXP,120.65,121.25,119.0,119.25,119351.0
2021-07-02 11:00:00,NSE:HINDOILEXP,119.2,119.55,118.75,119.0,112689.0
2021-07-02 12:00:00,NSE:HINDOILEXP,119.0,119.45,118.6,118.95,102582.0
2021-07-02 13:00:00,NSE:HINDOILEXP,119.0,119.15,118.65,119.0,131215.0
2021-07-02 14:00:00,NSE:HINDOILEXP,118.85,119.0,118.5,118.75,52096.0
2021-07-02 15:00:00,NSE:HINDOILEXP,118.85,119.05,118.25,118.6,151453.0
2021-07-05 09:00:00,NSE:HINDOILEXP,119.8,119.9,118.6,119.65,104642.0
2021-07-05 10:00:00,NSE:HINDOILEXP,119.7,119.7,117.2,117.8,134203.0
2021-07-05 11:00:00,NSE:HINDOILEXP,117.8,118.1,117.45,118.0,80301.0
2021-07-05 12:00:00,NSE:HINDOILEXP,118.0,118.25,117.55,118.0,232230.0
2021-07-05 13:00:00,NSE:HINDOILEXP,117.85,118.15,117.5,117.85,81446.0
2021-07-05 14:00:00,NSE:HINDOILEXP,118.1,118.2,117.65,118.0,175559.0
2021-07-05 15:00:00,NSE:HINDOILEXP,118.0,118.0,117.5,117.75,99266.0
2021-07-06 09:00:00,NSE:HINDOILEXP,120.25,121.7,119.4,120.9,449650.0
2021-07-06 10:00:00,NSE:HINDOILEXP,120.75,122.7,120.5,121.05,448912.0
2021-07-06 11:00:00,NSE:HINDOILEXP,121.25,121.4,119.4,119.4,247079.0
2021-07-06 12:00:00,NSE:HINDOILEXP,119.55,119.55,118.8,118.95,178453.0
2021-07-06 13:00:00,NSE:HINDOILEXP,119.0,127.45,118.6,125.6,2079742.0
2021-07-06 14:00:00,NSE:HINDOILEXP,125.55,126.25,120.9,122.4,1491613.0
2021-07-06 15:00:00,NSE:HINDOILEXP,122.55,122.9,120.45,121.4,706555.0
2021-07-07 09:00:00,NSE:HINDOILEXP,120.9,123.4,119.35,119.35,413477.0
2021-07-07 10:00:00,NSE:HINDOILEXP,119.3,121.2,119.15,120.05,154887.0
2021-07-07 11:00:00,NSE:HINDOILEXP,120.05,120.3,119.8,120.1,196786.0
2021-07-07 12:00:00,NSE:HINDOILEXP,120.1,120.15,119.8,120.0,87796.0
2021-07-07 13:00:00,NSE:HINDOILEXP,120.0,120.1,118.4,119.3,118732.0
2021-07-07 14:00:00,NSE:HINDOILEXP,119.2,119.85,118.2,119.15,131942.0
2021-07-07 15:00:00,NSE:HINDOILEXP,119.05,119.5,118.65,119.05,109926.0
2021-07-08 09:00:00,NSE:HINDOILEXP,118.0,119.9,117.8,118.9,275781.0
2021-07-08 10:00:00,NSE:HINDOILEXP,118.8,119.0,117.5,118.1,125611.0
2021-07-08 11:00:00,NSE:HINDOILEXP,118.0,119.25,117.75,118.75,134396.0
2021-07-08 12:00:00,NSE:HINDOILEXP,118.55,119.25,118.1,118.1,116208.0
2021-07-08 13:00:00,NSE:HINDOILEXP,118.25,118.25,114.3,115.5,227575.0
2021-07-08 14:00:00,NSE:HINDOILEXP,115.55,116.5,115.4,116.0,120434.0
2021-07-08 15:00:00,NSE:HINDOILEXP,116.15,116.55,115.7,116.25,126642.0
2021-07-09 09:00:00,NSE:HINDOILEXP,115.55,116.55,114.5,115.6,147191.0
2021-07-09 10:00:00,NSE:HINDOILEXP,115.6,117.4,115.3,115.7,181164.0
2021-07-09 11:00:00,NSE:HINDOILEXP,115.7,116.0,115.45,115.8,59084.0
2021-07-09 12:00:00,NSE:HINDOILEXP,115.8,115.8,114.8,115.0,127557.0
2021-07-09 13:00:00,NSE:HINDOILEXP,114.8,115.0,114.65,114.9,30151.0
2021-07-09 14:00:00,NSE:HINDOILEXP,114.8,115.0,114.2,114.95,87887.0
2021-07-09 15:00:00,NSE:HINDOILEXP,114.9,115.1,114.55,114.85,74688.0
2021-07-12 09:00:00,NSE:HINDOILEXP,116.2,117.4,115.5,116.75,126136.0
2021-07-12 10:00:00,NSE:HINDOILEXP,116.75,118.8,116.6,118.0,160394.0
2021-07-12 11:00:00,NSE:HINDOILEXP,118.1,120.4,118.0,118.8,260936.0
2021-07-12 12:00:00,NSE:HINDOILEXP,119.0,119.0,118.0,118.95,77565.0
2021-07-12 13:00:00,NSE:HINDOILEXP,118.95,118.95,118.1,118.4,56277.0
2021-07-12 14:00:00,NSE:HINDOILEXP,118.25,118.95,118.0,118.4,75624.0
2021-07-12 15:00:00,NSE:HINDOILEXP,118.3,119.2,118.1,118.7,111081.0
2021-07-13 09:00:00,NSE:HINDOILEXP,118.7,121.9,118.4,120.3,308640.0
2021-07-13 10:00:00,NSE:HINDOILEXP,120.3,120.4,118.5,118.7,137767.0
2021-07-13 11:00:00,NSE:HINDOILEXP,118.7,119.1,117.65,117.95,113592.0
2021-07-13 12:00:00,NSE:HINDOILEXP,117.85,118.2,117.6,117.9,74895.0
2021-07-13 13:00:00,NSE:HINDOILEXP,117.9,118.0,117.25,117.6,37489.0
2021-07-13 14:00:00,NSE:HINDOILEXP,117.8,118.15,117.0,117.5,124506.0
2021-07-13 15:00:00,NSE:HINDOILEXP,117.45,117.6,116.7,116.8,85291.0
2021-07-14 09:00:00,NSE:HINDOILEXP,118.0,119.85,117.8,119.2,167081.0
2021-07-14 10:00:00,NSE:HINDOILEXP,119.3,119.3,117.85,117.9,150579.0
2021-07-14 11:00:00,NSE:HINDOILEXP,117.85,118.1,117.6,118.0,41267.0
2021-07-14 12:00:00,NSE:HINDOILEXP,118.0,118.2,117.0,117.75,62897.0
2021-07-14 13:00:00,NSE:HINDOILEXP,117.8,118.0,117.15,117.6,31445.0
2021-07-14 14:00:00,NSE:HINDOILEXP,117.8,117.8,116.65,116.85,53220.0
2021-07-14 15:00:00,NSE:HINDOILEXP,117.0,117.05,116.25,117.0,85158.0
2021-07-15 09:00:00,NSE:HINDOILEXP,116.4,117.45,116.1,116.9,89109.0
2021-07-15 10:00:00,NSE:HINDOILEXP,116.9,117.4,116.4,116.55,27784.0
2021-07-15 11:00:00,NSE:HINDOILEXP,116.65,116.7,115.8,115.8,38731.0
2021-07-15 12:00:00,NSE:HINDOILEXP,115.8,116.65,114.85,114.85,88672.0
2021-07-15 13:00:00,NSE:HINDOILEXP,114.85,115.5,114.8,115.35,41937.0
2021-07-15 14:00:00,NSE:HINDOILEXP,115.2,115.6,114.85,114.9,47060.0
2021-07-15 15:00:00,NSE:HINDOILEXP,114.85,115.2,114.4,114.5,100394.0
2021-07-16 09:00:00,NSE:HINDOILEXP,114.25,115.1,113.5,114.45,87661.0
2021-07-16 10:00:00,NSE:HINDOILEXP,114.35,115.9,113.9,115.5,91093.0
2021-07-16 11:00:00,NSE:HINDOILEXP,115.5,115.8,115.5,115.65,32803.0
2021-07-16 12:00:00,NSE:HINDOILEXP,115.6,115.75,115.4,115.5,32127.0
2021-07-16 13:00:00,NSE:HINDOILEXP,116.05,119.5,115.9,118.2,451176.0
2021-07-16 14:00:00,NSE:HINDOILEXP,118.2,119.2,117.4,118.7,261913.0
2021-07-16 15:00:00,NSE:HINDOILEXP,118.75,120.0,118.5,119.2,285134.0
2021-07-19 09:00:00,NSE:HINDOILEXP,117.25,123.0,117.05,122.4,1041052.0
2021-07-19 10:00:00,NSE:HINDOILEXP,122.5,123.15,121.25,122.1,466984.0
2021-07-19 11:00:00,NSE:HINDOILEXP,122.0,122.45,121.25,121.7,125073.0
2021-07-19 12:00:00,NSE:HINDOILEXP,121.7,122.1,120.7,120.85,102088.0
2021-07-19 13:00:00,NSE:HINDOILEXP,121.0,122.1,120.55,121.85,105694.0
2021-07-19 14:00:00,NSE:HINDOILEXP,121.8,122.9,121.55,121.85,165893.0
2021-07-19 15:00:00,NSE:HINDOILEXP,121.85,122.75,121.55,121.95,226950.0
2021-07-20 09:00:00,NSE:HINDOILEXP,121.5,121.5,119.1,119.75,236636.0
2021-07-20 10:00:00,NSE:HINDOILEXP,119.75,120.15,117.25,117.65,158363.0
2021-07-20 11:00:00,NSE:HINDOILEXP,117.6,117.8,116.0,117.35,160199.0
2021-07-20 12:00:00,NSE:HINDOILEXP,117.35,119.9,117.2,119.4,97756.0
2021-07-20 13:00:00,NSE:HINDOILEXP,119.4,119.55,118.5,118.95,39399.0
2021-07-20 14:00:00,NSE:HINDOILEXP,118.85,119.05,118.4,118.65,31504.0
2021-07-20 15:00:00,NSE:HINDOILEXP,118.55,118.8,117.8,118.05,82902.0
2021-07-22 09:00:00,NSE:HINDOILEXP,118.55,120.45,117.8,118.0,195410.0
2021-07-22 10:00:00,NSE:HINDOILEXP,118.0,120.95,117.55,120.6,578924.0
2021-07-22 11:00:00,NSE:HINDOILEXP,120.6,120.6,119.65,120.5,116418.0
2021-07-22 12:00:00,NSE:HINDOILEXP,120.5,120.6,119.65,119.8,62147.0
2021-07-22 13:00:00,NSE:HINDOILEXP,120.0,120.0,119.6,119.85,89177.0
2021-07-22 14:00:00,NSE:HINDOILEXP,119.5,120.2,118.7,119.35,148758.0
2021-07-22 15:00:00,NSE:HINDOILEXP,119.4,119.7,118.15,118.95,116630.0
2021-07-23 09:00:00,NSE:HINDOILEXP,119.9,120.2,117.55,118.85,139973.0
2021-07-23 10:00:00,NSE:HINDOILEXP,118.9,122.0,118.35,121.05,311683.0
2021-07-23 11:00:00,NSE:HINDOILEXP,121.05,122.9,120.55,121.65,323349.0
2021-07-23 12:00:00,NSE:HINDOILEXP,121.7,122.15,121.45,121.75,62232.0
2021-07-23 13:00:00,NSE:HINDOILEXP,121.35,121.5,121.05,121.15,97170.0
2021-07-23 14:00:00,NSE:HINDOILEXP,121.1,121.5,120.75,120.75,105506.0
2021-07-23 15:00:00,NSE:HINDOILEXP,120.7,121.45,120.6,120.9,133103.0
