datetime,symbol,open,high,low,close,volume
2018-08-29 09:00:00,NSE:KITEX,120.3,123.5,118.6,123.4,31220.0
2018-08-29 10:00:00,NSE:KITEX,123.35,124.0,121.65,121.65,22475.0
2018-08-29 11:00:00,NSE:KITEX,121.75,122.4,121.45,122.2,4798.0
2018-08-29 12:00:00,NSE:KITEX,121.65,123.5,121.65,122.6,11761.0
2018-08-29 13:00:00,NSE:KITEX,122.6,123.2,122.5,123.0,7824.0
2018-08-29 14:00:00,NSE:KITEX,123.05,123.3,122.5,123.0,9727.0
2018-08-29 15:00:00,NSE:KITEX,123.1,124.0,122.75,124.0,26829.0
2018-08-30 09:00:00,NSE:KITEX,122.0,131.8,122.0,129.65,120128.0
2018-08-30 10:00:00,NSE:KITEX,129.65,136.8,129.5,133.85,403665.0
2018-08-30 11:00:00,NSE:KITEX,134.0,135.5,133.0,133.15,67928.0
2018-08-30 12:00:00,NSE:KITEX,133.15,134.45,132.3,132.55,36716.0
2018-08-30 13:00:00,NSE:KITEX,132.65,135.0,132.5,133.5,59842.0
2018-08-30 14:00:00,NSE:KITEX,133.5,133.7,131.0,132.45,53802.0
2018-08-30 15:00:00,NSE:KITEX,132.1,133.0,127.55,129.8,116495.0
2018-08-31 09:00:00,NSE:KITEX,129.6,135.0,128.0,134.8,102351.0
2018-08-31 10:00:00,NSE:KITEX,134.7,134.9,131.55,132.4,53737.0
2018-08-31 11:00:00,NSE:KITEX,132.4,133.95,132.4,133.05,20868.0
2018-08-31 12:00:00,NSE:KITEX,133.05,133.05,131.55,131.65,16820.0
2018-08-31 13:00:00,NSE:KITEX,131.95,132.75,131.7,131.9,7011.0
2018-08-31 14:00:00,NSE:KITEX,131.85,132.25,131.65,131.8,8538.0
2018-08-31 15:00:00,NSE:KITEX,131.9,131.95,130.7,131.3,29524.0
2018-09-03 09:00:00,NSE:KITEX,132.0,133.55,131.1,133.1,24413.0
2018-09-03 10:00:00,NSE:KITEX,133.1,133.8,133.0,133.45,31877.0
2018-09-03 11:00:00,NSE:KITEX,133.25,133.25,132.5,133.1,8802.0
2018-09-03 12:00:00,NSE:KITEX,133.25,133.45,132.5,132.6,3759.0
2018-09-03 13:00:00,NSE:KITEX,132.85,132.95,132.25,132.6,6699.0
2018-09-03 14:00:00,NSE:KITEX,132.9,132.9,131.55,131.8,8408.0
2018-09-03 15:00:00,NSE:KITEX,131.7,132.9,130.9,131.7,17851.0
2018-09-04 09:00:00,NSE:KITEX,131.0,132.5,128.35,128.95,17599.0
2018-09-04 10:00:00,NSE:KITEX,128.55,130.2,127.5,128.65,16216.0
2018-09-04 11:00:00,NSE:KITEX,129.0,129.5,127.65,128.6,8380.0
2018-09-04 12:00:00,NSE:KITEX,128.75,129.3,128.2,128.2,4328.0
2018-09-04 13:00:00,NSE:KITEX,128.05,128.75,126.85,127.3,17901.0
2018-09-04 14:00:00,NSE:KITEX,127.4,127.55,126.2,126.35,16283.0
2018-09-04 15:00:00,NSE:KITEX,126.55,127.15,126.05,126.7,16921.0
2018-09-05 09:00:00,NSE:KITEX,127.0,128.55,125.75,127.25,10966.0
2018-09-05 10:00:00,NSE:KITEX,127.25,127.35,123.5,124.3,20572.0
2018-09-05 11:00:00,NSE:KITEX,124.0,124.35,123.05,123.85,10113.0
2018-09-05 12:00:00,NSE:KITEX,123.85,123.85,123.05,123.1,7277.0
2018-09-05 13:00:00,NSE:KITEX,123.1,124.15,122.65,122.7,5461.0
2018-09-05 14:00:00,NSE:KITEX,122.7,124.35,122.7,123.2,9423.0
2018-09-05 15:00:00,NSE:KITEX,123.15,123.55,122.75,123.0,11749.0
2018-09-06 09:00:00,NSE:KITEX,123.75,126.75,123.75,125.25,12417.0
2018-09-06 10:00:00,NSE:KITEX,125.3,125.35,124.05,124.75,3164.0
2018-09-06 11:00:00,NSE:KITEX,124.75,125.2,124.1,124.75,5965.0
2018-09-06 12:00:00,NSE:KITEX,124.8,125.4,124.2,124.85,3812.0
2018-09-06 13:00:00,NSE:KITEX,124.25,124.85,124.2,124.25,2834.0
2018-09-06 14:00:00,NSE:KITEX,124.2,125.6,124.2,125.15,6231.0
2018-09-06 15:00:00,NSE:KITEX,125.15,126.0,124.5,125.15,9609.0
2018-09-07 09:00:00,NSE:KITEX,125.0,128.5,124.9,127.95,17733.0
2018-09-07 10:00:00,NSE:KITEX,127.9,128.9,127.5,128.5,14998.0
2018-09-07 11:00:00,NSE:KITEX,128.5,132.2,128.2,128.6,59256.0
2018-09-07 12:00:00,NSE:KITEX,128.65,129.05,128.0,128.6,19616.0
2018-09-07 13:00:00,NSE:KITEX,128.6,128.75,127.65,128.4,8122.0
2018-09-07 14:00:00,NSE:KITEX,128.1,128.45,127.15,127.8,14872.0
2018-09-07 15:00:00,NSE:KITEX,127.75,127.9,127.0,127.35,17082.0
2018-09-10 09:00:00,NSE:KITEX,126.5,127.4,124.65,125.1,17737.0
2018-09-10 10:00:00,NSE:KITEX,125.0,125.5,124.0,125.3,10725.0
2018-09-10 11:00:00,NSE:KITEX,125.15,125.75,123.05,124.0,14397.0
2018-09-10 12:00:00,NSE:KITEX,124.1,124.55,122.85,122.85,10114.0
2018-09-10 13:00:00,NSE:KITEX,123.05,124.05,122.8,123.8,10844.0
2018-09-10 14:00:00,NSE:KITEX,123.8,124.25,123.3,123.4,6112.0
2018-09-10 15:00:00,NSE:KITEX,123.5,124.1,122.0,123.0,17845.0
2018-09-11 09:00:00,NSE:KITEX,124.65,125.0,123.2,124.25,23298.0
2018-09-11 10:00:00,NSE:KITEX,124.75,125.4,123.75,124.0,11180.0
2018-09-11 11:00:00,NSE:KITEX,124.05,124.65,123.6,123.7,1676.0
2018-09-11 12:00:00,NSE:KITEX,123.7,124.2,122.15,122.15,6632.0
2018-09-11 13:00:00,NSE:KITEX,122.5,123.45,122.0,122.15,7103.0
2018-09-11 14:00:00,NSE:KITEX,122.15,122.4,119.55,120.0,26033.0
2018-09-11 15:00:00,NSE:KITEX,120.0,122.8,119.75,121.25,15463.0
2018-09-12 09:00:00,NSE:KITEX,121.25,122.5,119.0,119.15,15656.0
2018-09-12 10:00:00,NSE:KITEX,119.15,119.8,119.0,119.1,6369.0
2018-09-12 11:00:00,NSE:KITEX,119.15,119.4,119.0,119.05,7169.0
2018-09-12 12:00:00,NSE:KITEX,119.2,119.2,119.0,119.05,2676.0
2018-09-12 13:00:00,NSE:KITEX,119.05,119.4,119.0,119.4,1875.0
2018-09-12 14:00:00,NSE:KITEX,119.4,121.65,119.4,120.65,13722.0
2018-09-12 15:00:00,NSE:KITEX,120.55,121.0,120.0,120.5,13701.0
2018-09-14 09:00:00,NSE:KITEX,122.0,132.0,121.4,123.2,20519.0
2018-09-14 10:00:00,NSE:KITEX,123.6,123.85,122.25,122.55,12444.0
2018-09-14 11:00:00,NSE:KITEX,122.55,123.5,122.55,122.75,6908.0
2018-09-14 12:00:00,NSE:KITEX,122.75,123.5,122.75,123.5,3558.0
2018-09-14 13:00:00,NSE:KITEX,123.5,123.55,122.4,122.4,7697.0
2018-09-14 14:00:00,NSE:KITEX,122.25,123.3,122.2,123.0,8412.0
2018-09-14 15:00:00,NSE:KITEX,123.0,123.5,121.5,122.25,15495.0
2018-09-17 09:00:00,NSE:KITEX,122.95,125.0,121.5,122.05,13728.0
2018-09-17 10:00:00,NSE:KITEX,122.5,122.9,121.0,121.35,11201.0
2018-09-17 11:00:00,NSE:KITEX,121.45,122.5,121.3,122.25,9206.0
2018-09-17 12:00:00,NSE:KITEX,122.3,122.5,121.6,121.7,4612.0
2018-09-17 13:00:00,NSE:KITEX,122.0,122.15,121.25,121.7,10750.0
2018-09-17 14:00:00,NSE:KITEX,121.7,121.95,121.3,121.3,4162.0
2018-09-17 15:00:00,NSE:KITEX,121.3,122.0,121.0,121.3,13653.0
2018-09-18 09:00:00,NSE:KITEX,123.0,123.0,121.0,121.7,13346.0
2018-09-18 10:00:00,NSE:KITEX,121.8,122.4,121.1,121.1,4369.0
2018-09-18 11:00:00,NSE:KITEX,121.2,121.75,121.1,121.2,5411.0
2018-09-18 12:00:00,NSE:KITEX,121.45,121.7,121.2,121.25,1843.0
2018-09-18 13:00:00,NSE:KITEX,121.25,121.75,121.1,121.15,3378.0
2018-09-18 14:00:00,NSE:KITEX,121.35,121.95,120.0,120.05,6129.0
2018-09-18 15:00:00,NSE:KITEX,120.05,120.1,119.05,119.7,8774.0
2018-09-19 09:00:00,NSE:KITEX,120.65,120.9,119.0,120.0,17933.0
2018-09-19 10:00:00,NSE:KITEX,120.0,120.6,119.5,119.6,4994.0
2018-09-19 11:00:00,NSE:KITEX,119.55,120.0,119.25,120.0,3423.0
2018-09-19 12:00:00,NSE:KITEX,119.9,121.5,119.4,121.0,9846.0
2018-09-19 13:00:00,NSE:KITEX,121.05,126.9,120.1,124.5,67349.0
2018-09-19 14:00:00,NSE:KITEX,124.5,125.5,123.5,124.0,37163.0
2018-09-19 15:00:00,NSE:KITEX,124.0,124.95,123.6,124.0,22646.0
2018-09-21 09:00:00,NSE:KITEX,123.5,124.95,122.05,122.15,16585.0
2018-09-21 10:00:00,NSE:KITEX,122.65,124.75,120.6,122.5,19412.0
2018-09-21 11:00:00,NSE:KITEX,122.6,123.1,121.05,121.4,11750.0
2018-09-21 12:00:00,NSE:KITEX,121.4,121.9,119.5,119.5,14888.0
2018-09-21 13:00:00,NSE:KITEX,119.35,120.0,116.15,119.85,31605.0
2018-09-21 14:00:00,NSE:KITEX,119.7,120.3,116.1,117.75,19369.0
2018-09-21 15:00:00,NSE:KITEX,117.0,117.85,116.05,116.65,27182.0
2018-09-24 09:00:00,NSE:KITEX,117.6,117.6,113.5,113.55,14720.0
2018-09-24 10:00:00,NSE:KITEX,114.05,115.25,113.5,114.7,5076.0
2018-09-24 11:00:00,NSE:KITEX,114.7,116.4,114.25,115.0,9756.0
2018-09-24 12:00:00,NSE:KITEX,114.55,115.3,114.0,114.95,11358.0
2018-09-24 13:00:00,NSE:KITEX,114.6,114.85,114.0,114.05,9353.0
2018-09-24 14:00:00,NSE:KITEX,114.05,115.4,114.0,114.3,11418.0
2018-09-24 15:00:00,NSE:KITEX,114.3,115.45,114.0,114.65,6977.0
2018-09-25 09:00:00,NSE:KITEX,113.5,113.5,109.2,111.9,18593.0
2018-09-25 10:00:00,NSE:KITEX,111.85,113.2,111.15,113.1,8990.0
2018-09-25 11:00:00,NSE:KITEX,113.0,113.55,111.35,111.35,6569.0
2018-09-25 12:00:00,NSE:KITEX,112.15,113.0,111.0,112.6,5002.0
2018-09-25 13:00:00,NSE:KITEX,112.5,112.6,110.0,110.0,8906.0
2018-09-25 14:00:00,NSE:KITEX,110.05,111.9,110.05,110.2,6622.0
2018-09-25 15:00:00,NSE:KITEX,110.6,114.9,110.2,112.6,19452.0
2018-09-26 09:00:00,NSE:KITEX,112.35,114.5,112.0,114.4,9169.0
2018-09-26 10:00:00,NSE:KITEX,114.5,115.35,113.55,113.55,10799.0
2018-09-26 11:00:00,NSE:KITEX,113.95,114.4,113.25,113.75,5859.0
2018-09-26 12:00:00,NSE:KITEX,113.95,114.5,112.85,113.0,5174.0
2018-09-26 13:00:00,NSE:KITEX,113.0,113.35,112.1,112.25,3911.0
2018-09-26 14:00:00,NSE:KITEX,112.25,114.0,112.1,112.75,5033.0
2018-09-26 15:00:00,NSE:KITEX,112.65,113.7,112.1,112.9,10525.0
2018-09-27 09:00:00,NSE:KITEX,112.0,114.05,111.45,112.7,9107.0
2018-09-27 10:00:00,NSE:KITEX,113.4,113.4,110.1,112.05,14161.0
2018-09-27 11:00:00,NSE:KITEX,112.0,112.45,111.5,111.5,6943.0
2018-09-27 12:00:00,NSE:KITEX,111.7,112.0,110.0,111.0,9146.0
2018-09-27 13:00:00,NSE:KITEX,111.0,111.95,110.5,110.75,4107.0
2018-09-27 14:00:00,NSE:KITEX,111.0,112.0,110.5,110.9,3526.0
2018-09-27 15:00:00,NSE:KITEX,110.9,111.9,110.1,111.0,10392.0
2018-09-28 09:00:00,NSE:KITEX,111.15,113.55,110.5,110.7,8539.0
2018-09-28 10:00:00,NSE:KITEX,110.9,112.5,110.0,111.6,11385.0
2018-09-28 11:00:00,NSE:KITEX,111.55,112.0,110.0,110.4,9170.0
2018-09-28 12:00:00,NSE:KITEX,110.4,110.85,110.1,110.4,3795.0
2018-09-28 13:00:00,NSE:KITEX,110.4,111.0,109.8,109.8,7373.0
2018-09-28 14:00:00,NSE:KITEX,109.95,110.1,107.65,107.7,10856.0
2018-09-28 15:00:00,NSE:KITEX,108.0,109.5,107.65,108.7,7929.0
2018-10-01 09:00:00,NSE:KITEX,110.0,111.65,102.0,104.0,23392.0
2018-10-01 10:00:00,NSE:KITEX,104.05,104.85,103.95,104.05,19873.0
2018-10-01 11:00:00,NSE:KITEX,104.05,104.65,102.0,102.25,24134.0
2018-10-01 12:00:00,NSE:KITEX,102.25,103.2,102.0,102.75,10165.0
2018-10-01 13:00:00,NSE:KITEX,102.75,104.45,102.65,103.4,7598.0
2018-10-01 14:00:00,NSE:KITEX,103.4,104.85,103.4,104.4,8952.0
2018-10-01 15:00:00,NSE:KITEX,104.7,106.0,104.3,104.9,17131.0
2018-10-03 09:00:00,NSE:KITEX,105.0,109.85,105.0,108.05,19570.0
2018-10-03 10:00:00,NSE:KITEX,108.1,108.4,106.0,106.75,14895.0
2018-10-03 11:00:00,NSE:KITEX,106.75,108.4,106.75,108.05,2462.0
2018-10-03 12:00:00,NSE:KITEX,108.3,108.85,108.0,108.05,2942.0
2018-10-03 13:00:00,NSE:KITEX,108.1,109.0,108.0,108.25,7968.0
2018-10-03 14:00:00,NSE:KITEX,108.45,109.5,107.5,108.1,18308.0
2018-10-03 15:00:00,NSE:KITEX,108.35,109.2,107.2,108.0,9865.0
2018-10-04 09:00:00,NSE:KITEX,107.0,110.0,105.0,106.1,8060.0
2018-10-04 10:00:00,NSE:KITEX,105.95,107.25,105.05,106.05,6733.0
2018-10-04 11:00:00,NSE:KITEX,105.75,106.55,104.5,105.0,8644.0
2018-10-04 12:00:00,NSE:KITEX,105.0,106.05,104.7,105.95,2818.0
2018-10-04 13:00:00,NSE:KITEX,105.95,105.95,105.0,105.7,5071.0
2018-10-04 14:00:00,NSE:KITEX,105.15,105.55,103.6,104.15,14665.0
2018-10-04 15:00:00,NSE:KITEX,105.0,105.45,103.05,104.1,13213.0
2018-10-05 09:00:00,NSE:KITEX,103.5,105.9,103.05,103.6,7758.0
2018-10-05 10:00:00,NSE:KITEX,103.9,103.9,101.0,102.5,15289.0
2018-10-05 11:00:00,NSE:KITEX,102.5,104.85,100.6,102.5,28474.0
2018-10-05 12:00:00,NSE:KITEX,102.55,103.5,101.75,102.55,6957.0
2018-10-05 13:00:00,NSE:KITEX,102.6,103.65,102.55,102.9,8624.0
2018-10-05 14:00:00,NSE:KITEX,103.4,103.85,101.15,101.5,11759.0
2018-10-05 15:00:00,NSE:KITEX,101.5,102.15,100.15,100.9,17701.0
2018-10-08 09:00:00,NSE:KITEX,101.0,103.05,100.5,100.6,14471.0
2018-10-08 10:00:00,NSE:KITEX,101.1,101.1,100.0,100.6,16174.0
2018-10-08 11:00:00,NSE:KITEX,100.25,102.3,100.25,102.0,8876.0
2018-10-08 12:00:00,NSE:KITEX,102.0,102.1,101.5,101.8,4542.0
2018-10-08 13:00:00,NSE:KITEX,101.8,101.9,101.0,101.55,5734.0
2018-10-08 14:00:00,NSE:KITEX,101.55,103.15,100.85,103.0,18862.0
2018-10-08 15:00:00,NSE:KITEX,103.0,106.0,102.65,105.5,19187.0
2018-10-09 09:00:00,NSE:KITEX,105.0,105.0,103.05,103.15,10208.0
2018-10-09 10:00:00,NSE:KITEX,103.55,103.8,102.2,102.95,4425.0
2018-10-09 11:00:00,NSE:KITEX,103.15,104.3,103.0,103.5,10332.0
2018-10-09 12:00:00,NSE:KITEX,103.55,104.25,102.5,103.35,11813.0
2018-10-09 13:00:00,NSE:KITEX,103.65,104.05,102.55,103.2,3890.0
2018-10-09 14:00:00,NSE:KITEX,103.7,108.5,103.05,105.2,23905.0
2018-10-09 15:00:00,NSE:KITEX,105.2,106.05,104.0,105.55,7945.0
2018-10-10 09:00:00,NSE:KITEX,109.4,110.0,102.0,106.95,12469.0
2018-10-10 10:00:00,NSE:KITEX,107.05,107.55,106.15,106.35,14696.0
2018-10-10 11:00:00,NSE:KITEX,106.7,107.4,106.15,106.65,4039.0
2018-10-10 12:00:00,NSE:KITEX,107.15,108.75,106.6,108.35,7563.0
2018-10-10 13:00:00,NSE:KITEX,108.35,109.2,106.9,107.45,16041.0
2018-10-10 14:00:00,NSE:KITEX,107.45,108.75,107.45,108.0,5104.0
2018-10-10 15:00:00,NSE:KITEX,108.45,109.4,106.15,107.8,24785.0
2018-10-11 09:00:00,NSE:KITEX,105.8,105.8,102.65,104.55,13543.0
2018-10-11 10:00:00,NSE:KITEX,104.5,106.5,104.5,105.6,6228.0
2018-10-11 11:00:00,NSE:KITEX,105.45,107.9,105.15,107.2,14241.0
2018-10-11 12:00:00,NSE:KITEX,107.1,107.1,106.1,106.55,3279.0
2018-10-11 13:00:00,NSE:KITEX,106.6,107.0,106.2,106.5,3621.0
2018-10-11 14:00:00,NSE:KITEX,106.5,106.8,106.0,106.0,8611.0
2018-10-11 15:00:00,NSE:KITEX,106.0,107.4,106.0,106.75,5366.0
2018-10-12 09:00:00,NSE:KITEX,107.05,111.45,107.05,110.3,15584.0
2018-10-12 10:00:00,NSE:KITEX,110.35,110.9,107.65,107.95,12266.0
2018-10-12 11:00:00,NSE:KITEX,108.25,109.2,107.75,108.35,6596.0
2018-10-12 12:00:00,NSE:KITEX,108.95,110.05,107.8,109.4,14533.0
2018-10-12 13:00:00,NSE:KITEX,109.55,110.55,109.55,110.0,13497.0
2018-10-12 14:00:00,NSE:KITEX,110.0,110.3,108.1,109.0,14023.0
2018-10-12 15:00:00,NSE:KITEX,108.25,109.95,108.25,109.1,13073.0
2018-10-15 09:00:00,NSE:KITEX,108.0,112.5,108.0,110.15,15970.0
2018-10-15 10:00:00,NSE:KITEX,110.15,112.35,110.15,112.05,15426.0
2018-10-15 11:00:00,NSE:KITEX,112.05,112.9,111.15,111.5,5135.0
2018-10-15 12:00:00,NSE:KITEX,111.6,116.5,111.05,115.05,32698.0
2018-10-15 13:00:00,NSE:KITEX,115.2,116.0,114.1,115.0,32938.0
2018-10-15 14:00:00,NSE:KITEX,115.0,115.7,112.7,113.0,20179.0
2018-10-15 15:00:00,NSE:KITEX,113.6,116.0,112.55,113.8,26350.0
2018-10-16 09:00:00,NSE:KITEX,117.2,119.9,115.1,117.55,32234.0
2018-10-16 10:00:00,NSE:KITEX,117.55,118.5,117.5,117.6,14804.0
2018-10-16 11:00:00,NSE:KITEX,117.65,118.1,117.05,117.25,9024.0
2018-10-16 12:00:00,NSE:KITEX,117.25,118.2,117.0,117.3,12442.0
2018-10-16 13:00:00,NSE:KITEX,117.3,118.95,117.1,117.75,5400.0
2018-10-16 14:00:00,NSE:KITEX,117.85,118.4,117.0,117.45,8877.0
2018-10-16 15:00:00,NSE:KITEX,117.45,119.7,117.35,118.75,20060.0
2018-10-17 09:00:00,NSE:KITEX,119.8,123.9,119.55,121.15,21228.0
2018-10-17 10:00:00,NSE:KITEX,121.2,122.0,120.05,120.25,10592.0
2018-10-17 11:00:00,NSE:KITEX,120.25,121.0,118.8,119.2,9153.0
2018-10-17 12:00:00,NSE:KITEX,119.2,119.45,117.65,119.0,7437.0
2018-10-17 13:00:00,NSE:KITEX,119.0,119.0,117.0,117.0,5773.0
2018-10-17 14:00:00,NSE:KITEX,117.0,117.5,115.1,116.55,11428.0
2018-10-17 15:00:00,NSE:KITEX,115.75,117.0,115.2,117.0,6572.0
2018-10-19 09:00:00,NSE:KITEX,118.8,118.8,113.6,114.4,5813.0
2018-10-19 10:00:00,NSE:KITEX,114.85,115.1,114.3,114.6,2696.0
2018-10-19 11:00:00,NSE:KITEX,114.4,114.4,113.4,113.65,7721.0
2018-10-19 12:00:00,NSE:KITEX,113.75,113.75,113.15,113.15,5147.0
2018-10-19 13:00:00,NSE:KITEX,113.2,113.4,113.15,113.4,3130.0
2018-10-19 14:00:00,NSE:KITEX,113.5,114.5,113.1,113.25,5632.0
2018-10-19 15:00:00,NSE:KITEX,113.4,114.5,112.5,114.5,8722.0
2018-10-22 09:00:00,NSE:KITEX,115.0,117.95,113.1,114.65,8656.0
2018-10-22 10:00:00,NSE:KITEX,114.95,116.15,113.3,114.0,5782.0
2018-10-22 11:00:00,NSE:KITEX,114.6,114.85,113.5,114.75,2764.0
2018-10-22 12:00:00,NSE:KITEX,114.8,115.0,113.7,113.7,2003.0
2018-10-22 13:00:00,NSE:KITEX,114.0,114.3,113.25,113.85,3098.0
2018-10-22 14:00:00,NSE:KITEX,113.2,113.9,111.0,111.4,7190.0
2018-10-22 15:00:00,NSE:KITEX,111.4,111.75,109.3,111.75,11320.0
2018-10-23 09:00:00,NSE:KITEX,111.75,112.05,108.9,110.5,4237.0
2018-10-23 10:00:00,NSE:KITEX,110.45,110.7,110.15,110.4,3967.0
2018-10-23 11:00:00,NSE:KITEX,110.5,110.75,110.0,110.55,2425.0
2018-10-23 12:00:00,NSE:KITEX,110.55,110.8,110.55,110.55,1136.0
2018-10-23 13:00:00,NSE:KITEX,110.8,110.8,107.5,107.6,5614.0
2018-10-23 14:00:00,NSE:KITEX,107.5,110.65,107.4,110.35,10052.0
2018-10-23 15:00:00,NSE:KITEX,110.35,113.2,110.35,111.7,11442.0
2018-10-24 09:00:00,NSE:KITEX,112.55,113.5,106.05,111.35,13512.0
2018-10-24 10:00:00,NSE:KITEX,111.15,111.5,109.0,109.0,7634.0
2018-10-24 11:00:00,NSE:KITEX,109.0,111.95,108.3,110.5,12433.0
2018-10-24 12:00:00,NSE:KITEX,110.45,110.85,109.85,109.85,1309.0
2018-10-24 13:00:00,NSE:KITEX,110.5,110.85,109.05,109.85,6608.0
2018-10-24 14:00:00,NSE:KITEX,109.6,111.0,108.55,111.0,7869.0
2018-10-24 15:00:00,NSE:KITEX,110.55,112.05,108.1,110.1,17179.0
2018-10-25 09:00:00,NSE:KITEX,108.95,112.0,108.0,109.1,15666.0
2018-10-25 10:00:00,NSE:KITEX,109.1,110.5,109.0,109.4,4858.0
2018-10-25 11:00:00,NSE:KITEX,109.4,110.0,107.7,107.7,9340.0
2018-10-25 12:00:00,NSE:KITEX,107.55,110.0,107.5,109.1,9011.0
2018-10-25 13:00:00,NSE:KITEX,109.1,109.85,108.95,109.0,7985.0
2018-10-25 14:00:00,NSE:KITEX,108.95,109.4,108.0,108.15,4942.0
2018-10-25 15:00:00,NSE:KITEX,108.4,108.4,107.5,107.8,7051.0
2018-10-26 09:00:00,NSE:KITEX,108.35,109.45,107.25,108.5,13733.0
2018-10-26 10:00:00,NSE:KITEX,108.3,109.0,108.1,108.1,3401.0
2018-10-26 11:00:00,NSE:KITEX,108.05,108.75,107.6,108.75,1612.0
2018-10-26 12:00:00,NSE:KITEX,108.75,109.45,108.5,108.65,3922.0
2018-10-26 13:00:00,NSE:KITEX,108.7,108.95,108.6,108.85,1591.0
2018-10-26 14:00:00,NSE:KITEX,108.9,112.0,108.6,109.7,20559.0
2018-10-26 15:00:00,NSE:KITEX,109.8,111.15,109.3,110.25,10666.0
2018-10-29 09:00:00,NSE:KITEX,112.95,114.0,107.85,109.05,19047.0
2018-10-29 10:00:00,NSE:KITEX,109.5,109.85,108.05,108.2,7696.0
2018-10-29 11:00:00,NSE:KITEX,108.2,108.9,107.4,108.9,10794.0
2018-10-29 12:00:00,NSE:KITEX,108.85,109.15,107.6,108.55,6941.0
2018-10-29 13:00:00,NSE:KITEX,108.55,109.15,108.3,109.15,5883.0
2018-10-29 14:00:00,NSE:KITEX,109.1,110.0,108.5,109.5,17339.0
2018-10-29 15:00:00,NSE:KITEX,109.0,110.0,109.0,109.4,13251.0
2018-10-30 09:00:00,NSE:KITEX,110.15,110.15,108.0,109.25,4132.0
2018-10-30 10:00:00,NSE:KITEX,109.25,110.0,108.8,109.3,16962.0
2018-10-30 11:00:00,NSE:KITEX,109.05,110.7,109.05,110.2,6708.0
2018-10-30 12:00:00,NSE:KITEX,109.85,110.55,109.5,110.55,5376.0
2018-10-30 13:00:00,NSE:KITEX,110.55,111.8,109.75,110.0,8292.0
2018-10-30 14:00:00,NSE:KITEX,110.1,110.6,109.0,109.4,6433.0
2018-10-30 15:00:00,NSE:KITEX,109.4,110.25,108.8,109.3,7410.0
2018-10-31 09:00:00,NSE:KITEX,109.95,114.6,109.9,111.25,22446.0
2018-10-31 10:00:00,NSE:KITEX,111.25,112.6,111.0,111.0,9701.0
2018-10-31 11:00:00,NSE:KITEX,110.9,111.45,110.7,111.4,8887.0
2018-10-31 12:00:00,NSE:KITEX,111.2,111.6,110.5,111.0,4269.0
2018-10-31 13:00:00,NSE:KITEX,110.55,110.95,110.0,110.5,7535.0
2018-10-31 14:00:00,NSE:KITEX,110.55,111.3,110.25,110.45,8056.0
2018-10-31 15:00:00,NSE:KITEX,110.65,111.15,110.0,110.6,14108.0
2018-11-01 09:00:00,NSE:KITEX,111.0,112.8,111.0,112.5,9320.0
2018-11-01 10:00:00,NSE:KITEX,112.3,112.5,111.55,112.15,6150.0
2018-11-01 11:00:00,NSE:KITEX,112.4,112.45,111.65,112.05,3444.0
2018-11-01 12:00:00,NSE:KITEX,112.1,113.5,112.0,112.05,8319.0
2018-11-01 13:00:00,NSE:KITEX,112.5,113.15,112.05,112.65,1916.0
2018-11-01 14:00:00,NSE:KITEX,112.65,113.0,111.85,111.85,6907.0
2018-11-01 15:00:00,NSE:KITEX,111.8,112.75,111.6,112.05,5494.0
2018-11-02 09:00:00,NSE:KITEX,113.7,114.9,113.0,114.0,14676.0
2018-11-02 10:00:00,NSE:KITEX,113.6,115.4,113.6,115.0,15108.0
2018-11-02 11:00:00,NSE:KITEX,114.95,115.2,114.2,115.15,5798.0
2018-11-02 12:00:00,NSE:KITEX,115.15,117.8,115.1,117.7,24258.0
2018-11-02 13:00:00,NSE:KITEX,117.7,118.45,117.3,117.3,17679.0
2018-11-02 14:00:00,NSE:KITEX,117.3,117.65,116.0,117.0,23497.0
2018-11-02 15:00:00,NSE:KITEX,116.7,118.0,116.6,117.4,14737.0
2018-11-05 09:00:00,NSE:KITEX,119.8,123.45,118.2,122.5,50216.0
2018-11-05 10:00:00,NSE:KITEX,122.5,124.0,122.35,123.0,45162.0
2018-11-05 11:00:00,NSE:KITEX,123.1,123.1,122.1,122.3,32071.0
2018-11-05 12:00:00,NSE:KITEX,122.3,122.7,121.35,122.15,15412.0
2018-11-05 13:00:00,NSE:KITEX,122.15,122.15,120.05,121.75,14294.0
2018-11-05 14:00:00,NSE:KITEX,121.55,127.9,108.0,114.4,283972.0
2018-11-05 15:00:00,NSE:KITEX,114.9,115.0,113.75,114.75,72126.0
2018-11-06 09:00:00,NSE:KITEX,117.4,118.9,114.15,114.7,45308.0
2018-11-06 10:00:00,NSE:KITEX,114.75,115.0,114.45,114.8,16838.0
2018-11-06 11:00:00,NSE:KITEX,114.9,115.0,114.7,114.85,3769.0
2018-11-06 12:00:00,NSE:KITEX,114.7,115.0,114.55,114.6,12077.0
2018-11-06 13:00:00,NSE:KITEX,114.5,114.95,114.2,114.6,6389.0
2018-11-06 14:00:00,NSE:KITEX,114.3,114.7,113.8,113.8,6528.0
2018-11-06 15:00:00,NSE:KITEX,114.1,114.3,112.4,113.1,18369.0
2018-11-09 09:00:00,NSE:KITEX,116.5,116.5,113.3,113.5,32712.0
2018-11-09 10:00:00,NSE:KITEX,113.4,113.5,113.0,113.5,49081.0
2018-11-09 11:00:00,NSE:KITEX,113.5,113.5,113.3,113.45,5371.0
2018-11-09 12:00:00,NSE:KITEX,113.5,113.5,113.05,113.2,4082.0
2018-11-09 13:00:00,NSE:KITEX,113.3,113.3,112.0,112.25,23708.0
2018-11-09 14:00:00,NSE:KITEX,112.2,112.4,112.0,112.1,18126.0
2018-11-09 15:00:00,NSE:KITEX,112.1,112.2,111.6,112.0,22372.0
2018-11-12 09:00:00,NSE:KITEX,112.65,114.4,112.05,113.0,21088.0
2018-11-12 10:00:00,NSE:KITEX,113.2,113.95,113.0,113.7,6993.0
2018-11-12 11:00:00,NSE:KITEX,113.7,113.7,113.1,113.5,5491.0
2018-11-12 12:00:00,NSE:KITEX,113.5,113.5,113.0,113.0,5197.0
2018-11-12 13:00:00,NSE:KITEX,113.0,113.35,112.65,112.65,4310.0
2018-11-12 14:00:00,NSE:KITEX,112.7,113.45,112.05,112.85,5165.0
2018-11-12 15:00:00,NSE:KITEX,112.85,113.45,112.85,113.0,5944.0
2018-11-13 09:00:00,NSE:KITEX,113.0,113.0,112.0,112.05,8108.0
2018-11-13 10:00:00,NSE:KITEX,112.05,112.2,111.9,112.0,3182.0
2018-11-13 11:00:00,NSE:KITEX,112.15,112.15,111.85,112.1,2601.0
2018-11-13 12:00:00,NSE:KITEX,112.1,112.15,111.75,111.8,4556.0
2018-11-13 13:00:00,NSE:KITEX,112.05,112.5,111.95,112.0,4066.0
2018-11-13 14:00:00,NSE:KITEX,112.0,114.0,112.0,112.4,19051.0
2018-11-13 15:00:00,NSE:KITEX,112.3,113.0,112.05,113.0,10095.0
2018-11-14 09:00:00,NSE:KITEX,113.4,115.0,113.1,113.25,8463.0
2018-11-14 10:00:00,NSE:KITEX,113.45,113.95,113.0,113.7,5771.0
2018-11-14 11:00:00,NSE:KITEX,113.7,113.8,113.35,113.45,2697.0
2018-11-14 12:00:00,NSE:KITEX,113.35,113.75,113.35,113.65,4616.0
2018-11-14 13:00:00,NSE:KITEX,113.65,113.65,112.6,112.65,1851.0
2018-11-14 14:00:00,NSE:KITEX,112.55,113.0,112.1,112.1,5851.0
2018-11-14 15:00:00,NSE:KITEX,112.2,112.25,110.05,111.4,13459.0
2018-11-15 09:00:00,NSE:KITEX,111.95,112.45,111.2,111.8,4120.0
2018-11-15 10:00:00,NSE:KITEX,111.9,112.3,111.45,111.75,6238.0
2018-11-15 11:00:00,NSE:KITEX,111.6,112.0,111.2,111.55,3445.0
2018-11-15 12:00:00,NSE:KITEX,111.55,112.2,111.4,111.75,3436.0
2018-11-15 13:00:00,NSE:KITEX,111.75,111.75,110.55,111.25,3024.0
2018-11-15 14:00:00,NSE:KITEX,111.25,111.25,109.5,110.4,12676.0
2018-11-15 15:00:00,NSE:KITEX,110.3,111.0,109.65,110.8,51546.0
2018-11-16 09:00:00,NSE:KITEX,110.0,111.95,110.0,111.35,8128.0
2018-11-16 10:00:00,NSE:KITEX,111.35,111.45,111.0,111.25,1937.0
2018-11-16 11:00:00,NSE:KITEX,111.4,111.4,109.05,109.7,8837.0
2018-11-16 12:00:00,NSE:KITEX,109.7,109.75,109.65,109.75,3832.0
2018-11-16 13:00:00,NSE:KITEX,109.75,109.95,109.15,109.7,2594.0
2018-11-16 14:00:00,NSE:KITEX,109.6,109.9,109.0,109.9,8068.0
2018-11-16 15:00:00,NSE:KITEX,109.9,110.85,109.6,109.7,6062.0
2018-11-19 09:00:00,NSE:KITEX,110.15,110.75,109.55,110.2,2894.0
2018-11-19 10:00:00,NSE:KITEX,110.1,110.2,110.0,110.05,2054.0
2018-11-19 11:00:00,NSE:KITEX,110.0,110.15,109.95,109.95,1486.0
2018-11-19 12:00:00,NSE:KITEX,109.9,110.55,109.6,110.55,8812.0
2018-11-19 13:00:00,NSE:KITEX,110.55,116.0,110.55,114.65,43437.0
2018-11-19 14:00:00,NSE:KITEX,114.5,114.8,113.3,113.3,15937.0
2018-11-19 15:00:00,NSE:KITEX,113.4,113.5,111.15,112.5,22111.0
2018-11-20 09:00:00,NSE:KITEX,112.5,113.2,111.6,112.45,5663.0
2018-11-20 10:00:00,NSE:KITEX,112.3,112.3,111.55,112.0,2404.0
2018-11-20 11:00:00,NSE:KITEX,111.8,112.0,111.5,111.5,2735.0
2018-11-20 12:00:00,NSE:KITEX,111.5,111.8,111.4,111.8,4926.0
2018-11-20 13:00:00,NSE:KITEX,111.8,111.8,111.65,111.75,405.0
2018-11-20 14:00:00,NSE:KITEX,111.75,111.75,111.15,111.45,3406.0
2018-11-20 15:00:00,NSE:KITEX,111.45,111.6,110.75,110.75,11729.0
2018-11-21 09:00:00,NSE:KITEX,110.1,111.75,110.0,111.4,10063.0
2018-11-21 10:00:00,NSE:KITEX,111.4,111.4,109.55,110.15,7091.0
2018-11-21 11:00:00,NSE:KITEX,110.15,111.45,110.15,111.0,12888.0
2018-11-21 12:00:00,NSE:KITEX,111.0,111.6,110.55,111.0,8735.0
2018-11-21 13:00:00,NSE:KITEX,111.0,111.5,110.9,111.4,15046.0
2018-11-21 14:00:00,NSE:KITEX,111.3,111.5,111.0,111.35,4526.0
2018-11-21 15:00:00,NSE:KITEX,111.1,112.6,111.0,111.3,11836.0
2018-11-22 09:00:00,NSE:KITEX,113.9,113.9,110.25,111.05,2802.0
2018-11-22 10:00:00,NSE:KITEX,111.45,111.5,111.2,111.2,897.0
2018-11-22 11:00:00,NSE:KITEX,111.4,111.4,111.0,111.3,1999.0
2018-11-22 12:00:00,NSE:KITEX,111.2,111.65,111.1,111.5,2127.0
2018-11-22 13:00:00,NSE:KITEX,111.2,111.3,110.8,111.05,3083.0
2018-11-22 14:00:00,NSE:KITEX,111.05,111.2,110.55,110.7,2026.0
2018-11-22 15:00:00,NSE:KITEX,110.75,110.9,110.05,110.25,5183.0
2018-11-26 09:00:00,NSE:KITEX,113.2,113.2,110.25,112.0,6795.0
2018-11-26 10:00:00,NSE:KITEX,112.0,112.5,111.2,111.65,2767.0
2018-11-26 11:00:00,NSE:KITEX,111.45,111.6,110.85,110.9,3222.0
2018-11-26 12:00:00,NSE:KITEX,110.8,111.4,110.15,110.15,5675.0
2018-11-26 13:00:00,NSE:KITEX,110.6,111.3,110.55,111.15,871.0
2018-11-26 14:00:00,NSE:KITEX,111.15,111.15,110.0,110.45,1562.0
2018-11-26 15:00:00,NSE:KITEX,110.4,110.65,110.0,110.6,3675.0
2018-11-27 09:00:00,NSE:KITEX,110.2,111.3,109.65,110.0,5230.0
2018-11-27 10:00:00,NSE:KITEX,110.0,110.65,110.0,110.25,2581.0
2018-11-27 11:00:00,NSE:KITEX,110.0,110.35,109.85,109.9,5018.0
2018-11-27 12:00:00,NSE:KITEX,109.8,109.85,109.5,109.75,1915.0
2018-11-27 13:00:00,NSE:KITEX,109.75,110.75,109.75,110.6,7431.0
2018-11-27 14:00:00,NSE:KITEX,110.55,112.0,110.4,111.15,7260.0
2018-11-27 15:00:00,NSE:KITEX,111.15,111.15,109.85,110.3,4894.0
2018-11-28 09:00:00,NSE:KITEX,109.9,110.95,109.7,109.95,5313.0
2018-11-28 10:00:00,NSE:KITEX,109.95,111.0,109.75,110.15,23978.0
2018-11-28 11:00:00,NSE:KITEX,110.45,110.45,109.85,110.05,1675.0
2018-11-28 12:00:00,NSE:KITEX,110.0,110.05,109.6,109.65,3943.0
2018-11-28 13:00:00,NSE:KITEX,109.65,110.0,109.65,110.0,1222.0
2018-11-28 14:00:00,NSE:KITEX,110.05,110.05,109.3,109.4,2847.0
2018-11-28 15:00:00,NSE:KITEX,109.2,109.65,108.9,109.1,5549.0
2018-11-29 09:00:00,NSE:KITEX,109.0,109.85,109.0,109.1,2856.0
2018-11-29 10:00:00,NSE:KITEX,109.05,109.95,109.05,109.3,4491.0
2018-11-29 11:00:00,NSE:KITEX,109.3,109.85,109.0,109.0,4610.0
2018-11-29 12:00:00,NSE:KITEX,109.0,109.35,109.0,109.05,509.0
2018-11-29 13:00:00,NSE:KITEX,109.05,109.7,109.0,109.4,3381.0
2018-11-29 14:00:00,NSE:KITEX,109.4,109.65,109.0,109.0,8201.0
2018-11-29 15:00:00,NSE:KITEX,109.0,109.7,108.5,109.1,3415.0
2018-11-30 09:00:00,NSE:KITEX,109.1,109.95,109.1,109.4,4038.0
2018-11-30 10:00:00,NSE:KITEX,109.25,109.4,108.75,109.3,4555.0
2018-11-30 11:00:00,NSE:KITEX,109.25,109.3,109.0,109.2,992.0
2018-11-30 12:00:00,NSE:KITEX,109.25,109.25,109.05,109.15,7717.0
2018-11-30 13:00:00,NSE:KITEX,109.1,109.2,108.9,109.2,3248.0
2018-11-30 14:00:00,NSE:KITEX,109.05,109.2,108.95,109.1,1724.0
2018-11-30 15:00:00,NSE:KITEX,109.0,109.75,108.85,109.1,5213.0
2018-12-03 09:00:00,NSE:KITEX,109.15,109.6,109.1,109.6,2907.0
2018-12-03 10:00:00,NSE:KITEX,109.75,109.75,108.05,108.6,7032.0
2018-12-03 11:00:00,NSE:KITEX,108.6,108.6,108.15,108.5,2136.0
2018-12-03 12:00:00,NSE:KITEX,108.2,108.75,108.05,108.05,4621.0
2018-12-03 13:00:00,NSE:KITEX,108.4,109.45,108.1,108.1,5187.0
2018-12-03 14:00:00,NSE:KITEX,108.3,108.8,108.15,108.5,1811.0
2018-12-03 15:00:00,NSE:KITEX,108.5,109.2,108.05,108.35,5508.0
2018-12-04 09:00:00,NSE:KITEX,108.4,109.25,107.55,107.75,4421.0
2018-12-04 10:00:00,NSE:KITEX,107.65,107.95,107.65,107.8,4117.0
2018-12-04 11:00:00,NSE:KITEX,108.0,108.6,107.8,108.1,2704.0
2018-12-04 12:00:00,NSE:KITEX,108.25,113.35,108.25,112.5,35194.0
2018-12-04 13:00:00,NSE:KITEX,112.5,114.7,110.1,111.65,37304.0
2018-12-04 14:00:00,NSE:KITEX,111.95,112.0,109.95,110.25,8263.0
2018-12-04 15:00:00,NSE:KITEX,110.5,111.75,108.2,110.05,19190.0
2018-12-05 09:00:00,NSE:KITEX,109.0,109.55,108.4,109.0,3203.0
2018-12-05 10:00:00,NSE:KITEX,109.2,109.8,108.7,108.9,5304.0
2018-12-05 11:00:00,NSE:KITEX,108.85,108.9,108.55,108.9,1698.0
2018-12-05 12:00:00,NSE:KITEX,108.9,109.4,108.65,109.25,840.0
2018-12-05 13:00:00,NSE:KITEX,109.5,111.8,109.0,109.3,12749.0
2018-12-05 14:00:00,NSE:KITEX,109.0,110.25,108.55,108.55,8826.0
2018-12-05 15:00:00,NSE:KITEX,108.6,109.4,108.5,108.75,3754.0
2018-12-06 09:00:00,NSE:KITEX,108.0,109.05,108.0,108.3,5723.0
2018-12-06 10:00:00,NSE:KITEX,108.2,108.95,108.05,108.25,2651.0
2018-12-06 11:00:00,NSE:KITEX,108.25,109.0,108.2,109.0,1676.0
2018-12-06 12:00:00,NSE:KITEX,109.0,109.0,108.0,108.6,2480.0
2018-12-06 13:00:00,NSE:KITEX,108.6,109.0,108.6,108.6,1041.0
2018-12-06 14:00:00,NSE:KITEX,108.6,108.6,108.3,108.3,835.0
2018-12-06 15:00:00,NSE:KITEX,108.45,108.5,108.0,108.0,4327.0
2018-12-07 09:00:00,NSE:KITEX,107.1,109.4,107.1,108.75,7261.0
2018-12-07 10:00:00,NSE:KITEX,109.05,109.25,108.3,108.65,2253.0
2018-12-07 11:00:00,NSE:KITEX,108.6,108.75,107.6,108.15,7453.0
2018-12-07 12:00:00,NSE:KITEX,108.0,108.65,107.8,108.65,1785.0
2018-12-07 13:00:00,NSE:KITEX,108.3,108.45,107.7,108.15,2947.0
2018-12-07 14:00:00,NSE:KITEX,108.2,108.5,107.9,107.9,4149.0
2018-12-07 15:00:00,NSE:KITEX,107.8,108.0,107.8,107.85,2128.0
2018-12-10 09:00:00,NSE:KITEX,107.8,107.8,105.05,105.45,5877.0
2018-12-10 10:00:00,NSE:KITEX,105.45,105.9,105.1,105.75,5047.0
2018-12-10 11:00:00,NSE:KITEX,105.9,106.9,105.75,106.9,2882.0
2018-12-10 12:00:00,NSE:KITEX,106.8,107.0,106.7,106.75,926.0
2018-12-10 13:00:00,NSE:KITEX,106.75,106.95,106.1,106.1,3178.0
2018-12-10 14:00:00,NSE:KITEX,106.25,106.5,106.0,106.25,1504.0
2018-12-10 15:00:00,NSE:KITEX,106.0,106.65,105.0,105.75,8071.0
2018-12-11 09:00:00,NSE:KITEX,105.05,105.75,103.65,105.3,8853.0
2018-12-11 10:00:00,NSE:KITEX,105.25,105.35,105.0,105.3,1743.0
2018-12-11 11:00:00,NSE:KITEX,105.55,106.3,105.35,105.85,4929.0
2018-12-11 12:00:00,NSE:KITEX,105.85,106.45,105.85,106.45,2092.0
2018-12-11 13:00:00,NSE:KITEX,106.5,107.3,106.5,106.95,3922.0
2018-12-11 14:00:00,NSE:KITEX,106.65,107.5,106.65,107.5,2472.0
2018-12-11 15:00:00,NSE:KITEX,107.5,107.5,106.6,107.5,2770.0
2018-12-12 09:00:00,NSE:KITEX,107.55,110.95,107.3,110.3,7156.0
2018-12-12 10:00:00,NSE:KITEX,111.0,111.5,107.5,111.1,34254.0
2018-12-12 11:00:00,NSE:KITEX,110.65,113.4,110.65,112.5,23159.0
2018-12-12 12:00:00,NSE:KITEX,112.45,113.1,111.25,112.6,20870.0
2018-12-12 13:00:00,NSE:KITEX,112.75,112.75,112.0,112.0,1763.0
2018-12-12 14:00:00,NSE:KITEX,112.0,112.95,112.0,112.1,7141.0
2018-12-12 15:00:00,NSE:KITEX,112.1,112.6,112.0,112.5,5253.0
2018-12-13 09:00:00,NSE:KITEX,113.7,114.0,112.65,113.5,8123.0
2018-12-13 10:00:00,NSE:KITEX,113.5,114.5,111.35,113.65,12564.0
2018-12-13 11:00:00,NSE:KITEX,113.5,113.5,112.0,112.1,2828.0
2018-12-13 12:00:00,NSE:KITEX,112.3,112.6,112.3,112.3,757.0
2018-12-13 13:00:00,NSE:KITEX,112.1,112.3,110.55,110.7,6398.0
2018-12-13 14:00:00,NSE:KITEX,110.5,111.7,110.0,111.0,4475.0
2018-12-13 15:00:00,NSE:KITEX,110.55,111.85,110.2,110.85,4776.0
2018-12-14 09:00:00,NSE:KITEX,110.75,111.75,110.0,111.1,3179.0
2018-12-14 10:00:00,NSE:KITEX,111.1,111.1,110.85,111.0,1263.0
2018-12-14 11:00:00,NSE:KITEX,111.0,111.0,110.5,110.6,1283.0
2018-12-14 12:00:00,NSE:KITEX,110.55,110.8,110.25,110.5,778.0
2018-12-14 13:00:00,NSE:KITEX,111.0,111.0,110.0,110.05,3928.0
2018-12-14 14:00:00,NSE:KITEX,110.1,111.0,110.0,110.4,2855.0
2018-12-14 15:00:00,NSE:KITEX,110.45,111.0,110.0,110.05,5840.0
2018-12-17 09:00:00,NSE:KITEX,110.25,111.4,110.25,110.5,2335.0
2018-12-17 10:00:00,NSE:KITEX,110.55,110.95,110.5,110.95,2285.0
2018-12-17 11:00:00,NSE:KITEX,110.9,111.0,110.5,110.8,3183.0
2018-12-17 12:00:00,NSE:KITEX,110.8,110.8,110.1,110.45,859.0
2018-12-17 13:00:00,NSE:KITEX,110.25,110.45,110.0,110.1,1005.0
2018-12-17 14:00:00,NSE:KITEX,110.1,110.8,110.0,110.65,2934.0
2018-12-17 15:00:00,NSE:KITEX,110.65,110.65,109.55,109.9,4822.0
2018-12-18 09:00:00,NSE:KITEX,109.05,112.2,109.05,111.0,2636.0
2018-12-18 10:00:00,NSE:KITEX,110.85,111.3,109.95,110.0,2131.0
2018-12-18 11:00:00,NSE:KITEX,109.85,110.0,109.55,109.95,1446.0
2018-12-18 12:00:00,NSE:KITEX,110.0,110.0,109.5,110.0,1232.0
2018-12-18 13:00:00,NSE:KITEX,109.65,110.0,109.55,109.95,1161.0
2018-12-18 14:00:00,NSE:KITEX,109.95,110.9,109.95,110.15,4280.0
2018-12-18 15:00:00,NSE:KITEX,110.15,110.9,110.15,110.9,3435.0
2018-12-19 09:00:00,NSE:KITEX,110.55,112.3,110.55,111.9,11648.0
2018-12-19 10:00:00,NSE:KITEX,111.35,112.25,111.1,111.1,5283.0
2018-12-19 11:00:00,NSE:KITEX,111.0,111.6,110.8,110.8,5316.0
2018-12-19 12:00:00,NSE:KITEX,110.95,116.15,110.95,114.6,94886.0
2018-12-19 13:00:00,NSE:KITEX,114.7,114.9,113.0,113.0,13357.0
2018-12-19 14:00:00,NSE:KITEX,113.0,113.15,111.95,112.3,21679.0
2018-12-19 15:00:00,NSE:KITEX,112.35,112.7,111.6,111.95,18077.0
2018-12-20 09:00:00,NSE:KITEX,111.95,112.45,110.35,112.4,6813.0
2018-12-20 10:00:00,NSE:KITEX,112.2,113.2,111.2,112.1,10710.0
2018-12-20 11:00:00,NSE:KITEX,112.15,112.6,111.65,112.1,3036.0
2018-12-20 12:00:00,NSE:KITEX,111.8,112.6,111.75,112.6,2141.0
2018-12-20 13:00:00,NSE:KITEX,112.4,112.9,111.8,112.2,1870.0
2018-12-20 14:00:00,NSE:KITEX,112.3,112.9,111.85,112.0,4556.0
2018-12-20 15:00:00,NSE:KITEX,112.0,112.25,111.65,111.65,5076.0
2018-12-21 09:00:00,NSE:KITEX,112.0,112.5,111.95,112.5,5447.0
2018-12-21 10:00:00,NSE:KITEX,112.85,113.0,111.5,112.0,5577.0
2018-12-21 11:00:00,NSE:KITEX,111.95,112.0,111.6,111.6,2367.0
2018-12-21 12:00:00,NSE:KITEX,111.6,111.95,111.6,111.95,696.0
2018-12-21 13:00:00,NSE:KITEX,111.65,111.9,111.0,111.4,3920.0
2018-12-21 14:00:00,NSE:KITEX,111.4,111.75,110.45,111.05,10287.0
2018-12-21 15:00:00,NSE:KITEX,111.3,111.85,110.6,111.05,10150.0
2018-12-24 09:00:00,NSE:KITEX,111.8,113.05,111.0,111.0,3991.0
2018-12-24 10:00:00,NSE:KITEX,111.25,111.45,110.75,111.05,3131.0
2018-12-24 11:00:00,NSE:KITEX,111.4,111.95,111.0,111.3,2689.0
2018-12-24 12:00:00,NSE:KITEX,111.5,111.7,111.05,111.25,835.0
2018-12-24 13:00:00,NSE:KITEX,111.4,111.5,111.3,111.4,692.0
2018-12-24 14:00:00,NSE:KITEX,111.5,111.5,110.5,110.5,2536.0
2018-12-24 15:00:00,NSE:KITEX,110.5,111.0,110.15,110.15,6162.0
2018-12-26 09:00:00,NSE:KITEX,109.0,110.1,109.0,109.65,6888.0
2018-12-26 10:00:00,NSE:KITEX,109.25,109.95,109.0,109.95,3630.0
2018-12-26 11:00:00,NSE:KITEX,109.8,112.35,109.7,110.7,9417.0
2018-12-26 12:00:00,NSE:KITEX,110.85,111.3,110.15,110.5,2940.0
2018-12-26 13:00:00,NSE:KITEX,111.0,111.0,110.0,110.5,1966.0
2018-12-26 14:00:00,NSE:KITEX,110.3,111.0,109.75,110.15,5893.0
2018-12-26 15:00:00,NSE:KITEX,110.05,110.7,109.75,109.75,2914.0
2018-12-27 09:00:00,NSE:KITEX,111.25,111.9,110.7,111.85,6810.0
2018-12-27 10:00:00,NSE:KITEX,111.8,111.9,110.6,111.15,4251.0
2018-12-27 11:00:00,NSE:KITEX,111.2,111.55,111.0,111.0,1237.0
2018-12-27 12:00:00,NSE:KITEX,111.0,111.05,111.0,111.0,1819.0
2018-12-27 13:00:00,NSE:KITEX,111.0,111.25,110.7,110.75,2727.0
2018-12-27 14:00:00,NSE:KITEX,111.0,111.1,110.25,110.25,3568.0
2018-12-27 15:00:00,NSE:KITEX,110.3,110.95,110.25,110.9,3519.0
2018-12-28 09:00:00,NSE:KITEX,110.3,111.35,110.3,111.0,3962.0
2018-12-28 10:00:00,NSE:KITEX,110.6,111.85,110.6,111.2,6251.0
2018-12-28 11:00:00,NSE:KITEX,111.2,111.5,110.5,110.75,2530.0
2018-12-28 12:00:00,NSE:KITEX,110.75,111.1,110.5,110.55,1808.0
2018-12-28 13:00:00,NSE:KITEX,110.6,111.0,109.9,109.9,8623.0
2018-12-28 14:00:00,NSE:KITEX,110.0,110.6,109.9,110.0,5816.0
2018-12-28 15:00:00,NSE:KITEX,110.2,110.35,108.95,109.65,10401.0
2018-12-31 09:00:00,NSE:KITEX,112.0,112.0,110.05,110.6,3148.0
2018-12-31 10:00:00,NSE:KITEX,110.75,111.3,110.05,110.85,5165.0
2018-12-31 11:00:00,NSE:KITEX,110.85,111.0,110.5,110.5,1528.0
2018-12-31 12:00:00,NSE:KITEX,110.8,111.05,110.65,110.9,1669.0
2018-12-31 13:00:00,NSE:KITEX,110.9,111.2,110.8,111.2,4009.0
2018-12-31 14:00:00,NSE:KITEX,111.0,111.2,110.85,110.85,2436.0
2018-12-31 15:00:00,NSE:KITEX,111.2,111.5,110.7,111.3,6565.0
2019-01-01 09:00:00,NSE:KITEX,111.3,111.3,110.8,110.9,4716.0
2019-01-01 10:00:00,NSE:KITEX,110.9,112.5,110.8,111.1,5038.0
2019-01-01 11:00:00,NSE:KITEX,111.15,112.3,110.5,110.85,9138.0
2019-01-01 12:00:00,NSE:KITEX,110.8,111.0,110.7,110.9,1885.0
2019-01-01 13:00:00,NSE:KITEX,110.9,111.0,110.55,110.95,1290.0
2019-01-01 14:00:00,NSE:KITEX,111.0,111.0,110.7,110.9,17073.0
2019-01-01 15:00:00,NSE:KITEX,110.75,112.1,110.4,111.1,17965.0
2019-01-02 09:00:00,NSE:KITEX,110.5,111.5,110.5,111.0,4510.0
2019-01-02 10:00:00,NSE:KITEX,110.95,111.65,110.8,111.6,4089.0
2019-01-02 11:00:00,NSE:KITEX,111.6,112.3,111.3,111.3,4297.0
2019-01-02 12:00:00,NSE:KITEX,111.2,111.55,110.6,110.6,6602.0
2019-01-02 13:00:00,NSE:KITEX,110.8,110.8,110.2,110.5,3376.0
2019-01-02 14:00:00,NSE:KITEX,110.25,110.7,110.05,110.35,3451.0
2019-01-02 15:00:00,NSE:KITEX,110.55,110.6,109.75,110.0,4001.0
2019-01-03 09:00:00,NSE:KITEX,111.0,111.8,109.2,111.35,6124.0
2019-01-03 10:00:00,NSE:KITEX,111.25,111.8,110.55,110.55,8080.0
2019-01-03 11:00:00,NSE:KITEX,110.55,111.2,110.5,110.65,2855.0
2019-01-03 12:00:00,NSE:KITEX,110.55,110.8,110.3,110.4,2133.0
2019-01-03 13:00:00,NSE:KITEX,110.35,110.85,110.35,110.65,498.0
2019-01-03 14:00:00,NSE:KITEX,110.7,111.0,110.4,110.4,4436.0
2019-01-03 15:00:00,NSE:KITEX,110.7,111.0,109.7,109.9,6460.0
2019-01-04 09:00:00,NSE:KITEX,110.75,110.8,109.9,109.95,5207.0
2019-01-04 10:00:00,NSE:KITEX,109.8,110.2,109.05,110.0,5591.0
2019-01-04 11:00:00,NSE:KITEX,110.1,110.15,109.8,109.95,3034.0
2019-01-04 12:00:00,NSE:KITEX,110.0,110.05,109.7,110.05,3204.0
2019-01-04 13:00:00,NSE:KITEX,110.0,110.05,109.9,109.95,1608.0
2019-01-04 14:00:00,NSE:KITEX,109.8,109.9,109.5,109.65,3278.0
2019-01-04 15:00:00,NSE:KITEX,109.7,109.9,109.25,109.55,9450.0
2019-01-07 09:00:00,NSE:KITEX,110.0,111.7,109.6,109.6,3656.0
2019-01-07 10:00:00,NSE:KITEX,110.0,110.0,109.5,110.0,3537.0
2019-01-07 11:00:00,NSE:KITEX,109.9,110.0,109.55,109.8,666.0
2019-01-07 12:00:00,NSE:KITEX,109.8,110.0,109.8,109.9,653.0
2019-01-07 13:00:00,NSE:KITEX,109.85,110.0,109.8,109.95,1228.0
2019-01-07 14:00:00,NSE:KITEX,110.0,110.0,109.5,109.5,3920.0
2019-01-07 15:00:00,NSE:KITEX,109.4,109.7,109.0,109.05,4245.0
2019-01-08 09:00:00,NSE:KITEX,109.1,109.95,109.0,109.7,1941.0
2019-01-08 10:00:00,NSE:KITEX,109.7,110.15,109.7,110.0,2625.0
2019-01-08 11:00:00,NSE:KITEX,110.0,110.25,109.85,109.85,2441.0
2019-01-08 12:00:00,NSE:KITEX,109.95,110.0,109.5,109.5,1452.0
2019-01-08 13:00:00,NSE:KITEX,109.8,110.0,109.4,109.4,2732.0
2019-01-08 14:00:00,NSE:KITEX,109.4,109.7,109.3,109.7,3867.0
2019-01-08 15:00:00,NSE:KITEX,109.5,109.65,109.0,109.1,9490.0
2019-01-09 09:00:00,NSE:KITEX,109.2,112.0,109.1,111.1,20212.0
2019-01-09 10:00:00,NSE:KITEX,110.75,111.6,109.95,110.55,8700.0
2019-01-09 11:00:00,NSE:KITEX,110.55,110.55,109.1,109.5,5288.0
2019-01-09 12:00:00,NSE:KITEX,109.5,109.8,109.3,109.7,1785.0
2019-01-09 13:00:00,NSE:KITEX,109.65,110.0,109.1,109.45,2022.0
2019-01-09 14:00:00,NSE:KITEX,109.3,109.3,108.8,108.85,9616.0
2019-01-09 15:00:00,NSE:KITEX,109.15,109.6,108.8,108.9,5785.0
2019-01-10 09:00:00,NSE:KITEX,109.0,110.25,109.0,110.0,3653.0
2019-01-10 10:00:00,NSE:KITEX,110.0,110.45,109.5,109.6,1833.0
2019-01-10 11:00:00,NSE:KITEX,109.6,109.9,108.0,108.8,12974.0
2019-01-10 12:00:00,NSE:KITEX,108.75,109.1,108.75,109.1,1098.0
2019-01-10 13:00:00,NSE:KITEX,108.8,109.5,108.75,109.05,1688.0
2019-01-10 14:00:00,NSE:KITEX,109.05,110.1,108.75,110.0,7638.0
2019-01-10 15:00:00,NSE:KITEX,109.95,111.0,109.1,110.9,9495.0
2019-01-11 09:00:00,NSE:KITEX,111.25,111.25,110.1,110.7,7571.0
2019-01-11 10:00:00,NSE:KITEX,110.6,111.0,110.1,110.1,4987.0
2019-01-11 11:00:00,NSE:KITEX,110.55,110.8,110.1,110.2,2490.0
2019-01-11 12:00:00,NSE:KITEX,110.2,110.5,110.2,110.25,3395.0
2019-01-11 13:00:00,NSE:KITEX,110.2,110.4,110.1,110.1,1382.0
2019-01-11 14:00:00,NSE:KITEX,110.05,110.5,110.0,110.05,3970.0
2019-01-11 15:00:00,NSE:KITEX,110.35,111.0,109.15,109.9,8487.0
2019-01-14 09:00:00,NSE:KITEX,110.0,110.1,109.1,109.5,4711.0
2019-01-14 10:00:00,NSE:KITEX,109.55,109.95,109.5,109.55,392.0
2019-01-14 11:00:00,NSE:KITEX,109.85,110.1,109.4,109.4,4048.0
2019-01-14 12:00:00,NSE:KITEX,109.45,109.75,109.4,109.55,591.0
2019-01-14 13:00:00,NSE:KITEX,109.75,109.75,109.2,109.4,2426.0
2019-01-14 14:00:00,NSE:KITEX,109.65,109.75,109.4,109.5,887.0
2019-01-14 15:00:00,NSE:KITEX,109.5,109.95,109.2,109.6,2125.0
2019-01-15 09:00:00,NSE:KITEX,109.0,110.85,109.0,110.25,1800.0
2019-01-15 10:00:00,NSE:KITEX,110.15,110.25,109.35,109.7,6862.0
2019-01-15 11:00:00,NSE:KITEX,109.45,109.95,109.4,109.95,2197.0
2019-01-15 12:00:00,NSE:KITEX,109.75,109.9,109.5,109.9,1512.0
2019-01-15 13:00:00,NSE:KITEX,109.85,109.95,109.5,109.5,3434.0
2019-01-15 14:00:00,NSE:KITEX,109.5,109.85,109.2,109.55,2092.0
2019-01-15 15:00:00,NSE:KITEX,109.2,109.85,109.15,109.2,4305.0
2019-01-16 09:00:00,NSE:KITEX,110.85,110.85,109.65,109.9,3261.0
2019-01-16 10:00:00,NSE:KITEX,109.9,110.0,109.5,109.95,10503.0
2019-01-16 11:00:00,NSE:KITEX,109.95,110.2,109.4,110.0,3546.0
2019-01-16 12:00:00,NSE:KITEX,110.25,110.25,109.8,109.8,4406.0
2019-01-16 13:00:00,NSE:KITEX,109.75,110.0,109.25,109.35,2197.0
2019-01-16 14:00:00,NSE:KITEX,109.55,109.6,109.0,109.1,5591.0
2019-01-16 15:00:00,NSE:KITEX,109.5,109.5,108.6,109.05,4563.0
2019-01-17 09:00:00,NSE:KITEX,111.0,111.0,109.35,109.75,3274.0
2019-01-17 10:00:00,NSE:KITEX,109.9,110.15,109.8,109.9,1951.0
2019-01-17 11:00:00,NSE:KITEX,109.9,110.0,109.35,109.35,2507.0
2019-01-17 12:00:00,NSE:KITEX,109.35,109.7,109.35,109.4,1489.0
2019-01-17 13:00:00,NSE:KITEX,109.25,109.45,109.05,109.45,3176.0
2019-01-17 14:00:00,NSE:KITEX,109.4,109.75,109.25,109.45,4256.0
2019-01-17 15:00:00,NSE:KITEX,108.7,109.35,108.25,108.5,9052.0
2019-01-18 09:00:00,NSE:KITEX,109.55,109.55,108.95,109.0,2891.0
2019-01-18 10:00:00,NSE:KITEX,109.0,109.4,108.75,109.4,3690.0
2019-01-18 11:00:00,NSE:KITEX,109.3,109.4,109.1,109.2,2156.0
2019-01-18 12:00:00,NSE:KITEX,109.2,109.4,108.55,109.0,3199.0
2019-01-18 13:00:00,NSE:KITEX,109.0,109.15,108.55,108.85,2892.0
2019-01-18 14:00:00,NSE:KITEX,108.5,108.85,108.15,108.85,4397.0
2019-01-18 15:00:00,NSE:KITEX,108.85,108.95,108.25,108.7,2419.0
2019-01-21 09:00:00,NSE:KITEX,108.0,108.65,108.0,108.6,1684.0
2019-01-21 10:00:00,NSE:KITEX,108.7,109.0,108.5,108.5,4883.0
2019-01-21 11:00:00,NSE:KITEX,108.7,108.7,107.8,107.95,4415.0
2019-01-21 12:00:00,NSE:KITEX,107.8,108.0,107.6,107.8,3028.0
2019-01-21 13:00:00,NSE:KITEX,107.6,108.55,107.6,108.45,2519.0
2019-01-21 14:00:00,NSE:KITEX,108.45,109.9,107.8,107.8,7567.0
2019-01-21 15:00:00,NSE:KITEX,107.6,107.8,107.15,107.6,4348.0
2019-01-22 09:00:00,NSE:KITEX,107.55,108.7,107.45,107.55,11571.0
2019-01-22 10:00:00,NSE:KITEX,107.45,107.75,107.1,107.5,985.0
2019-01-22 11:00:00,NSE:KITEX,107.5,107.75,107.1,107.1,2101.0
2019-01-22 12:00:00,NSE:KITEX,107.5,107.7,107.1,107.1,3216.0
2019-01-22 13:00:00,NSE:KITEX,107.4,107.4,107.05,107.4,947.0
2019-01-22 14:00:00,NSE:KITEX,107.3,107.5,107.05,107.5,1258.0
2019-01-22 15:00:00,NSE:KITEX,107.5,107.5,107.05,107.25,1410.0
2019-01-23 09:00:00,NSE:KITEX,107.35,107.9,107.25,107.9,2458.0
2019-01-23 10:00:00,NSE:KITEX,107.45,107.5,107.0,107.1,1950.0
2019-01-23 11:00:00,NSE:KITEX,107.1,107.6,107.0,107.5,1898.0
2019-01-23 12:00:00,NSE:KITEX,107.25,107.35,106.75,107.35,3563.0
2019-01-23 13:00:00,NSE:KITEX,107.05,107.3,106.85,107.25,1450.0
2019-01-23 14:00:00,NSE:KITEX,107.0,107.3,106.8,106.85,1938.0
2019-01-23 15:00:00,NSE:KITEX,106.85,108.0,106.25,107.0,8651.0
2019-01-24 09:00:00,NSE:KITEX,106.5,107.15,106.45,106.55,2500.0
2019-01-24 10:00:00,NSE:KITEX,106.6,106.75,106.5,106.6,960.0
2019-01-24 11:00:00,NSE:KITEX,106.6,106.6,106.1,106.15,1558.0
2019-01-24 12:00:00,NSE:KITEX,106.15,106.15,104.4,105.4,7173.0
2019-01-24 13:00:00,NSE:KITEX,105.0,105.6,104.9,105.0,2969.0
2019-01-24 14:00:00,NSE:KITEX,105.1,105.45,104.95,105.0,1742.0
2019-01-24 15:00:00,NSE:KITEX,105.0,105.5,104.5,105.0,3772.0
2019-01-25 09:00:00,NSE:KITEX,104.0,105.5,104.0,105.05,2940.0
2019-01-25 10:00:00,NSE:KITEX,105.0,105.25,104.7,105.0,1251.0
2019-01-25 11:00:00,NSE:KITEX,105.0,105.0,104.6,105.0,3034.0
2019-01-25 12:00:00,NSE:KITEX,104.75,104.75,104.55,104.65,1539.0
2019-01-25 13:00:00,NSE:KITEX,104.5,105.0,103.6,103.95,7094.0
2019-01-25 14:00:00,NSE:KITEX,103.9,103.95,102.6,102.75,7445.0
2019-01-25 15:00:00,NSE:KITEX,102.75,103.5,102.7,102.9,3194.0
2019-01-28 09:00:00,NSE:KITEX,102.75,102.75,97.9,98.0,17284.0
2019-01-28 10:00:00,NSE:KITEX,98.0,100.5,97.95,100.45,7869.0
2019-01-28 11:00:00,NSE:KITEX,100.05,100.6,99.95,100.55,27099.0
2019-01-28 12:00:00,NSE:KITEX,100.5,101.25,99.55,101.25,39397.0
2019-01-28 13:00:00,NSE:KITEX,101.0,101.8,100.05,101.05,25149.0
2019-01-28 14:00:00,NSE:KITEX,101.0,102.3,101.0,102.0,26673.0
2019-01-28 15:00:00,NSE:KITEX,102.1,102.3,102.0,102.25,4633.0
2019-01-29 09:00:00,NSE:KITEX,102.25,106.55,101.05,101.3,4123.0
2019-01-29 10:00:00,NSE:KITEX,101.3,101.5,99.95,101.1,11299.0
2019-01-29 11:00:00,NSE:KITEX,101.1,101.9,100.6,101.9,3889.0
2019-01-29 12:00:00,NSE:KITEX,101.5,102.25,101.5,102.0,6930.0
2019-01-29 13:00:00,NSE:KITEX,102.0,102.05,101.5,102.05,10148.0
2019-01-29 14:00:00,NSE:KITEX,102.05,103.75,102.0,103.75,15660.0
2019-01-29 15:00:00,NSE:KITEX,103.8,105.9,103.65,105.1,8153.0
2019-01-30 09:00:00,NSE:KITEX,103.2,105.3,102.05,102.45,4000.0
2019-01-30 10:00:00,NSE:KITEX,102.3,102.85,101.3,101.35,11427.0
2019-01-30 11:00:00,NSE:KITEX,101.65,101.85,101.35,101.4,2441.0
2019-01-30 12:00:00,NSE:KITEX,101.4,102.25,101.3,102.0,24988.0
2019-01-30 13:00:00,NSE:KITEX,102.0,103.0,101.75,102.95,4007.0
2019-01-30 14:00:00,NSE:KITEX,102.55,102.65,102.0,102.0,2723.0
2019-01-30 15:00:00,NSE:KITEX,102.4,105.0,102.4,105.0,10191.0
2019-01-31 09:00:00,NSE:KITEX,105.9,105.9,103.3,103.75,5904.0
2019-01-31 10:00:00,NSE:KITEX,103.8,103.8,103.3,103.4,2372.0
2019-01-31 11:00:00,NSE:KITEX,103.5,104.45,103.15,103.15,5098.0
2019-01-31 12:00:00,NSE:KITEX,103.5,103.55,103.25,103.35,766.0
2019-01-31 13:00:00,NSE:KITEX,103.35,103.4,103.25,103.4,1106.0
2019-01-31 14:00:00,NSE:KITEX,103.4,103.5,103.25,103.45,1443.0
2019-01-31 15:00:00,NSE:KITEX,103.0,103.5,102.55,103.5,8686.0
2019-02-01 09:00:00,NSE:KITEX,104.75,104.75,103.0,103.0,5283.0
2019-02-01 10:00:00,NSE:KITEX,102.35,102.35,100.1,101.6,16964.0
2019-02-01 11:00:00,NSE:KITEX,101.5,101.75,101.3,101.6,6520.0
2019-02-01 12:00:00,NSE:KITEX,101.7,103.4,101.6,103.4,9160.0
2019-02-01 13:00:00,NSE:KITEX,103.25,103.25,102.0,102.0,16734.0
2019-02-01 14:00:00,NSE:KITEX,102.0,103.0,102.0,103.0,16002.0
2019-02-01 15:00:00,NSE:KITEX,102.65,102.95,102.0,102.5,4252.0
2019-02-04 09:00:00,NSE:KITEX,102.0,102.75,101.5,101.5,2013.0
2019-02-04 10:00:00,NSE:KITEX,101.65,101.65,100.2,100.75,4958.0
2019-02-04 11:00:00,NSE:KITEX,100.75,101.0,100.65,100.95,2236.0
2019-02-04 12:00:00,NSE:KITEX,100.95,100.95,100.4,100.4,2014.0
2019-02-04 13:00:00,NSE:KITEX,100.3,100.5,100.3,100.3,1701.0
2019-02-04 14:00:00,NSE:KITEX,100.2,100.75,100.2,100.55,5370.0
2019-02-04 15:00:00,NSE:KITEX,100.8,100.95,100.2,100.65,4717.0
2019-02-05 09:00:00,NSE:KITEX,100.85,101.15,100.5,100.75,2443.0
2019-02-05 10:00:00,NSE:KITEX,100.7,100.7,100.3,100.5,3330.0
2019-02-05 11:00:00,NSE:KITEX,100.0,100.5,99.85,99.95,4193.0
2019-02-05 12:00:00,NSE:KITEX,100.0,100.4,99.65,99.9,3049.0
2019-02-05 13:00:00,NSE:KITEX,100.2,100.3,98.5,99.4,11595.0
2019-02-05 14:00:00,NSE:KITEX,99.05,99.25,98.5,99.0,5340.0
2019-02-05 15:00:00,NSE:KITEX,98.95,99.15,98.6,98.7,3117.0
2019-02-06 09:00:00,NSE:KITEX,99.15,100.2,99.15,99.6,2511.0
2019-02-06 10:00:00,NSE:KITEX,99.6,99.75,98.0,98.6,3552.0
2019-02-06 11:00:00,NSE:KITEX,98.6,100.0,97.9,99.15,10649.0
2019-02-06 12:00:00,NSE:KITEX,99.5,99.55,98.0,98.3,2728.0
2019-02-06 13:00:00,NSE:KITEX,98.3,98.5,97.9,98.15,3639.0
2019-02-06 14:00:00,NSE:KITEX,98.15,99.0,98.1,98.5,3731.0
2019-02-06 15:00:00,NSE:KITEX,98.2,98.5,98.0,98.5,8903.0
2019-02-07 09:00:00,NSE:KITEX,100.0,100.65,98.4,99.0,6931.0
2019-02-07 10:00:00,NSE:KITEX,99.0,99.7,98.7,99.7,2578.0
2019-02-07 11:00:00,NSE:KITEX,99.0,99.7,98.7,99.6,5694.0
2019-02-07 12:00:00,NSE:KITEX,99.65,99.75,99.2,99.4,4186.0
2019-02-07 13:00:00,NSE:KITEX,99.35,99.7,99.25,99.65,1353.0
2019-02-07 14:00:00,NSE:KITEX,99.5,99.55,98.5,98.95,4036.0
2019-02-07 15:00:00,NSE:KITEX,98.95,99.65,98.55,99.15,7696.0
2019-02-08 09:00:00,NSE:KITEX,99.5,100.5,98.0,98.95,4188.0
2019-02-08 10:00:00,NSE:KITEX,98.65,98.9,98.65,98.7,967.0
2019-02-08 11:00:00,NSE:KITEX,98.7,99.9,98.3,98.85,6660.0
2019-02-08 12:00:00,NSE:KITEX,98.85,99.4,98.65,99.35,1333.0
2019-02-08 13:00:00,NSE:KITEX,99.35,99.65,98.35,98.9,4154.0
2019-02-08 14:00:00,NSE:KITEX,98.95,99.0,98.0,98.45,7773.0
2019-02-08 15:00:00,NSE:KITEX,98.05,98.45,98.0,98.05,3192.0
2019-02-11 09:00:00,NSE:KITEX,98.9,99.0,98.15,98.55,4097.0
2019-02-11 10:00:00,NSE:KITEX,98.7,98.8,97.9,98.15,8053.0
2019-02-11 11:00:00,NSE:KITEX,98.35,98.4,97.4,98.4,4822.0
2019-02-11 12:00:00,NSE:KITEX,98.35,98.85,98.0,98.85,3626.0
2019-02-11 13:00:00,NSE:KITEX,98.85,99.0,98.6,98.9,2859.0
2019-02-11 14:00:00,NSE:KITEX,98.95,98.95,98.0,98.25,2964.0
2019-02-11 15:00:00,NSE:KITEX,98.0,98.2,95.5,97.35,10953.0
2019-02-12 09:00:00,NSE:KITEX,97.4,98.0,97.35,97.5,5897.0
2019-02-12 10:00:00,NSE:KITEX,97.75,98.55,97.5,98.35,3062.0
2019-02-12 11:00:00,NSE:KITEX,98.4,98.45,97.7,98.25,4613.0
2019-02-12 12:00:00,NSE:KITEX,98.4,98.6,98.05,98.45,3788.0
2019-02-12 13:00:00,NSE:KITEX,98.4,98.45,97.9,97.9,2100.0
2019-02-12 14:00:00,NSE:KITEX,98.05,98.4,97.7,97.9,4243.0
2019-02-12 15:00:00,NSE:KITEX,97.75,98.5,97.7,97.95,8810.0
2019-02-13 09:00:00,NSE:KITEX,98.9,98.9,97.0,98.35,3739.0
2019-02-13 10:00:00,NSE:KITEX,98.0,98.0,97.3,97.95,2859.0
2019-02-13 11:00:00,NSE:KITEX,97.95,98.4,97.5,97.95,9823.0
2019-02-13 12:00:00,NSE:KITEX,97.95,98.4,97.75,97.75,14787.0
2019-02-13 13:00:00,NSE:KITEX,97.95,98.0,97.0,97.6,11064.0
2019-02-13 14:00:00,NSE:KITEX,97.35,98.35,97.0,97.25,4647.0
2019-02-13 15:00:00,NSE:KITEX,97.25,98.0,97.0,97.5,10918.0
2019-02-14 09:00:00,NSE:KITEX,97.1,98.25,97.1,97.5,4972.0
2019-02-14 10:00:00,NSE:KITEX,97.5,98.0,96.55,97.5,11478.0
2019-02-14 11:00:00,NSE:KITEX,97.45,97.45,96.55,97.1,7850.0
2019-02-14 12:00:00,NSE:KITEX,97.15,97.5,96.85,96.85,5262.0
2019-02-14 13:00:00,NSE:KITEX,97.25,97.75,96.0,97.75,9851.0
2019-02-14 14:00:00,NSE:KITEX,97.25,97.5,96.5,97.0,4235.0
2019-02-14 15:00:00,NSE:KITEX,97.0,97.0,96.3,97.0,15666.0
2019-02-15 09:00:00,NSE:KITEX,95.0,95.0,92.0,93.6,23488.0
2019-02-15 10:00:00,NSE:KITEX,93.65,94.2,93.55,93.95,7026.0
2019-02-15 11:00:00,NSE:KITEX,94.0,94.0,93.1,93.5,5652.0
2019-02-15 12:00:00,NSE:KITEX,93.5,93.8,93.1,93.7,5423.0
2019-02-15 13:00:00,NSE:KITEX,93.65,93.7,93.0,93.4,6139.0
2019-02-15 14:00:00,NSE:KITEX,93.1,93.6,93.05,93.45,4603.0
2019-02-15 15:00:00,NSE:KITEX,93.35,93.45,92.5,92.95,8531.0
2019-02-18 09:00:00,NSE:KITEX,92.95,93.45,91.2,92.0,3797.0
2019-02-18 10:00:00,NSE:KITEX,91.85,91.9,90.3,91.45,8119.0
2019-02-18 11:00:00,NSE:KITEX,91.45,91.5,90.9,91.0,1410.0
2019-02-18 12:00:00,NSE:KITEX,90.95,91.3,90.9,91.0,2569.0
2019-02-18 13:00:00,NSE:KITEX,91.0,91.0,90.8,91.0,1502.0
2019-02-18 14:00:00,NSE:KITEX,90.95,91.2,90.5,90.75,2891.0
2019-02-18 15:00:00,NSE:KITEX,90.75,91.05,90.1,90.3,5227.0
2019-02-19 09:00:00,NSE:KITEX,92.8,92.95,91.05,91.9,3279.0
2019-02-19 10:00:00,NSE:KITEX,92.0,92.0,90.5,91.0,5822.0
2019-02-19 11:00:00,NSE:KITEX,90.8,90.8,90.2,90.5,5258.0
2019-02-19 12:00:00,NSE:KITEX,90.75,91.0,90.15,90.7,8890.0
2019-02-19 13:00:00,NSE:KITEX,90.25,91.0,90.2,91.0,845.0
2019-02-19 14:00:00,NSE:KITEX,91.0,91.2,90.5,90.6,1616.0
2019-02-19 15:00:00,NSE:KITEX,90.55,90.85,90.25,90.45,2225.0
2019-02-20 09:00:00,NSE:KITEX,91.5,91.5,90.25,91.05,4448.0
2019-02-20 10:00:00,NSE:KITEX,91.0,91.2,90.2,90.45,5842.0
2019-02-20 11:00:00,NSE:KITEX,90.25,90.3,89.5,89.65,6240.0
2019-02-20 12:00:00,NSE:KITEX,89.65,90.3,89.6,90.0,6640.0
2019-02-20 13:00:00,NSE:KITEX,90.0,90.25,89.6,89.95,2690.0
2019-02-20 14:00:00,NSE:KITEX,90.15,90.15,89.75,90.0,2598.0
2019-02-20 15:00:00,NSE:KITEX,89.9,90.0,89.5,89.55,6450.0
2019-02-21 09:00:00,NSE:KITEX,91.5,91.5,90.1,90.4,2561.0
2019-02-21 10:00:00,NSE:KITEX,90.45,90.45,89.8,90.0,4830.0
2019-02-21 11:00:00,NSE:KITEX,90.0,90.5,89.9,90.5,3836.0
2019-02-21 12:00:00,NSE:KITEX,90.5,90.5,90.1,90.5,2071.0
2019-02-21 13:00:00,NSE:KITEX,90.5,90.55,89.5,90.1,3983.0
2019-02-21 14:00:00,NSE:KITEX,89.8,90.2,89.8,90.1,2832.0
2019-02-21 15:00:00,NSE:KITEX,90.0,90.1,89.7,89.9,4261.0
2019-02-22 09:00:00,NSE:KITEX,90.1,91.0,90.1,90.1,6885.0
2019-02-22 10:00:00,NSE:KITEX,90.45,90.95,90.0,90.5,4070.0
2019-02-22 11:00:00,NSE:KITEX,90.7,90.9,90.5,90.9,3130.0
2019-02-22 12:00:00,NSE:KITEX,90.9,91.0,90.5,90.8,3793.0
2019-02-22 13:00:00,NSE:KITEX,90.8,90.85,90.55,90.6,2210.0
2019-02-22 14:00:00,NSE:KITEX,90.6,90.9,90.1,90.9,4379.0
2019-02-22 15:00:00,NSE:KITEX,90.95,91.5,90.45,91.25,21458.0
2019-02-25 09:00:00,NSE:KITEX,91.5,91.9,91.1,91.4,14150.0
2019-02-25 10:00:00,NSE:KITEX,91.4,91.8,91.4,91.4,4393.0
2019-02-25 11:00:00,NSE:KITEX,91.4,91.6,91.05,91.05,3662.0
2019-02-25 12:00:00,NSE:KITEX,91.05,91.5,91.05,91.45,2833.0
2019-02-25 13:00:00,NSE:KITEX,91.25,91.5,91.0,91.5,3754.0
2019-02-25 14:00:00,NSE:KITEX,91.5,91.5,91.35,91.35,880.0
2019-02-25 15:00:00,NSE:KITEX,91.2,91.45,89.8,90.8,20348.0
2019-02-26 09:00:00,NSE:KITEX,89.95,90.75,89.5,89.7,5428.0
2019-02-26 10:00:00,NSE:KITEX,89.45,89.7,88.5,88.9,10502.0
2019-02-26 11:00:00,NSE:KITEX,89.0,89.5,88.9,89.3,5450.0
2019-02-26 12:00:00,NSE:KITEX,89.25,89.25,89.0,89.1,1039.0
2019-02-26 13:00:00,NSE:KITEX,89.1,89.2,88.7,88.95,7317.0
2019-02-26 14:00:00,NSE:KITEX,89.0,89.3,88.5,89.0,13453.0
2019-02-26 15:00:00,NSE:KITEX,89.0,89.25,88.6,88.75,5133.0
2019-02-27 09:00:00,NSE:KITEX,88.8,90.7,88.8,90.35,38218.0
2019-02-27 10:00:00,NSE:KITEX,90.4,90.4,87.65,89.5,12055.0
2019-02-27 11:00:00,NSE:KITEX,89.25,89.5,88.6,88.65,4418.0
2019-02-27 12:00:00,NSE:KITEX,88.65,89.1,88.0,88.1,7945.0
2019-02-27 13:00:00,NSE:KITEX,88.0,88.2,87.65,88.2,4445.0
2019-02-27 14:00:00,NSE:KITEX,88.2,88.65,87.7,88.15,2875.0
2019-02-27 15:00:00,NSE:KITEX,88.1,88.4,87.75,88.05,4985.0
2019-02-28 09:00:00,NSE:KITEX,88.0,88.15,87.75,88.0,5815.0
2019-02-28 10:00:00,NSE:KITEX,88.0,88.15,87.95,88.0,3191.0
2019-02-28 11:00:00,NSE:KITEX,88.0,88.2,88.0,88.2,8837.0
2019-02-28 12:00:00,NSE:KITEX,88.2,89.05,88.0,88.8,10930.0
2019-02-28 13:00:00,NSE:KITEX,88.95,89.55,88.2,88.4,15355.0
2019-02-28 14:00:00,NSE:KITEX,88.5,88.95,88.45,88.95,1900.0
2019-02-28 15:00:00,NSE:KITEX,88.5,88.8,88.1,88.1,4953.0
2019-03-01 09:00:00,NSE:KITEX,89.0,90.6,88.65,89.95,18454.0
2019-03-01 10:00:00,NSE:KITEX,90.0,90.2,89.7,89.75,6368.0
2019-03-01 11:00:00,NSE:KITEX,89.65,90.2,89.65,90.1,6347.0
2019-03-01 12:00:00,NSE:KITEX,90.2,90.2,89.75,90.0,2216.0
2019-03-01 13:00:00,NSE:KITEX,90.0,90.5,89.8,90.5,6390.0
2019-03-01 14:00:00,NSE:KITEX,90.6,92.5,90.6,91.65,26092.0
2019-03-01 15:00:00,NSE:KITEX,91.65,93.0,91.3,92.05,24522.0
2019-03-05 09:00:00,NSE:KITEX,93.5,96.1,93.5,95.65,28853.0
2019-03-05 10:00:00,NSE:KITEX,95.65,96.0,94.6,94.9,33173.0
2019-03-05 11:00:00,NSE:KITEX,94.85,94.95,94.65,94.8,7862.0
2019-03-05 12:00:00,NSE:KITEX,94.8,95.85,94.65,95.5,14969.0
2019-03-05 13:00:00,NSE:KITEX,95.5,96.0,95.4,95.85,17218.0
2019-03-05 14:00:00,NSE:KITEX,95.55,95.8,95.0,95.5,10075.0
2019-03-05 15:00:00,NSE:KITEX,95.3,95.7,95.0,95.4,9300.0
2019-03-06 09:00:00,NSE:KITEX,95.35,99.0,95.35,97.2,36308.0
2019-03-06 10:00:00,NSE:KITEX,97.2,98.4,97.0,97.95,24701.0
2019-03-06 11:00:00,NSE:KITEX,97.85,97.9,97.5,97.5,12804.0
2019-03-06 12:00:00,NSE:KITEX,97.5,97.5,97.0,97.15,12899.0
2019-03-06 13:00:00,NSE:KITEX,97.1,97.1,96.5,96.5,5147.0
2019-03-06 14:00:00,NSE:KITEX,96.6,97.45,96.25,96.95,10030.0
2019-03-06 15:00:00,NSE:KITEX,96.85,97.05,96.15,96.15,16724.0
2019-03-07 09:00:00,NSE:KITEX,98.0,98.0,96.0,96.2,3450.0
2019-03-07 10:00:00,NSE:KITEX,96.55,96.8,96.0,96.8,5617.0
2019-03-07 11:00:00,NSE:KITEX,96.8,96.8,96.0,96.8,1886.0
2019-03-07 12:00:00,NSE:KITEX,96.8,97.75,96.3,97.0,9756.0
2019-03-07 13:00:00,NSE:KITEX,96.7,97.0,96.55,96.95,4808.0
2019-03-07 14:00:00,NSE:KITEX,96.6,97.0,96.55,96.85,3389.0
2019-03-07 15:00:00,NSE:KITEX,97.0,97.0,96.45,96.7,5069.0
2019-03-08 09:00:00,NSE:KITEX,97.95,97.95,96.15,96.35,5998.0
2019-03-08 10:00:00,NSE:KITEX,96.4,96.7,95.9,95.9,3043.0
2019-03-08 11:00:00,NSE:KITEX,96.35,96.35,96.0,96.1,827.0
2019-03-08 12:00:00,NSE:KITEX,96.1,96.4,96.05,96.15,1611.0
2019-03-08 13:00:00,NSE:KITEX,96.05,96.2,96.0,96.0,1370.0
2019-03-08 14:00:00,NSE:KITEX,96.1,96.1,95.2,95.6,4804.0
2019-03-08 15:00:00,NSE:KITEX,96.0,96.0,95.0,95.8,4276.0
2019-03-11 09:00:00,NSE:KITEX,95.35,101.05,95.35,99.5,27525.0
2019-03-11 10:00:00,NSE:KITEX,99.75,99.8,97.5,97.65,13292.0
2019-03-11 11:00:00,NSE:KITEX,97.7,98.25,96.6,97.55,7339.0
2019-03-11 12:00:00,NSE:KITEX,97.55,98.5,96.9,98.0,11827.0
2019-03-11 13:00:00,NSE:KITEX,98.0,98.9,97.45,98.0,6263.0
2019-03-11 14:00:00,NSE:KITEX,98.25,98.7,97.9,98.0,6663.0
2019-03-11 15:00:00,NSE:KITEX,97.9,98.05,97.4,97.4,12503.0
2019-03-12 09:00:00,NSE:KITEX,99.5,100.35,96.5,99.8,35142.0
2019-03-12 10:00:00,NSE:KITEX,99.8,103.7,99.8,102.5,77452.0
2019-03-12 11:00:00,NSE:KITEX,102.4,111.3,102.0,108.9,229248.0
2019-03-12 12:00:00,NSE:KITEX,108.9,109.4,106.5,106.9,73019.0
2019-03-12 13:00:00,NSE:KITEX,106.65,109.0,105.8,107.6,55848.0
2019-03-12 14:00:00,NSE:KITEX,107.6,110.0,107.2,109.0,94324.0
2019-03-12 15:00:00,NSE:KITEX,108.95,111.45,108.35,109.65,86808.0
2019-03-13 09:00:00,NSE:KITEX,110.9,110.9,105.15,107.3,60394.0
2019-03-13 10:00:00,NSE:KITEX,107.4,107.85,105.25,106.85,46639.0
2019-03-13 11:00:00,NSE:KITEX,106.9,107.0,106.15,106.4,12270.0
2019-03-13 12:00:00,NSE:KITEX,106.25,107.25,105.25,105.3,15477.0
2019-03-13 13:00:00,NSE:KITEX,105.3,109.4,105.3,108.2,54856.0
2019-03-13 14:00:00,NSE:KITEX,108.2,108.2,106.2,106.5,9551.0
2019-03-13 15:00:00,NSE:KITEX,106.55,108.0,106.55,106.8,23155.0
2019-03-14 09:00:00,NSE:KITEX,107.0,107.35,105.2,105.7,35254.0
2019-03-14 10:00:00,NSE:KITEX,105.7,105.95,105.3,105.35,13447.0
2019-03-14 11:00:00,NSE:KITEX,105.35,106.0,105.25,105.7,13583.0
2019-03-14 12:00:00,NSE:KITEX,105.7,105.85,105.2,105.45,10346.0
2019-03-14 13:00:00,NSE:KITEX,105.45,107.0,105.15,105.9,18584.0
2019-03-14 14:00:00,NSE:KITEX,105.8,106.0,105.15,105.45,9870.0
2019-03-14 15:00:00,NSE:KITEX,105.45,105.6,103.9,104.65,19374.0
2019-03-15 09:00:00,NSE:KITEX,104.95,106.0,104.95,105.6,11165.0
2019-03-15 10:00:00,NSE:KITEX,105.6,109.7,104.65,107.65,46039.0
2019-03-15 11:00:00,NSE:KITEX,107.65,108.0,106.6,106.85,11694.0
2019-03-15 12:00:00,NSE:KITEX,106.85,106.85,105.3,105.9,10232.0
2019-03-15 13:00:00,NSE:KITEX,106.0,106.35,105.2,105.5,3820.0
2019-03-15 14:00:00,NSE:KITEX,105.7,106.15,104.6,104.65,11372.0
2019-03-15 15:00:00,NSE:KITEX,104.8,105.0,100.1,101.65,65324.0
2019-03-18 09:00:00,NSE:KITEX,102.7,104.55,102.15,103.4,20865.0
2019-03-18 10:00:00,NSE:KITEX,103.15,104.2,102.5,103.2,21057.0
2019-03-18 11:00:00,NSE:KITEX,103.2,103.35,102.6,102.95,5814.0
2019-03-18 12:00:00,NSE:KITEX,103.0,103.0,102.0,102.55,6315.0
2019-03-18 13:00:00,NSE:KITEX,102.75,102.9,102.5,102.9,2593.0
2019-03-18 14:00:00,NSE:KITEX,102.9,102.9,101.0,102.1,13832.0
2019-03-18 15:00:00,NSE:KITEX,102.1,102.4,101.2,101.7,15972.0
2019-03-19 09:00:00,NSE:KITEX,101.7,103.8,101.7,103.2,9827.0
2019-03-19 10:00:00,NSE:KITEX,103.3,103.5,102.75,102.75,5391.0
2019-03-19 11:00:00,NSE:KITEX,102.75,103.0,102.15,102.85,1904.0
2019-03-19 12:00:00,NSE:KITEX,102.9,102.9,102.0,102.35,7474.0
2019-03-19 13:00:00,NSE:KITEX,102.15,102.35,102.05,102.35,2470.0
2019-03-19 14:00:00,NSE:KITEX,102.35,104.8,102.3,104.0,16186.0
2019-03-19 15:00:00,NSE:KITEX,104.0,104.75,103.5,104.15,12024.0
2019-03-20 09:00:00,NSE:KITEX,104.0,106.2,102.55,103.45,9062.0
2019-03-20 10:00:00,NSE:KITEX,103.3,104.25,103.1,104.2,4347.0
2019-03-20 11:00:00,NSE:KITEX,103.95,104.25,103.85,104.0,8177.0
2019-03-20 12:00:00,NSE:KITEX,104.0,104.25,103.1,103.1,13910.0
2019-03-20 13:00:00,NSE:KITEX,103.1,103.4,102.65,103.1,10715.0
2019-03-20 14:00:00,NSE:KITEX,103.3,104.55,103.05,104.55,23495.0
2019-03-20 15:00:00,NSE:KITEX,104.55,105.8,104.1,105.5,25569.0
2019-03-22 09:00:00,NSE:KITEX,105.5,107.2,105.5,105.8,11059.0
2019-03-22 10:00:00,NSE:KITEX,105.65,105.95,105.0,105.85,22330.0
2019-03-22 11:00:00,NSE:KITEX,105.85,105.95,105.2,105.95,12410.0
2019-03-22 12:00:00,NSE:KITEX,105.95,105.95,105.5,105.95,3414.0
2019-03-22 13:00:00,NSE:KITEX,105.7,105.95,104.6,105.9,21326.0
2019-03-22 14:00:00,NSE:KITEX,104.5,105.9,104.0,104.4,22763.0
2019-03-22 15:00:00,NSE:KITEX,104.15,104.35,103.8,103.8,10479.0
2019-03-25 09:00:00,NSE:KITEX,104.0,104.0,102.05,102.25,7792.0
2019-03-25 10:00:00,NSE:KITEX,102.25,103.35,102.15,102.9,8804.0
2019-03-25 11:00:00,NSE:KITEX,102.9,103.3,102.4,103.0,9884.0
2019-03-25 12:00:00,NSE:KITEX,102.65,103.0,102.5,102.75,4065.0
2019-03-25 13:00:00,NSE:KITEX,102.75,103.0,102.45,102.95,17075.0
2019-03-25 14:00:00,NSE:KITEX,102.65,103.0,101.45,102.0,41897.0
2019-03-25 15:00:00,NSE:KITEX,102.0,103.0,100.8,101.0,30094.0
2019-03-26 09:00:00,NSE:KITEX,103.95,103.95,101.2,102.25,9075.0
2019-03-26 10:00:00,NSE:KITEX,102.25,102.3,101.0,101.85,10500.0
2019-03-26 11:00:00,NSE:KITEX,101.95,102.0,99.0,102.0,98258.0
2019-03-26 12:00:00,NSE:KITEX,101.15,101.7,100.55,100.9,1959.0
2019-03-26 13:00:00,NSE:KITEX,100.65,102.1,100.65,102.1,18695.0
2019-03-26 14:00:00,NSE:KITEX,102.15,102.45,101.0,102.0,20751.0
2019-03-26 15:00:00,NSE:KITEX,101.8,103.0,101.5,103.0,12957.0
2019-03-27 09:00:00,NSE:KITEX,102.1,103.95,102.0,102.05,5446.0
2019-03-27 10:00:00,NSE:KITEX,102.25,102.5,102.2,102.3,2790.0
2019-03-27 11:00:00,NSE:KITEX,102.2,102.35,101.8,102.2,11570.0
2019-03-27 12:00:00,NSE:KITEX,102.05,102.55,101.8,102.4,5132.0
2019-03-27 13:00:00,NSE:KITEX,102.4,102.8,102.1,102.5,5111.0
2019-03-27 14:00:00,NSE:KITEX,102.5,102.8,102.15,102.75,3524.0
2019-03-27 15:00:00,NSE:KITEX,102.75,102.75,102.0,102.5,8994.0
2019-03-28 09:00:00,NSE:KITEX,101.0,103.65,101.0,101.8,4203.0
2019-03-28 10:00:00,NSE:KITEX,101.85,102.5,101.3,101.6,21774.0
2019-03-28 11:00:00,NSE:KITEX,101.75,103.3,101.35,101.7,11225.0
2019-03-28 12:00:00,NSE:KITEX,101.5,102.55,101.3,102.25,5193.0
2019-03-28 13:00:00,NSE:KITEX,102.25,102.55,102.1,102.45,5809.0
2019-03-28 14:00:00,NSE:KITEX,102.2,102.5,101.7,102.1,6800.0
2019-03-28 15:00:00,NSE:KITEX,101.85,102.7,101.8,102.25,33418.0
2019-03-29 09:00:00,NSE:KITEX,103.0,103.5,102.5,102.5,9030.0
2019-03-29 10:00:00,NSE:KITEX,102.15,102.3,101.7,101.75,9619.0
2019-03-29 11:00:00,NSE:KITEX,101.7,101.85,101.65,101.8,3787.0
2019-03-29 12:00:00,NSE:KITEX,101.85,102.25,101.7,102.25,8443.0
2019-03-29 13:00:00,NSE:KITEX,102.3,102.65,101.9,102.1,3398.0
2019-03-29 14:00:00,NSE:KITEX,102.1,102.5,102.0,102.35,7123.0
2019-03-29 15:00:00,NSE:KITEX,102.35,102.55,101.4,102.2,36448.0
2019-04-01 09:00:00,NSE:KITEX,103.95,103.95,102.55,103.0,10079.0
2019-04-01 10:00:00,NSE:KITEX,103.1,107.2,103.0,106.25,36534.0
2019-04-01 11:00:00,NSE:KITEX,106.0,108.0,105.75,107.45,75514.0
2019-04-01 12:00:00,NSE:KITEX,107.65,107.95,106.8,107.0,24414.0
2019-04-01 13:00:00,NSE:KITEX,107.15,107.5,106.9,107.5,16322.0
2019-04-01 14:00:00,NSE:KITEX,107.4,107.5,106.9,107.1,8785.0
2019-04-01 15:00:00,NSE:KITEX,107.35,108.0,107.05,108.0,16266.0
2019-04-02 09:00:00,NSE:KITEX,107.55,108.35,106.1,106.8,11798.0
2019-04-02 10:00:00,NSE:KITEX,106.8,107.0,106.25,106.9,3741.0
2019-04-02 11:00:00,NSE:KITEX,107.0,107.0,106.45,106.65,6947.0
2019-04-02 12:00:00,NSE:KITEX,106.65,106.85,106.4,106.85,1966.0
2019-04-02 13:00:00,NSE:KITEX,106.55,106.85,106.55,106.8,1106.0
2019-04-02 14:00:00,NSE:KITEX,106.5,106.5,103.15,105.0,25927.0
2019-04-02 15:00:00,NSE:KITEX,105.1,105.7,105.0,105.4,5956.0
2019-04-03 09:00:00,NSE:KITEX,106.15,106.75,104.05,106.0,7378.0
2019-04-03 10:00:00,NSE:KITEX,105.9,106.5,105.65,105.65,2768.0
2019-04-03 11:00:00,NSE:KITEX,105.8,105.95,104.5,104.8,4772.0
2019-04-03 12:00:00,NSE:KITEX,104.6,105.65,104.55,104.8,10605.0
2019-04-03 13:00:00,NSE:KITEX,104.7,105.15,104.55,105.1,2421.0
2019-04-03 14:00:00,NSE:KITEX,105.05,105.25,104.05,104.05,3160.0
2019-04-03 15:00:00,NSE:KITEX,104.05,105.15,104.05,104.65,3050.0
2019-04-04 09:00:00,NSE:KITEX,104.7,105.0,103.9,103.9,4626.0
2019-04-04 10:00:00,NSE:KITEX,103.85,106.0,103.6,104.2,6059.0
2019-04-04 11:00:00,NSE:KITEX,104.3,105.0,104.3,104.5,454.0
2019-04-04 12:00:00,NSE:KITEX,104.5,104.55,104.05,104.55,1041.0
2019-04-04 13:00:00,NSE:KITEX,104.55,104.55,103.8,103.8,7786.0
2019-04-04 14:00:00,NSE:KITEX,103.8,103.95,102.75,103.55,6041.0
2019-04-04 15:00:00,NSE:KITEX,103.4,104.15,103.0,103.3,7691.0
2019-04-05 09:00:00,NSE:KITEX,104.0,105.55,103.9,105.3,5536.0
2019-04-05 10:00:00,NSE:KITEX,105.45,105.85,105.3,105.3,4708.0
2019-04-05 11:00:00,NSE:KITEX,105.6,106.25,105.25,105.55,9640.0
2019-04-05 12:00:00,NSE:KITEX,105.55,105.75,105.0,105.0,3247.0
2019-04-05 13:00:00,NSE:KITEX,104.7,105.75,104.7,105.75,1494.0
2019-04-05 14:00:00,NSE:KITEX,105.7,105.9,103.5,104.0,14454.0
2019-04-05 15:00:00,NSE:KITEX,104.0,104.05,102.85,103.3,18441.0
2019-04-08 09:00:00,NSE:KITEX,103.3,104.6,103.15,103.65,14740.0
2019-04-08 10:00:00,NSE:KITEX,103.65,104.75,103.45,104.0,11884.0
2019-04-08 11:00:00,NSE:KITEX,103.9,104.45,103.8,104.0,2901.0
2019-04-08 12:00:00,NSE:KITEX,103.9,104.1,103.55,104.1,2928.0
2019-04-08 13:00:00,NSE:KITEX,104.0,104.1,102.7,103.3,14348.0
2019-04-08 14:00:00,NSE:KITEX,103.1,103.5,102.85,102.85,3698.0
2019-04-08 15:00:00,NSE:KITEX,102.95,104.0,102.9,103.25,6909.0
2019-04-09 09:00:00,NSE:KITEX,103.2,104.0,103.0,103.4,3700.0
2019-04-09 10:00:00,NSE:KITEX,103.65,103.9,102.95,103.0,5248.0
2019-04-09 11:00:00,NSE:KITEX,103.0,103.0,102.75,102.75,5466.0
2019-04-09 12:00:00,NSE:KITEX,102.8,103.0,102.55,102.55,2599.0
2019-04-09 13:00:00,NSE:KITEX,102.85,103.0,102.85,103.0,3329.0
2019-04-09 14:00:00,NSE:KITEX,103.0,103.5,102.7,103.45,10138.0
2019-04-09 15:00:00,NSE:KITEX,103.45,103.45,103.0,103.2,3839.0
2019-04-10 09:00:00,NSE:KITEX,102.2,107.25,102.2,104.4,17739.0
2019-04-10 10:00:00,NSE:KITEX,104.2,104.4,103.0,104.15,10717.0
2019-04-10 11:00:00,NSE:KITEX,104.15,104.25,104.0,104.0,1655.0
2019-04-10 12:00:00,NSE:KITEX,104.0,104.25,104.0,104.25,5320.0
2019-04-10 13:00:00,NSE:KITEX,104.45,104.45,104.0,104.0,1977.0
2019-04-10 14:00:00,NSE:KITEX,104.1,104.45,104.0,104.45,2968.0
2019-04-10 15:00:00,NSE:KITEX,104.3,104.9,104.05,104.4,5005.0
2019-04-11 09:00:00,NSE:KITEX,104.4,104.75,103.95,104.0,2755.0
2019-04-11 10:00:00,NSE:KITEX,104.0,105.75,103.95,104.35,12782.0
2019-04-11 11:00:00,NSE:KITEX,104.3,105.0,104.25,104.75,4052.0
2019-04-11 12:00:00,NSE:KITEX,104.2,104.95,104.2,104.8,2899.0
2019-04-11 13:00:00,NSE:KITEX,104.8,104.8,104.15,104.2,1535.0
2019-04-11 14:00:00,NSE:KITEX,104.3,104.9,104.25,104.75,2631.0
2019-04-11 15:00:00,NSE:KITEX,104.7,104.95,104.15,104.2,5070.0
2019-04-12 09:00:00,NSE:KITEX,104.95,105.8,104.95,105.5,5588.0
2019-04-12 10:00:00,NSE:KITEX,105.5,105.95,104.95,105.2,3540.0
2019-04-12 11:00:00,NSE:KITEX,105.35,105.35,104.8,104.8,1080.0
2019-04-12 12:00:00,NSE:KITEX,104.9,104.9,104.55,104.55,2453.0
2019-04-12 13:00:00,NSE:KITEX,104.55,104.8,104.5,104.75,1327.0
2019-04-12 14:00:00,NSE:KITEX,104.8,104.8,104.35,104.35,1914.0
2019-04-12 15:00:00,NSE:KITEX,104.35,104.75,104.0,104.7,4959.0
2019-04-15 09:00:00,NSE:KITEX,104.7,106.6,103.1,106.05,15260.0
2019-04-15 10:00:00,NSE:KITEX,106.0,106.1,105.05,105.4,5260.0
2019-04-15 11:00:00,NSE:KITEX,105.5,105.5,103.1,104.3,13602.0
2019-04-15 12:00:00,NSE:KITEX,104.1,105.3,104.1,105.1,3297.0
2019-04-15 13:00:00,NSE:KITEX,105.1,105.25,104.6,104.6,1108.0
2019-04-15 14:00:00,NSE:KITEX,104.6,104.7,104.35,104.6,1706.0
2019-04-15 15:00:00,NSE:KITEX,104.6,104.6,103.1,103.65,6179.0
2019-04-16 09:00:00,NSE:KITEX,104.9,105.55,104.1,105.2,6834.0
2019-04-16 10:00:00,NSE:KITEX,104.95,105.4,103.65,104.6,14438.0
2019-04-16 11:00:00,NSE:KITEX,104.15,105.05,104.0,105.0,6874.0
2019-04-16 12:00:00,NSE:KITEX,105.0,105.45,104.25,105.15,10162.0
2019-04-16 13:00:00,NSE:KITEX,105.15,105.25,105.15,105.15,1291.0
2019-04-16 14:00:00,NSE:KITEX,105.2,105.2,104.95,105.15,2073.0
2019-04-16 15:00:00,NSE:KITEX,105.05,105.05,104.15,104.55,4934.0
2019-04-18 09:00:00,NSE:KITEX,104.55,105.7,104.55,105.0,9333.0
2019-04-18 10:00:00,NSE:KITEX,104.8,104.9,104.4,104.4,2276.0
2019-04-18 11:00:00,NSE:KITEX,104.7,105.15,104.65,104.7,15056.0
2019-04-18 12:00:00,NSE:KITEX,104.7,105.0,104.4,104.5,6731.0
2019-04-18 13:00:00,NSE:KITEX,104.4,104.5,103.7,104.05,7866.0
2019-04-18 14:00:00,NSE:KITEX,104.0,105.05,104.0,104.5,5443.0
2019-04-18 15:00:00,NSE:KITEX,104.6,104.6,103.55,103.95,5651.0
2019-04-22 09:00:00,NSE:KITEX,103.9,103.9,103.05,103.75,3656.0
2019-04-22 10:00:00,NSE:KITEX,103.5,103.9,101.95,102.25,14948.0
2019-04-22 11:00:00,NSE:KITEX,102.25,102.25,100.45,100.75,14321.0
2019-04-22 12:00:00,NSE:KITEX,101.0,101.8,101.0,101.5,2926.0
2019-04-22 13:00:00,NSE:KITEX,101.5,102.0,101.05,101.8,4549.0
2019-04-22 14:00:00,NSE:KITEX,101.8,101.8,101.4,101.4,2315.0
2019-04-22 15:00:00,NSE:KITEX,101.5,102.0,101.0,101.6,8092.0
2019-04-23 09:00:00,NSE:KITEX,101.0,102.95,101.0,102.9,9025.0
2019-04-23 10:00:00,NSE:KITEX,102.9,103.5,102.15,103.0,3986.0
2019-04-23 11:00:00,NSE:KITEX,103.0,103.5,103.0,103.2,2537.0
2019-04-23 12:00:00,NSE:KITEX,103.4,104.15,103.2,104.15,4699.0
2019-04-23 13:00:00,NSE:KITEX,104.2,104.85,103.4,103.95,11550.0
2019-04-23 14:00:00,NSE:KITEX,103.5,103.75,101.75,101.75,13958.0
2019-04-23 15:00:00,NSE:KITEX,101.85,102.1,101.55,102.1,4177.0
2019-04-24 09:00:00,NSE:KITEX,102.25,103.1,102.0,102.0,7875.0
2019-04-24 10:00:00,NSE:KITEX,102.0,102.0,101.2,101.7,7779.0
2019-04-24 11:00:00,NSE:KITEX,101.75,101.75,100.75,101.15,4277.0
2019-04-24 12:00:00,NSE:KITEX,101.5,101.8,101.5,101.7,1929.0
2019-04-24 13:00:00,NSE:KITEX,101.8,101.8,100.5,100.9,8964.0
2019-04-24 14:00:00,NSE:KITEX,100.9,101.8,100.35,100.9,19321.0
2019-04-24 15:00:00,NSE:KITEX,100.9,101.2,100.2,100.9,8140.0
2019-04-25 09:00:00,NSE:KITEX,102.9,102.9,101.45,102.0,5369.0
2019-04-25 10:00:00,NSE:KITEX,102.3,102.3,101.5,101.85,4369.0
2019-04-25 11:00:00,NSE:KITEX,102.0,102.0,101.6,101.65,1309.0
2019-04-25 12:00:00,NSE:KITEX,101.65,101.85,100.5,100.7,9476.0
2019-04-25 13:00:00,NSE:KITEX,101.0,101.7,100.6,100.9,16827.0
2019-04-25 14:00:00,NSE:KITEX,100.6,101.3,100.0,100.6,6815.0
2019-04-25 15:00:00,NSE:KITEX,100.65,101.0,100.6,100.8,5239.0
2019-04-26 09:00:00,NSE:KITEX,101.05,103.0,101.05,102.0,5021.0
2019-04-26 10:00:00,NSE:KITEX,101.95,101.95,101.4,101.4,3779.0
2019-04-26 11:00:00,NSE:KITEX,101.45,101.7,101.05,101.1,2199.0
2019-04-26 12:00:00,NSE:KITEX,101.1,101.65,100.75,101.0,3294.0
2019-04-26 13:00:00,NSE:KITEX,101.0,101.0,100.1,100.4,4425.0
2019-04-26 14:00:00,NSE:KITEX,100.4,100.5,100.25,100.5,1556.0
2019-04-26 15:00:00,NSE:KITEX,100.35,100.5,100.05,100.45,3729.0
2019-04-30 09:00:00,NSE:KITEX,100.0,100.25,97.0,98.45,8581.0
2019-04-30 10:00:00,NSE:KITEX,98.5,98.7,98.05,98.7,2262.0
2019-04-30 11:00:00,NSE:KITEX,98.7,99.45,98.65,99.35,2655.0
2019-04-30 12:00:00,NSE:KITEX,99.0,99.3,98.65,99.0,1082.0
2019-04-30 13:00:00,NSE:KITEX,99.0,99.25,98.95,98.95,484.0
2019-04-30 14:00:00,NSE:KITEX,99.05,99.3,98.75,99.05,4786.0
2019-04-30 15:00:00,NSE:KITEX,99.25,99.95,98.75,98.75,4557.0
2019-05-02 09:00:00,NSE:KITEX,99.0,99.85,98.4,98.9,4335.0
2019-05-02 10:00:00,NSE:KITEX,98.9,100.5,98.4,99.9,9982.0
2019-05-02 11:00:00,NSE:KITEX,99.95,99.95,98.8,98.8,7759.0
2019-05-02 12:00:00,NSE:KITEX,98.95,99.4,98.6,99.4,1631.0
2019-05-02 13:00:00,NSE:KITEX,99.25,99.55,99.0,99.35,1172.0
2019-05-02 14:00:00,NSE:KITEX,99.05,99.2,99.05,99.1,1839.0
2019-05-02 15:00:00,NSE:KITEX,99.05,99.45,99.0,99.0,3385.0
2019-05-03 09:00:00,NSE:KITEX,101.65,101.65,99.0,99.55,5026.0
2019-05-03 10:00:00,NSE:KITEX,99.8,100.35,99.5,100.1,2660.0
2019-05-03 11:00:00,NSE:KITEX,100.1,100.35,100.05,100.25,769.0
2019-05-03 12:00:00,NSE:KITEX,100.2,100.25,100.05,100.25,1598.0
2019-05-03 13:00:00,NSE:KITEX,100.1,100.3,99.6,99.8,3491.0
2019-05-03 14:00:00,NSE:KITEX,99.2,100.0,99.0,99.55,4505.0
2019-05-03 15:00:00,NSE:KITEX,99.55,99.55,98.4,99.05,3381.0
2019-05-06 09:00:00,NSE:KITEX,99.05,99.6,98.0,98.6,7520.0
2019-05-06 10:00:00,NSE:KITEX,98.9,99.35,98.9,99.0,1147.0
2019-05-06 11:00:00,NSE:KITEX,98.9,99.75,98.9,99.3,1365.0
2019-05-06 12:00:00,NSE:KITEX,99.3,99.3,99.0,99.1,306.0
2019-05-06 13:00:00,NSE:KITEX,99.1,99.1,99.0,99.0,603.0
2019-05-06 14:00:00,NSE:KITEX,99.05,99.05,99.0,99.0,3677.0
2019-05-06 15:00:00,NSE:KITEX,99.05,99.05,98.6,98.9,4493.0
2019-05-07 09:00:00,NSE:KITEX,97.3,98.4,97.05,98.1,4339.0
2019-05-07 10:00:00,NSE:KITEX,98.05,98.4,98.0,98.0,2626.0
2019-05-07 11:00:00,NSE:KITEX,98.1,98.4,98.0,98.1,2811.0
2019-05-07 12:00:00,NSE:KITEX,98.05,98.05,98.0,98.05,1245.0
2019-05-07 13:00:00,NSE:KITEX,98.05,98.25,98.05,98.25,4979.0
2019-05-07 14:00:00,NSE:KITEX,98.2,98.6,98.1,98.25,4563.0
2019-05-07 15:00:00,NSE:KITEX,98.3,98.7,98.0,98.0,5559.0
2019-05-08 09:00:00,NSE:KITEX,97.8,99.05,97.8,98.55,2789.0
2019-05-08 10:00:00,NSE:KITEX,98.9,99.1,98.55,98.55,5431.0
2019-05-08 11:00:00,NSE:KITEX,98.65,98.8,98.45,98.45,3632.0
2019-05-08 12:00:00,NSE:KITEX,98.75,98.95,98.3,98.4,1896.0
2019-05-08 13:00:00,NSE:KITEX,98.15,98.4,98.0,98.25,2982.0
2019-05-08 14:00:00,NSE:KITEX,98.35,98.35,98.0,98.25,5424.0
2019-05-08 15:00:00,NSE:KITEX,98.0,98.5,97.15,97.2,6104.0
2019-05-09 09:00:00,NSE:KITEX,97.5,97.5,96.2,96.55,3041.0
2019-05-09 10:00:00,NSE:KITEX,96.5,97.5,96.45,97.5,4709.0
2019-05-09 11:00:00,NSE:KITEX,97.05,97.05,96.0,96.8,2149.0
2019-05-09 12:00:00,NSE:KITEX,97.0,97.0,96.8,97.0,2091.0
2019-05-09 13:00:00,NSE:KITEX,97.0,97.5,96.8,97.35,2889.0
2019-05-09 14:00:00,NSE:KITEX,97.3,97.35,96.65,96.65,4427.0
2019-05-09 15:00:00,NSE:KITEX,96.2,97.0,96.0,97.0,7529.0
2019-05-10 09:00:00,NSE:KITEX,96.0,97.35,96.0,96.95,2676.0
2019-05-10 10:00:00,NSE:KITEX,97.0,97.0,96.9,96.95,4016.0
2019-05-10 11:00:00,NSE:KITEX,96.9,97.0,96.9,97.0,2851.0
2019-05-10 12:00:00,NSE:KITEX,96.95,96.95,96.7,96.75,1910.0
2019-05-10 13:00:00,NSE:KITEX,96.9,97.0,96.7,96.95,2185.0
2019-05-10 14:00:00,NSE:KITEX,96.7,96.9,96.05,96.05,1838.0
2019-05-10 15:00:00,NSE:KITEX,96.3,96.5,95.75,96.1,2956.0
2019-05-13 09:00:00,NSE:KITEX,95.55,96.5,94.75,95.0,3945.0
2019-05-13 10:00:00,NSE:KITEX,95.45,95.65,95.0,95.3,1018.0
2019-05-13 11:00:00,NSE:KITEX,95.2,95.2,93.75,94.0,5962.0
2019-05-13 12:00:00,NSE:KITEX,94.0,94.25,93.6,94.25,2473.0
2019-05-13 13:00:00,NSE:KITEX,94.5,94.85,94.5,94.5,3419.0
2019-05-13 14:00:00,NSE:KITEX,94.5,94.65,93.85,93.85,691.0
2019-05-13 15:00:00,NSE:KITEX,93.85,93.9,93.0,93.9,6051.0
2019-05-14 09:00:00,NSE:KITEX,94.0,95.0,91.35,92.8,4980.0
2019-05-14 10:00:00,NSE:KITEX,92.75,93.15,92.75,93.05,3126.0
2019-05-14 11:00:00,NSE:KITEX,93.0,93.05,92.1,92.15,4504.0
2019-05-14 12:00:00,NSE:KITEX,92.65,92.7,92.15,92.45,497.0
2019-05-14 13:00:00,NSE:KITEX,92.45,93.0,92.25,93.0,833.0
2019-05-14 14:00:00,NSE:KITEX,92.95,93.1,92.3,93.0,7063.0
2019-05-14 15:00:00,NSE:KITEX,93.0,93.5,93.0,93.5,2544.0
2019-05-15 09:00:00,NSE:KITEX,92.0,93.95,92.0,93.15,1925.0
2019-05-15 10:00:00,NSE:KITEX,93.15,93.65,93.0,93.45,3545.0
2019-05-15 11:00:00,NSE:KITEX,93.3,93.5,93.0,93.0,807.0
2019-05-15 12:00:00,NSE:KITEX,93.0,93.35,91.7,91.75,5362.0
2019-05-15 13:00:00,NSE:KITEX,91.65,91.75,90.8,91.1,6079.0
2019-05-15 14:00:00,NSE:KITEX,91.1,91.9,91.0,91.0,4144.0
2019-05-15 15:00:00,NSE:KITEX,91.0,92.0,91.0,91.15,7648.0
2019-05-16 09:00:00,NSE:KITEX,91.1,92.4,91.1,92.35,4074.0
2019-05-16 10:00:00,NSE:KITEX,92.3,92.35,91.85,91.85,5787.0
2019-05-16 11:00:00,NSE:KITEX,91.85,92.0,91.8,91.9,2599.0
2019-05-16 12:00:00,NSE:KITEX,91.9,91.9,91.6,91.6,1945.0
2019-05-16 13:00:00,NSE:KITEX,91.7,91.95,91.55,91.95,1860.0
2019-05-16 14:00:00,NSE:KITEX,91.7,93.0,91.7,92.55,9808.0
2019-05-16 15:00:00,NSE:KITEX,92.5,92.75,92.3,92.75,2306.0
2019-05-17 09:00:00,NSE:KITEX,92.45,93.15,92.45,92.8,3134.0
2019-05-17 10:00:00,NSE:KITEX,93.1,109.4,93.1,104.9,129896.0
2019-05-17 11:00:00,NSE:KITEX,104.55,104.85,102.0,103.45,45925.0
2019-05-17 12:00:00,NSE:KITEX,103.45,106.45,102.2,105.3,53719.0
2019-05-17 13:00:00,NSE:KITEX,105.05,105.1,102.75,102.75,31174.0
2019-05-17 14:00:00,NSE:KITEX,102.9,104.1,102.15,102.55,23591.0
2019-05-17 15:00:00,NSE:KITEX,102.6,104.3,100.25,102.1,38596.0
2019-05-20 09:00:00,NSE:KITEX,105.5,107.0,101.0,106.1,55483.0
2019-05-20 10:00:00,NSE:KITEX,106.0,106.6,105.15,105.9,21667.0
2019-05-20 11:00:00,NSE:KITEX,105.9,106.3,104.25,105.35,10556.0
2019-05-20 12:00:00,NSE:KITEX,105.25,107.75,105.15,107.1,29110.0
2019-05-20 13:00:00,NSE:KITEX,107.1,108.85,106.3,106.95,20647.0
2019-05-20 14:00:00,NSE:KITEX,106.8,108.45,106.3,108.4,21385.0
2019-05-20 15:00:00,NSE:KITEX,108.45,119.85,107.15,114.5,355933.0
2019-05-21 09:00:00,NSE:KITEX,114.0,114.9,110.0,110.1,70187.0
2019-05-21 10:00:00,NSE:KITEX,110.8,112.45,109.3,110.15,23022.0
2019-05-21 11:00:00,NSE:KITEX,110.3,111.1,110.0,110.5,7457.0
2019-05-21 12:00:00,NSE:KITEX,110.5,110.5,109.1,109.5,8065.0
2019-05-21 13:00:00,NSE:KITEX,109.5,109.75,107.1,108.3,18703.0
2019-05-21 14:00:00,NSE:KITEX,108.3,108.4,107.5,108.0,6159.0
2019-05-21 15:00:00,NSE:KITEX,108.2,108.5,107.15,107.7,15937.0
2019-05-22 09:00:00,NSE:KITEX,109.9,114.55,109.25,110.7,90673.0
2019-05-22 10:00:00,NSE:KITEX,110.95,111.65,110.65,111.0,16793.0
2019-05-22 11:00:00,NSE:KITEX,111.0,111.35,110.05,110.9,15998.0
2019-05-22 12:00:00,NSE:KITEX,110.7,111.0,110.0,110.0,23727.0
2019-05-22 13:00:00,NSE:KITEX,110.3,110.85,109.15,110.45,19857.0
2019-05-22 14:00:00,NSE:KITEX,110.4,110.7,109.75,110.1,12002.0
2019-05-22 15:00:00,NSE:KITEX,110.2,110.25,108.05,109.3,23264.0
2019-05-23 09:00:00,NSE:KITEX,110.6,113.5,110.6,111.5,31377.0
2019-05-23 10:00:00,NSE:KITEX,111.7,112.7,111.05,112.35,49479.0
2019-05-23 11:00:00,NSE:KITEX,112.1,112.3,110.4,110.65,23866.0
2019-05-23 12:00:00,NSE:KITEX,110.65,110.9,109.5,110.0,11074.0
2019-05-23 13:00:00,NSE:KITEX,109.95,110.4,108.75,109.0,5118.0
2019-05-23 14:00:00,NSE:KITEX,109.0,109.7,107.6,108.45,21256.0
2019-05-23 15:00:00,NSE:KITEX,109.0,110.5,108.4,109.6,18801.0
2019-05-24 09:00:00,NSE:KITEX,109.6,115.0,109.6,115.0,74178.0
2019-05-24 10:00:00,NSE:KITEX,115.0,115.5,112.25,113.6,60505.0
2019-05-24 11:00:00,NSE:KITEX,113.6,114.9,113.55,113.55,26662.0
2019-05-24 12:00:00,NSE:KITEX,113.55,114.0,113.25,114.0,11920.0
2019-05-24 13:00:00,NSE:KITEX,113.85,114.0,113.0,113.0,10207.0
2019-05-24 14:00:00,NSE:KITEX,113.1,114.25,112.6,114.0,22603.0
2019-05-24 15:00:00,NSE:KITEX,113.9,114.5,113.5,113.9,44270.0
2019-05-27 09:00:00,NSE:KITEX,113.9,114.75,112.7,113.5,26221.0
2019-05-27 10:00:00,NSE:KITEX,113.0,113.55,111.1,112.15,22510.0
2019-05-27 11:00:00,NSE:KITEX,112.0,115.0,111.7,113.85,29360.0
2019-05-27 12:00:00,NSE:KITEX,113.85,114.4,113.05,113.15,5011.0
2019-05-27 13:00:00,NSE:KITEX,113.05,113.05,112.5,112.7,5087.0
2019-05-27 14:00:00,NSE:KITEX,113.0,113.25,112.0,112.0,10014.0
2019-05-27 15:00:00,NSE:KITEX,111.9,112.55,111.1,111.75,21421.0
2019-05-28 09:00:00,NSE:KITEX,111.85,114.0,111.85,112.5,24402.0
2019-05-28 10:00:00,NSE:KITEX,112.35,113.0,112.0,112.6,4470.0
2019-05-28 11:00:00,NSE:KITEX,112.6,112.85,111.0,111.9,14652.0
2019-05-28 12:00:00,NSE:KITEX,111.9,111.95,111.0,111.0,13496.0
2019-05-28 13:00:00,NSE:KITEX,111.1,111.85,111.0,111.4,4823.0
2019-05-28 14:00:00,NSE:KITEX,111.2,111.5,110.6,110.65,12427.0
2019-05-28 15:00:00,NSE:KITEX,110.6,111.0,110.6,110.75,11712.0
2019-05-29 09:00:00,NSE:KITEX,111.5,111.5,110.5,110.55,5089.0
2019-05-29 10:00:00,NSE:KITEX,110.5,111.0,110.1,110.15,3891.0
2019-05-29 11:00:00,NSE:KITEX,110.15,113.85,110.1,113.5,33216.0
2019-05-29 12:00:00,NSE:KITEX,113.5,113.75,112.7,112.75,22787.0
2019-05-29 13:00:00,NSE:KITEX,113.0,113.25,112.45,113.2,23261.0
2019-05-29 14:00:00,NSE:KITEX,113.0,113.25,110.25,111.5,27683.0
2019-05-29 15:00:00,NSE:KITEX,111.45,111.5,108.95,109.8,35074.0
2019-05-30 09:00:00,NSE:KITEX,109.55,112.0,109.55,111.5,14656.0
2019-05-30 10:00:00,NSE:KITEX,111.5,111.7,111.0,111.3,8282.0
2019-05-30 11:00:00,NSE:KITEX,111.05,111.8,111.05,111.35,3867.0
2019-05-30 12:00:00,NSE:KITEX,111.35,111.75,111.0,111.7,7875.0
2019-05-30 13:00:00,NSE:KITEX,111.7,111.85,110.9,110.9,3667.0
2019-05-30 14:00:00,NSE:KITEX,110.9,110.9,110.15,110.4,6696.0
2019-05-30 15:00:00,NSE:KITEX,110.4,111.0,110.1,110.9,12974.0
2019-05-31 09:00:00,NSE:KITEX,109.2,113.2,109.2,112.5,22201.0
2019-05-31 10:00:00,NSE:KITEX,112.5,113.0,111.8,112.55,11054.0
2019-05-31 11:00:00,NSE:KITEX,112.45,112.45,111.5,111.75,6342.0
2019-05-31 12:00:00,NSE:KITEX,111.6,111.8,110.4,110.9,7626.0
2019-05-31 13:00:00,NSE:KITEX,110.85,110.9,110.0,110.5,4524.0
2019-05-31 14:00:00,NSE:KITEX,110.5,111.8,110.5,110.65,6181.0
2019-05-31 15:00:00,NSE:KITEX,110.65,111.05,109.3,110.1,19018.0
2019-06-03 09:00:00,NSE:KITEX,110.0,116.4,110.0,115.0,74212.0
2019-06-03 10:00:00,NSE:KITEX,115.1,118.4,114.3,115.7,195411.0
2019-06-03 11:00:00,NSE:KITEX,115.7,117.1,115.0,115.3,37608.0
2019-06-03 12:00:00,NSE:KITEX,115.25,117.0,115.05,115.9,45578.0
2019-06-03 13:00:00,NSE:KITEX,116.0,116.6,112.7,114.45,45651.0
2019-06-03 14:00:00,NSE:KITEX,114.35,114.7,113.5,113.9,22415.0
2019-06-03 15:00:00,NSE:KITEX,113.85,114.3,113.6,113.95,33337.0
2019-06-04 09:00:00,NSE:KITEX,113.8,114.9,113.35,113.8,21235.0
2019-06-04 10:00:00,NSE:KITEX,113.8,114.0,113.35,113.4,10030.0
2019-06-04 11:00:00,NSE:KITEX,112.95,113.8,112.65,113.4,9479.0
2019-06-04 12:00:00,NSE:KITEX,113.45,113.8,112.95,113.05,6358.0
2019-06-04 13:00:00,NSE:KITEX,113.1,113.85,112.95,113.4,3386.0
2019-06-04 14:00:00,NSE:KITEX,113.3,113.85,113.3,113.55,9013.0
2019-06-04 15:00:00,NSE:KITEX,113.65,114.5,113.55,114.5,10767.0
2019-06-06 09:00:00,NSE:KITEX,115.0,115.0,113.5,114.0,22639.0
2019-06-06 10:00:00,NSE:KITEX,113.95,114.25,113.9,114.1,6404.0
2019-06-06 11:00:00,NSE:KITEX,114.1,114.25,113.9,114.05,5545.0
2019-06-06 12:00:00,NSE:KITEX,114.05,114.1,113.4,114.0,15282.0
2019-06-06 13:00:00,NSE:KITEX,114.0,114.1,112.95,113.15,12257.0
2019-06-06 14:00:00,NSE:KITEX,112.85,113.25,112.8,112.85,7230.0
2019-06-06 15:00:00,NSE:KITEX,112.85,113.1,112.1,112.6,11691.0
2019-06-07 09:00:00,NSE:KITEX,113.0,113.6,112.85,113.3,9316.0
2019-06-07 10:00:00,NSE:KITEX,113.45,113.7,113.3,113.5,1849.0
2019-06-07 11:00:00,NSE:KITEX,113.4,113.6,112.0,113.25,9931.0
2019-06-07 12:00:00,NSE:KITEX,113.25,113.3,113.25,113.25,3154.0
2019-06-07 13:00:00,NSE:KITEX,113.25,113.3,113.0,113.15,4634.0
2019-06-07 14:00:00,NSE:KITEX,113.15,114.15,113.15,113.5,11515.0
2019-06-07 15:00:00,NSE:KITEX,113.5,113.8,113.25,113.3,5331.0
2019-06-10 09:00:00,NSE:KITEX,111.7,114.75,111.7,112.6,10306.0
2019-06-10 10:00:00,NSE:KITEX,112.65,112.85,111.7,111.85,9237.0
2019-06-10 11:00:00,NSE:KITEX,111.85,112.15,111.7,111.7,3183.0
2019-06-10 12:00:00,NSE:KITEX,111.7,111.9,111.25,111.35,2198.0
2019-06-10 13:00:00,NSE:KITEX,111.4,111.55,111.25,111.25,1803.0
2019-06-10 14:00:00,NSE:KITEX,111.4,112.0,111.4,111.6,5172.0
2019-06-10 15:00:00,NSE:KITEX,111.6,112.5,111.5,111.5,10297.0
2019-06-11 09:00:00,NSE:KITEX,112.0,112.15,110.9,111.15,4794.0
2019-06-11 10:00:00,NSE:KITEX,111.4,111.4,108.05,110.15,25520.0
2019-06-11 11:00:00,NSE:KITEX,110.35,110.4,109.65,109.7,2313.0
2019-06-11 12:00:00,NSE:KITEX,109.75,109.75,107.0,107.1,19332.0
2019-06-11 13:00:00,NSE:KITEX,107.4,108.0,107.0,108.0,5225.0
2019-06-11 14:00:00,NSE:KITEX,107.7,108.45,107.7,107.9,5404.0
2019-06-11 15:00:00,NSE:KITEX,107.85,107.9,107.0,107.05,9578.0
2019-06-12 09:00:00,NSE:KITEX,108.6,108.6,107.3,108.0,7401.0
2019-06-12 10:00:00,NSE:KITEX,108.0,108.0,107.5,107.55,3900.0
2019-06-12 11:00:00,NSE:KITEX,107.6,107.75,107.1,107.3,6835.0
2019-06-12 12:00:00,NSE:KITEX,107.3,107.65,106.5,106.75,6139.0
2019-06-12 13:00:00,NSE:KITEX,106.7,107.2,106.7,106.85,2312.0
2019-06-12 14:00:00,NSE:KITEX,106.85,107.0,106.6,106.7,3221.0
2019-06-12 15:00:00,NSE:KITEX,106.6,106.6,105.75,106.05,10311.0
2019-06-13 09:00:00,NSE:KITEX,108.0,108.0,103.5,103.75,14484.0
2019-06-13 10:00:00,NSE:KITEX,103.75,104.55,96.5,100.3,61725.0
2019-06-13 11:00:00,NSE:KITEX,100.1,100.45,99.0,99.4,13335.0
2019-06-13 12:00:00,NSE:KITEX,99.4,99.7,99.0,99.4,7137.0
2019-06-13 13:00:00,NSE:KITEX,99.55,100.95,99.55,100.75,5334.0
2019-06-13 14:00:00,NSE:KITEX,100.75,101.8,100.4,101.0,15175.0
2019-06-13 15:00:00,NSE:KITEX,101.25,102.35,100.0,100.45,19199.0
2019-06-14 09:00:00,NSE:KITEX,100.45,101.85,99.05,99.55,4336.0
2019-06-14 10:00:00,NSE:KITEX,99.55,100.9,99.15,99.95,9921.0
2019-06-14 11:00:00,NSE:KITEX,99.85,100.3,99.85,99.95,2562.0
2019-06-14 12:00:00,NSE:KITEX,99.9,100.15,99.75,99.75,4269.0
2019-06-14 13:00:00,NSE:KITEX,99.7,100.35,99.55,99.7,4932.0
2019-06-14 14:00:00,NSE:KITEX,99.65,100.0,99.35,100.0,2816.0
2019-06-14 15:00:00,NSE:KITEX,99.8,100.0,99.0,99.25,23479.0
2019-06-17 09:00:00,NSE:KITEX,103.9,103.9,99.4,99.7,3400.0
2019-06-17 10:00:00,NSE:KITEX,99.75,100.85,99.6,100.65,3137.0
2019-06-17 11:00:00,NSE:KITEX,100.65,100.7,99.65,99.65,3456.0
2019-06-17 12:00:00,NSE:KITEX,99.65,100.0,99.4,99.9,1400.0
2019-06-17 13:00:00,NSE:KITEX,100.0,100.0,99.25,99.4,2361.0
2019-06-17 14:00:00,NSE:KITEX,99.45,100.0,99.45,99.7,2416.0
2019-06-17 15:00:00,NSE:KITEX,99.7,99.7,98.0,98.0,7650.0
2019-06-18 09:00:00,NSE:KITEX,98.8,99.35,96.8,98.3,3983.0
2019-06-18 10:00:00,NSE:KITEX,98.5,101.0,98.5,99.8,14345.0
2019-06-18 11:00:00,NSE:KITEX,99.5,100.9,98.85,99.0,8731.0
2019-06-18 12:00:00,NSE:KITEX,99.0,99.4,98.8,99.35,2340.0
2019-06-18 13:00:00,NSE:KITEX,99.25,100.9,99.15,100.05,7533.0
2019-06-18 14:00:00,NSE:KITEX,100.0,100.5,99.0,99.4,5842.0
2019-06-18 15:00:00,NSE:KITEX,99.5,100.0,99.4,99.4,5450.0
2019-06-19 09:00:00,NSE:KITEX,100.2,100.5,99.7,100.05,2719.0
2019-06-19 10:00:00,NSE:KITEX,100.0,100.35,99.5,99.7,2685.0
2019-06-19 11:00:00,NSE:KITEX,99.65,99.65,95.15,96.6,14165.0
2019-06-19 12:00:00,NSE:KITEX,96.85,97.5,94.65,97.1,11697.0
2019-06-19 13:00:00,NSE:KITEX,97.05,99.6,96.45,96.7,10797.0
2019-06-19 14:00:00,NSE:KITEX,96.65,96.75,96.0,96.4,3977.0
2019-06-19 15:00:00,NSE:KITEX,96.35,99.2,96.25,99.0,4324.0
2019-06-20 09:00:00,NSE:KITEX,98.3,98.3,95.75,96.75,3879.0
2019-06-20 10:00:00,NSE:KITEX,96.2,97.7,96.2,97.5,1523.0
2019-06-20 11:00:00,NSE:KITEX,97.5,99.3,97.25,98.75,4277.0
2019-06-20 12:00:00,NSE:KITEX,98.55,99.65,98.55,98.8,5628.0
2019-06-20 13:00:00,NSE:KITEX,98.85,99.45,98.85,98.95,3260.0
2019-06-20 14:00:00,NSE:KITEX,98.65,102.0,98.65,100.1,17716.0
2019-06-20 15:00:00,NSE:KITEX,100.1,105.0,98.85,100.5,28095.0
2019-06-21 09:00:00,NSE:KITEX,101.0,102.15,99.6,99.75,6711.0
2019-06-21 10:00:00,NSE:KITEX,99.65,100.45,99.65,100.35,3572.0
2019-06-21 11:00:00,NSE:KITEX,99.9,100.5,99.8,100.5,2622.0
2019-06-21 12:00:00,NSE:KITEX,100.5,101.35,100.5,101.25,3357.0
2019-06-21 13:00:00,NSE:KITEX,101.3,101.4,101.0,101.0,2215.0
2019-06-21 14:00:00,NSE:KITEX,101.0,101.55,99.9,100.5,15450.0
2019-06-21 15:00:00,NSE:KITEX,100.5,100.85,100.15,100.85,5681.0
2019-06-24 09:00:00,NSE:KITEX,100.5,100.55,99.75,100.0,2802.0
2019-06-24 10:00:00,NSE:KITEX,100.0,100.55,100.0,100.4,3274.0
2019-06-24 11:00:00,NSE:KITEX,100.0,100.25,99.6,99.6,6915.0
2019-06-24 12:00:00,NSE:KITEX,99.6,100.0,99.15,99.55,3732.0
2019-06-24 13:00:00,NSE:KITEX,99.55,99.9,99.55,99.55,4825.0
2019-06-24 14:00:00,NSE:KITEX,99.55,99.55,99.1,99.5,3690.0
2019-06-24 15:00:00,NSE:KITEX,99.35,99.9,99.35,99.35,3052.0
2019-06-25 09:00:00,NSE:KITEX,99.7,100.0,99.35,100.0,3711.0
2019-06-25 10:00:00,NSE:KITEX,100.0,100.0,97.9,98.85,7350.0
2019-06-25 11:00:00,NSE:KITEX,98.85,99.15,98.55,99.1,1160.0
2019-06-25 12:00:00,NSE:KITEX,98.9,99.15,98.75,99.15,1931.0
2019-06-25 13:00:00,NSE:KITEX,98.8,99.15,98.6,99.0,3257.0
2019-06-25 14:00:00,NSE:KITEX,99.0,99.4,99.0,99.15,2694.0
2019-06-25 15:00:00,NSE:KITEX,99.35,99.8,99.35,99.5,4348.0
2019-06-26 09:00:00,NSE:KITEX,100.0,103.6,100.0,101.05,4067.0
2019-06-26 10:00:00,NSE:KITEX,101.35,101.4,101.05,101.4,2848.0
2019-06-26 11:00:00,NSE:KITEX,101.4,101.85,100.95,101.25,5332.0
2019-06-26 12:00:00,NSE:KITEX,101.25,101.55,101.0,101.5,3954.0
2019-06-26 13:00:00,NSE:KITEX,101.4,102.5,101.4,102.1,4301.0
2019-06-26 14:00:00,NSE:KITEX,102.3,102.8,102.0,102.45,3063.0
2019-06-26 15:00:00,NSE:KITEX,102.25,102.9,102.25,102.4,3656.0
2019-06-27 09:00:00,NSE:KITEX,102.7,103.9,102.7,103.2,1970.0
2019-06-27 10:00:00,NSE:KITEX,103.45,103.5,103.1,103.45,3662.0
2019-06-27 11:00:00,NSE:KITEX,103.45,103.5,103.1,103.15,2724.0
2019-06-27 12:00:00,NSE:KITEX,103.15,103.45,103.0,103.0,2469.0
2019-06-27 13:00:00,NSE:KITEX,102.55,103.5,102.0,103.4,6777.0
2019-06-27 14:00:00,NSE:KITEX,102.65,103.3,102.5,102.6,992.0
2019-06-27 15:00:00,NSE:KITEX,102.75,102.95,101.1,102.15,4056.0
2019-06-28 09:00:00,NSE:KITEX,101.15,103.5,101.15,101.65,2812.0
2019-06-28 10:00:00,NSE:KITEX,101.65,103.0,101.5,102.15,4163.0
2019-06-28 11:00:00,NSE:KITEX,102.0,102.0,100.1,100.5,5961.0
2019-06-28 12:00:00,NSE:KITEX,100.5,101.55,100.4,100.5,1950.0
2019-06-28 13:00:00,NSE:KITEX,100.5,101.55,100.05,100.9,3283.0
2019-06-28 14:00:00,NSE:KITEX,100.8,101.05,99.7,99.7,3358.0
2019-06-28 15:00:00,NSE:KITEX,99.9,100.7,99.5,99.9,6346.0
2019-07-01 09:00:00,NSE:KITEX,99.9,101.95,99.65,100.55,4375.0
2019-07-01 10:00:00,NSE:KITEX,100.55,100.55,100.0,100.45,1826.0
2019-07-01 11:00:00,NSE:KITEX,100.35,100.4,100.0,100.0,2306.0
2019-07-01 12:00:00,NSE:KITEX,99.95,100.3,99.0,100.3,3841.0
2019-07-01 13:00:00,NSE:KITEX,100.05,100.3,99.65,99.75,1673.0
2019-07-01 14:00:00,NSE:KITEX,100.0,100.5,99.7,99.9,795.0
2019-07-01 15:00:00,NSE:KITEX,99.9,100.55,99.9,99.9,4774.0
2019-07-02 09:00:00,NSE:KITEX,99.65,100.35,98.55,99.1,4716.0
2019-07-02 10:00:00,NSE:KITEX,99.1,99.9,98.5,99.65,12820.0
2019-07-02 11:00:00,NSE:KITEX,99.7,99.7,99.0,99.3,492.0
2019-07-02 12:00:00,NSE:KITEX,99.3,99.6,99.05,99.45,1793.0
2019-07-02 13:00:00,NSE:KITEX,99.5,100.0,99.5,100.0,1996.0
2019-07-02 14:00:00,NSE:KITEX,100.0,100.1,99.5,99.55,1305.0
2019-07-02 15:00:00,NSE:KITEX,99.85,100.0,99.5,100.0,1462.0
2019-07-03 09:00:00,NSE:KITEX,100.25,100.95,98.7,99.95,3536.0
2019-07-03 10:00:00,NSE:KITEX,99.95,99.95,99.0,99.7,1852.0
2019-07-03 11:00:00,NSE:KITEX,99.2,99.9,99.2,99.7,987.0
2019-07-03 12:00:00,NSE:KITEX,99.3,99.85,99.3,99.7,2942.0
2019-07-03 13:00:00,NSE:KITEX,99.7,99.9,99.5,99.9,1489.0
2019-07-03 14:00:00,NSE:KITEX,99.7,100.15,99.7,99.7,1569.0
2019-07-03 15:00:00,NSE:KITEX,99.7,100.0,99.5,100.0,5249.0
2019-07-04 09:00:00,NSE:KITEX,99.45,100.6,99.45,100.2,1419.0
2019-07-04 10:00:00,NSE:KITEX,100.5,100.55,99.8,99.8,1634.0
2019-07-04 11:00:00,NSE:KITEX,99.8,100.35,99.8,100.35,356.0
2019-07-04 12:00:00,NSE:KITEX,100.35,100.35,99.8,100.05,455.0
2019-07-04 13:00:00,NSE:KITEX,100.05,100.35,99.8,99.8,942.0
2019-07-04 14:00:00,NSE:KITEX,100.0,100.0,99.7,99.75,907.0
2019-07-04 15:00:00,NSE:KITEX,99.75,100.0,99.5,99.95,4161.0
2019-07-05 09:00:00,NSE:KITEX,101.05,101.05,100.0,100.65,2182.0
2019-07-05 10:00:00,NSE:KITEX,100.8,100.8,100.1,100.1,1646.0
2019-07-05 11:00:00,NSE:KITEX,100.7,101.05,100.35,100.75,3924.0
2019-07-05 12:00:00,NSE:KITEX,100.8,100.95,100.35,100.75,4515.0
2019-07-05 13:00:00,NSE:KITEX,100.6,100.75,100.35,100.65,702.0
2019-07-05 14:00:00,NSE:KITEX,100.4,100.95,100.4,100.5,3329.0
2019-07-05 15:00:00,NSE:KITEX,100.4,100.95,100.35,100.35,7089.0
2019-07-08 09:00:00,NSE:KITEX,99.85,100.95,98.55,98.95,3195.0
2019-07-08 10:00:00,NSE:KITEX,98.55,98.95,98.1,98.1,1922.0
2019-07-08 11:00:00,NSE:KITEX,98.3,98.55,95.65,97.25,8813.0
2019-07-08 12:00:00,NSE:KITEX,97.0,97.65,95.6,97.65,8164.0
2019-07-08 13:00:00,NSE:KITEX,97.15,97.65,96.6,97.65,1739.0
2019-07-08 14:00:00,NSE:KITEX,97.2,97.5,96.75,97.0,2169.0
2019-07-08 15:00:00,NSE:KITEX,96.5,96.85,96.0,96.0,7340.0
2019-07-09 09:00:00,NSE:KITEX,97.0,98.7,97.0,97.65,3232.0
2019-07-09 10:00:00,NSE:KITEX,97.75,97.95,96.55,96.6,3725.0
2019-07-09 11:00:00,NSE:KITEX,96.6,97.65,96.6,97.5,1641.0
2019-07-09 12:00:00,NSE:KITEX,97.6,97.75,97.3,97.3,842.0
2019-07-09 13:00:00,NSE:KITEX,97.35,97.4,97.2,97.2,506.0
2019-07-09 14:00:00,NSE:KITEX,97.35,97.5,96.2,96.45,5656.0
2019-07-09 15:00:00,NSE:KITEX,96.45,96.5,96.4,96.45,4922.0
2019-07-10 09:00:00,NSE:KITEX,96.9,97.65,96.55,96.85,2111.0
2019-07-10 10:00:00,NSE:KITEX,96.85,97.5,96.55,96.95,3887.0
2019-07-10 11:00:00,NSE:KITEX,96.8,97.15,96.6,96.95,1483.0
2019-07-10 12:00:00,NSE:KITEX,96.95,97.0,95.0,96.1,9949.0
2019-07-10 13:00:00,NSE:KITEX,96.4,96.9,96.0,96.55,1795.0
2019-07-10 14:00:00,NSE:KITEX,96.7,96.9,93.25,93.9,26628.0
2019-07-10 15:00:00,NSE:KITEX,94.2,94.6,91.65,92.6,29542.0
2019-07-11 09:00:00,NSE:KITEX,94.1,94.9,93.5,94.6,7318.0
2019-07-11 10:00:00,NSE:KITEX,94.0,94.0,91.9,92.95,16093.0
2019-07-11 11:00:00,NSE:KITEX,92.95,93.1,92.0,92.45,6816.0
2019-07-11 12:00:00,NSE:KITEX,92.45,93.15,92.45,93.0,1674.0
2019-07-11 13:00:00,NSE:KITEX,93.05,93.5,92.55,93.25,3667.0
2019-07-11 14:00:00,NSE:KITEX,93.2,93.5,93.05,93.5,1520.0
2019-07-11 15:00:00,NSE:KITEX,93.1,93.1,92.55,92.85,3554.0
2019-07-12 09:00:00,NSE:KITEX,94.0,94.95,93.1,94.0,3128.0
2019-07-12 10:00:00,NSE:KITEX,94.0,94.9,93.75,94.35,5860.0
2019-07-12 11:00:00,NSE:KITEX,94.35,94.55,94.1,94.4,1584.0
2019-07-12 12:00:00,NSE:KITEX,94.4,95.5,94.2,94.5,3197.0
2019-07-12 13:00:00,NSE:KITEX,94.5,95.25,94.2,95.0,1893.0
2019-07-12 14:00:00,NSE:KITEX,95.0,95.25,94.0,94.5,3259.0
2019-07-12 15:00:00,NSE:KITEX,94.85,95.25,94.3,94.8,2733.0
2019-07-15 09:00:00,NSE:KITEX,94.95,97.8,94.4,95.55,4856.0
2019-07-15 10:00:00,NSE:KITEX,95.6,96.1,95.15,95.85,1587.0
2019-07-15 11:00:00,NSE:KITEX,96.0,96.1,95.35,95.85,413.0
2019-07-15 12:00:00,NSE:KITEX,95.55,96.1,95.25,95.45,1343.0
2019-07-15 13:00:00,NSE:KITEX,95.7,96.5,95.3,96.2,2217.0
2019-07-15 14:00:00,NSE:KITEX,95.95,96.05,95.3,95.7,991.0
2019-07-15 15:00:00,NSE:KITEX,95.35,95.65,95.0,95.65,3032.0
2019-07-16 09:00:00,NSE:KITEX,95.8,96.45,95.0,95.35,2687.0
2019-07-16 10:00:00,NSE:KITEX,95.3,96.0,95.1,95.25,4178.0
2019-07-16 11:00:00,NSE:KITEX,95.45,95.5,94.65,95.4,3467.0
2019-07-16 12:00:00,NSE:KITEX,95.35,95.35,94.05,94.65,2689.0
2019-07-16 13:00:00,NSE:KITEX,94.65,94.65,93.6,94.0,2910.0
2019-07-16 14:00:00,NSE:KITEX,94.15,94.95,93.4,94.85,2257.0
2019-07-16 15:00:00,NSE:KITEX,94.5,94.55,94.0,94.05,3309.0
2019-07-17 09:00:00,NSE:KITEX,97.25,97.25,91.0,94.6,3656.0
2019-07-17 10:00:00,NSE:KITEX,94.6,95.3,94.55,94.6,1348.0
2019-07-17 11:00:00,NSE:KITEX,94.7,95.4,94.7,94.75,1616.0
2019-07-17 12:00:00,NSE:KITEX,95.15,95.2,94.0,94.35,2580.0
2019-07-17 13:00:00,NSE:KITEX,94.05,94.8,94.0,94.05,2092.0
2019-07-17 14:00:00,NSE:KITEX,94.0,94.75,94.0,94.45,1618.0
2019-07-17 15:00:00,NSE:KITEX,94.4,94.6,93.05,93.05,2651.0
2019-07-18 09:00:00,NSE:KITEX,93.35,95.05,93.15,93.6,1667.0
2019-07-18 10:00:00,NSE:KITEX,93.7,94.15,93.3,93.8,4851.0
2019-07-18 11:00:00,NSE:KITEX,93.8,94.75,93.8,94.1,3594.0
2019-07-18 12:00:00,NSE:KITEX,94.75,94.75,94.05,94.5,3458.0
2019-07-18 13:00:00,NSE:KITEX,94.5,94.55,94.0,94.3,1835.0
2019-07-18 14:00:00,NSE:KITEX,94.05,94.25,94.05,94.1,1013.0
2019-07-18 15:00:00,NSE:KITEX,94.0,94.2,93.5,93.8,2915.0
2019-07-19 09:00:00,NSE:KITEX,93.95,94.0,92.5,93.2,3226.0
2019-07-19 10:00:00,NSE:KITEX,93.2,93.8,92.75,93.8,2815.0
2019-07-19 11:00:00,NSE:KITEX,93.6,93.7,93.05,93.7,1205.0
2019-07-19 12:00:00,NSE:KITEX,93.65,93.65,91.4,92.95,10011.0
2019-07-19 13:00:00,NSE:KITEX,92.4,92.9,91.6,91.65,6852.0
2019-07-19 14:00:00,NSE:KITEX,91.65,92.85,91.6,92.85,4220.0
2019-07-19 15:00:00,NSE:KITEX,92.9,93.5,92.6,92.9,2843.0
2019-07-22 09:00:00,NSE:KITEX,93.0,93.0,91.25,91.8,2954.0
2019-07-22 10:00:00,NSE:KITEX,91.85,91.85,88.0,89.65,25657.0
2019-07-22 11:00:00,NSE:KITEX,89.65,90.8,88.5,89.5,22452.0
2019-07-22 12:00:00,NSE:KITEX,89.5,89.5,89.0,89.0,4080.0
2019-07-22 13:00:00,NSE:KITEX,89.3,89.9,89.2,89.55,9743.0
2019-07-22 14:00:00,NSE:KITEX,89.5,89.75,89.0,89.25,4840.0
2019-07-22 15:00:00,NSE:KITEX,89.0,90.0,89.0,89.5,6911.0
2019-07-23 09:00:00,NSE:KITEX,89.05,89.15,87.9,88.15,12426.0
2019-07-23 10:00:00,NSE:KITEX,88.1,88.45,87.75,88.0,15865.0
2019-07-23 11:00:00,NSE:KITEX,88.1,88.3,87.9,88.0,5914.0
2019-07-23 12:00:00,NSE:KITEX,88.0,88.2,87.85,88.0,5477.0
2019-07-23 13:00:00,NSE:KITEX,88.0,88.15,86.8,87.5,12424.0
2019-07-23 14:00:00,NSE:KITEX,86.85,87.5,84.6,85.25,26598.0
2019-07-23 15:00:00,NSE:KITEX,85.25,85.25,79.3,81.4,56764.0
2019-07-24 09:00:00,NSE:KITEX,82.5,84.6,81.6,83.2,28526.0
2019-07-24 10:00:00,NSE:KITEX,83.65,83.65,82.65,82.85,9020.0
2019-07-24 11:00:00,NSE:KITEX,83.25,83.95,82.85,83.8,5009.0
2019-07-24 12:00:00,NSE:KITEX,83.75,85.25,83.45,84.6,5341.0
2019-07-24 13:00:00,NSE:KITEX,84.5,84.5,83.1,83.65,5006.0
2019-07-24 14:00:00,NSE:KITEX,83.1,83.75,82.6,83.0,9857.0
2019-07-24 15:00:00,NSE:KITEX,83.0,83.5,82.15,83.1,3356.0
2019-07-25 09:00:00,NSE:KITEX,83.25,85.35,83.0,83.6,2643.0
2019-07-25 10:00:00,NSE:KITEX,83.6,85.3,83.45,83.7,4740.0
2019-07-25 11:00:00,NSE:KITEX,84.9,86.45,84.05,85.35,14199.0
2019-07-25 12:00:00,NSE:KITEX,85.3,85.7,85.1,85.1,2529.0
2019-07-25 13:00:00,NSE:KITEX,85.1,85.75,85.0,85.05,3337.0
2019-07-25 14:00:00,NSE:KITEX,85.5,85.6,85.0,85.6,2896.0
2019-07-25 15:00:00,NSE:KITEX,85.6,86.0,84.5,85.15,6198.0
2019-07-26 09:00:00,NSE:KITEX,84.3,86.4,84.3,85.15,8604.0
2019-07-26 10:00:00,NSE:KITEX,85.2,85.65,85.2,85.6,1708.0
2019-07-26 11:00:00,NSE:KITEX,85.6,85.7,85.1,85.55,4703.0
2019-07-26 12:00:00,NSE:KITEX,85.6,85.65,85.0,85.25,4179.0
2019-07-26 13:00:00,NSE:KITEX,85.0,86.2,85.0,85.9,6571.0
2019-07-26 14:00:00,NSE:KITEX,85.75,86.2,85.6,86.05,7035.0
2019-07-26 15:00:00,NSE:KITEX,85.85,85.95,85.25,85.5,8854.0
2019-07-29 09:00:00,NSE:KITEX,86.0,86.7,85.1,85.1,2852.0
2019-07-29 10:00:00,NSE:KITEX,85.5,85.5,84.75,84.75,3112.0
2019-07-29 11:00:00,NSE:KITEX,84.75,85.2,84.75,84.75,1367.0
2019-07-29 12:00:00,NSE:KITEX,84.7,85.05,83.0,83.6,4778.0
2019-07-29 13:00:00,NSE:KITEX,84.0,84.15,83.2,83.5,1053.0
2019-07-29 14:00:00,NSE:KITEX,83.85,83.85,83.3,83.4,1525.0
2019-07-29 15:00:00,NSE:KITEX,83.4,83.5,82.5,83.1,4562.0
2019-07-30 09:00:00,NSE:KITEX,84.0,85.5,83.2,84.6,1601.0
2019-07-30 10:00:00,NSE:KITEX,84.15,84.15,83.8,83.85,1183.0
2019-07-30 11:00:00,NSE:KITEX,83.75,83.75,83.0,83.1,2313.0
2019-07-30 12:00:00,NSE:KITEX,83.1,83.25,82.5,83.2,3845.0
2019-07-30 13:00:00,NSE:KITEX,82.8,83.4,82.8,83.0,960.0
2019-07-30 14:00:00,NSE:KITEX,83.0,83.0,82.8,82.8,1312.0
2019-07-30 15:00:00,NSE:KITEX,83.0,83.0,81.0,82.0,3627.0
2019-07-31 09:00:00,NSE:KITEX,84.75,84.75,81.75,82.25,3368.0
2019-07-31 10:00:00,NSE:KITEX,82.25,82.3,81.9,81.9,982.0
2019-07-31 11:00:00,NSE:KITEX,82.0,82.25,81.6,82.0,1498.0
2019-07-31 12:00:00,NSE:KITEX,82.0,82.5,81.6,82.2,3361.0
2019-07-31 13:00:00,NSE:KITEX,82.2,82.75,81.7,81.8,2326.0
2019-07-31 14:00:00,NSE:KITEX,81.8,82.2,81.6,81.7,4125.0
2019-07-31 15:00:00,NSE:KITEX,81.7,82.25,81.7,81.85,3764.0
2019-08-01 09:00:00,NSE:KITEX,84.7,84.7,81.15,81.5,4321.0
2019-08-01 10:00:00,NSE:KITEX,81.3,81.85,81.1,81.45,3037.0
2019-08-01 11:00:00,NSE:KITEX,81.35,81.5,80.7,81.0,6471.0
2019-08-01 12:00:00,NSE:KITEX,81.0,81.9,80.55,81.3,2412.0
2019-08-01 13:00:00,NSE:KITEX,81.2,81.2,80.4,80.75,2868.0
2019-08-01 14:00:00,NSE:KITEX,80.75,81.0,80.4,80.75,4096.0
2019-08-01 15:00:00,NSE:KITEX,80.75,81.5,80.4,81.5,5237.0
2019-08-02 09:00:00,NSE:KITEX,81.05,82.0,81.0,81.35,2139.0
2019-08-02 10:00:00,NSE:KITEX,81.35,82.0,81.35,81.75,2060.0
2019-08-02 11:00:00,NSE:KITEX,81.35,82.0,81.35,81.9,1773.0
2019-08-02 12:00:00,NSE:KITEX,82.05,82.35,80.0,80.3,16609.0
2019-08-02 13:00:00,NSE:KITEX,80.3,81.4,80.2,81.4,6962.0
2019-08-02 14:00:00,NSE:KITEX,81.4,81.5,81.0,81.25,1995.0
2019-08-02 15:00:00,NSE:KITEX,81.2,81.35,80.75,80.75,1466.0
2019-08-05 09:00:00,NSE:KITEX,80.75,84.0,77.0,77.9,9498.0
2019-08-05 10:00:00,NSE:KITEX,77.85,77.9,77.3,77.8,6971.0
2019-08-05 11:00:00,NSE:KITEX,77.8,77.85,77.0,77.7,10315.0
2019-08-05 12:00:00,NSE:KITEX,77.7,78.55,77.4,77.6,5767.0
2019-08-05 13:00:00,NSE:KITEX,77.7,78.65,77.65,78.45,2080.0
2019-08-05 14:00:00,NSE:KITEX,77.65,78.85,77.65,78.7,5110.0
2019-08-05 15:00:00,NSE:KITEX,78.45,78.8,77.5,78.1,5809.0
2019-08-06 09:00:00,NSE:KITEX,78.5,80.35,78.5,80.1,2518.0
2019-08-06 10:00:00,NSE:KITEX,80.2,80.95,79.7,79.95,3841.0
2019-08-06 11:00:00,NSE:KITEX,80.0,80.45,79.5,80.4,1446.0
2019-08-06 12:00:00,NSE:KITEX,80.25,80.25,79.5,80.0,1841.0
2019-08-06 13:00:00,NSE:KITEX,80.0,80.25,80.0,80.25,1689.0
2019-08-06 14:00:00,NSE:KITEX,80.2,81.0,80.2,80.95,2973.0
2019-08-06 15:00:00,NSE:KITEX,80.5,81.25,79.1,79.95,2572.0
2019-08-07 09:00:00,NSE:KITEX,83.0,83.0,80.25,81.3,5537.0
2019-08-07 10:00:00,NSE:KITEX,81.7,81.85,80.15,80.15,3482.0
2019-08-07 11:00:00,NSE:KITEX,80.4,80.4,79.5,80.0,3302.0
2019-08-07 12:00:00,NSE:KITEX,80.0,80.95,79.45,79.75,6351.0
2019-08-07 13:00:00,NSE:KITEX,79.95,80.4,78.5,80.1,9272.0
2019-08-07 14:00:00,NSE:KITEX,80.25,80.9,80.0,80.8,2729.0
2019-08-07 15:00:00,NSE:KITEX,80.85,81.0,79.0,80.2,6164.0
2019-08-08 09:00:00,NSE:KITEX,81.05,81.45,80.0,80.6,2281.0
2019-08-08 10:00:00,NSE:KITEX,80.55,81.15,80.4,80.7,1182.0
2019-08-08 11:00:00,NSE:KITEX,80.7,80.8,80.5,80.6,542.0
2019-08-08 12:00:00,NSE:KITEX,80.8,80.8,80.1,80.1,2067.0
2019-08-08 13:00:00,NSE:KITEX,80.5,80.5,80.15,80.25,476.0
2019-08-08 14:00:00,NSE:KITEX,80.35,81.0,80.0,80.9,4645.0
2019-08-08 15:00:00,NSE:KITEX,80.6,81.9,80.6,81.9,2963.0
2019-08-09 09:00:00,NSE:KITEX,81.9,83.95,81.85,83.85,4455.0
2019-08-09 10:00:00,NSE:KITEX,83.85,86.0,83.4,84.5,8814.0
2019-08-09 11:00:00,NSE:KITEX,84.5,84.9,83.6,84.6,5420.0
2019-08-09 12:00:00,NSE:KITEX,84.6,84.95,84.1,84.3,5443.0
2019-08-09 13:00:00,NSE:KITEX,84.3,84.3,83.95,83.95,3221.0
2019-08-09 14:00:00,NSE:KITEX,84.0,84.25,83.0,84.0,9711.0
2019-08-09 15:00:00,NSE:KITEX,84.05,85.0,84.0,84.6,3882.0
2019-08-13 09:00:00,NSE:KITEX,92.0,99.9,77.0,89.45,17445.0
2019-08-13 10:00:00,NSE:KITEX,88.8,91.9,88.8,90.0,18788.0
2019-08-13 11:00:00,NSE:KITEX,89.7,89.7,87.5,89.5,7064.0
2019-08-13 12:00:00,NSE:KITEX,89.55,89.9,88.5,88.85,4168.0
2019-08-13 13:00:00,NSE:KITEX,88.85,88.85,86.95,88.85,5756.0
2019-08-13 14:00:00,NSE:KITEX,88.85,88.9,87.4,88.0,4039.0
2019-08-13 15:00:00,NSE:KITEX,88.45,89.9,88.0,89.85,8480.0
2019-08-14 09:00:00,NSE:KITEX,91.0,93.45,89.0,90.3,12047.0
2019-08-14 10:00:00,NSE:KITEX,90.0,90.55,90.0,90.5,5723.0
2019-08-14 11:00:00,NSE:KITEX,90.0,90.75,88.5,88.85,5209.0
2019-08-14 12:00:00,NSE:KITEX,89.35,89.95,88.8,89.8,3605.0
2019-08-14 13:00:00,NSE:KITEX,89.55,89.75,88.9,89.1,5019.0
2019-08-14 14:00:00,NSE:KITEX,89.15,91.8,89.1,90.35,7245.0
2019-08-14 15:00:00,NSE:KITEX,90.9,91.6,90.2,90.4,10086.0
2019-08-16 09:00:00,NSE:KITEX,83.1,85.0,80.5,81.45,93365.0
2019-08-16 10:00:00,NSE:KITEX,81.4,81.45,78.75,79.3,54916.0
2019-08-16 11:00:00,NSE:KITEX,79.3,79.3,78.5,79.0,25181.0
2019-08-16 12:00:00,NSE:KITEX,79.15,80.95,79.1,80.25,12502.0
2019-08-16 13:00:00,NSE:KITEX,80.45,81.9,80.1,81.05,18328.0
2019-08-16 14:00:00,NSE:KITEX,81.05,81.25,80.3,80.7,8775.0
2019-08-16 15:00:00,NSE:KITEX,80.7,80.8,79.15,80.15,17334.0
2019-08-19 09:00:00,NSE:KITEX,78.5,81.7,78.5,80.6,20010.0
2019-08-19 10:00:00,NSE:KITEX,80.5,81.0,80.05,80.1,7430.0
2019-08-19 11:00:00,NSE:KITEX,80.45,80.9,79.7,80.05,2933.0
2019-08-19 12:00:00,NSE:KITEX,80.0,80.3,79.75,79.95,1521.0
2019-08-19 13:00:00,NSE:KITEX,79.9,79.9,79.4,79.4,3745.0
2019-08-19 14:00:00,NSE:KITEX,79.55,79.6,79.0,79.45,3702.0
2019-08-19 15:00:00,NSE:KITEX,79.5,79.85,79.2,79.6,5067.0
2019-08-20 09:00:00,NSE:KITEX,79.25,80.1,78.0,78.25,9208.0
2019-08-20 10:00:00,NSE:KITEX,78.4,79.0,78.4,78.9,3905.0
2019-08-20 11:00:00,NSE:KITEX,78.6,79.0,78.4,78.55,1716.0
2019-08-20 12:00:00,NSE:KITEX,78.35,78.4,75.1,76.0,18047.0
2019-08-20 13:00:00,NSE:KITEX,76.0,77.15,74.15,76.5,9549.0
2019-08-20 14:00:00,NSE:KITEX,76.6,77.55,75.6,75.9,4587.0
2019-08-20 15:00:00,NSE:KITEX,75.9,76.75,75.85,76.45,11072.0
2019-08-21 09:00:00,NSE:KITEX,76.5,76.65,74.25,75.6,9788.0
2019-08-21 10:00:00,NSE:KITEX,75.6,76.45,75.25,75.7,4372.0
2019-08-21 11:00:00,NSE:KITEX,75.3,75.5,75.0,75.4,2339.0
2019-08-21 12:00:00,NSE:KITEX,75.0,75.95,74.75,75.95,4497.0
2019-08-21 13:00:00,NSE:KITEX,75.65,75.75,74.75,75.6,5457.0
2019-08-21 14:00:00,NSE:KITEX,75.0,75.45,74.75,75.15,2424.0
2019-08-21 15:00:00,NSE:KITEX,74.9,75.35,74.65,74.7,6740.0
2019-08-22 09:00:00,NSE:KITEX,74.5,74.5,72.15,73.95,2390.0
2019-08-22 10:00:00,NSE:KITEX,73.8,75.0,73.2,74.9,10047.0
2019-08-22 11:00:00,NSE:KITEX,74.9,75.2,74.05,74.25,3681.0
2019-08-22 12:00:00,NSE:KITEX,74.3,75.0,74.3,74.45,2316.0
2019-08-22 13:00:00,NSE:KITEX,74.3,74.85,73.45,73.45,3170.0
2019-08-22 14:00:00,NSE:KITEX,74.2,74.2,72.75,72.75,3541.0
2019-08-22 15:00:00,NSE:KITEX,72.75,74.25,72.0,72.85,9056.0
2019-08-23 09:00:00,NSE:KITEX,72.5,72.5,70.05,71.3,6324.0
2019-08-23 10:00:00,NSE:KITEX,70.5,71.7,70.5,70.95,4177.0
2019-08-23 11:00:00,NSE:KITEX,70.95,71.2,70.6,70.65,1537.0
2019-08-23 12:00:00,NSE:KITEX,70.95,71.85,70.1,71.85,10073.0
2019-08-23 13:00:00,NSE:KITEX,71.85,71.85,70.65,71.05,16456.0
2019-08-23 14:00:00,NSE:KITEX,71.1,71.8,71.1,71.7,6285.0
2019-08-23 15:00:00,NSE:KITEX,71.7,74.95,71.7,71.75,5720.0
2019-08-26 09:00:00,NSE:KITEX,77.9,77.9,73.2,75.05,8493.0
2019-08-26 10:00:00,NSE:KITEX,75.05,75.05,74.55,74.9,1977.0
2019-08-26 11:00:00,NSE:KITEX,74.9,74.9,73.0,73.5,6829.0
2019-08-26 12:00:00,NSE:KITEX,73.5,74.6,73.35,73.85,2100.0
2019-08-26 13:00:00,NSE:KITEX,74.25,75.0,73.45,74.55,3317.0
2019-08-26 14:00:00,NSE:KITEX,74.55,74.8,74.05,74.05,3258.0
2019-08-26 15:00:00,NSE:KITEX,74.05,75.0,73.6,74.95,5051.0
2019-08-27 09:00:00,NSE:KITEX,75.1,76.35,75.1,76.15,8159.0
2019-08-27 10:00:00,NSE:KITEX,76.15,76.3,75.35,76.0,6963.0
2019-08-27 11:00:00,NSE:KITEX,76.0,76.3,75.65,76.0,2946.0
2019-08-27 12:00:00,NSE:KITEX,76.0,76.8,75.8,76.65,6174.0
2019-08-27 13:00:00,NSE:KITEX,76.5,76.8,76.05,76.7,2660.0
2019-08-27 14:00:00,NSE:KITEX,76.3,76.9,76.05,76.6,5449.0
2019-08-27 15:00:00,NSE:KITEX,76.3,76.5,76.0,76.15,4133.0
2019-08-28 09:00:00,NSE:KITEX,76.15,77.0,76.15,76.45,2997.0
2019-08-28 10:00:00,NSE:KITEX,76.35,77.05,76.35,76.7,4187.0
2019-08-28 11:00:00,NSE:KITEX,76.95,77.45,76.55,76.55,4687.0
2019-08-28 12:00:00,NSE:KITEX,76.35,78.45,76.35,78.15,5589.0
2019-08-28 13:00:00,NSE:KITEX,77.5,78.45,77.4,77.95,5507.0
2019-08-28 14:00:00,NSE:KITEX,77.95,79.0,77.5,78.4,8239.0
2019-08-28 15:00:00,NSE:KITEX,78.15,78.75,77.6,78.75,5412.0
2019-08-29 09:00:00,NSE:KITEX,81.9,81.9,78.0,80.0,9920.0
2019-08-29 10:00:00,NSE:KITEX,80.35,81.0,80.1,81.0,2919.0
2019-08-29 11:00:00,NSE:KITEX,81.0,81.6,80.05,80.25,11438.0
2019-08-29 12:00:00,NSE:KITEX,80.3,80.45,79.1,79.4,11751.0
2019-08-29 13:00:00,NSE:KITEX,79.65,80.4,79.0,79.45,2475.0
2019-08-29 14:00:00,NSE:KITEX,79.65,80.0,79.1,80.0,1731.0
2019-08-29 15:00:00,NSE:KITEX,79.6,80.0,78.9,80.0,8415.0
2019-08-30 09:00:00,NSE:KITEX,80.45,80.5,77.9,80.3,3537.0
2019-08-30 10:00:00,NSE:KITEX,80.3,80.5,79.5,80.05,1945.0
2019-08-30 11:00:00,NSE:KITEX,80.45,80.45,79.3,79.3,1918.0
2019-08-30 12:00:00,NSE:KITEX,79.8,79.95,79.4,79.45,2440.0
2019-08-30 13:00:00,NSE:KITEX,79.65,80.0,79.35,79.55,3282.0
2019-08-30 14:00:00,NSE:KITEX,79.5,80.3,79.1,80.3,3068.0
2019-08-30 15:00:00,NSE:KITEX,80.25,81.4,80.25,81.0,3557.0
2019-09-03 09:00:00,NSE:KITEX,78.0,82.0,78.0,80.25,18608.0
2019-09-03 10:00:00,NSE:KITEX,80.7,81.15,80.2,80.7,7263.0
2019-09-03 11:00:00,NSE:KITEX,80.65,80.75,80.2,80.65,2416.0
2019-09-03 12:00:00,NSE:KITEX,80.6,80.65,80.3,80.35,2581.0
2019-09-03 13:00:00,NSE:KITEX,80.35,80.5,80.2,80.25,817.0
2019-09-03 14:00:00,NSE:KITEX,80.25,81.0,80.25,81.0,3821.0
2019-09-03 15:00:00,NSE:KITEX,81.0,81.0,80.2,80.2,8038.0
2019-09-04 09:00:00,NSE:KITEX,81.0,81.1,80.5,80.65,3452.0
2019-09-04 10:00:00,NSE:KITEX,80.55,80.9,80.3,80.35,4308.0
2019-09-04 11:00:00,NSE:KITEX,80.45,80.95,80.35,80.5,2642.0
2019-09-04 12:00:00,NSE:KITEX,80.5,81.1,80.5,80.9,5116.0
2019-09-04 13:00:00,NSE:KITEX,80.5,81.0,80.5,80.85,3340.0
2019-09-04 14:00:00,NSE:KITEX,80.75,81.0,80.75,80.75,2122.0
2019-09-04 15:00:00,NSE:KITEX,80.95,81.75,80.0,81.35,8412.0
2019-09-05 09:00:00,NSE:KITEX,81.0,81.75,80.2,81.0,3459.0
2019-09-05 10:00:00,NSE:KITEX,81.15,81.7,81.0,81.35,931.0
2019-09-05 11:00:00,NSE:KITEX,81.35,81.85,81.0,81.85,1080.0
2019-09-05 12:00:00,NSE:KITEX,81.4,82.5,81.0,81.95,2134.0
2019-09-05 13:00:00,NSE:KITEX,81.25,82.0,81.25,81.5,930.0
2019-09-05 14:00:00,NSE:KITEX,81.5,82.0,81.2,82.0,5937.0
2019-09-05 15:00:00,NSE:KITEX,82.0,83.0,81.95,82.45,8990.0
2019-09-06 09:00:00,NSE:KITEX,83.5,83.7,82.55,83.3,7238.0
2019-09-06 10:00:00,NSE:KITEX,83.05,84.5,83.0,83.9,16156.0
2019-09-06 11:00:00,NSE:KITEX,84.0,84.15,83.5,84.0,2426.0
2019-09-06 12:00:00,NSE:KITEX,84.0,84.1,83.55,83.95,865.0
2019-09-06 13:00:00,NSE:KITEX,83.95,84.15,83.4,84.1,8452.0
2019-09-06 14:00:00,NSE:KITEX,83.55,85.0,83.25,85.0,2927.0
2019-09-06 15:00:00,NSE:KITEX,84.95,85.2,84.35,85.0,2976.0
2019-09-09 09:00:00,NSE:KITEX,88.0,88.0,83.0,85.0,10558.0
2019-09-09 10:00:00,NSE:KITEX,84.95,86.55,84.5,86.25,4216.0
2019-09-09 11:00:00,NSE:KITEX,86.0,86.95,86.0,86.85,3910.0
2019-09-09 12:00:00,NSE:KITEX,86.4,86.85,86.0,86.3,3216.0
2019-09-09 13:00:00,NSE:KITEX,86.8,86.9,86.0,86.0,1031.0
2019-09-09 14:00:00,NSE:KITEX,86.5,86.55,85.8,86.35,2534.0
2019-09-09 15:00:00,NSE:KITEX,86.15,86.9,86.15,86.9,1666.0
2019-09-11 09:00:00,NSE:KITEX,86.9,87.9,86.2,87.65,6708.0
2019-09-11 10:00:00,NSE:KITEX,87.3,87.75,87.0,87.6,2264.0
2019-09-11 11:00:00,NSE:KITEX,87.35,87.7,87.35,87.7,1081.0
2019-09-11 12:00:00,NSE:KITEX,87.7,87.7,86.75,86.75,4318.0
2019-09-11 13:00:00,NSE:KITEX,87.0,87.15,86.55,87.0,813.0
2019-09-11 14:00:00,NSE:KITEX,86.6,87.05,86.3,86.9,3733.0
2019-09-11 15:00:00,NSE:KITEX,86.75,86.85,86.1,86.5,5247.0
2019-09-12 09:00:00,NSE:KITEX,87.3,87.5,85.35,86.95,5572.0
2019-09-12 10:00:00,NSE:KITEX,86.95,86.95,86.55,86.9,2101.0
2019-09-12 11:00:00,NSE:KITEX,86.9,86.95,85.8,86.0,2359.0
2019-09-12 12:00:00,NSE:KITEX,86.0,86.3,85.75,86.3,9790.0
2019-09-12 13:00:00,NSE:KITEX,86.3,86.3,85.75,86.15,9867.0
2019-09-12 14:00:00,NSE:KITEX,86.25,86.75,86.0,86.4,4821.0
2019-09-12 15:00:00,NSE:KITEX,86.4,86.4,85.6,86.25,3050.0
2019-09-13 09:00:00,NSE:KITEX,86.65,87.0,86.1,86.3,1998.0
2019-09-13 10:00:00,NSE:KITEX,86.3,86.75,86.25,86.4,1692.0
2019-09-13 11:00:00,NSE:KITEX,86.25,86.7,85.55,85.6,2373.0
2019-09-13 12:00:00,NSE:KITEX,85.95,86.0,85.65,85.65,1855.0
2019-09-13 13:00:00,NSE:KITEX,85.65,85.8,85.1,85.55,1913.0
2019-09-13 14:00:00,NSE:KITEX,85.9,85.9,85.35,85.9,5510.0
2019-09-13 15:00:00,NSE:KITEX,85.9,86.0,84.0,85.4,6697.0
2019-09-16 09:00:00,NSE:KITEX,86.7,89.7,86.0,89.65,17329.0
2019-09-16 10:00:00,NSE:KITEX,89.65,92.9,89.0,91.25,42052.0
2019-09-16 11:00:00,NSE:KITEX,90.9,94.8,90.65,92.95,52039.0
2019-09-16 12:00:00,NSE:KITEX,92.9,92.95,91.35,91.85,15946.0
2019-09-16 13:00:00,NSE:KITEX,91.75,92.5,90.45,91.3,16482.0
2019-09-16 14:00:00,NSE:KITEX,91.45,92.0,90.4,90.5,6072.0
2019-09-16 15:00:00,NSE:KITEX,90.5,91.6,90.3,91.6,17561.0
2019-09-17 09:00:00,NSE:KITEX,93.6,93.8,91.0,92.5,11614.0
2019-09-17 10:00:00,NSE:KITEX,92.5,93.0,91.5,91.5,6534.0
2019-09-17 11:00:00,NSE:KITEX,91.5,92.85,91.25,92.5,4322.0
2019-09-17 12:00:00,NSE:KITEX,92.45,92.45,91.4,92.4,5207.0
2019-09-17 13:00:00,NSE:KITEX,91.65,92.2,91.05,91.25,3817.0
2019-09-17 14:00:00,NSE:KITEX,91.25,91.45,88.05,89.75,12964.0
2019-09-17 15:00:00,NSE:KITEX,89.95,90.3,89.4,90.0,5108.0
2019-09-18 09:00:00,NSE:KITEX,93.25,93.25,89.0,89.5,5110.0
2019-09-18 10:00:00,NSE:KITEX,89.5,91.25,89.45,91.0,7600.0
2019-09-18 11:00:00,NSE:KITEX,91.2,92.0,91.05,91.65,1750.0
2019-09-18 12:00:00,NSE:KITEX,90.75,91.0,90.15,90.15,926.0
2019-09-18 13:00:00,NSE:KITEX,90.2,90.3,89.55,89.9,3079.0
2019-09-18 14:00:00,NSE:KITEX,89.6,90.6,89.0,90.15,18179.0
2019-09-18 15:00:00,NSE:KITEX,90.45,90.8,89.0,90.0,12592.0
2019-09-19 09:00:00,NSE:KITEX,90.75,90.75,86.25,88.15,9215.0
2019-09-19 10:00:00,NSE:KITEX,88.0,88.0,87.0,87.0,4046.0
2019-09-19 11:00:00,NSE:KITEX,87.4,87.4,86.55,87.0,3354.0
2019-09-19 12:00:00,NSE:KITEX,87.0,87.4,86.55,86.95,1769.0
2019-09-19 13:00:00,NSE:KITEX,87.15,87.4,86.85,87.0,857.0
2019-09-19 14:00:00,NSE:KITEX,87.45,88.0,86.8,87.55,5688.0
2019-09-19 15:00:00,NSE:KITEX,87.85,88.5,86.8,88.0,9284.0
2019-09-20 09:00:00,NSE:KITEX,87.05,88.3,87.05,87.75,1325.0
2019-09-20 10:00:00,NSE:KITEX,87.75,88.75,87.75,88.65,1241.0
2019-09-20 11:00:00,NSE:KITEX,88.65,91.0,88.35,90.5,10026.0
2019-09-20 12:00:00,NSE:KITEX,90.65,91.5,89.25,90.0,47770.0
2019-09-20 13:00:00,NSE:KITEX,90.15,91.4,90.05,91.0,6148.0
2019-09-20 14:00:00,NSE:KITEX,91.0,92.5,91.0,92.0,32008.0
2019-09-20 15:00:00,NSE:KITEX,92.0,93.3,92.0,92.4,25154.0
2019-09-23 09:00:00,NSE:KITEX,96.6,98.1,94.2,94.55,16107.0
2019-09-23 10:00:00,NSE:KITEX,94.5,94.95,93.1,94.5,4344.0
2019-09-23 11:00:00,NSE:KITEX,93.9,95.1,93.1,94.15,5810.0
2019-09-23 12:00:00,NSE:KITEX,94.2,94.2,93.2,93.2,2923.0
2019-09-23 13:00:00,NSE:KITEX,93.4,93.6,92.85,93.0,2817.0
2019-09-23 14:00:00,NSE:KITEX,92.85,93.45,92.65,93.3,5188.0
2019-09-23 15:00:00,NSE:KITEX,93.0,95.4,93.0,93.7,10619.0
2019-09-24 09:00:00,NSE:KITEX,94.9,94.95,93.0,94.5,8449.0
2019-09-24 10:00:00,NSE:KITEX,94.5,94.75,93.3,94.0,8070.0
2019-09-24 11:00:00,NSE:KITEX,94.0,94.45,93.75,94.15,1494.0
2019-09-24 12:00:00,NSE:KITEX,94.0,94.2,94.0,94.0,1677.0
2019-09-24 13:00:00,NSE:KITEX,94.0,94.2,93.3,93.55,2000.0
2019-09-24 14:00:00,NSE:KITEX,94.2,94.2,93.55,93.55,2609.0
2019-09-24 15:00:00,NSE:KITEX,93.55,95.0,93.3,95.0,8980.0
2019-09-25 09:00:00,NSE:KITEX,94.0,94.2,91.3,93.1,1369.0
2019-09-25 10:00:00,NSE:KITEX,93.1,93.2,93.0,93.0,1398.0
2019-09-25 11:00:00,NSE:KITEX,93.05,93.6,93.05,93.5,3099.0
2019-09-25 12:00:00,NSE:KITEX,93.5,94.0,93.5,94.0,3332.0
2019-09-25 13:00:00,NSE:KITEX,93.45,94.0,93.45,94.0,2979.0
2019-09-25 14:00:00,NSE:KITEX,94.0,95.0,92.25,93.5,22229.0
2019-09-25 15:00:00,NSE:KITEX,93.75,99.0,93.4,97.55,37286.0
2019-09-26 09:00:00,NSE:KITEX,99.0,99.0,96.4,97.4,7771.0
2019-09-26 10:00:00,NSE:KITEX,97.0,98.0,97.0,97.35,4661.0
2019-09-26 11:00:00,NSE:KITEX,97.4,97.75,96.5,97.0,4593.0
2019-09-26 12:00:00,NSE:KITEX,97.0,97.0,96.5,96.75,217.0
2019-09-26 13:00:00,NSE:KITEX,96.75,97.0,96.5,96.5,962.0
2019-09-26 14:00:00,NSE:KITEX,96.6,97.45,95.3,95.4,27931.0
2019-09-26 15:00:00,NSE:KITEX,95.45,97.0,95.0,96.0,17681.0
2019-09-27 09:00:00,NSE:KITEX,96.0,96.8,93.2,94.15,5905.0
2019-09-27 10:00:00,NSE:KITEX,94.15,94.2,93.6,93.65,1639.0
2019-09-27 11:00:00,NSE:KITEX,93.6,95.3,93.5,95.1,1862.0
2019-09-27 12:00:00,NSE:KITEX,95.0,96.05,95.0,96.05,4280.0
2019-09-27 13:00:00,NSE:KITEX,96.3,96.35,94.55,94.55,2673.0
2019-09-27 14:00:00,NSE:KITEX,95.25,97.15,94.55,97.0,4439.0
2019-09-27 15:00:00,NSE:KITEX,97.0,99.8,96.05,98.35,25769.0
2019-09-30 09:00:00,NSE:KITEX,99.0,99.0,96.0,97.45,25634.0
2019-09-30 10:00:00,NSE:KITEX,96.65,97.5,94.6,95.65,8234.0
2019-09-30 11:00:00,NSE:KITEX,95.65,95.9,95.05,95.8,2570.0
2019-09-30 12:00:00,NSE:KITEX,95.85,95.85,94.1,94.2,4927.0
2019-09-30 13:00:00,NSE:KITEX,94.9,95.05,94.25,95.0,21002.0
2019-09-30 14:00:00,NSE:KITEX,94.95,95.85,94.95,95.0,7291.0
2019-09-30 15:00:00,NSE:KITEX,95.25,97.35,94.7,95.0,40605.0
2019-10-01 09:00:00,NSE:KITEX,95.0,98.3,95.0,96.45,2166.0
2019-10-01 10:00:00,NSE:KITEX,95.75,95.75,95.5,95.5,205.0
2019-10-01 11:00:00,NSE:KITEX,95.5,96.0,95.1,95.1,5300.0
2019-10-01 12:00:00,NSE:KITEX,95.1,95.1,94.1,94.5,1448.0
2019-10-01 13:00:00,NSE:KITEX,94.3,94.5,94.25,94.25,424.0
2019-10-01 14:00:00,NSE:KITEX,94.25,94.25,91.7,91.95,8759.0
2019-10-01 15:00:00,NSE:KITEX,92.7,93.5,91.9,93.5,7100.0
2019-10-03 09:00:00,NSE:KITEX,91.6,93.4,91.6,91.7,5332.0
2019-10-03 10:00:00,NSE:KITEX,91.75,92.25,90.0,90.55,4711.0
2019-10-03 11:00:00,NSE:KITEX,90.55,91.8,90.55,90.65,6481.0
2019-10-03 12:00:00,NSE:KITEX,91.3,91.8,90.8,90.8,5842.0
2019-10-03 13:00:00,NSE:KITEX,90.6,91.5,90.55,90.85,679.0
2019-10-03 14:00:00,NSE:KITEX,91.0,91.4,90.8,90.8,1498.0
2019-10-03 15:00:00,NSE:KITEX,90.85,91.4,90.5,90.5,3068.0
2019-10-04 09:00:00,NSE:KITEX,87.8,90.8,87.8,89.9,1616.0
2019-10-04 10:00:00,NSE:KITEX,90.0,90.45,89.8,90.0,2931.0
2019-10-04 11:00:00,NSE:KITEX,89.75,90.0,89.3,89.35,746.0
2019-10-04 12:00:00,NSE:KITEX,89.75,90.0,89.3,89.95,1300.0
2019-10-04 13:00:00,NSE:KITEX,90.0,90.45,89.35,89.55,13174.0
2019-10-04 14:00:00,NSE:KITEX,89.95,90.2,89.6,90.0,12812.0
2019-10-04 15:00:00,NSE:KITEX,89.9,90.95,89.6,90.45,4367.0
2019-10-07 09:00:00,NSE:KITEX,89.9,90.95,88.8,90.3,2101.0
2019-10-07 10:00:00,NSE:KITEX,90.0,90.75,89.75,90.0,2545.0
2019-10-07 11:00:00,NSE:KITEX,90.3,90.75,89.25,89.5,704.0
2019-10-07 12:00:00,NSE:KITEX,89.8,90.45,89.8,90.0,974.0
2019-10-07 13:00:00,NSE:KITEX,90.15,90.45,89.8,90.0,3901.0
2019-10-07 14:00:00,NSE:KITEX,90.1,90.45,89.7,89.7,3014.0
2019-10-07 15:00:00,NSE:KITEX,89.9,90.0,89.7,90.0,2752.0
2019-10-09 09:00:00,NSE:KITEX,89.95,90.4,88.65,90.0,7393.0
2019-10-09 10:00:00,NSE:KITEX,90.0,90.3,86.0,89.5,11958.0
2019-10-09 11:00:00,NSE:KITEX,89.5,89.65,88.75,89.0,7963.0
2019-10-09 12:00:00,NSE:KITEX,89.0,89.7,89.0,89.05,1059.0
2019-10-09 13:00:00,NSE:KITEX,89.5,89.5,89.05,89.1,439.0
2019-10-09 14:00:00,NSE:KITEX,89.0,89.55,89.0,89.0,1274.0
2019-10-09 15:00:00,NSE:KITEX,89.1,89.6,88.0,88.7,5319.0
2019-10-10 09:00:00,NSE:KITEX,88.75,89.7,87.05,89.45,5259.0
2019-10-10 10:00:00,NSE:KITEX,89.55,89.55,88.6,88.7,4221.0
2019-10-10 11:00:00,NSE:KITEX,88.7,89.0,88.0,88.05,10588.0
2019-10-10 12:00:00,NSE:KITEX,88.0,88.95,87.8,87.85,16445.0
2019-10-10 13:00:00,NSE:KITEX,88.0,88.0,87.35,87.8,2621.0
2019-10-10 14:00:00,NSE:KITEX,87.8,88.3,87.8,88.0,8388.0
2019-10-10 15:00:00,NSE:KITEX,88.0,88.45,87.8,87.8,4635.0
2019-10-11 09:00:00,NSE:KITEX,89.3,90.3,87.3,88.5,3246.0
2019-10-11 10:00:00,NSE:KITEX,88.55,88.65,87.9,88.1,2484.0
2019-10-11 11:00:00,NSE:KITEX,88.5,88.65,88.0,88.05,4685.0
2019-10-11 12:00:00,NSE:KITEX,88.3,88.6,87.65,87.65,2945.0
2019-10-11 13:00:00,NSE:KITEX,87.7,88.0,87.7,87.95,3541.0
2019-10-11 14:00:00,NSE:KITEX,88.0,88.0,87.85,87.85,1637.0
2019-10-11 15:00:00,NSE:KITEX,87.9,88.8,87.85,87.85,2898.0
2019-10-14 09:00:00,NSE:KITEX,90.0,90.0,88.0,88.5,553.0
2019-10-14 10:00:00,NSE:KITEX,88.5,88.65,88.0,88.3,5452.0
2019-10-14 11:00:00,NSE:KITEX,88.3,88.5,88.05,88.1,4703.0
2019-10-14 12:00:00,NSE:KITEX,88.45,88.45,88.0,88.0,6126.0
2019-10-14 13:00:00,NSE:KITEX,88.0,88.5,88.0,88.25,963.0
2019-10-14 14:00:00,NSE:KITEX,88.2,89.0,88.15,88.25,2440.0
2019-10-14 15:00:00,NSE:KITEX,88.2,89.75,87.9,88.0,12617.0
2019-10-15 09:00:00,NSE:KITEX,88.5,89.35,88.05,88.55,691.0
2019-10-15 10:00:00,NSE:KITEX,88.55,89.25,88.45,88.5,4798.0
2019-10-15 11:00:00,NSE:KITEX,89.0,89.0,88.5,88.6,1245.0
2019-10-15 12:00:00,NSE:KITEX,88.5,88.95,88.5,88.55,5849.0
2019-10-15 13:00:00,NSE:KITEX,88.55,89.0,88.5,88.5,3113.0
2019-10-15 14:00:00,NSE:KITEX,88.55,88.95,88.5,88.65,1510.0
2019-10-15 15:00:00,NSE:KITEX,88.65,89.0,87.0,88.0,16168.0
2019-10-16 09:00:00,NSE:KITEX,88.4,89.0,87.75,87.85,4407.0
2019-10-16 10:00:00,NSE:KITEX,88.25,88.5,88.0,88.0,2541.0
2019-10-16 11:00:00,NSE:KITEX,88.25,88.35,88.0,88.1,796.0
2019-10-16 12:00:00,NSE:KITEX,88.1,88.3,88.1,88.3,1912.0
2019-10-16 13:00:00,NSE:KITEX,88.3,88.8,88.3,88.3,1442.0
2019-10-16 14:00:00,NSE:KITEX,88.8,90.0,87.8,87.95,14895.0
2019-10-16 15:00:00,NSE:KITEX,87.95,88.75,87.65,88.0,3311.0
2019-10-17 09:00:00,NSE:KITEX,88.0,88.95,83.95,87.5,7953.0
2019-10-17 10:00:00,NSE:KITEX,87.5,87.5,87.05,87.1,860.0
2019-10-17 11:00:00,NSE:KITEX,87.1,87.5,86.1,86.15,2185.0
2019-10-17 12:00:00,NSE:KITEX,86.0,86.55,86.0,86.0,8805.0
2019-10-17 13:00:00,NSE:KITEX,86.1,87.0,85.75,85.8,2374.0
2019-10-17 14:00:00,NSE:KITEX,85.8,86.0,85.75,86.0,5779.0
2019-10-17 15:00:00,NSE:KITEX,86.35,87.4,86.0,86.65,23706.0
2019-10-18 09:00:00,NSE:KITEX,86.65,88.4,86.1,88.0,2662.0
2019-10-18 10:00:00,NSE:KITEX,87.0,88.4,87.0,87.65,2766.0
2019-10-18 11:00:00,NSE:KITEX,87.65,88.0,87.3,87.35,1834.0
2019-10-18 12:00:00,NSE:KITEX,87.35,87.85,86.0,86.8,4845.0
2019-10-18 13:00:00,NSE:KITEX,87.65,87.75,86.55,86.65,2828.0
2019-10-18 14:00:00,NSE:KITEX,87.25,87.3,86.5,87.0,8200.0
2019-10-18 15:00:00,NSE:KITEX,87.0,87.2,86.6,87.2,25781.0
2019-10-22 09:00:00,NSE:KITEX,86.9,90.95,86.55,89.05,12668.0
2019-10-22 10:00:00,NSE:KITEX,89.45,89.85,88.0,88.2,8241.0
2019-10-22 11:00:00,NSE:KITEX,88.2,88.9,88.0,88.1,11360.0
2019-10-22 12:00:00,NSE:KITEX,88.05,88.15,87.0,88.0,23884.0
2019-10-22 13:00:00,NSE:KITEX,87.8,88.65,87.45,87.5,5692.0
2019-10-22 14:00:00,NSE:KITEX,87.9,88.5,87.15,87.55,12943.0
2019-10-22 15:00:00,NSE:KITEX,87.95,89.0,87.05,89.0,50886.0
2019-10-23 09:00:00,NSE:KITEX,90.6,90.6,88.1,88.55,6816.0
2019-10-23 10:00:00,NSE:KITEX,88.65,89.45,88.6,89.1,6057.0
2019-10-23 11:00:00,NSE:KITEX,89.25,89.7,88.0,88.55,15740.0
2019-10-23 12:00:00,NSE:KITEX,89.3,89.3,88.05,88.6,2448.0
2019-10-23 13:00:00,NSE:KITEX,88.6,89.35,87.9,88.05,26642.0
2019-10-23 14:00:00,NSE:KITEX,88.05,88.8,88.0,88.1,4002.0
2019-10-23 15:00:00,NSE:KITEX,88.15,89.3,88.05,88.9,127933.0
2019-10-24 09:00:00,NSE:KITEX,89.5,89.7,87.2,88.05,6800.0
2019-10-24 10:00:00,NSE:KITEX,88.25,88.4,87.55,88.05,3501.0
2019-10-24 11:00:00,NSE:KITEX,88.1,88.1,87.55,87.8,584.0
2019-10-24 12:00:00,NSE:KITEX,87.8,88.15,87.75,88.0,528.0
2019-10-24 13:00:00,NSE:KITEX,88.0,88.25,88.0,88.0,5790.0
2019-10-24 14:00:00,NSE:KITEX,88.0,88.2,86.3,87.0,25905.0
2019-10-24 15:00:00,NSE:KITEX,87.0,87.1,86.15,86.65,6550.0
2019-10-25 09:00:00,NSE:KITEX,88.5,88.5,86.0,87.05,2900.0
2019-10-25 10:00:00,NSE:KITEX,87.0,87.0,84.7,85.95,11975.0
2019-10-25 11:00:00,NSE:KITEX,85.5,85.95,85.0,85.7,6113.0
2019-10-25 12:00:00,NSE:KITEX,85.6,85.9,85.1,85.45,3325.0
2019-10-25 13:00:00,NSE:KITEX,85.45,85.8,85.15,85.65,1583.0
2019-10-25 14:00:00,NSE:KITEX,85.9,85.9,85.15,85.55,2066.0
2019-10-25 15:00:00,NSE:KITEX,85.55,85.75,85.05,85.05,3974.0
2019-10-27 18:00:00,NSE:KITEX,88.65,88.65,84.95,85.0,37865.0
2019-10-27 19:00:00,NSE:KITEX,86.55,86.9,85.0,86.0,3307.0
2019-10-29 09:00:00,NSE:KITEX,86.0,86.0,84.7,85.0,19091.0
2019-10-29 10:00:00,NSE:KITEX,85.05,85.5,85.0,85.1,7239.0
2019-10-29 11:00:00,NSE:KITEX,85.35,85.9,85.1,85.25,7197.0
2019-10-29 12:00:00,NSE:KITEX,85.3,85.9,85.15,85.2,7297.0
2019-10-29 13:00:00,NSE:KITEX,85.55,85.55,85.05,85.05,5716.0
2019-10-29 14:00:00,NSE:KITEX,85.5,85.55,85.05,85.05,8107.0
2019-10-29 15:00:00,NSE:KITEX,85.15,85.35,84.9,84.9,11928.0
2019-10-30 09:00:00,NSE:KITEX,84.9,85.65,84.9,85.3,2610.0
2019-10-30 10:00:00,NSE:KITEX,85.7,85.7,84.6,84.75,19137.0
2019-10-30 11:00:00,NSE:KITEX,84.8,85.6,84.7,85.1,14467.0
2019-10-30 12:00:00,NSE:KITEX,85.35,85.5,85.05,85.15,3491.0
2019-10-30 13:00:00,NSE:KITEX,85.15,85.15,85.0,85.0,4624.0
2019-10-30 14:00:00,NSE:KITEX,85.1,85.5,84.8,85.0,18779.0
2019-10-30 15:00:00,NSE:KITEX,85.45,85.55,85.0,85.0,10457.0
2019-10-31 09:00:00,NSE:KITEX,85.55,86.3,85.0,85.2,27064.0
2019-10-31 10:00:00,NSE:KITEX,85.1,85.9,85.0,85.0,13730.0
2019-10-31 11:00:00,NSE:KITEX,85.25,85.65,85.0,85.15,8771.0
2019-10-31 12:00:00,NSE:KITEX,85.15,85.5,85.0,85.0,7091.0
2019-10-31 13:00:00,NSE:KITEX,85.45,85.45,85.05,85.05,3962.0
2019-10-31 14:00:00,NSE:KITEX,85.05,85.5,85.0,85.0,13350.0
2019-10-31 15:00:00,NSE:KITEX,85.05,85.4,85.0,85.0,14354.0
2019-11-01 09:00:00,NSE:KITEX,84.85,86.3,84.8,85.25,46537.0
2019-11-01 10:00:00,NSE:KITEX,85.1,85.5,85.0,85.05,15689.0
2019-11-01 11:00:00,NSE:KITEX,85.05,85.45,85.05,85.25,64706.0
2019-11-01 12:00:00,NSE:KITEX,85.25,85.8,85.0,85.3,72202.0
2019-11-01 13:00:00,NSE:KITEX,85.5,85.7,85.3,85.5,3001.0
2019-11-01 14:00:00,NSE:KITEX,85.4,89.0,85.4,87.25,27037.0
2019-11-01 15:00:00,NSE:KITEX,87.3,87.6,86.5,87.0,17394.0
2019-11-04 09:00:00,NSE:KITEX,88.3,88.3,86.6,87.15,42223.0
2019-11-04 10:00:00,NSE:KITEX,87.3,87.95,87.05,87.6,25017.0
2019-11-04 11:00:00,NSE:KITEX,87.95,87.95,87.0,87.0,23667.0
2019-11-04 12:00:00,NSE:KITEX,87.0,87.2,86.8,87.0,5532.0
2019-11-04 13:00:00,NSE:KITEX,86.85,87.25,86.85,87.0,2578.0
2019-11-04 14:00:00,NSE:KITEX,86.9,87.55,86.8,87.0,47715.0
2019-11-04 15:00:00,NSE:KITEX,87.0,87.5,86.85,87.05,27076.0
2019-11-05 09:00:00,NSE:KITEX,87.55,87.55,85.8,86.05,18275.0
2019-11-05 10:00:00,NSE:KITEX,86.05,86.5,86.0,86.25,12849.0
2019-11-05 11:00:00,NSE:KITEX,86.2,86.35,86.05,86.05,18740.0
2019-11-05 12:00:00,NSE:KITEX,86.05,86.05,84.7,85.0,18667.0
2019-11-05 13:00:00,NSE:KITEX,84.9,85.8,84.7,85.0,6876.0
2019-11-05 14:00:00,NSE:KITEX,85.0,85.75,85.0,85.5,81277.0
2019-11-05 15:00:00,NSE:KITEX,85.45,86.55,85.4,85.85,5788.0
2019-11-06 09:00:00,NSE:KITEX,86.95,86.95,85.15,85.95,3402.0
2019-11-06 10:00:00,NSE:KITEX,85.95,89.8,85.95,89.0,28925.0
2019-11-06 11:00:00,NSE:KITEX,89.0,94.7,88.7,92.75,84828.0
2019-11-06 12:00:00,NSE:KITEX,92.95,93.3,90.3,90.9,16951.0
2019-11-06 13:00:00,NSE:KITEX,90.7,92.0,90.7,91.05,12958.0
2019-11-06 14:00:00,NSE:KITEX,91.0,91.85,90.65,91.3,11620.0
2019-11-06 15:00:00,NSE:KITEX,91.5,91.8,90.7,91.3,16465.0
2019-11-07 09:00:00,NSE:KITEX,92.3,92.3,90.15,91.0,19181.0
2019-11-07 10:00:00,NSE:KITEX,91.0,93.2,91.0,92.75,32314.0
2019-11-07 11:00:00,NSE:KITEX,92.75,92.75,91.4,92.0,5786.0
2019-11-07 12:00:00,NSE:KITEX,91.85,92.9,91.5,91.5,7661.0
2019-11-07 13:00:00,NSE:KITEX,91.35,92.5,90.8,91.5,18514.0
2019-11-07 14:00:00,NSE:KITEX,91.5,91.95,91.5,91.6,4755.0
2019-11-07 15:00:00,NSE:KITEX,91.6,92.3,91.6,92.0,18856.0
2019-11-08 09:00:00,NSE:KITEX,91.8,93.1,91.5,92.1,26895.0
2019-11-08 10:00:00,NSE:KITEX,92.1,93.0,91.55,92.0,15115.0
2019-11-08 11:00:00,NSE:KITEX,92.4,93.0,92.15,92.15,8816.0
2019-11-08 12:00:00,NSE:KITEX,92.2,92.75,91.8,92.25,2295.0
2019-11-08 13:00:00,NSE:KITEX,92.25,92.9,91.5,91.5,18437.0
2019-11-08 14:00:00,NSE:KITEX,91.9,92.65,91.25,91.85,30186.0
2019-11-08 15:00:00,NSE:KITEX,91.55,92.2,90.55,91.55,18693.0
2019-11-11 09:00:00,NSE:KITEX,94.5,109.85,94.0,104.3,818244.0
2019-11-11 10:00:00,NSE:KITEX,103.95,103.95,101.0,102.1,85070.0
2019-11-11 11:00:00,NSE:KITEX,102.05,104.5,102.0,102.45,55769.0
2019-11-11 12:00:00,NSE:KITEX,103.0,106.4,103.0,105.1,117674.0
2019-11-11 13:00:00,NSE:KITEX,105.1,108.0,104.8,106.6,132007.0
2019-11-11 14:00:00,NSE:KITEX,106.85,106.85,104.0,104.0,43822.0
2019-11-11 15:00:00,NSE:KITEX,104.0,105.1,103.05,104.25,80640.0
2019-11-13 09:00:00,NSE:KITEX,105.0,108.4,105.0,105.95,116955.0
2019-11-13 10:00:00,NSE:KITEX,105.9,106.8,105.1,105.8,25518.0
2019-11-13 11:00:00,NSE:KITEX,105.75,106.5,105.5,105.8,16703.0
2019-11-13 12:00:00,NSE:KITEX,105.8,106.2,104.5,104.75,32582.0
2019-11-13 13:00:00,NSE:KITEX,104.75,105.2,104.5,105.0,12018.0
2019-11-13 14:00:00,NSE:KITEX,105.0,105.0,103.55,104.6,33595.0
2019-11-13 15:00:00,NSE:KITEX,104.5,106.2,104.4,105.25,31826.0
2019-11-14 09:00:00,NSE:KITEX,105.0,105.95,100.75,101.95,44835.0
2019-11-14 10:00:00,NSE:KITEX,102.0,107.8,101.5,103.5,48507.0
2019-11-14 11:00:00,NSE:KITEX,103.35,103.8,102.4,102.6,5048.0
2019-11-14 12:00:00,NSE:KITEX,102.6,103.75,102.45,102.5,7796.0
2019-11-14 13:00:00,NSE:KITEX,102.9,103.55,102.65,102.75,2081.0
2019-11-14 14:00:00,NSE:KITEX,103.1,103.25,102.55,103.0,4409.0
2019-11-14 15:00:00,NSE:KITEX,103.05,103.8,102.3,103.1,9731.0
2019-11-15 09:00:00,NSE:KITEX,103.0,105.0,103.0,104.7,9693.0
2019-11-15 10:00:00,NSE:KITEX,104.9,104.9,102.3,102.3,8442.0
2019-11-15 11:00:00,NSE:KITEX,102.85,102.95,101.5,101.5,8096.0
2019-11-15 12:00:00,NSE:KITEX,101.5,102.0,101.5,101.85,2435.0
2019-11-15 13:00:00,NSE:KITEX,102.0,102.0,100.5,101.8,13705.0
2019-11-15 14:00:00,NSE:KITEX,101.45,101.5,100.5,101.15,12527.0
2019-11-15 15:00:00,NSE:KITEX,101.15,101.75,100.5,100.8,9158.0
2019-11-18 09:00:00,NSE:KITEX,101.0,101.75,98.5,99.35,22782.0
2019-11-18 10:00:00,NSE:KITEX,99.25,99.6,98.5,98.5,7526.0
2019-11-18 11:00:00,NSE:KITEX,98.3,98.65,98.2,98.4,5940.0
2019-11-18 12:00:00,NSE:KITEX,98.4,106.5,98.4,104.95,112893.0
2019-11-18 13:00:00,NSE:KITEX,104.75,104.75,102.1,103.3,20912.0
2019-11-18 14:00:00,NSE:KITEX,103.1,105.2,102.75,103.05,15299.0
2019-11-18 15:00:00,NSE:KITEX,103.3,103.95,102.75,103.35,17030.0
2019-11-19 09:00:00,NSE:KITEX,102.75,104.2,102.6,103.5,11629.0
2019-11-19 10:00:00,NSE:KITEX,103.2,104.05,102.75,103.35,12101.0
2019-11-19 11:00:00,NSE:KITEX,103.0,103.5,102.6,103.1,7243.0
2019-11-19 12:00:00,NSE:KITEX,103.25,103.35,102.7,102.75,4448.0
2019-11-19 13:00:00,NSE:KITEX,102.7,103.05,102.3,102.5,5947.0
2019-11-19 14:00:00,NSE:KITEX,102.6,103.0,101.85,102.55,5455.0
2019-11-19 15:00:00,NSE:KITEX,102.45,102.5,101.15,101.9,11382.0
2019-11-20 09:00:00,NSE:KITEX,104.8,104.8,102.05,102.25,9010.0
2019-11-20 10:00:00,NSE:KITEX,102.05,102.5,101.1,101.45,5706.0
2019-11-20 11:00:00,NSE:KITEX,101.6,102.15,101.4,101.8,4248.0
2019-11-20 12:00:00,NSE:KITEX,101.8,101.9,101.1,101.5,4689.0
2019-11-20 13:00:00,NSE:KITEX,101.5,102.0,101.25,102.0,4553.0
2019-11-20 14:00:00,NSE:KITEX,102.0,102.0,100.35,100.65,11517.0
2019-11-20 15:00:00,NSE:KITEX,100.65,101.65,99.75,100.45,9767.0
2019-11-21 09:00:00,NSE:KITEX,100.1,100.75,99.8,99.9,9044.0
2019-11-21 10:00:00,NSE:KITEX,99.75,99.75,99.0,99.3,7511.0
2019-11-21 11:00:00,NSE:KITEX,99.05,99.2,98.7,98.7,6268.0
2019-11-21 12:00:00,NSE:KITEX,98.6,99.15,98.1,98.6,12522.0
2019-11-21 13:00:00,NSE:KITEX,98.6,98.7,98.05,98.6,8536.0
2019-11-21 14:00:00,NSE:KITEX,98.6,98.8,98.0,98.4,6023.0
2019-11-21 15:00:00,NSE:KITEX,98.35,98.35,97.4,97.45,10352.0
2019-11-22 09:00:00,NSE:KITEX,98.75,98.75,95.8,96.0,11903.0
2019-11-22 10:00:00,NSE:KITEX,96.25,96.65,95.0,95.95,9619.0
2019-11-22 11:00:00,NSE:KITEX,95.7,96.2,95.15,95.8,4737.0
2019-11-22 12:00:00,NSE:KITEX,95.8,97.05,95.55,96.7,3569.0
2019-11-22 13:00:00,NSE:KITEX,96.55,96.6,94.85,96.0,14108.0
2019-11-22 14:00:00,NSE:KITEX,96.2,96.8,94.5,94.8,14206.0
2019-11-22 15:00:00,NSE:KITEX,94.9,95.95,94.5,95.45,9138.0
2019-11-25 09:00:00,NSE:KITEX,95.1,97.95,95.1,97.5,8116.0
2019-11-25 10:00:00,NSE:KITEX,97.45,97.65,96.75,97.15,5047.0
2019-11-25 11:00:00,NSE:KITEX,97.05,97.9,97.05,97.35,4070.0
2019-11-25 12:00:00,NSE:KITEX,97.3,97.3,97.0,97.0,439.0
2019-11-25 13:00:00,NSE:KITEX,97.0,97.2,96.8,96.85,3155.0
2019-11-25 14:00:00,NSE:KITEX,97.15,97.6,96.65,97.6,5339.0
2019-11-25 15:00:00,NSE:KITEX,97.6,97.95,96.65,97.4,5425.0
2019-11-26 09:00:00,NSE:KITEX,98.4,100.5,97.6,100.45,14685.0
2019-11-26 10:00:00,NSE:KITEX,100.05,100.75,99.45,99.45,18311.0
2019-11-26 11:00:00,NSE:KITEX,99.5,101.0,99.45,100.35,13626.0
2019-11-26 12:00:00,NSE:KITEX,100.35,100.65,100.2,100.5,6599.0
2019-11-26 13:00:00,NSE:KITEX,100.55,100.75,99.75,99.75,3913.0
2019-11-26 14:00:00,NSE:KITEX,99.7,100.0,99.45,99.85,8954.0
2019-11-26 15:00:00,NSE:KITEX,99.9,100.9,99.8,100.7,13952.0
2019-11-27 09:00:00,NSE:KITEX,99.5,102.0,99.3,102.0,13622.0
2019-11-27 10:00:00,NSE:KITEX,102.0,103.0,101.0,101.45,15025.0
2019-11-27 11:00:00,NSE:KITEX,101.45,101.45,99.0,99.65,10238.0
2019-11-27 12:00:00,NSE:KITEX,99.5,100.05,99.2,99.35,3265.0
2019-11-27 13:00:00,NSE:KITEX,99.5,100.75,99.5,100.75,4967.0
2019-11-27 14:00:00,NSE:KITEX,100.25,100.65,99.1,99.35,6456.0
2019-11-27 15:00:00,NSE:KITEX,99.2,100.2,98.55,99.0,8326.0
2019-11-28 09:00:00,NSE:KITEX,99.0,100.6,99.0,100.0,2605.0
2019-11-28 10:00:00,NSE:KITEX,100.0,100.25,99.0,99.0,4124.0
2019-11-28 11:00:00,NSE:KITEX,99.35,99.35,98.0,99.0,4499.0
2019-11-28 12:00:00,NSE:KITEX,99.45,99.55,98.1,98.1,3462.0
2019-11-28 13:00:00,NSE:KITEX,98.1,99.35,98.1,98.7,4158.0
2019-11-28 14:00:00,NSE:KITEX,99.15,99.3,98.3,98.5,2914.0
2019-11-28 15:00:00,NSE:KITEX,98.35,99.3,97.5,98.35,6953.0
2019-11-29 09:00:00,NSE:KITEX,98.8,99.0,98.25,99.0,4618.0
2019-11-29 10:00:00,NSE:KITEX,99.0,100.75,98.7,99.55,10817.0
2019-11-29 11:00:00,NSE:KITEX,99.35,99.45,98.2,98.2,3175.0
2019-11-29 12:00:00,NSE:KITEX,98.25,99.2,98.25,99.15,2375.0
2019-11-29 13:00:00,NSE:KITEX,98.95,98.95,98.3,98.5,2965.0
2019-11-29 14:00:00,NSE:KITEX,98.5,98.85,98.0,98.1,7995.0
2019-11-29 15:00:00,NSE:KITEX,98.0,99.35,98.0,99.0,4801.0
2019-12-02 09:00:00,NSE:KITEX,98.05,98.85,98.05,98.2,4178.0
2019-12-02 10:00:00,NSE:KITEX,98.05,98.05,97.0,97.5,6342.0
2019-12-02 11:00:00,NSE:KITEX,97.65,99.75,97.35,99.05,4507.0
2019-12-02 12:00:00,NSE:KITEX,98.55,98.95,97.9,98.05,3362.0
2019-12-02 13:00:00,NSE:KITEX,98.05,98.45,97.35,97.65,2047.0
2019-12-02 14:00:00,NSE:KITEX,97.55,97.55,96.0,97.1,6889.0
2019-12-02 15:00:00,NSE:KITEX,97.5,98.3,96.0,97.0,5883.0
2019-12-03 09:00:00,NSE:KITEX,97.0,97.45,96.1,96.1,5893.0
2019-12-03 10:00:00,NSE:KITEX,96.3,97.0,96.1,96.65,2677.0
2019-12-03 11:00:00,NSE:KITEX,96.6,96.85,96.15,96.35,1928.0
2019-12-03 12:00:00,NSE:KITEX,96.2,96.5,96.2,96.25,1531.0
2019-12-03 13:00:00,NSE:KITEX,96.25,96.45,96.25,96.25,206.0
2019-12-03 14:00:00,NSE:KITEX,96.2,96.25,96.1,96.25,2418.0
2019-12-03 15:00:00,NSE:KITEX,96.45,96.5,96.0,96.0,1876.0
2019-12-04 09:00:00,NSE:KITEX,96.3,96.3,94.1,95.35,4509.0
2019-12-04 10:00:00,NSE:KITEX,95.95,95.95,95.0,95.15,3914.0
2019-12-04 11:00:00,NSE:KITEX,95.15,95.3,94.7,95.15,4819.0
2019-12-04 12:00:00,NSE:KITEX,95.05,95.2,94.7,95.05,1104.0
2019-12-04 13:00:00,NSE:KITEX,95.25,95.3,95.0,95.25,2255.0
2019-12-04 14:00:00,NSE:KITEX,95.05,95.05,93.6,94.5,8907.0
2019-12-04 15:00:00,NSE:KITEX,94.7,95.0,94.55,95.0,3347.0
2019-12-05 09:00:00,NSE:KITEX,95.55,95.55,94.65,95.0,1759.0
2019-12-05 10:00:00,NSE:KITEX,95.0,95.5,94.5,94.9,4329.0
2019-12-05 11:00:00,NSE:KITEX,94.9,95.35,94.6,95.0,4183.0
2019-12-05 12:00:00,NSE:KITEX,95.2,95.5,95.0,95.0,1929.0
2019-12-05 13:00:00,NSE:KITEX,95.05,95.15,94.5,95.1,2687.0
2019-12-05 14:00:00,NSE:KITEX,94.95,95.05,94.05,94.3,5120.0
2019-12-05 15:00:00,NSE:KITEX,94.45,95.15,93.8,94.25,9426.0
2019-12-06 09:00:00,NSE:KITEX,94.25,94.95,93.7,94.2,2486.0
2019-12-06 10:00:00,NSE:KITEX,94.2,94.65,94.1,94.1,2074.0
2019-12-06 11:00:00,NSE:KITEX,94.2,94.7,93.5,93.5,3104.0
2019-12-06 12:00:00,NSE:KITEX,94.0,94.5,93.9,94.05,974.0
2019-12-06 13:00:00,NSE:KITEX,94.0,94.0,93.75,93.9,539.0
2019-12-06 14:00:00,NSE:KITEX,94.0,94.05,92.3,92.5,4600.0
2019-12-06 15:00:00,NSE:KITEX,92.6,94.3,92.5,93.45,9312.0
2019-12-09 09:00:00,NSE:KITEX,92.0,94.2,92.0,93.65,2384.0
2019-12-09 10:00:00,NSE:KITEX,93.65,93.75,92.7,93.4,2570.0
2019-12-09 11:00:00,NSE:KITEX,93.6,94.05,93.55,93.6,749.0
2019-12-09 12:00:00,NSE:KITEX,93.65,94.3,93.6,93.9,2126.0
2019-12-09 13:00:00,NSE:KITEX,93.9,98.0,93.9,96.25,20908.0
2019-12-09 14:00:00,NSE:KITEX,96.15,96.25,94.0,94.2,3788.0
2019-12-09 15:00:00,NSE:KITEX,94.6,94.85,94.1,94.1,2227.0
2019-12-10 09:00:00,NSE:KITEX,93.1,95.4,93.0,95.1,6421.0
2019-12-10 10:00:00,NSE:KITEX,95.1,95.25,93.8,94.15,3117.0
2019-12-10 11:00:00,NSE:KITEX,94.15,94.65,93.75,94.2,1575.0
2019-12-10 12:00:00,NSE:KITEX,94.5,94.5,93.75,94.05,733.0
2019-12-10 13:00:00,NSE:KITEX,94.05,94.9,94.0,94.5,2158.0
2019-12-10 14:00:00,NSE:KITEX,94.75,94.75,93.5,93.5,1848.0
2019-12-10 15:00:00,NSE:KITEX,93.6,95.0,93.5,94.25,2982.0
2019-12-11 09:00:00,NSE:KITEX,93.05,94.95,93.0,93.2,4191.0
2019-12-11 10:00:00,NSE:KITEX,93.6,93.95,93.3,93.3,3077.0
2019-12-11 11:00:00,NSE:KITEX,93.3,94.05,93.3,93.75,1296.0
2019-12-11 12:00:00,NSE:KITEX,93.85,93.85,92.5,93.0,6801.0
2019-12-11 13:00:00,NSE:KITEX,93.1,93.5,92.7,93.0,1859.0
2019-12-11 14:00:00,NSE:KITEX,93.35,93.45,92.75,92.75,1865.0
2019-12-11 15:00:00,NSE:KITEX,92.95,93.3,92.65,93.0,4094.0
2019-12-12 09:00:00,NSE:KITEX,93.8,93.9,92.05,93.55,1555.0
2019-12-12 10:00:00,NSE:KITEX,93.55,93.9,92.5,92.55,6142.0
2019-12-12 11:00:00,NSE:KITEX,92.9,92.95,91.8,92.0,8004.0
2019-12-12 12:00:00,NSE:KITEX,92.4,92.7,91.8,92.4,2552.0
2019-12-12 13:00:00,NSE:KITEX,92.35,92.4,92.05,92.4,701.0
2019-12-12 14:00:00,NSE:KITEX,92.4,93.75,92.4,93.4,3560.0
2019-12-12 15:00:00,NSE:KITEX,93.4,94.0,93.0,94.0,5711.0
2019-12-13 09:00:00,NSE:KITEX,94.0,94.8,93.0,94.45,2813.0
2019-12-13 10:00:00,NSE:KITEX,94.1,94.9,94.1,94.8,1698.0
2019-12-13 11:00:00,NSE:KITEX,94.7,94.7,93.85,94.05,2150.0
2019-12-13 12:00:00,NSE:KITEX,94.5,95.0,93.0,93.8,7136.0
2019-12-13 13:00:00,NSE:KITEX,94.1,94.2,93.8,93.9,570.0
2019-12-13 14:00:00,NSE:KITEX,94.05,94.55,94.0,94.05,868.0
2019-12-13 15:00:00,NSE:KITEX,94.4,95.0,94.05,94.9,3302.0
2019-12-16 09:00:00,NSE:KITEX,96.9,96.9,94.55,95.2,3467.0
2019-12-16 10:00:00,NSE:KITEX,95.2,95.5,95.05,95.5,3949.0
2019-12-16 11:00:00,NSE:KITEX,95.45,95.5,95.05,95.1,1245.0
2019-12-16 12:00:00,NSE:KITEX,95.05,95.4,95.0,95.05,1476.0
2019-12-16 13:00:00,NSE:KITEX,95.05,95.35,94.05,95.2,2851.0
2019-12-16 14:00:00,NSE:KITEX,95.1,95.1,94.5,94.5,537.0
2019-12-16 15:00:00,NSE:KITEX,94.1,94.9,94.0,94.0,1597.0
2019-12-17 09:00:00,NSE:KITEX,93.55,94.5,93.55,94.2,1344.0
2019-12-17 10:00:00,NSE:KITEX,94.25,94.35,94.05,94.05,1345.0
2019-12-17 11:00:00,NSE:KITEX,94.05,94.75,93.85,94.15,1291.0
2019-12-17 12:00:00,NSE:KITEX,94.05,94.5,94.05,94.5,327.0
2019-12-17 13:00:00,NSE:KITEX,93.6,94.4,93.6,94.4,3583.0
2019-12-17 14:00:00,NSE:KITEX,94.5,94.5,94.05,94.1,1435.0
2019-12-17 15:00:00,NSE:KITEX,94.05,94.5,93.75,94.0,3888.0
2019-12-18 09:00:00,NSE:KITEX,95.15,95.15,94.25,94.5,1545.0
2019-12-18 10:00:00,NSE:KITEX,94.45,94.5,94.2,94.45,3798.0
2019-12-18 11:00:00,NSE:KITEX,94.5,94.5,93.6,94.05,2238.0
2019-12-18 12:00:00,NSE:KITEX,94.1,94.55,93.55,94.55,2797.0
2019-12-18 13:00:00,NSE:KITEX,94.55,94.65,94.05,94.05,1401.0
2019-12-18 14:00:00,NSE:KITEX,92.0,94.5,92.0,94.15,8452.0
2019-12-18 15:00:00,NSE:KITEX,94.15,94.5,94.0,94.45,4123.0
2019-12-19 09:00:00,NSE:KITEX,94.1,94.5,93.8,94.0,3568.0
2019-12-19 10:00:00,NSE:KITEX,94.0,94.5,94.0,94.45,1637.0
2019-12-19 11:00:00,NSE:KITEX,94.5,94.5,88.0,90.85,17316.0
2019-12-19 12:00:00,NSE:KITEX,90.85,93.0,90.55,92.6,9844.0
2019-12-19 13:00:00,NSE:KITEX,92.65,92.9,92.65,92.8,2957.0
2019-12-19 14:00:00,NSE:KITEX,93.0,93.75,92.85,93.45,4023.0
2019-12-19 15:00:00,NSE:KITEX,93.15,94.5,93.0,93.6,7735.0
2019-12-20 09:00:00,NSE:KITEX,93.75,94.0,93.5,93.9,1810.0
2019-12-20 10:00:00,NSE:KITEX,93.9,93.9,93.55,93.75,1152.0
2019-12-20 11:00:00,NSE:KITEX,93.9,94.95,93.55,94.05,9040.0
2019-12-20 12:00:00,NSE:KITEX,94.0,94.8,93.5,93.95,3199.0
2019-12-20 13:00:00,NSE:KITEX,93.95,94.5,93.5,94.5,2383.0
2019-12-20 14:00:00,NSE:KITEX,94.45,94.5,93.95,94.05,715.0
2019-12-20 15:00:00,NSE:KITEX,94.0,94.35,93.6,94.0,3299.0
2019-12-23 09:00:00,NSE:KITEX,95.4,95.4,93.1,93.8,4686.0
2019-12-23 10:00:00,NSE:KITEX,94.0,95.0,94.0,94.65,4032.0
2019-12-23 11:00:00,NSE:KITEX,95.0,95.0,94.3,94.55,2677.0
2019-12-23 12:00:00,NSE:KITEX,94.55,95.5,94.5,95.5,8510.0
2019-12-23 13:00:00,NSE:KITEX,95.6,96.0,95.0,95.35,3504.0
2019-12-23 14:00:00,NSE:KITEX,95.05,95.5,95.0,95.05,3574.0
2019-12-23 15:00:00,NSE:KITEX,95.3,95.5,95.0,95.5,2682.0
2019-12-24 09:00:00,NSE:KITEX,96.45,96.5,95.3,96.15,5611.0
2019-12-24 10:00:00,NSE:KITEX,96.2,96.3,96.0,96.0,1345.0
2019-12-24 11:00:00,NSE:KITEX,96.0,96.8,96.0,96.5,4478.0
2019-12-24 12:00:00,NSE:KITEX,96.15,101.9,96.05,101.75,53796.0
2019-12-24 13:00:00,NSE:KITEX,101.75,105.0,100.5,101.8,59930.0
2019-12-24 14:00:00,NSE:KITEX,101.8,102.9,101.5,102.0,15049.0
2019-12-24 15:00:00,NSE:KITEX,101.75,102.85,101.7,102.1,38140.0
2019-12-26 09:00:00,NSE:KITEX,103.0,103.75,102.0,103.05,18615.0
2019-12-26 10:00:00,NSE:KITEX,103.0,108.0,103.0,106.85,82622.0
2019-12-26 11:00:00,NSE:KITEX,108.0,108.0,106.0,106.05,36560.0
2019-12-26 12:00:00,NSE:KITEX,106.05,106.65,105.25,105.35,10899.0
2019-12-26 13:00:00,NSE:KITEX,105.5,105.85,104.2,104.85,14957.0
2019-12-26 14:00:00,NSE:KITEX,105.1,106.5,104.8,105.95,11634.0
2019-12-26 15:00:00,NSE:KITEX,105.5,106.15,104.65,105.35,21000.0
2019-12-27 09:00:00,NSE:KITEX,106.15,106.5,105.05,105.1,17572.0
2019-12-27 10:00:00,NSE:KITEX,105.5,105.55,103.6,104.5,8368.0
2019-12-27 11:00:00,NSE:KITEX,104.0,104.5,103.1,103.4,6009.0
2019-12-27 12:00:00,NSE:KITEX,103.25,103.4,102.25,103.0,4945.0
2019-12-27 13:00:00,NSE:KITEX,103.0,103.65,103.0,103.65,2329.0
2019-12-27 14:00:00,NSE:KITEX,103.7,104.5,103.5,103.5,3520.0
2019-12-27 15:00:00,NSE:KITEX,103.55,105.0,102.5,102.8,8315.0
2019-12-30 09:00:00,NSE:KITEX,103.0,104.55,103.0,103.7,4063.0
2019-12-30 10:00:00,NSE:KITEX,103.85,105.6,103.0,105.55,20788.0
2019-12-30 11:00:00,NSE:KITEX,105.55,106.0,103.3,103.4,16726.0
2019-12-30 12:00:00,NSE:KITEX,103.4,104.6,103.0,104.6,9002.0
2019-12-30 13:00:00,NSE:KITEX,104.6,105.45,103.95,103.95,11696.0
2019-12-30 14:00:00,NSE:KITEX,103.8,104.5,103.5,103.95,2959.0
2019-12-30 15:00:00,NSE:KITEX,103.8,104.9,103.6,104.3,5236.0
2019-12-31 09:00:00,NSE:KITEX,104.7,104.7,103.1,104.05,2244.0
2019-12-31 10:00:00,NSE:KITEX,104.1,104.45,103.8,104.15,1682.0
2019-12-31 11:00:00,NSE:KITEX,104.1,104.35,103.5,103.8,3863.0
2019-12-31 12:00:00,NSE:KITEX,103.75,107.0,103.5,104.5,21316.0
2019-12-31 13:00:00,NSE:KITEX,105.3,106.5,104.85,105.25,8976.0
2019-12-31 14:00:00,NSE:KITEX,105.3,105.5,102.95,103.4,19098.0
2019-12-31 15:00:00,NSE:KITEX,103.45,103.8,101.55,102.5,18452.0
2020-01-01 09:00:00,NSE:KITEX,103.85,104.5,102.95,104.35,7363.0
2020-01-01 10:00:00,NSE:KITEX,104.1,104.35,103.6,103.6,5393.0
2020-01-01 11:00:00,NSE:KITEX,103.7,105.0,103.6,104.75,10233.0
2020-01-01 12:00:00,NSE:KITEX,104.95,123.0,104.8,115.5,457073.0
2020-01-01 13:00:00,NSE:KITEX,115.5,118.5,115.1,115.7,110874.0
2020-01-01 14:00:00,NSE:KITEX,115.7,117.8,115.2,116.55,44088.0
2020-01-01 15:00:00,NSE:KITEX,116.5,117.7,115.15,116.3,82267.0
2020-01-02 09:00:00,NSE:KITEX,117.45,123.0,117.45,119.1,118382.0
2020-01-02 10:00:00,NSE:KITEX,119.1,120.15,118.55,118.55,59294.0
2020-01-02 11:00:00,NSE:KITEX,118.8,119.75,118.6,119.0,16104.0
2020-01-02 12:00:00,NSE:KITEX,118.75,118.9,117.8,118.2,14132.0
2020-01-02 13:00:00,NSE:KITEX,118.0,118.75,117.0,118.0,15505.0
2020-01-02 14:00:00,NSE:KITEX,118.0,119.0,117.0,118.5,21540.0
2020-01-02 15:00:00,NSE:KITEX,117.95,118.15,113.6,116.55,53050.0
2020-01-03 09:00:00,NSE:KITEX,116.55,117.9,114.0,114.5,32061.0
2020-01-03 10:00:00,NSE:KITEX,114.45,116.5,114.3,115.0,11677.0
2020-01-03 11:00:00,NSE:KITEX,114.8,115.85,114.0,114.5,9633.0
2020-01-03 12:00:00,NSE:KITEX,114.5,114.65,113.0,113.6,8343.0
2020-01-03 13:00:00,NSE:KITEX,113.7,113.85,112.7,113.0,13213.0
2020-01-03 14:00:00,NSE:KITEX,113.55,113.85,112.0,113.35,13279.0
2020-01-03 15:00:00,NSE:KITEX,113.35,113.95,110.6,111.0,32153.0
2020-01-06 09:00:00,NSE:KITEX,111.0,112.0,106.1,108.5,50942.0
2020-01-06 10:00:00,NSE:KITEX,108.5,110.3,108.05,110.1,18599.0
2020-01-06 11:00:00,NSE:KITEX,109.8,111.8,109.7,110.0,20290.0
2020-01-06 12:00:00,NSE:KITEX,110.2,111.15,109.7,110.15,6652.0
2020-01-06 13:00:00,NSE:KITEX,110.45,110.45,109.75,110.0,4735.0
2020-01-06 14:00:00,NSE:KITEX,109.9,110.45,107.65,109.8,28719.0
2020-01-06 15:00:00,NSE:KITEX,110.0,110.4,107.6,108.7,12349.0
2020-01-07 09:00:00,NSE:KITEX,110.0,119.4,109.95,119.2,84284.0
2020-01-07 10:00:00,NSE:KITEX,119.65,119.8,114.5,115.0,73385.0
2020-01-07 11:00:00,NSE:KITEX,115.1,116.8,114.5,115.8,23872.0
2020-01-07 12:00:00,NSE:KITEX,115.75,117.0,115.5,115.7,21474.0
2020-01-07 13:00:00,NSE:KITEX,115.75,116.1,114.6,115.0,10399.0
2020-01-07 14:00:00,NSE:KITEX,115.3,116.8,115.15,115.15,15193.0
2020-01-07 15:00:00,NSE:KITEX,115.15,117.0,115.15,116.3,30542.0
2020-01-08 09:00:00,NSE:KITEX,113.35,116.8,113.25,115.3,46248.0
2020-01-08 10:00:00,NSE:KITEX,115.3,116.0,115.0,115.1,7447.0
2020-01-08 11:00:00,NSE:KITEX,115.0,115.8,115.0,115.1,7484.0
2020-01-08 12:00:00,NSE:KITEX,115.4,120.0,115.0,118.15,82732.0
2020-01-08 13:00:00,NSE:KITEX,118.5,118.65,117.1,117.35,10267.0
2020-01-08 14:00:00,NSE:KITEX,117.35,131.4,117.2,126.6,803887.0
2020-01-08 15:00:00,NSE:KITEX,126.6,127.8,124.6,126.2,161185.0
2020-01-09 09:00:00,NSE:KITEX,129.75,132.0,125.65,129.7,249646.0
2020-01-09 10:00:00,NSE:KITEX,129.65,131.8,127.0,128.55,132166.0
2020-01-09 11:00:00,NSE:KITEX,128.6,129.4,128.25,128.8,20905.0
2020-01-09 12:00:00,NSE:KITEX,128.7,131.0,128.3,129.0,34360.0
2020-01-09 13:00:00,NSE:KITEX,128.9,129.7,126.8,127.25,20519.0
2020-01-09 14:00:00,NSE:KITEX,127.3,128.55,126.45,127.65,47628.0
2020-01-09 15:00:00,NSE:KITEX,127.65,127.75,125.05,126.5,59512.0
2020-01-10 09:00:00,NSE:KITEX,127.6,128.15,123.75,126.5,36515.0
2020-01-10 10:00:00,NSE:KITEX,125.85,126.75,125.6,126.35,18236.0
2020-01-10 11:00:00,NSE:KITEX,126.1,126.45,125.7,125.9,8752.0
2020-01-10 12:00:00,NSE:KITEX,125.65,125.75,124.5,124.5,12407.0
2020-01-10 13:00:00,NSE:KITEX,124.5,125.0,124.25,124.25,9323.0
2020-01-10 14:00:00,NSE:KITEX,124.25,125.0,123.65,123.85,14154.0
2020-01-10 15:00:00,NSE:KITEX,124.0,125.0,123.45,124.1,13853.0
2020-01-13 09:00:00,NSE:KITEX,124.1,129.0,124.1,127.65,66817.0
2020-01-13 10:00:00,NSE:KITEX,127.6,127.8,126.25,127.05,23782.0
2020-01-13 11:00:00,NSE:KITEX,127.0,127.5,126.3,126.5,8202.0
2020-01-13 12:00:00,NSE:KITEX,126.5,126.95,126.2,126.45,5739.0
2020-01-13 13:00:00,NSE:KITEX,126.75,126.8,125.3,125.3,5442.0
2020-01-13 14:00:00,NSE:KITEX,125.3,126.05,124.1,124.2,18178.0
2020-01-13 15:00:00,NSE:KITEX,124.2,127.0,124.1,125.5,26210.0
2020-01-14 09:00:00,NSE:KITEX,125.3,127.2,124.1,125.2,18723.0
2020-01-14 10:00:00,NSE:KITEX,124.75,126.0,124.7,125.8,7516.0
2020-01-14 11:00:00,NSE:KITEX,125.85,126.0,124.45,124.8,6946.0
2020-01-14 12:00:00,NSE:KITEX,124.8,125.75,124.0,124.0,6842.0
2020-01-14 13:00:00,NSE:KITEX,124.0,124.05,121.1,123.0,32898.0
2020-01-14 14:00:00,NSE:KITEX,123.05,123.4,122.35,123.1,8529.0
2020-01-14 15:00:00,NSE:KITEX,123.15,126.0,123.0,124.4,28100.0
2020-01-15 09:00:00,NSE:KITEX,124.0,130.25,124.0,127.6,76706.0
2020-01-15 10:00:00,NSE:KITEX,128.0,128.9,127.1,128.1,25259.0
2020-01-15 11:00:00,NSE:KITEX,128.1,128.15,126.85,127.25,20334.0
2020-01-15 12:00:00,NSE:KITEX,127.25,127.7,127.0,127.05,3855.0
2020-01-15 13:00:00,NSE:KITEX,127.05,127.7,126.3,126.7,8542.0
2020-01-15 14:00:00,NSE:KITEX,126.55,128.15,126.55,127.5,39655.0
2020-01-15 15:00:00,NSE:KITEX,127.95,128.0,127.1,127.4,12955.0
2020-01-16 09:00:00,NSE:KITEX,128.3,129.0,125.85,126.2,16170.0
2020-01-16 10:00:00,NSE:KITEX,126.0,126.0,124.65,125.15,13447.0
2020-01-16 11:00:00,NSE:KITEX,125.05,126.8,125.05,126.1,16010.0
2020-01-16 12:00:00,NSE:KITEX,126.1,126.9,126.0,126.0,4221.0
2020-01-16 13:00:00,NSE:KITEX,125.75,130.9,125.5,128.0,75226.0
2020-01-16 14:00:00,NSE:KITEX,128.25,130.4,126.5,127.7,51329.0
2020-01-16 15:00:00,NSE:KITEX,127.5,127.5,125.95,126.0,27847.0
2020-01-17 09:00:00,NSE:KITEX,127.35,129.2,126.6,128.3,52392.0
2020-01-17 10:00:00,NSE:KITEX,128.8,129.6,127.25,128.15,43140.0
2020-01-17 11:00:00,NSE:KITEX,128.55,131.3,128.2,128.9,86729.0
2020-01-17 12:00:00,NSE:KITEX,129.0,129.3,127.55,129.0,26988.0
2020-01-17 13:00:00,NSE:KITEX,128.4,130.0,128.35,129.0,19244.0
2020-01-17 14:00:00,NSE:KITEX,129.0,130.3,128.55,128.55,20291.0
2020-01-17 15:00:00,NSE:KITEX,128.75,130.5,128.15,129.25,47776.0
2020-01-20 09:00:00,NSE:KITEX,127.0,129.0,125.95,126.45,35105.0
2020-01-20 10:00:00,NSE:KITEX,126.35,127.55,126.0,127.1,14070.0
2020-01-20 11:00:00,NSE:KITEX,127.1,127.25,126.15,126.15,6766.0
2020-01-20 12:00:00,NSE:KITEX,126.0,126.5,122.25,124.4,46183.0
2020-01-20 13:00:00,NSE:KITEX,124.0,124.5,124.0,124.3,8085.0
2020-01-20 14:00:00,NSE:KITEX,124.3,124.95,124.0,124.95,10559.0
2020-01-20 15:00:00,NSE:KITEX,124.8,126.0,124.65,126.0,32512.0
2020-01-21 09:00:00,NSE:KITEX,125.1,125.3,122.6,124.7,15020.0
2020-01-21 10:00:00,NSE:KITEX,124.6,126.7,124.05,124.3,39620.0
2020-01-21 11:00:00,NSE:KITEX,124.25,126.6,123.35,126.6,20583.0
2020-01-21 12:00:00,NSE:KITEX,126.85,128.9,126.0,127.9,70421.0
2020-01-21 13:00:00,NSE:KITEX,127.9,129.5,127.1,127.25,41722.0
2020-01-21 14:00:00,NSE:KITEX,127.1,127.5,126.7,127.1,15461.0
2020-01-21 15:00:00,NSE:KITEX,127.1,127.95,126.0,127.0,31261.0
2020-01-22 09:00:00,NSE:KITEX,127.1,128.6,125.6,126.0,100037.0
2020-01-22 10:00:00,NSE:KITEX,125.9,126.45,124.5,126.05,34923.0
2020-01-22 11:00:00,NSE:KITEX,126.4,126.75,126.0,126.5,4211.0
2020-01-22 12:00:00,NSE:KITEX,126.65,126.75,124.0,125.25,24287.0
2020-01-22 13:00:00,NSE:KITEX,125.5,125.5,123.7,124.85,16258.0
2020-01-22 14:00:00,NSE:KITEX,124.8,125.65,124.0,125.25,12900.0
2020-01-22 15:00:00,NSE:KITEX,125.65,125.8,125.0,125.8,21299.0
2020-01-23 09:00:00,NSE:KITEX,124.1,128.0,124.1,127.5,16996.0
2020-01-23 10:00:00,NSE:KITEX,127.1,127.5,126.6,126.85,7379.0
2020-01-23 11:00:00,NSE:KITEX,126.6,127.0,126.5,127.0,5805.0
2020-01-23 12:00:00,NSE:KITEX,127.0,127.2,126.8,127.0,7027.0
2020-01-23 13:00:00,NSE:KITEX,127.1,128.0,126.2,126.5,9484.0
2020-01-23 14:00:00,NSE:KITEX,126.5,127.75,126.5,127.0,9979.0
2020-01-23 15:00:00,NSE:KITEX,127.1,127.75,126.85,127.3,12624.0
2020-01-24 09:00:00,NSE:KITEX,127.3,128.15,126.65,127.0,15791.0
2020-01-24 10:00:00,NSE:KITEX,127.05,127.35,126.65,127.15,5237.0
2020-01-24 11:00:00,NSE:KITEX,127.15,127.55,126.3,126.5,6321.0
2020-01-24 12:00:00,NSE:KITEX,126.5,129.9,126.3,128.45,28688.0
2020-01-24 13:00:00,NSE:KITEX,128.4,128.45,128.0,128.1,9260.0
2020-01-24 14:00:00,NSE:KITEX,128.1,129.1,128.0,128.25,25174.0
2020-01-24 15:00:00,NSE:KITEX,128.1,128.3,128.05,128.1,15453.0
2020-01-27 09:00:00,NSE:KITEX,127.2,129.1,125.5,126.55,54329.0
2020-01-27 10:00:00,NSE:KITEX,126.95,128.0,126.85,127.1,10107.0
2020-01-27 11:00:00,NSE:KITEX,127.0,127.15,126.4,127.15,8073.0
2020-01-27 12:00:00,NSE:KITEX,127.0,127.75,126.5,127.25,6785.0
2020-01-27 13:00:00,NSE:KITEX,127.25,127.5,126.9,127.3,8327.0
2020-01-27 14:00:00,NSE:KITEX,127.1,127.3,126.7,127.0,14621.0
2020-01-27 15:00:00,NSE:KITEX,127.15,127.45,127.0,127.1,8605.0
2020-01-28 09:00:00,NSE:KITEX,127.85,127.85,127.0,127.0,6812.0
2020-01-28 10:00:00,NSE:KITEX,127.0,127.35,125.3,127.15,45677.0
2020-01-28 11:00:00,NSE:KITEX,127.25,128.0,126.75,127.25,14413.0
2020-01-28 12:00:00,NSE:KITEX,127.0,127.85,126.9,127.55,9034.0
2020-01-28 13:00:00,NSE:KITEX,127.1,127.6,126.9,126.9,8142.0
2020-01-28 14:00:00,NSE:KITEX,126.9,127.7,126.55,127.1,42305.0
2020-01-28 15:00:00,NSE:KITEX,127.0,127.3,123.25,125.35,119165.0
2020-01-29 09:00:00,NSE:KITEX,125.35,127.0,124.35,126.85,11811.0
2020-01-29 10:00:00,NSE:KITEX,126.95,126.95,124.95,125.3,16486.0
2020-01-29 11:00:00,NSE:KITEX,125.3,125.3,123.05,123.65,19119.0
2020-01-29 12:00:00,NSE:KITEX,123.6,124.0,123.4,123.85,8706.0
2020-01-29 13:00:00,NSE:KITEX,124.0,124.5,123.5,124.1,7101.0
2020-01-29 14:00:00,NSE:KITEX,124.1,124.1,123.25,123.6,14609.0
2020-01-29 15:00:00,NSE:KITEX,123.7,123.7,122.2,122.85,15550.0
2020-01-30 09:00:00,NSE:KITEX,123.9,124.85,118.7,121.0,33917.0
2020-01-30 10:00:00,NSE:KITEX,121.0,121.15,118.0,119.25,24469.0
2020-01-30 11:00:00,NSE:KITEX,119.2,119.5,118.05,119.0,22474.0
2020-01-30 12:00:00,NSE:KITEX,118.85,118.9,118.5,118.55,4021.0
2020-01-30 13:00:00,NSE:KITEX,118.5,118.9,118.5,118.8,2184.0
2020-01-30 14:00:00,NSE:KITEX,118.85,118.85,117.85,118.65,8423.0
2020-01-30 15:00:00,NSE:KITEX,118.45,119.0,118.0,118.9,12188.0
2020-01-31 09:00:00,NSE:KITEX,121.45,121.75,118.0,119.5,12339.0
2020-01-31 10:00:00,NSE:KITEX,119.75,121.0,118.5,118.7,12744.0
2020-01-31 11:00:00,NSE:KITEX,118.95,119.35,118.8,118.8,1698.0
2020-01-31 12:00:00,NSE:KITEX,118.9,120.2,118.8,120.2,4966.0
2020-01-31 13:00:00,NSE:KITEX,120.35,121.0,120.1,120.7,4120.0
2020-01-31 14:00:00,NSE:KITEX,120.55,120.9,119.25,119.65,8615.0
2020-01-31 15:00:00,NSE:KITEX,119.6,120.35,119.0,119.4,10461.0
2020-02-01 09:00:00,NSE:KITEX,119.4,120.4,118.35,120.4,11391.0
2020-02-01 10:00:00,NSE:KITEX,120.4,122.0,120.35,121.25,5183.0
2020-02-01 11:00:00,NSE:KITEX,121.25,121.3,120.0,120.4,5418.0
2020-02-01 12:00:00,NSE:KITEX,120.4,120.4,120.1,120.2,1117.0
2020-02-01 13:00:00,NSE:KITEX,120.2,120.2,117.0,117.85,10988.0
2020-02-01 14:00:00,NSE:KITEX,117.5,117.85,112.95,114.75,32382.0
2020-02-01 15:00:00,NSE:KITEX,114.5,115.15,112.3,114.05,23915.0
2020-02-03 09:00:00,NSE:KITEX,113.85,117.85,113.5,113.9,30015.0
2020-02-03 10:00:00,NSE:KITEX,113.95,117.25,113.9,115.35,20435.0
2020-02-03 11:00:00,NSE:KITEX,115.4,116.25,114.6,115.1,3871.0
2020-02-03 12:00:00,NSE:KITEX,115.0,115.15,114.65,114.65,730.0
2020-02-03 13:00:00,NSE:KITEX,114.85,115.3,114.5,114.9,14848.0
2020-02-03 14:00:00,NSE:KITEX,115.05,115.05,113.6,113.75,8461.0
2020-02-03 15:00:00,NSE:KITEX,113.8,114.7,113.8,114.5,5982.0
2020-02-04 09:00:00,NSE:KITEX,115.9,116.8,115.55,115.95,8655.0
2020-02-04 10:00:00,NSE:KITEX,116.05,116.75,116.0,116.7,5162.0
2020-02-04 11:00:00,NSE:KITEX,116.7,117.5,115.2,115.65,19452.0
2020-02-04 12:00:00,NSE:KITEX,116.15,116.55,115.2,115.25,9358.0
2020-02-04 13:00:00,NSE:KITEX,115.25,115.5,115.0,115.0,3526.0
2020-02-04 14:00:00,NSE:KITEX,115.0,115.5,114.55,115.4,8525.0
2020-02-04 15:00:00,NSE:KITEX,115.35,115.5,114.8,114.8,10079.0
2020-02-05 09:00:00,NSE:KITEX,115.0,123.5,115.0,121.5,60580.0
2020-02-05 10:00:00,NSE:KITEX,121.35,122.0,121.15,122.0,14877.0
2020-02-05 11:00:00,NSE:KITEX,121.6,121.75,121.15,121.75,3914.0
2020-02-05 12:00:00,NSE:KITEX,121.75,122.0,121.2,121.6,5627.0
2020-02-05 13:00:00,NSE:KITEX,121.5,122.0,121.45,122.0,4713.0
2020-02-05 14:00:00,NSE:KITEX,122.0,124.85,122.0,122.0,51893.0
2020-02-05 15:00:00,NSE:KITEX,121.55,124.7,121.55,123.8,24498.0
2020-02-06 09:00:00,NSE:KITEX,124.5,126.95,123.0,126.05,34880.0
2020-02-06 10:00:00,NSE:KITEX,126.05,127.25,125.3,126.1,21878.0
2020-02-06 11:00:00,NSE:KITEX,126.4,126.4,125.0,125.8,13074.0
2020-02-06 12:00:00,NSE:KITEX,125.95,126.0,125.65,125.7,4120.0
2020-02-06 13:00:00,NSE:KITEX,125.6,126.55,125.1,125.15,8482.0
2020-02-06 14:00:00,NSE:KITEX,125.1,125.9,124.7,124.7,4946.0
2020-02-06 15:00:00,NSE:KITEX,125.0,125.9,123.15,124.3,22559.0
2020-02-07 09:00:00,NSE:KITEX,124.15,126.45,124.15,125.55,9137.0
2020-02-07 10:00:00,NSE:KITEX,125.95,126.15,125.55,125.6,7808.0
2020-02-07 11:00:00,NSE:KITEX,125.6,126.15,125.6,125.6,5560.0
2020-02-07 12:00:00,NSE:KITEX,125.6,125.85,124.85,124.9,13051.0
2020-02-07 13:00:00,NSE:KITEX,125.0,125.0,122.2,124.45,17642.0
2020-02-07 14:00:00,NSE:KITEX,124.4,124.8,123.0,124.75,10436.0
2020-02-07 15:00:00,NSE:KITEX,124.75,125.9,124.5,125.25,13294.0
2020-02-10 09:00:00,NSE:KITEX,127.25,127.5,124.05,127.5,14625.0
2020-02-10 10:00:00,NSE:KITEX,127.05,127.65,126.2,126.5,23545.0
2020-02-10 11:00:00,NSE:KITEX,126.5,137.0,126.5,134.0,414802.0
2020-02-10 12:00:00,NSE:KITEX,134.0,134.35,132.5,132.9,40613.0
2020-02-10 13:00:00,NSE:KITEX,132.9,133.1,131.0,131.8,28457.0
2020-02-10 14:00:00,NSE:KITEX,131.6,133.3,131.6,131.8,28452.0
2020-02-10 15:00:00,NSE:KITEX,131.5,132.7,131.0,131.65,59149.0
2020-02-11 09:00:00,NSE:KITEX,133.0,135.55,132.55,133.5,60039.0
2020-02-11 10:00:00,NSE:KITEX,133.5,133.75,133.25,133.5,17585.0
2020-02-11 11:00:00,NSE:KITEX,133.7,133.7,130.95,131.95,34670.0
2020-02-11 12:00:00,NSE:KITEX,131.7,132.75,127.55,128.4,32136.0
2020-02-11 13:00:00,NSE:KITEX,127.75,154.0,123.45,151.25,1833294.0
2020-02-11 14:00:00,NSE:KITEX,151.05,157.0,151.05,153.0,625442.0
2020-02-11 15:00:00,NSE:KITEX,153.05,153.4,145.1,148.1,394484.0
2020-02-12 09:00:00,NSE:KITEX,150.0,168.6,148.25,161.7,1295800.0
2020-02-12 10:00:00,NSE:KITEX,161.6,165.8,161.25,163.5,330500.0
2020-02-12 11:00:00,NSE:KITEX,163.5,164.3,159.5,160.15,136891.0
2020-02-12 12:00:00,NSE:KITEX,160.1,161.4,157.1,159.75,157805.0
2020-02-12 13:00:00,NSE:KITEX,159.7,161.4,158.05,158.4,97907.0
2020-02-12 14:00:00,NSE:KITEX,158.4,158.45,155.7,156.0,104577.0
2020-02-12 15:00:00,NSE:KITEX,156.0,158.55,155.1,157.1,135168.0
2020-02-13 09:00:00,NSE:KITEX,156.5,160.4,154.95,159.0,157368.0
2020-02-13 10:00:00,NSE:KITEX,159.35,164.35,158.4,159.95,263348.0
2020-02-13 11:00:00,NSE:KITEX,159.75,160.5,158.25,158.85,53235.0
2020-02-13 12:00:00,NSE:KITEX,158.85,159.65,158.05,159.25,23590.0
2020-02-13 13:00:00,NSE:KITEX,159.25,159.3,158.0,158.35,19067.0
2020-02-13 14:00:00,NSE:KITEX,158.3,158.5,156.3,156.6,56547.0
2020-02-13 15:00:00,NSE:KITEX,156.25,158.9,156.1,157.7,65143.0
2020-02-14 09:00:00,NSE:KITEX,158.0,160.1,157.0,158.25,58485.0
2020-02-14 10:00:00,NSE:KITEX,158.3,162.0,157.5,157.9,62979.0
2020-02-14 11:00:00,NSE:KITEX,157.9,158.6,154.35,155.4,50613.0
2020-02-14 12:00:00,NSE:KITEX,155.4,156.8,154.7,156.7,20663.0
2020-02-14 13:00:00,NSE:KITEX,156.65,158.9,156.05,156.7,29824.0
2020-02-14 14:00:00,NSE:KITEX,156.5,156.9,153.0,155.0,42290.0
2020-02-14 15:00:00,NSE:KITEX,155.25,156.0,151.75,153.9,42450.0
2020-02-17 09:00:00,NSE:KITEX,154.0,156.7,151.0,154.75,83803.0
2020-02-17 10:00:00,NSE:KITEX,154.75,155.25,154.05,154.45,16242.0
2020-02-17 11:00:00,NSE:KITEX,154.5,154.9,152.8,152.8,14790.0
2020-02-17 12:00:00,NSE:KITEX,152.9,154.4,152.8,153.8,8603.0
2020-02-17 13:00:00,NSE:KITEX,154.2,154.35,152.1,154.35,12183.0
2020-02-17 14:00:00,NSE:KITEX,154.35,154.6,152.15,152.9,21952.0
2020-02-17 15:00:00,NSE:KITEX,152.9,153.75,152.0,152.65,26265.0
2020-02-18 09:00:00,NSE:KITEX,151.9,154.35,150.45,151.9,33711.0
2020-02-18 10:00:00,NSE:KITEX,151.9,151.9,148.75,149.1,34523.0
2020-02-18 11:00:00,NSE:KITEX,149.15,150.0,148.05,148.75,18817.0
2020-02-18 12:00:00,NSE:KITEX,148.75,151.0,148.1,149.9,30621.0
2020-02-18 13:00:00,NSE:KITEX,149.9,152.55,148.5,152.55,44479.0
2020-02-18 14:00:00,NSE:KITEX,152.5,153.0,151.6,152.0,42139.0
2020-02-18 15:00:00,NSE:KITEX,151.8,153.25,151.2,152.6,33681.0
2020-02-19 09:00:00,NSE:KITEX,154.0,158.0,154.0,155.9,65557.0
2020-02-19 10:00:00,NSE:KITEX,155.9,156.0,154.6,155.7,17128.0
2020-02-19 11:00:00,NSE:KITEX,155.7,159.75,154.75,158.35,67669.0
2020-02-19 12:00:00,NSE:KITEX,158.4,165.7,158.0,161.3,269872.0
2020-02-19 13:00:00,NSE:KITEX,161.4,162.9,160.35,161.7,39951.0
2020-02-19 14:00:00,NSE:KITEX,161.7,162.0,159.0,160.5,43310.0
2020-02-19 15:00:00,NSE:KITEX,160.7,163.85,160.1,162.8,83641.0
2020-02-20 09:00:00,NSE:KITEX,163.0,171.1,163.0,168.95,252835.0
2020-02-20 10:00:00,NSE:KITEX,168.95,170.0,168.0,169.5,47387.0
2020-02-20 11:00:00,NSE:KITEX,169.5,170.7,167.65,167.85,98376.0
2020-02-20 12:00:00,NSE:KITEX,168.0,168.15,165.7,166.95,39977.0
2020-02-20 13:00:00,NSE:KITEX,166.95,166.95,165.3,165.8,26882.0
2020-02-20 14:00:00,NSE:KITEX,165.8,167.8,165.0,166.5,24149.0
2020-02-20 15:00:00,NSE:KITEX,166.5,166.7,164.2,165.7,50479.0
2020-02-24 09:00:00,NSE:KITEX,160.2,163.25,159.05,160.35,83292.0
2020-02-24 10:00:00,NSE:KITEX,160.35,161.9,160.35,161.65,21371.0
2020-02-24 11:00:00,NSE:KITEX,161.65,165.0,161.35,161.8,58645.0
2020-02-24 12:00:00,NSE:KITEX,162.1,163.05,161.0,161.35,20810.0
2020-02-24 13:00:00,NSE:KITEX,161.35,161.5,159.0,159.9,39707.0
2020-02-24 14:00:00,NSE:KITEX,159.9,161.0,158.0,158.6,31926.0
2020-02-24 15:00:00,NSE:KITEX,158.35,158.95,156.9,157.65,32632.0
2020-02-25 09:00:00,NSE:KITEX,158.65,161.5,155.5,156.4,70152.0
2020-02-25 10:00:00,NSE:KITEX,156.7,158.1,156.1,157.7,17202.0
2020-02-25 11:00:00,NSE:KITEX,157.75,158.25,157.1,157.9,5900.0
2020-02-25 12:00:00,NSE:KITEX,157.9,159.65,157.5,157.7,20545.0
2020-02-25 13:00:00,NSE:KITEX,157.95,158.0,154.0,154.85,36590.0
2020-02-25 14:00:00,NSE:KITEX,154.55,155.7,152.6,154.95,32306.0
2020-02-25 15:00:00,NSE:KITEX,154.7,155.7,154.0,155.1,16025.0
2020-02-26 09:00:00,NSE:KITEX,155.0,155.4,150.0,151.35,47671.0
2020-02-26 10:00:00,NSE:KITEX,151.35,152.7,149.4,152.0,30798.0
2020-02-26 11:00:00,NSE:KITEX,152.0,152.0,151.05,151.7,10753.0
2020-02-26 12:00:00,NSE:KITEX,151.7,152.5,151.5,152.3,12343.0
2020-02-26 13:00:00,NSE:KITEX,152.3,157.9,151.85,156.6,58963.0
2020-02-26 14:00:00,NSE:KITEX,156.6,156.6,150.65,151.7,47107.0
2020-02-26 15:00:00,NSE:KITEX,151.75,152.5,145.1,150.25,35719.0
2020-02-27 09:00:00,NSE:KITEX,148.25,150.95,147.1,147.2,36914.0
2020-02-27 10:00:00,NSE:KITEX,147.3,147.3,141.2,143.65,70074.0
2020-02-27 11:00:00,NSE:KITEX,143.7,144.0,142.1,143.25,18747.0
2020-02-27 12:00:00,NSE:KITEX,143.25,145.5,142.0,145.45,25988.0
2020-02-27 13:00:00,NSE:KITEX,145.45,147.0,143.3,143.5,24859.0
2020-02-27 14:00:00,NSE:KITEX,143.5,146.95,143.1,145.8,18489.0
2020-02-27 15:00:00,NSE:KITEX,145.75,147.7,145.4,147.0,28896.0
2020-02-28 09:00:00,NSE:KITEX,138.3,140.0,135.6,136.85,51906.0
2020-02-28 10:00:00,NSE:KITEX,136.8,139.95,136.0,139.35,34566.0
2020-02-28 11:00:00,NSE:KITEX,139.35,144.0,138.5,140.4,69759.0
2020-02-28 12:00:00,NSE:KITEX,140.4,143.1,140.0,142.7,41127.0
2020-02-28 13:00:00,NSE:KITEX,142.7,143.1,140.05,141.25,22807.0
2020-02-28 14:00:00,NSE:KITEX,141.05,142.5,140.0,141.0,44470.0
2020-02-28 15:00:00,NSE:KITEX,140.85,142.7,140.65,141.6,51695.0
2020-03-02 09:00:00,NSE:KITEX,148.0,149.15,144.05,147.0,45273.0
2020-03-02 10:00:00,NSE:KITEX,147.05,147.05,144.0,145.25,17270.0
2020-03-02 11:00:00,NSE:KITEX,145.3,145.85,144.7,145.0,9774.0
2020-03-02 12:00:00,NSE:KITEX,144.45,146.55,143.8,144.6,40560.0
2020-03-02 13:00:00,NSE:KITEX,144.6,148.8,144.6,147.0,28395.0
2020-03-02 14:00:00,NSE:KITEX,146.9,147.6,141.5,142.3,39174.0
2020-03-02 15:00:00,NSE:KITEX,142.0,146.7,140.2,141.45,55308.0
2020-03-03 09:00:00,NSE:KITEX,144.0,147.95,144.0,144.5,27875.0
2020-03-03 10:00:00,NSE:KITEX,144.5,145.3,143.0,143.9,19521.0
2020-03-03 11:00:00,NSE:KITEX,144.0,144.05,141.3,141.9,21654.0
2020-03-03 12:00:00,NSE:KITEX,141.95,143.7,141.95,143.7,9566.0
2020-03-03 13:00:00,NSE:KITEX,143.7,144.5,142.4,144.05,8467.0
2020-03-03 14:00:00,NSE:KITEX,144.0,144.05,142.05,142.25,14040.0
2020-03-03 15:00:00,NSE:KITEX,142.5,144.1,141.55,143.25,22995.0
2020-03-04 09:00:00,NSE:KITEX,144.9,144.9,140.25,141.9,27838.0
2020-03-04 10:00:00,NSE:KITEX,141.9,142.25,134.0,134.6,55295.0
2020-03-04 11:00:00,NSE:KITEX,134.6,135.65,131.7,132.5,50192.0
2020-03-04 12:00:00,NSE:KITEX,132.5,135.75,131.7,132.75,36991.0
2020-03-04 13:00:00,NSE:KITEX,132.65,134.5,127.85,128.9,47577.0
2020-03-04 14:00:00,NSE:KITEX,128.9,129.5,125.6,128.1,70022.0
2020-03-04 15:00:00,NSE:KITEX,128.2,128.75,127.25,128.0,100321.0
2020-03-05 09:00:00,NSE:KITEX,130.8,132.5,128.4,129.1,42850.0
2020-03-05 10:00:00,NSE:KITEX,129.1,133.0,127.8,131.8,29959.0
2020-03-05 11:00:00,NSE:KITEX,131.8,134.25,131.7,134.0,40483.0
2020-03-05 12:00:00,NSE:KITEX,133.95,135.2,133.2,133.9,27882.0
2020-03-05 13:00:00,NSE:KITEX,133.9,134.25,132.0,133.5,22778.0
2020-03-05 14:00:00,NSE:KITEX,133.45,133.65,132.0,132.3,13054.0
2020-03-05 15:00:00,NSE:KITEX,132.45,132.7,129.9,131.25,17712.0
2020-03-06 09:00:00,NSE:KITEX,122.0,127.0,122.0,126.25,50106.0
2020-03-06 10:00:00,NSE:KITEX,126.0,126.3,123.9,124.5,19433.0
2020-03-06 11:00:00,NSE:KITEX,124.5,124.85,123.1,123.5,28788.0
2020-03-06 12:00:00,NSE:KITEX,123.45,123.6,123.05,123.25,7966.0
2020-03-06 13:00:00,NSE:KITEX,123.3,124.4,123.05,124.4,11444.0
2020-03-06 14:00:00,NSE:KITEX,124.5,124.5,121.0,123.6,28421.0
2020-03-06 15:00:00,NSE:KITEX,123.0,124.5,122.6,123.55,22298.0
2020-03-09 09:00:00,NSE:KITEX,120.25,120.25,111.0,112.5,100158.0
2020-03-09 10:00:00,NSE:KITEX,112.5,113.95,111.85,112.9,36951.0
2020-03-09 11:00:00,NSE:KITEX,113.0,113.2,110.15,111.05,29542.0
2020-03-09 12:00:00,NSE:KITEX,111.1,112.5,109.2,110.0,20055.0
2020-03-09 13:00:00,NSE:KITEX,109.2,109.2,107.0,109.2,23595.0
2020-03-09 14:00:00,NSE:KITEX,109.2,113.2,108.8,112.8,33502.0
2020-03-09 15:00:00,NSE:KITEX,112.7,113.2,108.2,110.8,58432.0
2020-03-11 09:00:00,NSE:KITEX,113.0,117.8,112.35,114.3,59816.0
2020-03-11 10:00:00,NSE:KITEX,114.5,115.3,109.1,111.35,38023.0
2020-03-11 11:00:00,NSE:KITEX,111.35,113.7,110.35,113.15,15911.0
2020-03-11 12:00:00,NSE:KITEX,113.4,113.9,112.8,113.55,17786.0
2020-03-11 13:00:00,NSE:KITEX,113.45,113.45,111.0,111.25,9011.0
2020-03-11 14:00:00,NSE:KITEX,110.9,112.5,110.5,112.25,9999.0
2020-03-11 15:00:00,NSE:KITEX,112.25,112.25,110.7,111.4,11254.0
2020-03-12 09:00:00,NSE:KITEX,102.0,105.2,96.45,96.55,81504.0
2020-03-12 10:00:00,NSE:KITEX,96.6,96.95,95.2,95.85,38575.0
2020-03-12 11:00:00,NSE:KITEX,95.85,96.15,94.5,94.9,43145.0
2020-03-12 12:00:00,NSE:KITEX,94.9,96.65,92.65,95.75,42843.0
2020-03-12 13:00:00,NSE:KITEX,95.75,95.75,94.5,95.7,11781.0
2020-03-12 14:00:00,NSE:KITEX,96.05,96.2,92.35,92.5,32580.0
2020-03-12 15:00:00,NSE:KITEX,92.7,93.5,91.0,92.2,24808.0
2020-03-13 09:00:00,NSE:KITEX,80.3,84.9,77.1,79.7,16095.0
2020-03-13 10:00:00,NSE:KITEX,80.0,97.5,74.2,92.15,87802.0
2020-03-13 11:00:00,NSE:KITEX,91.4,97.65,91.4,96.75,47588.0
2020-03-13 12:00:00,NSE:KITEX,96.25,102.0,96.25,100.0,35340.0
2020-03-13 13:00:00,NSE:KITEX,99.6,101.8,99.0,99.1,29226.0
2020-03-13 14:00:00,NSE:KITEX,99.3,100.5,96.1,99.95,38977.0
2020-03-13 15:00:00,NSE:KITEX,100.0,102.0,99.15,100.55,50779.0
2020-03-16 09:00:00,NSE:KITEX,98.0,98.0,91.4,96.45,27053.0
2020-03-16 10:00:00,NSE:KITEX,96.2,99.5,96.2,97.85,21510.0
2020-03-16 11:00:00,NSE:KITEX,97.85,98.95,97.0,97.35,9684.0
2020-03-16 12:00:00,NSE:KITEX,97.6,98.0,96.8,97.45,6372.0
2020-03-16 13:00:00,NSE:KITEX,97.45,98.0,96.5,97.0,9459.0
2020-03-16 14:00:00,NSE:KITEX,96.8,96.9,89.65,93.0,43740.0
2020-03-16 15:00:00,NSE:KITEX,92.55,95.0,91.0,93.2,23350.0
2020-03-17 09:00:00,NSE:KITEX,95.4,98.0,92.45,96.05,29273.0
2020-03-17 10:00:00,NSE:KITEX,96.55,97.5,95.15,96.0,13560.0
2020-03-17 11:00:00,NSE:KITEX,95.6,95.6,93.75,94.95,11276.0
2020-03-17 12:00:00,NSE:KITEX,94.7,95.55,94.5,94.7,7061.0
2020-03-17 13:00:00,NSE:KITEX,94.6,95.9,94.0,95.15,14294.0
2020-03-17 14:00:00,NSE:KITEX,95.1,95.15,93.0,93.75,26028.0
2020-03-17 15:00:00,NSE:KITEX,93.6,93.85,91.0,92.5,23342.0
2020-03-18 09:00:00,NSE:KITEX,95.4,96.0,93.25,93.25,18862.0
2020-03-18 10:00:00,NSE:KITEX,93.25,93.95,92.05,92.45,13422.0
2020-03-18 11:00:00,NSE:KITEX,92.6,92.8,86.65,89.9,26536.0
2020-03-18 12:00:00,NSE:KITEX,90.5,90.5,87.15,89.0,10701.0
2020-03-18 13:00:00,NSE:KITEX,89.15,89.5,87.0,87.5,22912.0
2020-03-18 14:00:00,NSE:KITEX,87.7,88.4,83.9,84.65,62214.0
2020-03-18 15:00:00,NSE:KITEX,84.45,87.3,83.35,84.45,17493.0
2020-03-19 09:00:00,NSE:KITEX,81.0,81.95,76.05,78.6,40600.0
2020-03-19 10:00:00,NSE:KITEX,78.6,80.5,77.85,80.15,32435.0
2020-03-19 11:00:00,NSE:KITEX,80.15,81.55,78.9,80.5,24726.0
2020-03-19 12:00:00,NSE:KITEX,80.4,81.0,79.5,80.5,15135.0
2020-03-19 13:00:00,NSE:KITEX,80.35,81.0,79.05,80.5,12915.0
2020-03-19 14:00:00,NSE:KITEX,80.45,84.8,80.35,82.0,29712.0
2020-03-19 15:00:00,NSE:KITEX,81.9,85.9,81.5,83.25,12844.0
2020-03-20 09:00:00,NSE:KITEX,85.05,89.9,83.85,83.95,28442.0
2020-03-20 10:00:00,NSE:KITEX,83.95,86.4,83.75,85.55,12650.0
2020-03-20 11:00:00,NSE:KITEX,85.85,91.55,85.85,91.55,53168.0
2020-03-20 12:00:00,NSE:KITEX,91.55,91.55,90.55,91.55,51911.0
2020-03-20 13:00:00,NSE:KITEX,91.55,91.55,91.55,91.55,19225.0
2020-03-20 14:00:00,NSE:KITEX,91.55,91.55,90.6,91.55,49078.0
2020-03-20 15:00:00,NSE:KITEX,91.55,91.55,90.0,91.5,19294.0
2020-03-23 09:00:00,NSE:KITEX,83.0,85.0,82.35,82.4,37288.0
2020-03-23 10:00:00,NSE:KITEX,82.35,83.9,82.35,82.35,50976.0
2020-03-23 11:00:00,NSE:KITEX,82.35,85.55,82.35,82.4,44254.0
2020-03-23 12:00:00,NSE:KITEX,82.5,83.45,82.35,82.35,23492.0
2020-03-23 13:00:00,NSE:KITEX,82.35,82.95,82.35,82.35,11569.0
2020-03-23 14:00:00,NSE:KITEX,82.35,83.9,82.35,83.0,12455.0
2020-03-23 15:00:00,NSE:KITEX,83.0,83.7,82.35,83.0,16288.0
2020-03-24 09:00:00,NSE:KITEX,88.0,89.0,83.0,83.0,35914.0
2020-03-24 10:00:00,NSE:KITEX,83.0,84.5,80.5,82.0,24548.0
2020-03-24 11:00:00,NSE:KITEX,82.0,83.85,81.35,82.0,8106.0
2020-03-24 12:00:00,NSE:KITEX,82.4,83.8,81.55,82.55,8584.0
2020-03-24 13:00:00,NSE:KITEX,82.55,86.0,82.0,84.85,13189.0
2020-03-24 14:00:00,NSE:KITEX,84.55,84.85,83.0,84.05,12616.0
2020-03-24 15:00:00,NSE:KITEX,84.05,86.95,83.6,86.0,20794.0
2020-03-25 09:00:00,NSE:KITEX,85.0,88.0,84.0,84.5,5233.0
2020-03-25 10:00:00,NSE:KITEX,84.0,84.0,80.0,82.55,14218.0
2020-03-25 11:00:00,NSE:KITEX,82.05,83.1,82.0,83.05,6817.0
2020-03-25 12:00:00,NSE:KITEX,83.05,85.0,83.0,84.25,8818.0
2020-03-25 13:00:00,NSE:KITEX,85.0,87.0,84.2,86.65,19611.0
2020-03-25 14:00:00,NSE:KITEX,86.6,87.5,84.7,86.65,22250.0
2020-03-25 15:00:00,NSE:KITEX,87.0,89.5,85.25,88.0,118307.0
2020-03-26 09:00:00,NSE:KITEX,90.0,90.05,87.0,88.0,138568.0
2020-03-26 10:00:00,NSE:KITEX,88.0,89.6,87.6,88.0,40272.0
2020-03-26 11:00:00,NSE:KITEX,88.65,89.0,87.6,87.85,61574.0
2020-03-26 12:00:00,NSE:KITEX,87.85,88.0,86.5,86.9,32088.0
2020-03-26 13:00:00,NSE:KITEX,86.55,88.0,84.55,86.35,33372.0
2020-03-26 14:00:00,NSE:KITEX,86.35,87.75,85.05,87.2,8491.0
2020-03-26 15:00:00,NSE:KITEX,87.0,87.9,86.25,86.8,28196.0
2020-03-27 09:00:00,NSE:KITEX,86.9,92.5,86.9,90.0,36756.0
2020-03-27 10:00:00,NSE:KITEX,89.65,90.0,86.5,86.5,24517.0
2020-03-27 11:00:00,NSE:KITEX,86.55,87.45,85.75,86.95,17950.0
2020-03-27 12:00:00,NSE:KITEX,86.9,87.0,84.95,85.95,16921.0
2020-03-27 13:00:00,NSE:KITEX,85.8,86.45,85.0,86.05,3787.0
2020-03-27 14:00:00,NSE:KITEX,86.4,87.35,85.05,86.0,21030.0
2020-03-27 15:00:00,NSE:KITEX,86.0,87.6,85.5,86.75,24748.0
2020-03-30 09:00:00,NSE:KITEX,85.0,85.0,78.1,83.15,26844.0
2020-03-30 10:00:00,NSE:KITEX,83.0,84.5,83.0,83.25,7252.0
2020-03-30 11:00:00,NSE:KITEX,83.0,83.0,82.25,82.25,4109.0
2020-03-30 12:00:00,NSE:KITEX,82.15,83.6,82.0,83.45,4791.0
2020-03-30 13:00:00,NSE:KITEX,82.8,83.4,82.45,82.9,1655.0
2020-03-30 14:00:00,NSE:KITEX,82.9,83.9,82.35,82.35,9397.0
2020-03-30 15:00:00,NSE:KITEX,82.2,86.05,82.15,86.0,38952.0
2020-03-31 09:00:00,NSE:KITEX,89.2,89.25,83.6,85.5,18439.0
2020-03-31 10:00:00,NSE:KITEX,85.4,86.45,85.0,86.45,9791.0
2020-03-31 11:00:00,NSE:KITEX,85.3,86.95,85.3,85.9,2140.0
2020-03-31 12:00:00,NSE:KITEX,85.5,87.0,85.5,86.6,9594.0
2020-03-31 13:00:00,NSE:KITEX,86.6,87.0,86.0,86.85,21156.0
2020-03-31 14:00:00,NSE:KITEX,87.2,87.7,85.85,86.95,6882.0
2020-03-31 15:00:00,NSE:KITEX,86.25,87.0,86.1,86.5,38976.0
2020-04-01 09:00:00,NSE:KITEX,87.9,87.9,85.0,85.5,3744.0
2020-04-01 10:00:00,NSE:KITEX,85.85,87.0,85.6,85.6,4031.0
2020-04-01 11:00:00,NSE:KITEX,85.7,86.75,85.0,85.5,8247.0
2020-04-01 12:00:00,NSE:KITEX,84.85,85.7,84.8,85.05,6624.0
2020-04-01 13:00:00,NSE:KITEX,85.5,85.75,84.95,85.35,6166.0
2020-04-01 14:00:00,NSE:KITEX,85.6,85.7,85.15,85.35,3580.0
2020-04-01 15:00:00,NSE:KITEX,85.35,86.0,85.15,85.15,6992.0
2020-04-03 09:00:00,NSE:KITEX,85.7,88.0,85.0,85.55,7073.0
2020-04-03 10:00:00,NSE:KITEX,85.45,86.85,85.0,85.25,5465.0
2020-04-03 11:00:00,NSE:KITEX,85.8,85.8,84.55,84.7,3957.0
2020-04-03 12:00:00,NSE:KITEX,84.55,85.1,84.2,85.05,6193.0
2020-04-03 13:00:00,NSE:KITEX,85.1,85.9,84.9,85.75,9419.0
2020-04-03 14:00:00,NSE:KITEX,85.5,85.75,85.0,85.7,4451.0
2020-04-03 15:00:00,NSE:KITEX,85.5,87.8,85.25,87.45,7361.0
2020-04-07 09:00:00,NSE:KITEX,90.8,90.8,87.15,89.35,18302.0
2020-04-07 10:00:00,NSE:KITEX,88.95,90.0,88.75,89.9,5667.0
2020-04-07 11:00:00,NSE:KITEX,89.85,89.85,88.6,89.4,10327.0
2020-04-07 12:00:00,NSE:KITEX,89.3,89.7,89.0,89.7,6348.0
2020-04-07 13:00:00,NSE:KITEX,89.7,89.85,89.0,89.0,7688.0
2020-04-07 14:00:00,NSE:KITEX,89.0,89.75,89.0,89.5,3105.0
2020-04-07 15:00:00,NSE:KITEX,89.65,91.9,89.35,91.85,12057.0
2020-04-08 09:00:00,NSE:KITEX,90.0,95.8,88.55,94.95,23254.0
2020-04-08 10:00:00,NSE:KITEX,94.35,95.5,94.1,94.5,13628.0
2020-04-08 11:00:00,NSE:KITEX,94.45,94.45,92.6,93.1,12762.0
2020-04-08 12:00:00,NSE:KITEX,93.0,93.1,92.0,92.15,3727.0
2020-04-08 13:00:00,NSE:KITEX,92.1,93.1,92.0,92.45,4428.0
2020-04-08 14:00:00,NSE:KITEX,92.4,92.6,92.15,92.35,8860.0
2020-04-08 15:00:00,NSE:KITEX,92.3,94.0,91.5,92.45,12478.0
2020-04-09 09:00:00,NSE:KITEX,93.2,97.9,93.2,97.9,26562.0
2020-04-09 10:00:00,NSE:KITEX,97.5,104.9,97.0,100.55,63092.0
2020-04-09 11:00:00,NSE:KITEX,101.15,102.1,100.0,101.5,18449.0
2020-04-09 12:00:00,NSE:KITEX,101.5,102.25,100.35,101.55,12894.0
2020-04-09 13:00:00,NSE:KITEX,101.7,101.7,100.05,100.1,9394.0
2020-04-09 14:00:00,NSE:KITEX,100.1,101.2,99.7,100.0,32148.0
2020-04-09 15:00:00,NSE:KITEX,100.1,101.1,98.15,100.05,18399.0
2020-04-13 09:00:00,NSE:KITEX,102.0,102.0,96.75,97.0,19389.0
2020-04-13 10:00:00,NSE:KITEX,97.0,98.7,95.0,98.5,7974.0
2020-04-13 11:00:00,NSE:KITEX,98.45,101.0,98.0,98.75,9609.0
2020-04-13 12:00:00,NSE:KITEX,99.35,99.5,98.35,98.7,3592.0
2020-04-13 13:00:00,NSE:KITEX,98.7,98.7,96.2,98.0,5516.0
2020-04-13 14:00:00,NSE:KITEX,98.0,98.5,97.65,97.95,3657.0
2020-04-13 15:00:00,NSE:KITEX,97.8,98.0,97.55,98.0,5224.0
2020-04-15 09:00:00,NSE:KITEX,97.75,100.45,97.75,99.8,14718.0
2020-04-15 10:00:00,NSE:KITEX,99.55,100.3,98.85,99.15,12341.0
2020-04-15 11:00:00,NSE:KITEX,99.05,99.15,98.15,98.2,5905.0
2020-04-15 12:00:00,NSE:KITEX,98.25,98.75,98.05,98.5,3856.0
2020-04-15 13:00:00,NSE:KITEX,98.5,98.5,97.1,97.1,5637.0
2020-04-15 14:00:00,NSE:KITEX,97.15,97.3,95.95,96.5,7752.0
2020-04-15 15:00:00,NSE:KITEX,96.45,97.15,95.95,96.7,4910.0
2020-04-16 09:00:00,NSE:KITEX,96.7,96.7,95.05,96.5,6973.0
2020-04-16 10:00:00,NSE:KITEX,96.5,97.9,96.35,96.95,7902.0
2020-04-16 11:00:00,NSE:KITEX,97.0,102.4,96.95,100.1,45285.0
2020-04-16 12:00:00,NSE:KITEX,100.2,101.4,99.05,100.0,22100.0
2020-04-16 13:00:00,NSE:KITEX,100.0,100.25,99.3,99.6,4395.0
2020-04-16 14:00:00,NSE:KITEX,99.55,99.7,98.7,99.4,9296.0
2020-04-16 15:00:00,NSE:KITEX,99.3,99.8,99.1,99.4,12534.0
2020-04-17 09:00:00,NSE:KITEX,102.0,103.0,100.0,100.25,36135.0
2020-04-17 10:00:00,NSE:KITEX,100.25,100.8,97.8,98.95,18705.0
2020-04-17 11:00:00,NSE:KITEX,98.65,98.9,97.5,97.5,11202.0
2020-04-17 12:00:00,NSE:KITEX,97.1,99.0,96.8,98.95,13910.0
2020-04-17 13:00:00,NSE:KITEX,98.95,98.95,98.4,98.65,6456.0
2020-04-17 14:00:00,NSE:KITEX,98.55,99.0,98.5,99.0,6011.0
2020-04-17 15:00:00,NSE:KITEX,98.75,99.0,98.6,98.85,8178.0
2020-04-20 09:00:00,NSE:KITEX,100.5,100.5,99.05,99.8,12943.0
2020-04-20 10:00:00,NSE:KITEX,99.75,100.0,99.15,99.9,8242.0
2020-04-20 11:00:00,NSE:KITEX,99.9,100.05,99.25,99.55,8191.0
2020-04-20 12:00:00,NSE:KITEX,99.35,99.6,98.0,98.45,10751.0
2020-04-20 13:00:00,NSE:KITEX,98.45,99.1,98.35,98.75,1868.0
2020-04-20 14:00:00,NSE:KITEX,98.4,99.25,98.1,98.8,4088.0
2020-04-20 15:00:00,NSE:KITEX,98.75,98.85,97.5,97.75,6971.0
2020-04-21 09:00:00,NSE:KITEX,96.15,96.15,93.3,95.15,17476.0
2020-04-21 10:00:00,NSE:KITEX,95.05,95.3,94.5,95.15,6836.0
2020-04-21 11:00:00,NSE:KITEX,95.0,95.0,93.35,93.4,11115.0
2020-04-21 12:00:00,NSE:KITEX,93.4,94.55,93.3,94.2,3825.0
2020-04-21 13:00:00,NSE:KITEX,94.2,94.25,93.25,94.0,3431.0
2020-04-21 14:00:00,NSE:KITEX,93.75,94.45,93.25,94.25,6857.0
2020-04-21 15:00:00,NSE:KITEX,94.2,94.8,93.75,93.75,5075.0
2020-04-22 09:00:00,NSE:KITEX,94.0,94.0,89.85,91.65,15681.0
2020-04-22 10:00:00,NSE:KITEX,91.55,93.35,91.1,92.65,4769.0
2020-04-22 11:00:00,NSE:KITEX,92.95,93.3,92.2,92.9,5149.0
2020-04-22 12:00:00,NSE:KITEX,93.0,94.3,92.7,93.8,5009.0
2020-04-22 13:00:00,NSE:KITEX,93.8,94.55,92.75,93.6,3035.0
2020-04-22 14:00:00,NSE:KITEX,93.6,93.6,91.95,92.1,10882.0
2020-04-22 15:00:00,NSE:KITEX,91.95,92.05,90.0,90.8,20382.0
2020-04-23 09:00:00,NSE:KITEX,92.2,94.0,92.2,93.7,10756.0
2020-04-23 10:00:00,NSE:KITEX,93.7,97.8,93.7,96.45,45842.0
2020-04-23 11:00:00,NSE:KITEX,96.4,96.45,95.1,96.35,14203.0
2020-04-23 12:00:00,NSE:KITEX,96.25,96.4,95.1,95.4,6686.0
2020-04-23 13:00:00,NSE:KITEX,95.25,95.55,95.1,95.2,5134.0
2020-04-23 14:00:00,NSE:KITEX,95.3,95.8,95.1,95.3,5406.0
2020-04-23 15:00:00,NSE:KITEX,95.25,95.65,93.45,94.8,15700.0
2020-04-24 09:00:00,NSE:KITEX,94.6,95.45,92.25,95.0,20041.0
2020-04-24 10:00:00,NSE:KITEX,95.0,95.75,94.8,95.25,5992.0
2020-04-24 11:00:00,NSE:KITEX,95.25,95.85,95.05,95.05,7233.0
2020-04-24 12:00:00,NSE:KITEX,95.3,95.35,95.05,95.05,5141.0
2020-04-24 13:00:00,NSE:KITEX,95.05,95.35,95.05,95.05,5976.0
2020-04-24 14:00:00,NSE:KITEX,95.05,96.75,94.55,96.0,20466.0
2020-04-24 15:00:00,NSE:KITEX,96.0,96.0,94.8,94.8,11170.0
2020-04-27 09:00:00,NSE:KITEX,95.5,98.7,94.9,95.5,23323.0
2020-04-27 10:00:00,NSE:KITEX,95.95,96.1,95.2,95.9,5117.0
2020-04-27 11:00:00,NSE:KITEX,95.75,96.0,95.7,95.7,2155.0
2020-04-27 12:00:00,NSE:KITEX,95.7,97.45,95.3,96.95,16490.0
2020-04-27 13:00:00,NSE:KITEX,96.45,97.2,95.95,95.95,8283.0
2020-04-27 14:00:00,NSE:KITEX,95.9,95.95,94.05,94.75,15689.0
2020-04-27 15:00:00,NSE:KITEX,94.75,94.9,92.65,93.8,17664.0
2020-04-28 09:00:00,NSE:KITEX,95.2,95.2,93.55,93.75,13916.0
2020-04-28 10:00:00,NSE:KITEX,93.75,94.55,92.45,94.25,13969.0
2020-04-28 11:00:00,NSE:KITEX,94.05,94.25,93.5,94.25,2733.0
2020-04-28 12:00:00,NSE:KITEX,94.25,94.25,93.5,93.95,4468.0
2020-04-28 13:00:00,NSE:KITEX,94.0,94.55,93.6,94.5,13403.0
2020-04-28 14:00:00,NSE:KITEX,94.5,94.5,93.65,94.1,2069.0
2020-04-28 15:00:00,NSE:KITEX,94.0,94.1,93.5,93.8,8260.0
2020-04-29 09:00:00,NSE:KITEX,94.05,98.0,94.0,96.85,55792.0
2020-04-29 10:00:00,NSE:KITEX,96.7,99.8,96.7,97.6,67237.0
2020-04-29 11:00:00,NSE:KITEX,97.6,99.0,96.9,97.7,24409.0
2020-04-29 12:00:00,NSE:KITEX,97.7,97.8,96.35,97.65,14332.0
2020-04-29 13:00:00,NSE:KITEX,97.5,98.0,97.0,97.25,13362.0
2020-04-29 14:00:00,NSE:KITEX,97.2,97.85,96.3,97.05,13130.0
2020-04-29 15:00:00,NSE:KITEX,96.95,97.75,96.0,96.8,25206.0
2020-04-30 09:00:00,NSE:KITEX,99.0,99.9,98.15,99.4,26295.0
2020-04-30 10:00:00,NSE:KITEX,99.4,99.4,96.75,97.95,39893.0
2020-04-30 11:00:00,NSE:KITEX,98.0,98.0,97.75,98.0,7168.0
2020-04-30 12:00:00,NSE:KITEX,98.0,98.7,97.8,97.85,9639.0
2020-04-30 13:00:00,NSE:KITEX,97.8,98.6,97.2,97.25,9717.0
2020-04-30 14:00:00,NSE:KITEX,97.3,97.9,97.25,97.55,5257.0
2020-04-30 15:00:00,NSE:KITEX,97.8,98.1,97.5,97.8,16656.0
2020-05-04 09:00:00,NSE:KITEX,95.0,95.0,93.0,93.3,21755.0
2020-05-04 10:00:00,NSE:KITEX,93.3,93.5,92.7,93.4,12951.0
2020-05-04 11:00:00,NSE:KITEX,93.0,93.5,92.75,93.25,5640.0
2020-05-04 12:00:00,NSE:KITEX,93.25,93.5,93.0,93.05,4951.0
2020-05-04 13:00:00,NSE:KITEX,93.05,93.4,92.9,92.95,3812.0
2020-05-04 14:00:00,NSE:KITEX,92.95,93.6,92.75,93.4,8431.0
2020-05-04 15:00:00,NSE:KITEX,93.35,93.85,93.3,93.5,8716.0
2020-05-05 09:00:00,NSE:KITEX,94.0,95.85,94.0,95.25,9790.0
2020-05-05 10:00:00,NSE:KITEX,95.2,95.2,93.6,94.25,5293.0
2020-05-05 11:00:00,NSE:KITEX,94.25,94.9,93.7,94.9,3062.0
2020-05-05 12:00:00,NSE:KITEX,94.7,95.2,94.6,95.2,3696.0
2020-05-05 13:00:00,NSE:KITEX,95.2,95.3,94.55,94.55,6991.0
2020-05-05 14:00:00,NSE:KITEX,95.0,95.0,93.7,93.8,4816.0
2020-05-05 15:00:00,NSE:KITEX,94.05,94.65,93.75,94.0,14713.0
2020-05-06 09:00:00,NSE:KITEX,95.4,95.4,93.25,94.25,10218.0
2020-05-06 10:00:00,NSE:KITEX,94.3,95.25,94.25,94.55,3131.0
2020-05-06 11:00:00,NSE:KITEX,94.55,94.95,93.55,94.1,3338.0
2020-05-06 12:00:00,NSE:KITEX,94.05,94.15,93.6,93.95,7858.0
2020-05-06 13:00:00,NSE:KITEX,93.95,94.45,93.85,94.0,1560.0
2020-05-06 14:00:00,NSE:KITEX,94.0,94.4,93.9,94.4,6218.0
2020-05-06 15:00:00,NSE:KITEX,94.45,96.2,93.85,95.25,12227.0
2020-05-07 09:00:00,NSE:KITEX,94.9,95.0,93.95,94.4,12813.0
2020-05-07 10:00:00,NSE:KITEX,94.5,95.15,94.05,94.2,3846.0
2020-05-07 11:00:00,NSE:KITEX,94.5,95.0,94.5,94.5,3969.0
2020-05-07 12:00:00,NSE:KITEX,94.5,94.5,94.0,94.35,3623.0
2020-05-07 13:00:00,NSE:KITEX,94.15,94.8,94.0,94.5,2930.0
2020-05-07 14:00:00,NSE:KITEX,94.5,94.65,94.3,94.35,1570.0
2020-05-07 15:00:00,NSE:KITEX,94.35,95.0,93.95,94.1,13465.0
2020-05-08 09:00:00,NSE:KITEX,95.8,95.8,93.3,95.2,13014.0
2020-05-08 10:00:00,NSE:KITEX,95.2,95.2,94.55,94.65,1488.0
2020-05-08 11:00:00,NSE:KITEX,94.6,95.1,94.45,94.8,3154.0
2020-05-08 12:00:00,NSE:KITEX,94.6,94.9,94.05,94.3,1756.0
2020-05-08 13:00:00,NSE:KITEX,94.3,94.6,94.25,94.25,723.0
2020-05-08 14:00:00,NSE:KITEX,94.35,95.0,94.15,94.35,7196.0
2020-05-08 15:00:00,NSE:KITEX,94.45,96.9,94.45,96.0,22104.0
2020-05-11 09:00:00,NSE:KITEX,96.8,97.8,95.1,96.25,8560.0
2020-05-11 10:00:00,NSE:KITEX,96.55,97.0,96.25,96.55,5830.0
2020-05-11 11:00:00,NSE:KITEX,96.5,96.75,96.5,96.5,4998.0
2020-05-11 12:00:00,NSE:KITEX,96.5,96.7,96.3,96.55,929.0
2020-05-11 13:00:00,NSE:KITEX,96.55,97.2,96.2,97.1,4208.0
2020-05-11 14:00:00,NSE:KITEX,97.1,97.7,97.0,97.1,14256.0
2020-05-11 15:00:00,NSE:KITEX,97.55,98.5,96.85,97.65,18927.0
2020-05-12 09:00:00,NSE:KITEX,98.95,99.0,95.5,96.7,12225.0
2020-05-12 10:00:00,NSE:KITEX,96.4,97.0,96.2,96.75,3099.0
2020-05-12 11:00:00,NSE:KITEX,96.75,97.1,96.5,97.05,12049.0
2020-05-12 12:00:00,NSE:KITEX,97.0,97.4,96.5,96.7,1484.0
2020-05-12 13:00:00,NSE:KITEX,96.85,97.35,96.85,97.35,2098.0
2020-05-12 14:00:00,NSE:KITEX,97.3,98.2,97.25,97.6,8932.0
2020-05-12 15:00:00,NSE:KITEX,98.3,104.0,97.7,101.05,63240.0
2020-05-13 09:00:00,NSE:KITEX,103.1,106.8,100.7,101.9,33491.0
2020-05-13 10:00:00,NSE:KITEX,101.85,108.8,101.65,106.15,102853.0
2020-05-13 11:00:00,NSE:KITEX,105.9,106.9,105.0,105.4,25093.0
2020-05-13 12:00:00,NSE:KITEX,105.5,105.7,103.2,103.7,14807.0
2020-05-13 13:00:00,NSE:KITEX,103.7,103.9,103.3,103.9,6178.0
2020-05-13 14:00:00,NSE:KITEX,103.65,104.5,103.35,103.65,10277.0
2020-05-13 15:00:00,NSE:KITEX,103.7,104.0,103.35,103.6,13372.0
2020-05-14 09:00:00,NSE:KITEX,103.25,104.0,101.1,101.1,16448.0
2020-05-14 10:00:00,NSE:KITEX,101.5,102.4,101.3,102.2,5133.0
2020-05-14 11:00:00,NSE:KITEX,101.75,101.75,100.3,100.3,8434.0
2020-05-14 12:00:00,NSE:KITEX,100.3,100.8,99.2,99.9,7218.0
2020-05-14 13:00:00,NSE:KITEX,99.9,100.1,99.2,99.5,6379.0
2020-05-14 14:00:00,NSE:KITEX,99.85,100.3,99.1,99.45,6214.0
2020-05-14 15:00:00,NSE:KITEX,99.4,99.45,98.5,98.95,9002.0
2020-05-15 09:00:00,NSE:KITEX,97.05,100.0,96.0,98.1,12612.0
2020-05-15 10:00:00,NSE:KITEX,98.1,100.7,98.1,99.55,8613.0
2020-05-15 11:00:00,NSE:KITEX,99.5,99.6,99.5,99.5,2728.0
2020-05-15 12:00:00,NSE:KITEX,99.6,99.75,98.6,99.2,3241.0
2020-05-15 13:00:00,NSE:KITEX,98.9,99.15,98.85,99.05,937.0
2020-05-15 14:00:00,NSE:KITEX,99.0,99.4,98.4,98.45,3389.0
2020-05-15 15:00:00,NSE:KITEX,98.7,99.5,98.4,98.4,5532.0
2020-05-18 09:00:00,NSE:KITEX,99.5,99.75,95.4,95.85,12534.0
2020-05-18 10:00:00,NSE:KITEX,95.55,97.2,95.5,96.0,7392.0
2020-05-18 11:00:00,NSE:KITEX,96.45,97.5,96.0,97.05,8902.0
2020-05-18 12:00:00,NSE:KITEX,97.1,100.6,97.0,100.6,7959.0
2020-05-18 13:00:00,NSE:KITEX,100.55,101.0,99.75,100.3,17951.0
2020-05-18 14:00:00,NSE:KITEX,100.0,100.95,99.95,100.05,15170.0
2020-05-18 15:00:00,NSE:KITEX,100.1,100.95,99.15,100.5,77382.0
2020-05-19 09:00:00,NSE:KITEX,100.95,100.95,97.0,99.4,4537.0
2020-05-19 10:00:00,NSE:KITEX,99.05,99.9,97.9,98.55,7777.0
2020-05-19 11:00:00,NSE:KITEX,98.55,99.0,98.05,98.3,4796.0
2020-05-19 12:00:00,NSE:KITEX,98.15,98.85,97.6,97.6,1848.0
2020-05-19 13:00:00,NSE:KITEX,97.95,98.25,97.0,97.0,3334.0
2020-05-19 14:00:00,NSE:KITEX,97.0,97.9,97.0,97.2,3366.0
2020-05-19 15:00:00,NSE:KITEX,97.2,98.45,97.0,97.55,6867.0
2020-05-20 09:00:00,NSE:KITEX,97.65,99.4,97.65,98.15,3537.0
2020-05-20 10:00:00,NSE:KITEX,98.5,98.7,97.5,97.95,3904.0
2020-05-20 11:00:00,NSE:KITEX,98.2,98.2,97.0,97.2,3378.0
2020-05-20 12:00:00,NSE:KITEX,97.7,97.7,97.0,97.35,4658.0
2020-05-20 13:00:00,NSE:KITEX,97.35,97.85,97.0,97.8,1473.0
2020-05-20 14:00:00,NSE:KITEX,97.9,97.9,97.0,97.5,9543.0
2020-05-20 15:00:00,NSE:KITEX,97.1,97.9,97.0,97.9,5072.0
2020-05-21 09:00:00,NSE:KITEX,98.5,100.2,98.0,98.45,15412.0
2020-05-21 10:00:00,NSE:KITEX,98.7,99.95,98.25,99.8,6249.0
2020-05-21 11:00:00,NSE:KITEX,99.8,99.85,98.75,99.05,6011.0
2020-05-21 12:00:00,NSE:KITEX,99.0,99.2,97.35,99.05,7955.0
2020-05-21 13:00:00,NSE:KITEX,99.05,100.7,98.25,99.15,18040.0
2020-05-21 14:00:00,NSE:KITEX,98.7,98.7,96.95,97.6,15030.0
2020-05-21 15:00:00,NSE:KITEX,97.5,98.45,97.3,97.9,8517.0
2020-05-22 09:00:00,NSE:KITEX,97.55,99.25,97.55,98.0,6602.0
2020-05-22 10:00:00,NSE:KITEX,97.95,98.45,96.9,97.15,20475.0
2020-05-22 11:00:00,NSE:KITEX,97.0,97.45,96.95,97.15,5180.0
2020-05-22 12:00:00,NSE:KITEX,97.15,98.2,97.0,97.15,3221.0
2020-05-22 13:00:00,NSE:KITEX,97.05,97.85,97.0,97.25,2944.0
2020-05-22 14:00:00,NSE:KITEX,97.45,97.5,97.0,97.4,2298.0
2020-05-22 15:00:00,NSE:KITEX,97.35,97.85,96.7,97.2,16052.0
2020-05-26 09:00:00,NSE:KITEX,97.55,99.7,97.55,98.85,11080.0
2020-05-26 10:00:00,NSE:KITEX,98.85,98.85,98.0,98.0,2528.0
2020-05-26 11:00:00,NSE:KITEX,98.35,98.35,97.3,97.65,3070.0
2020-05-26 12:00:00,NSE:KITEX,97.65,97.7,97.4,97.55,1228.0
2020-05-26 13:00:00,NSE:KITEX,97.4,97.65,96.15,97.65,6481.0
2020-05-26 14:00:00,NSE:KITEX,97.5,97.75,97.0,97.75,2458.0
2020-05-26 15:00:00,NSE:KITEX,97.5,97.75,96.4,97.15,9539.0
2020-05-27 09:00:00,NSE:KITEX,97.5,97.95,97.0,97.1,4154.0
2020-05-27 10:00:00,NSE:KITEX,97.0,97.9,97.0,97.75,5677.0
2020-05-27 11:00:00,NSE:KITEX,97.2,97.8,97.0,97.15,2741.0
2020-05-27 12:00:00,NSE:KITEX,97.05,97.5,97.05,97.5,1687.0
2020-05-27 13:00:00,NSE:KITEX,97.5,99.4,97.5,98.0,13849.0
2020-05-27 14:00:00,NSE:KITEX,98.3,99.0,98.0,98.7,7233.0
2020-05-27 15:00:00,NSE:KITEX,98.6,99.0,98.0,98.25,5225.0
2020-05-28 09:00:00,NSE:KITEX,99.9,99.9,98.5,98.95,2596.0
2020-05-28 10:00:00,NSE:KITEX,98.95,101.0,98.6,100.0,19456.0
2020-05-28 11:00:00,NSE:KITEX,99.95,100.2,99.5,99.8,6129.0
2020-05-28 12:00:00,NSE:KITEX,99.85,100.35,99.5,99.8,6975.0
2020-05-28 13:00:00,NSE:KITEX,99.8,100.15,99.35,99.35,5466.0
2020-05-28 14:00:00,NSE:KITEX,99.35,100.0,99.3,99.8,5352.0
2020-05-28 15:00:00,NSE:KITEX,99.8,100.25,99.3,99.85,7320.0
2020-05-29 09:00:00,NSE:KITEX,99.8,100.95,99.45,99.5,4408.0
2020-05-29 10:00:00,NSE:KITEX,99.5,100.15,99.5,99.95,3534.0
2020-05-29 11:00:00,NSE:KITEX,100.0,100.5,99.8,99.95,3389.0
2020-05-29 12:00:00,NSE:KITEX,99.85,100.1,99.45,99.6,4200.0
2020-05-29 13:00:00,NSE:KITEX,99.3,100.3,99.3,100.3,4143.0
2020-05-29 14:00:00,NSE:KITEX,100.25,100.25,99.65,100.0,2156.0
2020-05-29 15:00:00,NSE:KITEX,100.0,100.25,99.0,99.7,4759.0
2020-06-01 09:00:00,NSE:KITEX,100.95,103.4,100.95,101.75,28286.0
2020-06-01 10:00:00,NSE:KITEX,101.2,101.85,101.15,101.75,10084.0
2020-06-01 11:00:00,NSE:KITEX,101.65,103.0,101.1,103.0,21644.0
2020-06-01 12:00:00,NSE:KITEX,102.3,103.5,102.0,102.65,15516.0
2020-06-01 13:00:00,NSE:KITEX,102.65,102.8,101.35,101.4,7673.0
2020-06-01 14:00:00,NSE:KITEX,101.3,101.8,101.0,101.5,9196.0
2020-06-01 15:00:00,NSE:KITEX,101.45,101.6,101.1,101.25,28129.0
2020-06-02 09:00:00,NSE:KITEX,101.9,102.75,100.1,102.3,22115.0
2020-06-02 10:00:00,NSE:KITEX,102.4,103.85,102.05,102.5,10388.0
2020-06-02 11:00:00,NSE:KITEX,102.05,102.7,101.5,102.65,8008.0
2020-06-02 12:00:00,NSE:KITEX,102.7,103.5,102.45,102.95,19722.0
2020-06-02 13:00:00,NSE:KITEX,102.75,103.5,102.0,102.6,13689.0
2020-06-02 14:00:00,NSE:KITEX,102.6,102.6,102.1,102.55,4463.0
2020-06-02 15:00:00,NSE:KITEX,102.5,102.6,102.0,102.3,7618.0
2020-06-03 09:00:00,NSE:KITEX,103.0,104.75,103.0,103.5,22481.0
2020-06-03 10:00:00,NSE:KITEX,103.65,105.0,103.5,104.25,29253.0
2020-06-03 11:00:00,NSE:KITEX,104.5,104.5,103.2,103.8,18528.0
2020-06-03 12:00:00,NSE:KITEX,104.05,104.5,103.75,104.0,16961.0
2020-06-03 13:00:00,NSE:KITEX,104.0,104.3,104.0,104.2,11161.0
2020-06-03 14:00:00,NSE:KITEX,104.2,104.45,104.0,104.0,18962.0
2020-06-03 15:00:00,NSE:KITEX,104.0,104.1,103.0,103.6,14870.0
2020-06-04 09:00:00,NSE:KITEX,103.6,103.95,101.5,101.95,18226.0
2020-06-04 10:00:00,NSE:KITEX,102.0,102.7,101.4,101.4,9351.0
2020-06-04 11:00:00,NSE:KITEX,101.5,101.7,99.8,100.85,13263.0
2020-06-04 12:00:00,NSE:KITEX,100.35,100.7,99.5,100.3,9828.0
2020-06-04 13:00:00,NSE:KITEX,100.05,100.5,99.85,100.45,4478.0
2020-06-04 14:00:00,NSE:KITEX,100.55,100.9,100.05,100.2,7657.0
2020-06-04 15:00:00,NSE:KITEX,100.2,100.9,100.0,100.25,7748.0
2020-06-05 09:00:00,NSE:KITEX,103.0,103.0,100.75,101.7,12552.0
2020-06-05 10:00:00,NSE:KITEX,102.0,102.2,101.1,101.65,8276.0
2020-06-05 11:00:00,NSE:KITEX,101.9,102.35,101.6,102.35,7267.0
2020-06-05 12:00:00,NSE:KITEX,102.35,102.35,101.25,102.0,11895.0
2020-06-05 13:00:00,NSE:KITEX,102.0,102.9,101.9,102.8,12509.0
2020-06-05 14:00:00,NSE:KITEX,102.85,112.0,102.35,111.45,263394.0
2020-06-05 15:00:00,NSE:KITEX,111.4,117.35,111.3,114.0,269810.0
2020-06-08 09:00:00,NSE:KITEX,116.7,118.65,114.4,116.6,155999.0
2020-06-08 10:00:00,NSE:KITEX,116.55,118.0,116.05,117.2,40446.0
2020-06-08 11:00:00,NSE:KITEX,117.25,118.0,117.05,117.4,17502.0
2020-06-08 12:00:00,NSE:KITEX,117.4,117.4,115.0,115.1,33550.0
2020-06-08 13:00:00,NSE:KITEX,115.1,116.6,114.0,116.1,32079.0
2020-06-08 14:00:00,NSE:KITEX,116.15,116.4,114.3,116.0,17253.0
2020-06-08 15:00:00,NSE:KITEX,116.0,118.0,116.0,117.5,106267.0
2020-06-09 09:00:00,NSE:KITEX,118.0,118.0,114.5,116.0,37598.0
2020-06-09 10:00:00,NSE:KITEX,116.05,117.7,115.75,116.35,27616.0
2020-06-09 11:00:00,NSE:KITEX,116.35,117.5,115.5,116.5,20730.0
2020-06-09 12:00:00,NSE:KITEX,116.5,116.5,115.4,115.4,4876.0
2020-06-09 13:00:00,NSE:KITEX,115.3,115.3,114.25,114.6,11949.0
2020-06-09 14:00:00,NSE:KITEX,114.7,115.0,108.25,109.6,61940.0
2020-06-09 15:00:00,NSE:KITEX,109.95,114.0,109.95,112.2,24765.0
2020-06-10 09:00:00,NSE:KITEX,114.8,114.8,109.0,110.35,29498.0
2020-06-10 10:00:00,NSE:KITEX,110.05,110.25,108.6,108.75,30820.0
2020-06-10 11:00:00,NSE:KITEX,108.75,109.4,108.0,109.0,13518.0
2020-06-10 12:00:00,NSE:KITEX,108.95,109.5,108.8,109.5,10069.0
2020-06-10 13:00:00,NSE:KITEX,109.4,109.5,108.85,108.9,7349.0
2020-06-10 14:00:00,NSE:KITEX,109.0,109.15,108.55,108.55,5142.0
2020-06-10 15:00:00,NSE:KITEX,108.55,109.95,108.15,109.0,13352.0
2020-06-11 09:00:00,NSE:KITEX,109.95,111.2,107.95,110.95,24249.0
2020-06-11 10:00:00,NSE:KITEX,110.95,112.0,109.45,109.85,28300.0
2020-06-11 11:00:00,NSE:KITEX,109.7,109.85,108.35,109.75,8814.0
2020-06-11 12:00:00,NSE:KITEX,109.7,109.7,107.1,107.45,19307.0
2020-06-11 13:00:00,NSE:KITEX,107.5,108.0,107.1,107.1,16510.0
2020-06-11 14:00:00,NSE:KITEX,107.1,107.55,104.5,105.1,22425.0
2020-06-11 15:00:00,NSE:KITEX,105.05,107.0,104.7,106.0,14447.0
2020-06-12 09:00:00,NSE:KITEX,100.0,103.95,100.0,103.05,28848.0
2020-06-12 10:00:00,NSE:KITEX,103.15,104.8,103.15,103.85,15973.0
2020-06-12 11:00:00,NSE:KITEX,103.5,104.25,103.05,103.65,6511.0
2020-06-12 12:00:00,NSE:KITEX,103.55,104.5,103.55,104.1,6107.0
2020-06-12 13:00:00,NSE:KITEX,104.15,104.75,104.0,104.2,6050.0
2020-06-12 14:00:00,NSE:KITEX,104.15,107.0,104.15,107.0,17294.0
2020-06-12 15:00:00,NSE:KITEX,106.95,107.4,105.6,105.6,15044.0
2020-06-15 09:00:00,NSE:KITEX,107.2,108.7,104.7,107.4,18906.0
2020-06-15 10:00:00,NSE:KITEX,107.65,108.0,105.6,106.0,7790.0
2020-06-15 11:00:00,NSE:KITEX,106.2,106.5,105.0,105.15,9864.0
2020-06-15 12:00:00,NSE:KITEX,105.2,105.9,104.5,105.4,4123.0
2020-06-15 13:00:00,NSE:KITEX,105.0,107.25,104.5,106.5,11949.0
2020-06-15 14:00:00,NSE:KITEX,106.25,106.8,105.6,105.9,3591.0
2020-06-15 15:00:00,NSE:KITEX,105.95,106.9,105.7,106.45,8148.0
2020-06-16 09:00:00,NSE:KITEX,108.5,108.8,106.65,107.05,12915.0
2020-06-16 10:00:00,NSE:KITEX,107.05,107.45,106.5,107.2,11335.0
2020-06-16 11:00:00,NSE:KITEX,107.2,108.0,106.6,107.5,12994.0
2020-06-16 12:00:00,NSE:KITEX,107.5,107.55,106.5,107.0,9468.0
2020-06-16 13:00:00,NSE:KITEX,106.5,106.5,101.5,103.5,28634.0
2020-06-16 14:00:00,NSE:KITEX,103.5,105.8,103.5,104.4,12363.0
2020-06-16 15:00:00,NSE:KITEX,104.3,104.3,102.0,103.45,11488.0
2020-06-17 09:00:00,NSE:KITEX,104.0,104.0,100.15,103.35,13891.0
2020-06-17 10:00:00,NSE:KITEX,103.0,103.5,102.55,103.15,12214.0
2020-06-17 11:00:00,NSE:KITEX,103.0,103.5,102.5,103.3,15077.0
2020-06-17 12:00:00,NSE:KITEX,103.45,106.65,103.45,105.3,13842.0
2020-06-17 13:00:00,NSE:KITEX,105.3,106.5,104.25,105.0,16791.0
2020-06-17 14:00:00,NSE:KITEX,105.0,107.5,104.45,104.5,34843.0
2020-06-17 15:00:00,NSE:KITEX,104.4,104.4,102.5,103.4,16179.0
2020-06-18 09:00:00,NSE:KITEX,99.45,107.35,99.45,106.5,31103.0
2020-06-18 10:00:00,NSE:KITEX,106.6,106.65,105.0,105.3,15703.0
2020-06-18 11:00:00,NSE:KITEX,105.1,106.0,104.6,105.75,7486.0
2020-06-18 12:00:00,NSE:KITEX,105.7,106.1,104.95,105.65,7308.0
2020-06-18 13:00:00,NSE:KITEX,105.85,106.3,105.3,105.55,5924.0
2020-06-18 14:00:00,NSE:KITEX,105.55,106.0,104.6,104.85,11477.0
2020-06-18 15:00:00,NSE:KITEX,104.8,105.0,104.1,104.75,12338.0
2020-06-19 09:00:00,NSE:KITEX,104.85,106.8,104.85,105.95,14600.0
2020-06-19 10:00:00,NSE:KITEX,105.9,112.5,105.85,110.1,153178.0
2020-06-19 11:00:00,NSE:KITEX,110.5,110.7,109.0,109.55,48750.0
2020-06-19 12:00:00,NSE:KITEX,109.35,110.0,109.0,109.2,24990.0
2020-06-19 13:00:00,NSE:KITEX,109.2,109.6,108.55,109.45,21149.0
2020-06-19 14:00:00,NSE:KITEX,109.25,110.0,109.05,109.6,21678.0
2020-06-19 15:00:00,NSE:KITEX,109.6,109.6,108.0,108.7,29078.0
2020-06-22 09:00:00,NSE:KITEX,109.0,112.6,109.0,111.6,63435.0
2020-06-22 10:00:00,NSE:KITEX,111.6,118.3,111.05,116.8,194906.0
2020-06-22 11:00:00,NSE:KITEX,116.5,117.9,115.1,115.25,53619.0
2020-06-22 12:00:00,NSE:KITEX,115.3,116.5,115.1,116.5,31925.0
2020-06-22 13:00:00,NSE:KITEX,116.7,116.9,115.0,115.35,13856.0
2020-06-22 14:00:00,NSE:KITEX,115.5,116.3,114.1,114.1,20907.0
2020-06-22 15:00:00,NSE:KITEX,114.15,114.55,112.55,113.2,58653.0
2020-06-23 09:00:00,NSE:KITEX,114.25,116.4,114.1,115.15,54281.0
2020-06-23 10:00:00,NSE:KITEX,115.2,120.6,115.2,117.5,184647.0
2020-06-23 11:00:00,NSE:KITEX,117.5,117.8,116.1,116.75,29212.0
2020-06-23 12:00:00,NSE:KITEX,116.75,117.05,116.15,116.5,12311.0
2020-06-23 13:00:00,NSE:KITEX,116.6,116.9,116.0,116.25,17878.0
2020-06-23 14:00:00,NSE:KITEX,116.25,117.5,115.65,117.5,37249.0
2020-06-23 15:00:00,NSE:KITEX,117.7,119.0,117.5,118.25,59542.0
2020-06-24 09:00:00,NSE:KITEX,118.75,119.35,116.8,117.3,35041.0
2020-06-24 10:00:00,NSE:KITEX,117.3,118.35,115.4,115.45,26050.0
2020-06-24 11:00:00,NSE:KITEX,115.3,115.9,113.0,114.85,39472.0
2020-06-24 12:00:00,NSE:KITEX,114.75,115.5,114.15,115.3,9717.0
2020-06-24 13:00:00,NSE:KITEX,115.15,115.15,112.65,113.55,29165.0
2020-06-24 14:00:00,NSE:KITEX,113.65,114.6,113.15,113.7,15387.0
2020-06-24 15:00:00,NSE:KITEX,113.5,113.95,111.7,113.0,31842.0
2020-06-25 09:00:00,NSE:KITEX,114.2,116.4,113.0,115.1,30049.0
2020-06-25 10:00:00,NSE:KITEX,115.1,115.2,112.7,114.1,13104.0
2020-06-25 11:00:00,NSE:KITEX,114.1,114.3,113.1,113.85,12230.0
2020-06-25 12:00:00,NSE:KITEX,113.5,113.7,112.1,112.4,6788.0
2020-06-25 13:00:00,NSE:KITEX,112.8,114.0,112.8,113.8,6136.0
2020-06-25 14:00:00,NSE:KITEX,113.7,114.0,113.0,113.55,9020.0
2020-06-25 15:00:00,NSE:KITEX,113.6,114.0,112.5,113.25,17545.0
2020-06-26 09:00:00,NSE:KITEX,112.2,116.4,112.2,114.85,25779.0
2020-06-26 10:00:00,NSE:KITEX,115.0,115.0,113.5,113.75,10455.0
2020-06-26 11:00:00,NSE:KITEX,113.75,113.95,113.25,113.4,3665.0
2020-06-26 12:00:00,NSE:KITEX,113.5,114.2,113.15,113.4,6121.0
2020-06-26 13:00:00,NSE:KITEX,113.4,113.7,113.25,113.35,5742.0
2020-06-26 14:00:00,NSE:KITEX,113.35,114.3,113.35,114.3,6986.0
2020-06-26 15:00:00,NSE:KITEX,114.3,114.8,114.25,114.45,8588.0
2020-06-29 09:00:00,NSE:KITEX,114.45,114.45,111.3,112.25,16029.0
2020-06-29 10:00:00,NSE:KITEX,112.45,112.85,111.6,112.8,7072.0
2020-06-29 11:00:00,NSE:KITEX,112.8,112.8,111.4,111.85,5548.0
2020-06-29 12:00:00,NSE:KITEX,112.0,112.8,111.65,112.65,3396.0
2020-06-29 13:00:00,NSE:KITEX,112.8,112.8,112.0,112.0,2872.0
2020-06-29 14:00:00,NSE:KITEX,112.0,112.4,111.6,111.8,6230.0
2020-06-29 15:00:00,NSE:KITEX,111.95,112.75,111.65,112.5,6834.0
2020-06-30 09:00:00,NSE:KITEX,113.45,114.5,111.75,111.9,30828.0
2020-06-30 10:00:00,NSE:KITEX,112.0,112.0,111.75,111.75,21344.0
2020-06-30 11:00:00,NSE:KITEX,111.75,112.65,111.6,112.55,9913.0
2020-06-30 12:00:00,NSE:KITEX,112.5,112.5,111.8,111.8,2835.0
2020-06-30 13:00:00,NSE:KITEX,111.85,111.9,111.5,111.6,2985.0
2020-06-30 14:00:00,NSE:KITEX,111.55,111.55,107.65,109.0,34600.0
2020-06-30 15:00:00,NSE:KITEX,109.1,109.1,107.75,108.25,12527.0
2020-07-01 09:00:00,NSE:KITEX,109.1,109.1,107.0,107.65,16771.0
2020-07-01 10:00:00,NSE:KITEX,107.9,108.5,107.7,108.3,4771.0
2020-07-01 11:00:00,NSE:KITEX,108.45,109.75,108.3,109.25,13071.0
2020-07-01 12:00:00,NSE:KITEX,109.05,109.5,108.55,108.9,4524.0
2020-07-01 13:00:00,NSE:KITEX,109.0,109.0,106.2,107.2,11052.0
2020-07-01 14:00:00,NSE:KITEX,107.55,107.9,107.25,107.3,4395.0
2020-07-01 15:00:00,NSE:KITEX,107.3,109.0,107.0,109.0,10420.0
2020-07-02 09:00:00,NSE:KITEX,108.8,111.3,108.75,110.1,13903.0
2020-07-02 10:00:00,NSE:KITEX,109.95,110.05,109.35,109.5,11082.0
2020-07-02 11:00:00,NSE:KITEX,109.5,110.0,109.35,109.5,4874.0
2020-07-02 12:00:00,NSE:KITEX,109.5,109.8,108.9,109.7,8939.0
2020-07-02 13:00:00,NSE:KITEX,109.45,110.0,109.15,109.95,9919.0
2020-07-02 14:00:00,NSE:KITEX,109.95,109.95,109.15,109.2,5159.0
2020-07-02 15:00:00,NSE:KITEX,109.2,109.45,108.5,108.95,9785.0
2020-07-03 09:00:00,NSE:KITEX,110.25,110.85,109.0,109.75,19520.0
2020-07-03 10:00:00,NSE:KITEX,109.8,110.35,109.25,109.65,7248.0
2020-07-03 11:00:00,NSE:KITEX,110.0,110.0,109.65,109.65,5192.0
2020-07-03 12:00:00,NSE:KITEX,110.0,110.0,108.3,108.95,6772.0
2020-07-03 13:00:00,NSE:KITEX,108.7,109.0,108.3,108.5,3207.0
2020-07-03 14:00:00,NSE:KITEX,108.5,108.9,108.2,108.9,6233.0
2020-07-03 15:00:00,NSE:KITEX,108.9,109.3,107.0,107.0,13505.0
2020-07-06 09:00:00,NSE:KITEX,108.85,111.35,108.2,110.4,26351.0
2020-07-06 10:00:00,NSE:KITEX,110.2,110.4,109.3,110.1,10464.0
2020-07-06 11:00:00,NSE:KITEX,110.1,110.5,109.35,109.7,7404.0
2020-07-06 12:00:00,NSE:KITEX,109.7,110.2,109.55,110.0,4197.0
2020-07-06 13:00:00,NSE:KITEX,109.85,110.25,109.2,109.3,6743.0
2020-07-06 14:00:00,NSE:KITEX,109.3,109.95,109.0,109.6,8650.0
2020-07-06 15:00:00,NSE:KITEX,109.95,111.7,109.25,110.45,19091.0
2020-07-07 09:00:00,NSE:KITEX,110.45,111.5,109.3,111.2,20311.0
2020-07-07 10:00:00,NSE:KITEX,111.45,113.0,110.85,111.4,37165.0
2020-07-07 11:00:00,NSE:KITEX,111.45,113.4,111.0,111.75,42550.0
2020-07-07 12:00:00,NSE:KITEX,111.8,112.9,111.65,112.15,12639.0
2020-07-07 13:00:00,NSE:KITEX,112.15,112.85,112.05,112.5,7072.0
2020-07-07 14:00:00,NSE:KITEX,112.5,112.85,111.7,112.05,8040.0
2020-07-07 15:00:00,NSE:KITEX,112.05,112.25,111.1,111.2,15098.0
2020-07-08 09:00:00,NSE:KITEX,111.6,112.95,110.65,111.05,23432.0
2020-07-08 10:00:00,NSE:KITEX,111.1,111.65,110.3,111.4,10540.0
2020-07-08 11:00:00,NSE:KITEX,111.3,111.35,110.5,110.65,4360.0
2020-07-08 12:00:00,NSE:KITEX,110.85,112.65,110.85,111.9,11806.0
2020-07-08 13:00:00,NSE:KITEX,111.75,112.0,110.7,112.0,10497.0
2020-07-08 14:00:00,NSE:KITEX,112.0,112.0,110.6,110.6,12373.0
2020-07-08 15:00:00,NSE:KITEX,110.55,111.0,110.1,110.55,12734.0
2020-07-09 09:00:00,NSE:KITEX,111.4,111.65,110.5,111.4,7675.0
2020-07-09 10:00:00,NSE:KITEX,111.15,111.5,110.6,111.05,10212.0
2020-07-09 11:00:00,NSE:KITEX,111.0,111.25,111.0,111.2,1353.0
2020-07-09 12:00:00,NSE:KITEX,111.25,111.25,111.0,111.05,3807.0
2020-07-09 13:00:00,NSE:KITEX,111.0,111.4,110.9,111.4,4187.0
2020-07-09 14:00:00,NSE:KITEX,111.4,113.2,111.0,111.25,24700.0
2020-07-09 15:00:00,NSE:KITEX,111.15,111.4,111.0,111.15,8453.0
2020-07-10 09:00:00,NSE:KITEX,110.4,110.95,109.5,110.35,9041.0
2020-07-10 10:00:00,NSE:KITEX,110.35,110.6,110.0,110.4,5686.0
2020-07-10 11:00:00,NSE:KITEX,110.4,110.7,110.0,110.3,8464.0
2020-07-10 12:00:00,NSE:KITEX,110.45,110.7,110.05,110.45,7879.0
2020-07-10 13:00:00,NSE:KITEX,110.3,110.45,109.9,110.2,2975.0
2020-07-10 14:00:00,NSE:KITEX,110.35,110.9,108.7,109.0,14996.0
2020-07-10 15:00:00,NSE:KITEX,109.0,109.25,108.35,108.75,10109.0
2020-07-13 09:00:00,NSE:KITEX,108.35,109.6,108.35,108.6,12776.0
2020-07-13 10:00:00,NSE:KITEX,108.8,109.2,107.2,108.65,21655.0
2020-07-13 11:00:00,NSE:KITEX,108.5,109.0,108.05,108.2,6247.0
2020-07-13 12:00:00,NSE:KITEX,108.2,108.45,108.05,108.05,9811.0
2020-07-13 13:00:00,NSE:KITEX,108.15,110.65,108.0,109.35,26438.0
2020-07-13 14:00:00,NSE:KITEX,109.4,110.0,108.65,108.65,4161.0
2020-07-13 15:00:00,NSE:KITEX,109.0,109.0,108.0,108.3,12766.0
2020-07-14 09:00:00,NSE:KITEX,108.1,109.95,107.05,107.8,34764.0
2020-07-14 10:00:00,NSE:KITEX,107.5,107.8,106.5,106.75,21806.0
2020-07-14 11:00:00,NSE:KITEX,106.5,107.25,106.15,106.8,8932.0
2020-07-14 12:00:00,NSE:KITEX,106.35,106.85,105.7,105.8,8449.0
2020-07-14 13:00:00,NSE:KITEX,106.0,106.0,104.85,105.55,14500.0
2020-07-14 14:00:00,NSE:KITEX,105.55,106.0,104.05,104.5,9583.0
2020-07-14 15:00:00,NSE:KITEX,104.45,107.0,104.2,105.45,19906.0
2020-07-15 09:00:00,NSE:KITEX,106.0,107.9,106.0,107.15,11585.0
2020-07-15 10:00:00,NSE:KITEX,107.15,107.75,107.0,107.2,4980.0
2020-07-15 11:00:00,NSE:KITEX,107.2,107.45,106.95,106.95,7845.0
2020-07-15 12:00:00,NSE:KITEX,106.75,107.0,106.7,106.8,8337.0
2020-07-15 13:00:00,NSE:KITEX,106.8,108.5,106.75,108.0,15077.0
2020-07-15 14:00:00,NSE:KITEX,108.0,108.95,106.85,107.05,11973.0
2020-07-15 15:00:00,NSE:KITEX,106.85,107.5,105.75,106.35,8504.0
2020-07-16 09:00:00,NSE:KITEX,108.4,108.4,105.25,106.15,10941.0
2020-07-16 10:00:00,NSE:KITEX,105.95,106.35,105.7,105.75,8700.0
2020-07-16 11:00:00,NSE:KITEX,105.75,106.0,105.55,105.9,6516.0
2020-07-16 12:00:00,NSE:KITEX,105.9,106.5,105.9,106.0,4122.0
2020-07-16 13:00:00,NSE:KITEX,105.9,106.25,105.9,105.9,2851.0
2020-07-16 14:00:00,NSE:KITEX,105.9,106.3,105.85,105.85,3516.0
2020-07-16 15:00:00,NSE:KITEX,106.05,106.5,105.55,105.7,8450.0
2020-07-17 09:00:00,NSE:KITEX,106.95,107.1,104.55,106.0,10501.0
2020-07-17 10:00:00,NSE:KITEX,106.0,106.35,105.0,105.4,8901.0
2020-07-17 11:00:00,NSE:KITEX,106.0,106.4,105.6,105.85,4129.0
2020-07-17 12:00:00,NSE:KITEX,105.85,106.0,105.4,105.5,3069.0
2020-07-17 13:00:00,NSE:KITEX,105.5,106.0,105.5,105.95,1219.0
2020-07-17 14:00:00,NSE:KITEX,105.95,106.0,105.55,106.0,4517.0
2020-07-17 15:00:00,NSE:KITEX,106.0,106.9,105.15,105.95,13497.0
2020-07-20 09:00:00,NSE:KITEX,106.0,107.0,106.0,106.15,9024.0
2020-07-20 10:00:00,NSE:KITEX,106.55,107.0,106.05,106.35,6416.0
2020-07-20 11:00:00,NSE:KITEX,106.1,106.9,106.05,106.85,9905.0
2020-07-20 12:00:00,NSE:KITEX,106.8,106.8,106.05,106.15,3318.0
2020-07-20 13:00:00,NSE:KITEX,106.1,106.5,106.0,106.45,3765.0
2020-07-20 14:00:00,NSE:KITEX,106.15,106.7,106.0,106.2,8857.0
2020-07-20 15:00:00,NSE:KITEX,106.2,106.75,106.0,106.0,13855.0
2020-07-21 09:00:00,NSE:KITEX,107.2,111.8,106.6,111.45,60769.0
2020-07-21 10:00:00,NSE:KITEX,111.5,115.4,111.5,113.05,113434.0
2020-07-21 11:00:00,NSE:KITEX,113.1,113.2,111.3,112.0,32633.0
2020-07-21 12:00:00,NSE:KITEX,112.0,112.0,111.2,111.95,14966.0
2020-07-21 13:00:00,NSE:KITEX,111.9,112.9,111.1,111.4,24404.0
2020-07-21 14:00:00,NSE:KITEX,111.25,112.5,111.15,112.2,18641.0
2020-07-21 15:00:00,NSE:KITEX,112.1,113.25,111.5,112.4,24694.0
2020-07-22 09:00:00,NSE:KITEX,112.5,112.5,110.25,111.2,18407.0
2020-07-22 10:00:00,NSE:KITEX,111.1,114.7,110.6,112.9,57844.0
2020-07-22 11:00:00,NSE:KITEX,112.9,114.4,112.9,113.2,31435.0
2020-07-22 12:00:00,NSE:KITEX,113.15,113.95,113.15,113.6,12726.0
2020-07-22 13:00:00,NSE:KITEX,113.85,114.4,113.0,113.4,29596.0
2020-07-22 14:00:00,NSE:KITEX,113.25,114.2,113.2,113.25,20819.0
2020-07-22 15:00:00,NSE:KITEX,113.4,113.95,113.3,113.4,25058.0
2020-07-23 09:00:00,NSE:KITEX,113.0,116.85,113.0,114.3,50421.0
2020-07-23 10:00:00,NSE:KITEX,114.35,115.0,114.1,114.5,11102.0
2020-07-23 11:00:00,NSE:KITEX,114.5,114.6,114.1,114.35,4692.0
2020-07-23 12:00:00,NSE:KITEX,114.2,114.35,114.0,114.1,4108.0
2020-07-23 13:00:00,NSE:KITEX,114.0,114.1,112.7,114.05,9938.0
2020-07-23 14:00:00,NSE:KITEX,114.05,114.95,113.85,114.85,13267.0
2020-07-23 15:00:00,NSE:KITEX,114.65,115.15,113.2,114.3,23837.0
2020-07-24 09:00:00,NSE:KITEX,113.95,115.9,112.75,114.95,32444.0
2020-07-24 10:00:00,NSE:KITEX,114.7,115.0,113.6,113.6,14439.0
2020-07-24 11:00:00,NSE:KITEX,113.6,114.0,113.05,113.6,9126.0
2020-07-24 12:00:00,NSE:KITEX,113.6,113.6,112.8,112.8,3520.0
2020-07-24 13:00:00,NSE:KITEX,112.85,113.5,112.85,113.15,991.0
2020-07-24 14:00:00,NSE:KITEX,113.2,114.0,113.2,113.5,6731.0
2020-07-24 15:00:00,NSE:KITEX,113.35,113.95,113.35,113.6,11494.0
2020-07-27 09:00:00,NSE:KITEX,113.0,115.25,113.0,114.0,23294.0
2020-07-27 10:00:00,NSE:KITEX,114.0,115.2,113.9,114.15,13489.0
2020-07-27 11:00:00,NSE:KITEX,114.2,114.7,113.6,114.2,9255.0
2020-07-27 12:00:00,NSE:KITEX,114.1,114.1,113.2,113.35,16426.0
2020-07-27 13:00:00,NSE:KITEX,113.1,113.5,113.0,113.0,9907.0
2020-07-27 14:00:00,NSE:KITEX,113.3,114.0,113.2,113.75,12373.0
2020-07-27 15:00:00,NSE:KITEX,113.7,113.85,112.6,113.35,7309.0
2020-07-28 09:00:00,NSE:KITEX,114.45,114.5,113.5,114.2,12086.0
2020-07-28 10:00:00,NSE:KITEX,114.2,114.4,114.0,114.2,12811.0
2020-07-28 11:00:00,NSE:KITEX,114.2,115.0,114.2,114.35,9576.0
2020-07-28 12:00:00,NSE:KITEX,114.2,114.4,113.5,114.0,7443.0
2020-07-28 13:00:00,NSE:KITEX,114.0,114.2,113.95,114.0,5445.0
2020-07-28 14:00:00,NSE:KITEX,114.0,114.4,114.0,114.4,7581.0
2020-07-28 15:00:00,NSE:KITEX,114.4,115.0,114.05,114.65,23792.0
2020-07-29 09:00:00,NSE:KITEX,115.05,116.0,114.05,115.05,24241.0
2020-07-29 10:00:00,NSE:KITEX,115.05,116.0,114.95,115.85,13664.0
2020-07-29 11:00:00,NSE:KITEX,115.85,115.85,114.95,115.0,10793.0
2020-07-29 12:00:00,NSE:KITEX,115.2,115.3,114.95,114.95,5294.0
2020-07-29 13:00:00,NSE:KITEX,115.2,115.2,114.75,114.75,7760.0
2020-07-29 14:00:00,NSE:KITEX,114.75,114.9,106.0,111.6,55193.0
2020-07-29 15:00:00,NSE:KITEX,111.6,114.75,111.0,111.85,14690.0
2020-07-30 09:00:00,NSE:KITEX,110.1,114.1,106.1,108.5,63488.0
2020-07-30 10:00:00,NSE:KITEX,108.5,108.5,106.8,107.25,38394.0
2020-07-30 11:00:00,NSE:KITEX,107.2,108.5,107.2,107.95,16746.0
2020-07-30 12:00:00,NSE:KITEX,108.2,108.25,107.5,107.75,6390.0
2020-07-30 13:00:00,NSE:KITEX,107.95,107.95,107.0,107.7,10256.0
2020-07-30 14:00:00,NSE:KITEX,107.8,107.8,106.5,107.5,19242.0
2020-07-30 15:00:00,NSE:KITEX,107.15,107.25,105.35,106.15,19028.0
2020-07-31 09:00:00,NSE:KITEX,106.0,106.5,104.0,105.0,20837.0
2020-07-31 10:00:00,NSE:KITEX,105.05,105.55,104.0,104.45,10617.0
2020-07-31 11:00:00,NSE:KITEX,104.1,104.75,104.05,104.6,7510.0
2020-07-31 12:00:00,NSE:KITEX,104.4,104.65,103.95,104.0,9519.0
2020-07-31 13:00:00,NSE:KITEX,104.0,104.25,103.8,103.8,8055.0
2020-07-31 14:00:00,NSE:KITEX,103.85,104.05,103.15,103.7,10681.0
2020-07-31 15:00:00,NSE:KITEX,103.8,104.1,103.15,103.7,12231.0
2020-08-03 09:00:00,NSE:KITEX,103.7,103.7,99.25,100.3,47279.0
2020-08-03 10:00:00,NSE:KITEX,99.9,100.4,99.55,100.35,29081.0
2020-08-03 11:00:00,NSE:KITEX,100.35,100.35,99.25,100.05,15399.0
2020-08-03 12:00:00,NSE:KITEX,100.1,100.3,99.7,100.2,14164.0
2020-08-03 13:00:00,NSE:KITEX,100.0,101.35,99.95,100.7,16755.0
2020-08-03 14:00:00,NSE:KITEX,100.5,100.95,100.0,100.8,8418.0
2020-08-03 15:00:00,NSE:KITEX,100.8,101.0,99.9,100.3,11861.0
2020-08-04 09:00:00,NSE:KITEX,101.65,102.9,100.15,100.7,25310.0
2020-08-04 10:00:00,NSE:KITEX,101.0,101.0,100.65,101.0,12827.0
2020-08-04 11:00:00,NSE:KITEX,101.0,101.0,100.5,100.85,11070.0
2020-08-04 12:00:00,NSE:KITEX,100.8,102.7,100.8,101.0,28673.0
2020-08-04 13:00:00,NSE:KITEX,101.0,101.35,100.55,101.35,11199.0
2020-08-04 14:00:00,NSE:KITEX,101.45,101.7,100.65,101.0,4421.0
2020-08-04 15:00:00,NSE:KITEX,101.0,101.5,100.4,101.1,16424.0
2020-08-05 09:00:00,NSE:KITEX,101.1,103.9,101.1,103.35,31875.0
2020-08-05 10:00:00,NSE:KITEX,103.25,103.4,102.8,102.9,14059.0
2020-08-05 11:00:00,NSE:KITEX,103.05,103.4,102.8,102.8,13444.0
2020-08-05 12:00:00,NSE:KITEX,102.8,103.35,102.6,102.75,4690.0
2020-08-05 13:00:00,NSE:KITEX,102.9,103.4,102.6,102.8,9313.0
2020-08-05 14:00:00,NSE:KITEX,102.9,103.1,102.6,102.6,4048.0
2020-08-05 15:00:00,NSE:KITEX,102.7,103.0,102.2,102.55,5556.0
2020-08-06 09:00:00,NSE:KITEX,101.6,103.4,101.6,103.15,11814.0
2020-08-06 10:00:00,NSE:KITEX,103.3,103.8,102.6,102.95,9349.0
2020-08-06 11:00:00,NSE:KITEX,102.95,103.1,102.55,102.55,3388.0
2020-08-06 12:00:00,NSE:KITEX,103.0,103.0,102.45,102.8,7283.0
2020-08-06 13:00:00,NSE:KITEX,102.9,103.2,102.35,102.65,7737.0
2020-08-06 14:00:00,NSE:KITEX,102.65,102.7,101.7,102.55,6005.0
2020-08-06 15:00:00,NSE:KITEX,102.55,102.55,101.6,102.0,7719.0
2020-08-07 09:00:00,NSE:KITEX,102.45,102.45,101.25,102.1,9539.0
2020-08-07 10:00:00,NSE:KITEX,102.1,102.1,101.35,101.45,6400.0
2020-08-07 11:00:00,NSE:KITEX,101.45,101.85,101.3,101.8,6930.0
2020-08-07 12:00:00,NSE:KITEX,101.95,102.0,101.55,101.9,3166.0
2020-08-07 13:00:00,NSE:KITEX,101.95,102.0,101.3,101.5,3916.0
2020-08-07 14:00:00,NSE:KITEX,101.7,102.0,101.4,101.55,12437.0
2020-08-07 15:00:00,NSE:KITEX,101.5,102.0,101.4,102.0,13221.0
2020-08-10 09:00:00,NSE:KITEX,102.0,103.3,102.0,102.15,20013.0
2020-08-10 10:00:00,NSE:KITEX,102.75,103.2,102.05,102.65,15526.0
2020-08-10 11:00:00,NSE:KITEX,103.0,103.0,102.4,102.4,10483.0
2020-08-10 12:00:00,NSE:KITEX,102.55,102.85,102.3,102.5,11234.0
2020-08-10 13:00:00,NSE:KITEX,102.95,103.1,102.45,102.5,4691.0
2020-08-10 14:00:00,NSE:KITEX,102.5,102.65,101.9,102.5,11725.0
2020-08-10 15:00:00,NSE:KITEX,102.15,102.55,101.55,102.2,8117.0
2020-08-11 09:00:00,NSE:KITEX,104.0,104.0,102.4,103.0,21290.0
2020-08-11 10:00:00,NSE:KITEX,102.9,103.0,102.4,103.0,6407.0
2020-08-11 11:00:00,NSE:KITEX,103.0,103.0,102.8,102.8,5129.0
2020-08-11 12:00:00,NSE:KITEX,102.75,102.9,102.05,102.55,8506.0
2020-08-11 13:00:00,NSE:KITEX,102.6,102.95,102.3,102.35,6287.0
2020-08-11 14:00:00,NSE:KITEX,102.4,102.9,102.25,102.75,5820.0
2020-08-11 15:00:00,NSE:KITEX,102.7,102.7,102.15,102.45,10264.0
2020-08-12 09:00:00,NSE:KITEX,101.7,102.3,101.5,101.6,13438.0
2020-08-12 10:00:00,NSE:KITEX,101.6,106.0,101.45,103.85,33322.0
2020-08-12 11:00:00,NSE:KITEX,103.85,107.5,103.85,106.85,76558.0
2020-08-12 12:00:00,NSE:KITEX,107.0,109.9,106.45,108.3,83674.0
2020-08-12 13:00:00,NSE:KITEX,108.6,108.75,107.0,107.3,27756.0
2020-08-12 14:00:00,NSE:KITEX,107.75,108.0,107.0,107.5,35807.0
2020-08-12 15:00:00,NSE:KITEX,107.5,108.5,106.7,107.75,33577.0
2020-08-13 09:00:00,NSE:KITEX,107.75,110.0,107.2,109.45,61494.0
2020-08-13 10:00:00,NSE:KITEX,109.5,109.9,108.4,109.25,17740.0
2020-08-13 11:00:00,NSE:KITEX,109.25,109.5,108.4,108.4,7935.0
2020-08-13 12:00:00,NSE:KITEX,108.45,108.85,108.0,108.5,11088.0
2020-08-13 13:00:00,NSE:KITEX,108.7,108.75,108.0,108.0,8894.0
2020-08-13 14:00:00,NSE:KITEX,108.05,108.3,107.5,108.0,8370.0
2020-08-13 15:00:00,NSE:KITEX,108.1,108.4,107.6,108.05,21164.0
2020-08-14 09:00:00,NSE:KITEX,108.1,109.5,108.1,108.5,11595.0
2020-08-14 10:00:00,NSE:KITEX,108.5,109.0,107.55,107.65,11459.0
2020-08-14 11:00:00,NSE:KITEX,107.85,108.45,107.25,108.45,8907.0
2020-08-14 12:00:00,NSE:KITEX,108.4,108.5,108.0,108.05,10540.0
2020-08-14 13:00:00,NSE:KITEX,108.0,108.05,106.55,106.7,7178.0
2020-08-14 14:00:00,NSE:KITEX,106.85,107.0,101.15,104.0,48482.0
2020-08-14 15:00:00,NSE:KITEX,104.4,104.75,103.9,104.25,14261.0
2020-08-17 09:00:00,NSE:KITEX,104.9,105.5,103.2,103.45,18276.0
2020-08-17 10:00:00,NSE:KITEX,103.7,104.5,102.8,103.8,16779.0
2020-08-17 11:00:00,NSE:KITEX,104.3,104.45,103.8,104.05,3747.0
2020-08-17 12:00:00,NSE:KITEX,103.85,104.2,103.85,103.9,933.0
2020-08-17 13:00:00,NSE:KITEX,103.9,104.7,103.85,104.5,3892.0
2020-08-17 14:00:00,NSE:KITEX,104.25,104.25,103.5,103.8,5012.0
2020-08-17 15:00:00,NSE:KITEX,103.8,103.95,103.5,103.6,10596.0
2020-08-18 09:00:00,NSE:KITEX,103.6,105.8,102.8,104.85,14544.0
2020-08-18 10:00:00,NSE:KITEX,104.8,104.9,103.85,104.25,4628.0
2020-08-18 11:00:00,NSE:KITEX,104.2,104.65,103.5,104.5,5977.0
2020-08-18 12:00:00,NSE:KITEX,104.5,104.6,104.0,104.0,2914.0
2020-08-18 13:00:00,NSE:KITEX,104.0,104.9,104.0,104.6,2505.0
2020-08-18 14:00:00,NSE:KITEX,104.55,104.6,104.0,104.6,10748.0
2020-08-18 15:00:00,NSE:KITEX,104.45,104.6,104.0,104.3,7934.0
2020-08-19 09:00:00,NSE:KITEX,105.0,106.8,104.9,106.75,27749.0
2020-08-19 10:00:00,NSE:KITEX,106.75,106.85,106.2,106.5,19856.0
2020-08-19 11:00:00,NSE:KITEX,106.5,106.6,106.1,106.15,4373.0
2020-08-19 12:00:00,NSE:KITEX,106.25,106.25,104.7,105.3,8944.0
2020-08-19 13:00:00,NSE:KITEX,105.35,106.6,105.35,106.0,19401.0
2020-08-19 14:00:00,NSE:KITEX,106.0,106.0,105.0,105.9,8158.0
2020-08-19 15:00:00,NSE:KITEX,105.85,106.25,105.3,105.75,8844.0
2020-08-20 09:00:00,NSE:KITEX,106.9,106.9,104.5,105.15,25255.0
2020-08-20 10:00:00,NSE:KITEX,105.4,107.75,105.4,107.25,31327.0
2020-08-20 11:00:00,NSE:KITEX,107.25,108.0,106.45,106.95,28372.0
2020-08-20 12:00:00,NSE:KITEX,106.65,107.5,106.5,106.9,11555.0
2020-08-20 13:00:00,NSE:KITEX,106.7,107.4,106.3,106.3,8983.0
2020-08-20 14:00:00,NSE:KITEX,106.8,106.9,106.05,106.8,3652.0
2020-08-20 15:00:00,NSE:KITEX,106.75,106.8,105.5,106.15,16736.0
2020-08-21 09:00:00,NSE:KITEX,107.5,114.4,106.95,113.35,228942.0
2020-08-21 10:00:00,NSE:KITEX,113.45,114.0,111.5,112.55,115387.0
2020-08-21 11:00:00,NSE:KITEX,112.55,112.95,110.5,111.3,52841.0
2020-08-21 12:00:00,NSE:KITEX,111.45,111.7,110.5,111.15,30773.0
2020-08-21 13:00:00,NSE:KITEX,111.2,111.25,110.0,111.0,31066.0
2020-08-21 14:00:00,NSE:KITEX,111.0,111.0,108.75,110.3,50115.0
2020-08-21 15:00:00,NSE:KITEX,110.2,110.3,109.0,109.55,45790.0
2020-08-24 09:00:00,NSE:KITEX,114.15,114.95,110.5,110.5,63900.0
2020-08-24 10:00:00,NSE:KITEX,110.5,111.45,109.2,110.0,37585.0
2020-08-24 11:00:00,NSE:KITEX,109.95,112.4,109.95,111.6,40835.0
2020-08-24 12:00:00,NSE:KITEX,111.6,112.1,111.4,111.65,9136.0
2020-08-24 13:00:00,NSE:KITEX,111.75,111.75,110.6,111.0,15890.0
2020-08-24 14:00:00,NSE:KITEX,110.9,111.4,109.65,110.5,22420.0
2020-08-24 15:00:00,NSE:KITEX,110.5,110.5,107.45,108.55,47861.0
2020-08-25 09:00:00,NSE:KITEX,109.1,110.5,108.5,109.1,28794.0
2020-08-25 10:00:00,NSE:KITEX,109.0,109.3,105.2,106.75,77961.0
2020-08-25 11:00:00,NSE:KITEX,106.7,107.25,106.1,106.6,11696.0
2020-08-25 12:00:00,NSE:KITEX,106.5,107.5,106.5,107.05,15868.0
2020-08-25 13:00:00,NSE:KITEX,107.0,107.6,106.9,107.05,8303.0
2020-08-25 14:00:00,NSE:KITEX,107.15,107.15,106.05,107.15,10613.0
2020-08-25 15:00:00,NSE:KITEX,106.75,107.2,106.25,106.65,19357.0
2020-08-26 09:00:00,NSE:KITEX,108.0,108.0,107.0,107.95,20347.0
2020-08-26 10:00:00,NSE:KITEX,107.45,107.85,106.95,107.7,18373.0
2020-08-26 11:00:00,NSE:KITEX,107.7,107.85,106.65,107.05,12780.0
2020-08-26 12:00:00,NSE:KITEX,107.05,107.05,106.8,106.9,7757.0
2020-08-26 13:00:00,NSE:KITEX,106.9,107.0,106.6,107.0,11715.0
2020-08-26 14:00:00,NSE:KITEX,106.85,107.65,106.55,106.85,16930.0
2020-08-26 15:00:00,NSE:KITEX,106.85,107.4,106.5,106.75,21636.0
2020-08-27 09:00:00,NSE:KITEX,106.8,113.0,106.7,113.0,254220.0
2020-08-27 10:00:00,NSE:KITEX,113.2,120.0,112.1,117.3,1358609.0
2020-08-27 11:00:00,NSE:KITEX,117.15,117.5,115.6,116.3,92256.0
2020-08-27 12:00:00,NSE:KITEX,116.4,117.0,116.0,116.75,45216.0
2020-08-27 13:00:00,NSE:KITEX,116.75,116.75,114.3,115.1,128329.0
2020-08-27 14:00:00,NSE:KITEX,115.1,115.15,114.0,114.75,76942.0
2020-08-27 15:00:00,NSE:KITEX,114.65,114.85,113.3,114.1,148385.0
2020-08-28 09:00:00,NSE:KITEX,115.4,118.0,115.05,116.25,133014.0
2020-08-28 10:00:00,NSE:KITEX,116.15,116.15,115.15,115.3,43060.0
2020-08-28 11:00:00,NSE:KITEX,115.15,115.9,114.65,114.7,44695.0
2020-08-28 12:00:00,NSE:KITEX,114.7,115.35,114.0,114.3,28372.0
2020-08-28 13:00:00,NSE:KITEX,114.3,114.45,113.4,114.1,27447.0
2020-08-28 14:00:00,NSE:KITEX,114.1,114.5,113.55,113.95,30039.0
2020-08-28 15:00:00,NSE:KITEX,113.85,114.25,113.2,113.9,51956.0
2020-08-31 09:00:00,NSE:KITEX,113.85,115.0,112.0,112.0,53533.0
2020-08-31 10:00:00,NSE:KITEX,112.0,112.5,110.5,110.8,42201.0
2020-08-31 11:00:00,NSE:KITEX,110.5,111.0,107.2,108.75,55738.0
2020-08-31 12:00:00,NSE:KITEX,108.3,109.3,108.3,108.85,16124.0
2020-08-31 13:00:00,NSE:KITEX,108.85,108.95,107.3,107.9,21723.0
2020-08-31 14:00:00,NSE:KITEX,107.95,108.45,106.7,106.95,22595.0
2020-08-31 15:00:00,NSE:KITEX,106.9,107.95,106.8,107.25,28055.0
2020-09-01 09:00:00,NSE:KITEX,108.65,108.65,106.3,106.5,32812.0
2020-09-01 10:00:00,NSE:KITEX,106.45,106.95,106.0,106.1,12088.0
2020-09-01 11:00:00,NSE:KITEX,106.0,106.35,105.3,105.45,11531.0
2020-09-01 12:00:00,NSE:KITEX,105.4,106.5,105.0,105.9,14602.0
2020-09-01 13:00:00,NSE:KITEX,106.25,106.95,106.15,106.65,5335.0
2020-09-01 14:00:00,NSE:KITEX,106.45,107.55,106.1,107.0,11224.0
2020-09-01 15:00:00,NSE:KITEX,106.95,107.0,106.6,106.9,11396.0
2020-09-02 09:00:00,NSE:KITEX,107.05,109.3,107.0,108.4,21507.0
2020-09-02 10:00:00,NSE:KITEX,108.4,109.25,107.3,108.15,17297.0
2020-09-02 11:00:00,NSE:KITEX,108.0,108.0,107.45,107.5,9563.0
2020-09-02 12:00:00,NSE:KITEX,107.5,108.1,107.15,108.0,6906.0
2020-09-02 13:00:00,NSE:KITEX,108.0,108.5,107.55,107.65,6401.0
2020-09-02 14:00:00,NSE:KITEX,107.9,107.95,107.2,107.25,4749.0
2020-09-02 15:00:00,NSE:KITEX,107.35,107.75,107.15,107.55,13939.0
2020-09-03 09:00:00,NSE:KITEX,108.45,109.1,107.3,107.55,18976.0
2020-09-03 10:00:00,NSE:KITEX,107.0,108.4,107.0,108.35,4403.0
2020-09-03 11:00:00,NSE:KITEX,108.0,108.4,107.2,107.4,7342.0
2020-09-03 12:00:00,NSE:KITEX,107.4,107.6,107.05,107.55,4629.0
2020-09-03 13:00:00,NSE:KITEX,107.55,107.55,106.8,106.8,6748.0
2020-09-03 14:00:00,NSE:KITEX,106.8,107.55,106.8,107.15,7223.0
2020-09-03 15:00:00,NSE:KITEX,107.15,107.2,106.3,106.75,18696.0
2020-09-04 09:00:00,NSE:KITEX,102.8,106.5,101.05,106.0,21757.0
2020-09-04 10:00:00,NSE:KITEX,106.0,106.65,105.0,106.15,15135.0
2020-09-04 11:00:00,NSE:KITEX,106.15,106.5,105.55,105.95,7773.0
2020-09-04 12:00:00,NSE:KITEX,105.8,106.0,105.45,105.9,4554.0
2020-09-04 13:00:00,NSE:KITEX,106.0,106.0,105.5,105.6,4001.0
2020-09-04 14:00:00,NSE:KITEX,105.8,105.8,104.6,104.85,12427.0
2020-09-04 15:00:00,NSE:KITEX,104.9,105.1,104.45,105.1,14265.0
2020-09-07 09:00:00,NSE:KITEX,104.05,105.9,103.5,104.2,13791.0
2020-09-07 10:00:00,NSE:KITEX,104.2,105.35,104.05,104.85,5738.0
2020-09-07 11:00:00,NSE:KITEX,104.85,105.25,104.7,104.9,4582.0
2020-09-07 12:00:00,NSE:KITEX,104.7,104.95,104.2,104.6,9936.0
2020-09-07 13:00:00,NSE:KITEX,104.65,104.95,104.5,104.95,1986.0
2020-09-07 14:00:00,NSE:KITEX,104.95,105.0,103.85,104.0,10092.0
2020-09-07 15:00:00,NSE:KITEX,104.05,104.75,103.85,104.0,13643.0
2020-09-08 09:00:00,NSE:KITEX,105.7,105.7,103.5,104.75,8987.0
2020-09-08 10:00:00,NSE:KITEX,104.75,105.0,104.3,104.5,7890.0
2020-09-08 11:00:00,NSE:KITEX,104.5,104.55,104.15,104.15,2545.0
2020-09-08 12:00:00,NSE:KITEX,104.15,104.25,103.5,104.0,6990.0
2020-09-08 13:00:00,NSE:KITEX,104.0,104.25,103.9,103.95,2500.0
2020-09-08 14:00:00,NSE:KITEX,103.95,104.0,103.0,103.0,17239.0
2020-09-08 15:00:00,NSE:KITEX,103.0,104.15,102.8,104.15,9355.0
2020-09-09 09:00:00,NSE:KITEX,102.9,102.9,100.95,101.35,26282.0
2020-09-09 10:00:00,NSE:KITEX,101.05,102.0,101.0,102.0,12102.0
2020-09-09 11:00:00,NSE:KITEX,101.95,102.0,101.25,101.3,7262.0
2020-09-09 12:00:00,NSE:KITEX,101.5,101.7,100.5,100.55,18201.0
2020-09-09 13:00:00,NSE:KITEX,101.1,101.75,100.55,101.75,3217.0
2020-09-09 14:00:00,NSE:KITEX,101.75,101.9,101.15,101.45,2784.0
2020-09-09 15:00:00,NSE:KITEX,101.2,102.8,101.2,102.05,19152.0
2020-09-10 09:00:00,NSE:KITEX,104.45,104.85,103.15,103.8,16788.0
2020-09-10 10:00:00,NSE:KITEX,104.0,104.0,103.8,103.9,4461.0
2020-09-10 11:00:00,NSE:KITEX,103.85,104.0,103.65,103.75,2988.0
2020-09-10 12:00:00,NSE:KITEX,103.75,103.75,103.5,103.5,1963.0
2020-09-10 13:00:00,NSE:KITEX,103.5,103.9,103.4,103.7,1825.0
2020-09-10 14:00:00,NSE:KITEX,103.7,104.0,103.0,103.55,5230.0
2020-09-10 15:00:00,NSE:KITEX,103.5,103.75,103.0,103.3,7815.0
2020-09-11 09:00:00,NSE:KITEX,103.1,104.85,103.1,104.0,9290.0
2020-09-11 10:00:00,NSE:KITEX,103.85,104.0,103.7,103.9,5347.0
2020-09-11 11:00:00,NSE:KITEX,103.95,104.0,103.5,103.6,4159.0
2020-09-11 12:00:00,NSE:KITEX,103.7,104.0,102.45,103.4,11084.0
2020-09-11 13:00:00,NSE:KITEX,103.4,103.7,103.0,103.0,3400.0
2020-09-11 14:00:00,NSE:KITEX,103.25,103.75,103.1,103.1,4428.0
2020-09-11 15:00:00,NSE:KITEX,103.2,103.5,102.75,103.0,23821.0
2020-09-14 09:00:00,NSE:KITEX,103.3,105.65,103.3,105.0,65627.0
2020-09-14 10:00:00,NSE:KITEX,105.2,106.1,105.0,105.8,32934.0
2020-09-14 11:00:00,NSE:KITEX,105.8,105.95,105.0,105.2,11968.0
2020-09-14 12:00:00,NSE:KITEX,105.3,105.4,105.0,105.0,3302.0
2020-09-14 13:00:00,NSE:KITEX,105.3,105.35,105.0,105.0,7263.0
2020-09-14 14:00:00,NSE:KITEX,105.0,109.0,104.6,106.5,128065.0
2020-09-14 15:00:00,NSE:KITEX,106.55,107.1,106.2,106.65,24853.0
2020-09-15 09:00:00,NSE:KITEX,106.7,108.6,105.95,105.95,28114.0
2020-09-15 10:00:00,NSE:KITEX,105.55,106.65,104.05,104.65,22094.0
2020-09-15 11:00:00,NSE:KITEX,104.65,105.55,104.65,104.85,8135.0
2020-09-15 12:00:00,NSE:KITEX,105.25,105.5,104.8,105.15,3966.0
2020-09-15 13:00:00,NSE:KITEX,105.3,105.4,104.65,104.7,3626.0
2020-09-15 14:00:00,NSE:KITEX,104.95,105.35,104.6,104.85,6450.0
2020-09-15 15:00:00,NSE:KITEX,104.7,104.95,104.1,104.45,12099.0
2020-09-16 09:00:00,NSE:KITEX,105.15,105.9,104.0,105.3,21483.0
2020-09-16 10:00:00,NSE:KITEX,105.0,106.55,105.0,106.0,15054.0
2020-09-16 11:00:00,NSE:KITEX,106.0,106.0,105.3,105.7,6720.0
2020-09-16 12:00:00,NSE:KITEX,105.45,107.0,105.4,106.7,20445.0
2020-09-16 13:00:00,NSE:KITEX,106.5,110.2,105.7,110.0,97617.0
2020-09-16 14:00:00,NSE:KITEX,110.2,113.5,109.5,110.8,213845.0
2020-09-16 15:00:00,NSE:KITEX,110.45,110.9,110.0,110.5,61473.0
2020-09-17 09:00:00,NSE:KITEX,109.75,109.75,108.35,109.55,35897.0
2020-09-17 10:00:00,NSE:KITEX,109.5,110.4,106.75,109.45,56305.0
2020-09-17 11:00:00,NSE:KITEX,109.4,109.6,107.7,107.9,9796.0
2020-09-17 12:00:00,NSE:KITEX,108.05,108.8,107.9,108.8,6969.0
2020-09-17 13:00:00,NSE:KITEX,108.6,108.9,108.5,108.7,2208.0
2020-09-17 14:00:00,NSE:KITEX,108.7,109.05,108.5,108.5,8169.0
2020-09-17 15:00:00,NSE:KITEX,108.5,108.95,108.05,108.3,19063.0
2020-09-18 09:00:00,NSE:KITEX,108.3,109.8,107.7,108.65,22662.0
2020-09-18 10:00:00,NSE:KITEX,108.5,109.35,107.9,108.25,20621.0
2020-09-18 11:00:00,NSE:KITEX,108.25,108.5,108.0,108.25,3671.0
2020-09-18 12:00:00,NSE:KITEX,108.25,109.0,107.8,108.0,9471.0
2020-09-18 13:00:00,NSE:KITEX,107.85,108.0,107.1,107.3,11125.0
2020-09-18 14:00:00,NSE:KITEX,107.3,107.55,105.25,106.0,18018.0
2020-09-18 15:00:00,NSE:KITEX,106.3,106.45,106.0,106.2,9313.0
2020-09-21 09:00:00,NSE:KITEX,107.4,107.4,105.15,105.2,8073.0
2020-09-21 10:00:00,NSE:KITEX,105.25,105.25,104.4,104.7,12940.0
2020-09-21 11:00:00,NSE:KITEX,104.7,104.95,104.0,104.6,18588.0
2020-09-21 12:00:00,NSE:KITEX,104.5,105.15,104.35,104.9,3041.0
2020-09-21 13:00:00,NSE:KITEX,104.9,104.9,103.0,103.0,25440.0
2020-09-21 14:00:00,NSE:KITEX,103.0,103.3,101.1,103.0,25025.0
2020-09-21 15:00:00,NSE:KITEX,103.0,103.0,101.1,101.9,19238.0
2020-09-22 09:00:00,NSE:KITEX,102.95,102.95,97.0,99.3,45534.0
2020-09-22 10:00:00,NSE:KITEX,99.35,101.25,98.55,99.9,13764.0
2020-09-22 11:00:00,NSE:KITEX,99.9,100.4,99.5,100.4,3405.0
2020-09-22 12:00:00,NSE:KITEX,100.4,101.3,100.05,100.9,4615.0
2020-09-22 13:00:00,NSE:KITEX,101.0,102.0,100.55,101.0,6722.0
2020-09-22 14:00:00,NSE:KITEX,101.25,101.25,99.75,100.15,11196.0
2020-09-22 15:00:00,NSE:KITEX,100.05,101.35,100.0,100.55,6168.0
2020-09-23 09:00:00,NSE:KITEX,101.75,106.9,101.75,105.45,68402.0
2020-09-23 10:00:00,NSE:KITEX,105.15,105.45,104.45,104.8,16594.0
2020-09-23 11:00:00,NSE:KITEX,104.45,104.95,103.45,104.05,9735.0
2020-09-23 12:00:00,NSE:KITEX,104.05,104.1,102.55,102.75,12608.0
2020-09-23 13:00:00,NSE:KITEX,102.8,103.75,102.0,102.35,7562.0
2020-09-23 14:00:00,NSE:KITEX,102.35,103.35,102.2,103.05,4006.0
2020-09-23 15:00:00,NSE:KITEX,102.8,103.4,102.0,102.6,19428.0
2020-09-24 09:00:00,NSE:KITEX,102.2,102.2,99.35,100.9,17676.0
2020-09-24 10:00:00,NSE:KITEX,100.85,101.05,100.45,100.9,8822.0
2020-09-24 11:00:00,NSE:KITEX,100.9,100.95,100.5,100.65,2844.0
2020-09-24 12:00:00,NSE:KITEX,100.55,100.75,100.2,100.5,5236.0
2020-09-24 13:00:00,NSE:KITEX,100.5,101.0,100.3,100.8,2578.0
2020-09-24 14:00:00,NSE:KITEX,100.65,101.0,100.2,100.85,9576.0
2020-09-24 15:00:00,NSE:KITEX,100.75,101.0,99.0,100.05,22651.0
2020-09-25 09:00:00,NSE:KITEX,102.2,102.8,101.75,101.8,7005.0
2020-09-25 10:00:00,NSE:KITEX,101.8,101.8,99.0,100.4,18266.0
2020-09-25 11:00:00,NSE:KITEX,100.4,100.9,100.1,100.6,3884.0
2020-09-25 12:00:00,NSE:KITEX,100.6,101.4,100.5,100.65,3534.0
2020-09-25 13:00:00,NSE:KITEX,100.7,101.0,100.3,100.3,3836.0
2020-09-25 14:00:00,NSE:KITEX,100.3,101.6,100.1,101.05,7838.0
2020-09-25 15:00:00,NSE:KITEX,101.05,102.0,100.4,101.15,18475.0
2020-09-28 09:00:00,NSE:KITEX,100.6,103.0,100.6,102.75,15136.0
2020-09-28 10:00:00,NSE:KITEX,102.7,103.2,102.5,103.05,8102.0
2020-09-28 11:00:00,NSE:KITEX,103.05,105.8,103.05,105.75,50805.0
2020-09-28 12:00:00,NSE:KITEX,105.85,105.85,104.6,104.8,19038.0
2020-09-28 13:00:00,NSE:KITEX,104.8,104.95,104.4,104.4,6853.0
2020-09-28 14:00:00,NSE:KITEX,104.65,104.8,103.3,103.3,11232.0
2020-09-28 15:00:00,NSE:KITEX,103.3,103.95,103.0,103.3,17368.0
2020-09-29 09:00:00,NSE:KITEX,102.4,105.5,102.4,104.25,24791.0
2020-09-29 10:00:00,NSE:KITEX,104.3,104.3,103.5,103.5,5748.0
2020-09-29 11:00:00,NSE:KITEX,103.5,103.7,103.1,103.7,2419.0
2020-09-29 12:00:00,NSE:KITEX,103.7,104.1,103.7,103.8,4836.0
2020-09-29 13:00:00,NSE:KITEX,103.95,104.0,103.3,103.7,2317.0
2020-09-29 14:00:00,NSE:KITEX,103.95,104.5,103.55,103.6,6670.0
2020-09-29 15:00:00,NSE:KITEX,103.55,103.95,102.0,102.95,21756.0
2020-09-30 09:00:00,NSE:KITEX,103.6,104.2,103.15,103.55,9911.0
2020-09-30 10:00:00,NSE:KITEX,103.5,103.7,102.9,103.35,9735.0
2020-09-30 11:00:00,NSE:KITEX,103.5,103.65,102.8,103.0,1332.0
2020-09-30 12:00:00,NSE:KITEX,103.0,103.15,102.55,103.1,2079.0
2020-09-30 13:00:00,NSE:KITEX,103.1,103.2,102.75,103.0,1201.0
2020-09-30 14:00:00,NSE:KITEX,102.8,103.2,102.4,102.4,4023.0
2020-09-30 15:00:00,NSE:KITEX,102.35,102.4,101.25,101.7,14526.0
2020-10-01 09:00:00,NSE:KITEX,102.85,103.8,102.1,103.2,10980.0
2020-10-01 10:00:00,NSE:KITEX,103.3,103.35,102.7,102.95,4826.0
2020-10-01 11:00:00,NSE:KITEX,102.95,103.25,102.6,103.05,5520.0
2020-10-01 12:00:00,NSE:KITEX,103.0,108.25,102.8,106.0,115518.0
2020-10-01 13:00:00,NSE:KITEX,105.8,106.2,105.6,105.8,11899.0
2020-10-01 14:00:00,NSE:KITEX,105.9,106.15,103.7,103.95,26481.0
2020-10-01 15:00:00,NSE:KITEX,103.95,104.0,102.35,103.15,58398.0
2020-10-05 09:00:00,NSE:KITEX,103.95,106.3,103.6,104.8,38241.0
2020-10-05 10:00:00,NSE:KITEX,104.8,106.0,104.35,104.85,17855.0
2020-10-05 11:00:00,NSE:KITEX,104.95,105.75,104.55,104.6,6021.0
2020-10-05 12:00:00,NSE:KITEX,104.6,104.8,104.0,104.0,6437.0
2020-10-05 13:00:00,NSE:KITEX,104.15,104.8,104.0,104.45,7845.0
2020-10-05 14:00:00,NSE:KITEX,104.7,104.85,103.2,103.55,16609.0
2020-10-05 15:00:00,NSE:KITEX,103.55,104.1,103.3,103.7,8347.0
2020-10-06 09:00:00,NSE:KITEX,104.5,110.9,104.1,109.95,267798.0
2020-10-06 10:00:00,NSE:KITEX,110.0,113.5,108.55,111.85,543029.0
2020-10-06 11:00:00,NSE:KITEX,112.05,112.45,111.0,111.05,86796.0
2020-10-06 12:00:00,NSE:KITEX,111.1,112.5,110.5,111.1,61310.0
2020-10-06 13:00:00,NSE:KITEX,111.15,111.5,109.3,109.3,53194.0
2020-10-06 14:00:00,NSE:KITEX,109.65,112.65,109.2,110.5,148841.0
2020-10-06 15:00:00,NSE:KITEX,110.5,111.45,110.0,110.55,74660.0
2020-10-07 09:00:00,NSE:KITEX,110.0,110.4,106.5,108.0,58930.0
2020-10-07 10:00:00,NSE:KITEX,108.0,108.5,107.1,107.55,30368.0
2020-10-07 11:00:00,NSE:KITEX,107.3,107.5,106.35,107.25,35014.0
2020-10-07 12:00:00,NSE:KITEX,107.25,107.6,107.15,107.4,6241.0
2020-10-07 13:00:00,NSE:KITEX,107.3,107.55,107.1,107.35,2934.0
2020-10-07 14:00:00,NSE:KITEX,107.1,107.4,106.65,107.0,8979.0
2020-10-07 15:00:00,NSE:KITEX,106.85,107.0,106.0,106.4,18687.0
2020-10-08 09:00:00,NSE:KITEX,106.0,108.0,103.7,104.95,50869.0
2020-10-08 10:00:00,NSE:KITEX,104.95,105.5,104.9,105.3,14457.0
2020-10-08 11:00:00,NSE:KITEX,105.3,106.3,105.2,105.85,11346.0
2020-10-08 12:00:00,NSE:KITEX,105.85,105.9,105.15,105.6,5057.0
2020-10-08 13:00:00,NSE:KITEX,105.7,105.9,104.7,104.7,7223.0
2020-10-08 14:00:00,NSE:KITEX,104.6,104.85,104.0,104.3,15875.0
2020-10-08 15:00:00,NSE:KITEX,104.4,104.95,104.0,104.5,16471.0
2020-10-09 09:00:00,NSE:KITEX,104.9,105.4,103.7,103.95,13458.0
2020-10-09 10:00:00,NSE:KITEX,104.0,104.75,103.85,104.25,18533.0
2020-10-09 11:00:00,NSE:KITEX,104.25,105.0,104.25,104.65,9685.0
2020-10-09 12:00:00,NSE:KITEX,104.55,104.65,103.7,104.3,6888.0
2020-10-09 13:00:00,NSE:KITEX,104.05,104.3,104.0,104.0,3044.0
2020-10-09 14:00:00,NSE:KITEX,104.05,105.05,104.0,104.2,13381.0
2020-10-09 15:00:00,NSE:KITEX,104.2,104.9,103.5,103.9,27238.0
2020-10-12 09:00:00,NSE:KITEX,104.05,105.35,103.8,105.0,25209.0
2020-10-12 10:00:00,NSE:KITEX,105.0,105.2,104.0,104.4,6495.0
2020-10-12 11:00:00,NSE:KITEX,104.4,104.4,103.5,103.85,10740.0
2020-10-12 12:00:00,NSE:KITEX,103.85,104.4,103.7,103.75,5128.0
2020-10-12 13:00:00,NSE:KITEX,104.0,104.0,103.2,103.2,8087.0
2020-10-12 14:00:00,NSE:KITEX,103.35,103.55,103.05,103.25,7443.0
2020-10-12 15:00:00,NSE:KITEX,103.25,103.55,103.0,103.25,9184.0
2020-10-13 09:00:00,NSE:KITEX,104.0,104.0,102.3,103.6,21350.0
2020-10-13 10:00:00,NSE:KITEX,103.5,104.9,103.25,103.6,12721.0
2020-10-13 11:00:00,NSE:KITEX,103.5,103.7,103.2,103.5,3642.0
2020-10-13 12:00:00,NSE:KITEX,103.5,103.7,102.5,102.95,9804.0
2020-10-13 13:00:00,NSE:KITEX,102.75,102.9,102.5,102.9,11464.0
2020-10-13 14:00:00,NSE:KITEX,102.9,102.9,102.0,102.4,14091.0
2020-10-13 15:00:00,NSE:KITEX,102.45,102.8,102.0,102.8,13671.0
2020-10-14 09:00:00,NSE:KITEX,102.5,103.0,101.0,101.65,29439.0
2020-10-14 10:00:00,NSE:KITEX,101.4,102.8,101.4,102.5,11099.0
2020-10-14 11:00:00,NSE:KITEX,102.5,102.55,101.95,102.35,3654.0
2020-10-14 12:00:00,NSE:KITEX,102.35,102.65,102.0,102.4,4336.0
2020-10-14 13:00:00,NSE:KITEX,102.2,102.5,102.0,102.0,3345.0
2020-10-14 14:00:00,NSE:KITEX,102.0,102.45,101.5,102.3,9456.0
2020-10-14 15:00:00,NSE:KITEX,102.35,102.35,101.5,102.0,17183.0
2020-10-15 09:00:00,NSE:KITEX,103.0,103.0,101.6,102.55,11206.0
2020-10-15 10:00:00,NSE:KITEX,102.5,102.65,102.0,102.35,10901.0
2020-10-15 11:00:00,NSE:KITEX,102.3,102.45,101.8,102.1,5947.0
2020-10-15 12:00:00,NSE:KITEX,102.0,102.4,101.8,102.15,5750.0
2020-10-15 13:00:00,NSE:KITEX,102.15,102.15,101.1,101.6,15717.0
2020-10-15 14:00:00,NSE:KITEX,101.5,101.55,101.0,101.05,17413.0
2020-10-15 15:00:00,NSE:KITEX,101.35,101.6,101.0,101.55,14325.0
2020-10-16 09:00:00,NSE:KITEX,102.9,102.9,101.6,101.95,10570.0
2020-10-16 10:00:00,NSE:KITEX,101.55,102.25,101.15,102.05,9021.0
2020-10-16 11:00:00,NSE:KITEX,102.0,102.4,101.6,101.95,4083.0
2020-10-16 12:00:00,NSE:KITEX,101.95,102.05,100.95,101.75,6899.0
2020-10-16 13:00:00,NSE:KITEX,101.75,102.0,101.5,102.0,2812.0
2020-10-16 14:00:00,NSE:KITEX,102.1,102.25,101.45,101.75,4770.0
2020-10-16 15:00:00,NSE:KITEX,101.8,101.9,101.05,101.65,8731.0
2020-10-19 09:00:00,NSE:KITEX,103.5,103.5,102.05,102.45,13636.0
2020-10-19 10:00:00,NSE:KITEX,102.65,102.7,102.4,102.4,4403.0
2020-10-19 11:00:00,NSE:KITEX,102.65,102.7,102.15,102.3,3722.0
2020-10-19 12:00:00,NSE:KITEX,102.3,102.45,101.75,101.9,2724.0
2020-10-19 13:00:00,NSE:KITEX,102.2,102.55,101.95,102.55,5032.0
2020-10-19 14:00:00,NSE:KITEX,102.4,103.0,102.3,102.9,7774.0
2020-10-19 15:00:00,NSE:KITEX,102.9,103.4,102.15,102.85,7668.0
2020-10-20 09:00:00,NSE:KITEX,102.45,103.25,101.8,102.0,11486.0
2020-10-20 10:00:00,NSE:KITEX,102.0,102.5,101.95,102.15,6257.0
2020-10-20 11:00:00,NSE:KITEX,102.15,102.2,101.8,102.0,6536.0
2020-10-20 12:00:00,NSE:KITEX,102.0,102.35,101.9,102.2,4208.0
2020-10-20 13:00:00,NSE:KITEX,102.2,102.45,101.9,102.0,4084.0
2020-10-20 14:00:00,NSE:KITEX,102.25,102.4,102.0,102.35,8521.0
2020-10-20 15:00:00,NSE:KITEX,102.35,102.4,102.2,102.3,6055.0
2020-10-21 09:00:00,NSE:KITEX,102.55,103.5,101.7,103.0,11857.0
2020-10-21 10:00:00,NSE:KITEX,103.15,103.3,102.6,102.85,4528.0
2020-10-21 11:00:00,NSE:KITEX,102.7,102.9,102.7,102.85,3398.0
2020-10-21 12:00:00,NSE:KITEX,102.75,105.4,102.75,104.1,43788.0
2020-10-21 13:00:00,NSE:KITEX,104.15,104.15,102.0,102.3,27620.0
2020-10-21 14:00:00,NSE:KITEX,102.3,102.85,101.8,102.85,13210.0
2020-10-21 15:00:00,NSE:KITEX,102.8,103.25,102.8,103.0,8438.0
2020-10-22 09:00:00,NSE:KITEX,102.6,108.65,102.6,107.9,161658.0
2020-10-22 10:00:00,NSE:KITEX,108.0,108.8,106.5,107.2,83258.0
2020-10-22 11:00:00,NSE:KITEX,107.15,107.15,105.7,106.2,16177.0
2020-10-22 12:00:00,NSE:KITEX,105.95,106.15,103.5,104.0,44075.0
2020-10-22 13:00:00,NSE:KITEX,104.0,104.0,103.6,103.9,17389.0
2020-10-22 14:00:00,NSE:KITEX,103.9,104.85,103.55,103.85,20205.0
2020-10-22 15:00:00,NSE:KITEX,104.0,104.4,103.55,103.85,35229.0
2020-10-23 09:00:00,NSE:KITEX,104.6,105.4,103.5,104.2,24802.0
2020-10-23 10:00:00,NSE:KITEX,104.15,106.9,104.15,105.4,35631.0
2020-10-23 11:00:00,NSE:KITEX,105.4,105.7,105.05,105.05,6018.0
2020-10-23 12:00:00,NSE:KITEX,105.05,105.7,105.0,105.0,6974.0
2020-10-23 13:00:00,NSE:KITEX,105.05,105.5,104.85,105.3,8906.0
2020-10-23 14:00:00,NSE:KITEX,105.3,105.3,104.2,104.65,10028.0
2020-10-23 15:00:00,NSE:KITEX,104.7,105.0,104.05,104.5,17531.0
2020-10-26 09:00:00,NSE:KITEX,104.3,105.05,104.25,104.25,8308.0
2020-10-26 10:00:00,NSE:KITEX,104.2,104.65,103.5,103.5,14019.0
2020-10-26 11:00:00,NSE:KITEX,103.65,104.1,102.95,103.2,10279.0
2020-10-26 12:00:00,NSE:KITEX,103.25,103.5,103.0,103.4,6742.0
2020-10-26 13:00:00,NSE:KITEX,103.1,103.2,102.35,102.75,12209.0
2020-10-26 14:00:00,NSE:KITEX,102.75,102.95,102.6,102.95,5227.0
2020-10-26 15:00:00,NSE:KITEX,102.9,103.4,102.7,103.0,6227.0
2020-10-27 09:00:00,NSE:KITEX,103.15,103.7,101.15,102.7,13702.0
2020-10-27 10:00:00,NSE:KITEX,102.55,102.75,101.5,102.4,16416.0
2020-10-27 11:00:00,NSE:KITEX,102.4,102.4,102.0,102.15,5423.0
2020-10-27 12:00:00,NSE:KITEX,102.15,102.5,102.0,102.1,4754.0
2020-10-27 13:00:00,NSE:KITEX,102.1,102.5,102.1,102.4,3682.0
2020-10-27 14:00:00,NSE:KITEX,102.1,102.5,102.1,102.35,1781.0
2020-10-27 15:00:00,NSE:KITEX,102.5,102.8,102.0,102.8,7294.0
2020-10-28 09:00:00,NSE:KITEX,102.0,103.25,102.0,102.8,15343.0
2020-10-28 10:00:00,NSE:KITEX,102.75,102.75,102.25,102.6,5026.0
2020-10-28 11:00:00,NSE:KITEX,102.55,102.65,102.2,102.65,3415.0
2020-10-28 12:00:00,NSE:KITEX,102.75,102.75,102.2,102.2,1995.0
2020-10-28 13:00:00,NSE:KITEX,102.15,102.5,102.05,102.05,4709.0
2020-10-28 14:00:00,NSE:KITEX,102.05,102.05,101.5,101.9,13278.0
2020-10-28 15:00:00,NSE:KITEX,101.85,102.1,101.6,101.7,9659.0
2020-10-29 09:00:00,NSE:KITEX,101.9,101.9,100.45,101.3,18473.0
2020-10-29 10:00:00,NSE:KITEX,101.3,101.6,100.65,100.8,11609.0
2020-10-29 11:00:00,NSE:KITEX,100.8,100.9,100.6,100.9,5761.0
2020-10-29 12:00:00,NSE:KITEX,101.0,101.0,100.55,100.75,4547.0
2020-10-29 13:00:00,NSE:KITEX,100.85,100.9,100.55,100.8,4177.0
2020-10-29 14:00:00,NSE:KITEX,100.65,100.85,100.05,100.3,12119.0
2020-10-29 15:00:00,NSE:KITEX,100.3,100.95,100.3,100.6,9478.0
2020-10-30 09:00:00,NSE:KITEX,100.9,102.35,100.9,101.75,7615.0
2020-10-30 10:00:00,NSE:KITEX,101.75,102.15,101.3,101.3,4799.0
2020-10-30 11:00:00,NSE:KITEX,101.2,101.45,100.55,100.85,10862.0
2020-10-30 12:00:00,NSE:KITEX,100.9,101.4,100.5,100.85,9655.0
2020-10-30 13:00:00,NSE:KITEX,100.7,101.0,100.55,100.6,4254.0
2020-10-30 14:00:00,NSE:KITEX,100.75,101.0,100.6,100.7,4593.0
2020-10-30 15:00:00,NSE:KITEX,100.7,101.15,100.2,100.6,11061.0
2020-11-02 09:00:00,NSE:KITEX,102.9,102.9,100.6,100.6,10768.0
2020-11-02 10:00:00,NSE:KITEX,100.6,101.35,100.6,101.0,4506.0
2020-11-02 11:00:00,NSE:KITEX,101.0,101.45,101.0,101.3,3545.0
2020-11-02 12:00:00,NSE:KITEX,101.3,101.3,100.8,101.05,4642.0
2020-11-02 13:00:00,NSE:KITEX,101.1,101.15,100.75,100.75,2112.0
2020-11-02 14:00:00,NSE:KITEX,100.9,101.2,100.65,100.75,4472.0
2020-11-02 15:00:00,NSE:KITEX,100.75,101.1,100.6,100.6,5253.0
2020-11-03 09:00:00,NSE:KITEX,100.7,101.9,100.7,101.2,8766.0
2020-11-03 10:00:00,NSE:KITEX,101.2,101.45,100.7,101.15,6140.0
2020-11-03 11:00:00,NSE:KITEX,101.15,101.3,100.9,100.9,3404.0
2020-11-03 12:00:00,NSE:KITEX,100.95,101.25,100.95,101.0,2528.0
2020-11-03 13:00:00,NSE:KITEX,100.95,101.2,100.95,101.0,4868.0
2020-11-03 14:00:00,NSE:KITEX,101.0,101.2,100.7,100.95,8929.0
2020-11-03 15:00:00,NSE:KITEX,101.0,101.2,100.5,101.2,10967.0
2020-11-04 09:00:00,NSE:KITEX,101.9,101.9,100.95,101.25,8655.0
2020-11-04 10:00:00,NSE:KITEX,101.3,101.5,100.7,101.0,6514.0
2020-11-04 11:00:00,NSE:KITEX,101.0,101.15,100.8,101.15,3497.0
2020-11-04 12:00:00,NSE:KITEX,100.7,101.35,100.7,101.05,5311.0
2020-11-04 13:00:00,NSE:KITEX,101.0,101.0,100.7,100.75,4228.0
2020-11-04 14:00:00,NSE:KITEX,100.7,101.1,100.5,100.7,10015.0
2020-11-04 15:00:00,NSE:KITEX,101.05,101.2,100.7,100.8,6835.0
2020-11-05 09:00:00,NSE:KITEX,101.9,101.95,101.1,101.3,7744.0
2020-11-05 10:00:00,NSE:KITEX,101.15,101.5,101.15,101.3,5149.0
2020-11-05 11:00:00,NSE:KITEX,101.3,103.0,101.3,102.0,23379.0
2020-11-05 12:00:00,NSE:KITEX,102.0,102.2,101.75,102.0,3226.0
2020-11-05 13:00:00,NSE:KITEX,101.6,102.1,101.6,102.1,6688.0
2020-11-05 14:00:00,NSE:KITEX,101.75,102.15,101.6,102.15,3856.0
2020-11-05 15:00:00,NSE:KITEX,102.0,102.3,101.75,102.1,6610.0
2020-11-06 09:00:00,NSE:KITEX,103.35,103.4,102.0,102.05,3793.0
2020-11-06 10:00:00,NSE:KITEX,102.3,102.6,102.05,102.05,1819.0
2020-11-06 11:00:00,NSE:KITEX,102.45,102.45,101.85,102.1,3536.0
2020-11-06 12:00:00,NSE:KITEX,101.8,102.45,101.8,102.4,2552.0
2020-11-06 13:00:00,NSE:KITEX,102.35,102.35,101.9,102.0,2419.0
2020-11-06 14:00:00,NSE:KITEX,102.0,103.0,101.8,102.3,13980.0
2020-11-06 15:00:00,NSE:KITEX,102.35,102.35,101.05,101.95,11804.0
2020-11-09 09:00:00,NSE:KITEX,102.6,103.0,102.1,102.2,8019.0
2020-11-09 10:00:00,NSE:KITEX,102.2,102.25,101.2,101.6,15120.0
2020-11-09 11:00:00,NSE:KITEX,101.7,101.95,101.5,101.65,3569.0
2020-11-09 12:00:00,NSE:KITEX,101.7,102.25,101.5,101.95,6978.0
2020-11-09 13:00:00,NSE:KITEX,102.2,102.65,101.95,101.95,6860.0
2020-11-09 14:00:00,NSE:KITEX,102.0,102.75,101.75,102.55,23119.0
2020-11-09 15:00:00,NSE:KITEX,102.75,102.9,102.05,102.05,11801.0
2020-11-10 09:00:00,NSE:KITEX,103.0,103.75,101.85,102.0,21490.0
2020-11-10 10:00:00,NSE:KITEX,101.95,102.6,101.95,102.25,13366.0
2020-11-10 11:00:00,NSE:KITEX,102.25,102.25,101.75,101.85,10420.0
2020-11-10 12:00:00,NSE:KITEX,101.85,102.45,101.75,102.3,8359.0
2020-11-10 13:00:00,NSE:KITEX,102.15,102.3,102.0,102.1,7667.0
2020-11-10 14:00:00,NSE:KITEX,102.1,102.3,101.9,102.25,7531.0
2020-11-10 15:00:00,NSE:KITEX,102.25,102.3,101.35,101.9,12182.0
2020-11-11 09:00:00,NSE:KITEX,102.6,103.5,102.5,103.3,24667.0
2020-11-11 10:00:00,NSE:KITEX,103.3,103.4,102.6,102.6,9694.0
2020-11-11 11:00:00,NSE:KITEX,102.8,102.95,102.4,102.55,6991.0
2020-11-11 12:00:00,NSE:KITEX,102.65,102.85,102.5,102.5,6903.0
2020-11-11 13:00:00,NSE:KITEX,102.5,102.8,102.5,102.8,5192.0
2020-11-11 14:00:00,NSE:KITEX,102.6,102.9,102.55,102.65,4221.0
2020-11-11 15:00:00,NSE:KITEX,102.65,103.3,102.6,102.95,20235.0
2020-11-12 09:00:00,NSE:KITEX,102.6,103.5,102.4,102.65,15814.0
2020-11-12 10:00:00,NSE:KITEX,102.8,103.1,102.6,102.8,3071.0
2020-11-12 11:00:00,NSE:KITEX,102.8,103.75,102.6,102.8,13611.0
2020-11-12 12:00:00,NSE:KITEX,103.0,103.5,102.6,103.15,9580.0
2020-11-12 13:00:00,NSE:KITEX,103.4,103.4,102.35,102.55,8560.0
2020-11-12 14:00:00,NSE:KITEX,102.5,102.6,101.95,102.3,13497.0
2020-11-12 15:00:00,NSE:KITEX,102.3,102.75,102.1,102.5,8329.0
2020-11-13 09:00:00,NSE:KITEX,102.95,104.15,102.0,103.1,34260.0
2020-11-13 10:00:00,NSE:KITEX,103.6,103.95,103.15,103.55,16922.0
2020-11-13 11:00:00,NSE:KITEX,103.5,103.65,103.2,103.5,6508.0
2020-11-13 12:00:00,NSE:KITEX,103.2,103.5,103.1,103.4,7559.0
2020-11-13 13:00:00,NSE:KITEX,103.45,103.8,103.2,103.45,11873.0
2020-11-13 14:00:00,NSE:KITEX,103.75,104.0,98.55,99.45,214444.0
2020-11-13 15:00:00,NSE:KITEX,99.45,99.65,98.45,98.95,99086.0
2020-11-14 18:00:00,NSE:KITEX,100.0,100.3,99.0,99.5,72862.0
2020-11-14 19:00:00,NSE:KITEX,99.5,99.65,99.3,99.55,24010.0
2020-11-17 09:00:00,NSE:KITEX,101.3,101.3,99.55,99.9,50963.0
2020-11-17 10:00:00,NSE:KITEX,100.0,100.4,99.95,100.4,19706.0
2020-11-17 11:00:00,NSE:KITEX,100.5,100.5,100.0,100.25,12383.0
2020-11-17 12:00:00,NSE:KITEX,100.2,100.6,100.0,100.35,10586.0
2020-11-17 13:00:00,NSE:KITEX,100.35,100.35,100.15,100.25,5884.0
2020-11-17 14:00:00,NSE:KITEX,100.3,100.45,100.0,100.25,13837.0
2020-11-17 15:00:00,NSE:KITEX,100.3,100.3,99.8,100.0,17392.0
2020-11-18 09:00:00,NSE:KITEX,100.85,100.85,99.95,100.3,20096.0
2020-11-18 10:00:00,NSE:KITEX,100.25,100.4,99.9,100.05,21581.0
2020-11-18 11:00:00,NSE:KITEX,100.05,100.15,99.5,100.0,16202.0
2020-11-18 12:00:00,NSE:KITEX,100.0,100.0,99.65,99.9,4614.0
2020-11-18 13:00:00,NSE:KITEX,99.8,99.95,99.55,99.8,19163.0
2020-11-18 14:00:00,NSE:KITEX,99.8,99.8,99.6,99.65,12845.0
2020-11-18 15:00:00,NSE:KITEX,99.6,100.0,99.6,99.8,21827.0
2020-11-19 09:00:00,NSE:KITEX,99.8,100.6,98.95,100.0,32042.0
2020-11-19 10:00:00,NSE:KITEX,100.3,100.3,99.35,99.85,23760.0
2020-11-19 11:00:00,NSE:KITEX,100.0,100.4,100.0,100.4,19061.0
2020-11-19 12:00:00,NSE:KITEX,100.4,101.95,100.0,100.5,59090.0
2020-11-19 13:00:00,NSE:KITEX,100.5,100.65,100.0,100.05,11227.0
2020-11-19 14:00:00,NSE:KITEX,100.05,100.3,99.75,99.9,19591.0
2020-11-19 15:00:00,NSE:KITEX,99.9,100.3,99.75,99.95,10198.0
2020-11-20 09:00:00,NSE:KITEX,101.45,101.45,100.2,100.55,7630.0
2020-11-20 10:00:00,NSE:KITEX,100.65,100.95,100.0,100.0,9163.0
2020-11-20 11:00:00,NSE:KITEX,100.25,100.3,99.55,100.0,17867.0
2020-11-20 12:00:00,NSE:KITEX,100.05,100.35,100.0,100.0,2908.0
2020-11-20 13:00:00,NSE:KITEX,100.1,100.45,100.05,100.15,3893.0
2020-11-20 14:00:00,NSE:KITEX,100.15,100.3,99.9,100.0,4810.0
2020-11-20 15:00:00,NSE:KITEX,100.15,100.2,99.7,99.9,11371.0
2020-11-23 09:00:00,NSE:KITEX,100.95,100.95,99.95,99.95,9313.0
2020-11-23 10:00:00,NSE:KITEX,100.0,100.6,99.9,100.3,9008.0
2020-11-23 11:00:00,NSE:KITEX,100.5,100.5,100.0,100.3,7930.0
2020-11-23 12:00:00,NSE:KITEX,100.3,100.45,100.1,100.3,5206.0
2020-11-23 13:00:00,NSE:KITEX,100.5,100.5,100.2,100.5,2254.0
2020-11-23 14:00:00,NSE:KITEX,100.35,100.9,100.2,100.65,9675.0
2020-11-23 15:00:00,NSE:KITEX,100.8,100.9,100.3,100.6,12035.0
2020-11-24 09:00:00,NSE:KITEX,100.9,102.0,100.6,102.0,36336.0
2020-11-24 10:00:00,NSE:KITEX,102.0,102.5,101.3,102.0,45302.0
2020-11-24 11:00:00,NSE:KITEX,102.0,102.9,101.9,102.25,38465.0
2020-11-24 12:00:00,NSE:KITEX,102.25,102.45,101.9,102.05,15920.0
2020-11-24 13:00:00,NSE:KITEX,102.25,102.45,102.0,102.4,7612.0
2020-11-24 14:00:00,NSE:KITEX,102.2,102.35,102.0,102.25,10836.0
2020-11-24 15:00:00,NSE:KITEX,102.25,102.35,101.85,102.05,23532.0
2020-11-25 09:00:00,NSE:KITEX,102.1,103.2,102.1,103.0,26449.0
2020-11-25 10:00:00,NSE:KITEX,102.95,102.95,101.5,101.7,19572.0
2020-11-25 11:00:00,NSE:KITEX,101.75,101.75,100.8,101.2,10428.0
2020-11-25 12:00:00,NSE:KITEX,101.2,101.75,101.2,101.7,4687.0
2020-11-25 13:00:00,NSE:KITEX,101.7,102.2,101.65,101.65,8453.0
2020-11-25 14:00:00,NSE:KITEX,101.4,101.7,101.15,101.45,8726.0
2020-11-25 15:00:00,NSE:KITEX,101.5,101.65,101.0,101.25,8753.0
2020-11-26 09:00:00,NSE:KITEX,100.15,101.9,100.15,100.4,16474.0
2020-11-26 10:00:00,NSE:KITEX,100.55,101.5,100.55,101.35,4312.0
2020-11-26 11:00:00,NSE:KITEX,101.35,101.8,101.1,101.35,6071.0
2020-11-26 12:00:00,NSE:KITEX,101.3,101.3,101.05,101.2,3518.0
2020-11-26 13:00:00,NSE:KITEX,101.1,103.85,101.0,102.35,89180.0
2020-11-26 14:00:00,NSE:KITEX,102.4,105.85,102.0,104.5,210451.0
2020-11-26 15:00:00,NSE:KITEX,104.8,104.8,103.05,103.55,69027.0
2020-11-27 09:00:00,NSE:KITEX,104.0,105.4,103.3,104.55,74890.0
2020-11-27 10:00:00,NSE:KITEX,104.7,104.85,104.25,104.55,20141.0
2020-11-27 11:00:00,NSE:KITEX,104.5,104.5,103.75,104.0,16201.0
2020-11-27 12:00:00,NSE:KITEX,104.2,105.0,104.0,104.55,19781.0
2020-11-27 13:00:00,NSE:KITEX,104.55,104.65,104.2,104.3,19739.0
2020-11-27 14:00:00,NSE:KITEX,104.2,104.5,103.75,103.75,16736.0
2020-11-27 15:00:00,NSE:KITEX,103.6,103.95,103.25,103.6,20034.0
2020-12-01 09:00:00,NSE:KITEX,104.45,104.9,103.85,104.0,20919.0
2020-12-01 10:00:00,NSE:KITEX,104.05,104.9,103.75,104.4,23558.0
2020-12-01 11:00:00,NSE:KITEX,104.45,106.0,104.45,105.85,62659.0
2020-12-01 12:00:00,NSE:KITEX,105.85,105.9,104.65,105.3,28566.0
2020-12-01 13:00:00,NSE:KITEX,105.25,105.5,104.8,104.85,19722.0
2020-12-01 14:00:00,NSE:KITEX,104.85,105.3,104.7,105.0,15915.0
2020-12-01 15:00:00,NSE:KITEX,105.0,105.0,104.75,104.9,20523.0
2020-12-02 09:00:00,NSE:KITEX,105.2,107.6,105.1,106.6,85758.0
2020-12-02 10:00:00,NSE:KITEX,106.6,108.8,106.45,108.0,139811.0
2020-12-02 11:00:00,NSE:KITEX,108.1,108.65,107.4,107.75,41402.0
2020-12-02 12:00:00,NSE:KITEX,107.75,108.5,107.1,107.1,43129.0
2020-12-02 13:00:00,NSE:KITEX,107.1,107.35,105.65,106.2,68110.0
2020-12-02 14:00:00,NSE:KITEX,106.3,106.8,105.65,106.5,21630.0
2020-12-02 15:00:00,NSE:KITEX,106.5,107.0,106.25,106.65,25612.0
2020-12-03 09:00:00,NSE:KITEX,108.1,109.0,107.5,108.5,50249.0
2020-12-03 10:00:00,NSE:KITEX,108.4,108.55,107.6,108.25,22568.0
2020-12-03 11:00:00,NSE:KITEX,108.25,108.8,107.5,108.4,40081.0
2020-12-03 12:00:00,NSE:KITEX,108.35,108.95,107.1,107.55,85500.0
2020-12-03 13:00:00,NSE:KITEX,107.55,107.9,107.05,107.6,13359.0
2020-12-03 14:00:00,NSE:KITEX,107.5,107.9,107.45,107.6,8668.0
2020-12-03 15:00:00,NSE:KITEX,107.6,108.0,107.15,107.6,25382.0
2020-12-04 09:00:00,NSE:KITEX,108.0,108.7,106.3,107.6,38520.0
2020-12-04 10:00:00,NSE:KITEX,107.6,108.0,107.5,107.75,12911.0
2020-12-04 11:00:00,NSE:KITEX,107.75,107.75,106.2,106.7,22439.0
2020-12-04 12:00:00,NSE:KITEX,106.85,106.85,105.0,105.45,22172.0
2020-12-04 13:00:00,NSE:KITEX,105.05,106.5,105.0,106.0,11171.0
2020-12-04 14:00:00,NSE:KITEX,106.2,106.65,105.9,106.05,12234.0
2020-12-04 15:00:00,NSE:KITEX,106.35,106.5,106.0,106.25,16629.0
2020-12-07 09:00:00,NSE:KITEX,107.0,107.95,104.6,107.0,27163.0
2020-12-07 10:00:00,NSE:KITEX,106.8,107.5,106.75,107.2,16300.0
2020-12-07 11:00:00,NSE:KITEX,107.3,107.45,106.45,107.0,12499.0
2020-12-07 12:00:00,NSE:KITEX,106.85,109.3,106.8,109.25,64582.0
2020-12-07 13:00:00,NSE:KITEX,109.15,109.5,108.0,108.4,52032.0
2020-12-07 14:00:00,NSE:KITEX,108.25,108.65,108.0,108.2,19450.0
2020-12-07 15:00:00,NSE:KITEX,108.2,108.35,108.0,108.1,60377.0
2020-12-08 09:00:00,NSE:KITEX,108.85,109.25,108.5,108.95,83698.0
2020-12-08 10:00:00,NSE:KITEX,109.1,115.0,109.1,112.9,509383.0
2020-12-08 11:00:00,NSE:KITEX,112.8,113.25,111.05,112.05,122096.0
2020-12-08 12:00:00,NSE:KITEX,112.0,113.45,111.1,113.35,44210.0
2020-12-08 13:00:00,NSE:KITEX,113.45,114.85,112.05,114.0,130379.0
2020-12-08 14:00:00,NSE:KITEX,114.0,118.0,113.0,117.5,420236.0
2020-12-08 15:00:00,NSE:KITEX,117.5,117.5,114.7,116.05,234843.0
2020-12-09 09:00:00,NSE:KITEX,117.0,118.0,116.1,117.05,182144.0
2020-12-09 10:00:00,NSE:KITEX,117.05,117.45,116.0,117.2,76189.0
2020-12-09 11:00:00,NSE:KITEX,117.2,119.65,116.75,117.45,213266.0
2020-12-09 12:00:00,NSE:KITEX,117.75,118.0,116.2,116.7,64841.0
2020-12-09 13:00:00,NSE:KITEX,116.65,117.75,116.45,116.5,17868.0
2020-12-09 14:00:00,NSE:KITEX,116.4,117.2,116.0,116.2,47756.0
2020-12-09 15:00:00,NSE:KITEX,116.0,116.0,114.1,115.0,73922.0
2020-12-10 09:00:00,NSE:KITEX,115.0,115.0,110.5,111.3,40526.0
2020-12-10 10:00:00,NSE:KITEX,111.3,111.8,110.0,111.5,45256.0
2020-12-10 11:00:00,NSE:KITEX,111.5,111.55,110.8,111.15,27154.0
2020-12-10 12:00:00,NSE:KITEX,111.15,112.3,111.0,112.0,18680.0
2020-12-10 13:00:00,NSE:KITEX,112.1,112.6,111.15,111.5,25864.0
2020-12-10 14:00:00,NSE:KITEX,111.45,112.3,111.0,112.2,33597.0
2020-12-10 15:00:00,NSE:KITEX,111.95,112.2,111.15,111.6,22157.0
2020-12-11 09:00:00,NSE:KITEX,112.2,113.9,112.0,112.85,36195.0
2020-12-11 10:00:00,NSE:KITEX,112.9,114.7,112.6,113.55,51787.0
2020-12-11 11:00:00,NSE:KITEX,113.05,118.0,113.05,117.1,190544.0
2020-12-11 12:00:00,NSE:KITEX,117.5,118.95,116.25,116.9,153868.0
2020-12-11 13:00:00,NSE:KITEX,117.0,117.0,115.4,115.4,34858.0
2020-12-11 14:00:00,NSE:KITEX,115.55,116.6,114.0,116.45,55858.0
2020-12-11 15:00:00,NSE:KITEX,116.15,116.5,115.15,115.85,76472.0
2020-12-14 09:00:00,NSE:KITEX,116.8,116.9,114.0,114.4,52949.0
2020-12-14 10:00:00,NSE:KITEX,114.05,114.35,113.05,113.75,24808.0
2020-12-14 11:00:00,NSE:KITEX,113.9,116.1,113.3,115.2,41085.0
2020-12-14 12:00:00,NSE:KITEX,115.1,115.5,114.0,114.45,17892.0
2020-12-14 13:00:00,NSE:KITEX,114.35,115.2,114.35,115.2,7956.0
2020-12-14 14:00:00,NSE:KITEX,115.0,115.05,114.0,114.0,24028.0
2020-12-14 15:00:00,NSE:KITEX,114.25,114.5,113.15,113.9,22389.0
2020-12-15 09:00:00,NSE:KITEX,114.2,114.2,111.95,112.5,35696.0
2020-12-15 10:00:00,NSE:KITEX,112.65,112.65,110.7,111.9,45449.0
2020-12-15 11:00:00,NSE:KITEX,111.9,113.25,111.9,113.25,22842.0
2020-12-15 12:00:00,NSE:KITEX,113.25,113.25,112.35,112.95,12007.0
2020-12-15 13:00:00,NSE:KITEX,113.0,113.25,112.4,113.0,12563.0
2020-12-15 14:00:00,NSE:KITEX,113.0,113.0,111.85,111.85,14308.0
2020-12-15 15:00:00,NSE:KITEX,112.0,112.4,111.25,111.9,23700.0
2020-12-16 09:00:00,NSE:KITEX,112.95,115.2,112.95,114.25,43092.0
2020-12-16 10:00:00,NSE:KITEX,114.2,114.4,113.75,113.9,17501.0
2020-12-16 11:00:00,NSE:KITEX,113.9,114.0,113.35,113.85,24274.0
2020-12-16 12:00:00,NSE:KITEX,113.8,113.85,113.45,113.5,21945.0
2020-12-16 13:00:00,NSE:KITEX,113.4,113.85,113.3,113.85,18118.0
2020-12-16 14:00:00,NSE:KITEX,113.85,117.8,113.65,116.85,227738.0
2020-12-16 15:00:00,NSE:KITEX,116.85,116.85,115.0,116.45,94649.0
2020-12-17 09:00:00,NSE:KITEX,119.0,123.8,118.15,122.7,753203.0
2020-12-17 10:00:00,NSE:KITEX,122.75,123.45,120.5,123.4,304043.0
2020-12-17 11:00:00,NSE:KITEX,123.35,123.8,121.3,123.35,171989.0
2020-12-17 12:00:00,NSE:KITEX,123.4,123.5,122.3,123.0,69299.0
2020-12-17 13:00:00,NSE:KITEX,123.05,123.05,121.1,121.1,77242.0
2020-12-17 14:00:00,NSE:KITEX,121.1,123.75,120.05,120.8,238830.0
2020-12-17 15:00:00,NSE:KITEX,120.55,121.0,119.1,119.95,151105.0
2020-12-18 09:00:00,NSE:KITEX,120.0,122.3,118.0,118.0,137561.0
2020-12-18 10:00:00,NSE:KITEX,118.05,119.85,117.75,118.65,63467.0
2020-12-18 11:00:00,NSE:KITEX,119.0,119.85,118.6,119.45,23737.0
2020-12-18 12:00:00,NSE:KITEX,119.5,119.95,118.8,119.25,13609.0
2020-12-18 13:00:00,NSE:KITEX,119.0,119.55,118.25,118.3,30660.0
2020-12-18 14:00:00,NSE:KITEX,118.35,119.35,118.0,118.5,27328.0
2020-12-18 15:00:00,NSE:KITEX,118.5,118.95,118.0,118.65,31311.0
2020-12-21 09:00:00,NSE:KITEX,118.2,118.3,115.5,116.5,49905.0
2020-12-21 10:00:00,NSE:KITEX,116.45,117.2,115.85,116.0,28276.0
2020-12-21 11:00:00,NSE:KITEX,115.85,116.0,114.5,114.8,38875.0
2020-12-21 12:00:00,NSE:KITEX,115.0,115.4,114.0,114.0,39893.0
2020-12-21 13:00:00,NSE:KITEX,114.05,114.05,109.8,109.8,76714.0
2020-12-21 14:00:00,NSE:KITEX,109.8,111.0,103.45,105.15,116492.0
2020-12-21 15:00:00,NSE:KITEX,105.65,106.5,104.1,105.8,73654.0
2020-12-22 09:00:00,NSE:KITEX,105.8,108.0,99.55,102.0,136630.0
2020-12-22 10:00:00,NSE:KITEX,102.1,104.35,102.0,103.35,50198.0
2020-12-22 11:00:00,NSE:KITEX,103.2,104.35,102.8,103.05,25706.0
2020-12-22 12:00:00,NSE:KITEX,103.3,103.6,102.9,103.6,11272.0
2020-12-22 13:00:00,NSE:KITEX,103.65,105.9,103.5,105.65,23799.0
2020-12-22 14:00:00,NSE:KITEX,105.85,107.0,104.45,104.95,52162.0
2020-12-22 15:00:00,NSE:KITEX,105.0,106.25,105.0,105.4,25854.0
2020-12-23 09:00:00,NSE:KITEX,106.0,108.05,105.4,107.45,31858.0
2020-12-23 10:00:00,NSE:KITEX,107.6,109.2,106.65,108.5,49758.0
2020-12-23 11:00:00,NSE:KITEX,108.5,109.1,108.05,108.1,23377.0
2020-12-23 12:00:00,NSE:KITEX,108.1,108.75,108.0,108.55,8770.0
2020-12-23 13:00:00,NSE:KITEX,108.5,108.75,107.35,107.7,23187.0
2020-12-23 14:00:00,NSE:KITEX,107.75,108.0,106.65,107.7,24058.0
2020-12-23 15:00:00,NSE:KITEX,107.7,108.6,107.5,107.8,17834.0
2020-12-24 09:00:00,NSE:KITEX,108.7,110.9,108.4,110.0,44895.0
2020-12-24 10:00:00,NSE:KITEX,110.0,110.3,109.5,109.75,15023.0
2020-12-24 11:00:00,NSE:KITEX,109.55,109.9,109.05,109.8,9364.0
2020-12-24 12:00:00,NSE:KITEX,109.8,110.4,109.6,109.65,7369.0
2020-12-24 13:00:00,NSE:KITEX,109.65,110.4,109.5,110.0,6202.0
2020-12-24 14:00:00,NSE:KITEX,110.0,110.25,108.5,108.7,12344.0
2020-12-24 15:00:00,NSE:KITEX,108.7,109.1,107.1,108.05,26792.0
2020-12-28 09:00:00,NSE:KITEX,109.05,110.9,109.05,110.2,36750.0
2020-12-28 10:00:00,NSE:KITEX,110.2,112.15,110.1,110.8,39621.0
2020-12-28 11:00:00,NSE:KITEX,110.75,111.3,110.75,110.85,15536.0
2020-12-28 12:00:00,NSE:KITEX,111.05,111.35,110.7,111.2,7702.0
2020-12-28 13:00:00,NSE:KITEX,111.2,111.65,111.0,111.0,10502.0
2020-12-28 14:00:00,NSE:KITEX,111.1,111.75,110.55,110.7,19110.0
2020-12-28 15:00:00,NSE:KITEX,110.7,111.35,110.35,110.75,22397.0
2020-12-29 09:00:00,NSE:KITEX,111.1,112.5,110.9,111.45,33521.0
2020-12-29 10:00:00,NSE:KITEX,111.25,111.95,107.55,108.5,44425.0
2020-12-29 11:00:00,NSE:KITEX,108.25,109.5,108.2,109.5,13074.0
2020-12-29 12:00:00,NSE:KITEX,109.5,110.35,109.25,109.75,10857.0
2020-12-29 13:00:00,NSE:KITEX,109.75,110.0,109.4,110.0,7080.0
2020-12-29 14:00:00,NSE:KITEX,110.0,110.0,109.05,109.85,7551.0
2020-12-29 15:00:00,NSE:KITEX,109.65,112.25,109.6,111.6,50021.0
2020-12-30 09:00:00,NSE:KITEX,113.3,113.4,110.8,112.25,50528.0
2020-12-30 10:00:00,NSE:KITEX,112.25,112.25,110.0,111.9,28500.0
2020-12-30 11:00:00,NSE:KITEX,111.8,112.0,111.5,111.95,3196.0
2020-12-30 12:00:00,NSE:KITEX,111.7,112.4,110.3,110.4,12567.0
2020-12-30 13:00:00,NSE:KITEX,110.4,112.5,110.4,111.8,31868.0
2020-12-30 14:00:00,NSE:KITEX,111.7,111.7,110.25,110.95,19795.0
2020-12-30 15:00:00,NSE:KITEX,111.15,111.95,110.05,110.35,13678.0
2020-12-31 09:00:00,NSE:KITEX,111.5,112.0,111.1,111.7,24987.0
2020-12-31 10:00:00,NSE:KITEX,111.7,111.7,111.3,111.35,13304.0
2020-12-31 11:00:00,NSE:KITEX,111.3,111.4,110.85,110.9,9159.0
2020-12-31 12:00:00,NSE:KITEX,110.9,111.0,110.75,110.9,9179.0
2020-12-31 13:00:00,NSE:KITEX,110.9,110.9,110.6,110.6,6609.0
2020-12-31 14:00:00,NSE:KITEX,110.6,110.6,109.55,110.5,22795.0
2020-12-31 15:00:00,NSE:KITEX,110.5,110.55,110.05,110.55,12709.0
2021-01-01 09:00:00,NSE:KITEX,111.0,111.45,110.7,111.0,17237.0
2021-01-01 10:00:00,NSE:KITEX,111.0,111.45,110.5,110.8,22095.0
2021-01-01 11:00:00,NSE:KITEX,110.55,111.15,110.4,110.85,15240.0
2021-01-01 12:00:00,NSE:KITEX,110.95,113.4,110.85,111.9,53026.0
2021-01-01 13:00:00,NSE:KITEX,112.2,112.7,111.65,111.85,14126.0
2021-01-01 14:00:00,NSE:KITEX,111.9,113.5,111.9,112.25,48839.0
2021-01-01 15:00:00,NSE:KITEX,112.35,112.35,111.25,111.7,38147.0
2021-01-04 09:00:00,NSE:KITEX,113.8,113.8,111.25,112.65,42625.0
2021-01-04 10:00:00,NSE:KITEX,112.65,112.65,111.4,112.0,20249.0
2021-01-04 11:00:00,NSE:KITEX,111.95,112.0,110.6,111.0,33119.0
2021-01-04 12:00:00,NSE:KITEX,111.2,112.25,111.1,112.0,10606.0
2021-01-04 13:00:00,NSE:KITEX,112.0,112.15,111.6,112.1,13359.0
2021-01-04 14:00:00,NSE:KITEX,112.1,112.2,111.7,112.0,10347.0
2021-01-04 15:00:00,NSE:KITEX,112.0,112.0,111.25,111.85,21295.0
2021-01-05 09:00:00,NSE:KITEX,110.0,111.6,109.2,111.5,20527.0
2021-01-05 10:00:00,NSE:KITEX,111.15,111.2,110.2,110.95,19391.0
2021-01-05 11:00:00,NSE:KITEX,110.95,111.6,110.8,111.2,17819.0
2021-01-05 12:00:00,NSE:KITEX,111.25,113.05,111.15,112.15,42110.0
2021-01-05 13:00:00,NSE:KITEX,112.3,112.4,111.05,112.1,19866.0
2021-01-05 14:00:00,NSE:KITEX,112.15,112.6,111.4,111.55,20746.0
2021-01-05 15:00:00,NSE:KITEX,111.65,112.0,111.2,111.5,23937.0
2021-01-06 09:00:00,NSE:KITEX,112.0,114.7,111.75,113.25,74177.0
2021-01-06 10:00:00,NSE:KITEX,113.25,114.0,112.8,113.05,53915.0
2021-01-06 11:00:00,NSE:KITEX,113.1,116.8,112.8,115.3,182750.0
2021-01-06 12:00:00,NSE:KITEX,115.3,116.7,114.3,115.75,96261.0
2021-01-06 13:00:00,NSE:KITEX,115.7,116.05,112.6,113.55,71110.0
2021-01-06 14:00:00,NSE:KITEX,113.6,113.95,112.0,113.55,67597.0
2021-01-06 15:00:00,NSE:KITEX,113.7,114.6,113.2,113.8,34399.0
2021-01-07 09:00:00,NSE:KITEX,115.0,115.55,113.6,114.1,48843.0
2021-01-07 10:00:00,NSE:KITEX,114.3,114.5,113.55,114.0,21110.0
2021-01-07 11:00:00,NSE:KITEX,114.0,114.0,113.25,114.0,22765.0
2021-01-07 12:00:00,NSE:KITEX,113.7,114.35,113.55,114.2,4627.0
2021-01-07 13:00:00,NSE:KITEX,114.05,114.05,113.6,113.8,27760.0
2021-01-07 14:00:00,NSE:KITEX,113.8,113.95,113.05,113.35,25003.0
2021-01-07 15:00:00,NSE:KITEX,113.3,113.6,113.0,113.0,20445.0
2021-01-08 09:00:00,NSE:KITEX,114.3,114.3,113.4,113.4,26626.0
2021-01-08 10:00:00,NSE:KITEX,113.7,114.0,113.25,114.0,21356.0
2021-01-08 11:00:00,NSE:KITEX,113.8,114.0,113.25,113.95,17611.0
2021-01-08 12:00:00,NSE:KITEX,113.95,116.5,113.8,115.45,116434.0
2021-01-08 13:00:00,NSE:KITEX,115.45,115.5,114.0,114.7,30868.0
2021-01-08 14:00:00,NSE:KITEX,114.8,114.9,114.0,114.3,23498.0
2021-01-08 15:00:00,NSE:KITEX,114.35,114.7,113.9,114.15,45899.0
2021-01-11 09:00:00,NSE:KITEX,117.9,117.9,113.85,114.0,77335.0
2021-01-11 10:00:00,NSE:KITEX,114.0,114.05,111.1,111.85,80518.0
2021-01-11 11:00:00,NSE:KITEX,111.85,113.0,111.5,111.7,36018.0
2021-01-11 12:00:00,NSE:KITEX,111.7,112.8,111.45,112.7,13353.0
2021-01-11 13:00:00,NSE:KITEX,112.7,113.0,112.5,113.0,14913.0
2021-01-11 14:00:00,NSE:KITEX,113.0,113.3,112.5,112.75,13234.0
2021-01-11 15:00:00,NSE:KITEX,112.7,112.75,112.0,112.35,20842.0
2021-01-12 09:00:00,NSE:KITEX,111.95,113.9,111.4,112.9,56451.0
2021-01-12 10:00:00,NSE:KITEX,112.8,113.3,112.05,112.55,23097.0
2021-01-12 11:00:00,NSE:KITEX,112.45,113.55,112.05,113.25,21392.0
2021-01-12 12:00:00,NSE:KITEX,113.0,113.55,113.0,113.4,11037.0
2021-01-12 13:00:00,NSE:KITEX,113.3,113.6,113.15,113.25,11001.0
2021-01-12 14:00:00,NSE:KITEX,113.3,113.5,112.55,113.0,13477.0
2021-01-12 15:00:00,NSE:KITEX,113.0,113.15,112.15,112.55,23660.0
2021-01-13 09:00:00,NSE:KITEX,113.0,114.65,112.45,114.15,43639.0
2021-01-13 10:00:00,NSE:KITEX,113.85,114.25,113.05,113.4,30255.0
2021-01-13 11:00:00,NSE:KITEX,113.4,113.5,112.25,112.5,17144.0
2021-01-13 12:00:00,NSE:KITEX,112.65,112.85,112.0,112.35,21415.0
2021-01-13 13:00:00,NSE:KITEX,112.35,112.35,111.45,111.75,38601.0
2021-01-13 14:00:00,NSE:KITEX,111.6,112.25,110.8,111.95,20524.0
2021-01-13 15:00:00,NSE:KITEX,111.85,112.5,111.85,112.15,19254.0
2021-01-14 09:00:00,NSE:KITEX,112.8,113.0,111.0,111.9,25095.0
2021-01-14 10:00:00,NSE:KITEX,112.0,112.5,111.8,112.1,15108.0
2021-01-14 11:00:00,NSE:KITEX,112.1,112.75,112.0,112.2,16351.0
2021-01-14 12:00:00,NSE:KITEX,112.2,112.45,112.1,112.4,6941.0
2021-01-14 13:00:00,NSE:KITEX,112.45,112.55,112.2,112.3,5021.0
2021-01-14 14:00:00,NSE:KITEX,112.45,112.45,112.0,112.0,18549.0
2021-01-14 15:00:00,NSE:KITEX,112.1,112.2,111.6,112.2,12181.0
2021-01-15 09:00:00,NSE:KITEX,112.2,112.8,111.5,111.5,22368.0
2021-01-15 10:00:00,NSE:KITEX,111.55,112.45,111.55,111.9,10113.0
2021-01-15 11:00:00,NSE:KITEX,111.75,112.15,111.4,112.15,9595.0
2021-01-15 12:00:00,NSE:KITEX,111.9,112.45,111.05,111.45,15495.0
2021-01-15 13:00:00,NSE:KITEX,111.75,112.2,111.25,111.3,13275.0
2021-01-15 14:00:00,NSE:KITEX,111.3,111.8,111.0,111.4,23474.0
2021-01-15 15:00:00,NSE:KITEX,111.4,111.4,108.4,109.5,47599.0
2021-01-18 09:00:00,NSE:KITEX,105.0,108.85,105.0,106.45,78211.0
2021-01-18 10:00:00,NSE:KITEX,106.45,106.95,105.15,106.25,46034.0
2021-01-18 11:00:00,NSE:KITEX,106.25,107.2,106.0,106.9,9869.0
2021-01-18 12:00:00,NSE:KITEX,106.85,107.5,106.6,107.5,7240.0
2021-01-18 13:00:00,NSE:KITEX,107.5,107.9,107.0,107.45,7802.0
2021-01-18 14:00:00,NSE:KITEX,107.45,107.95,107.05,107.1,10504.0
2021-01-18 15:00:00,NSE:KITEX,107.2,107.6,106.7,107.15,11059.0
2021-01-19 09:00:00,NSE:KITEX,108.2,109.3,107.4,108.9,14938.0
2021-01-19 10:00:00,NSE:KITEX,108.9,109.0,108.6,108.8,5235.0
2021-01-19 11:00:00,NSE:KITEX,109.0,109.9,109.0,109.0,9910.0
2021-01-19 12:00:00,NSE:KITEX,109.15,109.15,108.1,108.55,8351.0
2021-01-19 13:00:00,NSE:KITEX,108.9,109.0,108.25,108.45,3671.0
2021-01-19 14:00:00,NSE:KITEX,108.5,109.0,108.4,108.95,9807.0
2021-01-19 15:00:00,NSE:KITEX,108.8,109.0,108.35,108.65,15424.0
2021-01-20 09:00:00,NSE:KITEX,109.2,110.4,108.65,109.65,36595.0
2021-01-20 10:00:00,NSE:KITEX,109.8,111.2,109.8,110.2,19855.0
2021-01-20 11:00:00,NSE:KITEX,110.4,110.8,110.2,110.35,12784.0
2021-01-20 12:00:00,NSE:KITEX,110.25,110.45,109.55,109.6,6548.0
2021-01-20 13:00:00,NSE:KITEX,109.6,109.85,109.5,109.75,3632.0
2021-01-20 14:00:00,NSE:KITEX,109.55,109.55,109.0,109.1,21312.0
2021-01-20 15:00:00,NSE:KITEX,109.1,109.1,107.1,108.0,27780.0
2021-01-21 09:00:00,NSE:KITEX,109.3,110.35,108.65,109.55,21080.0
2021-01-21 10:00:00,NSE:KITEX,109.8,109.9,108.7,109.1,11778.0
2021-01-21 11:00:00,NSE:KITEX,109.2,109.2,108.1,108.4,9559.0
2021-01-21 12:00:00,NSE:KITEX,108.45,109.0,107.85,108.75,19122.0
2021-01-21 13:00:00,NSE:KITEX,108.8,108.8,108.1,108.75,4371.0
2021-01-21 14:00:00,NSE:KITEX,108.75,108.8,107.3,107.8,15771.0
2021-01-21 15:00:00,NSE:KITEX,107.7,107.7,105.1,106.35,20838.0
2021-01-22 09:00:00,NSE:KITEX,107.85,107.85,105.5,106.65,22703.0
2021-01-22 10:00:00,NSE:KITEX,106.75,107.2,106.0,106.8,9127.0
2021-01-22 11:00:00,NSE:KITEX,106.8,106.8,105.7,106.0,12842.0
2021-01-22 12:00:00,NSE:KITEX,105.95,106.5,105.75,105.85,6700.0
2021-01-22 13:00:00,NSE:KITEX,105.7,105.95,105.2,105.45,15567.0
2021-01-22 14:00:00,NSE:KITEX,105.5,106.3,105.5,106.05,16137.0
2021-01-22 15:00:00,NSE:KITEX,105.9,106.4,105.5,105.85,19053.0
2021-01-25 09:00:00,NSE:KITEX,106.35,107.0,105.05,105.1,30006.0
2021-01-25 10:00:00,NSE:KITEX,105.35,106.4,105.1,105.4,9793.0
2021-01-25 11:00:00,NSE:KITEX,105.35,105.9,104.55,104.6,21443.0
2021-01-25 12:00:00,NSE:KITEX,104.6,105.3,104.4,105.3,4052.0
2021-01-25 13:00:00,NSE:KITEX,105.0,105.3,104.6,104.85,4199.0
2021-01-25 14:00:00,NSE:KITEX,104.95,105.25,104.5,105.0,20050.0
2021-01-25 15:00:00,NSE:KITEX,105.0,105.25,105.0,105.1,10083.0
2021-01-27 09:00:00,NSE:KITEX,105.15,105.45,103.2,104.05,15400.0
2021-01-27 10:00:00,NSE:KITEX,104.05,104.7,104.0,104.3,11682.0
2021-01-27 11:00:00,NSE:KITEX,104.35,104.4,103.65,103.9,4833.0
2021-01-27 12:00:00,NSE:KITEX,103.8,104.4,103.8,103.85,5600.0
2021-01-27 13:00:00,NSE:KITEX,104.0,104.2,103.55,103.8,7620.0
2021-01-27 14:00:00,NSE:KITEX,103.6,104.05,103.4,104.0,8962.0
2021-01-27 15:00:00,NSE:KITEX,104.0,104.15,103.5,103.9,5212.0
2021-01-28 09:00:00,NSE:KITEX,103.3,104.9,102.0,104.75,17755.0
2021-01-28 10:00:00,NSE:KITEX,104.75,104.85,104.0,104.25,5879.0
2021-01-28 11:00:00,NSE:KITEX,104.45,104.55,104.15,104.4,2136.0
2021-01-28 12:00:00,NSE:KITEX,104.25,105.2,104.25,104.55,10374.0
2021-01-28 13:00:00,NSE:KITEX,104.55,105.45,104.25,104.95,12311.0
2021-01-28 14:00:00,NSE:KITEX,105.0,105.0,104.0,104.3,11539.0
2021-01-28 15:00:00,NSE:KITEX,104.4,104.65,104.05,104.05,3460.0
2021-01-29 09:00:00,NSE:KITEX,105.0,105.5,103.25,105.1,22020.0
2021-01-29 10:00:00,NSE:KITEX,105.0,105.0,104.6,104.9,8974.0
2021-01-29 11:00:00,NSE:KITEX,104.9,105.0,104.6,104.7,5463.0
2021-01-29 12:00:00,NSE:KITEX,104.7,104.75,104.5,104.65,906.0
2021-01-29 13:00:00,NSE:KITEX,104.65,104.65,104.0,104.55,8916.0
2021-01-29 14:00:00,NSE:KITEX,104.55,105.75,104.25,104.7,13471.0
2021-01-29 15:00:00,NSE:KITEX,104.65,104.7,104.0,104.0,14829.0
2021-02-01 09:00:00,NSE:KITEX,106.0,106.0,104.0,104.95,11880.0
2021-02-01 10:00:00,NSE:KITEX,104.75,104.8,104.1,104.6,10506.0
2021-02-01 11:00:00,NSE:KITEX,104.5,105.95,104.5,105.0,12100.0
2021-02-01 12:00:00,NSE:KITEX,105.15,105.6,104.45,105.2,8394.0
2021-02-01 13:00:00,NSE:KITEX,105.2,105.9,104.85,104.85,7160.0
2021-02-01 14:00:00,NSE:KITEX,104.9,105.45,104.1,105.0,11265.0
2021-02-01 15:00:00,NSE:KITEX,104.8,106.4,104.65,105.15,14611.0
2021-02-02 09:00:00,NSE:KITEX,106.8,107.2,105.75,106.5,31157.0
2021-02-02 10:00:00,NSE:KITEX,106.95,107.0,106.5,106.75,9072.0
2021-02-02 11:00:00,NSE:KITEX,106.65,107.8,106.5,106.7,20162.0
2021-02-02 12:00:00,NSE:KITEX,106.5,107.1,106.5,106.8,32449.0
2021-02-02 13:00:00,NSE:KITEX,107.0,107.2,106.65,106.85,8821.0
2021-02-02 14:00:00,NSE:KITEX,106.9,107.0,106.55,106.75,7232.0
2021-02-02 15:00:00,NSE:KITEX,106.6,107.0,106.55,106.75,12904.0
2021-02-03 09:00:00,NSE:KITEX,108.75,108.75,106.15,107.65,28518.0
2021-02-03 10:00:00,NSE:KITEX,107.5,108.0,107.35,107.65,13082.0
2021-02-03 11:00:00,NSE:KITEX,107.5,108.0,107.3,107.7,8701.0
2021-02-03 12:00:00,NSE:KITEX,107.7,107.85,107.5,107.7,3273.0
2021-02-03 13:00:00,NSE:KITEX,107.5,107.85,107.3,107.65,5361.0
2021-02-03 14:00:00,NSE:KITEX,107.65,107.85,107.4,107.6,10494.0
2021-02-03 15:00:00,NSE:KITEX,107.35,107.65,106.0,107.05,11298.0
2021-02-04 09:00:00,NSE:KITEX,107.5,107.9,106.55,107.9,9922.0
2021-02-04 10:00:00,NSE:KITEX,107.7,107.9,106.8,107.0,20607.0
2021-02-04 11:00:00,NSE:KITEX,106.8,108.75,106.8,107.95,22153.0
2021-02-04 12:00:00,NSE:KITEX,107.95,108.05,106.75,107.65,31170.0
2021-02-04 13:00:00,NSE:KITEX,107.7,108.05,107.5,107.6,8885.0
2021-02-04 14:00:00,NSE:KITEX,107.95,107.95,107.35,107.65,5344.0
2021-02-04 15:00:00,NSE:KITEX,107.6,107.85,107.05,107.4,12980.0
2021-02-05 09:00:00,NSE:KITEX,108.4,108.4,107.25,107.45,14226.0
2021-02-05 10:00:00,NSE:KITEX,107.45,107.7,107.0,107.6,12390.0
2021-02-05 11:00:00,NSE:KITEX,107.5,108.3,107.5,108.1,24157.0
2021-02-05 12:00:00,NSE:KITEX,108.05,108.15,107.5,107.6,4867.0
2021-02-05 13:00:00,NSE:KITEX,107.6,108.1,107.5,107.5,15920.0
2021-02-05 14:00:00,NSE:KITEX,107.8,109.7,107.6,108.2,33364.0
2021-02-05 15:00:00,NSE:KITEX,108.25,108.4,107.5,107.8,10426.0
2021-02-08 09:00:00,NSE:KITEX,108.8,109.95,108.3,109.9,32283.0
2021-02-08 10:00:00,NSE:KITEX,109.9,113.0,109.4,112.1,77874.0
2021-02-08 11:00:00,NSE:KITEX,112.1,112.4,110.65,111.0,19534.0
2021-02-08 12:00:00,NSE:KITEX,111.2,111.2,110.55,110.75,6211.0
2021-02-08 13:00:00,NSE:KITEX,110.75,111.0,110.3,110.9,8011.0
2021-02-08 14:00:00,NSE:KITEX,111.0,111.2,110.35,110.65,11361.0
2021-02-08 15:00:00,NSE:KITEX,110.6,111.2,110.5,110.8,18506.0
2021-02-09 09:00:00,NSE:KITEX,111.6,114.7,110.5,111.3,28370.0
2021-02-09 10:00:00,NSE:KITEX,111.35,111.85,111.2,111.35,8180.0
2021-02-09 11:00:00,NSE:KITEX,111.25,111.8,111.25,111.5,7665.0
2021-02-09 12:00:00,NSE:KITEX,111.5,111.8,111.4,111.7,8333.0
2021-02-09 13:00:00,NSE:KITEX,111.75,111.75,111.0,111.1,9839.0
2021-02-09 14:00:00,NSE:KITEX,111.05,111.05,110.25,111.0,19429.0
2021-02-09 15:00:00,NSE:KITEX,111.0,111.7,110.8,110.85,17905.0
2021-02-10 09:00:00,NSE:KITEX,111.4,112.05,110.0,111.2,31380.0
2021-02-10 10:00:00,NSE:KITEX,111.4,111.4,110.0,110.45,15812.0
2021-02-10 11:00:00,NSE:KITEX,110.4,110.85,110.0,110.85,10932.0
2021-02-10 12:00:00,NSE:KITEX,110.7,110.95,110.7,110.95,5181.0
2021-02-10 13:00:00,NSE:KITEX,110.8,110.95,110.5,110.7,18217.0
2021-02-10 14:00:00,NSE:KITEX,110.55,112.5,104.0,106.0,139447.0
2021-02-10 15:00:00,NSE:KITEX,106.0,106.65,105.0,106.0,66264.0
2021-02-11 09:00:00,NSE:KITEX,105.05,106.0,103.6,105.35,48890.0
2021-02-11 10:00:00,NSE:KITEX,105.6,107.2,105.1,106.3,29289.0
2021-02-11 11:00:00,NSE:KITEX,106.2,106.5,105.25,105.3,18035.0
2021-02-11 12:00:00,NSE:KITEX,105.3,105.9,105.2,105.55,6196.0
2021-02-11 13:00:00,NSE:KITEX,105.4,106.0,105.3,105.7,12535.0
2021-02-11 14:00:00,NSE:KITEX,105.7,105.9,105.1,105.7,17437.0
2021-02-11 15:00:00,NSE:KITEX,105.55,105.65,105.0,105.3,25778.0
2021-02-12 09:00:00,NSE:KITEX,105.3,106.65,105.3,106.15,28201.0
2021-02-12 10:00:00,NSE:KITEX,106.1,106.5,106.0,106.2,13375.0
2021-02-12 11:00:00,NSE:KITEX,106.15,106.45,106.0,106.35,8956.0
2021-02-12 12:00:00,NSE:KITEX,106.35,106.55,106.05,106.5,9977.0
2021-02-12 13:00:00,NSE:KITEX,106.4,107.7,106.35,106.5,17770.0
2021-02-12 14:00:00,NSE:KITEX,106.4,106.45,105.7,105.75,18652.0
2021-02-12 15:00:00,NSE:KITEX,106.0,106.3,105.7,106.1,15090.0
2021-02-15 09:00:00,NSE:KITEX,105.85,106.9,104.9,105.95,28676.0
2021-02-15 10:00:00,NSE:KITEX,105.7,106.2,105.7,105.95,8359.0
2021-02-15 11:00:00,NSE:KITEX,105.95,106.0,105.0,105.9,23862.0
2021-02-15 12:00:00,NSE:KITEX,105.65,105.7,105.0,105.25,17967.0
2021-02-15 13:00:00,NSE:KITEX,105.0,105.75,105.0,105.35,9843.0
2021-02-15 14:00:00,NSE:KITEX,105.3,105.6,105.0,105.15,15346.0
2021-02-15 15:00:00,NSE:KITEX,105.1,105.55,104.8,105.15,8466.0
2021-02-16 09:00:00,NSE:KITEX,105.05,106.5,105.05,105.65,25283.0
2021-02-16 10:00:00,NSE:KITEX,105.7,106.9,105.15,105.75,24941.0
2021-02-16 11:00:00,NSE:KITEX,105.7,106.2,105.5,106.0,17377.0
2021-02-16 12:00:00,NSE:KITEX,106.0,106.0,105.3,105.45,10443.0
2021-02-16 13:00:00,NSE:KITEX,105.7,106.0,105.1,105.55,4656.0
2021-02-16 14:00:00,NSE:KITEX,105.4,106.0,105.1,105.55,11604.0
2021-02-16 15:00:00,NSE:KITEX,105.65,106.0,105.05,105.65,9899.0
2021-02-17 09:00:00,NSE:KITEX,105.5,105.8,104.4,105.5,18190.0
2021-02-17 10:00:00,NSE:KITEX,105.25,105.8,104.3,104.85,27469.0
2021-02-17 11:00:00,NSE:KITEX,104.7,105.0,104.0,104.65,16136.0
2021-02-17 12:00:00,NSE:KITEX,104.8,105.25,104.6,104.65,17721.0
2021-02-17 13:00:00,NSE:KITEX,104.55,105.05,104.55,104.65,7981.0
2021-02-17 14:00:00,NSE:KITEX,104.7,105.4,104.5,105.05,12364.0
2021-02-17 15:00:00,NSE:KITEX,105.05,105.2,104.5,104.85,21163.0
2021-02-18 09:00:00,NSE:KITEX,105.4,105.75,104.7,105.15,13334.0
2021-02-18 10:00:00,NSE:KITEX,104.95,106.35,104.8,105.25,15746.0
2021-02-18 11:00:00,NSE:KITEX,105.0,105.6,105.0,105.2,9917.0
2021-02-18 12:00:00,NSE:KITEX,105.2,105.6,104.5,105.25,29789.0
2021-02-18 13:00:00,NSE:KITEX,105.25,105.6,104.6,104.9,9215.0
2021-02-18 14:00:00,NSE:KITEX,105.15,105.2,104.75,104.95,13401.0
2021-02-18 15:00:00,NSE:KITEX,104.95,105.05,104.55,104.85,17028.0
2021-02-19 09:00:00,NSE:KITEX,105.0,105.4,104.6,105.25,11350.0
2021-02-19 10:00:00,NSE:KITEX,105.1,106.6,104.0,105.7,55118.0
2021-02-19 11:00:00,NSE:KITEX,105.9,107.25,105.7,107.1,28974.0
2021-02-19 12:00:00,NSE:KITEX,107.15,109.5,107.1,107.8,60687.0
2021-02-19 13:00:00,NSE:KITEX,107.8,108.0,106.4,107.4,27979.0
2021-02-19 14:00:00,NSE:KITEX,106.8,107.4,105.45,105.75,27972.0
2021-02-19 15:00:00,NSE:KITEX,105.7,106.45,105.2,105.8,18596.0
2021-02-22 09:00:00,NSE:KITEX,107.9,108.6,106.8,107.45,53470.0
2021-02-22 10:00:00,NSE:KITEX,107.45,108.0,107.0,107.75,27514.0
2021-02-22 11:00:00,NSE:KITEX,107.9,107.9,107.0,107.25,17833.0
2021-02-22 12:00:00,NSE:KITEX,107.25,107.35,106.4,106.7,16940.0
2021-02-22 13:00:00,NSE:KITEX,106.7,106.7,105.5,105.8,13677.0
2021-02-22 14:00:00,NSE:KITEX,105.8,106.65,105.65,106.6,15132.0
2021-02-22 15:00:00,NSE:KITEX,106.4,106.65,105.6,106.0,15504.0
2021-02-23 09:00:00,NSE:KITEX,107.45,107.5,105.05,105.75,20780.0
2021-02-23 10:00:00,NSE:KITEX,105.8,107.0,105.8,106.15,16919.0
2021-02-23 11:00:00,NSE:KITEX,106.2,106.5,105.75,105.75,4925.0
2021-02-23 12:00:00,NSE:KITEX,105.85,105.95,105.4,105.75,14980.0
2021-02-23 13:00:00,NSE:KITEX,105.8,105.9,105.6,105.9,4445.0
2021-02-23 14:00:00,NSE:KITEX,105.9,105.95,105.25,105.9,8051.0
2021-02-23 15:00:00,NSE:KITEX,105.95,105.95,105.3,105.95,9926.0
2021-02-24 09:00:00,NSE:KITEX,105.95,106.7,105.9,106.2,9449.0
2021-02-24 10:00:00,NSE:KITEX,106.2,106.5,106.0,106.15,5168.0
2021-02-24 11:00:00,NSE:KITEX,106.15,106.3,106.0,106.05,7284.0
2021-02-24 15:00:00,NSE:KITEX,106.05,106.95,106.0,106.0,4539.0
2021-02-24 16:00:00,NSE:KITEX,106.0,106.45,106.0,106.0,3777.0
2021-02-25 09:00:00,NSE:KITEX,106.7,107.2,106.0,106.05,20743.0
2021-02-25 10:00:00,NSE:KITEX,106.1,106.7,106.05,106.35,52433.0
2021-02-25 11:00:00,NSE:KITEX,106.35,107.0,106.1,106.85,24045.0
2021-02-25 12:00:00,NSE:KITEX,106.9,108.8,106.65,107.75,46626.0
2021-02-25 13:00:00,NSE:KITEX,107.7,108.2,107.6,108.0,19061.0
2021-02-25 14:00:00,NSE:KITEX,108.0,108.05,107.6,108.0,24074.0
2021-02-25 15:00:00,NSE:KITEX,107.9,108.15,107.6,108.0,32890.0
2021-02-26 09:00:00,NSE:KITEX,106.8,109.8,105.3,108.85,59000.0
2021-02-26 10:00:00,NSE:KITEX,108.65,108.9,107.35,107.65,24122.0
2021-02-26 11:00:00,NSE:KITEX,107.65,107.9,106.05,107.05,18925.0
2021-02-26 12:00:00,NSE:KITEX,107.1,107.1,105.3,106.2,25953.0
2021-02-26 13:00:00,NSE:KITEX,106.25,106.9,106.1,106.85,5693.0
2021-02-26 14:00:00,NSE:KITEX,107.0,107.4,105.85,107.2,34388.0
2021-02-26 15:00:00,NSE:KITEX,107.2,107.25,105.8,106.65,18040.0
2021-03-01 09:00:00,NSE:KITEX,107.9,107.9,107.0,107.25,13881.0
2021-03-01 10:00:00,NSE:KITEX,107.15,107.5,107.0,107.15,8644.0
2021-03-01 11:00:00,NSE:KITEX,107.25,107.25,105.85,106.35,20875.0
2021-03-01 12:00:00,NSE:KITEX,106.4,106.85,105.6,106.3,33750.0
2021-03-01 13:00:00,NSE:KITEX,106.0,106.3,105.55,105.85,7108.0
2021-03-01 14:00:00,NSE:KITEX,106.0,106.4,105.8,106.05,7603.0
2021-03-01 15:00:00,NSE:KITEX,106.1,106.4,106.0,106.1,11517.0
2021-03-02 09:00:00,NSE:KITEX,106.5,107.45,106.2,106.85,22205.0
2021-03-02 10:00:00,NSE:KITEX,106.8,107.0,106.0,106.0,21044.0
2021-03-02 11:00:00,NSE:KITEX,106.2,106.6,105.75,106.6,11709.0
2021-03-02 12:00:00,NSE:KITEX,106.55,106.85,106.0,106.0,8121.0
2021-03-02 13:00:00,NSE:KITEX,106.25,106.5,106.05,106.2,2341.0
2021-03-02 14:00:00,NSE:KITEX,106.2,106.9,106.0,106.45,6735.0
2021-03-02 15:00:00,NSE:KITEX,106.2,106.8,106.05,106.3,14457.0
2021-03-03 09:00:00,NSE:KITEX,106.3,107.4,106.3,107.0,27176.0
2021-03-03 10:00:00,NSE:KITEX,107.0,107.35,106.65,107.3,19663.0
2021-03-03 11:00:00,NSE:KITEX,107.3,108.0,106.9,107.15,27062.0
2021-03-03 12:00:00,NSE:KITEX,107.3,109.4,107.2,108.15,56703.0
2021-03-03 13:00:00,NSE:KITEX,108.0,108.35,107.65,107.7,8889.0
2021-03-03 14:00:00,NSE:KITEX,107.75,107.75,107.1,107.1,13710.0
2021-03-03 15:00:00,NSE:KITEX,107.1,107.55,107.0,107.25,14047.0
2021-03-04 09:00:00,NSE:KITEX,107.15,107.65,105.6,107.2,41225.0
2021-03-04 10:00:00,NSE:KITEX,107.2,107.5,106.35,107.1,18053.0
2021-03-04 11:00:00,NSE:KITEX,107.0,107.4,106.3,107.0,19392.0
2021-03-04 12:00:00,NSE:KITEX,107.2,107.5,107.0,107.5,17561.0
2021-03-04 13:00:00,NSE:KITEX,107.5,107.5,106.75,107.4,11434.0
2021-03-04 14:00:00,NSE:KITEX,107.25,107.5,106.8,106.8,20249.0
2021-03-04 15:00:00,NSE:KITEX,107.0,107.2,106.7,107.1,10557.0
2021-03-05 09:00:00,NSE:KITEX,107.4,107.75,106.5,107.2,34393.0
2021-03-05 10:00:00,NSE:KITEX,107.1,107.5,106.8,106.8,17837.0
2021-03-05 11:00:00,NSE:KITEX,106.6,106.9,106.25,106.55,8686.0
2021-03-05 12:00:00,NSE:KITEX,106.4,107.0,106.35,106.65,14248.0
2021-03-05 13:00:00,NSE:KITEX,106.6,107.35,106.5,106.75,21408.0
2021-03-05 14:00:00,NSE:KITEX,106.8,107.2,106.5,106.7,16724.0
2021-03-05 15:00:00,NSE:KITEX,106.7,106.9,106.55,106.65,18422.0
2021-03-08 09:00:00,NSE:KITEX,106.3,107.6,106.3,107.35,9191.0
2021-03-08 10:00:00,NSE:KITEX,107.35,107.5,106.1,106.4,16810.0
2021-03-08 11:00:00,NSE:KITEX,106.3,106.55,106.3,106.35,10785.0
2021-03-08 12:00:00,NSE:KITEX,106.5,107.3,106.5,106.7,14159.0
2021-03-08 13:00:00,NSE:KITEX,106.65,106.85,106.5,106.65,4907.0
2021-03-08 14:00:00,NSE:KITEX,106.65,106.75,106.0,106.3,14656.0
2021-03-08 15:00:00,NSE:KITEX,106.35,106.75,106.1,106.35,15643.0
2021-03-09 09:00:00,NSE:KITEX,107.05,107.4,106.1,106.2,13837.0
2021-03-09 10:00:00,NSE:KITEX,106.2,106.8,106.2,106.6,6850.0
2021-03-09 11:00:00,NSE:KITEX,106.8,107.3,106.55,106.95,14142.0
2021-03-09 12:00:00,NSE:KITEX,106.95,106.95,106.45,106.75,6458.0
2021-03-09 13:00:00,NSE:KITEX,106.5,106.6,106.0,106.05,24367.0
2021-03-09 14:00:00,NSE:KITEX,106.3,106.4,106.0,106.0,14326.0
2021-03-09 15:00:00,NSE:KITEX,106.2,106.5,106.0,106.1,15879.0
2021-03-10 09:00:00,NSE:KITEX,106.7,106.85,106.1,106.65,7944.0
2021-03-10 10:00:00,NSE:KITEX,106.6,112.0,106.3,110.1,167213.0
2021-03-10 11:00:00,NSE:KITEX,110.25,115.0,110.0,113.8,700966.0
2021-03-10 12:00:00,NSE:KITEX,113.8,114.5,113.4,113.55,175402.0
2021-03-10 13:00:00,NSE:KITEX,113.55,113.85,112.5,112.75,92254.0
2021-03-10 14:00:00,NSE:KITEX,112.6,113.75,112.5,113.1,126961.0
2021-03-10 15:00:00,NSE:KITEX,113.1,113.4,110.9,111.5,109540.0
2021-03-12 09:00:00,NSE:KITEX,112.9,113.45,112.0,112.2,79364.0
2021-03-12 10:00:00,NSE:KITEX,112.4,115.7,112.0,114.15,184928.0
2021-03-12 11:00:00,NSE:KITEX,114.2,114.7,113.05,113.25,36501.0
2021-03-12 12:00:00,NSE:KITEX,113.05,113.5,111.2,112.8,54771.0
2021-03-12 13:00:00,NSE:KITEX,112.95,112.95,111.5,111.8,25217.0
2021-03-12 14:00:00,NSE:KITEX,112.0,112.0,110.55,111.1,44277.0
2021-03-12 15:00:00,NSE:KITEX,111.1,111.85,111.0,111.3,27306.0
2021-03-15 09:00:00,NSE:KITEX,110.65,111.3,107.1,108.15,60158.0
2021-03-15 10:00:00,NSE:KITEX,108.0,108.3,107.6,108.1,30755.0
2021-03-15 11:00:00,NSE:KITEX,108.05,108.2,107.0,107.5,24451.0
2021-03-15 12:00:00,NSE:KITEX,107.6,108.15,107.5,107.85,5636.0
2021-03-15 13:00:00,NSE:KITEX,107.95,108.0,107.05,107.5,18140.0
2021-03-15 14:00:00,NSE:KITEX,107.5,108.0,107.5,107.8,8221.0
2021-03-15 15:00:00,NSE:KITEX,107.7,108.7,107.6,107.95,14056.0
2021-03-16 09:00:00,NSE:KITEX,108.85,108.85,106.8,107.45,45349.0
2021-03-16 10:00:00,NSE:KITEX,107.0,108.05,107.0,107.8,12216.0
2021-03-16 11:00:00,NSE:KITEX,107.55,107.65,107.1,107.3,4734.0
2021-03-16 12:00:00,NSE:KITEX,107.05,107.35,106.8,106.85,20263.0
2021-03-16 13:00:00,NSE:KITEX,107.0,107.4,107.0,107.0,12290.0
2021-03-16 14:00:00,NSE:KITEX,107.25,107.35,107.0,107.0,7042.0
2021-03-16 15:00:00,NSE:KITEX,107.2,107.35,107.0,107.0,19722.0
2021-03-17 09:00:00,NSE:KITEX,107.8,109.9,107.0,108.05,19719.0
2021-03-17 10:00:00,NSE:KITEX,108.0,108.1,106.25,106.8,30212.0
2021-03-17 11:00:00,NSE:KITEX,106.8,107.6,106.65,107.15,5332.0
2021-03-17 12:00:00,NSE:KITEX,107.15,107.6,106.5,106.5,15832.0
2021-03-17 13:00:00,NSE:KITEX,106.75,106.95,106.5,106.7,3184.0
2021-03-17 14:00:00,NSE:KITEX,106.75,106.75,105.15,105.75,34877.0
2021-03-17 15:00:00,NSE:KITEX,105.3,105.65,104.55,104.95,30509.0
2021-03-18 09:00:00,NSE:KITEX,105.6,106.75,105.1,106.05,20264.0
2021-03-18 10:00:00,NSE:KITEX,106.0,106.0,105.1,105.6,12996.0
2021-03-18 11:00:00,NSE:KITEX,105.6,105.6,105.1,105.35,13267.0
2021-03-18 12:00:00,NSE:KITEX,105.25,106.0,105.25,105.65,2962.0
2021-03-18 13:00:00,NSE:KITEX,105.9,105.9,103.45,103.45,23925.0
2021-03-18 14:00:00,NSE:KITEX,103.65,105.15,103.1,105.0,31361.0
2021-03-18 15:00:00,NSE:KITEX,105.2,105.5,104.7,105.1,11610.0
2021-03-19 09:00:00,NSE:KITEX,105.35,105.35,102.5,103.6,27332.0
2021-03-19 10:00:00,NSE:KITEX,103.6,104.0,103.5,104.0,11521.0
2021-03-19 11:00:00,NSE:KITEX,104.1,104.5,103.35,103.7,9010.0
2021-03-19 12:00:00,NSE:KITEX,103.55,103.9,102.85,103.4,9065.0
2021-03-19 13:00:00,NSE:KITEX,103.4,104.3,103.2,104.0,5603.0
2021-03-19 14:00:00,NSE:KITEX,104.15,104.85,103.8,104.7,8998.0
2021-03-19 15:00:00,NSE:KITEX,104.6,104.85,103.7,104.35,8289.0
2021-03-22 09:00:00,NSE:KITEX,105.4,105.4,102.9,104.25,18507.0
2021-03-22 10:00:00,NSE:KITEX,104.3,104.4,103.5,103.9,8713.0
2021-03-22 11:00:00,NSE:KITEX,104.05,104.25,103.5,103.65,11533.0
2021-03-22 12:00:00,NSE:KITEX,103.65,104.0,103.15,103.55,7177.0
2021-03-22 13:00:00,NSE:KITEX,103.5,104.2,103.3,103.45,9071.0
2021-03-22 14:00:00,NSE:KITEX,103.35,104.2,103.35,103.45,12181.0
2021-03-22 15:00:00,NSE:KITEX,103.7,106.1,103.35,104.6,25484.0
2021-03-23 09:00:00,NSE:KITEX,104.1,106.85,104.1,106.3,11854.0
2021-03-23 10:00:00,NSE:KITEX,106.3,106.45,105.0,105.25,10421.0
2021-03-23 11:00:00,NSE:KITEX,105.6,106.0,104.95,105.2,6448.0
2021-03-23 12:00:00,NSE:KITEX,105.25,106.45,105.25,105.7,10419.0
2021-03-23 13:00:00,NSE:KITEX,105.55,105.55,104.85,104.85,4912.0
2021-03-23 14:00:00,NSE:KITEX,104.8,105.0,104.5,104.55,7822.0
2021-03-23 15:00:00,NSE:KITEX,104.9,104.95,104.45,104.65,11168.0
2021-03-24 09:00:00,NSE:KITEX,105.2,105.5,104.65,104.85,3600.0
2021-03-24 10:00:00,NSE:KITEX,104.85,104.9,103.95,104.35,3106.0
2021-03-24 11:00:00,NSE:KITEX,104.3,104.4,103.15,103.65,5118.0
2021-03-24 12:00:00,NSE:KITEX,103.8,104.4,103.75,104.0,7133.0
2021-03-24 13:00:00,NSE:KITEX,103.95,103.95,103.0,103.55,15177.0
2021-03-24 14:00:00,NSE:KITEX,103.7,104.4,102.9,102.9,14145.0
2021-03-24 15:00:00,NSE:KITEX,102.85,103.0,102.15,102.8,29475.0
2021-03-25 09:00:00,NSE:KITEX,102.8,103.3,101.25,102.0,20983.0
2021-03-25 10:00:00,NSE:KITEX,102.2,102.2,97.75,98.5,79126.0
2021-03-25 11:00:00,NSE:KITEX,98.75,99.15,96.3,98.0,46516.0
2021-03-25 12:00:00,NSE:KITEX,98.0,98.0,96.2,96.7,41816.0
2021-03-25 13:00:00,NSE:KITEX,97.0,98.45,96.65,98.3,18671.0
2021-03-25 14:00:00,NSE:KITEX,98.3,99.45,98.2,99.2,13953.0
2021-03-25 15:00:00,NSE:KITEX,99.0,99.05,97.5,98.0,16916.0
2021-03-26 09:00:00,NSE:KITEX,98.7,100.55,98.7,99.7,19634.0
2021-03-26 10:00:00,NSE:KITEX,99.85,100.0,99.4,99.85,12252.0
2021-03-26 11:00:00,NSE:KITEX,99.5,100.0,99.5,99.8,6249.0
2021-03-26 12:00:00,NSE:KITEX,99.85,100.0,99.5,99.7,13684.0
2021-03-26 13:00:00,NSE:KITEX,99.8,100.45,99.5,100.1,6163.0
2021-03-26 14:00:00,NSE:KITEX,100.1,100.1,99.3,99.35,8567.0
2021-03-26 15:00:00,NSE:KITEX,99.35,99.7,99.3,99.6,12101.0
2021-03-30 09:00:00,NSE:KITEX,101.0,101.5,100.5,101.2,16489.0
2021-03-30 10:00:00,NSE:KITEX,101.15,101.85,100.8,101.6,20723.0
2021-03-30 11:00:00,NSE:KITEX,101.35,101.4,100.75,100.85,7909.0
2021-03-30 12:00:00,NSE:KITEX,100.7,100.7,99.8,100.25,7120.0
2021-03-30 13:00:00,NSE:KITEX,100.05,100.5,100.0,100.1,1875.0
2021-03-30 14:00:00,NSE:KITEX,100.1,100.85,99.95,100.5,8480.0
2021-03-30 15:00:00,NSE:KITEX,100.3,100.5,99.75,99.75,11870.0
2021-03-31 09:00:00,NSE:KITEX,99.0,100.3,98.85,99.9,7498.0
2021-03-31 10:00:00,NSE:KITEX,100.0,100.4,99.7,99.95,5740.0
2021-03-31 11:00:00,NSE:KITEX,100.2,100.2,99.7,100.0,1728.0
2021-03-31 12:00:00,NSE:KITEX,100.0,100.15,99.65,99.7,5966.0
2021-03-31 13:00:00,NSE:KITEX,99.5,100.0,99.5,99.55,9954.0
2021-03-31 14:00:00,NSE:KITEX,99.75,99.95,99.05,99.2,10403.0
2021-03-31 15:00:00,NSE:KITEX,99.4,99.5,98.15,98.9,24713.0
2021-04-01 09:00:00,NSE:KITEX,99.6,101.0,99.6,100.65,8488.0
2021-04-01 10:00:00,NSE:KITEX,100.6,101.4,100.6,100.6,9192.0
2021-04-01 11:00:00,NSE:KITEX,100.8,100.95,100.45,100.65,4548.0
2021-04-01 12:00:00,NSE:KITEX,100.8,101.0,100.15,100.75,8614.0
2021-04-01 13:00:00,NSE:KITEX,100.7,100.95,100.05,100.1,1716.0
2021-04-01 14:00:00,NSE:KITEX,100.95,101.0,100.1,100.65,9618.0
2021-04-01 15:00:00,NSE:KITEX,100.65,101.95,100.2,101.1,19793.0
2021-04-05 09:00:00,NSE:KITEX,101.95,101.95,99.6,100.4,16284.0
2021-04-05 10:00:00,NSE:KITEX,100.4,100.6,99.0,99.9,15309.0
2021-04-05 11:00:00,NSE:KITEX,99.5,100.0,99.5,99.75,9224.0
2021-04-05 12:00:00,NSE:KITEX,99.9,100.25,99.85,99.85,11852.0
2021-04-05 13:00:00,NSE:KITEX,99.85,100.35,99.85,100.25,3519.0
2021-04-05 14:00:00,NSE:KITEX,100.3,100.35,100.05,100.25,5179.0
2021-04-05 15:00:00,NSE:KITEX,100.25,100.9,100.0,100.2,10150.0
2021-04-06 09:00:00,NSE:KITEX,101.5,101.5,100.15,100.75,4920.0
2021-04-06 10:00:00,NSE:KITEX,100.65,101.55,100.55,101.25,3712.0
2021-04-06 11:00:00,NSE:KITEX,101.2,101.65,101.0,101.15,3623.0
2021-04-06 12:00:00,NSE:KITEX,101.1,101.5,101.0,101.25,3336.0
2021-04-06 13:00:00,NSE:KITEX,101.25,101.25,100.15,100.5,4404.0
2021-04-06 14:00:00,NSE:KITEX,100.75,100.75,100.5,100.7,3024.0
2021-04-06 15:00:00,NSE:KITEX,100.75,101.25,100.7,100.85,8422.0
2021-04-07 09:00:00,NSE:KITEX,101.5,101.5,100.5,100.5,5787.0
2021-04-07 10:00:00,NSE:KITEX,100.9,101.85,100.9,101.25,13642.0
2021-04-07 11:00:00,NSE:KITEX,101.25,101.65,101.05,101.3,2356.0
2021-04-07 12:00:00,NSE:KITEX,101.5,101.55,101.05,101.05,1718.0
2021-04-07 13:00:00,NSE:KITEX,101.0,101.0,100.5,100.5,6748.0
2021-04-07 14:00:00,NSE:KITEX,100.7,101.4,100.5,101.15,4374.0
2021-04-07 15:00:00,NSE:KITEX,101.25,101.65,100.65,101.4,9191.0
2021-04-08 09:00:00,NSE:KITEX,101.45,101.7,101.15,101.55,4842.0
2021-04-08 10:00:00,NSE:KITEX,101.55,101.65,100.8,101.5,7599.0
2021-04-08 11:00:00,NSE:KITEX,101.65,102.4,101.5,102.0,13278.0
2021-04-08 12:00:00,NSE:KITEX,101.95,101.95,101.35,101.8,3726.0
2021-04-08 13:00:00,NSE:KITEX,101.75,101.8,101.1,101.55,4621.0
2021-04-08 14:00:00,NSE:KITEX,101.55,102.0,101.05,101.7,8493.0
2021-04-08 15:00:00,NSE:KITEX,101.5,102.2,101.1,102.2,4848.0
2021-04-09 09:00:00,NSE:KITEX,101.55,102.2,100.4,101.35,10241.0
2021-04-09 10:00:00,NSE:KITEX,101.4,101.6,101.0,101.3,4460.0
2021-04-09 11:00:00,NSE:KITEX,101.25,101.25,100.8,101.2,3878.0
2021-04-09 12:00:00,NSE:KITEX,101.3,101.6,101.3,101.3,1722.0
2021-04-09 13:00:00,NSE:KITEX,101.3,101.75,101.1,101.75,3213.0
2021-04-09 14:00:00,NSE:KITEX,101.9,101.9,101.3,101.3,943.0
2021-04-09 15:00:00,NSE:KITEX,101.3,101.65,100.75,100.75,15240.0
2021-04-12 09:00:00,NSE:KITEX,100.0,100.35,97.3,98.95,24569.0
2021-04-12 10:00:00,NSE:KITEX,99.0,99.55,98.5,98.55,13702.0
2021-04-12 11:00:00,NSE:KITEX,98.8,98.85,98.0,98.0,17716.0
2021-04-12 12:00:00,NSE:KITEX,98.0,98.35,98.0,98.15,8635.0
2021-04-12 13:00:00,NSE:KITEX,98.15,99.0,98.1,98.1,10656.0
2021-04-12 14:00:00,NSE:KITEX,98.45,98.55,98.0,98.25,13414.0
2021-04-12 15:00:00,NSE:KITEX,98.7,98.75,91.15,94.0,51936.0
2021-04-13 09:00:00,NSE:KITEX,96.45,99.45,96.45,98.9,9818.0
2021-04-13 10:00:00,NSE:KITEX,98.85,99.15,97.95,98.1,6438.0
2021-04-13 11:00:00,NSE:KITEX,98.15,98.15,96.85,97.0,4033.0
2021-04-13 12:00:00,NSE:KITEX,96.8,98.0,96.8,97.9,2071.0
2021-04-13 13:00:00,NSE:KITEX,97.95,97.95,97.0,97.05,2968.0
2021-04-13 14:00:00,NSE:KITEX,97.4,98.85,97.2,98.65,9389.0
2021-04-13 15:00:00,NSE:KITEX,98.55,98.55,97.9,98.4,6599.0
2021-04-15 09:00:00,NSE:KITEX,96.05,97.7,96.05,96.75,42186.0
2021-04-15 10:00:00,NSE:KITEX,96.8,97.0,96.5,96.8,9708.0
2021-04-15 11:00:00,NSE:KITEX,96.75,96.9,96.5,96.9,8896.0
2021-04-15 12:00:00,NSE:KITEX,96.95,96.95,96.7,96.85,2899.0
2021-04-15 13:00:00,NSE:KITEX,96.75,97.8,96.75,97.25,11084.0
2021-04-15 14:00:00,NSE:KITEX,97.55,97.65,97.0,97.1,5490.0
2021-04-15 15:00:00,NSE:KITEX,97.25,97.45,97.0,97.2,6690.0
2021-04-16 09:00:00,NSE:KITEX,98.0,99.0,98.0,99.0,7072.0
2021-04-16 10:00:00,NSE:KITEX,99.0,99.0,98.55,99.0,5033.0
2021-04-16 11:00:00,NSE:KITEX,99.0,99.0,98.4,98.65,11777.0
2021-04-16 12:00:00,NSE:KITEX,98.65,98.8,98.4,98.65,6751.0
2021-04-16 13:00:00,NSE:KITEX,98.7,99.9,98.65,99.55,13067.0
2021-04-16 14:00:00,NSE:KITEX,99.5,99.5,99.0,99.05,6486.0
2021-04-16 15:00:00,NSE:KITEX,99.0,99.25,98.25,99.05,13363.0
2021-04-19 09:00:00,NSE:KITEX,98.4,98.4,91.95,95.85,53158.0
2021-04-19 10:00:00,NSE:KITEX,95.8,96.3,95.5,96.05,8203.0
2021-04-19 11:00:00,NSE:KITEX,95.6,96.0,95.1,95.15,6498.0
2021-04-19 12:00:00,NSE:KITEX,95.1,95.45,94.5,94.9,7713.0
2021-04-19 13:00:00,NSE:KITEX,94.95,95.5,94.7,94.8,5178.0
2021-04-19 14:00:00,NSE:KITEX,95.35,95.35,94.8,95.0,3410.0
2021-04-19 15:00:00,NSE:KITEX,94.95,95.0,94.5,94.9,12404.0
2021-04-20 09:00:00,NSE:KITEX,95.0,97.4,95.0,97.2,15258.0
2021-04-20 10:00:00,NSE:KITEX,97.45,97.5,97.0,97.1,3799.0
2021-04-20 11:00:00,NSE:KITEX,97.1,97.2,97.0,97.0,2837.0
2021-04-20 12:00:00,NSE:KITEX,97.0,97.25,97.0,97.0,3479.0
2021-04-20 13:00:00,NSE:KITEX,97.0,97.2,96.6,96.75,4067.0
2021-04-20 14:00:00,NSE:KITEX,96.65,97.05,96.2,96.2,3248.0
2021-04-20 15:00:00,NSE:KITEX,96.25,97.0,96.1,96.5,3499.0
2021-04-22 09:00:00,NSE:KITEX,96.5,96.9,95.55,96.1,7465.0
2021-04-22 10:00:00,NSE:KITEX,96.3,97.05,96.25,96.5,4038.0
2021-04-22 11:00:00,NSE:KITEX,96.6,96.65,96.0,96.25,4101.0
2021-04-22 12:00:00,NSE:KITEX,96.4,97.3,96.25,96.8,12835.0
2021-04-22 13:00:00,NSE:KITEX,96.65,96.7,96.0,96.5,1870.0
2021-04-22 14:00:00,NSE:KITEX,96.65,96.8,96.0,96.4,11552.0
2021-04-22 15:00:00,NSE:KITEX,96.6,96.65,96.05,96.35,2729.0
2021-04-23 09:00:00,NSE:KITEX,96.5,98.35,96.25,96.7,5167.0
2021-04-23 10:00:00,NSE:KITEX,96.7,97.5,96.4,97.0,10867.0
2021-04-23 11:00:00,NSE:KITEX,97.0,97.5,96.5,97.35,6670.0
2021-04-23 12:00:00,NSE:KITEX,97.2,97.5,97.0,97.25,6266.0
2021-04-23 13:00:00,NSE:KITEX,97.4,97.7,97.05,97.05,5754.0
2021-04-23 14:00:00,NSE:KITEX,97.1,97.35,97.0,97.05,9863.0
2021-04-23 15:00:00,NSE:KITEX,97.05,97.3,96.5,97.3,7568.0
2021-04-26 09:00:00,NSE:KITEX,99.85,99.85,96.8,96.8,3644.0
2021-04-26 10:00:00,NSE:KITEX,96.85,97.55,96.75,97.5,7098.0
2021-04-26 11:00:00,NSE:KITEX,97.45,97.85,97.2,97.85,3135.0
2021-04-26 12:00:00,NSE:KITEX,97.85,97.95,97.2,97.2,4671.0
2021-04-26 13:00:00,NSE:KITEX,97.5,97.5,96.5,97.0,13171.0
2021-04-26 14:00:00,NSE:KITEX,97.0,97.2,96.75,97.0,2051.0
2021-04-26 15:00:00,NSE:KITEX,96.8,97.5,96.75,97.05,10422.0
2021-04-27 09:00:00,NSE:KITEX,98.8,99.35,96.5,98.3,7615.0
2021-04-27 10:00:00,NSE:KITEX,97.95,98.35,97.8,97.9,3985.0
2021-04-27 11:00:00,NSE:KITEX,97.85,98.0,97.5,97.6,1621.0
2021-04-27 12:00:00,NSE:KITEX,97.85,97.95,97.55,97.9,612.0
2021-04-27 13:00:00,NSE:KITEX,97.65,98.0,97.6,97.85,2236.0
2021-04-27 14:00:00,NSE:KITEX,97.85,97.9,97.0,97.3,5317.0
2021-04-27 15:00:00,NSE:KITEX,97.4,97.55,97.0,97.25,3998.0
2021-04-28 09:00:00,NSE:KITEX,97.25,98.05,97.15,97.5,10110.0
2021-04-28 10:00:00,NSE:KITEX,97.5,97.8,97.2,97.6,7250.0
2021-04-28 11:00:00,NSE:KITEX,97.55,98.25,97.3,98.05,14216.0
2021-04-28 12:00:00,NSE:KITEX,97.9,98.45,97.65,97.65,6851.0
2021-04-28 13:00:00,NSE:KITEX,97.65,97.75,97.15,97.45,4317.0
2021-04-28 14:00:00,NSE:KITEX,97.5,97.85,97.15,97.7,9148.0
2021-04-28 15:00:00,NSE:KITEX,97.65,97.7,97.2,97.7,7084.0
2021-04-29 09:00:00,NSE:KITEX,98.4,98.5,97.25,97.55,4891.0
2021-04-29 10:00:00,NSE:KITEX,97.65,97.95,97.0,97.6,5225.0
2021-04-29 11:00:00,NSE:KITEX,97.5,97.75,97.45,97.75,1810.0
2021-04-29 12:00:00,NSE:KITEX,97.75,97.8,97.5,97.8,2322.0
2021-04-29 13:00:00,NSE:KITEX,97.8,98.1,97.5,97.85,3678.0
2021-04-29 14:00:00,NSE:KITEX,97.8,97.95,97.4,97.55,3491.0
2021-04-29 15:00:00,NSE:KITEX,97.5,97.8,97.5,97.65,3935.0
2021-04-30 09:00:00,NSE:KITEX,98.5,98.5,96.6,97.8,9257.0
2021-04-30 10:00:00,NSE:KITEX,97.5,98.25,97.4,97.55,5685.0
2021-04-30 11:00:00,NSE:KITEX,97.5,97.95,97.25,97.5,3611.0
2021-04-30 12:00:00,NSE:KITEX,97.5,98.15,97.5,98.1,2718.0
2021-04-30 13:00:00,NSE:KITEX,97.85,98.2,97.5,97.75,5083.0
2021-04-30 14:00:00,NSE:KITEX,97.7,98.2,97.65,97.65,2455.0
2021-04-30 15:00:00,NSE:KITEX,97.95,98.2,97.65,98.05,9141.0
2021-05-03 09:00:00,NSE:KITEX,95.55,97.4,95.55,97.2,11175.0
2021-05-03 10:00:00,NSE:KITEX,97.2,97.5,96.75,97.0,11448.0
2021-05-03 11:00:00,NSE:KITEX,97.0,97.2,96.45,96.95,6907.0
2021-05-03 12:00:00,NSE:KITEX,96.95,97.3,96.65,97.15,8324.0
2021-05-03 13:00:00,NSE:KITEX,97.3,97.3,96.95,96.95,1586.0
2021-05-03 14:00:00,NSE:KITEX,96.95,97.3,96.65,97.15,2364.0
2021-05-03 15:00:00,NSE:KITEX,97.15,97.45,96.5,97.0,10007.0
2021-05-04 09:00:00,NSE:KITEX,98.7,98.7,96.75,97.2,23698.0
2021-05-04 10:00:00,NSE:KITEX,97.2,98.25,97.0,97.65,19621.0
2021-05-04 11:00:00,NSE:KITEX,97.5,98.7,97.5,98.3,15528.0
2021-05-04 12:00:00,NSE:KITEX,98.2,98.5,98.0,98.35,1895.0
2021-05-04 13:00:00,NSE:KITEX,98.0,98.2,97.0,97.5,6985.0
2021-05-04 14:00:00,NSE:KITEX,97.5,97.85,96.8,96.8,11240.0
2021-05-04 15:00:00,NSE:KITEX,97.2,97.5,96.6,97.5,11300.0
2021-05-05 09:00:00,NSE:KITEX,97.1,98.35,97.1,97.7,10677.0
2021-05-05 10:00:00,NSE:KITEX,97.85,97.85,97.05,97.05,3148.0
2021-05-05 11:00:00,NSE:KITEX,97.45,97.5,96.8,96.9,4128.0
2021-05-05 12:00:00,NSE:KITEX,96.95,97.5,96.85,97.25,6607.0
2021-05-05 13:00:00,NSE:KITEX,97.25,97.5,96.9,97.4,6448.0
2021-05-05 14:00:00,NSE:KITEX,97.45,97.55,96.9,97.2,6620.0
2021-05-05 15:00:00,NSE:KITEX,97.2,97.35,96.95,97.0,7248.0
2021-05-06 09:00:00,NSE:KITEX,97.45,98.75,96.9,98.35,20931.0
2021-05-06 10:00:00,NSE:KITEX,98.35,98.65,97.8,98.3,16382.0
2021-05-06 11:00:00,NSE:KITEX,98.5,98.6,97.5,97.5,14370.0
2021-05-06 12:00:00,NSE:KITEX,97.5,98.05,97.15,97.4,18182.0
2021-05-06 13:00:00,NSE:KITEX,97.4,98.45,97.25,98.45,11919.0
2021-05-06 14:00:00,NSE:KITEX,98.15,98.45,97.5,97.5,12043.0
2021-05-06 15:00:00,NSE:KITEX,97.5,97.75,97.0,97.2,21688.0
2021-05-07 09:00:00,NSE:KITEX,98.0,98.5,97.65,97.9,8194.0
2021-05-07 10:00:00,NSE:KITEX,97.9,97.9,97.65,97.8,6343.0
2021-05-07 11:00:00,NSE:KITEX,97.8,97.95,97.55,97.85,5337.0
2021-05-07 12:00:00,NSE:KITEX,97.75,98.25,97.7,97.7,4758.0
2021-05-07 13:00:00,NSE:KITEX,97.95,98.0,97.55,97.75,3978.0
2021-05-07 14:00:00,NSE:KITEX,97.75,98.2,97.55,97.75,12610.0
2021-05-07 15:00:00,NSE:KITEX,97.8,97.85,97.2,97.8,9301.0
2021-05-10 09:00:00,NSE:KITEX,99.0,102.0,98.05,100.5,56392.0
2021-05-10 10:00:00,NSE:KITEX,100.75,101.2,100.55,100.8,25420.0
2021-05-10 11:00:00,NSE:KITEX,100.85,102.9,100.85,102.0,61888.0
2021-05-10 12:00:00,NSE:KITEX,101.9,103.0,101.05,101.75,31017.0
2021-05-10 13:00:00,NSE:KITEX,101.5,102.45,101.3,102.0,11645.0
2021-05-10 14:00:00,NSE:KITEX,102.2,102.35,101.55,101.65,9406.0
2021-05-10 15:00:00,NSE:KITEX,101.85,102.4,101.1,101.65,17753.0
2021-05-11 09:00:00,NSE:KITEX,101.5,102.0,100.35,101.55,16107.0
2021-05-11 10:00:00,NSE:KITEX,101.5,101.75,100.6,101.7,12368.0
2021-05-11 11:00:00,NSE:KITEX,101.5,103.25,101.3,103.05,30920.0
2021-05-11 12:00:00,NSE:KITEX,103.0,106.0,103.0,105.35,108650.0
2021-05-11 13:00:00,NSE:KITEX,105.35,105.45,103.5,103.5,21783.0
2021-05-11 14:00:00,NSE:KITEX,103.85,104.35,101.9,104.0,18721.0
2021-05-11 15:00:00,NSE:KITEX,104.0,104.15,102.8,103.4,15132.0
2021-05-12 09:00:00,NSE:KITEX,104.0,105.0,103.3,104.65,21438.0
2021-05-12 10:00:00,NSE:KITEX,104.65,105.5,103.55,104.75,26367.0
2021-05-12 11:00:00,NSE:KITEX,104.75,104.95,103.7,104.0,9908.0
2021-05-12 12:00:00,NSE:KITEX,104.15,104.35,103.5,104.1,18519.0
2021-05-12 13:00:00,NSE:KITEX,104.0,104.35,103.7,103.7,9328.0
2021-05-12 14:00:00,NSE:KITEX,103.55,104.5,101.5,101.75,39470.0
2021-05-12 15:00:00,NSE:KITEX,101.8,103.35,101.5,102.1,17131.0
2021-05-14 09:00:00,NSE:KITEX,102.15,103.35,101.9,102.9,14152.0
2021-05-14 10:00:00,NSE:KITEX,102.9,103.9,99.95,101.0,34159.0
2021-05-14 11:00:00,NSE:KITEX,101.2,101.2,99.6,100.0,20798.0
2021-05-14 12:00:00,NSE:KITEX,99.9,100.5,99.15,99.95,12934.0
2021-05-14 13:00:00,NSE:KITEX,99.7,100.3,99.65,100.05,8116.0
2021-05-14 14:00:00,NSE:KITEX,100.1,100.65,99.6,100.2,7514.0
2021-05-14 15:00:00,NSE:KITEX,100.15,100.35,99.5,99.95,13374.0
2021-05-17 09:00:00,NSE:KITEX,99.95,100.8,99.95,100.05,12704.0
2021-05-17 10:00:00,NSE:KITEX,100.3,100.55,100.0,100.1,3519.0
2021-05-17 11:00:00,NSE:KITEX,100.05,104.9,100.0,102.65,39799.0
2021-05-17 12:00:00,NSE:KITEX,102.45,103.0,102.0,102.25,10380.0
2021-05-17 13:00:00,NSE:KITEX,102.1,102.25,101.1,101.1,16348.0
2021-05-17 14:00:00,NSE:KITEX,101.6,102.3,101.6,101.95,6425.0
2021-05-17 15:00:00,NSE:KITEX,102.0,102.5,101.45,102.4,13126.0
2021-05-18 09:00:00,NSE:KITEX,101.5,102.75,101.25,101.8,11699.0
2021-05-18 10:00:00,NSE:KITEX,101.95,102.5,101.85,102.0,16579.0
2021-05-18 11:00:00,NSE:KITEX,102.25,102.35,101.9,102.0,4661.0
2021-05-18 12:00:00,NSE:KITEX,101.8,102.45,101.8,102.25,8447.0
2021-05-18 13:00:00,NSE:KITEX,102.2,102.4,102.0,102.35,2206.0
2021-05-18 14:00:00,NSE:KITEX,102.3,102.3,101.8,102.0,8225.0
2021-05-18 15:00:00,NSE:KITEX,102.0,102.0,101.6,101.6,7656.0
2021-05-19 09:00:00,NSE:KITEX,101.0,102.7,101.0,101.8,6551.0
2021-05-19 10:00:00,NSE:KITEX,101.55,104.15,101.55,103.5,32351.0
2021-05-19 11:00:00,NSE:KITEX,103.5,104.1,102.0,102.0,31910.0
2021-05-19 12:00:00,NSE:KITEX,102.2,103.65,102.2,103.25,8772.0
2021-05-19 13:00:00,NSE:KITEX,103.25,104.5,103.0,103.55,38529.0
2021-05-19 14:00:00,NSE:KITEX,103.5,107.0,103.2,106.0,146704.0
2021-05-19 15:00:00,NSE:KITEX,106.0,106.5,105.65,106.15,59715.0
2021-05-20 09:00:00,NSE:KITEX,108.15,109.0,105.0,106.5,61714.0
2021-05-20 10:00:00,NSE:KITEX,106.5,112.0,106.4,111.25,258657.0
2021-05-20 11:00:00,NSE:KITEX,111.05,111.6,108.75,109.6,83835.0
2021-05-20 12:00:00,NSE:KITEX,109.85,110.95,108.9,110.75,67512.0
2021-05-20 13:00:00,NSE:KITEX,110.75,113.65,109.45,113.35,217165.0
2021-05-20 14:00:00,NSE:KITEX,113.0,115.65,111.8,112.45,581385.0
2021-05-20 15:00:00,NSE:KITEX,112.75,113.5,112.4,112.85,105908.0
2021-05-21 09:00:00,NSE:KITEX,114.0,115.75,113.15,114.05,145211.0
2021-05-21 10:00:00,NSE:KITEX,114.2,114.9,114.0,114.65,47799.0
2021-05-21 11:00:00,NSE:KITEX,114.7,114.8,113.35,113.55,54778.0
2021-05-21 12:00:00,NSE:KITEX,113.65,113.65,112.4,113.0,29598.0
2021-05-21 13:00:00,NSE:KITEX,113.15,114.1,112.65,113.9,24413.0
2021-05-21 14:00:00,NSE:KITEX,114.05,115.45,113.35,113.55,89620.0
2021-05-21 15:00:00,NSE:KITEX,113.65,114.0,112.8,112.95,66611.0
2021-05-24 09:00:00,NSE:KITEX,114.0,115.2,113.1,114.8,96628.0
2021-05-24 10:00:00,NSE:KITEX,114.5,114.8,113.4,114.7,69789.0
2021-05-24 11:00:00,NSE:KITEX,114.55,117.3,114.05,115.45,209688.0
2021-05-24 12:00:00,NSE:KITEX,115.45,116.0,114.05,114.65,45787.0
2021-05-24 13:00:00,NSE:KITEX,114.65,116.0,114.2,115.9,39040.0
2021-05-24 14:00:00,NSE:KITEX,115.9,115.95,114.3,114.45,39486.0
2021-05-24 15:00:00,NSE:KITEX,114.65,115.0,113.65,114.15,48681.0
2021-05-25 09:00:00,NSE:KITEX,115.0,116.15,111.85,113.45,91750.0
2021-05-25 10:00:00,NSE:KITEX,113.7,113.7,112.05,113.15,30110.0
2021-05-25 11:00:00,NSE:KITEX,112.95,113.2,111.9,112.3,20333.0
2021-05-25 12:00:00,NSE:KITEX,112.1,112.9,111.65,112.65,14375.0
2021-05-25 13:00:00,NSE:KITEX,112.65,112.7,110.55,110.6,38398.0
2021-05-25 14:00:00,NSE:KITEX,111.0,112.25,110.5,111.7,38033.0
2021-05-25 15:00:00,NSE:KITEX,111.45,111.8,111.0,111.2,26895.0
2021-05-26 09:00:00,NSE:KITEX,111.1,114.8,109.95,114.6,80673.0
2021-05-26 10:00:00,NSE:KITEX,114.5,117.8,112.5,116.6,340202.0
2021-05-26 11:00:00,NSE:KITEX,116.7,117.65,115.35,115.35,119194.0
2021-05-26 12:00:00,NSE:KITEX,115.35,116.9,115.35,115.5,54967.0
2021-05-26 13:00:00,NSE:KITEX,115.4,116.8,115.1,115.7,43368.0
2021-05-26 14:00:00,NSE:KITEX,115.65,116.95,114.6,116.5,127125.0
2021-05-26 15:00:00,NSE:KITEX,116.5,117.0,114.4,115.25,128574.0
2021-05-27 09:00:00,NSE:KITEX,116.0,116.65,114.0,114.5,46864.0
2021-05-27 10:00:00,NSE:KITEX,114.65,117.8,114.4,117.55,123583.0
2021-05-27 11:00:00,NSE:KITEX,117.75,118.7,116.45,116.5,103193.0
2021-05-27 12:00:00,NSE:KITEX,116.45,117.55,115.75,116.6,34995.0
2021-05-27 13:00:00,NSE:KITEX,116.85,117.6,116.35,116.65,21047.0
2021-05-27 14:00:00,NSE:KITEX,116.65,116.85,115.2,115.8,36487.0
2021-05-27 15:00:00,NSE:KITEX,115.75,116.1,115.25,116.0,20888.0
2021-05-28 09:00:00,NSE:KITEX,115.65,117.2,115.65,115.95,32901.0
2021-05-28 10:00:00,NSE:KITEX,115.9,116.0,114.0,114.65,40275.0
2021-05-28 11:00:00,NSE:KITEX,114.45,114.45,113.25,113.8,40109.0
2021-05-28 12:00:00,NSE:KITEX,113.6,116.6,113.6,115.65,61169.0
2021-05-28 13:00:00,NSE:KITEX,115.7,115.75,114.2,115.0,22451.0
2021-05-28 14:00:00,NSE:KITEX,115.0,115.15,113.75,114.15,24526.0
2021-05-28 15:00:00,NSE:KITEX,114.25,114.4,113.7,114.0,24052.0
2021-05-31 09:00:00,NSE:KITEX,114.0,115.5,113.45,115.05,35400.0
2021-05-31 10:00:00,NSE:KITEX,115.3,115.3,114.5,114.65,14728.0
2021-05-31 11:00:00,NSE:KITEX,114.65,115.0,113.6,114.35,10949.0
2021-05-31 12:00:00,NSE:KITEX,114.15,114.45,113.95,114.25,3328.0
2021-05-31 13:00:00,NSE:KITEX,114.2,114.45,111.15,112.95,34766.0
2021-05-31 14:00:00,NSE:KITEX,112.7,113.45,112.65,112.8,13240.0
2021-05-31 15:00:00,NSE:KITEX,112.75,113.0,112.2,112.5,18270.0
2021-06-01 09:00:00,NSE:KITEX,113.5,114.45,112.55,113.3,25047.0
2021-06-01 10:00:00,NSE:KITEX,113.1,113.4,111.0,111.65,53237.0
2021-06-01 11:00:00,NSE:KITEX,111.5,113.0,110.0,110.95,51558.0
2021-06-01 12:00:00,NSE:KITEX,111.0,111.0,108.9,110.5,57944.0
2021-06-01 13:00:00,NSE:KITEX,110.5,110.8,110.2,110.5,8392.0
2021-06-01 14:00:00,NSE:KITEX,110.45,110.45,109.45,109.9,15463.0
2021-06-01 15:00:00,NSE:KITEX,109.7,110.3,109.1,109.5,22716.0
2021-06-02 09:00:00,NSE:KITEX,110.0,114.7,109.5,111.6,60389.0
2021-06-02 10:00:00,NSE:KITEX,111.75,112.8,111.15,111.4,26124.0
2021-06-02 11:00:00,NSE:KITEX,111.7,116.25,111.65,115.25,112350.0
2021-06-02 12:00:00,NSE:KITEX,115.4,115.4,112.35,113.8,67303.0
2021-06-02 13:00:00,NSE:KITEX,113.55,113.95,112.85,113.1,25247.0
2021-06-02 14:00:00,NSE:KITEX,113.3,115.75,113.0,114.15,83557.0
2021-06-02 15:00:00,NSE:KITEX,114.1,114.4,113.25,113.75,43304.0
2021-06-03 09:00:00,NSE:KITEX,114.7,115.65,113.85,114.15,47089.0
2021-06-03 10:00:00,NSE:KITEX,114.15,115.0,113.8,114.0,30275.0
2021-06-03 11:00:00,NSE:KITEX,113.7,115.4,113.7,114.5,27766.0
2021-06-03 12:00:00,NSE:KITEX,114.3,114.55,113.75,114.5,18814.0
2021-06-03 13:00:00,NSE:KITEX,114.75,114.75,113.65,113.65,13359.0
2021-06-03 14:00:00,NSE:KITEX,113.6,114.8,113.5,114.75,32135.0
2021-06-03 15:00:00,NSE:KITEX,114.7,114.75,113.7,114.0,24991.0
2021-06-04 09:00:00,NSE:KITEX,114.35,114.85,113.6,113.95,38282.0
2021-06-04 10:00:00,NSE:KITEX,113.95,114.0,113.5,113.8,27385.0
2021-06-04 11:00:00,NSE:KITEX,113.55,113.8,112.8,113.3,20838.0
2021-06-04 12:00:00,NSE:KITEX,113.0,114.35,112.85,113.5,23794.0
2021-06-04 13:00:00,NSE:KITEX,113.45,113.75,112.65,113.0,35384.0
2021-06-04 14:00:00,NSE:KITEX,112.85,113.95,112.8,113.95,16894.0
2021-06-04 15:00:00,NSE:KITEX,113.9,114.65,112.5,113.6,44870.0
2021-06-07 09:00:00,NSE:KITEX,114.0,114.65,112.6,113.75,32093.0
2021-06-07 10:00:00,NSE:KITEX,113.95,114.15,113.6,113.75,19466.0
2021-06-07 11:00:00,NSE:KITEX,113.9,114.3,113.5,114.0,19058.0
2021-06-07 12:00:00,NSE:KITEX,114.0,114.3,113.5,113.9,20096.0
2021-06-07 13:00:00,NSE:KITEX,113.9,114.15,113.7,114.0,9036.0
2021-06-07 14:00:00,NSE:KITEX,114.0,115.9,113.9,114.15,51490.0
2021-06-07 15:00:00,NSE:KITEX,114.3,114.5,113.6,113.95,24503.0
2021-06-08 09:00:00,NSE:KITEX,114.75,116.2,114.3,114.35,112487.0
2021-06-08 10:00:00,NSE:KITEX,114.55,123.7,114.3,122.05,921377.0
2021-06-08 11:00:00,NSE:KITEX,122.25,129.7,120.85,128.65,1567113.0
2021-06-08 12:00:00,NSE:KITEX,128.65,133.9,128.55,129.15,1291242.0
2021-06-08 13:00:00,NSE:KITEX,129.0,132.7,128.55,131.0,379600.0
2021-06-08 14:00:00,NSE:KITEX,131.0,131.75,126.2,127.3,354853.0
2021-06-08 15:00:00,NSE:KITEX,127.5,127.95,125.4,126.65,307182.0
2021-06-09 09:00:00,NSE:KITEX,128.45,135.0,128.0,132.0,870445.0
2021-06-09 10:00:00,NSE:KITEX,132.05,132.7,129.35,129.9,259453.0
2021-06-09 11:00:00,NSE:KITEX,130.0,130.65,128.5,129.35,128404.0
2021-06-09 12:00:00,NSE:KITEX,129.45,131.3,128.9,129.8,115603.0
2021-06-09 13:00:00,NSE:KITEX,129.8,130.1,124.2,126.9,287627.0
2021-06-09 14:00:00,NSE:KITEX,126.75,128.7,124.5,126.1,95395.0
2021-06-09 15:00:00,NSE:KITEX,125.85,126.65,124.0,125.5,124147.0
2021-06-10 09:00:00,NSE:KITEX,126.7,134.0,126.3,129.6,204499.0
2021-06-10 10:00:00,NSE:KITEX,129.7,130.8,129.3,129.3,91992.0
2021-06-10 11:00:00,NSE:KITEX,129.25,130.0,128.8,129.65,40903.0
2021-06-10 12:00:00,NSE:KITEX,129.45,130.0,128.8,128.9,32589.0
2021-06-10 13:00:00,NSE:KITEX,128.9,129.75,128.5,129.55,21734.0
2021-06-10 14:00:00,NSE:KITEX,129.5,129.85,128.9,129.25,31150.0
2021-06-10 15:00:00,NSE:KITEX,129.25,130.0,128.5,129.95,73365.0
2021-06-11 09:00:00,NSE:KITEX,130.1,131.4,128.6,129.0,85138.0
2021-06-11 10:00:00,NSE:KITEX,129.0,131.0,128.4,129.95,69680.0
2021-06-11 11:00:00,NSE:KITEX,129.65,130.05,128.15,128.8,40817.0
2021-06-11 12:00:00,NSE:KITEX,128.5,128.65,127.5,127.65,34240.0
2021-06-11 13:00:00,NSE:KITEX,127.55,128.25,127.45,128.1,13052.0
2021-06-11 14:00:00,NSE:KITEX,128.15,128.65,126.8,127.25,29851.0
2021-06-11 15:00:00,NSE:KITEX,127.05,128.0,125.1,126.9,46139.0
2021-06-14 09:00:00,NSE:KITEX,128.0,128.35,119.65,123.6,129226.0
2021-06-14 10:00:00,NSE:KITEX,123.6,124.15,122.85,123.75,38680.0
2021-06-14 11:00:00,NSE:KITEX,123.9,125.6,123.6,125.05,35775.0
2021-06-14 12:00:00,NSE:KITEX,125.2,125.95,125.05,125.6,15139.0
2021-06-14 13:00:00,NSE:KITEX,125.65,126.0,125.25,125.4,15791.0
2021-06-14 14:00:00,NSE:KITEX,125.3,125.95,124.75,124.85,21383.0
2021-06-14 15:00:00,NSE:KITEX,124.85,125.25,123.95,125.0,41627.0
2021-06-15 09:00:00,NSE:KITEX,124.6,127.55,124.6,126.9,60081.0
2021-06-15 10:00:00,NSE:KITEX,126.9,128.1,126.4,127.5,44133.0
2021-06-15 11:00:00,NSE:KITEX,127.45,129.7,127.45,128.0,96979.0
2021-06-15 12:00:00,NSE:KITEX,128.0,129.0,126.75,128.05,48573.0
2021-06-15 13:00:00,NSE:KITEX,128.0,129.4,127.1,127.45,28607.0
2021-06-15 14:00:00,NSE:KITEX,127.35,127.5,126.55,126.85,27778.0
2021-06-15 15:00:00,NSE:KITEX,126.95,127.35,126.65,127.0,36387.0
2021-06-16 09:00:00,NSE:KITEX,127.4,127.4,124.45,124.9,60194.0
2021-06-16 10:00:00,NSE:KITEX,124.85,125.4,123.55,124.1,36588.0
2021-06-16 11:00:00,NSE:KITEX,123.85,124.9,122.4,123.9,39228.0
2021-06-16 12:00:00,NSE:KITEX,124.1,124.75,123.5,123.65,13318.0
2021-06-16 13:00:00,NSE:KITEX,123.65,124.45,123.55,124.0,7487.0
2021-06-16 14:00:00,NSE:KITEX,123.95,124.8,123.55,124.2,24164.0
2021-06-16 15:00:00,NSE:KITEX,124.0,124.15,121.45,122.95,62660.0
2021-06-17 09:00:00,NSE:KITEX,121.5,124.95,121.45,124.05,60485.0
2021-06-17 10:00:00,NSE:KITEX,123.85,125.55,123.6,123.85,30049.0
2021-06-17 11:00:00,NSE:KITEX,123.8,124.25,123.25,123.8,20935.0
2021-06-17 12:00:00,NSE:KITEX,123.75,124.1,121.65,122.55,25161.0
2021-06-17 13:00:00,NSE:KITEX,122.7,124.3,122.7,123.6,17932.0
2021-06-17 14:00:00,NSE:KITEX,123.85,123.9,121.7,121.7,58527.0
2021-06-17 15:00:00,NSE:KITEX,121.35,123.0,120.8,121.7,52751.0
2021-06-18 09:00:00,NSE:KITEX,122.95,123.9,118.8,118.9,53396.0
2021-06-18 10:00:00,NSE:KITEX,118.6,120.2,112.8,113.1,135030.0
2021-06-18 11:00:00,NSE:KITEX,112.85,118.3,112.85,118.0,59783.0
2021-06-18 12:00:00,NSE:KITEX,118.0,119.35,117.8,118.75,24914.0
2021-06-18 13:00:00,NSE:KITEX,118.85,119.0,117.25,118.45,32703.0
2021-06-18 14:00:00,NSE:KITEX,118.45,119.0,118.4,118.95,7902.0
2021-06-18 15:00:00,NSE:KITEX,118.65,119.0,117.45,118.1,38058.0
2021-06-21 09:00:00,NSE:KITEX,115.9,120.0,115.65,119.1,42432.0
2021-06-21 10:00:00,NSE:KITEX,119.1,122.55,119.0,120.15,48506.0
2021-06-21 11:00:00,NSE:KITEX,119.95,120.7,118.0,119.8,31336.0
2021-06-21 12:00:00,NSE:KITEX,119.85,120.0,119.0,119.35,13967.0
2021-06-21 13:00:00,NSE:KITEX,119.3,119.85,119.3,119.4,6407.0
2021-06-21 14:00:00,NSE:KITEX,119.5,120.0,119.4,119.75,17816.0
2021-06-21 15:00:00,NSE:KITEX,119.55,120.15,119.0,119.45,25246.0
2021-06-22 09:00:00,NSE:KITEX,120.65,123.75,120.6,122.7,50272.0
2021-06-22 10:00:00,NSE:KITEX,122.5,123.4,122.1,123.05,23739.0
2021-06-22 11:00:00,NSE:KITEX,123.3,124.0,121.5,121.9,36129.0
2021-06-22 12:00:00,NSE:KITEX,121.9,122.2,121.55,121.85,7946.0
2021-06-22 13:00:00,NSE:KITEX,121.7,122.75,121.55,122.5,9508.0
2021-06-22 14:00:00,NSE:KITEX,122.5,122.5,120.65,120.65,22594.0
2021-06-22 15:00:00,NSE:KITEX,121.05,121.7,120.05,120.6,20213.0
2021-06-23 09:00:00,NSE:KITEX,122.8,123.5,121.6,121.6,36773.0
2021-06-23 10:00:00,NSE:KITEX,121.6,122.9,121.6,122.25,15460.0
2021-06-23 11:00:00,NSE:KITEX,122.25,122.6,122.05,122.05,12455.0
2021-06-23 12:00:00,NSE:KITEX,122.05,122.4,121.7,121.95,8420.0
2021-06-23 13:00:00,NSE:KITEX,122.0,122.85,121.85,122.55,16865.0
2021-06-23 14:00:00,NSE:KITEX,122.8,126.5,122.6,123.8,154396.0
2021-06-23 15:00:00,NSE:KITEX,124.25,125.6,123.0,124.5,88611.0
2021-06-24 09:00:00,NSE:KITEX,125.0,125.9,122.4,122.5,49832.0
2021-06-24 10:00:00,NSE:KITEX,122.75,123.0,122.1,122.35,14687.0
2021-06-24 11:00:00,NSE:KITEX,122.2,122.75,121.8,122.65,15362.0
2021-06-24 12:00:00,NSE:KITEX,122.7,123.45,122.5,123.0,9008.0
2021-06-24 13:00:00,NSE:KITEX,123.0,123.2,122.35,122.55,9736.0
2021-06-24 14:00:00,NSE:KITEX,122.7,122.8,121.55,122.05,16561.0
2021-06-24 15:00:00,NSE:KITEX,121.75,122.15,120.4,120.8,32097.0
2021-06-25 09:00:00,NSE:KITEX,120.9,122.5,120.65,121.05,31247.0
2021-06-25 10:00:00,NSE:KITEX,121.25,121.4,119.5,120.6,37601.0
2021-06-25 11:00:00,NSE:KITEX,120.55,121.15,120.2,121.0,15063.0
2021-06-25 12:00:00,NSE:KITEX,120.7,120.8,120.1,120.5,8287.0
2021-06-25 13:00:00,NSE:KITEX,120.3,120.7,119.95,120.0,8166.0
2021-06-25 14:00:00,NSE:KITEX,119.95,120.8,119.6,119.9,15476.0
2021-06-25 15:00:00,NSE:KITEX,119.85,120.45,119.5,119.85,30177.0
2021-06-28 09:00:00,NSE:KITEX,121.35,121.95,120.1,121.55,22087.0
2021-06-28 10:00:00,NSE:KITEX,121.55,124.55,121.55,122.7,52745.0
2021-06-28 11:00:00,NSE:KITEX,122.8,126.5,121.7,125.0,85586.0
2021-06-28 12:00:00,NSE:KITEX,125.0,125.15,123.75,123.75,33988.0
2021-06-28 13:00:00,NSE:KITEX,123.7,124.4,122.95,123.55,28782.0
2021-06-28 14:00:00,NSE:KITEX,123.55,123.7,123.0,123.25,17264.0
2021-06-28 15:00:00,NSE:KITEX,123.25,123.25,120.0,121.4,80490.0
2021-06-29 09:00:00,NSE:KITEX,122.35,123.9,122.35,123.0,45845.0
2021-06-29 10:00:00,NSE:KITEX,123.1,124.3,123.0,123.4,25137.0
2021-06-29 11:00:00,NSE:KITEX,123.15,125.35,123.15,124.25,59694.0
2021-06-29 12:00:00,NSE:KITEX,124.25,124.45,124.0,124.0,23686.0
2021-06-29 13:00:00,NSE:KITEX,123.95,124.15,122.7,123.7,19594.0
2021-06-29 14:00:00,NSE:KITEX,123.65,124.2,123.5,123.5,23961.0
2021-06-29 15:00:00,NSE:KITEX,123.7,124.85,123.65,124.1,46074.0
2021-06-30 09:00:00,NSE:KITEX,114.8,117.9,111.0,114.9,462007.0
2021-06-30 10:00:00,NSE:KITEX,114.6,115.0,114.0,114.6,84238.0
2021-06-30 11:00:00,NSE:KITEX,114.6,115.5,114.0,115.25,90365.0
2021-06-30 12:00:00,NSE:KITEX,115.4,118.25,114.95,116.35,203140.0
2021-06-30 13:00:00,NSE:KITEX,116.3,117.0,115.5,116.75,52986.0
2021-06-30 14:00:00,NSE:KITEX,116.75,116.8,115.0,115.2,42003.0
2021-06-30 15:00:00,NSE:KITEX,115.3,115.4,114.0,114.05,86849.0
2021-07-01 09:00:00,NSE:KITEX,115.0,116.3,114.6,115.9,66891.0
2021-07-01 10:00:00,NSE:KITEX,115.9,116.0,115.3,115.4,19558.0
2021-07-01 11:00:00,NSE:KITEX,115.2,115.3,114.3,114.7,30233.0
2021-07-01 12:00:00,NSE:KITEX,114.7,115.0,114.05,114.95,23048.0
2021-07-01 13:00:00,NSE:KITEX,115.0,115.0,114.55,114.75,11190.0
2021-07-01 14:00:00,NSE:KITEX,114.7,114.8,113.5,114.15,33103.0
2021-07-01 15:00:00,NSE:KITEX,114.2,114.45,112.9,113.85,48072.0
2021-07-02 09:00:00,NSE:KITEX,112.0,114.0,112.0,113.35,47210.0
2021-07-02 10:00:00,NSE:KITEX,113.4,113.65,112.7,113.05,19535.0
2021-07-02 11:00:00,NSE:KITEX,113.05,113.05,112.0,112.35,47169.0
2021-07-02 12:00:00,NSE:KITEX,112.35,113.2,112.35,112.9,15599.0
2021-07-02 13:00:00,NSE:KITEX,113.0,113.05,112.1,112.4,27588.0
2021-07-02 14:00:00,NSE:KITEX,112.5,112.5,112.15,112.4,9072.0
2021-07-02 15:00:00,NSE:KITEX,112.25,112.5,112.15,112.25,29234.0
2021-07-05 09:00:00,NSE:KITEX,112.55,114.5,112.25,113.05,91173.0
2021-07-05 10:00:00,NSE:KITEX,113.05,113.35,112.0,112.75,45253.0
2021-07-05 11:00:00,NSE:KITEX,112.65,113.8,112.6,113.4,25939.0
2021-07-05 12:00:00,NSE:KITEX,113.35,113.65,113.05,113.4,11475.0
2021-07-05 13:00:00,NSE:KITEX,113.25,113.65,113.2,113.6,12680.0
2021-07-05 14:00:00,NSE:KITEX,113.6,114.25,113.45,114.1,36910.0
2021-07-05 15:00:00,NSE:KITEX,114.0,114.1,112.5,112.5,40104.0
2021-07-06 09:00:00,NSE:KITEX,114.15,114.45,111.9,112.55,63272.0
2021-07-06 10:00:00,NSE:KITEX,112.55,112.9,111.95,112.8,43489.0
2021-07-06 11:00:00,NSE:KITEX,112.85,112.85,109.55,110.0,128381.0
2021-07-06 12:00:00,NSE:KITEX,110.0,111.8,109.95,111.55,66439.0
2021-07-06 13:00:00,NSE:KITEX,111.55,111.85,110.0,110.5,56766.0
2021-07-06 14:00:00,NSE:KITEX,110.4,110.65,108.7,109.1,114893.0
2021-07-06 15:00:00,NSE:KITEX,109.1,109.35,108.2,108.75,48271.0
2021-07-07 09:00:00,NSE:KITEX,109.9,110.7,109.1,110.2,51141.0
2021-07-07 10:00:00,NSE:KITEX,110.05,110.2,109.35,109.45,17652.0
2021-07-07 11:00:00,NSE:KITEX,109.45,110.2,109.0,109.95,23197.0
2021-07-07 12:00:00,NSE:KITEX,109.95,111.8,109.85,111.7,79541.0
2021-07-07 13:00:00,NSE:KITEX,111.5,111.6,110.65,111.2,34488.0
2021-07-07 14:00:00,NSE:KITEX,111.15,111.5,109.85,109.9,43151.0
2021-07-07 15:00:00,NSE:KITEX,110.05,111.1,109.6,110.2,37056.0
2021-07-08 09:00:00,NSE:KITEX,111.3,113.5,110.2,112.75,87889.0
2021-07-08 10:00:00,NSE:KITEX,112.95,118.8,112.75,117.0,335777.0
2021-07-08 11:00:00,NSE:KITEX,117.1,119.9,116.3,116.75,277624.0
2021-07-08 12:00:00,NSE:KITEX,116.8,117.85,116.1,116.6,97265.0
2021-07-08 13:00:00,NSE:KITEX,116.6,116.95,115.3,115.5,78928.0
2021-07-08 14:00:00,NSE:KITEX,115.55,119.5,115.4,118.35,274503.0
2021-07-08 15:00:00,NSE:KITEX,118.45,118.5,116.05,117.0,190051.0
2021-07-09 09:00:00,NSE:KITEX,117.75,122.25,116.5,122.25,330806.0
2021-07-09 10:00:00,NSE:KITEX,122.35,127.9,121.85,126.9,790096.0
2021-07-09 11:00:00,NSE:KITEX,126.9,135.9,126.9,131.8,2927702.0
2021-07-09 12:00:00,NSE:KITEX,132.3,133.85,131.25,133.55,644580.0
2021-07-09 13:00:00,NSE:KITEX,133.55,138.4,133.25,136.75,2129762.0
2021-07-09 14:00:00,NSE:KITEX,136.55,140.85,136.55,139.35,3026682.0
2021-07-09 15:00:00,NSE:KITEX,139.2,140.85,139.2,140.55,1037906.0
2021-07-12 09:00:00,NSE:KITEX,150.0,164.95,148.0,163.5,5488396.0
2021-07-12 10:00:00,NSE:KITEX,163.45,167.0,163.0,166.2,2939757.0
2021-07-12 11:00:00,NSE:KITEX,166.2,168.65,165.4,168.65,2447748.0
2021-07-12 12:00:00,NSE:KITEX,168.65,168.65,168.65,168.65,59014.0
2021-07-12 13:00:00,NSE:KITEX,168.65,168.65,166.4,168.65,939074.0
2021-07-12 14:00:00,NSE:KITEX,168.65,168.65,168.65,168.65,45949.0
2021-07-12 15:00:00,NSE:KITEX,168.65,168.65,168.65,168.65,127036.0
2021-07-13 09:00:00,NSE:KITEX,178.0,185.5,175.0,185.5,1536655.0
2021-07-13 10:00:00,NSE:KITEX,185.5,185.5,185.5,185.5,51957.0
2021-07-13 11:00:00,NSE:KITEX,185.5,185.5,185.5,185.5,32353.0
2021-07-13 12:00:00,NSE:KITEX,185.5,185.5,185.5,185.5,10750.0
2021-07-13 13:00:00,NSE:KITEX,185.5,185.5,185.5,185.5,110799.0
2021-07-13 14:00:00,NSE:KITEX,185.5,185.5,185.5,185.5,17706.0
2021-07-13 15:00:00,NSE:KITEX,185.5,185.5,185.5,185.5,119957.0
2021-07-14 09:00:00,NSE:KITEX,204.05,204.05,204.05,204.05,481854.0
2021-07-14 10:00:00,NSE:KITEX,204.05,204.05,204.05,204.05,36672.0
2021-07-14 11:00:00,NSE:KITEX,204.05,204.05,204.05,204.05,13798.0
2021-07-14 12:00:00,NSE:KITEX,204.05,204.05,204.05,204.05,15103.0
2021-07-14 13:00:00,NSE:KITEX,204.05,204.05,204.05,204.05,7601.0
2021-07-14 14:00:00,NSE:KITEX,204.05,204.05,204.05,204.05,8097.0
2021-07-14 15:00:00,NSE:KITEX,204.05,204.05,204.05,204.05,10733.0
2021-07-15 09:00:00,NSE:KITEX,217.8,223.9,187.35,191.9,5592739.0
2021-07-15 10:00:00,NSE:KITEX,191.6,192.0,185.65,189.1,1288816.0
2021-07-15 11:00:00,NSE:KITEX,189.5,189.5,185.35,187.55,406641.0
2021-07-15 12:00:00,NSE:KITEX,187.6,190.75,187.0,187.55,416185.0
2021-07-15 13:00:00,NSE:KITEX,187.55,188.0,183.65,183.65,785105.0
2021-07-15 14:00:00,NSE:KITEX,183.65,183.65,183.65,183.65,58035.0
2021-07-15 15:00:00,NSE:KITEX,183.65,183.65,183.65,183.65,43039.0
2021-07-16 09:00:00,NSE:KITEX,177.0,179.8,167.65,176.35,1811762.0
2021-07-16 10:00:00,NSE:KITEX,176.35,176.55,172.6,173.4,360143.0
2021-07-16 11:00:00,NSE:KITEX,173.5,175.0,171.35,171.8,206260.0
2021-07-16 12:00:00,NSE:KITEX,171.5,175.0,171.15,173.3,218869.0
2021-07-16 13:00:00,NSE:KITEX,173.45,174.35,172.3,172.9,91446.0
2021-07-16 14:00:00,NSE:KITEX,172.7,178.4,172.5,174.7,403294.0
2021-07-16 15:00:00,NSE:KITEX,174.7,176.5,174.1,175.0,265349.0
2021-07-19 09:00:00,NSE:KITEX,177.0,186.5,176.55,184.85,799691.0
2021-07-19 10:00:00,NSE:KITEX,184.85,184.95,183.0,183.75,200599.0
2021-07-19 11:00:00,NSE:KITEX,183.6,184.4,183.0,183.6,116204.0
2021-07-19 12:00:00,NSE:KITEX,183.7,184.5,182.15,182.6,150317.0
2021-07-19 13:00:00,NSE:KITEX,182.9,184.4,182.75,184.2,116379.0
2021-07-19 14:00:00,NSE:KITEX,184.2,192.5,184.2,192.5,2136404.0
2021-07-19 15:00:00,NSE:KITEX,192.5,192.5,188.2,190.0,292161.0
2021-07-20 09:00:00,NSE:KITEX,190.0,190.0,183.65,184.5,427184.0
2021-07-20 10:00:00,NSE:KITEX,184.55,187.7,180.25,183.0,269006.0
2021-07-20 11:00:00,NSE:KITEX,182.95,183.2,178.3,181.2,175731.0
2021-07-20 12:00:00,NSE:KITEX,181.3,184.5,180.5,184.2,108123.0
2021-07-20 13:00:00,NSE:KITEX,184.2,185.0,183.2,184.5,73731.0
2021-07-20 14:00:00,NSE:KITEX,184.25,184.65,181.3,181.5,105127.0
2021-07-20 15:00:00,NSE:KITEX,181.5,182.4,180.6,182.3,130754.0
2021-07-22 09:00:00,NSE:KITEX,185.9,188.5,180.0,182.65,319486.0
2021-07-22 10:00:00,NSE:KITEX,182.9,183.9,182.0,183.25,81938.0
2021-07-22 11:00:00,NSE:KITEX,183.25,183.75,180.2,181.9,79960.0
2021-07-22 12:00:00,NSE:KITEX,181.9,182.5,181.0,181.45,46290.0
2021-07-22 13:00:00,NSE:KITEX,181.45,183.3,180.6,183.3,43237.0
2021-07-22 14:00:00,NSE:KITEX,183.5,184.55,180.0,180.5,95548.0
2021-07-22 15:00:00,NSE:KITEX,180.45,181.1,179.0,180.0,103659.0
2021-07-23 09:00:00,NSE:KITEX,181.0,182.8,175.1,176.0,177556.0
2021-07-23 10:00:00,NSE:KITEX,176.0,176.4,171.05,171.4,158014.0
2021-07-23 11:00:00,NSE:KITEX,171.4,173.55,171.25,173.5,111631.0
2021-07-23 12:00:00,NSE:KITEX,173.5,175.35,171.0,173.6,92493.0
2021-07-23 13:00:00,NSE:KITEX,173.1,173.35,172.5,173.05,43099.0
2021-07-23 14:00:00,NSE:KITEX,173.2,173.5,172.05,172.9,43036.0
2021-07-23 15:00:00,NSE:KITEX,172.9,173.45,172.05,173.4,93803.0
