datetime,symbol,open,high,low,close,volume
2006-11-02 09:15:00,NSE:MFSL,187.219996,188.6,187.219996,188.109998,7070.0
2006-11-03 09:15:00,NSE:MFSL,188.0,192.0,188.0,190.45,165300.0
2006-11-06 09:15:00,NSE:MFSL,192.0,209.5,192.0,209.5,183030.0
2006-11-07 09:15:00,NSE:MFSL,219.8,219.8,191.0,195.230004,88150.0
2006-11-08 09:15:00,NSE:MFSL,196.8,200.0,192.0,194.630004,30660.0
2006-11-09 09:15:00,NSE:MFSL,194.4,205.4,192.0,201.62,27035.0
2006-11-10 09:15:00,NSE:MFSL,200.2,202.0,198.409998,199.369996,16000.0
2006-11-13 09:15:00,NSE:MFSL,198.2,201.0,192.019996,192.340002,8865.0
2006-11-14 09:15:00,NSE:MFSL,209.6,209.6,190.240002,191.35,14020.0
2006-11-15 09:15:00,NSE:MFSL,192.0,193.55,181.040002,183.330004,12420.0
2006-11-16 09:15:00,NSE:MFSL,183.109998,183.109998,183.109998,183.109998,6685.0
2006-11-17 09:15:00,NSE:MFSL,180.0,181.2,173.0,175.240002,5745.0
2006-11-20 09:15:00,NSE:MFSL,179.0,179.0,160.8,164.790002,27935.0
2006-11-21 09:15:00,NSE:MFSL,172.0,181.259998,168.040002,177.880004,15200.0
2006-11-22 09:15:00,NSE:MFSL,178.2,191.6,178.2,189.759998,35285.0
2006-11-23 09:15:00,NSE:MFSL,194.0,194.0,180.009998,182.280004,12410.0
2006-11-24 09:15:00,NSE:MFSL,183.019996,188.980004,175.4,177.719996,37815.0
2006-11-27 09:15:00,NSE:MFSL,180.0,185.980004,178.219996,179.1,23635.0
2006-11-28 09:15:00,NSE:MFSL,173.809998,180.0,173.809998,176.080004,9640.0
2006-11-29 09:15:00,NSE:MFSL,174.809998,180.2,172.2,174.390002,57370.0
2006-11-30 09:15:00,NSE:MFSL,179.6,179.8,174.1,174.65,2485.0
2006-12-01 09:15:00,NSE:MFSL,170.230004,177.0,170.230004,174.85,7720.0
2006-12-04 09:15:00,NSE:MFSL,179.8,179.8,168.309998,171.180004,6405.0
2006-12-05 09:15:00,NSE:MFSL,170.85,176.0,170.85,174.519996,5890.0
2006-12-06 09:15:00,NSE:MFSL,175.590002,175.590002,175.590002,175.590002,7095.0
2006-12-07 09:15:00,NSE:MFSL,174.219996,174.219996,174.219996,174.219996,2610.0
2006-12-08 09:15:00,NSE:MFSL,174.7,186.0,172.4,174.859998,15045.0
2006-12-11 09:15:00,NSE:MFSL,176.5,182.0,168.809998,179.709998,10925.0
2006-12-12 09:15:00,NSE:MFSL,172.209998,181.2,170.019996,171.269996,7025.0
2006-12-13 09:15:00,NSE:MFSL,170.0,180.0,168.0,177.780004,8730.0
2006-12-14 09:15:00,NSE:MFSL,179.4,180.0,174.080004,177.980004,5465.0
2006-12-15 09:15:00,NSE:MFSL,178.4,179.790002,176.0,176.940002,2050.0
2006-12-18 09:15:00,NSE:MFSL,169.4,176.4,169.4,173.130004,5170.0
2006-12-19 09:15:00,NSE:MFSL,165.0,177.590002,165.0,172.990002,9480.0
2006-12-20 09:15:00,NSE:MFSL,166.2,177.780004,166.2,173.230004,3210.0
2006-12-21 09:15:00,NSE:MFSL,173.2,173.2,169.619996,170.680004,3205.0
2006-12-22 09:15:00,NSE:MFSL,176.990002,176.990002,170.2,172.680004,4565.0
2006-12-26 09:15:00,NSE:MFSL,173.4,174.0,171.6,171.8,4110.0
2006-12-27 09:15:00,NSE:MFSL,173.0,174.990002,171.0,172.230004,2540.0
2006-12-28 09:15:00,NSE:MFSL,170.0,173.0,170.0,171.9,4050.0
2006-12-29 09:15:00,NSE:MFSL,173.790002,173.790002,170.0,171.0,7035.0
2007-01-02 09:15:00,NSE:MFSL,174.0,175.230004,170.009998,173.109998,7010.0
2007-01-03 09:15:00,NSE:MFSL,175.0,176.419996,168.4,173.559998,5075.0
2007-01-04 09:15:00,NSE:MFSL,173.7,175.0,173.2,174.830004,3090.0
2007-01-05 09:15:00,NSE:MFSL,175.0,176.469996,173.019996,173.209998,4010.0
2007-01-08 09:15:00,NSE:MFSL,173.6,174.590002,170.209998,170.419996,2970.0
2007-01-09 09:15:00,NSE:MFSL,172.2,178.2,172.019996,174.480004,8865.0
2007-01-10 09:15:00,NSE:MFSL,174.0,191.7,174.0,189.740002,47070.0
2007-01-11 09:15:00,NSE:MFSL,191.2,194.0,184.4,186.559998,14270.0
2007-01-12 09:15:00,NSE:MFSL,190.0,190.980004,188.2,188.980004,10340.0
2007-01-15 09:15:00,NSE:MFSL,190.219996,194.190002,186.219996,186.719996,6800.0
2007-01-16 09:15:00,NSE:MFSL,188.0,189.8,185.2,185.680004,3785.0
2007-01-17 09:15:00,NSE:MFSL,186.219996,189.980004,184.0,184.880004,0.0
2007-01-18 09:15:00,NSE:MFSL,188.0,191.0,186.809998,189.419996,11175.0
2007-01-19 09:15:00,NSE:MFSL,189.019996,191.8,189.0,190.990002,9730.0
2007-01-22 09:15:00,NSE:MFSL,194.0,194.0,189.780004,190.4,2650.0
2007-01-23 09:15:00,NSE:MFSL,190.0,195.2,189.019996,193.690002,8360.0
2007-01-24 09:15:00,NSE:MFSL,198.0,207.97,191.0,193.790002,48200.0
2007-01-25 09:15:00,NSE:MFSL,200.0,207.8,195.0,198.819996,959705.0
2007-01-29 09:15:00,NSE:MFSL,206.0,207.8,199.019996,206.45,24325.0
2007-01-31 09:15:00,NSE:MFSL,207.6,212.86,206.01,208.03,28425.0
2007-02-01 09:15:00,NSE:MFSL,209.69,211.08,193.740002,204.05,14590.0
2007-02-02 09:15:00,NSE:MFSL,206.0,206.97,201.24,203.98,7085.0
2007-02-05 09:15:00,NSE:MFSL,210.0,211.76,201.3,208.29,15065.0
2007-02-06 09:15:00,NSE:MFSL,208.0,213.0,207.01,212.59,23590.0
2007-02-07 09:15:00,NSE:MFSL,218.0,227.99,210.09,223.89,732840.0
2007-02-08 09:15:00,NSE:MFSL,225.86,244.97,215.6,238.76,52790.0
2007-02-09 09:15:00,NSE:MFSL,240.0,249.6,232.2,239.11,0.0
2007-02-12 09:15:00,NSE:MFSL,244.0,244.0,216.42,236.4,34415.0
2007-02-13 09:15:00,NSE:MFSL,222.2,240.0,222.2,230.98,15635.0
2007-02-14 09:15:00,NSE:MFSL,218.0,236.0,216.0,229.48,24825.0
2007-02-15 09:15:00,NSE:MFSL,230.0,245.0,226.2,231.21,27705.0
2007-02-19 09:15:00,NSE:MFSL,233.0,236.0,228.0,232.77,16445.0
2007-02-20 09:15:00,NSE:MFSL,237.4,237.4,220.54,225.24,3686860.0
2007-02-21 09:15:00,NSE:MFSL,226.4,232.38,220.42,222.75,206030.0
2007-02-22 09:15:00,NSE:MFSL,225.99,225.99,208.03,211.59,66720.0
2007-02-23 09:15:00,NSE:MFSL,213.8,213.8,206.4,211.35,13060.0
2007-02-26 09:15:00,NSE:MFSL,207.01,213.4,207.01,209.13,22930.0
2007-02-27 09:15:00,NSE:MFSL,209.22,225.0,209.2,217.39,72000.0
2007-02-28 09:15:00,NSE:MFSL,212.0,216.98,198.4,199.459998,105735.0
2007-03-01 09:15:00,NSE:MFSL,196.0,207.99,192.2,198.969996,17335.0
2007-03-02 09:15:00,NSE:MFSL,205.99,206.0,194.0,197.790002,44420.0
2007-03-05 09:15:00,NSE:MFSL,190.3,193.990002,180.2,183.619996,17725.0
2007-03-06 09:15:00,NSE:MFSL,176.009998,188.4,176.009998,180.25,21915.0
2007-03-07 09:15:00,NSE:MFSL,186.6,187.380004,176.25,179.019996,13225.0
2007-03-08 09:15:00,NSE:MFSL,180.109998,186.95,180.0,186.240002,12555.0
2007-03-09 09:15:00,NSE:MFSL,188.45,192.969996,186.4,188.890002,15050.0
2007-03-12 09:15:00,NSE:MFSL,205.39999,205.39999,185.10001,194.05,92910.0
2007-03-13 09:15:00,NSE:MFSL,196.89999,196.89999,191.60001,194.14999,29334.0
2007-03-14 09:15:00,NSE:MFSL,192.0,207.45,192.0,200.35001,63232.0
2007-03-15 09:15:00,NSE:MFSL,198.5,209.8,197.0,207.75,43321.0
2007-03-16 09:15:00,NSE:MFSL,205.0,219.0,205.0,216.0,57785.0
2007-03-19 09:15:00,NSE:MFSL,218.0,237.60001,217.5,237.60001,0.0
2007-03-20 09:15:00,NSE:MFSL,246.0,249.5,225.75,225.75,111911.0
2007-03-21 09:15:00,NSE:MFSL,215.64999,215.64999,214.5,214.5,8898.0
2007-03-22 09:15:00,NSE:MFSL,203.8,214.0,203.8,204.5,89888.0
2007-03-23 09:15:00,NSE:MFSL,197.5,207.7,194.3,194.5,60378.0
2007-03-26 09:15:00,NSE:MFSL,192.0,204.25,192.0,203.64999,85844.0
2007-03-28 09:15:00,NSE:MFSL,206.0,206.89999,193.5,199.10001,33318.0
2007-03-29 09:15:00,NSE:MFSL,203.0,204.8,200.10001,202.0,8743.0
2007-03-30 09:15:00,NSE:MFSL,201.55,209.39999,201.2,207.60001,14352.0
2007-04-02 09:15:00,NSE:MFSL,200.10001,203.7,197.25,197.45,27757.0
2007-04-03 09:15:00,NSE:MFSL,199.5,199.5,199.5,199.5,0.0
2007-04-04 09:15:00,NSE:MFSL,199.95,199.95,192.10001,196.3,47461.0
2007-04-05 09:15:00,NSE:MFSL,195.5,195.8,190.2,192.55,16396.0
2007-04-09 09:15:00,NSE:MFSL,198.95,198.95,193.0,193.39999,0.0
2007-04-10 09:15:00,NSE:MFSL,193.25,194.5,189.10001,191.2,11401.0
2007-04-11 09:15:00,NSE:MFSL,193.7,196.35001,192.2,193.60001,13622.0
2007-04-12 09:15:00,NSE:MFSL,194.8,195.39999,191.7,193.0,19745.0
2007-04-13 09:15:00,NSE:MFSL,193.05,196.89999,193.05,196.14999,10298.0
2007-04-16 09:15:00,NSE:MFSL,194.0,199.0,194.0,195.3,19540.0
2007-04-17 09:15:00,NSE:MFSL,195.05,198.0,193.75,193.95,16803.0
2007-04-18 09:15:00,NSE:MFSL,196.89999,210.0,195.2,202.7,31530.0
2007-04-19 09:15:00,NSE:MFSL,204.0,217.85001,196.0,211.35001,52914.0
2007-04-20 09:15:00,NSE:MFSL,228.0,230.0,218.0,227.89999,77517.0
2007-04-23 09:15:00,NSE:MFSL,230.0,238.0,221.10001,228.8,36210.0
2007-04-24 09:15:00,NSE:MFSL,223.0,232.89999,222.0,223.39999,13375.0
2007-04-25 09:15:00,NSE:MFSL,224.0,232.0,222.05,228.25,20682.0
2007-04-26 09:15:00,NSE:MFSL,235.5,235.5,209.0,231.8,36586.0
2007-04-27 09:15:00,NSE:MFSL,225.0,232.0,224.10001,228.60001,100848.0
2007-04-30 09:15:00,NSE:MFSL,225.0,231.95,222.0,228.10001,19715.0
2007-05-03 09:15:00,NSE:MFSL,225.0,230.0,223.0,226.14999,15489.0
2007-05-04 09:15:00,NSE:MFSL,226.8,230.0,219.0,225.7,21696.0
2007-05-07 09:15:00,NSE:MFSL,225.0,228.0,218.0,223.60001,37468.0
2007-05-08 09:15:00,NSE:MFSL,221.5,221.5,207.0,213.05,16936.0
2007-05-09 09:15:00,NSE:MFSL,210.0,213.75,205.60001,207.8,9158.0
2007-05-10 09:15:00,NSE:MFSL,213.89999,213.89999,204.0,205.05,9985.0
2007-05-11 09:15:00,NSE:MFSL,201.10001,208.0,196.0,203.7,9305.0
2007-05-14 09:15:00,NSE:MFSL,209.0,215.0,206.0,212.2,38127.0
2007-05-15 09:15:00,NSE:MFSL,212.0,221.0,212.0,218.60001,15449.0
2007-05-16 09:15:00,NSE:MFSL,223.0,240.5,222.0,240.5,58469.0
2007-05-17 09:15:00,NSE:MFSL,250.8,264.54999,246.5,257.64999,0.0
2007-05-18 09:15:00,NSE:MFSL,269.0,269.0,247.0,262.54999,126600.0
2007-05-21 09:15:00,NSE:MFSL,264.0,265.0,249.45,249.45,37511.0
2007-05-22 09:15:00,NSE:MFSL,237.35001,254.0,237.0,245.0,86107.0
2007-05-23 09:15:00,NSE:MFSL,245.0,250.89999,238.5,245.3,14218.0
2007-05-24 09:15:00,NSE:MFSL,242.14999,256.85001,242.14999,254.95,25038.0
2007-05-25 09:15:00,NSE:MFSL,254.95,264.95001,250.10001,258.54999,29013.0
2007-05-28 09:15:00,NSE:MFSL,255.10001,263.85001,248.0,250.45,11113.0
2007-05-29 09:15:00,NSE:MFSL,255.89999,258.0,245.25,253.10001,14569.0
2007-05-30 09:15:00,NSE:MFSL,246.55,259.0,246.55,254.89999,18474.0
2007-05-31 09:15:00,NSE:MFSL,258.0,258.75,247.0,249.10001,19936.0
2007-06-01 09:15:00,NSE:MFSL,255.89999,255.89999,250.0,253.35001,15692.0
2007-06-04 09:15:00,NSE:MFSL,257.0,258.5,247.3,251.95,60690.0
2007-06-05 09:15:00,NSE:MFSL,251.0,255.95,246.10001,253.89999,17355.0
2007-06-06 09:15:00,NSE:MFSL,250.10001,255.0,246.10001,253.2,22433.0
2007-06-07 09:15:00,NSE:MFSL,250.0,256.0,240.60001,246.55,22357.0
2007-06-08 09:15:00,NSE:MFSL,245.0,258.89999,243.5,256.29999,2489180.0
2007-06-11 09:15:00,NSE:MFSL,258.89999,259.89999,245.0,245.05,47529.0
2007-06-12 09:15:00,NSE:MFSL,251.95,251.95,236.35001,248.10001,21449.0
2007-06-13 09:15:00,NSE:MFSL,243.8,250.0,240.0,244.55,80876.0
2007-06-14 09:15:00,NSE:MFSL,250.0,250.0,242.05,245.14999,22075.0
2007-06-15 09:15:00,NSE:MFSL,246.95,251.0,246.95,250.0,30521.0
2007-06-18 09:15:00,NSE:MFSL,250.0,251.0,246.10001,249.95,494059.0
2007-06-19 09:15:00,NSE:MFSL,248.10001,248.85001,241.5,245.5,10462.0
2007-06-20 09:15:00,NSE:MFSL,245.10001,253.95,245.0,252.3,557815.0
2007-06-21 09:15:00,NSE:MFSL,254.5,257.25,243.0,244.89999,21193.0
2007-06-22 09:15:00,NSE:MFSL,244.0,247.39999,234.0,237.14999,28046.0
2007-06-25 09:15:00,NSE:MFSL,237.0,237.0,225.3,225.39999,63544.0
2007-06-26 09:15:00,NSE:MFSL,230.0,230.0,214.14999,218.60001,285826.0
2007-06-27 09:15:00,NSE:MFSL,223.7,224.95,218.05,220.5,48491.0
2007-06-28 09:15:00,NSE:MFSL,218.0,231.55,218.0,231.55,45116.0
2007-06-29 09:15:00,NSE:MFSL,233.10001,243.14999,233.10001,243.05,135136.0
2007-07-02 09:15:00,NSE:MFSL,252.64999,252.64999,245.10001,249.75,119257.0
2007-07-03 09:15:00,NSE:MFSL,252.89999,252.89999,241.2,244.60001,24944.0
2007-07-04 09:15:00,NSE:MFSL,247.7,248.0,241.0,243.45,53551.0
2007-07-05 09:15:00,NSE:MFSL,242.0,242.0,236.25,239.45,9235.0
2007-07-06 09:15:00,NSE:MFSL,240.14999,243.95,237.0,238.2,11638.0
2007-07-09 09:15:00,NSE:MFSL,242.0,242.95,234.3,238.14999,32442.0
2007-07-10 09:15:00,NSE:MFSL,245.0,245.0,232.0,232.60001,10302.0
2007-07-11 09:15:00,NSE:MFSL,231.0,237.0,231.0,236.0,84601.0
2007-07-12 09:15:00,NSE:MFSL,239.0,240.0,229.0,235.55,32167.0
2007-07-13 09:15:00,NSE:MFSL,234.0,242.5,233.5,240.0,132509.0
2007-07-16 09:15:00,NSE:MFSL,242.75,242.75,235.0,239.39999,622671.0
2007-07-17 09:15:00,NSE:MFSL,240.0,244.0,233.05,234.64999,9816.0
2007-07-18 09:15:00,NSE:MFSL,235.3,235.3,220.2,227.39999,36488.0
2007-07-19 09:15:00,NSE:MFSL,227.0,235.0,226.2,233.39999,16304.0
2007-07-20 09:15:00,NSE:MFSL,233.10001,235.89999,230.0,231.55,8569.0
2007-07-23 09:15:00,NSE:MFSL,227.0,232.0,223.0,224.45,9113.0
2007-07-24 09:15:00,NSE:MFSL,221.0,225.85001,220.05,220.64999,10054.0
2007-07-25 09:15:00,NSE:MFSL,223.0,224.64999,218.0,219.89999,71153.0
2007-07-26 09:15:00,NSE:MFSL,228.39999,228.39999,218.5,222.14999,17559.0
2007-07-27 09:15:00,NSE:MFSL,216.0,220.0,215.0,215.5,114306.0
2007-07-30 09:15:00,NSE:MFSL,215.10001,217.0,212.0,214.25,228828.0
2007-07-31 09:15:00,NSE:MFSL,215.60001,219.45,213.0,213.8,6826.0
2007-08-01 09:15:00,NSE:MFSL,214.89999,217.0,204.0,209.55,49076.0
2007-08-02 09:15:00,NSE:MFSL,214.5,230.0,213.89999,219.85001,95140.0
2007-08-03 09:15:00,NSE:MFSL,220.0,220.0,212.0,214.3,29642.0
2007-08-06 09:15:00,NSE:MFSL,208.0,229.0,206.10001,222.14999,15314.0
2007-08-07 09:15:00,NSE:MFSL,227.0,229.5,216.3,219.75,16986.0
2007-08-08 09:15:00,NSE:MFSL,221.0,225.7,220.0,223.75,12809.0
2007-08-09 09:15:00,NSE:MFSL,230.95,230.95,221.0,222.85001,50940.0
2007-08-10 09:15:00,NSE:MFSL,207.35001,221.7,207.35001,210.0,1051311.0
2007-08-13 09:15:00,NSE:MFSL,210.0,210.0,204.0,205.10001,1085847.0
2007-08-14 09:15:00,NSE:MFSL,207.89999,210.5,201.5,203.95,59062.0
2007-08-16 09:15:00,NSE:MFSL,199.89999,199.89999,187.0,189.75,34826.0
2007-08-17 09:15:00,NSE:MFSL,190.5,196.0,174.8,183.25,691131.0
2007-08-20 09:15:00,NSE:MFSL,194.0,200.0,190.0,194.45,40729.0
2007-08-21 09:15:00,NSE:MFSL,194.3,196.0,190.0,192.39999,29486.0
2007-08-22 09:15:00,NSE:MFSL,190.0,196.0,189.0,194.05,132877.0
2007-08-23 09:15:00,NSE:MFSL,199.0,199.45,190.0,195.35001,29300.0
2007-08-24 09:15:00,NSE:MFSL,194.2,199.60001,191.3,197.25,10983.0
2007-08-27 09:15:00,NSE:MFSL,200.0,203.0,198.0,201.8,16679.0
2007-08-28 09:15:00,NSE:MFSL,203.95,210.89999,201.64999,208.75,28887.0
2007-08-29 09:15:00,NSE:MFSL,200.10001,207.0,200.0,205.95,96394.0
2007-08-30 09:15:00,NSE:MFSL,212.2,212.2,200.0,201.10001,9782.0
2007-08-31 09:15:00,NSE:MFSL,194.5,202.89999,194.5,202.0,7643.0
2007-09-03 09:15:00,NSE:MFSL,203.0,205.0,200.0,200.8,27880.0
2007-09-04 09:15:00,NSE:MFSL,202.0,202.5,200.10001,201.10001,54477.0
2007-09-05 09:15:00,NSE:MFSL,201.05,206.0,199.0,202.0,78549.0
2007-09-06 09:15:00,NSE:MFSL,200.0,205.5,199.0,202.55,64696.0
2007-09-07 09:15:00,NSE:MFSL,203.14999,218.89999,203.14999,210.5,71568.0
2007-09-10 09:15:00,NSE:MFSL,211.0,214.64999,207.14999,210.89999,37602.0
2007-09-11 09:15:00,NSE:MFSL,212.14999,212.89999,208.0,208.8,8113.0
2007-09-12 09:15:00,NSE:MFSL,208.2,216.5,208.2,215.2,37041.0
2007-09-13 09:15:00,NSE:MFSL,218.0,228.0,217.0,224.14999,57153.0
2007-09-14 09:15:00,NSE:MFSL,229.60001,230.0,215.0,220.3,48983.0
2007-09-17 09:15:00,NSE:MFSL,217.3,221.0,213.0,214.10001,13713.0
2007-09-18 09:15:00,NSE:MFSL,227.0,227.0,212.25,216.35001,16596.0
2007-09-19 09:15:00,NSE:MFSL,218.0,223.0,217.0,218.85001,31146.0
2007-09-20 09:15:00,NSE:MFSL,225.8,235.0,218.05,233.7,74755.0
2007-09-21 09:15:00,NSE:MFSL,233.0,241.89999,232.95,239.7,47403.0
2007-09-24 09:15:00,NSE:MFSL,239.89999,241.0,232.5,237.39999,24403.0
2007-09-25 09:15:00,NSE:MFSL,236.5,239.8,234.5,238.39999,31814.0
2007-09-26 09:15:00,NSE:MFSL,240.0,241.8,235.5,239.05,18042.0
2007-09-27 09:15:00,NSE:MFSL,235.5,238.5,230.0,235.45,14227.0
2007-09-28 09:15:00,NSE:MFSL,237.0,247.10001,237.0,243.25,31087.0
2007-10-01 09:15:00,NSE:MFSL,242.0,243.5,235.10001,238.85001,26614.0
2007-10-03 09:15:00,NSE:MFSL,240.0,249.89999,240.0,248.05,88630.0
2007-10-04 09:15:00,NSE:MFSL,241.0,245.10001,238.5,244.25,28753.0
2007-10-05 09:15:00,NSE:MFSL,244.0,246.60001,243.2,244.5,57905.0
2007-10-08 09:15:00,NSE:MFSL,238.25,257.70001,236.0,255.7,48524.0
2007-10-09 09:15:00,NSE:MFSL,243.0,276.0,243.0,272.25,63089.0
2007-10-10 09:15:00,NSE:MFSL,279.79999,279.79999,265.0,270.10001,32402.0
2007-10-11 09:15:00,NSE:MFSL,265.0,270.0,261.10001,266.54999,18915.0
2007-10-12 09:15:00,NSE:MFSL,259.20001,262.0,251.0,254.10001,248977.0
2007-10-15 09:15:00,NSE:MFSL,224.89999,269.0,224.89999,256.60001,227180.0
2007-10-16 09:15:00,NSE:MFSL,263.95001,273.95001,249.0,268.04999,94521.0
2007-10-17 09:15:00,NSE:MFSL,265.0,265.0,232.0,245.14999,349129.0
2007-10-18 09:15:00,NSE:MFSL,247.0,251.0,245.0,245.25,279879.0
2007-10-19 09:15:00,NSE:MFSL,231.10001,245.14999,231.10001,239.2,18659.0
2007-10-22 09:15:00,NSE:MFSL,205.05,239.0,205.05,235.85001,3799.0
2007-10-23 09:15:00,NSE:MFSL,243.0,245.0,234.0,235.2,37557.0
2007-10-24 09:15:00,NSE:MFSL,235.55,244.5,230.0,231.85001,52134.0
2007-10-25 09:15:00,NSE:MFSL,239.0,239.0,231.14999,235.05,4043.0
2007-10-26 09:15:00,NSE:MFSL,235.05,243.85001,235.05,241.25,43161.0
2007-10-29 09:15:00,NSE:MFSL,242.10001,242.89999,235.0,239.75,237438.0
2007-10-30 09:15:00,NSE:MFSL,240.0,250.0,240.0,247.10001,21239.0
2007-10-31 09:15:00,NSE:MFSL,239.10001,264.0,236.05,260.45001,48776.0
2007-11-01 09:15:00,NSE:MFSL,244.39999,268.0,244.39999,253.8,24985.0
2007-11-02 09:15:00,NSE:MFSL,252.0,255.0,245.0,252.39999,13134.0
2007-11-05 09:15:00,NSE:MFSL,247.0,289.75,246.0,270.0,147828.0
2007-11-06 09:15:00,NSE:MFSL,275.5,286.0,271.0,274.75,49509.0
2007-11-07 09:15:00,NSE:MFSL,273.85001,278.0,250.0,255.64999,73537.0
2007-11-08 09:15:00,NSE:MFSL,250.0,254.5,242.05,245.14999,48667.0
2007-11-09 09:15:00,NSE:MFSL,248.0,255.0,247.0,252.60001,3863.0
2007-11-12 09:15:00,NSE:MFSL,244.60001,247.0,239.64999,240.8,29963.0
2007-11-13 09:15:00,NSE:MFSL,250.0,250.0,240.0,241.0,116903.0
2007-11-14 09:15:00,NSE:MFSL,269.0,269.0,243.5,245.05,36724.0
2007-11-15 09:15:00,NSE:MFSL,245.05,264.45001,245.0,253.5,234207.0
2007-11-16 09:15:00,NSE:MFSL,255.0,260.0,252.5,255.2,27991.0
2007-11-19 09:15:00,NSE:MFSL,260.0,265.0,251.0,253.85001,43531.0
2007-11-20 09:15:00,NSE:MFSL,251.0,254.95,235.0,240.05,61996.0
2007-11-21 09:15:00,NSE:MFSL,245.89999,249.0,235.0,240.05,36020.0
2007-11-22 09:15:00,NSE:MFSL,235.35001,243.95,231.0,239.25,33210.0
2007-11-23 09:15:00,NSE:MFSL,240.0,251.0,240.0,245.25,25428.0
2007-11-26 09:15:00,NSE:MFSL,235.05,249.8,233.0,237.0,26093.0
2007-11-27 09:15:00,NSE:MFSL,235.05,241.5,230.10001,232.64999,40106.0
2007-11-28 09:15:00,NSE:MFSL,233.0,238.8,227.05,230.7,37203.0
2007-11-29 09:15:00,NSE:MFSL,234.0,238.0,230.55,235.89999,44672.0
2007-11-30 09:15:00,NSE:MFSL,237.25,237.25,229.89999,231.45,86003.0
2007-12-03 09:15:00,NSE:MFSL,236.5,243.0,236.0,239.05,243535.0
2007-12-04 09:15:00,NSE:MFSL,246.0,267.0,234.0,237.64999,60998.0
2007-12-05 09:15:00,NSE:MFSL,243.64999,267.0,238.0,244.8,248664.0
2007-12-06 09:15:00,NSE:MFSL,255.0,255.0,226.2,230.10001,203071.0
2007-12-07 09:15:00,NSE:MFSL,238.0,240.0,225.0,228.5,169334.0
2007-12-10 09:15:00,NSE:MFSL,234.89999,235.0,229.0,230.64999,165794.0
2007-12-11 09:15:00,NSE:MFSL,237.95,240.0,228.39999,235.7,117589.0
2007-12-12 09:15:00,NSE:MFSL,236.0,240.0,230.0,238.8,41874.0
2007-12-13 09:15:00,NSE:MFSL,239.0,268.0,238.10001,255.60001,131649.0
2007-12-14 09:15:00,NSE:MFSL,260.0,273.0,251.3,253.95,444149.0
2007-12-17 09:15:00,NSE:MFSL,262.0,262.0,236.0,240.39999,62348.0
2007-12-18 09:15:00,NSE:MFSL,242.5,252.60001,235.0,249.0,115483.0
2007-12-19 09:15:00,NSE:MFSL,254.89999,262.0,243.0,248.2,178921.0
2007-12-20 09:15:00,NSE:MFSL,246.0,249.5,242.0,248.10001,28714.0
2007-12-24 09:15:00,NSE:MFSL,250.05,255.0,246.0,249.45,19383.0
2007-12-26 09:15:00,NSE:MFSL,254.0,272.0,249.0,262.54999,110854.0
2007-12-27 09:15:00,NSE:MFSL,269.0,270.0,258.29999,261.64999,439804.0
2007-12-28 09:15:00,NSE:MFSL,253.0,274.89999,253.0,270.54999,282761.0
2007-12-31 09:15:00,NSE:MFSL,270.0,273.0,257.10001,262.29999,225835.0
2008-01-01 09:15:00,NSE:MFSL,266.95001,272.0,261.0,261.89999,35757.0
2008-01-02 09:15:00,NSE:MFSL,265.89999,266.0,257.0,258.89999,27166.0
2008-01-03 09:15:00,NSE:MFSL,265.0,270.0,258.0,259.79999,74785.0
2008-01-04 09:15:00,NSE:MFSL,265.5,265.54999,253.0,254.8,33174.0
2008-01-07 09:15:00,NSE:MFSL,250.14999,260.0,248.3,250.14999,75830.0
2008-01-08 09:15:00,NSE:MFSL,253.0,256.0,234.0,242.45,105394.0
2008-01-09 09:15:00,NSE:MFSL,241.0,248.39999,238.25,245.05,578766.0
2008-01-10 09:15:00,NSE:MFSL,250.0,262.89999,242.60001,243.45,265583.0
2008-01-11 09:15:00,NSE:MFSL,240.0,253.8,240.0,246.2,15668.0
2008-01-14 09:15:00,NSE:MFSL,253.0,253.0,246.0,247.55,298299.0
2008-01-15 09:15:00,NSE:MFSL,245.0,260.0,245.0,250.0,110705.0
2008-01-16 09:15:00,NSE:MFSL,246.0,253.95,243.0,248.85001,36028.0
2008-01-17 09:15:00,NSE:MFSL,246.0,248.64999,243.05,245.05,48738.0
2008-01-18 09:15:00,NSE:MFSL,236.0,246.89999,236.0,241.5,32693.0
2008-01-21 09:15:00,NSE:MFSL,235.0,235.0,194.0,219.5,50259.0
2008-01-22 09:15:00,NSE:MFSL,201.10001,218.3,175.64999,209.75,125769.0
2008-01-23 09:15:00,NSE:MFSL,228.95,250.0,206.10001,209.75,68058.0
2008-01-24 09:15:00,NSE:MFSL,216.0,230.0,206.10001,209.55,63732.0
2008-01-25 09:15:00,NSE:MFSL,211.60001,229.0,211.60001,223.45,27713.0
2008-01-28 09:15:00,NSE:MFSL,212.10001,243.14999,212.0,235.3,28992.0
2008-01-29 09:15:00,NSE:MFSL,241.60001,247.8,222.0,231.55,38248.0
2008-01-30 09:15:00,NSE:MFSL,230.0,240.0,226.0,226.3,33206.0
2008-01-31 09:15:00,NSE:MFSL,229.0,229.0,210.10001,214.05,578079.0
2008-02-01 09:15:00,NSE:MFSL,220.0,220.0,212.0,214.75,130275.0
2008-02-04 09:15:00,NSE:MFSL,223.89999,231.89999,218.5,228.60001,21778.0
2008-02-05 09:15:00,NSE:MFSL,233.0,233.0,224.60001,227.89999,7285.0
2008-02-06 09:15:00,NSE:MFSL,220.05,230.89999,215.0,229.85001,9982.0
2008-02-07 09:15:00,NSE:MFSL,231.89999,231.89999,222.0,223.0,17221.0
2008-02-08 09:15:00,NSE:MFSL,225.10001,225.10001,209.0,212.55,490659.0
2008-02-11 09:15:00,NSE:MFSL,205.0,214.8,195.0,199.64999,23577.0
2008-02-12 09:15:00,NSE:MFSL,199.0,199.0,165.25,189.55,39637.0
2008-02-13 09:15:00,NSE:MFSL,191.0,208.0,190.0,194.8,31503.0
2008-02-14 09:15:00,NSE:MFSL,201.0,201.0,196.0,199.5,27356.0
2008-02-15 09:15:00,NSE:MFSL,196.8,208.95,195.5,205.0,256145.0
2008-02-18 09:15:00,NSE:MFSL,210.0,215.0,191.0,194.95,251769.0
2008-02-19 09:15:00,NSE:MFSL,201.5,201.95,197.10001,199.55,241519.0
2008-02-20 09:15:00,NSE:MFSL,195.05,201.0,195.05,198.95,5308.0
2008-02-21 09:15:00,NSE:MFSL,200.0,203.0,196.39999,197.5,7162.0
2008-02-22 09:15:00,NSE:MFSL,197.45,197.45,192.25,193.3,7957.0
2008-02-25 09:15:00,NSE:MFSL,192.0,199.0,191.5,196.55,27184.0
2008-02-26 09:15:00,NSE:MFSL,198.5,205.0,193.05,196.35001,52083.0
2008-02-27 09:15:00,NSE:MFSL,197.60001,202.0,196.0,198.3,38448.0
2008-02-28 09:15:00,NSE:MFSL,195.0,202.0,195.0,198.75,31458.0
2008-02-29 09:15:00,NSE:MFSL,204.0,220.89999,196.10001,199.89999,930025.0
2008-03-03 09:15:00,NSE:MFSL,190.05,205.60001,188.0,195.0,76140.0
2008-03-04 09:15:00,NSE:MFSL,193.5,197.0,184.05,187.0,146597.0
2008-03-05 09:15:00,NSE:MFSL,188.0,188.0,179.0,180.89999,22246.0
2008-03-07 09:15:00,NSE:MFSL,176.5,177.8,155.55,167.14999,320618.0
2008-03-10 09:15:00,NSE:MFSL,163.89999,174.95,157.0,166.0,449678.0
2008-03-11 09:15:00,NSE:MFSL,169.0,170.0,160.2,163.0,284757.0
2008-03-12 09:15:00,NSE:MFSL,168.5,170.0,159.0,159.5,36845.0
2008-03-13 09:15:00,NSE:MFSL,151.0,157.0,142.05,144.89999,469909.0
2008-03-14 09:15:00,NSE:MFSL,148.0,160.0,148.0,153.14999,214466.0
2008-03-17 09:15:00,NSE:MFSL,149.8,149.8,129.0,134.10001,112372.0
2008-03-18 09:15:00,NSE:MFSL,138.89999,139.95,120.15,122.3,189046.0
2008-03-19 09:15:00,NSE:MFSL,126.0,129.8,122.5,125.0,370244.0
2008-03-24 09:15:00,NSE:MFSL,127.0,146.0,124.0,140.55,744781.0
2008-03-25 09:15:00,NSE:MFSL,145.0,155.10001,142.2,144.55,394083.0
2008-03-26 09:15:00,NSE:MFSL,146.0,149.89999,134.35001,139.95,779291.0
2008-03-27 09:15:00,NSE:MFSL,137.45,149.89999,136.10001,142.55,951823.0
2008-03-28 09:15:00,NSE:MFSL,146.39999,160.0,145.0,149.95,175800.0
2008-03-31 09:15:00,NSE:MFSL,148.5,153.0,145.05,148.25,143156.0
2008-04-01 09:15:00,NSE:MFSL,153.0,153.0,147.0,147.85001,92578.0
2008-04-02 09:15:00,NSE:MFSL,153.0,153.0,146.05,147.8,107512.0
2008-04-03 09:15:00,NSE:MFSL,150.0,157.89999,147.0,150.85001,200298.0
2008-04-04 09:15:00,NSE:MFSL,150.0,157.39999,140.5,145.25,1153592.0
2008-04-07 09:15:00,NSE:MFSL,146.95,162.0,141.5,155.45,73616.0
2008-04-08 09:15:00,NSE:MFSL,155.45,175.89999,154.0,165.8,140508.0
2008-04-09 09:15:00,NSE:MFSL,164.10001,176.95,164.10001,172.10001,57214.0
2008-04-10 09:15:00,NSE:MFSL,167.2,181.0,167.2,177.75,241584.0
2008-04-11 09:15:00,NSE:MFSL,175.0,181.89999,174.25,174.95,366585.0
2008-04-15 09:15:00,NSE:MFSL,173.2,173.2,167.55,169.10001,41171.0
2008-04-16 09:15:00,NSE:MFSL,169.5,171.5,166.14999,167.75,88527.0
2008-04-17 09:15:00,NSE:MFSL,168.0,171.0,164.8,165.0,75247.0
2008-04-21 09:15:00,NSE:MFSL,172.0,173.0,163.25,165.45,56827.0
2008-04-22 09:15:00,NSE:MFSL,168.95,169.95,161.60001,166.55,13722.0
2008-04-23 09:15:00,NSE:MFSL,166.64999,174.45,165.2,166.7,273799.0
2008-04-24 09:15:00,NSE:MFSL,170.89999,171.5,164.60001,165.05,23951.0
2008-04-25 09:15:00,NSE:MFSL,168.95,168.95,162.55,164.55,39036.0
2008-04-28 09:15:00,NSE:MFSL,164.55,167.60001,161.60001,162.35001,20067.0
2008-04-29 09:15:00,NSE:MFSL,160.5,163.89999,158.2,159.89999,26079.0
2008-04-30 09:15:00,NSE:MFSL,157.5,162.0,156.0,158.64999,22488.0
2008-05-02 09:15:00,NSE:MFSL,161.89999,162.64999,158.05,159.3,44979.0
2008-05-05 09:15:00,NSE:MFSL,157.7,160.0,156.0,156.89999,24316.0
2008-05-06 09:15:00,NSE:MFSL,154.10001,157.0,153.05,155.35001,213564.0
2008-05-07 09:15:00,NSE:MFSL,156.05,156.05,153.0,153.95,10568.0
2008-05-08 09:15:00,NSE:MFSL,153.5,153.95,148.14999,149.0,583093.0
2008-05-09 09:15:00,NSE:MFSL,150.5,172.2,148.2,155.75,408602.0
2008-05-12 09:15:00,NSE:MFSL,157.0,164.89999,157.0,162.35001,514837.0
2008-05-13 09:15:00,NSE:MFSL,164.8,171.39999,161.10001,164.89999,250032.0
2008-05-14 09:15:00,NSE:MFSL,165.39999,165.39999,161.10001,162.5,19997.0
2008-05-15 09:15:00,NSE:MFSL,163.0,165.5,161.0,163.85001,19220.0
2008-05-16 09:15:00,NSE:MFSL,165.10001,172.0,163.14999,168.0,88573.0
2008-05-20 09:15:00,NSE:MFSL,169.89999,171.89999,165.0,166.85001,30746.0
2008-05-21 09:15:00,NSE:MFSL,167.0,170.0,165.0,168.3,22336.0
2008-05-22 09:15:00,NSE:MFSL,164.5,170.5,163.5,169.14999,34225.0
2008-05-23 09:15:00,NSE:MFSL,169.0,175.0,167.5,170.0,47841.0
2008-05-26 09:15:00,NSE:MFSL,165.10001,171.89999,165.10001,169.89999,52579.0
2008-05-27 09:15:00,NSE:MFSL,170.0,171.89999,165.10001,170.60001,48028.0
2008-05-28 09:15:00,NSE:MFSL,169.0,174.0,166.25,171.85001,39432.0
2008-05-29 09:15:00,NSE:MFSL,170.10001,177.5,170.0,172.14999,32869.0
2008-05-30 09:15:00,NSE:MFSL,171.25,178.89999,171.25,177.14999,36641.0
2008-06-02 09:15:00,NSE:MFSL,181.95,182.0,170.0,170.39999,53880.0
2008-06-03 09:15:00,NSE:MFSL,166.95,175.8,166.95,169.95,98894.0
2008-06-04 09:15:00,NSE:MFSL,170.95,176.0,165.55,169.85001,56150.0
2008-06-05 09:15:00,NSE:MFSL,172.7,174.95,159.05,166.0,71478.0
2008-06-06 09:15:00,NSE:MFSL,169.89999,170.10001,158.2,161.95,65726.0
2008-06-09 09:15:00,NSE:MFSL,156.0,164.0,153.25,161.10001,54540.0
2008-06-10 09:15:00,NSE:MFSL,163.39999,163.39999,155.0,157.2,36950.0
2008-06-11 09:15:00,NSE:MFSL,155.60001,162.0,150.10001,152.45,95901.0
2008-06-12 09:15:00,NSE:MFSL,152.5,162.0,151.0,159.35001,100199.0
2008-06-13 09:15:00,NSE:MFSL,158.0,163.0,157.0,161.55,358919.0
2008-06-16 09:15:00,NSE:MFSL,166.0,179.0,165.0,177.39999,82145.0
2008-06-17 09:15:00,NSE:MFSL,177.0,179.8,172.3,178.64999,74277.0
2008-06-18 09:15:00,NSE:MFSL,180.0,187.5,176.0,181.55,56413.0
2008-06-19 09:15:00,NSE:MFSL,184.0,186.0,177.0,178.89999,66505.0
2008-06-20 09:15:00,NSE:MFSL,182.8,187.5,172.0,173.7,104510.0
2008-06-23 09:15:00,NSE:MFSL,176.95,183.0,165.10001,179.64999,37877.0
2008-06-24 09:15:00,NSE:MFSL,181.0,184.95,175.0,179.14999,83572.0
2008-06-25 09:15:00,NSE:MFSL,172.05,180.0,171.95,178.10001,49612.0
2008-06-26 09:15:00,NSE:MFSL,174.25,178.5,162.05,164.14999,107093.0
2008-06-27 09:15:00,NSE:MFSL,159.95,162.0,147.60001,156.89999,294042.0
2008-06-30 09:15:00,NSE:MFSL,158.5,164.85001,152.2,155.39999,71400.0
2008-07-01 09:15:00,NSE:MFSL,159.7,159.7,148.10001,153.95,120905.0
2008-07-02 09:15:00,NSE:MFSL,155.0,160.0,145.0,156.64999,99271.0
2008-07-03 09:15:00,NSE:MFSL,153.0,153.39999,146.14999,149.60001,99174.0
2008-07-04 09:15:00,NSE:MFSL,154.5,154.5,148.0,149.0,18478.0
2008-07-07 09:15:00,NSE:MFSL,155.0,155.0,146.5,146.8,16783.0
2008-07-08 09:15:00,NSE:MFSL,143.0,148.39999,143.0,147.0,14927.0
2008-07-09 09:15:00,NSE:MFSL,150.0,156.5,150.0,153.39999,92204.0
2008-07-10 09:15:00,NSE:MFSL,153.39999,158.0,150.5,156.89999,76751.0
2008-07-11 09:15:00,NSE:MFSL,158.45,167.5,155.5,159.39999,85031.0
2008-07-14 09:15:00,NSE:MFSL,151.0,162.0,150.0,160.3,14898.0
2008-07-15 09:15:00,NSE:MFSL,157.5,159.0,145.14999,147.64999,13581.0
2008-07-16 09:15:00,NSE:MFSL,149.89999,154.0,149.89999,152.25,20054.0
2008-07-17 09:15:00,NSE:MFSL,156.5,156.5,148.25,150.14999,11571.0
2008-07-18 09:15:00,NSE:MFSL,155.0,155.89999,152.0,154.8,11377.0
2008-07-21 09:15:00,NSE:MFSL,158.55,174.0,158.55,170.3,225236.0
2008-07-22 09:15:00,NSE:MFSL,175.0,190.0,175.0,180.05,243705.0
2008-07-23 09:15:00,NSE:MFSL,187.35001,206.5,187.0,194.89999,429261.0
2008-07-24 09:15:00,NSE:MFSL,196.05,198.0,187.05,190.0,435371.0
2008-07-25 09:15:00,NSE:MFSL,187.14999,199.39999,185.0,195.7,345309.0
2008-07-28 09:15:00,NSE:MFSL,196.0,201.0,190.05,194.75,506059.0
2008-07-29 09:15:00,NSE:MFSL,190.0,195.0,184.0,186.25,13477.0
2008-07-30 09:15:00,NSE:MFSL,189.5,189.95,180.25,184.14999,12518.0
2008-07-31 09:15:00,NSE:MFSL,185.0,195.0,183.2,192.64999,56803.0
2008-08-01 09:15:00,NSE:MFSL,192.0,198.0,184.05,196.39999,24942.0
2008-08-04 09:15:00,NSE:MFSL,193.0,221.0,192.55,215.2,89908.0
2008-08-05 09:15:00,NSE:MFSL,216.0,217.5,206.0,215.0,65546.0
2008-08-06 09:15:00,NSE:MFSL,219.8,232.89999,214.10001,220.35001,135071.0
2008-08-07 09:15:00,NSE:MFSL,221.8,228.0,215.55,225.39999,56484.0
2008-08-08 09:15:00,NSE:MFSL,218.0,226.0,218.0,221.10001,37257.0
2008-08-11 09:15:00,NSE:MFSL,223.0,227.0,215.2,218.2,68648.0
2008-08-12 09:15:00,NSE:MFSL,224.89999,229.0,215.0,219.10001,35506.0
2008-08-13 09:15:00,NSE:MFSL,219.0,219.0,214.5,215.0,10542.0
2008-08-14 09:15:00,NSE:MFSL,213.0,216.0,209.5,214.10001,34768.0
2008-08-18 09:15:00,NSE:MFSL,208.60001,220.0,208.5,214.0,38098.0
2008-08-19 09:15:00,NSE:MFSL,214.0,218.89999,206.10001,214.45,43352.0
2008-08-20 09:15:00,NSE:MFSL,219.85001,220.0,210.0,213.39999,243250.0
2008-08-21 09:15:00,NSE:MFSL,216.89999,217.0,207.0,209.39999,6683.0
2008-08-22 09:15:00,NSE:MFSL,213.5,213.5,201.0,202.14999,11846.0
2008-08-25 09:15:00,NSE:MFSL,204.95,208.0,196.0,197.25,17611.0
2008-08-26 09:15:00,NSE:MFSL,197.0,213.0,197.0,208.64999,24463.0
2008-08-27 09:15:00,NSE:MFSL,208.64999,215.64999,203.95,205.7,34100.0
2008-08-28 09:15:00,NSE:MFSL,208.0,208.0,201.0,201.25,5867.0
2008-08-29 09:15:00,NSE:MFSL,207.35001,207.8,200.2,201.10001,10812.0
2008-09-01 09:15:00,NSE:MFSL,202.0,202.0,200.0,201.0,24786.0
2008-09-02 09:15:00,NSE:MFSL,203.0,214.89999,202.45,211.3,27302.0
2008-09-04 09:15:00,NSE:MFSL,213.0,218.60001,206.0,208.39999,58028.0
2008-09-05 09:15:00,NSE:MFSL,209.55,209.55,199.14999,200.5,10894.0
2008-09-08 09:15:00,NSE:MFSL,205.0,207.89999,204.0,204.89999,10683.0
2008-09-09 09:15:00,NSE:MFSL,206.0,206.0,176.60001,201.39999,14083.0
2008-09-10 09:15:00,NSE:MFSL,200.05,203.95,192.0,196.75,14481.0
2008-09-11 09:15:00,NSE:MFSL,197.10001,198.8,195.0,197.45,57622.0
2008-09-15 09:15:00,NSE:MFSL,190.0,193.85001,185.0,186.3,30082.0
2008-09-16 09:15:00,NSE:MFSL,181.05,185.0,176.5,178.0,197237.0
2008-09-17 09:15:00,NSE:MFSL,185.0,185.0,176.0,178.25,7326.0
2008-09-18 09:15:00,NSE:MFSL,174.0,183.95,155.0,176.8,44656.0
2008-09-19 09:15:00,NSE:MFSL,181.0,185.0,180.0,180.10001,65933.0
2008-09-22 09:15:00,NSE:MFSL,183.95,189.0,179.25,183.0,169136.0
2008-09-23 09:15:00,NSE:MFSL,179.0,188.60001,179.0,185.60001,352322.0
2008-09-24 09:15:00,NSE:MFSL,186.0,188.0,180.0,180.75,122420.0
2008-09-25 09:15:00,NSE:MFSL,181.05,181.05,174.0,175.14999,8801.0
2008-09-26 09:15:00,NSE:MFSL,175.95,176.0,166.95,172.3,270816.0
2008-09-29 09:15:00,NSE:MFSL,172.0,172.0,157.0,166.55,130945.0
2008-09-30 09:15:00,NSE:MFSL,159.0,170.0,154.0,165.0,289404.0
2008-10-01 09:15:00,NSE:MFSL,174.0,174.0,154.35001,156.7,64498.0
2008-10-03 09:15:00,NSE:MFSL,157.05,184.7,156.0,159.25,280877.0
2008-10-06 09:15:00,NSE:MFSL,159.95,159.95,137.0,138.89999,107665.0
2008-10-07 09:15:00,NSE:MFSL,140.95,147.0,131.0,137.95,164097.0
2008-10-08 09:15:00,NSE:MFSL,132.0,139.5,126.0,129.3,35839.0
2008-10-10 09:15:00,NSE:MFSL,125.75,125.75,121.0,121.3,45754.0
2008-10-13 09:15:00,NSE:MFSL,125.0,125.0,112.2,113.95,396236.0
2008-10-14 09:15:00,NSE:MFSL,120.0,126.8,108.5,113.35,356503.0
2008-10-15 09:15:00,NSE:MFSL,112.75,118.5,103.2,110.0,230414.0
2008-10-16 09:15:00,NSE:MFSL,106.0,114.0,106.0,110.8,26910.0
2008-10-17 09:15:00,NSE:MFSL,111.0,120.0,107.05,109.5,20513.0
2008-10-20 09:15:00,NSE:MFSL,109.0,113.0,107.05,107.9,15612.0
2008-10-21 09:15:00,NSE:MFSL,111.0,115.0,105.15,107.15,58389.0
2008-10-22 09:15:00,NSE:MFSL,107.05,109.45,98.0,100.35,36648.0
2008-10-23 09:15:00,NSE:MFSL,102.0,102.0,90.050003,90.550003,48008.0
2008-10-24 09:15:00,NSE:MFSL,90.0,91.050003,80.0,89.949997,68083.0
2008-10-27 09:15:00,NSE:MFSL,86.150002,98.75,86.150002,96.099998,49973.0
2008-10-28 09:15:00,NSE:MFSL,100.0,103.7,100.0,103.7,12248.0
2008-10-29 09:15:00,NSE:MFSL,112.0,112.9,97.150002,98.800003,41384.0
2008-10-31 09:15:00,NSE:MFSL,100.0,108.0,96.050003,97.0,24963.0
2008-11-03 09:15:00,NSE:MFSL,99.0,104.0,96.050003,97.599998,22044.0
2008-11-04 09:15:00,NSE:MFSL,101.0,101.0,90.5,91.949997,119258.0
2008-11-05 09:15:00,NSE:MFSL,95.5,105.0,91.0,101.1,151235.0
2008-11-06 09:15:00,NSE:MFSL,95.0,108.65,95.0,103.45,116135.0
2008-11-07 09:15:00,NSE:MFSL,103.0,113.0,100.2,112.15,54385.0
2008-11-10 09:15:00,NSE:MFSL,117.0,126.0,113.1,122.3,46823.0
2008-11-11 09:15:00,NSE:MFSL,122.0,125.75,117.0,124.35,48682.0
2008-11-12 09:15:00,NSE:MFSL,125.0,141.0,119.15,132.05,115503.0
2008-11-14 09:15:00,NSE:MFSL,130.0,135.0,123.0,125.7,60904.0
2008-11-17 09:15:00,NSE:MFSL,120.1,129.89999,116.0,127.8,31141.0
2008-11-18 09:15:00,NSE:MFSL,121.5,121.5,112.0,113.2,83832.0
2008-11-19 09:15:00,NSE:MFSL,115.7,118.0,103.05,106.45,16301.0
2008-11-20 09:15:00,NSE:MFSL,98.25,106.0,97.0,97.400002,61406.0
2008-11-21 09:15:00,NSE:MFSL,97.300003,100.0,96.550003,97.800003,20681.0
2008-11-24 09:15:00,NSE:MFSL,100.0,100.0,95.0,95.599998,22220.0
2008-11-25 09:15:00,NSE:MFSL,99.0,100.0,95.199997,96.25,54844.0
2008-11-26 09:15:00,NSE:MFSL,98.900002,101.0,92.0,94.449997,84567.0
2008-11-28 09:15:00,NSE:MFSL,94.949997,98.0,93.0,96.900002,44068.0
2008-12-01 09:15:00,NSE:MFSL,95.900002,96.949997,93.050003,94.25,34802.0
2008-12-02 09:15:00,NSE:MFSL,92.0,96.0,91.5,93.800003,12917.0
2008-12-03 09:15:00,NSE:MFSL,92.0,94.5,91.900002,93.25,34131.0
2008-12-04 09:15:00,NSE:MFSL,94.849998,109.0,90.300003,98.300003,101789.0
2008-12-05 09:15:00,NSE:MFSL,97.5,97.5,92.599998,93.650002,34553.0
2008-12-08 09:15:00,NSE:MFSL,96.050003,96.050003,91.150002,93.900002,79796.0
2008-12-10 09:15:00,NSE:MFSL,97.0,109.0,93.449997,104.15,801386.0
2008-12-11 09:15:00,NSE:MFSL,105.2,107.7,97.25,99.949997,101888.0
2008-12-12 09:15:00,NSE:MFSL,95.0,103.0,94.099998,99.400002,91975.0
2008-12-15 09:15:00,NSE:MFSL,101.0,115.0,100.1,112.15,568932.0
2008-12-16 09:15:00,NSE:MFSL,114.65,114.65,106.6,109.9,64053.0
2008-12-17 09:15:00,NSE:MFSL,109.5,126.0,109.5,118.55,82335.0
2008-12-18 09:15:00,NSE:MFSL,116.0,124.0,115.0,123.15,86588.0
2008-12-19 09:15:00,NSE:MFSL,124.5,127.0,119.1,122.55,26733.0
2008-12-22 09:15:00,NSE:MFSL,125.0,128.8,117.0,118.5,35717.0
2008-12-23 09:15:00,NSE:MFSL,120.6,121.75,115.0,116.8,24974.0
2008-12-24 09:15:00,NSE:MFSL,118.4,119.0,115.0,116.8,15007.0
2008-12-26 09:15:00,NSE:MFSL,116.1,118.1,115.0,115.45,11620.0
2008-12-29 09:15:00,NSE:MFSL,115.05,120.95,115.0,118.0,147219.0
2008-12-30 09:15:00,NSE:MFSL,118.1,120.0,116.05,118.45,9258.0
2008-12-31 09:15:00,NSE:MFSL,121.9,121.9,115.0,115.6,19087.0
2009-01-01 09:15:00,NSE:MFSL,117.5,118.9,115.0,116.05,15134.0
2009-01-02 09:15:00,NSE:MFSL,118.0,122.5,117.2,121.0,62685.0
2009-01-05 09:15:00,NSE:MFSL,121.9,122.5,118.1,119.55,9217.0
2009-01-06 09:15:00,NSE:MFSL,121.0,123.0,118.0,119.8,24351.0
2009-01-07 09:15:00,NSE:MFSL,120.5,122.6,100.05,107.9,194955.0
2009-01-09 09:15:00,NSE:MFSL,106.5,109.85,101.65,103.35,160923.0
2009-01-12 09:15:00,NSE:MFSL,103.35,108.0,102.35,106.05,147556.0
2009-01-13 09:15:00,NSE:MFSL,105.0,105.5,100.65,102.95,128919.0
2009-01-14 09:15:00,NSE:MFSL,103.5,113.7,103.5,110.35,57431.0
2009-01-15 09:15:00,NSE:MFSL,107.0,109.45,104.3,107.0,322085.0
2009-01-16 09:15:00,NSE:MFSL,108.0,110.5,106.05,107.35,16811.0
2009-01-19 09:15:00,NSE:MFSL,107.1,110.0,105.1,106.5,6629.0
2009-01-20 09:15:00,NSE:MFSL,109.0,109.0,103.15,105.6,6704.0
2009-01-21 09:15:00,NSE:MFSL,104.5,113.7,104.5,108.45,79095.0
2009-01-22 09:15:00,NSE:MFSL,108.1,112.25,100.1,103.1,255932.0
2009-01-23 09:15:00,NSE:MFSL,104.0,112.1,104.0,108.35,239902.0
2009-01-27 09:15:00,NSE:MFSL,109.9,113.45,106.0,107.45,10587.0
2009-01-28 09:15:00,NSE:MFSL,107.1,127.7,104.0,124.75,174448.0
2009-01-29 09:15:00,NSE:MFSL,124.75,124.75,111.5,114.4,66328.0
2009-01-30 09:15:00,NSE:MFSL,110.0,115.9,110.0,115.0,14842.0
2009-02-02 09:15:00,NSE:MFSL,115.0,118.0,112.25,114.7,21088.0
2009-02-03 09:15:00,NSE:MFSL,114.0,127.9,113.0,114.55,1135786.0
2009-02-04 09:15:00,NSE:MFSL,116.45,118.0,113.0,113.5,43919.0
2009-02-05 09:15:00,NSE:MFSL,114.0,116.0,110.2,111.6,24284.0
2009-02-06 09:15:00,NSE:MFSL,111.2,114.5,106.55,109.25,45449.0
2009-02-09 09:15:00,NSE:MFSL,108.2,111.5,106.0,108.0,95626.0
2009-02-10 09:15:00,NSE:MFSL,109.2,112.9,108.0,110.0,41371.0
2009-02-11 09:15:00,NSE:MFSL,109.0,109.75,107.05,108.05,10280.0
2009-02-12 09:15:00,NSE:MFSL,107.1,113.85,107.1,110.65,17199.0
2009-02-13 09:15:00,NSE:MFSL,111.85,118.7,109.25,117.35,61642.0
2009-02-16 09:15:00,NSE:MFSL,117.95,120.0,112.1,113.3,14910.0
2009-02-17 09:15:00,NSE:MFSL,112.0,115.0,108.1,113.15,15982.0
2009-02-18 09:15:00,NSE:MFSL,112.8,115.0,108.5,109.2,124720.0
2009-02-19 09:15:00,NSE:MFSL,110.5,111.45,106.0,107.1,8550.0
2009-02-20 09:15:00,NSE:MFSL,107.5,110.0,105.4,106.05,14208.0
2009-02-24 09:15:00,NSE:MFSL,104.1,108.0,103.05,105.45,1360930.0
2009-02-25 09:15:00,NSE:MFSL,104.25,120.0,101.25,104.05,17277.0
2009-02-26 09:15:00,NSE:MFSL,109.0,109.0,103.65,104.5,8496.0
2009-02-27 09:15:00,NSE:MFSL,104.05,106.6,103.05,104.15,81828.0
2009-03-02 09:15:00,NSE:MFSL,105.0,108.0,103.05,104.75,31958.0
2009-03-03 09:15:00,NSE:MFSL,102.05,105.0,99.0,101.95,38992.0
2009-03-04 09:15:00,NSE:MFSL,104.0,104.0,99.5,102.85,28577.0
2009-03-05 09:15:00,NSE:MFSL,100.1,104.6,98.0,102.35,78655.0
2009-03-06 09:15:00,NSE:MFSL,100.0,102.9,98.199997,101.5,47324.0
2009-03-09 09:15:00,NSE:MFSL,99.5,103.55,97.050003,101.35,109149.0
2009-03-12 09:15:00,NSE:MFSL,98.0,103.0,98.0,101.55,27559.0
2009-03-13 09:15:00,NSE:MFSL,104.95,104.95,100.45,101.65,8798.0
2009-03-16 09:15:00,NSE:MFSL,101.55,102.0,99.25,101.45,24850.0
2009-03-17 09:15:00,NSE:MFSL,102.0,106.4,101.0,102.4,35878.0
2009-03-18 09:15:00,NSE:MFSL,103.7,105.0,101.0,101.95,14364.0
2009-03-19 09:15:00,NSE:MFSL,103.0,103.7,100.05,101.85,17838.0
2009-03-20 09:15:00,NSE:MFSL,101.0,104.0,98.599998,101.55,91163.0
2009-03-23 09:15:00,NSE:MFSL,99.150002,104.0,99.0,100.45,132297.0
2009-03-24 09:15:00,NSE:MFSL,101.0,103.0,100.1,101.4,52274.0
2009-03-25 09:15:00,NSE:MFSL,101.8,101.85,97.050003,100.0,86695.0
2009-03-26 09:15:00,NSE:MFSL,100.2,100.2,99.099998,99.75,35773.0
2009-03-27 09:15:00,NSE:MFSL,100.0,101.2,97.0,99.099998,263376.0
2009-03-30 09:15:00,NSE:MFSL,98.099998,102.1,97.050003,97.949997,207984.0
2009-03-31 09:15:00,NSE:MFSL,99.25,100.0,97.199997,98.199997,19495.0
2009-04-01 09:15:00,NSE:MFSL,99.25,106.0,98.0,100.45,6291977.0
2009-04-02 09:15:00,NSE:MFSL,104.0,111.5,102.2,104.05,2994933.0
2009-04-06 09:15:00,NSE:MFSL,106.5,109.7,104.0,104.95,799634.0
2009-04-08 09:15:00,NSE:MFSL,102.0,114.4,102.0,110.25,620151.0
2009-04-09 09:15:00,NSE:MFSL,113.8,118.4,112.15,113.95,840891.0
2009-04-13 09:15:00,NSE:MFSL,115.9,117.0,112.2,114.6,278571.0
2009-04-15 09:15:00,NSE:MFSL,115.0,122.8,114.75,119.75,562075.0
2009-04-16 09:15:00,NSE:MFSL,124.8,136.5,114.0,120.05,1795842.0
2009-04-17 09:15:00,NSE:MFSL,124.0,132.7,121.0,123.45,861192.0
2009-04-20 09:15:00,NSE:MFSL,125.7,128.0,122.55,124.2,948407.0
2009-04-21 09:15:00,NSE:MFSL,121.0,124.8,117.55,118.95,238445.0
2009-04-22 09:15:00,NSE:MFSL,120.5,130.89999,120.0,122.9,435226.0
2009-04-23 09:15:00,NSE:MFSL,124.7,134.7,121.0,131.2,422825.0
2009-04-24 09:15:00,NSE:MFSL,133.7,141.75,130.0,139.55,809171.0
2009-04-27 09:15:00,NSE:MFSL,139.7,148.89999,138.0,145.45,747804.0
2009-04-28 09:15:00,NSE:MFSL,143.0,145.2,135.10001,142.35001,276449.0
2009-04-29 09:15:00,NSE:MFSL,141.0,143.3,137.5,141.14999,193639.0
2009-05-04 09:15:00,NSE:MFSL,144.0,148.60001,138.10001,146.8,236887.0
2009-05-05 09:15:00,NSE:MFSL,145.05,148.0,142.05,146.60001,61597.0
2009-05-06 09:15:00,NSE:MFSL,145.0,147.2,140.5,145.45,206750.0
2009-05-07 09:15:00,NSE:MFSL,143.3,148.35001,143.2,146.85001,103157.0
2009-05-08 09:15:00,NSE:MFSL,145.10001,147.95,143.10001,147.25,49740.0
2009-05-11 09:15:00,NSE:MFSL,145.8,148.0,143.5,147.60001,144216.0
2009-05-12 09:15:00,NSE:MFSL,144.10001,147.7,144.10001,146.85001,40120.0
2009-05-13 09:15:00,NSE:MFSL,147.60001,147.89999,142.75,144.3,20718.0
2009-05-14 09:15:00,NSE:MFSL,142.0,146.5,136.60001,145.0,147491.0
2009-05-15 09:15:00,NSE:MFSL,145.05,148.5,139.0,141.95,712843.0
2009-05-18 09:15:00,NSE:MFSL,160.0,170.35001,160.0,164.05,25990.0
2009-05-19 09:15:00,NSE:MFSL,175.14999,184.89999,158.0,176.0,1266185.0
2009-05-20 09:15:00,NSE:MFSL,179.3,189.39999,175.55,184.35001,177192.0
2009-05-21 09:15:00,NSE:MFSL,189.95,196.0,171.10001,178.5,211592.0
2009-05-22 09:15:00,NSE:MFSL,177.0,181.89999,171.5,179.2,317543.0
2009-05-25 09:15:00,NSE:MFSL,180.0,195.8,175.5,185.60001,176962.0
2009-05-26 09:15:00,NSE:MFSL,187.5,191.89999,172.5,177.35001,130955.0
2009-05-27 09:15:00,NSE:MFSL,180.10001,185.8,176.14999,177.39999,145461.0
2009-05-28 09:15:00,NSE:MFSL,177.10001,185.0,175.2,180.75,109891.0
2009-05-29 09:15:00,NSE:MFSL,183.8,196.45,182.0,191.14999,143218.0
2009-06-01 09:15:00,NSE:MFSL,193.0,195.0,182.10001,185.95,245110.0
2009-06-02 09:15:00,NSE:MFSL,187.0,216.89999,184.5,195.7,955332.0
2009-06-03 09:15:00,NSE:MFSL,197.5,226.7,195.2,203.39999,1446699.0
2009-06-04 09:15:00,NSE:MFSL,202.89999,236.0,200.0,230.2,0.0
2009-06-05 09:15:00,NSE:MFSL,234.75,241.5,220.75,222.35001,540313.0
2009-06-08 09:15:00,NSE:MFSL,223.0,227.89999,212.05,217.3,325269.0
2009-06-09 09:15:00,NSE:MFSL,212.0,225.0,208.0,224.55,281570.0
2009-06-10 09:15:00,NSE:MFSL,227.0,239.89999,220.55,237.55,844769.0
2009-06-11 09:15:00,NSE:MFSL,237.0,254.0,225.0,244.85001,806479.0
2009-06-12 09:15:00,NSE:MFSL,245.05,245.05,226.0,228.2,143933.0
2009-06-15 09:15:00,NSE:MFSL,227.95,231.5,217.0,218.60001,86054.0
2009-06-16 09:15:00,NSE:MFSL,218.0,230.5,214.5,228.55,123985.0
2009-06-17 09:15:00,NSE:MFSL,248.0,251.45,228.0,230.35001,832374.0
2009-06-18 09:15:00,NSE:MFSL,234.0,234.0,207.55,210.05,294012.0
2009-06-19 09:15:00,NSE:MFSL,215.0,217.7,202.14999,206.14999,181458.0
2009-06-22 09:15:00,NSE:MFSL,209.7,210.7,203.0,206.14999,131230.0
2009-06-23 09:15:00,NSE:MFSL,204.5,204.89999,198.10001,202.0,143886.0
2009-06-24 09:15:00,NSE:MFSL,204.0,222.2,202.0,216.0,274088.0
2009-06-25 09:15:00,NSE:MFSL,217.05,217.25,205.5,209.45,100506.0
2009-06-26 09:15:00,NSE:MFSL,212.8,219.89999,203.60001,214.60001,411743.0
2009-06-29 09:15:00,NSE:MFSL,222.0,232.10001,218.0,220.85001,440687.0
2009-06-30 09:15:00,NSE:MFSL,226.0,228.7,210.0,212.0,175040.0
2009-07-01 09:15:00,NSE:MFSL,212.89999,217.8,208.0,209.8,549781.0
2009-07-02 09:15:00,NSE:MFSL,211.39999,216.39999,200.0,210.55,930891.0
2009-07-03 09:15:00,NSE:MFSL,211.10001,214.5,204.60001,207.35001,965938.0
2009-07-06 09:15:00,NSE:MFSL,209.7,221.8,186.64999,189.39999,0.0
2009-07-07 09:15:00,NSE:MFSL,195.0,197.55,190.0,193.0,910045.0
2009-07-08 09:15:00,NSE:MFSL,192.85001,196.0,182.5,194.3,374729.0
2009-07-09 09:15:00,NSE:MFSL,195.0,201.0,185.14999,197.75,292144.0
2009-07-10 09:15:00,NSE:MFSL,198.0,200.0,193.2,198.0,270114.0
2009-07-13 09:15:00,NSE:MFSL,194.89999,199.0,187.0,196.85001,171510.0
2009-07-14 09:15:00,NSE:MFSL,196.89999,201.5,195.7,197.75,612722.0
2009-07-15 09:15:00,NSE:MFSL,198.5,199.0,193.05,196.0,290201.0
2009-07-16 09:15:00,NSE:MFSL,198.5,202.75,194.14999,196.14999,162641.0
2009-07-17 09:15:00,NSE:MFSL,196.95,215.95,195.0,213.25,9646206.0
2009-07-20 09:15:00,NSE:MFSL,217.7,218.3,209.05,211.3,627308.0
2009-07-21 09:15:00,NSE:MFSL,212.10001,218.7,206.14999,214.75,1582673.0
2009-07-22 09:15:00,NSE:MFSL,218.95,221.8,213.5,215.5,485625.0
2009-07-23 09:15:00,NSE:MFSL,215.5,222.7,210.10001,211.05,456542.0
2009-07-24 09:15:00,NSE:MFSL,213.5,216.0,197.64999,199.75,494792.0
2009-07-27 09:15:00,NSE:MFSL,200.64999,205.0,194.7,198.10001,252583.0
2009-07-28 09:15:00,NSE:MFSL,199.45,209.0,195.3,199.89999,379390.0
2009-07-29 09:15:00,NSE:MFSL,200.14999,200.8,191.5,193.7,221600.0
2009-07-30 09:15:00,NSE:MFSL,193.95,200.5,187.60001,189.85001,438489.0
2009-07-31 09:15:00,NSE:MFSL,193.45,210.0,192.0,208.25,858178.0
2009-08-03 09:15:00,NSE:MFSL,208.0,208.0,202.10001,204.3,343393.0
2009-08-04 09:15:00,NSE:MFSL,204.0,223.45,204.0,218.0,1763206.0
2009-08-05 09:15:00,NSE:MFSL,219.89999,224.89999,215.39999,218.8,434143.0
2009-08-06 09:15:00,NSE:MFSL,219.8,222.0,211.10001,213.64999,566041.0
2009-08-07 09:15:00,NSE:MFSL,214.0,214.0,207.55,211.64999,548818.0
2009-08-10 09:15:00,NSE:MFSL,215.0,216.7,208.05,212.7,974218.0
2009-08-11 09:15:00,NSE:MFSL,210.10001,215.0,209.60001,212.95,721290.0
2009-08-12 09:15:00,NSE:MFSL,212.0,212.39999,204.0,205.89999,107665.0
2009-08-13 09:15:00,NSE:MFSL,235.0,240.0,207.3,211.89999,349172.0
2009-08-14 09:15:00,NSE:MFSL,213.0,213.45,205.25,206.39999,116573.0
2009-08-17 09:15:00,NSE:MFSL,202.10001,206.39999,197.0,200.25,138225.0
2009-08-18 09:15:00,NSE:MFSL,200.0,205.64999,198.60001,200.14999,206208.0
2009-08-19 09:15:00,NSE:MFSL,202.0,205.0,192.0,194.89999,122437.0
2009-08-20 09:15:00,NSE:MFSL,195.0,199.0,190.8,194.10001,277122.0
2009-08-21 09:15:00,NSE:MFSL,192.7,196.7,190.05,191.7,532319.0
2009-08-24 09:15:00,NSE:MFSL,194.0,195.0,188.14999,191.35001,446158.0
2009-08-25 09:15:00,NSE:MFSL,190.5,194.55,188.55,191.25,638837.0
2009-08-26 09:15:00,NSE:MFSL,192.89999,193.89999,185.10001,188.0,689300.0
2009-08-27 09:15:00,NSE:MFSL,187.5,188.89999,181.45,184.75,743203.0
2009-08-28 09:15:00,NSE:MFSL,185.39999,187.60001,181.5,184.14999,744481.0
2009-08-31 09:15:00,NSE:MFSL,183.0,187.0,180.5,184.60001,337096.0
2009-09-01 09:15:00,NSE:MFSL,185.5,194.64999,183.39999,184.25,1435856.0
2009-09-02 09:15:00,NSE:MFSL,184.5,187.7,180.3,181.10001,348739.0
2009-09-03 09:15:00,NSE:MFSL,183.5,185.0,177.0,178.39999,303315.0
2009-09-04 09:15:00,NSE:MFSL,178.5,183.39999,176.0,181.39999,696871.0
2009-09-07 09:15:00,NSE:MFSL,183.95,184.89999,180.10001,180.85001,393056.0
2009-09-08 09:15:00,NSE:MFSL,182.0,187.0,181.05,185.39999,1251386.0
2009-09-09 09:15:00,NSE:MFSL,187.35001,190.0,183.5,184.25,416521.0
2009-09-10 09:15:00,NSE:MFSL,187.0,188.39999,183.05,184.2,519873.0
2009-09-11 09:15:00,NSE:MFSL,184.5,186.45,180.0,182.5,252578.0
2009-09-14 09:15:00,NSE:MFSL,182.0,184.7,180.05,182.55,106930.0
2009-09-15 09:15:00,NSE:MFSL,182.95,188.35001,182.95,185.35001,230235.0
2009-09-16 09:15:00,NSE:MFSL,187.0,188.89999,185.64999,186.60001,125127.0
2009-09-17 09:15:00,NSE:MFSL,187.0,202.2,186.14999,196.45,2156018.0
2009-09-18 09:15:00,NSE:MFSL,197.8,201.5,194.10001,195.89999,601077.0
2009-09-22 09:15:00,NSE:MFSL,195.95,197.7,192.25,192.89999,187987.0
2009-09-23 09:15:00,NSE:MFSL,194.25,198.7,186.89999,187.7,623046.0
2009-09-24 09:15:00,NSE:MFSL,186.95,188.35001,182.55,186.10001,281206.0
2009-09-25 09:15:00,NSE:MFSL,185.0,191.8,183.5,185.39999,484748.0
2009-09-29 09:15:00,NSE:MFSL,188.64999,188.64999,184.25,185.2,127615.0
2009-09-30 09:15:00,NSE:MFSL,186.2,189.75,184.0,184.60001,277490.0
2009-10-01 09:15:00,NSE:MFSL,185.10001,187.5,184.0,184.60001,313752.0
2009-10-05 09:15:00,NSE:MFSL,184.0,190.39999,181.0,182.5,535846.0
2009-10-06 09:15:00,NSE:MFSL,184.8,185.14999,180.10001,183.35001,144778.0
2009-10-07 09:15:00,NSE:MFSL,185.10001,186.64999,179.2,181.45,361253.0
2009-10-08 09:15:00,NSE:MFSL,182.95,183.89999,172.0,175.3,469817.0
2009-10-09 09:15:00,NSE:MFSL,175.5,179.8,172.55,175.8,438487.0
2009-10-12 09:15:00,NSE:MFSL,177.89999,178.60001,175.55,176.7,95501.0
2009-10-14 09:15:00,NSE:MFSL,178.5,181.45,177.0,178.0,310662.0
2009-10-15 09:15:00,NSE:MFSL,179.7,183.0,176.89999,177.85001,285545.0
2009-10-16 09:15:00,NSE:MFSL,178.95,189.0,178.0,185.0,683068.0
2009-10-20 09:15:00,NSE:MFSL,186.5,189.89999,184.05,186.8,274969.0
2009-10-21 09:15:00,NSE:MFSL,187.89999,188.0,180.5,185.75,354691.0
2009-10-22 09:15:00,NSE:MFSL,185.5,186.8,180.0,181.60001,168414.0
2009-10-23 09:15:00,NSE:MFSL,184.5,190.7,183.0,186.0,347881.0
2009-10-26 09:15:00,NSE:MFSL,186.95,186.95,182.0,183.2,114691.0
2009-10-27 09:15:00,NSE:MFSL,181.0,181.85001,174.25,179.10001,135924.0
2009-10-28 09:15:00,NSE:MFSL,178.0,182.89999,174.10001,181.85001,248877.0
2009-10-29 09:15:00,NSE:MFSL,179.0,181.39999,175.0,179.55,230700.0
2009-10-30 09:15:00,NSE:MFSL,181.2,185.0,175.10001,179.45,194712.0
2009-11-03 09:15:00,NSE:MFSL,178.0,181.0,167.25,172.2,196510.0
2009-11-04 09:15:00,NSE:MFSL,176.0,180.0,170.25,178.75,155780.0
2009-11-05 09:15:00,NSE:MFSL,177.05,182.95,172.8,181.35001,134589.0
2009-11-06 09:15:00,NSE:MFSL,184.7,187.0,176.39999,180.14999,213251.0
2009-11-09 09:15:00,NSE:MFSL,184.7,189.0,183.60001,185.14999,227669.0
2009-11-10 09:15:00,NSE:MFSL,187.7,190.89999,180.0,185.35001,948619.0
2009-11-11 09:15:00,NSE:MFSL,186.2,193.45,184.60001,190.14999,448629.0
2009-11-12 09:15:00,NSE:MFSL,188.10001,195.39999,185.5,190.25,226237.0
2009-11-13 09:15:00,NSE:MFSL,191.0,196.0,190.2,192.64999,303669.0
2009-11-16 09:15:00,NSE:MFSL,194.0,197.0,192.5,193.39999,150458.0
2009-11-17 09:15:00,NSE:MFSL,194.5,195.89999,188.60001,190.7,94181.0
2009-11-18 09:15:00,NSE:MFSL,192.0,198.8,190.89999,196.8,349992.0
2009-11-19 09:15:00,NSE:MFSL,196.0,206.8,193.0,199.3,810844.0
2009-11-20 09:15:00,NSE:MFSL,198.39999,212.39999,198.2,209.75,787361.0
2009-11-23 09:15:00,NSE:MFSL,210.05,214.75,207.0,212.05,447282.0
2009-11-24 09:15:00,NSE:MFSL,217.0,232.39999,216.0,227.45,3700692.0
2009-11-25 09:15:00,NSE:MFSL,230.0,236.60001,223.10001,225.05,1456126.0
2009-11-26 09:15:00,NSE:MFSL,228.89999,231.0,224.05,226.39999,762627.0
2009-11-27 09:15:00,NSE:MFSL,221.5,230.7,212.14999,221.7,698112.0
2009-11-30 09:15:00,NSE:MFSL,224.0,229.60001,221.25,222.39999,288699.0
2009-12-01 09:15:00,NSE:MFSL,224.0,228.39999,222.55,225.55,429654.0
2009-12-02 09:15:00,NSE:MFSL,228.89999,229.2,222.2,223.7,212401.0
2009-12-03 09:15:00,NSE:MFSL,226.60001,228.0,221.5,222.8,171295.0
2009-12-04 09:15:00,NSE:MFSL,221.0,235.5,220.35001,228.2,657332.0
2009-12-07 09:15:00,NSE:MFSL,229.7,231.39999,218.0,220.89999,542465.0
2009-12-08 09:15:00,NSE:MFSL,221.5,223.60001,217.39999,218.55,329588.0
2009-12-09 09:15:00,NSE:MFSL,218.55,224.8,218.0,219.5,189090.0
2009-12-10 09:15:00,NSE:MFSL,220.7,221.7,218.0,218.64999,97680.0
2009-12-11 09:15:00,NSE:MFSL,220.89999,223.64999,214.10001,218.5,186726.0
2009-12-14 09:15:00,NSE:MFSL,218.2,220.95,212.55,213.75,182091.0
2009-12-15 09:15:00,NSE:MFSL,215.3,219.39999,210.14999,212.95,255878.0
2009-12-16 09:15:00,NSE:MFSL,213.39999,218.8,203.0,211.45,1207071.0
2009-12-17 09:15:00,NSE:MFSL,207.0,213.89999,204.10001,210.89999,386531.0
2009-12-18 09:15:00,NSE:MFSL,211.0,218.8,209.0,214.10001,301054.0
2009-12-21 09:15:00,NSE:MFSL,214.10001,221.10001,206.5,215.5,251336.0
2009-12-22 09:15:00,NSE:MFSL,216.0,224.5,216.0,223.0,404909.0
2009-12-23 09:15:00,NSE:MFSL,224.85001,226.8,222.5,224.7,245984.0
2009-12-24 09:15:00,NSE:MFSL,224.0,229.8,221.0,224.39999,214208.0
2009-12-29 09:15:00,NSE:MFSL,227.89999,244.8,226.5,227.35001,716175.0
2009-12-30 09:15:00,NSE:MFSL,229.05,233.0,220.14999,221.45,355360.0
2009-12-31 09:15:00,NSE:MFSL,223.64999,226.25,220.5,222.05,183366.0
2010-01-04 09:15:00,NSE:MFSL,226.0,230.89999,221.60001,229.7,903073.0
2010-01-05 09:15:00,NSE:MFSL,231.89999,233.45,226.25,227.2,309256.0
2010-01-06 09:15:00,NSE:MFSL,228.5,231.0,224.0,225.89999,250409.0
2010-01-07 09:15:00,NSE:MFSL,226.7,228.0,221.10001,221.85001,153867.0
2010-01-08 09:15:00,NSE:MFSL,223.0,224.7,216.25,216.95,212640.0
2010-01-11 09:15:00,NSE:MFSL,218.0,224.5,216.14999,217.55,264448.0
2010-01-12 09:15:00,NSE:MFSL,219.0,220.89999,215.0,215.95,163214.0
2010-01-13 09:15:00,NSE:MFSL,214.0,221.5,208.14999,217.39999,117013.0
2010-01-14 09:15:00,NSE:MFSL,220.89999,225.0,218.10001,223.89999,210228.0
2010-01-15 09:15:00,NSE:MFSL,223.2,225.89999,221.5,222.05,90292.0
2010-01-18 09:15:00,NSE:MFSL,218.05,227.0,218.05,225.75,103649.0
2010-01-19 09:15:00,NSE:MFSL,225.75,228.14999,220.55,222.55,191960.0
2010-01-20 09:15:00,NSE:MFSL,222.05,225.7,222.0,222.8,56094.0
2010-01-21 09:15:00,NSE:MFSL,220.0,224.0,217.25,218.60001,165890.0
2010-01-22 09:15:00,NSE:MFSL,213.0,217.0,205.39999,214.25,226055.0
2010-01-25 09:15:00,NSE:MFSL,212.85001,213.7,206.2,207.8,147812.0
2010-01-27 09:15:00,NSE:MFSL,209.0,209.0,188.10001,190.35001,394454.0
2010-01-28 09:15:00,NSE:MFSL,194.8,218.89999,194.0,208.25,2039587.0
2010-01-29 09:15:00,NSE:MFSL,201.0,210.89999,196.45,209.05,684690.0
2010-02-01 09:15:00,NSE:MFSL,205.0,208.0,199.0,200.10001,516377.0
2010-02-02 09:15:00,NSE:MFSL,204.85001,205.5,195.2,197.25,133678.0
2010-02-03 09:15:00,NSE:MFSL,200.0,206.5,199.45,205.35001,190020.0
2010-02-04 09:15:00,NSE:MFSL,206.0,208.3,200.5,201.14999,106251.0
2010-02-05 09:15:00,NSE:MFSL,193.8,202.8,192.75,199.25,88279.0
2010-02-08 09:15:00,NSE:MFSL,203.8,205.0,196.05,199.14999,113971.0
2010-02-09 09:15:00,NSE:MFSL,197.0,202.5,196.0,200.3,162877.0
2010-02-10 09:15:00,NSE:MFSL,203.45,208.75,196.0,197.8,1080914.0
2010-02-11 09:15:00,NSE:MFSL,200.5,202.0,197.3,197.8,62091.0
2010-02-15 09:15:00,NSE:MFSL,199.10001,201.0,196.5,197.8,51346.0
2010-02-16 09:15:00,NSE:MFSL,200.0,200.0,196.0,197.14999,35827.0
2010-02-17 09:15:00,NSE:MFSL,199.7,205.89999,196.7,197.8,360681.0
2010-02-18 09:15:00,NSE:MFSL,197.0,209.0,197.0,201.95,1145167.0
2010-02-19 09:15:00,NSE:MFSL,200.0,201.95,197.5,198.45,145620.0
2010-02-22 09:15:00,NSE:MFSL,200.95,203.0,192.89999,193.89999,164539.0
2010-02-23 09:15:00,NSE:MFSL,194.0,197.89999,190.05,190.89999,141202.0
2010-02-24 09:15:00,NSE:MFSL,189.95,193.8,188.5,191.55,153446.0
2010-02-25 09:15:00,NSE:MFSL,192.0,196.60001,191.2,194.2,371367.0
2010-02-26 09:15:00,NSE:MFSL,197.0,204.8,194.10001,195.2,758482.0
2010-03-02 09:15:00,NSE:MFSL,196.5,200.95,195.3,200.2,300689.0
2010-03-03 09:15:00,NSE:MFSL,202.0,207.0,200.14999,205.95,436281.0
2010-03-04 09:15:00,NSE:MFSL,206.89999,211.45,206.89999,207.95,497754.0
2010-03-05 09:15:00,NSE:MFSL,208.0,216.7,208.0,215.3,485220.0
2010-03-08 09:15:00,NSE:MFSL,217.89999,219.7,208.0,209.3,213297.0
2010-03-09 09:15:00,NSE:MFSL,210.35001,210.8,202.60001,203.39999,126659.0
2010-03-10 09:15:00,NSE:MFSL,204.89999,204.95,197.5,199.0,163577.0
2010-03-11 09:15:00,NSE:MFSL,199.0,200.95,195.2,196.39999,201263.0
2010-03-12 09:15:00,NSE:MFSL,198.60001,199.89999,192.10001,192.8,328935.0
2010-03-15 09:15:00,NSE:MFSL,194.45,194.89999,186.25,190.2,466618.0
2010-03-16 09:15:00,NSE:MFSL,188.10001,195.0,186.55,193.55,401258.0
2010-03-17 09:15:00,NSE:MFSL,194.0,194.8,190.75,193.60001,348618.0
2010-03-18 09:15:00,NSE:MFSL,192.25,199.75,191.05,196.89999,329652.0
2010-03-19 09:15:00,NSE:MFSL,197.85001,198.85001,192.64999,196.3,508560.0
2010-03-22 09:15:00,NSE:MFSL,191.89999,204.0,191.85001,202.5,700100.0
2010-03-23 09:15:00,NSE:MFSL,203.0,207.95,201.0,204.39999,451133.0
2010-03-25 09:15:00,NSE:MFSL,206.14999,208.39999,202.0,203.85001,237557.0
2010-03-26 09:15:00,NSE:MFSL,205.0,205.0,199.0,203.05,121845.0
2010-03-29 09:15:00,NSE:MFSL,203.0,210.3,201.0,203.60001,257291.0
2010-03-30 09:15:00,NSE:MFSL,204.95,208.7,204.0,206.60001,129554.0
2010-03-31 09:15:00,NSE:MFSL,208.5,209.7,206.0,207.2,138225.0
2010-04-01 09:15:00,NSE:MFSL,208.8,217.95,208.05,216.89999,389913.0
2010-04-05 09:15:00,NSE:MFSL,217.0,219.89999,209.2,213.0,238768.0
2010-04-06 09:15:00,NSE:MFSL,214.8,218.5,213.0,213.89999,167840.0
2010-04-07 09:15:00,NSE:MFSL,215.35001,222.89999,214.10001,218.0,1515663.0
2010-04-08 09:15:00,NSE:MFSL,215.0,219.45,213.10001,216.45,441676.0
2010-04-09 09:15:00,NSE:MFSL,217.85001,220.89999,217.0,219.85001,322959.0
2010-04-12 09:15:00,NSE:MFSL,217.05,218.8,214.5,216.64999,1051046.0
2010-04-13 09:15:00,NSE:MFSL,215.39999,218.14999,213.5,214.89999,327214.0
2010-04-15 09:15:00,NSE:MFSL,216.95,219.85001,190.55,193.39999,1544651.0
2010-04-16 09:15:00,NSE:MFSL,193.0,197.89999,176.2,184.85001,6161352.0
2010-04-19 09:15:00,NSE:MFSL,183.89999,187.89999,175.64999,181.5,1165312.0
2010-04-20 09:15:00,NSE:MFSL,185.95,191.95,184.0,190.10001,1126137.0
2010-04-21 09:15:00,NSE:MFSL,191.95,192.8,184.5,187.55,455864.0
2010-04-22 09:15:00,NSE:MFSL,188.0,189.89999,186.0,187.14999,288841.0
2010-04-23 09:15:00,NSE:MFSL,187.2,190.89999,182.75,189.95,350685.0
2010-04-26 09:15:00,NSE:MFSL,190.05,192.39999,184.0,184.7,393132.0
2010-04-27 09:15:00,NSE:MFSL,186.0,186.5,183.0,184.35001,273576.0
2010-04-28 09:15:00,NSE:MFSL,180.55,183.0,177.25,178.89999,277922.0
2010-04-29 09:15:00,NSE:MFSL,181.0,184.85001,177.35001,181.39999,310810.0
2010-04-30 09:15:00,NSE:MFSL,183.0,183.89999,178.55,179.14999,329790.0
2010-05-03 09:15:00,NSE:MFSL,178.5,183.0,176.0,179.25,426005.0
2010-05-04 09:15:00,NSE:MFSL,178.0,182.0,171.5,172.55,530026.0
2010-05-05 09:15:00,NSE:MFSL,166.0,177.95,166.0,174.75,681132.0
2010-05-06 09:15:00,NSE:MFSL,174.0,183.3,173.0,181.45,348634.0
2010-05-07 09:15:00,NSE:MFSL,178.64999,178.64999,174.25,176.75,193410.0
2010-05-10 09:15:00,NSE:MFSL,179.8,180.0,176.2,176.89999,254324.0
2010-05-11 09:15:00,NSE:MFSL,179.8,179.8,173.14999,174.14999,236311.0
2010-05-12 09:15:00,NSE:MFSL,175.85001,175.85001,171.2,172.60001,83065.0
2010-05-13 09:15:00,NSE:MFSL,174.0,186.75,172.64999,181.75,800575.0
2010-05-14 09:15:00,NSE:MFSL,178.39999,181.0,176.64999,178.60001,405846.0
2010-05-17 09:15:00,NSE:MFSL,175.5,185.0,172.64999,184.3,458587.0
2010-05-18 09:15:00,NSE:MFSL,183.0,184.89999,180.14999,181.45,155825.0
2010-05-19 09:15:00,NSE:MFSL,180.39999,180.89999,172.10001,173.45,277396.0
2010-05-20 09:15:00,NSE:MFSL,174.10001,178.89999,174.10001,175.25,244609.0
2010-05-21 09:15:00,NSE:MFSL,170.55,178.0,170.55,175.39999,157048.0
2010-05-24 09:15:00,NSE:MFSL,178.0,179.39999,173.5,174.8,57479.0
2010-05-25 09:15:00,NSE:MFSL,174.8,175.0,167.14999,170.0,110998.0
2010-05-26 09:15:00,NSE:MFSL,173.35001,175.89999,168.05,172.55,544390.0
2010-05-27 09:15:00,NSE:MFSL,171.0,171.05,160.95,166.60001,1192699.0
2010-05-28 09:15:00,NSE:MFSL,169.0,169.0,160.55,162.75,1123567.0
2010-05-31 09:15:00,NSE:MFSL,163.10001,164.0,158.39999,162.89999,480117.0
2010-06-01 09:15:00,NSE:MFSL,163.75,165.60001,160.0,160.5,306243.0
2010-06-02 09:15:00,NSE:MFSL,161.25,163.2,160.10001,161.35001,273528.0
2010-06-03 09:15:00,NSE:MFSL,161.5,165.0,161.5,162.5,493611.0
2010-06-04 09:15:00,NSE:MFSL,162.05,164.25,160.05,161.8,260109.0
2010-06-07 09:15:00,NSE:MFSL,160.0,161.05,156.60001,159.2,207705.0
2010-06-08 09:15:00,NSE:MFSL,160.95,162.2,159.5,160.8,346786.0
2010-06-09 09:15:00,NSE:MFSL,161.95,170.7,161.10001,163.5,1032352.0
2010-06-10 09:15:00,NSE:MFSL,164.5,166.89999,162.60001,164.64999,355496.0
2010-06-11 09:15:00,NSE:MFSL,164.05,165.95,161.5,162.05,536009.0
2010-06-14 09:15:00,NSE:MFSL,163.7,164.39999,161.05,162.45,250242.0
2010-06-15 09:15:00,NSE:MFSL,163.8,163.8,161.10001,161.8,352423.0
2010-06-16 09:15:00,NSE:MFSL,164.0,165.2,161.0,161.75,285439.0
2010-06-17 09:15:00,NSE:MFSL,162.75,164.5,160.55,161.85001,843868.0
2010-06-18 09:15:00,NSE:MFSL,163.0,168.2,161.0,164.35001,2347608.0
2010-06-21 09:15:00,NSE:MFSL,171.0,176.89999,166.25,168.2,3085434.0
2010-06-22 09:15:00,NSE:MFSL,168.0,168.95,165.8,166.85001,1578940.0
2010-06-23 09:15:00,NSE:MFSL,167.5,167.89999,162.8,163.95,1408347.0
2010-06-24 09:15:00,NSE:MFSL,164.0,167.5,162.60001,163.45,308718.0
2010-06-25 09:15:00,NSE:MFSL,164.8,165.0,160.3,161.14999,360843.0
2010-06-28 09:15:00,NSE:MFSL,162.45,165.85001,160.10001,165.14999,597575.0
2010-06-29 09:15:00,NSE:MFSL,163.0,165.0,156.5,156.89999,814337.0
2010-06-30 09:15:00,NSE:MFSL,165.5,165.5,151.60001,153.75,860031.0
2010-07-01 09:15:00,NSE:MFSL,154.39999,158.05,154.3,156.45,793181.0
2010-07-02 09:15:00,NSE:MFSL,158.0,159.39999,156.35001,158.35001,517759.0
2010-07-05 09:15:00,NSE:MFSL,156.0,158.85001,155.0,157.89999,118803.0
2010-07-06 09:15:00,NSE:MFSL,158.45,159.5,155.64999,156.0,143808.0
2010-07-07 09:15:00,NSE:MFSL,156.10001,157.64999,154.60001,154.8,142112.0
2010-07-08 09:15:00,NSE:MFSL,156.0,158.2,142.39999,155.10001,239064.0
2010-07-09 09:15:00,NSE:MFSL,156.5,157.39999,154.0,154.39999,459958.0
2010-07-12 09:15:00,NSE:MFSL,155.39999,159.75,151.7,157.7,851985.0
2010-07-13 09:15:00,NSE:MFSL,159.0,169.10001,158.0,167.89999,2180617.0
2010-07-14 09:15:00,NSE:MFSL,169.89999,169.95,163.5,164.10001,1220316.0
2010-07-15 09:15:00,NSE:MFSL,164.89999,168.3,163.10001,164.60001,927566.0
2010-07-16 09:15:00,NSE:MFSL,165.75,169.64999,162.2,163.2,672254.0
2010-07-19 09:15:00,NSE:MFSL,164.5,166.5,161.25,161.64999,504339.0
2010-07-20 09:15:00,NSE:MFSL,162.89999,163.89999,158.5,159.05,1084132.0
2010-07-21 09:15:00,NSE:MFSL,160.25,161.89999,158.64999,159.8,300721.0
2010-07-22 09:15:00,NSE:MFSL,158.05,160.89999,157.60001,158.35001,330683.0
2010-07-23 09:15:00,NSE:MFSL,159.5,164.45,155.39999,156.5,953047.0
2010-07-26 09:15:00,NSE:MFSL,157.35001,160.0,153.0,153.89999,811648.0
2010-07-27 09:15:00,NSE:MFSL,154.5,156.3,153.35001,154.89999,289426.0
2010-07-28 09:15:00,NSE:MFSL,155.5,155.85001,153.10001,153.5,205860.0
2010-07-29 09:15:00,NSE:MFSL,153.10001,156.3,152.2,153.89999,158895.0
2010-07-30 09:15:00,NSE:MFSL,154.45,155.3,152.5,154.0,220947.0
2010-08-02 09:15:00,NSE:MFSL,154.7,158.05,153.55,155.35001,434036.0
2010-08-03 09:15:00,NSE:MFSL,156.5,156.89999,153.85001,154.60001,268955.0
2010-08-04 09:15:00,NSE:MFSL,155.0,155.0,152.7,153.2,413410.0
2010-08-05 09:15:00,NSE:MFSL,153.2,159.85001,152.0,155.35001,1279758.0
2010-08-06 09:15:00,NSE:MFSL,156.0,164.89999,153.2,162.75,3027427.0
2010-08-09 09:15:00,NSE:MFSL,164.14999,167.5,162.25,165.85001,1863429.0
2010-08-10 09:15:00,NSE:MFSL,166.7,168.2,164.25,164.85001,1191727.0
2010-08-11 09:15:00,NSE:MFSL,165.0,166.85001,158.60001,159.64999,435352.0
2010-08-12 09:15:00,NSE:MFSL,157.5,159.7,157.5,158.10001,337662.0
2010-08-13 09:15:00,NSE:MFSL,158.10001,159.0,154.0,154.64999,828471.0
2010-08-16 09:15:00,NSE:MFSL,154.64999,156.64999,150.10001,152.0,550053.0
2010-08-17 09:15:00,NSE:MFSL,153.45,153.89999,149.64999,150.05,390177.0
2010-08-18 09:15:00,NSE:MFSL,150.5,153.05,150.35001,152.45,1035095.0
2010-08-19 09:15:00,NSE:MFSL,153.3,153.60001,152.2,152.8,568157.0
2010-08-20 09:15:00,NSE:MFSL,153.7,153.7,151.2,152.60001,239266.0
2010-08-23 09:15:00,NSE:MFSL,153.95,154.10001,151.5,152.55,213690.0
2010-08-24 09:15:00,NSE:MFSL,153.0,158.5,150.95,156.95,1137155.0
2010-08-25 09:15:00,NSE:MFSL,157.55,159.0,154.10001,154.95,409196.0
2010-08-26 09:15:00,NSE:MFSL,155.8,155.8,152.14999,152.85001,162867.0
2010-08-27 09:15:00,NSE:MFSL,152.0,155.5,150.0,152.55,253649.0
2010-08-30 09:15:00,NSE:MFSL,153.14999,155.0,152.2,153.7,366066.0
2010-08-31 09:15:00,NSE:MFSL,153.0,156.0,150.10001,154.3,1445724.0
2010-09-01 09:15:00,NSE:MFSL,155.75,157.89999,152.5,154.39999,249982.0
2010-09-02 09:15:00,NSE:MFSL,156.39999,158.0,151.75,152.89999,562661.0
2010-09-03 09:15:00,NSE:MFSL,154.10001,158.39999,151.55,157.3,750887.0
2010-09-06 09:15:00,NSE:MFSL,159.0,160.75,156.5,158.45,455997.0
2010-09-07 09:15:00,NSE:MFSL,159.8,159.95,154.55,155.35001,264607.0
2010-09-08 09:15:00,NSE:MFSL,155.5,165.5,155.14999,163.89999,1785330.0
2010-09-09 09:15:00,NSE:MFSL,165.0,172.5,163.14999,171.7,2381842.0
2010-09-13 09:15:00,NSE:MFSL,172.85001,174.5,166.89999,170.8,1018125.0
2010-09-14 09:15:00,NSE:MFSL,171.14999,171.8,164.10001,164.95,563427.0
2010-09-15 09:15:00,NSE:MFSL,166.0,166.5,161.10001,161.55,236068.0
2010-09-16 09:15:00,NSE:MFSL,162.0,163.89999,159.10001,162.3,469834.0
2010-09-17 09:15:00,NSE:MFSL,163.10001,173.39999,162.3,170.60001,1723440.0
2010-09-20 09:15:00,NSE:MFSL,171.89999,176.0,171.0,174.95,1264282.0
2010-09-21 09:15:00,NSE:MFSL,176.0,176.2,167.35001,169.64999,405738.0
2010-09-22 09:15:00,NSE:MFSL,170.39999,172.0,164.85001,168.2,380006.0
2010-09-23 09:15:00,NSE:MFSL,168.10001,172.0,166.39999,169.8,362896.0
2010-09-24 09:15:00,NSE:MFSL,170.8,172.39999,169.10001,171.45,763992.0
2010-09-27 09:15:00,NSE:MFSL,172.0,172.35001,167.2,169.35001,546461.0
2010-09-28 09:15:00,NSE:MFSL,169.89999,177.39999,168.0,170.25,1518932.0
2010-09-29 09:15:00,NSE:MFSL,172.39999,175.39999,167.5,169.39999,872574.0
2010-09-30 09:15:00,NSE:MFSL,169.0,171.25,165.5,169.7,296783.0
2010-10-01 09:15:00,NSE:MFSL,171.39999,173.7,168.3,170.45,308240.0
2010-10-04 09:15:00,NSE:MFSL,171.89999,172.95,168.55,171.3,534569.0
2010-10-05 09:15:00,NSE:MFSL,171.55,181.60001,171.55,174.89999,2343165.0
2010-10-06 09:15:00,NSE:MFSL,177.0,179.39999,172.10001,173.85001,686644.0
2010-10-07 09:15:00,NSE:MFSL,175.0,178.0,168.3,169.39999,625956.0
2010-10-08 09:15:00,NSE:MFSL,171.0,171.10001,163.60001,165.39999,421147.0
2010-10-11 09:15:00,NSE:MFSL,167.10001,168.75,166.3,167.10001,166705.0
2010-10-12 09:15:00,NSE:MFSL,168.39999,173.89999,167.2,169.25,533885.0
2010-10-13 09:15:00,NSE:MFSL,170.0,170.89999,167.3,168.89999,657071.0
2010-10-14 09:15:00,NSE:MFSL,170.5,179.39999,170.10001,172.14999,2433542.0
2010-10-15 09:15:00,NSE:MFSL,173.0,176.5,170.10001,171.5,540655.0
2010-10-18 09:15:00,NSE:MFSL,171.0,172.25,166.25,170.55,277070.0
2010-10-19 09:15:00,NSE:MFSL,171.0,174.64999,170.10001,171.55,452944.0
2010-10-20 09:15:00,NSE:MFSL,173.0,175.2,169.05,170.5,386882.0
2010-10-21 09:15:00,NSE:MFSL,171.5,175.25,168.60001,170.25,617531.0
2010-10-22 09:15:00,NSE:MFSL,171.0,174.8,168.0,169.14999,838008.0
2010-10-25 09:15:00,NSE:MFSL,170.5,172.45,167.0,167.75,436776.0
2010-10-26 09:15:00,NSE:MFSL,168.5,170.2,165.0,165.95,480441.0
2010-10-27 09:15:00,NSE:MFSL,166.10001,169.89999,166.10001,167.0,409946.0
2010-10-28 09:15:00,NSE:MFSL,165.10001,169.8,162.2,166.7,535821.0
2010-10-29 09:15:00,NSE:MFSL,165.2,167.45,155.14999,158.25,988913.0
2010-11-01 09:15:00,NSE:MFSL,159.95,162.7,158.05,158.89999,359263.0
2010-11-02 09:15:00,NSE:MFSL,160.0,161.89999,157.14999,160.64999,335561.0
2010-11-03 09:15:00,NSE:MFSL,161.95,162.35001,159.2,160.64999,272526.0
2010-11-04 09:15:00,NSE:MFSL,161.85001,165.89999,160.25,162.45,471353.0
2010-11-05 09:15:00,NSE:MFSL,164.39999,164.39999,162.14999,163.2,56597.0
2010-11-08 09:15:00,NSE:MFSL,164.10001,170.85001,162.10001,166.89999,2169751.0
2010-11-09 09:15:00,NSE:MFSL,167.89999,170.35001,165.64999,167.05,1129505.0
2010-11-10 09:15:00,NSE:MFSL,168.3,172.0,166.0,170.10001,1383087.0
2010-11-11 09:15:00,NSE:MFSL,170.10001,177.14999,167.35001,169.75,2266230.0
2010-11-12 09:15:00,NSE:MFSL,170.10001,171.8,161.8,162.7,528231.0
2010-11-15 09:15:00,NSE:MFSL,164.0,164.0,160.10001,162.14999,466809.0
2010-11-16 09:15:00,NSE:MFSL,162.0,163.64999,157.2,158.35001,779322.0
2010-11-18 09:15:00,NSE:MFSL,159.75,162.45,154.0,161.64999,997673.0
2010-11-19 09:15:00,NSE:MFSL,160.5,161.60001,156.8,158.7,422922.0
2010-11-22 09:15:00,NSE:MFSL,160.25,162.0,157.55,161.25,226148.0
2010-11-23 09:15:00,NSE:MFSL,160.0,160.5,154.0,157.39999,314836.0
2010-11-24 09:15:00,NSE:MFSL,158.45,161.0,156.10001,157.89999,192204.0
2010-11-25 09:15:00,NSE:MFSL,158.45,158.85001,152.7,155.5,438239.0
2010-11-26 09:15:00,NSE:MFSL,156.0,156.75,132.0,149.0,1103426.0
2010-11-29 09:15:00,NSE:MFSL,150.75,150.75,146.75,148.35001,111484.0
2010-11-30 09:15:00,NSE:MFSL,147.5,152.0,146.05,149.0,213902.0
2010-12-01 09:15:00,NSE:MFSL,150.0,156.5,147.5,154.05,1105432.0
2010-12-02 09:15:00,NSE:MFSL,155.64999,164.89999,154.14999,161.05,780629.0
2010-12-03 09:15:00,NSE:MFSL,163.7,164.55,153.5,155.10001,765209.0
2010-12-06 09:15:00,NSE:MFSL,157.45,158.2,151.8,152.55,338631.0
2010-12-07 09:15:00,NSE:MFSL,153.95,154.0,150.0,151.05,208930.0
2010-12-08 09:15:00,NSE:MFSL,150.10001,151.25,147.0,147.45,283149.0
2010-12-09 09:15:00,NSE:MFSL,148.0,148.5,142.39999,144.7,573101.0
2010-12-10 09:15:00,NSE:MFSL,141.5,148.10001,140.0,146.95,158749.0
2010-12-13 09:15:00,NSE:MFSL,148.05,150.0,144.64999,148.64999,269063.0
2010-12-14 09:15:00,NSE:MFSL,149.8,150.89999,145.0,146.75,514583.0
2010-12-15 09:15:00,NSE:MFSL,146.5,147.95,145.10001,145.39999,159123.0
2010-12-16 09:15:00,NSE:MFSL,145.89999,145.89999,141.2,142.89999,422673.0
2010-12-20 09:15:00,NSE:MFSL,142.0,143.0,136.05,138.39999,919571.0
2010-12-21 09:15:00,NSE:MFSL,137.8,138.25,135.85001,136.55,297094.0
2010-12-22 09:15:00,NSE:MFSL,136.7,139.64999,135.39999,137.10001,301019.0
2010-12-23 09:15:00,NSE:MFSL,138.39999,140.8,136.10001,137.95,336497.0
2010-12-24 09:15:00,NSE:MFSL,140.0,142.89999,138.2,141.25,574740.0
2010-12-27 09:15:00,NSE:MFSL,142.39999,142.8,139.35001,140.0,201694.0
2010-12-28 09:15:00,NSE:MFSL,141.0,142.35001,139.2,141.0,235226.0
2010-12-29 09:15:00,NSE:MFSL,141.7,144.45,141.10001,142.95,310223.0
2010-12-30 09:15:00,NSE:MFSL,144.95,146.89999,142.7,145.3,633037.0
2010-12-31 09:15:00,NSE:MFSL,146.0,148.45,145.14999,147.60001,161582.0
2011-01-03 09:15:00,NSE:MFSL,147.39999,150.7,146.5,149.25,133417.0
2011-01-04 09:15:00,NSE:MFSL,151.60001,152.89999,150.35001,151.95,261135.0
2011-01-05 09:15:00,NSE:MFSL,153.0,153.0,147.89999,148.45,297957.0
2011-01-06 09:15:00,NSE:MFSL,149.8,150.14999,146.0,146.60001,153740.0
2011-01-07 09:15:00,NSE:MFSL,146.10001,147.39999,141.0,142.05,145338.0
2011-01-10 09:15:00,NSE:MFSL,142.8,145.75,139.0,141.8,452978.0
2011-01-11 09:15:00,NSE:MFSL,142.89999,144.60001,141.5,143.0,134307.0
2011-01-12 09:15:00,NSE:MFSL,144.60001,146.8,142.0,146.25,128320.0
2011-01-13 09:15:00,NSE:MFSL,144.85001,147.39999,143.60001,146.2,158295.0
2011-01-14 09:15:00,NSE:MFSL,146.10001,149.25,142.8,144.10001,215365.0
2011-01-17 09:15:00,NSE:MFSL,144.85001,145.7,142.0,143.2,71287.0
2011-01-18 09:15:00,NSE:MFSL,143.55,146.89999,140.8,141.2,208947.0
2011-01-19 09:15:00,NSE:MFSL,141.5,143.5,140.05,142.60001,187992.0
2011-01-20 09:15:00,NSE:MFSL,142.0,145.85001,141.5,145.39999,141548.0
2011-01-21 09:15:00,NSE:MFSL,144.05,147.95,144.05,145.89999,128267.0
2011-01-24 09:15:00,NSE:MFSL,145.0,147.75,143.8,145.10001,111010.0
2011-01-25 09:15:00,NSE:MFSL,145.8,146.0,142.3,144.60001,88223.0
2011-01-27 09:15:00,NSE:MFSL,144.3,145.5,142.60001,144.95,275452.0
2011-01-28 09:15:00,NSE:MFSL,145.0,145.35001,141.60001,144.05,321243.0
2011-01-31 09:15:00,NSE:MFSL,144.05,146.0,141.0,145.35001,234315.0
2011-02-01 09:15:00,NSE:MFSL,143.10001,149.0,141.0,146.14999,231761.0
2011-02-02 09:15:00,NSE:MFSL,148.0,149.89999,142.0,146.7,188795.0
2011-02-03 09:15:00,NSE:MFSL,148.0,151.89999,147.55,150.0,535152.0
2011-02-04 09:15:00,NSE:MFSL,151.45,153.8,149.5,150.10001,320796.0
2011-02-07 09:15:00,NSE:MFSL,151.0,153.7,147.75,149.5,207462.0
2011-02-08 09:15:00,NSE:MFSL,150.45,150.45,144.3,146.05,147706.0
2011-02-09 09:15:00,NSE:MFSL,145.0,151.0,143.05,146.14999,650764.0
2011-02-10 09:15:00,NSE:MFSL,149.5,150.0,143.35001,145.2,170833.0
2011-02-11 09:15:00,NSE:MFSL,147.39999,153.7,142.10001,152.14999,384832.0
2011-02-14 09:15:00,NSE:MFSL,154.0,156.0,152.05,152.5,1005499.0
2011-02-15 09:15:00,NSE:MFSL,154.0,154.0,145.5,147.7,383206.0
2011-02-16 09:15:00,NSE:MFSL,147.7,148.0,146.0,147.2,122440.0
2011-02-17 09:15:00,NSE:MFSL,149.39999,151.0,148.0,148.3,245181.0
2011-02-18 09:15:00,NSE:MFSL,148.35001,149.89999,144.05,147.14999,241383.0
2011-02-21 09:15:00,NSE:MFSL,146.95,148.85001,144.39999,145.95,81486.0
2011-02-22 09:15:00,NSE:MFSL,144.55,147.3,143.10001,143.55,105070.0
2011-02-23 09:15:00,NSE:MFSL,143.5,146.0,143.5,144.89999,123714.0
2011-02-24 09:15:00,NSE:MFSL,143.7,145.0,137.0,138.85001,332518.0
2011-02-25 09:15:00,NSE:MFSL,139.0,141.89999,137.0,140.55,211766.0
2011-02-28 09:15:00,NSE:MFSL,142.7,149.8,140.0,141.14999,284267.0
2011-03-01 09:15:00,NSE:MFSL,142.39999,143.89999,141.0,143.0,110336.0
2011-03-03 09:15:00,NSE:MFSL,144.0,148.7,143.5,147.64999,326257.0
2011-03-04 09:15:00,NSE:MFSL,147.0,151.0,147.0,148.0,520500.0
2011-03-07 09:15:00,NSE:MFSL,147.05,147.05,143.3,143.89999,34531.0
2011-03-08 09:15:00,NSE:MFSL,146.89999,146.89999,142.75,143.14999,94835.0
2011-03-09 09:15:00,NSE:MFSL,143.0,145.5,142.8,144.25,53690.0
2011-03-10 09:15:00,NSE:MFSL,144.0,144.95,142.10001,143.95,541432.0
2011-03-11 09:15:00,NSE:MFSL,143.25,146.0,140.55,144.14999,191242.0
2011-03-14 09:15:00,NSE:MFSL,144.0,146.3,142.5,145.7,396524.0
2011-03-15 09:15:00,NSE:MFSL,143.5,143.5,137.39999,141.75,803714.0
2011-03-16 09:15:00,NSE:MFSL,142.0,145.95,141.45,144.89999,110547.0
2011-03-17 09:15:00,NSE:MFSL,145.0,145.75,142.5,142.85001,39209.0
2011-03-18 09:15:00,NSE:MFSL,145.0,146.35001,143.3,144.05,810098.0
2011-03-21 09:15:00,NSE:MFSL,145.0,146.0,141.5,142.5,223445.0
2011-03-22 09:15:00,NSE:MFSL,143.0,144.8,141.55,142.2,98512.0
2011-03-23 09:15:00,NSE:MFSL,142.7,145.10001,141.7,142.89999,588115.0
2011-03-24 09:15:00,NSE:MFSL,142.64999,144.45,142.45,143.8,74865.0
2011-03-25 09:15:00,NSE:MFSL,146.0,147.7,144.25,146.64999,294236.0
2011-03-28 09:15:00,NSE:MFSL,147.14999,151.45,145.5,150.10001,301379.0
2011-03-29 09:15:00,NSE:MFSL,152.8,162.25,152.0,158.45,1501243.0
2011-03-30 09:15:00,NSE:MFSL,162.0,162.0,158.0,161.0,258512.0
2011-03-31 09:15:00,NSE:MFSL,159.95,165.0,157.89999,159.75,700359.0
2011-04-01 09:15:00,NSE:MFSL,160.0,164.89999,158.95,163.89999,263488.0
2011-04-04 09:15:00,NSE:MFSL,164.05,168.5,162.10001,167.10001,216551.0
2011-04-05 09:15:00,NSE:MFSL,168.8,168.8,164.35001,165.8,120330.0
2011-04-06 09:15:00,NSE:MFSL,166.05,170.8,163.5,167.0,191589.0
2011-04-07 09:15:00,NSE:MFSL,167.10001,170.89999,164.5,169.5,498868.0
2011-04-08 09:15:00,NSE:MFSL,165.64999,171.89999,164.5,166.7,887953.0
2011-04-11 09:15:00,NSE:MFSL,166.0,169.2,163.45,167.05,597478.0
2011-04-13 09:15:00,NSE:MFSL,169.0,169.10001,166.25,168.10001,121229.0
2011-04-15 09:15:00,NSE:MFSL,164.05,168.35001,164.05,166.95,474965.0
2011-04-18 09:15:00,NSE:MFSL,164.3,168.5,157.10001,157.7,339708.0
2011-04-19 09:15:00,NSE:MFSL,155.75,159.7,155.75,158.8,115303.0
2011-04-20 09:15:00,NSE:MFSL,155.0,162.0,155.0,158.5,100175.0
2011-04-21 09:15:00,NSE:MFSL,159.39999,162.5,159.10001,161.10001,99413.0
2011-04-25 09:15:00,NSE:MFSL,162.0,162.0,158.60001,159.0,36708.0
2011-04-26 09:15:00,NSE:MFSL,159.2,160.2,156.10001,158.35001,89855.0
2011-04-27 09:15:00,NSE:MFSL,159.0,165.2,158.55,162.60001,251279.0
2011-04-28 09:15:00,NSE:MFSL,166.0,166.0,160.25,163.75,304381.0
2011-04-29 09:15:00,NSE:MFSL,165.39999,168.89999,161.5,167.60001,351750.0
2011-05-02 09:15:00,NSE:MFSL,168.5,169.5,165.0,166.14999,151082.0
2011-05-03 09:15:00,NSE:MFSL,168.39999,168.39999,163.05,164.3,86477.0
2011-05-04 09:15:00,NSE:MFSL,166.7,170.75,163.75,169.5,487393.0
2011-05-05 09:15:00,NSE:MFSL,170.0,173.75,165.64999,166.3,520175.0
2011-05-06 09:15:00,NSE:MFSL,166.3,168.45,165.0,166.25,64237.0
2011-05-09 09:15:00,NSE:MFSL,166.14999,167.0,164.60001,165.95,48995.0
2011-05-10 09:15:00,NSE:MFSL,165.14999,167.89999,165.10001,166.45,101293.0
2011-05-11 09:15:00,NSE:MFSL,167.60001,176.0,166.35001,174.75,427250.0
2011-05-12 09:15:00,NSE:MFSL,175.0,179.0,171.55,172.95,462625.0
2011-05-13 09:15:00,NSE:MFSL,175.14999,178.25,171.55,173.39999,333076.0
2011-05-16 09:15:00,NSE:MFSL,173.39999,175.35001,166.2,167.85001,146045.0
2011-05-17 09:15:00,NSE:MFSL,167.89999,170.85001,165.5,167.05,114593.0
2011-05-18 09:15:00,NSE:MFSL,168.45,168.45,165.0,165.75,60943.0
2011-05-19 09:15:00,NSE:MFSL,167.95,167.95,160.3,160.89999,52766.0
2011-05-20 09:15:00,NSE:MFSL,162.0,166.5,159.10001,165.14999,96357.0
2011-05-23 09:15:00,NSE:MFSL,155.14999,166.39999,155.14999,160.5,38706.0
2011-05-24 09:15:00,NSE:MFSL,161.8,161.89999,158.0,160.89999,23559.0
2011-05-25 09:15:00,NSE:MFSL,160.39999,162.45,155.10001,157.85001,104250.0
2011-05-26 09:15:00,NSE:MFSL,158.89999,170.89999,155.8,163.39999,671481.0
2011-05-27 09:15:00,NSE:MFSL,171.0,171.0,163.0,167.25,115205.0
2011-05-30 09:15:00,NSE:MFSL,169.39999,169.39999,162.55,163.25,100673.0
2011-05-31 09:15:00,NSE:MFSL,165.39999,168.5,163.25,168.10001,122088.0
2011-06-01 09:15:00,NSE:MFSL,167.0,169.5,162.89999,166.14999,237321.0
2011-06-02 09:15:00,NSE:MFSL,164.95,167.10001,162.2,163.10001,73126.0
2011-06-03 09:15:00,NSE:MFSL,163.10001,171.0,162.25,167.60001,258778.0
2011-06-06 09:15:00,NSE:MFSL,167.0,168.64999,165.0,166.7,37701.0
2011-06-07 09:15:00,NSE:MFSL,167.8,168.89999,165.5,167.85001,55721.0
2011-06-08 09:15:00,NSE:MFSL,165.5,170.8,165.5,167.75,138438.0
2011-06-09 09:15:00,NSE:MFSL,165.25,169.75,165.25,167.35001,67452.0
2011-06-10 09:15:00,NSE:MFSL,168.0,168.55,165.95,166.55,28035.0
2011-06-13 09:15:00,NSE:MFSL,168.0,183.89999,166.05,179.05,2954990.0
2011-06-14 09:15:00,NSE:MFSL,181.7,181.7,175.3,176.5,592759.0
2011-06-15 09:15:00,NSE:MFSL,172.60001,181.64999,171.10001,179.55,741504.0
2011-06-16 09:15:00,NSE:MFSL,177.05,181.89999,175.5,176.95,324030.0
2011-06-17 09:15:00,NSE:MFSL,177.60001,181.5,176.0,177.64999,362226.0
2011-06-20 09:15:00,NSE:MFSL,179.5,179.89999,168.0,170.14999,288310.0
2011-06-21 09:15:00,NSE:MFSL,173.64999,176.0,170.25,172.60001,170037.0
2011-06-22 09:15:00,NSE:MFSL,174.39999,177.25,171.45,176.0,246296.0
2011-06-23 09:15:00,NSE:MFSL,173.39999,179.0,173.39999,176.5,182766.0
2011-06-24 09:15:00,NSE:MFSL,168.0,182.85001,168.0,178.60001,5788541.0
2011-06-27 09:15:00,NSE:MFSL,179.0,180.5,175.8,176.75,157333.0
2011-06-28 09:15:00,NSE:MFSL,178.0,191.64999,177.5,188.35001,1649479.0
2011-06-29 09:15:00,NSE:MFSL,190.10001,191.0,182.14999,183.95,974128.0
2011-06-30 09:15:00,NSE:MFSL,183.2,186.8,181.3,183.35001,465997.0
2011-07-01 09:15:00,NSE:MFSL,183.7,188.8,183.2,183.89999,237714.0
2011-07-04 09:15:00,NSE:MFSL,185.89999,186.39999,182.60001,183.14999,99998.0
2011-07-05 09:15:00,NSE:MFSL,182.0,185.75,179.05,179.8,281612.0
2011-07-06 09:15:00,NSE:MFSL,179.8,182.89999,178.10001,179.35001,159737.0
2011-07-07 09:15:00,NSE:MFSL,176.60001,184.5,175.8,182.60001,273942.0
2011-07-08 09:15:00,NSE:MFSL,183.95,184.89999,179.2,180.05,131779.0
2011-07-11 09:15:00,NSE:MFSL,180.0,183.05,177.89999,178.45,235030.0
2011-07-12 09:15:00,NSE:MFSL,175.05,180.2,175.05,176.64999,139819.0
2011-07-13 09:15:00,NSE:MFSL,177.95,184.89999,177.7,182.8,433554.0
2011-07-14 09:15:00,NSE:MFSL,181.95,184.35001,180.0,180.7,172318.0
2011-07-15 09:15:00,NSE:MFSL,182.0,182.45,178.10001,179.10001,79079.0
2011-07-18 09:15:00,NSE:MFSL,182.0,182.0,178.10001,178.75,96419.0
2011-07-19 09:15:00,NSE:MFSL,178.3,183.39999,178.3,181.14999,130036.0
2011-07-20 09:15:00,NSE:MFSL,181.55,182.5,177.89999,178.8,68648.0
2011-07-21 09:15:00,NSE:MFSL,177.3,181.2,177.05,177.64999,58714.0
2011-07-22 09:15:00,NSE:MFSL,180.0,181.7,177.95,179.64999,115283.0
2011-07-25 09:15:00,NSE:MFSL,181.8,185.35001,180.0,184.95,1139467.0
2011-07-26 09:15:00,NSE:MFSL,187.0,187.0,180.05,180.89999,149343.0
2011-07-27 09:15:00,NSE:MFSL,181.45,182.3,177.25,179.95,129652.0
2011-07-28 09:15:00,NSE:MFSL,177.5,184.39999,175.0,182.64999,348250.0
2011-07-29 09:15:00,NSE:MFSL,184.85001,188.0,181.10001,182.39999,664240.0
2011-08-01 09:15:00,NSE:MFSL,183.2,185.5,180.10001,183.5,131819.0
2011-08-02 09:15:00,NSE:MFSL,181.95,187.60001,181.05,185.8,706546.0
2011-08-03 09:15:00,NSE:MFSL,184.0,187.5,182.10001,185.0,757825.0
2011-08-04 09:15:00,NSE:MFSL,186.0,192.60001,180.64999,182.10001,1483496.0
2011-08-05 09:15:00,NSE:MFSL,175.45,180.3,171.45,178.89999,315359.0
2011-08-08 09:15:00,NSE:MFSL,174.89999,182.25,171.05,180.85001,282316.0
2011-08-09 09:15:00,NSE:MFSL,176.95,181.89999,174.10001,179.75,303605.0
2011-08-10 09:15:00,NSE:MFSL,183.8,184.2,178.7,180.0,891011.0
2011-08-11 09:15:00,NSE:MFSL,174.0,183.45,174.0,180.05,766969.0
2011-08-12 09:15:00,NSE:MFSL,183.0,189.8,180.95,186.3,661965.0
2011-08-16 09:15:00,NSE:MFSL,177.3,187.89999,177.3,184.89999,615388.0
2011-08-17 09:15:00,NSE:MFSL,183.0,185.8,182.95,184.0,578501.0
2011-08-18 09:15:00,NSE:MFSL,175.55,186.7,175.55,183.89999,293163.0
2011-08-19 09:15:00,NSE:MFSL,180.2,183.0,172.2,174.8,244523.0
2011-08-22 09:15:00,NSE:MFSL,174.05,183.7,166.0,181.39999,458221.0
2011-08-23 09:15:00,NSE:MFSL,182.45,184.8,179.5,183.95,119255.0
2011-08-24 09:15:00,NSE:MFSL,176.0,189.55,176.0,185.8,429981.0
2011-08-25 09:15:00,NSE:MFSL,186.0,186.0,180.10001,181.45,97158.0
2011-08-26 09:15:00,NSE:MFSL,177.5,184.0,174.60001,176.39999,98111.0
2011-08-29 09:15:00,NSE:MFSL,180.0,184.95,178.5,183.25,166116.0
2011-08-30 09:15:00,NSE:MFSL,184.55,195.89999,184.55,194.35001,1340908.0
2011-09-02 09:15:00,NSE:MFSL,194.05,199.0,192.10001,193.45,277377.0
2011-09-05 09:15:00,NSE:MFSL,191.2,196.75,191.0,193.35001,108436.0
2011-09-06 09:15:00,NSE:MFSL,193.95,194.60001,189.75,191.45,132527.0
2011-09-07 09:15:00,NSE:MFSL,192.3,204.75,192.0,200.75,871935.0
2011-09-08 09:15:00,NSE:MFSL,204.0,205.95,197.5,198.7,286531.0
2011-09-09 09:15:00,NSE:MFSL,200.0,209.45,197.14999,206.25,798822.0
2011-09-12 09:15:00,NSE:MFSL,205.05,206.8,198.10001,200.55,316849.0
2011-09-13 09:15:00,NSE:MFSL,202.0,208.64999,201.95,204.05,317598.0
2011-09-14 09:15:00,NSE:MFSL,201.5,206.2,200.0,203.55,159462.0
2011-09-15 09:15:00,NSE:MFSL,206.0,211.39999,204.55,209.3,539477.0
2011-09-16 09:15:00,NSE:MFSL,210.10001,211.95,206.60001,207.60001,319202.0
2011-09-19 09:15:00,NSE:MFSL,204.2,211.89999,204.2,209.95,226189.0
2011-09-20 09:15:00,NSE:MFSL,209.95,214.60001,207.0,212.2,611006.0
2011-09-21 09:15:00,NSE:MFSL,213.0,213.0,208.5,209.85001,276506.0
2011-09-22 09:15:00,NSE:MFSL,207.5,209.60001,194.55,199.89999,1607148.0
2011-09-23 09:15:00,NSE:MFSL,196.5,203.75,196.5,202.05,147730.0
2011-09-26 09:15:00,NSE:MFSL,202.0,204.3,198.45,201.7,112250.0
2011-09-27 09:15:00,NSE:MFSL,203.5,207.5,203.14999,205.5,142554.0
2011-09-28 09:15:00,NSE:MFSL,206.45,206.45,190.39999,191.55,347178.0
2011-09-29 09:15:00,NSE:MFSL,191.5,197.7,183.05,193.85001,1479130.0
2011-09-30 09:15:00,NSE:MFSL,190.0,191.2,186.0,188.89999,153147.0
2011-10-03 09:15:00,NSE:MFSL,188.85001,188.89999,182.0,183.10001,198585.0
2011-10-04 09:15:00,NSE:MFSL,181.5,187.39999,181.5,184.85001,107866.0
2011-10-05 09:15:00,NSE:MFSL,185.10001,185.7,172.14999,173.39999,181583.0
2011-10-07 09:15:00,NSE:MFSL,178.05,179.8,168.0,170.3,246152.0
2011-10-10 09:15:00,NSE:MFSL,172.8,179.0,171.05,178.5,126994.0
2011-10-11 09:15:00,NSE:MFSL,178.5,183.3,177.5,177.95,104519.0
2011-10-12 09:15:00,NSE:MFSL,194.0,194.0,178.3,179.7,945971.0
2011-10-13 09:15:00,NSE:MFSL,181.85001,181.85001,178.14999,179.14999,207868.0
2011-10-14 09:15:00,NSE:MFSL,180.5,180.5,176.0,177.95,74154.0
2011-10-17 09:15:00,NSE:MFSL,180.0,189.64999,177.5,180.95,552780.0
2011-10-18 09:15:00,NSE:MFSL,179.89999,183.8,178.3,180.14999,205859.0
2011-10-19 09:15:00,NSE:MFSL,182.39999,187.8,180.55,186.39999,680225.0
2011-10-20 09:15:00,NSE:MFSL,189.05,189.05,181.0,182.85001,127193.0
2011-10-21 09:15:00,NSE:MFSL,183.64999,185.5,179.5,180.35001,65577.0
2011-10-24 09:15:00,NSE:MFSL,182.0,184.0,175.5,177.0,77050.0
2011-10-25 09:15:00,NSE:MFSL,179.0,181.60001,176.10001,179.0,73206.0
2011-10-26 09:15:00,NSE:MFSL,178.05,183.05,178.05,180.14999,12202.0
2011-10-28 09:15:00,NSE:MFSL,181.60001,185.8,181.0,183.89999,590034.0
2011-10-31 09:15:00,NSE:MFSL,188.5,191.89999,184.2,189.60001,288768.0
2011-11-01 09:15:00,NSE:MFSL,190.05,192.5,183.05,184.60001,143996.0
2011-11-02 09:15:00,NSE:MFSL,182.8,188.7,180.95,185.0,97151.0
2011-11-03 09:15:00,NSE:MFSL,183.0,186.45,181.7,184.8,42702.0
2011-11-04 09:15:00,NSE:MFSL,186.0,188.39999,185.0,187.2,32347.0
2011-11-08 09:15:00,NSE:MFSL,187.39999,188.89999,182.14999,183.5,44495.0
2011-11-09 09:15:00,NSE:MFSL,184.95,189.0,181.25,185.7,338604.0
2011-11-11 09:15:00,NSE:MFSL,186.7,187.0,177.8,180.10001,162423.0
2011-11-14 09:15:00,NSE:MFSL,181.5,186.2,180.3,182.5,168650.0
2011-11-15 09:15:00,NSE:MFSL,180.0,181.0,175.0,176.60001,243342.0
2011-11-16 09:15:00,NSE:MFSL,175.0,177.0,168.39999,174.35001,248725.0
2011-11-17 09:15:00,NSE:MFSL,174.95,177.8,170.0,171.55,107102.0
2011-11-18 09:15:00,NSE:MFSL,170.3,170.8,163.25,166.35001,501522.0
2011-11-21 09:15:00,NSE:MFSL,164.0,168.25,161.0,164.2,122730.0
2011-11-22 09:15:00,NSE:MFSL,164.0,167.85001,162.0,165.64999,61943.0
2011-11-23 09:15:00,NSE:MFSL,164.5,164.95,153.39999,158.45,451740.0
2011-11-24 09:15:00,NSE:MFSL,159.5,167.8,157.0,166.0,97916.0
2011-11-25 09:15:00,NSE:MFSL,167.89999,167.89999,160.55,162.7,35655.0
2011-11-28 09:15:00,NSE:MFSL,162.89999,167.39999,162.85001,166.3,88477.0
2011-11-29 09:15:00,NSE:MFSL,164.60001,168.0,162.25,164.2,100374.0
2011-11-30 09:15:00,NSE:MFSL,164.2,167.39999,162.10001,165.85001,99029.0
2011-12-01 09:15:00,NSE:MFSL,167.0,173.0,161.05,162.60001,131388.0
2011-12-02 09:15:00,NSE:MFSL,164.39999,169.25,163.3,166.89999,92374.0
2011-12-05 09:15:00,NSE:MFSL,167.5,171.45,165.35001,170.3,101024.0
2011-12-07 09:15:00,NSE:MFSL,172.0,174.39999,169.10001,170.35001,128302.0
2011-12-08 09:15:00,NSE:MFSL,172.0,173.60001,164.0,170.35001,113628.0
2011-12-09 09:15:00,NSE:MFSL,167.5,180.0,165.35001,167.35001,19191700.0
2011-12-12 09:15:00,NSE:MFSL,169.0,171.89999,160.2,161.64999,136090.0
2011-12-13 09:15:00,NSE:MFSL,161.25,163.5,159.2,161.55,76070.0
2011-12-14 09:15:00,NSE:MFSL,160.3,164.85001,159.35001,162.2,77498.0
2011-12-15 09:15:00,NSE:MFSL,160.0,160.35001,155.0,157.89999,458677.0
2011-12-16 09:15:00,NSE:MFSL,159.0,162.7,153.0,154.64999,459483.0
2011-12-19 09:15:00,NSE:MFSL,156.0,156.0,146.5,150.0,1386708.0
2011-12-20 09:15:00,NSE:MFSL,151.05,151.95,148.0,150.0,286805.0
2011-12-21 09:15:00,NSE:MFSL,152.0,154.60001,144.0,148.95,1282902.0
2011-12-22 09:15:00,NSE:MFSL,147.25,150.5,145.39999,148.10001,131843.0
2011-12-23 09:15:00,NSE:MFSL,149.2,150.0,145.10001,147.14999,85449.0
2011-12-26 09:15:00,NSE:MFSL,147.39999,150.7,146.25,147.7,26132.0
2011-12-27 09:15:00,NSE:MFSL,148.5,150.0,147.7,150.0,396865.0
2011-12-28 09:15:00,NSE:MFSL,149.95,150.0,143.0,145.75,128088.0
2011-12-29 09:15:00,NSE:MFSL,145.0,148.0,140.25,144.95,351042.0
2011-12-30 09:15:00,NSE:MFSL,142.0,150.0,140.39999,146.14999,664802.0
2012-01-02 09:15:00,NSE:MFSL,147.95,148.35001,143.0,144.5,137970.0
2012-01-03 09:15:00,NSE:MFSL,148.0,148.0,142.3,144.3,1086918.0
2012-01-04 09:15:00,NSE:MFSL,144.95,145.5,143.60001,144.55,66820.0
2012-01-05 09:15:00,NSE:MFSL,143.2,145.60001,142.25,143.7,321953.0
2012-01-06 09:15:00,NSE:MFSL,144.0,145.85001,140.14999,143.10001,211238.0
2012-01-09 09:15:00,NSE:MFSL,144.89999,147.7,140.60001,146.45,1271012.0
2012-01-10 09:15:00,NSE:MFSL,146.5,153.75,146.5,151.89999,396478.0
2012-01-11 09:15:00,NSE:MFSL,153.0,155.25,150.14999,152.10001,318347.0
2012-01-12 09:15:00,NSE:MFSL,153.55,153.60001,140.7,150.0,270167.0
2012-01-13 09:15:00,NSE:MFSL,151.95,154.5,150.14999,152.8,247369.0
2012-01-16 09:15:00,NSE:MFSL,152.39999,156.0,149.0,151.39999,689369.0
2012-01-17 09:15:00,NSE:MFSL,151.05,154.7,150.0,151.89999,274603.0
2012-01-18 09:15:00,NSE:MFSL,152.75,155.0,150.0,150.89999,483029.0
2012-01-19 09:15:00,NSE:MFSL,152.8,160.8,149.0,159.8,524698.0
2012-01-20 09:15:00,NSE:MFSL,161.0,164.8,155.14999,156.05,661734.0
2012-01-23 09:15:00,NSE:MFSL,156.5,162.5,155.5,158.75,650328.0
2012-01-24 09:15:00,NSE:MFSL,159.60001,164.10001,157.85001,163.2,466892.0
2012-01-25 09:15:00,NSE:MFSL,164.89999,164.89999,160.89999,162.45,234419.0
2012-01-27 09:15:00,NSE:MFSL,163.5,166.5,162.10001,163.35001,313797.0
2012-01-30 09:15:00,NSE:MFSL,163.0,166.5,157.60001,158.35001,394005.0
2012-01-31 09:15:00,NSE:MFSL,160.2,163.5,159.3,162.64999,291293.0
2012-02-01 09:15:00,NSE:MFSL,164.60001,166.0,158.25,164.35001,468863.0
2012-02-02 09:15:00,NSE:MFSL,166.7,166.8,160.5,163.35001,295004.0
2012-02-03 09:15:00,NSE:MFSL,163.60001,168.14999,161.39999,167.0,238017.0
2012-02-06 09:15:00,NSE:MFSL,167.10001,168.95,165.3,167.05,1330569.0
2012-02-07 09:15:00,NSE:MFSL,170.8,174.89999,167.25,170.89999,933775.0
2012-02-08 09:15:00,NSE:MFSL,172.05,175.0,168.25,173.8,626452.0
2012-02-09 09:15:00,NSE:MFSL,172.60001,175.39999,171.39999,173.3,174742.0
2012-02-10 09:15:00,NSE:MFSL,172.45,177.39999,169.10001,170.85001,212804.0
2012-02-13 09:15:00,NSE:MFSL,172.55,174.64999,171.64999,173.05,197009.0
2012-02-14 09:15:00,NSE:MFSL,174.0,179.75,172.64999,177.60001,503923.0
2012-02-15 09:15:00,NSE:MFSL,180.0,189.0,180.0,185.35001,565012.0
2012-02-16 09:15:00,NSE:MFSL,185.85001,185.85001,179.0,179.8,248008.0
2012-02-17 09:15:00,NSE:MFSL,180.5,185.8,179.5,181.0,796686.0
2012-02-21 09:15:00,NSE:MFSL,180.55,183.0,178.0,181.7,1627689.0
2012-02-22 09:15:00,NSE:MFSL,182.05,182.89999,171.0,172.8,1511922.0
2012-02-23 09:15:00,NSE:MFSL,172.8,173.7,165.5,167.64999,274352.0
2012-02-24 09:15:00,NSE:MFSL,168.55,172.5,158.2,162.89999,1598783.0
2012-02-27 09:15:00,NSE:MFSL,164.7,164.7,155.2,159.25,120851.0
2012-02-28 09:15:00,NSE:MFSL,159.35001,166.89999,156.10001,163.14999,1008078.0
2012-02-29 09:15:00,NSE:MFSL,166.5,168.45,162.0,163.14999,198768.0
2012-03-01 09:15:00,NSE:MFSL,158.0,163.8,158.0,162.2,169388.0
2012-03-02 09:15:00,NSE:MFSL,163.0,174.0,162.0,168.95,516674.0
2012-03-05 09:15:00,NSE:MFSL,159.0,173.89999,159.0,172.2,430966.0
2012-03-06 09:15:00,NSE:MFSL,175.0,177.0,168.60001,170.0,329517.0
2012-03-07 09:15:00,NSE:MFSL,169.85001,171.60001,163.60001,165.45,129965.0
2012-03-09 09:15:00,NSE:MFSL,167.75,176.0,167.0,174.5,308389.0
2012-03-12 09:15:00,NSE:MFSL,176.0,176.0,170.05,171.8,116273.0
2012-03-13 09:15:00,NSE:MFSL,173.7,180.0,171.14999,178.8,240568.0
2012-03-14 09:15:00,NSE:MFSL,175.35001,187.55,175.35001,185.35001,334239.0
2012-03-15 09:15:00,NSE:MFSL,185.0,190.5,173.35001,175.0,696603.0
2012-03-16 09:15:00,NSE:MFSL,176.5,182.5,175.14999,180.35001,334496.0
2012-03-19 09:15:00,NSE:MFSL,179.10001,181.0,171.35001,173.7,126428.0
2012-03-20 09:15:00,NSE:MFSL,174.05,175.75,171.14999,174.35001,140227.0
2012-03-21 09:15:00,NSE:MFSL,175.14999,178.39999,174.14999,177.14999,109377.0
2012-03-22 09:15:00,NSE:MFSL,177.05,177.05,170.25,171.8,113032.0
2012-03-23 09:15:00,NSE:MFSL,170.5,173.0,169.14999,172.35001,83558.0
2012-03-26 09:15:00,NSE:MFSL,173.95,181.25,172.60001,178.25,449304.0
2012-03-27 09:15:00,NSE:MFSL,179.3,181.89999,171.5,172.3,233662.0
2012-03-28 09:15:00,NSE:MFSL,174.85001,174.95,166.10001,167.55,122705.0
2012-03-29 09:15:00,NSE:MFSL,165.10001,169.7,162.0,165.45,585247.0
2012-03-30 09:15:00,NSE:MFSL,165.39999,172.0,164.55,169.10001,543673.0
2012-04-02 09:15:00,NSE:MFSL,168.75,168.75,166.2,167.0,171754.0
2012-04-03 09:15:00,NSE:MFSL,167.5,170.8,167.25,169.2,471981.0
2012-04-04 09:15:00,NSE:MFSL,169.5,177.89999,169.05,175.05,9795026.0
2012-04-09 09:15:00,NSE:MFSL,175.0,184.25,172.14999,182.2,2029369.0
2012-04-10 09:15:00,NSE:MFSL,183.0,183.8,178.14999,181.89999,415405.0
2012-04-11 09:15:00,NSE:MFSL,179.7,189.35001,178.25,188.25,502820.0
2012-04-12 09:15:00,NSE:MFSL,190.10001,207.60001,190.10001,204.0,5877975.0
2012-04-13 09:15:00,NSE:MFSL,204.0,204.89999,191.5,192.75,1988682.0
2012-04-16 09:15:00,NSE:MFSL,194.0,198.0,191.35001,195.2,696377.0
2012-04-17 09:15:00,NSE:MFSL,198.0,205.35001,195.75,199.5,1681701.0
2012-04-18 09:15:00,NSE:MFSL,200.75,205.25,198.0,199.14999,727195.0
2012-04-19 09:15:00,NSE:MFSL,199.8,204.35001,197.05,197.8,457308.0
2012-04-20 09:15:00,NSE:MFSL,197.39999,199.25,190.0,193.89999,1462755.0
2012-04-23 09:15:00,NSE:MFSL,195.0,200.95,195.0,198.25,792870.0
2012-04-24 09:15:00,NSE:MFSL,199.3,204.2,196.25,199.95,898399.0
2012-04-25 09:15:00,NSE:MFSL,198.0,201.14999,195.64999,198.25,311844.0
2012-04-26 09:15:00,NSE:MFSL,197.25,208.7,195.25,200.60001,710213.0
2012-04-27 09:15:00,NSE:MFSL,202.0,203.75,195.75,198.45,210864.0
2012-04-30 09:15:00,NSE:MFSL,199.5,200.0,197.35001,198.25,343924.0
2012-05-02 09:15:00,NSE:MFSL,199.7,199.75,192.14999,193.2,455424.0
2012-05-03 09:15:00,NSE:MFSL,193.10001,193.25,185.3,186.55,207669.0
2012-05-04 09:15:00,NSE:MFSL,185.95,190.7,182.25,184.5,329085.0
2012-05-07 09:15:00,NSE:MFSL,182.0,191.0,178.25,189.35001,246941.0
2012-05-08 09:15:00,NSE:MFSL,190.35001,193.14999,184.3,186.64999,141314.0
2012-05-09 09:15:00,NSE:MFSL,187.0,194.8,185.35001,189.75,403163.0
2012-05-10 09:15:00,NSE:MFSL,190.35001,193.0,188.5,189.64999,273848.0
2012-05-11 09:15:00,NSE:MFSL,185.10001,191.10001,184.10001,188.89999,155318.0
2012-05-14 09:15:00,NSE:MFSL,189.39999,190.0,185.05,186.2,45002.0
2012-05-15 09:15:00,NSE:MFSL,186.10001,188.0,182.05,186.75,57977.0
2012-05-16 09:15:00,NSE:MFSL,184.60001,192.60001,184.60001,190.75,321645.0
2012-05-17 09:15:00,NSE:MFSL,192.0,197.60001,191.55,194.85001,200402.0
2012-05-18 09:15:00,NSE:MFSL,192.0,198.5,191.60001,195.14999,217976.0
2012-05-21 09:15:00,NSE:MFSL,194.60001,195.35001,187.7,189.7,113914.0
2012-05-22 09:15:00,NSE:MFSL,188.10001,191.75,183.55,189.2,368546.0
2012-05-23 09:15:00,NSE:MFSL,188.64999,190.95,187.0,188.95,88474.0
2012-05-24 09:15:00,NSE:MFSL,189.89999,195.64999,188.55,190.3,712803.0
2012-05-25 09:15:00,NSE:MFSL,190.0,191.0,183.0,189.14999,180085.0
2012-05-28 09:15:00,NSE:MFSL,189.39999,193.8,187.25,189.2,291015.0
2012-05-29 09:15:00,NSE:MFSL,189.5,192.39999,186.8,191.2,204231.0
2012-05-30 09:15:00,NSE:MFSL,189.7,190.45,180.5,184.39999,393462.0
2012-05-31 09:15:00,NSE:MFSL,183.8,186.2,180.39999,184.39999,222816.0
2012-06-01 09:15:00,NSE:MFSL,185.0,188.0,183.25,184.60001,96200.0
2012-06-04 09:15:00,NSE:MFSL,182.0,188.39999,181.35001,186.89999,87240.0
2012-06-05 09:15:00,NSE:MFSL,187.85001,191.5,187.25,190.7,259995.0
2012-06-06 09:15:00,NSE:MFSL,191.60001,194.10001,191.0,193.35001,138775.0
2012-06-07 09:15:00,NSE:MFSL,193.75,195.89999,193.55,195.05,115629.0
2012-06-08 09:15:00,NSE:MFSL,194.25,196.89999,193.0,195.95,104988.0
2012-06-11 09:15:00,NSE:MFSL,196.14999,202.2,195.55,196.45,270841.0
2012-06-12 09:15:00,NSE:MFSL,195.60001,200.7,193.7,198.75,107216.0
2012-06-13 09:15:00,NSE:MFSL,199.2,200.39999,197.3,198.05,67246.0
2012-06-14 09:15:00,NSE:MFSL,198.0,199.64999,192.2,193.05,587699.0
2012-06-15 09:15:00,NSE:MFSL,193.10001,195.60001,190.35001,194.45,83689.0
2012-06-18 09:15:00,NSE:MFSL,195.85001,199.10001,191.0,191.95,96022.0
2012-06-19 09:15:00,NSE:MFSL,191.0,202.0,190.55,194.95,89591.0
2012-06-20 09:15:00,NSE:MFSL,196.64999,198.45,193.14999,194.39999,217937.0
2012-06-21 09:15:00,NSE:MFSL,194.0,195.5,193.8,194.25,72955.0
2012-06-22 09:15:00,NSE:MFSL,193.75,195.5,191.8,192.5,57273.0
2012-06-25 09:15:00,NSE:MFSL,193.7,194.5,191.0,192.75,78044.0
2012-06-26 09:15:00,NSE:MFSL,193.7,197.60001,189.05,194.60001,479951.0
2012-06-27 09:15:00,NSE:MFSL,195.35001,198.2,192.05,193.05,825775.0
2012-06-28 09:15:00,NSE:MFSL,194.60001,195.64999,187.10001,189.39999,256472.0
2012-06-29 09:15:00,NSE:MFSL,190.0,195.0,190.0,192.10001,193277.0
2012-07-02 09:15:00,NSE:MFSL,193.10001,194.8,187.85001,189.10001,165377.0
2012-07-03 09:15:00,NSE:MFSL,189.0,189.0,185.5,186.7,218282.0
2012-07-04 09:15:00,NSE:MFSL,187.5,194.7,187.25,191.85001,624773.0
2012-07-05 09:15:00,NSE:MFSL,192.05,194.5,190.8,191.5,146109.0
2012-07-06 09:15:00,NSE:MFSL,191.5,191.55,188.60001,189.25,63352.0
2012-07-09 09:15:00,NSE:MFSL,188.64999,191.7,187.0,189.0,71502.0
2012-07-10 09:15:00,NSE:MFSL,183.0,190.0,183.0,188.89999,37904.0
2012-07-11 09:15:00,NSE:MFSL,188.45,190.75,187.2,188.0,89083.0
2012-07-12 09:15:00,NSE:MFSL,186.95,189.2,186.05,188.75,63456.0
2012-07-13 09:15:00,NSE:MFSL,189.25,191.75,187.10001,187.8,99419.0
2012-07-16 09:15:00,NSE:MFSL,188.5,189.0,185.55,186.25,53867.0
2012-07-17 09:15:00,NSE:MFSL,181.0,190.7,181.0,187.64999,145677.0
2012-07-18 09:15:00,NSE:MFSL,186.8,188.89999,186.3,187.39999,30341.0
2012-07-19 09:15:00,NSE:MFSL,188.2,188.7,185.10001,185.45,91017.0
2012-07-20 09:15:00,NSE:MFSL,185.10001,186.45,182.0,182.5,140741.0
2012-07-23 09:15:00,NSE:MFSL,184.5,184.95,180.2,182.5,104242.0
2012-07-24 09:15:00,NSE:MFSL,184.0,184.0,181.0,182.0,55289.0
2012-07-25 09:15:00,NSE:MFSL,182.64999,182.64999,178.2,179.05,327576.0
2012-07-26 09:15:00,NSE:MFSL,179.39999,179.64999,175.2,176.7,164985.0
2012-07-27 09:15:00,NSE:MFSL,178.75,182.0,175.0,177.0,119353.0
2012-07-30 09:15:00,NSE:MFSL,178.64999,181.75,177.05,178.89999,143327.0
2012-07-31 09:15:00,NSE:MFSL,178.95,180.0,174.89999,175.85001,137716.0
2012-08-01 09:15:00,NSE:MFSL,176.2,176.89999,173.10001,174.0,2195856.0
2012-08-02 09:15:00,NSE:MFSL,175.10001,179.95,175.10001,177.14999,350313.0
2012-08-03 09:15:00,NSE:MFSL,177.64999,179.0,176.5,177.05,124205.0
2012-08-06 09:15:00,NSE:MFSL,178.2,180.0,176.55,178.35001,272678.0
2012-08-07 09:15:00,NSE:MFSL,177.75,187.25,177.35001,185.64999,670023.0
2012-08-08 09:15:00,NSE:MFSL,187.05,187.55,181.3,182.10001,155438.0
2012-08-09 09:15:00,NSE:MFSL,183.7,185.60001,181.10001,181.89999,108951.0
2012-08-10 09:15:00,NSE:MFSL,184.0,187.55,179.55,180.89999,327415.0
2012-08-13 09:15:00,NSE:MFSL,180.0,183.39999,177.7,182.45,68910.0
2012-08-14 09:15:00,NSE:MFSL,183.39999,183.39999,181.2,181.7,62805.0
2012-08-16 09:15:00,NSE:MFSL,181.7,184.14999,180.5,183.75,194545.0
2012-08-17 09:15:00,NSE:MFSL,184.2,185.0,181.0,184.0,86076.0
2012-08-21 09:15:00,NSE:MFSL,176.25,187.35001,176.25,186.5,178942.0
2012-08-22 09:15:00,NSE:MFSL,186.75,193.25,186.45,189.3,1165927.0
2012-08-23 09:15:00,NSE:MFSL,190.0,192.89999,186.05,189.39999,330225.0
2012-08-24 09:15:00,NSE:MFSL,189.5,191.2,186.45,187.2,124821.0
2012-08-27 09:15:00,NSE:MFSL,189.89999,194.0,187.0,188.14999,137715.0
2012-08-28 09:15:00,NSE:MFSL,188.14999,188.8,181.2,184.10001,183023.0
2012-08-29 09:15:00,NSE:MFSL,183.10001,184.35001,181.5,182.2,158456.0
2012-08-30 09:15:00,NSE:MFSL,180.3,183.89999,178.2,182.0,296939.0
2012-08-31 09:15:00,NSE:MFSL,180.5,181.64999,179.25,180.10001,99029.0
2012-09-03 09:15:00,NSE:MFSL,180.45,181.35001,178.14999,179.39999,22455.0
2012-09-04 09:15:00,NSE:MFSL,180.25,180.85001,177.39999,179.05,42251.0
2012-09-05 09:15:00,NSE:MFSL,178.75,182.8,178.7,181.0,172021.0
2012-09-06 09:15:00,NSE:MFSL,179.05,182.60001,178.25,179.14999,84290.0
2012-09-07 09:15:00,NSE:MFSL,181.39999,184.8,179.25,180.85001,133265.0
2012-09-10 09:15:00,NSE:MFSL,186.10001,192.45,184.25,190.3,902165.0
2012-09-11 09:15:00,NSE:MFSL,193.5,195.0,185.35001,187.14999,399930.0
2012-09-12 09:15:00,NSE:MFSL,188.0,190.0,185.05,188.45,131232.0
2012-09-13 09:15:00,NSE:MFSL,189.25,194.45,187.10001,192.3,458013.0
2012-09-14 09:15:00,NSE:MFSL,194.25,195.39999,190.60001,191.3,160663.0
2012-09-17 09:15:00,NSE:MFSL,193.64999,194.3,191.0,192.14999,127329.0
2012-09-18 09:15:00,NSE:MFSL,192.85001,196.0,191.2,191.89999,268345.0
2012-09-20 09:15:00,NSE:MFSL,188.0,193.7,188.0,192.10001,131136.0
2012-09-21 09:15:00,NSE:MFSL,196.64999,209.0,195.64999,200.35001,1831553.0
2012-09-24 09:15:00,NSE:MFSL,200.35001,201.0,192.05,196.8,951065.0
2012-09-25 09:15:00,NSE:MFSL,195.39999,199.0,192.10001,198.10001,425504.0
2012-09-26 09:15:00,NSE:MFSL,193.10001,204.60001,193.0,203.25,1043527.0
2012-09-27 09:15:00,NSE:MFSL,205.3,224.0,203.3,212.7,2825057.0
2012-09-28 09:15:00,NSE:MFSL,215.0,228.39999,213.89999,224.3,1377118.0
2012-10-01 09:15:00,NSE:MFSL,224.2,228.0,215.8,219.7,855145.0
2012-10-03 09:15:00,NSE:MFSL,221.89999,235.0,216.0,233.14999,1651649.0
2012-10-04 09:15:00,NSE:MFSL,236.10001,243.0,226.0,231.2,2016754.0
2012-10-05 09:15:00,NSE:MFSL,264.79999,264.79999,226.10001,228.2,3023734.0
2012-10-08 09:15:00,NSE:MFSL,229.39999,229.39999,218.0,220.75,673044.0
2012-10-09 09:15:00,NSE:MFSL,225.0,225.0,218.2,219.64999,591148.0
2012-10-10 09:15:00,NSE:MFSL,216.55,228.45,216.5,224.89999,694826.0
2012-10-11 09:15:00,NSE:MFSL,228.5,231.85001,221.60001,230.25,539888.0
2012-10-12 09:15:00,NSE:MFSL,231.45,239.0,222.95,237.14999,769688.0
2012-10-15 09:15:00,NSE:MFSL,238.45,244.89999,232.3,242.3,747820.0
2012-10-16 09:15:00,NSE:MFSL,244.8,244.8,232.75,237.89999,581229.0
2012-10-17 09:15:00,NSE:MFSL,242.0,242.2,233.64999,238.75,279143.0
2012-10-18 09:15:00,NSE:MFSL,238.0,243.45,236.10001,239.45,417647.0
2012-10-19 09:15:00,NSE:MFSL,235.64999,239.7,235.0,237.60001,128527.0
2012-10-22 09:15:00,NSE:MFSL,237.0,244.45,237.0,243.7,433850.0
2012-10-23 09:15:00,NSE:MFSL,244.45,244.60001,240.0,242.0,170582.0
2012-10-25 09:15:00,NSE:MFSL,241.64999,245.5,239.64999,243.35001,591965.0
2012-10-26 09:15:00,NSE:MFSL,241.0,250.45,239.0,246.35001,754817.0
2012-10-29 09:15:00,NSE:MFSL,246.45,247.0,240.05,242.0,133797.0
2012-10-30 09:15:00,NSE:MFSL,242.3,245.5,240.0,242.3,156179.0
2012-10-31 09:15:00,NSE:MFSL,242.7,247.2,242.0,242.0,76304.0
2012-11-01 09:15:00,NSE:MFSL,242.05,243.55,235.0,238.14999,66453.0
2012-11-02 09:15:00,NSE:MFSL,238.89999,242.0,231.3,239.39999,109300.0
2012-11-05 09:15:00,NSE:MFSL,243.05,243.60001,237.10001,237.85001,98314.0
2012-11-06 09:15:00,NSE:MFSL,238.7,240.0,230.0,233.35001,241062.0
2012-11-07 09:15:00,NSE:MFSL,235.10001,244.39999,234.39999,242.75,224849.0
2012-11-08 09:15:00,NSE:MFSL,243.95,245.39999,238.14999,241.95,98835.0
2012-11-09 09:15:00,NSE:MFSL,239.10001,248.95,237.0,244.45,290826.0
2012-11-12 09:15:00,NSE:MFSL,243.95,248.0,240.05,247.05,234323.0
2012-11-13 09:15:00,NSE:MFSL,249.89999,249.89999,244.5,245.2,64335.0
2012-11-15 09:15:00,NSE:MFSL,242.8,247.5,242.8,243.95,138087.0
2012-11-16 09:15:00,NSE:MFSL,244.10001,245.0,239.35001,240.3,225694.0
2012-11-19 09:15:00,NSE:MFSL,245.0,245.0,239.85001,241.25,441166.0
2012-11-20 09:15:00,NSE:MFSL,241.7,244.5,241.0,242.05,165619.0
2012-11-21 09:15:00,NSE:MFSL,242.8,243.0,239.55,241.5,1291997.0
2012-11-22 09:15:00,NSE:MFSL,233.0,235.0,231.0,233.55,293452.0
2012-11-23 09:15:00,NSE:MFSL,233.95,237.64999,231.0,233.95,70018.0
2012-11-26 09:15:00,NSE:MFSL,234.60001,240.75,232.0,239.64999,146890.0
2012-11-27 09:15:00,NSE:MFSL,240.7,242.0,236.25,238.05,57734.0
2012-11-29 09:15:00,NSE:MFSL,238.7,246.0,238.0,243.35001,176839.0
2012-11-30 09:15:00,NSE:MFSL,243.5,245.8,235.89999,239.39999,352053.0
2012-12-03 09:15:00,NSE:MFSL,235.0,244.3,234.89999,243.2,94354.0
2012-12-04 09:15:00,NSE:MFSL,243.64999,248.0,243.64999,246.10001,137238.0
2012-12-05 09:15:00,NSE:MFSL,246.95,266.70001,246.95,249.05,849564.0
2012-12-06 09:15:00,NSE:MFSL,249.95,255.45,249.0,250.5,392946.0
2012-12-07 09:15:00,NSE:MFSL,251.0,253.14999,247.0,248.05,408241.0
2012-12-10 09:15:00,NSE:MFSL,249.39999,251.5,242.25,243.2,180982.0
2012-12-11 09:15:00,NSE:MFSL,242.89999,248.7,240.0,240.5,156013.0
2012-12-12 09:15:00,NSE:MFSL,242.0,243.89999,235.0,239.25,479727.0
2012-12-13 09:15:00,NSE:MFSL,239.3,244.39999,215.25,240.60001,160695.0
2012-12-14 09:15:00,NSE:MFSL,241.2,242.5,239.5,240.3,159862.0
2012-12-17 09:15:00,NSE:MFSL,240.14999,248.0,236.05,245.55,324627.0
2012-12-18 09:15:00,NSE:MFSL,246.2,246.2,239.39999,240.05,287697.0
2012-12-19 09:15:00,NSE:MFSL,238.89999,240.5,235.0,239.64999,341420.0
2012-12-20 09:15:00,NSE:MFSL,240.05,242.45,235.0,236.60001,238115.0
2012-12-21 09:15:00,NSE:MFSL,231.10001,243.25,231.10001,239.95,530743.0
2012-12-24 09:15:00,NSE:MFSL,240.35001,243.0,239.0,240.14999,159309.0
2012-12-26 09:15:00,NSE:MFSL,240.0,242.60001,239.2,240.39999,94374.0
2012-12-27 09:15:00,NSE:MFSL,238.64999,241.0,236.0,237.60001,78411.0
2012-12-28 09:15:00,NSE:MFSL,236.0,240.0,236.0,239.64999,183960.0
2012-12-31 09:15:00,NSE:MFSL,237.05,242.39999,236.10001,241.64999,659384.0
2013-01-01 09:15:00,NSE:MFSL,243.95,246.0,242.5,245.89999,97964.0
2013-01-02 09:15:00,NSE:MFSL,246.0,249.39999,245.95,248.39999,119421.0
2013-01-03 09:15:00,NSE:MFSL,250.0,256.5,246.2,253.5,167978.0
2013-01-04 09:15:00,NSE:MFSL,254.39999,256.89999,250.05,251.45,235616.0
2013-01-07 09:15:00,NSE:MFSL,255.64999,256.5,249.95,250.60001,154184.0
2013-01-08 09:15:00,NSE:MFSL,252.10001,256.95001,251.0,254.05,149908.0
2013-01-09 09:15:00,NSE:MFSL,253.10001,262.89999,252.60001,260.64999,232000.0
2013-01-10 09:15:00,NSE:MFSL,264.5,264.5,255.25,257.85001,305024.0
2013-01-11 09:15:00,NSE:MFSL,258.0,260.0,250.5,251.05,29686.0
2013-01-14 09:15:00,NSE:MFSL,253.10001,253.10001,243.0,250.75,59516.0
2013-01-15 09:15:00,NSE:MFSL,251.60001,253.10001,249.2,250.10001,58022.0
2013-01-16 09:15:00,NSE:MFSL,253.0,253.95,244.05,246.05,51253.0
2013-01-17 09:15:00,NSE:MFSL,246.0,248.5,244.0,244.25,83826.0
2013-01-18 09:15:00,NSE:MFSL,246.64999,250.60001,245.10001,247.3,104382.0
2013-01-21 09:15:00,NSE:MFSL,248.60001,248.60001,244.0,244.85001,49462.0
2013-01-22 09:15:00,NSE:MFSL,244.10001,248.0,239.55,246.10001,163882.0
2013-01-23 09:15:00,NSE:MFSL,248.89999,248.89999,242.05,246.8,26076.0
2013-01-24 09:15:00,NSE:MFSL,246.8,246.89999,245.0,246.0,28602.0
2013-01-25 09:15:00,NSE:MFSL,246.75,251.5,246.05,250.14999,56453.0
2013-01-28 09:15:00,NSE:MFSL,201.55,250.89999,201.55,249.0,636228.0
2013-01-29 09:15:00,NSE:MFSL,251.75,251.75,246.64999,247.5,252708.0
2013-01-30 09:15:00,NSE:MFSL,248.45,252.64999,245.0,245.89999,44329.0
2013-01-31 09:15:00,NSE:MFSL,245.10001,250.0,242.0,250.0,88328.0
2013-02-01 09:15:00,NSE:MFSL,247.0,250.0,246.0,246.64999,19146.0
2013-02-04 09:15:00,NSE:MFSL,249.89999,253.85001,242.2,244.7,80248.0
2013-02-05 09:15:00,NSE:MFSL,243.45,245.60001,242.10001,243.10001,23668.0
2013-02-06 09:15:00,NSE:MFSL,244.89999,250.0,242.2,249.75,83054.0
2013-02-07 09:15:00,NSE:MFSL,249.25,249.25,244.5,244.95,22951.0
2013-02-08 09:15:00,NSE:MFSL,246.8,249.0,242.55,246.89999,80014.0
2013-02-11 09:15:00,NSE:MFSL,249.89999,253.55,243.5,244.39999,98167.0
2013-02-12 09:15:00,NSE:MFSL,247.64999,250.0,242.39999,245.3,36533.0
2013-02-13 09:15:00,NSE:MFSL,243.39999,250.05,243.39999,249.25,62845.0
2013-02-14 09:15:00,NSE:MFSL,247.8,249.0,240.0,241.0,93258.0
2013-02-15 09:15:00,NSE:MFSL,243.5,246.0,238.5,241.10001,164516.0
2013-02-18 09:15:00,NSE:MFSL,242.85001,243.0,239.0,241.8,41576.0
2013-02-19 09:15:00,NSE:MFSL,241.95,244.0,241.05,242.05,534184.0
2013-02-20 09:15:00,NSE:MFSL,244.85001,247.85001,242.5,244.39999,83422.0
2013-02-21 09:15:00,NSE:MFSL,244.39999,246.5,240.5,242.39999,34449.0
2013-02-22 09:15:00,NSE:MFSL,241.64999,248.5,241.0,246.89999,84403.0
2013-02-25 09:15:00,NSE:MFSL,246.89999,249.0,243.5,244.8,139290.0
2013-02-26 09:15:00,NSE:MFSL,242.14999,244.0,236.55,238.5,28439.0
2013-02-27 09:15:00,NSE:MFSL,241.0,242.95,238.0,242.45,27523.0
2013-02-28 09:15:00,NSE:MFSL,244.55,245.95,237.39999,242.8,190341.0
2013-03-01 09:15:00,NSE:MFSL,241.10001,241.5,235.25,236.14999,547302.0
2013-03-04 09:15:00,NSE:MFSL,232.05,236.0,230.0,234.0,33494.0
2013-03-05 09:15:00,NSE:MFSL,234.0,235.5,232.2,234.05,43146.0
2013-03-06 09:15:00,NSE:MFSL,234.85001,235.39999,231.5,232.5,18917.0
2013-03-07 09:15:00,NSE:MFSL,232.55,234.89999,232.39999,234.39999,80917.0
2013-03-08 09:15:00,NSE:MFSL,240.0,240.0,230.14999,231.64999,33786.0
2013-03-11 09:15:00,NSE:MFSL,232.55,234.0,220.55,223.7,236560.0
2013-03-12 09:15:00,NSE:MFSL,223.7,235.0,221.5,227.35001,156745.0
2013-03-13 09:15:00,NSE:MFSL,227.25,229.55,224.10001,225.05,24296.0
2013-03-14 09:15:00,NSE:MFSL,226.0,230.0,223.14999,228.05,45460.0
2013-03-15 09:15:00,NSE:MFSL,273.0,273.0,218.25,231.3,476725.0
2013-03-18 09:15:00,NSE:MFSL,222.10001,231.0,222.10001,229.39999,135918.0
2013-03-19 09:15:00,NSE:MFSL,228.39999,230.0,223.3,224.25,45844.0
2013-03-20 09:15:00,NSE:MFSL,221.7,225.25,211.3,219.7,160452.0
2013-03-21 09:15:00,NSE:MFSL,224.95,228.95,220.05,224.8,136160.0
2013-03-22 09:15:00,NSE:MFSL,217.60001,228.45,216.39999,226.45,186504.0
2013-03-25 09:15:00,NSE:MFSL,230.5,233.5,225.14999,229.60001,157990.0
2013-03-26 09:15:00,NSE:MFSL,227.05,228.05,220.10001,223.39999,47093.0
2013-03-28 09:15:00,NSE:MFSL,220.0,225.5,219.10001,224.05,51908.0
2013-04-01 09:15:00,NSE:MFSL,222.05,225.45,222.0,225.0,46609.0
2013-04-02 09:15:00,NSE:MFSL,223.0,230.0,223.0,227.0,123947.0
2013-04-03 09:15:00,NSE:MFSL,234.89999,234.89999,222.95,224.0,137616.0
2013-04-04 09:15:00,NSE:MFSL,223.95,224.2,215.75,221.0,191565.0
2013-04-05 09:15:00,NSE:MFSL,218.0,221.5,214.0,218.5,86999.0
2013-04-08 09:15:00,NSE:MFSL,216.2,221.0,214.64999,217.10001,123667.0
2013-04-09 09:15:00,NSE:MFSL,216.05,219.0,212.39999,218.89999,116353.0
2013-04-10 09:15:00,NSE:MFSL,216.3,226.0,215.05,221.0,166591.0
2013-04-11 09:15:00,NSE:MFSL,222.0,222.0,216.05,216.5,44210.0
2013-04-12 09:15:00,NSE:MFSL,215.55,216.8,212.5,215.45,256346.0
2013-04-15 09:15:00,NSE:MFSL,215.8,218.2,214.39999,216.0,115224.0
2013-04-16 09:15:00,NSE:MFSL,215.95,218.64999,212.5,212.60001,70884.0
2013-04-17 09:15:00,NSE:MFSL,213.5,215.95,211.2,212.95,82017.0
2013-04-18 09:15:00,NSE:MFSL,212.0,214.64999,211.10001,212.0,87109.0
2013-04-22 09:15:00,NSE:MFSL,212.10001,219.0,209.60001,217.25,285212.0
2013-04-23 09:15:00,NSE:MFSL,219.10001,225.0,210.0,213.0,308932.0
2013-04-25 09:15:00,NSE:MFSL,208.35001,213.89999,208.35001,213.0,263950.0
2013-04-26 09:15:00,NSE:MFSL,213.89999,213.89999,209.7,209.7,128773.0
2013-04-29 09:15:00,NSE:MFSL,210.5,212.0,209.35001,210.39999,88710.0
2013-04-30 09:15:00,NSE:MFSL,210.5,219.89999,210.0,217.05,170208.0
2013-05-02 09:15:00,NSE:MFSL,220.0,221.95,216.0,218.14999,205512.0
2013-05-03 09:15:00,NSE:MFSL,218.2,224.8,217.5,222.25,66726.0
2013-05-06 09:15:00,NSE:MFSL,222.0,228.89999,219.60001,226.7,95426.0
2013-05-07 09:15:00,NSE:MFSL,226.7,229.35001,217.7,228.5,386661.0
2013-05-08 09:15:00,NSE:MFSL,228.0,229.95,224.10001,224.5,48224.0
2013-05-09 09:15:00,NSE:MFSL,224.0,228.85001,214.10001,214.5,286706.0
2013-05-10 09:15:00,NSE:MFSL,215.0,215.85001,208.5,211.39999,1374545.0
2013-05-13 09:15:00,NSE:MFSL,216.0,216.0,208.5,211.10001,90650.0
2013-05-14 09:15:00,NSE:MFSL,210.89999,214.95,207.5,208.75,547569.0
2013-05-15 09:15:00,NSE:MFSL,210.0,214.85001,210.0,212.10001,265227.0
2013-05-16 09:15:00,NSE:MFSL,212.39999,215.0,210.64999,212.5,74403.0
2013-05-17 09:15:00,NSE:MFSL,211.39999,214.45,209.64999,213.0,53100.0
2013-05-20 09:15:00,NSE:MFSL,212.0,215.0,212.0,213.0,29569.0
2013-05-21 09:15:00,NSE:MFSL,213.2,216.8,211.10001,213.0,606511.0
2013-05-22 09:15:00,NSE:MFSL,215.10001,223.8,208.7,213.2,370638.0
2013-05-23 09:15:00,NSE:MFSL,214.0,217.2,212.60001,214.39999,74764.0
2013-05-24 09:15:00,NSE:MFSL,215.0,218.45,213.5,216.7,54550.0
2013-05-27 09:15:00,NSE:MFSL,216.0,218.0,215.0,216.89999,42353.0
2013-05-28 09:15:00,NSE:MFSL,214.0,219.8,214.0,217.64999,219985.0
2013-05-29 09:15:00,NSE:MFSL,219.5,222.0,217.05,219.5,112148.0
2013-05-30 09:15:00,NSE:MFSL,222.05,224.7,212.35001,213.10001,439951.0
2013-05-31 09:15:00,NSE:MFSL,213.3,215.0,210.60001,213.2,199918.0
2013-06-03 09:15:00,NSE:MFSL,215.0,215.0,209.0,210.25,572613.0
2013-06-04 09:15:00,NSE:MFSL,211.45,212.0,205.5,207.35001,500083.0
2013-06-05 09:15:00,NSE:MFSL,207.25,208.95,205.55,206.2,823947.0
2013-06-06 09:15:00,NSE:MFSL,205.89999,206.95,204.39999,205.75,201582.0
2013-06-07 09:15:00,NSE:MFSL,205.95,208.0,202.0,202.0,32883.0
2013-06-10 09:15:00,NSE:MFSL,202.0,205.35001,197.2,199.7,37441.0
2013-06-11 09:15:00,NSE:MFSL,197.0,199.3,183.5,197.0,498308.0
2013-06-12 09:15:00,NSE:MFSL,190.2,200.0,190.2,196.64999,38666.0
2013-06-13 09:15:00,NSE:MFSL,197.0,202.25,196.0,198.0,77073.0
2013-06-14 09:15:00,NSE:MFSL,198.3,202.5,198.3,199.8,19169.0
2013-06-17 09:15:00,NSE:MFSL,198.14999,200.75,198.10001,200.0,18184.0
2013-06-18 09:15:00,NSE:MFSL,201.14999,205.5,200.60001,204.0,481351.0
2013-06-19 09:15:00,NSE:MFSL,204.39999,210.0,202.5,206.05,387555.0
2013-06-20 09:15:00,NSE:MFSL,205.0,205.0,198.2,201.45,134222.0
2013-06-21 09:15:00,NSE:MFSL,198.3,201.0,193.39999,195.10001,319019.0
2013-06-24 09:15:00,NSE:MFSL,195.8,198.89999,188.05,190.0,73595.0
2013-06-25 09:15:00,NSE:MFSL,188.0,191.0,178.2,189.0,350734.0
2013-06-26 09:15:00,NSE:MFSL,189.0,195.0,186.89999,191.0,376622.0
2013-06-27 09:15:00,NSE:MFSL,191.25,197.8,190.0,196.3,44597.0
2013-06-28 09:15:00,NSE:MFSL,195.0,202.2,195.0,201.0,16778.0
2013-07-01 09:15:00,NSE:MFSL,200.0,206.0,200.0,205.75,14322.0
2013-07-02 09:15:00,NSE:MFSL,205.75,214.5,205.75,212.35001,97091.0
2013-07-03 09:15:00,NSE:MFSL,211.89999,212.60001,208.3,210.60001,51202.0
2013-07-04 09:15:00,NSE:MFSL,210.0,212.85001,208.60001,209.45,11792.0
2013-07-05 09:15:00,NSE:MFSL,210.0,214.95,209.0,214.95,17493.0
2013-07-08 09:15:00,NSE:MFSL,212.95,214.89999,200.0,201.55,381301.0
2013-07-09 09:15:00,NSE:MFSL,201.0,209.89999,201.0,209.5,53999.0
2013-07-10 09:15:00,NSE:MFSL,209.0,211.64999,204.55,208.95,700270.0
2013-07-11 09:15:00,NSE:MFSL,209.89999,210.5,206.25,207.10001,60515.0
2013-07-12 09:15:00,NSE:MFSL,209.0,210.0,203.0,204.55,129643.0
2013-07-15 09:15:00,NSE:MFSL,203.0,207.0,202.0,205.8,21090.0
2013-07-16 09:15:00,NSE:MFSL,203.0,206.60001,198.2,205.75,23443.0
2013-07-17 09:15:00,NSE:MFSL,213.95,214.8,205.2,205.8,363556.0
2013-07-18 09:15:00,NSE:MFSL,206.05,207.05,198.2,199.95,138700.0
2013-07-19 09:15:00,NSE:MFSL,199.0,200.95,198.35001,199.55,45424.0
2013-07-22 09:15:00,NSE:MFSL,199.5,202.05,199.10001,200.3,104761.0
2013-07-23 09:15:00,NSE:MFSL,200.0,203.5,196.35001,198.39999,215302.0
2013-07-24 09:15:00,NSE:MFSL,197.0,197.0,192.85001,195.0,23130.0
2013-07-25 09:15:00,NSE:MFSL,194.0,198.7,193.10001,196.89999,35362.0
2013-07-26 09:15:00,NSE:MFSL,195.10001,199.7,193.05,195.89999,33661.0
2013-07-29 09:15:00,NSE:MFSL,195.05,195.05,190.5,195.0,28606.0
2013-07-30 09:15:00,NSE:MFSL,194.60001,196.0,188.35001,189.95,219870.0
2013-07-31 09:15:00,NSE:MFSL,191.0,192.0,177.0,191.0,125529.0
2013-08-01 09:15:00,NSE:MFSL,192.05,192.05,186.55,189.0,19583.0
2013-08-02 09:15:00,NSE:MFSL,188.55,202.0,183.0,201.0,45723.0
2013-08-05 09:15:00,NSE:MFSL,195.0,195.55,186.0,191.64999,22252.0
2013-08-06 09:15:00,NSE:MFSL,191.0,191.89999,178.0,188.7,122977.0
2013-08-07 09:15:00,NSE:MFSL,185.0,186.89999,176.64999,186.5,40878.0
2013-08-08 09:15:00,NSE:MFSL,188.8,188.8,182.5,185.55,46643.0
2013-08-12 09:15:00,NSE:MFSL,185.39999,187.75,182.5,187.35001,47504.0
2013-08-13 09:15:00,NSE:MFSL,185.0,187.0,183.0,184.14999,80115.0
2013-08-14 09:15:00,NSE:MFSL,185.95,185.95,181.89999,182.14999,726788.0
2013-08-16 09:15:00,NSE:MFSL,182.14999,183.45,173.14999,180.89999,161615.0
2013-08-19 09:15:00,NSE:MFSL,181.0,181.0,173.0,174.5,118624.0
2013-08-20 09:15:00,NSE:MFSL,175.0,175.0,170.14999,173.5,107458.0
2013-08-21 09:15:00,NSE:MFSL,174.0,175.8,170.75,173.25,92313.0
2013-08-22 09:15:00,NSE:MFSL,170.0,173.89999,166.25,171.05,215549.0
2013-08-23 09:15:00,NSE:MFSL,171.60001,173.45,167.05,170.0,254504.0
2013-08-26 09:15:00,NSE:MFSL,170.0,171.64999,168.25,169.45,71758.0
2013-08-27 09:15:00,NSE:MFSL,169.85001,170.0,160.5,168.35001,222440.0
2013-08-28 09:15:00,NSE:MFSL,166.0,166.25,159.05,164.60001,182857.0
2013-08-29 09:15:00,NSE:MFSL,163.0,169.7,162.25,162.7,340509.0
2013-08-30 09:15:00,NSE:MFSL,163.0,167.95,160.10001,160.25,86427.0
2013-09-02 09:15:00,NSE:MFSL,162.25,162.60001,156.2,159.05,434589.0
2013-09-03 09:15:00,NSE:MFSL,160.10001,160.10001,153.0,155.45,207441.0
2013-09-04 09:15:00,NSE:MFSL,155.8,157.60001,150.2,151.0,794264.0
2013-09-05 09:15:00,NSE:MFSL,152.05,156.39999,152.05,152.3,273405.0
2013-09-06 09:15:00,NSE:MFSL,153.95,157.60001,152.14999,155.39999,693574.0
2013-09-10 09:15:00,NSE:MFSL,155.0,158.5,154.5,158.10001,301498.0
2013-09-11 09:15:00,NSE:MFSL,157.89999,181.89999,156.10001,162.0,1694902.0
2013-09-12 09:15:00,NSE:MFSL,162.0,166.0,159.45,160.55,434732.0
2013-09-13 09:15:00,NSE:MFSL,160.10001,170.95,160.10001,164.95,274772.0
2013-09-16 09:15:00,NSE:MFSL,164.0,173.39999,164.0,171.39999,190093.0
2013-09-17 09:15:00,NSE:MFSL,172.0,174.7,167.5,171.89999,65309.0
2013-09-18 09:15:00,NSE:MFSL,170.05,176.89999,169.3,176.3,145562.0
2013-09-19 09:15:00,NSE:MFSL,176.14999,199.8,173.0,189.45,500777.0
2013-09-20 09:15:00,NSE:MFSL,190.25,190.25,176.64999,183.5,311737.0
2013-09-23 09:15:00,NSE:MFSL,180.0,186.89999,178.05,183.10001,52735.0
2013-09-24 09:15:00,NSE:MFSL,185.89999,188.89999,183.0,184.95,55835.0
2013-09-25 09:15:00,NSE:MFSL,186.85001,187.85001,181.10001,183.8,139241.0
2013-09-26 09:15:00,NSE:MFSL,185.0,190.5,183.39999,190.0,111987.0
2013-09-27 09:15:00,NSE:MFSL,185.60001,189.0,184.60001,184.7,51231.0
2013-09-30 09:15:00,NSE:MFSL,185.10001,193.39999,182.5,193.35001,80971.0
2013-10-01 09:15:00,NSE:MFSL,190.25,193.05,186.5,188.5,36822.0
2013-10-03 09:15:00,NSE:MFSL,187.0,192.10001,187.0,187.14999,21992.0
2013-10-04 09:15:00,NSE:MFSL,185.14999,189.10001,182.85001,184.14999,70759.0
2013-10-07 09:15:00,NSE:MFSL,181.25,186.64999,181.25,183.7,80566.0
2013-10-08 09:15:00,NSE:MFSL,189.89999,189.89999,185.0,185.05,224258.0
2013-10-09 09:15:00,NSE:MFSL,184.0,195.39999,183.95,194.0,255350.0
2013-10-10 09:15:00,NSE:MFSL,194.0,197.39999,190.0,192.89999,53862.0
2013-10-11 09:15:00,NSE:MFSL,192.05,194.95,188.2,190.0,233490.0
2013-10-14 09:15:00,NSE:MFSL,191.5,196.0,187.55,190.10001,266247.0
2013-10-15 09:15:00,NSE:MFSL,193.75,194.8,187.3,187.89999,33902.0
2013-10-17 09:15:00,NSE:MFSL,190.45,193.8,189.0,190.0,139789.0
2013-10-18 09:15:00,NSE:MFSL,191.95,191.95,183.3,187.8,108297.0
2013-10-21 09:15:00,NSE:MFSL,191.95,191.95,185.5,186.60001,49512.0
2013-10-22 09:15:00,NSE:MFSL,186.3,189.2,186.0,186.64999,21804.0
2013-10-23 09:15:00,NSE:MFSL,189.85001,189.85001,183.5,184.8,439929.0
2013-10-24 09:15:00,NSE:MFSL,187.64999,188.10001,183.39999,185.0,60232.0
2013-10-25 09:15:00,NSE:MFSL,188.0,190.0,183.5,184.5,237769.0
2013-10-28 09:15:00,NSE:MFSL,186.45,190.60001,182.2,184.7,120683.0
2013-10-29 09:15:00,NSE:MFSL,188.2,188.2,182.75,187.0,42238.0
2013-10-30 09:15:00,NSE:MFSL,189.89999,191.0,188.0,188.14999,185782.0
2013-10-31 09:15:00,NSE:MFSL,187.95,190.45,187.10001,188.95,162210.0
2013-11-01 09:15:00,NSE:MFSL,190.45,190.8,185.55,189.0,79076.0
2013-11-05 09:15:00,NSE:MFSL,191.95,196.0,188.5,193.95,236981.0
2013-11-06 09:15:00,NSE:MFSL,195.0,195.8,193.14999,194.3,173637.0
2013-11-07 09:15:00,NSE:MFSL,196.75,196.75,190.55,194.35001,127093.0
2013-11-08 09:15:00,NSE:MFSL,192.89999,192.89999,185.0,190.0,835621.0
2013-11-11 09:15:00,NSE:MFSL,191.95,191.95,185.0,185.2,353099.0
2013-11-12 09:15:00,NSE:MFSL,185.0,193.39999,184.14999,190.05,510997.0
2013-11-13 09:15:00,NSE:MFSL,190.5,190.5,183.2,188.64999,140696.0
2013-11-14 09:15:00,NSE:MFSL,190.0,204.10001,188.39999,201.10001,668999.0
2013-11-18 09:15:00,NSE:MFSL,204.8,209.85001,198.0,203.0,449043.0
2013-11-19 09:15:00,NSE:MFSL,206.75,206.75,198.0,203.14999,407024.0
2013-11-20 09:15:00,NSE:MFSL,204.60001,212.45,202.55,207.85001,732715.0
2013-11-21 09:15:00,NSE:MFSL,206.5,214.39999,197.3,199.75,248369.0
2013-11-22 09:15:00,NSE:MFSL,199.05,203.85001,195.60001,200.39999,118851.0
2013-11-25 09:15:00,NSE:MFSL,201.05,213.95,201.05,213.55,217855.0
2013-11-26 09:15:00,NSE:MFSL,213.0,213.0,207.75,210.60001,188933.0
2013-11-27 09:15:00,NSE:MFSL,213.0,218.0,209.75,212.5,361296.0
2013-11-28 09:15:00,NSE:MFSL,215.95,216.8,213.25,214.25,653449.0
2013-11-29 09:15:00,NSE:MFSL,214.25,216.0,207.3,210.35001,86919.0
2013-12-02 09:15:00,NSE:MFSL,213.39999,216.0,208.25,211.14999,72651.0
2013-12-03 09:15:00,NSE:MFSL,213.60001,216.0,210.2,213.75,159049.0
2013-12-04 09:15:00,NSE:MFSL,216.95,216.95,210.0,210.0,22908.0
2013-12-05 09:15:00,NSE:MFSL,215.0,221.5,211.0,213.89999,317147.0
2013-12-06 09:15:00,NSE:MFSL,216.5,216.5,211.05,213.10001,240307.0
2013-12-09 09:15:00,NSE:MFSL,219.0,219.0,199.64999,205.5,941959.0
2013-12-10 09:15:00,NSE:MFSL,205.0,207.8,200.64999,206.05,76241.0
2013-12-11 09:15:00,NSE:MFSL,202.60001,208.0,202.60001,206.55,132130.0
2013-12-12 09:15:00,NSE:MFSL,210.89999,210.89999,205.0,208.39999,22767.0
2013-12-13 09:15:00,NSE:MFSL,210.89999,210.89999,205.7,207.35001,353626.0
2013-12-16 09:15:00,NSE:MFSL,211.05,211.05,202.60001,204.75,32908.0
2013-12-17 09:15:00,NSE:MFSL,209.0,209.0,201.0,202.7,420429.0
2013-12-18 09:15:00,NSE:MFSL,201.0,202.5,199.2,200.10001,1121986.0
2013-12-19 09:15:00,NSE:MFSL,204.0,204.7,196.35001,196.39999,44465.0
2013-12-20 09:15:00,NSE:MFSL,201.5,201.64999,197.0,200.75,111671.0
2013-12-23 09:15:00,NSE:MFSL,201.39999,203.8,198.75,200.10001,402010.0
2013-12-24 09:15:00,NSE:MFSL,203.64999,207.0,200.64999,205.0,93860.0
2013-12-26 09:15:00,NSE:MFSL,206.0,210.0,206.0,207.95,143012.0
2013-12-27 09:15:00,NSE:MFSL,206.0,214.39999,206.0,211.0,116254.0
2013-12-30 09:15:00,NSE:MFSL,215.3,216.45,211.45,213.25,357477.0
2013-12-31 09:15:00,NSE:MFSL,216.85001,220.0,213.05,215.3,35642.0
2014-01-01 09:15:00,NSE:MFSL,215.95,217.75,212.0,216.35001,11514.0
2014-01-02 09:15:00,NSE:MFSL,218.95,222.5,214.0,216.3,213702.0
2014-01-03 09:15:00,NSE:MFSL,218.8,218.8,214.05,214.10001,46925.0
2014-01-06 09:15:00,NSE:MFSL,212.25,214.14999,205.3,209.0,48900.0
2014-01-07 09:15:00,NSE:MFSL,205.2,210.0,205.2,209.0,38582.0
2014-01-08 09:15:00,NSE:MFSL,209.95,210.0,206.7,208.10001,122567.0
2014-01-09 09:15:00,NSE:MFSL,209.64999,209.64999,201.05,203.05,49953.0
2014-01-10 09:15:00,NSE:MFSL,205.95,205.95,196.35001,199.5,325011.0
2014-01-13 09:15:00,NSE:MFSL,197.45,202.95,197.0,197.7,200193.0
2014-01-14 09:15:00,NSE:MFSL,196.25,201.5,190.85001,192.39999,128114.0
2014-01-15 09:15:00,NSE:MFSL,190.5,215.25,190.5,209.05,312287.0
2014-01-16 09:15:00,NSE:MFSL,212.0,212.39999,200.5,202.85001,151349.0
2014-01-17 09:15:00,NSE:MFSL,204.8,206.0,196.3,198.3,116509.0
2014-01-20 09:15:00,NSE:MFSL,198.3,201.45,196.0,198.95,52025.0
2014-01-21 09:15:00,NSE:MFSL,202.0,203.0,196.3,198.0,47200.0
2014-01-22 09:15:00,NSE:MFSL,201.8,201.89999,198.0,199.0,147361.0
2014-01-23 09:15:00,NSE:MFSL,199.0,199.0,196.05,196.45,16889.0
2014-01-24 09:15:00,NSE:MFSL,199.85001,199.85001,193.5,194.55,16590.0
2014-01-27 09:15:00,NSE:MFSL,192.10001,197.5,191.2,192.60001,31274.0
2014-01-28 09:15:00,NSE:MFSL,191.05,196.0,190.60001,193.5,117144.0
2014-01-29 09:15:00,NSE:MFSL,194.0,194.60001,190.55,192.0,45300.0
2014-01-30 09:15:00,NSE:MFSL,189.0,193.89999,189.0,190.0,16393.0
2014-01-31 09:15:00,NSE:MFSL,193.0,193.75,189.2,190.0,65175.0
2014-02-03 09:15:00,NSE:MFSL,188.8,196.0,187.05,188.0,34283.0
2014-02-04 09:15:00,NSE:MFSL,186.0,189.89999,185.39999,188.7,41096.0
2014-02-05 09:15:00,NSE:MFSL,188.95,191.95,186.05,186.89999,113209.0
2014-02-06 09:15:00,NSE:MFSL,189.0,189.95,186.2,187.95,33535.0
2014-02-07 09:15:00,NSE:MFSL,187.60001,191.0,186.39999,186.45,86437.0
2014-02-10 09:15:00,NSE:MFSL,186.05,189.10001,181.95,183.95,55933.0
2014-02-11 09:15:00,NSE:MFSL,182.60001,186.0,180.8,183.7,104847.0
2014-02-12 09:15:00,NSE:MFSL,186.89999,188.39999,182.10001,186.64999,113486.0
2014-02-13 09:15:00,NSE:MFSL,192.0,192.0,185.0,186.0,156015.0
2014-02-14 09:15:00,NSE:MFSL,185.0,187.55,183.25,184.89999,118828.0
2014-02-17 09:15:00,NSE:MFSL,184.89999,187.0,183.0,183.2,30863.0
2014-02-18 09:15:00,NSE:MFSL,182.10001,185.0,180.64999,182.45,93703.0
2014-02-19 09:15:00,NSE:MFSL,182.0,183.7,178.05,179.8,456486.0
2014-02-20 09:15:00,NSE:MFSL,179.95,181.0,177.10001,179.75,60231.0
2014-02-21 09:15:00,NSE:MFSL,182.0,183.39999,180.8,181.8,131539.0
2014-02-24 09:15:00,NSE:MFSL,180.0,185.0,179.0,179.89999,597596.0
2014-02-25 09:15:00,NSE:MFSL,183.89999,183.89999,179.60001,182.39999,413438.0
2014-02-26 09:15:00,NSE:MFSL,181.0,197.10001,180.35001,191.5,1230263.0
2014-02-28 09:15:00,NSE:MFSL,193.89999,195.3,190.5,192.45,81368.0
2014-03-03 09:15:00,NSE:MFSL,194.39999,194.39999,188.5,190.0,38151.0
2014-03-04 09:15:00,NSE:MFSL,190.0,192.0,186.2,190.05,100290.0
2014-03-05 09:15:00,NSE:MFSL,190.05,193.05,186.25,188.8,47949.0
2014-03-06 09:15:00,NSE:MFSL,188.0,198.45,187.7,196.0,106802.0
2014-03-07 09:15:00,NSE:MFSL,197.0,197.0,190.05,193.8,185294.0
2014-03-10 09:15:00,NSE:MFSL,190.3,193.3,188.5,190.5,135359.0
2014-03-11 09:15:00,NSE:MFSL,189.95,196.0,189.95,192.0,475066.0
2014-03-12 09:15:00,NSE:MFSL,190.85001,193.45,189.7,190.85001,55590.0
2014-03-13 09:15:00,NSE:MFSL,192.95,201.89999,191.39999,196.8,388040.0
2014-03-14 09:15:00,NSE:MFSL,198.0,217.0,196.60001,198.64999,937558.0
2014-03-18 09:15:00,NSE:MFSL,199.0,204.89999,199.0,203.95,220594.0
2014-03-19 09:15:00,NSE:MFSL,205.0,205.8,197.55,198.75,121744.0
2014-03-20 09:15:00,NSE:MFSL,198.75,202.45,197.60001,199.35001,74775.0
2014-03-21 09:15:00,NSE:MFSL,200.0,203.75,196.7,200.5,132746.0
2014-03-24 09:15:00,NSE:MFSL,201.3,201.64999,198.10001,199.89999,124080.0
2014-03-25 09:15:00,NSE:MFSL,198.0,205.0,197.8,200.75,119060.0
2014-03-26 09:15:00,NSE:MFSL,200.0,209.5,199.89999,208.10001,188591.0
2014-03-27 09:15:00,NSE:MFSL,208.45,211.85001,203.0,205.7,85439.0
2014-03-28 09:15:00,NSE:MFSL,205.7,211.89999,204.0,205.0,84040.0
2014-03-31 09:15:00,NSE:MFSL,205.35001,211.5,205.0,208.05,167466.0
2014-04-01 09:15:00,NSE:MFSL,207.14999,208.35001,205.0,206.45,45774.0
2014-04-02 09:15:00,NSE:MFSL,206.05,207.8,203.0,205.7,88416.0
2014-04-03 09:15:00,NSE:MFSL,207.5,207.95,201.75,203.5,68501.0
2014-04-04 09:15:00,NSE:MFSL,201.05,204.75,200.05,200.55,334645.0
2014-04-07 09:15:00,NSE:MFSL,200.8,204.05,199.0,200.89999,645280.0
2014-04-09 09:15:00,NSE:MFSL,202.85001,202.89999,198.10001,200.64999,379470.0
2014-04-10 09:15:00,NSE:MFSL,203.89999,212.39999,198.0,210.7,147767.0
2014-04-11 09:15:00,NSE:MFSL,216.8,219.0,210.60001,212.45,338153.0
2014-04-15 09:15:00,NSE:MFSL,212.8,213.8,205.0,208.64999,142532.0
2014-04-16 09:15:00,NSE:MFSL,209.89999,212.60001,200.60001,203.05,96796.0
2014-04-17 09:15:00,NSE:MFSL,203.05,213.0,202.35001,210.05,355918.0
2014-04-21 09:15:00,NSE:MFSL,210.0,214.89999,210.0,212.95,60456.0
2014-04-22 09:15:00,NSE:MFSL,212.95,215.0,209.0,210.35001,77633.0
2014-04-23 09:15:00,NSE:MFSL,212.25,212.25,208.0,210.0,1276330.0
2014-04-25 09:15:00,NSE:MFSL,208.2,219.0,208.2,215.64999,224239.0
2014-04-28 09:15:00,NSE:MFSL,212.55,215.64999,210.3,212.05,205415.0
2014-04-29 09:15:00,NSE:MFSL,214.0,216.0,207.0,210.05,695212.0
2014-04-30 09:15:00,NSE:MFSL,210.05,215.0,210.05,213.7,312059.0
2014-05-02 09:15:00,NSE:MFSL,217.0,217.0,211.89999,214.89999,120275.0
2014-05-05 09:15:00,NSE:MFSL,212.85001,231.60001,212.85001,224.60001,644349.0
2014-05-06 09:15:00,NSE:MFSL,225.8,229.55,221.75,226.14999,176652.0
2014-05-07 09:15:00,NSE:MFSL,226.14999,240.89999,224.0,237.89999,325417.0
2014-05-08 09:15:00,NSE:MFSL,239.0,244.60001,227.8,229.25,277087.0
2014-05-09 09:15:00,NSE:MFSL,231.0,234.39999,225.10001,229.10001,134597.0
2014-05-12 09:15:00,NSE:MFSL,225.10001,227.45,216.95,220.0,1099577.0
2014-05-13 09:15:00,NSE:MFSL,223.95,224.5,218.3,222.14999,338111.0
2014-05-14 09:15:00,NSE:MFSL,222.14999,224.0,214.0,222.60001,1258294.0
2014-05-15 09:15:00,NSE:MFSL,224.2,227.0,219.89999,225.75,96065.0
2014-05-16 09:15:00,NSE:MFSL,232.0,239.0,227.0,237.8,195907.0
2014-05-19 09:15:00,NSE:MFSL,235.39999,245.0,235.39999,244.7,414521.0
2014-05-20 09:15:00,NSE:MFSL,246.0,275.0,244.35001,261.39999,489320.0
2014-05-21 09:15:00,NSE:MFSL,261.79999,266.70001,253.3,259.25,135413.0
2014-05-22 09:15:00,NSE:MFSL,259.70001,266.85001,257.0,258.60001,151695.0
2014-05-23 09:15:00,NSE:MFSL,259.29999,259.95001,250.25,253.64999,164124.0
2014-05-26 09:15:00,NSE:MFSL,254.0,268.79999,246.0,248.25,336386.0
2014-05-27 09:15:00,NSE:MFSL,248.60001,253.85001,230.3,240.39999,214747.0
2014-05-28 09:15:00,NSE:MFSL,240.75,255.0,240.75,247.45,64292.0
2014-05-29 09:15:00,NSE:MFSL,245.0,251.64999,232.25,242.8,112796.0
2014-05-30 09:15:00,NSE:MFSL,242.39999,267.54999,242.39999,263.64999,449095.0
2014-06-02 09:15:00,NSE:MFSL,264.0,295.5,256.0,290.60001,1314084.0
2014-06-03 09:15:00,NSE:MFSL,294.45001,311.89999,294.45001,299.75,1131715.0
2014-06-04 09:15:00,NSE:MFSL,302.70001,346.79999,295.5,325.85001,2156615.0
2014-06-05 09:15:00,NSE:MFSL,328.45001,330.25,302.0,304.89999,1872537.0
2014-06-06 09:15:00,NSE:MFSL,311.10001,319.0,311.0,314.45001,779996.0
2014-06-09 09:15:00,NSE:MFSL,316.0,319.0,305.0,308.5,630353.0
2014-06-10 09:15:00,NSE:MFSL,311.0,318.0,309.25,312.95001,520337.0
2014-06-11 09:15:00,NSE:MFSL,315.0,320.0,305.0,307.64999,380431.0
2014-06-12 09:15:00,NSE:MFSL,300.29999,316.39999,300.04999,308.64999,276800.0
2014-06-13 09:15:00,NSE:MFSL,305.70001,315.75,295.54999,300.45001,293737.0
2014-06-16 09:15:00,NSE:MFSL,297.45001,302.0,291.25,298.35001,110872.0
2014-06-17 09:15:00,NSE:MFSL,298.04999,313.04999,298.04999,305.5,429320.0
2014-06-18 09:15:00,NSE:MFSL,308.45001,311.0,293.39999,295.89999,217270.0
2014-06-19 09:15:00,NSE:MFSL,296.14999,317.79999,294.5,310.54999,1295052.0
2014-06-20 09:15:00,NSE:MFSL,317.5,320.0,302.0,303.85001,848732.0
2014-06-23 09:15:00,NSE:MFSL,304.0,306.79999,301.0,302.14999,175276.0
2014-06-24 09:15:00,NSE:MFSL,302.14999,309.0,296.29999,298.20001,277106.0
2014-06-25 09:15:00,NSE:MFSL,298.39999,301.29999,292.0,293.85001,185593.0
2014-06-26 09:15:00,NSE:MFSL,295.0,295.89999,290.0,291.25,144568.0
2014-06-27 09:15:00,NSE:MFSL,290.0,295.5,280.35001,289.85001,522863.0
2014-06-30 09:15:00,NSE:MFSL,290.0,299.0,286.20001,288.25,854345.0
2014-07-01 09:15:00,NSE:MFSL,288.25,296.0,288.25,295.5,388924.0
2014-07-02 09:15:00,NSE:MFSL,295.20001,297.35001,291.35001,294.25,230516.0
2014-07-03 09:15:00,NSE:MFSL,292.29999,299.75,292.29999,294.60001,371857.0
2014-07-04 09:15:00,NSE:MFSL,292.54999,303.04999,291.04999,294.04999,637588.0
2014-07-07 09:15:00,NSE:MFSL,294.54999,310.0,294.54999,308.04999,929914.0
2014-07-08 09:15:00,NSE:MFSL,314.29999,318.0,288.70001,299.75,1544955.0
2014-07-09 09:15:00,NSE:MFSL,299.0,317.0,291.0,294.64999,898290.0
2014-07-10 09:15:00,NSE:MFSL,299.64999,307.29999,285.04999,297.10001,4204244.0
2014-07-11 09:15:00,NSE:MFSL,300.0,318.39999,297.0,305.0,1931575.0
2014-07-14 09:15:00,NSE:MFSL,306.0,311.10001,297.35001,304.25,508251.0
2014-07-15 09:15:00,NSE:MFSL,306.0,310.35001,302.14999,304.95001,467094.0
2014-07-16 09:15:00,NSE:MFSL,306.45001,314.0,304.70001,309.25,544304.0
2014-07-17 09:15:00,NSE:MFSL,307.10001,325.39999,307.10001,321.25,1145726.0
2014-07-18 09:15:00,NSE:MFSL,319.0,320.95001,315.0,316.60001,355039.0
2014-07-21 09:15:00,NSE:MFSL,319.5,326.0,318.0,320.79999,585591.0
2014-07-22 09:15:00,NSE:MFSL,321.70001,326.79999,315.0,316.85001,694037.0
2014-07-23 09:15:00,NSE:MFSL,330.0,330.0,315.25,319.89999,1006084.0
2014-07-24 09:15:00,NSE:MFSL,321.64999,334.89999,315.20001,322.10001,2781402.0
2014-07-25 09:15:00,NSE:MFSL,322.95001,323.0,314.5,321.20001,537192.0
2014-07-28 09:15:00,NSE:MFSL,321.89999,323.0,314.10001,315.70001,254895.0
2014-07-30 09:15:00,NSE:MFSL,314.95001,318.89999,304.25,316.79999,311078.0
2014-07-31 09:15:00,NSE:MFSL,315.0,316.0,304.20001,306.89999,332609.0
2014-08-01 09:15:00,NSE:MFSL,303.79999,308.0,300.45001,302.75,747606.0
2014-08-04 09:15:00,NSE:MFSL,302.0,305.04999,298.0,299.45001,475790.0
2014-08-05 09:15:00,NSE:MFSL,297.54999,312.5,296.95001,304.89999,607467.0
2014-08-06 09:15:00,NSE:MFSL,305.5,312.0,304.14999,306.79999,305633.0
2014-08-07 09:15:00,NSE:MFSL,309.39999,311.70001,300.29999,305.64999,748264.0
2014-08-08 09:15:00,NSE:MFSL,302.10001,305.5,302.0,303.70001,173332.0
2014-08-11 09:15:00,NSE:MFSL,301.60001,307.0,299.89999,301.45001,397877.0
2014-08-12 09:15:00,NSE:MFSL,300.0,306.70001,299.64999,303.75,848527.0
2014-08-13 09:15:00,NSE:MFSL,306.0,306.0,293.29999,299.45001,650815.0
2014-08-14 09:15:00,NSE:MFSL,297.04999,322.70001,291.5,313.45001,793869.0
2014-08-18 09:15:00,NSE:MFSL,310.60001,316.64999,305.70001,315.0,408685.0
2014-08-19 09:15:00,NSE:MFSL,315.0,315.95001,309.60001,312.45001,181204.0
2014-08-20 09:15:00,NSE:MFSL,308.04999,315.0,308.0,311.70001,158694.0
2014-08-21 09:15:00,NSE:MFSL,309.10001,313.79999,307.54999,309.5,142398.0
2014-08-22 09:15:00,NSE:MFSL,309.10001,319.0,309.0,313.70001,447926.0
2014-08-25 09:15:00,NSE:MFSL,318.0,328.0,314.14999,324.39999,434565.0
2014-08-26 09:15:00,NSE:MFSL,327.95001,333.0,326.04999,329.64999,748487.0
2014-08-27 09:15:00,NSE:MFSL,330.0,331.79999,321.25,329.95001,305442.0
2014-08-28 09:15:00,NSE:MFSL,327.14999,329.89999,321.0,325.5,299728.0
2014-09-01 09:15:00,NSE:MFSL,323.54999,332.0,323.54999,330.54999,811994.0
2014-09-02 09:15:00,NSE:MFSL,328.14999,352.0,328.14999,340.45001,1196505.0
2014-09-03 09:15:00,NSE:MFSL,338.14999,343.35001,332.5,336.29999,394894.0
2014-09-04 09:15:00,NSE:MFSL,334.0,341.79999,330.0,338.25,393533.0
2014-09-05 09:15:00,NSE:MFSL,335.04999,342.75,335.04999,338.85001,437229.0
2014-09-08 09:15:00,NSE:MFSL,340.0,373.0,334.20001,362.89999,651877.0
2014-09-09 09:15:00,NSE:MFSL,364.89999,369.89999,356.10001,361.85001,499135.0
2014-09-10 09:15:00,NSE:MFSL,360.10001,362.95001,357.14999,362.20001,140080.0
2014-09-11 09:15:00,NSE:MFSL,364.70001,367.0,345.04999,359.39999,450522.0
2014-09-12 09:15:00,NSE:MFSL,354.14999,362.0,350.0,358.25,153862.0
2014-09-15 09:15:00,NSE:MFSL,356.0,360.0,350.04999,357.85001,99137.0
2014-09-16 09:15:00,NSE:MFSL,355.20001,358.95001,340.0,345.95001,106051.0
2014-09-17 09:15:00,NSE:MFSL,347.0,347.79999,330.0,339.20001,216607.0
2014-09-18 09:15:00,NSE:MFSL,341.0,357.0,336.0,353.39999,181325.0
2014-09-19 09:15:00,NSE:MFSL,355.0,359.89999,350.0,356.35001,121461.0
2014-09-22 09:15:00,NSE:MFSL,361.0,366.0,353.10001,354.64999,296274.0
2014-09-23 09:15:00,NSE:MFSL,353.0,360.39999,348.89999,350.29999,167588.0
2014-09-24 09:15:00,NSE:MFSL,349.0,354.64999,329.0,334.0,310318.0
2014-09-25 09:15:00,NSE:MFSL,333.0,339.0,327.10001,334.20001,202664.0
2014-09-26 09:15:00,NSE:MFSL,334.20001,334.20001,318.0,328.29999,356748.0
2014-09-29 09:15:00,NSE:MFSL,327.0,337.95001,327.0,328.10001,63967.0
2014-09-30 09:15:00,NSE:MFSL,328.0,331.79999,315.54999,319.95001,164034.0
2014-10-01 09:15:00,NSE:MFSL,317.0,322.75,315.0,316.64999,547294.0
2014-10-07 09:15:00,NSE:MFSL,315.0,319.95001,315.0,318.04999,374455.0
2014-10-08 09:15:00,NSE:MFSL,316.25,323.0,315.0,318.10001,149208.0
2014-10-09 09:15:00,NSE:MFSL,318.04999,321.0,315.04999,319.35001,597862.0
2014-10-10 09:15:00,NSE:MFSL,317.5,327.5,316.25,319.5,76448.0
2014-10-13 09:15:00,NSE:MFSL,317.10001,327.0,306.29999,314.29999,351705.0
2014-10-14 09:15:00,NSE:MFSL,312.10001,319.45001,312.10001,316.39999,46983.0
2014-10-16 09:15:00,NSE:MFSL,312.20001,318.0,312.20001,315.0,235654.0
2014-10-17 09:15:00,NSE:MFSL,312.64999,324.14999,309.0,321.14999,150455.0
2014-10-20 09:15:00,NSE:MFSL,325.0,340.0,318.70001,323.70001,271945.0
2014-10-21 09:15:00,NSE:MFSL,324.0,328.85001,323.0,324.79999,71475.0
2014-10-22 09:15:00,NSE:MFSL,329.0,330.0,315.25,321.20001,317442.0
2014-10-23 09:15:00,NSE:MFSL,326.0,326.75,323.85001,325.54999,12822.0
2014-10-27 09:15:00,NSE:MFSL,325.5,339.0,320.54999,325.45001,110714.0
2014-10-28 09:15:00,NSE:MFSL,327.0,333.70001,324.95001,327.89999,166768.0
2014-10-29 09:15:00,NSE:MFSL,329.10001,354.0,328.60001,351.70001,356418.0
2014-10-30 09:15:00,NSE:MFSL,330.0,352.75,330.0,347.39999,1102895.0
2014-10-31 09:15:00,NSE:MFSL,344.0,357.29999,344.0,355.0,307135.0
2014-11-03 09:15:00,NSE:MFSL,355.0,371.89999,355.0,364.95001,180535.0
2014-11-05 09:15:00,NSE:MFSL,370.0,404.0,360.0,397.04999,1035803.0
2014-11-07 09:15:00,NSE:MFSL,397.0,413.0,385.25,403.89999,471050.0
2014-11-10 09:15:00,NSE:MFSL,406.89999,408.35001,386.20001,396.14999,307440.0
2014-11-11 09:15:00,NSE:MFSL,397.5,425.95001,395.39999,421.04999,573470.0
2014-11-12 09:15:00,NSE:MFSL,424.70001,442.79999,423.79999,437.89999,717844.0
2014-11-13 09:15:00,NSE:MFSL,434.70001,442.35001,400.0,404.5,837317.0
2014-11-14 09:15:00,NSE:MFSL,407.0,415.29999,404.20001,411.25,284954.0
2014-11-17 09:15:00,NSE:MFSL,416.0,420.89999,403.0,404.39999,342299.0
2014-11-18 09:15:00,NSE:MFSL,407.0,409.0,402.70001,405.5,307671.0
2014-11-19 09:15:00,NSE:MFSL,405.45001,414.0,403.04999,406.39999,190273.0
2014-11-20 09:15:00,NSE:MFSL,409.0,413.75,398.0,402.95001,223370.0
2014-11-21 09:15:00,NSE:MFSL,404.0,404.5,394.0,397.89999,202761.0
2014-11-24 09:15:00,NSE:MFSL,401.0,402.0,393.0,398.04999,159371.0
2014-11-25 09:15:00,NSE:MFSL,394.10001,394.10001,375.0,379.0,304934.0
2014-11-26 09:15:00,NSE:MFSL,376.0,383.95001,373.0,375.25,148275.0
2014-11-27 09:15:00,NSE:MFSL,372.0,383.89999,372.0,380.45001,261110.0
2014-11-28 09:15:00,NSE:MFSL,377.04999,384.79999,361.25,365.39999,465333.0
2014-12-01 09:15:00,NSE:MFSL,362.04999,379.70001,362.04999,375.64999,184050.0
2014-12-02 09:15:00,NSE:MFSL,372.0,378.35001,369.35001,373.45001,57455.0
2014-12-03 09:15:00,NSE:MFSL,376.10001,407.79999,376.10001,398.35001,1056177.0
2014-12-04 09:15:00,NSE:MFSL,406.0,406.89999,395.70001,399.89999,318768.0
2014-12-05 09:15:00,NSE:MFSL,402.70001,402.70001,394.0,395.85001,130536.0
2014-12-08 09:15:00,NSE:MFSL,402.0,403.0,379.0,384.79999,451425.0
2014-12-09 09:15:00,NSE:MFSL,397.79999,402.0,384.14999,388.29999,519446.0
2014-12-10 09:15:00,NSE:MFSL,392.0,424.0,391.10001,407.0,2659351.0
2014-12-11 09:15:00,NSE:MFSL,408.14999,413.25,396.20001,399.45001,802947.0
2014-12-12 09:15:00,NSE:MFSL,401.0,404.45001,382.10001,385.5,459113.0
2014-12-15 09:15:00,NSE:MFSL,385.5,396.95001,377.0,392.20001,399603.0
2014-12-16 09:15:00,NSE:MFSL,389.45001,391.25,362.10001,368.35001,418205.0
2014-12-17 09:15:00,NSE:MFSL,365.0,375.95001,357.85001,361.70001,296468.0
2014-12-18 09:15:00,NSE:MFSL,368.54999,384.0,363.10001,367.70001,267993.0
2014-12-19 09:15:00,NSE:MFSL,373.0,377.79999,368.0,370.04999,320301.0
2014-12-22 09:15:00,NSE:MFSL,371.20001,388.0,371.20001,378.64999,535071.0
2014-12-23 09:15:00,NSE:MFSL,379.0,388.0,369.5,380.45001,463489.0
2014-12-24 09:15:00,NSE:MFSL,379.04999,400.0,375.25,387.45001,1502283.0
2014-12-26 09:15:00,NSE:MFSL,388.0,390.85001,378.10001,382.29999,475607.0
2014-12-29 09:15:00,NSE:MFSL,380.10001,388.79999,380.10001,385.14999,223128.0
2014-12-30 09:15:00,NSE:MFSL,388.89999,391.0,383.10001,387.54999,206838.0
2014-12-31 09:15:00,NSE:MFSL,387.0,398.64999,385.0,396.0,353419.0
2015-01-01 09:15:00,NSE:MFSL,397.5,397.89999,389.20001,390.85001,75762.0
2015-01-02 09:15:00,NSE:MFSL,392.39999,395.29999,386.04999,387.5,119076.0
2015-01-05 09:15:00,NSE:MFSL,385.20001,415.60001,385.20001,393.14999,1717309.0
2015-01-06 09:15:00,NSE:MFSL,391.0,395.79999,383.0,384.95001,473381.0
2015-01-07 09:15:00,NSE:MFSL,387.79999,393.39999,381.20001,386.0,181727.0
2015-01-08 09:15:00,NSE:MFSL,388.89999,394.79999,388.89999,390.29999,258021.0
2015-01-09 09:15:00,NSE:MFSL,392.95001,395.0,388.39999,392.0,263367.0
2015-01-12 09:15:00,NSE:MFSL,390.14999,406.0,384.14999,396.75,551774.0
2015-01-13 09:15:00,NSE:MFSL,396.0,408.0,396.0,405.10001,293186.0
2015-01-14 09:15:00,NSE:MFSL,420.20001,423.95001,405.60001,407.79999,726041.0
2015-01-15 09:15:00,NSE:MFSL,411.89999,411.89999,399.0,400.14999,190030.0
2015-01-16 09:15:00,NSE:MFSL,401.10001,409.0,400.89999,406.10001,125772.0
2015-01-19 09:15:00,NSE:MFSL,406.10001,411.79999,401.0,404.29999,407987.0
2015-01-20 09:15:00,NSE:MFSL,405.89999,425.39999,405.04999,418.04999,890214.0
2015-01-21 09:15:00,NSE:MFSL,420.0,428.95001,415.95001,427.29999,984509.0
2015-01-22 09:15:00,NSE:MFSL,428.95001,428.95001,420.0,421.45001,359354.0
2015-01-23 09:15:00,NSE:MFSL,424.95001,469.89999,423.04999,454.04999,3098152.0
2015-01-27 09:15:00,NSE:MFSL,463.39999,505.89999,463.0,492.25,6453544.0
2015-01-28 09:15:00,NSE:MFSL,496.20001,521.84998,492.60001,498.25,2666279.0
2015-01-29 09:15:00,NSE:MFSL,499.0,501.35001,479.60001,485.60001,672099.0
2015-01-30 09:15:00,NSE:MFSL,485.89999,488.0,468.10001,474.54999,717638.0
2015-02-02 09:15:00,NSE:MFSL,473.75,511.0,472.95001,499.35001,1231942.0
2015-02-03 09:15:00,NSE:MFSL,502.79999,521.0,480.0,499.0,1418347.0
2015-02-04 09:15:00,NSE:MFSL,499.10001,509.0,495.0,504.75,833228.0
2015-02-05 09:15:00,NSE:MFSL,500.10001,519.90002,477.35001,485.25,696040.0
2015-02-06 09:15:00,NSE:MFSL,480.85001,488.60001,462.04999,471.0,466121.0
2015-02-09 09:15:00,NSE:MFSL,469.0,469.0,451.5,457.20001,409929.0
2015-02-10 09:15:00,NSE:MFSL,454.0,474.89999,447.5,459.5,305765.0
2015-02-11 09:15:00,NSE:MFSL,461.0,477.75,460.0,468.54999,403781.0
2015-02-12 09:15:00,NSE:MFSL,470.5,477.70001,452.25,457.29999,533827.0
2015-02-13 09:15:00,NSE:MFSL,470.10001,485.0,468.25,471.89999,634352.0
2015-02-16 09:15:00,NSE:MFSL,475.75,478.89999,467.10001,469.29999,154244.0
2015-02-18 09:15:00,NSE:MFSL,471.0,479.95001,468.0,471.45001,202555.0
2015-02-19 09:15:00,NSE:MFSL,472.89999,473.45001,462.54999,464.75,121975.0
2015-02-20 09:15:00,NSE:MFSL,465.0,483.20001,457.04999,461.35001,583983.0
2015-02-23 09:15:00,NSE:MFSL,464.89999,475.54999,449.0,454.60001,354855.0
2015-02-24 09:15:00,NSE:MFSL,454.79999,457.95001,440.0,447.70001,322858.0
2015-02-25 09:15:00,NSE:MFSL,446.20001,453.70001,433.0,439.79999,586293.0
2015-02-26 09:15:00,NSE:MFSL,445.0,453.0,436.35001,441.14999,268287.0
2015-02-27 09:15:00,NSE:MFSL,444.95001,450.20001,436.25,440.29999,294719.0
2015-03-02 09:15:00,NSE:MFSL,470.0,478.10001,465.10001,470.29999,667863.0
2015-03-03 09:15:00,NSE:MFSL,473.45001,485.5,471.14999,473.95001,730359.0
2015-03-04 09:15:00,NSE:MFSL,475.14999,477.0,462.60001,465.39999,324334.0
2015-03-05 09:15:00,NSE:MFSL,468.89999,473.95001,459.0,468.39999,343830.0
2015-03-09 09:15:00,NSE:MFSL,460.60001,471.89999,455.64999,460.20001,262668.0
2015-03-10 09:15:00,NSE:MFSL,461.89999,464.95001,455.0,455.5,127594.0
2015-03-11 09:15:00,NSE:MFSL,457.0,471.29999,450.25,463.85001,246950.0
2015-03-12 09:15:00,NSE:MFSL,484.0,514.0,483.5,488.70001,2291312.0
2015-03-13 09:15:00,NSE:MFSL,516.0,519.70001,460.25,469.79999,4542136.0
2015-03-16 09:15:00,NSE:MFSL,475.0,475.0,454.14999,457.0,599975.0
2015-03-17 09:15:00,NSE:MFSL,461.0,464.39999,453.85001,458.60001,547182.0
2015-03-18 09:15:00,NSE:MFSL,459.95001,460.0,451.64999,454.45001,293884.0
2015-03-19 09:15:00,NSE:MFSL,459.0,463.89999,455.10001,459.70001,390252.0
2015-03-20 09:15:00,NSE:MFSL,458.0,458.0,440.0,445.20001,313606.0
2015-03-23 09:15:00,NSE:MFSL,448.0,455.0,440.0,445.64999,242770.0
2015-03-24 09:15:00,NSE:MFSL,444.89999,444.95001,437.04999,438.35001,155392.0
2015-03-25 09:15:00,NSE:MFSL,440.10001,447.89999,437.0,437.95001,233725.0
2015-03-26 09:15:00,NSE:MFSL,436.89999,451.0,432.5,444.85001,340222.0
2015-03-27 09:15:00,NSE:MFSL,448.0,452.0,427.0,435.60001,314986.0
2015-03-30 09:15:00,NSE:MFSL,437.0,449.5,430.29999,445.54999,300928.0
2015-03-31 09:15:00,NSE:MFSL,447.95001,451.0,423.25,431.25,594163.0
2015-04-01 09:15:00,NSE:MFSL,431.60001,453.5,431.5,449.70001,694070.0
2015-04-06 09:15:00,NSE:MFSL,452.0,462.89999,450.0,458.5,363222.0
2015-04-07 09:15:00,NSE:MFSL,460.75,471.95001,457.0,466.95001,232346.0
2015-04-08 09:15:00,NSE:MFSL,469.79999,472.89999,462.14999,469.79999,210753.0
2015-04-09 09:15:00,NSE:MFSL,479.0,492.0,471.39999,488.14999,796639.0
2015-04-10 09:15:00,NSE:MFSL,497.89999,499.95001,487.10001,490.14999,746017.0
2015-04-13 09:15:00,NSE:MFSL,491.5,491.5,462.0,483.14999,213897.0
2015-04-15 09:15:00,NSE:MFSL,478.5,491.85001,474.0,479.89999,168767.0
2015-04-16 09:15:00,NSE:MFSL,480.04999,483.0,476.29999,479.75,170650.0
2015-04-17 09:15:00,NSE:MFSL,480.0,480.0,461.39999,463.89999,149543.0
2015-04-20 09:15:00,NSE:MFSL,465.10001,466.20001,438.0,446.25,242527.0
2015-04-21 09:15:00,NSE:MFSL,444.0,447.5,436.10001,438.14999,280985.0
2015-04-22 09:15:00,NSE:MFSL,437.5,446.39999,434.0,438.39999,456595.0
2015-04-23 09:15:00,NSE:MFSL,438.89999,444.0,432.0,438.04999,201260.0
2015-04-24 09:15:00,NSE:MFSL,438.0,439.0,424.0,425.70001,269338.0
2015-04-27 09:15:00,NSE:MFSL,425.5,425.70001,404.29999,409.5,843820.0
2015-04-28 09:15:00,NSE:MFSL,410.0,436.0,407.04999,427.95001,185415.0
2015-04-29 09:15:00,NSE:MFSL,427.35001,429.10001,419.0,427.20001,90474.0
2015-04-30 09:15:00,NSE:MFSL,429.89999,433.75,405.79999,428.29999,84261.0
2015-05-04 09:15:00,NSE:MFSL,432.0,458.39999,426.10001,455.10001,243413.0
2015-05-05 09:15:00,NSE:MFSL,452.35001,457.35001,439.0,440.64999,91193.0
2015-05-06 09:15:00,NSE:MFSL,441.5,441.5,421.25,424.89999,166320.0
2015-05-07 09:15:00,NSE:MFSL,423.0,444.70001,423.0,429.79999,352905.0
2015-05-08 09:15:00,NSE:MFSL,432.0,434.25,421.29999,424.14999,146934.0
2015-05-11 09:15:00,NSE:MFSL,425.35001,433.5,420.25,423.14999,140904.0
2015-05-12 09:15:00,NSE:MFSL,426.64999,433.45001,419.5,426.85001,205043.0
2015-05-13 09:15:00,NSE:MFSL,429.0,437.89999,426.54999,433.75,190385.0
2015-05-14 09:15:00,NSE:MFSL,433.89999,478.0,429.75,454.35001,728828.0
2015-05-15 09:15:00,NSE:MFSL,457.20001,459.25,445.75,447.95001,86043.0
2015-05-18 09:15:00,NSE:MFSL,449.89999,464.79999,445.0,452.0,176920.0
2015-05-19 09:15:00,NSE:MFSL,452.0,470.70001,446.14999,468.04999,202892.0
2015-05-20 09:15:00,NSE:MFSL,465.64999,472.0,460.35001,468.25,168846.0
2015-05-21 09:15:00,NSE:MFSL,468.70001,470.45001,456.0,458.95001,83143.0
2015-05-22 09:15:00,NSE:MFSL,465.75,469.5,451.60001,456.10001,172364.0
2015-05-25 09:15:00,NSE:MFSL,457.0,476.25,456.0,474.14999,273899.0
2015-05-26 09:15:00,NSE:MFSL,478.04999,478.79999,462.10001,465.20001,184232.0
2015-05-27 09:15:00,NSE:MFSL,464.0,485.0,458.29999,480.29999,1082733.0
2015-05-28 09:15:00,NSE:MFSL,479.89999,482.0,465.10001,472.89999,255844.0
2015-05-29 09:15:00,NSE:MFSL,474.95001,482.0,465.20001,469.79999,316940.0
2015-06-01 09:15:00,NSE:MFSL,470.29999,490.0,465.5,488.10001,359863.0
2015-06-02 09:15:00,NSE:MFSL,489.0,498.85001,481.0,484.79999,445210.0
2015-06-03 09:15:00,NSE:MFSL,484.70001,508.39999,475.10001,485.64999,604467.0
2015-06-04 09:15:00,NSE:MFSL,479.89999,483.79999,465.10001,477.5,246668.0
2015-06-05 09:15:00,NSE:MFSL,470.0,493.0,469.04999,486.95001,194853.0
2015-06-08 09:15:00,NSE:MFSL,483.10001,485.0,474.70001,483.0,164996.0
2015-06-09 09:15:00,NSE:MFSL,481.0,488.5,478.14999,483.5,323385.0
2015-06-10 09:15:00,NSE:MFSL,480.10001,487.89999,478.10001,484.5,119594.0
2015-06-11 09:15:00,NSE:MFSL,484.5,489.0,479.5,481.39999,181004.0
2015-06-12 09:15:00,NSE:MFSL,479.0,481.20001,464.0,467.20001,269640.0
2015-06-15 09:15:00,NSE:MFSL,467.20001,478.25,462.0,469.10001,334115.0
2015-06-16 09:15:00,NSE:MFSL,472.89999,483.70001,463.10001,480.54999,107986.0
2015-06-17 09:15:00,NSE:MFSL,481.29999,487.04999,475.95001,484.25,174233.0
2015-06-18 09:15:00,NSE:MFSL,482.0,488.70001,481.10001,483.14999,83279.0
2015-06-19 09:15:00,NSE:MFSL,485.14999,486.85001,476.0,484.54999,120103.0
2015-06-22 09:15:00,NSE:MFSL,485.0,491.0,484.60001,489.45001,154274.0
2015-06-23 09:15:00,NSE:MFSL,492.89999,493.0,486.0,489.64999,110296.0
2015-06-24 09:15:00,NSE:MFSL,489.64999,491.0,486.0,489.29999,248852.0
2015-06-25 09:15:00,NSE:MFSL,491.89999,501.0,486.75,496.85001,381334.0
2015-06-26 09:15:00,NSE:MFSL,492.39999,496.64999,481.25,486.75,181254.0
2015-06-29 09:15:00,NSE:MFSL,481.89999,493.0,469.64999,489.39999,134771.0
2015-06-30 09:15:00,NSE:MFSL,490.0,491.45001,480.0,483.20001,282608.0
2015-07-01 09:15:00,NSE:MFSL,480.0,487.5,480.0,486.04999,90721.0
2015-07-02 09:15:00,NSE:MFSL,489.0,507.70001,486.89999,489.10001,195820.0
2015-07-03 09:15:00,NSE:MFSL,489.5,509.0,486.04999,504.04999,217697.0
2015-07-06 09:15:00,NSE:MFSL,492.0,545.0,492.0,517.15002,627876.0
2015-07-07 09:15:00,NSE:MFSL,516.0,521.34998,502.60001,506.5,174406.0
2015-07-08 09:15:00,NSE:MFSL,499.0,516.5,486.35001,492.45001,305590.0
2015-07-09 09:15:00,NSE:MFSL,496.0,504.95001,486.04999,489.79999,162112.0
2015-07-10 09:15:00,NSE:MFSL,490.35001,498.89999,486.14999,495.35001,101101.0
2015-07-13 09:15:00,NSE:MFSL,496.0,503.54999,492.75,495.54999,102837.0
2015-07-14 09:15:00,NSE:MFSL,498.0,500.0,494.85001,496.64999,97958.0
2015-07-15 09:15:00,NSE:MFSL,496.64999,517.90002,496.64999,514.20001,225333.0
2015-07-16 09:15:00,NSE:MFSL,516.0,537.0,515.0,529.95001,389554.0
2015-07-17 09:15:00,NSE:MFSL,530.09998,543.90002,520.0,536.70001,186082.0
2015-07-20 09:15:00,NSE:MFSL,536.0,544.40002,518.29999,539.54999,193106.0
2015-07-21 09:15:00,NSE:MFSL,536.0,548.0,525.09998,529.84998,168134.0
2015-07-22 09:15:00,NSE:MFSL,521.54999,553.90002,521.54999,547.59998,343444.0
2015-07-23 09:15:00,NSE:MFSL,548.0,549.40002,532.5,539.29999,255019.0
2015-07-24 09:15:00,NSE:MFSL,539.0,545.0,536.95001,542.90002,188342.0
2015-07-27 09:15:00,NSE:MFSL,543.0,547.40002,535.0,536.84998,82331.0
2015-07-28 09:15:00,NSE:MFSL,540.0,547.70001,521.65002,529.0,198342.0
2015-07-29 09:15:00,NSE:MFSL,532.90002,547.95001,532.70001,543.65002,144995.0
2015-07-30 09:15:00,NSE:MFSL,543.70001,564.79999,542.09998,552.75,518439.0
2015-07-31 09:15:00,NSE:MFSL,557.0,561.95001,545.45001,548.84998,84086.0
2015-08-03 09:15:00,NSE:MFSL,545.09998,563.95001,536.95001,562.70001,134449.0
2015-08-04 09:15:00,NSE:MFSL,563.95001,569.5,555.09998,561.09998,111433.0
2015-08-05 09:15:00,NSE:MFSL,557.09998,575.95001,557.09998,567.95001,297550.0
2015-08-06 09:15:00,NSE:MFSL,568.0,575.0,561.09998,567.20001,165869.0
2015-08-07 09:15:00,NSE:MFSL,573.5,575.95001,556.0,566.54999,151208.0
2015-08-10 09:15:00,NSE:MFSL,566.04999,569.84998,553.09998,555.5,96801.0
2015-08-11 09:15:00,NSE:MFSL,557.5,571.0,556.34998,562.15002,129643.0
2015-08-12 09:15:00,NSE:MFSL,568.0,572.29999,543.09998,556.20001,277660.0
2015-08-13 09:15:00,NSE:MFSL,551.0,570.0,535.0,553.70001,195046.0
2015-08-14 09:15:00,NSE:MFSL,550.0,569.5,550.0,563.29999,209580.0
2015-08-17 09:15:00,NSE:MFSL,567.0,568.34998,552.0,564.15002,140993.0
2015-08-18 09:15:00,NSE:MFSL,568.0,568.0,552.0,556.25,238081.0
2015-08-19 09:15:00,NSE:MFSL,552.90002,559.95001,544.20001,549.34998,293572.0
2015-08-20 09:15:00,NSE:MFSL,545.0,557.95001,541.0,544.09998,109367.0
2015-08-21 09:15:00,NSE:MFSL,539.79999,548.95001,533.0,544.0,165544.0
2015-08-24 09:15:00,NSE:MFSL,534.5,534.5,472.0,513.65002,383442.0
2015-08-25 09:15:00,NSE:MFSL,509.0,534.0,496.79999,514.29999,380133.0
2015-08-26 09:15:00,NSE:MFSL,510.0,521.0,489.0,498.25,197281.0
2015-08-27 09:15:00,NSE:MFSL,509.39999,515.0,497.25,505.79999,120952.0
2015-08-28 09:15:00,NSE:MFSL,505.5,518.09998,499.0,504.20001,111123.0
2015-08-31 09:15:00,NSE:MFSL,497.5,509.0,495.60001,500.85001,142436.0
2015-09-01 09:15:00,NSE:MFSL,500.85001,504.85001,479.0,486.29999,104849.0
2015-09-02 09:15:00,NSE:MFSL,495.0,502.0,485.0,491.45001,341046.0
2015-09-03 09:15:00,NSE:MFSL,489.0,513.34998,486.79999,509.35001,293737.0
2015-09-04 09:15:00,NSE:MFSL,509.0,509.5,495.79999,502.79999,105130.0
2015-09-07 09:15:00,NSE:MFSL,500.0,505.0,484.04999,489.89999,120900.0
2015-09-08 09:15:00,NSE:MFSL,487.60001,492.75,473.0,485.35001,194377.0
2015-09-09 09:15:00,NSE:MFSL,490.0,515.04999,486.04999,509.04999,114803.0
2015-09-10 09:15:00,NSE:MFSL,503.0,508.89999,495.0,506.35001,137823.0
2015-09-11 09:15:00,NSE:MFSL,507.95001,516.25,503.5,506.95001,81501.0
2015-09-14 09:15:00,NSE:MFSL,512.5,512.5,499.5,506.79999,179320.0
2015-09-15 09:15:00,NSE:MFSL,500.10001,510.10001,490.35001,495.20001,977127.0
2015-09-16 09:15:00,NSE:MFSL,501.0,502.45001,492.5,498.85001,684466.0
2015-09-18 09:15:00,NSE:MFSL,500.0,505.0,489.5,495.0,429957.0
2015-09-21 09:15:00,NSE:MFSL,491.04999,525.0,491.04999,523.45001,738015.0
2015-09-22 09:15:00,NSE:MFSL,521.0,537.0,507.10001,529.15002,409775.0
2015-09-23 09:15:00,NSE:MFSL,528.70001,537.90002,513.45001,519.40002,630236.0
2015-09-24 09:15:00,NSE:MFSL,518.0,518.0,502.5,505.70001,422743.0
2015-09-28 09:15:00,NSE:MFSL,522.0,525.0,508.0,509.5,146388.0
2015-09-29 09:15:00,NSE:MFSL,504.0,513.04999,495.5,511.35001,185959.0
2015-09-30 09:15:00,NSE:MFSL,512.0,515.0,505.5,511.79999,153531.0
2015-10-01 09:15:00,NSE:MFSL,513.15002,518.95001,507.0,516.54999,101592.0
2015-10-05 09:15:00,NSE:MFSL,513.59998,528.0,513.20001,524.34998,283930.0
2015-10-06 09:15:00,NSE:MFSL,523.0,523.95001,509.64999,515.40002,103926.0
2015-10-07 09:15:00,NSE:MFSL,519.04999,526.95001,515.04999,525.70001,391360.0
2015-10-08 09:15:00,NSE:MFSL,526.0,527.95001,515.5,526.75,74009.0
2015-10-09 09:15:00,NSE:MFSL,522.25,527.95001,511.5,514.45001,228577.0
2015-10-12 09:15:00,NSE:MFSL,514.45001,527.0,514.45001,524.75,159564.0
2015-10-13 09:15:00,NSE:MFSL,524.0,531.95001,517.29999,526.65002,167281.0
2015-10-14 09:15:00,NSE:MFSL,528.95001,557.79999,521.29999,540.20001,424230.0
2015-10-15 09:15:00,NSE:MFSL,542.0,554.95001,523.75,547.65002,422490.0
2015-10-16 09:15:00,NSE:MFSL,550.0,552.75,531.79999,535.04999,230959.0
2015-10-19 09:15:00,NSE:MFSL,535.0,544.0,534.0,539.34998,321792.0
2015-10-20 09:15:00,NSE:MFSL,534.09998,550.0,534.09998,547.25,314230.0
2015-10-21 09:15:00,NSE:MFSL,548.0,550.0,541.70001,544.0,82416.0
2015-10-23 09:15:00,NSE:MFSL,549.0,571.0,522.70001,527.5,499981.0
2015-10-26 09:15:00,NSE:MFSL,533.0,537.65002,527.0,534.45001,112296.0
2015-10-27 09:15:00,NSE:MFSL,531.75,537.59998,528.75,530.40002,121491.0
2015-10-28 09:15:00,NSE:MFSL,529.0,545.0,525.09998,528.79999,76674.0
2015-10-29 09:15:00,NSE:MFSL,534.84998,535.0,525.20001,527.79999,74318.0
2015-10-30 09:15:00,NSE:MFSL,527.95001,535.0,526.0,529.25,347906.0
2015-11-02 09:15:00,NSE:MFSL,529.25,542.0,520.20001,532.45001,56907.0
2015-11-03 09:15:00,NSE:MFSL,532.09998,537.5,522.45001,529.79999,457039.0
2015-11-04 09:15:00,NSE:MFSL,530.04999,534.65002,526.0,529.40002,90162.0
2015-11-05 09:15:00,NSE:MFSL,529.0,529.95001,522.59998,526.04999,38002.0
2015-11-06 09:15:00,NSE:MFSL,527.70001,538.70001,525.0,532.25,45588.0
2015-11-09 09:15:00,NSE:MFSL,527.25,533.0,509.0,528.65002,50639.0
2015-11-10 09:15:00,NSE:MFSL,528.65002,528.65002,520.0,521.25,325125.0
2015-11-11 09:15:00,NSE:MFSL,516.15002,532.0,516.15002,527.75,9909.0
2015-11-13 09:15:00,NSE:MFSL,527.79999,534.45001,518.04999,531.59998,57600.0
2015-11-16 09:15:00,NSE:MFSL,531.54999,544.79999,527.90002,538.79999,75968.0
2015-11-17 09:15:00,NSE:MFSL,540.09998,554.79999,536.04999,549.59998,839574.0
2015-11-18 09:15:00,NSE:MFSL,554.0,569.0,545.04999,563.45001,554741.0
2015-11-19 09:15:00,NSE:MFSL,563.45001,580.95001,553.09998,575.79999,516430.0
2015-11-20 09:15:00,NSE:MFSL,579.0,586.0,567.0,576.54999,429385.0
2015-11-23 09:15:00,NSE:MFSL,570.0,570.0,551.0,555.75,259224.0
2015-11-24 09:15:00,NSE:MFSL,565.0,566.0,539.0,542.04999,271926.0
2015-11-26 09:15:00,NSE:MFSL,540.04999,545.59998,532.0,541.09998,178509.0
2015-11-27 09:15:00,NSE:MFSL,548.70001,549.0,536.15002,540.65002,77869.0
2015-11-30 09:15:00,NSE:MFSL,539.59998,544.0,523.20001,527.70001,199998.0
2015-12-01 09:15:00,NSE:MFSL,533.45001,537.0,528.0,535.0,73488.0
2015-12-02 09:15:00,NSE:MFSL,535.0,541.29999,528.09998,531.75,115260.0
2015-12-03 09:15:00,NSE:MFSL,529.0,543.25,528.29999,539.40002,140900.0
2015-12-04 09:15:00,NSE:MFSL,535.0,540.90002,534.04999,537.90002,163780.0
2015-12-07 09:15:00,NSE:MFSL,535.0,538.0,530.0,534.04999,81413.0
2015-12-08 09:15:00,NSE:MFSL,531.0,534.54999,522.40002,528.25,84962.0
2015-12-09 09:15:00,NSE:MFSL,525.0,528.04999,511.64999,515.09998,161415.0
2015-12-10 09:15:00,NSE:MFSL,516.34998,518.90002,502.0,506.85001,85908.0
2015-12-11 09:15:00,NSE:MFSL,506.85001,506.85001,484.10001,491.04999,379176.0
2015-12-14 09:15:00,NSE:MFSL,480.0,489.0,480.0,486.79999,664471.0
2015-12-15 09:15:00,NSE:MFSL,488.0,488.5,481.25,486.85001,336693.0
2015-12-16 09:15:00,NSE:MFSL,492.0,492.0,480.0,481.79999,221319.0
2015-12-17 09:15:00,NSE:MFSL,486.0,505.60001,482.0,500.20001,482619.0
2015-12-18 09:15:00,NSE:MFSL,496.0,508.0,496.0,500.20001,366666.0
2015-12-21 09:15:00,NSE:MFSL,498.95001,502.85001,494.45001,499.5,77683.0
2015-12-22 09:15:00,NSE:MFSL,502.64999,502.64999,497.0,499.39999,65782.0
2015-12-23 09:15:00,NSE:MFSL,501.79999,504.95001,498.20001,499.79999,292312.0
2015-12-24 09:15:00,NSE:MFSL,499.79999,501.85001,487.5,496.29999,138101.0
2015-12-28 09:15:00,NSE:MFSL,515.0,530.0,507.0,513.95001,1138269.0
2015-12-29 09:15:00,NSE:MFSL,514.0,517.34998,505.0,508.60001,256572.0
2015-12-30 09:15:00,NSE:MFSL,506.5,513.90002,499.95001,501.54999,223418.0
2015-12-31 09:15:00,NSE:MFSL,502.79999,514.70001,500.04999,507.89999,187080.0
2016-01-01 09:15:00,NSE:MFSL,508.39999,528.0,504.14999,523.84998,278353.0
2016-01-04 09:15:00,NSE:MFSL,524.0,524.0,513.5,517.5,380217.0
2016-01-05 09:15:00,NSE:MFSL,517.5,519.90002,505.54999,514.20001,278635.0
2016-01-06 09:15:00,NSE:MFSL,514.0,515.0,507.29999,510.0,350303.0
2016-01-07 09:15:00,NSE:MFSL,507.0,507.5,489.0,500.39999,408156.0
2016-01-08 09:15:00,NSE:MFSL,497.04999,503.35001,487.5,490.04999,233769.0
2016-01-11 09:15:00,NSE:MFSL,487.0,487.0,472.04999,476.89999,236906.0
2016-01-12 09:15:00,NSE:MFSL,480.0,481.0,465.0,469.10001,213406.0
2016-01-13 09:15:00,NSE:MFSL,476.0,476.0,445.10001,460.54999,308348.0
2016-01-14 09:15:00,NSE:MFSL,456.0,488.45001,446.10001,479.60001,503340.0
2016-01-15 09:15:00,NSE:MFSL,487.89999,495.0,466.0,478.25,1543797.0
2016-01-18 09:15:00,NSE:MFSL,482.0,486.95001,443.0,448.85001,292065.0
2016-01-19 09:15:00,NSE:MFSL,451.5,465.60001,445.85001,458.64999,347829.0
2016-01-20 09:15:00,NSE:MFSL,455.0,464.70001,441.5,446.54999,599347.0
2016-01-21 09:15:00,NSE:MFSL,451.10001,463.0,451.10001,455.10001,806028.0
2016-01-22 09:15:00,NSE:MFSL,459.39999,463.29999,453.14999,459.70001,2195648.0
2016-01-25 09:15:00,NSE:MFSL,469.0,480.0,463.14999,471.60001,759662.0
2016-01-27 09:15:00,NSE:MFSL,332.0,348.60001,332.0,348.60001,20503.0
2016-01-28 09:15:00,NSE:MFSL,366.0,366.0,351.0,365.79999,89141.0
2016-01-29 09:15:00,NSE:MFSL,353.20001,369.0,347.54999,365.70001,48143.0
2016-02-01 09:15:00,NSE:MFSL,375.0,377.39999,352.89999,371.14999,46105.0
2016-02-02 09:15:00,NSE:MFSL,377.85001,380.0,356.10001,371.20001,59106.0
2016-02-03 09:15:00,NSE:MFSL,357.10001,371.0,352.64999,358.20001,64208.0
2016-02-04 09:15:00,NSE:MFSL,362.60001,366.5,350.10001,361.85001,80931.0
2016-02-05 09:15:00,NSE:MFSL,356.35001,372.0,350.10001,366.39999,241720.0
2016-02-08 09:15:00,NSE:MFSL,369.79999,373.95001,360.64999,369.45001,43992.0
2016-02-09 09:15:00,NSE:MFSL,360.60001,368.0,356.0,360.70001,140897.0
2016-02-10 09:15:00,NSE:MFSL,368.95001,368.95001,337.0,360.10001,194582.0
2016-02-11 09:15:00,NSE:MFSL,351.04999,356.0,325.0,332.14999,100166.0
2016-02-12 09:15:00,NSE:MFSL,311.04999,349.0,311.04999,314.64999,127474.0
2016-02-15 09:15:00,NSE:MFSL,316.0,337.0,316.0,329.29999,70757.0
2016-02-16 09:15:00,NSE:MFSL,329.29999,339.0,317.79999,330.25,61061.0
2016-02-17 09:15:00,NSE:MFSL,331.0,350.95001,327.60001,346.14999,106629.0
2016-02-18 09:15:00,NSE:MFSL,354.0,387.70001,340.29999,345.20001,424194.0
2016-02-19 09:15:00,NSE:MFSL,340.0,350.04999,336.0,346.25,67885.0
2016-02-22 09:15:00,NSE:MFSL,352.0,355.0,343.14999,346.70001,86825.0
2016-02-23 09:15:00,NSE:MFSL,347.89999,347.89999,329.0,338.35001,84756.0
2016-02-24 09:15:00,NSE:MFSL,332.54999,339.20001,320.0,324.5,123262.0
2016-02-25 09:15:00,NSE:MFSL,320.60001,323.54999,302.79999,311.85001,441824.0
2016-02-26 09:15:00,NSE:MFSL,323.0,330.75,310.54999,327.10001,71492.0
2016-02-29 09:15:00,NSE:MFSL,323.85001,343.60001,315.60001,336.39999,80703.0
2016-03-01 09:15:00,NSE:MFSL,336.5,339.89999,324.0,325.14999,61922.0
2016-03-02 09:15:00,NSE:MFSL,331.0,344.95001,327.0,329.20001,111006.0
2016-03-03 09:15:00,NSE:MFSL,332.0,332.04999,320.29999,321.70001,81493.0
2016-03-04 09:15:00,NSE:MFSL,323.0,332.0,320.0,321.39999,33074.0
2016-03-08 09:15:00,NSE:MFSL,322.0,328.89999,311.5,314.25,66713.0
2016-03-09 09:15:00,NSE:MFSL,317.25,327.0,311.0,315.25,61955.0
2016-03-10 09:15:00,NSE:MFSL,320.85001,337.0,312.25,330.45001,147885.0
2016-03-11 09:15:00,NSE:MFSL,331.95001,337.0,327.85001,334.25,135207.0
2016-03-14 09:15:00,NSE:MFSL,331.10001,341.64999,331.10001,337.64999,74412.0
2016-03-15 09:15:00,NSE:MFSL,335.04999,348.0,332.39999,344.60001,77763.0
2016-03-16 09:15:00,NSE:MFSL,335.0,344.89999,335.0,340.14999,157433.0
2016-03-17 09:15:00,NSE:MFSL,343.95001,346.60001,334.60001,339.20001,83329.0
2016-03-18 09:15:00,NSE:MFSL,333.29999,340.0,322.39999,333.04999,86238.0
2016-03-21 09:15:00,NSE:MFSL,339.95001,344.0,327.95001,329.29999,92930.0
2016-03-22 09:15:00,NSE:MFSL,335.0,341.75,327.0,329.04999,126408.0
2016-03-23 09:15:00,NSE:MFSL,330.35001,334.39999,325.10001,327.75,64233.0
2016-03-28 09:15:00,NSE:MFSL,329.79999,332.5,315.54999,319.79999,187764.0
2016-03-29 09:15:00,NSE:MFSL,324.95001,327.60001,316.29999,320.79999,203686.0
2016-03-30 09:15:00,NSE:MFSL,319.0,328.45001,319.0,324.64999,191636.0
2016-03-31 09:15:00,NSE:MFSL,324.79999,349.39999,322.0,344.04999,170840.0
2016-04-01 09:15:00,NSE:MFSL,341.79999,347.79999,335.95001,344.89999,62766.0
2016-04-04 09:15:00,NSE:MFSL,346.0,346.0,335.5,337.79999,229571.0
2016-04-05 09:15:00,NSE:MFSL,337.5,343.5,336.0,340.14999,43018.0
2016-04-06 09:15:00,NSE:MFSL,343.70001,349.0,339.20001,345.29999,31498.0
2016-04-07 09:15:00,NSE:MFSL,344.10001,356.95001,341.45001,348.5,587947.0
2016-04-08 09:15:00,NSE:MFSL,349.10001,351.89999,341.39999,341.75,36918.0
2016-04-11 09:15:00,NSE:MFSL,341.5,348.0,333.0,345.79999,33191.0
2016-04-12 09:15:00,NSE:MFSL,346.0,357.0,345.60001,350.70001,114227.0
2016-04-13 09:15:00,NSE:MFSL,350.75,363.79999,350.0,353.10001,352685.0
2016-04-18 09:15:00,NSE:MFSL,343.0,364.39999,343.0,357.85001,106030.0
2016-04-20 09:15:00,NSE:MFSL,360.20001,372.0,354.0,359.70001,103582.0
2016-04-21 09:15:00,NSE:MFSL,359.95001,366.0,352.10001,360.60001,70017.0
2016-04-22 09:15:00,NSE:MFSL,362.0,374.25,358.0,372.35001,90731.0
2016-04-25 09:15:00,NSE:MFSL,372.35001,375.04999,367.0,373.45001,151456.0
2016-04-26 09:15:00,NSE:MFSL,375.0,379.0,370.10001,374.70001,132378.0
2016-04-27 09:15:00,NSE:MFSL,373.20001,374.95001,364.0,367.75,26019.0
2016-04-28 09:15:00,NSE:MFSL,365.04999,368.70001,344.04999,349.04999,253180.0
2016-04-29 09:15:00,NSE:MFSL,354.64999,367.0,350.45001,365.20001,220550.0
2016-05-02 09:15:00,NSE:MFSL,364.95001,374.5,358.25,372.75,131924.0
2016-05-03 09:15:00,NSE:MFSL,371.20001,376.70001,368.0,370.0,69278.0
2016-05-04 09:15:00,NSE:MFSL,362.54999,372.0,361.0,367.10001,81742.0
2016-05-05 09:15:00,NSE:MFSL,368.70001,368.70001,355.95001,360.89999,164701.0
2016-05-06 09:15:00,NSE:MFSL,360.95001,370.0,356.39999,362.29999,85194.0
2016-05-09 09:15:00,NSE:MFSL,367.85001,370.35001,361.75,369.45001,113391.0
2016-05-10 09:15:00,NSE:MFSL,367.75,370.10001,359.45001,360.85001,105703.0
2016-05-11 09:15:00,NSE:MFSL,361.0,365.0,358.04999,362.79999,150584.0
2016-05-12 09:15:00,NSE:MFSL,364.95001,370.04999,364.0,369.95001,176544.0
2016-05-13 09:15:00,NSE:MFSL,369.95001,377.39999,365.29999,373.75,209678.0
2016-05-16 09:15:00,NSE:MFSL,375.85001,390.85001,373.25,383.0,85947.0
2016-05-17 09:15:00,NSE:MFSL,383.89999,386.0,373.29999,379.35001,63931.0
2016-05-18 09:15:00,NSE:MFSL,378.85001,380.5,374.0,379.89999,33835.0
2016-05-19 09:15:00,NSE:MFSL,382.29999,382.29999,371.95001,377.39999,63214.0
2016-05-20 09:15:00,NSE:MFSL,370.25,374.04999,359.95001,368.14999,190382.0
2016-05-23 09:15:00,NSE:MFSL,374.64999,377.0,370.39999,372.54999,173903.0
2016-05-24 09:15:00,NSE:MFSL,371.95001,384.45001,370.60001,380.45001,49299.0
2016-05-25 09:15:00,NSE:MFSL,383.85001,385.54999,374.79999,382.10001,47073.0
2016-05-26 09:15:00,NSE:MFSL,377.54999,379.95001,365.0,366.29999,261917.0
2016-05-27 09:15:00,NSE:MFSL,368.95001,382.79999,365.25,380.45001,136266.0
2016-05-30 09:15:00,NSE:MFSL,379.25,382.95001,375.0,381.95001,231335.0
2016-05-31 09:15:00,NSE:MFSL,378.0,383.5,345.0,356.04999,873463.0
2016-06-01 09:15:00,NSE:MFSL,369.5,376.0,359.14999,363.10001,359556.0
2016-06-02 09:15:00,NSE:MFSL,366.79999,373.0,345.0,369.89999,135859.0
2016-06-03 09:15:00,NSE:MFSL,363.54999,382.79999,363.54999,380.60001,210270.0
2016-06-06 09:15:00,NSE:MFSL,375.0,407.0,371.25,399.20001,483055.0
2016-06-07 09:15:00,NSE:MFSL,399.0,404.95001,391.70001,398.79999,480473.0
2016-06-08 09:15:00,NSE:MFSL,404.95001,448.0,403.75,424.60001,895813.0
2016-06-09 09:15:00,NSE:MFSL,421.0,442.5,415.0,419.75,449065.0
2016-06-10 09:15:00,NSE:MFSL,425.95001,454.0,425.70001,442.25,937363.0
2016-06-13 09:15:00,NSE:MFSL,440.0,467.0,429.95001,434.20001,967757.0
2016-06-14 09:15:00,NSE:MFSL,435.79999,451.0,429.75,433.04999,316501.0
2016-06-15 09:15:00,NSE:MFSL,436.95001,443.35001,429.25,434.75,458141.0
2016-06-16 09:15:00,NSE:MFSL,435.29999,454.0,425.75,428.75,1161468.0
2016-06-17 09:15:00,NSE:MFSL,460.0,514.5,456.0,473.85001,8217917.0
2016-06-20 09:15:00,NSE:MFSL,473.75,530.0,471.20001,500.14999,7609858.0
2016-06-21 09:15:00,NSE:MFSL,506.0,515.0,486.70001,504.85001,2182451.0
2016-06-22 09:15:00,NSE:MFSL,509.89999,513.0,498.0,504.20001,2467264.0
2016-06-23 09:15:00,NSE:MFSL,503.04999,508.70001,496.10001,506.29999,1546484.0
2016-06-24 09:15:00,NSE:MFSL,480.0,540.65002,475.04999,535.25,3732927.0
2016-06-27 09:15:00,NSE:MFSL,535.0,564.70001,523.0,552.04999,2478506.0
2016-06-28 09:15:00,NSE:MFSL,545.5,553.70001,535.0,538.90002,980407.0
2016-06-29 09:15:00,NSE:MFSL,543.5,547.40002,528.20001,540.5,761996.0
2016-06-30 09:15:00,NSE:MFSL,542.0,544.90002,528.65002,532.75,328768.0
2016-07-01 09:15:00,NSE:MFSL,533.0,538.0,523.65002,529.15002,428096.0
2016-07-04 09:15:00,NSE:MFSL,533.79999,535.75,522.25,528.75,394206.0
2016-07-05 09:15:00,NSE:MFSL,527.75,530.95001,423.0,508.5,1351993.0
2016-07-07 09:15:00,NSE:MFSL,506.39999,520.90002,492.60001,498.10001,751801.0
2016-07-08 09:15:00,NSE:MFSL,502.60001,518.0,495.20001,504.39999,781963.0
2016-07-11 09:15:00,NSE:MFSL,513.29999,524.09998,501.5,505.0,717670.0
2016-07-12 09:15:00,NSE:MFSL,507.5,515.0,505.14999,507.85001,575898.0
2016-07-13 09:15:00,NSE:MFSL,511.39999,523.0,500.20001,506.0,2201759.0
2016-07-14 09:15:00,NSE:MFSL,516.09998,524.45001,500.0,504.60001,1224820.0
2016-07-15 09:15:00,NSE:MFSL,507.0,533.95001,502.25,513.40002,1482145.0
2016-07-18 09:15:00,NSE:MFSL,513.0,520.0,502.0,505.64999,431694.0
2016-07-19 09:15:00,NSE:MFSL,509.20001,520.0,502.0,511.45001,2066489.0
2016-07-20 09:15:00,NSE:MFSL,511.0,565.0,509.0,559.95001,3237726.0
2016-07-21 09:15:00,NSE:MFSL,566.70001,592.40002,548.0,555.90002,2071009.0
2016-07-22 09:15:00,NSE:MFSL,557.90002,578.40002,551.0,555.25,841198.0
2016-07-25 09:15:00,NSE:MFSL,558.0,601.0,544.0,584.84998,1509478.0
2016-07-26 09:15:00,NSE:MFSL,581.95001,594.70001,572.09998,578.09998,901467.0
2016-07-27 09:15:00,NSE:MFSL,580.04999,598.0,575.29999,593.79999,659867.0
2016-07-28 09:15:00,NSE:MFSL,594.0,618.0,576.09998,589.04999,1130069.0
2016-07-29 09:15:00,NSE:MFSL,589.04999,594.95001,567.0,579.95001,658441.0
2016-08-01 09:15:00,NSE:MFSL,583.0,585.45001,551.20001,556.29999,634317.0
2016-08-02 09:15:00,NSE:MFSL,560.0,561.90002,523.0,532.54999,636881.0
2016-08-03 09:15:00,NSE:MFSL,536.0,554.70001,533.65002,549.25,840961.0
2016-08-04 09:15:00,NSE:MFSL,554.5,569.0,541.0,550.75,840650.0
2016-08-05 09:15:00,NSE:MFSL,552.0,556.15002,476.70001,551.59998,691117.0
2016-08-08 09:15:00,NSE:MFSL,562.40002,568.40002,538.09998,542.20001,820935.0
2016-08-09 09:15:00,NSE:MFSL,523.0,546.79999,511.25,534.0,1813078.0
2016-08-10 09:15:00,NSE:MFSL,535.0,540.0,510.0,517.15002,880800.0
2016-08-11 09:15:00,NSE:MFSL,512.0,517.0,500.0,510.64999,577403.0
2016-08-12 09:15:00,NSE:MFSL,512.40002,521.0,488.29999,507.75,1115758.0
2016-08-16 09:15:00,NSE:MFSL,507.0,510.45001,497.79999,500.45001,318796.0
2016-08-17 09:15:00,NSE:MFSL,502.0,523.59998,500.0,516.79999,409208.0
2016-08-18 09:15:00,NSE:MFSL,521.90002,525.0,505.5,507.0,1031068.0
2016-08-19 09:15:00,NSE:MFSL,508.0,510.14999,493.25,498.95001,1365931.0
2016-08-22 09:15:00,NSE:MFSL,500.20001,505.0,492.35001,500.35001,373151.0
2016-08-23 09:15:00,NSE:MFSL,502.0,524.34998,500.70001,512.29999,725916.0
2016-08-24 09:15:00,NSE:MFSL,514.54999,528.70001,513.0,523.54999,399373.0
2016-08-25 09:15:00,NSE:MFSL,521.59998,539.59998,517.09998,533.45001,599266.0
2016-08-26 09:15:00,NSE:MFSL,535.0,551.0,530.34998,547.65002,652186.0
2016-08-29 09:15:00,NSE:MFSL,545.0,549.95001,530.29999,546.59998,345259.0
2016-08-30 09:15:00,NSE:MFSL,548.59998,569.45001,546.40002,565.34998,590885.0
2016-08-31 09:15:00,NSE:MFSL,568.79999,583.40002,562.40002,579.79999,911811.0
2016-09-01 09:15:00,NSE:MFSL,580.0,580.0,552.70001,568.95001,417767.0
2016-09-02 09:15:00,NSE:MFSL,568.95001,574.75,555.09998,572.04999,253070.0
2016-09-06 09:15:00,NSE:MFSL,573.5,604.79999,567.90002,595.70001,570890.0
2016-09-07 09:15:00,NSE:MFSL,597.0,599.75,575.0,580.25,436791.0
2016-09-08 09:15:00,NSE:MFSL,582.0,628.0,582.0,599.09998,1380728.0
2016-09-09 09:15:00,NSE:MFSL,600.0,602.75,582.0,593.95001,316996.0
2016-09-12 09:15:00,NSE:MFSL,585.0,609.75,581.54999,605.29999,537563.0
2016-09-14 09:15:00,NSE:MFSL,606.04999,619.65002,602.40002,606.79999,291254.0
2016-09-15 09:15:00,NSE:MFSL,603.70001,612.79999,583.09998,599.40002,478466.0
2016-09-16 09:15:00,NSE:MFSL,604.5,606.79999,580.09998,586.45001,585602.0
2016-09-19 09:15:00,NSE:MFSL,575.15002,584.59998,568.0,570.09998,643819.0
2016-09-20 09:15:00,NSE:MFSL,574.0,577.20001,566.40002,569.09998,374039.0
2016-09-21 09:15:00,NSE:MFSL,569.5,574.0,564.5,567.75,186871.0
2016-09-22 09:15:00,NSE:MFSL,574.40002,574.75,566.09998,569.09998,317259.0
2016-09-23 09:15:00,NSE:MFSL,571.75,592.0,564.0,565.59998,839516.0
2016-09-26 09:15:00,NSE:MFSL,565.70001,569.5,558.15002,560.25,663353.0
2016-09-27 09:15:00,NSE:MFSL,565.0,569.79999,550.5,552.15002,644953.0
2016-09-28 09:15:00,NSE:MFSL,549.5,563.0,548.29999,551.70001,311038.0
2016-09-29 09:15:00,NSE:MFSL,558.79999,560.0,536.25,553.95001,524669.0
2016-09-30 09:15:00,NSE:MFSL,548.09998,564.0,540.0,555.59998,290786.0
2016-10-03 09:15:00,NSE:MFSL,563.75,564.0,555.0,558.54999,351677.0
2016-10-04 09:15:00,NSE:MFSL,558.59998,560.0,553.0,558.40002,308422.0
2016-10-05 09:15:00,NSE:MFSL,558.54999,569.15002,553.0,562.25,493393.0
2016-10-06 09:15:00,NSE:MFSL,561.0,564.0,551.65002,555.09998,179105.0
2016-10-07 09:15:00,NSE:MFSL,554.90002,556.75,545.34998,549.34998,181694.0
2016-10-10 09:15:00,NSE:MFSL,549.0,552.84998,542.0,543.65002,127819.0
2016-10-13 09:15:00,NSE:MFSL,548.0,562.5,537.84998,549.95001,350066.0
2016-10-14 09:15:00,NSE:MFSL,552.0,559.5,548.95001,553.5,188065.0
2016-10-17 09:15:00,NSE:MFSL,555.0,558.0,533.70001,538.84998,610149.0
2016-10-18 09:15:00,NSE:MFSL,545.0,566.59998,542.20001,553.75,2184795.0
2016-10-19 09:15:00,NSE:MFSL,558.5,560.0,551.25,555.59998,178953.0
2016-10-20 09:15:00,NSE:MFSL,554.0,562.90002,552.34998,558.15002,284291.0
2016-10-21 09:15:00,NSE:MFSL,558.20001,573.75,556.65002,561.79999,1666476.0
2016-10-24 09:15:00,NSE:MFSL,564.79999,564.79999,554.0,558.54999,108849.0
2016-10-25 09:15:00,NSE:MFSL,555.0,560.0,551.20001,555.29999,122347.0
2016-10-26 09:15:00,NSE:MFSL,555.0,555.0,545.09998,550.0,139126.0
2016-10-27 09:15:00,NSE:MFSL,550.04999,560.0,546.0,556.90002,163137.0
2016-10-28 09:15:00,NSE:MFSL,556.95001,568.0,548.29999,562.79999,129780.0
2016-11-01 09:15:00,NSE:MFSL,563.20001,565.95001,555.0,558.20001,209488.0
2016-11-02 09:15:00,NSE:MFSL,556.0,560.0,541.54999,546.84998,115203.0
2016-11-03 09:15:00,NSE:MFSL,547.0,553.0,537.54999,540.70001,96904.0
2016-11-04 09:15:00,NSE:MFSL,540.75,551.54999,522.20001,542.0,275404.0
2016-11-07 09:15:00,NSE:MFSL,543.04999,555.0,536.09998,551.65002,120625.0
2016-11-08 09:15:00,NSE:MFSL,551.65002,567.70001,550.04999,565.15002,555289.0
2016-11-09 09:15:00,NSE:MFSL,538.0,559.5,520.0,554.90002,574309.0
2016-11-10 09:15:00,NSE:MFSL,564.90002,580.0,559.84998,573.20001,832728.0
2016-11-11 09:15:00,NSE:MFSL,570.79999,570.79999,545.25,558.0,155492.0
2016-11-15 09:15:00,NSE:MFSL,547.0,548.84998,485.95001,492.89999,565024.0
2016-11-16 09:15:00,NSE:MFSL,502.5,537.95001,495.29999,532.54999,637364.0
2016-11-17 09:15:00,NSE:MFSL,530.0,546.95001,510.10001,525.79999,441016.0
2016-11-18 09:15:00,NSE:MFSL,524.0,536.65002,520.15002,524.5,216452.0
2016-11-21 09:15:00,NSE:MFSL,522.0,528.79999,499.0,504.35001,132759.0
2016-11-22 09:15:00,NSE:MFSL,510.0,537.95001,509.45001,531.40002,234303.0
2016-11-23 09:15:00,NSE:MFSL,533.04999,554.0,520.0,548.65002,179716.0
2016-11-24 09:15:00,NSE:MFSL,536.0,548.0,531.15002,540.20001,273286.0
2016-11-25 09:15:00,NSE:MFSL,540.0,545.65002,532.0,536.29999,72569.0
2016-11-28 09:15:00,NSE:MFSL,531.0,542.95001,531.0,538.70001,44574.0
2016-11-29 09:15:00,NSE:MFSL,541.90002,560.0,539.0,558.09998,259551.0
2016-11-30 09:15:00,NSE:MFSL,556.90002,556.90002,526.29999,534.04999,302325.0
2016-12-01 09:15:00,NSE:MFSL,539.90002,549.0,532.40002,545.79999,223009.0
2016-12-02 09:15:00,NSE:MFSL,543.95001,546.0,530.0,532.84998,57332.0
2016-12-05 09:15:00,NSE:MFSL,534.95001,548.29999,533.25,545.0,116770.0
2016-12-06 09:15:00,NSE:MFSL,543.0,549.29999,536.09998,544.15002,154144.0
2016-12-07 09:15:00,NSE:MFSL,539.0,547.29999,535.0,541.5,224980.0
2016-12-08 09:15:00,NSE:MFSL,545.0,547.5,539.25,542.54999,149828.0
2016-12-09 09:15:00,NSE:MFSL,539.20001,548.59998,537.95001,542.5,345420.0
2016-12-12 09:15:00,NSE:MFSL,542.5,548.0,536.25,545.15002,479540.0
2016-12-13 09:15:00,NSE:MFSL,545.15002,560.0,541.09998,557.0,120777.0
2016-12-14 09:15:00,NSE:MFSL,551.5,566.59998,551.5,556.70001,154630.0
2016-12-15 09:15:00,NSE:MFSL,551.20001,563.20001,541.0,556.5,160434.0
2016-12-16 09:15:00,NSE:MFSL,553.5,562.0,547.29999,559.59998,135451.0
2016-12-19 09:15:00,NSE:MFSL,559.59998,568.0,548.0,558.90002,108694.0
2016-12-20 09:15:00,NSE:MFSL,560.0,560.75,538.5,543.04999,151222.0
2016-12-21 09:15:00,NSE:MFSL,549.5,550.40002,532.54999,536.34998,82494.0
2016-12-22 09:15:00,NSE:MFSL,534.0,539.0,527.5,530.25,122361.0
2016-12-23 09:15:00,NSE:MFSL,533.0,535.0,526.25,529.20001,140800.0
2016-12-26 09:15:00,NSE:MFSL,534.95001,534.95001,516.75,525.45001,183333.0
2016-12-27 09:15:00,NSE:MFSL,522.0,535.40002,522.0,531.29999,87924.0
2016-12-28 09:15:00,NSE:MFSL,534.29999,541.29999,529.29999,532.29999,86633.0
2016-12-29 09:15:00,NSE:MFSL,534.59998,547.34998,534.59998,542.84998,124122.0
2016-12-30 09:15:00,NSE:MFSL,544.5,553.79999,532.0,548.75,168589.0
2017-01-02 09:15:00,NSE:MFSL,551.0,568.0,545.25,557.54999,61775.0
2017-01-03 09:15:00,NSE:MFSL,556.65002,561.5,551.0,555.0,109407.0
2017-01-04 09:15:00,NSE:MFSL,557.65002,560.15002,550.04999,559.45001,227416.0
2017-01-05 09:15:00,NSE:MFSL,554.0,562.79999,552.0,553.65002,346446.0
2017-01-06 09:15:00,NSE:MFSL,556.79999,561.0,543.20001,546.45001,84924.0
2017-01-09 09:15:00,NSE:MFSL,546.40002,551.95001,541.04999,543.95001,124487.0
2017-01-10 09:15:00,NSE:MFSL,550.0,550.0,541.0,543.45001,181870.0
2017-01-11 09:15:00,NSE:MFSL,545.20001,562.0,537.20001,559.0,450076.0
2017-01-12 09:15:00,NSE:MFSL,559.29999,560.0,549.09998,554.20001,357171.0
2017-01-13 09:15:00,NSE:MFSL,549.0,557.70001,539.95001,551.20001,330610.0
2017-01-16 09:15:00,NSE:MFSL,545.5,559.65002,545.5,557.75,69034.0
2017-01-17 09:15:00,NSE:MFSL,556.09998,562.25,549.09998,554.54999,74469.0
2017-01-18 09:15:00,NSE:MFSL,555.0,560.0,550.5,554.65002,217823.0
2017-01-19 09:15:00,NSE:MFSL,558.0,572.95001,555.54999,565.90002,885847.0
2017-01-20 09:15:00,NSE:MFSL,559.75,565.59998,556.0,562.54999,442882.0
2017-01-23 09:15:00,NSE:MFSL,565.20001,566.95001,555.0,564.70001,184885.0
2017-01-24 09:15:00,NSE:MFSL,561.09998,569.40002,554.0,563.04999,191940.0
2017-01-25 09:15:00,NSE:MFSL,561.0,565.45001,557.5,563.84998,169972.0
2017-01-27 09:15:00,NSE:MFSL,560.25,579.0,556.5,569.95001,469643.0
2017-01-30 09:15:00,NSE:MFSL,565.0,572.95001,562.25,565.09998,366738.0
2017-01-31 09:15:00,NSE:MFSL,566.0,571.45001,561.0,564.65002,302364.0
2017-02-01 09:15:00,NSE:MFSL,565.5,602.40002,559.20001,581.70001,727196.0
2017-02-02 09:15:00,NSE:MFSL,580.0,607.5,577.0,601.70001,646551.0
2017-02-03 09:15:00,NSE:MFSL,598.29999,604.59998,586.54999,599.20001,418168.0
2017-02-06 09:15:00,NSE:MFSL,605.0,606.84998,597.15002,601.20001,498232.0
2017-02-07 09:15:00,NSE:MFSL,604.79999,618.84998,600.54999,615.59998,939252.0
2017-02-08 09:15:00,NSE:MFSL,617.79999,629.0,607.29999,617.84998,731923.0
2017-02-09 09:15:00,NSE:MFSL,618.0,639.0,607.04999,627.34998,679725.0
2017-02-10 09:15:00,NSE:MFSL,630.0,637.0,609.09998,622.45001,287407.0
2017-02-13 09:15:00,NSE:MFSL,624.0,624.0,608.0,610.59998,161018.0
2017-02-14 09:15:00,NSE:MFSL,610.95001,618.0,587.0,604.70001,306445.0
2017-02-15 09:15:00,NSE:MFSL,598.0,610.45001,595.0,603.59998,226201.0
2017-02-16 09:15:00,NSE:MFSL,602.04999,609.0,591.0,599.59998,235988.0
2017-02-17 09:15:00,NSE:MFSL,608.59998,608.59998,595.0,601.09998,194149.0
2017-02-20 09:15:00,NSE:MFSL,606.95001,606.95001,590.0,594.75,92000.0
2017-02-21 09:15:00,NSE:MFSL,575.54999,585.0,560.0,564.84998,21755790.0
2017-02-22 09:15:00,NSE:MFSL,567.70001,574.70001,565.20001,572.59998,704381.0
2017-02-23 09:15:00,NSE:MFSL,572.59998,579.84998,567.70001,578.25,541532.0
2017-02-27 09:15:00,NSE:MFSL,573.0,575.20001,562.59998,567.15002,453050.0
2017-02-28 09:15:00,NSE:MFSL,577.15002,583.95001,561.09998,563.59998,715112.0
2017-03-01 09:15:00,NSE:MFSL,568.70001,568.70001,554.40002,563.65002,665397.0
2017-03-02 09:15:00,NSE:MFSL,564.0,569.0,560.5,563.79999,671731.0
2017-03-03 09:15:00,NSE:MFSL,562.34998,567.54999,555.15002,561.70001,346213.0
2017-03-06 09:15:00,NSE:MFSL,561.20001,566.29999,554.09998,556.70001,171037.0
2017-03-07 09:15:00,NSE:MFSL,555.0,558.0,550.04999,552.40002,144999.0
2017-03-08 09:15:00,NSE:MFSL,552.0,556.34998,539.5,542.79999,326138.0
2017-03-09 09:15:00,NSE:MFSL,541.0,545.70001,512.29999,536.54999,1606744.0
2017-03-10 09:15:00,NSE:MFSL,535.0,539.0,523.25,536.04999,423916.0
2017-03-14 09:15:00,NSE:MFSL,542.0,547.0,536.04999,539.45001,403156.0
2017-03-15 09:15:00,NSE:MFSL,541.15002,565.5,536.0,558.90002,717300.0
2017-03-16 09:15:00,NSE:MFSL,558.90002,566.70001,555.5,565.25,389961.0
2017-03-17 09:15:00,NSE:MFSL,565.40002,570.04999,552.54999,565.75,426539.0
2017-03-20 09:15:00,NSE:MFSL,565.65002,570.0,555.54999,559.75,505338.0
2017-03-21 09:15:00,NSE:MFSL,562.20001,566.45001,554.04999,563.04999,308541.0
2017-03-22 09:15:00,NSE:MFSL,563.0,563.0,544.90002,560.0,508633.0
2017-03-23 09:15:00,NSE:MFSL,564.70001,581.40002,564.0,578.70001,914853.0
2017-03-24 09:15:00,NSE:MFSL,579.0,584.0,571.5,575.34998,744934.0
2017-03-27 09:15:00,NSE:MFSL,575.70001,581.5,573.95001,580.29999,474641.0
2017-03-28 09:15:00,NSE:MFSL,578.5,586.95001,569.0,571.70001,711182.0
2017-03-29 09:15:00,NSE:MFSL,572.0,577.70001,562.59998,565.25,458324.0
2017-03-30 09:15:00,NSE:MFSL,571.0,575.0,568.0,572.70001,307182.0
2017-03-31 09:15:00,NSE:MFSL,573.70001,583.25,573.34998,576.95001,1109146.0
2017-04-03 09:15:00,NSE:MFSL,577.65002,579.59998,563.34998,567.70001,786239.0
2017-04-05 09:15:00,NSE:MFSL,569.0,606.20001,560.0,595.54999,2653585.0
2017-04-06 09:15:00,NSE:MFSL,593.90002,607.0,585.0,602.20001,1029130.0
2017-04-07 09:15:00,NSE:MFSL,600.0,653.59998,600.0,633.40002,3135493.0
2017-04-10 09:15:00,NSE:MFSL,639.0,669.0,634.59998,654.04999,2953741.0
2017-04-11 09:15:00,NSE:MFSL,656.90002,675.95001,645.65002,652.45001,1576610.0
2017-04-12 09:15:00,NSE:MFSL,653.0,668.20001,640.09998,659.04999,1058252.0
2017-04-13 09:15:00,NSE:MFSL,659.84998,668.5,651.54999,655.84998,539476.0
2017-04-17 09:15:00,NSE:MFSL,655.0,666.04999,648.25,659.25,326839.0
2017-04-18 09:15:00,NSE:MFSL,660.0,666.34998,635.25,644.0,650050.0
2017-04-19 09:15:00,NSE:MFSL,642.0,658.90002,636.65002,654.5,577455.0
2017-04-20 09:15:00,NSE:MFSL,655.70001,666.59998,647.0,650.95001,460321.0
2017-04-21 09:15:00,NSE:MFSL,630.0,643.90002,625.0,631.09998,3572489.0
2017-04-24 09:15:00,NSE:MFSL,634.04999,647.70001,626.0,645.59998,870839.0
2017-04-25 09:15:00,NSE:MFSL,645.0,659.0,644.79999,649.95001,877291.0
2017-04-26 09:15:00,NSE:MFSL,652.0,655.95001,632.25,639.75,875683.0
2017-04-27 09:15:00,NSE:MFSL,640.09998,659.0,636.15002,654.65002,1307695.0
2017-04-28 09:15:00,NSE:MFSL,655.09998,669.34998,651.25,655.90002,918970.0
2017-05-02 09:15:00,NSE:MFSL,656.29999,661.84998,647.04999,655.15002,337817.0
2017-05-03 09:15:00,NSE:MFSL,649.0,655.15002,638.65002,643.09998,664126.0
2017-05-04 09:15:00,NSE:MFSL,644.79999,648.04999,637.34998,639.45001,273091.0
2017-05-05 09:15:00,NSE:MFSL,639.45001,641.75,609.34998,618.20001,441062.0
2017-05-08 09:15:00,NSE:MFSL,615.0,632.09998,606.65002,629.04999,481987.0
2017-05-09 09:15:00,NSE:MFSL,630.0,634.5,624.25,626.90002,228354.0
2017-05-10 09:15:00,NSE:MFSL,626.0,647.0,626.0,643.15002,464654.0
2017-05-11 09:15:00,NSE:MFSL,642.5,659.70001,639.04999,653.04999,609049.0
2017-05-12 09:15:00,NSE:MFSL,652.5,654.95001,642.0,645.95001,230893.0
2017-05-15 09:15:00,NSE:MFSL,645.0,680.0,644.95001,676.70001,953319.0
2017-05-16 09:15:00,NSE:MFSL,680.90002,683.95001,663.75,673.59998,511672.0
2017-05-17 09:15:00,NSE:MFSL,671.95001,682.54999,666.0,671.09998,360677.0
2017-05-18 09:15:00,NSE:MFSL,668.0,673.5,649.65002,652.95001,560912.0
2017-05-19 09:15:00,NSE:MFSL,657.0,661.54999,627.65002,641.20001,394290.0
2017-05-22 09:15:00,NSE:MFSL,649.95001,649.95001,625.5,633.75,366621.0
2017-05-23 09:15:00,NSE:MFSL,634.0,635.20001,608.0,621.5,473611.0
2017-05-24 09:15:00,NSE:MFSL,619.04999,619.59998,541.29999,569.79999,4531639.0
2017-05-25 09:15:00,NSE:MFSL,565.0,578.5,547.20001,563.20001,2204678.0
2017-05-26 09:15:00,NSE:MFSL,567.0,576.79999,558.84998,562.09998,1774859.0
2017-05-29 09:15:00,NSE:MFSL,562.0,562.15002,532.95001,537.04999,877968.0
2017-05-30 09:15:00,NSE:MFSL,538.0,568.90002,514.0,559.70001,3273227.0
2017-05-31 09:15:00,NSE:MFSL,565.25,589.04999,558.04999,583.70001,4268084.0
2017-06-01 09:15:00,NSE:MFSL,585.95001,634.90002,585.95001,609.70001,5168540.0
2017-06-02 09:15:00,NSE:MFSL,613.0,627.34998,608.90002,619.75,1585033.0
2017-06-05 09:15:00,NSE:MFSL,620.0,623.04999,604.45001,608.29999,405546.0
2017-06-06 09:15:00,NSE:MFSL,610.0,625.70001,610.0,617.65002,1932040.0
2017-06-07 09:15:00,NSE:MFSL,618.45001,623.5,610.54999,614.09998,284496.0
2017-06-08 09:15:00,NSE:MFSL,620.0,630.5,597.25,620.75,1561392.0
2017-06-09 09:15:00,NSE:MFSL,608.09998,614.75,587.04999,598.65002,2412395.0
2017-06-12 09:15:00,NSE:MFSL,598.84998,598.84998,568.84998,580.0,1741219.0
2017-06-13 09:15:00,NSE:MFSL,582.20001,604.59998,580.09998,595.29999,1925307.0
2017-06-14 09:15:00,NSE:MFSL,597.0,599.90002,585.84998,595.75,740009.0
2017-06-15 09:15:00,NSE:MFSL,594.70001,602.75,588.5,590.54999,1071132.0
2017-06-16 09:15:00,NSE:MFSL,595.0,616.0,592.54999,606.65002,1051142.0
2017-06-19 09:15:00,NSE:MFSL,610.0,618.34998,605.95001,610.15002,538104.0
2017-06-20 09:15:00,NSE:MFSL,610.5,620.0,606.0,614.90002,623553.0
2017-06-21 09:15:00,NSE:MFSL,610.0,621.0,603.70001,615.95001,428934.0
2017-06-22 09:15:00,NSE:MFSL,616.04999,626.95001,591.84998,602.15002,1165386.0
2017-06-23 09:15:00,NSE:MFSL,603.45001,609.5,595.5,601.15002,787387.0
2017-06-27 09:15:00,NSE:MFSL,607.90002,620.90002,600.65002,615.70001,508332.0
2017-06-28 09:15:00,NSE:MFSL,612.5,622.0,606.59998,618.5,224862.0
2017-06-29 09:15:00,NSE:MFSL,622.0,625.0,607.5,610.15002,612194.0
2017-06-30 09:15:00,NSE:MFSL,610.0,640.20001,599.70001,631.09998,646040.0
2017-07-03 09:15:00,NSE:MFSL,631.09998,636.40002,616.25,620.40002,467353.0
2017-07-04 09:15:00,NSE:MFSL,620.54999,639.95001,616.5,620.45001,1355319.0
2017-07-05 09:15:00,NSE:MFSL,624.0,625.5,593.45001,597.0,1584225.0
2017-07-06 09:15:00,NSE:MFSL,595.09998,605.79999,591.09998,603.09998,933264.0
2017-07-07 09:15:00,NSE:MFSL,602.0,606.70001,591.0,594.15002,590544.0
2017-07-10 09:15:00,NSE:MFSL,597.0,603.65002,594.5,595.70001,65427.0
2017-07-11 09:15:00,NSE:MFSL,599.79999,602.0,586.45001,595.5,1060455.0
2017-07-12 09:15:00,NSE:MFSL,592.25,599.0,588.90002,593.54999,367937.0
2017-07-13 09:15:00,NSE:MFSL,594.0,600.95001,581.65002,582.90002,805974.0
2017-07-14 09:15:00,NSE:MFSL,567.40002,603.15002,567.40002,599.54999,1131546.0
2017-07-17 09:15:00,NSE:MFSL,601.20001,605.75,589.0,600.84998,1222463.0
2017-07-18 09:15:00,NSE:MFSL,575.0,597.15002,575.0,591.09998,1715508.0
2017-07-19 09:15:00,NSE:MFSL,593.40002,596.0,590.0,593.59998,324287.0
2017-07-20 09:15:00,NSE:MFSL,587.09998,601.29999,586.90002,592.15002,581142.0
2017-07-21 09:15:00,NSE:MFSL,586.5,596.5,586.5,594.25,499467.0
2017-07-24 09:15:00,NSE:MFSL,592.0,604.04999,591.0,598.84998,913806.0
2017-07-25 09:15:00,NSE:MFSL,597.0,616.5,595.0,613.59998,680133.0
2017-07-26 09:15:00,NSE:MFSL,613.79999,624.0,601.5,604.54999,2451463.0
2017-07-27 09:15:00,NSE:MFSL,602.0,614.0,600.0,602.5,940006.0
2017-07-28 09:15:00,NSE:MFSL,603.95001,609.0,597.0,604.04999,866779.0
2017-07-31 09:15:00,NSE:MFSL,600.0,619.40002,588.0,609.45001,1086247.0
2017-08-01 09:15:00,NSE:MFSL,605.09998,609.0,597.45001,600.15002,281593.0
2017-08-02 09:15:00,NSE:MFSL,602.0,613.0,598.0,609.90002,512960.0
2017-08-03 09:15:00,NSE:MFSL,609.0,623.40002,600.59998,613.65002,874519.0
2017-08-04 09:15:00,NSE:MFSL,611.95001,613.59998,603.09998,608.15002,177052.0
2017-08-07 09:15:00,NSE:MFSL,604.0,622.5,604.0,609.79999,277226.0
2017-08-08 09:15:00,NSE:MFSL,607.0,617.15002,595.20001,600.0,323007.0
2017-08-09 09:15:00,NSE:MFSL,600.0,601.20001,581.0,587.09998,509047.0
2017-08-10 09:15:00,NSE:MFSL,589.15002,605.79999,576.65002,597.15002,784012.0
2017-08-11 09:15:00,NSE:MFSL,587.54999,615.0,583.79999,610.75,586357.0
2017-08-14 09:15:00,NSE:MFSL,614.90002,629.75,594.34998,601.20001,743862.0
2017-08-16 09:15:00,NSE:MFSL,602.90002,623.54999,601.54999,607.34998,1008315.0
2017-08-17 09:15:00,NSE:MFSL,614.75,614.75,596.20001,599.95001,694320.0
2017-08-18 09:15:00,NSE:MFSL,597.59998,601.65002,590.20001,596.0,330303.0
2017-08-21 09:15:00,NSE:MFSL,596.0,602.84998,590.25,596.90002,669451.0
2017-08-22 09:15:00,NSE:MFSL,593.04999,605.90002,591.0,601.40002,594090.0
2017-08-23 09:15:00,NSE:MFSL,601.40002,608.40002,597.20001,606.20001,314745.0
2017-08-24 09:15:00,NSE:MFSL,602.59998,609.09998,598.75,601.25,469824.0
2017-08-28 09:15:00,NSE:MFSL,602.0,608.70001,596.65002,605.5,383527.0
2017-08-29 09:15:00,NSE:MFSL,603.0,606.54999,597.09998,599.59998,359435.0
2017-08-30 09:15:00,NSE:MFSL,599.90002,605.65002,596.70001,599.70001,674990.0
2017-08-31 09:15:00,NSE:MFSL,600.0,606.0,597.84998,601.54999,575753.0
2017-09-01 09:15:00,NSE:MFSL,602.95001,612.59998,597.09998,610.45001,556590.0
2017-09-04 09:15:00,NSE:MFSL,613.0,613.0,599.84998,604.25,279938.0
2017-09-05 09:15:00,NSE:MFSL,604.09998,608.95001,598.90002,602.5,283756.0
2017-09-06 09:15:00,NSE:MFSL,602.5,610.84998,594.09998,596.25,420665.0
2017-09-07 09:15:00,NSE:MFSL,596.90002,607.5,595.54999,599.20001,627466.0
2017-09-08 09:15:00,NSE:MFSL,599.59998,605.0,597.15002,600.5,461168.0
2017-09-11 09:15:00,NSE:MFSL,603.04999,606.59998,598.65002,599.79999,373444.0
2017-09-12 09:15:00,NSE:MFSL,599.95001,602.20001,595.70001,596.79999,660539.0
2017-09-13 09:15:00,NSE:MFSL,596.79999,603.0,592.0,593.75,575453.0
2017-09-14 09:15:00,NSE:MFSL,594.0,601.5,593.70001,599.75,527164.0
2017-09-15 09:15:00,NSE:MFSL,601.0,629.0,600.0,615.75,3299237.0
2017-09-18 09:15:00,NSE:MFSL,620.0,636.0,610.09998,628.54999,2364253.0
2017-09-19 09:15:00,NSE:MFSL,627.0,652.90002,627.0,646.54999,2900241.0
2017-09-20 09:15:00,NSE:MFSL,646.90002,650.45001,632.65002,634.79999,651926.0
2017-09-21 09:15:00,NSE:MFSL,645.0,651.20001,631.0,645.75,1772265.0
2017-09-22 09:15:00,NSE:MFSL,643.29999,646.70001,631.20001,633.75,1065572.0
2017-09-25 09:15:00,NSE:MFSL,630.0,630.0,605.5,619.79999,1569995.0
2017-09-26 09:15:00,NSE:MFSL,616.0,616.95001,602.95001,606.15002,624926.0
2017-09-27 09:15:00,NSE:MFSL,607.25,608.34998,584.20001,587.79999,541668.0
2017-09-28 09:15:00,NSE:MFSL,589.0,598.54999,580.25,583.90002,804578.0
2017-09-29 09:15:00,NSE:MFSL,586.0,610.29999,582.95001,590.90002,1381868.0
2017-10-03 09:15:00,NSE:MFSL,597.0,603.5,589.90002,600.0,481839.0
2017-10-04 09:15:00,NSE:MFSL,598.0,598.54999,591.65002,593.79999,290457.0
2017-10-05 09:15:00,NSE:MFSL,592.15002,595.25,585.0,587.90002,343040.0
2017-10-06 09:15:00,NSE:MFSL,588.0,599.84998,587.90002,595.5,574361.0
2017-10-09 09:15:00,NSE:MFSL,592.54999,599.95001,589.59998,597.34998,383055.0
2017-10-10 09:15:00,NSE:MFSL,599.90002,604.0,591.40002,593.09998,254762.0
2017-10-11 09:15:00,NSE:MFSL,593.59998,601.70001,587.0,590.90002,1515744.0
2017-10-12 09:15:00,NSE:MFSL,592.0,596.54999,590.04999,591.45001,225579.0
2017-10-13 09:15:00,NSE:MFSL,592.0,596.15002,581.40002,584.0,498728.0
2017-10-16 09:15:00,NSE:MFSL,584.0,589.20001,567.25,580.04999,597026.0
2017-10-17 09:15:00,NSE:MFSL,580.70001,594.79999,573.09998,575.75,1215791.0
2017-10-18 09:15:00,NSE:MFSL,576.0,576.75,565.54999,567.70001,281749.0
2017-10-19 09:15:00,NSE:MFSL,568.59998,569.84998,557.54999,561.29999,60241.0
2017-10-23 09:15:00,NSE:MFSL,566.65002,577.95001,564.04999,575.65002,531612.0
2017-10-24 09:15:00,NSE:MFSL,579.0,583.0,570.70001,572.90002,328474.0
2017-10-25 09:15:00,NSE:MFSL,575.0,578.0,557.09998,574.95001,486498.0
2017-10-26 09:15:00,NSE:MFSL,573.40002,581.5,563.54999,573.90002,591087.0
2017-10-27 09:15:00,NSE:MFSL,578.5,581.5,552.95001,555.0,556260.0
2017-10-30 09:15:00,NSE:MFSL,556.04999,590.95001,556.04999,581.5,1094798.0
2017-10-31 09:15:00,NSE:MFSL,583.5,593.5,575.0,587.0,470384.0
2017-11-01 09:15:00,NSE:MFSL,587.0,590.04999,572.84998,578.54999,315471.0
2017-11-02 09:15:00,NSE:MFSL,575.5,587.0,573.54999,581.20001,339881.0
2017-11-03 09:15:00,NSE:MFSL,584.20001,585.0,567.5,569.5,416429.0
2017-11-06 09:15:00,NSE:MFSL,569.5,574.0,562.25,567.25,318028.0
2017-11-07 09:15:00,NSE:MFSL,567.5,567.59998,546.0,551.79999,814253.0
2017-11-08 09:15:00,NSE:MFSL,558.5,558.5,540.95001,544.70001,545387.0
2017-11-09 09:15:00,NSE:MFSL,547.5,555.0,543.65002,550.54999,418421.0
2017-11-10 09:15:00,NSE:MFSL,550.54999,565.90002,547.95001,556.20001,502943.0
2017-11-13 09:15:00,NSE:MFSL,560.0,572.5,550.20001,562.40002,1366453.0
2017-11-14 09:15:00,NSE:MFSL,560.0,569.90002,551.25,564.59998,376777.0
2017-11-15 09:15:00,NSE:MFSL,563.40002,563.40002,548.65002,550.84998,320045.0
2017-11-16 09:15:00,NSE:MFSL,552.0,555.70001,541.70001,546.29999,653440.0
2017-11-17 09:15:00,NSE:MFSL,552.54999,578.04999,552.0,572.34998,1121729.0
2017-11-20 09:15:00,NSE:MFSL,567.59998,571.04999,563.09998,565.29999,363850.0
2017-11-21 09:15:00,NSE:MFSL,564.90002,587.5,563.59998,575.65002,948092.0
2017-11-22 09:15:00,NSE:MFSL,577.90002,588.65002,576.29999,585.54999,712948.0
2017-11-23 09:15:00,NSE:MFSL,573.0,573.0,561.0,566.79999,845708.0
2017-11-24 09:15:00,NSE:MFSL,568.0,573.5,560.54999,562.45001,369398.0
2017-11-27 09:15:00,NSE:MFSL,568.0,569.15002,560.09998,565.15002,161930.0
2017-11-28 09:15:00,NSE:MFSL,565.0,568.09998,552.79999,556.15002,183081.0
2017-11-29 09:15:00,NSE:MFSL,555.5,558.79999,550.0,552.15002,263869.0
2017-11-30 09:15:00,NSE:MFSL,555.0,559.90002,542.09998,547.95001,886989.0
2017-12-01 09:15:00,NSE:MFSL,548.0,555.45001,545.84998,547.15002,296651.0
2017-12-04 09:15:00,NSE:MFSL,547.5,552.95001,533.09998,546.5,616600.0
2017-12-05 09:15:00,NSE:MFSL,541.34998,548.09998,533.59998,544.25,628187.0
2017-12-06 09:15:00,NSE:MFSL,542.0,544.0,525.59998,529.75,938548.0
2017-12-07 09:15:00,NSE:MFSL,530.75,543.84998,520.15002,542.34998,730062.0
2017-12-08 09:15:00,NSE:MFSL,541.0,555.90002,538.29999,552.29999,1294024.0
2017-12-11 09:15:00,NSE:MFSL,553.95001,564.90002,549.79999,556.65002,275495.0
2017-12-12 09:15:00,NSE:MFSL,557.0,566.79999,550.40002,562.34998,486752.0
2017-12-13 09:15:00,NSE:MFSL,564.70001,564.70001,550.5,555.04999,619000.0
2017-12-14 09:15:00,NSE:MFSL,555.09998,559.65002,547.09998,552.15002,209353.0
2017-12-15 09:15:00,NSE:MFSL,555.0,558.79999,551.0,556.04999,474667.0
2017-12-18 09:15:00,NSE:MFSL,551.54999,562.0,536.0,557.04999,542639.0
2017-12-19 09:15:00,NSE:MFSL,557.95001,572.40002,555.45001,568.79999,587174.0
2017-12-20 09:15:00,NSE:MFSL,563.5,581.20001,563.5,575.09998,297519.0
2017-12-21 09:15:00,NSE:MFSL,574.0,593.90002,573.59998,590.65002,616437.0
2017-12-22 09:15:00,NSE:MFSL,593.0,594.5,585.59998,591.29999,860958.0
2017-12-26 09:15:00,NSE:MFSL,590.0,599.40002,584.29999,586.84998,370398.0
2017-12-27 09:15:00,NSE:MFSL,589.5,611.25,585.84998,606.59998,624439.0
2017-12-28 09:15:00,NSE:MFSL,607.0,611.15002,595.54999,599.90002,1684331.0
2017-12-29 09:15:00,NSE:MFSL,601.0,606.0,583.84998,592.5,594703.0
2018-01-01 09:15:00,NSE:MFSL,590.0,601.34998,587.45001,597.04999,273396.0
2018-01-02 09:15:00,NSE:MFSL,596.5,604.75,581.20001,584.59998,1060073.0
2018-01-03 09:15:00,NSE:MFSL,585.0,592.15002,578.70001,584.09998,953859.0
2018-01-04 09:15:00,NSE:MFSL,586.95001,596.54999,583.25,589.59998,2120682.0
2018-01-05 09:15:00,NSE:MFSL,590.0,592.15002,583.25,588.90002,613079.0
2018-01-08 09:15:00,NSE:MFSL,588.90002,598.0,585.59998,588.5,480514.0
2018-01-09 09:15:00,NSE:MFSL,590.04999,593.0,581.0,584.65002,274229.0
2018-01-10 09:15:00,NSE:MFSL,580.09998,581.65002,563.0,574.45001,844535.0
2018-01-11 09:15:00,NSE:MFSL,575.40002,578.54999,573.0,574.95001,587229.0
2018-01-12 09:15:00,NSE:MFSL,575.0,578.90002,560.0,569.5,506228.0
2018-01-15 09:15:00,NSE:MFSL,568.0,575.5,554.34998,556.79999,769022.0
2018-01-16 09:15:00,NSE:MFSL,556.20001,566.0,552.09998,559.34998,493994.0
2018-01-17 09:15:00,NSE:MFSL,559.34998,565.0,548.0,555.70001,323142.0
2018-01-18 09:15:00,NSE:MFSL,559.90002,559.95001,542.09998,549.65002,504969.0
2018-01-19 09:15:00,NSE:MFSL,550.84998,558.29999,545.04999,548.40002,434624.0
2018-01-22 09:15:00,NSE:MFSL,546.25,556.15002,542.5,544.34998,443023.0
2018-01-23 09:15:00,NSE:MFSL,545.0,550.0,537.0,540.90002,666593.0
2018-01-24 09:15:00,NSE:MFSL,537.59998,542.65002,515.0,520.70001,1285099.0
2018-01-25 09:15:00,NSE:MFSL,521.09998,541.79999,521.09998,537.29999,1305759.0
2018-01-29 09:15:00,NSE:MFSL,536.0,539.79999,522.15002,523.75,494357.0
2018-01-30 09:15:00,NSE:MFSL,523.0,533.65002,517.59998,527.75,1470772.0
2018-01-31 09:15:00,NSE:MFSL,532.90002,538.84998,526.65002,534.25,643910.0
2018-02-01 09:15:00,NSE:MFSL,535.0,551.34998,533.84998,540.70001,1539894.0
2018-02-02 09:15:00,NSE:MFSL,537.5,557.34998,528.0,544.65002,621205.0
2018-02-05 09:15:00,NSE:MFSL,540.65002,540.65002,524.09998,530.54999,340575.0
2018-02-06 09:15:00,NSE:MFSL,510.0,533.0,508.5,525.95001,763928.0
2018-02-07 09:15:00,NSE:MFSL,526.0,534.79999,512.90002,515.34998,745041.0
2018-02-08 09:15:00,NSE:MFSL,515.79999,526.75,510.14999,519.25,295347.0
2018-02-09 09:15:00,NSE:MFSL,518.0,535.90002,513.20001,528.34998,950063.0
2018-02-12 09:15:00,NSE:MFSL,528.34998,539.29999,516.65002,524.45001,370469.0
2018-02-14 09:15:00,NSE:MFSL,528.40002,531.09998,515.0,518.04999,338108.0
2018-02-15 09:15:00,NSE:MFSL,517.70001,523.20001,513.15002,518.45001,596947.0
2018-02-16 09:15:00,NSE:MFSL,521.0,522.34998,486.10001,500.75,1379325.0
2018-02-19 09:15:00,NSE:MFSL,501.04999,504.45001,485.64999,497.0,329677.0
2018-02-20 09:15:00,NSE:MFSL,497.0,502.45001,493.0,499.35001,530226.0
2018-02-21 09:15:00,NSE:MFSL,498.29999,503.5,495.25,499.70001,462360.0
2018-02-22 09:15:00,NSE:MFSL,492.64999,503.60001,491.64999,494.95001,394421.0
2018-02-23 09:15:00,NSE:MFSL,496.0,508.95001,495.95001,498.0,336370.0
2018-02-26 09:15:00,NSE:MFSL,500.5,512.0,499.14999,509.0,967784.0
2018-02-27 09:15:00,NSE:MFSL,511.35001,511.60001,495.0,497.95001,304603.0
2018-02-28 09:15:00,NSE:MFSL,498.0,501.5,492.5,495.45001,277015.0
2018-03-01 09:15:00,NSE:MFSL,495.89999,501.0,492.10001,494.95001,118748.0
2018-03-05 09:15:00,NSE:MFSL,494.95001,496.64999,480.0,483.60001,275625.0
2018-03-06 09:15:00,NSE:MFSL,485.0,494.0,484.10001,490.20001,638482.0
2018-03-07 09:15:00,NSE:MFSL,491.39999,491.39999,476.0,481.0,300971.0
2018-03-08 09:15:00,NSE:MFSL,482.25,485.60001,471.75,480.39999,464055.0
2018-03-09 09:15:00,NSE:MFSL,479.70001,486.0,472.25,475.04999,610258.0
2018-03-12 09:15:00,NSE:MFSL,479.0,481.75,467.0,470.0,273159.0
2018-03-13 09:15:00,NSE:MFSL,471.10001,480.0,468.70001,471.35001,329312.0
2018-03-14 09:15:00,NSE:MFSL,469.0,471.0,452.5,457.60001,417607.0
2018-03-15 09:15:00,NSE:MFSL,455.0,464.29999,455.0,458.75,400308.0
2018-03-16 09:15:00,NSE:MFSL,460.0,462.95001,442.85001,447.25,522399.0
2018-03-19 09:15:00,NSE:MFSL,448.20001,448.35001,427.39999,430.20001,426381.0
2018-03-20 09:15:00,NSE:MFSL,431.0,440.54999,417.29999,425.25,821143.0
2018-03-21 09:15:00,NSE:MFSL,432.0,440.95001,427.79999,435.5,771180.0
2018-03-22 09:15:00,NSE:MFSL,436.79999,443.54999,426.0,439.14999,932912.0
2018-03-23 09:15:00,NSE:MFSL,428.0,456.14999,428.0,447.04999,1489017.0
2018-03-26 09:15:00,NSE:MFSL,448.5,465.60001,443.10001,456.64999,810364.0
2018-03-27 09:15:00,NSE:MFSL,455.95001,469.60001,455.04999,465.5,610931.0
2018-03-28 09:15:00,NSE:MFSL,467.0,467.0,448.5,453.45001,1005153.0
2018-04-02 09:15:00,NSE:MFSL,452.25,479.0,444.45001,460.39999,271056.0
2018-04-03 09:15:00,NSE:MFSL,462.0,468.85001,456.04999,464.5,438736.0
2018-04-04 09:15:00,NSE:MFSL,463.0,470.35001,446.0,450.64999,558536.0
2018-04-05 09:15:00,NSE:MFSL,455.0,463.5,451.45001,458.95001,373812.0
2018-04-06 09:15:00,NSE:MFSL,458.5,461.54999,449.95001,452.45001,202784.0
2018-04-09 09:15:00,NSE:MFSL,456.10001,459.0,453.04999,454.79999,249405.0
2018-04-10 09:15:00,NSE:MFSL,459.5,462.95001,455.85001,457.85001,200750.0
2018-04-11 09:15:00,NSE:MFSL,463.5,463.54999,454.85001,456.10001,223031.0
2018-04-12 09:15:00,NSE:MFSL,452.0,460.79999,448.10001,450.64999,299270.0
2018-04-13 09:15:00,NSE:MFSL,447.0,450.60001,433.0,434.79999,387024.0
2018-04-16 09:15:00,NSE:MFSL,433.0,437.64999,424.0,425.64999,514265.0
2018-04-17 09:15:00,NSE:MFSL,425.60001,439.60001,425.60001,430.85001,1424675.0
2018-04-18 09:15:00,NSE:MFSL,434.10001,440.0,427.29999,436.0,320745.0
2018-04-19 09:15:00,NSE:MFSL,437.0,454.0,428.29999,448.64999,870698.0
2018-04-20 09:15:00,NSE:MFSL,449.0,498.10001,448.89999,478.64999,3770258.0
2018-04-23 09:15:00,NSE:MFSL,473.64999,509.0,472.0,500.5,1886785.0
2018-04-24 09:15:00,NSE:MFSL,504.25,526.40002,498.5,522.40002,2072523.0
2018-04-25 09:15:00,NSE:MFSL,522.0,522.0,499.25,502.64999,743566.0
2018-04-26 09:15:00,NSE:MFSL,504.0,514.15002,499.45001,506.85001,255777.0
2018-04-27 09:15:00,NSE:MFSL,504.04999,521.54999,504.04999,508.39999,335538.0
2018-04-30 09:15:00,NSE:MFSL,508.29999,519.65002,506.20001,515.70001,281017.0
2018-05-02 09:15:00,NSE:MFSL,513.65002,527.84998,508.10001,511.10001,792661.0
2018-05-03 09:15:00,NSE:MFSL,508.0,516.0,495.0,511.64999,214887.0
2018-05-04 09:15:00,NSE:MFSL,511.5,520.0,502.79999,508.85001,409092.0
2018-05-07 09:15:00,NSE:MFSL,508.85001,512.65002,504.0,509.10001,136588.0
2018-05-08 09:15:00,NSE:MFSL,508.5,528.59998,504.5,523.04999,675124.0
2018-05-09 09:15:00,NSE:MFSL,525.0,531.5,510.70001,514.0,580302.0
2018-05-10 09:15:00,NSE:MFSL,515.5,528.0,512.54999,516.15002,1311984.0
2018-05-11 09:15:00,NSE:MFSL,518.0,522.34998,510.85001,515.0,384427.0
2018-05-14 09:15:00,NSE:MFSL,515.29999,515.29999,492.75,498.85001,250388.0
2018-05-15 09:15:00,NSE:MFSL,493.0,508.45001,492.29999,502.20001,278291.0
2018-05-16 09:15:00,NSE:MFSL,498.0,501.25,485.75,489.79999,289243.0
2018-05-17 09:15:00,NSE:MFSL,485.0,490.39999,478.04999,488.29999,490179.0
2018-05-18 09:15:00,NSE:MFSL,487.5,491.0,478.0,488.14999,503607.0
2018-05-21 09:15:00,NSE:MFSL,492.0,492.0,456.35001,460.60001,318892.0
2018-05-22 09:15:00,NSE:MFSL,463.20001,478.39999,459.64999,474.60001,202533.0
2018-05-23 09:15:00,NSE:MFSL,473.0,490.0,463.70001,466.25,407005.0
2018-05-24 09:15:00,NSE:MFSL,469.89999,472.45001,457.39999,459.35001,184007.0
2018-05-25 09:15:00,NSE:MFSL,459.0,476.0,457.20001,474.20001,689703.0
2018-05-28 09:15:00,NSE:MFSL,483.89999,487.0,459.54999,473.60001,837111.0
2018-05-29 09:15:00,NSE:MFSL,473.60001,479.75,471.29999,475.10001,724253.0
2018-05-30 09:15:00,NSE:MFSL,474.29999,485.0,468.45001,483.64999,623394.0
2018-05-31 09:15:00,NSE:MFSL,485.0,493.0,479.29999,490.10001,1296191.0
2018-06-01 09:15:00,NSE:MFSL,490.0,490.10001,479.45001,481.79999,600393.0
2018-06-04 09:15:00,NSE:MFSL,482.5,487.04999,460.89999,466.0,226665.0
2018-06-05 09:15:00,NSE:MFSL,463.29999,476.14999,451.14999,454.04999,254095.0
2018-06-06 09:15:00,NSE:MFSL,456.0,468.35001,451.5,463.20001,282371.0
2018-06-07 09:15:00,NSE:MFSL,467.89999,492.0,465.35001,483.5,1486865.0
2018-06-08 09:15:00,NSE:MFSL,477.60001,486.75,471.29999,475.79999,293777.0
2018-06-11 09:15:00,NSE:MFSL,480.0,485.0,474.45001,481.95001,251148.0
2018-06-12 09:15:00,NSE:MFSL,485.85001,505.0,482.0,488.54999,2075164.0
2018-06-13 09:15:00,NSE:MFSL,488.39999,494.45001,482.64999,485.39999,920227.0
2018-06-14 09:15:00,NSE:MFSL,485.70001,487.0,473.25,478.60001,883322.0
2018-06-15 09:15:00,NSE:MFSL,475.10001,483.5,468.0,469.54999,561412.0
2018-06-18 09:15:00,NSE:MFSL,469.25,472.60001,459.14999,469.89999,328395.0
2018-06-19 09:15:00,NSE:MFSL,469.89999,475.10001,452.29999,454.70001,517611.0
2018-06-20 09:15:00,NSE:MFSL,454.0,467.89999,446.0,461.0,748772.0
2018-06-21 09:15:00,NSE:MFSL,458.10001,465.0,448.5,449.89999,272277.0
2018-06-22 09:15:00,NSE:MFSL,449.29999,454.79999,447.5,449.95001,248822.0
2018-06-25 09:15:00,NSE:MFSL,452.14999,461.25,448.29999,453.20001,596721.0
2018-06-26 09:15:00,NSE:MFSL,450.35001,461.0,448.79999,452.54999,584845.0
2018-06-27 09:15:00,NSE:MFSL,453.89999,454.60001,429.0,431.75,399935.0
2018-06-28 09:15:00,NSE:MFSL,434.95001,434.95001,416.25,424.64999,605488.0
2018-06-29 09:15:00,NSE:MFSL,428.5,437.45001,422.70001,432.54999,447873.0
2018-07-02 09:15:00,NSE:MFSL,437.0,437.5,422.0,429.95001,466097.0
2018-07-03 09:15:00,NSE:MFSL,429.95001,433.79999,420.10001,423.60001,619346.0
2018-07-04 09:15:00,NSE:MFSL,425.0,427.0,405.75,407.95001,573764.0
2018-07-05 09:15:00,NSE:MFSL,408.95001,424.79999,403.25,419.60001,923363.0
2018-07-06 09:15:00,NSE:MFSL,417.75,420.64999,412.54999,417.0,196802.0
2018-07-09 09:15:00,NSE:MFSL,423.0,453.75,416.25,450.39999,1560843.0
2018-07-10 09:15:00,NSE:MFSL,450.5,461.39999,443.10001,457.04999,851587.0
2018-07-11 09:15:00,NSE:MFSL,451.29999,467.85001,451.0,459.25,743129.0
2018-07-12 09:15:00,NSE:MFSL,457.0,478.79999,454.64999,455.0,870629.0
2018-07-13 09:15:00,NSE:MFSL,456.95001,456.95001,438.0,444.54999,584411.0
2018-07-16 09:15:00,NSE:MFSL,444.0,444.89999,423.54999,428.35001,315326.0
2018-07-17 09:15:00,NSE:MFSL,428.60001,447.79999,425.14999,444.45001,622416.0
2018-07-18 09:15:00,NSE:MFSL,443.89999,450.39999,428.0,433.85001,203327.0
2018-07-19 09:15:00,NSE:MFSL,432.04999,446.89999,429.54999,440.35001,309096.0
2018-07-20 09:15:00,NSE:MFSL,440.0,462.45001,437.89999,456.75,689111.0
2018-07-23 09:15:00,NSE:MFSL,456.29999,460.29999,449.04999,453.70001,238773.0
2018-07-24 09:15:00,NSE:MFSL,448.0,473.45001,448.0,467.85001,559595.0
2018-07-25 09:15:00,NSE:MFSL,471.5,472.0,457.54999,459.89999,400898.0
2018-07-26 09:15:00,NSE:MFSL,458.5,475.0,458.5,471.5,900786.0
2018-07-27 09:15:00,NSE:MFSL,470.0,499.5,470.0,495.25,2019329.0
2018-07-30 09:15:00,NSE:MFSL,499.39999,499.39999,463.35001,479.5,1223710.0
2018-07-31 09:15:00,NSE:MFSL,476.5,498.5,474.5,497.20001,772758.0
2018-08-01 09:15:00,NSE:MFSL,499.70001,513.84998,498.0,506.04999,1446403.0
2018-08-02 09:15:00,NSE:MFSL,504.89999,524.70001,498.45001,518.95001,859516.0
2018-08-03 09:15:00,NSE:MFSL,518.65002,522.0,515.59998,518.75,480603.0
2018-08-06 09:15:00,NSE:MFSL,519.95001,534.0,518.0,522.40002,830310.0
2018-08-07 09:15:00,NSE:MFSL,524.0,524.0,484.20001,490.5,1151995.0
2018-08-08 09:15:00,NSE:MFSL,490.10001,508.0,490.0,498.70001,592469.0
2018-08-09 09:15:00,NSE:MFSL,501.0,509.5,498.54999,500.60001,346508.0
2018-08-10 09:15:00,NSE:MFSL,500.60001,512.0,485.14999,487.04999,566123.0
2018-08-13 09:15:00,NSE:MFSL,486.0,488.89999,477.25,481.20001,331620.0
2018-08-14 09:15:00,NSE:MFSL,480.04999,484.35001,456.0,467.5,541337.0
2018-08-16 09:15:00,NSE:MFSL,466.0,474.25,460.14999,464.75,302694.0
2018-08-17 09:15:00,NSE:MFSL,465.95001,471.10001,461.20001,463.75,209411.0
2018-08-20 09:15:00,NSE:MFSL,468.25,484.95001,465.29999,482.95001,453817.0
2018-08-21 09:15:00,NSE:MFSL,481.95001,487.95001,474.5,482.89999,342778.0
2018-08-23 09:15:00,NSE:MFSL,484.29999,493.5,473.25,476.10001,445851.0
2018-08-24 09:15:00,NSE:MFSL,475.39999,479.25,464.20001,469.70001,254804.0
2018-08-27 09:15:00,NSE:MFSL,473.0,497.45001,465.79999,480.35001,370419.0
2018-08-28 09:15:00,NSE:MFSL,483.95001,493.0,477.54999,484.5,622108.0
2018-08-29 09:15:00,NSE:MFSL,487.0,490.64999,470.5,472.35001,222488.0
2018-08-30 09:15:00,NSE:MFSL,475.0,479.54999,460.10001,463.79999,563839.0
2018-08-31 09:15:00,NSE:MFSL,464.04999,470.0,447.0,448.04999,642620.0
2018-09-03 09:15:00,NSE:MFSL,451.25,458.35001,446.14999,448.20001,266763.0
2018-09-04 09:15:00,NSE:MFSL,448.70001,452.64999,439.0,442.14999,364026.0
2018-09-05 09:15:00,NSE:MFSL,444.54999,447.64999,430.29999,441.25,535761.0
2018-09-06 09:15:00,NSE:MFSL,443.5,455.29999,441.45001,450.25,655677.0
2018-09-07 09:15:00,NSE:MFSL,450.0,479.0,449.10001,473.45001,503112.0
2018-09-10 09:15:00,NSE:MFSL,483.5,519.34998,472.5,504.64999,4930798.0
2018-09-11 09:15:00,NSE:MFSL,505.89999,509.70001,464.5,469.10001,2787118.0
2018-09-12 09:15:00,NSE:MFSL,470.39999,475.45001,461.35001,471.54999,877953.0
2018-09-14 09:15:00,NSE:MFSL,473.54999,497.79999,456.20001,491.39999,1894425.0
2018-09-17 09:15:00,NSE:MFSL,487.25,489.29999,473.0,474.45001,509493.0
2018-09-18 09:15:00,NSE:MFSL,474.45001,478.0,458.54999,461.54999,269258.0
2018-09-19 09:15:00,NSE:MFSL,467.0,468.89999,441.70001,445.5,526361.0
2018-09-21 09:15:00,NSE:MFSL,449.0,469.39999,416.0,450.95001,1346597.0
2018-09-24 09:15:00,NSE:MFSL,450.0,457.60001,436.79999,448.39999,384044.0
2018-09-25 09:15:00,NSE:MFSL,446.0,456.20001,426.0,446.45001,476924.0
2018-09-26 09:15:00,NSE:MFSL,449.0,465.25,437.5,443.14999,650655.0
2018-09-27 09:15:00,NSE:MFSL,446.0,446.45001,416.39999,419.04999,805010.0
2018-09-28 09:15:00,NSE:MFSL,423.04999,428.0,400.0,408.29999,842840.0
2018-10-01 09:15:00,NSE:MFSL,405.5,416.79999,386.5,400.75,817092.0
2018-10-03 09:15:00,NSE:MFSL,403.0,405.85001,370.54999,392.64999,2732381.0
2018-10-04 09:15:00,NSE:MFSL,384.0,404.95001,351.70001,359.45001,2768714.0
2018-10-05 09:15:00,NSE:MFSL,360.0,366.95001,353.0,359.35001,850391.0
2018-10-08 09:15:00,NSE:MFSL,356.14999,378.45001,354.0,365.70001,1007570.0
2018-10-09 09:15:00,NSE:MFSL,365.95001,379.75,365.85001,373.20001,1229317.0
2018-10-10 09:15:00,NSE:MFSL,380.0,385.95001,372.0,379.04999,926688.0
2018-10-11 09:15:00,NSE:MFSL,350.0,378.0,350.0,367.35001,900223.0
2018-10-12 09:15:00,NSE:MFSL,372.45001,381.45001,368.25,372.20001,947661.0
2018-10-15 09:15:00,NSE:MFSL,377.0,379.5,355.04999,370.64999,846046.0
2018-10-16 09:15:00,NSE:MFSL,372.39999,395.60001,372.39999,392.0,849753.0
2018-10-17 09:15:00,NSE:MFSL,392.54999,402.29999,381.64999,384.95001,532025.0
2018-10-19 09:15:00,NSE:MFSL,372.0,392.39999,367.54999,389.95001,553074.0
2018-10-22 09:15:00,NSE:MFSL,394.0,399.0,361.0,364.39999,366480.0
2018-10-23 09:15:00,NSE:MFSL,362.54999,383.75,356.79999,378.20001,708967.0
2018-10-24 09:15:00,NSE:MFSL,378.20001,386.20001,365.0,382.64999,605916.0
2018-10-25 09:15:00,NSE:MFSL,370.60001,379.0,368.29999,372.95001,818891.0
2018-10-26 09:15:00,NSE:MFSL,372.95001,377.64999,361.70001,366.75,415676.0
2018-10-29 09:15:00,NSE:MFSL,368.29999,380.04999,363.0,378.39999,261839.0
2018-10-30 09:15:00,NSE:MFSL,381.0,381.89999,364.29999,367.04999,397489.0
2018-10-31 09:15:00,NSE:MFSL,363.0,378.95001,353.79999,377.20001,1568182.0
2018-11-01 09:15:00,NSE:MFSL,378.0,403.89999,377.04999,400.85001,1168901.0
2018-11-02 09:15:00,NSE:MFSL,401.0,411.70001,390.0,407.14999,1302592.0
2018-11-05 09:15:00,NSE:MFSL,412.0,415.39999,400.45001,405.39999,491188.0
2018-11-06 09:15:00,NSE:MFSL,405.39999,410.0,386.54999,389.20001,437002.0
2018-11-07 09:15:00,NSE:MFSL,390.0,398.89999,386.5,393.39999,98859.0
2018-11-09 09:15:00,NSE:MFSL,396.0,409.79999,393.70001,405.64999,409260.0
2018-11-12 09:15:00,NSE:MFSL,409.54999,413.0,397.79999,403.85001,396026.0
2018-11-13 09:15:00,NSE:MFSL,398.20001,409.60001,393.45001,408.04999,432434.0
2018-11-14 09:15:00,NSE:MFSL,413.0,413.0,386.10001,392.89999,586788.0
2018-11-15 09:15:00,NSE:MFSL,396.0,447.89999,396.0,428.45001,3060836.0
2018-11-16 09:15:00,NSE:MFSL,427.60001,433.0,413.0,420.5,650289.0
2018-11-19 09:15:00,NSE:MFSL,421.79999,444.0,421.5,437.54999,752713.0
2018-11-20 09:15:00,NSE:MFSL,437.0,437.0,422.29999,430.45001,792714.0
2018-11-21 09:15:00,NSE:MFSL,426.70001,435.89999,416.75,429.20001,772171.0
2018-11-22 09:15:00,NSE:MFSL,438.0,439.0,420.0,424.60001,891753.0
2018-11-26 09:15:00,NSE:MFSL,424.0,429.35001,411.45001,414.54999,412332.0
2018-11-27 09:15:00,NSE:MFSL,417.0,429.70001,417.0,424.89999,309670.0
2018-11-28 09:15:00,NSE:MFSL,427.54999,444.0,425.5,430.04999,573545.0
2018-11-29 09:15:00,NSE:MFSL,433.0,452.0,425.60001,447.25,952977.0
2018-11-30 09:15:00,NSE:MFSL,450.0,451.5,433.54999,447.29999,505079.0
2018-12-03 09:15:00,NSE:MFSL,451.0,451.0,435.85001,438.04999,292467.0
2018-12-04 09:15:00,NSE:MFSL,439.0,446.45001,426.54999,434.25,936417.0
2018-12-05 09:15:00,NSE:MFSL,435.89999,445.0,419.64999,432.95001,873603.0
2018-12-06 09:15:00,NSE:MFSL,426.0,441.95001,423.45001,428.45001,1010350.0
2018-12-07 09:15:00,NSE:MFSL,430.45001,436.29999,420.10001,428.0,456698.0
2018-12-10 09:15:00,NSE:MFSL,419.0,424.75,402.20001,407.25,609486.0
2018-12-11 09:15:00,NSE:MFSL,400.20001,444.0,399.04999,437.0,897872.0
2018-12-12 09:15:00,NSE:MFSL,430.54999,436.89999,423.20001,429.5,524117.0
2018-12-13 09:15:00,NSE:MFSL,432.0,453.95001,426.0,443.64999,837471.0
2018-12-14 09:15:00,NSE:MFSL,442.39999,442.39999,426.25,431.54999,528282.0
2018-12-17 09:15:00,NSE:MFSL,430.0,452.95001,429.54999,446.54999,1127513.0
2018-12-18 09:15:00,NSE:MFSL,442.10001,451.95001,439.10001,440.95001,571406.0
2018-12-19 09:15:00,NSE:MFSL,443.0,445.95001,437.04999,440.35001,1154615.0
2018-12-20 09:15:00,NSE:MFSL,436.04999,447.0,436.04999,441.10001,406479.0
2018-12-21 09:15:00,NSE:MFSL,443.10001,449.5,435.04999,438.75,494336.0
2018-12-24 09:15:00,NSE:MFSL,442.79999,446.0,439.0,440.70001,184198.0
2018-12-26 09:15:00,NSE:MFSL,440.0,450.0,423.0,446.14999,540968.0
2018-12-27 09:15:00,NSE:MFSL,448.0,452.0,433.79999,436.79999,378724.0
2018-12-28 09:15:00,NSE:MFSL,441.0,449.0,432.95001,443.60001,357482.0
2018-12-31 09:15:00,NSE:MFSL,443.89999,448.60001,439.35001,446.0,336246.0
2019-01-01 09:15:00,NSE:MFSL,449.25,450.5,440.35001,443.54999,248423.0
2019-01-02 09:15:00,NSE:MFSL,444.0,445.5,425.5,428.54999,335661.0
2019-01-03 09:15:00,NSE:MFSL,428.64999,441.0,421.04999,424.0,345873.0
2019-01-04 09:15:00,NSE:MFSL,425.0,443.95001,422.85001,441.35001,816429.0
2019-01-07 09:15:00,NSE:MFSL,442.45001,447.5,430.54999,435.89999,679511.0
2019-01-08 09:15:00,NSE:MFSL,437.10001,443.0,430.95001,434.64999,591298.0
2019-01-09 09:15:00,NSE:MFSL,438.0,442.75,436.10001,439.85001,411019.0
2019-01-10 09:15:00,NSE:MFSL,441.0,463.79999,438.79999,458.54999,1454372.0
2019-01-11 09:15:00,NSE:MFSL,459.20001,464.70001,451.0,454.75,924536.0
2019-01-14 09:15:00,NSE:MFSL,450.89999,457.35001,442.14999,448.25,395114.0
2019-01-15 09:15:00,NSE:MFSL,449.10001,464.95001,449.04999,460.5,656648.0
2019-01-16 09:15:00,NSE:MFSL,463.0,463.79999,451.14999,452.64999,319021.0
2019-01-17 09:15:00,NSE:MFSL,455.0,462.5,454.79999,457.20001,376767.0
2019-01-18 09:15:00,NSE:MFSL,456.04999,461.75,452.04999,457.14999,201683.0
2019-01-21 09:15:00,NSE:MFSL,456.10001,457.60001,436.25,438.95001,420224.0
2019-01-22 09:15:00,NSE:MFSL,433.70001,444.95001,431.14999,436.20001,496038.0
2019-01-23 09:15:00,NSE:MFSL,438.39999,442.35001,429.70001,438.95001,251164.0
2019-01-24 09:15:00,NSE:MFSL,436.54999,447.10001,432.29999,441.0,225365.0
2019-01-25 09:15:00,NSE:MFSL,443.75,446.70001,425.54999,429.39999,268590.0
2019-01-28 09:15:00,NSE:MFSL,425.54999,425.54999,390.95001,400.14999,1532629.0
2019-01-29 09:15:00,NSE:MFSL,397.95001,415.0,389.39999,411.35001,403191.0
2019-01-30 09:15:00,NSE:MFSL,412.0,421.20001,406.5,418.70001,275829.0
2019-01-31 09:15:00,NSE:MFSL,419.14999,425.0,391.54999,398.14999,806267.0
2019-02-01 09:15:00,NSE:MFSL,405.95001,405.95001,372.0,375.39999,1056343.0
2019-02-04 09:15:00,NSE:MFSL,374.0,379.95001,362.39999,371.04999,581687.0
2019-02-05 09:15:00,NSE:MFSL,371.0,376.04999,360.89999,368.0,648702.0
2019-02-06 09:15:00,NSE:MFSL,365.04999,378.89999,361.10001,374.95001,1233258.0
2019-02-07 09:15:00,NSE:MFSL,376.95001,404.54999,376.25,392.85001,1263953.0
2019-02-08 09:15:00,NSE:MFSL,392.85001,406.04999,381.75,396.20001,726117.0
2019-02-11 09:15:00,NSE:MFSL,397.70001,398.04999,370.75,377.0,912956.0
2019-02-12 09:15:00,NSE:MFSL,372.0,396.10001,370.04999,392.10001,869280.0
2019-02-13 09:15:00,NSE:MFSL,391.0,399.75,382.20001,384.64999,677640.0
2019-02-14 09:15:00,NSE:MFSL,376.0,395.0,376.0,386.5,409512.0
2019-02-15 09:15:00,NSE:MFSL,392.39999,392.39999,383.54999,387.14999,358215.0
2019-02-18 09:15:00,NSE:MFSL,391.0,392.04999,382.35001,389.64999,258178.0
2019-02-19 09:15:00,NSE:MFSL,391.0,395.89999,380.10001,385.39999,380179.0
2019-02-20 09:15:00,NSE:MFSL,388.0,400.0,384.35001,395.79999,329028.0
2019-02-21 09:15:00,NSE:MFSL,396.0,410.95001,394.64999,407.60001,1002202.0
2019-02-22 09:15:00,NSE:MFSL,408.60001,411.04999,401.89999,404.45001,341532.0
2019-02-25 09:15:00,NSE:MFSL,404.04999,416.14999,403.39999,414.70001,482590.0
2019-02-26 09:15:00,NSE:MFSL,407.0,410.0,396.0,399.45001,694538.0
2019-02-27 09:15:00,NSE:MFSL,404.25,408.29999,395.60001,398.70001,988441.0
2019-02-28 09:15:00,NSE:MFSL,400.0,404.0,392.29999,394.64999,442861.0
2019-03-01 09:15:00,NSE:MFSL,397.75,405.75,397.04999,401.64999,412459.0
2019-03-05 09:15:00,NSE:MFSL,403.0,411.20001,397.70001,407.64999,595112.0
2019-03-06 09:15:00,NSE:MFSL,411.35001,420.85001,403.79999,408.25,988792.0
2019-03-07 09:15:00,NSE:MFSL,406.20001,416.0,404.89999,409.70001,367651.0
2019-03-08 09:15:00,NSE:MFSL,409.70001,425.89999,405.64999,421.60001,934674.0
2019-03-11 09:15:00,NSE:MFSL,424.0,430.75,415.20001,428.85001,656864.0
2019-03-12 09:15:00,NSE:MFSL,430.0,438.5,426.95001,429.70001,309489.0
2019-03-13 09:15:00,NSE:MFSL,430.95001,435.89999,421.5,432.20001,443209.0
2019-03-14 09:15:00,NSE:MFSL,434.5,444.5,433.54999,435.95001,836971.0
2019-03-15 09:15:00,NSE:MFSL,438.95001,443.35001,435.75,438.75,428908.0
2019-03-18 09:15:00,NSE:MFSL,439.04999,458.85001,439.04999,452.5,816770.0
2019-03-19 09:15:00,NSE:MFSL,455.89999,457.0,446.60001,449.85001,491626.0
2019-03-20 09:15:00,NSE:MFSL,447.79999,457.0,446.70001,454.60001,635607.0
2019-03-22 09:15:00,NSE:MFSL,456.0,462.5,446.25,452.75,783751.0
2019-03-25 09:15:00,NSE:MFSL,450.0,452.10001,442.04999,445.45001,1048779.0
2019-03-26 09:15:00,NSE:MFSL,445.45001,448.0,434.5,436.95001,548492.0
2019-03-27 09:15:00,NSE:MFSL,438.0,451.0,437.75,448.54999,1039172.0
2019-03-28 09:15:00,NSE:MFSL,450.0,454.39999,434.04999,438.14999,686819.0
2019-03-29 09:15:00,NSE:MFSL,440.0,440.20001,432.10001,435.20001,685088.0
2019-04-01 09:15:00,NSE:MFSL,438.70001,445.0,433.60001,441.85001,432103.0
2019-04-02 09:15:00,NSE:MFSL,442.75,453.95001,435.0,437.04999,712770.0
2019-04-03 09:15:00,NSE:MFSL,439.0,445.0,432.0,434.60001,393413.0
2019-04-04 09:15:00,NSE:MFSL,433.79999,446.5,432.04999,439.60001,547091.0
2019-04-05 09:15:00,NSE:MFSL,439.75,442.70001,435.85001,439.10001,172985.0
2019-04-08 09:15:00,NSE:MFSL,441.0,443.0,422.5,426.14999,384320.0
2019-04-09 09:15:00,NSE:MFSL,428.39999,431.0,421.04999,424.29999,268462.0
2019-04-10 09:15:00,NSE:MFSL,424.0,426.85001,412.10001,416.0,408469.0
2019-04-11 09:15:00,NSE:MFSL,416.89999,438.70001,410.89999,436.75,1343812.0
2019-04-12 09:15:00,NSE:MFSL,437.89999,441.14999,434.45001,437.79999,610874.0
2019-04-15 09:15:00,NSE:MFSL,439.0,440.89999,432.39999,435.35001,245174.0
2019-04-16 09:15:00,NSE:MFSL,435.0,440.0,428.60001,434.89999,308738.0
2019-04-18 09:15:00,NSE:MFSL,446.0,474.5,436.95001,442.85001,2717148.0
2019-04-22 09:15:00,NSE:MFSL,441.85001,447.14999,430.64999,434.14999,594547.0
2019-04-23 09:15:00,NSE:MFSL,431.0,439.60001,427.79999,432.35001,283646.0
2019-04-24 09:15:00,NSE:MFSL,434.79999,448.35001,430.39999,444.0,267635.0
2019-04-25 09:15:00,NSE:MFSL,446.89999,456.85001,436.10001,438.45001,958348.0
2019-04-26 09:15:00,NSE:MFSL,440.0,444.14999,432.10001,434.35001,224303.0
2019-04-30 09:15:00,NSE:MFSL,434.0,437.20001,416.25,417.64999,275649.0
2019-05-02 09:15:00,NSE:MFSL,418.39999,425.0,413.60001,421.5,406394.0
2019-05-03 09:15:00,NSE:MFSL,421.60001,424.75,414.0,422.04999,534425.0
2019-05-06 09:15:00,NSE:MFSL,419.54999,428.95001,414.95001,424.45001,327906.0
2019-05-07 09:15:00,NSE:MFSL,427.10001,428.0,405.29999,407.95001,414315.0
2019-05-08 09:15:00,NSE:MFSL,404.70001,416.79999,400.54999,411.5,413369.0
2019-05-09 09:15:00,NSE:MFSL,409.39999,418.39999,402.95001,408.95001,650341.0
2019-05-10 09:15:00,NSE:MFSL,409.0,415.0,407.70001,410.89999,402368.0
2019-05-13 09:15:00,NSE:MFSL,414.0,414.0,399.04999,402.10001,425589.0
2019-05-14 09:15:00,NSE:MFSL,400.14999,407.95001,394.39999,405.85001,345418.0
2019-05-15 09:15:00,NSE:MFSL,408.0,408.85001,395.39999,399.35001,442364.0
2019-05-16 09:15:00,NSE:MFSL,398.20001,402.89999,394.35001,399.20001,138604.0
2019-05-17 09:15:00,NSE:MFSL,398.95001,409.45001,395.10001,402.95001,253457.0
2019-05-20 09:15:00,NSE:MFSL,415.0,419.5,404.39999,414.70001,265950.0
2019-05-21 09:15:00,NSE:MFSL,418.25,418.25,406.5,412.35001,638859.0
2019-05-22 09:15:00,NSE:MFSL,415.5,415.64999,400.54999,408.39999,274223.0
2019-05-23 09:15:00,NSE:MFSL,416.79999,426.75,410.04999,413.75,325278.0
2019-05-24 09:15:00,NSE:MFSL,410.54999,437.0,410.54999,428.20001,729074.0
2019-05-27 09:15:00,NSE:MFSL,428.10001,449.0,427.5,445.75,618269.0
2019-05-28 09:15:00,NSE:MFSL,448.5,449.89999,425.75,428.89999,760632.0
2019-05-29 09:15:00,NSE:MFSL,425.0,443.95001,422.35001,440.39999,554814.0
2019-05-30 09:15:00,NSE:MFSL,441.0,460.0,433.85001,452.45001,857318.0
2019-05-31 09:15:00,NSE:MFSL,453.20001,457.89999,443.60001,450.10001,1339969.0
2019-06-03 09:15:00,NSE:MFSL,453.89999,464.39999,444.64999,448.20001,1207906.0
2019-06-04 09:15:00,NSE:MFSL,450.89999,456.75,444.75,449.95001,303243.0
2019-06-06 09:15:00,NSE:MFSL,450.45001,453.5,442.0,445.14999,503297.0
2019-06-07 09:15:00,NSE:MFSL,442.20001,447.70001,430.54999,432.0,211016.0
2019-06-10 09:15:00,NSE:MFSL,433.95001,443.29999,432.0,438.25,434544.0
2019-06-11 09:15:00,NSE:MFSL,438.70001,442.14999,432.14999,440.89999,274108.0
2019-06-12 09:15:00,NSE:MFSL,438.29999,439.75,435.0,437.85001,774583.0
2019-06-13 09:15:00,NSE:MFSL,439.0,441.79999,426.25,430.35001,539732.0
2019-06-14 09:15:00,NSE:MFSL,430.0,433.75,419.39999,426.95001,402469.0
2019-06-17 09:15:00,NSE:MFSL,424.39999,427.0,406.39999,413.35001,586449.0
2019-06-18 09:15:00,NSE:MFSL,411.54999,418.29999,411.54999,415.54999,215557.0
2019-06-19 09:15:00,NSE:MFSL,416.0,425.5,402.64999,413.70001,1017392.0
2019-06-20 09:15:00,NSE:MFSL,413.70001,423.5,413.70001,421.39999,487939.0
2019-06-21 09:15:00,NSE:MFSL,419.85001,423.29999,407.0,420.5,589895.0
2019-06-24 09:15:00,NSE:MFSL,419.70001,424.64999,415.54999,419.14999,213331.0
2019-06-25 09:15:00,NSE:MFSL,418.54999,429.5,415.95001,425.20001,148497.0
2019-06-26 09:15:00,NSE:MFSL,423.54999,432.60001,422.75,430.39999,344640.0
2019-06-27 09:15:00,NSE:MFSL,430.39999,430.39999,417.45001,420.64999,741022.0
2019-06-28 09:15:00,NSE:MFSL,417.0,422.70001,406.0,407.95001,623825.0
2019-07-01 09:15:00,NSE:MFSL,409.45001,411.29999,401.54999,404.45001,900843.0
2019-07-02 09:15:00,NSE:MFSL,405.29999,413.0,403.0,411.04999,318057.0
2019-07-03 09:15:00,NSE:MFSL,409.10001,421.45001,409.10001,419.60001,391407.0
2019-07-04 09:15:00,NSE:MFSL,420.0,422.20001,412.45001,415.25,840005.0
2019-07-05 09:15:00,NSE:MFSL,414.0,427.5,411.45001,416.20001,960945.0
2019-07-08 09:15:00,NSE:MFSL,412.54999,416.5,398.70001,400.45001,315685.0
2019-07-09 09:15:00,NSE:MFSL,401.10001,419.25,400.0,417.14999,438728.0
2019-07-10 09:15:00,NSE:MFSL,414.0,418.25,406.39999,410.5,258331.0
2019-07-11 09:15:00,NSE:MFSL,412.54999,415.39999,406.14999,407.79999,88616.0
2019-07-12 09:15:00,NSE:MFSL,408.5,441.85001,408.5,418.5,1834262.0
2019-07-15 09:15:00,NSE:MFSL,422.70001,426.54999,408.0,414.0,383450.0
2019-07-16 09:15:00,NSE:MFSL,413.95001,423.54999,413.95001,420.25,482208.0
2019-07-17 09:15:00,NSE:MFSL,421.0,429.75,419.70001,427.54999,517674.0
2019-07-18 09:15:00,NSE:MFSL,428.0,432.29999,418.85001,422.35001,406018.0
2019-07-19 09:15:00,NSE:MFSL,424.45001,430.0,405.0,406.75,259005.0
2019-07-22 09:15:00,NSE:MFSL,408.10001,416.0,400.5,414.5,277851.0
2019-07-23 09:15:00,NSE:MFSL,412.5,415.5,402.89999,407.95001,1635482.0
2019-07-24 09:15:00,NSE:MFSL,406.0,417.5,406.0,408.29999,585320.0
2019-07-25 09:15:00,NSE:MFSL,406.0,420.89999,406.0,414.14999,428228.0
2019-07-26 09:15:00,NSE:MFSL,414.0,426.85001,414.0,424.85001,375851.0
2019-07-29 09:15:00,NSE:MFSL,426.0,427.0,409.54999,415.79999,594085.0
2019-07-30 09:15:00,NSE:MFSL,417.89999,424.54999,410.70001,412.95001,494652.0
2019-07-31 09:15:00,NSE:MFSL,412.10001,418.45001,403.75,417.20001,260496.0
2019-08-01 09:15:00,NSE:MFSL,417.0,420.5,402.0,406.45001,472366.0
2019-08-02 09:15:00,NSE:MFSL,402.0,418.89999,402.0,414.29999,2473931.0
2019-08-05 09:15:00,NSE:MFSL,414.0,415.89999,398.85001,405.04999,607117.0
2019-08-06 09:15:00,NSE:MFSL,403.35001,432.89999,403.10001,413.29999,2504814.0
2019-08-07 09:15:00,NSE:MFSL,418.0,421.0,383.60001,394.60001,1382172.0
2019-08-08 09:15:00,NSE:MFSL,396.89999,404.79999,370.04999,399.70001,1723337.0
2019-08-09 09:15:00,NSE:MFSL,400.0,404.5,394.20001,400.39999,766033.0
2019-08-13 09:15:00,NSE:MFSL,399.5,405.95001,393.14999,396.0,425103.0
2019-08-14 09:15:00,NSE:MFSL,397.89999,410.60001,395.04999,406.95001,680526.0
2019-08-16 09:15:00,NSE:MFSL,407.0,423.75,397.39999,419.64999,877824.0
2019-08-19 09:15:00,NSE:MFSL,421.29999,424.70001,414.60001,418.95001,309944.0
2019-08-20 09:15:00,NSE:MFSL,419.0,443.5,412.29999,440.20001,1051709.0
2019-08-21 09:15:00,NSE:MFSL,431.89999,451.79999,430.10001,447.89999,2217799.0
2019-08-22 09:15:00,NSE:MFSL,443.39999,454.0,435.35001,439.54999,1440299.0
2019-08-23 09:15:00,NSE:MFSL,439.0,451.0,436.0,447.14999,673179.0
2019-08-26 09:15:00,NSE:MFSL,454.5,462.95001,446.20001,449.10001,1671484.0
2019-08-27 09:15:00,NSE:MFSL,456.20001,459.0,435.85001,439.20001,1007310.0
2019-08-28 09:15:00,NSE:MFSL,442.0,444.25,427.79999,430.25,996349.0
2019-08-29 09:15:00,NSE:MFSL,432.29999,432.29999,422.60001,426.95001,634887.0
2019-08-30 09:15:00,NSE:MFSL,427.0,433.60001,418.0,421.29999,849142.0
2019-09-03 09:15:00,NSE:MFSL,418.0,422.0,414.0,417.79999,197296.0
2019-09-04 09:15:00,NSE:MFSL,419.0,425.0,406.0,419.0,677045.0
2019-09-05 09:15:00,NSE:MFSL,420.0,422.35001,411.0,412.95001,870234.0
2019-09-06 09:15:00,NSE:MFSL,411.35001,414.25,402.0,405.79999,1911751.0
2019-09-09 09:15:00,NSE:MFSL,403.79999,406.29999,396.10001,398.54999,1467866.0
2019-09-11 09:15:00,NSE:MFSL,399.54999,410.0,399.25,401.10001,691150.0
2019-09-12 09:15:00,NSE:MFSL,402.70001,420.0,400.0,414.35001,2801157.0
2019-09-13 09:15:00,NSE:MFSL,415.39999,418.35001,404.54999,407.14999,929235.0
2019-09-16 09:15:00,NSE:MFSL,407.0,416.79999,405.60001,407.64999,731290.0
2019-09-17 09:15:00,NSE:MFSL,409.20001,410.89999,402.64999,403.39999,538850.0
2019-09-18 09:15:00,NSE:MFSL,404.95001,410.0,402.35001,404.5,360318.0
2019-09-19 09:15:00,NSE:MFSL,402.89999,407.75,393.04999,399.35001,894402.0
2019-09-20 09:15:00,NSE:MFSL,399.35001,420.0,395.0,399.64999,2076508.0
2019-09-23 09:15:00,NSE:MFSL,405.0,433.29999,402.14999,407.25,1418081.0
2019-09-24 09:15:00,NSE:MFSL,409.75,421.0,406.0,415.10001,566108.0
2019-09-25 09:15:00,NSE:MFSL,414.79999,420.89999,412.14999,415.95001,584319.0
2019-09-26 09:15:00,NSE:MFSL,417.95001,419.89999,411.04999,415.29999,340435.0
2019-09-27 09:15:00,NSE:MFSL,417.0,435.5,412.39999,430.85001,996134.0
2019-09-30 09:15:00,NSE:MFSL,433.0,437.14999,420.0,426.79999,829999.0
2019-10-01 09:15:00,NSE:MFSL,428.89999,430.60001,411.39999,420.64999,362839.0
2019-10-03 09:15:00,NSE:MFSL,417.0,428.29999,414.10001,418.60001,374399.0
2019-10-04 09:15:00,NSE:MFSL,419.39999,422.25,403.70001,405.14999,462660.0
2019-10-07 09:15:00,NSE:MFSL,406.0,412.75,398.14999,409.10001,470499.0
2019-10-09 09:15:00,NSE:MFSL,410.0,417.75,405.0,415.64999,232902.0
2019-10-10 09:15:00,NSE:MFSL,415.64999,418.0,402.54999,407.0,447187.0
2019-10-11 09:15:00,NSE:MFSL,407.95001,413.60001,402.95001,409.29999,212019.0
2019-10-14 09:15:00,NSE:MFSL,409.54999,416.0,405.89999,411.95001,285550.0
2019-10-15 09:15:00,NSE:MFSL,409.04999,422.0,406.29999,408.85001,524099.0
2019-10-16 09:15:00,NSE:MFSL,407.5,417.10001,396.79999,405.04999,1901490.0
2019-10-17 09:15:00,NSE:MFSL,406.95001,410.25,403.29999,405.35001,381723.0
2019-10-18 09:15:00,NSE:MFSL,406.0,411.5,405.25,410.39999,352631.0
2019-10-22 09:15:00,NSE:MFSL,411.39999,445.54999,407.35001,435.10001,1260877.0
2019-10-23 09:15:00,NSE:MFSL,432.0,435.04999,416.10001,423.60001,1657648.0
2019-10-24 09:15:00,NSE:MFSL,424.64999,424.79999,414.04999,416.10001,537823.0
2019-10-25 09:15:00,NSE:MFSL,415.0,422.79999,401.75,412.64999,1057112.0
2019-10-29 09:15:00,NSE:MFSL,412.0,418.5,412.0,414.25,579405.0
2019-10-30 09:15:00,NSE:MFSL,417.79999,419.70001,405.60001,411.25,704787.0
2019-10-31 09:15:00,NSE:MFSL,412.0,413.60001,403.0,406.14999,981630.0
2019-11-01 09:15:00,NSE:MFSL,407.95001,410.39999,402.75,403.60001,527407.0
2019-11-04 09:15:00,NSE:MFSL,405.45001,443.89999,404.5,431.95001,2439720.0
2019-11-05 09:15:00,NSE:MFSL,431.0,442.35001,423.04999,428.70001,1942276.0
2019-11-06 09:15:00,NSE:MFSL,428.5,443.45001,423.64999,438.70001,1136020.0
2019-11-07 09:15:00,NSE:MFSL,423.79999,489.04999,414.10001,478.25,9028838.0
2019-11-08 09:15:00,NSE:MFSL,474.85001,497.14999,465.0,482.0,5903904.0
2019-11-11 09:15:00,NSE:MFSL,484.70001,489.85001,467.79999,469.54999,1508727.0
2019-11-13 09:15:00,NSE:MFSL,469.0,482.85001,457.35001,472.35001,2656610.0
2019-11-14 09:15:00,NSE:MFSL,470.0,488.0,466.60001,479.35001,2253411.0
2019-11-15 09:15:00,NSE:MFSL,480.0,486.0,473.45001,476.45001,1369781.0
2019-11-18 09:15:00,NSE:MFSL,474.0,495.0,473.0,484.60001,1711776.0
2019-11-19 09:15:00,NSE:MFSL,487.60001,494.79999,479.25,488.10001,1621918.0
2019-11-20 09:15:00,NSE:MFSL,488.10001,510.39999,481.39999,506.85001,3070849.0
2019-11-21 09:15:00,NSE:MFSL,509.10001,521.09998,500.25,507.10001,2729272.0
2019-11-22 09:15:00,NSE:MFSL,506.5,512.34998,498.5,507.25,1259741.0
2019-11-25 09:15:00,NSE:MFSL,509.5,516.59998,506.89999,511.45001,837330.0
2019-11-26 09:15:00,NSE:MFSL,511.45001,512.29999,499.70001,507.10001,1347475.0
2019-11-27 09:15:00,NSE:MFSL,509.0,510.0,495.10001,500.0,545911.0
2019-11-28 09:15:00,NSE:MFSL,496.10001,515.90002,496.10001,511.39999,1468416.0
2019-11-29 09:15:00,NSE:MFSL,510.0,517.20001,502.70001,504.89999,767933.0
2019-12-02 09:15:00,NSE:MFSL,506.0,519.0,500.35001,506.10001,988885.0
2019-12-03 09:15:00,NSE:MFSL,507.79999,529.29999,504.64999,526.84998,2601191.0
2019-12-04 09:15:00,NSE:MFSL,529.5,529.70001,512.0,515.34998,1677422.0
2019-12-05 09:15:00,NSE:MFSL,510.20001,533.40002,495.95001,527.29999,1284514.0
2019-12-06 09:15:00,NSE:MFSL,527.0,535.0,506.60001,517.09998,1320165.0
2019-12-09 09:15:00,NSE:MFSL,517.09998,525.90002,513.90002,518.70001,755202.0
2019-12-10 09:15:00,NSE:MFSL,520.0,524.90002,504.39999,508.39999,1311291.0
2019-12-11 09:15:00,NSE:MFSL,508.85001,516.70001,500.54999,508.79999,871701.0
2019-12-12 09:15:00,NSE:MFSL,510.10001,516.0,498.35001,505.20001,794198.0
2019-12-13 09:15:00,NSE:MFSL,507.45001,512.0,499.5,501.60001,923299.0
2019-12-16 09:15:00,NSE:MFSL,504.70001,505.60001,499.0,500.79999,595208.0
2019-12-17 09:15:00,NSE:MFSL,502.70001,517.5,501.10001,510.10001,1833544.0
2019-12-18 09:15:00,NSE:MFSL,510.0,541.0,503.5,533.15002,3576058.0
2019-12-19 09:15:00,NSE:MFSL,537.45001,543.40002,529.5,533.79999,3158510.0
2019-12-20 09:15:00,NSE:MFSL,533.0,536.25,528.5,534.59998,1363129.0
2019-12-23 09:15:00,NSE:MFSL,532.09998,542.0,521.40002,526.04999,1440508.0
2019-12-24 09:15:00,NSE:MFSL,525.65002,532.25,522.59998,527.25,1204229.0
2019-12-26 09:15:00,NSE:MFSL,526.5,532.0,524.79999,527.54999,1028988.0
2019-12-27 09:15:00,NSE:MFSL,526.15002,539.0,524.04999,529.95001,1003061.0
2019-12-30 09:15:00,NSE:MFSL,530.0,544.70001,529.0,540.15002,1667156.0
2019-12-31 09:15:00,NSE:MFSL,540.15002,542.84998,533.34998,534.45001,520557.0
2020-01-01 09:15:00,NSE:MFSL,537.0,545.95001,535.0,542.20001,1947334.0
2020-01-02 09:15:00,NSE:MFSL,543.0,556.0,542.25,553.15002,1282447.0
2020-01-03 09:15:00,NSE:MFSL,550.0,567.70001,547.0,564.04999,2368674.0
2020-01-06 09:15:00,NSE:MFSL,563.95001,566.79999,547.79999,554.04999,1534549.0
2020-01-07 09:15:00,NSE:MFSL,554.0,563.04999,554.0,559.40002,1103885.0
2020-01-08 09:15:00,NSE:MFSL,557.0,566.34998,552.65002,558.84998,1172012.0
2020-01-09 09:15:00,NSE:MFSL,562.5,568.20001,468.75,505.29999,21157561.0
2020-01-10 09:15:00,NSE:MFSL,516.0,522.79999,500.0,510.89999,6147019.0
2020-01-13 09:15:00,NSE:MFSL,513.45001,520.40002,508.39999,509.64999,1678732.0
2020-01-14 09:15:00,NSE:MFSL,511.70001,511.79999,496.10001,500.35001,1660408.0
2020-01-15 09:15:00,NSE:MFSL,501.0,514.15002,493.04999,510.95001,2265439.0
2020-01-16 09:15:00,NSE:MFSL,514.09998,535.79999,513.5,528.75,5532572.0
2020-01-17 09:15:00,NSE:MFSL,537.90002,537.90002,518.20001,524.04999,4562374.0
2020-01-20 09:15:00,NSE:MFSL,524.04999,528.95001,515.0,516.79999,1324438.0
2020-01-21 09:15:00,NSE:MFSL,515.0,527.34998,510.0,524.34998,1559439.0
2020-01-22 09:15:00,NSE:MFSL,534.5,534.5,514.45001,519.54999,2172923.0
2020-01-23 09:15:00,NSE:MFSL,519.54999,524.34998,515.0,518.29999,898061.0
2020-01-24 09:15:00,NSE:MFSL,520.59998,533.5,519.25,527.04999,2259819.0
2020-01-27 09:15:00,NSE:MFSL,525.0,526.09998,511.75,514.15002,1149627.0
2020-01-28 09:15:00,NSE:MFSL,514.95001,518.0,506.0,511.95001,1102932.0
2020-01-29 09:15:00,NSE:MFSL,513.0,517.54999,508.04999,512.75,637947.0
2020-01-30 09:15:00,NSE:MFSL,512.70001,513.0,497.0,499.95001,796091.0
2020-01-31 09:15:00,NSE:MFSL,498.0,511.85001,498.0,506.39999,1672907.0
2020-02-01 09:15:00,NSE:MFSL,501.60001,511.0,424.20001,437.10001,5517016.0
2020-02-03 09:15:00,NSE:MFSL,442.0,486.79999,440.0,477.10001,6500205.0
2020-02-04 09:15:00,NSE:MFSL,474.85001,492.39999,470.0,483.54999,3753994.0
2020-02-05 09:15:00,NSE:MFSL,481.54999,492.0,475.35001,483.70001,1791289.0
2020-02-06 09:15:00,NSE:MFSL,488.0,488.0,472.0,480.54999,1841348.0
2020-02-07 09:15:00,NSE:MFSL,478.5,490.0,476.75,479.64999,923649.0
2020-02-10 09:15:00,NSE:MFSL,482.60001,482.60001,473.25,478.20001,403602.0
2020-02-11 09:15:00,NSE:MFSL,480.5,486.20001,477.20001,482.60001,414473.0
2020-02-12 09:15:00,NSE:MFSL,482.79999,512.0,482.79999,491.54999,3564722.0
2020-02-13 09:15:00,NSE:MFSL,494.60001,496.64999,483.75,491.60001,1252153.0
2020-02-14 09:15:00,NSE:MFSL,494.0,494.0,481.60001,486.95001,749983.0
2020-02-17 09:15:00,NSE:MFSL,486.95001,496.14999,475.45001,491.95001,1075322.0
2020-02-18 09:15:00,NSE:MFSL,491.54999,505.75,486.29999,502.14999,1809725.0
2020-02-19 09:15:00,NSE:MFSL,502.0,523.0,501.35001,516.75,1547819.0
2020-02-20 09:15:00,NSE:MFSL,542.0,597.04999,542.0,565.0,26621595.0
2020-02-24 09:15:00,NSE:MFSL,554.90002,609.65002,548.29999,592.20001,16452997.0
2020-02-25 09:15:00,NSE:MFSL,592.20001,602.0,578.59998,590.25,6316124.0
2020-02-26 09:15:00,NSE:MFSL,586.95001,593.59998,581.79999,588.15002,2156219.0
2020-02-27 09:15:00,NSE:MFSL,590.0,607.59998,586.15002,597.65002,3245996.0
2020-02-28 09:15:00,NSE:MFSL,591.75,595.75,570.59998,577.29999,4532180.0
2020-03-02 09:15:00,NSE:MFSL,589.0,596.70001,570.34998,573.95001,2742411.0
2020-03-03 09:15:00,NSE:MFSL,575.09998,594.15002,575.09998,591.40002,2342889.0
2020-03-04 09:15:00,NSE:MFSL,581.95001,611.90002,581.45001,590.95001,5590702.0
2020-03-05 09:15:00,NSE:MFSL,597.79999,610.54999,590.54999,605.20001,2950492.0
2020-03-06 09:15:00,NSE:MFSL,559.75,559.75,477.0,520.79999,14305858.0
2020-03-09 09:15:00,NSE:MFSL,480.0,507.5,475.25,500.20001,5239734.0
2020-03-11 09:15:00,NSE:MFSL,499.95001,518.75,495.0,501.70001,3169499.0
2020-03-12 09:15:00,NSE:MFSL,485.0,487.5,440.10001,444.35001,1635846.0
2020-03-13 09:15:00,NSE:MFSL,399.95001,457.60001,355.5,429.89999,2788845.0
2020-03-16 09:15:00,NSE:MFSL,401.0,423.39999,390.29999,401.14999,1353701.0
2020-03-17 09:15:00,NSE:MFSL,398.0,415.5,372.54999,376.04999,1052586.0
2020-03-18 09:15:00,NSE:MFSL,380.29999,382.45001,350.25,357.35001,2851414.0
2020-03-19 09:15:00,NSE:MFSL,339.0,398.85001,318.64999,378.10001,2769455.0
2020-03-20 09:15:00,NSE:MFSL,374.29999,414.0,369.0,407.75,1588783.0
2020-03-23 09:15:00,NSE:MFSL,367.0,382.64999,276.35001,288.54999,1152843.0
2020-03-24 09:15:00,NSE:MFSL,317.39999,326.0,278.64999,303.20001,1822240.0
2020-03-25 09:15:00,NSE:MFSL,300.25,377.45001,292.95001,351.95001,1704880.0
2020-03-26 09:15:00,NSE:MFSL,352.29999,439.89999,345.10001,423.20001,2433318.0
2020-03-27 09:15:00,NSE:MFSL,439.20001,475.89999,392.35001,408.45001,2360493.0
2020-03-30 09:15:00,NSE:MFSL,385.20001,411.60001,385.20001,397.85001,1065922.0
2020-03-31 09:15:00,NSE:MFSL,407.95001,413.64999,379.64999,384.60001,1706240.0
2020-04-01 09:15:00,NSE:MFSL,380.0,401.89999,375.29999,382.39999,936704.0
2020-04-03 09:15:00,NSE:MFSL,373.0,375.0,326.64999,333.85001,2323689.0
2020-04-07 09:15:00,NSE:MFSL,335.0,367.20001,328.10001,360.20001,2791277.0
2020-04-08 09:15:00,NSE:MFSL,354.89999,396.0,351.5,355.20001,1541128.0
2020-04-09 09:15:00,NSE:MFSL,370.0,390.70001,347.39999,352.20001,1825836.0
2020-04-13 09:15:00,NSE:MFSL,355.0,368.89999,347.14999,350.95001,1434385.0
2020-04-15 09:15:00,NSE:MFSL,353.0,412.95001,353.0,395.89999,4990393.0
2020-04-16 09:15:00,NSE:MFSL,393.04999,435.45001,387.04999,426.70001,5300471.0
2020-04-17 09:15:00,NSE:MFSL,438.0,449.0,413.64999,420.60001,1816629.0
2020-04-20 09:15:00,NSE:MFSL,423.20001,455.0,418.60001,442.20001,1928444.0
2020-04-21 09:15:00,NSE:MFSL,434.0,434.0,407.54999,421.10001,1479123.0
2020-04-22 09:15:00,NSE:MFSL,420.0,446.35001,411.35001,439.5,1222948.0
2020-04-23 09:15:00,NSE:MFSL,440.0,454.14999,420.0,423.85001,1573809.0
2020-04-24 09:15:00,NSE:MFSL,415.0,432.75,400.54999,420.14999,1930567.0
2020-04-27 09:15:00,NSE:MFSL,433.0,457.85001,432.79999,451.95001,2576292.0
2020-04-28 09:15:00,NSE:MFSL,460.0,492.75,430.0,477.14999,13467202.0
2020-04-29 09:15:00,NSE:MFSL,480.0,480.0,462.70001,473.0,2262910.0
2020-04-30 09:15:00,NSE:MFSL,477.89999,489.85001,460.25,469.79999,2081814.0
2020-05-04 09:15:00,NSE:MFSL,452.20001,466.35001,444.0,462.70001,2091702.0
2020-05-05 09:15:00,NSE:MFSL,465.89999,472.10001,450.0,452.60001,1956312.0
2020-05-06 09:15:00,NSE:MFSL,453.25,465.54999,441.85001,459.10001,1925929.0
2020-05-07 09:15:00,NSE:MFSL,461.0,470.0,438.70001,442.70001,1861769.0
2020-05-08 09:15:00,NSE:MFSL,450.39999,460.14999,443.35001,450.95001,2586205.0
2020-05-11 09:15:00,NSE:MFSL,459.35001,471.35001,438.0,441.0,1987234.0
2020-05-12 09:15:00,NSE:MFSL,441.0,453.54999,441.0,446.89999,1376291.0
2020-05-13 09:15:00,NSE:MFSL,459.0,461.60001,443.04999,450.45001,1758308.0
2020-05-14 09:15:00,NSE:MFSL,452.10001,457.0,443.5,448.64999,645891.0
2020-05-15 09:15:00,NSE:MFSL,450.0,454.0,447.0,449.10001,479335.0
2020-05-18 09:15:00,NSE:MFSL,450.0,450.85001,407.14999,417.75,1933057.0
2020-05-19 09:15:00,NSE:MFSL,420.0,438.95001,418.5,425.85001,1749717.0
2020-05-20 09:15:00,NSE:MFSL,424.39999,439.0,411.64999,434.95001,966310.0
2020-05-21 09:15:00,NSE:MFSL,438.0,447.10001,429.29999,440.04999,1004745.0
2020-05-22 09:15:00,NSE:MFSL,435.54999,438.0,424.20001,429.25,989345.0
2020-05-26 09:15:00,NSE:MFSL,431.29999,443.89999,421.35001,438.20001,987573.0
2020-05-27 09:15:00,NSE:MFSL,427.35001,448.70001,413.0,443.70001,3414848.0
2020-05-28 09:15:00,NSE:MFSL,443.75,470.70001,431.0,466.10001,2271001.0
2020-05-29 09:15:00,NSE:MFSL,467.39999,491.35001,451.39999,480.35001,1521799.0
2020-06-01 09:15:00,NSE:MFSL,479.04999,498.14999,475.0,479.45001,1211046.0
2020-06-02 09:15:00,NSE:MFSL,483.0,486.89999,456.89999,462.45001,2789434.0
2020-06-03 09:15:00,NSE:MFSL,464.0,479.70001,450.0,451.70001,4002712.0
2020-06-04 09:15:00,NSE:MFSL,452.29999,473.45001,452.29999,460.79999,2965249.0
2020-06-05 09:15:00,NSE:MFSL,466.20001,475.0,461.45001,473.35001,1005279.0
2020-06-08 09:15:00,NSE:MFSL,481.25,487.79999,474.29999,476.79999,1400015.0
2020-06-09 09:15:00,NSE:MFSL,479.0,485.85001,464.14999,466.29999,796727.0
2020-06-10 09:15:00,NSE:MFSL,469.79999,485.20001,466.0,482.95001,1124587.0
2020-06-11 09:15:00,NSE:MFSL,484.95001,493.89999,467.95001,476.04999,1988750.0
2020-06-12 09:15:00,NSE:MFSL,461.5,498.0,461.5,488.89999,1650423.0
2020-06-15 09:15:00,NSE:MFSL,489.0,491.29999,471.45001,475.54999,1118019.0
2020-06-16 09:15:00,NSE:MFSL,482.0,492.0,468.64999,485.89999,1057720.0
2020-06-17 09:15:00,NSE:MFSL,480.0,505.95001,479.39999,490.14999,2243431.0
2020-06-18 09:15:00,NSE:MFSL,489.95001,501.0,487.39999,491.10001,1210365.0
2020-06-19 09:15:00,NSE:MFSL,491.10001,515.0,489.29999,503.79999,1349689.0
2020-06-22 09:15:00,NSE:MFSL,504.0,506.04999,491.5,495.29999,886169.0
2020-06-23 09:15:00,NSE:MFSL,496.0,506.0,488.25,495.95001,813829.0
2020-06-24 09:15:00,NSE:MFSL,496.20001,517.84998,496.20001,506.64999,1190286.0
2020-06-25 09:15:00,NSE:MFSL,504.0,548.0,499.10001,536.0,3492641.0
2020-06-26 09:15:00,NSE:MFSL,530.0,533.0,511.14999,515.54999,1417517.0
2020-06-29 09:15:00,NSE:MFSL,515.54999,522.25,496.29999,516.29999,954941.0
2020-06-30 09:15:00,NSE:MFSL,524.20001,554.0,517.15002,542.0,1413320.0
2020-07-01 09:15:00,NSE:MFSL,537.90002,545.0,519.0,536.70001,2414676.0
2020-07-02 09:15:00,NSE:MFSL,544.0,549.29999,525.0,545.45001,825630.0
2020-07-03 09:15:00,NSE:MFSL,541.0,562.34998,535.59998,554.95001,931730.0
2020-07-06 09:15:00,NSE:MFSL,561.0,566.95001,555.59998,559.95001,1124970.0
2020-07-07 09:15:00,NSE:MFSL,561.0,573.79999,554.29999,559.29999,2324044.0
2020-07-08 09:15:00,NSE:MFSL,560.0,560.34998,545.09998,547.09998,984162.0
2020-07-09 09:15:00,NSE:MFSL,547.0,565.29999,547.0,560.09998,953804.0
2020-07-10 09:15:00,NSE:MFSL,568.0,576.79999,553.0,561.75,1258066.0
2020-07-13 09:15:00,NSE:MFSL,559.0,565.79999,550.5,560.5,684025.0
2020-07-14 09:15:00,NSE:MFSL,555.0,559.70001,545.75,553.90002,542930.0
2020-07-15 09:15:00,NSE:MFSL,556.79999,557.75,531.29999,534.75,1643351.0
2020-07-16 09:15:00,NSE:MFSL,537.40002,587.0,529.15002,580.90002,3756264.0
2020-07-17 09:15:00,NSE:MFSL,578.0,581.84998,565.0,574.75,1255257.0
2020-07-20 09:15:00,NSE:MFSL,580.0,580.65002,562.40002,569.15002,713226.0
2020-07-21 09:15:00,NSE:MFSL,572.0,577.84998,560.15002,568.0,604518.0
2020-07-22 09:15:00,NSE:MFSL,570.79999,594.0,548.54999,565.90002,1627702.0
2020-07-23 09:15:00,NSE:MFSL,565.0,579.79999,561.65002,570.09998,1053850.0
2020-07-24 09:15:00,NSE:MFSL,568.29999,582.29999,557.29999,561.45001,1082561.0
2020-07-27 09:15:00,NSE:MFSL,564.20001,568.84998,549.09998,554.04999,799614.0
2020-07-28 09:15:00,NSE:MFSL,557.5,575.20001,556.34998,567.70001,1385470.0
2020-07-29 09:15:00,NSE:MFSL,569.79999,573.0,558.0,562.29999,496836.0
2020-07-30 09:15:00,NSE:MFSL,567.0,577.5,546.0,562.59998,1299113.0
2020-07-31 09:15:00,NSE:MFSL,560.34998,565.90002,538.09998,558.40002,1056610.0
2020-08-03 09:15:00,NSE:MFSL,559.0,560.59998,540.09998,542.90002,443506.0
2020-08-04 09:15:00,NSE:MFSL,545.0,549.79999,530.0,538.59998,1292009.0
2020-08-05 09:15:00,NSE:MFSL,541.90002,554.70001,536.0,549.59998,2879020.0
2020-08-06 09:15:00,NSE:MFSL,545.0,548.40002,536.20001,539.34998,1111594.0
2020-08-07 09:15:00,NSE:MFSL,545.0,545.0,530.0,535.90002,475324.0
2020-08-10 09:15:00,NSE:MFSL,541.5,541.5,525.20001,528.59998,497388.0
2020-08-11 09:15:00,NSE:MFSL,531.59998,537.90002,529.09998,530.20001,564583.0
2020-08-12 09:15:00,NSE:MFSL,535.0,541.0,528.15002,530.84998,713101.0
2020-08-13 09:15:00,NSE:MFSL,532.0,537.09998,522.20001,529.65002,740907.0
2020-08-14 09:15:00,NSE:MFSL,529.59998,537.5,520.29999,523.09998,583006.0
2020-08-17 09:15:00,NSE:MFSL,525.0,528.75,514.90002,521.15002,385587.0
2020-08-18 09:15:00,NSE:MFSL,521.5,548.75,517.40002,543.15002,1175395.0
2020-08-19 09:15:00,NSE:MFSL,548.59998,553.84998,536.45001,540.09998,842893.0
2020-08-20 09:15:00,NSE:MFSL,538.95001,543.90002,532.04999,537.09998,331374.0
2020-08-21 09:15:00,NSE:MFSL,541.0,569.0,535.34998,557.34998,3171005.0
2020-08-24 09:15:00,NSE:MFSL,562.0,565.0,543.45001,549.45001,931876.0
2020-08-25 09:15:00,NSE:MFSL,580.0,631.25,580.0,619.84998,10808367.0
2020-08-26 09:15:00,NSE:MFSL,620.0,637.95001,607.15002,618.59998,3489202.0
2020-08-27 09:15:00,NSE:MFSL,620.0,641.75,597.09998,603.40002,3812464.0
2020-08-28 09:15:00,NSE:MFSL,609.0,612.04999,587.70001,598.09998,2009912.0
2020-08-31 09:15:00,NSE:MFSL,608.90002,618.20001,575.40002,589.25,2107134.0
2020-09-01 09:15:00,NSE:MFSL,587.09998,609.0,575.0,603.25,2068412.0
2020-09-02 09:15:00,NSE:MFSL,609.0,614.0,586.59998,594.84998,1666821.0
2020-09-03 09:15:00,NSE:MFSL,590.0,626.0,589.09998,615.54999,2445132.0
2020-09-04 09:15:00,NSE:MFSL,604.84998,605.5,590.90002,593.90002,832780.0
2020-09-07 09:15:00,NSE:MFSL,599.0,599.75,583.54999,590.95001,1145712.0
2020-09-08 09:15:00,NSE:MFSL,590.95001,604.09998,579.0,584.59998,1537355.0
2020-09-09 09:15:00,NSE:MFSL,583.0,598.0,578.25,593.84998,800168.0
2020-09-10 09:15:00,NSE:MFSL,594.45001,600.59998,580.20001,589.15002,813471.0
2020-09-11 09:15:00,NSE:MFSL,590.0,600.90002,580.54999,597.84998,1060801.0
2020-09-14 09:15:00,NSE:MFSL,605.0,631.90002,605.0,620.29999,2241135.0
2020-09-15 09:15:00,NSE:MFSL,621.0,632.79999,611.25,618.65002,993214.0
2020-09-16 09:15:00,NSE:MFSL,619.95001,629.25,615.0,620.84998,1052156.0
2020-09-17 09:15:00,NSE:MFSL,620.0,626.29999,606.5,621.40002,1076561.0
2020-09-18 09:15:00,NSE:MFSL,622.90002,628.0,606.15002,610.5,858384.0
2020-09-21 09:15:00,NSE:MFSL,612.90002,621.29999,592.15002,600.20001,1027792.0
2020-09-22 09:15:00,NSE:MFSL,599.0,609.79999,588.04999,594.90002,5420363.0
2020-09-23 09:15:00,NSE:MFSL,592.95001,604.84998,582.04999,588.29999,1600811.0
2020-09-24 09:15:00,NSE:MFSL,588.0,589.34998,567.29999,579.79999,1213281.0
2020-09-25 09:15:00,NSE:MFSL,586.29999,601.70001,571.70001,594.25,748956.0
2020-09-28 09:15:00,NSE:MFSL,603.09998,624.40002,596.0,619.54999,5211564.0
2020-09-29 09:15:00,NSE:MFSL,622.70001,629.65002,601.09998,605.90002,912352.0
2020-09-30 09:15:00,NSE:MFSL,610.0,617.59998,597.40002,612.20001,1339794.0
2020-10-01 09:15:00,NSE:MFSL,615.0,622.04999,612.34998,618.29999,647748.0
2020-10-05 09:15:00,NSE:MFSL,618.0,624.95001,600.0,612.29999,1457608.0
2020-10-06 09:15:00,NSE:MFSL,611.09998,645.0,610.09998,621.40002,3121100.0
2020-10-07 09:15:00,NSE:MFSL,624.59998,625.84998,607.15002,609.59998,848567.0
2020-10-08 09:15:00,NSE:MFSL,610.0,614.90002,601.0,606.20001,705696.0
2020-10-09 09:15:00,NSE:MFSL,606.0,608.29999,599.04999,601.90002,597376.0
2020-10-12 09:15:00,NSE:MFSL,601.79999,606.0,579.34998,587.95001,819211.0
2020-10-13 09:15:00,NSE:MFSL,586.95001,598.65002,581.54999,585.40002,456278.0
2020-10-14 09:15:00,NSE:MFSL,584.09998,598.0,581.59998,595.90002,1251397.0
2020-10-15 09:15:00,NSE:MFSL,597.0,607.34998,573.09998,579.75,1114052.0
2020-10-16 09:15:00,NSE:MFSL,584.79999,592.70001,577.40002,579.5,425934.0
2020-10-19 09:15:00,NSE:MFSL,582.34998,589.15002,581.09998,586.59998,281483.0
2020-10-20 09:15:00,NSE:MFSL,586.59998,587.84998,574.29999,579.79999,459920.0
2020-10-21 09:15:00,NSE:MFSL,582.0,593.0,570.09998,574.29999,563696.0
2020-10-22 09:15:00,NSE:MFSL,570.0,584.09998,566.04999,575.34998,894289.0
2020-10-23 09:15:00,NSE:MFSL,578.0,593.90002,574.09998,591.09998,1280598.0
2020-10-26 09:15:00,NSE:MFSL,590.0,590.29999,568.5,575.25,512309.0
2020-10-27 09:15:00,NSE:MFSL,574.90002,584.0,570.09998,578.59998,1057794.0
2020-10-28 09:15:00,NSE:MFSL,579.04999,593.54999,576.70001,585.04999,1394525.0
2020-10-29 09:15:00,NSE:MFSL,584.90002,595.5,573.04999,590.40002,996982.0
2020-10-30 09:15:00,NSE:MFSL,589.0,601.84998,583.0,590.54999,1027049.0
2020-11-02 09:15:00,NSE:MFSL,609.95001,627.0,588.79999,601.5,2465081.0
2020-11-03 09:15:00,NSE:MFSL,605.0,613.45001,601.0,602.65002,432844.0
2020-11-04 09:15:00,NSE:MFSL,604.59998,617.34998,600.0,613.84998,561711.0
2020-11-05 09:15:00,NSE:MFSL,617.0,630.0,611.09998,619.15002,2058081.0
2020-11-06 09:15:00,NSE:MFSL,618.29999,624.0,608.0,621.15002,697624.0
2020-11-09 09:15:00,NSE:MFSL,629.04999,630.29999,615.09998,619.20001,1035541.0
2020-11-10 09:15:00,NSE:MFSL,617.75,623.20001,609.54999,612.54999,850121.0
2020-11-11 09:15:00,NSE:MFSL,612.59998,617.09998,604.5,612.90002,1053440.0
2020-11-12 09:15:00,NSE:MFSL,613.95001,620.0,604.25,608.29999,622682.0
2020-11-13 09:15:00,NSE:MFSL,606.5,608.45001,599.0,606.75,394546.0
2020-11-14 18:00:00,NSE:MFSL,609.70001,616.45001,606.04999,613.20001,67263.0
2020-11-17 09:15:00,NSE:MFSL,612.0,616.20001,601.09998,613.25,1686818.0
2020-11-18 09:15:00,NSE:MFSL,612.15002,631.15002,612.15002,619.29999,3489685.0
2020-11-19 09:15:00,NSE:MFSL,620.0,625.5,608.54999,612.75,1521740.0
2020-11-20 09:15:00,NSE:MFSL,613.0,623.0,611.5,618.09998,808139.0
2020-11-23 09:15:00,NSE:MFSL,621.09998,647.90002,618.0,633.25,2321068.0
2020-11-24 09:15:00,NSE:MFSL,636.90002,646.45001,630.45001,636.29999,1732972.0
2020-11-25 09:15:00,NSE:MFSL,643.79999,646.5,628.40002,630.04999,1511323.0
2020-11-26 09:15:00,NSE:MFSL,630.40002,639.34998,624.95001,637.15002,417909.0
2020-11-27 09:15:00,NSE:MFSL,642.0,665.0,632.65002,648.65002,3440682.0
2020-12-01 09:15:00,NSE:MFSL,653.40002,653.40002,632.79999,640.09998,1804684.0
2020-12-02 09:15:00,NSE:MFSL,644.90002,644.90002,629.75,637.75,682736.0
2020-12-03 09:15:00,NSE:MFSL,642.0,642.0,631.09998,634.95001,630462.0
2020-12-04 09:15:00,NSE:MFSL,638.0,639.84998,631.0,637.54999,863619.0
2020-12-07 09:15:00,NSE:MFSL,638.0,651.0,634.5,648.70001,2478830.0
2020-12-08 09:15:00,NSE:MFSL,652.04999,652.40002,630.34998,637.09998,1505324.0
2020-12-09 09:15:00,NSE:MFSL,637.09998,640.0,634.0,635.65002,1144734.0
2020-12-10 09:15:00,NSE:MFSL,638.04999,646.40002,632.09998,638.54999,2232621.0
2020-12-11 09:15:00,NSE:MFSL,638.5,642.79999,621.5,634.09998,1699797.0
2020-12-14 09:15:00,NSE:MFSL,632.0,641.0,626.29999,636.90002,2248707.0
2020-12-15 09:15:00,NSE:MFSL,637.5,643.0,633.04999,639.95001,1449628.0
2020-12-16 09:15:00,NSE:MFSL,640.84998,656.5,635.0,641.40002,3485380.0
2020-12-17 09:15:00,NSE:MFSL,646.09998,671.70001,644.09998,658.5,4399702.0
2020-12-18 09:15:00,NSE:MFSL,651.0,663.45001,644.0,648.25,2997018.0
2020-12-21 09:15:00,NSE:MFSL,645.0,689.70001,636.0,643.15002,14312298.0
2020-12-22 09:15:00,NSE:MFSL,647.90002,655.0,623.79999,641.84998,2414877.0
2020-12-23 09:15:00,NSE:MFSL,643.0,688.40002,642.40002,684.0,2950685.0
2020-12-24 09:15:00,NSE:MFSL,686.0,697.5,672.0,682.29999,2212430.0
2020-12-28 09:15:00,NSE:MFSL,687.90002,703.0,681.45001,695.5,1737265.0
2020-12-29 09:15:00,NSE:MFSL,694.54999,697.54999,679.04999,680.29999,1426651.0
2020-12-30 09:15:00,NSE:MFSL,681.95001,690.25,673.0,683.84998,852229.0
2020-12-31 09:15:00,NSE:MFSL,680.0,689.65002,669.45001,675.04999,836482.0
2021-01-01 09:15:00,NSE:MFSL,675.0,692.40002,675.0,690.95001,885106.0
2021-01-04 09:15:00,NSE:MFSL,690.75,697.5,680.09998,689.29999,1100430.0
2021-01-05 09:15:00,NSE:MFSL,686.0,705.79999,679.04999,701.5,1547797.0
2021-01-06 09:15:00,NSE:MFSL,707.54999,716.5,697.20001,709.40002,1966993.0
2021-01-07 09:15:00,NSE:MFSL,711.0,733.0,697.40002,723.84998,2059439.0
2021-01-08 09:15:00,NSE:MFSL,728.0,740.45001,718.0,726.84998,2251641.0
2021-01-11 09:15:00,NSE:MFSL,728.0,733.34998,710.09998,715.25,1540749.0
2021-01-12 09:15:00,NSE:MFSL,715.25,726.65002,707.5,719.90002,1014153.0
2021-01-13 09:15:00,NSE:MFSL,723.0,734.5,708.20001,717.20001,973568.0
2021-01-14 09:15:00,NSE:MFSL,716.0,725.90002,713.29999,720.15002,1048756.0
2021-01-15 09:15:00,NSE:MFSL,716.0,724.25,703.25,707.54999,852193.0
2021-01-18 09:15:00,NSE:MFSL,708.0,708.70001,686.40002,692.95001,1361865.0
2021-01-19 09:15:00,NSE:MFSL,700.29999,722.0,694.20001,712.5,1198671.0
2021-01-20 09:15:00,NSE:MFSL,716.0,726.0,708.54999,715.20001,1013272.0
2021-01-21 09:15:00,NSE:MFSL,730.5,751.79999,694.65002,704.70001,2812779.0
2021-01-22 09:15:00,NSE:MFSL,710.0,716.70001,697.0,702.09998,968159.0
2021-01-25 09:15:00,NSE:MFSL,705.5,710.0,680.75,698.04999,1431566.0
2021-01-27 09:15:00,NSE:MFSL,695.5,702.5,673.29999,682.09998,1477397.0
2021-01-28 09:15:00,NSE:MFSL,678.0,692.34998,670.0,673.65002,896352.0
2021-01-29 09:15:00,NSE:MFSL,677.0,692.75,670.65002,683.0,1065233.0
2021-02-01 09:15:00,NSE:MFSL,689.0,714.15002,659.09998,704.90002,3097002.0
2021-02-02 09:15:00,NSE:MFSL,709.90002,718.65002,686.70001,696.29999,1294020.0
2021-02-03 09:15:00,NSE:MFSL,698.0,706.70001,692.29999,700.65002,625616.0
2021-02-04 09:15:00,NSE:MFSL,701.0,724.75,695.5,718.95001,960212.0
2021-02-05 09:15:00,NSE:MFSL,725.0,727.40002,705.70001,715.79999,800166.0
2021-02-08 09:15:00,NSE:MFSL,718.04999,736.90002,715.15002,728.95001,771911.0
2021-02-09 09:15:00,NSE:MFSL,730.90002,750.79999,718.34998,738.04999,2105126.0
2021-02-10 09:15:00,NSE:MFSL,747.40002,798.95001,742.75,776.90002,7208761.0
2021-02-11 09:15:00,NSE:MFSL,778.0,831.65002,777.0,817.75,3253359.0
2021-02-12 09:15:00,NSE:MFSL,820.0,825.45001,804.0,809.40002,1208971.0
2021-02-15 09:15:00,NSE:MFSL,812.95001,847.79999,812.95001,818.79999,1792460.0
2021-02-16 09:15:00,NSE:MFSL,822.29999,859.84998,821.75,852.75,3555872.0
2021-02-17 09:15:00,NSE:MFSL,852.75,885.0,840.15002,868.09998,4085783.0
2021-02-18 09:15:00,NSE:MFSL,871.25,879.70001,858.34998,869.54999,1402706.0
2021-02-19 09:15:00,NSE:MFSL,867.0,870.0,829.04999,838.70001,1153212.0
2021-02-22 09:15:00,NSE:MFSL,844.0,871.59998,830.0,836.09998,2165552.0
2021-02-23 09:15:00,NSE:MFSL,839.0,861.95001,839.0,850.15002,2172253.0
2021-02-24 09:15:00,NSE:MFSL,850.0,935.15002,765.15002,852.70001,523675.0
2021-02-25 09:15:00,NSE:MFSL,909.40002,953.70001,885.34998,889.04999,6832524.0
2021-02-26 09:15:00,NSE:MFSL,877.0,883.70001,855.5,866.09998,1978817.0
2021-03-01 09:15:00,NSE:MFSL,868.0,897.65,858.75,861.1,1695818.0
2021-03-02 09:15:00,NSE:MFSL,868.9,906.0,868.0,892.95,2406331.0
2021-03-03 09:15:00,NSE:MFSL,904.0,939.7,901.1,923.95,2547802.0
2021-03-04 09:15:00,NSE:MFSL,915.25,929.0,905.15,915.55,834588.0
2021-03-05 09:15:00,NSE:MFSL,911.95,943.1,910.0,917.75,1901448.0
2021-03-08 09:15:00,NSE:MFSL,924.5,924.5,901.65,915.4,525304.0
2021-03-09 09:15:00,NSE:MFSL,919.0,930.0,911.25,915.15,730126.0
2021-03-10 09:15:00,NSE:MFSL,920.0,935.8,916.05,931.45,628524.0
2021-03-12 09:15:00,NSE:MFSL,944.55,944.55,888.05,892.8,980640.0
2021-03-15 09:15:00,NSE:MFSL,896.9,897.2,873.7,893.55,1193991.0
2021-03-16 09:15:00,NSE:MFSL,896.0,907.05,870.05,875.9,735304.0
2021-03-17 09:15:00,NSE:MFSL,877.9,877.9,851.95,862.4,764999.0
2021-03-18 09:15:00,NSE:MFSL,865.0,885.4,855.45,862.6,874610.0
2021-03-19 09:15:00,NSE:MFSL,853.2,867.05,845.2,859.95,2677566.0
2021-03-22 09:15:00,NSE:MFSL,861.0,864.15,840.9,845.05,650232.0
2021-03-23 09:15:00,NSE:MFSL,845.1,874.95,831.15,868.8,1129947.0
2021-03-24 09:15:00,NSE:MFSL,862.0,877.0,839.7,843.0,737348.0
2021-03-25 09:15:00,NSE:MFSL,843.0,857.95,832.9,846.65,720163.0
2021-03-26 09:15:00,NSE:MFSL,865.0,884.15,848.4,863.9,1616319.0
2021-03-30 09:15:00,NSE:MFSL,865.0,884.9,857.5,867.15,575841.0
2021-03-31 09:15:00,NSE:MFSL,868.1,877.15,854.15,859.45,823746.0
2021-04-01 09:15:00,NSE:MFSL,862.6,883.9,861.2,880.3,368923.0
2021-04-05 09:15:00,NSE:MFSL,874.1,877.0,851.45,870.05,748683.0
2021-04-06 09:15:00,NSE:MFSL,873.5,898.0,862.65,889.3,1355429.0
2021-04-07 09:15:00,NSE:MFSL,894.95,902.95,884.05,889.9,740186.0
2021-04-08 09:15:00,NSE:MFSL,891.0,909.75,888.45,893.85,734310.0
2021-04-09 09:15:00,NSE:MFSL,886.0,903.6,878.15,886.15,516847.0
2021-04-12 09:15:00,NSE:MFSL,875.0,876.0,838.15,849.3,516691.0
2021-04-13 09:15:00,NSE:MFSL,853.8,876.5,846.3,874.15,293386.0
2021-04-15 09:15:00,NSE:MFSL,875.0,881.8,852.25,876.45,426756.0
2021-04-16 09:15:00,NSE:MFSL,880.8,893.9,869.0,872.0,498017.0
2021-04-19 09:15:00,NSE:MFSL,864.1,864.1,845.65,858.2,356039.0
2021-04-20 09:15:00,NSE:MFSL,865.0,883.55,843.0,848.4,395434.0
2021-04-22 09:15:00,NSE:MFSL,841.6,859.45,834.0,854.35,395862.0
2021-04-23 09:15:00,NSE:MFSL,859.0,868.0,853.65,863.6,502189.0
2021-04-26 09:15:00,NSE:MFSL,867.4,891.2,856.6,881.85,728507.0
2021-04-27 09:15:00,NSE:MFSL,886.2,898.0,880.55,891.15,576252.0
2021-04-28 09:15:00,NSE:MFSL,891.15,931.65,891.15,919.5,660310.0
2021-04-29 09:15:00,NSE:MFSL,925.0,929.0,912.45,914.55,253990.0
2021-04-30 09:15:00,NSE:MFSL,915.4,919.7,890.25,895.9,669783.0
2021-05-03 09:15:00,NSE:MFSL,898.9,904.35,881.5,895.1,506876.0
2021-05-04 09:15:00,NSE:MFSL,900.0,921.2,890.3,896.7,310498.0
2021-05-05 09:15:00,NSE:MFSL,899.15,907.25,875.25,889.55,496453.0
2021-05-06 09:15:00,NSE:MFSL,892.9,951.3,891.05,931.45,1282486.0
2021-05-07 09:15:00,NSE:MFSL,935.0,940.25,911.0,916.7,552454.0
2021-05-10 09:15:00,NSE:MFSL,929.0,929.05,907.75,910.6,444429.0
2021-05-11 09:15:00,NSE:MFSL,910.6,921.5,904.4,918.05,292451.0
2021-05-12 09:15:00,NSE:MFSL,919.0,919.0,886.0,891.05,342530.0
2021-05-14 09:15:00,NSE:MFSL,899.4,900.0,865.45,881.5,297331.0
2021-05-17 09:15:00,NSE:MFSL,877.1,903.2,876.2,898.1,410173.0
2021-05-18 09:15:00,NSE:MFSL,896.25,905.55,885.25,890.2,370695.0
2021-05-19 09:15:00,NSE:MFSL,889.9,889.9,873.0,884.85,485493.0
2021-05-20 09:15:00,NSE:MFSL,888.0,893.4,875.95,884.35,235681.0
2021-05-21 09:15:00,NSE:MFSL,889.0,914.4,880.05,902.75,775770.0
2021-05-24 09:15:00,NSE:MFSL,914.9,914.9,895.75,900.35,372196.0
2021-05-25 09:15:00,NSE:MFSL,900.0,934.0,899.05,928.15,946774.0
2021-05-26 09:15:00,NSE:MFSL,937.05,964.8,925.55,934.3,2346723.0
2021-05-27 09:15:00,NSE:MFSL,934.0,958.75,926.45,943.1,1010666.0
2021-05-28 09:15:00,NSE:MFSL,943.0,960.0,930.5,935.25,773149.0
2021-05-31 09:15:00,NSE:MFSL,938.2,948.8,927.95,933.1,569105.0
2021-06-01 09:15:00,NSE:MFSL,933.1,942.8,928.9,936.45,322947.0
2021-06-02 09:15:00,NSE:MFSL,935.0,974.5,929.65,949.85,1279278.0
2021-06-03 09:15:00,NSE:MFSL,953.4,964.95,943.7,959.05,321898.0
2021-06-04 09:15:00,NSE:MFSL,967.85,986.0,952.1,958.0,1398765.0
2021-06-07 09:15:00,NSE:MFSL,961.0,1002.5,958.3,983.65,1648479.0
2021-06-08 09:15:00,NSE:MFSL,994.5,1027.3,975.1,1014.4,2804202.0
2021-06-09 09:15:00,NSE:MFSL,1039.0,1050.0,981.0,997.45,4508624.0
2021-06-10 09:15:00,NSE:MFSL,1009.45,1037.65,1009.4,1027.95,1856737.0
2021-06-11 09:15:00,NSE:MFSL,1030.0,1043.7,1005.55,1016.95,1132051.0
2021-06-14 09:15:00,NSE:MFSL,1020.85,1020.85,990.05,1000.6,983069.0
2021-06-15 09:15:00,NSE:MFSL,1010.2,1028.0,1002.0,1024.7,870593.0
2021-06-16 09:15:00,NSE:MFSL,1024.0,1044.05,1019.0,1022.15,1039422.0
2021-06-17 09:15:00,NSE:MFSL,1003.1,1039.4,986.65,1005.0,9939255.0
2021-06-18 09:15:00,NSE:MFSL,1003.0,1017.5,968.5,978.2,1624780.0
2021-06-21 09:15:00,NSE:MFSL,975.0,1025.6,963.45,1019.4,1331678.0
2021-06-22 09:15:00,NSE:MFSL,1024.25,1032.5,1002.0,1004.25,811505.0
2021-06-23 09:15:00,NSE:MFSL,1005.0,1020.0,1000.0,1015.55,569191.0
2021-06-24 09:15:00,NSE:MFSL,1014.0,1039.8,1010.1,1027.45,1006330.0
2021-06-25 09:15:00,NSE:MFSL,1029.3,1090.0,1024.05,1084.55,2168927.0
2021-06-28 09:15:00,NSE:MFSL,1089.0,1093.25,1063.6,1079.6,818595.0
2021-06-29 09:15:00,NSE:MFSL,1073.0,1097.55,1070.0,1079.5,979696.0
2021-06-30 09:15:00,NSE:MFSL,1085.0,1085.0,1057.35,1060.4,677206.0
2021-07-01 09:15:00,NSE:MFSL,1065.9,1074.85,1046.8,1050.6,306853.0
2021-07-02 09:15:00,NSE:MFSL,1051.0,1058.65,1032.4,1034.85,652655.0
2021-07-05 09:15:00,NSE:MFSL,1037.5,1042.5,1014.0,1031.25,960748.0
2021-07-06 09:15:00,NSE:MFSL,1035.0,1056.35,1032.15,1040.15,861383.0
2021-07-07 09:15:00,NSE:MFSL,1040.15,1059.8,1037.0,1051.45,606530.0
2021-07-08 09:15:00,NSE:MFSL,1040.8,1067.4,1040.8,1048.75,811327.0
2021-07-09 09:15:00,NSE:MFSL,1048.75,1079.1,1036.85,1077.25,664999.0
2021-07-12 09:15:00,NSE:MFSL,1080.0,1082.6,1064.1,1071.9,494502.0
2021-07-13 09:15:00,NSE:MFSL,1072.0,1083.0,1055.15,1078.85,805173.0
2021-07-14 09:15:00,NSE:MFSL,1076.5,1079.0,1064.2,1074.45,548232.0
2021-07-15 09:15:00,NSE:MFSL,1076.0,1091.0,1054.35,1058.75,723207.0
2021-07-16 09:15:00,NSE:MFSL,1067.9,1090.0,1058.0,1064.5,625948.0
2021-07-19 09:15:00,NSE:MFSL,1064.5,1071.25,1047.1,1065.0,365562.0
2021-07-20 09:15:00,NSE:MFSL,1067.75,1068.85,1035.1,1047.75,286154.0
