datetime,symbol,open,high,low,close,volume
2020-01-06 12:30:00,NSE:PERSISTENT,680.25,681.55,680.0,680.45,1608.0
2020-01-06 13:00:00,NSE:PERSISTENT,680.45,681.5,680.1,681.5,3119.0
2020-01-06 13:30:00,NSE:PERSISTENT,680.45,682.8,680.45,682.8,2016.0
2020-01-06 14:00:00,NSE:PERSISTENT,682.1,682.15,681.95,682.05,2730.0
2020-01-06 14:30:00,NSE:PERSISTENT,682.05,684.2,682.0,683.15,4923.0
2020-01-06 15:00:00,NSE:PERSISTENT,683.0,684.5,682.35,684.5,10072.0
2020-01-07 09:00:00,NSE:PERSISTENT,694.95,694.95,681.0,683.05,4677.0
2020-01-07 09:30:00,NSE:PERSISTENT,684.7,692.9,684.7,690.15,2030.0
2020-01-07 10:00:00,NSE:PERSISTENT,689.5,689.6,683.0,683.15,3544.0
2020-01-07 10:30:00,NSE:PERSISTENT,683.0,684.95,683.0,684.1,1616.0
2020-01-07 11:00:00,NSE:PERSISTENT,683.75,684.7,681.5,684.55,6406.0
2020-01-07 11:30:00,NSE:PERSISTENT,684.9,688.0,683.65,686.2,1758.0
2020-01-07 12:00:00,NSE:PERSISTENT,687.5,688.5,685.3,685.55,453.0
2020-01-07 12:30:00,NSE:PERSISTENT,686.3,686.3,683.0,684.6,1059.0
2020-01-07 13:00:00,NSE:PERSISTENT,684.6,685.15,683.6,684.5,1775.0
2020-01-07 13:30:00,NSE:PERSISTENT,684.5,686.95,683.0,683.6,2263.0
2020-01-07 14:00:00,NSE:PERSISTENT,683.7,684.0,682.0,683.95,11165.0
2020-01-07 14:30:00,NSE:PERSISTENT,684.0,684.2,682.9,683.85,1846.0
2020-01-07 15:00:00,NSE:PERSISTENT,683.85,684.6,681.0,681.45,5332.0
2020-01-07 15:30:00,NSE:PERSISTENT,681.5,681.5,681.5,681.5,1.0
2020-01-08 09:00:00,NSE:PERSISTENT,681.95,681.95,669.35,677.5,3776.0
2020-01-08 09:30:00,NSE:PERSISTENT,678.05,678.4,672.2,674.5,2876.0
2020-01-08 10:00:00,NSE:PERSISTENT,674.1,675.0,671.0,674.0,3448.0
2020-01-08 10:30:00,NSE:PERSISTENT,674.4,678.0,672.75,675.15,1391.0
2020-01-08 11:00:00,NSE:PERSISTENT,674.95,682.9,672.75,673.15,5020.0
2020-01-08 11:30:00,NSE:PERSISTENT,673.95,677.5,671.15,675.55,3598.0
2020-01-08 12:00:00,NSE:PERSISTENT,675.15,677.5,675.0,676.9,900.0
2020-01-08 12:30:00,NSE:PERSISTENT,676.9,677.5,676.0,677.5,799.0
2020-01-08 13:00:00,NSE:PERSISTENT,677.0,682.9,676.85,680.3,5028.0
2020-01-08 13:30:00,NSE:PERSISTENT,680.65,682.2,679.1,682.0,2869.0
2020-01-08 14:00:00,NSE:PERSISTENT,682.0,682.9,681.7,682.2,530.0
2020-01-08 14:30:00,NSE:PERSISTENT,682.6,682.85,680.6,681.8,1512.0
2020-01-08 15:00:00,NSE:PERSISTENT,681.6,686.1,681.05,682.9,4884.0
2020-01-09 09:00:00,NSE:PERSISTENT,694.0,694.0,683.3,686.95,1064.0
2020-01-09 09:30:00,NSE:PERSISTENT,687.1,690.95,685.1,685.5,1958.0
2020-01-09 10:00:00,NSE:PERSISTENT,685.5,693.95,683.0,686.75,4053.0
2020-01-09 10:30:00,NSE:PERSISTENT,686.75,689.0,686.55,689.0,863.0
2020-01-09 11:00:00,NSE:PERSISTENT,688.8,689.85,688.65,689.15,429.0
2020-01-09 11:30:00,NSE:PERSISTENT,688.05,688.05,685.05,687.5,982.0
2020-01-09 12:00:00,NSE:PERSISTENT,686.7,688.0,685.95,686.8,563.0
2020-01-09 12:30:00,NSE:PERSISTENT,686.8,688.0,686.0,686.0,874.0
2020-01-09 13:00:00,NSE:PERSISTENT,687.1,688.0,686.2,686.25,553.0
2020-01-09 13:30:00,NSE:PERSISTENT,686.3,686.85,686.0,686.55,858.0
2020-01-09 14:00:00,NSE:PERSISTENT,686.0,688.0,686.0,686.8,3794.0
2020-01-09 14:30:00,NSE:PERSISTENT,687.0,692.0,686.9,690.0,4384.0
2020-01-09 15:00:00,NSE:PERSISTENT,690.2,690.2,683.7,684.0,7099.0
2020-01-09 15:30:00,NSE:PERSISTENT,685.0,685.0,685.0,685.0,50.0
2020-01-10 09:00:00,NSE:PERSISTENT,692.0,692.0,683.3,684.0,1014.0
2020-01-10 09:30:00,NSE:PERSISTENT,683.7,698.6,683.0,696.0,5749.0
2020-01-10 10:00:00,NSE:PERSISTENT,695.9,697.9,694.4,697.4,6946.0
2020-01-10 10:30:00,NSE:PERSISTENT,697.35,697.8,693.3,694.15,12459.0
2020-01-10 11:00:00,NSE:PERSISTENT,694.15,694.45,690.5,691.4,2014.0
2020-01-10 11:30:00,NSE:PERSISTENT,691.4,694.45,690.95,692.8,1707.0
2020-01-10 12:00:00,NSE:PERSISTENT,693.2,693.2,686.45,688.8,1947.0
2020-01-10 12:30:00,NSE:PERSISTENT,688.65,689.95,687.9,688.2,893.0
2020-01-10 13:00:00,NSE:PERSISTENT,687.6,690.0,687.6,690.0,1107.0
2020-01-10 13:30:00,NSE:PERSISTENT,690.0,690.0,685.7,686.7,3096.0
2020-01-10 14:00:00,NSE:PERSISTENT,686.95,690.0,686.95,690.0,3827.0
2020-01-10 14:30:00,NSE:PERSISTENT,690.0,690.0,685.2,687.1,2928.0
2020-01-10 15:00:00,NSE:PERSISTENT,687.1,689.95,685.1,688.25,4377.0
2020-01-13 09:00:00,NSE:PERSISTENT,693.95,697.35,688.75,689.9,1402.0
2020-01-13 09:30:00,NSE:PERSISTENT,690.0,693.15,690.0,691.0,1790.0
2020-01-13 10:00:00,NSE:PERSISTENT,690.95,694.85,686.5,687.8,2206.0
2020-01-13 10:30:00,NSE:PERSISTENT,687.9,688.05,686.15,688.0,6847.0
2020-01-13 11:00:00,NSE:PERSISTENT,688.0,688.0,684.2,684.95,2161.0
2020-01-13 11:30:00,NSE:PERSISTENT,684.95,685.0,684.05,685.0,2364.0
2020-01-13 12:00:00,NSE:PERSISTENT,685.0,685.0,682.35,684.6,2567.0
2020-01-13 12:30:00,NSE:PERSISTENT,684.6,685.05,684.05,684.95,1099.0
2020-01-13 13:00:00,NSE:PERSISTENT,684.95,684.95,683.0,683.9,825.0
2020-01-13 13:30:00,NSE:PERSISTENT,684.05,684.55,683.3,684.3,316.0
2020-01-13 14:00:00,NSE:PERSISTENT,684.1,686.2,682.1,682.1,2721.0
2020-01-13 14:30:00,NSE:PERSISTENT,682.0,685.1,681.3,684.45,7795.0
2020-01-13 15:00:00,NSE:PERSISTENT,684.45,685.8,674.3,680.1,13027.0
2020-01-13 15:30:00,NSE:PERSISTENT,682.9,682.9,682.9,682.9,1.0
2020-01-14 09:00:00,NSE:PERSISTENT,683.0,691.05,683.0,684.95,797.0
2020-01-14 09:30:00,NSE:PERSISTENT,685.15,688.95,683.45,684.0,2997.0
2020-01-14 10:00:00,NSE:PERSISTENT,683.65,687.95,683.65,687.1,1356.0
2020-01-14 10:30:00,NSE:PERSISTENT,687.2,689.0,684.15,685.7,1728.0
2020-01-14 11:00:00,NSE:PERSISTENT,685.7,687.95,685.65,687.3,2651.0
2020-01-14 11:30:00,NSE:PERSISTENT,687.9,688.0,685.55,688.0,833.0
2020-01-14 12:00:00,NSE:PERSISTENT,688.0,688.0,686.05,687.6,662.0
2020-01-14 12:30:00,NSE:PERSISTENT,686.95,687.9,684.05,686.95,2089.0
2020-01-14 13:00:00,NSE:PERSISTENT,685.35,686.3,684.9,685.55,362.0
2020-01-14 13:30:00,NSE:PERSISTENT,685.85,687.55,685.65,686.55,681.0
2020-01-14 14:00:00,NSE:PERSISTENT,686.55,687.2,684.55,685.9,733.0
2020-01-14 14:30:00,NSE:PERSISTENT,685.95,686.0,684.55,685.85,1172.0
2020-01-14 15:00:00,NSE:PERSISTENT,685.95,689.0,680.4,688.65,4225.0
2020-01-14 15:30:00,NSE:PERSISTENT,684.05,684.05,684.05,684.05,288.0
2020-01-15 09:00:00,NSE:PERSISTENT,685.05,688.0,685.0,686.7,643.0
2020-01-15 09:30:00,NSE:PERSISTENT,686.7,703.9,686.1,701.3,18687.0
2020-01-15 10:00:00,NSE:PERSISTENT,701.3,703.0,699.1,700.95,19122.0
2020-01-15 10:30:00,NSE:PERSISTENT,700.95,701.95,700.05,701.8,4362.0
2020-01-15 11:00:00,NSE:PERSISTENT,701.8,707.0,701.5,705.7,17847.0
2020-01-15 11:30:00,NSE:PERSISTENT,705.85,710.3,705.25,707.05,21427.0
2020-01-15 12:00:00,NSE:PERSISTENT,706.95,707.0,702.15,705.5,11670.0
2020-01-15 12:30:00,NSE:PERSISTENT,705.5,706.95,704.5,705.5,15096.0
2020-01-15 13:00:00,NSE:PERSISTENT,705.05,706.45,703.0,706.45,25298.0
2020-01-15 13:30:00,NSE:PERSISTENT,706.05,706.5,701.65,705.05,6502.0
2020-01-15 14:00:00,NSE:PERSISTENT,705.05,706.15,705.0,706.0,3208.0
2020-01-15 14:30:00,NSE:PERSISTENT,706.75,707.0,705.15,706.0,2750.0
2020-01-15 15:00:00,NSE:PERSISTENT,705.85,712.0,705.0,706.85,16162.0
2020-01-16 09:00:00,NSE:PERSISTENT,712.0,715.0,707.5,708.85,5105.0
2020-01-16 09:30:00,NSE:PERSISTENT,709.0,711.95,708.85,710.75,2761.0
2020-01-16 10:00:00,NSE:PERSISTENT,710.35,715.0,710.0,713.0,5595.0
2020-01-16 10:30:00,NSE:PERSISTENT,713.15,714.0,710.0,710.0,1419.0
2020-01-16 11:00:00,NSE:PERSISTENT,709.7,711.4,706.55,707.6,3231.0
2020-01-16 11:30:00,NSE:PERSISTENT,706.65,708.25,705.0,705.0,12121.0
2020-01-16 12:00:00,NSE:PERSISTENT,705.5,705.8,704.85,705.05,7775.0
2020-01-16 12:30:00,NSE:PERSISTENT,705.05,707.2,705.0,707.2,1034.0
2020-01-16 13:00:00,NSE:PERSISTENT,707.8,708.7,705.05,706.7,1245.0
2020-01-16 13:30:00,NSE:PERSISTENT,705.8,706.8,705.0,706.8,783.0
2020-01-16 14:00:00,NSE:PERSISTENT,709.45,709.85,705.1,706.15,2084.0
2020-01-16 14:30:00,NSE:PERSISTENT,707.25,707.25,691.85,696.4,5623.0
2020-01-16 15:00:00,NSE:PERSISTENT,696.1,705.0,696.0,705.0,21473.0
2020-01-16 15:30:00,NSE:PERSISTENT,700.05,700.05,700.05,700.05,17.0
2020-01-17 09:00:00,NSE:PERSISTENT,712.5,712.5,700.5,705.6,920.0
2020-01-17 09:30:00,NSE:PERSISTENT,705.6,707.0,702.05,704.4,2628.0
2020-01-17 10:00:00,NSE:PERSISTENT,705.0,710.0,701.45,707.2,10664.0
2020-01-17 10:30:00,NSE:PERSISTENT,707.95,712.0,706.1,707.55,4195.0
2020-01-17 11:00:00,NSE:PERSISTENT,707.75,708.45,703.05,705.0,4481.0
2020-01-17 11:30:00,NSE:PERSISTENT,705.0,708.1,703.05,703.05,2558.0
2020-01-17 12:00:00,NSE:PERSISTENT,704.9,704.9,703.05,703.5,981.0
2020-01-17 12:30:00,NSE:PERSISTENT,703.5,705.5,703.4,703.65,4861.0
2020-01-17 13:00:00,NSE:PERSISTENT,703.3,704.25,703.3,704.0,851.0
2020-01-17 13:30:00,NSE:PERSISTENT,703.35,704.2,702.7,703.15,884.0
2020-01-17 14:00:00,NSE:PERSISTENT,703.15,704.0,702.4,703.5,1235.0
2020-01-17 14:30:00,NSE:PERSISTENT,702.4,703.55,702.4,702.9,2150.0
2020-01-17 15:00:00,NSE:PERSISTENT,702.9,704.6,702.75,703.0,9621.0
2020-01-17 15:30:00,NSE:PERSISTENT,703.35,703.35,703.35,703.35,10.0
2020-01-20 09:00:00,NSE:PERSISTENT,707.9,712.0,698.3,703.25,2834.0
2020-01-20 09:30:00,NSE:PERSISTENT,704.25,704.95,696.0,696.0,1732.0
2020-01-20 10:00:00,NSE:PERSISTENT,695.5,702.35,693.2,701.8,3584.0
2020-01-20 10:30:00,NSE:PERSISTENT,700.15,704.0,697.2,697.2,1695.0
2020-01-20 11:00:00,NSE:PERSISTENT,697.65,697.65,693.65,695.0,1147.0
2020-01-20 11:30:00,NSE:PERSISTENT,695.05,695.05,691.3,694.45,2554.0
2020-01-20 12:00:00,NSE:PERSISTENT,692.05,694.45,691.0,692.0,2638.0
2020-01-20 12:30:00,NSE:PERSISTENT,694.0,694.45,692.0,694.45,2040.0
2020-01-20 13:00:00,NSE:PERSISTENT,694.45,694.45,691.0,692.8,1321.0
2020-01-20 13:30:00,NSE:PERSISTENT,692.8,694.45,692.0,694.45,30227.0
2020-01-20 14:00:00,NSE:PERSISTENT,693.15,694.45,692.4,692.4,517.0
2020-01-20 14:30:00,NSE:PERSISTENT,694.45,699.9,691.65,697.95,33017.0
2020-01-20 15:00:00,NSE:PERSISTENT,698.0,709.6,695.6,708.9,8550.0
2020-01-20 15:30:00,NSE:PERSISTENT,702.25,702.25,702.25,702.25,1.0
2020-01-21 09:00:00,NSE:PERSISTENT,695.15,711.85,695.05,710.8,4003.0
2020-01-21 09:30:00,NSE:PERSISTENT,711.55,727.0,709.0,725.95,100066.0
2020-01-21 10:00:00,NSE:PERSISTENT,725.95,727.0,724.0,725.05,16578.0
2020-01-21 10:30:00,NSE:PERSISTENT,725.5,726.0,721.0,721.5,19248.0
2020-01-21 11:00:00,NSE:PERSISTENT,721.5,722.95,720.05,721.5,6955.0
2020-01-21 11:30:00,NSE:PERSISTENT,722.1,722.75,717.0,718.0,8919.0
2020-01-21 12:00:00,NSE:PERSISTENT,718.85,720.55,717.0,719.25,2815.0
2020-01-21 12:30:00,NSE:PERSISTENT,720.0,720.45,715.45,718.2,7057.0
2020-01-21 13:00:00,NSE:PERSISTENT,717.5,719.95,715.0,719.2,3562.0
2020-01-21 13:30:00,NSE:PERSISTENT,719.9,720.0,717.05,718.8,2450.0
2020-01-21 14:00:00,NSE:PERSISTENT,718.15,719.9,717.75,719.0,3347.0
2020-01-21 14:30:00,NSE:PERSISTENT,718.1,720.0,717.1,717.8,4235.0
2020-01-21 15:00:00,NSE:PERSISTENT,717.1,717.8,709.45,716.5,19841.0
2020-01-21 15:30:00,NSE:PERSISTENT,716.5,716.5,714.1,714.1,252.0
2020-01-22 09:00:00,NSE:PERSISTENT,716.0,734.9,716.0,733.65,22443.0
2020-01-22 09:30:00,NSE:PERSISTENT,733.65,736.0,729.0,734.0,74488.0
2020-01-22 10:00:00,NSE:PERSISTENT,733.05,735.1,728.0,729.0,71584.0
2020-01-22 10:30:00,NSE:PERSISTENT,729.7,729.95,728.0,729.9,6943.0
2020-01-22 11:00:00,NSE:PERSISTENT,729.8,730.0,729.0,729.95,7488.0
2020-01-22 11:30:00,NSE:PERSISTENT,729.8,730.0,728.0,728.4,5060.0
2020-01-22 12:00:00,NSE:PERSISTENT,729.15,730.0,729.0,729.95,5173.0
2020-01-22 12:30:00,NSE:PERSISTENT,729.75,730.0,729.0,729.5,5757.0
2020-01-22 13:00:00,NSE:PERSISTENT,729.25,729.5,726.05,728.0,6671.0
2020-01-22 13:30:00,NSE:PERSISTENT,727.0,728.5,726.0,727.6,4574.0
2020-01-22 14:00:00,NSE:PERSISTENT,727.5,728.3,726.0,726.85,11452.0
2020-01-22 14:30:00,NSE:PERSISTENT,726.95,727.85,724.0,725.25,6730.0
2020-01-22 15:00:00,NSE:PERSISTENT,725.55,730.0,723.35,729.5,27661.0
2020-01-22 15:30:00,NSE:PERSISTENT,726.15,726.15,726.15,726.15,100.0
2020-01-23 09:00:00,NSE:PERSISTENT,733.6,735.0,728.05,728.6,2199.0
2020-01-23 09:30:00,NSE:PERSISTENT,729.85,729.85,718.45,721.95,10753.0
2020-01-23 10:00:00,NSE:PERSISTENT,721.95,730.55,720.15,727.6,9608.0
2020-01-23 10:30:00,NSE:PERSISTENT,727.75,729.9,726.25,727.0,2837.0
2020-01-23 11:00:00,NSE:PERSISTENT,726.95,729.7,725.2,729.55,11619.0
2020-01-23 11:30:00,NSE:PERSISTENT,729.55,734.7,727.15,732.0,8625.0
2020-01-23 12:00:00,NSE:PERSISTENT,731.45,734.0,730.4,734.0,2167.0
2020-01-23 12:30:00,NSE:PERSISTENT,734.0,740.0,733.35,736.9,15689.0
2020-01-23 13:00:00,NSE:PERSISTENT,736.95,739.7,736.15,738.3,5272.0
2020-01-23 13:30:00,NSE:PERSISTENT,737.2,738.35,736.4,738.0,2238.0
2020-01-23 14:00:00,NSE:PERSISTENT,738.15,738.15,734.0,735.05,2235.0
2020-01-23 14:30:00,NSE:PERSISTENT,734.0,737.85,734.0,734.3,2277.0
2020-01-23 15:00:00,NSE:PERSISTENT,734.3,740.0,734.3,736.55,13114.0
2020-01-23 15:30:00,NSE:PERSISTENT,738.75,738.75,738.75,738.75,1.0
2020-01-24 09:00:00,NSE:PERSISTENT,738.75,738.75,730.2,730.95,2627.0
2020-01-24 09:30:00,NSE:PERSISTENT,731.0,738.2,730.25,732.35,5085.0
2020-01-24 10:00:00,NSE:PERSISTENT,731.55,733.1,730.2,730.3,5704.0
2020-01-24 10:30:00,NSE:PERSISTENT,730.25,730.3,725.0,726.0,2190.0
2020-01-24 11:00:00,NSE:PERSISTENT,725.35,729.4,723.05,725.6,30334.0
2020-01-24 11:30:00,NSE:PERSISTENT,726.1,728.95,724.85,727.0,6552.0
2020-01-24 12:00:00,NSE:PERSISTENT,726.95,726.95,726.0,726.55,781.0
2020-01-24 12:30:00,NSE:PERSISTENT,726.8,730.35,726.45,729.6,1937.0
2020-01-24 13:00:00,NSE:PERSISTENT,729.15,734.5,729.15,733.85,1390.0
2020-01-24 13:30:00,NSE:PERSISTENT,733.9,735.0,732.55,734.4,1897.0
2020-01-24 14:00:00,NSE:PERSISTENT,734.4,734.45,732.7,733.15,2957.0
2020-01-24 14:30:00,NSE:PERSISTENT,733.15,733.15,726.5,727.4,4131.0
2020-01-24 15:00:00,NSE:PERSISTENT,728.45,733.95,725.15,729.7,11548.0
2020-01-24 15:30:00,NSE:PERSISTENT,729.75,729.75,729.75,729.75,352.0
2020-01-27 09:00:00,NSE:PERSISTENT,722.5,729.75,720.85,727.0,5861.0
2020-01-27 09:30:00,NSE:PERSISTENT,725.25,727.0,720.1,721.4,6115.0
2020-01-27 10:00:00,NSE:PERSISTENT,721.0,722.75,717.7,718.75,4942.0
2020-01-27 10:30:00,NSE:PERSISTENT,719.0,720.0,716.0,718.0,6230.0
2020-01-27 11:00:00,NSE:PERSISTENT,718.0,718.0,716.0,716.1,1927.0
2020-01-27 11:30:00,NSE:PERSISTENT,716.7,716.75,715.1,716.0,3050.0
2020-01-27 12:00:00,NSE:PERSISTENT,716.15,719.0,716.05,717.8,7097.0
2020-01-27 12:30:00,NSE:PERSISTENT,717.8,717.95,714.65,715.0,2214.0
2020-01-27 13:00:00,NSE:PERSISTENT,715.05,717.95,715.0,716.85,1544.0
2020-01-27 13:30:00,NSE:PERSISTENT,716.5,717.4,715.2,716.25,1528.0
2020-01-27 14:00:00,NSE:PERSISTENT,716.2,716.2,708.0,708.0,13059.0
2020-01-27 14:30:00,NSE:PERSISTENT,708.7,717.8,703.2,717.45,37662.0
2020-01-27 15:00:00,NSE:PERSISTENT,716.7,726.0,716.7,726.0,36935.0
2020-01-27 15:30:00,NSE:PERSISTENT,721.65,721.65,721.65,721.65,1.0
2020-01-28 09:00:00,NSE:PERSISTENT,725.0,732.7,721.65,731.0,2165.0
2020-01-28 09:30:00,NSE:PERSISTENT,730.2,730.2,721.9,722.7,1928.0
2020-01-28 10:00:00,NSE:PERSISTENT,722.35,724.1,720.0,721.0,1525.0
2020-01-28 10:30:00,NSE:PERSISTENT,721.4,721.55,717.0,717.55,2113.0
2020-01-28 11:00:00,NSE:PERSISTENT,717.3,717.6,717.0,717.6,1233.0
2020-01-28 11:30:00,NSE:PERSISTENT,717.1,717.65,713.0,713.35,2371.0
2020-01-28 12:00:00,NSE:PERSISTENT,713.35,714.35,713.05,713.35,1729.0
2020-01-28 12:30:00,NSE:PERSISTENT,713.3,713.5,710.4,711.2,2244.0
2020-01-28 13:00:00,NSE:PERSISTENT,712.3,712.95,711.1,712.2,12351.0
2020-01-28 13:30:00,NSE:PERSISTENT,712.3,718.35,710.0,713.2,2953.0
2020-01-28 14:00:00,NSE:PERSISTENT,712.95,719.95,711.4,718.7,4737.0
2020-01-28 14:30:00,NSE:PERSISTENT,718.7,720.0,717.15,719.0,2502.0
2020-01-28 15:00:00,NSE:PERSISTENT,719.05,727.0,719.0,725.0,8864.0
2020-01-28 15:30:00,NSE:PERSISTENT,722.5,722.5,722.5,722.5,3.0
2020-01-29 09:00:00,NSE:PERSISTENT,728.6,737.0,728.05,729.4,2011.0
2020-01-29 09:30:00,NSE:PERSISTENT,730.1,730.1,717.4,721.8,3970.0
2020-01-29 10:00:00,NSE:PERSISTENT,721.9,723.3,718.45,720.0,2395.0
2020-01-29 10:30:00,NSE:PERSISTENT,719.55,720.95,712.6,714.95,3209.0
2020-01-29 11:00:00,NSE:PERSISTENT,715.7,716.8,713.55,714.45,4549.0
2020-01-29 11:30:00,NSE:PERSISTENT,715.9,717.6,713.95,716.7,3001.0
2020-01-29 12:00:00,NSE:PERSISTENT,716.7,716.7,708.0,708.6,10085.0
2020-01-29 12:30:00,NSE:PERSISTENT,708.0,712.0,708.0,710.0,4827.0
2020-01-29 13:00:00,NSE:PERSISTENT,710.0,710.9,709.05,710.9,1940.0
2020-01-29 13:30:00,NSE:PERSISTENT,711.0,711.0,703.25,708.7,5901.0
2020-01-29 14:00:00,NSE:PERSISTENT,707.5,709.95,705.0,705.0,3536.0
2020-01-29 14:30:00,NSE:PERSISTENT,706.0,708.6,700.1,702.75,8574.0
2020-01-29 15:00:00,NSE:PERSISTENT,703.1,707.45,694.15,696.6,9087.0
2020-01-29 15:30:00,NSE:PERSISTENT,697.95,697.95,697.95,697.95,2.0
2020-01-30 09:00:00,NSE:PERSISTENT,695.25,707.45,695.25,702.4,4437.0
2020-01-30 09:30:00,NSE:PERSISTENT,703.3,703.3,693.0,695.2,2257.0
2020-01-30 10:00:00,NSE:PERSISTENT,695.25,695.9,685.1,690.1,4368.0
2020-01-30 10:30:00,NSE:PERSISTENT,690.9,696.0,690.0,694.5,3322.0
2020-01-30 11:00:00,NSE:PERSISTENT,695.5,695.5,688.0,692.35,3588.0
2020-01-30 11:30:00,NSE:PERSISTENT,691.6,694.95,690.0,693.4,952.0
2020-01-30 12:00:00,NSE:PERSISTENT,692.7,693.95,690.05,690.85,609.0
2020-01-30 12:30:00,NSE:PERSISTENT,691.9,692.7,689.95,690.65,410.0
2020-01-30 13:00:00,NSE:PERSISTENT,690.55,690.7,689.35,690.0,851.0
2020-01-30 13:30:00,NSE:PERSISTENT,689.95,690.8,688.05,690.6,739.0
2020-01-30 14:00:00,NSE:PERSISTENT,690.65,692.95,687.0,689.5,2636.0
2020-01-30 14:30:00,NSE:PERSISTENT,689.55,692.0,688.0,689.65,5316.0
2020-01-30 15:00:00,NSE:PERSISTENT,689.65,692.0,680.6,692.0,12564.0
2020-01-30 15:30:00,NSE:PERSISTENT,689.15,689.15,689.15,689.15,1.0
2020-01-31 09:00:00,NSE:PERSISTENT,694.95,697.5,689.0,694.5,5939.0
2020-01-31 09:30:00,NSE:PERSISTENT,695.0,716.0,695.0,707.05,23508.0
2020-01-31 10:00:00,NSE:PERSISTENT,707.0,708.85,693.55,704.55,33303.0
2020-01-31 10:30:00,NSE:PERSISTENT,704.55,712.25,703.75,707.6,5578.0
2020-01-31 11:00:00,NSE:PERSISTENT,707.8,708.0,703.9,706.55,9975.0
2020-01-31 11:30:00,NSE:PERSISTENT,706.5,707.0,701.95,704.0,53259.0
2020-01-31 12:00:00,NSE:PERSISTENT,703.85,704.0,694.85,700.55,33994.0
2020-01-31 12:30:00,NSE:PERSISTENT,700.55,703.0,698.2,702.9,14209.0
2020-01-31 13:00:00,NSE:PERSISTENT,703.0,708.0,700.1,704.0,7467.0
2020-01-31 13:30:00,NSE:PERSISTENT,704.0,705.7,702.5,704.0,4527.0
2020-01-31 14:00:00,NSE:PERSISTENT,704.0,704.0,702.95,704.0,3328.0
2020-01-31 14:30:00,NSE:PERSISTENT,704.0,704.95,700.2,702.35,5863.0
2020-01-31 15:00:00,NSE:PERSISTENT,702.6,703.0,694.25,696.0,38308.0
2020-01-31 15:30:00,NSE:PERSISTENT,700.95,700.95,700.95,700.95,51.0
2020-02-01 09:00:00,NSE:PERSISTENT,701.0,714.5,700.05,701.35,1230.0
2020-02-01 09:30:00,NSE:PERSISTENT,701.15,701.95,691.1,696.7,3642.0
2020-02-01 10:00:00,NSE:PERSISTENT,696.0,703.0,696.0,703.0,3879.0
2020-02-01 10:30:00,NSE:PERSISTENT,703.0,704.0,700.75,702.5,619.0
2020-02-01 11:00:00,NSE:PERSISTENT,703.0,706.5,700.95,704.65,1035.0
2020-02-01 11:30:00,NSE:PERSISTENT,702.6,707.15,695.75,696.75,2240.0
2020-02-01 12:00:00,NSE:PERSISTENT,698.05,700.5,697.0,698.0,525.0
2020-02-01 12:30:00,NSE:PERSISTENT,698.05,707.5,698.05,699.8,764.0
2020-02-01 13:00:00,NSE:PERSISTENT,699.0,706.45,695.8,695.8,1473.0
2020-02-01 13:30:00,NSE:PERSISTENT,695.75,697.0,691.0,696.9,2941.0
2020-02-01 14:00:00,NSE:PERSISTENT,696.0,696.0,691.2,691.3,919.0
2020-02-01 14:30:00,NSE:PERSISTENT,694.3,721.95,692.65,712.2,16886.0
2020-02-01 15:00:00,NSE:PERSISTENT,711.0,713.95,700.0,703.0,15356.0
2020-02-01 15:30:00,NSE:PERSISTENT,708.8,708.8,708.8,708.8,2.0
2020-02-03 09:00:00,NSE:PERSISTENT,703.0,708.4,696.45,700.5,893.0
2020-02-03 09:30:00,NSE:PERSISTENT,699.5,699.5,690.65,691.0,2031.0
2020-02-03 10:00:00,NSE:PERSISTENT,691.0,697.35,691.0,696.2,1411.0
2020-02-03 10:30:00,NSE:PERSISTENT,696.2,703.85,695.65,703.0,2055.0
2020-02-03 11:00:00,NSE:PERSISTENT,704.0,706.8,698.8,702.25,1862.0
2020-02-03 11:30:00,NSE:PERSISTENT,701.35,704.75,697.0,703.0,1923.0
2020-02-03 12:00:00,NSE:PERSISTENT,703.0,703.5,698.45,702.3,2074.0
2020-02-03 12:30:00,NSE:PERSISTENT,702.3,702.95,700.3,701.25,1022.0
2020-02-03 13:00:00,NSE:PERSISTENT,701.25,702.3,700.3,700.55,589.0
2020-02-03 13:30:00,NSE:PERSISTENT,700.3,709.8,698.0,709.8,3766.0
2020-02-03 14:00:00,NSE:PERSISTENT,709.75,715.5,699.95,709.1,10186.0
2020-02-03 14:30:00,NSE:PERSISTENT,710.2,710.75,702.8,706.4,2464.0
2020-02-03 15:00:00,NSE:PERSISTENT,706.6,711.9,703.3,709.0,4405.0
2020-02-03 15:30:00,NSE:PERSISTENT,708.6,708.6,708.6,708.6,28.0
2020-02-04 09:00:00,NSE:PERSISTENT,709.0,725.45,708.95,721.0,5292.0
2020-02-04 09:30:00,NSE:PERSISTENT,720.15,720.5,715.0,719.0,3942.0
2020-02-04 10:00:00,NSE:PERSISTENT,719.5,719.7,716.55,717.15,1172.0
2020-02-04 10:30:00,NSE:PERSISTENT,717.0,719.25,713.7,715.25,46496.0
2020-02-04 11:00:00,NSE:PERSISTENT,715.25,717.6,713.0,714.0,1983.0
2020-02-04 11:30:00,NSE:PERSISTENT,714.0,717.35,710.0,716.5,4145.0
2020-02-04 12:00:00,NSE:PERSISTENT,716.35,716.35,712.0,713.55,2924.0
2020-02-04 12:30:00,NSE:PERSISTENT,714.05,714.1,708.35,709.5,3665.0
2020-02-04 13:00:00,NSE:PERSISTENT,709.5,711.3,709.0,710.8,4525.0
2020-02-04 13:30:00,NSE:PERSISTENT,710.7,715.0,710.15,713.6,2249.0
2020-02-04 14:00:00,NSE:PERSISTENT,714.25,718.0,712.75,718.0,2080.0
2020-02-04 14:30:00,NSE:PERSISTENT,718.0,718.35,712.35,716.25,2783.0
2020-02-04 15:00:00,NSE:PERSISTENT,717.5,720.0,712.25,714.0,5629.0
2020-02-05 09:00:00,NSE:PERSISTENT,724.9,724.9,716.05,718.3,1065.0
2020-02-05 09:30:00,NSE:PERSISTENT,719.0,719.0,710.0,710.0,1373.0
2020-02-05 10:00:00,NSE:PERSISTENT,709.0,709.75,702.3,702.5,4645.0
2020-02-05 10:30:00,NSE:PERSISTENT,700.1,704.55,700.1,704.45,1093.0
2020-02-05 11:00:00,NSE:PERSISTENT,704.75,706.55,703.5,706.45,2234.0
2020-02-05 11:30:00,NSE:PERSISTENT,706.45,706.55,705.0,706.45,106674.0
2020-02-05 12:00:00,NSE:PERSISTENT,706.4,712.0,705.0,709.9,14459.0
2020-02-05 12:30:00,NSE:PERSISTENT,710.0,712.95,708.85,711.35,5479.0
2020-02-05 13:00:00,NSE:PERSISTENT,711.0,712.35,711.0,712.35,1555.0
2020-02-05 13:30:00,NSE:PERSISTENT,711.55,712.35,711.0,711.9,2183.0
2020-02-05 14:00:00,NSE:PERSISTENT,711.9,711.95,711.0,711.05,3263.0
2020-02-05 14:30:00,NSE:PERSISTENT,711.0,711.8,711.0,711.3,2484.0
2020-02-05 15:00:00,NSE:PERSISTENT,711.3,718.0,711.0,711.1,13352.0
2020-02-05 15:30:00,NSE:PERSISTENT,714.2,714.2,714.2,714.2,1.0
2020-02-06 09:00:00,NSE:PERSISTENT,704.0,709.0,701.5,701.75,3203.0
2020-02-06 09:30:00,NSE:PERSISTENT,702.75,708.35,702.0,705.0,5658.0
2020-02-06 10:00:00,NSE:PERSISTENT,705.0,707.85,705.0,706.05,6320.0
2020-02-06 10:30:00,NSE:PERSISTENT,706.05,708.0,706.0,706.0,4810.0
2020-02-06 11:00:00,NSE:PERSISTENT,706.0,707.9,705.95,706.0,5382.0
2020-02-06 11:30:00,NSE:PERSISTENT,706.05,707.5,705.05,706.05,4957.0
2020-02-06 12:00:00,NSE:PERSISTENT,706.05,707.65,705.0,707.0,6239.0
2020-02-06 12:30:00,NSE:PERSISTENT,707.0,708.4,705.75,706.05,5068.0
2020-02-06 13:00:00,NSE:PERSISTENT,706.65,706.9,700.0,704.6,7673.0
2020-02-06 13:30:00,NSE:PERSISTENT,704.0,706.4,704.0,705.0,5244.0
2020-02-06 14:00:00,NSE:PERSISTENT,705.5,706.85,704.95,705.0,6501.0
2020-02-06 14:30:00,NSE:PERSISTENT,705.0,705.85,705.0,705.05,5526.0
2020-02-06 15:00:00,NSE:PERSISTENT,705.9,707.0,704.9,705.3,7875.0
2020-02-07 09:00:00,NSE:PERSISTENT,713.75,713.75,704.05,705.0,793.0
2020-02-07 09:30:00,NSE:PERSISTENT,706.0,706.95,701.45,701.95,679.0
2020-02-07 10:00:00,NSE:PERSISTENT,701.6,703.45,696.05,700.15,4553.0
2020-02-07 10:30:00,NSE:PERSISTENT,700.55,703.0,699.05,702.1,886.0
2020-02-07 11:00:00,NSE:PERSISTENT,700.1,702.0,700.05,700.3,126.0
2020-02-07 11:30:00,NSE:PERSISTENT,700.3,704.7,700.3,704.7,301.0
2020-02-07 12:00:00,NSE:PERSISTENT,704.65,706.35,703.65,706.35,706.0
2020-02-07 12:30:00,NSE:PERSISTENT,706.5,707.9,706.25,706.95,561.0
2020-02-07 13:00:00,NSE:PERSISTENT,706.3,706.65,705.25,705.25,176.0
2020-02-07 13:30:00,NSE:PERSISTENT,706.95,713.65,706.95,711.4,3938.0
2020-02-07 14:00:00,NSE:PERSISTENT,710.65,711.25,708.1,709.9,324.0
2020-02-07 14:30:00,NSE:PERSISTENT,709.5,709.9,705.0,706.0,735.0
2020-02-07 15:00:00,NSE:PERSISTENT,707.85,711.5,705.35,707.55,2405.0
2020-02-07 15:30:00,NSE:PERSISTENT,709.7,709.7,709.7,709.7,7.0
2020-02-10 09:00:00,NSE:PERSISTENT,710.0,710.0,699.05,701.4,663.0
2020-02-10 09:30:00,NSE:PERSISTENT,700.5,701.5,699.3,700.8,1419.0
2020-02-10 10:00:00,NSE:PERSISTENT,700.8,702.25,700.75,702.1,3815.0
2020-02-10 10:30:00,NSE:PERSISTENT,702.0,704.5,699.05,701.1,130520.0
2020-02-10 11:00:00,NSE:PERSISTENT,701.0,702.0,700.5,701.5,4416.0
2020-02-10 11:30:00,NSE:PERSISTENT,701.5,714.45,700.0,700.2,24203.0
2020-02-10 12:00:00,NSE:PERSISTENT,701.0,701.4,698.55,701.05,2087.0
2020-02-10 12:30:00,NSE:PERSISTENT,700.95,701.65,698.6,700.8,905.0
2020-02-10 13:00:00,NSE:PERSISTENT,699.6,701.6,698.6,699.9,767.0
2020-02-10 13:30:00,NSE:PERSISTENT,698.6,700.0,698.6,699.35,533.0
2020-02-10 14:00:00,NSE:PERSISTENT,698.7,701.0,698.7,701.0,726.0
2020-02-10 14:30:00,NSE:PERSISTENT,699.25,701.65,699.1,701.5,4873.0
2020-02-10 15:00:00,NSE:PERSISTENT,701.45,701.5,700.0,701.5,7984.0
2020-02-10 15:30:00,NSE:PERSISTENT,701.1,701.1,701.1,701.1,17.0
2020-02-11 09:00:00,NSE:PERSISTENT,707.95,708.0,700.3,701.6,1214.0
2020-02-11 09:30:00,NSE:PERSISTENT,701.0,701.35,698.0,701.0,1314.0
2020-02-11 10:00:00,NSE:PERSISTENT,700.65,701.35,699.1,700.0,1493.0
2020-02-11 10:30:00,NSE:PERSISTENT,700.5,701.0,699.5,700.95,318.0
2020-02-11 11:00:00,NSE:PERSISTENT,700.4,701.3,698.65,699.95,3665.0
2020-02-11 11:30:00,NSE:PERSISTENT,699.6,700.85,699.15,699.85,8318.0
2020-02-11 12:00:00,NSE:PERSISTENT,699.85,700.5,696.1,696.7,7719.0
2020-02-11 12:30:00,NSE:PERSISTENT,696.7,697.15,685.1,686.9,7641.0
2020-02-11 13:00:00,NSE:PERSISTENT,686.9,688.8,686.05,687.0,6678.0
2020-02-11 13:30:00,NSE:PERSISTENT,687.0,696.95,686.2,695.05,2098.0
2020-02-11 14:00:00,NSE:PERSISTENT,695.05,699.25,695.0,695.25,5581.0
2020-02-11 14:30:00,NSE:PERSISTENT,696.25,697.95,695.4,697.0,1645.0
2020-02-11 15:00:00,NSE:PERSISTENT,697.25,701.5,697.25,700.0,9270.0
2020-02-12 09:00:00,NSE:PERSISTENT,708.7,708.7,695.55,697.3,564.0
2020-02-12 09:30:00,NSE:PERSISTENT,697.3,697.3,691.0,691.6,1575.0
2020-02-12 10:00:00,NSE:PERSISTENT,691.3,694.95,688.2,694.95,5008.0
2020-02-12 10:30:00,NSE:PERSISTENT,694.95,700.0,693.95,699.75,11608.0
2020-02-12 11:00:00,NSE:PERSISTENT,699.7,700.0,698.65,700.0,4845.0
2020-02-12 11:30:00,NSE:PERSISTENT,700.0,701.9,699.4,700.1,12057.0
2020-02-12 12:00:00,NSE:PERSISTENT,700.1,701.25,700.0,700.65,311.0
2020-02-12 12:30:00,NSE:PERSISTENT,700.65,701.0,699.9,700.0,1370.0
2020-02-12 13:00:00,NSE:PERSISTENT,700.0,701.0,699.0,700.0,26042.0
2020-02-12 13:30:00,NSE:PERSISTENT,700.0,700.4,699.1,699.55,4573.0
2020-02-12 14:00:00,NSE:PERSISTENT,699.5,700.25,699.0,700.0,8932.0
2020-02-12 14:30:00,NSE:PERSISTENT,700.0,700.25,699.0,700.0,6589.0
2020-02-12 15:00:00,NSE:PERSISTENT,700.0,701.0,699.15,700.0,32269.0
2020-02-13 09:00:00,NSE:PERSISTENT,690.1,707.95,690.1,698.0,352.0
2020-02-13 09:30:00,NSE:PERSISTENT,698.0,699.15,693.0,693.05,919.0
2020-02-13 10:00:00,NSE:PERSISTENT,693.3,699.55,690.9,692.65,2079.0
2020-02-13 10:30:00,NSE:PERSISTENT,693.5,699.95,693.5,699.95,9295.0
2020-02-13 11:00:00,NSE:PERSISTENT,699.95,700.65,699.0,700.0,1090.0
2020-02-13 11:30:00,NSE:PERSISTENT,700.25,701.95,699.65,701.1,1073.0
2020-02-13 12:00:00,NSE:PERSISTENT,701.95,701.95,700.05,701.75,1437.0
2020-02-13 12:30:00,NSE:PERSISTENT,701.75,702.0,699.25,701.35,39754.0
2020-02-13 13:00:00,NSE:PERSISTENT,701.3,701.5,700.0,701.3,2375.0
2020-02-13 13:30:00,NSE:PERSISTENT,701.3,701.6,700.2,701.15,1840.0
2020-02-13 14:00:00,NSE:PERSISTENT,701.0,701.55,700.0,701.0,5134.0
2020-02-13 14:30:00,NSE:PERSISTENT,701.55,701.55,700.0,700.55,2703.0
2020-02-13 15:00:00,NSE:PERSISTENT,701.3,701.75,698.9,699.0,6998.0
2020-02-13 15:30:00,NSE:PERSISTENT,701.15,701.15,701.15,701.15,5.0
2020-02-14 09:00:00,NSE:PERSISTENT,700.95,700.95,698.05,700.05,661.0
2020-02-14 09:30:00,NSE:PERSISTENT,700.9,701.0,699.95,701.0,1487.0
2020-02-14 10:00:00,NSE:PERSISTENT,701.0,701.15,697.95,700.7,3396.0
2020-02-14 10:30:00,NSE:PERSISTENT,700.7,701.0,698.85,700.25,4065.0
2020-02-14 11:00:00,NSE:PERSISTENT,700.2,701.95,700.15,701.05,6933.0
2020-02-14 11:30:00,NSE:PERSISTENT,701.05,701.75,699.05,700.0,11682.0
2020-02-14 12:00:00,NSE:PERSISTENT,700.0,701.2,699.35,700.1,3669.0
2020-02-14 12:30:00,NSE:PERSISTENT,700.15,700.95,696.6,699.9,5044.0
2020-02-14 13:00:00,NSE:PERSISTENT,699.9,701.0,698.85,700.95,2258.0
2020-02-14 13:30:00,NSE:PERSISTENT,701.0,701.5,699.25,701.5,1319.0
2020-02-14 14:00:00,NSE:PERSISTENT,701.5,702.55,701.15,702.0,2985.0
2020-02-14 14:30:00,NSE:PERSISTENT,702.05,702.65,701.0,702.0,18444.0
2020-02-14 15:00:00,NSE:PERSISTENT,702.0,702.25,700.2,701.65,6873.0
2020-02-17 09:00:00,NSE:PERSISTENT,694.15,704.85,694.15,701.75,1346.0
2020-02-17 09:30:00,NSE:PERSISTENT,701.35,703.0,700.3,702.0,101368.0
2020-02-17 10:00:00,NSE:PERSISTENT,701.55,701.8,699.95,701.1,17897.0
2020-02-17 10:30:00,NSE:PERSISTENT,701.1,701.8,701.0,701.5,2021.0
2020-02-17 11:00:00,NSE:PERSISTENT,701.15,701.9,700.55,701.5,19813.0
2020-02-17 11:30:00,NSE:PERSISTENT,701.15,701.5,700.45,701.5,1222.0
2020-02-17 12:00:00,NSE:PERSISTENT,701.5,702.0,701.0,701.1,1406.0
2020-02-17 12:30:00,NSE:PERSISTENT,701.15,701.95,700.4,701.5,4060.0
2020-02-17 13:00:00,NSE:PERSISTENT,701.5,701.95,701.0,701.85,30123.0
2020-02-17 13:30:00,NSE:PERSISTENT,701.85,701.9,699.65,701.85,3997.0
2020-02-17 14:00:00,NSE:PERSISTENT,701.1,701.9,699.55,700.95,4268.0
2020-02-17 14:30:00,NSE:PERSISTENT,700.95,701.8,700.45,701.45,3945.0
2020-02-17 15:00:00,NSE:PERSISTENT,701.45,701.5,699.8,699.8,2462.0
2020-02-18 09:00:00,NSE:PERSISTENT,700.0,700.8,696.15,700.8,429.0
2020-02-18 09:30:00,NSE:PERSISTENT,700.35,701.05,699.15,700.7,1402.0
2020-02-18 10:00:00,NSE:PERSISTENT,700.7,700.75,696.9,700.1,8178.0
2020-02-18 10:30:00,NSE:PERSISTENT,700.1,700.65,695.85,699.95,4480.0
2020-02-18 11:00:00,NSE:PERSISTENT,700.1,700.7,699.9,700.15,1697.0
2020-02-18 11:30:00,NSE:PERSISTENT,700.1,701.5,699.4,701.5,6837.0
2020-02-18 12:00:00,NSE:PERSISTENT,701.45,701.5,701.1,701.5,1600.0
2020-02-18 12:30:00,NSE:PERSISTENT,701.5,701.5,700.05,701.5,3617.0
2020-02-18 13:00:00,NSE:PERSISTENT,701.45,701.5,700.7,701.5,1530.0
2020-02-18 13:30:00,NSE:PERSISTENT,701.45,701.5,699.75,701.45,3751.0
2020-02-18 14:00:00,NSE:PERSISTENT,701.0,701.5,699.15,701.5,7685.0
2020-02-18 14:30:00,NSE:PERSISTENT,701.5,701.5,699.1,700.85,7972.0
2020-02-18 15:00:00,NSE:PERSISTENT,701.0,713.6,700.85,704.95,19237.0
2020-02-18 15:30:00,NSE:PERSISTENT,705.0,705.0,705.0,705.0,196.0
2020-02-19 09:00:00,NSE:PERSISTENT,705.15,722.0,696.55,707.6,2542.0
2020-02-19 09:30:00,NSE:PERSISTENT,707.85,715.0,706.15,711.1,4069.0
2020-02-19 10:00:00,NSE:PERSISTENT,710.85,714.5,710.0,713.35,6283.0
2020-02-19 10:30:00,NSE:PERSISTENT,713.7,714.0,712.45,713.45,1874.0
2020-02-19 11:00:00,NSE:PERSISTENT,713.95,714.0,710.25,712.85,1487.0
2020-02-19 11:30:00,NSE:PERSISTENT,712.85,713.1,710.8,712.1,922.0
2020-02-19 12:00:00,NSE:PERSISTENT,712.1,713.1,711.85,712.65,1205.0
2020-02-19 12:30:00,NSE:PERSISTENT,712.65,713.45,712.65,713.0,697.0
2020-02-19 13:00:00,NSE:PERSISTENT,713.0,714.0,713.0,714.0,481.0
2020-02-19 13:30:00,NSE:PERSISTENT,714.0,714.0,713.55,713.55,393.0
2020-02-19 14:00:00,NSE:PERSISTENT,713.55,713.7,713.0,713.6,2545.0
2020-02-19 14:30:00,NSE:PERSISTENT,713.6,721.5,713.2,719.9,9007.0
2020-02-19 15:00:00,NSE:PERSISTENT,720.0,721.45,714.0,716.6,6962.0
2020-02-19 15:30:00,NSE:PERSISTENT,718.6,718.6,718.6,718.6,1.0
2020-02-20 09:00:00,NSE:PERSISTENT,714.95,715.9,710.1,715.9,487.0
2020-02-20 09:30:00,NSE:PERSISTENT,714.85,719.95,714.85,716.85,1695.0
2020-02-20 10:00:00,NSE:PERSISTENT,717.95,717.95,712.25,713.8,2057.0
2020-02-20 10:30:00,NSE:PERSISTENT,712.85,714.0,710.0,711.0,2541.0
2020-02-20 11:00:00,NSE:PERSISTENT,711.4,713.25,710.05,713.2,1770.0
2020-02-20 11:30:00,NSE:PERSISTENT,713.2,717.0,713.1,716.95,3380.0
2020-02-20 12:00:00,NSE:PERSISTENT,717.7,717.7,714.9,715.45,1514.0
2020-02-20 12:30:00,NSE:PERSISTENT,715.0,716.55,710.75,716.55,7105.0
2020-02-20 13:00:00,NSE:PERSISTENT,716.55,721.55,716.55,721.0,5132.0
2020-02-20 13:30:00,NSE:PERSISTENT,721.0,721.3,715.55,716.2,3030.0
2020-02-20 14:00:00,NSE:PERSISTENT,716.2,718.8,714.2,714.7,4203.0
2020-02-20 14:30:00,NSE:PERSISTENT,715.7,718.0,714.75,716.15,1625.0
2020-02-20 15:00:00,NSE:PERSISTENT,716.35,719.45,715.65,717.0,6856.0
2020-02-20 15:30:00,NSE:PERSISTENT,717.0,717.15,717.0,717.15,30.0
2020-02-24 09:00:00,NSE:PERSISTENT,719.0,720.2,711.1,718.45,3923.0
2020-02-24 09:30:00,NSE:PERSISTENT,718.55,726.75,717.05,725.0,16278.0
2020-02-24 10:00:00,NSE:PERSISTENT,725.0,734.0,724.25,726.85,12513.0
2020-02-24 10:30:00,NSE:PERSISTENT,726.85,730.0,723.8,727.75,10269.0
2020-02-24 11:00:00,NSE:PERSISTENT,728.15,728.15,726.1,726.3,2268.0
2020-02-24 11:30:00,NSE:PERSISTENT,726.7,726.7,723.5,725.1,2877.0
2020-02-24 12:00:00,NSE:PERSISTENT,725.0,726.3,724.0,725.0,4165.0
2020-02-24 12:30:00,NSE:PERSISTENT,725.0,726.3,724.05,725.25,1170.0
2020-02-24 13:00:00,NSE:PERSISTENT,725.85,725.85,724.0,724.25,2322.0
2020-02-24 13:30:00,NSE:PERSISTENT,724.35,726.05,723.25,724.0,2716.0
2020-02-24 14:00:00,NSE:PERSISTENT,724.35,725.0,723.6,724.85,1735.0
2020-02-24 14:30:00,NSE:PERSISTENT,724.85,725.55,718.65,724.6,5392.0
2020-02-24 15:00:00,NSE:PERSISTENT,724.8,726.95,715.15,719.95,16465.0
2020-02-24 15:30:00,NSE:PERSISTENT,721.45,721.45,721.45,721.45,2.0
2020-02-25 09:00:00,NSE:PERSISTENT,719.0,724.9,719.0,722.45,1109.0
2020-02-25 09:30:00,NSE:PERSISTENT,722.45,723.05,720.0,721.1,1348.0
2020-02-25 10:00:00,NSE:PERSISTENT,721.2,721.25,711.25,711.3,17212.0
2020-02-25 10:30:00,NSE:PERSISTENT,711.5,717.0,711.3,714.5,1213.0
2020-02-25 11:00:00,NSE:PERSISTENT,714.1,714.1,704.35,706.15,1383.0
2020-02-25 11:30:00,NSE:PERSISTENT,706.35,713.7,705.3,712.25,2152.0
2020-02-25 12:00:00,NSE:PERSISTENT,712.3,714.25,708.8,712.75,2689.0
2020-02-25 12:30:00,NSE:PERSISTENT,713.85,713.85,710.45,713.0,723.0
2020-02-25 13:00:00,NSE:PERSISTENT,713.0,713.7,712.0,713.65,504.0
2020-02-25 13:30:00,NSE:PERSISTENT,713.45,713.45,712.0,712.9,558.0
2020-02-25 14:00:00,NSE:PERSISTENT,713.95,716.45,712.0,712.0,3391.0
2020-02-25 14:30:00,NSE:PERSISTENT,712.0,719.1,711.3,713.45,10945.0
2020-02-25 15:00:00,NSE:PERSISTENT,713.95,719.8,712.0,712.35,11951.0
2020-02-26 09:00:00,NSE:PERSISTENT,702.0,713.5,702.0,712.25,3137.0
2020-02-26 09:30:00,NSE:PERSISTENT,710.3,713.4,706.85,713.35,6026.0
2020-02-26 10:00:00,NSE:PERSISTENT,713.3,716.9,711.8,714.55,3181.0
2020-02-26 10:30:00,NSE:PERSISTENT,716.15,723.6,714.9,719.2,7048.0
2020-02-26 11:00:00,NSE:PERSISTENT,719.25,721.0,717.45,720.85,2226.0
2020-02-26 11:30:00,NSE:PERSISTENT,720.4,722.8,715.35,716.65,5427.0
2020-02-26 12:00:00,NSE:PERSISTENT,716.65,720.0,716.0,718.9,2605.0
2020-02-26 12:30:00,NSE:PERSISTENT,718.35,718.35,716.0,717.65,1904.0
2020-02-26 13:00:00,NSE:PERSISTENT,717.8,719.0,717.0,718.3,3768.0
2020-02-26 13:30:00,NSE:PERSISTENT,718.3,718.85,716.3,716.35,1609.0
2020-02-26 14:00:00,NSE:PERSISTENT,716.65,718.15,716.0,716.4,1094.0
2020-02-26 14:30:00,NSE:PERSISTENT,716.8,719.5,716.0,716.95,1808.0
2020-02-26 15:00:00,NSE:PERSISTENT,717.15,722.0,715.3,720.0,5436.0
2020-02-26 15:30:00,NSE:PERSISTENT,720.65,720.65,720.65,720.65,196.0
2020-02-27 09:00:00,NSE:PERSISTENT,708.15,713.8,696.15,706.7,6409.0
2020-02-27 09:30:00,NSE:PERSISTENT,705.05,706.55,701.0,704.6,7328.0
2020-02-27 10:00:00,NSE:PERSISTENT,706.25,712.0,703.55,709.9,5697.0
2020-02-27 10:30:00,NSE:PERSISTENT,709.95,709.95,703.6,705.6,4702.0
2020-02-27 11:00:00,NSE:PERSISTENT,705.25,711.6,704.85,710.65,2858.0
2020-02-27 11:30:00,NSE:PERSISTENT,711.0,711.0,706.1,709.1,4803.0
2020-02-27 12:00:00,NSE:PERSISTENT,709.3,710.95,707.25,710.3,1772.0
2020-02-27 12:30:00,NSE:PERSISTENT,710.55,710.55,710.0,710.0,1314.0
2020-02-27 13:00:00,NSE:PERSISTENT,710.0,710.8,710.0,710.7,825.0
2020-02-27 13:30:00,NSE:PERSISTENT,710.9,711.9,710.0,711.2,701.0
2020-02-27 14:00:00,NSE:PERSISTENT,711.7,714.5,710.0,711.1,2834.0
2020-02-27 14:30:00,NSE:PERSISTENT,711.0,712.2,710.0,710.0,13778.0
2020-02-27 15:00:00,NSE:PERSISTENT,710.25,725.55,710.0,711.0,23633.0
2020-02-28 09:00:00,NSE:PERSISTENT,706.1,706.1,686.0,689.0,5353.0
2020-02-28 09:30:00,NSE:PERSISTENT,689.25,689.8,671.0,676.9,10481.0
2020-02-28 10:00:00,NSE:PERSISTENT,677.0,686.0,675.15,684.45,5087.0
2020-02-28 10:30:00,NSE:PERSISTENT,685.4,689.3,683.8,686.0,2555.0
2020-02-28 11:00:00,NSE:PERSISTENT,685.95,690.0,684.7,688.4,2044.0
2020-02-28 11:30:00,NSE:PERSISTENT,688.4,691.4,685.0,686.9,3001.0
2020-02-28 12:00:00,NSE:PERSISTENT,687.45,692.2,685.15,691.15,6083.0
2020-02-28 12:30:00,NSE:PERSISTENT,692.15,699.0,692.15,698.55,5805.0
2020-02-28 13:00:00,NSE:PERSISTENT,698.5,698.6,694.65,696.0,3779.0
2020-02-28 13:30:00,NSE:PERSISTENT,697.35,698.0,691.95,694.05,11852.0
2020-02-28 14:00:00,NSE:PERSISTENT,694.0,697.55,693.1,696.0,8413.0
2020-02-28 14:30:00,NSE:PERSISTENT,696.2,698.4,692.4,696.0,13660.0
2020-02-28 15:00:00,NSE:PERSISTENT,696.2,698.9,696.0,696.0,11663.0
2020-03-02 09:00:00,NSE:PERSISTENT,700.0,700.0,687.05,689.8,3488.0
2020-03-02 09:30:00,NSE:PERSISTENT,689.75,696.8,686.0,695.9,4526.0
2020-03-02 10:00:00,NSE:PERSISTENT,695.2,696.3,692.0,695.25,2641.0
2020-03-02 10:30:00,NSE:PERSISTENT,695.8,699.0,694.95,697.05,1616.0
2020-03-02 11:00:00,NSE:PERSISTENT,697.4,699.0,695.05,696.55,311.0
2020-03-02 11:30:00,NSE:PERSISTENT,696.1,699.9,695.0,699.9,1533.0
2020-03-02 12:00:00,NSE:PERSISTENT,699.85,720.0,698.25,715.15,16435.0
2020-03-02 12:30:00,NSE:PERSISTENT,715.15,716.95,711.0,713.15,3004.0
2020-03-02 13:00:00,NSE:PERSISTENT,713.15,717.95,711.1,716.25,4436.0
2020-03-02 13:30:00,NSE:PERSISTENT,716.1,716.7,711.55,714.25,3712.0
2020-03-02 14:00:00,NSE:PERSISTENT,712.55,713.95,707.8,710.1,2212.0
2020-03-02 14:30:00,NSE:PERSISTENT,710.15,710.15,699.05,703.0,26411.0
2020-03-02 15:00:00,NSE:PERSISTENT,701.7,701.7,695.0,701.0,14397.0
2020-03-02 15:30:00,NSE:PERSISTENT,698.75,698.75,698.75,698.75,7.0
2020-03-03 09:00:00,NSE:PERSISTENT,699.0,713.8,699.0,708.0,981.0
2020-03-03 09:30:00,NSE:PERSISTENT,707.6,708.0,700.5,702.5,3492.0
2020-03-03 10:00:00,NSE:PERSISTENT,702.55,703.0,692.4,696.75,3267.0
2020-03-03 10:30:00,NSE:PERSISTENT,695.7,701.0,694.35,701.0,1245.0
2020-03-03 11:00:00,NSE:PERSISTENT,701.0,701.0,698.65,699.35,689.0
2020-03-03 11:30:00,NSE:PERSISTENT,699.45,701.0,698.8,699.45,2187.0
2020-03-03 12:00:00,NSE:PERSISTENT,699.45,706.0,698.45,705.95,4545.0
2020-03-03 12:30:00,NSE:PERSISTENT,706.0,710.0,705.65,707.95,3226.0
2020-03-03 13:00:00,NSE:PERSISTENT,708.0,708.0,702.0,706.85,4042.0
2020-03-03 13:30:00,NSE:PERSISTENT,706.25,707.9,704.95,706.9,1530.0
2020-03-03 14:00:00,NSE:PERSISTENT,705.9,706.9,704.5,704.5,1815.0
2020-03-03 14:30:00,NSE:PERSISTENT,705.5,707.0,702.15,707.0,3889.0
2020-03-03 15:00:00,NSE:PERSISTENT,705.5,710.0,705.05,710.0,16860.0
2020-03-04 09:00:00,NSE:PERSISTENT,707.95,713.75,697.6,701.35,749.0
2020-03-04 09:30:00,NSE:PERSISTENT,701.65,705.9,701.05,704.15,3584.0
2020-03-04 10:00:00,NSE:PERSISTENT,704.0,704.9,699.05,699.6,1543.0
2020-03-04 10:30:00,NSE:PERSISTENT,699.55,702.5,688.0,692.2,3513.0
2020-03-04 11:00:00,NSE:PERSISTENT,693.45,693.45,688.35,689.25,2249.0
2020-03-04 11:30:00,NSE:PERSISTENT,689.25,702.7,688.2,700.0,16086.0
2020-03-04 12:00:00,NSE:PERSISTENT,700.0,705.4,699.9,704.95,4861.0
2020-03-04 12:30:00,NSE:PERSISTENT,705.5,707.0,704.55,705.0,3059.0
2020-03-04 13:00:00,NSE:PERSISTENT,705.0,705.75,702.4,705.3,1692.0
2020-03-04 13:30:00,NSE:PERSISTENT,705.35,707.0,704.0,705.9,1642.0
2020-03-04 14:00:00,NSE:PERSISTENT,705.4,706.35,703.3,705.25,1494.0
2020-03-04 14:30:00,NSE:PERSISTENT,705.2,705.85,703.2,705.55,2730.0
2020-03-04 15:00:00,NSE:PERSISTENT,705.55,708.0,700.05,702.35,3273.0
2020-03-04 15:30:00,NSE:PERSISTENT,704.7,704.7,704.7,704.7,5.0
2020-03-05 09:00:00,NSE:PERSISTENT,705.1,711.25,696.35,696.95,3574.0
2020-03-05 09:30:00,NSE:PERSISTENT,697.0,698.0,693.95,696.65,6132.0
2020-03-05 10:00:00,NSE:PERSISTENT,696.5,704.0,696.5,704.0,5229.0
2020-03-05 10:30:00,NSE:PERSISTENT,704.5,706.0,701.95,705.7,3235.0
2020-03-05 11:00:00,NSE:PERSISTENT,705.0,709.9,705.0,707.35,3570.0
2020-03-05 11:30:00,NSE:PERSISTENT,707.8,708.3,705.0,706.75,542.0
2020-03-05 12:00:00,NSE:PERSISTENT,707.45,710.0,706.35,707.05,2458.0
2020-03-05 12:30:00,NSE:PERSISTENT,707.0,707.0,705.0,705.95,575.0
2020-03-05 13:00:00,NSE:PERSISTENT,706.0,709.5,705.55,709.5,2615.0
2020-03-05 13:30:00,NSE:PERSISTENT,709.45,710.0,706.7,708.0,2171.0
2020-03-05 14:00:00,NSE:PERSISTENT,707.5,708.3,702.2,707.0,5037.0
2020-03-05 14:30:00,NSE:PERSISTENT,708.25,708.25,705.0,705.7,2419.0
2020-03-05 15:00:00,NSE:PERSISTENT,705.6,708.3,704.35,705.0,6817.0
2020-03-06 09:00:00,NSE:PERSISTENT,694.0,699.0,686.25,694.75,2195.0
2020-03-06 09:30:00,NSE:PERSISTENT,692.65,697.0,687.65,694.8,5473.0
2020-03-06 10:00:00,NSE:PERSISTENT,694.4,698.0,691.0,692.35,776.0
2020-03-06 10:30:00,NSE:PERSISTENT,692.85,697.8,692.0,695.0,7154.0
2020-03-06 11:00:00,NSE:PERSISTENT,695.0,697.0,692.0,695.0,2069.0
2020-03-06 11:30:00,NSE:PERSISTENT,694.7,701.3,689.6,700.05,4547.0
2020-03-06 12:00:00,NSE:PERSISTENT,700.75,700.85,692.65,699.15,3303.0
2020-03-06 12:30:00,NSE:PERSISTENT,698.5,699.9,696.8,697.95,692.0
2020-03-06 13:00:00,NSE:PERSISTENT,698.45,698.55,696.05,697.7,239.0
2020-03-06 13:30:00,NSE:PERSISTENT,697.6,699.85,693.25,696.95,1508.0
2020-03-06 14:00:00,NSE:PERSISTENT,696.75,699.2,695.05,697.75,2223.0
2020-03-06 14:30:00,NSE:PERSISTENT,697.75,698.5,695.3,697.95,546.0
2020-03-06 15:00:00,NSE:PERSISTENT,697.1,707.8,692.4,707.8,8711.0
2020-03-09 09:00:00,NSE:PERSISTENT,696.9,705.55,690.25,701.5,2285.0
2020-03-09 09:30:00,NSE:PERSISTENT,700.55,708.9,698.35,702.7,15825.0
2020-03-09 10:00:00,NSE:PERSISTENT,702.5,703.9,700.25,701.05,4692.0
2020-03-09 10:30:00,NSE:PERSISTENT,701.0,701.2,694.25,699.6,22714.0
2020-03-09 11:00:00,NSE:PERSISTENT,699.6,699.95,695.9,697.0,2816.0
2020-03-09 11:30:00,NSE:PERSISTENT,697.0,697.0,695.2,696.8,904.0
2020-03-09 12:00:00,NSE:PERSISTENT,696.8,699.7,693.05,697.4,3070.0
2020-03-09 12:30:00,NSE:PERSISTENT,697.4,698.55,693.6,693.8,1371.0
2020-03-09 13:00:00,NSE:PERSISTENT,693.8,693.8,685.0,690.0,5524.0
2020-03-09 13:30:00,NSE:PERSISTENT,689.3,690.2,685.1,689.95,3360.0
2020-03-09 14:00:00,NSE:PERSISTENT,690.0,690.85,686.4,689.9,4901.0
2020-03-09 14:30:00,NSE:PERSISTENT,689.95,691.45,687.25,687.25,15483.0
2020-03-09 15:00:00,NSE:PERSISTENT,687.0,688.25,686.0,686.05,4769.0
2020-03-11 09:00:00,NSE:PERSISTENT,685.95,695.85,680.0,687.15,5733.0
2020-03-11 09:30:00,NSE:PERSISTENT,685.65,693.25,681.0,687.2,3825.0
2020-03-11 10:00:00,NSE:PERSISTENT,687.15,696.0,680.15,686.65,10875.0
2020-03-11 10:30:00,NSE:PERSISTENT,686.55,689.0,682.3,687.1,3963.0
2020-03-11 11:00:00,NSE:PERSISTENT,687.15,688.75,682.4,685.9,3278.0
2020-03-11 11:30:00,NSE:PERSISTENT,685.85,686.95,685.0,685.3,1771.0
2020-03-11 12:00:00,NSE:PERSISTENT,686.45,686.7,685.0,685.15,1448.0
2020-03-11 12:30:00,NSE:PERSISTENT,685.15,688.0,684.3,685.5,3779.0
2020-03-11 13:00:00,NSE:PERSISTENT,685.6,699.95,685.25,699.45,5573.0
2020-03-11 13:30:00,NSE:PERSISTENT,699.1,699.3,685.3,685.5,2856.0
2020-03-11 14:00:00,NSE:PERSISTENT,685.55,691.9,685.5,688.85,1495.0
2020-03-11 14:30:00,NSE:PERSISTENT,688.7,693.8,687.15,688.5,2151.0
2020-03-11 15:00:00,NSE:PERSISTENT,688.3,690.0,681.1,681.1,7060.0
2020-03-12 09:00:00,NSE:PERSISTENT,671.0,676.0,630.05,643.1,10956.0
2020-03-12 09:30:00,NSE:PERSISTENT,643.25,662.8,635.3,662.8,10633.0
2020-03-12 10:00:00,NSE:PERSISTENT,663.35,664.9,645.05,648.55,7011.0
2020-03-12 10:30:00,NSE:PERSISTENT,646.1,664.65,646.1,658.9,12646.0
2020-03-12 11:00:00,NSE:PERSISTENT,660.4,668.0,655.3,668.0,7891.0
2020-03-12 11:30:00,NSE:PERSISTENT,668.0,670.0,659.2,660.95,8806.0
2020-03-12 12:00:00,NSE:PERSISTENT,660.9,665.4,660.4,664.2,7226.0
2020-03-12 12:30:00,NSE:PERSISTENT,664.05,665.0,658.0,658.0,9344.0
2020-03-12 13:00:00,NSE:PERSISTENT,658.0,659.85,650.25,658.95,8067.0
2020-03-12 13:30:00,NSE:PERSISTENT,659.0,659.0,655.85,656.75,5108.0
2020-03-12 14:00:00,NSE:PERSISTENT,656.75,657.0,653.55,655.85,5265.0
2020-03-12 14:30:00,NSE:PERSISTENT,655.85,656.0,645.1,646.7,5813.0
2020-03-12 15:00:00,NSE:PERSISTENT,646.7,651.0,632.35,642.65,11220.0
2020-03-12 15:30:00,NSE:PERSISTENT,647.6,647.6,647.6,647.6,25.0
2020-03-13 09:00:00,NSE:PERSISTENT,581.15,600.0,571.2,575.0,3392.0
2020-03-13 10:00:00,NSE:PERSISTENT,518.1,575.0,518.1,540.05,8173.0
2020-03-13 10:30:00,NSE:PERSISTENT,541.9,618.8,541.9,596.95,12776.0
2020-03-13 11:00:00,NSE:PERSISTENT,596.95,625.0,596.95,619.0,10519.0
2020-03-13 11:30:00,NSE:PERSISTENT,618.9,640.0,614.95,633.95,32105.0
2020-03-13 12:00:00,NSE:PERSISTENT,632.0,642.65,631.1,637.7,5309.0
2020-03-13 12:30:00,NSE:PERSISTENT,637.45,637.9,630.0,634.0,2113.0
2020-03-13 13:00:00,NSE:PERSISTENT,633.65,647.9,625.7,644.05,4878.0
2020-03-13 13:30:00,NSE:PERSISTENT,645.6,654.75,645.0,649.65,3880.0
2020-03-13 14:00:00,NSE:PERSISTENT,649.55,650.1,642.05,646.6,3649.0
2020-03-13 14:30:00,NSE:PERSISTENT,647.0,649.0,640.55,648.55,4058.0
2020-03-13 15:00:00,NSE:PERSISTENT,648.6,662.85,639.4,649.0,5713.0
2020-03-13 15:30:00,NSE:PERSISTENT,653.45,653.45,653.45,653.45,10.0
2020-03-16 09:00:00,NSE:PERSISTENT,635.25,635.25,589.05,591.65,6159.0
2020-03-16 09:30:00,NSE:PERSISTENT,591.0,607.55,587.5,597.0,11235.0
2020-03-16 10:00:00,NSE:PERSISTENT,598.0,599.0,590.6,596.85,6894.0
2020-03-16 10:30:00,NSE:PERSISTENT,596.8,601.9,590.85,596.05,7560.0
2020-03-16 11:00:00,NSE:PERSISTENT,596.5,605.35,595.9,598.05,6250.0
2020-03-16 11:30:00,NSE:PERSISTENT,597.25,598.9,595.0,597.0,6006.0
2020-03-16 12:00:00,NSE:PERSISTENT,597.35,604.8,595.05,602.25,6342.0
2020-03-16 12:30:00,NSE:PERSISTENT,604.8,604.8,596.9,601.0,385965.0
2020-03-16 13:00:00,NSE:PERSISTENT,600.95,603.75,594.6,598.0,11179.0
2020-03-16 13:30:00,NSE:PERSISTENT,598.0,604.05,597.6,598.5,4573.0
2020-03-16 14:00:00,NSE:PERSISTENT,598.5,603.05,597.5,599.7,7378.0
2020-03-16 14:30:00,NSE:PERSISTENT,599.05,602.7,597.95,598.45,6372.0
2020-03-16 15:00:00,NSE:PERSISTENT,598.0,630.0,595.15,595.7,15027.0
2020-03-16 15:30:00,NSE:PERSISTENT,630.0,630.0,602.7,602.7,202.0
2020-03-17 09:00:00,NSE:PERSISTENT,591.0,600.0,581.0,583.9,4316.0
2020-03-17 09:30:00,NSE:PERSISTENT,582.55,596.85,582.55,592.9,4130.0
2020-03-17 10:00:00,NSE:PERSISTENT,593.85,601.85,593.1,600.3,3953.0
2020-03-17 10:30:00,NSE:PERSISTENT,600.4,601.55,593.35,594.0,6112.0
2020-03-17 11:00:00,NSE:PERSISTENT,593.95,594.85,591.05,593.65,3767.0
2020-03-17 11:30:00,NSE:PERSISTENT,593.1,594.75,590.15,592.95,3854.0
2020-03-17 12:00:00,NSE:PERSISTENT,592.9,599.7,592.15,598.95,3384.0
2020-03-17 12:30:00,NSE:PERSISTENT,597.7,600.45,595.25,598.9,2084.0
2020-03-17 13:00:00,NSE:PERSISTENT,598.85,601.0,598.7,600.0,2235.0
2020-03-17 13:30:00,NSE:PERSISTENT,600.0,601.9,597.3,600.0,7645.0
2020-03-17 14:00:00,NSE:PERSISTENT,600.0,601.95,592.15,594.0,27853.0
2020-03-17 14:30:00,NSE:PERSISTENT,595.0,595.0,589.15,591.8,6074.0
2020-03-17 15:00:00,NSE:PERSISTENT,593.8,600.5,590.05,595.0,51796.0
2020-03-18 09:00:00,NSE:PERSISTENT,599.9,599.9,592.0,596.15,1364.0
2020-03-18 09:30:00,NSE:PERSISTENT,595.2,595.3,586.15,586.9,1677.0
2020-03-18 10:00:00,NSE:PERSISTENT,587.25,589.95,579.0,584.05,3441.0
2020-03-18 10:30:00,NSE:PERSISTENT,584.05,584.05,573.05,576.25,1590.0
2020-03-18 11:00:00,NSE:PERSISTENT,576.4,584.65,575.95,581.3,1106.0
2020-03-18 11:30:00,NSE:PERSISTENT,580.25,582.0,574.15,574.15,1727.0
2020-03-18 12:00:00,NSE:PERSISTENT,575.5,575.5,565.6,568.95,3167.0
2020-03-18 12:30:00,NSE:PERSISTENT,569.45,571.0,568.0,570.0,2713.0
2020-03-18 13:00:00,NSE:PERSISTENT,570.35,578.9,568.95,578.45,1500.0
2020-03-18 13:30:00,NSE:PERSISTENT,578.4,579.0,569.0,569.0,1717.0
2020-03-18 14:00:00,NSE:PERSISTENT,569.05,570.95,568.75,568.75,1863.0
2020-03-18 14:30:00,NSE:PERSISTENT,570.0,578.0,569.0,574.25,6385.0
2020-03-18 15:00:00,NSE:PERSISTENT,574.8,577.8,565.5,569.0,7691.0
2020-03-18 15:30:00,NSE:PERSISTENT,571.75,571.75,571.75,571.75,1.0
2020-03-19 09:00:00,NSE:PERSISTENT,557.0,557.0,531.35,541.2,3411.0
2020-03-19 09:30:00,NSE:PERSISTENT,541.3,542.6,519.05,519.9,6626.0
2020-03-19 10:00:00,NSE:PERSISTENT,519.05,524.4,509.2,515.0,7326.0
2020-03-19 10:30:00,NSE:PERSISTENT,515.0,532.2,507.65,531.95,6975.0
2020-03-19 11:00:00,NSE:PERSISTENT,531.95,537.6,519.95,524.0,12010.0
2020-03-19 11:30:00,NSE:PERSISTENT,524.0,529.95,518.55,523.3,10920.0
2020-03-19 12:00:00,NSE:PERSISTENT,523.3,523.55,518.35,522.8,13243.0
2020-03-19 12:30:00,NSE:PERSISTENT,522.95,524.0,520.1,522.0,7791.0
2020-03-19 13:00:00,NSE:PERSISTENT,522.0,529.25,519.0,529.1,33730.0
2020-03-19 13:30:00,NSE:PERSISTENT,528.0,536.25,525.0,530.55,2240.0
2020-03-19 14:00:00,NSE:PERSISTENT,530.0,530.0,524.95,526.65,3524.0
2020-03-19 14:30:00,NSE:PERSISTENT,525.8,531.25,523.1,529.0,6339.0
2020-03-19 15:00:00,NSE:PERSISTENT,528.55,541.9,525.0,528.0,18284.0
2020-03-19 15:30:00,NSE:PERSISTENT,527.35,527.35,527.35,527.35,3.0
2020-03-20 09:00:00,NSE:PERSISTENT,527.35,539.4,527.35,535.7,1106.0
2020-03-20 09:30:00,NSE:PERSISTENT,533.55,538.0,528.05,538.0,1393.0
2020-03-20 10:00:00,NSE:PERSISTENT,535.95,544.3,534.95,544.3,1555.0
2020-03-20 10:30:00,NSE:PERSISTENT,544.25,547.15,541.2,547.15,1550.0
2020-03-20 11:00:00,NSE:PERSISTENT,547.1,555.0,540.0,542.8,3000.0
2020-03-20 11:30:00,NSE:PERSISTENT,542.85,544.9,535.1,538.15,1051.0
2020-03-20 12:00:00,NSE:PERSISTENT,538.9,542.0,538.0,540.65,922.0
2020-03-20 12:30:00,NSE:PERSISTENT,539.75,542.0,534.95,535.85,3546.0
2020-03-20 13:00:00,NSE:PERSISTENT,534.75,541.1,533.6,539.9,1464.0
2020-03-20 13:30:00,NSE:PERSISTENT,538.85,541.75,536.0,537.85,3023.0
2020-03-20 14:00:00,NSE:PERSISTENT,537.65,539.3,530.1,535.0,2354.0
2020-03-20 14:30:00,NSE:PERSISTENT,535.0,539.0,524.0,526.75,5129.0
2020-03-20 15:00:00,NSE:PERSISTENT,527.55,535.0,487.9,530.0,20115.0
2020-03-20 15:30:00,NSE:PERSISTENT,510.85,510.85,510.85,510.85,25.0
2020-03-23 09:00:00,NSE:PERSISTENT,480.0,504.55,475.0,484.75,1933.0
2020-03-23 09:30:00,NSE:PERSISTENT,484.55,484.95,468.0,468.4,2912.0
2020-03-23 10:30:00,NSE:PERSISTENT,498.95,498.95,449.0,464.95,7750.0
2020-03-23 11:00:00,NSE:PERSISTENT,464.95,464.95,420.05,448.7,20692.0
2020-03-23 11:30:00,NSE:PERSISTENT,448.7,464.1,435.0,464.0,7106.0
2020-03-23 12:00:00,NSE:PERSISTENT,464.0,464.0,451.25,459.9,3616.0
2020-03-23 12:30:00,NSE:PERSISTENT,458.0,460.0,451.25,455.95,1320.0
2020-03-23 13:00:00,NSE:PERSISTENT,455.1,480.65,454.0,475.0,4249.0
2020-03-23 13:30:00,NSE:PERSISTENT,475.0,484.0,475.0,476.1,2892.0
2020-03-23 14:00:00,NSE:PERSISTENT,476.25,479.0,460.4,477.8,2959.0
2020-03-23 14:30:00,NSE:PERSISTENT,477.5,477.5,475.0,475.95,1145.0
2020-03-23 15:00:00,NSE:PERSISTENT,476.35,479.0,450.0,478.5,16169.0
2020-03-24 09:00:00,NSE:PERSISTENT,503.95,523.55,482.65,503.2,1965.0
2020-03-24 09:30:00,NSE:PERSISTENT,501.9,501.9,468.7,475.4,7732.0
2020-03-24 10:00:00,NSE:PERSISTENT,475.45,476.8,465.0,466.95,718.0
2020-03-24 10:30:00,NSE:PERSISTENT,467.0,474.0,463.0,474.0,1697.0
2020-03-24 11:00:00,NSE:PERSISTENT,474.0,480.1,471.65,476.15,3957.0
2020-03-24 11:30:00,NSE:PERSISTENT,473.05,476.15,470.05,474.75,1866.0
2020-03-24 12:00:00,NSE:PERSISTENT,475.0,475.0,463.95,469.95,2128.0
2020-03-24 12:30:00,NSE:PERSISTENT,472.85,474.95,471.6,472.95,1175.0
2020-03-24 13:00:00,NSE:PERSISTENT,472.0,473.0,468.0,471.55,1037.0
2020-03-24 13:30:00,NSE:PERSISTENT,470.7,563.0,470.1,518.95,47728.0
2020-03-24 14:00:00,NSE:PERSISTENT,516.6,524.0,485.75,488.4,6415.0
2020-03-24 14:30:00,NSE:PERSISTENT,486.75,495.4,475.05,493.25,5577.0
2020-03-24 15:00:00,NSE:PERSISTENT,493.05,534.55,489.7,512.0,7094.0
2020-03-24 15:30:00,NSE:PERSISTENT,533.6,533.6,533.6,533.6,1.0
2020-03-25 09:00:00,NSE:PERSISTENT,502.25,524.95,482.15,507.55,606.0
2020-03-25 09:30:00,NSE:PERSISTENT,503.45,503.45,476.05,478.4,3459.0
2020-03-25 10:00:00,NSE:PERSISTENT,477.35,500.9,476.05,486.15,2493.0
2020-03-25 10:30:00,NSE:PERSISTENT,489.15,494.85,489.15,493.0,160.0
2020-03-25 11:00:00,NSE:PERSISTENT,493.0,495.55,489.35,492.2,559.0
2020-03-25 11:30:00,NSE:PERSISTENT,494.15,497.75,492.2,495.95,148.0
2020-03-25 12:00:00,NSE:PERSISTENT,495.5,497.65,492.15,496.8,512.0
2020-03-25 12:30:00,NSE:PERSISTENT,493.85,497.65,493.85,497.65,519.0
2020-03-25 13:00:00,NSE:PERSISTENT,495.1,499.95,495.1,499.0,739.0
2020-03-25 13:30:00,NSE:PERSISTENT,501.15,504.65,497.0,504.65,673.0
2020-03-25 14:00:00,NSE:PERSISTENT,502.0,522.0,501.25,511.85,3752.0
2020-03-25 14:30:00,NSE:PERSISTENT,511.75,517.25,502.2,517.25,1625.0
2020-03-25 15:00:00,NSE:PERSISTENT,520.75,523.85,513.85,514.0,2827.0
2020-03-25 15:30:00,NSE:PERSISTENT,515.45,515.45,515.45,515.45,2.0
2020-03-26 09:00:00,NSE:PERSISTENT,520.0,550.0,520.0,537.5,1114.0
2020-03-26 09:30:00,NSE:PERSISTENT,537.5,565.55,537.0,563.95,3857.0
2020-03-26 10:00:00,NSE:PERSISTENT,563.95,568.9,552.5,552.5,6031.0
2020-03-26 10:30:00,NSE:PERSISTENT,552.05,563.6,547.15,550.75,2392.0
2020-03-26 11:00:00,NSE:PERSISTENT,550.5,558.3,547.8,552.2,1277.0
2020-03-26 11:30:00,NSE:PERSISTENT,553.95,553.95,547.4,551.1,1121.0
2020-03-26 12:00:00,NSE:PERSISTENT,552.0,553.85,544.1,547.85,618.0
2020-03-26 12:30:00,NSE:PERSISTENT,548.3,550.0,545.4,548.85,1757.0
2020-03-26 13:00:00,NSE:PERSISTENT,549.15,550.0,547.0,547.25,1511.0
2020-03-26 13:30:00,NSE:PERSISTENT,548.45,550.0,547.0,547.8,1663.0
2020-03-26 14:00:00,NSE:PERSISTENT,547.0,550.0,542.8,547.05,21007.0
2020-03-26 14:30:00,NSE:PERSISTENT,548.2,548.55,546.5,547.0,18596.0
2020-03-26 15:00:00,NSE:PERSISTENT,547.05,550.0,537.95,539.3,9511.0
2020-03-27 09:00:00,NSE:PERSISTENT,548.1,575.0,548.0,562.75,665.0
2020-03-27 09:30:00,NSE:PERSISTENT,561.95,566.95,556.25,557.95,1498.0
2020-03-27 10:00:00,NSE:PERSISTENT,558.9,559.1,543.95,553.6,2481.0
2020-03-27 10:30:00,NSE:PERSISTENT,555.0,555.0,535.0,539.65,1972.0
2020-03-27 11:00:00,NSE:PERSISTENT,539.0,540.35,520.0,529.65,2553.0
2020-03-27 11:30:00,NSE:PERSISTENT,529.2,540.1,525.0,538.0,1073.0
2020-03-27 12:00:00,NSE:PERSISTENT,537.55,539.2,535.0,536.6,527.0
2020-03-27 12:30:00,NSE:PERSISTENT,535.0,538.95,530.05,536.2,1051.0
2020-03-27 13:00:00,NSE:PERSISTENT,536.45,542.95,532.05,542.85,1157.0
2020-03-27 13:30:00,NSE:PERSISTENT,539.7,543.5,539.05,542.4,1139.0
2020-03-27 14:00:00,NSE:PERSISTENT,540.1,542.15,539.2,539.95,363.0
2020-03-27 14:30:00,NSE:PERSISTENT,542.6,542.6,539.1,541.5,1748.0
2020-03-27 15:00:00,NSE:PERSISTENT,542.3,549.0,539.05,544.0,6771.0
2020-03-30 09:00:00,NSE:PERSISTENT,540.0,548.1,505.0,518.6,2217.0
2020-03-30 09:30:00,NSE:PERSISTENT,518.6,527.55,518.0,524.95,3012.0
2020-03-30 10:00:00,NSE:PERSISTENT,523.05,528.0,522.0,525.0,3226.0
2020-03-30 10:30:00,NSE:PERSISTENT,525.05,549.0,525.05,542.9,3584.0
2020-03-30 11:00:00,NSE:PERSISTENT,543.15,548.75,543.15,545.05,1336.0
2020-03-30 11:30:00,NSE:PERSISTENT,545.55,546.05,545.0,545.05,1534.0
2020-03-30 12:00:00,NSE:PERSISTENT,545.0,545.65,541.0,545.0,6132.0
2020-03-30 12:30:00,NSE:PERSISTENT,545.0,547.95,541.75,545.0,3873.0
2020-03-30 13:00:00,NSE:PERSISTENT,545.0,547.45,545.0,545.15,2128.0
2020-03-30 13:30:00,NSE:PERSISTENT,545.1,546.55,545.0,546.4,1045.0
2020-03-30 14:00:00,NSE:PERSISTENT,545.95,546.5,542.15,546.1,2276.0
2020-03-30 14:30:00,NSE:PERSISTENT,545.35,548.0,532.5,546.95,6623.0
2020-03-30 15:00:00,NSE:PERSISTENT,545.8,555.0,545.0,545.0,7053.0
2020-03-30 15:30:00,NSE:PERSISTENT,545.0,545.0,545.0,545.0,19.0
2020-03-31 09:00:00,NSE:PERSISTENT,549.5,565.0,541.0,551.9,709.0
2020-03-31 09:30:00,NSE:PERSISTENT,551.3,555.0,550.0,552.0,1235.0
2020-03-31 10:00:00,NSE:PERSISTENT,551.35,555.0,547.2,554.1,2301.0
2020-03-31 10:30:00,NSE:PERSISTENT,553.65,553.95,550.0,550.65,937.0
2020-03-31 11:00:00,NSE:PERSISTENT,550.35,553.0,550.0,552.55,4123.0
2020-03-31 11:30:00,NSE:PERSISTENT,552.8,553.1,550.0,550.2,2411.0
2020-03-31 12:00:00,NSE:PERSISTENT,550.15,551.55,544.75,550.0,2328.0
2020-03-31 12:30:00,NSE:PERSISTENT,550.0,553.5,548.05,550.45,1600.0
2020-03-31 13:00:00,NSE:PERSISTENT,550.55,554.3,550.15,553.95,1120.0
2020-03-31 13:30:00,NSE:PERSISTENT,554.0,555.0,552.85,555.0,1459.0
2020-03-31 14:00:00,NSE:PERSISTENT,555.0,555.0,550.5,554.0,1752.0
2020-03-31 14:30:00,NSE:PERSISTENT,554.0,555.0,552.05,552.75,2008.0
2020-03-31 15:00:00,NSE:PERSISTENT,552.25,555.0,548.0,550.05,4271.0
2020-04-01 09:00:00,NSE:PERSISTENT,558.45,558.75,541.85,543.3,523.0
2020-04-01 09:30:00,NSE:PERSISTENT,543.35,550.0,532.2,538.25,2487.0
2020-04-01 10:00:00,NSE:PERSISTENT,538.3,544.25,534.2,541.8,1246.0
2020-04-01 10:30:00,NSE:PERSISTENT,541.8,544.0,535.95,537.95,1168.0
2020-04-01 11:00:00,NSE:PERSISTENT,537.0,547.95,535.15,546.85,1699.0
2020-04-01 11:30:00,NSE:PERSISTENT,547.75,547.75,545.0,545.0,1310.0
2020-04-01 12:00:00,NSE:PERSISTENT,545.0,546.6,540.25,543.25,3404.0
2020-04-01 12:30:00,NSE:PERSISTENT,543.25,543.3,540.5,541.55,3914.0
2020-04-01 13:00:00,NSE:PERSISTENT,540.7,543.0,540.0,542.95,4880.0
2020-04-01 13:30:00,NSE:PERSISTENT,542.05,543.7,540.65,542.1,3837.0
2020-04-01 14:00:00,NSE:PERSISTENT,542.1,542.95,540.0,540.85,4382.0
2020-04-01 14:30:00,NSE:PERSISTENT,540.55,542.0,540.0,542.0,4436.0
2020-04-01 15:00:00,NSE:PERSISTENT,541.65,554.5,540.0,549.9,5050.0
2020-04-01 15:30:00,NSE:PERSISTENT,542.6,542.6,542.6,542.6,4.0
2020-04-03 09:00:00,NSE:PERSISTENT,554.95,554.95,536.95,539.75,2813.0
2020-04-03 09:30:00,NSE:PERSISTENT,538.95,549.2,533.0,535.35,4342.0
2020-04-03 10:00:00,NSE:PERSISTENT,533.65,534.25,525.5,527.5,2092.0
2020-04-03 10:30:00,NSE:PERSISTENT,527.5,530.0,521.15,523.2,3009.0
2020-04-03 11:00:00,NSE:PERSISTENT,522.65,524.95,520.5,521.75,2316.0
2020-04-03 11:30:00,NSE:PERSISTENT,521.65,525.0,520.5,524.35,1901.0
2020-04-03 12:00:00,NSE:PERSISTENT,524.75,526.0,522.15,525.0,5758.0
2020-04-03 12:30:00,NSE:PERSISTENT,525.0,525.6,520.35,523.75,2997.0
2020-04-03 13:00:00,NSE:PERSISTENT,524.2,524.95,522.05,524.85,3832.0
2020-04-03 13:30:00,NSE:PERSISTENT,523.4,528.05,522.1,522.95,7910.0
2020-04-03 14:00:00,NSE:PERSISTENT,522.15,524.6,520.1,522.4,4781.0
2020-04-03 14:30:00,NSE:PERSISTENT,521.5,523.85,511.0,511.0,7155.0
2020-04-03 15:00:00,NSE:PERSISTENT,511.0,517.95,498.0,514.0,68868.0
2020-04-03 15:30:00,NSE:PERSISTENT,514.1,514.1,514.1,514.1,3.0
2020-04-07 09:00:00,NSE:PERSISTENT,520.05,539.85,516.0,516.7,988.0
2020-04-07 09:30:00,NSE:PERSISTENT,517.0,526.75,507.1,510.75,4816.0
2020-04-07 10:00:00,NSE:PERSISTENT,511.8,518.5,499.15,515.65,6874.0
2020-04-07 10:30:00,NSE:PERSISTENT,515.65,517.95,512.75,516.2,3838.0
2020-04-07 11:00:00,NSE:PERSISTENT,516.2,518.0,515.0,516.2,3450.0
2020-04-07 11:30:00,NSE:PERSISTENT,516.2,517.65,514.8,515.45,3346.0
2020-04-07 12:00:00,NSE:PERSISTENT,516.1,516.7,514.95,515.35,3483.0
2020-04-07 12:30:00,NSE:PERSISTENT,516.4,517.1,515.0,516.65,3743.0
2020-04-07 13:00:00,NSE:PERSISTENT,516.65,517.4,512.1,512.95,4874.0
2020-04-07 13:30:00,NSE:PERSISTENT,513.65,516.9,511.25,514.1,3911.0
2020-04-07 14:00:00,NSE:PERSISTENT,514.15,516.75,512.7,515.6,4075.0
2020-04-07 14:30:00,NSE:PERSISTENT,515.6,515.6,507.05,508.1,9989.0
2020-04-07 15:00:00,NSE:PERSISTENT,509.95,514.95,504.1,514.95,18718.0
2020-04-07 15:30:00,NSE:PERSISTENT,508.95,508.95,508.95,508.95,10.0
2020-04-08 09:00:00,NSE:PERSISTENT,511.95,517.25,508.95,511.65,1359.0
2020-04-08 09:30:00,NSE:PERSISTENT,512.35,513.0,509.05,512.95,1294.0
2020-04-08 10:00:00,NSE:PERSISTENT,512.95,519.2,510.65,514.95,1876.0
2020-04-08 10:30:00,NSE:PERSISTENT,513.0,518.85,508.95,510.8,2336.0
2020-04-08 11:00:00,NSE:PERSISTENT,511.0,513.0,505.85,510.65,2548.0
2020-04-08 11:30:00,NSE:PERSISTENT,510.5,511.95,509.0,511.65,1332.0
2020-04-08 12:00:00,NSE:PERSISTENT,510.5,511.75,510.0,511.75,555.0
2020-04-08 12:30:00,NSE:PERSISTENT,511.7,511.7,507.65,510.1,2743.0
2020-04-08 13:00:00,NSE:PERSISTENT,510.75,511.35,510.0,511.2,300.0
2020-04-08 13:30:00,NSE:PERSISTENT,510.0,511.1,507.95,510.0,7506.0
2020-04-08 14:00:00,NSE:PERSISTENT,509.2,510.0,505.0,509.05,2191.0
2020-04-08 14:30:00,NSE:PERSISTENT,509.05,510.85,509.0,510.0,6874.0
2020-04-08 15:00:00,NSE:PERSISTENT,510.9,515.0,510.0,510.0,3007.0
2020-04-09 09:00:00,NSE:PERSISTENT,513.05,523.35,513.05,520.4,1447.0
2020-04-09 09:30:00,NSE:PERSISTENT,519.75,525.95,519.0,521.7,2404.0
2020-04-09 10:00:00,NSE:PERSISTENT,523.65,529.45,521.0,523.15,1749.0
2020-04-09 10:30:00,NSE:PERSISTENT,523.15,524.45,517.0,520.45,1315.0
2020-04-09 11:00:00,NSE:PERSISTENT,518.45,518.95,517.5,517.5,561.0
2020-04-09 11:30:00,NSE:PERSISTENT,517.55,518.95,514.25,517.05,1396.0
2020-04-09 12:00:00,NSE:PERSISTENT,517.8,518.0,516.35,517.0,641.0
2020-04-09 12:30:00,NSE:PERSISTENT,516.35,516.8,513.1,514.8,1172.0
2020-04-09 13:00:00,NSE:PERSISTENT,514.8,514.85,510.9,512.0,2756.0
2020-04-09 13:30:00,NSE:PERSISTENT,512.0,515.0,510.0,514.0,1852.0
2020-04-09 14:00:00,NSE:PERSISTENT,514.75,514.8,508.0,509.95,72164.0
2020-04-09 14:30:00,NSE:PERSISTENT,510.0,510.0,506.05,506.75,2235.0
2020-04-09 15:00:00,NSE:PERSISTENT,506.9,528.1,503.95,514.0,18051.0
2020-04-09 15:30:00,NSE:PERSISTENT,512.0,513.85,512.0,513.85,74.0
2020-04-13 09:00:00,NSE:PERSISTENT,514.0,514.0,508.0,508.2,1106.0
2020-04-13 09:30:00,NSE:PERSISTENT,509.15,510.1,504.4,505.95,2049.0
2020-04-13 10:00:00,NSE:PERSISTENT,505.95,513.5,505.5,509.9,1112.0
2020-04-13 10:30:00,NSE:PERSISTENT,508.55,510.4,506.35,507.35,1009.0
2020-04-13 11:00:00,NSE:PERSISTENT,507.35,507.35,505.1,505.85,1801.0
2020-04-13 11:30:00,NSE:PERSISTENT,505.1,505.8,502.0,502.0,2827.0
2020-04-13 12:00:00,NSE:PERSISTENT,502.0,502.8,500.0,501.15,2759.0
2020-04-13 12:30:00,NSE:PERSISTENT,500.05,500.35,495.0,495.0,3867.0
2020-04-13 13:00:00,NSE:PERSISTENT,495.0,495.0,490.05,491.65,4027.0
2020-04-13 13:30:00,NSE:PERSISTENT,491.7,494.75,490.0,494.3,2527.0
2020-04-13 14:00:00,NSE:PERSISTENT,494.3,508.8,493.9,507.1,9655.0
2020-04-13 14:30:00,NSE:PERSISTENT,508.15,513.0,501.05,511.25,10694.0
2020-04-13 15:00:00,NSE:PERSISTENT,511.2,512.1,509.15,510.0,5703.0
2020-04-15 09:00:00,NSE:PERSISTENT,521.8,525.0,510.9,512.6,4001.0
2020-04-15 09:30:00,NSE:PERSISTENT,513.55,523.15,512.6,522.1,5317.0
2020-04-15 10:00:00,NSE:PERSISTENT,522.05,525.0,518.0,524.15,3620.0
2020-04-15 10:30:00,NSE:PERSISTENT,524.15,524.15,511.6,513.75,5359.0
2020-04-15 11:00:00,NSE:PERSISTENT,513.9,515.0,511.3,512.4,2826.0
2020-04-15 11:30:00,NSE:PERSISTENT,513.2,515.35,511.55,514.1,2307.0
2020-04-15 12:00:00,NSE:PERSISTENT,514.2,515.3,510.55,511.1,3715.0
2020-04-15 12:30:00,NSE:PERSISTENT,512.35,514.15,510.0,511.65,3087.0
2020-04-15 13:00:00,NSE:PERSISTENT,511.05,515.0,505.4,506.25,4804.0
2020-04-15 13:30:00,NSE:PERSISTENT,506.5,509.05,501.3,507.05,7071.0
2020-04-15 14:00:00,NSE:PERSISTENT,506.65,507.55,500.3,506.65,6316.0
2020-04-15 14:30:00,NSE:PERSISTENT,506.35,510.2,502.25,509.2,5153.0
2020-04-15 15:00:00,NSE:PERSISTENT,509.05,509.15,503.0,506.0,5857.0
2020-04-15 15:30:00,NSE:PERSISTENT,505.05,505.05,505.05,505.05,4.0
2020-04-16 09:00:00,NSE:PERSISTENT,507.0,507.0,500.05,502.45,856.0
2020-04-16 09:30:00,NSE:PERSISTENT,503.2,507.3,500.5,503.2,2902.0
2020-04-16 10:00:00,NSE:PERSISTENT,502.95,504.0,500.05,502.0,4139.0
2020-04-16 10:30:00,NSE:PERSISTENT,502.0,502.35,498.0,498.7,7602.0
2020-04-16 11:00:00,NSE:PERSISTENT,498.85,501.2,495.2,498.45,3320.0
2020-04-16 11:30:00,NSE:PERSISTENT,498.3,500.85,498.15,499.8,697.0
2020-04-16 12:00:00,NSE:PERSISTENT,499.7,500.2,499.0,499.75,1902.0
2020-04-16 12:30:00,NSE:PERSISTENT,499.0,499.65,496.7,497.0,6832.0
2020-04-16 13:00:00,NSE:PERSISTENT,496.85,497.0,495.65,496.6,1649.0
2020-04-16 13:30:00,NSE:PERSISTENT,496.45,497.35,496.0,497.0,3857.0
2020-04-16 14:00:00,NSE:PERSISTENT,497.0,497.7,496.65,497.0,3984.0
2020-04-16 14:30:00,NSE:PERSISTENT,496.9,497.0,496.5,496.5,3447.0
2020-04-16 15:00:00,NSE:PERSISTENT,496.65,497.0,492.65,496.0,13018.0
2020-04-16 15:30:00,NSE:PERSISTENT,495.5,495.5,495.5,495.5,10.0
2020-04-17 09:00:00,NSE:PERSISTENT,510.0,522.0,497.35,499.95,2845.0
2020-04-17 09:30:00,NSE:PERSISTENT,500.0,500.0,494.45,499.45,8482.0
2020-04-17 10:00:00,NSE:PERSISTENT,499.7,499.9,496.15,497.15,8022.0
2020-04-17 10:30:00,NSE:PERSISTENT,496.9,498.0,495.05,495.7,2160.0
2020-04-17 11:00:00,NSE:PERSISTENT,495.85,498.0,495.05,495.9,2937.0
2020-04-17 11:30:00,NSE:PERSISTENT,495.95,496.5,495.05,496.4,1060.0
2020-04-17 12:00:00,NSE:PERSISTENT,496.4,496.4,492.05,493.0,2915.0
2020-04-17 12:30:00,NSE:PERSISTENT,493.0,495.45,492.75,494.75,851.0
2020-04-17 13:00:00,NSE:PERSISTENT,494.9,495.5,494.55,494.65,1410.0
2020-04-17 13:30:00,NSE:PERSISTENT,495.1,495.5,494.55,495.0,6229.0
2020-04-17 14:00:00,NSE:PERSISTENT,495.0,495.0,492.7,493.45,1776.0
2020-04-17 14:30:00,NSE:PERSISTENT,493.95,494.15,490.1,492.0,6346.0
2020-04-17 15:00:00,NSE:PERSISTENT,491.8,495.5,490.0,494.7,16737.0
2020-04-17 15:30:00,NSE:PERSISTENT,491.95,491.95,491.95,491.95,1.0
2020-04-20 09:00:00,NSE:PERSISTENT,504.0,508.95,495.85,500.0,6556.0
2020-04-20 09:30:00,NSE:PERSISTENT,500.0,500.0,492.35,493.5,5215.0
2020-04-20 10:00:00,NSE:PERSISTENT,493.75,495.0,485.95,489.75,17355.0
2020-04-20 10:30:00,NSE:PERSISTENT,490.1,490.5,489.0,489.65,3926.0
2020-04-20 11:00:00,NSE:PERSISTENT,490.0,490.7,488.3,488.5,5084.0
2020-04-20 11:30:00,NSE:PERSISTENT,488.5,491.55,486.5,490.1,3087.0
2020-04-20 12:00:00,NSE:PERSISTENT,490.1,492.45,486.05,489.15,3518.0
2020-04-20 12:30:00,NSE:PERSISTENT,489.15,491.45,486.6,488.55,2945.0
2020-04-20 13:00:00,NSE:PERSISTENT,488.75,493.0,486.75,490.6,5397.0
2020-04-20 13:30:00,NSE:PERSISTENT,490.3,491.95,487.8,489.8,4132.0
2020-04-20 14:00:00,NSE:PERSISTENT,489.05,491.95,489.0,489.85,4531.0
2020-04-20 14:30:00,NSE:PERSISTENT,490.2,492.0,489.2,490.45,3568.0
2020-04-20 15:00:00,NSE:PERSISTENT,490.45,491.0,485.0,490.95,12401.0
2020-04-20 15:30:00,NSE:PERSISTENT,487.95,487.95,487.95,487.95,37.0
2020-04-21 09:00:00,NSE:PERSISTENT,485.0,488.8,474.45,476.05,4905.0
2020-04-21 09:30:00,NSE:PERSISTENT,476.0,480.5,474.15,476.1,5908.0
2020-04-21 10:00:00,NSE:PERSISTENT,476.1,479.95,473.85,476.55,5113.0
2020-04-21 10:30:00,NSE:PERSISTENT,476.5,477.65,475.1,475.8,2859.0
2020-04-21 11:00:00,NSE:PERSISTENT,475.7,476.85,475.0,476.4,4240.0
2020-04-21 11:30:00,NSE:PERSISTENT,476.1,476.85,475.15,475.95,1763.0
2020-04-21 12:00:00,NSE:PERSISTENT,476.0,476.65,473.85,475.15,5291.0
2020-04-21 12:30:00,NSE:PERSISTENT,474.8,475.05,474.0,475.05,1910.0
2020-04-21 13:00:00,NSE:PERSISTENT,475.0,478.5,474.15,476.35,2816.0
2020-04-21 13:30:00,NSE:PERSISTENT,477.25,478.15,473.85,474.0,9842.0
2020-04-21 14:00:00,NSE:PERSISTENT,474.2,474.55,471.0,472.7,14294.0
2020-04-21 14:30:00,NSE:PERSISTENT,472.7,484.25,471.0,478.6,11411.0
2020-04-21 15:00:00,NSE:PERSISTENT,478.0,478.95,471.0,472.05,11790.0
2020-04-22 09:00:00,NSE:PERSISTENT,484.5,484.5,474.0,474.75,2993.0
2020-04-22 09:30:00,NSE:PERSISTENT,476.1,476.1,473.95,474.95,1473.0
2020-04-22 10:00:00,NSE:PERSISTENT,474.3,474.95,471.0,472.0,2196.0
2020-04-22 10:30:00,NSE:PERSISTENT,472.25,473.35,471.3,472.45,2281.0
2020-04-22 11:00:00,NSE:PERSISTENT,472.75,477.5,471.85,472.55,2041.0
2020-04-22 11:30:00,NSE:PERSISTENT,472.55,473.65,471.15,473.35,1740.0
2020-04-22 12:00:00,NSE:PERSISTENT,472.0,473.6,472.0,472.25,704.0
2020-04-22 12:30:00,NSE:PERSISTENT,472.8,474.6,472.0,474.3,550.0
2020-04-22 13:00:00,NSE:PERSISTENT,474.55,475.0,472.9,474.15,847.0
2020-04-22 13:30:00,NSE:PERSISTENT,474.15,475.0,472.15,474.35,2125.0
2020-04-22 14:00:00,NSE:PERSISTENT,474.95,480.8,473.95,478.35,8783.0
2020-04-22 14:30:00,NSE:PERSISTENT,478.85,483.6,478.0,483.6,6505.0
2020-04-22 15:00:00,NSE:PERSISTENT,483.85,486.95,482.75,485.0,6130.0
2020-04-22 15:30:00,NSE:PERSISTENT,485.0,485.0,484.8,484.8,13.0
2020-04-23 09:00:00,NSE:PERSISTENT,488.8,492.85,485.0,487.75,4300.0
2020-04-23 09:30:00,NSE:PERSISTENT,487.75,489.9,480.2,481.4,8032.0
2020-04-23 10:00:00,NSE:PERSISTENT,480.2,482.8,480.2,480.5,3920.0
2020-04-23 10:30:00,NSE:PERSISTENT,480.5,481.45,475.1,476.0,8520.0
2020-04-23 11:00:00,NSE:PERSISTENT,475.1,481.0,475.1,480.3,4221.0
2020-04-23 11:30:00,NSE:PERSISTENT,480.35,481.0,476.55,477.8,3863.0
2020-04-23 12:00:00,NSE:PERSISTENT,477.8,478.45,476.55,478.3,3854.0
2020-04-23 12:30:00,NSE:PERSISTENT,478.3,480.6,476.0,477.0,15769.0
2020-04-23 13:00:00,NSE:PERSISTENT,477.55,478.0,476.75,478.0,4360.0
2020-04-23 13:30:00,NSE:PERSISTENT,478.0,478.5,477.7,477.75,4200.0
2020-04-23 14:00:00,NSE:PERSISTENT,478.4,478.4,477.75,478.35,3002.0
2020-04-23 14:30:00,NSE:PERSISTENT,478.35,481.5,477.75,480.4,10604.0
2020-04-23 15:00:00,NSE:PERSISTENT,480.3,488.0,480.0,483.0,8559.0
2020-04-23 15:30:00,NSE:PERSISTENT,480.65,480.65,480.65,480.65,1.0
2020-04-24 09:00:00,NSE:PERSISTENT,483.0,485.0,475.15,476.5,4758.0
2020-04-24 09:30:00,NSE:PERSISTENT,476.8,480.05,475.15,477.35,4423.0
2020-04-24 10:00:00,NSE:PERSISTENT,477.35,478.8,475.0,475.95,2964.0
2020-04-24 10:30:00,NSE:PERSISTENT,475.9,477.9,475.1,476.55,750.0
2020-04-24 11:00:00,NSE:PERSISTENT,476.55,476.55,472.6,474.1,12931.0
2020-04-24 11:30:00,NSE:PERSISTENT,474.95,475.0,474.1,474.7,772.0
2020-04-24 12:00:00,NSE:PERSISTENT,474.7,475.0,469.0,469.5,5949.0
2020-04-24 12:30:00,NSE:PERSISTENT,469.65,470.85,468.0,469.45,5437.0
2020-04-24 13:00:00,NSE:PERSISTENT,469.95,470.0,468.65,470.0,1487.0
2020-04-24 13:30:00,NSE:PERSISTENT,470.0,470.0,469.05,469.2,2009.0
2020-04-24 14:00:00,NSE:PERSISTENT,469.6,469.95,468.0,469.75,1270.0
2020-04-24 14:30:00,NSE:PERSISTENT,469.9,469.9,468.0,468.95,5127.0
2020-04-24 15:00:00,NSE:PERSISTENT,468.9,469.3,467.65,467.8,6899.0
2020-04-24 15:30:00,NSE:PERSISTENT,468.3,468.3,468.3,468.3,30.0
2020-04-27 09:00:00,NSE:PERSISTENT,472.0,474.6,470.0,472.0,3189.0
2020-04-27 09:30:00,NSE:PERSISTENT,472.0,475.0,470.0,471.95,4458.0
2020-04-27 10:00:00,NSE:PERSISTENT,471.95,475.15,471.95,474.6,3997.0
2020-04-27 10:30:00,NSE:PERSISTENT,475.0,475.0,471.55,472.2,3754.0
2020-04-27 11:00:00,NSE:PERSISTENT,472.4,472.5,471.15,471.55,1332.0
2020-04-27 11:30:00,NSE:PERSISTENT,471.1,472.55,465.2,465.55,4836.0
2020-04-27 12:00:00,NSE:PERSISTENT,466.1,468.55,465.7,468.15,1771.0
2020-04-27 12:30:00,NSE:PERSISTENT,468.15,470.0,467.05,469.5,3800.0
2020-04-27 13:00:00,NSE:PERSISTENT,469.5,470.0,467.2,468.75,5653.0
2020-04-27 13:30:00,NSE:PERSISTENT,468.5,469.65,467.55,468.4,1312.0
2020-04-27 14:00:00,NSE:PERSISTENT,468.4,470.15,468.1,469.05,4997.0
2020-04-27 14:30:00,NSE:PERSISTENT,469.1,470.3,469.1,470.2,3206.0
2020-04-27 15:00:00,NSE:PERSISTENT,470.0,470.5,467.2,468.0,9230.0
2020-04-28 09:00:00,NSE:PERSISTENT,474.0,474.0,468.0,468.3,2382.0
2020-04-28 09:30:00,NSE:PERSISTENT,468.3,470.9,468.1,468.1,103415.0
2020-04-28 10:00:00,NSE:PERSISTENT,468.0,470.9,464.2,469.15,28807.0
2020-04-28 10:30:00,NSE:PERSISTENT,469.15,472.5,468.05,470.85,206049.0
2020-04-28 11:00:00,NSE:PERSISTENT,470.8,471.85,468.65,471.85,1926.0
2020-04-28 11:30:00,NSE:PERSISTENT,471.25,471.95,471.05,471.85,575.0
2020-04-28 12:00:00,NSE:PERSISTENT,471.85,472.5,471.5,472.35,1933.0
2020-04-28 12:30:00,NSE:PERSISTENT,472.2,478.0,472.05,475.0,31098.0
2020-04-28 13:00:00,NSE:PERSISTENT,475.5,476.0,473.0,473.75,8592.0
2020-04-28 13:30:00,NSE:PERSISTENT,473.2,475.0,473.0,473.55,6268.0
2020-04-28 14:00:00,NSE:PERSISTENT,473.6,473.95,469.2,473.15,10882.0
2020-04-28 14:30:00,NSE:PERSISTENT,473.95,475.0,473.0,474.0,4489.0
2020-04-28 15:00:00,NSE:PERSISTENT,473.35,474.95,470.3,471.4,11333.0
2020-04-28 15:30:00,NSE:PERSISTENT,473.55,473.55,473.55,473.55,4.0
2020-04-29 09:00:00,NSE:PERSISTENT,477.95,478.0,473.0,473.95,4913.0
2020-04-29 09:30:00,NSE:PERSISTENT,473.9,477.35,473.9,476.1,8448.0
2020-04-29 10:00:00,NSE:PERSISTENT,476.0,477.0,475.0,475.3,2593.0
2020-04-29 10:30:00,NSE:PERSISTENT,475.3,476.0,473.0,473.35,3334.0
2020-04-29 11:00:00,NSE:PERSISTENT,473.25,475.0,472.0,474.2,3264.0
2020-04-29 11:30:00,NSE:PERSISTENT,474.2,474.2,473.0,473.05,1244.0
2020-04-29 12:00:00,NSE:PERSISTENT,473.15,475.5,473.05,475.5,5047.0
2020-04-29 12:30:00,NSE:PERSISTENT,475.45,477.0,473.05,473.75,11260.0
2020-04-29 13:00:00,NSE:PERSISTENT,473.75,474.9,473.6,474.8,1405.0
2020-04-29 13:30:00,NSE:PERSISTENT,474.7,475.0,474.7,475.0,1711.0
2020-04-29 14:00:00,NSE:PERSISTENT,474.95,475.0,473.8,474.0,2440.0
2020-04-29 14:30:00,NSE:PERSISTENT,474.0,475.0,473.0,473.3,8087.0
2020-04-29 15:00:00,NSE:PERSISTENT,473.4,476.2,468.1,472.6,19483.0
2020-04-29 15:30:00,NSE:PERSISTENT,472.6,473.5,472.6,473.5,53.0
2020-04-30 09:00:00,NSE:PERSISTENT,479.35,484.0,472.5,475.0,7551.0
2020-04-30 09:30:00,NSE:PERSISTENT,475.0,478.9,474.4,478.0,14384.0
2020-04-30 10:00:00,NSE:PERSISTENT,477.7,479.0,476.05,478.05,6675.0
2020-04-30 10:30:00,NSE:PERSISTENT,478.85,483.9,478.3,483.25,10685.0
2020-04-30 11:00:00,NSE:PERSISTENT,483.0,494.0,482.8,487.5,12622.0
2020-04-30 11:30:00,NSE:PERSISTENT,487.0,488.85,483.15,487.0,9986.0
2020-04-30 12:00:00,NSE:PERSISTENT,486.65,487.0,485.0,485.95,4076.0
2020-04-30 12:30:00,NSE:PERSISTENT,485.95,485.95,478.05,479.15,6681.0
2020-04-30 13:00:00,NSE:PERSISTENT,479.25,479.5,477.05,479.0,3005.0
2020-04-30 13:30:00,NSE:PERSISTENT,478.35,478.9,473.05,474.8,7168.0
2020-04-30 14:00:00,NSE:PERSISTENT,474.65,475.0,473.0,473.85,108362.0
2020-04-30 14:30:00,NSE:PERSISTENT,474.0,474.85,470.0,470.05,16374.0
2020-04-30 15:00:00,NSE:PERSISTENT,470.05,475.0,470.0,474.4,114983.0
2020-04-30 15:30:00,NSE:PERSISTENT,474.5,474.5,474.5,474.5,15.0
2020-05-04 09:00:00,NSE:PERSISTENT,470.0,475.95,465.3,469.05,7505.0
2020-05-04 09:30:00,NSE:PERSISTENT,469.9,472.85,466.65,472.0,4432.0
2020-05-04 10:00:00,NSE:PERSISTENT,471.65,472.0,470.2,472.0,3902.0
2020-05-04 10:30:00,NSE:PERSISTENT,471.45,474.75,471.3,473.75,4564.0
2020-05-04 11:00:00,NSE:PERSISTENT,473.7,474.0,471.95,472.25,3222.0
2020-05-04 11:30:00,NSE:PERSISTENT,472.8,472.8,470.0,471.95,2842.0
2020-05-04 12:00:00,NSE:PERSISTENT,471.95,474.5,470.85,470.85,3865.0
2020-05-04 12:30:00,NSE:PERSISTENT,471.9,472.45,469.2,470.5,2653.0
2020-05-04 13:00:00,NSE:PERSISTENT,469.95,469.95,468.0,469.25,3698.0
2020-05-04 13:30:00,NSE:PERSISTENT,469.25,469.3,464.0,466.0,8270.0
2020-05-04 14:00:00,NSE:PERSISTENT,466.95,469.2,465.0,469.0,1134.0
2020-05-04 14:30:00,NSE:PERSISTENT,469.3,469.3,467.0,468.7,2398.0
2020-05-04 15:00:00,NSE:PERSISTENT,468.1,468.35,460.0,462.0,18401.0
2020-05-04 15:30:00,NSE:PERSISTENT,463.75,463.75,463.75,463.75,10.0
2020-05-05 09:00:00,NSE:PERSISTENT,470.0,474.0,462.0,467.0,12012.0
2020-05-05 09:30:00,NSE:PERSISTENT,466.1,469.95,464.05,467.45,10007.0
2020-05-05 10:00:00,NSE:PERSISTENT,467.1,473.0,462.2,471.5,9514.0
2020-05-05 10:30:00,NSE:PERSISTENT,471.5,475.5,470.0,474.65,7498.0
2020-05-05 11:00:00,NSE:PERSISTENT,475.55,479.35,471.05,474.0,16314.0
2020-05-05 11:30:00,NSE:PERSISTENT,474.75,475.0,473.0,474.5,3278.0
2020-05-05 12:00:00,NSE:PERSISTENT,474.5,474.9,472.0,473.9,2813.0
2020-05-05 12:30:00,NSE:PERSISTENT,474.0,474.4,471.55,471.7,3339.0
2020-05-05 13:00:00,NSE:PERSISTENT,472.0,478.2,471.7,477.0,7185.0
2020-05-05 13:30:00,NSE:PERSISTENT,476.5,478.0,474.15,475.8,4597.0
2020-05-05 14:00:00,NSE:PERSISTENT,475.45,475.8,470.1,470.9,5008.0
2020-05-05 14:30:00,NSE:PERSISTENT,471.85,472.0,465.95,469.6,9081.0
2020-05-05 15:00:00,NSE:PERSISTENT,469.7,470.0,464.1,469.2,15321.0
2020-05-05 15:30:00,NSE:PERSISTENT,469.2,469.2,467.55,467.55,31.0
2020-05-06 09:00:00,NSE:PERSISTENT,481.7,486.2,472.35,476.45,32230.0
2020-05-06 09:30:00,NSE:PERSISTENT,475.55,503.95,475.55,498.5,103624.0
2020-05-06 10:00:00,NSE:PERSISTENT,498.15,515.0,497.7,506.1,281301.0
2020-05-06 10:30:00,NSE:PERSISTENT,506.25,509.0,501.25,503.75,56794.0
2020-05-06 11:00:00,NSE:PERSISTENT,503.05,504.9,497.65,501.45,57933.0
2020-05-06 11:30:00,NSE:PERSISTENT,501.1,504.4,496.0,503.1,33682.0
2020-05-06 12:00:00,NSE:PERSISTENT,502.4,503.45,500.05,502.15,12695.0
2020-05-06 12:30:00,NSE:PERSISTENT,502.15,504.0,502.1,503.0,12364.0
2020-05-06 13:00:00,NSE:PERSISTENT,503.0,508.0,503.0,506.55,39157.0
2020-05-06 13:30:00,NSE:PERSISTENT,506.6,507.95,503.0,503.1,38428.0
2020-05-06 14:00:00,NSE:PERSISTENT,503.7,503.95,501.0,502.95,20895.0
2020-05-06 14:30:00,NSE:PERSISTENT,502.25,505.0,500.25,501.25,17567.0
2020-05-06 15:00:00,NSE:PERSISTENT,501.25,507.65,500.95,503.0,67025.0
2020-05-06 15:30:00,NSE:PERSISTENT,504.6,504.6,504.6,504.6,5.0
2020-05-07 09:00:00,NSE:PERSISTENT,508.0,521.5,507.0,517.75,27984.0
2020-05-07 09:30:00,NSE:PERSISTENT,517.75,525.0,517.7,520.45,31418.0
2020-05-07 10:00:00,NSE:PERSISTENT,520.0,523.95,520.0,521.8,11317.0
2020-05-07 10:30:00,NSE:PERSISTENT,521.8,523.95,521.0,521.85,10307.0
2020-05-07 11:00:00,NSE:PERSISTENT,521.5,522.7,520.0,521.1,11919.0
2020-05-07 11:30:00,NSE:PERSISTENT,521.55,523.0,520.25,523.0,9194.0
2020-05-07 12:00:00,NSE:PERSISTENT,523.05,523.95,521.2,522.75,8780.0
2020-05-07 12:30:00,NSE:PERSISTENT,522.5,523.45,522.0,522.55,5343.0
2020-05-07 13:00:00,NSE:PERSISTENT,523.2,527.95,522.25,524.8,20970.0
2020-05-07 13:30:00,NSE:PERSISTENT,524.8,524.8,520.75,521.65,15022.0
2020-05-07 14:00:00,NSE:PERSISTENT,521.65,532.8,521.5,527.9,59809.0
2020-05-07 14:30:00,NSE:PERSISTENT,527.8,531.7,525.65,527.0,27367.0
2020-05-07 15:00:00,NSE:PERSISTENT,526.75,533.0,526.55,531.95,38432.0
2020-05-07 15:30:00,NSE:PERSISTENT,529.65,529.65,529.65,529.65,25.0
2020-05-08 09:00:00,NSE:PERSISTENT,535.0,539.65,530.0,538.45,27128.0
2020-05-08 09:30:00,NSE:PERSISTENT,537.85,551.0,535.1,543.0,33875.0
2020-05-08 10:00:00,NSE:PERSISTENT,544.0,544.0,533.0,538.15,15741.0
2020-05-08 10:30:00,NSE:PERSISTENT,538.65,541.8,537.0,538.55,7894.0
2020-05-08 11:00:00,NSE:PERSISTENT,538.4,538.65,533.05,535.95,4469.0
2020-05-08 11:30:00,NSE:PERSISTENT,535.0,536.0,532.1,532.85,3662.0
2020-05-08 12:00:00,NSE:PERSISTENT,532.05,539.85,532.05,534.9,6849.0
2020-05-08 12:30:00,NSE:PERSISTENT,534.75,537.0,533.9,536.1,3617.0
2020-05-08 13:00:00,NSE:PERSISTENT,536.45,539.9,535.0,536.95,4954.0
2020-05-08 13:30:00,NSE:PERSISTENT,537.05,537.6,535.2,536.15,1934.0
2020-05-08 14:00:00,NSE:PERSISTENT,535.2,538.8,534.2,537.3,11343.0
2020-05-08 14:30:00,NSE:PERSISTENT,536.7,538.75,531.0,532.9,5229.0
2020-05-08 15:00:00,NSE:PERSISTENT,532.9,536.5,518.0,531.65,19502.0
2020-05-11 09:00:00,NSE:PERSISTENT,531.2,543.55,531.2,535.65,8229.0
2020-05-11 09:30:00,NSE:PERSISTENT,535.75,535.75,520.3,525.55,14274.0
2020-05-11 10:00:00,NSE:PERSISTENT,525.55,529.25,522.0,526.4,15447.0
2020-05-11 10:30:00,NSE:PERSISTENT,526.75,526.75,515.0,520.05,23635.0
2020-05-11 11:00:00,NSE:PERSISTENT,521.2,523.35,519.55,520.6,35811.0
2020-05-11 11:30:00,NSE:PERSISTENT,520.35,522.5,520.0,522.3,10220.0
2020-05-11 12:00:00,NSE:PERSISTENT,522.45,526.65,520.55,525.75,16122.0
2020-05-11 12:30:00,NSE:PERSISTENT,525.75,528.05,522.65,525.65,8842.0
2020-05-11 13:00:00,NSE:PERSISTENT,525.5,528.0,524.9,527.05,5961.0
2020-05-11 13:30:00,NSE:PERSISTENT,527.0,527.1,524.25,527.0,7281.0
2020-05-11 14:00:00,NSE:PERSISTENT,527.0,527.0,525.0,525.0,7788.0
2020-05-11 14:30:00,NSE:PERSISTENT,525.2,528.15,524.95,527.3,13568.0
2020-05-11 15:00:00,NSE:PERSISTENT,527.3,535.0,525.0,527.0,24050.0
2020-05-11 15:30:00,NSE:PERSISTENT,528.55,528.55,528.55,528.55,50.0
2020-05-12 09:00:00,NSE:PERSISTENT,522.1,527.05,522.1,526.45,2647.0
2020-05-12 09:30:00,NSE:PERSISTENT,526.45,527.1,517.0,523.0,9104.0
2020-05-12 10:00:00,NSE:PERSISTENT,523.5,526.35,523.0,524.75,4606.0
2020-05-12 10:30:00,NSE:PERSISTENT,524.55,530.0,524.55,528.2,7940.0
2020-05-12 11:00:00,NSE:PERSISTENT,527.75,527.75,523.0,523.7,66865.0
2020-05-12 11:30:00,NSE:PERSISTENT,523.35,526.7,523.0,523.05,5868.0
2020-05-12 12:00:00,NSE:PERSISTENT,523.5,524.9,523.05,524.7,1772.0
2020-05-12 12:30:00,NSE:PERSISTENT,524.7,524.7,523.0,523.6,4259.0
2020-05-12 13:00:00,NSE:PERSISTENT,523.6,523.9,523.0,523.45,1591.0
2020-05-12 13:30:00,NSE:PERSISTENT,523.45,523.45,520.55,521.1,4142.0
2020-05-12 14:00:00,NSE:PERSISTENT,521.8,522.25,521.0,521.05,3258.0
2020-05-12 14:30:00,NSE:PERSISTENT,521.6,522.5,521.0,521.45,4997.0
2020-05-12 15:00:00,NSE:PERSISTENT,521.75,522.95,521.0,522.0,10756.0
2020-05-12 15:30:00,NSE:PERSISTENT,521.9,521.9,521.9,521.9,55.0
2020-05-13 09:00:00,NSE:PERSISTENT,542.0,544.8,528.0,530.45,5045.0
2020-05-13 09:30:00,NSE:PERSISTENT,530.9,538.5,530.5,537.95,8578.0
2020-05-13 10:00:00,NSE:PERSISTENT,538.05,539.35,534.1,536.0,6225.0
2020-05-13 10:30:00,NSE:PERSISTENT,535.85,538.9,534.0,537.3,2129.0
2020-05-13 11:00:00,NSE:PERSISTENT,537.6,543.0,535.0,537.3,13548.0
2020-05-13 11:30:00,NSE:PERSISTENT,537.05,541.0,535.7,539.1,6341.0
2020-05-13 12:00:00,NSE:PERSISTENT,540.0,540.65,535.0,535.95,7109.0
2020-05-13 12:30:00,NSE:PERSISTENT,535.4,538.45,534.95,537.45,3787.0
2020-05-13 13:00:00,NSE:PERSISTENT,537.45,539.75,535.2,537.6,3897.0
2020-05-13 13:30:00,NSE:PERSISTENT,537.85,539.9,535.1,536.65,4570.0
2020-05-13 14:00:00,NSE:PERSISTENT,536.5,538.65,536.2,537.8,5901.0
2020-05-13 14:30:00,NSE:PERSISTENT,537.75,537.95,536.05,536.65,5818.0
2020-05-13 15:00:00,NSE:PERSISTENT,536.2,540.0,535.5,538.95,11101.0
2020-05-13 15:30:00,NSE:PERSISTENT,538.95,538.95,537.85,537.85,7.0
2020-05-14 09:00:00,NSE:PERSISTENT,533.95,541.7,533.9,537.55,6924.0
2020-05-14 09:30:00,NSE:PERSISTENT,536.45,537.65,528.05,528.7,2862.0
2020-05-14 10:00:00,NSE:PERSISTENT,530.0,532.5,528.85,529.2,1594.0
2020-05-14 10:30:00,NSE:PERSISTENT,529.4,532.75,529.0,532.75,2224.0
2020-05-14 11:00:00,NSE:PERSISTENT,532.75,532.75,525.5,526.35,2436.0
2020-05-14 11:30:00,NSE:PERSISTENT,526.0,526.05,515.0,526.05,15565.0
2020-05-14 12:00:00,NSE:PERSISTENT,527.1,529.8,522.05,525.05,3899.0
2020-05-14 12:30:00,NSE:PERSISTENT,525.0,525.5,525.0,525.0,2731.0
2020-05-14 13:00:00,NSE:PERSISTENT,525.0,527.5,525.0,525.05,5301.0
2020-05-14 13:30:00,NSE:PERSISTENT,525.05,525.9,525.0,525.0,2633.0
2020-05-14 14:00:00,NSE:PERSISTENT,525.0,525.25,525.0,525.0,3564.0
2020-05-14 14:30:00,NSE:PERSISTENT,525.0,525.4,519.0,525.0,9029.0
2020-05-14 15:00:00,NSE:PERSISTENT,525.0,527.0,522.15,527.0,11709.0
2020-05-14 15:30:00,NSE:PERSISTENT,525.0,525.0,524.75,524.75,8.0
2020-05-15 09:00:00,NSE:PERSISTENT,524.7,528.0,520.0,525.0,1564.0
2020-05-15 09:30:00,NSE:PERSISTENT,524.85,524.85,510.0,511.0,7212.0
2020-05-15 10:00:00,NSE:PERSISTENT,511.0,514.45,510.9,512.25,9067.0
2020-05-15 10:30:00,NSE:PERSISTENT,512.0,513.75,512.0,512.65,3612.0
2020-05-15 11:00:00,NSE:PERSISTENT,512.65,519.8,512.65,518.4,10782.0
2020-05-15 11:30:00,NSE:PERSISTENT,518.0,521.7,517.1,519.35,5093.0
2020-05-15 12:00:00,NSE:PERSISTENT,518.5,524.7,518.0,524.45,2032.0
2020-05-15 12:30:00,NSE:PERSISTENT,524.4,524.4,522.0,522.0,760.0
2020-05-15 13:00:00,NSE:PERSISTENT,522.0,522.15,518.0,518.0,4264.0
2020-05-15 13:30:00,NSE:PERSISTENT,518.0,521.9,518.0,520.0,8612.0
2020-05-15 14:00:00,NSE:PERSISTENT,520.0,521.0,518.0,520.4,7520.0
2020-05-15 14:30:00,NSE:PERSISTENT,520.0,521.9,520.0,521.05,4766.0
2020-05-15 15:00:00,NSE:PERSISTENT,521.05,524.95,521.0,521.0,22441.0
2020-05-15 15:30:00,NSE:PERSISTENT,521.1,521.1,521.1,521.1,1.0
2020-05-18 09:00:00,NSE:PERSISTENT,524.6,531.9,524.6,529.05,7606.0
2020-05-18 09:30:00,NSE:PERSISTENT,529.95,529.95,519.7,520.35,11926.0
2020-05-18 10:00:00,NSE:PERSISTENT,520.65,523.0,516.7,517.9,4397.0
2020-05-18 10:30:00,NSE:PERSISTENT,517.9,517.9,514.0,515.85,3030.0
2020-05-18 11:00:00,NSE:PERSISTENT,515.75,515.95,513.95,515.7,2748.0
2020-05-18 11:30:00,NSE:PERSISTENT,515.2,518.0,515.0,517.25,1476.0
2020-05-18 12:00:00,NSE:PERSISTENT,517.25,519.9,517.05,519.2,954.0
2020-05-18 12:30:00,NSE:PERSISTENT,519.9,520.45,518.0,520.35,5459.0
2020-05-18 13:00:00,NSE:PERSISTENT,520.0,521.9,520.0,520.95,3170.0
2020-05-18 13:30:00,NSE:PERSISTENT,520.8,521.7,520.7,521.0,5763.0
2020-05-18 14:00:00,NSE:PERSISTENT,521.0,521.7,517.05,521.0,2514.0
2020-05-18 14:30:00,NSE:PERSISTENT,521.4,523.75,515.15,516.0,42765.0
2020-05-18 15:00:00,NSE:PERSISTENT,516.15,518.3,513.25,513.7,42046.0
2020-05-18 15:30:00,NSE:PERSISTENT,513.2,515.55,513.2,515.55,194.0
2020-05-19 09:00:00,NSE:PERSISTENT,519.0,521.45,516.0,516.0,1591.0
2020-05-19 09:30:00,NSE:PERSISTENT,515.15,521.0,515.15,519.0,3282.0
2020-05-19 10:00:00,NSE:PERSISTENT,519.85,519.85,517.85,519.0,1351.0
2020-05-19 10:30:00,NSE:PERSISTENT,519.95,520.1,518.95,519.05,6714.0
2020-05-19 11:00:00,NSE:PERSISTENT,519.0,520.0,519.0,519.5,2272.0
2020-05-19 11:30:00,NSE:PERSISTENT,519.6,519.6,519.05,519.55,273.0
2020-05-19 12:00:00,NSE:PERSISTENT,519.35,520.0,519.0,519.25,606.0
2020-05-19 12:30:00,NSE:PERSISTENT,519.0,519.85,518.95,519.0,3424.0
2020-05-19 13:00:00,NSE:PERSISTENT,519.25,520.0,516.8,517.5,9229.0
2020-05-19 13:30:00,NSE:PERSISTENT,517.5,519.4,517.5,518.9,11170.0
2020-05-19 14:00:00,NSE:PERSISTENT,517.9,520.15,517.05,520.1,21076.0
2020-05-19 14:30:00,NSE:PERSISTENT,520.0,520.5,519.0,519.5,9338.0
2020-05-19 15:00:00,NSE:PERSISTENT,519.1,520.9,518.5,520.9,6996.0
2020-05-20 09:00:00,NSE:PERSISTENT,520.0,520.45,517.05,518.15,646.0
2020-05-20 09:30:00,NSE:PERSISTENT,519.0,526.25,517.85,521.25,6293.0
2020-05-20 10:00:00,NSE:PERSISTENT,522.7,523.25,517.3,521.9,68122.0
2020-05-20 10:30:00,NSE:PERSISTENT,521.9,521.95,519.0,520.0,7289.0
2020-05-20 11:00:00,NSE:PERSISTENT,520.0,520.0,519.0,519.1,2376.0
2020-05-20 11:30:00,NSE:PERSISTENT,519.85,520.95,519.0,519.0,30071.0
2020-05-20 12:00:00,NSE:PERSISTENT,519.0,520.0,516.0,519.0,83484.0
2020-05-20 12:30:00,NSE:PERSISTENT,519.85,521.65,519.0,520.1,15755.0
2020-05-20 13:00:00,NSE:PERSISTENT,520.0,521.8,519.0,520.0,5067.0
2020-05-20 13:30:00,NSE:PERSISTENT,520.0,521.0,519.95,520.0,4980.0
2020-05-20 14:00:00,NSE:PERSISTENT,520.0,521.7,519.9,520.05,9413.0
2020-05-20 14:30:00,NSE:PERSISTENT,520.0,521.0,519.1,520.6,11113.0
2020-05-20 15:00:00,NSE:PERSISTENT,520.0,521.75,519.65,521.75,5876.0
2020-05-20 15:30:00,NSE:PERSISTENT,520.0,520.0,520.0,520.0,14.0
2020-05-21 09:00:00,NSE:PERSISTENT,525.2,530.0,522.45,526.8,3328.0
2020-05-21 09:30:00,NSE:PERSISTENT,528.55,528.55,516.45,518.45,4247.0
2020-05-21 10:00:00,NSE:PERSISTENT,519.2,519.75,518.4,519.55,554.0
2020-05-21 10:30:00,NSE:PERSISTENT,519.9,523.5,518.9,519.8,3574.0
2020-05-21 11:00:00,NSE:PERSISTENT,519.5,521.0,518.7,520.0,2039.0
2020-05-21 11:30:00,NSE:PERSISTENT,520.1,521.0,519.55,520.0,1962.0
2020-05-21 12:00:00,NSE:PERSISTENT,520.0,521.0,516.0,518.25,21066.0
2020-05-21 12:30:00,NSE:PERSISTENT,517.8,520.1,517.35,519.95,23992.0
2020-05-21 13:00:00,NSE:PERSISTENT,519.95,530.0,518.45,521.7,98379.0
2020-05-21 13:30:00,NSE:PERSISTENT,522.0,523.8,521.45,523.8,2107.0
2020-05-21 14:00:00,NSE:PERSISTENT,522.1,523.9,522.0,522.3,1498.0
2020-05-21 14:30:00,NSE:PERSISTENT,522.05,522.95,520.25,521.2,19002.0
2020-05-21 15:00:00,NSE:PERSISTENT,522.0,523.0,518.2,521.0,241193.0
2020-05-21 15:30:00,NSE:PERSISTENT,521.9,521.9,521.85,521.85,61.0
2020-05-22 09:00:00,NSE:PERSISTENT,519.7,529.8,519.45,528.65,4503.0
2020-05-22 09:30:00,NSE:PERSISTENT,528.35,528.35,520.0,520.05,4747.0
2020-05-22 10:00:00,NSE:PERSISTENT,520.3,522.0,516.35,521.95,6358.0
2020-05-22 10:30:00,NSE:PERSISTENT,521.95,521.95,521.0,521.7,1719.0
2020-05-22 11:00:00,NSE:PERSISTENT,521.7,522.0,521.15,521.6,2343.0
2020-05-22 11:30:00,NSE:PERSISTENT,521.6,522.0,521.0,521.05,6165.0
2020-05-22 12:00:00,NSE:PERSISTENT,521.05,521.95,521.0,521.85,1702.0
2020-05-22 12:30:00,NSE:PERSISTENT,521.95,521.95,520.0,520.0,7424.0
2020-05-22 13:00:00,NSE:PERSISTENT,520.15,526.25,520.1,525.5,6335.0
2020-05-22 13:30:00,NSE:PERSISTENT,525.5,525.85,521.0,521.6,2515.0
2020-05-22 14:00:00,NSE:PERSISTENT,522.3,524.25,521.0,523.2,3032.0
2020-05-22 14:30:00,NSE:PERSISTENT,523.5,523.85,523.0,523.0,1894.0
2020-05-22 15:00:00,NSE:PERSISTENT,523.0,529.0,521.6,523.1,6950.0
2020-05-22 15:30:00,NSE:PERSISTENT,524.75,524.75,524.75,524.75,1.0
2020-05-26 09:00:00,NSE:PERSISTENT,528.9,530.0,525.0,526.15,4205.0
2020-05-26 09:30:00,NSE:PERSISTENT,526.2,527.7,524.75,526.05,1275.0
2020-05-26 10:00:00,NSE:PERSISTENT,526.0,526.0,520.9,522.9,2775.0
2020-05-26 10:30:00,NSE:PERSISTENT,523.4,524.05,521.15,523.55,949.0
2020-05-26 11:00:00,NSE:PERSISTENT,523.5,527.35,522.95,525.5,4894.0
2020-05-26 11:30:00,NSE:PERSISTENT,525.5,526.85,525.0,525.9,1399.0
2020-05-26 12:00:00,NSE:PERSISTENT,525.15,526.0,525.0,525.25,642.0
2020-05-26 12:30:00,NSE:PERSISTENT,525.25,526.0,525.0,525.55,4630.0
2020-05-26 13:00:00,NSE:PERSISTENT,525.15,525.75,525.0,525.25,3402.0
2020-05-26 13:30:00,NSE:PERSISTENT,525.0,525.85,521.95,522.95,6676.0
2020-05-26 14:00:00,NSE:PERSISTENT,522.0,524.35,522.0,524.1,1034.0
2020-05-26 14:30:00,NSE:PERSISTENT,524.0,524.3,523.0,524.3,975.0
2020-05-26 15:00:00,NSE:PERSISTENT,524.9,525.0,523.0,523.1,4309.0
2020-05-27 09:00:00,NSE:PERSISTENT,526.35,527.15,521.2,522.7,1059.0
2020-05-27 09:30:00,NSE:PERSISTENT,524.0,526.8,521.75,525.65,2524.0
2020-05-27 10:00:00,NSE:PERSISTENT,526.0,527.35,525.65,526.4,736.0
2020-05-27 10:30:00,NSE:PERSISTENT,527.0,527.0,522.05,523.45,22272.0
2020-05-27 11:00:00,NSE:PERSISTENT,522.7,525.6,522.4,524.0,216627.0
2020-05-27 11:30:00,NSE:PERSISTENT,524.65,526.0,524.15,525.95,208724.0
2020-05-27 12:00:00,NSE:PERSISTENT,525.95,526.0,525.4,525.9,10189.0
2020-05-27 12:30:00,NSE:PERSISTENT,526.0,526.05,525.95,526.0,19715.0
2020-05-27 13:00:00,NSE:PERSISTENT,526.0,527.7,525.95,527.65,15025.0
2020-05-27 13:30:00,NSE:PERSISTENT,527.75,528.0,527.1,528.0,8695.0
2020-05-27 14:00:00,NSE:PERSISTENT,527.9,528.0,526.0,526.0,19887.0
2020-05-27 14:30:00,NSE:PERSISTENT,526.05,526.65,524.7,526.0,26258.0
2020-05-27 15:00:00,NSE:PERSISTENT,526.0,529.9,525.0,529.9,30492.0
2020-05-27 15:30:00,NSE:PERSISTENT,526.1,526.1,526.1,526.1,33.0
2020-05-28 09:00:00,NSE:PERSISTENT,525.25,528.45,525.05,525.9,2290.0
2020-05-28 09:30:00,NSE:PERSISTENT,525.85,529.95,525.85,526.9,2192.0
2020-05-28 10:00:00,NSE:PERSISTENT,526.55,527.9,525.35,527.8,121492.0
2020-05-28 10:30:00,NSE:PERSISTENT,527.8,530.0,526.2,526.35,9069.0
2020-05-28 11:00:00,NSE:PERSISTENT,526.4,530.0,526.2,529.9,2620.0
2020-05-28 11:30:00,NSE:PERSISTENT,529.85,529.85,527.35,527.35,1611.0
2020-05-28 12:00:00,NSE:PERSISTENT,527.35,530.0,526.1,530.0,4967.0
2020-05-28 12:30:00,NSE:PERSISTENT,529.95,550.7,529.95,539.05,29424.0
2020-05-28 13:00:00,NSE:PERSISTENT,539.05,547.9,536.85,542.0,37906.0
2020-05-28 13:30:00,NSE:PERSISTENT,542.85,543.0,534.95,539.05,26737.0
2020-05-28 14:00:00,NSE:PERSISTENT,539.95,541.5,537.5,540.75,4655.0
2020-05-28 14:30:00,NSE:PERSISTENT,540.9,541.8,535.45,538.55,7940.0
2020-05-28 15:00:00,NSE:PERSISTENT,538.45,539.0,532.35,535.0,12656.0
2020-05-28 15:30:00,NSE:PERSISTENT,535.55,535.55,535.55,535.55,2.0
2020-05-29 09:00:00,NSE:PERSISTENT,535.0,540.35,527.15,536.5,4840.0
2020-05-29 09:30:00,NSE:PERSISTENT,536.5,537.7,534.05,535.5,1987.0
2020-05-29 10:00:00,NSE:PERSISTENT,535.05,536.2,534.45,535.5,1756.0
2020-05-29 10:30:00,NSE:PERSISTENT,536.0,537.0,535.5,536.0,1600.0
2020-05-29 11:00:00,NSE:PERSISTENT,536.0,536.45,535.15,535.95,1745.0
2020-05-29 11:30:00,NSE:PERSISTENT,535.75,535.8,534.0,534.75,693.0
2020-05-29 12:00:00,NSE:PERSISTENT,534.5,535.4,529.85,531.0,5803.0
2020-05-29 12:30:00,NSE:PERSISTENT,531.0,531.15,530.0,530.6,1444.0
2020-05-29 13:00:00,NSE:PERSISTENT,530.6,530.6,529.05,529.3,3324.0
2020-05-29 13:30:00,NSE:PERSISTENT,529.95,536.15,529.0,534.0,12413.0
2020-05-29 14:00:00,NSE:PERSISTENT,533.75,535.0,530.05,530.5,8131.0
2020-05-29 14:30:00,NSE:PERSISTENT,530.5,531.15,524.15,526.4,13562.0
2020-05-29 15:00:00,NSE:PERSISTENT,526.3,528.95,525.0,527.0,43735.0
2020-05-29 15:30:00,NSE:PERSISTENT,525.55,525.55,525.55,525.55,75.0
2020-06-01 09:00:00,NSE:PERSISTENT,530.0,532.95,528.55,530.75,2122.0
2020-06-01 09:30:00,NSE:PERSISTENT,530.8,533.2,530.15,532.0,2541.0
2020-06-01 10:00:00,NSE:PERSISTENT,532.0,541.0,532.0,538.6,15898.0
2020-06-01 10:30:00,NSE:PERSISTENT,538.6,539.5,535.25,538.0,3122.0
2020-06-01 11:00:00,NSE:PERSISTENT,538.05,547.0,538.05,544.5,14918.0
2020-06-01 11:30:00,NSE:PERSISTENT,544.6,548.0,541.8,546.0,4971.0
2020-06-01 12:00:00,NSE:PERSISTENT,546.0,546.95,543.0,543.85,1508.0
2020-06-01 12:30:00,NSE:PERSISTENT,542.9,546.0,542.0,543.2,3282.0
2020-06-01 13:00:00,NSE:PERSISTENT,543.1,553.0,542.75,551.35,9152.0
2020-06-01 13:30:00,NSE:PERSISTENT,550.6,553.0,549.5,550.55,11109.0
2020-06-01 14:00:00,NSE:PERSISTENT,551.0,559.0,550.0,555.0,12904.0
2020-06-01 14:30:00,NSE:PERSISTENT,555.0,555.0,550.0,551.9,4273.0
2020-06-01 15:00:00,NSE:PERSISTENT,551.05,553.7,550.0,552.95,12271.0
2020-06-01 15:30:00,NSE:PERSISTENT,552.95,552.95,551.4,551.4,34.0
2020-06-02 09:00:00,NSE:PERSISTENT,551.0,553.15,545.0,553.15,2691.0
2020-06-02 09:30:00,NSE:PERSISTENT,552.15,555.25,549.05,549.95,6107.0
2020-06-02 10:00:00,NSE:PERSISTENT,549.9,554.15,549.0,549.25,1494.0
2020-06-02 10:30:00,NSE:PERSISTENT,550.3,550.7,547.0,550.0,1406.0
2020-06-02 11:00:00,NSE:PERSISTENT,551.3,574.8,551.3,563.55,32797.0
2020-06-02 11:30:00,NSE:PERSISTENT,564.0,574.0,563.1,569.0,20705.0
2020-06-02 12:00:00,NSE:PERSISTENT,569.0,569.0,562.0,566.5,5732.0
2020-06-02 12:30:00,NSE:PERSISTENT,564.0,568.65,564.0,566.8,3730.0
2020-06-02 13:00:00,NSE:PERSISTENT,565.55,565.55,563.1,563.1,2712.0
2020-06-02 13:30:00,NSE:PERSISTENT,563.95,564.65,561.2,561.35,640.0
2020-06-02 14:00:00,NSE:PERSISTENT,561.85,562.0,555.25,561.75,7035.0
2020-06-02 14:30:00,NSE:PERSISTENT,560.3,561.0,556.2,559.7,12057.0
2020-06-02 15:00:00,NSE:PERSISTENT,559.7,562.75,558.05,559.95,8384.0
2020-06-02 15:30:00,NSE:PERSISTENT,560.05,560.05,560.05,560.05,100.0
2020-06-03 09:00:00,NSE:PERSISTENT,561.3,568.45,561.3,566.0,1720.0
2020-06-03 09:30:00,NSE:PERSISTENT,564.15,565.55,560.0,561.75,6024.0
2020-06-03 10:00:00,NSE:PERSISTENT,561.75,563.95,560.25,562.45,1730.0
2020-06-03 10:30:00,NSE:PERSISTENT,563.3,563.9,560.0,560.4,2078.0
2020-06-03 11:00:00,NSE:PERSISTENT,560.4,562.0,560.0,560.0,11815.0
2020-06-03 11:30:00,NSE:PERSISTENT,560.0,561.8,560.0,560.95,1729.0
2020-06-03 12:00:00,NSE:PERSISTENT,560.6,560.95,560.0,560.0,3175.0
2020-06-03 12:30:00,NSE:PERSISTENT,560.9,561.0,560.0,560.5,3361.0
2020-06-03 13:00:00,NSE:PERSISTENT,560.05,561.5,560.0,560.0,3537.0
2020-06-03 13:30:00,NSE:PERSISTENT,560.2,560.2,560.0,560.2,1022.0
2020-06-03 14:00:00,NSE:PERSISTENT,560.0,560.6,560.0,560.0,10251.0
2020-06-03 14:30:00,NSE:PERSISTENT,560.0,563.35,560.0,560.45,3099.0
2020-06-03 15:00:00,NSE:PERSISTENT,560.25,561.95,560.0,560.0,10421.0
2020-06-03 15:30:00,NSE:PERSISTENT,560.25,560.25,560.25,560.25,2.0
2020-06-04 09:00:00,NSE:PERSISTENT,560.6,569.75,560.6,566.2,3962.0
2020-06-04 09:30:00,NSE:PERSISTENT,566.2,566.25,561.85,565.0,3455.0
2020-06-04 10:00:00,NSE:PERSISTENT,565.0,565.8,563.0,563.35,2358.0
2020-06-04 10:30:00,NSE:PERSISTENT,563.2,563.45,560.65,561.0,3973.0
2020-06-04 11:00:00,NSE:PERSISTENT,561.0,561.75,560.0,560.0,5647.0
2020-06-04 11:30:00,NSE:PERSISTENT,560.85,562.4,560.0,561.5,3321.0
2020-06-04 12:00:00,NSE:PERSISTENT,562.3,564.7,562.3,564.25,2233.0
2020-06-04 12:30:00,NSE:PERSISTENT,562.6,563.5,560.0,562.15,2460.0
2020-06-04 13:00:00,NSE:PERSISTENT,561.1,562.2,560.95,561.1,1330.0
2020-06-04 13:30:00,NSE:PERSISTENT,561.1,563.6,561.1,563.6,1911.0
2020-06-04 14:00:00,NSE:PERSISTENT,563.7,566.75,563.15,564.2,6571.0
2020-06-04 14:30:00,NSE:PERSISTENT,563.5,574.0,563.5,574.0,20235.0
2020-06-04 15:00:00,NSE:PERSISTENT,574.0,574.0,564.1,564.5,142787.0
2020-06-04 15:30:00,NSE:PERSISTENT,564.5,570.05,564.5,570.05,55.0
2020-06-05 09:00:00,NSE:PERSISTENT,571.9,571.9,565.2,565.65,3218.0
2020-06-05 09:30:00,NSE:PERSISTENT,565.7,566.6,560.5,561.65,12678.0
2020-06-05 10:00:00,NSE:PERSISTENT,561.05,564.55,561.0,562.25,4961.0
2020-06-05 10:30:00,NSE:PERSISTENT,562.85,566.0,562.25,564.8,2100.0
2020-06-05 11:00:00,NSE:PERSISTENT,564.8,566.15,563.35,565.6,2822.0
2020-06-05 11:30:00,NSE:PERSISTENT,565.55,566.1,564.0,565.85,3651.0
2020-06-05 12:00:00,NSE:PERSISTENT,565.8,570.5,565.0,568.5,11218.0
2020-06-05 12:30:00,NSE:PERSISTENT,568.5,570.9,568.5,570.6,6053.0
2020-06-05 13:00:00,NSE:PERSISTENT,570.6,572.35,570.0,572.0,4116.0
2020-06-05 13:30:00,NSE:PERSISTENT,572.1,573.5,571.55,572.05,5412.0
2020-06-05 14:00:00,NSE:PERSISTENT,572.05,572.5,572.0,572.1,4114.0
2020-06-05 14:30:00,NSE:PERSISTENT,572.25,572.25,572.0,572.0,14230.0
2020-06-05 15:00:00,NSE:PERSISTENT,572.05,573.0,570.35,571.4,17126.0
2020-06-05 15:30:00,NSE:PERSISTENT,572.05,572.05,572.05,572.05,3.0
2020-06-08 09:00:00,NSE:PERSISTENT,575.0,578.0,573.7,576.5,5079.0
2020-06-08 09:30:00,NSE:PERSISTENT,575.55,577.0,574.05,575.4,5159.0
2020-06-08 10:00:00,NSE:PERSISTENT,575.4,585.0,575.0,581.6,14947.0
2020-06-08 10:30:00,NSE:PERSISTENT,582.8,583.0,580.1,581.0,3826.0
2020-06-08 11:00:00,NSE:PERSISTENT,581.0,581.95,580.0,580.65,3795.0
2020-06-08 11:30:00,NSE:PERSISTENT,580.15,582.0,580.05,582.0,3245.0
2020-06-08 12:00:00,NSE:PERSISTENT,582.35,583.1,581.55,582.35,1996.0
2020-06-08 12:30:00,NSE:PERSISTENT,582.0,583.5,576.65,577.95,8769.0
2020-06-08 13:00:00,NSE:PERSISTENT,577.9,581.85,575.0,578.05,4792.0
2020-06-08 13:30:00,NSE:PERSISTENT,578.85,583.35,578.0,583.35,3727.0
2020-06-08 14:00:00,NSE:PERSISTENT,583.35,584.75,580.45,582.2,7591.0
2020-06-08 14:30:00,NSE:PERSISTENT,583.0,584.35,580.4,582.0,2812.0
2020-06-08 15:00:00,NSE:PERSISTENT,582.0,583.9,580.45,583.25,8564.0
2020-06-08 15:30:00,NSE:PERSISTENT,581.0,581.45,581.0,581.45,346.0
2020-06-09 09:00:00,NSE:PERSISTENT,575.55,581.0,573.0,576.55,1748.0
2020-06-09 09:30:00,NSE:PERSISTENT,576.5,579.55,575.0,579.55,2563.0
2020-06-09 10:00:00,NSE:PERSISTENT,579.5,583.15,578.5,581.3,2981.0
2020-06-09 10:30:00,NSE:PERSISTENT,580.6,584.7,580.5,581.4,2759.0
2020-06-09 11:00:00,NSE:PERSISTENT,581.35,581.95,580.0,581.35,1542.0
2020-06-09 11:30:00,NSE:PERSISTENT,580.45,581.95,580.0,581.05,1396.0
2020-06-09 12:00:00,NSE:PERSISTENT,581.05,582.5,580.0,582.5,2298.0
2020-06-09 12:30:00,NSE:PERSISTENT,583.15,583.95,581.1,581.1,1398.0
2020-06-09 13:00:00,NSE:PERSISTENT,581.0,583.5,580.45,582.5,1802.0
2020-06-09 13:30:00,NSE:PERSISTENT,582.5,583.45,580.05,582.4,2506.0
2020-06-09 14:00:00,NSE:PERSISTENT,581.5,583.7,580.1,581.25,3207.0
2020-06-09 14:30:00,NSE:PERSISTENT,581.8,583.35,580.25,582.95,4784.0
2020-06-09 15:00:00,NSE:PERSISTENT,582.8,583.7,581.05,582.0,8235.0
2020-06-10 09:00:00,NSE:PERSISTENT,582.0,589.75,582.0,587.75,3581.0
2020-06-10 09:30:00,NSE:PERSISTENT,587.8,588.5,583.4,583.6,2756.0
2020-06-10 10:00:00,NSE:PERSISTENT,583.65,583.9,581.0,582.95,2378.0
2020-06-10 10:30:00,NSE:PERSISTENT,582.7,583.5,582.05,583.5,636.0
2020-06-10 11:00:00,NSE:PERSISTENT,582.75,586.5,582.75,585.4,2812.0
2020-06-10 11:30:00,NSE:PERSISTENT,585.45,588.85,585.05,588.75,2516.0
2020-06-10 12:00:00,NSE:PERSISTENT,588.75,588.75,585.0,586.0,2375.0
2020-06-10 12:30:00,NSE:PERSISTENT,586.0,587.5,584.45,587.35,3884.0
2020-06-10 13:00:00,NSE:PERSISTENT,587.45,587.75,585.05,585.65,2616.0
2020-06-10 13:30:00,NSE:PERSISTENT,586.65,587.35,585.7,586.5,2014.0
2020-06-10 14:00:00,NSE:PERSISTENT,585.5,586.7,585.0,586.5,2877.0
2020-06-10 14:30:00,NSE:PERSISTENT,586.2,589.45,584.05,586.95,8834.0
2020-06-10 15:00:00,NSE:PERSISTENT,586.95,589.75,585.25,589.0,10170.0
2020-06-11 09:00:00,NSE:PERSISTENT,593.65,593.65,587.45,588.05,2797.0
2020-06-11 09:30:00,NSE:PERSISTENT,589.25,589.25,586.0,586.35,2979.0
2020-06-11 10:00:00,NSE:PERSISTENT,586.35,587.5,585.95,586.95,2214.0
2020-06-11 10:30:00,NSE:PERSISTENT,586.95,589.75,585.65,588.45,1610.0
2020-06-11 11:00:00,NSE:PERSISTENT,588.75,588.75,586.0,586.95,944.0
2020-06-11 11:30:00,NSE:PERSISTENT,587.4,588.7,587.0,587.55,965.0
2020-06-11 12:00:00,NSE:PERSISTENT,587.2,588.0,585.45,587.85,2184.0
2020-06-11 12:30:00,NSE:PERSISTENT,587.85,592.0,586.0,590.75,151170.0
2020-06-11 13:00:00,NSE:PERSISTENT,590.75,590.95,589.0,590.0,2308.0
2020-06-11 13:30:00,NSE:PERSISTENT,589.05,591.05,589.0,590.95,1803.0
2020-06-11 14:00:00,NSE:PERSISTENT,590.0,591.0,588.0,590.3,8428.0
2020-06-11 14:30:00,NSE:PERSISTENT,589.7,592.9,589.05,592.15,4940.0
2020-06-11 15:00:00,NSE:PERSISTENT,592.15,592.75,589.0,590.5,7364.0
2020-06-12 09:00:00,NSE:PERSISTENT,573.0,582.3,572.35,577.0,5370.0
2020-06-12 09:30:00,NSE:PERSISTENT,577.0,578.85,576.05,577.5,1917.0
2020-06-12 10:00:00,NSE:PERSISTENT,578.05,580.0,578.0,579.5,1752.0
2020-06-12 10:30:00,NSE:PERSISTENT,579.45,581.95,578.0,579.95,2725.0
2020-06-12 11:00:00,NSE:PERSISTENT,579.0,582.0,578.5,579.5,1141.0
2020-06-12 11:30:00,NSE:PERSISTENT,579.85,582.55,577.85,581.25,1507.0
2020-06-12 12:00:00,NSE:PERSISTENT,581.25,581.65,580.5,580.5,221.0
2020-06-12 12:30:00,NSE:PERSISTENT,581.0,581.8,580.5,581.65,562.0
2020-06-12 13:00:00,NSE:PERSISTENT,581.65,581.9,580.0,580.05,3982.0
2020-06-12 13:30:00,NSE:PERSISTENT,580.8,583.5,580.8,583.5,2484.0
2020-06-12 14:00:00,NSE:PERSISTENT,583.5,584.9,583.0,583.4,757.0
2020-06-12 14:30:00,NSE:PERSISTENT,583.85,587.2,583.1,585.0,2365.0
2020-06-12 15:00:00,NSE:PERSISTENT,585.1,587.15,583.0,585.1,3768.0
2020-06-15 09:00:00,NSE:PERSISTENT,583.0,598.15,583.0,590.2,3379.0
2020-06-15 09:30:00,NSE:PERSISTENT,592.85,592.85,582.4,582.4,2386.0
2020-06-15 10:00:00,NSE:PERSISTENT,582.85,585.45,582.05,585.45,23239.0
2020-06-15 10:30:00,NSE:PERSISTENT,586.0,586.85,583.75,584.8,1460.0
2020-06-15 11:00:00,NSE:PERSISTENT,584.1,595.0,584.1,589.15,5025.0
2020-06-15 11:30:00,NSE:PERSISTENT,589.1,591.0,585.05,585.05,1835.0
2020-06-15 12:00:00,NSE:PERSISTENT,586.8,589.0,585.0,585.35,1570.0
2020-06-15 12:30:00,NSE:PERSISTENT,585.9,588.15,585.05,586.25,693.0
2020-06-15 13:00:00,NSE:PERSISTENT,586.25,588.1,585.4,588.1,552.0
2020-06-15 13:30:00,NSE:PERSISTENT,587.65,590.6,586.05,590.6,780.0
2020-06-15 14:00:00,NSE:PERSISTENT,590.5,590.55,589.45,589.95,1130.0
2020-06-15 14:30:00,NSE:PERSISTENT,589.85,590.6,588.75,590.25,3086.0
2020-06-15 15:00:00,NSE:PERSISTENT,590.95,597.6,588.95,597.6,15609.0
2020-06-16 09:00:00,NSE:PERSISTENT,599.0,599.7,591.35,594.65,6231.0
2020-06-16 09:30:00,NSE:PERSISTENT,594.55,595.25,589.6,592.75,4964.0
2020-06-16 10:00:00,NSE:PERSISTENT,593.95,594.0,592.7,593.75,2427.0
2020-06-16 10:30:00,NSE:PERSISTENT,593.85,595.4,593.7,594.1,1648.0
2020-06-16 11:00:00,NSE:PERSISTENT,594.1,595.2,594.05,595.05,1189.0
2020-06-16 11:30:00,NSE:PERSISTENT,595.05,595.5,593.5,594.95,12558.0
2020-06-16 12:00:00,NSE:PERSISTENT,595.0,595.0,592.2,594.75,2983.0
2020-06-16 12:30:00,NSE:PERSISTENT,594.35,594.65,590.6,590.95,1371.0
2020-06-16 13:00:00,NSE:PERSISTENT,590.95,593.9,590.9,591.25,2040.0
2020-06-16 13:30:00,NSE:PERSISTENT,591.2,593.4,586.0,593.3,3803.0
2020-06-16 14:00:00,NSE:PERSISTENT,593.0,594.0,590.05,591.5,1683.0
2020-06-16 14:30:00,NSE:PERSISTENT,592.2,592.2,576.1,582.5,7755.0
2020-06-16 15:00:00,NSE:PERSISTENT,581.15,583.8,576.3,581.95,8934.0
2020-06-16 15:30:00,NSE:PERSISTENT,579.5,579.5,579.5,579.5,50.0
2020-06-17 09:00:00,NSE:PERSISTENT,572.05,580.0,572.05,580.0,1289.0
2020-06-17 09:30:00,NSE:PERSISTENT,580.05,586.65,580.05,586.65,2129.0
2020-06-17 10:00:00,NSE:PERSISTENT,587.3,588.0,581.0,582.5,1110.0
2020-06-17 10:30:00,NSE:PERSISTENT,583.05,593.0,583.05,592.75,2064.0
2020-06-17 11:00:00,NSE:PERSISTENT,592.75,593.8,584.45,587.45,1451.0
2020-06-17 11:30:00,NSE:PERSISTENT,586.6,588.85,585.7,588.4,321.0
2020-06-17 12:00:00,NSE:PERSISTENT,587.5,587.5,585.15,585.2,167.0
2020-06-17 12:30:00,NSE:PERSISTENT,586.5,586.5,580.5,582.0,1207.0
2020-06-17 13:00:00,NSE:PERSISTENT,581.9,581.9,579.75,580.15,1031.0
2020-06-17 13:30:00,NSE:PERSISTENT,580.15,581.0,580.1,580.1,245.0
2020-06-17 14:00:00,NSE:PERSISTENT,581.0,585.85,581.0,583.45,1342.0
2020-06-17 14:30:00,NSE:PERSISTENT,581.8,584.3,580.15,584.3,826.0
2020-06-17 15:00:00,NSE:PERSISTENT,581.4,596.0,581.4,594.0,11433.0
2020-06-18 09:00:00,NSE:PERSISTENT,593.45,595.0,588.35,590.0,1494.0
2020-06-18 09:30:00,NSE:PERSISTENT,590.15,591.25,585.65,585.65,2710.0
2020-06-18 10:00:00,NSE:PERSISTENT,585.65,588.75,585.05,588.6,2044.0
2020-06-18 10:30:00,NSE:PERSISTENT,588.6,591.35,587.55,589.15,1961.0
2020-06-18 11:00:00,NSE:PERSISTENT,589.95,592.0,589.0,591.7,1935.0
2020-06-18 11:30:00,NSE:PERSISTENT,590.7,592.7,588.15,589.75,2576.0
2020-06-18 12:00:00,NSE:PERSISTENT,591.35,591.45,589.0,590.0,294.0
2020-06-18 12:30:00,NSE:PERSISTENT,589.1,590.05,589.0,589.9,97.0
2020-06-18 13:00:00,NSE:PERSISTENT,589.9,589.95,585.3,586.8,3064.0
2020-06-18 13:30:00,NSE:PERSISTENT,587.0,589.35,585.1,585.2,2837.0
2020-06-18 14:00:00,NSE:PERSISTENT,586.2,587.45,585.1,586.55,1623.0
2020-06-18 14:30:00,NSE:PERSISTENT,586.5,587.4,585.4,585.45,1406.0
2020-06-18 15:00:00,NSE:PERSISTENT,585.45,587.25,580.0,584.0,4589.0
2020-06-18 15:30:00,NSE:PERSISTENT,584.7,584.7,584.7,584.7,13.0
2020-06-19 09:00:00,NSE:PERSISTENT,585.1,594.3,585.1,593.6,1416.0
2020-06-19 09:30:00,NSE:PERSISTENT,592.6,592.7,580.0,582.9,5705.0
2020-06-19 10:00:00,NSE:PERSISTENT,581.6,582.1,575.0,578.0,5596.0
2020-06-19 10:30:00,NSE:PERSISTENT,576.85,578.45,572.25,574.45,10653.0
2020-06-19 11:00:00,NSE:PERSISTENT,574.45,576.95,574.0,576.2,6507.0
2020-06-19 11:30:00,NSE:PERSISTENT,576.15,581.0,575.6,578.1,4625.0
2020-06-19 12:00:00,NSE:PERSISTENT,578.1,579.95,577.05,578.75,2893.0
2020-06-19 12:30:00,NSE:PERSISTENT,578.75,579.45,577.9,578.9,754.0
2020-06-19 13:00:00,NSE:PERSISTENT,578.5,596.0,578.05,596.0,11054.0
2020-06-19 13:30:00,NSE:PERSISTENT,596.0,599.0,595.05,597.65,9212.0
2020-06-19 14:00:00,NSE:PERSISTENT,597.15,597.9,594.25,596.7,3528.0
2020-06-19 14:30:00,NSE:PERSISTENT,596.45,614.85,596.35,605.45,63111.0
2020-06-19 15:00:00,NSE:PERSISTENT,605.55,610.0,598.35,605.0,59138.0
2020-06-19 15:30:00,NSE:PERSISTENT,601.6,601.6,601.6,601.6,2.0
2020-06-22 09:00:00,NSE:PERSISTENT,604.0,614.95,603.5,604.3,4429.0
2020-06-22 09:30:00,NSE:PERSISTENT,604.55,608.2,600.1,602.3,6036.0
2020-06-22 10:00:00,NSE:PERSISTENT,602.3,605.0,602.15,604.25,5523.0
2020-06-22 10:30:00,NSE:PERSISTENT,605.0,609.2,603.0,607.95,8159.0
2020-06-22 11:00:00,NSE:PERSISTENT,608.3,609.65,604.85,606.8,3163.0
2020-06-22 11:30:00,NSE:PERSISTENT,606.55,609.85,606.4,609.7,1580.0
2020-06-22 12:00:00,NSE:PERSISTENT,609.8,611.6,608.5,610.05,4486.0
2020-06-22 12:30:00,NSE:PERSISTENT,610.4,611.0,610.0,610.9,814.0
2020-06-22 13:00:00,NSE:PERSISTENT,610.05,611.3,610.0,610.05,4402.0
2020-06-22 13:30:00,NSE:PERSISTENT,611.2,614.15,610.05,613.95,17984.0
2020-06-22 14:00:00,NSE:PERSISTENT,613.8,616.0,612.05,613.25,7802.0
2020-06-22 14:30:00,NSE:PERSISTENT,613.15,619.0,613.05,617.25,20597.0
2020-06-22 15:00:00,NSE:PERSISTENT,617.85,617.95,615.0,615.0,11824.0
2020-06-22 15:30:00,NSE:PERSISTENT,615.35,616.1,615.35,616.1,142.0
2020-06-23 09:00:00,NSE:PERSISTENT,608.05,612.2,605.0,610.0,3655.0
2020-06-23 09:30:00,NSE:PERSISTENT,610.0,611.75,608.6,609.8,1674.0
2020-06-23 10:00:00,NSE:PERSISTENT,610.65,618.4,610.65,615.0,4878.0
2020-06-23 10:30:00,NSE:PERSISTENT,616.0,619.0,614.9,618.0,7121.0
2020-06-23 11:00:00,NSE:PERSISTENT,617.0,618.85,615.3,616.75,1040.0
2020-06-23 11:30:00,NSE:PERSISTENT,616.5,616.75,615.0,615.05,1183.0
2020-06-23 12:00:00,NSE:PERSISTENT,615.05,616.35,615.0,615.8,1033.0
2020-06-23 12:30:00,NSE:PERSISTENT,615.05,617.0,615.0,617.0,1021.0
2020-06-23 13:00:00,NSE:PERSISTENT,617.0,617.65,615.7,616.5,1239.0
2020-06-23 13:30:00,NSE:PERSISTENT,616.5,617.15,615.0,617.0,2083.0
2020-06-23 14:00:00,NSE:PERSISTENT,614.95,616.95,614.95,616.75,1706.0
2020-06-23 14:30:00,NSE:PERSISTENT,616.0,619.0,615.7,617.0,13346.0
2020-06-23 15:00:00,NSE:PERSISTENT,617.0,618.95,615.45,618.95,6347.0
2020-06-23 15:30:00,NSE:PERSISTENT,616.2,616.2,616.2,616.2,50.0
2020-06-24 09:00:00,NSE:PERSISTENT,609.0,615.95,609.0,610.6,1506.0
2020-06-24 09:30:00,NSE:PERSISTENT,611.65,611.75,606.65,608.05,3046.0
2020-06-24 10:00:00,NSE:PERSISTENT,608.8,609.95,601.85,603.45,5314.0
2020-06-24 10:30:00,NSE:PERSISTENT,604.4,605.6,603.05,604.0,2415.0
2020-06-24 11:00:00,NSE:PERSISTENT,604.0,607.4,603.8,607.4,2471.0
2020-06-24 11:30:00,NSE:PERSISTENT,607.0,608.95,607.0,608.95,3488.0
2020-06-24 12:00:00,NSE:PERSISTENT,609.15,611.8,608.0,610.0,5623.0
2020-06-24 12:30:00,NSE:PERSISTENT,610.55,611.6,610.15,611.5,1938.0
2020-06-24 13:00:00,NSE:PERSISTENT,611.5,613.0,610.3,611.5,6787.0
2020-06-24 13:30:00,NSE:PERSISTENT,611.5,613.0,610.55,612.5,3985.0
2020-06-24 14:00:00,NSE:PERSISTENT,612.85,613.0,611.0,612.25,4846.0
2020-06-24 14:30:00,NSE:PERSISTENT,612.25,612.65,611.3,612.35,11953.0
2020-06-24 15:00:00,NSE:PERSISTENT,612.35,615.9,610.0,615.9,17891.0
2020-06-25 09:00:00,NSE:PERSISTENT,614.95,617.0,610.0,610.9,3587.0
2020-06-25 09:30:00,NSE:PERSISTENT,610.45,615.85,610.45,615.0,2028.0
2020-06-25 10:00:00,NSE:PERSISTENT,615.0,616.25,615.0,615.05,1658.0
2020-06-25 10:30:00,NSE:PERSISTENT,615.9,615.9,611.05,611.5,1387.0
2020-06-25 11:00:00,NSE:PERSISTENT,612.6,613.0,610.0,610.0,1572.0
2020-06-25 11:30:00,NSE:PERSISTENT,610.2,611.0,608.1,610.1,3237.0
2020-06-25 12:00:00,NSE:PERSISTENT,610.1,612.85,610.0,612.85,644.0
2020-06-25 12:30:00,NSE:PERSISTENT,612.55,612.55,611.0,611.0,1441.0
2020-06-25 13:00:00,NSE:PERSISTENT,611.0,611.75,608.3,608.8,766.0
2020-06-25 13:30:00,NSE:PERSISTENT,608.8,610.65,607.6,608.25,1001.0
2020-06-25 14:00:00,NSE:PERSISTENT,608.3,622.05,608.0,618.9,9172.0
2020-06-25 14:30:00,NSE:PERSISTENT,618.8,620.0,608.85,610.0,8239.0
2020-06-25 15:00:00,NSE:PERSISTENT,610.0,613.85,605.0,605.0,12261.0
2020-06-25 15:30:00,NSE:PERSISTENT,609.6,609.6,609.6,609.6,26.0
2020-06-26 09:00:00,NSE:PERSISTENT,610.0,616.95,609.2,609.95,1181.0
2020-06-26 09:30:00,NSE:PERSISTENT,611.3,620.0,606.0,616.0,11447.0
2020-06-26 10:00:00,NSE:PERSISTENT,617.05,624.4,616.0,619.65,14013.0
2020-06-26 10:30:00,NSE:PERSISTENT,622.55,629.8,618.05,622.0,46117.0
2020-06-26 11:00:00,NSE:PERSISTENT,622.05,628.9,620.0,625.1,7608.0
2020-06-26 11:30:00,NSE:PERSISTENT,624.05,627.85,620.0,621.5,5701.0
2020-06-26 12:00:00,NSE:PERSISTENT,622.5,635.5,620.0,624.2,32237.0
2020-06-26 12:30:00,NSE:PERSISTENT,624.3,627.6,622.2,626.3,6749.0
2020-06-26 13:00:00,NSE:PERSISTENT,625.5,626.25,622.6,625.35,4612.0
2020-06-26 13:30:00,NSE:PERSISTENT,625.1,629.0,623.0,626.0,12765.0
2020-06-26 14:00:00,NSE:PERSISTENT,626.05,627.5,623.0,626.85,4039.0
2020-06-26 14:30:00,NSE:PERSISTENT,625.9,626.85,622.65,626.85,5613.0
2020-06-26 15:00:00,NSE:PERSISTENT,627.0,630.0,624.4,627.0,19698.0
2020-06-26 15:30:00,NSE:PERSISTENT,627.25,627.25,627.25,627.25,30.0
2020-06-29 09:00:00,NSE:PERSISTENT,634.9,634.9,622.5,627.0,3177.0
2020-06-29 09:30:00,NSE:PERSISTENT,626.45,629.65,624.0,628.2,4665.0
2020-06-29 10:00:00,NSE:PERSISTENT,628.5,634.6,627.5,631.85,5248.0
2020-06-29 10:30:00,NSE:PERSISTENT,633.45,633.45,630.1,630.45,2035.0
2020-06-29 11:00:00,NSE:PERSISTENT,631.75,632.0,629.75,630.05,5038.0
2020-06-29 11:30:00,NSE:PERSISTENT,630.0,632.25,630.0,630.2,3498.0
2020-06-29 12:00:00,NSE:PERSISTENT,630.2,631.0,629.6,630.7,7486.0
2020-06-29 12:30:00,NSE:PERSISTENT,630.65,631.0,630.0,630.85,2284.0
2020-06-29 13:00:00,NSE:PERSISTENT,630.85,630.95,630.0,630.75,728.0
2020-06-29 13:30:00,NSE:PERSISTENT,630.75,631.0,629.85,630.5,1666.0
2020-06-29 14:00:00,NSE:PERSISTENT,630.0,631.0,629.6,631.0,3724.0
2020-06-29 14:30:00,NSE:PERSISTENT,631.0,632.0,629.5,630.5,3093.0
2020-06-29 15:00:00,NSE:PERSISTENT,631.4,636.2,630.0,630.0,8845.0
2020-06-29 15:30:00,NSE:PERSISTENT,630.1,630.1,630.1,630.1,1.0
2020-06-30 09:00:00,NSE:PERSISTENT,638.95,641.15,636.0,639.5,3028.0
2020-06-30 09:30:00,NSE:PERSISTENT,639.05,639.5,632.0,633.5,4402.0
2020-06-30 10:00:00,NSE:PERSISTENT,633.95,638.6,631.0,635.0,4817.0
2020-06-30 10:30:00,NSE:PERSISTENT,635.9,637.35,635.0,636.3,1414.0
2020-06-30 11:00:00,NSE:PERSISTENT,638.0,638.0,635.0,635.7,5616.0
2020-06-30 11:30:00,NSE:PERSISTENT,636.5,637.4,635.0,635.35,1669.0
2020-06-30 12:00:00,NSE:PERSISTENT,636.85,636.85,635.0,635.45,640.0
2020-06-30 12:30:00,NSE:PERSISTENT,635.55,638.0,635.0,636.35,4173.0
2020-06-30 13:00:00,NSE:PERSISTENT,636.85,637.65,635.0,635.35,3176.0
2020-06-30 13:30:00,NSE:PERSISTENT,635.35,635.95,634.35,634.8,5537.0
2020-06-30 14:00:00,NSE:PERSISTENT,634.8,636.0,634.3,634.4,9661.0
2020-06-30 14:30:00,NSE:PERSISTENT,634.4,635.9,634.15,635.0,5641.0
2020-06-30 15:00:00,NSE:PERSISTENT,635.0,636.7,634.95,636.0,14990.0
2020-06-30 15:30:00,NSE:PERSISTENT,635.1,635.1,635.1,635.1,8.0
2020-07-01 09:00:00,NSE:PERSISTENT,638.0,640.0,637.15,639.9,2168.0
2020-07-01 09:30:00,NSE:PERSISTENT,639.9,643.85,639.85,642.9,2402.0
2020-07-01 10:00:00,NSE:PERSISTENT,642.85,646.0,639.35,643.75,7834.0
2020-07-01 10:30:00,NSE:PERSISTENT,644.0,646.0,642.25,643.4,8464.0
2020-07-01 11:00:00,NSE:PERSISTENT,643.45,645.4,642.65,643.4,1625.0
2020-07-01 11:30:00,NSE:PERSISTENT,643.95,645.0,641.95,641.95,1606.0
2020-07-01 12:00:00,NSE:PERSISTENT,640.5,643.75,639.25,643.0,1130.0
2020-07-01 12:30:00,NSE:PERSISTENT,643.0,644.15,641.25,643.0,1030.0
2020-07-01 13:00:00,NSE:PERSISTENT,642.8,644.0,642.05,643.95,995.0
2020-07-01 13:30:00,NSE:PERSISTENT,643.95,644.0,641.25,643.4,1395.0
2020-07-01 14:00:00,NSE:PERSISTENT,643.4,644.0,642.3,643.85,1823.0
2020-07-01 14:30:00,NSE:PERSISTENT,643.85,644.0,642.35,643.95,4100.0
2020-07-01 15:00:00,NSE:PERSISTENT,643.95,644.55,630.5,634.0,10601.0
2020-07-01 15:30:00,NSE:PERSISTENT,638.25,638.25,638.25,638.25,50.0
2020-07-02 09:00:00,NSE:PERSISTENT,636.0,642.55,632.75,634.75,3168.0
2020-07-02 09:30:00,NSE:PERSISTENT,634.5,639.4,632.0,636.0,2590.0
2020-07-02 10:00:00,NSE:PERSISTENT,636.0,641.35,635.15,640.05,5897.0
2020-07-02 10:30:00,NSE:PERSISTENT,640.95,644.25,640.0,643.25,4625.0
2020-07-02 11:00:00,NSE:PERSISTENT,643.25,649.0,641.0,641.2,15023.0
2020-07-02 11:30:00,NSE:PERSISTENT,641.25,643.45,640.15,641.0,3417.0
2020-07-02 12:00:00,NSE:PERSISTENT,641.0,642.55,640.9,641.6,1555.0
2020-07-02 12:30:00,NSE:PERSISTENT,641.95,644.3,641.05,642.25,1991.0
2020-07-02 13:00:00,NSE:PERSISTENT,642.25,645.0,640.95,641.35,5160.0
2020-07-02 13:30:00,NSE:PERSISTENT,641.35,642.0,638.0,640.0,10220.0
2020-07-02 14:00:00,NSE:PERSISTENT,640.0,647.0,637.1,645.0,41825.0
2020-07-02 14:30:00,NSE:PERSISTENT,645.1,647.0,640.7,642.0,6168.0
2020-07-02 15:00:00,NSE:PERSISTENT,642.05,644.6,640.0,643.4,5990.0
2020-07-03 09:00:00,NSE:PERSISTENT,645.0,645.0,632.3,633.5,8410.0
2020-07-03 09:30:00,NSE:PERSISTENT,633.0,637.65,628.0,634.5,11765.0
2020-07-03 10:00:00,NSE:PERSISTENT,634.8,639.0,633.15,634.35,3059.0
2020-07-03 10:30:00,NSE:PERSISTENT,635.4,637.1,633.9,637.0,2328.0
2020-07-03 11:00:00,NSE:PERSISTENT,635.75,636.3,635.0,635.05,1160.0
2020-07-03 11:30:00,NSE:PERSISTENT,635.05,638.95,635.0,638.95,1534.0
2020-07-03 12:00:00,NSE:PERSISTENT,638.8,638.8,635.5,636.5,4409.0
2020-07-03 12:30:00,NSE:PERSISTENT,635.85,638.0,635.8,636.2,2012.0
2020-07-03 13:00:00,NSE:PERSISTENT,637.05,639.55,636.15,639.25,2341.0
2020-07-03 13:30:00,NSE:PERSISTENT,639.25,639.45,638.0,638.25,2566.0
2020-07-03 14:00:00,NSE:PERSISTENT,638.0,642.05,638.0,641.75,3404.0
2020-07-03 14:30:00,NSE:PERSISTENT,641.7,643.0,639.15,641.9,3247.0
2020-07-03 15:00:00,NSE:PERSISTENT,641.85,645.1,640.0,645.05,5284.0
2020-07-06 09:00:00,NSE:PERSISTENT,640.1,645.0,639.15,641.65,18277.0
2020-07-06 09:30:00,NSE:PERSISTENT,640.0,642.0,640.0,641.05,2703.0
2020-07-06 10:00:00,NSE:PERSISTENT,641.95,654.3,641.1,649.55,14009.0
2020-07-06 10:30:00,NSE:PERSISTENT,650.0,651.55,649.65,650.0,4521.0
2020-07-06 11:00:00,NSE:PERSISTENT,650.1,650.95,642.15,650.5,10405.0
2020-07-06 11:30:00,NSE:PERSISTENT,650.45,650.45,648.55,649.55,2732.0
2020-07-06 12:00:00,NSE:PERSISTENT,649.55,649.55,647.5,647.7,909.0
2020-07-06 12:30:00,NSE:PERSISTENT,647.7,649.3,645.05,649.3,1557.0
2020-07-06 13:00:00,NSE:PERSISTENT,649.3,651.45,648.3,650.05,3466.0
2020-07-06 13:30:00,NSE:PERSISTENT,650.05,651.5,650.0,651.0,1598.0
2020-07-06 14:00:00,NSE:PERSISTENT,651.0,651.0,650.0,650.85,3122.0
2020-07-06 14:30:00,NSE:PERSISTENT,650.0,651.0,650.0,651.0,2287.0
2020-07-06 15:00:00,NSE:PERSISTENT,651.0,654.3,650.1,650.1,24662.0
2020-07-06 15:30:00,NSE:PERSISTENT,651.35,651.35,651.35,651.35,1.0
2020-07-07 09:00:00,NSE:PERSISTENT,652.5,655.3,650.1,654.15,5573.0
2020-07-07 09:30:00,NSE:PERSISTENT,654.45,662.75,652.0,657.95,11389.0
2020-07-07 10:00:00,NSE:PERSISTENT,657.0,666.0,657.0,663.0,18284.0
2020-07-07 10:30:00,NSE:PERSISTENT,663.0,668.9,663.0,667.65,9588.0
2020-07-07 11:00:00,NSE:PERSISTENT,667.5,669.3,667.05,668.2,8541.0
2020-07-07 11:30:00,NSE:PERSISTENT,668.2,669.5,667.45,668.55,10883.0
2020-07-07 12:00:00,NSE:PERSISTENT,669.4,673.0,668.7,672.0,18801.0
2020-07-07 12:30:00,NSE:PERSISTENT,672.0,673.75,668.0,672.3,19015.0
2020-07-07 13:00:00,NSE:PERSISTENT,672.2,676.6,671.0,674.4,17521.0
2020-07-07 13:30:00,NSE:PERSISTENT,673.9,676.0,672.8,676.0,7375.0
2020-07-07 14:00:00,NSE:PERSISTENT,676.0,680.9,675.05,677.7,8845.0
2020-07-07 14:30:00,NSE:PERSISTENT,678.5,681.5,676.4,681.0,6167.0
2020-07-07 15:00:00,NSE:PERSISTENT,681.3,682.0,674.0,677.0,15292.0
2020-07-07 15:30:00,NSE:PERSISTENT,679.55,679.55,679.55,679.55,5.0
2020-07-08 09:00:00,NSE:PERSISTENT,671.6,679.85,670.15,673.0,8119.0
2020-07-08 09:30:00,NSE:PERSISTENT,672.5,686.95,671.7,686.15,13068.0
2020-07-08 10:00:00,NSE:PERSISTENT,686.2,700.0,686.0,696.0,19280.0
2020-07-08 10:30:00,NSE:PERSISTENT,696.0,705.3,695.3,701.0,16806.0
2020-07-08 11:00:00,NSE:PERSISTENT,700.55,701.0,695.0,695.25,7555.0
2020-07-08 11:30:00,NSE:PERSISTENT,695.25,709.5,695.0,704.45,28046.0
2020-07-08 12:00:00,NSE:PERSISTENT,704.6,704.8,697.55,700.0,5191.0
2020-07-08 12:30:00,NSE:PERSISTENT,700.5,705.0,699.35,699.35,3580.0
2020-07-08 13:00:00,NSE:PERSISTENT,699.75,701.95,698.7,701.95,1286.0
2020-07-08 13:30:00,NSE:PERSISTENT,701.1,708.0,701.1,708.0,3223.0
2020-07-08 14:00:00,NSE:PERSISTENT,708.0,713.0,705.0,713.0,9564.0
2020-07-08 14:30:00,NSE:PERSISTENT,713.0,733.3,709.55,722.5,64740.0
2020-07-08 15:00:00,NSE:PERSISTENT,722.05,723.5,719.45,722.8,22304.0
2020-07-08 15:30:00,NSE:PERSISTENT,721.15,721.15,721.15,721.15,48.0
2020-07-09 09:00:00,NSE:PERSISTENT,722.55,731.95,715.85,730.3,12836.0
2020-07-09 09:30:00,NSE:PERSISTENT,730.45,740.0,725.0,739.35,22052.0
2020-07-09 10:00:00,NSE:PERSISTENT,739.35,744.4,732.7,739.9,28067.0
2020-07-09 10:30:00,NSE:PERSISTENT,740.15,744.3,739.25,743.1,18962.0
2020-07-09 11:00:00,NSE:PERSISTENT,743.1,751.0,743.1,745.7,26676.0
2020-07-09 11:30:00,NSE:PERSISTENT,745.7,746.5,742.9,743.6,8510.0
2020-07-09 12:00:00,NSE:PERSISTENT,743.65,748.0,740.2,743.2,8464.0
2020-07-09 12:30:00,NSE:PERSISTENT,743.4,746.0,743.0,745.2,3072.0
2020-07-09 13:00:00,NSE:PERSISTENT,745.3,746.95,740.0,746.75,12783.0
2020-07-09 13:30:00,NSE:PERSISTENT,746.75,746.75,741.0,742.9,4162.0
2020-07-09 14:00:00,NSE:PERSISTENT,742.55,743.65,740.05,741.7,7069.0
2020-07-09 14:30:00,NSE:PERSISTENT,742.05,745.0,740.8,743.15,5018.0
2020-07-09 15:00:00,NSE:PERSISTENT,743.0,745.0,740.0,741.85,15318.0
2020-07-09 15:30:00,NSE:PERSISTENT,742.5,742.5,742.5,742.5,2.0
2020-07-10 09:00:00,NSE:PERSISTENT,745.0,750.0,740.15,743.9,20361.0
2020-07-10 09:30:00,NSE:PERSISTENT,743.9,746.0,743.0,744.4,8304.0
2020-07-10 10:00:00,NSE:PERSISTENT,743.5,744.35,730.6,735.55,10268.0
2020-07-10 10:30:00,NSE:PERSISTENT,738.9,745.0,738.9,740.85,8615.0
2020-07-10 11:00:00,NSE:PERSISTENT,740.9,742.85,733.6,740.95,4874.0
2020-07-10 11:30:00,NSE:PERSISTENT,741.0,741.95,736.15,740.15,4430.0
2020-07-10 12:00:00,NSE:PERSISTENT,739.35,740.15,735.0,737.95,3692.0
2020-07-10 12:30:00,NSE:PERSISTENT,737.9,740.0,736.65,737.6,3615.0
2020-07-10 13:00:00,NSE:PERSISTENT,737.4,738.9,734.25,734.45,6237.0
2020-07-10 13:30:00,NSE:PERSISTENT,734.85,734.9,709.1,716.0,14330.0
2020-07-10 14:00:00,NSE:PERSISTENT,717.65,717.95,701.0,713.95,15697.0
2020-07-10 14:30:00,NSE:PERSISTENT,712.6,733.5,711.0,731.85,16932.0
2020-07-10 15:00:00,NSE:PERSISTENT,731.75,735.0,729.35,735.0,14067.0
2020-07-10 15:30:00,NSE:PERSISTENT,731.75,731.75,731.75,731.75,2.0
2020-07-13 09:00:00,NSE:PERSISTENT,730.0,734.0,715.0,717.1,4856.0
2020-07-13 09:30:00,NSE:PERSISTENT,718.4,722.0,701.0,701.05,18257.0
2020-07-13 10:00:00,NSE:PERSISTENT,701.0,707.2,700.0,706.7,8093.0
2020-07-13 10:30:00,NSE:PERSISTENT,706.65,718.0,706.0,715.3,7791.0
2020-07-13 11:00:00,NSE:PERSISTENT,715.05,721.5,714.95,716.75,5396.0
2020-07-13 11:30:00,NSE:PERSISTENT,716.9,720.0,714.65,716.8,7034.0
2020-07-13 12:00:00,NSE:PERSISTENT,716.55,721.0,714.85,721.0,3908.0
2020-07-13 12:30:00,NSE:PERSISTENT,721.0,724.0,717.1,719.0,4948.0
2020-07-13 13:00:00,NSE:PERSISTENT,719.25,724.85,718.05,724.0,4052.0
2020-07-13 13:30:00,NSE:PERSISTENT,723.45,726.7,722.6,724.75,2142.0
2020-07-13 14:00:00,NSE:PERSISTENT,724.15,726.45,722.6,723.75,15810.0
2020-07-13 14:30:00,NSE:PERSISTENT,724.5,729.95,723.1,726.15,5790.0
2020-07-13 15:00:00,NSE:PERSISTENT,726.6,728.35,721.15,721.5,7718.0
2020-07-13 15:30:00,NSE:PERSISTENT,724.8,724.8,724.8,724.8,2.0
2020-07-14 09:00:00,NSE:PERSISTENT,722.0,722.0,712.0,713.55,3834.0
2020-07-14 09:30:00,NSE:PERSISTENT,713.6,728.2,712.55,726.0,13695.0
2020-07-14 10:00:00,NSE:PERSISTENT,727.0,734.75,725.4,731.0,13788.0
2020-07-14 10:30:00,NSE:PERSISTENT,730.95,732.0,721.0,722.9,4539.0
2020-07-14 11:00:00,NSE:PERSISTENT,723.35,728.4,723.0,725.15,3785.0
2020-07-14 11:30:00,NSE:PERSISTENT,725.85,725.85,722.85,725.2,2427.0
2020-07-14 12:00:00,NSE:PERSISTENT,725.35,725.35,723.0,723.0,2243.0
2020-07-14 12:30:00,NSE:PERSISTENT,723.15,724.0,722.9,724.0,1257.0
2020-07-14 13:00:00,NSE:PERSISTENT,723.05,725.45,722.05,723.05,3760.0
2020-07-14 13:30:00,NSE:PERSISTENT,723.0,725.8,723.0,725.0,1914.0
2020-07-14 14:00:00,NSE:PERSISTENT,725.0,725.3,724.85,725.0,2355.0
2020-07-14 14:30:00,NSE:PERSISTENT,725.0,730.0,724.5,724.7,6774.0
2020-07-14 15:00:00,NSE:PERSISTENT,724.95,743.0,724.95,742.5,33911.0
2020-07-15 09:00:00,NSE:PERSISTENT,747.0,755.0,742.5,754.8,10123.0
2020-07-15 09:30:00,NSE:PERSISTENT,755.0,755.0,740.8,746.6,17484.0
2020-07-15 10:00:00,NSE:PERSISTENT,746.1,757.0,745.1,756.0,33533.0
2020-07-15 10:30:00,NSE:PERSISTENT,756.0,768.5,756.0,768.5,47080.0
2020-07-15 11:00:00,NSE:PERSISTENT,768.5,778.0,768.0,773.1,89910.0
2020-07-15 11:30:00,NSE:PERSISTENT,774.0,774.0,772.8,774.0,17116.0
2020-07-15 12:00:00,NSE:PERSISTENT,774.0,775.0,771.95,773.4,17169.0
2020-07-15 12:30:00,NSE:PERSISTENT,773.8,774.0,767.0,774.0,16270.0
2020-07-15 13:00:00,NSE:PERSISTENT,773.4,774.0,771.3,773.75,5786.0
2020-07-15 13:30:00,NSE:PERSISTENT,773.95,774.0,772.0,772.4,5856.0
2020-07-15 14:00:00,NSE:PERSISTENT,773.0,773.0,760.0,766.8,13940.0
2020-07-15 14:30:00,NSE:PERSISTENT,767.8,769.8,758.25,765.7,9187.0
2020-07-15 15:00:00,NSE:PERSISTENT,765.0,771.15,757.7,767.4,24384.0
2020-07-15 15:30:00,NSE:PERSISTENT,764.65,764.65,764.65,764.65,36.0
2020-07-16 09:00:00,NSE:PERSISTENT,770.0,799.95,768.2,793.65,38854.0
2020-07-16 09:30:00,NSE:PERSISTENT,793.45,796.0,776.0,792.2,42065.0
2020-07-16 10:00:00,NSE:PERSISTENT,793.0,795.8,792.0,794.0,19361.0
2020-07-16 10:30:00,NSE:PERSISTENT,793.2,793.95,790.0,790.75,16331.0
2020-07-16 11:00:00,NSE:PERSISTENT,790.75,791.65,780.05,783.6,28813.0
2020-07-16 11:30:00,NSE:PERSISTENT,783.05,784.45,770.6,779.5,7821.0
2020-07-16 12:00:00,NSE:PERSISTENT,779.25,783.0,775.25,779.5,18439.0
2020-07-16 12:30:00,NSE:PERSISTENT,779.5,781.55,770.0,771.45,11575.0
2020-07-16 13:00:00,NSE:PERSISTENT,771.0,772.95,765.1,768.3,7944.0
2020-07-16 13:30:00,NSE:PERSISTENT,768.0,770.9,763.05,769.05,13419.0
2020-07-16 14:00:00,NSE:PERSISTENT,769.8,770.0,766.0,768.6,2437.0
2020-07-16 14:30:00,NSE:PERSISTENT,769.45,770.0,765.0,766.35,8523.0
2020-07-16 15:00:00,NSE:PERSISTENT,766.25,767.3,745.6,750.4,25444.0
2020-07-16 15:30:00,NSE:PERSISTENT,750.4,755.75,749.0,755.75,49.0
2020-07-17 09:00:00,NSE:PERSISTENT,750.95,754.65,737.0,745.0,20777.0
2020-07-17 09:30:00,NSE:PERSISTENT,744.15,748.5,741.1,742.0,14959.0
2020-07-17 10:00:00,NSE:PERSISTENT,740.55,743.05,739.1,742.35,41042.0
2020-07-17 10:30:00,NSE:PERSISTENT,741.95,742.75,736.0,738.1,8710.0
2020-07-17 11:00:00,NSE:PERSISTENT,739.5,743.5,738.0,739.25,3899.0
2020-07-17 11:30:00,NSE:PERSISTENT,739.25,740.0,735.0,736.25,3523.0
2020-07-17 12:00:00,NSE:PERSISTENT,736.25,736.5,734.35,736.15,4028.0
2020-07-17 12:30:00,NSE:PERSISTENT,735.15,744.0,734.35,741.5,54988.0
2020-07-17 13:00:00,NSE:PERSISTENT,741.5,745.65,740.9,745.0,8763.0
2020-07-17 13:30:00,NSE:PERSISTENT,744.5,752.05,741.0,751.0,18946.0
2020-07-17 14:00:00,NSE:PERSISTENT,751.85,752.1,750.0,750.05,4257.0
2020-07-17 14:30:00,NSE:PERSISTENT,751.0,752.5,750.0,750.0,3086.0
2020-07-17 15:00:00,NSE:PERSISTENT,749.85,763.85,745.0,760.5,13778.0
2020-07-17 15:30:00,NSE:PERSISTENT,760.55,760.55,753.5,753.5,8.0
2020-07-20 09:00:00,NSE:PERSISTENT,757.85,766.0,753.55,761.6,12311.0
2020-07-20 09:30:00,NSE:PERSISTENT,763.0,764.85,760.1,761.95,3077.0
2020-07-20 10:00:00,NSE:PERSISTENT,761.95,764.8,757.2,764.25,4618.0
2020-07-20 10:30:00,NSE:PERSISTENT,764.25,764.55,760.15,761.0,1439.0
2020-07-20 11:00:00,NSE:PERSISTENT,761.0,763.2,758.1,759.15,3936.0
2020-07-20 11:30:00,NSE:PERSISTENT,759.15,759.15,751.0,751.0,2847.0
2020-07-20 12:00:00,NSE:PERSISTENT,751.6,754.15,751.0,752.0,1546.0
2020-07-20 12:30:00,NSE:PERSISTENT,752.0,755.35,751.25,752.0,1310.0
2020-07-20 13:00:00,NSE:PERSISTENT,752.15,753.4,751.0,753.4,1862.0
2020-07-20 13:30:00,NSE:PERSISTENT,753.4,763.0,753.4,761.1,7611.0
2020-07-20 14:00:00,NSE:PERSISTENT,758.8,762.0,758.8,762.0,6582.0
2020-07-20 14:30:00,NSE:PERSISTENT,762.0,762.0,757.05,761.05,5230.0
2020-07-20 15:00:00,NSE:PERSISTENT,761.05,762.0,751.0,754.05,6166.0
2020-07-20 15:30:00,NSE:PERSISTENT,756.65,756.65,756.65,756.65,10.0
2020-07-21 09:00:00,NSE:PERSISTENT,753.85,761.95,753.85,757.25,9141.0
2020-07-21 09:30:00,NSE:PERSISTENT,758.1,758.1,743.0,749.75,7768.0
2020-07-21 10:00:00,NSE:PERSISTENT,750.0,752.75,747.0,750.75,3810.0
2020-07-21 10:30:00,NSE:PERSISTENT,750.75,753.6,749.0,751.95,2050.0
2020-07-21 11:00:00,NSE:PERSISTENT,751.95,752.75,750.45,751.0,1194.0
2020-07-21 11:30:00,NSE:PERSISTENT,751.0,752.0,750.55,750.55,2787.0
2020-07-21 12:00:00,NSE:PERSISTENT,750.85,753.0,750.2,752.35,1151.0
2020-07-21 12:30:00,NSE:PERSISTENT,752.05,753.0,751.25,752.0,1167.0
2020-07-21 13:00:00,NSE:PERSISTENT,752.0,756.45,749.7,751.95,11085.0
2020-07-21 13:30:00,NSE:PERSISTENT,750.6,757.05,748.85,755.0,1869.0
2020-07-21 14:00:00,NSE:PERSISTENT,755.0,756.45,747.0,747.9,5041.0
2020-07-21 14:30:00,NSE:PERSISTENT,747.9,750.95,747.9,748.0,1627.0
2020-07-21 15:00:00,NSE:PERSISTENT,746.35,750.95,745.05,746.2,3351.0
2020-07-21 15:30:00,NSE:PERSISTENT,748.0,748.0,748.0,748.0,1.0
2020-07-22 09:00:00,NSE:PERSISTENT,751.1,759.75,748.05,750.2,1366.0
2020-07-22 09:30:00,NSE:PERSISTENT,750.15,751.25,740.0,744.55,4747.0
2020-07-22 10:00:00,NSE:PERSISTENT,743.75,746.9,741.55,742.05,2454.0
2020-07-22 10:30:00,NSE:PERSISTENT,744.45,746.15,742.5,745.3,440.0
2020-07-22 11:00:00,NSE:PERSISTENT,745.25,745.25,740.45,742.55,2002.0
2020-07-22 11:30:00,NSE:PERSISTENT,742.8,743.2,735.05,739.2,2979.0
2020-07-22 12:00:00,NSE:PERSISTENT,739.7,740.0,735.7,738.3,1953.0
2020-07-22 12:30:00,NSE:PERSISTENT,740.0,744.5,738.35,739.6,2151.0
2020-07-22 13:00:00,NSE:PERSISTENT,739.6,739.95,731.15,731.2,3815.0
2020-07-22 13:30:00,NSE:PERSISTENT,730.7,732.0,715.7,719.1,12150.0
2020-07-22 14:00:00,NSE:PERSISTENT,719.95,721.95,708.0,713.0,13725.0
2020-07-22 14:30:00,NSE:PERSISTENT,713.05,717.0,710.15,712.0,39943.0
2020-07-22 15:00:00,NSE:PERSISTENT,712.0,728.9,710.35,724.0,17170.0
2020-07-22 15:30:00,NSE:PERSISTENT,714.9,714.9,714.9,714.9,70.0
2020-07-23 09:00:00,NSE:PERSISTENT,724.0,730.0,711.8,724.95,6236.0
2020-07-23 09:30:00,NSE:PERSISTENT,725.4,727.55,720.85,724.45,22122.0
2020-07-23 10:00:00,NSE:PERSISTENT,725.8,726.0,722.5,723.2,1868.0
2020-07-23 10:30:00,NSE:PERSISTENT,724.25,727.0,724.25,726.95,1278.0
2020-07-23 11:00:00,NSE:PERSISTENT,726.9,731.95,725.95,730.8,4190.0
2020-07-23 11:30:00,NSE:PERSISTENT,730.9,731.7,727.15,730.0,7199.0
2020-07-23 12:00:00,NSE:PERSISTENT,729.75,730.8,727.25,729.0,1102.0
2020-07-23 12:30:00,NSE:PERSISTENT,729.0,729.1,726.0,729.05,1998.0
2020-07-23 13:00:00,NSE:PERSISTENT,729.1,729.1,726.05,728.15,1416.0
2020-07-23 13:30:00,NSE:PERSISTENT,728.1,728.95,725.15,728.7,1898.0
2020-07-23 14:00:00,NSE:PERSISTENT,728.8,733.8,725.2,728.1,5293.0
2020-07-23 14:30:00,NSE:PERSISTENT,728.05,731.2,726.0,730.35,2634.0
2020-07-23 15:00:00,NSE:PERSISTENT,730.35,737.2,726.05,735.0,9111.0
2020-07-24 09:00:00,NSE:PERSISTENT,731.0,731.7,725.05,731.3,2477.0
2020-07-24 09:30:00,NSE:PERSISTENT,731.85,732.05,729.5,730.85,2873.0
2020-07-24 10:00:00,NSE:PERSISTENT,730.85,738.95,728.0,738.95,5138.0
2020-07-24 10:30:00,NSE:PERSISTENT,736.65,758.35,736.65,750.2,48091.0
2020-07-24 11:00:00,NSE:PERSISTENT,750.2,752.5,745.85,750.0,13338.0
2020-07-24 11:30:00,NSE:PERSISTENT,750.15,754.25,747.5,754.25,9969.0
2020-07-24 12:00:00,NSE:PERSISTENT,754.1,755.0,752.05,753.4,6289.0
2020-07-24 12:30:00,NSE:PERSISTENT,752.4,755.0,752.05,753.05,4759.0
2020-07-24 13:00:00,NSE:PERSISTENT,752.6,755.0,752.1,755.0,6255.0
2020-07-24 13:30:00,NSE:PERSISTENT,755.0,773.5,753.4,763.75,65098.0
2020-07-24 14:00:00,NSE:PERSISTENT,763.75,768.5,758.1,766.5,21021.0
2020-07-24 14:30:00,NSE:PERSISTENT,767.25,775.0,766.5,771.0,47899.0
2020-07-24 15:00:00,NSE:PERSISTENT,771.0,774.0,767.55,769.0,57558.0
2020-07-24 15:30:00,NSE:PERSISTENT,769.0,771.25,769.0,771.25,19.0
2020-07-27 09:00:00,NSE:PERSISTENT,844.0,919.4,844.0,865.0,288657.0
2020-07-27 09:30:00,NSE:PERSISTENT,865.5,867.0,853.1,857.0,221316.0
2020-07-27 10:00:00,NSE:PERSISTENT,857.0,859.35,852.0,855.0,104261.0
2020-07-27 10:30:00,NSE:PERSISTENT,855.0,867.0,854.55,862.0,124626.0
2020-07-27 11:00:00,NSE:PERSISTENT,862.0,863.2,860.05,861.55,58191.0
2020-07-27 11:30:00,NSE:PERSISTENT,862.0,886.2,860.05,873.1,218074.0
2020-07-27 12:00:00,NSE:PERSISTENT,874.3,875.0,863.3,874.0,146213.0
2020-07-27 12:30:00,NSE:PERSISTENT,874.8,878.9,870.45,874.3,151099.0
2020-07-27 13:00:00,NSE:PERSISTENT,874.3,877.9,871.25,875.45,97626.0
2020-07-27 13:30:00,NSE:PERSISTENT,875.7,879.7,865.35,873.35,117989.0
2020-07-27 14:00:00,NSE:PERSISTENT,873.35,873.7,854.5,856.85,127438.0
2020-07-27 14:30:00,NSE:PERSISTENT,856.85,867.85,856.85,865.8,100475.0
2020-07-27 15:00:00,NSE:PERSISTENT,865.8,867.25,850.0,857.0,180540.0
2020-07-27 15:30:00,NSE:PERSISTENT,859.0,859.0,855.7,855.7,102.0
2020-07-28 09:00:00,NSE:PERSISTENT,858.25,865.0,839.95,859.2,98583.0
2020-07-28 09:30:00,NSE:PERSISTENT,859.95,865.0,856.45,861.0,106004.0
2020-07-28 10:00:00,NSE:PERSISTENT,855.0,863.0,855.0,861.35,69002.0
2020-07-28 10:30:00,NSE:PERSISTENT,861.45,877.0,859.55,875.25,135734.0
2020-07-28 11:00:00,NSE:PERSISTENT,876.0,880.0,869.95,878.0,118163.0
2020-07-28 11:30:00,NSE:PERSISTENT,878.0,879.0,872.0,874.55,37399.0
2020-07-28 12:00:00,NSE:PERSISTENT,874.6,877.2,870.35,872.55,28327.0
2020-07-28 12:30:00,NSE:PERSISTENT,872.55,873.95,866.2,868.7,25726.0
2020-07-28 13:00:00,NSE:PERSISTENT,869.5,872.0,865.0,871.65,24927.0
2020-07-28 13:30:00,NSE:PERSISTENT,871.6,875.0,866.0,872.5,66449.0
2020-07-28 14:00:00,NSE:PERSISTENT,872.6,873.8,868.25,870.1,17421.0
2020-07-28 14:30:00,NSE:PERSISTENT,871.4,878.0,870.15,876.15,25410.0
2020-07-28 15:00:00,NSE:PERSISTENT,876.05,898.95,874.2,886.0,145546.0
2020-07-28 15:30:00,NSE:PERSISTENT,886.75,886.75,886.75,886.75,50.0
2020-07-29 09:00:00,NSE:PERSISTENT,885.0,885.0,861.05,877.2,32607.0
2020-07-29 09:30:00,NSE:PERSISTENT,877.2,877.75,869.1,875.1,36444.0
2020-07-29 10:00:00,NSE:PERSISTENT,875.1,893.0,874.05,887.2,75930.0
2020-07-29 10:30:00,NSE:PERSISTENT,887.45,890.0,885.0,885.2,28101.0
2020-07-29 11:00:00,NSE:PERSISTENT,885.2,887.9,883.0,883.95,26826.0
2020-07-29 11:30:00,NSE:PERSISTENT,883.95,883.95,880.0,883.35,28525.0
2020-07-29 12:00:00,NSE:PERSISTENT,883.9,887.9,882.55,885.5,13466.0
2020-07-29 12:30:00,NSE:PERSISTENT,885.5,886.0,882.25,883.5,9496.0
2020-07-29 13:00:00,NSE:PERSISTENT,883.5,885.95,880.6,885.05,13326.0
2020-07-29 13:30:00,NSE:PERSISTENT,884.0,885.95,881.1,884.75,7099.0
2020-07-29 14:00:00,NSE:PERSISTENT,884.8,887.75,882.25,887.1,13171.0
2020-07-29 14:30:00,NSE:PERSISTENT,887.1,887.85,880.0,884.5,22218.0
2020-07-29 15:00:00,NSE:PERSISTENT,884.55,889.6,884.5,886.0,43329.0
2020-07-29 15:30:00,NSE:PERSISTENT,888.0,888.0,887.8,887.8,113.0
2020-07-30 09:00:00,NSE:PERSISTENT,891.0,900.0,885.0,888.5,27421.0
2020-07-30 09:30:00,NSE:PERSISTENT,888.9,899.0,888.5,899.0,34307.0
2020-07-30 10:00:00,NSE:PERSISTENT,898.55,902.7,893.8,900.0,83440.0
2020-07-30 10:30:00,NSE:PERSISTENT,899.7,901.75,890.0,896.85,28689.0
2020-07-30 11:00:00,NSE:PERSISTENT,896.8,901.9,896.8,900.35,30026.0
2020-07-30 11:30:00,NSE:PERSISTENT,900.4,923.0,898.0,918.9,121930.0
2020-07-30 12:00:00,NSE:PERSISTENT,918.1,918.75,910.0,913.3,63612.0
2020-07-30 12:30:00,NSE:PERSISTENT,913.1,916.45,910.0,911.45,27342.0
2020-07-30 13:00:00,NSE:PERSISTENT,910.55,915.0,905.0,913.0,33612.0
2020-07-30 13:30:00,NSE:PERSISTENT,913.0,918.0,912.8,917.5,20492.0
2020-07-30 14:00:00,NSE:PERSISTENT,917.5,920.0,911.7,915.75,25304.0
2020-07-30 14:30:00,NSE:PERSISTENT,915.75,917.9,911.3,913.0,24725.0
2020-07-30 15:00:00,NSE:PERSISTENT,913.0,917.0,911.0,917.0,42463.0
2020-07-30 15:30:00,NSE:PERSISTENT,917.0,917.0,915.3,915.3,495.0
2020-07-31 09:00:00,NSE:PERSISTENT,924.0,930.0,915.5,928.45,41551.0
2020-07-31 09:30:00,NSE:PERSISTENT,928.45,928.5,924.0,924.1,16600.0
2020-07-31 10:00:00,NSE:PERSISTENT,924.2,924.55,901.65,908.9,35220.0
2020-07-31 10:30:00,NSE:PERSISTENT,909.95,909.95,899.0,904.35,20772.0
2020-07-31 11:00:00,NSE:PERSISTENT,904.3,905.85,900.0,902.15,13782.0
2020-07-31 11:30:00,NSE:PERSISTENT,902.15,902.15,893.75,897.4,16318.0
2020-07-31 12:00:00,NSE:PERSISTENT,897.5,904.9,897.4,902.25,49127.0
2020-07-31 12:30:00,NSE:PERSISTENT,902.25,912.5,902.25,907.2,9082.0
2020-07-31 13:00:00,NSE:PERSISTENT,908.35,908.35,902.15,905.9,6095.0
2020-07-31 13:30:00,NSE:PERSISTENT,905.0,920.0,903.35,918.6,15384.0
2020-07-31 14:00:00,NSE:PERSISTENT,918.55,923.0,910.05,917.3,23127.0
2020-07-31 14:30:00,NSE:PERSISTENT,917.3,919.45,912.2,917.0,10357.0
2020-07-31 15:00:00,NSE:PERSISTENT,917.0,920.0,915.0,920.0,37078.0
2020-08-03 09:00:00,NSE:PERSISTENT,916.0,947.0,908.0,944.0,33774.0
2020-08-03 09:30:00,NSE:PERSISTENT,944.0,954.8,935.0,945.2,73158.0
2020-08-03 10:00:00,NSE:PERSISTENT,945.2,948.1,939.05,948.1,24385.0
2020-08-03 10:30:00,NSE:PERSISTENT,948.8,952.0,943.1,949.6,15762.0
2020-08-03 11:00:00,NSE:PERSISTENT,949.6,950.0,943.0,946.95,7834.0
2020-08-03 11:30:00,NSE:PERSISTENT,947.1,947.9,938.5,946.5,6331.0
2020-08-03 12:00:00,NSE:PERSISTENT,946.25,950.0,944.8,947.0,9541.0
2020-08-03 12:30:00,NSE:PERSISTENT,947.0,974.95,946.8,964.9,115228.0
2020-08-03 13:00:00,NSE:PERSISTENT,964.8,970.0,960.0,961.0,16773.0
2020-08-03 13:30:00,NSE:PERSISTENT,961.0,961.0,960.0,960.45,15036.0
2020-08-03 14:00:00,NSE:PERSISTENT,960.05,965.0,957.0,964.6,12105.0
2020-08-03 14:30:00,NSE:PERSISTENT,964.6,969.0,962.85,966.0,14958.0
2020-08-03 15:00:00,NSE:PERSISTENT,966.0,983.4,965.1,979.0,58427.0
2020-08-03 15:30:00,NSE:PERSISTENT,978.5,978.5,975.8,975.8,16.0
2020-08-04 09:00:00,NSE:PERSISTENT,980.0,999.0,980.0,982.95,21079.0
2020-08-04 09:30:00,NSE:PERSISTENT,982.95,983.95,935.0,949.9,37706.0
2020-08-04 10:00:00,NSE:PERSISTENT,949.6,955.0,938.0,950.5,16914.0
2020-08-04 10:30:00,NSE:PERSISTENT,950.25,954.6,946.0,952.25,7378.0
2020-08-04 11:00:00,NSE:PERSISTENT,953.0,963.0,951.85,952.95,8792.0
2020-08-04 11:30:00,NSE:PERSISTENT,952.0,959.9,950.0,950.05,5113.0
2020-08-04 12:00:00,NSE:PERSISTENT,951.2,951.4,950.0,950.25,4433.0
2020-08-04 12:30:00,NSE:PERSISTENT,950.25,955.0,950.0,952.25,6121.0
2020-08-04 13:00:00,NSE:PERSISTENT,954.35,959.2,951.05,954.75,5050.0
2020-08-04 13:30:00,NSE:PERSISTENT,953.5,955.0,951.3,953.8,4802.0
2020-08-04 14:00:00,NSE:PERSISTENT,953.8,953.8,950.0,950.5,4956.0
2020-08-04 14:30:00,NSE:PERSISTENT,950.55,957.6,936.2,955.9,22608.0
2020-08-04 15:00:00,NSE:PERSISTENT,955.5,955.5,946.0,954.45,16722.0
2020-08-04 15:30:00,NSE:PERSISTENT,952.85,952.85,952.85,952.85,35.0
2020-08-05 09:00:00,NSE:PERSISTENT,959.9,973.45,955.0,961.0,7832.0
2020-08-05 09:30:00,NSE:PERSISTENT,961.0,961.0,942.85,959.15,11063.0
2020-08-05 10:00:00,NSE:PERSISTENT,957.85,958.75,947.2,949.0,11943.0
2020-08-05 10:30:00,NSE:PERSISTENT,947.25,950.0,945.5,950.0,17555.0
2020-08-05 11:00:00,NSE:PERSISTENT,950.0,950.1,947.1,949.5,4594.0
2020-08-05 11:30:00,NSE:PERSISTENT,949.5,949.5,940.0,941.95,6850.0
2020-08-05 12:00:00,NSE:PERSISTENT,941.9,950.0,938.1,948.65,14009.0
2020-08-05 12:30:00,NSE:PERSISTENT,949.95,950.0,945.1,946.8,4102.0
2020-08-05 13:00:00,NSE:PERSISTENT,946.8,948.0,942.05,942.1,2730.0
2020-08-05 13:30:00,NSE:PERSISTENT,946.75,947.95,942.2,944.85,2250.0
2020-08-05 14:00:00,NSE:PERSISTENT,944.85,945.0,942.2,944.95,2466.0
2020-08-05 14:30:00,NSE:PERSISTENT,943.7,946.5,941.0,945.0,4493.0
2020-08-05 15:00:00,NSE:PERSISTENT,945.0,953.0,940.0,945.0,13728.0
2020-08-05 15:30:00,NSE:PERSISTENT,945.1,945.1,945.1,945.1,5.0
2020-08-06 09:00:00,NSE:PERSISTENT,950.0,953.0,950.0,950.0,3399.0
2020-08-06 09:30:00,NSE:PERSISTENT,949.95,958.95,929.95,956.75,13003.0
2020-08-06 10:00:00,NSE:PERSISTENT,954.95,970.0,951.0,965.5,13662.0
2020-08-06 10:30:00,NSE:PERSISTENT,967.5,975.0,965.25,970.0,19458.0
2020-08-06 11:00:00,NSE:PERSISTENT,969.9,970.0,963.0,966.0,4838.0
2020-08-06 11:30:00,NSE:PERSISTENT,965.0,969.0,962.9,964.3,5795.0
2020-08-06 12:00:00,NSE:PERSISTENT,964.9,964.9,963.55,963.9,1616.0
2020-08-06 12:30:00,NSE:PERSISTENT,963.95,963.95,955.0,955.0,2924.0
2020-08-06 13:00:00,NSE:PERSISTENT,955.0,960.0,953.0,954.55,2111.0
2020-08-06 13:30:00,NSE:PERSISTENT,955.0,964.25,952.0,964.25,4205.0
2020-08-06 14:00:00,NSE:PERSISTENT,964.2,964.25,952.25,958.3,2844.0
2020-08-06 14:30:00,NSE:PERSISTENT,958.25,962.0,952.0,960.0,57753.0
2020-08-06 15:00:00,NSE:PERSISTENT,960.0,970.0,959.95,966.0,38870.0
2020-08-06 15:30:00,NSE:PERSISTENT,963.7,963.7,963.7,963.7,5.0
2020-08-07 09:00:00,NSE:PERSISTENT,965.0,985.0,960.05,984.0,18238.0
2020-08-07 09:30:00,NSE:PERSISTENT,984.5,990.0,982.2,987.0,17086.0
2020-08-07 10:00:00,NSE:PERSISTENT,986.0,990.0,978.2,982.0,16408.0
2020-08-07 10:30:00,NSE:PERSISTENT,983.0,988.25,976.5,980.05,4969.0
2020-08-07 11:00:00,NSE:PERSISTENT,980.0,987.0,980.0,986.35,4985.0
2020-08-07 11:30:00,NSE:PERSISTENT,986.4,989.4,985.0,989.0,9071.0
2020-08-07 12:00:00,NSE:PERSISTENT,989.4,990.0,985.0,989.9,13348.0
2020-08-07 12:30:00,NSE:PERSISTENT,989.75,989.9,987.2,989.85,3605.0
2020-08-07 13:00:00,NSE:PERSISTENT,989.85,989.85,985.0,989.55,4077.0
2020-08-07 13:30:00,NSE:PERSISTENT,989.6,999.0,988.1,995.6,26069.0
2020-08-07 14:00:00,NSE:PERSISTENT,995.6,996.55,990.0,993.45,10503.0
2020-08-07 14:30:00,NSE:PERSISTENT,993.45,996.4,992.9,995.0,7143.0
2020-08-07 15:00:00,NSE:PERSISTENT,995.0,1006.8,993.1,1004.0,82997.0
2020-08-07 15:30:00,NSE:PERSISTENT,1005.0,1005.0,1000.25,1000.25,8029.0
2020-08-10 09:00:00,NSE:PERSISTENT,950.25,1000.0,930.05,994.0,121587.0
2020-08-10 09:30:00,NSE:PERSISTENT,991.0,1025.0,988.0,1014.95,55045.0
2020-08-10 10:00:00,NSE:PERSISTENT,1014.95,1019.9,1006.3,1011.0,17614.0
2020-08-10 10:30:00,NSE:PERSISTENT,1007.55,1010.0,988.0,991.2,22223.0
2020-08-10 11:00:00,NSE:PERSISTENT,993.0,993.7,988.0,989.65,12267.0
2020-08-10 11:30:00,NSE:PERSISTENT,989.6,997.8,988.0,994.45,6584.0
2020-08-10 12:00:00,NSE:PERSISTENT,994.5,1000.0,988.0,989.0,12100.0
2020-08-10 12:30:00,NSE:PERSISTENT,989.0,993.0,988.5,992.25,4885.0
2020-08-10 13:00:00,NSE:PERSISTENT,992.25,993.0,988.2,989.0,6433.0
2020-08-10 13:30:00,NSE:PERSISTENT,989.0,989.9,981.25,985.0,8989.0
2020-08-10 14:00:00,NSE:PERSISTENT,984.95,988.9,970.0,984.6,16203.0
2020-08-10 14:30:00,NSE:PERSISTENT,984.5,989.0,982.35,986.9,8700.0
2020-08-10 15:00:00,NSE:PERSISTENT,987.45,990.0,985.0,990.0,16968.0
2020-08-10 15:30:00,NSE:PERSISTENT,990.0,990.0,985.9,985.9,26.0
2020-08-11 09:00:00,NSE:PERSISTENT,997.95,997.95,990.0,997.0,7857.0
2020-08-11 09:30:00,NSE:PERSISTENT,996.0,997.0,957.75,973.0,18477.0
2020-08-11 10:00:00,NSE:PERSISTENT,974.05,979.55,972.0,977.0,14789.0
2020-08-11 10:30:00,NSE:PERSISTENT,977.0,977.0,971.45,972.0,35830.0
2020-08-11 11:00:00,NSE:PERSISTENT,972.3,979.0,970.7,979.0,8945.0
2020-08-11 11:30:00,NSE:PERSISTENT,979.0,985.45,965.0,976.6,14105.0
2020-08-11 12:00:00,NSE:PERSISTENT,976.6,984.95,973.4,978.95,11348.0
2020-08-11 12:30:00,NSE:PERSISTENT,978.7,983.5,976.15,982.95,4619.0
2020-08-11 13:00:00,NSE:PERSISTENT,983.35,984.7,977.0,983.5,6494.0
2020-08-11 13:30:00,NSE:PERSISTENT,982.3,987.0,980.0,986.9,5638.0
2020-08-11 14:00:00,NSE:PERSISTENT,986.9,987.0,978.45,979.25,6176.0
2020-08-11 14:30:00,NSE:PERSISTENT,981.65,986.5,975.0,978.2,10371.0
2020-08-11 15:00:00,NSE:PERSISTENT,977.0,986.0,975.4,976.0,43645.0
2020-08-11 15:30:00,NSE:PERSISTENT,976.15,976.15,976.15,976.15,1.0
2020-08-12 09:00:00,NSE:PERSISTENT,976.15,976.15,962.85,969.1,5878.0
2020-08-12 09:30:00,NSE:PERSISTENT,969.85,976.05,968.0,973.8,23218.0
2020-08-12 10:00:00,NSE:PERSISTENT,975.05,975.95,973.0,974.4,9816.0
2020-08-12 10:30:00,NSE:PERSISTENT,974.4,976.8,971.85,976.15,6360.0
2020-08-12 11:00:00,NSE:PERSISTENT,976.2,977.5,973.9,975.7,4077.0
2020-08-12 11:30:00,NSE:PERSISTENT,975.0,975.9,974.1,975.15,2956.0
2020-08-12 12:00:00,NSE:PERSISTENT,975.15,975.95,972.05,974.85,9022.0
2020-08-12 12:30:00,NSE:PERSISTENT,975.0,975.0,973.6,975.0,5105.0
2020-08-12 13:00:00,NSE:PERSISTENT,975.0,975.45,973.3,973.85,10112.0
2020-08-12 13:30:00,NSE:PERSISTENT,974.85,975.0,972.0,973.95,16373.0
2020-08-12 14:00:00,NSE:PERSISTENT,974.0,974.0,973.0,973.9,2936.0
2020-08-12 14:30:00,NSE:PERSISTENT,974.0,974.2,972.0,974.0,4570.0
2020-08-12 15:00:00,NSE:PERSISTENT,974.0,974.0,966.0,967.95,15101.0
2020-08-12 15:30:00,NSE:PERSISTENT,970.1,970.1,970.1,970.1,1.0
2020-08-13 09:00:00,NSE:PERSISTENT,961.0,984.2,961.0,982.45,10826.0
2020-08-13 09:30:00,NSE:PERSISTENT,982.55,987.45,981.95,987.45,9877.0
2020-08-13 10:00:00,NSE:PERSISTENT,987.2,997.0,983.0,997.0,23908.0
2020-08-13 10:30:00,NSE:PERSISTENT,997.25,1001.0,996.0,996.4,27425.0
2020-08-13 11:00:00,NSE:PERSISTENT,996.45,1001.0,996.0,998.9,8275.0
2020-08-13 11:30:00,NSE:PERSISTENT,999.15,999.8,997.1,998.25,5502.0
2020-08-13 12:00:00,NSE:PERSISTENT,998.8,998.9,996.6,997.55,3799.0
2020-08-13 12:30:00,NSE:PERSISTENT,997.55,998.0,996.0,998.0,4103.0
2020-08-13 13:00:00,NSE:PERSISTENT,998.0,999.0,996.0,997.75,4637.0
2020-08-13 13:30:00,NSE:PERSISTENT,997.75,1005.45,996.35,998.5,19890.0
2020-08-13 14:00:00,NSE:PERSISTENT,998.55,998.95,988.25,994.0,11912.0
2020-08-13 14:30:00,NSE:PERSISTENT,994.55,1000.0,993.95,996.05,9901.0
2020-08-13 15:00:00,NSE:PERSISTENT,996.0,1002.1,995.0,1002.0,13928.0
2020-08-13 15:30:00,NSE:PERSISTENT,998.3,998.3,998.3,998.3,1.0
2020-08-14 09:00:00,NSE:PERSISTENT,1007.2,1007.2,981.0,986.5,6336.0
2020-08-14 09:30:00,NSE:PERSISTENT,986.5,989.15,982.0,985.4,4784.0
2020-08-14 10:00:00,NSE:PERSISTENT,986.0,989.4,983.05,987.05,5279.0
2020-08-14 10:30:00,NSE:PERSISTENT,988.0,988.2,986.65,986.7,3270.0
2020-08-14 11:00:00,NSE:PERSISTENT,986.7,988.55,986.65,987.05,2067.0
2020-08-14 11:30:00,NSE:PERSISTENT,987.1,988.65,987.0,987.4,2544.0
2020-08-14 12:00:00,NSE:PERSISTENT,987.05,990.0,985.7,986.0,12288.0
2020-08-14 12:30:00,NSE:PERSISTENT,986.0,988.05,985.95,988.0,3415.0
2020-08-14 13:00:00,NSE:PERSISTENT,988.05,992.0,985.8,986.05,15319.0
2020-08-14 13:30:00,NSE:PERSISTENT,986.2,986.9,979.8,980.0,10917.0
2020-08-14 14:00:00,NSE:PERSISTENT,980.0,982.0,977.4,980.0,16971.0
2020-08-14 14:30:00,NSE:PERSISTENT,980.4,985.45,978.7,985.45,11513.0
2020-08-14 15:00:00,NSE:PERSISTENT,983.95,999.9,980.15,985.55,21232.0
2020-08-14 15:30:00,NSE:PERSISTENT,987.25,987.25,987.25,987.25,1.0
2020-08-17 09:00:00,NSE:PERSISTENT,998.0,998.95,982.0,982.05,4379.0
2020-08-17 09:30:00,NSE:PERSISTENT,982.05,987.55,980.15,985.45,3949.0
2020-08-17 10:00:00,NSE:PERSISTENT,986.05,989.95,985.6,989.3,2961.0
2020-08-17 10:30:00,NSE:PERSISTENT,989.3,990.0,987.0,987.0,3833.0
2020-08-17 11:00:00,NSE:PERSISTENT,987.0,987.05,982.0,986.0,3161.0
2020-08-17 11:30:00,NSE:PERSISTENT,986.45,986.7,983.3,985.1,1627.0
2020-08-17 12:00:00,NSE:PERSISTENT,985.1,986.95,984.45,984.8,2154.0
2020-08-17 12:30:00,NSE:PERSISTENT,985.5,987.95,984.95,986.1,1604.0
2020-08-17 13:00:00,NSE:PERSISTENT,986.35,989.0,985.3,989.0,3123.0
2020-08-17 13:30:00,NSE:PERSISTENT,988.9,990.0,986.0,986.25,7319.0
2020-08-17 14:00:00,NSE:PERSISTENT,986.2,989.0,986.0,989.0,6635.0
2020-08-17 14:30:00,NSE:PERSISTENT,989.0,989.0,986.6,987.05,3896.0
2020-08-17 15:00:00,NSE:PERSISTENT,988.0,989.0,985.0,986.05,6024.0
2020-08-17 15:30:00,NSE:PERSISTENT,986.95,986.95,986.95,986.95,3.0
2020-08-18 09:00:00,NSE:PERSISTENT,998.0,1001.0,985.1,985.5,5695.0
2020-08-18 09:30:00,NSE:PERSISTENT,985.5,991.25,984.35,989.55,7234.0
2020-08-18 10:00:00,NSE:PERSISTENT,989.75,994.9,988.65,993.3,7244.0
2020-08-18 10:30:00,NSE:PERSISTENT,994.25,1000.75,993.05,1000.0,12639.0
2020-08-18 11:00:00,NSE:PERSISTENT,1000.15,1000.95,997.05,999.9,9064.0
2020-08-18 11:30:00,NSE:PERSISTENT,999.85,1001.0,998.7,1001.0,11074.0
2020-08-18 12:00:00,NSE:PERSISTENT,1001.0,1002.0,993.0,1000.35,9624.0
2020-08-18 12:30:00,NSE:PERSISTENT,1000.7,1000.7,998.8,999.8,6547.0
2020-08-18 13:00:00,NSE:PERSISTENT,999.8,1000.95,999.0,1000.45,5420.0
2020-08-18 13:30:00,NSE:PERSISTENT,1001.0,1004.95,1000.0,1003.55,6170.0
2020-08-18 14:00:00,NSE:PERSISTENT,1004.8,1004.95,1000.05,1002.15,4693.0
2020-08-18 14:30:00,NSE:PERSISTENT,1002.15,1002.3,999.95,1000.85,3498.0
2020-08-18 15:00:00,NSE:PERSISTENT,1000.9,1001.8,1000.0,1000.0,9878.0
2020-08-18 15:30:00,NSE:PERSISTENT,1000.2,1000.2,1000.2,1000.2,11.0
2020-08-19 09:00:00,NSE:PERSISTENT,1003.05,1011.0,1002.0,1002.85,10462.0
2020-08-19 09:30:00,NSE:PERSISTENT,1002.9,1003.75,1002.0,1003.25,6504.0
2020-08-19 10:00:00,NSE:PERSISTENT,1003.0,1003.0,1002.0,1002.5,10115.0
2020-08-19 10:30:00,NSE:PERSISTENT,1002.45,1004.7,1002.1,1004.7,9086.0
2020-08-19 11:00:00,NSE:PERSISTENT,1004.7,1006.2,1004.3,1004.95,3703.0
2020-08-19 11:30:00,NSE:PERSISTENT,1005.0,1007.0,1004.6,1006.4,3599.0
2020-08-19 12:00:00,NSE:PERSISTENT,1005.0,1005.95,1001.0,1003.8,16950.0
2020-08-19 12:30:00,NSE:PERSISTENT,1003.85,1005.9,1003.8,1004.0,1330.0
2020-08-19 13:00:00,NSE:PERSISTENT,1004.95,1005.8,1004.05,1004.6,1974.0
2020-08-19 13:30:00,NSE:PERSISTENT,1004.0,1005.4,1003.4,1005.4,6991.0
2020-08-19 14:00:00,NSE:PERSISTENT,1005.4,1005.5,1004.8,1005.0,2935.0
2020-08-19 14:30:00,NSE:PERSISTENT,1005.0,1006.35,1002.0,1003.0,16996.0
2020-08-19 15:00:00,NSE:PERSISTENT,1003.0,1005.9,1002.0,1002.0,34777.0
2020-08-20 09:00:00,NSE:PERSISTENT,1000.0,1016.0,997.0,1013.7,13328.0
2020-08-20 09:30:00,NSE:PERSISTENT,1015.6,1022.0,1005.0,1006.0,13215.0
2020-08-20 10:00:00,NSE:PERSISTENT,1006.0,1008.0,1005.3,1007.0,4549.0
2020-08-20 10:30:00,NSE:PERSISTENT,1007.0,1007.85,1005.0,1006.05,2794.0
2020-08-20 11:00:00,NSE:PERSISTENT,1006.0,1006.8,1005.0,1005.95,5802.0
2020-08-20 11:30:00,NSE:PERSISTENT,1005.55,1006.0,1005.0,1006.0,3142.0
2020-08-20 12:00:00,NSE:PERSISTENT,1005.15,1006.05,1005.0,1005.1,1442.0
2020-08-20 12:30:00,NSE:PERSISTENT,1005.05,1006.05,1005.0,1005.3,1229.0
2020-08-20 13:00:00,NSE:PERSISTENT,1005.0,1006.05,1005.0,1006.0,2241.0
2020-08-20 13:30:00,NSE:PERSISTENT,1006.0,1006.0,1005.0,1005.85,4236.0
2020-08-20 14:00:00,NSE:PERSISTENT,1005.85,1005.95,1005.0,1005.85,4370.0
2020-08-20 14:30:00,NSE:PERSISTENT,1005.85,1005.9,1005.0,1005.7,6205.0
2020-08-20 15:00:00,NSE:PERSISTENT,1005.7,1006.95,1005.0,1006.0,12328.0
2020-08-20 15:30:00,NSE:PERSISTENT,1005.25,1005.25,1005.25,1005.25,10.0
2020-08-21 09:00:00,NSE:PERSISTENT,1009.55,1020.0,1009.55,1014.5,4009.0
2020-08-21 09:30:00,NSE:PERSISTENT,1014.5,1014.95,1009.3,1011.9,6912.0
2020-08-21 10:00:00,NSE:PERSISTENT,1011.9,1012.3,1006.1,1011.7,6036.0
2020-08-21 10:30:00,NSE:PERSISTENT,1011.7,1015.45,1010.4,1014.0,8878.0
2020-08-21 11:00:00,NSE:PERSISTENT,1014.0,1014.0,1011.3,1012.75,6062.0
2020-08-21 11:30:00,NSE:PERSISTENT,1013.85,1016.0,1010.0,1015.95,7457.0
2020-08-21 12:00:00,NSE:PERSISTENT,1015.95,1020.0,1014.15,1019.95,10168.0
2020-08-21 12:30:00,NSE:PERSISTENT,1019.95,1020.0,1013.7,1015.95,5829.0
2020-08-21 13:00:00,NSE:PERSISTENT,1015.85,1017.9,1015.0,1017.65,3071.0
2020-08-21 13:30:00,NSE:PERSISTENT,1017.65,1024.0,1015.55,1023.95,11666.0
2020-08-21 14:00:00,NSE:PERSISTENT,1024.0,1039.9,1022.3,1028.0,43351.0
2020-08-21 14:30:00,NSE:PERSISTENT,1027.0,1031.75,1026.05,1030.0,11202.0
2020-08-21 15:00:00,NSE:PERSISTENT,1029.45,1050.0,1024.0,1044.0,41675.0
2020-08-21 15:30:00,NSE:PERSISTENT,1045.4,1045.4,1039.9,1039.9,5.0
2020-08-24 09:00:00,NSE:PERSISTENT,1050.0,1073.0,1045.4,1069.15,30108.0
2020-08-24 09:30:00,NSE:PERSISTENT,1069.45,1125.0,1069.45,1106.05,122057.0
2020-08-24 10:00:00,NSE:PERSISTENT,1106.4,1128.0,1104.0,1127.05,72325.0
2020-08-24 10:30:00,NSE:PERSISTENT,1127.4,1127.5,1112.3,1114.15,42450.0
2020-08-24 11:00:00,NSE:PERSISTENT,1115.5,1118.0,1102.55,1110.0,20398.0
2020-08-24 11:30:00,NSE:PERSISTENT,1108.45,1114.2,1105.1,1106.7,25558.0
2020-08-24 12:00:00,NSE:PERSISTENT,1106.7,1108.85,1085.1,1108.45,28157.0
2020-08-24 12:30:00,NSE:PERSISTENT,1108.45,1111.95,1103.85,1105.0,10481.0
2020-08-24 13:00:00,NSE:PERSISTENT,1105.0,1105.0,1099.1,1104.0,6089.0
2020-08-24 13:30:00,NSE:PERSISTENT,1102.95,1105.0,1098.95,1105.0,9704.0
2020-08-24 14:00:00,NSE:PERSISTENT,1105.0,1105.9,1095.0,1095.0,33558.0
2020-08-24 14:30:00,NSE:PERSISTENT,1095.8,1099.95,1084.0,1093.45,21106.0
2020-08-24 15:00:00,NSE:PERSISTENT,1092.6,1096.85,1084.25,1089.0,31793.0
2020-08-24 15:30:00,NSE:PERSISTENT,1090.0,1090.15,1090.0,1090.15,56.0
2020-08-25 09:00:00,NSE:PERSISTENT,1104.0,1112.95,1092.0,1093.0,12175.0
2020-08-25 09:30:00,NSE:PERSISTENT,1093.35,1096.0,1069.85,1095.0,17934.0
2020-08-25 10:00:00,NSE:PERSISTENT,1095.85,1099.8,1093.85,1097.0,13990.0
2020-08-25 10:30:00,NSE:PERSISTENT,1097.7,1099.7,1073.5,1076.95,14297.0
2020-08-25 11:00:00,NSE:PERSISTENT,1076.7,1089.0,1076.15,1087.1,49786.0
2020-08-25 11:30:00,NSE:PERSISTENT,1087.1,1099.85,1085.4,1095.75,12577.0
2020-08-25 12:00:00,NSE:PERSISTENT,1095.7,1100.0,1093.6,1098.3,10683.0
2020-08-25 12:30:00,NSE:PERSISTENT,1098.3,1100.0,1096.45,1099.8,7531.0
2020-08-25 13:00:00,NSE:PERSISTENT,1099.85,1100.0,1097.3,1098.9,10152.0
2020-08-25 13:30:00,NSE:PERSISTENT,1098.85,1099.95,1080.0,1083.8,20359.0
2020-08-25 14:00:00,NSE:PERSISTENT,1085.1,1085.1,1023.95,1037.2,60814.0
2020-08-25 14:30:00,NSE:PERSISTENT,1037.2,1053.95,1035.0,1038.8,28015.0
2020-08-25 15:00:00,NSE:PERSISTENT,1038.85,1043.95,1035.0,1041.0,26251.0
2020-08-25 15:30:00,NSE:PERSISTENT,1041.4,1041.4,1038.45,1038.45,106.0
2020-08-26 09:00:00,NSE:PERSISTENT,1048.0,1050.25,1041.4,1046.35,8055.0
2020-08-26 09:30:00,NSE:PERSISTENT,1045.65,1049.5,1030.2,1048.4,14354.0
2020-08-26 10:00:00,NSE:PERSISTENT,1048.0,1062.9,1044.0,1056.5,15969.0
2020-08-26 10:30:00,NSE:PERSISTENT,1056.3,1057.75,1047.35,1051.0,6123.0
2020-08-26 11:00:00,NSE:PERSISTENT,1051.0,1055.0,1051.0,1052.9,1421.0
2020-08-26 11:30:00,NSE:PERSISTENT,1052.9,1053.0,1051.0,1052.5,1922.0
2020-08-26 12:00:00,NSE:PERSISTENT,1052.0,1053.0,1043.65,1052.0,17760.0
2020-08-26 12:30:00,NSE:PERSISTENT,1052.0,1059.0,1052.0,1056.5,5795.0
2020-08-26 13:00:00,NSE:PERSISTENT,1055.65,1056.9,1053.75,1056.9,1969.0
2020-08-26 13:30:00,NSE:PERSISTENT,1057.0,1064.75,1057.0,1063.75,6175.0
2020-08-26 14:00:00,NSE:PERSISTENT,1063.75,1074.0,1060.05,1062.0,10230.0
2020-08-26 14:30:00,NSE:PERSISTENT,1063.55,1065.0,1057.8,1057.8,10338.0
2020-08-26 15:00:00,NSE:PERSISTENT,1057.7,1060.0,1050.0,1052.15,29402.0
2020-08-26 15:30:00,NSE:PERSISTENT,1052.45,1052.45,1052.45,1052.45,10.0
2020-08-27 09:00:00,NSE:PERSISTENT,1060.0,1070.95,1056.9,1057.95,9172.0
2020-08-27 09:30:00,NSE:PERSISTENT,1060.0,1060.0,1053.45,1054.7,5171.0
2020-08-27 10:00:00,NSE:PERSISTENT,1053.5,1055.65,1049.0,1055.45,7107.0
2020-08-27 10:30:00,NSE:PERSISTENT,1055.45,1057.0,1051.5,1056.5,3570.0
2020-08-27 11:00:00,NSE:PERSISTENT,1056.5,1057.3,1052.0,1055.05,2715.0
2020-08-27 11:30:00,NSE:PERSISTENT,1055.05,1055.05,1051.1,1052.25,2247.0
2020-08-27 12:00:00,NSE:PERSISTENT,1053.5,1054.2,1051.0,1052.55,1717.0
2020-08-27 12:30:00,NSE:PERSISTENT,1052.55,1053.1,1050.0,1050.75,5654.0
2020-08-27 13:00:00,NSE:PERSISTENT,1050.75,1052.35,1050.0,1051.4,2592.0
2020-08-27 13:30:00,NSE:PERSISTENT,1051.0,1053.0,1051.0,1052.35,1701.0
2020-08-27 14:00:00,NSE:PERSISTENT,1052.35,1053.05,1050.0,1050.3,2505.0
2020-08-27 14:30:00,NSE:PERSISTENT,1050.0,1050.75,1045.0,1045.7,9824.0
2020-08-27 15:00:00,NSE:PERSISTENT,1045.85,1053.35,1045.0,1051.0,18356.0
2020-08-27 15:30:00,NSE:PERSISTENT,1049.6,1049.6,1049.6,1049.6,200.0
2020-08-28 09:00:00,NSE:PERSISTENT,1060.0,1060.0,1045.0,1051.55,7368.0
2020-08-28 09:30:00,NSE:PERSISTENT,1051.55,1052.0,1040.1,1046.1,9072.0
2020-08-28 10:00:00,NSE:PERSISTENT,1047.4,1047.45,1031.0,1037.35,11679.0
2020-08-28 10:30:00,NSE:PERSISTENT,1037.4,1038.95,1030.0,1032.4,11118.0
2020-08-28 11:00:00,NSE:PERSISTENT,1032.4,1037.45,1030.25,1032.9,15197.0
2020-08-28 11:30:00,NSE:PERSISTENT,1033.85,1034.15,1012.35,1019.35,27267.0
2020-08-28 12:00:00,NSE:PERSISTENT,1019.35,1023.15,1018.05,1022.05,20083.0
2020-08-28 12:30:00,NSE:PERSISTENT,1022.05,1022.95,1020.7,1022.05,25099.0
2020-08-28 13:00:00,NSE:PERSISTENT,1021.35,1022.3,1012.15,1017.6,13339.0
2020-08-28 13:30:00,NSE:PERSISTENT,1017.1,1021.0,1012.0,1019.5,19427.0
2020-08-28 14:00:00,NSE:PERSISTENT,1019.9,1020.1,1017.05,1018.65,13611.0
2020-08-28 14:30:00,NSE:PERSISTENT,1019.75,1020.0,1017.05,1018.0,18576.0
2020-08-28 15:00:00,NSE:PERSISTENT,1018.0,1030.0,1010.0,1013.0,44397.0
2020-08-28 15:30:00,NSE:PERSISTENT,1019.9,1019.9,1018.2,1018.2,21.0
2020-08-31 09:00:00,NSE:PERSISTENT,1038.0,1040.0,987.55,988.0,12236.0
2020-08-31 09:30:00,NSE:PERSISTENT,989.25,1005.0,987.0,997.7,16873.0
2020-08-31 10:00:00,NSE:PERSISTENT,997.7,997.7,990.1,994.65,9601.0
2020-08-31 10:30:00,NSE:PERSISTENT,994.65,996.5,990.0,991.05,8357.0
2020-08-31 11:00:00,NSE:PERSISTENT,991.75,993.75,988.0,991.1,12253.0
2020-08-31 11:30:00,NSE:PERSISTENT,991.05,994.0,988.0,992.8,19490.0
2020-08-31 12:00:00,NSE:PERSISTENT,992.8,998.0,992.05,998.0,12529.0
2020-08-31 12:30:00,NSE:PERSISTENT,998.0,998.05,988.0,991.5,9612.0
2020-08-31 13:00:00,NSE:PERSISTENT,991.5,993.5,988.4,992.0,8613.0
2020-08-31 13:30:00,NSE:PERSISTENT,992.75,992.9,966.9,978.5,23319.0
2020-08-31 14:00:00,NSE:PERSISTENT,975.05,978.95,956.0,960.0,26936.0
2020-08-31 14:30:00,NSE:PERSISTENT,960.05,962.0,956.0,961.0,34761.0
2020-08-31 15:00:00,NSE:PERSISTENT,961.0,992.0,950.0,988.95,88522.0
2020-08-31 15:30:00,NSE:PERSISTENT,988.95,988.95,958.25,958.25,64.0
2020-09-01 09:00:00,NSE:PERSISTENT,956.5,980.0,956.5,977.3,4143.0
2020-09-01 09:30:00,NSE:PERSISTENT,978.35,992.0,960.0,961.5,9709.0
2020-09-01 10:00:00,NSE:PERSISTENT,961.5,972.5,960.25,969.7,11678.0
2020-09-01 10:30:00,NSE:PERSISTENT,969.7,971.0,966.8,970.05,3265.0
2020-09-01 11:00:00,NSE:PERSISTENT,970.8,972.0,965.0,968.1,2786.0
2020-09-01 11:30:00,NSE:PERSISTENT,968.1,970.0,966.65,969.1,4106.0
2020-09-01 12:00:00,NSE:PERSISTENT,967.95,974.85,967.95,973.55,14936.0
2020-09-01 12:30:00,NSE:PERSISTENT,973.55,980.0,970.15,978.4,11492.0
2020-09-01 13:00:00,NSE:PERSISTENT,978.1,980.0,971.0,972.0,4069.0
2020-09-01 13:30:00,NSE:PERSISTENT,973.15,976.2,970.5,971.25,2492.0
2020-09-01 14:00:00,NSE:PERSISTENT,971.6,974.1,971.35,972.05,981.0
2020-09-01 14:30:00,NSE:PERSISTENT,971.95,972.85,966.05,966.05,4950.0
2020-09-01 15:00:00,NSE:PERSISTENT,966.6,970.75,958.0,961.9,39940.0
2020-09-01 15:30:00,NSE:PERSISTENT,961.85,961.85,961.85,961.85,3.0
2020-09-02 09:00:00,NSE:PERSISTENT,968.0,979.9,968.0,976.0,3344.0
2020-09-02 09:30:00,NSE:PERSISTENT,976.6,985.05,976.4,980.75,5476.0
2020-09-02 10:00:00,NSE:PERSISTENT,981.05,983.1,975.0,976.85,5168.0
2020-09-02 10:30:00,NSE:PERSISTENT,976.85,977.45,968.0,973.85,3496.0
2020-09-02 11:00:00,NSE:PERSISTENT,973.85,985.0,973.6,984.9,2820.0
2020-09-02 11:30:00,NSE:PERSISTENT,984.9,987.0,980.05,984.05,4584.0
2020-09-02 12:00:00,NSE:PERSISTENT,983.25,985.95,980.85,981.0,2558.0
2020-09-02 12:30:00,NSE:PERSISTENT,981.0,987.5,981.0,984.05,4464.0
2020-09-02 13:00:00,NSE:PERSISTENT,984.35,987.75,984.1,987.15,2362.0
2020-09-02 13:30:00,NSE:PERSISTENT,987.7,1005.0,987.7,993.5,17990.0
2020-09-02 14:00:00,NSE:PERSISTENT,993.65,1002.0,991.0,997.7,8178.0
2020-09-02 14:30:00,NSE:PERSISTENT,998.65,1000.0,995.75,999.95,3730.0
2020-09-02 15:00:00,NSE:PERSISTENT,998.65,1028.0,997.5,1017.3,24954.0
2020-09-02 15:30:00,NSE:PERSISTENT,1012.45,1012.45,1012.45,1012.45,1.0
2020-09-03 09:00:00,NSE:PERSISTENT,1023.5,1037.0,1016.05,1028.35,8067.0
2020-09-03 09:30:00,NSE:PERSISTENT,1028.35,1030.15,1020.0,1025.05,9136.0
2020-09-03 10:00:00,NSE:PERSISTENT,1025.0,1043.95,1024.6,1040.35,15044.0
2020-09-03 10:30:00,NSE:PERSISTENT,1040.35,1044.95,1034.95,1044.95,12631.0
2020-09-03 11:00:00,NSE:PERSISTENT,1044.05,1049.0,1037.8,1043.65,15267.0
2020-09-03 11:30:00,NSE:PERSISTENT,1044.4,1046.95,1040.6,1043.65,13868.0
2020-09-03 12:00:00,NSE:PERSISTENT,1043.65,1047.65,1040.9,1045.25,11301.0
2020-09-03 12:30:00,NSE:PERSISTENT,1045.25,1053.2,1043.3,1043.5,13301.0
2020-09-03 13:00:00,NSE:PERSISTENT,1043.5,1045.0,1032.95,1040.65,5881.0
2020-09-03 13:30:00,NSE:PERSISTENT,1040.6,1044.95,1037.6,1042.05,4320.0
2020-09-03 14:00:00,NSE:PERSISTENT,1042.05,1042.95,1039.5,1040.45,2568.0
2020-09-03 14:30:00,NSE:PERSISTENT,1040.5,1040.95,1035.05,1035.5,2186.0
2020-09-03 15:00:00,NSE:PERSISTENT,1035.2,1044.8,996.55,1028.0,27815.0
2020-09-03 15:30:00,NSE:PERSISTENT,1027.75,1027.75,1027.75,1027.75,11.0
2020-09-04 09:00:00,NSE:PERSISTENT,997.2,1010.0,977.15,993.45,6752.0
2020-09-04 09:30:00,NSE:PERSISTENT,993.5,1004.0,986.25,994.95,10742.0
2020-09-04 10:00:00,NSE:PERSISTENT,994.95,1000.0,993.8,997.75,5001.0
2020-09-04 10:30:00,NSE:PERSISTENT,997.25,997.75,992.25,997.25,3804.0
2020-09-04 11:00:00,NSE:PERSISTENT,997.15,999.0,996.15,997.45,1874.0
2020-09-04 11:30:00,NSE:PERSISTENT,997.4,997.45,996.25,997.45,2334.0
2020-09-04 12:00:00,NSE:PERSISTENT,998.15,998.15,992.35,993.35,9181.0
2020-09-04 12:30:00,NSE:PERSISTENT,993.1,995.2,990.0,994.0,5567.0
2020-09-04 13:00:00,NSE:PERSISTENT,994.0,994.0,987.0,990.2,34667.0
2020-09-04 13:30:00,NSE:PERSISTENT,990.2,990.95,986.05,990.0,7671.0
2020-09-04 14:00:00,NSE:PERSISTENT,990.0,991.0,982.0,987.6,12845.0
2020-09-04 14:30:00,NSE:PERSISTENT,990.25,991.95,983.35,989.1,26506.0
2020-09-04 15:00:00,NSE:PERSISTENT,988.85,1003.0,974.65,999.0,40849.0
2020-09-04 15:30:00,NSE:PERSISTENT,990.25,990.25,986.3,986.3,72.0
2020-09-07 09:00:00,NSE:PERSISTENT,990.0,999.9,970.6,970.95,9719.0
2020-09-07 09:30:00,NSE:PERSISTENT,970.6,984.5,964.4,975.05,10661.0
2020-09-07 10:00:00,NSE:PERSISTENT,977.9,992.85,975.0,982.15,4378.0
2020-09-07 10:30:00,NSE:PERSISTENT,983.65,985.0,980.65,983.65,1203.0
2020-09-07 11:00:00,NSE:PERSISTENT,983.65,985.95,981.0,984.2,1074.0
2020-09-07 11:30:00,NSE:PERSISTENT,985.35,987.35,982.35,983.6,1524.0
2020-09-07 12:00:00,NSE:PERSISTENT,983.9,986.95,981.0,984.35,1482.0
2020-09-07 12:30:00,NSE:PERSISTENT,984.35,991.45,984.35,990.1,2685.0
2020-09-07 13:00:00,NSE:PERSISTENT,990.0,990.55,982.1,984.95,1495.0
2020-09-07 13:30:00,NSE:PERSISTENT,986.35,987.15,981.05,984.9,6570.0
2020-09-07 14:00:00,NSE:PERSISTENT,984.75,986.95,980.0,984.6,2641.0
2020-09-07 14:30:00,NSE:PERSISTENT,982.85,982.85,976.0,980.05,3953.0
2020-09-07 15:00:00,NSE:PERSISTENT,980.75,984.95,979.45,980.0,8459.0
2020-09-07 15:30:00,NSE:PERSISTENT,981.05,981.05,981.05,981.05,6.0
2020-09-08 09:00:00,NSE:PERSISTENT,986.0,996.0,985.05,990.95,3177.0
2020-09-08 09:30:00,NSE:PERSISTENT,991.4,1023.9,985.0,1017.0,22685.0
2020-09-08 10:00:00,NSE:PERSISTENT,1016.0,1025.0,1011.05,1017.45,19794.0
2020-09-08 10:30:00,NSE:PERSISTENT,1016.7,1016.7,1002.9,1013.0,5494.0
2020-09-08 11:00:00,NSE:PERSISTENT,1012.1,1013.0,997.0,997.0,8322.0
2020-09-08 11:30:00,NSE:PERSISTENT,997.0,1008.85,996.0,1008.0,5938.0
2020-09-08 12:00:00,NSE:PERSISTENT,1006.75,1007.9,1000.0,1000.5,3696.0
2020-09-08 12:30:00,NSE:PERSISTENT,1000.5,1005.05,1000.0,1000.0,3548.0
2020-09-08 13:00:00,NSE:PERSISTENT,1000.55,1002.95,1000.0,1000.05,1470.0
2020-09-08 13:30:00,NSE:PERSISTENT,1001.5,1001.5,997.5,1000.0,2923.0
2020-09-08 14:00:00,NSE:PERSISTENT,999.95,1001.0,997.5,999.5,3986.0
2020-09-08 14:30:00,NSE:PERSISTENT,999.65,1001.0,993.5,998.05,5978.0
2020-09-08 15:00:00,NSE:PERSISTENT,998.0,999.0,990.0,990.0,8305.0
2020-09-09 09:00:00,NSE:PERSISTENT,993.0,993.0,960.05,986.35,8563.0
2020-09-09 09:30:00,NSE:PERSISTENT,986.0,988.0,975.75,978.25,7442.0
2020-09-09 10:00:00,NSE:PERSISTENT,978.25,981.7,975.0,980.25,3197.0
2020-09-09 10:30:00,NSE:PERSISTENT,980.0,981.3,978.4,981.05,2132.0
2020-09-09 11:00:00,NSE:PERSISTENT,981.05,981.5,978.05,979.95,2912.0
2020-09-09 11:30:00,NSE:PERSISTENT,979.95,980.6,977.0,980.05,2643.0
2020-09-09 12:00:00,NSE:PERSISTENT,980.0,980.1,960.0,974.25,10945.0
2020-09-09 12:30:00,NSE:PERSISTENT,974.2,980.0,970.45,979.0,3972.0
2020-09-09 13:00:00,NSE:PERSISTENT,979.0,988.45,976.05,982.1,5143.0
2020-09-09 13:30:00,NSE:PERSISTENT,983.3,989.8,979.95,984.0,3513.0
2020-09-09 14:00:00,NSE:PERSISTENT,984.0,987.8,976.15,980.95,4676.0
2020-09-09 14:30:00,NSE:PERSISTENT,981.0,986.9,979.95,983.0,3818.0
2020-09-09 15:00:00,NSE:PERSISTENT,983.0,986.95,980.0,982.65,6638.0
2020-09-09 15:30:00,NSE:PERSISTENT,981.75,982.7,981.75,982.7,23.0
2020-09-10 09:00:00,NSE:PERSISTENT,983.0,1000.0,983.0,999.6,4518.0
2020-09-10 09:30:00,NSE:PERSISTENT,1001.95,1003.75,996.65,999.95,3898.0
2020-09-10 10:00:00,NSE:PERSISTENT,999.8,1000.05,995.4,999.1,3536.0
2020-09-10 10:30:00,NSE:PERSISTENT,999.7,1000.25,997.0,999.0,1554.0
2020-09-10 11:00:00,NSE:PERSISTENT,998.35,1000.0,997.85,999.65,2097.0
2020-09-10 11:30:00,NSE:PERSISTENT,999.65,1000.0,996.3,997.75,1266.0
2020-09-10 12:00:00,NSE:PERSISTENT,997.85,998.0,991.5,995.7,3427.0
2020-09-10 12:30:00,NSE:PERSISTENT,995.7,998.0,994.9,994.9,1830.0
2020-09-10 13:00:00,NSE:PERSISTENT,992.9,995.9,992.1,993.85,838.0
2020-09-10 13:30:00,NSE:PERSISTENT,994.0,998.0,990.95,997.65,2006.0
2020-09-10 14:00:00,NSE:PERSISTENT,997.5,997.5,988.4,994.75,1696.0
2020-09-10 14:30:00,NSE:PERSISTENT,994.95,996.8,988.35,996.45,1214.0
2020-09-10 15:00:00,NSE:PERSISTENT,995.6,996.0,984.2,986.0,7420.0
2020-09-10 15:30:00,NSE:PERSISTENT,988.15,988.15,988.15,988.15,1.0
2020-09-11 09:00:00,NSE:PERSISTENT,993.7,997.3,991.5,993.5,1536.0
2020-09-11 09:30:00,NSE:PERSISTENT,992.95,997.9,992.05,997.1,2212.0
2020-09-11 10:00:00,NSE:PERSISTENT,997.0,1000.0,995.05,997.85,2426.0
2020-09-11 10:30:00,NSE:PERSISTENT,997.85,1000.0,993.1,997.45,4743.0
2020-09-11 11:00:00,NSE:PERSISTENT,996.65,1002.0,994.55,999.45,3702.0
2020-09-11 11:30:00,NSE:PERSISTENT,999.6,1015.0,996.35,1006.55,20348.0
2020-09-11 12:00:00,NSE:PERSISTENT,1006.5,1009.6,1006.2,1006.55,4174.0
2020-09-11 12:30:00,NSE:PERSISTENT,1006.6,1009.0,1001.5,1002.6,2815.0
2020-09-11 13:00:00,NSE:PERSISTENT,1003.6,1022.0,1002.8,1010.6,30463.0
2020-09-11 13:30:00,NSE:PERSISTENT,1012.5,1019.65,1010.05,1017.25,8986.0
2020-09-11 14:00:00,NSE:PERSISTENT,1018.9,1023.9,1011.65,1016.6,12474.0
2020-09-11 14:30:00,NSE:PERSISTENT,1015.65,1019.9,1012.0,1014.9,6638.0
2020-09-11 15:00:00,NSE:PERSISTENT,1014.95,1018.0,1003.1,1008.0,14133.0
2020-09-11 15:30:00,NSE:PERSISTENT,1007.0,1011.05,1007.0,1011.05,17.0
2020-09-14 09:00:00,NSE:PERSISTENT,1025.9,1067.0,1025.9,1066.75,38314.0
2020-09-14 09:30:00,NSE:PERSISTENT,1066.75,1125.0,1065.55,1120.6,111245.0
2020-09-14 10:00:00,NSE:PERSISTENT,1121.55,1187.95,1119.65,1131.1,141934.0
2020-09-14 10:30:00,NSE:PERSISTENT,1132.0,1133.0,1122.0,1130.65,35359.0
2020-09-14 11:00:00,NSE:PERSISTENT,1130.9,1133.0,1121.15,1133.0,52015.0
2020-09-14 11:30:00,NSE:PERSISTENT,1133.0,1159.05,1129.65,1149.75,78380.0
2020-09-14 12:00:00,NSE:PERSISTENT,1149.15,1172.0,1146.0,1170.75,43347.0
2020-09-14 12:30:00,NSE:PERSISTENT,1174.0,1175.0,1160.0,1166.95,62348.0
2020-09-14 13:00:00,NSE:PERSISTENT,1166.55,1175.9,1137.75,1153.75,48692.0
2020-09-14 13:30:00,NSE:PERSISTENT,1153.75,1153.75,1132.8,1140.5,31232.0
2020-09-14 14:00:00,NSE:PERSISTENT,1140.5,1153.35,1137.05,1149.1,26865.0
2020-09-14 14:30:00,NSE:PERSISTENT,1149.1,1156.6,1145.0,1149.5,20521.0
2020-09-14 15:00:00,NSE:PERSISTENT,1149.45,1160.1,1142.0,1160.1,74217.0
2020-09-14 15:30:00,NSE:PERSISTENT,1154.1,1154.1,1154.1,1154.1,70.0
2020-09-15 09:00:00,NSE:PERSISTENT,1168.0,1240.0,1156.55,1233.1,85166.0
2020-09-15 09:30:00,NSE:PERSISTENT,1235.0,1235.0,1156.0,1162.65,99786.0
2020-09-15 10:00:00,NSE:PERSISTENT,1161.95,1162.65,1140.4,1142.85,49423.0
2020-09-15 10:30:00,NSE:PERSISTENT,1141.95,1150.65,1141.0,1150.0,16653.0
2020-09-15 11:00:00,NSE:PERSISTENT,1150.05,1151.25,1145.2,1150.0,10229.0
2020-09-15 11:30:00,NSE:PERSISTENT,1149.9,1150.45,1147.6,1149.8,10961.0
2020-09-15 12:00:00,NSE:PERSISTENT,1149.9,1150.45,1142.0,1142.7,11624.0
2020-09-15 12:30:00,NSE:PERSISTENT,1142.7,1151.45,1142.0,1149.95,8840.0
2020-09-15 13:00:00,NSE:PERSISTENT,1149.0,1151.0,1143.7,1150.0,11483.0
2020-09-15 13:30:00,NSE:PERSISTENT,1149.95,1163.55,1144.95,1151.0,15841.0
2020-09-15 14:00:00,NSE:PERSISTENT,1150.05,1153.6,1144.0,1151.0,12280.0
2020-09-15 14:30:00,NSE:PERSISTENT,1150.75,1160.0,1149.0,1152.05,10043.0
2020-09-15 15:00:00,NSE:PERSISTENT,1152.55,1193.95,1150.0,1170.35,50238.0
2020-09-15 15:30:00,NSE:PERSISTENT,1171.0,1171.0,1168.6,1168.6,125.0
2020-09-16 09:00:00,NSE:PERSISTENT,1182.0,1190.0,1145.05,1148.5,20265.0
2020-09-16 09:30:00,NSE:PERSISTENT,1146.6,1160.1,1140.4,1151.9,39796.0
2020-09-16 10:00:00,NSE:PERSISTENT,1151.3,1152.8,1140.0,1151.35,18573.0
2020-09-16 10:30:00,NSE:PERSISTENT,1151.35,1155.45,1148.0,1154.7,10074.0
2020-09-16 11:00:00,NSE:PERSISTENT,1154.7,1156.2,1152.0,1154.75,9716.0
2020-09-16 11:30:00,NSE:PERSISTENT,1155.75,1160.0,1155.0,1157.2,6152.0
2020-09-16 12:00:00,NSE:PERSISTENT,1157.2,1158.85,1155.0,1155.15,9392.0
2020-09-16 12:30:00,NSE:PERSISTENT,1155.0,1155.15,1147.1,1153.0,5026.0
2020-09-16 13:00:00,NSE:PERSISTENT,1152.85,1152.85,1145.0,1149.5,4854.0
2020-09-16 13:30:00,NSE:PERSISTENT,1149.55,1150.0,1144.6,1148.75,5026.0
2020-09-16 14:00:00,NSE:PERSISTENT,1149.55,1150.0,1131.1,1136.95,12697.0
2020-09-16 14:30:00,NSE:PERSISTENT,1134.25,1158.95,1134.0,1158.95,16739.0
2020-09-16 15:00:00,NSE:PERSISTENT,1158.85,1176.0,1158.1,1161.8,45670.0
2020-09-16 15:30:00,NSE:PERSISTENT,1161.35,1166.85,1161.35,1166.85,104.0
2020-09-17 09:00:00,NSE:PERSISTENT,1160.0,1175.45,1142.35,1159.6,15063.0
2020-09-17 09:30:00,NSE:PERSISTENT,1159.6,1169.75,1152.35,1158.1,12877.0
2020-09-17 10:00:00,NSE:PERSISTENT,1159.5,1169.0,1158.0,1168.65,12679.0
2020-09-17 10:30:00,NSE:PERSISTENT,1168.55,1182.0,1165.8,1174.5,81982.0
2020-09-17 11:00:00,NSE:PERSISTENT,1175.0,1178.9,1168.0,1171.05,8999.0
2020-09-17 11:30:00,NSE:PERSISTENT,1171.6,1175.95,1169.05,1173.0,6295.0
2020-09-17 12:00:00,NSE:PERSISTENT,1173.25,1180.0,1171.05,1178.05,8425.0
2020-09-17 12:30:00,NSE:PERSISTENT,1177.4,1180.15,1172.55,1179.4,4663.0
2020-09-17 13:00:00,NSE:PERSISTENT,1180.35,1183.0,1175.35,1181.3,9022.0
2020-09-17 13:30:00,NSE:PERSISTENT,1181.05,1182.0,1177.8,1180.5,2007.0
2020-09-17 14:00:00,NSE:PERSISTENT,1180.95,1183.0,1175.55,1180.0,4413.0
2020-09-17 14:30:00,NSE:PERSISTENT,1180.85,1183.0,1172.65,1176.4,7187.0
2020-09-17 15:00:00,NSE:PERSISTENT,1176.4,1177.4,1169.0,1172.0,17763.0
2020-09-17 15:30:00,NSE:PERSISTENT,1171.75,1171.75,1171.75,1171.75,4.0
2020-09-18 09:00:00,NSE:PERSISTENT,1180.0,1180.0,1157.25,1157.75,7270.0
2020-09-18 09:30:00,NSE:PERSISTENT,1159.0,1168.85,1157.9,1167.75,9190.0
2020-09-18 10:00:00,NSE:PERSISTENT,1167.05,1171.95,1167.0,1169.55,3991.0
2020-09-18 10:30:00,NSE:PERSISTENT,1169.5,1171.0,1164.5,1169.6,6468.0
2020-09-18 11:00:00,NSE:PERSISTENT,1169.55,1174.9,1167.25,1171.15,4616.0
2020-09-18 11:30:00,NSE:PERSISTENT,1171.3,1176.3,1168.0,1174.45,6334.0
2020-09-18 12:00:00,NSE:PERSISTENT,1174.7,1174.85,1165.0,1167.05,5660.0
2020-09-18 12:30:00,NSE:PERSISTENT,1167.05,1173.5,1166.55,1167.25,5348.0
2020-09-18 13:00:00,NSE:PERSISTENT,1167.25,1170.1,1167.0,1167.5,5295.0
2020-09-18 13:30:00,NSE:PERSISTENT,1168.0,1173.35,1168.0,1173.25,6709.0
2020-09-18 14:00:00,NSE:PERSISTENT,1173.0,1174.35,1167.0,1169.8,14318.0
2020-09-18 14:30:00,NSE:PERSISTENT,1169.9,1172.5,1167.9,1170.45,21148.0
2020-09-18 15:00:00,NSE:PERSISTENT,1169.8,1200.0,1169.05,1175.55,92253.0
2020-09-18 15:30:00,NSE:PERSISTENT,1191.15,1191.15,1191.15,1191.15,5.0
2020-09-21 09:00:00,NSE:PERSISTENT,1187.0,1192.45,1180.0,1182.9,6723.0
2020-09-21 09:30:00,NSE:PERSISTENT,1182.95,1185.0,1171.4,1177.95,11601.0
2020-09-21 10:00:00,NSE:PERSISTENT,1177.95,1178.55,1173.8,1177.2,20906.0
2020-09-21 10:30:00,NSE:PERSISTENT,1177.2,1177.45,1175.0,1175.8,4007.0
2020-09-21 11:00:00,NSE:PERSISTENT,1175.8,1178.2,1175.0,1175.05,4798.0
2020-09-21 11:30:00,NSE:PERSISTENT,1175.1,1179.9,1174.95,1179.2,7613.0
2020-09-21 12:00:00,NSE:PERSISTENT,1179.2,1203.0,1177.0,1194.0,48379.0
2020-09-21 12:30:00,NSE:PERSISTENT,1193.05,1199.4,1191.0,1196.65,9812.0
2020-09-21 13:00:00,NSE:PERSISTENT,1196.65,1196.75,1180.0,1183.0,12260.0
2020-09-21 13:30:00,NSE:PERSISTENT,1181.95,1191.0,1180.95,1190.85,8433.0
2020-09-21 14:00:00,NSE:PERSISTENT,1190.05,1190.65,1169.45,1176.1,38576.0
2020-09-21 14:30:00,NSE:PERSISTENT,1176.15,1178.05,1170.0,1170.35,17734.0
2020-09-21 15:00:00,NSE:PERSISTENT,1170.9,1173.05,1142.55,1165.0,29907.0
2020-09-21 15:30:00,NSE:PERSISTENT,1160.7,1160.7,1160.7,1160.7,2.0
2020-09-22 09:00:00,NSE:PERSISTENT,1166.1,1166.5,1092.25,1102.45,12753.0
2020-09-22 09:30:00,NSE:PERSISTENT,1102.0,1114.75,1096.0,1100.1,20691.0
2020-09-22 10:00:00,NSE:PERSISTENT,1100.15,1184.5,1100.15,1157.7,48227.0
2020-09-22 10:30:00,NSE:PERSISTENT,1157.65,1167.8,1130.45,1138.05,20973.0
2020-09-22 11:00:00,NSE:PERSISTENT,1138.1,1146.8,1128.0,1145.85,5835.0
2020-09-22 11:30:00,NSE:PERSISTENT,1145.85,1150.0,1142.4,1148.0,3607.0
2020-09-22 12:00:00,NSE:PERSISTENT,1147.55,1150.05,1144.9,1148.5,5417.0
2020-09-22 12:30:00,NSE:PERSISTENT,1149.9,1154.9,1146.2,1153.0,8557.0
2020-09-22 13:00:00,NSE:PERSISTENT,1153.0,1153.0,1146.6,1150.0,6075.0
2020-09-22 13:30:00,NSE:PERSISTENT,1150.0,1150.0,1142.1,1142.1,10077.0
2020-09-22 14:00:00,NSE:PERSISTENT,1144.75,1158.85,1143.2,1158.25,11253.0
2020-09-22 14:30:00,NSE:PERSISTENT,1158.25,1178.7,1158.15,1178.2,10299.0
2020-09-22 15:00:00,NSE:PERSISTENT,1177.15,1195.0,1165.0,1172.1,15760.0
2020-09-22 15:30:00,NSE:PERSISTENT,1178.05,1178.05,1178.05,1178.05,1.0
2020-09-23 09:00:00,NSE:PERSISTENT,1178.0,1187.0,1170.0,1183.95,8885.0
2020-09-23 09:30:00,NSE:PERSISTENT,1182.35,1183.05,1166.5,1180.05,11360.0
2020-09-23 10:00:00,NSE:PERSISTENT,1178.7,1216.2,1178.7,1206.55,40366.0
2020-09-23 10:30:00,NSE:PERSISTENT,1206.0,1212.4,1195.4,1202.6,46404.0
2020-09-23 11:00:00,NSE:PERSISTENT,1204.55,1207.7,1202.0,1203.05,10454.0
2020-09-23 11:30:00,NSE:PERSISTENT,1202.0,1205.65,1196.35,1197.4,13063.0
2020-09-23 12:00:00,NSE:PERSISTENT,1197.35,1198.5,1181.0,1192.2,15903.0
2020-09-23 12:30:00,NSE:PERSISTENT,1193.05,1197.9,1178.0,1193.4,7419.0
2020-09-23 13:00:00,NSE:PERSISTENT,1193.35,1199.6,1180.25,1194.55,12159.0
2020-09-23 13:30:00,NSE:PERSISTENT,1194.4,1200.0,1181.0,1194.35,11241.0
2020-09-23 14:00:00,NSE:PERSISTENT,1193.0,1195.0,1145.0,1168.65,18007.0
2020-09-23 14:30:00,NSE:PERSISTENT,1168.6,1203.4,1163.65,1203.0,25763.0
2020-09-23 15:00:00,NSE:PERSISTENT,1204.2,1244.0,1198.75,1226.0,136119.0
2020-09-23 15:30:00,NSE:PERSISTENT,1225.45,1225.45,1225.45,1225.45,5.0
2020-09-24 09:00:00,NSE:PERSISTENT,1215.0,1215.0,1180.0,1204.95,22622.0
2020-09-24 09:30:00,NSE:PERSISTENT,1205.0,1219.0,1201.0,1211.75,11678.0
2020-09-24 10:00:00,NSE:PERSISTENT,1211.75,1212.75,1201.0,1204.35,6257.0
2020-09-24 10:30:00,NSE:PERSISTENT,1204.35,1204.95,1191.25,1197.0,8896.0
2020-09-24 11:00:00,NSE:PERSISTENT,1197.0,1200.05,1188.2,1199.95,9359.0
2020-09-24 11:30:00,NSE:PERSISTENT,1199.95,1200.0,1195.0,1198.35,5277.0
2020-09-24 12:00:00,NSE:PERSISTENT,1198.35,1200.0,1196.05,1200.0,5170.0
2020-09-24 12:30:00,NSE:PERSISTENT,1199.95,1200.0,1185.05,1199.45,12077.0
2020-09-24 13:00:00,NSE:PERSISTENT,1199.45,1200.0,1194.0,1196.85,20535.0
2020-09-24 13:30:00,NSE:PERSISTENT,1197.35,1199.85,1195.05,1197.6,3923.0
2020-09-24 14:00:00,NSE:PERSISTENT,1197.6,1200.0,1195.05,1199.9,4834.0
2020-09-24 14:30:00,NSE:PERSISTENT,1196.05,1200.0,1190.0,1199.15,8853.0
2020-09-24 15:00:00,NSE:PERSISTENT,1199.15,1199.15,1162.2,1164.0,24454.0
2020-09-24 15:30:00,NSE:PERSISTENT,1167.0,1167.0,1167.0,1167.0,15.0
2020-09-25 09:00:00,NSE:PERSISTENT,1184.0,1198.25,1184.0,1185.85,7387.0
2020-09-25 09:30:00,NSE:PERSISTENT,1185.0,1224.0,1181.0,1218.25,31107.0
2020-09-25 10:00:00,NSE:PERSISTENT,1221.1,1222.95,1201.25,1208.0,13988.0
2020-09-25 10:30:00,NSE:PERSISTENT,1208.0,1222.75,1201.1,1218.0,13389.0
2020-09-25 11:00:00,NSE:PERSISTENT,1218.3,1219.0,1205.45,1206.6,7744.0
2020-09-25 11:30:00,NSE:PERSISTENT,1206.75,1207.9,1203.65,1207.05,4370.0
2020-09-25 12:00:00,NSE:PERSISTENT,1207.05,1212.15,1205.3,1211.75,6910.0
2020-09-25 12:30:00,NSE:PERSISTENT,1211.0,1214.9,1207.2,1214.0,4336.0
2020-09-25 13:00:00,NSE:PERSISTENT,1214.0,1219.0,1207.7,1213.7,4568.0
2020-09-25 13:30:00,NSE:PERSISTENT,1213.75,1215.6,1202.9,1207.0,4999.0
2020-09-25 14:00:00,NSE:PERSISTENT,1208.7,1209.0,1205.0,1208.0,5222.0
2020-09-25 14:30:00,NSE:PERSISTENT,1207.9,1218.0,1204.4,1216.95,12800.0
2020-09-25 15:00:00,NSE:PERSISTENT,1217.0,1230.0,1210.05,1230.0,18607.0
2020-09-25 15:30:00,NSE:PERSISTENT,1219.65,1219.65,1219.65,1219.65,9.0
2020-09-28 09:00:00,NSE:PERSISTENT,1225.0,1255.95,1225.0,1240.5,28659.0
2020-09-28 09:30:00,NSE:PERSISTENT,1242.7,1254.9,1233.1,1247.95,212532.0
2020-09-28 10:00:00,NSE:PERSISTENT,1245.8,1280.0,1245.8,1267.8,36019.0
2020-09-28 10:30:00,NSE:PERSISTENT,1266.4,1274.3,1252.0,1255.0,60493.0
2020-09-28 11:00:00,NSE:PERSISTENT,1252.8,1258.8,1246.0,1257.9,30254.0
2020-09-28 11:30:00,NSE:PERSISTENT,1257.5,1273.35,1257.0,1258.4,17086.0
2020-09-28 12:00:00,NSE:PERSISTENT,1257.2,1272.5,1251.85,1267.6,15507.0
2020-09-28 12:30:00,NSE:PERSISTENT,1266.45,1300.0,1263.0,1296.75,52551.0
2020-09-28 13:00:00,NSE:PERSISTENT,1295.0,1304.7,1281.0,1297.5,37863.0
2020-09-28 13:30:00,NSE:PERSISTENT,1297.95,1315.0,1296.0,1306.85,96723.0
2020-09-28 14:00:00,NSE:PERSISTENT,1306.7,1323.95,1305.05,1312.0,35885.0
2020-09-28 14:30:00,NSE:PERSISTENT,1312.0,1314.95,1261.6,1279.35,40176.0
2020-09-28 15:00:00,NSE:PERSISTENT,1279.3,1295.0,1256.05,1290.0,73212.0
2020-09-28 15:30:00,NSE:PERSISTENT,1274.55,1274.55,1274.55,1274.55,10.0
2020-09-29 09:00:00,NSE:PERSISTENT,1284.75,1298.5,1280.0,1280.55,25740.0
2020-09-29 09:30:00,NSE:PERSISTENT,1281.75,1314.1,1280.5,1301.2,266139.0
2020-09-29 10:00:00,NSE:PERSISTENT,1301.2,1307.65,1297.4,1301.3,38239.0
2020-09-29 10:30:00,NSE:PERSISTENT,1301.25,1303.85,1266.0,1285.25,69070.0
2020-09-29 11:00:00,NSE:PERSISTENT,1285.35,1298.5,1285.05,1295.45,17054.0
2020-09-29 11:30:00,NSE:PERSISTENT,1296.9,1309.5,1295.35,1301.75,17111.0
2020-09-29 12:00:00,NSE:PERSISTENT,1301.75,1324.0,1301.0,1312.4,21700.0
2020-09-29 12:30:00,NSE:PERSISTENT,1312.4,1344.05,1310.5,1334.35,32932.0
2020-09-29 13:00:00,NSE:PERSISTENT,1335.0,1361.35,1325.0,1361.35,51474.0
2020-09-29 13:30:00,NSE:PERSISTENT,1359.2,1380.0,1351.0,1370.95,91237.0
2020-09-29 14:00:00,NSE:PERSISTENT,1370.95,1380.0,1326.65,1330.55,72026.0
2020-09-29 14:30:00,NSE:PERSISTENT,1331.15,1338.95,1325.5,1325.6,38541.0
2020-09-29 15:00:00,NSE:PERSISTENT,1325.6,1360.0,1323.8,1359.0,84845.0
2020-09-29 15:30:00,NSE:PERSISTENT,1333.2,1333.2,1333.2,1333.2,1.0
2020-09-30 09:00:00,NSE:PERSISTENT,1358.45,1359.0,1340.0,1342.05,22862.0
2020-09-30 09:30:00,NSE:PERSISTENT,1343.1,1385.85,1342.05,1350.0,37767.0
2020-09-30 10:00:00,NSE:PERSISTENT,1347.95,1369.95,1347.0,1362.8,14834.0
2020-09-30 10:30:00,NSE:PERSISTENT,1364.0,1365.0,1359.9,1362.45,7487.0
2020-09-30 11:00:00,NSE:PERSISTENT,1363.0,1367.55,1351.3,1354.1,14008.0
2020-09-30 11:30:00,NSE:PERSISTENT,1353.4,1354.6,1340.25,1350.15,14998.0
2020-09-30 12:00:00,NSE:PERSISTENT,1350.0,1352.3,1333.5,1338.95,10531.0
2020-09-30 12:30:00,NSE:PERSISTENT,1338.95,1344.55,1338.1,1341.55,6868.0
2020-09-30 13:00:00,NSE:PERSISTENT,1341.55,1347.45,1341.0,1344.75,5682.0
2020-09-30 13:30:00,NSE:PERSISTENT,1343.2,1354.0,1343.2,1347.2,5417.0
2020-09-30 14:00:00,NSE:PERSISTENT,1347.2,1348.75,1341.0,1341.5,4039.0
2020-09-30 14:30:00,NSE:PERSISTENT,1341.55,1348.5,1341.0,1345.5,5093.0
2020-09-30 15:00:00,NSE:PERSISTENT,1347.4,1350.0,1330.0,1337.7,28348.0
2020-09-30 15:30:00,NSE:PERSISTENT,1337.7,1341.25,1337.7,1341.25,12.0
2020-10-01 09:00:00,NSE:PERSISTENT,1342.05,1354.95,1330.85,1332.2,12246.0
2020-10-01 09:30:00,NSE:PERSISTENT,1334.9,1338.1,1313.65,1316.0,13566.0
2020-10-01 10:00:00,NSE:PERSISTENT,1317.0,1317.25,1305.0,1309.05,9905.0
2020-10-01 10:30:00,NSE:PERSISTENT,1309.05,1313.0,1308.0,1312.3,34981.0
2020-10-01 11:00:00,NSE:PERSISTENT,1312.65,1315.0,1311.0,1311.55,3721.0
2020-10-01 11:30:00,NSE:PERSISTENT,1312.3,1314.0,1301.0,1309.6,8227.0
2020-10-01 12:00:00,NSE:PERSISTENT,1310.05,1312.0,1305.75,1308.3,2258.0
2020-10-01 12:30:00,NSE:PERSISTENT,1309.95,1311.25,1308.15,1309.95,1872.0
2020-10-01 13:00:00,NSE:PERSISTENT,1309.95,1310.0,1303.0,1306.5,6241.0
2020-10-01 13:30:00,NSE:PERSISTENT,1306.0,1307.0,1301.0,1305.65,4473.0
2020-10-01 14:00:00,NSE:PERSISTENT,1306.1,1306.7,1288.0,1299.9,14414.0
2020-10-01 14:30:00,NSE:PERSISTENT,1299.9,1307.0,1299.9,1306.0,6998.0
2020-10-01 15:00:00,NSE:PERSISTENT,1305.0,1313.3,1295.0,1309.0,87033.0
2020-10-01 15:30:00,NSE:PERSISTENT,1305.0,1305.0,1303.75,1303.75,44.0
2020-10-05 09:00:00,NSE:PERSISTENT,1318.0,1329.95,1303.75,1309.95,10767.0
2020-10-05 09:30:00,NSE:PERSISTENT,1309.55,1322.5,1305.0,1310.3,20542.0
2020-10-05 10:00:00,NSE:PERSISTENT,1311.9,1323.0,1310.0,1323.0,36394.0
2020-10-05 10:30:00,NSE:PERSISTENT,1323.2,1326.0,1317.8,1319.8,101377.0
2020-10-05 11:00:00,NSE:PERSISTENT,1320.0,1340.85,1317.05,1331.6,26638.0
2020-10-05 11:30:00,NSE:PERSISTENT,1331.55,1331.55,1325.0,1325.45,4372.0
2020-10-05 12:00:00,NSE:PERSISTENT,1325.55,1335.0,1325.55,1327.5,8961.0
2020-10-05 12:30:00,NSE:PERSISTENT,1328.9,1334.25,1327.65,1332.0,6201.0
2020-10-05 13:00:00,NSE:PERSISTENT,1332.0,1333.0,1328.0,1330.0,5163.0
2020-10-05 13:30:00,NSE:PERSISTENT,1330.0,1335.7,1328.2,1335.0,5727.0
2020-10-05 14:00:00,NSE:PERSISTENT,1334.95,1340.0,1329.05,1331.95,22802.0
2020-10-05 14:30:00,NSE:PERSISTENT,1331.3,1333.95,1323.25,1323.5,16944.0
2020-10-05 15:00:00,NSE:PERSISTENT,1323.55,1330.5,1321.4,1330.0,38682.0
2020-10-05 15:30:00,NSE:PERSISTENT,1327.65,1327.65,1327.65,1327.65,50.0
2020-10-06 09:00:00,NSE:PERSISTENT,1331.2,1339.6,1321.0,1326.15,11502.0
2020-10-06 09:30:00,NSE:PERSISTENT,1325.05,1330.0,1320.05,1322.75,14018.0
2020-10-06 10:00:00,NSE:PERSISTENT,1321.0,1327.7,1320.5,1323.95,9022.0
2020-10-06 10:30:00,NSE:PERSISTENT,1320.5,1325.4,1316.0,1316.05,14413.0
2020-10-06 11:00:00,NSE:PERSISTENT,1315.8,1319.15,1311.0,1316.45,7000.0
2020-10-06 11:30:00,NSE:PERSISTENT,1317.85,1320.0,1315.4,1319.5,5271.0
2020-10-06 12:00:00,NSE:PERSISTENT,1319.35,1319.9,1312.7,1315.8,4972.0
2020-10-06 12:30:00,NSE:PERSISTENT,1314.75,1315.9,1305.0,1305.6,5448.0
2020-10-06 13:00:00,NSE:PERSISTENT,1305.6,1313.0,1304.6,1307.35,24964.0
2020-10-06 13:30:00,NSE:PERSISTENT,1306.2,1307.35,1295.0,1298.0,8947.0
2020-10-06 14:00:00,NSE:PERSISTENT,1298.05,1300.0,1297.5,1299.0,8775.0
2020-10-06 14:30:00,NSE:PERSISTENT,1298.5,1299.55,1291.0,1295.0,17286.0
2020-10-06 15:00:00,NSE:PERSISTENT,1295.0,1300.0,1292.7,1299.55,20736.0
2020-10-07 09:00:00,NSE:PERSISTENT,1300.1,1304.45,1260.35,1266.05,19483.0
2020-10-07 09:30:00,NSE:PERSISTENT,1268.25,1276.85,1265.0,1268.15,14889.0
2020-10-07 10:00:00,NSE:PERSISTENT,1268.15,1271.9,1265.35,1271.75,7183.0
2020-10-07 10:30:00,NSE:PERSISTENT,1271.9,1285.0,1271.9,1282.0,59570.0
2020-10-07 11:00:00,NSE:PERSISTENT,1281.0,1282.0,1269.9,1281.9,10657.0
2020-10-07 11:30:00,NSE:PERSISTENT,1281.0,1282.1,1273.7,1277.2,2259.0
2020-10-07 12:00:00,NSE:PERSISTENT,1277.2,1281.55,1276.65,1281.0,2404.0
2020-10-07 12:30:00,NSE:PERSISTENT,1280.0,1281.0,1277.7,1279.4,3208.0
2020-10-07 13:00:00,NSE:PERSISTENT,1279.0,1279.35,1275.4,1277.35,2343.0
2020-10-07 13:30:00,NSE:PERSISTENT,1277.0,1277.75,1265.05,1269.5,6298.0
2020-10-07 14:00:00,NSE:PERSISTENT,1269.5,1271.35,1265.3,1266.0,5438.0
2020-10-07 14:30:00,NSE:PERSISTENT,1267.25,1274.65,1265.4,1273.45,6510.0
2020-10-07 15:00:00,NSE:PERSISTENT,1273.7,1283.0,1247.0,1275.0,30948.0
2020-10-07 15:30:00,NSE:PERSISTENT,1260.25,1260.25,1260.25,1260.25,261.0
2020-10-08 09:00:00,NSE:PERSISTENT,1285.85,1319.0,1281.0,1319.0,31376.0
2020-10-08 09:30:00,NSE:PERSISTENT,1318.8,1324.0,1307.1,1314.15,95348.0
2020-10-08 10:00:00,NSE:PERSISTENT,1314.1,1322.35,1308.0,1315.0,22277.0
2020-10-08 10:30:00,NSE:PERSISTENT,1315.0,1319.9,1311.25,1318.5,11929.0
2020-10-08 11:00:00,NSE:PERSISTENT,1318.5,1339.9,1317.9,1321.95,224368.0
2020-10-08 11:30:00,NSE:PERSISTENT,1323.2,1328.0,1319.15,1327.05,28210.0
2020-10-08 12:00:00,NSE:PERSISTENT,1324.0,1327.0,1320.2,1322.8,8773.0
2020-10-08 12:30:00,NSE:PERSISTENT,1321.7,1326.45,1320.0,1324.9,8234.0
2020-10-08 13:00:00,NSE:PERSISTENT,1324.95,1329.4,1320.5,1322.0,17005.0
2020-10-08 13:30:00,NSE:PERSISTENT,1321.95,1326.45,1318.0,1318.0,28715.0
2020-10-08 14:00:00,NSE:PERSISTENT,1318.0,1323.7,1318.0,1321.5,12098.0
2020-10-08 14:30:00,NSE:PERSISTENT,1320.7,1321.55,1318.0,1318.9,23134.0
2020-10-08 15:00:00,NSE:PERSISTENT,1318.9,1319.95,1306.65,1316.9,43132.0
2020-10-08 15:30:00,NSE:PERSISTENT,1316.05,1316.05,1316.05,1316.05,2.0
2020-10-09 09:00:00,NSE:PERSISTENT,1316.0,1325.0,1301.05,1315.3,13254.0
2020-10-09 09:30:00,NSE:PERSISTENT,1316.0,1318.35,1300.0,1303.8,11403.0
2020-10-09 10:00:00,NSE:PERSISTENT,1303.5,1312.75,1300.0,1300.85,6933.0
2020-10-09 10:30:00,NSE:PERSISTENT,1301.65,1303.0,1300.05,1302.3,31964.0
2020-10-09 11:00:00,NSE:PERSISTENT,1302.25,1304.35,1300.7,1304.3,4626.0
2020-10-09 11:30:00,NSE:PERSISTENT,1305.0,1307.05,1303.0,1304.0,5145.0
2020-10-09 12:00:00,NSE:PERSISTENT,1304.45,1306.8,1301.5,1304.7,2167.0
2020-10-09 12:30:00,NSE:PERSISTENT,1304.85,1307.6,1304.0,1306.35,2460.0
2020-10-09 13:00:00,NSE:PERSISTENT,1306.45,1306.6,1303.5,1304.55,757.0
2020-10-09 13:30:00,NSE:PERSISTENT,1304.45,1308.4,1300.9,1303.1,4931.0
2020-10-09 14:00:00,NSE:PERSISTENT,1301.4,1307.5,1301.0,1304.95,3840.0
2020-10-09 14:30:00,NSE:PERSISTENT,1305.4,1307.6,1301.0,1303.95,2625.0
2020-10-09 15:00:00,NSE:PERSISTENT,1303.9,1314.9,1300.0,1304.9,25988.0
2020-10-09 15:30:00,NSE:PERSISTENT,1303.65,1303.65,1303.65,1303.65,17.0
2020-10-12 09:00:00,NSE:PERSISTENT,1324.45,1324.45,1309.4,1313.9,12208.0
2020-10-12 09:30:00,NSE:PERSISTENT,1314.65,1320.0,1297.35,1317.1,16683.0
2020-10-12 10:00:00,NSE:PERSISTENT,1317.1,1318.0,1309.5,1315.25,5562.0
2020-10-12 10:30:00,NSE:PERSISTENT,1314.9,1318.0,1311.8,1312.3,5072.0
2020-10-12 11:00:00,NSE:PERSISTENT,1314.2,1317.0,1310.5,1312.55,3141.0
2020-10-12 11:30:00,NSE:PERSISTENT,1312.25,1313.4,1310.5,1312.55,1810.0
2020-10-12 12:00:00,NSE:PERSISTENT,1312.6,1312.85,1310.0,1310.6,4115.0
2020-10-12 12:30:00,NSE:PERSISTENT,1310.8,1312.05,1305.05,1311.5,4010.0
2020-10-12 13:00:00,NSE:PERSISTENT,1311.65,1312.0,1310.25,1311.05,4959.0
2020-10-12 13:30:00,NSE:PERSISTENT,1312.0,1312.0,1310.85,1311.9,8735.0
2020-10-12 14:00:00,NSE:PERSISTENT,1311.95,1312.0,1302.1,1309.2,17005.0
2020-10-12 14:30:00,NSE:PERSISTENT,1309.95,1311.65,1304.05,1304.4,44906.0
2020-10-12 15:00:00,NSE:PERSISTENT,1305.5,1309.95,1291.6,1304.0,24753.0
2020-10-12 15:30:00,NSE:PERSISTENT,1302.35,1302.35,1302.35,1302.35,20.0
2020-10-13 09:00:00,NSE:PERSISTENT,1310.4,1310.4,1300.0,1300.0,6900.0
2020-10-13 09:30:00,NSE:PERSISTENT,1298.0,1354.3,1297.95,1352.0,155513.0
2020-10-13 10:00:00,NSE:PERSISTENT,1350.65,1358.5,1342.0,1355.0,66226.0
2020-10-13 10:30:00,NSE:PERSISTENT,1355.0,1364.0,1354.0,1356.15,38539.0
2020-10-13 11:00:00,NSE:PERSISTENT,1356.15,1360.0,1355.25,1358.95,15590.0
2020-10-13 11:30:00,NSE:PERSISTENT,1359.65,1359.95,1342.0,1344.95,28575.0
2020-10-13 12:00:00,NSE:PERSISTENT,1344.95,1349.0,1334.0,1337.3,18414.0
2020-10-13 12:30:00,NSE:PERSISTENT,1337.3,1344.5,1337.3,1340.2,7567.0
2020-10-13 13:00:00,NSE:PERSISTENT,1340.1,1344.55,1334.0,1342.55,8698.0
2020-10-13 13:30:00,NSE:PERSISTENT,1342.8,1345.95,1337.0,1342.7,8731.0
2020-10-13 14:00:00,NSE:PERSISTENT,1343.85,1345.9,1341.5,1344.55,7448.0
2020-10-13 14:30:00,NSE:PERSISTENT,1344.8,1346.0,1336.0,1345.9,9958.0
2020-10-13 15:00:00,NSE:PERSISTENT,1344.5,1358.1,1332.8,1357.35,44364.0
2020-10-13 15:30:00,NSE:PERSISTENT,1357.35,1357.35,1344.3,1344.3,25.0
2020-10-14 09:00:00,NSE:PERSISTENT,1359.9,1390.0,1351.0,1387.6,38468.0
2020-10-14 09:30:00,NSE:PERSISTENT,1384.75,1389.5,1361.0,1368.95,71465.0
2020-10-14 10:00:00,NSE:PERSISTENT,1368.85,1372.0,1365.05,1366.6,11036.0
2020-10-14 10:30:00,NSE:PERSISTENT,1366.65,1370.0,1364.0,1369.5,6673.0
2020-10-14 11:00:00,NSE:PERSISTENT,1369.1,1372.0,1359.2,1369.5,20512.0
2020-10-14 11:30:00,NSE:PERSISTENT,1369.5,1374.5,1369.05,1370.75,35372.0
2020-10-14 12:00:00,NSE:PERSISTENT,1370.0,1372.0,1368.5,1370.3,21439.0
2020-10-14 12:30:00,NSE:PERSISTENT,1370.0,1380.6,1369.0,1372.45,15178.0
2020-10-14 13:00:00,NSE:PERSISTENT,1372.45,1373.2,1363.6,1365.8,13051.0
2020-10-14 13:30:00,NSE:PERSISTENT,1366.9,1370.05,1359.65,1369.0,17287.0
2020-10-14 14:00:00,NSE:PERSISTENT,1369.0,1369.95,1364.5,1365.0,6409.0
2020-10-14 14:30:00,NSE:PERSISTENT,1366.1,1372.55,1358.05,1367.15,21988.0
2020-10-14 15:00:00,NSE:PERSISTENT,1365.35,1370.5,1362.75,1370.0,74397.0
2020-10-14 15:30:00,NSE:PERSISTENT,1369.1,1369.1,1369.1,1369.1,13.0
2020-10-15 09:00:00,NSE:PERSISTENT,1377.8,1390.6,1362.0,1368.0,23593.0
2020-10-15 09:30:00,NSE:PERSISTENT,1369.85,1370.8,1320.55,1338.0,31330.0
2020-10-15 10:00:00,NSE:PERSISTENT,1338.0,1342.15,1335.0,1341.0,7405.0
2020-10-15 10:30:00,NSE:PERSISTENT,1339.9,1344.0,1291.55,1292.75,182966.0
2020-10-15 11:00:00,NSE:PERSISTENT,1291.0,1307.35,1285.25,1304.0,24560.0
2020-10-15 11:30:00,NSE:PERSISTENT,1304.0,1306.0,1292.25,1299.15,13390.0
2020-10-15 12:00:00,NSE:PERSISTENT,1299.95,1300.0,1295.55,1299.0,10494.0
2020-10-15 12:30:00,NSE:PERSISTENT,1299.0,1299.95,1285.5,1287.7,16744.0
2020-10-15 13:00:00,NSE:PERSISTENT,1287.7,1289.2,1265.45,1274.9,41888.0
2020-10-15 13:30:00,NSE:PERSISTENT,1274.0,1279.5,1272.2,1275.0,27231.0
2020-10-15 14:00:00,NSE:PERSISTENT,1274.95,1277.45,1260.35,1274.55,37534.0
2020-10-15 14:30:00,NSE:PERSISTENT,1274.55,1299.45,1271.5,1297.25,34654.0
2020-10-15 15:00:00,NSE:PERSISTENT,1298.5,1300.0,1275.5,1284.7,40460.0
2020-10-15 15:30:00,NSE:PERSISTENT,1284.7,1290.25,1284.7,1290.25,38.0
2020-10-16 09:00:00,NSE:PERSISTENT,1325.0,1333.0,1292.35,1292.35,26036.0
2020-10-16 09:30:00,NSE:PERSISTENT,1294.55,1297.0,1200.0,1210.3,48534.0
2020-10-16 10:00:00,NSE:PERSISTENT,1214.6,1249.95,1204.1,1241.1,34156.0
2020-10-16 10:30:00,NSE:PERSISTENT,1242.1,1268.0,1239.05,1249.95,27810.0
2020-10-16 11:00:00,NSE:PERSISTENT,1248.5,1265.7,1248.5,1261.1,10178.0
2020-10-16 11:30:00,NSE:PERSISTENT,1260.3,1260.3,1249.3,1253.1,8373.0
2020-10-16 12:00:00,NSE:PERSISTENT,1253.15,1257.45,1241.0,1245.0,8857.0
2020-10-16 12:30:00,NSE:PERSISTENT,1245.0,1256.0,1243.9,1255.85,8179.0
2020-10-16 13:00:00,NSE:PERSISTENT,1255.85,1266.95,1253.6,1259.8,16723.0
2020-10-16 13:30:00,NSE:PERSISTENT,1258.55,1265.0,1250.35,1256.05,11159.0
2020-10-16 14:00:00,NSE:PERSISTENT,1255.2,1256.9,1243.0,1245.5,10134.0
2020-10-16 14:30:00,NSE:PERSISTENT,1247.0,1265.0,1246.5,1263.25,10999.0
2020-10-16 15:00:00,NSE:PERSISTENT,1264.85,1321.1,1263.6,1314.65,48870.0
2020-10-16 15:30:00,NSE:PERSISTENT,1296.8,1296.8,1296.8,1296.8,1.0
2020-10-19 09:00:00,NSE:PERSISTENT,1314.95,1330.0,1063.4,1263.0,21033.0
2020-10-19 09:30:00,NSE:PERSISTENT,1260.3,1270.95,1255.0,1263.85,10311.0
2020-10-19 10:00:00,NSE:PERSISTENT,1263.95,1264.0,1258.0,1258.05,6396.0
2020-10-19 10:30:00,NSE:PERSISTENT,1258.0,1265.0,1254.15,1264.0,10190.0
2020-10-19 11:00:00,NSE:PERSISTENT,1263.25,1285.0,1261.05,1280.95,9984.0
2020-10-19 11:30:00,NSE:PERSISTENT,1280.0,1281.5,1274.75,1277.9,6495.0
2020-10-19 12:00:00,NSE:PERSISTENT,1277.65,1278.5,1255.0,1260.0,10512.0
2020-10-19 12:30:00,NSE:PERSISTENT,1260.0,1271.0,1260.0,1267.75,5910.0
2020-10-19 13:00:00,NSE:PERSISTENT,1269.05,1272.9,1266.7,1271.0,5547.0
2020-10-19 13:30:00,NSE:PERSISTENT,1271.55,1279.0,1266.95,1275.0,7522.0
2020-10-19 14:00:00,NSE:PERSISTENT,1275.0,1277.0,1266.85,1266.85,6650.0
2020-10-19 14:30:00,NSE:PERSISTENT,1273.35,1276.75,1262.0,1264.0,4692.0
2020-10-19 15:00:00,NSE:PERSISTENT,1265.0,1269.0,1247.7,1268.0,14451.0
2020-10-19 15:30:00,NSE:PERSISTENT,1258.1,1258.1,1257.5,1257.5,121.0
2020-10-20 09:00:00,NSE:PERSISTENT,1257.0,1262.25,1236.85,1243.0,11231.0
2020-10-20 09:30:00,NSE:PERSISTENT,1243.0,1246.95,1231.4,1237.5,11132.0
2020-10-20 10:00:00,NSE:PERSISTENT,1237.5,1237.65,1221.85,1235.6,30279.0
2020-10-20 10:30:00,NSE:PERSISTENT,1235.65,1238.2,1226.05,1226.15,7367.0
2020-10-20 11:00:00,NSE:PERSISTENT,1226.2,1227.0,1222.15,1225.25,6013.0
2020-10-20 11:30:00,NSE:PERSISTENT,1225.5,1231.0,1225.0,1230.0,7026.0
2020-10-20 12:00:00,NSE:PERSISTENT,1230.0,1230.0,1224.1,1225.4,5821.0
2020-10-20 12:30:00,NSE:PERSISTENT,1225.2,1237.15,1225.0,1231.7,8446.0
2020-10-20 13:00:00,NSE:PERSISTENT,1231.9,1237.05,1226.0,1226.0,7857.0
2020-10-20 13:30:00,NSE:PERSISTENT,1225.45,1227.4,1222.7,1223.5,51734.0
2020-10-20 14:00:00,NSE:PERSISTENT,1223.5,1223.5,1215.0,1215.6,9295.0
2020-10-20 14:30:00,NSE:PERSISTENT,1215.0,1215.0,1201.5,1207.9,24607.0
2020-10-20 15:00:00,NSE:PERSISTENT,1207.85,1211.0,1205.0,1211.0,19864.0
2020-10-20 15:30:00,NSE:PERSISTENT,1207.4,1207.4,1207.4,1207.4,20.0
2020-10-21 09:00:00,NSE:PERSISTENT,1213.95,1229.7,1213.0,1224.95,12301.0
2020-10-21 09:30:00,NSE:PERSISTENT,1225.0,1245.0,1222.85,1235.9,20177.0
2020-10-21 10:00:00,NSE:PERSISTENT,1235.05,1240.9,1233.9,1239.3,7984.0
2020-10-21 10:30:00,NSE:PERSISTENT,1238.55,1238.95,1224.0,1232.75,7237.0
2020-10-21 11:00:00,NSE:PERSISTENT,1234.95,1235.15,1230.1,1233.1,3558.0
2020-10-21 11:30:00,NSE:PERSISTENT,1234.1,1235.5,1227.25,1229.9,3851.0
2020-10-21 12:00:00,NSE:PERSISTENT,1229.9,1231.0,1225.0,1228.2,3856.0
2020-10-21 12:30:00,NSE:PERSISTENT,1228.25,1228.25,1215.0,1216.75,5070.0
2020-10-21 13:00:00,NSE:PERSISTENT,1217.2,1220.55,1215.0,1217.2,3964.0
2020-10-21 13:30:00,NSE:PERSISTENT,1215.85,1218.5,1210.0,1211.7,5573.0
2020-10-21 14:00:00,NSE:PERSISTENT,1212.85,1215.0,1185.0,1186.0,13262.0
2020-10-21 14:30:00,NSE:PERSISTENT,1186.0,1200.95,1178.0,1200.25,12508.0
2020-10-21 15:00:00,NSE:PERSISTENT,1200.25,1223.5,1200.0,1223.5,21327.0
2020-10-21 15:30:00,NSE:PERSISTENT,1207.6,1207.6,1207.6,1207.6,1.0
2020-10-22 09:00:00,NSE:PERSISTENT,1207.2,1218.6,1203.95,1210.05,6481.0
2020-10-22 09:30:00,NSE:PERSISTENT,1210.05,1229.95,1202.35,1222.9,14739.0
2020-10-22 10:00:00,NSE:PERSISTENT,1222.0,1228.0,1207.25,1209.8,12841.0
2020-10-22 10:30:00,NSE:PERSISTENT,1210.0,1210.0,1180.0,1197.3,11680.0
2020-10-22 11:00:00,NSE:PERSISTENT,1198.5,1199.0,1189.0,1189.65,8564.0
2020-10-22 11:30:00,NSE:PERSISTENT,1189.65,1193.05,1185.6,1192.3,3803.0
2020-10-22 12:00:00,NSE:PERSISTENT,1192.3,1202.95,1192.25,1199.0,7024.0
2020-10-22 12:30:00,NSE:PERSISTENT,1199.0,1204.9,1198.25,1198.25,8472.0
2020-10-22 13:00:00,NSE:PERSISTENT,1198.95,1202.2,1198.25,1200.45,4427.0
2020-10-22 13:30:00,NSE:PERSISTENT,1200.0,1202.25,1195.1,1198.9,4085.0
2020-10-22 14:00:00,NSE:PERSISTENT,1199.0,1203.0,1197.0,1201.0,6343.0
2020-10-22 14:30:00,NSE:PERSISTENT,1201.0,1211.0,1199.25,1208.1,11007.0
2020-10-22 15:00:00,NSE:PERSISTENT,1208.1,1208.25,1170.0,1188.0,60577.0
2020-10-22 15:30:00,NSE:PERSISTENT,1185.0,1185.0,1179.5,1179.5,40.0
2020-10-23 09:00:00,NSE:PERSISTENT,1189.8,1204.0,1181.75,1185.55,9399.0
2020-10-23 09:30:00,NSE:PERSISTENT,1185.0,1209.9,1185.0,1203.7,17130.0
2020-10-23 10:00:00,NSE:PERSISTENT,1203.0,1207.95,1198.8,1200.0,15678.0
2020-10-23 10:30:00,NSE:PERSISTENT,1200.0,1202.8,1199.0,1200.05,11433.0
2020-10-23 11:00:00,NSE:PERSISTENT,1200.5,1210.0,1200.0,1201.95,5829.0
2020-10-23 11:30:00,NSE:PERSISTENT,1201.55,1204.75,1200.0,1203.1,4676.0
2020-10-23 12:00:00,NSE:PERSISTENT,1202.0,1203.7,1177.3,1177.6,14336.0
2020-10-23 12:30:00,NSE:PERSISTENT,1178.9,1184.2,1168.2,1174.0,15708.0
2020-10-23 13:00:00,NSE:PERSISTENT,1173.95,1177.0,1172.0,1174.0,6380.0
2020-10-23 13:30:00,NSE:PERSISTENT,1174.0,1177.0,1172.05,1175.9,4131.0
2020-10-23 14:00:00,NSE:PERSISTENT,1175.95,1176.0,1165.0,1166.95,9977.0
2020-10-23 14:30:00,NSE:PERSISTENT,1166.0,1177.4,1156.0,1175.25,14895.0
2020-10-23 15:00:00,NSE:PERSISTENT,1176.3,1181.45,1160.0,1174.0,25128.0
2020-10-23 15:30:00,NSE:PERSISTENT,1173.95,1173.95,1172.35,1172.35,19.0
2020-10-26 09:00:00,NSE:PERSISTENT,1189.0,1219.0,1186.2,1207.6,52180.0
2020-10-26 09:30:00,NSE:PERSISTENT,1210.0,1220.0,1209.0,1210.25,32818.0
2020-10-26 10:00:00,NSE:PERSISTENT,1210.9,1215.0,1208.8,1211.0,12554.0
2020-10-26 10:30:00,NSE:PERSISTENT,1210.35,1212.6,1209.9,1210.45,11915.0
2020-10-26 11:00:00,NSE:PERSISTENT,1210.45,1212.0,1200.1,1210.15,17407.0
2020-10-26 11:30:00,NSE:PERSISTENT,1210.0,1211.9,1208.05,1210.0,14206.0
2020-10-26 12:00:00,NSE:PERSISTENT,1210.0,1212.0,1210.0,1210.15,4589.0
2020-10-26 12:30:00,NSE:PERSISTENT,1211.25,1212.15,1200.0,1202.3,19421.0
2020-10-26 13:00:00,NSE:PERSISTENT,1202.0,1202.0,1190.0,1199.55,30162.0
2020-10-26 13:30:00,NSE:PERSISTENT,1199.55,1200.55,1190.25,1195.85,12109.0
2020-10-26 14:00:00,NSE:PERSISTENT,1194.7,1195.85,1184.0,1185.0,56386.0
2020-10-26 14:30:00,NSE:PERSISTENT,1185.0,1190.0,1178.0,1187.1,24721.0
2020-10-26 15:00:00,NSE:PERSISTENT,1187.1,1190.0,1182.2,1189.0,19044.0
2020-10-26 15:30:00,NSE:PERSISTENT,1189.4,1189.4,1189.4,1189.4,10.0
2020-10-27 09:00:00,NSE:PERSISTENT,1200.0,1200.25,1175.45,1180.25,13058.0
2020-10-27 09:30:00,NSE:PERSISTENT,1181.0,1185.0,1178.25,1180.55,8014.0
2020-10-27 10:00:00,NSE:PERSISTENT,1180.75,1184.7,1178.85,1182.0,8595.0
2020-10-27 10:30:00,NSE:PERSISTENT,1181.95,1182.0,1180.0,1181.65,2940.0
2020-10-27 11:00:00,NSE:PERSISTENT,1182.0,1189.95,1180.0,1180.4,20578.0
2020-10-27 11:30:00,NSE:PERSISTENT,1180.4,1180.4,1170.5,1173.1,10520.0
2020-10-27 12:00:00,NSE:PERSISTENT,1174.9,1180.15,1170.65,1173.2,11928.0
2020-10-27 12:30:00,NSE:PERSISTENT,1173.2,1183.0,1171.6,1180.85,11288.0
2020-10-27 13:00:00,NSE:PERSISTENT,1180.75,1184.9,1180.0,1180.05,9411.0
2020-10-27 13:30:00,NSE:PERSISTENT,1180.0,1183.95,1180.0,1180.2,11122.0
2020-10-27 14:00:00,NSE:PERSISTENT,1180.0,1185.75,1175.2,1180.0,19518.0
2020-10-27 14:30:00,NSE:PERSISTENT,1180.35,1184.0,1180.0,1183.65,9053.0
2020-10-27 15:00:00,NSE:PERSISTENT,1183.65,1189.0,1180.0,1180.9,41980.0
2020-10-27 15:30:00,NSE:PERSISTENT,1183.15,1183.15,1183.15,1183.15,5.0
2020-10-28 09:00:00,NSE:PERSISTENT,1183.15,1190.0,1173.15,1185.9,9543.0
2020-10-28 09:30:00,NSE:PERSISTENT,1185.0,1186.45,1179.25,1180.0,9072.0
2020-10-28 10:00:00,NSE:PERSISTENT,1180.0,1181.8,1179.25,1181.15,10669.0
2020-10-28 10:30:00,NSE:PERSISTENT,1181.3,1182.55,1170.7,1180.7,10765.0
2020-10-28 11:00:00,NSE:PERSISTENT,1180.7,1180.95,1173.0,1176.15,4659.0
2020-10-28 11:30:00,NSE:PERSISTENT,1176.05,1176.35,1166.4,1172.35,5382.0
2020-10-28 12:00:00,NSE:PERSISTENT,1171.4,1172.0,1165.0,1170.3,9846.0
2020-10-28 12:30:00,NSE:PERSISTENT,1170.0,1171.0,1165.15,1169.0,3661.0
2020-10-28 13:00:00,NSE:PERSISTENT,1169.0,1171.0,1167.4,1168.5,3613.0
2020-10-28 13:30:00,NSE:PERSISTENT,1168.5,1169.0,1159.75,1159.85,7210.0
2020-10-28 14:00:00,NSE:PERSISTENT,1159.85,1172.5,1152.0,1171.85,8600.0
2020-10-28 14:30:00,NSE:PERSISTENT,1171.8,1174.9,1152.0,1164.1,6843.0
2020-10-28 15:00:00,NSE:PERSISTENT,1164.35,1165.0,1155.0,1159.05,13359.0
2020-10-28 15:30:00,NSE:PERSISTENT,1160.7,1160.7,1160.7,1160.7,50.0
2020-10-29 09:00:00,NSE:PERSISTENT,1145.2,1158.55,1145.2,1152.55,4089.0
2020-10-29 09:30:00,NSE:PERSISTENT,1152.75,1152.8,1140.05,1148.0,7489.0
2020-10-29 10:00:00,NSE:PERSISTENT,1147.95,1149.6,1143.0,1143.85,4947.0
2020-10-29 10:30:00,NSE:PERSISTENT,1143.3,1147.6,1143.3,1145.35,3912.0
2020-10-29 11:00:00,NSE:PERSISTENT,1144.25,1146.2,1140.0,1145.0,20394.0
2020-10-29 11:30:00,NSE:PERSISTENT,1145.55,1150.0,1140.1,1141.0,8834.0
2020-10-29 12:00:00,NSE:PERSISTENT,1141.0,1153.0,1138.9,1150.85,11550.0
2020-10-29 12:30:00,NSE:PERSISTENT,1150.85,1152.65,1149.3,1151.25,4638.0
2020-10-29 13:00:00,NSE:PERSISTENT,1150.8,1152.6,1150.1,1151.55,2395.0
2020-10-29 13:30:00,NSE:PERSISTENT,1151.55,1157.15,1150.0,1153.55,16260.0
2020-10-29 14:00:00,NSE:PERSISTENT,1153.05,1154.85,1150.0,1151.5,2359.0
2020-10-29 14:30:00,NSE:PERSISTENT,1151.95,1154.5,1150.55,1153.25,3000.0
2020-10-29 15:00:00,NSE:PERSISTENT,1153.0,1193.0,1153.0,1160.0,26166.0
2020-10-30 09:00:00,NSE:PERSISTENT,1160.0,1179.95,1155.5,1174.9,6488.0
2020-10-30 09:30:00,NSE:PERSISTENT,1174.75,1185.1,1170.0,1184.45,15983.0
2020-10-30 10:00:00,NSE:PERSISTENT,1184.55,1190.75,1178.1,1183.5,6019.0
2020-10-30 10:30:00,NSE:PERSISTENT,1181.4,1185.0,1180.9,1185.0,3037.0
2020-10-30 11:00:00,NSE:PERSISTENT,1185.0,1186.0,1170.25,1171.55,6124.0
2020-10-30 11:30:00,NSE:PERSISTENT,1171.0,1171.75,1155.8,1157.5,6874.0
2020-10-30 12:00:00,NSE:PERSISTENT,1155.9,1158.4,1145.6,1156.75,5998.0
2020-10-30 12:30:00,NSE:PERSISTENT,1156.1,1159.6,1153.3,1155.55,1917.0
2020-10-30 13:00:00,NSE:PERSISTENT,1154.4,1166.5,1153.05,1160.65,3558.0
2020-10-30 13:30:00,NSE:PERSISTENT,1160.65,1170.0,1160.65,1169.25,2394.0
2020-10-30 14:00:00,NSE:PERSISTENT,1169.25,1171.0,1164.8,1168.2,2780.0
2020-10-30 14:30:00,NSE:PERSISTENT,1168.2,1171.9,1163.3,1169.9,3264.0
2020-10-30 15:00:00,NSE:PERSISTENT,1169.9,1170.0,1147.5,1160.0,24719.0
2020-10-30 15:30:00,NSE:PERSISTENT,1158.65,1158.65,1158.65,1158.65,7.0
2020-11-02 09:00:00,NSE:PERSISTENT,1124.0,1148.5,1103.15,1117.6,22755.0
2020-11-02 09:30:00,NSE:PERSISTENT,1117.6,1122.85,1112.0,1120.05,11352.0
2020-11-02 10:00:00,NSE:PERSISTENT,1120.0,1131.15,1117.4,1123.65,7175.0
2020-11-02 10:30:00,NSE:PERSISTENT,1124.35,1134.0,1120.1,1131.5,8449.0
2020-11-02 11:00:00,NSE:PERSISTENT,1129.05,1131.6,1125.95,1129.75,4877.0
2020-11-02 11:30:00,NSE:PERSISTENT,1128.85,1137.25,1122.75,1135.0,5795.0
2020-11-02 12:00:00,NSE:PERSISTENT,1135.0,1137.1,1126.85,1136.5,5696.0
2020-11-02 12:30:00,NSE:PERSISTENT,1136.5,1139.45,1128.5,1135.0,2645.0
2020-11-02 13:00:00,NSE:PERSISTENT,1134.3,1137.95,1129.8,1136.55,6736.0
2020-11-02 13:30:00,NSE:PERSISTENT,1136.55,1142.9,1135.1,1139.0,4435.0
2020-11-02 14:00:00,NSE:PERSISTENT,1139.0,1142.9,1131.35,1140.3,9710.0
2020-11-02 14:30:00,NSE:PERSISTENT,1140.35,1140.85,1132.6,1136.15,8666.0
2020-11-02 15:00:00,NSE:PERSISTENT,1135.4,1137.3,1118.45,1130.55,19583.0
2020-11-02 15:30:00,NSE:PERSISTENT,1128.9,1128.9,1128.9,1128.9,10.0
2020-11-03 09:00:00,NSE:PERSISTENT,1135.2,1143.95,1121.05,1124.0,5059.0
2020-11-03 09:30:00,NSE:PERSISTENT,1125.75,1126.75,1107.5,1117.5,8359.0
2020-11-03 10:00:00,NSE:PERSISTENT,1117.5,1120.0,1115.0,1115.95,3031.0
2020-11-03 10:30:00,NSE:PERSISTENT,1115.35,1120.0,1115.0,1119.5,4452.0
2020-11-03 11:00:00,NSE:PERSISTENT,1119.5,1124.5,1114.4,1123.2,4867.0
2020-11-03 11:30:00,NSE:PERSISTENT,1123.95,1126.75,1112.0,1119.6,6439.0
2020-11-03 12:00:00,NSE:PERSISTENT,1120.05,1121.6,1113.1,1115.05,3841.0
2020-11-03 12:30:00,NSE:PERSISTENT,1115.0,1116.85,1110.0,1115.55,4034.0
2020-11-03 13:00:00,NSE:PERSISTENT,1114.0,1117.0,1110.95,1115.85,1912.0
2020-11-03 13:30:00,NSE:PERSISTENT,1115.15,1118.7,1114.55,1117.9,4883.0
2020-11-03 14:00:00,NSE:PERSISTENT,1117.85,1118.0,1115.0,1116.8,3088.0
2020-11-03 14:30:00,NSE:PERSISTENT,1116.85,1120.25,1116.0,1120.25,4415.0
2020-11-03 15:00:00,NSE:PERSISTENT,1120.1,1120.1,1108.0,1112.1,12112.0
2020-11-03 15:30:00,NSE:PERSISTENT,1114.7,1114.7,1114.7,1114.7,1.0
2020-11-04 09:00:00,NSE:PERSISTENT,1114.7,1148.0,1114.05,1140.65,11149.0
2020-11-04 09:30:00,NSE:PERSISTENT,1141.65,1150.85,1126.95,1129.5,10273.0
2020-11-04 10:00:00,NSE:PERSISTENT,1129.55,1138.5,1128.15,1133.6,11417.0
2020-11-04 10:30:00,NSE:PERSISTENT,1133.1,1139.25,1131.15,1134.0,2298.0
2020-11-04 11:00:00,NSE:PERSISTENT,1134.05,1136.1,1131.05,1134.95,1599.0
2020-11-04 11:30:00,NSE:PERSISTENT,1134.95,1136.1,1133.05,1136.0,1294.0
2020-11-04 12:00:00,NSE:PERSISTENT,1136.0,1138.0,1133.0,1133.7,1657.0
2020-11-04 12:30:00,NSE:PERSISTENT,1135.05,1137.25,1130.05,1132.3,1907.0
2020-11-04 13:00:00,NSE:PERSISTENT,1130.9,1133.0,1125.0,1129.1,3633.0
2020-11-04 13:30:00,NSE:PERSISTENT,1129.15,1130.3,1127.5,1129.9,870.0
2020-11-04 14:00:00,NSE:PERSISTENT,1129.6,1133.0,1120.0,1120.0,2540.0
2020-11-04 14:30:00,NSE:PERSISTENT,1120.0,1125.0,1115.0,1122.4,3246.0
2020-11-04 15:00:00,NSE:PERSISTENT,1122.0,1133.0,1122.0,1130.2,8653.0
2020-11-04 15:30:00,NSE:PERSISTENT,1131.0,1131.0,1131.0,1131.0,1.0
2020-11-05 09:00:00,NSE:PERSISTENT,1150.0,1156.85,1136.3,1147.2,6207.0
2020-11-05 09:30:00,NSE:PERSISTENT,1147.85,1148.75,1143.15,1147.75,4965.0
2020-11-05 10:00:00,NSE:PERSISTENT,1147.0,1148.7,1146.0,1146.55,3622.0
2020-11-05 10:30:00,NSE:PERSISTENT,1146.85,1147.8,1142.1,1146.75,2513.0
2020-11-05 11:00:00,NSE:PERSISTENT,1146.75,1148.1,1145.35,1147.0,3420.0
2020-11-05 11:30:00,NSE:PERSISTENT,1147.0,1148.0,1140.0,1141.55,2337.0
2020-11-05 12:00:00,NSE:PERSISTENT,1141.0,1146.55,1138.0,1146.55,2745.0
2020-11-05 12:30:00,NSE:PERSISTENT,1147.5,1147.5,1142.4,1146.4,1986.0
2020-11-05 13:00:00,NSE:PERSISTENT,1146.6,1148.9,1145.0,1146.15,3052.0
2020-11-05 13:30:00,NSE:PERSISTENT,1146.15,1150.0,1146.15,1148.6,3197.0
2020-11-05 14:00:00,NSE:PERSISTENT,1148.5,1149.85,1145.0,1146.4,3356.0
2020-11-05 14:30:00,NSE:PERSISTENT,1147.6,1147.65,1145.45,1146.5,2267.0
2020-11-05 15:00:00,NSE:PERSISTENT,1146.9,1151.7,1145.05,1146.0,9953.0
2020-11-05 15:30:00,NSE:PERSISTENT,1147.45,1147.45,1147.45,1147.45,4.0
2020-11-06 09:00:00,NSE:PERSISTENT,1154.9,1167.8,1147.15,1167.8,3824.0
2020-11-06 09:30:00,NSE:PERSISTENT,1167.7,1172.2,1152.0,1162.4,8610.0
2020-11-06 10:00:00,NSE:PERSISTENT,1162.25,1166.65,1155.0,1158.4,3758.0
2020-11-06 10:30:00,NSE:PERSISTENT,1158.4,1159.35,1148.05,1148.05,4154.0
2020-11-06 11:00:00,NSE:PERSISTENT,1148.0,1148.0,1128.1,1144.5,6399.0
2020-11-06 11:30:00,NSE:PERSISTENT,1144.55,1146.6,1140.0,1146.3,3399.0
2020-11-06 12:00:00,NSE:PERSISTENT,1146.6,1149.5,1145.4,1146.0,1168.0
2020-11-06 12:30:00,NSE:PERSISTENT,1146.9,1151.4,1145.3,1148.05,2718.0
2020-11-06 13:00:00,NSE:PERSISTENT,1148.75,1155.0,1147.85,1148.8,1618.0
2020-11-06 13:30:00,NSE:PERSISTENT,1149.5,1151.95,1148.3,1150.4,2794.0
2020-11-06 14:00:00,NSE:PERSISTENT,1151.0,1154.9,1148.15,1148.15,2940.0
2020-11-06 14:30:00,NSE:PERSISTENT,1149.65,1153.2,1146.4,1147.6,1956.0
2020-11-06 15:00:00,NSE:PERSISTENT,1147.6,1149.0,1142.0,1145.0,5867.0
2020-11-06 15:30:00,NSE:PERSISTENT,1145.55,1145.55,1145.55,1145.55,5.0
2020-11-09 09:00:00,NSE:PERSISTENT,1168.0,1170.0,1150.0,1156.1,3099.0
2020-11-09 09:30:00,NSE:PERSISTENT,1156.2,1166.0,1156.2,1163.6,8123.0
2020-11-09 10:00:00,NSE:PERSISTENT,1164.95,1165.5,1156.15,1156.3,6207.0
2020-11-09 10:30:00,NSE:PERSISTENT,1156.35,1167.1,1156.35,1167.1,2394.0
2020-11-09 11:00:00,NSE:PERSISTENT,1166.5,1167.6,1158.0,1158.0,3141.0
2020-11-09 11:30:00,NSE:PERSISTENT,1158.05,1159.95,1156.25,1158.5,1093.0
2020-11-09 12:00:00,NSE:PERSISTENT,1158.55,1159.0,1156.35,1157.65,1082.0
2020-11-09 12:30:00,NSE:PERSISTENT,1157.4,1159.0,1156.4,1158.85,1365.0
2020-11-09 13:00:00,NSE:PERSISTENT,1158.85,1160.5,1153.0,1160.5,2077.0
2020-11-09 13:30:00,NSE:PERSISTENT,1160.5,1160.5,1150.0,1156.0,2775.0
2020-11-09 14:00:00,NSE:PERSISTENT,1155.0,1157.35,1146.75,1155.05,2118.0
2020-11-09 14:30:00,NSE:PERSISTENT,1155.6,1163.8,1155.0,1155.65,2367.0
2020-11-09 15:00:00,NSE:PERSISTENT,1156.7,1164.7,1155.05,1164.4,4099.0
2020-11-09 15:30:00,NSE:PERSISTENT,1160.45,1160.45,1160.45,1160.45,15.0
2020-11-10 09:00:00,NSE:PERSISTENT,1169.8,1169.8,1130.05,1143.25,7088.0
2020-11-10 09:30:00,NSE:PERSISTENT,1144.2,1144.2,1137.15,1139.3,5215.0
2020-11-10 10:00:00,NSE:PERSISTENT,1139.45,1143.6,1135.0,1136.2,3297.0
2020-11-10 10:30:00,NSE:PERSISTENT,1136.0,1140.15,1134.45,1135.0,2634.0
2020-11-10 11:00:00,NSE:PERSISTENT,1135.0,1138.8,1135.0,1135.1,3094.0
2020-11-10 11:30:00,NSE:PERSISTENT,1135.85,1141.4,1135.1,1136.15,2474.0
2020-11-10 12:00:00,NSE:PERSISTENT,1136.15,1137.2,1118.0,1124.15,9374.0
2020-11-10 12:30:00,NSE:PERSISTENT,1124.9,1125.0,1111.35,1120.0,16753.0
2020-11-10 13:00:00,NSE:PERSISTENT,1120.0,1124.0,1118.05,1122.8,7343.0
2020-11-10 13:30:00,NSE:PERSISTENT,1123.0,1131.7,1120.0,1129.5,5964.0
2020-11-10 14:00:00,NSE:PERSISTENT,1129.4,1130.0,1116.0,1116.0,10919.0
2020-11-10 14:30:00,NSE:PERSISTENT,1117.0,1125.0,1115.7,1124.9,7920.0
2020-11-10 15:00:00,NSE:PERSISTENT,1125.0,1127.15,1114.05,1125.5,10531.0
2020-11-11 09:00:00,NSE:PERSISTENT,1121.3,1126.75,1105.2,1115.0,4844.0
2020-11-11 09:30:00,NSE:PERSISTENT,1115.5,1122.2,1111.15,1118.0,4937.0
2020-11-11 10:00:00,NSE:PERSISTENT,1118.05,1124.45,1118.0,1122.95,3055.0
2020-11-11 10:30:00,NSE:PERSISTENT,1123.0,1125.0,1120.0,1120.0,1926.0
2020-11-11 11:00:00,NSE:PERSISTENT,1120.0,1120.5,1110.0,1113.65,5537.0
2020-11-11 11:30:00,NSE:PERSISTENT,1112.05,1114.0,1105.1,1112.0,18846.0
2020-11-11 12:00:00,NSE:PERSISTENT,1112.0,1114.0,1112.0,1112.0,4387.0
2020-11-11 12:30:00,NSE:PERSISTENT,1112.0,1114.0,1110.8,1113.65,4653.0
2020-11-11 13:00:00,NSE:PERSISTENT,1113.6,1114.0,1113.0,1113.25,1317.0
2020-11-11 13:30:00,NSE:PERSISTENT,1113.25,1113.9,1112.0,1112.6,1821.0
2020-11-11 14:00:00,NSE:PERSISTENT,1112.7,1114.0,1112.0,1112.25,6315.0
2020-11-11 14:30:00,NSE:PERSISTENT,1113.75,1114.0,1112.0,1112.55,12682.0
2020-11-11 15:00:00,NSE:PERSISTENT,1113.15,1120.85,1111.8,1114.0,18677.0
2020-11-11 15:30:00,NSE:PERSISTENT,1116.45,1116.45,1116.45,1116.45,40.0
2020-11-12 09:00:00,NSE:PERSISTENT,1115.05,1132.65,1110.05,1129.05,4642.0
2020-11-12 09:30:00,NSE:PERSISTENT,1130.0,1146.5,1126.55,1142.0,78375.0
2020-11-12 10:00:00,NSE:PERSISTENT,1143.0,1145.0,1136.6,1141.1,13293.0
2020-11-12 10:30:00,NSE:PERSISTENT,1143.35,1145.0,1136.4,1138.85,12768.0
2020-11-12 11:00:00,NSE:PERSISTENT,1138.85,1145.0,1135.5,1143.45,10578.0
2020-11-12 11:30:00,NSE:PERSISTENT,1143.45,1146.5,1140.15,1143.05,9001.0
2020-11-12 12:00:00,NSE:PERSISTENT,1144.8,1154.0,1143.3,1150.95,7186.0
2020-11-12 12:30:00,NSE:PERSISTENT,1149.7,1155.0,1149.7,1155.0,4918.0
2020-11-12 13:00:00,NSE:PERSISTENT,1155.0,1155.0,1148.0,1149.3,3986.0
2020-11-12 13:30:00,NSE:PERSISTENT,1150.8,1158.0,1148.0,1157.9,5168.0
2020-11-12 14:00:00,NSE:PERSISTENT,1157.6,1164.9,1156.0,1162.8,7403.0
2020-11-12 14:30:00,NSE:PERSISTENT,1162.8,1164.15,1148.85,1155.4,21650.0
2020-11-12 15:00:00,NSE:PERSISTENT,1155.55,1163.75,1148.0,1160.0,29384.0
2020-11-12 15:30:00,NSE:PERSISTENT,1157.05,1157.05,1157.05,1157.05,13.0
2020-11-13 09:00:00,NSE:PERSISTENT,1161.8,1180.0,1157.0,1157.0,11394.0
2020-11-13 09:30:00,NSE:PERSISTENT,1157.0,1157.85,1136.95,1143.1,27512.0
2020-11-13 10:00:00,NSE:PERSISTENT,1142.95,1154.05,1142.9,1148.5,14761.0
2020-11-13 10:30:00,NSE:PERSISTENT,1148.5,1149.85,1144.3,1146.3,10437.0
2020-11-13 11:00:00,NSE:PERSISTENT,1147.4,1150.0,1144.55,1145.15,8586.0
2020-11-13 11:30:00,NSE:PERSISTENT,1145.6,1147.0,1142.1,1144.95,6639.0
2020-11-13 12:00:00,NSE:PERSISTENT,1145.0,1146.6,1142.0,1143.95,12256.0
2020-11-13 12:30:00,NSE:PERSISTENT,1144.5,1144.5,1132.0,1137.35,11855.0
2020-11-13 13:00:00,NSE:PERSISTENT,1137.25,1141.05,1136.35,1140.0,6446.0
2020-11-13 13:30:00,NSE:PERSISTENT,1140.0,1140.15,1128.15,1129.95,12348.0
2020-11-13 14:00:00,NSE:PERSISTENT,1129.95,1138.3,1128.15,1137.0,6134.0
2020-11-13 14:30:00,NSE:PERSISTENT,1137.0,1151.95,1137.0,1150.0,9560.0
2020-11-13 15:00:00,NSE:PERSISTENT,1150.05,1150.05,1138.0,1142.55,11725.0
2020-11-14 18:00:00,NSE:PERSISTENT,1170.0,1170.0,1145.0,1163.6,7343.0
2020-11-14 18:30:00,NSE:PERSISTENT,1164.8,1169.6,1162.0,1166.15,9722.0
2020-11-14 19:00:00,NSE:PERSISTENT,1166.8,1168.0,1160.0,1165.6,4589.0
2020-11-17 09:00:00,NSE:PERSISTENT,1174.8,1174.8,1155.25,1159.85,9117.0
2020-11-17 09:30:00,NSE:PERSISTENT,1157.95,1176.0,1157.95,1172.95,119273.0
2020-11-17 10:00:00,NSE:PERSISTENT,1171.35,1177.95,1171.35,1175.95,10304.0
2020-11-17 10:30:00,NSE:PERSISTENT,1175.45,1178.0,1175.0,1176.4,4595.0
2020-11-17 11:00:00,NSE:PERSISTENT,1176.4,1178.0,1174.0,1175.0,31829.0
2020-11-17 11:30:00,NSE:PERSISTENT,1175.0,1177.9,1174.65,1176.55,4733.0
2020-11-17 12:00:00,NSE:PERSISTENT,1176.75,1184.0,1176.55,1183.8,15964.0
2020-11-17 12:30:00,NSE:PERSISTENT,1183.8,1192.0,1183.4,1190.4,19334.0
2020-11-17 13:00:00,NSE:PERSISTENT,1190.85,1198.0,1187.85,1190.05,14074.0
2020-11-17 13:30:00,NSE:PERSISTENT,1191.35,1193.55,1188.0,1188.0,6742.0
2020-11-17 14:00:00,NSE:PERSISTENT,1187.9,1187.9,1181.15,1182.55,7586.0
2020-11-17 14:30:00,NSE:PERSISTENT,1182.55,1182.6,1169.2,1172.7,18258.0
2020-11-17 15:00:00,NSE:PERSISTENT,1172.85,1180.0,1165.0,1180.0,22904.0
2020-11-17 15:30:00,NSE:PERSISTENT,1180.0,1180.0,1168.3,1168.3,40.0
2020-11-18 09:00:00,NSE:PERSISTENT,1178.8,1178.8,1161.05,1163.0,7992.0
2020-11-18 09:30:00,NSE:PERSISTENT,1163.5,1170.0,1154.0,1160.0,11197.0
2020-11-18 10:00:00,NSE:PERSISTENT,1158.35,1160.0,1152.0,1156.85,8822.0
2020-11-18 10:30:00,NSE:PERSISTENT,1156.85,1157.0,1147.6,1149.95,7786.0
2020-11-18 11:00:00,NSE:PERSISTENT,1149.1,1150.0,1135.0,1149.6,8096.0
2020-11-18 11:30:00,NSE:PERSISTENT,1149.55,1153.8,1147.0,1147.95,2339.0
2020-11-18 12:00:00,NSE:PERSISTENT,1149.35,1150.0,1140.0,1141.0,4417.0
2020-11-18 12:30:00,NSE:PERSISTENT,1141.0,1142.15,1135.0,1135.15,10272.0
2020-11-18 13:00:00,NSE:PERSISTENT,1135.1,1139.95,1131.0,1133.0,8015.0
2020-11-18 13:30:00,NSE:PERSISTENT,1133.75,1140.95,1133.0,1136.15,7974.0
2020-11-18 14:00:00,NSE:PERSISTENT,1135.7,1138.95,1131.45,1132.7,10162.0
2020-11-18 14:30:00,NSE:PERSISTENT,1132.5,1151.0,1130.0,1136.05,21720.0
2020-11-18 15:00:00,NSE:PERSISTENT,1136.05,1144.0,1136.05,1141.85,13953.0
2020-11-18 15:30:00,NSE:PERSISTENT,1139.25,1139.25,1139.25,1139.25,2.0
2020-11-19 09:00:00,NSE:PERSISTENT,1141.85,1149.85,1133.0,1138.45,5063.0
2020-11-19 09:30:00,NSE:PERSISTENT,1137.65,1139.6,1131.0,1133.5,7878.0
2020-11-19 10:00:00,NSE:PERSISTENT,1133.5,1136.9,1132.0,1134.05,8217.0
2020-11-19 10:30:00,NSE:PERSISTENT,1134.85,1134.85,1131.25,1134.25,6983.0
2020-11-19 11:00:00,NSE:PERSISTENT,1133.9,1139.25,1133.0,1138.55,9024.0
2020-11-19 11:30:00,NSE:PERSISTENT,1138.5,1140.8,1133.05,1133.95,8665.0
2020-11-19 12:00:00,NSE:PERSISTENT,1134.0,1141.0,1133.1,1136.05,5780.0
2020-11-19 12:30:00,NSE:PERSISTENT,1135.4,1138.95,1132.8,1137.85,5693.0
2020-11-19 13:00:00,NSE:PERSISTENT,1138.4,1140.0,1135.05,1136.95,5306.0
2020-11-19 13:30:00,NSE:PERSISTENT,1136.95,1138.95,1135.0,1137.45,4176.0
2020-11-19 14:00:00,NSE:PERSISTENT,1137.45,1138.25,1133.45,1135.0,4082.0
2020-11-19 14:30:00,NSE:PERSISTENT,1135.0,1137.9,1134.0,1135.95,4777.0
2020-11-19 15:00:00,NSE:PERSISTENT,1135.95,1138.0,1128.0,1130.0,14052.0
2020-11-19 15:30:00,NSE:PERSISTENT,1133.8,1133.8,1133.8,1133.8,17.0
2020-11-20 09:00:00,NSE:PERSISTENT,1144.9,1154.95,1137.85,1142.05,6680.0
2020-11-20 09:30:00,NSE:PERSISTENT,1143.8,1151.85,1143.75,1151.8,11065.0
2020-11-20 10:00:00,NSE:PERSISTENT,1151.15,1153.0,1139.5,1150.95,12582.0
2020-11-20 10:30:00,NSE:PERSISTENT,1150.95,1153.0,1145.95,1150.15,10157.0
2020-11-20 11:00:00,NSE:PERSISTENT,1150.15,1152.35,1145.0,1150.0,8853.0
2020-11-20 11:30:00,NSE:PERSISTENT,1150.3,1152.0,1145.0,1151.0,8155.0
2020-11-20 12:00:00,NSE:PERSISTENT,1150.95,1155.45,1150.0,1153.95,9739.0
2020-11-20 12:30:00,NSE:PERSISTENT,1154.45,1158.2,1150.1,1156.05,12716.0
2020-11-20 13:00:00,NSE:PERSISTENT,1156.0,1158.45,1151.1,1156.9,10229.0
2020-11-20 13:30:00,NSE:PERSISTENT,1156.35,1160.0,1154.45,1159.2,8755.0
2020-11-20 14:00:00,NSE:PERSISTENT,1157.9,1160.0,1153.6,1155.0,7587.0
2020-11-20 14:30:00,NSE:PERSISTENT,1155.0,1155.0,1145.0,1145.1,11987.0
2020-11-20 15:00:00,NSE:PERSISTENT,1145.3,1148.3,1144.95,1147.0,17958.0
2020-11-20 15:30:00,NSE:PERSISTENT,1145.6,1145.6,1145.6,1145.6,5.0
2020-11-23 09:00:00,NSE:PERSISTENT,1147.8,1150.0,1122.0,1130.3,7254.0
2020-11-23 09:30:00,NSE:PERSISTENT,1130.2,1138.95,1130.2,1138.05,4892.0
2020-11-23 10:00:00,NSE:PERSISTENT,1137.0,1138.95,1132.5,1138.75,5483.0
2020-11-23 10:30:00,NSE:PERSISTENT,1138.75,1149.0,1137.05,1149.0,5485.0
2020-11-23 11:00:00,NSE:PERSISTENT,1148.1,1160.0,1144.0,1159.0,10640.0
2020-11-23 11:30:00,NSE:PERSISTENT,1159.0,1159.7,1155.0,1157.95,3280.0
2020-11-23 12:00:00,NSE:PERSISTENT,1156.0,1158.0,1151.3,1153.1,2093.0
2020-11-23 12:30:00,NSE:PERSISTENT,1153.1,1157.8,1151.0,1155.05,3354.0
2020-11-23 13:00:00,NSE:PERSISTENT,1156.3,1156.3,1150.0,1154.85,2528.0
2020-11-23 13:30:00,NSE:PERSISTENT,1154.85,1155.65,1149.65,1153.45,2178.0
2020-11-23 14:00:00,NSE:PERSISTENT,1154.6,1156.0,1145.0,1146.9,3954.0
2020-11-23 14:30:00,NSE:PERSISTENT,1146.85,1158.75,1146.85,1155.75,4174.0
2020-11-23 15:00:00,NSE:PERSISTENT,1156.45,1158.05,1153.0,1158.05,8986.0
2020-11-23 15:30:00,NSE:PERSISTENT,1159.0,1159.0,1156.15,1156.15,191.0
2020-11-24 09:00:00,NSE:PERSISTENT,1164.8,1175.0,1163.2,1168.9,9001.0
2020-11-24 09:30:00,NSE:PERSISTENT,1169.5,1178.85,1165.0,1171.0,12611.0
2020-11-24 10:00:00,NSE:PERSISTENT,1170.95,1175.0,1163.05,1166.95,8825.0
2020-11-24 10:30:00,NSE:PERSISTENT,1166.95,1172.0,1164.0,1171.95,3481.0
2020-11-24 11:00:00,NSE:PERSISTENT,1171.95,1176.0,1166.2,1170.15,5163.0
2020-11-24 11:30:00,NSE:PERSISTENT,1170.15,1172.0,1163.0,1164.5,3706.0
2020-11-24 12:00:00,NSE:PERSISTENT,1165.65,1170.95,1163.0,1170.0,2585.0
2020-11-24 12:30:00,NSE:PERSISTENT,1170.0,1174.5,1167.0,1171.05,2989.0
2020-11-24 13:00:00,NSE:PERSISTENT,1171.45,1174.8,1163.0,1174.45,5733.0
2020-11-24 13:30:00,NSE:PERSISTENT,1174.5,1184.9,1174.0,1182.15,11564.0
2020-11-24 14:00:00,NSE:PERSISTENT,1180.95,1192.0,1180.95,1191.5,22473.0
2020-11-24 14:30:00,NSE:PERSISTENT,1191.8,1200.0,1187.25,1199.9,38412.0
2020-11-24 15:00:00,NSE:PERSISTENT,1199.0,1233.95,1198.0,1230.0,64179.0
2020-11-24 15:30:00,NSE:PERSISTENT,1230.0,1230.0,1213.15,1213.15,88.0
2020-11-25 09:00:00,NSE:PERSISTENT,1237.45,1248.2,1230.0,1238.0,29257.0
2020-11-25 09:30:00,NSE:PERSISTENT,1236.75,1236.95,1220.0,1222.1,17827.0
2020-11-25 10:00:00,NSE:PERSISTENT,1222.2,1223.55,1184.85,1186.65,22901.0
2020-11-25 10:30:00,NSE:PERSISTENT,1187.85,1203.15,1182.05,1191.65,14903.0
2020-11-25 11:00:00,NSE:PERSISTENT,1193.95,1199.55,1186.0,1186.0,6038.0
2020-11-25 11:30:00,NSE:PERSISTENT,1186.0,1205.7,1186.0,1205.2,4676.0
2020-11-25 12:00:00,NSE:PERSISTENT,1205.4,1210.0,1200.0,1203.15,3932.0
2020-11-25 12:30:00,NSE:PERSISTENT,1203.15,1223.8,1203.15,1223.1,5285.0
2020-11-25 13:00:00,NSE:PERSISTENT,1223.1,1223.1,1211.05,1214.85,5005.0
2020-11-25 13:30:00,NSE:PERSISTENT,1214.95,1215.85,1202.95,1204.9,3313.0
2020-11-25 14:00:00,NSE:PERSISTENT,1204.95,1208.7,1195.0,1203.5,6629.0
2020-11-25 14:30:00,NSE:PERSISTENT,1203.55,1205.2,1182.0,1188.95,8519.0
2020-11-25 15:00:00,NSE:PERSISTENT,1187.95,1225.0,1181.65,1224.0,28257.0
2020-11-25 15:30:00,NSE:PERSISTENT,1206.2,1206.2,1206.2,1206.2,10.0
2020-11-26 09:00:00,NSE:PERSISTENT,1202.4,1225.0,1202.4,1211.15,4135.0
2020-11-26 09:30:00,NSE:PERSISTENT,1211.2,1218.65,1180.1,1196.95,7802.0
2020-11-26 10:00:00,NSE:PERSISTENT,1196.8,1219.55,1190.0,1215.2,4590.0
2020-11-26 10:30:00,NSE:PERSISTENT,1214.9,1216.15,1200.0,1211.85,3609.0
2020-11-26 11:00:00,NSE:PERSISTENT,1211.25,1218.75,1208.9,1214.0,1625.0
2020-11-26 11:30:00,NSE:PERSISTENT,1214.0,1217.4,1211.5,1212.65,1308.0
2020-11-26 12:00:00,NSE:PERSISTENT,1212.7,1212.7,1198.05,1203.0,5342.0
2020-11-26 12:30:00,NSE:PERSISTENT,1204.6,1208.2,1201.6,1204.5,130275.0
2020-11-26 13:00:00,NSE:PERSISTENT,1203.55,1205.0,1201.0,1202.0,1842.0
2020-11-26 13:30:00,NSE:PERSISTENT,1202.0,1205.0,1196.0,1200.0,4246.0
2020-11-26 14:00:00,NSE:PERSISTENT,1200.0,1205.0,1194.0,1204.15,3324.0
2020-11-26 14:30:00,NSE:PERSISTENT,1204.0,1205.0,1201.25,1203.1,1923.0
2020-11-26 15:00:00,NSE:PERSISTENT,1203.1,1205.0,1190.05,1205.0,6783.0
2020-11-26 15:30:00,NSE:PERSISTENT,1199.65,1199.65,1199.65,1199.65,1.0
2020-11-27 09:00:00,NSE:PERSISTENT,1214.0,1215.1,1201.0,1214.55,2703.0
2020-11-27 09:30:00,NSE:PERSISTENT,1214.55,1214.9,1201.0,1206.8,55737.0
2020-11-27 10:00:00,NSE:PERSISTENT,1206.8,1206.85,1200.0,1205.35,2630.0
2020-11-27 10:30:00,NSE:PERSISTENT,1205.7,1208.0,1200.0,1201.05,67154.0
2020-11-27 11:00:00,NSE:PERSISTENT,1201.05,1201.1,1192.0,1195.9,4862.0
2020-11-27 11:30:00,NSE:PERSISTENT,1197.65,1199.7,1190.0,1195.8,2722.0
2020-11-27 12:00:00,NSE:PERSISTENT,1197.2,1200.0,1195.0,1198.15,3220.0
2020-11-27 12:30:00,NSE:PERSISTENT,1198.15,1205.0,1197.3,1203.4,10132.0
2020-11-27 13:00:00,NSE:PERSISTENT,1203.4,1205.0,1199.35,1204.7,5295.0
2020-11-27 13:30:00,NSE:PERSISTENT,1204.65,1205.0,1201.8,1204.55,8234.0
2020-11-27 14:00:00,NSE:PERSISTENT,1204.55,1205.0,1195.05,1201.4,5278.0
2020-11-27 14:30:00,NSE:PERSISTENT,1202.25,1205.0,1197.65,1197.65,3529.0
2020-11-27 15:00:00,NSE:PERSISTENT,1198.3,1201.0,1190.0,1201.0,100293.0
2020-11-27 15:30:00,NSE:PERSISTENT,1193.35,1193.35,1193.35,1193.35,1.0
2020-12-01 09:00:00,NSE:PERSISTENT,1198.0,1220.0,1171.35,1177.5,11813.0
2020-12-01 09:30:00,NSE:PERSISTENT,1178.9,1187.9,1164.75,1171.35,12115.0
2020-12-01 10:00:00,NSE:PERSISTENT,1171.35,1193.0,1171.0,1191.15,17021.0
2020-12-01 10:30:00,NSE:PERSISTENT,1192.3,1205.9,1190.0,1197.8,175734.0
2020-12-01 11:00:00,NSE:PERSISTENT,1196.6,1199.55,1194.7,1195.95,6887.0
2020-12-01 11:30:00,NSE:PERSISTENT,1195.15,1198.6,1194.05,1197.75,7270.0
2020-12-01 12:00:00,NSE:PERSISTENT,1197.75,1197.85,1195.0,1196.5,3564.0
2020-12-01 12:30:00,NSE:PERSISTENT,1195.55,1197.9,1195.0,1196.05,3516.0
2020-12-01 13:00:00,NSE:PERSISTENT,1196.05,1197.4,1194.65,1196.2,1722.0
2020-12-01 13:30:00,NSE:PERSISTENT,1196.2,1197.0,1195.0,1195.8,3797.0
2020-12-01 14:00:00,NSE:PERSISTENT,1195.8,1199.0,1195.8,1199.0,2294.0
2020-12-01 14:30:00,NSE:PERSISTENT,1198.95,1205.0,1198.95,1204.1,18038.0
2020-12-01 15:00:00,NSE:PERSISTENT,1205.0,1214.95,1202.05,1210.0,23511.0
2020-12-01 15:30:00,NSE:PERSISTENT,1210.5,1210.5,1207.65,1207.65,21.0
2020-12-02 09:00:00,NSE:PERSISTENT,1234.0,1234.0,1209.5,1214.05,8465.0
2020-12-02 09:30:00,NSE:PERSISTENT,1213.0,1219.0,1201.15,1216.1,7401.0
2020-12-02 10:00:00,NSE:PERSISTENT,1215.6,1217.25,1203.0,1204.95,10270.0
2020-12-02 10:30:00,NSE:PERSISTENT,1204.95,1219.3,1204.95,1212.05,18458.0
2020-12-02 11:00:00,NSE:PERSISTENT,1212.95,1216.3,1210.0,1212.0,9135.0
2020-12-02 11:30:00,NSE:PERSISTENT,1212.95,1213.65,1205.0,1209.4,5118.0
2020-12-02 12:00:00,NSE:PERSISTENT,1209.7,1210.0,1206.0,1209.7,3159.0
2020-12-02 12:30:00,NSE:PERSISTENT,1209.9,1210.05,1206.7,1209.5,6301.0
2020-12-02 13:00:00,NSE:PERSISTENT,1207.85,1209.5,1200.0,1207.05,3414.0
2020-12-02 13:30:00,NSE:PERSISTENT,1207.0,1211.0,1205.2,1210.95,1216.0
2020-12-02 14:00:00,NSE:PERSISTENT,1210.95,1213.95,1202.25,1205.0,4277.0
2020-12-02 14:30:00,NSE:PERSISTENT,1205.0,1212.75,1205.0,1210.3,5416.0
2020-12-02 15:00:00,NSE:PERSISTENT,1210.15,1215.0,1205.05,1212.0,23714.0
2020-12-03 09:00:00,NSE:PERSISTENT,1224.0,1224.0,1206.2,1211.8,3179.0
2020-12-03 09:30:00,NSE:PERSISTENT,1212.4,1220.0,1208.05,1216.35,3781.0
2020-12-03 10:00:00,NSE:PERSISTENT,1217.0,1219.9,1213.65,1215.3,2834.0
2020-12-03 10:30:00,NSE:PERSISTENT,1215.0,1216.8,1214.0,1215.25,2618.0
2020-12-03 11:00:00,NSE:PERSISTENT,1215.0,1220.5,1214.1,1218.0,4619.0
2020-12-03 11:30:00,NSE:PERSISTENT,1218.45,1219.3,1215.0,1217.05,66634.0
2020-12-03 12:00:00,NSE:PERSISTENT,1220.0,1221.85,1216.2,1219.1,5613.0
2020-12-03 12:30:00,NSE:PERSISTENT,1219.1,1225.0,1218.6,1223.65,6972.0
2020-12-03 13:00:00,NSE:PERSISTENT,1223.65,1225.0,1220.5,1222.7,1982.0
2020-12-03 13:30:00,NSE:PERSISTENT,1223.2,1230.0,1220.95,1227.8,14929.0
2020-12-03 14:00:00,NSE:PERSISTENT,1227.1,1228.0,1222.6,1226.05,8137.0
2020-12-03 14:30:00,NSE:PERSISTENT,1226.85,1239.0,1226.0,1235.0,24824.0
2020-12-03 15:00:00,NSE:PERSISTENT,1235.4,1240.0,1227.25,1229.5,24442.0
2020-12-03 15:30:00,NSE:PERSISTENT,1232.9,1232.9,1232.9,1232.9,25.0
2020-12-04 09:00:00,NSE:PERSISTENT,1238.95,1242.65,1215.05,1215.5,78772.0
2020-12-04 09:30:00,NSE:PERSISTENT,1215.5,1223.95,1215.0,1220.65,8153.0
2020-12-04 10:00:00,NSE:PERSISTENT,1220.15,1220.6,1216.95,1216.95,21971.0
2020-12-04 10:30:00,NSE:PERSISTENT,1217.4,1219.1,1213.05,1215.25,4142.0
2020-12-04 11:00:00,NSE:PERSISTENT,1215.0,1220.0,1212.1,1219.0,7282.0
2020-12-04 11:30:00,NSE:PERSISTENT,1219.0,1220.0,1216.0,1219.85,66625.0
2020-12-04 12:00:00,NSE:PERSISTENT,1219.85,1220.0,1216.0,1218.85,6704.0
2020-12-04 12:30:00,NSE:PERSISTENT,1219.0,1220.0,1216.3,1219.45,7354.0
2020-12-04 13:00:00,NSE:PERSISTENT,1219.0,1220.0,1216.95,1219.9,4600.0
2020-12-04 13:30:00,NSE:PERSISTENT,1220.0,1220.0,1216.0,1219.5,4867.0
2020-12-04 14:00:00,NSE:PERSISTENT,1219.0,1219.5,1215.05,1219.0,6709.0
2020-12-04 14:30:00,NSE:PERSISTENT,1219.0,1219.0,1211.85,1218.25,8968.0
2020-12-04 15:00:00,NSE:PERSISTENT,1218.85,1225.0,1216.0,1220.0,22533.0
2020-12-07 09:00:00,NSE:PERSISTENT,1220.0,1227.6,1220.0,1223.75,1837.0
2020-12-07 09:30:00,NSE:PERSISTENT,1223.05,1224.55,1208.75,1213.5,4125.0
2020-12-07 10:00:00,NSE:PERSISTENT,1212.55,1220.5,1212.0,1213.15,3068.0
2020-12-07 10:30:00,NSE:PERSISTENT,1212.05,1218.8,1212.05,1216.8,2422.0
2020-12-07 11:00:00,NSE:PERSISTENT,1216.8,1216.8,1211.0,1215.9,2605.0
2020-12-07 11:30:00,NSE:PERSISTENT,1216.0,1217.0,1213.1,1217.0,2456.0
2020-12-07 12:00:00,NSE:PERSISTENT,1216.6,1219.9,1214.75,1217.2,3803.0
2020-12-07 12:30:00,NSE:PERSISTENT,1217.2,1217.2,1213.3,1216.0,3491.0
2020-12-07 13:00:00,NSE:PERSISTENT,1217.15,1217.15,1215.05,1216.0,1995.0
2020-12-07 13:30:00,NSE:PERSISTENT,1215.35,1218.9,1215.0,1218.0,13651.0
2020-12-07 14:00:00,NSE:PERSISTENT,1218.0,1219.4,1215.45,1219.1,4139.0
2020-12-07 14:30:00,NSE:PERSISTENT,1218.95,1220.45,1215.45,1218.7,22248.0
2020-12-07 15:00:00,NSE:PERSISTENT,1218.95,1221.8,1215.0,1221.0,21546.0
2020-12-07 15:30:00,NSE:PERSISTENT,1219.8,1221.0,1219.8,1221.0,61.0
2020-12-08 09:00:00,NSE:PERSISTENT,1225.0,1225.0,1188.0,1195.75,7155.0
2020-12-08 09:30:00,NSE:PERSISTENT,1194.95,1200.0,1194.3,1198.25,13039.0
2020-12-08 10:00:00,NSE:PERSISTENT,1198.25,1212.05,1197.45,1207.15,10937.0
2020-12-08 10:30:00,NSE:PERSISTENT,1207.0,1210.0,1206.45,1209.0,3807.0
2020-12-08 11:00:00,NSE:PERSISTENT,1208.15,1210.0,1201.6,1206.0,6087.0
2020-12-08 11:30:00,NSE:PERSISTENT,1205.95,1206.2,1202.25,1203.55,6456.0
2020-12-08 12:00:00,NSE:PERSISTENT,1203.25,1206.0,1203.0,1205.0,5844.0
2020-12-08 12:30:00,NSE:PERSISTENT,1204.95,1209.0,1200.05,1206.15,7616.0
2020-12-08 13:00:00,NSE:PERSISTENT,1206.15,1207.0,1202.05,1204.5,6467.0
2020-12-08 13:30:00,NSE:PERSISTENT,1204.5,1207.75,1203.6,1206.95,6088.0
2020-12-08 14:00:00,NSE:PERSISTENT,1206.25,1207.0,1205.0,1205.25,5282.0
2020-12-08 14:30:00,NSE:PERSISTENT,1205.45,1206.9,1204.45,1204.95,6251.0
2020-12-08 15:00:00,NSE:PERSISTENT,1204.9,1205.5,1196.5,1196.5,12249.0
2020-12-08 15:30:00,NSE:PERSISTENT,1200.8,1200.8,1196.5,1200.8,54.0
2020-12-09 09:00:00,NSE:PERSISTENT,1185.0,1200.0,1185.0,1194.35,5016.0
2020-12-09 09:30:00,NSE:PERSISTENT,1195.5,1198.6,1192.1,1196.0,4006.0
2020-12-09 10:00:00,NSE:PERSISTENT,1195.6,1198.0,1192.1,1196.0,3015.0
2020-12-09 10:30:00,NSE:PERSISTENT,1196.0,1198.75,1196.0,1198.0,1726.0
2020-12-09 11:00:00,NSE:PERSISTENT,1198.5,1199.0,1196.15,1196.85,1867.0
2020-12-09 11:30:00,NSE:PERSISTENT,1197.55,1202.35,1196.0,1201.05,5378.0
2020-12-09 12:00:00,NSE:PERSISTENT,1201.15,1205.55,1200.55,1200.55,2500.0
2020-12-09 12:30:00,NSE:PERSISTENT,1200.0,1203.65,1196.0,1200.0,1978.0
2020-12-09 13:00:00,NSE:PERSISTENT,1200.25,1202.65,1196.05,1200.4,2567.0
2020-12-09 13:30:00,NSE:PERSISTENT,1201.15,1208.0,1200.3,1205.0,6125.0
2020-12-09 14:00:00,NSE:PERSISTENT,1204.75,1205.4,1204.0,1204.95,6132.0
2020-12-09 14:30:00,NSE:PERSISTENT,1204.0,1205.7,1204.0,1204.9,8889.0
2020-12-09 15:00:00,NSE:PERSISTENT,1204.9,1210.0,1204.0,1208.0,98239.0
2020-12-10 09:00:00,NSE:PERSISTENT,1212.0,1215.0,1206.0,1208.6,3305.0
2020-12-10 09:30:00,NSE:PERSISTENT,1210.0,1216.0,1202.0,1210.3,7058.0
2020-12-10 10:00:00,NSE:PERSISTENT,1210.3,1215.0,1205.0,1210.8,6382.0
2020-12-10 10:30:00,NSE:PERSISTENT,1213.15,1215.0,1209.8,1213.45,6359.0
2020-12-10 11:00:00,NSE:PERSISTENT,1212.2,1223.75,1210.0,1220.9,7644.0
2020-12-10 11:30:00,NSE:PERSISTENT,1221.0,1225.0,1220.3,1223.9,7003.0
2020-12-10 12:00:00,NSE:PERSISTENT,1223.4,1225.0,1218.0,1219.95,6766.0
2020-12-10 12:30:00,NSE:PERSISTENT,1219.95,1224.95,1219.05,1224.5,6096.0
2020-12-10 13:00:00,NSE:PERSISTENT,1224.5,1234.0,1221.15,1232.4,8645.0
2020-12-10 13:30:00,NSE:PERSISTENT,1232.05,1240.0,1228.45,1234.0,10329.0
2020-12-10 14:00:00,NSE:PERSISTENT,1232.4,1237.1,1230.0,1235.0,7349.0
2020-12-10 14:30:00,NSE:PERSISTENT,1234.95,1237.0,1232.0,1236.55,7158.0
2020-12-10 15:00:00,NSE:PERSISTENT,1233.0,1239.1,1230.0,1238.0,8728.0
2020-12-10 15:30:00,NSE:PERSISTENT,1238.0,1238.0,1236.3,1236.3,341.0
2020-12-11 09:00:00,NSE:PERSISTENT,1236.3,1260.95,1236.0,1260.95,24694.0
2020-12-11 09:30:00,NSE:PERSISTENT,1260.1,1274.6,1259.45,1273.0,37879.0
2020-12-11 10:00:00,NSE:PERSISTENT,1271.75,1273.0,1266.1,1272.9,13521.0
2020-12-11 10:30:00,NSE:PERSISTENT,1272.05,1285.0,1272.05,1279.75,38118.0
2020-12-11 11:00:00,NSE:PERSISTENT,1279.75,1284.9,1275.4,1284.3,22815.0
2020-12-11 11:30:00,NSE:PERSISTENT,1284.55,1293.0,1282.0,1293.0,19858.0
2020-12-11 12:00:00,NSE:PERSISTENT,1292.1,1294.0,1274.0,1277.45,13292.0
2020-12-11 12:30:00,NSE:PERSISTENT,1277.45,1290.0,1275.4,1284.5,8708.0
2020-12-11 13:00:00,NSE:PERSISTENT,1286.45,1290.0,1282.1,1288.85,6833.0
2020-12-11 13:30:00,NSE:PERSISTENT,1289.95,1297.15,1289.95,1292.0,16843.0
2020-12-11 14:00:00,NSE:PERSISTENT,1293.0,1296.95,1278.1,1296.8,27703.0
2020-12-11 14:30:00,NSE:PERSISTENT,1295.75,1324.85,1295.0,1308.15,47706.0
2020-12-11 15:00:00,NSE:PERSISTENT,1308.2,1320.0,1301.2,1308.0,28216.0
2020-12-11 15:30:00,NSE:PERSISTENT,1314.1,1317.05,1308.0,1317.05,9902.0
2020-12-14 09:00:00,NSE:PERSISTENT,1320.0,1343.95,1315.0,1320.0,13711.0
2020-12-14 09:30:00,NSE:PERSISTENT,1320.0,1335.0,1315.0,1318.9,10623.0
2020-12-14 10:00:00,NSE:PERSISTENT,1317.4,1319.0,1286.3,1296.2,8271.0
2020-12-14 10:30:00,NSE:PERSISTENT,1298.0,1300.0,1290.0,1299.25,5380.0
2020-12-14 11:00:00,NSE:PERSISTENT,1300.0,1303.05,1291.6,1292.55,2931.0
2020-12-14 11:30:00,NSE:PERSISTENT,1294.0,1302.7,1291.2,1302.7,3226.0
2020-12-14 12:00:00,NSE:PERSISTENT,1302.9,1304.15,1299.55,1301.1,3503.0
2020-12-14 12:30:00,NSE:PERSISTENT,1301.35,1304.3,1275.0,1275.75,6498.0
2020-12-14 13:00:00,NSE:PERSISTENT,1275.75,1295.0,1272.2,1294.95,4839.0
2020-12-14 13:30:00,NSE:PERSISTENT,1294.95,1305.0,1291.25,1294.0,3683.0
2020-12-14 14:00:00,NSE:PERSISTENT,1294.0,1295.7,1290.05,1291.8,1965.0
2020-12-14 14:30:00,NSE:PERSISTENT,1291.8,1297.95,1290.0,1290.45,36947.0
2020-12-14 15:00:00,NSE:PERSISTENT,1290.0,1290.05,1275.0,1275.1,17074.0
2020-12-14 15:30:00,NSE:PERSISTENT,1283.95,1283.95,1275.1,1283.95,232.0
2020-12-15 09:00:00,NSE:PERSISTENT,1284.0,1290.25,1259.25,1266.1,7229.0
2020-12-15 09:30:00,NSE:PERSISTENT,1265.35,1294.35,1262.4,1289.9,10881.0
2020-12-15 10:00:00,NSE:PERSISTENT,1290.0,1322.0,1278.25,1317.45,17871.0
2020-12-15 10:30:00,NSE:PERSISTENT,1318.9,1318.9,1305.0,1306.6,15531.0
2020-12-15 11:00:00,NSE:PERSISTENT,1306.75,1309.55,1304.75,1307.05,22015.0
2020-12-15 11:30:00,NSE:PERSISTENT,1307.95,1311.0,1305.0,1305.0,7444.0
2020-12-15 12:00:00,NSE:PERSISTENT,1305.15,1306.8,1302.0,1302.05,2785.0
2020-12-15 12:30:00,NSE:PERSISTENT,1303.15,1307.45,1302.25,1305.0,3358.0
2020-12-15 13:00:00,NSE:PERSISTENT,1305.0,1308.9,1302.35,1303.4,4938.0
2020-12-15 13:30:00,NSE:PERSISTENT,1303.5,1309.9,1302.05,1306.95,10739.0
2020-12-15 14:00:00,NSE:PERSISTENT,1306.95,1307.0,1298.45,1306.0,11665.0
2020-12-15 14:30:00,NSE:PERSISTENT,1306.0,1308.0,1301.3,1302.95,10760.0
2020-12-15 15:00:00,NSE:PERSISTENT,1305.0,1307.15,1300.15,1305.0,14642.0
2020-12-15 15:30:00,NSE:PERSISTENT,1301.0,1305.4,1301.0,1305.4,46.0
2020-12-16 09:00:00,NSE:PERSISTENT,1305.4,1324.0,1305.4,1321.2,4590.0
2020-12-16 09:30:00,NSE:PERSISTENT,1322.6,1325.0,1306.0,1313.9,5282.0
2020-12-16 10:00:00,NSE:PERSISTENT,1313.9,1320.0,1307.2,1316.0,4061.0
2020-12-16 10:30:00,NSE:PERSISTENT,1316.0,1316.0,1289.55,1305.0,4889.0
2020-12-16 11:00:00,NSE:PERSISTENT,1305.0,1305.0,1300.0,1302.0,1829.0
2020-12-16 11:30:00,NSE:PERSISTENT,1302.35,1304.8,1293.1,1303.0,3546.0
2020-12-16 12:00:00,NSE:PERSISTENT,1303.0,1303.0,1296.95,1301.4,4396.0
2020-12-16 12:30:00,NSE:PERSISTENT,1301.5,1303.0,1299.6,1303.0,5424.0
2020-12-16 13:00:00,NSE:PERSISTENT,1303.0,1304.95,1301.0,1304.9,1282.0
2020-12-16 13:30:00,NSE:PERSISTENT,1304.85,1306.0,1300.0,1302.0,4268.0
2020-12-16 14:00:00,NSE:PERSISTENT,1302.0,1304.65,1300.0,1304.65,1692.0
2020-12-16 14:30:00,NSE:PERSISTENT,1304.7,1306.0,1300.0,1304.5,6494.0
2020-12-16 15:00:00,NSE:PERSISTENT,1305.0,1310.0,1303.0,1306.0,24536.0
2020-12-16 15:30:00,NSE:PERSISTENT,1303.0,1305.6,1303.0,1305.6,31.0
2020-12-17 09:00:00,NSE:PERSISTENT,1316.2,1317.2,1286.3,1290.0,3437.0
2020-12-17 09:30:00,NSE:PERSISTENT,1291.25,1299.95,1290.0,1293.45,3386.0
2020-12-17 10:00:00,NSE:PERSISTENT,1291.75,1298.4,1291.25,1296.0,2910.0
2020-12-17 10:30:00,NSE:PERSISTENT,1296.0,1300.0,1293.65,1295.4,3199.0
2020-12-17 11:00:00,NSE:PERSISTENT,1294.95,1298.6,1292.85,1295.3,2714.0
2020-12-17 11:30:00,NSE:PERSISTENT,1294.85,1298.35,1294.0,1295.45,2683.0
2020-12-17 12:00:00,NSE:PERSISTENT,1296.5,1300.0,1292.05,1297.85,2050.0
2020-12-17 12:30:00,NSE:PERSISTENT,1297.6,1300.0,1294.95,1297.75,3598.0
2020-12-17 13:00:00,NSE:PERSISTENT,1299.1,1299.25,1291.35,1294.0,7060.0
2020-12-17 13:30:00,NSE:PERSISTENT,1294.95,1298.1,1292.1,1295.9,1400.0
2020-12-17 14:00:00,NSE:PERSISTENT,1295.0,1298.95,1290.0,1293.0,3150.0
2020-12-17 14:30:00,NSE:PERSISTENT,1293.4,1296.0,1286.05,1287.0,3105.0
2020-12-17 15:00:00,NSE:PERSISTENT,1286.95,1317.0,1286.0,1305.0,12993.0
2020-12-18 09:00:00,NSE:PERSISTENT,1323.0,1336.0,1311.05,1314.0,7556.0
2020-12-18 09:30:00,NSE:PERSISTENT,1314.0,1317.0,1292.05,1309.95,10099.0
2020-12-18 10:00:00,NSE:PERSISTENT,1309.95,1323.95,1307.0,1321.6,11508.0
2020-12-18 10:30:00,NSE:PERSISTENT,1321.6,1325.0,1318.0,1318.65,4581.0
2020-12-18 11:00:00,NSE:PERSISTENT,1318.6,1320.0,1312.2,1317.4,11257.0
2020-12-18 11:30:00,NSE:PERSISTENT,1317.4,1325.0,1314.0,1320.0,22598.0
2020-12-18 12:00:00,NSE:PERSISTENT,1320.0,1330.0,1318.4,1328.85,9038.0
2020-12-18 12:30:00,NSE:PERSISTENT,1328.85,1332.0,1318.0,1322.0,7787.0
2020-12-18 13:00:00,NSE:PERSISTENT,1321.95,1328.4,1319.0,1323.1,3461.0
2020-12-18 13:30:00,NSE:PERSISTENT,1323.1,1333.0,1322.55,1332.6,5200.0
2020-12-18 14:00:00,NSE:PERSISTENT,1333.0,1343.0,1322.35,1340.35,31835.0
2020-12-18 14:30:00,NSE:PERSISTENT,1340.4,1343.0,1335.5,1337.9,12092.0
2020-12-18 15:00:00,NSE:PERSISTENT,1336.25,1336.4,1295.0,1308.0,55678.0
2020-12-18 15:30:00,NSE:PERSISTENT,1306.45,1308.0,1306.45,1306.45,266.0
2020-12-21 09:00:00,NSE:PERSISTENT,1306.45,1316.95,1288.5,1314.0,6213.0
2020-12-21 09:30:00,NSE:PERSISTENT,1314.0,1329.2,1310.0,1327.0,7179.0
2020-12-21 10:00:00,NSE:PERSISTENT,1327.0,1327.0,1311.0,1319.25,6162.0
2020-12-21 10:30:00,NSE:PERSISTENT,1320.0,1326.5,1315.15,1320.0,5507.0
2020-12-21 11:00:00,NSE:PERSISTENT,1319.2,1320.65,1313.65,1319.0,3902.0
2020-12-21 11:30:00,NSE:PERSISTENT,1318.35,1320.0,1316.0,1320.0,2025.0
2020-12-21 12:00:00,NSE:PERSISTENT,1320.0,1320.0,1318.0,1319.9,2851.0
2020-12-21 12:30:00,NSE:PERSISTENT,1319.9,1334.0,1318.2,1332.2,19489.0
2020-12-21 13:00:00,NSE:PERSISTENT,1330.85,1331.95,1319.95,1328.9,16209.0
2020-12-21 13:30:00,NSE:PERSISTENT,1329.0,1331.05,1320.85,1328.5,18187.0
2020-12-21 14:00:00,NSE:PERSISTENT,1328.5,1330.0,1318.5,1323.0,25068.0
2020-12-21 14:30:00,NSE:PERSISTENT,1323.15,1336.4,1305.5,1305.5,82207.0
2020-12-21 15:00:00,NSE:PERSISTENT,1305.5,1340.0,1290.0,1332.85,62754.0
2020-12-21 15:30:00,NSE:PERSISTENT,1305.9,1309.8,1305.9,1309.8,583.0
2020-12-22 09:00:00,NSE:PERSISTENT,1300.0,1335.75,1295.9,1303.5,8113.0
2020-12-22 09:30:00,NSE:PERSISTENT,1303.5,1307.7,1250.0,1270.1,17084.0
2020-12-22 10:00:00,NSE:PERSISTENT,1264.35,1297.9,1264.35,1297.9,5693.0
2020-12-22 10:30:00,NSE:PERSISTENT,1296.8,1311.0,1292.3,1302.5,7518.0
2020-12-22 11:00:00,NSE:PERSISTENT,1301.7,1305.0,1293.75,1299.35,5029.0
2020-12-22 11:30:00,NSE:PERSISTENT,1298.35,1300.85,1291.2,1300.0,6665.0
2020-12-22 12:00:00,NSE:PERSISTENT,1300.0,1307.55,1300.0,1301.0,1445.0
2020-12-22 12:30:00,NSE:PERSISTENT,1301.0,1309.95,1301.0,1307.85,3141.0
2020-12-22 13:00:00,NSE:PERSISTENT,1307.85,1313.85,1305.05,1312.0,3042.0
2020-12-22 13:30:00,NSE:PERSISTENT,1312.25,1335.0,1310.0,1330.3,9100.0
2020-12-22 14:00:00,NSE:PERSISTENT,1329.7,1340.0,1324.4,1333.2,9177.0
2020-12-22 14:30:00,NSE:PERSISTENT,1333.35,1337.9,1319.65,1320.95,9886.0
2020-12-22 15:00:00,NSE:PERSISTENT,1320.45,1399.0,1319.05,1395.65,92073.0
2020-12-22 15:30:00,NSE:PERSISTENT,1377.1,1377.1,1377.1,1377.1,28.0
2020-12-23 09:00:00,NSE:PERSISTENT,1395.0,1440.0,1393.05,1408.25,62147.0
2020-12-23 09:30:00,NSE:PERSISTENT,1408.25,1418.15,1408.2,1415.0,23793.0
2020-12-23 10:00:00,NSE:PERSISTENT,1415.0,1424.0,1405.05,1406.95,28248.0
2020-12-23 10:30:00,NSE:PERSISTENT,1406.95,1420.0,1405.0,1414.9,25075.0
2020-12-23 11:00:00,NSE:PERSISTENT,1415.05,1416.0,1408.1,1412.1,9543.0
2020-12-23 11:30:00,NSE:PERSISTENT,1412.1,1414.15,1408.3,1411.75,14302.0
2020-12-23 12:00:00,NSE:PERSISTENT,1410.55,1423.0,1409.45,1423.0,31387.0
2020-12-23 12:30:00,NSE:PERSISTENT,1423.0,1434.4,1415.0,1417.8,39176.0
2020-12-23 13:00:00,NSE:PERSISTENT,1417.55,1428.0,1410.0,1422.95,50338.0
2020-12-23 13:30:00,NSE:PERSISTENT,1422.0,1459.0,1420.6,1446.95,64218.0
2020-12-23 14:00:00,NSE:PERSISTENT,1446.95,1459.0,1441.0,1453.0,43887.0
2020-12-23 14:30:00,NSE:PERSISTENT,1454.5,1468.85,1445.0,1463.65,61279.0
2020-12-23 15:00:00,NSE:PERSISTENT,1463.55,1463.95,1451.0,1454.6,91149.0
2020-12-23 15:30:00,NSE:PERSISTENT,1454.6,1454.6,1454.45,1454.45,119.0
2020-12-24 09:00:00,NSE:PERSISTENT,1455.0,1468.0,1436.55,1446.85,19086.0
2020-12-24 09:30:00,NSE:PERSISTENT,1444.5,1459.25,1437.05,1456.0,15037.0
2020-12-24 10:00:00,NSE:PERSISTENT,1456.8,1456.8,1443.15,1444.6,8887.0
2020-12-24 10:30:00,NSE:PERSISTENT,1443.55,1444.0,1435.05,1438.0,10461.0
2020-12-24 11:00:00,NSE:PERSISTENT,1438.05,1439.35,1415.4,1429.15,11430.0
2020-12-24 11:30:00,NSE:PERSISTENT,1430.0,1434.45,1422.5,1427.45,4379.0
2020-12-24 12:00:00,NSE:PERSISTENT,1427.05,1434.45,1424.35,1431.6,6872.0
2020-12-24 12:30:00,NSE:PERSISTENT,1433.45,1436.0,1430.1,1431.55,2553.0
2020-12-24 13:00:00,NSE:PERSISTENT,1432.7,1434.0,1430.65,1430.65,1239.0
2020-12-24 13:30:00,NSE:PERSISTENT,1431.9,1433.65,1430.0,1430.9,2519.0
2020-12-24 14:00:00,NSE:PERSISTENT,1431.05,1439.7,1430.1,1439.65,4191.0
2020-12-24 14:30:00,NSE:PERSISTENT,1438.25,1441.55,1433.0,1437.25,9126.0
2020-12-24 15:00:00,NSE:PERSISTENT,1437.2,1472.0,1436.1,1468.0,49434.0
2020-12-24 15:30:00,NSE:PERSISTENT,1449.45,1449.45,1449.45,1449.45,30.0
2020-12-28 09:00:00,NSE:PERSISTENT,1473.0,1473.95,1450.05,1473.0,10245.0
2020-12-28 09:30:00,NSE:PERSISTENT,1473.95,1500.0,1472.0,1479.45,39877.0
2020-12-28 10:00:00,NSE:PERSISTENT,1479.55,1480.65,1460.05,1465.45,11111.0
2020-12-28 10:30:00,NSE:PERSISTENT,1463.75,1472.45,1462.0,1470.0,9245.0
2020-12-28 11:00:00,NSE:PERSISTENT,1470.0,1474.05,1464.75,1471.6,5553.0
2020-12-28 11:30:00,NSE:PERSISTENT,1472.35,1474.5,1464.3,1468.6,5671.0
2020-12-28 12:00:00,NSE:PERSISTENT,1468.6,1470.0,1456.0,1461.2,5884.0
2020-12-28 12:30:00,NSE:PERSISTENT,1459.75,1464.0,1457.2,1463.6,2752.0
2020-12-28 13:00:00,NSE:PERSISTENT,1463.6,1463.7,1456.1,1460.0,4875.0
2020-12-28 13:30:00,NSE:PERSISTENT,1460.0,1460.0,1455.0,1458.05,3529.0
2020-12-28 14:00:00,NSE:PERSISTENT,1454.5,1458.85,1450.5,1457.1,3918.0
2020-12-28 14:30:00,NSE:PERSISTENT,1457.9,1473.15,1453.05,1473.15,14420.0
2020-12-28 15:00:00,NSE:PERSISTENT,1473.0,1479.0,1466.55,1470.0,15219.0
2020-12-28 15:30:00,NSE:PERSISTENT,1472.85,1472.85,1470.0,1470.0,63.0
2020-12-29 09:00:00,NSE:PERSISTENT,1480.0,1481.1,1470.45,1475.95,8376.0
2020-12-29 09:30:00,NSE:PERSISTENT,1476.75,1476.75,1455.0,1458.85,9666.0
2020-12-29 10:00:00,NSE:PERSISTENT,1458.95,1483.0,1458.75,1467.05,8351.0
2020-12-29 10:30:00,NSE:PERSISTENT,1467.0,1470.95,1460.0,1462.85,3693.0
2020-12-29 11:00:00,NSE:PERSISTENT,1463.4,1478.5,1463.4,1471.0,6719.0
2020-12-29 11:30:00,NSE:PERSISTENT,1470.0,1477.95,1466.15,1472.6,2363.0
2020-12-29 12:00:00,NSE:PERSISTENT,1472.25,1475.8,1470.8,1474.2,1748.0
2020-12-29 12:30:00,NSE:PERSISTENT,1473.9,1477.0,1467.7,1476.4,3433.0
2020-12-29 13:00:00,NSE:PERSISTENT,1475.0,1496.95,1475.0,1494.4,20256.0
2020-12-29 13:30:00,NSE:PERSISTENT,1494.0,1521.85,1492.7,1501.9,66084.0
2020-12-29 14:00:00,NSE:PERSISTENT,1500.85,1504.65,1472.0,1493.3,30861.0
2020-12-29 14:30:00,NSE:PERSISTENT,1491.75,1495.0,1488.25,1490.2,8945.0
2020-12-29 15:00:00,NSE:PERSISTENT,1490.15,1499.0,1485.9,1498.0,23490.0
2020-12-29 15:30:00,NSE:PERSISTENT,1498.0,1498.0,1490.05,1490.05,348.0
2020-12-30 09:00:00,NSE:PERSISTENT,1465.05,1480.5,1465.05,1478.15,17289.0
2020-12-30 09:30:00,NSE:PERSISTENT,1479.4,1487.55,1476.05,1480.0,17189.0
2020-12-30 10:00:00,NSE:PERSISTENT,1480.1,1502.95,1478.1,1501.9,20080.0
2020-12-30 10:30:00,NSE:PERSISTENT,1502.3,1522.65,1494.85,1511.0,47772.0
2020-12-30 11:00:00,NSE:PERSISTENT,1511.8,1522.0,1507.35,1520.5,23600.0
2020-12-30 11:30:00,NSE:PERSISTENT,1520.05,1525.0,1519.95,1521.0,19776.0
2020-12-30 12:00:00,NSE:PERSISTENT,1521.05,1539.0,1519.95,1532.25,30621.0
2020-12-30 12:30:00,NSE:PERSISTENT,1533.6,1534.75,1529.0,1530.7,15469.0
2020-12-30 13:00:00,NSE:PERSISTENT,1530.8,1534.8,1529.05,1533.8,11142.0
2020-12-30 13:30:00,NSE:PERSISTENT,1534.05,1535.7,1533.0,1533.8,10824.0
2020-12-30 14:00:00,NSE:PERSISTENT,1533.75,1537.95,1533.0,1533.0,9052.0
2020-12-30 14:30:00,NSE:PERSISTENT,1533.15,1535.3,1531.65,1533.75,22200.0
2020-12-30 15:00:00,NSE:PERSISTENT,1533.4,1535.9,1527.0,1534.9,41627.0
2020-12-30 15:30:00,NSE:PERSISTENT,1533.0,1533.0,1532.4,1532.4,74.0
2020-12-31 09:00:00,NSE:PERSISTENT,1531.0,1549.0,1500.0,1525.45,9840.0
2020-12-31 09:30:00,NSE:PERSISTENT,1525.45,1526.05,1512.0,1521.55,6875.0
2020-12-31 10:00:00,NSE:PERSISTENT,1521.5,1532.9,1517.3,1528.05,5651.0
2020-12-31 10:30:00,NSE:PERSISTENT,1529.45,1529.45,1515.0,1515.2,5357.0
2020-12-31 11:00:00,NSE:PERSISTENT,1515.0,1527.0,1512.0,1523.95,9338.0
2020-12-31 11:30:00,NSE:PERSISTENT,1525.05,1531.1,1522.0,1530.0,6353.0
2020-12-31 12:00:00,NSE:PERSISTENT,1530.45,1544.65,1529.55,1536.35,13345.0
2020-12-31 12:30:00,NSE:PERSISTENT,1534.65,1542.75,1533.4,1538.9,5709.0
2020-12-31 13:00:00,NSE:PERSISTENT,1538.9,1539.9,1533.4,1535.5,4931.0
2020-12-31 13:30:00,NSE:PERSISTENT,1535.95,1539.9,1533.55,1537.45,2156.0
2020-12-31 14:00:00,NSE:PERSISTENT,1538.6,1538.75,1536.0,1538.7,2432.0
2020-12-31 14:30:00,NSE:PERSISTENT,1538.7,1541.7,1522.0,1522.1,5968.0
2020-12-31 15:00:00,NSE:PERSISTENT,1522.0,1526.15,1512.25,1516.0,16965.0
2020-12-31 15:30:00,NSE:PERSISTENT,1517.15,1517.15,1517.15,1517.15,52.0
2021-01-01 09:00:00,NSE:PERSISTENT,1510.0,1534.0,1501.65,1511.7,11134.0
2021-01-01 09:30:00,NSE:PERSISTENT,1511.7,1519.9,1510.0,1514.4,5672.0
2021-01-01 10:00:00,NSE:PERSISTENT,1515.95,1524.95,1514.0,1518.85,55271.0
2021-01-01 10:30:00,NSE:PERSISTENT,1520.0,1522.1,1516.0,1520.0,3090.0
2021-01-01 11:00:00,NSE:PERSISTENT,1519.95,1523.75,1518.0,1523.7,5409.0
2021-01-01 11:30:00,NSE:PERSISTENT,1523.3,1523.3,1518.0,1519.6,32413.0
2021-01-01 12:00:00,NSE:PERSISTENT,1519.05,1519.9,1518.0,1518.5,1316.0
2021-01-01 12:30:00,NSE:PERSISTENT,1519.75,1524.0,1518.0,1518.25,8084.0
2021-01-01 13:00:00,NSE:PERSISTENT,1519.0,1522.45,1512.05,1515.0,8902.0
2021-01-01 13:30:00,NSE:PERSISTENT,1515.0,1517.0,1507.6,1513.75,3648.0
2021-01-01 14:00:00,NSE:PERSISTENT,1516.0,1516.0,1502.5,1505.0,6891.0
2021-01-01 14:30:00,NSE:PERSISTENT,1505.0,1513.95,1503.75,1511.2,7318.0
2021-01-01 15:00:00,NSE:PERSISTENT,1511.2,1512.65,1477.8,1495.0,33540.0
2021-01-01 15:30:00,NSE:PERSISTENT,1497.55,1497.55,1497.55,1497.55,3.0
2021-01-04 09:00:00,NSE:PERSISTENT,1505.0,1524.9,1499.95,1512.65,10596.0
2021-01-04 09:30:00,NSE:PERSISTENT,1512.25,1517.85,1505.0,1508.6,10333.0
2021-01-04 10:00:00,NSE:PERSISTENT,1508.6,1509.1,1502.15,1502.3,9028.0
2021-01-04 10:30:00,NSE:PERSISTENT,1501.9,1505.7,1495.0,1498.55,8837.0
2021-01-04 11:00:00,NSE:PERSISTENT,1498.5,1500.0,1488.1,1499.8,9706.0
2021-01-04 11:30:00,NSE:PERSISTENT,1499.85,1500.0,1494.7,1497.75,47546.0
2021-01-04 12:00:00,NSE:PERSISTENT,1496.55,1499.4,1495.15,1498.0,6631.0
2021-01-04 12:30:00,NSE:PERSISTENT,1499.4,1499.85,1496.95,1498.05,9910.0
2021-01-04 13:00:00,NSE:PERSISTENT,1499.1,1500.5,1494.0,1500.0,7706.0
2021-01-04 13:30:00,NSE:PERSISTENT,1500.0,1507.45,1499.05,1501.5,7846.0
2021-01-04 14:00:00,NSE:PERSISTENT,1501.5,1518.0,1500.0,1508.35,14101.0
2021-01-04 14:30:00,NSE:PERSISTENT,1507.4,1514.9,1506.0,1512.0,13384.0
2021-01-04 15:00:00,NSE:PERSISTENT,1512.0,1525.0,1510.0,1518.0,31322.0
2021-01-04 15:30:00,NSE:PERSISTENT,1519.8,1519.8,1518.0,1519.8,37.0
2021-01-05 09:00:00,NSE:PERSISTENT,1534.0,1542.0,1512.0,1539.35,16615.0
2021-01-05 09:30:00,NSE:PERSISTENT,1539.4,1559.15,1524.8,1526.85,57784.0
2021-01-05 10:00:00,NSE:PERSISTENT,1526.9,1534.95,1521.25,1529.95,19565.0
2021-01-05 10:30:00,NSE:PERSISTENT,1530.0,1545.9,1527.0,1542.0,17289.0
2021-01-05 11:00:00,NSE:PERSISTENT,1543.0,1555.0,1535.0,1550.45,24284.0
2021-01-05 11:30:00,NSE:PERSISTENT,1553.3,1575.0,1550.0,1564.9,49136.0
2021-01-05 12:00:00,NSE:PERSISTENT,1564.1,1569.5,1559.75,1565.0,32282.0
2021-01-05 12:30:00,NSE:PERSISTENT,1565.0,1565.0,1554.55,1559.85,17167.0
2021-01-05 13:00:00,NSE:PERSISTENT,1559.8,1560.0,1555.5,1559.7,10101.0
2021-01-05 13:30:00,NSE:PERSISTENT,1559.7,1562.35,1536.15,1556.95,22377.0
2021-01-05 14:00:00,NSE:PERSISTENT,1557.0,1561.9,1552.15,1557.65,7774.0
2021-01-05 14:30:00,NSE:PERSISTENT,1557.65,1559.5,1547.65,1555.45,17994.0
2021-01-05 15:00:00,NSE:PERSISTENT,1555.65,1560.0,1539.95,1555.0,41738.0
2021-01-05 15:30:00,NSE:PERSISTENT,1555.0,1555.0,1550.45,1550.45,53.0
2021-01-06 09:00:00,NSE:PERSISTENT,1579.3,1599.0,1562.0,1562.05,12175.0
2021-01-06 09:30:00,NSE:PERSISTENT,1562.5,1564.95,1551.0,1557.0,12502.0
2021-01-06 10:00:00,NSE:PERSISTENT,1557.0,1558.8,1544.0,1548.45,12508.0
2021-01-06 10:30:00,NSE:PERSISTENT,1548.5,1550.0,1542.1,1548.1,10510.0
2021-01-06 11:00:00,NSE:PERSISTENT,1548.45,1549.7,1547.0,1548.0,7468.0
2021-01-06 11:30:00,NSE:PERSISTENT,1548.0,1548.55,1534.9,1537.2,8779.0
2021-01-06 12:00:00,NSE:PERSISTENT,1537.15,1540.0,1532.4,1536.0,11177.0
2021-01-06 12:30:00,NSE:PERSISTENT,1535.0,1538.95,1530.0,1530.35,11161.0
2021-01-06 13:00:00,NSE:PERSISTENT,1530.0,1539.45,1528.25,1530.0,15602.0
2021-01-06 13:30:00,NSE:PERSISTENT,1530.0,1534.35,1525.0,1532.0,9183.0
2021-01-06 14:00:00,NSE:PERSISTENT,1532.25,1536.85,1512.65,1520.7,7672.0
2021-01-06 14:30:00,NSE:PERSISTENT,1520.6,1538.1,1516.65,1535.6,10856.0
2021-01-06 15:00:00,NSE:PERSISTENT,1537.35,1551.85,1520.0,1547.0,19484.0
2021-01-06 15:30:00,NSE:PERSISTENT,1540.85,1540.85,1540.85,1540.85,16.0
2021-01-07 09:00:00,NSE:PERSISTENT,1559.95,1559.95,1541.0,1545.0,8614.0
2021-01-07 09:30:00,NSE:PERSISTENT,1545.85,1549.0,1535.0,1540.0,51362.0
2021-01-07 10:00:00,NSE:PERSISTENT,1540.0,1540.0,1531.35,1533.0,8941.0
2021-01-07 10:30:00,NSE:PERSISTENT,1533.0,1535.9,1529.4,1530.0,14700.0
2021-01-07 11:00:00,NSE:PERSISTENT,1530.0,1540.05,1529.2,1536.9,7881.0
2021-01-07 11:30:00,NSE:PERSISTENT,1536.95,1539.8,1529.35,1530.6,109953.0
2021-01-07 12:00:00,NSE:PERSISTENT,1530.0,1533.85,1529.5,1530.0,5421.0
2021-01-07 12:30:00,NSE:PERSISTENT,1530.0,1534.1,1529.1,1530.0,9029.0
2021-01-07 13:00:00,NSE:PERSISTENT,1530.0,1538.0,1529.45,1536.35,4992.0
2021-01-07 13:30:00,NSE:PERSISTENT,1537.2,1539.35,1531.05,1537.25,7209.0
2021-01-07 14:00:00,NSE:PERSISTENT,1537.2,1539.35,1533.5,1537.45,4743.0
2021-01-07 14:30:00,NSE:PERSISTENT,1537.05,1537.05,1523.05,1525.45,10085.0
2021-01-07 15:00:00,NSE:PERSISTENT,1527.15,1529.0,1511.0,1522.45,18283.0
2021-01-08 09:00:00,NSE:PERSISTENT,1533.0,1567.9,1525.2,1553.0,14157.0
2021-01-08 09:30:00,NSE:PERSISTENT,1553.15,1553.7,1540.0,1545.8,7849.0
2021-01-08 10:00:00,NSE:PERSISTENT,1545.8,1549.8,1539.35,1544.75,4259.0
2021-01-08 10:30:00,NSE:PERSISTENT,1543.0,1547.0,1541.75,1546.05,4569.0
2021-01-08 11:00:00,NSE:PERSISTENT,1546.85,1548.0,1536.85,1545.0,4956.0
2021-01-08 11:30:00,NSE:PERSISTENT,1545.0,1545.0,1541.65,1544.2,3431.0
2021-01-08 12:00:00,NSE:PERSISTENT,1544.4,1551.3,1543.65,1549.9,6368.0
2021-01-08 12:30:00,NSE:PERSISTENT,1549.9,1550.0,1542.05,1549.5,4118.0
2021-01-08 13:00:00,NSE:PERSISTENT,1548.9,1552.0,1547.25,1549.0,5738.0
2021-01-08 13:30:00,NSE:PERSISTENT,1549.0,1550.95,1546.2,1550.0,4448.0
2021-01-08 14:00:00,NSE:PERSISTENT,1550.0,1565.0,1547.55,1560.95,23753.0
2021-01-08 14:30:00,NSE:PERSISTENT,1561.0,1579.6,1556.0,1559.0,32462.0
2021-01-08 15:00:00,NSE:PERSISTENT,1559.0,1580.0,1558.45,1570.0,74797.0
2021-01-08 15:30:00,NSE:PERSISTENT,1570.9,1570.9,1570.9,1570.9,51.0
2021-01-11 09:00:00,NSE:PERSISTENT,1595.0,1649.0,1582.35,1633.9,51607.0
2021-01-11 09:30:00,NSE:PERSISTENT,1635.45,1635.45,1606.15,1614.9,27834.0
2021-01-11 10:00:00,NSE:PERSISTENT,1614.0,1614.45,1573.35,1590.0,26392.0
2021-01-11 10:30:00,NSE:PERSISTENT,1589.05,1593.2,1582.8,1589.0,21846.0
2021-01-11 11:00:00,NSE:PERSISTENT,1589.75,1608.0,1587.0,1600.7,27649.0
2021-01-11 11:30:00,NSE:PERSISTENT,1600.75,1612.8,1594.6,1609.0,20140.0
2021-01-11 12:00:00,NSE:PERSISTENT,1611.3,1614.8,1608.4,1610.85,40931.0
2021-01-11 12:30:00,NSE:PERSISTENT,1610.85,1615.0,1610.0,1612.55,12460.0
2021-01-11 13:00:00,NSE:PERSISTENT,1613.15,1613.15,1591.65,1609.95,18198.0
2021-01-11 13:30:00,NSE:PERSISTENT,1610.0,1612.1,1606.3,1610.0,8094.0
2021-01-11 14:00:00,NSE:PERSISTENT,1610.0,1610.95,1606.2,1609.6,20730.0
2021-01-11 14:30:00,NSE:PERSISTENT,1610.0,1613.0,1608.85,1612.0,16325.0
2021-01-11 15:00:00,NSE:PERSISTENT,1612.0,1617.55,1609.5,1613.0,32545.0
2021-01-11 15:30:00,NSE:PERSISTENT,1612.7,1612.7,1612.7,1612.7,151.0
2021-01-12 09:00:00,NSE:PERSISTENT,1630.0,1630.0,1592.75,1614.0,13482.0
2021-01-12 09:30:00,NSE:PERSISTENT,1614.0,1617.0,1596.0,1596.25,10732.0
2021-01-12 10:00:00,NSE:PERSISTENT,1595.0,1616.95,1595.0,1607.0,14864.0
2021-01-12 10:30:00,NSE:PERSISTENT,1606.65,1620.0,1602.1,1619.0,5658.0
2021-01-12 11:00:00,NSE:PERSISTENT,1619.0,1624.5,1617.0,1618.9,8836.0
2021-01-12 11:30:00,NSE:PERSISTENT,1619.2,1619.95,1608.55,1618.25,6068.0
2021-01-12 12:00:00,NSE:PERSISTENT,1618.3,1619.9,1614.05,1618.7,3465.0
2021-01-12 12:30:00,NSE:PERSISTENT,1618.7,1619.95,1613.0,1618.65,5137.0
2021-01-12 13:00:00,NSE:PERSISTENT,1618.8,1620.0,1615.5,1618.6,6266.0
2021-01-12 13:30:00,NSE:PERSISTENT,1619.0,1630.0,1617.1,1622.05,24810.0
2021-01-12 14:00:00,NSE:PERSISTENT,1622.6,1628.3,1620.0,1622.55,6018.0
2021-01-12 14:30:00,NSE:PERSISTENT,1622.6,1631.8,1622.15,1630.3,9988.0
2021-01-12 15:00:00,NSE:PERSISTENT,1630.35,1632.7,1620.0,1620.9,16788.0
2021-01-13 09:00:00,NSE:PERSISTENT,1630.0,1650.0,1627.0,1649.0,8190.0
2021-01-13 09:30:00,NSE:PERSISTENT,1648.95,1665.6,1643.0,1655.35,22166.0
2021-01-13 10:00:00,NSE:PERSISTENT,1655.6,1655.8,1641.0,1648.0,190429.0
2021-01-13 10:30:00,NSE:PERSISTENT,1647.95,1649.3,1635.0,1635.1,6171.0
2021-01-13 11:00:00,NSE:PERSISTENT,1635.1,1643.8,1606.2,1606.2,12744.0
2021-01-13 11:30:00,NSE:PERSISTENT,1607.2,1628.1,1607.2,1623.3,9582.0
2021-01-13 12:00:00,NSE:PERSISTENT,1624.65,1639.35,1620.0,1637.35,11481.0
2021-01-13 12:30:00,NSE:PERSISTENT,1637.1,1643.2,1637.1,1641.05,7977.0
2021-01-13 13:00:00,NSE:PERSISTENT,1641.1,1649.8,1641.1,1649.8,13359.0
2021-01-13 13:30:00,NSE:PERSISTENT,1649.9,1652.0,1640.1,1643.2,50404.0
2021-01-13 14:00:00,NSE:PERSISTENT,1644.35,1649.2,1640.15,1645.75,21181.0
2021-01-13 14:30:00,NSE:PERSISTENT,1648.35,1649.4,1632.1,1639.4,15424.0
2021-01-13 15:00:00,NSE:PERSISTENT,1640.55,1650.0,1631.95,1648.0,36220.0
2021-01-13 15:30:00,NSE:PERSISTENT,1646.1,1648.0,1646.1,1646.1,47.0
2021-01-14 09:00:00,NSE:PERSISTENT,1660.0,1660.0,1621.65,1623.3,5395.0
2021-01-14 09:30:00,NSE:PERSISTENT,1623.0,1636.0,1611.2,1635.45,22789.0
2021-01-14 10:00:00,NSE:PERSISTENT,1636.0,1639.9,1631.0,1636.25,85612.0
2021-01-14 10:30:00,NSE:PERSISTENT,1635.95,1645.0,1630.0,1635.15,3768.0
2021-01-14 11:00:00,NSE:PERSISTENT,1635.35,1643.7,1635.0,1639.1,22071.0
2021-01-14 11:30:00,NSE:PERSISTENT,1639.15,1642.95,1637.5,1640.0,5091.0
2021-01-14 12:00:00,NSE:PERSISTENT,1641.15,1643.05,1639.1,1642.35,2262.0
2021-01-14 12:30:00,NSE:PERSISTENT,1641.5,1645.0,1639.05,1642.5,2968.0
2021-01-14 13:00:00,NSE:PERSISTENT,1641.0,1656.75,1640.05,1654.9,5701.0
2021-01-14 13:30:00,NSE:PERSISTENT,1653.1,1668.6,1650.05,1653.0,11166.0
2021-01-14 14:00:00,NSE:PERSISTENT,1653.0,1658.95,1651.0,1658.95,5849.0
2021-01-14 14:30:00,NSE:PERSISTENT,1658.0,1664.0,1656.0,1661.65,9921.0
2021-01-14 15:00:00,NSE:PERSISTENT,1661.65,1681.0,1660.2,1680.0,20542.0
2021-01-14 15:30:00,NSE:PERSISTENT,1672.75,1672.75,1672.75,1672.75,18.0
2021-01-15 09:00:00,NSE:PERSISTENT,1700.0,1700.0,1675.5,1677.0,10116.0
2021-01-15 09:30:00,NSE:PERSISTENT,1677.0,1677.0,1661.5,1665.45,61820.0
2021-01-15 10:00:00,NSE:PERSISTENT,1665.5,1671.5,1655.85,1657.9,64733.0
2021-01-15 10:30:00,NSE:PERSISTENT,1656.05,1665.85,1651.1,1662.0,4878.0
2021-01-15 11:00:00,NSE:PERSISTENT,1662.0,1664.25,1657.55,1662.0,3989.0
2021-01-15 11:30:00,NSE:PERSISTENT,1660.85,1666.45,1657.6,1665.4,4592.0
2021-01-15 12:00:00,NSE:PERSISTENT,1666.25,1670.0,1665.05,1667.3,2851.0
2021-01-15 12:30:00,NSE:PERSISTENT,1669.3,1671.85,1666.0,1670.45,9079.0
2021-01-15 13:00:00,NSE:PERSISTENT,1670.35,1670.45,1657.75,1666.05,3427.0
2021-01-15 13:30:00,NSE:PERSISTENT,1666.1,1668.9,1658.05,1661.7,15097.0
2021-01-15 14:00:00,NSE:PERSISTENT,1661.65,1663.4,1609.15,1623.65,18106.0
2021-01-15 14:30:00,NSE:PERSISTENT,1623.45,1625.85,1611.8,1616.75,7175.0
2021-01-15 15:00:00,NSE:PERSISTENT,1617.05,1635.35,1617.05,1626.1,20965.0
2021-01-15 15:30:00,NSE:PERSISTENT,1629.1,1629.1,1629.1,1629.1,17.0
2021-01-18 09:00:00,NSE:PERSISTENT,1629.1,1634.3,1616.6,1623.0,7841.0
2021-01-18 09:30:00,NSE:PERSISTENT,1623.0,1623.0,1596.05,1605.0,13745.0
2021-01-18 10:00:00,NSE:PERSISTENT,1605.0,1609.95,1596.1,1597.3,4139.0
2021-01-18 10:30:00,NSE:PERSISTENT,1597.35,1599.0,1550.55,1576.95,9978.0
2021-01-18 11:00:00,NSE:PERSISTENT,1576.0,1584.9,1573.65,1580.05,10003.0
2021-01-18 11:30:00,NSE:PERSISTENT,1580.05,1583.75,1580.0,1582.45,7153.0
2021-01-18 12:00:00,NSE:PERSISTENT,1582.4,1585.0,1580.0,1582.25,5229.0
2021-01-18 12:30:00,NSE:PERSISTENT,1582.05,1584.6,1565.15,1581.55,9080.0
2021-01-18 13:00:00,NSE:PERSISTENT,1581.6,1585.0,1579.15,1580.0,8207.0
2021-01-18 13:30:00,NSE:PERSISTENT,1581.0,1594.25,1579.6,1590.2,8905.0
2021-01-18 14:00:00,NSE:PERSISTENT,1590.2,1598.2,1585.0,1585.6,7987.0
2021-01-18 14:30:00,NSE:PERSISTENT,1585.6,1594.5,1583.0,1587.05,11969.0
2021-01-18 15:00:00,NSE:PERSISTENT,1588.7,1604.25,1580.5,1585.0,23039.0
2021-01-18 15:30:00,NSE:PERSISTENT,1592.45,1592.45,1585.0,1585.0,52.0
2021-01-19 09:00:00,NSE:PERSISTENT,1599.4,1620.0,1594.55,1596.75,4002.0
2021-01-19 09:30:00,NSE:PERSISTENT,1597.15,1600.0,1581.1,1588.1,4807.0
2021-01-19 10:00:00,NSE:PERSISTENT,1589.8,1589.8,1581.65,1583.05,4319.0
2021-01-19 10:30:00,NSE:PERSISTENT,1583.05,1587.7,1582.0,1587.7,1604.0
2021-01-19 11:00:00,NSE:PERSISTENT,1587.45,1587.7,1571.05,1579.05,3193.0
2021-01-19 11:30:00,NSE:PERSISTENT,1579.05,1582.0,1567.6,1568.25,10443.0
2021-01-19 12:00:00,NSE:PERSISTENT,1568.65,1569.95,1555.45,1564.65,13462.0
2021-01-19 12:30:00,NSE:PERSISTENT,1562.4,1570.85,1560.85,1565.0,3266.0
2021-01-19 13:00:00,NSE:PERSISTENT,1566.55,1573.85,1565.6,1573.85,4015.0
2021-01-19 13:30:00,NSE:PERSISTENT,1573.05,1583.4,1573.0,1582.3,3265.0
2021-01-19 14:00:00,NSE:PERSISTENT,1582.25,1587.3,1580.0,1583.5,8679.0
2021-01-19 14:30:00,NSE:PERSISTENT,1583.0,1586.75,1581.8,1585.4,5775.0
2021-01-19 15:00:00,NSE:PERSISTENT,1584.05,1587.3,1568.7,1580.55,20169.0
2021-01-19 15:30:00,NSE:PERSISTENT,1580.55,1580.55,1578.25,1578.25,264.0
2021-01-20 09:00:00,NSE:PERSISTENT,1593.5,1622.0,1583.55,1598.95,10343.0
2021-01-20 09:30:00,NSE:PERSISTENT,1599.0,1600.0,1581.95,1591.75,7009.0
2021-01-20 10:00:00,NSE:PERSISTENT,1591.75,1595.8,1590.3,1592.0,7393.0
2021-01-20 10:30:00,NSE:PERSISTENT,1592.05,1597.95,1591.75,1595.6,10897.0
2021-01-20 11:00:00,NSE:PERSISTENT,1595.6,1615.85,1590.3,1611.8,11572.0
2021-01-20 11:30:00,NSE:PERSISTENT,1611.75,1628.0,1607.05,1627.4,18257.0
2021-01-20 12:00:00,NSE:PERSISTENT,1626.25,1658.0,1622.5,1634.2,25055.0
2021-01-20 12:30:00,NSE:PERSISTENT,1634.05,1640.0,1625.0,1633.4,14303.0
2021-01-20 13:00:00,NSE:PERSISTENT,1633.45,1634.45,1625.0,1625.25,4469.0
2021-01-20 13:30:00,NSE:PERSISTENT,1625.25,1632.9,1625.0,1627.25,5411.0
2021-01-20 14:00:00,NSE:PERSISTENT,1627.25,1634.65,1625.0,1632.0,6277.0
2021-01-20 14:30:00,NSE:PERSISTENT,1632.0,1640.6,1627.1,1630.3,14581.0
2021-01-20 15:00:00,NSE:PERSISTENT,1631.1,1640.0,1625.0,1633.0,17297.0
2021-01-20 15:30:00,NSE:PERSISTENT,1633.5,1633.5,1633.5,1633.5,12.0
2021-01-21 09:00:00,NSE:PERSISTENT,1640.9,1649.7,1625.0,1634.65,4987.0
2021-01-21 09:30:00,NSE:PERSISTENT,1632.35,1640.0,1632.1,1639.35,4257.0
2021-01-21 10:00:00,NSE:PERSISTENT,1639.1,1639.85,1635.0,1635.0,2127.0
2021-01-21 10:30:00,NSE:PERSISTENT,1636.1,1640.0,1635.0,1638.85,44443.0
2021-01-21 11:00:00,NSE:PERSISTENT,1638.85,1643.0,1636.3,1638.5,1577.0
2021-01-21 11:30:00,NSE:PERSISTENT,1639.65,1640.0,1636.3,1637.0,874.0
2021-01-21 12:00:00,NSE:PERSISTENT,1636.65,1639.75,1625.0,1630.15,5389.0
2021-01-21 12:30:00,NSE:PERSISTENT,1631.7,1635.0,1625.15,1628.1,2774.0
2021-01-21 13:00:00,NSE:PERSISTENT,1629.9,1633.2,1618.75,1620.0,3407.0
2021-01-21 13:30:00,NSE:PERSISTENT,1620.0,1620.4,1601.0,1609.0,6237.0
2021-01-21 14:00:00,NSE:PERSISTENT,1608.05,1609.0,1572.0,1587.55,15982.0
2021-01-21 14:30:00,NSE:PERSISTENT,1590.0,1602.6,1582.25,1598.9,16254.0
2021-01-21 15:00:00,NSE:PERSISTENT,1598.1,1608.4,1591.1,1600.0,11665.0
2021-01-21 15:30:00,NSE:PERSISTENT,1598.15,1598.15,1598.15,1598.15,5.0
2021-01-22 09:00:00,NSE:PERSISTENT,1586.5,1596.95,1571.2,1572.85,8431.0
2021-01-22 09:30:00,NSE:PERSISTENT,1572.85,1588.4,1565.0,1580.05,7608.0
2021-01-22 10:00:00,NSE:PERSISTENT,1580.0,1584.9,1580.0,1580.8,12148.0
2021-01-22 10:30:00,NSE:PERSISTENT,1580.8,1581.05,1580.65,1580.8,3124.0
2021-01-22 11:00:00,NSE:PERSISTENT,1580.8,1583.0,1503.75,1531.0,28932.0
2021-01-22 11:30:00,NSE:PERSISTENT,1530.0,1548.7,1528.45,1547.35,15645.0
2021-01-22 12:00:00,NSE:PERSISTENT,1546.85,1553.7,1544.05,1550.0,13512.0
2021-01-22 12:30:00,NSE:PERSISTENT,1549.0,1550.0,1543.0,1545.0,10950.0
2021-01-22 13:00:00,NSE:PERSISTENT,1544.05,1548.25,1543.35,1545.8,8784.0
2021-01-22 13:30:00,NSE:PERSISTENT,1545.8,1549.95,1544.55,1545.05,6356.0
2021-01-22 14:00:00,NSE:PERSISTENT,1545.0,1563.0,1545.0,1547.0,6461.0
2021-01-22 14:30:00,NSE:PERSISTENT,1547.9,1557.95,1546.15,1546.95,6614.0
2021-01-22 15:00:00,NSE:PERSISTENT,1548.0,1552.2,1540.0,1548.0,18499.0
2021-01-25 09:00:00,NSE:PERSISTENT,1565.0,1574.85,1524.1,1535.9,3811.0
2021-01-25 09:30:00,NSE:PERSISTENT,1535.3,1547.0,1491.0,1531.2,12573.0
2021-01-25 10:00:00,NSE:PERSISTENT,1531.8,1570.0,1531.8,1558.0,10210.0
2021-01-25 10:30:00,NSE:PERSISTENT,1558.4,1570.0,1558.4,1570.0,4433.0
2021-01-25 11:00:00,NSE:PERSISTENT,1570.0,1585.0,1567.0,1574.65,9465.0
2021-01-25 11:30:00,NSE:PERSISTENT,1576.3,1585.0,1575.15,1575.6,4210.0
2021-01-25 12:00:00,NSE:PERSISTENT,1577.0,1581.0,1575.5,1577.15,2085.0
2021-01-25 12:30:00,NSE:PERSISTENT,1577.15,1580.5,1570.1,1570.1,5345.0
2021-01-25 13:00:00,NSE:PERSISTENT,1570.1,1572.45,1557.0,1569.75,5177.0
2021-01-25 13:30:00,NSE:PERSISTENT,1568.3,1570.0,1550.2,1550.2,5792.0
2021-01-25 14:00:00,NSE:PERSISTENT,1550.4,1565.4,1543.4,1552.85,4974.0
2021-01-25 14:30:00,NSE:PERSISTENT,1550.0,1551.4,1545.0,1550.0,3612.0
2021-01-25 15:00:00,NSE:PERSISTENT,1548.75,1550.0,1527.0,1530.0,8384.0
2021-01-25 15:30:00,NSE:PERSISTENT,1531.95,1539.0,1531.95,1539.0,11.0
2021-01-27 09:00:00,NSE:PERSISTENT,1530.0,1530.0,1506.05,1522.0,4865.0
2021-01-27 09:30:00,NSE:PERSISTENT,1522.0,1530.3,1520.1,1529.6,5803.0
2021-01-27 10:00:00,NSE:PERSISTENT,1528.9,1530.0,1523.7,1526.95,4476.0
2021-01-27 10:30:00,NSE:PERSISTENT,1526.45,1529.95,1524.85,1528.25,3034.0
2021-01-27 11:00:00,NSE:PERSISTENT,1528.3,1536.1,1525.0,1529.0,18973.0
2021-01-27 11:30:00,NSE:PERSISTENT,1530.65,1532.85,1520.5,1523.85,9706.0
2021-01-27 12:00:00,NSE:PERSISTENT,1523.95,1526.6,1520.05,1523.45,1228.0
2021-01-27 12:30:00,NSE:PERSISTENT,1523.45,1523.5,1515.3,1519.1,1878.0
2021-01-27 13:00:00,NSE:PERSISTENT,1519.2,1525.0,1515.85,1522.05,2078.0
2021-01-27 13:30:00,NSE:PERSISTENT,1521.4,1521.85,1515.7,1517.5,2126.0
2021-01-27 14:00:00,NSE:PERSISTENT,1516.75,1521.0,1514.4,1518.0,2345.0
2021-01-27 14:30:00,NSE:PERSISTENT,1517.8,1523.1,1515.05,1518.0,20751.0
2021-01-27 15:00:00,NSE:PERSISTENT,1517.85,1520.5,1506.85,1516.0,35865.0
2021-01-27 15:30:00,NSE:PERSISTENT,1513.85,1513.85,1513.85,1513.85,16.0
2021-01-28 09:00:00,NSE:PERSISTENT,1510.0,1510.0,1488.15,1503.95,2669.0
2021-01-28 09:30:00,NSE:PERSISTENT,1505.0,1510.0,1497.25,1501.1,2595.0
2021-01-28 10:00:00,NSE:PERSISTENT,1501.15,1515.0,1501.1,1504.6,8168.0
2021-01-28 10:30:00,NSE:PERSISTENT,1506.4,1507.6,1501.2,1502.0,4784.0
2021-01-28 11:00:00,NSE:PERSISTENT,1503.0,1507.05,1499.0,1499.0,17445.0
2021-01-28 11:30:00,NSE:PERSISTENT,1500.0,1500.8,1499.0,1500.0,11882.0
2021-01-28 12:00:00,NSE:PERSISTENT,1499.95,1500.95,1497.9,1500.0,3833.0
2021-01-28 12:30:00,NSE:PERSISTENT,1500.0,1500.0,1497.0,1499.75,3749.0
2021-01-28 13:00:00,NSE:PERSISTENT,1499.95,1500.45,1496.8,1500.0,4421.0
2021-01-28 13:30:00,NSE:PERSISTENT,1500.0,1500.9,1498.35,1500.0,2793.0
2021-01-28 14:00:00,NSE:PERSISTENT,1500.0,1500.5,1496.25,1496.35,4359.0
2021-01-28 14:30:00,NSE:PERSISTENT,1496.25,1497.9,1487.45,1489.25,13951.0
2021-01-28 15:00:00,NSE:PERSISTENT,1489.3,1503.0,1489.3,1502.95,6435.0
2021-01-28 15:30:00,NSE:PERSISTENT,1499.25,1502.95,1499.25,1502.95,6.0
2021-01-29 09:00:00,NSE:PERSISTENT,1558.0,1558.0,1521.15,1533.1,30267.0
2021-01-29 09:30:00,NSE:PERSISTENT,1531.0,1543.55,1529.5,1530.75,86401.0
2021-01-29 10:00:00,NSE:PERSISTENT,1532.8,1534.95,1520.05,1522.2,10187.0
2021-01-29 10:30:00,NSE:PERSISTENT,1521.45,1526.65,1488.8,1490.9,25479.0
2021-01-29 11:00:00,NSE:PERSISTENT,1492.5,1516.15,1482.25,1508.3,7211.0
2021-01-29 11:30:00,NSE:PERSISTENT,1508.0,1511.95,1505.05,1505.6,35961.0
2021-01-29 12:00:00,NSE:PERSISTENT,1505.2,1519.0,1505.0,1509.25,19025.0
2021-01-29 12:30:00,NSE:PERSISTENT,1510.0,1521.1,1508.0,1519.45,4952.0
2021-01-29 13:00:00,NSE:PERSISTENT,1519.9,1520.75,1512.25,1516.6,12029.0
2021-01-29 13:30:00,NSE:PERSISTENT,1516.25,1518.25,1513.6,1516.85,9769.0
2021-01-29 14:00:00,NSE:PERSISTENT,1517.25,1520.15,1513.9,1516.05,17462.0
2021-01-29 14:30:00,NSE:PERSISTENT,1518.25,1539.6,1516.0,1524.3,28022.0
2021-01-29 15:00:00,NSE:PERSISTENT,1522.15,1539.9,1515.0,1530.0,31140.0
2021-01-29 15:30:00,NSE:PERSISTENT,1524.25,1530.0,1524.25,1524.25,33.0
2021-02-01 09:00:00,NSE:PERSISTENT,1532.05,1565.0,1505.95,1518.6,7399.0
2021-02-01 09:30:00,NSE:PERSISTENT,1518.6,1523.0,1508.7,1521.7,13648.0
2021-02-01 10:00:00,NSE:PERSISTENT,1521.7,1523.4,1515.15,1521.8,3130.0
2021-02-01 10:30:00,NSE:PERSISTENT,1521.8,1531.85,1520.0,1520.0,6838.0
2021-02-01 11:00:00,NSE:PERSISTENT,1520.0,1527.85,1519.5,1520.75,3586.0
2021-02-01 11:30:00,NSE:PERSISTENT,1522.1,1522.75,1520.0,1521.7,8422.0
2021-02-01 12:00:00,NSE:PERSISTENT,1520.2,1524.95,1519.95,1521.55,6244.0
2021-02-01 12:30:00,NSE:PERSISTENT,1520.25,1524.95,1519.8,1521.3,3422.0
2021-02-01 13:00:00,NSE:PERSISTENT,1521.25,1534.95,1520.05,1534.6,6315.0
2021-02-01 13:30:00,NSE:PERSISTENT,1534.65,1544.9,1526.45,1537.85,6847.0
2021-02-01 14:00:00,NSE:PERSISTENT,1537.2,1544.5,1527.95,1539.0,4541.0
2021-02-01 14:30:00,NSE:PERSISTENT,1539.95,1549.95,1533.45,1544.3,6474.0
2021-02-01 15:00:00,NSE:PERSISTENT,1544.8,1554.3,1540.0,1544.0,7924.0
2021-02-01 15:30:00,NSE:PERSISTENT,1542.55,1546.65,1542.55,1546.65,118.0
2021-02-02 09:00:00,NSE:PERSISTENT,1564.4,1587.5,1564.05,1582.4,9799.0
2021-02-02 09:30:00,NSE:PERSISTENT,1584.95,1585.0,1570.15,1584.05,6297.0
2021-02-02 10:00:00,NSE:PERSISTENT,1585.0,1601.0,1581.1,1599.2,13036.0
2021-02-02 10:30:00,NSE:PERSISTENT,1600.0,1601.6,1578.15,1588.95,12922.0
2021-02-02 11:00:00,NSE:PERSISTENT,1588.6,1598.0,1584.75,1593.85,4513.0
2021-02-02 11:30:00,NSE:PERSISTENT,1594.3,1598.5,1591.2,1594.85,5763.0
2021-02-02 12:00:00,NSE:PERSISTENT,1595.0,1595.0,1590.0,1594.85,4873.0
2021-02-02 12:30:00,NSE:PERSISTENT,1594.85,1596.3,1590.05,1594.95,5257.0
2021-02-02 13:00:00,NSE:PERSISTENT,1593.9,1594.95,1585.5,1588.6,5188.0
2021-02-02 13:30:00,NSE:PERSISTENT,1588.05,1590.0,1581.4,1587.15,6947.0
2021-02-02 14:00:00,NSE:PERSISTENT,1588.75,1589.8,1580.7,1581.5,7236.0
2021-02-02 14:30:00,NSE:PERSISTENT,1581.4,1583.25,1563.25,1572.0,8884.0
2021-02-02 15:00:00,NSE:PERSISTENT,1572.95,1577.0,1565.85,1570.0,11821.0
2021-02-02 15:30:00,NSE:PERSISTENT,1572.05,1572.05,1572.05,1572.05,50.0
2021-02-03 09:00:00,NSE:PERSISTENT,1579.95,1586.0,1537.8,1569.15,7514.0
2021-02-03 09:30:00,NSE:PERSISTENT,1569.75,1595.65,1566.1,1589.3,6527.0
2021-02-03 10:00:00,NSE:PERSISTENT,1589.55,1597.35,1585.0,1592.75,4348.0
2021-02-03 10:30:00,NSE:PERSISTENT,1590.6,1598.0,1589.6,1593.2,5598.0
2021-02-03 11:00:00,NSE:PERSISTENT,1593.15,1597.4,1590.0,1591.1,2883.0
2021-02-03 11:30:00,NSE:PERSISTENT,1593.0,1594.35,1581.65,1590.0,90852.0
2021-02-03 12:00:00,NSE:PERSISTENT,1590.0,1591.95,1586.95,1588.0,18317.0
2021-02-03 12:30:00,NSE:PERSISTENT,1589.65,1592.95,1582.1,1582.15,4611.0
2021-02-03 13:00:00,NSE:PERSISTENT,1583.55,1589.7,1582.05,1589.4,2099.0
2021-02-03 13:30:00,NSE:PERSISTENT,1589.4,1593.95,1587.15,1591.6,4289.0
2021-02-03 14:00:00,NSE:PERSISTENT,1591.0,1592.95,1580.0,1586.0,3884.0
2021-02-03 14:30:00,NSE:PERSISTENT,1584.55,1593.0,1580.85,1591.0,5536.0
2021-02-03 15:00:00,NSE:PERSISTENT,1591.25,1709.25,1590.3,1660.1,100232.0
2021-02-03 15:30:00,NSE:PERSISTENT,1657.45,1657.45,1657.45,1657.45,100.0
2021-02-04 09:00:00,NSE:PERSISTENT,1674.9,1674.9,1630.05,1641.0,8300.0
2021-02-04 09:30:00,NSE:PERSISTENT,1641.0,1650.0,1634.0,1648.45,34152.0
2021-02-04 10:00:00,NSE:PERSISTENT,1648.8,1739.0,1647.0,1686.55,65593.0
2021-02-04 10:30:00,NSE:PERSISTENT,1686.4,1700.0,1675.65,1696.15,30512.0
2021-02-04 11:00:00,NSE:PERSISTENT,1697.55,1700.0,1695.0,1696.0,16682.0
2021-02-04 11:30:00,NSE:PERSISTENT,1697.0,1698.0,1690.95,1696.6,3225.0
2021-02-04 12:00:00,NSE:PERSISTENT,1696.95,1699.05,1694.05,1697.8,102058.0
2021-02-04 12:30:00,NSE:PERSISTENT,1697.8,1716.5,1697.8,1701.55,29645.0
2021-02-04 13:00:00,NSE:PERSISTENT,1702.0,1703.8,1695.0,1696.0,17058.0
2021-02-04 13:30:00,NSE:PERSISTENT,1697.55,1703.35,1695.0,1699.95,36356.0
2021-02-04 14:00:00,NSE:PERSISTENT,1699.9,1699.95,1695.0,1696.0,5374.0
2021-02-04 14:30:00,NSE:PERSISTENT,1696.0,1700.0,1694.9,1696.95,6836.0
2021-02-04 15:00:00,NSE:PERSISTENT,1695.15,1700.0,1679.4,1695.1,144068.0
2021-02-04 15:30:00,NSE:PERSISTENT,1694.1,1694.1,1694.1,1694.1,10.0
2021-02-05 09:00:00,NSE:PERSISTENT,1695.0,1695.0,1660.0,1679.8,7659.0
2021-02-05 09:30:00,NSE:PERSISTENT,1680.9,1690.0,1672.2,1685.95,6453.0
2021-02-05 10:00:00,NSE:PERSISTENT,1685.95,1690.0,1681.25,1687.15,47814.0
2021-02-05 10:30:00,NSE:PERSISTENT,1686.2,1694.0,1685.0,1693.8,3568.0
2021-02-05 11:00:00,NSE:PERSISTENT,1692.05,1693.9,1685.25,1687.95,2999.0
2021-02-05 11:30:00,NSE:PERSISTENT,1687.9,1695.0,1687.45,1694.0,22414.0
2021-02-05 12:00:00,NSE:PERSISTENT,1694.7,1695.0,1690.0,1690.75,2475.0
2021-02-05 12:30:00,NSE:PERSISTENT,1692.1,1695.0,1690.0,1691.2,1938.0
2021-02-05 13:00:00,NSE:PERSISTENT,1690.55,1692.85,1689.95,1692.15,5501.0
2021-02-05 13:30:00,NSE:PERSISTENT,1693.0,1710.0,1691.2,1698.95,12133.0
2021-02-05 14:00:00,NSE:PERSISTENT,1699.25,1702.4,1694.95,1699.85,8897.0
2021-02-05 14:30:00,NSE:PERSISTENT,1697.7,1725.0,1697.15,1704.25,50642.0
2021-02-05 15:00:00,NSE:PERSISTENT,1704.4,1704.9,1698.0,1701.0,17226.0
2021-02-05 15:30:00,NSE:PERSISTENT,1700.0,1700.5,1700.0,1700.5,144.0
2021-02-08 09:00:00,NSE:PERSISTENT,1714.0,1739.0,1701.2,1709.0,10620.0
2021-02-08 09:30:00,NSE:PERSISTENT,1709.75,1775.0,1709.75,1769.2,32908.0
2021-02-08 10:00:00,NSE:PERSISTENT,1769.45,1779.0,1759.1,1768.0,26735.0
2021-02-08 10:30:00,NSE:PERSISTENT,1768.9,1770.0,1755.0,1760.0,5718.0
2021-02-08 11:00:00,NSE:PERSISTENT,1759.95,1779.0,1756.05,1774.25,14646.0
2021-02-08 11:30:00,NSE:PERSISTENT,1774.75,1775.0,1761.7,1766.45,47069.0
2021-02-08 12:00:00,NSE:PERSISTENT,1763.35,1764.0,1755.7,1762.0,3399.0
2021-02-08 12:30:00,NSE:PERSISTENT,1761.95,1769.9,1757.95,1759.95,2684.0
2021-02-08 13:00:00,NSE:PERSISTENT,1760.3,1767.0,1758.0,1758.0,4359.0
2021-02-08 13:30:00,NSE:PERSISTENT,1758.0,1767.95,1755.2,1761.1,4327.0
2021-02-08 14:00:00,NSE:PERSISTENT,1761.9,1761.9,1745.0,1748.5,8735.0
2021-02-08 14:30:00,NSE:PERSISTENT,1748.65,1777.55,1748.05,1772.65,16026.0
2021-02-08 15:00:00,NSE:PERSISTENT,1772.7,1780.0,1766.0,1779.9,15805.0
2021-02-08 15:30:00,NSE:PERSISTENT,1774.75,1774.75,1774.75,1774.75,59.0
2021-02-09 09:00:00,NSE:PERSISTENT,1779.7,1799.0,1779.7,1797.75,11143.0
2021-02-09 09:30:00,NSE:PERSISTENT,1796.7,1797.95,1779.35,1793.35,7784.0
2021-02-09 10:00:00,NSE:PERSISTENT,1793.0,1796.95,1785.65,1791.45,6826.0
2021-02-09 10:30:00,NSE:PERSISTENT,1790.7,1795.65,1781.25,1784.9,3340.0
2021-02-09 11:00:00,NSE:PERSISTENT,1786.15,1789.05,1744.0,1751.25,14501.0
2021-02-09 11:30:00,NSE:PERSISTENT,1751.2,1751.3,1726.0,1726.35,10808.0
2021-02-09 12:00:00,NSE:PERSISTENT,1726.0,1731.75,1705.0,1727.7,11831.0
2021-02-09 12:30:00,NSE:PERSISTENT,1727.4,1729.95,1721.0,1728.5,3077.0
2021-02-09 13:00:00,NSE:PERSISTENT,1729.0,1744.95,1725.9,1734.55,10146.0
2021-02-09 13:30:00,NSE:PERSISTENT,1734.65,1734.65,1721.0,1727.6,5024.0
2021-02-09 14:00:00,NSE:PERSISTENT,1727.85,1728.65,1721.1,1724.55,3618.0
2021-02-09 14:30:00,NSE:PERSISTENT,1724.35,1729.0,1704.0,1718.4,8275.0
2021-02-09 15:00:00,NSE:PERSISTENT,1719.1,1721.25,1691.0,1712.5,16754.0
2021-02-09 15:30:00,NSE:PERSISTENT,1707.8,1712.5,1707.8,1707.8,30.0
2021-02-10 09:00:00,NSE:PERSISTENT,1722.6,1739.9,1710.0,1717.1,6060.0
2021-02-10 09:30:00,NSE:PERSISTENT,1715.3,1751.95,1715.3,1738.15,10973.0
2021-02-10 10:00:00,NSE:PERSISTENT,1736.0,1743.45,1726.05,1733.35,3705.0
2021-02-10 10:30:00,NSE:PERSISTENT,1734.75,1751.0,1719.9,1741.2,11505.0
2021-02-10 11:00:00,NSE:PERSISTENT,1741.2,1759.75,1732.95,1750.0,6578.0
2021-02-10 11:30:00,NSE:PERSISTENT,1753.45,1756.7,1747.0,1753.75,3608.0
2021-02-10 12:00:00,NSE:PERSISTENT,1754.8,1757.0,1742.0,1746.1,2645.0
2021-02-10 12:30:00,NSE:PERSISTENT,1746.1,1749.0,1736.45,1744.5,3802.0
2021-02-10 13:00:00,NSE:PERSISTENT,1744.2,1746.25,1738.0,1745.95,3026.0
2021-02-10 13:30:00,NSE:PERSISTENT,1744.9,1746.0,1739.0,1745.95,3241.0
2021-02-10 14:00:00,NSE:PERSISTENT,1746.0,1757.0,1744.0,1752.5,7114.0
2021-02-10 14:30:00,NSE:PERSISTENT,1755.0,1757.7,1744.1,1757.7,4581.0
2021-02-10 15:00:00,NSE:PERSISTENT,1756.3,1778.0,1755.9,1774.95,30291.0
2021-02-10 15:30:00,NSE:PERSISTENT,1772.55,1774.95,1772.55,1774.95,20.0
2021-02-11 09:00:00,NSE:PERSISTENT,1772.55,1789.25,1751.1,1760.95,5261.0
2021-02-11 09:30:00,NSE:PERSISTENT,1758.0,1771.85,1752.0,1768.95,6581.0
2021-02-11 10:00:00,NSE:PERSISTENT,1770.65,1784.95,1755.05,1773.8,8113.0
2021-02-11 10:30:00,NSE:PERSISTENT,1772.0,1780.0,1765.0,1769.05,4756.0
2021-02-11 11:00:00,NSE:PERSISTENT,1770.0,1779.4,1769.0,1772.2,2322.0
2021-02-11 11:30:00,NSE:PERSISTENT,1774.65,1780.0,1769.0,1777.05,1999.0
2021-02-11 12:00:00,NSE:PERSISTENT,1777.0,1819.95,1770.0,1809.1,16324.0
2021-02-11 12:30:00,NSE:PERSISTENT,1811.0,1850.0,1760.0,1777.55,144073.0
2021-02-11 13:00:00,NSE:PERSISTENT,1778.0,1786.6,1755.65,1779.85,22509.0
2021-02-11 13:30:00,NSE:PERSISTENT,1779.9,1817.95,1778.35,1807.75,24106.0
2021-02-11 14:00:00,NSE:PERSISTENT,1805.95,1807.75,1781.0,1788.2,12427.0
2021-02-11 14:30:00,NSE:PERSISTENT,1788.45,1792.3,1781.0,1785.4,7379.0
2021-02-11 15:00:00,NSE:PERSISTENT,1786.4,1790.0,1735.5,1746.0,24917.0
2021-02-11 15:30:00,NSE:PERSISTENT,1747.0,1761.55,1747.0,1761.55,150.0
2021-02-12 09:00:00,NSE:PERSISTENT,1773.0,1801.5,1766.05,1779.25,10156.0
2021-02-12 09:30:00,NSE:PERSISTENT,1779.0,1789.75,1772.9,1789.0,5738.0
2021-02-12 10:00:00,NSE:PERSISTENT,1787.15,1795.0,1782.35,1793.5,5666.0
2021-02-12 10:30:00,NSE:PERSISTENT,1793.4,1793.85,1783.0,1790.0,3670.0
2021-02-12 11:00:00,NSE:PERSISTENT,1786.75,1798.35,1786.25,1793.45,4224.0
2021-02-12 11:30:00,NSE:PERSISTENT,1795.3,1797.0,1791.2,1796.5,1883.0
2021-02-12 12:00:00,NSE:PERSISTENT,1796.5,1797.0,1791.05,1796.95,2399.0
2021-02-12 12:30:00,NSE:PERSISTENT,1796.8,1798.0,1795.6,1798.0,2485.0
2021-02-12 13:00:00,NSE:PERSISTENT,1798.0,1798.0,1776.6,1784.95,5783.0
2021-02-12 13:30:00,NSE:PERSISTENT,1785.0,1794.0,1781.3,1781.3,6287.0
2021-02-12 14:00:00,NSE:PERSISTENT,1777.15,1792.95,1766.85,1788.45,7430.0
2021-02-12 14:30:00,NSE:PERSISTENT,1788.45,1797.7,1785.0,1791.35,5053.0
2021-02-12 15:00:00,NSE:PERSISTENT,1788.95,1795.0,1788.95,1795.0,11448.0
2021-02-12 15:30:00,NSE:PERSISTENT,1794.65,1794.65,1794.65,1794.65,11.0
2021-02-15 09:00:00,NSE:PERSISTENT,1804.0,1820.6,1801.1,1814.0,5056.0
2021-02-15 09:30:00,NSE:PERSISTENT,1814.95,1820.0,1806.95,1806.95,6321.0
2021-02-15 10:00:00,NSE:PERSISTENT,1806.45,1807.6,1795.2,1800.0,6558.0
2021-02-15 10:30:00,NSE:PERSISTENT,1799.0,1800.9,1792.0,1793.25,5486.0
2021-02-15 11:00:00,NSE:PERSISTENT,1794.85,1795.9,1792.0,1794.0,3282.0
2021-02-15 11:30:00,NSE:PERSISTENT,1794.95,1794.95,1785.05,1794.5,4073.0
2021-02-15 12:00:00,NSE:PERSISTENT,1794.5,1795.1,1792.45,1794.25,1999.0
2021-02-15 12:30:00,NSE:PERSISTENT,1794.25,1796.3,1790.95,1795.0,3163.0
2021-02-15 13:00:00,NSE:PERSISTENT,1794.95,1795.25,1792.65,1795.0,1518.0
2021-02-15 13:30:00,NSE:PERSISTENT,1795.0,1804.8,1793.05,1798.15,9053.0
2021-02-15 14:00:00,NSE:PERSISTENT,1798.0,1798.7,1784.3,1794.95,3916.0
2021-02-15 14:30:00,NSE:PERSISTENT,1794.95,1799.0,1790.2,1794.9,4097.0
2021-02-15 15:00:00,NSE:PERSISTENT,1794.4,1795.15,1780.0,1786.0,6503.0
2021-02-15 15:30:00,NSE:PERSISTENT,1787.55,1787.55,1787.55,1787.55,68.0
2021-02-16 09:00:00,NSE:PERSISTENT,1790.0,1797.85,1767.5,1771.75,4482.0
2021-02-16 09:30:00,NSE:PERSISTENT,1773.3,1780.4,1768.0,1772.55,2842.0
2021-02-16 10:00:00,NSE:PERSISTENT,1772.55,1779.1,1767.15,1769.9,3077.0
2021-02-16 10:30:00,NSE:PERSISTENT,1769.95,1772.9,1763.1,1769.85,2109.0
2021-02-16 11:00:00,NSE:PERSISTENT,1769.9,1769.95,1745.1,1750.0,7542.0
2021-02-16 11:30:00,NSE:PERSISTENT,1750.0,1755.55,1741.35,1746.95,3386.0
2021-02-16 12:00:00,NSE:PERSISTENT,1749.8,1756.15,1747.1,1749.9,1788.0
2021-02-16 12:30:00,NSE:PERSISTENT,1750.0,1750.0,1742.0,1742.0,2056.0
2021-02-16 13:00:00,NSE:PERSISTENT,1742.0,1743.0,1731.05,1739.7,2387.0
2021-02-16 13:30:00,NSE:PERSISTENT,1739.9,1741.15,1735.0,1738.1,3039.0
2021-02-16 14:00:00,NSE:PERSISTENT,1738.7,1740.15,1736.25,1736.9,2669.0
2021-02-16 14:30:00,NSE:PERSISTENT,1739.15,1744.05,1735.05,1739.15,7880.0
2021-02-16 15:00:00,NSE:PERSISTENT,1739.3,1740.05,1735.15,1740.0,6293.0
2021-02-16 15:30:00,NSE:PERSISTENT,1740.0,1740.0,1738.9,1738.9,4.0
2021-02-17 09:00:00,NSE:PERSISTENT,1744.4,1756.9,1723.05,1725.2,4308.0
2021-02-17 09:30:00,NSE:PERSISTENT,1725.0,1730.0,1705.25,1708.4,4561.0
2021-02-17 10:00:00,NSE:PERSISTENT,1709.8,1717.65,1706.0,1710.15,5195.0
2021-02-17 10:30:00,NSE:PERSISTENT,1710.15,1716.5,1710.05,1710.1,5821.0
2021-02-17 11:00:00,NSE:PERSISTENT,1710.1,1713.75,1709.95,1710.0,7932.0
2021-02-17 11:30:00,NSE:PERSISTENT,1710.0,1711.8,1695.0,1707.7,7145.0
2021-02-17 12:00:00,NSE:PERSISTENT,1708.95,1710.0,1702.15,1707.8,2250.0
2021-02-17 12:30:00,NSE:PERSISTENT,1707.9,1710.0,1704.55,1707.2,4390.0
2021-02-17 13:00:00,NSE:PERSISTENT,1707.6,1710.0,1701.0,1702.15,2864.0
2021-02-17 13:30:00,NSE:PERSISTENT,1702.15,1710.0,1700.05,1706.8,3467.0
2021-02-17 14:00:00,NSE:PERSISTENT,1708.5,1713.0,1700.0,1700.25,9157.0
2021-02-17 14:30:00,NSE:PERSISTENT,1702.0,1709.95,1700.05,1708.95,4400.0
2021-02-17 15:00:00,NSE:PERSISTENT,1709.45,1716.5,1696.45,1710.0,32081.0
2021-02-18 09:00:00,NSE:PERSISTENT,1713.0,1723.85,1712.1,1722.05,3330.0
2021-02-18 09:30:00,NSE:PERSISTENT,1723.0,1737.35,1720.0,1722.7,12895.0
2021-02-18 10:00:00,NSE:PERSISTENT,1724.8,1725.7,1701.0,1702.75,13694.0
2021-02-18 10:30:00,NSE:PERSISTENT,1702.8,1711.9,1701.0,1705.3,9487.0
2021-02-18 11:00:00,NSE:PERSISTENT,1703.0,1706.55,1701.0,1704.05,7068.0
2021-02-18 11:30:00,NSE:PERSISTENT,1705.0,1707.15,1701.0,1703.2,5186.0
2021-02-18 12:00:00,NSE:PERSISTENT,1703.95,1706.75,1701.15,1702.9,3184.0
2021-02-18 12:30:00,NSE:PERSISTENT,1704.45,1705.05,1702.1,1704.45,2480.0
2021-02-18 13:00:00,NSE:PERSISTENT,1703.05,1706.6,1702.0,1704.1,6007.0
2021-02-18 13:30:00,NSE:PERSISTENT,1705.0,1705.0,1693.0,1693.0,16282.0
2021-02-18 14:00:00,NSE:PERSISTENT,1691.0,1702.4,1691.0,1698.5,9292.0
2021-02-18 14:30:00,NSE:PERSISTENT,1699.55,1701.7,1696.35,1699.9,4736.0
2021-02-18 15:00:00,NSE:PERSISTENT,1699.9,1703.35,1671.45,1689.0,13060.0
2021-02-18 15:30:00,NSE:PERSISTENT,1689.25,1689.25,1689.25,1689.25,6.0
2021-02-19 09:00:00,NSE:PERSISTENT,1682.0,1689.25,1676.0,1679.8,1825.0
2021-02-19 09:30:00,NSE:PERSISTENT,1678.0,1683.95,1663.6,1682.8,79197.0
2021-02-19 10:00:00,NSE:PERSISTENT,1683.1,1690.0,1675.9,1690.0,3102.0
2021-02-19 10:30:00,NSE:PERSISTENT,1689.15,1699.45,1680.3,1686.25,4503.0
2021-02-19 11:00:00,NSE:PERSISTENT,1687.0,1688.05,1670.95,1672.8,870.0
2021-02-19 11:30:00,NSE:PERSISTENT,1677.3,1687.5,1675.0,1683.85,867.0
2021-02-19 12:00:00,NSE:PERSISTENT,1683.05,1686.0,1675.9,1678.4,863.0
2021-02-19 12:30:00,NSE:PERSISTENT,1678.4,1689.3,1675.0,1685.0,1249.0
2021-02-19 13:00:00,NSE:PERSISTENT,1685.0,1685.0,1665.0,1674.0,5825.0
2021-02-19 13:30:00,NSE:PERSISTENT,1671.6,1685.7,1661.0,1677.3,2948.0
2021-02-19 14:00:00,NSE:PERSISTENT,1679.9,1680.0,1662.3,1674.0,4062.0
2021-02-19 14:30:00,NSE:PERSISTENT,1674.0,1678.35,1669.95,1672.95,2406.0
2021-02-19 15:00:00,NSE:PERSISTENT,1674.9,1677.85,1667.75,1671.0,5664.0
2021-02-22 09:00:00,NSE:PERSISTENT,1662.0,1677.15,1650.8,1670.75,6375.0
2021-02-22 09:30:00,NSE:PERSISTENT,1672.55,1679.5,1652.85,1652.85,3856.0
2021-02-22 10:00:00,NSE:PERSISTENT,1652.8,1659.95,1631.0,1649.45,7976.0
2021-02-22 10:30:00,NSE:PERSISTENT,1648.75,1667.0,1648.75,1660.0,6237.0
2021-02-22 11:00:00,NSE:PERSISTENT,1659.85,1663.15,1643.15,1645.85,5959.0
2021-02-22 11:30:00,NSE:PERSISTENT,1645.0,1653.6,1645.0,1649.15,4582.0
2021-02-22 12:00:00,NSE:PERSISTENT,1649.0,1661.7,1647.9,1657.35,4665.0
2021-02-22 12:30:00,NSE:PERSISTENT,1657.7,1658.15,1652.25,1655.0,3436.0
2021-02-22 13:00:00,NSE:PERSISTENT,1653.8,1659.35,1652.05,1655.2,3682.0
2021-02-22 13:30:00,NSE:PERSISTENT,1655.95,1657.5,1651.15,1654.6,3527.0
2021-02-22 14:00:00,NSE:PERSISTENT,1652.15,1657.4,1641.25,1648.0,5029.0
2021-02-22 14:30:00,NSE:PERSISTENT,1648.0,1650.1,1640.0,1646.05,5283.0
2021-02-22 15:00:00,NSE:PERSISTENT,1645.0,1663.65,1643.1,1658.7,6906.0
2021-02-22 15:30:00,NSE:PERSISTENT,1653.15,1653.15,1653.15,1653.15,10.0
2021-02-23 09:00:00,NSE:PERSISTENT,1659.0,1661.9,1622.85,1645.9,6090.0
2021-02-23 09:30:00,NSE:PERSISTENT,1643.95,1712.95,1643.9,1708.0,10764.0
2021-02-23 10:00:00,NSE:PERSISTENT,1703.8,1705.65,1675.85,1686.05,5676.0
2021-02-23 10:30:00,NSE:PERSISTENT,1686.05,1693.2,1670.0,1670.0,2551.0
2021-02-23 11:00:00,NSE:PERSISTENT,1670.0,1685.2,1650.0,1655.25,4474.0
2021-02-23 11:30:00,NSE:PERSISTENT,1654.35,1658.45,1642.05,1645.0,55828.0
2021-02-23 12:00:00,NSE:PERSISTENT,1645.0,1661.35,1629.1,1655.65,22213.0
2021-02-23 12:30:00,NSE:PERSISTENT,1656.9,1657.95,1651.1,1654.0,4019.0
2021-02-23 13:00:00,NSE:PERSISTENT,1654.0,1660.0,1650.0,1658.05,4604.0
2021-02-23 13:30:00,NSE:PERSISTENT,1659.65,1660.0,1650.35,1655.0,2753.0
2021-02-23 14:00:00,NSE:PERSISTENT,1654.95,1657.15,1650.0,1655.0,4268.0
2021-02-23 14:30:00,NSE:PERSISTENT,1655.0,1670.0,1651.35,1662.1,5654.0
2021-02-23 15:00:00,NSE:PERSISTENT,1664.75,1667.95,1649.35,1651.0,10438.0
2021-02-23 15:30:00,NSE:PERSISTENT,1656.0,1656.0,1651.75,1656.0,6.0
2021-02-24 09:00:00,NSE:PERSISTENT,1675.0,1675.0,1640.0,1656.7,5717.0
2021-02-24 09:30:00,NSE:PERSISTENT,1656.3,1664.9,1651.0,1654.85,62567.0
2021-02-24 10:00:00,NSE:PERSISTENT,1655.75,1667.35,1651.35,1661.75,2807.0
2021-02-24 10:30:00,NSE:PERSISTENT,1661.6,1666.0,1651.5,1658.15,1548.0
2021-02-24 11:00:00,NSE:PERSISTENT,1659.0,1660.3,1652.3,1659.7,815.0
2021-02-24 11:30:00,NSE:PERSISTENT,1657.9,1657.9,1651.35,1651.5,908.0
2021-02-24 15:30:00,NSE:PERSISTENT,1640.0,1687.95,1631.0,1657.1,426.0
2021-02-24 16:00:00,NSE:PERSISTENT,1665.3,1679.25,1655.0,1665.3,1553.0
2021-02-24 16:30:00,NSE:PERSISTENT,1659.1,1681.0,1654.3,1669.0,2120.0
2021-02-25 09:00:00,NSE:PERSISTENT,1671.3,1674.45,1645.0,1658.0,15446.0
2021-02-25 09:30:00,NSE:PERSISTENT,1658.0,1661.0,1654.75,1655.0,22170.0
2021-02-25 10:00:00,NSE:PERSISTENT,1655.0,1657.05,1654.0,1655.05,39644.0
2021-02-25 10:30:00,NSE:PERSISTENT,1655.1,1656.95,1654.75,1655.1,21133.0
2021-02-25 11:00:00,NSE:PERSISTENT,1655.1,1655.25,1654.7,1655.05,14288.0
2021-02-25 11:30:00,NSE:PERSISTENT,1655.05,1657.9,1645.4,1653.35,12824.0
2021-02-25 12:00:00,NSE:PERSISTENT,1652.3,1656.15,1651.45,1654.95,37039.0
2021-02-25 12:30:00,NSE:PERSISTENT,1654.7,1655.0,1650.4,1654.95,10673.0
2021-02-25 13:00:00,NSE:PERSISTENT,1655.0,1655.05,1650.75,1655.0,12655.0
2021-02-25 13:30:00,NSE:PERSISTENT,1655.0,1655.05,1646.45,1654.1,14846.0
2021-02-25 14:00:00,NSE:PERSISTENT,1654.1,1655.0,1652.0,1653.9,12442.0
2021-02-25 14:30:00,NSE:PERSISTENT,1655.0,1655.0,1647.05,1654.95,14516.0
2021-02-25 15:00:00,NSE:PERSISTENT,1655.0,1657.85,1613.25,1635.75,29930.0
2021-02-25 15:30:00,NSE:PERSISTENT,1635.75,1644.1,1635.75,1644.1,15.0
2021-02-26 09:00:00,NSE:PERSISTENT,1606.0,1626.05,1595.0,1619.9,5826.0
2021-02-26 09:30:00,NSE:PERSISTENT,1619.65,1636.75,1615.95,1632.0,4001.0
2021-02-26 10:00:00,NSE:PERSISTENT,1629.55,1630.0,1622.0,1623.25,6050.0
2021-02-26 10:30:00,NSE:PERSISTENT,1623.1,1688.9,1623.1,1679.4,12133.0
2021-02-26 11:00:00,NSE:PERSISTENT,1678.9,1679.5,1626.15,1632.75,8332.0
2021-02-26 11:30:00,NSE:PERSISTENT,1632.15,1632.15,1622.0,1623.8,3298.0
2021-02-26 12:00:00,NSE:PERSISTENT,1623.6,1624.6,1613.65,1619.75,4236.0
2021-02-26 12:30:00,NSE:PERSISTENT,1619.75,1621.2,1616.85,1618.8,2569.0
2021-02-26 13:00:00,NSE:PERSISTENT,1618.85,1634.85,1616.05,1627.55,9886.0
2021-02-26 13:30:00,NSE:PERSISTENT,1627.55,1637.1,1624.95,1630.0,7106.0
2021-02-26 14:00:00,NSE:PERSISTENT,1630.05,1634.8,1625.2,1626.15,5412.0
2021-02-26 14:30:00,NSE:PERSISTENT,1626.2,1650.0,1623.05,1641.6,10205.0
2021-02-26 15:00:00,NSE:PERSISTENT,1646.5,1682.8,1630.0,1636.1,28141.0
2021-02-26 15:30:00,NSE:PERSISTENT,1635.0,1656.55,1635.0,1656.55,66.0
2021-03-01 09:00:00,NSE:PERSISTENT,1680.0,1689.9,1641.05,1650.95,6162.0
2021-03-01 09:30:00,NSE:PERSISTENT,1651.45,1665.75,1642.1,1654.85,9003.0
2021-03-01 10:00:00,NSE:PERSISTENT,1652.25,1686.95,1650.0,1684.8,15098.0
2021-03-01 10:30:00,NSE:PERSISTENT,1684.8,1686.0,1676.9,1684.9,10035.0
2021-03-01 11:00:00,NSE:PERSISTENT,1684.9,1688.9,1683.0,1687.0,6540.0
2021-03-01 11:30:00,NSE:PERSISTENT,1687.45,1699.35,1682.55,1695.6,7664.0
2021-03-01 12:00:00,NSE:PERSISTENT,1695.5,1700.0,1684.5,1692.0,8191.0
2021-03-01 12:30:00,NSE:PERSISTENT,1690.95,1703.95,1675.0,1699.9,11350.0
2021-03-01 13:00:00,NSE:PERSISTENT,1697.1,1704.35,1691.05,1696.0,9808.0
2021-03-01 13:30:00,NSE:PERSISTENT,1696.0,1700.0,1685.7,1693.45,6179.0
2021-03-01 14:00:00,NSE:PERSISTENT,1693.4,1699.75,1685.6,1697.85,16986.0
2021-03-01 14:30:00,NSE:PERSISTENT,1697.85,1701.0,1686.0,1690.0,20488.0
2021-03-01 15:00:00,NSE:PERSISTENT,1688.9,1699.3,1675.05,1692.0,25745.0
2021-03-01 15:30:00,NSE:PERSISTENT,1687.15,1687.15,1687.15,1687.15,59.0
2021-03-02 09:00:00,NSE:PERSISTENT,1699.85,1699.85,1679.8,1688.0,3741.0
2021-03-02 09:30:00,NSE:PERSISTENT,1688.0,1696.0,1672.45,1676.75,42900.0
2021-03-02 10:00:00,NSE:PERSISTENT,1675.0,1680.0,1656.35,1662.9,15199.0
2021-03-02 10:30:00,NSE:PERSISTENT,1663.4,1675.0,1660.0,1675.0,3277.0
2021-03-02 11:00:00,NSE:PERSISTENT,1678.05,1678.05,1664.0,1674.35,4359.0
2021-03-02 11:30:00,NSE:PERSISTENT,1674.15,1674.85,1660.0,1670.55,7993.0
2021-03-02 12:00:00,NSE:PERSISTENT,1668.75,1674.35,1668.05,1668.2,1868.0
2021-03-02 12:30:00,NSE:PERSISTENT,1670.7,1681.2,1667.85,1677.95,8234.0
2021-03-02 13:00:00,NSE:PERSISTENT,1677.95,1686.95,1673.0,1683.3,13838.0
2021-03-02 13:30:00,NSE:PERSISTENT,1683.65,1689.75,1682.6,1687.0,7220.0
2021-03-02 14:00:00,NSE:PERSISTENT,1686.5,1699.0,1676.05,1696.45,13997.0
2021-03-02 14:30:00,NSE:PERSISTENT,1696.45,1732.5,1683.35,1699.9,50706.0
2021-03-02 15:00:00,NSE:PERSISTENT,1699.0,1720.0,1697.0,1712.55,22208.0
2021-03-02 15:30:00,NSE:PERSISTENT,1710.0,1710.0,1708.4,1708.4,30.0
2021-03-03 09:00:00,NSE:PERSISTENT,1728.95,1728.95,1711.4,1714.15,4874.0
2021-03-03 09:30:00,NSE:PERSISTENT,1715.1,1720.4,1695.0,1704.9,43692.0
2021-03-03 10:00:00,NSE:PERSISTENT,1703.5,1705.0,1690.0,1700.0,23404.0
2021-03-03 10:30:00,NSE:PERSISTENT,1699.25,1702.45,1690.0,1700.0,9042.0
2021-03-03 11:00:00,NSE:PERSISTENT,1700.0,1709.0,1697.4,1704.1,4667.0
2021-03-03 11:30:00,NSE:PERSISTENT,1700.55,1703.9,1695.1,1700.0,3588.0
2021-03-03 12:00:00,NSE:PERSISTENT,1699.05,1701.05,1697.45,1700.0,1972.0
2021-03-03 12:30:00,NSE:PERSISTENT,1700.0,1701.5,1697.1,1700.0,2427.0
2021-03-03 13:00:00,NSE:PERSISTENT,1700.0,1702.1,1696.45,1698.45,4089.0
2021-03-03 13:30:00,NSE:PERSISTENT,1698.95,1699.55,1683.6,1690.0,3605.0
2021-03-03 14:00:00,NSE:PERSISTENT,1688.0,1695.05,1684.4,1690.0,7215.0
2021-03-03 14:30:00,NSE:PERSISTENT,1690.0,1697.95,1689.35,1694.0,27851.0
2021-03-03 15:00:00,NSE:PERSISTENT,1694.05,1698.95,1683.0,1687.0,51509.0
2021-03-03 15:30:00,NSE:PERSISTENT,1689.0,1691.55,1689.0,1691.55,208.0
2021-03-04 09:00:00,NSE:PERSISTENT,1677.9,1685.0,1661.15,1678.35,12870.0
2021-03-04 09:30:00,NSE:PERSISTENT,1678.7,1678.7,1666.2,1667.8,5019.0
2021-03-04 10:00:00,NSE:PERSISTENT,1667.65,1674.2,1666.0,1672.55,3409.0
2021-03-04 10:30:00,NSE:PERSISTENT,1672.55,1675.0,1665.3,1675.0,5691.0
2021-03-04 11:00:00,NSE:PERSISTENT,1675.0,1681.2,1673.55,1678.55,9889.0
2021-03-04 11:30:00,NSE:PERSISTENT,1678.55,1680.0,1671.95,1673.85,4782.0
2021-03-04 12:00:00,NSE:PERSISTENT,1674.05,1684.5,1673.05,1684.45,9430.0
2021-03-04 12:30:00,NSE:PERSISTENT,1683.45,1688.45,1680.0,1685.05,39983.0
2021-03-04 13:00:00,NSE:PERSISTENT,1685.1,1686.3,1683.7,1685.0,9282.0
2021-03-04 13:30:00,NSE:PERSISTENT,1685.0,1689.0,1684.35,1685.0,16070.0
2021-03-04 14:00:00,NSE:PERSISTENT,1685.0,1695.0,1683.2,1685.7,57387.0
2021-03-04 14:30:00,NSE:PERSISTENT,1685.65,1689.75,1684.85,1685.6,11875.0
2021-03-04 15:00:00,NSE:PERSISTENT,1685.1,1696.2,1684.95,1690.5,14394.0
2021-03-04 15:30:00,NSE:PERSISTENT,1690.15,1690.15,1690.15,1690.15,101.0
2021-03-05 09:00:00,NSE:PERSISTENT,1688.85,1688.85,1669.55,1680.0,15525.0
2021-03-05 09:30:00,NSE:PERSISTENT,1680.0,1685.0,1675.2,1683.65,7387.0
2021-03-05 10:00:00,NSE:PERSISTENT,1682.0,1682.0,1673.4,1680.0,8585.0
2021-03-05 10:30:00,NSE:PERSISTENT,1680.0,1684.35,1677.0,1679.7,10798.0
2021-03-05 11:00:00,NSE:PERSISTENT,1680.0,1684.5,1676.45,1681.8,10423.0
2021-03-05 11:30:00,NSE:PERSISTENT,1681.8,1684.3,1680.4,1681.9,1332.0
2021-03-05 12:00:00,NSE:PERSISTENT,1681.9,1682.8,1680.4,1682.35,776.0
2021-03-05 12:30:00,NSE:PERSISTENT,1682.35,1683.1,1680.4,1682.45,1157.0
2021-03-05 13:00:00,NSE:PERSISTENT,1682.1,1683.75,1680.6,1682.2,637.0
2021-03-05 13:30:00,NSE:PERSISTENT,1683.25,1683.45,1680.4,1681.9,4173.0
2021-03-05 14:00:00,NSE:PERSISTENT,1681.85,1684.4,1680.4,1680.75,3592.0
2021-03-05 14:30:00,NSE:PERSISTENT,1680.7,1684.0,1680.4,1683.0,1885.0
2021-03-05 15:00:00,NSE:PERSISTENT,1682.35,1685.0,1680.4,1680.4,11989.0
2021-03-05 15:30:00,NSE:PERSISTENT,1681.6,1681.6,1681.6,1681.6,3.0
2021-03-08 09:00:00,NSE:PERSISTENT,1683.0,1717.45,1681.6,1697.1,5553.0
2021-03-08 09:30:00,NSE:PERSISTENT,1698.9,1700.0,1692.55,1695.9,2919.0
2021-03-08 10:00:00,NSE:PERSISTENT,1697.05,1697.05,1680.05,1693.0,5312.0
2021-03-08 10:30:00,NSE:PERSISTENT,1694.85,1707.2,1687.95,1702.25,9125.0
2021-03-08 11:00:00,NSE:PERSISTENT,1702.05,1707.6,1696.85,1704.95,4243.0
2021-03-08 11:30:00,NSE:PERSISTENT,1705.8,1707.6,1700.05,1707.6,1649.0
2021-03-08 12:00:00,NSE:PERSISTENT,1707.6,1708.85,1700.0,1704.55,2702.0
2021-03-08 12:30:00,NSE:PERSISTENT,1704.55,1709.8,1700.65,1704.85,2281.0
2021-03-08 13:00:00,NSE:PERSISTENT,1703.4,1704.9,1700.0,1704.9,2569.0
2021-03-08 13:30:00,NSE:PERSISTENT,1705.0,1709.55,1700.9,1707.3,9916.0
2021-03-08 14:00:00,NSE:PERSISTENT,1707.3,1716.0,1702.05,1712.0,22458.0
2021-03-08 14:30:00,NSE:PERSISTENT,1711.9,1713.95,1700.0,1704.2,10655.0
2021-03-08 15:00:00,NSE:PERSISTENT,1703.4,1705.0,1700.0,1701.8,25624.0
2021-03-08 15:30:00,NSE:PERSISTENT,1700.0,1700.95,1700.0,1700.95,120.0
2021-03-09 09:00:00,NSE:PERSISTENT,1702.5,1716.0,1695.6,1705.2,2755.0
2021-03-09 09:30:00,NSE:PERSISTENT,1703.25,1711.0,1700.15,1710.0,4352.0
2021-03-09 10:00:00,NSE:PERSISTENT,1709.95,1713.45,1702.0,1706.85,3040.0
2021-03-09 10:30:00,NSE:PERSISTENT,1707.0,1707.0,1702.0,1702.15,1559.0
2021-03-09 11:00:00,NSE:PERSISTENT,1702.15,1714.95,1702.0,1714.95,2994.0
2021-03-09 11:30:00,NSE:PERSISTENT,1712.45,1715.0,1705.55,1709.75,2759.0
2021-03-09 12:00:00,NSE:PERSISTENT,1709.8,1716.0,1707.05,1710.0,3753.0
2021-03-09 12:30:00,NSE:PERSISTENT,1710.0,1714.2,1708.55,1711.0,2576.0
2021-03-09 13:00:00,NSE:PERSISTENT,1711.0,1711.85,1700.8,1704.45,3019.0
2021-03-09 13:30:00,NSE:PERSISTENT,1706.05,1707.0,1702.0,1705.95,11480.0
2021-03-09 14:00:00,NSE:PERSISTENT,1705.95,1708.95,1702.85,1707.7,3084.0
2021-03-09 14:30:00,NSE:PERSISTENT,1708.2,1710.0,1702.05,1702.6,4926.0
2021-03-09 15:00:00,NSE:PERSISTENT,1702.45,1724.0,1702.0,1720.0,16225.0
2021-03-09 15:30:00,NSE:PERSISTENT,1720.75,1720.75,1707.9,1707.9,74.0
2021-03-10 09:00:00,NSE:PERSISTENT,1726.0,1727.6,1700.35,1700.35,4616.0
2021-03-10 09:30:00,NSE:PERSISTENT,1700.35,1722.4,1697.5,1720.9,7238.0
2021-03-10 10:00:00,NSE:PERSISTENT,1722.1,1728.0,1717.1,1724.0,18844.0
2021-03-10 10:30:00,NSE:PERSISTENT,1724.0,1724.1,1712.05,1717.0,37206.0
2021-03-10 11:00:00,NSE:PERSISTENT,1717.0,1717.85,1705.0,1712.3,3713.0
2021-03-10 11:30:00,NSE:PERSISTENT,1712.25,1714.0,1703.0,1708.0,2943.0
2021-03-10 12:00:00,NSE:PERSISTENT,1708.0,1708.0,1703.05,1707.0,1746.0
2021-03-10 12:30:00,NSE:PERSISTENT,1707.0,1709.0,1705.0,1708.15,3466.0
2021-03-10 13:00:00,NSE:PERSISTENT,1708.0,1710.0,1700.0,1706.3,3841.0
2021-03-10 13:30:00,NSE:PERSISTENT,1707.0,1713.15,1702.55,1711.15,12354.0
2021-03-10 14:00:00,NSE:PERSISTENT,1713.3,1799.0,1713.15,1788.15,193304.0
2021-03-10 14:30:00,NSE:PERSISTENT,1788.25,1819.5,1783.05,1798.75,69627.0
2021-03-10 15:00:00,NSE:PERSISTENT,1796.35,1804.7,1771.0,1784.0,31043.0
2021-03-10 15:30:00,NSE:PERSISTENT,1785.0,1793.2,1785.0,1793.2,55.0
2021-03-12 09:00:00,NSE:PERSISTENT,1813.9,1830.0,1796.05,1830.0,15675.0
2021-03-12 09:30:00,NSE:PERSISTENT,1827.85,1833.95,1814.0,1828.0,28046.0
2021-03-12 10:00:00,NSE:PERSISTENT,1826.75,1844.0,1825.1,1832.7,17431.0
2021-03-12 10:30:00,NSE:PERSISTENT,1832.65,1835.0,1822.0,1828.55,8260.0
2021-03-12 11:00:00,NSE:PERSISTENT,1829.6,1834.8,1826.6,1831.95,5323.0
2021-03-12 11:30:00,NSE:PERSISTENT,1832.65,1834.1,1829.05,1832.25,4388.0
2021-03-12 12:00:00,NSE:PERSISTENT,1831.0,1840.0,1826.7,1829.1,6561.0
2021-03-12 12:30:00,NSE:PERSISTENT,1829.1,1834.1,1823.75,1824.8,8958.0
2021-03-12 13:00:00,NSE:PERSISTENT,1824.8,1829.45,1796.55,1808.35,11242.0
2021-03-12 13:30:00,NSE:PERSISTENT,1809.4,1809.4,1776.9,1799.05,11915.0
2021-03-12 14:00:00,NSE:PERSISTENT,1799.35,1799.9,1763.0,1796.3,19802.0
2021-03-12 14:30:00,NSE:PERSISTENT,1793.0,1804.0,1785.1,1786.05,6583.0
2021-03-12 15:00:00,NSE:PERSISTENT,1787.25,1796.75,1764.0,1776.9,16341.0
2021-03-12 15:30:00,NSE:PERSISTENT,1776.0,1782.65,1776.0,1782.65,5.0
2021-03-15 09:00:00,NSE:PERSISTENT,1780.0,1788.7,1745.0,1762.35,7844.0
2021-03-15 09:30:00,NSE:PERSISTENT,1761.4,1773.3,1734.05,1763.05,8438.0
2021-03-15 10:00:00,NSE:PERSISTENT,1764.95,1778.0,1750.9,1774.6,4547.0
2021-03-15 10:30:00,NSE:PERSISTENT,1777.6,1783.2,1763.6,1771.5,7300.0
2021-03-15 11:00:00,NSE:PERSISTENT,1771.8,1780.0,1753.4,1778.2,4839.0
2021-03-15 11:30:00,NSE:PERSISTENT,1778.85,1780.0,1765.7,1777.0,2682.0
2021-03-15 12:00:00,NSE:PERSISTENT,1777.8,1792.6,1774.1,1783.7,7140.0
2021-03-15 12:30:00,NSE:PERSISTENT,1784.35,1787.7,1768.85,1782.0,4715.0
2021-03-15 13:00:00,NSE:PERSISTENT,1782.0,1782.0,1772.75,1777.15,2143.0
2021-03-15 13:30:00,NSE:PERSISTENT,1777.15,1777.55,1754.6,1772.65,4196.0
2021-03-15 14:00:00,NSE:PERSISTENT,1772.65,1783.2,1768.2,1779.0,3077.0
2021-03-15 14:30:00,NSE:PERSISTENT,1779.0,1779.0,1770.6,1777.25,3077.0
2021-03-15 15:00:00,NSE:PERSISTENT,1777.7,1787.0,1755.15,1757.2,9762.0
2021-03-15 15:30:00,NSE:PERSISTENT,1763.65,1763.65,1763.65,1763.65,15.0
2021-03-16 09:00:00,NSE:PERSISTENT,1770.0,1780.0,1759.55,1762.0,2902.0
2021-03-16 09:30:00,NSE:PERSISTENT,1761.0,1778.05,1752.0,1775.0,5667.0
2021-03-16 10:00:00,NSE:PERSISTENT,1775.0,1828.35,1772.15,1819.8,39936.0
2021-03-16 10:30:00,NSE:PERSISTENT,1819.4,1868.75,1813.9,1839.0,66881.0
2021-03-16 11:00:00,NSE:PERSISTENT,1840.0,1843.95,1827.75,1832.75,16692.0
2021-03-16 11:30:00,NSE:PERSISTENT,1832.6,1840.8,1829.55,1836.0,24316.0
2021-03-16 12:00:00,NSE:PERSISTENT,1835.05,1840.0,1832.6,1834.95,5303.0
2021-03-16 12:30:00,NSE:PERSISTENT,1836.25,1839.1,1831.9,1832.7,19497.0
2021-03-16 13:00:00,NSE:PERSISTENT,1832.65,1845.4,1827.3,1832.75,19887.0
2021-03-16 13:30:00,NSE:PERSISTENT,1832.7,1844.5,1830.1,1841.45,13835.0
2021-03-16 14:00:00,NSE:PERSISTENT,1841.45,1920.0,1840.0,1905.05,48098.0
2021-03-16 14:30:00,NSE:PERSISTENT,1905.05,1905.9,1871.1,1873.5,33873.0
2021-03-16 15:00:00,NSE:PERSISTENT,1873.5,1905.0,1873.5,1885.35,34149.0
2021-03-16 15:30:00,NSE:PERSISTENT,1891.9,1891.9,1885.35,1891.9,1114.0
2021-03-17 09:00:00,NSE:PERSISTENT,1898.85,1909.95,1862.0,1878.35,14480.0
2021-03-17 09:30:00,NSE:PERSISTENT,1878.35,1878.35,1855.15,1865.15,8474.0
2021-03-17 10:00:00,NSE:PERSISTENT,1866.6,1867.4,1838.0,1842.5,8260.0
2021-03-17 10:30:00,NSE:PERSISTENT,1842.6,1855.0,1842.6,1852.25,5967.0
2021-03-17 11:00:00,NSE:PERSISTENT,1854.0,1874.95,1846.05,1874.9,10736.0
2021-03-17 11:30:00,NSE:PERSISTENT,1872.75,1880.05,1860.45,1866.3,10388.0
2021-03-17 12:00:00,NSE:PERSISTENT,1867.4,1879.0,1862.3,1871.35,3044.0
2021-03-17 12:30:00,NSE:PERSISTENT,1873.9,1874.8,1862.05,1863.6,3693.0
2021-03-17 13:00:00,NSE:PERSISTENT,1863.6,1880.0,1861.15,1880.0,2947.0
2021-03-17 13:30:00,NSE:PERSISTENT,1879.95,1890.0,1861.1,1864.15,7550.0
2021-03-17 14:00:00,NSE:PERSISTENT,1864.0,1871.9,1823.6,1840.45,15265.0
2021-03-17 14:30:00,NSE:PERSISTENT,1838.05,1847.5,1831.1,1842.0,6985.0
2021-03-17 15:00:00,NSE:PERSISTENT,1841.05,1848.55,1810.0,1834.55,21830.0
2021-03-17 15:30:00,NSE:PERSISTENT,1831.25,1831.25,1826.55,1826.55,56.0
2021-03-18 09:00:00,NSE:PERSISTENT,1850.0,1850.0,1813.25,1819.85,6903.0
2021-03-18 09:30:00,NSE:PERSISTENT,1819.85,1896.0,1816.15,1847.05,14090.0
2021-03-18 10:00:00,NSE:PERSISTENT,1847.05,1860.0,1831.95,1842.15,7165.0
2021-03-18 10:30:00,NSE:PERSISTENT,1842.0,1865.0,1835.0,1855.95,6712.0
2021-03-18 11:00:00,NSE:PERSISTENT,1856.7,1867.0,1852.45,1862.15,3294.0
2021-03-18 11:30:00,NSE:PERSISTENT,1861.2,1879.0,1861.2,1872.9,4843.0
2021-03-18 12:00:00,NSE:PERSISTENT,1872.25,1874.75,1866.0,1870.0,3052.0
2021-03-18 12:30:00,NSE:PERSISTENT,1870.0,1873.85,1865.25,1869.5,2615.0
2021-03-18 13:00:00,NSE:PERSISTENT,1867.05,1877.0,1863.85,1865.95,9027.0
2021-03-18 13:30:00,NSE:PERSISTENT,1864.15,1869.65,1864.0,1864.7,9110.0
2021-03-18 14:00:00,NSE:PERSISTENT,1864.7,1868.0,1841.45,1865.5,28292.0
2021-03-18 14:30:00,NSE:PERSISTENT,1863.95,1867.6,1845.65,1851.75,8276.0
2021-03-18 15:00:00,NSE:PERSISTENT,1851.9,1857.2,1834.55,1850.0,11235.0
2021-03-18 15:30:00,NSE:PERSISTENT,1848.65,1848.65,1848.65,1848.65,15.0
2021-03-19 09:00:00,NSE:PERSISTENT,1815.25,1848.0,1792.5,1812.35,9149.0
2021-03-19 09:30:00,NSE:PERSISTENT,1812.45,1895.05,1804.75,1895.05,20300.0
2021-03-19 10:00:00,NSE:PERSISTENT,1901.15,1941.1,1891.35,1919.0,40449.0
2021-03-19 10:30:00,NSE:PERSISTENT,1917.5,1920.3,1904.15,1907.5,17511.0
2021-03-19 11:00:00,NSE:PERSISTENT,1909.25,1909.55,1885.1,1903.9,23052.0
2021-03-19 11:30:00,NSE:PERSISTENT,1903.9,1940.0,1900.3,1923.35,25150.0
2021-03-19 12:00:00,NSE:PERSISTENT,1924.1,1926.2,1904.4,1923.55,13938.0
2021-03-19 12:30:00,NSE:PERSISTENT,1924.0,1925.4,1910.0,1916.85,10014.0
2021-03-19 13:00:00,NSE:PERSISTENT,1916.25,1923.95,1910.0,1913.05,5776.0
2021-03-19 13:30:00,NSE:PERSISTENT,1912.4,1927.2,1908.0,1926.0,23006.0
2021-03-19 14:00:00,NSE:PERSISTENT,1925.45,1926.3,1917.45,1924.7,8936.0
2021-03-19 14:30:00,NSE:PERSISTENT,1924.6,1926.65,1910.45,1921.6,12942.0
2021-03-19 15:00:00,NSE:PERSISTENT,1921.6,1969.0,1921.6,1969.0,110041.0
2021-03-19 15:30:00,NSE:PERSISTENT,1967.0,1967.0,1942.2,1942.2,27.0
2021-03-22 09:00:00,NSE:PERSISTENT,1997.0,1997.0,1965.0,1972.35,13510.0
2021-03-22 09:30:00,NSE:PERSISTENT,1975.1,1984.9,1936.05,1941.25,14941.0
2021-03-22 10:00:00,NSE:PERSISTENT,1939.75,1947.8,1920.1,1921.5,11802.0
2021-03-22 10:30:00,NSE:PERSISTENT,1920.85,1924.45,1902.4,1903.15,9264.0
2021-03-22 11:00:00,NSE:PERSISTENT,1903.15,1911.95,1901.65,1905.0,5310.0
2021-03-22 11:30:00,NSE:PERSISTENT,1905.15,1908.1,1902.1,1902.8,4249.0
2021-03-22 12:00:00,NSE:PERSISTENT,1902.45,1911.95,1902.25,1909.55,4356.0
2021-03-22 12:30:00,NSE:PERSISTENT,1910.0,1910.95,1905.5,1906.05,5024.0
2021-03-22 13:00:00,NSE:PERSISTENT,1906.35,1909.05,1902.25,1905.45,4533.0
2021-03-22 13:30:00,NSE:PERSISTENT,1905.5,1919.95,1902.0,1918.0,7243.0
2021-03-22 14:00:00,NSE:PERSISTENT,1917.15,1947.0,1917.15,1945.95,15122.0
2021-03-22 14:30:00,NSE:PERSISTENT,1945.8,1960.1,1940.0,1960.0,13679.0
2021-03-22 15:00:00,NSE:PERSISTENT,1960.0,1994.0,1945.0,1975.0,25944.0
2021-03-22 15:30:00,NSE:PERSISTENT,1990.0,1990.0,1963.7,1963.7,178.0
2021-03-23 09:00:00,NSE:PERSISTENT,1965.25,1977.35,1945.15,1966.0,8920.0
2021-03-23 09:30:00,NSE:PERSISTENT,1965.0,1967.85,1950.5,1953.2,36256.0
2021-03-23 10:00:00,NSE:PERSISTENT,1955.05,1955.5,1890.8,1910.45,16155.0
2021-03-23 10:30:00,NSE:PERSISTENT,1909.05,1929.65,1902.05,1919.0,11230.0
2021-03-23 11:00:00,NSE:PERSISTENT,1919.5,1932.45,1915.7,1926.5,5780.0
2021-03-23 11:30:00,NSE:PERSISTENT,1925.0,1932.4,1915.15,1928.35,9912.0
2021-03-23 12:00:00,NSE:PERSISTENT,1926.1,1941.45,1925.05,1927.4,7725.0
2021-03-23 12:30:00,NSE:PERSISTENT,1925.55,1931.3,1922.7,1924.6,5965.0
2021-03-23 13:00:00,NSE:PERSISTENT,1924.6,1934.2,1921.4,1930.8,12962.0
2021-03-23 13:30:00,NSE:PERSISTENT,1928.7,1957.9,1928.55,1954.0,14051.0
2021-03-23 14:00:00,NSE:PERSISTENT,1954.95,1980.0,1950.55,1977.0,20188.0
2021-03-23 14:30:00,NSE:PERSISTENT,1976.15,1980.2,1958.6,1959.75,22096.0
2021-03-23 15:00:00,NSE:PERSISTENT,1959.75,1963.0,1922.0,1933.9,12992.0
2021-03-23 15:30:00,NSE:PERSISTENT,1934.0,1935.5,1934.0,1935.5,107.0
2021-03-24 09:00:00,NSE:PERSISTENT,1934.0,1935.0,1877.75,1911.0,16570.0
2021-03-24 09:30:00,NSE:PERSISTENT,1909.45,1913.85,1895.0,1895.05,10799.0
2021-03-24 10:00:00,NSE:PERSISTENT,1894.55,1894.55,1880.1,1882.5,10409.0
2021-03-24 10:30:00,NSE:PERSISTENT,1882.4,1882.4,1866.25,1868.95,13382.0
2021-03-24 11:00:00,NSE:PERSISTENT,1867.3,1872.75,1853.3,1857.1,7362.0
2021-03-24 11:30:00,NSE:PERSISTENT,1857.05,1868.6,1851.35,1864.25,7715.0
2021-03-24 12:00:00,NSE:PERSISTENT,1865.95,1868.9,1860.0,1864.0,5378.0
2021-03-24 12:30:00,NSE:PERSISTENT,1864.95,1872.0,1861.0,1861.0,4644.0
2021-03-24 13:00:00,NSE:PERSISTENT,1861.1,1869.6,1856.7,1865.5,4883.0
2021-03-24 13:30:00,NSE:PERSISTENT,1865.4,1873.0,1864.0,1864.0,6196.0
2021-03-24 14:00:00,NSE:PERSISTENT,1864.7,1885.0,1864.0,1873.5,6435.0
2021-03-24 14:30:00,NSE:PERSISTENT,1872.25,1892.0,1865.65,1890.0,17132.0
2021-03-24 15:00:00,NSE:PERSISTENT,1890.05,1904.8,1880.25,1896.0,29379.0
2021-03-24 15:30:00,NSE:PERSISTENT,1897.0,1897.0,1894.3,1894.3,27.0
2021-03-25 09:00:00,NSE:PERSISTENT,1909.95,1914.9,1878.5,1882.0,6466.0
2021-03-25 09:30:00,NSE:PERSISTENT,1882.15,1912.9,1882.15,1897.4,6850.0
2021-03-25 10:00:00,NSE:PERSISTENT,1893.8,1925.0,1893.0,1897.5,16148.0
2021-03-25 10:30:00,NSE:PERSISTENT,1898.45,1905.0,1874.45,1882.8,10374.0
2021-03-25 11:00:00,NSE:PERSISTENT,1884.85,1890.0,1877.0,1886.55,3934.0
2021-03-25 11:30:00,NSE:PERSISTENT,1886.0,1889.0,1873.0,1879.45,3743.0
2021-03-25 12:00:00,NSE:PERSISTENT,1879.55,1881.3,1855.0,1856.0,7332.0
2021-03-25 12:30:00,NSE:PERSISTENT,1857.65,1867.3,1854.0,1867.1,5497.0
2021-03-25 13:00:00,NSE:PERSISTENT,1864.2,1865.0,1849.1,1862.65,6376.0
2021-03-25 13:30:00,NSE:PERSISTENT,1862.6,1871.95,1852.9,1864.85,6833.0
2021-03-25 14:00:00,NSE:PERSISTENT,1864.75,1869.0,1849.0,1853.5,5036.0
2021-03-25 14:30:00,NSE:PERSISTENT,1855.5,1864.85,1853.1,1857.45,3419.0
2021-03-25 15:00:00,NSE:PERSISTENT,1857.95,1858.25,1761.05,1783.95,38835.0
2021-03-25 15:30:00,NSE:PERSISTENT,1783.95,1804.6,1783.95,1804.6,20.0
2021-03-26 09:00:00,NSE:PERSISTENT,1814.95,1829.0,1781.3,1792.25,11847.0
2021-03-26 09:30:00,NSE:PERSISTENT,1792.2,1797.75,1771.5,1772.95,8637.0
2021-03-26 10:00:00,NSE:PERSISTENT,1771.5,1807.3,1770.25,1804.35,14293.0
2021-03-26 10:30:00,NSE:PERSISTENT,1805.0,1809.3,1788.0,1805.0,8882.0
2021-03-26 11:00:00,NSE:PERSISTENT,1805.0,1809.0,1801.25,1806.25,4344.0
2021-03-26 11:30:00,NSE:PERSISTENT,1806.25,1809.35,1801.55,1808.25,17702.0
2021-03-26 12:00:00,NSE:PERSISTENT,1807.0,1808.5,1798.9,1803.85,6337.0
2021-03-26 12:30:00,NSE:PERSISTENT,1805.7,1815.0,1800.9,1808.6,4904.0
2021-03-26 13:00:00,NSE:PERSISTENT,1808.65,1813.95,1801.1,1808.0,5451.0
2021-03-26 13:30:00,NSE:PERSISTENT,1808.95,1809.9,1805.0,1807.0,3847.0
2021-03-26 14:00:00,NSE:PERSISTENT,1807.0,1812.95,1805.0,1810.9,11963.0
2021-03-26 14:30:00,NSE:PERSISTENT,1811.4,1818.3,1805.6,1810.0,10542.0
2021-03-26 15:00:00,NSE:PERSISTENT,1815.0,1832.95,1801.25,1806.75,14196.0
2021-03-26 15:30:00,NSE:PERSISTENT,1821.65,1821.65,1806.75,1806.75,1431.0
2021-03-30 09:00:00,NSE:PERSISTENT,1827.6,1848.0,1827.6,1831.05,5619.0
2021-03-30 09:30:00,NSE:PERSISTENT,1831.05,1846.95,1828.05,1840.0,6087.0
2021-03-30 10:00:00,NSE:PERSISTENT,1839.55,1840.1,1828.0,1831.25,3678.0
2021-03-30 10:30:00,NSE:PERSISTENT,1831.7,1832.95,1825.05,1832.0,5029.0
2021-03-30 11:00:00,NSE:PERSISTENT,1830.85,1832.0,1828.95,1829.95,2516.0
2021-03-30 11:30:00,NSE:PERSISTENT,1829.25,1832.0,1822.65,1832.0,3791.0
2021-03-30 12:00:00,NSE:PERSISTENT,1832.0,1832.0,1827.65,1828.6,3088.0
2021-03-30 12:30:00,NSE:PERSISTENT,1828.85,1844.2,1828.0,1840.0,7170.0
2021-03-30 13:00:00,NSE:PERSISTENT,1840.0,1840.0,1832.05,1838.0,2967.0
2021-03-30 13:30:00,NSE:PERSISTENT,1838.0,1882.0,1836.85,1873.95,13239.0
2021-03-30 14:00:00,NSE:PERSISTENT,1874.8,1896.0,1873.05,1887.05,11066.0
2021-03-30 14:30:00,NSE:PERSISTENT,1888.75,1892.0,1873.3,1888.4,7667.0
2021-03-30 15:00:00,NSE:PERSISTENT,1889.85,1940.0,1889.85,1919.0,67607.0
2021-03-30 15:30:00,NSE:PERSISTENT,1922.6,1922.6,1919.0,1922.6,1193.0
2021-03-31 09:00:00,NSE:PERSISTENT,1915.0,1915.0,1890.1,1894.95,5455.0
2021-03-31 09:30:00,NSE:PERSISTENT,1892.8,1912.35,1887.25,1902.35,78869.0
2021-03-31 10:00:00,NSE:PERSISTENT,1902.35,1908.25,1889.55,1900.25,2336.0
2021-03-31 10:30:00,NSE:PERSISTENT,1900.3,1906.65,1897.05,1903.2,2690.0
2021-03-31 11:00:00,NSE:PERSISTENT,1898.75,1936.0,1895.8,1922.55,16359.0
2021-03-31 11:30:00,NSE:PERSISTENT,1922.95,1926.0,1920.05,1924.0,4129.0
2021-03-31 12:00:00,NSE:PERSISTENT,1924.0,1925.95,1919.0,1923.0,10630.0
2021-03-31 12:30:00,NSE:PERSISTENT,1923.1,1924.0,1919.0,1923.0,5537.0
2021-03-31 13:00:00,NSE:PERSISTENT,1923.0,1924.0,1917.4,1919.3,4053.0
2021-03-31 13:30:00,NSE:PERSISTENT,1919.9,1925.0,1917.15,1923.0,5995.0
2021-03-31 14:00:00,NSE:PERSISTENT,1923.0,1923.0,1917.2,1919.85,2872.0
2021-03-31 14:30:00,NSE:PERSISTENT,1919.7,1921.5,1915.35,1920.0,4818.0
2021-03-31 15:00:00,NSE:PERSISTENT,1920.0,1935.0,1914.4,1928.0,25048.0
2021-03-31 15:30:00,NSE:PERSISTENT,1922.05,1922.05,1922.05,1922.05,100.0
2021-04-01 09:00:00,NSE:PERSISTENT,1929.0,1970.0,1929.0,1962.75,9995.0
2021-04-01 09:30:00,NSE:PERSISTENT,1965.9,1974.2,1951.0,1969.0,12063.0
2021-04-01 10:00:00,NSE:PERSISTENT,1969.95,1978.0,1954.55,1959.55,14402.0
2021-04-01 10:30:00,NSE:PERSISTENT,1959.45,1961.4,1953.55,1957.6,6450.0
2021-04-01 11:00:00,NSE:PERSISTENT,1957.65,1964.15,1953.0,1960.0,10467.0
2021-04-01 11:30:00,NSE:PERSISTENT,1959.0,1960.05,1940.0,1950.7,13289.0
2021-04-01 12:00:00,NSE:PERSISTENT,1950.8,1954.0,1946.1,1950.25,7940.0
2021-04-01 12:30:00,NSE:PERSISTENT,1950.3,1957.95,1944.25,1950.6,10309.0
2021-04-01 13:00:00,NSE:PERSISTENT,1950.55,1957.7,1947.1,1950.0,7892.0
2021-04-01 13:30:00,NSE:PERSISTENT,1950.0,1950.0,1944.0,1949.0,20617.0
2021-04-01 14:00:00,NSE:PERSISTENT,1949.0,1950.0,1940.45,1942.0,3185.0
2021-04-01 14:30:00,NSE:PERSISTENT,1942.0,1943.85,1921.9,1932.25,6634.0
2021-04-01 15:00:00,NSE:PERSISTENT,1930.0,1960.0,1930.0,1957.0,14877.0
2021-04-01 15:30:00,NSE:PERSISTENT,1953.5,1953.5,1953.5,1953.5,35.0
2021-04-05 09:00:00,NSE:PERSISTENT,1953.0,1963.5,1939.55,1954.9,17242.0
2021-04-05 09:30:00,NSE:PERSISTENT,1955.9,1969.3,1940.0,1951.1,45655.0
2021-04-05 10:00:00,NSE:PERSISTENT,1951.05,1951.05,1925.15,1933.25,10407.0
2021-04-05 10:30:00,NSE:PERSISTENT,1932.85,1950.0,1922.05,1947.4,5268.0
2021-04-05 11:00:00,NSE:PERSISTENT,1949.9,1952.95,1910.7,1931.35,12629.0
2021-04-05 11:30:00,NSE:PERSISTENT,1934.2,1939.8,1925.55,1932.55,5218.0
2021-04-05 12:00:00,NSE:PERSISTENT,1934.9,1949.7,1932.25,1949.7,1517.0
2021-04-05 12:30:00,NSE:PERSISTENT,1949.65,1950.0,1935.85,1943.7,2868.0
2021-04-05 13:00:00,NSE:PERSISTENT,1943.75,1943.75,1930.0,1935.6,2762.0
2021-04-05 13:30:00,NSE:PERSISTENT,1934.85,1959.8,1933.9,1941.7,11314.0
2021-04-05 14:00:00,NSE:PERSISTENT,1943.3,1962.0,1942.2,1950.0,15976.0
2021-04-05 14:30:00,NSE:PERSISTENT,1953.65,1986.4,1950.0,1972.0,15782.0
2021-04-05 15:00:00,NSE:PERSISTENT,1971.8,1971.8,1935.5,1951.0,8843.0
2021-04-05 15:30:00,NSE:PERSISTENT,1951.6,1958.8,1951.6,1951.6,121.0
2021-04-06 09:00:00,NSE:PERSISTENT,1958.8,1991.45,1947.3,1955.0,12655.0
2021-04-06 09:30:00,NSE:PERSISTENT,1956.5,1963.95,1953.95,1957.95,10320.0
2021-04-06 10:00:00,NSE:PERSISTENT,1960.4,1960.4,1948.0,1949.05,8352.0
2021-04-06 10:30:00,NSE:PERSISTENT,1949.05,1952.5,1947.0,1949.0,54148.0
2021-04-06 11:00:00,NSE:PERSISTENT,1948.0,1950.65,1944.45,1950.5,3163.0
2021-04-06 11:30:00,NSE:PERSISTENT,1950.5,1951.25,1941.15,1948.15,3058.0
2021-04-06 12:00:00,NSE:PERSISTENT,1946.8,1947.15,1938.25,1945.6,3938.0
2021-04-06 12:30:00,NSE:PERSISTENT,1944.1,1952.0,1938.0,1946.45,5974.0
2021-04-06 13:00:00,NSE:PERSISTENT,1952.0,1952.0,1947.55,1949.5,1721.0
2021-04-06 13:30:00,NSE:PERSISTENT,1949.5,1949.65,1936.95,1941.9,2780.0
2021-04-06 14:00:00,NSE:PERSISTENT,1943.05,1947.95,1935.25,1946.45,5104.0
2021-04-06 14:30:00,NSE:PERSISTENT,1946.5,1969.85,1941.35,1968.0,8710.0
2021-04-06 15:00:00,NSE:PERSISTENT,1967.9,1968.95,1914.05,1935.0,13784.0
2021-04-06 15:30:00,NSE:PERSISTENT,1937.8,1937.8,1937.8,1937.8,1.0
2021-04-07 09:00:00,NSE:PERSISTENT,1934.95,1943.65,1927.3,1931.55,5010.0
2021-04-07 09:30:00,NSE:PERSISTENT,1931.65,1932.0,1906.05,1918.1,7885.0
2021-04-07 10:00:00,NSE:PERSISTENT,1918.2,1935.05,1917.0,1933.45,7412.0
2021-04-07 10:30:00,NSE:PERSISTENT,1933.2,1940.4,1926.9,1936.9,59066.0
2021-04-07 11:00:00,NSE:PERSISTENT,1935.05,1951.3,1934.0,1942.35,8081.0
2021-04-07 11:30:00,NSE:PERSISTENT,1942.4,1943.15,1936.3,1938.0,1423.0
2021-04-07 12:00:00,NSE:PERSISTENT,1938.0,1945.0,1936.35,1940.0,3642.0
2021-04-07 12:30:00,NSE:PERSISTENT,1940.3,1943.6,1936.15,1940.0,3705.0
2021-04-07 13:00:00,NSE:PERSISTENT,1940.0,1948.5,1939.0,1947.4,4170.0
2021-04-07 13:30:00,NSE:PERSISTENT,1947.45,1947.7,1940.0,1944.8,110982.0
2021-04-07 14:00:00,NSE:PERSISTENT,1945.5,1955.95,1940.9,1952.65,16935.0
2021-04-07 14:30:00,NSE:PERSISTENT,1950.0,1964.2,1947.0,1961.5,26192.0
2021-04-07 15:00:00,NSE:PERSISTENT,1962.0,1965.85,1959.05,1964.0,16692.0
2021-04-07 15:30:00,NSE:PERSISTENT,1965.0,1965.0,1962.15,1962.15,69.0
2021-04-08 09:00:00,NSE:PERSISTENT,1982.85,2009.7,1975.25,1990.0,21852.0
2021-04-08 09:30:00,NSE:PERSISTENT,1989.25,2005.0,1985.1,1991.95,14235.0
2021-04-08 10:00:00,NSE:PERSISTENT,1991.8,2017.0,1991.2,2008.45,83834.0
2021-04-08 10:30:00,NSE:PERSISTENT,2010.5,2012.0,2005.35,2011.5,7134.0
2021-04-08 11:00:00,NSE:PERSISTENT,2011.5,2013.35,2007.9,2010.4,8098.0
2021-04-08 11:30:00,NSE:PERSISTENT,2010.0,2011.25,2004.45,2009.6,16441.0
2021-04-08 12:00:00,NSE:PERSISTENT,2007.1,2015.45,2007.1,2011.0,22205.0
2021-04-08 12:30:00,NSE:PERSISTENT,2010.05,2012.0,2010.0,2011.5,31305.0
2021-04-08 13:00:00,NSE:PERSISTENT,2010.6,2019.0,2009.8,2017.1,17709.0
2021-04-08 13:30:00,NSE:PERSISTENT,2018.0,2023.65,2010.0,2016.4,12550.0
2021-04-08 14:00:00,NSE:PERSISTENT,2015.05,2018.2,2012.0,2014.3,10410.0
2021-04-08 14:30:00,NSE:PERSISTENT,2012.45,2021.2,2012.0,2015.2,13001.0
2021-04-08 15:00:00,NSE:PERSISTENT,2015.0,2020.95,2010.0,2020.85,25368.0
2021-04-08 15:30:00,NSE:PERSISTENT,2012.8,2020.85,2012.8,2012.8,191.0
2021-04-09 09:00:00,NSE:PERSISTENT,2010.0,2050.95,2002.05,2043.05,25303.0
2021-04-09 09:30:00,NSE:PERSISTENT,2047.55,2062.0,2021.55,2036.8,34566.0
2021-04-09 10:00:00,NSE:PERSISTENT,2039.75,2054.0,2032.1,2038.75,14066.0
2021-04-09 10:30:00,NSE:PERSISTENT,2036.55,2046.65,2036.55,2043.2,12619.0
2021-04-09 11:00:00,NSE:PERSISTENT,2042.85,2054.5,2039.45,2053.8,12530.0
2021-04-09 11:30:00,NSE:PERSISTENT,2053.8,2099.0,2043.05,2080.8,42842.0
2021-04-09 12:00:00,NSE:PERSISTENT,2081.55,2096.85,2071.0,2089.65,19864.0
2021-04-09 12:30:00,NSE:PERSISTENT,2089.65,2095.75,2075.5,2083.3,15366.0
2021-04-09 13:00:00,NSE:PERSISTENT,2083.25,2085.0,2070.0,2083.0,55039.0
2021-04-09 13:30:00,NSE:PERSISTENT,2083.45,2085.0,2076.05,2079.4,11791.0
2021-04-09 14:00:00,NSE:PERSISTENT,2079.55,2087.95,2079.0,2080.0,11481.0
2021-04-09 14:30:00,NSE:PERSISTENT,2080.0,2085.75,2079.0,2080.0,15781.0
2021-04-09 15:00:00,NSE:PERSISTENT,2080.0,2087.95,2056.6,2062.0,34323.0
2021-04-09 15:30:00,NSE:PERSISTENT,2077.0,2077.0,2062.0,2077.0,269.0
2021-04-12 09:00:00,NSE:PERSISTENT,2044.0,2044.0,1993.0,2020.0,13184.0
2021-04-12 09:30:00,NSE:PERSISTENT,2020.0,2035.0,2005.45,2024.95,10567.0
2021-04-12 10:00:00,NSE:PERSISTENT,2025.5,2030.0,2015.55,2020.3,9868.0
2021-04-12 10:30:00,NSE:PERSISTENT,2020.0,2029.45,2012.55,2025.15,4884.0
2021-04-12 11:00:00,NSE:PERSISTENT,2025.15,2037.45,2020.0,2028.3,3728.0
2021-04-12 11:30:00,NSE:PERSISTENT,2028.3,2028.8,1995.0,2001.3,102263.0
2021-04-12 12:00:00,NSE:PERSISTENT,2001.1,2005.25,1964.0,1988.15,7767.0
2021-04-12 12:30:00,NSE:PERSISTENT,1988.15,1999.85,1985.0,1994.2,3447.0
2021-04-12 13:00:00,NSE:PERSISTENT,1995.9,2005.0,1983.65,1988.4,2507.0
2021-04-12 13:30:00,NSE:PERSISTENT,1985.65,2001.65,1985.05,2001.65,4088.0
2021-04-12 14:00:00,NSE:PERSISTENT,2001.65,2023.4,2000.0,2020.0,4306.0
2021-04-12 14:30:00,NSE:PERSISTENT,2020.0,2025.95,2007.3,2020.0,8795.0
2021-04-12 15:00:00,NSE:PERSISTENT,2021.95,2031.0,2019.8,2020.0,16626.0
2021-04-12 15:30:00,NSE:PERSISTENT,2022.85,2022.85,2022.85,2022.85,20.0
2021-04-13 09:00:00,NSE:PERSISTENT,2025.0,2055.0,1976.4,2006.4,6632.0
2021-04-13 09:30:00,NSE:PERSISTENT,2014.55,2019.0,1991.25,2015.0,5226.0
2021-04-13 10:00:00,NSE:PERSISTENT,2017.2,2020.0,2000.05,2003.0,2017.0
2021-04-13 10:30:00,NSE:PERSISTENT,2003.65,2011.1,1935.1,1960.45,11542.0
2021-04-13 11:00:00,NSE:PERSISTENT,1960.45,1976.65,1941.6,1946.45,10400.0
2021-04-13 11:30:00,NSE:PERSISTENT,1942.5,1964.75,1935.0,1961.7,7678.0
2021-04-13 12:00:00,NSE:PERSISTENT,1959.65,1959.65,1938.0,1945.95,6440.0
2021-04-13 12:30:00,NSE:PERSISTENT,1945.0,1948.0,1939.0,1943.3,4353.0
2021-04-13 13:00:00,NSE:PERSISTENT,1940.75,1943.8,1918.4,1930.0,24257.0
2021-04-13 13:30:00,NSE:PERSISTENT,1932.7,1933.0,1924.15,1928.0,15928.0
2021-04-13 14:00:00,NSE:PERSISTENT,1925.55,1945.8,1925.0,1942.9,11389.0
2021-04-13 14:30:00,NSE:PERSISTENT,1943.0,1943.0,1931.8,1937.05,10670.0
2021-04-13 15:00:00,NSE:PERSISTENT,1937.05,1979.0,1929.6,1967.0,20082.0
2021-04-13 15:30:00,NSE:PERSISTENT,1944.3,1967.0,1944.3,1944.3,140.0
2021-04-15 09:00:00,NSE:PERSISTENT,1930.1,1955.0,1890.7,1901.0,18271.0
2021-04-15 09:30:00,NSE:PERSISTENT,1899.0,1925.0,1885.95,1902.55,19217.0
2021-04-15 10:00:00,NSE:PERSISTENT,1902.55,1914.7,1893.6,1897.45,14690.0
2021-04-15 10:30:00,NSE:PERSISTENT,1897.05,1925.0,1896.65,1922.35,7810.0
2021-04-15 11:00:00,NSE:PERSISTENT,1920.8,1922.65,1911.0,1913.95,4254.0
2021-04-15 11:30:00,NSE:PERSISTENT,1913.95,1949.45,1908.3,1944.3,39804.0
2021-04-15 12:00:00,NSE:PERSISTENT,1942.2,1948.3,1934.55,1945.0,5697.0
2021-04-15 12:30:00,NSE:PERSISTENT,1944.75,1946.85,1932.3,1945.0,92657.0
2021-04-15 13:00:00,NSE:PERSISTENT,1945.0,1954.45,1937.4,1948.9,4911.0
2021-04-15 13:30:00,NSE:PERSISTENT,1946.45,1968.0,1944.35,1956.0,15823.0
2021-04-15 14:00:00,NSE:PERSISTENT,1954.45,1964.85,1932.9,1949.55,9967.0
2021-04-15 14:30:00,NSE:PERSISTENT,1946.45,1952.85,1941.5,1951.05,6774.0
2021-04-15 15:00:00,NSE:PERSISTENT,1950.9,1966.0,1948.4,1950.0,11533.0
2021-04-15 15:30:00,NSE:PERSISTENT,1950.0,1955.5,1950.0,1955.5,17.0
2021-04-16 09:00:00,NSE:PERSISTENT,1955.5,1984.65,1946.5,1975.2,6744.0
2021-04-16 09:30:00,NSE:PERSISTENT,1973.55,1982.2,1957.7,1971.5,10291.0
2021-04-16 10:00:00,NSE:PERSISTENT,1970.1,1988.95,1970.0,1976.5,22389.0
2021-04-16 10:30:00,NSE:PERSISTENT,1975.05,1977.55,1973.2,1974.95,5108.0
2021-04-16 11:00:00,NSE:PERSISTENT,1973.25,1976.85,1971.0,1974.0,3671.0
2021-04-16 11:30:00,NSE:PERSISTENT,1974.0,1977.95,1963.9,1975.0,23656.0
2021-04-16 12:00:00,NSE:PERSISTENT,1974.85,1976.95,1971.85,1975.0,4761.0
2021-04-16 12:30:00,NSE:PERSISTENT,1975.65,1976.7,1972.05,1975.55,2889.0
2021-04-16 13:00:00,NSE:PERSISTENT,1975.05,1976.45,1970.0,1974.6,8242.0
2021-04-16 13:30:00,NSE:PERSISTENT,1975.1,1976.55,1973.4,1975.15,4309.0
2021-04-16 14:00:00,NSE:PERSISTENT,1975.1,1975.95,1970.35,1975.0,1929.0
2021-04-16 14:30:00,NSE:PERSISTENT,1976.65,1977.0,1971.25,1976.0,8436.0
2021-04-16 15:00:00,NSE:PERSISTENT,1976.5,1976.5,1941.3,1949.9,20336.0
2021-04-16 15:30:00,NSE:PERSISTENT,1961.7,1961.7,1949.9,1961.7,52.0
2021-04-19 09:00:00,NSE:PERSISTENT,1930.0,1947.0,1877.0,1894.1,10747.0
2021-04-19 09:30:00,NSE:PERSISTENT,1894.15,1922.55,1882.15,1920.25,9786.0
2021-04-19 10:00:00,NSE:PERSISTENT,1921.7,1926.75,1913.05,1923.9,2965.0
2021-04-19 10:30:00,NSE:PERSISTENT,1926.75,1945.5,1924.0,1940.0,2860.0
2021-04-19 11:00:00,NSE:PERSISTENT,1943.1,1945.5,1917.05,1917.1,2889.0
2021-04-19 11:30:00,NSE:PERSISTENT,1918.4,1934.0,1917.25,1932.8,1940.0
2021-04-19 12:00:00,NSE:PERSISTENT,1932.8,1944.0,1929.55,1936.2,3529.0
2021-04-19 12:30:00,NSE:PERSISTENT,1934.45,1943.9,1934.0,1943.9,1599.0
2021-04-19 13:00:00,NSE:PERSISTENT,1943.9,1954.5,1935.55,1946.95,3711.0
2021-04-19 13:30:00,NSE:PERSISTENT,1946.0,1955.0,1940.0,1952.65,2963.0
2021-04-19 14:00:00,NSE:PERSISTENT,1953.95,1955.95,1945.3,1952.95,2995.0
2021-04-19 14:30:00,NSE:PERSISTENT,1952.95,1955.5,1934.0,1937.95,3238.0
2021-04-19 15:00:00,NSE:PERSISTENT,1937.95,1949.0,1915.0,1925.05,13215.0
2021-04-19 15:30:00,NSE:PERSISTENT,1928.0,1931.0,1928.0,1931.0,24.0
2021-04-20 09:00:00,NSE:PERSISTENT,1970.6,1970.6,1926.1,1937.0,5740.0
2021-04-20 09:30:00,NSE:PERSISTENT,1937.0,1946.0,1932.05,1934.4,2894.0
2021-04-20 10:00:00,NSE:PERSISTENT,1935.7,1942.95,1922.55,1934.95,3830.0
2021-04-20 10:30:00,NSE:PERSISTENT,1934.95,1934.95,1925.85,1931.15,2914.0
2021-04-20 11:00:00,NSE:PERSISTENT,1933.35,1933.7,1925.05,1927.05,1257.0
2021-04-20 11:30:00,NSE:PERSISTENT,1927.05,1927.1,1916.0,1924.75,2566.0
2021-04-20 12:00:00,NSE:PERSISTENT,1924.75,1925.0,1920.5,1923.1,764.0
2021-04-20 12:30:00,NSE:PERSISTENT,1922.1,1924.1,1920.0,1920.2,817.0
2021-04-20 13:00:00,NSE:PERSISTENT,1920.0,1921.75,1912.0,1917.9,1982.0
2021-04-20 13:30:00,NSE:PERSISTENT,1917.9,1917.9,1901.0,1917.85,4903.0
2021-04-20 14:00:00,NSE:PERSISTENT,1916.1,1917.0,1910.05,1911.85,27023.0
2021-04-20 14:30:00,NSE:PERSISTENT,1911.85,1914.95,1890.95,1905.0,5339.0
2021-04-20 15:00:00,NSE:PERSISTENT,1902.45,1912.85,1895.7,1911.0,6441.0
2021-04-20 15:30:00,NSE:PERSISTENT,1911.0,1911.0,1906.7,1906.7,45.0
2021-04-22 09:00:00,NSE:PERSISTENT,1900.0,1920.0,1880.05,1883.25,4504.0
2021-04-22 09:30:00,NSE:PERSISTENT,1883.25,1920.65,1870.15,1912.2,8110.0
2021-04-22 10:00:00,NSE:PERSISTENT,1909.8,1909.8,1895.0,1906.05,4640.0
2021-04-22 10:30:00,NSE:PERSISTENT,1906.05,1915.65,1900.1,1908.75,4299.0
2021-04-22 11:00:00,NSE:PERSISTENT,1908.2,1908.2,1901.0,1904.75,2547.0
2021-04-22 11:30:00,NSE:PERSISTENT,1904.55,1910.85,1898.15,1904.55,32727.0
2021-04-22 12:00:00,NSE:PERSISTENT,1905.0,1905.0,1887.45,1899.8,4870.0
2021-04-22 12:30:00,NSE:PERSISTENT,1899.75,1900.0,1889.55,1891.55,1919.0
2021-04-22 13:00:00,NSE:PERSISTENT,1891.5,1896.85,1882.45,1885.0,7585.0
2021-04-22 13:30:00,NSE:PERSISTENT,1885.7,1888.0,1879.85,1887.0,7386.0
2021-04-22 14:00:00,NSE:PERSISTENT,1886.95,1897.05,1882.0,1884.95,9654.0
2021-04-22 14:30:00,NSE:PERSISTENT,1885.55,1886.65,1878.05,1885.0,20606.0
2021-04-22 15:00:00,NSE:PERSISTENT,1883.3,1885.0,1857.6,1869.9,13769.0
2021-04-22 15:30:00,NSE:PERSISTENT,1873.55,1873.55,1869.9,1869.9,109.0
2021-04-23 09:00:00,NSE:PERSISTENT,1873.55,1915.0,1871.6,1902.7,3398.0
2021-04-23 09:30:00,NSE:PERSISTENT,1902.0,1915.0,1896.45,1903.1,3948.0
2021-04-23 10:00:00,NSE:PERSISTENT,1903.0,1923.95,1903.0,1915.95,3745.0
2021-04-23 10:30:00,NSE:PERSISTENT,1916.0,1922.4,1911.0,1912.2,2631.0
2021-04-23 11:00:00,NSE:PERSISTENT,1913.95,1919.0,1911.2,1912.55,1196.0
2021-04-23 11:30:00,NSE:PERSISTENT,1913.5,1916.1,1903.0,1908.1,2283.0
2021-04-23 12:00:00,NSE:PERSISTENT,1908.1,1918.0,1905.1,1906.35,2056.0
2021-04-23 12:30:00,NSE:PERSISTENT,1906.0,1906.0,1891.9,1894.3,3142.0
2021-04-23 13:00:00,NSE:PERSISTENT,1891.75,1896.85,1884.95,1884.95,1826.0
2021-04-23 13:30:00,NSE:PERSISTENT,1885.0,1885.0,1876.15,1880.0,3530.0
2021-04-23 14:00:00,NSE:PERSISTENT,1880.55,1880.55,1860.75,1872.35,6981.0
2021-04-23 14:30:00,NSE:PERSISTENT,1872.35,1878.7,1869.2,1877.4,1920.0
2021-04-23 15:00:00,NSE:PERSISTENT,1877.85,1880.0,1860.0,1877.0,5868.0
2021-04-23 15:30:00,NSE:PERSISTENT,1875.0,1875.0,1875.0,1875.0,8.0
2021-04-26 09:00:00,NSE:PERSISTENT,1877.0,1922.0,1862.55,1878.0,4735.0
2021-04-26 09:30:00,NSE:PERSISTENT,1878.0,1913.9,1878.0,1905.95,5849.0
2021-04-26 10:00:00,NSE:PERSISTENT,1907.6,1907.9,1881.3,1885.0,3813.0
2021-04-26 10:30:00,NSE:PERSISTENT,1885.0,1890.45,1880.4,1884.25,2696.0
2021-04-26 11:00:00,NSE:PERSISTENT,1884.3,1889.85,1873.0,1887.95,2660.0
2021-04-26 11:30:00,NSE:PERSISTENT,1885.8,1895.0,1885.1,1887.95,2081.0
2021-04-26 12:00:00,NSE:PERSISTENT,1887.5,1891.8,1885.05,1891.65,1107.0
2021-04-26 12:30:00,NSE:PERSISTENT,1891.85,1905.0,1884.25,1902.9,4995.0
2021-04-26 13:00:00,NSE:PERSISTENT,1900.0,1919.0,1900.0,1918.1,6983.0
2021-04-26 13:30:00,NSE:PERSISTENT,1916.55,1922.45,1907.55,1920.0,4260.0
2021-04-26 14:00:00,NSE:PERSISTENT,1919.0,1920.8,1913.5,1917.15,3308.0
2021-04-26 14:30:00,NSE:PERSISTENT,1917.15,1931.0,1913.55,1930.35,7711.0
2021-04-26 15:00:00,NSE:PERSISTENT,1931.0,1941.45,1930.0,1933.55,10682.0
2021-04-26 15:30:00,NSE:PERSISTENT,1935.6,1935.6,1935.6,1935.6,2.0
2021-04-27 09:00:00,NSE:PERSISTENT,1953.0,1964.95,1937.75,1942.7,4402.0
2021-04-27 09:30:00,NSE:PERSISTENT,1942.3,1942.8,1918.0,1924.8,6407.0
2021-04-27 10:00:00,NSE:PERSISTENT,1923.7,1933.45,1917.5,1931.55,4117.0
2021-04-27 10:30:00,NSE:PERSISTENT,1934.3,1949.9,1930.8,1945.95,6283.0
2021-04-27 11:00:00,NSE:PERSISTENT,1945.9,1953.15,1940.4,1947.4,3289.0
2021-04-27 11:30:00,NSE:PERSISTENT,1944.95,2003.6,1941.6,1975.85,98526.0
2021-04-27 12:00:00,NSE:PERSISTENT,1975.85,1977.95,1959.75,1962.3,4602.0
2021-04-27 12:30:00,NSE:PERSISTENT,1963.7,1974.0,1963.7,1970.1,3535.0
2021-04-27 13:00:00,NSE:PERSISTENT,1971.4,1975.15,1970.0,1974.15,1739.0
2021-04-27 13:30:00,NSE:PERSISTENT,1974.15,1980.8,1968.1,1968.15,8689.0
2021-04-27 14:00:00,NSE:PERSISTENT,1968.15,1970.0,1951.45,1957.5,7309.0
2021-04-27 14:30:00,NSE:PERSISTENT,1959.95,1961.4,1946.55,1951.7,4377.0
2021-04-27 15:00:00,NSE:PERSISTENT,1951.6,1957.45,1940.0,1950.0,5315.0
2021-04-27 15:30:00,NSE:PERSISTENT,1950.0,1951.6,1950.0,1950.0,19.0
2021-04-28 09:00:00,NSE:PERSISTENT,1980.0,1985.0,1925.05,1943.25,6028.0
2021-04-28 09:30:00,NSE:PERSISTENT,1946.1,1946.1,1931.0,1938.1,4947.0
2021-04-28 10:00:00,NSE:PERSISTENT,1939.0,1947.95,1935.0,1939.9,3137.0
2021-04-28 10:30:00,NSE:PERSISTENT,1939.9,1942.0,1930.5,1938.3,2591.0
2021-04-28 11:00:00,NSE:PERSISTENT,1938.25,1940.8,1936.2,1938.6,670.0
2021-04-28 11:30:00,NSE:PERSISTENT,1936.05,1940.0,1932.05,1939.6,1125.0
2021-04-28 12:00:00,NSE:PERSISTENT,1939.6,1945.5,1936.0,1940.0,2283.0
2021-04-28 12:30:00,NSE:PERSISTENT,1938.1,1943.15,1937.55,1940.0,1228.0
2021-04-28 13:00:00,NSE:PERSISTENT,1941.75,1946.0,1937.55,1940.0,1884.0
2021-04-28 13:30:00,NSE:PERSISTENT,1939.8,1942.45,1937.55,1940.0,1361.0
2021-04-28 14:00:00,NSE:PERSISTENT,1939.9,1958.95,1935.0,1956.2,8403.0
2021-04-28 14:30:00,NSE:PERSISTENT,1958.05,1960.75,1950.1,1959.05,4639.0
2021-04-28 15:00:00,NSE:PERSISTENT,1959.05,1978.25,1942.4,1975.0,9786.0
2021-04-28 15:30:00,NSE:PERSISTENT,1975.0,1975.0,1960.85,1960.85,29.0
2021-04-29 09:00:00,NSE:PERSISTENT,1990.0,2000.0,1965.05,1981.05,8542.0
2021-04-29 09:30:00,NSE:PERSISTENT,1980.0,1997.9,1965.0,1968.9,9735.0
2021-04-29 10:00:00,NSE:PERSISTENT,1965.05,1969.7,1926.0,1952.95,16049.0
2021-04-29 10:30:00,NSE:PERSISTENT,1954.9,1960.0,1933.7,1945.0,6102.0
2021-04-29 11:00:00,NSE:PERSISTENT,1943.2,1957.0,1940.25,1954.95,2749.0
2021-04-29 11:30:00,NSE:PERSISTENT,1955.0,1961.9,1948.75,1956.95,1592.0
2021-04-29 12:00:00,NSE:PERSISTENT,1953.2,1978.1,1953.2,1968.7,166318.0
2021-04-29 12:30:00,NSE:PERSISTENT,1972.25,1975.0,1968.1,1974.0,2807.0
2021-04-29 13:00:00,NSE:PERSISTENT,1974.0,1974.0,1968.0,1969.95,1719.0
2021-04-29 13:30:00,NSE:PERSISTENT,1969.95,1970.0,1957.95,1966.65,2040.0
2021-04-29 14:00:00,NSE:PERSISTENT,1966.2,1966.2,1954.0,1954.05,2220.0
2021-04-29 14:30:00,NSE:PERSISTENT,1954.2,2002.75,1945.0,1984.95,15639.0
2021-04-29 15:00:00,NSE:PERSISTENT,1980.45,2014.95,1980.0,1997.0,22283.0
2021-04-29 15:30:00,NSE:PERSISTENT,2002.5,2002.5,2002.5,2002.5,20.0
2021-04-30 09:00:00,NSE:PERSISTENT,2050.0,2119.9,2042.55,2092.9,126212.0
2021-04-30 09:30:00,NSE:PERSISTENT,2092.0,2098.7,2065.5,2076.05,73491.0
2021-04-30 10:00:00,NSE:PERSISTENT,2077.15,2081.0,2068.65,2077.0,37582.0
2021-04-30 10:30:00,NSE:PERSISTENT,2076.45,2080.0,2072.3,2077.0,12150.0
2021-04-30 11:00:00,NSE:PERSISTENT,2077.0,2079.0,2074.0,2074.95,6944.0
2021-04-30 11:30:00,NSE:PERSISTENT,2075.0,2096.55,2071.45,2094.0,72604.0
2021-04-30 12:00:00,NSE:PERSISTENT,2093.0,2184.9,2087.0,2155.0,280014.0
2021-04-30 12:30:00,NSE:PERSISTENT,2154.8,2157.85,2115.65,2142.0,64488.0
2021-04-30 13:00:00,NSE:PERSISTENT,2144.85,2159.6,2134.15,2147.0,35090.0
2021-04-30 13:30:00,NSE:PERSISTENT,2145.0,2174.0,2130.6,2147.0,67206.0
2021-04-30 14:00:00,NSE:PERSISTENT,2147.95,2147.95,2064.0,2072.95,87369.0
2021-04-30 14:30:00,NSE:PERSISTENT,2074.8,2091.8,2032.75,2047.3,91126.0
2021-04-30 15:00:00,NSE:PERSISTENT,2046.0,2067.0,2022.6,2060.0,93610.0
2021-04-30 15:30:00,NSE:PERSISTENT,2038.3,2038.3,2038.3,2038.3,3.0
2021-05-03 09:00:00,NSE:PERSISTENT,2000.0,2153.15,1986.45,2127.0,75507.0
2021-05-03 09:30:00,NSE:PERSISTENT,2125.1,2240.0,2106.9,2227.05,163989.0
2021-05-03 10:00:00,NSE:PERSISTENT,2226.0,2231.5,2160.0,2166.75,101366.0
2021-05-03 10:30:00,NSE:PERSISTENT,2166.15,2193.45,2141.0,2148.05,55722.0
2021-05-03 11:00:00,NSE:PERSISTENT,2148.0,2168.45,2113.75,2121.0,48248.0
2021-05-03 11:30:00,NSE:PERSISTENT,2123.45,2145.0,2120.05,2139.8,24791.0
2021-05-03 12:00:00,NSE:PERSISTENT,2139.5,2147.0,2125.0,2126.75,43125.0
2021-05-03 12:30:00,NSE:PERSISTENT,2128.8,2139.85,2115.05,2125.0,35663.0
2021-05-03 13:00:00,NSE:PERSISTENT,2125.0,2150.0,2124.0,2139.1,63609.0
2021-05-03 13:30:00,NSE:PERSISTENT,2139.0,2160.0,2135.0,2140.0,24949.0
2021-05-03 14:00:00,NSE:PERSISTENT,2140.0,2143.55,2137.6,2140.65,18948.0
2021-05-03 14:30:00,NSE:PERSISTENT,2140.0,2148.0,2140.0,2147.0,17108.0
2021-05-03 15:00:00,NSE:PERSISTENT,2146.2,2167.7,2127.05,2155.0,83291.0
2021-05-03 15:30:00,NSE:PERSISTENT,2150.2,2150.2,2150.2,2150.2,24.0
2021-05-04 09:00:00,NSE:PERSISTENT,2200.0,2240.0,2179.7,2185.8,38172.0
2021-05-04 09:30:00,NSE:PERSISTENT,2180.8,2204.45,2180.7,2186.0,27654.0
2021-05-04 10:00:00,NSE:PERSISTENT,2186.0,2189.95,2166.85,2181.15,16373.0
2021-05-04 10:30:00,NSE:PERSISTENT,2179.6,2185.0,2162.75,2182.7,9311.0
2021-05-04 11:00:00,NSE:PERSISTENT,2182.05,2185.0,2178.2,2179.8,9190.0
2021-05-04 11:30:00,NSE:PERSISTENT,2180.0,2190.0,2179.15,2180.45,9508.0
2021-05-04 12:00:00,NSE:PERSISTENT,2183.15,2188.7,2180.0,2186.4,13167.0
2021-05-04 12:30:00,NSE:PERSISTENT,2187.85,2189.0,2180.45,2181.6,9399.0
2021-05-04 13:00:00,NSE:PERSISTENT,2181.5,2187.0,2180.0,2184.5,9826.0
2021-05-04 13:30:00,NSE:PERSISTENT,2185.75,2199.45,2182.65,2191.0,12518.0
2021-05-04 14:00:00,NSE:PERSISTENT,2192.0,2206.5,2188.6,2201.2,11294.0
2021-05-04 14:30:00,NSE:PERSISTENT,2201.2,2216.8,2190.0,2203.65,26525.0
2021-05-04 15:00:00,NSE:PERSISTENT,2203.0,2214.85,2188.6,2194.5,29911.0
2021-05-04 15:30:00,NSE:PERSISTENT,2196.45,2202.8,2196.45,2202.8,10.0
2021-05-05 09:00:00,NSE:PERSISTENT,2203.2,2216.95,2181.35,2190.0,20840.0
2021-05-05 09:30:00,NSE:PERSISTENT,2190.9,2294.95,2190.9,2262.9,86214.0
2021-05-05 10:00:00,NSE:PERSISTENT,2262.25,2275.0,2241.0,2243.0,32393.0
2021-05-05 10:30:00,NSE:PERSISTENT,2243.15,2251.0,2243.15,2249.8,30627.0
2021-05-05 11:00:00,NSE:PERSISTENT,2249.8,2250.1,2236.15,2244.9,9146.0
2021-05-05 11:30:00,NSE:PERSISTENT,2244.75,2249.95,2241.9,2247.2,5113.0
2021-05-05 12:00:00,NSE:PERSISTENT,2245.5,2254.85,2245.0,2246.05,9439.0
2021-05-05 12:30:00,NSE:PERSISTENT,2245.0,2250.15,2244.5,2246.15,6288.0
2021-05-05 13:00:00,NSE:PERSISTENT,2246.45,2263.15,2246.1,2249.65,14910.0
2021-05-05 13:30:00,NSE:PERSISTENT,2248.0,2253.85,2244.5,2249.6,10892.0
2021-05-05 14:00:00,NSE:PERSISTENT,2248.4,2252.95,2245.15,2249.6,15049.0
2021-05-05 14:30:00,NSE:PERSISTENT,2249.6,2251.25,2241.75,2249.5,18068.0
2021-05-05 15:00:00,NSE:PERSISTENT,2249.5,2259.85,2240.85,2256.0,30772.0
2021-05-05 15:30:00,NSE:PERSISTENT,2252.95,2252.95,2252.95,2252.95,6.0
2021-05-06 09:00:00,NSE:PERSISTENT,2250.0,2250.0,2182.2,2189.0,33098.0
2021-05-06 09:30:00,NSE:PERSISTENT,2189.0,2209.9,2186.0,2201.35,14459.0
2021-05-06 10:00:00,NSE:PERSISTENT,2200.1,2207.55,2200.0,2201.8,8309.0
2021-05-06 10:30:00,NSE:PERSISTENT,2203.0,2240.0,2201.0,2238.1,15488.0
2021-05-06 11:00:00,NSE:PERSISTENT,2238.8,2248.0,2221.05,2235.15,16692.0
2021-05-06 11:30:00,NSE:PERSISTENT,2236.0,2240.4,2231.65,2234.95,8408.0
2021-05-06 12:00:00,NSE:PERSISTENT,2236.05,2240.0,2234.0,2237.0,4341.0
2021-05-06 12:30:00,NSE:PERSISTENT,2235.8,2249.2,2235.7,2248.7,10844.0
2021-05-06 13:00:00,NSE:PERSISTENT,2248.7,2263.5,2235.0,2248.7,29642.0
2021-05-06 13:30:00,NSE:PERSISTENT,2244.15,2246.15,2205.2,2210.0,24449.0
2021-05-06 14:00:00,NSE:PERSISTENT,2212.45,2219.05,2197.0,2200.05,19885.0
2021-05-06 14:30:00,NSE:PERSISTENT,2200.0,2204.0,2200.0,2200.1,13157.0
2021-05-06 15:00:00,NSE:PERSISTENT,2201.8,2209.0,2200.0,2202.0,25920.0
2021-05-06 15:30:00,NSE:PERSISTENT,2201.3,2202.0,2201.3,2202.0,160.0
2021-05-07 09:00:00,NSE:PERSISTENT,2209.0,2224.3,2183.55,2192.05,21713.0
2021-05-07 09:30:00,NSE:PERSISTENT,2192.5,2249.0,2191.05,2248.95,27985.0
2021-05-07 10:00:00,NSE:PERSISTENT,2246.35,2268.0,2210.0,2232.5,33308.0
2021-05-07 10:30:00,NSE:PERSISTENT,2232.5,2234.95,2226.1,2229.5,10741.0
2021-05-07 11:00:00,NSE:PERSISTENT,2229.5,2233.0,2226.3,2228.0,26124.0
2021-05-07 11:30:00,NSE:PERSISTENT,2228.0,2249.3,2227.55,2240.0,34607.0
2021-05-07 12:00:00,NSE:PERSISTENT,2239.25,2240.95,2231.0,2240.0,7192.0
2021-05-07 12:30:00,NSE:PERSISTENT,2239.2,2241.2,2238.45,2240.0,6585.0
2021-05-07 13:00:00,NSE:PERSISTENT,2240.0,2244.95,2238.9,2242.0,15189.0
2021-05-07 13:30:00,NSE:PERSISTENT,2241.0,2245.0,2240.0,2244.0,26652.0
2021-05-07 14:00:00,NSE:PERSISTENT,2243.65,2245.0,2240.55,2244.0,23244.0
2021-05-07 14:30:00,NSE:PERSISTENT,2244.0,2264.1,2241.05,2260.0,26147.0
2021-05-07 15:00:00,NSE:PERSISTENT,2260.0,2262.95,2235.1,2259.5,41440.0
2021-05-07 15:30:00,NSE:PERSISTENT,2258.7,2259.5,2258.7,2259.5,231.0
2021-05-10 09:00:00,NSE:PERSISTENT,2280.0,2280.0,2250.4,2276.4,27592.0
2021-05-10 09:30:00,NSE:PERSISTENT,2278.0,2295.0,2275.0,2283.75,32863.0
2021-05-10 10:00:00,NSE:PERSISTENT,2285.2,2298.0,2280.4,2293.0,18273.0
2021-05-10 10:30:00,NSE:PERSISTENT,2292.95,2295.15,2285.0,2285.0,8614.0
2021-05-10 11:00:00,NSE:PERSISTENT,2286.5,2293.95,2285.0,2285.75,10556.0
2021-05-10 11:30:00,NSE:PERSISTENT,2285.6,2295.0,2279.75,2292.8,10263.0
2021-05-10 12:00:00,NSE:PERSISTENT,2292.8,2309.0,2290.0,2290.45,21074.0
2021-05-10 12:30:00,NSE:PERSISTENT,2290.05,2296.0,2285.85,2294.5,6684.0
2021-05-10 13:00:00,NSE:PERSISTENT,2292.0,2315.8,2292.0,2309.9,46569.0
2021-05-10 13:30:00,NSE:PERSISTENT,2310.0,2323.7,2301.65,2315.65,29570.0
2021-05-10 14:00:00,NSE:PERSISTENT,2315.65,2320.0,2303.2,2307.0,28785.0
2021-05-10 14:30:00,NSE:PERSISTENT,2307.0,2310.0,2304.0,2307.85,12397.0
2021-05-10 15:00:00,NSE:PERSISTENT,2307.8,2310.45,2290.0,2298.15,33867.0
2021-05-10 15:30:00,NSE:PERSISTENT,2298.25,2306.35,2298.25,2306.35,55.0
2021-05-11 09:00:00,NSE:PERSISTENT,2280.0,2329.0,2105.6,2290.0,22246.0
2021-05-11 09:30:00,NSE:PERSISTENT,2287.95,2309.35,2287.95,2294.35,13543.0
2021-05-11 10:00:00,NSE:PERSISTENT,2294.35,2294.35,2290.0,2292.2,3370.0
2021-05-11 10:30:00,NSE:PERSISTENT,2292.0,2324.0,2290.9,2323.35,12610.0
2021-05-11 11:00:00,NSE:PERSISTENT,2320.3,2340.95,2311.9,2324.25,21343.0
2021-05-11 11:30:00,NSE:PERSISTENT,2326.2,2337.65,2322.1,2323.45,6710.0
2021-05-11 12:00:00,NSE:PERSISTENT,2325.0,2328.95,2322.0,2326.8,2997.0
2021-05-11 12:30:00,NSE:PERSISTENT,2326.75,2326.75,2310.5,2317.55,4113.0
2021-05-11 13:00:00,NSE:PERSISTENT,2317.55,2317.55,2295.0,2307.05,7781.0
2021-05-11 13:30:00,NSE:PERSISTENT,2305.95,2305.95,2295.0,2302.65,7079.0
2021-05-11 14:00:00,NSE:PERSISTENT,2302.65,2311.25,2294.95,2295.1,9214.0
2021-05-11 14:30:00,NSE:PERSISTENT,2297.05,2300.95,2291.55,2295.9,5347.0
2021-05-11 15:00:00,NSE:PERSISTENT,2296.7,2325.0,2295.15,2315.1,16077.0
2021-05-11 15:30:00,NSE:PERSISTENT,2308.75,2308.75,2308.75,2308.75,5.0
2021-05-12 09:00:00,NSE:PERSISTENT,2318.0,2338.0,2280.55,2289.6,13816.0
2021-05-12 09:30:00,NSE:PERSISTENT,2289.0,2298.2,2264.45,2298.0,33887.0
2021-05-12 10:00:00,NSE:PERSISTENT,2297.95,2307.75,2292.7,2302.2,9836.0
2021-05-12 10:30:00,NSE:PERSISTENT,2302.2,2302.2,2284.0,2291.25,18651.0
2021-05-12 11:00:00,NSE:PERSISTENT,2295.05,2297.5,2288.55,2293.5,5957.0
2021-05-12 11:30:00,NSE:PERSISTENT,2294.7,2304.0,2291.05,2302.0,3101.0
2021-05-12 12:00:00,NSE:PERSISTENT,2301.1,2301.1,2292.0,2295.95,1163.0
2021-05-12 12:30:00,NSE:PERSISTENT,2293.2,2300.0,2290.0,2292.0,4437.0
2021-05-12 13:00:00,NSE:PERSISTENT,2292.35,2300.05,2280.65,2287.7,6821.0
2021-05-12 13:30:00,NSE:PERSISTENT,2287.15,2288.25,2275.3,2284.15,2936.0
2021-05-12 14:00:00,NSE:PERSISTENT,2285.0,2300.05,2280.0,2299.75,6683.0
2021-05-12 14:30:00,NSE:PERSISTENT,2299.75,2300.0,2288.15,2288.15,6890.0
2021-05-12 15:00:00,NSE:PERSISTENT,2286.7,2289.4,2173.35,2212.0,36244.0
2021-05-12 15:30:00,NSE:PERSISTENT,2212.25,2212.55,2212.25,2212.55,21.0
2021-05-14 09:00:00,NSE:PERSISTENT,2228.0,2288.0,2225.0,2276.6,16677.0
2021-05-14 09:30:00,NSE:PERSISTENT,2272.7,2275.05,2246.55,2252.95,6184.0
2021-05-14 10:00:00,NSE:PERSISTENT,2252.7,2269.2,2249.95,2259.0,3150.0
2021-05-14 10:30:00,NSE:PERSISTENT,2260.0,2260.0,2219.0,2229.1,8746.0
2021-05-14 11:00:00,NSE:PERSISTENT,2229.65,2235.55,2214.0,2233.2,4655.0
2021-05-14 11:30:00,NSE:PERSISTENT,2229.45,2235.45,2206.65,2206.65,4208.0
2021-05-14 12:00:00,NSE:PERSISTENT,2202.15,2228.6,2183.9,2228.6,7969.0
2021-05-14 12:30:00,NSE:PERSISTENT,2232.25,2261.95,2224.25,2254.95,9093.0
2021-05-14 13:00:00,NSE:PERSISTENT,2252.2,2263.4,2249.0,2254.65,4662.0
2021-05-14 13:30:00,NSE:PERSISTENT,2249.0,2265.65,2248.0,2262.9,3623.0
2021-05-14 14:00:00,NSE:PERSISTENT,2262.9,2307.0,2260.1,2292.0,25920.0
2021-05-14 14:30:00,NSE:PERSISTENT,2294.0,2304.65,2285.15,2296.95,27934.0
2021-05-14 15:00:00,NSE:PERSISTENT,2297.0,2297.95,2255.9,2290.35,48112.0
2021-05-14 15:30:00,NSE:PERSISTENT,2290.35,2290.35,2278.45,2278.45,766.0
2021-05-17 09:00:00,NSE:PERSISTENT,2310.0,2310.0,2265.0,2269.4,9632.0
2021-05-17 09:30:00,NSE:PERSISTENT,2264.05,2288.0,2260.0,2279.0,17073.0
2021-05-17 10:00:00,NSE:PERSISTENT,2279.0,2282.0,2277.85,2278.9,9713.0
2021-05-17 10:30:00,NSE:PERSISTENT,2280.0,2285.0,2278.25,2282.35,2896.0
2021-05-17 11:00:00,NSE:PERSISTENT,2281.15,2284.95,2279.05,2280.0,27696.0
2021-05-17 11:30:00,NSE:PERSISTENT,2280.05,2284.55,2280.05,2282.5,1175.0
2021-05-17 12:00:00,NSE:PERSISTENT,2282.5,2319.95,2281.0,2314.0,16342.0
2021-05-17 12:30:00,NSE:PERSISTENT,2314.0,2314.0,2301.2,2311.3,7039.0
2021-05-17 13:00:00,NSE:PERSISTENT,2311.3,2383.15,2309.0,2369.35,41446.0
2021-05-17 13:30:00,NSE:PERSISTENT,2369.35,2369.35,2356.85,2365.0,14610.0
2021-05-17 14:00:00,NSE:PERSISTENT,2365.0,2418.25,2364.25,2391.1,73559.0
2021-05-17 14:30:00,NSE:PERSISTENT,2390.5,2405.0,2382.55,2400.0,28440.0
2021-05-17 15:00:00,NSE:PERSISTENT,2397.15,2424.0,2392.65,2418.05,46279.0
2021-05-17 15:30:00,NSE:PERSISTENT,2404.4,2404.4,2404.4,2404.4,25.0
2021-05-18 09:00:00,NSE:PERSISTENT,2417.0,2423.0,2383.9,2396.75,21762.0
2021-05-18 09:30:00,NSE:PERSISTENT,2393.95,2398.85,2375.0,2393.2,13585.0
2021-05-18 10:00:00,NSE:PERSISTENT,2394.85,2394.85,2359.95,2376.05,11792.0
2021-05-18 10:30:00,NSE:PERSISTENT,2377.55,2395.0,2370.0,2388.05,7743.0
2021-05-18 11:00:00,NSE:PERSISTENT,2388.5,2399.0,2385.0,2389.75,7412.0
2021-05-18 11:30:00,NSE:PERSISTENT,2389.5,2399.0,2378.2,2397.5,6307.0
2021-05-18 12:00:00,NSE:PERSISTENT,2397.8,2409.95,2371.45,2386.65,8696.0
2021-05-18 12:30:00,NSE:PERSISTENT,2386.1,2394.05,2377.8,2388.6,2508.0
2021-05-18 13:00:00,NSE:PERSISTENT,2388.2,2390.0,2379.7,2387.25,3329.0
2021-05-18 13:30:00,NSE:PERSISTENT,2387.25,2391.9,2376.5,2380.0,5058.0
2021-05-18 14:00:00,NSE:PERSISTENT,2380.0,2390.95,2327.0,2354.0,13990.0
2021-05-18 14:30:00,NSE:PERSISTENT,2352.0,2355.8,2311.55,2337.9,22859.0
2021-05-18 15:00:00,NSE:PERSISTENT,2339.95,2350.0,2313.9,2344.85,26318.0
2021-05-18 15:30:00,NSE:PERSISTENT,2331.4,2344.85,2331.4,2331.4,26.0
2021-05-19 09:00:00,NSE:PERSISTENT,2333.0,2350.0,2331.65,2347.4,9310.0
2021-05-19 09:30:00,NSE:PERSISTENT,2347.0,2384.0,2330.8,2376.35,21157.0
2021-05-19 10:00:00,NSE:PERSISTENT,2377.8,2385.0,2372.4,2377.65,10838.0
2021-05-19 10:30:00,NSE:PERSISTENT,2377.65,2410.0,2363.8,2401.8,12494.0
2021-05-19 11:00:00,NSE:PERSISTENT,2401.5,2442.25,2395.0,2423.0,45223.0
2021-05-19 11:30:00,NSE:PERSISTENT,2425.05,2429.9,2408.65,2412.05,12841.0
2021-05-19 12:00:00,NSE:PERSISTENT,2412.5,2421.4,2412.1,2416.95,6058.0
2021-05-19 12:30:00,NSE:PERSISTENT,2416.95,2419.4,2410.1,2414.05,5017.0
2021-05-19 13:00:00,NSE:PERSISTENT,2414.1,2417.0,2407.0,2411.35,5192.0
2021-05-19 13:30:00,NSE:PERSISTENT,2411.35,2414.55,2389.85,2394.05,10033.0
2021-05-19 14:00:00,NSE:PERSISTENT,2394.05,2399.0,2377.0,2394.0,9127.0
2021-05-19 14:30:00,NSE:PERSISTENT,2394.0,2415.25,2390.15,2413.5,10771.0
2021-05-19 15:00:00,NSE:PERSISTENT,2414.25,2415.15,2386.5,2409.0,18318.0
2021-05-19 15:30:00,NSE:PERSISTENT,2409.0,2409.0,2408.45,2408.45,16.0
2021-05-20 09:00:00,NSE:PERSISTENT,2407.0,2423.8,2380.0,2384.25,7818.0
2021-05-20 09:30:00,NSE:PERSISTENT,2381.15,2400.0,2375.0,2398.0,7849.0
2021-05-20 10:00:00,NSE:PERSISTENT,2399.0,2400.0,2380.6,2381.85,4631.0
2021-05-20 10:30:00,NSE:PERSISTENT,2383.0,2384.25,2376.05,2383.0,4972.0
2021-05-20 11:00:00,NSE:PERSISTENT,2383.0,2384.0,2370.0,2372.5,3361.0
2021-05-20 11:30:00,NSE:PERSISTENT,2373.9,2374.95,2351.25,2358.95,7513.0
2021-05-20 12:00:00,NSE:PERSISTENT,2359.0,2359.0,2342.0,2342.25,11767.0
2021-05-20 12:30:00,NSE:PERSISTENT,2340.45,2351.0,2335.0,2348.3,8861.0
2021-05-20 13:00:00,NSE:PERSISTENT,2345.0,2351.5,2342.5,2345.0,4497.0
2021-05-20 13:30:00,NSE:PERSISTENT,2345.0,2350.0,2342.5,2345.0,3410.0
2021-05-20 14:00:00,NSE:PERSISTENT,2345.0,2348.0,2326.0,2339.95,12350.0
2021-05-20 14:30:00,NSE:PERSISTENT,2341.1,2344.85,2331.0,2335.5,5922.0
2021-05-20 15:00:00,NSE:PERSISTENT,2335.5,2340.0,2309.5,2340.0,23170.0
2021-05-20 15:30:00,NSE:PERSISTENT,2340.0,2340.0,2332.75,2332.75,156.0
2021-05-21 09:00:00,NSE:PERSISTENT,2355.0,2365.0,2332.0,2344.55,14897.0
2021-05-21 09:30:00,NSE:PERSISTENT,2345.05,2379.0,2343.6,2370.05,38321.0
2021-05-21 10:00:00,NSE:PERSISTENT,2371.75,2374.35,2358.1,2373.95,5574.0
2021-05-21 10:30:00,NSE:PERSISTENT,2376.0,2393.0,2375.6,2383.4,9763.0
2021-05-21 11:00:00,NSE:PERSISTENT,2384.3,2389.8,2378.8,2386.3,12031.0
2021-05-21 11:30:00,NSE:PERSISTENT,2387.9,2402.0,2382.0,2383.6,8104.0
2021-05-21 12:00:00,NSE:PERSISTENT,2383.6,2388.0,2375.0,2383.7,3478.0
2021-05-21 12:30:00,NSE:PERSISTENT,2383.7,2395.0,2380.55,2395.0,4868.0
2021-05-21 13:00:00,NSE:PERSISTENT,2391.0,2394.75,2380.25,2388.45,6084.0
2021-05-21 13:30:00,NSE:PERSISTENT,2388.5,2393.75,2387.0,2393.0,3925.0
2021-05-21 14:00:00,NSE:PERSISTENT,2393.0,2407.8,2387.0,2396.65,11621.0
2021-05-21 14:30:00,NSE:PERSISTENT,2394.2,2396.3,2382.0,2385.65,12710.0
2021-05-21 15:00:00,NSE:PERSISTENT,2387.35,2400.0,2384.05,2390.1,18578.0
2021-05-21 15:30:00,NSE:PERSISTENT,2389.2,2390.1,2389.2,2389.2,145.0
2021-05-24 09:00:00,NSE:PERSISTENT,2390.1,2415.1,2389.6,2398.55,8115.0
2021-05-24 09:30:00,NSE:PERSISTENT,2398.55,2408.6,2370.05,2370.8,15460.0
2021-05-24 10:00:00,NSE:PERSISTENT,2372.9,2377.8,2354.6,2373.75,8166.0
2021-05-24 10:30:00,NSE:PERSISTENT,2373.0,2379.35,2366.3,2371.85,3426.0
2021-05-24 11:00:00,NSE:PERSISTENT,2371.55,2394.95,2371.55,2375.95,5672.0
2021-05-24 11:30:00,NSE:PERSISTENT,2375.3,2376.35,2371.35,2375.0,2120.0
2021-05-24 12:00:00,NSE:PERSISTENT,2375.0,2387.1,2370.8,2387.1,9427.0
2021-05-24 12:30:00,NSE:PERSISTENT,2386.0,2448.6,2386.0,2439.5,48840.0
2021-05-24 13:00:00,NSE:PERSISTENT,2440.1,2460.0,2439.0,2452.35,25535.0
2021-05-24 13:30:00,NSE:PERSISTENT,2452.85,2452.85,2441.25,2447.45,7116.0
2021-05-24 14:00:00,NSE:PERSISTENT,2447.65,2454.1,2440.0,2444.55,10121.0
2021-05-24 14:30:00,NSE:PERSISTENT,2442.55,2450.0,2416.1,2444.35,13871.0
2021-05-24 15:00:00,NSE:PERSISTENT,2442.45,2444.0,2411.6,2444.0,14372.0
2021-05-24 15:30:00,NSE:PERSISTENT,2448.0,2448.0,2429.15,2429.15,23.0
2021-05-25 09:00:00,NSE:PERSISTENT,2450.15,2456.7,2436.95,2444.05,7636.0
2021-05-25 09:30:00,NSE:PERSISTENT,2446.0,2459.0,2435.0,2441.45,9680.0
2021-05-25 10:00:00,NSE:PERSISTENT,2444.55,2498.45,2442.05,2491.0,46915.0
2021-05-25 10:30:00,NSE:PERSISTENT,2491.0,2494.85,2480.0,2487.8,19750.0
2021-05-25 11:00:00,NSE:PERSISTENT,2490.0,2498.7,2487.0,2494.0,8456.0
2021-05-25 11:30:00,NSE:PERSISTENT,2494.4,2494.7,2489.65,2491.15,4526.0
2021-05-25 12:00:00,NSE:PERSISTENT,2491.25,2494.6,2489.0,2491.25,4922.0
2021-05-25 12:30:00,NSE:PERSISTENT,2491.25,2507.75,2489.0,2489.3,20482.0
2021-05-25 13:00:00,NSE:PERSISTENT,2486.0,2497.8,2482.6,2490.25,12479.0
2021-05-25 13:30:00,NSE:PERSISTENT,2492.95,2494.75,2488.0,2491.8,9767.0
2021-05-25 14:00:00,NSE:PERSISTENT,2491.8,2495.9,2489.95,2492.9,12721.0
2021-05-25 14:30:00,NSE:PERSISTENT,2493.25,2498.0,2490.0,2494.0,12671.0
2021-05-25 15:00:00,NSE:PERSISTENT,2492.65,2510.0,2490.0,2500.0,23027.0
2021-05-25 15:30:00,NSE:PERSISTENT,2499.35,2500.0,2499.35,2499.35,53.0
2021-05-26 09:00:00,NSE:PERSISTENT,2510.0,2519.65,2464.25,2481.6,14682.0
2021-05-26 09:30:00,NSE:PERSISTENT,2481.8,2487.65,2465.05,2485.0,10145.0
2021-05-26 10:00:00,NSE:PERSISTENT,2485.0,2498.0,2471.0,2497.0,7367.0
2021-05-26 10:30:00,NSE:PERSISTENT,2496.2,2519.0,2488.05,2511.2,11847.0
2021-05-26 11:00:00,NSE:PERSISTENT,2512.3,2533.4,2503.1,2517.6,10800.0
2021-05-26 11:30:00,NSE:PERSISTENT,2519.15,2546.7,2512.5,2540.0,20305.0
2021-05-26 12:00:00,NSE:PERSISTENT,2541.0,2543.0,2520.85,2535.0,11192.0
2021-05-26 12:30:00,NSE:PERSISTENT,2535.0,2540.0,2529.05,2536.3,6245.0
2021-05-26 13:00:00,NSE:PERSISTENT,2533.05,2537.4,2519.95,2520.85,14172.0
2021-05-26 13:30:00,NSE:PERSISTENT,2520.0,2527.05,2511.0,2523.55,9335.0
2021-05-26 14:00:00,NSE:PERSISTENT,2523.2,2533.7,2513.95,2514.35,5709.0
2021-05-26 14:30:00,NSE:PERSISTENT,2516.3,2520.05,2514.05,2517.0,20813.0
2021-05-26 15:00:00,NSE:PERSISTENT,2517.05,2520.0,2505.4,2512.5,14491.0
2021-05-26 15:30:00,NSE:PERSISTENT,2515.0,2515.0,2515.0,2515.0,13.0
2021-05-27 09:00:00,NSE:PERSISTENT,2530.0,2539.0,2475.05,2491.55,16037.0
2021-05-27 09:30:00,NSE:PERSISTENT,2496.95,2543.95,2492.65,2528.0,20539.0
2021-05-27 10:00:00,NSE:PERSISTENT,2528.05,2531.55,2505.0,2508.25,14624.0
2021-05-27 10:30:00,NSE:PERSISTENT,2508.2,2516.95,2505.0,2507.85,4250.0
2021-05-27 11:00:00,NSE:PERSISTENT,2510.0,2510.0,2495.4,2498.5,4965.0
2021-05-27 11:30:00,NSE:PERSISTENT,2498.45,2498.45,2490.0,2492.05,21911.0
2021-05-27 12:00:00,NSE:PERSISTENT,2494.65,2516.95,2492.0,2516.95,8138.0
2021-05-27 12:30:00,NSE:PERSISTENT,2513.5,2538.3,2512.0,2522.0,14421.0
2021-05-27 13:00:00,NSE:PERSISTENT,2524.7,2532.15,2515.0,2519.5,9197.0
2021-05-27 13:30:00,NSE:PERSISTENT,2522.0,2522.8,2504.75,2516.45,13565.0
2021-05-27 14:00:00,NSE:PERSISTENT,2518.5,2520.05,2512.3,2516.65,13933.0
2021-05-27 14:30:00,NSE:PERSISTENT,2518.95,2520.0,2509.5,2516.9,11869.0
2021-05-27 15:00:00,NSE:PERSISTENT,2516.05,2568.0,2512.8,2549.0,65728.0
2021-05-27 15:30:00,NSE:PERSISTENT,2528.05,2528.05,2528.05,2528.05,4.0
2021-05-28 09:00:00,NSE:PERSISTENT,2544.0,2554.95,2505.15,2516.95,12965.0
2021-05-28 09:30:00,NSE:PERSISTENT,2516.95,2533.25,2516.95,2524.0,7293.0
2021-05-28 10:00:00,NSE:PERSISTENT,2522.0,2525.95,2486.0,2496.0,15061.0
2021-05-28 10:30:00,NSE:PERSISTENT,2499.55,2503.7,2494.0,2500.0,5942.0
2021-05-28 11:00:00,NSE:PERSISTENT,2500.0,2509.9,2496.1,2496.9,4833.0
2021-05-28 11:30:00,NSE:PERSISTENT,2497.15,2500.0,2495.2,2497.15,4839.0
2021-05-28 12:00:00,NSE:PERSISTENT,2499.55,2513.45,2497.1,2502.0,5803.0
2021-05-28 12:30:00,NSE:PERSISTENT,2501.0,2501.0,2495.9,2499.3,2228.0
2021-05-28 13:00:00,NSE:PERSISTENT,2496.5,2500.0,2496.5,2499.55,2699.0
2021-05-28 13:30:00,NSE:PERSISTENT,2499.95,2500.0,2495.2,2499.3,2514.0
2021-05-28 14:00:00,NSE:PERSISTENT,2497.75,2500.0,2496.7,2500.0,3998.0
2021-05-28 14:30:00,NSE:PERSISTENT,2500.0,2500.0,2483.0,2487.8,7216.0
2021-05-28 15:00:00,NSE:PERSISTENT,2488.0,2499.0,2460.0,2490.0,12372.0
2021-05-28 15:30:00,NSE:PERSISTENT,2482.3,2482.3,2482.3,2482.3,31.0
2021-05-31 09:00:00,NSE:PERSISTENT,2513.0,2513.0,2458.6,2477.45,14822.0
2021-05-31 09:30:00,NSE:PERSISTENT,2477.15,2521.0,2472.7,2515.0,22650.0
2021-05-31 10:00:00,NSE:PERSISTENT,2515.0,2541.05,2510.0,2524.45,18410.0
2021-05-31 10:30:00,NSE:PERSISTENT,2524.45,2547.85,2522.65,2541.15,18814.0
2021-05-31 11:00:00,NSE:PERSISTENT,2540.5,2544.25,2529.1,2541.65,14167.0
2021-05-31 11:30:00,NSE:PERSISTENT,2541.6,2551.0,2540.5,2546.65,20314.0
2021-05-31 12:00:00,NSE:PERSISTENT,2546.6,2555.0,2541.5,2545.75,11393.0
2021-05-31 12:30:00,NSE:PERSISTENT,2545.65,2553.65,2540.8,2549.4,19427.0
2021-05-31 13:00:00,NSE:PERSISTENT,2550.0,2554.15,2542.55,2546.35,16827.0
2021-05-31 13:30:00,NSE:PERSISTENT,2546.15,2547.8,2510.45,2536.85,25691.0
2021-05-31 14:00:00,NSE:PERSISTENT,2534.65,2546.1,2534.15,2543.0,10319.0
2021-05-31 14:30:00,NSE:PERSISTENT,2543.3,2546.0,2535.05,2543.3,9200.0
2021-05-31 15:00:00,NSE:PERSISTENT,2544.9,2546.85,2535.4,2542.3,15205.0
2021-05-31 15:30:00,NSE:PERSISTENT,2542.75,2542.95,2542.75,2542.95,102.0
2021-06-01 09:00:00,NSE:PERSISTENT,2543.0,2558.7,2525.0,2544.15,9539.0
2021-06-01 09:30:00,NSE:PERSISTENT,2544.9,2560.0,2530.0,2538.35,19010.0
2021-06-01 10:00:00,NSE:PERSISTENT,2538.35,2541.55,2522.0,2539.85,11399.0
2021-06-01 10:30:00,NSE:PERSISTENT,2538.85,2552.35,2538.85,2545.7,6778.0
2021-06-01 11:00:00,NSE:PERSISTENT,2543.75,2546.95,2526.85,2529.7,5751.0
2021-06-01 11:30:00,NSE:PERSISTENT,2529.7,2531.2,2520.2,2525.0,4772.0
2021-06-01 12:00:00,NSE:PERSISTENT,2525.0,2527.45,2522.0,2526.15,1957.0
2021-06-01 12:30:00,NSE:PERSISTENT,2526.05,2526.05,2521.15,2524.75,3231.0
2021-06-01 13:00:00,NSE:PERSISTENT,2521.85,2526.05,2521.5,2522.05,4500.0
2021-06-01 13:30:00,NSE:PERSISTENT,2522.6,2524.9,2515.0,2521.05,4431.0
2021-06-01 14:00:00,NSE:PERSISTENT,2522.75,2523.2,2481.05,2495.0,10102.0
2021-06-01 14:30:00,NSE:PERSISTENT,2495.95,2520.0,2495.0,2501.5,5950.0
2021-06-01 15:00:00,NSE:PERSISTENT,2501.8,2506.0,2481.35,2495.0,12497.0
2021-06-01 15:30:00,NSE:PERSISTENT,2495.0,2495.0,2494.1,2494.1,67.0
2021-06-02 09:00:00,NSE:PERSISTENT,2509.45,2513.0,2490.05,2494.95,7298.0
2021-06-02 09:30:00,NSE:PERSISTENT,2495.0,2495.0,2465.8,2471.4,13588.0
2021-06-02 10:00:00,NSE:PERSISTENT,2471.7,2493.95,2461.4,2490.0,27321.0
2021-06-02 10:30:00,NSE:PERSISTENT,2491.9,2507.35,2489.35,2506.3,10445.0
2021-06-02 11:00:00,NSE:PERSISTENT,2506.25,2506.95,2493.15,2500.3,2945.0
2021-06-02 11:30:00,NSE:PERSISTENT,2500.3,2502.15,2488.0,2491.0,4203.0
2021-06-02 12:00:00,NSE:PERSISTENT,2491.0,2491.0,2473.05,2488.0,8220.0
2021-06-02 12:30:00,NSE:PERSISTENT,2487.95,2488.0,2480.05,2484.9,17296.0
2021-06-02 13:00:00,NSE:PERSISTENT,2484.95,2486.15,2482.25,2485.0,7484.0
2021-06-02 13:30:00,NSE:PERSISTENT,2485.0,2485.1,2470.7,2478.45,4687.0
2021-06-02 14:00:00,NSE:PERSISTENT,2478.45,2483.9,2475.0,2478.95,3445.0
2021-06-02 14:30:00,NSE:PERSISTENT,2478.95,2480.0,2475.0,2478.45,8611.0
2021-06-02 15:00:00,NSE:PERSISTENT,2478.45,2484.15,2466.1,2470.25,14947.0
2021-06-02 15:30:00,NSE:PERSISTENT,2477.65,2477.65,2470.25,2470.25,101.0
2021-06-03 09:00:00,NSE:PERSISTENT,2498.0,2512.0,2481.3,2491.0,8869.0
2021-06-03 09:30:00,NSE:PERSISTENT,2491.1,2493.2,2481.0,2484.3,7139.0
2021-06-03 10:00:00,NSE:PERSISTENT,2484.3,2490.05,2481.85,2486.0,2370.0
2021-06-03 10:30:00,NSE:PERSISTENT,2486.9,2491.7,2483.9,2486.9,2656.0
2021-06-03 11:00:00,NSE:PERSISTENT,2486.9,2490.0,2484.0,2486.3,2674.0
2021-06-03 11:30:00,NSE:PERSISTENT,2486.3,2489.95,2482.0,2484.1,5520.0
2021-06-03 12:00:00,NSE:PERSISTENT,2485.85,2487.05,2475.0,2477.75,4498.0
2021-06-03 12:30:00,NSE:PERSISTENT,2478.3,2478.75,2467.5,2477.95,5009.0
2021-06-03 13:00:00,NSE:PERSISTENT,2477.95,2489.95,2476.05,2478.0,5046.0
2021-06-03 13:30:00,NSE:PERSISTENT,2478.0,2482.0,2475.3,2481.7,2297.0
2021-06-03 14:00:00,NSE:PERSISTENT,2481.7,2481.7,2425.1,2453.25,21477.0
2021-06-03 14:30:00,NSE:PERSISTENT,2453.6,2453.6,2395.0,2408.0,34349.0
2021-06-03 15:00:00,NSE:PERSISTENT,2409.0,2428.8,2399.0,2409.45,32532.0
2021-06-03 15:30:00,NSE:PERSISTENT,2409.85,2412.55,2409.85,2412.55,30.0
2021-06-04 09:00:00,NSE:PERSISTENT,2412.0,2440.0,2404.9,2431.1,14582.0
2021-06-04 09:30:00,NSE:PERSISTENT,2433.55,2435.0,2404.1,2417.0,16061.0
2021-06-04 10:00:00,NSE:PERSISTENT,2417.0,2438.5,2417.0,2427.9,7097.0
2021-06-04 10:30:00,NSE:PERSISTENT,2427.85,2430.95,2418.45,2428.85,2355.0
2021-06-04 11:00:00,NSE:PERSISTENT,2429.1,2430.0,2417.95,2418.6,1450.0
2021-06-04 11:30:00,NSE:PERSISTENT,2418.0,2424.7,2416.5,2422.5,4302.0
2021-06-04 12:00:00,NSE:PERSISTENT,2420.0,2423.35,2415.7,2419.5,22691.0
2021-06-04 12:30:00,NSE:PERSISTENT,2421.9,2460.0,2420.05,2457.0,12449.0
2021-06-04 13:00:00,NSE:PERSISTENT,2459.35,2469.3,2452.75,2456.5,8154.0
2021-06-04 13:30:00,NSE:PERSISTENT,2455.15,2461.1,2446.15,2456.9,2550.0
2021-06-04 14:00:00,NSE:PERSISTENT,2456.9,2470.0,2450.2,2452.0,6947.0
2021-06-04 14:30:00,NSE:PERSISTENT,2452.0,2465.0,2447.05,2460.0,7100.0
2021-06-04 15:00:00,NSE:PERSISTENT,2461.7,2465.65,2457.25,2461.0,9602.0
2021-06-04 15:30:00,NSE:PERSISTENT,2462.0,2462.0,2462.0,2462.0,3.0
2021-06-07 09:00:00,NSE:PERSISTENT,2466.0,2486.0,2440.0,2441.8,6201.0
2021-06-07 09:30:00,NSE:PERSISTENT,2441.05,2474.95,2441.05,2469.2,6874.0
2021-06-07 10:00:00,NSE:PERSISTENT,2469.75,2490.0,2467.6,2474.7,12808.0
2021-06-07 10:30:00,NSE:PERSISTENT,2474.7,2477.9,2451.1,2455.1,7244.0
2021-06-07 11:00:00,NSE:PERSISTENT,2455.1,2455.7,2447.95,2452.65,5146.0
2021-06-07 11:30:00,NSE:PERSISTENT,2453.35,2455.6,2447.25,2455.25,6072.0
2021-06-07 12:00:00,NSE:PERSISTENT,2455.25,2456.0,2451.65,2455.25,1987.0
2021-06-07 12:30:00,NSE:PERSISTENT,2455.25,2459.85,2450.3,2455.5,5072.0
2021-06-07 13:00:00,NSE:PERSISTENT,2453.9,2457.45,2449.5,2455.5,8640.0
2021-06-07 13:30:00,NSE:PERSISTENT,2455.5,2460.0,2451.75,2460.0,13178.0
2021-06-07 14:00:00,NSE:PERSISTENT,2460.0,2469.0,2456.9,2464.95,7214.0
2021-06-07 14:30:00,NSE:PERSISTENT,2464.95,2467.75,2460.2,2462.0,5181.0
2021-06-07 15:00:00,NSE:PERSISTENT,2463.5,2465.95,2455.0,2462.0,10232.0
2021-06-07 15:30:00,NSE:PERSISTENT,2455.2,2461.2,2455.2,2461.2,29.0
2021-06-08 09:00:00,NSE:PERSISTENT,2462.9,2486.95,2451.95,2457.75,7685.0
2021-06-08 09:30:00,NSE:PERSISTENT,2455.45,2489.95,2455.45,2489.95,13748.0
2021-06-08 10:00:00,NSE:PERSISTENT,2489.35,2524.8,2485.4,2513.6,37485.0
2021-06-08 10:30:00,NSE:PERSISTENT,2514.4,2517.25,2509.7,2513.0,6730.0
2021-06-08 11:00:00,NSE:PERSISTENT,2513.0,2515.0,2505.7,2509.3,4722.0
2021-06-08 11:30:00,NSE:PERSISTENT,2511.0,2514.85,2508.3,2512.65,3691.0
2021-06-08 12:00:00,NSE:PERSISTENT,2510.25,2514.05,2506.0,2512.95,4498.0
2021-06-08 12:30:00,NSE:PERSISTENT,2512.95,2515.0,2496.85,2514.6,5907.0
2021-06-08 13:00:00,NSE:PERSISTENT,2515.0,2524.45,2513.05,2524.2,6932.0
2021-06-08 13:30:00,NSE:PERSISTENT,2523.45,2539.25,2514.3,2521.3,12229.0
2021-06-08 14:00:00,NSE:PERSISTENT,2521.2,2521.2,2510.0,2512.1,3404.0
2021-06-08 14:30:00,NSE:PERSISTENT,2511.8,2525.0,2510.65,2525.0,6061.0
2021-06-08 15:00:00,NSE:PERSISTENT,2525.0,2532.0,2505.45,2524.0,15640.0
2021-06-08 15:30:00,NSE:PERSISTENT,2524.0,2524.0,2513.0,2513.0,8.0
2021-06-09 09:00:00,NSE:PERSISTENT,2550.0,2555.0,2525.0,2538.65,9009.0
2021-06-09 09:30:00,NSE:PERSISTENT,2537.35,2544.9,2530.45,2539.8,5645.0
2021-06-09 10:00:00,NSE:PERSISTENT,2539.85,2540.0,2525.25,2527.7,5170.0
2021-06-09 10:30:00,NSE:PERSISTENT,2527.7,2530.4,2525.45,2529.5,5554.0
2021-06-09 11:00:00,NSE:PERSISTENT,2530.0,2530.2,2525.0,2529.45,4735.0
2021-06-09 11:30:00,NSE:PERSISTENT,2529.45,2530.1,2526.9,2529.4,4008.0
2021-06-09 12:00:00,NSE:PERSISTENT,2530.0,2530.0,2525.0,2530.0,4005.0
2021-06-09 12:30:00,NSE:PERSISTENT,2530.0,2530.0,2526.6,2529.35,4934.0
2021-06-09 13:00:00,NSE:PERSISTENT,2529.35,2529.95,2506.5,2525.0,11619.0
2021-06-09 13:30:00,NSE:PERSISTENT,2525.0,2529.4,2511.6,2516.1,6772.0
2021-06-09 14:00:00,NSE:PERSISTENT,2516.1,2527.3,2512.35,2523.75,5083.0
2021-06-09 14:30:00,NSE:PERSISTENT,2525.95,2528.2,2502.2,2516.2,12007.0
2021-06-09 15:00:00,NSE:PERSISTENT,2516.35,2519.95,2460.8,2495.1,19845.0
2021-06-09 15:30:00,NSE:PERSISTENT,2488.1,2488.1,2488.1,2488.1,50.0
2021-06-10 09:00:00,NSE:PERSISTENT,2516.0,2522.0,2500.0,2522.0,4508.0
2021-06-10 09:30:00,NSE:PERSISTENT,2523.95,2533.3,2512.1,2518.65,6453.0
2021-06-10 10:00:00,NSE:PERSISTENT,2521.5,2525.0,2504.0,2504.0,3638.0
2021-06-10 10:30:00,NSE:PERSISTENT,2503.85,2512.05,2492.9,2507.6,5412.0
2021-06-10 11:00:00,NSE:PERSISTENT,2507.6,2509.1,2492.6,2499.85,6372.0
2021-06-10 11:30:00,NSE:PERSISTENT,2499.75,2500.95,2496.7,2499.0,4914.0
2021-06-10 12:00:00,NSE:PERSISTENT,2498.55,2500.5,2495.15,2500.0,8407.0
2021-06-10 12:30:00,NSE:PERSISTENT,2497.15,2500.5,2496.05,2499.05,3433.0
2021-06-10 13:00:00,NSE:PERSISTENT,2497.2,2524.75,2497.2,2518.0,9709.0
2021-06-10 13:30:00,NSE:PERSISTENT,2519.6,2519.7,2507.25,2515.1,8077.0
2021-06-10 14:00:00,NSE:PERSISTENT,2515.1,2516.5,2506.0,2507.85,3144.0
2021-06-10 14:30:00,NSE:PERSISTENT,2510.35,2523.9,2505.05,2520.1,30782.0
2021-06-10 15:00:00,NSE:PERSISTENT,2520.55,2521.4,2515.0,2520.4,16785.0
2021-06-10 15:30:00,NSE:PERSISTENT,2520.4,2520.4,2518.7,2518.7,13.0
2021-06-11 09:00:00,NSE:PERSISTENT,2533.0,2540.0,2493.0,2519.6,4094.0
2021-06-11 09:30:00,NSE:PERSISTENT,2522.0,2539.9,2515.9,2534.3,6308.0
2021-06-11 10:00:00,NSE:PERSISTENT,2534.3,2538.0,2527.05,2533.6,2962.0
2021-06-11 10:30:00,NSE:PERSISTENT,2536.75,2548.85,2519.65,2524.3,18542.0
2021-06-11 11:00:00,NSE:PERSISTENT,2525.0,2540.05,2519.7,2527.5,76996.0
2021-06-11 11:30:00,NSE:PERSISTENT,2530.0,2531.8,2520.0,2524.95,2921.0
2021-06-11 12:00:00,NSE:PERSISTENT,2524.95,2525.0,2516.35,2518.9,3217.0
2021-06-11 12:30:00,NSE:PERSISTENT,2520.0,2523.3,2518.0,2519.15,1715.0
2021-06-11 13:00:00,NSE:PERSISTENT,2520.0,2522.85,2510.95,2521.4,4693.0
2021-06-11 13:30:00,NSE:PERSISTENT,2521.85,2522.95,2515.8,2518.7,2384.0
2021-06-11 14:00:00,NSE:PERSISTENT,2518.7,2522.25,2517.1,2519.85,2032.0
2021-06-11 14:30:00,NSE:PERSISTENT,2520.0,2525.5,2518.65,2525.0,6221.0
2021-06-11 15:00:00,NSE:PERSISTENT,2522.35,2525.05,2480.05,2481.0,87476.0
2021-06-11 15:30:00,NSE:PERSISTENT,2480.0,2520.25,2480.0,2520.25,310.0
2021-06-14 09:00:00,NSE:PERSISTENT,2510.0,2529.4,2491.2,2503.0,9541.0
2021-06-14 09:30:00,NSE:PERSISTENT,2501.35,2550.0,2494.85,2541.55,13484.0
2021-06-14 10:00:00,NSE:PERSISTENT,2544.2,2554.0,2524.5,2527.9,11991.0
2021-06-14 10:30:00,NSE:PERSISTENT,2529.25,2529.25,2521.7,2521.95,3089.0
2021-06-14 11:00:00,NSE:PERSISTENT,2524.45,2526.0,2520.05,2523.85,1815.0
2021-06-14 11:30:00,NSE:PERSISTENT,2523.85,2526.85,2519.7,2522.85,2199.0
2021-06-14 12:00:00,NSE:PERSISTENT,2523.2,2526.95,2519.6,2525.2,4307.0
2021-06-14 12:30:00,NSE:PERSISTENT,2525.1,2525.6,2493.0,2494.2,13588.0
2021-06-14 13:00:00,NSE:PERSISTENT,2494.9,2499.95,2480.0,2483.0,8005.0
2021-06-14 13:30:00,NSE:PERSISTENT,2483.0,2510.0,2483.0,2490.75,9633.0
2021-06-14 14:00:00,NSE:PERSISTENT,2490.8,2517.85,2490.0,2510.6,12753.0
2021-06-14 14:30:00,NSE:PERSISTENT,2510.6,2525.75,2510.0,2524.85,17530.0
2021-06-14 15:00:00,NSE:PERSISTENT,2525.0,2539.8,2513.55,2525.5,20297.0
2021-06-14 15:30:00,NSE:PERSISTENT,2524.45,2524.45,2524.45,2524.45,50.0
2021-06-15 09:00:00,NSE:PERSISTENT,2526.7,2544.25,2523.5,2540.0,5055.0
2021-06-15 09:30:00,NSE:PERSISTENT,2537.25,2549.9,2525.0,2547.4,6087.0
2021-06-15 10:00:00,NSE:PERSISTENT,2544.0,2549.0,2537.95,2549.0,4051.0
2021-06-15 10:30:00,NSE:PERSISTENT,2549.0,2556.0,2534.65,2545.9,10701.0
2021-06-15 11:00:00,NSE:PERSISTENT,2546.0,2553.65,2544.8,2551.15,3669.0
2021-06-15 11:30:00,NSE:PERSISTENT,2551.0,2553.8,2546.85,2550.1,4907.0
2021-06-15 12:00:00,NSE:PERSISTENT,2549.7,2550.5,2545.9,2548.7,3094.0
2021-06-15 12:30:00,NSE:PERSISTENT,2548.7,2551.2,2546.05,2549.85,15718.0
2021-06-15 13:00:00,NSE:PERSISTENT,2549.85,2554.0,2546.0,2550.0,7403.0
2021-06-15 13:30:00,NSE:PERSISTENT,2550.0,2553.95,2547.5,2550.0,8397.0
2021-06-15 14:00:00,NSE:PERSISTENT,2550.0,2553.5,2542.55,2548.65,12727.0
2021-06-15 14:30:00,NSE:PERSISTENT,2548.65,2550.0,2540.0,2549.9,7204.0
2021-06-15 15:00:00,NSE:PERSISTENT,2550.0,2556.0,2520.0,2520.0,26909.0
2021-06-15 15:30:00,NSE:PERSISTENT,2520.0,2542.2,2520.0,2542.2,101.0
2021-06-16 09:00:00,NSE:PERSISTENT,2540.0,2540.0,2522.9,2531.95,4259.0
2021-06-16 09:30:00,NSE:PERSISTENT,2532.0,2545.0,2521.05,2533.35,6605.0
2021-06-16 10:00:00,NSE:PERSISTENT,2534.4,2539.9,2527.05,2537.0,2735.0
2021-06-16 10:30:00,NSE:PERSISTENT,2534.0,2587.0,2534.0,2585.0,34410.0
2021-06-16 11:00:00,NSE:PERSISTENT,2582.75,2584.25,2565.0,2576.95,22568.0
2021-06-16 11:30:00,NSE:PERSISTENT,2576.4,2584.5,2570.55,2574.85,10817.0
2021-06-16 12:00:00,NSE:PERSISTENT,2574.9,2577.9,2570.55,2575.95,4443.0
2021-06-16 12:30:00,NSE:PERSISTENT,2575.95,2575.95,2568.4,2572.85,5856.0
2021-06-16 13:00:00,NSE:PERSISTENT,2572.85,2585.0,2567.5,2573.9,7693.0
2021-06-16 13:30:00,NSE:PERSISTENT,2573.9,2573.9,2545.4,2560.0,10109.0
2021-06-16 14:00:00,NSE:PERSISTENT,2560.0,2560.1,2545.0,2547.8,5257.0
2021-06-16 14:30:00,NSE:PERSISTENT,2550.0,2555.0,2542.8,2549.55,8444.0
2021-06-16 15:00:00,NSE:PERSISTENT,2546.5,2546.5,2511.35,2530.1,14718.0
2021-06-16 15:30:00,NSE:PERSISTENT,2527.85,2527.85,2527.85,2527.85,1.0
2021-06-17 09:00:00,NSE:PERSISTENT,2524.9,2574.6,2512.8,2572.25,10990.0
2021-06-17 09:30:00,NSE:PERSISTENT,2568.8,2573.0,2546.15,2558.0,7737.0
2021-06-17 10:00:00,NSE:PERSISTENT,2559.95,2560.15,2547.0,2552.55,6389.0
2021-06-17 10:30:00,NSE:PERSISTENT,2551.1,2553.1,2547.0,2548.2,3964.0
2021-06-17 11:00:00,NSE:PERSISTENT,2549.95,2550.65,2545.0,2548.1,4813.0
2021-06-17 11:30:00,NSE:PERSISTENT,2548.9,2548.9,2543.0,2543.4,4235.0
2021-06-17 12:00:00,NSE:PERSISTENT,2544.9,2547.0,2541.35,2544.85,2302.0
2021-06-17 12:30:00,NSE:PERSISTENT,2547.0,2549.85,2540.3,2547.0,4125.0
2021-06-17 13:00:00,NSE:PERSISTENT,2547.55,2549.4,2543.3,2546.65,2938.0
2021-06-17 13:30:00,NSE:PERSISTENT,2547.1,2550.0,2544.05,2547.0,55832.0
2021-06-17 14:00:00,NSE:PERSISTENT,2547.0,2547.5,2535.0,2535.0,4922.0
2021-06-17 14:30:00,NSE:PERSISTENT,2537.65,2548.85,2536.0,2542.95,7188.0
2021-06-17 15:00:00,NSE:PERSISTENT,2544.85,2570.0,2542.7,2554.0,17940.0
2021-06-17 15:30:00,NSE:PERSISTENT,2555.85,2555.85,2555.85,2555.85,1.0
2021-06-18 09:00:00,NSE:PERSISTENT,2575.0,2586.9,2560.0,2565.0,13634.0
2021-06-18 09:30:00,NSE:PERSISTENT,2563.5,2578.1,2545.0,2558.05,9431.0
2021-06-18 10:00:00,NSE:PERSISTENT,2559.55,2567.35,2550.0,2550.0,4631.0
2021-06-18 10:30:00,NSE:PERSISTENT,2552.35,2557.4,2505.0,2515.85,7630.0
2021-06-18 11:00:00,NSE:PERSISTENT,2509.9,2553.7,2509.9,2552.9,8374.0
2021-06-18 11:30:00,NSE:PERSISTENT,2552.9,2578.0,2550.0,2562.35,11264.0
2021-06-18 12:00:00,NSE:PERSISTENT,2563.95,2565.0,2550.1,2554.3,63324.0
2021-06-18 12:30:00,NSE:PERSISTENT,2551.9,2560.0,2551.9,2558.8,3572.0
2021-06-18 13:00:00,NSE:PERSISTENT,2558.8,2569.95,2550.0,2562.5,9896.0
2021-06-18 13:30:00,NSE:PERSISTENT,2562.1,2570.0,2551.35,2563.45,4537.0
2021-06-18 14:00:00,NSE:PERSISTENT,2563.3,2566.9,2553.15,2560.0,4087.0
2021-06-18 14:30:00,NSE:PERSISTENT,2561.1,2568.4,2550.75,2551.95,8583.0
2021-06-18 15:00:00,NSE:PERSISTENT,2550.5,2552.15,2514.05,2540.0,69304.0
2021-06-18 15:30:00,NSE:PERSISTENT,2540.0,2540.0,2540.0,2540.0,11.0
