datetime,symbol,open,high,low,close,volume
2021-05-20 15:01:00,NSE:SDBL,44.85,44.85,44.7,44.7,351.0
2021-05-20 15:02:00,NSE:SDBL,44.7,44.7,44.7,44.7,1357.0
2021-05-20 15:03:00,NSE:SDBL,44.7,44.85,44.7,44.85,1135.0
2021-05-20 15:04:00,NSE:SDBL,44.85,44.85,44.85,44.85,125.0
2021-05-20 15:05:00,NSE:SDBL,44.85,44.85,44.85,44.85,10.0
2021-05-20 15:06:00,NSE:SDBL,44.75,44.85,44.75,44.85,2640.0
2021-05-20 15:08:00,NSE:SDBL,44.85,44.9,44.85,44.9,5821.0
2021-05-20 15:09:00,NSE:SDBL,44.9,44.9,44.8,44.9,4002.0
2021-05-20 15:11:00,NSE:SDBL,44.8,44.85,44.8,44.85,1168.0
2021-05-20 15:12:00,NSE:SDBL,44.8,44.9,44.8,44.8,3881.0
2021-05-20 15:13:00,NSE:SDBL,44.7,44.8,44.7,44.7,4213.0
2021-05-20 15:14:00,NSE:SDBL,44.8,44.8,44.7,44.7,1680.0
2021-05-20 15:15:00,NSE:SDBL,44.65,44.75,44.65,44.65,1460.0
2021-05-20 15:16:00,NSE:SDBL,44.75,44.75,44.65,44.7,1011.0
2021-05-20 15:17:00,NSE:SDBL,44.65,44.7,44.65,44.7,2124.0
2021-05-20 15:18:00,NSE:SDBL,44.65,44.7,44.65,44.65,150.0
2021-05-20 15:19:00,NSE:SDBL,44.6,44.6,44.6,44.6,706.0
2021-05-20 15:20:00,NSE:SDBL,44.55,44.6,44.5,44.5,4273.0
2021-05-20 15:21:00,NSE:SDBL,44.5,44.5,44.45,44.5,804.0
2021-05-20 15:22:00,NSE:SDBL,44.5,44.5,44.45,44.45,5934.0
2021-05-20 15:23:00,NSE:SDBL,44.5,44.5,44.45,44.45,1745.0
2021-05-20 15:24:00,NSE:SDBL,44.4,44.4,44.0,44.25,4696.0
2021-05-20 15:25:00,NSE:SDBL,44.15,44.25,44.0,44.25,4182.0
2021-05-20 15:26:00,NSE:SDBL,44.2,44.2,44.1,44.1,1095.0
2021-05-20 15:27:00,NSE:SDBL,44.1,44.1,44.0,44.0,3400.0
2021-05-20 15:28:00,NSE:SDBL,44.05,44.25,43.0,44.0,20042.0
2021-05-20 15:29:00,NSE:SDBL,44.0,44.05,43.05,43.9,4378.0
2021-05-20 15:40:00,NSE:SDBL,44.3,44.3,44.3,44.3,599.0
2021-05-20 15:41:00,NSE:SDBL,44.3,44.3,44.3,44.3,25.0
2021-05-20 15:59:00,NSE:SDBL,44.3,44.3,44.3,44.3,100.0
2021-05-21 09:07:00,NSE:SDBL,44.65,44.65,44.65,44.65,459.0
2021-05-21 09:15:00,NSE:SDBL,44.65,44.8,42.8,43.5,9823.0
2021-05-21 09:16:00,NSE:SDBL,44.25,44.25,43.8,44.25,874.0
2021-05-21 09:17:00,NSE:SDBL,44.3,44.3,43.4,43.4,6618.0
2021-05-21 09:18:00,NSE:SDBL,43.8,43.8,43.3,43.35,1400.0
2021-05-21 09:19:00,NSE:SDBL,43.75,43.75,43.3,43.3,15521.0
2021-05-21 09:20:00,NSE:SDBL,43.35,43.4,43.35,43.4,499.0
2021-05-21 09:21:00,NSE:SDBL,43.7,43.85,43.5,43.55,15626.0
2021-05-21 09:22:00,NSE:SDBL,43.8,43.8,43.6,43.75,437.0
2021-05-21 09:23:00,NSE:SDBL,43.8,44.4,43.8,44.4,7038.0
2021-05-21 09:24:00,NSE:SDBL,44.45,44.7,44.4,44.7,3673.0
2021-05-21 09:25:00,NSE:SDBL,44.4,45.0,44.4,44.7,8694.0
2021-05-21 09:26:00,NSE:SDBL,44.4,44.6,44.2,44.2,1500.0
2021-05-21 09:27:00,NSE:SDBL,44.0,44.0,44.0,44.0,3637.0
2021-05-21 09:28:00,NSE:SDBL,43.9,44.0,43.9,44.0,2934.0
2021-05-21 09:29:00,NSE:SDBL,43.9,43.9,43.55,43.55,1866.0
2021-05-21 09:30:00,NSE:SDBL,43.6,43.6,43.0,43.2,26691.0
2021-05-21 09:31:00,NSE:SDBL,43.2,43.2,42.7,42.8,15111.0
2021-05-21 09:32:00,NSE:SDBL,42.8,43.0,42.35,42.6,16676.0
2021-05-21 09:33:00,NSE:SDBL,42.65,42.95,42.5,42.9,3463.0
2021-05-21 09:34:00,NSE:SDBL,42.65,43.15,42.65,43.15,4330.0
2021-05-21 09:35:00,NSE:SDBL,43.25,43.55,43.25,43.5,5824.0
2021-05-21 09:36:00,NSE:SDBL,43.5,43.5,43.45,43.45,90.0
2021-05-21 09:37:00,NSE:SDBL,43.5,43.55,43.45,43.45,250.0
2021-05-21 09:38:00,NSE:SDBL,43.5,43.5,43.4,43.4,321.0
2021-05-21 09:39:00,NSE:SDBL,43.2,43.2,43.15,43.2,911.0
2021-05-21 09:40:00,NSE:SDBL,43.05,43.1,42.8,43.0,2981.0
2021-05-21 09:41:00,NSE:SDBL,43.05,43.05,43.0,43.0,682.0
2021-05-21 09:42:00,NSE:SDBL,43.15,43.4,43.15,43.4,2030.0
2021-05-21 09:43:00,NSE:SDBL,43.65,43.9,43.65,43.85,6050.0
2021-05-21 09:44:00,NSE:SDBL,43.85,43.95,43.85,43.85,2089.0
2021-05-21 09:45:00,NSE:SDBL,44.05,44.25,44.05,44.15,5017.0
2021-05-21 09:46:00,NSE:SDBL,44.1,44.3,44.1,44.25,2163.0
2021-05-21 09:47:00,NSE:SDBL,44.3,44.5,44.15,44.15,8070.0
2021-05-21 09:48:00,NSE:SDBL,44.2,44.7,44.2,44.7,7330.0
2021-05-21 09:49:00,NSE:SDBL,44.6,44.75,44.6,44.75,11023.0
2021-05-21 09:50:00,NSE:SDBL,44.7,44.7,44.4,44.5,14150.0
2021-05-21 09:51:00,NSE:SDBL,44.7,45.0,44.7,45.0,16650.0
2021-05-21 09:52:00,NSE:SDBL,45.0,45.45,45.0,45.05,19525.0
2021-05-21 09:53:00,NSE:SDBL,45.0,45.15,44.85,44.85,10371.0
2021-05-21 09:54:00,NSE:SDBL,44.95,45.0,44.85,44.95,4118.0
2021-05-21 09:55:00,NSE:SDBL,44.95,44.95,44.9,44.95,3129.0
2021-05-21 09:56:00,NSE:SDBL,45.0,45.0,44.85,44.85,5707.0
2021-05-21 09:57:00,NSE:SDBL,44.75,45.2,44.75,45.2,4975.0
2021-05-21 09:58:00,NSE:SDBL,45.1,45.15,44.9,45.0,1553.0
2021-05-21 09:59:00,NSE:SDBL,45.15,45.15,45.0,45.0,3002.0
2021-05-21 10:00:00,NSE:SDBL,45.0,45.0,44.85,45.0,921.0
2021-05-21 10:01:00,NSE:SDBL,44.85,44.85,44.85,44.85,1395.0
2021-05-21 10:02:00,NSE:SDBL,44.8,45.0,44.8,45.0,3600.0
2021-05-21 10:03:00,NSE:SDBL,45.0,45.15,45.0,45.1,1595.0
2021-05-21 10:04:00,NSE:SDBL,45.15,45.15,45.1,45.1,985.0
2021-05-21 10:05:00,NSE:SDBL,45.15,45.25,45.15,45.25,5258.0
2021-05-21 10:06:00,NSE:SDBL,45.4,45.4,45.25,45.4,1652.0
2021-05-21 10:07:00,NSE:SDBL,45.45,45.45,45.3,45.3,3810.0
2021-05-21 10:08:00,NSE:SDBL,45.45,45.5,45.45,45.5,10666.0
2021-05-21 10:09:00,NSE:SDBL,45.45,45.5,45.45,45.45,9450.0
2021-05-21 10:10:00,NSE:SDBL,45.5,45.5,45.45,45.5,1703.0
2021-05-21 10:11:00,NSE:SDBL,45.5,45.5,45.4,45.45,2775.0
2021-05-21 10:12:00,NSE:SDBL,45.4,45.4,45.3,45.35,695.0
2021-05-21 10:13:00,NSE:SDBL,45.4,45.4,45.2,45.25,4950.0
2021-05-21 10:14:00,NSE:SDBL,45.25,45.25,45.0,45.0,1980.0
2021-05-21 10:15:00,NSE:SDBL,45.0,45.05,45.0,45.05,52.0
2021-05-21 10:16:00,NSE:SDBL,45.0,45.1,45.0,45.1,2203.0
2021-05-21 10:17:00,NSE:SDBL,45.0,45.1,44.85,45.0,3152.0
2021-05-21 10:18:00,NSE:SDBL,44.75,44.75,44.75,44.75,2151.0
2021-05-21 10:19:00,NSE:SDBL,44.75,44.75,44.75,44.75,483.0
2021-05-21 10:20:00,NSE:SDBL,44.85,44.9,44.85,44.85,1156.0
2021-05-21 10:21:00,NSE:SDBL,44.85,44.9,44.75,44.75,886.0
2021-05-21 10:22:00,NSE:SDBL,44.75,44.9,44.75,44.9,5200.0
2021-05-21 10:23:00,NSE:SDBL,44.8,45.0,44.8,44.8,17239.0
2021-05-21 10:24:00,NSE:SDBL,44.8,45.0,44.8,45.0,794.0
2021-05-21 10:25:00,NSE:SDBL,45.0,45.0,45.0,45.0,802.0
2021-05-21 10:26:00,NSE:SDBL,44.95,44.95,44.95,44.95,1.0
2021-05-21 10:27:00,NSE:SDBL,44.85,44.85,44.85,44.85,300.0
2021-05-21 10:28:00,NSE:SDBL,44.8,44.8,44.8,44.8,5.0
2021-05-21 10:29:00,NSE:SDBL,44.8,44.95,44.8,44.95,20128.0
2021-05-21 10:30:00,NSE:SDBL,44.75,45.0,44.75,45.0,12747.0
2021-05-21 10:31:00,NSE:SDBL,45.05,45.05,45.05,45.05,578.0
2021-05-21 10:32:00,NSE:SDBL,45.1,45.1,45.1,45.1,174.0
2021-05-21 10:33:00,NSE:SDBL,45.2,45.3,45.15,45.2,1588.0
2021-05-21 10:34:00,NSE:SDBL,45.2,45.3,45.2,45.25,1021.0
2021-05-21 10:35:00,NSE:SDBL,45.25,45.35,45.25,45.35,399.0
2021-05-21 10:36:00,NSE:SDBL,45.5,45.5,45.35,45.35,6155.0
2021-05-21 10:37:00,NSE:SDBL,45.5,45.5,45.45,45.5,1701.0
2021-05-21 10:38:00,NSE:SDBL,45.5,45.5,45.35,45.35,830.0
2021-05-21 10:39:00,NSE:SDBL,45.2,45.4,45.15,45.15,236.0
2021-05-21 10:40:00,NSE:SDBL,45.15,45.15,45.15,45.15,725.0
2021-05-21 10:41:00,NSE:SDBL,45.0,45.0,44.95,44.95,5263.0
2021-05-21 10:42:00,NSE:SDBL,44.9,44.9,44.9,44.9,151.0
2021-05-21 10:43:00,NSE:SDBL,45.05,45.05,45.05,45.05,582.0
2021-05-21 10:44:00,NSE:SDBL,45.1,45.15,45.1,45.15,799.0
2021-05-21 10:45:00,NSE:SDBL,45.25,45.25,45.25,45.25,225.0
2021-05-21 10:46:00,NSE:SDBL,45.25,45.25,45.1,45.1,2126.0
2021-05-21 10:47:00,NSE:SDBL,45.1,45.25,45.1,45.25,1500.0
2021-05-21 10:48:00,NSE:SDBL,45.5,45.5,45.3,45.3,30190.0
2021-05-21 10:49:00,NSE:SDBL,45.5,45.5,45.5,45.5,5847.0
2021-05-21 10:50:00,NSE:SDBL,45.5,45.75,45.5,45.75,9068.0
2021-05-21 10:51:00,NSE:SDBL,45.75,45.75,45.35,45.35,6138.0
2021-05-21 10:52:00,NSE:SDBL,45.35,45.4,45.35,45.4,975.0
2021-05-21 10:53:00,NSE:SDBL,45.75,45.75,45.55,45.55,1250.0
2021-05-21 10:54:00,NSE:SDBL,45.7,45.7,45.2,45.2,3069.0
2021-05-21 10:55:00,NSE:SDBL,45.25,45.45,45.25,45.45,800.0
2021-05-21 10:56:00,NSE:SDBL,45.5,45.5,45.5,45.5,2200.0
2021-05-21 10:57:00,NSE:SDBL,45.3,45.45,45.3,45.3,269.0
2021-05-21 10:58:00,NSE:SDBL,45.5,45.5,45.5,45.5,130.0
2021-05-21 10:59:00,NSE:SDBL,45.4,45.4,45.4,45.4,125.0
2021-05-21 11:00:00,NSE:SDBL,45.4,45.4,45.4,45.4,1100.0
2021-05-21 11:01:00,NSE:SDBL,45.25,45.25,45.25,45.25,100.0
2021-05-21 11:04:00,NSE:SDBL,45.35,45.35,45.35,45.35,60.0
2021-05-21 11:05:00,NSE:SDBL,45.9,46.7,45.9,46.4,119844.0
2021-05-21 11:06:00,NSE:SDBL,46.35,46.8,46.3,46.75,91637.0
2021-05-21 11:07:00,NSE:SDBL,46.7,46.8,46.4,46.5,23368.0
2021-05-21 11:08:00,NSE:SDBL,46.6,47.05,46.55,47.05,51854.0
2021-05-21 11:09:00,NSE:SDBL,47.1,47.45,47.1,47.4,84174.0
2021-05-21 11:10:00,NSE:SDBL,47.45,47.5,47.1,47.2,33515.0
2021-05-21 11:11:00,NSE:SDBL,47.1,47.2,46.85,46.85,20849.0
2021-05-21 11:12:00,NSE:SDBL,46.85,47.25,46.7,47.2,37464.0
2021-05-21 11:13:00,NSE:SDBL,47.2,47.2,46.65,46.65,10226.0
2021-05-21 11:14:00,NSE:SDBL,46.6,46.8,46.6,46.7,8290.0
2021-05-21 11:15:00,NSE:SDBL,46.8,46.9,46.75,46.75,4368.0
2021-05-21 11:16:00,NSE:SDBL,46.8,46.8,46.65,46.65,2203.0
2021-05-21 11:17:00,NSE:SDBL,46.7,46.75,46.65,46.75,5347.0
2021-05-21 11:18:00,NSE:SDBL,46.7,46.85,46.7,46.85,2224.0
2021-05-21 11:19:00,NSE:SDBL,46.9,46.95,46.8,46.95,9037.0
2021-05-21 11:20:00,NSE:SDBL,46.95,47.0,46.85,47.0,2321.0
2021-05-21 11:21:00,NSE:SDBL,47.0,47.25,47.0,47.2,28602.0
2021-05-21 11:22:00,NSE:SDBL,47.1,47.15,46.95,46.95,5690.0
2021-05-21 11:23:00,NSE:SDBL,46.9,46.95,46.8,46.8,2421.0
2021-05-21 11:24:00,NSE:SDBL,46.8,46.9,46.8,46.9,1905.0
2021-05-21 11:25:00,NSE:SDBL,46.8,46.9,46.65,46.7,8256.0
2021-05-21 11:26:00,NSE:SDBL,46.7,46.85,46.7,46.75,979.0
2021-05-21 11:27:00,NSE:SDBL,46.7,46.7,46.4,46.55,13181.0
2021-05-21 11:28:00,NSE:SDBL,46.55,46.55,46.45,46.45,2627.0
2021-05-21 11:29:00,NSE:SDBL,46.55,46.55,46.5,46.55,1005.0
2021-05-21 11:30:00,NSE:SDBL,46.5,46.5,46.3,46.3,6943.0
2021-05-21 11:31:00,NSE:SDBL,46.4,46.4,46.3,46.3,1878.0
2021-05-21 11:32:00,NSE:SDBL,46.2,46.25,46.15,46.15,4205.0
2021-05-21 11:33:00,NSE:SDBL,46.15,46.15,45.6,45.9,30516.0
2021-05-21 11:34:00,NSE:SDBL,45.9,46.05,45.8,45.9,2756.0
2021-05-21 11:35:00,NSE:SDBL,45.9,46.0,45.9,45.9,3569.0
2021-05-21 11:36:00,NSE:SDBL,46.0,46.0,45.9,45.9,1170.0
2021-05-21 11:37:00,NSE:SDBL,46.0,46.0,45.85,45.9,6777.0
2021-05-21 11:38:00,NSE:SDBL,45.8,45.9,45.75,45.75,881.0
2021-05-21 11:39:00,NSE:SDBL,45.75,45.8,45.75,45.75,1948.0
2021-05-21 11:40:00,NSE:SDBL,45.7,45.7,45.45,45.5,5839.0
2021-05-21 11:41:00,NSE:SDBL,45.5,45.5,45.1,45.35,7332.0
2021-05-21 11:42:00,NSE:SDBL,45.4,45.5,45.35,45.35,2627.0
2021-05-21 11:43:00,NSE:SDBL,45.4,45.85,45.3,45.45,8583.0
2021-05-21 11:44:00,NSE:SDBL,45.5,45.65,45.35,45.65,2195.0
2021-05-21 11:45:00,NSE:SDBL,45.45,45.6,45.45,45.55,346.0
2021-05-21 11:46:00,NSE:SDBL,45.45,45.6,45.45,45.6,201.0
2021-05-21 11:47:00,NSE:SDBL,45.4,45.55,45.4,45.45,206.0
2021-05-21 11:48:00,NSE:SDBL,45.55,45.6,45.5,45.5,1171.0
2021-05-21 11:49:00,NSE:SDBL,45.45,45.55,45.45,45.55,222.0
2021-05-21 11:50:00,NSE:SDBL,45.55,45.55,45.4,45.5,636.0
2021-05-21 11:51:00,NSE:SDBL,45.5,45.55,45.5,45.55,193.0
2021-05-21 11:52:00,NSE:SDBL,45.55,45.7,45.1,45.35,6777.0
2021-05-21 11:53:00,NSE:SDBL,45.4,45.6,45.4,45.6,161.0
2021-05-21 11:54:00,NSE:SDBL,45.35,45.35,45.35,45.35,127.0
2021-05-21 11:55:00,NSE:SDBL,45.3,45.55,45.3,45.55,1752.0
2021-05-21 11:56:00,NSE:SDBL,45.35,45.6,45.35,45.6,1285.0
2021-05-21 11:57:00,NSE:SDBL,45.6,45.7,45.6,45.6,320.0
2021-05-21 11:58:00,NSE:SDBL,45.6,45.6,45.6,45.6,250.0
2021-05-21 11:59:00,NSE:SDBL,45.6,45.6,45.45,45.45,803.0
2021-05-21 12:00:00,NSE:SDBL,45.45,45.5,45.4,45.45,562.0
2021-05-21 12:01:00,NSE:SDBL,45.45,45.45,45.45,45.45,292.0
2021-05-21 12:02:00,NSE:SDBL,45.5,45.5,45.5,45.5,1101.0
2021-05-21 12:03:00,NSE:SDBL,45.5,45.5,45.45,45.45,710.0
2021-05-21 12:04:00,NSE:SDBL,45.2,45.6,45.2,45.6,27015.0
2021-05-21 12:05:00,NSE:SDBL,45.6,45.6,45.6,45.6,200.0
2021-05-21 12:06:00,NSE:SDBL,45.5,45.5,45.25,45.25,2119.0
2021-05-21 12:07:00,NSE:SDBL,45.25,45.25,45.25,45.25,175.0
2021-05-21 12:08:00,NSE:SDBL,45.25,45.25,45.25,45.25,1800.0
2021-05-21 12:09:00,NSE:SDBL,45.25,45.25,45.1,45.1,2130.0
2021-05-21 12:10:00,NSE:SDBL,45.0,45.0,44.65,44.9,17920.0
2021-05-21 12:11:00,NSE:SDBL,45.0,45.2,44.8,45.2,899.0
2021-05-21 12:12:00,NSE:SDBL,45.1,45.15,44.9,44.9,2743.0
2021-05-21 12:13:00,NSE:SDBL,44.8,44.95,44.8,44.95,306.0
2021-05-21 12:14:00,NSE:SDBL,44.95,44.95,44.9,44.9,1001.0
2021-05-21 12:15:00,NSE:SDBL,44.95,45.0,44.95,45.0,287.0
2021-05-21 12:16:00,NSE:SDBL,45.1,45.1,45.05,45.05,702.0
2021-05-21 12:17:00,NSE:SDBL,45.1,45.1,45.0,45.0,1605.0
2021-05-21 12:18:00,NSE:SDBL,44.85,45.0,44.85,45.0,2300.0
2021-05-21 12:19:00,NSE:SDBL,45.0,45.0,45.0,45.0,150.0
2021-05-21 12:20:00,NSE:SDBL,44.95,44.95,44.95,44.95,200.0
2021-05-21 12:21:00,NSE:SDBL,44.95,44.95,44.95,44.95,1576.0
2021-05-21 12:22:00,NSE:SDBL,44.95,44.95,44.9,44.9,595.0
2021-05-21 12:23:00,NSE:SDBL,44.95,44.95,44.9,44.95,507.0
2021-05-21 12:24:00,NSE:SDBL,44.9,44.9,44.9,44.9,300.0
2021-05-21 12:25:00,NSE:SDBL,44.9,44.95,44.9,44.95,105.0
2021-05-21 12:26:00,NSE:SDBL,44.95,44.95,44.95,44.95,20.0
2021-05-21 12:27:00,NSE:SDBL,44.95,45.0,44.95,44.95,1800.0
2021-05-21 12:28:00,NSE:SDBL,45.0,45.0,44.95,45.0,488.0
2021-05-21 12:29:00,NSE:SDBL,45.0,45.0,44.95,44.95,3766.0
2021-05-21 12:31:00,NSE:SDBL,44.95,44.95,44.95,44.95,100.0
2021-05-21 12:32:00,NSE:SDBL,45.0,45.0,44.95,44.95,3020.0
2021-05-21 12:33:00,NSE:SDBL,44.95,45.0,44.95,45.0,925.0
2021-05-21 12:34:00,NSE:SDBL,45.0,45.0,45.0,45.0,510.0
2021-05-21 12:35:00,NSE:SDBL,45.0,45.0,45.0,45.0,32.0
2021-05-21 12:36:00,NSE:SDBL,45.0,45.0,45.0,45.0,1050.0
2021-05-21 12:37:00,NSE:SDBL,45.0,45.0,45.0,45.0,100.0
2021-05-21 12:38:00,NSE:SDBL,44.95,45.6,44.95,45.35,10382.0
2021-05-21 12:39:00,NSE:SDBL,45.45,45.45,45.45,45.45,4.0
2021-05-21 12:40:00,NSE:SDBL,45.3,45.3,45.3,45.3,222.0
2021-05-21 12:41:00,NSE:SDBL,45.45,45.45,45.45,45.45,60.0
2021-05-21 12:42:00,NSE:SDBL,45.45,45.45,45.45,45.45,509.0
2021-05-21 12:43:00,NSE:SDBL,45.45,45.45,45.3,45.3,601.0
2021-05-21 12:44:00,NSE:SDBL,45.3,45.3,45.3,45.3,250.0
2021-05-21 12:45:00,NSE:SDBL,45.3,45.3,45.3,45.3,218.0
2021-05-21 12:48:00,NSE:SDBL,45.35,45.35,45.35,45.35,20.0
2021-05-21 12:49:00,NSE:SDBL,45.3,45.3,45.3,45.3,710.0
2021-05-21 12:50:00,NSE:SDBL,45.3,45.3,45.3,45.3,802.0
2021-05-21 12:52:00,NSE:SDBL,45.35,45.4,45.3,45.4,1821.0
2021-05-21 12:53:00,NSE:SDBL,45.45,45.45,45.45,45.45,694.0
2021-05-21 12:54:00,NSE:SDBL,45.45,45.45,45.45,45.45,150.0
2021-05-21 12:56:00,NSE:SDBL,45.45,45.45,45.45,45.45,215.0
2021-05-21 12:57:00,NSE:SDBL,45.45,45.5,45.35,45.35,627.0
2021-05-21 12:58:00,NSE:SDBL,45.5,45.5,45.0,45.0,6387.0
2021-05-21 13:01:00,NSE:SDBL,45.25,45.25,45.25,45.25,204.0
2021-05-21 13:02:00,NSE:SDBL,45.25,45.25,45.25,45.25,350.0
2021-05-21 13:03:00,NSE:SDBL,45.25,45.4,45.25,45.4,520.0
2021-05-21 13:04:00,NSE:SDBL,45.35,45.35,45.35,45.35,3.0
2021-05-21 13:05:00,NSE:SDBL,45.35,45.35,45.35,45.35,303.0
2021-05-21 13:06:00,NSE:SDBL,45.4,45.4,45.4,45.4,600.0
2021-05-21 13:07:00,NSE:SDBL,45.25,45.3,45.25,45.3,520.0
2021-05-21 13:08:00,NSE:SDBL,45.25,45.25,45.2,45.2,300.0
2021-05-21 13:09:00,NSE:SDBL,45.2,45.25,45.2,45.25,452.0
2021-05-21 13:10:00,NSE:SDBL,45.25,45.25,45.25,45.25,101.0
2021-05-21 13:11:00,NSE:SDBL,45.35,45.35,45.15,45.15,330.0
2021-05-21 13:12:00,NSE:SDBL,45.15,45.2,45.05,45.2,602.0
2021-05-21 13:13:00,NSE:SDBL,45.0,45.0,45.0,45.0,3187.0
2021-05-21 13:14:00,NSE:SDBL,44.95,45.0,44.95,44.95,211.0
2021-05-21 13:15:00,NSE:SDBL,45.0,45.0,45.0,45.0,50.0
2021-05-21 13:16:00,NSE:SDBL,44.95,45.0,44.95,45.0,1310.0
2021-05-21 13:17:00,NSE:SDBL,45.0,45.0,44.95,44.95,430.0
2021-05-21 13:18:00,NSE:SDBL,45.0,45.0,45.0,45.0,100.0
2021-05-21 13:19:00,NSE:SDBL,44.95,44.95,44.95,44.95,350.0
2021-05-21 13:20:00,NSE:SDBL,44.9,44.9,44.9,44.9,434.0
2021-05-21 13:21:00,NSE:SDBL,45.0,45.0,45.0,45.0,205.0
2021-05-21 13:23:00,NSE:SDBL,44.9,44.9,44.9,44.9,1053.0
2021-05-21 13:26:00,NSE:SDBL,45.05,45.05,45.05,45.05,2004.0
2021-05-21 13:28:00,NSE:SDBL,45.15,45.2,45.15,45.2,820.0
2021-05-21 13:29:00,NSE:SDBL,45.2,45.2,45.05,45.05,501.0
2021-05-21 13:30:00,NSE:SDBL,45.15,45.2,45.15,45.2,345.0
2021-05-21 13:31:00,NSE:SDBL,45.2,45.2,45.2,45.2,100.0
2021-05-21 13:32:00,NSE:SDBL,45.05,45.05,44.9,45.05,1171.0
2021-05-21 13:36:00,NSE:SDBL,45.1,45.1,45.0,45.0,358.0
2021-05-21 13:37:00,NSE:SDBL,44.9,45.0,44.9,45.0,1325.0
2021-05-21 13:38:00,NSE:SDBL,45.0,45.0,45.0,45.0,300.0
2021-05-21 13:39:00,NSE:SDBL,44.9,44.9,44.9,44.9,517.0
2021-05-21 13:40:00,NSE:SDBL,44.85,45.0,44.85,45.0,2197.0
2021-05-21 13:42:00,NSE:SDBL,44.9,44.9,44.9,44.9,1386.0
2021-05-21 13:43:00,NSE:SDBL,44.9,44.9,44.8,44.8,1012.0
2021-05-21 13:44:00,NSE:SDBL,44.9,44.95,44.9,44.95,1710.0
2021-05-21 13:45:00,NSE:SDBL,44.95,44.95,44.95,44.95,200.0
2021-05-21 13:46:00,NSE:SDBL,45.0,45.0,45.0,45.0,208.0
2021-05-21 13:49:00,NSE:SDBL,44.95,45.0,44.95,45.0,253.0
2021-05-21 13:50:00,NSE:SDBL,44.85,45.0,44.85,45.0,1110.0
2021-05-21 13:51:00,NSE:SDBL,45.0,45.0,45.0,45.0,60.0
2021-05-21 13:52:00,NSE:SDBL,44.8,45.0,44.8,45.0,1018.0
2021-05-21 13:54:00,NSE:SDBL,45.0,45.0,44.95,44.95,316.0
2021-05-21 13:57:00,NSE:SDBL,44.95,44.95,44.95,44.95,25.0
2021-05-21 13:58:00,NSE:SDBL,44.95,44.95,44.95,44.95,200.0
2021-05-21 13:59:00,NSE:SDBL,44.95,44.95,44.9,44.9,7300.0
2021-05-21 14:00:00,NSE:SDBL,44.95,44.95,44.8,44.8,170.0
2021-05-21 14:01:00,NSE:SDBL,44.75,44.85,44.7,44.7,630.0
2021-05-21 14:02:00,NSE:SDBL,44.8,44.95,44.8,44.95,157.0
2021-05-21 14:03:00,NSE:SDBL,44.8,44.8,44.8,44.8,4.0
2021-05-21 14:04:00,NSE:SDBL,44.95,44.95,44.95,44.95,100.0
2021-05-21 14:05:00,NSE:SDBL,44.95,44.95,44.95,44.95,11.0
2021-05-21 14:06:00,NSE:SDBL,44.8,44.95,44.8,44.95,350.0
2021-05-21 14:07:00,NSE:SDBL,44.9,44.9,44.9,44.9,275.0
2021-05-21 14:08:00,NSE:SDBL,44.95,44.95,44.95,44.95,139.0
2021-05-21 14:09:00,NSE:SDBL,44.95,45.0,44.7,44.7,2602.0
2021-05-21 14:10:00,NSE:SDBL,44.9,44.9,44.5,44.5,4977.0
2021-05-21 14:11:00,NSE:SDBL,44.4,44.75,44.4,44.7,6124.0
2021-05-21 14:12:00,NSE:SDBL,44.7,44.7,44.7,44.7,1800.0
2021-05-21 14:13:00,NSE:SDBL,44.9,44.9,44.9,44.9,500.0
2021-05-21 14:15:00,NSE:SDBL,45.0,45.0,44.95,44.95,22.0
2021-05-21 14:16:00,NSE:SDBL,44.95,45.1,44.95,45.1,3714.0
2021-05-21 14:17:00,NSE:SDBL,45.15,45.15,45.15,45.15,20.0
2021-05-21 14:18:00,NSE:SDBL,45.15,45.15,45.0,45.0,2582.0
2021-05-21 14:19:00,NSE:SDBL,44.8,44.8,44.8,44.8,202.0
2021-05-21 14:20:00,NSE:SDBL,44.75,44.75,44.75,44.75,100.0
2021-05-21 14:21:00,NSE:SDBL,44.75,44.75,44.7,44.7,1080.0
2021-05-21 14:22:00,NSE:SDBL,44.75,44.75,44.65,44.65,4033.0
2021-05-21 14:25:00,NSE:SDBL,44.7,44.7,44.6,44.6,815.0
2021-05-21 14:26:00,NSE:SDBL,44.55,44.6,44.5,44.6,600.0
2021-05-21 14:27:00,NSE:SDBL,44.5,44.55,44.5,44.55,355.0
2021-05-21 14:28:00,NSE:SDBL,44.6,44.6,44.55,44.55,300.0
2021-05-21 14:29:00,NSE:SDBL,44.6,44.6,44.4,44.6,3767.0
2021-05-21 14:30:00,NSE:SDBL,44.45,44.45,44.45,44.45,2.0
2021-05-21 14:31:00,NSE:SDBL,44.6,44.6,44.4,44.55,257.0
2021-05-21 14:32:00,NSE:SDBL,44.6,44.65,44.6,44.65,667.0
2021-05-21 14:33:00,NSE:SDBL,44.8,45.0,44.8,45.0,2568.0
2021-05-21 14:34:00,NSE:SDBL,44.85,45.0,44.85,45.0,977.0
2021-05-21 14:35:00,NSE:SDBL,44.95,44.95,44.7,44.7,204.0
2021-05-21 14:36:00,NSE:SDBL,44.65,44.65,44.65,44.65,55.0
2021-05-21 14:37:00,NSE:SDBL,44.8,44.8,44.7,44.7,250.0
2021-05-21 14:38:00,NSE:SDBL,44.65,44.65,44.65,44.65,1250.0
2021-05-21 14:40:00,NSE:SDBL,44.65,44.85,44.65,44.85,66.0
2021-05-21 14:42:00,NSE:SDBL,44.85,44.85,44.85,44.85,50.0
2021-05-21 14:43:00,NSE:SDBL,44.85,44.85,44.85,44.85,4.0
2021-05-21 14:44:00,NSE:SDBL,44.65,44.65,44.65,44.65,200.0
2021-05-21 14:45:00,NSE:SDBL,44.85,44.85,44.7,44.7,800.0
2021-05-21 14:47:00,NSE:SDBL,44.65,44.65,44.65,44.65,250.0
2021-05-21 14:48:00,NSE:SDBL,44.7,44.7,44.7,44.7,50.0
2021-05-21 14:49:00,NSE:SDBL,44.8,44.8,44.5,44.5,5217.0
2021-05-21 14:50:00,NSE:SDBL,44.4,44.45,44.3,44.35,3247.0
2021-05-21 14:51:00,NSE:SDBL,44.5,44.5,44.5,44.5,1385.0
2021-05-21 14:52:00,NSE:SDBL,44.5,44.5,44.45,44.45,270.0
2021-05-21 14:54:00,NSE:SDBL,44.55,44.55,44.5,44.5,194.0
2021-05-21 14:55:00,NSE:SDBL,44.65,44.75,44.65,44.75,5083.0
2021-05-21 14:56:00,NSE:SDBL,44.55,44.55,44.55,44.55,4.0
2021-05-21 14:57:00,NSE:SDBL,44.65,44.65,44.5,44.5,84.0
2021-05-21 14:59:00,NSE:SDBL,44.5,44.6,44.5,44.6,3559.0
2021-05-21 15:00:00,NSE:SDBL,44.7,44.7,44.5,44.5,2194.0
2021-05-21 15:02:00,NSE:SDBL,44.5,44.65,44.5,44.65,1508.0
2021-05-21 15:03:00,NSE:SDBL,44.5,44.6,44.5,44.6,780.0
2021-05-21 15:04:00,NSE:SDBL,44.55,44.6,44.55,44.6,20049.0
2021-05-21 15:05:00,NSE:SDBL,44.5,44.5,44.5,44.5,806.0
2021-05-21 15:06:00,NSE:SDBL,44.5,44.6,44.5,44.6,1550.0
2021-05-21 15:07:00,NSE:SDBL,44.5,44.5,44.5,44.5,100.0
2021-05-21 15:08:00,NSE:SDBL,44.6,44.6,44.5,44.55,2280.0
2021-05-21 15:09:00,NSE:SDBL,44.6,45.15,44.5,45.15,6859.0
2021-05-21 15:10:00,NSE:SDBL,45.0,45.2,45.0,45.1,2466.0
2021-05-21 15:11:00,NSE:SDBL,45.05,45.1,45.0,45.0,458.0
2021-05-21 15:12:00,NSE:SDBL,45.0,45.2,45.0,45.2,5997.0
2021-05-21 15:13:00,NSE:SDBL,45.25,45.25,45.1,45.2,1257.0
2021-05-21 15:14:00,NSE:SDBL,45.1,45.25,45.1,45.1,4147.0
2021-05-21 15:15:00,NSE:SDBL,45.15,45.25,45.1,45.25,2309.0
2021-05-21 15:16:00,NSE:SDBL,45.15,45.2,45.1,45.1,2399.0
2021-05-21 15:17:00,NSE:SDBL,45.1,45.1,45.0,45.0,2518.0
2021-05-21 15:18:00,NSE:SDBL,45.0,45.0,45.0,45.0,1700.0
2021-05-21 15:19:00,NSE:SDBL,45.0,45.0,45.0,45.0,8035.0
2021-05-21 15:20:00,NSE:SDBL,45.0,45.05,45.0,45.0,5689.0
2021-05-21 15:21:00,NSE:SDBL,45.0,45.1,45.0,45.0,1113.0
2021-05-21 15:22:00,NSE:SDBL,45.0,45.05,45.0,45.0,1863.0
2021-05-21 15:23:00,NSE:SDBL,45.0,45.2,45.0,45.15,9928.0
2021-05-21 15:24:00,NSE:SDBL,45.0,45.25,45.0,45.25,9630.0
2021-05-21 15:25:00,NSE:SDBL,45.05,45.2,45.05,45.2,7303.0
2021-05-21 15:26:00,NSE:SDBL,45.25,45.25,45.0,45.0,1020.0
2021-05-21 15:27:00,NSE:SDBL,45.0,45.15,45.0,45.1,556.0
2021-05-21 15:28:00,NSE:SDBL,45.05,45.1,45.05,45.05,1341.0
2021-05-21 15:29:00,NSE:SDBL,45.0,45.05,44.8,45.0,10048.0
2021-05-21 15:30:00,NSE:SDBL,44.6,44.6,44.6,44.6,100.0
2021-05-21 15:44:00,NSE:SDBL,44.95,44.95,44.6,44.6,100.0
2021-05-21 15:48:00,NSE:SDBL,44.95,44.95,44.6,44.6,520.0
2021-05-21 15:49:00,NSE:SDBL,44.95,44.95,44.6,44.95,1044.0
2021-05-24 09:07:00,NSE:SDBL,46.1,46.1,46.1,46.1,10116.0
2021-05-24 09:15:00,NSE:SDBL,46.4,46.85,45.85,46.7,9188.0
2021-05-24 09:16:00,NSE:SDBL,46.7,46.8,46.5,46.5,4361.0
2021-05-24 09:17:00,NSE:SDBL,46.7,46.8,46.7,46.8,6178.0
2021-05-24 09:18:00,NSE:SDBL,46.7,46.7,46.65,46.7,3834.0
2021-05-24 09:19:00,NSE:SDBL,46.7,47.5,46.7,47.5,26813.0
2021-05-24 09:20:00,NSE:SDBL,47.6,48.5,47.45,47.5,42255.0
2021-05-24 09:21:00,NSE:SDBL,47.6,47.8,47.3,47.3,2803.0
2021-05-24 09:22:00,NSE:SDBL,47.4,47.5,47.15,47.25,14689.0
2021-05-24 09:23:00,NSE:SDBL,47.2,47.2,46.85,47.0,6317.0
2021-05-24 09:24:00,NSE:SDBL,47.0,47.0,46.75,46.75,3417.0
2021-05-24 09:25:00,NSE:SDBL,46.5,46.8,46.5,46.8,3833.0
2021-05-24 09:26:00,NSE:SDBL,46.75,46.75,46.5,46.7,1181.0
2021-05-24 09:27:00,NSE:SDBL,46.6,46.65,46.35,46.65,2957.0
2021-05-24 09:28:00,NSE:SDBL,46.3,46.5,46.3,46.35,1432.0
2021-05-24 09:29:00,NSE:SDBL,46.0,46.35,46.0,46.2,11456.0
2021-05-24 09:30:00,NSE:SDBL,46.25,46.7,46.25,46.7,3004.0
2021-05-24 09:31:00,NSE:SDBL,46.7,46.7,46.6,46.7,1100.0
2021-05-24 09:32:00,NSE:SDBL,46.7,46.8,46.6,46.8,3548.0
2021-05-24 09:33:00,NSE:SDBL,46.9,47.15,46.9,46.9,2835.0
2021-05-24 09:34:00,NSE:SDBL,46.9,46.95,46.85,46.9,5093.0
2021-05-24 09:35:00,NSE:SDBL,46.9,46.9,46.75,46.9,8873.0
2021-05-24 09:36:00,NSE:SDBL,46.9,46.9,46.9,46.9,21793.0
2021-05-24 09:37:00,NSE:SDBL,46.75,46.9,46.75,46.9,1871.0
2021-05-24 09:38:00,NSE:SDBL,46.9,46.9,46.7,46.9,6897.0
2021-05-24 09:39:00,NSE:SDBL,46.9,46.9,46.8,46.9,1942.0
2021-05-24 09:40:00,NSE:SDBL,46.85,46.85,46.7,46.7,1250.0
2021-05-24 09:41:00,NSE:SDBL,46.85,46.9,46.75,46.75,1663.0
2021-05-24 09:42:00,NSE:SDBL,46.7,46.9,46.7,46.9,2903.0
2021-05-24 09:43:00,NSE:SDBL,46.9,46.9,46.8,46.9,1860.0
2021-05-24 09:44:00,NSE:SDBL,46.8,46.9,46.8,46.9,1621.0
2021-05-24 09:45:00,NSE:SDBL,46.9,47.2,46.9,47.2,7362.0
2021-05-24 09:46:00,NSE:SDBL,47.15,47.2,47.0,47.2,5030.0
2021-05-24 09:47:00,NSE:SDBL,47.1,47.1,47.05,47.1,1120.0
2021-05-24 09:48:00,NSE:SDBL,47.2,47.35,47.15,47.3,3434.0
2021-05-24 09:49:00,NSE:SDBL,47.1,47.2,47.0,47.2,6484.0
2021-05-24 09:50:00,NSE:SDBL,47.3,47.3,47.25,47.25,3110.0
2021-05-24 09:51:00,NSE:SDBL,47.25,47.25,47.2,47.2,11307.0
2021-05-24 09:52:00,NSE:SDBL,47.2,47.5,47.2,47.4,27463.0
2021-05-24 09:53:00,NSE:SDBL,47.55,47.7,47.55,47.65,17126.0
2021-05-24 09:54:00,NSE:SDBL,47.6,47.7,47.6,47.7,6263.0
2021-05-24 09:55:00,NSE:SDBL,47.6,47.7,47.5,47.5,4544.0
2021-05-24 09:56:00,NSE:SDBL,47.2,47.45,47.2,47.4,2869.0
2021-05-24 09:57:00,NSE:SDBL,47.4,47.45,47.3,47.3,2097.0
2021-05-24 09:58:00,NSE:SDBL,47.3,47.55,47.3,47.55,15845.0
2021-05-24 09:59:00,NSE:SDBL,47.55,47.55,47.5,47.5,1736.0
2021-05-24 10:00:00,NSE:SDBL,47.55,47.55,47.25,47.5,4181.0
2021-05-24 10:01:00,NSE:SDBL,47.55,47.7,47.55,47.6,6069.0
2021-05-24 10:02:00,NSE:SDBL,47.55,47.55,47.4,47.5,4676.0
2021-05-24 10:03:00,NSE:SDBL,47.5,47.5,47.3,47.3,255.0
2021-05-24 10:04:00,NSE:SDBL,47.5,47.5,47.15,47.2,4035.0
2021-05-24 10:05:00,NSE:SDBL,47.1,47.5,47.1,47.5,15040.0
2021-05-24 10:06:00,NSE:SDBL,47.35,47.35,47.2,47.3,612.0
2021-05-24 10:07:00,NSE:SDBL,47.35,47.35,47.2,47.2,2493.0
2021-05-24 10:08:00,NSE:SDBL,47.2,47.35,47.2,47.2,1314.0
2021-05-24 10:09:00,NSE:SDBL,47.3,47.45,47.3,47.45,3130.0
2021-05-24 10:10:00,NSE:SDBL,47.45,47.45,47.25,47.25,1180.0
2021-05-24 10:11:00,NSE:SDBL,47.25,47.25,47.2,47.2,759.0
2021-05-24 10:12:00,NSE:SDBL,47.45,47.45,47.25,47.25,1500.0
2021-05-24 10:13:00,NSE:SDBL,47.25,47.5,47.2,47.4,5667.0
2021-05-24 10:14:00,NSE:SDBL,47.4,47.4,47.25,47.25,11.0
2021-05-24 10:15:00,NSE:SDBL,47.2,47.4,47.2,47.4,978.0
2021-05-24 10:16:00,NSE:SDBL,47.4,47.4,47.25,47.3,1610.0
2021-05-24 10:17:00,NSE:SDBL,47.35,47.35,47.25,47.25,115.0
2021-05-24 10:18:00,NSE:SDBL,47.2,47.3,47.2,47.3,1947.0
2021-05-24 10:19:00,NSE:SDBL,47.2,47.2,47.1,47.2,1608.0
2021-05-24 10:20:00,NSE:SDBL,47.1,47.25,47.1,47.25,6537.0
2021-05-24 10:21:00,NSE:SDBL,47.15,47.25,47.15,47.15,2293.0
2021-05-24 10:22:00,NSE:SDBL,47.2,47.25,47.2,47.25,3925.0
2021-05-24 10:23:00,NSE:SDBL,47.25,47.3,47.2,47.2,1205.0
2021-05-24 10:24:00,NSE:SDBL,47.3,47.3,47.3,47.3,300.0
2021-05-24 10:25:00,NSE:SDBL,47.3,47.3,47.2,47.2,400.0
2021-05-24 10:26:00,NSE:SDBL,47.2,47.2,47.2,47.2,71.0
2021-05-24 10:27:00,NSE:SDBL,47.2,47.3,47.2,47.3,950.0
2021-05-24 10:28:00,NSE:SDBL,47.3,47.3,47.2,47.3,3939.0
2021-05-24 10:29:00,NSE:SDBL,47.25,47.25,47.25,47.25,25.0
2021-05-24 10:30:00,NSE:SDBL,47.3,47.3,47.1,47.1,1210.0
2021-05-24 10:31:00,NSE:SDBL,47.25,47.3,47.25,47.3,506.0
2021-05-24 10:32:00,NSE:SDBL,47.3,47.3,47.3,47.3,225.0
2021-05-24 10:33:00,NSE:SDBL,47.25,47.25,47.15,47.15,660.0
2021-05-24 10:35:00,NSE:SDBL,47.2,47.2,47.1,47.1,1245.0
2021-05-24 10:36:00,NSE:SDBL,47.1,47.1,47.1,47.1,500.0
2021-05-24 10:37:00,NSE:SDBL,47.1,47.1,47.05,47.05,1982.0
2021-05-24 10:38:00,NSE:SDBL,47.1,47.1,47.05,47.05,947.0
2021-05-24 10:39:00,NSE:SDBL,47.1,47.2,47.1,47.2,1700.0
2021-05-24 10:40:00,NSE:SDBL,47.1,47.1,47.1,47.1,213.0
2021-05-24 10:41:00,NSE:SDBL,47.0,47.1,47.0,47.1,7114.0
2021-05-24 10:42:00,NSE:SDBL,47.1,47.3,47.1,47.3,10835.0
2021-05-24 10:43:00,NSE:SDBL,47.3,47.3,47.05,47.05,644.0
2021-05-24 10:44:00,NSE:SDBL,47.1,47.3,47.1,47.2,1221.0
2021-05-24 10:46:00,NSE:SDBL,47.05,47.2,47.05,47.2,1120.0
2021-05-24 10:47:00,NSE:SDBL,47.15,47.15,47.0,47.0,1513.0
2021-05-24 10:48:00,NSE:SDBL,47.15,47.15,47.15,47.15,100.0
2021-05-24 10:49:00,NSE:SDBL,47.05,47.05,47.05,47.05,1.0
2021-05-24 10:50:00,NSE:SDBL,47.0,47.15,47.0,47.15,1550.0
2021-05-24 10:51:00,NSE:SDBL,47.15,47.15,47.15,47.15,100.0
2021-05-24 10:52:00,NSE:SDBL,47.05,47.05,47.0,47.0,955.0
2021-05-24 10:53:00,NSE:SDBL,47.0,47.1,47.0,47.0,977.0
2021-05-24 10:54:00,NSE:SDBL,47.2,47.2,47.2,47.2,2500.0
2021-05-24 10:55:00,NSE:SDBL,47.15,47.15,47.15,47.15,2.0
2021-05-24 10:56:00,NSE:SDBL,47.15,47.2,47.15,47.2,1607.0
2021-05-24 10:57:00,NSE:SDBL,47.2,47.2,47.2,47.2,3755.0
2021-05-24 10:58:00,NSE:SDBL,47.2,47.2,47.2,47.2,1000.0
2021-05-24 10:59:00,NSE:SDBL,47.15,47.15,47.1,47.1,1190.0
2021-05-24 11:00:00,NSE:SDBL,47.2,47.2,47.2,47.2,1102.0
2021-05-24 11:01:00,NSE:SDBL,47.2,47.2,47.1,47.1,2099.0
2021-05-24 11:02:00,NSE:SDBL,47.1,47.1,47.0,47.1,5426.0
2021-05-24 11:03:00,NSE:SDBL,47.1,47.1,47.1,47.1,103.0
2021-05-24 11:04:00,NSE:SDBL,47.35,47.35,47.35,47.35,10000.0
2021-05-24 11:05:00,NSE:SDBL,47.25,47.25,47.25,47.25,300.0
2021-05-24 11:06:00,NSE:SDBL,47.3,47.3,47.2,47.2,103.0
2021-05-24 11:07:00,NSE:SDBL,47.3,47.4,47.3,47.4,3029.0
2021-05-24 11:08:00,NSE:SDBL,47.4,47.5,47.4,47.5,12573.0
2021-05-24 11:09:00,NSE:SDBL,47.35,47.5,47.35,47.5,1120.0
2021-05-24 11:10:00,NSE:SDBL,47.45,47.45,47.45,47.45,500.0
2021-05-24 11:11:00,NSE:SDBL,47.5,47.7,47.45,47.7,10819.0
2021-05-24 11:12:00,NSE:SDBL,47.8,47.9,47.65,47.9,30359.0
2021-05-24 11:13:00,NSE:SDBL,47.9,47.9,47.8,47.85,3901.0
2021-05-24 11:14:00,NSE:SDBL,47.65,47.65,47.6,47.6,1200.0
2021-05-24 11:15:00,NSE:SDBL,47.75,47.75,47.5,47.5,775.0
2021-05-24 11:16:00,NSE:SDBL,47.75,47.75,47.5,47.5,163.0
2021-05-24 11:17:00,NSE:SDBL,47.5,47.65,47.5,47.65,1050.0
2021-05-24 11:18:00,NSE:SDBL,47.6,47.7,47.6,47.7,600.0
2021-05-24 11:19:00,NSE:SDBL,47.65,47.65,47.65,47.65,400.0
2021-05-24 11:20:00,NSE:SDBL,47.75,47.75,47.75,47.75,10274.0
2021-05-24 11:21:00,NSE:SDBL,47.8,47.8,47.8,47.8,845.0
2021-05-24 11:22:00,NSE:SDBL,47.9,47.9,47.8,47.8,453.0
2021-05-24 11:23:00,NSE:SDBL,47.8,47.8,47.4,47.4,9166.0
2021-05-24 11:24:00,NSE:SDBL,47.4,47.5,47.35,47.5,558.0
2021-05-24 11:25:00,NSE:SDBL,47.35,47.5,47.3,47.5,1234.0
2021-05-24 11:26:00,NSE:SDBL,47.35,47.35,47.35,47.35,50.0
2021-05-24 11:27:00,NSE:SDBL,47.45,47.45,47.45,47.45,303.0
2021-05-24 11:28:00,NSE:SDBL,47.35,47.45,47.3,47.3,1946.0
2021-05-24 11:29:00,NSE:SDBL,47.3,47.3,47.15,47.3,1725.0
2021-05-24 11:30:00,NSE:SDBL,47.25,47.35,47.25,47.35,105.0
2021-05-24 11:31:00,NSE:SDBL,47.25,47.25,47.25,47.25,100.0
2021-05-24 11:32:00,NSE:SDBL,47.2,47.25,47.2,47.25,555.0
2021-05-24 11:33:00,NSE:SDBL,47.25,47.25,47.2,47.2,957.0
2021-05-24 11:35:00,NSE:SDBL,47.2,47.2,47.2,47.2,100.0
2021-05-24 11:36:00,NSE:SDBL,47.2,47.2,47.2,47.2,846.0
2021-05-24 11:37:00,NSE:SDBL,47.25,47.3,47.25,47.25,3948.0
2021-05-24 11:39:00,NSE:SDBL,47.5,47.5,47.5,47.5,300.0
2021-05-24 11:40:00,NSE:SDBL,47.5,47.5,47.5,47.5,3467.0
2021-05-24 11:41:00,NSE:SDBL,47.5,47.5,47.5,47.5,235.0
2021-05-24 11:42:00,NSE:SDBL,47.35,47.35,47.35,47.35,300.0
2021-05-24 11:43:00,NSE:SDBL,47.05,47.05,47.05,47.05,5000.0
2021-05-24 11:45:00,NSE:SDBL,47.1,47.35,47.1,47.35,398.0
2021-05-24 11:46:00,NSE:SDBL,47.5,47.5,47.5,47.5,4425.0
2021-05-24 11:47:00,NSE:SDBL,47.5,47.5,47.3,47.3,7125.0
2021-05-24 11:49:00,NSE:SDBL,47.35,47.9,47.35,47.75,26744.0
2021-05-24 11:50:00,NSE:SDBL,47.95,48.0,47.95,48.0,21515.0
2021-05-24 11:51:00,NSE:SDBL,47.95,48.0,47.9,48.0,26299.0
2021-05-24 11:52:00,NSE:SDBL,48.0,48.0,47.8,47.8,12301.0
2021-05-24 11:53:00,NSE:SDBL,47.8,48.0,47.65,47.85,13195.0
2021-05-24 11:54:00,NSE:SDBL,48.2,48.2,48.0,48.0,5651.0
2021-05-24 11:55:00,NSE:SDBL,48.1,48.15,48.05,48.15,725.0
2021-05-24 11:56:00,NSE:SDBL,48.15,48.15,48.1,48.1,902.0
2021-05-24 11:57:00,NSE:SDBL,48.0,48.0,47.8,47.95,2867.0
2021-05-24 11:58:00,NSE:SDBL,48.0,48.05,48.0,48.0,5141.0
2021-05-24 11:59:00,NSE:SDBL,47.9,48.1,47.9,48.0,1433.0
2021-05-24 12:00:00,NSE:SDBL,48.0,48.0,48.0,48.0,1267.0
2021-05-24 12:01:00,NSE:SDBL,48.0,48.0,48.0,48.0,843.0
2021-05-24 12:02:00,NSE:SDBL,47.9,48.0,47.9,48.0,65.0
2021-05-24 12:04:00,NSE:SDBL,47.9,47.9,47.8,47.8,220.0
2021-05-24 12:05:00,NSE:SDBL,47.8,47.8,47.75,47.8,1168.0
2021-05-24 12:06:00,NSE:SDBL,47.8,47.8,47.5,47.5,1916.0
2021-05-24 12:07:00,NSE:SDBL,47.4,47.4,47.3,47.3,1525.0
2021-05-24 12:08:00,NSE:SDBL,47.3,47.3,47.2,47.2,359.0
2021-05-24 12:09:00,NSE:SDBL,47.35,47.4,47.3,47.4,1448.0
2021-05-24 12:10:00,NSE:SDBL,47.75,47.75,47.65,47.65,5276.0
2021-05-24 12:11:00,NSE:SDBL,47.55,48.05,47.2,48.0,32070.0
2021-05-24 12:12:00,NSE:SDBL,48.0,48.0,48.0,48.0,1572.0
2021-05-24 12:13:00,NSE:SDBL,47.8,47.8,47.75,47.8,1035.0
2021-05-24 12:14:00,NSE:SDBL,47.8,47.8,47.7,47.7,1068.0
2021-05-24 12:15:00,NSE:SDBL,47.8,47.8,47.6,47.6,2550.0
2021-05-24 12:17:00,NSE:SDBL,47.75,47.75,47.75,47.75,40.0
2021-05-24 12:18:00,NSE:SDBL,47.75,47.75,47.6,47.6,707.0
2021-05-24 12:19:00,NSE:SDBL,47.7,47.75,47.45,47.5,287.0
2021-05-24 12:20:00,NSE:SDBL,47.5,47.7,47.45,47.7,1358.0
2021-05-24 12:21:00,NSE:SDBL,47.65,47.7,47.65,47.7,2038.0
2021-05-24 12:22:00,NSE:SDBL,47.55,47.7,47.55,47.7,600.0
2021-05-24 12:23:00,NSE:SDBL,47.65,47.7,47.55,47.7,2270.0
2021-05-24 12:24:00,NSE:SDBL,47.55,47.7,47.5,47.5,1357.0
2021-05-24 12:25:00,NSE:SDBL,47.35,47.35,47.35,47.35,101.0
2021-05-24 12:26:00,NSE:SDBL,47.5,47.5,47.5,47.5,693.0
2021-05-24 12:28:00,NSE:SDBL,47.65,47.65,47.65,47.65,598.0
2021-05-24 12:30:00,NSE:SDBL,47.6,47.6,47.6,47.6,984.0
2021-05-24 12:31:00,NSE:SDBL,47.6,47.6,47.55,47.55,69.0
2021-05-24 12:32:00,NSE:SDBL,47.5,47.5,47.4,47.4,900.0
2021-05-24 12:33:00,NSE:SDBL,47.4,47.4,47.4,47.4,400.0
2021-05-24 12:34:00,NSE:SDBL,47.35,47.5,47.35,47.35,622.0
2021-05-24 12:35:00,NSE:SDBL,47.35,47.35,47.35,47.35,200.0
2021-05-24 12:36:00,NSE:SDBL,47.35,47.45,47.35,47.35,1436.0
2021-05-24 12:38:00,NSE:SDBL,47.35,47.35,47.35,47.35,103.0
2021-05-24 12:39:00,NSE:SDBL,47.35,47.35,47.2,47.2,2500.0
2021-05-24 12:40:00,NSE:SDBL,47.35,47.35,47.25,47.25,110.0
2021-05-24 12:41:00,NSE:SDBL,47.25,47.25,47.25,47.25,437.0
2021-05-24 12:42:00,NSE:SDBL,47.2,47.25,47.2,47.25,376.0
2021-05-24 12:43:00,NSE:SDBL,47.25,47.25,47.25,47.25,737.0
2021-05-24 12:45:00,NSE:SDBL,47.15,47.15,46.8,46.8,36389.0
2021-05-24 12:46:00,NSE:SDBL,46.95,46.95,46.8,46.8,450.0
2021-05-24 12:48:00,NSE:SDBL,46.85,47.0,46.85,47.0,451.0
2021-05-24 12:49:00,NSE:SDBL,47.0,47.0,47.0,47.0,60.0
2021-05-24 12:52:00,NSE:SDBL,47.0,47.0,47.0,47.0,50.0
2021-05-24 12:53:00,NSE:SDBL,47.0,47.0,46.85,46.85,2299.0
2021-05-24 12:54:00,NSE:SDBL,47.0,47.0,47.0,47.0,270.0
2021-05-24 12:55:00,NSE:SDBL,46.9,46.9,46.9,46.9,100.0
2021-05-24 12:56:00,NSE:SDBL,47.0,47.0,47.0,47.0,200.0
2021-05-24 12:57:00,NSE:SDBL,47.0,47.0,46.95,46.95,320.0
2021-05-24 12:58:00,NSE:SDBL,47.0,47.0,47.0,47.0,501.0
2021-05-24 12:59:00,NSE:SDBL,47.0,47.2,47.0,47.2,9775.0
2021-05-24 13:00:00,NSE:SDBL,47.25,47.25,47.25,47.25,3000.0
2021-05-24 13:01:00,NSE:SDBL,47.25,47.35,47.25,47.35,1339.0
2021-05-24 13:02:00,NSE:SDBL,47.25,47.25,47.25,47.25,500.0
2021-05-24 13:03:00,NSE:SDBL,47.45,47.45,47.45,47.45,100.0
2021-05-24 13:04:00,NSE:SDBL,47.45,47.45,47.45,47.45,224.0
2021-05-24 13:05:00,NSE:SDBL,47.45,47.5,47.3,47.5,1089.0
2021-05-24 13:08:00,NSE:SDBL,47.5,47.5,47.3,47.3,3120.0
2021-05-24 13:09:00,NSE:SDBL,47.25,47.25,47.05,47.05,5378.0
2021-05-24 13:10:00,NSE:SDBL,47.1,47.1,47.1,47.1,619.0
2021-05-24 13:12:00,NSE:SDBL,47.4,47.4,47.4,47.4,702.0
2021-05-24 13:13:00,NSE:SDBL,47.45,47.45,47.4,47.4,300.0
2021-05-24 13:14:00,NSE:SDBL,47.4,47.5,47.4,47.5,2804.0
2021-05-24 13:15:00,NSE:SDBL,47.5,47.5,47.5,47.5,10725.0
2021-05-24 13:16:00,NSE:SDBL,47.5,47.5,47.5,47.5,880.0
2021-05-24 13:17:00,NSE:SDBL,47.5,47.5,47.5,47.5,241.0
2021-05-24 13:18:00,NSE:SDBL,47.4,47.4,47.4,47.4,10.0
2021-05-24 13:19:00,NSE:SDBL,47.4,47.5,47.4,47.5,725.0
2021-05-24 13:20:00,NSE:SDBL,47.4,47.4,47.4,47.4,20.0
2021-05-24 13:21:00,NSE:SDBL,47.5,47.5,47.5,47.5,100.0
2021-05-24 13:22:00,NSE:SDBL,47.4,47.4,47.4,47.4,244.0
2021-05-24 13:24:00,NSE:SDBL,47.5,47.5,47.5,47.5,178.0
2021-05-24 13:25:00,NSE:SDBL,47.4,47.5,47.4,47.4,2663.0
2021-05-24 13:26:00,NSE:SDBL,47.4,47.4,47.4,47.4,250.0
2021-05-24 13:27:00,NSE:SDBL,47.4,47.4,47.4,47.4,520.0
2021-05-24 13:28:00,NSE:SDBL,47.25,47.35,47.25,47.25,301.0
2021-05-24 13:29:00,NSE:SDBL,47.35,47.35,47.35,47.35,91.0
2021-05-24 13:31:00,NSE:SDBL,47.2,47.2,47.2,47.2,501.0
2021-05-24 13:32:00,NSE:SDBL,47.15,47.15,47.15,47.15,50.0
2021-05-24 13:34:00,NSE:SDBL,47.2,47.2,47.2,47.2,50.0
2021-05-24 13:35:00,NSE:SDBL,47.4,47.4,47.4,47.4,500.0
2021-05-24 13:37:00,NSE:SDBL,47.35,47.35,47.35,47.35,25.0
2021-05-24 13:38:00,NSE:SDBL,47.2,47.2,47.2,47.2,100.0
2021-05-24 13:39:00,NSE:SDBL,47.25,47.25,47.25,47.25,100.0
2021-05-24 13:41:00,NSE:SDBL,47.35,47.35,47.35,47.35,200.0
2021-05-24 13:42:00,NSE:SDBL,47.25,47.25,47.25,47.25,350.0
2021-05-24 13:44:00,NSE:SDBL,47.35,47.35,47.25,47.25,50.0
2021-05-24 13:46:00,NSE:SDBL,47.45,47.45,47.45,47.45,1938.0
2021-05-24 13:47:00,NSE:SDBL,47.45,47.45,47.45,47.45,43.0
2021-05-24 13:49:00,NSE:SDBL,47.45,47.45,47.45,47.45,50.0
2021-05-24 13:50:00,NSE:SDBL,47.45,47.45,47.45,47.45,225.0
2021-05-24 13:51:00,NSE:SDBL,47.4,47.45,47.4,47.4,415.0
2021-05-24 13:52:00,NSE:SDBL,47.45,47.45,47.45,47.45,10.0
2021-05-24 13:54:00,NSE:SDBL,47.4,47.4,47.4,47.4,461.0
2021-05-24 13:57:00,NSE:SDBL,47.4,47.4,47.4,47.4,100.0
2021-05-24 13:58:00,NSE:SDBL,47.4,47.4,47.4,47.4,210.0
2021-05-24 13:59:00,NSE:SDBL,47.4,47.4,47.2,47.2,1881.0
2021-05-24 14:00:00,NSE:SDBL,47.15,47.15,47.0,47.0,5506.0
2021-05-24 14:02:00,NSE:SDBL,47.1,47.1,47.05,47.05,300.0
2021-05-24 14:03:00,NSE:SDBL,46.95,46.95,46.95,46.95,112.0
2021-05-24 14:04:00,NSE:SDBL,47.1,47.1,47.1,47.1,154.0
2021-05-24 14:05:00,NSE:SDBL,47.1,47.15,47.1,47.15,5141.0
2021-05-24 14:06:00,NSE:SDBL,47.15,47.15,47.15,47.15,50.0
2021-05-24 14:07:00,NSE:SDBL,47.05,47.05,47.05,47.05,800.0
2021-05-24 14:08:00,NSE:SDBL,47.05,47.05,47.05,47.05,25.0
2021-05-24 14:09:00,NSE:SDBL,47.1,47.2,47.1,47.1,1522.0
2021-05-24 14:10:00,NSE:SDBL,47.1,47.1,47.1,47.1,473.0
2021-05-24 14:11:00,NSE:SDBL,47.05,47.05,47.05,47.05,700.0
2021-05-24 14:12:00,NSE:SDBL,47.0,47.0,47.0,47.0,1050.0
2021-05-24 14:14:00,NSE:SDBL,47.0,47.0,47.0,47.0,4817.0
2021-05-24 14:15:00,NSE:SDBL,47.0,47.0,47.0,47.0,184.0
2021-05-24 14:16:00,NSE:SDBL,47.0,47.0,47.0,47.0,299.0
2021-05-24 14:17:00,NSE:SDBL,47.0,47.0,47.0,47.0,50.0
2021-05-24 14:18:00,NSE:SDBL,47.0,47.0,47.0,47.0,3310.0
2021-05-24 14:19:00,NSE:SDBL,47.0,47.0,47.0,47.0,151.0
2021-05-24 14:20:00,NSE:SDBL,47.0,47.2,47.0,47.2,2211.0
2021-05-24 14:21:00,NSE:SDBL,47.2,47.3,47.2,47.3,951.0
2021-05-24 14:22:00,NSE:SDBL,47.35,47.35,47.35,47.35,315.0
2021-05-24 14:23:00,NSE:SDBL,47.35,47.35,47.25,47.25,2005.0
2021-05-24 14:24:00,NSE:SDBL,47.3,47.4,47.3,47.4,558.0
2021-05-24 14:25:00,NSE:SDBL,47.4,47.4,47.4,47.4,202.0
2021-05-24 14:26:00,NSE:SDBL,47.3,47.3,47.3,47.3,849.0
2021-05-24 14:27:00,NSE:SDBL,47.3,47.3,47.3,47.3,5.0
2021-05-24 14:28:00,NSE:SDBL,47.3,47.3,47.3,47.3,10.0
2021-05-24 14:29:00,NSE:SDBL,47.4,47.45,47.4,47.45,600.0
2021-05-24 14:30:00,NSE:SDBL,47.3,47.3,47.3,47.3,10.0
2021-05-24 14:31:00,NSE:SDBL,47.3,47.3,47.3,47.3,5.0
2021-05-24 14:32:00,NSE:SDBL,47.3,47.3,47.3,47.3,101.0
2021-05-24 14:33:00,NSE:SDBL,47.25,47.4,47.25,47.4,509.0
2021-05-24 14:34:00,NSE:SDBL,47.4,47.4,47.25,47.25,205.0
2021-05-24 14:35:00,NSE:SDBL,47.25,47.25,47.25,47.25,10.0
2021-05-24 14:36:00,NSE:SDBL,47.35,47.35,47.25,47.25,5105.0
2021-05-24 14:38:00,NSE:SDBL,47.25,47.3,47.25,47.3,5191.0
2021-05-24 14:39:00,NSE:SDBL,47.3,47.3,47.3,47.3,90.0
2021-05-24 14:40:00,NSE:SDBL,47.15,47.15,47.15,47.15,100.0
2021-05-24 14:41:00,NSE:SDBL,47.05,47.25,47.05,47.25,1015.0
2021-05-24 14:42:00,NSE:SDBL,47.0,47.0,47.0,47.0,2200.0
2021-05-24 14:44:00,NSE:SDBL,47.25,47.25,47.25,47.25,300.0
2021-05-24 14:45:00,NSE:SDBL,47.25,47.25,47.25,47.25,221.0
2021-05-24 14:47:00,NSE:SDBL,47.05,47.25,47.05,47.05,1622.0
2021-05-24 14:48:00,NSE:SDBL,47.0,47.2,47.0,47.2,1208.0
2021-05-24 14:49:00,NSE:SDBL,47.0,47.1,47.0,47.0,5300.0
2021-05-24 14:50:00,NSE:SDBL,47.0,47.0,47.0,47.0,2910.0
2021-05-24 14:51:00,NSE:SDBL,47.0,47.05,47.0,47.0,1245.0
2021-05-24 14:52:00,NSE:SDBL,47.0,47.0,46.9,47.0,1899.0
2021-05-24 14:53:00,NSE:SDBL,46.95,47.0,46.85,47.0,2273.0
2021-05-24 14:54:00,NSE:SDBL,47.05,47.05,46.9,46.9,11.0
2021-05-24 14:55:00,NSE:SDBL,46.95,47.05,46.95,47.05,270.0
2021-05-24 14:56:00,NSE:SDBL,47.05,47.05,46.75,46.75,3267.0
2021-05-24 14:57:00,NSE:SDBL,46.8,46.95,46.8,46.95,21.0
2021-05-24 14:58:00,NSE:SDBL,46.95,46.95,46.85,46.85,1100.0
2021-05-24 15:00:00,NSE:SDBL,47.05,47.05,47.05,47.05,700.0
2021-05-24 15:01:00,NSE:SDBL,47.05,47.1,46.85,46.85,1552.0
2021-05-24 15:02:00,NSE:SDBL,47.0,47.0,47.0,47.0,400.0
2021-05-24 15:03:00,NSE:SDBL,46.9,47.0,46.9,47.0,750.0
2021-05-24 15:04:00,NSE:SDBL,47.0,47.0,47.0,47.0,90.0
2021-05-24 15:05:00,NSE:SDBL,46.9,46.9,46.9,46.9,251.0
2021-05-24 15:06:00,NSE:SDBL,46.85,47.0,46.85,47.0,3300.0
2021-05-24 15:07:00,NSE:SDBL,46.9,47.0,46.85,47.0,2283.0
2021-05-24 15:08:00,NSE:SDBL,46.9,47.0,46.9,47.0,842.0
2021-05-24 15:09:00,NSE:SDBL,47.0,47.0,47.0,47.0,2800.0
2021-05-24 15:10:00,NSE:SDBL,47.0,47.0,46.85,46.9,817.0
2021-05-24 15:11:00,NSE:SDBL,46.9,46.95,46.85,46.85,1640.0
2021-05-24 15:12:00,NSE:SDBL,46.95,46.95,46.7,46.7,4304.0
2021-05-24 15:13:00,NSE:SDBL,46.75,46.8,46.75,46.75,5978.0
2021-05-24 15:14:00,NSE:SDBL,46.75,46.75,46.65,46.75,797.0
2021-05-24 15:15:00,NSE:SDBL,46.75,46.75,46.65,46.7,1488.0
2021-05-24 15:16:00,NSE:SDBL,46.7,46.75,46.6,46.65,1918.0
2021-05-24 15:17:00,NSE:SDBL,46.65,46.7,46.45,46.45,9961.0
2021-05-24 15:18:00,NSE:SDBL,46.45,46.5,46.35,46.5,3114.0
2021-05-24 15:19:00,NSE:SDBL,46.45,46.5,46.45,46.5,1528.0
2021-05-24 15:20:00,NSE:SDBL,46.5,46.75,46.5,46.75,3141.0
2021-05-24 15:21:00,NSE:SDBL,46.55,46.55,46.3,46.3,10328.0
2021-05-24 15:22:00,NSE:SDBL,46.5,46.5,46.4,46.4,701.0
2021-05-24 15:23:00,NSE:SDBL,46.5,46.5,46.45,46.5,8120.0
2021-05-24 15:24:00,NSE:SDBL,46.6,46.6,46.45,46.5,2280.0
2021-05-24 15:25:00,NSE:SDBL,46.5,46.5,46.4,46.5,2890.0
2021-05-24 15:26:00,NSE:SDBL,46.35,46.4,46.35,46.4,4185.0
2021-05-24 15:27:00,NSE:SDBL,46.45,46.45,46.45,46.45,1350.0
2021-05-24 15:28:00,NSE:SDBL,46.45,46.45,46.3,46.35,6323.0
2021-05-24 15:29:00,NSE:SDBL,46.35,46.4,46.35,46.4,3705.0
2021-05-24 15:51:00,NSE:SDBL,46.6,46.6,46.6,46.6,500.0
2021-05-24 15:52:00,NSE:SDBL,46.6,46.6,46.6,46.6,250.0
2021-05-25 09:07:00,NSE:SDBL,46.4,46.4,46.4,46.4,826.0
2021-05-25 09:15:00,NSE:SDBL,46.4,46.9,46.05,46.9,3329.0
2021-05-25 09:16:00,NSE:SDBL,47.0,47.0,46.65,46.9,2277.0
2021-05-25 09:17:00,NSE:SDBL,47.0,47.0,46.95,46.95,1019.0
2021-05-25 09:18:00,NSE:SDBL,47.0,47.0,46.9,46.9,886.0
2021-05-25 09:19:00,NSE:SDBL,47.0,47.0,47.0,47.0,3834.0
2021-05-25 09:20:00,NSE:SDBL,47.0,47.5,46.7,47.0,13688.0
2021-05-25 09:21:00,NSE:SDBL,47.0,47.4,46.85,47.1,10876.0
2021-05-25 09:22:00,NSE:SDBL,47.45,47.45,47.0,47.0,5631.0
2021-05-25 09:23:00,NSE:SDBL,47.0,47.0,46.8,47.0,4915.0
2021-05-25 09:24:00,NSE:SDBL,47.05,47.2,47.0,47.2,3832.0
2021-05-25 09:25:00,NSE:SDBL,47.05,47.2,47.0,47.2,3569.0
2021-05-25 09:26:00,NSE:SDBL,47.2,47.2,46.95,46.95,7052.0
2021-05-25 09:27:00,NSE:SDBL,46.9,46.95,46.9,46.95,450.0
2021-05-25 09:28:00,NSE:SDBL,46.9,46.9,46.9,46.9,616.0
2021-05-25 09:29:00,NSE:SDBL,46.9,46.9,46.75,46.85,278.0
2021-05-25 09:30:00,NSE:SDBL,47.2,47.2,46.4,46.5,31525.0
2021-05-25 09:31:00,NSE:SDBL,46.5,46.8,46.5,46.8,2452.0
2021-05-25 09:32:00,NSE:SDBL,46.5,46.5,46.4,46.4,4425.0
2021-05-25 09:33:00,NSE:SDBL,46.65,46.65,46.5,46.5,275.0
2021-05-25 09:34:00,NSE:SDBL,46.35,46.5,46.15,46.5,4643.0
2021-05-25 09:35:00,NSE:SDBL,46.35,46.55,46.35,46.5,373.0
2021-05-25 09:36:00,NSE:SDBL,46.4,46.4,46.4,46.4,200.0
2021-05-25 09:37:00,NSE:SDBL,46.4,46.5,46.35,46.35,262.0
2021-05-25 09:38:00,NSE:SDBL,46.3,46.45,46.3,46.35,475.0
2021-05-25 09:39:00,NSE:SDBL,46.2,46.3,46.2,46.3,898.0
2021-05-25 09:40:00,NSE:SDBL,46.25,46.45,46.25,46.45,336.0
2021-05-25 09:41:00,NSE:SDBL,46.3,46.55,46.3,46.55,1246.0
2021-05-25 09:42:00,NSE:SDBL,46.55,46.55,46.45,46.5,1267.0
2021-05-25 09:43:00,NSE:SDBL,46.45,46.5,46.4,46.5,1240.0
2021-05-25 09:44:00,NSE:SDBL,46.5,46.5,46.5,46.5,3100.0
2021-05-25 09:45:00,NSE:SDBL,46.4,46.45,46.4,46.45,187.0
2021-05-25 09:46:00,NSE:SDBL,46.4,46.4,46.4,46.4,500.0
2021-05-25 09:47:00,NSE:SDBL,46.4,46.4,46.4,46.4,576.0
2021-05-25 09:48:00,NSE:SDBL,46.4,46.45,46.3,46.3,580.0
2021-05-25 09:49:00,NSE:SDBL,46.3,46.4,46.3,46.3,385.0
2021-05-25 09:50:00,NSE:SDBL,46.2,46.3,46.1,46.3,3580.0
2021-05-25 09:51:00,NSE:SDBL,46.35,46.35,46.3,46.3,101.0
2021-05-25 09:52:00,NSE:SDBL,46.3,46.35,46.3,46.35,1165.0
2021-05-25 09:53:00,NSE:SDBL,46.3,46.45,46.3,46.4,1020.0
2021-05-25 09:54:00,NSE:SDBL,46.4,46.4,46.4,46.4,150.0
2021-05-25 09:56:00,NSE:SDBL,46.4,46.4,46.3,46.3,3032.0
2021-05-25 09:57:00,NSE:SDBL,46.3,46.4,46.3,46.3,716.0
2021-05-25 09:58:00,NSE:SDBL,46.4,46.4,46.3,46.3,54.0
2021-05-25 09:59:00,NSE:SDBL,46.45,46.45,46.3,46.45,305.0
2021-05-25 10:00:00,NSE:SDBL,46.3,46.35,46.3,46.35,45.0
2021-05-25 10:01:00,NSE:SDBL,46.45,46.45,46.3,46.3,550.0
2021-05-25 10:02:00,NSE:SDBL,46.5,46.5,46.5,46.5,600.0
2021-05-25 10:03:00,NSE:SDBL,46.35,46.35,46.35,46.35,1230.0
2021-05-25 10:04:00,NSE:SDBL,46.35,46.35,46.35,46.35,500.0
2021-05-25 10:05:00,NSE:SDBL,46.35,46.35,46.35,46.35,2000.0
2021-05-25 10:06:00,NSE:SDBL,46.45,46.45,46.45,46.45,203.0
2021-05-25 10:07:00,NSE:SDBL,46.4,46.4,46.4,46.4,105.0
2021-05-25 10:08:00,NSE:SDBL,46.35,46.85,46.35,46.85,7768.0
2021-05-25 10:09:00,NSE:SDBL,46.45,46.45,46.35,46.35,925.0
2021-05-25 10:10:00,NSE:SDBL,46.35,46.6,46.35,46.6,51.0
2021-05-25 10:11:00,NSE:SDBL,46.35,46.35,46.35,46.35,59.0
2021-05-25 10:12:00,NSE:SDBL,46.35,46.35,46.35,46.35,100.0
2021-05-25 10:13:00,NSE:SDBL,46.35,46.5,46.35,46.5,1834.0
2021-05-25 10:14:00,NSE:SDBL,46.6,46.65,46.6,46.65,1493.0
2021-05-25 10:15:00,NSE:SDBL,46.7,47.0,46.7,47.0,2541.0
2021-05-25 10:16:00,NSE:SDBL,47.05,47.2,47.0,47.0,6234.0
2021-05-25 10:17:00,NSE:SDBL,47.15,47.15,47.1,47.1,335.0
2021-05-25 10:18:00,NSE:SDBL,47.1,47.15,47.1,47.15,185.0
2021-05-25 10:19:00,NSE:SDBL,47.15,47.15,47.0,47.0,3581.0
2021-05-25 10:20:00,NSE:SDBL,47.0,47.0,46.8,46.8,425.0
2021-05-25 10:21:00,NSE:SDBL,46.85,47.05,46.8,47.05,202.0
2021-05-25 10:22:00,NSE:SDBL,46.85,46.85,46.8,46.8,117.0
2021-05-25 10:23:00,NSE:SDBL,46.8,46.8,46.8,46.8,75.0
2021-05-25 10:24:00,NSE:SDBL,46.8,46.8,46.8,46.8,300.0
2021-05-25 10:25:00,NSE:SDBL,46.9,46.9,46.8,46.8,198.0
2021-05-25 10:26:00,NSE:SDBL,46.8,46.8,46.8,46.8,65.0
2021-05-25 10:27:00,NSE:SDBL,47.0,47.0,47.0,47.0,4538.0
2021-05-25 10:28:00,NSE:SDBL,47.0,47.05,47.0,47.05,528.0
2021-05-25 10:29:00,NSE:SDBL,47.05,47.05,47.05,47.05,1019.0
2021-05-25 10:30:00,NSE:SDBL,47.05,47.05,47.05,47.05,6900.0
2021-05-25 10:31:00,NSE:SDBL,47.1,47.1,47.1,47.1,1270.0
2021-05-25 10:32:00,NSE:SDBL,47.1,47.1,47.05,47.05,623.0
2021-05-25 10:33:00,NSE:SDBL,47.1,47.1,47.05,47.05,1055.0
2021-05-25 10:34:00,NSE:SDBL,47.15,47.15,47.15,47.15,896.0
2021-05-25 10:35:00,NSE:SDBL,47.4,47.4,47.1,47.2,8537.0
2021-05-25 10:36:00,NSE:SDBL,47.35,47.35,47.25,47.3,462.0
2021-05-25 10:37:00,NSE:SDBL,47.35,47.4,47.25,47.4,14116.0
2021-05-25 10:38:00,NSE:SDBL,47.4,47.4,47.4,47.4,3020.0
2021-05-25 10:39:00,NSE:SDBL,47.25,47.4,47.25,47.25,2876.0
2021-05-25 10:40:00,NSE:SDBL,47.25,47.25,47.2,47.2,850.0
2021-05-25 10:41:00,NSE:SDBL,47.35,47.4,47.35,47.4,10100.0
2021-05-25 10:42:00,NSE:SDBL,47.3,47.3,47.3,47.3,34.0
2021-05-25 10:43:00,NSE:SDBL,47.2,47.2,47.15,47.15,2300.0
2021-05-25 10:44:00,NSE:SDBL,47.3,47.3,47.1,47.1,2953.0
2021-05-25 10:45:00,NSE:SDBL,47.3,47.4,47.3,47.4,22029.0
2021-05-25 10:46:00,NSE:SDBL,47.35,47.45,47.35,47.45,30334.0
2021-05-25 10:47:00,NSE:SDBL,47.45,47.9,47.45,47.85,35379.0
2021-05-25 10:48:00,NSE:SDBL,47.85,48.0,47.85,48.0,29742.0
2021-05-25 10:49:00,NSE:SDBL,47.9,48.0,47.9,48.0,16449.0
2021-05-25 10:50:00,NSE:SDBL,48.0,48.0,47.95,48.0,31919.0
2021-05-25 10:51:00,NSE:SDBL,48.0,48.0,47.95,48.0,1925.0
2021-05-25 10:52:00,NSE:SDBL,47.95,48.0,47.95,48.0,7640.0
2021-05-25 10:53:00,NSE:SDBL,48.0,48.0,47.9,48.0,19121.0
2021-05-25 10:54:00,NSE:SDBL,48.0,48.5,47.95,48.4,30074.0
2021-05-25 10:55:00,NSE:SDBL,48.4,49.4,48.4,49.3,62958.0
2021-05-25 10:56:00,NSE:SDBL,49.05,49.45,48.9,49.0,44710.0
2021-05-25 10:57:00,NSE:SDBL,48.95,49.0,48.8,48.9,11419.0
2021-05-25 10:58:00,NSE:SDBL,48.9,49.0,48.8,48.9,10679.0
2021-05-25 10:59:00,NSE:SDBL,48.8,49.0,48.8,48.85,6333.0
2021-05-25 11:00:00,NSE:SDBL,48.9,48.95,48.9,48.95,1221.0
2021-05-25 11:01:00,NSE:SDBL,48.9,49.0,48.85,48.85,5908.0
2021-05-25 11:02:00,NSE:SDBL,49.0,49.0,48.8,49.0,6822.0
2021-05-25 11:03:00,NSE:SDBL,48.85,48.85,48.7,48.7,2106.0
2021-05-25 11:04:00,NSE:SDBL,48.7,48.8,48.45,48.45,15534.0
2021-05-25 11:05:00,NSE:SDBL,48.35,49.15,48.35,49.0,36375.0
2021-05-25 11:06:00,NSE:SDBL,49.0,49.5,49.0,49.3,25359.0
2021-05-25 11:07:00,NSE:SDBL,49.35,49.75,49.25,49.6,38973.0
2021-05-25 11:08:00,NSE:SDBL,49.7,49.8,49.5,49.55,22816.0
2021-05-25 11:09:00,NSE:SDBL,49.7,49.7,49.6,49.6,12334.0
2021-05-25 11:10:00,NSE:SDBL,49.6,49.7,49.55,49.55,4249.0
2021-05-25 11:11:00,NSE:SDBL,49.5,49.65,49.5,49.65,4736.0
2021-05-25 11:12:00,NSE:SDBL,49.5,49.6,49.5,49.6,3435.0
2021-05-25 11:13:00,NSE:SDBL,49.6,49.6,49.5,49.5,2374.0
2021-05-25 11:14:00,NSE:SDBL,49.5,49.5,49.3,49.3,4557.0
2021-05-25 11:15:00,NSE:SDBL,49.35,49.75,49.15,49.75,35530.0
2021-05-25 11:16:00,NSE:SDBL,49.55,49.55,49.45,49.55,1987.0
2021-05-25 11:17:00,NSE:SDBL,49.45,49.95,49.45,49.8,68243.0
2021-05-25 11:18:00,NSE:SDBL,49.75,50.0,49.75,50.0,43360.0
2021-05-25 11:19:00,NSE:SDBL,49.85,50.0,49.8,49.8,5271.0
2021-05-25 11:20:00,NSE:SDBL,49.8,49.9,49.7,49.7,4481.0
2021-05-25 11:21:00,NSE:SDBL,49.75,49.75,49.25,49.25,7090.0
2021-05-25 11:22:00,NSE:SDBL,49.25,49.25,49.1,49.2,5603.0
2021-05-25 11:23:00,NSE:SDBL,49.2,49.25,49.1,49.1,5469.0
2021-05-25 11:24:00,NSE:SDBL,48.95,48.95,48.45,48.8,15115.0
2021-05-25 11:25:00,NSE:SDBL,48.85,49.05,48.85,49.05,5675.0
2021-05-25 11:26:00,NSE:SDBL,48.95,49.2,48.95,49.15,8172.0
2021-05-25 11:27:00,NSE:SDBL,49.3,49.85,49.2,49.65,28798.0
2021-05-25 11:28:00,NSE:SDBL,49.5,49.65,49.4,49.4,3360.0
2021-05-25 11:29:00,NSE:SDBL,49.6,49.6,49.15,49.15,5678.0
2021-05-25 11:30:00,NSE:SDBL,49.05,49.05,49.05,49.05,1054.0
2021-05-25 11:31:00,NSE:SDBL,49.05,49.05,49.05,49.05,1005.0
2021-05-25 11:32:00,NSE:SDBL,49.05,49.15,49.05,49.15,949.0
2021-05-25 11:33:00,NSE:SDBL,49.15,49.25,49.0,49.25,10975.0
2021-05-25 11:34:00,NSE:SDBL,49.35,49.35,49.35,49.35,302.0
2021-05-25 11:35:00,NSE:SDBL,49.35,49.35,49.35,49.35,540.0
2021-05-25 11:36:00,NSE:SDBL,49.35,49.5,49.3,49.45,176.0
2021-05-25 11:37:00,NSE:SDBL,49.45,49.45,49.45,49.45,58.0
2021-05-25 11:38:00,NSE:SDBL,49.35,49.4,49.35,49.4,1046.0
2021-05-25 11:39:00,NSE:SDBL,49.4,49.5,49.4,49.5,6233.0
2021-05-25 11:40:00,NSE:SDBL,49.45,49.5,49.45,49.5,1862.0
2021-05-25 11:41:00,NSE:SDBL,49.45,49.5,49.4,49.4,3549.0
2021-05-25 11:42:00,NSE:SDBL,49.5,49.5,49.4,49.5,550.0
2021-05-25 11:43:00,NSE:SDBL,49.4,49.4,49.4,49.4,551.0
2021-05-25 11:44:00,NSE:SDBL,49.4,49.5,49.4,49.5,1642.0
2021-05-25 11:45:00,NSE:SDBL,49.4,49.6,49.4,49.6,1342.0
2021-05-25 11:46:00,NSE:SDBL,49.45,49.45,49.45,49.45,300.0
2021-05-25 11:47:00,NSE:SDBL,49.35,49.45,49.35,49.35,675.0
2021-05-25 11:48:00,NSE:SDBL,49.35,49.35,49.3,49.35,1691.0
2021-05-25 11:49:00,NSE:SDBL,49.3,49.35,49.3,49.35,142.0
2021-05-25 11:50:00,NSE:SDBL,49.3,49.3,49.0,49.25,6551.0
2021-05-25 11:51:00,NSE:SDBL,49.2,49.25,49.2,49.25,350.0
2021-05-25 11:52:00,NSE:SDBL,49.2,49.2,49.05,49.05,399.0
2021-05-25 11:53:00,NSE:SDBL,49.1,49.1,49.05,49.05,203.0
2021-05-25 11:54:00,NSE:SDBL,49.05,49.3,49.0,49.0,7496.0
2021-05-25 11:55:00,NSE:SDBL,48.9,49.15,48.9,49.15,230.0
2021-05-25 11:56:00,NSE:SDBL,49.15,49.15,49.05,49.15,80.0
2021-05-25 11:57:00,NSE:SDBL,49.15,49.3,49.15,49.15,1104.0
2021-05-25 11:58:00,NSE:SDBL,49.3,49.3,49.2,49.25,1783.0
2021-05-25 11:59:00,NSE:SDBL,49.2,49.25,49.2,49.25,140.0
2021-05-25 12:00:00,NSE:SDBL,49.25,49.25,49.2,49.25,1303.0
2021-05-25 12:01:00,NSE:SDBL,49.1,49.1,49.1,49.1,295.0
2021-05-25 12:02:00,NSE:SDBL,49.25,49.25,49.25,49.25,2225.0
2021-05-25 12:03:00,NSE:SDBL,49.2,49.2,49.2,49.2,9.0
2021-05-25 12:04:00,NSE:SDBL,49.25,49.35,49.25,49.35,102.0
2021-05-25 12:05:00,NSE:SDBL,49.35,49.45,49.25,49.3,682.0
2021-05-25 12:06:00,NSE:SDBL,49.4,49.4,49.3,49.3,401.0
2021-05-25 12:07:00,NSE:SDBL,49.3,49.3,49.3,49.3,1500.0
2021-05-25 12:08:00,NSE:SDBL,49.25,49.45,49.25,49.45,3853.0
2021-05-25 12:09:00,NSE:SDBL,49.45,49.45,49.4,49.4,745.0
2021-05-25 12:10:00,NSE:SDBL,49.4,49.4,49.4,49.4,5.0
2021-05-25 12:11:00,NSE:SDBL,49.4,49.4,49.35,49.35,2632.0
2021-05-25 12:12:00,NSE:SDBL,49.3,49.3,49.3,49.3,50.0
2021-05-25 12:13:00,NSE:SDBL,49.35,49.35,49.3,49.35,436.0
2021-05-25 12:15:00,NSE:SDBL,49.35,49.35,49.25,49.25,2599.0
2021-05-25 12:16:00,NSE:SDBL,49.1,49.1,49.1,49.1,10882.0
2021-05-25 12:18:00,NSE:SDBL,49.05,49.05,49.05,49.05,25.0
2021-05-25 12:19:00,NSE:SDBL,49.1,49.15,49.05,49.15,1222.0
2021-05-25 12:20:00,NSE:SDBL,49.0,49.25,49.0,49.05,6100.0
2021-05-25 12:21:00,NSE:SDBL,49.15,49.2,49.15,49.15,456.0
2021-05-25 12:22:00,NSE:SDBL,49.0,49.3,49.0,49.0,28014.0
2021-05-25 12:23:00,NSE:SDBL,49.0,49.0,49.0,49.0,200.0
2021-05-25 12:24:00,NSE:SDBL,49.2,49.2,48.95,48.95,150.0
2021-05-25 12:25:00,NSE:SDBL,48.9,48.9,48.9,48.9,300.0
2021-05-25 12:26:00,NSE:SDBL,49.1,49.15,48.95,48.95,545.0
2021-05-25 12:27:00,NSE:SDBL,49.15,49.15,49.0,49.0,2300.0
2021-05-25 12:29:00,NSE:SDBL,49.0,49.2,49.0,49.0,1856.0
2021-05-25 12:30:00,NSE:SDBL,48.9,49.15,48.9,49.15,797.0
2021-05-25 12:31:00,NSE:SDBL,49.2,49.2,49.1,49.1,1520.0
2021-05-25 12:32:00,NSE:SDBL,49.0,49.05,48.8,49.05,2330.0
2021-05-25 12:33:00,NSE:SDBL,48.85,49.0,48.85,48.95,664.0
2021-05-25 12:34:00,NSE:SDBL,49.0,49.0,48.95,49.0,375.0
2021-05-25 12:35:00,NSE:SDBL,49.0,49.0,49.0,49.0,375.0
2021-05-25 12:36:00,NSE:SDBL,49.0,49.25,49.0,49.25,6255.0
2021-05-25 12:37:00,NSE:SDBL,49.1,49.1,49.1,49.1,830.0
2021-05-25 12:38:00,NSE:SDBL,49.1,49.25,49.1,49.1,1037.0
2021-05-25 12:40:00,NSE:SDBL,49.1,49.2,49.1,49.2,3300.0
2021-05-25 12:41:00,NSE:SDBL,49.2,49.2,49.05,49.05,5408.0
2021-05-25 12:42:00,NSE:SDBL,49.05,49.15,49.05,49.15,650.0
2021-05-25 12:44:00,NSE:SDBL,49.05,49.15,49.05,49.15,2.0
2021-05-25 12:45:00,NSE:SDBL,49.15,49.15,49.15,49.15,46.0
2021-05-25 12:46:00,NSE:SDBL,49.1,49.1,49.05,49.05,533.0
2021-05-25 12:47:00,NSE:SDBL,49.05,49.05,49.0,49.0,248.0
2021-05-25 12:48:00,NSE:SDBL,49.05,49.1,49.05,49.1,66.0
2021-05-25 12:49:00,NSE:SDBL,49.1,49.1,48.9,48.9,7926.0
2021-05-25 12:50:00,NSE:SDBL,49.0,49.0,49.0,49.0,200.0
2021-05-25 12:51:00,NSE:SDBL,49.0,49.0,49.0,49.0,400.0
2021-05-25 12:53:00,NSE:SDBL,48.9,48.9,48.9,48.9,15.0
2021-05-25 12:54:00,NSE:SDBL,48.9,48.9,48.9,48.9,10.0
2021-05-25 12:55:00,NSE:SDBL,48.9,48.9,48.9,48.9,975.0
2021-05-25 12:56:00,NSE:SDBL,48.9,48.9,48.85,48.85,119.0
2021-05-25 12:57:00,NSE:SDBL,48.85,48.85,48.8,48.8,251.0
2021-05-25 12:58:00,NSE:SDBL,48.85,48.85,48.85,48.85,283.0
2021-05-25 12:59:00,NSE:SDBL,48.85,49.0,48.85,49.0,1011.0
2021-05-25 13:00:00,NSE:SDBL,48.95,48.95,48.95,48.95,3.0
2021-05-25 13:01:00,NSE:SDBL,48.85,49.0,48.85,48.95,1400.0
2021-05-25 13:02:00,NSE:SDBL,48.85,48.85,48.85,48.85,1024.0
2021-05-25 13:03:00,NSE:SDBL,48.85,48.9,48.85,48.9,755.0
2021-05-25 13:04:00,NSE:SDBL,48.85,48.95,48.85,48.95,290.0
2021-05-25 13:05:00,NSE:SDBL,48.95,48.95,48.9,48.9,150.0
2021-05-25 13:07:00,NSE:SDBL,48.85,48.85,48.85,48.85,103.0
2021-05-25 13:09:00,NSE:SDBL,48.85,48.95,48.85,48.95,249.0
2021-05-25 13:10:00,NSE:SDBL,49.0,49.0,49.0,49.0,4820.0
2021-05-25 13:11:00,NSE:SDBL,49.0,49.0,49.0,49.0,10.0
2021-05-25 13:12:00,NSE:SDBL,49.0,49.1,49.0,49.1,400.0
2021-05-25 13:13:00,NSE:SDBL,49.0,49.0,49.0,49.0,103.0
2021-05-25 13:14:00,NSE:SDBL,49.0,49.0,49.0,49.0,2000.0
2021-05-25 13:15:00,NSE:SDBL,49.0,49.0,49.0,49.0,6816.0
2021-05-25 13:16:00,NSE:SDBL,48.95,48.95,48.85,48.85,958.0
2021-05-25 13:17:00,NSE:SDBL,48.85,48.9,48.75,48.9,2822.0
2021-05-25 13:18:00,NSE:SDBL,48.9,48.9,48.9,48.9,32.0
2021-05-25 13:19:00,NSE:SDBL,48.85,48.85,48.75,48.75,1934.0
2021-05-25 13:20:00,NSE:SDBL,48.9,48.9,48.75,48.75,1805.0
2021-05-25 13:22:00,NSE:SDBL,48.7,48.7,48.7,48.7,3100.0
2021-05-25 13:23:00,NSE:SDBL,48.9,48.9,48.9,48.9,200.0
2021-05-25 13:25:00,NSE:SDBL,48.85,48.9,48.8,48.9,4008.0
2021-05-25 13:26:00,NSE:SDBL,48.7,48.8,48.7,48.8,1236.0
2021-05-25 13:28:00,NSE:SDBL,48.7,48.7,48.65,48.7,200.0
2021-05-25 13:29:00,NSE:SDBL,48.7,48.7,48.55,48.55,7060.0
2021-05-25 13:30:00,NSE:SDBL,48.6,48.65,48.55,48.65,1027.0
2021-05-25 13:31:00,NSE:SDBL,48.65,48.65,48.65,48.65,50.0
2021-05-25 13:32:00,NSE:SDBL,48.9,48.9,48.85,48.85,4100.0
2021-05-25 13:33:00,NSE:SDBL,48.85,48.85,48.85,48.85,521.0
2021-05-25 13:34:00,NSE:SDBL,48.85,48.85,48.85,48.85,61.0
2021-05-25 13:36:00,NSE:SDBL,48.85,48.85,48.85,48.85,100.0
2021-05-25 13:37:00,NSE:SDBL,48.7,48.85,48.7,48.7,452.0
2021-05-25 13:38:00,NSE:SDBL,48.7,48.85,48.7,48.7,201.0
2021-05-25 13:39:00,NSE:SDBL,48.65,48.65,48.65,48.65,759.0
2021-05-25 13:40:00,NSE:SDBL,48.6,48.6,48.55,48.55,13.0
2021-05-25 13:42:00,NSE:SDBL,48.5,48.5,48.5,48.5,1500.0
2021-05-25 13:43:00,NSE:SDBL,48.7,48.7,48.7,48.7,100.0
2021-05-25 13:44:00,NSE:SDBL,48.5,48.5,48.4,48.4,7935.0
2021-05-25 13:45:00,NSE:SDBL,48.4,48.4,48.4,48.4,40.0
2021-05-25 13:47:00,NSE:SDBL,48.3,48.35,48.25,48.35,501.0
2021-05-25 13:48:00,NSE:SDBL,48.35,48.35,48.25,48.25,2333.0
2021-05-25 13:49:00,NSE:SDBL,48.25,48.35,48.25,48.3,1450.0
2021-05-25 13:50:00,NSE:SDBL,48.25,48.25,48.25,48.25,501.0
2021-05-25 13:51:00,NSE:SDBL,48.25,48.25,48.2,48.2,299.0
2021-05-25 13:52:00,NSE:SDBL,48.25,48.4,48.25,48.4,290.0
2021-05-25 13:53:00,NSE:SDBL,48.4,48.45,48.35,48.35,1220.0
2021-05-25 13:54:00,NSE:SDBL,48.3,48.3,48.3,48.3,3372.0
2021-05-25 13:55:00,NSE:SDBL,48.3,48.3,48.25,48.25,260.0
2021-05-25 13:56:00,NSE:SDBL,48.2,48.3,48.2,48.25,1139.0
2021-05-25 13:57:00,NSE:SDBL,48.3,48.3,48.3,48.3,100.0
2021-05-25 13:58:00,NSE:SDBL,48.3,48.4,48.3,48.4,7070.0
2021-05-25 13:59:00,NSE:SDBL,48.5,48.5,48.5,48.5,300.0
2021-05-25 14:00:00,NSE:SDBL,48.5,48.5,48.3,48.3,51.0
2021-05-25 14:02:00,NSE:SDBL,48.35,48.35,48.35,48.35,75.0
2021-05-25 14:03:00,NSE:SDBL,48.5,48.5,48.5,48.5,1640.0
2021-05-25 14:04:00,NSE:SDBL,48.4,48.4,48.4,48.4,299.0
2021-05-25 14:05:00,NSE:SDBL,48.4,48.5,48.4,48.45,1112.0
2021-05-25 14:07:00,NSE:SDBL,48.45,48.45,48.45,48.45,100.0
2021-05-25 14:08:00,NSE:SDBL,48.5,48.5,48.45,48.45,6384.0
2021-05-25 14:09:00,NSE:SDBL,48.5,48.5,48.45,48.5,19100.0
2021-05-25 14:10:00,NSE:SDBL,48.5,48.5,48.45,48.45,425.0
2021-05-25 14:11:00,NSE:SDBL,48.45,48.45,48.45,48.45,60.0
2021-05-25 14:12:00,NSE:SDBL,48.45,48.45,48.45,48.45,510.0
2021-05-25 14:13:00,NSE:SDBL,48.45,48.45,48.45,48.45,647.0
2021-05-25 14:14:00,NSE:SDBL,48.45,48.45,48.4,48.4,1994.0
2021-05-25 14:15:00,NSE:SDBL,48.35,48.5,48.35,48.35,759.0
2021-05-25 14:16:00,NSE:SDBL,48.35,48.35,48.35,48.35,85.0
2021-05-25 14:17:00,NSE:SDBL,48.35,48.35,48.35,48.35,1015.0
2021-05-25 14:18:00,NSE:SDBL,48.4,48.45,48.4,48.45,400.0
2021-05-25 14:19:00,NSE:SDBL,48.45,48.45,48.35,48.35,396.0
2021-05-25 14:20:00,NSE:SDBL,48.35,48.5,48.35,48.5,112.0
2021-05-25 14:21:00,NSE:SDBL,48.35,48.5,48.35,48.5,3150.0
2021-05-25 14:22:00,NSE:SDBL,48.4,48.45,48.4,48.45,2200.0
2021-05-25 14:23:00,NSE:SDBL,48.35,48.5,48.35,48.5,525.0
2021-05-25 14:25:00,NSE:SDBL,48.4,48.4,48.4,48.4,1000.0
2021-05-25 14:26:00,NSE:SDBL,48.35,48.4,48.35,48.4,2172.0
2021-05-25 14:27:00,NSE:SDBL,48.4,48.4,48.4,48.4,152.0
2021-05-25 14:28:00,NSE:SDBL,48.5,48.5,48.4,48.5,1441.0
2021-05-25 14:30:00,NSE:SDBL,48.35,48.5,48.35,48.5,502.0
2021-05-25 14:31:00,NSE:SDBL,48.5,48.5,48.5,48.5,300.0
2021-05-25 14:32:00,NSE:SDBL,48.5,48.5,48.5,48.5,1020.0
2021-05-25 14:33:00,NSE:SDBL,48.5,48.6,48.5,48.6,5400.0
2021-05-25 14:34:00,NSE:SDBL,48.55,48.55,48.4,48.4,701.0
2021-05-25 14:35:00,NSE:SDBL,48.55,49.05,48.55,49.0,27380.0
2021-05-25 14:36:00,NSE:SDBL,49.1,49.1,48.8,48.8,9525.0
2021-05-25 14:37:00,NSE:SDBL,48.6,48.7,48.6,48.7,732.0
2021-05-25 14:38:00,NSE:SDBL,48.75,48.75,48.75,48.75,600.0
2021-05-25 14:39:00,NSE:SDBL,48.85,48.85,48.8,48.8,365.0
2021-05-25 14:40:00,NSE:SDBL,48.85,48.85,48.8,48.85,1082.0
2021-05-25 14:41:00,NSE:SDBL,48.9,48.9,48.75,48.8,1274.0
2021-05-25 14:42:00,NSE:SDBL,48.8,48.8,48.8,48.8,500.0
2021-05-25 14:43:00,NSE:SDBL,48.7,48.8,48.7,48.8,32.0
2021-05-25 14:44:00,NSE:SDBL,48.8,48.8,48.8,48.8,1336.0
2021-05-25 14:45:00,NSE:SDBL,48.75,48.75,48.4,48.45,8605.0
2021-05-25 14:46:00,NSE:SDBL,48.45,48.5,48.45,48.5,3481.0
2021-05-25 14:47:00,NSE:SDBL,48.5,48.5,48.5,48.5,250.0
2021-05-25 14:48:00,NSE:SDBL,48.65,48.65,48.65,48.65,239.0
2021-05-25 14:50:00,NSE:SDBL,48.65,48.65,48.65,48.65,150.0
2021-05-25 14:51:00,NSE:SDBL,48.65,48.7,48.6,48.6,620.0
2021-05-25 14:52:00,NSE:SDBL,48.6,48.6,48.55,48.55,301.0
2021-05-25 14:53:00,NSE:SDBL,48.65,48.65,48.5,48.5,56.0
2021-05-25 14:54:00,NSE:SDBL,48.5,48.6,48.45,48.5,662.0
2021-05-25 14:55:00,NSE:SDBL,48.45,48.6,48.45,48.6,712.0
2021-05-25 14:56:00,NSE:SDBL,48.6,48.65,48.6,48.65,408.0
2021-05-25 14:57:00,NSE:SDBL,48.65,48.65,48.55,48.6,805.0
2021-05-25 14:58:00,NSE:SDBL,48.5,48.6,48.5,48.6,2251.0
2021-05-25 14:59:00,NSE:SDBL,48.7,49.0,48.7,49.0,5307.0
2021-05-25 15:00:00,NSE:SDBL,49.05,49.35,49.0,49.3,13401.0
2021-05-25 15:01:00,NSE:SDBL,49.25,49.3,49.05,49.05,1092.0
2021-05-25 15:02:00,NSE:SDBL,49.15,49.15,49.1,49.1,327.0
2021-05-25 15:03:00,NSE:SDBL,49.0,49.0,49.0,49.0,650.0
2021-05-25 15:04:00,NSE:SDBL,49.1,49.5,49.1,49.5,13686.0
2021-05-25 15:05:00,NSE:SDBL,49.4,49.5,49.15,49.25,7878.0
2021-05-25 15:06:00,NSE:SDBL,49.5,49.5,49.25,49.5,10574.0
2021-05-25 15:07:00,NSE:SDBL,49.5,49.5,49.5,49.5,5606.0
2021-05-25 15:08:00,NSE:SDBL,49.35,49.5,49.15,49.15,10212.0
2021-05-25 15:09:00,NSE:SDBL,49.25,49.25,49.25,49.25,266.0
2021-05-25 15:10:00,NSE:SDBL,49.25,49.4,49.25,49.4,1494.0
2021-05-25 15:11:00,NSE:SDBL,49.4,49.45,49.35,49.35,2038.0
2021-05-25 15:12:00,NSE:SDBL,49.4,49.4,49.25,49.25,2665.0
2021-05-25 15:13:00,NSE:SDBL,49.25,49.4,49.2,49.2,867.0
2021-05-25 15:14:00,NSE:SDBL,49.4,49.4,49.2,49.25,4271.0
2021-05-25 15:15:00,NSE:SDBL,49.4,49.4,49.2,49.35,2067.0
2021-05-25 15:16:00,NSE:SDBL,49.35,49.35,49.2,49.2,1261.0
2021-05-25 15:17:00,NSE:SDBL,49.2,49.3,49.2,49.3,2517.0
2021-05-25 15:18:00,NSE:SDBL,49.3,49.35,49.2,49.35,3392.0
2021-05-25 15:19:00,NSE:SDBL,49.35,49.35,49.2,49.2,1909.0
2021-05-25 15:20:00,NSE:SDBL,49.2,49.4,49.2,49.4,2000.0
2021-05-25 15:21:00,NSE:SDBL,49.4,49.45,49.4,49.4,7436.0
2021-05-25 15:22:00,NSE:SDBL,49.4,49.4,49.4,49.4,3197.0
2021-05-25 15:23:00,NSE:SDBL,49.4,49.4,49.35,49.35,6540.0
2021-05-25 15:24:00,NSE:SDBL,49.35,49.4,49.3,49.4,2892.0
2021-05-25 15:25:00,NSE:SDBL,49.35,49.35,49.3,49.3,1733.0
2021-05-25 15:26:00,NSE:SDBL,49.35,49.35,49.2,49.2,3168.0
2021-05-25 15:27:00,NSE:SDBL,49.25,49.3,49.15,49.15,16012.0
2021-05-25 15:28:00,NSE:SDBL,49.25,49.4,48.95,48.95,27918.0
2021-05-25 15:29:00,NSE:SDBL,49.05,49.25,49.0,49.15,6612.0
2021-05-25 15:30:00,NSE:SDBL,49.15,49.15,49.15,49.15,50.0
2021-05-25 15:41:00,NSE:SDBL,49.3,49.3,49.15,49.15,1000.0
2021-05-25 15:46:00,NSE:SDBL,49.3,49.3,49.3,49.3,14.0
2021-05-25 15:52:00,NSE:SDBL,49.3,49.3,49.3,49.3,2100.0
2021-05-25 15:56:00,NSE:SDBL,49.3,49.3,49.3,49.3,100.0
2021-05-26 09:07:00,NSE:SDBL,49.3,49.3,49.3,49.3,1736.0
2021-05-26 09:15:00,NSE:SDBL,49.45,49.7,49.45,49.7,4322.0
2021-05-26 09:16:00,NSE:SDBL,49.7,49.9,49.65,49.9,2926.0
2021-05-26 09:17:00,NSE:SDBL,49.7,49.9,49.7,49.9,5677.0
2021-05-26 09:18:00,NSE:SDBL,49.9,49.9,49.85,49.85,1546.0
2021-05-26 09:19:00,NSE:SDBL,49.8,50.5,49.8,50.15,11627.0
2021-05-26 09:20:00,NSE:SDBL,50.1,50.45,50.1,50.4,16001.0
2021-05-26 09:21:00,NSE:SDBL,50.4,50.95,50.4,50.95,25042.0
2021-05-26 09:22:00,NSE:SDBL,50.85,50.85,50.7,50.7,5656.0
2021-05-26 09:23:00,NSE:SDBL,50.7,50.85,50.4,50.4,15754.0
2021-05-26 09:24:00,NSE:SDBL,50.3,50.35,50.05,50.15,13955.0
2021-05-26 09:25:00,NSE:SDBL,50.25,50.25,50.15,50.25,5110.0
2021-05-26 09:26:00,NSE:SDBL,50.25,50.25,50.2,50.25,1620.0
2021-05-26 09:27:00,NSE:SDBL,50.25,50.25,50.1,50.15,3516.0
2021-05-26 09:28:00,NSE:SDBL,50.15,50.15,50.1,50.1,3803.0
2021-05-26 09:29:00,NSE:SDBL,49.95,50.0,49.95,49.95,4201.0
2021-05-26 09:30:00,NSE:SDBL,49.95,50.0,49.95,49.95,2986.0
2021-05-26 09:31:00,NSE:SDBL,49.95,50.0,49.95,49.95,1240.0
2021-05-26 09:32:00,NSE:SDBL,50.0,50.0,49.95,50.0,4345.0
2021-05-26 09:33:00,NSE:SDBL,50.0,50.0,50.0,50.0,575.0
2021-05-26 09:34:00,NSE:SDBL,50.0,50.0,49.95,50.0,806.0
2021-05-26 09:35:00,NSE:SDBL,49.95,49.95,49.95,49.95,671.0
2021-05-26 09:36:00,NSE:SDBL,50.0,50.0,49.95,49.95,2002.0
2021-05-26 09:37:00,NSE:SDBL,49.95,50.0,49.95,50.0,1136.0
2021-05-26 09:38:00,NSE:SDBL,50.0,50.0,49.95,50.0,667.0
2021-05-26 09:39:00,NSE:SDBL,50.0,50.0,49.95,50.0,1826.0
2021-05-26 09:40:00,NSE:SDBL,50.0,50.0,49.95,50.0,1152.0
2021-05-26 09:41:00,NSE:SDBL,49.95,50.0,49.95,49.95,1232.0
2021-05-26 09:42:00,NSE:SDBL,49.95,50.0,49.95,50.0,2495.0
2021-05-26 09:43:00,NSE:SDBL,49.95,50.0,49.95,49.95,672.0
2021-05-26 09:44:00,NSE:SDBL,50.0,50.0,49.95,49.95,111.0
2021-05-26 09:45:00,NSE:SDBL,50.0,50.0,49.95,50.0,3426.0
2021-05-26 09:46:00,NSE:SDBL,49.95,49.95,49.65,49.8,14401.0
2021-05-26 09:47:00,NSE:SDBL,49.7,49.85,49.7,49.85,2431.0
2021-05-26 09:48:00,NSE:SDBL,49.95,49.95,49.75,49.75,740.0
2021-05-26 09:49:00,NSE:SDBL,49.75,49.85,49.75,49.85,62.0
2021-05-26 09:50:00,NSE:SDBL,49.85,49.95,49.85,49.95,561.0
2021-05-26 09:51:00,NSE:SDBL,49.95,50.1,49.95,50.1,4041.0
2021-05-26 09:52:00,NSE:SDBL,50.05,50.15,50.05,50.05,1166.0
2021-05-26 09:53:00,NSE:SDBL,50.1,50.1,50.0,50.0,8806.0
2021-05-26 09:54:00,NSE:SDBL,49.95,49.95,49.75,49.95,5062.0
2021-05-26 09:55:00,NSE:SDBL,49.8,49.8,49.8,49.8,102.0
2021-05-26 09:56:00,NSE:SDBL,49.8,49.8,49.8,49.8,2026.0
2021-05-26 09:57:00,NSE:SDBL,49.85,49.95,49.8,49.95,118.0
2021-05-26 09:58:00,NSE:SDBL,49.8,49.8,49.6,49.8,2150.0
2021-05-26 09:59:00,NSE:SDBL,49.75,49.85,49.75,49.75,804.0
2021-05-26 10:00:00,NSE:SDBL,49.75,49.9,49.75,49.9,23.0
2021-05-26 10:02:00,NSE:SDBL,49.9,49.9,49.9,49.9,100.0
2021-05-26 10:03:00,NSE:SDBL,49.95,50.0,49.95,50.0,1506.0
2021-05-26 10:05:00,NSE:SDBL,50.0,50.0,50.0,50.0,4.0
2021-05-26 10:06:00,NSE:SDBL,50.0,50.0,50.0,50.0,100.0
2021-05-26 10:07:00,NSE:SDBL,49.85,50.0,49.85,49.9,659.0
2021-05-26 10:08:00,NSE:SDBL,49.9,49.9,49.9,49.9,575.0
2021-05-26 10:09:00,NSE:SDBL,49.9,49.9,49.85,49.9,1300.0
2021-05-26 10:10:00,NSE:SDBL,49.9,49.95,49.9,49.95,4378.0
2021-05-26 10:11:00,NSE:SDBL,49.95,49.95,49.95,49.95,301.0
2021-05-26 10:12:00,NSE:SDBL,49.95,50.0,49.95,50.0,9470.0
2021-05-26 10:13:00,NSE:SDBL,50.0,50.0,49.95,50.0,7001.0
2021-05-26 10:14:00,NSE:SDBL,50.0,50.0,49.9,50.0,2571.0
2021-05-26 10:15:00,NSE:SDBL,50.0,50.0,50.0,50.0,1050.0
2021-05-26 10:16:00,NSE:SDBL,50.0,50.0,49.9,50.0,1836.0
2021-05-26 10:17:00,NSE:SDBL,50.0,50.0,50.0,50.0,1100.0
2021-05-26 10:18:00,NSE:SDBL,49.95,49.95,49.95,49.95,1400.0
2021-05-26 10:19:00,NSE:SDBL,49.95,50.0,49.95,50.0,1001.0
2021-05-26 10:20:00,NSE:SDBL,50.0,50.0,49.9,49.9,4980.0
2021-05-26 10:21:00,NSE:SDBL,50.0,50.0,49.95,49.95,15.0
2021-05-26 10:22:00,NSE:SDBL,50.0,50.0,50.0,50.0,100.0
2021-05-26 10:23:00,NSE:SDBL,50.0,50.0,49.9,50.0,1711.0
2021-05-26 10:24:00,NSE:SDBL,50.0,50.0,50.0,50.0,1000.0
2021-05-26 10:25:00,NSE:SDBL,49.9,50.0,49.9,50.0,1250.0
2021-05-26 10:26:00,NSE:SDBL,50.0,50.0,49.9,50.0,862.0
2021-05-26 10:27:00,NSE:SDBL,50.0,50.0,49.9,49.9,350.0
2021-05-26 10:28:00,NSE:SDBL,50.0,50.0,50.0,50.0,758.0
2021-05-26 10:29:00,NSE:SDBL,50.0,50.0,49.9,49.9,885.0
2021-05-26 10:30:00,NSE:SDBL,49.9,49.9,49.9,49.9,530.0
2021-05-26 10:31:00,NSE:SDBL,49.9,49.9,49.8,49.8,2629.0
2021-05-26 10:32:00,NSE:SDBL,49.75,49.75,49.75,49.75,2372.0
2021-05-26 10:33:00,NSE:SDBL,49.75,49.75,49.75,49.75,60.0
2021-05-26 10:34:00,NSE:SDBL,49.75,49.75,49.75,49.75,2020.0
2021-05-26 10:35:00,NSE:SDBL,49.8,49.8,49.75,49.75,1059.0
2021-05-26 10:36:00,NSE:SDBL,49.75,49.9,49.75,49.9,652.0
2021-05-26 10:37:00,NSE:SDBL,49.75,49.85,49.7,49.75,983.0
2021-05-26 10:38:00,NSE:SDBL,49.75,49.75,49.7,49.7,1288.0
2021-05-26 10:39:00,NSE:SDBL,49.65,49.75,49.65,49.75,307.0
2021-05-26 10:40:00,NSE:SDBL,49.65,49.8,49.65,49.75,603.0
2021-05-26 10:41:00,NSE:SDBL,49.8,49.8,49.75,49.8,915.0
2021-05-26 10:42:00,NSE:SDBL,49.75,49.8,49.75,49.8,2139.0
2021-05-26 10:43:00,NSE:SDBL,49.8,49.8,49.75,49.8,2910.0
2021-05-26 10:44:00,NSE:SDBL,49.85,50.3,49.8,50.3,35796.0
2021-05-26 10:45:00,NSE:SDBL,50.5,50.5,50.1,50.45,7538.0
2021-05-26 10:46:00,NSE:SDBL,50.1,50.15,50.1,50.15,294.0
2021-05-26 10:47:00,NSE:SDBL,50.0,50.1,50.0,50.0,6387.0
2021-05-26 10:48:00,NSE:SDBL,49.85,49.85,49.85,49.85,170.0
2021-05-26 10:49:00,NSE:SDBL,49.9,49.9,49.75,49.75,70.0
2021-05-26 10:50:00,NSE:SDBL,49.9,49.9,49.9,49.9,20.0
2021-05-26 10:52:00,NSE:SDBL,49.9,49.9,49.9,49.9,130.0
2021-05-26 10:53:00,NSE:SDBL,49.9,49.9,49.8,49.8,108.0
2021-05-26 10:54:00,NSE:SDBL,49.8,49.9,49.8,49.8,2204.0
2021-05-26 10:56:00,NSE:SDBL,49.9,49.9,49.75,49.8,2440.0
2021-05-26 10:57:00,NSE:SDBL,49.75,49.8,49.75,49.75,1052.0
2021-05-26 10:58:00,NSE:SDBL,49.8,49.8,49.8,49.8,100.0
2021-05-26 10:59:00,NSE:SDBL,49.75,49.75,49.65,49.65,2574.0
2021-05-26 11:00:00,NSE:SDBL,49.7,49.7,49.6,49.7,914.0
2021-05-26 11:01:00,NSE:SDBL,49.7,49.7,49.7,49.7,1.0
2021-05-26 11:02:00,NSE:SDBL,49.65,49.65,49.65,49.65,150.0
2021-05-26 11:03:00,NSE:SDBL,49.65,49.65,49.65,49.65,22.0
2021-05-26 11:04:00,NSE:SDBL,49.6,49.65,49.6,49.65,1113.0
2021-05-26 11:05:00,NSE:SDBL,49.65,49.65,49.6,49.65,1005.0
2021-05-26 11:06:00,NSE:SDBL,49.6,49.6,49.5,49.6,4525.0
2021-05-26 11:07:00,NSE:SDBL,49.6,49.65,49.6,49.65,1135.0
2021-05-26 11:08:00,NSE:SDBL,49.55,49.55,49.55,49.55,400.0
2021-05-26 11:10:00,NSE:SDBL,49.65,49.65,49.65,49.65,50.0
2021-05-26 11:11:00,NSE:SDBL,49.65,49.65,49.65,49.65,2700.0
2021-05-26 11:12:00,NSE:SDBL,49.8,49.8,49.8,49.8,50.0
2021-05-26 11:13:00,NSE:SDBL,49.65,49.65,49.65,49.65,115.0
2021-05-26 11:14:00,NSE:SDBL,49.8,49.8,49.6,49.75,660.0
2021-05-26 11:15:00,NSE:SDBL,49.7,49.75,49.5,49.5,8972.0
2021-05-26 11:16:00,NSE:SDBL,49.7,49.7,49.6,49.65,492.0
2021-05-26 11:17:00,NSE:SDBL,49.5,49.6,49.5,49.6,5017.0
2021-05-26 11:18:00,NSE:SDBL,49.65,49.75,49.6,49.6,2355.0
2021-05-26 11:19:00,NSE:SDBL,49.6,49.6,49.6,49.6,250.0
2021-05-26 11:20:00,NSE:SDBL,49.6,49.6,49.6,49.6,1009.0
2021-05-26 11:21:00,NSE:SDBL,49.6,49.7,49.6,49.7,16.0
2021-05-26 11:22:00,NSE:SDBL,49.6,49.7,49.6,49.7,51.0
2021-05-26 11:23:00,NSE:SDBL,49.7,49.75,49.7,49.75,260.0
2021-05-26 11:24:00,NSE:SDBL,49.75,49.75,49.5,49.5,2020.0
2021-05-26 11:25:00,NSE:SDBL,49.65,49.65,49.45,49.45,968.0
2021-05-26 11:26:00,NSE:SDBL,49.65,49.65,49.45,49.45,668.0
2021-05-26 11:27:00,NSE:SDBL,49.5,49.6,49.5,49.6,260.0
2021-05-26 11:28:00,NSE:SDBL,49.6,49.6,49.6,49.6,2.0
2021-05-26 11:29:00,NSE:SDBL,49.4,49.6,49.4,49.6,4082.0
2021-05-26 11:30:00,NSE:SDBL,49.45,49.8,49.45,49.8,28207.0
2021-05-26 11:31:00,NSE:SDBL,49.75,49.75,49.6,49.6,1826.0
2021-05-26 11:32:00,NSE:SDBL,49.6,49.6,49.6,49.6,10.0
2021-05-26 11:33:00,NSE:SDBL,49.6,49.6,49.6,49.6,20.0
2021-05-26 11:34:00,NSE:SDBL,49.6,49.9,49.6,49.6,7193.0
2021-05-26 11:35:00,NSE:SDBL,49.55,49.55,49.5,49.5,88.0
2021-05-26 11:37:00,NSE:SDBL,49.5,49.5,49.3,49.45,7337.0
2021-05-26 11:38:00,NSE:SDBL,49.5,49.5,49.5,49.5,589.0
2021-05-26 11:39:00,NSE:SDBL,49.5,49.5,49.45,49.45,2308.0
2021-05-26 11:40:00,NSE:SDBL,49.5,49.5,49.35,49.4,1634.0
2021-05-26 11:41:00,NSE:SDBL,49.35,49.35,49.3,49.3,1600.0
2021-05-26 11:42:00,NSE:SDBL,49.4,49.4,49.4,49.4,1.0
2021-05-26 11:43:00,NSE:SDBL,49.35,49.4,49.35,49.4,1301.0
2021-05-26 11:44:00,NSE:SDBL,49.4,49.4,49.3,49.4,356.0
2021-05-26 11:45:00,NSE:SDBL,49.4,49.4,49.4,49.4,679.0
2021-05-26 11:46:00,NSE:SDBL,49.4,49.4,49.3,49.4,1250.0
2021-05-26 11:47:00,NSE:SDBL,49.4,49.4,49.3,49.3,1797.0
2021-05-26 11:48:00,NSE:SDBL,49.3,49.3,49.3,49.3,1.0
2021-05-26 11:49:00,NSE:SDBL,49.3,49.3,49.25,49.25,2244.0
2021-05-26 11:50:00,NSE:SDBL,49.15,49.15,49.15,49.15,2070.0
2021-05-26 11:51:00,NSE:SDBL,49.15,49.25,49.15,49.25,260.0
2021-05-26 11:52:00,NSE:SDBL,49.25,49.25,49.2,49.25,1730.0
2021-05-26 11:53:00,NSE:SDBL,49.25,49.25,49.1,49.25,2098.0
2021-05-26 11:54:00,NSE:SDBL,49.1,49.1,49.1,49.1,400.0
2021-05-26 11:55:00,NSE:SDBL,49.25,49.25,49.1,49.2,1061.0
2021-05-26 11:56:00,NSE:SDBL,49.2,49.2,49.1,49.1,71.0
2021-05-26 11:57:00,NSE:SDBL,49.25,49.25,49.1,49.2,2520.0
2021-05-26 11:58:00,NSE:SDBL,48.9,48.9,48.5,48.5,23593.0
2021-05-26 11:59:00,NSE:SDBL,48.8,48.9,48.8,48.8,5610.0
2021-05-26 12:00:00,NSE:SDBL,48.8,48.95,48.8,48.95,10878.0
2021-05-26 12:01:00,NSE:SDBL,48.8,49.0,48.8,49.0,4071.0
2021-05-26 12:02:00,NSE:SDBL,48.9,49.0,48.8,49.0,3000.0
2021-05-26 12:03:00,NSE:SDBL,49.0,49.0,49.0,49.0,130.0
2021-05-26 12:04:00,NSE:SDBL,48.9,48.9,48.85,48.9,1379.0
2021-05-26 12:05:00,NSE:SDBL,48.9,48.9,48.8,48.8,5110.0
2021-05-26 12:06:00,NSE:SDBL,48.8,48.8,48.8,48.8,311.0
2021-05-26 12:07:00,NSE:SDBL,48.8,48.8,48.8,48.8,150.0
2021-05-26 12:08:00,NSE:SDBL,48.8,48.8,48.8,48.8,941.0
2021-05-26 12:09:00,NSE:SDBL,48.8,48.9,48.8,48.9,247.0
2021-05-26 12:10:00,NSE:SDBL,48.8,48.8,48.8,48.8,300.0
2021-05-26 12:11:00,NSE:SDBL,48.9,48.9,48.8,48.8,155.0
2021-05-26 12:12:00,NSE:SDBL,48.9,48.9,48.8,48.8,344.0
2021-05-26 12:13:00,NSE:SDBL,48.8,48.8,48.8,48.8,592.0
2021-05-26 12:14:00,NSE:SDBL,48.95,48.95,48.95,48.95,100.0
2021-05-26 12:15:00,NSE:SDBL,48.75,48.75,48.75,48.75,1250.0
2021-05-26 12:16:00,NSE:SDBL,48.9,49.0,48.9,49.0,2150.0
2021-05-26 12:17:00,NSE:SDBL,48.95,49.0,48.85,48.85,172.0
2021-05-26 12:19:00,NSE:SDBL,48.85,48.85,48.85,48.85,100.0
2021-05-26 12:20:00,NSE:SDBL,48.85,48.85,48.85,48.85,105.0
2021-05-26 12:23:00,NSE:SDBL,48.85,48.85,48.85,48.85,735.0
2021-05-26 12:24:00,NSE:SDBL,48.85,48.85,48.8,48.8,1785.0
2021-05-26 12:25:00,NSE:SDBL,48.8,48.8,48.75,48.75,290.0
2021-05-26 12:27:00,NSE:SDBL,48.75,48.8,48.75,48.8,500.0
2021-05-26 12:29:00,NSE:SDBL,48.75,48.75,48.7,48.7,492.0
2021-05-26 12:30:00,NSE:SDBL,48.75,48.75,48.6,48.6,2352.0
2021-05-26 12:31:00,NSE:SDBL,48.6,48.6,48.3,48.35,23864.0
2021-05-26 12:32:00,NSE:SDBL,48.45,48.5,48.45,48.45,2742.0
2021-05-26 12:33:00,NSE:SDBL,48.5,48.5,48.35,48.35,216.0
2021-05-26 12:34:00,NSE:SDBL,48.4,48.4,48.4,48.4,205.0
2021-05-26 12:35:00,NSE:SDBL,48.35,48.4,48.35,48.35,812.0
2021-05-26 12:36:00,NSE:SDBL,48.35,48.4,48.35,48.4,1175.0
2021-05-26 12:37:00,NSE:SDBL,48.4,48.4,48.35,48.35,430.0
2021-05-26 12:38:00,NSE:SDBL,48.35,48.4,48.35,48.4,1769.0
2021-05-26 12:39:00,NSE:SDBL,48.4,48.5,48.4,48.4,1075.0
2021-05-26 12:40:00,NSE:SDBL,48.5,48.5,48.5,48.5,622.0
2021-05-26 12:41:00,NSE:SDBL,48.5,48.5,48.4,48.4,800.0
2021-05-26 12:43:00,NSE:SDBL,48.5,48.5,48.5,48.5,201.0
2021-05-26 12:44:00,NSE:SDBL,48.45,48.45,48.45,48.45,5.0
2021-05-26 12:45:00,NSE:SDBL,48.5,48.5,48.4,48.5,255.0
2021-05-26 12:46:00,NSE:SDBL,48.5,48.5,48.4,48.5,370.0
2021-05-26 12:47:00,NSE:SDBL,48.4,48.4,48.4,48.4,466.0
2021-05-26 12:48:00,NSE:SDBL,48.4,48.4,48.4,48.4,100.0
2021-05-26 12:49:00,NSE:SDBL,48.5,48.5,48.5,48.5,106.0
2021-05-26 12:50:00,NSE:SDBL,48.5,48.5,48.5,48.5,1168.0
2021-05-26 12:51:00,NSE:SDBL,48.5,48.5,48.45,48.45,556.0
2021-05-26 12:52:00,NSE:SDBL,48.45,48.5,48.45,48.5,901.0
2021-05-26 12:53:00,NSE:SDBL,48.5,48.5,48.4,48.4,1026.0
2021-05-26 12:54:00,NSE:SDBL,48.5,48.5,48.5,48.5,200.0
2021-05-26 12:55:00,NSE:SDBL,48.4,48.45,48.4,48.45,88.0
2021-05-26 12:56:00,NSE:SDBL,48.5,48.5,48.5,48.5,100.0
2021-05-26 12:57:00,NSE:SDBL,48.35,48.35,48.35,48.35,1995.0
2021-05-26 12:58:00,NSE:SDBL,48.35,48.35,48.35,48.35,200.0
2021-05-26 12:59:00,NSE:SDBL,48.5,48.5,48.5,48.5,27.0
2021-05-26 13:00:00,NSE:SDBL,48.5,48.5,48.35,48.35,237.0
2021-05-26 13:01:00,NSE:SDBL,48.4,48.5,48.4,48.5,1100.0
2021-05-26 13:02:00,NSE:SDBL,48.45,48.45,48.45,48.45,75.0
2021-05-26 13:04:00,NSE:SDBL,48.4,48.45,48.4,48.45,537.0
2021-05-26 13:05:00,NSE:SDBL,48.45,48.45,48.45,48.45,428.0
2021-05-26 13:06:00,NSE:SDBL,48.45,48.45,48.45,48.45,705.0
2021-05-26 13:07:00,NSE:SDBL,48.45,48.45,48.45,48.45,300.0
2021-05-26 13:08:00,NSE:SDBL,48.45,48.45,48.45,48.45,100.0
2021-05-26 13:10:00,NSE:SDBL,48.35,48.35,48.35,48.35,235.0
2021-05-26 13:11:00,NSE:SDBL,48.3,48.35,48.25,48.25,8919.0
2021-05-26 13:12:00,NSE:SDBL,48.25,48.25,48.25,48.25,1110.0
2021-05-26 13:13:00,NSE:SDBL,48.25,48.25,48.25,48.25,2003.0
2021-05-26 13:14:00,NSE:SDBL,48.25,48.25,48.2,48.2,451.0
2021-05-26 13:15:00,NSE:SDBL,48.25,48.25,47.4,47.5,18143.0
2021-05-26 13:16:00,NSE:SDBL,47.45,47.55,47.45,47.55,3023.0
2021-05-26 13:17:00,NSE:SDBL,47.55,47.95,47.55,47.95,2520.0
2021-05-26 13:18:00,NSE:SDBL,47.7,47.7,47.55,47.6,1930.0
2021-05-26 13:19:00,NSE:SDBL,47.6,47.75,47.6,47.6,222.0
2021-05-26 13:20:00,NSE:SDBL,47.6,47.6,47.55,47.55,92.0
2021-05-26 13:21:00,NSE:SDBL,47.8,47.95,47.8,47.95,2858.0
2021-05-26 13:22:00,NSE:SDBL,47.95,47.95,47.6,47.6,2600.0
2021-05-26 13:23:00,NSE:SDBL,47.6,47.85,47.6,47.85,1100.0
2021-05-26 13:24:00,NSE:SDBL,47.85,47.85,47.8,47.85,255.0
2021-05-26 13:25:00,NSE:SDBL,47.9,47.9,47.9,47.9,50.0
2021-05-26 13:26:00,NSE:SDBL,47.8,47.85,47.75,47.85,1595.0
2021-05-26 13:27:00,NSE:SDBL,47.85,47.95,47.85,47.95,1700.0
2021-05-26 13:28:00,NSE:SDBL,47.95,47.95,47.95,47.95,500.0
2021-05-26 13:29:00,NSE:SDBL,48.0,48.0,48.0,48.0,5005.0
2021-05-26 13:30:00,NSE:SDBL,47.9,48.0,47.9,48.0,379.0
2021-05-26 13:32:00,NSE:SDBL,47.8,47.8,47.8,47.8,115.0
2021-05-26 13:33:00,NSE:SDBL,47.8,47.95,47.8,47.8,123.0
2021-05-26 13:34:00,NSE:SDBL,47.95,47.95,47.95,47.95,3232.0
2021-05-26 13:35:00,NSE:SDBL,47.95,48.0,47.95,48.0,600.0
2021-05-26 13:36:00,NSE:SDBL,47.95,47.95,47.95,47.95,52.0
2021-05-26 13:37:00,NSE:SDBL,48.0,48.2,48.0,48.2,1098.0
2021-05-26 13:38:00,NSE:SDBL,48.05,48.1,48.05,48.1,1002.0
2021-05-26 13:39:00,NSE:SDBL,48.05,48.05,48.05,48.05,3.0
2021-05-26 13:40:00,NSE:SDBL,48.3,48.45,48.25,48.45,2501.0
2021-05-26 13:41:00,NSE:SDBL,48.45,48.45,48.4,48.45,700.0
2021-05-26 13:42:00,NSE:SDBL,48.45,48.45,48.35,48.35,220.0
2021-05-26 13:43:00,NSE:SDBL,48.35,48.35,48.35,48.35,714.0
2021-05-26 13:44:00,NSE:SDBL,48.3,48.3,48.3,48.3,500.0
2021-05-26 13:45:00,NSE:SDBL,48.25,48.25,48.25,48.25,832.0
2021-05-26 13:46:00,NSE:SDBL,48.25,48.25,48.15,48.15,2084.0
2021-05-26 13:48:00,NSE:SDBL,48.35,48.35,48.35,48.35,3.0
2021-05-26 13:49:00,NSE:SDBL,48.15,48.4,48.15,48.4,4802.0
2021-05-26 13:50:00,NSE:SDBL,48.45,48.8,48.45,48.6,8698.0
2021-05-26 13:51:00,NSE:SDBL,48.6,48.7,48.35,48.7,4333.0
2021-05-26 13:52:00,NSE:SDBL,48.7,48.95,48.7,48.8,6517.0
2021-05-26 13:53:00,NSE:SDBL,48.7,48.85,48.7,48.7,1914.0
2021-05-26 13:55:00,NSE:SDBL,48.7,48.75,48.7,48.7,576.0
2021-05-26 13:56:00,NSE:SDBL,48.7,48.7,48.7,48.7,700.0
2021-05-26 13:57:00,NSE:SDBL,48.65,48.65,48.6,48.6,736.0
2021-05-26 13:58:00,NSE:SDBL,48.65,48.65,48.65,48.65,10.0
2021-05-26 13:59:00,NSE:SDBL,48.5,48.5,48.1,48.1,5247.0
2021-05-26 14:00:00,NSE:SDBL,48.3,48.3,48.3,48.3,30.0
2021-05-26 14:01:00,NSE:SDBL,48.05,48.5,48.05,48.5,2156.0
2021-05-26 14:02:00,NSE:SDBL,48.55,48.55,48.55,48.55,10.0
2021-05-26 14:03:00,NSE:SDBL,48.5,48.5,48.5,48.5,3144.0
2021-05-26 14:04:00,NSE:SDBL,48.5,48.5,48.5,48.5,80.0
2021-05-26 14:05:00,NSE:SDBL,48.35,48.35,48.35,48.35,50.0
2021-05-26 14:06:00,NSE:SDBL,48.4,48.45,48.25,48.45,556.0
2021-05-26 14:07:00,NSE:SDBL,48.2,48.45,48.2,48.45,820.0
2021-05-26 14:08:00,NSE:SDBL,48.45,48.45,48.45,48.45,1.0
2021-05-26 14:11:00,NSE:SDBL,48.45,48.45,48.45,48.45,5.0
2021-05-26 14:12:00,NSE:SDBL,48.3,48.35,48.0,48.35,5600.0
2021-05-26 14:13:00,NSE:SDBL,48.25,48.25,48.25,48.25,150.0
2021-05-26 14:14:00,NSE:SDBL,48.25,48.25,48.15,48.15,296.0
2021-05-26 14:15:00,NSE:SDBL,48.25,48.25,48.25,48.25,29.0
2021-05-26 14:16:00,NSE:SDBL,48.15,48.15,48.15,48.15,200.0
2021-05-26 14:17:00,NSE:SDBL,48.2,48.2,48.2,48.2,5.0
2021-05-26 14:18:00,NSE:SDBL,48.2,48.2,48.15,48.15,990.0
2021-05-26 14:20:00,NSE:SDBL,48.2,48.2,48.15,48.15,1015.0
2021-05-26 14:21:00,NSE:SDBL,48.2,48.2,48.2,48.2,100.0
2021-05-26 14:22:00,NSE:SDBL,48.1,48.2,48.1,48.2,930.0
2021-05-26 14:23:00,NSE:SDBL,48.2,48.2,48.0,48.0,1278.0
2021-05-26 14:24:00,NSE:SDBL,48.15,48.15,48.15,48.15,208.0
2021-05-26 14:25:00,NSE:SDBL,48.2,48.2,48.2,48.2,250.0
2021-05-26 14:26:00,NSE:SDBL,48.2,48.2,48.1,48.1,510.0
2021-05-26 14:27:00,NSE:SDBL,48.2,48.2,48.2,48.2,1.0
2021-05-26 14:30:00,NSE:SDBL,48.0,48.4,48.0,48.4,4038.0
2021-05-26 14:31:00,NSE:SDBL,48.45,48.45,48.45,48.45,3960.0
2021-05-26 14:32:00,NSE:SDBL,48.15,48.2,47.9,47.9,4938.0
2021-05-26 14:33:00,NSE:SDBL,47.9,48.0,47.9,47.95,1030.0
2021-05-26 14:34:00,NSE:SDBL,48.0,48.2,48.0,48.05,3093.0
2021-05-26 14:35:00,NSE:SDBL,48.2,48.2,48.2,48.2,10.0
2021-05-26 14:36:00,NSE:SDBL,48.0,48.2,48.0,48.2,2404.0
2021-05-26 14:37:00,NSE:SDBL,48.2,48.2,48.2,48.2,667.0
2021-05-26 14:38:00,NSE:SDBL,48.25,48.25,48.25,48.25,4433.0
2021-05-26 14:39:00,NSE:SDBL,48.25,48.25,48.2,48.25,141.0
2021-05-26 14:40:00,NSE:SDBL,48.2,48.25,48.2,48.25,11.0
2021-05-26 14:42:00,NSE:SDBL,48.25,48.25,48.2,48.25,125.0
2021-05-26 14:43:00,NSE:SDBL,48.2,48.2,48.05,48.2,120.0
2021-05-26 14:44:00,NSE:SDBL,48.25,48.25,48.25,48.25,700.0
2021-05-26 14:45:00,NSE:SDBL,48.3,48.3,48.0,48.0,1578.0
2021-05-26 14:46:00,NSE:SDBL,47.9,48.0,47.9,48.0,2145.0
2021-05-26 14:47:00,NSE:SDBL,47.8,48.0,47.8,47.8,133.0
2021-05-26 14:48:00,NSE:SDBL,47.9,47.9,47.9,47.9,1.0
2021-05-26 14:49:00,NSE:SDBL,48.0,48.0,47.9,47.9,759.0
2021-05-26 14:50:00,NSE:SDBL,47.9,48.0,47.9,47.9,751.0
2021-05-26 14:51:00,NSE:SDBL,47.8,47.9,47.8,47.9,3046.0
2021-05-26 14:52:00,NSE:SDBL,47.95,47.95,47.95,47.95,100.0
2021-05-26 14:53:00,NSE:SDBL,48.0,48.0,48.0,48.0,450.0
2021-05-26 14:55:00,NSE:SDBL,48.0,48.0,48.0,48.0,701.0
2021-05-26 14:56:00,NSE:SDBL,47.9,47.9,47.85,47.85,546.0
2021-05-26 14:57:00,NSE:SDBL,48.0,48.0,48.0,48.0,256.0
2021-05-26 14:58:00,NSE:SDBL,48.1,48.1,48.1,48.1,700.0
2021-05-26 14:59:00,NSE:SDBL,47.85,48.05,47.8,48.05,1282.0
2021-05-26 15:00:00,NSE:SDBL,47.8,48.0,47.8,48.0,705.0
2021-05-26 15:01:00,NSE:SDBL,48.0,48.0,47.75,47.75,1750.0
2021-05-26 15:02:00,NSE:SDBL,47.9,47.9,47.9,47.9,150.0
2021-05-26 15:03:00,NSE:SDBL,47.9,48.0,47.9,48.0,4009.0
2021-05-26 15:04:00,NSE:SDBL,47.9,48.0,47.9,48.0,1610.0
2021-05-26 15:05:00,NSE:SDBL,47.95,47.95,47.95,47.95,100.0
2021-05-26 15:06:00,NSE:SDBL,47.9,48.0,47.9,48.0,1150.0
2021-05-26 15:07:00,NSE:SDBL,48.0,48.0,47.9,47.9,320.0
2021-05-26 15:08:00,NSE:SDBL,48.0,48.0,47.9,48.0,162.0
2021-05-26 15:09:00,NSE:SDBL,47.9,47.9,47.9,47.9,1506.0
2021-05-26 15:10:00,NSE:SDBL,47.9,47.9,47.8,47.8,1453.0
2021-05-26 15:11:00,NSE:SDBL,47.8,47.8,47.7,47.7,605.0
2021-05-26 15:12:00,NSE:SDBL,47.65,47.65,47.65,47.65,400.0
2021-05-26 15:13:00,NSE:SDBL,47.6,47.8,47.6,47.8,618.0
2021-05-26 15:14:00,NSE:SDBL,47.8,47.9,47.8,47.8,2506.0
2021-05-26 15:15:00,NSE:SDBL,47.85,47.85,47.8,47.8,712.0
2021-05-26 15:16:00,NSE:SDBL,47.8,47.8,47.7,47.7,1098.0
2021-05-26 15:17:00,NSE:SDBL,47.5,47.5,47.45,47.5,13741.0
2021-05-26 15:18:00,NSE:SDBL,47.5,47.5,47.25,47.25,5289.0
2021-05-26 15:19:00,NSE:SDBL,47.4,47.4,47.2,47.4,1345.0
2021-05-26 15:20:00,NSE:SDBL,47.4,47.4,47.3,47.3,2324.0
2021-05-26 15:21:00,NSE:SDBL,47.4,47.45,47.3,47.4,1765.0
2021-05-26 15:22:00,NSE:SDBL,47.45,47.5,47.45,47.5,1825.0
2021-05-26 15:23:00,NSE:SDBL,47.5,47.5,47.4,47.4,2309.0
2021-05-26 15:24:00,NSE:SDBL,47.4,47.45,47.2,47.4,5354.0
2021-05-26 15:25:00,NSE:SDBL,47.5,47.5,47.45,47.45,4363.0
2021-05-26 15:26:00,NSE:SDBL,47.45,47.5,47.45,47.5,11965.0
2021-05-26 15:27:00,NSE:SDBL,47.5,47.65,47.3,47.45,1572.0
2021-05-26 15:28:00,NSE:SDBL,47.3,47.45,47.3,47.45,247.0
2021-05-26 15:29:00,NSE:SDBL,47.45,47.45,47.0,47.4,23773.0
2021-05-26 15:40:00,NSE:SDBL,47.45,47.45,47.45,47.45,300.0
2021-05-26 15:46:00,NSE:SDBL,47.45,47.45,47.45,47.45,264.0
2021-05-26 15:48:00,NSE:SDBL,47.45,47.45,47.45,47.45,1000.0
2021-05-26 15:50:00,NSE:SDBL,47.45,47.45,47.45,47.45,1000.0
2021-05-27 09:07:00,NSE:SDBL,48.0,48.0,48.0,48.0,8495.0
2021-05-27 09:15:00,NSE:SDBL,48.3,48.8,48.3,48.8,11686.0
2021-05-27 09:16:00,NSE:SDBL,48.5,49.85,48.5,49.5,19731.0
2021-05-27 09:17:00,NSE:SDBL,49.5,49.9,49.0,49.35,14832.0
2021-05-27 09:18:00,NSE:SDBL,49.4,49.4,48.6,49.0,8876.0
2021-05-27 09:19:00,NSE:SDBL,48.95,48.95,47.8,47.8,18542.0
2021-05-27 09:20:00,NSE:SDBL,48.0,48.25,47.8,48.25,3196.0
2021-05-27 09:21:00,NSE:SDBL,48.15,48.5,48.15,48.2,14656.0
2021-05-27 09:22:00,NSE:SDBL,48.2,48.4,48.2,48.4,6365.0
2021-05-27 09:23:00,NSE:SDBL,48.4,49.2,48.4,49.2,5752.0
2021-05-27 09:24:00,NSE:SDBL,49.15,49.5,49.15,49.4,4412.0
2021-05-27 09:25:00,NSE:SDBL,49.4,50.2,49.35,49.55,54250.0
2021-05-27 09:26:00,NSE:SDBL,49.8,49.8,49.6,49.8,21922.0
2021-05-27 09:27:00,NSE:SDBL,49.7,49.85,49.6,49.6,25426.0
2021-05-27 09:28:00,NSE:SDBL,49.5,49.5,49.3,49.5,9974.0
2021-05-27 09:29:00,NSE:SDBL,49.5,49.5,49.35,49.35,2882.0
2021-05-27 09:30:00,NSE:SDBL,49.5,50.0,49.15,49.9,49217.0
2021-05-27 09:31:00,NSE:SDBL,50.0,50.1,49.8,49.9,13728.0
2021-05-27 09:32:00,NSE:SDBL,49.85,49.85,49.6,49.75,4101.0
2021-05-27 09:33:00,NSE:SDBL,49.75,49.9,49.55,49.8,5737.0
2021-05-27 09:34:00,NSE:SDBL,49.9,49.9,49.6,49.8,2580.0
2021-05-27 09:35:00,NSE:SDBL,49.7,49.9,49.7,49.8,7445.0
2021-05-27 09:36:00,NSE:SDBL,49.8,49.9,49.7,49.7,2700.0
2021-05-27 09:37:00,NSE:SDBL,49.8,49.9,49.7,49.9,1496.0
2021-05-27 09:38:00,NSE:SDBL,49.9,49.9,49.9,49.9,6521.0
2021-05-27 09:39:00,NSE:SDBL,49.8,49.9,49.75,49.85,5445.0
2021-05-27 09:40:00,NSE:SDBL,49.75,49.85,49.75,49.85,4418.0
2021-05-27 09:41:00,NSE:SDBL,49.75,49.75,49.7,49.7,2857.0
2021-05-27 09:42:00,NSE:SDBL,49.65,49.75,49.65,49.75,1205.0
2021-05-27 09:43:00,NSE:SDBL,49.65,49.75,49.65,49.75,2470.0
2021-05-27 09:44:00,NSE:SDBL,49.65,49.7,49.6,49.7,4815.0
2021-05-27 09:45:00,NSE:SDBL,49.6,49.7,49.6,49.6,2330.0
2021-05-27 09:46:00,NSE:SDBL,49.7,49.7,49.1,49.2,15431.0
2021-05-27 09:47:00,NSE:SDBL,49.2,49.2,49.0,49.0,12828.0
2021-05-27 09:48:00,NSE:SDBL,48.95,49.0,48.85,48.85,1524.0
2021-05-27 09:49:00,NSE:SDBL,49.0,49.0,48.8,48.95,3220.0
2021-05-27 09:50:00,NSE:SDBL,49.0,49.0,49.0,49.0,1411.0
2021-05-27 09:51:00,NSE:SDBL,49.0,49.15,49.0,49.15,10652.0
2021-05-27 09:52:00,NSE:SDBL,49.15,49.15,49.0,49.1,2100.0
2021-05-27 09:53:00,NSE:SDBL,49.1,49.15,49.0,49.0,2579.0
2021-05-27 09:54:00,NSE:SDBL,49.15,49.15,48.95,49.15,2001.0
2021-05-27 09:55:00,NSE:SDBL,48.95,49.15,48.95,48.95,1470.0
2021-05-27 09:56:00,NSE:SDBL,49.1,49.15,49.0,49.15,2221.0
2021-05-27 09:57:00,NSE:SDBL,49.15,49.15,49.15,49.15,360.0
2021-05-27 09:58:00,NSE:SDBL,49.15,49.15,49.15,49.15,865.0
2021-05-27 09:59:00,NSE:SDBL,49.0,49.0,49.0,49.0,1101.0
2021-05-27 10:00:00,NSE:SDBL,48.95,48.95,48.95,48.95,190.0
2021-05-27 10:01:00,NSE:SDBL,49.0,49.0,48.8,48.8,1032.0
2021-05-27 10:02:00,NSE:SDBL,48.8,48.9,48.8,48.9,718.0
2021-05-27 10:03:00,NSE:SDBL,48.95,49.0,48.95,48.95,759.0
2021-05-27 10:04:00,NSE:SDBL,49.0,49.0,48.95,48.95,1822.0
2021-05-27 10:05:00,NSE:SDBL,49.0,49.0,48.8,48.9,2823.0
2021-05-27 10:06:00,NSE:SDBL,48.85,48.9,48.85,48.9,161.0
2021-05-27 10:07:00,NSE:SDBL,48.8,48.8,48.8,48.8,198.0
2021-05-27 10:08:00,NSE:SDBL,48.8,48.95,48.8,48.95,322.0
2021-05-27 10:09:00,NSE:SDBL,48.95,49.0,48.95,49.0,1460.0
2021-05-27 10:10:00,NSE:SDBL,48.95,49.0,48.95,48.95,1501.0
2021-05-27 10:11:00,NSE:SDBL,49.0,49.0,49.0,49.0,500.0
2021-05-27 10:12:00,NSE:SDBL,49.0,49.0,49.0,49.0,100.0
2021-05-27 10:13:00,NSE:SDBL,48.95,49.0,48.95,49.0,330.0
2021-05-27 10:14:00,NSE:SDBL,49.0,49.0,48.8,48.8,1770.0
2021-05-27 10:15:00,NSE:SDBL,48.85,48.85,48.75,48.75,6447.0
2021-05-27 10:17:00,NSE:SDBL,48.95,48.95,48.9,48.95,2095.0
2021-05-27 10:18:00,NSE:SDBL,48.95,48.95,48.8,48.8,350.0
2021-05-27 10:19:00,NSE:SDBL,48.8,48.8,48.8,48.8,15.0
2021-05-27 10:20:00,NSE:SDBL,48.95,48.95,48.8,48.8,253.0
2021-05-27 10:21:00,NSE:SDBL,48.75,48.85,48.7,48.85,2575.0
2021-05-27 10:22:00,NSE:SDBL,48.6,48.95,48.6,48.95,7957.0
2021-05-27 10:23:00,NSE:SDBL,48.85,48.95,48.8,48.95,857.0
2021-05-27 10:24:00,NSE:SDBL,48.95,48.95,48.95,48.95,555.0
2021-05-27 10:25:00,NSE:SDBL,48.95,48.95,48.95,48.95,600.0
2021-05-27 10:26:00,NSE:SDBL,48.95,48.95,48.95,48.95,415.0
2021-05-27 10:27:00,NSE:SDBL,48.95,48.95,48.95,48.95,405.0
2021-05-27 10:28:00,NSE:SDBL,48.95,48.95,48.75,48.9,2431.0
2021-05-27 10:29:00,NSE:SDBL,48.9,48.9,48.9,48.9,100.0
2021-05-27 10:30:00,NSE:SDBL,48.9,49.0,48.9,49.0,1750.0
2021-05-27 10:31:00,NSE:SDBL,49.0,49.0,48.8,48.8,37.0
2021-05-27 10:32:00,NSE:SDBL,48.8,48.8,48.8,48.8,1.0
2021-05-27 10:33:00,NSE:SDBL,48.8,49.0,48.8,48.85,336.0
2021-05-27 10:34:00,NSE:SDBL,48.95,49.0,48.95,49.0,450.0
2021-05-27 10:36:00,NSE:SDBL,48.9,48.9,48.9,48.9,23.0
2021-05-27 10:37:00,NSE:SDBL,48.85,48.95,48.85,48.95,519.0
2021-05-27 10:38:00,NSE:SDBL,48.95,49.0,48.85,48.85,5067.0
2021-05-27 10:39:00,NSE:SDBL,49.0,49.0,48.85,48.95,866.0
2021-05-27 10:40:00,NSE:SDBL,48.85,48.85,48.85,48.85,600.0
2021-05-27 10:41:00,NSE:SDBL,48.85,48.85,48.85,48.85,35.0
2021-05-27 10:42:00,NSE:SDBL,48.95,48.95,48.85,48.85,419.0
2021-05-27 10:43:00,NSE:SDBL,49.0,49.0,49.0,49.0,200.0
2021-05-27 10:44:00,NSE:SDBL,49.0,49.0,49.0,49.0,1.0
2021-05-27 10:45:00,NSE:SDBL,49.0,49.0,49.0,49.0,1000.0
2021-05-27 10:46:00,NSE:SDBL,49.0,49.0,49.0,49.0,450.0
2021-05-27 10:47:00,NSE:SDBL,49.0,49.0,49.0,49.0,400.0
2021-05-27 10:48:00,NSE:SDBL,49.05,49.05,49.05,49.05,100.0
2021-05-27 10:50:00,NSE:SDBL,48.9,49.05,48.9,48.9,330.0
2021-05-27 10:51:00,NSE:SDBL,49.05,49.05,49.0,49.0,156.0
2021-05-27 10:52:00,NSE:SDBL,49.0,49.0,49.0,49.0,20.0
2021-05-27 10:53:00,NSE:SDBL,49.0,49.0,49.0,49.0,6.0
2021-05-27 10:54:00,NSE:SDBL,49.1,49.1,48.9,48.9,2168.0
2021-05-27 10:55:00,NSE:SDBL,48.85,48.95,48.85,48.9,1046.0
2021-05-27 10:56:00,NSE:SDBL,48.9,49.0,48.9,48.9,2015.0
2021-05-27 10:57:00,NSE:SDBL,48.9,48.9,48.9,48.9,100.0
2021-05-27 10:58:00,NSE:SDBL,49.0,49.0,49.0,49.0,100.0
2021-05-27 10:59:00,NSE:SDBL,49.0,49.0,49.0,49.0,700.0
2021-05-27 11:00:00,NSE:SDBL,49.0,49.0,48.85,48.85,200.0
2021-05-27 11:01:00,NSE:SDBL,49.0,49.0,49.0,49.0,350.0
2021-05-27 11:02:00,NSE:SDBL,49.0,49.0,48.85,48.85,750.0
2021-05-27 11:04:00,NSE:SDBL,48.85,49.0,48.85,49.0,388.0
2021-05-27 11:06:00,NSE:SDBL,48.9,49.0,48.9,49.0,1072.0
2021-05-27 11:08:00,NSE:SDBL,49.0,49.0,49.0,49.0,250.0
2021-05-27 11:09:00,NSE:SDBL,49.0,49.0,49.0,49.0,1020.0
2021-05-27 11:10:00,NSE:SDBL,49.0,49.0,48.85,49.0,5300.0
2021-05-27 11:11:00,NSE:SDBL,49.0,49.0,49.0,49.0,2000.0
2021-05-27 11:14:00,NSE:SDBL,48.85,48.95,48.85,48.95,273.0
2021-05-27 11:16:00,NSE:SDBL,48.95,49.0,48.95,49.0,400.0
2021-05-27 11:19:00,NSE:SDBL,48.9,48.9,48.9,48.9,50.0
2021-05-27 11:20:00,NSE:SDBL,49.0,49.0,49.0,49.0,100.0
2021-05-27 11:21:00,NSE:SDBL,48.95,48.95,48.95,48.95,10.0
2021-05-27 11:23:00,NSE:SDBL,48.95,49.0,48.95,49.0,200.0
2021-05-27 11:24:00,NSE:SDBL,48.95,48.95,48.95,48.95,170.0
2021-05-27 11:27:00,NSE:SDBL,48.95,48.95,48.95,48.95,235.0
2021-05-27 11:28:00,NSE:SDBL,48.95,49.0,48.85,48.85,865.0
2021-05-27 11:30:00,NSE:SDBL,48.9,48.9,48.9,48.9,35.0
2021-05-27 11:31:00,NSE:SDBL,48.9,48.9,48.85,48.9,65.0
2021-05-27 11:32:00,NSE:SDBL,48.85,48.85,48.8,48.8,1066.0
2021-05-27 11:33:00,NSE:SDBL,48.85,48.85,48.85,48.85,200.0
2021-05-27 11:35:00,NSE:SDBL,48.85,48.85,48.85,48.85,23.0
2021-05-27 11:36:00,NSE:SDBL,48.95,48.95,48.95,48.95,103.0
2021-05-27 11:37:00,NSE:SDBL,48.6,48.65,48.6,48.65,2807.0
2021-05-27 11:38:00,NSE:SDBL,48.9,48.9,48.9,48.9,1000.0
2021-05-27 11:39:00,NSE:SDBL,48.9,49.0,48.9,49.0,12327.0
2021-05-27 11:40:00,NSE:SDBL,49.0,49.0,49.0,49.0,650.0
2021-05-27 11:41:00,NSE:SDBL,49.05,49.5,49.05,49.5,9051.0
2021-05-27 11:42:00,NSE:SDBL,49.4,49.8,49.4,49.8,30687.0
2021-05-27 11:43:00,NSE:SDBL,49.7,49.9,49.7,49.8,15503.0
2021-05-27 11:44:00,NSE:SDBL,49.8,50.0,49.8,49.95,23756.0
2021-05-27 11:45:00,NSE:SDBL,49.95,49.95,49.9,49.95,13045.0
2021-05-27 11:46:00,NSE:SDBL,50.0,50.0,49.5,49.65,27267.0
2021-05-27 11:47:00,NSE:SDBL,49.5,49.5,49.45,49.5,14112.0
2021-05-27 11:48:00,NSE:SDBL,49.3,49.35,49.15,49.35,8731.0
2021-05-27 11:49:00,NSE:SDBL,49.5,49.5,49.35,49.45,3041.0
2021-05-27 11:50:00,NSE:SDBL,49.45,49.45,49.35,49.45,4047.0
2021-05-27 11:51:00,NSE:SDBL,49.3,49.3,49.2,49.3,7529.0
2021-05-27 11:52:00,NSE:SDBL,49.25,49.25,49.25,49.25,235.0
2021-05-27 11:53:00,NSE:SDBL,49.25,49.25,49.2,49.25,1403.0
2021-05-27 11:54:00,NSE:SDBL,49.3,49.3,49.25,49.3,1900.0
2021-05-27 11:55:00,NSE:SDBL,49.4,49.4,49.4,49.4,133.0
2021-05-27 11:56:00,NSE:SDBL,49.45,49.45,49.4,49.4,563.0
2021-05-27 11:57:00,NSE:SDBL,49.45,49.45,49.3,49.3,1231.0
2021-05-27 11:58:00,NSE:SDBL,49.45,49.45,49.2,49.2,12205.0
2021-05-27 11:59:00,NSE:SDBL,49.4,49.4,49.2,49.2,1685.0
2021-05-27 12:00:00,NSE:SDBL,49.2,49.2,49.2,49.2,210.0
2021-05-27 12:01:00,NSE:SDBL,49.15,49.2,48.95,49.0,7590.0
2021-05-27 12:02:00,NSE:SDBL,49.0,49.0,48.7,48.8,4923.0
2021-05-27 12:03:00,NSE:SDBL,48.8,48.85,48.65,48.85,7186.0
2021-05-27 12:04:00,NSE:SDBL,48.85,49.0,48.85,49.0,970.0
2021-05-27 12:05:00,NSE:SDBL,49.0,49.0,49.0,49.0,1500.0
2021-05-27 12:06:00,NSE:SDBL,49.0,49.0,48.85,48.85,1040.0
2021-05-27 12:07:00,NSE:SDBL,48.95,49.0,48.9,48.9,366.0
2021-05-27 12:08:00,NSE:SDBL,48.9,49.0,48.9,49.0,3100.0
2021-05-27 12:09:00,NSE:SDBL,49.0,49.0,49.0,49.0,30.0
2021-05-27 12:10:00,NSE:SDBL,49.0,49.0,49.0,49.0,800.0
2021-05-27 12:11:00,NSE:SDBL,49.0,49.25,49.0,49.25,5758.0
2021-05-27 12:12:00,NSE:SDBL,49.05,49.4,49.05,49.25,1317.0
2021-05-27 12:13:00,NSE:SDBL,49.25,49.35,49.15,49.35,2278.0
2021-05-27 12:14:00,NSE:SDBL,49.35,49.4,49.35,49.4,314.0
2021-05-27 12:15:00,NSE:SDBL,49.35,49.35,49.35,49.35,271.0
2021-05-27 12:16:00,NSE:SDBL,49.35,49.35,49.35,49.35,100.0
2021-05-27 12:17:00,NSE:SDBL,49.3,49.3,49.2,49.2,550.0
2021-05-27 12:18:00,NSE:SDBL,49.3,49.3,49.3,49.3,650.0
2021-05-27 12:19:00,NSE:SDBL,49.25,49.3,49.2,49.2,2278.0
2021-05-27 12:20:00,NSE:SDBL,49.0,49.0,49.0,49.0,2538.0
2021-05-27 12:21:00,NSE:SDBL,49.25,49.3,49.0,49.0,1314.0
2021-05-27 12:22:00,NSE:SDBL,49.0,49.0,49.0,49.0,2126.0
2021-05-27 12:23:00,NSE:SDBL,49.0,49.05,49.0,49.05,528.0
2021-05-27 12:24:00,NSE:SDBL,49.0,49.15,49.0,49.0,257.0
2021-05-27 12:25:00,NSE:SDBL,49.0,49.1,48.9,48.9,817.0
2021-05-27 12:26:00,NSE:SDBL,48.9,48.9,48.9,48.9,100.0
2021-05-27 12:27:00,NSE:SDBL,49.0,49.0,49.0,49.0,80.0
2021-05-27 12:28:00,NSE:SDBL,49.0,49.0,49.0,49.0,780.0
2021-05-27 12:29:00,NSE:SDBL,49.0,49.0,49.0,49.0,300.0
2021-05-27 12:32:00,NSE:SDBL,49.15,49.15,49.15,49.15,25.0
2021-05-27 12:34:00,NSE:SDBL,49.15,49.2,49.1,49.2,385.0
2021-05-27 12:35:00,NSE:SDBL,49.25,49.4,49.15,49.15,9100.0
2021-05-27 12:37:00,NSE:SDBL,49.0,49.0,49.0,49.0,200.0
2021-05-27 12:38:00,NSE:SDBL,49.0,49.0,49.0,49.0,2935.0
2021-05-27 12:40:00,NSE:SDBL,49.15,49.15,49.15,49.15,200.0
2021-05-27 12:41:00,NSE:SDBL,49.0,49.1,49.0,49.1,270.0
2021-05-27 12:43:00,NSE:SDBL,49.0,49.0,49.0,49.0,8.0
2021-05-27 12:44:00,NSE:SDBL,49.15,49.15,49.15,49.15,10.0
2021-05-27 12:45:00,NSE:SDBL,49.0,49.0,49.0,49.0,1900.0
2021-05-27 12:46:00,NSE:SDBL,49.15,49.15,49.15,49.15,60.0
2021-05-27 12:48:00,NSE:SDBL,49.2,49.2,49.2,49.2,250.0
2021-05-27 12:49:00,NSE:SDBL,49.15,49.15,49.15,49.15,53.0
2021-05-27 12:51:00,NSE:SDBL,49.2,49.35,49.2,49.2,4101.0
2021-05-27 12:52:00,NSE:SDBL,49.3,49.3,49.0,49.2,13912.0
2021-05-27 12:53:00,NSE:SDBL,49.4,49.45,49.35,49.4,5593.0
2021-05-27 12:54:00,NSE:SDBL,49.4,49.45,49.15,49.35,3584.0
2021-05-27 12:55:00,NSE:SDBL,49.15,49.35,49.15,49.35,552.0
2021-05-27 12:56:00,NSE:SDBL,49.35,49.5,49.35,49.5,6759.0
2021-05-27 12:57:00,NSE:SDBL,49.6,49.7,49.55,49.7,4171.0
2021-05-27 12:58:00,NSE:SDBL,49.6,49.75,49.55,49.75,5321.0
2021-05-27 12:59:00,NSE:SDBL,49.55,49.75,49.55,49.6,801.0
2021-05-27 13:00:00,NSE:SDBL,49.75,49.75,49.65,49.65,5050.0
2021-05-27 13:01:00,NSE:SDBL,49.65,49.7,49.65,49.7,1050.0
2021-05-27 13:02:00,NSE:SDBL,49.6,49.6,49.55,49.55,2100.0
2021-05-27 13:03:00,NSE:SDBL,49.55,49.6,49.55,49.6,1236.0
2021-05-27 13:05:00,NSE:SDBL,49.6,49.6,49.55,49.55,2038.0
2021-05-27 13:06:00,NSE:SDBL,49.5,49.5,49.5,49.5,1001.0
2021-05-27 13:07:00,NSE:SDBL,49.5,49.5,49.5,49.5,1106.0
2021-05-27 13:08:00,NSE:SDBL,49.5,49.5,49.5,49.5,1705.0
2021-05-27 13:09:00,NSE:SDBL,49.5,49.55,49.5,49.55,11.0
2021-05-27 13:10:00,NSE:SDBL,49.55,49.55,49.55,49.55,195.0
2021-05-27 13:11:00,NSE:SDBL,49.55,49.55,49.55,49.55,1005.0
2021-05-27 13:12:00,NSE:SDBL,49.3,49.3,49.3,49.3,945.0
2021-05-27 13:13:00,NSE:SDBL,49.45,49.45,49.25,49.25,544.0
2021-05-27 13:14:00,NSE:SDBL,49.4,49.4,49.2,49.2,51.0
2021-05-27 13:15:00,NSE:SDBL,49.2,49.2,49.15,49.15,650.0
2021-05-27 13:16:00,NSE:SDBL,49.1,49.35,49.0,49.25,2095.0
2021-05-27 13:17:00,NSE:SDBL,49.25,49.25,49.25,49.25,701.0
2021-05-27 13:18:00,NSE:SDBL,49.25,49.25,49.25,49.25,94.0
2021-05-27 13:19:00,NSE:SDBL,49.25,49.25,49.25,49.25,106.0
2021-05-27 13:20:00,NSE:SDBL,49.25,49.25,49.25,49.25,10.0
2021-05-27 13:21:00,NSE:SDBL,49.25,49.25,49.25,49.25,990.0
2021-05-27 13:22:00,NSE:SDBL,49.3,49.3,49.3,49.3,100.0
2021-05-27 13:23:00,NSE:SDBL,49.3,49.3,49.2,49.2,117.0
2021-05-27 13:24:00,NSE:SDBL,49.2,49.2,49.2,49.2,30.0
2021-05-27 13:25:00,NSE:SDBL,49.15,49.15,48.95,48.95,4426.0
2021-05-27 13:26:00,NSE:SDBL,49.0,49.0,49.0,49.0,2252.0
2021-05-27 13:27:00,NSE:SDBL,49.0,49.2,49.0,49.2,3026.0
2021-05-27 13:28:00,NSE:SDBL,49.05,49.25,49.05,49.25,341.0
2021-05-27 13:29:00,NSE:SDBL,49.1,49.1,49.1,49.1,1.0
2021-05-27 13:31:00,NSE:SDBL,49.3,49.3,49.3,49.3,500.0
2021-05-27 13:33:00,NSE:SDBL,49.1,49.1,49.1,49.1,410.0
2021-05-27 13:34:00,NSE:SDBL,49.25,49.3,49.25,49.3,2055.0
2021-05-27 13:35:00,NSE:SDBL,49.35,49.35,49.35,49.35,231.0
2021-05-27 13:36:00,NSE:SDBL,49.3,49.5,49.3,49.5,886.0
2021-05-27 13:37:00,NSE:SDBL,49.4,49.4,49.35,49.35,800.0
2021-05-27 13:38:00,NSE:SDBL,49.35,49.4,49.35,49.4,500.0
2021-05-27 13:39:00,NSE:SDBL,49.35,49.35,49.35,49.35,159.0
2021-05-27 13:40:00,NSE:SDBL,49.35,49.35,49.35,49.35,480.0
2021-05-27 13:41:00,NSE:SDBL,49.4,49.4,49.4,49.4,400.0
2021-05-27 13:42:00,NSE:SDBL,49.4,49.45,49.4,49.45,707.0
2021-05-27 13:43:00,NSE:SDBL,49.45,49.45,49.35,49.45,160.0
2021-05-27 13:44:00,NSE:SDBL,49.35,49.35,49.35,49.35,50.0
2021-05-27 13:45:00,NSE:SDBL,49.35,49.4,49.35,49.4,423.0
2021-05-27 13:46:00,NSE:SDBL,49.4,49.4,49.4,49.4,230.0
2021-05-27 13:47:00,NSE:SDBL,49.4,49.4,49.35,49.35,23.0
2021-05-27 13:48:00,NSE:SDBL,49.35,49.35,49.3,49.3,219.0
2021-05-27 13:51:00,NSE:SDBL,49.3,49.35,49.3,49.35,160.0
2021-05-27 13:53:00,NSE:SDBL,49.3,49.3,49.3,49.3,2900.0
2021-05-27 13:54:00,NSE:SDBL,49.25,49.25,49.25,49.25,105.0
2021-05-27 13:56:00,NSE:SDBL,49.3,49.3,49.25,49.3,71.0
2021-05-27 13:57:00,NSE:SDBL,49.25,49.25,49.25,49.25,10.0
2021-05-27 13:58:00,NSE:SDBL,49.3,49.3,49.3,49.3,40.0
2021-05-27 13:59:00,NSE:SDBL,49.25,49.25,49.25,49.25,584.0
2021-05-27 14:00:00,NSE:SDBL,49.25,49.3,49.25,49.25,4650.0
2021-05-27 14:01:00,NSE:SDBL,49.1,49.1,49.1,49.1,1549.0
2021-05-27 14:02:00,NSE:SDBL,49.2,49.2,48.9,48.95,5397.0
2021-05-27 14:03:00,NSE:SDBL,48.95,49.0,48.95,49.0,4666.0
2021-05-27 14:04:00,NSE:SDBL,49.1,49.15,49.1,49.15,250.0
2021-05-27 14:05:00,NSE:SDBL,49.15,49.15,49.0,49.0,1039.0
2021-05-27 14:06:00,NSE:SDBL,49.0,49.0,49.0,49.0,315.0
2021-05-27 14:07:00,NSE:SDBL,49.0,49.2,49.0,49.2,1200.0
2021-05-27 14:09:00,NSE:SDBL,49.2,49.25,49.2,49.25,2000.0
2021-05-27 14:10:00,NSE:SDBL,49.15,49.3,49.15,49.3,2344.0
2021-05-27 14:11:00,NSE:SDBL,49.3,49.3,49.3,49.3,400.0
2021-05-27 14:12:00,NSE:SDBL,49.35,49.35,49.1,49.1,2807.0
2021-05-27 14:13:00,NSE:SDBL,49.3,49.3,49.3,49.3,20.0
2021-05-27 14:14:00,NSE:SDBL,49.1,49.1,49.1,49.1,20.0
2021-05-27 14:15:00,NSE:SDBL,49.3,49.3,49.3,49.3,1000.0
2021-05-27 14:16:00,NSE:SDBL,49.3,49.3,49.3,49.3,10.0
2021-05-27 14:18:00,NSE:SDBL,49.05,49.05,49.05,49.05,200.0
2021-05-27 14:19:00,NSE:SDBL,49.0,49.0,48.9,48.9,5954.0
2021-05-27 14:20:00,NSE:SDBL,49.0,49.0,49.0,49.0,360.0
2021-05-27 14:22:00,NSE:SDBL,49.0,49.0,49.0,49.0,562.0
2021-05-27 14:23:00,NSE:SDBL,49.0,49.0,48.95,48.95,342.0
2021-05-27 14:24:00,NSE:SDBL,48.9,49.0,48.9,49.0,1399.0
2021-05-27 14:25:00,NSE:SDBL,48.85,48.85,48.85,48.85,150.0
2021-05-27 14:26:00,NSE:SDBL,48.9,48.9,48.9,48.9,100.0
2021-05-27 14:27:00,NSE:SDBL,48.95,48.95,48.85,48.85,950.0
2021-05-27 14:28:00,NSE:SDBL,48.95,49.0,48.95,49.0,450.0
2021-05-27 14:29:00,NSE:SDBL,48.85,48.85,48.85,48.85,52.0
2021-05-27 14:30:00,NSE:SDBL,48.8,48.95,48.8,48.95,255.0
2021-05-27 14:31:00,NSE:SDBL,48.95,48.95,48.8,48.8,52.0
2021-05-27 14:32:00,NSE:SDBL,48.95,48.95,48.8,48.8,3000.0
2021-05-27 14:33:00,NSE:SDBL,48.7,49.0,48.7,49.0,6459.0
2021-05-27 14:34:00,NSE:SDBL,48.7,48.7,48.7,48.7,1500.0
2021-05-27 14:35:00,NSE:SDBL,48.7,48.7,48.7,48.7,2001.0
2021-05-27 14:36:00,NSE:SDBL,48.6,48.6,48.6,48.6,663.0
2021-05-27 14:37:00,NSE:SDBL,48.7,48.7,48.6,48.6,1414.0
2021-05-27 14:38:00,NSE:SDBL,48.6,48.6,48.55,48.6,5016.0
2021-05-27 14:39:00,NSE:SDBL,48.6,48.6,48.5,48.55,4107.0
2021-05-27 14:40:00,NSE:SDBL,48.55,48.6,48.55,48.6,1359.0
2021-05-27 14:41:00,NSE:SDBL,48.6,48.6,48.6,48.6,50.0
2021-05-27 14:42:00,NSE:SDBL,48.6,48.6,48.55,48.55,2100.0
2021-05-27 14:43:00,NSE:SDBL,48.6,48.6,48.6,48.6,301.0
2021-05-27 14:44:00,NSE:SDBL,48.55,48.55,48.5,48.5,384.0
2021-05-27 14:45:00,NSE:SDBL,48.55,48.6,48.55,48.6,706.0
2021-05-27 14:46:00,NSE:SDBL,48.55,48.55,48.55,48.55,100.0
2021-05-27 14:49:00,NSE:SDBL,48.6,48.6,48.55,48.55,170.0
2021-05-27 14:50:00,NSE:SDBL,48.5,48.5,48.5,48.5,509.0
2021-05-27 14:51:00,NSE:SDBL,48.5,48.5,48.5,48.5,1.0
2021-05-27 14:52:00,NSE:SDBL,48.5,48.6,48.5,48.6,7469.0
2021-05-27 14:53:00,NSE:SDBL,48.6,48.7,48.6,48.7,1705.0
2021-05-27 14:54:00,NSE:SDBL,48.5,48.5,48.5,48.5,2612.0
2021-05-27 14:55:00,NSE:SDBL,48.5,48.5,48.45,48.45,952.0
2021-05-27 14:56:00,NSE:SDBL,48.5,48.65,48.45,48.45,1200.0
2021-05-27 14:57:00,NSE:SDBL,48.4,48.5,48.4,48.5,1313.0
2021-05-27 14:59:00,NSE:SDBL,48.5,48.5,48.5,48.5,137.0
2021-05-27 15:00:00,NSE:SDBL,48.5,48.5,48.5,48.5,900.0
2021-05-27 15:01:00,NSE:SDBL,48.5,48.5,48.5,48.5,110.0
2021-05-27 15:02:00,NSE:SDBL,48.4,48.65,48.4,48.65,4384.0
2021-05-27 15:03:00,NSE:SDBL,48.5,48.65,48.5,48.65,2100.0
2021-05-27 15:04:00,NSE:SDBL,48.65,48.65,48.5,48.5,401.0
2021-05-27 15:05:00,NSE:SDBL,48.5,48.65,48.5,48.55,861.0
2021-05-27 15:06:00,NSE:SDBL,48.7,48.7,48.7,48.7,600.0
2021-05-27 15:07:00,NSE:SDBL,48.7,48.7,48.5,48.5,5128.0
2021-05-27 15:08:00,NSE:SDBL,48.5,48.7,48.5,48.7,651.0
2021-05-27 15:09:00,NSE:SDBL,48.65,48.65,48.55,48.65,955.0
2021-05-27 15:10:00,NSE:SDBL,48.65,48.7,48.65,48.7,914.0
2021-05-27 15:11:00,NSE:SDBL,48.7,48.7,48.65,48.65,225.0
2021-05-27 15:12:00,NSE:SDBL,48.65,48.65,48.55,48.55,1407.0
2021-05-27 15:13:00,NSE:SDBL,48.55,48.7,48.55,48.55,1464.0
2021-05-27 15:14:00,NSE:SDBL,48.7,48.7,48.5,48.5,2020.0
2021-05-27 15:15:00,NSE:SDBL,48.5,48.65,48.5,48.55,670.0
2021-05-27 15:16:00,NSE:SDBL,48.65,48.7,48.5,48.5,1180.0
2021-05-27 15:17:00,NSE:SDBL,48.65,48.65,48.55,48.55,300.0
2021-05-27 15:18:00,NSE:SDBL,48.6,48.7,48.55,48.65,9239.0
2021-05-27 15:19:00,NSE:SDBL,48.65,48.65,48.55,48.6,4247.0
2021-05-27 15:20:00,NSE:SDBL,48.6,48.65,48.6,48.65,750.0
2021-05-27 15:21:00,NSE:SDBL,48.65,48.8,48.65,48.8,3808.0
2021-05-27 15:22:00,NSE:SDBL,48.65,48.9,48.65,48.9,4009.0
2021-05-27 15:23:00,NSE:SDBL,48.9,48.9,48.7,48.85,2176.0
2021-05-27 15:24:00,NSE:SDBL,48.85,48.9,48.8,48.9,1542.0
2021-05-27 15:25:00,NSE:SDBL,48.8,48.9,48.8,48.8,442.0
2021-05-27 15:26:00,NSE:SDBL,48.85,48.9,48.85,48.9,790.0
2021-05-27 15:27:00,NSE:SDBL,48.85,48.9,48.85,48.9,4123.0
2021-05-27 15:28:00,NSE:SDBL,48.9,48.9,48.8,48.8,5000.0
2021-05-27 15:29:00,NSE:SDBL,48.85,48.9,48.8,48.9,2595.0
2021-05-27 15:30:00,NSE:SDBL,48.95,48.95,48.95,48.95,224.0
2021-05-27 15:40:00,NSE:SDBL,48.7,48.95,48.7,48.95,2100.0
2021-05-27 15:41:00,NSE:SDBL,48.7,48.7,48.7,48.7,1000.0
2021-05-27 15:45:00,NSE:SDBL,48.7,48.7,48.7,48.7,89.0
2021-05-27 15:48:00,NSE:SDBL,48.7,48.7,48.7,48.7,400.0
2021-05-27 15:50:00,NSE:SDBL,48.7,48.7,48.7,48.7,20.0
2021-05-27 15:51:00,NSE:SDBL,48.7,48.7,48.7,48.7,500.0
2021-05-27 15:55:00,NSE:SDBL,48.7,48.7,48.7,48.7,100.0
2021-05-27 15:58:00,NSE:SDBL,48.7,48.7,48.7,48.7,94.0
2021-05-28 09:07:00,NSE:SDBL,48.95,48.95,48.95,48.95,141.0
2021-05-28 09:15:00,NSE:SDBL,48.15,49.0,48.15,49.0,5155.0
2021-05-28 09:16:00,NSE:SDBL,48.75,49.0,48.75,48.8,1994.0
2021-05-28 09:17:00,NSE:SDBL,49.0,49.0,48.85,49.0,1867.0
2021-05-28 09:18:00,NSE:SDBL,49.0,49.05,48.75,48.8,1988.0
2021-05-28 09:19:00,NSE:SDBL,48.8,49.0,48.8,48.95,2061.0
2021-05-28 09:20:00,NSE:SDBL,48.8,48.8,48.75,48.75,840.0
2021-05-28 09:21:00,NSE:SDBL,48.75,48.85,48.75,48.85,1864.0
2021-05-28 09:22:00,NSE:SDBL,48.75,48.95,48.75,48.95,1200.0
2021-05-28 09:23:00,NSE:SDBL,48.8,48.8,48.8,48.8,600.0
2021-05-28 09:24:00,NSE:SDBL,48.8,48.8,48.75,48.75,112.0
2021-05-28 09:25:00,NSE:SDBL,48.8,48.9,48.8,48.85,1152.0
2021-05-28 09:26:00,NSE:SDBL,48.85,49.1,48.85,49.1,1200.0
2021-05-28 09:27:00,NSE:SDBL,49.05,49.05,49.05,49.05,524.0
2021-05-28 09:28:00,NSE:SDBL,49.0,49.1,49.0,49.1,157.0
2021-05-28 09:29:00,NSE:SDBL,49.05,49.1,49.05,49.1,564.0
2021-05-28 09:30:00,NSE:SDBL,49.05,49.1,49.05,49.1,164.0
2021-05-28 09:31:00,NSE:SDBL,49.15,49.25,49.05,49.05,1245.0
2021-05-28 09:32:00,NSE:SDBL,49.05,49.05,48.9,48.9,945.0
2021-05-28 09:33:00,NSE:SDBL,48.95,48.95,48.8,48.8,250.0
2021-05-28 09:34:00,NSE:SDBL,48.8,49.5,48.8,49.0,8480.0
2021-05-28 09:35:00,NSE:SDBL,49.05,49.9,49.05,49.9,18450.0
2021-05-28 09:36:00,NSE:SDBL,49.9,50.0,49.5,49.55,18240.0
2021-05-28 09:37:00,NSE:SDBL,50.0,50.0,49.65,49.75,8470.0
2021-05-28 09:38:00,NSE:SDBL,49.65,50.0,49.65,50.0,17068.0
2021-05-28 09:39:00,NSE:SDBL,50.1,50.2,49.8,50.05,4250.0
2021-05-28 09:40:00,NSE:SDBL,49.8,49.8,49.75,49.75,1100.0
2021-05-28 09:41:00,NSE:SDBL,49.75,49.8,49.75,49.8,850.0
2021-05-28 09:42:00,NSE:SDBL,49.95,49.95,49.8,49.8,1255.0
2021-05-28 09:43:00,NSE:SDBL,49.8,49.8,49.65,49.7,1458.0
2021-05-28 09:44:00,NSE:SDBL,49.65,49.65,49.5,49.5,2310.0
2021-05-28 09:45:00,NSE:SDBL,49.6,49.6,49.6,49.6,1076.0
2021-05-28 09:46:00,NSE:SDBL,49.4,49.4,49.2,49.2,2239.0
2021-05-28 09:47:00,NSE:SDBL,49.45,49.55,49.4,49.55,861.0
2021-05-28 09:48:00,NSE:SDBL,49.55,49.55,49.4,49.4,1094.0
2021-05-28 09:49:00,NSE:SDBL,49.35,49.4,49.35,49.4,1566.0
2021-05-28 09:50:00,NSE:SDBL,49.4,49.5,49.35,49.35,2108.0
2021-05-28 09:51:00,NSE:SDBL,49.5,49.5,49.5,49.5,275.0
2021-05-28 09:52:00,NSE:SDBL,49.35,49.35,49.25,49.25,1144.0
2021-05-28 09:53:00,NSE:SDBL,49.35,49.35,49.35,49.35,236.0
2021-05-28 09:54:00,NSE:SDBL,49.2,49.4,48.9,48.9,4260.0
2021-05-28 09:55:00,NSE:SDBL,49.25,49.4,49.25,49.4,580.0
2021-05-28 09:56:00,NSE:SDBL,49.4,49.4,49.35,49.35,454.0
2021-05-28 09:57:00,NSE:SDBL,49.3,49.35,49.15,49.15,944.0
2021-05-28 09:58:00,NSE:SDBL,49.15,49.15,49.15,49.15,80.0
2021-05-28 09:59:00,NSE:SDBL,49.1,49.3,49.05,49.1,1305.0
2021-05-28 10:01:00,NSE:SDBL,49.25,49.25,49.15,49.15,97.0
2021-05-28 10:02:00,NSE:SDBL,49.25,49.3,49.1,49.1,1211.0
2021-05-28 10:03:00,NSE:SDBL,49.3,49.3,49.15,49.15,73.0
2021-05-28 10:04:00,NSE:SDBL,49.15,49.3,49.1,49.1,1291.0
2021-05-28 10:05:00,NSE:SDBL,49.15,49.15,49.15,49.15,100.0
2021-05-28 10:06:00,NSE:SDBL,49.25,49.25,49.25,49.25,2.0
2021-05-28 10:07:00,NSE:SDBL,49.25,49.25,49.15,49.25,1114.0
2021-05-28 10:08:00,NSE:SDBL,49.25,49.25,49.25,49.25,70.0
2021-05-28 10:09:00,NSE:SDBL,49.1,49.25,49.1,49.25,853.0
2021-05-28 10:10:00,NSE:SDBL,49.1,49.1,49.0,49.05,450.0
2021-05-28 10:11:00,NSE:SDBL,49.25,49.25,49.0,49.1,4332.0
2021-05-28 10:12:00,NSE:SDBL,49.05,49.3,49.05,49.3,2145.0
2021-05-28 10:13:00,NSE:SDBL,49.15,49.15,49.15,49.15,5.0
2021-05-28 10:14:00,NSE:SDBL,49.15,49.15,49.15,49.15,25.0
2021-05-28 10:16:00,NSE:SDBL,49.05,49.05,49.05,49.05,50.0
2021-05-28 10:17:00,NSE:SDBL,49.2,49.2,49.1,49.1,369.0
2021-05-28 10:18:00,NSE:SDBL,49.2,49.2,49.2,49.2,23.0
2021-05-28 10:19:00,NSE:SDBL,49.15,49.15,49.15,49.15,10.0
2021-05-28 10:20:00,NSE:SDBL,49.05,49.05,49.05,49.05,300.0
2021-05-28 10:21:00,NSE:SDBL,49.05,49.05,49.0,49.0,1542.0
2021-05-28 10:22:00,NSE:SDBL,49.0,49.15,49.0,49.15,750.0
2021-05-28 10:25:00,NSE:SDBL,49.15,49.2,49.0,49.2,1607.0
2021-05-28 10:26:00,NSE:SDBL,49.15,49.15,49.15,49.15,6.0
2021-05-28 10:27:00,NSE:SDBL,49.05,49.1,49.05,49.1,344.0
2021-05-28 10:28:00,NSE:SDBL,49.1,49.1,49.1,49.1,102.0
2021-05-28 10:29:00,NSE:SDBL,49.1,49.1,49.0,49.1,652.0
2021-05-28 10:30:00,NSE:SDBL,49.0,49.05,49.0,49.0,1948.0
2021-05-28 10:31:00,NSE:SDBL,49.0,49.05,49.0,49.05,345.0
2021-05-28 10:32:00,NSE:SDBL,49.05,49.05,49.05,49.05,96.0
2021-05-28 10:33:00,NSE:SDBL,49.05,49.05,49.05,49.05,300.0
2021-05-28 10:34:00,NSE:SDBL,49.1,49.1,49.0,49.0,1300.0
2021-05-28 10:36:00,NSE:SDBL,49.0,49.0,49.0,49.0,500.0
2021-05-28 10:37:00,NSE:SDBL,49.0,49.0,49.0,49.0,2000.0
2021-05-28 10:38:00,NSE:SDBL,49.0,49.0,49.0,49.0,3726.0
2021-05-28 10:39:00,NSE:SDBL,49.0,49.0,48.75,48.75,2060.0
2021-05-28 10:40:00,NSE:SDBL,48.75,48.95,48.75,48.9,2235.0
2021-05-28 10:41:00,NSE:SDBL,48.75,48.9,48.75,48.85,2120.0
2021-05-28 10:43:00,NSE:SDBL,48.7,48.7,48.7,48.7,929.0
2021-05-28 10:44:00,NSE:SDBL,48.65,48.7,48.65,48.7,103.0
2021-05-28 10:45:00,NSE:SDBL,48.7,48.7,48.7,48.7,500.0
2021-05-28 10:46:00,NSE:SDBL,48.5,48.5,48.5,48.5,2000.0
2021-05-28 10:47:00,NSE:SDBL,48.7,48.7,48.7,48.7,1000.0
2021-05-28 10:48:00,NSE:SDBL,48.55,48.55,48.55,48.55,100.0
2021-05-28 10:49:00,NSE:SDBL,48.5,48.6,48.5,48.6,1375.0
2021-05-28 10:51:00,NSE:SDBL,48.6,48.6,48.6,48.6,52.0
2021-05-28 10:52:00,NSE:SDBL,48.55,48.55,48.55,48.55,225.0
2021-05-28 10:53:00,NSE:SDBL,48.55,48.55,48.5,48.55,430.0
2021-05-28 10:54:00,NSE:SDBL,48.6,48.6,48.5,48.5,3838.0
2021-05-28 10:55:00,NSE:SDBL,49.0,49.0,48.7,48.7,2100.0
2021-05-28 10:56:00,NSE:SDBL,48.85,48.85,48.7,48.85,299.0
2021-05-28 10:59:00,NSE:SDBL,48.65,48.65,48.65,48.65,300.0
2021-05-28 11:00:00,NSE:SDBL,48.65,48.65,48.65,48.65,75.0
2021-05-28 11:02:00,NSE:SDBL,48.65,48.65,48.65,48.65,203.0
2021-05-28 11:04:00,NSE:SDBL,48.75,48.75,48.65,48.75,200.0
2021-05-28 11:05:00,NSE:SDBL,48.65,48.65,48.65,48.65,705.0
2021-05-28 11:06:00,NSE:SDBL,48.65,48.65,48.65,48.65,50.0
2021-05-28 11:07:00,NSE:SDBL,48.8,48.8,48.8,48.8,210.0
2021-05-28 11:08:00,NSE:SDBL,48.8,48.8,48.7,48.7,51.0
2021-05-28 11:09:00,NSE:SDBL,48.8,48.8,48.8,48.8,2.0
2021-05-28 11:10:00,NSE:SDBL,48.6,48.6,48.6,48.6,1000.0
2021-05-28 11:11:00,NSE:SDBL,48.5,48.5,48.5,48.5,1500.0
2021-05-28 11:12:00,NSE:SDBL,48.6,48.6,48.6,48.6,1.0
2021-05-28 11:13:00,NSE:SDBL,48.6,48.6,48.6,48.6,10.0
2021-05-28 11:14:00,NSE:SDBL,48.75,48.75,48.75,48.75,1003.0
2021-05-28 11:15:00,NSE:SDBL,48.7,48.7,48.7,48.7,50.0
2021-05-28 11:16:00,NSE:SDBL,48.75,48.75,48.75,48.75,245.0
2021-05-28 11:17:00,NSE:SDBL,48.75,48.75,48.75,48.75,22.0
2021-05-28 11:18:00,NSE:SDBL,48.75,48.75,48.75,48.75,1696.0
2021-05-28 11:19:00,NSE:SDBL,48.7,48.7,48.7,48.7,470.0
2021-05-28 11:20:00,NSE:SDBL,48.7,48.7,48.6,48.6,759.0
2021-05-28 11:21:00,NSE:SDBL,48.6,48.6,48.6,48.6,155.0
2021-05-28 11:22:00,NSE:SDBL,48.6,48.6,48.45,48.45,1424.0
2021-05-28 11:23:00,NSE:SDBL,48.45,48.45,48.4,48.4,1216.0
2021-05-28 11:24:00,NSE:SDBL,48.4,48.4,48.4,48.4,495.0
2021-05-28 11:25:00,NSE:SDBL,48.3,48.3,48.3,48.3,500.0
2021-05-28 11:26:00,NSE:SDBL,48.55,48.55,48.3,48.3,2541.0
2021-05-28 11:27:00,NSE:SDBL,48.3,48.4,48.3,48.4,695.0
2021-05-28 11:28:00,NSE:SDBL,48.4,48.4,48.4,48.4,50.0
2021-05-28 11:30:00,NSE:SDBL,48.35,48.35,48.3,48.3,1277.0
2021-05-28 11:32:00,NSE:SDBL,48.3,48.3,48.3,48.3,151.0
2021-05-28 11:33:00,NSE:SDBL,48.3,48.35,48.3,48.35,1788.0
2021-05-28 11:34:00,NSE:SDBL,48.55,48.55,48.55,48.55,1966.0
2021-05-28 11:35:00,NSE:SDBL,48.45,48.5,48.45,48.5,200.0
2021-05-28 11:36:00,NSE:SDBL,48.45,48.45,48.45,48.45,50.0
2021-05-28 11:37:00,NSE:SDBL,48.4,48.5,48.4,48.4,301.0
2021-05-28 11:38:00,NSE:SDBL,48.5,48.5,48.5,48.5,100.0
2021-05-28 11:42:00,NSE:SDBL,48.5,48.5,48.5,48.5,106.0
2021-05-28 11:43:00,NSE:SDBL,48.5,48.5,48.5,48.5,1246.0
2021-05-28 11:44:00,NSE:SDBL,48.55,48.55,48.55,48.55,500.0
2021-05-28 11:45:00,NSE:SDBL,48.45,48.45,48.45,48.45,150.0
2021-05-28 11:47:00,NSE:SDBL,48.45,48.45,48.45,48.45,245.0
2021-05-28 11:48:00,NSE:SDBL,48.45,48.45,48.4,48.4,1000.0
2021-05-28 11:49:00,NSE:SDBL,48.5,48.5,48.5,48.5,20.0
2021-05-28 11:50:00,NSE:SDBL,48.5,48.55,48.5,48.55,580.0
2021-05-28 11:51:00,NSE:SDBL,48.55,48.55,48.5,48.55,1420.0
2021-05-28 11:52:00,NSE:SDBL,48.5,48.5,48.5,48.5,10.0
2021-05-28 11:55:00,NSE:SDBL,48.45,48.45,48.45,48.45,550.0
2021-05-28 11:56:00,NSE:SDBL,48.45,48.45,48.45,48.45,100.0
2021-05-28 11:58:00,NSE:SDBL,48.55,48.55,48.4,48.4,2098.0
2021-05-28 12:00:00,NSE:SDBL,48.4,48.4,48.4,48.4,400.0
2021-05-28 12:01:00,NSE:SDBL,48.4,48.45,48.4,48.45,604.0
2021-05-28 12:02:00,NSE:SDBL,48.35,48.35,48.35,48.35,10.0
2021-05-28 12:04:00,NSE:SDBL,48.5,48.5,48.5,48.5,12.0
2021-05-28 12:06:00,NSE:SDBL,48.35,48.35,48.3,48.3,1002.0
2021-05-28 12:08:00,NSE:SDBL,48.3,48.3,48.25,48.25,122.0
2021-05-28 12:10:00,NSE:SDBL,48.45,48.45,48.45,48.45,9.0
2021-05-28 12:11:00,NSE:SDBL,48.45,48.45,48.45,48.45,100.0
2021-05-28 12:12:00,NSE:SDBL,48.45,48.45,48.4,48.4,271.0
2021-05-28 12:13:00,NSE:SDBL,48.45,48.45,48.45,48.45,100.0
2021-05-28 12:15:00,NSE:SDBL,48.4,48.4,48.35,48.35,1130.0
2021-05-28 12:16:00,NSE:SDBL,48.4,48.4,48.4,48.4,1170.0
2021-05-28 12:20:00,NSE:SDBL,48.4,48.4,48.4,48.4,30.0
2021-05-28 12:22:00,NSE:SDBL,48.35,48.35,48.35,48.35,600.0
2021-05-28 12:23:00,NSE:SDBL,48.45,48.45,48.35,48.35,1050.0
2021-05-28 12:24:00,NSE:SDBL,48.35,48.35,48.35,48.35,329.0
2021-05-28 12:26:00,NSE:SDBL,48.35,48.35,48.35,48.35,120.0
2021-05-28 12:27:00,NSE:SDBL,48.35,48.35,48.35,48.35,370.0
2021-05-28 12:30:00,NSE:SDBL,48.35,48.45,48.35,48.45,2020.0
2021-05-28 12:31:00,NSE:SDBL,48.4,48.4,48.4,48.4,2800.0
2021-05-28 12:33:00,NSE:SDBL,48.45,48.45,48.45,48.45,1000.0
2021-05-28 12:35:00,NSE:SDBL,48.45,48.45,48.4,48.4,552.0
2021-05-28 12:37:00,NSE:SDBL,48.45,48.45,48.35,48.35,750.0
2021-05-28 12:38:00,NSE:SDBL,48.35,48.35,48.35,48.35,520.0
2021-05-28 12:39:00,NSE:SDBL,48.35,48.35,48.35,48.35,161.0
2021-05-28 12:40:00,NSE:SDBL,48.35,48.35,48.35,48.35,26.0
2021-05-28 12:41:00,NSE:SDBL,48.45,48.5,48.45,48.5,1055.0
2021-05-28 12:42:00,NSE:SDBL,48.4,48.4,48.4,48.4,20.0
2021-05-28 12:44:00,NSE:SDBL,48.35,48.35,48.35,48.35,1500.0
2021-05-28 12:48:00,NSE:SDBL,48.35,48.35,48.35,48.35,100.0
2021-05-28 12:49:00,NSE:SDBL,48.35,48.35,48.35,48.35,170.0
2021-05-28 12:50:00,NSE:SDBL,48.35,48.35,48.35,48.35,1000.0
2021-05-28 12:51:00,NSE:SDBL,48.45,48.45,48.45,48.45,1.0
2021-05-28 12:52:00,NSE:SDBL,48.4,48.4,48.4,48.4,1050.0
2021-05-28 12:53:00,NSE:SDBL,48.4,48.4,48.4,48.4,51.0
2021-05-28 12:54:00,NSE:SDBL,48.45,48.45,48.45,48.45,10.0
2021-05-28 12:55:00,NSE:SDBL,48.45,48.45,48.45,48.45,200.0
2021-05-28 12:56:00,NSE:SDBL,48.4,48.4,48.4,48.4,105.0
2021-05-28 12:57:00,NSE:SDBL,48.45,48.45,48.45,48.45,55.0
2021-05-28 12:58:00,NSE:SDBL,48.45,48.45,48.4,48.4,494.0
2021-05-28 12:59:00,NSE:SDBL,48.4,48.4,48.4,48.4,8.0
2021-05-28 13:03:00,NSE:SDBL,48.35,48.35,48.35,48.35,440.0
2021-05-28 13:06:00,NSE:SDBL,48.3,48.3,48.3,48.3,150.0
2021-05-28 13:08:00,NSE:SDBL,48.3,48.3,48.3,48.3,100.0
2021-05-28 13:09:00,NSE:SDBL,48.3,48.3,48.3,48.3,1.0
2021-05-28 13:10:00,NSE:SDBL,48.3,48.3,48.25,48.25,598.0
2021-05-28 13:11:00,NSE:SDBL,48.25,48.25,48.25,48.25,100.0
2021-05-28 13:12:00,NSE:SDBL,48.35,48.35,48.3,48.3,23.0
2021-05-28 13:13:00,NSE:SDBL,48.25,48.3,48.25,48.25,547.0
2021-05-28 13:14:00,NSE:SDBL,48.25,48.25,48.25,48.25,628.0
2021-05-28 13:15:00,NSE:SDBL,48.3,48.3,48.3,48.3,100.0
2021-05-28 13:16:00,NSE:SDBL,48.25,48.25,48.25,48.25,552.0
2021-05-28 13:17:00,NSE:SDBL,48.2,48.2,48.2,48.2,61.0
2021-05-28 13:18:00,NSE:SDBL,48.2,48.25,48.2,48.25,604.0
2021-05-28 13:19:00,NSE:SDBL,48.25,48.25,48.2,48.2,501.0
2021-05-28 13:20:00,NSE:SDBL,48.25,48.25,48.25,48.25,155.0
2021-05-28 13:21:00,NSE:SDBL,48.25,48.25,48.25,48.25,2.0
2021-05-28 13:22:00,NSE:SDBL,48.2,48.2,48.2,48.2,359.0
2021-05-28 13:23:00,NSE:SDBL,48.25,48.25,48.25,48.25,2.0
2021-05-28 13:25:00,NSE:SDBL,48.25,48.25,48.25,48.25,1.0
2021-05-28 13:26:00,NSE:SDBL,48.25,48.25,48.25,48.25,10.0
2021-05-28 13:27:00,NSE:SDBL,48.2,48.2,48.2,48.2,23.0
2021-05-28 13:28:00,NSE:SDBL,48.2,48.25,48.2,48.25,70.0
2021-05-28 13:29:00,NSE:SDBL,48.25,48.25,48.25,48.25,1.0
2021-05-28 13:30:00,NSE:SDBL,48.2,48.35,48.2,48.35,876.0
2021-05-28 13:33:00,NSE:SDBL,48.3,48.3,48.3,48.3,4.0
2021-05-28 13:34:00,NSE:SDBL,48.3,48.3,48.3,48.3,4.0
2021-05-28 13:35:00,NSE:SDBL,48.2,48.2,48.2,48.2,998.0
2021-05-28 13:36:00,NSE:SDBL,48.3,48.3,48.3,48.3,50.0
2021-05-28 13:39:00,NSE:SDBL,48.2,48.2,48.2,48.2,611.0
2021-05-28 13:40:00,NSE:SDBL,48.3,48.3,48.2,48.2,310.0
2021-05-28 13:41:00,NSE:SDBL,48.2,48.3,48.2,48.2,368.0
2021-05-28 13:42:00,NSE:SDBL,48.3,48.3,48.2,48.2,110.0
2021-05-28 13:43:00,NSE:SDBL,48.3,48.3,48.2,48.2,80.0
2021-05-28 13:44:00,NSE:SDBL,48.3,48.3,48.3,48.3,260.0
2021-05-28 13:46:00,NSE:SDBL,48.1,48.1,48.1,48.1,2762.0
2021-05-28 13:49:00,NSE:SDBL,48.1,48.1,48.05,48.05,1251.0
2021-05-28 13:50:00,NSE:SDBL,48.1,48.25,48.1,48.25,2067.0
2021-05-28 13:51:00,NSE:SDBL,48.15,48.15,48.15,48.15,4.0
2021-05-28 13:52:00,NSE:SDBL,48.15,48.15,48.15,48.15,1.0
2021-05-28 13:53:00,NSE:SDBL,48.15,48.2,48.15,48.15,145.0
2021-05-28 13:54:00,NSE:SDBL,48.25,48.25,48.25,48.25,820.0
2021-05-28 13:57:00,NSE:SDBL,48.15,48.2,48.15,48.2,77.0
2021-05-28 13:58:00,NSE:SDBL,48.25,48.25,48.25,48.25,250.0
2021-05-28 14:00:00,NSE:SDBL,48.25,48.25,48.25,48.25,100.0
2021-05-28 14:02:00,NSE:SDBL,48.2,48.2,48.15,48.15,60.0
2021-05-28 14:03:00,NSE:SDBL,48.15,48.15,48.15,48.15,500.0
2021-05-28 14:05:00,NSE:SDBL,48.15,48.15,48.15,48.15,100.0
2021-05-28 14:06:00,NSE:SDBL,48.25,48.25,48.25,48.25,50.0
2021-05-28 14:09:00,NSE:SDBL,48.25,48.25,48.25,48.25,350.0
2021-05-28 14:10:00,NSE:SDBL,48.25,48.25,48.25,48.25,50.0
2021-05-28 14:11:00,NSE:SDBL,48.15,48.25,48.15,48.25,351.0
2021-05-28 14:12:00,NSE:SDBL,48.25,48.25,48.25,48.25,231.0
2021-05-28 14:15:00,NSE:SDBL,48.15,48.2,48.15,48.2,23.0
2021-05-28 14:17:00,NSE:SDBL,48.2,48.2,48.2,48.2,100.0
2021-05-28 14:18:00,NSE:SDBL,48.2,48.2,48.2,48.2,10.0
2021-05-28 14:21:00,NSE:SDBL,48.2,48.2,48.2,48.2,297.0
2021-05-28 14:22:00,NSE:SDBL,48.25,48.25,48.25,48.25,68.0
2021-05-28 14:23:00,NSE:SDBL,48.2,48.2,48.2,48.2,102.0
2021-05-28 14:24:00,NSE:SDBL,48.15,48.15,48.15,48.15,500.0
2021-05-28 14:25:00,NSE:SDBL,48.15,48.15,48.15,48.15,81.0
2021-05-28 14:26:00,NSE:SDBL,48.3,48.3,48.3,48.3,100.0
2021-05-28 14:27:00,NSE:SDBL,48.2,48.2,48.2,48.2,50.0
2021-05-28 14:29:00,NSE:SDBL,48.3,48.3,48.3,48.3,100.0
2021-05-28 14:30:00,NSE:SDBL,48.2,48.2,48.2,48.2,100.0
2021-05-28 14:31:00,NSE:SDBL,48.15,48.15,48.15,48.15,3.0
2021-05-28 14:33:00,NSE:SDBL,48.05,48.05,48.05,48.05,5000.0
2021-05-28 14:34:00,NSE:SDBL,48.2,48.2,48.0,48.0,6669.0
2021-05-28 14:35:00,NSE:SDBL,48.0,48.25,48.0,48.0,3901.0
2021-05-28 14:36:00,NSE:SDBL,48.0,48.1,48.0,48.0,5494.0
2021-05-28 14:37:00,NSE:SDBL,48.0,48.05,48.0,48.05,504.0
2021-05-28 14:38:00,NSE:SDBL,48.0,48.1,48.0,48.1,2500.0
2021-05-28 14:39:00,NSE:SDBL,48.05,48.05,48.05,48.05,103.0
2021-05-28 14:40:00,NSE:SDBL,48.3,48.3,48.3,48.3,1000.0
2021-05-28 14:41:00,NSE:SDBL,48.1,48.1,48.05,48.05,4602.0
2021-05-28 14:42:00,NSE:SDBL,48.2,48.2,48.2,48.2,975.0
2021-05-28 14:43:00,NSE:SDBL,48.2,48.2,48.0,48.2,802.0
2021-05-28 14:44:00,NSE:SDBL,48.05,48.1,48.05,48.1,126.0
2021-05-28 14:45:00,NSE:SDBL,48.1,48.1,48.05,48.05,110.0
2021-05-28 14:46:00,NSE:SDBL,48.1,48.1,48.1,48.1,1100.0
2021-05-28 14:47:00,NSE:SDBL,48.1,48.1,48.0,48.0,5050.0
2021-05-28 14:48:00,NSE:SDBL,48.1,48.1,48.0,48.0,720.0
2021-05-28 14:49:00,NSE:SDBL,48.1,48.1,48.1,48.1,1029.0
2021-05-28 14:50:00,NSE:SDBL,48.1,48.1,48.1,48.1,700.0
2021-05-28 14:51:00,NSE:SDBL,48.0,48.1,48.0,48.0,1078.0
2021-05-28 14:52:00,NSE:SDBL,48.1,48.1,48.1,48.1,43.0
2021-05-28 14:53:00,NSE:SDBL,48.0,48.0,48.0,48.0,100.0
2021-05-28 14:54:00,NSE:SDBL,48.0,48.1,48.0,48.0,3851.0
2021-05-28 14:55:00,NSE:SDBL,47.9,47.9,47.75,47.85,7859.0
2021-05-28 14:56:00,NSE:SDBL,47.9,47.9,47.75,47.9,2347.0
2021-05-28 14:57:00,NSE:SDBL,47.9,47.9,47.9,47.9,51.0
2021-05-28 14:58:00,NSE:SDBL,47.95,47.95,47.7,47.85,1272.0
2021-05-28 14:59:00,NSE:SDBL,47.85,47.85,47.7,47.85,373.0
2021-05-28 15:00:00,NSE:SDBL,47.85,47.85,47.85,47.85,10.0
2021-05-28 15:01:00,NSE:SDBL,47.8,47.9,47.8,47.9,1030.0
2021-05-28 15:02:00,NSE:SDBL,47.8,47.8,47.8,47.8,39.0
2021-05-28 15:03:00,NSE:SDBL,47.75,47.75,47.6,47.65,3256.0
2021-05-28 15:04:00,NSE:SDBL,47.6,47.6,47.6,47.6,21.0
2021-05-28 15:05:00,NSE:SDBL,47.6,47.6,47.55,47.55,831.0
2021-05-28 15:06:00,NSE:SDBL,47.75,47.75,47.6,47.75,1421.0
2021-05-28 15:07:00,NSE:SDBL,47.75,47.75,47.65,47.75,55.0
2021-05-28 15:08:00,NSE:SDBL,47.75,47.75,47.6,47.6,501.0
2021-05-28 15:09:00,NSE:SDBL,47.75,47.75,47.75,47.75,1275.0
2021-05-28 15:10:00,NSE:SDBL,47.75,47.75,47.7,47.7,105.0
2021-05-28 15:11:00,NSE:SDBL,47.75,47.9,47.75,47.9,3213.0
2021-05-28 15:12:00,NSE:SDBL,47.9,47.95,47.9,47.95,708.0
2021-05-28 15:13:00,NSE:SDBL,47.8,48.0,47.8,48.0,1020.0
2021-05-28 15:14:00,NSE:SDBL,47.8,47.9,47.8,47.9,150.0
2021-05-28 15:15:00,NSE:SDBL,48.0,48.0,47.9,47.9,1228.0
2021-05-28 15:16:00,NSE:SDBL,47.95,48.0,47.95,47.95,3137.0
2021-05-28 15:17:00,NSE:SDBL,47.95,48.0,47.9,48.0,2972.0
2021-05-28 15:18:00,NSE:SDBL,48.0,48.0,47.9,47.9,2701.0
2021-05-28 15:19:00,NSE:SDBL,47.95,47.95,47.75,47.75,2417.0
2021-05-28 15:20:00,NSE:SDBL,47.95,47.95,47.85,47.85,1845.0
2021-05-28 15:21:00,NSE:SDBL,47.85,47.85,47.8,47.8,925.0
2021-05-28 15:22:00,NSE:SDBL,47.8,47.8,47.75,47.75,1999.0
2021-05-28 15:23:00,NSE:SDBL,47.7,47.85,47.7,47.85,278.0
2021-05-28 15:24:00,NSE:SDBL,47.8,47.8,47.7,47.7,276.0
2021-05-28 15:25:00,NSE:SDBL,47.85,47.85,47.7,47.7,2600.0
2021-05-28 15:26:00,NSE:SDBL,47.85,47.85,47.7,47.7,330.0
2021-05-28 15:27:00,NSE:SDBL,47.7,47.85,47.7,47.85,2473.0
2021-05-28 15:28:00,NSE:SDBL,47.8,48.05,47.75,47.9,10300.0
2021-05-28 15:29:00,NSE:SDBL,48.3,48.3,47.8,48.25,3084.0
2021-05-31 09:07:00,NSE:SDBL,48.0,48.0,48.0,48.0,2757.0
2021-05-31 09:15:00,NSE:SDBL,48.0,48.25,48.0,48.25,2646.0
2021-05-31 09:16:00,NSE:SDBL,48.3,48.5,48.3,48.35,3234.0
2021-05-31 09:17:00,NSE:SDBL,48.3,48.35,48.3,48.35,533.0
2021-05-31 09:18:00,NSE:SDBL,48.5,49.0,48.5,48.75,6537.0
2021-05-31 09:19:00,NSE:SDBL,48.8,49.0,48.8,48.85,6261.0
2021-05-31 09:20:00,NSE:SDBL,49.2,49.25,48.85,48.95,4057.0
2021-05-31 09:21:00,NSE:SDBL,49.05,49.4,49.05,49.15,4081.0
2021-05-31 09:22:00,NSE:SDBL,49.05,49.1,48.95,48.95,5130.0
2021-05-31 09:23:00,NSE:SDBL,48.95,48.95,48.8,48.8,1328.0
2021-05-31 09:24:00,NSE:SDBL,48.75,48.85,48.5,48.5,1935.0
2021-05-31 09:25:00,NSE:SDBL,48.9,49.0,48.5,48.5,5267.0
2021-05-31 09:26:00,NSE:SDBL,48.5,48.8,48.5,48.8,1150.0
2021-05-31 09:27:00,NSE:SDBL,49.0,49.0,48.8,48.8,505.0
2021-05-31 09:28:00,NSE:SDBL,48.8,49.4,48.8,49.35,11949.0
2021-05-31 09:29:00,NSE:SDBL,49.45,49.45,49.3,49.3,3520.0
2021-05-31 09:30:00,NSE:SDBL,49.2,49.4,49.2,49.4,4183.0
2021-05-31 09:31:00,NSE:SDBL,49.25,49.55,49.25,49.55,8844.0
2021-05-31 09:32:00,NSE:SDBL,49.45,49.45,49.2,49.2,5508.0
2021-05-31 09:33:00,NSE:SDBL,49.25,49.5,49.25,49.4,5765.0
2021-05-31 09:34:00,NSE:SDBL,49.4,49.45,49.2,49.4,8966.0
2021-05-31 09:36:00,NSE:SDBL,49.25,49.25,49.25,49.25,399.0
2021-05-31 09:37:00,NSE:SDBL,49.25,49.25,49.2,49.2,1140.0
2021-05-31 09:38:00,NSE:SDBL,49.2,49.2,49.1,49.1,669.0
2021-05-31 09:39:00,NSE:SDBL,49.1,49.1,49.1,49.1,654.0
2021-05-31 09:40:00,NSE:SDBL,49.05,49.15,49.05,49.15,150.0
2021-05-31 09:41:00,NSE:SDBL,49.05,49.05,49.05,49.05,317.0
2021-05-31 09:42:00,NSE:SDBL,49.0,49.05,48.8,48.8,2176.0
2021-05-31 09:43:00,NSE:SDBL,49.15,49.15,48.7,48.7,964.0
2021-05-31 09:44:00,NSE:SDBL,49.0,49.0,48.75,48.75,588.0
2021-05-31 09:46:00,NSE:SDBL,48.75,48.85,48.7,48.85,606.0
2021-05-31 09:47:00,NSE:SDBL,48.85,48.85,48.75,48.85,1110.0
2021-05-31 09:48:00,NSE:SDBL,48.75,48.85,48.75,48.85,400.0
2021-05-31 09:49:00,NSE:SDBL,48.85,48.95,48.8,48.95,833.0
2021-05-31 09:50:00,NSE:SDBL,48.6,48.8,48.6,48.8,1384.0
2021-05-31 09:51:00,NSE:SDBL,48.85,48.85,48.6,48.85,1214.0
2021-05-31 09:52:00,NSE:SDBL,48.75,48.75,48.75,48.75,350.0
2021-05-31 09:53:00,NSE:SDBL,49.0,49.0,49.0,49.0,3380.0
2021-05-31 09:54:00,NSE:SDBL,48.95,49.2,48.95,49.2,1706.0
2021-05-31 09:55:00,NSE:SDBL,49.2,49.2,49.2,49.2,854.0
2021-05-31 09:56:00,NSE:SDBL,49.2,49.2,49.2,49.2,35.0
2021-05-31 09:57:00,NSE:SDBL,49.2,49.3,49.2,49.3,1514.0
2021-05-31 09:58:00,NSE:SDBL,49.3,49.3,49.25,49.25,287.0
2021-05-31 09:59:00,NSE:SDBL,49.25,49.25,49.25,49.25,1.0
2021-05-31 10:00:00,NSE:SDBL,49.05,49.05,49.05,49.05,135.0
2021-05-31 10:01:00,NSE:SDBL,49.05,49.2,49.05,49.2,591.0
2021-05-31 10:02:00,NSE:SDBL,49.2,49.2,49.15,49.15,20.0
2021-05-31 10:03:00,NSE:SDBL,49.05,49.05,48.7,48.7,4804.0
2021-05-31 10:04:00,NSE:SDBL,48.65,48.65,48.45,48.45,4403.0
2021-05-31 10:05:00,NSE:SDBL,48.45,48.85,48.45,48.85,3259.0
2021-05-31 10:06:00,NSE:SDBL,49.0,49.0,48.6,48.6,268.0
2021-05-31 10:07:00,NSE:SDBL,48.5,48.75,48.5,48.75,10271.0
2021-05-31 10:08:00,NSE:SDBL,48.75,48.75,48.75,48.75,1000.0
2021-05-31 10:09:00,NSE:SDBL,48.75,48.75,48.75,48.75,500.0
2021-05-31 10:10:00,NSE:SDBL,48.8,48.85,48.8,48.85,844.0
2021-05-31 10:11:00,NSE:SDBL,48.95,48.95,48.95,48.95,3.0
2021-05-31 10:12:00,NSE:SDBL,49.0,49.0,49.0,49.0,1831.0
2021-05-31 10:13:00,NSE:SDBL,49.1,49.1,48.9,48.9,25249.0
2021-05-31 10:14:00,NSE:SDBL,49.5,49.5,49.5,49.5,32022.0
2021-05-31 10:16:00,NSE:SDBL,49.05,49.1,49.05,49.1,240.0
2021-05-31 10:17:00,NSE:SDBL,48.75,49.5,48.75,49.5,12000.0
2021-05-31 10:18:00,NSE:SDBL,49.4,49.5,48.85,48.85,11125.0
2021-05-31 10:19:00,NSE:SDBL,49.2,49.2,49.0,49.0,5751.0
2021-05-31 10:20:00,NSE:SDBL,49.25,49.25,49.25,49.25,60.0
2021-05-31 10:22:00,NSE:SDBL,49.1,49.1,49.1,49.1,35.0
2021-05-31 10:24:00,NSE:SDBL,49.25,49.25,49.25,49.25,758.0
2021-05-31 10:25:00,NSE:SDBL,49.4,49.4,49.25,49.25,229.0
2021-05-31 10:26:00,NSE:SDBL,49.4,49.4,49.25,49.3,398.0
2021-05-31 10:28:00,NSE:SDBL,49.2,49.25,49.2,49.25,509.0
2021-05-31 10:29:00,NSE:SDBL,49.25,49.25,49.2,49.2,712.0
2021-05-31 10:30:00,NSE:SDBL,49.2,49.2,49.2,49.2,675.0
2021-05-31 10:31:00,NSE:SDBL,49.35,49.35,49.2,49.2,629.0
2021-05-31 10:32:00,NSE:SDBL,49.2,49.4,49.2,49.4,960.0
2021-05-31 10:33:00,NSE:SDBL,49.2,49.35,49.2,49.35,402.0
2021-05-31 10:36:00,NSE:SDBL,49.2,49.3,49.2,49.3,300.0
2021-05-31 10:37:00,NSE:SDBL,49.3,49.3,49.3,49.3,999.0
2021-05-31 10:38:00,NSE:SDBL,49.35,49.35,49.3,49.3,651.0
2021-05-31 10:39:00,NSE:SDBL,49.15,49.15,49.0,49.0,769.0
2021-05-31 10:40:00,NSE:SDBL,49.2,49.2,49.2,49.2,200.0
2021-05-31 10:41:00,NSE:SDBL,49.1,49.15,49.1,49.15,7.0
2021-05-31 10:43:00,NSE:SDBL,49.1,49.1,49.1,49.1,5.0
2021-05-31 10:44:00,NSE:SDBL,49.0,49.0,49.0,49.0,200.0
2021-05-31 10:45:00,NSE:SDBL,48.95,49.1,48.95,49.1,177.0
2021-05-31 10:46:00,NSE:SDBL,49.1,49.1,49.1,49.1,201.0
2021-05-31 10:47:00,NSE:SDBL,49.0,49.0,48.8,48.9,1275.0
2021-05-31 10:48:00,NSE:SDBL,49.1,49.1,49.1,49.1,1.0
2021-05-31 10:49:00,NSE:SDBL,48.9,48.9,48.9,48.9,75.0
2021-05-31 10:53:00,NSE:SDBL,48.9,49.05,48.9,49.05,149.0
2021-05-31 10:54:00,NSE:SDBL,49.1,49.1,49.1,49.1,1000.0
2021-05-31 10:55:00,NSE:SDBL,49.1,49.1,49.1,49.1,50.0
2021-05-31 10:56:00,NSE:SDBL,48.95,48.95,48.95,48.95,43.0
2021-05-31 10:59:00,NSE:SDBL,49.0,49.0,49.0,49.0,10.0
2021-05-31 11:00:00,NSE:SDBL,48.95,48.95,48.95,48.95,153.0
2021-05-31 11:03:00,NSE:SDBL,48.95,48.95,48.75,48.75,2135.0
2021-05-31 11:04:00,NSE:SDBL,48.75,48.75,48.75,48.75,10.0
2021-05-31 11:05:00,NSE:SDBL,48.8,48.8,48.75,48.75,301.0
2021-05-31 11:06:00,NSE:SDBL,48.8,48.8,48.8,48.8,60.0
2021-05-31 11:07:00,NSE:SDBL,48.95,48.95,48.95,48.95,120.0
2021-05-31 11:09:00,NSE:SDBL,48.8,48.8,48.8,48.8,990.0
2021-05-31 11:10:00,NSE:SDBL,49.0,49.0,49.0,49.0,12.0
2021-05-31 11:11:00,NSE:SDBL,48.85,48.95,48.85,48.95,535.0
2021-05-31 11:12:00,NSE:SDBL,48.95,48.95,48.95,48.95,25.0
2021-05-31 11:13:00,NSE:SDBL,48.85,48.85,48.8,48.8,1112.0
2021-05-31 11:14:00,NSE:SDBL,48.95,48.95,48.75,48.75,448.0
2021-05-31 11:15:00,NSE:SDBL,49.0,49.0,49.0,49.0,2.0
2021-05-31 11:16:00,NSE:SDBL,49.0,49.0,49.0,49.0,5.0
2021-05-31 11:17:00,NSE:SDBL,49.0,49.0,49.0,49.0,54.0
2021-05-31 11:18:00,NSE:SDBL,49.2,49.3,49.1,49.1,4110.0
2021-05-31 11:19:00,NSE:SDBL,49.4,49.4,49.2,49.2,6619.0
2021-05-31 11:20:00,NSE:SDBL,49.4,49.5,49.4,49.4,4876.0
2021-05-31 11:21:00,NSE:SDBL,49.4,49.6,49.4,49.6,10402.0
2021-05-31 11:22:00,NSE:SDBL,49.4,49.4,49.25,49.25,1034.0
2021-05-31 11:23:00,NSE:SDBL,49.3,49.3,49.2,49.2,362.0
2021-05-31 11:24:00,NSE:SDBL,49.35,49.35,49.2,49.2,379.0
2021-05-31 11:25:00,NSE:SDBL,49.3,49.3,49.3,49.3,300.0
2021-05-31 11:26:00,NSE:SDBL,49.35,49.35,49.2,49.2,502.0
2021-05-31 11:27:00,NSE:SDBL,49.2,49.2,49.2,49.2,1.0
2021-05-31 11:28:00,NSE:SDBL,49.2,49.25,49.2,49.25,317.0
2021-05-31 11:29:00,NSE:SDBL,49.2,49.2,49.05,49.05,467.0
2021-05-31 11:30:00,NSE:SDBL,49.05,49.05,49.05,49.05,150.0
2021-05-31 11:31:00,NSE:SDBL,49.05,49.2,49.05,49.2,110.0
2021-05-31 11:33:00,NSE:SDBL,49.05,49.05,49.05,49.05,200.0
2021-05-31 11:34:00,NSE:SDBL,49.05,49.05,49.05,49.05,100.0
2021-05-31 11:35:00,NSE:SDBL,49.05,49.05,49.05,49.05,5087.0
2021-05-31 11:36:00,NSE:SDBL,49.5,49.7,49.5,49.6,4954.0
2021-05-31 11:37:00,NSE:SDBL,49.65,49.7,49.3,49.3,2302.0
2021-05-31 11:38:00,NSE:SDBL,49.55,49.55,49.55,49.55,5.0
2021-05-31 11:39:00,NSE:SDBL,49.45,49.45,49.4,49.4,140.0
2021-05-31 11:40:00,NSE:SDBL,49.3,49.3,49.3,49.3,10.0
2021-05-31 11:41:00,NSE:SDBL,49.75,49.8,49.75,49.8,15001.0
2021-05-31 11:42:00,NSE:SDBL,49.5,49.5,49.2,49.2,714.0
2021-05-31 11:43:00,NSE:SDBL,49.35,49.35,49.35,49.35,250.0
2021-05-31 11:44:00,NSE:SDBL,49.35,49.35,49.25,49.25,100.0
2021-05-31 11:45:00,NSE:SDBL,49.45,49.45,49.45,49.45,100.0
2021-05-31 11:46:00,NSE:SDBL,49.3,49.3,49.3,49.3,1.0
2021-05-31 11:47:00,NSE:SDBL,49.25,49.25,49.25,49.25,1.0
2021-05-31 11:49:00,NSE:SDBL,49.25,49.8,49.25,49.8,15083.0
2021-05-31 11:50:00,NSE:SDBL,49.6,50.0,49.6,50.0,10589.0
2021-05-31 11:51:00,NSE:SDBL,50.0,50.0,49.8,49.8,1855.0
2021-05-31 11:52:00,NSE:SDBL,49.8,49.8,49.7,49.7,701.0
2021-05-31 11:53:00,NSE:SDBL,49.7,49.7,49.7,49.7,899.0
2021-05-31 11:54:00,NSE:SDBL,49.7,49.7,49.6,49.6,550.0
2021-05-31 11:55:00,NSE:SDBL,49.85,49.85,49.6,49.85,9060.0
2021-05-31 11:56:00,NSE:SDBL,49.9,49.9,49.7,49.7,2491.0
2021-05-31 11:57:00,NSE:SDBL,49.5,49.7,49.5,49.7,1385.0
2021-05-31 11:58:00,NSE:SDBL,49.55,49.55,49.55,49.55,17.0
2021-05-31 11:59:00,NSE:SDBL,49.3,49.35,49.3,49.35,2697.0
2021-05-31 12:00:00,NSE:SDBL,49.45,49.45,49.45,49.45,200.0
2021-05-31 12:01:00,NSE:SDBL,49.45,49.45,49.45,49.45,2.0
2021-05-31 12:03:00,NSE:SDBL,49.35,49.35,49.35,49.35,2.0
2021-05-31 12:05:00,NSE:SDBL,49.35,49.35,49.35,49.35,255.0
2021-05-31 12:07:00,NSE:SDBL,49.3,49.3,49.3,49.3,1053.0
2021-05-31 12:09:00,NSE:SDBL,49.3,49.3,49.3,49.3,160.0
2021-05-31 12:10:00,NSE:SDBL,49.35,49.35,49.35,49.35,258.0
2021-05-31 12:12:00,NSE:SDBL,49.35,49.35,49.35,49.35,250.0
2021-05-31 12:13:00,NSE:SDBL,49.35,49.35,49.35,49.35,20.0
2021-05-31 12:14:00,NSE:SDBL,49.45,49.45,49.45,49.45,1000.0
2021-05-31 12:15:00,NSE:SDBL,49.4,49.4,49.4,49.4,220.0
2021-05-31 12:18:00,NSE:SDBL,49.4,49.4,49.4,49.4,6.0
2021-05-31 12:19:00,NSE:SDBL,49.35,49.35,49.35,49.35,820.0
2021-05-31 12:20:00,NSE:SDBL,49.35,49.45,49.35,49.45,77.0
2021-05-31 12:25:00,NSE:SDBL,49.4,49.4,49.4,49.4,50.0
2021-05-31 12:26:00,NSE:SDBL,49.4,49.5,49.4,49.5,494.0
2021-05-31 12:27:00,NSE:SDBL,49.35,49.35,49.35,49.35,37.0
2021-05-31 12:30:00,NSE:SDBL,49.35,49.4,49.35,49.4,460.0
2021-05-31 12:31:00,NSE:SDBL,49.25,49.4,49.25,49.4,151.0
2021-05-31 12:33:00,NSE:SDBL,49.3,49.35,49.3,49.35,249.0
2021-05-31 12:35:00,NSE:SDBL,49.2,49.2,49.2,49.2,8.0
2021-05-31 12:36:00,NSE:SDBL,49.35,49.35,49.35,49.35,500.0
2021-05-31 12:39:00,NSE:SDBL,49.35,49.35,49.2,49.2,51.0
2021-05-31 12:40:00,NSE:SDBL,49.35,49.35,49.35,49.35,201.0
2021-05-31 12:41:00,NSE:SDBL,49.35,49.35,49.35,49.35,858.0
2021-05-31 12:44:00,NSE:SDBL,49.35,49.35,49.35,49.35,1.0
2021-05-31 12:48:00,NSE:SDBL,49.2,49.2,49.2,49.2,500.0
2021-05-31 12:49:00,NSE:SDBL,49.2,49.2,49.2,49.2,100.0
2021-05-31 12:52:00,NSE:SDBL,49.2,49.2,49.2,49.2,2075.0
2021-05-31 12:56:00,NSE:SDBL,49.2,49.2,49.2,49.2,10.0
2021-05-31 12:58:00,NSE:SDBL,49.2,49.2,49.15,49.15,1301.0
2021-05-31 12:59:00,NSE:SDBL,49.2,49.3,49.2,49.3,1043.0
2021-05-31 13:00:00,NSE:SDBL,49.1,49.1,49.1,49.1,80.0
2021-05-31 13:01:00,NSE:SDBL,49.1,49.2,49.1,49.2,1131.0
2021-05-31 13:02:00,NSE:SDBL,49.2,49.2,49.1,49.1,51.0
2021-05-31 13:03:00,NSE:SDBL,49.1,49.1,49.1,49.1,499.0
2021-05-31 13:06:00,NSE:SDBL,49.1,49.1,49.1,49.1,25.0
2021-05-31 13:08:00,NSE:SDBL,49.25,49.25,49.25,49.25,5.0
2021-05-31 13:09:00,NSE:SDBL,49.25,49.25,48.9,48.9,10836.0
2021-05-31 13:10:00,NSE:SDBL,48.85,48.9,48.8,48.9,949.0
2021-05-31 13:11:00,NSE:SDBL,48.9,48.9,48.9,48.9,1065.0
2021-05-31 13:12:00,NSE:SDBL,48.8,48.9,48.8,48.9,1020.0
2021-05-31 13:13:00,NSE:SDBL,48.8,48.8,48.8,48.8,10.0
2021-05-31 13:14:00,NSE:SDBL,48.8,48.8,48.8,48.8,47.0
2021-05-31 13:16:00,NSE:SDBL,48.9,48.9,48.9,48.9,20.0
2021-05-31 13:19:00,NSE:SDBL,48.85,48.95,48.0,48.0,24987.0
2021-05-31 13:20:00,NSE:SDBL,48.4,48.4,48.4,48.4,200.0
2021-05-31 13:21:00,NSE:SDBL,48.5,48.5,48.5,48.5,2679.0
2021-05-31 13:22:00,NSE:SDBL,48.3,48.65,48.3,48.65,748.0
2021-05-31 13:23:00,NSE:SDBL,48.5,48.5,48.5,48.5,900.0
2021-05-31 13:24:00,NSE:SDBL,48.5,48.5,48.45,48.45,1364.0
2021-05-31 13:25:00,NSE:SDBL,48.45,48.5,48.45,48.5,1181.0
2021-05-31 13:26:00,NSE:SDBL,48.4,48.4,48.0,48.0,5093.0
2021-05-31 13:27:00,NSE:SDBL,48.0,48.0,48.0,48.0,1000.0
2021-05-31 13:28:00,NSE:SDBL,48.4,48.4,48.35,48.4,70.0
2021-05-31 13:29:00,NSE:SDBL,48.4,48.45,48.4,48.4,430.0
2021-05-31 13:30:00,NSE:SDBL,48.4,48.45,48.4,48.45,101.0
2021-05-31 13:31:00,NSE:SDBL,48.2,48.3,48.2,48.3,200.0
2021-05-31 13:35:00,NSE:SDBL,48.4,48.4,48.3,48.3,94.0
2021-05-31 13:36:00,NSE:SDBL,48.4,48.4,48.4,48.4,149.0
2021-05-31 13:40:00,NSE:SDBL,48.4,48.4,48.4,48.4,100.0
2021-05-31 13:41:00,NSE:SDBL,48.25,48.25,48.25,48.25,795.0
2021-05-31 13:42:00,NSE:SDBL,48.2,48.25,48.2,48.25,350.0
2021-05-31 13:43:00,NSE:SDBL,48.25,48.25,48.25,48.25,20.0
2021-05-31 13:44:00,NSE:SDBL,48.15,48.15,48.15,48.15,176.0
2021-05-31 13:45:00,NSE:SDBL,47.85,48.0,47.85,48.0,12487.0
2021-05-31 13:46:00,NSE:SDBL,47.95,47.95,47.95,47.95,244.0
2021-05-31 13:47:00,NSE:SDBL,47.95,47.95,47.95,47.95,1025.0
2021-05-31 13:48:00,NSE:SDBL,48.0,48.0,48.0,48.0,5.0
2021-05-31 13:49:00,NSE:SDBL,48.0,48.0,48.0,48.0,350.0
2021-05-31 13:50:00,NSE:SDBL,48.0,48.0,47.9,47.9,370.0
2021-05-31 13:51:00,NSE:SDBL,47.9,48.0,47.9,48.0,900.0
2021-05-31 13:54:00,NSE:SDBL,47.9,47.9,47.9,47.9,41.0
2021-05-31 13:55:00,NSE:SDBL,48.0,48.0,47.9,47.9,502.0
2021-05-31 13:56:00,NSE:SDBL,48.0,48.0,48.0,48.0,2750.0
2021-05-31 13:57:00,NSE:SDBL,48.0,48.0,47.9,48.0,460.0
2021-05-31 13:58:00,NSE:SDBL,48.0,48.0,47.9,47.9,1540.0
2021-05-31 13:59:00,NSE:SDBL,47.9,48.0,47.9,47.9,504.0
2021-05-31 14:00:00,NSE:SDBL,47.95,47.95,47.9,47.9,1406.0
2021-05-31 14:01:00,NSE:SDBL,48.0,48.0,48.0,48.0,787.0
2021-05-31 14:02:00,NSE:SDBL,48.0,48.0,48.0,48.0,500.0
2021-05-31 14:03:00,NSE:SDBL,48.0,48.0,48.0,48.0,210.0
2021-05-31 14:04:00,NSE:SDBL,48.0,48.0,48.0,48.0,100.0
2021-05-31 14:05:00,NSE:SDBL,48.0,48.0,48.0,48.0,250.0
2021-05-31 14:06:00,NSE:SDBL,48.0,48.0,47.95,47.95,250.0
2021-05-31 14:08:00,NSE:SDBL,47.95,48.0,47.95,48.0,1100.0
2021-05-31 14:09:00,NSE:SDBL,48.0,48.0,48.0,48.0,150.0
2021-05-31 14:11:00,NSE:SDBL,47.95,47.95,47.95,47.95,2.0
2021-05-31 14:13:00,NSE:SDBL,47.95,47.95,47.95,47.95,317.0
2021-05-31 14:14:00,NSE:SDBL,47.95,47.95,47.95,47.95,300.0
2021-05-31 14:15:00,NSE:SDBL,48.0,48.0,48.0,48.0,200.0
2021-05-31 14:16:00,NSE:SDBL,47.95,47.95,47.95,47.95,1366.0
2021-05-31 14:18:00,NSE:SDBL,48.0,48.0,47.95,47.95,210.0
2021-05-31 14:19:00,NSE:SDBL,47.95,47.95,47.95,47.95,1466.0
2021-05-31 14:20:00,NSE:SDBL,47.9,47.9,47.85,47.85,1557.0
2021-05-31 14:22:00,NSE:SDBL,47.85,47.85,47.85,47.85,328.0
2021-05-31 14:23:00,NSE:SDBL,47.95,47.95,47.95,47.95,400.0
2021-05-31 14:24:00,NSE:SDBL,47.95,47.95,47.95,47.95,679.0
2021-05-31 14:25:00,NSE:SDBL,47.95,47.95,47.85,47.85,505.0
2021-05-31 14:26:00,NSE:SDBL,47.8,47.95,47.8,47.95,760.0
2021-05-31 14:27:00,NSE:SDBL,47.95,47.95,47.95,47.95,1325.0
2021-05-31 14:30:00,NSE:SDBL,47.85,48.0,47.85,48.0,1005.0
2021-05-31 14:31:00,NSE:SDBL,47.95,47.95,47.95,47.95,10.0
2021-05-31 14:32:00,NSE:SDBL,47.95,48.0,47.95,48.0,352.0
2021-05-31 14:33:00,NSE:SDBL,48.0,48.0,47.8,47.9,1774.0
2021-05-31 14:34:00,NSE:SDBL,47.85,47.85,47.85,47.85,33.0
2021-05-31 14:35:00,NSE:SDBL,47.9,48.0,47.9,48.0,1730.0
2021-05-31 14:36:00,NSE:SDBL,48.0,48.0,47.85,47.85,510.0
2021-05-31 14:37:00,NSE:SDBL,47.9,48.0,47.9,48.0,4.0
2021-05-31 14:38:00,NSE:SDBL,48.0,48.0,47.9,47.9,200.0
2021-05-31 14:39:00,NSE:SDBL,48.0,48.0,48.0,48.0,700.0
2021-05-31 14:40:00,NSE:SDBL,48.0,48.0,48.0,48.0,200.0
2021-05-31 14:41:00,NSE:SDBL,47.8,47.95,47.8,47.8,4755.0
2021-05-31 14:42:00,NSE:SDBL,47.8,47.8,47.8,47.8,445.0
2021-05-31 14:45:00,NSE:SDBL,47.8,47.8,47.8,47.8,500.0
2021-05-31 14:47:00,NSE:SDBL,47.95,47.95,47.95,47.95,1.0
2021-05-31 14:48:00,NSE:SDBL,47.8,47.8,47.8,47.8,3.0
2021-05-31 14:49:00,NSE:SDBL,47.95,47.95,47.95,47.95,150.0
2021-05-31 14:50:00,NSE:SDBL,47.95,47.95,47.95,47.95,249.0
2021-05-31 14:51:00,NSE:SDBL,47.95,47.95,47.95,47.95,11.0
2021-05-31 14:52:00,NSE:SDBL,47.95,47.95,47.95,47.95,470.0
2021-05-31 14:53:00,NSE:SDBL,48.0,48.0,47.85,47.85,682.0
2021-05-31 14:54:00,NSE:SDBL,47.85,47.85,47.85,47.85,200.0
2021-05-31 14:55:00,NSE:SDBL,47.85,47.85,47.85,47.85,1250.0
2021-05-31 14:56:00,NSE:SDBL,47.85,48.0,47.85,47.9,518.0
2021-05-31 14:57:00,NSE:SDBL,47.8,47.8,47.8,47.8,1000.0
2021-05-31 14:59:00,NSE:SDBL,47.8,47.95,47.8,47.95,5201.0
2021-05-31 15:02:00,NSE:SDBL,47.8,47.8,47.8,47.8,1300.0
2021-05-31 15:03:00,NSE:SDBL,47.85,47.85,47.85,47.85,208.0
2021-05-31 15:04:00,NSE:SDBL,47.9,48.0,47.9,48.0,276.0
2021-05-31 15:05:00,NSE:SDBL,48.0,48.0,48.0,48.0,192.0
2021-05-31 15:06:00,NSE:SDBL,47.9,47.9,47.85,47.85,730.0
2021-05-31 15:08:00,NSE:SDBL,47.9,47.9,47.9,47.9,505.0
2021-05-31 15:09:00,NSE:SDBL,47.9,47.9,47.9,47.9,300.0
2021-05-31 15:10:00,NSE:SDBL,47.85,47.9,47.8,47.9,3069.0
2021-05-31 15:11:00,NSE:SDBL,47.9,47.9,47.9,47.9,2283.0
2021-05-31 15:12:00,NSE:SDBL,47.85,47.85,47.85,47.85,121.0
2021-05-31 15:14:00,NSE:SDBL,47.9,48.0,47.9,48.0,1500.0
2021-05-31 15:15:00,NSE:SDBL,48.0,48.0,47.85,47.85,700.0
2021-05-31 15:17:00,NSE:SDBL,47.85,48.0,47.85,48.0,3267.0
2021-05-31 15:18:00,NSE:SDBL,48.0,48.0,48.0,48.0,13.0
2021-05-31 15:19:00,NSE:SDBL,48.0,48.0,48.0,48.0,1050.0
2021-05-31 15:20:00,NSE:SDBL,47.9,48.0,47.9,48.0,650.0
2021-05-31 15:21:00,NSE:SDBL,48.0,48.0,48.0,48.0,502.0
2021-05-31 15:22:00,NSE:SDBL,48.0,48.0,48.0,48.0,150.0
2021-05-31 15:23:00,NSE:SDBL,48.0,48.0,47.9,47.95,4280.0
2021-05-31 15:24:00,NSE:SDBL,48.0,48.0,48.0,48.0,430.0
2021-05-31 15:25:00,NSE:SDBL,47.9,48.0,47.9,48.0,162.0
2021-05-31 15:26:00,NSE:SDBL,47.9,48.0,47.9,48.0,6163.0
2021-05-31 15:27:00,NSE:SDBL,48.0,48.0,47.85,47.85,18069.0
2021-05-31 15:28:00,NSE:SDBL,47.85,47.9,47.85,47.9,235.0
2021-05-31 15:29:00,NSE:SDBL,47.85,47.95,47.85,47.9,3414.0
2021-05-31 15:30:00,NSE:SDBL,47.95,47.95,47.95,47.95,20.0
2021-05-31 15:40:00,NSE:SDBL,47.95,47.95,47.95,47.95,3111.0
2021-05-31 15:58:00,NSE:SDBL,47.95,47.95,47.95,47.95,1000.0
2021-06-01 09:07:00,NSE:SDBL,48.15,48.15,48.15,48.15,2160.0
2021-06-01 09:15:00,NSE:SDBL,48.3,48.3,48.0,48.2,2064.0
2021-06-01 09:16:00,NSE:SDBL,48.15,48.25,48.15,48.25,968.0
2021-06-01 09:17:00,NSE:SDBL,48.15,48.25,48.15,48.25,6750.0
2021-06-01 09:18:00,NSE:SDBL,48.25,48.35,48.15,48.35,7210.0
2021-06-01 09:19:00,NSE:SDBL,48.0,48.0,48.0,48.0,6200.0
2021-06-01 09:20:00,NSE:SDBL,47.9,48.0,47.8,48.0,2378.0
2021-06-01 09:21:00,NSE:SDBL,48.0,48.0,47.9,47.9,8.0
2021-06-01 09:22:00,NSE:SDBL,47.9,47.9,47.7,47.7,6699.0
2021-06-01 09:23:00,NSE:SDBL,47.7,47.7,47.55,47.55,1966.0
2021-06-01 09:24:00,NSE:SDBL,47.7,47.7,47.25,47.25,5382.0
2021-06-01 09:25:00,NSE:SDBL,47.4,47.4,47.05,47.1,14175.0
2021-06-01 09:26:00,NSE:SDBL,47.05,47.05,46.65,47.0,2533.0
2021-06-01 09:27:00,NSE:SDBL,47.0,47.1,47.0,47.1,2012.0
2021-06-01 09:28:00,NSE:SDBL,46.9,47.0,46.85,46.85,738.0
2021-06-01 09:29:00,NSE:SDBL,46.85,47.1,46.85,47.1,752.0
2021-06-01 09:30:00,NSE:SDBL,47.1,47.4,47.1,47.4,3201.0
2021-06-01 09:31:00,NSE:SDBL,47.15,47.55,47.15,47.5,1563.0
2021-06-01 09:32:00,NSE:SDBL,47.4,47.5,47.4,47.4,300.0
2021-06-01 09:33:00,NSE:SDBL,47.45,47.5,47.3,47.5,2081.0
2021-06-01 09:34:00,NSE:SDBL,47.4,47.4,47.4,47.4,70.0
2021-06-01 09:35:00,NSE:SDBL,47.3,47.35,47.3,47.3,447.0
2021-06-01 09:36:00,NSE:SDBL,47.35,47.35,47.3,47.35,429.0
2021-06-01 09:37:00,NSE:SDBL,47.3,47.3,47.0,47.0,7889.0
2021-06-01 09:38:00,NSE:SDBL,47.15,47.15,47.0,47.0,459.0
2021-06-01 09:39:00,NSE:SDBL,46.95,47.05,46.95,46.95,450.0
2021-06-01 09:40:00,NSE:SDBL,47.1,47.1,46.95,47.0,416.0
2021-06-01 09:41:00,NSE:SDBL,46.95,47.1,46.95,47.1,1282.0
2021-06-01 09:42:00,NSE:SDBL,47.15,47.75,47.15,47.3,20114.0
2021-06-01 09:43:00,NSE:SDBL,47.5,47.5,47.5,47.5,360.0
2021-06-01 09:44:00,NSE:SDBL,47.5,47.6,47.5,47.6,1016.0
2021-06-01 09:45:00,NSE:SDBL,47.5,47.55,47.5,47.5,2135.0
2021-06-01 09:46:00,NSE:SDBL,47.65,47.75,47.65,47.75,5751.0
2021-06-01 09:47:00,NSE:SDBL,47.7,47.75,47.65,47.75,1050.0
2021-06-01 09:48:00,NSE:SDBL,47.65,47.65,47.6,47.6,502.0
2021-06-01 09:49:00,NSE:SDBL,47.7,47.7,47.6,47.6,130.0
2021-06-01 09:50:00,NSE:SDBL,47.55,47.55,47.5,47.5,508.0
2021-06-01 09:51:00,NSE:SDBL,47.45,47.45,47.4,47.4,202.0
2021-06-01 09:52:00,NSE:SDBL,47.4,47.55,47.4,47.55,960.0
2021-06-01 09:53:00,NSE:SDBL,47.4,47.55,47.4,47.55,323.0
2021-06-01 09:54:00,NSE:SDBL,47.65,47.65,47.65,47.65,2107.0
2021-06-01 09:55:00,NSE:SDBL,47.5,47.65,47.5,47.6,1217.0
2021-06-01 09:56:00,NSE:SDBL,47.6,47.65,47.6,47.65,2661.0
2021-06-01 09:57:00,NSE:SDBL,47.65,47.65,47.65,47.65,160.0
2021-06-01 09:58:00,NSE:SDBL,47.65,47.7,47.5,47.6,2940.0
2021-06-01 09:59:00,NSE:SDBL,47.45,47.45,47.45,47.45,500.0
2021-06-01 10:00:00,NSE:SDBL,47.45,47.55,47.35,47.5,2274.0
2021-06-01 10:01:00,NSE:SDBL,47.5,47.5,47.5,47.5,250.0
2021-06-01 10:03:00,NSE:SDBL,47.45,47.45,47.45,47.45,175.0
2021-06-01 10:04:00,NSE:SDBL,47.4,47.45,47.3,47.45,720.0
2021-06-01 10:05:00,NSE:SDBL,47.3,47.3,47.2,47.2,2889.0
2021-06-01 10:06:00,NSE:SDBL,47.2,47.2,47.15,47.2,608.0
2021-06-01 10:07:00,NSE:SDBL,47.05,47.1,46.9,46.9,8325.0
2021-06-01 10:08:00,NSE:SDBL,46.85,46.95,46.85,46.85,552.0
2021-06-01 10:09:00,NSE:SDBL,46.8,46.9,46.8,46.9,3103.0
2021-06-01 10:10:00,NSE:SDBL,46.95,46.95,46.95,46.95,15.0
2021-06-01 10:11:00,NSE:SDBL,46.85,46.95,46.85,46.95,359.0
2021-06-01 10:12:00,NSE:SDBL,46.95,47.0,46.95,47.0,4188.0
2021-06-01 10:13:00,NSE:SDBL,47.05,47.05,47.05,47.05,50.0
2021-06-01 10:14:00,NSE:SDBL,47.05,47.05,47.05,47.05,2300.0
2021-06-01 10:15:00,NSE:SDBL,47.05,47.05,47.05,47.05,241.0
2021-06-01 10:16:00,NSE:SDBL,47.15,47.15,47.15,47.15,10.0
2021-06-01 10:17:00,NSE:SDBL,46.9,47.1,46.9,47.1,510.0
2021-06-01 10:18:00,NSE:SDBL,47.0,47.0,47.0,47.0,250.0
2021-06-01 10:19:00,NSE:SDBL,47.0,47.05,46.95,47.05,2163.0
2021-06-01 10:20:00,NSE:SDBL,47.05,47.05,46.8,46.95,3407.0
2021-06-01 10:21:00,NSE:SDBL,46.7,46.7,46.65,46.65,7686.0
2021-06-01 10:22:00,NSE:SDBL,46.7,46.7,46.4,46.55,13450.0
2021-06-01 10:23:00,NSE:SDBL,46.6,46.6,46.3,46.3,2450.0
2021-06-01 10:24:00,NSE:SDBL,46.25,46.3,46.25,46.3,1350.0
2021-06-01 10:25:00,NSE:SDBL,46.6,46.7,46.4,46.5,3167.0
2021-06-01 10:26:00,NSE:SDBL,46.65,46.65,46.35,46.35,1669.0
2021-06-01 10:27:00,NSE:SDBL,46.3,46.35,46.3,46.35,1538.0
2021-06-01 10:28:00,NSE:SDBL,46.4,46.45,46.4,46.45,1599.0
2021-06-01 10:29:00,NSE:SDBL,46.45,46.5,46.45,46.5,240.0
2021-06-01 10:30:00,NSE:SDBL,46.5,46.5,46.45,46.45,10618.0
2021-06-01 10:31:00,NSE:SDBL,46.5,46.5,46.5,46.5,102.0
2021-06-01 10:32:00,NSE:SDBL,46.5,46.5,46.45,46.45,351.0
2021-06-01 10:33:00,NSE:SDBL,46.5,46.5,46.5,46.5,706.0
2021-06-01 10:34:00,NSE:SDBL,46.5,46.5,46.5,46.5,25.0
2021-06-01 10:35:00,NSE:SDBL,46.45,46.45,46.4,46.4,843.0
2021-06-01 10:36:00,NSE:SDBL,46.45,46.45,46.45,46.45,120.0
2021-06-01 10:37:00,NSE:SDBL,46.4,46.4,46.4,46.4,500.0
2021-06-01 10:38:00,NSE:SDBL,46.45,46.5,46.45,46.5,755.0
2021-06-01 10:39:00,NSE:SDBL,46.5,46.5,46.2,46.3,7838.0
2021-06-01 10:40:00,NSE:SDBL,46.3,46.3,46.15,46.25,3950.0
2021-06-01 10:41:00,NSE:SDBL,46.3,46.3,46.15,46.15,2364.0
2021-06-01 10:42:00,NSE:SDBL,46.2,46.2,46.0,46.2,5917.0
2021-06-01 10:43:00,NSE:SDBL,46.05,46.15,46.0,46.0,2207.0
2021-06-01 10:44:00,NSE:SDBL,45.95,45.95,45.9,45.9,762.0
2021-06-01 10:45:00,NSE:SDBL,45.8,45.95,45.75,45.8,4120.0
2021-06-01 10:46:00,NSE:SDBL,45.85,45.95,45.8,45.95,893.0
2021-06-01 10:47:00,NSE:SDBL,45.8,46.0,45.75,46.0,3900.0
2021-06-01 10:48:00,NSE:SDBL,46.0,46.2,46.0,46.2,5367.0
2021-06-01 10:49:00,NSE:SDBL,46.05,46.2,46.05,46.05,2498.0
2021-06-01 10:50:00,NSE:SDBL,46.2,46.2,46.0,46.0,1800.0
2021-06-01 10:51:00,NSE:SDBL,45.75,45.8,45.55,45.55,5625.0
2021-06-01 10:52:00,NSE:SDBL,45.6,45.9,45.5,45.85,3741.0
2021-06-01 10:53:00,NSE:SDBL,45.75,45.85,45.75,45.85,250.0
2021-06-01 10:54:00,NSE:SDBL,45.7,45.7,45.7,45.7,567.0
2021-06-01 10:55:00,NSE:SDBL,45.85,45.85,45.85,45.85,63.0
2021-06-01 10:56:00,NSE:SDBL,45.85,45.85,45.85,45.85,855.0
2021-06-01 10:57:00,NSE:SDBL,45.85,45.9,45.85,45.9,904.0
2021-06-01 10:58:00,NSE:SDBL,45.8,45.8,45.8,45.8,350.0
2021-06-01 10:59:00,NSE:SDBL,45.85,45.85,45.75,45.85,1614.0
2021-06-01 11:00:00,NSE:SDBL,45.85,45.85,45.7,45.7,381.0
2021-06-01 11:01:00,NSE:SDBL,45.85,45.85,45.85,45.85,164.0
2021-06-01 11:02:00,NSE:SDBL,45.7,45.75,45.7,45.7,1216.0
2021-06-01 11:03:00,NSE:SDBL,45.65,45.65,45.65,45.65,223.0
2021-06-01 11:04:00,NSE:SDBL,45.65,45.7,45.55,45.7,1777.0
2021-06-01 11:05:00,NSE:SDBL,45.7,45.7,45.6,45.6,276.0
2021-06-01 11:06:00,NSE:SDBL,45.7,45.7,45.6,45.7,660.0
2021-06-01 11:07:00,NSE:SDBL,45.7,45.75,45.7,45.75,1013.0
2021-06-01 11:08:00,NSE:SDBL,45.75,45.75,45.65,45.75,861.0
2021-06-01 11:09:00,NSE:SDBL,45.75,45.75,45.6,45.75,9568.0
2021-06-01 11:10:00,NSE:SDBL,45.75,45.75,45.5,45.5,18321.0
2021-06-01 11:11:00,NSE:SDBL,45.5,45.5,44.75,45.0,22827.0
2021-06-01 11:12:00,NSE:SDBL,45.0,45.0,44.9,44.95,3336.0
2021-06-01 11:13:00,NSE:SDBL,44.95,44.95,44.95,44.95,925.0
2021-06-01 11:14:00,NSE:SDBL,44.95,44.95,44.95,44.95,310.0
2021-06-01 11:15:00,NSE:SDBL,44.9,45.0,44.5,44.5,12221.0
2021-06-01 11:16:00,NSE:SDBL,44.85,44.85,44.85,44.85,107.0
2021-06-01 11:17:00,NSE:SDBL,44.95,44.95,44.9,44.9,2050.0
2021-06-01 11:18:00,NSE:SDBL,44.8,44.85,44.8,44.85,26.0
2021-06-01 11:19:00,NSE:SDBL,44.85,45.0,44.75,45.0,7717.0
2021-06-01 11:20:00,NSE:SDBL,45.0,45.0,44.75,44.75,311.0
2021-06-01 11:21:00,NSE:SDBL,44.75,44.85,44.5,44.5,3913.0
2021-06-01 11:22:00,NSE:SDBL,44.65,44.65,44.5,44.5,412.0
2021-06-01 11:23:00,NSE:SDBL,44.5,44.65,44.5,44.65,550.0
2021-06-01 11:24:00,NSE:SDBL,44.65,44.65,44.5,44.5,3255.0
2021-06-01 11:25:00,NSE:SDBL,44.5,45.0,44.5,44.75,10611.0
2021-06-01 11:26:00,NSE:SDBL,44.95,45.0,44.95,45.0,900.0
2021-06-01 11:27:00,NSE:SDBL,45.0,45.0,45.0,45.0,14070.0
2021-06-01 11:28:00,NSE:SDBL,45.0,45.0,45.0,45.0,100.0
2021-06-01 11:29:00,NSE:SDBL,45.0,45.0,45.0,45.0,150.0
2021-06-01 11:30:00,NSE:SDBL,45.0,45.0,44.9,44.9,3238.0
2021-06-01 11:31:00,NSE:SDBL,44.9,44.9,44.9,44.9,120.0
2021-06-01 11:32:00,NSE:SDBL,44.9,44.9,44.75,44.75,481.0
2021-06-01 11:33:00,NSE:SDBL,44.9,44.9,44.9,44.9,198.0
2021-06-01 11:34:00,NSE:SDBL,44.75,44.8,44.75,44.8,769.0
2021-06-01 11:35:00,NSE:SDBL,44.8,44.8,44.75,44.8,225.0
2021-06-01 11:36:00,NSE:SDBL,44.8,44.8,44.8,44.8,3063.0
2021-06-01 11:37:00,NSE:SDBL,44.75,44.75,44.6,44.6,2600.0
2021-06-01 11:38:00,NSE:SDBL,44.75,44.75,44.75,44.75,4.0
2021-06-01 11:40:00,NSE:SDBL,44.75,44.8,44.75,44.8,6010.0
2021-06-01 11:41:00,NSE:SDBL,44.8,44.8,44.8,44.8,102.0
2021-06-01 11:42:00,NSE:SDBL,44.8,44.8,44.8,44.8,200.0
2021-06-01 11:43:00,NSE:SDBL,44.75,44.75,44.75,44.75,600.0
2021-06-01 11:44:00,NSE:SDBL,44.8,44.8,44.8,44.8,300.0
2021-06-01 11:45:00,NSE:SDBL,44.8,44.8,44.8,44.8,71.0
2021-06-01 11:46:00,NSE:SDBL,44.7,44.7,44.7,44.7,1.0
2021-06-01 11:47:00,NSE:SDBL,44.8,44.8,44.8,44.8,100.0
2021-06-01 11:49:00,NSE:SDBL,44.8,44.8,44.8,44.8,422.0
2021-06-01 11:50:00,NSE:SDBL,44.8,44.8,44.7,44.8,6083.0
2021-06-01 11:51:00,NSE:SDBL,44.8,44.8,44.75,44.75,55.0
2021-06-01 11:52:00,NSE:SDBL,44.7,44.7,44.7,44.7,62.0
2021-06-01 11:53:00,NSE:SDBL,44.75,44.75,44.75,44.75,30.0
2021-06-01 11:54:00,NSE:SDBL,44.75,44.75,44.7,44.75,317.0
2021-06-01 11:55:00,NSE:SDBL,44.8,44.8,44.8,44.8,200.0
2021-06-01 11:57:00,NSE:SDBL,44.8,44.8,44.8,44.8,370.0
2021-06-01 11:58:00,NSE:SDBL,44.75,44.75,44.75,44.75,100.0
2021-06-01 11:59:00,NSE:SDBL,44.55,44.55,44.55,44.55,1502.0
2021-06-01 12:00:00,NSE:SDBL,44.65,44.8,44.65,44.8,820.0
2021-06-01 12:01:00,NSE:SDBL,44.5,44.5,44.5,44.5,13101.0
2021-06-01 12:02:00,NSE:SDBL,44.15,44.35,44.0,44.35,12519.0
2021-06-01 12:03:00,NSE:SDBL,44.35,44.35,44.35,44.35,15.0
2021-06-01 12:04:00,NSE:SDBL,44.35,44.35,44.1,44.2,3036.0
2021-06-01 12:05:00,NSE:SDBL,44.1,44.45,44.1,44.45,3000.0
2021-06-01 12:06:00,NSE:SDBL,44.0,44.5,44.0,44.45,27918.0
2021-06-01 12:07:00,NSE:SDBL,44.45,44.5,44.25,44.5,5347.0
2021-06-01 12:08:00,NSE:SDBL,44.7,44.7,44.4,44.6,3042.0
2021-06-01 12:09:00,NSE:SDBL,44.3,44.65,44.3,44.6,1020.0
2021-06-01 12:10:00,NSE:SDBL,44.6,44.6,44.35,44.35,357.0
2021-06-01 12:11:00,NSE:SDBL,44.5,44.5,44.5,44.5,98.0
2021-06-01 12:13:00,NSE:SDBL,44.5,44.6,44.5,44.6,764.0
2021-06-01 12:14:00,NSE:SDBL,44.65,44.7,44.65,44.7,1350.0
2021-06-01 12:15:00,NSE:SDBL,44.65,44.7,44.65,44.7,1060.0
2021-06-01 12:16:00,NSE:SDBL,44.75,44.75,44.75,44.75,530.0
2021-06-01 12:17:00,NSE:SDBL,44.75,44.75,44.75,44.75,20.0
2021-06-01 12:18:00,NSE:SDBL,44.75,44.75,44.75,44.75,150.0
2021-06-01 12:19:00,NSE:SDBL,44.6,44.75,44.6,44.75,119.0
2021-06-01 12:20:00,NSE:SDBL,44.75,44.75,44.75,44.75,10.0
2021-06-01 12:21:00,NSE:SDBL,44.75,44.75,44.75,44.75,50.0
2021-06-01 12:22:00,NSE:SDBL,44.5,44.7,44.5,44.7,446.0
2021-06-01 12:23:00,NSE:SDBL,44.5,44.5,44.5,44.5,250.0
2021-06-01 12:25:00,NSE:SDBL,44.65,44.65,44.6,44.65,450.0
2021-06-01 12:26:00,NSE:SDBL,44.7,44.75,44.7,44.75,1500.0
2021-06-01 12:27:00,NSE:SDBL,44.7,44.7,44.7,44.7,250.0
2021-06-01 12:28:00,NSE:SDBL,44.75,44.75,44.6,44.6,683.0
2021-06-01 12:29:00,NSE:SDBL,44.6,44.6,44.6,44.6,250.0
2021-06-01 12:30:00,NSE:SDBL,44.6,44.7,44.6,44.7,350.0
2021-06-01 12:31:00,NSE:SDBL,44.75,44.8,44.75,44.8,3386.0
2021-06-01 12:32:00,NSE:SDBL,44.8,44.8,44.75,44.75,30.0
2021-06-01 12:33:00,NSE:SDBL,44.8,44.8,44.75,44.75,650.0
2021-06-01 12:34:00,NSE:SDBL,44.8,44.8,44.8,44.8,100.0
2021-06-01 12:35:00,NSE:SDBL,44.8,44.8,44.8,44.8,385.0
2021-06-01 12:36:00,NSE:SDBL,44.8,44.8,44.8,44.8,401.0
2021-06-01 12:38:00,NSE:SDBL,44.8,44.8,44.8,44.8,25.0
2021-06-01 12:39:00,NSE:SDBL,44.8,44.8,44.8,44.8,737.0
2021-06-01 12:40:00,NSE:SDBL,44.8,44.8,44.8,44.8,294.0
2021-06-01 12:41:00,NSE:SDBL,44.8,44.8,44.8,44.8,3026.0
2021-06-01 12:42:00,NSE:SDBL,44.75,44.8,44.75,44.8,635.0
2021-06-01 12:43:00,NSE:SDBL,44.8,44.8,44.75,44.75,2050.0
2021-06-01 12:44:00,NSE:SDBL,44.8,44.8,44.75,44.75,440.0
2021-06-01 12:45:00,NSE:SDBL,44.8,44.8,44.8,44.8,1.0
2021-06-01 12:46:00,NSE:SDBL,44.75,44.8,44.75,44.8,450.0
2021-06-01 12:47:00,NSE:SDBL,44.75,44.8,44.75,44.8,30.0
2021-06-01 12:48:00,NSE:SDBL,44.8,44.8,44.8,44.8,610.0
2021-06-01 12:49:00,NSE:SDBL,44.75,44.8,44.75,44.8,150.0
2021-06-01 12:50:00,NSE:SDBL,44.8,44.8,44.75,44.75,250.0
2021-06-01 12:51:00,NSE:SDBL,44.8,44.8,44.8,44.8,495.0
2021-06-01 12:52:00,NSE:SDBL,44.75,44.8,44.75,44.8,1099.0
2021-06-01 12:54:00,NSE:SDBL,44.75,44.8,44.5,44.8,6000.0
2021-06-01 12:56:00,NSE:SDBL,44.55,44.55,44.55,44.55,200.0
2021-06-01 12:57:00,NSE:SDBL,44.55,44.65,44.55,44.55,344.0
2021-06-01 12:58:00,NSE:SDBL,44.7,44.7,44.7,44.7,703.0
2021-06-01 12:59:00,NSE:SDBL,44.75,44.75,44.75,44.75,397.0
2021-06-01 13:00:00,NSE:SDBL,44.75,44.8,44.75,44.8,1611.0
2021-06-01 13:01:00,NSE:SDBL,44.8,44.8,44.8,44.8,1100.0
2021-06-01 13:03:00,NSE:SDBL,44.75,44.8,44.7,44.7,174.0
2021-06-01 13:04:00,NSE:SDBL,44.8,44.8,44.8,44.8,560.0
2021-06-01 13:05:00,NSE:SDBL,44.8,44.8,44.8,44.8,343.0
2021-06-01 13:06:00,NSE:SDBL,44.8,44.8,44.8,44.8,200.0
2021-06-01 13:07:00,NSE:SDBL,44.8,44.8,44.8,44.8,100.0
2021-06-01 13:10:00,NSE:SDBL,44.75,44.75,44.75,44.75,200.0
2021-06-01 13:11:00,NSE:SDBL,44.75,44.75,44.7,44.7,79.0
2021-06-01 13:12:00,NSE:SDBL,44.75,44.75,44.5,44.5,5312.0
2021-06-01 13:13:00,NSE:SDBL,44.65,44.65,44.5,44.5,1010.0
2021-06-01 13:14:00,NSE:SDBL,44.55,44.55,44.5,44.5,540.0
2021-06-01 13:15:00,NSE:SDBL,44.55,44.55,44.55,44.55,660.0
2021-06-01 13:16:00,NSE:SDBL,44.6,44.6,44.5,44.6,540.0
2021-06-01 13:17:00,NSE:SDBL,44.7,44.75,44.65,44.75,3020.0
2021-06-01 13:18:00,NSE:SDBL,44.75,44.75,44.75,44.75,100.0
2021-06-01 13:19:00,NSE:SDBL,44.7,44.7,44.7,44.7,501.0
2021-06-01 13:20:00,NSE:SDBL,44.6,44.6,44.6,44.6,306.0
2021-06-01 13:22:00,NSE:SDBL,44.65,44.65,44.65,44.65,400.0
2021-06-01 13:23:00,NSE:SDBL,44.65,44.7,44.65,44.65,208.0
2021-06-01 13:24:00,NSE:SDBL,44.7,44.7,44.7,44.7,500.0
2021-06-01 13:25:00,NSE:SDBL,44.6,44.7,44.6,44.7,1060.0
2021-06-01 13:26:00,NSE:SDBL,44.7,44.7,44.7,44.7,10.0
2021-06-01 13:27:00,NSE:SDBL,44.7,44.7,44.7,44.7,1100.0
2021-06-01 13:28:00,NSE:SDBL,44.7,44.7,44.7,44.7,50.0
2021-06-01 13:29:00,NSE:SDBL,44.7,44.8,44.7,44.8,800.0
2021-06-01 13:31:00,NSE:SDBL,44.8,44.8,44.8,44.8,341.0
2021-06-01 13:32:00,NSE:SDBL,44.8,44.8,44.8,44.8,410.0
2021-06-01 13:33:00,NSE:SDBL,44.8,44.8,44.7,44.7,252.0
2021-06-01 13:35:00,NSE:SDBL,44.7,44.7,44.7,44.7,776.0
2021-06-01 13:37:00,NSE:SDBL,44.8,44.8,44.8,44.8,307.0
2021-06-01 13:39:00,NSE:SDBL,44.8,44.8,44.8,44.8,1610.0
2021-06-01 13:40:00,NSE:SDBL,44.8,44.8,44.8,44.8,215.0
2021-06-01 13:41:00,NSE:SDBL,44.8,44.8,44.8,44.8,1000.0
2021-06-01 13:42:00,NSE:SDBL,44.8,44.8,44.8,44.8,98.0
2021-06-01 13:44:00,NSE:SDBL,44.8,44.8,44.8,44.8,255.0
2021-06-01 13:46:00,NSE:SDBL,44.8,44.8,44.7,44.8,9978.0
2021-06-01 13:47:00,NSE:SDBL,44.75,44.8,44.75,44.8,5010.0
2021-06-01 13:48:00,NSE:SDBL,44.8,44.8,44.8,44.8,185.0
2021-06-01 13:49:00,NSE:SDBL,44.75,44.85,44.75,44.8,3358.0
2021-06-01 13:50:00,NSE:SDBL,44.85,44.85,44.85,44.85,500.0
2021-06-01 13:51:00,NSE:SDBL,44.85,44.85,44.85,44.85,500.0
2021-06-01 13:52:00,NSE:SDBL,44.85,44.85,44.85,44.85,545.0
2021-06-01 13:53:00,NSE:SDBL,44.85,44.9,44.85,44.9,1106.0
2021-06-01 13:54:00,NSE:SDBL,44.85,44.85,44.85,44.85,805.0
2021-06-01 13:55:00,NSE:SDBL,44.85,44.85,44.85,44.85,2111.0
2021-06-01 13:56:00,NSE:SDBL,44.85,44.85,44.85,44.85,120.0
2021-06-01 13:57:00,NSE:SDBL,44.8,44.85,44.8,44.85,2800.0
2021-06-01 13:58:00,NSE:SDBL,44.85,44.85,44.8,44.8,65.0
2021-06-01 13:59:00,NSE:SDBL,44.85,44.85,44.85,44.85,100.0
2021-06-01 14:00:00,NSE:SDBL,44.85,44.85,44.85,44.85,200.0
2021-06-01 14:01:00,NSE:SDBL,44.85,44.85,44.85,44.85,2.0
2021-06-01 14:03:00,NSE:SDBL,44.85,44.85,44.85,44.85,60.0
2021-06-01 14:04:00,NSE:SDBL,44.8,44.8,44.8,44.8,100.0
2021-06-01 14:05:00,NSE:SDBL,44.85,44.85,44.85,44.85,25.0
2021-06-01 14:06:00,NSE:SDBL,44.8,44.8,44.8,44.8,200.0
2021-06-01 14:07:00,NSE:SDBL,44.8,44.8,44.8,44.8,50.0
2021-06-01 14:08:00,NSE:SDBL,44.8,44.85,44.8,44.85,1100.0
2021-06-01 14:09:00,NSE:SDBL,44.85,44.85,44.85,44.85,100.0
2021-06-01 14:10:00,NSE:SDBL,44.85,44.85,44.85,44.85,201.0
2021-06-01 14:11:00,NSE:SDBL,44.85,44.85,44.8,44.8,518.0
2021-06-01 14:12:00,NSE:SDBL,44.8,44.85,44.8,44.85,314.0
2021-06-01 14:13:00,NSE:SDBL,44.75,44.75,44.75,44.75,5000.0
2021-06-01 14:14:00,NSE:SDBL,44.7,44.8,44.5,44.8,10641.0
2021-06-01 14:15:00,NSE:SDBL,44.65,44.65,44.65,44.65,1.0
2021-06-01 14:16:00,NSE:SDBL,44.65,44.65,44.65,44.65,53.0
2021-06-01 14:17:00,NSE:SDBL,44.55,44.55,44.55,44.55,200.0
2021-06-01 14:18:00,NSE:SDBL,44.5,44.7,44.5,44.7,550.0
2021-06-01 14:20:00,NSE:SDBL,44.7,44.7,44.7,44.7,100.0
2021-06-01 14:21:00,NSE:SDBL,44.7,44.7,44.7,44.7,50.0
2021-06-01 14:22:00,NSE:SDBL,44.65,44.7,44.65,44.7,60.0
2021-06-01 14:23:00,NSE:SDBL,44.8,44.8,44.75,44.75,112.0
2021-06-01 14:24:00,NSE:SDBL,44.75,44.75,44.75,44.75,400.0
2021-06-01 14:25:00,NSE:SDBL,44.5,44.8,44.5,44.8,678.0
2021-06-01 14:26:00,NSE:SDBL,44.8,44.8,44.75,44.8,850.0
2021-06-01 14:27:00,NSE:SDBL,44.85,44.85,44.85,44.85,1150.0
2021-06-01 14:28:00,NSE:SDBL,44.85,44.85,44.85,44.85,550.0
2021-06-01 14:29:00,NSE:SDBL,44.85,44.85,44.85,44.85,520.0
2021-06-01 14:30:00,NSE:SDBL,44.85,44.85,44.8,44.85,605.0
2021-06-01 14:31:00,NSE:SDBL,44.8,44.85,44.8,44.85,220.0
2021-06-01 14:33:00,NSE:SDBL,44.85,44.85,44.85,44.85,617.0
2021-06-01 14:34:00,NSE:SDBL,44.85,44.85,44.8,44.8,1003.0
2021-06-01 14:35:00,NSE:SDBL,44.75,44.8,44.75,44.8,192.0
2021-06-01 14:36:00,NSE:SDBL,44.8,44.8,44.8,44.8,15.0
2021-06-01 14:38:00,NSE:SDBL,44.85,44.85,44.8,44.8,405.0
2021-06-01 14:40:00,NSE:SDBL,44.8,44.85,44.8,44.85,850.0
2021-06-01 14:41:00,NSE:SDBL,44.8,44.85,44.8,44.8,62.0
2021-06-01 14:43:00,NSE:SDBL,44.85,44.85,44.85,44.85,104.0
2021-06-01 14:44:00,NSE:SDBL,44.8,44.8,44.8,44.8,100.0
2021-06-01 14:45:00,NSE:SDBL,44.85,44.85,44.85,44.85,500.0
2021-06-01 14:46:00,NSE:SDBL,44.85,44.85,44.85,44.85,3.0
2021-06-01 14:47:00,NSE:SDBL,44.85,44.85,44.75,44.85,934.0
2021-06-01 14:48:00,NSE:SDBL,44.85,44.85,44.85,44.85,950.0
2021-06-01 14:49:00,NSE:SDBL,44.85,44.85,44.85,44.85,70.0
2021-06-01 14:50:00,NSE:SDBL,44.85,44.85,44.8,44.8,23.0
2021-06-01 14:51:00,NSE:SDBL,44.8,44.8,44.8,44.8,31.0
2021-06-01 14:52:00,NSE:SDBL,44.75,44.75,44.75,44.75,500.0
2021-06-01 14:53:00,NSE:SDBL,44.8,44.8,44.75,44.75,1131.0
2021-06-01 14:54:00,NSE:SDBL,44.75,44.75,44.75,44.75,50.0
2021-06-01 14:55:00,NSE:SDBL,44.6,44.75,44.6,44.75,40.0
2021-06-01 14:56:00,NSE:SDBL,44.75,44.75,44.6,44.75,221.0
2021-06-01 14:57:00,NSE:SDBL,44.75,44.75,44.75,44.75,15.0
2021-06-01 14:58:00,NSE:SDBL,44.75,44.75,44.75,44.75,1099.0
2021-06-01 14:59:00,NSE:SDBL,44.75,44.8,44.75,44.8,20.0
2021-06-01 15:00:00,NSE:SDBL,44.8,44.8,44.75,44.75,124.0
2021-06-01 15:03:00,NSE:SDBL,44.75,44.8,44.75,44.8,640.0
2021-06-01 15:04:00,NSE:SDBL,44.8,44.8,44.8,44.8,100.0
2021-06-01 15:05:00,NSE:SDBL,44.75,44.8,44.75,44.8,1270.0
2021-06-01 15:06:00,NSE:SDBL,44.85,44.85,44.85,44.85,1904.0
2021-06-01 15:07:00,NSE:SDBL,44.8,44.85,44.8,44.85,411.0
2021-06-01 15:08:00,NSE:SDBL,44.85,44.85,44.85,44.85,420.0
2021-06-01 15:09:00,NSE:SDBL,44.85,44.85,44.85,44.85,50.0
2021-06-01 15:10:00,NSE:SDBL,44.8,44.8,44.55,44.75,1741.0
2021-06-01 15:11:00,NSE:SDBL,44.75,44.75,44.75,44.75,100.0
2021-06-01 15:12:00,NSE:SDBL,44.8,44.8,44.8,44.8,100.0
2021-06-01 15:13:00,NSE:SDBL,44.75,44.75,44.75,44.75,120.0
2021-06-01 15:14:00,NSE:SDBL,44.75,44.75,44.75,44.75,250.0
2021-06-01 15:15:00,NSE:SDBL,44.75,44.85,44.75,44.85,3226.0
2021-06-01 15:16:00,NSE:SDBL,44.8,44.85,44.8,44.8,620.0
2021-06-01 15:17:00,NSE:SDBL,44.8,44.8,44.75,44.75,1380.0
2021-06-01 15:18:00,NSE:SDBL,44.8,44.85,44.8,44.85,300.0
2021-06-01 15:19:00,NSE:SDBL,44.85,44.85,44.8,44.8,7220.0
2021-06-01 15:20:00,NSE:SDBL,44.8,44.85,44.8,44.85,721.0
2021-06-01 15:21:00,NSE:SDBL,44.85,44.85,44.85,44.85,257.0
2021-06-01 15:22:00,NSE:SDBL,44.85,44.85,44.8,44.8,250.0
2021-06-01 15:23:00,NSE:SDBL,44.85,44.85,44.8,44.85,712.0
2021-06-01 15:25:00,NSE:SDBL,44.8,44.85,44.8,44.8,3926.0
2021-06-01 15:26:00,NSE:SDBL,44.85,44.85,44.85,44.85,207.0
2021-06-01 15:27:00,NSE:SDBL,44.8,44.8,44.5,44.5,15373.0
2021-06-01 15:28:00,NSE:SDBL,44.8,44.8,44.75,44.75,1296.0
2021-06-01 15:29:00,NSE:SDBL,44.8,44.95,44.8,44.95,7509.0
2021-06-01 15:40:00,NSE:SDBL,44.75,44.75,44.75,44.75,30.0
2021-06-01 15:41:00,NSE:SDBL,44.75,44.75,44.75,44.75,200.0
2021-06-01 15:42:00,NSE:SDBL,44.75,44.75,44.75,44.75,100.0
2021-06-01 15:46:00,NSE:SDBL,44.75,44.95,44.75,44.95,200.0
2021-06-01 15:49:00,NSE:SDBL,44.75,44.75,44.75,44.75,100.0
2021-06-01 15:53:00,NSE:SDBL,44.75,44.75,44.75,44.75,1.0
2021-06-02 09:07:00,NSE:SDBL,44.95,44.95,44.95,44.95,579.0
2021-06-02 09:15:00,NSE:SDBL,44.8,45.05,44.75,44.9,4470.0
2021-06-02 09:16:00,NSE:SDBL,45.0,45.05,44.9,44.9,8003.0
2021-06-02 09:17:00,NSE:SDBL,44.9,45.0,44.9,45.0,9344.0
2021-06-02 09:18:00,NSE:SDBL,45.0,45.0,45.0,45.0,2990.0
2021-06-02 09:19:00,NSE:SDBL,44.95,44.95,44.85,44.85,2428.0
2021-06-02 09:20:00,NSE:SDBL,44.85,44.85,44.75,44.8,3044.0
2021-06-02 09:21:00,NSE:SDBL,44.75,44.85,44.75,44.75,3002.0
2021-06-02 09:22:00,NSE:SDBL,44.75,44.75,44.2,44.2,1684.0
2021-06-02 09:23:00,NSE:SDBL,44.2,44.2,44.1,44.15,6751.0
2021-06-02 09:24:00,NSE:SDBL,44.15,44.15,43.7,43.8,8480.0
2021-06-02 09:25:00,NSE:SDBL,43.8,43.8,43.7,43.8,1566.0
2021-06-02 09:26:00,NSE:SDBL,43.75,44.3,43.3,44.1,20209.0
2021-06-02 09:27:00,NSE:SDBL,44.35,44.6,44.35,44.6,6005.0
2021-06-02 09:28:00,NSE:SDBL,44.75,44.8,44.4,44.8,17742.0
2021-06-02 09:29:00,NSE:SDBL,44.75,44.95,44.6,44.9,8419.0
2021-06-02 09:30:00,NSE:SDBL,44.8,44.8,44.55,44.55,1036.0
2021-06-02 09:31:00,NSE:SDBL,44.65,44.65,44.55,44.55,1517.0
2021-06-02 09:32:00,NSE:SDBL,44.55,44.55,44.5,44.5,1174.0
2021-06-02 09:33:00,NSE:SDBL,44.5,44.5,44.45,44.5,953.0
2021-06-02 09:34:00,NSE:SDBL,44.5,44.5,44.45,44.45,678.0
2021-06-02 09:35:00,NSE:SDBL,44.55,44.55,44.45,44.45,600.0
2021-06-02 09:37:00,NSE:SDBL,44.4,44.55,44.4,44.55,3706.0
2021-06-02 09:38:00,NSE:SDBL,44.5,44.5,44.4,44.4,947.0
2021-06-02 09:39:00,NSE:SDBL,44.5,44.5,44.5,44.5,50.0
2021-06-02 09:40:00,NSE:SDBL,44.5,44.5,44.5,44.5,20.0
2021-06-02 09:41:00,NSE:SDBL,44.45,44.45,44.45,44.45,15.0
2021-06-02 09:42:00,NSE:SDBL,44.45,44.5,44.35,44.5,520.0
2021-06-02 09:43:00,NSE:SDBL,44.5,44.5,44.35,44.35,567.0
2021-06-02 09:44:00,NSE:SDBL,44.35,44.45,44.35,44.35,590.0
2021-06-02 09:45:00,NSE:SDBL,44.45,44.45,44.45,44.45,100.0
2021-06-02 09:47:00,NSE:SDBL,44.45,44.5,44.35,44.5,765.0
2021-06-02 09:48:00,NSE:SDBL,44.3,44.3,44.3,44.3,350.0
2021-06-02 09:49:00,NSE:SDBL,44.45,44.45,44.3,44.3,130.0
2021-06-02 09:50:00,NSE:SDBL,44.25,44.3,44.2,44.2,638.0
2021-06-02 09:51:00,NSE:SDBL,44.2,44.2,44.2,44.2,50.0
2021-06-02 09:52:00,NSE:SDBL,44.2,44.2,44.2,44.2,350.0
2021-06-02 09:53:00,NSE:SDBL,44.5,44.5,44.2,44.2,1000.0
2021-06-02 09:54:00,NSE:SDBL,44.3,44.45,44.25,44.45,603.0
2021-06-02 09:55:00,NSE:SDBL,44.4,44.4,44.4,44.4,65.0
2021-06-02 09:56:00,NSE:SDBL,44.2,44.25,44.2,44.25,556.0
2021-06-02 09:57:00,NSE:SDBL,44.2,44.2,44.15,44.15,205.0
2021-06-02 09:58:00,NSE:SDBL,44.2,44.2,44.2,44.2,5.0
2021-06-02 10:00:00,NSE:SDBL,44.4,44.4,44.4,44.4,1001.0
2021-06-02 10:02:00,NSE:SDBL,44.3,44.5,44.3,44.5,2530.0
2021-06-02 10:03:00,NSE:SDBL,44.5,44.5,44.5,44.5,255.0
2021-06-02 10:04:00,NSE:SDBL,44.5,44.5,44.5,44.5,50.0
2021-06-02 10:05:00,NSE:SDBL,44.2,44.2,44.15,44.15,4070.0
2021-06-02 10:06:00,NSE:SDBL,44.2,44.2,44.2,44.2,229.0
2021-06-02 10:07:00,NSE:SDBL,44.3,44.3,44.3,44.3,35.0
2021-06-02 10:09:00,NSE:SDBL,44.5,44.5,44.4,44.4,1112.0
2021-06-02 10:10:00,NSE:SDBL,44.4,44.4,44.4,44.4,104.0
2021-06-02 10:11:00,NSE:SDBL,44.35,44.4,44.3,44.3,1305.0
2021-06-02 10:12:00,NSE:SDBL,44.4,44.45,44.3,44.45,580.0
2021-06-02 10:13:00,NSE:SDBL,44.45,44.45,44.15,44.15,3023.0
2021-06-02 10:17:00,NSE:SDBL,44.4,44.4,44.4,44.4,112.0
2021-06-02 10:18:00,NSE:SDBL,44.4,44.55,44.4,44.55,4300.0
2021-06-02 10:19:00,NSE:SDBL,44.5,44.5,44.5,44.5,100.0
2021-06-02 10:20:00,NSE:SDBL,44.65,44.65,44.65,44.65,75.0
2021-06-02 10:21:00,NSE:SDBL,44.55,44.55,44.5,44.5,620.0
2021-06-02 10:22:00,NSE:SDBL,44.65,44.65,44.4,44.6,2565.0
2021-06-02 10:27:00,NSE:SDBL,44.6,44.6,44.6,44.6,200.0
2021-06-02 10:28:00,NSE:SDBL,44.6,44.6,44.55,44.6,510.0
2021-06-02 10:29:00,NSE:SDBL,44.6,44.6,44.45,44.45,200.0
2021-06-02 10:30:00,NSE:SDBL,44.45,44.45,44.45,44.45,100.0
2021-06-02 10:31:00,NSE:SDBL,44.45,44.45,44.45,44.45,4.0
2021-06-02 10:34:00,NSE:SDBL,44.45,44.45,44.45,44.45,403.0
2021-06-02 10:35:00,NSE:SDBL,44.5,44.5,44.45,44.45,550.0
2021-06-02 10:36:00,NSE:SDBL,44.5,44.7,44.5,44.7,4836.0
2021-06-02 10:37:00,NSE:SDBL,44.75,44.85,44.75,44.85,9100.0
2021-06-02 10:38:00,NSE:SDBL,44.9,44.9,44.8,44.85,4002.0
2021-06-02 10:40:00,NSE:SDBL,44.8,44.85,44.8,44.85,519.0
2021-06-02 10:41:00,NSE:SDBL,44.85,44.95,44.85,44.95,9323.0
2021-06-02 10:42:00,NSE:SDBL,44.85,44.9,44.85,44.9,17100.0
2021-06-02 10:43:00,NSE:SDBL,44.95,44.95,44.95,44.95,245.0
2021-06-02 10:44:00,NSE:SDBL,45.0,45.0,44.85,45.0,6010.0
2021-06-02 10:45:00,NSE:SDBL,45.0,45.0,45.0,45.0,2545.0
2021-06-02 10:46:00,NSE:SDBL,45.0,45.05,45.0,45.05,1470.0
2021-06-02 10:47:00,NSE:SDBL,45.1,45.4,45.1,45.4,4173.0
2021-06-02 10:48:00,NSE:SDBL,45.4,45.6,45.4,45.6,2663.0
2021-06-02 10:49:00,NSE:SDBL,45.6,45.7,45.6,45.65,2973.0
2021-06-02 10:50:00,NSE:SDBL,45.9,45.9,45.7,45.8,7644.0
2021-06-02 10:51:00,NSE:SDBL,45.85,45.9,45.85,45.85,2275.0
2021-06-02 10:52:00,NSE:SDBL,45.85,45.9,45.85,45.9,6906.0
2021-06-02 10:53:00,NSE:SDBL,45.85,45.9,45.85,45.9,8617.0
2021-06-02 10:54:00,NSE:SDBL,45.75,45.85,45.75,45.8,800.0
2021-06-02 10:55:00,NSE:SDBL,45.85,45.95,45.8,45.9,10334.0
2021-06-02 10:56:00,NSE:SDBL,45.85,45.95,45.8,45.9,4818.0
2021-06-02 10:57:00,NSE:SDBL,45.95,45.95,45.8,45.95,25464.0
2021-06-02 10:58:00,NSE:SDBL,45.85,45.95,45.8,45.95,1550.0
2021-06-02 10:59:00,NSE:SDBL,45.95,45.95,45.85,45.85,5500.0
2021-06-02 11:00:00,NSE:SDBL,45.8,45.9,45.75,45.75,11171.0
2021-06-02 11:01:00,NSE:SDBL,45.65,45.7,45.5,45.7,53223.0
2021-06-02 11:02:00,NSE:SDBL,45.65,45.9,45.15,45.9,3478.0
2021-06-02 11:04:00,NSE:SDBL,45.5,45.75,45.5,45.75,2058.0
2021-06-02 11:05:00,NSE:SDBL,45.8,45.8,45.65,45.65,977.0
2021-06-02 11:06:00,NSE:SDBL,45.65,45.75,45.65,45.75,2080.0
2021-06-02 11:07:00,NSE:SDBL,45.7,45.75,45.7,45.7,43.0
2021-06-02 11:08:00,NSE:SDBL,45.7,45.7,45.7,45.7,1429.0
2021-06-02 11:09:00,NSE:SDBL,45.7,45.7,45.7,45.7,50.0
2021-06-02 11:11:00,NSE:SDBL,45.7,45.7,45.7,45.7,377.0
2021-06-02 11:12:00,NSE:SDBL,45.7,45.75,45.7,45.7,112.0
2021-06-02 11:13:00,NSE:SDBL,45.7,45.7,45.7,45.7,150.0
2021-06-02 11:14:00,NSE:SDBL,45.5,45.5,45.5,45.5,200.0
2021-06-02 11:15:00,NSE:SDBL,45.45,45.55,45.45,45.55,52.0
2021-06-02 11:16:00,NSE:SDBL,45.5,45.5,45.5,45.5,488.0
2021-06-02 11:18:00,NSE:SDBL,45.5,45.6,45.5,45.6,698.0
2021-06-02 11:19:00,NSE:SDBL,45.5,45.5,45.5,45.5,10.0
2021-06-02 11:20:00,NSE:SDBL,45.7,45.7,45.7,45.7,200.0
2021-06-02 11:22:00,NSE:SDBL,45.65,45.65,45.65,45.65,501.0
2021-06-02 11:23:00,NSE:SDBL,45.65,45.7,45.65,45.7,3094.0
2021-06-02 11:24:00,NSE:SDBL,45.55,45.55,45.55,45.55,10.0
2021-06-02 11:25:00,NSE:SDBL,45.55,45.55,45.55,45.55,500.0
2021-06-02 11:26:00,NSE:SDBL,45.6,45.6,45.6,45.6,100.0
2021-06-02 11:27:00,NSE:SDBL,45.6,45.65,45.6,45.65,190.0
2021-06-02 11:28:00,NSE:SDBL,45.65,45.65,45.65,45.65,387.0
2021-06-02 11:29:00,NSE:SDBL,45.65,45.65,45.65,45.65,104.0
2021-06-02 11:30:00,NSE:SDBL,45.6,45.6,45.6,45.6,50.0
2021-06-02 11:31:00,NSE:SDBL,45.6,45.65,45.6,45.65,251.0
2021-06-02 11:32:00,NSE:SDBL,45.65,45.65,45.65,45.65,500.0
2021-06-02 11:33:00,NSE:SDBL,45.7,45.7,45.6,45.6,501.0
2021-06-02 11:34:00,NSE:SDBL,45.65,45.65,45.65,45.65,1.0
2021-06-02 11:35:00,NSE:SDBL,45.65,45.65,45.65,45.65,75.0
2021-06-02 11:38:00,NSE:SDBL,45.65,45.65,45.65,45.65,13.0
2021-06-02 11:39:00,NSE:SDBL,45.55,45.55,45.55,45.55,47.0
2021-06-02 11:42:00,NSE:SDBL,45.7,45.7,45.7,45.7,5.0
2021-06-02 11:43:00,NSE:SDBL,45.65,45.65,45.65,45.65,117.0
2021-06-02 11:44:00,NSE:SDBL,45.65,45.65,45.65,45.65,214.0
2021-06-02 11:45:00,NSE:SDBL,45.65,45.65,45.65,45.65,344.0
2021-06-02 11:46:00,NSE:SDBL,45.65,45.65,45.65,45.65,13.0
2021-06-02 11:51:00,NSE:SDBL,45.65,45.65,45.65,45.65,120.0
2021-06-02 11:55:00,NSE:SDBL,45.55,45.65,45.55,45.65,449.0
2021-06-02 11:56:00,NSE:SDBL,45.55,45.55,45.55,45.55,636.0
2021-06-02 11:57:00,NSE:SDBL,45.65,45.65,45.65,45.65,855.0
2021-06-02 11:59:00,NSE:SDBL,45.65,45.7,45.65,45.7,677.0
2021-06-02 12:01:00,NSE:SDBL,45.7,45.7,45.7,45.7,328.0
2021-06-02 12:03:00,NSE:SDBL,45.7,45.7,45.7,45.7,2.0
2021-06-02 12:04:00,NSE:SDBL,45.7,45.7,45.7,45.7,180.0
2021-06-02 12:05:00,NSE:SDBL,45.6,45.6,45.45,45.45,8261.0
2021-06-02 12:06:00,NSE:SDBL,45.45,45.45,45.45,45.45,505.0
2021-06-02 12:07:00,NSE:SDBL,45.45,45.45,45.45,45.45,300.0
2021-06-02 12:08:00,NSE:SDBL,45.45,45.45,45.45,45.45,100.0
2021-06-02 12:10:00,NSE:SDBL,45.45,45.45,45.45,45.45,150.0
2021-06-02 12:12:00,NSE:SDBL,45.45,45.5,45.45,45.5,1100.0
2021-06-02 12:13:00,NSE:SDBL,45.4,45.4,45.4,45.4,100.0
2021-06-02 12:14:00,NSE:SDBL,45.4,45.4,45.4,45.4,237.0
2021-06-02 12:16:00,NSE:SDBL,45.45,45.45,45.45,45.45,1.0
2021-06-02 12:17:00,NSE:SDBL,45.45,45.45,45.45,45.45,10.0
2021-06-02 12:18:00,NSE:SDBL,45.45,45.45,45.45,45.45,100.0
2021-06-02 12:19:00,NSE:SDBL,45.35,45.35,45.35,45.35,200.0
2021-06-02 12:22:00,NSE:SDBL,45.35,45.35,45.35,45.35,86.0
2021-06-02 12:23:00,NSE:SDBL,45.35,45.5,45.35,45.5,507.0
2021-06-02 12:24:00,NSE:SDBL,45.5,45.5,45.5,45.5,100.0
2021-06-02 12:25:00,NSE:SDBL,45.35,45.35,45.35,45.35,3.0
2021-06-02 12:26:00,NSE:SDBL,45.35,45.35,45.35,45.35,1300.0
2021-06-02 12:31:00,NSE:SDBL,45.45,45.45,45.0,45.0,10650.0
2021-06-02 12:32:00,NSE:SDBL,45.3,45.3,45.3,45.3,211.0
2021-06-02 12:33:00,NSE:SDBL,45.3,45.3,45.3,45.3,7.0
2021-06-02 12:34:00,NSE:SDBL,45.3,45.3,45.3,45.3,106.0
2021-06-02 12:35:00,NSE:SDBL,45.35,45.4,45.35,45.4,109.0
2021-06-02 12:36:00,NSE:SDBL,45.3,45.3,45.3,45.3,200.0
2021-06-02 12:38:00,NSE:SDBL,45.4,45.4,45.4,45.4,1000.0
2021-06-02 12:39:00,NSE:SDBL,45.4,45.4,45.4,45.4,40.0
2021-06-02 12:41:00,NSE:SDBL,45.4,45.4,45.4,45.4,99.0
2021-06-02 12:42:00,NSE:SDBL,45.45,45.45,45.45,45.45,10.0
2021-06-02 12:44:00,NSE:SDBL,45.4,45.4,45.3,45.3,1144.0
2021-06-02 12:46:00,NSE:SDBL,45.2,45.2,45.2,45.2,200.0
2021-06-02 12:48:00,NSE:SDBL,45.25,45.25,45.25,45.25,47.0
2021-06-02 12:49:00,NSE:SDBL,45.25,45.45,45.25,45.45,870.0
2021-06-02 12:50:00,NSE:SDBL,45.45,45.45,45.45,45.45,200.0
2021-06-02 12:52:00,NSE:SDBL,45.45,45.45,45.45,45.45,100.0
2021-06-02 12:53:00,NSE:SDBL,45.45,45.45,45.45,45.45,200.0
2021-06-02 12:54:00,NSE:SDBL,45.5,45.5,45.5,45.5,200.0
2021-06-02 12:55:00,NSE:SDBL,45.4,45.4,45.4,45.4,1805.0
2021-06-02 12:58:00,NSE:SDBL,45.5,45.5,45.5,45.5,70.0
2021-06-02 13:00:00,NSE:SDBL,45.5,45.5,45.35,45.35,5123.0
2021-06-02 13:02:00,NSE:SDBL,45.5,45.5,45.5,45.5,1218.0
2021-06-02 13:03:00,NSE:SDBL,45.5,45.5,45.25,45.25,1100.0
2021-06-02 13:05:00,NSE:SDBL,45.35,45.35,45.35,45.35,25.0
2021-06-02 13:07:00,NSE:SDBL,45.1,45.1,45.1,45.1,3477.0
2021-06-02 13:08:00,NSE:SDBL,45.3,45.3,45.3,45.3,100.0
2021-06-02 13:10:00,NSE:SDBL,45.3,45.3,45.3,45.3,120.0
2021-06-02 13:11:00,NSE:SDBL,45.35,45.35,45.15,45.15,170.0
2021-06-02 13:15:00,NSE:SDBL,45.2,45.2,45.2,45.2,100.0
2021-06-02 13:20:00,NSE:SDBL,45.2,45.2,45.2,45.2,104.0
2021-06-02 13:24:00,NSE:SDBL,45.25,45.25,45.25,45.25,600.0
2021-06-02 13:25:00,NSE:SDBL,45.25,45.25,45.25,45.25,300.0
2021-06-02 13:26:00,NSE:SDBL,45.2,45.25,45.2,45.25,408.0
2021-06-02 13:27:00,NSE:SDBL,45.25,45.25,45.25,45.25,90.0
2021-06-02 13:32:00,NSE:SDBL,45.3,45.3,45.3,45.3,101.0
2021-06-02 13:34:00,NSE:SDBL,45.3,45.3,45.25,45.25,207.0
2021-06-02 13:35:00,NSE:SDBL,45.2,45.2,45.2,45.2,7.0
2021-06-02 13:36:00,NSE:SDBL,45.3,45.3,45.3,45.3,10.0
2021-06-02 13:37:00,NSE:SDBL,45.2,45.3,45.2,45.3,850.0
2021-06-02 13:38:00,NSE:SDBL,45.2,45.2,45.2,45.2,137.0
2021-06-02 13:39:00,NSE:SDBL,45.15,45.15,45.15,45.15,444.0
2021-06-02 13:40:00,NSE:SDBL,45.15,45.3,45.15,45.3,94.0
2021-06-02 13:41:00,NSE:SDBL,45.3,45.3,45.2,45.2,102.0
2021-06-02 13:54:00,NSE:SDBL,45.1,45.1,45.0,45.0,5115.0
2021-06-02 13:55:00,NSE:SDBL,45.1,45.1,45.1,45.1,206.0
2021-06-02 13:56:00,NSE:SDBL,44.9,44.9,44.9,44.9,400.0
2021-06-02 13:57:00,NSE:SDBL,45.05,45.05,45.05,45.05,202.0
2021-06-02 13:58:00,NSE:SDBL,44.9,45.05,44.9,44.95,152.0
2021-06-02 13:59:00,NSE:SDBL,45.05,45.05,45.05,45.05,50.0
2021-06-02 14:01:00,NSE:SDBL,45.05,45.05,45.05,45.05,406.0
2021-06-02 14:04:00,NSE:SDBL,45.05,45.05,45.05,45.05,198.0
2021-06-02 14:05:00,NSE:SDBL,45.1,45.1,45.1,45.1,766.0
2021-06-02 14:06:00,NSE:SDBL,45.15,45.15,45.15,45.15,94.0
2021-06-02 14:07:00,NSE:SDBL,45.15,45.15,45.15,45.15,3.0
2021-06-02 14:09:00,NSE:SDBL,45.1,45.1,45.1,45.1,137.0
2021-06-02 14:10:00,NSE:SDBL,45.15,45.15,45.15,45.15,50.0
2021-06-02 14:12:00,NSE:SDBL,45.15,45.15,45.15,45.15,200.0
2021-06-02 14:15:00,NSE:SDBL,45.15,45.15,45.15,45.15,558.0
2021-06-02 14:17:00,NSE:SDBL,45.1,45.1,45.1,45.1,10.0
2021-06-02 14:19:00,NSE:SDBL,45.1,45.1,45.1,45.1,90.0
2021-06-02 14:21:00,NSE:SDBL,45.2,45.25,45.1,45.1,237.0
2021-06-02 14:23:00,NSE:SDBL,45.1,45.1,45.1,45.1,200.0
2021-06-02 14:24:00,NSE:SDBL,45.0,45.0,45.0,45.0,71.0
2021-06-02 14:25:00,NSE:SDBL,45.2,45.2,45.2,45.2,1455.0
2021-06-02 14:27:00,NSE:SDBL,45.2,45.2,45.2,45.2,11.0
2021-06-02 14:28:00,NSE:SDBL,45.2,45.2,45.2,45.2,500.0
2021-06-02 14:29:00,NSE:SDBL,45.2,45.2,45.2,45.2,2.0
2021-06-02 14:32:00,NSE:SDBL,45.2,45.2,45.2,45.2,2.0
2021-06-02 14:34:00,NSE:SDBL,45.15,45.2,45.15,45.2,110.0
2021-06-02 14:35:00,NSE:SDBL,45.2,45.2,45.2,45.2,10.0
2021-06-02 14:36:00,NSE:SDBL,45.15,45.25,45.15,45.15,611.0
2021-06-02 14:37:00,NSE:SDBL,45.15,45.15,45.15,45.15,100.0
2021-06-02 14:38:00,NSE:SDBL,45.25,45.25,45.15,45.15,300.0
2021-06-02 14:39:00,NSE:SDBL,45.25,45.25,45.25,45.25,400.0
2021-06-02 14:40:00,NSE:SDBL,45.25,45.25,45.25,45.25,2.0
2021-06-02 14:41:00,NSE:SDBL,45.25,45.25,45.25,45.25,1122.0
2021-06-02 14:42:00,NSE:SDBL,45.15,45.15,45.15,45.15,250.0
2021-06-02 14:43:00,NSE:SDBL,45.15,45.15,45.15,45.15,750.0
2021-06-02 14:44:00,NSE:SDBL,45.15,45.15,45.1,45.1,1681.0
2021-06-02 14:45:00,NSE:SDBL,45.1,45.15,45.1,45.1,818.0
2021-06-02 14:46:00,NSE:SDBL,45.1,45.1,45.1,45.1,550.0
2021-06-02 14:47:00,NSE:SDBL,45.15,45.15,45.1,45.1,623.0
2021-06-02 14:48:00,NSE:SDBL,45.1,45.1,45.1,45.1,75.0
2021-06-02 14:49:00,NSE:SDBL,45.25,45.25,45.25,45.25,200.0
2021-06-02 14:51:00,NSE:SDBL,45.25,45.25,45.1,45.1,111.0
2021-06-02 14:53:00,NSE:SDBL,45.25,45.25,45.15,45.15,844.0
2021-06-02 14:54:00,NSE:SDBL,45.25,45.25,45.25,45.25,43.0
2021-06-02 14:55:00,NSE:SDBL,45.25,45.25,45.25,45.25,50.0
2021-06-02 14:58:00,NSE:SDBL,45.25,45.25,45.25,45.25,1.0
2021-06-02 15:00:00,NSE:SDBL,45.25,45.3,45.25,45.3,1025.0
2021-06-02 15:01:00,NSE:SDBL,45.0,45.15,45.0,45.15,5107.0
2021-06-02 15:02:00,NSE:SDBL,45.15,45.15,45.15,45.15,115.0
2021-06-02 15:03:00,NSE:SDBL,45.05,45.05,45.05,45.05,5.0
2021-06-02 15:04:00,NSE:SDBL,45.1,45.25,45.1,45.1,335.0
2021-06-02 15:06:00,NSE:SDBL,45.3,45.3,45.1,45.1,450.0
2021-06-02 15:07:00,NSE:SDBL,45.15,45.15,45.15,45.15,1.0
2021-06-02 15:09:00,NSE:SDBL,45.1,45.1,45.1,45.1,750.0
2021-06-02 15:11:00,NSE:SDBL,45.1,45.1,45.1,45.1,1000.0
2021-06-02 15:12:00,NSE:SDBL,45.1,45.15,45.05,45.15,405.0
2021-06-02 15:13:00,NSE:SDBL,45.2,45.2,45.1,45.1,150.0
2021-06-02 15:14:00,NSE:SDBL,45.1,45.15,45.1,45.15,203.0
2021-06-02 15:15:00,NSE:SDBL,45.15,45.2,45.1,45.2,744.0
2021-06-02 15:16:00,NSE:SDBL,45.15,45.15,45.15,45.15,1000.0
2021-06-02 15:17:00,NSE:SDBL,45.2,45.2,44.8,45.2,14106.0
2021-06-02 15:18:00,NSE:SDBL,45.25,45.25,45.25,45.25,450.0
2021-06-02 15:20:00,NSE:SDBL,45.2,45.2,45.2,45.2,216.0
2021-06-02 15:21:00,NSE:SDBL,45.2,45.2,45.05,45.05,650.0
2021-06-02 15:22:00,NSE:SDBL,45.1,45.1,45.0,45.05,7516.0
2021-06-02 15:23:00,NSE:SDBL,44.9,45.1,44.9,45.1,104.0
2021-06-02 15:24:00,NSE:SDBL,45.1,45.1,45.0,45.0,8.0
2021-06-02 15:25:00,NSE:SDBL,45.1,45.1,45.0,45.0,170.0
2021-06-02 15:26:00,NSE:SDBL,45.0,45.25,45.0,45.1,4725.0
2021-06-02 15:27:00,NSE:SDBL,44.55,44.55,44.55,44.55,9310.0
2021-06-02 15:28:00,NSE:SDBL,45.0,45.0,45.0,45.0,125.0
2021-06-02 15:29:00,NSE:SDBL,45.15,45.45,45.0,45.3,7788.0
2021-06-02 15:40:00,NSE:SDBL,45.05,45.05,45.05,45.05,200.0
2021-06-03 09:07:00,NSE:SDBL,45.9,45.9,45.9,45.9,615.0
2021-06-03 09:15:00,NSE:SDBL,45.2,45.2,44.05,45.2,1043.0
2021-06-03 09:16:00,NSE:SDBL,45.0,45.0,44.5,44.5,2653.0
2021-06-03 09:17:00,NSE:SDBL,44.8,44.8,44.8,44.8,40.0
2021-06-03 09:18:00,NSE:SDBL,44.8,45.5,44.8,44.85,2339.0
2021-06-03 09:19:00,NSE:SDBL,45.0,45.85,45.0,45.75,960.0
2021-06-03 09:20:00,NSE:SDBL,45.0,45.85,44.55,44.55,761.0
2021-06-03 09:21:00,NSE:SDBL,45.5,45.85,45.5,45.5,206.0
2021-06-03 09:22:00,NSE:SDBL,45.85,45.85,45.05,45.05,84.0
2021-06-03 09:23:00,NSE:SDBL,45.5,45.5,45.5,45.5,100.0
2021-06-03 09:24:00,NSE:SDBL,45.5,45.5,45.5,45.5,25.0
2021-06-03 09:25:00,NSE:SDBL,45.5,45.5,45.5,45.5,1000.0
2021-06-03 09:26:00,NSE:SDBL,45.5,45.5,45.5,45.5,572.0
2021-06-03 09:27:00,NSE:SDBL,45.45,45.45,45.0,45.0,1191.0
2021-06-03 09:28:00,NSE:SDBL,45.0,45.0,45.0,45.0,627.0
2021-06-03 09:30:00,NSE:SDBL,45.4,45.4,45.4,45.4,306.0
2021-06-03 09:32:00,NSE:SDBL,45.4,45.4,45.4,45.4,60.0
2021-06-03 09:33:00,NSE:SDBL,45.4,45.4,45.4,45.4,5.0
2021-06-03 09:34:00,NSE:SDBL,45.4,45.4,45.4,45.4,150.0
2021-06-03 09:35:00,NSE:SDBL,45.4,45.4,45.4,45.4,2.0
2021-06-03 09:36:00,NSE:SDBL,45.2,45.2,45.2,45.2,500.0
2021-06-03 09:37:00,NSE:SDBL,45.4,45.4,45.4,45.4,1000.0
2021-06-03 09:38:00,NSE:SDBL,45.4,45.4,45.4,45.4,700.0
2021-06-03 09:39:00,NSE:SDBL,45.15,45.15,45.15,45.15,250.0
2021-06-03 09:40:00,NSE:SDBL,45.4,45.4,45.4,45.4,150.0
2021-06-03 09:41:00,NSE:SDBL,45.4,45.4,45.4,45.4,71.0
2021-06-03 09:42:00,NSE:SDBL,45.4,45.4,45.4,45.4,10.0
2021-06-03 09:43:00,NSE:SDBL,45.4,45.4,45.15,45.15,15.0
2021-06-03 09:44:00,NSE:SDBL,45.4,45.4,45.4,45.4,201.0
2021-06-03 09:45:00,NSE:SDBL,45.4,45.4,45.4,45.4,650.0
2021-06-03 09:46:00,NSE:SDBL,45.4,45.4,45.4,45.4,1000.0
2021-06-03 09:47:00,NSE:SDBL,45.15,45.15,45.15,45.15,1201.0
2021-06-03 09:48:00,NSE:SDBL,45.1,45.1,45.05,45.05,145.0
2021-06-03 09:49:00,NSE:SDBL,45.05,45.05,45.05,45.05,20.0
2021-06-03 09:50:00,NSE:SDBL,45.1,45.1,45.1,45.1,600.0
2021-06-03 09:52:00,NSE:SDBL,45.1,45.1,45.1,45.1,500.0
2021-06-03 09:53:00,NSE:SDBL,45.05,45.05,45.05,45.05,10.0
2021-06-03 09:54:00,NSE:SDBL,45.1,45.1,45.1,45.1,50.0
2021-06-03 09:56:00,NSE:SDBL,45.05,45.05,45.0,45.0,2323.0
2021-06-03 09:57:00,NSE:SDBL,45.0,45.0,45.0,45.0,100.0
2021-06-03 09:58:00,NSE:SDBL,44.8,44.8,44.8,44.8,200.0
2021-06-03 09:59:00,NSE:SDBL,44.85,44.85,44.85,44.85,100.0
2021-06-03 10:00:00,NSE:SDBL,45.0,45.0,45.0,45.0,70.0
2021-06-03 10:01:00,NSE:SDBL,45.0,45.0,45.0,45.0,1377.0
2021-06-03 10:02:00,NSE:SDBL,45.05,45.05,45.0,45.0,5130.0
2021-06-03 10:03:00,NSE:SDBL,45.0,45.1,45.0,45.1,511.0
2021-06-03 10:04:00,NSE:SDBL,45.4,45.4,45.4,45.4,75.0
2021-06-03 10:08:00,NSE:SDBL,45.4,45.4,45.4,45.4,30.0
2021-06-03 10:09:00,NSE:SDBL,45.4,45.4,45.4,45.4,50.0
2021-06-03 10:10:00,NSE:SDBL,45.4,45.4,45.4,45.4,1385.0
2021-06-03 10:11:00,NSE:SDBL,47.0,47.0,46.95,46.95,15896.0
2021-06-03 10:14:00,NSE:SDBL,46.75,46.75,46.05,46.75,551.0
2021-06-03 10:15:00,NSE:SDBL,46.7,46.7,46.7,46.7,21.0
2021-06-03 10:16:00,NSE:SDBL,46.95,46.95,46.85,46.85,587.0
2021-06-03 10:17:00,NSE:SDBL,46.85,46.85,45.55,45.55,595.0
2021-06-03 10:18:00,NSE:SDBL,46.85,46.9,45.55,45.55,566.0
2021-06-03 10:19:00,NSE:SDBL,46.9,46.9,45.9,46.9,574.0
2021-06-03 10:20:00,NSE:SDBL,46.8,46.8,45.9,45.9,2649.0
2021-06-03 10:21:00,NSE:SDBL,45.9,46.8,45.2,46.7,921.0
2021-06-03 10:22:00,NSE:SDBL,46.7,46.7,46.7,46.7,107.0
2021-06-03 10:23:00,NSE:SDBL,46.7,46.7,46.7,46.7,316.0
2021-06-03 10:24:00,NSE:SDBL,46.7,46.7,46.7,46.7,285.0
2021-06-03 10:25:00,NSE:SDBL,46.7,46.7,46.0,46.0,220.0
2021-06-03 10:26:00,NSE:SDBL,46.0,46.7,46.0,46.7,1372.0
2021-06-03 10:27:00,NSE:SDBL,46.7,46.7,46.6,46.6,501.0
2021-06-03 10:28:00,NSE:SDBL,46.6,46.6,46.6,46.6,590.0
2021-06-03 10:29:00,NSE:SDBL,46.6,46.6,46.4,46.4,33.0
2021-06-03 10:30:00,NSE:SDBL,46.4,46.4,46.4,46.4,13.0
2021-06-03 10:31:00,NSE:SDBL,46.35,46.45,45.25,46.45,1376.0
2021-06-03 10:32:00,NSE:SDBL,46.6,46.6,46.5,46.5,683.0
2021-06-03 10:33:00,NSE:SDBL,46.5,46.55,46.0,46.0,441.0
2021-06-03 10:34:00,NSE:SDBL,46.5,46.5,46.5,46.5,203.0
2021-06-03 10:35:00,NSE:SDBL,46.5,46.5,46.5,46.5,5.0
2021-06-03 10:36:00,NSE:SDBL,46.5,46.5,46.5,46.5,477.0
2021-06-03 10:37:00,NSE:SDBL,46.05,46.25,46.05,46.25,304.0
2021-06-03 10:38:00,NSE:SDBL,46.25,46.25,46.25,46.25,125.0
2021-06-03 10:39:00,NSE:SDBL,46.25,46.5,46.25,46.5,82.0
2021-06-03 10:42:00,NSE:SDBL,46.5,46.5,46.25,46.25,580.0
2021-06-03 10:43:00,NSE:SDBL,46.25,46.25,46.25,46.25,100.0
2021-06-03 10:44:00,NSE:SDBL,46.5,46.5,46.0,46.5,623.0
2021-06-03 10:45:00,NSE:SDBL,46.5,46.5,46.5,46.5,102.0
2021-06-03 10:46:00,NSE:SDBL,46.5,46.5,46.0,46.0,700.0
2021-06-03 10:47:00,NSE:SDBL,46.5,46.5,46.5,46.5,21.0
2021-06-03 10:48:00,NSE:SDBL,46.5,46.5,46.5,46.5,6.0
2021-06-03 10:50:00,NSE:SDBL,46.0,46.5,46.0,46.5,116.0
2021-06-03 10:51:00,NSE:SDBL,46.5,46.5,46.5,46.5,20.0
2021-06-03 10:53:00,NSE:SDBL,46.5,46.5,46.45,46.45,120.0
2021-06-03 10:55:00,NSE:SDBL,46.4,46.4,46.4,46.4,13.0
2021-06-03 10:56:00,NSE:SDBL,46.4,46.4,46.4,46.4,25.0
2021-06-03 10:58:00,NSE:SDBL,46.4,46.4,46.4,46.4,428.0
2021-06-03 10:59:00,NSE:SDBL,46.4,46.4,46.4,46.4,44.0
2021-06-03 11:03:00,NSE:SDBL,46.1,46.4,46.1,46.4,401.0
2021-06-03 11:05:00,NSE:SDBL,46.4,46.4,46.4,46.4,300.0
2021-06-03 11:06:00,NSE:SDBL,46.1,46.1,45.5,45.5,1510.0
2021-06-03 11:07:00,NSE:SDBL,46.4,46.4,46.4,46.4,20.0
2021-06-03 11:08:00,NSE:SDBL,45.6,45.6,45.6,45.6,1500.0
2021-06-03 11:09:00,NSE:SDBL,45.6,45.6,45.6,45.6,2000.0
2021-06-03 11:10:00,NSE:SDBL,45.6,45.6,45.6,45.6,131.0
2021-06-03 11:11:00,NSE:SDBL,46.4,46.4,46.4,46.4,12.0
2021-06-03 11:14:00,NSE:SDBL,46.4,46.4,46.4,46.4,10.0
2021-06-03 11:15:00,NSE:SDBL,45.6,46.4,45.6,46.4,101.0
2021-06-03 11:16:00,NSE:SDBL,46.4,46.4,46.4,46.4,1.0
2021-06-03 11:19:00,NSE:SDBL,46.4,46.4,46.4,46.4,10.0
2021-06-03 11:25:00,NSE:SDBL,45.6,46.35,45.5,46.35,306.0
2021-06-03 11:26:00,NSE:SDBL,46.35,46.35,46.35,46.35,2.0
2021-06-03 11:27:00,NSE:SDBL,46.0,46.0,46.0,46.0,112.0
2021-06-03 11:33:00,NSE:SDBL,46.3,46.3,46.25,46.25,243.0
2021-06-03 11:34:00,NSE:SDBL,46.25,46.25,46.25,46.25,5.0
2021-06-03 11:35:00,NSE:SDBL,46.25,46.25,46.25,46.25,300.0
2021-06-03 11:37:00,NSE:SDBL,46.1,46.1,46.0,46.0,300.0
2021-06-03 11:39:00,NSE:SDBL,45.55,45.55,45.55,45.55,300.0
2021-06-03 11:40:00,NSE:SDBL,46.25,46.25,46.25,46.25,12.0
2021-06-03 11:41:00,NSE:SDBL,45.55,45.55,45.55,45.55,68.0
2021-06-03 11:42:00,NSE:SDBL,45.4,46.25,45.4,46.25,1124.0
2021-06-03 11:44:00,NSE:SDBL,45.55,45.55,45.55,45.55,250.0
2021-06-03 11:49:00,NSE:SDBL,46.2,46.2,46.2,46.2,2.0
2021-06-03 11:50:00,NSE:SDBL,46.25,46.25,46.25,46.25,200.0
2021-06-03 11:51:00,NSE:SDBL,46.25,46.25,46.25,46.25,150.0
2021-06-03 11:53:00,NSE:SDBL,46.25,46.25,46.25,46.25,50.0
2021-06-03 11:54:00,NSE:SDBL,45.65,46.25,45.65,46.25,235.0
2021-06-03 11:56:00,NSE:SDBL,46.25,46.25,46.25,46.25,501.0
2021-06-03 12:01:00,NSE:SDBL,46.2,46.2,46.2,46.2,45.0
2021-06-03 12:03:00,NSE:SDBL,45.75,46.2,45.75,45.75,290.0
2021-06-03 12:07:00,NSE:SDBL,46.0,46.0,45.8,45.8,109.0
2021-06-03 12:08:00,NSE:SDBL,45.8,46.0,45.8,45.8,230.0
2021-06-03 12:09:00,NSE:SDBL,45.8,45.8,45.8,45.8,30.0
2021-06-03 12:10:00,NSE:SDBL,45.8,46.0,45.8,46.0,48.0
2021-06-03 12:11:00,NSE:SDBL,45.75,45.75,45.75,45.75,20.0
2021-06-03 12:12:00,NSE:SDBL,45.75,45.75,45.75,45.75,50.0
2021-06-03 12:14:00,NSE:SDBL,46.15,46.15,46.15,46.15,150.0
2021-06-03 12:17:00,NSE:SDBL,46.15,46.15,46.15,46.15,101.0
2021-06-03 12:18:00,NSE:SDBL,45.75,45.75,45.75,45.75,50.0
2021-06-03 12:19:00,NSE:SDBL,46.15,46.15,46.15,46.15,5.0
2021-06-03 12:24:00,NSE:SDBL,46.0,46.0,45.8,45.8,20.0
2021-06-03 12:36:00,NSE:SDBL,45.9,45.9,45.9,45.9,100.0
2021-06-03 12:37:00,NSE:SDBL,45.9,45.9,45.9,45.9,54.0
2021-06-03 12:38:00,NSE:SDBL,46.15,46.15,46.15,46.15,1.0
2021-06-03 12:40:00,NSE:SDBL,46.0,46.0,45.9,45.9,200.0
2021-06-03 12:43:00,NSE:SDBL,46.15,46.15,46.15,46.15,921.0
2021-06-03 12:46:00,NSE:SDBL,46.15,46.15,45.9,45.9,265.0
2021-06-03 12:47:00,NSE:SDBL,45.9,45.9,45.9,45.9,75.0
2021-06-03 12:48:00,NSE:SDBL,45.9,45.9,45.9,45.9,39.0
2021-06-03 12:53:00,NSE:SDBL,45.9,45.9,45.75,45.75,172.0
2021-06-03 12:54:00,NSE:SDBL,45.4,45.7,45.4,45.4,2150.0
2021-06-03 12:55:00,NSE:SDBL,45.4,46.1,45.2,46.1,648.0
2021-06-03 12:58:00,NSE:SDBL,46.05,46.1,46.05,46.1,115.0
2021-06-03 12:59:00,NSE:SDBL,45.25,45.25,45.25,45.25,4.0
2021-06-03 13:04:00,NSE:SDBL,46.0,46.0,46.0,46.0,160.0
2021-06-03 13:06:00,NSE:SDBL,46.0,46.0,46.0,46.0,21841.0
2021-06-03 13:11:00,NSE:SDBL,45.25,45.25,45.25,45.25,49.0
2021-06-03 13:19:00,NSE:SDBL,46.0,46.0,46.0,46.0,1.0
2021-06-03 13:21:00,NSE:SDBL,46.0,46.0,46.0,46.0,10.0
2021-06-03 13:22:00,NSE:SDBL,46.0,46.1,46.0,46.1,300.0
2021-06-03 13:23:00,NSE:SDBL,46.0,46.0,46.0,46.0,9.0
2021-06-03 13:27:00,NSE:SDBL,45.75,45.75,45.75,45.75,300.0
2021-06-03 13:28:00,NSE:SDBL,46.0,46.0,46.0,46.0,1000.0
2021-06-03 13:29:00,NSE:SDBL,46.0,46.0,46.0,46.0,50.0
2021-06-03 13:30:00,NSE:SDBL,46.0,46.0,46.0,46.0,37.0
2021-06-03 13:31:00,NSE:SDBL,46.0,46.0,46.0,46.0,200.0
2021-06-03 13:32:00,NSE:SDBL,46.0,46.0,46.0,46.0,456.0
2021-06-03 13:36:00,NSE:SDBL,46.0,46.0,46.0,46.0,2.0
2021-06-03 13:38:00,NSE:SDBL,46.0,46.0,46.0,46.0,100.0
2021-06-03 13:39:00,NSE:SDBL,45.25,45.25,45.25,45.25,700.0
2021-06-03 13:40:00,NSE:SDBL,45.25,45.25,45.25,45.25,20.0
2021-06-03 13:41:00,NSE:SDBL,45.25,46.0,45.25,46.0,201.0
2021-06-03 13:44:00,NSE:SDBL,46.0,46.0,46.0,46.0,85.0
2021-06-03 13:47:00,NSE:SDBL,46.0,46.0,46.0,46.0,200.0
2021-06-03 13:49:00,NSE:SDBL,46.0,46.0,46.0,46.0,20.0
2021-06-03 13:51:00,NSE:SDBL,45.3,45.3,45.3,45.3,65.0
2021-06-03 13:53:00,NSE:SDBL,46.1,46.1,45.3,45.3,1050.0
2021-06-03 13:56:00,NSE:SDBL,45.3,45.3,45.3,45.3,400.0
2021-06-03 14:00:00,NSE:SDBL,46.0,46.1,46.0,46.1,251.0
2021-06-03 14:02:00,NSE:SDBL,46.0,46.0,46.0,46.0,75.0
2021-06-03 14:04:00,NSE:SDBL,46.0,46.0,46.0,46.0,40.0
2021-06-03 14:10:00,NSE:SDBL,45.3,45.3,45.3,45.3,100.0
2021-06-03 14:12:00,NSE:SDBL,45.95,46.0,45.95,46.0,11.0
2021-06-03 14:13:00,NSE:SDBL,45.95,45.95,45.95,45.95,1.0
2021-06-03 14:14:00,NSE:SDBL,45.35,45.8,45.35,45.8,45.0
2021-06-03 14:16:00,NSE:SDBL,45.8,45.8,45.8,45.8,100.0
2021-06-03 14:17:00,NSE:SDBL,45.8,46.1,45.8,46.1,1100.0
2021-06-03 14:18:00,NSE:SDBL,46.2,46.25,46.2,46.25,2473.0
2021-06-03 14:19:00,NSE:SDBL,46.3,46.3,46.3,46.3,1000.0
2021-06-03 14:20:00,NSE:SDBL,46.3,46.5,46.3,46.5,3727.0
2021-06-03 14:21:00,NSE:SDBL,46.5,46.5,46.5,46.5,503.0
2021-06-03 14:22:00,NSE:SDBL,46.5,46.5,46.3,46.3,600.0
2021-06-03 14:23:00,NSE:SDBL,46.1,46.1,46.1,46.1,200.0
2021-06-03 14:24:00,NSE:SDBL,46.1,46.1,46.1,46.1,400.0
2021-06-03 14:25:00,NSE:SDBL,46.25,46.6,46.25,46.6,166.0
2021-06-03 14:26:00,NSE:SDBL,46.6,46.6,46.6,46.6,10.0
2021-06-03 14:27:00,NSE:SDBL,46.5,46.5,46.5,46.5,119.0
2021-06-03 14:29:00,NSE:SDBL,46.5,46.5,46.5,46.5,881.0
2021-06-03 14:30:00,NSE:SDBL,46.4,46.4,46.4,46.4,1000.0
2021-06-03 14:31:00,NSE:SDBL,46.1,46.5,46.1,46.5,1100.0
2021-06-03 14:32:00,NSE:SDBL,46.4,46.5,46.4,46.5,1500.0
2021-06-03 14:33:00,NSE:SDBL,46.5,46.5,46.5,46.5,1649.0
2021-06-03 14:34:00,NSE:SDBL,46.5,46.5,46.5,46.5,625.0
2021-06-03 14:35:00,NSE:SDBL,46.6,46.6,46.6,46.6,200.0
2021-06-03 14:36:00,NSE:SDBL,46.55,46.55,46.55,46.55,2000.0
2021-06-03 14:37:00,NSE:SDBL,46.55,46.6,46.55,46.6,1004.0
2021-06-03 14:39:00,NSE:SDBL,46.7,46.7,46.7,46.7,2100.0
2021-06-03 14:41:00,NSE:SDBL,46.7,46.7,46.7,46.7,1500.0
2021-06-03 14:43:00,NSE:SDBL,46.55,46.7,46.5,46.7,8200.0
2021-06-03 14:44:00,NSE:SDBL,46.5,46.5,46.5,46.5,500.0
2021-06-03 14:45:00,NSE:SDBL,46.5,46.5,46.4,46.4,2160.0
2021-06-03 14:46:00,NSE:SDBL,46.4,46.4,46.4,46.4,800.0
2021-06-03 14:47:00,NSE:SDBL,46.3,46.65,46.2,46.65,2237.0
2021-06-03 14:48:00,NSE:SDBL,46.65,46.65,46.65,46.65,313.0
2021-06-03 14:49:00,NSE:SDBL,46.5,46.65,46.5,46.65,700.0
2021-06-03 14:50:00,NSE:SDBL,46.65,46.7,46.65,46.7,6000.0
2021-06-03 14:51:00,NSE:SDBL,46.65,46.7,46.65,46.7,2731.0
2021-06-03 14:52:00,NSE:SDBL,46.65,46.65,46.65,46.65,10.0
2021-06-03 14:54:00,NSE:SDBL,46.5,46.5,46.5,46.5,150.0
2021-06-03 14:55:00,NSE:SDBL,46.5,46.5,46.5,46.5,20.0
2021-06-03 14:56:00,NSE:SDBL,46.65,46.65,46.65,46.65,90.0
2021-06-03 14:58:00,NSE:SDBL,46.7,46.7,46.65,46.65,110.0
2021-06-03 15:02:00,NSE:SDBL,46.65,46.65,46.5,46.5,31.0
2021-06-03 15:03:00,NSE:SDBL,46.5,46.5,46.5,46.5,134.0
2021-06-03 15:04:00,NSE:SDBL,46.2,46.2,46.2,46.2,1000.0
2021-06-03 15:05:00,NSE:SDBL,46.65,46.65,46.65,46.65,20.0
2021-06-03 15:08:00,NSE:SDBL,46.6,46.6,46.6,46.6,2000.0
2021-06-03 15:09:00,NSE:SDBL,46.6,46.7,46.6,46.7,3650.0
2021-06-03 15:10:00,NSE:SDBL,46.7,46.7,46.7,46.7,563.0
2021-06-03 15:12:00,NSE:SDBL,46.7,46.7,46.7,46.7,1050.0
2021-06-03 15:13:00,NSE:SDBL,46.7,46.7,46.5,46.5,220.0
2021-06-03 15:14:00,NSE:SDBL,46.7,46.7,46.7,46.7,1.0
2021-06-03 15:16:00,NSE:SDBL,46.5,46.5,46.5,46.5,410.0
2021-06-03 15:17:00,NSE:SDBL,46.5,46.7,46.5,46.7,1150.0
2021-06-03 15:18:00,NSE:SDBL,46.5,46.5,46.5,46.5,100.0
2021-06-03 15:19:00,NSE:SDBL,46.7,46.7,46.7,46.7,1000.0
2021-06-03 15:20:00,NSE:SDBL,46.8,46.9,46.8,46.9,6274.0
2021-06-03 15:21:00,NSE:SDBL,46.9,47.3,46.9,47.3,71988.0
2021-06-03 15:22:00,NSE:SDBL,47.3,47.3,47.3,47.3,955.0
2021-06-03 15:23:00,NSE:SDBL,47.3,47.3,47.3,47.3,500.0
2021-06-03 15:24:00,NSE:SDBL,47.3,47.3,47.3,47.3,144.0
2021-06-03 15:26:00,NSE:SDBL,47.3,47.3,47.3,47.3,6669.0
2021-06-03 15:27:00,NSE:SDBL,47.3,47.3,47.3,47.3,1954.0
2021-06-03 15:28:00,NSE:SDBL,47.3,47.3,47.3,47.3,440.0
2021-06-03 15:29:00,NSE:SDBL,47.3,47.3,47.3,47.3,28.0
2021-06-04 09:07:00,NSE:SDBL,47.5,47.5,47.5,47.5,16682.0
2021-06-04 09:15:00,NSE:SDBL,48.45,48.9,48.4,48.8,14699.0
2021-06-04 09:16:00,NSE:SDBL,48.85,48.85,48.0,48.4,8821.0
2021-06-04 09:17:00,NSE:SDBL,48.4,48.9,48.4,48.9,11039.0
2021-06-04 09:18:00,NSE:SDBL,48.1,48.9,48.05,48.9,5581.0
2021-06-04 09:19:00,NSE:SDBL,48.05,48.9,48.05,48.1,5176.0
2021-06-04 09:20:00,NSE:SDBL,48.8,48.85,48.2,48.2,3645.0
2021-06-04 09:21:00,NSE:SDBL,48.85,48.85,48.8,48.85,3409.0
2021-06-04 09:22:00,NSE:SDBL,48.85,48.85,48.25,48.8,596.0
2021-06-04 09:23:00,NSE:SDBL,48.7,48.8,48.5,48.8,2283.0
2021-06-04 09:24:00,NSE:SDBL,48.8,48.8,48.8,48.8,1510.0
2021-06-04 09:25:00,NSE:SDBL,48.5,48.5,48.25,48.25,7051.0
2021-06-04 09:26:00,NSE:SDBL,48.75,48.8,48.25,48.8,4804.0
2021-06-04 09:27:00,NSE:SDBL,48.8,48.8,48.5,48.5,4790.0
2021-06-04 09:28:00,NSE:SDBL,48.8,48.8,48.5,48.5,4351.0
2021-06-04 09:29:00,NSE:SDBL,48.5,48.5,48.25,48.25,940.0
2021-06-04 09:30:00,NSE:SDBL,48.3,48.3,48.25,48.25,3806.0
2021-06-04 09:31:00,NSE:SDBL,48.25,48.5,48.15,48.5,6854.0
2021-06-04 09:32:00,NSE:SDBL,48.5,48.5,48.15,48.25,1070.0
2021-06-04 09:33:00,NSE:SDBL,48.25,48.5,48.25,48.25,1585.0
2021-06-04 09:34:00,NSE:SDBL,48.35,48.5,48.35,48.45,1607.0
2021-06-04 09:35:00,NSE:SDBL,48.45,48.85,48.25,48.75,11836.0
2021-06-04 09:36:00,NSE:SDBL,48.25,48.45,48.25,48.45,720.0
2021-06-04 09:37:00,NSE:SDBL,48.45,48.7,48.45,48.7,950.0
2021-06-04 09:38:00,NSE:SDBL,48.5,48.7,48.45,48.7,650.0
2021-06-04 09:39:00,NSE:SDBL,48.7,48.7,48.25,48.3,1365.0
2021-06-04 09:40:00,NSE:SDBL,48.3,48.3,48.3,48.3,1737.0
2021-06-04 09:41:00,NSE:SDBL,48.65,48.65,48.65,48.65,1694.0
2021-06-04 09:42:00,NSE:SDBL,48.3,48.65,48.15,48.65,3031.0
2021-06-04 09:43:00,NSE:SDBL,48.3,48.3,48.3,48.3,80.0
2021-06-04 09:44:00,NSE:SDBL,48.1,48.2,48.0,48.05,10300.0
2021-06-04 09:45:00,NSE:SDBL,48.2,48.2,48.0,48.0,3283.0
2021-06-04 09:46:00,NSE:SDBL,48.7,48.7,48.7,48.7,1250.0
2021-06-04 09:47:00,NSE:SDBL,48.5,48.5,47.9,47.9,1365.0
2021-06-04 09:48:00,NSE:SDBL,48.0,48.45,48.0,48.45,1606.0
2021-06-04 09:49:00,NSE:SDBL,48.45,48.45,48.0,48.0,501.0
2021-06-04 09:50:00,NSE:SDBL,48.4,48.4,48.35,48.35,101.0
2021-06-04 09:51:00,NSE:SDBL,48.35,48.35,48.0,48.0,1214.0
2021-06-04 09:52:00,NSE:SDBL,48.0,48.0,47.9,47.9,1695.0
2021-06-04 09:53:00,NSE:SDBL,47.9,48.0,47.9,48.0,438.0
2021-06-04 09:54:00,NSE:SDBL,48.0,48.0,47.9,47.9,502.0
2021-06-04 09:55:00,NSE:SDBL,47.9,48.0,47.9,47.9,690.0
2021-06-04 09:56:00,NSE:SDBL,47.95,47.95,47.9,47.95,948.0
2021-06-04 09:57:00,NSE:SDBL,47.95,47.95,47.8,47.8,330.0
2021-06-04 09:58:00,NSE:SDBL,47.8,47.8,47.7,47.75,875.0
2021-06-04 09:59:00,NSE:SDBL,47.7,47.7,47.7,47.7,782.0
2021-06-04 10:00:00,NSE:SDBL,47.6,47.6,47.6,47.6,20.0
2021-06-04 10:01:00,NSE:SDBL,47.6,47.7,47.55,47.7,1940.0
2021-06-04 10:02:00,NSE:SDBL,47.7,48.0,47.7,48.0,1541.0
2021-06-04 10:03:00,NSE:SDBL,48.0,48.0,47.7,47.7,1855.0
2021-06-04 10:04:00,NSE:SDBL,48.0,48.0,48.0,48.0,1070.0
2021-06-04 10:05:00,NSE:SDBL,48.0,48.0,48.0,48.0,300.0
2021-06-04 10:06:00,NSE:SDBL,48.0,48.0,48.0,48.0,1550.0
2021-06-04 10:07:00,NSE:SDBL,47.75,47.75,47.7,47.75,1150.0
2021-06-04 10:09:00,NSE:SDBL,47.95,47.95,47.95,47.95,80.0
2021-06-04 10:10:00,NSE:SDBL,48.0,48.0,48.0,48.0,600.0
2021-06-04 10:11:00,NSE:SDBL,48.0,48.0,48.0,48.0,100.0
2021-06-04 10:13:00,NSE:SDBL,47.95,48.0,47.95,48.0,105.0
2021-06-04 10:14:00,NSE:SDBL,48.0,48.0,47.95,48.0,1506.0
2021-06-04 10:15:00,NSE:SDBL,48.0,48.0,48.0,48.0,325.0
2021-06-04 10:16:00,NSE:SDBL,48.0,48.0,48.0,48.0,321.0
2021-06-04 10:17:00,NSE:SDBL,48.1,48.1,48.1,48.1,92.0
2021-06-04 10:18:00,NSE:SDBL,48.1,48.35,48.1,48.35,272.0
2021-06-04 10:19:00,NSE:SDBL,48.4,48.4,48.05,48.4,1798.0
2021-06-04 10:20:00,NSE:SDBL,48.4,48.45,48.0,48.0,1316.0
2021-06-04 10:21:00,NSE:SDBL,48.4,48.4,48.4,48.4,328.0
2021-06-04 10:22:00,NSE:SDBL,48.4,48.4,48.4,48.4,186.0
2021-06-04 10:23:00,NSE:SDBL,48.4,48.4,48.1,48.35,123.0
2021-06-04 10:24:00,NSE:SDBL,48.4,48.4,48.15,48.4,200.0
2021-06-04 10:25:00,NSE:SDBL,48.4,48.4,48.4,48.4,212.0
2021-06-04 10:26:00,NSE:SDBL,48.4,48.4,48.4,48.4,43.0
2021-06-04 10:27:00,NSE:SDBL,48.4,48.45,48.4,48.45,1476.0
2021-06-04 10:28:00,NSE:SDBL,48.45,48.45,48.25,48.25,101.0
2021-06-04 10:29:00,NSE:SDBL,48.45,48.45,48.45,48.45,256.0
2021-06-04 10:30:00,NSE:SDBL,48.45,48.5,48.45,48.45,2832.0
2021-06-04 10:31:00,NSE:SDBL,48.45,48.45,48.25,48.25,71.0
2021-06-04 10:32:00,NSE:SDBL,48.25,48.25,48.0,48.25,611.0
2021-06-04 10:33:00,NSE:SDBL,48.25,48.25,48.25,48.25,37.0
2021-06-04 10:34:00,NSE:SDBL,48.0,48.25,48.0,48.25,246.0
2021-06-04 10:35:00,NSE:SDBL,48.25,48.25,48.25,48.25,275.0
2021-06-04 10:36:00,NSE:SDBL,48.25,48.25,48.25,48.25,171.0
2021-06-04 10:37:00,NSE:SDBL,48.25,48.25,48.0,48.25,317.0
2021-06-04 10:38:00,NSE:SDBL,48.25,48.25,48.0,48.25,215.0
2021-06-04 10:39:00,NSE:SDBL,48.25,48.25,48.25,48.25,59.0
2021-06-04 10:40:00,NSE:SDBL,48.25,48.4,48.25,48.4,1104.0
2021-06-04 10:41:00,NSE:SDBL,48.4,48.4,48.4,48.4,362.0
2021-06-04 10:42:00,NSE:SDBL,48.45,48.45,48.45,48.45,1001.0
2021-06-04 10:43:00,NSE:SDBL,48.4,48.4,48.4,48.4,61.0
2021-06-04 10:44:00,NSE:SDBL,48.4,48.4,48.4,48.4,4.0
2021-06-04 10:45:00,NSE:SDBL,48.4,48.4,48.0,48.0,214.0
2021-06-04 10:46:00,NSE:SDBL,48.4,48.4,48.4,48.4,102.0
2021-06-04 10:47:00,NSE:SDBL,48.4,48.4,48.4,48.4,12.0
2021-06-04 10:48:00,NSE:SDBL,48.05,48.4,48.05,48.4,108.0
2021-06-04 10:49:00,NSE:SDBL,48.05,48.05,48.05,48.05,60.0
2021-06-04 10:50:00,NSE:SDBL,48.4,48.4,48.4,48.4,265.0
2021-06-04 10:51:00,NSE:SDBL,48.05,48.05,48.0,48.0,2103.0
2021-06-04 10:52:00,NSE:SDBL,48.0,48.4,48.0,48.4,1374.0
2021-06-04 10:53:00,NSE:SDBL,48.0,48.4,48.0,48.0,1383.0
2021-06-04 10:54:00,NSE:SDBL,48.0,48.4,48.0,48.0,1401.0
2021-06-04 10:55:00,NSE:SDBL,48.0,48.0,48.0,48.0,600.0
2021-06-04 10:57:00,NSE:SDBL,48.4,48.4,48.4,48.4,754.0
2021-06-04 10:58:00,NSE:SDBL,48.4,48.4,48.4,48.4,100.0
2021-06-04 10:59:00,NSE:SDBL,48.4,48.4,48.4,48.4,401.0
2021-06-04 11:00:00,NSE:SDBL,48.45,48.5,48.45,48.5,6168.0
2021-06-04 11:01:00,NSE:SDBL,48.2,48.2,48.2,48.2,455.0
2021-06-04 11:02:00,NSE:SDBL,48.45,48.45,48.3,48.3,48.0
2021-06-04 11:03:00,NSE:SDBL,48.5,48.5,48.5,48.5,260.0
2021-06-04 11:04:00,NSE:SDBL,48.45,48.5,48.2,48.5,700.0
2021-06-04 11:05:00,NSE:SDBL,48.45,48.45,48.45,48.45,432.0
2021-06-04 11:06:00,NSE:SDBL,48.2,48.2,48.2,48.2,159.0
2021-06-04 11:07:00,NSE:SDBL,48.2,48.45,48.1,48.45,1231.0
2021-06-04 11:08:00,NSE:SDBL,48.45,48.45,48.4,48.4,210.0
2021-06-04 11:09:00,NSE:SDBL,48.45,48.5,48.1,48.1,1442.0
2021-06-04 11:10:00,NSE:SDBL,48.25,48.5,48.0,48.0,403.0
2021-06-04 11:11:00,NSE:SDBL,48.5,48.5,48.0,48.45,1214.0
2021-06-04 11:12:00,NSE:SDBL,48.45,48.5,48.45,48.5,1851.0
2021-06-04 11:13:00,NSE:SDBL,48.45,48.45,48.0,48.0,565.0
2021-06-04 11:14:00,NSE:SDBL,48.5,48.5,48.5,48.5,200.0
2021-06-04 11:15:00,NSE:SDBL,48.0,48.5,48.0,48.0,291.0
2021-06-04 11:17:00,NSE:SDBL,48.1,48.1,48.1,48.1,50.0
2021-06-04 11:18:00,NSE:SDBL,48.5,48.5,48.5,48.5,175.0
2021-06-04 11:19:00,NSE:SDBL,48.05,48.4,48.05,48.4,569.0
2021-06-04 11:20:00,NSE:SDBL,48.4,48.4,48.4,48.4,2.0
2021-06-04 11:23:00,NSE:SDBL,48.4,48.4,48.4,48.4,273.0
2021-06-04 11:24:00,NSE:SDBL,48.15,48.15,48.15,48.15,24.0
2021-06-04 11:25:00,NSE:SDBL,48.4,48.4,48.4,48.4,200.0
2021-06-04 11:27:00,NSE:SDBL,48.4,48.4,48.4,48.4,300.0
2021-06-04 11:28:00,NSE:SDBL,48.0,48.4,48.0,48.4,2237.0
2021-06-04 11:29:00,NSE:SDBL,48.0,48.5,48.0,48.5,1255.0
2021-06-04 11:30:00,NSE:SDBL,48.0,48.5,48.0,48.5,201.0
2021-06-04 11:31:00,NSE:SDBL,48.4,48.4,48.4,48.4,290.0
2021-06-04 11:32:00,NSE:SDBL,48.4,48.4,48.0,48.0,2700.0
2021-06-04 11:33:00,NSE:SDBL,48.5,48.5,48.5,48.5,851.0
2021-06-04 11:34:00,NSE:SDBL,47.7,48.5,47.7,48.5,1102.0
2021-06-04 11:35:00,NSE:SDBL,48.5,48.5,48.0,48.0,101.0
2021-06-04 11:37:00,NSE:SDBL,48.0,48.45,48.0,48.45,55.0
2021-06-04 11:38:00,NSE:SDBL,48.45,48.5,48.3,48.3,1020.0
2021-06-04 11:40:00,NSE:SDBL,48.3,48.5,48.3,48.3,232.0
2021-06-04 11:41:00,NSE:SDBL,48.5,48.5,48.5,48.5,201.0
2021-06-04 11:42:00,NSE:SDBL,48.4,48.4,48.4,48.4,150.0
2021-06-04 11:43:00,NSE:SDBL,48.4,48.4,48.15,48.15,550.0
2021-06-04 11:44:00,NSE:SDBL,48.5,48.5,48.5,48.5,2000.0
2021-06-04 11:48:00,NSE:SDBL,48.45,48.45,48.45,48.45,101.0
2021-06-04 11:49:00,NSE:SDBL,48.45,48.45,48.1,48.1,629.0
2021-06-04 11:50:00,NSE:SDBL,48.1,48.1,48.1,48.1,312.0
2021-06-04 11:51:00,NSE:SDBL,48.45,48.45,48.45,48.45,50.0
2021-06-04 11:52:00,NSE:SDBL,48.45,48.45,48.45,48.45,1250.0
2021-06-04 11:53:00,NSE:SDBL,48.45,48.45,48.45,48.45,401.0
2021-06-04 11:55:00,NSE:SDBL,48.45,48.45,48.45,48.45,100.0
2021-06-04 11:56:00,NSE:SDBL,48.45,48.45,48.4,48.4,150.0
2021-06-04 11:59:00,NSE:SDBL,48.4,48.4,48.4,48.4,50.0
2021-06-04 12:00:00,NSE:SDBL,48.45,48.45,48.45,48.45,19.0
2021-06-04 12:01:00,NSE:SDBL,48.4,48.4,48.4,48.4,50.0
2021-06-04 12:02:00,NSE:SDBL,48.4,48.4,48.4,48.4,10.0
2021-06-04 12:03:00,NSE:SDBL,48.45,48.45,48.45,48.45,295.0
2021-06-04 12:04:00,NSE:SDBL,48.45,48.45,48.45,48.45,200.0
2021-06-04 12:07:00,NSE:SDBL,48.45,48.5,48.45,48.5,300.0
2021-06-04 12:08:00,NSE:SDBL,48.3,48.3,48.3,48.3,100.0
2021-06-04 12:09:00,NSE:SDBL,48.5,48.5,48.25,48.25,53.0
2021-06-04 12:10:00,NSE:SDBL,48.5,48.5,48.5,48.5,1000.0
2021-06-04 12:11:00,NSE:SDBL,48.5,48.5,48.5,48.5,150.0
2021-06-04 12:12:00,NSE:SDBL,48.5,48.5,48.5,48.5,1000.0
2021-06-04 12:13:00,NSE:SDBL,48.3,48.3,48.3,48.3,20.0
2021-06-04 12:14:00,NSE:SDBL,48.5,48.5,48.5,48.5,12.0
2021-06-04 12:17:00,NSE:SDBL,48.5,48.5,48.5,48.5,50.0
2021-06-04 12:19:00,NSE:SDBL,48.5,48.5,48.5,48.5,466.0
2021-06-04 12:21:00,NSE:SDBL,48.5,48.6,48.5,48.6,600.0
2021-06-04 12:23:00,NSE:SDBL,48.6,48.6,48.6,48.6,20.0
2021-06-04 12:25:00,NSE:SDBL,48.5,48.5,48.5,48.5,456.0
2021-06-04 12:26:00,NSE:SDBL,48.5,48.5,48.5,48.5,100.0
2021-06-04 12:27:00,NSE:SDBL,48.35,48.35,48.3,48.3,100.0
2021-06-04 12:28:00,NSE:SDBL,48.3,48.5,48.3,48.5,152.0
2021-06-04 12:29:00,NSE:SDBL,48.5,48.5,48.5,48.5,1000.0
2021-06-04 12:31:00,NSE:SDBL,48.5,48.6,48.5,48.6,101.0
2021-06-04 12:32:00,NSE:SDBL,48.6,48.6,48.6,48.6,100.0
2021-06-04 12:33:00,NSE:SDBL,48.3,48.3,48.3,48.3,50.0
2021-06-04 12:34:00,NSE:SDBL,48.6,48.6,48.6,48.6,360.0
2021-06-04 12:35:00,NSE:SDBL,48.3,48.6,48.3,48.6,724.0
2021-06-04 12:36:00,NSE:SDBL,48.6,48.6,48.6,48.6,1.0
2021-06-04 12:38:00,NSE:SDBL,48.6,48.6,48.6,48.6,51.0
2021-06-04 12:39:00,NSE:SDBL,48.2,48.6,48.2,48.6,1330.0
2021-06-04 12:40:00,NSE:SDBL,48.6,48.7,48.6,48.7,1540.0
2021-06-04 12:42:00,NSE:SDBL,48.3,48.7,48.3,48.7,39.0
2021-06-04 12:43:00,NSE:SDBL,48.35,48.8,48.3,48.8,1550.0
2021-06-04 12:44:00,NSE:SDBL,48.8,48.8,48.3,48.3,1110.0
2021-06-04 12:45:00,NSE:SDBL,48.8,48.8,48.3,48.8,135.0
2021-06-04 12:47:00,NSE:SDBL,48.75,48.8,48.75,48.8,470.0
2021-06-04 12:48:00,NSE:SDBL,48.8,48.8,48.8,48.8,40.0
2021-06-04 12:49:00,NSE:SDBL,48.8,48.8,48.75,48.75,45.0
2021-06-04 12:50:00,NSE:SDBL,48.75,48.75,48.75,48.75,30.0
2021-06-04 12:51:00,NSE:SDBL,48.75,48.8,48.75,48.8,172.0
2021-06-04 12:52:00,NSE:SDBL,48.3,48.3,48.3,48.3,20.0
2021-06-04 12:53:00,NSE:SDBL,48.8,48.8,48.8,48.8,33.0
2021-06-04 12:54:00,NSE:SDBL,48.8,48.8,48.8,48.8,5.0
2021-06-04 12:55:00,NSE:SDBL,48.75,48.75,48.4,48.4,228.0
2021-06-04 12:56:00,NSE:SDBL,48.4,48.4,48.4,48.4,1.0
2021-06-04 12:57:00,NSE:SDBL,48.4,48.4,48.4,48.4,80.0
2021-06-04 12:58:00,NSE:SDBL,48.75,48.75,48.75,48.75,156.0
2021-06-04 13:00:00,NSE:SDBL,48.8,48.8,48.8,48.8,450.0
2021-06-04 13:02:00,NSE:SDBL,48.8,48.8,48.5,48.8,641.0
2021-06-04 13:03:00,NSE:SDBL,48.5,48.8,48.5,48.8,131.0
2021-06-04 13:05:00,NSE:SDBL,48.8,48.8,48.8,48.8,200.0
2021-06-04 13:06:00,NSE:SDBL,48.5,48.5,48.5,48.5,100.0
2021-06-04 13:07:00,NSE:SDBL,48.8,48.8,48.8,48.8,1.0
2021-06-04 13:09:00,NSE:SDBL,48.75,48.75,48.75,48.75,100.0
2021-06-04 13:10:00,NSE:SDBL,48.75,48.75,48.75,48.75,2.0
2021-06-04 13:11:00,NSE:SDBL,48.75,48.75,48.75,48.75,200.0
2021-06-04 13:14:00,NSE:SDBL,48.75,48.75,48.75,48.75,350.0
2021-06-04 13:15:00,NSE:SDBL,48.5,48.5,48.5,48.5,300.0
2021-06-04 13:16:00,NSE:SDBL,48.75,48.75,48.75,48.75,400.0
2021-06-04 13:17:00,NSE:SDBL,48.5,48.75,48.5,48.75,120.0
2021-06-04 13:18:00,NSE:SDBL,48.7,48.7,48.7,48.7,5.0
2021-06-04 13:19:00,NSE:SDBL,48.7,48.7,48.7,48.7,100.0
2021-06-04 13:20:00,NSE:SDBL,48.65,48.65,48.65,48.65,15.0
2021-06-04 13:24:00,NSE:SDBL,48.65,48.65,48.65,48.65,1035.0
2021-06-04 13:26:00,NSE:SDBL,48.5,48.5,48.5,48.5,127.0
2021-06-04 13:27:00,NSE:SDBL,48.5,48.5,48.5,48.5,600.0
2021-06-04 13:28:00,NSE:SDBL,48.5,48.5,48.5,48.5,50.0
2021-06-04 13:30:00,NSE:SDBL,48.5,48.5,48.5,48.5,300.0
2021-06-04 13:31:00,NSE:SDBL,48.5,48.5,48.5,48.5,250.0
2021-06-04 13:32:00,NSE:SDBL,48.5,48.5,48.5,48.5,50.0
2021-06-04 13:34:00,NSE:SDBL,48.7,48.7,48.7,48.7,200.0
2021-06-04 13:35:00,NSE:SDBL,48.65,48.65,48.65,48.65,25.0
2021-06-04 13:36:00,NSE:SDBL,48.5,48.7,48.3,48.65,1355.0
2021-06-04 13:37:00,NSE:SDBL,48.65,48.65,48.65,48.65,175.0
2021-06-04 13:38:00,NSE:SDBL,48.65,48.65,48.65,48.65,150.0
2021-06-04 13:45:00,NSE:SDBL,48.5,48.65,48.5,48.5,837.0
2021-06-04 13:46:00,NSE:SDBL,48.65,48.65,48.5,48.5,200.0
2021-06-04 13:47:00,NSE:SDBL,48.5,48.5,48.5,48.5,400.0
2021-06-04 13:48:00,NSE:SDBL,48.7,48.7,48.7,48.7,101.0
2021-06-04 13:49:00,NSE:SDBL,48.65,48.7,48.65,48.7,202.0
2021-06-04 13:50:00,NSE:SDBL,48.7,48.7,48.7,48.7,851.0
2021-06-04 13:51:00,NSE:SDBL,48.7,48.7,48.7,48.7,159.0
2021-06-04 13:52:00,NSE:SDBL,48.7,48.7,48.7,48.7,2.0
2021-06-04 13:53:00,NSE:SDBL,48.7,48.7,48.7,48.7,36.0
2021-06-04 13:54:00,NSE:SDBL,48.7,48.7,48.7,48.7,261.0
2021-06-04 13:55:00,NSE:SDBL,48.7,48.7,48.7,48.7,110.0
2021-06-04 13:56:00,NSE:SDBL,48.7,48.7,48.7,48.7,350.0
2021-06-04 13:57:00,NSE:SDBL,48.7,48.7,48.7,48.7,65.0
2021-06-04 13:58:00,NSE:SDBL,48.7,48.7,48.5,48.5,187.0
2021-06-04 13:59:00,NSE:SDBL,48.5,48.7,48.3,48.3,2531.0
2021-06-04 14:00:00,NSE:SDBL,48.7,48.7,48.05,48.65,1604.0
2021-06-04 14:01:00,NSE:SDBL,48.65,48.65,48.5,48.5,1432.0
2021-06-04 14:02:00,NSE:SDBL,48.0,48.5,48.0,48.5,1002.0
2021-06-04 14:03:00,NSE:SDBL,48.75,48.75,48.75,48.75,2509.0
2021-06-04 14:04:00,NSE:SDBL,48.75,48.75,48.75,48.75,4.0
2021-06-04 14:05:00,NSE:SDBL,48.75,48.75,48.7,48.7,5.0
2021-06-04 14:06:00,NSE:SDBL,48.7,48.7,48.6,48.6,10.0
2021-06-04 14:07:00,NSE:SDBL,48.6,48.6,48.6,48.6,2.0
2021-06-04 14:08:00,NSE:SDBL,48.6,48.6,48.6,48.6,5.0
2021-06-04 14:09:00,NSE:SDBL,48.6,48.6,48.6,48.6,6.0
2021-06-04 14:10:00,NSE:SDBL,48.0,48.6,48.0,48.6,410.0
2021-06-04 14:11:00,NSE:SDBL,48.6,48.6,48.6,48.6,455.0
2021-06-04 14:12:00,NSE:SDBL,48.6,48.7,48.6,48.7,58.0
2021-06-04 14:13:00,NSE:SDBL,48.7,48.7,48.5,48.5,231.0
2021-06-04 14:14:00,NSE:SDBL,48.5,48.7,48.5,48.7,2083.0
2021-06-04 14:15:00,NSE:SDBL,48.7,48.7,48.7,48.7,2.0
2021-06-04 14:16:00,NSE:SDBL,48.7,48.7,48.7,48.7,4.0
2021-06-04 14:17:00,NSE:SDBL,48.65,48.65,48.65,48.65,51.0
2021-06-04 14:18:00,NSE:SDBL,48.65,48.65,48.65,48.65,201.0
2021-06-04 14:19:00,NSE:SDBL,48.65,48.65,48.65,48.65,4.0
2021-06-04 14:20:00,NSE:SDBL,48.5,48.65,48.5,48.65,82.0
2021-06-04 14:21:00,NSE:SDBL,48.6,48.6,48.6,48.6,106.0
2021-06-04 14:23:00,NSE:SDBL,48.6,48.6,48.6,48.6,27.0
2021-06-04 14:24:00,NSE:SDBL,48.6,48.6,48.6,48.6,4.0
2021-06-04 14:25:00,NSE:SDBL,48.6,48.6,48.6,48.6,34.0
2021-06-04 14:26:00,NSE:SDBL,48.6,48.6,48.6,48.6,201.0
2021-06-04 14:27:00,NSE:SDBL,48.5,48.6,48.5,48.6,511.0
2021-06-04 14:28:00,NSE:SDBL,48.5,48.6,48.5,48.6,751.0
2021-06-04 14:29:00,NSE:SDBL,48.6,48.6,48.5,48.5,33.0
2021-06-04 14:30:00,NSE:SDBL,48.5,48.5,48.3,48.3,226.0
2021-06-04 14:31:00,NSE:SDBL,48.3,48.3,48.3,48.3,42.0
2021-06-04 14:32:00,NSE:SDBL,48.5,48.5,48.5,48.5,6.0
2021-06-04 14:33:00,NSE:SDBL,48.5,48.5,48.5,48.5,17.0
2021-06-04 14:34:00,NSE:SDBL,48.5,48.5,48.5,48.5,60.0
2021-06-04 14:35:00,NSE:SDBL,48.5,48.5,48.5,48.5,1.0
2021-06-04 14:36:00,NSE:SDBL,48.5,48.5,48.5,48.5,500.0
2021-06-04 14:37:00,NSE:SDBL,48.5,48.6,48.5,48.6,700.0
2021-06-04 14:38:00,NSE:SDBL,48.5,48.5,48.5,48.5,110.0
2021-06-04 14:39:00,NSE:SDBL,48.5,48.6,48.5,48.6,1530.0
2021-06-04 14:40:00,NSE:SDBL,48.6,48.6,48.6,48.6,100.0
2021-06-04 14:41:00,NSE:SDBL,48.6,48.6,48.2,48.2,7029.0
2021-06-04 14:42:00,NSE:SDBL,48.2,48.2,48.2,48.2,100.0
2021-06-04 14:44:00,NSE:SDBL,48.15,48.15,48.15,48.15,500.0
2021-06-04 14:45:00,NSE:SDBL,48.2,48.2,48.2,48.2,109.0
2021-06-04 14:46:00,NSE:SDBL,48.2,48.2,48.2,48.2,1000.0
2021-06-04 14:47:00,NSE:SDBL,48.2,48.2,48.2,48.2,25.0
2021-06-04 14:48:00,NSE:SDBL,48.2,48.2,48.2,48.2,150.0
2021-06-04 14:49:00,NSE:SDBL,48.0,48.0,48.0,48.0,9204.0
2021-06-04 14:50:00,NSE:SDBL,48.0,48.0,48.0,48.0,73.0
2021-06-04 14:51:00,NSE:SDBL,48.0,48.0,48.0,48.0,552.0
2021-06-04 14:52:00,NSE:SDBL,48.0,48.0,48.0,48.0,250.0
2021-06-04 14:54:00,NSE:SDBL,48.0,48.0,48.0,48.0,400.0
2021-06-04 14:56:00,NSE:SDBL,48.0,48.0,48.0,48.0,734.0
2021-06-04 14:58:00,NSE:SDBL,48.0,48.0,48.0,48.0,27.0
2021-06-04 14:59:00,NSE:SDBL,47.95,47.95,47.75,47.75,1237.0
2021-06-04 15:00:00,NSE:SDBL,47.75,47.95,47.75,47.95,371.0
2021-06-04 15:01:00,NSE:SDBL,47.95,47.95,47.7,47.7,5394.0
2021-06-04 15:02:00,NSE:SDBL,47.7,47.7,47.7,47.7,685.0
2021-06-04 15:03:00,NSE:SDBL,47.7,47.7,47.7,47.7,100.0
2021-06-04 15:04:00,NSE:SDBL,47.6,47.7,47.6,47.7,306.0
2021-06-04 15:05:00,NSE:SDBL,47.65,47.65,47.5,47.6,20319.0
2021-06-04 15:06:00,NSE:SDBL,47.6,47.6,47.6,47.6,30.0
2021-06-04 15:07:00,NSE:SDBL,47.6,47.95,47.6,47.95,218.0
2021-06-04 15:09:00,NSE:SDBL,47.95,47.95,47.55,47.55,520.0
2021-06-04 15:11:00,NSE:SDBL,47.95,47.95,47.55,47.95,777.0
2021-06-04 15:12:00,NSE:SDBL,47.95,47.95,47.95,47.95,515.0
2021-06-04 15:13:00,NSE:SDBL,47.6,47.6,47.6,47.6,50.0
2021-06-04 15:14:00,NSE:SDBL,47.7,47.7,47.7,47.7,50.0
2021-06-04 15:15:00,NSE:SDBL,47.9,47.9,47.9,47.9,201.0
2021-06-04 15:16:00,NSE:SDBL,47.9,47.9,47.55,47.6,671.0
2021-06-04 15:17:00,NSE:SDBL,47.6,47.6,47.6,47.6,255.0
2021-06-04 15:18:00,NSE:SDBL,47.6,47.8,47.6,47.8,664.0
2021-06-04 15:19:00,NSE:SDBL,47.8,47.8,47.8,47.8,2108.0
2021-06-04 15:20:00,NSE:SDBL,47.75,47.75,47.75,47.75,4.0
2021-06-04 15:21:00,NSE:SDBL,47.75,47.75,47.6,47.6,378.0
2021-06-04 15:22:00,NSE:SDBL,47.6,47.6,47.55,47.6,963.0
2021-06-04 15:23:00,NSE:SDBL,47.55,47.6,47.55,47.6,2250.0
2021-06-04 15:24:00,NSE:SDBL,47.6,47.6,47.55,47.55,128.0
2021-06-04 15:25:00,NSE:SDBL,47.55,47.6,47.55,47.55,3059.0
2021-06-04 15:26:00,NSE:SDBL,47.55,47.55,47.5,47.5,3389.0
2021-06-04 15:27:00,NSE:SDBL,47.7,47.7,47.45,47.5,1065.0
2021-06-04 15:28:00,NSE:SDBL,47.45,47.75,47.35,47.35,1325.0
2021-06-04 15:29:00,NSE:SDBL,47.75,47.75,47.75,47.75,795.0
2021-06-07 09:07:00,NSE:SDBL,47.55,47.55,47.55,47.55,1099.0
2021-06-07 09:15:00,NSE:SDBL,47.75,48.5,47.0,47.6,3930.0
2021-06-07 09:16:00,NSE:SDBL,48.4,48.4,47.0,47.5,2119.0
2021-06-07 09:17:00,NSE:SDBL,47.2,48.2,47.2,48.2,200.0
2021-06-07 09:18:00,NSE:SDBL,48.2,48.2,47.6,47.6,3537.0
2021-06-07 09:19:00,NSE:SDBL,47.55,48.0,45.5,48.0,1500.0
2021-06-07 09:20:00,NSE:SDBL,46.25,46.25,46.25,46.25,450.0
2021-06-07 09:21:00,NSE:SDBL,47.95,47.95,46.3,47.9,3505.0
2021-06-07 09:22:00,NSE:SDBL,47.9,47.9,46.35,46.35,252.0
2021-06-07 09:23:00,NSE:SDBL,46.5,46.5,46.4,46.5,456.0
2021-06-07 09:24:00,NSE:SDBL,46.5,46.5,46.5,46.5,194.0
2021-06-07 09:25:00,NSE:SDBL,46.9,46.9,46.9,46.9,150.0
2021-06-07 09:27:00,NSE:SDBL,47.0,47.0,46.9,47.0,256.0
2021-06-07 09:28:00,NSE:SDBL,47.25,47.25,47.25,47.25,100.0
2021-06-07 09:29:00,NSE:SDBL,47.0,47.0,47.0,47.0,110.0
2021-06-07 09:30:00,NSE:SDBL,46.9,46.9,46.9,46.9,100.0
2021-06-07 09:31:00,NSE:SDBL,46.9,46.9,46.6,46.6,1260.0
2021-06-07 09:32:00,NSE:SDBL,46.6,46.6,46.4,46.5,3752.0
2021-06-07 09:33:00,NSE:SDBL,46.5,46.5,46.35,46.35,835.0
2021-06-07 09:34:00,NSE:SDBL,46.5,46.5,46.5,46.5,5.0
2021-06-07 09:35:00,NSE:SDBL,46.5,46.5,46.5,46.5,1200.0
2021-06-07 09:36:00,NSE:SDBL,46.5,46.5,46.5,46.5,100.0
2021-06-07 09:37:00,NSE:SDBL,46.5,46.5,46.5,46.5,50.0
2021-06-07 09:38:00,NSE:SDBL,46.35,46.5,46.35,46.5,215.0
2021-06-07 09:39:00,NSE:SDBL,46.5,46.5,46.3,46.3,963.0
2021-06-07 09:40:00,NSE:SDBL,46.35,46.45,46.35,46.4,374.0
2021-06-07 09:41:00,NSE:SDBL,46.35,46.35,46.25,46.25,1267.0
2021-06-07 09:42:00,NSE:SDBL,46.25,46.25,46.2,46.2,1361.0
2021-06-07 09:43:00,NSE:SDBL,46.2,46.2,45.8,45.8,1837.0
2021-06-07 09:45:00,NSE:SDBL,45.8,45.8,45.8,45.8,446.0
2021-06-07 09:46:00,NSE:SDBL,46.1,46.1,45.5,45.5,1100.0
2021-06-07 09:47:00,NSE:SDBL,46.0,46.0,45.5,46.0,3510.0
2021-06-07 09:48:00,NSE:SDBL,45.5,45.5,45.5,45.5,297.0
2021-06-07 09:49:00,NSE:SDBL,45.25,45.5,45.25,45.5,13153.0
2021-06-07 09:50:00,NSE:SDBL,45.5,45.5,45.25,45.25,3438.0
2021-06-07 09:51:00,NSE:SDBL,45.5,45.5,45.25,45.25,621.0
2021-06-07 09:52:00,NSE:SDBL,45.25,45.25,45.25,45.25,3865.0
2021-06-07 09:53:00,NSE:SDBL,45.25,45.25,45.25,45.25,2750.0
2021-06-07 09:54:00,NSE:SDBL,45.25,45.25,45.25,45.25,4075.0
2021-06-07 09:55:00,NSE:SDBL,45.25,45.25,45.25,45.25,1171.0
2021-06-07 09:56:00,NSE:SDBL,45.25,45.5,45.25,45.5,7796.0
2021-06-07 09:57:00,NSE:SDBL,46.0,46.0,45.5,46.0,8301.0
2021-06-07 09:58:00,NSE:SDBL,46.0,46.5,46.0,46.5,14020.0
2021-06-07 09:59:00,NSE:SDBL,45.95,45.95,45.95,45.95,250.0
2021-06-07 10:00:00,NSE:SDBL,45.75,45.95,45.75,45.95,550.0
2021-06-07 10:01:00,NSE:SDBL,45.75,45.75,45.75,45.75,3.0
2021-06-07 10:02:00,NSE:SDBL,45.95,46.25,45.95,46.25,15050.0
2021-06-07 10:03:00,NSE:SDBL,46.25,46.25,46.25,46.25,120.0
2021-06-07 10:04:00,NSE:SDBL,46.0,46.0,46.0,46.0,1310.0
2021-06-07 10:05:00,NSE:SDBL,46.0,46.25,46.0,46.25,715.0
2021-06-07 10:06:00,NSE:SDBL,46.25,46.25,46.25,46.25,600.0
2021-06-07 10:07:00,NSE:SDBL,46.0,46.0,45.8,45.8,100.0
2021-06-07 10:08:00,NSE:SDBL,46.25,46.25,46.25,46.25,58.0
2021-06-07 10:09:00,NSE:SDBL,46.2,46.2,45.8,46.2,1218.0
2021-06-07 10:10:00,NSE:SDBL,46.0,46.2,46.0,46.2,20.0
2021-06-07 10:11:00,NSE:SDBL,46.2,46.2,46.2,46.2,10.0
2021-06-07 10:12:00,NSE:SDBL,46.0,46.0,45.8,45.8,365.0
2021-06-07 10:13:00,NSE:SDBL,45.8,45.8,45.8,45.8,250.0
2021-06-07 10:14:00,NSE:SDBL,45.75,45.8,45.75,45.8,710.0
2021-06-07 10:15:00,NSE:SDBL,46.0,46.0,46.0,46.0,41.0
2021-06-07 10:17:00,NSE:SDBL,46.0,46.0,45.85,45.85,500.0
2021-06-07 10:18:00,NSE:SDBL,46.0,46.0,46.0,46.0,108.0
2021-06-07 10:20:00,NSE:SDBL,46.0,46.0,46.0,46.0,25.0
2021-06-07 10:21:00,NSE:SDBL,46.15,46.15,46.15,46.15,155.0
2021-06-07 10:22:00,NSE:SDBL,45.85,45.85,45.85,45.85,500.0
2021-06-07 10:24:00,NSE:SDBL,45.9,46.1,45.9,45.9,162.0
2021-06-07 10:26:00,NSE:SDBL,45.9,45.9,45.9,45.9,5864.0
2021-06-07 10:27:00,NSE:SDBL,45.9,45.9,45.75,45.75,1900.0
2021-06-07 10:28:00,NSE:SDBL,45.8,45.8,45.8,45.8,271.0
2021-06-07 10:29:00,NSE:SDBL,45.75,45.9,45.75,45.9,257.0
2021-06-07 10:30:00,NSE:SDBL,46.0,46.0,46.0,46.0,10.0
2021-06-07 10:31:00,NSE:SDBL,46.0,46.0,46.0,46.0,593.0
2021-06-07 10:32:00,NSE:SDBL,45.75,45.75,45.75,45.75,227.0
2021-06-07 10:34:00,NSE:SDBL,45.75,45.75,45.75,45.75,227.0
2021-06-07 10:35:00,NSE:SDBL,46.0,46.0,46.0,46.0,45.0
2021-06-07 10:36:00,NSE:SDBL,46.0,46.0,46.0,46.0,164.0
2021-06-07 10:37:00,NSE:SDBL,45.9,45.9,45.9,45.9,900.0
2021-06-07 10:39:00,NSE:SDBL,45.75,45.9,45.75,45.9,150.0
2021-06-07 10:40:00,NSE:SDBL,45.85,45.85,45.75,45.85,250.0
2021-06-07 10:41:00,NSE:SDBL,45.85,45.85,45.85,45.85,41.0
2021-06-07 10:42:00,NSE:SDBL,45.8,45.8,45.75,45.75,897.0
2021-06-07 10:45:00,NSE:SDBL,45.85,45.85,45.85,45.85,170.0
2021-06-07 10:46:00,NSE:SDBL,45.85,45.85,45.75,45.75,698.0
2021-06-07 10:47:00,NSE:SDBL,45.75,46.0,45.75,46.0,1100.0
2021-06-07 10:48:00,NSE:SDBL,46.0,46.0,46.0,46.0,498.0
2021-06-07 10:49:00,NSE:SDBL,46.0,46.0,46.0,46.0,120.0
2021-06-07 10:50:00,NSE:SDBL,46.0,46.0,46.0,46.0,1000.0
2021-06-07 10:51:00,NSE:SDBL,46.0,46.0,45.75,45.75,147.0
2021-06-07 10:52:00,NSE:SDBL,45.8,45.8,45.75,45.75,2751.0
2021-06-07 10:54:00,NSE:SDBL,45.95,45.95,45.95,45.95,5.0
2021-06-07 10:55:00,NSE:SDBL,46.0,46.0,45.8,45.8,285.0
2021-06-07 10:56:00,NSE:SDBL,45.8,45.8,45.8,45.8,278.0
2021-06-07 11:00:00,NSE:SDBL,45.85,45.9,45.85,45.9,580.0
2021-06-07 11:02:00,NSE:SDBL,45.9,45.9,45.9,45.9,280.0
2021-06-07 11:03:00,NSE:SDBL,45.9,45.9,45.85,45.85,1005.0
2021-06-07 11:04:00,NSE:SDBL,45.9,45.9,45.9,45.9,759.0
2021-06-07 11:05:00,NSE:SDBL,45.9,45.9,45.9,45.9,60.0
2021-06-07 11:06:00,NSE:SDBL,45.9,45.9,45.9,45.9,500.0
2021-06-07 11:07:00,NSE:SDBL,45.85,45.85,45.85,45.85,10.0
2021-06-07 11:09:00,NSE:SDBL,45.85,45.85,45.55,45.55,2005.0
2021-06-07 11:10:00,NSE:SDBL,46.15,46.15,46.15,46.15,400.0
2021-06-07 11:11:00,NSE:SDBL,46.15,46.15,46.15,46.15,100.0
2021-06-07 11:12:00,NSE:SDBL,46.15,46.15,46.15,46.15,50.0
2021-06-07 11:13:00,NSE:SDBL,46.15,46.15,46.0,46.0,16.0
2021-06-07 11:14:00,NSE:SDBL,46.1,46.1,46.1,46.1,50.0
2021-06-07 11:15:00,NSE:SDBL,46.15,46.15,46.1,46.1,600.0
2021-06-07 11:17:00,NSE:SDBL,46.05,46.1,46.05,46.1,150.0
2021-06-07 11:18:00,NSE:SDBL,46.1,46.1,46.0,46.0,300.0
2021-06-07 11:20:00,NSE:SDBL,46.05,46.05,45.6,45.6,2600.0
2021-06-07 11:21:00,NSE:SDBL,46.0,46.2,46.0,46.2,2000.0
2021-06-07 11:22:00,NSE:SDBL,46.0,46.15,46.0,46.15,2216.0
2021-06-07 11:23:00,NSE:SDBL,46.15,46.5,45.55,46.0,8800.0
2021-06-07 11:24:00,NSE:SDBL,46.4,46.4,46.0,46.0,2200.0
2021-06-07 11:25:00,NSE:SDBL,46.95,46.95,46.2,46.9,3100.0
2021-06-07 11:27:00,NSE:SDBL,46.85,46.85,46.7,46.7,6.0
2021-06-07 11:28:00,NSE:SDBL,46.7,46.7,46.7,46.7,10.0
2021-06-07 11:30:00,NSE:SDBL,46.7,46.7,46.7,46.7,503.0
2021-06-07 11:31:00,NSE:SDBL,46.7,46.7,46.65,46.65,123.0
2021-06-07 11:33:00,NSE:SDBL,46.0,46.5,46.0,46.5,3578.0
2021-06-07 11:34:00,NSE:SDBL,46.0,46.0,45.75,45.75,1078.0
2021-06-07 11:40:00,NSE:SDBL,46.45,46.45,46.45,46.45,250.0
2021-06-07 11:41:00,NSE:SDBL,46.45,46.45,46.45,46.45,20.0
2021-06-07 11:42:00,NSE:SDBL,45.85,45.85,45.85,45.85,86.0
2021-06-07 11:45:00,NSE:SDBL,46.45,46.45,46.45,46.45,10.0
2021-06-07 11:46:00,NSE:SDBL,46.0,46.0,46.0,46.0,350.0
2021-06-07 11:47:00,NSE:SDBL,46.0,46.0,45.85,45.85,75.0
2021-06-07 11:49:00,NSE:SDBL,46.0,46.0,46.0,46.0,300.0
2021-06-07 11:50:00,NSE:SDBL,46.2,46.45,46.2,46.45,923.0
2021-06-07 11:51:00,NSE:SDBL,46.45,47.5,46.45,47.4,20931.0
2021-06-07 11:52:00,NSE:SDBL,47.5,47.5,47.2,47.2,5429.0
2021-06-07 11:53:00,NSE:SDBL,47.0,47.0,47.0,47.0,1900.0
2021-06-07 11:54:00,NSE:SDBL,47.0,47.75,47.0,47.75,4010.0
2021-06-07 11:55:00,NSE:SDBL,48.0,48.45,48.0,48.1,8830.0
2021-06-07 11:56:00,NSE:SDBL,48.1,48.1,48.0,48.0,2270.0
2021-06-07 11:57:00,NSE:SDBL,48.0,48.0,48.0,48.0,1025.0
2021-06-07 11:58:00,NSE:SDBL,48.0,48.0,47.9,47.9,190.0
2021-06-07 11:59:00,NSE:SDBL,47.9,47.9,47.5,47.9,218.0
2021-06-07 12:00:00,NSE:SDBL,47.95,47.95,47.95,47.95,65.0
2021-06-07 12:01:00,NSE:SDBL,47.95,47.95,47.95,47.95,1010.0
2021-06-07 12:03:00,NSE:SDBL,47.9,47.9,47.9,47.9,50.0
2021-06-07 12:04:00,NSE:SDBL,47.9,47.9,47.9,47.9,100.0
2021-06-07 12:06:00,NSE:SDBL,47.9,47.9,47.9,47.9,60.0
2021-06-07 12:07:00,NSE:SDBL,47.9,47.9,47.9,47.9,100.0
2021-06-07 12:08:00,NSE:SDBL,47.9,47.9,47.9,47.9,100.0
2021-06-07 12:09:00,NSE:SDBL,47.9,47.9,47.9,47.9,475.0
2021-06-07 12:10:00,NSE:SDBL,47.9,47.9,47.9,47.9,425.0
2021-06-07 12:12:00,NSE:SDBL,47.9,47.9,47.9,47.9,36.0
2021-06-07 12:14:00,NSE:SDBL,47.8,47.8,47.5,47.5,410.0
2021-06-07 12:17:00,NSE:SDBL,47.65,47.65,47.0,47.0,1673.0
2021-06-07 12:18:00,NSE:SDBL,46.85,47.5,46.7,47.5,1506.0
2021-06-07 12:19:00,NSE:SDBL,47.3,47.3,47.3,47.3,95.0
2021-06-07 12:21:00,NSE:SDBL,47.6,47.6,47.6,47.6,100.0
2021-06-07 12:22:00,NSE:SDBL,47.6,47.8,47.3,47.8,2257.0
2021-06-07 12:23:00,NSE:SDBL,47.9,47.9,47.0,47.0,2000.0
2021-06-07 12:25:00,NSE:SDBL,47.95,48.4,47.95,48.35,2800.0
2021-06-07 12:26:00,NSE:SDBL,48.4,48.45,48.4,48.45,626.0
2021-06-07 12:27:00,NSE:SDBL,48.5,48.5,48.5,48.5,107.0
2021-06-07 12:28:00,NSE:SDBL,48.45,48.45,48.45,48.45,74.0
2021-06-07 12:29:00,NSE:SDBL,48.45,48.45,48.4,48.45,350.0
2021-06-07 12:30:00,NSE:SDBL,48.45,48.5,48.45,48.5,1950.0
2021-06-07 12:31:00,NSE:SDBL,48.5,48.5,47.8,47.8,2300.0
2021-06-07 12:35:00,NSE:SDBL,47.8,48.4,47.8,48.35,111.0
2021-06-07 12:36:00,NSE:SDBL,47.8,47.8,47.55,47.55,407.0
2021-06-07 12:37:00,NSE:SDBL,47.55,48.3,47.55,48.3,310.0
2021-06-07 12:38:00,NSE:SDBL,48.3,48.3,48.3,48.3,415.0
2021-06-07 12:40:00,NSE:SDBL,48.3,48.5,48.3,48.5,500.0
2021-06-07 12:41:00,NSE:SDBL,48.5,48.5,48.5,48.5,97.0
2021-06-07 12:42:00,NSE:SDBL,48.0,48.0,48.0,48.0,214.0
2021-06-07 12:43:00,NSE:SDBL,48.5,48.5,48.0,48.0,575.0
2021-06-07 12:44:00,NSE:SDBL,48.0,48.5,48.0,48.5,670.0
2021-06-07 12:45:00,NSE:SDBL,48.45,48.5,48.45,48.5,240.0
2021-06-07 12:46:00,NSE:SDBL,48.5,48.5,48.5,48.5,5040.0
2021-06-07 12:47:00,NSE:SDBL,48.5,48.5,48.5,48.5,1000.0
2021-06-07 12:48:00,NSE:SDBL,48.45,48.5,48.45,48.5,1563.0
2021-06-07 12:49:00,NSE:SDBL,48.5,48.6,48.45,48.6,1300.0
2021-06-07 12:50:00,NSE:SDBL,48.6,48.7,48.6,48.7,280.0
2021-06-07 12:52:00,NSE:SDBL,48.7,48.7,48.7,48.7,100.0
2021-06-07 12:53:00,NSE:SDBL,48.6,48.7,48.6,48.7,550.0
2021-06-07 12:54:00,NSE:SDBL,48.6,48.6,48.5,48.5,895.0
2021-06-07 12:56:00,NSE:SDBL,48.45,48.45,48.45,48.45,60.0
2021-06-07 12:57:00,NSE:SDBL,48.45,48.45,48.45,48.45,40.0
2021-06-07 12:58:00,NSE:SDBL,48.45,48.45,48.45,48.45,800.0
2021-06-07 12:59:00,NSE:SDBL,48.5,48.5,48.5,48.5,300.0
2021-06-07 13:00:00,NSE:SDBL,48.5,48.55,48.5,48.55,602.0
2021-06-07 13:01:00,NSE:SDBL,48.5,48.5,48.45,48.45,1260.0
2021-06-07 13:03:00,NSE:SDBL,48.0,48.0,48.0,48.0,2000.0
2021-06-07 13:04:00,NSE:SDBL,48.25,48.25,48.25,48.25,1.0
2021-06-07 13:06:00,NSE:SDBL,48.25,48.25,48.25,48.25,90.0
2021-06-07 13:08:00,NSE:SDBL,48.25,48.25,48.25,48.25,5.0
2021-06-07 13:09:00,NSE:SDBL,48.25,48.25,48.25,48.25,2.0
2021-06-07 13:10:00,NSE:SDBL,48.25,48.25,48.05,48.25,1402.0
2021-06-07 13:11:00,NSE:SDBL,48.25,48.25,48.05,48.05,290.0
2021-06-07 13:12:00,NSE:SDBL,48.05,48.05,48.05,48.05,700.0
2021-06-07 13:13:00,NSE:SDBL,48.3,48.3,48.3,48.3,50.0
2021-06-07 13:14:00,NSE:SDBL,48.05,48.05,48.05,48.05,1601.0
2021-06-07 13:15:00,NSE:SDBL,48.05,48.05,48.05,48.05,950.0
2021-06-07 13:16:00,NSE:SDBL,48.3,48.3,48.3,48.3,100.0
2021-06-07 13:18:00,NSE:SDBL,48.05,48.3,48.05,48.3,900.0
2021-06-07 13:20:00,NSE:SDBL,48.3,48.3,48.3,48.3,250.0
2021-06-07 13:22:00,NSE:SDBL,48.3,48.3,48.3,48.3,350.0
2021-06-07 13:23:00,NSE:SDBL,48.3,48.3,48.05,48.05,250.0
2021-06-07 13:25:00,NSE:SDBL,48.05,48.05,48.05,48.05,600.0
2021-06-07 13:26:00,NSE:SDBL,48.05,48.3,48.05,48.3,381.0
2021-06-07 13:27:00,NSE:SDBL,48.3,48.3,48.3,48.3,108.0
2021-06-07 13:28:00,NSE:SDBL,48.3,48.3,48.3,48.3,251.0
2021-06-07 13:31:00,NSE:SDBL,48.3,48.3,48.3,48.3,300.0
2021-06-07 13:32:00,NSE:SDBL,48.3,48.3,48.3,48.3,100.0
2021-06-07 13:33:00,NSE:SDBL,48.3,48.4,48.3,48.4,3200.0
2021-06-07 13:34:00,NSE:SDBL,48.5,48.5,48.5,48.5,2622.0
2021-06-07 13:38:00,NSE:SDBL,48.55,48.55,48.5,48.5,1009.0
2021-06-07 13:39:00,NSE:SDBL,48.55,48.55,48.5,48.5,306.0
2021-06-07 13:40:00,NSE:SDBL,48.5,48.5,48.5,48.5,200.0
2021-06-07 13:42:00,NSE:SDBL,48.6,48.6,48.0,48.0,7100.0
2021-06-07 13:44:00,NSE:SDBL,48.6,48.7,47.5,47.5,6572.0
2021-06-07 13:47:00,NSE:SDBL,48.5,48.5,48.5,48.5,100.0
2021-06-07 13:50:00,NSE:SDBL,48.7,48.7,48.7,48.7,700.0
2021-06-07 13:52:00,NSE:SDBL,48.05,48.05,48.05,48.05,250.0
2021-06-07 13:55:00,NSE:SDBL,48.05,48.05,48.05,48.05,200.0
2021-06-07 14:00:00,NSE:SDBL,48.05,48.7,48.05,48.7,3007.0
2021-06-07 14:01:00,NSE:SDBL,48.7,48.9,48.7,48.9,5213.0
2021-06-07 14:02:00,NSE:SDBL,48.95,48.95,48.9,48.9,1416.0
2021-06-07 14:03:00,NSE:SDBL,48.95,48.95,48.95,48.95,4000.0
2021-06-07 14:04:00,NSE:SDBL,48.9,48.9,48.9,48.9,200.0
2021-06-07 14:07:00,NSE:SDBL,48.5,48.5,48.5,48.5,500.0
2021-06-07 14:08:00,NSE:SDBL,48.5,48.5,48.5,48.5,200.0
2021-06-07 14:10:00,NSE:SDBL,48.5,48.5,48.5,48.5,821.0
2021-06-07 14:11:00,NSE:SDBL,48.5,48.5,48.5,48.5,120.0
2021-06-07 14:12:00,NSE:SDBL,48.4,48.4,48.4,48.4,200.0
2021-06-07 14:13:00,NSE:SDBL,48.4,48.4,48.4,48.4,150.0
2021-06-07 14:15:00,NSE:SDBL,48.5,48.5,48.5,48.5,100.0
2021-06-07 14:16:00,NSE:SDBL,48.5,48.5,48.4,48.4,1145.0
2021-06-07 14:17:00,NSE:SDBL,48.05,48.05,48.05,48.05,350.0
2021-06-07 14:18:00,NSE:SDBL,48.05,48.05,48.05,48.05,439.0
2021-06-07 14:20:00,NSE:SDBL,48.05,48.5,48.05,48.5,376.0
2021-06-07 14:22:00,NSE:SDBL,48.5,48.5,48.5,48.5,50.0
2021-06-07 14:23:00,NSE:SDBL,48.0,48.5,48.0,48.5,51.0
2021-06-07 14:25:00,NSE:SDBL,48.0,48.0,48.0,48.0,500.0
2021-06-07 14:27:00,NSE:SDBL,48.5,48.5,48.5,48.5,10.0
2021-06-07 14:28:00,NSE:SDBL,48.45,48.45,48.45,48.45,10.0
2021-06-07 14:29:00,NSE:SDBL,48.4,48.4,48.4,48.4,472.0
2021-06-07 14:30:00,NSE:SDBL,48.4,48.45,48.4,48.4,331.0
2021-06-07 14:32:00,NSE:SDBL,48.0,48.0,48.0,48.0,400.0
2021-06-07 14:33:00,NSE:SDBL,48.45,48.45,48.1,48.1,1022.0
2021-06-07 14:36:00,NSE:SDBL,48.45,48.45,48.45,48.45,40.0
2021-06-07 14:38:00,NSE:SDBL,48.0,48.0,48.0,48.0,100.0
2021-06-07 14:41:00,NSE:SDBL,48.1,48.1,48.1,48.1,50.0
2021-06-07 14:43:00,NSE:SDBL,48.1,48.1,48.1,48.1,50.0
2021-06-07 14:44:00,NSE:SDBL,48.1,48.1,48.1,48.1,1.0
2021-06-07 14:45:00,NSE:SDBL,48.0,48.0,48.0,48.0,100.0
2021-06-07 14:46:00,NSE:SDBL,48.1,48.1,48.1,48.1,199.0
2021-06-07 14:47:00,NSE:SDBL,48.1,48.1,48.1,48.1,200.0
2021-06-07 14:48:00,NSE:SDBL,48.1,48.1,48.1,48.1,50.0
2021-06-07 14:49:00,NSE:SDBL,48.1,48.4,48.1,48.4,392.0
2021-06-07 14:50:00,NSE:SDBL,48.45,48.45,47.5,47.5,5983.0
2021-06-07 14:52:00,NSE:SDBL,48.4,48.4,48.4,48.4,100.0
2021-06-07 14:53:00,NSE:SDBL,47.55,47.55,47.55,47.55,800.0
2021-06-07 14:54:00,NSE:SDBL,47.55,47.55,47.55,47.55,600.0
2021-06-07 14:56:00,NSE:SDBL,48.0,48.0,47.55,47.55,150.0
2021-06-07 14:57:00,NSE:SDBL,48.4,48.4,47.55,47.55,70.0
2021-06-07 14:58:00,NSE:SDBL,47.55,48.4,47.55,47.8,1110.0
2021-06-07 15:02:00,NSE:SDBL,47.85,48.4,47.85,48.4,206.0
2021-06-07 15:03:00,NSE:SDBL,48.4,48.4,48.4,48.4,1.0
2021-06-07 15:05:00,NSE:SDBL,48.4,48.4,48.4,48.4,500.0
2021-06-07 15:06:00,NSE:SDBL,48.4,48.4,48.4,48.4,1000.0
2021-06-07 15:07:00,NSE:SDBL,47.85,47.85,47.85,47.85,40.0
2021-06-07 15:08:00,NSE:SDBL,48.4,48.4,47.85,47.85,350.0
2021-06-07 15:09:00,NSE:SDBL,47.85,47.85,47.85,47.85,1.0
2021-06-07 15:10:00,NSE:SDBL,48.4,48.4,48.4,48.4,300.0
2021-06-07 15:11:00,NSE:SDBL,48.4,48.4,48.4,48.4,100.0
2021-06-07 15:12:00,NSE:SDBL,48.05,48.4,48.05,48.4,349.0
2021-06-07 15:13:00,NSE:SDBL,48.4,48.4,48.05,48.05,1451.0
2021-06-07 15:19:00,NSE:SDBL,48.15,48.3,48.15,48.3,590.0
2021-06-07 15:20:00,NSE:SDBL,48.15,48.3,48.15,48.3,1100.0
2021-06-07 15:21:00,NSE:SDBL,48.15,48.35,48.15,48.35,6834.0
2021-06-07 15:23:00,NSE:SDBL,48.3,48.3,48.25,48.3,283.0
2021-06-07 15:24:00,NSE:SDBL,48.3,48.3,48.25,48.25,3241.0
2021-06-07 15:25:00,NSE:SDBL,48.2,48.2,48.2,48.2,3274.0
2021-06-07 15:26:00,NSE:SDBL,48.2,48.2,48.1,48.2,13772.0
2021-06-07 15:27:00,NSE:SDBL,48.2,48.3,48.2,48.2,570.0
2021-06-07 15:29:00,NSE:SDBL,48.25,48.3,48.25,48.25,1225.0
2021-06-07 15:43:00,NSE:SDBL,48.25,48.25,48.25,48.25,500.0
2021-06-08 09:07:00,NSE:SDBL,48.5,48.5,48.5,48.5,1737.0
2021-06-08 09:15:00,NSE:SDBL,48.1,48.5,48.1,48.4,1013.0
2021-06-08 09:16:00,NSE:SDBL,48.4,48.4,48.0,48.0,3404.0
2021-06-08 09:17:00,NSE:SDBL,48.4,48.4,47.5,48.3,1019.0
2021-06-08 09:18:00,NSE:SDBL,48.4,48.5,47.2,48.5,2038.0
2021-06-08 09:19:00,NSE:SDBL,47.5,47.5,47.5,47.5,212.0
2021-06-08 09:20:00,NSE:SDBL,47.5,47.5,47.5,47.5,42.0
2021-06-08 09:21:00,NSE:SDBL,48.5,48.5,48.5,48.5,4734.0
2021-06-08 09:22:00,NSE:SDBL,48.5,48.5,48.5,48.5,5366.0
2021-06-08 09:23:00,NSE:SDBL,48.4,48.4,48.4,48.4,20.0
2021-06-08 09:26:00,NSE:SDBL,48.3,48.3,48.3,48.3,100.0
2021-06-08 09:27:00,NSE:SDBL,48.4,48.4,48.0,48.0,791.0
2021-06-08 09:28:00,NSE:SDBL,48.0,48.3,47.85,48.25,1577.0
2021-06-08 09:29:00,NSE:SDBL,47.75,47.75,47.5,47.5,2324.0
2021-06-08 09:30:00,NSE:SDBL,47.5,47.5,46.5,46.5,3737.0
2021-06-08 09:31:00,NSE:SDBL,47.0,47.0,47.0,47.0,605.0
2021-06-08 09:32:00,NSE:SDBL,47.5,47.5,47.0,47.0,800.0
2021-06-08 09:33:00,NSE:SDBL,47.5,47.5,47.0,47.0,631.0
2021-06-08 09:34:00,NSE:SDBL,47.0,47.0,47.0,47.0,50.0
2021-06-08 09:35:00,NSE:SDBL,47.0,47.0,47.0,47.0,61.0
2021-06-08 09:36:00,NSE:SDBL,47.3,47.5,47.3,47.35,723.0
2021-06-08 09:37:00,NSE:SDBL,47.35,47.35,47.35,47.35,100.0
2021-06-08 09:38:00,NSE:SDBL,47.35,47.35,47.35,47.35,110.0
2021-06-08 09:39:00,NSE:SDBL,47.4,47.4,47.4,47.4,210.0
2021-06-08 09:40:00,NSE:SDBL,47.35,47.35,47.35,47.35,121.0
2021-06-08 09:41:00,NSE:SDBL,47.35,47.35,47.35,47.35,1729.0
2021-06-08 09:42:00,NSE:SDBL,47.3,47.95,47.3,47.95,550.0
2021-06-08 09:43:00,NSE:SDBL,47.0,47.0,47.0,47.0,500.0
2021-06-08 09:44:00,NSE:SDBL,47.95,47.95,47.95,47.95,53.0
2021-06-08 09:45:00,NSE:SDBL,47.1,47.1,47.0,47.0,101.0
2021-06-08 09:46:00,NSE:SDBL,47.0,47.95,47.0,47.95,1030.0
2021-06-08 09:47:00,NSE:SDBL,47.0,47.0,47.0,47.0,51.0
2021-06-08 09:49:00,NSE:SDBL,47.05,47.05,47.05,47.05,50.0
2021-06-08 09:50:00,NSE:SDBL,47.05,47.05,47.05,47.05,5.0
2021-06-08 09:51:00,NSE:SDBL,47.8,47.8,47.0,47.0,340.0
2021-06-08 09:52:00,NSE:SDBL,47.0,47.0,47.0,47.0,10.0
2021-06-08 09:53:00,NSE:SDBL,47.0,47.8,47.0,47.8,522.0
2021-06-08 09:54:00,NSE:SDBL,47.8,47.8,46.85,47.0,653.0
2021-06-08 09:56:00,NSE:SDBL,47.8,47.8,47.0,47.0,1020.0
2021-06-08 09:57:00,NSE:SDBL,47.8,47.8,47.8,47.8,151.0
2021-06-08 09:59:00,NSE:SDBL,47.8,47.8,47.8,47.8,500.0
2021-06-08 10:00:00,NSE:SDBL,47.8,47.8,47.8,47.8,100.0
2021-06-08 10:01:00,NSE:SDBL,47.0,47.0,47.0,47.0,50.0
2021-06-08 10:02:00,NSE:SDBL,46.9,47.0,46.9,46.9,295.0
2021-06-08 10:03:00,NSE:SDBL,46.8,47.8,46.5,46.5,9246.0
2021-06-08 10:04:00,NSE:SDBL,47.75,47.75,47.75,47.75,5.0
2021-06-08 10:05:00,NSE:SDBL,46.5,46.5,46.5,46.5,200.0
2021-06-08 10:06:00,NSE:SDBL,46.6,46.6,46.6,46.6,306.0
2021-06-08 10:07:00,NSE:SDBL,47.0,47.0,46.65,46.65,100.0
2021-06-08 10:08:00,NSE:SDBL,47.5,47.5,47.5,47.5,100.0
2021-06-08 10:10:00,NSE:SDBL,47.5,47.5,47.5,47.5,200.0
2021-06-08 10:11:00,NSE:SDBL,46.65,46.65,46.65,46.65,102.0
2021-06-08 10:12:00,NSE:SDBL,47.5,47.5,46.7,46.7,14.0
2021-06-08 10:13:00,NSE:SDBL,46.7,46.7,46.7,46.7,11.0
2021-06-08 10:14:00,NSE:SDBL,47.5,47.5,47.5,47.5,48.0
2021-06-08 10:15:00,NSE:SDBL,47.5,47.5,47.5,47.5,40.0
2021-06-08 10:16:00,NSE:SDBL,47.45,47.45,47.0,47.0,45.0
2021-06-08 10:17:00,NSE:SDBL,46.8,47.45,46.8,47.45,603.0
2021-06-08 10:18:00,NSE:SDBL,47.4,47.4,47.4,47.4,51.0
2021-06-08 10:19:00,NSE:SDBL,47.4,47.4,46.8,46.8,434.0
2021-06-08 10:21:00,NSE:SDBL,47.4,47.4,47.4,47.4,110.0
2021-06-08 10:25:00,NSE:SDBL,47.4,47.4,47.4,47.4,2000.0
2021-06-08 10:26:00,NSE:SDBL,47.4,47.4,47.4,47.4,3.0
2021-06-08 10:28:00,NSE:SDBL,47.4,47.5,46.8,46.8,1180.0
2021-06-08 10:30:00,NSE:SDBL,47.5,47.5,47.5,47.5,10.0
2021-06-08 10:31:00,NSE:SDBL,47.5,47.5,47.5,47.5,82.0
2021-06-08 10:33:00,NSE:SDBL,46.75,46.75,46.75,46.75,2000.0
2021-06-08 10:34:00,NSE:SDBL,46.75,47.5,46.75,47.5,1003.0
2021-06-08 10:36:00,NSE:SDBL,46.8,47.5,46.8,47.5,6.0
2021-06-08 10:37:00,NSE:SDBL,46.8,46.8,46.8,46.8,2.0
2021-06-08 10:38:00,NSE:SDBL,46.8,46.8,46.8,46.8,7.0
2021-06-08 10:39:00,NSE:SDBL,47.5,47.5,46.8,46.8,501.0
2021-06-08 10:42:00,NSE:SDBL,46.8,46.8,46.8,46.8,1010.0
2021-06-08 10:43:00,NSE:SDBL,47.45,47.45,47.45,47.45,17.0
2021-06-08 10:44:00,NSE:SDBL,47.45,47.45,47.45,47.45,1.0
2021-06-08 10:45:00,NSE:SDBL,47.45,47.45,47.45,47.45,100.0
2021-06-08 10:48:00,NSE:SDBL,47.0,47.0,47.0,47.0,34.0
2021-06-08 10:49:00,NSE:SDBL,47.45,47.45,47.0,47.0,114.0
2021-06-08 10:51:00,NSE:SDBL,47.45,47.45,47.3,47.3,620.0
2021-06-08 10:52:00,NSE:SDBL,46.8,46.8,46.8,46.8,4902.0
2021-06-08 10:53:00,NSE:SDBL,46.8,46.8,46.8,46.8,603.0
2021-06-08 10:54:00,NSE:SDBL,46.75,46.75,46.75,46.75,925.0
2021-06-08 10:55:00,NSE:SDBL,46.8,46.8,46.8,46.8,4375.0
2021-06-08 10:58:00,NSE:SDBL,47.0,47.0,47.0,47.0,2.0
2021-06-08 10:59:00,NSE:SDBL,47.0,47.0,47.0,47.0,10.0
2021-06-08 11:00:00,NSE:SDBL,47.3,47.3,47.3,47.3,825.0
2021-06-08 11:04:00,NSE:SDBL,47.4,47.4,47.4,47.4,1500.0
2021-06-08 11:06:00,NSE:SDBL,47.4,47.45,47.4,47.45,225.0
2021-06-08 11:07:00,NSE:SDBL,47.45,47.45,47.45,47.45,1.0
2021-06-08 11:08:00,NSE:SDBL,47.45,47.45,47.45,47.45,11.0
2021-06-08 11:09:00,NSE:SDBL,47.45,47.45,47.45,47.45,2000.0
2021-06-08 11:11:00,NSE:SDBL,47.45,47.45,47.45,47.45,150.0
2021-06-08 11:12:00,NSE:SDBL,47.0,47.0,47.0,47.0,700.0
2021-06-08 11:13:00,NSE:SDBL,47.45,47.45,47.45,47.45,250.0
2021-06-08 11:15:00,NSE:SDBL,47.0,47.0,47.0,47.0,6.0
2021-06-08 11:16:00,NSE:SDBL,47.45,47.45,47.45,47.45,12.0
2021-06-08 11:17:00,NSE:SDBL,47.05,47.05,47.05,47.05,100.0
2021-06-08 11:19:00,NSE:SDBL,47.0,47.0,47.0,47.0,2.0
2021-06-08 11:23:00,NSE:SDBL,47.05,47.05,47.05,47.05,200.0
2021-06-08 11:26:00,NSE:SDBL,47.05,47.05,47.05,47.05,222.0
2021-06-08 11:28:00,NSE:SDBL,47.05,47.05,47.05,47.05,346.0
2021-06-08 11:29:00,NSE:SDBL,47.05,47.05,47.05,47.05,244.0
2021-06-08 11:30:00,NSE:SDBL,47.05,47.05,47.05,47.05,172.0
2021-06-08 11:45:00,NSE:SDBL,47.45,47.45,47.45,47.45,100.0
2021-06-08 11:46:00,NSE:SDBL,47.45,47.45,47.45,47.45,2194.0
2021-06-08 11:47:00,NSE:SDBL,47.45,47.45,47.45,47.45,250.0
2021-06-08 11:50:00,NSE:SDBL,47.5,47.5,47.5,47.5,50.0
2021-06-08 11:51:00,NSE:SDBL,47.45,47.45,47.45,47.45,101.0
2021-06-08 11:53:00,NSE:SDBL,47.45,47.45,47.45,47.45,455.0
2021-06-08 11:55:00,NSE:SDBL,47.45,47.45,47.45,47.45,2.0
2021-06-08 11:57:00,NSE:SDBL,47.45,47.45,47.45,47.45,1.0
2021-06-08 11:58:00,NSE:SDBL,47.45,47.45,47.45,47.45,100.0
2021-06-08 12:00:00,NSE:SDBL,47.45,47.45,47.45,47.45,642.0
2021-06-08 12:02:00,NSE:SDBL,47.45,47.45,47.45,47.45,1.0
2021-06-08 12:07:00,NSE:SDBL,47.45,47.45,47.45,47.45,52.0
2021-06-08 12:08:00,NSE:SDBL,47.4,47.4,47.0,47.0,7251.0
2021-06-08 12:09:00,NSE:SDBL,47.2,47.2,47.05,47.05,378.0
2021-06-08 12:10:00,NSE:SDBL,47.05,47.05,46.8,46.8,172.0
2021-06-08 12:11:00,NSE:SDBL,47.1,47.1,47.1,47.1,100.0
2021-06-08 12:15:00,NSE:SDBL,47.1,47.1,47.1,47.1,10.0
2021-06-08 12:16:00,NSE:SDBL,47.1,47.45,47.1,47.45,600.0
2021-06-08 12:18:00,NSE:SDBL,47.45,47.45,46.8,46.8,1900.0
2021-06-08 12:20:00,NSE:SDBL,47.45,47.45,46.8,46.8,1263.0
2021-06-08 12:22:00,NSE:SDBL,47.5,47.5,47.5,47.5,351.0
2021-06-08 12:23:00,NSE:SDBL,47.5,47.5,47.5,47.5,600.0
2021-06-08 12:24:00,NSE:SDBL,47.5,47.5,47.5,47.5,15.0
2021-06-08 12:25:00,NSE:SDBL,47.05,47.05,47.05,47.05,40.0
2021-06-08 12:28:00,NSE:SDBL,47.5,47.5,47.5,47.5,100.0
2021-06-08 12:29:00,NSE:SDBL,47.5,47.5,47.1,47.1,105.0
2021-06-08 12:30:00,NSE:SDBL,47.1,47.1,47.1,47.1,50.0
2021-06-08 12:33:00,NSE:SDBL,47.5,47.5,47.5,47.5,21.0
2021-06-08 12:34:00,NSE:SDBL,47.45,47.45,47.45,47.45,200.0
2021-06-08 12:36:00,NSE:SDBL,47.1,47.1,47.1,47.1,1.0
2021-06-08 12:37:00,NSE:SDBL,47.45,47.45,47.45,47.45,4.0
2021-06-08 12:42:00,NSE:SDBL,47.1,47.1,47.1,47.1,201.0
2021-06-08 12:43:00,NSE:SDBL,47.45,47.45,47.45,47.45,100.0
2021-06-08 12:45:00,NSE:SDBL,47.1,47.1,47.1,47.1,2.0
2021-06-08 12:46:00,NSE:SDBL,47.1,47.1,47.1,47.1,10.0
2021-06-08 12:47:00,NSE:SDBL,47.45,47.45,47.45,47.45,100.0
2021-06-08 12:51:00,NSE:SDBL,47.45,47.45,47.45,47.45,25.0
2021-06-08 12:53:00,NSE:SDBL,47.45,47.45,47.45,47.45,100.0
2021-06-08 12:55:00,NSE:SDBL,47.4,47.4,47.4,47.4,10.0
2021-06-08 12:56:00,NSE:SDBL,46.75,46.75,46.75,46.75,1100.0
2021-06-08 12:57:00,NSE:SDBL,46.75,46.75,46.75,46.75,25.0
2021-06-08 13:01:00,NSE:SDBL,46.75,46.75,46.75,46.75,100.0
2021-06-08 13:05:00,NSE:SDBL,47.35,47.35,47.35,47.35,50.0
2021-06-08 13:09:00,NSE:SDBL,47.35,47.35,47.35,47.35,110.0
2021-06-08 13:11:00,NSE:SDBL,47.35,47.35,47.35,47.35,20.0
2021-06-08 13:15:00,NSE:SDBL,47.35,47.35,47.35,47.35,75.0
2021-06-08 13:16:00,NSE:SDBL,47.35,47.4,47.35,47.4,205.0
2021-06-08 13:17:00,NSE:SDBL,47.4,47.4,46.75,46.75,846.0
2021-06-08 13:19:00,NSE:SDBL,47.0,47.0,47.0,47.0,2.0
2021-06-08 13:20:00,NSE:SDBL,47.0,47.0,47.0,47.0,50.0
2021-06-08 13:21:00,NSE:SDBL,46.75,46.75,46.75,46.75,1.0
2021-06-08 13:22:00,NSE:SDBL,47.0,47.0,46.75,46.75,55.0
2021-06-08 13:23:00,NSE:SDBL,47.4,47.4,47.4,47.4,200.0
2021-06-08 13:24:00,NSE:SDBL,47.4,47.4,47.4,47.4,10.0
2021-06-08 13:25:00,NSE:SDBL,47.4,47.4,46.75,46.75,901.0
2021-06-08 13:27:00,NSE:SDBL,47.4,47.4,47.4,47.4,125.0
2021-06-08 13:28:00,NSE:SDBL,47.4,47.75,47.4,47.75,3709.0
2021-06-08 13:29:00,NSE:SDBL,48.0,48.0,47.95,47.95,13600.0
2021-06-08 13:30:00,NSE:SDBL,48.0,48.0,47.95,48.0,2415.0
2021-06-08 13:31:00,NSE:SDBL,47.95,48.0,47.95,48.0,2860.0
2021-06-08 13:32:00,NSE:SDBL,48.0,48.0,48.0,48.0,3300.0
2021-06-08 13:33:00,NSE:SDBL,48.0,48.0,48.0,48.0,2659.0
2021-06-08 13:34:00,NSE:SDBL,48.0,48.0,48.0,48.0,310.0
2021-06-08 13:35:00,NSE:SDBL,48.0,48.0,47.95,48.0,2472.0
2021-06-08 13:36:00,NSE:SDBL,48.0,48.0,47.9,48.0,5896.0
2021-06-08 13:37:00,NSE:SDBL,48.0,48.0,47.9,48.0,384.0
2021-06-08 13:38:00,NSE:SDBL,48.0,48.4,48.0,48.4,9579.0
2021-06-08 13:39:00,NSE:SDBL,48.3,48.5,48.3,48.5,7001.0
2021-06-08 13:40:00,NSE:SDBL,48.4,48.5,48.4,48.5,3018.0
2021-06-08 13:41:00,NSE:SDBL,48.5,48.8,48.5,48.8,8140.0
2021-06-08 13:42:00,NSE:SDBL,48.85,48.9,48.8,48.9,5992.0
2021-06-08 13:43:00,NSE:SDBL,48.9,48.95,48.75,48.75,3304.0
2021-06-08 13:44:00,NSE:SDBL,48.85,48.95,48.85,48.95,2390.0
2021-06-08 13:45:00,NSE:SDBL,48.9,49.0,48.9,49.0,8215.0
2021-06-08 13:46:00,NSE:SDBL,49.0,49.0,48.95,49.0,2644.0
2021-06-08 13:47:00,NSE:SDBL,49.0,49.0,48.95,48.95,2879.0
2021-06-08 13:48:00,NSE:SDBL,49.0,49.0,48.9,48.9,2871.0
2021-06-08 13:49:00,NSE:SDBL,48.9,48.95,48.9,48.95,696.0
2021-06-08 13:50:00,NSE:SDBL,49.0,49.0,48.95,49.0,3409.0
2021-06-08 13:51:00,NSE:SDBL,49.0,49.0,48.95,48.95,3821.0
2021-06-08 13:52:00,NSE:SDBL,48.9,48.95,48.9,48.95,315.0
2021-06-08 13:53:00,NSE:SDBL,48.9,48.9,48.9,48.9,1841.0
2021-06-08 13:54:00,NSE:SDBL,48.85,49.0,48.8,48.8,32300.0
2021-06-08 13:55:00,NSE:SDBL,48.9,48.9,48.8,48.8,2051.0
2021-06-08 13:56:00,NSE:SDBL,48.8,48.95,48.75,48.95,1870.0
2021-06-08 13:57:00,NSE:SDBL,48.8,48.95,48.75,48.95,1723.0
2021-06-08 13:58:00,NSE:SDBL,48.95,48.95,48.95,48.95,350.0
2021-06-08 13:59:00,NSE:SDBL,48.95,48.95,48.6,48.6,405.0
2021-06-08 14:00:00,NSE:SDBL,48.6,48.6,48.55,48.6,834.0
2021-06-08 14:01:00,NSE:SDBL,48.6,48.6,48.6,48.6,366.0
2021-06-08 14:02:00,NSE:SDBL,48.6,48.6,48.55,48.55,1308.0
2021-06-08 14:03:00,NSE:SDBL,48.6,48.7,48.6,48.7,1702.0
2021-06-08 14:04:00,NSE:SDBL,48.95,48.95,48.75,48.75,1678.0
2021-06-08 14:05:00,NSE:SDBL,48.95,49.0,48.95,49.0,6232.0
2021-06-08 14:06:00,NSE:SDBL,48.95,48.95,48.95,48.95,1400.0
2021-06-08 14:07:00,NSE:SDBL,48.95,48.95,48.5,48.65,880.0
2021-06-08 14:09:00,NSE:SDBL,48.65,48.65,48.65,48.65,50.0
2021-06-08 14:10:00,NSE:SDBL,48.65,48.65,48.65,48.65,43.0
2021-06-08 14:11:00,NSE:SDBL,48.65,49.0,48.65,48.9,571.0
2021-06-08 14:12:00,NSE:SDBL,48.9,48.9,48.6,48.6,4228.0
2021-06-08 14:13:00,NSE:SDBL,48.9,48.9,48.9,48.9,1150.0
2021-06-08 14:14:00,NSE:SDBL,48.75,48.75,48.65,48.65,391.0
2021-06-08 14:15:00,NSE:SDBL,48.55,48.55,48.55,48.55,2380.0
2021-06-08 14:16:00,NSE:SDBL,48.5,48.55,48.5,48.5,2719.0
2021-06-08 14:17:00,NSE:SDBL,48.55,48.55,48.55,48.55,1176.0
2021-06-08 14:18:00,NSE:SDBL,48.55,48.55,48.4,48.4,816.0
2021-06-08 14:19:00,NSE:SDBL,48.3,48.3,48.3,48.3,75.0
2021-06-08 14:20:00,NSE:SDBL,48.3,48.3,48.3,48.3,100.0
2021-06-08 14:21:00,NSE:SDBL,48.4,48.4,48.4,48.4,544.0
2021-06-08 14:22:00,NSE:SDBL,48.55,48.55,48.55,48.55,31.0
2021-06-08 14:23:00,NSE:SDBL,48.55,48.55,48.5,48.5,1000.0
2021-06-08 14:24:00,NSE:SDBL,48.5,48.5,48.5,48.5,205.0
2021-06-08 14:25:00,NSE:SDBL,48.5,48.5,48.5,48.5,432.0
2021-06-08 14:26:00,NSE:SDBL,48.5,48.5,48.45,48.45,217.0
2021-06-08 14:27:00,NSE:SDBL,48.45,48.45,48.45,48.45,25.0
2021-06-08 14:28:00,NSE:SDBL,48.5,48.5,48.5,48.5,401.0
2021-06-08 14:29:00,NSE:SDBL,48.5,48.5,48.5,48.5,205.0
2021-06-08 14:30:00,NSE:SDBL,48.5,48.5,48.45,48.45,650.0
2021-06-08 14:31:00,NSE:SDBL,48.45,48.5,48.45,48.5,1200.0
2021-06-08 14:32:00,NSE:SDBL,48.5,48.5,48.5,48.5,456.0
2021-06-08 14:33:00,NSE:SDBL,48.5,48.5,48.5,48.5,700.0
2021-06-08 14:34:00,NSE:SDBL,48.45,48.45,48.45,48.45,25.0
2021-06-08 14:35:00,NSE:SDBL,48.5,48.5,48.5,48.5,24.0
2021-06-08 14:37:00,NSE:SDBL,48.5,48.5,48.5,48.5,1000.0
2021-06-08 14:38:00,NSE:SDBL,48.45,48.45,48.45,48.45,100.0
2021-06-08 14:39:00,NSE:SDBL,48.4,48.4,48.4,48.4,1450.0
2021-06-08 14:40:00,NSE:SDBL,48.5,48.5,48.5,48.5,250.0
2021-06-08 14:41:00,NSE:SDBL,48.5,48.5,48.5,48.5,50.0
2021-06-08 14:43:00,NSE:SDBL,48.5,48.5,48.5,48.5,300.0
2021-06-08 14:44:00,NSE:SDBL,48.5,48.5,48.5,48.5,221.0
2021-06-08 14:45:00,NSE:SDBL,48.5,48.5,48.5,48.5,1.0
2021-06-08 14:46:00,NSE:SDBL,48.5,48.5,48.5,48.5,180.0
2021-06-08 14:47:00,NSE:SDBL,48.5,48.5,48.5,48.5,51.0
2021-06-08 14:48:00,NSE:SDBL,48.4,48.4,48.3,48.3,905.0
2021-06-08 14:49:00,NSE:SDBL,48.3,48.55,48.3,48.55,3639.0
2021-06-08 14:50:00,NSE:SDBL,48.55,48.55,48.55,48.55,100.0
2021-06-08 14:51:00,NSE:SDBL,48.5,48.5,48.5,48.5,101.0
2021-06-08 14:52:00,NSE:SDBL,48.55,48.55,48.55,48.55,350.0
2021-06-08 14:53:00,NSE:SDBL,48.55,48.55,48.5,48.5,305.0
2021-06-08 14:54:00,NSE:SDBL,48.5,48.55,48.5,48.55,950.0
2021-06-08 14:55:00,NSE:SDBL,48.55,48.55,48.5,48.5,409.0
2021-06-08 14:56:00,NSE:SDBL,48.55,48.55,48.5,48.55,2200.0
2021-06-08 14:57:00,NSE:SDBL,48.55,48.55,48.45,48.45,680.0
2021-06-08 14:58:00,NSE:SDBL,48.45,48.45,48.45,48.45,370.0
2021-06-08 14:59:00,NSE:SDBL,48.45,48.55,48.45,48.55,341.0
2021-06-08 15:00:00,NSE:SDBL,48.45,48.55,48.45,48.5,2600.0
2021-06-08 15:01:00,NSE:SDBL,48.45,48.45,48.45,48.45,1.0
2021-06-08 15:02:00,NSE:SDBL,48.5,48.5,48.45,48.45,3.0
2021-06-08 15:03:00,NSE:SDBL,48.5,48.5,48.4,48.4,556.0
2021-06-08 15:04:00,NSE:SDBL,48.55,48.55,48.4,48.4,3525.0
2021-06-08 15:05:00,NSE:SDBL,48.1,48.15,48.1,48.15,305.0
2021-06-08 15:06:00,NSE:SDBL,48.45,48.55,48.1,48.55,264.0
2021-06-08 15:07:00,NSE:SDBL,48.55,48.55,48.55,48.55,150.0
2021-06-08 15:08:00,NSE:SDBL,48.4,48.55,48.4,48.55,1700.0
2021-06-08 15:09:00,NSE:SDBL,48.55,48.55,48.55,48.55,1.0
2021-06-08 15:10:00,NSE:SDBL,48.4,48.4,48.0,48.0,5400.0
2021-06-08 15:11:00,NSE:SDBL,48.55,48.55,48.05,48.55,2820.0
2021-06-08 15:13:00,NSE:SDBL,48.2,48.2,48.2,48.2,50.0
2021-06-08 15:14:00,NSE:SDBL,48.5,48.5,48.5,48.5,50.0
2021-06-08 15:15:00,NSE:SDBL,48.2,48.2,48.2,48.2,50.0
2021-06-08 15:16:00,NSE:SDBL,48.05,48.05,48.0,48.0,6802.0
2021-06-08 15:17:00,NSE:SDBL,48.0,48.0,48.0,48.0,1.0
2021-06-08 15:18:00,NSE:SDBL,48.0,48.0,48.0,48.0,431.0
2021-06-08 15:19:00,NSE:SDBL,48.0,48.0,47.95,48.0,1420.0
2021-06-08 15:20:00,NSE:SDBL,48.0,48.0,47.9,47.9,50.0
2021-06-08 15:21:00,NSE:SDBL,48.0,48.0,48.0,48.0,440.0
2021-06-08 15:22:00,NSE:SDBL,47.9,47.9,47.9,47.9,653.0
2021-06-08 15:23:00,NSE:SDBL,47.9,47.9,47.9,47.9,15.0
2021-06-08 15:24:00,NSE:SDBL,47.9,47.9,47.9,47.9,861.0
2021-06-08 15:25:00,NSE:SDBL,47.9,48.0,47.9,48.0,516.0
2021-06-08 15:26:00,NSE:SDBL,48.0,48.0,48.0,48.0,1000.0
2021-06-08 15:27:00,NSE:SDBL,48.0,48.0,48.0,48.0,82.0
2021-06-08 15:28:00,NSE:SDBL,48.0,48.0,47.65,47.65,877.0
2021-06-08 15:29:00,NSE:SDBL,47.6,48.35,47.6,48.35,930.0
2021-06-08 15:43:00,NSE:SDBL,48.2,48.2,48.2,48.2,50.0
2021-06-09 09:07:00,NSE:SDBL,49.5,49.5,49.5,49.5,1698.0
2021-06-09 09:15:00,NSE:SDBL,49.45,49.45,49.0,49.4,11379.0
2021-06-09 09:16:00,NSE:SDBL,49.0,49.4,48.7,49.4,11062.0
2021-06-09 09:17:00,NSE:SDBL,48.7,49.4,48.7,49.15,4098.0
2021-06-09 09:18:00,NSE:SDBL,49.15,49.4,49.0,49.1,1251.0
2021-06-09 09:19:00,NSE:SDBL,49.1,49.35,48.9,49.35,2134.0
2021-06-09 09:20:00,NSE:SDBL,49.4,49.4,48.9,48.9,5020.0
2021-06-09 09:21:00,NSE:SDBL,49.0,49.0,48.9,48.9,1740.0
2021-06-09 09:22:00,NSE:SDBL,48.9,48.9,48.9,48.9,450.0
2021-06-09 09:23:00,NSE:SDBL,48.9,48.9,48.9,48.9,3226.0
2021-06-09 09:24:00,NSE:SDBL,49.0,49.0,48.9,48.9,1300.0
2021-06-09 09:25:00,NSE:SDBL,49.0,49.0,48.8,48.8,2680.0
2021-06-09 09:26:00,NSE:SDBL,48.9,48.9,48.7,48.9,2567.0
2021-06-09 09:27:00,NSE:SDBL,48.8,48.9,48.8,48.8,817.0
2021-06-09 09:28:00,NSE:SDBL,48.8,48.9,48.8,48.9,1944.0
2021-06-09 09:29:00,NSE:SDBL,48.9,48.9,48.9,48.9,225.0
2021-06-09 09:30:00,NSE:SDBL,48.9,48.9,48.8,48.9,1451.0
2021-06-09 09:31:00,NSE:SDBL,48.9,48.9,48.9,48.9,19.0
2021-06-09 09:32:00,NSE:SDBL,48.9,48.9,48.9,48.9,1350.0
2021-06-09 09:33:00,NSE:SDBL,48.9,48.9,48.8,48.8,15.0
2021-06-09 09:34:00,NSE:SDBL,48.8,48.9,48.8,48.9,2200.0
2021-06-09 09:35:00,NSE:SDBL,48.8,48.9,48.8,48.8,1458.0
2021-06-09 09:36:00,NSE:SDBL,48.65,48.7,48.45,48.45,10743.0
2021-06-09 09:37:00,NSE:SDBL,48.5,48.5,48.45,48.5,400.0
2021-06-09 09:38:00,NSE:SDBL,48.45,48.5,48.45,48.5,410.0
2021-06-09 09:39:00,NSE:SDBL,48.5,48.5,48.5,48.5,1526.0
2021-06-09 09:40:00,NSE:SDBL,48.5,48.5,48.45,48.5,1256.0
2021-06-09 09:41:00,NSE:SDBL,48.5,48.5,48.45,48.5,2667.0
2021-06-09 09:42:00,NSE:SDBL,48.8,48.8,48.5,48.5,322.0
2021-06-09 09:43:00,NSE:SDBL,49.0,49.0,48.35,48.35,3442.0
2021-06-09 09:44:00,NSE:SDBL,48.3,49.0,48.3,49.0,6001.0
2021-06-09 09:45:00,NSE:SDBL,48.2,49.0,48.2,49.0,1425.0
2021-06-09 09:46:00,NSE:SDBL,48.25,48.25,48.25,48.25,2.0
2021-06-09 09:47:00,NSE:SDBL,48.25,49.0,48.25,49.0,150.0
2021-06-09 09:48:00,NSE:SDBL,48.5,48.95,48.5,48.95,1453.0
2021-06-09 09:49:00,NSE:SDBL,48.9,48.9,48.75,48.75,150.0
2021-06-09 09:50:00,NSE:SDBL,48.9,48.95,48.75,48.8,1346.0
2021-06-09 09:51:00,NSE:SDBL,48.5,48.5,48.5,48.5,1000.0
2021-06-09 09:52:00,NSE:SDBL,48.5,48.95,48.5,48.55,526.0
2021-06-09 09:53:00,NSE:SDBL,48.95,49.0,48.55,48.95,6051.0
2021-06-09 09:54:00,NSE:SDBL,48.75,48.95,48.6,48.6,1401.0
2021-06-09 09:55:00,NSE:SDBL,48.55,48.6,48.55,48.6,811.0
2021-06-09 09:56:00,NSE:SDBL,48.6,49.4,48.55,49.4,10503.0
2021-06-09 09:57:00,NSE:SDBL,49.45,49.45,48.55,49.35,7501.0
2021-06-09 09:58:00,NSE:SDBL,48.6,49.5,48.6,48.6,5716.0
2021-06-09 09:59:00,NSE:SDBL,49.35,49.5,49.35,49.5,10500.0
2021-06-09 10:00:00,NSE:SDBL,49.5,49.6,49.5,49.55,4430.0
2021-06-09 10:01:00,NSE:SDBL,49.55,49.55,49.5,49.5,2820.0
2021-06-09 10:02:00,NSE:SDBL,49.5,49.7,49.4,49.4,6893.0
2021-06-09 10:03:00,NSE:SDBL,49.4,49.8,49.4,49.8,16374.0
2021-06-09 10:04:00,NSE:SDBL,49.75,49.8,49.7,49.8,3864.0
2021-06-09 10:05:00,NSE:SDBL,49.75,49.75,49.7,49.7,1668.0
2021-06-09 10:06:00,NSE:SDBL,49.7,49.7,49.0,49.0,733.0
2021-06-09 10:07:00,NSE:SDBL,49.6,49.6,49.6,49.6,29.0
2021-06-09 10:08:00,NSE:SDBL,49.6,49.9,49.55,49.9,10112.0
2021-06-09 10:09:00,NSE:SDBL,49.85,50.0,49.85,49.85,8742.0
2021-06-09 10:10:00,NSE:SDBL,49.85,49.85,49.8,49.85,3040.0
2021-06-09 10:11:00,NSE:SDBL,49.85,49.9,49.85,49.9,484.0
2021-06-09 10:12:00,NSE:SDBL,49.85,49.9,49.8,49.85,2246.0
2021-06-09 10:13:00,NSE:SDBL,49.8,49.8,49.7,49.7,196.0
2021-06-09 10:14:00,NSE:SDBL,49.6,49.6,49.5,49.5,2655.0
2021-06-09 10:15:00,NSE:SDBL,49.5,49.5,49.45,49.5,1950.0
2021-06-09 10:16:00,NSE:SDBL,49.5,49.5,49.35,49.5,1360.0
2021-06-09 10:17:00,NSE:SDBL,49.5,49.5,49.5,49.5,226.0
2021-06-09 10:18:00,NSE:SDBL,49.5,49.5,49.4,49.5,641.0
2021-06-09 10:19:00,NSE:SDBL,49.4,49.4,49.05,49.05,1137.0
2021-06-09 10:20:00,NSE:SDBL,49.0,49.35,48.6,49.35,1582.0
2021-06-09 10:21:00,NSE:SDBL,49.35,49.35,49.35,49.35,984.0
2021-06-09 10:22:00,NSE:SDBL,49.35,50.0,49.0,49.0,11516.0
2021-06-09 10:23:00,NSE:SDBL,50.0,50.0,49.0,49.0,500.0
2021-06-09 10:24:00,NSE:SDBL,49.0,49.0,49.0,49.0,1238.0
2021-06-09 10:25:00,NSE:SDBL,49.0,49.05,49.0,49.05,792.0
2021-06-09 10:26:00,NSE:SDBL,49.5,49.5,49.5,49.5,2.0
2021-06-09 10:27:00,NSE:SDBL,49.55,49.55,49.5,49.5,161.0
2021-06-09 10:28:00,NSE:SDBL,49.5,49.5,49.5,49.5,102.0
2021-06-09 10:29:00,NSE:SDBL,49.8,49.8,49.8,49.8,100.0
2021-06-09 10:30:00,NSE:SDBL,49.5,49.8,49.5,49.5,1531.0
2021-06-09 10:31:00,NSE:SDBL,49.5,49.5,49.5,49.5,16.0
2021-06-09 10:32:00,NSE:SDBL,49.8,49.8,49.8,49.8,161.0
2021-06-09 10:33:00,NSE:SDBL,49.8,49.85,49.8,49.8,1207.0
2021-06-09 10:34:00,NSE:SDBL,49.8,49.8,49.8,49.8,13.0
2021-06-09 10:35:00,NSE:SDBL,49.6,49.6,49.6,49.6,5.0
2021-06-09 10:36:00,NSE:SDBL,49.6,49.6,49.6,49.6,100.0
2021-06-09 10:38:00,NSE:SDBL,49.8,49.8,49.6,49.6,301.0
2021-06-09 10:40:00,NSE:SDBL,49.6,49.6,49.6,49.6,151.0
2021-06-09 10:41:00,NSE:SDBL,49.8,49.85,49.6,49.65,3589.0
2021-06-09 10:42:00,NSE:SDBL,49.85,49.85,49.65,49.65,325.0
2021-06-09 10:43:00,NSE:SDBL,49.65,49.95,49.6,49.95,10188.0
2021-06-09 10:44:00,NSE:SDBL,49.9,49.9,49.55,49.55,1900.0
2021-06-09 10:45:00,NSE:SDBL,49.9,49.9,49.55,49.55,10227.0
2021-06-09 10:46:00,NSE:SDBL,49.6,49.95,49.55,49.95,800.0
2021-06-09 10:47:00,NSE:SDBL,49.6,49.6,49.6,49.6,36.0
2021-06-09 10:48:00,NSE:SDBL,49.6,49.6,49.6,49.6,150.0
2021-06-09 10:49:00,NSE:SDBL,49.95,49.95,49.7,49.7,102.0
2021-06-09 10:50:00,NSE:SDBL,49.9,49.95,49.9,49.95,604.0
2021-06-09 10:51:00,NSE:SDBL,49.95,49.95,49.9,49.95,920.0
2021-06-09 10:52:00,NSE:SDBL,49.95,49.95,49.6,49.6,2258.0
2021-06-09 10:53:00,NSE:SDBL,50.0,50.0,49.6,49.6,1002.0
2021-06-09 10:54:00,NSE:SDBL,50.0,50.0,50.0,50.0,276.0
2021-06-09 10:55:00,NSE:SDBL,50.0,50.0,49.6,49.65,281.0
2021-06-09 10:56:00,NSE:SDBL,49.65,49.9,49.65,49.9,939.0
2021-06-09 10:57:00,NSE:SDBL,49.9,49.9,49.9,49.9,350.0
2021-06-09 10:58:00,NSE:SDBL,49.9,49.95,49.9,49.95,605.0
2021-06-09 10:59:00,NSE:SDBL,50.0,50.0,49.9,49.9,11194.0
2021-06-09 11:00:00,NSE:SDBL,50.0,50.0,49.9,49.95,7070.0
2021-06-09 11:01:00,NSE:SDBL,50.0,50.0,50.0,50.0,333.0
2021-06-09 11:02:00,NSE:SDBL,50.0,50.0,49.9,49.9,16893.0
2021-06-09 11:03:00,NSE:SDBL,49.9,49.9,49.75,49.75,1055.0
2021-06-09 11:05:00,NSE:SDBL,49.85,49.85,49.85,49.85,675.0
2021-06-09 11:06:00,NSE:SDBL,49.85,49.9,49.85,49.9,8388.0
2021-06-09 11:07:00,NSE:SDBL,49.95,49.95,49.9,49.9,320.0
2021-06-09 11:08:00,NSE:SDBL,49.95,50.0,49.9,49.95,6782.0
2021-06-09 11:09:00,NSE:SDBL,49.95,50.0,49.95,50.0,4864.0
2021-06-09 11:10:00,NSE:SDBL,49.95,50.0,49.95,50.0,943.0
2021-06-09 11:11:00,NSE:SDBL,49.95,50.0,49.95,50.0,255.0
2021-06-09 11:12:00,NSE:SDBL,50.0,50.0,49.95,50.0,4954.0
2021-06-09 11:13:00,NSE:SDBL,50.0,50.0,49.95,50.0,12577.0
2021-06-09 11:14:00,NSE:SDBL,50.0,50.0,49.95,49.95,5424.0
2021-06-09 11:15:00,NSE:SDBL,50.1,50.2,50.1,50.1,4234.0
2021-06-09 11:17:00,NSE:SDBL,50.1,50.2,50.1,50.15,596.0
2021-06-09 11:18:00,NSE:SDBL,50.15,50.2,50.15,50.2,525.0
2021-06-09 11:19:00,NSE:SDBL,50.15,50.15,50.15,50.15,105.0
2021-06-09 11:20:00,NSE:SDBL,50.15,50.2,50.15,50.2,497.0
2021-06-09 11:21:00,NSE:SDBL,50.15,50.2,50.1,50.2,2205.0
2021-06-09 11:22:00,NSE:SDBL,50.2,50.2,50.1,50.1,420.0
2021-06-09 11:23:00,NSE:SDBL,50.0,50.1,50.0,50.1,450.0
2021-06-09 11:24:00,NSE:SDBL,50.0,50.0,50.0,50.0,85.0
2021-06-09 11:25:00,NSE:SDBL,50.1,50.1,50.1,50.1,1100.0
2021-06-09 11:26:00,NSE:SDBL,50.0,50.1,50.0,50.1,122.0
2021-06-09 11:27:00,NSE:SDBL,50.1,50.2,50.1,50.2,647.0
2021-06-09 11:28:00,NSE:SDBL,50.2,50.2,50.2,50.2,250.0
2021-06-09 11:29:00,NSE:SDBL,50.1,50.2,50.0,50.2,2300.0
2021-06-09 11:30:00,NSE:SDBL,50.0,50.05,50.0,50.05,750.0
2021-06-09 11:31:00,NSE:SDBL,50.15,50.15,50.15,50.15,525.0
2021-06-09 11:32:00,NSE:SDBL,50.2,50.2,49.95,50.0,5944.0
2021-06-09 11:33:00,NSE:SDBL,50.0,50.0,50.0,50.0,3410.0
2021-06-09 11:34:00,NSE:SDBL,49.95,50.2,49.95,50.0,2087.0
2021-06-09 11:35:00,NSE:SDBL,50.2,50.2,50.15,50.15,14854.0
2021-06-09 11:36:00,NSE:SDBL,50.2,50.2,50.15,50.2,355.0
2021-06-09 11:37:00,NSE:SDBL,50.2,50.2,50.2,50.2,3155.0
2021-06-09 11:38:00,NSE:SDBL,50.2,50.2,50.2,50.2,7.0
2021-06-09 11:39:00,NSE:SDBL,50.2,50.2,50.2,50.2,225.0
2021-06-09 11:40:00,NSE:SDBL,50.15,50.2,50.15,50.2,1500.0
2021-06-09 11:41:00,NSE:SDBL,50.2,50.2,50.2,50.2,1700.0
2021-06-09 11:42:00,NSE:SDBL,50.15,50.2,50.15,50.2,1250.0
2021-06-09 11:43:00,NSE:SDBL,50.15,50.15,50.15,50.15,3000.0
2021-06-09 11:44:00,NSE:SDBL,50.15,50.15,50.1,50.1,250.0
2021-06-09 11:45:00,NSE:SDBL,50.05,50.2,50.05,50.2,8259.0
2021-06-09 11:46:00,NSE:SDBL,50.0,50.2,50.0,50.2,1326.0
2021-06-09 11:47:00,NSE:SDBL,49.95,49.95,49.95,49.95,555.0
2021-06-09 11:48:00,NSE:SDBL,50.15,50.2,50.0,50.2,1027.0
2021-06-09 11:49:00,NSE:SDBL,50.0,50.0,50.0,50.0,182.0
2021-06-09 11:50:00,NSE:SDBL,50.05,50.05,50.05,50.05,10.0
2021-06-09 11:51:00,NSE:SDBL,50.05,50.2,50.05,50.2,10092.0
2021-06-09 11:52:00,NSE:SDBL,50.0,50.0,50.0,50.0,465.0
2021-06-09 11:53:00,NSE:SDBL,50.0,50.0,50.0,50.0,1877.0
2021-06-09 11:54:00,NSE:SDBL,50.0,50.3,50.0,50.3,10054.0
2021-06-09 11:55:00,NSE:SDBL,50.05,50.05,50.05,50.05,269.0
2021-06-09 11:56:00,NSE:SDBL,50.05,50.35,50.05,50.35,10020.0
2021-06-09 11:57:00,NSE:SDBL,50.35,50.35,50.35,50.35,2301.0
2021-06-09 11:58:00,NSE:SDBL,50.35,50.35,50.3,50.35,2010.0
2021-06-09 11:59:00,NSE:SDBL,50.35,50.35,50.25,50.25,1612.0
2021-06-09 12:00:00,NSE:SDBL,50.3,50.3,50.3,50.3,10.0
2021-06-09 12:01:00,NSE:SDBL,50.25,50.4,50.25,50.35,2486.0
2021-06-09 12:02:00,NSE:SDBL,50.35,50.35,50.35,50.35,181.0
2021-06-09 12:03:00,NSE:SDBL,50.35,50.35,50.35,50.35,1808.0
2021-06-09 12:04:00,NSE:SDBL,50.4,50.4,50.35,50.4,1406.0
2021-06-09 12:05:00,NSE:SDBL,50.35,50.35,50.35,50.35,100.0
2021-06-09 12:06:00,NSE:SDBL,50.35,50.4,50.35,50.4,1375.0
2021-06-09 12:07:00,NSE:SDBL,50.4,50.4,50.4,50.4,1200.0
2021-06-09 12:08:00,NSE:SDBL,50.35,50.4,50.35,50.35,929.0
2021-06-09 12:09:00,NSE:SDBL,50.35,50.4,50.2,50.2,2703.0
2021-06-09 12:10:00,NSE:SDBL,50.4,50.4,50.4,50.4,4000.0
2021-06-09 12:11:00,NSE:SDBL,50.2,50.4,50.2,50.4,10.0
2021-06-09 12:12:00,NSE:SDBL,50.3,50.4,50.2,50.4,5744.0
2021-06-09 12:14:00,NSE:SDBL,50.4,50.45,50.3,50.45,875.0
2021-06-09 12:15:00,NSE:SDBL,50.45,50.45,50.45,50.45,4500.0
2021-06-09 12:16:00,NSE:SDBL,50.45,50.45,50.45,50.45,524.0
2021-06-09 12:17:00,NSE:SDBL,50.4,50.4,50.4,50.4,310.0
2021-06-09 12:18:00,NSE:SDBL,50.4,50.4,50.4,50.4,130.0
2021-06-09 12:19:00,NSE:SDBL,50.4,50.5,50.4,50.5,885.0
2021-06-09 12:21:00,NSE:SDBL,50.45,50.5,50.45,50.45,790.0
2021-06-09 12:22:00,NSE:SDBL,50.5,50.5,50.5,50.5,3023.0
2021-06-09 12:23:00,NSE:SDBL,50.5,50.5,50.45,50.5,1195.0
2021-06-09 12:24:00,NSE:SDBL,50.5,50.5,50.45,50.45,53.0
2021-06-09 12:25:00,NSE:SDBL,50.5,50.5,50.45,50.5,1305.0
2021-06-09 12:26:00,NSE:SDBL,50.45,50.5,50.45,50.5,1206.0
2021-06-09 12:27:00,NSE:SDBL,50.5,50.5,50.5,50.5,230.0
2021-06-09 12:28:00,NSE:SDBL,50.5,50.5,50.4,50.45,1732.0
2021-06-09 12:29:00,NSE:SDBL,50.5,50.5,50.4,50.4,1116.0
2021-06-09 12:30:00,NSE:SDBL,50.4,50.4,50.35,50.35,200.0
2021-06-09 12:31:00,NSE:SDBL,50.45,50.45,50.45,50.45,36.0
2021-06-09 12:32:00,NSE:SDBL,50.35,50.4,50.35,50.4,1230.0
2021-06-09 12:33:00,NSE:SDBL,50.4,50.4,50.3,50.3,711.0
2021-06-09 12:34:00,NSE:SDBL,50.3,50.3,50.2,50.2,779.0
2021-06-09 12:35:00,NSE:SDBL,50.2,50.2,50.2,50.2,709.0
2021-06-09 12:36:00,NSE:SDBL,50.15,50.15,50.0,50.0,1432.0
2021-06-09 12:37:00,NSE:SDBL,50.0,50.0,50.0,50.0,400.0
2021-06-09 12:38:00,NSE:SDBL,50.0,50.0,50.0,50.0,29.0
2021-06-09 12:39:00,NSE:SDBL,50.2,50.2,50.0,50.2,545.0
2021-06-09 12:40:00,NSE:SDBL,50.0,50.0,49.95,50.0,2442.0
2021-06-09 12:41:00,NSE:SDBL,50.0,50.0,49.95,49.95,824.0
2021-06-09 12:43:00,NSE:SDBL,49.95,49.95,49.95,49.95,302.0
2021-06-09 12:44:00,NSE:SDBL,49.95,49.95,49.9,49.9,30.0
2021-06-09 12:45:00,NSE:SDBL,49.95,49.95,49.9,49.95,469.0
2021-06-09 12:46:00,NSE:SDBL,49.95,50.2,49.95,50.2,685.0
2021-06-09 12:47:00,NSE:SDBL,50.0,50.2,50.0,50.2,2423.0
2021-06-09 12:48:00,NSE:SDBL,50.2,50.2,50.2,50.2,350.0
2021-06-09 12:49:00,NSE:SDBL,50.3,50.3,50.3,50.3,205.0
2021-06-09 12:50:00,NSE:SDBL,50.3,50.35,50.3,50.35,738.0
2021-06-09 12:51:00,NSE:SDBL,50.0,50.0,50.0,50.0,400.0
2021-06-09 12:52:00,NSE:SDBL,50.35,50.35,50.05,50.35,153.0
2021-06-09 12:53:00,NSE:SDBL,50.35,50.35,50.0,50.0,504.0
2021-06-09 12:55:00,NSE:SDBL,50.3,50.3,50.3,50.3,350.0
2021-06-09 12:56:00,NSE:SDBL,50.3,50.3,50.3,50.3,130.0
2021-06-09 12:57:00,NSE:SDBL,50.3,50.3,50.3,50.3,1070.0
2021-06-09 12:58:00,NSE:SDBL,50.3,50.3,50.3,50.3,487.0
2021-06-09 12:59:00,NSE:SDBL,50.3,50.4,50.3,50.4,800.0
2021-06-09 13:00:00,NSE:SDBL,50.0,50.0,50.0,50.0,156.0
2021-06-09 13:01:00,NSE:SDBL,50.0,50.2,50.0,50.2,200.0
2021-06-09 13:02:00,NSE:SDBL,50.0,50.2,50.0,50.2,36.0
2021-06-09 13:03:00,NSE:SDBL,50.2,50.2,50.15,50.15,11.0
2021-06-09 13:04:00,NSE:SDBL,50.2,50.2,50.0,50.0,2618.0
2021-06-09 13:05:00,NSE:SDBL,50.0,50.2,49.9,50.2,1058.0
2021-06-09 13:06:00,NSE:SDBL,50.2,50.3,50.2,50.3,351.0
2021-06-09 13:07:00,NSE:SDBL,50.3,50.3,50.2,50.2,244.0
2021-06-09 13:08:00,NSE:SDBL,50.2,50.2,49.9,49.9,3744.0
2021-06-09 13:09:00,NSE:SDBL,49.9,49.9,49.9,49.9,2500.0
2021-06-09 13:10:00,NSE:SDBL,50.0,50.0,49.75,49.75,2285.0
2021-06-09 13:11:00,NSE:SDBL,49.0,50.0,49.0,50.0,20200.0
2021-06-09 13:12:00,NSE:SDBL,49.25,50.0,49.25,50.0,501.0
2021-06-09 13:13:00,NSE:SDBL,49.2,49.3,49.2,49.3,85.0
2021-06-09 13:14:00,NSE:SDBL,49.1,49.1,48.6,49.0,2810.0
2021-06-09 13:15:00,NSE:SDBL,49.0,49.0,49.0,49.0,645.0
2021-06-09 13:16:00,NSE:SDBL,49.0,49.0,48.65,48.65,300.0
2021-06-09 13:17:00,NSE:SDBL,48.8,49.5,48.8,49.5,137.0
2021-06-09 13:18:00,NSE:SDBL,49.5,49.5,49.0,49.0,272.0
2021-06-09 13:19:00,NSE:SDBL,49.0,49.0,48.6,48.6,728.0
2021-06-09 13:20:00,NSE:SDBL,49.0,49.4,48.7,49.4,494.0
2021-06-09 13:21:00,NSE:SDBL,49.4,49.4,49.4,49.4,574.0
2021-06-09 13:22:00,NSE:SDBL,49.0,49.0,48.75,48.75,280.0
2021-06-09 13:23:00,NSE:SDBL,48.8,48.8,48.8,48.8,250.0
2021-06-09 13:24:00,NSE:SDBL,48.8,48.8,48.8,48.8,2072.0
2021-06-09 13:25:00,NSE:SDBL,48.8,48.8,48.65,48.65,2479.0
2021-06-09 13:26:00,NSE:SDBL,48.75,49.0,48.75,49.0,441.0
2021-06-09 13:27:00,NSE:SDBL,48.8,49.0,48.8,49.0,102.0
2021-06-09 13:28:00,NSE:SDBL,49.0,49.0,48.65,48.65,1100.0
2021-06-09 13:29:00,NSE:SDBL,49.0,49.0,48.7,49.0,1100.0
2021-06-09 13:30:00,NSE:SDBL,49.0,49.0,48.8,48.8,1405.0
2021-06-09 13:31:00,NSE:SDBL,48.55,48.8,48.55,48.8,8167.0
2021-06-09 13:32:00,NSE:SDBL,48.8,48.8,48.8,48.8,472.0
2021-06-09 13:33:00,NSE:SDBL,48.8,48.9,48.8,48.9,2112.0
2021-06-09 13:34:00,NSE:SDBL,48.8,48.8,48.55,48.55,870.0
2021-06-09 13:37:00,NSE:SDBL,48.6,48.9,48.6,48.9,661.0
2021-06-09 13:38:00,NSE:SDBL,49.0,49.0,49.0,49.0,500.0
2021-06-09 13:39:00,NSE:SDBL,49.0,49.0,49.0,49.0,52.0
2021-06-09 13:40:00,NSE:SDBL,49.0,49.0,49.0,49.0,250.0
2021-06-09 13:41:00,NSE:SDBL,48.9,49.0,48.9,49.0,29.0
2021-06-09 13:42:00,NSE:SDBL,49.0,49.0,48.95,48.95,1725.0
2021-06-09 13:43:00,NSE:SDBL,49.0,49.0,49.0,49.0,500.0
2021-06-09 13:44:00,NSE:SDBL,48.9,48.9,48.9,48.9,50.0
2021-06-09 13:46:00,NSE:SDBL,49.0,49.0,49.0,49.0,500.0
2021-06-09 13:47:00,NSE:SDBL,49.0,49.0,49.0,49.0,1175.0
2021-06-09 13:48:00,NSE:SDBL,49.0,49.0,48.9,48.9,226.0
2021-06-09 13:49:00,NSE:SDBL,49.0,49.0,49.0,49.0,200.0
2021-06-09 13:50:00,NSE:SDBL,49.0,49.0,49.0,49.0,1070.0
2021-06-09 13:51:00,NSE:SDBL,49.0,49.0,49.0,49.0,500.0
2021-06-09 13:52:00,NSE:SDBL,49.0,49.0,48.9,48.9,121.0
2021-06-09 13:53:00,NSE:SDBL,48.9,48.9,48.9,48.9,550.0
2021-06-09 13:54:00,NSE:SDBL,49.0,49.0,49.0,49.0,105.0
2021-06-09 13:55:00,NSE:SDBL,48.9,48.9,48.65,48.65,546.0
2021-06-09 13:56:00,NSE:SDBL,48.65,48.65,48.6,48.6,554.0
2021-06-09 13:58:00,NSE:SDBL,48.6,48.6,48.6,48.6,600.0
2021-06-09 14:00:00,NSE:SDBL,48.6,48.6,48.6,48.6,526.0
2021-06-09 14:01:00,NSE:SDBL,48.9,48.95,48.9,48.95,450.0
2021-06-09 14:03:00,NSE:SDBL,48.95,48.95,48.95,48.95,205.0
2021-06-09 14:04:00,NSE:SDBL,48.9,48.9,48.9,48.9,300.0
2021-06-09 14:05:00,NSE:SDBL,48.8,48.8,48.8,48.8,31.0
2021-06-09 14:06:00,NSE:SDBL,48.9,48.9,48.9,48.9,116.0
2021-06-09 14:07:00,NSE:SDBL,48.95,48.95,48.9,48.9,1157.0
2021-06-09 14:09:00,NSE:SDBL,48.85,48.95,48.8,48.8,301.0
2021-06-09 14:10:00,NSE:SDBL,48.8,48.8,48.8,48.8,600.0
2021-06-09 14:11:00,NSE:SDBL,48.95,48.95,48.95,48.95,100.0
2021-06-09 14:14:00,NSE:SDBL,48.95,49.0,48.95,48.95,1260.0
2021-06-09 14:15:00,NSE:SDBL,48.8,48.8,48.8,48.8,1.0
2021-06-09 14:16:00,NSE:SDBL,48.75,48.75,48.75,48.75,641.0
2021-06-09 14:17:00,NSE:SDBL,48.75,48.75,48.75,48.75,47.0
2021-06-09 14:18:00,NSE:SDBL,49.0,49.0,48.8,48.8,1003.0
2021-06-09 14:19:00,NSE:SDBL,48.75,48.75,48.75,48.75,1447.0
2021-06-09 14:21:00,NSE:SDBL,49.0,49.0,49.0,49.0,50.0
2021-06-09 14:22:00,NSE:SDBL,49.0,49.0,49.0,49.0,20.0
2021-06-09 14:23:00,NSE:SDBL,49.0,49.0,49.0,49.0,100.0
2021-06-09 14:25:00,NSE:SDBL,49.0,49.0,49.0,49.0,50.0
2021-06-09 14:26:00,NSE:SDBL,49.0,49.0,49.0,49.0,110.0
2021-06-09 14:27:00,NSE:SDBL,48.8,48.8,48.8,48.8,500.0
2021-06-09 14:29:00,NSE:SDBL,48.8,48.8,48.8,48.8,1.0
2021-06-09 14:30:00,NSE:SDBL,48.95,49.0,48.95,49.0,1200.0
2021-06-09 14:31:00,NSE:SDBL,48.95,49.0,48.95,49.0,250.0
2021-06-09 14:32:00,NSE:SDBL,49.0,49.0,48.95,48.95,151.0
2021-06-09 14:33:00,NSE:SDBL,49.0,49.0,49.0,49.0,100.0
2021-06-09 14:34:00,NSE:SDBL,48.85,49.0,48.85,49.0,350.0
2021-06-09 14:35:00,NSE:SDBL,49.0,49.0,49.0,49.0,25.0
2021-06-09 14:36:00,NSE:SDBL,48.95,48.95,48.95,48.95,2.0
2021-06-09 14:37:00,NSE:SDBL,48.85,48.85,48.85,48.85,2199.0
2021-06-09 14:38:00,NSE:SDBL,48.85,48.85,48.85,48.85,600.0
2021-06-09 14:39:00,NSE:SDBL,48.8,48.85,48.8,48.85,800.0
2021-06-09 14:40:00,NSE:SDBL,48.8,48.85,48.8,48.85,150.0
2021-06-09 14:41:00,NSE:SDBL,48.85,48.85,48.85,48.85,2692.0
2021-06-09 14:44:00,NSE:SDBL,48.85,48.85,48.85,48.85,201.0
2021-06-09 14:45:00,NSE:SDBL,48.85,48.85,48.85,48.85,190.0
2021-06-09 14:46:00,NSE:SDBL,48.85,48.85,48.85,48.85,1000.0
2021-06-09 14:47:00,NSE:SDBL,48.85,48.85,48.85,48.85,5000.0
2021-06-09 14:48:00,NSE:SDBL,48.85,48.85,48.85,48.85,550.0
2021-06-09 14:49:00,NSE:SDBL,48.85,48.85,48.8,48.8,4628.0
2021-06-09 14:50:00,NSE:SDBL,48.6,48.6,48.6,48.6,500.0
2021-06-09 14:52:00,NSE:SDBL,48.55,48.8,48.55,48.8,2540.0
2021-06-09 14:53:00,NSE:SDBL,48.55,48.55,48.55,48.55,626.0
2021-06-09 14:54:00,NSE:SDBL,48.55,48.85,48.55,48.85,295.0
2021-06-09 14:55:00,NSE:SDBL,48.85,48.85,48.85,48.85,90.0
2021-06-09 14:56:00,NSE:SDBL,48.9,48.9,48.9,48.9,90.0
2021-06-09 14:57:00,NSE:SDBL,48.85,48.95,48.85,48.95,178.0
2021-06-09 14:58:00,NSE:SDBL,48.95,48.95,48.95,48.95,5.0
2021-06-09 14:59:00,NSE:SDBL,48.9,48.95,48.9,48.9,120.0
2021-06-09 15:00:00,NSE:SDBL,48.9,48.9,48.85,48.85,1030.0
2021-06-09 15:01:00,NSE:SDBL,48.9,48.9,48.9,48.9,600.0
2021-06-09 15:02:00,NSE:SDBL,48.9,48.9,48.9,48.9,303.0
2021-06-09 15:03:00,NSE:SDBL,48.9,49.0,48.9,49.0,5500.0
2021-06-09 15:04:00,NSE:SDBL,48.85,48.95,48.85,48.95,505.0
2021-06-09 15:05:00,NSE:SDBL,48.55,48.55,48.55,48.55,700.0
2021-06-09 15:06:00,NSE:SDBL,48.95,48.95,48.95,48.95,3.0
2021-06-09 15:07:00,NSE:SDBL,48.65,48.65,48.65,48.65,1000.0
2021-06-09 15:10:00,NSE:SDBL,48.95,48.95,48.65,48.65,2351.0
2021-06-09 15:11:00,NSE:SDBL,48.7,48.7,48.7,48.7,300.0
2021-06-09 15:12:00,NSE:SDBL,48.7,48.95,48.7,48.95,203.0
2021-06-09 15:13:00,NSE:SDBL,48.95,48.95,48.7,48.75,1501.0
2021-06-09 15:14:00,NSE:SDBL,48.95,48.95,48.95,48.95,100.0
2021-06-09 15:15:00,NSE:SDBL,48.9,48.9,48.9,48.9,1200.0
2021-06-09 15:16:00,NSE:SDBL,48.95,48.95,48.85,48.85,505.0
2021-06-09 15:17:00,NSE:SDBL,48.85,48.95,48.85,48.95,450.0
2021-06-09 15:18:00,NSE:SDBL,48.95,48.95,48.95,48.95,606.0
2021-06-09 15:19:00,NSE:SDBL,48.95,48.95,48.95,48.95,116.0
2021-06-09 15:20:00,NSE:SDBL,48.75,48.95,48.75,48.95,250.0
2021-06-09 15:22:00,NSE:SDBL,48.95,48.95,48.9,48.9,450.0
2021-06-09 15:23:00,NSE:SDBL,48.95,48.95,48.9,48.9,740.0
2021-06-09 15:24:00,NSE:SDBL,48.9,48.9,48.65,48.65,401.0
2021-06-09 15:25:00,NSE:SDBL,48.9,48.95,48.9,48.95,1684.0
2021-06-09 15:26:00,NSE:SDBL,48.95,48.95,48.95,48.95,130.0
2021-06-09 15:27:00,NSE:SDBL,48.9,48.9,48.65,48.7,451.0
2021-06-09 15:28:00,NSE:SDBL,48.65,48.95,48.65,48.95,1470.0
2021-06-09 15:29:00,NSE:SDBL,48.9,48.9,48.9,48.9,1302.0
2021-06-09 15:54:00,NSE:SDBL,48.9,48.9,48.9,48.9,36.0
2021-06-10 09:07:00,NSE:SDBL,49.7,49.7,49.7,49.7,6130.0
2021-06-10 09:15:00,NSE:SDBL,49.7,49.7,49.0,49.0,3579.0
2021-06-10 09:16:00,NSE:SDBL,49.4,49.4,49.4,49.4,1560.0
2021-06-10 09:17:00,NSE:SDBL,49.4,49.4,49.0,49.4,2950.0
2021-06-10 09:18:00,NSE:SDBL,49.4,49.4,49.0,49.4,2619.0
2021-06-10 09:19:00,NSE:SDBL,49.0,49.4,49.0,49.0,2183.0
2021-06-10 09:20:00,NSE:SDBL,49.0,49.0,49.0,49.0,1046.0
2021-06-10 09:21:00,NSE:SDBL,49.0,49.0,49.0,49.0,250.0
2021-06-10 09:22:00,NSE:SDBL,49.1,49.1,49.1,49.1,9.0
2021-06-10 09:23:00,NSE:SDBL,49.4,49.4,49.0,49.0,10764.0
2021-06-10 09:24:00,NSE:SDBL,49.45,50.4,49.0,50.4,13430.0
2021-06-10 09:25:00,NSE:SDBL,50.0,50.2,50.0,50.2,239.0
2021-06-10 09:26:00,NSE:SDBL,50.4,50.4,50.0,50.0,2620.0
2021-06-10 09:27:00,NSE:SDBL,49.75,49.75,49.0,49.0,1470.0
2021-06-10 09:28:00,NSE:SDBL,49.0,49.0,49.0,49.0,545.0
2021-06-10 09:29:00,NSE:SDBL,49.05,49.1,49.05,49.05,1700.0
2021-06-10 09:30:00,NSE:SDBL,49.1,49.5,49.05,49.5,31.0
2021-06-10 09:31:00,NSE:SDBL,49.5,49.5,49.5,49.5,315.0
2021-06-10 09:32:00,NSE:SDBL,49.5,49.5,49.5,49.5,176.0
2021-06-10 09:33:00,NSE:SDBL,49.8,49.85,49.8,49.85,500.0
2021-06-10 09:34:00,NSE:SDBL,49.5,49.85,49.5,49.5,256.0
2021-06-10 09:35:00,NSE:SDBL,49.5,49.85,49.5,49.85,179.0
2021-06-10 09:36:00,NSE:SDBL,49.85,49.85,49.6,49.85,82.0
2021-06-10 09:37:00,NSE:SDBL,49.85,49.85,49.85,49.85,500.0
2021-06-10 09:38:00,NSE:SDBL,49.6,49.6,49.6,49.6,6.0
2021-06-10 09:39:00,NSE:SDBL,49.6,49.6,49.6,49.6,51.0
2021-06-10 09:40:00,NSE:SDBL,49.6,49.6,49.6,49.6,27.0
2021-06-10 09:43:00,NSE:SDBL,49.8,49.8,49.8,49.8,50.0
2021-06-10 09:44:00,NSE:SDBL,49.65,49.65,49.65,49.65,250.0
2021-06-10 09:46:00,NSE:SDBL,49.8,49.8,49.7,49.8,781.0
2021-06-10 09:47:00,NSE:SDBL,49.8,49.8,49.65,49.65,102.0
2021-06-10 09:48:00,NSE:SDBL,49.65,49.65,49.65,49.65,45.0
2021-06-10 09:49:00,NSE:SDBL,49.75,49.75,49.75,49.75,20.0
2021-06-10 09:50:00,NSE:SDBL,49.75,50.0,49.75,50.0,10164.0
2021-06-10 09:51:00,NSE:SDBL,50.0,50.0,49.75,50.0,6270.0
2021-06-10 09:52:00,NSE:SDBL,50.0,50.0,50.0,50.0,14538.0
2021-06-10 09:53:00,NSE:SDBL,50.0,50.0,50.0,50.0,5462.0
2021-06-10 09:54:00,NSE:SDBL,50.0,50.0,49.6,49.6,300.0
2021-06-10 09:55:00,NSE:SDBL,49.5,49.5,49.5,49.5,2000.0
2021-06-10 09:56:00,NSE:SDBL,50.0,50.0,50.0,50.0,100.0
2021-06-10 09:57:00,NSE:SDBL,50.0,50.0,50.0,50.0,500.0
2021-06-10 09:58:00,NSE:SDBL,49.5,49.5,49.5,49.5,483.0
2021-06-10 09:59:00,NSE:SDBL,49.5,49.5,49.5,49.5,2.0
2021-06-10 10:00:00,NSE:SDBL,49.95,49.95,49.5,49.5,101.0
2021-06-10 10:02:00,NSE:SDBL,49.5,49.9,49.5,49.9,3.0
2021-06-10 10:03:00,NSE:SDBL,49.9,49.9,49.9,49.9,3.0
2021-06-10 10:04:00,NSE:SDBL,49.95,49.95,49.95,49.95,14.0
2021-06-10 10:05:00,NSE:SDBL,49.9,49.95,49.9,49.9,906.0
2021-06-10 10:06:00,NSE:SDBL,49.5,49.5,49.5,49.5,251.0
2021-06-10 10:07:00,NSE:SDBL,49.6,49.6,49.6,49.6,146.0
2021-06-10 10:08:00,NSE:SDBL,49.6,49.6,49.6,49.6,1.0
2021-06-10 10:09:00,NSE:SDBL,49.6,49.6,49.6,49.6,123.0
2021-06-10 10:10:00,NSE:SDBL,49.6,49.6,49.5,49.5,2477.0
2021-06-10 10:11:00,NSE:SDBL,49.5,49.5,49.5,49.5,2.0
2021-06-10 10:12:00,NSE:SDBL,49.5,49.5,49.5,49.5,300.0
2021-06-10 10:13:00,NSE:SDBL,49.5,49.5,49.5,49.5,52.0
2021-06-10 10:14:00,NSE:SDBL,49.8,49.8,49.8,49.8,5285.0
2021-06-10 10:15:00,NSE:SDBL,49.8,49.8,49.8,49.8,5.0
2021-06-10 10:16:00,NSE:SDBL,49.8,49.9,49.6,49.6,252.0
2021-06-10 10:17:00,NSE:SDBL,49.9,49.9,49.65,49.65,24.0
2021-06-10 10:18:00,NSE:SDBL,49.9,49.9,49.9,49.9,110.0
2021-06-10 10:20:00,NSE:SDBL,49.65,49.65,49.65,49.65,350.0
2021-06-10 10:21:00,NSE:SDBL,49.65,49.65,49.65,49.65,100.0
2021-06-10 10:22:00,NSE:SDBL,49.65,49.8,49.65,49.8,191.0
2021-06-10 10:24:00,NSE:SDBL,49.65,49.65,49.65,49.65,410.0
2021-06-10 10:25:00,NSE:SDBL,49.8,49.8,49.8,49.8,50.0
2021-06-10 10:26:00,NSE:SDBL,49.65,49.65,49.65,49.65,520.0
2021-06-10 10:27:00,NSE:SDBL,49.7,49.7,49.65,49.65,90.0
2021-06-10 10:28:00,NSE:SDBL,49.65,49.65,49.65,49.65,520.0
2021-06-10 10:29:00,NSE:SDBL,49.65,49.8,49.65,49.8,296.0
2021-06-10 10:30:00,NSE:SDBL,49.7,49.7,49.7,49.7,351.0
2021-06-10 10:32:00,NSE:SDBL,49.7,49.8,49.7,49.8,120.0
2021-06-10 10:34:00,NSE:SDBL,49.7,49.7,49.7,49.7,829.0
2021-06-10 10:35:00,NSE:SDBL,49.65,49.65,49.65,49.65,420.0
2021-06-10 10:37:00,NSE:SDBL,49.7,49.7,49.65,49.65,121.0
2021-06-10 10:38:00,NSE:SDBL,49.7,49.7,49.7,49.7,46.0
2021-06-10 10:39:00,NSE:SDBL,49.65,49.7,49.65,49.7,114.0
2021-06-10 10:40:00,NSE:SDBL,49.7,49.7,49.7,49.7,3.0
2021-06-10 10:42:00,NSE:SDBL,49.7,49.7,49.7,49.7,581.0
2021-06-10 10:43:00,NSE:SDBL,49.65,49.65,49.65,49.65,1008.0
2021-06-10 10:44:00,NSE:SDBL,49.65,49.7,49.65,49.7,800.0
2021-06-10 10:45:00,NSE:SDBL,49.65,49.65,49.65,49.65,100.0
2021-06-10 10:46:00,NSE:SDBL,49.7,49.7,49.7,49.7,410.0
2021-06-10 10:47:00,NSE:SDBL,49.7,49.7,49.65,49.65,94.0
2021-06-10 10:48:00,NSE:SDBL,49.65,49.65,49.65,49.65,500.0
2021-06-10 10:49:00,NSE:SDBL,49.7,49.7,49.65,49.65,502.0
2021-06-10 10:50:00,NSE:SDBL,49.6,49.6,49.6,49.6,400.0
2021-06-10 10:51:00,NSE:SDBL,49.65,49.65,49.65,49.65,2.0
2021-06-10 10:52:00,NSE:SDBL,49.6,49.6,49.6,49.6,500.0
2021-06-10 10:54:00,NSE:SDBL,49.6,49.6,49.6,49.6,1373.0
2021-06-10 10:55:00,NSE:SDBL,49.7,49.7,49.7,49.7,500.0
2021-06-10 10:56:00,NSE:SDBL,49.5,49.6,49.5,49.6,69.0
2021-06-10 10:57:00,NSE:SDBL,49.6,49.6,49.6,49.6,1900.0
2021-06-10 10:58:00,NSE:SDBL,49.6,49.8,49.6,49.8,631.0
2021-06-10 10:59:00,NSE:SDBL,49.9,49.9,49.9,49.9,224.0
2021-06-10 11:00:00,NSE:SDBL,49.8,49.9,49.8,49.9,300.0
2021-06-10 11:01:00,NSE:SDBL,49.9,49.9,49.8,49.8,2501.0
2021-06-10 11:02:00,NSE:SDBL,49.9,49.9,49.9,49.9,502.0
2021-06-10 11:05:00,NSE:SDBL,49.9,49.9,49.9,49.9,1.0
2021-06-10 11:06:00,NSE:SDBL,49.8,49.8,49.8,49.8,1050.0
2021-06-10 11:07:00,NSE:SDBL,49.9,49.9,49.9,49.9,17.0
2021-06-10 11:09:00,NSE:SDBL,49.8,49.8,49.8,49.8,12.0
2021-06-10 11:11:00,NSE:SDBL,49.8,49.8,49.8,49.8,1100.0
2021-06-10 11:12:00,NSE:SDBL,49.9,49.9,49.9,49.9,300.0
2021-06-10 11:14:00,NSE:SDBL,49.8,49.8,49.8,49.8,166.0
2021-06-10 11:15:00,NSE:SDBL,49.8,49.8,49.8,49.8,100.0
2021-06-10 11:16:00,NSE:SDBL,49.8,49.8,49.8,49.8,400.0
2021-06-10 11:17:00,NSE:SDBL,49.8,49.8,49.8,49.8,2000.0
2021-06-10 11:18:00,NSE:SDBL,49.8,49.8,49.8,49.8,675.0
2021-06-10 11:19:00,NSE:SDBL,49.8,49.8,49.8,49.8,10.0
2021-06-10 11:20:00,NSE:SDBL,49.8,49.8,49.8,49.8,500.0
2021-06-10 11:21:00,NSE:SDBL,49.9,49.9,49.9,49.9,130.0
2021-06-10 11:23:00,NSE:SDBL,49.8,49.8,49.8,49.8,100.0
2021-06-10 11:25:00,NSE:SDBL,49.8,49.8,49.8,49.8,40.0
2021-06-10 11:26:00,NSE:SDBL,49.9,49.9,49.8,49.8,210.0
2021-06-10 11:27:00,NSE:SDBL,49.8,49.8,49.75,49.75,536.0
2021-06-10 11:28:00,NSE:SDBL,49.75,49.75,49.75,49.75,500.0
2021-06-10 11:31:00,NSE:SDBL,49.75,49.75,49.75,49.75,33.0
2021-06-10 11:32:00,NSE:SDBL,49.75,49.9,49.75,49.9,672.0
2021-06-10 11:33:00,NSE:SDBL,49.75,49.75,49.75,49.75,400.0
2021-06-10 11:34:00,NSE:SDBL,49.6,49.6,49.6,49.6,440.0
2021-06-10 11:35:00,NSE:SDBL,49.9,49.9,49.6,49.6,560.0
2021-06-10 11:36:00,NSE:SDBL,49.6,49.6,49.6,49.6,1.0
2021-06-10 11:37:00,NSE:SDBL,49.6,49.6,49.6,49.6,50.0
2021-06-10 11:38:00,NSE:SDBL,49.85,49.85,49.85,49.85,100.0
2021-06-10 11:39:00,NSE:SDBL,49.85,49.85,49.85,49.85,150.0
2021-06-10 11:40:00,NSE:SDBL,49.85,49.85,49.85,49.85,1000.0
2021-06-10 11:41:00,NSE:SDBL,49.85,49.85,49.85,49.85,104.0
2021-06-10 11:42:00,NSE:SDBL,49.9,49.9,49.9,49.9,102.0
2021-06-10 11:43:00,NSE:SDBL,49.9,49.9,49.9,49.9,200.0
2021-06-10 11:44:00,NSE:SDBL,49.9,49.9,49.9,49.9,20.0
2021-06-10 11:45:00,NSE:SDBL,49.85,49.9,49.85,49.9,1460.0
2021-06-10 11:48:00,NSE:SDBL,49.85,49.85,49.85,49.85,500.0
2021-06-10 11:49:00,NSE:SDBL,49.85,49.85,49.6,49.6,410.0
2021-06-10 11:50:00,NSE:SDBL,49.6,49.6,49.6,49.6,50.0
2021-06-10 11:52:00,NSE:SDBL,49.6,49.6,49.6,49.6,125.0
2021-06-10 11:56:00,NSE:SDBL,49.6,49.6,49.6,49.6,100.0
2021-06-10 12:01:00,NSE:SDBL,49.7,49.7,49.7,49.7,1.0
2021-06-10 12:03:00,NSE:SDBL,49.7,49.7,49.7,49.7,200.0
2021-06-10 12:04:00,NSE:SDBL,49.7,49.9,49.7,49.9,2000.0
2021-06-10 12:05:00,NSE:SDBL,49.5,49.5,49.5,49.5,15063.0
2021-06-10 12:06:00,NSE:SDBL,49.5,49.5,49.5,49.5,79.0
2021-06-10 12:08:00,NSE:SDBL,49.5,49.5,49.5,49.5,200.0
2021-06-10 12:09:00,NSE:SDBL,49.5,49.5,49.5,49.5,302.0
2021-06-10 12:11:00,NSE:SDBL,49.1,49.1,49.1,49.1,500.0
2021-06-10 12:12:00,NSE:SDBL,49.1,49.1,49.1,49.1,30.0
2021-06-10 12:18:00,NSE:SDBL,49.25,49.25,49.25,49.25,150.0
2021-06-10 12:20:00,NSE:SDBL,49.25,49.25,49.25,49.25,50.0
2021-06-10 12:21:00,NSE:SDBL,49.25,49.25,49.25,49.25,50.0
2021-06-10 12:22:00,NSE:SDBL,49.5,49.5,49.5,49.5,450.0
2021-06-10 12:23:00,NSE:SDBL,49.15,49.15,49.15,49.15,105.0
2021-06-10 12:24:00,NSE:SDBL,49.5,49.5,49.5,49.5,500.0
2021-06-10 12:26:00,NSE:SDBL,49.5,49.5,49.15,49.15,99.0
2021-06-10 12:30:00,NSE:SDBL,49.2,49.5,49.2,49.5,101.0
2021-06-10 12:31:00,NSE:SDBL,49.5,49.5,49.5,49.5,213.0
2021-06-10 12:32:00,NSE:SDBL,49.5,49.5,49.5,49.5,19.0
2021-06-10 12:34:00,NSE:SDBL,49.5,49.5,49.4,49.4,1100.0
2021-06-10 12:35:00,NSE:SDBL,49.25,49.25,49.25,49.25,1.0
2021-06-10 12:37:00,NSE:SDBL,49.2,49.2,49.15,49.15,1000.0
2021-06-10 12:38:00,NSE:SDBL,49.5,49.5,49.5,49.5,2200.0
2021-06-10 12:39:00,NSE:SDBL,49.15,49.15,49.15,49.15,1.0
2021-06-10 12:40:00,NSE:SDBL,49.15,49.15,49.15,49.15,3.0
2021-06-10 12:42:00,NSE:SDBL,49.15,49.15,49.15,49.15,527.0
2021-06-10 12:43:00,NSE:SDBL,49.15,49.15,49.05,49.15,1173.0
2021-06-10 12:48:00,NSE:SDBL,49.15,49.15,49.15,49.15,75.0
2021-06-10 12:49:00,NSE:SDBL,49.15,49.15,49.15,49.15,202.0
2021-06-10 12:53:00,NSE:SDBL,49.5,49.5,49.15,49.15,200.0
2021-06-10 12:54:00,NSE:SDBL,49.5,49.5,49.5,49.5,100.0
2021-06-10 12:55:00,NSE:SDBL,49.15,49.15,49.15,49.15,500.0
2021-06-10 12:56:00,NSE:SDBL,49.3,49.3,49.3,49.3,200.0
2021-06-10 12:59:00,NSE:SDBL,49.5,49.5,49.5,49.5,1000.0
2021-06-10 13:00:00,NSE:SDBL,49.15,49.5,49.15,49.5,3500.0
2021-06-10 13:02:00,NSE:SDBL,49.5,49.5,49.5,49.5,150.0
2021-06-10 13:07:00,NSE:SDBL,49.45,49.45,49.45,49.45,300.0
2021-06-10 13:08:00,NSE:SDBL,49.45,49.45,49.45,49.45,30.0
2021-06-10 13:09:00,NSE:SDBL,49.3,49.3,49.3,49.3,7.0
2021-06-10 13:10:00,NSE:SDBL,49.3,49.3,49.3,49.3,3.0
2021-06-10 13:11:00,NSE:SDBL,49.15,49.15,49.15,49.15,3757.0
2021-06-10 13:12:00,NSE:SDBL,49.3,49.3,49.3,49.3,10.0
2021-06-10 13:15:00,NSE:SDBL,49.2,49.2,49.2,49.2,1.0
2021-06-10 13:16:00,NSE:SDBL,49.2,49.2,49.2,49.2,119.0
2021-06-10 13:17:00,NSE:SDBL,49.2,49.2,49.2,49.2,837.0
2021-06-10 13:18:00,NSE:SDBL,49.25,49.45,49.25,49.45,190.0
2021-06-10 13:20:00,NSE:SDBL,49.45,49.45,49.45,49.45,103.0
2021-06-10 13:22:00,NSE:SDBL,49.5,49.5,49.45,49.45,5100.0
2021-06-10 13:23:00,NSE:SDBL,49.5,49.5,49.5,49.5,802.0
2021-06-10 13:24:00,NSE:SDBL,49.45,49.45,49.45,49.45,609.0
2021-06-10 13:25:00,NSE:SDBL,49.45,49.45,49.4,49.45,386.0
2021-06-10 13:26:00,NSE:SDBL,49.45,49.45,49.45,49.45,100.0
2021-06-10 13:27:00,NSE:SDBL,49.45,49.45,49.4,49.4,26.0
2021-06-10 13:28:00,NSE:SDBL,49.45,49.5,49.45,49.5,40.0
2021-06-10 13:29:00,NSE:SDBL,49.5,49.5,49.15,49.15,801.0
2021-06-10 13:31:00,NSE:SDBL,49.2,49.2,49.2,49.2,1003.0
2021-06-10 13:32:00,NSE:SDBL,49.5,49.5,49.5,49.5,1000.0
2021-06-10 13:36:00,NSE:SDBL,49.5,49.5,49.5,49.5,2000.0
2021-06-10 13:38:00,NSE:SDBL,49.15,49.45,49.15,49.45,300.0
2021-06-10 13:40:00,NSE:SDBL,49.45,49.45,49.45,49.45,100.0
2021-06-10 13:41:00,NSE:SDBL,49.45,49.45,49.45,49.45,420.0
2021-06-10 13:43:00,NSE:SDBL,49.1,49.1,49.1,49.1,30.0
2021-06-10 13:45:00,NSE:SDBL,49.1,49.1,49.1,49.1,50.0
2021-06-10 13:46:00,NSE:SDBL,49.05,49.05,49.05,49.05,150.0
2021-06-10 13:48:00,NSE:SDBL,49.45,49.5,49.45,49.5,10430.0
2021-06-10 13:49:00,NSE:SDBL,49.75,49.75,49.75,49.75,366.0
2021-06-10 13:50:00,NSE:SDBL,49.75,49.75,49.75,49.75,341.0
2021-06-10 13:51:00,NSE:SDBL,49.45,49.45,49.45,49.45,2.0
2021-06-10 13:52:00,NSE:SDBL,49.45,49.75,49.45,49.75,8.0
2021-06-10 13:55:00,NSE:SDBL,49.75,49.75,49.75,49.75,60.0
2021-06-10 13:56:00,NSE:SDBL,49.45,49.45,49.45,49.45,40.0
2021-06-10 14:02:00,NSE:SDBL,49.45,49.45,49.45,49.45,400.0
2021-06-10 14:03:00,NSE:SDBL,49.45,49.45,49.45,49.45,25.0
2021-06-10 14:05:00,NSE:SDBL,49.45,49.45,49.45,49.45,1052.0
2021-06-10 14:07:00,NSE:SDBL,49.05,49.05,49.05,49.05,848.0
2021-06-10 14:08:00,NSE:SDBL,49.05,49.05,49.05,49.05,125.0
2021-06-10 14:09:00,NSE:SDBL,49.9,49.9,49.5,49.5,1200.0
2021-06-10 14:10:00,NSE:SDBL,49.5,49.5,49.5,49.5,41.0
2021-06-10 14:11:00,NSE:SDBL,49.5,49.5,49.5,49.5,102.0
2021-06-10 14:12:00,NSE:SDBL,49.5,49.5,49.5,49.5,200.0
2021-06-10 14:13:00,NSE:SDBL,49.5,49.9,49.05,49.05,1659.0
2021-06-10 14:15:00,NSE:SDBL,49.5,49.5,49.5,49.5,100.0
2021-06-10 14:16:00,NSE:SDBL,49.5,49.5,49.5,49.5,350.0
2021-06-10 14:17:00,NSE:SDBL,49.5,49.5,49.5,49.5,10.0
2021-06-10 14:25:00,NSE:SDBL,49.05,49.05,49.05,49.05,546.0
2021-06-10 14:26:00,NSE:SDBL,49.05,49.05,49.05,49.05,200.0
2021-06-10 14:27:00,NSE:SDBL,49.05,49.05,49.05,49.05,150.0
2021-06-10 14:30:00,NSE:SDBL,49.5,49.5,49.5,49.5,1355.0
2021-06-10 14:31:00,NSE:SDBL,49.5,49.5,49.5,49.5,69.0
2021-06-10 14:33:00,NSE:SDBL,49.75,49.75,49.5,49.5,130.0
2021-06-10 14:34:00,NSE:SDBL,49.5,49.6,49.5,49.6,300.0
2021-06-10 14:35:00,NSE:SDBL,49.5,49.5,49.5,49.5,100.0
2021-06-10 14:37:00,NSE:SDBL,49.5,49.5,49.5,49.5,2100.0
2021-06-10 14:38:00,NSE:SDBL,49.6,49.6,49.6,49.6,300.0
2021-06-10 14:41:00,NSE:SDBL,49.8,49.8,49.8,49.8,2.0
2021-06-10 14:42:00,NSE:SDBL,49.75,49.75,49.7,49.7,200.0
2021-06-10 14:43:00,NSE:SDBL,49.5,49.5,49.5,49.5,510.0
2021-06-10 14:44:00,NSE:SDBL,49.5,49.7,49.5,49.7,620.0
2021-06-10 14:46:00,NSE:SDBL,49.5,49.5,49.5,49.5,666.0
2021-06-10 14:47:00,NSE:SDBL,49.5,49.5,49.1,49.1,443.0
2021-06-10 14:48:00,NSE:SDBL,49.7,49.7,49.05,49.05,2251.0
2021-06-10 14:49:00,NSE:SDBL,49.7,49.7,49.7,49.7,30.0
2021-06-10 14:50:00,NSE:SDBL,49.7,49.7,49.5,49.5,100.0
2021-06-10 14:55:00,NSE:SDBL,49.5,49.5,49.5,49.5,14.0
2021-06-10 14:57:00,NSE:SDBL,49.5,49.5,49.5,49.5,540.0
2021-06-10 14:58:00,NSE:SDBL,49.15,49.15,49.0,49.0,9348.0
2021-06-10 15:00:00,NSE:SDBL,49.0,49.5,49.0,49.5,510.0
2021-06-10 15:02:00,NSE:SDBL,49.4,49.4,49.0,49.0,5354.0
2021-06-10 15:03:00,NSE:SDBL,49.0,49.0,49.0,49.0,253.0
2021-06-10 15:04:00,NSE:SDBL,49.0,49.0,49.0,49.0,517.0
2021-06-10 15:05:00,NSE:SDBL,49.0,49.0,49.0,49.0,834.0
2021-06-10 15:06:00,NSE:SDBL,49.0,49.0,49.0,49.0,200.0
2021-06-10 15:07:00,NSE:SDBL,48.95,49.0,48.95,49.0,1184.0
2021-06-10 15:09:00,NSE:SDBL,49.0,49.0,49.0,49.0,2292.0
2021-06-10 15:11:00,NSE:SDBL,49.4,49.45,49.4,49.45,449.0
2021-06-10 15:12:00,NSE:SDBL,49.15,49.15,49.15,49.15,200.0
2021-06-10 15:14:00,NSE:SDBL,49.15,49.15,49.15,49.15,200.0
2021-06-10 15:15:00,NSE:SDBL,49.5,49.5,49.1,49.1,2157.0
2021-06-10 15:16:00,NSE:SDBL,49.5,49.5,49.5,49.5,100.0
2021-06-10 15:18:00,NSE:SDBL,49.1,49.1,49.1,49.1,130.0
2021-06-10 15:19:00,NSE:SDBL,49.5,49.5,49.5,49.5,100.0
2021-06-10 15:20:00,NSE:SDBL,49.5,49.5,49.1,49.1,55.0
2021-06-10 15:22:00,NSE:SDBL,49.1,49.1,49.1,49.1,11.0
2021-06-10 15:23:00,NSE:SDBL,49.45,49.5,49.45,49.45,2070.0
2021-06-10 15:24:00,NSE:SDBL,49.5,49.5,49.1,49.1,16110.0
2021-06-10 15:25:00,NSE:SDBL,49.15,49.15,49.15,49.15,50.0
2021-06-10 15:26:00,NSE:SDBL,49.5,49.5,49.1,49.1,5010.0
2021-06-10 15:27:00,NSE:SDBL,49.2,49.2,49.2,49.2,100.0
2021-06-10 15:28:00,NSE:SDBL,49.5,49.5,49.2,49.5,13.0
2021-06-10 15:29:00,NSE:SDBL,49.5,49.5,49.5,49.5,582.0
2021-06-11 09:07:00,NSE:SDBL,50.4,50.4,50.4,50.4,951.0
2021-06-11 09:15:00,NSE:SDBL,50.4,50.4,49.7,49.7,461.0
2021-06-11 09:16:00,NSE:SDBL,49.7,49.7,49.6,49.6,237.0
2021-06-11 09:17:00,NSE:SDBL,49.6,49.6,49.15,49.6,230.0
2021-06-11 09:18:00,NSE:SDBL,49.6,49.6,49.1,49.6,800.0
2021-06-11 09:19:00,NSE:SDBL,49.5,49.7,49.5,49.7,517.0
2021-06-11 09:20:00,NSE:SDBL,49.15,49.5,49.15,49.5,361.0
2021-06-11 09:21:00,NSE:SDBL,49.5,49.95,49.5,49.5,755.0
2021-06-11 09:22:00,NSE:SDBL,49.5,49.5,49.5,49.5,380.0
2021-06-11 09:23:00,NSE:SDBL,49.5,49.5,49.1,49.1,313.0
2021-06-11 09:26:00,NSE:SDBL,49.15,49.5,49.15,49.5,12.0
2021-06-11 09:28:00,NSE:SDBL,49.15,49.15,49.15,49.15,281.0
2021-06-11 09:29:00,NSE:SDBL,49.5,49.5,49.5,49.5,1000.0
2021-06-11 09:30:00,NSE:SDBL,49.5,49.5,49.5,49.5,259.0
2021-06-11 09:32:00,NSE:SDBL,49.15,49.15,49.15,49.15,159.0
2021-06-11 09:33:00,NSE:SDBL,49.15,49.15,49.0,49.0,400.0
2021-06-11 09:34:00,NSE:SDBL,49.0,49.0,49.0,49.0,11.0
2021-06-11 09:35:00,NSE:SDBL,49.0,49.0,49.0,49.0,1000.0
2021-06-11 09:36:00,NSE:SDBL,49.0,49.0,49.0,49.0,526.0
2021-06-11 09:37:00,NSE:SDBL,49.0,49.0,49.0,49.0,100.0
2021-06-11 09:38:00,NSE:SDBL,49.0,49.0,49.0,49.0,104.0
2021-06-11 09:39:00,NSE:SDBL,49.0,49.05,49.0,49.05,520.0
2021-06-11 09:40:00,NSE:SDBL,49.35,49.35,49.0,49.0,700.0
2021-06-11 09:41:00,NSE:SDBL,49.0,49.0,49.0,49.0,559.0
2021-06-11 09:42:00,NSE:SDBL,49.35,49.35,49.35,49.35,200.0
2021-06-11 09:44:00,NSE:SDBL,49.25,49.25,49.25,49.25,150.0
2021-06-11 09:45:00,NSE:SDBL,49.25,49.25,49.25,49.25,200.0
2021-06-11 09:46:00,NSE:SDBL,49.25,49.25,49.25,49.25,20.0
2021-06-11 09:47:00,NSE:SDBL,49.1,49.1,49.1,49.1,343.0
2021-06-11 09:48:00,NSE:SDBL,49.1,49.1,49.1,49.1,1000.0
2021-06-11 09:49:00,NSE:SDBL,49.1,49.25,49.1,49.25,200.0
2021-06-11 09:50:00,NSE:SDBL,49.1,49.25,49.1,49.25,3.0
2021-06-11 09:51:00,NSE:SDBL,49.25,49.25,49.25,49.25,1000.0
2021-06-11 09:52:00,NSE:SDBL,49.25,49.25,49.25,49.25,2.0
2021-06-11 09:53:00,NSE:SDBL,49.1,49.25,49.1,49.25,2080.0
2021-06-11 09:54:00,NSE:SDBL,49.25,49.25,49.1,49.25,4130.0
2021-06-11 09:57:00,NSE:SDBL,49.2,49.2,49.1,49.1,1574.0
2021-06-11 09:58:00,NSE:SDBL,49.2,49.2,49.1,49.1,106.0
2021-06-11 09:59:00,NSE:SDBL,49.1,49.1,49.05,49.05,2600.0
2021-06-11 10:00:00,NSE:SDBL,49.05,49.1,49.05,49.1,483.0
2021-06-11 10:01:00,NSE:SDBL,49.1,49.1,49.0,49.0,147.0
2021-06-11 10:02:00,NSE:SDBL,49.1,49.1,49.1,49.1,253.0
2021-06-11 10:03:00,NSE:SDBL,49.2,49.2,49.2,49.2,50.0
2021-06-11 10:04:00,NSE:SDBL,49.1,49.1,49.1,49.1,1000.0
2021-06-11 10:05:00,NSE:SDBL,49.25,49.25,49.25,49.25,201.0
2021-06-11 10:06:00,NSE:SDBL,49.1,49.1,49.1,49.1,65.0
2021-06-11 10:07:00,NSE:SDBL,49.1,49.1,49.1,49.1,682.0
2021-06-11 10:08:00,NSE:SDBL,49.1,49.1,49.1,49.1,10.0
2021-06-11 10:09:00,NSE:SDBL,49.1,49.1,49.1,49.1,100.0
2021-06-11 10:11:00,NSE:SDBL,49.1,49.1,49.0,49.0,415.0
2021-06-11 10:12:00,NSE:SDBL,49.0,49.0,49.0,49.0,593.0
2021-06-11 10:13:00,NSE:SDBL,49.05,49.1,49.05,49.1,300.0
2021-06-11 10:14:00,NSE:SDBL,49.0,49.0,49.0,49.0,950.0
2021-06-11 10:16:00,NSE:SDBL,49.1,49.1,49.05,49.05,158.0
2021-06-11 10:17:00,NSE:SDBL,49.0,49.0,49.0,49.0,1000.0
2021-06-11 10:18:00,NSE:SDBL,49.0,49.25,49.0,49.25,1700.0
2021-06-11 10:19:00,NSE:SDBL,49.25,49.25,49.25,49.25,11.0
2021-06-11 10:20:00,NSE:SDBL,49.05,49.05,49.0,49.0,165.0
2021-06-11 10:21:00,NSE:SDBL,49.25,49.25,49.25,49.25,105.0
2021-06-11 10:23:00,NSE:SDBL,49.0,49.0,49.0,49.0,500.0
2021-06-11 10:24:00,NSE:SDBL,49.2,49.2,49.2,49.2,50.0
2021-06-11 10:26:00,NSE:SDBL,49.0,49.0,49.0,49.0,251.0
2021-06-11 10:27:00,NSE:SDBL,49.2,49.2,49.0,49.0,3018.0
2021-06-11 10:28:00,NSE:SDBL,49.0,49.0,49.0,49.0,334.0
2021-06-11 10:29:00,NSE:SDBL,49.0,49.0,49.0,49.0,200.0
2021-06-11 10:30:00,NSE:SDBL,49.0,49.0,48.9,48.9,663.0
2021-06-11 10:31:00,NSE:SDBL,48.9,48.9,48.75,48.8,218.0
2021-06-11 10:32:00,NSE:SDBL,48.8,48.85,48.8,48.8,1108.0
2021-06-11 10:33:00,NSE:SDBL,48.5,48.5,48.5,48.5,800.0
2021-06-11 10:34:00,NSE:SDBL,48.5,48.5,48.5,48.5,400.0
2021-06-11 10:35:00,NSE:SDBL,48.6,48.6,48.55,48.55,210.0
2021-06-11 10:36:00,NSE:SDBL,48.55,48.55,48.55,48.55,500.0
2021-06-11 10:40:00,NSE:SDBL,48.55,48.55,48.55,48.55,110.0
2021-06-11 10:43:00,NSE:SDBL,48.6,48.6,48.6,48.6,250.0
2021-06-11 10:44:00,NSE:SDBL,48.6,48.6,48.6,48.6,43.0
2021-06-11 10:45:00,NSE:SDBL,48.85,48.85,48.85,48.85,100.0
2021-06-11 10:46:00,NSE:SDBL,48.6,48.6,48.6,48.6,300.0
2021-06-11 10:47:00,NSE:SDBL,48.85,48.85,48.6,48.6,102.0
2021-06-11 10:48:00,NSE:SDBL,48.9,48.9,48.6,48.6,1200.0
2021-06-11 10:51:00,NSE:SDBL,48.65,48.65,48.65,48.65,200.0
2021-06-11 10:52:00,NSE:SDBL,48.6,48.9,48.6,48.9,995.0
2021-06-11 10:53:00,NSE:SDBL,48.9,48.9,48.6,48.6,184.0
2021-06-11 10:54:00,NSE:SDBL,48.6,48.6,48.55,48.6,1417.0
2021-06-11 10:56:00,NSE:SDBL,48.7,48.7,48.7,48.7,7.0
2021-06-11 10:57:00,NSE:SDBL,48.65,48.65,48.6,48.6,103.0
2021-06-11 10:58:00,NSE:SDBL,48.6,48.6,48.6,48.6,510.0
2021-06-11 10:59:00,NSE:SDBL,48.55,48.55,48.55,48.55,50.0
2021-06-11 11:00:00,NSE:SDBL,48.55,48.55,48.55,48.55,100.0
2021-06-11 11:01:00,NSE:SDBL,48.55,48.6,48.55,48.6,1591.0
2021-06-11 11:02:00,NSE:SDBL,48.6,48.6,48.6,48.6,700.0
2021-06-11 11:03:00,NSE:SDBL,48.6,48.6,48.6,48.6,379.0
2021-06-11 11:06:00,NSE:SDBL,48.6,48.6,48.6,48.6,25.0
2021-06-11 11:09:00,NSE:SDBL,48.9,48.9,48.9,48.9,8.0
2021-06-11 11:10:00,NSE:SDBL,48.9,48.9,48.9,48.9,100.0
2021-06-11 11:12:00,NSE:SDBL,48.65,48.65,48.65,48.65,386.0
2021-06-11 11:13:00,NSE:SDBL,49.0,49.0,48.9,48.9,20030.0
2021-06-11 11:14:00,NSE:SDBL,48.95,49.0,48.95,49.0,20055.0
2021-06-11 11:19:00,NSE:SDBL,48.65,48.65,48.65,48.65,40.0
2021-06-11 11:20:00,NSE:SDBL,48.65,48.65,48.65,48.65,4.0
2021-06-11 11:22:00,NSE:SDBL,48.95,48.95,48.6,48.6,1100.0
2021-06-11 11:23:00,NSE:SDBL,48.6,48.6,48.6,48.6,1.0
2021-06-11 11:24:00,NSE:SDBL,48.6,48.6,48.6,48.6,440.0
2021-06-11 11:26:00,NSE:SDBL,48.55,48.55,48.55,48.55,88.0
2021-06-11 11:27:00,NSE:SDBL,48.55,48.55,48.55,48.55,20.0
2021-06-11 11:28:00,NSE:SDBL,48.6,48.6,48.6,48.6,295.0
2021-06-11 11:31:00,NSE:SDBL,48.1,48.1,48.1,48.1,10002.0
2021-06-11 11:32:00,NSE:SDBL,48.75,48.75,48.75,48.75,20.0
2021-06-11 11:33:00,NSE:SDBL,48.25,48.25,48.25,48.25,48.0
2021-06-11 11:34:00,NSE:SDBL,48.25,48.25,48.25,48.25,325.0
2021-06-11 11:36:00,NSE:SDBL,47.8,47.8,47.5,47.5,20210.0
2021-06-11 11:37:00,NSE:SDBL,48.7,48.7,48.7,48.7,1.0
2021-06-11 11:38:00,NSE:SDBL,47.75,47.75,47.7,47.75,200.0
2021-06-11 11:41:00,NSE:SDBL,47.8,47.8,47.8,47.8,101.0
2021-06-11 11:43:00,NSE:SDBL,48.5,48.5,48.5,48.5,50.0
2021-06-11 11:45:00,NSE:SDBL,48.0,48.0,48.0,48.0,100.0
2021-06-11 11:46:00,NSE:SDBL,48.0,48.0,47.95,47.95,4.0
2021-06-11 11:47:00,NSE:SDBL,48.0,48.0,48.0,48.0,499.0
2021-06-11 11:48:00,NSE:SDBL,48.0,48.0,48.0,48.0,21.0
2021-06-11 11:53:00,NSE:SDBL,48.5,48.5,48.5,48.5,2.0
2021-06-11 11:56:00,NSE:SDBL,48.5,48.5,48.5,48.5,52.0
2021-06-11 11:57:00,NSE:SDBL,48.0,48.5,48.0,48.5,68.0
2021-06-11 11:59:00,NSE:SDBL,48.5,48.5,48.5,48.5,501.0
2021-06-11 12:00:00,NSE:SDBL,48.0,48.0,48.0,48.0,841.0
2021-06-11 12:02:00,NSE:SDBL,48.05,48.05,48.05,48.05,7.0
2021-06-11 12:06:00,NSE:SDBL,48.5,48.5,48.5,48.5,419.0
2021-06-11 12:08:00,NSE:SDBL,48.9,48.9,48.5,48.5,400.0
2021-06-11 12:09:00,NSE:SDBL,48.5,48.5,48.5,48.5,52.0
2021-06-11 12:11:00,NSE:SDBL,48.9,48.9,48.9,48.9,100.0
2021-06-11 12:15:00,NSE:SDBL,48.85,48.85,48.85,48.85,100.0
2021-06-11 12:17:00,NSE:SDBL,48.5,48.5,48.5,48.5,229.0
2021-06-11 12:19:00,NSE:SDBL,48.45,48.45,48.45,48.45,1.0
2021-06-11 12:23:00,NSE:SDBL,48.05,48.05,48.05,48.05,1.0
2021-06-11 12:24:00,NSE:SDBL,48.45,48.45,48.45,48.45,60.0
2021-06-11 12:25:00,NSE:SDBL,48.45,48.45,48.45,48.45,300.0
2021-06-11 12:26:00,NSE:SDBL,48.05,48.05,48.05,48.05,25.0
2021-06-11 12:30:00,NSE:SDBL,48.45,48.45,48.45,48.45,5.0
2021-06-11 12:31:00,NSE:SDBL,48.05,48.05,48.05,48.05,84.0
2021-06-11 12:32:00,NSE:SDBL,48.05,48.05,48.05,48.05,16.0
2021-06-11 12:33:00,NSE:SDBL,48.45,48.45,48.45,48.45,14.0
2021-06-11 12:34:00,NSE:SDBL,48.5,48.6,48.5,48.6,186.0
2021-06-11 12:36:00,NSE:SDBL,48.55,48.55,48.55,48.55,1.0
2021-06-11 12:40:00,NSE:SDBL,48.5,48.5,48.5,48.5,1.0
2021-06-11 12:45:00,NSE:SDBL,48.5,48.5,48.5,48.5,1.0
2021-06-11 12:48:00,NSE:SDBL,48.5,48.5,48.5,48.5,73.0
2021-06-11 12:49:00,NSE:SDBL,48.55,48.55,48.55,48.55,1.0
2021-06-11 12:50:00,NSE:SDBL,48.55,48.55,48.55,48.55,1.0
2021-06-11 12:51:00,NSE:SDBL,48.55,48.55,48.55,48.55,198.0
2021-06-11 12:52:00,NSE:SDBL,48.55,48.55,48.55,48.55,32.0
2021-06-11 12:53:00,NSE:SDBL,48.55,48.55,48.55,48.55,999.0
2021-06-11 12:54:00,NSE:SDBL,48.75,48.75,48.75,48.75,100.0
2021-06-11 12:55:00,NSE:SDBL,48.75,48.75,48.75,48.75,104.0
2021-06-11 12:56:00,NSE:SDBL,48.75,48.75,48.75,48.75,1.0
2021-06-11 13:02:00,NSE:SDBL,48.05,48.05,48.05,48.05,200.0
2021-06-11 13:04:00,NSE:SDBL,48.65,48.65,48.65,48.65,41.0
2021-06-11 13:05:00,NSE:SDBL,48.0,48.0,48.0,48.0,750.0
2021-06-11 13:06:00,NSE:SDBL,48.05,48.05,48.0,48.0,101.0
2021-06-11 13:08:00,NSE:SDBL,48.6,48.6,48.05,48.05,28.0
2021-06-11 13:11:00,NSE:SDBL,48.05,48.05,48.05,48.05,120.0
2021-06-11 13:15:00,NSE:SDBL,48.25,48.25,48.25,48.25,100.0
2021-06-11 13:16:00,NSE:SDBL,48.25,48.25,48.25,48.25,25.0
2021-06-11 13:18:00,NSE:SDBL,48.25,48.5,48.25,48.5,201.0
2021-06-11 13:19:00,NSE:SDBL,48.1,48.4,48.1,48.4,100.0
2021-06-11 13:21:00,NSE:SDBL,48.5,48.5,48.5,48.5,100.0
2021-06-11 13:24:00,NSE:SDBL,48.4,48.4,48.4,48.4,77.0
2021-06-11 13:27:00,NSE:SDBL,48.0,48.5,48.0,48.5,5600.0
2021-06-11 13:28:00,NSE:SDBL,48.0,48.0,48.0,48.0,10.0
2021-06-11 13:29:00,NSE:SDBL,48.0,48.0,48.0,48.0,4.0
2021-06-11 13:30:00,NSE:SDBL,48.0,48.0,48.0,48.0,500.0
2021-06-11 13:32:00,NSE:SDBL,48.05,48.05,48.05,48.05,50.0
2021-06-11 13:33:00,NSE:SDBL,48.0,48.5,48.0,48.5,200.0
2021-06-11 13:35:00,NSE:SDBL,48.0,48.5,48.0,48.5,6.0
2021-06-11 13:38:00,NSE:SDBL,48.0,48.0,48.0,48.0,50.0
2021-06-11 13:40:00,NSE:SDBL,48.0,48.0,48.0,48.0,100.0
2021-06-11 13:41:00,NSE:SDBL,48.1,48.1,48.1,48.1,20.0
2021-06-11 13:42:00,NSE:SDBL,48.0,48.0,48.0,48.0,4.0
2021-06-11 13:44:00,NSE:SDBL,48.05,48.05,48.05,48.05,700.0
2021-06-11 13:47:00,NSE:SDBL,47.9,47.9,47.9,47.9,200.0
2021-06-11 13:48:00,NSE:SDBL,48.05,48.05,48.05,48.05,300.0
2021-06-11 13:50:00,NSE:SDBL,48.5,48.5,48.5,48.5,300.0
2021-06-11 13:51:00,NSE:SDBL,48.5,48.5,48.5,48.5,1.0
2021-06-11 14:01:00,NSE:SDBL,48.4,48.4,48.4,48.4,2.0
2021-06-11 14:07:00,NSE:SDBL,48.4,48.4,48.4,48.4,2.0
2021-06-11 14:09:00,NSE:SDBL,48.35,48.35,48.35,48.35,6.0
2021-06-11 14:10:00,NSE:SDBL,48.4,48.4,48.4,48.4,200.0
2021-06-11 14:12:00,NSE:SDBL,48.3,48.3,48.25,48.25,100.0
2021-06-11 14:16:00,NSE:SDBL,48.3,48.3,48.3,48.3,36.0
2021-06-11 14:17:00,NSE:SDBL,48.0,48.0,48.0,48.0,200.0
2021-06-11 14:18:00,NSE:SDBL,48.0,48.0,48.0,48.0,100.0
2021-06-11 14:19:00,NSE:SDBL,48.0,48.0,48.0,48.0,72.0
2021-06-11 14:20:00,NSE:SDBL,48.0,48.0,48.0,48.0,18.0
2021-06-11 14:21:00,NSE:SDBL,48.0,48.0,48.0,48.0,1000.0
2021-06-11 14:22:00,NSE:SDBL,47.75,47.75,47.75,47.75,850.0
2021-06-11 14:23:00,NSE:SDBL,47.8,48.0,47.8,48.0,201.0
2021-06-11 14:24:00,NSE:SDBL,48.0,48.0,48.0,48.0,50.0
2021-06-11 14:25:00,NSE:SDBL,47.85,48.0,47.85,48.0,234.0
2021-06-11 14:26:00,NSE:SDBL,48.0,48.0,48.0,48.0,1876.0
2021-06-11 14:29:00,NSE:SDBL,48.0,48.0,48.0,48.0,15.0
2021-06-11 14:30:00,NSE:SDBL,48.0,48.0,48.0,48.0,2.0
2021-06-11 14:31:00,NSE:SDBL,48.0,48.0,48.0,48.0,1.0
2021-06-11 14:32:00,NSE:SDBL,48.0,48.0,48.0,48.0,781.0
2021-06-11 14:34:00,NSE:SDBL,48.0,48.0,48.0,48.0,422.0
2021-06-11 14:35:00,NSE:SDBL,48.0,48.0,47.95,47.95,112.0
2021-06-11 14:36:00,NSE:SDBL,47.95,47.95,47.95,47.95,100.0
2021-06-11 14:38:00,NSE:SDBL,47.95,48.0,47.95,48.0,400.0
2021-06-11 14:39:00,NSE:SDBL,47.95,47.95,47.95,47.95,1.0
2021-06-11 14:40:00,NSE:SDBL,48.0,48.0,48.0,48.0,98.0
2021-06-11 14:45:00,NSE:SDBL,47.9,47.9,47.9,47.9,1000.0
2021-06-11 14:47:00,NSE:SDBL,48.0,48.0,47.9,47.9,253.0
2021-06-11 14:50:00,NSE:SDBL,47.95,47.95,47.95,47.95,4.0
2021-06-11 14:51:00,NSE:SDBL,48.4,48.4,48.4,48.4,200.0
2021-06-11 14:52:00,NSE:SDBL,48.4,48.4,48.0,48.4,376.0
2021-06-11 14:53:00,NSE:SDBL,48.4,48.4,48.4,48.4,136.0
2021-06-11 14:54:00,NSE:SDBL,48.4,48.4,48.4,48.4,1530.0
2021-06-11 14:55:00,NSE:SDBL,48.0,48.0,48.0,48.0,100.0
2021-06-11 14:57:00,NSE:SDBL,48.4,48.4,48.4,48.4,309.0
2021-06-11 14:58:00,NSE:SDBL,48.4,48.5,48.4,48.5,1510.0
2021-06-11 14:59:00,NSE:SDBL,48.5,48.5,48.5,48.5,82.0
2021-06-11 15:00:00,NSE:SDBL,48.5,48.5,48.5,48.5,100.0
2021-06-11 15:02:00,NSE:SDBL,48.3,48.5,48.3,48.5,1001.0
2021-06-11 15:03:00,NSE:SDBL,48.5,48.5,48.5,48.5,10.0
2021-06-11 15:04:00,NSE:SDBL,48.5,48.5,48.3,48.3,1750.0
2021-06-11 15:07:00,NSE:SDBL,48.3,48.3,48.3,48.3,109.0
2021-06-11 15:08:00,NSE:SDBL,48.2,48.2,48.2,48.2,70.0
2021-06-11 15:09:00,NSE:SDBL,48.2,48.2,48.1,48.1,1483.0
2021-06-11 15:11:00,NSE:SDBL,48.15,48.25,48.15,48.25,2113.0
2021-06-11 15:13:00,NSE:SDBL,48.0,48.0,48.0,48.0,2015.0
2021-06-11 15:16:00,NSE:SDBL,48.25,48.25,48.25,48.25,760.0
2021-06-11 15:17:00,NSE:SDBL,48.25,48.25,48.25,48.25,80.0
2021-06-11 15:18:00,NSE:SDBL,48.25,48.25,48.25,48.25,200.0
2021-06-11 15:20:00,NSE:SDBL,48.15,48.25,48.15,48.25,350.0
2021-06-11 15:21:00,NSE:SDBL,48.2,48.2,48.2,48.2,60.0
2021-06-11 15:22:00,NSE:SDBL,48.15,48.15,48.15,48.15,100.0
2021-06-11 15:23:00,NSE:SDBL,48.2,48.2,48.2,48.2,106.0
2021-06-11 15:24:00,NSE:SDBL,48.2,48.2,48.2,48.2,450.0
2021-06-11 15:25:00,NSE:SDBL,48.0,48.0,48.0,48.0,2500.0
2021-06-11 15:27:00,NSE:SDBL,48.2,48.2,48.2,48.2,250.0
2021-06-11 15:28:00,NSE:SDBL,48.2,48.5,48.2,48.5,13130.0
2021-06-11 15:29:00,NSE:SDBL,48.5,48.5,48.45,48.45,2505.0
2021-06-11 15:46:00,NSE:SDBL,48.3,48.3,48.3,48.3,5.0
