datetime,symbol,open,high,low,close,volume
2008-02-25 09:15:00,NSE:OLECTRA,56.5,56.5,53.099998,53.099998,60145.0
2008-03-03 09:15:00,NSE:OLECTRA,52.450001,52.450001,46.150002,49.950001,349572.0
2008-03-10 09:15:00,NSE:OLECTRA,47.599998,54.349998,45.150002,48.099998,684409.0
2008-03-17 09:15:00,NSE:OLECTRA,46.099998,47.25,39.099998,44.75,240872.0
2008-03-24 09:15:00,NSE:OLECTRA,44.400002,45.5,38.0,42.549999,387940.0
2008-03-31 09:15:00,NSE:OLECTRA,41.650002,42.900002,35.599998,36.900002,212366.0
2008-04-07 09:15:00,NSE:OLECTRA,37.0,38.400002,33.25,36.25,243357.0
2008-04-15 09:15:00,NSE:OLECTRA,36.5,42.400002,35.5,39.400002,94861.0
2008-04-21 09:15:00,NSE:OLECTRA,36.5,44.950001,36.5,42.150002,183348.0
2008-04-28 09:15:00,NSE:OLECTRA,45.799999,57.349998,42.650002,53.0,455939.0
2008-05-05 09:15:00,NSE:OLECTRA,54.0,59.700001,53.25,56.400002,696300.0
2008-05-12 09:15:00,NSE:OLECTRA,54.0,55.599998,48.349998,48.5,287932.0
2008-05-20 09:15:00,NSE:OLECTRA,46.5,59.049999,46.5,58.950001,616476.0
2008-05-26 09:15:00,NSE:OLECTRA,60.0,75.300003,56.25,73.849998,1710507.0
2008-06-02 09:15:00,NSE:OLECTRA,73.5,76.650002,57.349998,57.950001,562887.0
2008-06-09 09:15:00,NSE:OLECTRA,55.049999,57.700001,50.299999,57.700001,319968.0
2008-08-18 09:15:00,NSE:OLECTRA,40.400002,40.549999,39.0,39.650002,13832.0
2008-08-25 09:15:00,NSE:OLECTRA,39.650002,40.200001,36.849998,38.950001,73233.0
2008-09-01 09:15:00,NSE:OLECTRA,39.0,40.0,35.650002,36.700001,57440.0
2008-09-08 09:15:00,NSE:OLECTRA,37.049999,39.400002,32.5,36.200001,103587.0
2008-09-15 09:15:00,NSE:OLECTRA,35.0,36.0,24.450001,26.85,168283.0
2008-09-22 09:15:00,NSE:OLECTRA,28.200001,31.15,27.1,27.1,198603.0
2008-09-29 09:15:00,NSE:OLECTRA,28.0,28.0,24.5,25.049999,58017.0
2008-10-06 09:15:00,NSE:OLECTRA,24.9,25.0,20.5,20.5,33535.0
2008-10-13 09:15:00,NSE:OLECTRA,20.25,21.0,16.200001,16.200001,80074.0
2008-10-20 09:15:00,NSE:OLECTRA,15.55,16.35,14.5,14.6,52389.0
2008-10-27 09:15:00,NSE:OLECTRA,14.0,14.95,13.7,14.4,36271.0
2008-11-03 09:15:00,NSE:OLECTRA,15.0,18.5,13.7,18.5,80007.0
2008-11-10 09:15:00,NSE:OLECTRA,18.6,19.9,17.35,17.6,64902.0
2008-11-17 09:15:00,NSE:OLECTRA,18.15,18.15,15.15,15.95,44441.0
2008-11-24 09:15:00,NSE:OLECTRA,15.75,16.700001,15.55,15.9,14619.0
2008-12-01 09:15:00,NSE:OLECTRA,15.85,17.700001,15.85,17.5,28045.0
2008-12-08 09:15:00,NSE:OLECTRA,18.299999,18.85,17.25,17.9,20109.0
2008-12-15 09:15:00,NSE:OLECTRA,17.950001,20.700001,17.200001,20.450001,107871.0
2008-12-22 09:15:00,NSE:OLECTRA,20.25,21.4,18.700001,19.75,119986.0
2008-12-29 09:15:00,NSE:OLECTRA,19.700001,20.25,19.200001,19.549999,44862.0
2009-01-05 09:15:00,NSE:OLECTRA,19.950001,20.0,17.5,18.0,58592.0
2009-01-12 09:15:00,NSE:OLECTRA,17.65,18.35,17.0,17.5,28190.0
2009-01-19 09:15:00,NSE:OLECTRA,17.5,17.5,16.0,16.35,45410.0
2009-01-27 09:15:00,NSE:OLECTRA,16.299999,16.75,16.1,16.200001,11875.0
2009-02-02 09:15:00,NSE:OLECTRA,16.75,17.5,14.75,15.45,48301.0
2009-02-09 09:15:00,NSE:OLECTRA,15.0,15.6,13.7,14.85,38212.0
2009-02-16 09:15:00,NSE:OLECTRA,15.6,16.35,13.75,13.75,17455.0
2009-02-24 09:15:00,NSE:OLECTRA,12.4,14.35,12.4,14.3,16674.0
2009-03-02 09:15:00,NSE:OLECTRA,14.05,15.6,14.05,14.4,45599.0
2009-03-09 09:15:00,NSE:OLECTRA,14.8,15.0,13.5,14.05,20648.0
2009-03-16 09:15:00,NSE:OLECTRA,13.8,16.799999,13.8,14.75,55185.0
2009-03-23 09:15:00,NSE:OLECTRA,14.95,15.0,14.1,14.45,51363.0
2009-03-30 09:15:00,NSE:OLECTRA,14.45,15.45,14.1,15.1,84048.0
2009-04-06 09:15:00,NSE:OLECTRA,15.5,16.5,14.2,16.1,40534.0
2009-04-13 09:15:00,NSE:OLECTRA,16.25,16.799999,15.1,15.3,108298.0
2009-04-20 09:15:00,NSE:OLECTRA,15.5,16.15,15.25,16.0,71472.0
2009-04-27 09:15:00,NSE:OLECTRA,16.1,16.950001,15.15,15.3,55373.0
2009-05-04 09:15:00,NSE:OLECTRA,15.1,15.7,14.9,15.4,54931.0
2009-05-11 09:15:00,NSE:OLECTRA,15.55,16.9,15.05,15.65,51507.0
2009-05-18 09:15:00,NSE:OLECTRA,16.5,22.0,16.0,20.15,323049.0
2009-05-25 09:15:00,NSE:OLECTRA,21.299999,23.799999,19.549999,20.200001,348413.0
2009-06-01 09:15:00,NSE:OLECTRA,20.75,23.200001,19.5,23.200001,377038.0
2009-06-08 09:15:00,NSE:OLECTRA,25.299999,29.6,24.0,24.200001,372519.0
2009-06-15 09:15:00,NSE:OLECTRA,23.0,25.0,20.75,20.75,185724.0
2009-06-22 09:15:00,NSE:OLECTRA,20.200001,22.049999,19.85,21.5,103701.0
2009-06-29 09:15:00,NSE:OLECTRA,21.9,22.200001,20.049999,21.1,73595.0
2009-07-06 09:15:00,NSE:OLECTRA,20.700001,21.5,17.75,18.549999,70739.0
2009-07-13 09:15:00,NSE:OLECTRA,18.85,19.5,17.1,18.9,117619.0
2009-07-20 09:15:00,NSE:OLECTRA,19.5,19.5,17.9,18.85,272548.0
2009-07-27 09:15:00,NSE:OLECTRA,19.200001,21.450001,19.049999,20.049999,270969.0
2009-08-03 09:15:00,NSE:OLECTRA,20.0,21.5,19.299999,19.700001,170958.0
2009-08-10 09:15:00,NSE:OLECTRA,20.049999,20.5,18.1,19.85,105555.0
2009-08-17 09:15:00,NSE:OLECTRA,19.299999,21.299999,18.6,20.950001,211900.0
2009-08-24 09:15:00,NSE:OLECTRA,21.450001,24.450001,20.700001,22.450001,427784.0
2009-08-31 09:15:00,NSE:OLECTRA,22.65,23.700001,21.65,22.1,147037.0
2009-09-07 09:15:00,NSE:OLECTRA,17.75,24.35,17.75,21.9,221631.0
2009-09-14 09:15:00,NSE:OLECTRA,21.15,28.9,21.15,25.65,897784.0
2009-09-22 09:15:00,NSE:OLECTRA,25.25,26.85,24.6,25.200001,223311.0
2009-09-29 09:15:00,NSE:OLECTRA,25.65,26.0,24.049999,25.25,94175.0
2009-10-05 09:15:00,NSE:OLECTRA,25.0,26.0,24.6,25.15,116755.0
2009-10-12 09:15:00,NSE:OLECTRA,24.65,31.700001,24.65,27.049999,333272.0
2009-10-20 09:15:00,NSE:OLECTRA,27.1,27.4,26.0,26.25,54401.0
2009-10-26 09:15:00,NSE:OLECTRA,26.9,28.450001,22.700001,23.799999,137325.0
2009-11-03 09:15:00,NSE:OLECTRA,23.049999,26.700001,23.0,24.1,105931.0
2009-11-09 09:15:00,NSE:OLECTRA,23.75,26.15,23.75,25.299999,64600.0
2009-11-16 09:15:00,NSE:OLECTRA,26.0,27.1,23.85,24.6,136905.0
2009-11-23 09:15:00,NSE:OLECTRA,23.65,25.0,23.15,23.85,125509.0
2009-11-30 09:15:00,NSE:OLECTRA,24.299999,24.9,23.75,24.4,43000.0
2009-12-07 09:15:00,NSE:OLECTRA,25.0,28.4,24.049999,26.25,795377.0
2009-12-14 09:15:00,NSE:OLECTRA,26.0,29.0,24.700001,25.6,444914.0
2009-12-21 09:15:00,NSE:OLECTRA,25.450001,26.9,25.0,26.200001,147236.0
2009-12-29 09:15:00,NSE:OLECTRA,26.549999,26.9,25.5,26.299999,156532.0
2010-01-04 09:15:00,NSE:OLECTRA,26.9,41.299999,26.15,37.900002,6485543.0
2010-01-11 09:15:00,NSE:OLECTRA,39.0,39.849998,31.1,32.349998,1542861.0
2010-01-18 09:15:00,NSE:OLECTRA,32.5,33.450001,27.35,28.299999,547237.0
2010-01-25 09:15:00,NSE:OLECTRA,28.5,30.950001,25.299999,26.549999,548857.0
2010-02-01 09:15:00,NSE:OLECTRA,27.450001,29.0,25.799999,26.15,488850.0
2010-02-08 09:15:00,NSE:OLECTRA,26.35,27.450001,26.049999,26.200001,150738.0
2010-02-15 09:15:00,NSE:OLECTRA,26.700001,28.200001,24.5,25.65,2037525.0
2010-02-22 09:15:00,NSE:OLECTRA,26.299999,26.4,25.0,25.75,244492.0
2010-03-02 09:15:00,NSE:OLECTRA,25.75,30.35,25.549999,27.799999,1346255.0
2010-03-08 09:15:00,NSE:OLECTRA,28.85,32.650002,26.25,29.65,1819517.0
2010-03-15 09:15:00,NSE:OLECTRA,29.4,30.0,26.5,27.0,678706.0
2010-03-22 09:15:00,NSE:OLECTRA,26.5,27.75,26.200001,26.4,225655.0
2010-03-29 09:15:00,NSE:OLECTRA,26.5,27.799999,26.0,27.200001,269481.0
2010-04-05 09:15:00,NSE:OLECTRA,27.450001,29.4,27.049999,27.35,503491.0
2010-04-12 09:15:00,NSE:OLECTRA,27.35,28.4,27.049999,27.15,208961.0
2010-04-19 09:15:00,NSE:OLECTRA,27.200001,35.450001,27.15,30.049999,9901385.0
2010-04-26 09:15:00,NSE:OLECTRA,30.85,30.85,27.65,29.25,1052625.0
2010-05-03 09:15:00,NSE:OLECTRA,29.0,30.0,27.549999,27.75,555805.0
2010-05-10 09:15:00,NSE:OLECTRA,28.0,28.75,27.700001,28.0,355191.0
2010-05-17 09:15:00,NSE:OLECTRA,27.200001,28.200001,26.65,27.049999,310479.0
2010-05-24 09:15:00,NSE:OLECTRA,27.4,27.700001,26.549999,27.049999,202257.0
2010-05-31 09:15:00,NSE:OLECTRA,26.700001,27.4,26.549999,27.0,107624.0
2010-06-07 09:15:00,NSE:OLECTRA,26.6,27.1,25.6,25.700001,223624.0
2010-06-14 09:15:00,NSE:OLECTRA,26.0,26.5,25.65,26.049999,467947.0
2010-06-21 09:15:00,NSE:OLECTRA,26.6,27.65,25.65,26.6,304059.0
2010-06-28 09:15:00,NSE:OLECTRA,26.299999,27.6,26.049999,26.9,200421.0
2010-07-05 09:15:00,NSE:OLECTRA,26.4,26.9,25.799999,26.049999,339111.0
2010-07-12 09:15:00,NSE:OLECTRA,26.200001,26.950001,25.4,26.25,352557.0
2010-07-19 09:15:00,NSE:OLECTRA,26.0,26.5,25.049999,25.5,175988.0
2010-07-26 09:15:00,NSE:OLECTRA,26.0,26.700001,25.549999,26.0,341572.0
2010-08-02 09:15:00,NSE:OLECTRA,25.75,26.65,25.75,26.0,293571.0
2010-08-09 09:15:00,NSE:OLECTRA,25.799999,26.4,25.65,26.0,203079.0
2010-08-16 09:15:00,NSE:OLECTRA,26.25,26.25,25.35,25.4,154307.0
2010-08-23 09:15:00,NSE:OLECTRA,25.35,25.5,24.0,24.1,449391.0
2010-08-30 09:15:00,NSE:OLECTRA,24.1,25.25,24.0,24.299999,175399.0
2010-09-06 09:15:00,NSE:OLECTRA,24.65,26.200001,24.65,25.0,254902.0
2010-09-13 09:15:00,NSE:OLECTRA,25.0,26.0,24.0,24.5,202711.0
2010-09-20 09:15:00,NSE:OLECTRA,24.15,24.85,23.35,23.549999,81156.0
2010-09-27 09:15:00,NSE:OLECTRA,23.950001,24.1,22.1,23.049999,200556.0
2010-10-04 09:15:00,NSE:OLECTRA,23.0,24.450001,22.799999,23.549999,167732.0
2010-10-11 09:15:00,NSE:OLECTRA,23.25,23.9,22.9,23.0,90459.0
2010-10-18 09:15:00,NSE:OLECTRA,23.0,23.1,22.0,22.1,91734.0
2010-10-25 09:15:00,NSE:OLECTRA,22.0,22.75,21.35,21.5,75174.0
2010-11-01 09:15:00,NSE:OLECTRA,21.950001,22.0,20.700001,21.549999,153585.0
2010-11-08 09:15:00,NSE:OLECTRA,21.200001,22.700001,21.15,21.299999,90073.0
2010-11-15 09:15:00,NSE:OLECTRA,21.1,21.700001,20.049999,20.25,77412.0
2010-11-22 09:15:00,NSE:OLECTRA,20.25,21.6,16.950001,18.6,175358.0
2010-11-29 09:15:00,NSE:OLECTRA,17.549999,20.6,17.549999,19.35,84576.0
2010-12-06 09:15:00,NSE:OLECTRA,19.75,19.950001,18.25,19.049999,94341.0
2010-12-13 09:15:00,NSE:OLECTRA,19.0,20.700001,18.799999,19.1,26298.0
2010-12-20 09:15:00,NSE:OLECTRA,19.15,20.65,19.15,19.700001,34268.0
2010-12-27 09:15:00,NSE:OLECTRA,19.299999,19.9,18.75,19.35,30227.0
2011-01-03 09:15:00,NSE:OLECTRA,19.450001,20.450001,19.4,20.1,149668.0
2011-01-10 09:15:00,NSE:OLECTRA,19.549999,20.25,18.35,19.0,585930.0
2011-01-17 09:15:00,NSE:OLECTRA,18.65,19.200001,18.1,19.049999,128881.0
2011-01-24 09:15:00,NSE:OLECTRA,18.75,19.5,18.5,18.9,109917.0
2011-01-31 09:15:00,NSE:OLECTRA,18.5,18.950001,18.049999,18.450001,186470.0
2011-02-07 09:15:00,NSE:OLECTRA,18.950001,18.950001,17.6,18.0,141362.0
2011-02-14 09:15:00,NSE:OLECTRA,18.1,19.0,17.549999,18.0,383988.0
2011-02-21 09:15:00,NSE:OLECTRA,18.0,19.0,17.25,17.4,96626.0
2011-02-28 09:15:00,NSE:OLECTRA,17.950001,18.15,17.200001,17.799999,21712.0
2011-03-07 09:15:00,NSE:OLECTRA,17.200001,17.75,17.200001,17.35,36369.0
2011-03-14 09:15:00,NSE:OLECTRA,17.299999,17.799999,17.0,17.200001,28786.0
2011-03-21 09:15:00,NSE:OLECTRA,17.049999,17.6,16.85,17.35,29097.0
2011-03-28 09:15:00,NSE:OLECTRA,17.9,17.9,16.85,17.200001,107333.0
2011-04-04 09:15:00,NSE:OLECTRA,17.049999,18.0,17.0,17.65,124751.0
2011-04-11 09:15:00,NSE:OLECTRA,17.950001,18.049999,17.1,17.950001,24440.0
2011-04-18 09:15:00,NSE:OLECTRA,17.4,18.65,17.4,18.1,17155.0
2011-04-25 09:15:00,NSE:OLECTRA,18.1,20.5,17.200001,19.9,150929.0
2011-05-02 09:15:00,NSE:OLECTRA,20.1,20.1,19.0,19.049999,66116.0
2011-05-09 09:15:00,NSE:OLECTRA,18.9,19.25,18.6,18.65,8059.0
2011-05-16 09:15:00,NSE:OLECTRA,18.65,18.85,18.0,18.15,190562.0
2011-05-23 09:15:00,NSE:OLECTRA,18.200001,18.6,17.9,17.9,282769.0
2011-05-30 09:15:00,NSE:OLECTRA,17.700001,19.15,17.65,18.85,56929.0
2011-06-06 09:15:00,NSE:OLECTRA,18.65,19.299999,18.5,19.1,28140.0
2011-06-13 09:15:00,NSE:OLECTRA,19.049999,19.35,18.6,19.25,22970.0
2011-06-20 09:15:00,NSE:OLECTRA,18.6,19.200001,18.0,18.049999,639234.0
2011-06-27 09:15:00,NSE:OLECTRA,18.1,18.549999,18.0,18.0,466107.0
2011-07-04 09:15:00,NSE:OLECTRA,18.1,18.35,17.799999,18.0,74977.0
2011-07-11 09:15:00,NSE:OLECTRA,17.5,18.35,17.5,18.0,12096.0
2011-07-18 09:15:00,NSE:OLECTRA,18.0,18.5,17.5,17.9,24900.0
2011-07-25 09:15:00,NSE:OLECTRA,17.799999,18.0,17.549999,17.65,22346.0
2011-08-01 09:15:00,NSE:OLECTRA,17.549999,17.9,17.1,17.1,36595.0
2011-08-08 09:15:00,NSE:OLECTRA,17.049999,17.1,15.9,16.1,100248.0
2011-08-16 09:15:00,NSE:OLECTRA,16.0,16.799999,14.6,14.7,45146.0
2011-08-22 09:15:00,NSE:OLECTRA,14.35,14.8,14.0,14.15,10996.0
2011-08-29 09:15:00,NSE:OLECTRA,14.0,14.45,13.65,14.1,15134.0
2011-09-05 09:15:00,NSE:OLECTRA,13.9,14.55,13.5,14.0,54141.0
2011-09-12 09:15:00,NSE:OLECTRA,13.7,14.95,13.6,14.05,14344.0
2011-09-19 09:15:00,NSE:OLECTRA,14.1,14.4,13.7,13.85,11922.0
2011-09-26 09:15:00,NSE:OLECTRA,13.75,13.95,12.5,13.7,42973.0
2011-10-03 09:15:00,NSE:OLECTRA,13.4,13.9,13.0,13.25,12175.0
2011-10-10 09:15:00,NSE:OLECTRA,13.0,13.35,12.5,12.8,9951.0
2011-10-17 09:15:00,NSE:OLECTRA,12.45,13.4,12.05,12.2,6518.0
2011-10-24 09:15:00,NSE:OLECTRA,12.05,12.75,12.0,12.2,5683.0
2011-10-31 09:15:00,NSE:OLECTRA,12.05,13.45,12.0,12.35,14145.0
2011-11-08 09:15:00,NSE:OLECTRA,12.2,12.85,12.2,12.45,5257.0
2011-11-14 09:15:00,NSE:OLECTRA,12.05,12.25,10.1,10.7,22323.0
2011-11-21 09:15:00,NSE:OLECTRA,10.2,12.8,8.25,9.35,453911.0
2011-11-28 09:15:00,NSE:OLECTRA,9.35,10.5,9.15,9.9,9423.0
2011-12-05 09:15:00,NSE:OLECTRA,10.2,10.85,9.6,10.7,17747.0
2011-12-12 09:15:00,NSE:OLECTRA,10.05,10.45,9.15,9.2,26791.0
2011-12-19 09:15:00,NSE:OLECTRA,9.85,9.85,8.9,9.05,17039.0
2011-12-26 09:15:00,NSE:OLECTRA,9.0,9.75,9.0,9.25,11495.0
2012-01-02 09:15:00,NSE:OLECTRA,9.05,9.95,9.0,9.8,21032.0
2012-01-09 09:15:00,NSE:OLECTRA,9.5,11.8,9.15,11.3,15662.0
2012-01-16 09:15:00,NSE:OLECTRA,12.2,14.0,12.0,13.1,33157.0
2012-01-23 09:15:00,NSE:OLECTRA,13.85,14.5,13.3,14.35,45537.0
2012-01-30 09:15:00,NSE:OLECTRA,14.55,14.75,13.85,14.15,22543.0
2012-02-06 09:15:00,NSE:OLECTRA,14.3,14.4,13.85,14.25,9615.0
2012-02-13 09:15:00,NSE:OLECTRA,14.5,14.8,14.05,14.55,15903.0
2012-02-21 09:15:00,NSE:OLECTRA,14.2,14.9,13.55,13.65,20274.0
2012-02-27 09:15:00,NSE:OLECTRA,13.65,13.95,12.85,13.05,17782.0
2012-03-05 09:15:00,NSE:OLECTRA,13.0,13.5,12.15,12.15,34251.0
2012-03-12 09:15:00,NSE:OLECTRA,12.15,13.45,12.05,13.05,33596.0
2012-03-19 09:15:00,NSE:OLECTRA,13.1,14.25,11.6,12.0,57800.0
2012-03-26 09:15:00,NSE:OLECTRA,12.0,12.0,9.8,10.65,89494.0
2012-04-02 09:15:00,NSE:OLECTRA,10.8,11.35,10.5,11.0,6532.0
2012-04-09 09:15:00,NSE:OLECTRA,10.9,11.6,10.35,10.7,7126.0
2012-04-16 09:15:00,NSE:OLECTRA,10.7,11.0,10.5,10.65,24829.0
2012-04-23 09:15:00,NSE:OLECTRA,10.6,10.95,10.2,10.3,5570.0
2012-04-30 09:15:00,NSE:OLECTRA,10.2,10.8,10.1,10.2,4331.0
2012-05-07 09:15:00,NSE:OLECTRA,10.2,10.8,10.1,10.35,33482.0
2012-05-14 09:15:00,NSE:OLECTRA,10.25,10.75,10.0,10.1,11020.0
2012-05-21 09:15:00,NSE:OLECTRA,10.1,10.7,9.95,10.15,12944.0
2012-05-28 09:15:00,NSE:OLECTRA,10.75,11.45,10.05,10.15,24659.0
2012-06-04 09:15:00,NSE:OLECTRA,10.05,10.7,10.05,10.4,14753.0
2012-06-11 09:15:00,NSE:OLECTRA,10.5,10.95,10.35,10.6,10881.0
2012-06-18 09:15:00,NSE:OLECTRA,10.3,11.1,10.3,10.95,9645.0
2012-06-25 09:15:00,NSE:OLECTRA,10.75,11.15,10.45,10.55,5139.0
2012-07-02 09:15:00,NSE:OLECTRA,10.75,11.65,10.5,10.65,33943.0
2012-07-09 09:15:00,NSE:OLECTRA,10.65,12.7,10.65,11.5,24541.0
2012-07-16 09:15:00,NSE:OLECTRA,11.05,12.05,11.0,11.9,41408.0
2012-07-23 09:15:00,NSE:OLECTRA,11.25,13.6,11.2,12.05,55495.0
2012-07-30 09:15:00,NSE:OLECTRA,11.75,11.75,10.05,11.05,94518.0
2012-08-06 09:15:00,NSE:OLECTRA,11.4,12.5,11.1,11.85,157140.0
2012-08-13 09:15:00,NSE:OLECTRA,12.0,12.45,11.1,12.2,62886.0
2012-08-21 09:15:00,NSE:OLECTRA,12.05,14.45,11.75,14.0,189168.0
2012-08-27 09:15:00,NSE:OLECTRA,13.8,14.7,13.6,14.3,511844.0
2012-09-03 09:15:00,NSE:OLECTRA,14.55,15.3,14.4,15.3,203535.0
2012-09-10 09:15:00,NSE:OLECTRA,15.35,17.15,15.15,16.200001,166464.0
2012-09-17 09:15:00,NSE:OLECTRA,15.95,16.85,15.1,16.549999,59067.0
2012-09-24 09:15:00,NSE:OLECTRA,16.299999,17.35,16.200001,17.15,25085.0
2012-10-01 09:15:00,NSE:OLECTRA,17.4,17.450001,16.5,16.6,51474.0
2012-10-08 09:15:00,NSE:OLECTRA,16.4,16.85,15.55,15.7,83402.0
2012-10-15 09:15:00,NSE:OLECTRA,15.7,15.95,14.45,15.1,46758.0
2012-10-22 09:15:00,NSE:OLECTRA,15.45,16.1,15.0,15.0,76688.0
2012-10-29 09:15:00,NSE:OLECTRA,14.9,15.45,14.6,14.8,44485.0
2012-11-05 09:15:00,NSE:OLECTRA,14.8,15.45,14.15,14.6,185587.0
2012-11-12 09:15:00,NSE:OLECTRA,14.55,14.95,14.3,14.35,20157.0
2012-11-19 09:15:00,NSE:OLECTRA,14.85,14.9,14.1,14.15,23126.0
2012-11-26 09:15:00,NSE:OLECTRA,14.2,16.9,13.35,14.0,49282.0
2012-12-03 09:15:00,NSE:OLECTRA,14.0,14.2,13.25,13.5,47832.0
2012-12-10 09:15:00,NSE:OLECTRA,13.3,13.8,12.05,12.05,6982.0
2012-12-17 09:15:00,NSE:OLECTRA,12.9,13.45,12.05,12.7,18133.0
2012-12-24 09:15:00,NSE:OLECTRA,12.4,12.8,11.55,11.75,23358.0
2012-12-31 09:15:00,NSE:OLECTRA,12.3,12.3,10.65,10.85,67445.0
2013-01-07 09:15:00,NSE:OLECTRA,11.0,11.0,10.2,10.7,94029.0
2013-01-14 09:15:00,NSE:OLECTRA,10.45,11.7,10.45,11.35,23708.0
2013-01-21 09:15:00,NSE:OLECTRA,11.05,11.3,10.05,10.6,17815.0
2013-01-28 09:15:00,NSE:OLECTRA,10.5,11.05,10.05,11.05,33531.0
2013-02-04 09:15:00,NSE:OLECTRA,11.15,12.2,10.2,11.95,75894.0
2013-02-11 09:15:00,NSE:OLECTRA,11.8,11.8,11.05,11.4,22678.0
2013-02-18 09:15:00,NSE:OLECTRA,11.05,11.5,10.8,10.85,11611.0
2013-02-25 09:15:00,NSE:OLECTRA,10.85,11.0,8.75,10.25,126706.0
2013-03-04 09:15:00,NSE:OLECTRA,10.0,10.15,9.3,10.0,34379.0
2013-03-11 09:15:00,NSE:OLECTRA,9.6,10.1,9.4,9.85,19788.0
2013-03-18 09:15:00,NSE:OLECTRA,9.8,10.1,9.45,9.85,34725.0
2013-03-25 09:15:00,NSE:OLECTRA,9.75,10.25,9.7,10.15,22381.0
2013-04-01 09:15:00,NSE:OLECTRA,9.8,11.1,9.7,10.2,38830.0
2013-04-08 09:15:00,NSE:OLECTRA,10.2,10.2,9.5,10.15,18354.0
2013-04-15 09:15:00,NSE:OLECTRA,10.0,10.2,9.7,9.8,5630.0
2013-04-22 09:15:00,NSE:OLECTRA,9.7,10.0,9.4,9.5,20800.0
2013-04-29 09:15:00,NSE:OLECTRA,9.3,9.75,9.05,9.05,4759.0
2013-05-06 09:15:00,NSE:OLECTRA,9.05,12.35,8.85,11.5,184758.0
2013-05-13 09:15:00,NSE:OLECTRA,11.15,11.45,9.85,10.0,43092.0
2013-05-20 09:15:00,NSE:OLECTRA,9.9,10.95,9.75,10.05,23289.0
2013-05-27 09:15:00,NSE:OLECTRA,9.8,10.45,9.75,10.0,14157.0
2013-06-03 09:15:00,NSE:OLECTRA,9.8,10.95,9.8,10.0,62314.0
2013-06-10 09:15:00,NSE:OLECTRA,10.2,10.4,9.5,10.0,84252.0
2013-06-17 09:15:00,NSE:OLECTRA,10.0,10.8,9.85,10.5,71901.0
2013-06-24 09:15:00,NSE:OLECTRA,10.25,10.8,10.1,10.4,69286.0
2013-07-01 09:15:00,NSE:OLECTRA,10.5,11.1,10.05,10.8,46395.0
2013-07-08 09:15:00,NSE:OLECTRA,10.75,11.4,10.5,11.2,84749.0
2013-07-15 09:15:00,NSE:OLECTRA,11.15,11.45,10.8,10.95,45838.0
2013-07-22 09:15:00,NSE:OLECTRA,11.0,11.65,10.8,11.25,52443.0
2013-07-29 09:15:00,NSE:OLECTRA,11.45,11.65,10.7,10.85,30140.0
2013-08-05 09:15:00,NSE:OLECTRA,10.8,11.0,10.35,10.4,13532.0
2013-08-12 09:15:00,NSE:OLECTRA,10.3,10.45,10.05,10.1,7048.0
2013-08-19 09:15:00,NSE:OLECTRA,10.1,10.4,10.05,10.15,32094.0
2013-08-26 09:15:00,NSE:OLECTRA,10.05,10.45,9.75,10.2,10639.0
2013-09-02 09:15:00,NSE:OLECTRA,9.8,10.25,9.75,10.25,13980.0
2013-09-10 09:15:00,NSE:OLECTRA,10.0,10.4,10.0,10.2,6791.0
2013-09-16 09:15:00,NSE:OLECTRA,10.4,10.45,10.0,10.1,14197.0
2013-09-23 09:15:00,NSE:OLECTRA,10.25,10.35,10.0,10.35,28501.0
2013-09-30 09:15:00,NSE:OLECTRA,10.15,10.5,10.1,10.1,16473.0
2013-10-07 09:15:00,NSE:OLECTRA,10.05,10.5,10.0,10.25,21048.0
2013-10-14 09:15:00,NSE:OLECTRA,10.5,10.95,10.1,10.4,20465.0
2013-10-21 09:15:00,NSE:OLECTRA,10.2,10.6,9.5,9.8,25565.0
2013-10-28 09:15:00,NSE:OLECTRA,10.15,10.25,9.25,9.55,79494.0
2013-11-05 09:15:00,NSE:OLECTRA,10.3,10.4,9.85,10.3,10511.0
2013-11-11 09:15:00,NSE:OLECTRA,10.1,10.7,10.0,10.0,25586.0
2013-11-18 09:15:00,NSE:OLECTRA,10.0,10.25,9.6,10.25,17607.0
2013-11-25 09:15:00,NSE:OLECTRA,10.0,10.35,10.0,10.2,9261.0
2013-12-02 09:15:00,NSE:OLECTRA,10.25,10.25,9.8,9.85,6976.0
2013-12-09 09:15:00,NSE:OLECTRA,9.8,10.2,9.65,9.7,2115.0
2013-12-16 09:15:00,NSE:OLECTRA,9.7,9.95,9.3,9.55,28565.0
2013-12-23 09:15:00,NSE:OLECTRA,9.6,10.0,9.25,10.0,42572.0
2013-12-30 09:15:00,NSE:OLECTRA,9.9,10.2,9.55,9.7,15493.0
2014-01-06 09:15:00,NSE:OLECTRA,9.8,10.0,9.5,9.8,13519.0
2014-01-13 09:15:00,NSE:OLECTRA,9.7,10.0,9.6,9.65,19203.0
2014-01-20 09:15:00,NSE:OLECTRA,9.6,9.9,9.6,9.7,6382.0
2014-01-27 09:15:00,NSE:OLECTRA,9.85,9.85,9.2,9.2,20160.0
2014-02-03 09:15:00,NSE:OLECTRA,9.2,9.2,8.6,8.75,42952.0
2014-02-10 09:15:00,NSE:OLECTRA,8.75,9.2,8.5,8.55,31686.0
2014-02-17 09:15:00,NSE:OLECTRA,8.5,8.6,7.55,7.75,44107.0
2014-02-24 09:15:00,NSE:OLECTRA,7.9,7.9,6.75,7.1,154258.0
2014-03-03 09:15:00,NSE:OLECTRA,7.1,7.5,7.0,7.25,65676.0
2014-03-10 09:15:00,NSE:OLECTRA,7.45,7.45,7.1,7.15,15562.0
2014-03-18 09:15:00,NSE:OLECTRA,7.2,7.7,7.0,7.2,41142.0
2014-03-24 09:15:00,NSE:OLECTRA,7.5,7.5,6.9,7.15,23292.0
2014-03-31 09:15:00,NSE:OLECTRA,7.15,10.0,7.0,8.95,97789.0
2014-04-07 09:15:00,NSE:OLECTRA,8.8,9.0,7.8,8.25,61227.0
2014-04-15 09:15:00,NSE:OLECTRA,8.1,8.35,7.65,8.15,32344.0
2014-04-21 09:15:00,NSE:OLECTRA,8.15,8.5,7.6,8.15,45962.0
2014-04-28 09:15:00,NSE:OLECTRA,8.2,11.0,8.2,10.2,227968.0
2014-05-05 09:15:00,NSE:OLECTRA,10.4,10.4,7.75,8.05,223104.0
2014-05-12 09:15:00,NSE:OLECTRA,8.2,8.45,7.55,8.0,108874.0
2014-05-19 09:15:00,NSE:OLECTRA,8.45,11.7,8.25,11.45,249469.0
2014-05-26 09:15:00,NSE:OLECTRA,11.95,12.4,10.7,10.75,119787.0
2014-06-02 09:15:00,NSE:OLECTRA,11.1,11.8,10.85,11.35,52631.0
2014-06-09 09:15:00,NSE:OLECTRA,11.95,12.9,11.35,11.6,88016.0
2014-06-16 09:15:00,NSE:OLECTRA,11.95,11.95,10.2,11.05,65540.0
2014-06-23 09:15:00,NSE:OLECTRA,11.0,11.3,10.5,11.0,48669.0
2014-06-30 09:15:00,NSE:OLECTRA,11.2,11.4,10.7,10.9,30347.0
2014-07-07 09:15:00,NSE:OLECTRA,10.9,13.4,10.55,11.35,64411.0
2014-07-14 09:15:00,NSE:OLECTRA,11.3,11.4,10.6,11.05,47336.0
2014-07-21 09:15:00,NSE:OLECTRA,11.05,11.3,10.65,10.9,17120.0
2014-07-28 09:15:00,NSE:OLECTRA,10.7,11.45,10.65,10.95,15192.0
2014-08-04 09:15:00,NSE:OLECTRA,11.2,11.2,10.55,10.75,25427.0
2014-08-11 09:15:00,NSE:OLECTRA,10.65,11.0,10.6,10.85,18360.0
2014-08-18 09:15:00,NSE:OLECTRA,10.7,11.0,10.5,10.8,13808.0
2014-08-25 09:15:00,NSE:OLECTRA,10.7,10.7,9.75,10.2,43137.0
2014-09-01 09:15:00,NSE:OLECTRA,10.1,12.2,10.1,12.1,76373.0
2014-09-08 09:15:00,NSE:OLECTRA,12.4,13.25,10.9,12.75,104632.0
2014-09-15 09:15:00,NSE:OLECTRA,12.6,13.45,12.5,12.6,85965.0
2014-09-22 09:15:00,NSE:OLECTRA,12.5,12.5,11.15,11.75,8806.0
2014-09-29 09:15:00,NSE:OLECTRA,12.8,12.8,10.6,10.65,36845.0
2014-10-07 09:15:00,NSE:OLECTRA,10.85,11.65,10.4,11.1,49876.0
2014-10-13 09:15:00,NSE:OLECTRA,11.0,11.55,10.45,11.05,27446.0
2014-10-20 09:15:00,NSE:OLECTRA,11.0,11.65,10.9,10.95,22085.0
2014-10-27 09:15:00,NSE:OLECTRA,11.0,11.7,10.7,11.05,42225.0
2014-11-03 09:15:00,NSE:OLECTRA,10.7,11.7,10.7,10.85,12211.0
2014-11-10 09:15:00,NSE:OLECTRA,11.9,14.55,11.35,13.05,395949.0
2014-11-17 09:15:00,NSE:OLECTRA,12.8,13.6,12.0,12.5,97133.0
2014-11-24 09:15:00,NSE:OLECTRA,12.45,13.35,12.4,12.8,75235.0
2014-12-01 09:15:00,NSE:OLECTRA,13.9,14.15,12.55,13.65,102250.0
2014-12-08 09:15:00,NSE:OLECTRA,14.0,14.0,12.65,13.35,34648.0
2014-12-15 09:15:00,NSE:OLECTRA,13.0,13.45,12.1,12.5,36884.0
2014-12-22 09:15:00,NSE:OLECTRA,12.4,14.2,12.4,12.9,44471.0
2014-12-29 09:15:00,NSE:OLECTRA,12.15,14.8,12.15,14.15,110198.0
2015-01-05 09:15:00,NSE:OLECTRA,14.0,14.1,13.05,13.75,45148.0
2015-01-12 09:15:00,NSE:OLECTRA,13.65,18.950001,13.35,15.75,274756.0
2015-01-19 09:15:00,NSE:OLECTRA,15.7,16.5,15.25,15.3,76467.0
2015-01-27 09:15:00,NSE:OLECTRA,15.0,15.95,14.7,15.3,45562.0
2015-02-02 09:15:00,NSE:OLECTRA,15.0,16.799999,14.65,15.8,138397.0
2015-02-09 09:15:00,NSE:OLECTRA,15.65,17.1,15.6,17.049999,151095.0
2015-02-16 09:15:00,NSE:OLECTRA,17.299999,20.200001,17.1,19.950001,430952.0
2015-02-23 09:15:00,NSE:OLECTRA,19.75,19.75,17.5,18.200001,103112.0
2015-03-02 09:15:00,NSE:OLECTRA,18.1,18.1,16.450001,17.299999,55460.0
2015-03-09 09:15:00,NSE:OLECTRA,17.950001,17.950001,16.549999,16.9,65188.0
2015-03-16 09:15:00,NSE:OLECTRA,17.049999,18.4,16.0,16.049999,42347.0
2015-03-23 09:15:00,NSE:OLECTRA,15.9,16.6,15.5,15.75,175309.0
2015-03-30 09:15:00,NSE:OLECTRA,15.5,16.25,15.5,16.0,6145.0
2015-04-06 09:15:00,NSE:OLECTRA,16.0,16.6,15.5,16.0,16939.0
2015-04-13 09:15:00,NSE:OLECTRA,16.0,16.35,14.65,15.85,7816.0
2015-04-20 09:15:00,NSE:OLECTRA,15.75,16.450001,14.6,14.75,11966.0
2015-04-27 09:15:00,NSE:OLECTRA,15.0,15.2,14.15,14.15,13938.0
2015-05-04 09:15:00,NSE:OLECTRA,14.05,15.25,14.0,14.0,13641.0
2015-05-11 09:15:00,NSE:OLECTRA,14.1,15.25,13.85,15.0,6279.0
2015-05-18 09:15:00,NSE:OLECTRA,15.0,15.3,14.4,15.1,16733.0
2015-05-25 09:15:00,NSE:OLECTRA,15.25,15.65,14.2,15.0,24167.0
2015-06-01 09:15:00,NSE:OLECTRA,14.9,15.0,14.1,14.15,25947.0
2015-06-08 09:15:00,NSE:OLECTRA,14.2,14.95,14.05,14.2,11567.0
2015-06-15 09:15:00,NSE:OLECTRA,14.3,15.0,14.1,14.6,18892.0
2015-06-22 09:15:00,NSE:OLECTRA,14.3,15.0,14.15,14.3,51713.0
2015-06-29 09:15:00,NSE:OLECTRA,14.3,16.0,14.3,15.65,70306.0
2015-07-06 09:15:00,NSE:OLECTRA,15.4,18.25,15.05,17.5,96038.0
2015-07-13 09:15:00,NSE:OLECTRA,19.25,20.65,15.0,15.6,419129.0
2015-07-20 09:15:00,NSE:OLECTRA,15.3,15.55,14.5,15.5,95941.0
2015-07-27 09:15:00,NSE:OLECTRA,15.3,15.5,14.6,15.0,78458.0
2015-08-03 09:15:00,NSE:OLECTRA,15.05,15.9,14.6,15.05,104653.0
2015-08-10 09:15:00,NSE:OLECTRA,15.4,15.4,13.65,13.95,51971.0
2015-08-17 09:15:00,NSE:OLECTRA,14.0,14.0,13.5,13.8,35443.0
2015-08-24 09:15:00,NSE:OLECTRA,13.65,13.8,12.25,13.3,50794.0
2015-08-31 09:15:00,NSE:OLECTRA,13.25,13.65,12.3,12.75,35618.0
2015-09-07 09:15:00,NSE:OLECTRA,12.6,16.799999,12.6,16.799999,319329.0
2015-09-14 09:15:00,NSE:OLECTRA,18.700001,18.700001,14.6,15.4,193471.0
2015-09-21 09:15:00,NSE:OLECTRA,14.8,15.9,14.55,15.8,118599.0
2015-09-28 09:15:00,NSE:OLECTRA,16.0,16.700001,15.5,16.049999,657936.0
2015-10-05 09:15:00,NSE:OLECTRA,16.4,19.9,16.4,16.85,4560007.0
2015-10-12 09:15:00,NSE:OLECTRA,17.4,18.049999,16.25,16.25,283580.0
2015-10-19 09:15:00,NSE:OLECTRA,16.1,16.799999,15.75,16.200001,54881.0
2015-10-26 09:15:00,NSE:OLECTRA,16.6,16.6,15.1,15.65,55546.0
2015-11-02 09:15:00,NSE:OLECTRA,15.3,17.5,15.05,16.5,135174.0
2015-11-09 09:15:00,NSE:OLECTRA,16.5,16.950001,15.65,15.8,16934.0
2015-11-16 09:15:00,NSE:OLECTRA,15.55,16.1,15.15,15.85,15922.0
2015-11-23 09:15:00,NSE:OLECTRA,15.7,15.95,15.2,15.25,16980.0
2015-11-30 09:15:00,NSE:OLECTRA,15.5,15.9,15.05,15.2,42370.0
2015-12-07 09:15:00,NSE:OLECTRA,15.25,16.75,15.2,16.4,132861.0
2015-12-14 09:15:00,NSE:OLECTRA,16.700001,16.700001,15.4,15.65,58606.0
2015-12-21 09:15:00,NSE:OLECTRA,15.5,17.5,15.5,17.0,211621.0
2015-12-28 09:15:00,NSE:OLECTRA,17.65,20.799999,16.65,20.1,659790.0
2016-01-04 09:15:00,NSE:OLECTRA,19.299999,21.450001,18.75,19.75,351603.0
2016-01-11 09:15:00,NSE:OLECTRA,19.549999,20.450001,18.25,18.299999,145681.0
2016-01-18 09:15:00,NSE:OLECTRA,18.950001,21.4,16.549999,18.049999,232236.0
2016-01-25 09:15:00,NSE:OLECTRA,18.35,20.950001,17.75,19.75,315117.0
2016-02-01 09:15:00,NSE:OLECTRA,19.5,20.700001,18.65,19.0,88345.0
2016-02-08 09:15:00,NSE:OLECTRA,19.0,19.4,17.5,17.75,166689.0
2016-02-15 09:15:00,NSE:OLECTRA,18.5,18.5,16.4,17.200001,103482.0
2016-02-22 09:15:00,NSE:OLECTRA,17.6,17.6,16.049999,17.0,40339.0
2016-02-29 09:15:00,NSE:OLECTRA,17.299999,17.950001,16.6,17.4,27482.0
2016-03-08 09:15:00,NSE:OLECTRA,17.200001,18.4,16.75,17.450001,14589.0
2016-03-14 09:15:00,NSE:OLECTRA,17.299999,17.700001,16.65,16.75,27346.0
2016-03-21 09:15:00,NSE:OLECTRA,17.65,17.65,13.65,17.1,73471.0
2016-03-28 09:15:00,NSE:OLECTRA,16.799999,17.200001,15.15,16.65,62749.0
2016-04-04 09:15:00,NSE:OLECTRA,17.15,17.700001,16.6,17.049999,29311.0
2016-04-11 09:15:00,NSE:OLECTRA,16.9,17.950001,16.75,17.6,10794.0
2016-04-18 09:15:00,NSE:OLECTRA,17.85,18.799999,17.0,17.4,38478.0
2016-04-25 09:15:00,NSE:OLECTRA,17.200001,18.75,17.200001,18.0,80795.0
2016-05-02 09:15:00,NSE:OLECTRA,17.9,18.5,17.35,18.25,58496.0
2016-05-09 09:15:00,NSE:OLECTRA,18.85,18.9,18.0,18.0,26989.0
2016-05-16 09:15:00,NSE:OLECTRA,18.9,18.9,18.0,18.25,54866.0
2016-05-23 09:15:00,NSE:OLECTRA,18.299999,18.5,17.1,18.0,43793.0
2016-05-30 09:15:00,NSE:OLECTRA,18.5,18.9,17.15,17.35,44843.0
2016-06-06 09:15:00,NSE:OLECTRA,17.35,18.6,17.35,18.0,149803.0
2016-06-13 09:15:00,NSE:OLECTRA,18.0,18.5,17.799999,18.0,39614.0
2016-06-20 09:15:00,NSE:OLECTRA,18.0,18.4,17.5,17.950001,34647.0
2016-06-27 09:15:00,NSE:OLECTRA,18.299999,18.5,17.65,18.0,52305.0
2016-07-04 09:15:00,NSE:OLECTRA,18.0,18.75,18.0,18.25,119098.0
2016-07-11 09:15:00,NSE:OLECTRA,18.450001,22.35,18.0,21.6,355011.0
2016-07-18 09:15:00,NSE:OLECTRA,22.450001,24.0,21.5,23.1,305753.0
2016-07-25 09:15:00,NSE:OLECTRA,22.9,23.450001,22.299999,22.75,74999.0
2016-08-01 09:15:00,NSE:OLECTRA,23.049999,23.450001,22.5,23.25,80867.0
2016-08-08 09:15:00,NSE:OLECTRA,23.049999,24.450001,22.049999,22.299999,97450.0
2016-08-16 09:15:00,NSE:OLECTRA,22.0,22.0,20.549999,21.049999,48728.0
2016-08-22 09:15:00,NSE:OLECTRA,21.25,24.799999,21.25,21.65,62891.0
2016-08-29 09:15:00,NSE:OLECTRA,21.549999,21.9,21.1,21.700001,42571.0
2016-09-06 09:15:00,NSE:OLECTRA,22.0,22.0,21.35,21.6,59359.0
2016-09-12 09:15:00,NSE:OLECTRA,21.4,22.25,20.6,22.049999,90488.0
2016-09-19 09:15:00,NSE:OLECTRA,22.35,24.4,21.85,22.9,113207.0
2016-09-26 09:15:00,NSE:OLECTRA,22.700001,23.700001,19.0,22.299999,76118.0
2016-10-03 09:15:00,NSE:OLECTRA,22.299999,22.5,21.4,22.15,27768.0
2016-10-10 09:15:00,NSE:OLECTRA,21.799999,23.15,21.450001,23.0,56505.0
2016-10-17 09:15:00,NSE:OLECTRA,22.299999,23.950001,22.200001,23.0,67289.0
2016-10-24 09:15:00,NSE:OLECTRA,22.9,23.65,22.1,23.0,54993.0
2016-11-01 09:15:00,NSE:OLECTRA,23.5,26.5,23.200001,24.65,334348.0
2016-11-07 09:15:00,NSE:OLECTRA,24.1,28.0,22.0,24.25,456182.0
2016-11-15 09:15:00,NSE:OLECTRA,23.1,31.700001,22.15,29.950001,792284.0
2016-11-21 09:15:00,NSE:OLECTRA,32.950001,33.0,24.299999,26.950001,495165.0
2016-11-28 09:15:00,NSE:OLECTRA,26.4,28.0,25.200001,25.85,134057.0
2016-12-05 09:15:00,NSE:OLECTRA,25.15,28.75,24.1,27.549999,111203.0
2016-12-12 09:15:00,NSE:OLECTRA,27.0,28.299999,25.5,26.0,201346.0
2016-12-19 09:15:00,NSE:OLECTRA,26.75,30.65,25.1,26.75,350129.0
2016-12-26 09:15:00,NSE:OLECTRA,29.0,29.0,25.5,26.700001,49895.0
2017-01-02 09:15:00,NSE:OLECTRA,28.9,30.15,26.25,27.0,171495.0
2017-01-09 09:15:00,NSE:OLECTRA,27.950001,28.75,26.549999,26.799999,121206.0
2017-01-16 09:15:00,NSE:OLECTRA,28.6,29.0,26.1,27.299999,137518.0
2017-01-23 09:15:00,NSE:OLECTRA,27.0,33.200001,27.0,32.099998,589106.0
2017-01-30 09:15:00,NSE:OLECTRA,33.0,34.349998,30.5,33.450001,764188.0
2017-02-06 09:15:00,NSE:OLECTRA,33.0,48.950001,33.0,44.25,3449734.0
2017-02-13 09:15:00,NSE:OLECTRA,43.5,47.099998,38.950001,46.75,2341899.0
2017-02-20 09:15:00,NSE:OLECTRA,47.650002,51.700001,45.299999,45.650002,1553571.0
2017-02-27 09:15:00,NSE:OLECTRA,47.650002,56.950001,46.099998,56.799999,2642377.0
2017-03-06 09:15:00,NSE:OLECTRA,57.599998,65.849998,53.049999,65.849998,1030615.0
2017-03-14 09:15:00,NSE:OLECTRA,69.099998,72.550003,64.849998,70.25,809929.0
2017-03-20 09:15:00,NSE:OLECTRA,71.0,71.0,60.049999,68.400002,464714.0
2017-03-27 09:15:00,NSE:OLECTRA,69.949997,78.900002,68.099998,75.300003,593424.0
2017-04-03 09:15:00,NSE:OLECTRA,76.800003,86.0,74.5,81.400002,483186.0
2017-04-10 09:15:00,NSE:OLECTRA,84.75,84.75,75.5,84.400002,399567.0
2017-04-17 09:15:00,NSE:OLECTRA,88.050003,107.6,81.199997,101.45,787061.0
2017-04-24 09:15:00,NSE:OLECTRA,105.7,105.7,84.400002,84.849998,487903.0
2017-05-02 09:15:00,NSE:OLECTRA,86.599998,102.7,86.0,99.800003,168270.0
2017-05-08 09:15:00,NSE:OLECTRA,102.5,104.4,92.050003,94.099998,231470.0
2017-05-15 09:15:00,NSE:OLECTRA,95.5,102.0,92.0,94.400002,293842.0
2017-05-22 09:15:00,NSE:OLECTRA,96.900002,96.900002,77.099998,82.849998,292122.0
2017-05-29 09:15:00,NSE:OLECTRA,83.0,83.0,64.25,64.25,132129.0
2017-06-05 09:15:00,NSE:OLECTRA,61.049999,61.049999,49.75,49.75,231811.0
2017-06-12 09:15:00,NSE:OLECTRA,47.299999,57.400002,44.950001,54.950001,2671564.0
2017-06-19 09:15:00,NSE:OLECTRA,56.5,69.949997,53.0,69.949997,1323854.0
2017-06-27 09:15:00,NSE:OLECTRA,71.900002,71.900002,57.049999,57.150002,513872.0
2017-07-03 09:15:00,NSE:OLECTRA,57.650002,66.150002,56.0,65.300003,863367.0
2017-07-10 09:15:00,NSE:OLECTRA,68.0,70.449997,60.349998,70.300003,550479.0
2017-07-17 09:15:00,NSE:OLECTRA,67.599998,78.300003,67.550003,72.599998,633692.0
2017-07-24 09:15:00,NSE:OLECTRA,74.5,74.5,68.349998,70.849998,294203.0
2017-07-31 09:15:00,NSE:OLECTRA,70.0,79.599998,69.699997,79.599998,547964.0
2017-08-07 09:15:00,NSE:OLECTRA,78.5,107.4,78.5,107.4,1723043.0
2017-08-14 09:15:00,NSE:OLECTRA,112.75,130.45,112.75,130.45,1410804.0
2017-08-21 09:15:00,NSE:OLECTRA,129.95,143.75,123.65,136.39999,1601828.0
2017-08-28 09:15:00,NSE:OLECTRA,140.75,173.95,140.0,173.95,766992.0
2017-09-04 09:15:00,NSE:OLECTRA,182.0,208.95,171.5,208.95,928208.0
2017-09-11 09:15:00,NSE:OLECTRA,210.89999,215.0,170.3,197.60001,431107.0
2017-09-18 09:15:00,NSE:OLECTRA,196.0,204.25,166.39999,166.39999,517447.0
2017-09-25 09:15:00,NSE:OLECTRA,166.39999,176.25,150.5,176.25,296524.0
2017-10-03 09:15:00,NSE:OLECTRA,185.05,214.2,176.39999,214.2,966398.0
2017-10-09 09:15:00,NSE:OLECTRA,224.89999,235.5,202.10001,229.85001,721519.0
2017-10-16 09:15:00,NSE:OLECTRA,232.0,232.3,197.0,201.35001,276003.0
2017-10-23 09:15:00,NSE:OLECTRA,205.0,206.05,180.0,188.95,314106.0
2017-10-30 09:15:00,NSE:OLECTRA,195.0,203.0,174.0,203.0,344613.0
2017-11-06 09:15:00,NSE:OLECTRA,213.14999,219.45,185.95,185.95,336895.0
2017-11-13 09:15:00,NSE:OLECTRA,178.0,197.10001,167.89999,186.7,572461.0
2017-11-20 09:15:00,NSE:OLECTRA,189.0,204.0,181.60001,198.7,531770.0
2017-11-27 09:15:00,NSE:OLECTRA,208.60001,217.7,195.05,196.39999,787445.0
2017-12-04 09:15:00,NSE:OLECTRA,197.0,202.25,170.10001,186.64999,277388.0
2017-12-11 09:15:00,NSE:OLECTRA,187.5,199.8,179.95,187.0,426149.0
2017-12-18 09:15:00,NSE:OLECTRA,188.8,214.0,175.85001,204.64999,1065539.0
2017-12-26 09:15:00,NSE:OLECTRA,207.0,217.0,195.05,197.45,434488.0
2018-01-01 09:15:00,NSE:OLECTRA,200.0,217.14999,196.14999,208.64999,694931.0
2018-01-08 09:15:00,NSE:OLECTRA,211.0,249.0,207.0,229.39999,1233292.0
2018-01-15 09:15:00,NSE:OLECTRA,231.5,238.0,211.0,215.0,728442.0
2018-01-22 09:15:00,NSE:OLECTRA,215.0,235.0,215.0,217.05,620318.0
2018-01-29 09:15:00,NSE:OLECTRA,218.89999,234.0,199.5,199.5,554180.0
2018-02-05 09:15:00,NSE:OLECTRA,181.10001,202.5,173.7,197.0,701684.0
2018-02-12 09:15:00,NSE:OLECTRA,196.39999,232.0,185.14999,192.3,898603.0
2018-02-19 09:15:00,NSE:OLECTRA,190.0,206.5,183.39999,196.05,473656.0
2018-02-26 09:15:00,NSE:OLECTRA,197.85001,229.89999,197.85001,216.25,972310.0
2018-03-05 09:15:00,NSE:OLECTRA,216.3,224.89999,191.0,196.10001,440852.0
2018-03-12 09:15:00,NSE:OLECTRA,198.25,207.39999,193.0,201.0,377956.0
2018-03-19 09:15:00,NSE:OLECTRA,202.8,206.10001,176.10001,181.95,879372.0
2018-03-26 09:15:00,NSE:OLECTRA,187.0,187.75,176.0,182.35001,374146.0
2018-04-02 09:15:00,NSE:OLECTRA,185.0,188.5,174.0,179.0,576483.0
2018-04-09 09:15:00,NSE:OLECTRA,179.7,192.0,173.55,184.89999,571366.0
2018-04-16 09:15:00,NSE:OLECTRA,184.2,190.89999,173.0,176.75,423183.0
2018-04-23 09:15:00,NSE:OLECTRA,177.89999,180.0,168.8,175.60001,260271.0
2018-04-30 09:15:00,NSE:OLECTRA,177.95,182.5,169.0,169.95,130450.0
2018-05-07 09:15:00,NSE:OLECTRA,168.0,173.0,155.10001,157.8,214704.0
2018-05-14 09:15:00,NSE:OLECTRA,156.89999,161.55,144.0,155.60001,359676.0
2018-05-21 09:15:00,NSE:OLECTRA,159.0,175.0,144.45,152.14999,429578.0
2018-05-28 09:15:00,NSE:OLECTRA,154.89999,169.8,150.45,153.10001,231480.0
2018-06-04 09:15:00,NSE:OLECTRA,147.64999,160.14999,132.7,160.14999,249246.0
2018-06-11 09:15:00,NSE:OLECTRA,168.14999,194.60001,167.75,173.64999,463405.0
2018-06-18 09:15:00,NSE:OLECTRA,175.0,175.10001,150.64999,161.55,432307.0
2018-06-25 09:15:00,NSE:OLECTRA,156.14999,183.0,156.14999,163.14999,289088.0
2018-07-02 09:15:00,NSE:OLECTRA,160.0,172.2,158.0,164.95,197737.0
2018-07-09 09:15:00,NSE:OLECTRA,166.0,168.64999,158.25,160.85001,84826.0
2018-07-16 09:15:00,NSE:OLECTRA,162.0,162.0,137.55,142.8,114959.0
2018-07-23 09:15:00,NSE:OLECTRA,148.5,172.7,144.35001,162.7,474385.0
2018-07-30 09:15:00,NSE:OLECTRA,160.0,171.14999,154.0,171.14999,272625.0
2018-08-06 09:15:00,NSE:OLECTRA,179.7,208.89999,179.7,204.8,366521.0
2018-08-13 09:15:00,NSE:OLECTRA,215.0,232.7,205.0,226.45,340511.0
2018-08-20 09:15:00,NSE:OLECTRA,226.0,262.04999,222.0,261.45001,255800.0
2018-08-27 09:15:00,NSE:OLECTRA,274.0,274.5,226.0,233.7,239862.0
2018-09-03 09:15:00,NSE:OLECTRA,230.0,253.85001,218.0,253.85001,162702.0
2018-09-10 09:15:00,NSE:OLECTRA,266.5,279.79999,257.0,263.20001,304899.0
2018-09-17 09:15:00,NSE:OLECTRA,265.0,265.0,234.39999,234.39999,71833.0
2018-09-24 09:15:00,NSE:OLECTRA,243.45,243.45,201.5,203.10001,148536.0
2018-10-01 09:15:00,NSE:OLECTRA,193.64999,228.89999,193.0,205.89999,221878.0
2018-10-08 09:15:00,NSE:OLECTRA,205.89999,206.0,182.0,201.35001,153789.0
2018-10-15 09:15:00,NSE:OLECTRA,211.39999,233.0,206.5,207.8,182170.0
2018-10-22 09:15:00,NSE:OLECTRA,214.95,214.95,182.0,189.35001,90899.0
2018-10-29 09:15:00,NSE:OLECTRA,198.8,218.64999,196.0,204.35001,148155.0
2018-11-05 09:15:00,NSE:OLECTRA,200.2,252.0,200.14999,244.0,245021.0
2018-11-12 09:15:00,NSE:OLECTRA,243.14999,254.39999,217.0,230.3,165292.0
2018-11-19 09:15:00,NSE:OLECTRA,234.95,241.05,219.5,222.64999,83269.0
2018-11-26 09:15:00,NSE:OLECTRA,229.75,229.95,208.0,212.8,84934.0
2018-12-03 09:15:00,NSE:OLECTRA,219.8,224.0,202.0,217.64999,80474.0
2018-12-10 09:15:00,NSE:OLECTRA,206.0,215.25,194.39999,206.45,138175.0
2018-12-17 09:15:00,NSE:OLECTRA,207.3,216.35001,200.0,200.60001,181901.0
2018-12-24 09:15:00,NSE:OLECTRA,199.0,259.0,188.14999,244.95,1951883.0
2018-12-31 09:15:00,NSE:OLECTRA,242.25,255.0,226.5,241.75,902480.0
2019-01-07 09:15:00,NSE:OLECTRA,244.64999,247.5,221.64999,228.05,255822.0
2019-01-14 09:15:00,NSE:OLECTRA,228.95,249.39999,224.05,237.3,344801.0
2019-01-21 09:15:00,NSE:OLECTRA,238.89999,241.14999,221.14999,223.55,215223.0
2019-01-28 09:15:00,NSE:OLECTRA,226.0,238.05,211.25,220.25,694972.0
2019-02-04 09:15:00,NSE:OLECTRA,220.35001,220.75,191.5,196.60001,227291.0
2019-02-11 09:15:00,NSE:OLECTRA,197.0,210.85001,191.0,204.8,195813.0
2019-02-18 09:15:00,NSE:OLECTRA,207.5,214.0,180.0,208.7,151871.0
2019-02-25 09:15:00,NSE:OLECTRA,209.89999,243.5,197.75,237.10001,843220.0
2019-03-05 09:15:00,NSE:OLECTRA,237.10001,256.79999,235.0,247.2,576180.0
2019-03-11 09:15:00,NSE:OLECTRA,269.0,269.0,241.3,252.45,684767.0
2019-03-18 09:15:00,NSE:OLECTRA,254.89999,267.10001,242.10001,263.5,355240.0
2019-03-25 09:15:00,NSE:OLECTRA,262.0,274.45001,240.39999,244.25,343973.0
2019-04-01 09:15:00,NSE:OLECTRA,243.95,254.0,240.25,248.0,211260.0
2019-04-08 09:15:00,NSE:OLECTRA,248.10001,248.10001,230.0,235.05,130132.0
2019-04-15 09:15:00,NSE:OLECTRA,235.0,237.5,221.0,222.3,70548.0
2019-04-22 09:15:00,NSE:OLECTRA,225.60001,228.0,210.95,219.35001,153167.0
2019-04-30 09:15:00,NSE:OLECTRA,219.95,237.89999,206.45,223.60001,321240.0
2019-05-06 09:15:00,NSE:OLECTRA,223.3,230.0,215.8,216.5,228219.0
2019-05-13 09:15:00,NSE:OLECTRA,215.75,218.95,196.0,206.8,142714.0
2019-05-20 09:15:00,NSE:OLECTRA,214.60001,228.8,208.3,220.05,218389.0
2019-05-27 09:15:00,NSE:OLECTRA,222.8,223.89999,208.0,210.2,96324.0
2019-06-03 09:15:00,NSE:OLECTRA,207.2,224.89999,198.55,211.85001,345729.0
2019-06-10 09:15:00,NSE:OLECTRA,210.0,214.89999,197.2,201.7,331502.0
2019-06-17 09:15:00,NSE:OLECTRA,202.5,215.0,186.0,188.5,449387.0
2019-06-24 09:15:00,NSE:OLECTRA,189.0,208.0,165.64999,200.45,587059.0
2019-07-01 09:15:00,NSE:OLECTRA,205.39999,234.75,199.0,216.7,766473.0
2019-07-08 09:15:00,NSE:OLECTRA,217.0,217.0,195.0,197.3,228902.0
2019-07-15 09:15:00,NSE:OLECTRA,201.45,201.45,183.3,185.85001,109072.0
2019-07-22 09:15:00,NSE:OLECTRA,185.0,195.0,180.2,187.60001,157295.0
2019-07-29 09:15:00,NSE:OLECTRA,200.0,205.0,182.8,196.10001,230970.0
2019-08-05 09:15:00,NSE:OLECTRA,196.95,211.0,186.95,204.85001,156021.0
2019-08-13 09:15:00,NSE:OLECTRA,202.2,207.3,189.64999,191.35001,75243.0
2019-08-19 09:15:00,NSE:OLECTRA,190.0,194.0,175.8,179.10001,103407.0
2019-08-26 09:15:00,NSE:OLECTRA,181.89999,182.8,165.25,166.25,196022.0
2019-09-03 09:15:00,NSE:OLECTRA,165.0,187.75,147.60001,175.8,384730.0
2019-09-09 09:15:00,NSE:OLECTRA,177.7,211.2,168.25,191.2,722416.0
2019-09-16 09:15:00,NSE:OLECTRA,189.89999,196.8,184.2,192.25,181715.0
2019-09-23 09:15:00,NSE:OLECTRA,191.25,218.95,191.10001,201.5,538194.0
2019-09-30 09:15:00,NSE:OLECTRA,204.0,208.0,186.0,197.75,202516.0
2019-10-07 09:15:00,NSE:OLECTRA,195.3,199.0,188.5,190.45,139447.0
2019-10-14 09:15:00,NSE:OLECTRA,190.3,193.10001,182.0,185.10001,204081.0
2019-10-21 09:15:00,NSE:OLECTRA,185.5,187.5,177.10001,186.39999,184070.0
2019-10-29 09:15:00,NSE:OLECTRA,186.39999,197.05,181.2,190.89999,150210.0
2019-11-04 09:15:00,NSE:OLECTRA,192.8,199.0,187.0,194.25,249422.0
2019-11-11 09:15:00,NSE:OLECTRA,195.8,196.60001,180.3,180.89999,129502.0
2019-11-18 09:15:00,NSE:OLECTRA,185.8,191.5,177.89999,183.8,168647.0
2019-11-25 09:15:00,NSE:OLECTRA,183.8,183.8,175.0,177.10001,131200.0
2019-12-02 09:15:00,NSE:OLECTRA,179.85001,179.95,154.8,165.39999,258398.0
2019-12-09 09:15:00,NSE:OLECTRA,165.55,185.0,164.10001,177.64999,242533.0
2019-12-16 09:15:00,NSE:OLECTRA,182.0,207.0,166.60001,185.2,1519563.0
2019-12-23 09:15:00,NSE:OLECTRA,185.89999,187.5,171.5,175.0,443250.0
2019-12-30 09:15:00,NSE:OLECTRA,175.39999,184.0,171.25,171.64999,290785.0
2020-01-06 09:15:00,NSE:OLECTRA,172.5,184.3,165.5,179.75,551842.0
2020-01-13 09:15:00,NSE:OLECTRA,180.0,184.0,175.05,178.2,235992.0
2020-01-20 09:15:00,NSE:OLECTRA,181.0,191.8,172.5,180.39999,707268.0
2020-01-27 09:15:00,NSE:OLECTRA,179.95,182.0,160.55,163.64999,424888.0
2020-02-03 09:15:00,NSE:OLECTRA,160.0,169.89999,158.0,163.25,172432.0
2020-02-10 09:15:00,NSE:OLECTRA,166.45,166.8,156.14999,156.95,178193.0
2020-02-17 09:15:00,NSE:OLECTRA,157.5,159.05,147.0,148.05,212935.0
2020-02-24 09:15:00,NSE:OLECTRA,148.05,148.05,112.5,117.6,566809.0
2020-03-02 09:15:00,NSE:OLECTRA,119.5,124.4,93.150002,97.599998,360306.0
2020-03-09 09:15:00,NSE:OLECTRA,94.0,94.550003,70.5,74.25,1126793.0
2020-03-16 09:15:00,NSE:OLECTRA,70.300003,73.949997,53.400002,53.400002,477934.0
2020-03-23 09:15:00,NSE:OLECTRA,50.75,50.75,41.450001,44.700001,975888.0
2020-03-30 09:15:00,NSE:OLECTRA,42.599998,54.200001,42.599998,54.200001,165642.0
2020-04-07 09:15:00,NSE:OLECTRA,56.900002,62.650002,56.900002,62.650002,20190.0
2020-04-13 09:15:00,NSE:OLECTRA,65.75,76.050003,62.049999,76.050003,384456.0
2020-04-20 09:15:00,NSE:OLECTRA,79.849998,79.949997,68.400002,72.699997,504187.0
2020-04-27 09:15:00,NSE:OLECTRA,74.949997,75.099998,69.25,70.550003,179102.0
2020-05-04 09:15:00,NSE:OLECTRA,69.900002,70.650002,64.849998,66.550003,149594.0
2020-05-11 09:15:00,NSE:OLECTRA,67.0,69.0,61.299999,62.299999,126632.0
2020-05-18 09:15:00,NSE:OLECTRA,62.25,62.25,52.349998,54.849998,204840.0
2020-05-26 09:15:00,NSE:OLECTRA,55.700001,58.400002,53.200001,57.299999,156562.0
2020-06-01 09:15:00,NSE:OLECTRA,58.400002,66.5,55.950001,66.5,259757.0
2020-06-08 09:15:00,NSE:OLECTRA,69.800003,80.699997,69.449997,69.449997,357329.0
2020-06-15 09:15:00,NSE:OLECTRA,66.0,70.0,63.25,66.949997,580173.0
2020-06-22 09:15:00,NSE:OLECTRA,67.900002,72.800003,64.099998,72.800003,672807.0
2020-06-29 09:15:00,NSE:OLECTRA,74.949997,79.650002,66.300003,68.300003,725926.0
2020-07-06 09:15:00,NSE:OLECTRA,68.349998,69.849998,65.300003,66.050003,350150.0
2020-07-13 09:15:00,NSE:OLECTRA,66.75,66.75,59.950001,63.849998,194373.0
2020-07-20 09:15:00,NSE:OLECTRA,67.0,70.0,62.0,63.0,395194.0
2020-07-27 09:15:00,NSE:OLECTRA,64.300003,64.300003,57.950001,58.700001,253915.0
2020-08-03 09:15:00,NSE:OLECTRA,58.0,68.800003,56.25,63.849998,429269.0
2020-08-10 09:15:00,NSE:OLECTRA,64.650002,73.900002,61.5,70.5,708357.0
2020-08-17 09:15:00,NSE:OLECTRA,73.800003,75.400002,67.0,70.800003,852760.0
2020-08-24 09:15:00,NSE:OLECTRA,70.5,74.400002,69.050003,72.099998,543499.0
2020-08-31 09:15:00,NSE:OLECTRA,72.0,73.400002,65.099998,68.949997,304366.0
2020-09-07 09:15:00,NSE:OLECTRA,70.949997,70.949997,64.199997,66.849998,182895.0
2020-09-14 09:15:00,NSE:OLECTRA,66.800003,78.449997,64.300003,69.900002,856629.0
2020-09-21 09:15:00,NSE:OLECTRA,73.400002,73.400002,60.25,65.5,452436.0
2020-09-28 09:15:00,NSE:OLECTRA,66.5,68.150002,62.549999,63.349998,211207.0
2020-10-05 09:15:00,NSE:OLECTRA,64.150002,65.0,61.849998,62.150002,244661.0
2020-10-12 09:15:00,NSE:OLECTRA,62.5,63.25,59.5,59.950001,213850.0
2020-10-19 09:15:00,NSE:OLECTRA,60.150002,63.0,56.549999,59.349998,282239.0
2020-10-26 09:15:00,NSE:OLECTRA,61.700001,61.700001,56.599998,58.900002,141371.0
2020-11-02 09:15:00,NSE:OLECTRA,59.849998,59.950001,57.0,59.099998,162021.0
2020-11-09 09:15:00,NSE:OLECTRA,59.75,70.900002,58.200001,61.150002,446320.0
2020-11-17 09:15:00,NSE:OLECTRA,62.349998,68.5,60.150002,62.200001,619536.0
2020-11-23 09:15:00,NSE:OLECTRA,64.0,68.900002,62.799999,67.949997,807528.0
2020-12-01 09:15:00,NSE:OLECTRA,69.800003,107.15,55.0,107.15,4960408.0
2020-12-07 09:15:00,NSE:OLECTRA,112.4,117.85,92.0,101.0,4351806.0
2020-12-14 09:15:00,NSE:OLECTRA,101.0,119.9,98.0,111.3,3586597.0
2020-12-21 09:15:00,NSE:OLECTRA,111.3,115.8,95.0,113.8,2193257.0
2020-12-28 09:15:00,NSE:OLECTRA,117.9,143.3,113.2,131.89999,6024918.0
2021-01-04 09:15:00,NSE:OLECTRA,136.39999,144.7,128.45,136.10001,3324099.0
2021-01-11 09:15:00,NSE:OLECTRA,138.25,148.64999,135.0,137.55,1974564.0
2021-01-18 09:15:00,NSE:OLECTRA,137.0,141.55,126.95,129.55,1233055.0
2021-01-25 09:15:00,NSE:OLECTRA,130.35001,137.8,124.6,137.8,591199.0
2021-02-01 09:15:00,NSE:OLECTRA,140.0,175.7,139.85001,175.7,752335.0
2021-02-08 09:15:00,NSE:OLECTRA,184.45,196.14999,166.95,190.3,6576498.0
2021-02-15 09:15:00,NSE:OLECTRA,182.10001,187.89999,170.5,174.05,6374358.0
2021-02-22 09:15:00,NSE:OLECTRA,175.89999,189.05,166.5,181.3,3190012.0
2021-03-01 09:15:00,NSE:OLECTRA,183.7,186.75,175.5,186.75,1221516.0
2021-03-08 09:15:00,NSE:OLECTRA,196.05,226.9,196.05,226.8,3809558.0
2021-03-15 09:15:00,NSE:OLECTRA,231.8,232.05,199.4,211.55,4583936.0
2021-03-22 09:15:00,NSE:OLECTRA,218.5,231.5,205.75,214.0,2195381.0
2021-03-30 09:15:00,NSE:OLECTRA,211.0,223.6,210.85,219.45,909146.0
2021-04-05 09:15:00,NSE:OLECTRA,225.0,228.4,208.5,219.8,1741042.0
2021-04-12 09:15:00,NSE:OLECTRA,216.0,216.0,185.5,194.2,1979048.0
2021-04-19 09:15:00,NSE:OLECTRA,186.2,195.95,178.2,186.5,1510783.0
2021-04-26 09:15:00,NSE:OLECTRA,184.75,192.8,179.3,181.5,831860.0
2021-05-03 09:15:00,NSE:OLECTRA,180.95,193.95,176.0,177.7,1101404.0
2021-05-10 09:15:00,NSE:OLECTRA,179.45,186.8,169.1,179.55,1067086.0
2021-05-17 09:15:00,NSE:OLECTRA,179.55,183.45,175.1,178.7,562149.0
2021-05-24 09:15:00,NSE:OLECTRA,179.05,193.6,176.4,179.2,1430901.0
2021-05-31 09:15:00,NSE:OLECTRA,176.5,181.75,169.85,171.6,1614523.0
2021-06-07 09:15:00,NSE:OLECTRA,166.1,202.9,166.1,188.4,3800545.0
2021-06-14 09:15:00,NSE:OLECTRA,190.8,195.85,175.4,178.4,1844128.0
2021-06-21 09:15:00,NSE:OLECTRA,175.05,222.0,174.15,218.1,8920082.0
2021-06-28 09:15:00,NSE:OLECTRA,224.0,245.3,208.35,243.1,7545282.0
2021-07-05 09:15:00,NSE:OLECTRA,247.45,278.45,237.25,244.25,5635733.0
2021-07-12 09:15:00,NSE:OLECTRA,246.5,255.0,238.55,244.4,932248.0
2021-07-19 09:15:00,NSE:OLECTRA,245.0,248.0,231.5,242.3,1002691.0
2021-07-26 09:15:00,NSE:OLECTRA,243.95,303.35,237.3,303.35,2527913.0
2021-08-02 09:15:00,NSE:OLECTRA,318.5,344.0,301.0,316.95,2230306.0
2021-08-09 09:15:00,NSE:OLECTRA,329.0,329.0,274.55,312.9,1491486.0
