datetime,symbol,open,high,low,close,volume
2001-12-03 09:15:00,NSE:TVSMOTOR,8.4949995,8.8,7.7525,7.9449995,891720.0
2001-12-10 09:15:00,NSE:TVSMOTOR,7.8225,8.6949995,7.0,8.035,962900.0
2001-12-17 09:15:00,NSE:TVSMOTOR,8.0275,8.05,7.015,7.0449995,815500.0
2001-12-24 09:15:00,NSE:TVSMOTOR,6.9449995,8.15,6.5775,8.0,1303760.0
2001-12-31 09:15:00,NSE:TVSMOTOR,8.15,9.215,8.0,9.04,1450760.0
2002-01-07 09:15:00,NSE:TVSMOTOR,9.2449995,10.14,9.1,9.9699995,4508320.0
2002-01-14 09:15:00,NSE:TVSMOTOR,10.0,12.8449995,10.0,12.4324995,10760820.0
2002-01-21 09:15:00,NSE:TVSMOTOR,12.7,13.0,12.15,12.585,7190340.0
2002-01-28 09:15:00,NSE:TVSMOTOR,11.6125,13.95,11.6125,13.6274995,5802480.0
2002-02-04 09:15:00,NSE:TVSMOTOR,14.1850005,15.95,13.3850005,15.5225005,2318200.0
2002-02-11 09:15:00,NSE:TVSMOTOR,15.8,16.4399995,14.5,15.25,1277600.0
2002-02-18 09:15:00,NSE:TVSMOTOR,15.5,18.15,15.5,17.9274995,3011560.0
2002-02-25 09:15:00,NSE:TVSMOTOR,17.75,18.65,15.8524995,17.4425005,3244380.0
2002-03-04 09:15:00,NSE:TVSMOTOR,17.95,18.5,17.1,17.2975005,1930880.0
2002-03-11 09:15:00,NSE:TVSMOTOR,18.4,18.4,16.3800005,17.2875,1578940.0
2002-03-18 09:15:00,NSE:TVSMOTOR,17.5,20.35,16.85,18.5475005,1523380.0
2002-03-25 09:15:00,NSE:TVSMOTOR,19.0,19.2,17.05,18.9024995,1973660.0
2002-04-01 09:15:00,NSE:TVSMOTOR,18.75,19.2425005,17.9875,18.0324995,528320.0
2002-04-08 09:15:00,NSE:TVSMOTOR,18.4,19.95,17.8024995,18.7524995,506340.0
2002-04-15 09:15:00,NSE:TVSMOTOR,19.125,21.25,18.35,19.9,1015360.0
2002-04-22 09:15:00,NSE:TVSMOTOR,20.5,25.0,19.25,23.5300005,4013960.0
2002-04-29 09:15:00,NSE:TVSMOTOR,24.0,24.35,22.6,22.8675005,1728580.0
2002-05-06 09:15:00,NSE:TVSMOTOR,23.0,23.25,21.85,22.3100005,1082160.0
2002-05-13 09:15:00,NSE:TVSMOTOR,22.9,23.0,17.55,21.0774995,530580.0
2002-05-20 09:15:00,NSE:TVSMOTOR,21.4,21.475,19.0125,20.9300005,1331340.0
2002-05-27 09:15:00,NSE:TVSMOTOR,20.75,21.0,19.75,20.2550005,338460.0
2002-06-03 09:15:00,NSE:TVSMOTOR,20.8,22.0,16.55,21.0050005,1188520.0
2002-06-10 09:15:00,NSE:TVSMOTOR,22.0,24.95,21.45,23.7375,1837120.0
2002-06-17 09:15:00,NSE:TVSMOTOR,22.75,24.6,22.5524995,24.2600005,740040.0
2002-06-24 09:15:00,NSE:TVSMOTOR,23.25,25.6,21.2550005,25.3675005,1388720.0
2002-07-01 09:15:00,NSE:TVSMOTOR,25.5574995,27.35,25.5,27.2600005,2111520.0
2002-07-08 09:15:00,NSE:TVSMOTOR,22.7,27.9,22.7,27.3274995,621980.0
2002-07-15 09:15:00,NSE:TVSMOTOR,23.45,28.0,23.45,24.9449995,625200.0
2002-07-22 09:15:00,NSE:TVSMOTOR,24.975,25.1875,19.5449995,23.4550005,747500.0
2002-07-29 09:15:00,NSE:TVSMOTOR,23.15,24.45,20.15,20.7850005,2007260.0
2002-08-05 09:15:00,NSE:TVSMOTOR,21.45,22.5,20.0,21.6375,919480.0
2002-08-12 09:15:00,NSE:TVSMOTOR,21.6,23.5,21.25,21.7899995,1980780.0
2002-08-19 09:15:00,NSE:TVSMOTOR,21.6524995,23.5,21.3,21.3699995,1415960.0
2002-08-26 09:15:00,NSE:TVSMOTOR,21.3,21.8324995,19.175,20.9425005,625860.0
2002-09-02 09:15:00,NSE:TVSMOTOR,21.25,21.7,20.4,20.5399995,678440.0
2002-09-09 09:15:00,NSE:TVSMOTOR,18.075,20.8,18.075,20.6425005,572040.0
2002-09-16 09:15:00,NSE:TVSMOTOR,20.3,21.0,19.05,19.6550005,498960.0
2002-09-23 09:15:00,NSE:TVSMOTOR,19.675,21.4,19.2,20.2850005,286280.0
2002-09-30 09:15:00,NSE:TVSMOTOR,20.45,21.0,18.75,19.3725005,994560.0
2002-10-07 09:15:00,NSE:TVSMOTOR,19.35,21.5,19.1899995,20.3524995,619460.0
2002-10-14 09:15:00,NSE:TVSMOTOR,20.6,21.1949995,20.5,21.0024995,645520.0
2002-10-21 09:15:00,NSE:TVSMOTOR,21.25,21.85,19.05,19.275,2052560.0
2002-10-28 09:15:00,NSE:TVSMOTOR,19.15,19.8925005,18.75,19.7800005,847100.0
2002-11-04 09:15:00,NSE:TVSMOTOR,19.9949995,20.45,19.55,19.9300005,400380.0
2002-11-11 09:15:00,NSE:TVSMOTOR,20.0,20.45,19.5,20.0550005,419540.0
2002-11-18 09:15:00,NSE:TVSMOTOR,20.25,21.85,20.1574995,21.5399995,3341980.0
2002-11-25 09:15:00,NSE:TVSMOTOR,21.6274995,24.0,21.6,23.8675005,1937260.0
2002-12-30 09:15:00,NSE:TVSMOTOR,24.95,25.95,24.75,24.9949995,960040.0
2003-01-06 09:15:00,NSE:TVSMOTOR,24.2675005,25.05,24.25,24.9649995,479560.0
2003-01-13 09:15:00,NSE:TVSMOTOR,24.8024995,27.2,24.5125,26.3125,1052600.0
2003-01-20 09:15:00,NSE:TVSMOTOR,26.425,26.425,25.1,25.1699995,481940.0
2003-01-27 09:15:00,NSE:TVSMOTOR,25.1,25.5,24.575,25.2475005,686660.0
2003-02-03 09:15:00,NSE:TVSMOTOR,25.5,25.85,24.8649995,25.8024995,669180.0
2003-02-10 09:15:00,NSE:TVSMOTOR,26.0,26.0,25.1,25.1774995,1369940.0
2003-02-17 09:15:00,NSE:TVSMOTOR,25.3,26.25,25.15,25.6975005,1546140.0
2003-02-24 09:15:00,NSE:TVSMOTOR,25.4975005,25.75,25.1274995,25.5199995,811760.0
2003-03-03 09:15:00,NSE:TVSMOTOR,25.8,25.8,24.9,24.9824995,1644140.0
2003-03-10 09:15:00,NSE:TVSMOTOR,24.9774995,25.0,23.1074995,23.9225005,1060080.0
2003-03-17 09:15:00,NSE:TVSMOTOR,23.7524995,24.0,22.75,23.7925005,187840.0
2003-03-24 09:15:00,NSE:TVSMOTOR,23.75,23.75,20.75,21.2050005,2837780.0
2003-03-31 09:15:00,NSE:TVSMOTOR,21.2350005,21.2350005,19.7,20.7449995,1141200.0
2003-04-07 09:15:00,NSE:TVSMOTOR,21.0,21.2,19.7,20.0274995,1109980.0
2003-04-14 09:15:00,NSE:TVSMOTOR,19.7550005,19.7699995,19.0050005,19.2725005,280280.0
2003-04-21 09:15:00,NSE:TVSMOTOR,19.3,20.7,19.0,19.8824995,1485560.0
2003-04-28 09:15:00,NSE:TVSMOTOR,20.6449995,21.7425005,19.75,21.4824995,529340.0
2003-05-05 09:15:00,NSE:TVSMOTOR,21.7524995,23.0,21.2449995,22.8425005,654560.0
2003-05-12 09:15:00,NSE:TVSMOTOR,22.8,24.45,22.075,23.35,1021140.0
2003-05-19 09:15:00,NSE:TVSMOTOR,23.5,24.75,23.275,24.5149995,654780.0
2003-05-26 09:15:00,NSE:TVSMOTOR,24.7,27.745001,24.7,26.6774995,1714180.0
2003-06-02 09:15:00,NSE:TVSMOTOR,27.0,27.0,24.9,25.807501,705860.0
2003-06-09 09:15:00,NSE:TVSMOTOR,25.7,26.45,25.5050005,25.642499,473100.0
2003-06-16 09:15:00,NSE:TVSMOTOR,25.75,29.167499,25.5100005,28.3125,2860240.0
2003-06-23 09:15:00,NSE:TVSMOTOR,28.8100005,28.8100005,27.1,28.5125,1027360.0
2003-06-30 09:15:00,NSE:TVSMOTOR,28.5,30.6,28.45,29.5149995,3137400.0
2003-07-07 09:15:00,NSE:TVSMOTOR,30.75,30.75,28.25,28.920001,515320.0
2003-07-14 09:15:00,NSE:TVSMOTOR,29.6875,30.75,28.0,28.0875,1180420.0
2003-07-21 09:15:00,NSE:TVSMOTOR,28.2,28.45,26.5,27.229999,1243960.0
2003-07-28 09:15:00,NSE:TVSMOTOR,27.0274995,30.65,26.75,29.9274995,1855640.0
2003-08-04 09:15:00,NSE:TVSMOTOR,29.1524995,32.525,29.0899995,32.1725005,2796380.0
2003-08-11 09:15:00,NSE:TVSMOTOR,31.5725005,33.15,29.607501,31.842499,1331200.0
2003-08-18 09:15:00,NSE:TVSMOTOR,31.75,36.25,31.75,34.220001,1370620.0
2003-08-25 09:15:00,NSE:TVSMOTOR,35.0,37.0,33.257501,36.742499,3076840.0
2003-09-01 09:15:00,NSE:TVSMOTOR,35.5,40.0,32.6,37.6350005,1304600.0
2003-09-08 09:15:00,NSE:TVSMOTOR,38.55,40.8899995,37.0,39.85,3465260.0
2003-09-15 09:15:00,NSE:TVSMOTOR,40.0,43.25,39.0,40.167499,2841200.0
2003-09-22 09:15:00,NSE:TVSMOTOR,38.5,42.445001,35.75,42.179999,1464260.0
2003-09-29 09:15:00,NSE:TVSMOTOR,42.4,44.15,41.1,43.595001,951480.0
2003-10-06 09:15:00,NSE:TVSMOTOR,44.0,46.4,44.0,44.542499,799820.0
2003-10-13 09:15:00,NSE:TVSMOTOR,45.0,46.2,42.75,44.9899995,1689780.0
2003-10-20 09:15:00,NSE:TVSMOTOR,46.2,47.0,42.3,43.0375,1683380.0
2003-10-27 09:15:00,NSE:TVSMOTOR,44.05,45.2475005,41.8,43.407501,1304360.0
2003-11-03 09:15:00,NSE:TVSMOTOR,44.0,44.95,42.0,42.1774995,741900.0
2003-11-10 09:15:00,NSE:TVSMOTOR,42.5,47.0,41.775,43.5899995,1576880.0
2003-11-17 09:15:00,NSE:TVSMOTOR,44.4,47.25,42.5024995,46.9975005,2041180.0
2003-11-24 09:15:00,NSE:TVSMOTOR,47.5,49.7524995,47.0,48.820001,1006180.0
2003-12-01 09:15:00,NSE:TVSMOTOR,50.0,50.0,47.054999,47.1899995,2966560.0
2003-12-08 09:15:00,NSE:TVSMOTOR,47.35,53.4975,45.05,50.7375,2967820.0
2003-12-15 09:15:00,NSE:TVSMOTOR,54.5,62.35,51.25,58.725,3816012.0
2003-12-22 09:15:00,NSE:TVSMOTOR,59.5,60.25,55.0,55.6,2447790.0
2003-12-29 09:15:00,NSE:TVSMOTOR,56.6,59.9,49.549999,57.975,9466810.0
2004-01-05 09:15:00,NSE:TVSMOTOR,58.0,58.5,53.85,56.925,4371960.0
2004-01-12 09:15:00,NSE:TVSMOTOR,57.25,62.0,53.3,56.075,5227204.0
2004-01-19 09:15:00,NSE:TVSMOTOR,56.5,58.825,50.5,52.325,3571478.0
2004-01-27 09:15:00,NSE:TVSMOTOR,52.925,57.5,51.75,52.375,2560388.0
2004-02-03 09:15:00,NSE:TVSMOTOR,52.85,54.75,50.625,53.975,2743840.0
2004-02-09 09:15:00,NSE:TVSMOTOR,54.0,59.7,54.0,55.025,3632898.0
2004-02-16 09:15:00,NSE:TVSMOTOR,55.625,56.875,51.3,51.925,2215576.0
2004-02-23 09:15:00,NSE:TVSMOTOR,52.05,52.5,49.5,50.075,1152348.0
2004-03-01 09:15:00,NSE:TVSMOTOR,50.675,53.0,48.575001,48.924999,2694662.0
2004-03-08 09:15:00,NSE:TVSMOTOR,49.049999,50.2,47.0,47.700001,641390.0
2004-03-22 09:15:00,NSE:TVSMOTOR,45.0,47.5,43.049999,43.4749985,341492.0
2004-03-29 09:15:00,NSE:TVSMOTOR,44.200001,49.450001,42.0,47.4000015,1333074.0
2004-04-05 09:15:00,NSE:TVSMOTOR,48.0,49.0,43.5999985,45.8499985,1085120.0
2004-04-12 09:15:00,NSE:TVSMOTOR,46.424999,48.5,45.5,47.950001,851626.0
2004-04-19 09:15:00,NSE:TVSMOTOR,48.25,49.549999,46.200001,46.3499985,739350.0
2004-04-26 09:15:00,NSE:TVSMOTOR,44.25,45.9000015,42.5,43.75,564286.0
2004-05-03 09:15:00,NSE:TVSMOTOR,44.0,46.75,40.75,43.7750015,685306.0
2004-05-10 09:15:00,NSE:TVSMOTOR,41.549999,44.700001,35.5,36.924999,1716674.0
2004-05-17 09:15:00,NSE:TVSMOTOR,33.5999985,39.9000015,30.0,36.450001,1712570.0
2004-05-24 09:15:00,NSE:TVSMOTOR,37.0,38.424999,35.049999,35.700001,596216.0
2004-05-31 09:15:00,NSE:TVSMOTOR,35.0,35.825001,30.0,33.9749985,1393082.0
2004-06-07 09:15:00,NSE:TVSMOTOR,34.4749985,34.549999,33.174999,33.950001,361400.0
2004-06-14 09:15:00,NSE:TVSMOTOR,34.25,35.4749985,32.325001,33.3499985,158682.0
2004-06-21 09:15:00,NSE:TVSMOTOR,33.9749985,33.9749985,26.575001,32.700001,457134.0
2004-06-28 09:15:00,NSE:TVSMOTOR,32.700001,36.7249985,32.200001,33.5250015,1209814.0
2004-07-05 09:15:00,NSE:TVSMOTOR,33.875,33.9749985,29.8999995,32.0250015,1267768.0
2004-07-12 09:15:00,NSE:TVSMOTOR,32.700001,33.1500015,31.6499995,32.325001,450216.0
2004-07-19 09:15:00,NSE:TVSMOTOR,32.700001,34.25,32.200001,32.700001,628330.0
2004-07-26 09:15:00,NSE:TVSMOTOR,33.0,33.25,30.5,32.0250015,990370.0
2004-08-02 09:15:00,NSE:TVSMOTOR,32.25,39.700001,32.25,36.700001,5904486.0
2004-08-09 09:15:00,NSE:TVSMOTOR,37.5,38.4000015,33.7750015,34.700001,1996062.0
2004-08-16 09:15:00,NSE:TVSMOTOR,35.200001,36.3499985,33.0,34.8499985,1413748.0
2004-08-23 09:15:00,NSE:TVSMOTOR,35.375,36.75,34.25,35.8499985,1557996.0
2004-08-30 09:15:00,NSE:TVSMOTOR,36.25,38.700001,35.825001,36.9749985,2590560.0
2004-09-06 09:15:00,NSE:TVSMOTOR,37.25,38.200001,33.7249985,37.825001,2283438.0
2004-09-13 09:15:00,NSE:TVSMOTOR,38.25,40.0,36.1500015,38.5,2559332.0
2004-09-20 09:15:00,NSE:TVSMOTOR,39.450001,43.450001,37.25,42.9749985,5404238.0
2004-09-27 09:15:00,NSE:TVSMOTOR,43.299999,43.875,41.4000015,42.799999,3405864.0
2004-10-04 09:15:00,NSE:TVSMOTOR,42.5,43.625,41.875,42.0250015,1981748.0
2004-10-11 09:15:00,NSE:TVSMOTOR,42.5999985,42.75,39.25,39.5,1184268.0
2004-10-18 09:15:00,NSE:TVSMOTOR,40.125,40.5,38.0250015,38.2750015,373580.0
2004-10-25 09:15:00,NSE:TVSMOTOR,37.5999985,39.3499985,32.75,37.825001,926970.0
2004-11-01 09:15:00,NSE:TVSMOTOR,39.4749985,41.5,37.5250015,38.825001,1774232.0
2004-11-08 09:15:00,NSE:TVSMOTOR,39.125,41.5,38.0,40.9000015,957408.0
2004-11-16 09:15:00,NSE:TVSMOTOR,41.4749985,44.450001,40.125,41.200001,3374962.0
2004-11-22 09:15:00,NSE:TVSMOTOR,41.4749985,44.625,39.75,43.450001,4791098.0
2004-11-29 09:15:00,NSE:TVSMOTOR,43.950001,47.25,43.700001,44.7750015,5780708.0
2004-12-06 09:15:00,NSE:TVSMOTOR,45.200001,45.25,41.125,41.450001,2939778.0
2004-12-13 09:15:00,NSE:TVSMOTOR,42.25,42.4000015,39.8499985,41.424999,4146466.0
2004-12-20 09:15:00,NSE:TVSMOTOR,41.5,42.9749985,40.1500015,41.2750015,3178708.0
2004-12-27 09:15:00,NSE:TVSMOTOR,41.2249985,41.8499985,40.375,40.8499985,2539406.0
2005-01-03 09:15:00,NSE:TVSMOTOR,41.450001,43.9749985,38.049999,41.125,4753092.0
2005-01-10 09:15:00,NSE:TVSMOTOR,41.5,41.75,37.25,40.0,2539848.0
2005-01-17 09:15:00,NSE:TVSMOTOR,40.0,40.4000015,38.25,38.700001,2028540.0
2005-01-24 09:15:00,NSE:TVSMOTOR,38.950001,40.9000015,37.549999,39.3499985,1302012.0
2005-01-31 09:15:00,NSE:TVSMOTOR,37.5,39.299999,37.0,37.424999,3069138.0
2005-02-07 09:15:00,NSE:TVSMOTOR,38.0,38.5,35.5,37.0999985,3466382.0
2005-02-14 09:15:00,NSE:TVSMOTOR,37.4749985,38.0999985,35.9000015,36.674999,2486426.0
2005-02-21 09:15:00,NSE:TVSMOTOR,37.0999985,39.0,35.75,36.450001,3290286.0
2005-02-28 09:15:00,NSE:TVSMOTOR,36.950001,39.700001,35.75,39.3499985,3327580.0
2005-03-07 09:15:00,NSE:TVSMOTOR,39.5,39.75,35.5,35.7249985,2617744.0
2005-03-14 09:15:00,NSE:TVSMOTOR,36.700001,38.450001,35.25,36.0,2831944.0
2005-03-21 09:15:00,NSE:TVSMOTOR,36.25,37.75,34.049999,34.8499985,2909024.0
2005-03-28 09:15:00,NSE:TVSMOTOR,35.200001,36.8499985,32.5,35.450001,2861148.0
2005-04-04 09:15:00,NSE:TVSMOTOR,35.700001,36.200001,33.825001,34.7750015,1461852.0
2005-04-11 09:15:00,NSE:TVSMOTOR,34.875,35.950001,34.375,34.7750015,858676.0
2005-04-18 09:15:00,NSE:TVSMOTOR,34.5,35.4000015,32.799999,35.075001,1309264.0
2005-04-25 09:15:00,NSE:TVSMOTOR,34.75,35.299999,34.0250015,34.1500015,534788.0
2005-05-02 09:15:00,NSE:TVSMOTOR,34.0999985,38.549999,33.8499985,34.575001,696772.0
2005-05-09 09:15:00,NSE:TVSMOTOR,34.575001,36.5,34.4000015,35.7249985,1031516.0
2005-05-16 09:15:00,NSE:TVSMOTOR,36.0,36.200001,34.700001,34.950001,662696.0
2005-05-23 09:15:00,NSE:TVSMOTOR,34.75,35.5,34.75,35.075001,1159934.0
2005-05-30 09:15:00,NSE:TVSMOTOR,35.0,39.125,34.674999,36.950001,7084600.0
2005-06-06 09:15:00,NSE:TVSMOTOR,38.5,40.375,36.450001,36.9000015,6097488.0
2005-06-13 09:15:00,NSE:TVSMOTOR,37.2750015,37.3499985,33.125,35.299999,1598198.0
2005-06-20 09:15:00,NSE:TVSMOTOR,35.299999,39.700001,33.375,38.9000015,6539290.0
2005-06-27 09:15:00,NSE:TVSMOTOR,39.125,39.3499985,35.200001,38.2750015,3956034.0
2005-07-04 09:15:00,NSE:TVSMOTOR,38.75,40.700001,37.0,37.75,4725414.0
2005-07-11 09:15:00,NSE:TVSMOTOR,38.200001,42.5,38.0250015,41.549999,6341054.0
2005-07-18 09:15:00,NSE:TVSMOTOR,41.9749985,43.9000015,41.125,41.924999,6958766.0
2005-07-25 09:15:00,NSE:TVSMOTOR,42.575001,43.700001,37.5,38.625,5434762.0
2005-08-01 09:15:00,NSE:TVSMOTOR,38.0,41.75,38.0,40.5999985,3992938.0
2005-08-08 09:15:00,NSE:TVSMOTOR,40.674999,41.75,39.4000015,41.2249985,2325532.0
2005-08-16 09:15:00,NSE:TVSMOTOR,41.5,42.4749985,38.625,40.825001,2952058.0
2005-08-22 09:15:00,NSE:TVSMOTOR,40.0999985,41.4000015,37.5,38.7249985,3159680.0
2005-08-29 09:15:00,NSE:TVSMOTOR,38.5,41.6500015,37.625,41.25,5492684.0
2005-09-05 09:15:00,NSE:TVSMOTOR,41.5,46.4000015,40.450001,45.924999,16618770.0
2005-09-12 09:15:00,NSE:TVSMOTOR,46.700001,47.299999,44.25,45.5999985,17482534.0
2005-09-19 09:15:00,NSE:TVSMOTOR,45.9000015,48.424999,38.2249985,45.200001,24478986.0
2005-09-26 09:15:00,NSE:TVSMOTOR,45.5250015,47.75,45.049999,46.4749985,9460824.0
2005-10-03 09:15:00,NSE:TVSMOTOR,46.9000015,52.95,46.9000015,49.4000015,24972988.0
2005-10-10 09:15:00,NSE:TVSMOTOR,50.3,51.0,45.875,46.325001,3715032.0
2005-10-17 09:15:00,NSE:TVSMOTOR,46.950001,47.2750015,43.5,45.0999985,2959550.0
2005-10-24 09:15:00,NSE:TVSMOTOR,45.0,47.950001,41.0999985,41.450001,9200196.0
2005-10-31 09:15:00,NSE:TVSMOTOR,41.0,45.2750015,38.75,44.4749985,4051936.0
2005-11-07 09:15:00,NSE:TVSMOTOR,44.4749985,49.950001,44.4749985,47.625,11274368.0
2005-11-14 09:15:00,NSE:TVSMOTOR,48.2249985,49.299999,47.5250015,49.1500015,8172512.0
2005-11-21 09:15:00,NSE:TVSMOTOR,49.450001,52.3,47.5,51.425,7712880.0
2005-11-28 09:15:00,NSE:TVSMOTOR,52.325,52.325,48.0,49.5999985,5656402.0
2005-12-05 09:15:00,NSE:TVSMOTOR,50.5,50.7,48.25,50.2,2764548.0
2005-12-12 09:15:00,NSE:TVSMOTOR,50.0,51.0,48.7750015,49.875,5060874.0
2005-12-19 09:15:00,NSE:TVSMOTOR,50.15,53.0,49.299999,52.275,7027794.0
2005-12-26 09:15:00,NSE:TVSMOTOR,52.75,52.75,48.825001,50.075,3943022.0
2006-01-02 09:15:00,NSE:TVSMOTOR,50.5,56.75,49.25,55.8,7507532.0
2006-01-09 09:15:00,NSE:TVSMOTOR,59.95,59.95,53.15,54.55,5662244.0
2006-01-16 09:15:00,NSE:TVSMOTOR,55.025,55.65,52.6,54.5,1543774.0
2006-01-23 09:15:00,NSE:TVSMOTOR,54.35,57.725,53.4,54.85,2628274.0
2006-01-30 09:15:00,NSE:TVSMOTOR,55.05,61.65,54.55,60.45,6153850.0
2006-02-06 09:15:00,NSE:TVSMOTOR,60.625,61.8,59.525,60.275,3879932.0
2006-02-13 09:15:00,NSE:TVSMOTOR,61.25,63.3,55.85,60.675,7047186.0
2006-02-20 09:15:00,NSE:TVSMOTOR,61.2,62.125,58.0,58.575,3499712.0
2006-02-27 09:15:00,NSE:TVSMOTOR,58.275,62.5,58.275,62.1,3350334.0
2006-03-06 09:15:00,NSE:TVSMOTOR,62.5,70.449995,60.5,62.55,3779406.0
2006-03-13 09:15:00,NSE:TVSMOTOR,62.0,64.175005,60.75,61.6,2141364.0
2006-03-20 09:15:00,NSE:TVSMOTOR,60.7,67.5,60.7,66.824995,6442720.0
2006-03-27 09:15:00,NSE:TVSMOTOR,67.0,72.175005,64.025,70.225,3085092.0
2006-04-03 09:15:00,NSE:TVSMOTOR,74.5,93.25,72.0,86.1,30975982.0
2006-04-10 09:15:00,NSE:TVSMOTOR,77.9,89.449995,73.025,76.65,9811850.0
2006-04-17 09:15:00,NSE:TVSMOTOR,75.050005,84.449995,75.050005,80.175005,9134588.0
2006-04-24 09:15:00,NSE:TVSMOTOR,80.9,82.65,64.5,77.050005,6642046.0
2006-05-02 09:15:00,NSE:TVSMOTOR,83.5,83.5,80.275,81.6,4004710.0
2006-05-08 09:15:00,NSE:TVSMOTOR,81.15,86.4,79.0,79.449995,6574652.0
2006-05-15 09:15:00,NSE:TVSMOTOR,82.449995,84.475,62.0,64.6,9808764.0
2006-05-22 09:15:00,NSE:TVSMOTOR,70.0,72.0,45.3499985,64.625,10511640.0
2006-05-29 09:15:00,NSE:TVSMOTOR,67.1,67.4,56.325,62.225,5768500.0
2006-06-05 09:15:00,NSE:TVSMOTOR,62.5,62.5,51.3,56.7,5147368.0
2006-06-12 09:15:00,NSE:TVSMOTOR,59.7,59.7,43.5250015,50.575,6438326.0
2006-06-19 09:15:00,NSE:TVSMOTOR,48.9000015,55.5,47.5,52.9,7689596.0
2006-06-26 09:15:00,NSE:TVSMOTOR,53.5,53.875,46.0,48.924999,9658502.0
2006-07-03 09:15:00,NSE:TVSMOTOR,49.5,50.95,45.674999,46.0,9876876.0
2006-07-10 09:15:00,NSE:TVSMOTOR,44.5,48.25,44.1500015,45.5999985,6728728.0
2006-07-17 09:15:00,NSE:TVSMOTOR,45.4749985,45.950001,39.549999,40.200001,3415806.0
2006-07-24 09:15:00,NSE:TVSMOTOR,40.25,44.950001,39.2249985,43.75,7212900.0
2006-07-31 09:15:00,NSE:TVSMOTOR,44.0,46.674999,43.575001,45.200001,6775062.0
2006-08-07 09:15:00,NSE:TVSMOTOR,44.75,47.174999,44.0,46.299999,4548016.0
2006-08-14 09:15:00,NSE:TVSMOTOR,46.9749985,48.75,46.5,47.674999,4070516.0
2006-08-21 09:15:00,NSE:TVSMOTOR,47.0,49.5,45.75,47.0,3002982.0
2006-08-28 09:15:00,NSE:TVSMOTOR,46.875,49.5,45.9000015,48.0999985,6197186.0
2006-09-04 09:15:00,NSE:TVSMOTOR,49.0,60.15,48.7750015,58.4,37147888.0
2006-09-11 09:15:00,NSE:TVSMOTOR,58.9,59.15,52.5,57.575,15354160.0
2006-09-18 09:15:00,NSE:TVSMOTOR,57.275,60.2,53.5,58.5,13267420.0
2006-09-25 09:15:00,NSE:TVSMOTOR,58.25,63.5,57.45,62.225,20951018.0
2006-10-03 09:15:00,NSE:TVSMOTOR,63.35,64.699995,60.75,61.5,6025260.0
2006-10-09 09:15:00,NSE:TVSMOTOR,61.0,62.95,59.325,61.375,3287654.0
2006-10-16 09:15:00,NSE:TVSMOTOR,52.625,63.0,52.625,58.35,5989586.0
2006-10-23 09:15:00,NSE:TVSMOTOR,59.0,59.275,52.525,54.175,6372930.0
2006-10-30 09:15:00,NSE:TVSMOTOR,54.175,57.0,52.75,53.05,3135698.0
2006-11-06 09:15:00,NSE:TVSMOTOR,53.175,54.5,49.75,50.35,5698248.0
2006-11-13 09:15:00,NSE:TVSMOTOR,50.5,52.45,47.700001,48.375,10640298.0
2006-11-20 09:15:00,NSE:TVSMOTOR,48.5,51.475,46.125,50.3,9847568.0
2006-11-27 09:15:00,NSE:TVSMOTOR,51.0,51.175,48.0250015,49.450001,6471158.0
2006-12-04 09:15:00,NSE:TVSMOTOR,49.5,50.4,46.700001,46.924999,4491984.0
2006-12-11 09:15:00,NSE:TVSMOTOR,46.6500015,47.25,38.950001,43.825001,5897750.0
2006-12-18 09:15:00,NSE:TVSMOTOR,43.5,45.950001,41.625,41.9000015,4007272.0
2006-12-26 09:15:00,NSE:TVSMOTOR,41.5,45.0,41.049999,43.625,4461994.0
2007-01-02 09:15:00,NSE:TVSMOTOR,41.2750015,43.5,40.875,41.075001,5862452.0
2007-01-08 09:15:00,NSE:TVSMOTOR,40.9000015,41.375,39.5999985,41.125,7493180.0
2007-01-15 09:15:00,NSE:TVSMOTOR,42.8499985,43.0,39.2750015,39.575001,8014680.0
2007-01-22 09:15:00,NSE:TVSMOTOR,40.0,40.125,38.5250015,38.674999,5617514.0
2007-01-29 09:15:00,NSE:TVSMOTOR,35.625,42.25,35.625,37.5,6999852.0
2007-02-05 09:15:00,NSE:TVSMOTOR,37.5,39.200001,36.75,37.9000015,8032878.0
2007-02-12 09:15:00,NSE:TVSMOTOR,37.674999,37.674999,34.325001,36.450001,4033264.0
2007-02-19 09:15:00,NSE:TVSMOTOR,36.450001,36.825001,32.5,32.5999985,8225284.0
2007-02-26 09:15:00,NSE:TVSMOTOR,32.75,32.924999,28.0,30.2749995,6289960.0
2007-03-05 09:15:00,NSE:TVSMOTOR,30.200001,30.200001,26.5,28.4750005,9225818.0
2007-03-12 09:15:00,NSE:TVSMOTOR,29.0,31.450001,28.1499995,30.7250005,6632014.0
2007-03-19 09:15:00,NSE:TVSMOTOR,30.7250005,32.375,30.5,31.1499995,5805944.0
2007-03-26 09:15:00,NSE:TVSMOTOR,31.2250005,32.5,29.549999,29.7749995,5841504.0
2007-04-02 09:15:00,NSE:TVSMOTOR,29.5,30.0,27.6000005,28.375,1329478.0
2007-04-09 09:15:00,NSE:TVSMOTOR,28.950001,30.0,25.625,28.9750005,5219874.0
2007-04-16 09:15:00,NSE:TVSMOTOR,30.0,30.1499995,28.200001,28.3500005,4018726.0
2007-04-23 09:15:00,NSE:TVSMOTOR,28.6499995,31.950001,28.25,30.625,11801016.0
2007-04-30 09:15:00,NSE:TVSMOTOR,30.8500005,33.0,30.5,31.450001,5038108.0
2007-05-07 09:15:00,NSE:TVSMOTOR,31.674999,32.0,30.1499995,31.450001,7070952.0
2007-05-14 09:15:00,NSE:TVSMOTOR,31.5,31.950001,30.2250005,30.4750005,2442260.0
2007-05-21 09:15:00,NSE:TVSMOTOR,30.799999,35.200001,30.2749995,33.6500015,16438228.0
2007-05-28 09:15:00,NSE:TVSMOTOR,34.0,35.75,32.549999,34.5999985,9343542.0
2007-06-04 09:15:00,NSE:TVSMOTOR,34.75,36.0,31.875,32.299999,9204526.0
2007-06-11 09:15:00,NSE:TVSMOTOR,32.575001,33.4000015,30.674999,33.0250015,8667836.0
2007-06-18 09:15:00,NSE:TVSMOTOR,33.25,33.75,32.125,32.3499985,2831316.0
2007-06-25 09:15:00,NSE:TVSMOTOR,32.4749985,33.4000015,30.299999,30.4750005,8041344.0
2007-07-02 09:15:00,NSE:TVSMOTOR,30.4750005,31.625,29.5,30.950001,7811478.0
2007-07-09 09:15:00,NSE:TVSMOTOR,31.0,33.4000015,30.2749995,31.75,11115436.0
2007-07-16 09:15:00,NSE:TVSMOTOR,32.049999,32.0999985,30.950001,31.1000005,3388342.0
2007-07-23 09:15:00,NSE:TVSMOTOR,30.75,31.950001,29.5,29.8999995,3804358.0
2007-07-30 09:15:00,NSE:TVSMOTOR,29.5,29.6499995,27.7749995,28.549999,2384450.0
2007-08-06 09:15:00,NSE:TVSMOTOR,28.549999,29.875,26.5249995,27.9750005,1323490.0
2007-08-13 09:15:00,NSE:TVSMOTOR,29.25,29.25,26.799999,27.575001,1514248.0
2007-08-20 09:15:00,NSE:TVSMOTOR,28.5,29.1000005,27.5249995,28.575001,3145832.0
2007-08-27 09:15:00,NSE:TVSMOTOR,29.0,34.8499985,28.75,32.9000015,5379860.0
2007-09-03 09:15:00,NSE:TVSMOTOR,32.75,34.25,31.0,32.1500015,5290372.0
2007-09-10 09:15:00,NSE:TVSMOTOR,32.1500015,38.5,31.924999,35.174999,16978416.0
2007-09-17 09:15:00,NSE:TVSMOTOR,35.25,37.5999985,34.125,35.549999,11695696.0
2007-09-24 09:15:00,NSE:TVSMOTOR,36.0,37.950001,34.5,35.0250015,29484168.0
2007-10-01 09:15:00,NSE:TVSMOTOR,35.0250015,36.625,32.2750015,32.5999985,8097700.0
2007-10-08 09:15:00,NSE:TVSMOTOR,32.799999,33.200001,28.5249995,30.8999995,5408686.0
2007-10-15 09:15:00,NSE:TVSMOTOR,31.0,31.700001,27.0249995,27.575001,7040856.0
2007-10-22 09:15:00,NSE:TVSMOTOR,27.0,29.0249995,26.25,28.424999,9421210.0
2007-10-29 09:15:00,NSE:TVSMOTOR,28.75,30.200001,27.200001,27.924999,5527716.0
2007-11-05 09:15:00,NSE:TVSMOTOR,28.0,29.0,27.0249995,27.799999,1912812.0
2007-11-12 09:15:00,NSE:TVSMOTOR,27.799999,32.200001,27.25,31.7749995,8080468.0
2007-11-19 09:15:00,NSE:TVSMOTOR,32.5,36.799999,29.0,31.25,16065876.0
2007-11-26 09:15:00,NSE:TVSMOTOR,31.5249995,36.4000015,30.5,32.5999985,15184878.0
2007-12-03 09:15:00,NSE:TVSMOTOR,32.5,36.4000015,32.25,34.075001,12296288.0
2007-12-10 09:15:00,NSE:TVSMOTOR,34.700001,39.3499985,33.5,38.799999,21635150.0
2007-12-17 09:15:00,NSE:TVSMOTOR,39.049999,39.424999,33.625,35.0250015,17781272.0
2007-12-24 09:15:00,NSE:TVSMOTOR,37.0,37.0,34.5,35.674999,14758630.0
2007-12-31 09:15:00,NSE:TVSMOTOR,36.450001,37.200001,35.125,35.4749985,16591926.0
2008-01-07 09:15:00,NSE:TVSMOTOR,34.9749985,39.4749985,32.049999,33.0999985,34501822.0
2008-01-14 09:15:00,NSE:TVSMOTOR,34.0999985,34.325001,29.6499995,30.5249995,7659726.0
2008-01-21 09:15:00,NSE:TVSMOTOR,32.375,32.375,15.0,22.375,16570320.0
2008-01-28 09:15:00,NSE:TVSMOTOR,21.674999,22.625,19.0,20.1499995,17195440.0
2008-02-04 09:15:00,NSE:TVSMOTOR,21.0,21.25,19.0,19.75,17297766.0
2008-02-11 09:15:00,NSE:TVSMOTOR,19.9750005,20.325001,18.0,20.0,8736076.0
2008-02-18 09:15:00,NSE:TVSMOTOR,19.950001,20.0,18.799999,19.75,9028972.0
2008-02-25 09:15:00,NSE:TVSMOTOR,19.9750005,22.450001,19.75,21.8999995,27487584.0
2008-03-03 09:15:00,NSE:TVSMOTOR,22.0,22.7749995,19.1499995,19.8999995,12852124.0
2008-03-10 09:15:00,NSE:TVSMOTOR,19.625,21.375,17.200001,19.575001,6688856.0
2008-03-17 09:15:00,NSE:TVSMOTOR,19.575001,19.575001,17.700001,18.0,2170168.0
2008-03-24 09:15:00,NSE:TVSMOTOR,18.1000005,18.8999995,15.375,18.0249995,10769950.0
2008-03-31 09:15:00,NSE:TVSMOTOR,17.7749995,18.8500005,16.25,16.424999,12993040.0
2008-04-07 09:15:00,NSE:TVSMOTOR,16.5,17.200001,16.0249995,16.200001,10340012.0
2008-04-15 09:15:00,NSE:TVSMOTOR,16.4750005,18.9750005,16.174999,18.7250005,11454880.0
2008-04-21 09:15:00,NSE:TVSMOTOR,19.450001,20.8999995,18.200001,19.299999,18891358.0
2008-04-28 09:15:00,NSE:TVSMOTOR,19.3500005,23.700001,19.125,22.875,30782336.0
2008-05-05 09:15:00,NSE:TVSMOTOR,22.5,23.1000005,20.2250005,20.5,11040396.0
2008-05-12 09:15:00,NSE:TVSMOTOR,20.424999,22.450001,19.3999995,20.950001,9349490.0
2008-05-20 09:15:00,NSE:TVSMOTOR,21.0,21.8500005,19.575001,19.7250005,7743500.0
2008-05-26 09:15:00,NSE:TVSMOTOR,19.25,19.8999995,18.0,18.1499995,5781754.0
2008-06-02 09:15:00,NSE:TVSMOTOR,18.450001,19.950001,17.049999,17.4750005,7176012.0
2008-06-09 09:15:00,NSE:TVSMOTOR,17.0,17.875,16.299999,17.299999,4066540.0
2008-06-16 09:15:00,NSE:TVSMOTOR,17.299999,18.5,16.25,16.424999,3069296.0
2008-06-23 09:15:00,NSE:TVSMOTOR,15.25,16.950001,13.6499995,13.7,7790370.0
2008-06-30 09:15:00,NSE:TVSMOTOR,14.0,14.05,11.5249995,13.075,6473970.0
2008-07-07 09:15:00,NSE:TVSMOTOR,14.0,14.55,12.575,13.5,5813412.0
2008-07-14 09:15:00,NSE:TVSMOTOR,13.5,13.7,12.2749995,13.4750005,3680656.0
2008-07-21 09:15:00,NSE:TVSMOTOR,12.5,14.75,12.0,14.5,4223474.0
2008-07-28 09:15:00,NSE:TVSMOTOR,14.5,16.450001,14.1000005,15.7749995,13628484.0
2008-08-04 09:15:00,NSE:TVSMOTOR,16.5,17.325001,15.625,16.5,6838960.0
2008-08-11 09:15:00,NSE:TVSMOTOR,16.8999995,17.625,15.8999995,16.0,3543424.0
2008-08-18 09:15:00,NSE:TVSMOTOR,15.75,16.3999995,15.375,16.200001,2967236.0
2008-08-25 09:15:00,NSE:TVSMOTOR,17.0,17.0,15.5,16.3500005,3337900.0
2008-09-01 09:15:00,NSE:TVSMOTOR,16.075001,17.3999995,16.049999,17.1499995,3514090.0
2008-09-08 09:15:00,NSE:TVSMOTOR,17.575001,17.9750005,16.2250005,16.3500005,2946376.0
2008-09-15 09:15:00,NSE:TVSMOTOR,15.75,16.8500005,12.5,16.1000005,5255846.0
2008-09-22 09:15:00,NSE:TVSMOTOR,16.25,16.700001,15.5,16.0,3500392.0
2008-09-29 09:15:00,NSE:TVSMOTOR,16.075001,18.25,15.5,17.825001,5766334.0
2008-10-06 09:15:00,NSE:TVSMOTOR,17.7250005,18.450001,14.5,15.0249995,3626140.0
2008-10-13 09:15:00,NSE:TVSMOTOR,16.0,18.875,14.8999995,15.0249995,3932816.0
2008-10-20 09:15:00,NSE:TVSMOTOR,15.075,17.3999995,13.575,13.95,3814892.0
2008-10-27 09:15:00,NSE:TVSMOTOR,14.0,15.75,14.0,14.7,2809620.0
2008-11-03 09:15:00,NSE:TVSMOTOR,15.7250005,16.125,13.3500005,14.0,2508012.0
2008-11-10 09:15:00,NSE:TVSMOTOR,14.45,14.75,13.3999995,13.55,1119910.0
2008-11-17 09:15:00,NSE:TVSMOTOR,13.5,14.05,12.1000005,12.675,2509662.0
2008-11-24 09:15:00,NSE:TVSMOTOR,12.625,13.0,10.875,11.425,2126722.0
2008-12-01 09:15:00,NSE:TVSMOTOR,11.675,12.875,11.0,12.1000005,1533346.0
2008-12-08 09:15:00,NSE:TVSMOTOR,12.5,14.0,11.5,12.7749995,2241206.0
2008-12-15 09:15:00,NSE:TVSMOTOR,13.2,13.8999995,12.5,13.575,1891572.0
2008-12-22 09:15:00,NSE:TVSMOTOR,13.95,13.95,11.0249995,11.1000005,6155744.0
2008-12-29 09:15:00,NSE:TVSMOTOR,10.95,12.2,10.7,11.825,11171876.0
2009-01-05 09:15:00,NSE:TVSMOTOR,12.1499995,12.25,9.375,9.575,5033844.0
2009-01-12 09:15:00,NSE:TVSMOTOR,9.7250005,9.7250005,8.1499995,8.25,4969876.0
2009-01-19 09:15:00,NSE:TVSMOTOR,8.25,8.6000005,7.475,7.525,4883790.0
2009-01-27 09:15:00,NSE:TVSMOTOR,7.5,8.7,7.5,8.325,3928982.0
2009-02-02 09:15:00,NSE:TVSMOTOR,8.4750005,9.675,8.3999995,9.125,9438676.0
2009-02-09 09:15:00,NSE:TVSMOTOR,9.25,9.925,9.0,9.625,4904122.0
2009-02-16 09:15:00,NSE:TVSMOTOR,9.675,10.3,8.75,9.25,9161828.0
2009-02-24 09:15:00,NSE:TVSMOTOR,9.175,10.05,8.8999995,9.675,5762300.0
2009-03-02 09:15:00,NSE:TVSMOTOR,9.675,10.825,9.3,10.2,23992328.0
2009-03-09 09:15:00,NSE:TVSMOTOR,10.25,10.625,9.575,10.25,10475240.0
2009-03-16 09:15:00,NSE:TVSMOTOR,10.5,11.125,9.7749995,10.05,12086966.0
2009-03-23 09:15:00,NSE:TVSMOTOR,10.2250005,11.0,9.8,10.8,10613362.0
2009-03-30 09:15:00,NSE:TVSMOTOR,10.75,12.075,10.625,11.625,12140286.0
2009-04-06 09:15:00,NSE:TVSMOTOR,12.0,12.5249995,10.2749995,12.05,8965454.0
2009-04-13 09:15:00,NSE:TVSMOTOR,12.925,13.075,10.625,12.2250005,11519176.0
2009-04-20 09:15:00,NSE:TVSMOTOR,12.175,17.5,12.175,15.2749995,67848458.0
2009-04-27 09:15:00,NSE:TVSMOTOR,15.1000005,16.8500005,14.5,16.5249995,20775228.0
2009-05-04 09:15:00,NSE:TVSMOTOR,16.8500005,21.75,16.625,21.2250005,31287488.0
2009-05-11 09:15:00,NSE:TVSMOTOR,21.4750005,21.700001,17.75,18.825001,22793608.0
2009-05-18 09:15:00,NSE:TVSMOTOR,21.5,25.1000005,19.549999,22.325001,22019008.0
2009-05-25 09:15:00,NSE:TVSMOTOR,22.5,23.450001,20.75,22.375,19261382.0
2009-06-01 09:15:00,NSE:TVSMOTOR,22.549999,26.7749995,21.8999995,25.75,20663640.0
2009-06-08 09:15:00,NSE:TVSMOTOR,26.075001,27.125,20.325001,24.174999,26802828.0
2009-06-15 09:15:00,NSE:TVSMOTOR,24.700001,25.25,21.8500005,22.4750005,10221724.0
2009-06-22 09:15:00,NSE:TVSMOTOR,22.9750005,26.575001,21.075001,22.5249995,8737240.0
2009-06-29 09:15:00,NSE:TVSMOTOR,22.5,23.6499995,22.0,22.075001,5584202.0
2009-07-06 09:15:00,NSE:TVSMOTOR,22.5,22.7749995,20.125,20.75,4134152.0
2009-07-13 09:15:00,NSE:TVSMOTOR,20.25,26.625,19.75,25.3999995,12405600.0
2009-07-20 09:15:00,NSE:TVSMOTOR,25.950001,27.450001,24.125,26.2250005,8132136.0
2009-07-27 09:15:00,NSE:TVSMOTOR,26.2250005,32.7750015,25.799999,29.4750005,37535056.0
2009-08-03 09:15:00,NSE:TVSMOTOR,29.799999,30.8999995,26.5,26.7250005,9722332.0
2009-08-10 09:15:00,NSE:TVSMOTOR,27.0,27.625,22.3500005,25.2749995,14189758.0
2009-08-17 09:15:00,NSE:TVSMOTOR,24.75,25.299999,23.549999,24.575001,7244504.0
2009-08-24 09:15:00,NSE:TVSMOTOR,25.0,26.8500005,24.3999995,24.549999,11225934.0
2009-08-31 09:15:00,NSE:TVSMOTOR,24.5,26.200001,24.0249995,25.799999,13062992.0
2009-09-07 09:15:00,NSE:TVSMOTOR,26.2250005,27.674999,25.375,25.700001,10125264.0
2009-09-14 09:15:00,NSE:TVSMOTOR,25.5,30.950001,25.049999,28.424999,30583044.0
2009-09-22 09:15:00,NSE:TVSMOTOR,28.5249995,30.299999,27.674999,29.075001,8727888.0
2009-09-29 09:15:00,NSE:TVSMOTOR,29.25,32.0,29.25,30.674999,12753436.0
2009-10-05 09:15:00,NSE:TVSMOTOR,30.0,30.5,27.75,28.0249995,6195766.0
2009-10-12 09:15:00,NSE:TVSMOTOR,28.075001,30.875,28.0249995,29.6499995,5975482.0
2009-10-20 09:15:00,NSE:TVSMOTOR,30.5,33.0,29.75,31.2250005,11311856.0
2009-10-26 09:15:00,NSE:TVSMOTOR,32.4000015,32.4000015,26.0,26.950001,7149152.0
2009-11-03 09:15:00,NSE:TVSMOTOR,27.5,30.3999995,26.3999995,29.6499995,5492236.0
2009-11-09 09:15:00,NSE:TVSMOTOR,29.9750005,31.950001,29.049999,30.0249995,8087162.0
2009-11-16 09:15:00,NSE:TVSMOTOR,30.5,30.799999,28.5,29.0249995,4388174.0
2009-11-23 09:15:00,NSE:TVSMOTOR,29.25,29.950001,27.3999995,27.825001,4777048.0
2009-11-30 09:15:00,NSE:TVSMOTOR,27.8999995,30.1499995,27.8999995,29.375,5699902.0
2009-12-07 09:15:00,NSE:TVSMOTOR,29.950001,30.200001,29.0,29.1000005,2703990.0
2009-12-14 09:15:00,NSE:TVSMOTOR,29.174999,29.8999995,27.7749995,28.924999,3007230.0
2009-12-21 09:15:00,NSE:TVSMOTOR,29.0,29.75,28.625,29.450001,1664408.0
2009-12-29 09:15:00,NSE:TVSMOTOR,29.9750005,34.1500015,29.299999,32.325001,12991344.0
2010-01-04 09:15:00,NSE:TVSMOTOR,32.75,37.1500015,32.5,33.950001,31281486.0
2010-01-11 09:15:00,NSE:TVSMOTOR,34.5,39.9000015,34.25,38.375,32341020.0
2010-01-18 09:15:00,NSE:TVSMOTOR,38.375,40.825001,34.299999,37.174999,14403174.0
2010-01-25 09:15:00,NSE:TVSMOTOR,36.700001,38.450001,33.0,36.825001,7491598.0
2010-02-01 09:15:00,NSE:TVSMOTOR,36.5,38.0,30.125,34.8499985,6043752.0
2010-02-08 09:15:00,NSE:TVSMOTOR,35.25,35.75,31.6000005,34.75,2420036.0
2010-02-15 09:15:00,NSE:TVSMOTOR,35.0,35.200001,31.5249995,31.674999,3359452.0
2010-02-22 09:15:00,NSE:TVSMOTOR,32.6500015,35.6500015,29.0,35.174999,10025770.0
2010-03-02 09:15:00,NSE:TVSMOTOR,36.5,39.4000015,35.6500015,37.7249985,12392114.0
2010-03-08 09:15:00,NSE:TVSMOTOR,38.6500015,39.049999,36.549999,36.8499985,7552758.0
2010-03-15 09:15:00,NSE:TVSMOTOR,36.5999985,40.125,36.25,39.7249985,8390446.0
2010-03-22 09:15:00,NSE:TVSMOTOR,38.25,39.950001,37.799999,39.1500015,4321920.0
2010-03-29 09:15:00,NSE:TVSMOTOR,38.6500015,43.2249985,38.049999,41.4749985,15179626.0
2010-04-05 09:15:00,NSE:TVSMOTOR,42.0,44.575001,41.575001,43.674999,11969656.0
2010-04-12 09:15:00,NSE:TVSMOTOR,43.825001,43.825001,41.5,41.875,4054458.0
2010-04-19 09:15:00,NSE:TVSMOTOR,41.5250015,45.575001,40.049999,45.2249985,19056702.0
2010-04-26 09:15:00,NSE:TVSMOTOR,45.4000015,49.799999,44.8499985,48.2249985,25837784.0
2010-05-03 09:15:00,NSE:TVSMOTOR,48.5,51.85,45.7750015,46.375,23738026.0
2010-05-10 09:15:00,NSE:TVSMOTOR,46.5,55.375,44.075001,49.1500015,15522346.0
2010-05-17 09:15:00,NSE:TVSMOTOR,49.0,51.175,43.200001,46.549999,7930006.0
2010-05-24 09:15:00,NSE:TVSMOTOR,47.5999985,51.0,44.625,49.5,7991518.0
2010-05-31 09:15:00,NSE:TVSMOTOR,49.5250015,54.5,49.0,54.1,19604840.0
2010-06-07 09:15:00,NSE:TVSMOTOR,52.25,54.175,51.125,51.95,11581840.0
2010-06-14 09:15:00,NSE:TVSMOTOR,52.325,52.925,48.0,48.5999985,6510594.0
2010-06-21 09:15:00,NSE:TVSMOTOR,49.4749985,55.125,48.299999,52.275,29586466.0
2010-06-28 09:15:00,NSE:TVSMOTOR,51.45,61.55,51.45,58.8,41689506.0
2010-07-05 09:15:00,NSE:TVSMOTOR,58.95,60.5,52.75,59.525,22744444.0
2010-07-12 09:15:00,NSE:TVSMOTOR,60.0,61.9,58.5,58.875,13404848.0
2010-07-19 09:15:00,NSE:TVSMOTOR,58.4,68.625,58.05,65.525,83911632.0
2010-07-26 09:15:00,NSE:TVSMOTOR,66.074995,69.85,64.824995,69.550005,20141396.0
2010-08-02 09:15:00,NSE:TVSMOTOR,70.75,71.475,66.824995,67.550005,11441928.0
2010-08-09 09:15:00,NSE:TVSMOTOR,67.449995,72.199995,66.85,70.199995,12329914.0
2010-08-16 09:15:00,NSE:TVSMOTOR,69.0,73.65,69.0,71.699995,9227058.0
2010-08-23 09:15:00,NSE:TVSMOTOR,72.5,75.85,70.25,71.275,10234456.0
2010-08-30 09:15:00,NSE:TVSMOTOR,71.975,73.475,70.074995,72.550005,10248218.0
2010-09-06 09:15:00,NSE:TVSMOTOR,73.5,79.400002,70.150002,77.0,8923549.0
2010-09-13 09:15:00,NSE:TVSMOTOR,79.0,79.650002,75.599998,77.599998,5193561.0
2010-09-20 09:15:00,NSE:TVSMOTOR,77.5,77.599998,70.300003,73.849998,9003530.0
2010-09-27 09:15:00,NSE:TVSMOTOR,73.849998,75.150002,69.5,73.849998,14270017.0
2010-10-04 09:15:00,NSE:TVSMOTOR,75.0,80.199997,72.550003,74.349998,10920128.0
2010-10-11 09:15:00,NSE:TVSMOTOR,75.050003,76.949997,72.900002,73.400002,6024053.0
2010-10-18 09:15:00,NSE:TVSMOTOR,74.050003,76.949997,71.400002,74.25,8802880.0
2010-10-25 09:15:00,NSE:TVSMOTOR,74.800003,75.800003,72.050003,73.050003,7606493.0
2010-11-01 09:15:00,NSE:TVSMOTOR,74.0,79.949997,74.0,75.849998,13784361.0
2010-11-08 09:15:00,NSE:TVSMOTOR,76.099998,84.400002,75.25,79.300003,36725861.0
2010-11-15 09:15:00,NSE:TVSMOTOR,79.699997,81.0,72.150002,77.5,8823156.0
2010-11-22 09:15:00,NSE:TVSMOTOR,78.900002,87.400002,74.0,81.800003,31531726.0
2010-11-29 09:15:00,NSE:TVSMOTOR,82.5,84.900002,78.699997,80.150002,16653593.0
2010-12-06 09:15:00,NSE:TVSMOTOR,80.800003,80.949997,66.199997,71.0,20066757.0
2010-12-13 09:15:00,NSE:TVSMOTOR,71.800003,75.449997,69.199997,72.349998,8807519.0
2010-12-20 09:15:00,NSE:TVSMOTOR,74.0,74.0,69.099998,69.75,8164212.0
2010-12-27 09:15:00,NSE:TVSMOTOR,70.349998,71.900002,65.0,70.699997,11904130.0
2011-01-03 09:15:00,NSE:TVSMOTOR,72.599998,73.949997,63.0,63.25,17426984.0
2011-01-10 09:15:00,NSE:TVSMOTOR,64.0,64.949997,58.700001,60.450001,18087811.0
2011-01-17 09:15:00,NSE:TVSMOTOR,58.049999,64.0,57.25,62.150002,20477034.0
2011-01-24 09:15:00,NSE:TVSMOTOR,62.049999,62.599998,52.349998,53.599998,11218621.0
2011-01-31 09:15:00,NSE:TVSMOTOR,53.099998,55.900002,48.299999,51.25,15424513.0
2011-02-07 09:15:00,NSE:TVSMOTOR,51.599998,51.599998,43.599998,50.950001,13871098.0
2011-02-14 09:15:00,NSE:TVSMOTOR,51.650002,58.150002,51.650002,52.450001,14023835.0
2011-02-21 09:15:00,NSE:TVSMOTOR,53.5,53.5,46.099998,47.900002,10705063.0
2011-02-28 09:15:00,NSE:TVSMOTOR,48.700001,57.25,46.099998,54.900002,21519684.0
2011-03-07 09:15:00,NSE:TVSMOTOR,54.75,56.5,52.099998,54.799999,11010788.0
2011-03-14 09:15:00,NSE:TVSMOTOR,54.700001,59.599998,51.5,57.349998,13911428.0
2011-03-21 09:15:00,NSE:TVSMOTOR,57.599998,58.900002,55.099998,58.0,8900842.0
2011-03-28 09:15:00,NSE:TVSMOTOR,58.200001,63.0,57.150002,61.799999,18891242.0
2011-04-04 09:15:00,NSE:TVSMOTOR,62.25,62.75,58.200001,59.0,12081131.0
2011-04-11 09:15:00,NSE:TVSMOTOR,58.799999,60.299999,56.549999,59.950001,6620629.0
2011-04-18 09:15:00,NSE:TVSMOTOR,60.400002,61.299999,57.150002,59.099998,6417804.0
2011-04-25 09:15:00,NSE:TVSMOTOR,59.349998,62.0,54.75,56.349998,25130811.0
2011-05-02 09:15:00,NSE:TVSMOTOR,58.349998,58.349998,51.0,55.049999,22157796.0
2011-05-09 09:15:00,NSE:TVSMOTOR,55.5,57.799999,52.450001,54.099998,7291362.0
2011-05-16 09:15:00,NSE:TVSMOTOR,54.0,54.599998,51.299999,53.5,5904573.0
2011-05-23 09:15:00,NSE:TVSMOTOR,53.5,54.0,50.099998,51.650002,5023413.0
2011-05-30 09:15:00,NSE:TVSMOTOR,52.299999,56.5,51.849998,54.150002,8426102.0
2011-06-06 09:15:00,NSE:TVSMOTOR,54.5,55.099998,53.049999,53.549999,3474318.0
2011-06-13 09:15:00,NSE:TVSMOTOR,54.0,55.799999,52.5,52.849998,4884610.0
2011-06-20 09:15:00,NSE:TVSMOTOR,54.400002,54.400002,50.150002,52.200001,3304204.0
2011-06-27 09:15:00,NSE:TVSMOTOR,52.799999,55.599998,51.599998,53.450001,6297344.0
2011-07-04 09:15:00,NSE:TVSMOTOR,53.900002,54.400002,52.400002,52.650002,3868276.0
2011-07-11 09:15:00,NSE:TVSMOTOR,54.900002,54.900002,49.950001,50.799999,5704288.0
2011-07-18 09:15:00,NSE:TVSMOTOR,51.349998,54.099998,49.049999,51.200001,5510137.0
2011-07-25 09:15:00,NSE:TVSMOTOR,51.349998,58.099998,48.700001,49.400002,6962534.0
2011-08-01 09:15:00,NSE:TVSMOTOR,50.099998,54.799999,50.049999,52.25,14428105.0
2011-08-08 09:15:00,NSE:TVSMOTOR,52.0,57.650002,49.650002,53.549999,11692959.0
2011-08-16 09:15:00,NSE:TVSMOTOR,54.5,56.25,48.650002,50.599998,3961491.0
2011-08-22 09:15:00,NSE:TVSMOTOR,51.5,54.849998,50.599998,53.549999,7036415.0
2011-08-29 09:15:00,NSE:TVSMOTOR,54.0,57.75,53.75,57.400002,6891020.0
2011-09-05 09:15:00,NSE:TVSMOTOR,57.400002,62.200001,56.650002,60.650002,18799733.0
2011-09-12 09:15:00,NSE:TVSMOTOR,60.599998,66.199997,57.549999,63.5,13802505.0
2011-09-19 09:15:00,NSE:TVSMOTOR,64.5,64.699997,56.599998,59.150002,7950993.0
2011-09-26 09:15:00,NSE:TVSMOTOR,61.5,63.0,56.450001,60.950001,5787703.0
2011-10-03 09:15:00,NSE:TVSMOTOR,61.849998,62.5,57.700001,58.450001,4195193.0
2011-10-10 09:15:00,NSE:TVSMOTOR,58.900002,62.349998,57.75,61.099998,7147786.0
2011-10-17 09:15:00,NSE:TVSMOTOR,61.950001,67.0,60.099998,66.400002,13640001.0
2011-10-24 09:15:00,NSE:TVSMOTOR,67.050003,69.800003,65.25,68.599998,5678719.0
2011-10-31 09:15:00,NSE:TVSMOTOR,69.0,70.300003,64.199997,67.0,25193047.0
2011-11-08 09:15:00,NSE:TVSMOTOR,67.5,67.949997,64.0,66.949997,5793737.0
2011-11-14 09:15:00,NSE:TVSMOTOR,67.199997,67.800003,61.5,63.299999,5260589.0
2011-11-21 09:15:00,NSE:TVSMOTOR,64.0,64.0,59.200001,60.650002,5622785.0
2011-11-28 09:15:00,NSE:TVSMOTOR,61.5,62.599998,56.849998,58.950001,10845510.0
2011-12-05 09:15:00,NSE:TVSMOTOR,59.75,59.75,53.450001,55.900002,3842500.0
2011-12-12 09:15:00,NSE:TVSMOTOR,56.200001,56.700001,50.200001,51.0,4915743.0
2011-12-19 09:15:00,NSE:TVSMOTOR,49.549999,54.099998,46.200001,53.0,8069317.0
2011-12-26 09:15:00,NSE:TVSMOTOR,53.200001,54.75,50.150002,52.0,3504483.0
2012-01-02 09:15:00,NSE:TVSMOTOR,52.299999,52.950001,46.0,46.700001,10644986.0
2012-01-09 09:15:00,NSE:TVSMOTOR,47.0,50.5,46.099998,49.349998,8502088.0
2012-01-16 09:15:00,NSE:TVSMOTOR,49.299999,52.450001,48.150002,51.299999,8158763.0
2012-01-23 09:15:00,NSE:TVSMOTOR,51.799999,55.200001,50.0,53.650002,11157728.0
2012-01-30 09:15:00,NSE:TVSMOTOR,53.450001,54.049999,49.650002,51.549999,12572463.0
2012-02-06 09:15:00,NSE:TVSMOTOR,52.5,52.900002,49.049999,50.599998,12832001.0
2012-02-13 09:15:00,NSE:TVSMOTOR,50.599998,55.700001,49.400002,53.299999,21315369.0
2012-02-21 09:15:00,NSE:TVSMOTOR,53.849998,54.599998,48.5,48.900002,10155963.0
2012-02-27 09:15:00,NSE:TVSMOTOR,49.700001,49.799999,45.849998,46.099998,15824193.0
2012-03-05 09:15:00,NSE:TVSMOTOR,50.299999,50.299999,41.5,44.549999,7363628.0
2012-03-12 09:15:00,NSE:TVSMOTOR,45.549999,46.0,43.25,43.650002,8410391.0
2012-03-19 09:15:00,NSE:TVSMOTOR,43.650002,44.200001,41.200001,41.700001,8736944.0
2012-03-26 09:15:00,NSE:TVSMOTOR,41.0,42.0,36.799999,41.0,14824877.0
2012-04-02 09:15:00,NSE:TVSMOTOR,41.5,43.900002,40.599998,42.849998,13289561.0
2012-04-09 09:15:00,NSE:TVSMOTOR,42.25,42.900002,38.75,40.349998,8436073.0
2012-04-16 09:15:00,NSE:TVSMOTOR,40.900002,44.0,40.099998,40.650002,7929349.0
2012-04-23 09:15:00,NSE:TVSMOTOR,40.950001,42.900002,38.099998,38.299999,10645485.0
2012-04-30 09:15:00,NSE:TVSMOTOR,44.0,44.0,38.049999,38.799999,11260104.0
2012-05-07 09:15:00,NSE:TVSMOTOR,38.299999,39.849998,35.099998,35.400002,6703256.0
2012-05-14 09:15:00,NSE:TVSMOTOR,35.5,35.900002,32.049999,32.900002,6889479.0
2012-05-21 09:15:00,NSE:TVSMOTOR,33.450001,34.75,32.5,33.950001,10872832.0
2012-05-28 09:15:00,NSE:TVSMOTOR,34.5,36.150002,33.0,33.200001,13769285.0
2012-06-04 09:15:00,NSE:TVSMOTOR,32.549999,34.349998,31.799999,32.799999,8719790.0
2012-06-11 09:15:00,NSE:TVSMOTOR,33.0,36.900002,32.099998,33.349998,7139038.0
2012-06-18 09:15:00,NSE:TVSMOTOR,33.650002,34.5,32.25,33.950001,8117212.0
2012-06-25 09:15:00,NSE:TVSMOTOR,34.400002,36.599998,33.349998,36.450001,9726113.0
2012-07-02 09:15:00,NSE:TVSMOTOR,35.950001,37.400002,34.75,36.650002,14154536.0
2012-07-09 09:15:00,NSE:TVSMOTOR,37.099998,41.900002,36.900002,41.450001,32993136.0
2012-07-16 09:15:00,NSE:TVSMOTOR,41.099998,42.25,38.25,40.0,11212536.0
2012-07-23 09:15:00,NSE:TVSMOTOR,39.549999,41.549999,36.450001,37.75,12482506.0
2012-07-30 09:15:00,NSE:TVSMOTOR,37.75,39.200001,36.549999,37.75,5964759.0
2012-08-06 09:15:00,NSE:TVSMOTOR,37.400002,39.900002,37.400002,39.349998,5744377.0
2012-08-13 09:15:00,NSE:TVSMOTOR,39.0,40.900002,38.599998,39.950001,3938249.0
2012-08-21 09:15:00,NSE:TVSMOTOR,40.0,40.599998,38.099998,40.400002,3325635.0
2012-08-27 09:15:00,NSE:TVSMOTOR,40.450001,40.900002,37.150002,38.700001,6127625.0
2012-09-03 09:15:00,NSE:TVSMOTOR,38.5,39.0,35.549999,37.75,9718655.0
2012-09-10 09:15:00,NSE:TVSMOTOR,38.0,40.599998,37.25,39.950001,6759578.0
2012-09-17 09:15:00,NSE:TVSMOTOR,40.5,44.5,39.450001,42.700001,12393360.0
2012-09-24 09:15:00,NSE:TVSMOTOR,42.5,45.650002,41.049999,42.299999,7254738.0
2012-10-01 09:15:00,NSE:TVSMOTOR,42.599998,46.900002,41.349998,45.299999,9413020.0
2012-10-08 09:15:00,NSE:TVSMOTOR,45.5,45.5,40.700001,41.650002,3950434.0
2012-10-15 09:15:00,NSE:TVSMOTOR,41.299999,43.650002,40.150002,42.700001,3047222.0
2012-10-22 09:15:00,NSE:TVSMOTOR,42.650002,42.700001,39.25,41.25,3233221.0
2012-10-29 09:15:00,NSE:TVSMOTOR,42.75,42.75,38.0,38.799999,8413836.0
2012-11-05 09:15:00,NSE:TVSMOTOR,40.400002,40.400002,37.700001,38.25,2673152.0
2012-11-12 09:15:00,NSE:TVSMOTOR,38.299999,40.099998,37.799999,38.099998,2192669.0
2012-11-19 09:15:00,NSE:TVSMOTOR,38.099998,38.599998,36.5,37.0,2450145.0
2012-11-26 09:15:00,NSE:TVSMOTOR,37.799999,40.0,37.0,39.0,2446704.0
2012-12-03 09:15:00,NSE:TVSMOTOR,38.400002,41.650002,38.400002,39.25,5582431.0
2012-12-10 09:15:00,NSE:TVSMOTOR,39.599998,40.099998,38.150002,38.650002,2444896.0
2012-12-17 09:15:00,NSE:TVSMOTOR,39.700001,43.700001,38.299999,42.049999,7553075.0
2012-12-24 09:15:00,NSE:TVSMOTOR,44.0,44.0,40.799999,41.900002,2414008.0
2012-12-31 09:15:00,NSE:TVSMOTOR,43.0,45.75,41.049999,45.25,6084756.0
2013-01-07 09:15:00,NSE:TVSMOTOR,45.5,50.200001,45.5,48.099998,10636321.0
2013-01-14 09:15:00,NSE:TVSMOTOR,48.200001,48.799999,45.200001,45.950001,3130130.0
2013-01-21 09:15:00,NSE:TVSMOTOR,45.049999,47.400002,35.099998,43.099998,2533466.0
2013-01-28 09:15:00,NSE:TVSMOTOR,41.049999,44.650002,41.049999,42.5,3405538.0
2013-02-04 09:15:00,NSE:TVSMOTOR,43.549999,43.700001,39.650002,40.099998,2152604.0
2013-02-11 09:15:00,NSE:TVSMOTOR,38.549999,42.5,38.549999,39.700001,1575948.0
2013-02-18 09:15:00,NSE:TVSMOTOR,38.599998,42.849998,38.599998,41.049999,2549955.0
2013-02-25 09:15:00,NSE:TVSMOTOR,41.0,43.0,38.200001,38.700001,1397607.0
2013-03-04 09:15:00,NSE:TVSMOTOR,38.75,40.25,38.0,39.700001,899181.0
2013-03-11 09:15:00,NSE:TVSMOTOR,39.700001,40.299999,33.099998,34.5,2810392.0
2013-03-18 09:15:00,NSE:TVSMOTOR,32.400002,35.200001,31.450001,32.5,2490108.0
2013-03-25 09:15:00,NSE:TVSMOTOR,32.799999,37.150002,31.1,32.299999,1362781.0
2013-04-01 09:15:00,NSE:TVSMOTOR,32.349998,36.900002,31.450001,36.650002,6707228.0
2013-04-08 09:15:00,NSE:TVSMOTOR,37.200001,42.400002,34.0,35.450001,31521815.0
2013-04-15 09:15:00,NSE:TVSMOTOR,35.5,37.200001,35.0,36.299999,4150503.0
2013-04-22 09:15:00,NSE:TVSMOTOR,36.0,38.200001,35.950001,38.200001,3866713.0
2013-04-29 09:15:00,NSE:TVSMOTOR,38.0,40.900002,36.150002,40.0,12550468.0
2013-05-06 09:15:00,NSE:TVSMOTOR,39.099998,41.900002,39.099998,40.049999,4964750.0
2013-05-13 09:15:00,NSE:TVSMOTOR,39.950001,40.200001,38.299999,39.0,1967227.0
2013-05-20 09:15:00,NSE:TVSMOTOR,39.299999,40.349998,36.299999,37.0,1355260.0
2013-05-27 09:15:00,NSE:TVSMOTOR,36.5,38.700001,35.400002,35.5,1769429.0
2013-06-03 09:15:00,NSE:TVSMOTOR,36.0,37.0,35.150002,35.150002,1133277.0
2013-06-10 09:15:00,NSE:TVSMOTOR,35.799999,36.900002,32.0,33.799999,1899403.0
2013-06-17 09:15:00,NSE:TVSMOTOR,34.5,34.5,32.25,32.700001,1313291.0
2013-06-24 09:15:00,NSE:TVSMOTOR,32.049999,33.049999,30.700001,32.900002,1417095.0
2013-07-01 09:15:00,NSE:TVSMOTOR,33.0,34.049999,31.799999,32.400002,1568235.0
2013-07-08 09:15:00,NSE:TVSMOTOR,32.5,32.849998,31.6,32.349998,772893.0
2013-07-15 09:15:00,NSE:TVSMOTOR,32.099998,32.75,31.25,32.549999,842686.0
2013-07-22 09:15:00,NSE:TVSMOTOR,32.400002,33.700001,31.1,31.25,2160245.0
2013-07-29 09:15:00,NSE:TVSMOTOR,31.299999,31.9,28.1,31.25,1540973.0
2013-08-05 09:15:00,NSE:TVSMOTOR,30.6,32.5,29.299999,32.0,1235468.0
2013-08-12 09:15:00,NSE:TVSMOTOR,32.650002,33.0,30.5,30.6,1292690.0
2013-08-19 09:15:00,NSE:TVSMOTOR,30.0,31.799999,29.35,30.950001,1366339.0
2013-08-26 09:15:00,NSE:TVSMOTOR,30.5,31.299999,29.049999,30.200001,1215285.0
2013-09-02 09:15:00,NSE:TVSMOTOR,31.75,31.75,28.75,30.1,2609473.0
2013-09-10 09:15:00,NSE:TVSMOTOR,30.299999,32.75,30.0,32.25,2295462.0
2013-09-16 09:15:00,NSE:TVSMOTOR,32.400002,34.950001,32.299999,33.599998,4584315.0
2013-09-23 09:15:00,NSE:TVSMOTOR,33.0,36.900002,33.0,36.349998,2994464.0
2013-09-30 09:15:00,NSE:TVSMOTOR,36.0,43.200001,35.049999,42.0,9837611.0
2013-10-07 09:15:00,NSE:TVSMOTOR,41.950001,48.900002,41.950001,46.75,13588174.0
2013-10-14 09:15:00,NSE:TVSMOTOR,46.549999,49.099998,43.650002,48.599998,5352072.0
2013-10-21 09:15:00,NSE:TVSMOTOR,48.75,52.700001,48.650002,50.450001,9905108.0
2013-10-28 09:15:00,NSE:TVSMOTOR,51.400002,52.099998,48.5,49.799999,5359303.0
2013-11-05 09:15:00,NSE:TVSMOTOR,49.25,51.700001,48.799999,49.299999,2889795.0
2013-11-11 09:15:00,NSE:TVSMOTOR,49.049999,50.799999,46.700001,50.099998,2807374.0
2013-11-18 09:15:00,NSE:TVSMOTOR,51.0,51.900002,48.200001,51.299999,4686426.0
2013-11-25 09:15:00,NSE:TVSMOTOR,50.950001,55.650002,50.950001,54.900002,7925392.0
2013-12-02 09:15:00,NSE:TVSMOTOR,54.849998,56.0,53.599998,54.900002,4353625.0
2013-12-09 09:15:00,NSE:TVSMOTOR,55.25,55.900002,52.5,53.549999,3233898.0
2013-12-16 09:15:00,NSE:TVSMOTOR,53.150002,64.599998,53.150002,64.5,7393220.0
2013-12-23 09:15:00,NSE:TVSMOTOR,64.550003,69.25,63.700001,69.050003,6534909.0
2013-12-30 09:15:00,NSE:TVSMOTOR,69.5,82.400002,69.5,78.400002,29252552.0
2014-01-06 09:15:00,NSE:TVSMOTOR,78.449997,79.949997,69.800003,70.699997,7428216.0
2014-01-13 09:15:00,NSE:TVSMOTOR,71.0,77.099998,69.800003,71.349998,7731012.0
2014-01-20 09:15:00,NSE:TVSMOTOR,70.349998,73.300003,67.150002,67.349998,3756778.0
2014-01-27 09:15:00,NSE:TVSMOTOR,66.349998,78.800003,64.0,77.449997,13776393.0
2014-02-03 09:15:00,NSE:TVSMOTOR,78.449997,88.199997,76.5,79.300003,18939358.0
2014-02-10 09:15:00,NSE:TVSMOTOR,79.699997,85.0,78.5,80.300003,8737581.0
2014-02-17 09:15:00,NSE:TVSMOTOR,80.0,83.900002,80.0,82.699997,7458500.0
2014-02-24 09:15:00,NSE:TVSMOTOR,82.400002,89.349998,82.300003,86.0,7135504.0
2014-03-03 09:15:00,NSE:TVSMOTOR,86.5,89.949997,85.099998,86.5,6099642.0
2014-03-10 09:15:00,NSE:TVSMOTOR,85.25,88.099998,84.800003,86.400002,4090997.0
2014-03-18 09:15:00,NSE:TVSMOTOR,86.599998,100.9,86.5,96.099998,10414150.0
2014-03-24 09:15:00,NSE:TVSMOTOR,99.599998,101.5,93.800003,95.449997,8029275.0
2014-03-31 09:15:00,NSE:TVSMOTOR,96.25,99.349998,91.599998,91.900002,7081557.0
2014-04-07 09:15:00,NSE:TVSMOTOR,92.099998,97.75,91.800003,92.650002,5102967.0
2014-04-15 09:15:00,NSE:TVSMOTOR,92.099998,93.150002,86.050003,88.5,2946353.0
2014-04-21 09:15:00,NSE:TVSMOTOR,88.75,91.0,86.699997,87.0,2917544.0
2014-04-28 09:15:00,NSE:TVSMOTOR,86.25,102.65,86.25,101.3,21873427.0
2014-05-05 09:15:00,NSE:TVSMOTOR,102.9,112.85,99.0,111.95,19738434.0
2014-05-12 09:15:00,NSE:TVSMOTOR,112.7,125.5,110.4,116.4,16996501.0
2014-05-19 09:15:00,NSE:TVSMOTOR,118.0,137.8,117.4,132.05,9173976.0
2014-05-26 09:15:00,NSE:TVSMOTOR,133.0,139.89999,113.4,130.10001,8915596.0
2014-06-02 09:15:00,NSE:TVSMOTOR,131.0,135.45,124.2,130.8,8543336.0
2014-06-09 09:15:00,NSE:TVSMOTOR,130.14999,136.89999,125.8,130.10001,6791410.0
2014-06-16 09:15:00,NSE:TVSMOTOR,130.0,150.3,127.1,143.95,14346149.0
2014-06-23 09:15:00,NSE:TVSMOTOR,145.0,164.45,140.60001,161.25,13838884.0
2014-06-30 09:15:00,NSE:TVSMOTOR,162.0,174.5,161.0,171.0,14032168.0
2014-07-07 09:15:00,NSE:TVSMOTOR,170.7,171.39999,146.0,148.8,7925780.0
2014-07-14 09:15:00,NSE:TVSMOTOR,147.35001,176.95,147.35001,170.95,11812690.0
2014-07-21 09:15:00,NSE:TVSMOTOR,172.2,179.2,141.10001,143.10001,25264681.0
2014-07-28 09:15:00,NSE:TVSMOTOR,145.0,157.25,144.39999,152.2,12936153.0
2014-08-04 09:15:00,NSE:TVSMOTOR,158.0,171.39999,157.05,170.14999,17160338.0
2014-08-11 09:15:00,NSE:TVSMOTOR,171.39999,187.89999,171.39999,178.0,16822772.0
2014-08-18 09:15:00,NSE:TVSMOTOR,179.0,186.25,175.0,176.95,5740390.0
2014-08-25 09:15:00,NSE:TVSMOTOR,178.0,193.60001,171.5,186.5,10206574.0
2014-09-01 09:15:00,NSE:TVSMOTOR,187.5,242.5,187.2,216.5,33150727.0
2014-09-08 09:15:00,NSE:TVSMOTOR,218.0,232.8,215.0,226.2,19518421.0
2014-09-15 09:15:00,NSE:TVSMOTOR,225.0,225.89999,200.05,215.7,20788988.0
2014-09-22 09:15:00,NSE:TVSMOTOR,213.5,226.89999,208.0,219.25,15743815.0
2014-09-29 09:15:00,NSE:TVSMOTOR,220.7,233.85001,220.7,228.89999,10242485.0
2014-10-07 09:15:00,NSE:TVSMOTOR,231.85001,234.3,217.5,224.10001,9392958.0
2014-10-13 09:15:00,NSE:TVSMOTOR,221.89999,231.5,220.2,229.85001,7625384.0
2014-10-20 09:15:00,NSE:TVSMOTOR,229.85001,263.54999,229.85001,255.35001,20275300.0
2014-10-27 09:15:00,NSE:TVSMOTOR,257.0,262.79999,248.7,259.14999,9523785.0
2014-11-03 09:15:00,NSE:TVSMOTOR,261.89999,266.70001,252.10001,253.25,6032446.0
2014-11-10 09:15:00,NSE:TVSMOTOR,253.0,258.60001,240.10001,241.85001,15422637.0
2014-11-17 09:15:00,NSE:TVSMOTOR,240.89999,244.55,227.35001,232.45,15074914.0
2014-11-24 09:15:00,NSE:TVSMOTOR,233.39999,236.5,215.0,229.2,13284894.0
2014-12-01 09:15:00,NSE:TVSMOTOR,232.0,258.79999,228.60001,253.85001,20828521.0
2014-12-08 09:15:00,NSE:TVSMOTOR,253.0,256.29999,240.10001,251.35001,12256743.0
2014-12-15 09:15:00,NSE:TVSMOTOR,248.8,262.5,224.2,252.39999,15275551.0
2014-12-22 09:15:00,NSE:TVSMOTOR,252.7,264.29999,240.85001,261.89999,9570179.0
2014-12-29 09:15:00,NSE:TVSMOTOR,265.89999,280.0,260.54999,267.45001,17328876.0
2015-01-05 09:15:00,NSE:TVSMOTOR,267.79999,300.10001,264.14999,296.5,23513542.0
2015-01-12 09:15:00,NSE:TVSMOTOR,293.85001,321.35001,290.54999,320.14999,17796860.0
2015-01-19 09:15:00,NSE:TVSMOTOR,321.29999,322.25,297.04999,306.45001,14396474.0
2015-01-27 09:15:00,NSE:TVSMOTOR,307.0,316.5,306.20001,308.20001,9008594.0
2015-02-02 09:15:00,NSE:TVSMOTOR,308.04999,308.39999,280.39999,293.60001,20806890.0
2015-02-09 09:15:00,NSE:TVSMOTOR,289.60001,310.95001,286.70001,307.85001,9214076.0
2015-02-16 09:15:00,NSE:TVSMOTOR,309.10001,310.35001,290.39999,296.0,6198946.0
2015-02-23 09:15:00,NSE:TVSMOTOR,297.29999,298.0,261.0,278.35001,18101936.0
2015-03-02 09:15:00,NSE:TVSMOTOR,280.39999,297.39999,269.0,292.35001,13676538.0
2015-03-09 09:15:00,NSE:TVSMOTOR,283.10001,297.0,276.29999,277.70001,8243947.0
2015-03-16 09:15:00,NSE:TVSMOTOR,277.0,284.0,264.29999,268.45001,8285249.0
2015-03-23 09:15:00,NSE:TVSMOTOR,269.45001,274.45001,251.39999,271.95001,11956454.0
2015-03-30 09:15:00,NSE:TVSMOTOR,273.5,274.29999,252.60001,254.8,7480638.0
2015-04-06 09:15:00,NSE:TVSMOTOR,256.85001,258.79999,247.60001,256.95001,11605889.0
2015-04-13 09:15:00,NSE:TVSMOTOR,258.5,260.89999,237.25,244.45,12116700.0
2015-04-20 09:15:00,NSE:TVSMOTOR,245.45,248.0,225.64999,232.14999,11478919.0
2015-04-27 09:15:00,NSE:TVSMOTOR,233.8,241.25,220.60001,235.64999,14513298.0
2015-05-04 09:15:00,NSE:TVSMOTOR,239.85001,250.60001,208.39999,220.60001,15411185.0
2015-05-11 09:15:00,NSE:TVSMOTOR,222.3,230.89999,215.35001,221.3,8575697.0
2015-05-18 09:15:00,NSE:TVSMOTOR,222.7,232.8,218.0,227.2,8728738.0
2015-05-25 09:15:00,NSE:TVSMOTOR,227.5,241.5,226.10001,238.14999,8378743.0
2015-06-01 09:15:00,NSE:TVSMOTOR,235.0,240.39999,214.89999,223.14999,8270809.0
2015-06-08 09:15:00,NSE:TVSMOTOR,223.5,233.3,214.5,224.60001,7065116.0
2015-06-15 09:15:00,NSE:TVSMOTOR,225.75,241.10001,222.75,239.45,5355051.0
2015-06-22 09:15:00,NSE:TVSMOTOR,241.0,248.0,235.8,245.2,7048348.0
2015-06-29 09:15:00,NSE:TVSMOTOR,240.0,262.39999,235.0,257.64999,9024721.0
2015-07-06 09:15:00,NSE:TVSMOTOR,255.95,272.75,252.3,257.14999,7598383.0
2015-07-13 09:15:00,NSE:TVSMOTOR,257.0,272.5,256.75,263.25,5838376.0
2015-07-20 09:15:00,NSE:TVSMOTOR,265.0,271.54999,249.55,251.55,9794494.0
2015-07-27 09:15:00,NSE:TVSMOTOR,251.5,251.5,228.39999,238.0,14796979.0
2015-08-03 09:15:00,NSE:TVSMOTOR,236.0,241.60001,227.10001,239.60001,7221736.0
2015-08-10 09:15:00,NSE:TVSMOTOR,238.35001,239.75,220.0,230.2,7057207.0
2015-08-17 09:15:00,NSE:TVSMOTOR,231.25,235.0,222.60001,229.5,5049996.0
2015-08-24 09:15:00,NSE:TVSMOTOR,220.0,232.8,201.0,221.10001,6698138.0
2015-08-31 09:15:00,NSE:TVSMOTOR,220.0,225.89999,202.0,223.2,6072907.0
2015-09-07 09:15:00,NSE:TVSMOTOR,224.0,236.0,215.39999,234.35001,4300272.0
2015-09-14 09:15:00,NSE:TVSMOTOR,234.45,241.39999,229.55,235.85001,6746691.0
2015-09-21 09:15:00,NSE:TVSMOTOR,231.55,238.10001,224.0,235.95,2878741.0
2015-09-28 09:15:00,NSE:TVSMOTOR,236.8,238.0,226.05,229.64999,1921163.0
2015-10-05 09:15:00,NSE:TVSMOTOR,231.8,248.0,227.45,239.35001,9124733.0
2015-10-12 09:15:00,NSE:TVSMOTOR,239.35001,248.95,237.89999,247.55,4572075.0
2015-10-19 09:15:00,NSE:TVSMOTOR,248.7,256.89999,244.7,250.3,4445848.0
2015-10-26 09:15:00,NSE:TVSMOTOR,251.0,283.10001,240.89999,265.5,26961116.0
2015-11-02 09:15:00,NSE:TVSMOTOR,266.60001,292.5,262.35001,283.29999,17172785.0
2015-11-09 09:15:00,NSE:TVSMOTOR,277.0,301.64999,275.54999,296.45001,11385561.0
2015-11-16 09:15:00,NSE:TVSMOTOR,296.0,299.70001,284.25,293.29999,7257169.0
2015-11-23 09:15:00,NSE:TVSMOTOR,294.0,307.25,289.39999,305.29999,11928049.0
2015-11-30 09:15:00,NSE:TVSMOTOR,306.89999,309.79999,280.0,283.85001,10855430.0
2015-12-07 09:15:00,NSE:TVSMOTOR,287.64999,287.64999,267.5,274.0,6306369.0
2015-12-14 09:15:00,NSE:TVSMOTOR,271.20001,288.79999,271.20001,286.04999,6033530.0
2015-12-21 09:15:00,NSE:TVSMOTOR,287.0,293.60001,284.79999,285.45001,5563143.0
2015-12-28 09:15:00,NSE:TVSMOTOR,285.0,295.75,283.14999,286.64999,7962612.0
2016-01-04 09:15:00,NSE:TVSMOTOR,290.0,294.39999,275.04999,285.10001,5444322.0
2016-01-11 09:15:00,NSE:TVSMOTOR,278.10001,294.45001,273.0,278.39999,7352824.0
2016-01-18 09:15:00,NSE:TVSMOTOR,278.0,288.0,263.35001,285.64999,7165616.0
2016-01-25 09:15:00,NSE:TVSMOTOR,288.0,296.0,278.79999,292.25,10593155.0
2016-02-01 09:15:00,NSE:TVSMOTOR,293.5,302.75,275.75,289.35001,6963169.0
2016-02-08 09:15:00,NSE:TVSMOTOR,288.04999,295.10001,270.04999,276.20001,5769124.0
2016-02-15 09:15:00,NSE:TVSMOTOR,278.75,289.79999,271.64999,287.75,4661018.0
2016-02-22 09:15:00,NSE:TVSMOTOR,288.0,291.75,260.5,264.39999,6629928.0
2016-02-29 09:15:00,NSE:TVSMOTOR,262.89999,295.14999,256.0,288.25,8372714.0
2016-03-08 09:15:00,NSE:TVSMOTOR,287.5,289.89999,279.60001,287.95001,3054487.0
2016-03-14 09:15:00,NSE:TVSMOTOR,289.0,292.75,282.5,287.39999,4887401.0
2016-03-21 09:15:00,NSE:TVSMOTOR,288.0,318.5,287.0,309.45001,10366375.0
2016-03-28 09:15:00,NSE:TVSMOTOR,311.0,329.5,309.95001,324.54999,15584202.0
2016-04-04 09:15:00,NSE:TVSMOTOR,326.5,327.89999,310.10001,313.0,6297474.0
2016-04-11 09:15:00,NSE:TVSMOTOR,314.0,329.79999,310.14999,326.75,4843932.0
2016-04-18 09:15:00,NSE:TVSMOTOR,327.45001,340.85001,320.14999,331.45001,9946581.0
2016-04-25 09:15:00,NSE:TVSMOTOR,329.39999,331.10001,314.29999,319.79999,6394950.0
2016-05-02 09:15:00,NSE:TVSMOTOR,316.0,325.39999,277.5,300.45001,31566508.0
2016-05-09 09:15:00,NSE:TVSMOTOR,303.0,304.14999,291.5,296.14999,6119543.0
2016-05-16 09:15:00,NSE:TVSMOTOR,297.20001,301.89999,290.54999,297.5,4592594.0
2016-05-23 09:15:00,NSE:TVSMOTOR,301.0,303.45001,289.10001,291.10001,7577838.0
2016-05-30 09:15:00,NSE:TVSMOTOR,292.10001,308.0,283.75,297.54999,10068447.0
2016-06-06 09:15:00,NSE:TVSMOTOR,299.25,299.89999,285.70001,286.70001,7532017.0
2016-06-13 09:15:00,NSE:TVSMOTOR,285.0,294.45001,283.79999,293.29999,4439762.0
2016-06-20 09:15:00,NSE:TVSMOTOR,289.0,300.39999,279.10001,297.20001,5700121.0
2016-06-27 09:15:00,NSE:TVSMOTOR,294.95001,316.5,294.29999,311.60001,7739179.0
2016-07-04 09:15:00,NSE:TVSMOTOR,316.0,317.89999,293.64999,296.85001,6569320.0
2016-07-11 09:15:00,NSE:TVSMOTOR,299.0,311.70001,297.54999,307.35001,8742316.0
2016-07-18 09:15:00,NSE:TVSMOTOR,309.29999,311.5,296.5,300.95001,6181615.0
2016-07-25 09:15:00,NSE:TVSMOTOR,301.45001,314.79999,285.79999,291.75,24301773.0
2016-08-01 09:15:00,NSE:TVSMOTOR,293.39999,304.89999,292.60001,303.14999,9183626.0
2016-08-08 09:15:00,NSE:TVSMOTOR,304.75,307.95001,293.45001,299.29999,3917095.0
2016-08-16 09:15:00,NSE:TVSMOTOR,300.5,317.0,296.85001,311.75,6558944.0
2016-08-22 09:15:00,NSE:TVSMOTOR,312.0,312.04999,301.70001,303.39999,5184829.0
2016-08-29 09:15:00,NSE:TVSMOTOR,303.45001,338.89999,300.85001,332.29999,10710291.0
2016-09-06 09:15:00,NSE:TVSMOTOR,335.70001,342.29999,327.29999,329.79999,8342486.0
2016-09-12 09:15:00,NSE:TVSMOTOR,316.0,339.70001,310.0,338.35001,8589631.0
2016-09-19 09:15:00,NSE:TVSMOTOR,340.79999,354.79999,330.60001,350.5,12376494.0
2016-09-26 09:15:00,NSE:TVSMOTOR,347.89999,368.60001,337.64999,365.85001,14644024.0
2016-10-03 09:15:00,NSE:TVSMOTOR,369.79999,389.20001,365.89999,386.20001,12763014.0
2016-10-10 09:15:00,NSE:TVSMOTOR,388.60001,393.5,380.25,390.45001,4076685.0
2016-10-17 09:15:00,NSE:TVSMOTOR,390.89999,401.79999,385.0,395.89999,8380448.0
2016-10-24 09:15:00,NSE:TVSMOTOR,397.25,420.0,387.25,405.0,17887873.0
2016-11-01 09:15:00,NSE:TVSMOTOR,411.60001,411.70001,387.25,392.70001,8264495.0
2016-11-07 09:15:00,NSE:TVSMOTOR,398.0,399.0,351.89999,361.79999,10228529.0
2016-11-15 09:15:00,NSE:TVSMOTOR,361.0,368.0,338.0,361.75,7483795.0
2016-11-21 09:15:00,NSE:TVSMOTOR,360.45001,364.0,341.64999,355.5,6749611.0
2016-11-28 09:15:00,NSE:TVSMOTOR,348.5,379.5,348.5,358.35001,6187136.0
2016-12-05 09:15:00,NSE:TVSMOTOR,358.0,366.85001,352.79999,363.45001,3954873.0
2016-12-12 09:15:00,NSE:TVSMOTOR,363.35001,387.39999,357.54999,378.20001,8051849.0
2016-12-19 09:15:00,NSE:TVSMOTOR,378.39999,381.0,364.20001,370.64999,3942484.0
2016-12-26 09:15:00,NSE:TVSMOTOR,370.64999,370.64999,346.39999,360.5,6888874.0
2017-01-02 09:15:00,NSE:TVSMOTOR,357.20001,392.85001,355.39999,387.10001,8842720.0
2017-01-09 09:15:00,NSE:TVSMOTOR,387.04999,390.75,377.70001,383.95001,4115236.0
2017-01-16 09:15:00,NSE:TVSMOTOR,382.10001,392.25,375.5,379.10001,4077301.0
2017-01-23 09:15:00,NSE:TVSMOTOR,381.39999,405.0,378.45001,392.35001,10022102.0
2017-01-30 09:15:00,NSE:TVSMOTOR,392.25,399.10001,381.5,391.45001,4525027.0
2017-02-06 09:15:00,NSE:TVSMOTOR,391.04999,419.04999,389.89999,411.5,8434524.0
2017-02-13 09:15:00,NSE:TVSMOTOR,411.04999,429.5,401.35001,425.70001,6191980.0
2017-02-20 09:15:00,NSE:TVSMOTOR,428.70001,436.29999,422.64999,433.0,5089520.0
2017-02-27 09:15:00,NSE:TVSMOTOR,429.0,443.35001,422.10001,429.54999,4207347.0
2017-03-06 09:15:00,NSE:TVSMOTOR,432.0,433.45001,414.0,425.35001,4788308.0
2017-03-14 09:15:00,NSE:TVSMOTOR,431.89999,445.64999,428.0,443.0,4740645.0
2017-03-20 09:15:00,NSE:TVSMOTOR,444.29999,444.95001,421.39999,427.10001,4846786.0
2017-03-27 09:15:00,NSE:TVSMOTOR,429.39999,442.0,424.60001,430.79999,6051543.0
2017-04-03 09:15:00,NSE:TVSMOTOR,430.79999,474.0,430.60001,468.39999,6659684.0
2017-04-10 09:15:00,NSE:TVSMOTOR,468.0,477.54999,461.35001,474.0,3237591.0
2017-04-17 09:15:00,NSE:TVSMOTOR,470.0,505.60001,467.0,482.14999,5916611.0
2017-04-24 09:15:00,NSE:TVSMOTOR,484.35001,518.54999,480.45001,496.0,16119861.0
2017-05-02 09:15:00,NSE:TVSMOTOR,494.5,506.29999,490.60001,492.10001,3640470.0
2017-05-08 09:15:00,NSE:TVSMOTOR,492.10001,519.45001,491.5,516.70001,7656867.0
2017-05-15 09:15:00,NSE:TVSMOTOR,518.09998,537.54999,518.0,525.5,4954894.0
2017-05-22 09:15:00,NSE:TVSMOTOR,526.20001,549.0,517.25,534.59998,5222507.0
2017-05-29 09:15:00,NSE:TVSMOTOR,534.25,564.54999,527.79999,540.29999,9287543.0
2017-06-05 09:15:00,NSE:TVSMOTOR,540.84998,554.0,532.65002,552.40002,4450055.0
2017-06-12 09:15:00,NSE:TVSMOTOR,551.0,563.0,538.54999,550.29999,4237359.0
2017-06-19 09:15:00,NSE:TVSMOTOR,554.0,556.59998,531.0,536.34998,2899940.0
2017-06-27 09:15:00,NSE:TVSMOTOR,540.5,551.0,524.5,549.20001,3346239.0
2017-07-03 09:15:00,NSE:TVSMOTOR,551.79999,575.70001,543.15002,573.45001,5206927.0
2017-07-10 09:15:00,NSE:TVSMOTOR,576.34998,579.70001,561.09998,569.5,2506240.0
2017-07-17 09:15:00,NSE:TVSMOTOR,571.79999,580.25,565.90002,572.20001,2470991.0
2017-07-24 09:15:00,NSE:TVSMOTOR,577.0,586.0,566.70001,582.95001,6727867.0
2017-07-31 09:15:00,NSE:TVSMOTOR,583.0,603.34998,580.95001,599.29999,4071506.0
2017-08-07 09:15:00,NSE:TVSMOTOR,600.0,610.45001,527.65002,536.79999,7306611.0
2017-08-14 09:15:00,NSE:TVSMOTOR,543.04999,592.40002,543.04999,584.59998,6071524.0
2017-08-21 09:15:00,NSE:TVSMOTOR,587.75,596.45001,569.75,595.15002,4021989.0
2017-08-28 09:15:00,NSE:TVSMOTOR,595.09998,614.45001,592.45001,608.25,8105106.0
2017-09-04 09:15:00,NSE:TVSMOTOR,621.0,641.0,605.75,634.95001,7224797.0
2017-09-11 09:15:00,NSE:TVSMOTOR,635.0,655.5,635.0,651.34998,4449798.0
2017-09-18 09:15:00,NSE:TVSMOTOR,660.5,666.29999,627.59998,636.20001,3710424.0
2017-09-25 09:15:00,NSE:TVSMOTOR,641.0,662.40002,620.04999,657.04999,5772829.0
2017-10-03 09:15:00,NSE:TVSMOTOR,664.09998,672.0,648.20001,659.90002,3341737.0
2017-10-09 09:15:00,NSE:TVSMOTOR,660.5,703.5,660.5,699.75,8260393.0
2017-10-16 09:15:00,NSE:TVSMOTOR,702.90002,703.90002,677.95001,683.65002,2295888.0
2017-10-23 09:15:00,NSE:TVSMOTOR,686.0,726.0,681.29999,715.79999,4208036.0
2017-10-30 09:15:00,NSE:TVSMOTOR,719.0,732.40002,688.79999,694.90002,8211305.0
2017-11-06 09:15:00,NSE:TVSMOTOR,694.0,717.90002,680.5,708.70001,4936411.0
2017-11-13 09:15:00,NSE:TVSMOTOR,710.0,724.0,690.0,708.29999,3904299.0
2017-11-20 09:15:00,NSE:TVSMOTOR,708.90002,743.95001,699.09998,739.79999,4607321.0
2017-11-27 09:15:00,NSE:TVSMOTOR,738.59998,748.40002,712.65002,724.65002,5909389.0
2017-12-04 09:15:00,NSE:TVSMOTOR,716.09998,758.0,711.0,748.65002,4776388.0
2017-12-11 09:15:00,NSE:TVSMOTOR,750.0,769.90002,742.25,760.25,3133795.0
2017-12-18 09:15:00,NSE:TVSMOTOR,756.95001,792.09998,745.54999,775.04999,5417621.0
2017-12-26 09:15:00,NSE:TVSMOTOR,772.54999,778.04999,760.0,770.70001,3388095.0
2018-01-01 09:15:00,NSE:TVSMOTOR,773.84998,794.45001,759.90002,766.95001,4829089.0
2018-01-08 09:15:00,NSE:TVSMOTOR,770.0,783.0,740.0,750.40002,4839621.0
2018-01-15 09:15:00,NSE:TVSMOTOR,753.04999,757.0,703.95001,715.20001,3558069.0
2018-01-22 09:15:00,NSE:TVSMOTOR,715.0,722.95001,702.84998,704.59998,3381127.0
2018-01-29 09:15:00,NSE:TVSMOTOR,706.0,729.5,640.15002,645.25,10156847.0
2018-02-05 09:15:00,NSE:TVSMOTOR,636.0,672.0,599.79999,664.79999,4719067.0
2018-02-12 09:15:00,NSE:TVSMOTOR,665.79999,673.75,647.04999,654.70001,1865186.0
2018-02-19 09:15:00,NSE:TVSMOTOR,658.70001,670.0,625.15002,667.84998,5383529.0
2018-02-26 09:15:00,NSE:TVSMOTOR,668.5,687.0,667.0,677.40002,3121321.0
2018-03-05 09:15:00,NSE:TVSMOTOR,682.0,686.15002,620.95001,646.15002,4530870.0
2018-03-12 09:15:00,NSE:TVSMOTOR,654.0,658.45001,628.65002,631.79999,3405831.0
2018-03-19 09:15:00,NSE:TVSMOTOR,631.0,634.75,545.40002,606.34998,4221398.0
2018-03-26 09:15:00,NSE:TVSMOTOR,608.0,627.95001,602.40002,619.29999,1845986.0
2018-04-02 09:15:00,NSE:TVSMOTOR,621.0,665.0,620.0,645.45001,4537570.0
2018-04-09 09:15:00,NSE:TVSMOTOR,645.20001,671.29999,625.5,661.79999,5969365.0
2018-04-16 09:15:00,NSE:TVSMOTOR,654.0,689.95001,653.0,667.54999,6409959.0
2018-04-23 09:15:00,NSE:TVSMOTOR,668.0,681.0,644.40002,666.79999,4355647.0
2018-04-30 09:15:00,NSE:TVSMOTOR,672.95001,674.59998,608.0,616.04999,4090698.0
2018-05-07 09:15:00,NSE:TVSMOTOR,623.70001,638.65002,611.29999,626.0,3351813.0
2018-05-14 09:15:00,NSE:TVSMOTOR,630.0,632.0,557.29999,575.0,18014676.0
2018-05-21 09:15:00,NSE:TVSMOTOR,574.20001,576.90002,536.79999,563.84998,6236073.0
2018-05-28 09:15:00,NSE:TVSMOTOR,570.5,609.95001,563.45001,596.90002,7437284.0
2018-06-04 09:15:00,NSE:TVSMOTOR,600.5,604.0,558.20001,582.79999,4528783.0
2018-06-11 09:15:00,NSE:TVSMOTOR,585.70001,593.0,569.45001,582.90002,3025563.0
2018-06-18 09:15:00,NSE:TVSMOTOR,587.0,602.0,575.5,582.65002,3701828.0
2018-06-25 09:15:00,NSE:TVSMOTOR,579.5,604.95001,547.84998,552.84998,6409563.0
2018-07-02 09:15:00,NSE:TVSMOTOR,563.65002,588.79999,549.5,576.79999,4671276.0
2018-07-09 09:15:00,NSE:TVSMOTOR,580.5,595.20001,568.65002,584.40002,4464432.0
2018-07-16 09:15:00,NSE:TVSMOTOR,582.25,589.04999,560.59998,564.90002,5800929.0
2018-07-23 09:15:00,NSE:TVSMOTOR,562.5,564.65002,515.34998,525.29999,8743433.0
2018-07-30 09:15:00,NSE:TVSMOTOR,529.29999,529.29999,507.0,520.34998,9414982.0
2018-08-06 09:15:00,NSE:TVSMOTOR,524.0,561.25,514.29999,534.09998,21383805.0
2018-08-13 09:15:00,NSE:TVSMOTOR,529.0,529.04999,514.09998,515.90002,3576364.0
2018-08-20 09:15:00,NSE:TVSMOTOR,518.0,553.0,516.20001,549.54999,15303125.0
2018-08-27 09:15:00,NSE:TVSMOTOR,552.45001,575.0,550.90002,569.34998,10454590.0
2018-09-03 09:15:00,NSE:TVSMOTOR,575.0,593.5,548.34998,589.84998,8445127.0
2018-09-10 09:15:00,NSE:TVSMOTOR,594.54999,595.0,568.79999,586.65002,3536232.0
2018-09-17 09:15:00,NSE:TVSMOTOR,587.0,604.70001,575.0,593.40002,5553347.0
2018-09-24 09:15:00,NSE:TVSMOTOR,590.0,597.40002,533.84998,560.04999,9411763.0
2018-10-01 09:15:00,NSE:TVSMOTOR,559.70001,569.25,497.60001,503.95001,7486450.0
2018-10-08 09:15:00,NSE:TVSMOTOR,495.0,541.90002,478.70001,534.09998,8865530.0
2018-10-15 09:15:00,NSE:TVSMOTOR,541.0,559.0,503.75,516.09998,4113863.0
2018-10-22 09:15:00,NSE:TVSMOTOR,525.0,541.0,497.0,525.45001,13632696.0
2018-10-29 09:15:00,NSE:TVSMOTOR,525.0,564.79999,524.09998,553.45001,10499390.0
2018-11-05 09:15:00,NSE:TVSMOTOR,559.70001,564.25,547.65002,556.25,1960711.0
2018-11-12 09:15:00,NSE:TVSMOTOR,556.45001,560.45001,535.0,551.59998,3425316.0
2018-11-19 09:15:00,NSE:TVSMOTOR,550.59998,555.90002,525.70001,527.20001,2390456.0
2018-11-26 09:15:00,NSE:TVSMOTOR,525.5,560.0,522.25,557.40002,5105927.0
2018-12-03 09:15:00,NSE:TVSMOTOR,556.40002,557.5,528.75,541.5,5332189.0
2018-12-10 09:15:00,NSE:TVSMOTOR,537.0,579.95001,533.15002,570.0,15094077.0
2018-12-17 09:15:00,NSE:TVSMOTOR,571.04999,586.40002,565.09998,572.90002,8400457.0
2018-12-24 09:15:00,NSE:TVSMOTOR,573.04999,575.29999,546.70001,564.20001,5954142.0
2018-12-31 09:15:00,NSE:TVSMOTOR,567.70001,575.65002,531.0,540.95001,7540425.0
2019-01-07 09:15:00,NSE:TVSMOTOR,543.70001,545.79999,524.04999,540.65002,4271847.0
2019-01-14 09:15:00,NSE:TVSMOTOR,539.59998,552.90002,531.5,535.65002,3292719.0
2019-01-21 09:15:00,NSE:TVSMOTOR,535.0,560.95001,492.64999,496.10001,19117483.0
2019-01-28 09:15:00,NSE:TVSMOTOR,494.10001,532.04999,469.14999,516.65002,8293704.0
2019-02-04 09:15:00,NSE:TVSMOTOR,515.0,516.90002,486.20001,492.89999,7599106.0
2019-02-11 09:15:00,NSE:TVSMOTOR,491.5,498.75,475.85001,479.10001,3933752.0
2019-02-18 09:15:00,NSE:TVSMOTOR,480.5,482.89999,455.29999,471.5,5948288.0
2019-02-25 09:15:00,NSE:TVSMOTOR,472.5,478.39999,448.29999,467.64999,8329142.0
2019-03-05 09:15:00,NSE:TVSMOTOR,471.89999,499.5,469.45001,487.0,4867872.0
2019-03-11 09:15:00,NSE:TVSMOTOR,489.89999,511.39999,486.25,493.25,7839611.0
2019-03-18 09:15:00,NSE:TVSMOTOR,495.5,496.29999,460.70001,465.04999,5191769.0
2019-03-25 09:15:00,NSE:TVSMOTOR,462.5,481.0,457.29999,470.89999,5420346.0
2019-04-01 09:15:00,NSE:TVSMOTOR,474.95001,494.70001,471.0,485.25,6659529.0
2019-04-08 09:15:00,NSE:TVSMOTOR,488.89999,502.0,475.20001,500.0,4487043.0
2019-04-15 09:15:00,NSE:TVSMOTOR,503.89999,523.84998,500.5,518.34998,6349262.0
2019-04-22 09:15:00,NSE:TVSMOTOR,517.45001,523.75,501.79999,505.25,5497799.0
2019-04-30 09:15:00,NSE:TVSMOTOR,502.5,505.75,452.0,485.39999,9784023.0
2019-05-06 09:15:00,NSE:TVSMOTOR,479.0,499.29999,473.60001,475.14999,6177140.0
2019-05-13 09:15:00,NSE:TVSMOTOR,475.0,478.0,455.5,470.54999,3959749.0
2019-05-20 09:15:00,NSE:TVSMOTOR,478.0,507.5,475.14999,491.04999,7593656.0
2019-05-27 09:15:00,NSE:TVSMOTOR,491.04999,506.35001,473.10001,479.29999,6815657.0
2019-06-03 09:15:00,NSE:TVSMOTOR,478.95001,511.75,474.54999,480.29999,7364509.0
2019-06-10 09:15:00,NSE:TVSMOTOR,482.70001,486.60001,460.25,463.60001,3878536.0
2019-06-17 09:15:00,NSE:TVSMOTOR,464.0,466.95001,436.39999,452.25,4715957.0
2019-06-24 09:15:00,NSE:TVSMOTOR,443.0,451.89999,426.04999,428.20001,11674896.0
2019-07-01 09:15:00,NSE:TVSMOTOR,433.89999,440.0,421.0,424.29999,6138665.0
2019-07-08 09:15:00,NSE:TVSMOTOR,424.29999,438.5,404.60001,433.20001,7486265.0
2019-07-15 09:15:00,NSE:TVSMOTOR,435.20001,436.89999,392.0,396.20001,5056768.0
2019-07-22 09:15:00,NSE:TVSMOTOR,393.64999,400.0,356.35001,375.85001,21351519.0
2019-07-29 09:15:00,NSE:TVSMOTOR,371.10001,374.89999,338.25,372.29999,13450373.0
2019-08-05 09:15:00,NSE:TVSMOTOR,367.0,393.04999,357.35001,388.54999,10640222.0
2019-08-13 09:15:00,NSE:TVSMOTOR,388.54999,389.54999,361.54999,376.79999,5580876.0
2019-08-19 09:15:00,NSE:TVSMOTOR,380.0,382.0,352.5,365.54999,7798284.0
2019-08-26 09:15:00,NSE:TVSMOTOR,379.0,379.0,344.10001,352.95001,8886847.0
2019-09-03 09:15:00,NSE:TVSMOTOR,349.10001,385.64999,345.04999,381.5,11656427.0
2019-09-09 09:15:00,NSE:TVSMOTOR,373.0,406.70001,371.39999,390.35001,11556993.0
2019-09-16 09:15:00,NSE:TVSMOTOR,385.0,433.5,368.45001,424.70001,13102612.0
2019-09-23 09:15:00,NSE:TVSMOTOR,433.0,444.0,391.04999,412.5,13052581.0
2019-09-30 09:15:00,NSE:TVSMOTOR,413.29999,424.5,392.75,396.35001,7798497.0
2019-10-07 09:15:00,NSE:TVSMOTOR,390.0,400.70001,380.70001,394.0,6716306.0
2019-10-14 09:15:00,NSE:TVSMOTOR,392.25,460.0,386.70001,456.5,23234606.0
2019-10-21 09:15:00,NSE:TVSMOTOR,451.60001,472.0,446.35001,464.89999,9066830.0
2019-10-29 09:15:00,NSE:TVSMOTOR,463.75,504.0,462.45001,469.25,12376225.0
2019-11-04 09:15:00,NSE:TVSMOTOR,470.0,471.70001,445.0,452.39999,7647376.0
2019-11-11 09:15:00,NSE:TVSMOTOR,450.0,463.20001,438.70001,451.79999,8151086.0
2019-11-18 09:15:00,NSE:TVSMOTOR,452.0,460.79999,441.20001,442.95001,7792118.0
2019-11-25 09:15:00,NSE:TVSMOTOR,445.0,490.0,442.35001,477.25,10915078.0
2019-12-02 09:15:00,NSE:TVSMOTOR,474.70001,483.5,438.10001,444.14999,6140854.0
2019-12-09 09:15:00,NSE:TVSMOTOR,446.95001,461.25,430.5,457.29999,7185551.0
2019-12-16 09:15:00,NSE:TVSMOTOR,458.0,463.79999,442.29999,461.10001,8724105.0
2019-12-23 09:15:00,NSE:TVSMOTOR,462.0,471.95001,457.0,464.60001,5755784.0
2019-12-30 09:15:00,NSE:TVSMOTOR,464.10001,481.89999,447.0,452.60001,7932539.0
2020-01-06 09:15:00,NSE:TVSMOTOR,450.0,471.5,438.5,470.39999,6475520.0
2020-01-13 09:15:00,NSE:TVSMOTOR,471.0,499.5,464.10001,485.10001,7237830.0
2020-01-20 09:15:00,NSE:TVSMOTOR,485.5,486.89999,455.45001,468.89999,6187618.0
2020-01-27 09:15:00,NSE:TVSMOTOR,468.89999,476.85001,452.39999,463.95001,7386149.0
2020-02-03 09:15:00,NSE:TVSMOTOR,457.0,483.0,450.0,466.20001,13166153.0
2020-02-10 09:15:00,NSE:TVSMOTOR,466.20001,467.79999,437.10001,439.20001,4494951.0
2020-02-17 09:15:00,NSE:TVSMOTOR,436.0,447.89999,424.0,446.45001,5407869.0
2020-02-24 09:15:00,NSE:TVSMOTOR,446.39999,448.45001,409.45001,435.70001,16146271.0
2020-03-02 09:15:00,NSE:TVSMOTOR,435.54999,446.70001,396.25,414.10001,9076806.0
2020-03-09 09:15:00,NSE:TVSMOTOR,402.14999,409.39999,349.39999,403.10001,6403317.0
2020-03-16 09:15:00,NSE:TVSMOTOR,383.5,400.79999,341.0,379.79999,7455011.0
2020-03-23 09:15:00,NSE:TVSMOTOR,345.0,370.0,298.0,303.95001,14282227.0
2020-03-30 09:15:00,NSE:TVSMOTOR,295.0,302.89999,251.5,252.95,8749981.0
2020-04-07 09:15:00,NSE:TVSMOTOR,254.0,313.20001,240.10001,305.79999,18402447.0
2020-04-13 09:15:00,NSE:TVSMOTOR,307.0,307.0,265.20001,300.95001,23392800.0
2020-04-20 09:15:00,NSE:TVSMOTOR,321.95001,321.95001,289.04999,297.0,24815731.0
2020-04-27 09:15:00,NSE:TVSMOTOR,298.39999,334.10001,291.35001,328.35001,19144501.0
2020-05-04 09:15:00,NSE:TVSMOTOR,307.0,330.0,301.54999,313.45001,16210056.0
2020-05-11 09:15:00,NSE:TVSMOTOR,319.29999,360.0,315.0,336.10001,20749465.0
2020-05-18 09:15:00,NSE:TVSMOTOR,341.0,341.0,300.54999,314.14999,17832030.0
2020-05-26 09:15:00,NSE:TVSMOTOR,316.95001,344.0,308.25,335.89999,20432419.0
2020-06-01 09:15:00,NSE:TVSMOTOR,342.0,372.95001,341.04999,359.14999,19552826.0
2020-06-08 09:15:00,NSE:TVSMOTOR,364.85001,368.35001,307.20001,345.35001,15754256.0
2020-06-15 09:15:00,NSE:TVSMOTOR,340.35001,374.0,336.5,368.95001,14206572.0
2020-06-22 09:15:00,NSE:TVSMOTOR,367.10001,392.79999,367.10001,381.64999,12935732.0
2020-06-29 09:15:00,NSE:TVSMOTOR,380.89999,397.70001,374.0,395.5,9820543.0
2020-07-06 09:15:00,NSE:TVSMOTOR,399.95001,412.29999,381.5,385.70001,13769134.0
2020-07-13 09:15:00,NSE:TVSMOTOR,387.60001,400.5,377.0,389.95001,10190239.0
2020-07-20 09:15:00,NSE:TVSMOTOR,388.39999,410.95001,387.25,398.14999,11958507.0
2020-07-27 09:15:00,NSE:TVSMOTOR,398.14999,414.5,383.70001,387.5,14577252.0
2020-08-03 09:15:00,NSE:TVSMOTOR,392.0,429.89999,388.04999,421.5,18828200.0
2020-08-10 09:15:00,NSE:TVSMOTOR,425.0,436.39999,409.04999,418.10001,16696243.0
2020-08-17 09:15:00,NSE:TVSMOTOR,430.0,461.5,415.04999,453.29999,12783292.0
2020-08-24 09:15:00,NSE:TVSMOTOR,456.0,477.0,441.75,449.75,27092468.0
2020-08-31 09:15:00,NSE:TVSMOTOR,453.0,454.89999,423.39999,433.89999,14954848.0
2020-09-07 09:15:00,NSE:TVSMOTOR,434.89999,446.95001,425.60001,444.25,11206338.0
2020-09-14 09:15:00,NSE:TVSMOTOR,448.20001,472.0,446.25,457.29999,12550184.0
2020-09-21 09:15:00,NSE:TVSMOTOR,457.29999,459.75,426.0,446.95001,11474483.0
2020-09-28 09:15:00,NSE:TVSMOTOR,452.0,489.89999,450.95001,479.89999,14923790.0
2020-10-05 09:15:00,NSE:TVSMOTOR,485.0,486.0,464.95001,471.5,15015795.0
2020-10-12 09:15:00,NSE:TVSMOTOR,474.5,478.5,454.0,463.25,11395130.0
2020-10-19 09:15:00,NSE:TVSMOTOR,466.0,467.89999,438.0,444.64999,10567416.0
2020-10-26 09:15:00,NSE:TVSMOTOR,448.95001,464.54999,421.14999,455.5,31408411.0
2020-11-02 09:15:00,NSE:TVSMOTOR,459.5,481.75,447.0,479.85001,11766659.0
2020-11-09 09:15:00,NSE:TVSMOTOR,480.5,490.79999,473.60001,478.85001,10151334.0
2020-11-17 09:15:00,NSE:TVSMOTOR,479.5,490.0,469.29999,478.45001,10186365.0
2020-11-23 09:15:00,NSE:TVSMOTOR,478.10001,504.79999,467.75,499.64999,16379926.0
2020-12-01 09:15:00,NSE:TVSMOTOR,502.0,508.89999,485.14999,498.10001,12203963.0
2020-12-07 09:15:00,NSE:TVSMOTOR,501.0,519.5,478.60001,484.20001,20838945.0
2020-12-14 09:15:00,NSE:TVSMOTOR,489.79999,500.04999,477.5,489.10001,11044116.0
2020-12-21 09:15:00,NSE:TVSMOTOR,489.0,495.0,445.5,479.75,7757686.0
2020-12-28 09:15:00,NSE:TVSMOTOR,483.70001,494.0,479.75,490.75,7821953.0
2021-01-04 09:15:00,NSE:TVSMOTOR,497.5,517.0,481.79999,513.34998,12061991.0
2021-01-11 09:15:00,NSE:TVSMOTOR,513.90002,533.84998,498.29999,507.29999,15258440.0
2021-01-18 09:15:00,NSE:TVSMOTOR,506.79999,535.0,488.60001,521.95001,18924585.0
2021-01-25 09:15:00,NSE:TVSMOTOR,532.95001,589.75,519.34998,560.70001,56562602.0
2021-02-01 09:15:00,NSE:TVSMOTOR,560.65002,658.0,552.84998,628.29999,35520341.0
2021-02-08 09:15:00,NSE:TVSMOTOR,629.09998,659.90002,629.09998,636.45001,13038355.0
2021-02-15 09:15:00,NSE:TVSMOTOR,641.0,642.54999,598.70001,606.25,9341703.0
2021-02-22 09:15:00,NSE:TVSMOTOR,609.79999,609.79999,580.5,594.75,10119860.0
2021-03-01 09:15:00,NSE:TVSMOTOR,610.0,635.7,595.6,618.95,13919962.0
2021-03-08 09:15:00,NSE:TVSMOTOR,620.8,626.2,580.5,584.2,9493674.0
2021-03-15 09:15:00,NSE:TVSMOTOR,587.6,598.5,561.45,584.05,7754785.0
2021-03-22 09:15:00,NSE:TVSMOTOR,585.8,590.4,541.15,570.65,6902568.0
2021-03-30 09:15:00,NSE:TVSMOTOR,578.0,593.0,563.7,589.2,4959738.0
2021-04-05 09:15:00,NSE:TVSMOTOR,590.6,593.05,557.5,568.0,7988218.0
2021-04-12 09:15:00,NSE:TVSMOTOR,559.8,559.8,532.15,551.05,5286386.0
2021-04-19 09:15:00,NSE:TVSMOTOR,542.2,547.55,523.65,532.8,5198580.0
2021-04-26 09:15:00,NSE:TVSMOTOR,533.0,664.0,530.25,630.9,55109677.0
2021-05-03 09:15:00,NSE:TVSMOTOR,618.0,637.35,602.6,618.15,14324889.0
2021-05-10 09:15:00,NSE:TVSMOTOR,624.0,629.7,600.0,602.6,5965044.0
2021-05-17 09:15:00,NSE:TVSMOTOR,608.0,650.0,595.0,625.0,12713559.0
2021-05-24 09:15:00,NSE:TVSMOTOR,628.45,666.0,614.5,619.7,19133982.0
2021-05-31 09:15:00,NSE:TVSMOTOR,624.1,630.85,607.3,623.4,11062622.0
2021-06-07 09:15:00,NSE:TVSMOTOR,645.0,662.85,628.5,636.5,11929125.0
2021-06-14 09:15:00,NSE:TVSMOTOR,635.8,638.9,592.9,610.4,6204210.0
2021-06-21 09:15:00,NSE:TVSMOTOR,608.0,628.15,603.0,622.35,6398390.0
2021-06-28 09:15:00,NSE:TVSMOTOR,626.45,637.0,608.2,612.0,8594637.0
2021-07-05 09:15:00,NSE:TVSMOTOR,617.9,619.0,593.25,599.7,6846024.0
2021-07-12 09:15:00,NSE:TVSMOTOR,602.95,616.95,598.7,611.65,6939701.0
2021-07-19 09:15:00,NSE:TVSMOTOR,609.8,609.8,574.5,582.35,7759451.0
2021-07-26 09:15:00,NSE:TVSMOTOR,585.6,605.0,558.3,579.3,15133935.0
2021-08-02 09:15:00,NSE:TVSMOTOR,585.0,586.85,564.0,569.95,7262446.0
2021-08-09 09:15:00,NSE:TVSMOTOR,571.0,575.2,544.05,553.35,6689040.0
