datetime,symbol,open,high,low,close,volume
1998-12-28 09:15:00,NSE:VLSFINANCE,4.3166235,4.33329,4.2166245,4.2166245,2700.0
1999-01-04 09:15:00,NSE:VLSFINANCE,4.66662,8.09991867,4.66662,7.5832575,211500.0
1999-01-11 09:15:00,NSE:VLSFINANCE,7.499925,7.499925,5.1832815,5.4166125,81600.0
1999-01-18 09:15:00,NSE:VLSFINANCE,5.33328,6.2499375,5.33328,5.5499445,46800.0
1999-01-25 09:15:00,NSE:VLSFINANCE,5.34994617,5.93327367,4.366623,5.199948,52800.0
1999-02-01 09:15:00,NSE:VLSFINANCE,5.166615,5.299947,4.7499525,4.833285,45000.0
1999-02-08 09:15:00,NSE:VLSFINANCE,4.699953,5.0832825,4.533288,4.9166175,38100.0
1999-02-15 09:15:00,NSE:VLSFINANCE,4.99995,5.64994383,4.499955,5.299947,59700.0
1999-02-22 09:15:00,NSE:VLSFINANCE,4.9832835,5.499945,4.66662,4.866618,43500.0
1999-03-01 09:15:00,NSE:VLSFINANCE,4.66662,5.48327883,4.499955,5.033283,67500.0
1999-03-08 09:15:00,NSE:VLSFINANCE,5.166615,5.166615,4.0499595,4.4166225,52800.0
1999-03-15 09:15:00,NSE:VLSFINANCE,4.33329,4.9166175,3.733296,4.4166225,117300.0
1999-03-22 09:15:00,NSE:VLSFINANCE,4.4166225,5.66661,4.33329,5.066616,217501.0
1999-03-29 09:15:00,NSE:VLSFINANCE,4.9166175,4.966617,4.533288,4.8166185,47100.0
1999-04-05 09:15:00,NSE:VLSFINANCE,4.6166205,4.6499535,3.99996,4.33329,51000.0
1999-04-12 09:15:00,NSE:VLSFINANCE,3.766629,4.6166205,3.66663,4.599954,26100.0
1999-04-19 09:15:00,NSE:VLSFINANCE,4.33329,4.4832885,3.9166275,3.99996,35700.0
1999-04-26 09:15:00,NSE:VLSFINANCE,3.4166325,3.9166275,3.4166325,3.833295,13500.0
1999-05-03 09:15:00,NSE:VLSFINANCE,4.799952,4.799952,3.5166315,3.799962,30000.0
1999-05-10 09:15:00,NSE:VLSFINANCE,3.833295,4.0499595,3.6832965,3.9832935,44100.0
1999-05-17 09:15:00,NSE:VLSFINANCE,3.99996,4.599954,3.766629,4.166625,57300.0
1999-05-24 09:15:00,NSE:VLSFINANCE,3.99996,4.299957,3.799962,3.966627,39900.0
1999-05-31 09:15:00,NSE:VLSFINANCE,3.833295,4.33329,3.7499625,3.99996,20400.0
1999-06-07 09:15:00,NSE:VLSFINANCE,3.766629,4.066626,3.533298,3.933294,46200.0
1999-06-14 09:15:00,NSE:VLSFINANCE,3.699963,3.833295,3.466632,3.599964,19200.0
1999-06-21 09:15:00,NSE:VLSFINANCE,3.66663,4.66662,3.3832995,4.466622,77700.0
1999-06-28 09:15:00,NSE:VLSFINANCE,4.466622,4.66662,4.099959,4.2499575,41100.0
1999-07-05 09:15:00,NSE:VLSFINANCE,4.399956,5.2499475,4.199958,4.566621,117900.0
1999-07-12 09:15:00,NSE:VLSFINANCE,4.633287,5.2499475,4.366623,4.4166225,114600.0
1999-07-19 09:15:00,NSE:VLSFINANCE,4.366623,4.6832865,3.99996,4.33329,96900.0
1999-07-26 09:15:00,NSE:VLSFINANCE,4.233291,4.6166205,4.033293,4.266624,45600.0
1999-08-02 09:15:00,NSE:VLSFINANCE,4.199958,4.299957,3.99996,4.133292,51600.0
1999-08-09 09:15:00,NSE:VLSFINANCE,4.166625,6.7499325,4.0499595,6.7499325,263701.0
1999-08-16 09:15:00,NSE:VLSFINANCE,6.99993,9.199908,6.5832675,7.84992117,555302.0
1999-08-23 09:15:00,NSE:VLSFINANCE,8.166585,8.48324883,6.166605,6.31660383,312301.0
1999-08-30 09:15:00,NSE:VLSFINANCE,6.33327,6.59993367,5.33328,5.66661,132000.0
1999-09-06 09:15:00,NSE:VLSFINANCE,5.34994617,6.99993,5.34994617,6.2499375,149400.0
1999-09-13 09:15:00,NSE:VLSFINANCE,6.06660633,6.09993867,5.39994633,5.66661,98100.0
1999-09-20 09:15:00,NSE:VLSFINANCE,5.98327383,6.23327133,4.366623,5.66661,95700.0
1999-09-27 09:15:00,NSE:VLSFINANCE,5.99994,7.0832625,5.33328,6.64993383,219300.0
1999-10-04 09:15:00,NSE:VLSFINANCE,6.99993,7.166595,5.966607,6.4166025,147000.0
1999-10-11 09:15:00,NSE:VLSFINANCE,7.06659633,7.0832625,6.33327,6.4499355,173100.0
1999-10-18 09:15:00,NSE:VLSFINANCE,6.633267,9.56657133,6.34993617,9.56657133,321602.0
1999-10-25 09:15:00,NSE:VLSFINANCE,10.833225,13.13320267,10.69989233,10.9165575,915906.0
1999-11-01 09:15:00,NSE:VLSFINANCE,10.166565,10.166565,7.66659,8.33325,445802.0
1999-11-08 09:15:00,NSE:VLSFINANCE,8.56658133,10.1165655,7.99992,9.84990117,281701.0
1999-11-15 09:15:00,NSE:VLSFINANCE,9.9999,9.9999,8.2165845,8.366583,245400.0
1999-11-22 09:15:00,NSE:VLSFINANCE,8.2165845,8.699913,7.833255,8.18325117,172500.0
1999-11-29 09:15:00,NSE:VLSFINANCE,8.166585,10.366563,7.833255,10.366563,257401.0
1999-12-06 09:15:00,NSE:VLSFINANCE,10.93322367,13.06653633,10.93322367,12.93320367,816605.0
1999-12-13 09:15:00,NSE:VLSFINANCE,13.96652767,18.89981133,12.499875,18.89981133,711305.0
1999-12-20 09:15:00,NSE:VLSFINANCE,20.4164625,27.79972267,20.4164625,27.79972267,617105.0
1999-12-27 09:15:00,NSE:VLSFINANCE,29.66637,29.66637,20.4164625,20.96645767,755406.0
2000-01-03 09:15:00,NSE:VLSFINANCE,21.96644767,24.33309,17.63315767,17.63315767,555902.0
2000-01-10 09:15:00,NSE:VLSFINANCE,17.66649,17.66649,13.7498625,16.93316367,440102.0
2000-01-17 09:15:00,NSE:VLSFINANCE,17.9164875,24.9164175,17.9164875,22.399775,556203.0
2000-01-24 09:15:00,NSE:VLSFINANCE,22.99977,22.99977,18.96647767,21.13312267,633004.0
2000-01-31 09:15:00,NSE:VLSFINANCE,21.833115,28.933045,20.76645867,28.933045,368402.0
2000-02-07 09:15:00,NSE:VLSFINANCE,31.2496875,38.99961,27.09973,32.499675,1905018.0
2000-02-14 09:15:00,NSE:VLSFINANCE,32.66634,34.66632,25.7497425,33.4496655,1220710.0
2000-02-21 09:15:00,NSE:VLSFINANCE,34.66632,34.66632,27.066395,27.66639,1039508.0
2000-02-28 09:15:00,NSE:VLSFINANCE,27.66639,27.66639,21.99978,23.99976,739205.0
2000-03-06 09:15:00,NSE:VLSFINANCE,22.11644483,24.33309,19.29980767,19.56647133,502502.0
2000-03-13 09:15:00,NSE:VLSFINANCE,18.499815,19.499805,16.43316867,17.21649517,352802.0
2000-03-20 09:15:00,NSE:VLSFINANCE,15.99984,18.23315133,15.68317617,16.94982983,241200.0
2000-03-27 09:15:00,NSE:VLSFINANCE,16.51650117,17.39982633,15.76650867,17.04983017,236100.0
2000-04-03 09:15:00,NSE:VLSFINANCE,16.6665,18.33315,13.56653133,15.29984767,235500.0
2000-04-10 09:15:00,NSE:VLSFINANCE,15.99984,17.833155,14.69985233,14.86651733,151200.0
2000-04-17 09:15:00,NSE:VLSFINANCE,13.9165275,14.33319,12.03321233,12.53320733,105600.0
2000-04-24 09:15:00,NSE:VLSFINANCE,11.71655017,13.44986483,10.64989383,13.14986883,149700.0
2000-05-01 09:15:00,NSE:VLSFINANCE,12.66654,12.66654,5.033283,7.799922,377102.0
2000-05-08 09:15:00,NSE:VLSFINANCE,25.200001,25.25,20.049999,20.9,118700.0
2000-05-15 09:15:00,NSE:VLSFINANCE,20.6,20.6,18.25,18.450001,77300.0
2000-05-22 09:15:00,NSE:VLSFINANCE,18.5,18.799999,16.6,17.85,56800.0
2000-05-29 09:15:00,NSE:VLSFINANCE,17.15,22.700001,17.15,21.75,97800.0
2000-06-05 09:15:00,NSE:VLSFINANCE,22.5,22.5,19.0,19.799999,32400.0
2000-06-12 09:15:00,NSE:VLSFINANCE,19.85,20.1,17.5,19.5,15800.0
2000-06-19 09:15:00,NSE:VLSFINANCE,19.9,19.9,17.5,17.799999,30000.0
2000-06-26 09:15:00,NSE:VLSFINANCE,15.6,18.200001,15.6,17.35,35300.0
2000-07-03 09:15:00,NSE:VLSFINANCE,16.65,17.35,16.049999,16.950001,23900.0
2000-07-10 09:15:00,NSE:VLSFINANCE,16.9,17.200001,16.0,17.1,12100.0
2000-07-17 09:15:00,NSE:VLSFINANCE,16.200001,16.85,15.4,16.200001,19000.0
2000-07-24 09:15:00,NSE:VLSFINANCE,15.75,15.75,13.1,13.9,19800.0
2000-07-31 09:15:00,NSE:VLSFINANCE,13.05,13.95,11.8,11.8,50100.0
2000-08-07 09:15:00,NSE:VLSFINANCE,11.3,13.0,10.8,11.1,62700.0
2000-08-14 09:15:00,NSE:VLSFINANCE,10.6,13.85,10.1,12.95,63300.0
2000-08-21 09:15:00,NSE:VLSFINANCE,12.5,22.1,12.1,22.1,216265.0
2000-08-28 09:15:00,NSE:VLSFINANCE,23.799999,27.950001,21.9,21.9,152051.0
2000-09-04 09:15:00,NSE:VLSFINANCE,20.15,23.450001,18.6,19.950001,162453.0
2000-09-11 09:15:00,NSE:VLSFINANCE,19.5,19.700001,16.799999,17.0,88486.0
2000-09-18 09:15:00,NSE:VLSFINANCE,15.7,16.6,13.8,14.0,89005.0
2000-09-25 09:15:00,NSE:VLSFINANCE,13.9,14.0,12.3,13.15,121410.0
2000-10-02 09:15:00,NSE:VLSFINANCE,14.0,15.4,12.6,13.45,41518.0
2000-10-09 09:15:00,NSE:VLSFINANCE,13.7,13.7,12.0,12.65,34847.0
2000-10-16 09:15:00,NSE:VLSFINANCE,12.6,12.9,11.05,12.1,62246.0
2000-10-23 09:15:00,NSE:VLSFINANCE,11.75,12.1,9.25,11.5,54682.0
2000-10-30 09:15:00,NSE:VLSFINANCE,11.2,11.75,10.0,11.6,68551.0
2000-11-06 09:15:00,NSE:VLSFINANCE,11.7,13.25,11.0,12.0,64677.0
2000-11-13 09:15:00,NSE:VLSFINANCE,11.5,11.95,11.0,11.55,52512.0
2000-11-20 09:15:00,NSE:VLSFINANCE,11.95,12.2,11.25,11.35,26625.0
2000-11-27 09:15:00,NSE:VLSFINANCE,11.6,12.0,11.25,11.45,57714.0
2000-12-04 09:15:00,NSE:VLSFINANCE,11.25,14.9,11.25,14.45,143736.0
2000-12-11 09:15:00,NSE:VLSFINANCE,14.8,20.799999,14.05,15.75,551282.0
2000-12-18 09:15:00,NSE:VLSFINANCE,14.65,18.200001,14.65,15.65,311534.0
2000-12-25 09:15:00,NSE:VLSFINANCE,14.5,15.5,13.15,15.05,126035.0
2001-01-01 09:15:00,NSE:VLSFINANCE,15.05,16.0,14.1,14.65,83183.0
2001-01-08 09:15:00,NSE:VLSFINANCE,14.8,14.8,13.05,13.55,68974.0
2001-01-15 09:15:00,NSE:VLSFINANCE,13.35,13.75,12.8,13.45,71642.0
2001-01-22 09:15:00,NSE:VLSFINANCE,13.0,13.75,12.75,13.15,78709.0
2001-01-29 09:15:00,NSE:VLSFINANCE,12.85,13.7,12.55,12.65,56639.0
2001-02-05 09:15:00,NSE:VLSFINANCE,12.75,14.25,11.65,14.05,236158.0
2001-02-12 09:15:00,NSE:VLSFINANCE,14.05,14.3,12.05,12.1,290106.0
2001-02-19 09:15:00,NSE:VLSFINANCE,12.05,12.25,10.5,11.35,100905.0
2001-02-26 09:15:00,NSE:VLSFINANCE,11.1,12.8,10.05,11.75,192089.0
2001-03-05 09:15:00,NSE:VLSFINANCE,11.25,11.9,9.8,10.05,155720.0
2001-03-12 09:15:00,NSE:VLSFINANCE,9.7,10.3,5.0,9.2,108028.0
2001-03-19 09:15:00,NSE:VLSFINANCE,9.0,9.0,7.85,8.25,98221.0
2001-03-26 09:15:00,NSE:VLSFINANCE,7.75,8.5,7.4,7.5,51622.0
2001-04-02 09:15:00,NSE:VLSFINANCE,6.75,7.8,6.75,7.5,30132.0
2001-04-09 09:15:00,NSE:VLSFINANCE,7.15,7.45,6.35,6.8,28644.0
2001-04-16 09:15:00,NSE:VLSFINANCE,7.0,8.0,6.25,7.3,34720.0
2001-04-23 09:15:00,NSE:VLSFINANCE,7.2,7.9,6.55,7.0,28640.0
2001-04-30 09:15:00,NSE:VLSFINANCE,7.05,7.25,6.1,6.4,18740.0
2001-05-07 09:15:00,NSE:VLSFINANCE,6.35,9.45,3.25,7.05,35206.0
2001-05-14 09:15:00,NSE:VLSFINANCE,6.7,7.4,6.5,6.85,28265.0
2001-05-21 09:15:00,NSE:VLSFINANCE,7.0,9.45,6.9,9.25,84020.0
2001-05-28 09:15:00,NSE:VLSFINANCE,9.8,9.8,7.5,8.65,33452.0
2001-06-04 09:15:00,NSE:VLSFINANCE,8.3,8.95,7.8,7.9,28815.0
2001-06-11 09:15:00,NSE:VLSFINANCE,8.1,8.45,7.8,7.9,14825.0
2001-06-18 09:15:00,NSE:VLSFINANCE,7.7,8.85,7.05,7.8,64861.0
2001-06-25 09:15:00,NSE:VLSFINANCE,7.5,8.0,7.05,7.8,60260.0
2001-07-02 09:15:00,NSE:VLSFINANCE,7.95,8.3,7.05,7.2,2632.0
2001-07-09 09:15:00,NSE:VLSFINANCE,7.1,7.1,7.1,7.1,300.0
2001-07-16 09:15:00,NSE:VLSFINANCE,7.15,7.15,5.65,5.9,3750.0
2001-07-23 09:15:00,NSE:VLSFINANCE,5.5,6.4,5.5,5.8,3300.0
2001-07-30 09:15:00,NSE:VLSFINANCE,5.5,6.3,5.5,6.3,3600.0
2001-08-06 09:15:00,NSE:VLSFINANCE,6.0,6.5,5.1,6.0,1064.0
2001-08-13 09:15:00,NSE:VLSFINANCE,6.8,6.8,5.7,5.7,505.0
2001-08-20 09:15:00,NSE:VLSFINANCE,6.0,7.5,6.0,6.0,3600.0
2001-08-27 09:15:00,NSE:VLSFINANCE,6.05,8.9,6.0,6.5,1200.0
2001-09-03 09:15:00,NSE:VLSFINANCE,6.1,6.2,5.55,6.2,900.0
2001-09-10 09:15:00,NSE:VLSFINANCE,4.6,4.95,4.6,4.95,600.0
2001-09-17 09:15:00,NSE:VLSFINANCE,4.7,5.85,4.05,4.5,5375.0
2001-09-24 09:15:00,NSE:VLSFINANCE,4.75,5.5,3.8,4.4,7500.0
2001-10-01 09:15:00,NSE:VLSFINANCE,4.5,4.75,3.5,3.5,1050.0
2001-10-08 09:15:00,NSE:VLSFINANCE,4.3,5.0,4.25,5.0,6750.0
2001-10-15 09:15:00,NSE:VLSFINANCE,4.9,5.65,4.9,5.15,2000.0
2001-10-22 09:15:00,NSE:VLSFINANCE,5.0,5.5,4.5,5.5,5760.0
2001-10-29 09:15:00,NSE:VLSFINANCE,5.25,5.5,5.15,5.2,2500.0
2001-11-05 09:15:00,NSE:VLSFINANCE,5.35,5.5,4.7,5.25,5900.0
2001-11-12 09:15:00,NSE:VLSFINANCE,5.2,5.65,4.2,5.1,3500.0
2001-11-19 09:15:00,NSE:VLSFINANCE,5.2,8.1,5.0,7.7,18869.0
2001-11-26 09:15:00,NSE:VLSFINANCE,9.15,9.65,7.6,7.95,18220.0
2001-12-03 09:15:00,NSE:VLSFINANCE,7.7,8.65,7.0,7.0,10650.0
2001-12-10 09:15:00,NSE:VLSFINANCE,7.5,8.2,6.6,6.65,9015.0
2001-12-17 09:15:00,NSE:VLSFINANCE,6.55,6.95,5.25,5.95,5832.0
2001-12-24 09:15:00,NSE:VLSFINANCE,4.75,6.25,4.7,5.7,2500.0
2001-12-31 09:15:00,NSE:VLSFINANCE,6.0,6.2,5.25,6.15,23666.0
2002-01-07 09:15:00,NSE:VLSFINANCE,6.05,6.45,5.25,5.85,23516.0
2002-01-14 09:15:00,NSE:VLSFINANCE,5.6,7.0,5.5,5.65,18074.0
2002-01-21 09:15:00,NSE:VLSFINANCE,5.7,5.95,5.5,5.6,10360.0
2002-01-28 09:15:00,NSE:VLSFINANCE,5.8,5.85,5.1,5.35,21431.0
2002-02-04 09:15:00,NSE:VLSFINANCE,5.5,5.95,4.75,5.75,21577.0
2002-02-11 09:15:00,NSE:VLSFINANCE,5.55,6.9,4.5,6.9,48506.0
2002-02-18 09:15:00,NSE:VLSFINANCE,7.95,9.0,7.0,7.3,114799.0
2002-02-25 09:15:00,NSE:VLSFINANCE,6.8,7.3,5.65,6.1,42021.0
2002-03-04 09:15:00,NSE:VLSFINANCE,6.2,7.45,6.15,7.15,80802.0
2002-03-11 09:15:00,NSE:VLSFINANCE,6.65,7.15,6.15,6.7,40088.0
2002-03-18 09:15:00,NSE:VLSFINANCE,6.5,6.75,5.75,6.15,84457.0
2002-03-25 09:15:00,NSE:VLSFINANCE,6.2,6.2,5.65,5.7,18425.0
2002-04-01 09:15:00,NSE:VLSFINANCE,6.0,6.0,5.55,5.75,37755.0
2002-04-08 09:15:00,NSE:VLSFINANCE,6.0,6.4,5.55,6.3,43805.0
2002-04-15 09:15:00,NSE:VLSFINANCE,6.25,6.65,5.85,6.4,79887.0
2002-04-22 09:15:00,NSE:VLSFINANCE,6.4,6.4,5.8,5.85,34899.0
2002-04-29 09:15:00,NSE:VLSFINANCE,6.15,6.15,5.5,5.8,61935.0
2002-05-06 09:15:00,NSE:VLSFINANCE,5.8,6.6,5.55,6.15,166406.0
2002-05-13 09:15:00,NSE:VLSFINANCE,6.2,6.75,5.65,5.75,92463.0
2002-05-20 09:15:00,NSE:VLSFINANCE,5.3,5.85,5.05,5.75,33825.0
2002-05-27 09:15:00,NSE:VLSFINANCE,5.6,5.85,5.35,5.6,67299.0
2002-06-03 09:15:00,NSE:VLSFINANCE,5.4,7.35,5.4,6.4,181674.0
2002-06-10 09:15:00,NSE:VLSFINANCE,6.2,7.05,6.15,6.55,108620.0
2002-06-17 09:15:00,NSE:VLSFINANCE,6.5,8.25,6.1,7.1,403069.0
2002-06-24 09:15:00,NSE:VLSFINANCE,7.25,7.4,6.5,6.95,89525.0
2004-03-01 09:15:00,NSE:VLSFINANCE,4.5,5.35,4.5,5.0,2820.0
2004-03-08 09:15:00,NSE:VLSFINANCE,5.35,5.65,4.8,5.05,28390.0
2004-03-15 09:15:00,NSE:VLSFINANCE,5.45,5.45,3.8,4.05,19155.0
2004-03-22 09:15:00,NSE:VLSFINANCE,4.0,4.45,3.5,4.0,28460.0
2004-03-29 09:15:00,NSE:VLSFINANCE,3.6,4.5,3.6,4.4,18472.0
2004-04-05 09:15:00,NSE:VLSFINANCE,4.1,4.95,4.0,4.2,13774.0
2004-04-12 09:15:00,NSE:VLSFINANCE,4.05,4.55,4.0,4.45,24500.0
2004-04-19 09:15:00,NSE:VLSFINANCE,4.85,4.85,4.25,4.6,23060.0
2004-04-26 09:15:00,NSE:VLSFINANCE,4.6,4.65,4.25,4.35,8496.0
2004-05-03 09:15:00,NSE:VLSFINANCE,4.55,4.7,4.05,4.7,20830.0
2004-05-10 09:15:00,NSE:VLSFINANCE,4.9,5.1,4.15,4.15,28450.0
2004-05-17 09:15:00,NSE:VLSFINANCE,3.7,4.4,3.4,4.0,30852.0
2004-05-24 09:15:00,NSE:VLSFINANCE,4.0,4.25,3.55,3.65,23925.0
2004-05-31 09:15:00,NSE:VLSFINANCE,3.5,3.95,3.5,3.65,10910.0
2004-06-07 09:15:00,NSE:VLSFINANCE,3.75,4.15,3.55,3.85,16182.0
2004-06-14 09:15:00,NSE:VLSFINANCE,4.1,4.1,3.5,3.5,11803.0
2004-06-21 09:15:00,NSE:VLSFINANCE,3.6,3.6,3.2,3.35,13950.0
2004-06-28 09:15:00,NSE:VLSFINANCE,3.25,3.75,3.25,3.5,15600.0
2004-07-05 09:15:00,NSE:VLSFINANCE,3.2,3.6,3.05,3.3,15211.0
2004-07-12 09:15:00,NSE:VLSFINANCE,3.1,3.55,3.1,3.4,10258.0
2004-07-19 09:15:00,NSE:VLSFINANCE,3.75,4.05,3.5,3.85,35352.0
2004-07-26 09:15:00,NSE:VLSFINANCE,3.75,3.95,3.45,3.75,14799.0
2004-08-02 09:15:00,NSE:VLSFINANCE,4.25,4.25,3.4,3.6,21370.0
2004-08-09 09:15:00,NSE:VLSFINANCE,3.7,3.8,3.35,3.5,12444.0
2004-08-16 09:15:00,NSE:VLSFINANCE,3.6,3.85,3.45,3.6,20870.0
2004-08-23 09:15:00,NSE:VLSFINANCE,3.55,3.9,3.5,3.8,38046.0
2004-08-30 09:15:00,NSE:VLSFINANCE,4.0,5.05,3.85,4.55,176411.0
2004-09-06 09:15:00,NSE:VLSFINANCE,4.55,5.15,4.5,4.95,114996.0
2004-09-13 09:15:00,NSE:VLSFINANCE,5.3,5.3,4.5,4.65,114986.0
2004-09-20 09:15:00,NSE:VLSFINANCE,5.1,5.2,4.6,4.85,69814.0
2004-09-27 09:15:00,NSE:VLSFINANCE,4.9,6.45,4.85,6.45,249109.0
2004-10-04 09:15:00,NSE:VLSFINANCE,6.25,6.8,5.6,5.6,100927.0
2004-12-06 09:15:00,NSE:VLSFINANCE,8.6,9.7,7.5,9.7,670845.0
2004-12-13 09:15:00,NSE:VLSFINANCE,10.45,14.15,10.0,10.8,1587898.0
2004-12-20 09:15:00,NSE:VLSFINANCE,11.6,12.75,11.1,11.8,718435.0
2004-12-27 09:15:00,NSE:VLSFINANCE,12.0,13.45,11.05,12.05,880116.0
2005-01-03 09:15:00,NSE:VLSFINANCE,12.4,12.8,10.0,10.8,641509.0
2005-01-10 09:15:00,NSE:VLSFINANCE,11.2,12.8,9.95,10.2,559776.0
2005-01-17 09:15:00,NSE:VLSFINANCE,10.2,10.3,9.5,9.7,230729.0
2005-01-24 09:15:00,NSE:VLSFINANCE,10.0,10.25,8.8,9.95,171858.0
2005-01-31 09:15:00,NSE:VLSFINANCE,10.25,11.45,9.5,11.0,356211.0
2005-02-07 09:15:00,NSE:VLSFINANCE,11.1,13.9,11.0,13.25,1272827.0
2005-02-14 09:15:00,NSE:VLSFINANCE,13.45,13.7,11.4,12.2,466774.0
2005-02-21 09:15:00,NSE:VLSFINANCE,12.8,13.2,11.6,12.5,632446.0
2005-02-28 09:15:00,NSE:VLSFINANCE,13.0,14.0,12.25,14.0,657536.0
2005-03-07 09:15:00,NSE:VLSFINANCE,14.65,18.0,14.45,17.15,872557.0
2005-03-14 09:15:00,NSE:VLSFINANCE,17.6,17.950001,15.2,15.25,734426.0
2005-03-21 09:15:00,NSE:VLSFINANCE,15.15,15.15,12.55,12.55,290915.0
2005-03-28 09:15:00,NSE:VLSFINANCE,12.55,14.0,12.05,14.0,252315.0
2005-04-04 09:15:00,NSE:VLSFINANCE,14.65,16.85,14.65,14.75,404094.0
2005-04-11 09:15:00,NSE:VLSFINANCE,14.35,15.9,13.6,14.15,273471.0
2005-04-18 09:15:00,NSE:VLSFINANCE,13.95,14.7,13.05,13.95,187088.0
2005-04-25 09:15:00,NSE:VLSFINANCE,14.45,14.45,12.5,12.6,129184.0
2005-05-02 09:15:00,NSE:VLSFINANCE,12.9,13.65,12.4,12.75,85831.0
2005-05-09 09:15:00,NSE:VLSFINANCE,13.2,14.8,12.6,14.45,225694.0
2005-05-16 09:15:00,NSE:VLSFINANCE,14.6,15.75,13.9,14.2,270937.0
2005-05-23 09:15:00,NSE:VLSFINANCE,14.4,15.2,13.75,13.95,250913.0
2005-05-30 09:15:00,NSE:VLSFINANCE,14.1,14.2,13.45,13.85,181097.0
2005-06-06 09:15:00,NSE:VLSFINANCE,15.95,16.5,15.0,15.2,614327.0
2005-06-13 09:15:00,NSE:VLSFINANCE,15.25,19.799999,15.05,16.0,2130730.0
2005-06-20 09:15:00,NSE:VLSFINANCE,16.299999,16.799999,13.65,15.85,483624.0
2005-06-27 09:15:00,NSE:VLSFINANCE,15.5,16.299999,14.7,15.05,295680.0
2005-07-04 09:15:00,NSE:VLSFINANCE,15.0,16.4,15.0,15.75,440324.0
2005-07-11 09:15:00,NSE:VLSFINANCE,16.049999,16.700001,15.7,16.049999,293364.0
2005-07-18 09:15:00,NSE:VLSFINANCE,16.9,24.15,16.4,23.15,3782460.0
2005-07-25 09:15:00,NSE:VLSFINANCE,23.65,23.75,20.5,21.15,1460531.0
2005-08-01 09:15:00,NSE:VLSFINANCE,21.700001,22.700001,20.549999,20.700001,780040.0
2005-08-08 09:15:00,NSE:VLSFINANCE,20.6,23.65,19.5,22.6,1148221.0
2005-08-16 09:15:00,NSE:VLSFINANCE,23.0,25.0,22.200001,23.25,1264704.0
2005-08-22 09:15:00,NSE:VLSFINANCE,23.5,25.85,22.5,23.85,1318632.0
2005-08-29 09:15:00,NSE:VLSFINANCE,24.25,25.4,22.9,23.75,741259.0
2005-09-05 09:15:00,NSE:VLSFINANCE,24.15,24.5,22.5,22.85,409985.0
2005-09-12 09:15:00,NSE:VLSFINANCE,23.049999,27.299999,22.549999,25.700001,2976846.0
2005-09-19 09:15:00,NSE:VLSFINANCE,26.450001,26.450001,18.0,19.299999,1239938.0
2005-09-26 09:15:00,NSE:VLSFINANCE,20.0,23.35,18.1,18.9,925665.0
2005-10-03 09:15:00,NSE:VLSFINANCE,18.799999,20.549999,18.35,18.950001,405569.0
2005-10-10 09:15:00,NSE:VLSFINANCE,19.0,19.25,17.549999,17.65,145676.0
2005-10-17 09:15:00,NSE:VLSFINANCE,18.049999,18.049999,12.55,13.55,340639.0
2005-10-24 09:15:00,NSE:VLSFINANCE,13.5,15.6,13.5,14.0,286466.0
2005-10-31 09:15:00,NSE:VLSFINANCE,14.2,15.9,13.7,14.8,73134.0
2005-11-07 09:15:00,NSE:VLSFINANCE,14.45,16.200001,14.45,15.6,213864.0
2005-11-14 09:15:00,NSE:VLSFINANCE,15.75,16.700001,15.35,16.15,204615.0
2005-11-21 09:15:00,NSE:VLSFINANCE,15.9,16.35,14.85,15.15,145583.0
2005-11-28 09:15:00,NSE:VLSFINANCE,15.75,16.0,14.25,14.4,207824.0
2005-12-05 09:15:00,NSE:VLSFINANCE,14.5,15.1,13.85,14.15,144599.0
2005-12-12 09:15:00,NSE:VLSFINANCE,14.3,14.85,14.1,14.35,209542.0
2005-12-19 09:15:00,NSE:VLSFINANCE,14.25,19.950001,14.0,18.25,1626862.0
2005-12-26 09:15:00,NSE:VLSFINANCE,18.4,25.5,17.4,21.6,2202127.0
2006-01-02 09:15:00,NSE:VLSFINANCE,21.700001,23.4,20.1,21.049999,671821.0
2006-01-09 09:15:00,NSE:VLSFINANCE,21.15,22.450001,20.0,21.5,508152.0
2006-01-16 09:15:00,NSE:VLSFINANCE,21.85,21.85,18.9,19.9,368674.0
2006-01-23 09:15:00,NSE:VLSFINANCE,19.5,21.0,19.25,19.5,230344.0
2006-01-30 09:15:00,NSE:VLSFINANCE,19.549999,21.0,17.9,19.65,855890.0
2006-02-06 09:15:00,NSE:VLSFINANCE,19.799999,20.4,18.5,19.200001,292630.0
2006-02-13 09:15:00,NSE:VLSFINANCE,19.049999,22.4,19.049999,20.6,710152.0
2006-02-20 09:15:00,NSE:VLSFINANCE,20.85,21.0,19.5,19.85,354400.0
2006-02-27 09:15:00,NSE:VLSFINANCE,20.049999,20.25,18.35,18.549999,209495.0
2006-03-06 09:15:00,NSE:VLSFINANCE,18.700001,23.4,18.299999,20.299999,1015150.0
2006-03-13 09:15:00,NSE:VLSFINANCE,21.200001,21.200001,18.950001,19.049999,184406.0
2006-03-20 09:15:00,NSE:VLSFINANCE,18.9,22.4,18.5,19.450001,702419.0
2006-03-27 09:15:00,NSE:VLSFINANCE,19.549999,21.299999,19.1,19.6,420554.0
2006-04-03 09:15:00,NSE:VLSFINANCE,19.9,23.25,19.799999,21.299999,773441.0
2006-04-10 09:15:00,NSE:VLSFINANCE,20.799999,22.75,19.75,20.1,253851.0
2006-04-17 09:15:00,NSE:VLSFINANCE,20.5,21.35,19.9,20.1,262355.0
2006-04-24 09:15:00,NSE:VLSFINANCE,20.450001,31.799999,19.9,29.6,3256679.0
2006-05-02 09:15:00,NSE:VLSFINANCE,36.400002,37.400002,30.299999,33.599998,4835400.0
2006-05-08 09:15:00,NSE:VLSFINANCE,34.0,36.049999,28.049999,29.1,4063212.0
2006-05-15 09:15:00,NSE:VLSFINANCE,29.0,31.799999,24.4,24.4,1653682.0
2006-05-22 09:15:00,NSE:VLSFINANCE,24.5,25.0,22.1,23.0,864105.0
2006-05-29 09:15:00,NSE:VLSFINANCE,23.5,24.4,20.700001,20.700001,1489229.0
2006-06-05 09:15:00,NSE:VLSFINANCE,19.700001,19.700001,16.15,16.15,46181.0
2006-06-12 09:15:00,NSE:VLSFINANCE,15.0,15.35,12.55,13.85,603611.0
2006-06-19 09:15:00,NSE:VLSFINANCE,13.9,15.75,13.25,15.35,405469.0
2006-06-26 09:15:00,NSE:VLSFINANCE,15.45,15.45,12.8,13.45,187783.0
2006-07-03 09:15:00,NSE:VLSFINANCE,13.5,14.0,12.9,13.4,140639.0
2006-07-10 09:15:00,NSE:VLSFINANCE,13.3,13.4,12.7,13.05,99537.0
2006-07-17 09:15:00,NSE:VLSFINANCE,12.9,13.3,11.35,11.5,90522.0
2006-07-24 09:15:00,NSE:VLSFINANCE,10.95,11.6,10.65,11.6,137527.0
2006-07-31 09:15:00,NSE:VLSFINANCE,12.1,13.5,12.0,12.7,220995.0
2006-08-07 09:15:00,NSE:VLSFINANCE,12.4,15.65,12.3,15.65,226323.0
2006-08-14 09:15:00,NSE:VLSFINANCE,16.299999,16.950001,14.8,15.05,252466.0
2006-08-21 09:15:00,NSE:VLSFINANCE,15.1,15.55,14.05,14.75,104058.0
2006-08-28 09:15:00,NSE:VLSFINANCE,14.5,15.0,13.65,13.8,121869.0
2006-09-04 09:15:00,NSE:VLSFINANCE,14.0,14.95,13.5,14.7,114411.0
2006-09-11 09:15:00,NSE:VLSFINANCE,14.7,14.9,13.5,13.7,115325.0
2006-09-18 09:15:00,NSE:VLSFINANCE,13.75,14.5,13.15,13.9,168587.0
2006-09-25 09:15:00,NSE:VLSFINANCE,13.75,14.4,13.3,14.4,146348.0
2006-10-03 09:15:00,NSE:VLSFINANCE,14.7,16.0,13.6,16.0,460766.0
2006-10-09 09:15:00,NSE:VLSFINANCE,16.6,19.450001,16.0,17.049999,573635.0
2006-10-16 09:15:00,NSE:VLSFINANCE,17.700001,17.9,15.35,15.7,327092.0
2006-10-23 09:15:00,NSE:VLSFINANCE,15.9,17.15,15.5,16.9,135795.0
2006-10-30 09:15:00,NSE:VLSFINANCE,17.0,17.0,15.4,15.55,238505.0
2006-11-06 09:15:00,NSE:VLSFINANCE,15.5,15.95,14.7,14.75,173354.0
2006-11-13 09:15:00,NSE:VLSFINANCE,15.0,15.9,14.0,14.05,214982.0
2006-11-20 09:15:00,NSE:VLSFINANCE,13.9,14.9,13.5,13.85,214008.0
2006-11-27 09:15:00,NSE:VLSFINANCE,14.2,16.450001,14.0,15.15,269250.0
2006-12-04 09:15:00,NSE:VLSFINANCE,15.55,19.15,15.5,19.15,380600.0
2006-12-11 09:15:00,NSE:VLSFINANCE,21.1,21.1,15.85,17.85,891481.0
2006-12-18 09:15:00,NSE:VLSFINANCE,17.6,18.25,16.299999,16.9,231532.0
2006-12-26 09:15:00,NSE:VLSFINANCE,15.7,17.700001,15.7,16.65,151067.0
2007-01-02 09:15:00,NSE:VLSFINANCE,16.950001,18.6,16.950001,17.5,151755.0
2007-01-08 09:15:00,NSE:VLSFINANCE,18.0,20.35,17.299999,19.0,466285.0
2007-01-15 09:15:00,NSE:VLSFINANCE,20.4,20.4,18.200001,18.299999,319578.0
2007-01-22 09:15:00,NSE:VLSFINANCE,19.9,20.0,18.1,18.4,142632.0
2007-01-29 09:15:00,NSE:VLSFINANCE,18.6,20.549999,18.450001,20.549999,230213.0
2007-02-05 09:15:00,NSE:VLSFINANCE,22.549999,23.799999,20.15,20.299999,659457.0
2007-02-12 09:15:00,NSE:VLSFINANCE,19.4,20.4,17.9,19.5,253904.0
2007-02-19 09:15:00,NSE:VLSFINANCE,20.450001,20.450001,17.799999,17.9,238016.0
2007-02-26 09:15:00,NSE:VLSFINANCE,18.0,18.700001,17.0,17.6,173184.0
2007-03-05 09:15:00,NSE:VLSFINANCE,17.5,17.5,15.25,16.0,192463.0
2007-03-12 09:15:00,NSE:VLSFINANCE,16.35,17.799999,15.9,16.5,135119.0
2007-03-19 09:15:00,NSE:VLSFINANCE,16.9,16.9,15.15,15.3,116771.0
2007-03-26 09:15:00,NSE:VLSFINANCE,15.55,15.95,14.0,15.95,87091.0
2007-04-02 09:15:00,NSE:VLSFINANCE,16.4,18.299999,15.45,18.299999,121743.0
2007-04-09 09:15:00,NSE:VLSFINANCE,19.25,19.25,17.25,17.85,77373.0
2007-04-16 09:15:00,NSE:VLSFINANCE,18.15,19.1,17.299999,18.4,201165.0
2007-04-23 09:15:00,NSE:VLSFINANCE,17.5,18.950001,17.5,18.0,109710.0
2007-04-30 09:15:00,NSE:VLSFINANCE,18.5,18.5,17.65,17.9,65066.0
2007-05-07 09:15:00,NSE:VLSFINANCE,17.200001,18.5,16.799999,17.049999,125062.0
2007-05-14 09:15:00,NSE:VLSFINANCE,17.9,18.0,17.1,17.450001,71344.0
2007-05-21 09:15:00,NSE:VLSFINANCE,17.799999,17.799999,16.4,17.25,118647.0
2007-05-28 09:15:00,NSE:VLSFINANCE,17.700001,18.85,16.799999,18.799999,275802.0
2007-06-04 09:15:00,NSE:VLSFINANCE,20.450001,22.799999,18.65,19.549999,240441.0
2007-06-11 09:15:00,NSE:VLSFINANCE,20.25,20.25,17.85,17.950001,184019.0
2007-06-18 09:15:00,NSE:VLSFINANCE,18.35,19.85,18.0,18.299999,227717.0
2007-06-25 09:15:00,NSE:VLSFINANCE,18.75,19.4,18.1,18.25,192192.0
2007-07-02 09:15:00,NSE:VLSFINANCE,18.200001,19.0,17.6,18.1,107313.0
2007-07-09 09:15:00,NSE:VLSFINANCE,17.0,21.950001,17.0,19.549999,601590.0
2007-07-16 09:15:00,NSE:VLSFINANCE,19.0,20.85,18.0,19.1,305844.0
2007-07-23 09:15:00,NSE:VLSFINANCE,19.0,19.049999,17.049999,17.75,130822.0
2007-07-30 09:15:00,NSE:VLSFINANCE,17.15,18.15,16.5,16.75,162958.0
2007-08-06 09:15:00,NSE:VLSFINANCE,16.25,18.4,15.7,17.6,107289.0
2007-08-13 09:15:00,NSE:VLSFINANCE,17.15,20.549999,17.1,18.35,504857.0
2007-08-20 09:15:00,NSE:VLSFINANCE,20.0,20.1,17.6,18.15,328087.0
2007-08-27 09:15:00,NSE:VLSFINANCE,18.950001,19.15,17.549999,18.35,75278.0
2007-09-03 09:15:00,NSE:VLSFINANCE,18.4,23.6,18.299999,23.6,1229426.0
2007-09-10 09:15:00,NSE:VLSFINANCE,23.9,34.450001,22.5,29.950001,4014762.0
2007-09-17 09:15:00,NSE:VLSFINANCE,32.0,36.099998,29.9,30.15,3160515.0
2007-09-24 09:15:00,NSE:VLSFINANCE,30.200001,33.650002,26.5,29.049999,1605497.0
2007-10-01 09:15:00,NSE:VLSFINANCE,30.4,30.450001,26.0,26.549999,448082.0
2007-10-08 09:15:00,NSE:VLSFINANCE,25.5,28.35,21.65,26.25,1035642.0
2007-10-15 09:15:00,NSE:VLSFINANCE,26.799999,29.6,23.6,24.049999,1112879.0
2007-10-22 09:15:00,NSE:VLSFINANCE,24.6,30.75,22.35,29.0,1069773.0
2007-10-29 09:15:00,NSE:VLSFINANCE,30.4,32.75,28.549999,29.299999,992375.0
2007-11-05 09:15:00,NSE:VLSFINANCE,30.5,31.0,26.700001,28.65,421725.0
2007-11-12 09:15:00,NSE:VLSFINANCE,28.0,31.4,27.0,29.75,687381.0
2007-11-19 09:15:00,NSE:VLSFINANCE,31.0,31.0,26.5,27.700001,444515.0
2007-11-26 09:15:00,NSE:VLSFINANCE,29.0,29.15,26.799999,27.35,287985.0
2007-12-03 09:15:00,NSE:VLSFINANCE,28.0,32.450001,27.1,31.25,709918.0
2007-12-10 09:15:00,NSE:VLSFINANCE,31.25,38.599998,30.049999,38.599998,895442.0
2007-12-17 09:15:00,NSE:VLSFINANCE,40.5,40.549999,34.900002,39.5,1662704.0
2007-12-24 09:15:00,NSE:VLSFINANCE,40.950001,46.150002,39.5,46.150002,544617.0
2007-12-31 09:15:00,NSE:VLSFINANCE,48.5,59.049999,48.5,55.0,2137004.0
2008-01-07 09:15:00,NSE:VLSFINANCE,54.950001,56.700001,44.049999,44.049999,1265992.0
2008-01-14 09:15:00,NSE:VLSFINANCE,43.0,48.25,40.25,40.349998,993244.0
2008-01-21 09:15:00,NSE:VLSFINANCE,38.349998,39.400002,31.299999,31.299999,266433.0
2008-01-28 09:15:00,NSE:VLSFINANCE,29.75,32.400002,26.700001,26.700001,300025.0
2008-02-04 09:15:00,NSE:VLSFINANCE,27.75,31.450001,27.200001,27.6,279168.0
2008-02-11 09:15:00,NSE:VLSFINANCE,28.5,28.5,22.549999,26.1,211466.0
2008-02-18 09:15:00,NSE:VLSFINANCE,26.049999,27.299999,22.799999,22.799999,244167.0
2008-02-25 09:15:00,NSE:VLSFINANCE,23.6,24.0,21.75,22.35,221075.0
2008-03-03 09:15:00,NSE:VLSFINANCE,22.0,22.200001,18.299999,18.85,136306.0
2008-03-10 09:15:00,NSE:VLSFINANCE,17.950001,20.799999,15.7,16.5,491738.0
2008-03-17 09:15:00,NSE:VLSFINANCE,15.85,16.6,14.7,15.0,149279.0
2008-03-24 09:15:00,NSE:VLSFINANCE,15.95,16.950001,13.6,16.950001,309464.0
2008-03-31 09:15:00,NSE:VLSFINANCE,17.65,18.799999,17.0,17.049999,312021.0
2008-04-07 09:15:00,NSE:VLSFINANCE,17.0,19.35,16.0,18.299999,178808.0
2008-04-15 09:15:00,NSE:VLSFINANCE,17.450001,21.0,17.450001,20.549999,153272.0
2008-04-21 09:15:00,NSE:VLSFINANCE,21.25,22.4,20.15,20.549999,285514.0
2008-04-28 09:15:00,NSE:VLSFINANCE,20.75,21.299999,19.4,20.5,154774.0
2008-05-05 09:15:00,NSE:VLSFINANCE,21.200001,22.35,19.200001,19.25,186939.0
2008-05-12 09:15:00,NSE:VLSFINANCE,20.25,20.299999,18.25,19.75,143910.0
2008-05-20 09:15:00,NSE:VLSFINANCE,19.5,21.4,19.5,20.15,129074.0
2008-05-26 09:15:00,NSE:VLSFINANCE,20.950001,22.5,19.4,20.25,363802.0
2008-06-02 09:15:00,NSE:VLSFINANCE,20.200001,20.6,17.299999,18.049999,140596.0
2008-06-09 09:15:00,NSE:VLSFINANCE,17.15,18.0,16.4,17.9,121299.0
2008-06-16 09:15:00,NSE:VLSFINANCE,18.0,18.5,17.15,17.299999,110583.0
2008-06-23 09:15:00,NSE:VLSFINANCE,16.549999,17.5,15.45,15.85,116051.0
2008-06-30 09:15:00,NSE:VLSFINANCE,15.75,15.9,13.5,14.05,138879.0
2008-07-07 09:15:00,NSE:VLSFINANCE,14.6,15.65,13.55,14.9,113358.0
2008-07-14 09:15:00,NSE:VLSFINANCE,14.85,14.85,13.1,13.85,211859.0
2008-07-21 09:15:00,NSE:VLSFINANCE,13.8,15.7,13.2,15.0,144189.0
2008-07-28 09:15:00,NSE:VLSFINANCE,15.0,17.450001,14.55,16.25,146998.0
2008-08-04 09:15:00,NSE:VLSFINANCE,16.6,18.299999,16.0,16.4,120215.0
2008-08-11 09:15:00,NSE:VLSFINANCE,16.0,18.9,16.0,16.35,180979.0
2008-08-18 09:15:00,NSE:VLSFINANCE,16.6,16.9,15.0,15.2,64577.0
2008-08-25 09:15:00,NSE:VLSFINANCE,15.15,16.25,14.5,15.2,62212.0
2008-09-01 09:15:00,NSE:VLSFINANCE,14.8,15.8,14.8,15.0,47364.0
2008-09-08 09:15:00,NSE:VLSFINANCE,15.15,15.9,14.9,15.0,51103.0
2008-09-15 09:15:00,NSE:VLSFINANCE,13.25,14.45,11.2,12.5,120780.0
2008-09-22 09:15:00,NSE:VLSFINANCE,13.0,13.0,10.8,11.1,112247.0
2008-09-29 09:15:00,NSE:VLSFINANCE,11.1,11.9,9.0,9.5,212324.0
2008-10-06 09:15:00,NSE:VLSFINANCE,9.0,9.75,8.0,8.4,140767.0
2008-10-13 09:15:00,NSE:VLSFINANCE,8.3,9.7,7.2,8.0,86736.0
2008-10-20 09:15:00,NSE:VLSFINANCE,6.65,8.75,6.6,6.8,129532.0
2008-10-27 09:15:00,NSE:VLSFINANCE,6.25,7.5,5.6,6.95,54935.0
2008-11-03 09:15:00,NSE:VLSFINANCE,8.0,9.0,7.05,7.65,98752.0
2008-11-10 09:15:00,NSE:VLSFINANCE,7.45,8.25,7.0,7.05,63644.0
2008-11-17 09:15:00,NSE:VLSFINANCE,7.0,7.45,6.15,6.4,38032.0
2008-11-24 09:15:00,NSE:VLSFINANCE,6.85,7.1,5.5,6.8,31710.0
2008-12-01 09:15:00,NSE:VLSFINANCE,7.1,8.0,6.35,7.5,52846.0
2008-12-08 09:15:00,NSE:VLSFINANCE,7.45,9.0,7.1,8.65,67804.0
2008-12-15 09:15:00,NSE:VLSFINANCE,8.7,9.8,8.25,9.1,114880.0
2008-12-22 09:15:00,NSE:VLSFINANCE,9.2,9.2,8.15,8.95,83362.0
2008-12-29 09:15:00,NSE:VLSFINANCE,9.0,10.55,8.0,10.0,199100.0
2009-01-05 09:15:00,NSE:VLSFINANCE,10.9,10.95,6.85,8.25,95401.0
2009-01-12 09:15:00,NSE:VLSFINANCE,8.5,8.7,6.75,6.85,59949.0
2009-01-19 09:15:00,NSE:VLSFINANCE,7.0,7.7,6.2,6.75,78641.0
2009-01-27 09:15:00,NSE:VLSFINANCE,6.4,7.7,6.4,7.65,51962.0
2009-02-02 09:15:00,NSE:VLSFINANCE,7.65,8.6,6.9,7.95,168078.0
2009-02-09 09:15:00,NSE:VLSFINANCE,8.0,8.45,7.3,7.85,45059.0
2009-02-16 09:15:00,NSE:VLSFINANCE,8.6,8.95,6.25,7.0,61908.0
2009-02-24 09:15:00,NSE:VLSFINANCE,6.15,7.25,6.15,6.65,41306.0
2009-03-02 09:15:00,NSE:VLSFINANCE,6.25,7.0,5.85,6.1,49238.0
2009-03-09 09:15:00,NSE:VLSFINANCE,6.0,6.2,5.85,5.9,24339.0
2009-03-16 09:15:00,NSE:VLSFINANCE,5.75,6.45,5.25,6.35,64598.0
2009-03-23 09:15:00,NSE:VLSFINANCE,6.7,6.7,6.0,6.1,44496.0
2009-03-30 09:15:00,NSE:VLSFINANCE,6.05,6.9,6.0,6.8,32882.0
2009-04-06 09:15:00,NSE:VLSFINANCE,6.85,8.35,6.55,7.85,72299.0
2009-04-13 09:15:00,NSE:VLSFINANCE,7.85,10.0,7.7,8.85,203376.0
2009-04-20 09:15:00,NSE:VLSFINANCE,9.3,9.3,7.9,8.05,53944.0
2009-04-27 09:15:00,NSE:VLSFINANCE,8.0,9.05,7.55,7.7,50128.0
2009-05-04 09:15:00,NSE:VLSFINANCE,7.7,8.4,7.7,8.0,82770.0
2009-05-11 09:15:00,NSE:VLSFINANCE,8.1,8.3,7.4,7.85,50677.0
2009-05-18 09:15:00,NSE:VLSFINANCE,8.2,12.85,8.1,12.65,359450.0
2009-05-25 09:15:00,NSE:VLSFINANCE,12.9,15.35,12.6,13.95,279462.0
2009-06-01 09:15:00,NSE:VLSFINANCE,14.25,17.049999,13.85,16.950001,302605.0
2009-06-08 09:15:00,NSE:VLSFINANCE,17.799999,17.799999,13.55,13.6,236638.0
2009-06-15 09:15:00,NSE:VLSFINANCE,13.2,13.9,11.65,11.9,135105.0
2009-06-22 09:15:00,NSE:VLSFINANCE,12.0,12.85,11.7,12.35,61562.0
2009-06-29 09:15:00,NSE:VLSFINANCE,12.9,13.0,11.3,12.0,62119.0
2009-07-06 09:15:00,NSE:VLSFINANCE,11.6,12.15,9.25,9.55,68749.0
2009-07-13 09:15:00,NSE:VLSFINANCE,9.05,11.35,8.3,10.9,90451.0
2009-07-20 09:15:00,NSE:VLSFINANCE,11.0,12.3,10.85,12.1,67025.0
2009-07-27 09:15:00,NSE:VLSFINANCE,12.7,13.0,11.6,11.95,76014.0
2009-08-03 09:15:00,NSE:VLSFINANCE,11.6,12.95,11.4,11.85,89454.0
2009-08-10 09:15:00,NSE:VLSFINANCE,11.6,12.65,10.55,12.65,209812.0
2009-08-17 09:15:00,NSE:VLSFINANCE,12.7,12.75,11.4,11.8,169335.0
2009-08-24 09:15:00,NSE:VLSFINANCE,12.4,13.6,11.25,12.9,403844.0
2009-08-31 09:15:00,NSE:VLSFINANCE,12.75,13.2,12.0,12.2,120093.0
2009-09-07 09:15:00,NSE:VLSFINANCE,12.8,14.0,12.5,12.7,222017.0
2009-09-14 09:15:00,NSE:VLSFINANCE,13.35,16.9,12.5,14.7,996789.0
2009-09-22 09:15:00,NSE:VLSFINANCE,15.0,15.75,13.65,14.55,332705.0
2009-09-29 09:15:00,NSE:VLSFINANCE,15.15,16.1,14.65,14.9,299348.0
2009-10-05 09:15:00,NSE:VLSFINANCE,14.9,15.0,12.8,13.7,133418.0
2009-10-12 09:15:00,NSE:VLSFINANCE,14.5,14.5,13.05,13.45,100067.0
2009-10-20 09:15:00,NSE:VLSFINANCE,13.9,13.9,13.0,13.3,89013.0
2009-10-26 09:15:00,NSE:VLSFINANCE,13.2,13.55,11.0,11.45,151241.0
2009-11-03 09:15:00,NSE:VLSFINANCE,10.9,12.25,10.6,11.85,62214.0
2009-11-09 09:15:00,NSE:VLSFINANCE,11.2,14.15,11.1,12.35,224052.0
2009-11-16 09:15:00,NSE:VLSFINANCE,13.5,13.75,12.1,12.75,159561.0
2009-11-23 09:15:00,NSE:VLSFINANCE,13.0,13.4,11.25,11.9,95493.0
2009-11-30 09:15:00,NSE:VLSFINANCE,11.7,14.4,11.7,13.85,373678.0
2009-12-07 09:15:00,NSE:VLSFINANCE,13.95,14.35,13.25,13.45,317860.0
2009-12-14 09:15:00,NSE:VLSFINANCE,13.0,14.4,12.5,13.4,235889.0
2009-12-21 09:15:00,NSE:VLSFINANCE,13.0,14.3,12.0,13.75,162549.0
2009-12-29 09:15:00,NSE:VLSFINANCE,13.9,14.4,13.4,13.75,139741.0
2010-01-04 09:15:00,NSE:VLSFINANCE,13.95,14.8,13.7,14.3,254735.0
2010-01-11 09:15:00,NSE:VLSFINANCE,14.85,16.6,14.3,15.4,757757.0
2010-01-18 09:15:00,NSE:VLSFINANCE,15.7,16.0,13.25,13.85,219089.0
2010-01-25 09:15:00,NSE:VLSFINANCE,13.55,14.3,12.5,13.15,166819.0
2010-02-01 09:15:00,NSE:VLSFINANCE,13.55,14.45,12.6,12.85,205503.0
2010-02-08 09:15:00,NSE:VLSFINANCE,13.4,14.4,12.75,13.8,157198.0
2010-02-15 09:15:00,NSE:VLSFINANCE,14.1,14.75,13.1,13.25,181658.0
2010-02-22 09:15:00,NSE:VLSFINANCE,13.85,13.85,12.2,12.85,152170.0
2010-03-02 09:15:00,NSE:VLSFINANCE,12.95,14.4,12.6,13.25,114719.0
2010-03-08 09:15:00,NSE:VLSFINANCE,13.25,13.75,12.5,12.55,78760.0
2010-03-15 09:15:00,NSE:VLSFINANCE,12.25,13.35,11.7,12.8,114792.0
2010-03-22 09:15:00,NSE:VLSFINANCE,12.35,12.95,11.5,11.55,236566.0
2010-03-29 09:15:00,NSE:VLSFINANCE,11.5,13.4,11.1,12.75,181413.0
2010-04-05 09:15:00,NSE:VLSFINANCE,12.9,14.35,12.75,13.85,252994.0
2010-04-12 09:15:00,NSE:VLSFINANCE,14.1,14.25,13.0,13.1,81850.0
2010-04-19 09:15:00,NSE:VLSFINANCE,13.45,13.9,12.65,13.15,145952.0
2010-04-26 09:15:00,NSE:VLSFINANCE,13.4,14.6,13.1,14.4,245527.0
2010-05-03 09:15:00,NSE:VLSFINANCE,13.75,16.25,13.35,14.05,620820.0
2010-05-10 09:15:00,NSE:VLSFINANCE,14.2,15.2,13.25,13.45,173199.0
2010-05-17 09:15:00,NSE:VLSFINANCE,13.2,13.95,12.2,12.45,67487.0
2010-05-24 09:15:00,NSE:VLSFINANCE,12.7,13.15,11.5,12.95,200138.0
2010-05-31 09:15:00,NSE:VLSFINANCE,12.5,13.65,12.05,12.75,115400.0
2010-06-07 09:15:00,NSE:VLSFINANCE,12.15,13.0,12.05,12.25,54385.0
2010-06-14 09:15:00,NSE:VLSFINANCE,12.4,14.4,11.7,12.8,372021.0
2010-06-21 09:15:00,NSE:VLSFINANCE,12.9,13.75,12.3,12.95,158468.0
2010-06-28 09:15:00,NSE:VLSFINANCE,12.4,14.3,12.4,13.7,179534.0
2010-07-05 09:15:00,NSE:VLSFINANCE,13.8,15.4,13.4,14.15,477743.0
2010-07-12 09:15:00,NSE:VLSFINANCE,14.25,14.7,13.65,14.0,95261.0
2010-07-19 09:15:00,NSE:VLSFINANCE,14.5,15.2,13.4,14.25,266304.0
2010-07-26 09:15:00,NSE:VLSFINANCE,14.8,15.1,13.6,14.5,166612.0
2010-08-02 09:15:00,NSE:VLSFINANCE,14.25,17.950001,13.85,17.950001,667717.0
2010-08-09 09:15:00,NSE:VLSFINANCE,21.549999,30.25,18.200001,30.25,7593558.0
2010-08-16 09:15:00,NSE:VLSFINANCE,31.799999,32.950001,26.1,26.25,4552102.0
2010-08-23 09:15:00,NSE:VLSFINANCE,26.5,26.700001,21.85,21.9,2065551.0
2010-08-30 09:15:00,NSE:VLSFINANCE,22.049999,25.200001,21.4,25.200001,1133616.0
2010-09-06 09:15:00,NSE:VLSFINANCE,26.5,29.25,25.6,27.0,1723945.0
2010-09-13 09:15:00,NSE:VLSFINANCE,27.299999,27.9,23.9,24.25,1007741.0
2010-09-20 09:15:00,NSE:VLSFINANCE,24.25,24.9,21.700001,23.299999,811705.0
2010-09-27 09:15:00,NSE:VLSFINANCE,24.5,25.75,22.75,24.35,831235.0
2010-10-04 09:15:00,NSE:VLSFINANCE,25.6,25.6,22.25,22.6,644946.0
2010-10-11 09:15:00,NSE:VLSFINANCE,23.0,23.299999,21.5,22.1,341112.0
2010-10-18 09:15:00,NSE:VLSFINANCE,21.65,22.75,21.0,21.5,240043.0
2010-10-25 09:15:00,NSE:VLSFINANCE,21.9,23.4,21.6,21.75,390099.0
2010-11-01 09:15:00,NSE:VLSFINANCE,22.799999,22.799999,21.0,21.700001,230512.0
2010-11-08 09:15:00,NSE:VLSFINANCE,22.5,22.5,20.85,21.049999,284428.0
2010-11-15 09:15:00,NSE:VLSFINANCE,21.049999,21.4,17.950001,18.450001,305525.0
2010-11-22 09:15:00,NSE:VLSFINANCE,18.75,19.75,16.799999,17.5,200355.0
2010-11-29 09:15:00,NSE:VLSFINANCE,17.5,19.450001,16.0,17.549999,177185.0
2010-12-06 09:15:00,NSE:VLSFINANCE,17.1,21.299999,16.75,17.85,782548.0
2010-12-13 09:15:00,NSE:VLSFINANCE,17.049999,19.0,17.049999,17.9,122654.0
2010-12-20 09:15:00,NSE:VLSFINANCE,17.4,19.6,17.4,18.950001,161927.0
2010-12-27 09:15:00,NSE:VLSFINANCE,18.65,19.5,18.4,19.1,154013.0
2011-01-03 09:15:00,NSE:VLSFINANCE,19.049999,19.700001,17.299999,17.549999,136211.0
2011-01-10 09:15:00,NSE:VLSFINANCE,16.9,19.0,16.450001,16.950001,98320.0
2011-01-17 09:15:00,NSE:VLSFINANCE,17.549999,17.549999,15.55,16.200001,83392.0
2011-01-24 09:15:00,NSE:VLSFINANCE,16.1,16.6,15.2,15.2,70851.0
2011-01-31 09:15:00,NSE:VLSFINANCE,15.0,16.75,13.6,15.1,123688.0
2011-02-07 09:15:00,NSE:VLSFINANCE,14.75,15.3,11.9,13.2,173690.0
2011-02-14 09:15:00,NSE:VLSFINANCE,13.6,15.5,13.05,14.05,121432.0
2011-02-21 09:15:00,NSE:VLSFINANCE,14.5,14.6,12.9,13.0,59368.0
2011-02-28 09:15:00,NSE:VLSFINANCE,12.65,16.9,12.5,15.75,300776.0
2011-03-07 09:15:00,NSE:VLSFINANCE,15.8,16.9,14.8,15.75,135565.0
2011-03-14 09:15:00,NSE:VLSFINANCE,17.5,17.5,14.15,14.85,77553.0
2011-03-21 09:15:00,NSE:VLSFINANCE,14.35,15.25,14.3,15.05,110881.0
2011-03-28 09:15:00,NSE:VLSFINANCE,15.5,15.85,14.6,15.65,99991.0
2011-04-04 09:15:00,NSE:VLSFINANCE,16.0,21.25,15.85,18.6,664305.0
2011-04-11 09:15:00,NSE:VLSFINANCE,18.4,18.700001,17.0,17.549999,77117.0
2011-04-18 09:15:00,NSE:VLSFINANCE,17.1,17.85,16.700001,17.35,71283.0
2011-04-25 09:15:00,NSE:VLSFINANCE,17.6,17.6,15.2,16.4,57641.0
2011-05-02 09:15:00,NSE:VLSFINANCE,16.4,16.549999,14.5,14.85,84286.0
2011-05-09 09:15:00,NSE:VLSFINANCE,15.05,15.6,14.4,15.4,43983.0
2011-05-16 09:15:00,NSE:VLSFINANCE,15.15,17.35,13.2,15.65,131884.0
2011-05-23 09:15:00,NSE:VLSFINANCE,15.8,15.8,14.35,14.85,75326.0
2011-05-30 09:15:00,NSE:VLSFINANCE,15.05,16.35,14.15,14.8,54421.0
2011-06-06 09:15:00,NSE:VLSFINANCE,14.75,16.25,14.4,15.1,86361.0
2011-06-13 09:15:00,NSE:VLSFINANCE,15.0,16.450001,14.55,14.9,165545.0
2011-06-20 09:15:00,NSE:VLSFINANCE,14.8,15.0,12.8,14.0,92578.0
2011-06-27 09:15:00,NSE:VLSFINANCE,13.8,14.85,13.4,14.5,70172.0
2011-07-04 09:15:00,NSE:VLSFINANCE,16.0,16.0,14.2,14.2,75350.0
2011-07-11 09:15:00,NSE:VLSFINANCE,14.2,14.9,13.65,14.2,42322.0
2011-07-18 09:15:00,NSE:VLSFINANCE,14.15,14.75,13.7,13.9,88007.0
2011-07-25 09:15:00,NSE:VLSFINANCE,14.45,15.45,13.4,13.4,39783.0
2011-08-01 09:15:00,NSE:VLSFINANCE,13.25,14.2,11.8,12.0,143880.0
2011-08-08 09:15:00,NSE:VLSFINANCE,12.3,12.3,10.6,10.85,150482.0
2011-08-16 09:15:00,NSE:VLSFINANCE,10.85,11.25,9.35,9.9,78565.0
2011-08-22 09:15:00,NSE:VLSFINANCE,9.9,10.75,9.75,9.85,47519.0
2011-08-29 09:15:00,NSE:VLSFINANCE,10.2,12.9,10.2,11.55,164935.0
2011-09-05 09:15:00,NSE:VLSFINANCE,11.55,12.6,10.25,11.45,63021.0
2011-09-12 09:15:00,NSE:VLSFINANCE,11.5,11.7,10.55,11.15,41335.0
2011-09-19 09:15:00,NSE:VLSFINANCE,11.05,12.3,10.7,11.25,61461.0
2011-09-26 09:15:00,NSE:VLSFINANCE,11.0,11.9,10.8,11.15,47030.0
2011-10-03 09:15:00,NSE:VLSFINANCE,10.7,11.9,9.0,11.05,39097.0
2011-10-10 09:15:00,NSE:VLSFINANCE,11.55,11.95,10.95,11.5,48630.0
2011-10-17 09:15:00,NSE:VLSFINANCE,11.45,12.35,11.0,11.6,91768.0
2011-10-24 09:15:00,NSE:VLSFINANCE,12.0,12.0,11.15,11.55,24189.0
2011-10-31 09:15:00,NSE:VLSFINANCE,11.5,12.0,11.15,11.75,45269.0
2011-11-08 09:15:00,NSE:VLSFINANCE,11.85,12.0,11.05,11.3,16691.0
2011-11-14 09:15:00,NSE:VLSFINANCE,11.2,11.35,9.2,10.25,70773.0
2011-11-21 09:15:00,NSE:VLSFINANCE,10.5,11.0,9.5,9.9,60466.0
2011-11-28 09:15:00,NSE:VLSFINANCE,10.0,10.6,9.75,10.0,66222.0
2011-12-05 09:15:00,NSE:VLSFINANCE,10.1,10.45,8.2,9.7,52428.0
2011-12-12 09:15:00,NSE:VLSFINANCE,9.9,10.75,9.0,9.9,73498.0
2011-12-19 09:15:00,NSE:VLSFINANCE,10.1,10.1,9.5,9.7,74322.0
2011-12-26 09:15:00,NSE:VLSFINANCE,10.05,10.5,9.4,10.0,38476.0
2012-01-02 09:15:00,NSE:VLSFINANCE,10.0,10.5,9.9,10.2,28180.0
2012-01-09 09:15:00,NSE:VLSFINANCE,10.95,12.3,10.1,12.0,172113.0
2012-01-16 09:15:00,NSE:VLSFINANCE,12.0,14.5,11.5,12.45,149335.0
2012-01-23 09:15:00,NSE:VLSFINANCE,12.35,12.8,11.65,12.65,88126.0
2012-01-30 09:15:00,NSE:VLSFINANCE,12.8,14.9,12.15,14.6,137030.0
2012-02-06 09:15:00,NSE:VLSFINANCE,16.5,17.5,14.15,14.55,397460.0
2012-02-13 09:15:00,NSE:VLSFINANCE,14.7,14.8,14.1,14.35,94763.0
2012-02-21 09:15:00,NSE:VLSFINANCE,14.4,16.200001,14.15,15.05,180361.0
2012-02-27 09:15:00,NSE:VLSFINANCE,15.4,22.9,15.4,21.4,1931764.0
2012-03-05 09:15:00,NSE:VLSFINANCE,20.0,20.0,15.95,16.0,526263.0
2012-03-12 09:15:00,NSE:VLSFINANCE,16.1,16.4,14.7,14.75,345824.0
2012-03-19 09:15:00,NSE:VLSFINANCE,15.2,15.4,13.5,13.9,118585.0
2012-03-26 09:15:00,NSE:VLSFINANCE,14.05,14.05,11.9,13.25,207944.0
2012-04-02 09:15:00,NSE:VLSFINANCE,13.85,15.25,13.55,15.05,115935.0
2012-04-09 09:15:00,NSE:VLSFINANCE,14.8,15.25,13.65,14.05,109533.0
2012-04-16 09:15:00,NSE:VLSFINANCE,14.15,14.9,13.4,14.0,73788.0
2012-04-23 09:15:00,NSE:VLSFINANCE,14.3,14.5,12.65,13.3,54472.0
2012-04-30 09:15:00,NSE:VLSFINANCE,12.6,13.5,12.6,13.05,36301.0
2012-05-07 09:15:00,NSE:VLSFINANCE,12.8,13.95,12.6,12.95,69473.0
2012-05-14 09:15:00,NSE:VLSFINANCE,13.4,13.5,11.55,11.8,51420.0
2012-05-21 09:15:00,NSE:VLSFINANCE,12.0,12.55,11.55,12.3,22882.0
2012-05-28 09:15:00,NSE:VLSFINANCE,12.45,12.85,11.85,12.0,26159.0
2012-06-04 09:15:00,NSE:VLSFINANCE,11.5,12.45,10.85,12.05,93025.0
2012-06-11 09:15:00,NSE:VLSFINANCE,12.45,15.75,11.9,13.9,329034.0
2012-06-18 09:15:00,NSE:VLSFINANCE,13.25,13.75,12.2,13.05,61305.0
2012-06-25 09:15:00,NSE:VLSFINANCE,12.7,13.35,12.65,13.05,34732.0
2012-07-02 09:15:00,NSE:VLSFINANCE,13.0,13.7,12.8,13.35,59619.0
2012-07-09 09:15:00,NSE:VLSFINANCE,13.0,13.45,12.65,12.95,48228.0
2012-07-16 09:15:00,NSE:VLSFINANCE,12.9,14.0,12.55,12.6,247817.0
2012-07-23 09:15:00,NSE:VLSFINANCE,12.3,13.0,11.8,11.85,69085.0
2012-07-30 09:15:00,NSE:VLSFINANCE,11.0,12.45,11.0,12.0,59374.0
2012-08-06 09:15:00,NSE:VLSFINANCE,11.85,12.35,11.7,11.75,51565.0
2012-08-13 09:15:00,NSE:VLSFINANCE,11.8,13.25,11.7,13.25,76382.0
2012-08-21 09:15:00,NSE:VLSFINANCE,13.3,14.5,12.05,12.15,135402.0
2012-08-27 09:15:00,NSE:VLSFINANCE,12.5,12.7,11.9,12.1,52932.0
2012-09-03 09:15:00,NSE:VLSFINANCE,12.0,13.3,11.9,12.3,33424.0
2012-09-10 09:15:00,NSE:VLSFINANCE,12.3,14.1,11.8,12.7,192019.0
2012-09-17 09:15:00,NSE:VLSFINANCE,13.0,13.3,12.2,13.05,53865.0
2012-09-24 09:15:00,NSE:VLSFINANCE,13.05,14.2,12.7,13.3,90212.0
2012-10-01 09:15:00,NSE:VLSFINANCE,13.5,14.9,13.3,14.2,188274.0
2012-10-08 09:15:00,NSE:VLSFINANCE,14.0,16.0,13.3,13.6,55792.0
2012-10-15 09:15:00,NSE:VLSFINANCE,13.2,13.8,13.05,13.2,35942.0
2012-10-22 09:15:00,NSE:VLSFINANCE,13.05,13.4,12.85,13.2,40673.0
2012-10-29 09:15:00,NSE:VLSFINANCE,13.0,14.65,13.0,14.45,98444.0
2012-11-05 09:15:00,NSE:VLSFINANCE,15.2,15.2,13.65,14.15,98411.0
2012-11-12 09:15:00,NSE:VLSFINANCE,14.1,15.0,13.6,13.75,51712.0
2012-11-19 09:15:00,NSE:VLSFINANCE,13.8,13.9,12.15,12.8,60331.0
2012-11-26 09:15:00,NSE:VLSFINANCE,12.9,13.8,12.2,13.45,60765.0
2012-12-03 09:15:00,NSE:VLSFINANCE,13.3,14.5,13.2,13.9,55059.0
2012-12-10 09:15:00,NSE:VLSFINANCE,14.35,14.35,13.0,13.35,51033.0
2012-12-17 09:15:00,NSE:VLSFINANCE,13.4,16.85,12.8,14.35,404956.0
2012-12-24 09:15:00,NSE:VLSFINANCE,14.0,15.65,13.9,14.3,72235.0
2012-12-31 09:15:00,NSE:VLSFINANCE,14.4,17.4,14.35,16.950001,864564.0
2013-01-07 09:15:00,NSE:VLSFINANCE,17.0,17.200001,15.15,15.5,139120.0
2013-01-14 09:15:00,NSE:VLSFINANCE,15.5,15.95,14.85,15.05,112326.0
2013-01-21 09:15:00,NSE:VLSFINANCE,15.4,15.4,13.5,14.35,91324.0
2013-01-28 09:15:00,NSE:VLSFINANCE,14.0,14.8,13.45,13.95,27766.0
2013-02-04 09:15:00,NSE:VLSFINANCE,14.0,14.45,13.05,13.3,83432.0
2013-02-11 09:15:00,NSE:VLSFINANCE,13.0,13.55,12.4,12.6,52395.0
2013-02-18 09:15:00,NSE:VLSFINANCE,12.4,13.2,12.1,12.7,80352.0
2013-02-25 09:15:00,NSE:VLSFINANCE,12.7,12.95,11.2,11.9,22732.0
2013-03-04 09:15:00,NSE:VLSFINANCE,11.6,12.7,10.55,12.2,63653.0
2013-03-11 09:15:00,NSE:VLSFINANCE,12.1,12.7,11.3,11.3,46582.0
2013-03-18 09:15:00,NSE:VLSFINANCE,11.6,11.6,9.55,10.0,86162.0
2013-03-25 09:15:00,NSE:VLSFINANCE,10.55,10.55,8.7,9.8,28574.0
2013-04-01 09:15:00,NSE:VLSFINANCE,9.75,11.45,9.65,10.9,34338.0
2013-04-08 09:15:00,NSE:VLSFINANCE,10.5,11.6,9.25,11.1,59935.0
2013-04-15 09:15:00,NSE:VLSFINANCE,11.0,11.45,10.5,11.15,32789.0
2013-04-22 09:15:00,NSE:VLSFINANCE,11.1,11.8,10.7,11.35,39480.0
2013-04-29 09:15:00,NSE:VLSFINANCE,11.35,11.4,10.4,10.55,23374.0
2013-05-06 09:15:00,NSE:VLSFINANCE,10.45,11.7,10.1,10.3,57820.0
2013-05-13 09:15:00,NSE:VLSFINANCE,9.75,11.1,9.75,10.4,57699.0
2013-05-20 09:15:00,NSE:VLSFINANCE,10.3,10.6,9.15,10.0,51746.0
2013-05-27 09:15:00,NSE:VLSFINANCE,10.25,10.35,9.15,9.6,43480.0
2013-06-03 09:15:00,NSE:VLSFINANCE,9.8,10.0,9.15,9.7,34794.0
2013-06-10 09:15:00,NSE:VLSFINANCE,9.65,9.9,7.4,9.05,64957.0
2013-06-17 09:15:00,NSE:VLSFINANCE,9.75,10.3,8.15,8.15,36684.0
2013-06-24 09:15:00,NSE:VLSFINANCE,8.25,9.9,7.75,9.85,120496.0
2013-07-01 09:15:00,NSE:VLSFINANCE,9.7,10.0,9.25,9.9,34831.0
2013-07-08 09:15:00,NSE:VLSFINANCE,9.65,10.65,8.65,10.15,88819.0
2013-07-15 09:15:00,NSE:VLSFINANCE,10.0,10.3,9.1,9.2,64605.0
2013-07-22 09:15:00,NSE:VLSFINANCE,9.3,9.5,8.25,9.25,46471.0
2013-07-29 09:15:00,NSE:VLSFINANCE,9.0,10.55,8.25,8.85,105282.0
2013-08-05 09:15:00,NSE:VLSFINANCE,9.0,11.15,8.75,9.3,171350.0
2013-08-12 09:15:00,NSE:VLSFINANCE,9.5,10.25,9.2,9.2,68063.0
2013-08-19 09:15:00,NSE:VLSFINANCE,9.65,10.0,9.2,9.95,53894.0
2013-08-26 09:15:00,NSE:VLSFINANCE,9.7,10.15,9.3,10.0,97558.0
2013-09-02 09:15:00,NSE:VLSFINANCE,9.8,10.35,9.75,9.9,62679.0
2013-09-10 09:15:00,NSE:VLSFINANCE,9.9,12.6,9.8,11.3,350122.0
2013-09-16 09:15:00,NSE:VLSFINANCE,11.35,11.45,9.75,10.5,100108.0
2013-09-23 09:15:00,NSE:VLSFINANCE,10.6,12.6,10.3,10.85,152045.0
2013-09-30 09:15:00,NSE:VLSFINANCE,10.65,10.9,10.05,10.25,91034.0
2013-10-07 09:15:00,NSE:VLSFINANCE,10.45,10.95,10.2,10.55,71201.0
2013-10-14 09:15:00,NSE:VLSFINANCE,10.7,11.8,10.4,11.25,34688.0
2013-10-21 09:15:00,NSE:VLSFINANCE,11.0,12.5,10.55,11.2,182177.0
2013-10-28 09:15:00,NSE:VLSFINANCE,11.1,12.0,10.3,11.25,52852.0
2013-11-05 09:15:00,NSE:VLSFINANCE,11.45,12.85,11.35,11.65,99974.0
2013-11-11 09:15:00,NSE:VLSFINANCE,11.65,11.95,11.0,11.0,21724.0
2013-11-18 09:15:00,NSE:VLSFINANCE,11.15,11.4,10.35,10.45,32064.0
2013-11-25 09:15:00,NSE:VLSFINANCE,10.9,11.9,10.55,11.25,123352.0
2013-12-02 09:15:00,NSE:VLSFINANCE,11.65,13.5,10.8,12.6,404703.0
2013-12-09 09:15:00,NSE:VLSFINANCE,13.1,14.15,12.65,13.8,942595.0
2013-12-16 09:15:00,NSE:VLSFINANCE,13.7,14.2,13.15,13.95,234806.0
2013-12-23 09:15:00,NSE:VLSFINANCE,14.0,14.4,12.8,13.75,114535.0
2013-12-30 09:15:00,NSE:VLSFINANCE,13.65,13.75,12.65,13.3,20484.0
2014-01-06 09:15:00,NSE:VLSFINANCE,13.0,14.2,13.0,13.75,76387.0
2014-01-13 09:15:00,NSE:VLSFINANCE,14.0,14.4,13.2,13.7,71244.0
2014-01-20 09:15:00,NSE:VLSFINANCE,13.95,14.25,13.5,13.6,47891.0
2014-01-27 09:15:00,NSE:VLSFINANCE,13.5,13.5,11.8,12.45,27684.0
2014-02-03 09:15:00,NSE:VLSFINANCE,12.35,13.45,11.9,12.6,20999.0
2014-02-10 09:15:00,NSE:VLSFINANCE,12.35,13.0,12.2,12.55,21676.0
2014-02-17 09:15:00,NSE:VLSFINANCE,12.2,13.5,12.2,12.3,29521.0
2014-02-24 09:15:00,NSE:VLSFINANCE,12.9,13.4,12.25,12.9,27101.0
2014-03-03 09:15:00,NSE:VLSFINANCE,13.45,13.55,12.6,12.7,142473.0
2014-03-10 09:15:00,NSE:VLSFINANCE,12.05,12.95,12.0,12.3,95110.0
2014-03-18 09:15:00,NSE:VLSFINANCE,12.9,13.15,12.15,12.85,64877.0
2014-03-24 09:15:00,NSE:VLSFINANCE,13.65,13.85,12.4,13.7,80295.0
2014-03-31 09:15:00,NSE:VLSFINANCE,12.65,15.7,12.6,15.55,136404.0
2014-04-07 09:15:00,NSE:VLSFINANCE,16.0,17.4,15.3,15.7,246687.0
2014-04-15 09:15:00,NSE:VLSFINANCE,15.0,15.65,14.1,14.5,35238.0
2014-04-21 09:15:00,NSE:VLSFINANCE,15.15,15.6,14.05,14.05,75052.0
2014-04-28 09:15:00,NSE:VLSFINANCE,13.65,14.95,13.65,14.25,34837.0
2014-05-05 09:15:00,NSE:VLSFINANCE,14.7,14.7,13.4,13.45,51231.0
2014-05-12 09:15:00,NSE:VLSFINANCE,13.85,14.25,13.3,13.7,117385.0
2014-05-19 09:15:00,NSE:VLSFINANCE,13.9,17.299999,13.3,17.15,258020.0
2014-05-26 09:15:00,NSE:VLSFINANCE,17.0,17.9,15.15,16.049999,210407.0
2014-06-02 09:15:00,NSE:VLSFINANCE,16.75,18.950001,15.8,18.950001,212746.0
2014-06-09 09:15:00,NSE:VLSFINANCE,19.799999,19.85,17.200001,17.25,417420.0
2014-06-16 09:15:00,NSE:VLSFINANCE,16.799999,20.950001,16.799999,19.35,632438.0
2014-06-23 09:15:00,NSE:VLSFINANCE,19.0,23.25,18.6,23.25,526952.0
2014-06-30 09:15:00,NSE:VLSFINANCE,24.4,26.85,23.25,25.200001,407737.0
2014-07-07 09:15:00,NSE:VLSFINANCE,25.6,25.6,20.700001,21.35,182476.0
2014-07-14 09:15:00,NSE:VLSFINANCE,21.85,22.700001,20.299999,21.85,97765.0
2014-07-21 09:15:00,NSE:VLSFINANCE,20.9,22.75,20.9,21.549999,99743.0
2014-07-28 09:15:00,NSE:VLSFINANCE,21.0,22.25,20.5,20.5,91855.0
2014-08-04 09:15:00,NSE:VLSFINANCE,20.5,21.450001,19.6,19.65,74430.0
2014-08-11 09:15:00,NSE:VLSFINANCE,20.0,20.799999,18.700001,19.35,63543.0
2014-08-18 09:15:00,NSE:VLSFINANCE,19.6,21.700001,18.950001,21.700001,46427.0
2014-08-25 09:15:00,NSE:VLSFINANCE,22.75,22.75,21.0,21.65,126352.0
2014-09-01 09:15:00,NSE:VLSFINANCE,21.450001,21.5,19.799999,20.6,107318.0
2014-09-08 09:15:00,NSE:VLSFINANCE,20.0,26.450001,20.0,24.700001,354814.0
2014-09-15 09:15:00,NSE:VLSFINANCE,23.15,28.450001,23.15,26.0,483626.0
2014-09-22 09:15:00,NSE:VLSFINANCE,26.950001,30.450001,24.9,25.85,376635.0
2014-09-29 09:15:00,NSE:VLSFINANCE,26.0,28.700001,26.0,27.299999,185559.0
2014-10-07 09:15:00,NSE:VLSFINANCE,27.0,31.0,25.299999,28.700001,245030.0
2014-10-13 09:15:00,NSE:VLSFINANCE,30.799999,31.5,26.450001,27.85,314525.0
2014-10-20 09:15:00,NSE:VLSFINANCE,28.5,28.950001,26.5,27.85,58036.0
2014-10-27 09:15:00,NSE:VLSFINANCE,28.0,29.65,26.25,28.9,159980.0
2014-11-03 09:15:00,NSE:VLSFINANCE,27.549999,30.9,27.0,28.299999,128090.0
2014-11-10 09:15:00,NSE:VLSFINANCE,28.9,32.5,28.1,30.450001,454801.0
2014-11-17 09:15:00,NSE:VLSFINANCE,29.35,31.0,26.9,27.5,143073.0
2014-11-24 09:15:00,NSE:VLSFINANCE,29.0,29.4,25.15,28.1,134700.0
2014-12-01 09:15:00,NSE:VLSFINANCE,27.5,27.85,25.75,26.299999,124067.0
2014-12-08 09:15:00,NSE:VLSFINANCE,26.35,27.35,24.25,25.049999,80643.0
2014-12-15 09:15:00,NSE:VLSFINANCE,25.6,25.6,20.549999,24.65,72714.0
2014-12-22 09:15:00,NSE:VLSFINANCE,24.4,25.0,21.549999,22.5,123005.0
2014-12-29 09:15:00,NSE:VLSFINANCE,22.6,26.0,22.6,24.950001,85985.0
2015-01-05 09:15:00,NSE:VLSFINANCE,24.799999,37.200001,24.799999,37.200001,2110935.0
2015-01-12 09:15:00,NSE:VLSFINANCE,38.299999,46.200001,35.0,46.200001,2487864.0
2015-01-19 09:15:00,NSE:VLSFINANCE,47.400002,52.799999,41.5,42.75,1913135.0
2015-01-27 09:15:00,NSE:VLSFINANCE,42.299999,43.400002,37.299999,41.049999,655158.0
2015-02-02 09:15:00,NSE:VLSFINANCE,40.950001,43.599998,36.549999,36.599998,640808.0
2015-02-09 09:15:00,NSE:VLSFINANCE,37.0,42.549999,33.700001,42.549999,522791.0
2015-02-16 09:15:00,NSE:VLSFINANCE,44.450001,44.450001,37.650002,38.299999,456800.0
2015-02-23 09:15:00,NSE:VLSFINANCE,38.549999,39.700001,34.5,36.75,402924.0
2015-03-02 09:15:00,NSE:VLSFINANCE,36.549999,38.299999,32.150002,32.599998,233708.0
2015-03-09 09:15:00,NSE:VLSFINANCE,32.799999,35.900002,29.65,32.849998,375887.0
2015-03-16 09:15:00,NSE:VLSFINANCE,32.349998,36.5,30.0,35.200001,335690.0
2015-03-23 09:15:00,NSE:VLSFINANCE,34.799999,36.150002,33.700001,34.599998,325172.0
2015-03-30 09:15:00,NSE:VLSFINANCE,35.400002,38.099998,34.200001,38.099998,137748.0
2015-04-06 09:15:00,NSE:VLSFINANCE,39.700001,44.75,37.5,41.5,878423.0
2015-04-13 09:15:00,NSE:VLSFINANCE,42.0,43.450001,37.950001,39.5,215575.0
2015-04-20 09:15:00,NSE:VLSFINANCE,40.700001,41.0,35.0,36.299999,103900.0
2015-04-27 09:15:00,NSE:VLSFINANCE,36.150002,36.25,33.099998,34.950001,113949.0
2015-05-04 09:15:00,NSE:VLSFINANCE,36.5,38.599998,34.049999,35.150002,102894.0
2015-05-11 09:15:00,NSE:VLSFINANCE,36.049999,44.900002,36.049999,39.0,583247.0
2015-05-18 09:15:00,NSE:VLSFINANCE,38.950001,43.400002,38.099998,39.349998,196072.0
2015-05-25 09:15:00,NSE:VLSFINANCE,39.150002,42.5,38.25,38.75,177558.0
2015-06-01 09:15:00,NSE:VLSFINANCE,39.349998,39.400002,31.549999,34.849998,132962.0
2015-06-08 09:15:00,NSE:VLSFINANCE,35.950001,35.950001,32.700001,33.599998,84533.0
2015-06-15 09:15:00,NSE:VLSFINANCE,33.599998,35.950001,32.700001,34.900002,113484.0
2015-06-22 09:15:00,NSE:VLSFINANCE,35.450001,48.150002,34.650002,47.900002,1057163.0
2015-06-29 09:15:00,NSE:VLSFINANCE,45.5,53.700001,41.0,47.099998,1724292.0
2015-07-06 09:15:00,NSE:VLSFINANCE,46.5,51.799999,46.049999,47.200001,640812.0
2015-07-13 09:15:00,NSE:VLSFINANCE,47.25,49.700001,45.849998,46.25,204293.0
2015-07-20 09:15:00,NSE:VLSFINANCE,47.0,51.400002,44.099998,51.400002,543194.0
2015-07-27 09:15:00,NSE:VLSFINANCE,51.0,61.849998,50.299999,55.400002,2223494.0
2015-08-03 09:15:00,NSE:VLSFINANCE,55.099998,58.150002,52.5,53.349998,558298.0
2015-08-10 09:15:00,NSE:VLSFINANCE,53.150002,56.0,51.0,51.700001,533071.0
2015-08-17 09:15:00,NSE:VLSFINANCE,50.549999,53.099998,47.5,48.650002,359712.0
2015-08-24 09:15:00,NSE:VLSFINANCE,46.25,46.25,39.75,40.349998,288822.0
2015-08-31 09:15:00,NSE:VLSFINANCE,39.900002,41.299999,35.650002,37.099998,510932.0
2015-09-07 09:15:00,NSE:VLSFINANCE,36.0,38.200001,34.25,36.900002,244614.0
2015-09-14 09:15:00,NSE:VLSFINANCE,36.599998,37.799999,34.099998,35.75,113269.0
2015-09-21 09:15:00,NSE:VLSFINANCE,35.299999,39.200001,35.049999,38.099998,144646.0
2015-09-28 09:15:00,NSE:VLSFINANCE,38.0,38.950001,35.549999,36.5,73951.0
2015-10-05 09:15:00,NSE:VLSFINANCE,36.0,46.349998,36.0,42.900002,371732.0
2015-10-12 09:15:00,NSE:VLSFINANCE,43.200001,44.0,39.650002,39.849998,127968.0
2015-10-19 09:15:00,NSE:VLSFINANCE,38.549999,41.75,38.0,38.450001,77141.0
2015-10-26 09:15:00,NSE:VLSFINANCE,40.200001,42.450001,37.299999,41.950001,240015.0
2015-11-02 09:15:00,NSE:VLSFINANCE,42.900002,44.5,39.5,39.950001,148157.0
2015-11-09 09:15:00,NSE:VLSFINANCE,39.650002,40.950001,37.400002,38.5,66254.0
2015-11-16 09:15:00,NSE:VLSFINANCE,38.650002,47.299999,38.650002,43.349998,510395.0
2015-11-23 09:15:00,NSE:VLSFINANCE,43.200001,45.25,42.0,42.450001,132240.0
2015-11-30 09:15:00,NSE:VLSFINANCE,43.0,45.0,39.900002,40.099998,145009.0
2015-12-07 09:15:00,NSE:VLSFINANCE,41.150002,43.549999,38.599998,40.0,138265.0
2015-12-14 09:15:00,NSE:VLSFINANCE,40.099998,44.400002,38.799999,41.450001,196291.0
2015-12-21 09:15:00,NSE:VLSFINANCE,41.900002,42.700001,40.400002,41.599998,94908.0
2015-12-28 09:15:00,NSE:VLSFINANCE,42.0,49.900002,41.450001,46.900002,1222428.0
2016-01-04 09:15:00,NSE:VLSFINANCE,46.599998,47.900002,42.25,43.75,154228.0
2016-01-11 09:15:00,NSE:VLSFINANCE,43.0,44.700001,37.099998,37.900002,268592.0
2016-01-18 09:15:00,NSE:VLSFINANCE,38.5,38.5,34.299999,35.099998,186080.0
2016-01-25 09:15:00,NSE:VLSFINANCE,34.5,36.799999,33.25,35.900002,40333.0
2016-02-01 09:15:00,NSE:VLSFINANCE,36.099998,37.150002,34.5,34.599998,61202.0
2016-02-08 09:15:00,NSE:VLSFINANCE,34.5,35.049999,28.5,31.0,154395.0
2016-02-15 09:15:00,NSE:VLSFINANCE,31.200001,35.400002,30.6,32.75,120432.0
2016-02-22 09:15:00,NSE:VLSFINANCE,32.0,33.5,30.1,30.35,39858.0
2016-02-29 09:15:00,NSE:VLSFINANCE,30.0,33.5,30.0,33.0,47904.0
2016-03-08 09:15:00,NSE:VLSFINANCE,33.25,33.25,31.799999,32.049999,30381.0
2016-03-14 09:15:00,NSE:VLSFINANCE,32.0,32.5,29.6,29.950001,75468.0
2016-03-21 09:15:00,NSE:VLSFINANCE,30.35,33.25,29.1,30.65,377540.0
2016-03-28 09:15:00,NSE:VLSFINANCE,30.6,34.799999,28.25,32.349998,420080.0
2016-04-04 09:15:00,NSE:VLSFINANCE,32.0,43.700001,31.25,39.450001,1719085.0
2016-04-11 09:15:00,NSE:VLSFINANCE,39.049999,41.849998,38.0,39.5,108748.0
2016-04-18 09:15:00,NSE:VLSFINANCE,39.0,42.0,38.200001,39.650002,167607.0
2016-04-25 09:15:00,NSE:VLSFINANCE,40.700001,40.799999,36.799999,37.950001,168256.0
2016-05-02 09:15:00,NSE:VLSFINANCE,37.0,38.700001,36.450001,36.900002,85822.0
2016-05-09 09:15:00,NSE:VLSFINANCE,37.75,40.0,36.849998,38.849998,151693.0
2016-05-16 09:15:00,NSE:VLSFINANCE,38.599998,44.299999,38.150002,41.549999,653899.0
2016-05-23 09:15:00,NSE:VLSFINANCE,41.650002,44.0,38.0,42.799999,533534.0
2016-05-30 09:15:00,NSE:VLSFINANCE,42.400002,44.25,40.049999,42.849998,548825.0
2016-06-06 09:15:00,NSE:VLSFINANCE,42.650002,52.400002,42.650002,46.700001,2363678.0
2016-06-13 09:15:00,NSE:VLSFINANCE,46.650002,47.349998,43.900002,45.25,371319.0
2016-06-20 09:15:00,NSE:VLSFINANCE,45.0,46.900002,40.799999,42.950001,209239.0
2016-06-27 09:15:00,NSE:VLSFINANCE,43.0,51.0,43.0,47.599998,705862.0
2016-07-04 09:15:00,NSE:VLSFINANCE,48.0,48.5,46.150002,46.400002,183090.0
2016-07-11 09:15:00,NSE:VLSFINANCE,46.75,51.299999,45.099998,47.700001,341314.0
2016-07-18 09:15:00,NSE:VLSFINANCE,47.849998,51.900002,46.650002,49.700001,639770.0
2016-07-25 09:15:00,NSE:VLSFINANCE,50.5,57.400002,48.0,53.849998,1657025.0
2016-08-01 09:15:00,NSE:VLSFINANCE,61.5,62.900002,50.5,52.650002,1125431.0
2016-08-08 09:15:00,NSE:VLSFINANCE,53.400002,68.599998,53.400002,62.0,3315152.0
2016-08-16 09:15:00,NSE:VLSFINANCE,61.099998,65.699997,59.099998,63.650002,755832.0
2016-08-22 09:15:00,NSE:VLSFINANCE,64.0,84.099998,63.450001,74.849998,4401998.0
2016-08-29 09:15:00,NSE:VLSFINANCE,75.599998,84.900002,71.599998,82.699997,3014186.0
2016-09-06 09:15:00,NSE:VLSFINANCE,82.0,86.400002,78.300003,80.099998,2649990.0
2016-09-12 09:15:00,NSE:VLSFINANCE,78.0,80.5,73.650002,75.300003,1185361.0
2016-09-19 09:15:00,NSE:VLSFINANCE,76.199997,79.0,73.75,74.800003,1178987.0
2016-09-26 09:15:00,NSE:VLSFINANCE,74.5,76.849998,62.0,68.5,1330583.0
2016-10-03 09:15:00,NSE:VLSFINANCE,69.699997,76.0,69.150002,70.800003,1202578.0
2016-10-10 09:15:00,NSE:VLSFINANCE,71.400002,73.5,69.0,70.349998,314641.0
2016-10-17 09:15:00,NSE:VLSFINANCE,71.150002,75.300003,69.599998,72.75,848338.0
2016-10-24 09:15:00,NSE:VLSFINANCE,73.0,79.800003,70.099998,75.599998,1438643.0
2016-11-01 09:15:00,NSE:VLSFINANCE,76.800003,78.849998,66.0,66.5,563543.0
2016-11-07 09:15:00,NSE:VLSFINANCE,68.800003,70.400002,54.0,62.900002,466627.0
2016-11-15 09:15:00,NSE:VLSFINANCE,56.900002,57.349998,50.349998,51.299999,420198.0
2016-11-21 09:15:00,NSE:VLSFINANCE,50.299999,54.450001,44.200001,54.099998,360733.0
2016-11-28 09:15:00,NSE:VLSFINANCE,54.049999,55.700001,48.700001,50.349998,757560.0
2016-12-05 09:15:00,NSE:VLSFINANCE,50.700001,53.0,49.049999,51.950001,189104.0
2016-12-12 09:15:00,NSE:VLSFINANCE,51.25,53.950001,50.049999,52.0,170116.0
2016-12-19 09:15:00,NSE:VLSFINANCE,52.0,52.450001,48.099998,48.650002,255965.0
2016-12-26 09:15:00,NSE:VLSFINANCE,48.950001,49.299999,45.400002,47.849998,150625.0
2017-01-02 09:15:00,NSE:VLSFINANCE,48.150002,60.0,47.5,56.549999,892668.0
2017-01-09 09:15:00,NSE:VLSFINANCE,57.049999,58.150002,53.150002,55.299999,117284.0
2017-01-16 09:15:00,NSE:VLSFINANCE,55.549999,57.299999,53.25,53.900002,97548.0
2017-01-23 09:15:00,NSE:VLSFINANCE,55.400002,58.0,53.799999,56.450001,199353.0
2017-01-30 09:15:00,NSE:VLSFINANCE,56.200001,57.0,52.549999,55.450001,181880.0
2017-02-06 09:15:00,NSE:VLSFINANCE,55.900002,61.950001,55.900002,58.849998,484686.0
2017-02-13 09:15:00,NSE:VLSFINANCE,60.400002,60.799999,53.0,54.450001,269509.0
2017-02-20 09:15:00,NSE:VLSFINANCE,54.799999,59.0,54.799999,55.900002,179076.0
2017-02-27 09:15:00,NSE:VLSFINANCE,56.450001,62.400002,54.200001,60.200001,732408.0
2017-03-06 09:15:00,NSE:VLSFINANCE,60.900002,66.349998,59.099998,60.150002,734115.0
2017-03-14 09:15:00,NSE:VLSFINANCE,61.0,68.5,60.200001,64.25,786561.0
2017-03-20 09:15:00,NSE:VLSFINANCE,64.900002,66.800003,60.700001,61.049999,352719.0
2017-03-27 09:15:00,NSE:VLSFINANCE,61.0,64.800003,59.900002,61.900002,386815.0
2017-04-03 09:15:00,NSE:VLSFINANCE,62.700001,65.5,61.400002,63.200001,360417.0
2017-04-10 09:15:00,NSE:VLSFINANCE,65.0,65.0,61.5,62.450001,260114.0
2017-04-17 09:15:00,NSE:VLSFINANCE,62.0,69.0,61.400002,67.099998,1473989.0
2017-04-24 09:15:00,NSE:VLSFINANCE,67.75,74.0,64.0,65.25,1709527.0
2017-05-02 09:15:00,NSE:VLSFINANCE,66.199997,67.849998,63.0,64.800003,545505.0
2017-05-08 09:15:00,NSE:VLSFINANCE,65.349998,79.25,65.349998,71.400002,2407330.0
2017-05-15 09:15:00,NSE:VLSFINANCE,72.050003,76.199997,65.5,66.599998,570514.0
2017-05-22 09:15:00,NSE:VLSFINANCE,67.550003,67.849998,60.950001,63.799999,311870.0
2017-05-29 09:15:00,NSE:VLSFINANCE,65.599998,67.800003,62.5,66.75,386950.0
2017-06-05 09:15:00,NSE:VLSFINANCE,67.449997,69.599998,64.099998,65.050003,351907.0
2017-06-12 09:15:00,NSE:VLSFINANCE,65.949997,68.699997,63.5,67.099998,365179.0
2017-06-19 09:15:00,NSE:VLSFINANCE,67.650002,67.800003,62.700001,63.400002,239620.0
2017-06-27 09:15:00,NSE:VLSFINANCE,63.349998,65.300003,61.400002,62.75,151402.0
2017-07-03 09:15:00,NSE:VLSFINANCE,63.900002,70.599998,62.700001,67.5,683744.0
2017-07-10 09:15:00,NSE:VLSFINANCE,67.400002,73.699997,66.099998,69.75,732737.0
2017-07-17 09:15:00,NSE:VLSFINANCE,70.050003,71.75,67.25,69.550003,334032.0
2017-07-24 09:15:00,NSE:VLSFINANCE,69.150002,74.650002,67.550003,70.400002,1053015.0
2017-07-31 09:15:00,NSE:VLSFINANCE,70.949997,75.150002,63.599998,66.349998,944473.0
2017-08-07 09:15:00,NSE:VLSFINANCE,67.050003,70.0,57.0,58.849998,557290.0
2017-08-14 09:15:00,NSE:VLSFINANCE,59.5,63.450001,59.200001,61.299999,166829.0
2017-08-21 09:15:00,NSE:VLSFINANCE,62.299999,67.150002,61.75,62.950001,661158.0
2017-08-28 09:15:00,NSE:VLSFINANCE,62.950001,71.800003,61.75,69.300003,968571.0
2017-09-04 09:15:00,NSE:VLSFINANCE,69.25,83.949997,66.150002,78.849998,3488518.0
2017-09-11 09:15:00,NSE:VLSFINANCE,79.900002,90.0,77.400002,81.949997,4414971.0
2017-09-18 09:15:00,NSE:VLSFINANCE,82.849998,87.849998,76.800003,77.699997,2373950.0
2017-09-25 09:15:00,NSE:VLSFINANCE,77.150002,78.0,70.050003,71.0,746404.0
2017-10-03 09:15:00,NSE:VLSFINANCE,72.050003,85.0,68.75,83.650002,2574460.0
2017-10-09 09:15:00,NSE:VLSFINANCE,82.300003,99.599998,80.5,91.75,7036744.0
2017-10-16 09:15:00,NSE:VLSFINANCE,92.599998,95.300003,88.0,88.5,1282362.0
2017-10-23 09:15:00,NSE:VLSFINANCE,89.0,92.699997,82.5,84.050003,994918.0
2017-10-30 09:15:00,NSE:VLSFINANCE,84.800003,94.949997,84.099998,90.75,1938951.0
2017-11-06 09:15:00,NSE:VLSFINANCE,90.199997,90.199997,82.550003,83.099998,626965.0
2017-11-13 09:15:00,NSE:VLSFINANCE,83.099998,87.949997,78.050003,83.550003,966965.0
2017-11-20 09:15:00,NSE:VLSFINANCE,83.75,97.75,83.099998,90.199997,3030703.0
2017-11-27 09:15:00,NSE:VLSFINANCE,90.650002,102.85,90.199997,91.849998,4520117.0
2017-12-04 09:15:00,NSE:VLSFINANCE,92.050003,93.75,87.300003,91.199997,850960.0
2017-12-11 09:15:00,NSE:VLSFINANCE,92.800003,94.349998,85.599998,91.349998,910830.0
2017-12-18 09:15:00,NSE:VLSFINANCE,89.5,104.8,85.0,99.650002,4100820.0
2017-12-26 09:15:00,NSE:VLSFINANCE,99.849998,100.95,94.5,95.650002,931689.0
2018-01-01 09:15:00,NSE:VLSFINANCE,95.650002,99.400002,91.699997,95.650002,1237840.0
2018-01-08 09:15:00,NSE:VLSFINANCE,96.400002,98.349998,93.0,94.050003,767790.0
2018-01-15 09:15:00,NSE:VLSFINANCE,94.25,96.349998,84.949997,86.699997,654768.0
2018-01-22 09:15:00,NSE:VLSFINANCE,87.75,92.5,85.5,90.75,681430.0
2018-01-29 09:15:00,NSE:VLSFINANCE,94.25,97.900002,80.050003,82.400002,1185107.0
2018-02-05 09:15:00,NSE:VLSFINANCE,77.099998,86.199997,74.550003,82.800003,663107.0
2018-02-12 09:15:00,NSE:VLSFINANCE,84.25,87.449997,79.800003,80.550003,244681.0
2018-02-19 09:15:00,NSE:VLSFINANCE,80.050003,80.550003,76.099998,79.550003,198042.0
2018-02-26 09:15:00,NSE:VLSFINANCE,79.550003,82.449997,77.0,77.5,131971.0
2018-03-05 09:15:00,NSE:VLSFINANCE,77.550003,78.75,67.199997,71.849998,280000.0
2018-03-12 09:15:00,NSE:VLSFINANCE,73.25,76.050003,70.150002,74.75,279033.0
2018-03-19 09:15:00,NSE:VLSFINANCE,75.349998,75.349998,66.550003,68.199997,225209.0
2018-03-26 09:15:00,NSE:VLSFINANCE,66.349998,68.349998,65.0,66.349998,245148.0
2018-04-02 09:15:00,NSE:VLSFINANCE,66.599998,84.349998,66.599998,81.199997,602518.0
2018-04-09 09:15:00,NSE:VLSFINANCE,80.300003,82.400002,75.800003,77.800003,161788.0
2018-04-16 09:15:00,NSE:VLSFINANCE,77.0,81.949997,76.800003,77.949997,182269.0
2018-04-23 09:15:00,NSE:VLSFINANCE,77.300003,82.0,76.949997,79.0,178186.0
2018-04-30 09:15:00,NSE:VLSFINANCE,78.150002,80.949997,75.050003,75.349998,106390.0
2018-05-07 09:15:00,NSE:VLSFINANCE,75.099998,88.050003,72.199997,81.349998,1223761.0
2018-05-14 09:15:00,NSE:VLSFINANCE,81.949997,85.849998,74.300003,75.400002,694524.0
2018-05-21 09:15:00,NSE:VLSFINANCE,73.699997,77.300003,71.25,72.400002,430056.0
2018-05-28 09:15:00,NSE:VLSFINANCE,72.25,77.0,71.800003,72.550003,498993.0
2018-06-04 09:15:00,NSE:VLSFINANCE,72.449997,73.949997,65.800003,68.900002,256220.0
2018-06-11 09:15:00,NSE:VLSFINANCE,70.849998,73.5,68.0,68.800003,164527.0
2018-06-18 09:15:00,NSE:VLSFINANCE,69.550003,83.0,67.5,70.650002,2301978.0
2018-06-25 09:15:00,NSE:VLSFINANCE,70.050003,71.650002,65.300003,66.75,227574.0
2018-07-02 09:15:00,NSE:VLSFINANCE,66.949997,67.199997,63.900002,65.25,166387.0
2018-07-09 09:15:00,NSE:VLSFINANCE,65.150002,71.300003,64.800003,67.599998,207358.0
2018-07-16 09:15:00,NSE:VLSFINANCE,68.449997,68.599998,62.5,64.150002,211024.0
2018-07-23 09:15:00,NSE:VLSFINANCE,64.550003,71.849998,64.199997,69.550003,297500.0
2018-07-30 09:15:00,NSE:VLSFINANCE,70.449997,82.0,68.550003,79.400002,1476633.0
2018-08-06 09:15:00,NSE:VLSFINANCE,80.199997,88.400002,79.199997,80.0,1481111.0
2018-08-13 09:15:00,NSE:VLSFINANCE,79.900002,80.699997,74.25,77.400002,290519.0
2018-08-20 09:15:00,NSE:VLSFINANCE,77.150002,87.150002,76.599998,79.800003,474913.0
2018-08-27 09:15:00,NSE:VLSFINANCE,81.25,82.349998,78.0,80.050003,270921.0
2018-09-03 09:15:00,NSE:VLSFINANCE,80.900002,80.900002,74.199997,76.5,197143.0
2018-09-10 09:15:00,NSE:VLSFINANCE,78.25,78.25,72.300003,74.550003,131282.0
2018-09-17 09:15:00,NSE:VLSFINANCE,75.550003,75.699997,60.5,68.449997,209426.0
2018-09-24 09:15:00,NSE:VLSFINANCE,69.949997,69.949997,59.700001,60.200001,216337.0
2018-10-01 09:15:00,NSE:VLSFINANCE,60.200001,61.200001,55.400002,57.0,152240.0
2018-10-08 09:15:00,NSE:VLSFINANCE,56.25,57.400002,45.75,55.400002,503072.0
2018-10-15 09:15:00,NSE:VLSFINANCE,54.5,63.25,53.700001,55.200001,187814.0
2018-10-22 09:15:00,NSE:VLSFINANCE,54.5,61.0,53.799999,54.650002,158438.0
2018-10-29 09:15:00,NSE:VLSFINANCE,55.75,63.799999,53.5,61.700001,165850.0
2018-11-05 09:15:00,NSE:VLSFINANCE,61.0,63.25,60.0,61.299999,54428.0
2018-11-12 09:15:00,NSE:VLSFINANCE,62.0,62.0,58.0,58.599998,91470.0
2018-11-19 09:15:00,NSE:VLSFINANCE,60.0,60.0,51.950001,55.900002,82888.0
2018-11-26 09:15:00,NSE:VLSFINANCE,57.700001,57.849998,54.0,54.849998,92194.0
2018-12-03 09:15:00,NSE:VLSFINANCE,55.099998,55.849998,52.049999,52.549999,75298.0
2018-12-10 09:15:00,NSE:VLSFINANCE,52.049999,58.0,50.049999,55.450001,118789.0
2018-12-17 09:15:00,NSE:VLSFINANCE,55.549999,62.400002,54.799999,58.400002,209226.0
2018-12-24 09:15:00,NSE:VLSFINANCE,59.849998,59.849998,54.700001,56.700001,62230.0
2018-12-31 09:15:00,NSE:VLSFINANCE,57.700001,58.799999,54.799999,57.299999,115084.0
2019-01-07 09:15:00,NSE:VLSFINANCE,58.0,58.450001,56.0,56.5,77273.0
2019-01-14 09:15:00,NSE:VLSFINANCE,56.150002,59.299999,55.0,55.099998,129534.0
2019-01-21 09:15:00,NSE:VLSFINANCE,55.5,56.5,51.599998,52.200001,48629.0
2019-01-28 09:15:00,NSE:VLSFINANCE,51.299999,53.950001,46.200001,49.650002,138752.0
2019-02-04 09:15:00,NSE:VLSFINANCE,50.049999,51.950001,45.75,46.349998,84910.0
2019-02-11 09:15:00,NSE:VLSFINANCE,45.950001,47.5,44.5,45.450001,106781.0
2019-02-18 09:15:00,NSE:VLSFINANCE,44.650002,47.049999,43.25,45.599998,88578.0
2019-02-25 09:15:00,NSE:VLSFINANCE,45.900002,51.400002,45.549999,50.5,200776.0
2019-03-05 09:15:00,NSE:VLSFINANCE,50.5,67.900002,50.049999,62.700001,740100.0
2019-03-11 09:15:00,NSE:VLSFINANCE,63.950001,65.599998,59.549999,60.700001,149067.0
2019-03-18 09:15:00,NSE:VLSFINANCE,62.049999,62.950001,58.099998,58.849998,104039.0
2019-03-25 09:15:00,NSE:VLSFINANCE,58.5,59.900002,56.200001,58.549999,100229.0
2019-04-01 09:15:00,NSE:VLSFINANCE,58.049999,64.199997,57.599998,60.25,210145.0
2019-04-08 09:15:00,NSE:VLSFINANCE,59.900002,60.799999,57.25,58.450001,72444.0
2019-04-15 09:15:00,NSE:VLSFINANCE,59.5,61.700001,58.099998,60.650002,102520.0
2019-04-22 09:15:00,NSE:VLSFINANCE,61.900002,62.0,58.950001,59.700001,86339.0
2019-04-30 09:15:00,NSE:VLSFINANCE,61.0,61.0,58.950001,59.049999,66583.0
2019-05-06 09:15:00,NSE:VLSFINANCE,58.150002,60.0,57.0,58.299999,87780.0
2019-05-13 09:15:00,NSE:VLSFINANCE,57.799999,59.0,52.599998,56.299999,96199.0
2019-05-20 09:15:00,NSE:VLSFINANCE,58.299999,67.300003,55.5,57.849998,88225.0
2019-05-27 09:15:00,NSE:VLSFINANCE,59.0,63.950001,57.75,58.799999,143056.0
2019-06-03 09:15:00,NSE:VLSFINANCE,58.049999,61.0,56.0,57.5,78615.0
2019-06-10 09:15:00,NSE:VLSFINANCE,58.799999,59.799999,55.099998,55.599998,86251.0
2019-06-17 09:15:00,NSE:VLSFINANCE,55.299999,59.099998,49.0,53.400002,124192.0
2019-06-24 09:15:00,NSE:VLSFINANCE,53.049999,54.5,52.0,53.400002,80083.0
2019-07-01 09:15:00,NSE:VLSFINANCE,53.450001,57.950001,52.700001,54.200001,92232.0
2019-07-08 09:15:00,NSE:VLSFINANCE,54.0,55.400002,51.049999,51.450001,44509.0
2019-07-15 09:15:00,NSE:VLSFINANCE,52.25,53.200001,48.049999,50.450001,59231.0
2019-07-22 09:15:00,NSE:VLSFINANCE,50.950001,50.950001,48.0,48.849998,61538.0
2019-07-29 09:15:00,NSE:VLSFINANCE,48.549999,49.5,43.049999,44.900002,68007.0
2019-08-05 09:15:00,NSE:VLSFINANCE,43.0,46.900002,41.549999,45.900002,101011.0
2019-08-13 09:15:00,NSE:VLSFINANCE,45.0,46.900002,40.150002,42.950001,46474.0
2019-08-19 09:15:00,NSE:VLSFINANCE,43.049999,44.5,40.099998,41.650002,77208.0
2019-08-26 09:15:00,NSE:VLSFINANCE,42.799999,43.900002,41.0,42.349998,53940.0
2019-09-03 09:15:00,NSE:VLSFINANCE,42.049999,46.650002,41.0,46.150002,91241.0
2019-09-09 09:15:00,NSE:VLSFINANCE,45.049999,59.599998,45.0,54.849998,178888.0
2019-09-16 09:15:00,NSE:VLSFINANCE,54.849998,55.950001,50.099998,52.950001,78266.0
2019-09-23 09:15:00,NSE:VLSFINANCE,52.5,59.5,52.25,57.200001,180857.0
2019-09-30 09:15:00,NSE:VLSFINANCE,58.5,59.0,49.400002,52.599998,70481.0
2019-10-07 09:15:00,NSE:VLSFINANCE,55.099998,55.5,48.700001,49.950001,71800.0
2019-10-14 09:15:00,NSE:VLSFINANCE,49.799999,53.299999,49.099998,52.349998,57330.0
2019-10-21 09:15:00,NSE:VLSFINANCE,51.0,57.900002,50.049999,53.049999,58397.0
2019-10-29 09:15:00,NSE:VLSFINANCE,52.549999,56.0,52.349998,55.150002,90152.0
2019-11-04 09:15:00,NSE:VLSFINANCE,59.5,60.0,53.099998,53.799999,96572.0
2019-11-11 09:15:00,NSE:VLSFINANCE,54.25,56.900002,52.549999,56.200001,141747.0
2019-11-18 09:15:00,NSE:VLSFINANCE,56.5,56.75,53.049999,53.900002,68482.0
2019-11-25 09:15:00,NSE:VLSFINANCE,54.700001,57.400002,50.5,52.0,182002.0
2019-12-02 09:15:00,NSE:VLSFINANCE,52.150002,53.5,50.0,50.849998,42115.0
2019-12-09 09:15:00,NSE:VLSFINANCE,52.5,52.5,49.200001,50.950001,68272.0
2019-12-16 09:15:00,NSE:VLSFINANCE,51.0,53.700001,50.049999,51.25,89306.0
2019-12-23 09:15:00,NSE:VLSFINANCE,50.200001,52.75,50.200001,50.650002,36262.0
2019-12-30 09:15:00,NSE:VLSFINANCE,52.25,55.0,49.099998,53.099998,66293.0
2020-01-06 09:15:00,NSE:VLSFINANCE,53.099998,55.450001,50.700001,53.049999,152599.0
2020-01-13 09:15:00,NSE:VLSFINANCE,53.700001,63.450001,51.099998,58.150002,452290.0
2020-01-20 09:15:00,NSE:VLSFINANCE,58.150002,60.0,56.549999,57.900002,190030.0
2020-01-27 09:15:00,NSE:VLSFINANCE,58.799999,60.950001,56.349998,57.950001,179662.0
2020-02-03 09:15:00,NSE:VLSFINANCE,58.049999,59.799999,56.150002,58.950001,111917.0
2020-02-10 09:15:00,NSE:VLSFINANCE,58.75,62.450001,53.0,53.75,208696.0
2020-02-17 09:15:00,NSE:VLSFINANCE,54.0,57.0,53.099998,56.049999,78280.0
2020-02-24 09:15:00,NSE:VLSFINANCE,56.049999,56.049999,51.299999,51.799999,79113.0
2020-03-02 09:15:00,NSE:VLSFINANCE,52.599998,55.299999,43.799999,47.099998,93441.0
2020-03-09 09:15:00,NSE:VLSFINANCE,45.099998,48.650002,32.200001,40.299999,105681.0
2020-03-16 09:15:00,NSE:VLSFINANCE,40.299999,41.950001,33.25,34.299999,100150.0
2020-03-23 09:15:00,NSE:VLSFINANCE,34.150002,34.150002,25.200001,32.049999,82539.0
2020-03-30 09:15:00,NSE:VLSFINANCE,34.450001,34.5,29.950001,33.650002,42596.0
2020-04-07 09:15:00,NSE:VLSFINANCE,33.049999,37.950001,33.049999,36.5,26873.0
2020-04-13 09:15:00,NSE:VLSFINANCE,36.049999,42.0,33.25,38.900002,93652.0
2020-04-20 09:15:00,NSE:VLSFINANCE,42.400002,42.900002,37.450001,38.299999,68491.0
2020-04-27 09:15:00,NSE:VLSFINANCE,38.299999,42.200001,36.200001,38.950001,82717.0
2020-05-04 09:15:00,NSE:VLSFINANCE,38.049999,39.0,34.900002,35.049999,91372.0
2020-05-11 09:15:00,NSE:VLSFINANCE,36.900002,36.900002,33.75,35.150002,58749.0
2020-05-18 09:15:00,NSE:VLSFINANCE,35.200001,36.25,32.700001,34.099998,32937.0
2020-05-26 09:15:00,NSE:VLSFINANCE,35.200001,35.349998,33.5,34.900002,41629.0
2020-06-01 09:15:00,NSE:VLSFINANCE,35.5,48.25,35.25,44.799999,299723.0
2020-06-08 09:15:00,NSE:VLSFINANCE,45.75,47.0,40.599998,41.950001,118328.0
2020-06-15 09:15:00,NSE:VLSFINANCE,42.099998,45.5,40.25,43.299999,134151.0
2020-06-22 09:15:00,NSE:VLSFINANCE,43.299999,56.599998,41.950001,50.299999,496162.0
2020-06-29 09:15:00,NSE:VLSFINANCE,50.400002,53.75,44.099998,51.099998,147668.0
2020-07-06 09:15:00,NSE:VLSFINANCE,52.75,59.450001,49.150002,55.650002,561536.0
2020-07-13 09:15:00,NSE:VLSFINANCE,57.5,66.400002,53.049999,59.75,640975.0
2020-07-20 09:15:00,NSE:VLSFINANCE,59.25,60.849998,53.25,54.75,297935.0
2020-07-27 09:15:00,NSE:VLSFINANCE,55.5,55.5,50.5,50.900002,149773.0
2020-08-03 09:15:00,NSE:VLSFINANCE,51.150002,54.75,50.400002,52.450001,65979.0
2020-08-10 09:15:00,NSE:VLSFINANCE,52.349998,54.5,51.650002,51.900002,158193.0
2020-08-17 09:15:00,NSE:VLSFINANCE,51.650002,57.400002,51.5,56.200001,322498.0
2020-08-24 09:15:00,NSE:VLSFINANCE,56.25,63.700001,56.25,60.799999,474378.0
2020-08-31 09:15:00,NSE:VLSFINANCE,61.099998,62.950001,54.200001,54.900002,244096.0
2020-09-07 09:15:00,NSE:VLSFINANCE,56.650002,59.299999,54.349998,56.450001,225339.0
2020-09-14 09:15:00,NSE:VLSFINANCE,55.849998,61.5,55.450001,58.900002,212813.0
2020-09-21 09:15:00,NSE:VLSFINANCE,60.349998,61.299999,54.0,56.0,195471.0
2020-09-28 09:15:00,NSE:VLSFINANCE,58.900002,58.900002,54.200001,56.200001,65789.0
2020-10-05 09:15:00,NSE:VLSFINANCE,56.950001,57.299999,53.5,54.450001,125378.0
2020-10-12 09:15:00,NSE:VLSFINANCE,54.549999,56.950001,51.299999,52.799999,122260.0
2020-10-19 09:15:00,NSE:VLSFINANCE,53.849998,54.5,52.450001,53.25,65385.0
2020-10-26 09:15:00,NSE:VLSFINANCE,55.549999,55.849998,50.799999,53.0,59046.0
2020-11-02 09:15:00,NSE:VLSFINANCE,53.799999,57.5,52.25,54.650002,257606.0
2020-11-09 09:15:00,NSE:VLSFINANCE,57.650002,60.900002,53.700001,59.849998,312150.0
2020-11-17 09:15:00,NSE:VLSFINANCE,59.25,69.0,59.25,65.699997,660974.0
2020-11-23 09:15:00,NSE:VLSFINANCE,65.699997,71.300003,63.799999,70.050003,587072.0
2020-12-01 09:15:00,NSE:VLSFINANCE,70.0,73.75,68.099998,70.099998,470125.0
2020-12-07 09:15:00,NSE:VLSFINANCE,71.550003,71.599998,64.25,65.550003,232000.0
2020-12-14 09:15:00,NSE:VLSFINANCE,66.150002,72.0,66.050003,69.0,312320.0
2020-12-21 09:15:00,NSE:VLSFINANCE,69.849998,69.949997,60.049999,67.849998,298494.0
2020-12-28 09:15:00,NSE:VLSFINANCE,68.150002,71.449997,66.0,71.0,237498.0
2021-01-04 09:15:00,NSE:VLSFINANCE,72.599998,92.599998,72.599998,82.699997,2545310.0
2021-01-11 09:15:00,NSE:VLSFINANCE,82.550003,83.300003,70.199997,78.800003,340085.0
2021-01-18 09:15:00,NSE:VLSFINANCE,78.550003,86.5,76.099998,80.050003,572669.0
2021-01-25 09:15:00,NSE:VLSFINANCE,80.25,82.699997,74.300003,78.199997,270335.0
2021-02-01 09:15:00,NSE:VLSFINANCE,79.800003,81.25,75.900002,79.25,206129.0
2021-02-08 09:15:00,NSE:VLSFINANCE,79.349998,94.949997,79.199997,93.949997,890952.0
2021-02-15 09:15:00,NSE:VLSFINANCE,96.0,96.550003,85.650002,86.900002,467062.0
2021-02-22 09:15:00,NSE:VLSFINANCE,88.0,100.9,72.199997,89.75,428903.0
2021-03-01 09:15:00,NSE:VLSFINANCE,91.9,96.8,89.7,90.6,623290.0
2021-03-08 09:15:00,NSE:VLSFINANCE,91.0,91.7,87.0,87.45,146167.0
2021-03-15 09:15:00,NSE:VLSFINANCE,88.65,88.7,79.8,82.35,350824.0
2021-03-22 09:15:00,NSE:VLSFINANCE,83.0,85.8,80.1,81.3,176724.0
2021-03-30 09:15:00,NSE:VLSFINANCE,81.5,84.8,71.1,82.55,167458.0
2021-04-05 09:15:00,NSE:VLSFINANCE,82.95,89.8,79.1,87.75,207482.0
2021-04-12 09:15:00,NSE:VLSFINANCE,88.35,88.35,79.75,81.05,109933.0
2021-04-19 09:15:00,NSE:VLSFINANCE,81.3,84.55,77.7,81.55,157072.0
2021-04-26 09:15:00,NSE:VLSFINANCE,84.25,92.0,81.1,86.6,634200.0
2021-05-03 09:15:00,NSE:VLSFINANCE,86.0,101.0,84.85,96.05,918689.0
2021-05-10 09:15:00,NSE:VLSFINANCE,98.8,103.75,94.95,96.75,616903.0
2021-05-17 09:15:00,NSE:VLSFINANCE,98.6,142.0,97.2,139.05,4129241.0
2021-05-24 09:15:00,NSE:VLSFINANCE,141.0,145.3,123.75,126.25,1150315.0
2021-05-31 09:15:00,NSE:VLSFINANCE,127.45,131.85,114.15,126.0,536845.0
2021-06-07 09:15:00,NSE:VLSFINANCE,129.0,140.4,128.85,132.55,889531.0
2021-06-14 09:15:00,NSE:VLSFINANCE,134.95,135.3,121.85,127.3,506209.0
2021-06-21 09:15:00,NSE:VLSFINANCE,126.45,167.45,124.95,162.4,2789335.0
2021-06-28 09:15:00,NSE:VLSFINANCE,163.45,223.95,156.5,192.95,5456059.0
2021-07-05 09:15:00,NSE:VLSFINANCE,196.0,223.55,194.0,223.55,1975204.0
2021-07-12 09:15:00,NSE:VLSFINANCE,232.4,255.0,230.0,231.95,1833422.0
2021-07-19 09:15:00,NSE:VLSFINANCE,230.0,258.0,223.0,239.1,1090836.0
2021-07-26 09:15:00,NSE:VLSFINANCE,239.0,264.9,226.1,230.5,1185624.0
2021-08-02 09:15:00,NSE:VLSFINANCE,227.8,238.4,206.3,217.45,761758.0
2021-08-09 09:15:00,NSE:VLSFINANCE,219.75,224.95,182.15,211.75,610764.0
