datetime,symbol,open,high,low,close,volume
2018-07-27 14:15:00,NSE:BIOFILCHEM,11.5,11.5,11.5,11.5,1.0
2018-07-27 15:45:00,NSE:BIOFILCHEM,11.5,11.5,11.5,11.5,541.0
2018-07-30 09:45:00,NSE:BIOFILCHEM,11.3,11.3,11.3,11.3,200.0
2018-07-30 10:30:00,NSE:BIOFILCHEM,11.3,11.3,11.3,11.3,31.0
2018-07-30 11:15:00,NSE:BIOFILCHEM,11.3,11.45,11.3,11.45,204.0
2018-07-30 12:00:00,NSE:BIOFILCHEM,11.05,11.45,11.05,11.45,491.0
2018-07-30 13:30:00,NSE:BIOFILCHEM,12.0,12.0,12.0,12.0,110.0
2018-07-31 09:00:00,NSE:BIOFILCHEM,12.6,12.6,12.6,12.6,5.0
2018-07-31 09:45:00,NSE:BIOFILCHEM,12.5,12.5,11.7,12.0,255.0
2018-07-31 10:30:00,NSE:BIOFILCHEM,12.0,12.0,12.0,12.0,828.0
2018-07-31 12:00:00,NSE:BIOFILCHEM,11.7,11.7,11.7,11.7,20.0
2018-07-31 12:45:00,NSE:BIOFILCHEM,11.7,11.7,11.7,11.7,37.0
2018-07-31 13:30:00,NSE:BIOFILCHEM,11.7,11.7,11.7,11.7,4.0
2018-07-31 14:15:00,NSE:BIOFILCHEM,11.7,11.7,11.65,11.7,100.0
2018-08-01 12:45:00,NSE:BIOFILCHEM,11.2,11.2,11.2,11.2,500.0
2018-08-01 13:30:00,NSE:BIOFILCHEM,11.15,11.15,11.15,11.15,47.0
2018-08-01 14:15:00,NSE:BIOFILCHEM,11.5,11.5,11.5,11.5,50.0
2018-08-01 15:00:00,NSE:BIOFILCHEM,11.15,11.15,11.15,11.15,288.0
2018-08-02 09:45:00,NSE:BIOFILCHEM,10.6,11.0,10.6,11.0,72.0
2018-08-02 11:15:00,NSE:BIOFILCHEM,11.7,11.7,11.7,11.7,5.0
2018-08-02 12:00:00,NSE:BIOFILCHEM,11.7,11.7,11.7,11.7,1.0
2018-08-02 14:15:00,NSE:BIOFILCHEM,11.5,11.5,11.5,11.5,30.0
2018-08-02 15:00:00,NSE:BIOFILCHEM,10.8,11.5,10.8,11.5,25.0
2018-08-03 09:00:00,NSE:BIOFILCHEM,11.45,11.45,11.45,11.45,5.0
2018-08-03 09:45:00,NSE:BIOFILCHEM,11.45,11.45,11.45,11.45,125.0
2018-08-03 11:15:00,NSE:BIOFILCHEM,11.45,11.45,11.45,11.45,185.0
2018-08-03 12:00:00,NSE:BIOFILCHEM,11.45,11.45,11.45,11.45,1.0
2018-08-03 13:30:00,NSE:BIOFILCHEM,11.45,11.45,11.25,11.25,529.0
2018-08-06 09:00:00,NSE:BIOFILCHEM,10.7,10.7,10.7,10.7,1389.0
2018-08-06 09:45:00,NSE:BIOFILCHEM,11.65,11.65,11.65,11.65,600.0
2018-08-06 10:30:00,NSE:BIOFILCHEM,11.45,11.45,11.45,11.45,103.0
2018-08-06 11:15:00,NSE:BIOFILCHEM,11.0,11.0,11.0,11.0,110.0
2018-08-06 12:00:00,NSE:BIOFILCHEM,10.7,11.45,10.7,10.7,1108.0
2018-08-06 12:45:00,NSE:BIOFILCHEM,10.7,10.7,10.7,10.7,2703.0
2018-08-06 13:30:00,NSE:BIOFILCHEM,10.7,10.7,10.7,10.7,5020.0
2018-08-06 14:15:00,NSE:BIOFILCHEM,11.45,11.45,11.2,11.2,25.0
2018-08-06 15:00:00,NSE:BIOFILCHEM,10.7,10.7,10.7,10.7,520.0
2018-08-07 09:00:00,NSE:BIOFILCHEM,10.75,10.75,10.2,10.2,1510.0
2018-08-07 09:45:00,NSE:BIOFILCHEM,10.2,10.25,10.2,10.25,140.0
2018-08-07 11:15:00,NSE:BIOFILCHEM,10.3,10.3,10.2,10.25,5130.0
2018-08-07 12:00:00,NSE:BIOFILCHEM,10.25,10.25,10.2,10.2,87.0
2018-08-07 12:45:00,NSE:BIOFILCHEM,10.7,10.7,10.7,10.7,15.0
2018-08-07 13:30:00,NSE:BIOFILCHEM,10.2,10.2,10.2,10.2,217.0
2018-08-07 14:15:00,NSE:BIOFILCHEM,10.7,10.7,10.7,10.7,35.0
2018-08-07 15:00:00,NSE:BIOFILCHEM,10.2,11.15,10.2,11.15,75.0
2018-08-08 12:00:00,NSE:BIOFILCHEM,10.7,10.7,10.7,10.7,552.0
2018-08-08 12:45:00,NSE:BIOFILCHEM,10.5,10.95,10.5,10.95,5405.0
2018-08-08 13:30:00,NSE:BIOFILCHEM,10.95,10.95,9.95,10.95,3502.0
2018-08-08 14:15:00,NSE:BIOFILCHEM,10.95,10.95,10.95,10.95,69.0
2018-08-08 15:00:00,NSE:BIOFILCHEM,10.0,10.9,10.0,10.9,629.0
2018-08-09 09:00:00,NSE:BIOFILCHEM,11.0,11.0,10.5,10.5,1550.0
2018-08-09 09:45:00,NSE:BIOFILCHEM,11.0,11.0,11.0,11.0,250.0
2018-08-09 10:30:00,NSE:BIOFILCHEM,10.05,10.1,10.05,10.1,136.0
2018-08-09 12:45:00,NSE:BIOFILCHEM,11.0,11.0,10.1,10.1,870.0
2018-08-09 14:15:00,NSE:BIOFILCHEM,10.95,10.95,10.95,10.95,5.0
2018-08-09 15:00:00,NSE:BIOFILCHEM,11.0,11.0,11.0,11.0,100.0
2018-08-10 12:00:00,NSE:BIOFILCHEM,10.9,10.9,10.9,10.9,1501.0
2018-08-10 12:45:00,NSE:BIOFILCHEM,10.9,10.9,10.9,10.9,510.0
2018-08-10 13:30:00,NSE:BIOFILCHEM,10.45,10.45,10.45,10.45,100.0
2018-08-10 14:15:00,NSE:BIOFILCHEM,10.45,10.9,10.45,10.9,6.0
2018-08-10 15:00:00,NSE:BIOFILCHEM,10.45,10.9,10.45,10.9,250.0
2018-08-13 09:45:00,NSE:BIOFILCHEM,10.5,10.5,10.5,10.5,100.0
2018-08-13 10:30:00,NSE:BIOFILCHEM,10.2,10.2,10.2,10.2,115.0
2018-08-13 12:00:00,NSE:BIOFILCHEM,10.2,10.2,10.2,10.2,200.0
2018-08-13 12:45:00,NSE:BIOFILCHEM,10.4,10.4,10.4,10.4,500.0
2018-08-13 13:30:00,NSE:BIOFILCHEM,10.2,10.2,10.2,10.2,2.0
2018-08-14 09:00:00,NSE:BIOFILCHEM,10.2,10.2,10.2,10.2,481.0
2018-08-14 12:00:00,NSE:BIOFILCHEM,10.7,10.7,10.7,10.7,1.0
2018-08-14 13:30:00,NSE:BIOFILCHEM,10.2,10.2,10.2,10.2,1000.0
2018-08-14 14:15:00,NSE:BIOFILCHEM,10.5,10.7,9.7,10.6,2600.0
2018-08-16 09:00:00,NSE:BIOFILCHEM,10.1,10.1,10.1,10.1,25.0
2018-08-16 09:45:00,NSE:BIOFILCHEM,10.1,11.05,10.1,10.85,563.0
2018-08-16 11:15:00,NSE:BIOFILCHEM,10.75,10.75,10.75,10.75,50.0
2018-08-16 12:45:00,NSE:BIOFILCHEM,10.25,10.75,10.25,10.75,2023.0
2018-08-16 13:30:00,NSE:BIOFILCHEM,10.8,10.8,10.8,10.8,2.0
2018-08-16 14:15:00,NSE:BIOFILCHEM,10.75,10.75,10.4,10.4,26.0
2018-08-16 15:00:00,NSE:BIOFILCHEM,10.25,10.25,10.25,10.25,92.0
2018-08-17 09:45:00,NSE:BIOFILCHEM,10.25,10.25,10.25,10.25,800.0
2018-08-17 10:30:00,NSE:BIOFILCHEM,10.25,10.25,10.25,10.25,240.0
2018-08-17 11:15:00,NSE:BIOFILCHEM,10.0,10.0,10.0,10.0,475.0
2018-08-17 12:00:00,NSE:BIOFILCHEM,10.25,10.25,10.25,10.25,1.0
2018-08-17 14:15:00,NSE:BIOFILCHEM,10.25,10.25,10.05,10.05,200.0
2018-08-17 15:00:00,NSE:BIOFILCHEM,10.25,10.25,10.25,10.25,150.0
2018-08-20 09:00:00,NSE:BIOFILCHEM,10.2,10.2,10.2,10.2,448.0
2018-08-20 09:45:00,NSE:BIOFILCHEM,10.2,10.7,10.2,10.7,300.0
2018-08-20 11:15:00,NSE:BIOFILCHEM,10.2,10.2,10.0,10.0,98.0
2018-08-20 12:00:00,NSE:BIOFILCHEM,10.05,10.6,10.05,10.6,598.0
2018-08-20 13:30:00,NSE:BIOFILCHEM,10.6,10.6,10.6,10.6,90.0
2018-08-20 14:15:00,NSE:BIOFILCHEM,10.6,10.6,10.6,10.6,10.0
2018-08-21 10:30:00,NSE:BIOFILCHEM,10.5,10.5,10.5,10.5,50.0
2018-08-21 11:15:00,NSE:BIOFILCHEM,10.1,10.1,10.1,10.1,500.0
2018-08-21 12:00:00,NSE:BIOFILCHEM,10.1,10.1,10.1,10.1,1.0
2018-08-21 13:30:00,NSE:BIOFILCHEM,10.7,10.7,10.7,10.7,1.0
2018-08-21 14:15:00,NSE:BIOFILCHEM,10.7,10.7,10.7,10.7,100.0
2018-08-21 15:00:00,NSE:BIOFILCHEM,10.15,10.7,10.15,10.7,29.0
2018-08-23 09:00:00,NSE:BIOFILCHEM,10.6,10.6,10.6,10.6,735.0
2018-08-23 09:45:00,NSE:BIOFILCHEM,11.0,11.0,10.7,10.7,1282.0
2018-08-23 10:30:00,NSE:BIOFILCHEM,10.7,10.7,10.7,10.7,500.0
2018-08-23 12:00:00,NSE:BIOFILCHEM,10.7,10.7,10.7,10.7,1000.0
2018-08-23 12:45:00,NSE:BIOFILCHEM,10.7,10.7,10.7,10.7,1.0
2018-08-23 13:30:00,NSE:BIOFILCHEM,10.5,10.5,10.5,10.5,48.0
2018-08-24 10:30:00,NSE:BIOFILCHEM,10.5,10.5,10.5,10.5,12.0
2018-08-24 11:15:00,NSE:BIOFILCHEM,10.5,10.5,10.5,10.5,102.0
2018-08-24 12:00:00,NSE:BIOFILCHEM,10.5,10.5,10.5,10.5,50.0
2018-08-24 14:15:00,NSE:BIOFILCHEM,10.0,10.0,10.0,10.0,188.0
2018-08-24 15:00:00,NSE:BIOFILCHEM,11.0,11.0,11.0,11.0,1100.0
2018-08-27 09:00:00,NSE:BIOFILCHEM,11.0,11.0,11.0,11.0,34.0
2018-08-27 09:45:00,NSE:BIOFILCHEM,11.0,11.1,10.35,11.1,2121.0
2018-08-27 10:30:00,NSE:BIOFILCHEM,10.35,10.35,10.35,10.35,357.0
2018-08-27 11:15:00,NSE:BIOFILCHEM,10.35,10.35,10.35,10.35,36.0
2018-08-27 12:00:00,NSE:BIOFILCHEM,10.35,10.35,10.35,10.35,2112.0
2018-08-27 12:45:00,NSE:BIOFILCHEM,10.35,10.35,10.35,10.35,1.0
2018-08-27 13:30:00,NSE:BIOFILCHEM,10.35,10.35,10.35,10.35,1654.0
2018-08-27 14:15:00,NSE:BIOFILCHEM,10.35,10.35,10.35,10.35,706.0
2018-08-28 09:00:00,NSE:BIOFILCHEM,10.85,10.85,9.85,9.85,11.0
2018-08-28 09:45:00,NSE:BIOFILCHEM,10.65,10.65,9.85,10.65,1013.0
2018-08-28 10:30:00,NSE:BIOFILCHEM,10.5,10.5,10.5,10.5,410.0
2018-08-28 12:45:00,NSE:BIOFILCHEM,10.4,10.4,10.4,10.4,100.0
2018-08-28 15:00:00,NSE:BIOFILCHEM,10.0,10.5,10.0,10.5,110.0
2018-08-29 09:00:00,NSE:BIOFILCHEM,9.8,9.8,9.8,9.8,55.0
2018-08-29 09:45:00,NSE:BIOFILCHEM,10.5,10.5,9.8,9.8,11.0
2018-08-29 11:15:00,NSE:BIOFILCHEM,10.5,10.5,10.5,10.5,5.0
2018-08-29 12:00:00,NSE:BIOFILCHEM,9.8,10.5,9.8,10.5,818.0
2018-08-29 12:45:00,NSE:BIOFILCHEM,9.8,9.8,9.8,9.8,500.0
2018-08-29 13:30:00,NSE:BIOFILCHEM,9.6,10.45,9.6,10.45,1531.0
2018-08-29 14:15:00,NSE:BIOFILCHEM,9.6,9.6,9.6,9.6,205.0
2018-08-29 15:00:00,NSE:BIOFILCHEM,10.4,10.4,10.4,10.4,15.0
2018-08-30 09:00:00,NSE:BIOFILCHEM,10.4,10.4,10.1,10.1,1064.0
2018-08-30 09:45:00,NSE:BIOFILCHEM,9.9,9.9,9.9,9.9,70.0
2018-08-30 10:30:00,NSE:BIOFILCHEM,10.1,10.1,10.1,10.1,110.0
2018-08-30 11:15:00,NSE:BIOFILCHEM,10.1,10.1,10.1,10.1,200.0
2018-08-30 12:00:00,NSE:BIOFILCHEM,9.9,9.9,9.9,9.9,202.0
2018-08-30 12:45:00,NSE:BIOFILCHEM,10.2,10.2,10.2,10.2,11.0
2018-08-30 13:30:00,NSE:BIOFILCHEM,10.2,10.2,10.2,10.2,1.0
2018-08-31 09:00:00,NSE:BIOFILCHEM,9.7,10.7,9.7,9.7,127.0
2018-08-31 09:45:00,NSE:BIOFILCHEM,9.7,9.7,9.7,9.7,7504.0
2018-08-31 10:30:00,NSE:BIOFILCHEM,10.5,10.5,10.5,10.5,200.0
2018-08-31 12:45:00,NSE:BIOFILCHEM,9.75,9.75,9.75,9.75,150.0
2018-08-31 13:30:00,NSE:BIOFILCHEM,9.7,9.7,9.7,9.7,612.0
2018-08-31 14:15:00,NSE:BIOFILCHEM,9.7,9.7,9.7,9.7,1199.0
2018-08-31 15:00:00,NSE:BIOFILCHEM,9.7,9.7,9.7,9.7,2595.0
2018-09-03 09:00:00,NSE:BIOFILCHEM,9.7,9.7,9.7,9.7,1245.0
2018-09-03 11:15:00,NSE:BIOFILCHEM,9.7,9.75,9.7,9.7,800.0
2018-09-03 12:45:00,NSE:BIOFILCHEM,10.1,10.1,10.1,10.1,103.0
2018-09-03 13:30:00,NSE:BIOFILCHEM,10.1,10.1,10.1,10.1,5.0
2018-09-03 14:15:00,NSE:BIOFILCHEM,9.7,10.1,9.7,10.1,2630.0
2018-09-03 15:00:00,NSE:BIOFILCHEM,9.7,10.1,9.7,9.7,356.0
2018-09-04 09:00:00,NSE:BIOFILCHEM,9.5,9.5,9.5,9.5,100.0
2018-09-04 12:45:00,NSE:BIOFILCHEM,10.25,10.25,10.25,10.25,700.0
2018-09-04 13:30:00,NSE:BIOFILCHEM,10.2,10.25,10.2,10.25,500.0
2018-09-04 14:15:00,NSE:BIOFILCHEM,10.25,10.25,10.25,10.25,100.0
2018-09-04 15:00:00,NSE:BIOFILCHEM,9.6,9.6,9.6,9.6,9.0
2018-09-05 09:00:00,NSE:BIOFILCHEM,10.15,10.15,9.25,9.25,2318.0
2018-09-05 12:45:00,NSE:BIOFILCHEM,9.8,9.8,9.8,9.8,1000.0
2018-09-05 13:30:00,NSE:BIOFILCHEM,9.8,9.8,9.8,9.8,150.0
2018-09-05 14:15:00,NSE:BIOFILCHEM,9.8,9.8,9.8,9.8,1.0
2018-09-05 15:00:00,NSE:BIOFILCHEM,9.8,9.8,9.8,9.8,492.0
2018-09-06 09:45:00,NSE:BIOFILCHEM,9.9,9.9,9.8,9.8,1800.0
2018-09-06 12:45:00,NSE:BIOFILCHEM,9.5,9.95,9.5,9.95,1000.0
2018-09-06 13:30:00,NSE:BIOFILCHEM,9.35,9.35,9.35,9.35,2.0
2018-09-06 15:00:00,NSE:BIOFILCHEM,9.35,9.35,9.35,9.35,4.0
2018-09-07 09:00:00,NSE:BIOFILCHEM,9.35,9.35,9.35,9.35,1000.0
2018-09-07 09:45:00,NSE:BIOFILCHEM,9.8,9.8,9.8,9.8,325.0
2018-09-07 10:30:00,NSE:BIOFILCHEM,9.7,9.7,9.7,9.7,40.0
2018-09-07 11:15:00,NSE:BIOFILCHEM,9.7,9.7,9.5,9.5,350.0
2018-09-07 12:00:00,NSE:BIOFILCHEM,9.5,9.7,9.5,9.7,410.0
2018-09-07 12:45:00,NSE:BIOFILCHEM,9.4,9.4,9.0,9.0,102.0
2018-09-07 13:30:00,NSE:BIOFILCHEM,9.0,9.7,9.0,9.7,2723.0
2018-09-07 14:15:00,NSE:BIOFILCHEM,9.7,9.7,9.7,9.7,350.0
2018-09-10 09:00:00,NSE:BIOFILCHEM,9.7,9.7,9.7,9.7,1100.0
2018-09-10 09:45:00,NSE:BIOFILCHEM,9.25,9.7,9.25,9.7,1445.0
2018-09-10 12:00:00,NSE:BIOFILCHEM,9.7,9.7,9.7,9.7,1100.0
2018-09-10 14:15:00,NSE:BIOFILCHEM,9.7,9.7,9.7,9.7,54.0
2018-09-10 15:00:00,NSE:BIOFILCHEM,9.7,9.7,9.7,9.7,1020.0
2018-09-11 09:00:00,NSE:BIOFILCHEM,10.0,10.0,9.25,9.25,976.0
2018-09-11 09:45:00,NSE:BIOFILCHEM,9.3,9.3,9.3,9.3,360.0
2018-09-11 12:00:00,NSE:BIOFILCHEM,9.3,9.3,9.3,9.3,500.0
2018-09-11 12:45:00,NSE:BIOFILCHEM,9.3,9.3,9.25,9.25,1508.0
2018-09-11 15:00:00,NSE:BIOFILCHEM,9.7,9.7,9.7,9.7,652.0
2018-09-12 09:00:00,NSE:BIOFILCHEM,10.1,10.1,9.25,9.7,298.0
2018-09-12 12:00:00,NSE:BIOFILCHEM,9.7,9.7,9.7,9.7,1238.0
2018-09-12 13:30:00,NSE:BIOFILCHEM,9.7,9.7,9.7,9.7,25.0
2018-09-12 14:15:00,NSE:BIOFILCHEM,9.25,9.7,9.25,9.7,40.0
2018-09-14 09:45:00,NSE:BIOFILCHEM,9.45,9.45,9.45,9.45,340.0
2018-09-14 10:30:00,NSE:BIOFILCHEM,9.45,9.45,9.45,9.45,152.0
2018-09-14 12:45:00,NSE:BIOFILCHEM,9.7,9.7,9.7,9.7,61.0
2018-09-14 13:30:00,NSE:BIOFILCHEM,9.7,9.7,9.7,9.7,175.0
2018-09-14 14:15:00,NSE:BIOFILCHEM,9.7,9.7,9.7,9.7,800.0
2018-09-14 15:00:00,NSE:BIOFILCHEM,9.25,9.7,9.25,9.7,350.0
2018-09-17 09:00:00,NSE:BIOFILCHEM,9.7,9.7,9.7,9.7,4.0
2018-09-17 09:45:00,NSE:BIOFILCHEM,9.2,9.7,9.2,9.25,676.0
2018-09-17 10:30:00,NSE:BIOFILCHEM,10.1,10.1,10.1,10.1,35.0
2018-09-17 11:15:00,NSE:BIOFILCHEM,9.2,10.1,9.2,10.1,1012.0
2018-09-17 12:00:00,NSE:BIOFILCHEM,10.05,10.05,9.95,9.95,446.0
2018-09-17 12:45:00,NSE:BIOFILCHEM,9.95,9.95,9.95,9.95,25.0
2018-09-17 13:30:00,NSE:BIOFILCHEM,9.95,9.95,9.25,9.25,101.0
2018-09-17 15:00:00,NSE:BIOFILCHEM,9.95,9.95,9.95,9.95,38.0
2018-09-18 14:15:00,NSE:BIOFILCHEM,9.85,9.85,9.85,9.85,100.0
2018-09-18 15:00:00,NSE:BIOFILCHEM,9.55,9.55,9.55,9.55,7.0
2018-09-19 09:00:00,NSE:BIOFILCHEM,9.25,9.25,9.25,9.25,20.0
2018-09-19 11:15:00,NSE:BIOFILCHEM,9.85,9.85,9.85,9.85,14.0
2018-09-19 12:00:00,NSE:BIOFILCHEM,9.85,9.85,9.85,9.85,4.0
2018-09-19 14:15:00,NSE:BIOFILCHEM,9.8,9.8,9.8,9.8,500.0
2018-09-21 10:30:00,NSE:BIOFILCHEM,10.0,10.0,9.8,9.8,1022.0
2018-09-21 11:15:00,NSE:BIOFILCHEM,9.75,9.75,9.75,9.75,50.0
2018-09-21 12:00:00,NSE:BIOFILCHEM,9.75,9.75,9.75,9.75,2.0
2018-09-21 12:45:00,NSE:BIOFILCHEM,9.75,9.75,9.7,9.75,599.0
2018-09-21 13:30:00,NSE:BIOFILCHEM,9.5,9.5,9.5,9.5,1600.0
2018-09-21 15:00:00,NSE:BIOFILCHEM,9.5,9.5,9.5,9.5,2.0
2018-09-24 10:30:00,NSE:BIOFILCHEM,9.05,9.05,9.05,9.05,702.0
2018-09-24 12:00:00,NSE:BIOFILCHEM,9.1,9.1,9.05,9.05,505.0
2018-09-24 12:45:00,NSE:BIOFILCHEM,9.1,9.1,9.1,9.1,95.0
2018-09-24 13:30:00,NSE:BIOFILCHEM,9.05,9.05,9.05,9.05,500.0
2018-09-24 14:15:00,NSE:BIOFILCHEM,9.05,9.05,9.05,9.05,2.0
2018-09-25 09:00:00,NSE:BIOFILCHEM,9.0,9.0,8.95,8.95,501.0
2018-09-25 09:45:00,NSE:BIOFILCHEM,8.95,8.95,8.9,8.9,1011.0
2018-09-25 10:30:00,NSE:BIOFILCHEM,8.95,8.95,8.9,8.9,4.0
2018-09-25 12:45:00,NSE:BIOFILCHEM,8.9,8.9,8.9,8.9,121.0
2018-09-25 13:30:00,NSE:BIOFILCHEM,8.6,8.9,8.6,8.9,225.0
2018-09-25 15:00:00,NSE:BIOFILCHEM,8.6,8.6,8.6,8.6,9.0
2018-09-26 09:45:00,NSE:BIOFILCHEM,8.2,9.0,8.2,9.0,109.0
2018-09-26 10:30:00,NSE:BIOFILCHEM,8.2,8.2,8.2,8.2,300.0
2018-09-26 11:15:00,NSE:BIOFILCHEM,9.0,9.0,9.0,9.0,1.0
2018-09-26 12:00:00,NSE:BIOFILCHEM,8.2,8.2,8.2,8.2,1.0
2018-09-26 12:45:00,NSE:BIOFILCHEM,9.0,9.0,9.0,9.0,1.0
2018-09-26 14:15:00,NSE:BIOFILCHEM,9.0,9.0,9.0,9.0,1.0
2018-09-26 15:00:00,NSE:BIOFILCHEM,9.0,9.0,9.0,9.0,278.0
2018-09-26 15:45:00,NSE:BIOFILCHEM,9.0,9.0,9.0,9.0,474.0
2018-09-27 09:00:00,NSE:BIOFILCHEM,9.1,9.1,9.1,9.1,120.0
2018-09-27 09:45:00,NSE:BIOFILCHEM,9.0,9.0,9.0,9.0,107.0
2018-09-28 09:00:00,NSE:BIOFILCHEM,9.0,9.0,9.0,9.0,211.0
2018-09-28 10:30:00,NSE:BIOFILCHEM,8.8,9.0,8.8,9.0,28.0
2018-09-28 11:15:00,NSE:BIOFILCHEM,8.8,9.0,8.8,9.0,99.0
2018-09-28 14:15:00,NSE:BIOFILCHEM,8.55,8.55,8.55,8.55,1.0
2018-09-28 15:00:00,NSE:BIOFILCHEM,8.55,8.55,8.55,8.55,21.0
2018-10-01 09:45:00,NSE:BIOFILCHEM,8.55,8.55,8.5,8.5,13.0
2018-10-01 10:30:00,NSE:BIOFILCHEM,8.5,8.5,8.5,8.5,50.0
2018-10-01 11:15:00,NSE:BIOFILCHEM,8.45,8.45,8.45,8.45,11.0
2018-10-01 12:00:00,NSE:BIOFILCHEM,8.45,8.45,8.45,8.45,50.0
2018-10-01 12:45:00,NSE:BIOFILCHEM,8.45,8.45,8.45,8.45,13.0
2018-10-01 13:30:00,NSE:BIOFILCHEM,8.45,8.45,8.45,8.45,1.0
2018-10-01 14:15:00,NSE:BIOFILCHEM,8.45,8.45,8.45,8.45,1300.0
2018-10-01 15:00:00,NSE:BIOFILCHEM,8.15,8.15,8.15,8.15,3.0
2018-10-03 09:00:00,NSE:BIOFILCHEM,8.15,8.15,8.15,8.15,450.0
2018-10-03 10:30:00,NSE:BIOFILCHEM,8.5,8.5,8.15,8.15,45.0
2018-10-03 12:00:00,NSE:BIOFILCHEM,8.3,8.3,8.15,8.15,111.0
2018-10-03 14:15:00,NSE:BIOFILCHEM,8.1,8.1,8.1,8.1,1501.0
2018-10-03 15:00:00,NSE:BIOFILCHEM,7.75,7.75,7.75,7.75,47.0
2018-10-04 14:15:00,NSE:BIOFILCHEM,7.75,7.75,7.75,7.75,400.0
2018-10-05 09:00:00,NSE:BIOFILCHEM,7.75,7.75,7.75,7.75,1.0
2018-10-05 09:45:00,NSE:BIOFILCHEM,8.1,8.1,8.1,8.1,524.0
2018-10-05 12:00:00,NSE:BIOFILCHEM,7.4,7.4,7.4,7.4,14.0
2018-10-05 12:45:00,NSE:BIOFILCHEM,8.1,8.1,7.45,7.45,60.0
2018-10-05 13:30:00,NSE:BIOFILCHEM,7.45,7.45,7.4,7.4,1138.0
2018-10-05 15:00:00,NSE:BIOFILCHEM,7.5,7.5,7.4,7.4,250.0
2018-10-08 10:30:00,NSE:BIOFILCHEM,7.1,7.1,7.1,7.1,60.0
2018-10-08 11:15:00,NSE:BIOFILCHEM,7.1,7.8,7.1,7.45,742.0
2018-10-08 12:45:00,NSE:BIOFILCHEM,7.1,7.1,7.1,7.1,422.0
2018-10-08 13:30:00,NSE:BIOFILCHEM,7.1,7.1,7.1,7.1,100.0
2018-10-08 14:15:00,NSE:BIOFILCHEM,7.1,7.1,7.1,7.1,15.0
2018-10-08 15:00:00,NSE:BIOFILCHEM,7.1,7.1,7.1,7.1,100.0
2018-10-09 09:00:00,NSE:BIOFILCHEM,6.75,6.75,6.75,6.75,200.0
2018-10-09 09:45:00,NSE:BIOFILCHEM,7.0,7.0,6.75,6.75,201.0
2018-10-09 11:15:00,NSE:BIOFILCHEM,6.75,7.0,6.75,7.0,110.0
2018-10-09 12:00:00,NSE:BIOFILCHEM,7.0,7.0,7.0,7.0,5.0
2018-10-09 13:30:00,NSE:BIOFILCHEM,7.0,7.0,7.0,7.0,116.0
2018-10-09 14:15:00,NSE:BIOFILCHEM,6.95,6.95,6.95,6.95,30.0
2018-10-09 15:00:00,NSE:BIOFILCHEM,6.9,6.9,6.9,6.9,200.0
2018-10-10 09:00:00,NSE:BIOFILCHEM,6.9,6.9,6.9,6.9,10.0
2018-10-10 10:30:00,NSE:BIOFILCHEM,6.9,6.9,6.9,6.9,220.0
2018-10-10 12:00:00,NSE:BIOFILCHEM,6.9,6.9,6.9,6.9,40.0
2018-10-10 13:30:00,NSE:BIOFILCHEM,6.9,6.9,6.9,6.9,10.0
2018-10-10 14:15:00,NSE:BIOFILCHEM,6.6,6.6,6.6,6.6,250.0
2018-10-11 09:45:00,NSE:BIOFILCHEM,6.6,6.6,6.6,6.6,50.0
2018-10-11 11:15:00,NSE:BIOFILCHEM,6.6,6.6,6.6,6.6,40.0
2018-10-11 12:00:00,NSE:BIOFILCHEM,6.6,6.6,6.6,6.6,275.0
2018-10-11 12:45:00,NSE:BIOFILCHEM,6.6,6.6,6.6,6.6,6.0
2018-10-11 14:15:00,NSE:BIOFILCHEM,6.6,6.6,6.6,6.6,4.0
2018-10-11 15:00:00,NSE:BIOFILCHEM,6.6,6.6,6.4,6.4,40.0
2018-10-12 09:00:00,NSE:BIOFILCHEM,6.8,6.8,6.8,6.8,2004.0
2018-10-12 09:45:00,NSE:BIOFILCHEM,6.8,6.8,6.8,6.8,736.0
2018-10-12 14:15:00,NSE:BIOFILCHEM,6.8,6.8,6.8,6.8,300.0
2018-10-12 15:00:00,NSE:BIOFILCHEM,6.8,6.8,6.8,6.8,10.0
2018-10-15 09:00:00,NSE:BIOFILCHEM,6.8,6.8,6.8,6.8,1026.0
2018-10-15 13:30:00,NSE:BIOFILCHEM,7.1,7.1,7.1,7.1,40.0
2018-10-15 14:15:00,NSE:BIOFILCHEM,7.1,7.1,7.1,7.1,30.0
2018-10-16 09:45:00,NSE:BIOFILCHEM,7.45,7.45,7.45,7.45,148.0
2018-10-17 09:00:00,NSE:BIOFILCHEM,7.45,7.45,7.45,7.45,2.0
2018-10-19 09:45:00,NSE:BIOFILCHEM,7.45,7.45,7.45,7.45,13.0
2018-10-19 10:30:00,NSE:BIOFILCHEM,7.45,7.45,7.45,7.45,2.0
2018-10-19 11:15:00,NSE:BIOFILCHEM,7.45,7.45,7.45,7.45,16.0
2018-10-19 12:00:00,NSE:BIOFILCHEM,7.45,7.45,7.45,7.45,100.0
2018-10-19 15:00:00,NSE:BIOFILCHEM,7.45,7.8,7.45,7.8,210.0
2018-10-22 10:30:00,NSE:BIOFILCHEM,7.8,7.8,7.45,7.45,1056.0
2018-10-22 12:00:00,NSE:BIOFILCHEM,7.8,7.8,7.3,7.3,1006.0
2018-10-22 12:45:00,NSE:BIOFILCHEM,7.45,7.45,7.45,7.45,30.0
2018-10-22 14:15:00,NSE:BIOFILCHEM,7.4,7.4,7.4,7.4,1450.0
2018-10-22 15:00:00,NSE:BIOFILCHEM,7.45,7.45,7.45,7.45,136.0
2018-10-23 09:45:00,NSE:BIOFILCHEM,7.45,7.45,7.45,7.45,50.0
2018-10-23 10:30:00,NSE:BIOFILCHEM,7.3,7.45,7.3,7.45,10003.0
2018-10-24 10:30:00,NSE:BIOFILCHEM,7.5,7.5,7.5,7.5,2.0
2018-10-25 09:00:00,NSE:BIOFILCHEM,7.5,7.5,7.5,7.5,10.0
2018-10-25 15:00:00,NSE:BIOFILCHEM,7.15,7.15,7.15,7.15,230.0
2018-10-29 11:15:00,NSE:BIOFILCHEM,7.15,7.15,7.15,7.15,2.0
2018-10-29 12:00:00,NSE:BIOFILCHEM,7.15,7.15,6.85,6.85,123.0
2018-10-29 12:45:00,NSE:BIOFILCHEM,7.15,7.15,7.15,7.15,250.0
2018-10-29 14:15:00,NSE:BIOFILCHEM,7.15,7.15,7.15,7.15,1532.0
2018-10-29 15:00:00,NSE:BIOFILCHEM,7.15,7.5,7.15,7.15,17.0
2018-10-30 09:45:00,NSE:BIOFILCHEM,7.15,7.15,7.15,7.15,4.0
2018-10-30 13:30:00,NSE:BIOFILCHEM,7.6,7.6,7.6,7.6,505.0
2018-10-30 15:00:00,NSE:BIOFILCHEM,7.6,7.6,7.6,7.6,500.0
2018-10-31 12:00:00,NSE:BIOFILCHEM,7.4,7.4,7.4,7.4,300.0
2018-10-31 14:15:00,NSE:BIOFILCHEM,7.5,7.5,7.5,7.5,56.0
2018-11-01 09:00:00,NSE:BIOFILCHEM,7.5,7.5,7.5,7.5,10.0
2018-11-01 09:45:00,NSE:BIOFILCHEM,7.15,7.15,7.15,7.15,502.0
2018-11-01 13:30:00,NSE:BIOFILCHEM,7.25,7.25,7.25,7.25,12.0
2018-11-02 09:45:00,NSE:BIOFILCHEM,7.3,7.3,7.3,7.3,196.0
2018-11-02 11:15:00,NSE:BIOFILCHEM,7.3,7.3,7.3,7.3,1158.0
2018-11-02 15:00:00,NSE:BIOFILCHEM,7.25,7.25,7.25,7.25,2900.0
2018-11-05 12:00:00,NSE:BIOFILCHEM,7.6,7.6,7.6,7.6,10.0
2018-11-06 09:00:00,NSE:BIOFILCHEM,7.3,7.3,7.3,7.3,10.0
2018-11-06 09:45:00,NSE:BIOFILCHEM,7.25,7.25,7.25,7.25,1000.0
2018-11-06 15:00:00,NSE:BIOFILCHEM,7.95,7.95,7.95,7.95,99.0
2018-11-09 11:15:00,NSE:BIOFILCHEM,7.7,7.7,7.7,7.7,150.0
2018-11-09 12:00:00,NSE:BIOFILCHEM,7.7,7.7,7.7,7.7,2260.0
2018-11-12 10:30:00,NSE:BIOFILCHEM,7.7,7.7,7.7,7.7,443.0
2018-11-12 12:00:00,NSE:BIOFILCHEM,7.7,7.7,7.7,7.7,50.0
2018-11-12 14:15:00,NSE:BIOFILCHEM,7.9,7.95,7.9,7.9,170.0
2018-11-12 15:00:00,NSE:BIOFILCHEM,8.05,8.05,8.05,8.05,20.0
2018-11-13 09:45:00,NSE:BIOFILCHEM,8.05,8.45,8.05,8.45,181.0
2018-11-13 10:30:00,NSE:BIOFILCHEM,8.1,8.1,8.1,8.1,100.0
2018-11-13 11:15:00,NSE:BIOFILCHEM,8.2,8.2,8.2,8.2,400.0
2018-11-13 12:00:00,NSE:BIOFILCHEM,8.2,8.45,8.2,8.25,543.0
2018-11-13 13:30:00,NSE:BIOFILCHEM,8.25,8.25,8.25,8.25,50.0
2018-11-13 15:00:00,NSE:BIOFILCHEM,8.45,8.45,8.45,8.45,5.0
2018-11-14 09:00:00,NSE:BIOFILCHEM,8.45,8.45,8.45,8.45,600.0
2018-11-14 09:45:00,NSE:BIOFILCHEM,8.45,8.8,8.45,8.45,534.0
2018-11-14 14:15:00,NSE:BIOFILCHEM,8.45,8.85,8.45,8.85,2821.0
2018-11-14 15:00:00,NSE:BIOFILCHEM,8.85,8.85,8.7,8.7,1005.0
2018-11-15 11:15:00,NSE:BIOFILCHEM,8.9,9.25,8.9,9.25,3228.0
2018-11-15 12:00:00,NSE:BIOFILCHEM,9.25,9.25,9.25,9.25,11.0
2018-11-15 12:45:00,NSE:BIOFILCHEM,9.25,9.25,9.25,9.25,1340.0
2018-11-15 14:15:00,NSE:BIOFILCHEM,8.45,8.45,8.45,8.45,501.0
2018-11-15 15:00:00,NSE:BIOFILCHEM,9.0,9.0,8.45,9.0,234.0
2018-11-16 11:15:00,NSE:BIOFILCHEM,9.0,9.0,8.35,8.35,1350.0
2018-11-16 12:00:00,NSE:BIOFILCHEM,9.0,9.0,8.35,8.35,640.0
2018-11-16 14:15:00,NSE:BIOFILCHEM,8.35,8.35,8.35,8.35,230.0
2018-11-16 15:00:00,NSE:BIOFILCHEM,8.35,8.35,8.35,8.35,302.0
2018-11-19 11:15:00,NSE:BIOFILCHEM,8.35,8.35,8.35,8.35,300.0
2018-11-19 12:45:00,NSE:BIOFILCHEM,7.95,7.95,7.95,7.95,50.0
2018-11-19 13:30:00,NSE:BIOFILCHEM,8.35,8.35,7.95,7.95,83.0
2018-11-19 15:00:00,NSE:BIOFILCHEM,7.95,7.95,7.95,7.95,10.0
2018-11-20 09:00:00,NSE:BIOFILCHEM,7.6,7.6,7.6,7.6,7.0
2018-11-20 09:45:00,NSE:BIOFILCHEM,7.8,7.8,7.65,7.65,547.0
2018-11-20 12:00:00,NSE:BIOFILCHEM,8.0,8.0,8.0,8.0,3.0
2018-11-20 12:45:00,NSE:BIOFILCHEM,7.65,7.65,7.6,7.6,2376.0
2018-11-20 13:30:00,NSE:BIOFILCHEM,7.6,7.6,7.6,7.6,50.0
2018-11-20 14:15:00,NSE:BIOFILCHEM,7.6,7.6,7.6,7.6,62.0
2018-11-20 15:00:00,NSE:BIOFILCHEM,7.6,7.6,7.6,7.6,20.0
2018-11-21 10:30:00,NSE:BIOFILCHEM,7.25,7.95,7.25,7.95,907.0
2018-11-21 12:00:00,NSE:BIOFILCHEM,7.95,7.95,7.25,7.25,6536.0
2018-11-21 12:45:00,NSE:BIOFILCHEM,7.25,7.25,7.25,7.25,150.0
2018-11-21 13:30:00,NSE:BIOFILCHEM,7.25,7.25,7.25,7.25,56.0
2018-11-21 14:15:00,NSE:BIOFILCHEM,7.25,7.25,7.25,7.25,750.0
2018-11-21 15:00:00,NSE:BIOFILCHEM,7.25,7.95,7.25,7.95,1100.0
2018-11-22 09:00:00,NSE:BIOFILCHEM,7.05,7.05,7.05,7.05,165.0
2018-11-22 10:30:00,NSE:BIOFILCHEM,7.75,7.75,7.75,7.75,11.0
2018-11-22 11:15:00,NSE:BIOFILCHEM,7.25,7.25,7.25,7.25,400.0
2018-11-22 12:00:00,NSE:BIOFILCHEM,7.25,7.25,7.25,7.25,100.0
2018-11-22 12:45:00,NSE:BIOFILCHEM,7.5,7.5,7.5,7.5,2.0
2018-11-22 14:15:00,NSE:BIOFILCHEM,7.25,7.25,7.05,7.05,568.0
2018-11-22 15:00:00,NSE:BIOFILCHEM,7.05,7.75,7.05,7.75,541.0
2018-11-26 09:45:00,NSE:BIOFILCHEM,7.25,7.25,7.25,7.25,3020.0
2018-11-26 12:00:00,NSE:BIOFILCHEM,7.25,7.25,7.25,7.25,12.0
2018-11-26 14:15:00,NSE:BIOFILCHEM,7.25,7.25,6.85,7.25,272.0
2018-11-27 09:45:00,NSE:BIOFILCHEM,7.0,7.0,7.0,7.0,2.0
2018-11-27 11:15:00,NSE:BIOFILCHEM,7.0,7.05,6.9,6.9,1000.0
2018-11-28 12:00:00,NSE:BIOFILCHEM,7.0,7.2,7.0,7.2,200.0
2018-11-28 13:30:00,NSE:BIOFILCHEM,7.2,7.2,7.2,7.2,200.0
2018-11-28 14:15:00,NSE:BIOFILCHEM,6.95,6.95,6.95,6.95,400.0
2018-11-29 09:45:00,NSE:BIOFILCHEM,7.25,7.25,7.25,7.25,200.0
2018-11-29 10:30:00,NSE:BIOFILCHEM,7.25,7.25,7.25,7.25,100.0
2018-11-29 12:00:00,NSE:BIOFILCHEM,7.25,7.25,7.25,7.25,200.0
2018-11-29 12:45:00,NSE:BIOFILCHEM,7.25,7.25,7.25,7.25,100.0
2018-11-29 14:15:00,NSE:BIOFILCHEM,7.25,7.25,7.25,7.25,530.0
2018-11-29 15:00:00,NSE:BIOFILCHEM,6.65,7.25,6.65,7.25,1105.0
2018-11-30 11:15:00,NSE:BIOFILCHEM,6.9,6.9,6.9,6.9,37.0
2018-11-30 12:00:00,NSE:BIOFILCHEM,6.9,6.9,6.9,6.9,100.0
2018-11-30 14:15:00,NSE:BIOFILCHEM,6.95,6.95,6.95,6.95,78.0
2018-11-30 15:00:00,NSE:BIOFILCHEM,6.95,6.95,6.95,6.95,10.0
2018-12-03 09:45:00,NSE:BIOFILCHEM,7.0,7.0,7.0,7.0,10.0
2018-12-03 14:15:00,NSE:BIOFILCHEM,7.1,7.1,7.1,7.1,100.0
2018-12-03 15:00:00,NSE:BIOFILCHEM,7.0,7.0,7.0,7.0,12.0
2018-12-04 09:45:00,NSE:BIOFILCHEM,7.2,7.4,7.2,7.4,930.0
2018-12-04 10:30:00,NSE:BIOFILCHEM,7.3,7.3,7.3,7.3,3.0
2018-12-04 11:15:00,NSE:BIOFILCHEM,7.3,7.3,7.3,7.3,100.0
2018-12-04 12:00:00,NSE:BIOFILCHEM,7.3,7.3,7.3,7.3,30.0
2018-12-04 13:30:00,NSE:BIOFILCHEM,7.3,7.3,7.3,7.3,50.0
2018-12-05 09:00:00,NSE:BIOFILCHEM,7.3,7.3,7.3,7.3,300.0
2018-12-05 09:45:00,NSE:BIOFILCHEM,7.3,7.3,7.3,7.3,700.0
2018-12-05 10:30:00,NSE:BIOFILCHEM,7.3,7.3,7.3,7.3,50.0
2018-12-05 12:00:00,NSE:BIOFILCHEM,6.95,7.3,6.95,7.3,350.0
2018-12-05 12:45:00,NSE:BIOFILCHEM,7.3,7.3,7.3,7.3,10.0
2018-12-05 15:00:00,NSE:BIOFILCHEM,7.1,7.1,6.95,6.95,645.0
2018-12-06 09:00:00,NSE:BIOFILCHEM,6.95,6.95,6.9,6.9,5183.0
2018-12-06 09:45:00,NSE:BIOFILCHEM,6.9,6.9,6.9,6.9,360.0
2018-12-06 10:30:00,NSE:BIOFILCHEM,7.25,7.25,6.9,6.9,250.0
2018-12-06 11:15:00,NSE:BIOFILCHEM,7.25,7.25,7.25,7.25,500.0
2018-12-06 12:00:00,NSE:BIOFILCHEM,7.2,7.2,7.2,7.2,225.0
2018-12-06 13:30:00,NSE:BIOFILCHEM,7.15,7.15,7.15,7.15,307.0
2018-12-07 09:00:00,NSE:BIOFILCHEM,7.45,7.45,7.45,7.45,1000.0
2018-12-07 10:30:00,NSE:BIOFILCHEM,7.25,7.25,7.25,7.25,1.0
2018-12-07 12:00:00,NSE:BIOFILCHEM,7.45,7.45,7.15,7.45,2000.0
2018-12-07 14:15:00,NSE:BIOFILCHEM,7.3,7.3,7.3,7.3,1.0
2018-12-07 15:00:00,NSE:BIOFILCHEM,7.0,7.0,7.0,7.0,100.0
2018-12-10 11:15:00,NSE:BIOFILCHEM,7.0,7.0,7.0,7.0,288.0
2018-12-10 13:30:00,NSE:BIOFILCHEM,7.0,7.0,7.0,7.0,15.0
2018-12-11 09:00:00,NSE:BIOFILCHEM,7.0,7.0,7.0,7.0,380.0
2018-12-11 09:45:00,NSE:BIOFILCHEM,6.7,6.7,6.7,6.7,250.0
2018-12-11 10:30:00,NSE:BIOFILCHEM,6.7,6.7,6.7,6.7,150.0
2018-12-11 12:45:00,NSE:BIOFILCHEM,6.7,6.7,6.7,6.7,200.0
2018-12-11 15:00:00,NSE:BIOFILCHEM,6.75,6.75,6.75,6.75,3.0
2018-12-12 15:00:00,NSE:BIOFILCHEM,6.75,6.75,6.75,6.75,1.0
2018-12-13 10:30:00,NSE:BIOFILCHEM,6.75,6.75,6.75,6.75,46.0
2018-12-13 12:45:00,NSE:BIOFILCHEM,6.75,6.75,6.75,6.75,10.0
2018-12-13 13:30:00,NSE:BIOFILCHEM,6.7,6.7,6.7,6.7,500.0
2018-12-14 09:00:00,NSE:BIOFILCHEM,6.6,6.6,6.6,6.6,139.0
2018-12-14 10:30:00,NSE:BIOFILCHEM,6.6,6.6,6.6,6.6,30.0
2018-12-14 12:00:00,NSE:BIOFILCHEM,7.0,7.0,7.0,7.0,205.0
2018-12-14 13:30:00,NSE:BIOFILCHEM,6.65,6.65,6.6,6.6,341.0
2018-12-14 15:00:00,NSE:BIOFILCHEM,6.95,6.95,6.95,6.95,50.0
2018-12-17 10:30:00,NSE:BIOFILCHEM,7.25,7.25,7.25,7.25,649.0
2018-12-17 11:15:00,NSE:BIOFILCHEM,7.15,7.15,7.15,7.15,100.0
2018-12-17 12:00:00,NSE:BIOFILCHEM,7.1,7.1,7.1,7.1,172.0
2018-12-17 14:15:00,NSE:BIOFILCHEM,7.1,7.1,7.1,7.1,250.0
2018-12-18 10:30:00,NSE:BIOFILCHEM,7.1,7.45,7.1,7.45,171.0
2018-12-18 11:15:00,NSE:BIOFILCHEM,7.4,7.4,7.4,7.4,5.0
2018-12-18 12:00:00,NSE:BIOFILCHEM,7.2,7.2,7.2,7.2,10.0
2018-12-18 12:45:00,NSE:BIOFILCHEM,7.2,7.2,7.2,7.2,20.0
2018-12-18 13:30:00,NSE:BIOFILCHEM,7.2,7.2,7.2,7.2,10.0
2018-12-18 15:00:00,NSE:BIOFILCHEM,7.2,7.2,7.2,7.2,55.0
2018-12-19 13:30:00,NSE:BIOFILCHEM,7.2,7.2,7.2,7.2,3.0
2018-12-19 14:15:00,NSE:BIOFILCHEM,7.2,7.2,7.2,7.2,797.0
2018-12-19 15:00:00,NSE:BIOFILCHEM,7.0,7.0,7.0,7.0,250.0
2018-12-20 12:00:00,NSE:BIOFILCHEM,7.2,7.2,7.2,7.2,10.0
2018-12-20 12:45:00,NSE:BIOFILCHEM,6.75,7.2,6.75,7.2,246.0
2018-12-20 13:30:00,NSE:BIOFILCHEM,7.2,7.2,7.2,7.2,1.0
2018-12-20 15:00:00,NSE:BIOFILCHEM,6.75,7.45,6.75,7.45,88.0
2018-12-21 09:00:00,NSE:BIOFILCHEM,7.1,7.6,7.1,7.6,501.0
2018-12-24 09:00:00,NSE:BIOFILCHEM,7.6,7.6,7.6,7.6,197.0
2018-12-24 11:15:00,NSE:BIOFILCHEM,7.6,7.6,7.6,7.6,100.0
2018-12-24 14:15:00,NSE:BIOFILCHEM,7.6,7.6,7.6,7.6,25.0
2018-12-24 15:00:00,NSE:BIOFILCHEM,7.6,7.6,7.6,7.6,50.0
2018-12-26 09:00:00,NSE:BIOFILCHEM,7.95,7.95,7.95,7.95,1000.0
2018-12-26 09:45:00,NSE:BIOFILCHEM,7.45,7.45,7.25,7.25,124.0
2018-12-26 11:15:00,NSE:BIOFILCHEM,7.25,7.25,7.25,7.25,10.0
2018-12-26 12:45:00,NSE:BIOFILCHEM,7.25,7.25,7.25,7.25,100.0
2018-12-26 13:30:00,NSE:BIOFILCHEM,7.25,7.25,7.25,7.25,10.0
2018-12-27 11:15:00,NSE:BIOFILCHEM,6.9,6.9,6.9,6.9,200.0
2018-12-27 12:00:00,NSE:BIOFILCHEM,6.9,6.9,6.9,6.9,50.0
2018-12-27 15:00:00,NSE:BIOFILCHEM,6.9,6.9,6.9,6.9,125.0
2018-12-28 09:00:00,NSE:BIOFILCHEM,6.9,6.9,6.9,6.9,2.0
2018-12-28 11:15:00,NSE:BIOFILCHEM,6.9,6.9,6.6,6.6,151.0
2018-12-28 12:00:00,NSE:BIOFILCHEM,6.6,7.2,6.6,7.2,1812.0
2018-12-28 12:45:00,NSE:BIOFILCHEM,7.2,7.2,7.2,7.2,25.0
2018-12-28 15:00:00,NSE:BIOFILCHEM,6.6,7.0,6.6,7.0,132.0
2018-12-31 11:15:00,NSE:BIOFILCHEM,6.65,6.65,6.65,6.65,524.0
2018-12-31 12:00:00,NSE:BIOFILCHEM,6.65,6.9,6.65,6.9,501.0
2018-12-31 12:45:00,NSE:BIOFILCHEM,6.9,6.9,6.9,6.9,700.0
2018-12-31 13:30:00,NSE:BIOFILCHEM,6.9,6.9,6.9,6.9,895.0
2018-12-31 15:00:00,NSE:BIOFILCHEM,6.85,6.85,6.85,6.85,600.0
2019-01-01 12:00:00,NSE:BIOFILCHEM,6.85,6.85,6.85,6.85,300.0
2019-01-01 12:45:00,NSE:BIOFILCHEM,7.05,7.05,7.05,7.05,300.0
2019-01-01 13:30:00,NSE:BIOFILCHEM,6.95,6.95,6.95,6.95,10.0
2019-01-01 14:15:00,NSE:BIOFILCHEM,6.95,6.95,6.95,6.95,10.0
2019-01-02 11:15:00,NSE:BIOFILCHEM,6.65,6.65,6.65,6.65,10.0
2019-01-02 12:00:00,NSE:BIOFILCHEM,6.65,6.65,6.65,6.65,1.0
2019-01-02 15:00:00,NSE:BIOFILCHEM,7.15,7.15,7.15,7.15,31.0
2019-01-03 12:00:00,NSE:BIOFILCHEM,7.0,7.0,7.0,7.0,40.0
2019-01-03 12:45:00,NSE:BIOFILCHEM,6.8,6.8,6.8,6.8,238.0
2019-01-03 13:30:00,NSE:BIOFILCHEM,6.8,6.8,6.8,6.8,92.0
2019-01-03 15:00:00,NSE:BIOFILCHEM,7.1,7.1,7.1,7.1,42.0
2019-01-04 09:00:00,NSE:BIOFILCHEM,6.75,6.75,6.75,6.75,10.0
2019-01-04 10:30:00,NSE:BIOFILCHEM,7.2,7.2,7.0,7.0,16.0
2019-01-04 12:00:00,NSE:BIOFILCHEM,6.75,6.75,6.75,6.75,247.0
2019-01-04 14:15:00,NSE:BIOFILCHEM,6.75,6.75,6.75,6.75,500.0
2019-01-04 15:00:00,NSE:BIOFILCHEM,6.75,6.85,6.75,6.85,958.0
2019-01-07 09:00:00,NSE:BIOFILCHEM,7.1,7.1,6.5,6.5,118.0
2019-01-07 10:30:00,NSE:BIOFILCHEM,6.5,6.5,6.5,6.5,400.0
2019-01-07 13:30:00,NSE:BIOFILCHEM,6.5,6.5,6.5,6.5,753.0
2019-01-07 15:00:00,NSE:BIOFILCHEM,6.95,6.95,6.95,6.95,507.0
2019-01-08 09:45:00,NSE:BIOFILCHEM,7.2,7.2,7.2,7.2,83.0
2019-01-08 10:30:00,NSE:BIOFILCHEM,7.2,7.2,7.2,7.2,3.0
2019-01-08 13:30:00,NSE:BIOFILCHEM,7.0,7.0,7.0,7.0,51.0
2019-01-09 09:00:00,NSE:BIOFILCHEM,7.0,7.0,7.0,7.0,13.0
2019-01-09 12:00:00,NSE:BIOFILCHEM,6.65,6.65,6.65,6.65,130.0
2019-01-09 12:45:00,NSE:BIOFILCHEM,6.65,6.65,6.65,6.65,245.0
2019-01-09 15:00:00,NSE:BIOFILCHEM,6.65,6.7,6.65,6.7,1010.0
2019-01-10 14:15:00,NSE:BIOFILCHEM,6.85,6.85,6.85,6.85,90.0
2019-01-11 09:00:00,NSE:BIOFILCHEM,6.85,7.0,6.85,7.0,200.0
2019-01-11 12:00:00,NSE:BIOFILCHEM,6.85,6.85,6.85,6.85,50.0
2019-01-11 12:45:00,NSE:BIOFILCHEM,6.85,6.85,6.85,6.85,160.0
2019-01-11 14:15:00,NSE:BIOFILCHEM,6.85,6.85,6.85,6.85,1.0
2019-01-14 09:00:00,NSE:BIOFILCHEM,7.1,7.1,6.55,6.55,189.0
2019-01-14 11:15:00,NSE:BIOFILCHEM,7.0,7.0,6.6,6.6,1069.0
2019-01-14 12:45:00,NSE:BIOFILCHEM,6.6,6.6,6.6,6.6,500.0
2019-01-14 15:00:00,NSE:BIOFILCHEM,7.0,7.0,7.0,7.0,6.0
2019-01-15 09:45:00,NSE:BIOFILCHEM,7.0,7.0,7.0,7.0,118.0
2019-01-15 14:15:00,NSE:BIOFILCHEM,6.65,7.0,6.65,7.0,12.0
2019-01-16 09:00:00,NSE:BIOFILCHEM,7.0,7.0,7.0,7.0,10.0
2019-01-16 09:45:00,NSE:BIOFILCHEM,7.0,7.0,7.0,7.0,10.0
2019-01-16 10:30:00,NSE:BIOFILCHEM,6.85,6.85,6.85,6.85,1.0
2019-01-16 13:30:00,NSE:BIOFILCHEM,6.85,6.85,6.85,6.85,100.0
2019-01-17 13:30:00,NSE:BIOFILCHEM,6.85,6.85,6.65,6.65,105.0
2019-01-17 14:15:00,NSE:BIOFILCHEM,6.65,6.65,6.65,6.65,1700.0
2019-01-18 15:00:00,NSE:BIOFILCHEM,6.5,6.6,6.5,6.6,483.0
2019-01-21 09:45:00,NSE:BIOFILCHEM,6.9,6.9,6.9,6.9,10.0
2019-01-21 10:30:00,NSE:BIOFILCHEM,6.9,6.9,6.9,6.9,1.0
2019-01-21 12:45:00,NSE:BIOFILCHEM,6.9,6.9,6.9,6.9,500.0
2019-01-21 13:30:00,NSE:BIOFILCHEM,6.9,6.9,6.9,6.9,10.0
2019-01-21 14:15:00,NSE:BIOFILCHEM,6.9,6.9,6.9,6.9,1.0
2019-01-22 09:45:00,NSE:BIOFILCHEM,6.9,6.9,6.9,6.9,11.0
2019-01-23 13:30:00,NSE:BIOFILCHEM,6.6,6.6,6.6,6.6,5.0
2019-01-23 15:00:00,NSE:BIOFILCHEM,6.6,6.6,6.6,6.6,100.0
2019-01-24 09:00:00,NSE:BIOFILCHEM,6.6,6.6,6.3,6.3,346.0
2019-01-24 11:15:00,NSE:BIOFILCHEM,6.8,6.8,6.8,6.8,10.0
2019-01-24 12:45:00,NSE:BIOFILCHEM,6.75,6.75,6.75,6.75,100.0
2019-01-24 15:00:00,NSE:BIOFILCHEM,6.7,6.7,6.7,6.7,10.0
2019-01-25 12:00:00,NSE:BIOFILCHEM,6.7,6.7,6.7,6.7,1.0
2019-01-25 12:45:00,NSE:BIOFILCHEM,6.7,6.7,6.7,6.7,51.0
2019-01-25 13:30:00,NSE:BIOFILCHEM,6.7,7.0,6.7,7.0,48.0
2019-01-25 14:15:00,NSE:BIOFILCHEM,7.0,7.0,7.0,7.0,75.0
2019-01-29 10:30:00,NSE:BIOFILCHEM,6.95,6.95,6.95,6.95,10.0
2019-01-29 12:45:00,NSE:BIOFILCHEM,6.65,6.65,6.65,6.65,7.0
2019-01-29 13:30:00,NSE:BIOFILCHEM,6.65,6.65,6.65,6.65,223.0
2019-01-29 14:15:00,NSE:BIOFILCHEM,6.65,6.95,6.65,6.95,11.0
2019-01-30 09:00:00,NSE:BIOFILCHEM,6.95,6.95,6.95,6.95,2.0
2019-01-30 09:45:00,NSE:BIOFILCHEM,6.65,6.65,6.65,6.65,165.0
2019-01-30 12:00:00,NSE:BIOFILCHEM,6.65,6.65,6.65,6.65,60.0
2019-01-30 15:00:00,NSE:BIOFILCHEM,6.95,6.95,6.95,6.95,25.0
2019-01-31 11:15:00,NSE:BIOFILCHEM,6.7,6.7,6.7,6.7,1140.0
2019-01-31 12:00:00,NSE:BIOFILCHEM,6.7,6.7,6.7,6.7,50.0
2019-01-31 12:45:00,NSE:BIOFILCHEM,6.95,6.95,6.7,6.7,400.0
2019-01-31 13:30:00,NSE:BIOFILCHEM,6.7,6.7,6.7,6.7,82.0
2019-01-31 15:00:00,NSE:BIOFILCHEM,6.95,6.95,6.95,6.95,25.0
2019-02-01 11:15:00,NSE:BIOFILCHEM,6.75,6.75,6.75,6.75,1000.0
2019-02-01 12:45:00,NSE:BIOFILCHEM,6.75,6.75,6.75,6.75,36.0
2019-02-01 14:15:00,NSE:BIOFILCHEM,6.75,6.75,6.75,6.75,100.0
2019-02-04 11:15:00,NSE:BIOFILCHEM,6.7,6.7,6.45,6.45,3000.0
2019-02-04 12:00:00,NSE:BIOFILCHEM,6.45,6.45,6.45,6.45,20.0
2019-02-04 13:30:00,NSE:BIOFILCHEM,6.45,6.45,6.45,6.45,3.0
2019-02-05 10:30:00,NSE:BIOFILCHEM,6.15,6.15,6.15,6.15,690.0
2019-02-05 12:00:00,NSE:BIOFILCHEM,6.15,6.15,6.15,6.15,468.0
2019-02-05 12:45:00,NSE:BIOFILCHEM,6.5,6.5,6.5,6.5,2.0
2019-02-05 14:15:00,NSE:BIOFILCHEM,6.15,6.15,6.15,6.15,1.0
2019-02-05 15:00:00,NSE:BIOFILCHEM,6.5,6.5,6.5,6.5,15.0
2019-02-06 12:45:00,NSE:BIOFILCHEM,6.5,6.5,6.5,6.5,2.0
2019-02-08 12:45:00,NSE:BIOFILCHEM,6.4,6.4,6.4,6.4,14.0
2019-02-08 13:30:00,NSE:BIOFILCHEM,6.4,6.4,6.4,6.4,2.0
2019-02-11 09:00:00,NSE:BIOFILCHEM,6.4,6.4,6.4,6.4,10.0
2019-02-11 11:15:00,NSE:BIOFILCHEM,6.4,6.4,6.4,6.4,50.0
2019-02-11 13:30:00,NSE:BIOFILCHEM,6.4,6.4,6.4,6.4,100.0
2019-02-13 09:45:00,NSE:BIOFILCHEM,6.4,6.4,6.4,6.4,70.0
2019-02-13 10:30:00,NSE:BIOFILCHEM,6.4,6.4,6.4,6.4,183.0
2019-02-13 11:15:00,NSE:BIOFILCHEM,6.1,6.1,6.1,6.1,481.0
2019-02-13 12:45:00,NSE:BIOFILCHEM,6.4,6.4,6.4,6.4,150.0
2019-02-14 09:00:00,NSE:BIOFILCHEM,6.6,6.7,6.4,6.4,2360.0
2019-02-14 09:45:00,NSE:BIOFILCHEM,6.4,6.4,6.4,6.4,640.0
2019-02-14 10:30:00,NSE:BIOFILCHEM,6.4,6.4,6.4,6.4,5.0
2019-02-14 11:15:00,NSE:BIOFILCHEM,6.1,6.1,6.1,6.1,50.0
2019-02-14 14:15:00,NSE:BIOFILCHEM,6.1,6.4,6.1,6.4,402.0
2019-02-14 15:00:00,NSE:BIOFILCHEM,6.1,6.1,6.1,6.1,250.0
2019-02-15 09:45:00,NSE:BIOFILCHEM,6.1,6.1,6.1,6.1,50.0
2019-02-15 11:15:00,NSE:BIOFILCHEM,6.1,6.1,6.1,6.1,50.0
2019-02-15 12:45:00,NSE:BIOFILCHEM,5.8,5.8,5.8,5.8,202.0
2019-02-15 14:15:00,NSE:BIOFILCHEM,5.8,5.8,5.8,5.8,198.0
2019-02-15 15:00:00,NSE:BIOFILCHEM,6.1,6.1,6.1,6.1,1555.0
2019-02-18 09:00:00,NSE:BIOFILCHEM,6.1,6.1,6.1,6.1,9.0
2019-02-18 11:15:00,NSE:BIOFILCHEM,6.1,6.1,6.1,6.1,10.0
2019-02-18 13:30:00,NSE:BIOFILCHEM,5.9,5.9,5.9,5.9,10.0
2019-02-18 14:15:00,NSE:BIOFILCHEM,6.1,6.1,6.1,6.1,132.0
2019-02-18 15:00:00,NSE:BIOFILCHEM,5.9,6.4,5.9,6.4,60.0
2019-02-19 09:00:00,NSE:BIOFILCHEM,6.1,6.4,6.0,6.0,601.0
2019-02-19 09:45:00,NSE:BIOFILCHEM,6.0,6.0,6.0,6.0,100.0
2019-02-19 12:45:00,NSE:BIOFILCHEM,6.0,6.0,6.0,6.0,510.0
2019-02-19 13:30:00,NSE:BIOFILCHEM,6.0,6.0,6.0,6.0,4.0
2019-02-20 09:00:00,NSE:BIOFILCHEM,6.0,6.0,6.0,6.0,9.0
2019-02-20 09:45:00,NSE:BIOFILCHEM,6.0,6.0,6.0,6.0,491.0
2019-02-20 10:30:00,NSE:BIOFILCHEM,5.75,6.3,5.75,6.3,615.0
2019-02-20 12:45:00,NSE:BIOFILCHEM,5.8,6.2,5.8,6.2,140.0
2019-02-20 14:15:00,NSE:BIOFILCHEM,5.8,5.8,5.75,5.75,155.0
2019-02-20 15:00:00,NSE:BIOFILCHEM,6.3,6.3,6.3,6.3,36.0
2019-02-21 09:00:00,NSE:BIOFILCHEM,6.0,6.0,6.0,6.0,3.0
2019-02-21 09:45:00,NSE:BIOFILCHEM,6.0,6.0,6.0,6.0,1.0
2019-02-21 13:30:00,NSE:BIOFILCHEM,6.1,6.1,6.1,6.1,100.0
2019-02-21 14:15:00,NSE:BIOFILCHEM,6.1,6.1,6.1,6.1,200.0
2019-02-22 09:00:00,NSE:BIOFILCHEM,6.1,6.1,6.1,6.1,1500.0
2019-02-22 09:45:00,NSE:BIOFILCHEM,6.3,6.3,6.3,6.3,225.0
2019-02-22 10:30:00,NSE:BIOFILCHEM,6.1,6.1,6.1,6.1,225.0
2019-02-22 11:15:00,NSE:BIOFILCHEM,6.1,6.1,6.1,6.1,200.0
2019-02-22 12:00:00,NSE:BIOFILCHEM,6.1,6.1,6.1,6.1,1.0
2019-02-22 12:45:00,NSE:BIOFILCHEM,6.1,6.1,6.1,6.1,236.0
2019-02-22 14:15:00,NSE:BIOFILCHEM,6.1,6.1,6.1,6.1,200.0
2019-02-22 15:00:00,NSE:BIOFILCHEM,6.1,6.1,6.1,6.1,1000.0
2019-02-25 09:00:00,NSE:BIOFILCHEM,6.3,6.3,6.3,6.3,15.0
2019-02-25 09:45:00,NSE:BIOFILCHEM,6.4,6.4,6.4,6.4,150.0
2019-02-25 10:30:00,NSE:BIOFILCHEM,6.0,6.4,6.0,6.4,177.0
2019-02-25 13:30:00,NSE:BIOFILCHEM,6.4,6.4,6.4,6.4,425.0
2019-02-25 14:15:00,NSE:BIOFILCHEM,6.4,6.4,6.4,6.4,1.0
2019-02-25 15:00:00,NSE:BIOFILCHEM,6.4,6.4,6.4,6.4,2.0
2019-02-26 09:00:00,NSE:BIOFILCHEM,6.7,6.7,6.5,6.5,43.0
2019-02-26 10:30:00,NSE:BIOFILCHEM,6.5,6.5,6.5,6.5,5.0
2019-02-26 11:15:00,NSE:BIOFILCHEM,6.25,6.25,6.25,6.25,200.0
2019-02-26 12:00:00,NSE:BIOFILCHEM,6.5,6.5,6.5,6.5,100.0
2019-02-27 09:45:00,NSE:BIOFILCHEM,6.8,6.8,6.3,6.3,105.0
2019-02-27 10:30:00,NSE:BIOFILCHEM,6.8,6.8,6.8,6.8,301.0
2019-02-27 11:15:00,NSE:BIOFILCHEM,6.3,6.3,6.3,6.3,109.0
2019-02-27 12:00:00,NSE:BIOFILCHEM,6.4,6.4,6.4,6.4,300.0
2019-02-28 09:00:00,NSE:BIOFILCHEM,6.7,6.7,6.7,6.7,5.0
2019-02-28 09:45:00,NSE:BIOFILCHEM,6.6,6.7,6.6,6.7,1027.0
2019-02-28 10:30:00,NSE:BIOFILCHEM,6.1,6.7,6.1,6.7,154.0
2019-02-28 11:15:00,NSE:BIOFILCHEM,6.7,6.7,6.7,6.7,1.0
2019-02-28 12:00:00,NSE:BIOFILCHEM,6.7,6.7,6.7,6.7,100.0
2019-02-28 13:30:00,NSE:BIOFILCHEM,6.1,6.1,6.1,6.1,616.0
2019-02-28 14:15:00,NSE:BIOFILCHEM,6.7,6.7,6.7,6.7,75.0
2019-03-01 11:15:00,NSE:BIOFILCHEM,6.4,6.4,6.4,6.4,5.0
2019-03-01 12:00:00,NSE:BIOFILCHEM,6.9,6.9,6.9,6.9,100.0
2019-03-01 14:15:00,NSE:BIOFILCHEM,6.9,6.9,6.9,6.9,401.0
2019-03-01 15:00:00,NSE:BIOFILCHEM,6.75,6.75,6.75,6.75,104.0
2019-03-05 09:00:00,NSE:BIOFILCHEM,6.75,6.75,6.75,6.75,200.0
2019-03-05 10:30:00,NSE:BIOFILCHEM,6.75,6.75,6.75,6.75,3.0
2019-03-05 12:00:00,NSE:BIOFILCHEM,6.75,6.75,6.75,6.75,733.0
2019-03-06 09:45:00,NSE:BIOFILCHEM,6.75,6.75,6.75,6.75,20.0
2019-03-07 09:00:00,NSE:BIOFILCHEM,6.75,6.75,6.75,6.75,300.0
2019-03-07 09:45:00,NSE:BIOFILCHEM,6.75,6.75,6.75,6.75,40.0
2019-03-07 11:15:00,NSE:BIOFILCHEM,6.7,6.7,6.7,6.7,100.0
2019-03-07 15:00:00,NSE:BIOFILCHEM,6.7,6.7,6.7,6.7,200.0
2019-03-08 09:00:00,NSE:BIOFILCHEM,6.7,6.7,6.7,6.7,30.0
2019-03-08 10:30:00,NSE:BIOFILCHEM,6.5,6.7,6.5,6.7,150.0
2019-03-08 11:15:00,NSE:BIOFILCHEM,6.7,6.7,6.7,6.7,50.0
2019-03-08 13:30:00,NSE:BIOFILCHEM,6.7,6.7,6.7,6.7,15.0
2019-03-08 15:00:00,NSE:BIOFILCHEM,6.7,6.7,6.7,6.7,348.0
2019-03-11 09:00:00,NSE:BIOFILCHEM,7.0,7.0,7.0,7.0,60.0
2019-03-11 09:45:00,NSE:BIOFILCHEM,7.0,7.0,7.0,7.0,2801.0
2019-03-11 10:30:00,NSE:BIOFILCHEM,7.0,7.0,7.0,7.0,540.0
2019-03-11 11:15:00,NSE:BIOFILCHEM,7.0,7.0,7.0,7.0,1001.0
2019-03-11 14:15:00,NSE:BIOFILCHEM,7.0,7.0,7.0,7.0,20.0
2019-03-12 09:00:00,NSE:BIOFILCHEM,7.35,7.35,7.0,7.35,2575.0
2019-03-12 10:30:00,NSE:BIOFILCHEM,7.35,7.35,7.35,7.35,300.0
2019-03-12 11:15:00,NSE:BIOFILCHEM,6.9,6.9,6.9,6.9,65.0
2019-03-12 12:00:00,NSE:BIOFILCHEM,7.35,7.35,6.9,6.9,48.0
2019-03-12 12:45:00,NSE:BIOFILCHEM,7.35,7.35,7.35,7.35,1500.0
2019-03-12 13:30:00,NSE:BIOFILCHEM,7.35,7.35,7.35,7.35,550.0
2019-03-12 14:15:00,NSE:BIOFILCHEM,7.35,7.35,7.35,7.35,300.0
2019-03-12 15:00:00,NSE:BIOFILCHEM,7.35,7.35,7.35,7.35,851.0
2019-03-13 09:00:00,NSE:BIOFILCHEM,7.4,7.4,7.4,7.4,330.0
2019-03-13 09:45:00,NSE:BIOFILCHEM,7.4,7.4,7.4,7.4,400.0
2019-03-13 10:30:00,NSE:BIOFILCHEM,7.4,7.4,7.4,7.4,637.0
2019-03-13 11:15:00,NSE:BIOFILCHEM,7.45,7.6,7.45,7.6,300.0
2019-03-13 12:00:00,NSE:BIOFILCHEM,7.6,7.6,7.6,7.6,1150.0
2019-03-13 12:45:00,NSE:BIOFILCHEM,7.6,7.6,7.6,7.6,1000.0
2019-03-13 15:00:00,NSE:BIOFILCHEM,7.55,7.55,7.55,7.55,150.0
2019-03-14 10:30:00,NSE:BIOFILCHEM,7.55,7.55,7.55,7.55,40.0
2019-03-14 12:00:00,NSE:BIOFILCHEM,7.4,7.4,7.4,7.4,6916.0
2019-03-14 13:30:00,NSE:BIOFILCHEM,7.6,7.75,7.6,7.75,1000.0
2019-03-14 14:15:00,NSE:BIOFILCHEM,7.45,7.45,7.45,7.45,1010.0
2019-03-14 15:00:00,NSE:BIOFILCHEM,7.7,7.7,7.7,7.7,450.0
2019-03-15 09:00:00,NSE:BIOFILCHEM,7.7,7.7,7.7,7.7,10.0
2019-03-15 09:45:00,NSE:BIOFILCHEM,7.7,7.7,7.7,7.7,110.0
2019-03-15 10:30:00,NSE:BIOFILCHEM,7.65,7.65,7.65,7.65,10.0
2019-03-15 11:15:00,NSE:BIOFILCHEM,7.65,7.65,7.65,7.65,150.0
2019-03-15 12:00:00,NSE:BIOFILCHEM,7.65,7.65,7.5,7.5,1030.0
2019-03-15 12:45:00,NSE:BIOFILCHEM,7.65,7.65,7.65,7.65,30.0
2019-03-15 13:30:00,NSE:BIOFILCHEM,7.65,7.65,7.65,7.65,411.0
2019-03-15 15:00:00,NSE:BIOFILCHEM,7.5,7.5,7.5,7.5,100.0
2019-03-18 09:00:00,NSE:BIOFILCHEM,7.25,7.3,7.25,7.3,30.0
2019-03-18 12:00:00,NSE:BIOFILCHEM,7.3,7.3,7.3,7.3,50.0
2019-03-18 14:15:00,NSE:BIOFILCHEM,7.3,7.3,7.3,7.3,20.0
2019-03-18 15:00:00,NSE:BIOFILCHEM,7.3,7.5,7.3,7.5,2704.0
2019-03-19 10:30:00,NSE:BIOFILCHEM,7.45,7.6,7.0,7.6,440.0
2019-03-19 11:15:00,NSE:BIOFILCHEM,7.6,7.6,7.6,7.6,500.0
2019-03-19 12:00:00,NSE:BIOFILCHEM,7.6,7.6,7.0,7.0,53.0
2019-03-19 12:45:00,NSE:BIOFILCHEM,7.7,7.7,7.7,7.7,500.0
2019-03-19 13:30:00,NSE:BIOFILCHEM,7.05,7.05,7.05,7.05,50.0
2019-03-20 09:00:00,NSE:BIOFILCHEM,6.7,6.7,6.7,6.7,300.0
2019-03-20 09:45:00,NSE:BIOFILCHEM,7.4,7.4,7.4,7.4,10.0
2019-03-20 10:30:00,NSE:BIOFILCHEM,7.4,7.4,7.4,7.4,10.0
2019-03-20 11:15:00,NSE:BIOFILCHEM,7.4,7.4,7.4,7.4,200.0
2019-03-20 12:00:00,NSE:BIOFILCHEM,7.4,7.4,7.4,7.4,1.0
2019-03-20 15:00:00,NSE:BIOFILCHEM,7.2,7.2,7.2,7.2,4000.0
2019-03-22 09:00:00,NSE:BIOFILCHEM,6.85,6.85,6.85,6.85,36.0
2019-03-22 09:45:00,NSE:BIOFILCHEM,6.85,6.85,6.85,6.85,165.0
2019-03-22 11:15:00,NSE:BIOFILCHEM,6.85,6.9,6.85,6.85,500.0
2019-03-22 12:00:00,NSE:BIOFILCHEM,7.4,7.4,7.4,7.4,400.0
2019-03-25 13:30:00,NSE:BIOFILCHEM,7.35,7.75,7.15,7.15,3582.0
2019-03-25 14:15:00,NSE:BIOFILCHEM,7.15,7.75,7.15,7.75,56.0
2019-03-25 15:00:00,NSE:BIOFILCHEM,7.15,7.15,7.15,7.15,372.0
2019-03-26 12:00:00,NSE:BIOFILCHEM,7.15,7.15,6.8,6.8,113.0
2019-03-26 12:45:00,NSE:BIOFILCHEM,6.8,6.8,6.8,6.8,186.0
2019-03-26 13:30:00,NSE:BIOFILCHEM,6.8,6.8,6.8,6.8,61.0
2019-03-26 15:00:00,NSE:BIOFILCHEM,6.8,6.8,6.8,6.8,1.0
2019-03-27 09:00:00,NSE:BIOFILCHEM,6.8,6.8,6.8,6.8,50.0
2019-03-27 12:00:00,NSE:BIOFILCHEM,6.8,6.8,6.8,6.8,200.0
2019-03-28 09:45:00,NSE:BIOFILCHEM,7.1,7.1,7.1,7.1,300.0
2019-03-28 10:30:00,NSE:BIOFILCHEM,6.55,6.55,6.55,6.55,45.0
2019-03-28 15:00:00,NSE:BIOFILCHEM,6.65,6.65,6.65,6.65,40.0
2019-03-29 09:00:00,NSE:BIOFILCHEM,6.65,6.65,6.65,6.65,58.0
2019-03-29 10:30:00,NSE:BIOFILCHEM,6.65,6.65,6.65,6.65,404.0
2019-03-29 11:15:00,NSE:BIOFILCHEM,6.65,6.65,6.65,6.65,100.0
2019-03-29 12:00:00,NSE:BIOFILCHEM,6.65,6.65,6.65,6.65,17.0
2019-03-29 13:30:00,NSE:BIOFILCHEM,6.95,6.95,6.95,6.95,100.0
2019-04-01 09:00:00,NSE:BIOFILCHEM,7.0,7.0,7.0,7.0,100.0
2019-04-01 10:30:00,NSE:BIOFILCHEM,7.0,7.0,7.0,7.0,500.0
2019-04-01 12:00:00,NSE:BIOFILCHEM,7.25,7.25,7.25,7.25,10.0
2019-04-01 12:45:00,NSE:BIOFILCHEM,7.0,7.0,7.0,7.0,1.0
2019-04-01 15:00:00,NSE:BIOFILCHEM,7.0,7.0,7.0,7.0,25.0
2019-04-02 09:45:00,NSE:BIOFILCHEM,7.0,7.0,7.0,7.0,10.0
2019-04-02 10:30:00,NSE:BIOFILCHEM,7.0,7.0,7.0,7.0,120.0
2019-04-02 12:45:00,NSE:BIOFILCHEM,7.0,7.0,7.0,7.0,80.0
2019-04-02 14:15:00,NSE:BIOFILCHEM,6.65,6.65,6.65,6.65,1.0
2019-04-02 15:00:00,NSE:BIOFILCHEM,7.0,7.0,7.0,7.0,5000.0
2019-04-03 09:45:00,NSE:BIOFILCHEM,7.25,7.25,6.65,7.25,250.0
2019-04-03 10:30:00,NSE:BIOFILCHEM,7.0,7.0,7.0,7.0,2650.0
2019-04-03 11:15:00,NSE:BIOFILCHEM,7.25,7.25,7.0,7.0,1521.0
2019-04-03 12:00:00,NSE:BIOFILCHEM,7.0,7.0,7.0,7.0,100.0
2019-04-03 13:30:00,NSE:BIOFILCHEM,7.05,7.25,7.05,7.05,1529.0
2019-04-03 14:15:00,NSE:BIOFILCHEM,7.05,7.05,7.05,7.05,800.0
2019-04-04 09:45:00,NSE:BIOFILCHEM,7.3,7.3,7.3,7.3,100.0
2019-04-04 10:30:00,NSE:BIOFILCHEM,7.4,7.4,6.7,6.7,3685.0
2019-04-04 11:15:00,NSE:BIOFILCHEM,6.7,7.4,6.7,7.3,1261.0
2019-04-04 12:45:00,NSE:BIOFILCHEM,7.3,7.4,7.3,7.4,1700.0
2019-04-04 15:00:00,NSE:BIOFILCHEM,7.4,7.4,7.4,7.4,14.0
2019-04-05 09:45:00,NSE:BIOFILCHEM,7.75,7.75,7.5,7.5,1010.0
2019-04-05 10:30:00,NSE:BIOFILCHEM,7.4,7.4,7.05,7.05,1000.0
2019-04-05 12:00:00,NSE:BIOFILCHEM,7.05,7.05,7.05,7.05,150.0
2019-04-05 14:15:00,NSE:BIOFILCHEM,7.05,7.75,7.05,7.75,1710.0
2019-04-08 09:45:00,NSE:BIOFILCHEM,7.7,7.75,7.7,7.75,200.0
2019-04-08 10:30:00,NSE:BIOFILCHEM,7.75,7.75,7.75,7.75,100.0
2019-04-08 12:00:00,NSE:BIOFILCHEM,7.75,7.75,7.75,7.75,150.0
2019-04-09 09:45:00,NSE:BIOFILCHEM,7.7,7.7,7.7,7.7,300.0
2019-04-09 10:30:00,NSE:BIOFILCHEM,7.4,7.4,7.4,7.4,236.0
2019-04-09 11:15:00,NSE:BIOFILCHEM,7.4,7.4,7.4,7.4,764.0
2019-04-09 12:00:00,NSE:BIOFILCHEM,7.4,7.4,7.4,7.4,3236.0
2019-04-10 09:00:00,NSE:BIOFILCHEM,7.05,7.75,7.05,7.1,530.0
2019-04-10 09:45:00,NSE:BIOFILCHEM,7.7,7.7,7.1,7.1,60.0
2019-04-10 12:00:00,NSE:BIOFILCHEM,7.15,7.15,7.15,7.15,1.0
2019-04-11 10:30:00,NSE:BIOFILCHEM,7.2,7.2,7.2,7.2,100.0
2019-04-11 11:15:00,NSE:BIOFILCHEM,7.2,7.2,7.2,7.2,50.0
2019-04-11 14:15:00,NSE:BIOFILCHEM,7.2,7.2,7.2,7.2,30.0
2019-04-11 15:00:00,NSE:BIOFILCHEM,7.25,7.25,7.25,7.25,200.0
2019-04-12 13:30:00,NSE:BIOFILCHEM,6.9,6.9,6.9,6.9,50.0
2019-04-12 14:15:00,NSE:BIOFILCHEM,6.9,6.9,6.9,6.9,479.0
2019-04-12 15:00:00,NSE:BIOFILCHEM,7.6,7.6,7.6,7.6,2530.0
2019-04-15 12:45:00,NSE:BIOFILCHEM,7.95,7.95,7.95,7.95,20.0
2019-04-15 15:00:00,NSE:BIOFILCHEM,7.25,7.25,7.25,7.25,106.0
2019-04-16 11:15:00,NSE:BIOFILCHEM,7.25,7.25,7.25,7.25,8.0
2019-04-16 12:45:00,NSE:BIOFILCHEM,7.95,7.95,7.95,7.95,1000.0
2019-04-16 15:00:00,NSE:BIOFILCHEM,7.7,7.7,7.7,7.7,5.0
2019-04-18 09:00:00,NSE:BIOFILCHEM,8.05,8.05,8.05,8.05,700.0
2019-04-18 09:45:00,NSE:BIOFILCHEM,8.05,8.05,8.05,8.05,215.0
2019-04-18 10:30:00,NSE:BIOFILCHEM,8.05,8.05,7.4,7.4,1050.0
2019-04-18 15:00:00,NSE:BIOFILCHEM,8.05,8.05,7.4,7.4,57.0
2019-04-22 09:45:00,NSE:BIOFILCHEM,7.9,7.9,7.9,7.9,13.0
2019-04-22 10:30:00,NSE:BIOFILCHEM,7.9,7.9,7.2,7.2,175.0
2019-04-22 15:00:00,NSE:BIOFILCHEM,7.9,7.9,7.9,7.9,30.0
2019-04-23 09:00:00,NSE:BIOFILCHEM,7.9,7.9,7.9,7.9,5.0
2019-04-23 09:45:00,NSE:BIOFILCHEM,7.9,7.9,7.9,7.9,10.0
2019-04-23 10:30:00,NSE:BIOFILCHEM,7.55,7.55,7.55,7.55,125.0
2019-04-23 11:15:00,NSE:BIOFILCHEM,7.55,7.55,7.55,7.55,1100.0
2019-04-23 12:00:00,NSE:BIOFILCHEM,7.55,7.75,7.55,7.75,784.0
2019-04-23 14:15:00,NSE:BIOFILCHEM,7.75,7.75,7.75,7.75,20.0
2019-04-23 15:00:00,NSE:BIOFILCHEM,7.75,7.75,7.75,7.75,20.0
2019-04-24 15:00:00,NSE:BIOFILCHEM,7.75,7.75,7.4,7.4,11.0
2019-04-25 09:00:00,NSE:BIOFILCHEM,7.45,7.45,7.45,7.45,2.0
2019-04-25 10:30:00,NSE:BIOFILCHEM,7.1,7.1,7.1,7.1,35.0
2019-04-25 13:30:00,NSE:BIOFILCHEM,7.45,7.45,7.45,7.45,550.0
2019-04-25 14:15:00,NSE:BIOFILCHEM,7.45,7.45,7.45,7.45,703.0
2019-04-26 13:30:00,NSE:BIOFILCHEM,7.1,7.1,7.1,7.1,30.0
2019-04-26 14:15:00,NSE:BIOFILCHEM,7.1,7.1,7.1,7.1,869.0
2019-04-26 15:00:00,NSE:BIOFILCHEM,7.1,7.75,7.1,7.7,41.0
2019-04-30 09:00:00,NSE:BIOFILCHEM,7.05,7.05,7.05,7.05,90.0
2019-04-30 09:45:00,NSE:BIOFILCHEM,7.7,7.7,7.7,7.7,1020.0
2019-05-03 12:00:00,NSE:BIOFILCHEM,7.7,7.7,7.7,7.7,30.0
2019-05-03 12:45:00,NSE:BIOFILCHEM,7.35,7.35,7.35,7.35,10.0
2019-05-07 12:45:00,NSE:BIOFILCHEM,7.35,7.35,7.35,7.35,1.0
2019-05-08 09:45:00,NSE:BIOFILCHEM,7.35,7.35,7.35,7.35,100.0
2019-05-08 13:30:00,NSE:BIOFILCHEM,7.35,7.35,7.35,7.35,2.0
2019-05-08 14:15:00,NSE:BIOFILCHEM,7.35,7.35,7.35,7.35,100.0
2019-05-09 09:00:00,NSE:BIOFILCHEM,7.35,7.35,7.35,7.35,17.0
2019-05-09 10:30:00,NSE:BIOFILCHEM,7.35,7.35,7.35,7.35,33.0
2019-05-10 09:00:00,NSE:BIOFILCHEM,7.7,7.7,7.7,7.7,10.0
2019-05-10 09:45:00,NSE:BIOFILCHEM,7.7,7.7,7.7,7.7,101.0
2019-05-10 15:00:00,NSE:BIOFILCHEM,7.0,7.0,7.0,7.0,489.0
2019-05-13 09:00:00,NSE:BIOFILCHEM,7.0,7.0,7.0,7.0,114.0
2019-05-13 13:30:00,NSE:BIOFILCHEM,6.65,6.65,6.65,6.65,100.0
2019-05-13 15:00:00,NSE:BIOFILCHEM,7.0,7.0,7.0,7.0,50.0
2019-05-14 12:45:00,NSE:BIOFILCHEM,6.65,6.65,6.65,6.65,200.0
2019-05-14 13:30:00,NSE:BIOFILCHEM,6.65,6.65,6.65,6.65,1788.0
2019-05-15 11:15:00,NSE:BIOFILCHEM,6.35,6.35,6.35,6.35,1448.0
2019-05-16 09:00:00,NSE:BIOFILCHEM,6.35,6.35,6.35,6.35,100.0
2019-05-16 15:00:00,NSE:BIOFILCHEM,6.35,6.35,6.35,6.35,200.0
2019-05-20 12:00:00,NSE:BIOFILCHEM,6.35,6.35,6.35,6.35,50.0
2019-05-21 13:30:00,NSE:BIOFILCHEM,6.4,6.4,6.35,6.35,650.0
2019-05-21 14:15:00,NSE:BIOFILCHEM,6.35,6.35,6.35,6.35,157.0
2019-05-21 15:00:00,NSE:BIOFILCHEM,6.35,6.35,6.35,6.35,50.0
2019-05-22 13:30:00,NSE:BIOFILCHEM,6.5,6.5,6.5,6.5,26.0
2019-05-23 11:15:00,NSE:BIOFILCHEM,6.2,6.2,6.2,6.2,200.0
2019-05-23 12:00:00,NSE:BIOFILCHEM,6.25,6.25,6.25,6.25,100.0
2019-05-23 13:30:00,NSE:BIOFILCHEM,6.25,6.25,6.25,6.25,63.0
2019-05-23 14:15:00,NSE:BIOFILCHEM,6.25,6.25,6.25,6.25,50.0
2019-05-23 15:00:00,NSE:BIOFILCHEM,6.8,6.8,6.8,6.8,50.0
2019-05-24 09:00:00,NSE:BIOFILCHEM,7.0,7.0,7.0,7.0,200.0
2019-05-24 11:15:00,NSE:BIOFILCHEM,7.0,7.0,7.0,7.0,100.0
2019-05-24 12:45:00,NSE:BIOFILCHEM,6.5,6.5,6.5,6.5,10.0
2019-05-24 15:00:00,NSE:BIOFILCHEM,7.0,7.0,7.0,7.0,1030.0
2019-05-27 11:15:00,NSE:BIOFILCHEM,6.9,7.2,6.9,7.2,52.0
2019-05-27 12:00:00,NSE:BIOFILCHEM,7.2,7.2,7.2,7.2,306.0
2019-05-27 12:45:00,NSE:BIOFILCHEM,7.2,7.2,7.2,7.2,110.0
2019-05-27 15:00:00,NSE:BIOFILCHEM,6.85,6.85,6.85,6.85,111.0
2019-05-28 12:00:00,NSE:BIOFILCHEM,6.6,6.6,6.6,6.6,93.0
2019-05-28 14:15:00,NSE:BIOFILCHEM,6.6,6.6,6.6,6.6,92.0
2019-05-29 09:00:00,NSE:BIOFILCHEM,6.9,6.9,6.9,6.9,102.0
2019-05-30 09:00:00,NSE:BIOFILCHEM,6.6,6.6,6.6,6.6,1000.0
2019-05-30 12:00:00,NSE:BIOFILCHEM,7.2,7.2,7.2,7.2,834.0
2019-05-30 13:30:00,NSE:BIOFILCHEM,7.2,7.2,7.2,7.2,89.0
2019-05-30 14:15:00,NSE:BIOFILCHEM,7.2,7.2,7.2,7.2,447.0
2019-05-31 09:00:00,NSE:BIOFILCHEM,6.85,7.2,6.85,7.2,439.0
2019-05-31 09:45:00,NSE:BIOFILCHEM,7.2,7.2,7.2,7.2,100.0
2019-05-31 10:30:00,NSE:BIOFILCHEM,7.2,7.2,7.2,7.2,10.0
2019-05-31 11:15:00,NSE:BIOFILCHEM,7.2,7.2,7.2,7.2,10.0
2019-06-03 09:00:00,NSE:BIOFILCHEM,7.2,7.2,7.2,7.2,80.0
2019-06-04 11:15:00,NSE:BIOFILCHEM,7.1,7.1,7.1,7.1,20.0
2019-06-04 12:00:00,NSE:BIOFILCHEM,7.1,7.1,7.1,7.1,250.0
2019-06-04 12:45:00,NSE:BIOFILCHEM,7.1,7.1,6.85,6.85,351.0
2019-06-04 14:15:00,NSE:BIOFILCHEM,6.85,6.85,6.85,6.85,12.0
2019-06-04 15:00:00,NSE:BIOFILCHEM,7.55,7.55,7.55,7.55,50.0
2019-06-06 12:00:00,NSE:BIOFILCHEM,7.55,7.55,7.45,7.45,125.0
2019-06-10 09:00:00,NSE:BIOFILCHEM,7.8,7.8,7.8,7.8,160.0
2019-06-10 11:15:00,NSE:BIOFILCHEM,7.4,7.4,7.4,7.4,5.0
2019-06-11 12:45:00,NSE:BIOFILCHEM,7.05,7.05,7.05,7.05,200.0
2019-06-11 14:15:00,NSE:BIOFILCHEM,7.35,7.35,7.35,7.35,5.0
2019-06-11 15:00:00,NSE:BIOFILCHEM,7.35,7.35,7.35,7.35,195.0
2019-06-12 09:45:00,NSE:BIOFILCHEM,7.35,7.35,7.35,7.35,100.0
2019-06-12 11:15:00,NSE:BIOFILCHEM,7.35,7.35,7.35,7.35,200.0
2019-06-12 14:15:00,NSE:BIOFILCHEM,7.35,7.35,7.35,7.35,50.0
2019-06-13 09:45:00,NSE:BIOFILCHEM,7.35,7.35,7.35,7.35,200.0
2019-06-13 10:30:00,NSE:BIOFILCHEM,7.0,7.0,7.0,7.0,5.0
2019-06-13 12:45:00,NSE:BIOFILCHEM,7.0,7.0,7.0,7.0,5.0
2019-06-13 13:30:00,NSE:BIOFILCHEM,7.0,7.0,7.0,7.0,975.0
2019-06-13 14:15:00,NSE:BIOFILCHEM,7.0,7.0,7.0,7.0,225.0
2019-06-13 15:00:00,NSE:BIOFILCHEM,7.35,7.35,7.35,7.35,25.0
2019-06-14 12:00:00,NSE:BIOFILCHEM,7.0,7.0,7.0,7.0,1.0
2019-06-14 14:15:00,NSE:BIOFILCHEM,7.0,7.0,7.0,7.0,250.0
2019-06-17 12:45:00,NSE:BIOFILCHEM,7.0,7.0,6.65,6.65,201.0
2019-06-17 14:15:00,NSE:BIOFILCHEM,7.0,7.0,7.0,7.0,172.0
2019-06-18 09:45:00,NSE:BIOFILCHEM,7.0,7.0,7.0,7.0,100.0
2019-06-18 13:30:00,NSE:BIOFILCHEM,6.65,6.65,6.65,6.65,100.0
2019-06-19 09:45:00,NSE:BIOFILCHEM,6.65,6.65,6.65,6.65,191.0
2019-06-19 10:30:00,NSE:BIOFILCHEM,6.65,6.65,6.65,6.65,10.0
2019-06-19 11:15:00,NSE:BIOFILCHEM,6.65,6.65,6.65,6.65,299.0
2019-06-19 13:30:00,NSE:BIOFILCHEM,6.6,6.6,6.6,6.6,100.0
2019-06-19 15:00:00,NSE:BIOFILCHEM,6.6,6.6,6.4,6.6,1000.0
2019-06-20 11:15:00,NSE:BIOFILCHEM,6.9,6.9,6.9,6.9,10.0
2019-06-20 12:45:00,NSE:BIOFILCHEM,6.3,6.3,6.3,6.3,350.0
2019-06-20 15:00:00,NSE:BIOFILCHEM,6.9,6.9,6.9,6.9,10.0
2019-06-21 10:30:00,NSE:BIOFILCHEM,6.9,6.9,6.6,6.6,1201.0
2019-06-21 12:00:00,NSE:BIOFILCHEM,6.6,6.6,6.6,6.6,50.0
2019-06-21 12:45:00,NSE:BIOFILCHEM,6.6,6.6,6.6,6.6,25.0
2019-06-21 14:15:00,NSE:BIOFILCHEM,6.6,6.6,6.6,6.6,24.0
2019-06-24 09:45:00,NSE:BIOFILCHEM,6.9,6.9,6.9,6.9,100.0
2019-06-24 11:15:00,NSE:BIOFILCHEM,6.9,6.9,6.3,6.3,161.0
2019-06-24 12:45:00,NSE:BIOFILCHEM,6.3,6.3,6.3,6.3,100.0
2019-06-24 13:30:00,NSE:BIOFILCHEM,6.8,6.8,6.8,6.8,100.0
2019-06-24 15:00:00,NSE:BIOFILCHEM,6.3,6.7,6.3,6.7,130.0
2019-06-25 09:00:00,NSE:BIOFILCHEM,6.6,6.6,6.6,6.6,110.0
2019-06-26 11:15:00,NSE:BIOFILCHEM,6.5,6.5,6.3,6.3,170.0
2019-06-26 12:00:00,NSE:BIOFILCHEM,6.3,6.3,6.3,6.3,50.0
2019-06-26 15:00:00,NSE:BIOFILCHEM,6.6,6.6,6.6,6.6,340.0
2019-06-27 09:45:00,NSE:BIOFILCHEM,6.6,6.6,6.6,6.6,400.0
2019-06-27 10:30:00,NSE:BIOFILCHEM,6.3,6.3,6.3,6.3,200.0
2019-06-28 09:00:00,NSE:BIOFILCHEM,6.3,6.3,6.3,6.3,77.0
2019-06-28 14:15:00,NSE:BIOFILCHEM,6.3,6.3,6.0,6.0,46.0
2019-06-28 15:00:00,NSE:BIOFILCHEM,6.0,6.0,6.0,6.0,102.0
2019-07-01 09:00:00,NSE:BIOFILCHEM,6.0,6.0,6.0,6.0,201.0
2019-07-01 11:15:00,NSE:BIOFILCHEM,5.7,6.05,5.7,5.7,614.0
2019-07-02 09:00:00,NSE:BIOFILCHEM,5.7,5.7,5.45,5.45,699.0
2019-07-02 11:15:00,NSE:BIOFILCHEM,5.45,5.45,5.45,5.45,1500.0
2019-07-02 13:30:00,NSE:BIOFILCHEM,5.55,5.55,5.55,5.55,230.0
2019-07-02 14:15:00,NSE:BIOFILCHEM,5.55,5.55,5.55,5.55,800.0
2019-07-04 15:00:00,NSE:BIOFILCHEM,5.3,5.3,5.3,5.3,250.0
2019-07-05 09:45:00,NSE:BIOFILCHEM,5.3,5.3,5.15,5.15,2435.0
2019-07-05 11:15:00,NSE:BIOFILCHEM,5.15,5.15,5.15,5.15,30.0
2019-07-05 14:15:00,NSE:BIOFILCHEM,5.6,5.6,5.6,5.6,240.0
2019-07-08 12:45:00,NSE:BIOFILCHEM,5.6,5.6,5.6,5.6,55.0
2019-07-08 15:00:00,NSE:BIOFILCHEM,5.85,5.85,5.85,5.85,55.0
2019-07-09 10:30:00,NSE:BIOFILCHEM,5.75,5.75,5.75,5.75,400.0
2019-07-10 09:45:00,NSE:BIOFILCHEM,5.75,5.75,5.5,5.5,2555.0
2019-07-10 10:30:00,NSE:BIOFILCHEM,6.0,6.0,6.0,6.0,48.0
2019-07-10 13:30:00,NSE:BIOFILCHEM,5.8,5.8,5.8,5.8,1000.0
2019-07-10 14:15:00,NSE:BIOFILCHEM,5.7,5.7,5.7,5.7,100.0
2019-07-11 10:30:00,NSE:BIOFILCHEM,5.95,5.95,5.5,5.5,203.0
2019-07-11 15:00:00,NSE:BIOFILCHEM,5.95,5.95,5.5,5.95,51.0
2019-07-12 09:00:00,NSE:BIOFILCHEM,5.95,5.95,5.85,5.85,110.0
2019-07-12 09:45:00,NSE:BIOFILCHEM,6.1,6.1,6.1,6.1,1470.0
2019-07-12 11:15:00,NSE:BIOFILCHEM,6.0,6.0,6.0,6.0,5.0
2019-07-12 12:00:00,NSE:BIOFILCHEM,6.0,6.0,6.0,6.0,1021.0
2019-07-12 12:45:00,NSE:BIOFILCHEM,6.1,6.1,6.1,6.1,979.0
2019-07-12 13:30:00,NSE:BIOFILCHEM,6.1,6.1,6.1,6.1,4.0
2019-07-12 14:15:00,NSE:BIOFILCHEM,6.1,6.1,6.1,6.1,1.0
2019-07-15 09:00:00,NSE:BIOFILCHEM,6.4,6.4,6.4,6.4,12.0
2019-07-15 10:30:00,NSE:BIOFILCHEM,6.4,6.4,5.8,5.8,253.0
2019-07-16 09:45:00,NSE:BIOFILCHEM,6.05,6.05,6.05,6.05,50.0
2019-07-16 10:30:00,NSE:BIOFILCHEM,5.55,5.55,5.55,5.55,152.0
2019-07-16 11:15:00,NSE:BIOFILCHEM,5.55,5.55,5.55,5.55,100.0
2019-07-16 12:00:00,NSE:BIOFILCHEM,6.05,6.05,6.05,6.05,3.0
2019-07-16 12:45:00,NSE:BIOFILCHEM,6.05,6.05,6.05,6.05,7.0
2019-07-17 10:30:00,NSE:BIOFILCHEM,6.0,6.05,6.0,6.05,63.0
2019-07-17 11:15:00,NSE:BIOFILCHEM,6.05,6.05,6.0,6.0,180.0
2019-07-17 13:30:00,NSE:BIOFILCHEM,6.35,6.35,6.35,6.35,1000.0
2019-07-17 14:15:00,NSE:BIOFILCHEM,6.0,6.0,6.0,6.0,2.0
2019-07-17 15:00:00,NSE:BIOFILCHEM,6.0,6.0,6.0,6.0,123.0
2019-07-18 09:00:00,NSE:BIOFILCHEM,5.7,5.7,5.7,5.7,62.0
2019-07-18 09:45:00,NSE:BIOFILCHEM,6.3,6.3,6.3,6.3,5.0
2019-07-18 10:30:00,NSE:BIOFILCHEM,5.7,5.7,5.7,5.7,120.0
2019-07-18 14:15:00,NSE:BIOFILCHEM,6.3,6.3,6.3,6.3,6.0
2019-07-19 12:45:00,NSE:BIOFILCHEM,6.3,6.3,6.3,6.3,20.0
2019-07-19 15:00:00,NSE:BIOFILCHEM,6.3,6.6,6.3,6.6,30.0
2019-07-22 11:15:00,NSE:BIOFILCHEM,6.25,6.25,6.25,6.25,70.0
2019-07-22 12:00:00,NSE:BIOFILCHEM,6.25,6.25,6.25,6.25,30.0
2019-07-23 15:00:00,NSE:BIOFILCHEM,6.5,6.5,6.5,6.5,1.0
2019-07-24 09:00:00,NSE:BIOFILCHEM,6.3,6.3,6.3,6.3,2.0
2019-07-24 13:30:00,NSE:BIOFILCHEM,6.2,6.2,6.2,6.2,1.0
2019-07-25 14:15:00,NSE:BIOFILCHEM,6.2,6.2,6.2,6.2,149.0
2019-07-26 13:30:00,NSE:BIOFILCHEM,5.95,5.95,5.95,5.95,100.0
2019-07-26 14:15:00,NSE:BIOFILCHEM,6.5,6.5,6.5,6.5,3.0
2019-07-29 10:30:00,NSE:BIOFILCHEM,6.5,6.5,6.5,6.5,1.0
2019-07-29 11:15:00,NSE:BIOFILCHEM,6.5,6.5,6.5,6.5,7.0
2019-07-30 09:45:00,NSE:BIOFILCHEM,6.5,6.5,6.5,6.5,5.0
2019-07-30 12:00:00,NSE:BIOFILCHEM,6.2,6.5,6.2,6.5,405.0
2019-07-30 14:15:00,NSE:BIOFILCHEM,6.2,6.5,6.2,6.5,108.0
2019-07-31 12:00:00,NSE:BIOFILCHEM,6.2,6.2,6.2,6.2,200.0
2019-07-31 12:45:00,NSE:BIOFILCHEM,6.2,6.2,6.2,6.2,5.0
2019-07-31 13:30:00,NSE:BIOFILCHEM,6.2,6.2,6.2,6.2,1.0
2019-08-01 12:45:00,NSE:BIOFILCHEM,6.0,6.0,6.0,6.0,1.0
2019-08-01 14:15:00,NSE:BIOFILCHEM,5.9,5.9,5.9,5.9,9.0
2019-08-02 14:15:00,NSE:BIOFILCHEM,5.9,5.9,5.9,5.9,511.0
2019-08-06 10:30:00,NSE:BIOFILCHEM,5.9,5.9,5.9,5.9,158.0
2019-08-07 12:45:00,NSE:BIOFILCHEM,5.9,5.9,5.9,5.9,15.0
2019-08-07 15:00:00,NSE:BIOFILCHEM,5.75,5.75,5.75,5.75,5.0
2019-08-08 11:15:00,NSE:BIOFILCHEM,5.7,5.7,5.7,5.7,500.0
2019-08-08 12:45:00,NSE:BIOFILCHEM,5.7,5.7,5.7,5.7,10.0
2019-08-08 15:00:00,NSE:BIOFILCHEM,5.7,5.7,5.7,5.7,1.0
2019-08-09 09:00:00,NSE:BIOFILCHEM,5.7,5.7,5.7,5.7,2.0
2019-08-09 09:45:00,NSE:BIOFILCHEM,5.7,5.7,5.7,5.7,16.0
2019-08-09 13:30:00,NSE:BIOFILCHEM,5.7,5.7,5.7,5.7,2.0
2019-08-13 09:00:00,NSE:BIOFILCHEM,5.7,5.7,5.7,5.7,10.0
2019-08-13 09:45:00,NSE:BIOFILCHEM,5.7,5.7,5.7,5.7,259.0
2019-08-13 14:15:00,NSE:BIOFILCHEM,5.75,5.75,5.7,5.7,141.0
2019-08-13 15:00:00,NSE:BIOFILCHEM,5.95,5.95,5.95,5.95,279.0
2019-08-14 09:00:00,NSE:BIOFILCHEM,5.7,5.7,5.7,5.7,700.0
2019-08-14 09:45:00,NSE:BIOFILCHEM,5.7,5.7,5.7,5.7,31.0
2019-08-14 11:15:00,NSE:BIOFILCHEM,5.7,5.7,5.7,5.7,469.0
2019-08-14 13:30:00,NSE:BIOFILCHEM,5.7,5.7,5.7,5.7,31.0
2019-08-16 09:45:00,NSE:BIOFILCHEM,5.65,5.65,5.65,5.65,100.0
2019-08-16 10:30:00,NSE:BIOFILCHEM,5.65,5.65,5.65,5.65,21.0
2019-08-16 11:15:00,NSE:BIOFILCHEM,5.65,5.65,5.65,5.65,1.0
2019-08-16 12:45:00,NSE:BIOFILCHEM,5.65,5.65,5.65,5.65,3.0
2019-08-16 15:00:00,NSE:BIOFILCHEM,5.65,5.65,5.65,5.65,500.0
2019-08-19 09:45:00,NSE:BIOFILCHEM,5.65,5.65,5.65,5.65,13.0
2019-08-20 12:45:00,NSE:BIOFILCHEM,5.6,5.6,5.6,5.6,20.0
2019-08-21 12:45:00,NSE:BIOFILCHEM,5.6,5.6,5.6,5.6,1.0
2019-08-22 09:00:00,NSE:BIOFILCHEM,5.6,5.6,5.6,5.6,1.0
2019-08-22 09:45:00,NSE:BIOFILCHEM,5.6,5.6,5.6,5.6,50.0
2019-08-23 14:15:00,NSE:BIOFILCHEM,5.6,5.6,5.6,5.6,200.0
2019-08-26 09:00:00,NSE:BIOFILCHEM,5.35,5.35,5.35,5.35,102.0
2019-08-26 11:15:00,NSE:BIOFILCHEM,5.35,5.35,5.35,5.35,200.0
2019-08-26 13:30:00,NSE:BIOFILCHEM,5.35,5.35,5.35,5.35,10.0
2019-08-26 14:15:00,NSE:BIOFILCHEM,5.35,5.35,5.35,5.35,1225.0
2019-08-27 09:00:00,NSE:BIOFILCHEM,5.1,5.1,5.1,5.1,150.0
2019-08-27 09:45:00,NSE:BIOFILCHEM,5.1,5.1,5.1,5.1,10.0
2019-08-27 10:30:00,NSE:BIOFILCHEM,5.1,5.1,5.1,5.1,1120.0
2019-08-27 12:00:00,NSE:BIOFILCHEM,5.1,5.1,5.1,5.1,2517.0
2019-08-27 14:15:00,NSE:BIOFILCHEM,5.1,5.1,5.1,5.1,270.0
2019-08-27 15:00:00,NSE:BIOFILCHEM,5.1,5.2,5.1,5.2,270.0
2019-08-28 14:15:00,NSE:BIOFILCHEM,5.2,5.2,5.2,5.2,7.0
2019-08-29 11:15:00,NSE:BIOFILCHEM,4.95,4.95,4.95,4.95,4.0
2019-08-29 12:45:00,NSE:BIOFILCHEM,4.95,4.95,4.95,4.95,10.0
2019-08-29 13:30:00,NSE:BIOFILCHEM,4.95,4.95,4.95,4.95,2.0
2019-08-29 14:15:00,NSE:BIOFILCHEM,4.95,4.95,4.95,4.95,1484.0
2019-08-30 15:00:00,NSE:BIOFILCHEM,4.75,4.75,4.75,4.75,412.0
2019-09-03 09:45:00,NSE:BIOFILCHEM,4.75,4.75,4.75,4.75,75.0
2019-09-03 10:30:00,NSE:BIOFILCHEM,4.75,4.75,4.75,4.75,263.0
2019-09-03 11:15:00,NSE:BIOFILCHEM,4.6,4.6,4.6,4.6,200.0
2019-09-03 12:00:00,NSE:BIOFILCHEM,4.6,4.75,4.6,4.75,425.0
2019-09-03 14:15:00,NSE:BIOFILCHEM,4.75,4.75,4.75,4.75,25.0
2019-09-03 15:00:00,NSE:BIOFILCHEM,4.75,4.75,4.75,4.75,555.0
2019-09-04 13:30:00,NSE:BIOFILCHEM,4.55,4.55,4.55,4.55,22.0
2019-09-04 15:00:00,NSE:BIOFILCHEM,4.95,4.95,4.95,4.95,15.0
2019-09-05 13:30:00,NSE:BIOFILCHEM,5.15,5.15,5.15,5.15,100.0
2019-09-05 14:15:00,NSE:BIOFILCHEM,5.15,5.15,5.15,5.15,300.0
2019-09-06 09:00:00,NSE:BIOFILCHEM,5.15,5.15,5.15,5.15,25.0
2019-09-06 11:15:00,NSE:BIOFILCHEM,5.2,5.2,4.9,4.9,130.0
2019-09-06 12:00:00,NSE:BIOFILCHEM,5.2,5.2,4.9,4.9,368.0
2019-09-06 12:45:00,NSE:BIOFILCHEM,4.9,4.9,4.9,4.9,18.0
2019-09-06 13:30:00,NSE:BIOFILCHEM,5.2,5.2,5.2,5.2,100.0
2019-09-06 14:15:00,NSE:BIOFILCHEM,5.15,5.15,5.15,5.15,4.0
2019-09-09 09:45:00,NSE:BIOFILCHEM,5.15,5.15,5.15,5.15,50.0
2019-09-09 13:30:00,NSE:BIOFILCHEM,5.2,5.2,5.2,5.2,45.0
2019-09-11 10:30:00,NSE:BIOFILCHEM,5.2,5.2,5.2,5.2,100.0
2019-09-11 12:00:00,NSE:BIOFILCHEM,5.2,5.2,5.2,5.2,200.0
2019-09-11 12:45:00,NSE:BIOFILCHEM,5.45,5.45,5.0,5.0,806.0
2019-09-11 13:30:00,NSE:BIOFILCHEM,4.95,4.95,4.95,4.95,17.0
2019-09-11 15:00:00,NSE:BIOFILCHEM,4.95,4.95,4.95,4.95,208.0
2019-09-13 11:15:00,NSE:BIOFILCHEM,4.95,4.95,4.95,4.95,452.0
2019-09-13 14:15:00,NSE:BIOFILCHEM,4.95,4.95,4.95,4.95,98.0
2019-09-13 15:00:00,NSE:BIOFILCHEM,4.95,4.95,4.95,4.95,50.0
2019-09-16 09:45:00,NSE:BIOFILCHEM,4.95,4.95,4.95,4.95,4.0
2019-09-16 11:15:00,NSE:BIOFILCHEM,4.95,4.95,4.95,4.95,11.0
2019-09-16 12:45:00,NSE:BIOFILCHEM,5.15,5.15,5.15,5.15,60.0
2019-09-16 13:30:00,NSE:BIOFILCHEM,5.15,5.15,5.15,5.15,6.0
2019-09-16 14:15:00,NSE:BIOFILCHEM,5.15,5.15,5.0,5.0,150.0
2019-09-16 15:00:00,NSE:BIOFILCHEM,4.95,4.95,4.85,4.85,50.0
2019-09-17 10:30:00,NSE:BIOFILCHEM,4.85,4.85,4.85,4.85,50.0
2019-09-18 11:15:00,NSE:BIOFILCHEM,4.85,4.85,4.65,4.65,24.0
2019-09-18 12:00:00,NSE:BIOFILCHEM,4.85,4.85,4.85,4.85,63.0
2019-09-18 12:45:00,NSE:BIOFILCHEM,4.85,4.85,4.85,4.85,746.0
2019-09-19 09:00:00,NSE:BIOFILCHEM,4.85,4.85,4.85,4.85,1.0
2019-09-19 09:45:00,NSE:BIOFILCHEM,4.85,4.85,4.85,4.85,509.0
2019-09-19 12:45:00,NSE:BIOFILCHEM,5.0,5.0,5.0,5.0,10.0
2019-09-20 12:00:00,NSE:BIOFILCHEM,5.0,5.0,5.0,5.0,100.0
2019-09-20 13:30:00,NSE:BIOFILCHEM,5.0,5.0,5.0,5.0,195.0
2019-09-20 14:15:00,NSE:BIOFILCHEM,5.0,5.0,5.0,5.0,65.0
2019-09-20 15:00:00,NSE:BIOFILCHEM,4.85,4.85,4.85,4.85,350.0
2019-09-23 09:45:00,NSE:BIOFILCHEM,4.65,4.65,4.65,4.65,500.0
2019-09-23 10:30:00,NSE:BIOFILCHEM,5.0,5.0,5.0,5.0,185.0
2019-09-23 11:15:00,NSE:BIOFILCHEM,5.0,5.0,4.95,5.0,109.0
2019-09-23 12:00:00,NSE:BIOFILCHEM,4.95,4.95,4.95,4.95,102.0
2019-09-23 12:45:00,NSE:BIOFILCHEM,4.9,4.9,4.9,4.9,100.0
2019-09-23 13:30:00,NSE:BIOFILCHEM,4.8,4.8,4.65,4.65,511.0
2019-09-23 14:15:00,NSE:BIOFILCHEM,4.65,4.65,4.65,4.65,127.0
2019-09-23 15:00:00,NSE:BIOFILCHEM,4.65,4.65,4.65,4.65,15.0
2019-09-24 09:45:00,NSE:BIOFILCHEM,4.45,4.45,4.45,4.45,2350.0
2019-09-24 11:15:00,NSE:BIOFILCHEM,4.85,4.85,4.85,4.85,150.0
2019-09-24 12:45:00,NSE:BIOFILCHEM,4.8,4.8,4.8,4.8,1000.0
2019-09-24 14:15:00,NSE:BIOFILCHEM,4.8,4.8,4.5,4.5,517.0
2019-09-24 15:00:00,NSE:BIOFILCHEM,4.8,4.8,4.8,4.8,74.0
2019-09-25 09:00:00,NSE:BIOFILCHEM,4.95,4.95,4.6,4.6,325.0
2019-09-25 10:30:00,NSE:BIOFILCHEM,4.95,4.95,4.95,4.95,50.0
2019-09-25 12:00:00,NSE:BIOFILCHEM,4.95,4.95,4.95,4.95,59.0
2019-09-25 13:30:00,NSE:BIOFILCHEM,4.6,4.6,4.6,4.6,90.0
2019-09-25 15:00:00,NSE:BIOFILCHEM,4.9,4.9,4.9,4.9,200.0
2019-09-26 09:00:00,NSE:BIOFILCHEM,5.1,5.1,5.1,5.1,100.0
2019-09-26 09:45:00,NSE:BIOFILCHEM,5.1,5.1,5.0,5.0,904.0
2019-09-26 11:15:00,NSE:BIOFILCHEM,4.7,4.7,4.7,4.7,339.0
2019-09-26 15:00:00,NSE:BIOFILCHEM,4.75,4.75,4.75,4.75,237.0
2019-09-27 12:00:00,NSE:BIOFILCHEM,4.8,4.8,4.8,4.8,100.0
2019-09-27 12:45:00,NSE:BIOFILCHEM,4.75,4.75,4.75,4.75,100.0
2019-09-30 09:45:00,NSE:BIOFILCHEM,4.65,4.65,4.65,4.65,100.0
2019-09-30 10:30:00,NSE:BIOFILCHEM,4.65,4.65,4.65,4.65,149.0
2019-09-30 11:15:00,NSE:BIOFILCHEM,4.6,4.6,4.6,4.6,351.0
2019-09-30 12:45:00,NSE:BIOFILCHEM,4.55,4.55,4.55,4.55,50.0
2019-09-30 13:30:00,NSE:BIOFILCHEM,4.55,4.55,4.55,4.55,100.0
2019-09-30 15:00:00,NSE:BIOFILCHEM,4.55,4.55,4.55,4.55,259.0
2019-10-01 12:00:00,NSE:BIOFILCHEM,4.55,4.55,4.35,4.35,138.0
2019-10-01 12:45:00,NSE:BIOFILCHEM,4.35,4.35,4.35,4.35,100.0
2019-10-01 13:30:00,NSE:BIOFILCHEM,4.35,4.35,4.35,4.35,200.0
2019-10-01 14:15:00,NSE:BIOFILCHEM,4.35,4.35,4.35,4.35,325.0
2019-10-01 15:00:00,NSE:BIOFILCHEM,4.55,4.55,4.55,4.55,25.0
2019-10-03 09:45:00,NSE:BIOFILCHEM,4.35,4.35,4.35,4.35,63.0
2019-10-03 11:15:00,NSE:BIOFILCHEM,4.35,4.35,4.35,4.35,315.0
2019-10-03 14:15:00,NSE:BIOFILCHEM,4.35,4.35,4.35,4.35,345.0
2019-10-04 11:15:00,NSE:BIOFILCHEM,4.35,4.35,4.35,4.35,50.0
2019-10-04 14:15:00,NSE:BIOFILCHEM,4.35,4.35,4.35,4.35,2.0
2019-10-07 11:15:00,NSE:BIOFILCHEM,4.35,4.35,4.35,4.35,220.0
2019-10-07 12:45:00,NSE:BIOFILCHEM,4.55,4.55,4.55,4.55,108.0
2019-10-07 15:00:00,NSE:BIOFILCHEM,4.55,4.55,4.55,4.55,50.0
2019-10-09 09:45:00,NSE:BIOFILCHEM,4.55,4.55,4.55,4.55,605.0
2019-10-09 13:30:00,NSE:BIOFILCHEM,4.6,4.6,4.35,4.35,280.0
2019-10-09 14:15:00,NSE:BIOFILCHEM,4.6,4.6,4.6,4.6,1000.0
2019-10-09 15:00:00,NSE:BIOFILCHEM,4.6,4.6,4.6,4.6,100.0
2019-10-10 09:00:00,NSE:BIOFILCHEM,4.4,4.4,4.4,4.4,50.0
2019-10-10 15:00:00,NSE:BIOFILCHEM,4.65,4.65,4.4,4.4,26.0
2019-10-11 10:30:00,NSE:BIOFILCHEM,4.65,4.65,4.65,4.65,100.0
2019-10-11 11:15:00,NSE:BIOFILCHEM,4.6,4.6,4.6,4.6,100.0
2019-10-11 12:00:00,NSE:BIOFILCHEM,4.65,4.65,4.65,4.65,100.0
2019-10-14 09:00:00,NSE:BIOFILCHEM,4.65,4.65,4.65,4.65,2.0
2019-10-14 10:30:00,NSE:BIOFILCHEM,4.65,4.65,4.65,4.65,135.0
2019-10-15 09:45:00,NSE:BIOFILCHEM,4.65,4.65,4.45,4.45,1850.0
2019-10-15 13:30:00,NSE:BIOFILCHEM,4.45,4.45,4.45,4.45,385.0
2019-10-16 09:00:00,NSE:BIOFILCHEM,4.4,4.4,4.4,4.4,25.0
2019-10-16 11:15:00,NSE:BIOFILCHEM,4.5,4.5,4.5,4.5,9.0
2019-10-16 12:00:00,NSE:BIOFILCHEM,4.4,4.4,4.4,4.4,1869.0
2019-10-16 12:45:00,NSE:BIOFILCHEM,4.4,4.4,4.3,4.3,742.0
2019-10-16 14:15:00,NSE:BIOFILCHEM,4.6,4.6,4.6,4.6,1.0
2019-10-16 15:00:00,NSE:BIOFILCHEM,4.35,4.6,4.35,4.6,441.0
2019-10-18 09:00:00,NSE:BIOFILCHEM,4.55,4.55,4.55,4.55,800.0
2019-10-18 11:15:00,NSE:BIOFILCHEM,4.55,4.55,4.55,4.55,200.0
2019-10-18 12:00:00,NSE:BIOFILCHEM,4.55,4.55,4.55,4.55,148.0
2019-10-18 12:45:00,NSE:BIOFILCHEM,4.55,4.55,4.55,4.55,60.0
2019-10-18 13:30:00,NSE:BIOFILCHEM,4.55,4.55,4.55,4.55,500.0
2019-10-18 15:00:00,NSE:BIOFILCHEM,4.55,4.55,4.55,4.55,200.0
2019-10-22 09:00:00,NSE:BIOFILCHEM,4.55,4.55,4.55,4.55,120.0
2019-10-23 12:00:00,NSE:BIOFILCHEM,4.45,4.45,4.45,4.45,1.0
2019-10-24 10:30:00,NSE:BIOFILCHEM,4.25,4.25,4.25,4.25,20.0
2019-10-24 11:15:00,NSE:BIOFILCHEM,4.25,4.25,4.25,4.25,200.0
2019-10-24 12:00:00,NSE:BIOFILCHEM,4.25,4.25,4.25,4.25,130.0
2019-10-25 09:00:00,NSE:BIOFILCHEM,4.1,4.1,4.1,4.1,204.0
2019-10-25 09:45:00,NSE:BIOFILCHEM,4.4,4.4,4.4,4.4,20.0
2019-10-25 11:15:00,NSE:BIOFILCHEM,4.4,4.4,4.4,4.4,10000.0
2019-10-25 13:30:00,NSE:BIOFILCHEM,4.35,4.35,4.05,4.05,211.0
2019-10-25 14:15:00,NSE:BIOFILCHEM,4.35,4.35,4.35,4.35,100.0
2019-10-27 17:45:00,NSE:BIOFILCHEM,4.55,4.55,4.45,4.55,2205.0
2019-10-27 18:30:00,NSE:BIOFILCHEM,4.55,4.55,4.55,4.55,435.0
2019-10-29 14:15:00,NSE:BIOFILCHEM,4.5,4.5,4.5,4.5,9.0
2019-10-31 09:00:00,NSE:BIOFILCHEM,4.5,4.5,4.5,4.5,10.0
2019-10-31 09:45:00,NSE:BIOFILCHEM,4.5,4.5,4.5,4.5,40.0
2019-10-31 15:00:00,NSE:BIOFILCHEM,4.45,4.45,4.45,4.45,1.0
2019-11-01 09:00:00,NSE:BIOFILCHEM,4.45,4.45,4.25,4.45,365.0
2019-11-01 09:45:00,NSE:BIOFILCHEM,4.45,4.45,4.45,4.45,90.0
2019-11-01 11:15:00,NSE:BIOFILCHEM,4.45,4.55,4.45,4.5,1729.0
2019-11-01 12:00:00,NSE:BIOFILCHEM,4.65,4.65,4.65,4.65,1502.0
2019-11-01 13:30:00,NSE:BIOFILCHEM,4.25,4.25,4.25,4.25,32.0
2019-11-01 15:00:00,NSE:BIOFILCHEM,4.6,4.6,4.6,4.6,668.0
2019-11-04 09:00:00,NSE:BIOFILCHEM,4.6,4.6,4.6,4.6,10.0
2019-11-04 09:45:00,NSE:BIOFILCHEM,4.6,4.8,4.6,4.8,94.0
2019-11-04 10:30:00,NSE:BIOFILCHEM,4.6,4.6,4.4,4.5,172.0
2019-11-04 11:15:00,NSE:BIOFILCHEM,4.4,4.8,4.4,4.4,617.0
2019-11-04 12:00:00,NSE:BIOFILCHEM,4.8,4.8,4.8,4.8,210.0
2019-11-05 09:00:00,NSE:BIOFILCHEM,4.8,4.8,4.8,4.8,5.0
2019-11-05 09:45:00,NSE:BIOFILCHEM,4.8,4.8,4.8,4.8,20.0
2019-11-05 10:30:00,NSE:BIOFILCHEM,4.8,4.8,4.8,4.8,210.0
2019-11-05 12:00:00,NSE:BIOFILCHEM,4.8,4.8,4.6,4.6,640.0
2019-11-05 12:45:00,NSE:BIOFILCHEM,4.6,4.6,4.6,4.6,100.0
2019-11-05 13:30:00,NSE:BIOFILCHEM,4.6,4.6,4.6,4.6,36.0
2019-11-05 14:15:00,NSE:BIOFILCHEM,4.6,4.6,4.6,4.6,224.0
2019-11-06 09:00:00,NSE:BIOFILCHEM,4.6,4.6,4.6,4.6,110.0
2019-11-06 09:45:00,NSE:BIOFILCHEM,4.6,4.6,4.6,4.6,105.0
2019-11-06 10:30:00,NSE:BIOFILCHEM,4.4,4.4,4.4,4.4,235.0
2019-11-06 12:00:00,NSE:BIOFILCHEM,4.6,4.7,4.55,4.7,3064.0
2019-11-06 12:45:00,NSE:BIOFILCHEM,4.5,4.5,4.5,4.5,618.0
2019-11-07 11:15:00,NSE:BIOFILCHEM,4.55,4.55,4.55,4.55,20.0
2019-11-07 12:00:00,NSE:BIOFILCHEM,4.55,4.55,4.55,4.55,130.0
2019-11-08 10:30:00,NSE:BIOFILCHEM,4.55,4.55,4.55,4.55,74.0
2019-11-11 09:45:00,NSE:BIOFILCHEM,4.55,4.75,4.55,4.75,1730.0
2019-11-11 10:30:00,NSE:BIOFILCHEM,4.75,4.75,4.75,4.75,50.0
2019-11-11 11:15:00,NSE:BIOFILCHEM,4.75,4.75,4.75,4.75,250.0
2019-11-13 09:00:00,NSE:BIOFILCHEM,4.9,4.9,4.9,4.9,90.0
2019-11-13 09:45:00,NSE:BIOFILCHEM,4.95,4.95,4.95,4.95,361.0
2019-11-14 09:00:00,NSE:BIOFILCHEM,4.95,4.95,4.95,4.95,250.0
2019-11-14 13:30:00,NSE:BIOFILCHEM,4.95,4.95,4.95,4.95,101.0
2019-11-14 15:00:00,NSE:BIOFILCHEM,5.15,5.15,5.15,5.15,50.0
2019-11-15 09:00:00,NSE:BIOFILCHEM,5.4,5.4,5.25,5.25,778.0
2019-11-15 14:15:00,NSE:BIOFILCHEM,5.4,5.4,5.4,5.4,15.0
2019-11-15 15:00:00,NSE:BIOFILCHEM,5.4,5.4,5.4,5.4,120.0
2019-11-18 09:00:00,NSE:BIOFILCHEM,5.65,5.65,5.65,5.65,300.0
2019-11-18 09:45:00,NSE:BIOFILCHEM,5.65,5.65,5.65,5.65,950.0
2019-11-18 12:00:00,NSE:BIOFILCHEM,5.65,5.65,5.65,5.65,1000.0
2019-11-18 13:30:00,NSE:BIOFILCHEM,5.65,5.65,5.65,5.65,31.0
2019-11-19 10:30:00,NSE:BIOFILCHEM,5.9,5.9,5.9,5.9,80.0
2019-11-19 11:15:00,NSE:BIOFILCHEM,5.9,5.9,5.9,5.9,630.0
2019-11-19 12:00:00,NSE:BIOFILCHEM,5.9,5.9,5.9,5.9,20.0
2019-11-19 12:45:00,NSE:BIOFILCHEM,5.9,5.9,5.9,5.9,120.0
2019-11-19 13:30:00,NSE:BIOFILCHEM,5.9,5.9,5.9,5.9,1000.0
2019-11-19 14:15:00,NSE:BIOFILCHEM,5.9,5.9,5.9,5.9,700.0
2019-11-20 09:00:00,NSE:BIOFILCHEM,6.15,6.15,6.15,6.15,3916.0
2019-11-20 12:00:00,NSE:BIOFILCHEM,6.15,6.15,6.15,6.15,1290.0
2019-11-20 13:30:00,NSE:BIOFILCHEM,6.15,6.15,6.15,6.15,34.0
2019-11-21 09:00:00,NSE:BIOFILCHEM,6.25,6.45,6.25,6.45,5083.0
2019-11-21 10:30:00,NSE:BIOFILCHEM,6.45,6.45,6.45,6.45,455.0
2019-11-21 12:00:00,NSE:BIOFILCHEM,6.45,6.45,6.45,6.45,50.0
2019-11-21 13:30:00,NSE:BIOFILCHEM,6.45,6.45,6.45,6.45,300.0
2019-11-22 09:00:00,NSE:BIOFILCHEM,6.75,6.75,6.75,6.75,685.0
2019-11-22 09:45:00,NSE:BIOFILCHEM,6.75,6.75,6.75,6.75,89.0
2019-11-22 10:30:00,NSE:BIOFILCHEM,6.75,6.75,6.75,6.75,590.0
2019-11-22 12:45:00,NSE:BIOFILCHEM,6.75,6.75,6.75,6.75,5.0
2019-11-22 13:30:00,NSE:BIOFILCHEM,6.75,6.75,6.75,6.75,150.0
2019-11-25 09:00:00,NSE:BIOFILCHEM,7.05,7.05,7.05,7.05,1299.0
2019-11-25 11:15:00,NSE:BIOFILCHEM,7.05,7.05,7.05,7.05,9.0
2019-11-25 12:45:00,NSE:BIOFILCHEM,7.05,7.05,7.05,7.05,43.0
2019-11-25 15:00:00,NSE:BIOFILCHEM,7.05,7.05,7.05,7.05,3000.0
2019-11-26 09:00:00,NSE:BIOFILCHEM,7.4,7.4,7.4,7.4,821.0
2019-11-26 09:45:00,NSE:BIOFILCHEM,7.4,7.4,7.4,7.4,88.0
2019-11-26 10:30:00,NSE:BIOFILCHEM,7.4,7.4,7.4,7.4,200.0
2019-11-26 11:15:00,NSE:BIOFILCHEM,7.4,7.4,7.4,7.4,100.0
2019-11-26 14:15:00,NSE:BIOFILCHEM,7.4,7.4,7.4,7.4,1100.0
2019-11-27 09:00:00,NSE:BIOFILCHEM,7.75,7.75,7.75,7.75,1031.0
2019-11-27 09:45:00,NSE:BIOFILCHEM,7.75,7.75,7.75,7.75,708.0
2019-11-27 10:30:00,NSE:BIOFILCHEM,7.75,7.75,7.75,7.75,500.0
2019-11-27 12:00:00,NSE:BIOFILCHEM,7.75,7.75,7.75,7.75,70.0
2019-11-27 13:30:00,NSE:BIOFILCHEM,7.75,7.75,7.75,7.75,10.0
2019-11-27 14:15:00,NSE:BIOFILCHEM,7.75,7.75,7.75,7.75,300.0
2019-11-27 15:00:00,NSE:BIOFILCHEM,7.75,7.75,7.75,7.75,51.0
2019-11-28 09:00:00,NSE:BIOFILCHEM,8.1,8.1,8.1,8.1,908.0
2019-11-28 09:45:00,NSE:BIOFILCHEM,8.1,8.1,8.1,8.1,3.0
2019-11-28 11:15:00,NSE:BIOFILCHEM,8.1,8.1,8.1,8.1,100.0
2019-11-28 14:15:00,NSE:BIOFILCHEM,8.1,8.1,8.1,8.1,40.0
2019-11-28 15:00:00,NSE:BIOFILCHEM,8.1,8.1,8.1,8.1,40.0
2019-11-29 09:00:00,NSE:BIOFILCHEM,8.5,8.5,8.5,8.5,635.0
2019-11-29 09:45:00,NSE:BIOFILCHEM,8.5,8.5,8.5,8.5,100.0
2019-11-29 11:15:00,NSE:BIOFILCHEM,8.5,8.5,8.5,8.5,2402.0
2019-11-29 12:00:00,NSE:BIOFILCHEM,8.5,8.5,8.5,8.5,10.0
2019-11-29 12:45:00,NSE:BIOFILCHEM,8.5,8.5,8.5,8.5,100.0
2019-11-29 13:30:00,NSE:BIOFILCHEM,8.5,8.5,8.5,8.5,5355.0
2019-11-29 15:00:00,NSE:BIOFILCHEM,8.5,8.5,8.5,8.5,500.0
2019-12-02 09:00:00,NSE:BIOFILCHEM,8.9,8.9,8.9,8.9,3929.0
2019-12-02 09:45:00,NSE:BIOFILCHEM,8.9,8.9,8.9,8.9,70.0
2019-12-02 10:30:00,NSE:BIOFILCHEM,8.9,8.9,8.9,8.9,147.0
2019-12-02 12:00:00,NSE:BIOFILCHEM,8.9,8.9,8.9,8.9,50.0
2019-12-02 15:00:00,NSE:BIOFILCHEM,8.9,8.9,8.9,8.9,25.0
2019-12-03 09:00:00,NSE:BIOFILCHEM,9.3,9.3,9.3,9.3,5435.0
2019-12-03 10:30:00,NSE:BIOFILCHEM,9.3,9.3,9.3,9.3,3401.0
2019-12-03 11:15:00,NSE:BIOFILCHEM,9.3,9.3,9.3,9.3,510.0
2019-12-03 15:00:00,NSE:BIOFILCHEM,9.3,9.3,9.3,9.3,10.0
2019-12-04 09:00:00,NSE:BIOFILCHEM,9.75,9.75,9.75,9.75,5256.0
2019-12-04 09:45:00,NSE:BIOFILCHEM,9.75,9.75,9.75,9.75,405.0
2019-12-04 10:30:00,NSE:BIOFILCHEM,9.75,9.75,9.75,9.75,15.0
2019-12-04 11:15:00,NSE:BIOFILCHEM,9.75,9.75,9.75,9.75,600.0
2019-12-04 12:00:00,NSE:BIOFILCHEM,9.75,9.75,9.75,9.75,208.0
2019-12-04 12:45:00,NSE:BIOFILCHEM,9.75,9.75,9.75,9.75,250.0
2019-12-04 13:30:00,NSE:BIOFILCHEM,9.75,9.75,9.75,9.75,100.0
2019-12-04 15:00:00,NSE:BIOFILCHEM,9.75,9.75,9.75,9.75,93.0
2019-12-05 09:00:00,NSE:BIOFILCHEM,10.2,10.2,10.2,10.2,976.0
2019-12-05 09:45:00,NSE:BIOFILCHEM,10.2,10.2,10.2,10.2,55.0
2019-12-05 12:45:00,NSE:BIOFILCHEM,10.2,10.2,10.2,10.2,100.0
2019-12-05 15:00:00,NSE:BIOFILCHEM,10.2,10.2,10.2,10.2,1.0
2019-12-06 09:00:00,NSE:BIOFILCHEM,10.7,10.7,10.7,10.7,9546.0
2019-12-06 09:45:00,NSE:BIOFILCHEM,10.7,10.7,10.7,10.7,51.0
2019-12-06 10:30:00,NSE:BIOFILCHEM,10.7,10.7,10.7,10.7,1328.0
2019-12-06 11:15:00,NSE:BIOFILCHEM,10.7,10.7,10.7,10.7,512.0
2019-12-06 12:00:00,NSE:BIOFILCHEM,10.7,10.7,10.7,10.7,502.0
2019-12-06 12:45:00,NSE:BIOFILCHEM,10.7,10.7,10.7,10.7,2502.0
2019-12-06 13:30:00,NSE:BIOFILCHEM,10.7,10.7,10.7,10.7,38239.0
2019-12-06 14:15:00,NSE:BIOFILCHEM,10.7,10.7,10.7,10.7,2306.0
2019-12-06 15:00:00,NSE:BIOFILCHEM,10.7,10.7,10.7,10.7,3118.0
2019-12-06 15:45:00,NSE:BIOFILCHEM,10.7,10.7,10.7,10.7,100.0
2019-12-09 09:00:00,NSE:BIOFILCHEM,11.2,11.2,11.2,11.2,5200.0
2019-12-09 09:45:00,NSE:BIOFILCHEM,11.2,11.2,11.2,11.2,2920.0
2019-12-09 10:30:00,NSE:BIOFILCHEM,11.2,11.2,11.2,11.2,450.0
2019-12-09 11:15:00,NSE:BIOFILCHEM,11.2,11.2,11.2,11.2,1350.0
2019-12-09 13:30:00,NSE:BIOFILCHEM,11.2,11.2,11.2,11.2,7.0
2019-12-09 14:15:00,NSE:BIOFILCHEM,11.2,11.2,11.2,11.2,920.0
2019-12-09 15:00:00,NSE:BIOFILCHEM,11.2,11.2,11.2,11.2,1003.0
2019-12-10 09:00:00,NSE:BIOFILCHEM,11.75,11.75,11.75,11.75,9897.0
2019-12-10 09:45:00,NSE:BIOFILCHEM,11.75,11.75,11.75,11.75,2375.0
2019-12-10 10:30:00,NSE:BIOFILCHEM,11.75,11.75,11.75,11.75,8182.0
2019-12-10 11:15:00,NSE:BIOFILCHEM,11.75,11.75,11.75,11.75,216.0
2019-12-10 12:00:00,NSE:BIOFILCHEM,11.75,11.75,11.75,11.75,1250.0
2019-12-10 12:45:00,NSE:BIOFILCHEM,11.75,11.75,11.75,11.75,301.0
2019-12-10 14:15:00,NSE:BIOFILCHEM,11.75,11.75,11.75,11.75,24.0
2019-12-10 15:00:00,NSE:BIOFILCHEM,11.75,11.75,11.75,11.75,35.0
2019-12-11 09:00:00,NSE:BIOFILCHEM,12.3,12.3,12.3,12.3,1650.0
2019-12-11 09:45:00,NSE:BIOFILCHEM,12.3,12.3,12.3,12.3,1750.0
2019-12-11 10:30:00,NSE:BIOFILCHEM,12.3,12.3,12.3,12.3,1010.0
2019-12-11 11:15:00,NSE:BIOFILCHEM,12.3,12.3,12.3,12.3,750.0
2019-12-11 12:00:00,NSE:BIOFILCHEM,12.3,12.3,12.3,12.3,300.0
2019-12-11 13:30:00,NSE:BIOFILCHEM,12.3,12.3,12.3,12.3,8.0
2019-12-11 14:15:00,NSE:BIOFILCHEM,12.3,12.3,12.3,12.3,100.0
2019-12-11 15:00:00,NSE:BIOFILCHEM,12.3,12.3,12.3,12.3,320.0
2019-12-12 09:00:00,NSE:BIOFILCHEM,12.9,12.9,12.9,12.9,4244.0
2019-12-12 09:45:00,NSE:BIOFILCHEM,12.9,12.9,12.9,12.9,911.0
2019-12-12 10:30:00,NSE:BIOFILCHEM,12.9,12.9,12.9,12.9,2004.0
2019-12-12 11:15:00,NSE:BIOFILCHEM,12.9,12.9,12.9,12.9,123.0
2019-12-12 13:30:00,NSE:BIOFILCHEM,12.9,12.9,12.9,12.9,3161.0
2019-12-12 14:15:00,NSE:BIOFILCHEM,12.9,12.9,12.9,12.9,1150.0
2019-12-12 15:00:00,NSE:BIOFILCHEM,12.9,12.9,12.9,12.9,350.0
2019-12-13 09:00:00,NSE:BIOFILCHEM,13.5,13.5,13.5,13.5,2430.0
2019-12-13 09:45:00,NSE:BIOFILCHEM,13.5,13.5,13.5,13.5,1240.0
2019-12-13 10:30:00,NSE:BIOFILCHEM,13.5,13.5,13.5,13.5,104.0
2019-12-13 11:15:00,NSE:BIOFILCHEM,13.5,13.5,13.5,13.5,1084.0
2019-12-13 14:15:00,NSE:BIOFILCHEM,13.5,13.5,13.5,13.5,200.0
2019-12-16 09:00:00,NSE:BIOFILCHEM,14.15,14.15,14.15,14.15,1212.0
2019-12-16 09:45:00,NSE:BIOFILCHEM,14.15,14.15,14.15,14.15,1668.0
2019-12-16 10:30:00,NSE:BIOFILCHEM,14.15,14.15,14.15,14.15,5.0
2019-12-16 12:00:00,NSE:BIOFILCHEM,14.15,14.15,14.15,14.15,20.0
2019-12-16 13:30:00,NSE:BIOFILCHEM,14.15,14.15,14.15,14.15,250.0
2019-12-16 15:00:00,NSE:BIOFILCHEM,14.15,14.15,14.15,14.15,154.0
2019-12-17 09:00:00,NSE:BIOFILCHEM,14.85,14.85,14.85,14.85,4240.0
2019-12-17 09:45:00,NSE:BIOFILCHEM,14.85,14.85,14.85,14.85,75.0
2019-12-17 10:30:00,NSE:BIOFILCHEM,14.85,14.85,14.85,14.85,50.0
2019-12-17 11:15:00,NSE:BIOFILCHEM,14.85,14.85,14.85,14.85,7.0
2019-12-17 12:00:00,NSE:BIOFILCHEM,14.85,14.85,14.85,14.85,1011.0
2019-12-17 14:15:00,NSE:BIOFILCHEM,14.85,14.85,14.85,14.85,60.0
2019-12-17 15:00:00,NSE:BIOFILCHEM,14.85,14.85,14.85,14.85,690.0
2019-12-18 09:00:00,NSE:BIOFILCHEM,15.55,15.55,15.55,15.55,37294.0
2019-12-18 09:45:00,NSE:BIOFILCHEM,15.55,15.55,15.55,15.55,4131.0
2019-12-18 10:30:00,NSE:BIOFILCHEM,15.55,15.55,15.55,15.55,6766.0
2019-12-18 11:15:00,NSE:BIOFILCHEM,15.55,15.55,15.55,15.55,2050.0
2019-12-18 12:00:00,NSE:BIOFILCHEM,15.55,15.55,15.55,15.55,4724.0
2019-12-18 12:45:00,NSE:BIOFILCHEM,15.55,15.55,15.55,15.55,400.0
2019-12-18 13:30:00,NSE:BIOFILCHEM,15.55,15.55,15.55,15.55,10.0
2019-12-18 15:00:00,NSE:BIOFILCHEM,15.55,15.55,15.55,15.55,100.0
2019-12-19 09:00:00,NSE:BIOFILCHEM,16.3,16.3,16.3,16.3,4802.0
2019-12-19 09:45:00,NSE:BIOFILCHEM,16.3,16.3,16.3,16.3,19.0
2019-12-19 10:30:00,NSE:BIOFILCHEM,16.3,16.3,16.3,16.3,55.0
2019-12-19 11:15:00,NSE:BIOFILCHEM,16.3,16.3,16.3,16.3,1000.0
2019-12-19 12:00:00,NSE:BIOFILCHEM,16.3,16.3,16.3,16.3,100.0
2019-12-19 14:15:00,NSE:BIOFILCHEM,16.3,16.3,16.3,16.3,1000.0
2019-12-19 15:45:00,NSE:BIOFILCHEM,16.3,16.3,16.3,16.3,150.0
2019-12-20 09:00:00,NSE:BIOFILCHEM,17.1,17.1,17.1,17.1,6305.0
2019-12-20 09:45:00,NSE:BIOFILCHEM,17.1,17.1,17.1,17.1,875.0
2019-12-20 11:15:00,NSE:BIOFILCHEM,17.1,17.1,17.1,17.1,2209.0
2019-12-20 12:00:00,NSE:BIOFILCHEM,17.1,17.1,17.1,17.1,5715.0
2019-12-20 12:45:00,NSE:BIOFILCHEM,17.1,17.1,17.1,17.1,11086.0
2019-12-20 13:30:00,NSE:BIOFILCHEM,17.1,17.1,17.1,17.1,245.0
2019-12-20 14:15:00,NSE:BIOFILCHEM,17.1,17.1,17.1,17.1,753.0
2019-12-20 15:00:00,NSE:BIOFILCHEM,17.1,17.1,17.1,17.1,1902.0
2019-12-23 09:00:00,NSE:BIOFILCHEM,17.95,17.95,17.95,17.95,3307.0
2019-12-23 09:45:00,NSE:BIOFILCHEM,17.95,17.95,17.95,17.95,1210.0
2019-12-23 10:30:00,NSE:BIOFILCHEM,17.95,17.95,17.95,17.95,50.0
2019-12-23 11:15:00,NSE:BIOFILCHEM,17.95,17.95,17.95,17.95,3800.0
2019-12-23 12:00:00,NSE:BIOFILCHEM,17.95,17.95,17.95,17.95,134.0
2019-12-23 12:45:00,NSE:BIOFILCHEM,17.95,17.95,17.95,17.95,11.0
2019-12-23 14:15:00,NSE:BIOFILCHEM,17.95,17.95,17.95,17.95,668.0
2019-12-23 15:00:00,NSE:BIOFILCHEM,17.95,17.95,17.95,17.95,85.0
2019-12-24 09:00:00,NSE:BIOFILCHEM,18.8,18.8,18.8,18.8,7180.0
2019-12-24 09:45:00,NSE:BIOFILCHEM,18.8,18.8,18.8,18.8,61.0
2019-12-24 10:30:00,NSE:BIOFILCHEM,18.8,18.8,18.8,18.8,251.0
2019-12-24 11:15:00,NSE:BIOFILCHEM,18.8,18.8,18.8,18.8,1037.0
2019-12-24 12:00:00,NSE:BIOFILCHEM,18.8,18.8,18.8,18.8,200.0
2019-12-24 13:30:00,NSE:BIOFILCHEM,18.8,18.8,18.8,18.8,245.0
2019-12-24 14:15:00,NSE:BIOFILCHEM,18.8,18.8,18.8,18.8,200.0
2019-12-24 15:45:00,NSE:BIOFILCHEM,18.8,18.8,18.8,18.8,50.0
2019-12-26 09:00:00,NSE:BIOFILCHEM,19.7,19.7,19.7,19.7,3055.0
2019-12-26 09:45:00,NSE:BIOFILCHEM,19.7,19.7,19.7,19.7,230.0
2019-12-26 10:30:00,NSE:BIOFILCHEM,19.7,19.7,19.7,19.7,370.0
2019-12-26 11:15:00,NSE:BIOFILCHEM,19.7,19.7,19.7,19.7,2239.0
2019-12-26 12:00:00,NSE:BIOFILCHEM,19.7,19.7,19.7,19.7,12466.0
2019-12-26 12:45:00,NSE:BIOFILCHEM,19.7,19.7,19.7,19.7,3449.0
2019-12-26 13:30:00,NSE:BIOFILCHEM,19.7,19.7,19.7,19.7,1000.0
2019-12-26 14:15:00,NSE:BIOFILCHEM,19.7,19.7,19.7,19.7,400.0
2019-12-26 15:00:00,NSE:BIOFILCHEM,19.7,19.7,19.7,19.7,900.0
2019-12-27 09:00:00,NSE:BIOFILCHEM,20.65,20.65,20.65,20.65,10908.0
2019-12-27 09:45:00,NSE:BIOFILCHEM,20.65,20.65,20.65,20.65,2680.0
2019-12-27 10:30:00,NSE:BIOFILCHEM,20.65,20.65,20.65,20.65,3495.0
2019-12-27 11:15:00,NSE:BIOFILCHEM,20.65,20.65,20.65,20.65,10.0
2019-12-27 12:00:00,NSE:BIOFILCHEM,20.65,20.65,20.65,20.65,1057.0
2019-12-27 12:45:00,NSE:BIOFILCHEM,20.65,20.65,20.65,20.65,20.0
2019-12-27 13:30:00,NSE:BIOFILCHEM,20.65,20.65,20.65,20.65,5237.0
2019-12-27 14:15:00,NSE:BIOFILCHEM,20.65,20.65,20.65,20.65,1300.0
2019-12-27 15:00:00,NSE:BIOFILCHEM,20.65,20.65,20.65,20.65,1120.0
2019-12-30 09:00:00,NSE:BIOFILCHEM,21.65,21.65,21.65,21.65,13018.0
2019-12-30 09:45:00,NSE:BIOFILCHEM,21.65,21.65,21.65,21.65,299.0
2019-12-30 10:30:00,NSE:BIOFILCHEM,21.65,21.65,21.65,21.65,1079.0
2019-12-30 11:15:00,NSE:BIOFILCHEM,21.65,21.65,21.65,21.65,900.0
2019-12-30 12:00:00,NSE:BIOFILCHEM,21.65,21.65,21.65,21.65,300.0
2019-12-30 12:45:00,NSE:BIOFILCHEM,21.65,21.65,21.65,21.65,100.0
2019-12-30 13:30:00,NSE:BIOFILCHEM,21.65,21.65,21.65,21.65,2400.0
2019-12-30 14:15:00,NSE:BIOFILCHEM,21.65,21.65,21.65,21.65,225.0
2019-12-30 15:00:00,NSE:BIOFILCHEM,21.65,21.65,21.65,21.65,25.0
2019-12-31 09:00:00,NSE:BIOFILCHEM,22.7,22.7,20.6,20.6,71745.0
2019-12-31 09:45:00,NSE:BIOFILCHEM,20.6,20.6,20.6,20.6,3408.0
2019-12-31 10:30:00,NSE:BIOFILCHEM,20.6,20.6,20.6,20.6,1900.0
2019-12-31 11:15:00,NSE:BIOFILCHEM,20.6,20.6,20.6,20.6,1556.0
2019-12-31 12:00:00,NSE:BIOFILCHEM,20.6,20.6,20.6,20.6,976.0
2019-12-31 12:45:00,NSE:BIOFILCHEM,20.6,20.6,20.6,20.6,557.0
2019-12-31 13:30:00,NSE:BIOFILCHEM,20.6,20.6,20.6,20.6,819.0
2019-12-31 14:15:00,NSE:BIOFILCHEM,20.6,20.6,20.6,20.6,359.0
2019-12-31 15:00:00,NSE:BIOFILCHEM,20.6,20.6,20.6,20.6,687.0
2020-01-01 09:00:00,NSE:BIOFILCHEM,19.6,19.6,19.6,19.6,714.0
2020-01-01 09:45:00,NSE:BIOFILCHEM,19.6,19.6,19.6,19.6,348.0
2020-01-01 10:30:00,NSE:BIOFILCHEM,19.6,19.6,19.6,19.6,856.0
2020-01-01 11:15:00,NSE:BIOFILCHEM,19.6,19.6,19.6,19.6,1536.0
2020-01-01 12:00:00,NSE:BIOFILCHEM,19.6,19.6,19.6,19.6,245.0
2020-01-01 12:45:00,NSE:BIOFILCHEM,19.6,19.6,19.6,19.6,21.0
2020-01-01 13:30:00,NSE:BIOFILCHEM,19.6,19.6,19.6,19.6,154.0
2020-01-01 14:15:00,NSE:BIOFILCHEM,19.6,19.6,19.6,19.6,3.0
2020-01-01 15:00:00,NSE:BIOFILCHEM,19.6,19.6,19.6,19.6,1519.0
2020-01-02 09:00:00,NSE:BIOFILCHEM,18.65,18.65,18.65,18.65,79.0
2020-01-02 10:30:00,NSE:BIOFILCHEM,18.65,18.65,18.65,18.65,371.0
2020-01-02 11:15:00,NSE:BIOFILCHEM,18.65,18.65,18.65,18.65,77.0
2020-01-02 12:00:00,NSE:BIOFILCHEM,18.65,18.65,18.65,18.65,310.0
2020-01-02 12:45:00,NSE:BIOFILCHEM,18.65,18.65,18.65,18.65,61.0
2020-01-02 13:30:00,NSE:BIOFILCHEM,18.65,18.65,18.65,18.65,222.0
2020-01-02 14:15:00,NSE:BIOFILCHEM,18.65,18.65,18.65,18.65,150.0
2020-01-02 15:00:00,NSE:BIOFILCHEM,18.65,18.65,18.65,18.65,726.0
2020-01-02 15:45:00,NSE:BIOFILCHEM,18.65,18.65,18.65,18.65,23.0
2020-01-03 09:00:00,NSE:BIOFILCHEM,17.75,17.75,17.75,17.75,1160.0
2020-01-03 09:45:00,NSE:BIOFILCHEM,17.75,17.75,17.75,17.75,350.0
2020-01-03 10:30:00,NSE:BIOFILCHEM,17.75,17.75,17.75,17.75,108.0
2020-01-03 11:15:00,NSE:BIOFILCHEM,17.75,17.75,17.75,17.75,69.0
2020-01-03 12:00:00,NSE:BIOFILCHEM,17.75,17.75,17.75,17.75,30.0
2020-01-03 13:30:00,NSE:BIOFILCHEM,17.75,17.75,17.75,17.75,59.0
2020-01-03 14:15:00,NSE:BIOFILCHEM,17.75,17.75,17.75,17.75,25.0
2020-01-03 15:00:00,NSE:BIOFILCHEM,17.75,17.75,17.75,17.75,60.0
2020-01-06 09:00:00,NSE:BIOFILCHEM,16.9,16.9,16.9,16.9,1117.0
2020-01-06 09:45:00,NSE:BIOFILCHEM,16.9,16.9,16.9,16.9,129.0
2020-01-06 10:30:00,NSE:BIOFILCHEM,16.9,16.9,16.9,16.9,541.0
2020-01-06 11:15:00,NSE:BIOFILCHEM,16.9,16.9,16.9,16.9,50.0
2020-01-06 12:00:00,NSE:BIOFILCHEM,16.9,16.9,16.9,16.9,126.0
2020-01-06 12:45:00,NSE:BIOFILCHEM,16.9,16.9,16.9,16.9,1.0
2020-01-06 13:30:00,NSE:BIOFILCHEM,16.9,16.9,16.9,16.9,12.0
2020-01-06 14:15:00,NSE:BIOFILCHEM,16.9,16.9,16.9,16.9,2.0
2020-01-06 15:00:00,NSE:BIOFILCHEM,16.9,16.9,16.9,16.9,110.0
2020-01-07 09:00:00,NSE:BIOFILCHEM,16.1,16.1,16.1,16.1,297.0
2020-01-07 09:45:00,NSE:BIOFILCHEM,16.1,16.1,16.1,16.1,179.0
2020-01-07 10:30:00,NSE:BIOFILCHEM,16.1,16.1,16.1,16.1,1.0
2020-01-07 12:00:00,NSE:BIOFILCHEM,16.1,16.1,16.1,16.1,101.0
2020-01-07 12:45:00,NSE:BIOFILCHEM,16.1,16.1,16.1,16.1,127.0
2020-01-07 14:15:00,NSE:BIOFILCHEM,16.1,16.1,16.1,16.1,2003.0
2020-01-07 15:00:00,NSE:BIOFILCHEM,16.1,16.1,16.1,16.1,60.0
2020-01-08 09:00:00,NSE:BIOFILCHEM,15.3,15.3,15.3,15.3,6.0
2020-01-08 09:45:00,NSE:BIOFILCHEM,15.3,15.3,15.3,15.3,2730.0
2020-01-08 10:30:00,NSE:BIOFILCHEM,15.3,15.3,15.3,15.3,45.0
2020-01-08 11:15:00,NSE:BIOFILCHEM,15.3,15.3,15.3,15.3,32.0
2020-01-08 12:00:00,NSE:BIOFILCHEM,15.3,15.3,15.3,15.3,523.0
2020-01-08 13:30:00,NSE:BIOFILCHEM,15.3,15.3,15.3,15.3,3.0
2020-01-08 14:15:00,NSE:BIOFILCHEM,15.3,15.3,15.3,15.3,1.0
2020-01-08 15:00:00,NSE:BIOFILCHEM,15.3,15.3,15.3,15.3,1604.0
2020-01-09 09:00:00,NSE:BIOFILCHEM,14.55,14.55,14.55,14.55,211.0
2020-01-09 09:45:00,NSE:BIOFILCHEM,14.55,14.55,14.55,14.55,255.0
2020-01-09 10:30:00,NSE:BIOFILCHEM,14.55,14.55,14.55,14.55,34.0
2020-01-09 11:15:00,NSE:BIOFILCHEM,14.55,14.55,14.55,14.55,59.0
2020-01-09 12:00:00,NSE:BIOFILCHEM,14.55,14.55,14.55,14.55,102.0
2020-01-09 13:30:00,NSE:BIOFILCHEM,14.55,14.55,14.55,14.55,1.0
2020-01-09 14:15:00,NSE:BIOFILCHEM,14.55,14.55,14.55,14.55,1.0
2020-01-09 15:00:00,NSE:BIOFILCHEM,14.55,14.55,14.55,14.55,6.0
2020-01-10 09:00:00,NSE:BIOFILCHEM,13.85,13.85,13.85,13.85,1010.0
2020-01-10 09:45:00,NSE:BIOFILCHEM,13.85,13.85,13.85,13.85,463.0
2020-01-10 10:30:00,NSE:BIOFILCHEM,13.85,13.85,13.85,13.85,3.0
2020-01-10 11:15:00,NSE:BIOFILCHEM,13.85,13.85,13.85,13.85,503.0
2020-01-10 12:00:00,NSE:BIOFILCHEM,13.85,13.85,13.85,13.85,70.0
2020-01-10 12:45:00,NSE:BIOFILCHEM,13.85,13.85,13.85,13.85,115.0
2020-01-10 13:30:00,NSE:BIOFILCHEM,13.85,13.85,13.85,13.85,872.0
2020-01-10 14:15:00,NSE:BIOFILCHEM,13.85,13.85,13.85,13.85,22.0
2020-01-10 15:00:00,NSE:BIOFILCHEM,13.85,13.85,13.85,13.85,1139.0
2020-01-13 09:00:00,NSE:BIOFILCHEM,13.2,14.5,13.2,14.45,39348.0
2020-01-13 09:45:00,NSE:BIOFILCHEM,13.85,14.5,13.35,14.5,7317.0
2020-01-13 10:30:00,NSE:BIOFILCHEM,14.5,14.5,14.5,14.5,5478.0
2020-01-13 11:15:00,NSE:BIOFILCHEM,14.5,14.5,14.5,14.5,4916.0
2020-01-13 12:00:00,NSE:BIOFILCHEM,14.5,14.5,14.5,14.5,361.0
2020-01-13 12:45:00,NSE:BIOFILCHEM,14.5,14.5,14.5,14.5,1119.0
2020-01-13 13:30:00,NSE:BIOFILCHEM,14.5,14.5,14.5,14.5,40.0
2020-01-13 14:15:00,NSE:BIOFILCHEM,14.5,14.5,14.5,14.5,129.0
2020-01-13 15:00:00,NSE:BIOFILCHEM,14.5,14.5,14.5,14.5,831.0
2020-01-14 09:00:00,NSE:BIOFILCHEM,15.2,15.2,15.2,15.2,3367.0
2020-01-14 09:45:00,NSE:BIOFILCHEM,15.2,15.2,15.2,15.2,772.0
2020-01-14 10:30:00,NSE:BIOFILCHEM,15.2,15.2,15.2,15.2,1580.0
2020-01-14 11:15:00,NSE:BIOFILCHEM,15.2,15.2,15.2,15.2,41.0
2020-01-14 12:00:00,NSE:BIOFILCHEM,15.2,15.2,15.2,15.2,1603.0
2020-01-14 12:45:00,NSE:BIOFILCHEM,15.2,15.2,15.2,15.2,20.0
2020-01-14 13:30:00,NSE:BIOFILCHEM,15.2,15.2,15.2,15.2,2795.0
2020-01-14 14:15:00,NSE:BIOFILCHEM,15.2,15.2,15.2,15.2,521.0
2020-01-14 15:00:00,NSE:BIOFILCHEM,15.2,15.2,14.5,15.15,38532.0
2020-01-15 09:00:00,NSE:BIOFILCHEM,14.4,14.4,14.4,14.4,797.0
2020-01-15 09:45:00,NSE:BIOFILCHEM,14.4,14.4,14.4,14.4,297.0
2020-01-15 10:30:00,NSE:BIOFILCHEM,14.4,14.4,14.4,14.4,1592.0
2020-01-15 11:15:00,NSE:BIOFILCHEM,14.4,14.4,14.4,14.4,948.0
2020-01-15 12:00:00,NSE:BIOFILCHEM,14.4,14.4,14.4,14.4,76.0
2020-01-15 12:45:00,NSE:BIOFILCHEM,14.4,14.4,14.4,14.4,560.0
2020-01-15 13:30:00,NSE:BIOFILCHEM,14.4,14.4,14.4,14.4,101.0
2020-01-15 14:15:00,NSE:BIOFILCHEM,14.4,14.4,14.4,14.4,167.0
2020-01-15 15:00:00,NSE:BIOFILCHEM,14.4,14.4,14.4,14.4,1113.0
2020-01-16 09:00:00,NSE:BIOFILCHEM,13.7,13.7,13.7,13.7,3793.0
2020-01-16 09:45:00,NSE:BIOFILCHEM,13.7,13.7,13.7,13.7,253.0
2020-01-16 10:30:00,NSE:BIOFILCHEM,13.7,13.7,13.7,13.7,1.0
2020-01-16 11:15:00,NSE:BIOFILCHEM,13.7,13.7,13.7,13.7,20.0
2020-01-16 12:00:00,NSE:BIOFILCHEM,13.7,13.7,13.7,13.7,1110.0
2020-01-16 12:45:00,NSE:BIOFILCHEM,13.7,13.7,13.7,13.7,40.0
2020-01-16 13:30:00,NSE:BIOFILCHEM,13.7,13.7,13.7,13.7,704.0
2020-01-16 14:15:00,NSE:BIOFILCHEM,13.7,13.7,13.7,13.7,81.0
2020-01-16 15:00:00,NSE:BIOFILCHEM,13.7,13.7,13.7,13.7,21.0
2020-01-17 09:00:00,NSE:BIOFILCHEM,13.05,14.35,13.05,14.2,6211.0
2020-01-17 09:45:00,NSE:BIOFILCHEM,14.2,14.2,13.1,13.25,8367.0
2020-01-17 10:30:00,NSE:BIOFILCHEM,13.2,14.1,13.05,13.05,7252.0
2020-01-17 11:15:00,NSE:BIOFILCHEM,14.0,14.0,13.05,13.2,2144.0
2020-01-17 12:00:00,NSE:BIOFILCHEM,13.05,13.9,13.05,13.05,1264.0
2020-01-17 12:45:00,NSE:BIOFILCHEM,13.85,13.9,13.1,13.2,187.0
2020-01-17 13:30:00,NSE:BIOFILCHEM,13.9,13.95,13.2,13.95,3840.0
2020-01-17 14:15:00,NSE:BIOFILCHEM,14.0,14.0,13.1,13.9,2161.0
2020-01-17 15:00:00,NSE:BIOFILCHEM,13.1,14.35,13.1,14.2,10541.0
2020-01-20 09:00:00,NSE:BIOFILCHEM,14.35,14.35,13.1,13.2,5971.0
2020-01-20 09:45:00,NSE:BIOFILCHEM,13.2,13.95,13.05,13.7,14299.0
2020-01-20 10:30:00,NSE:BIOFILCHEM,13.5,13.5,13.1,13.1,379.0
2020-01-20 11:15:00,NSE:BIOFILCHEM,13.5,13.5,13.1,13.1,787.0
2020-01-20 12:00:00,NSE:BIOFILCHEM,13.5,13.9,13.05,13.9,2097.0
2020-01-20 12:45:00,NSE:BIOFILCHEM,13.8,13.8,13.15,13.15,597.0
2020-01-20 13:30:00,NSE:BIOFILCHEM,13.55,13.8,13.15,13.8,2613.0
2020-01-20 14:15:00,NSE:BIOFILCHEM,13.8,13.8,13.05,13.05,4412.0
2020-01-20 15:00:00,NSE:BIOFILCHEM,13.05,13.85,13.05,13.8,2678.0
2020-01-21 09:00:00,NSE:BIOFILCHEM,12.8,13.9,12.8,12.8,2847.0
2020-01-21 09:45:00,NSE:BIOFILCHEM,13.0,13.45,12.8,13.1,6143.0
2020-01-21 10:30:00,NSE:BIOFILCHEM,13.4,13.4,12.85,12.85,2219.0
2020-01-21 11:15:00,NSE:BIOFILCHEM,12.85,13.15,12.85,13.15,631.0
2020-01-21 12:00:00,NSE:BIOFILCHEM,12.85,12.85,12.8,12.8,426.0
2020-01-21 12:45:00,NSE:BIOFILCHEM,12.8,13.15,12.8,13.15,3436.0
2020-01-21 13:30:00,NSE:BIOFILCHEM,12.8,13.1,12.8,13.1,400.0
2020-01-21 14:15:00,NSE:BIOFILCHEM,12.8,13.1,12.8,12.8,2085.0
2020-01-21 15:00:00,NSE:BIOFILCHEM,13.1,13.1,12.8,12.8,657.0
2020-01-22 09:00:00,NSE:BIOFILCHEM,13.5,13.5,12.4,12.4,1694.0
2020-01-22 09:45:00,NSE:BIOFILCHEM,12.5,13.4,12.45,12.5,4810.0
2020-01-22 10:30:00,NSE:BIOFILCHEM,12.9,12.9,12.45,12.75,2314.0
2020-01-22 11:15:00,NSE:BIOFILCHEM,12.75,13.35,12.45,13.35,1349.0
2020-01-22 12:00:00,NSE:BIOFILCHEM,13.05,13.25,12.5,13.0,1302.0
2020-01-22 12:45:00,NSE:BIOFILCHEM,12.5,13.0,12.5,13.0,201.0
2020-01-22 13:30:00,NSE:BIOFILCHEM,12.45,12.9,12.45,12.45,1230.0
2020-01-22 14:15:00,NSE:BIOFILCHEM,12.9,12.9,12.45,12.85,809.0
2020-01-22 15:00:00,NSE:BIOFILCHEM,12.85,12.85,12.5,12.5,1865.0
2020-01-23 09:00:00,NSE:BIOFILCHEM,12.0,13.15,12.0,12.2,621.0
2020-01-23 09:45:00,NSE:BIOFILCHEM,12.25,13.1,12.0,12.15,2637.0
2020-01-23 10:30:00,NSE:BIOFILCHEM,12.2,13.0,12.2,12.9,1088.0
2020-01-23 11:15:00,NSE:BIOFILCHEM,12.5,12.9,12.5,12.9,532.0
2020-01-23 12:00:00,NSE:BIOFILCHEM,12.9,12.9,12.5,12.5,591.0
2020-01-23 12:45:00,NSE:BIOFILCHEM,12.5,12.5,12.5,12.5,143.0
2020-01-23 13:30:00,NSE:BIOFILCHEM,12.9,12.9,12.6,12.9,2051.0
2020-01-23 14:15:00,NSE:BIOFILCHEM,12.85,13.0,12.65,13.0,689.0
2020-01-23 15:00:00,NSE:BIOFILCHEM,12.65,13.05,12.65,13.05,637.0
2020-01-24 09:00:00,NSE:BIOFILCHEM,12.95,12.95,12.35,12.45,977.0
2020-01-24 09:45:00,NSE:BIOFILCHEM,12.45,12.85,12.45,12.85,142.0
2020-01-24 10:30:00,NSE:BIOFILCHEM,12.45,12.85,12.45,12.65,1245.0
2020-01-24 11:15:00,NSE:BIOFILCHEM,12.8,12.8,12.65,12.8,206.0
2020-01-24 12:00:00,NSE:BIOFILCHEM,12.4,12.75,12.35,12.35,3100.0
2020-01-24 12:45:00,NSE:BIOFILCHEM,12.35,12.75,12.35,12.65,1130.0
2020-01-24 13:30:00,NSE:BIOFILCHEM,12.35,12.65,12.35,12.6,415.0
2020-01-24 14:15:00,NSE:BIOFILCHEM,12.6,12.6,12.35,12.55,1217.0
2020-01-24 15:00:00,NSE:BIOFILCHEM,12.35,12.6,12.35,12.6,791.0
2020-01-27 09:00:00,NSE:BIOFILCHEM,12.0,12.6,12.0,12.6,3353.0
2020-01-27 09:45:00,NSE:BIOFILCHEM,12.1,12.85,12.05,12.4,1650.0
2020-01-27 10:30:00,NSE:BIOFILCHEM,12.85,12.85,12.4,12.8,1926.0
2020-01-27 11:15:00,NSE:BIOFILCHEM,12.4,12.8,12.4,12.8,17.0
2020-01-27 12:00:00,NSE:BIOFILCHEM,12.4,12.8,12.1,12.1,678.0
2020-01-27 12:45:00,NSE:BIOFILCHEM,12.8,12.8,12.2,12.2,749.0
2020-01-27 13:30:00,NSE:BIOFILCHEM,12.2,12.2,12.2,12.2,2.0
2020-01-27 14:15:00,NSE:BIOFILCHEM,12.8,12.8,12.25,12.25,92.0
2020-01-27 15:00:00,NSE:BIOFILCHEM,12.25,12.8,12.25,12.8,767.0
2020-01-28 09:00:00,NSE:BIOFILCHEM,11.85,12.85,11.85,12.05,2070.0
2020-01-28 09:45:00,NSE:BIOFILCHEM,12.05,12.05,12.0,12.0,1510.0
2020-01-28 10:30:00,NSE:BIOFILCHEM,12.75,12.75,12.15,12.5,2443.0
2020-01-28 11:15:00,NSE:BIOFILCHEM,12.5,12.6,12.15,12.15,1531.0
2020-01-28 12:00:00,NSE:BIOFILCHEM,12.6,12.6,12.45,12.45,16.0
2020-01-28 12:45:00,NSE:BIOFILCHEM,12.45,12.45,12.45,12.45,250.0
2020-01-28 13:30:00,NSE:BIOFILCHEM,12.15,12.15,12.15,12.15,1130.0
2020-01-28 14:15:00,NSE:BIOFILCHEM,12.4,12.4,12.4,12.4,3.0
2020-01-28 15:00:00,NSE:BIOFILCHEM,12.2,12.4,12.0,12.4,3848.0
2020-01-29 09:00:00,NSE:BIOFILCHEM,11.85,11.85,11.6,11.7,1072.0
2020-01-29 09:45:00,NSE:BIOFILCHEM,12.45,12.45,11.8,11.8,1406.0
2020-01-29 10:30:00,NSE:BIOFILCHEM,12.35,12.35,12.35,12.35,400.0
2020-01-29 11:15:00,NSE:BIOFILCHEM,12.35,12.35,11.85,12.3,381.0
2020-01-29 12:00:00,NSE:BIOFILCHEM,12.3,12.35,12.3,12.35,197.0
2020-01-29 12:45:00,NSE:BIOFILCHEM,12.35,12.4,12.25,12.25,1034.0
2020-01-29 13:30:00,NSE:BIOFILCHEM,12.4,12.4,11.85,11.85,28.0
2020-01-29 14:15:00,NSE:BIOFILCHEM,11.85,12.25,11.85,12.0,240.0
2020-01-29 15:00:00,NSE:BIOFILCHEM,12.4,12.4,11.85,11.9,880.0
2020-01-30 09:00:00,NSE:BIOFILCHEM,11.4,12.5,11.4,12.45,1590.0
2020-01-30 09:45:00,NSE:BIOFILCHEM,12.4,12.45,11.45,12.45,7692.0
2020-01-30 10:30:00,NSE:BIOFILCHEM,11.7,12.45,11.7,11.75,2799.0
2020-01-30 11:15:00,NSE:BIOFILCHEM,11.75,12.45,11.75,12.45,499.0
2020-01-30 12:00:00,NSE:BIOFILCHEM,12.45,12.45,12.45,12.45,158.0
2020-01-30 12:45:00,NSE:BIOFILCHEM,12.4,12.4,11.9,12.4,82.0
2020-01-30 13:30:00,NSE:BIOFILCHEM,12.4,12.4,12.4,12.4,1.0
2020-01-30 14:15:00,NSE:BIOFILCHEM,12.4,12.4,11.9,12.4,1091.0
2020-01-30 15:00:00,NSE:BIOFILCHEM,12.4,12.45,11.95,12.45,1335.0
2020-01-31 09:00:00,NSE:BIOFILCHEM,12.4,12.4,12.0,12.05,519.0
2020-01-31 09:45:00,NSE:BIOFILCHEM,12.4,12.4,12.05,12.05,376.0
2020-01-31 10:30:00,NSE:BIOFILCHEM,12.05,12.4,12.05,12.05,540.0
2020-01-31 11:15:00,NSE:BIOFILCHEM,12.35,12.35,12.35,12.35,2.0
2020-01-31 12:00:00,NSE:BIOFILCHEM,12.35,12.35,12.1,12.1,73.0
2020-01-31 12:45:00,NSE:BIOFILCHEM,12.3,12.3,12.05,12.3,847.0
2020-01-31 13:30:00,NSE:BIOFILCHEM,12.3,12.3,12.3,12.3,18.0
2020-01-31 14:15:00,NSE:BIOFILCHEM,12.05,12.35,12.05,12.3,585.0
2020-01-31 15:00:00,NSE:BIOFILCHEM,12.3,12.3,12.3,12.3,208.0
2020-02-01 09:00:00,NSE:BIOFILCHEM,12.0,12.3,11.75,11.75,466.0
2020-02-01 09:45:00,NSE:BIOFILCHEM,11.85,11.85,11.85,11.85,20.0
2020-02-01 10:30:00,NSE:BIOFILCHEM,11.9,11.9,11.85,11.85,171.0
2020-02-01 11:15:00,NSE:BIOFILCHEM,11.85,12.3,11.85,12.3,760.0
2020-02-01 12:00:00,NSE:BIOFILCHEM,12.25,12.35,12.25,12.35,1600.0
2020-02-01 12:45:00,NSE:BIOFILCHEM,12.35,12.35,12.3,12.3,256.0
2020-02-01 13:30:00,NSE:BIOFILCHEM,12.25,12.35,11.9,12.35,554.0
2020-02-01 14:15:00,NSE:BIOFILCHEM,12.35,12.35,11.9,11.9,208.0
2020-02-01 15:00:00,NSE:BIOFILCHEM,11.9,12.35,11.9,12.35,104.0
2020-02-03 09:00:00,NSE:BIOFILCHEM,12.35,12.35,11.35,11.35,1343.0
2020-02-03 09:45:00,NSE:BIOFILCHEM,11.35,11.35,11.35,11.35,1850.0
2020-02-03 10:30:00,NSE:BIOFILCHEM,11.35,11.35,11.35,11.35,10.0
2020-02-03 11:15:00,NSE:BIOFILCHEM,11.5,11.5,11.5,11.5,500.0
2020-02-03 12:00:00,NSE:BIOFILCHEM,11.95,11.95,11.95,11.95,103.0
2020-02-03 12:45:00,NSE:BIOFILCHEM,11.95,11.95,11.4,11.4,817.0
2020-02-03 13:30:00,NSE:BIOFILCHEM,11.9,11.9,11.9,11.9,70.0
2020-02-03 14:15:00,NSE:BIOFILCHEM,11.9,11.9,11.45,11.45,23.0
2020-02-03 15:00:00,NSE:BIOFILCHEM,11.9,11.95,11.9,11.95,79.0
2020-02-04 09:00:00,NSE:BIOFILCHEM,11.5,12.25,11.5,11.65,1345.0
2020-02-04 09:45:00,NSE:BIOFILCHEM,12.2,12.2,11.7,11.7,162.0
2020-02-04 10:30:00,NSE:BIOFILCHEM,11.7,11.7,11.5,11.5,1506.0
2020-02-04 11:15:00,NSE:BIOFILCHEM,12.15,12.15,11.5,11.5,246.0
2020-02-04 12:00:00,NSE:BIOFILCHEM,11.5,12.1,11.5,11.5,175.0
2020-02-04 12:45:00,NSE:BIOFILCHEM,12.1,12.1,11.5,11.5,78.0
2020-02-04 13:30:00,NSE:BIOFILCHEM,12.1,12.1,11.65,11.65,112.0
2020-02-04 14:15:00,NSE:BIOFILCHEM,11.65,12.1,11.5,12.0,432.0
2020-02-04 15:00:00,NSE:BIOFILCHEM,12.0,12.0,12.0,12.0,839.0
2020-02-04 15:45:00,NSE:BIOFILCHEM,12.0,12.0,12.0,12.0,50.0
2020-02-05 09:00:00,NSE:BIOFILCHEM,11.9,12.25,11.4,12.25,1260.0
2020-02-05 09:45:00,NSE:BIOFILCHEM,12.25,12.25,11.45,11.45,1863.0
2020-02-05 10:30:00,NSE:BIOFILCHEM,12.2,12.2,11.75,11.75,504.0
2020-02-05 11:15:00,NSE:BIOFILCHEM,12.15,12.15,12.15,12.15,20.0
2020-02-05 12:00:00,NSE:BIOFILCHEM,11.55,12.1,11.55,11.55,291.0
2020-02-05 12:45:00,NSE:BIOFILCHEM,11.55,12.1,11.55,12.1,440.0
2020-02-05 13:30:00,NSE:BIOFILCHEM,11.6,11.6,11.6,11.6,50.0
2020-02-05 14:15:00,NSE:BIOFILCHEM,12.0,12.0,11.7,11.7,159.0
2020-02-05 15:00:00,NSE:BIOFILCHEM,11.95,11.95,11.7,11.7,105.0
2020-02-06 09:00:00,NSE:BIOFILCHEM,11.25,12.25,11.25,12.0,1889.0
2020-02-06 09:45:00,NSE:BIOFILCHEM,11.25,11.5,11.25,11.5,2160.0
2020-02-06 10:30:00,NSE:BIOFILCHEM,11.85,11.85,11.3,11.85,629.0
2020-02-06 11:15:00,NSE:BIOFILCHEM,11.85,11.85,11.5,11.5,25.0
2020-02-06 12:00:00,NSE:BIOFILCHEM,11.5,11.85,11.5,11.85,79.0
2020-02-06 12:45:00,NSE:BIOFILCHEM,11.5,11.8,11.5,11.8,23.0
2020-02-06 13:30:00,NSE:BIOFILCHEM,11.8,11.8,11.8,11.8,30.0
2020-02-06 14:15:00,NSE:BIOFILCHEM,11.5,11.8,11.5,11.8,605.0
2020-02-06 15:00:00,NSE:BIOFILCHEM,11.5,11.8,11.4,11.4,194.0
2020-02-07 09:00:00,NSE:BIOFILCHEM,10.95,11.05,10.95,11.0,3740.0
2020-02-07 09:45:00,NSE:BIOFILCHEM,10.95,10.95,10.95,10.95,34.0
2020-02-07 10:30:00,NSE:BIOFILCHEM,10.95,11.9,10.95,11.85,1009.0
2020-02-07 11:15:00,NSE:BIOFILCHEM,11.05,11.8,11.05,11.8,2620.0
2020-02-07 12:00:00,NSE:BIOFILCHEM,11.8,11.8,11.0,11.0,1503.0
2020-02-07 12:45:00,NSE:BIOFILCHEM,11.75,11.75,11.7,11.7,47.0
2020-02-07 13:30:00,NSE:BIOFILCHEM,11.7,11.75,11.0,11.0,2700.0
2020-02-07 14:15:00,NSE:BIOFILCHEM,11.25,11.7,11.25,11.7,1000.0
2020-02-07 15:00:00,NSE:BIOFILCHEM,11.05,11.7,11.05,11.5,2867.0
2020-02-10 09:00:00,NSE:BIOFILCHEM,11.4,11.8,11.4,11.8,49.0
2020-02-10 09:45:00,NSE:BIOFILCHEM,11.5,11.8,11.4,11.8,1797.0
2020-02-10 10:30:00,NSE:BIOFILCHEM,11.8,11.8,11.8,11.8,1356.0
2020-02-10 11:15:00,NSE:BIOFILCHEM,11.55,11.8,11.55,11.8,697.0
2020-02-10 12:00:00,NSE:BIOFILCHEM,11.8,11.8,11.55,11.8,352.0
2020-02-10 12:45:00,NSE:BIOFILCHEM,11.8,11.8,11.55,11.55,304.0
2020-02-10 13:30:00,NSE:BIOFILCHEM,11.55,11.55,11.55,11.55,30.0
2020-02-10 14:15:00,NSE:BIOFILCHEM,11.8,11.8,11.4,11.4,1571.0
2020-02-10 15:00:00,NSE:BIOFILCHEM,11.8,11.8,11.4,11.8,111.0
2020-02-11 09:00:00,NSE:BIOFILCHEM,11.3,11.3,11.25,11.25,1210.0
2020-02-11 09:45:00,NSE:BIOFILCHEM,11.3,11.8,11.3,11.8,167.0
2020-02-11 10:30:00,NSE:BIOFILCHEM,11.3,11.8,11.3,11.75,515.0
2020-02-11 11:15:00,NSE:BIOFILCHEM,11.4,11.4,11.4,11.4,10.0
2020-02-11 12:00:00,NSE:BIOFILCHEM,11.75,11.75,11.75,11.75,1.0
2020-02-11 12:45:00,NSE:BIOFILCHEM,11.4,11.75,11.4,11.75,206.0
2020-02-11 13:30:00,NSE:BIOFILCHEM,11.5,11.5,11.5,11.5,160.0
2020-02-11 14:15:00,NSE:BIOFILCHEM,11.45,11.8,11.4,11.8,1101.0
2020-02-11 15:00:00,NSE:BIOFILCHEM,11.8,12.25,11.8,12.25,662.0
2020-02-12 09:00:00,NSE:BIOFILCHEM,12.6,12.6,11.55,11.55,4472.0
2020-02-12 09:45:00,NSE:BIOFILCHEM,12.35,12.35,11.55,12.35,164.0
2020-02-12 10:30:00,NSE:BIOFILCHEM,12.0,12.0,11.45,11.45,6559.0
2020-02-12 11:15:00,NSE:BIOFILCHEM,11.45,11.45,11.45,11.45,56.0
2020-02-12 12:00:00,NSE:BIOFILCHEM,11.45,11.45,11.45,11.45,2004.0
2020-02-12 12:45:00,NSE:BIOFILCHEM,11.45,11.45,11.45,11.45,9.0
2020-02-12 13:30:00,NSE:BIOFILCHEM,11.45,11.45,11.45,11.45,108.0
2020-02-12 14:15:00,NSE:BIOFILCHEM,11.45,11.45,11.45,11.45,500.0
2020-02-12 15:00:00,NSE:BIOFILCHEM,11.45,11.45,11.45,11.45,1056.0
2020-02-13 09:00:00,NSE:BIOFILCHEM,11.25,11.25,10.9,10.9,130.0
2020-02-13 09:45:00,NSE:BIOFILCHEM,10.9,11.25,10.9,11.2,6262.0
2020-02-13 10:30:00,NSE:BIOFILCHEM,10.9,11.0,10.9,11.0,1381.0
2020-02-13 11:15:00,NSE:BIOFILCHEM,10.9,11.2,10.9,11.2,535.0
2020-02-13 12:00:00,NSE:BIOFILCHEM,10.9,10.9,10.9,10.9,110.0
2020-02-13 13:30:00,NSE:BIOFILCHEM,11.15,11.15,10.9,10.9,1194.0
2020-02-13 14:15:00,NSE:BIOFILCHEM,11.1,11.15,11.1,11.15,401.0
2020-02-13 15:00:00,NSE:BIOFILCHEM,11.15,11.15,10.9,10.9,102.0
2020-02-14 09:00:00,NSE:BIOFILCHEM,10.6,11.4,10.6,11.2,1522.0
2020-02-14 09:45:00,NSE:BIOFILCHEM,11.2,11.4,11.2,11.4,1173.0
2020-02-14 10:30:00,NSE:BIOFILCHEM,11.25,11.25,11.25,11.25,2.0
2020-02-14 11:15:00,NSE:BIOFILCHEM,11.4,11.4,11.35,11.35,529.0
2020-02-14 12:00:00,NSE:BIOFILCHEM,11.25,11.35,11.25,11.35,240.0
2020-02-14 12:45:00,NSE:BIOFILCHEM,11.25,11.4,11.25,11.4,384.0
2020-02-14 13:30:00,NSE:BIOFILCHEM,10.75,11.4,10.75,11.4,1555.0
2020-02-14 14:15:00,NSE:BIOFILCHEM,10.8,11.4,10.8,11.4,202.0
2020-02-14 15:00:00,NSE:BIOFILCHEM,11.4,11.4,11.4,11.4,117.0
2020-02-17 09:00:00,NSE:BIOFILCHEM,11.4,11.95,11.4,11.95,632.0
2020-02-17 09:45:00,NSE:BIOFILCHEM,11.75,11.85,10.85,10.85,473.0
2020-02-17 10:30:00,NSE:BIOFILCHEM,10.85,11.45,10.85,11.45,1034.0
2020-02-17 11:15:00,NSE:BIOFILCHEM,11.4,11.4,10.85,10.85,2120.0
2020-02-17 12:00:00,NSE:BIOFILCHEM,11.4,11.4,10.85,10.85,677.0
2020-02-17 12:45:00,NSE:BIOFILCHEM,10.85,11.4,10.85,11.4,302.0
2020-02-17 13:30:00,NSE:BIOFILCHEM,11.4,11.4,11.4,11.4,200.0
2020-02-17 15:00:00,NSE:BIOFILCHEM,10.85,11.4,10.85,10.85,48.0
2020-02-18 09:00:00,NSE:BIOFILCHEM,10.9,11.0,10.9,10.9,25.0
2020-02-18 10:30:00,NSE:BIOFILCHEM,10.9,10.9,10.8,10.9,10.0
2020-02-18 11:15:00,NSE:BIOFILCHEM,10.9,10.9,10.9,10.9,71.0
2020-02-18 12:00:00,NSE:BIOFILCHEM,10.5,10.5,10.5,10.5,30.0
2020-02-18 12:45:00,NSE:BIOFILCHEM,10.5,10.5,10.45,10.45,99.0
2020-02-18 14:15:00,NSE:BIOFILCHEM,10.45,10.45,10.4,10.4,376.0
2020-02-18 15:00:00,NSE:BIOFILCHEM,10.4,10.4,10.4,10.4,234.0
2020-02-19 09:00:00,NSE:BIOFILCHEM,9.9,10.0,9.9,10.0,1013.0
2020-02-19 09:45:00,NSE:BIOFILCHEM,10.0,10.0,9.9,9.9,2432.0
2020-02-19 10:30:00,NSE:BIOFILCHEM,9.9,9.9,9.9,9.9,3000.0
2020-02-19 11:15:00,NSE:BIOFILCHEM,9.9,9.9,9.9,9.9,869.0
2020-02-19 12:00:00,NSE:BIOFILCHEM,9.9,9.9,9.9,9.9,39.0
2020-02-19 12:45:00,NSE:BIOFILCHEM,9.9,9.9,9.9,9.9,700.0
2020-02-19 13:30:00,NSE:BIOFILCHEM,9.95,10.4,9.95,10.4,224.0
2020-02-19 14:15:00,NSE:BIOFILCHEM,9.9,10.4,9.9,9.9,3901.0
2020-02-19 15:00:00,NSE:BIOFILCHEM,9.9,9.9,9.9,9.9,318.0
2020-02-20 09:00:00,NSE:BIOFILCHEM,9.5,9.5,9.5,9.5,5.0
2020-02-20 09:45:00,NSE:BIOFILCHEM,9.5,9.9,9.5,9.9,102.0
2020-02-20 10:30:00,NSE:BIOFILCHEM,9.65,9.9,9.6,9.6,1582.0
2020-02-20 11:15:00,NSE:BIOFILCHEM,9.9,9.9,9.6,9.9,13.0
2020-02-20 12:45:00,NSE:BIOFILCHEM,9.6,9.9,9.5,9.9,1686.0
2020-02-20 14:15:00,NSE:BIOFILCHEM,9.45,10.15,9.45,10.15,349.0
2020-02-20 15:00:00,NSE:BIOFILCHEM,10.15,10.15,9.45,9.45,1010.0
2020-02-24 09:00:00,NSE:BIOFILCHEM,9.35,9.45,9.35,9.4,1351.0
2020-02-24 09:45:00,NSE:BIOFILCHEM,9.45,9.8,9.45,9.8,118.0
2020-02-24 10:30:00,NSE:BIOFILCHEM,9.35,9.8,9.35,9.8,1627.0
2020-02-24 11:15:00,NSE:BIOFILCHEM,9.35,9.35,9.35,9.35,2.0
2020-02-24 12:00:00,NSE:BIOFILCHEM,9.4,9.4,9.4,9.4,12.0
2020-02-24 12:45:00,NSE:BIOFILCHEM,9.4,9.8,9.4,9.75,84.0
2020-02-24 15:00:00,NSE:BIOFILCHEM,9.4,9.4,9.35,9.35,403.0
2020-02-25 09:00:00,NSE:BIOFILCHEM,9.05,9.45,9.0,9.45,1419.0
2020-02-25 09:45:00,NSE:BIOFILCHEM,9.45,9.45,9.45,9.45,51.0
2020-02-25 10:30:00,NSE:BIOFILCHEM,9.0,9.0,9.0,9.0,10.0
2020-02-25 12:00:00,NSE:BIOFILCHEM,9.0,9.0,9.0,9.0,203.0
2020-02-25 14:15:00,NSE:BIOFILCHEM,9.0,9.0,9.0,9.0,1071.0
2020-02-25 15:00:00,NSE:BIOFILCHEM,9.35,9.35,9.0,9.0,55.0
2020-02-26 09:00:00,NSE:BIOFILCHEM,9.0,9.35,9.0,9.0,232.0
2020-02-26 09:45:00,NSE:BIOFILCHEM,9.3,9.3,8.55,8.55,508.0
2020-02-26 10:30:00,NSE:BIOFILCHEM,9.1,9.1,9.1,9.1,2.0
2020-02-26 11:15:00,NSE:BIOFILCHEM,8.55,8.55,8.55,8.55,68.0
2020-02-26 12:00:00,NSE:BIOFILCHEM,8.55,8.55,8.55,8.55,301.0
2020-02-26 12:45:00,NSE:BIOFILCHEM,9.05,9.05,9.05,9.05,102.0
2020-02-26 13:30:00,NSE:BIOFILCHEM,9.0,9.0,9.0,9.0,500.0
2020-02-26 14:15:00,NSE:BIOFILCHEM,8.55,8.95,8.55,8.95,1940.0
2020-02-26 15:00:00,NSE:BIOFILCHEM,8.55,8.95,8.55,8.95,2860.0
2020-02-27 09:00:00,NSE:BIOFILCHEM,8.25,8.3,8.25,8.25,2164.0
2020-02-27 09:45:00,NSE:BIOFILCHEM,8.25,8.9,8.25,8.85,3111.0
2020-02-27 10:30:00,NSE:BIOFILCHEM,8.8,8.8,8.3,8.3,177.0
2020-02-27 11:15:00,NSE:BIOFILCHEM,8.9,8.9,8.9,8.9,1500.0
2020-02-27 12:00:00,NSE:BIOFILCHEM,8.9,8.9,8.9,8.9,5.0
2020-02-27 12:45:00,NSE:BIOFILCHEM,8.25,8.9,8.25,8.9,4.0
2020-02-27 13:30:00,NSE:BIOFILCHEM,8.25,8.9,8.25,8.65,60.0
2020-02-27 14:15:00,NSE:BIOFILCHEM,8.6,8.9,8.25,8.9,1322.0
2020-02-27 15:00:00,NSE:BIOFILCHEM,8.25,8.9,8.25,8.25,65.0
2020-02-28 09:00:00,NSE:BIOFILCHEM,8.25,8.25,8.1,8.1,41.0
2020-02-28 09:45:00,NSE:BIOFILCHEM,8.0,8.0,8.0,8.0,188.0
2020-02-28 10:30:00,NSE:BIOFILCHEM,7.95,7.95,7.95,7.95,310.0
2020-02-28 11:15:00,NSE:BIOFILCHEM,7.95,7.95,7.95,7.95,410.0
2020-02-28 12:00:00,NSE:BIOFILCHEM,7.95,7.95,7.95,7.95,445.0
2020-02-28 13:30:00,NSE:BIOFILCHEM,7.95,7.95,7.95,7.95,5664.0
2020-02-28 14:15:00,NSE:BIOFILCHEM,7.95,8.0,7.95,8.0,65.0
2020-02-28 15:00:00,NSE:BIOFILCHEM,8.0,8.0,8.0,8.0,70.0
2020-03-02 09:00:00,NSE:BIOFILCHEM,8.4,8.4,8.4,8.4,304.0
2020-03-02 09:45:00,NSE:BIOFILCHEM,8.4,8.4,7.6,8.4,249.0
2020-03-02 11:15:00,NSE:BIOFILCHEM,8.4,8.4,8.4,8.4,209.0
2020-03-02 12:00:00,NSE:BIOFILCHEM,8.4,8.4,8.4,8.4,30.0
2020-03-02 12:45:00,NSE:BIOFILCHEM,8.4,8.4,8.4,8.4,490.0
2020-03-02 14:15:00,NSE:BIOFILCHEM,8.4,8.4,8.4,8.4,10.0
2020-03-02 15:00:00,NSE:BIOFILCHEM,8.4,8.4,8.4,8.4,876.0
2020-03-03 09:00:00,NSE:BIOFILCHEM,8.05,8.05,8.05,8.05,11.0
2020-03-03 09:45:00,NSE:BIOFILCHEM,8.05,8.6,8.05,8.05,167.0
2020-03-03 10:30:00,NSE:BIOFILCHEM,8.05,8.05,8.0,8.0,21.0
2020-03-03 12:45:00,NSE:BIOFILCHEM,8.0,8.6,8.0,8.5,522.0
2020-03-03 13:30:00,NSE:BIOFILCHEM,8.5,8.5,8.5,8.5,10.0
2020-03-03 14:15:00,NSE:BIOFILCHEM,8.0,8.5,8.0,8.5,251.0
2020-03-03 15:00:00,NSE:BIOFILCHEM,8.5,8.5,8.5,8.5,150.0
2020-03-04 09:00:00,NSE:BIOFILCHEM,8.5,8.5,8.5,8.5,50.0
2020-03-04 09:45:00,NSE:BIOFILCHEM,8.75,8.75,8.75,8.75,5.0
2020-03-04 10:30:00,NSE:BIOFILCHEM,8.65,8.65,8.65,8.65,25.0
2020-03-04 11:15:00,NSE:BIOFILCHEM,8.65,8.65,8.65,8.65,260.0
2020-03-04 12:00:00,NSE:BIOFILCHEM,8.65,8.65,8.65,8.65,75.0
2020-03-04 14:15:00,NSE:BIOFILCHEM,8.65,8.65,8.6,8.6,200.0
2020-03-04 15:00:00,NSE:BIOFILCHEM,8.6,8.6,8.6,8.6,49.0
2020-03-05 09:00:00,NSE:BIOFILCHEM,8.6,9.0,8.2,9.0,3122.0
2020-03-05 09:45:00,NSE:BIOFILCHEM,9.0,9.0,8.6,9.0,3100.0
2020-03-05 11:15:00,NSE:BIOFILCHEM,9.0,9.0,9.0,9.0,99.0
2020-03-05 12:00:00,NSE:BIOFILCHEM,9.0,9.0,9.0,9.0,13.0
2020-03-05 12:45:00,NSE:BIOFILCHEM,9.0,9.0,9.0,9.0,387.0
2020-03-05 13:30:00,NSE:BIOFILCHEM,9.0,9.0,9.0,9.0,7000.0
2020-03-05 14:15:00,NSE:BIOFILCHEM,9.0,9.0,9.0,9.0,1.0
2020-03-06 09:00:00,NSE:BIOFILCHEM,9.4,9.45,8.7,9.45,2950.0
2020-03-06 09:45:00,NSE:BIOFILCHEM,9.45,9.45,8.55,8.65,18288.0
2020-03-06 10:30:00,NSE:BIOFILCHEM,8.7,9.45,8.6,9.0,24780.0
2020-03-06 11:15:00,NSE:BIOFILCHEM,8.75,8.9,8.6,8.6,2171.0
2020-03-06 12:00:00,NSE:BIOFILCHEM,8.95,8.95,8.55,8.9,4020.0
2020-03-06 12:45:00,NSE:BIOFILCHEM,8.9,8.9,8.9,8.9,390.0
2020-03-06 13:30:00,NSE:BIOFILCHEM,8.6,8.95,8.55,8.55,2189.0
2020-03-06 14:15:00,NSE:BIOFILCHEM,8.55,8.8,8.55,8.8,3209.0
2020-03-06 15:00:00,NSE:BIOFILCHEM,8.7,8.7,8.7,8.7,71.0
2020-03-06 15:45:00,NSE:BIOFILCHEM,8.7,8.7,8.7,8.7,200.0
2020-03-09 09:00:00,NSE:BIOFILCHEM,8.3,8.3,8.3,8.3,485.0
2020-03-09 09:45:00,NSE:BIOFILCHEM,8.5,8.5,8.5,8.5,250.0
2020-03-09 10:30:00,NSE:BIOFILCHEM,8.3,8.3,8.3,8.3,300.0
2020-03-09 11:15:00,NSE:BIOFILCHEM,8.3,8.3,8.3,8.3,80.0
2020-03-09 12:00:00,NSE:BIOFILCHEM,8.3,8.3,8.3,8.3,100.0
2020-03-09 14:15:00,NSE:BIOFILCHEM,8.3,8.8,8.3,8.8,4772.0
2020-03-09 15:00:00,NSE:BIOFILCHEM,8.3,8.75,8.3,8.75,221.0
2020-03-11 09:00:00,NSE:BIOFILCHEM,8.2,8.65,7.9,8.6,766.0
2020-03-11 09:45:00,NSE:BIOFILCHEM,8.6,8.6,8.05,8.05,3061.0
2020-03-11 10:30:00,NSE:BIOFILCHEM,8.4,8.4,8.05,8.1,417.0
2020-03-11 11:15:00,NSE:BIOFILCHEM,8.05,8.05,8.05,8.05,3123.0
2020-03-11 12:00:00,NSE:BIOFILCHEM,8.4,8.4,7.95,8.4,1306.0
2020-03-11 12:45:00,NSE:BIOFILCHEM,8.4,8.4,7.9,8.0,1033.0
2020-03-11 13:30:00,NSE:BIOFILCHEM,8.3,8.3,7.9,7.9,92.0
2020-03-11 14:15:00,NSE:BIOFILCHEM,8.15,8.2,7.9,8.2,8414.0
2020-03-11 15:00:00,NSE:BIOFILCHEM,7.9,8.3,7.9,8.3,693.0
2020-03-12 09:00:00,NSE:BIOFILCHEM,8.0,8.0,7.9,7.9,62.0
2020-03-12 09:45:00,NSE:BIOFILCHEM,7.9,7.95,7.65,7.95,216.0
2020-03-12 10:30:00,NSE:BIOFILCHEM,7.95,7.95,7.65,7.65,230.0
2020-03-12 11:15:00,NSE:BIOFILCHEM,7.65,7.9,7.65,7.9,171.0
2020-03-12 12:00:00,NSE:BIOFILCHEM,7.9,7.9,7.9,7.9,1.0
2020-03-12 13:30:00,NSE:BIOFILCHEM,7.9,7.9,7.9,7.9,20.0
2020-03-12 14:15:00,NSE:BIOFILCHEM,7.65,7.85,7.65,7.85,57.0
2020-03-12 15:00:00,NSE:BIOFILCHEM,7.85,7.85,7.85,7.85,225.0
2020-03-13 09:00:00,NSE:BIOFILCHEM,7.5,7.5,7.5,7.5,1.0
2020-03-13 09:45:00,NSE:BIOFILCHEM,7.5,7.5,7.5,7.5,51.0
2020-03-13 10:30:00,NSE:BIOFILCHEM,7.5,7.5,7.5,7.5,105.0
2020-03-13 11:15:00,NSE:BIOFILCHEM,7.5,7.5,7.5,7.5,452.0
2020-03-13 12:00:00,NSE:BIOFILCHEM,7.5,7.5,7.5,7.5,1.0
2020-03-13 12:45:00,NSE:BIOFILCHEM,7.5,7.5,7.5,7.5,1051.0
2020-03-13 13:30:00,NSE:BIOFILCHEM,7.5,8.0,7.5,8.0,6210.0
2020-03-13 14:15:00,NSE:BIOFILCHEM,8.0,8.2,7.55,8.05,2475.0
2020-03-13 15:00:00,NSE:BIOFILCHEM,7.5,8.15,7.5,8.0,2770.0
2020-03-16 09:00:00,NSE:BIOFILCHEM,8.05,8.05,7.9,7.9,131.0
2020-03-16 09:45:00,NSE:BIOFILCHEM,7.35,7.9,7.35,7.85,1294.0
2020-03-16 10:30:00,NSE:BIOFILCHEM,7.85,7.85,7.8,7.8,70.0
2020-03-16 11:15:00,NSE:BIOFILCHEM,7.8,7.9,7.8,7.9,255.0
2020-03-16 12:00:00,NSE:BIOFILCHEM,7.9,7.9,7.4,7.4,1209.0
2020-03-16 12:45:00,NSE:BIOFILCHEM,7.9,7.9,7.4,7.9,1166.0
2020-03-16 13:30:00,NSE:BIOFILCHEM,7.9,7.9,7.9,7.9,302.0
2020-03-16 14:15:00,NSE:BIOFILCHEM,7.5,7.9,7.5,7.9,723.0
2020-03-16 15:00:00,NSE:BIOFILCHEM,7.6,8.0,7.6,8.0,3039.0
2020-03-17 09:00:00,NSE:BIOFILCHEM,7.65,8.0,7.6,7.6,3258.0
2020-03-17 09:45:00,NSE:BIOFILCHEM,7.95,7.95,7.6,7.95,430.0
2020-03-17 10:30:00,NSE:BIOFILCHEM,7.9,7.9,7.6,7.85,1062.0
2020-03-17 11:15:00,NSE:BIOFILCHEM,7.85,7.85,7.6,7.6,209.0
2020-03-17 12:00:00,NSE:BIOFILCHEM,7.85,7.95,7.75,7.75,1625.0
2020-03-17 12:45:00,NSE:BIOFILCHEM,7.75,7.75,7.6,7.6,2006.0
2020-03-17 13:30:00,NSE:BIOFILCHEM,7.6,7.8,7.6,7.8,15.0
2020-03-17 14:15:00,NSE:BIOFILCHEM,7.6,7.8,7.6,7.8,2075.0
2020-03-17 15:00:00,NSE:BIOFILCHEM,7.8,7.8,7.8,7.8,11.0
2020-03-18 09:00:00,NSE:BIOFILCHEM,7.8,8.1,7.45,7.9,6824.0
2020-03-18 09:45:00,NSE:BIOFILCHEM,7.85,7.9,7.45,7.85,4467.0
2020-03-18 10:30:00,NSE:BIOFILCHEM,7.8,7.8,7.55,7.75,636.0
2020-03-18 11:15:00,NSE:BIOFILCHEM,7.5,7.6,7.45,7.45,1165.0
2020-03-18 12:00:00,NSE:BIOFILCHEM,7.45,7.6,7.45,7.6,1007.0
2020-03-18 12:45:00,NSE:BIOFILCHEM,7.6,7.6,7.6,7.6,145.0
2020-03-18 14:15:00,NSE:BIOFILCHEM,7.5,7.6,7.5,7.6,22.0
2020-03-18 15:00:00,NSE:BIOFILCHEM,7.55,7.55,7.55,7.55,200.0
2020-03-18 15:45:00,NSE:BIOFILCHEM,7.55,7.55,7.55,7.55,9.0
2020-03-19 09:00:00,NSE:BIOFILCHEM,7.9,7.9,7.85,7.85,480.0
2020-03-19 09:45:00,NSE:BIOFILCHEM,7.75,7.75,7.2,7.7,507.0
2020-03-19 10:30:00,NSE:BIOFILCHEM,7.7,7.7,7.2,7.2,60.0
2020-03-19 11:15:00,NSE:BIOFILCHEM,7.5,7.5,7.2,7.5,1720.0
2020-03-19 12:00:00,NSE:BIOFILCHEM,7.2,7.2,7.2,7.2,1180.0
2020-03-19 12:45:00,NSE:BIOFILCHEM,7.2,7.2,7.2,7.2,70.0
2020-03-19 13:30:00,NSE:BIOFILCHEM,7.2,7.2,7.2,7.2,51.0
2020-03-19 14:15:00,NSE:BIOFILCHEM,7.2,7.2,7.2,7.2,393.0
2020-03-19 15:00:00,NSE:BIOFILCHEM,7.2,7.2,7.2,7.2,30.0
2020-03-20 09:00:00,NSE:BIOFILCHEM,7.2,7.2,6.85,7.15,165.0
2020-03-20 09:45:00,NSE:BIOFILCHEM,6.85,7.15,6.85,7.0,23.0
2020-03-20 10:30:00,NSE:BIOFILCHEM,7.0,7.0,7.0,7.0,112.0
2020-03-20 11:15:00,NSE:BIOFILCHEM,7.0,7.0,7.0,7.0,2035.0
2020-03-20 12:00:00,NSE:BIOFILCHEM,7.0,7.1,6.85,7.1,1882.0
2020-03-20 12:45:00,NSE:BIOFILCHEM,7.1,7.1,6.85,6.85,345.0
2020-03-20 13:30:00,NSE:BIOFILCHEM,7.1,7.1,6.85,6.85,150.0
2020-03-20 14:15:00,NSE:BIOFILCHEM,7.1,7.1,6.85,7.1,2065.0
2020-03-20 15:00:00,NSE:BIOFILCHEM,7.1,7.1,7.1,7.1,8.0
2020-03-23 09:00:00,NSE:BIOFILCHEM,7.45,7.45,6.75,6.75,743.0
2020-03-23 09:45:00,NSE:BIOFILCHEM,7.3,7.3,6.75,6.75,2017.0
2020-03-23 10:30:00,NSE:BIOFILCHEM,6.75,6.8,6.75,6.8,2880.0
2020-03-23 11:15:00,NSE:BIOFILCHEM,6.8,6.8,6.8,6.8,10.0
2020-03-23 12:00:00,NSE:BIOFILCHEM,6.75,6.75,6.75,6.75,14.0
2020-03-23 12:45:00,NSE:BIOFILCHEM,6.75,6.75,6.75,6.75,132.0
2020-03-23 13:30:00,NSE:BIOFILCHEM,6.75,6.75,6.75,6.75,67.0
2020-03-23 14:15:00,NSE:BIOFILCHEM,6.75,6.75,6.75,6.75,4.0
2020-03-24 09:00:00,NSE:BIOFILCHEM,7.0,7.0,6.45,6.45,438.0
2020-03-24 09:45:00,NSE:BIOFILCHEM,6.45,6.75,6.45,6.45,278.0
2020-03-24 10:30:00,NSE:BIOFILCHEM,6.45,6.45,6.45,6.45,287.0
2020-03-24 12:00:00,NSE:BIOFILCHEM,6.45,6.45,6.45,6.45,23.0
2020-03-24 12:45:00,NSE:BIOFILCHEM,6.45,6.45,6.45,6.45,26.0
2020-03-24 13:30:00,NSE:BIOFILCHEM,6.45,6.45,6.45,6.45,37.0
2020-03-24 14:15:00,NSE:BIOFILCHEM,6.45,6.45,6.45,6.45,174.0
2020-03-24 15:00:00,NSE:BIOFILCHEM,6.45,6.8,6.45,6.8,3818.0
2020-03-25 09:00:00,NSE:BIOFILCHEM,6.95,7.0,6.95,7.0,121.0
2020-03-25 09:45:00,NSE:BIOFILCHEM,7.0,7.0,6.95,6.95,295.0
2020-03-25 10:30:00,NSE:BIOFILCHEM,7.0,7.0,7.0,7.0,2.0
2020-03-25 11:15:00,NSE:BIOFILCHEM,6.5,7.1,6.5,6.5,2588.0
2020-03-25 12:00:00,NSE:BIOFILCHEM,7.1,7.1,6.5,6.5,1298.0
2020-03-25 12:45:00,NSE:BIOFILCHEM,7.05,7.05,6.5,7.05,1168.0
2020-03-25 13:30:00,NSE:BIOFILCHEM,7.05,7.05,7.05,7.05,22.0
2020-03-25 14:15:00,NSE:BIOFILCHEM,6.55,7.1,6.55,7.0,1128.0
2020-03-25 15:00:00,NSE:BIOFILCHEM,7.0,7.1,6.5,7.0,3036.0
2020-03-26 09:00:00,NSE:BIOFILCHEM,7.0,7.0,6.8,6.8,280.0
2020-03-26 09:45:00,NSE:BIOFILCHEM,6.8,6.8,6.65,6.8,521.0
2020-03-26 10:30:00,NSE:BIOFILCHEM,6.65,6.8,6.65,6.65,794.0
2020-03-26 11:15:00,NSE:BIOFILCHEM,6.65,6.8,6.65,6.65,3981.0
2020-03-26 12:45:00,NSE:BIOFILCHEM,6.8,6.8,6.7,6.8,782.0
2020-03-26 13:30:00,NSE:BIOFILCHEM,6.8,6.8,6.7,6.7,123.0
2020-03-26 14:15:00,NSE:BIOFILCHEM,6.8,6.8,6.8,6.8,211.0
2020-03-26 15:00:00,NSE:BIOFILCHEM,6.8,7.1,6.65,7.1,5832.0
2020-03-27 09:00:00,NSE:BIOFILCHEM,6.75,6.85,6.75,6.85,179.0
2020-03-27 09:45:00,NSE:BIOFILCHEM,6.75,6.85,6.55,6.85,2282.0
2020-03-27 10:30:00,NSE:BIOFILCHEM,6.85,6.85,6.55,6.8,804.0
2020-03-27 11:15:00,NSE:BIOFILCHEM,6.7,6.8,6.7,6.8,45.0
2020-03-27 12:00:00,NSE:BIOFILCHEM,6.7,6.8,6.55,6.6,1843.0
2020-03-27 12:45:00,NSE:BIOFILCHEM,6.6,6.6,6.55,6.55,1835.0
2020-03-27 13:30:00,NSE:BIOFILCHEM,6.55,7.05,6.55,7.05,2939.0
2020-03-27 14:15:00,NSE:BIOFILCHEM,7.05,7.05,7.05,7.05,41.0
2020-03-27 15:00:00,NSE:BIOFILCHEM,7.0,7.15,6.85,7.15,2593.0
2020-03-30 09:00:00,NSE:BIOFILCHEM,7.15,7.15,7.0,7.0,366.0
2020-03-30 09:45:00,NSE:BIOFILCHEM,7.0,7.0,6.9,6.9,165.0
2020-03-30 10:30:00,NSE:BIOFILCHEM,7.0,7.0,7.0,7.0,107.0
2020-03-30 11:15:00,NSE:BIOFILCHEM,7.0,7.0,7.0,7.0,317.0
2020-03-30 12:00:00,NSE:BIOFILCHEM,7.0,7.0,7.0,7.0,101.0
2020-03-30 12:45:00,NSE:BIOFILCHEM,7.0,7.0,6.9,6.9,502.0
2020-03-30 13:30:00,NSE:BIOFILCHEM,7.0,7.0,6.95,6.95,168.0
2020-03-30 14:15:00,NSE:BIOFILCHEM,7.05,7.35,6.9,7.35,2353.0
2020-03-30 15:00:00,NSE:BIOFILCHEM,7.3,7.3,6.9,7.3,146.0
2020-03-31 09:00:00,NSE:BIOFILCHEM,7.05,7.3,7.0,7.3,347.0
2020-03-31 09:45:00,NSE:BIOFILCHEM,7.3,7.3,7.3,7.3,20.0
2020-03-31 10:30:00,NSE:BIOFILCHEM,6.95,7.3,6.95,7.3,2310.0
2020-03-31 11:15:00,NSE:BIOFILCHEM,6.95,7.3,6.95,7.3,87.0
2020-03-31 12:00:00,NSE:BIOFILCHEM,6.95,7.3,6.95,7.25,3421.0
2020-03-31 12:45:00,NSE:BIOFILCHEM,7.25,7.25,7.1,7.25,18.0
2020-03-31 13:30:00,NSE:BIOFILCHEM,7.25,7.3,7.25,7.3,522.0
2020-03-31 14:15:00,NSE:BIOFILCHEM,7.35,7.6,7.0,7.6,1134.0
2020-03-31 15:00:00,NSE:BIOFILCHEM,7.1,7.6,7.1,7.6,574.0
2020-04-01 09:00:00,NSE:BIOFILCHEM,7.8,7.8,7.2,7.65,920.0
2020-04-01 09:45:00,NSE:BIOFILCHEM,7.65,7.75,7.35,7.35,2637.0
2020-04-01 10:30:00,NSE:BIOFILCHEM,7.65,7.65,7.55,7.65,1104.0
2020-04-01 11:15:00,NSE:BIOFILCHEM,7.25,7.75,7.25,7.7,4460.0
2020-04-01 12:00:00,NSE:BIOFILCHEM,7.65,7.65,7.65,7.65,100.0
2020-04-01 12:45:00,NSE:BIOFILCHEM,7.25,7.65,7.25,7.6,234.0
2020-04-01 13:30:00,NSE:BIOFILCHEM,7.6,7.6,7.3,7.3,51.0
2020-04-01 14:15:00,NSE:BIOFILCHEM,7.3,7.5,7.25,7.5,7508.0
2020-04-01 15:00:00,NSE:BIOFILCHEM,7.45,7.85,7.3,7.8,6870.0
2020-04-03 09:00:00,NSE:BIOFILCHEM,8.0,8.05,7.9,8.05,4056.0
2020-04-03 09:45:00,NSE:BIOFILCHEM,8.05,8.05,7.4,7.65,9601.0
2020-04-03 10:30:00,NSE:BIOFILCHEM,8.0,8.0,7.5,8.0,1342.0
2020-04-03 11:15:00,NSE:BIOFILCHEM,7.5,8.05,7.5,7.65,12071.0
2020-04-03 12:00:00,NSE:BIOFILCHEM,7.95,7.95,7.95,7.95,469.0
2020-04-03 12:45:00,NSE:BIOFILCHEM,7.9,7.95,7.75,7.9,658.0
2020-04-03 13:30:00,NSE:BIOFILCHEM,7.75,7.95,7.75,7.9,8238.0
2020-04-03 14:15:00,NSE:BIOFILCHEM,7.75,7.9,7.75,7.8,2072.0
2020-04-03 15:00:00,NSE:BIOFILCHEM,7.95,7.95,7.75,7.9,4013.0
2020-04-07 09:00:00,NSE:BIOFILCHEM,8.25,8.25,8.2,8.25,2579.0
2020-04-07 09:45:00,NSE:BIOFILCHEM,8.25,8.25,8.2,8.25,5156.0
2020-04-07 10:30:00,NSE:BIOFILCHEM,8.25,8.25,8.25,8.25,1250.0
2020-04-07 11:15:00,NSE:BIOFILCHEM,8.25,8.25,8.25,8.25,1721.0
2020-04-07 12:00:00,NSE:BIOFILCHEM,8.25,8.25,8.25,8.25,100.0
2020-04-07 12:45:00,NSE:BIOFILCHEM,8.25,8.25,8.25,8.25,160.0
2020-04-07 13:30:00,NSE:BIOFILCHEM,8.25,8.25,8.25,8.25,71.0
2020-04-07 14:15:00,NSE:BIOFILCHEM,8.25,8.25,8.25,8.25,20.0
2020-04-07 15:00:00,NSE:BIOFILCHEM,8.25,8.25,8.25,8.25,1065.0
2020-04-08 09:00:00,NSE:BIOFILCHEM,8.65,8.65,8.65,8.65,285.0
2020-04-08 09:45:00,NSE:BIOFILCHEM,8.65,8.65,8.65,8.65,1846.0
2020-04-08 10:30:00,NSE:BIOFILCHEM,8.65,8.65,8.65,8.65,126.0
2020-04-08 11:15:00,NSE:BIOFILCHEM,8.65,8.65,8.65,8.65,50.0
2020-04-08 12:00:00,NSE:BIOFILCHEM,8.65,8.65,8.65,8.65,6.0
2020-04-08 12:45:00,NSE:BIOFILCHEM,8.65,8.65,8.65,8.65,100.0
2020-04-08 14:15:00,NSE:BIOFILCHEM,8.65,8.65,8.65,8.65,250.0
2020-04-08 15:00:00,NSE:BIOFILCHEM,8.65,8.65,8.65,8.65,20.0
2020-04-09 09:45:00,NSE:BIOFILCHEM,9.05,9.05,9.05,9.05,905.0
2020-04-09 10:30:00,NSE:BIOFILCHEM,9.05,9.05,9.05,9.05,175.0
2020-04-09 11:15:00,NSE:BIOFILCHEM,9.05,9.05,9.05,9.05,100.0
2020-04-09 12:00:00,NSE:BIOFILCHEM,9.05,9.05,9.05,9.05,16.0
2020-04-09 12:45:00,NSE:BIOFILCHEM,9.05,9.05,9.05,9.05,100.0
2020-04-09 13:30:00,NSE:BIOFILCHEM,9.05,9.05,9.05,9.05,5.0
2020-04-09 15:00:00,NSE:BIOFILCHEM,9.05,9.05,9.05,9.05,100.0
2020-04-13 09:00:00,NSE:BIOFILCHEM,9.5,9.5,9.5,9.5,1124.0
2020-04-13 09:45:00,NSE:BIOFILCHEM,9.5,9.5,9.5,9.5,118.0
2020-04-13 10:30:00,NSE:BIOFILCHEM,9.5,9.5,9.5,9.5,1356.0
2020-04-13 11:15:00,NSE:BIOFILCHEM,9.5,9.5,9.5,9.5,1917.0
2020-04-13 12:00:00,NSE:BIOFILCHEM,9.5,9.5,9.5,9.5,133.0
2020-04-13 12:45:00,NSE:BIOFILCHEM,9.5,9.5,9.5,9.5,100.0
2020-04-13 13:30:00,NSE:BIOFILCHEM,9.5,9.5,9.5,9.5,35.0
2020-04-13 14:15:00,NSE:BIOFILCHEM,9.5,9.5,9.5,9.5,77.0
2020-04-15 09:00:00,NSE:BIOFILCHEM,9.95,9.95,9.95,9.95,29.0
2020-04-15 09:45:00,NSE:BIOFILCHEM,9.95,9.95,9.95,9.95,20.0
2020-04-15 10:30:00,NSE:BIOFILCHEM,9.95,9.95,9.95,9.95,600.0
2020-04-15 11:15:00,NSE:BIOFILCHEM,9.95,9.95,9.95,9.95,189.0
2020-04-15 12:00:00,NSE:BIOFILCHEM,9.95,9.95,9.95,9.95,400.0
2020-04-15 12:45:00,NSE:BIOFILCHEM,9.95,9.95,9.95,9.95,102.0
2020-04-15 14:15:00,NSE:BIOFILCHEM,9.95,9.95,9.95,9.95,7506.0
2020-04-15 15:00:00,NSE:BIOFILCHEM,9.95,9.95,9.95,9.95,500.0
2020-04-16 09:00:00,NSE:BIOFILCHEM,10.4,10.4,10.4,10.4,69.0
2020-04-16 09:45:00,NSE:BIOFILCHEM,10.4,10.4,10.4,10.4,368.0
2020-04-16 10:30:00,NSE:BIOFILCHEM,10.4,10.4,10.4,10.4,2010.0
2020-04-16 11:15:00,NSE:BIOFILCHEM,10.4,10.4,10.4,10.4,1.0
2020-04-16 12:00:00,NSE:BIOFILCHEM,10.4,10.4,10.4,10.4,20.0
2020-04-16 12:45:00,NSE:BIOFILCHEM,10.4,10.4,10.4,10.4,2.0
2020-04-16 13:30:00,NSE:BIOFILCHEM,10.4,10.4,10.4,10.4,200.0
2020-04-16 14:15:00,NSE:BIOFILCHEM,10.4,10.4,10.4,10.4,110.0
2020-04-17 09:00:00,NSE:BIOFILCHEM,10.9,10.9,10.9,10.9,283.0
2020-04-17 09:45:00,NSE:BIOFILCHEM,10.9,10.9,10.9,10.9,913.0
2020-04-17 10:30:00,NSE:BIOFILCHEM,10.9,10.9,10.9,10.9,562.0
2020-04-17 12:00:00,NSE:BIOFILCHEM,10.9,10.9,10.9,10.9,9.0
2020-04-17 14:15:00,NSE:BIOFILCHEM,10.9,10.9,10.9,10.9,34.0
2020-04-20 09:00:00,NSE:BIOFILCHEM,11.4,11.4,11.4,11.4,2711.0
2020-04-20 09:45:00,NSE:BIOFILCHEM,11.4,11.4,11.4,11.4,22.0
2020-04-20 10:30:00,NSE:BIOFILCHEM,11.4,11.4,11.4,11.4,101.0
2020-04-20 11:15:00,NSE:BIOFILCHEM,11.4,11.4,11.4,11.4,456.0
2020-04-20 12:45:00,NSE:BIOFILCHEM,11.4,11.4,11.4,11.4,50.0
2020-04-20 14:15:00,NSE:BIOFILCHEM,11.4,11.4,11.4,11.4,10.0
2020-04-20 15:00:00,NSE:BIOFILCHEM,11.4,11.4,11.4,11.4,115.0
2020-04-21 09:00:00,NSE:BIOFILCHEM,11.95,11.95,11.95,11.95,2774.0
2020-04-21 09:45:00,NSE:BIOFILCHEM,11.95,11.95,11.95,11.95,123.0
2020-04-21 10:30:00,NSE:BIOFILCHEM,11.95,11.95,11.95,11.95,510.0
2020-04-21 11:15:00,NSE:BIOFILCHEM,11.95,11.95,11.95,11.95,41.0
2020-04-21 12:00:00,NSE:BIOFILCHEM,11.95,11.95,11.95,11.95,1048.0
2020-04-21 12:45:00,NSE:BIOFILCHEM,11.95,11.95,11.95,11.95,1121.0
2020-04-21 13:30:00,NSE:BIOFILCHEM,11.95,11.95,11.95,11.95,30.0
2020-04-21 15:00:00,NSE:BIOFILCHEM,11.95,11.95,11.95,11.95,26.0
2020-04-22 09:00:00,NSE:BIOFILCHEM,12.5,12.5,12.5,12.5,3923.0
2020-04-22 09:45:00,NSE:BIOFILCHEM,12.5,12.5,12.5,12.5,55.0
2020-04-22 10:30:00,NSE:BIOFILCHEM,12.5,12.5,12.5,12.5,6586.0
2020-04-22 11:15:00,NSE:BIOFILCHEM,12.5,12.5,12.5,12.5,47931.0
2020-04-22 12:00:00,NSE:BIOFILCHEM,12.5,12.5,12.5,12.5,13292.0
2020-04-22 12:45:00,NSE:BIOFILCHEM,12.5,12.5,12.4,12.5,3951.0
2020-04-22 13:30:00,NSE:BIOFILCHEM,12.5,12.5,12.5,12.5,407.0
2020-04-22 14:15:00,NSE:BIOFILCHEM,12.5,12.5,12.5,12.5,5.0
2020-04-22 15:00:00,NSE:BIOFILCHEM,12.5,12.5,12.5,12.5,409.0
2020-04-23 09:00:00,NSE:BIOFILCHEM,13.1,13.1,13.1,13.1,2469.0
2020-04-23 09:45:00,NSE:BIOFILCHEM,13.1,13.1,13.1,13.1,549.0
2020-04-23 10:30:00,NSE:BIOFILCHEM,13.1,13.1,13.1,13.1,1701.0
2020-04-23 11:15:00,NSE:BIOFILCHEM,13.1,13.1,13.1,13.1,776.0
2020-04-23 12:00:00,NSE:BIOFILCHEM,13.1,13.1,13.1,13.1,200.0
2020-04-23 12:45:00,NSE:BIOFILCHEM,13.1,13.1,13.1,13.1,121.0
2020-04-23 13:30:00,NSE:BIOFILCHEM,13.1,13.1,13.1,13.1,6.0
2020-04-23 15:00:00,NSE:BIOFILCHEM,13.1,13.1,13.1,13.1,50.0
2020-04-24 09:00:00,NSE:BIOFILCHEM,13.75,13.75,13.75,13.75,4083.0
2020-04-24 09:45:00,NSE:BIOFILCHEM,13.75,13.75,13.75,13.75,449.0
2020-04-24 10:30:00,NSE:BIOFILCHEM,13.75,13.75,13.75,13.75,220.0
2020-04-24 12:00:00,NSE:BIOFILCHEM,13.75,13.75,13.75,13.75,25.0
2020-04-24 12:45:00,NSE:BIOFILCHEM,13.75,13.75,13.75,13.75,96.0
2020-04-24 13:30:00,NSE:BIOFILCHEM,13.75,13.75,13.75,13.75,50.0
2020-04-24 14:15:00,NSE:BIOFILCHEM,13.75,13.75,13.75,13.75,278.0
2020-04-24 15:00:00,NSE:BIOFILCHEM,13.75,13.75,13.75,13.75,815.0
2020-04-27 09:00:00,NSE:BIOFILCHEM,14.4,14.4,14.4,14.4,2988.0
2020-04-27 09:45:00,NSE:BIOFILCHEM,14.4,14.4,14.4,14.4,2171.0
2020-04-27 10:30:00,NSE:BIOFILCHEM,14.4,14.4,14.4,14.4,753.0
2020-04-27 11:15:00,NSE:BIOFILCHEM,14.4,14.4,14.4,14.4,234.0
2020-04-27 12:00:00,NSE:BIOFILCHEM,14.4,14.4,14.4,14.4,1019.0
2020-04-27 12:45:00,NSE:BIOFILCHEM,14.4,14.4,14.4,14.4,383.0
2020-04-27 13:30:00,NSE:BIOFILCHEM,14.4,14.4,14.4,14.4,60.0
2020-04-27 14:15:00,NSE:BIOFILCHEM,14.4,14.4,14.4,14.4,57.0
2020-04-27 15:00:00,NSE:BIOFILCHEM,14.4,14.4,14.4,14.4,1790.0
2020-04-28 09:00:00,NSE:BIOFILCHEM,15.1,15.1,15.1,15.1,8382.0
2020-04-28 09:45:00,NSE:BIOFILCHEM,15.1,15.1,15.1,15.1,1346.0
2020-04-28 10:30:00,NSE:BIOFILCHEM,15.1,15.1,15.1,15.1,727.0
2020-04-28 12:00:00,NSE:BIOFILCHEM,15.1,15.1,15.1,15.1,900.0
2020-04-28 13:30:00,NSE:BIOFILCHEM,15.1,15.1,15.1,15.1,1.0
2020-04-28 14:15:00,NSE:BIOFILCHEM,15.1,15.1,15.1,15.1,51.0
2020-04-28 15:00:00,NSE:BIOFILCHEM,15.1,15.1,15.1,15.1,2.0
2020-04-29 09:00:00,NSE:BIOFILCHEM,15.85,15.85,15.85,15.85,1350.0
2020-04-29 09:45:00,NSE:BIOFILCHEM,15.85,15.85,15.85,15.85,561.0
2020-04-29 10:30:00,NSE:BIOFILCHEM,15.85,15.85,15.85,15.85,420.0
2020-04-29 11:15:00,NSE:BIOFILCHEM,15.85,15.85,15.85,15.85,548.0
2020-04-29 12:00:00,NSE:BIOFILCHEM,15.85,15.85,15.85,15.85,1.0
2020-04-29 12:45:00,NSE:BIOFILCHEM,15.85,15.85,15.85,15.85,503.0
2020-04-29 13:30:00,NSE:BIOFILCHEM,15.85,15.85,15.85,15.85,32.0
2020-04-29 15:00:00,NSE:BIOFILCHEM,15.85,15.85,15.85,15.85,163.0
2020-04-30 09:00:00,NSE:BIOFILCHEM,16.6,16.6,16.6,16.6,2722.0
2020-04-30 09:45:00,NSE:BIOFILCHEM,16.6,16.6,16.6,16.6,4607.0
2020-04-30 10:30:00,NSE:BIOFILCHEM,16.6,16.6,15.1,15.1,54657.0
2020-04-30 11:15:00,NSE:BIOFILCHEM,15.1,15.1,15.1,15.1,16715.0
2020-04-30 12:00:00,NSE:BIOFILCHEM,15.1,15.1,15.1,15.1,9838.0
2020-04-30 12:45:00,NSE:BIOFILCHEM,15.1,15.1,15.1,15.1,363.0
2020-04-30 13:30:00,NSE:BIOFILCHEM,15.1,15.1,15.1,15.1,37.0
2020-04-30 14:15:00,NSE:BIOFILCHEM,15.1,15.1,15.1,15.1,537.0
2020-04-30 15:00:00,NSE:BIOFILCHEM,15.1,15.1,15.1,15.1,4682.0
2020-05-04 09:00:00,NSE:BIOFILCHEM,14.35,14.35,14.35,14.35,4154.0
2020-05-04 09:45:00,NSE:BIOFILCHEM,14.35,14.35,14.35,14.35,1026.0
2020-05-04 10:30:00,NSE:BIOFILCHEM,14.35,14.35,14.35,14.35,1090.0
2020-05-04 11:15:00,NSE:BIOFILCHEM,14.35,14.35,14.35,14.35,275.0
2020-05-04 12:00:00,NSE:BIOFILCHEM,14.35,14.35,14.35,14.35,530.0
2020-05-04 12:45:00,NSE:BIOFILCHEM,14.35,14.35,14.35,14.35,205.0
2020-05-04 13:30:00,NSE:BIOFILCHEM,14.35,14.35,14.35,14.35,251.0
2020-05-04 14:15:00,NSE:BIOFILCHEM,14.35,14.35,14.35,14.35,2.0
2020-05-04 15:00:00,NSE:BIOFILCHEM,14.35,14.35,14.35,14.35,27.0
2020-05-05 09:00:00,NSE:BIOFILCHEM,13.65,13.65,13.65,13.65,1045.0
2020-05-05 09:45:00,NSE:BIOFILCHEM,13.65,13.65,13.65,13.65,515.0
2020-05-05 10:30:00,NSE:BIOFILCHEM,13.65,13.65,13.65,13.65,2.0
2020-05-05 11:15:00,NSE:BIOFILCHEM,13.65,13.65,13.65,13.65,81.0
2020-05-05 12:00:00,NSE:BIOFILCHEM,13.65,13.65,13.65,13.65,418.0
2020-05-05 13:30:00,NSE:BIOFILCHEM,13.65,13.65,13.65,13.65,610.0
2020-05-05 14:15:00,NSE:BIOFILCHEM,13.65,13.65,13.65,13.65,2.0
2020-05-05 15:00:00,NSE:BIOFILCHEM,13.65,13.65,13.65,13.65,606.0
2020-05-06 09:00:00,NSE:BIOFILCHEM,13.0,13.0,13.0,13.0,3437.0
2020-05-06 09:45:00,NSE:BIOFILCHEM,13.0,13.0,13.0,13.0,176.0
2020-05-06 10:30:00,NSE:BIOFILCHEM,13.0,13.0,13.0,13.0,1344.0
2020-05-06 11:15:00,NSE:BIOFILCHEM,13.0,13.0,13.0,13.0,356.0
2020-05-06 12:00:00,NSE:BIOFILCHEM,13.0,13.0,13.0,13.0,550.0
2020-05-06 12:45:00,NSE:BIOFILCHEM,13.0,13.0,13.0,13.0,210.0
2020-05-06 13:30:00,NSE:BIOFILCHEM,13.0,13.0,13.0,13.0,305.0
2020-05-06 14:15:00,NSE:BIOFILCHEM,13.0,13.0,13.0,13.0,616.0
2020-05-06 15:00:00,NSE:BIOFILCHEM,13.0,13.3,13.0,13.0,51541.0
2020-05-07 09:00:00,NSE:BIOFILCHEM,12.4,13.65,12.35,13.65,9256.0
2020-05-07 09:45:00,NSE:BIOFILCHEM,13.65,13.65,13.35,13.65,6590.0
2020-05-07 10:30:00,NSE:BIOFILCHEM,13.6,13.65,13.05,13.65,15166.0
2020-05-07 11:15:00,NSE:BIOFILCHEM,13.65,13.65,13.55,13.65,1708.0
2020-05-07 12:00:00,NSE:BIOFILCHEM,13.65,13.65,13.6,13.65,6565.0
2020-05-07 12:45:00,NSE:BIOFILCHEM,13.65,13.65,13.6,13.6,2148.0
2020-05-07 13:30:00,NSE:BIOFILCHEM,13.55,13.6,13.45,13.6,1410.0
2020-05-07 14:15:00,NSE:BIOFILCHEM,13.6,13.65,12.65,12.65,5246.0
2020-05-07 15:00:00,NSE:BIOFILCHEM,12.35,12.4,12.35,12.4,15305.0
2020-05-08 09:00:00,NSE:BIOFILCHEM,11.8,12.6,11.8,11.85,12342.0
2020-05-08 09:45:00,NSE:BIOFILCHEM,12.15,12.2,11.85,12.1,1695.0
2020-05-08 10:30:00,NSE:BIOFILCHEM,12.05,12.1,12.05,12.05,2066.0
2020-05-08 11:15:00,NSE:BIOFILCHEM,12.05,12.2,12.05,12.2,932.0
2020-05-08 12:00:00,NSE:BIOFILCHEM,12.2,12.2,12.05,12.05,705.0
2020-05-08 12:45:00,NSE:BIOFILCHEM,12.05,12.2,12.0,12.0,4186.0
2020-05-08 13:30:00,NSE:BIOFILCHEM,12.0,12.2,12.0,12.0,119.0
2020-05-08 14:15:00,NSE:BIOFILCHEM,12.2,12.2,11.9,11.9,1394.0
2020-05-08 15:00:00,NSE:BIOFILCHEM,12.1,12.1,11.85,12.0,2831.0
2020-05-08 15:45:00,NSE:BIOFILCHEM,11.95,11.95,11.95,11.95,1.0
2020-05-11 09:00:00,NSE:BIOFILCHEM,12.5,12.5,11.45,11.95,7061.0
2020-05-11 09:45:00,NSE:BIOFILCHEM,11.9,11.95,11.45,11.7,979.0
2020-05-11 10:30:00,NSE:BIOFILCHEM,11.7,11.7,11.45,11.6,2297.0
2020-05-11 11:15:00,NSE:BIOFILCHEM,11.6,11.8,11.6,11.8,937.0
2020-05-11 12:00:00,NSE:BIOFILCHEM,11.65,11.8,11.6,11.6,1496.0
2020-05-11 12:45:00,NSE:BIOFILCHEM,11.6,11.8,11.6,11.6,22.0
2020-05-11 13:30:00,NSE:BIOFILCHEM,11.8,11.8,11.8,11.8,7.0
2020-05-11 14:15:00,NSE:BIOFILCHEM,11.6,11.8,11.6,11.75,788.0
2020-05-11 15:00:00,NSE:BIOFILCHEM,11.75,11.8,11.65,11.8,1699.0
2020-05-12 09:00:00,NSE:BIOFILCHEM,11.8,11.8,11.15,11.2,1271.0
2020-05-12 09:45:00,NSE:BIOFILCHEM,11.3,11.3,11.15,11.25,279.0
2020-05-12 10:30:00,NSE:BIOFILCHEM,11.15,11.3,11.15,11.15,391.0
2020-05-12 11:15:00,NSE:BIOFILCHEM,11.15,11.25,11.15,11.15,440.0
2020-05-12 12:00:00,NSE:BIOFILCHEM,11.15,11.25,11.15,11.25,215.0
2020-05-12 12:45:00,NSE:BIOFILCHEM,11.25,11.3,11.15,11.3,513.0
2020-05-12 13:30:00,NSE:BIOFILCHEM,11.3,11.3,11.15,11.3,24.0
2020-05-12 14:15:00,NSE:BIOFILCHEM,11.3,11.6,11.3,11.55,1308.0
2020-05-12 15:00:00,NSE:BIOFILCHEM,11.15,11.45,11.15,11.45,436.0
2020-05-13 09:00:00,NSE:BIOFILCHEM,11.75,11.75,11.25,11.75,4542.0
2020-05-13 09:45:00,NSE:BIOFILCHEM,11.75,11.75,11.6,11.6,4649.0
2020-05-13 10:30:00,NSE:BIOFILCHEM,11.75,11.75,11.75,11.75,10.0
2020-05-13 11:15:00,NSE:BIOFILCHEM,11.75,11.75,11.75,11.75,5.0
2020-05-13 12:00:00,NSE:BIOFILCHEM,11.75,11.75,11.75,11.75,120.0
2020-05-13 12:45:00,NSE:BIOFILCHEM,11.75,11.75,11.75,11.75,102.0
2020-05-13 13:30:00,NSE:BIOFILCHEM,11.75,11.75,11.75,11.75,101.0
2020-05-13 14:15:00,NSE:BIOFILCHEM,11.75,11.75,11.75,11.75,1.0
2020-05-13 15:00:00,NSE:BIOFILCHEM,11.75,11.75,11.75,11.75,200.0
2020-05-14 09:00:00,NSE:BIOFILCHEM,12.3,12.3,11.75,12.0,3525.0
2020-05-14 09:45:00,NSE:BIOFILCHEM,12.0,12.3,12.0,12.3,7922.0
2020-05-14 10:30:00,NSE:BIOFILCHEM,12.3,12.3,12.3,12.3,518.0
2020-05-14 11:15:00,NSE:BIOFILCHEM,12.3,12.3,12.2,12.3,5203.0
2020-05-14 12:00:00,NSE:BIOFILCHEM,12.3,12.3,12.1,12.25,1471.0
2020-05-14 12:45:00,NSE:BIOFILCHEM,12.3,12.3,12.25,12.25,1625.0
2020-05-14 13:30:00,NSE:BIOFILCHEM,12.3,12.3,12.3,12.3,450.0
2020-05-14 14:15:00,NSE:BIOFILCHEM,12.3,12.3,12.3,12.3,5.0
2020-05-14 15:00:00,NSE:BIOFILCHEM,12.3,12.3,12.3,12.3,1296.0
2020-05-15 09:00:00,NSE:BIOFILCHEM,12.9,12.9,12.9,12.9,1916.0
2020-05-15 09:45:00,NSE:BIOFILCHEM,12.9,12.9,12.9,12.9,940.0
2020-05-15 10:30:00,NSE:BIOFILCHEM,12.9,12.9,12.6,12.9,13802.0
2020-05-15 11:15:00,NSE:BIOFILCHEM,12.9,12.9,12.85,12.85,1635.0
2020-05-15 12:00:00,NSE:BIOFILCHEM,12.75,12.9,12.75,12.9,2264.0
2020-05-15 12:45:00,NSE:BIOFILCHEM,12.9,12.9,12.9,12.9,205.0
2020-05-15 13:30:00,NSE:BIOFILCHEM,12.9,12.9,12.9,12.9,100.0
2020-05-15 14:15:00,NSE:BIOFILCHEM,12.9,12.9,12.9,12.9,317.0
2020-05-15 15:00:00,NSE:BIOFILCHEM,12.9,12.9,12.9,12.9,7221.0
2020-05-18 09:00:00,NSE:BIOFILCHEM,13.5,13.5,12.9,13.4,9492.0
2020-05-18 09:45:00,NSE:BIOFILCHEM,13.3,13.5,13.3,13.5,6242.0
2020-05-18 10:30:00,NSE:BIOFILCHEM,13.5,13.5,13.45,13.5,5250.0
2020-05-18 11:15:00,NSE:BIOFILCHEM,13.5,13.5,13.0,13.5,6619.0
2020-05-18 12:00:00,NSE:BIOFILCHEM,13.5,13.5,13.5,13.5,20.0
2020-05-18 12:45:00,NSE:BIOFILCHEM,13.5,13.5,13.5,13.5,991.0
2020-05-18 13:30:00,NSE:BIOFILCHEM,13.5,13.5,13.5,13.5,181.0
2020-05-18 14:15:00,NSE:BIOFILCHEM,13.5,13.5,13.5,13.5,2.0
2020-05-19 09:00:00,NSE:BIOFILCHEM,14.0,14.15,14.0,14.15,8779.0
2020-05-19 09:45:00,NSE:BIOFILCHEM,14.15,14.15,14.15,14.15,1144.0
2020-05-19 10:30:00,NSE:BIOFILCHEM,14.15,14.15,14.15,14.15,55.0
2020-05-19 11:15:00,NSE:BIOFILCHEM,14.15,14.15,14.15,14.15,1507.0
2020-05-19 12:00:00,NSE:BIOFILCHEM,14.15,14.15,14.15,14.15,102.0
2020-05-19 12:45:00,NSE:BIOFILCHEM,14.15,14.15,14.15,14.15,15.0
2020-05-19 13:30:00,NSE:BIOFILCHEM,14.15,14.15,14.15,14.15,1450.0
2020-05-19 14:15:00,NSE:BIOFILCHEM,14.15,14.15,14.15,14.15,33.0
2020-05-20 09:00:00,NSE:BIOFILCHEM,14.85,14.85,14.85,14.85,12581.0
2020-05-20 09:45:00,NSE:BIOFILCHEM,14.85,14.85,14.6,14.6,7389.0
2020-05-20 10:30:00,NSE:BIOFILCHEM,14.6,14.7,13.6,13.6,17589.0
2020-05-20 11:15:00,NSE:BIOFILCHEM,13.95,13.95,13.45,13.7,15415.0
2020-05-20 12:00:00,NSE:BIOFILCHEM,13.55,13.7,13.45,13.7,4943.0
2020-05-20 12:45:00,NSE:BIOFILCHEM,13.7,13.7,13.45,13.45,395.0
2020-05-20 13:30:00,NSE:BIOFILCHEM,13.7,13.7,13.45,13.65,1449.0
2020-05-20 14:15:00,NSE:BIOFILCHEM,14.85,14.85,14.35,14.85,42588.0
2020-05-20 15:00:00,NSE:BIOFILCHEM,14.85,14.85,14.6,14.85,1269.0
2020-05-20 15:45:00,NSE:BIOFILCHEM,14.85,14.85,14.85,14.85,8.0
2020-05-21 09:00:00,NSE:BIOFILCHEM,15.35,15.35,14.15,14.15,41760.0
2020-05-21 09:45:00,NSE:BIOFILCHEM,14.15,14.5,14.15,14.45,8133.0
2020-05-21 10:30:00,NSE:BIOFILCHEM,14.45,14.45,14.15,14.45,5347.0
2020-05-21 11:15:00,NSE:BIOFILCHEM,14.2,14.45,14.2,14.25,1731.0
2020-05-21 12:00:00,NSE:BIOFILCHEM,14.25,14.25,14.2,14.2,1129.0
2020-05-21 12:45:00,NSE:BIOFILCHEM,14.35,14.4,14.15,14.15,3779.0
2020-05-21 13:30:00,NSE:BIOFILCHEM,14.2,14.4,14.15,14.25,3541.0
2020-05-21 14:15:00,NSE:BIOFILCHEM,14.25,14.8,14.25,14.6,16888.0
2020-05-21 15:00:00,NSE:BIOFILCHEM,14.6,14.7,14.15,14.15,11024.0
2020-05-22 09:00:00,NSE:BIOFILCHEM,13.65,14.05,13.6,13.7,17422.0
2020-05-22 09:45:00,NSE:BIOFILCHEM,13.6,13.8,13.6,13.6,2758.0
2020-05-22 10:30:00,NSE:BIOFILCHEM,13.6,13.6,13.6,13.6,889.0
2020-05-22 11:15:00,NSE:BIOFILCHEM,13.6,13.6,13.6,13.6,1065.0
2020-05-22 12:00:00,NSE:BIOFILCHEM,13.6,13.6,13.6,13.6,32.0
2020-05-22 12:45:00,NSE:BIOFILCHEM,13.6,13.6,13.6,13.6,803.0
2020-05-22 13:30:00,NSE:BIOFILCHEM,13.6,13.6,13.6,13.6,206.0
2020-05-22 14:15:00,NSE:BIOFILCHEM,13.6,13.6,13.6,13.6,2810.0
2020-05-22 15:00:00,NSE:BIOFILCHEM,13.6,13.6,13.6,13.6,889.0
2020-05-26 09:00:00,NSE:BIOFILCHEM,12.95,12.95,12.95,12.95,3719.0
2020-05-26 09:45:00,NSE:BIOFILCHEM,12.95,12.95,12.95,12.95,1810.0
2020-05-26 10:30:00,NSE:BIOFILCHEM,12.95,12.95,12.95,12.95,410.0
2020-05-26 11:15:00,NSE:BIOFILCHEM,12.95,12.95,12.95,12.95,435.0
2020-05-26 12:00:00,NSE:BIOFILCHEM,12.95,12.95,12.95,12.95,716.0
2020-05-26 12:45:00,NSE:BIOFILCHEM,12.95,12.95,12.95,12.95,561.0
2020-05-26 13:30:00,NSE:BIOFILCHEM,12.95,12.95,12.95,12.95,451.0
2020-05-26 14:15:00,NSE:BIOFILCHEM,12.95,12.95,12.95,12.95,522.0
2020-05-26 15:00:00,NSE:BIOFILCHEM,12.95,12.95,12.95,12.95,171.0
2020-05-27 09:00:00,NSE:BIOFILCHEM,12.35,12.35,12.35,12.35,194.0
2020-05-27 09:45:00,NSE:BIOFILCHEM,12.35,12.35,12.35,12.35,126.0
2020-05-27 10:30:00,NSE:BIOFILCHEM,12.35,12.35,12.35,12.35,30.0
2020-05-27 11:15:00,NSE:BIOFILCHEM,12.35,12.35,12.35,12.35,1200.0
2020-05-27 12:45:00,NSE:BIOFILCHEM,12.35,12.35,12.35,12.35,711.0
2020-05-27 13:30:00,NSE:BIOFILCHEM,12.35,12.35,12.35,12.35,42.0
2020-05-27 14:15:00,NSE:BIOFILCHEM,12.35,12.35,12.35,12.35,661.0
2020-05-27 15:00:00,NSE:BIOFILCHEM,12.35,12.35,12.35,12.35,1810.0
2020-05-28 09:00:00,NSE:BIOFILCHEM,11.75,12.65,11.75,11.95,10703.0
2020-05-28 09:45:00,NSE:BIOFILCHEM,11.9,12.95,11.75,12.95,4290.0
2020-05-28 10:30:00,NSE:BIOFILCHEM,11.85,12.95,11.85,12.0,2060.0
2020-05-28 11:15:00,NSE:BIOFILCHEM,12.1,12.95,12.1,12.95,1025.0
2020-05-28 12:00:00,NSE:BIOFILCHEM,12.2,12.95,12.1,12.15,1301.0
2020-05-28 12:45:00,NSE:BIOFILCHEM,12.15,12.95,12.15,12.15,840.0
2020-05-28 13:30:00,NSE:BIOFILCHEM,12.95,12.95,12.95,12.95,1160.0
2020-05-28 14:15:00,NSE:BIOFILCHEM,12.15,12.95,12.0,12.0,911.0
2020-05-28 15:00:00,NSE:BIOFILCHEM,12.95,12.95,12.95,12.95,1181.0
2020-05-29 09:00:00,NSE:BIOFILCHEM,13.5,13.5,12.4,13.15,1849.0
2020-05-29 09:45:00,NSE:BIOFILCHEM,12.55,13.5,12.55,13.5,405.0
2020-05-29 10:30:00,NSE:BIOFILCHEM,13.45,13.45,12.6,12.6,818.0
2020-05-29 11:15:00,NSE:BIOFILCHEM,12.7,12.7,12.6,12.6,302.0
2020-05-29 12:00:00,NSE:BIOFILCHEM,13.0,13.0,12.7,12.7,165.0
2020-05-29 12:45:00,NSE:BIOFILCHEM,12.7,12.7,12.6,12.7,910.0
2020-05-29 13:30:00,NSE:BIOFILCHEM,12.7,13.5,12.7,13.35,1547.0
2020-05-29 14:15:00,NSE:BIOFILCHEM,13.35,13.45,12.7,12.7,359.0
2020-05-29 15:00:00,NSE:BIOFILCHEM,13.45,13.45,12.75,13.45,1584.0
2020-06-01 09:00:00,NSE:BIOFILCHEM,14.05,14.05,12.85,13.95,5924.0
2020-06-01 09:45:00,NSE:BIOFILCHEM,13.85,14.0,13.0,13.05,1879.0
2020-06-01 10:30:00,NSE:BIOFILCHEM,14.0,14.0,13.9,13.9,2671.0
2020-06-01 11:15:00,NSE:BIOFILCHEM,13.9,13.9,13.05,13.8,2819.0
2020-06-01 12:00:00,NSE:BIOFILCHEM,13.8,13.8,13.1,13.7,1090.0
2020-06-01 12:45:00,NSE:BIOFILCHEM,13.7,13.7,13.7,13.7,500.0
2020-06-01 13:30:00,NSE:BIOFILCHEM,13.45,13.7,13.45,13.65,380.0
2020-06-01 14:15:00,NSE:BIOFILCHEM,13.65,13.65,13.6,13.6,105.0
2020-06-01 15:00:00,NSE:BIOFILCHEM,13.6,13.6,13.45,13.45,1827.0
2020-06-02 09:00:00,NSE:BIOFILCHEM,13.0,13.5,13.0,13.5,2240.0
2020-06-02 09:45:00,NSE:BIOFILCHEM,13.5,13.85,13.0,13.0,1427.0
2020-06-02 10:30:00,NSE:BIOFILCHEM,13.5,13.8,13.5,13.5,1600.0
2020-06-02 11:15:00,NSE:BIOFILCHEM,13.8,13.8,13.1,13.1,840.0
2020-06-02 12:00:00,NSE:BIOFILCHEM,13.05,13.5,13.05,13.05,1305.0
2020-06-02 12:45:00,NSE:BIOFILCHEM,13.1,13.1,13.1,13.1,155.0
2020-06-02 13:30:00,NSE:BIOFILCHEM,13.5,13.5,13.1,13.35,123.0
2020-06-02 14:15:00,NSE:BIOFILCHEM,13.35,13.35,13.35,13.35,38.0
2020-06-02 15:00:00,NSE:BIOFILCHEM,13.1,13.25,13.05,13.25,556.0
2020-06-03 09:00:00,NSE:BIOFILCHEM,13.1,13.1,12.45,12.45,1228.0
2020-06-03 09:45:00,NSE:BIOFILCHEM,12.95,13.1,12.45,13.0,3673.0
2020-06-03 10:30:00,NSE:BIOFILCHEM,13.0,13.5,13.0,13.5,1685.0
2020-06-03 11:15:00,NSE:BIOFILCHEM,13.35,13.35,13.35,13.35,705.0
2020-06-03 12:00:00,NSE:BIOFILCHEM,13.3,13.3,13.3,13.3,136.0
2020-06-03 12:45:00,NSE:BIOFILCHEM,13.2,13.2,13.2,13.2,21.0
2020-06-03 13:30:00,NSE:BIOFILCHEM,13.2,13.25,13.2,13.25,5993.0
2020-06-03 14:15:00,NSE:BIOFILCHEM,13.25,13.3,12.5,12.5,5864.0
2020-06-03 15:00:00,NSE:BIOFILCHEM,12.6,13.2,12.6,13.2,1264.0
2020-06-04 09:00:00,NSE:BIOFILCHEM,13.1,13.3,13.0,13.25,1795.0
2020-06-04 09:45:00,NSE:BIOFILCHEM,13.2,13.25,12.5,13.25,1087.0
2020-06-04 10:30:00,NSE:BIOFILCHEM,13.25,13.25,12.5,12.5,1776.0
2020-06-04 11:15:00,NSE:BIOFILCHEM,12.5,13.2,12.5,13.2,220.0
2020-06-04 12:00:00,NSE:BIOFILCHEM,13.15,13.15,13.15,13.15,100.0
2020-06-04 12:45:00,NSE:BIOFILCHEM,13.15,13.15,12.55,13.15,220.0
2020-06-04 13:30:00,NSE:BIOFILCHEM,13.15,13.15,12.55,12.55,896.0
2020-06-04 14:15:00,NSE:BIOFILCHEM,13.1,13.1,13.1,13.1,860.0
2020-06-04 15:00:00,NSE:BIOFILCHEM,13.1,13.2,12.7,13.2,1314.0
2020-06-05 09:00:00,NSE:BIOFILCHEM,13.45,13.45,12.65,12.8,950.0
2020-06-05 09:45:00,NSE:BIOFILCHEM,13.4,13.4,12.85,12.9,956.0
2020-06-05 10:30:00,NSE:BIOFILCHEM,12.9,12.9,12.9,12.9,68.0
2020-06-05 11:15:00,NSE:BIOFILCHEM,12.9,13.2,12.9,13.0,1509.0
2020-06-05 12:00:00,NSE:BIOFILCHEM,12.85,13.25,12.85,13.25,1850.0
2020-06-05 12:45:00,NSE:BIOFILCHEM,13.0,13.0,12.85,12.85,1541.0
2020-06-05 13:30:00,NSE:BIOFILCHEM,12.9,13.25,12.85,13.25,450.0
2020-06-05 14:15:00,NSE:BIOFILCHEM,13.25,13.25,13.25,13.25,1100.0
2020-06-05 15:00:00,NSE:BIOFILCHEM,12.9,12.9,12.85,12.85,1607.0
2020-06-08 09:00:00,NSE:BIOFILCHEM,13.3,13.45,13.0,13.0,5767.0
2020-06-08 09:45:00,NSE:BIOFILCHEM,13.3,13.3,13.0,13.0,5208.0
2020-06-08 10:30:00,NSE:BIOFILCHEM,13.2,13.2,13.0,13.2,6227.0
2020-06-08 11:15:00,NSE:BIOFILCHEM,13.2,13.2,13.05,13.05,650.0
2020-06-08 12:00:00,NSE:BIOFILCHEM,13.0,13.2,13.0,13.2,2257.0
2020-06-08 12:45:00,NSE:BIOFILCHEM,13.0,13.2,13.0,13.2,429.0
2020-06-08 13:30:00,NSE:BIOFILCHEM,13.2,13.2,13.0,13.2,460.0
2020-06-08 14:15:00,NSE:BIOFILCHEM,13.2,13.2,13.15,13.2,7645.0
2020-06-08 15:00:00,NSE:BIOFILCHEM,13.2,13.3,13.2,13.3,356.0
2020-06-09 09:00:00,NSE:BIOFILCHEM,12.75,13.3,12.65,13.0,1856.0
2020-06-09 09:45:00,NSE:BIOFILCHEM,13.0,13.25,13.0,13.0,2758.0
2020-06-09 10:30:00,NSE:BIOFILCHEM,13.0,13.0,13.0,13.0,3240.0
2020-06-09 11:15:00,NSE:BIOFILCHEM,13.0,13.0,12.9,12.9,1646.0
2020-06-09 12:00:00,NSE:BIOFILCHEM,13.1,13.2,13.1,13.2,425.0
2020-06-09 12:45:00,NSE:BIOFILCHEM,13.1,13.1,13.1,13.1,20.0
2020-06-09 13:30:00,NSE:BIOFILCHEM,13.1,13.1,13.1,13.1,2756.0
2020-06-09 14:15:00,NSE:BIOFILCHEM,13.1,13.1,13.05,13.05,1295.0
2020-06-09 15:00:00,NSE:BIOFILCHEM,13.05,13.05,13.05,13.05,683.0
2020-06-10 09:00:00,NSE:BIOFILCHEM,13.05,13.5,12.8,12.8,1938.0
2020-06-10 09:45:00,NSE:BIOFILCHEM,12.9,13.45,12.8,12.8,2976.0
2020-06-10 10:30:00,NSE:BIOFILCHEM,12.9,12.9,12.9,12.9,590.0
2020-06-10 12:00:00,NSE:BIOFILCHEM,12.95,12.95,12.9,12.95,1750.0
2020-06-10 12:45:00,NSE:BIOFILCHEM,12.95,12.95,12.9,12.9,322.0
2020-06-10 13:30:00,NSE:BIOFILCHEM,12.9,12.95,12.9,12.9,98.0
2020-06-10 14:15:00,NSE:BIOFILCHEM,12.95,13.0,12.9,13.0,102.0
2020-06-10 15:00:00,NSE:BIOFILCHEM,13.05,13.1,13.0,13.0,1530.0
2020-06-11 09:00:00,NSE:BIOFILCHEM,13.0,13.0,12.5,13.0,1070.0
2020-06-11 09:45:00,NSE:BIOFILCHEM,13.0,13.4,12.55,13.25,3056.0
2020-06-11 10:30:00,NSE:BIOFILCHEM,13.25,13.25,12.65,12.65,810.0
2020-06-11 11:15:00,NSE:BIOFILCHEM,13.2,13.2,12.65,13.2,1215.0
2020-06-11 12:00:00,NSE:BIOFILCHEM,13.2,13.2,12.95,12.95,640.0
2020-06-11 13:30:00,NSE:BIOFILCHEM,12.95,13.0,12.95,13.0,600.0
2020-06-11 14:15:00,NSE:BIOFILCHEM,12.95,13.0,12.7,12.7,550.0
2020-06-11 15:00:00,NSE:BIOFILCHEM,12.7,12.95,12.6,12.6,665.0
2020-06-12 09:00:00,NSE:BIOFILCHEM,12.25,13.2,12.1,12.1,4433.0
2020-06-12 09:45:00,NSE:BIOFILCHEM,13.2,13.2,12.2,12.25,2825.0
2020-06-12 10:30:00,NSE:BIOFILCHEM,13.05,13.05,12.9,13.05,1270.0
2020-06-12 11:15:00,NSE:BIOFILCHEM,12.9,13.0,12.9,13.0,1026.0
2020-06-12 12:00:00,NSE:BIOFILCHEM,13.05,13.05,13.0,13.0,2930.0
2020-06-12 12:45:00,NSE:BIOFILCHEM,12.55,13.0,12.55,13.0,520.0
2020-06-12 13:30:00,NSE:BIOFILCHEM,13.05,13.05,12.45,13.0,1050.0
2020-06-12 14:15:00,NSE:BIOFILCHEM,13.0,13.0,12.6,12.6,1011.0
2020-06-12 15:00:00,NSE:BIOFILCHEM,13.0,13.0,13.0,13.0,210.0
2020-06-15 09:00:00,NSE:BIOFILCHEM,13.0,13.0,12.45,12.5,795.0
2020-06-15 09:45:00,NSE:BIOFILCHEM,13.1,13.3,12.55,13.1,3238.0
2020-06-15 10:30:00,NSE:BIOFILCHEM,12.65,13.05,12.65,13.05,55.0
2020-06-15 11:15:00,NSE:BIOFILCHEM,13.05,13.05,13.0,13.0,281.0
2020-06-15 12:00:00,NSE:BIOFILCHEM,13.0,13.0,13.0,13.0,190.0
2020-06-15 12:45:00,NSE:BIOFILCHEM,12.65,13.0,12.65,13.0,160.0
2020-06-15 14:15:00,NSE:BIOFILCHEM,13.0,13.0,12.95,12.95,116.0
2020-06-15 15:00:00,NSE:BIOFILCHEM,12.65,12.8,12.65,12.8,300.0
2020-06-15 15:45:00,NSE:BIOFILCHEM,12.75,12.75,12.75,12.75,84.0
2020-06-16 09:00:00,NSE:BIOFILCHEM,12.5,13.2,12.5,13.0,1915.0
2020-06-16 09:45:00,NSE:BIOFILCHEM,13.0,13.0,12.75,12.9,204.0
2020-06-16 10:30:00,NSE:BIOFILCHEM,12.9,12.9,12.9,12.9,34.0
2020-06-16 11:15:00,NSE:BIOFILCHEM,12.9,12.9,12.75,12.9,229.0
2020-06-16 12:00:00,NSE:BIOFILCHEM,12.9,12.9,12.9,12.9,85.0
2020-06-16 12:45:00,NSE:BIOFILCHEM,12.9,12.9,12.9,12.9,1015.0
2020-06-16 13:30:00,NSE:BIOFILCHEM,12.9,12.9,12.6,12.6,2565.0
2020-06-16 14:15:00,NSE:BIOFILCHEM,12.6,12.65,12.5,12.5,938.0
2020-06-16 15:00:00,NSE:BIOFILCHEM,12.5,12.95,12.5,12.95,2253.0
2020-06-17 09:00:00,NSE:BIOFILCHEM,12.95,13.2,12.35,13.2,1710.0
2020-06-17 09:45:00,NSE:BIOFILCHEM,13.15,13.15,13.1,13.15,2910.0
2020-06-17 10:30:00,NSE:BIOFILCHEM,13.25,13.35,13.0,13.35,5099.0
2020-06-17 11:15:00,NSE:BIOFILCHEM,13.35,13.35,13.0,13.0,1500.0
2020-06-17 12:00:00,NSE:BIOFILCHEM,13.0,13.35,12.9,13.0,962.0
2020-06-17 12:45:00,NSE:BIOFILCHEM,13.0,13.25,13.0,13.25,736.0
2020-06-17 13:30:00,NSE:BIOFILCHEM,13.25,13.25,13.25,13.25,308.0
2020-06-17 14:15:00,NSE:BIOFILCHEM,13.0,13.0,13.0,13.0,1332.0
2020-06-17 15:00:00,NSE:BIOFILCHEM,13.2,13.25,13.15,13.25,906.0
2020-06-18 09:00:00,NSE:BIOFILCHEM,13.25,13.25,13.25,13.25,1120.0
2020-06-18 09:45:00,NSE:BIOFILCHEM,13.25,13.3,13.25,13.3,3430.0
2020-06-18 10:30:00,NSE:BIOFILCHEM,13.3,13.45,13.3,13.45,861.0
2020-06-18 11:15:00,NSE:BIOFILCHEM,13.45,13.45,13.3,13.3,53.0
2020-06-18 12:00:00,NSE:BIOFILCHEM,13.3,13.35,13.0,13.0,2601.0
2020-06-18 12:45:00,NSE:BIOFILCHEM,13.3,13.45,13.3,13.45,1250.0
2020-06-18 13:30:00,NSE:BIOFILCHEM,13.3,13.45,13.3,13.45,210.0
2020-06-18 14:15:00,NSE:BIOFILCHEM,13.45,13.45,13.3,13.3,317.0
2020-06-18 15:00:00,NSE:BIOFILCHEM,13.3,13.3,13.05,13.05,216.0
2020-06-19 09:00:00,NSE:BIOFILCHEM,13.15,13.4,13.1,13.1,907.0
2020-06-19 09:45:00,NSE:BIOFILCHEM,13.4,13.45,13.4,13.45,1551.0
2020-06-19 10:30:00,NSE:BIOFILCHEM,13.45,13.45,13.45,13.45,90.0
2020-06-19 11:15:00,NSE:BIOFILCHEM,13.4,13.65,13.25,13.5,5278.0
2020-06-19 12:00:00,NSE:BIOFILCHEM,13.7,13.7,13.7,13.7,3253.0
2020-06-19 12:45:00,NSE:BIOFILCHEM,13.7,13.7,13.7,13.7,1030.0
2020-06-19 13:30:00,NSE:BIOFILCHEM,13.7,13.7,13.7,13.7,100.0
2020-06-19 14:15:00,NSE:BIOFILCHEM,13.7,13.7,13.7,13.7,200.0
2020-06-19 15:00:00,NSE:BIOFILCHEM,13.7,13.7,13.7,13.7,60.0
2020-06-22 09:00:00,NSE:BIOFILCHEM,14.1,14.35,14.05,14.25,6212.0
2020-06-22 09:45:00,NSE:BIOFILCHEM,14.25,14.35,14.25,14.35,2682.0
2020-06-22 10:30:00,NSE:BIOFILCHEM,14.35,14.35,14.35,14.35,150.0
2020-06-22 11:15:00,NSE:BIOFILCHEM,14.35,14.35,14.35,14.35,2000.0
2020-06-22 12:00:00,NSE:BIOFILCHEM,14.35,14.35,14.35,14.35,1220.0
2020-06-22 12:45:00,NSE:BIOFILCHEM,14.35,14.35,14.35,14.35,250.0
2020-06-22 13:30:00,NSE:BIOFILCHEM,14.35,14.35,14.35,14.35,2685.0
2020-06-22 14:15:00,NSE:BIOFILCHEM,14.35,14.35,14.35,14.35,119.0
2020-06-22 15:00:00,NSE:BIOFILCHEM,14.35,14.35,14.35,14.35,1932.0
2020-06-23 09:00:00,NSE:BIOFILCHEM,15.05,15.05,13.65,13.65,1799.0
2020-06-23 09:45:00,NSE:BIOFILCHEM,14.35,14.35,14.3,14.3,1100.0
2020-06-23 10:30:00,NSE:BIOFILCHEM,14.3,14.3,13.9,14.0,286.0
2020-06-23 11:15:00,NSE:BIOFILCHEM,14.1,14.2,14.0,14.0,2952.0
2020-06-23 12:00:00,NSE:BIOFILCHEM,14.0,14.45,13.65,13.9,6824.0
2020-06-23 12:45:00,NSE:BIOFILCHEM,14.45,14.5,13.85,13.85,1656.0
2020-06-23 13:30:00,NSE:BIOFILCHEM,13.85,14.0,13.8,14.0,4230.0
2020-06-23 14:15:00,NSE:BIOFILCHEM,14.0,14.45,14.0,14.4,2355.0
2020-06-23 15:00:00,NSE:BIOFILCHEM,14.3,14.35,14.0,14.0,5087.0
2020-06-24 09:00:00,NSE:BIOFILCHEM,13.6,14.0,13.6,14.0,541.0
2020-06-24 09:45:00,NSE:BIOFILCHEM,13.55,14.3,13.55,14.1,4855.0
2020-06-24 10:30:00,NSE:BIOFILCHEM,14.15,14.15,13.65,13.8,676.0
2020-06-24 11:15:00,NSE:BIOFILCHEM,13.65,14.0,13.45,13.45,2709.0
2020-06-24 12:00:00,NSE:BIOFILCHEM,13.45,13.5,13.45,13.5,109.0
2020-06-24 12:45:00,NSE:BIOFILCHEM,13.55,13.55,13.55,13.55,400.0
2020-06-24 13:30:00,NSE:BIOFILCHEM,13.65,13.9,13.6,13.9,377.0
2020-06-24 14:15:00,NSE:BIOFILCHEM,13.6,13.75,13.6,13.75,201.0
2020-06-24 15:00:00,NSE:BIOFILCHEM,13.75,13.75,13.55,13.55,862.0
2020-06-25 09:00:00,NSE:BIOFILCHEM,14.0,14.0,13.05,13.95,1382.0
2020-06-25 09:45:00,NSE:BIOFILCHEM,13.95,13.95,13.15,13.15,28.0
2020-06-25 10:30:00,NSE:BIOFILCHEM,13.15,13.5,13.15,13.15,1471.0
2020-06-25 11:15:00,NSE:BIOFILCHEM,13.15,13.9,13.0,13.05,9390.0
2020-06-25 12:00:00,NSE:BIOFILCHEM,13.05,13.05,13.05,13.05,7.0
2020-06-25 12:45:00,NSE:BIOFILCHEM,13.55,13.55,13.05,13.55,151.0
2020-06-25 13:30:00,NSE:BIOFILCHEM,13.55,13.55,13.55,13.55,100.0
2020-06-25 14:15:00,NSE:BIOFILCHEM,13.45,13.45,13.05,13.45,232.0
2020-06-25 15:00:00,NSE:BIOFILCHEM,13.45,13.55,13.05,13.55,4176.0
2020-06-26 09:00:00,NSE:BIOFILCHEM,13.55,13.9,13.55,13.9,1667.0
2020-06-26 09:45:00,NSE:BIOFILCHEM,13.9,13.9,12.95,13.5,2426.0
2020-06-26 10:30:00,NSE:BIOFILCHEM,13.5,13.5,13.05,13.5,2401.0
2020-06-26 11:15:00,NSE:BIOFILCHEM,13.5,13.85,13.05,13.85,3099.0
2020-06-26 12:00:00,NSE:BIOFILCHEM,13.85,13.85,13.1,13.75,1270.0
2020-06-26 12:45:00,NSE:BIOFILCHEM,13.75,13.75,13.2,13.2,250.0
2020-06-26 13:30:00,NSE:BIOFILCHEM,13.15,13.75,13.15,13.75,130.0
2020-06-26 14:15:00,NSE:BIOFILCHEM,13.65,13.65,13.65,13.65,1000.0
2020-06-26 15:00:00,NSE:BIOFILCHEM,13.65,13.65,13.2,13.6,559.0
2020-06-29 09:00:00,NSE:BIOFILCHEM,13.3,13.3,12.8,13.3,6741.0
2020-06-29 09:45:00,NSE:BIOFILCHEM,12.8,12.8,12.8,12.8,99.0
2020-06-29 10:30:00,NSE:BIOFILCHEM,12.85,13.0,12.85,13.0,223.0
2020-06-29 11:15:00,NSE:BIOFILCHEM,13.0,13.0,12.85,12.85,225.0
2020-06-29 12:00:00,NSE:BIOFILCHEM,12.8,12.85,12.8,12.85,3550.0
2020-06-29 12:45:00,NSE:BIOFILCHEM,12.85,13.0,12.85,13.0,850.0
2020-06-29 13:30:00,NSE:BIOFILCHEM,13.0,13.0,13.0,13.0,7.0
2020-06-29 14:15:00,NSE:BIOFILCHEM,13.0,13.0,12.85,12.85,176.0
2020-06-29 15:00:00,NSE:BIOFILCHEM,12.9,13.25,12.85,13.25,480.0
2020-06-30 09:00:00,NSE:BIOFILCHEM,12.35,12.95,12.35,12.45,4549.0
2020-06-30 09:45:00,NSE:BIOFILCHEM,12.9,12.9,12.35,12.35,3675.0
2020-06-30 10:30:00,NSE:BIOFILCHEM,12.35,12.8,12.35,12.75,1282.0
2020-06-30 11:15:00,NSE:BIOFILCHEM,12.75,12.9,12.35,12.45,2103.0
2020-06-30 12:00:00,NSE:BIOFILCHEM,12.9,12.9,12.45,12.45,77.0
2020-06-30 12:45:00,NSE:BIOFILCHEM,12.45,12.9,12.45,12.9,710.0
2020-06-30 13:30:00,NSE:BIOFILCHEM,12.9,12.9,12.9,12.9,610.0
2020-06-30 15:00:00,NSE:BIOFILCHEM,12.7,12.9,12.7,12.9,700.0
2020-07-01 09:00:00,NSE:BIOFILCHEM,13.25,13.35,12.2,12.2,2768.0
2020-07-01 09:45:00,NSE:BIOFILCHEM,12.2,13.2,12.2,13.15,1323.0
2020-07-01 10:30:00,NSE:BIOFILCHEM,13.15,13.15,12.35,12.35,231.0
2020-07-01 11:15:00,NSE:BIOFILCHEM,12.45,13.15,12.45,13.15,561.0
2020-07-01 12:00:00,NSE:BIOFILCHEM,13.1,13.1,13.0,13.0,53.0
2020-07-01 12:45:00,NSE:BIOFILCHEM,13.0,13.1,12.5,13.1,389.0
2020-07-01 13:30:00,NSE:BIOFILCHEM,13.1,13.1,12.5,12.5,1360.0
2020-07-01 14:15:00,NSE:BIOFILCHEM,13.0,13.15,13.0,13.15,1150.0
2020-07-01 15:00:00,NSE:BIOFILCHEM,13.0,13.0,13.0,13.0,141.0
2020-07-02 09:00:00,NSE:BIOFILCHEM,13.45,13.45,12.35,13.3,2809.0
2020-07-02 09:45:00,NSE:BIOFILCHEM,13.3,13.3,13.0,13.0,1254.0
2020-07-02 10:30:00,NSE:BIOFILCHEM,13.1,13.3,12.65,13.0,2369.0
2020-07-02 11:15:00,NSE:BIOFILCHEM,13.05,13.25,12.65,12.65,6504.0
2020-07-02 12:00:00,NSE:BIOFILCHEM,12.65,12.7,12.65,12.7,3000.0
2020-07-02 12:45:00,NSE:BIOFILCHEM,13.2,13.2,12.7,13.2,2794.0
2020-07-02 13:30:00,NSE:BIOFILCHEM,13.2,13.2,12.7,12.7,228.0
2020-07-02 14:15:00,NSE:BIOFILCHEM,13.2,13.2,12.7,13.2,555.0
2020-07-02 15:00:00,NSE:BIOFILCHEM,13.2,13.25,12.7,13.25,2317.0
2020-07-03 09:00:00,NSE:BIOFILCHEM,13.4,13.4,12.6,12.6,775.0
2020-07-03 09:45:00,NSE:BIOFILCHEM,13.3,13.3,12.65,12.7,1266.0
2020-07-03 10:30:00,NSE:BIOFILCHEM,12.7,13.35,12.7,13.35,7317.0
2020-07-03 11:15:00,NSE:BIOFILCHEM,13.35,13.4,13.0,13.05,1712.0
2020-07-03 12:00:00,NSE:BIOFILCHEM,13.0,13.0,13.0,13.0,80.0
2020-07-03 12:45:00,NSE:BIOFILCHEM,13.3,13.3,13.0,13.0,555.0
2020-07-03 13:30:00,NSE:BIOFILCHEM,12.95,13.3,12.8,13.25,1654.0
2020-07-03 14:15:00,NSE:BIOFILCHEM,13.4,13.45,13.05,13.05,4894.0
2020-07-03 15:00:00,NSE:BIOFILCHEM,13.4,13.4,12.8,13.35,611.0
2020-07-06 09:00:00,NSE:BIOFILCHEM,13.6,13.9,13.3,13.5,6127.0
2020-07-06 09:45:00,NSE:BIOFILCHEM,13.5,13.5,13.3,13.3,5425.0
2020-07-06 10:30:00,NSE:BIOFILCHEM,13.6,13.6,13.3,13.6,365.0
2020-07-06 11:15:00,NSE:BIOFILCHEM,13.6,13.6,13.25,13.5,898.0
2020-07-06 12:00:00,NSE:BIOFILCHEM,13.25,13.5,13.25,13.5,840.0
2020-07-06 12:45:00,NSE:BIOFILCHEM,13.5,13.6,13.25,13.6,541.0
2020-07-06 13:30:00,NSE:BIOFILCHEM,13.6,13.6,13.55,13.6,1821.0
2020-07-06 14:15:00,NSE:BIOFILCHEM,13.6,13.6,13.5,13.5,252.0
2020-07-06 15:00:00,NSE:BIOFILCHEM,13.45,13.6,13.45,13.6,705.0
2020-07-07 09:00:00,NSE:BIOFILCHEM,13.8,13.8,12.95,13.25,1064.0
2020-07-07 09:45:00,NSE:BIOFILCHEM,13.0,13.25,12.9,13.25,615.0
2020-07-07 10:30:00,NSE:BIOFILCHEM,13.25,13.3,13.05,13.3,398.0
2020-07-07 11:15:00,NSE:BIOFILCHEM,13.3,13.3,13.3,13.3,1567.0
2020-07-07 12:00:00,NSE:BIOFILCHEM,13.0,13.8,13.0,13.75,6376.0
2020-07-07 12:45:00,NSE:BIOFILCHEM,13.75,13.75,13.05,13.05,170.0
2020-07-07 13:30:00,NSE:BIOFILCHEM,13.0,13.65,13.0,13.05,1330.0
2020-07-07 14:15:00,NSE:BIOFILCHEM,13.05,13.5,13.05,13.5,1010.0
2020-07-07 15:00:00,NSE:BIOFILCHEM,13.05,13.05,13.05,13.05,900.0
2020-07-08 09:00:00,NSE:BIOFILCHEM,13.0,13.45,13.0,13.45,107.0
2020-07-08 09:45:00,NSE:BIOFILCHEM,13.05,13.45,13.05,13.05,5201.0
2020-07-08 10:30:00,NSE:BIOFILCHEM,13.05,13.05,13.05,13.05,869.0
2020-07-08 11:15:00,NSE:BIOFILCHEM,13.05,13.05,13.05,13.05,70.0
2020-07-08 12:00:00,NSE:BIOFILCHEM,13.0,13.05,13.0,13.05,328.0
2020-07-08 12:45:00,NSE:BIOFILCHEM,12.5,13.45,12.5,13.45,3556.0
2020-07-08 13:30:00,NSE:BIOFILCHEM,12.65,13.5,12.6,12.65,2903.0
2020-07-08 14:15:00,NSE:BIOFILCHEM,13.4,13.4,13.0,13.0,414.0
2020-07-08 15:00:00,NSE:BIOFILCHEM,13.0,13.3,13.0,13.3,717.0
2020-07-09 09:00:00,NSE:BIOFILCHEM,13.65,13.65,13.0,13.0,1975.0
2020-07-09 09:45:00,NSE:BIOFILCHEM,13.15,13.45,13.0,13.45,1180.0
2020-07-09 10:30:00,NSE:BIOFILCHEM,13.15,13.45,12.75,12.8,2540.0
2020-07-09 11:15:00,NSE:BIOFILCHEM,12.8,12.85,12.8,12.85,1005.0
2020-07-09 12:00:00,NSE:BIOFILCHEM,13.35,13.35,12.9,12.9,1225.0
2020-07-09 12:45:00,NSE:BIOFILCHEM,12.9,13.0,12.9,13.0,840.0
2020-07-09 13:30:00,NSE:BIOFILCHEM,12.8,12.8,12.8,12.8,931.0
2020-07-09 14:15:00,NSE:BIOFILCHEM,13.0,13.0,12.8,13.0,1205.0
2020-07-09 15:00:00,NSE:BIOFILCHEM,13.0,13.15,13.0,13.0,737.0
2020-07-10 09:00:00,NSE:BIOFILCHEM,13.2,13.45,13.2,13.3,133.0
2020-07-10 09:45:00,NSE:BIOFILCHEM,13.3,13.45,13.3,13.3,706.0
2020-07-10 10:30:00,NSE:BIOFILCHEM,13.35,13.35,13.0,13.0,2124.0
2020-07-10 11:15:00,NSE:BIOFILCHEM,12.7,13.15,12.7,13.15,5007.0
2020-07-10 12:00:00,NSE:BIOFILCHEM,13.3,13.3,12.75,12.75,6030.0
2020-07-10 12:45:00,NSE:BIOFILCHEM,13.45,13.45,12.8,12.8,2015.0
2020-07-10 13:30:00,NSE:BIOFILCHEM,12.8,12.8,12.8,12.8,500.0
2020-07-10 14:15:00,NSE:BIOFILCHEM,12.9,13.4,12.9,12.9,633.0
2020-07-10 15:00:00,NSE:BIOFILCHEM,13.4,13.4,13.4,13.4,177.0
2020-07-13 09:00:00,NSE:BIOFILCHEM,14.05,14.05,14.05,14.05,13601.0
2020-07-13 09:45:00,NSE:BIOFILCHEM,14.05,14.05,14.05,14.05,4567.0
2020-07-13 10:30:00,NSE:BIOFILCHEM,14.05,14.05,14.05,14.05,8639.0
2020-07-13 11:15:00,NSE:BIOFILCHEM,14.05,14.05,14.05,14.05,476.0
2020-07-13 12:00:00,NSE:BIOFILCHEM,14.05,14.05,14.05,14.05,3461.0
2020-07-13 12:45:00,NSE:BIOFILCHEM,14.05,14.05,14.05,14.05,200.0
2020-07-13 13:30:00,NSE:BIOFILCHEM,14.05,14.05,14.05,14.05,16.0
2020-07-13 14:15:00,NSE:BIOFILCHEM,14.05,14.05,14.05,14.05,321.0
2020-07-13 15:00:00,NSE:BIOFILCHEM,14.05,14.05,14.05,14.05,212.0
2020-07-14 09:00:00,NSE:BIOFILCHEM,14.75,14.75,14.75,14.75,8569.0
2020-07-14 09:45:00,NSE:BIOFILCHEM,14.75,14.75,14.75,14.75,1274.0
2020-07-14 10:30:00,NSE:BIOFILCHEM,14.75,14.75,14.75,14.75,2019.0
2020-07-14 11:15:00,NSE:BIOFILCHEM,14.75,14.75,14.75,14.75,590.0
2020-07-14 12:00:00,NSE:BIOFILCHEM,14.75,14.75,14.75,14.75,320.0
2020-07-14 12:45:00,NSE:BIOFILCHEM,14.75,14.75,14.75,14.75,4480.0
2020-07-14 13:30:00,NSE:BIOFILCHEM,14.75,14.75,14.75,14.75,640.0
2020-07-14 14:15:00,NSE:BIOFILCHEM,14.75,14.75,14.75,14.75,226.0
2020-07-14 15:00:00,NSE:BIOFILCHEM,14.75,14.75,14.75,14.75,195.0
2020-07-15 09:00:00,NSE:BIOFILCHEM,15.45,15.45,15.45,15.45,11801.0
2020-07-15 09:45:00,NSE:BIOFILCHEM,15.45,15.45,15.45,15.45,6414.0
2020-07-15 10:30:00,NSE:BIOFILCHEM,15.45,15.45,15.45,15.45,3490.0
2020-07-15 11:15:00,NSE:BIOFILCHEM,15.45,15.45,15.45,15.45,9725.0
2020-07-15 12:00:00,NSE:BIOFILCHEM,15.45,15.45,15.45,15.45,74.0
2020-07-15 12:45:00,NSE:BIOFILCHEM,15.45,15.45,15.45,15.45,61.0
2020-07-15 13:30:00,NSE:BIOFILCHEM,15.45,15.45,15.45,15.45,2398.0
2020-07-15 14:15:00,NSE:BIOFILCHEM,15.45,15.45,15.45,15.45,604.0
2020-07-15 15:00:00,NSE:BIOFILCHEM,15.45,15.45,15.45,15.45,2041.0
2020-07-16 09:00:00,NSE:BIOFILCHEM,16.2,16.2,16.2,16.2,5557.0
2020-07-16 09:45:00,NSE:BIOFILCHEM,16.2,16.2,16.2,16.2,3907.0
2020-07-16 10:30:00,NSE:BIOFILCHEM,16.2,16.2,16.2,16.2,2807.0
2020-07-16 11:15:00,NSE:BIOFILCHEM,16.2,16.2,16.2,16.2,411.0
2020-07-16 12:00:00,NSE:BIOFILCHEM,16.2,16.2,16.2,16.2,125.0
2020-07-16 12:45:00,NSE:BIOFILCHEM,16.2,16.2,16.2,16.2,182.0
2020-07-16 13:30:00,NSE:BIOFILCHEM,16.2,16.2,16.2,16.2,40.0
2020-07-16 14:15:00,NSE:BIOFILCHEM,16.2,16.2,16.2,16.2,930.0
2020-07-16 15:00:00,NSE:BIOFILCHEM,16.2,16.2,16.2,16.2,63.0
2020-07-17 09:00:00,NSE:BIOFILCHEM,17.0,17.0,17.0,17.0,7154.0
2020-07-17 09:45:00,NSE:BIOFILCHEM,17.0,17.0,17.0,17.0,1455.0
2020-07-17 10:30:00,NSE:BIOFILCHEM,17.0,17.0,17.0,17.0,1551.0
2020-07-17 11:15:00,NSE:BIOFILCHEM,17.0,17.0,17.0,17.0,1405.0
2020-07-17 12:00:00,NSE:BIOFILCHEM,17.0,17.0,17.0,17.0,2500.0
2020-07-17 12:45:00,NSE:BIOFILCHEM,17.0,17.0,17.0,17.0,235.0
2020-07-17 13:30:00,NSE:BIOFILCHEM,17.0,17.0,17.0,17.0,1118.0
2020-07-17 14:15:00,NSE:BIOFILCHEM,17.0,17.0,17.0,17.0,70.0
2020-07-17 15:00:00,NSE:BIOFILCHEM,17.0,17.0,17.0,17.0,313.0
2020-07-20 09:00:00,NSE:BIOFILCHEM,17.85,17.85,17.85,17.85,10630.0
2020-07-20 09:45:00,NSE:BIOFILCHEM,17.85,17.85,17.85,17.85,6479.0
2020-07-20 10:30:00,NSE:BIOFILCHEM,17.85,17.85,17.85,17.85,311.0
2020-07-20 11:15:00,NSE:BIOFILCHEM,17.85,17.85,17.85,17.85,1600.0
2020-07-20 12:00:00,NSE:BIOFILCHEM,17.85,17.85,17.85,17.85,177.0
2020-07-20 12:45:00,NSE:BIOFILCHEM,17.85,17.85,17.85,17.85,160.0
2020-07-20 13:30:00,NSE:BIOFILCHEM,17.85,17.85,17.85,17.85,289.0
2020-07-20 14:15:00,NSE:BIOFILCHEM,17.85,17.85,17.85,17.85,500.0
2020-07-20 15:00:00,NSE:BIOFILCHEM,17.85,17.85,17.85,17.85,402.0
2020-07-21 09:00:00,NSE:BIOFILCHEM,18.7,18.7,18.05,18.7,151184.0
2020-07-21 09:45:00,NSE:BIOFILCHEM,18.7,18.7,18.7,18.7,8097.0
2020-07-21 10:30:00,NSE:BIOFILCHEM,18.7,18.7,18.7,18.7,517.0
2020-07-21 11:15:00,NSE:BIOFILCHEM,18.7,18.7,18.7,18.7,1336.0
2020-07-21 12:00:00,NSE:BIOFILCHEM,18.7,18.7,18.7,18.7,1102.0
2020-07-21 12:45:00,NSE:BIOFILCHEM,18.7,18.7,18.7,18.7,2026.0
2020-07-21 13:30:00,NSE:BIOFILCHEM,18.7,18.7,18.7,18.7,200.0
2020-07-21 14:15:00,NSE:BIOFILCHEM,18.7,18.7,18.7,18.7,910.0
2020-07-21 15:00:00,NSE:BIOFILCHEM,18.7,18.7,18.7,18.7,105.0
2020-07-22 09:00:00,NSE:BIOFILCHEM,19.6,19.6,19.6,19.6,18841.0
2020-07-22 09:45:00,NSE:BIOFILCHEM,19.6,19.6,19.6,19.6,3874.0
2020-07-22 10:30:00,NSE:BIOFILCHEM,19.6,19.6,19.6,19.6,3878.0
2020-07-22 11:15:00,NSE:BIOFILCHEM,19.6,19.6,19.6,19.6,351.0
2020-07-22 12:00:00,NSE:BIOFILCHEM,19.6,19.6,19.6,19.6,1450.0
2020-07-22 12:45:00,NSE:BIOFILCHEM,19.6,19.6,19.6,19.6,250.0
2020-07-22 13:30:00,NSE:BIOFILCHEM,19.6,19.6,19.6,19.6,801.0
2020-07-22 14:15:00,NSE:BIOFILCHEM,19.6,19.6,19.6,19.6,740.0
2020-07-22 15:00:00,NSE:BIOFILCHEM,19.6,19.6,19.6,19.6,40.0
2020-07-23 09:00:00,NSE:BIOFILCHEM,20.55,20.55,20.55,20.55,11876.0
2020-07-23 09:45:00,NSE:BIOFILCHEM,20.55,20.55,20.55,20.55,2270.0
2020-07-23 10:30:00,NSE:BIOFILCHEM,20.55,20.55,20.55,20.55,6888.0
2020-07-23 11:15:00,NSE:BIOFILCHEM,20.55,20.55,20.55,20.55,1727.0
2020-07-23 12:00:00,NSE:BIOFILCHEM,20.55,20.55,20.55,20.55,701.0
2020-07-23 12:45:00,NSE:BIOFILCHEM,20.55,20.55,20.55,20.55,2400.0
2020-07-23 13:30:00,NSE:BIOFILCHEM,20.55,20.55,20.55,20.55,5343.0
2020-07-23 15:00:00,NSE:BIOFILCHEM,20.55,20.55,20.55,20.55,1402.0
2020-07-24 09:00:00,NSE:BIOFILCHEM,21.55,21.55,21.55,21.55,24927.0
2020-07-24 09:45:00,NSE:BIOFILCHEM,21.55,21.55,21.55,21.55,7021.0
2020-07-24 10:30:00,NSE:BIOFILCHEM,21.55,21.55,21.55,21.55,20666.0
2020-07-24 11:15:00,NSE:BIOFILCHEM,21.55,21.55,21.55,21.55,1058.0
2020-07-24 12:00:00,NSE:BIOFILCHEM,21.55,21.55,21.55,21.55,4075.0
2020-07-24 12:45:00,NSE:BIOFILCHEM,21.55,21.55,21.55,21.55,620.0
2020-07-24 13:30:00,NSE:BIOFILCHEM,21.55,21.55,21.55,21.55,252.0
2020-07-24 14:15:00,NSE:BIOFILCHEM,21.55,21.55,21.55,21.55,1803.0
2020-07-24 15:00:00,NSE:BIOFILCHEM,21.55,21.55,21.55,21.55,2220.0
2020-07-27 09:00:00,NSE:BIOFILCHEM,22.6,22.6,22.6,22.6,16436.0
2020-07-27 09:45:00,NSE:BIOFILCHEM,22.6,22.6,22.6,22.6,10458.0
2020-07-27 10:30:00,NSE:BIOFILCHEM,22.6,22.6,22.6,22.6,755.0
2020-07-27 11:15:00,NSE:BIOFILCHEM,22.6,22.6,22.6,22.6,2156.0
2020-07-27 12:00:00,NSE:BIOFILCHEM,22.6,22.6,22.6,22.6,909.0
2020-07-27 12:45:00,NSE:BIOFILCHEM,22.6,22.6,22.6,22.6,4978.0
2020-07-27 13:30:00,NSE:BIOFILCHEM,22.6,22.6,22.6,22.6,1160.0
2020-07-27 14:15:00,NSE:BIOFILCHEM,22.6,22.6,22.6,22.6,245.0
2020-07-27 15:00:00,NSE:BIOFILCHEM,22.6,22.6,22.6,22.6,665.0
2020-07-28 09:00:00,NSE:BIOFILCHEM,23.7,23.7,23.7,23.7,14975.0
2020-07-28 09:45:00,NSE:BIOFILCHEM,23.7,23.7,23.7,23.7,4935.0
2020-07-28 10:30:00,NSE:BIOFILCHEM,23.7,23.7,23.7,23.7,4517.0
2020-07-28 11:15:00,NSE:BIOFILCHEM,23.7,23.7,23.7,23.7,1285.0
2020-07-28 12:00:00,NSE:BIOFILCHEM,23.7,23.7,23.7,23.7,371.0
2020-07-28 12:45:00,NSE:BIOFILCHEM,23.7,23.7,23.7,23.7,1130.0
2020-07-28 13:30:00,NSE:BIOFILCHEM,23.7,23.7,23.7,23.7,4312.0
2020-07-28 14:15:00,NSE:BIOFILCHEM,23.7,23.7,23.7,23.7,3400.0
2020-07-28 15:00:00,NSE:BIOFILCHEM,23.7,23.7,23.7,23.7,500.0
2020-07-29 09:00:00,NSE:BIOFILCHEM,24.85,24.85,24.85,24.85,2340.0
2020-07-29 09:45:00,NSE:BIOFILCHEM,24.85,24.85,24.85,24.85,16775.0
2020-07-29 10:30:00,NSE:BIOFILCHEM,24.85,24.85,24.85,24.85,1195.0
2020-07-29 11:15:00,NSE:BIOFILCHEM,24.85,24.85,24.85,24.85,550.0
2020-07-29 12:00:00,NSE:BIOFILCHEM,24.85,24.85,24.85,24.85,840.0
2020-07-29 12:45:00,NSE:BIOFILCHEM,24.85,24.85,24.85,24.85,355.0
2020-07-29 13:30:00,NSE:BIOFILCHEM,24.85,24.85,24.85,24.85,2500.0
2020-07-29 14:15:00,NSE:BIOFILCHEM,24.85,24.85,24.85,24.85,1.0
2020-07-29 15:00:00,NSE:BIOFILCHEM,24.85,24.85,24.85,24.85,1453.0
2020-07-30 09:00:00,NSE:BIOFILCHEM,26.05,26.05,26.05,26.05,17380.0
2020-07-30 09:45:00,NSE:BIOFILCHEM,26.05,26.05,26.05,26.05,2757.0
2020-07-30 10:30:00,NSE:BIOFILCHEM,26.05,26.05,26.05,26.05,4362.0
2020-07-30 11:15:00,NSE:BIOFILCHEM,26.05,26.05,26.05,26.05,686.0
2020-07-30 12:00:00,NSE:BIOFILCHEM,26.05,26.05,26.05,26.05,510.0
2020-07-30 12:45:00,NSE:BIOFILCHEM,26.05,26.05,26.05,26.05,474.0
2020-07-30 13:30:00,NSE:BIOFILCHEM,26.05,26.05,26.05,26.05,500.0
2020-07-30 14:15:00,NSE:BIOFILCHEM,26.05,26.05,26.05,26.05,2689.0
2020-07-30 15:00:00,NSE:BIOFILCHEM,26.05,26.05,26.05,26.05,475.0
2020-07-31 09:00:00,NSE:BIOFILCHEM,27.35,27.35,27.35,27.35,12258.0
2020-07-31 09:45:00,NSE:BIOFILCHEM,27.35,27.35,27.35,27.35,10157.0
2020-07-31 10:30:00,NSE:BIOFILCHEM,27.35,27.35,27.35,27.35,3312.0
2020-07-31 11:15:00,NSE:BIOFILCHEM,27.35,27.35,27.35,27.35,1614.0
2020-07-31 12:00:00,NSE:BIOFILCHEM,27.35,27.35,27.35,27.35,685.0
2020-07-31 12:45:00,NSE:BIOFILCHEM,27.35,27.35,27.35,27.35,5236.0
2020-07-31 13:30:00,NSE:BIOFILCHEM,27.35,27.35,27.35,27.35,1180.0
2020-07-31 14:15:00,NSE:BIOFILCHEM,27.35,27.35,27.35,27.35,1335.0
2020-07-31 15:00:00,NSE:BIOFILCHEM,27.35,27.35,27.35,27.35,21109.0
2020-08-03 09:00:00,NSE:BIOFILCHEM,26.0,26.0,26.0,26.0,87618.0
2020-08-03 09:45:00,NSE:BIOFILCHEM,26.0,26.0,26.0,26.0,9720.0
2020-08-03 10:30:00,NSE:BIOFILCHEM,26.0,26.0,26.0,26.0,8501.0
2020-08-03 11:15:00,NSE:BIOFILCHEM,26.0,26.0,26.0,26.0,6720.0
2020-08-03 12:00:00,NSE:BIOFILCHEM,26.0,26.0,26.0,26.0,3163.0
2020-08-03 12:45:00,NSE:BIOFILCHEM,26.0,26.0,26.0,26.0,1567.0
2020-08-03 13:30:00,NSE:BIOFILCHEM,26.0,26.0,26.0,26.0,4038.0
2020-08-03 14:15:00,NSE:BIOFILCHEM,26.0,26.0,26.0,26.0,5373.0
2020-08-03 15:00:00,NSE:BIOFILCHEM,26.0,26.0,26.0,26.0,4100.0
2020-08-04 09:00:00,NSE:BIOFILCHEM,24.7,24.7,24.7,24.7,7835.0
2020-08-04 09:45:00,NSE:BIOFILCHEM,24.7,24.7,24.7,24.7,1491.0
2020-08-04 10:30:00,NSE:BIOFILCHEM,24.7,24.7,24.7,24.7,4500.0
2020-08-04 11:15:00,NSE:BIOFILCHEM,24.7,24.7,24.7,24.7,1800.0
2020-08-04 12:00:00,NSE:BIOFILCHEM,24.7,24.7,24.7,24.7,1554.0
2020-08-04 12:45:00,NSE:BIOFILCHEM,24.7,24.7,24.7,24.7,2683.0
2020-08-04 13:30:00,NSE:BIOFILCHEM,24.7,24.7,24.7,24.7,2352.0
2020-08-04 14:15:00,NSE:BIOFILCHEM,24.7,24.7,24.7,24.7,4559.0
2020-08-04 15:00:00,NSE:BIOFILCHEM,24.7,24.7,24.7,24.7,599.0
2020-08-05 09:00:00,NSE:BIOFILCHEM,23.5,23.5,23.5,23.5,4518.0
2020-08-05 09:45:00,NSE:BIOFILCHEM,23.5,23.5,23.5,23.5,2401.0
2020-08-05 10:30:00,NSE:BIOFILCHEM,23.5,23.5,23.5,23.5,3813.0
2020-08-05 11:15:00,NSE:BIOFILCHEM,23.5,23.5,23.5,23.5,2838.0
2020-08-05 12:00:00,NSE:BIOFILCHEM,23.5,23.5,23.5,23.5,234.0
2020-08-05 12:45:00,NSE:BIOFILCHEM,23.5,23.5,23.5,23.5,1220.0
2020-08-05 13:30:00,NSE:BIOFILCHEM,23.5,23.5,23.5,23.5,690.0
2020-08-05 14:15:00,NSE:BIOFILCHEM,23.5,23.5,23.5,23.5,1122.0
2020-08-05 15:00:00,NSE:BIOFILCHEM,23.5,23.5,23.5,23.5,1070.0
2020-08-06 09:00:00,NSE:BIOFILCHEM,22.35,22.35,22.35,22.35,3644.0
2020-08-06 09:45:00,NSE:BIOFILCHEM,22.35,22.35,22.35,22.35,3250.0
2020-08-06 10:30:00,NSE:BIOFILCHEM,22.35,22.35,22.35,22.35,9508.0
2020-08-06 11:15:00,NSE:BIOFILCHEM,22.35,22.35,22.35,22.35,586.0
2020-08-06 12:00:00,NSE:BIOFILCHEM,22.35,22.35,22.35,22.35,1474.0
2020-08-06 12:45:00,NSE:BIOFILCHEM,22.35,22.35,22.35,22.35,1122.0
2020-08-06 13:30:00,NSE:BIOFILCHEM,22.35,22.35,22.35,22.35,1325.0
2020-08-06 14:15:00,NSE:BIOFILCHEM,22.35,22.35,22.35,22.35,802.0
2020-08-06 15:00:00,NSE:BIOFILCHEM,22.35,22.35,22.35,22.35,6772.0
2020-08-07 09:00:00,NSE:BIOFILCHEM,21.25,21.25,21.25,21.25,9490.0
2020-08-07 09:45:00,NSE:BIOFILCHEM,21.25,21.25,21.25,21.25,7674.0
2020-08-07 10:30:00,NSE:BIOFILCHEM,21.25,21.25,21.25,21.25,9811.0
2020-08-07 11:15:00,NSE:BIOFILCHEM,21.25,21.25,21.25,21.25,18810.0
2020-08-07 12:00:00,NSE:BIOFILCHEM,21.25,21.25,21.25,21.25,957.0
2020-08-07 12:45:00,NSE:BIOFILCHEM,21.25,21.25,21.25,21.25,2937.0
2020-08-07 13:30:00,NSE:BIOFILCHEM,21.25,21.25,21.25,21.25,8272.0
2020-08-07 14:15:00,NSE:BIOFILCHEM,21.25,23.45,21.25,23.45,46688.0
2020-08-07 15:00:00,NSE:BIOFILCHEM,23.45,23.45,23.45,23.45,2658.0
2020-08-10 09:00:00,NSE:BIOFILCHEM,24.6,24.6,24.0,24.6,49338.0
2020-08-10 09:45:00,NSE:BIOFILCHEM,24.6,24.6,24.6,24.6,7324.0
2020-08-10 10:30:00,NSE:BIOFILCHEM,24.6,24.6,24.6,24.6,5006.0
2020-08-10 11:15:00,NSE:BIOFILCHEM,24.6,24.6,24.6,24.6,5405.0
2020-08-10 12:00:00,NSE:BIOFILCHEM,24.6,24.6,24.6,24.6,808.0
2020-08-10 12:45:00,NSE:BIOFILCHEM,24.6,24.6,24.6,24.6,662.0
2020-08-10 13:30:00,NSE:BIOFILCHEM,24.6,24.6,24.6,24.6,1195.0
2020-08-10 14:15:00,NSE:BIOFILCHEM,24.6,24.6,24.6,24.6,323.0
2020-08-10 15:00:00,NSE:BIOFILCHEM,24.6,24.6,24.6,24.6,501.0
2020-08-11 09:00:00,NSE:BIOFILCHEM,25.8,25.8,25.8,25.8,9780.0
2020-08-11 09:45:00,NSE:BIOFILCHEM,25.8,25.8,25.8,25.8,3031.0
2020-08-11 10:30:00,NSE:BIOFILCHEM,25.8,25.8,25.8,25.8,763.0
2020-08-11 11:15:00,NSE:BIOFILCHEM,25.8,25.8,25.8,25.8,271.0
2020-08-11 12:00:00,NSE:BIOFILCHEM,25.8,25.8,25.8,25.8,496.0
2020-08-11 12:45:00,NSE:BIOFILCHEM,25.8,25.8,25.8,25.8,14.0
2020-08-11 13:30:00,NSE:BIOFILCHEM,25.8,25.8,25.8,25.8,6091.0
2020-08-11 14:15:00,NSE:BIOFILCHEM,25.8,25.8,25.8,25.8,690.0
2020-08-11 15:00:00,NSE:BIOFILCHEM,25.8,25.8,25.8,25.8,1440.0
2020-08-12 09:00:00,NSE:BIOFILCHEM,27.05,27.05,27.0,27.05,38288.0
2020-08-12 09:45:00,NSE:BIOFILCHEM,27.05,27.05,27.05,27.05,4741.0
2020-08-12 10:30:00,NSE:BIOFILCHEM,27.05,27.05,27.05,27.05,2912.0
2020-08-12 11:15:00,NSE:BIOFILCHEM,27.05,27.05,27.05,27.05,3357.0
2020-08-12 12:00:00,NSE:BIOFILCHEM,27.05,27.05,27.05,27.05,1889.0
2020-08-12 12:45:00,NSE:BIOFILCHEM,27.05,27.05,27.05,27.05,362.0
2020-08-12 13:30:00,NSE:BIOFILCHEM,27.05,27.05,27.05,27.05,500.0
2020-08-12 14:15:00,NSE:BIOFILCHEM,27.05,27.05,27.05,27.05,926.0
2020-08-12 15:00:00,NSE:BIOFILCHEM,27.05,27.05,27.05,27.05,5115.0
2020-08-13 09:00:00,NSE:BIOFILCHEM,28.4,28.4,28.4,28.4,14149.0
2020-08-13 09:45:00,NSE:BIOFILCHEM,28.4,28.4,28.4,28.4,3640.0
2020-08-13 10:30:00,NSE:BIOFILCHEM,28.4,28.4,28.4,28.4,2394.0
2020-08-13 11:15:00,NSE:BIOFILCHEM,28.4,28.4,28.4,28.4,2409.0
2020-08-13 12:00:00,NSE:BIOFILCHEM,28.4,28.4,28.4,28.4,2931.0
2020-08-13 12:45:00,NSE:BIOFILCHEM,28.4,28.4,28.4,28.4,735.0
2020-08-13 13:30:00,NSE:BIOFILCHEM,28.4,28.4,28.4,28.4,199.0
2020-08-13 14:15:00,NSE:BIOFILCHEM,28.4,28.4,28.4,28.4,1100.0
2020-08-13 15:00:00,NSE:BIOFILCHEM,28.4,28.4,28.4,28.4,1263.0
2020-08-14 09:00:00,NSE:BIOFILCHEM,29.8,29.8,29.8,29.8,12963.0
2020-08-14 09:45:00,NSE:BIOFILCHEM,29.8,29.8,29.8,29.8,3529.0
2020-08-14 10:30:00,NSE:BIOFILCHEM,29.8,29.8,29.8,29.8,663.0
2020-08-14 11:15:00,NSE:BIOFILCHEM,29.8,29.8,29.8,29.8,4862.0
2020-08-14 12:00:00,NSE:BIOFILCHEM,29.8,29.8,29.8,29.8,3166.0
2020-08-14 12:45:00,NSE:BIOFILCHEM,29.8,29.8,29.8,29.8,88.0
2020-08-14 13:30:00,NSE:BIOFILCHEM,29.8,29.8,29.8,29.8,6135.0
2020-08-14 14:15:00,NSE:BIOFILCHEM,29.8,29.8,29.8,29.8,4668.0
2020-08-14 15:00:00,NSE:BIOFILCHEM,29.8,29.8,29.8,29.8,816.0
2020-08-17 09:00:00,NSE:BIOFILCHEM,31.25,31.25,31.25,31.25,11200.0
2020-08-17 09:45:00,NSE:BIOFILCHEM,31.25,31.25,31.25,31.25,2052.0
2020-08-17 10:30:00,NSE:BIOFILCHEM,31.25,31.25,31.25,31.25,1132.0
2020-08-17 11:15:00,NSE:BIOFILCHEM,31.25,31.25,31.25,31.25,1025.0
2020-08-17 12:00:00,NSE:BIOFILCHEM,31.25,31.25,31.25,31.25,3086.0
2020-08-17 12:45:00,NSE:BIOFILCHEM,31.25,31.25,31.25,31.25,339.0
2020-08-17 13:30:00,NSE:BIOFILCHEM,31.25,31.25,31.25,31.25,776.0
2020-08-17 14:15:00,NSE:BIOFILCHEM,31.25,31.25,31.25,31.25,283.0
2020-08-17 15:00:00,NSE:BIOFILCHEM,31.25,31.25,31.25,31.25,100.0
2020-08-18 09:00:00,NSE:BIOFILCHEM,32.8,32.8,32.8,32.8,11041.0
2020-08-18 09:45:00,NSE:BIOFILCHEM,32.8,32.8,32.8,32.8,2084.0
2020-08-18 10:30:00,NSE:BIOFILCHEM,32.8,32.8,32.8,32.8,653.0
2020-08-18 11:15:00,NSE:BIOFILCHEM,32.8,32.8,32.8,32.8,3408.0
2020-08-18 12:00:00,NSE:BIOFILCHEM,32.8,32.8,32.8,32.8,1061.0
2020-08-18 12:45:00,NSE:BIOFILCHEM,32.8,32.8,32.8,32.8,670.0
2020-08-18 13:30:00,NSE:BIOFILCHEM,32.8,32.8,32.8,32.8,100.0
2020-08-18 14:15:00,NSE:BIOFILCHEM,32.8,32.8,32.8,32.8,412.0
2020-08-18 15:00:00,NSE:BIOFILCHEM,32.8,32.8,32.8,32.8,184.0
2020-08-18 15:45:00,NSE:BIOFILCHEM,32.8,32.8,32.8,32.8,20.0
2020-08-19 09:00:00,NSE:BIOFILCHEM,34.4,34.4,34.4,34.4,10409.0
2020-08-19 09:45:00,NSE:BIOFILCHEM,34.4,34.4,34.4,34.4,2213.0
2020-08-19 10:30:00,NSE:BIOFILCHEM,34.4,34.4,34.4,34.4,1841.0
2020-08-19 11:15:00,NSE:BIOFILCHEM,34.4,34.4,34.4,34.4,1150.0
2020-08-19 12:00:00,NSE:BIOFILCHEM,34.4,34.4,34.4,34.4,1765.0
2020-08-19 12:45:00,NSE:BIOFILCHEM,34.4,34.4,34.4,34.4,75.0
2020-08-19 13:30:00,NSE:BIOFILCHEM,34.4,34.4,34.4,34.4,1945.0
2020-08-19 14:15:00,NSE:BIOFILCHEM,34.4,34.4,34.4,34.4,5552.0
2020-08-19 15:00:00,NSE:BIOFILCHEM,34.4,34.4,34.4,34.4,211.0
2020-08-20 09:00:00,NSE:BIOFILCHEM,36.1,36.1,36.1,36.1,13629.0
2020-08-20 09:45:00,NSE:BIOFILCHEM,36.1,36.1,36.1,36.1,2703.0
2020-08-20 10:30:00,NSE:BIOFILCHEM,36.1,36.1,36.1,36.1,1123.0
2020-08-20 11:15:00,NSE:BIOFILCHEM,36.1,36.1,36.1,36.1,851.0
2020-08-20 12:00:00,NSE:BIOFILCHEM,36.1,36.1,36.1,36.1,1290.0
2020-08-20 12:45:00,NSE:BIOFILCHEM,36.1,36.1,36.1,36.1,445.0
2020-08-20 13:30:00,NSE:BIOFILCHEM,36.1,36.1,36.1,36.1,805.0
2020-08-20 14:15:00,NSE:BIOFILCHEM,36.1,36.1,36.1,36.1,25.0
2020-08-20 15:00:00,NSE:BIOFILCHEM,36.1,36.1,36.1,36.1,700.0
2020-08-21 09:00:00,NSE:BIOFILCHEM,37.9,37.9,37.9,37.9,10232.0
2020-08-21 09:45:00,NSE:BIOFILCHEM,37.9,37.9,37.9,37.9,1946.0
2020-08-21 10:30:00,NSE:BIOFILCHEM,37.9,37.9,37.9,37.9,2438.0
2020-08-21 11:15:00,NSE:BIOFILCHEM,37.9,37.9,37.9,37.9,1121.0
2020-08-21 12:00:00,NSE:BIOFILCHEM,37.9,37.9,37.9,37.9,3678.0
2020-08-21 12:45:00,NSE:BIOFILCHEM,37.9,37.9,37.9,37.9,346.0
2020-08-21 13:30:00,NSE:BIOFILCHEM,37.9,37.9,37.9,37.9,300.0
2020-08-21 14:15:00,NSE:BIOFILCHEM,37.9,37.9,37.9,37.9,320.0
2020-08-21 15:00:00,NSE:BIOFILCHEM,37.9,37.9,37.9,37.9,1694.0
2020-08-24 09:00:00,NSE:BIOFILCHEM,39.75,39.75,39.75,39.75,7678.0
2020-08-24 09:45:00,NSE:BIOFILCHEM,39.75,39.75,39.75,39.75,1336.0
2020-08-24 10:30:00,NSE:BIOFILCHEM,39.75,39.75,39.75,39.75,1176.0
2020-08-24 11:15:00,NSE:BIOFILCHEM,39.75,39.75,39.75,39.75,1251.0
2020-08-24 12:00:00,NSE:BIOFILCHEM,39.75,39.75,39.75,39.75,104.0
2020-08-24 12:45:00,NSE:BIOFILCHEM,39.75,39.75,39.75,39.75,470.0
2020-08-24 13:30:00,NSE:BIOFILCHEM,39.75,39.75,39.75,39.75,301.0
2020-08-24 14:15:00,NSE:BIOFILCHEM,39.75,39.75,39.75,39.75,4550.0
2020-08-24 15:00:00,NSE:BIOFILCHEM,39.75,39.75,39.75,39.75,1405.0
2020-08-25 09:00:00,NSE:BIOFILCHEM,41.7,41.7,41.7,41.7,15148.0
2020-08-25 09:45:00,NSE:BIOFILCHEM,41.7,41.7,41.7,41.7,4973.0
2020-08-25 10:30:00,NSE:BIOFILCHEM,41.7,41.7,41.7,41.7,8214.0
2020-08-25 11:15:00,NSE:BIOFILCHEM,41.7,41.7,41.7,41.7,1043.0
2020-08-25 12:00:00,NSE:BIOFILCHEM,41.7,41.7,41.7,41.7,583.0
2020-08-25 12:45:00,NSE:BIOFILCHEM,41.7,41.7,41.7,41.7,846.0
2020-08-25 13:30:00,NSE:BIOFILCHEM,41.7,41.7,41.7,41.7,2024.0
2020-08-25 14:15:00,NSE:BIOFILCHEM,41.7,41.7,41.7,41.7,2620.0
2020-08-25 15:00:00,NSE:BIOFILCHEM,41.7,41.7,41.7,41.7,6944.0
2020-08-26 09:00:00,NSE:BIOFILCHEM,43.5,43.5,39.65,39.65,144096.0
2020-08-26 09:45:00,NSE:BIOFILCHEM,39.65,39.65,39.65,39.65,23600.0
2020-08-26 10:30:00,NSE:BIOFILCHEM,39.65,39.65,39.65,39.65,14208.0
2020-08-26 11:15:00,NSE:BIOFILCHEM,39.65,39.65,39.65,39.65,7590.0
2020-08-26 12:00:00,NSE:BIOFILCHEM,39.65,39.65,39.65,39.65,4903.0
2020-08-26 12:45:00,NSE:BIOFILCHEM,39.65,39.65,39.65,39.65,7725.0
2020-08-26 13:30:00,NSE:BIOFILCHEM,39.65,39.65,39.65,39.65,8182.0
2020-08-26 14:15:00,NSE:BIOFILCHEM,39.65,39.65,39.65,39.65,9356.0
2020-08-26 15:00:00,NSE:BIOFILCHEM,39.65,39.65,39.65,39.65,14353.0
2020-08-27 09:00:00,NSE:BIOFILCHEM,37.7,37.7,37.7,37.7,10920.0
2020-08-27 09:45:00,NSE:BIOFILCHEM,37.7,37.7,37.7,37.7,5868.0
2020-08-27 10:30:00,NSE:BIOFILCHEM,37.7,37.7,37.7,37.7,2898.0
2020-08-27 11:15:00,NSE:BIOFILCHEM,37.7,37.7,37.7,37.7,1654.0
2020-08-27 12:00:00,NSE:BIOFILCHEM,37.7,37.7,37.7,37.7,1352.0
2020-08-27 12:45:00,NSE:BIOFILCHEM,37.7,37.7,37.7,37.7,4323.0
2020-08-27 13:30:00,NSE:BIOFILCHEM,37.7,37.7,37.7,37.7,841.0
2020-08-27 14:15:00,NSE:BIOFILCHEM,37.7,37.7,37.7,37.7,1392.0
2020-08-27 15:00:00,NSE:BIOFILCHEM,37.7,37.7,37.7,37.7,3046.0
2020-08-27 15:45:00,NSE:BIOFILCHEM,37.7,37.7,37.7,37.7,25.0
2020-08-28 09:00:00,NSE:BIOFILCHEM,35.85,35.85,35.85,35.85,9367.0
2020-08-28 09:45:00,NSE:BIOFILCHEM,35.85,35.85,35.85,35.85,5093.0
2020-08-28 10:30:00,NSE:BIOFILCHEM,35.85,35.85,35.85,35.85,3563.0
2020-08-28 11:15:00,NSE:BIOFILCHEM,35.85,35.85,35.85,35.85,1897.0
2020-08-28 12:00:00,NSE:BIOFILCHEM,35.85,35.85,35.85,35.85,2187.0
2020-08-28 12:45:00,NSE:BIOFILCHEM,35.85,35.85,35.85,35.85,1773.0
2020-08-28 13:30:00,NSE:BIOFILCHEM,35.85,35.85,35.85,35.85,985.0
2020-08-28 14:15:00,NSE:BIOFILCHEM,35.85,35.85,35.85,35.85,2868.0
2020-08-28 15:00:00,NSE:BIOFILCHEM,35.85,35.85,35.85,35.85,4616.0
2020-08-28 15:45:00,NSE:BIOFILCHEM,35.85,35.85,35.85,35.85,10.0
2020-08-31 09:00:00,NSE:BIOFILCHEM,34.1,34.1,34.1,34.1,12830.0
2020-08-31 09:45:00,NSE:BIOFILCHEM,34.1,34.1,34.1,34.1,2924.0
2020-08-31 10:30:00,NSE:BIOFILCHEM,34.1,34.1,34.1,34.1,1834.0
2020-08-31 11:15:00,NSE:BIOFILCHEM,34.1,34.1,34.1,34.1,1577.0
2020-08-31 12:00:00,NSE:BIOFILCHEM,34.1,34.1,34.1,34.1,1123.0
2020-08-31 12:45:00,NSE:BIOFILCHEM,34.1,34.1,34.1,34.1,435.0
2020-08-31 13:30:00,NSE:BIOFILCHEM,34.1,34.1,34.1,34.1,1048.0
2020-08-31 14:15:00,NSE:BIOFILCHEM,34.1,34.1,34.1,34.1,1095.0
2020-08-31 15:00:00,NSE:BIOFILCHEM,34.1,34.1,34.1,34.1,738.0
2020-08-31 15:45:00,NSE:BIOFILCHEM,34.1,34.1,34.1,34.1,25.0
2020-09-01 09:00:00,NSE:BIOFILCHEM,32.4,32.4,32.4,32.4,6754.0
2020-09-01 09:45:00,NSE:BIOFILCHEM,32.4,32.4,32.4,32.4,1926.0
2020-09-01 10:30:00,NSE:BIOFILCHEM,32.4,32.4,32.4,32.4,882.0
2020-09-01 11:15:00,NSE:BIOFILCHEM,32.4,32.4,32.4,32.4,545.0
2020-09-01 12:00:00,NSE:BIOFILCHEM,32.4,32.4,32.4,32.4,47.0
2020-09-01 12:45:00,NSE:BIOFILCHEM,32.4,32.4,32.4,32.4,266.0
2020-09-01 13:30:00,NSE:BIOFILCHEM,32.4,32.4,32.4,32.4,536.0
2020-09-01 14:15:00,NSE:BIOFILCHEM,32.4,32.4,32.4,32.4,1215.0
2020-09-01 15:00:00,NSE:BIOFILCHEM,32.4,32.4,32.4,32.4,3451.0
2020-09-02 09:00:00,NSE:BIOFILCHEM,30.8,30.8,30.8,30.8,6169.0
2020-09-02 09:45:00,NSE:BIOFILCHEM,30.8,30.8,30.8,30.8,1840.0
2020-09-02 10:30:00,NSE:BIOFILCHEM,30.8,30.8,30.8,30.8,1025.0
2020-09-02 11:15:00,NSE:BIOFILCHEM,30.8,30.8,30.8,30.8,1258.0
2020-09-02 12:00:00,NSE:BIOFILCHEM,30.8,30.8,30.8,30.8,1020.0
2020-09-02 12:45:00,NSE:BIOFILCHEM,30.8,30.8,30.8,30.8,2618.0
2020-09-02 13:30:00,NSE:BIOFILCHEM,30.8,30.8,30.8,30.8,177.0
2020-09-02 14:15:00,NSE:BIOFILCHEM,30.8,30.8,30.8,30.8,1363.0
2020-09-02 15:00:00,NSE:BIOFILCHEM,30.8,30.8,30.8,30.8,3472.0
2020-09-02 15:45:00,NSE:BIOFILCHEM,30.8,30.8,30.8,30.8,2.0
2020-09-03 09:00:00,NSE:BIOFILCHEM,29.3,32.3,29.3,32.3,39688.0
2020-09-03 09:45:00,NSE:BIOFILCHEM,32.3,32.3,32.3,32.3,3431.0
2020-09-03 10:30:00,NSE:BIOFILCHEM,32.3,32.3,32.3,32.3,2669.0
2020-09-03 11:15:00,NSE:BIOFILCHEM,32.3,32.3,32.3,32.3,1110.0
2020-09-03 12:00:00,NSE:BIOFILCHEM,32.3,32.3,32.3,32.3,828.0
2020-09-03 12:45:00,NSE:BIOFILCHEM,32.3,32.3,32.3,32.3,5880.0
2020-09-03 13:30:00,NSE:BIOFILCHEM,32.3,32.3,32.3,32.3,870.0
2020-09-03 14:15:00,NSE:BIOFILCHEM,32.3,32.3,32.3,32.3,1870.0
2020-09-03 15:00:00,NSE:BIOFILCHEM,32.3,32.3,32.3,32.3,823.0
2020-09-04 09:00:00,NSE:BIOFILCHEM,33.9,33.9,33.9,33.9,7731.0
2020-09-04 09:45:00,NSE:BIOFILCHEM,33.9,33.9,33.9,33.9,3936.0
2020-09-04 10:30:00,NSE:BIOFILCHEM,33.9,33.9,33.9,33.9,424.0
2020-09-04 11:15:00,NSE:BIOFILCHEM,33.9,33.9,33.9,33.9,4322.0
2020-09-04 12:00:00,NSE:BIOFILCHEM,33.9,33.9,33.9,33.9,401.0
2020-09-04 12:45:00,NSE:BIOFILCHEM,33.9,33.9,33.9,33.9,502.0
2020-09-04 13:30:00,NSE:BIOFILCHEM,33.9,33.9,33.9,33.9,1679.0
2020-09-04 14:15:00,NSE:BIOFILCHEM,33.9,33.9,33.9,33.9,415.0
2020-09-04 15:00:00,NSE:BIOFILCHEM,33.9,33.9,33.9,33.9,542.0
2020-09-07 09:00:00,NSE:BIOFILCHEM,35.55,35.55,35.55,35.55,5495.0
2020-09-07 09:45:00,NSE:BIOFILCHEM,35.55,35.55,35.55,35.55,2155.0
2020-09-07 10:30:00,NSE:BIOFILCHEM,35.55,35.55,35.55,35.55,1431.0
2020-09-07 11:15:00,NSE:BIOFILCHEM,35.55,35.55,35.55,35.55,992.0
2020-09-07 12:00:00,NSE:BIOFILCHEM,35.55,35.55,35.55,35.55,185.0
2020-09-07 12:45:00,NSE:BIOFILCHEM,35.55,35.55,35.55,35.55,5110.0
2020-09-07 13:30:00,NSE:BIOFILCHEM,35.55,35.55,35.55,35.55,169.0
2020-09-07 14:15:00,NSE:BIOFILCHEM,35.55,35.55,35.55,35.55,605.0
2020-09-07 15:00:00,NSE:BIOFILCHEM,35.55,35.55,35.55,35.55,302.0
2020-09-08 09:00:00,NSE:BIOFILCHEM,37.3,37.3,37.3,37.3,3463.0
2020-09-08 09:45:00,NSE:BIOFILCHEM,37.3,37.3,37.3,37.3,1073.0
2020-09-08 10:30:00,NSE:BIOFILCHEM,37.3,37.3,37.3,37.3,2420.0
2020-09-08 11:15:00,NSE:BIOFILCHEM,37.3,37.3,37.3,37.3,1577.0
2020-09-08 12:00:00,NSE:BIOFILCHEM,37.3,37.3,37.3,37.3,519.0
2020-09-08 12:45:00,NSE:BIOFILCHEM,37.3,37.3,37.3,37.3,156.0
2020-09-08 13:30:00,NSE:BIOFILCHEM,37.3,37.3,37.3,37.3,2938.0
2020-09-08 14:15:00,NSE:BIOFILCHEM,37.3,37.3,37.3,37.3,3924.0
2020-09-08 15:00:00,NSE:BIOFILCHEM,37.3,37.3,37.3,37.3,10828.0
2020-09-09 09:00:00,NSE:BIOFILCHEM,39.15,39.15,35.45,35.45,51467.0
2020-09-09 09:45:00,NSE:BIOFILCHEM,35.45,35.45,35.45,35.45,12562.0
2020-09-09 10:30:00,NSE:BIOFILCHEM,35.45,35.45,35.45,35.45,6612.0
2020-09-09 11:15:00,NSE:BIOFILCHEM,35.45,35.45,35.45,35.45,14383.0
2020-09-09 12:00:00,NSE:BIOFILCHEM,36.75,36.75,35.45,36.15,20023.0
2020-09-09 12:45:00,NSE:BIOFILCHEM,36.15,36.15,35.45,35.5,7103.0
2020-09-09 13:30:00,NSE:BIOFILCHEM,36.0,39.15,35.45,39.15,49384.0
2020-09-09 14:15:00,NSE:BIOFILCHEM,39.15,39.15,39.0,39.15,7409.0
2020-09-09 15:00:00,NSE:BIOFILCHEM,39.15,39.15,39.15,39.15,7101.0
2020-09-10 09:00:00,NSE:BIOFILCHEM,41.05,41.1,37.2,41.1,58411.0
2020-09-10 09:45:00,NSE:BIOFILCHEM,41.1,41.1,40.9,41.0,34527.0
2020-09-10 10:30:00,NSE:BIOFILCHEM,41.0,41.1,40.95,41.1,10030.0
2020-09-10 11:15:00,NSE:BIOFILCHEM,41.1,41.1,40.95,41.1,6820.0
2020-09-10 12:00:00,NSE:BIOFILCHEM,41.1,41.1,41.1,41.1,1023.0
2020-09-10 12:45:00,NSE:BIOFILCHEM,41.1,41.1,41.1,41.1,968.0
2020-09-10 13:30:00,NSE:BIOFILCHEM,41.1,41.1,41.1,41.1,1118.0
2020-09-10 14:15:00,NSE:BIOFILCHEM,41.1,41.1,41.1,41.1,962.0
2020-09-10 15:00:00,NSE:BIOFILCHEM,41.1,41.1,41.1,41.1,1151.0
2020-09-11 09:00:00,NSE:BIOFILCHEM,42.5,43.15,42.5,43.15,26219.0
2020-09-11 09:45:00,NSE:BIOFILCHEM,43.15,43.15,43.15,43.15,7308.0
2020-09-11 10:30:00,NSE:BIOFILCHEM,43.15,43.15,43.15,43.15,7604.0
2020-09-11 11:15:00,NSE:BIOFILCHEM,43.15,43.15,43.15,43.15,2921.0
2020-09-11 12:00:00,NSE:BIOFILCHEM,43.15,43.15,43.15,43.15,492.0
2020-09-11 12:45:00,NSE:BIOFILCHEM,43.15,43.15,43.15,43.15,1743.0
2020-09-11 13:30:00,NSE:BIOFILCHEM,43.15,43.15,43.15,43.15,1979.0
2020-09-11 14:15:00,NSE:BIOFILCHEM,43.15,43.15,43.15,43.15,4073.0
2020-09-11 15:00:00,NSE:BIOFILCHEM,43.15,43.15,43.15,43.15,991.0
2020-09-14 09:00:00,NSE:BIOFILCHEM,45.3,45.3,43.15,45.3,48811.0
2020-09-14 09:45:00,NSE:BIOFILCHEM,45.3,45.3,45.3,45.3,6722.0
2020-09-14 10:30:00,NSE:BIOFILCHEM,45.3,45.3,45.3,45.3,835.0
2020-09-14 11:15:00,NSE:BIOFILCHEM,45.3,45.3,45.3,45.3,6804.0
2020-09-14 12:00:00,NSE:BIOFILCHEM,45.3,45.3,45.3,45.3,460.0
2020-09-14 12:45:00,NSE:BIOFILCHEM,45.3,45.3,45.3,45.3,956.0
2020-09-14 13:30:00,NSE:BIOFILCHEM,45.3,45.3,45.3,45.3,758.0
2020-09-14 14:15:00,NSE:BIOFILCHEM,45.3,45.3,45.3,45.3,1254.0
2020-09-14 15:00:00,NSE:BIOFILCHEM,45.3,45.3,45.3,45.3,831.0
2020-09-14 15:45:00,NSE:BIOFILCHEM,45.3,45.3,45.3,45.3,250.0
2020-09-15 09:00:00,NSE:BIOFILCHEM,47.5,47.55,47.4,47.55,27425.0
2020-09-15 09:45:00,NSE:BIOFILCHEM,47.55,47.55,47.55,47.55,7929.0
2020-09-15 10:30:00,NSE:BIOFILCHEM,47.55,47.55,47.55,47.55,13092.0
2020-09-15 11:15:00,NSE:BIOFILCHEM,47.55,47.55,43.05,45.9,60603.0
2020-09-15 12:00:00,NSE:BIOFILCHEM,45.9,47.55,44.15,47.55,32695.0
2020-09-15 12:45:00,NSE:BIOFILCHEM,47.55,47.55,47.55,47.55,3519.0
2020-09-15 13:30:00,NSE:BIOFILCHEM,47.55,47.55,47.55,47.55,11343.0
2020-09-15 14:15:00,NSE:BIOFILCHEM,47.55,47.55,47.0,47.55,4149.0
2020-09-15 15:00:00,NSE:BIOFILCHEM,47.0,47.55,47.0,47.55,9728.0
2020-09-16 09:00:00,NSE:BIOFILCHEM,49.5,49.85,49.1,49.85,26311.0
2020-09-16 09:45:00,NSE:BIOFILCHEM,49.85,49.85,48.85,49.85,20739.0
2020-09-16 10:30:00,NSE:BIOFILCHEM,49.85,49.85,49.85,49.85,8675.0
2020-09-16 11:15:00,NSE:BIOFILCHEM,49.85,49.85,49.85,49.85,5356.0
2020-09-16 12:00:00,NSE:BIOFILCHEM,49.85,49.85,49.85,49.85,2982.0
2020-09-16 12:45:00,NSE:BIOFILCHEM,49.85,49.85,49.85,49.85,7105.0
2020-09-16 13:30:00,NSE:BIOFILCHEM,49.85,49.85,49.85,49.85,814.0
2020-09-16 14:15:00,NSE:BIOFILCHEM,49.85,49.85,49.85,49.85,7540.0
2020-09-16 15:00:00,NSE:BIOFILCHEM,49.85,49.85,49.85,49.85,4881.0
2020-09-17 09:00:00,NSE:BIOFILCHEM,52.3,52.3,52.2,52.3,18716.0
2020-09-17 09:45:00,NSE:BIOFILCHEM,52.3,52.3,52.3,52.3,4513.0
2020-09-17 10:30:00,NSE:BIOFILCHEM,52.3,52.3,52.3,52.3,7454.0
2020-09-17 11:15:00,NSE:BIOFILCHEM,52.3,52.3,52.3,52.3,2007.0
2020-09-17 12:00:00,NSE:BIOFILCHEM,52.3,52.3,52.3,52.3,1824.0
2020-09-17 12:45:00,NSE:BIOFILCHEM,52.3,52.3,52.3,52.3,558.0
2020-09-17 13:30:00,NSE:BIOFILCHEM,52.3,52.3,52.3,52.3,865.0
2020-09-17 14:15:00,NSE:BIOFILCHEM,52.3,52.3,52.3,52.3,734.0
2020-09-17 15:00:00,NSE:BIOFILCHEM,52.3,52.3,52.3,52.3,1621.0
2020-09-18 09:00:00,NSE:BIOFILCHEM,54.9,54.9,54.9,54.9,16524.0
2020-09-18 09:45:00,NSE:BIOFILCHEM,54.9,54.9,54.9,54.9,8059.0
2020-09-18 10:30:00,NSE:BIOFILCHEM,54.9,54.9,54.9,54.9,1791.0
2020-09-18 11:15:00,NSE:BIOFILCHEM,54.9,54.9,54.9,54.9,1066.0
2020-09-18 12:00:00,NSE:BIOFILCHEM,54.9,54.9,54.9,54.9,533.0
2020-09-18 12:45:00,NSE:BIOFILCHEM,54.9,54.9,54.9,54.9,129.0
2020-09-18 13:30:00,NSE:BIOFILCHEM,54.9,54.9,54.9,54.9,1003.0
2020-09-18 14:15:00,NSE:BIOFILCHEM,54.9,54.9,54.9,54.9,3977.0
2020-09-18 15:00:00,NSE:BIOFILCHEM,54.9,54.9,54.9,54.9,140.0
2020-09-21 09:00:00,NSE:BIOFILCHEM,57.6,57.6,57.6,57.6,19394.0
2020-09-21 09:45:00,NSE:BIOFILCHEM,57.6,57.6,57.6,57.6,3824.0
2020-09-21 10:30:00,NSE:BIOFILCHEM,57.6,57.6,57.6,57.6,4130.0
2020-09-21 11:15:00,NSE:BIOFILCHEM,57.6,57.6,57.6,57.6,1356.0
2020-09-21 12:00:00,NSE:BIOFILCHEM,57.6,57.6,57.6,57.6,1695.0
2020-09-21 12:45:00,NSE:BIOFILCHEM,57.6,57.6,57.6,57.6,7532.0
2020-09-21 13:30:00,NSE:BIOFILCHEM,57.6,57.6,57.6,57.6,9736.0
2020-09-21 14:15:00,NSE:BIOFILCHEM,57.6,57.6,57.6,57.6,18951.0
2020-09-21 15:00:00,NSE:BIOFILCHEM,57.6,57.6,57.6,57.6,9476.0
2020-09-21 15:45:00,NSE:BIOFILCHEM,57.6,57.6,57.6,57.6,10000.0
2020-09-22 09:00:00,NSE:BIOFILCHEM,59.0,59.05,54.75,54.75,40065.0
2020-09-22 09:45:00,NSE:BIOFILCHEM,54.75,54.75,54.75,54.75,10978.0
2020-09-22 10:30:00,NSE:BIOFILCHEM,54.75,54.75,54.75,54.75,7812.0
2020-09-22 11:15:00,NSE:BIOFILCHEM,54.75,54.75,54.75,54.75,7160.0
2020-09-22 12:00:00,NSE:BIOFILCHEM,54.75,54.75,54.75,54.75,7603.0
2020-09-22 12:45:00,NSE:BIOFILCHEM,54.75,54.75,54.75,54.75,2431.0
2020-09-22 13:30:00,NSE:BIOFILCHEM,54.75,54.75,54.75,54.75,3498.0
2020-09-22 14:15:00,NSE:BIOFILCHEM,54.75,54.75,54.75,54.75,1850.0
2020-09-22 15:00:00,NSE:BIOFILCHEM,54.75,54.75,54.75,54.75,5888.0
2020-09-23 09:00:00,NSE:BIOFILCHEM,52.05,52.05,52.05,52.05,4612.0
2020-09-23 09:45:00,NSE:BIOFILCHEM,52.05,52.05,52.05,52.05,1757.0
2020-09-23 10:30:00,NSE:BIOFILCHEM,52.05,52.05,52.05,52.05,3719.0
2020-09-23 11:15:00,NSE:BIOFILCHEM,52.05,52.05,52.05,52.05,2957.0
2020-09-23 12:00:00,NSE:BIOFILCHEM,52.05,52.05,52.05,52.05,985.0
2020-09-23 12:45:00,NSE:BIOFILCHEM,52.05,52.05,52.05,52.05,322.0
2020-09-23 13:30:00,NSE:BIOFILCHEM,52.05,52.05,52.05,52.05,506.0
2020-09-23 14:15:00,NSE:BIOFILCHEM,52.05,52.05,52.05,52.05,748.0
2020-09-23 15:00:00,NSE:BIOFILCHEM,52.05,52.05,52.05,52.05,743.0
2020-09-24 09:00:00,NSE:BIOFILCHEM,49.45,49.45,49.45,49.45,5560.0
2020-09-24 09:45:00,NSE:BIOFILCHEM,49.45,49.45,49.45,49.45,614.0
2020-09-24 10:30:00,NSE:BIOFILCHEM,49.45,49.45,49.45,49.45,844.0
2020-09-24 11:15:00,NSE:BIOFILCHEM,49.45,49.45,49.45,49.45,929.0
2020-09-24 12:00:00,NSE:BIOFILCHEM,49.45,49.45,49.45,49.45,751.0
2020-09-24 12:45:00,NSE:BIOFILCHEM,49.45,49.45,49.45,49.45,134.0
2020-09-24 13:30:00,NSE:BIOFILCHEM,49.45,49.45,49.45,49.45,225.0
2020-09-24 14:15:00,NSE:BIOFILCHEM,49.45,49.45,49.45,49.45,1575.0
2020-09-24 15:00:00,NSE:BIOFILCHEM,49.45,49.45,49.45,49.45,994.0
2020-09-25 09:00:00,NSE:BIOFILCHEM,47.0,47.0,47.0,47.0,5400.0
2020-09-25 09:45:00,NSE:BIOFILCHEM,47.0,47.0,47.0,47.0,2848.0
2020-09-25 10:30:00,NSE:BIOFILCHEM,47.0,47.0,47.0,47.0,698.0
2020-09-25 11:15:00,NSE:BIOFILCHEM,47.0,47.0,47.0,47.0,1252.0
2020-09-25 12:00:00,NSE:BIOFILCHEM,47.0,47.0,47.0,47.0,1522.0
2020-09-25 12:45:00,NSE:BIOFILCHEM,47.0,47.0,47.0,47.0,542.0
2020-09-25 13:30:00,NSE:BIOFILCHEM,47.0,47.0,47.0,47.0,2302.0
2020-09-25 14:15:00,NSE:BIOFILCHEM,47.0,47.0,47.0,47.0,1167.0
2020-09-25 15:00:00,NSE:BIOFILCHEM,47.0,47.0,47.0,47.0,1981.0
2020-09-28 09:00:00,NSE:BIOFILCHEM,44.65,49.35,44.65,49.35,46493.0
2020-09-28 09:45:00,NSE:BIOFILCHEM,49.35,49.35,49.35,49.35,1447.0
2020-09-28 10:30:00,NSE:BIOFILCHEM,49.35,49.35,49.35,49.35,2190.0
2020-09-28 11:15:00,NSE:BIOFILCHEM,49.35,49.35,49.35,49.35,1326.0
2020-09-28 12:00:00,NSE:BIOFILCHEM,49.35,49.35,49.35,49.35,738.0
2020-09-28 12:45:00,NSE:BIOFILCHEM,49.35,49.35,49.35,49.35,1134.0
2020-09-28 13:30:00,NSE:BIOFILCHEM,49.35,49.35,49.35,49.35,348.0
2020-09-28 14:15:00,NSE:BIOFILCHEM,49.35,49.35,49.35,49.35,1089.0
2020-09-28 15:00:00,NSE:BIOFILCHEM,49.35,49.35,49.35,49.35,253.0
2020-09-29 09:00:00,NSE:BIOFILCHEM,51.8,51.8,51.8,51.8,12251.0
2020-09-29 09:45:00,NSE:BIOFILCHEM,51.8,51.8,51.8,51.8,3827.0
2020-09-29 10:30:00,NSE:BIOFILCHEM,51.8,51.8,51.8,51.8,377.0
2020-09-29 11:15:00,NSE:BIOFILCHEM,51.8,51.8,51.8,51.8,3274.0
2020-09-29 12:00:00,NSE:BIOFILCHEM,51.8,51.8,51.8,51.8,22245.0
2020-09-29 12:45:00,NSE:BIOFILCHEM,51.8,51.8,51.8,51.8,1060.0
2020-09-29 13:30:00,NSE:BIOFILCHEM,51.8,51.8,51.8,51.8,1555.0
2020-09-29 14:15:00,NSE:BIOFILCHEM,51.8,51.8,51.8,51.8,700.0
2020-09-29 15:00:00,NSE:BIOFILCHEM,51.8,51.8,51.8,51.8,187.0
2020-09-30 09:00:00,NSE:BIOFILCHEM,54.35,54.35,54.35,54.35,6418.0
2020-09-30 09:45:00,NSE:BIOFILCHEM,54.35,54.35,54.35,54.35,6613.0
2020-09-30 10:30:00,NSE:BIOFILCHEM,54.35,54.35,54.35,54.35,2320.0
2020-09-30 11:15:00,NSE:BIOFILCHEM,54.35,54.35,54.35,54.35,81.0
2020-09-30 12:00:00,NSE:BIOFILCHEM,54.35,54.35,54.35,54.35,600.0
2020-09-30 12:45:00,NSE:BIOFILCHEM,54.35,54.35,54.35,54.35,1668.0
2020-09-30 13:30:00,NSE:BIOFILCHEM,54.35,54.35,54.35,54.35,46.0
2020-09-30 14:15:00,NSE:BIOFILCHEM,54.35,54.35,54.35,54.35,10209.0
2020-09-30 15:00:00,NSE:BIOFILCHEM,54.35,54.35,54.35,54.35,215.0
2020-10-01 09:00:00,NSE:BIOFILCHEM,56.0,57.05,52.45,57.05,114609.0
2020-10-01 09:45:00,NSE:BIOFILCHEM,55.2,57.05,55.2,57.05,13793.0
2020-10-01 10:30:00,NSE:BIOFILCHEM,57.05,57.05,57.05,57.05,2024.0
2020-10-01 11:15:00,NSE:BIOFILCHEM,57.05,57.05,57.0,57.05,8697.0
2020-10-01 12:00:00,NSE:BIOFILCHEM,57.05,57.05,57.05,57.05,880.0
2020-10-01 12:45:00,NSE:BIOFILCHEM,57.05,57.05,57.05,57.05,11672.0
2020-10-01 13:30:00,NSE:BIOFILCHEM,57.05,57.05,57.05,57.05,2979.0
2020-10-01 14:15:00,NSE:BIOFILCHEM,57.05,57.05,57.05,57.05,2287.0
2020-10-01 15:00:00,NSE:BIOFILCHEM,57.05,57.05,57.05,57.05,3708.0
2020-10-05 09:00:00,NSE:BIOFILCHEM,58.8,59.9,58.0,59.9,20211.0
2020-10-05 09:45:00,NSE:BIOFILCHEM,59.9,59.9,59.9,59.9,3670.0
2020-10-05 10:30:00,NSE:BIOFILCHEM,59.9,59.9,59.9,59.9,1574.0
2020-10-05 11:15:00,NSE:BIOFILCHEM,59.9,59.9,59.9,59.9,1400.0
2020-10-05 12:00:00,NSE:BIOFILCHEM,59.9,59.9,59.9,59.9,2683.0
2020-10-05 12:45:00,NSE:BIOFILCHEM,59.9,59.9,59.9,59.9,830.0
2020-10-05 13:30:00,NSE:BIOFILCHEM,59.9,59.9,59.9,59.9,1535.0
2020-10-05 14:15:00,NSE:BIOFILCHEM,59.9,59.9,59.9,59.9,819.0
2020-10-05 15:00:00,NSE:BIOFILCHEM,59.9,59.9,59.9,59.9,10897.0
2020-10-06 09:00:00,NSE:BIOFILCHEM,62.85,62.85,62.5,62.85,17905.0
2020-10-06 09:45:00,NSE:BIOFILCHEM,62.85,62.85,62.85,62.85,2591.0
2020-10-06 10:30:00,NSE:BIOFILCHEM,62.85,62.85,62.85,62.85,351.0
2020-10-06 11:15:00,NSE:BIOFILCHEM,62.85,62.85,62.85,62.85,465.0
2020-10-06 12:00:00,NSE:BIOFILCHEM,62.85,62.85,62.85,62.85,1998.0
2020-10-06 12:45:00,NSE:BIOFILCHEM,62.85,62.85,62.85,62.85,1676.0
2020-10-06 13:30:00,NSE:BIOFILCHEM,62.85,62.85,62.85,62.85,10543.0
2020-10-06 14:15:00,NSE:BIOFILCHEM,62.85,62.85,62.85,62.85,1001.0
2020-10-06 15:00:00,NSE:BIOFILCHEM,62.85,62.85,62.85,62.85,171.0
2020-10-07 09:00:00,NSE:BIOFILCHEM,65.95,65.95,65.95,65.95,25570.0
2020-10-07 09:45:00,NSE:BIOFILCHEM,65.95,65.95,65.95,65.95,6974.0
2020-10-07 10:30:00,NSE:BIOFILCHEM,65.95,65.95,65.95,65.95,3225.0
2020-10-07 11:15:00,NSE:BIOFILCHEM,65.95,65.95,65.95,65.95,731.0
2020-10-07 12:00:00,NSE:BIOFILCHEM,65.95,65.95,65.95,65.95,504.0
2020-10-07 12:45:00,NSE:BIOFILCHEM,65.95,65.95,65.95,65.95,1874.0
2020-10-07 13:30:00,NSE:BIOFILCHEM,65.95,65.95,65.95,65.95,10459.0
2020-10-07 14:15:00,NSE:BIOFILCHEM,65.95,65.95,65.95,65.95,1455.0
2020-10-07 15:00:00,NSE:BIOFILCHEM,65.95,65.95,65.95,65.95,1359.0
2020-10-08 09:00:00,NSE:BIOFILCHEM,69.2,69.2,69.2,69.2,20030.0
2020-10-08 09:45:00,NSE:BIOFILCHEM,69.2,69.2,69.2,69.2,4016.0
2020-10-08 10:30:00,NSE:BIOFILCHEM,69.2,69.2,69.2,69.2,550.0
2020-10-08 11:15:00,NSE:BIOFILCHEM,69.2,69.2,69.2,69.2,1584.0
2020-10-08 12:00:00,NSE:BIOFILCHEM,69.2,69.2,69.2,69.2,1794.0
2020-10-08 12:45:00,NSE:BIOFILCHEM,69.2,69.2,69.2,69.2,616.0
2020-10-08 13:30:00,NSE:BIOFILCHEM,69.2,69.2,69.2,69.2,976.0
2020-10-08 14:15:00,NSE:BIOFILCHEM,69.2,69.2,69.2,69.2,5172.0
2020-10-08 15:00:00,NSE:BIOFILCHEM,69.2,69.2,69.2,69.2,12263.0
2020-10-09 09:00:00,NSE:BIOFILCHEM,72.6,72.65,72.5,72.65,43297.0
2020-10-09 09:45:00,NSE:BIOFILCHEM,72.65,72.65,72.65,72.65,11708.0
2020-10-09 10:30:00,NSE:BIOFILCHEM,72.65,72.65,72.65,72.65,3212.0
2020-10-09 11:15:00,NSE:BIOFILCHEM,72.65,72.65,72.65,72.65,4655.0
2020-10-09 12:00:00,NSE:BIOFILCHEM,72.65,72.65,72.65,72.65,1375.0
2020-10-09 12:45:00,NSE:BIOFILCHEM,72.65,72.65,72.65,72.65,3355.0
2020-10-09 13:30:00,NSE:BIOFILCHEM,72.65,72.65,72.65,72.65,5992.0
2020-10-09 14:15:00,NSE:BIOFILCHEM,72.65,72.65,72.65,72.65,1092.0
2020-10-09 15:00:00,NSE:BIOFILCHEM,72.65,72.65,72.65,72.65,2216.0
2020-10-12 09:00:00,NSE:BIOFILCHEM,76.25,76.25,69.05,69.05,90514.0
2020-10-12 09:45:00,NSE:BIOFILCHEM,69.05,69.05,69.05,69.05,7852.0
2020-10-12 10:30:00,NSE:BIOFILCHEM,69.05,69.05,69.05,69.05,5573.0
2020-10-12 11:15:00,NSE:BIOFILCHEM,69.05,69.05,69.05,69.05,3146.0
2020-10-12 12:00:00,NSE:BIOFILCHEM,69.05,69.05,69.05,69.05,5155.0
2020-10-12 12:45:00,NSE:BIOFILCHEM,69.05,69.05,69.05,69.05,5621.0
2020-10-12 13:30:00,NSE:BIOFILCHEM,69.05,69.05,69.05,69.05,4793.0
2020-10-12 14:15:00,NSE:BIOFILCHEM,69.05,69.05,69.05,69.05,1939.0
2020-10-12 15:00:00,NSE:BIOFILCHEM,69.05,69.05,69.05,69.05,2511.0
2020-10-13 09:00:00,NSE:BIOFILCHEM,65.6,65.6,65.6,65.6,38096.0
2020-10-13 09:45:00,NSE:BIOFILCHEM,65.6,65.6,65.6,65.6,15434.0
2020-10-13 10:30:00,NSE:BIOFILCHEM,65.6,65.6,65.6,65.6,8519.0
2020-10-13 11:15:00,NSE:BIOFILCHEM,65.6,65.6,65.6,65.6,4335.0
2020-10-13 12:00:00,NSE:BIOFILCHEM,65.6,65.6,65.6,65.6,4532.0
2020-10-13 12:45:00,NSE:BIOFILCHEM,65.6,65.6,65.6,65.6,1398.0
2020-10-13 13:30:00,NSE:BIOFILCHEM,65.6,65.6,65.6,65.6,3011.0
2020-10-13 14:15:00,NSE:BIOFILCHEM,65.6,65.6,65.6,65.6,2584.0
2020-10-13 15:00:00,NSE:BIOFILCHEM,65.6,65.6,65.6,65.6,1455.0
2020-10-14 09:00:00,NSE:BIOFILCHEM,62.35,68.85,62.35,68.85,37507.0
2020-10-14 09:45:00,NSE:BIOFILCHEM,68.85,68.85,68.85,68.85,4625.0
2020-10-14 10:30:00,NSE:BIOFILCHEM,68.85,68.85,68.85,68.85,3359.0
2020-10-14 11:15:00,NSE:BIOFILCHEM,68.85,68.85,68.85,68.85,371.0
2020-10-14 12:00:00,NSE:BIOFILCHEM,68.85,68.85,68.85,68.85,10476.0
2020-10-14 12:45:00,NSE:BIOFILCHEM,68.85,68.85,68.85,68.85,589.0
2020-10-14 13:30:00,NSE:BIOFILCHEM,68.85,68.85,68.85,68.85,1462.0
2020-10-14 14:15:00,NSE:BIOFILCHEM,68.85,68.85,68.85,68.85,1912.0
2020-10-14 15:00:00,NSE:BIOFILCHEM,68.85,68.85,68.85,68.85,81.0
2020-10-15 09:00:00,NSE:BIOFILCHEM,72.25,72.25,72.25,72.25,9587.0
2020-10-15 09:45:00,NSE:BIOFILCHEM,72.25,72.25,72.25,72.25,2922.0
2020-10-15 10:30:00,NSE:BIOFILCHEM,72.25,72.25,72.25,72.25,2765.0
2020-10-15 11:15:00,NSE:BIOFILCHEM,72.25,72.25,72.25,72.25,828.0
2020-10-15 12:00:00,NSE:BIOFILCHEM,72.25,72.25,72.25,72.25,1523.0
2020-10-15 12:45:00,NSE:BIOFILCHEM,72.25,72.25,72.25,72.25,1759.0
2020-10-15 13:30:00,NSE:BIOFILCHEM,72.25,72.25,72.25,72.25,3651.0
2020-10-15 14:15:00,NSE:BIOFILCHEM,72.25,72.25,72.25,72.25,6884.0
2020-10-15 15:00:00,NSE:BIOFILCHEM,72.25,72.25,72.25,72.25,3904.0
2020-10-16 09:00:00,NSE:BIOFILCHEM,75.85,75.85,75.85,75.85,35520.0
2020-10-16 09:45:00,NSE:BIOFILCHEM,75.85,75.85,75.85,75.85,10045.0
2020-10-16 10:30:00,NSE:BIOFILCHEM,75.85,75.85,75.85,75.85,1888.0
2020-10-16 11:15:00,NSE:BIOFILCHEM,75.85,75.85,75.85,75.85,1977.0
2020-10-16 12:00:00,NSE:BIOFILCHEM,75.85,75.85,75.85,75.85,2612.0
2020-10-16 12:45:00,NSE:BIOFILCHEM,75.85,75.85,75.85,75.85,2847.0
2020-10-16 13:30:00,NSE:BIOFILCHEM,75.85,75.85,75.85,75.85,4518.0
2020-10-16 14:15:00,NSE:BIOFILCHEM,75.85,75.85,75.85,75.85,2745.0
2020-10-16 15:00:00,NSE:BIOFILCHEM,75.85,75.85,75.85,75.85,3493.0
2020-10-19 09:00:00,NSE:BIOFILCHEM,79.6,79.6,79.6,79.6,15100.0
2020-10-19 09:45:00,NSE:BIOFILCHEM,79.6,79.6,79.6,79.6,2511.0
2020-10-19 10:30:00,NSE:BIOFILCHEM,79.6,79.6,79.6,79.6,779.0
2020-10-19 11:15:00,NSE:BIOFILCHEM,79.6,79.6,79.6,79.6,2776.0
2020-10-19 12:00:00,NSE:BIOFILCHEM,79.6,79.6,79.6,79.6,706.0
2020-10-19 12:45:00,NSE:BIOFILCHEM,79.6,79.6,79.6,79.6,363.0
2020-10-19 13:30:00,NSE:BIOFILCHEM,79.6,79.6,79.6,79.6,948.0
2020-10-19 14:15:00,NSE:BIOFILCHEM,79.6,79.6,79.6,79.6,1054.0
2020-10-19 15:00:00,NSE:BIOFILCHEM,79.6,79.6,79.6,79.6,1471.0
2020-10-20 09:00:00,NSE:BIOFILCHEM,83.05,83.55,75.65,83.55,190438.0
2020-10-20 09:45:00,NSE:BIOFILCHEM,83.55,83.55,83.55,83.55,13080.0
2020-10-20 10:30:00,NSE:BIOFILCHEM,83.55,83.55,83.55,83.55,5830.0
2020-10-20 11:15:00,NSE:BIOFILCHEM,83.55,83.55,83.55,83.55,1622.0
2020-10-20 12:00:00,NSE:BIOFILCHEM,83.55,83.55,83.55,83.55,1428.0
2020-10-20 12:45:00,NSE:BIOFILCHEM,83.55,83.55,83.55,83.55,879.0
2020-10-20 13:30:00,NSE:BIOFILCHEM,83.55,83.55,83.55,83.55,937.0
2020-10-20 14:15:00,NSE:BIOFILCHEM,83.55,83.55,83.55,83.55,296.0
2020-10-20 15:00:00,NSE:BIOFILCHEM,83.55,83.55,83.55,83.55,1764.0
2020-10-21 09:00:00,NSE:BIOFILCHEM,86.95,87.7,83.6,87.7,43775.0
2020-10-21 09:45:00,NSE:BIOFILCHEM,87.7,87.7,87.7,87.7,14109.0
2020-10-21 10:30:00,NSE:BIOFILCHEM,87.7,87.7,87.7,87.7,8371.0
2020-10-21 11:15:00,NSE:BIOFILCHEM,87.7,87.7,87.7,87.7,5224.0
2020-10-21 12:00:00,NSE:BIOFILCHEM,87.7,87.7,87.7,87.7,1557.0
2020-10-21 12:45:00,NSE:BIOFILCHEM,87.7,87.7,87.7,87.7,1912.0
2020-10-21 13:30:00,NSE:BIOFILCHEM,87.7,87.7,84.0,86.0,27338.0
2020-10-21 14:15:00,NSE:BIOFILCHEM,83.6,87.7,83.55,87.7,33837.0
2020-10-21 15:00:00,NSE:BIOFILCHEM,87.7,87.7,87.7,87.7,4982.0
2020-10-22 09:00:00,NSE:BIOFILCHEM,91.9,92.05,87.7,92.05,34209.0
2020-10-22 09:45:00,NSE:BIOFILCHEM,92.05,92.05,92.05,92.05,8881.0
2020-10-22 10:30:00,NSE:BIOFILCHEM,92.05,92.05,92.05,92.05,3579.0
2020-10-22 11:15:00,NSE:BIOFILCHEM,92.05,92.05,92.05,92.05,1468.0
2020-10-22 12:00:00,NSE:BIOFILCHEM,92.05,92.05,92.05,92.05,634.0
2020-10-22 12:45:00,NSE:BIOFILCHEM,92.05,92.05,92.0,92.05,50259.0
2020-10-22 13:30:00,NSE:BIOFILCHEM,92.05,92.05,92.05,92.05,11214.0
2020-10-22 14:15:00,NSE:BIOFILCHEM,92.05,92.05,92.05,92.05,1815.0
2020-10-22 15:00:00,NSE:BIOFILCHEM,92.05,92.05,92.05,92.05,449.0
2020-10-23 09:00:00,NSE:BIOFILCHEM,96.65,96.65,96.0,96.65,61082.0
2020-10-23 09:45:00,NSE:BIOFILCHEM,96.65,96.65,96.65,96.65,12891.0
2020-10-23 10:30:00,NSE:BIOFILCHEM,96.65,96.65,96.65,96.65,8428.0
2020-10-23 11:15:00,NSE:BIOFILCHEM,96.65,96.65,96.65,96.65,4719.0
2020-10-23 12:00:00,NSE:BIOFILCHEM,96.65,96.65,96.65,96.65,2388.0
2020-10-23 12:45:00,NSE:BIOFILCHEM,96.65,96.65,96.65,96.65,1655.0
2020-10-23 13:30:00,NSE:BIOFILCHEM,96.65,96.65,96.65,96.65,4476.0
2020-10-23 14:15:00,NSE:BIOFILCHEM,96.65,96.65,96.65,96.65,1294.0
2020-10-23 15:00:00,NSE:BIOFILCHEM,96.65,96.65,96.65,96.65,1311.0
2020-10-26 09:00:00,NSE:BIOFILCHEM,101.4,101.45,96.7,101.45,44627.0
2020-10-26 09:45:00,NSE:BIOFILCHEM,101.45,101.45,101.45,101.45,3094.0
2020-10-26 10:30:00,NSE:BIOFILCHEM,101.45,101.45,101.45,101.45,2948.0
2020-10-26 11:15:00,NSE:BIOFILCHEM,101.45,101.45,101.45,101.45,732.0
2020-10-26 12:00:00,NSE:BIOFILCHEM,101.45,101.45,101.45,101.45,5706.0
2020-10-26 12:45:00,NSE:BIOFILCHEM,101.45,101.45,101.45,101.45,5941.0
2020-10-26 13:30:00,NSE:BIOFILCHEM,101.45,101.45,101.45,101.45,3643.0
2020-10-26 14:15:00,NSE:BIOFILCHEM,101.45,101.45,101.45,101.45,3604.0
2020-10-26 15:00:00,NSE:BIOFILCHEM,101.45,101.45,101.45,101.45,2506.0
2020-10-26 15:45:00,NSE:BIOFILCHEM,101.45,101.45,101.45,101.45,3.0
2020-10-27 09:00:00,NSE:BIOFILCHEM,106.5,106.5,106.5,106.5,16634.0
2020-10-27 09:45:00,NSE:BIOFILCHEM,106.5,106.5,106.5,106.5,7593.0
2020-10-27 10:30:00,NSE:BIOFILCHEM,106.5,106.5,106.5,106.5,2264.0
2020-10-27 11:15:00,NSE:BIOFILCHEM,106.5,106.5,106.5,106.5,311.0
2020-10-27 12:00:00,NSE:BIOFILCHEM,106.5,106.5,106.5,106.5,22789.0
2020-10-27 12:45:00,NSE:BIOFILCHEM,106.5,106.5,106.5,106.5,1085.0
2020-10-27 13:30:00,NSE:BIOFILCHEM,106.5,106.5,106.5,106.5,848.0
2020-10-27 14:15:00,NSE:BIOFILCHEM,106.5,106.5,106.5,106.5,1303.0
2020-10-27 15:00:00,NSE:BIOFILCHEM,106.5,106.5,106.5,106.5,12673.0
2020-10-27 15:45:00,NSE:BIOFILCHEM,106.5,106.5,106.5,106.5,100.0
2020-10-28 09:00:00,NSE:BIOFILCHEM,111.8,111.8,111.8,111.8,15427.0
2020-10-28 09:45:00,NSE:BIOFILCHEM,111.8,111.8,111.8,111.8,4223.0
2020-10-28 10:30:00,NSE:BIOFILCHEM,111.8,111.8,111.8,111.8,3424.0
2020-10-28 11:15:00,NSE:BIOFILCHEM,111.8,111.8,111.8,111.8,714.0
2020-10-28 12:00:00,NSE:BIOFILCHEM,111.8,111.8,111.8,111.8,5793.0
2020-10-28 12:45:00,NSE:BIOFILCHEM,111.8,111.8,111.8,111.8,1176.0
2020-10-28 13:30:00,NSE:BIOFILCHEM,111.8,111.8,111.8,111.8,930.0
2020-10-28 14:15:00,NSE:BIOFILCHEM,111.8,111.8,111.8,111.8,11161.0
2020-10-28 15:00:00,NSE:BIOFILCHEM,111.8,111.8,111.8,111.8,1085.0
2020-10-29 09:00:00,NSE:BIOFILCHEM,116.5,116.5,106.25,106.25,123554.0
2020-10-29 09:45:00,NSE:BIOFILCHEM,106.25,106.25,106.25,106.25,23841.0
2020-10-29 10:30:00,NSE:BIOFILCHEM,106.25,106.25,106.25,106.25,10564.0
2020-10-29 11:15:00,NSE:BIOFILCHEM,106.25,106.25,106.25,106.25,8388.0
2020-10-29 12:00:00,NSE:BIOFILCHEM,106.25,106.25,106.25,106.25,9023.0
2020-10-29 12:45:00,NSE:BIOFILCHEM,106.25,106.25,106.25,106.25,3958.0
2020-10-29 13:30:00,NSE:BIOFILCHEM,106.25,106.25,106.25,106.25,3429.0
2020-10-29 14:15:00,NSE:BIOFILCHEM,106.25,106.25,106.25,106.25,6493.0
2020-10-29 15:00:00,NSE:BIOFILCHEM,106.25,106.25,106.25,106.25,12865.0
2020-10-30 09:00:00,NSE:BIOFILCHEM,100.95,100.95,100.95,100.95,18911.0
2020-10-30 09:45:00,NSE:BIOFILCHEM,100.95,100.95,100.95,100.95,3805.0
2020-10-30 10:30:00,NSE:BIOFILCHEM,100.95,100.95,100.95,100.95,1988.0
2020-10-30 11:15:00,NSE:BIOFILCHEM,100.95,100.95,100.95,100.95,3540.0
2020-10-30 12:00:00,NSE:BIOFILCHEM,100.95,100.95,100.95,100.95,4331.0
2020-10-30 12:45:00,NSE:BIOFILCHEM,100.95,100.95,100.95,100.95,259.0
2020-10-30 13:30:00,NSE:BIOFILCHEM,100.95,100.95,100.95,100.95,1934.0
2020-10-30 14:15:00,NSE:BIOFILCHEM,100.95,100.95,100.95,100.95,2095.0
2020-10-30 15:00:00,NSE:BIOFILCHEM,100.95,100.95,100.95,100.95,12282.0
2020-11-02 09:00:00,NSE:BIOFILCHEM,95.95,95.95,95.95,95.95,23395.0
2020-11-02 09:45:00,NSE:BIOFILCHEM,95.95,95.95,95.95,95.95,5842.0
2020-11-02 10:30:00,NSE:BIOFILCHEM,95.95,95.95,95.95,95.95,2519.0
2020-11-02 11:15:00,NSE:BIOFILCHEM,95.95,95.95,95.95,95.95,1415.0
2020-11-02 12:00:00,NSE:BIOFILCHEM,95.95,95.95,95.95,95.95,1132.0
2020-11-02 12:45:00,NSE:BIOFILCHEM,95.95,95.95,95.95,95.95,1051.0
2020-11-02 13:30:00,NSE:BIOFILCHEM,95.95,95.95,95.95,95.95,883.0
2020-11-02 14:15:00,NSE:BIOFILCHEM,95.95,95.95,95.95,95.95,1999.0
2020-11-02 15:00:00,NSE:BIOFILCHEM,95.95,95.95,95.95,95.95,9844.0
2020-11-03 09:00:00,NSE:BIOFILCHEM,91.2,100.7,91.2,100.7,105859.0
2020-11-03 09:45:00,NSE:BIOFILCHEM,100.7,100.7,100.7,100.7,5125.0
2020-11-03 10:30:00,NSE:BIOFILCHEM,100.7,100.7,100.7,100.7,6025.0
2020-11-03 11:15:00,NSE:BIOFILCHEM,100.7,100.7,100.7,100.7,7014.0
2020-11-03 12:00:00,NSE:BIOFILCHEM,100.7,100.7,100.7,100.7,4170.0
2020-11-03 12:45:00,NSE:BIOFILCHEM,100.7,100.7,100.7,100.7,297.0
2020-11-03 13:30:00,NSE:BIOFILCHEM,100.7,100.7,100.7,100.7,2511.0
2020-11-03 14:15:00,NSE:BIOFILCHEM,100.7,100.7,100.7,100.7,897.0
2020-11-03 15:00:00,NSE:BIOFILCHEM,100.7,100.7,100.7,100.7,1231.0
2020-11-04 09:00:00,NSE:BIOFILCHEM,105.7,105.7,105.7,105.7,5573.0
2020-11-04 09:45:00,NSE:BIOFILCHEM,105.7,105.7,105.7,105.7,12395.0
2020-11-04 10:30:00,NSE:BIOFILCHEM,105.7,105.7,105.7,105.7,2149.0
2020-11-04 11:15:00,NSE:BIOFILCHEM,105.7,105.7,105.7,105.7,312.0
2020-11-04 12:00:00,NSE:BIOFILCHEM,105.7,105.7,105.7,105.7,991.0
2020-11-04 12:45:00,NSE:BIOFILCHEM,105.7,105.7,105.7,105.7,2499.0
2020-11-04 13:30:00,NSE:BIOFILCHEM,105.7,105.7,105.7,105.7,1639.0
2020-11-04 14:15:00,NSE:BIOFILCHEM,105.7,105.7,105.7,105.7,827.0
2020-11-04 15:00:00,NSE:BIOFILCHEM,105.7,105.7,105.7,105.7,676.0
2020-11-05 09:00:00,NSE:BIOFILCHEM,110.95,110.95,110.95,110.95,56494.0
2020-11-05 09:45:00,NSE:BIOFILCHEM,110.95,110.95,110.95,110.95,8869.0
2020-11-05 10:30:00,NSE:BIOFILCHEM,110.95,110.95,110.95,110.95,1889.0
2020-11-05 11:15:00,NSE:BIOFILCHEM,110.95,110.95,110.95,110.95,982.0
2020-11-05 12:00:00,NSE:BIOFILCHEM,110.95,110.95,110.95,110.95,1548.0
2020-11-05 12:45:00,NSE:BIOFILCHEM,110.95,110.95,110.95,110.95,368.0
2020-11-05 13:30:00,NSE:BIOFILCHEM,110.95,110.95,110.95,110.95,669.0
2020-11-05 14:15:00,NSE:BIOFILCHEM,110.95,110.95,110.95,110.95,506.0
2020-11-05 15:00:00,NSE:BIOFILCHEM,110.95,110.95,110.95,110.95,370.0
2020-11-06 09:00:00,NSE:BIOFILCHEM,116.45,116.45,113.2,116.45,136141.0
2020-11-06 09:45:00,NSE:BIOFILCHEM,116.4,116.45,115.35,116.45,29253.0
2020-11-06 10:30:00,NSE:BIOFILCHEM,116.45,116.45,116.45,116.45,3090.0
2020-11-06 11:15:00,NSE:BIOFILCHEM,116.45,116.45,116.45,116.45,3238.0
2020-11-06 12:00:00,NSE:BIOFILCHEM,116.45,116.45,116.45,116.45,2404.0
2020-11-06 12:45:00,NSE:BIOFILCHEM,116.45,116.45,116.45,116.45,1410.0
2020-11-06 13:30:00,NSE:BIOFILCHEM,116.45,116.45,116.45,116.45,698.0
2020-11-06 14:15:00,NSE:BIOFILCHEM,116.45,116.45,116.45,116.45,2036.0
2020-11-06 15:00:00,NSE:BIOFILCHEM,116.45,116.45,116.45,116.45,590.0
2020-11-09 09:00:00,NSE:BIOFILCHEM,122.25,122.25,122.25,122.25,33609.0
2020-11-09 09:45:00,NSE:BIOFILCHEM,122.25,122.25,122.25,122.25,2340.0
2020-11-09 10:30:00,NSE:BIOFILCHEM,122.25,122.25,122.25,122.25,2703.0
2020-11-09 11:15:00,NSE:BIOFILCHEM,122.25,122.25,122.25,122.25,2281.0
2020-11-09 12:00:00,NSE:BIOFILCHEM,122.25,122.25,122.25,122.25,338.0
2020-11-09 12:45:00,NSE:BIOFILCHEM,122.25,122.25,122.25,122.25,954.0
2020-11-09 13:30:00,NSE:BIOFILCHEM,122.25,122.25,122.25,122.25,1171.0
2020-11-09 14:15:00,NSE:BIOFILCHEM,122.25,122.25,122.25,122.25,934.0
2020-11-09 15:00:00,NSE:BIOFILCHEM,122.25,122.25,122.25,122.25,627.0
2020-11-10 09:00:00,NSE:BIOFILCHEM,128.35,128.35,128.35,128.35,17416.0
2020-11-10 09:45:00,NSE:BIOFILCHEM,128.35,128.35,128.35,128.35,4498.0
2020-11-10 10:30:00,NSE:BIOFILCHEM,128.35,128.35,128.35,128.35,3148.0
2020-11-10 11:15:00,NSE:BIOFILCHEM,128.35,128.35,128.35,128.35,1050.0
2020-11-10 12:00:00,NSE:BIOFILCHEM,128.35,128.35,128.35,128.35,2524.0
2020-11-10 12:45:00,NSE:BIOFILCHEM,128.35,128.35,128.35,128.35,1299.0
2020-11-10 13:30:00,NSE:BIOFILCHEM,128.35,128.35,128.35,128.35,1235.0
2020-11-10 14:15:00,NSE:BIOFILCHEM,128.35,128.35,128.35,128.35,5867.0
2020-11-10 15:00:00,NSE:BIOFILCHEM,128.35,128.35,128.35,128.35,10095.0
2020-11-11 09:00:00,NSE:BIOFILCHEM,134.75,134.75,121.95,121.95,65529.0
2020-11-11 09:45:00,NSE:BIOFILCHEM,121.95,121.95,121.95,121.95,11827.0
2020-11-11 10:30:00,NSE:BIOFILCHEM,121.95,121.95,121.95,121.95,2892.0
2020-11-11 11:15:00,NSE:BIOFILCHEM,121.95,121.95,121.95,121.95,6915.0
2020-11-11 12:00:00,NSE:BIOFILCHEM,121.95,121.95,121.95,121.95,1987.0
2020-11-11 12:45:00,NSE:BIOFILCHEM,121.95,121.95,121.95,121.95,3232.0
2020-11-11 13:30:00,NSE:BIOFILCHEM,121.95,121.95,121.95,121.95,1627.0
2020-11-11 14:15:00,NSE:BIOFILCHEM,121.95,121.95,121.95,121.95,5926.0
2020-11-11 15:00:00,NSE:BIOFILCHEM,121.95,121.95,121.95,121.95,2534.0
2020-11-12 09:00:00,NSE:BIOFILCHEM,115.9,115.9,115.9,115.9,31171.0
2020-11-12 09:45:00,NSE:BIOFILCHEM,115.9,128.0,115.9,128.0,106400.0
2020-11-12 10:30:00,NSE:BIOFILCHEM,128.0,128.0,128.0,128.0,4510.0
2020-11-12 11:15:00,NSE:BIOFILCHEM,128.0,128.0,128.0,128.0,1385.0
2020-11-12 12:00:00,NSE:BIOFILCHEM,128.0,128.0,128.0,128.0,1269.0
2020-11-12 12:45:00,NSE:BIOFILCHEM,128.0,128.0,128.0,128.0,1828.0
2020-11-12 13:30:00,NSE:BIOFILCHEM,128.0,128.0,128.0,128.0,2486.0
2020-11-12 14:15:00,NSE:BIOFILCHEM,128.0,128.0,128.0,128.0,1465.0
2020-11-12 15:00:00,NSE:BIOFILCHEM,128.0,128.0,128.0,128.0,6110.0
2020-11-13 09:00:00,NSE:BIOFILCHEM,134.0,134.4,133.0,134.4,68001.0
2020-11-13 09:45:00,NSE:BIOFILCHEM,134.4,134.4,134.4,134.4,4258.0
2020-11-13 10:30:00,NSE:BIOFILCHEM,134.4,134.4,134.4,134.4,1948.0
2020-11-13 11:15:00,NSE:BIOFILCHEM,134.4,134.4,134.4,134.4,678.0
2020-11-13 12:00:00,NSE:BIOFILCHEM,134.4,134.4,134.4,134.4,2131.0
2020-11-13 12:45:00,NSE:BIOFILCHEM,134.4,134.4,134.4,134.4,1497.0
2020-11-13 13:30:00,NSE:BIOFILCHEM,134.4,134.4,134.4,134.4,3232.0
2020-11-13 14:15:00,NSE:BIOFILCHEM,134.4,134.4,134.4,134.4,1062.0
2020-11-13 15:00:00,NSE:BIOFILCHEM,134.4,134.4,134.4,134.4,1788.0
2020-11-14 17:45:00,NSE:BIOFILCHEM,141.1,141.1,140.5,141.1,43412.0
2020-11-14 18:30:00,NSE:BIOFILCHEM,141.1,141.1,141.0,141.1,56264.0
2020-11-14 19:15:00,NSE:BIOFILCHEM,141.1,141.1,141.1,141.1,100.0
2020-11-17 09:00:00,NSE:BIOFILCHEM,148.15,148.15,148.15,148.15,28419.0
2020-11-17 09:45:00,NSE:BIOFILCHEM,148.15,148.15,148.15,148.15,4065.0
2020-11-17 10:30:00,NSE:BIOFILCHEM,148.15,148.15,148.15,148.15,17861.0
2020-11-17 11:15:00,NSE:BIOFILCHEM,148.15,148.15,148.15,148.15,5012.0
2020-11-17 12:00:00,NSE:BIOFILCHEM,148.15,148.15,148.15,148.15,2537.0
2020-11-17 12:45:00,NSE:BIOFILCHEM,148.15,148.15,148.15,148.15,723.0
2020-11-17 13:30:00,NSE:BIOFILCHEM,148.15,148.15,148.15,148.15,3825.0
2020-11-17 14:15:00,NSE:BIOFILCHEM,148.15,148.15,148.15,148.15,860.0
2020-11-17 15:00:00,NSE:BIOFILCHEM,148.15,148.15,148.15,148.15,2060.0
2020-11-18 09:00:00,NSE:BIOFILCHEM,155.55,155.55,155.55,155.55,37673.0
2020-11-18 09:45:00,NSE:BIOFILCHEM,155.55,155.55,155.55,155.55,6551.0
2020-11-18 10:30:00,NSE:BIOFILCHEM,155.55,155.55,155.55,155.55,2997.0
2020-11-18 11:15:00,NSE:BIOFILCHEM,155.55,155.55,155.55,155.55,1616.0
2020-11-18 12:00:00,NSE:BIOFILCHEM,155.55,155.55,155.55,155.55,2739.0
2020-11-18 12:45:00,NSE:BIOFILCHEM,155.55,155.55,155.55,155.55,619.0
2020-11-18 13:30:00,NSE:BIOFILCHEM,155.55,155.55,155.55,155.55,4825.0
2020-11-18 14:15:00,NSE:BIOFILCHEM,155.55,155.55,155.55,155.55,371.0
2020-11-18 15:00:00,NSE:BIOFILCHEM,155.55,155.55,155.55,155.55,839.0
2020-11-18 15:45:00,NSE:BIOFILCHEM,155.55,155.55,155.55,155.55,90.0
2020-11-19 09:00:00,NSE:BIOFILCHEM,163.3,163.3,163.0,163.3,51957.0
2020-11-19 09:45:00,NSE:BIOFILCHEM,163.3,163.3,163.3,163.3,11462.0
2020-11-19 10:30:00,NSE:BIOFILCHEM,163.3,163.3,163.3,163.3,4466.0
2020-11-19 11:15:00,NSE:BIOFILCHEM,163.3,163.3,163.3,163.3,1023.0
2020-11-19 12:00:00,NSE:BIOFILCHEM,163.3,163.3,163.3,163.3,549.0
2020-11-19 12:45:00,NSE:BIOFILCHEM,163.3,163.3,163.3,163.3,702.0
2020-11-19 13:30:00,NSE:BIOFILCHEM,163.3,163.3,163.3,163.3,1260.0
2020-11-19 14:15:00,NSE:BIOFILCHEM,163.3,163.3,163.3,163.3,7324.0
2020-11-19 15:00:00,NSE:BIOFILCHEM,163.3,163.3,163.3,163.3,5566.0
2020-11-20 09:00:00,NSE:BIOFILCHEM,171.45,171.45,171.45,171.45,34165.0
2020-11-20 09:45:00,NSE:BIOFILCHEM,171.45,171.45,171.45,171.45,2951.0
2020-11-20 10:30:00,NSE:BIOFILCHEM,171.45,171.45,171.45,171.45,2227.0
2020-11-20 11:15:00,NSE:BIOFILCHEM,171.45,171.45,171.45,171.45,2870.0
2020-11-20 12:00:00,NSE:BIOFILCHEM,171.45,171.45,171.45,171.45,546.0
2020-11-20 12:45:00,NSE:BIOFILCHEM,171.45,171.45,171.45,171.45,14713.0
2020-11-20 13:30:00,NSE:BIOFILCHEM,171.45,171.45,171.45,171.45,4819.0
2020-11-20 14:15:00,NSE:BIOFILCHEM,171.45,171.45,171.45,171.45,5241.0
2020-11-20 15:00:00,NSE:BIOFILCHEM,171.45,171.45,171.45,171.45,4356.0
2020-11-23 09:00:00,NSE:BIOFILCHEM,180.0,180.0,180.0,180.0,23751.0
2020-11-23 09:45:00,NSE:BIOFILCHEM,180.0,180.0,180.0,180.0,3591.0
2020-11-23 10:30:00,NSE:BIOFILCHEM,180.0,180.0,180.0,180.0,4185.0
2020-11-23 11:15:00,NSE:BIOFILCHEM,180.0,180.0,180.0,180.0,525.0
2020-11-23 12:00:00,NSE:BIOFILCHEM,180.0,180.0,180.0,180.0,436.0
2020-11-23 12:45:00,NSE:BIOFILCHEM,180.0,180.0,180.0,180.0,972.0
2020-11-23 13:30:00,NSE:BIOFILCHEM,180.0,180.0,180.0,180.0,727.0
2020-11-23 14:15:00,NSE:BIOFILCHEM,180.0,180.0,180.0,180.0,5521.0
2020-11-23 15:00:00,NSE:BIOFILCHEM,180.0,180.0,180.0,180.0,5080.0
2020-11-24 09:00:00,NSE:BIOFILCHEM,189.0,189.0,189.0,189.0,27116.0
2020-11-24 09:45:00,NSE:BIOFILCHEM,189.0,189.0,189.0,189.0,2986.0
2020-11-24 10:30:00,NSE:BIOFILCHEM,189.0,189.0,189.0,189.0,1434.0
2020-11-24 11:15:00,NSE:BIOFILCHEM,189.0,189.0,189.0,189.0,1389.0
2020-11-24 12:00:00,NSE:BIOFILCHEM,189.0,189.0,189.0,189.0,643.0
2020-11-24 12:45:00,NSE:BIOFILCHEM,189.0,189.0,189.0,189.0,728.0
2020-11-24 13:30:00,NSE:BIOFILCHEM,189.0,189.0,189.0,189.0,1221.0
2020-11-24 14:15:00,NSE:BIOFILCHEM,189.0,189.0,189.0,189.0,3898.0
2020-11-24 15:00:00,NSE:BIOFILCHEM,189.0,189.0,189.0,189.0,6354.0
2020-11-25 09:00:00,NSE:BIOFILCHEM,198.45,198.45,179.55,179.55,223293.0
2020-11-25 09:45:00,NSE:BIOFILCHEM,179.55,179.55,179.55,179.55,34378.0
2020-11-25 10:30:00,NSE:BIOFILCHEM,179.55,179.55,179.55,179.55,17399.0
2020-11-25 11:15:00,NSE:BIOFILCHEM,179.55,179.55,179.55,179.55,14060.0
2020-11-25 12:00:00,NSE:BIOFILCHEM,179.55,198.45,179.55,198.45,143583.0
2020-11-25 12:45:00,NSE:BIOFILCHEM,198.45,198.45,198.45,198.45,5718.0
2020-11-25 13:30:00,NSE:BIOFILCHEM,198.45,198.45,198.45,198.45,5412.0
2020-11-25 14:15:00,NSE:BIOFILCHEM,198.45,198.45,198.45,198.45,30460.0
2020-11-25 15:00:00,NSE:BIOFILCHEM,198.45,198.45,198.45,198.45,11610.0
2020-11-26 09:00:00,NSE:BIOFILCHEM,200.8,208.35,188.55,208.35,141662.0
2020-11-26 09:45:00,NSE:BIOFILCHEM,208.35,208.35,208.35,208.35,4351.0
2020-11-26 10:30:00,NSE:BIOFILCHEM,208.35,208.35,208.35,208.35,5527.0
2020-11-26 11:15:00,NSE:BIOFILCHEM,208.35,208.35,208.35,208.35,2265.0
2020-11-26 12:00:00,NSE:BIOFILCHEM,208.35,208.35,208.35,208.35,3350.0
2020-11-26 12:45:00,NSE:BIOFILCHEM,208.35,208.35,208.35,208.35,1202.0
2020-11-26 13:30:00,NSE:BIOFILCHEM,208.35,208.35,208.35,208.35,552.0
2020-11-26 14:15:00,NSE:BIOFILCHEM,208.35,208.35,208.35,208.35,573.0
2020-11-26 15:00:00,NSE:BIOFILCHEM,208.35,208.35,208.35,208.35,2307.0
2020-11-27 09:00:00,NSE:BIOFILCHEM,218.75,218.75,218.75,218.75,21330.0
2020-11-27 09:45:00,NSE:BIOFILCHEM,218.75,218.75,218.75,218.75,6352.0
2020-11-27 10:30:00,NSE:BIOFILCHEM,218.75,218.75,218.75,218.75,2431.0
2020-11-27 11:15:00,NSE:BIOFILCHEM,218.75,218.75,218.75,218.75,1266.0
2020-11-27 12:00:00,NSE:BIOFILCHEM,218.75,218.75,218.75,218.75,2160.0
2020-11-27 12:45:00,NSE:BIOFILCHEM,218.75,218.75,218.75,218.75,745.0
2020-11-27 13:30:00,NSE:BIOFILCHEM,218.75,218.75,218.75,218.75,2099.0
2020-11-27 14:15:00,NSE:BIOFILCHEM,218.75,218.75,218.75,218.75,3468.0
2020-11-27 15:00:00,NSE:BIOFILCHEM,218.75,218.75,218.75,218.75,2173.0
2020-12-01 09:00:00,NSE:BIOFILCHEM,229.65,229.65,207.85,229.65,248935.0
2020-12-01 09:45:00,NSE:BIOFILCHEM,229.65,229.65,229.65,229.65,7220.0
2020-12-01 10:30:00,NSE:BIOFILCHEM,229.65,229.65,229.65,229.65,699.0
2020-12-01 11:15:00,NSE:BIOFILCHEM,229.65,229.65,229.65,229.65,2269.0
2020-12-01 12:00:00,NSE:BIOFILCHEM,229.65,229.65,229.65,229.65,1004.0
2020-12-01 12:45:00,NSE:BIOFILCHEM,229.65,229.65,229.65,229.65,880.0
2020-12-01 13:30:00,NSE:BIOFILCHEM,229.65,229.65,229.65,229.65,1431.0
2020-12-01 14:15:00,NSE:BIOFILCHEM,229.65,229.65,229.65,229.65,1590.0
2020-12-01 15:00:00,NSE:BIOFILCHEM,229.65,229.65,229.65,229.65,1779.0
2020-12-02 09:00:00,NSE:BIOFILCHEM,241.1,241.1,241.1,241.1,29914.0
2020-12-02 09:45:00,NSE:BIOFILCHEM,241.1,241.1,241.1,241.1,4605.0
2020-12-02 10:30:00,NSE:BIOFILCHEM,241.1,241.1,241.1,241.1,1393.0
2020-12-02 11:15:00,NSE:BIOFILCHEM,241.1,241.1,241.1,241.1,1344.0
2020-12-02 12:00:00,NSE:BIOFILCHEM,241.1,241.1,241.1,241.1,2124.0
2020-12-02 12:45:00,NSE:BIOFILCHEM,241.1,241.1,241.1,241.1,2004.0
2020-12-02 13:30:00,NSE:BIOFILCHEM,241.1,241.1,241.1,241.1,793.0
2020-12-02 14:15:00,NSE:BIOFILCHEM,241.1,241.1,241.1,241.1,1190.0
2020-12-02 15:00:00,NSE:BIOFILCHEM,241.1,241.1,241.1,241.1,2497.0
2020-12-03 09:00:00,NSE:BIOFILCHEM,253.15,253.15,253.15,253.15,16541.0
2020-12-03 09:45:00,NSE:BIOFILCHEM,253.15,253.15,253.15,253.15,22821.0
2020-12-03 10:30:00,NSE:BIOFILCHEM,253.15,253.15,253.15,253.15,1036.0
2020-12-03 11:15:00,NSE:BIOFILCHEM,253.15,253.15,253.15,253.15,2605.0
2020-12-03 12:00:00,NSE:BIOFILCHEM,253.15,253.15,253.15,253.15,7448.0
2020-12-03 12:45:00,NSE:BIOFILCHEM,253.15,253.15,253.15,253.15,7444.0
2020-12-03 13:30:00,NSE:BIOFILCHEM,253.15,253.15,253.0,253.15,75635.0
2020-12-03 14:15:00,NSE:BIOFILCHEM,253.15,253.15,241.1,253.15,59741.0
2020-12-03 15:00:00,NSE:BIOFILCHEM,253.15,253.15,253.15,253.15,7525.0
2020-12-04 09:00:00,NSE:BIOFILCHEM,265.8,265.8,265.8,265.8,32215.0
2020-12-04 09:45:00,NSE:BIOFILCHEM,265.8,265.8,265.8,265.8,7688.0
2020-12-04 10:30:00,NSE:BIOFILCHEM,265.8,265.8,265.8,265.8,3251.0
2020-12-04 11:15:00,NSE:BIOFILCHEM,265.8,265.8,265.8,265.8,1559.0
2020-12-04 12:00:00,NSE:BIOFILCHEM,265.8,265.8,265.8,265.8,1203.0
2020-12-04 12:45:00,NSE:BIOFILCHEM,265.8,265.8,265.8,265.8,1594.0
2020-12-04 13:30:00,NSE:BIOFILCHEM,265.8,265.8,265.8,265.8,1804.0
2020-12-04 14:15:00,NSE:BIOFILCHEM,265.8,265.8,265.8,265.8,36396.0
2020-12-04 15:00:00,NSE:BIOFILCHEM,265.8,265.8,265.8,265.8,1852.0
2020-12-07 09:00:00,NSE:BIOFILCHEM,279.05,279.05,279.05,279.05,28553.0
2020-12-07 09:45:00,NSE:BIOFILCHEM,279.05,279.05,279.05,279.05,3957.0
2020-12-07 10:30:00,NSE:BIOFILCHEM,279.05,279.05,279.05,279.05,8798.0
2020-12-07 11:15:00,NSE:BIOFILCHEM,279.05,279.05,279.05,279.05,3245.0
2020-12-07 12:00:00,NSE:BIOFILCHEM,279.05,279.05,279.05,279.05,9834.0
2020-12-07 12:45:00,NSE:BIOFILCHEM,279.05,279.05,279.05,279.05,9773.0
2020-12-07 13:30:00,NSE:BIOFILCHEM,279.05,279.05,279.0,279.05,47936.0
2020-12-07 14:15:00,NSE:BIOFILCHEM,279.05,279.05,279.0,279.05,21230.0
2020-12-07 15:00:00,NSE:BIOFILCHEM,279.05,279.05,279.05,279.05,1556.0
2020-12-08 09:00:00,NSE:BIOFILCHEM,293.0,293.0,293.0,293.0,23855.0
2020-12-08 09:45:00,NSE:BIOFILCHEM,293.0,293.0,293.0,293.0,2737.0
2020-12-08 10:30:00,NSE:BIOFILCHEM,293.0,293.0,293.0,293.0,8454.0
2020-12-08 11:15:00,NSE:BIOFILCHEM,293.0,293.0,293.0,293.0,16654.0
2020-12-08 12:00:00,NSE:BIOFILCHEM,293.0,293.0,293.0,293.0,7730.0
2020-12-08 12:45:00,NSE:BIOFILCHEM,293.0,293.0,293.0,293.0,6590.0
2020-12-08 13:30:00,NSE:BIOFILCHEM,293.0,293.0,293.0,293.0,10218.0
2020-12-08 14:15:00,NSE:BIOFILCHEM,293.0,293.0,293.0,293.0,3596.0
2020-12-08 15:00:00,NSE:BIOFILCHEM,293.0,293.0,293.0,293.0,1103.0
2020-12-09 09:00:00,NSE:BIOFILCHEM,307.65,307.65,307.65,307.65,12727.0
2020-12-09 09:45:00,NSE:BIOFILCHEM,307.65,307.65,307.65,307.65,3410.0
2020-12-09 10:30:00,NSE:BIOFILCHEM,307.65,307.65,307.65,307.65,2086.0
2020-12-09 11:15:00,NSE:BIOFILCHEM,307.65,307.65,307.65,307.65,13113.0
2020-12-09 12:00:00,NSE:BIOFILCHEM,307.65,307.65,307.65,307.65,8592.0
2020-12-09 12:45:00,NSE:BIOFILCHEM,307.65,307.65,307.65,307.65,6642.0
2020-12-09 13:30:00,NSE:BIOFILCHEM,307.65,307.65,307.65,307.65,7348.0
2020-12-09 14:15:00,NSE:BIOFILCHEM,307.65,307.65,307.65,307.65,3399.0
2020-12-09 15:00:00,NSE:BIOFILCHEM,307.65,307.65,307.65,307.65,951.0
2020-12-10 09:00:00,NSE:BIOFILCHEM,323.0,323.0,323.0,323.0,12298.0
2020-12-10 09:45:00,NSE:BIOFILCHEM,323.0,323.0,323.0,323.0,7358.0
2020-12-10 10:30:00,NSE:BIOFILCHEM,323.0,323.0,323.0,323.0,7194.0
2020-12-10 11:15:00,NSE:BIOFILCHEM,323.0,323.0,323.0,323.0,5324.0
2020-12-10 12:00:00,NSE:BIOFILCHEM,323.0,323.0,323.0,323.0,4370.0
2020-12-10 12:45:00,NSE:BIOFILCHEM,323.0,323.0,323.0,323.0,3147.0
2020-12-10 13:30:00,NSE:BIOFILCHEM,323.0,323.0,323.0,323.0,1924.0
2020-12-10 14:15:00,NSE:BIOFILCHEM,323.0,323.0,323.0,323.0,2700.0
2020-12-10 15:00:00,NSE:BIOFILCHEM,323.0,323.0,323.0,323.0,2751.0
2020-12-11 09:00:00,NSE:BIOFILCHEM,339.15,339.15,339.15,339.15,23486.0
2020-12-11 09:45:00,NSE:BIOFILCHEM,339.15,339.15,339.15,339.15,9622.0
2020-12-11 10:30:00,NSE:BIOFILCHEM,339.15,339.15,339.15,339.15,9391.0
2020-12-11 11:15:00,NSE:BIOFILCHEM,339.15,339.15,339.15,339.15,6192.0
2020-12-11 12:00:00,NSE:BIOFILCHEM,339.15,339.15,339.15,339.15,6437.0
2020-12-11 12:45:00,NSE:BIOFILCHEM,339.15,339.15,339.15,339.15,1284.0
2020-12-11 13:30:00,NSE:BIOFILCHEM,339.15,339.15,339.15,339.15,6033.0
2020-12-11 14:15:00,NSE:BIOFILCHEM,339.15,339.15,339.15,339.15,4506.0
2020-12-11 15:00:00,NSE:BIOFILCHEM,339.15,339.15,339.15,339.15,2249.0
2020-12-11 15:45:00,NSE:BIOFILCHEM,339.15,339.15,339.15,339.15,515.0
2020-12-14 09:00:00,NSE:BIOFILCHEM,356.1,356.1,345.95,356.1,78507.0
2020-12-14 09:45:00,NSE:BIOFILCHEM,356.1,356.1,356.1,356.1,10033.0
2020-12-14 10:30:00,NSE:BIOFILCHEM,356.1,356.1,322.2,322.2,81179.0
2020-12-14 11:15:00,NSE:BIOFILCHEM,322.2,322.2,322.2,322.2,28390.0
2020-12-14 12:00:00,NSE:BIOFILCHEM,322.2,322.2,322.2,322.2,13184.0
2020-12-14 12:45:00,NSE:BIOFILCHEM,322.2,322.2,322.2,322.2,12101.0
2020-12-14 13:30:00,NSE:BIOFILCHEM,322.2,322.2,322.2,322.2,3961.0
2020-12-14 14:15:00,NSE:BIOFILCHEM,322.2,322.2,322.2,322.2,5059.0
2020-12-14 15:00:00,NSE:BIOFILCHEM,322.2,322.2,322.2,322.2,6483.0
2020-12-15 09:00:00,NSE:BIOFILCHEM,306.1,306.1,306.1,306.1,6354.0
2020-12-15 09:45:00,NSE:BIOFILCHEM,306.1,306.1,306.1,306.1,3014.0
2020-12-15 10:30:00,NSE:BIOFILCHEM,306.1,306.1,306.1,306.1,3161.0
2020-12-15 11:15:00,NSE:BIOFILCHEM,306.1,306.1,306.1,306.1,661.0
2020-12-15 12:00:00,NSE:BIOFILCHEM,306.1,306.1,306.1,306.1,2005.0
2020-12-15 12:45:00,NSE:BIOFILCHEM,306.1,306.1,306.1,306.1,527.0
2020-12-15 13:30:00,NSE:BIOFILCHEM,306.1,306.1,306.1,306.1,849.0
2020-12-15 14:15:00,NSE:BIOFILCHEM,306.1,306.1,306.1,306.1,2313.0
2020-12-15 15:00:00,NSE:BIOFILCHEM,306.1,306.1,306.1,306.1,858.0
2020-12-16 09:00:00,NSE:BIOFILCHEM,290.8,290.8,290.8,290.8,7382.0
2020-12-16 09:45:00,NSE:BIOFILCHEM,290.8,290.8,290.8,290.8,3313.0
2020-12-16 10:30:00,NSE:BIOFILCHEM,290.8,290.8,290.8,290.8,666.0
2020-12-16 11:15:00,NSE:BIOFILCHEM,290.8,290.8,290.8,290.8,1417.0
2020-12-16 12:00:00,NSE:BIOFILCHEM,290.8,290.8,290.8,290.8,911.0
2020-12-16 12:45:00,NSE:BIOFILCHEM,290.8,290.8,290.8,290.8,198.0
2020-12-16 13:30:00,NSE:BIOFILCHEM,290.8,290.8,290.8,290.8,513.0
2020-12-16 14:15:00,NSE:BIOFILCHEM,290.8,290.8,290.8,290.8,1169.0
2020-12-16 15:00:00,NSE:BIOFILCHEM,290.8,290.8,290.8,290.8,6998.0
2020-12-17 09:00:00,NSE:BIOFILCHEM,276.3,276.3,276.3,276.3,4779.0
2020-12-17 09:45:00,NSE:BIOFILCHEM,276.3,276.3,276.3,276.3,1394.0
2020-12-17 10:30:00,NSE:BIOFILCHEM,276.3,276.3,276.3,276.3,1000.0
2020-12-17 11:15:00,NSE:BIOFILCHEM,276.3,276.3,276.3,276.3,543.0
2020-12-17 12:00:00,NSE:BIOFILCHEM,276.3,276.3,276.3,276.3,1171.0
2020-12-17 12:45:00,NSE:BIOFILCHEM,276.3,276.3,276.3,276.3,660.0
2020-12-17 13:30:00,NSE:BIOFILCHEM,276.3,276.3,276.3,276.3,633.0
2020-12-17 14:15:00,NSE:BIOFILCHEM,276.3,276.3,276.3,276.3,1049.0
2020-12-17 15:00:00,NSE:BIOFILCHEM,276.3,276.3,276.3,276.3,531.0
2020-12-17 15:45:00,NSE:BIOFILCHEM,276.3,276.3,276.3,276.3,2.0
2020-12-18 09:00:00,NSE:BIOFILCHEM,262.5,262.5,262.5,262.5,2307.0
2020-12-18 09:45:00,NSE:BIOFILCHEM,262.5,262.5,262.5,262.5,967.0
2020-12-18 10:30:00,NSE:BIOFILCHEM,262.5,262.5,262.5,262.5,1253.0
2020-12-18 11:15:00,NSE:BIOFILCHEM,262.5,262.5,262.5,262.5,393.0
2020-12-18 12:00:00,NSE:BIOFILCHEM,262.5,262.5,262.5,262.5,474.0
2020-12-18 12:45:00,NSE:BIOFILCHEM,262.5,262.5,262.5,262.5,405.0
2020-12-18 13:30:00,NSE:BIOFILCHEM,262.5,262.5,262.5,262.5,949.0
2020-12-18 14:15:00,NSE:BIOFILCHEM,262.5,262.5,262.5,262.5,519.0
2020-12-18 15:00:00,NSE:BIOFILCHEM,262.5,262.5,262.5,262.5,431.0
2020-12-21 09:00:00,NSE:BIOFILCHEM,249.4,249.4,249.4,249.4,3261.0
2020-12-21 09:45:00,NSE:BIOFILCHEM,249.4,249.4,249.4,249.4,876.0
2020-12-21 10:30:00,NSE:BIOFILCHEM,249.4,249.4,249.4,249.4,479.0
2020-12-21 11:15:00,NSE:BIOFILCHEM,249.4,249.4,249.4,249.4,173.0
2020-12-21 12:00:00,NSE:BIOFILCHEM,249.4,249.4,249.4,249.4,424.0
2020-12-21 12:45:00,NSE:BIOFILCHEM,249.4,249.4,249.4,249.4,258.0
2020-12-21 13:30:00,NSE:BIOFILCHEM,249.4,249.4,249.4,249.4,139.0
2020-12-21 14:15:00,NSE:BIOFILCHEM,249.4,249.4,249.4,249.4,100.0
2020-12-21 15:00:00,NSE:BIOFILCHEM,249.4,249.4,249.4,249.4,389.0
2020-12-21 15:45:00,NSE:BIOFILCHEM,249.4,249.4,249.4,249.4,5.0
2020-12-22 09:00:00,NSE:BIOFILCHEM,236.95,236.95,236.95,236.95,1462.0
2020-12-22 09:45:00,NSE:BIOFILCHEM,236.95,236.95,236.95,236.95,777.0
2020-12-22 10:30:00,NSE:BIOFILCHEM,236.95,236.95,236.95,236.95,295.0
2020-12-22 11:15:00,NSE:BIOFILCHEM,236.95,236.95,236.95,236.95,285.0
2020-12-22 12:00:00,NSE:BIOFILCHEM,236.95,236.95,236.95,236.95,110.0
2020-12-22 12:45:00,NSE:BIOFILCHEM,236.95,236.95,236.95,236.95,146.0
2020-12-22 13:30:00,NSE:BIOFILCHEM,236.95,236.95,236.95,236.95,186.0
2020-12-22 14:15:00,NSE:BIOFILCHEM,236.95,236.95,236.95,236.95,1031.0
2020-12-22 15:00:00,NSE:BIOFILCHEM,236.95,236.95,236.95,236.95,327.0
2020-12-23 09:00:00,NSE:BIOFILCHEM,225.15,225.15,225.15,225.15,3658.0
2020-12-23 09:45:00,NSE:BIOFILCHEM,225.15,225.15,225.15,225.15,591.0
2020-12-23 10:30:00,NSE:BIOFILCHEM,225.15,225.15,225.15,225.15,454.0
2020-12-23 11:15:00,NSE:BIOFILCHEM,225.15,225.15,225.15,225.15,804.0
2020-12-23 12:00:00,NSE:BIOFILCHEM,225.15,225.15,225.15,225.15,980.0
2020-12-23 12:45:00,NSE:BIOFILCHEM,225.15,225.15,225.15,225.15,3551.0
2020-12-23 13:30:00,NSE:BIOFILCHEM,225.15,225.15,225.15,225.15,373.0
2020-12-23 14:15:00,NSE:BIOFILCHEM,225.15,225.15,225.15,225.15,747.0
2020-12-23 15:00:00,NSE:BIOFILCHEM,225.15,225.15,225.15,225.15,871.0
2020-12-24 09:00:00,NSE:BIOFILCHEM,213.9,213.9,213.9,213.9,5870.0
2020-12-24 09:45:00,NSE:BIOFILCHEM,213.9,213.9,213.9,213.9,1490.0
2020-12-24 10:30:00,NSE:BIOFILCHEM,213.9,213.9,213.9,213.9,735.0
2020-12-24 11:15:00,NSE:BIOFILCHEM,213.9,213.9,213.9,213.9,232.0
2020-12-24 12:00:00,NSE:BIOFILCHEM,213.9,213.9,213.9,213.9,1160.0
2020-12-24 12:45:00,NSE:BIOFILCHEM,213.9,213.9,213.9,213.9,189.0
2020-12-24 13:30:00,NSE:BIOFILCHEM,213.9,213.9,213.9,213.9,493.0
2020-12-24 14:15:00,NSE:BIOFILCHEM,213.9,213.9,213.9,213.9,2281.0
2020-12-24 15:00:00,NSE:BIOFILCHEM,213.9,213.9,213.9,213.9,328.0
2020-12-28 09:00:00,NSE:BIOFILCHEM,203.25,203.25,203.25,203.25,8611.0
2020-12-28 09:45:00,NSE:BIOFILCHEM,203.25,203.25,203.25,203.25,1767.0
2020-12-28 10:30:00,NSE:BIOFILCHEM,203.25,203.25,203.25,203.25,1170.0
2020-12-28 11:15:00,NSE:BIOFILCHEM,203.25,203.25,203.25,203.25,549.0
2020-12-28 12:00:00,NSE:BIOFILCHEM,203.25,203.25,203.25,203.25,840.0
2020-12-28 12:45:00,NSE:BIOFILCHEM,203.25,203.25,203.25,203.25,447.0
2020-12-28 13:30:00,NSE:BIOFILCHEM,203.25,203.25,203.25,203.25,690.0
2020-12-28 14:15:00,NSE:BIOFILCHEM,203.25,203.25,203.25,203.25,1835.0
2020-12-28 15:00:00,NSE:BIOFILCHEM,203.25,203.25,203.25,203.25,1024.0
2020-12-28 15:45:00,NSE:BIOFILCHEM,203.25,203.25,203.25,203.25,20.0
2020-12-29 09:00:00,NSE:BIOFILCHEM,193.1,193.1,193.1,193.1,7542.0
2020-12-29 09:45:00,NSE:BIOFILCHEM,193.1,193.1,193.1,193.1,2020.0
2020-12-29 10:30:00,NSE:BIOFILCHEM,193.1,193.1,193.1,193.1,687.0
2020-12-29 11:15:00,NSE:BIOFILCHEM,193.1,193.1,193.1,193.1,1168.0
2020-12-29 12:00:00,NSE:BIOFILCHEM,193.1,193.1,193.1,193.1,520.0
2020-12-29 12:45:00,NSE:BIOFILCHEM,193.1,193.1,193.1,193.1,1080.0
2020-12-29 13:30:00,NSE:BIOFILCHEM,193.1,193.1,193.1,193.1,594.0
2020-12-29 14:15:00,NSE:BIOFILCHEM,193.1,193.1,193.1,193.1,446.0
2020-12-29 15:00:00,NSE:BIOFILCHEM,193.1,193.1,193.1,193.1,4301.0
2020-12-30 09:00:00,NSE:BIOFILCHEM,183.45,183.45,183.45,183.45,3600.0
2020-12-30 09:45:00,NSE:BIOFILCHEM,183.45,183.45,183.45,183.45,1191.0
2020-12-30 10:30:00,NSE:BIOFILCHEM,183.45,183.45,183.45,183.45,870.0
2020-12-30 11:15:00,NSE:BIOFILCHEM,183.45,183.45,183.45,183.45,1522.0
2020-12-30 12:00:00,NSE:BIOFILCHEM,183.45,183.45,183.45,183.45,387.0
2020-12-30 12:45:00,NSE:BIOFILCHEM,183.45,183.45,183.45,183.45,141.0
2020-12-30 13:30:00,NSE:BIOFILCHEM,183.45,183.45,183.45,183.45,457.0
2020-12-30 14:15:00,NSE:BIOFILCHEM,183.45,183.45,183.45,183.45,600.0
2020-12-30 15:00:00,NSE:BIOFILCHEM,183.45,183.45,183.45,183.45,1264.0
2020-12-31 09:00:00,NSE:BIOFILCHEM,174.3,174.3,174.3,174.3,4027.0
2020-12-31 09:45:00,NSE:BIOFILCHEM,174.3,174.3,174.3,174.3,1262.0
2020-12-31 10:30:00,NSE:BIOFILCHEM,174.3,174.3,174.3,174.3,1424.0
2020-12-31 11:15:00,NSE:BIOFILCHEM,174.3,174.3,174.3,174.3,448.0
2020-12-31 12:00:00,NSE:BIOFILCHEM,174.3,174.3,174.3,174.3,434.0
2020-12-31 12:45:00,NSE:BIOFILCHEM,174.3,174.3,174.3,174.3,265.0
2020-12-31 13:30:00,NSE:BIOFILCHEM,174.3,174.3,174.3,174.3,361.0
2020-12-31 14:15:00,NSE:BIOFILCHEM,174.3,174.3,174.3,174.3,455.0
2020-12-31 15:00:00,NSE:BIOFILCHEM,174.3,174.3,174.3,174.3,2957.0
2021-01-01 09:00:00,NSE:BIOFILCHEM,165.6,183.0,165.6,183.0,391361.0
2021-01-01 09:45:00,NSE:BIOFILCHEM,183.0,183.0,183.0,183.0,48304.0
2021-01-01 10:30:00,NSE:BIOFILCHEM,183.0,183.0,183.0,183.0,21854.0
2021-01-01 11:15:00,NSE:BIOFILCHEM,183.0,183.0,183.0,183.0,14356.0
2021-01-01 12:00:00,NSE:BIOFILCHEM,183.0,183.0,183.0,183.0,9387.0
2021-01-01 12:45:00,NSE:BIOFILCHEM,183.0,183.0,183.0,183.0,16388.0
2021-01-01 13:30:00,NSE:BIOFILCHEM,183.0,183.0,183.0,183.0,8292.0
2021-01-01 14:15:00,NSE:BIOFILCHEM,183.0,183.0,183.0,183.0,8826.0
2021-01-01 15:00:00,NSE:BIOFILCHEM,183.0,183.0,183.0,183.0,4517.0
2021-01-01 15:45:00,NSE:BIOFILCHEM,183.0,183.0,183.0,183.0,20.0
2021-01-04 09:00:00,NSE:BIOFILCHEM,192.15,192.15,192.15,192.15,237206.0
2021-01-04 09:45:00,NSE:BIOFILCHEM,192.15,192.15,192.15,192.15,4215.0
2021-01-04 10:30:00,NSE:BIOFILCHEM,192.15,192.15,192.15,192.15,8536.0
2021-01-04 11:15:00,NSE:BIOFILCHEM,192.15,192.15,192.15,192.15,2482.0
2021-01-04 12:00:00,NSE:BIOFILCHEM,192.15,192.15,192.15,192.15,2050.0
2021-01-04 12:45:00,NSE:BIOFILCHEM,192.15,192.15,192.15,192.15,2048.0
2021-01-04 13:30:00,NSE:BIOFILCHEM,192.15,192.15,192.15,192.15,1177.0
2021-01-04 14:15:00,NSE:BIOFILCHEM,192.15,192.15,192.15,192.15,2111.0
2021-01-04 15:00:00,NSE:BIOFILCHEM,192.15,192.15,192.15,192.15,506.0
2021-01-05 09:00:00,NSE:BIOFILCHEM,201.75,201.75,195.0,201.75,137279.0
2021-01-05 09:45:00,NSE:BIOFILCHEM,201.75,201.75,201.75,201.75,4076.0
2021-01-05 10:30:00,NSE:BIOFILCHEM,201.75,201.75,201.75,201.75,4048.0
2021-01-05 11:15:00,NSE:BIOFILCHEM,201.75,201.75,201.75,201.75,6152.0
2021-01-05 12:00:00,NSE:BIOFILCHEM,201.75,201.75,201.75,201.75,3176.0
2021-01-05 12:45:00,NSE:BIOFILCHEM,201.75,201.75,201.75,201.75,678.0
2021-01-05 13:30:00,NSE:BIOFILCHEM,201.75,201.75,201.75,201.75,572.0
2021-01-05 14:15:00,NSE:BIOFILCHEM,201.75,201.75,201.75,201.75,902.0
2021-01-05 15:00:00,NSE:BIOFILCHEM,201.75,201.75,201.75,201.75,194.0
2021-01-06 09:00:00,NSE:BIOFILCHEM,211.8,211.8,211.8,211.8,9332.0
2021-01-06 09:45:00,NSE:BIOFILCHEM,211.8,211.8,211.8,211.8,3185.0
2021-01-06 10:30:00,NSE:BIOFILCHEM,211.8,211.8,211.8,211.8,3877.0
2021-01-06 11:15:00,NSE:BIOFILCHEM,211.8,211.8,211.8,211.8,3182.0
2021-01-06 12:00:00,NSE:BIOFILCHEM,211.8,211.8,211.8,211.8,1064.0
2021-01-06 12:45:00,NSE:BIOFILCHEM,211.8,211.8,211.8,211.8,2191.0
2021-01-06 13:30:00,NSE:BIOFILCHEM,211.8,211.8,191.7,194.0,117563.0
2021-01-06 14:15:00,NSE:BIOFILCHEM,194.0,194.0,191.7,191.7,48870.0
2021-01-06 15:00:00,NSE:BIOFILCHEM,191.7,191.7,191.7,191.7,17726.0
2021-01-06 15:45:00,NSE:BIOFILCHEM,191.7,191.7,191.7,191.7,5.0
2021-01-07 09:00:00,NSE:BIOFILCHEM,182.15,182.15,182.15,182.15,21694.0
2021-01-07 09:45:00,NSE:BIOFILCHEM,182.15,182.15,182.15,182.15,10778.0
2021-01-07 10:30:00,NSE:BIOFILCHEM,182.15,182.15,182.15,182.15,6884.0
2021-01-07 11:15:00,NSE:BIOFILCHEM,182.15,182.15,182.15,182.15,4213.0
2021-01-07 12:00:00,NSE:BIOFILCHEM,182.15,182.15,182.15,182.15,2100.0
2021-01-07 12:45:00,NSE:BIOFILCHEM,182.15,182.15,182.15,182.15,2018.0
2021-01-07 13:30:00,NSE:BIOFILCHEM,182.15,182.15,182.15,182.15,4164.0
2021-01-07 14:15:00,NSE:BIOFILCHEM,182.15,182.15,182.15,182.15,7538.0
2021-01-07 15:00:00,NSE:BIOFILCHEM,182.15,182.15,182.15,182.15,5077.0
2021-01-08 09:00:00,NSE:BIOFILCHEM,173.05,173.05,173.05,173.05,20713.0
2021-01-08 09:45:00,NSE:BIOFILCHEM,173.05,173.05,173.05,173.05,6602.0
2021-01-08 10:30:00,NSE:BIOFILCHEM,173.05,173.05,173.05,173.05,5297.0
2021-01-08 11:15:00,NSE:BIOFILCHEM,173.05,173.05,173.05,173.05,5867.0
2021-01-08 12:00:00,NSE:BIOFILCHEM,173.05,173.05,173.05,173.05,1149.0
2021-01-08 12:45:00,NSE:BIOFILCHEM,173.05,173.05,173.05,173.05,2076.0
2021-01-08 13:30:00,NSE:BIOFILCHEM,173.05,173.05,173.05,173.05,1598.0
2021-01-08 14:15:00,NSE:BIOFILCHEM,173.05,173.05,173.05,173.05,3997.0
2021-01-08 15:00:00,NSE:BIOFILCHEM,173.05,173.05,173.05,173.05,2508.0
2021-01-08 15:45:00,NSE:BIOFILCHEM,173.05,173.05,173.05,173.05,170.0
2021-01-11 09:00:00,NSE:BIOFILCHEM,164.4,164.4,164.4,164.4,19347.0
2021-01-11 09:45:00,NSE:BIOFILCHEM,164.4,164.4,164.4,164.4,4085.0
2021-01-11 10:30:00,NSE:BIOFILCHEM,164.4,164.4,164.4,164.4,2404.0
2021-01-11 11:15:00,NSE:BIOFILCHEM,164.4,164.4,164.4,164.4,3688.0
2021-01-11 12:00:00,NSE:BIOFILCHEM,164.4,164.4,164.4,164.4,1501.0
2021-01-11 12:45:00,NSE:BIOFILCHEM,164.4,164.4,164.4,164.4,1121.0
2021-01-11 13:30:00,NSE:BIOFILCHEM,164.4,164.4,164.4,164.4,1711.0
2021-01-11 14:15:00,NSE:BIOFILCHEM,164.4,164.4,164.4,164.4,6232.0
2021-01-11 15:00:00,NSE:BIOFILCHEM,164.4,164.4,164.4,164.4,1830.0
2021-01-12 09:00:00,NSE:BIOFILCHEM,156.2,156.2,156.2,156.2,11506.0
2021-01-12 09:45:00,NSE:BIOFILCHEM,156.2,156.2,156.2,156.2,2671.0
2021-01-12 10:30:00,NSE:BIOFILCHEM,156.2,156.2,156.2,156.2,1967.0
2021-01-12 11:15:00,NSE:BIOFILCHEM,156.2,156.2,156.2,156.2,1146.0
2021-01-12 12:00:00,NSE:BIOFILCHEM,156.2,156.2,156.2,156.2,2129.0
2021-01-12 12:45:00,NSE:BIOFILCHEM,156.2,156.2,156.2,156.2,3891.0
2021-01-12 13:30:00,NSE:BIOFILCHEM,156.2,156.2,156.2,156.2,2451.0
2021-01-12 14:15:00,NSE:BIOFILCHEM,156.2,156.2,156.2,156.2,2295.0
2021-01-12 15:00:00,NSE:BIOFILCHEM,156.2,156.2,156.2,156.2,1266.0
2021-01-12 15:45:00,NSE:BIOFILCHEM,156.2,156.2,156.2,156.2,25.0
2021-01-13 09:00:00,NSE:BIOFILCHEM,148.4,148.4,148.4,148.4,9661.0
2021-01-13 09:45:00,NSE:BIOFILCHEM,148.4,148.4,148.4,148.4,3780.0
2021-01-13 10:30:00,NSE:BIOFILCHEM,148.4,148.4,148.4,148.4,2311.0
2021-01-13 11:15:00,NSE:BIOFILCHEM,148.4,148.4,148.4,148.4,1386.0
2021-01-13 12:00:00,NSE:BIOFILCHEM,148.4,148.4,148.4,148.4,6769.0
2021-01-13 12:45:00,NSE:BIOFILCHEM,148.4,148.4,148.4,148.4,911.0
2021-01-13 13:30:00,NSE:BIOFILCHEM,148.4,148.4,148.4,148.4,693.0
2021-01-13 14:15:00,NSE:BIOFILCHEM,148.4,164.0,148.4,164.0,210119.0
2021-01-13 15:00:00,NSE:BIOFILCHEM,164.0,164.0,164.0,164.0,35062.0
2021-01-13 15:45:00,NSE:BIOFILCHEM,164.0,164.0,164.0,164.0,737.0
2021-01-14 09:00:00,NSE:BIOFILCHEM,167.9,169.8,155.8,155.8,82230.0
2021-01-14 09:45:00,NSE:BIOFILCHEM,155.8,155.8,155.8,155.8,5355.0
2021-01-14 10:30:00,NSE:BIOFILCHEM,155.8,155.8,155.8,155.8,3253.0
2021-01-14 11:15:00,NSE:BIOFILCHEM,155.8,155.8,155.8,155.8,2588.0
2021-01-14 12:00:00,NSE:BIOFILCHEM,155.8,155.8,155.8,155.8,2820.0
2021-01-14 12:45:00,NSE:BIOFILCHEM,155.8,155.8,155.8,155.8,1623.0
2021-01-14 13:30:00,NSE:BIOFILCHEM,155.8,155.8,155.8,155.8,1526.0
2021-01-14 14:15:00,NSE:BIOFILCHEM,155.8,155.8,155.8,155.8,1603.0
2021-01-14 15:00:00,NSE:BIOFILCHEM,155.8,155.8,155.8,155.8,3038.0
2021-01-15 09:00:00,NSE:BIOFILCHEM,148.05,148.05,148.05,148.05,11825.0
2021-01-15 09:45:00,NSE:BIOFILCHEM,148.05,148.05,148.05,148.05,2380.0
2021-01-15 10:30:00,NSE:BIOFILCHEM,148.05,148.05,148.05,148.05,1225.0
2021-01-15 11:15:00,NSE:BIOFILCHEM,148.05,148.05,148.05,148.05,1917.0
2021-01-15 12:00:00,NSE:BIOFILCHEM,148.05,148.05,148.05,148.05,1404.0
2021-01-15 12:45:00,NSE:BIOFILCHEM,148.05,148.05,148.05,148.05,1215.0
2021-01-15 13:30:00,NSE:BIOFILCHEM,148.05,148.05,148.05,148.05,948.0
2021-01-15 14:15:00,NSE:BIOFILCHEM,148.05,148.05,148.05,148.05,2392.0
2021-01-15 15:00:00,NSE:BIOFILCHEM,148.05,148.05,148.05,148.05,1822.0
2021-01-18 09:00:00,NSE:BIOFILCHEM,140.65,140.65,140.65,140.65,7303.0
2021-01-18 09:45:00,NSE:BIOFILCHEM,140.65,140.65,140.65,140.65,2287.0
2021-01-18 10:30:00,NSE:BIOFILCHEM,140.65,140.65,140.65,140.65,1033.0
2021-01-18 11:15:00,NSE:BIOFILCHEM,140.65,140.65,140.65,140.65,3937.0
2021-01-18 12:00:00,NSE:BIOFILCHEM,140.65,140.65,140.65,140.65,754.0
2021-01-18 12:45:00,NSE:BIOFILCHEM,140.65,140.65,140.65,140.65,1176.0
2021-01-18 13:30:00,NSE:BIOFILCHEM,140.65,140.65,140.65,140.65,542.0
2021-01-18 14:15:00,NSE:BIOFILCHEM,140.65,140.65,140.65,140.65,938.0
2021-01-18 15:00:00,NSE:BIOFILCHEM,140.65,140.65,140.65,140.65,651.0
2021-01-19 09:00:00,NSE:BIOFILCHEM,133.65,133.65,133.65,133.65,8893.0
2021-01-19 09:45:00,NSE:BIOFILCHEM,133.65,133.65,133.65,133.65,2178.0
2021-01-19 10:30:00,NSE:BIOFILCHEM,133.65,133.65,133.65,133.65,2619.0
2021-01-19 11:15:00,NSE:BIOFILCHEM,133.65,133.65,133.65,133.65,1029.0
2021-01-19 12:00:00,NSE:BIOFILCHEM,133.65,133.65,133.65,133.65,3478.0
2021-01-19 12:45:00,NSE:BIOFILCHEM,133.65,133.65,133.65,133.65,869.0
2021-01-19 13:30:00,NSE:BIOFILCHEM,133.65,133.65,133.65,133.65,1089.0
2021-01-19 14:15:00,NSE:BIOFILCHEM,133.65,133.65,133.65,133.65,876.0
2021-01-19 15:00:00,NSE:BIOFILCHEM,133.65,133.65,133.65,133.65,2341.0
2021-01-19 15:45:00,NSE:BIOFILCHEM,133.65,133.65,133.65,133.65,1.0
2021-01-20 09:00:00,NSE:BIOFILCHEM,127.0,127.0,127.0,127.0,8695.0
2021-01-20 09:45:00,NSE:BIOFILCHEM,127.0,127.0,127.0,127.0,5321.0
2021-01-20 10:30:00,NSE:BIOFILCHEM,127.0,127.0,127.0,127.0,5246.0
2021-01-20 11:15:00,NSE:BIOFILCHEM,127.0,127.0,127.0,127.0,2312.0
2021-01-20 12:00:00,NSE:BIOFILCHEM,127.0,127.0,127.0,127.0,6116.0
2021-01-20 12:45:00,NSE:BIOFILCHEM,127.0,127.0,127.0,127.0,1034.0
2021-01-20 13:30:00,NSE:BIOFILCHEM,127.0,127.0,127.0,127.0,3271.0
2021-01-20 14:15:00,NSE:BIOFILCHEM,127.0,127.0,127.0,127.0,1223.0
2021-01-20 15:00:00,NSE:BIOFILCHEM,127.0,127.0,127.0,127.0,1598.0
2021-01-21 09:00:00,NSE:BIOFILCHEM,120.65,132.95,120.65,132.0,130784.0
2021-01-21 09:45:00,NSE:BIOFILCHEM,132.95,133.35,122.0,130.0,171570.0
2021-01-21 10:30:00,NSE:BIOFILCHEM,133.2,133.35,128.0,133.35,58580.0
2021-01-21 11:15:00,NSE:BIOFILCHEM,133.35,133.35,131.0,133.35,18498.0
2021-01-21 12:00:00,NSE:BIOFILCHEM,133.2,133.35,132.4,133.35,15520.0
2021-01-21 12:45:00,NSE:BIOFILCHEM,133.35,133.35,132.2,133.35,9187.0
2021-01-21 13:30:00,NSE:BIOFILCHEM,133.3,133.35,132.5,133.35,6812.0
2021-01-21 14:15:00,NSE:BIOFILCHEM,133.35,133.35,130.0,132.85,22085.0
2021-01-21 15:00:00,NSE:BIOFILCHEM,130.1,133.35,130.1,133.35,13350.0
2021-01-21 15:45:00,NSE:BIOFILCHEM,132.8,132.8,132.8,132.8,28.0
2021-01-22 09:00:00,NSE:BIOFILCHEM,126.2,126.2,126.2,126.2,11346.0
2021-01-22 09:45:00,NSE:BIOFILCHEM,126.2,126.2,126.2,126.2,2459.0
2021-01-22 10:30:00,NSE:BIOFILCHEM,126.2,126.2,126.2,126.2,1625.0
2021-01-22 11:15:00,NSE:BIOFILCHEM,126.2,126.2,126.2,126.2,639.0
2021-01-22 12:00:00,NSE:BIOFILCHEM,126.2,126.2,126.2,126.2,974.0
2021-01-22 12:45:00,NSE:BIOFILCHEM,126.2,126.2,126.2,126.2,402.0
2021-01-22 13:30:00,NSE:BIOFILCHEM,126.2,126.2,126.2,126.2,895.0
2021-01-22 14:15:00,NSE:BIOFILCHEM,126.2,126.2,126.2,126.2,967.0
2021-01-22 15:00:00,NSE:BIOFILCHEM,126.2,126.2,126.2,126.2,1756.0
2021-01-22 15:45:00,NSE:BIOFILCHEM,126.2,126.2,126.2,126.2,7.0
2021-01-25 09:00:00,NSE:BIOFILCHEM,119.9,119.9,119.9,119.9,4205.0
2021-01-25 09:45:00,NSE:BIOFILCHEM,119.9,119.9,119.9,119.9,2024.0
2021-01-25 10:30:00,NSE:BIOFILCHEM,119.9,119.9,119.9,119.9,1313.0
2021-01-25 11:15:00,NSE:BIOFILCHEM,119.9,119.9,119.9,119.9,493.0
2021-01-25 12:00:00,NSE:BIOFILCHEM,119.9,119.9,119.9,119.9,487.0
2021-01-25 12:45:00,NSE:BIOFILCHEM,119.9,119.9,119.9,119.9,514.0
2021-01-25 13:30:00,NSE:BIOFILCHEM,119.9,119.9,119.9,119.9,290.0
2021-01-25 14:15:00,NSE:BIOFILCHEM,119.9,119.9,119.9,119.9,647.0
2021-01-25 15:00:00,NSE:BIOFILCHEM,119.9,119.9,119.9,119.9,714.0
2021-01-25 15:45:00,NSE:BIOFILCHEM,119.9,119.9,119.9,119.9,51.0
2021-01-27 09:00:00,NSE:BIOFILCHEM,113.95,113.95,113.95,113.95,3688.0
2021-01-27 09:45:00,NSE:BIOFILCHEM,113.95,113.95,113.95,113.95,1201.0
2021-01-27 10:30:00,NSE:BIOFILCHEM,113.95,113.95,113.95,113.95,646.0
2021-01-27 11:15:00,NSE:BIOFILCHEM,113.95,113.95,113.95,113.95,1048.0
2021-01-27 12:00:00,NSE:BIOFILCHEM,113.95,113.95,113.95,113.95,378.0
2021-01-27 12:45:00,NSE:BIOFILCHEM,113.95,113.95,113.95,113.95,1092.0
2021-01-27 13:30:00,NSE:BIOFILCHEM,113.95,113.95,113.95,113.95,567.0
2021-01-27 14:15:00,NSE:BIOFILCHEM,113.95,113.95,113.95,113.95,298.0
2021-01-27 15:00:00,NSE:BIOFILCHEM,113.95,113.95,113.95,113.95,1157.0
2021-01-28 09:00:00,NSE:BIOFILCHEM,108.3,108.3,108.3,108.3,2409.0
2021-01-28 09:45:00,NSE:BIOFILCHEM,108.3,108.3,108.3,108.3,2202.0
2021-01-28 10:30:00,NSE:BIOFILCHEM,108.3,108.3,108.3,108.3,853.0
2021-01-28 11:15:00,NSE:BIOFILCHEM,108.3,108.3,108.3,108.3,974.0
2021-01-28 12:00:00,NSE:BIOFILCHEM,108.3,108.3,108.3,108.3,467.0
2021-01-28 12:45:00,NSE:BIOFILCHEM,108.3,108.3,108.3,108.3,365.0
2021-01-28 13:30:00,NSE:BIOFILCHEM,108.3,108.3,108.3,108.3,1310.0
2021-01-28 14:15:00,NSE:BIOFILCHEM,108.3,108.3,108.3,108.3,537.0
2021-01-28 15:00:00,NSE:BIOFILCHEM,108.3,108.3,108.3,108.3,1109.0
2021-01-29 09:00:00,NSE:BIOFILCHEM,102.9,102.9,102.9,102.9,10823.0
2021-01-29 09:45:00,NSE:BIOFILCHEM,102.9,102.9,102.9,102.9,3862.0
2021-01-29 10:30:00,NSE:BIOFILCHEM,102.9,102.9,102.9,102.9,3572.0
2021-01-29 11:15:00,NSE:BIOFILCHEM,102.9,102.9,102.9,102.9,388.0
2021-01-29 12:00:00,NSE:BIOFILCHEM,102.9,102.9,102.9,102.9,818.0
2021-01-29 12:45:00,NSE:BIOFILCHEM,102.9,102.9,102.9,102.9,450.0
2021-01-29 13:30:00,NSE:BIOFILCHEM,102.9,102.9,102.9,102.9,329.0
2021-01-29 14:15:00,NSE:BIOFILCHEM,102.9,102.9,102.9,102.9,1699.0
2021-01-29 15:00:00,NSE:BIOFILCHEM,102.9,102.9,102.9,102.9,1349.0
2021-02-01 09:00:00,NSE:BIOFILCHEM,97.8,97.8,97.8,97.8,7743.0
2021-02-01 09:45:00,NSE:BIOFILCHEM,97.8,97.8,97.8,97.8,2224.0
2021-02-01 10:30:00,NSE:BIOFILCHEM,97.8,97.8,97.8,97.8,1763.0
2021-02-01 11:15:00,NSE:BIOFILCHEM,97.8,97.8,97.8,97.8,1286.0
2021-02-01 12:00:00,NSE:BIOFILCHEM,97.8,97.8,97.8,97.8,1541.0
2021-02-01 12:45:00,NSE:BIOFILCHEM,97.8,97.8,97.8,97.8,1154.0
2021-02-01 13:30:00,NSE:BIOFILCHEM,97.8,97.8,97.8,97.8,2666.0
2021-02-01 14:15:00,NSE:BIOFILCHEM,97.8,97.8,97.8,97.8,1568.0
2021-02-01 15:00:00,NSE:BIOFILCHEM,97.8,97.8,97.8,97.8,1068.0
2021-02-01 15:45:00,NSE:BIOFILCHEM,97.8,97.8,97.8,97.8,1.0
2021-02-02 09:00:00,NSE:BIOFILCHEM,94.0,99.9,92.95,92.95,255822.0
2021-02-02 09:45:00,NSE:BIOFILCHEM,92.95,97.0,92.95,92.95,168315.0
2021-02-02 10:30:00,NSE:BIOFILCHEM,92.95,92.95,92.95,92.95,2772.0
2021-02-02 11:15:00,NSE:BIOFILCHEM,92.95,92.95,92.95,92.95,3366.0
2021-02-02 12:00:00,NSE:BIOFILCHEM,92.95,92.95,92.95,92.95,2270.0
2021-02-02 12:45:00,NSE:BIOFILCHEM,92.95,92.95,92.95,92.95,1796.0
2021-02-02 13:30:00,NSE:BIOFILCHEM,92.95,92.95,92.95,92.95,1664.0
2021-02-02 14:15:00,NSE:BIOFILCHEM,92.95,92.95,92.95,92.95,2185.0
2021-02-02 15:00:00,NSE:BIOFILCHEM,92.95,92.95,92.95,92.95,2096.0
2021-02-02 15:45:00,NSE:BIOFILCHEM,92.95,92.95,92.95,92.95,21.0
2021-02-03 09:00:00,NSE:BIOFILCHEM,89.3,91.1,88.35,88.35,44662.0
2021-02-03 09:45:00,NSE:BIOFILCHEM,88.35,88.35,88.35,88.35,3557.0
2021-02-03 10:30:00,NSE:BIOFILCHEM,88.35,88.35,88.35,88.35,1896.0
2021-02-03 11:15:00,NSE:BIOFILCHEM,88.35,88.35,88.35,88.35,2250.0
2021-02-03 12:00:00,NSE:BIOFILCHEM,88.35,88.35,88.35,88.35,2431.0
2021-02-03 12:45:00,NSE:BIOFILCHEM,88.35,88.35,88.35,88.35,2812.0
2021-02-03 13:30:00,NSE:BIOFILCHEM,88.35,88.35,88.35,88.35,1592.0
2021-02-03 14:15:00,NSE:BIOFILCHEM,88.35,88.35,88.35,88.35,1632.0
2021-02-03 15:00:00,NSE:BIOFILCHEM,88.35,88.35,88.35,88.35,4559.0
2021-02-03 15:45:00,NSE:BIOFILCHEM,88.35,88.35,88.35,88.35,75.0
2021-02-04 09:00:00,NSE:BIOFILCHEM,83.95,83.95,83.95,83.95,8602.0
2021-02-04 09:45:00,NSE:BIOFILCHEM,83.95,92.75,83.95,91.7,313094.0
2021-02-04 10:30:00,NSE:BIOFILCHEM,91.9,92.75,90.0,92.75,68465.0
2021-02-04 11:15:00,NSE:BIOFILCHEM,92.75,92.75,92.75,92.75,10456.0
2021-02-04 12:00:00,NSE:BIOFILCHEM,92.75,92.75,92.75,92.75,5862.0
2021-02-04 12:45:00,NSE:BIOFILCHEM,92.75,92.75,92.75,92.75,2300.0
2021-02-04 13:30:00,NSE:BIOFILCHEM,92.75,92.75,92.75,92.75,3478.0
2021-02-04 14:15:00,NSE:BIOFILCHEM,92.75,92.75,92.75,92.75,1951.0
2021-02-04 15:00:00,NSE:BIOFILCHEM,92.75,92.75,92.75,92.75,3195.0
2021-02-04 15:45:00,NSE:BIOFILCHEM,92.75,92.75,92.75,92.75,161.0
2021-02-05 09:00:00,NSE:BIOFILCHEM,97.3,97.35,95.3,97.3,128004.0
2021-02-05 09:45:00,NSE:BIOFILCHEM,97.3,97.35,88.15,88.15,134931.0
2021-02-05 10:30:00,NSE:BIOFILCHEM,88.15,93.7,88.15,90.1,129587.0
2021-02-05 11:15:00,NSE:BIOFILCHEM,90.05,91.8,88.15,88.2,76494.0
2021-02-05 12:00:00,NSE:BIOFILCHEM,88.15,89.0,88.15,88.15,40024.0
2021-02-05 12:45:00,NSE:BIOFILCHEM,88.15,88.15,88.15,88.15,3586.0
2021-02-05 13:30:00,NSE:BIOFILCHEM,88.15,88.15,88.15,88.15,6715.0
2021-02-05 14:15:00,NSE:BIOFILCHEM,88.15,89.0,88.15,89.0,7077.0
2021-02-05 15:00:00,NSE:BIOFILCHEM,89.0,89.0,88.15,88.55,15286.0
2021-02-05 15:45:00,NSE:BIOFILCHEM,88.55,88.55,88.55,88.55,115.0
2021-02-08 09:00:00,NSE:BIOFILCHEM,84.95,90.45,84.5,85.6,39573.0
2021-02-08 09:45:00,NSE:BIOFILCHEM,85.6,87.4,85.0,86.65,16369.0
2021-02-08 10:30:00,NSE:BIOFILCHEM,86.6,87.9,86.25,86.9,11860.0
2021-02-08 11:15:00,NSE:BIOFILCHEM,86.85,87.8,86.6,86.9,11464.0
2021-02-08 12:00:00,NSE:BIOFILCHEM,86.9,87.1,86.0,86.95,6391.0
2021-02-08 12:45:00,NSE:BIOFILCHEM,86.95,87.7,84.15,84.75,41586.0
2021-02-08 13:30:00,NSE:BIOFILCHEM,84.9,85.15,84.15,84.15,13559.0
2021-02-08 14:15:00,NSE:BIOFILCHEM,84.15,84.35,84.15,84.15,9042.0
2021-02-08 15:00:00,NSE:BIOFILCHEM,84.15,84.65,84.15,84.25,12838.0
2021-02-08 15:45:00,NSE:BIOFILCHEM,84.4,84.4,84.4,84.4,142.0
2021-02-09 09:00:00,NSE:BIOFILCHEM,81.5,83.6,80.2,80.6,49924.0
2021-02-09 09:45:00,NSE:BIOFILCHEM,80.6,80.7,80.2,80.2,14229.0
2021-02-09 10:30:00,NSE:BIOFILCHEM,80.2,80.2,80.2,80.2,2531.0
2021-02-09 11:15:00,NSE:BIOFILCHEM,80.2,80.2,80.2,80.2,3420.0
2021-02-09 12:00:00,NSE:BIOFILCHEM,80.2,80.2,80.2,80.2,2995.0
2021-02-09 12:45:00,NSE:BIOFILCHEM,80.2,80.2,80.2,80.2,3632.0
2021-02-09 13:30:00,NSE:BIOFILCHEM,80.2,80.2,80.2,80.2,1894.0
2021-02-09 14:15:00,NSE:BIOFILCHEM,80.2,80.2,80.2,80.2,3027.0
2021-02-09 15:00:00,NSE:BIOFILCHEM,80.2,80.2,80.2,80.2,1739.0
2021-02-10 09:00:00,NSE:BIOFILCHEM,76.2,83.8,76.2,76.2,59597.0
2021-02-10 09:45:00,NSE:BIOFILCHEM,76.2,76.9,76.2,76.2,25498.0
2021-02-10 10:30:00,NSE:BIOFILCHEM,76.2,76.2,76.2,76.2,1801.0
2021-02-10 11:15:00,NSE:BIOFILCHEM,76.2,76.95,76.2,76.2,24095.0
2021-02-10 12:00:00,NSE:BIOFILCHEM,76.2,76.2,76.2,76.2,4660.0
2021-02-10 12:45:00,NSE:BIOFILCHEM,76.2,76.65,76.2,76.2,9963.0
2021-02-10 13:30:00,NSE:BIOFILCHEM,76.2,76.2,76.2,76.2,1838.0
2021-02-10 14:15:00,NSE:BIOFILCHEM,76.2,76.2,76.2,76.2,1015.0
2021-02-10 15:00:00,NSE:BIOFILCHEM,76.2,76.2,76.2,76.2,2531.0
2021-02-10 15:45:00,NSE:BIOFILCHEM,76.2,76.2,76.2,76.2,2.0
2021-02-11 09:00:00,NSE:BIOFILCHEM,73.4,76.2,72.4,72.4,22946.0
2021-02-11 09:45:00,NSE:BIOFILCHEM,72.4,72.4,72.4,72.4,4470.0
2021-02-11 10:30:00,NSE:BIOFILCHEM,72.4,72.4,72.4,72.4,2622.0
2021-02-11 11:15:00,NSE:BIOFILCHEM,72.4,72.4,72.4,72.4,1936.0
2021-02-11 12:00:00,NSE:BIOFILCHEM,72.4,72.4,72.4,72.4,1263.0
2021-02-11 12:45:00,NSE:BIOFILCHEM,72.4,72.4,72.4,72.4,2780.0
2021-02-11 13:30:00,NSE:BIOFILCHEM,72.4,72.4,72.4,72.4,1577.0
2021-02-11 14:15:00,NSE:BIOFILCHEM,72.4,72.4,72.4,72.4,1954.0
2021-02-11 15:00:00,NSE:BIOFILCHEM,72.4,72.4,72.4,72.4,2396.0
2021-02-11 15:45:00,NSE:BIOFILCHEM,72.4,72.4,72.4,72.4,51.0
2021-02-12 09:00:00,NSE:BIOFILCHEM,68.8,70.0,68.8,68.8,17480.0
2021-02-12 09:45:00,NSE:BIOFILCHEM,68.8,68.8,68.8,68.8,11961.0
2021-02-12 10:30:00,NSE:BIOFILCHEM,68.8,68.8,68.8,68.8,5391.0
2021-02-12 11:15:00,NSE:BIOFILCHEM,68.8,68.8,68.8,68.8,2947.0
2021-02-12 12:00:00,NSE:BIOFILCHEM,68.8,68.8,68.8,68.8,1946.0
2021-02-12 12:45:00,NSE:BIOFILCHEM,68.8,68.8,68.8,68.8,1697.0
2021-02-12 13:30:00,NSE:BIOFILCHEM,68.8,68.8,68.8,68.8,1843.0
2021-02-12 14:15:00,NSE:BIOFILCHEM,68.8,75.9,68.8,74.95,47614.0
2021-02-12 15:00:00,NSE:BIOFILCHEM,74.85,75.65,68.8,71.45,85448.0
2021-02-12 15:45:00,NSE:BIOFILCHEM,71.45,71.45,71.45,71.45,22.0
2021-02-15 09:00:00,NSE:BIOFILCHEM,67.9,68.7,67.9,67.9,26260.0
2021-02-15 09:45:00,NSE:BIOFILCHEM,67.9,67.9,67.9,67.9,11658.0
2021-02-15 10:30:00,NSE:BIOFILCHEM,67.9,67.9,67.9,67.9,1458.0
2021-02-15 11:15:00,NSE:BIOFILCHEM,67.9,67.9,67.9,67.9,1200.0
2021-02-15 12:00:00,NSE:BIOFILCHEM,67.9,67.9,67.9,67.9,1356.0
2021-02-15 12:45:00,NSE:BIOFILCHEM,67.9,67.9,67.9,67.9,707.0
2021-02-15 13:30:00,NSE:BIOFILCHEM,67.9,67.9,67.9,67.9,1113.0
2021-02-15 14:15:00,NSE:BIOFILCHEM,67.9,67.9,67.9,67.9,3152.0
2021-02-15 15:00:00,NSE:BIOFILCHEM,67.9,67.9,67.9,67.9,1411.0
2021-02-16 09:00:00,NSE:BIOFILCHEM,64.55,64.55,64.55,64.55,9204.0
2021-02-16 09:45:00,NSE:BIOFILCHEM,64.55,64.55,64.55,64.55,2951.0
2021-02-16 10:30:00,NSE:BIOFILCHEM,64.55,64.55,64.55,64.55,3642.0
2021-02-16 11:15:00,NSE:BIOFILCHEM,64.55,64.55,64.55,64.55,1509.0
2021-02-16 12:00:00,NSE:BIOFILCHEM,64.55,64.55,64.55,64.55,2185.0
2021-02-16 12:45:00,NSE:BIOFILCHEM,64.55,64.55,64.55,64.55,654.0
2021-02-16 13:30:00,NSE:BIOFILCHEM,64.55,64.55,64.55,64.55,678.0
2021-02-16 14:15:00,NSE:BIOFILCHEM,64.55,64.55,64.55,64.55,3275.0
2021-02-16 15:00:00,NSE:BIOFILCHEM,64.55,64.55,64.55,64.55,716.0
2021-02-16 15:45:00,NSE:BIOFILCHEM,64.55,64.55,64.55,64.55,12.0
2021-02-17 09:00:00,NSE:BIOFILCHEM,61.35,61.35,61.35,61.35,5036.0
2021-02-17 09:45:00,NSE:BIOFILCHEM,61.35,61.35,61.35,61.35,3322.0
2021-02-17 10:30:00,NSE:BIOFILCHEM,61.35,61.35,61.35,61.35,2083.0
2021-02-17 11:15:00,NSE:BIOFILCHEM,61.35,61.35,61.35,61.35,1803.0
2021-02-17 12:00:00,NSE:BIOFILCHEM,61.35,61.35,61.35,61.35,2610.0
2021-02-17 12:45:00,NSE:BIOFILCHEM,61.35,61.35,61.35,61.35,1520.0
2021-02-17 13:30:00,NSE:BIOFILCHEM,61.35,61.35,61.35,61.35,1182.0
2021-02-17 14:15:00,NSE:BIOFILCHEM,61.35,61.35,61.35,61.35,1037.0
2021-02-17 15:00:00,NSE:BIOFILCHEM,61.35,61.35,61.35,61.35,1686.0
2021-02-18 09:00:00,NSE:BIOFILCHEM,58.3,58.3,58.3,58.3,9464.0
2021-02-18 09:45:00,NSE:BIOFILCHEM,58.3,64.4,58.3,64.4,165150.0
2021-02-18 10:30:00,NSE:BIOFILCHEM,64.4,64.4,64.4,64.4,19131.0
2021-02-18 11:15:00,NSE:BIOFILCHEM,64.4,64.4,64.4,64.4,4255.0
2021-02-18 12:00:00,NSE:BIOFILCHEM,64.4,64.4,64.4,64.4,1704.0
2021-02-18 12:45:00,NSE:BIOFILCHEM,64.4,64.4,59.6,64.4,142057.0
2021-02-18 13:30:00,NSE:BIOFILCHEM,64.4,64.4,64.4,64.4,2619.0
2021-02-18 14:15:00,NSE:BIOFILCHEM,64.4,64.4,64.4,64.4,1533.0
2021-02-18 15:00:00,NSE:BIOFILCHEM,64.4,64.4,64.4,64.4,3176.0
2021-02-18 15:45:00,NSE:BIOFILCHEM,64.4,64.4,64.4,64.4,51.0
2021-02-19 09:00:00,NSE:BIOFILCHEM,67.6,67.6,67.6,67.6,10575.0
2021-02-19 09:45:00,NSE:BIOFILCHEM,67.6,67.6,67.6,67.6,1579.0
2021-02-19 10:30:00,NSE:BIOFILCHEM,67.6,67.6,67.6,67.6,554.0
2021-02-19 11:15:00,NSE:BIOFILCHEM,67.6,67.6,67.6,67.6,378.0
2021-02-19 12:00:00,NSE:BIOFILCHEM,67.6,67.6,67.6,67.6,364.0
2021-02-19 12:45:00,NSE:BIOFILCHEM,67.6,67.6,67.6,67.6,73.0
2021-02-19 13:30:00,NSE:BIOFILCHEM,67.6,67.6,67.6,67.6,5819.0
2021-02-19 14:15:00,NSE:BIOFILCHEM,67.6,67.6,67.6,67.6,1288.0
2021-02-19 15:00:00,NSE:BIOFILCHEM,67.6,67.6,67.6,67.6,504.0
2021-02-22 09:00:00,NSE:BIOFILCHEM,70.95,70.95,70.95,70.95,10087.0
2021-02-22 09:45:00,NSE:BIOFILCHEM,70.95,70.95,70.95,70.95,2317.0
2021-02-22 10:30:00,NSE:BIOFILCHEM,70.95,70.95,70.95,70.95,2033.0
2021-02-22 11:15:00,NSE:BIOFILCHEM,70.95,70.95,70.95,70.95,1718.0
2021-02-22 12:00:00,NSE:BIOFILCHEM,70.95,70.95,70.95,70.95,1028.0
2021-02-22 12:45:00,NSE:BIOFILCHEM,70.95,70.95,70.95,70.95,623.0
2021-02-22 13:30:00,NSE:BIOFILCHEM,70.95,70.95,70.95,70.95,535.0
2021-02-22 14:15:00,NSE:BIOFILCHEM,70.95,70.95,70.95,70.95,1450.0
2021-02-22 15:00:00,NSE:BIOFILCHEM,70.95,70.95,70.95,70.95,713.0
2021-02-23 09:00:00,NSE:BIOFILCHEM,74.45,74.45,74.45,74.45,9557.0
2021-02-23 09:45:00,NSE:BIOFILCHEM,74.45,74.45,74.45,74.45,3781.0
2021-02-23 10:30:00,NSE:BIOFILCHEM,74.45,74.45,74.45,74.45,91.0
2021-02-23 11:15:00,NSE:BIOFILCHEM,74.45,74.45,74.45,74.45,993.0
2021-02-23 12:00:00,NSE:BIOFILCHEM,74.45,74.45,74.45,74.45,1451.0
2021-02-23 12:45:00,NSE:BIOFILCHEM,74.45,74.45,74.45,74.45,2220.0
2021-02-23 13:30:00,NSE:BIOFILCHEM,74.45,74.45,74.45,74.45,425.0
2021-02-23 14:15:00,NSE:BIOFILCHEM,74.45,74.45,74.45,74.45,566.0
2021-02-23 15:00:00,NSE:BIOFILCHEM,74.45,74.45,74.45,74.45,163.0
2021-02-24 09:00:00,NSE:BIOFILCHEM,78.15,78.15,78.15,78.15,12406.0
2021-02-24 09:45:00,NSE:BIOFILCHEM,78.15,78.15,78.15,78.15,3714.0
2021-02-24 10:30:00,NSE:BIOFILCHEM,78.15,78.15,78.15,78.15,1155.0
2021-02-24 11:15:00,NSE:BIOFILCHEM,78.15,78.15,78.15,78.15,904.0
2021-02-24 15:45:00,NSE:BIOFILCHEM,78.15,78.15,78.15,78.15,2295.0
2021-02-24 16:30:00,NSE:BIOFILCHEM,78.15,78.15,78.15,78.15,84.0
2021-02-25 09:00:00,NSE:BIOFILCHEM,82.05,82.05,82.05,82.05,11192.0
2021-02-25 09:45:00,NSE:BIOFILCHEM,82.05,82.05,82.05,82.05,5490.0
2021-02-25 10:30:00,NSE:BIOFILCHEM,82.05,82.05,82.05,82.05,617.0
2021-02-25 11:15:00,NSE:BIOFILCHEM,82.05,82.05,82.05,82.05,922.0
2021-02-25 12:00:00,NSE:BIOFILCHEM,82.05,82.05,82.05,82.05,352.0
2021-02-25 12:45:00,NSE:BIOFILCHEM,82.05,82.05,82.05,82.05,321.0
2021-02-25 13:30:00,NSE:BIOFILCHEM,82.05,82.05,82.05,82.05,525.0
2021-02-25 14:15:00,NSE:BIOFILCHEM,82.05,82.05,82.05,82.05,180.0
2021-02-25 15:00:00,NSE:BIOFILCHEM,82.05,82.05,82.05,82.05,205.0
2021-02-26 09:00:00,NSE:BIOFILCHEM,86.15,86.15,80.25,86.15,270866.0
2021-02-26 09:45:00,NSE:BIOFILCHEM,86.15,86.15,86.15,86.15,9281.0
2021-02-26 10:30:00,NSE:BIOFILCHEM,86.15,86.15,86.15,86.15,4382.0
2021-02-26 11:15:00,NSE:BIOFILCHEM,86.15,86.15,86.15,86.15,3500.0
2021-02-26 12:00:00,NSE:BIOFILCHEM,86.15,86.15,86.15,86.15,1543.0
2021-02-26 12:45:00,NSE:BIOFILCHEM,86.15,86.15,86.15,86.15,577.0
2021-02-26 13:30:00,NSE:BIOFILCHEM,86.15,86.15,86.15,86.15,561.0
2021-02-26 14:15:00,NSE:BIOFILCHEM,86.15,86.15,86.15,86.15,1057.0
2021-02-26 15:00:00,NSE:BIOFILCHEM,86.15,86.15,86.15,86.15,701.0
2021-03-01 09:00:00,NSE:BIOFILCHEM,90.45,90.45,90.45,90.45,14985.0
2021-03-01 09:45:00,NSE:BIOFILCHEM,90.45,90.45,90.45,90.45,3743.0
2021-03-01 10:30:00,NSE:BIOFILCHEM,90.45,90.45,90.45,90.45,1614.0
2021-03-01 11:15:00,NSE:BIOFILCHEM,90.45,90.45,90.45,90.45,1802.0
2021-03-01 12:00:00,NSE:BIOFILCHEM,90.45,90.45,90.45,90.45,614.0
2021-03-01 12:45:00,NSE:BIOFILCHEM,90.45,90.45,90.45,90.45,330.0
2021-03-01 13:30:00,NSE:BIOFILCHEM,90.45,90.45,90.45,90.45,591.0
2021-03-01 14:15:00,NSE:BIOFILCHEM,90.45,90.45,90.45,90.45,1766.0
2021-03-01 15:00:00,NSE:BIOFILCHEM,90.45,90.45,90.45,90.45,1739.0
2021-03-02 09:00:00,NSE:BIOFILCHEM,94.95,94.95,94.95,94.95,8486.0
2021-03-02 09:45:00,NSE:BIOFILCHEM,94.95,94.95,94.95,94.95,2104.0
2021-03-02 10:30:00,NSE:BIOFILCHEM,94.95,94.95,94.95,94.95,770.0
2021-03-02 11:15:00,NSE:BIOFILCHEM,94.95,94.95,94.95,94.95,6017.0
2021-03-02 12:00:00,NSE:BIOFILCHEM,94.95,94.95,94.95,94.95,989.0
2021-03-02 12:45:00,NSE:BIOFILCHEM,94.95,94.95,94.95,94.95,473.0
2021-03-02 13:30:00,NSE:BIOFILCHEM,94.95,94.95,94.95,94.95,179.0
2021-03-02 14:15:00,NSE:BIOFILCHEM,94.95,94.95,94.95,94.95,154.0
2021-03-02 15:00:00,NSE:BIOFILCHEM,94.95,94.95,94.95,94.95,379.0
2021-03-03 09:00:00,NSE:BIOFILCHEM,99.65,99.65,99.65,99.65,7978.0
2021-03-03 09:45:00,NSE:BIOFILCHEM,99.65,99.65,99.65,99.65,4827.0
2021-03-03 10:30:00,NSE:BIOFILCHEM,99.65,99.65,99.65,99.65,2250.0
2021-03-03 11:15:00,NSE:BIOFILCHEM,99.65,99.65,99.65,99.65,5005.0
2021-03-03 12:00:00,NSE:BIOFILCHEM,99.65,99.65,99.65,99.65,779.0
2021-03-03 12:45:00,NSE:BIOFILCHEM,99.65,99.65,99.65,99.65,231.0
2021-03-03 13:30:00,NSE:BIOFILCHEM,99.65,99.65,99.65,99.65,575.0
2021-03-03 14:15:00,NSE:BIOFILCHEM,99.65,99.65,99.65,99.65,100.0
2021-03-03 15:00:00,NSE:BIOFILCHEM,99.65,99.65,99.65,99.65,953.0
2021-03-03 15:45:00,NSE:BIOFILCHEM,99.65,99.65,99.65,99.65,5.0
2021-03-04 09:00:00,NSE:BIOFILCHEM,99.8,99.8,94.7,94.7,225053.0
2021-03-04 09:45:00,NSE:BIOFILCHEM,94.7,94.7,94.7,94.7,13595.0
2021-03-04 10:30:00,NSE:BIOFILCHEM,94.7,94.7,94.7,94.7,5141.0
2021-03-04 11:15:00,NSE:BIOFILCHEM,94.7,94.7,94.7,94.7,5023.0
2021-03-04 12:00:00,NSE:BIOFILCHEM,94.7,94.7,94.7,94.7,5219.0
2021-03-04 12:45:00,NSE:BIOFILCHEM,94.7,94.7,94.7,94.7,2433.0
2021-03-04 13:30:00,NSE:BIOFILCHEM,94.7,94.7,94.7,94.7,1880.0
2021-03-04 14:15:00,NSE:BIOFILCHEM,94.7,94.7,94.7,94.7,3339.0
2021-03-04 15:00:00,NSE:BIOFILCHEM,94.7,94.7,94.7,94.7,3429.0
2021-03-05 09:00:00,NSE:BIOFILCHEM,90.0,90.0,90.0,90.0,13490.0
2021-03-05 09:45:00,NSE:BIOFILCHEM,90.0,90.0,90.0,90.0,3219.0
2021-03-05 10:30:00,NSE:BIOFILCHEM,90.0,90.0,90.0,90.0,1362.0
2021-03-05 11:15:00,NSE:BIOFILCHEM,90.0,90.0,90.0,90.0,3704.0
2021-03-05 12:00:00,NSE:BIOFILCHEM,90.0,90.0,90.0,90.0,1176.0
2021-03-05 12:45:00,NSE:BIOFILCHEM,90.0,90.0,90.0,90.0,771.0
2021-03-05 13:30:00,NSE:BIOFILCHEM,90.0,90.0,90.0,90.0,502.0
2021-03-05 14:15:00,NSE:BIOFILCHEM,90.0,90.0,90.0,90.0,2096.0
2021-03-05 15:00:00,NSE:BIOFILCHEM,90.0,90.0,90.0,90.0,711.0
2021-03-08 09:00:00,NSE:BIOFILCHEM,85.5,85.5,85.5,85.5,8501.0
2021-03-08 09:45:00,NSE:BIOFILCHEM,85.5,85.5,85.5,85.5,2015.0
2021-03-08 10:30:00,NSE:BIOFILCHEM,85.5,85.5,85.5,85.5,1048.0
2021-03-08 11:15:00,NSE:BIOFILCHEM,85.5,85.5,85.5,85.5,4258.0
2021-03-08 12:00:00,NSE:BIOFILCHEM,85.5,85.5,85.5,85.5,813.0
2021-03-08 12:45:00,NSE:BIOFILCHEM,85.5,85.5,85.5,85.5,3857.0
2021-03-08 13:30:00,NSE:BIOFILCHEM,85.5,85.5,85.5,85.5,445.0
2021-03-08 14:15:00,NSE:BIOFILCHEM,85.5,85.5,85.5,85.5,1406.0
2021-03-08 15:00:00,NSE:BIOFILCHEM,85.5,85.5,85.5,85.5,1539.0
2021-03-08 15:45:00,NSE:BIOFILCHEM,85.5,85.5,85.5,85.5,15.0
2021-03-09 09:00:00,NSE:BIOFILCHEM,81.25,89.75,81.25,89.75,169490.0
2021-03-09 09:45:00,NSE:BIOFILCHEM,89.75,89.75,87.0,89.75,58039.0
2021-03-09 10:30:00,NSE:BIOFILCHEM,89.75,89.75,81.8,83.4,164882.0
2021-03-09 11:15:00,NSE:BIOFILCHEM,83.85,85.8,82.3,85.1,39139.0
2021-03-09 12:00:00,NSE:BIOFILCHEM,85.1,88.75,84.65,86.25,37095.0
2021-03-09 12:45:00,NSE:BIOFILCHEM,86.25,86.5,83.9,84.8,14371.0
2021-03-09 13:30:00,NSE:BIOFILCHEM,84.8,84.8,82.6,84.2,13383.0
2021-03-09 14:15:00,NSE:BIOFILCHEM,84.4,87.95,82.6,87.95,16096.0
2021-03-09 15:00:00,NSE:BIOFILCHEM,86.35,87.45,84.65,85.85,22599.0
2021-03-09 15:45:00,NSE:BIOFILCHEM,85.85,85.85,85.5,85.5,170.0
2021-03-10 09:00:00,NSE:BIOFILCHEM,88.7,89.6,85.05,85.9,37217.0
2021-03-10 09:45:00,NSE:BIOFILCHEM,85.9,86.85,81.6,81.6,96983.0
2021-03-10 10:30:00,NSE:BIOFILCHEM,81.6,82.2,81.6,81.6,21065.0
2021-03-10 11:15:00,NSE:BIOFILCHEM,81.6,81.6,81.6,81.6,6366.0
2021-03-10 12:00:00,NSE:BIOFILCHEM,81.6,81.6,81.6,81.6,3928.0
2021-03-10 12:45:00,NSE:BIOFILCHEM,81.6,81.95,81.6,81.6,8784.0
2021-03-10 13:30:00,NSE:BIOFILCHEM,81.6,82.0,81.6,82.0,8754.0
2021-03-10 14:15:00,NSE:BIOFILCHEM,82.0,82.0,81.6,81.6,8056.0
2021-03-10 15:00:00,NSE:BIOFILCHEM,81.6,82.0,81.6,81.6,7434.0
2021-03-10 15:45:00,NSE:BIOFILCHEM,81.7,81.7,81.7,81.7,30.0
2021-03-12 09:00:00,NSE:BIOFILCHEM,84.8,84.8,77.65,77.65,44727.0
2021-03-12 09:45:00,NSE:BIOFILCHEM,77.65,81.9,77.65,77.65,18407.0
2021-03-12 10:30:00,NSE:BIOFILCHEM,81.0,81.0,77.65,78.95,19128.0
2021-03-12 11:15:00,NSE:BIOFILCHEM,78.95,79.5,77.7,79.5,5322.0
2021-03-12 12:00:00,NSE:BIOFILCHEM,79.5,80.25,78.0,79.0,5115.0
2021-03-12 12:45:00,NSE:BIOFILCHEM,78.0,79.0,77.65,79.0,5342.0
2021-03-12 13:30:00,NSE:BIOFILCHEM,79.0,79.0,77.65,78.0,3574.0
2021-03-12 14:15:00,NSE:BIOFILCHEM,77.95,79.9,77.7,78.0,2113.0
2021-03-12 15:00:00,NSE:BIOFILCHEM,79.0,79.8,77.65,79.0,6676.0
2021-03-15 09:00:00,NSE:BIOFILCHEM,78.0,78.0,74.5,74.55,14748.0
2021-03-15 09:45:00,NSE:BIOFILCHEM,74.5,76.9,74.5,75.55,9943.0
2021-03-15 10:30:00,NSE:BIOFILCHEM,75.95,76.0,74.5,75.8,3876.0
2021-03-15 11:15:00,NSE:BIOFILCHEM,75.8,75.8,74.5,75.4,1989.0
2021-03-15 12:00:00,NSE:BIOFILCHEM,74.5,75.35,74.5,75.0,1467.0
2021-03-15 12:45:00,NSE:BIOFILCHEM,75.0,75.65,74.5,75.5,3240.0
2021-03-15 13:30:00,NSE:BIOFILCHEM,75.5,75.95,74.5,75.8,2006.0
2021-03-15 14:15:00,NSE:BIOFILCHEM,74.55,75.9,74.5,75.85,1358.0
2021-03-15 15:00:00,NSE:BIOFILCHEM,75.85,75.85,74.5,75.85,3287.0
2021-03-16 09:00:00,NSE:BIOFILCHEM,75.65,75.85,71.65,73.0,12026.0
2021-03-16 09:45:00,NSE:BIOFILCHEM,74.3,74.95,73.0,74.95,4259.0
2021-03-16 10:30:00,NSE:BIOFILCHEM,73.05,74.9,73.0,74.5,1935.0
2021-03-16 11:15:00,NSE:BIOFILCHEM,74.0,74.6,71.7,74.0,9141.0
2021-03-16 12:00:00,NSE:BIOFILCHEM,74.0,74.0,71.65,74.0,7688.0
2021-03-16 12:45:00,NSE:BIOFILCHEM,74.0,74.1,71.65,73.7,3958.0
2021-03-16 13:30:00,NSE:BIOFILCHEM,72.0,73.8,72.0,73.4,1342.0
2021-03-16 14:15:00,NSE:BIOFILCHEM,73.25,73.8,71.65,73.75,5114.0
2021-03-16 15:00:00,NSE:BIOFILCHEM,73.75,73.8,72.0,73.0,1326.0
2021-03-17 09:00:00,NSE:BIOFILCHEM,73.75,73.75,68.85,70.9,8717.0
2021-03-17 09:45:00,NSE:BIOFILCHEM,70.9,73.6,68.8,69.0,11321.0
2021-03-17 10:30:00,NSE:BIOFILCHEM,70.95,71.45,69.15,71.25,4615.0
2021-03-17 11:15:00,NSE:BIOFILCHEM,71.25,71.3,69.35,69.5,4102.0
2021-03-17 12:00:00,NSE:BIOFILCHEM,69.5,69.5,69.15,69.45,2367.0
2021-03-17 12:45:00,NSE:BIOFILCHEM,69.5,69.7,69.15,69.4,3023.0
2021-03-17 13:30:00,NSE:BIOFILCHEM,69.4,69.7,69.1,69.5,1278.0
2021-03-17 14:15:00,NSE:BIOFILCHEM,69.2,69.5,68.8,68.8,12257.0
2021-03-17 15:00:00,NSE:BIOFILCHEM,69.4,69.4,68.8,68.8,7302.0
2021-03-18 09:00:00,NSE:BIOFILCHEM,68.65,70.65,66.0,69.95,9109.0
2021-03-18 09:45:00,NSE:BIOFILCHEM,69.95,69.95,67.0,69.0,7607.0
2021-03-18 10:30:00,NSE:BIOFILCHEM,69.0,69.0,67.55,69.0,3420.0
2021-03-18 11:15:00,NSE:BIOFILCHEM,68.95,69.0,67.75,68.95,5722.0
2021-03-18 12:00:00,NSE:BIOFILCHEM,68.95,68.95,67.8,68.8,3877.0
2021-03-18 12:45:00,NSE:BIOFILCHEM,68.6,68.8,66.5,68.65,3595.0
2021-03-18 13:30:00,NSE:BIOFILCHEM,66.55,68.6,66.5,66.5,2388.0
2021-03-18 14:15:00,NSE:BIOFILCHEM,68.1,69.0,65.45,65.8,16950.0
2021-03-18 15:00:00,NSE:BIOFILCHEM,65.8,68.0,65.45,67.0,3698.0
2021-03-19 09:00:00,NSE:BIOFILCHEM,66.0,66.3,62.95,63.6,13057.0
2021-03-19 09:45:00,NSE:BIOFILCHEM,62.95,63.6,62.95,63.6,6636.0
2021-03-19 10:30:00,NSE:BIOFILCHEM,63.7,64.5,62.95,64.5,4045.0
2021-03-19 11:15:00,NSE:BIOFILCHEM,64.5,64.5,63.05,63.3,1918.0
2021-03-19 12:00:00,NSE:BIOFILCHEM,64.3,64.3,63.3,64.2,863.0
2021-03-19 12:45:00,NSE:BIOFILCHEM,64.2,64.4,63.35,64.0,714.0
2021-03-19 13:30:00,NSE:BIOFILCHEM,64.0,66.85,63.35,66.5,2645.0
2021-03-19 14:15:00,NSE:BIOFILCHEM,66.9,69.55,66.25,69.55,10990.0
2021-03-19 15:00:00,NSE:BIOFILCHEM,69.55,69.55,69.55,69.55,2071.0
2021-03-22 09:00:00,NSE:BIOFILCHEM,72.55,73.0,71.05,73.0,16976.0
2021-03-22 09:45:00,NSE:BIOFILCHEM,73.0,73.0,73.0,73.0,2565.0
2021-03-22 10:30:00,NSE:BIOFILCHEM,73.0,73.0,73.0,73.0,844.0
2021-03-22 11:15:00,NSE:BIOFILCHEM,73.0,73.0,73.0,73.0,298.0
2021-03-22 12:00:00,NSE:BIOFILCHEM,73.0,73.0,73.0,73.0,297.0
2021-03-22 12:45:00,NSE:BIOFILCHEM,73.0,73.0,73.0,73.0,416.0
2021-03-22 13:30:00,NSE:BIOFILCHEM,73.0,73.0,73.0,73.0,380.0
2021-03-22 14:15:00,NSE:BIOFILCHEM,73.0,73.0,73.0,73.0,736.0
2021-03-22 15:00:00,NSE:BIOFILCHEM,73.0,73.0,73.0,73.0,18548.0
2021-03-23 09:00:00,NSE:BIOFILCHEM,76.0,76.65,75.9,76.65,24299.0
2021-03-23 09:45:00,NSE:BIOFILCHEM,76.65,76.65,76.6,76.65,9226.0
2021-03-23 10:30:00,NSE:BIOFILCHEM,76.65,76.65,76.55,76.65,3058.0
2021-03-23 11:15:00,NSE:BIOFILCHEM,76.65,76.65,76.65,76.65,1467.0
2021-03-23 12:00:00,NSE:BIOFILCHEM,76.65,76.65,76.65,76.65,1767.0
2021-03-23 12:45:00,NSE:BIOFILCHEM,76.65,76.65,76.65,76.65,411.0
2021-03-23 13:30:00,NSE:BIOFILCHEM,76.65,76.65,76.65,76.65,375.0
2021-03-23 14:15:00,NSE:BIOFILCHEM,76.65,76.65,76.65,76.65,281.0
2021-03-23 15:00:00,NSE:BIOFILCHEM,76.65,76.65,76.65,76.65,1385.0
2021-03-24 09:00:00,NSE:BIOFILCHEM,80.45,80.45,77.0,78.9,28831.0
2021-03-24 09:45:00,NSE:BIOFILCHEM,78.85,79.5,76.5,79.0,21329.0
2021-03-24 10:30:00,NSE:BIOFILCHEM,79.0,79.75,77.0,78.6,7107.0
2021-03-24 11:15:00,NSE:BIOFILCHEM,77.0,78.6,77.0,78.6,3863.0
2021-03-24 12:00:00,NSE:BIOFILCHEM,77.5,78.95,77.5,78.55,2021.0
2021-03-24 12:45:00,NSE:BIOFILCHEM,78.55,78.95,76.5,77.25,6119.0
2021-03-24 13:30:00,NSE:BIOFILCHEM,78.95,80.35,77.5,80.35,4901.0
2021-03-24 14:15:00,NSE:BIOFILCHEM,80.4,80.45,72.85,72.85,28030.0
2021-03-24 15:00:00,NSE:BIOFILCHEM,72.85,80.4,72.85,72.85,21943.0
2021-03-25 09:00:00,NSE:BIOFILCHEM,73.65,73.65,70.1,70.1,9208.0
2021-03-25 09:45:00,NSE:BIOFILCHEM,70.3,72.95,70.0,72.95,11778.0
2021-03-25 10:30:00,NSE:BIOFILCHEM,70.2,72.95,70.2,70.5,1489.0
2021-03-25 11:15:00,NSE:BIOFILCHEM,70.35,70.5,70.0,70.0,3455.0
2021-03-25 12:00:00,NSE:BIOFILCHEM,70.0,70.0,70.0,70.0,855.0
2021-03-25 12:45:00,NSE:BIOFILCHEM,70.0,70.0,70.0,70.0,1219.0
2021-03-25 13:30:00,NSE:BIOFILCHEM,70.0,70.0,70.0,70.0,993.0
2021-03-25 14:15:00,NSE:BIOFILCHEM,70.0,70.0,70.0,70.0,3766.0
2021-03-25 15:00:00,NSE:BIOFILCHEM,70.0,70.0,70.0,70.0,812.0
2021-03-26 09:00:00,NSE:BIOFILCHEM,70.0,70.0,66.5,67.0,9962.0
2021-03-26 09:45:00,NSE:BIOFILCHEM,68.0,70.0,66.5,69.5,9969.0
2021-03-26 10:30:00,NSE:BIOFILCHEM,66.6,72.0,66.6,67.25,6150.0
2021-03-26 11:15:00,NSE:BIOFILCHEM,71.0,71.0,68.0,70.95,1432.0
2021-03-26 12:00:00,NSE:BIOFILCHEM,70.5,71.25,68.3,70.75,1241.0
2021-03-26 12:45:00,NSE:BIOFILCHEM,70.75,70.75,68.7,70.65,325.0
2021-03-26 13:30:00,NSE:BIOFILCHEM,70.0,70.5,69.05,70.25,879.0
2021-03-26 14:15:00,NSE:BIOFILCHEM,70.25,70.4,69.0,70.2,2949.0
2021-03-26 15:00:00,NSE:BIOFILCHEM,70.2,71.0,69.0,71.0,2516.0
2021-03-30 09:00:00,NSE:BIOFILCHEM,70.0,70.0,67.0,67.5,6750.0
2021-03-30 09:45:00,NSE:BIOFILCHEM,67.5,67.8,67.1,67.6,7068.0
2021-03-30 10:30:00,NSE:BIOFILCHEM,67.6,67.8,67.15,67.2,7727.0
2021-03-30 11:15:00,NSE:BIOFILCHEM,67.3,67.8,67.25,67.8,5474.0
2021-03-30 12:00:00,NSE:BIOFILCHEM,67.5,67.8,67.3,67.7,4197.0
2021-03-30 12:45:00,NSE:BIOFILCHEM,67.7,67.8,67.3,67.8,2402.0
2021-03-30 13:30:00,NSE:BIOFILCHEM,67.8,67.8,67.3,67.65,4362.0
2021-03-30 14:15:00,NSE:BIOFILCHEM,67.65,67.95,67.1,67.2,10645.0
2021-03-30 15:00:00,NSE:BIOFILCHEM,67.2,68.5,67.2,68.5,4106.0
2021-03-31 09:00:00,NSE:BIOFILCHEM,66.0,66.95,65.1,65.8,5862.0
2021-03-31 09:45:00,NSE:BIOFILCHEM,65.8,65.95,65.2,65.25,4150.0
2021-03-31 10:30:00,NSE:BIOFILCHEM,65.25,66.05,65.25,66.05,2068.0
2021-03-31 11:15:00,NSE:BIOFILCHEM,66.05,66.7,66.0,66.05,3888.0
2021-03-31 12:00:00,NSE:BIOFILCHEM,66.6,66.7,66.0,66.7,1665.0
2021-03-31 12:45:00,NSE:BIOFILCHEM,66.7,66.7,65.45,66.65,2624.0
2021-03-31 13:30:00,NSE:BIOFILCHEM,65.4,66.6,65.15,66.0,2614.0
2021-03-31 14:15:00,NSE:BIOFILCHEM,66.0,66.0,65.3,65.4,5565.0
2021-03-31 15:00:00,NSE:BIOFILCHEM,65.4,67.9,65.2,67.0,6429.0
2021-03-31 15:45:00,NSE:BIOFILCHEM,65.85,65.85,65.85,65.85,200.0
2021-04-01 09:00:00,NSE:BIOFILCHEM,65.85,69.1,65.85,69.1,10632.0
2021-04-01 09:45:00,NSE:BIOFILCHEM,69.1,69.1,69.1,69.1,1941.0
2021-04-01 10:30:00,NSE:BIOFILCHEM,69.1,69.1,69.1,69.1,3815.0
2021-04-01 11:15:00,NSE:BIOFILCHEM,69.1,69.1,69.1,69.1,644.0
2021-04-01 12:00:00,NSE:BIOFILCHEM,69.1,69.1,69.1,69.1,1880.0
2021-04-01 12:45:00,NSE:BIOFILCHEM,69.1,69.1,69.1,69.1,290.0
2021-04-01 13:30:00,NSE:BIOFILCHEM,69.1,69.1,69.1,69.1,111.0
2021-04-01 14:15:00,NSE:BIOFILCHEM,69.1,69.1,69.1,69.1,956.0
2021-04-01 15:00:00,NSE:BIOFILCHEM,69.1,69.1,69.1,69.1,509.0
2021-04-05 09:00:00,NSE:BIOFILCHEM,69.1,72.55,69.0,72.35,15952.0
2021-04-05 09:45:00,NSE:BIOFILCHEM,72.35,72.35,68.5,68.85,16474.0
2021-04-05 10:30:00,NSE:BIOFILCHEM,68.7,70.0,68.0,69.2,5851.0
2021-04-05 11:15:00,NSE:BIOFILCHEM,69.2,70.2,68.2,69.0,2485.0
2021-04-05 12:00:00,NSE:BIOFILCHEM,69.0,72.0,69.0,69.35,2573.0
2021-04-05 12:45:00,NSE:BIOFILCHEM,71.8,71.8,69.75,69.75,1346.0
2021-04-05 13:30:00,NSE:BIOFILCHEM,71.7,72.0,71.0,72.0,4971.0
2021-04-05 14:15:00,NSE:BIOFILCHEM,72.0,72.0,71.0,71.5,2706.0
2021-04-05 15:00:00,NSE:BIOFILCHEM,71.5,72.55,71.5,72.55,8871.0
2021-04-06 09:00:00,NSE:BIOFILCHEM,75.75,75.75,69.1,73.0,16203.0
2021-04-06 09:45:00,NSE:BIOFILCHEM,73.2,73.25,72.05,72.05,4516.0
2021-04-06 10:30:00,NSE:BIOFILCHEM,72.05,73.25,72.0,72.2,2028.0
2021-04-06 11:15:00,NSE:BIOFILCHEM,72.2,73.3,71.0,71.15,5572.0
2021-04-06 12:00:00,NSE:BIOFILCHEM,73.05,73.35,71.15,71.55,3343.0
2021-04-06 12:45:00,NSE:BIOFILCHEM,72.95,72.95,71.55,71.6,3480.0
2021-04-06 13:30:00,NSE:BIOFILCHEM,71.5,72.5,71.1,72.25,2747.0
2021-04-06 14:15:00,NSE:BIOFILCHEM,72.25,72.25,70.0,70.5,4353.0
2021-04-06 15:00:00,NSE:BIOFILCHEM,71.5,72.95,70.1,72.5,4572.0
2021-04-07 09:00:00,NSE:BIOFILCHEM,70.0,71.9,68.5,70.5,6247.0
2021-04-07 09:45:00,NSE:BIOFILCHEM,70.05,71.95,70.0,70.05,7192.0
2021-04-07 10:30:00,NSE:BIOFILCHEM,71.5,72.0,70.05,71.25,17533.0
2021-04-07 11:15:00,NSE:BIOFILCHEM,72.0,72.0,70.9,70.95,3849.0
2021-04-07 12:00:00,NSE:BIOFILCHEM,70.95,70.95,70.25,70.75,1172.0
2021-04-07 12:45:00,NSE:BIOFILCHEM,70.75,71.15,70.2,71.15,5502.0
2021-04-07 13:30:00,NSE:BIOFILCHEM,72.0,72.0,70.1,71.85,8369.0
2021-04-07 14:15:00,NSE:BIOFILCHEM,71.85,71.85,70.5,71.7,2131.0
2021-04-07 15:00:00,NSE:BIOFILCHEM,71.7,74.0,70.0,70.75,8844.0
2021-04-08 09:00:00,NSE:BIOFILCHEM,73.0,73.0,69.0,71.0,5428.0
2021-04-08 09:45:00,NSE:BIOFILCHEM,71.95,72.0,71.05,71.25,2435.0
2021-04-08 10:30:00,NSE:BIOFILCHEM,71.25,71.8,70.1,71.5,3434.0
2021-04-08 11:15:00,NSE:BIOFILCHEM,71.45,71.45,70.05,71.0,1484.0
2021-04-08 12:00:00,NSE:BIOFILCHEM,71.0,72.0,70.15,71.0,7183.0
2021-04-08 12:45:00,NSE:BIOFILCHEM,71.0,71.7,71.0,71.5,971.0
2021-04-08 13:30:00,NSE:BIOFILCHEM,71.5,71.5,71.0,71.0,2592.0
2021-04-08 14:15:00,NSE:BIOFILCHEM,71.0,71.25,71.0,71.0,1365.0
2021-04-08 15:00:00,NSE:BIOFILCHEM,71.0,71.5,71.0,71.5,1740.0
2021-04-09 09:00:00,NSE:BIOFILCHEM,71.5,71.5,69.05,70.1,3376.0
2021-04-09 09:45:00,NSE:BIOFILCHEM,70.1,70.55,69.8,70.0,5392.0
2021-04-09 10:30:00,NSE:BIOFILCHEM,70.0,70.5,69.75,70.0,3584.0
2021-04-09 11:15:00,NSE:BIOFILCHEM,70.0,70.65,69.55,69.8,690.0
2021-04-09 12:00:00,NSE:BIOFILCHEM,69.8,70.55,69.8,70.55,1191.0
2021-04-09 12:45:00,NSE:BIOFILCHEM,70.35,71.0,70.05,70.55,2401.0
2021-04-09 13:30:00,NSE:BIOFILCHEM,70.55,73.45,70.55,73.0,11064.0
2021-04-09 14:15:00,NSE:BIOFILCHEM,73.0,73.0,68.5,70.05,17745.0
2021-04-09 15:00:00,NSE:BIOFILCHEM,71.5,71.6,69.2,71.15,5080.0
2021-04-09 15:45:00,NSE:BIOFILCHEM,70.95,70.95,70.95,70.95,5.0
2021-04-12 09:00:00,NSE:BIOFILCHEM,70.85,70.85,67.45,67.5,11742.0
2021-04-12 09:45:00,NSE:BIOFILCHEM,68.85,68.85,67.5,68.5,3470.0
2021-04-12 10:30:00,NSE:BIOFILCHEM,67.7,68.5,67.45,67.45,4771.0
2021-04-12 11:15:00,NSE:BIOFILCHEM,67.5,67.5,67.45,67.45,4471.0
2021-04-12 12:00:00,NSE:BIOFILCHEM,67.45,67.45,67.45,67.45,1678.0
2021-04-12 12:45:00,NSE:BIOFILCHEM,67.45,68.4,67.45,68.35,2641.0
2021-04-12 13:30:00,NSE:BIOFILCHEM,68.35,68.35,67.45,67.45,2081.0
2021-04-12 14:15:00,NSE:BIOFILCHEM,67.45,67.45,67.45,67.45,808.0
2021-04-12 15:00:00,NSE:BIOFILCHEM,67.45,68.25,67.45,67.5,1843.0
2021-04-13 09:00:00,NSE:BIOFILCHEM,64.5,67.95,64.5,67.5,7650.0
2021-04-13 09:45:00,NSE:BIOFILCHEM,67.45,69.8,65.25,69.0,5115.0
2021-04-13 10:30:00,NSE:BIOFILCHEM,69.0,69.0,66.05,68.0,1501.0
2021-04-13 11:15:00,NSE:BIOFILCHEM,68.0,68.5,65.2,67.45,3884.0
2021-04-13 12:00:00,NSE:BIOFILCHEM,67.45,68.0,65.45,65.9,1011.0
2021-04-13 12:45:00,NSE:BIOFILCHEM,67.95,68.0,65.95,66.05,1390.0
2021-04-13 13:30:00,NSE:BIOFILCHEM,66.05,67.95,66.05,67.95,827.0
2021-04-13 14:15:00,NSE:BIOFILCHEM,67.95,68.0,65.95,68.0,4099.0
2021-04-13 15:00:00,NSE:BIOFILCHEM,68.0,68.0,64.6,64.6,9115.0
2021-04-15 09:00:00,NSE:BIOFILCHEM,69.15,69.15,65.0,68.5,5723.0
2021-04-15 09:45:00,NSE:BIOFILCHEM,68.55,68.55,67.55,68.0,2579.0
2021-04-15 10:30:00,NSE:BIOFILCHEM,68.4,68.85,62.65,66.4,27487.0
2021-04-15 11:15:00,NSE:BIOFILCHEM,63.1,66.45,63.1,66.0,2340.0
2021-04-15 12:00:00,NSE:BIOFILCHEM,64.3,66.0,64.3,66.0,1009.0
2021-04-15 12:45:00,NSE:BIOFILCHEM,65.0,66.7,64.0,66.0,25496.0
2021-04-15 13:30:00,NSE:BIOFILCHEM,66.5,66.7,66.0,66.65,567.0
2021-04-15 14:15:00,NSE:BIOFILCHEM,64.0,66.95,64.0,66.9,2214.0
2021-04-15 15:00:00,NSE:BIOFILCHEM,66.95,66.95,65.0,66.6,1446.0
2021-04-16 09:00:00,NSE:BIOFILCHEM,67.4,67.9,64.0,66.8,9886.0
2021-04-16 09:45:00,NSE:BIOFILCHEM,67.0,67.5,66.1,67.45,2468.0
2021-04-16 10:30:00,NSE:BIOFILCHEM,67.45,67.9,63.65,66.95,22570.0
2021-04-16 11:15:00,NSE:BIOFILCHEM,66.9,66.9,64.0,66.65,5530.0
2021-04-16 12:00:00,NSE:BIOFILCHEM,66.65,66.65,65.0,66.65,700.0
2021-04-16 12:45:00,NSE:BIOFILCHEM,66.8,66.9,65.0,66.75,1070.0
2021-04-16 13:30:00,NSE:BIOFILCHEM,66.8,66.8,65.75,66.75,803.0
2021-04-16 14:15:00,NSE:BIOFILCHEM,65.8,66.8,65.0,66.0,5584.0
2021-04-16 15:00:00,NSE:BIOFILCHEM,66.0,66.7,64.8,65.5,3426.0
2021-04-19 09:00:00,NSE:BIOFILCHEM,63.0,65.0,62.5,63.5,7903.0
2021-04-19 09:45:00,NSE:BIOFILCHEM,63.15,64.65,63.0,63.5,3819.0
2021-04-19 10:30:00,NSE:BIOFILCHEM,63.5,64.35,63.5,64.0,1125.0
2021-04-19 11:15:00,NSE:BIOFILCHEM,64.35,64.4,63.3,63.4,2077.0
2021-04-19 12:00:00,NSE:BIOFILCHEM,63.4,63.5,62.6,63.4,4689.0
2021-04-19 12:45:00,NSE:BIOFILCHEM,62.8,64.25,62.6,63.5,1846.0
2021-04-19 13:30:00,NSE:BIOFILCHEM,63.5,63.95,62.6,63.95,2700.0
2021-04-19 14:15:00,NSE:BIOFILCHEM,62.65,63.95,62.5,62.5,9305.0
2021-04-19 15:00:00,NSE:BIOFILCHEM,63.85,63.85,62.55,63.5,1401.0
2021-04-20 09:00:00,NSE:BIOFILCHEM,63.6,64.9,62.5,64.75,6490.0
2021-04-20 09:45:00,NSE:BIOFILCHEM,63.6,64.8,63.55,63.6,5407.0
2021-04-20 10:30:00,NSE:BIOFILCHEM,64.65,64.65,64.0,64.5,1221.0
2021-04-20 11:15:00,NSE:BIOFILCHEM,64.45,64.65,64.3,64.3,2783.0
2021-04-20 12:00:00,NSE:BIOFILCHEM,64.55,64.65,63.65,64.35,3607.0
2021-04-20 12:45:00,NSE:BIOFILCHEM,64.35,64.45,63.65,64.35,3384.0
2021-04-20 13:30:00,NSE:BIOFILCHEM,64.35,64.95,64.0,64.8,3327.0
2021-04-20 14:15:00,NSE:BIOFILCHEM,64.9,65.0,64.1,65.0,7923.0
2021-04-20 15:00:00,NSE:BIOFILCHEM,64.9,65.0,63.9,64.4,8082.0
2021-04-22 09:00:00,NSE:BIOFILCHEM,64.4,64.95,63.0,63.5,8361.0
2021-04-22 09:45:00,NSE:BIOFILCHEM,63.5,64.85,63.0,64.85,7078.0
2021-04-22 10:30:00,NSE:BIOFILCHEM,64.85,66.0,64.5,66.0,9130.0
2021-04-22 11:15:00,NSE:BIOFILCHEM,66.0,66.0,65.5,65.95,5382.0
2021-04-22 12:00:00,NSE:BIOFILCHEM,65.95,66.55,65.25,66.5,8156.0
2021-04-22 12:45:00,NSE:BIOFILCHEM,66.5,67.6,66.3,67.6,13272.0
2021-04-22 13:30:00,NSE:BIOFILCHEM,67.6,67.6,66.9,67.6,3569.0
2021-04-22 14:15:00,NSE:BIOFILCHEM,67.6,67.6,67.55,67.6,1534.0
2021-04-22 15:00:00,NSE:BIOFILCHEM,67.6,67.6,67.6,67.6,267.0
2021-04-23 09:00:00,NSE:BIOFILCHEM,70.95,70.95,70.85,70.95,21605.0
2021-04-23 09:45:00,NSE:BIOFILCHEM,70.95,70.95,70.95,70.95,4927.0
2021-04-23 10:30:00,NSE:BIOFILCHEM,70.95,70.95,70.95,70.95,2655.0
2021-04-23 11:15:00,NSE:BIOFILCHEM,70.95,70.95,70.95,70.95,1339.0
2021-04-23 12:00:00,NSE:BIOFILCHEM,70.95,70.95,70.95,70.95,1293.0
2021-04-23 12:45:00,NSE:BIOFILCHEM,70.95,70.95,70.95,70.95,1835.0
2021-04-23 13:30:00,NSE:BIOFILCHEM,70.95,70.95,70.95,70.95,952.0
2021-04-23 14:15:00,NSE:BIOFILCHEM,70.95,70.95,70.95,70.95,2101.0
2021-04-23 15:00:00,NSE:BIOFILCHEM,70.95,70.95,70.95,70.95,476.0
2021-04-26 09:00:00,NSE:BIOFILCHEM,74.45,74.45,74.45,74.45,14980.0
2021-04-26 09:45:00,NSE:BIOFILCHEM,74.45,74.45,74.45,74.45,5409.0
2021-04-26 10:30:00,NSE:BIOFILCHEM,74.45,74.45,74.45,74.45,2043.0
2021-04-26 11:15:00,NSE:BIOFILCHEM,74.45,74.45,74.45,74.45,540.0
2021-04-26 12:00:00,NSE:BIOFILCHEM,74.45,74.45,74.45,74.45,556.0
2021-04-26 12:45:00,NSE:BIOFILCHEM,74.45,74.45,74.45,74.45,1538.0
2021-04-26 13:30:00,NSE:BIOFILCHEM,74.45,74.45,74.45,74.45,237.0
2021-04-26 14:15:00,NSE:BIOFILCHEM,74.45,74.45,74.45,74.45,1574.0
2021-04-26 15:00:00,NSE:BIOFILCHEM,74.45,74.45,74.45,74.45,41.0
2021-04-27 09:00:00,NSE:BIOFILCHEM,78.15,78.15,78.15,78.15,12510.0
2021-04-27 09:45:00,NSE:BIOFILCHEM,78.15,78.15,78.15,78.15,3975.0
2021-04-27 10:30:00,NSE:BIOFILCHEM,78.15,78.15,78.15,78.15,1214.0
2021-04-27 11:15:00,NSE:BIOFILCHEM,78.15,78.15,78.15,78.15,913.0
2021-04-27 12:00:00,NSE:BIOFILCHEM,78.15,78.15,78.15,78.15,2198.0
2021-04-27 12:45:00,NSE:BIOFILCHEM,78.15,78.15,78.15,78.15,2336.0
2021-04-27 13:30:00,NSE:BIOFILCHEM,78.15,78.15,78.15,78.15,543.0
2021-04-27 14:15:00,NSE:BIOFILCHEM,78.15,78.15,78.15,78.15,172.0
2021-04-27 15:00:00,NSE:BIOFILCHEM,78.15,78.15,78.15,78.15,1163.0
2021-04-28 09:00:00,NSE:BIOFILCHEM,82.05,82.05,82.05,82.05,8518.0
2021-04-28 09:45:00,NSE:BIOFILCHEM,82.05,82.05,82.05,82.05,4942.0
2021-04-28 10:30:00,NSE:BIOFILCHEM,82.05,82.05,82.05,82.05,7937.0
2021-04-28 11:15:00,NSE:BIOFILCHEM,82.05,82.05,82.05,82.05,1945.0
2021-04-28 12:00:00,NSE:BIOFILCHEM,82.05,82.05,82.05,82.05,2648.0
2021-04-28 12:45:00,NSE:BIOFILCHEM,82.05,82.05,82.05,82.05,1689.0
2021-04-28 13:30:00,NSE:BIOFILCHEM,82.05,82.05,82.05,82.05,1260.0
2021-04-28 14:15:00,NSE:BIOFILCHEM,82.05,82.05,82.05,82.05,21166.0
2021-04-28 15:00:00,NSE:BIOFILCHEM,82.05,82.05,82.05,82.05,20098.0
2021-04-28 15:45:00,NSE:BIOFILCHEM,82.05,82.05,82.05,82.05,1.0
2021-04-29 09:00:00,NSE:BIOFILCHEM,85.5,85.5,77.95,77.95,188050.0
2021-04-29 09:45:00,NSE:BIOFILCHEM,77.95,77.95,77.95,77.95,4538.0
2021-04-29 10:30:00,NSE:BIOFILCHEM,77.95,77.95,77.95,77.95,4833.0
2021-04-29 11:15:00,NSE:BIOFILCHEM,77.95,77.95,77.95,77.95,4655.0
2021-04-29 12:00:00,NSE:BIOFILCHEM,77.95,77.95,77.95,77.95,2525.0
2021-04-29 12:45:00,NSE:BIOFILCHEM,77.95,77.95,77.95,77.95,2387.0
2021-04-29 13:30:00,NSE:BIOFILCHEM,77.95,77.95,77.95,77.95,2918.0
2021-04-29 14:15:00,NSE:BIOFILCHEM,77.95,77.95,77.95,77.95,2848.0
2021-04-29 15:00:00,NSE:BIOFILCHEM,77.95,77.95,77.95,77.95,5534.0
2021-04-30 09:00:00,NSE:BIOFILCHEM,74.1,74.1,74.1,74.1,6556.0
2021-04-30 09:45:00,NSE:BIOFILCHEM,74.1,77.0,74.1,74.1,70540.0
2021-04-30 10:30:00,NSE:BIOFILCHEM,74.1,74.1,74.1,74.1,3010.0
2021-04-30 11:15:00,NSE:BIOFILCHEM,74.1,74.1,74.1,74.1,3545.0
2021-04-30 12:00:00,NSE:BIOFILCHEM,74.1,74.1,74.1,74.1,4347.0
2021-04-30 12:45:00,NSE:BIOFILCHEM,74.1,74.1,74.1,74.1,3024.0
2021-04-30 13:30:00,NSE:BIOFILCHEM,74.1,74.1,74.1,74.1,1111.0
2021-04-30 14:15:00,NSE:BIOFILCHEM,74.1,74.1,74.1,74.1,3574.0
2021-04-30 15:00:00,NSE:BIOFILCHEM,74.1,74.1,74.1,74.1,2968.0
2021-05-03 09:00:00,NSE:BIOFILCHEM,70.4,77.0,70.4,75.7,17526.0
2021-05-03 09:45:00,NSE:BIOFILCHEM,76.95,77.0,72.0,72.0,37613.0
2021-05-03 10:30:00,NSE:BIOFILCHEM,72.1,74.95,72.1,73.1,9766.0
2021-05-03 11:15:00,NSE:BIOFILCHEM,73.15,74.5,72.1,72.85,6537.0
2021-05-03 12:00:00,NSE:BIOFILCHEM,73.45,73.6,72.5,72.9,5724.0
2021-05-03 12:45:00,NSE:BIOFILCHEM,73.05,74.0,72.1,73.0,4718.0
2021-05-03 13:30:00,NSE:BIOFILCHEM,72.7,73.65,72.55,72.65,3690.0
2021-05-03 14:15:00,NSE:BIOFILCHEM,72.5,73.95,72.5,73.55,6848.0
2021-05-03 15:00:00,NSE:BIOFILCHEM,73.5,73.65,73.0,73.15,7913.0
2021-05-04 09:00:00,NSE:BIOFILCHEM,75.9,75.9,73.2,74.1,11153.0
2021-05-04 09:45:00,NSE:BIOFILCHEM,74.1,74.15,73.1,73.1,7561.0
2021-05-04 10:30:00,NSE:BIOFILCHEM,73.35,73.95,73.15,73.65,3005.0
2021-05-04 11:15:00,NSE:BIOFILCHEM,73.6,73.8,73.3,73.4,2228.0
2021-05-04 12:00:00,NSE:BIOFILCHEM,73.4,73.6,71.25,73.2,9827.0
2021-05-04 12:45:00,NSE:BIOFILCHEM,73.2,73.3,71.5,71.9,3262.0
2021-05-04 13:30:00,NSE:BIOFILCHEM,71.45,72.35,71.45,72.3,4685.0
2021-05-04 14:15:00,NSE:BIOFILCHEM,72.25,72.3,71.05,71.85,4842.0
2021-05-04 15:00:00,NSE:BIOFILCHEM,71.25,71.75,70.5,71.4,6454.0
2021-05-05 09:00:00,NSE:BIOFILCHEM,74.0,74.0,71.05,71.55,3710.0
2021-05-05 09:45:00,NSE:BIOFILCHEM,71.5,72.2,71.5,72.1,2781.0
2021-05-05 10:30:00,NSE:BIOFILCHEM,72.15,72.5,71.85,72.4,3863.0
2021-05-05 11:15:00,NSE:BIOFILCHEM,72.1,73.45,72.0,72.15,6773.0
2021-05-05 12:00:00,NSE:BIOFILCHEM,72.45,72.45,71.05,71.65,8377.0
2021-05-05 12:45:00,NSE:BIOFILCHEM,71.65,72.0,71.5,71.9,3262.0
2021-05-05 13:30:00,NSE:BIOFILCHEM,71.9,71.9,71.5,71.85,1836.0
2021-05-05 14:15:00,NSE:BIOFILCHEM,71.85,72.05,71.75,71.75,4726.0
2021-05-05 15:00:00,NSE:BIOFILCHEM,72.0,72.2,71.65,72.2,3483.0
2021-05-06 09:00:00,NSE:BIOFILCHEM,73.95,73.95,72.0,72.9,10803.0
2021-05-06 09:45:00,NSE:BIOFILCHEM,72.9,73.15,72.1,72.35,10351.0
2021-05-06 10:30:00,NSE:BIOFILCHEM,72.3,72.65,72.1,72.25,4204.0
2021-05-06 11:15:00,NSE:BIOFILCHEM,72.25,72.65,72.2,72.25,2049.0
2021-05-06 12:00:00,NSE:BIOFILCHEM,72.5,72.5,72.1,72.4,4153.0
2021-05-06 12:45:00,NSE:BIOFILCHEM,72.15,72.4,72.1,72.1,4232.0
2021-05-06 13:30:00,NSE:BIOFILCHEM,72.35,72.4,72.15,72.3,3032.0
2021-05-06 14:15:00,NSE:BIOFILCHEM,72.3,73.0,72.3,72.55,4687.0
2021-05-06 15:00:00,NSE:BIOFILCHEM,72.7,73.0,72.15,73.0,8072.0
2021-05-07 09:00:00,NSE:BIOFILCHEM,75.7,76.2,73.0,76.15,54092.0
2021-05-07 09:45:00,NSE:BIOFILCHEM,76.15,76.2,76.15,76.2,10402.0
2021-05-07 10:30:00,NSE:BIOFILCHEM,76.2,76.2,75.5,75.8,10883.0
2021-05-07 11:15:00,NSE:BIOFILCHEM,75.6,76.0,75.0,76.0,15361.0
2021-05-07 12:00:00,NSE:BIOFILCHEM,76.0,76.0,75.1,75.8,9583.0
2021-05-07 12:45:00,NSE:BIOFILCHEM,75.75,76.2,75.45,76.2,20022.0
2021-05-07 13:30:00,NSE:BIOFILCHEM,76.2,76.2,75.45,76.2,7592.0
2021-05-07 14:15:00,NSE:BIOFILCHEM,76.2,76.2,75.1,76.15,20834.0
2021-05-07 15:00:00,NSE:BIOFILCHEM,76.2,76.2,75.55,76.05,6964.0
2021-05-10 09:00:00,NSE:BIOFILCHEM,79.4,79.4,74.25,77.35,44043.0
2021-05-10 09:45:00,NSE:BIOFILCHEM,76.2,77.45,76.2,77.45,14963.0
2021-05-10 10:30:00,NSE:BIOFILCHEM,77.45,77.45,76.85,76.9,7350.0
2021-05-10 11:15:00,NSE:BIOFILCHEM,76.85,77.9,76.25,77.25,13339.0
2021-05-10 12:00:00,NSE:BIOFILCHEM,77.25,77.65,77.05,77.35,2776.0
2021-05-10 12:45:00,NSE:BIOFILCHEM,77.25,77.8,76.9,76.9,10241.0
2021-05-10 13:30:00,NSE:BIOFILCHEM,77.5,77.65,77.05,77.55,4910.0
2021-05-10 14:15:00,NSE:BIOFILCHEM,77.65,77.7,77.05,77.15,5304.0
2021-05-10 15:00:00,NSE:BIOFILCHEM,77.15,77.8,76.0,76.55,22162.0
2021-05-10 15:45:00,NSE:BIOFILCHEM,76.55,76.55,76.55,76.55,5.0
2021-05-11 09:00:00,NSE:BIOFILCHEM,76.5,77.0,75.0,75.0,8827.0
2021-05-11 09:45:00,NSE:BIOFILCHEM,75.0,75.95,75.0,75.85,7169.0
2021-05-11 10:30:00,NSE:BIOFILCHEM,75.85,76.0,75.6,75.75,3633.0
2021-05-11 11:15:00,NSE:BIOFILCHEM,75.65,75.95,75.4,75.5,4977.0
2021-05-11 12:00:00,NSE:BIOFILCHEM,75.7,75.85,75.45,75.45,1831.0
2021-05-11 12:45:00,NSE:BIOFILCHEM,75.45,75.55,75.0,75.2,6368.0
2021-05-11 13:30:00,NSE:BIOFILCHEM,75.1,75.45,75.0,75.4,6478.0
2021-05-11 14:15:00,NSE:BIOFILCHEM,75.05,75.45,75.0,75.1,1949.0
2021-05-11 15:00:00,NSE:BIOFILCHEM,75.3,75.7,74.7,75.2,6307.0
2021-05-11 15:45:00,NSE:BIOFILCHEM,75.2,75.2,75.2,75.2,43.0
2021-05-12 09:00:00,NSE:BIOFILCHEM,74.6,74.9,73.25,73.5,9604.0
2021-05-12 09:45:00,NSE:BIOFILCHEM,73.25,73.9,72.65,72.75,12950.0
2021-05-12 10:30:00,NSE:BIOFILCHEM,72.75,73.3,72.7,73.25,4694.0
2021-05-12 11:15:00,NSE:BIOFILCHEM,73.25,73.45,72.9,73.45,3822.0
2021-05-12 12:00:00,NSE:BIOFILCHEM,73.4,73.7,73.05,73.65,4475.0
2021-05-12 12:45:00,NSE:BIOFILCHEM,73.65,74.15,73.1,73.8,4606.0
2021-05-12 13:30:00,NSE:BIOFILCHEM,73.8,74.15,73.55,73.85,3051.0
2021-05-12 14:15:00,NSE:BIOFILCHEM,73.85,73.9,73.0,73.5,6444.0
2021-05-12 15:00:00,NSE:BIOFILCHEM,73.45,73.5,72.75,73.0,6587.0
2021-05-12 15:45:00,NSE:BIOFILCHEM,73.05,73.05,73.05,73.05,20.0
2021-05-14 09:00:00,NSE:BIOFILCHEM,74.0,74.0,72.55,73.35,6648.0
2021-05-14 09:45:00,NSE:BIOFILCHEM,73.3,75.0,73.1,74.1,5999.0
2021-05-14 10:30:00,NSE:BIOFILCHEM,74.0,74.1,73.05,73.25,4027.0
2021-05-14 11:15:00,NSE:BIOFILCHEM,73.1,73.85,72.5,72.5,5969.0
2021-05-14 12:00:00,NSE:BIOFILCHEM,73.1,73.1,72.45,73.0,2293.0
2021-05-14 12:45:00,NSE:BIOFILCHEM,72.9,73.0,72.55,72.85,741.0
2021-05-14 13:30:00,NSE:BIOFILCHEM,72.9,72.95,72.5,72.75,1763.0
2021-05-14 14:15:00,NSE:BIOFILCHEM,72.75,72.9,72.6,72.7,1784.0
2021-05-14 15:00:00,NSE:BIOFILCHEM,72.7,74.0,72.65,73.25,4912.0
2021-05-17 09:00:00,NSE:BIOFILCHEM,74.0,75.8,72.55,73.1,5977.0
2021-05-17 09:45:00,NSE:BIOFILCHEM,73.15,73.7,72.45,72.45,8393.0
2021-05-17 10:30:00,NSE:BIOFILCHEM,72.45,72.9,72.3,72.5,3952.0
2021-05-17 11:15:00,NSE:BIOFILCHEM,72.5,72.6,71.45,72.6,7023.0
2021-05-17 12:00:00,NSE:BIOFILCHEM,72.6,72.6,72.05,72.15,1952.0
2021-05-17 12:45:00,NSE:BIOFILCHEM,72.3,72.45,71.95,72.3,1504.0
2021-05-17 13:30:00,NSE:BIOFILCHEM,72.35,72.45,72.0,72.15,2309.0
2021-05-17 14:15:00,NSE:BIOFILCHEM,72.0,72.6,71.9,72.25,7890.0
2021-05-17 15:00:00,NSE:BIOFILCHEM,72.25,72.55,72.2,72.5,2829.0
2021-05-18 09:00:00,NSE:BIOFILCHEM,71.85,73.1,70.0,71.2,12019.0
2021-05-18 09:45:00,NSE:BIOFILCHEM,71.0,71.75,71.0,71.15,6016.0
2021-05-18 10:30:00,NSE:BIOFILCHEM,71.25,71.8,71.0,71.7,3514.0
2021-05-18 11:15:00,NSE:BIOFILCHEM,71.7,71.7,71.0,71.45,5012.0
2021-05-18 12:00:00,NSE:BIOFILCHEM,71.45,71.5,71.05,71.45,1925.0
2021-05-18 12:45:00,NSE:BIOFILCHEM,71.45,71.8,71.4,71.75,4201.0
2021-05-18 13:30:00,NSE:BIOFILCHEM,71.5,71.8,71.5,71.75,2003.0
2021-05-18 14:15:00,NSE:BIOFILCHEM,71.75,71.8,71.45,71.75,3154.0
2021-05-18 15:00:00,NSE:BIOFILCHEM,71.75,71.8,71.25,71.8,5147.0
2021-05-19 09:00:00,NSE:BIOFILCHEM,70.6,72.7,70.6,71.8,3918.0
2021-05-19 09:45:00,NSE:BIOFILCHEM,71.8,72.9,71.25,71.5,6415.0
2021-05-19 10:30:00,NSE:BIOFILCHEM,71.45,72.0,71.4,71.6,3029.0
2021-05-19 11:15:00,NSE:BIOFILCHEM,71.6,72.0,70.0,71.0,12034.0
2021-05-19 12:00:00,NSE:BIOFILCHEM,71.15,71.55,70.6,71.1,3623.0
2021-05-19 12:45:00,NSE:BIOFILCHEM,71.0,71.35,71.0,71.15,2622.0
2021-05-19 13:30:00,NSE:BIOFILCHEM,71.05,71.3,71.05,71.05,2233.0
2021-05-19 14:15:00,NSE:BIOFILCHEM,71.05,71.2,70.8,71.2,2977.0
2021-05-19 15:00:00,NSE:BIOFILCHEM,71.15,71.45,70.7,71.0,2816.0
2021-05-20 09:00:00,NSE:BIOFILCHEM,74.0,74.0,70.8,71.65,9082.0
2021-05-20 09:45:00,NSE:BIOFILCHEM,72.1,72.5,71.6,72.05,3896.0
2021-05-20 10:30:00,NSE:BIOFILCHEM,72.25,72.35,71.95,72.3,5017.0
2021-05-20 11:15:00,NSE:BIOFILCHEM,72.4,72.45,72.0,72.3,2788.0
2021-05-20 12:00:00,NSE:BIOFILCHEM,72.1,72.4,72.05,72.25,946.0
2021-05-20 12:45:00,NSE:BIOFILCHEM,72.05,72.3,71.4,71.85,2957.0
2021-05-20 13:30:00,NSE:BIOFILCHEM,71.9,72.3,71.4,71.4,1613.0
2021-05-20 14:15:00,NSE:BIOFILCHEM,71.0,71.7,71.0,71.45,4510.0
2021-05-20 15:00:00,NSE:BIOFILCHEM,71.05,71.5,71.0,71.2,4067.0
2021-05-20 15:45:00,NSE:BIOFILCHEM,71.2,71.2,71.2,71.2,10.0
2021-05-21 09:00:00,NSE:BIOFILCHEM,72.0,72.95,71.25,72.15,5718.0
2021-05-21 09:45:00,NSE:BIOFILCHEM,72.15,72.25,70.7,71.7,15270.0
2021-05-21 10:30:00,NSE:BIOFILCHEM,71.3,71.6,71.1,71.15,3757.0
2021-05-21 11:15:00,NSE:BIOFILCHEM,71.15,71.65,70.8,71.0,10010.0
2021-05-21 12:00:00,NSE:BIOFILCHEM,71.0,71.0,70.65,70.95,5085.0
2021-05-21 12:45:00,NSE:BIOFILCHEM,70.8,71.2,70.75,70.95,4406.0
2021-05-21 13:30:00,NSE:BIOFILCHEM,70.9,71.0,70.9,71.0,3163.0
2021-05-21 14:15:00,NSE:BIOFILCHEM,71.0,72.1,70.9,71.5,10149.0
2021-05-21 15:00:00,NSE:BIOFILCHEM,71.65,71.65,70.95,71.25,7482.0
2021-05-21 15:45:00,NSE:BIOFILCHEM,71.15,71.15,71.15,71.15,181.0
2021-05-24 09:00:00,NSE:BIOFILCHEM,71.0,72.0,70.5,71.4,5165.0
2021-05-24 09:45:00,NSE:BIOFILCHEM,70.55,71.2,70.55,70.65,5043.0
2021-05-24 10:30:00,NSE:BIOFILCHEM,70.65,71.0,70.6,70.85,4919.0
2021-05-24 11:15:00,NSE:BIOFILCHEM,70.85,70.95,70.55,70.65,5095.0
2021-05-24 12:00:00,NSE:BIOFILCHEM,70.65,70.7,70.55,70.55,2504.0
2021-05-24 12:45:00,NSE:BIOFILCHEM,70.65,70.95,70.6,70.65,2465.0
2021-05-24 13:30:00,NSE:BIOFILCHEM,70.9,70.95,70.55,70.65,1928.0
2021-05-24 14:15:00,NSE:BIOFILCHEM,70.8,71.1,70.5,70.95,5914.0
2021-05-24 15:00:00,NSE:BIOFILCHEM,71.05,71.5,70.5,71.5,5778.0
2021-05-25 09:00:00,NSE:BIOFILCHEM,70.95,71.7,70.75,71.4,4514.0
2021-05-25 09:45:00,NSE:BIOFILCHEM,71.05,71.45,70.8,71.05,3573.0
2021-05-25 10:30:00,NSE:BIOFILCHEM,71.15,71.15,71.0,71.1,2456.0
2021-05-25 11:15:00,NSE:BIOFILCHEM,71.1,71.15,70.8,70.85,5236.0
2021-05-25 12:00:00,NSE:BIOFILCHEM,70.95,71.0,70.7,70.8,3578.0
2021-05-25 12:45:00,NSE:BIOFILCHEM,70.9,71.0,70.5,70.6,6869.0
2021-05-25 13:30:00,NSE:BIOFILCHEM,70.6,70.75,70.5,70.55,6341.0
2021-05-25 14:15:00,NSE:BIOFILCHEM,70.5,70.7,70.5,70.7,2506.0
2021-05-25 15:00:00,NSE:BIOFILCHEM,70.65,70.75,70.55,70.75,3743.0
2021-05-25 15:45:00,NSE:BIOFILCHEM,70.7,70.7,70.7,70.7,150.0
2021-05-26 09:00:00,NSE:BIOFILCHEM,71.9,71.9,70.8,71.0,4943.0
2021-05-26 09:45:00,NSE:BIOFILCHEM,70.8,71.4,70.1,71.4,13249.0
2021-05-26 10:30:00,NSE:BIOFILCHEM,71.4,71.45,70.95,70.95,2311.0
2021-05-26 11:15:00,NSE:BIOFILCHEM,70.9,71.2,70.7,70.85,1863.0
2021-05-26 12:00:00,NSE:BIOFILCHEM,70.7,70.9,70.65,70.7,2894.0
2021-05-26 12:45:00,NSE:BIOFILCHEM,70.7,70.9,70.65,70.9,1622.0
2021-05-26 13:30:00,NSE:BIOFILCHEM,70.9,71.1,70.75,70.8,2575.0
2021-05-26 14:15:00,NSE:BIOFILCHEM,70.8,71.15,70.75,71.0,2968.0
2021-05-26 15:00:00,NSE:BIOFILCHEM,71.0,71.15,70.8,71.15,3233.0
2021-05-26 15:45:00,NSE:BIOFILCHEM,71.0,71.0,71.0,71.0,19.0
2021-05-27 09:00:00,NSE:BIOFILCHEM,71.15,71.65,70.8,71.0,4204.0
2021-05-27 09:45:00,NSE:BIOFILCHEM,71.0,71.05,70.85,70.95,6056.0
2021-05-27 10:30:00,NSE:BIOFILCHEM,71.05,71.05,70.65,70.75,5344.0
2021-05-27 11:15:00,NSE:BIOFILCHEM,70.75,70.9,70.7,70.75,1706.0
2021-05-27 12:00:00,NSE:BIOFILCHEM,70.9,71.0,70.55,70.55,5353.0
2021-05-27 12:45:00,NSE:BIOFILCHEM,70.55,70.75,70.5,70.55,4400.0
2021-05-27 13:30:00,NSE:BIOFILCHEM,70.55,70.7,70.5,70.55,1654.0
2021-05-27 14:15:00,NSE:BIOFILCHEM,70.55,70.65,70.0,70.1,12327.0
2021-05-27 15:00:00,NSE:BIOFILCHEM,70.35,70.55,70.0,70.5,5405.0
2021-05-27 15:45:00,NSE:BIOFILCHEM,70.2,70.5,70.2,70.2,122.0
2021-05-28 09:00:00,NSE:BIOFILCHEM,71.05,71.05,69.5,70.1,6082.0
2021-05-28 09:45:00,NSE:BIOFILCHEM,70.0,70.15,69.7,69.85,6012.0
2021-05-28 10:30:00,NSE:BIOFILCHEM,69.85,70.1,69.75,69.75,4946.0
2021-05-28 11:15:00,NSE:BIOFILCHEM,69.75,69.9,69.65,69.9,2556.0
2021-05-28 12:00:00,NSE:BIOFILCHEM,69.7,69.9,69.65,69.9,2874.0
2021-05-28 12:45:00,NSE:BIOFILCHEM,69.9,70.0,69.7,69.9,3679.0
2021-05-28 13:30:00,NSE:BIOFILCHEM,69.9,69.9,69.5,69.8,5573.0
2021-05-28 14:15:00,NSE:BIOFILCHEM,69.7,69.8,69.5,69.6,2284.0
2021-05-28 15:00:00,NSE:BIOFILCHEM,69.75,69.8,69.5,69.75,9774.0
2021-05-28 15:45:00,NSE:BIOFILCHEM,69.65,69.65,69.65,69.65,100.0
2021-05-31 09:00:00,NSE:BIOFILCHEM,70.6,70.6,67.55,68.6,12689.0
2021-05-31 09:45:00,NSE:BIOFILCHEM,68.6,69.1,68.1,68.4,12055.0
2021-05-31 10:30:00,NSE:BIOFILCHEM,68.4,68.65,68.25,68.5,2497.0
2021-05-31 11:15:00,NSE:BIOFILCHEM,68.5,68.8,68.4,68.5,2484.0
2021-05-31 12:00:00,NSE:BIOFILCHEM,68.5,68.75,68.35,68.45,2114.0
2021-05-31 12:45:00,NSE:BIOFILCHEM,68.45,68.45,68.35,68.4,1822.0
2021-05-31 13:30:00,NSE:BIOFILCHEM,68.35,68.45,68.0,68.25,6946.0
2021-05-31 14:15:00,NSE:BIOFILCHEM,68.45,68.7,68.25,68.55,4183.0
2021-05-31 15:00:00,NSE:BIOFILCHEM,68.55,68.7,68.2,68.5,3998.0
2021-06-01 09:00:00,NSE:BIOFILCHEM,68.5,69.0,68.05,69.0,6144.0
2021-06-01 09:45:00,NSE:BIOFILCHEM,69.0,70.5,68.7,70.25,16177.0
2021-06-01 10:30:00,NSE:BIOFILCHEM,70.0,70.85,70.0,70.75,5705.0
2021-06-01 11:15:00,NSE:BIOFILCHEM,70.8,70.8,70.1,70.1,3386.0
2021-06-01 12:00:00,NSE:BIOFILCHEM,70.1,70.5,69.7,70.15,4231.0
2021-06-01 12:45:00,NSE:BIOFILCHEM,70.15,70.2,69.85,69.9,1807.0
2021-06-01 13:30:00,NSE:BIOFILCHEM,69.9,70.3,69.85,70.1,1037.0
2021-06-01 14:15:00,NSE:BIOFILCHEM,70.15,70.35,69.85,70.0,2323.0
2021-06-01 15:00:00,NSE:BIOFILCHEM,70.2,70.7,69.9,70.15,7538.0
2021-06-02 09:00:00,NSE:BIOFILCHEM,69.25,71.0,68.85,69.45,4153.0
2021-06-02 09:45:00,NSE:BIOFILCHEM,69.85,70.0,69.45,69.65,3896.0
2021-06-02 10:30:00,NSE:BIOFILCHEM,69.6,69.65,69.2,69.6,2294.0
2021-06-02 11:15:00,NSE:BIOFILCHEM,69.55,69.55,69.05,69.45,2289.0
2021-06-02 12:00:00,NSE:BIOFILCHEM,69.3,69.55,69.2,69.55,1449.0
2021-06-02 12:45:00,NSE:BIOFILCHEM,69.55,69.65,69.0,69.35,1927.0
2021-06-02 13:30:00,NSE:BIOFILCHEM,69.35,69.4,69.1,69.4,2582.0
2021-06-02 14:15:00,NSE:BIOFILCHEM,69.4,69.6,69.3,69.5,2685.0
2021-06-02 15:00:00,NSE:BIOFILCHEM,69.45,69.8,69.45,69.65,3966.0
2021-06-02 15:45:00,NSE:BIOFILCHEM,69.65,69.65,69.65,69.65,8.0
2021-06-03 09:00:00,NSE:BIOFILCHEM,70.95,71.15,69.75,70.6,7840.0
2021-06-03 09:45:00,NSE:BIOFILCHEM,70.3,70.8,70.15,70.8,5325.0
2021-06-03 10:30:00,NSE:BIOFILCHEM,70.75,71.1,70.5,70.55,6495.0
2021-06-03 11:15:00,NSE:BIOFILCHEM,70.5,70.7,70.0,70.25,4285.0
2021-06-03 12:00:00,NSE:BIOFILCHEM,70.25,70.65,69.8,70.0,7702.0
2021-06-03 12:45:00,NSE:BIOFILCHEM,69.9,70.3,69.9,70.05,1526.0
2021-06-03 13:30:00,NSE:BIOFILCHEM,70.05,70.75,69.8,70.4,4924.0
2021-06-03 14:15:00,NSE:BIOFILCHEM,70.05,70.25,69.8,70.1,2627.0
2021-06-03 15:00:00,NSE:BIOFILCHEM,70.1,70.5,69.65,70.5,7012.0
2021-06-04 09:00:00,NSE:BIOFILCHEM,70.95,70.95,70.1,70.1,4336.0
2021-06-04 09:45:00,NSE:BIOFILCHEM,70.4,70.4,69.95,70.0,3339.0
2021-06-04 10:30:00,NSE:BIOFILCHEM,70.15,70.15,69.9,69.9,4251.0
2021-06-04 11:15:00,NSE:BIOFILCHEM,69.75,70.15,69.6,70.0,10395.0
2021-06-04 12:00:00,NSE:BIOFILCHEM,69.85,70.15,68.8,69.85,5783.0
2021-06-04 12:45:00,NSE:BIOFILCHEM,69.85,70.0,69.55,69.85,2469.0
2021-06-04 13:30:00,NSE:BIOFILCHEM,69.65,70.0,69.35,69.95,4840.0
2021-06-04 14:15:00,NSE:BIOFILCHEM,69.65,70.5,69.6,70.3,4167.0
2021-06-04 15:00:00,NSE:BIOFILCHEM,70.05,70.35,69.7,69.95,5760.0
2021-06-07 09:00:00,NSE:BIOFILCHEM,70.0,70.8,68.9,70.35,7456.0
2021-06-07 09:45:00,NSE:BIOFILCHEM,70.35,70.75,70.0,70.3,9113.0
2021-06-07 10:30:00,NSE:BIOFILCHEM,70.5,70.75,70.15,70.5,7003.0
2021-06-07 11:15:00,NSE:BIOFILCHEM,70.5,70.5,69.9,70.25,6590.0
2021-06-07 12:00:00,NSE:BIOFILCHEM,70.5,70.7,70.05,70.2,6782.0
2021-06-07 12:45:00,NSE:BIOFILCHEM,70.3,70.45,70.05,70.15,5313.0
2021-06-07 13:30:00,NSE:BIOFILCHEM,70.3,70.3,70.0,70.0,6335.0
2021-06-07 14:15:00,NSE:BIOFILCHEM,70.0,70.1,70.0,70.05,4217.0
2021-06-07 15:00:00,NSE:BIOFILCHEM,70.05,70.15,70.0,70.05,9642.0
2021-06-08 09:00:00,NSE:BIOFILCHEM,70.1,70.65,69.5,69.7,7314.0
2021-06-08 09:45:00,NSE:BIOFILCHEM,69.95,70.5,69.5,69.9,10314.0
2021-06-08 10:30:00,NSE:BIOFILCHEM,69.9,70.15,69.5,69.85,2151.0
2021-06-08 11:15:00,NSE:BIOFILCHEM,69.9,70.05,69.5,69.75,2558.0
2021-06-08 12:00:00,NSE:BIOFILCHEM,69.75,70.1,69.75,69.75,3442.0
2021-06-08 12:45:00,NSE:BIOFILCHEM,69.75,70.15,69.75,69.85,2491.0
2021-06-08 13:30:00,NSE:BIOFILCHEM,70.0,70.0,69.75,69.85,2391.0
2021-06-08 14:15:00,NSE:BIOFILCHEM,69.8,70.3,69.8,70.2,2973.0
2021-06-08 15:00:00,NSE:BIOFILCHEM,70.0,70.2,69.75,70.2,4912.0
2021-06-09 09:00:00,NSE:BIOFILCHEM,70.2,70.65,69.3,69.65,4670.0
2021-06-09 09:45:00,NSE:BIOFILCHEM,69.35,70.0,69.35,69.85,3913.0
2021-06-09 10:30:00,NSE:BIOFILCHEM,69.8,70.0,69.75,69.75,4532.0
2021-06-09 11:15:00,NSE:BIOFILCHEM,69.75,69.95,69.65,69.9,3092.0
2021-06-09 12:00:00,NSE:BIOFILCHEM,69.95,69.95,69.7,69.8,2990.0
2021-06-09 12:45:00,NSE:BIOFILCHEM,70.0,70.05,69.7,70.05,8757.0
2021-06-09 13:30:00,NSE:BIOFILCHEM,70.05,70.05,69.7,69.8,4446.0
2021-06-09 14:15:00,NSE:BIOFILCHEM,69.8,69.95,69.7,69.75,6308.0
2021-06-09 15:00:00,NSE:BIOFILCHEM,69.7,70.05,69.7,70.05,5514.0
2021-06-10 09:00:00,NSE:BIOFILCHEM,70.25,72.0,70.0,70.95,16079.0
2021-06-10 09:45:00,NSE:BIOFILCHEM,70.65,70.95,70.5,70.7,3792.0
2021-06-10 10:30:00,NSE:BIOFILCHEM,70.9,70.95,70.5,70.7,7753.0
2021-06-10 11:15:00,NSE:BIOFILCHEM,70.55,70.8,70.55,70.7,1498.0
2021-06-10 12:00:00,NSE:BIOFILCHEM,70.55,70.75,70.4,70.45,3990.0
2021-06-10 12:45:00,NSE:BIOFILCHEM,70.45,70.75,70.35,70.4,2956.0
2021-06-10 13:30:00,NSE:BIOFILCHEM,70.5,70.75,70.5,70.7,1192.0
2021-06-10 14:15:00,NSE:BIOFILCHEM,70.7,70.7,70.35,70.65,5319.0
2021-06-10 15:00:00,NSE:BIOFILCHEM,70.35,70.8,70.2,70.8,9030.0
2021-06-11 09:00:00,NSE:BIOFILCHEM,71.45,77.7,67.5,71.55,26589.0
2021-06-11 09:45:00,NSE:BIOFILCHEM,71.5,71.55,71.1,71.2,4942.0
2021-06-11 10:30:00,NSE:BIOFILCHEM,71.35,71.45,71.0,71.0,5086.0
2021-06-11 11:15:00,NSE:BIOFILCHEM,70.35,71.4,70.35,71.1,8598.0
2021-06-11 12:00:00,NSE:BIOFILCHEM,71.3,71.55,71.1,71.2,2678.0
2021-06-11 12:45:00,NSE:BIOFILCHEM,71.3,71.4,71.2,71.2,1644.0
2021-06-11 13:30:00,NSE:BIOFILCHEM,71.25,71.25,71.05,71.25,2699.0
2021-06-11 14:15:00,NSE:BIOFILCHEM,71.05,71.5,71.05,71.35,7689.0
2021-06-11 15:00:00,NSE:BIOFILCHEM,71.35,72.0,70.55,71.85,25903.0
2021-06-14 09:00:00,NSE:BIOFILCHEM,73.45,73.45,65.0,71.45,22522.0
2021-06-14 09:45:00,NSE:BIOFILCHEM,71.45,71.45,70.35,70.85,5902.0
2021-06-14 10:30:00,NSE:BIOFILCHEM,70.8,70.85,70.05,70.25,6853.0
2021-06-14 11:15:00,NSE:BIOFILCHEM,70.25,70.95,70.05,70.55,4524.0
2021-06-14 12:00:00,NSE:BIOFILCHEM,70.55,70.9,70.0,70.0,3058.0
2021-06-14 12:45:00,NSE:BIOFILCHEM,70.15,70.55,70.15,70.45,3085.0
2021-06-14 13:30:00,NSE:BIOFILCHEM,70.45,70.75,70.3,70.75,3803.0
2021-06-14 14:15:00,NSE:BIOFILCHEM,70.6,70.95,70.45,70.6,6802.0
2021-06-14 15:00:00,NSE:BIOFILCHEM,70.55,70.9,70.5,70.8,6387.0
2021-06-15 09:00:00,NSE:BIOFILCHEM,70.65,72.0,70.5,70.9,6245.0
2021-06-15 09:45:00,NSE:BIOFILCHEM,70.75,70.95,70.6,70.95,3213.0
2021-06-15 10:30:00,NSE:BIOFILCHEM,70.8,71.0,70.55,70.8,6674.0
2021-06-15 11:15:00,NSE:BIOFILCHEM,70.9,71.25,70.7,71.1,7064.0
2021-06-15 12:00:00,NSE:BIOFILCHEM,71.1,71.45,70.85,71.45,2797.0
2021-06-15 12:45:00,NSE:BIOFILCHEM,71.45,71.5,70.75,70.9,6093.0
2021-06-15 13:30:00,NSE:BIOFILCHEM,70.9,71.0,70.75,71.0,958.0
2021-06-15 14:15:00,NSE:BIOFILCHEM,70.95,71.2,70.75,71.0,5697.0
2021-06-15 15:00:00,NSE:BIOFILCHEM,71.0,71.15,70.05,70.85,7759.0
2021-06-16 09:00:00,NSE:BIOFILCHEM,71.95,73.5,71.0,73.4,28947.0
2021-06-16 09:45:00,NSE:BIOFILCHEM,73.4,73.5,71.85,72.7,24268.0
2021-06-16 10:30:00,NSE:BIOFILCHEM,72.55,72.65,71.5,71.6,8497.0
2021-06-16 11:15:00,NSE:BIOFILCHEM,71.6,71.9,71.0,71.8,5423.0
2021-06-16 12:00:00,NSE:BIOFILCHEM,71.65,72.75,71.65,72.75,9410.0
2021-06-16 12:45:00,NSE:BIOFILCHEM,72.55,72.9,72.15,72.5,7290.0
2021-06-16 13:30:00,NSE:BIOFILCHEM,72.45,73.5,72.25,73.45,19835.0
2021-06-16 14:15:00,NSE:BIOFILCHEM,73.3,73.95,73.0,73.0,26442.0
2021-06-16 15:00:00,NSE:BIOFILCHEM,73.0,73.0,72.3,72.6,16139.0
2021-06-16 15:45:00,NSE:BIOFILCHEM,72.6,72.6,72.6,72.6,97.0
2021-06-17 09:00:00,NSE:BIOFILCHEM,73.4,73.4,71.7,72.4,11041.0
2021-06-17 09:45:00,NSE:BIOFILCHEM,72.1,72.75,71.85,71.85,5259.0
2021-06-17 10:30:00,NSE:BIOFILCHEM,71.85,72.6,71.8,72.0,3537.0
2021-06-17 11:15:00,NSE:BIOFILCHEM,72.35,72.9,71.8,72.85,4928.0
2021-06-17 12:00:00,NSE:BIOFILCHEM,72.85,72.85,72.0,72.25,2222.0
2021-06-17 12:45:00,NSE:BIOFILCHEM,72.3,72.55,72.1,72.15,1061.0
2021-06-17 13:30:00,NSE:BIOFILCHEM,72.55,72.55,72.1,72.35,3340.0
2021-06-17 14:15:00,NSE:BIOFILCHEM,72.4,72.4,71.4,72.0,4913.0
2021-06-17 15:00:00,NSE:BIOFILCHEM,72.0,72.0,71.6,71.6,3994.0
2021-06-18 09:00:00,NSE:BIOFILCHEM,72.95,72.95,69.5,70.3,9893.0
2021-06-18 09:45:00,NSE:BIOFILCHEM,70.3,70.6,69.7,70.05,4821.0
2021-06-18 10:30:00,NSE:BIOFILCHEM,70.1,70.1,68.5,68.8,9971.0
2021-06-18 11:15:00,NSE:BIOFILCHEM,68.75,69.9,67.1,68.25,10294.0
2021-06-18 12:00:00,NSE:BIOFILCHEM,69.25,69.65,68.45,69.2,2896.0
2021-06-18 12:45:00,NSE:BIOFILCHEM,69.4,69.5,68.75,69.15,2732.0
2021-06-18 13:30:00,NSE:BIOFILCHEM,68.95,69.1,68.4,68.95,4823.0
2021-06-18 14:15:00,NSE:BIOFILCHEM,68.6,69.4,68.55,69.4,3606.0
2021-06-18 15:00:00,NSE:BIOFILCHEM,70.1,71.75,69.05,71.7,9818.0
2021-06-21 09:00:00,NSE:BIOFILCHEM,68.05,69.9,68.05,69.05,5375.0
2021-06-21 09:45:00,NSE:BIOFILCHEM,69.05,69.25,68.7,68.95,4909.0
2021-06-21 10:30:00,NSE:BIOFILCHEM,69.25,69.3,69.0,69.3,781.0
2021-06-21 11:15:00,NSE:BIOFILCHEM,69.05,69.3,69.0,69.2,2295.0
2021-06-21 12:00:00,NSE:BIOFILCHEM,69.2,69.6,69.0,69.3,2857.0
2021-06-21 12:45:00,NSE:BIOFILCHEM,69.4,69.4,69.0,69.35,4532.0
2021-06-21 13:30:00,NSE:BIOFILCHEM,69.15,69.35,68.95,69.2,5159.0
2021-06-21 14:15:00,NSE:BIOFILCHEM,69.2,69.25,69.05,69.15,1966.0
2021-06-21 15:00:00,NSE:BIOFILCHEM,69.05,69.45,69.0,69.45,4208.0
2021-06-21 15:45:00,NSE:BIOFILCHEM,69.15,69.15,69.15,69.15,1.0
2021-06-22 09:00:00,NSE:BIOFILCHEM,69.15,70.5,68.9,69.55,3860.0
2021-06-22 09:45:00,NSE:BIOFILCHEM,69.55,69.85,69.25,69.4,5856.0
2021-06-22 10:30:00,NSE:BIOFILCHEM,69.4,69.7,69.35,69.4,2687.0
2021-06-22 11:15:00,NSE:BIOFILCHEM,69.4,69.7,69.25,69.55,3600.0
2021-06-22 12:00:00,NSE:BIOFILCHEM,69.65,70.15,69.5,69.95,3781.0
2021-06-22 12:45:00,NSE:BIOFILCHEM,69.9,69.95,68.95,68.95,7827.0
2021-06-22 13:30:00,NSE:BIOFILCHEM,68.75,69.1,68.6,69.0,4451.0
2021-06-22 14:15:00,NSE:BIOFILCHEM,69.0,69.3,68.75,68.95,3990.0
2021-06-22 15:00:00,NSE:BIOFILCHEM,68.95,68.95,68.7,68.75,6918.0
2021-06-23 09:00:00,NSE:BIOFILCHEM,69.0,69.35,68.4,68.6,3763.0
2021-06-23 09:45:00,NSE:BIOFILCHEM,69.0,69.3,68.6,68.8,2772.0
2021-06-23 10:30:00,NSE:BIOFILCHEM,68.8,69.0,68.6,68.8,2788.0
2021-06-23 11:15:00,NSE:BIOFILCHEM,68.6,68.95,68.6,68.9,2554.0
2021-06-23 12:00:00,NSE:BIOFILCHEM,68.7,68.95,68.7,68.9,2651.0
2021-06-23 12:45:00,NSE:BIOFILCHEM,68.9,68.95,68.6,68.9,1915.0
2021-06-23 13:30:00,NSE:BIOFILCHEM,68.6,68.9,68.4,68.8,4134.0
2021-06-23 14:15:00,NSE:BIOFILCHEM,68.75,69.15,68.65,69.0,2071.0
2021-06-23 15:00:00,NSE:BIOFILCHEM,69.0,69.0,65.0,67.15,12792.0
2021-06-24 09:00:00,NSE:BIOFILCHEM,68.95,68.95,67.65,68.0,5361.0
2021-06-24 09:45:00,NSE:BIOFILCHEM,67.95,68.25,67.95,68.0,1738.0
2021-06-24 10:30:00,NSE:BIOFILCHEM,68.0,68.0,67.8,67.9,2318.0
2021-06-24 11:15:00,NSE:BIOFILCHEM,67.95,68.0,67.8,67.8,1919.0
2021-06-24 12:00:00,NSE:BIOFILCHEM,67.8,68.0,67.8,68.0,2006.0
2021-06-24 12:45:00,NSE:BIOFILCHEM,67.95,68.0,67.9,68.0,4153.0
2021-06-24 13:30:00,NSE:BIOFILCHEM,67.9,68.0,67.9,68.0,2547.0
2021-06-24 14:15:00,NSE:BIOFILCHEM,68.0,68.0,67.7,67.7,2987.0
2021-06-24 15:00:00,NSE:BIOFILCHEM,67.95,67.95,67.0,67.05,10767.0
2021-06-25 09:00:00,NSE:BIOFILCHEM,67.4,68.4,67.4,67.9,3310.0
2021-06-25 09:45:00,NSE:BIOFILCHEM,67.7,68.0,67.6,67.65,2408.0
2021-06-25 10:30:00,NSE:BIOFILCHEM,67.65,68.0,66.95,67.35,12537.0
2021-06-25 11:15:00,NSE:BIOFILCHEM,67.4,67.85,67.1,67.1,3004.0
2021-06-25 12:00:00,NSE:BIOFILCHEM,67.0,67.8,66.9,67.8,5214.0
2021-06-25 12:45:00,NSE:BIOFILCHEM,67.6,67.75,67.5,67.75,1820.0
2021-06-25 13:30:00,NSE:BIOFILCHEM,67.6,67.7,67.35,67.55,1484.0
2021-06-25 14:15:00,NSE:BIOFILCHEM,67.55,67.65,66.9,67.15,15644.0
2021-06-25 15:00:00,NSE:BIOFILCHEM,67.3,67.3,66.5,67.0,10828.0
2021-06-25 15:45:00,NSE:BIOFILCHEM,66.9,66.9,66.9,66.9,9.0
2021-06-28 09:00:00,NSE:BIOFILCHEM,66.9,67.0,61.7,66.15,116996.0
2021-06-28 09:45:00,NSE:BIOFILCHEM,65.95,66.0,64.6,64.85,18912.0
2021-06-28 10:30:00,NSE:BIOFILCHEM,64.85,67.5,64.85,66.65,21840.0
2021-06-28 11:15:00,NSE:BIOFILCHEM,66.5,67.05,66.3,66.55,6708.0
2021-06-28 12:00:00,NSE:BIOFILCHEM,66.7,67.2,66.6,66.75,8011.0
2021-06-28 12:45:00,NSE:BIOFILCHEM,67.0,68.1,66.8,67.4,9854.0
2021-06-28 13:30:00,NSE:BIOFILCHEM,67.55,68.0,67.45,67.95,3343.0
2021-06-28 14:15:00,NSE:BIOFILCHEM,67.65,69.8,67.5,68.95,20738.0
2021-06-28 15:00:00,NSE:BIOFILCHEM,68.3,69.7,68.1,69.0,14602.0
2021-06-29 09:00:00,NSE:BIOFILCHEM,70.5,70.5,68.6,69.1,5905.0
2021-06-29 09:45:00,NSE:BIOFILCHEM,69.25,69.5,69.0,69.3,5732.0
2021-06-29 10:30:00,NSE:BIOFILCHEM,69.3,69.3,68.85,69.1,2685.0
2021-06-29 11:15:00,NSE:BIOFILCHEM,68.85,69.05,68.7,68.85,1102.0
2021-06-29 12:00:00,NSE:BIOFILCHEM,68.85,68.95,68.6,68.9,813.0
2021-06-29 12:45:00,NSE:BIOFILCHEM,68.9,68.9,68.1,68.9,2923.0
2021-06-29 13:30:00,NSE:BIOFILCHEM,68.9,68.9,68.2,68.65,3144.0
2021-06-29 14:15:00,NSE:BIOFILCHEM,68.65,69.05,68.55,69.05,1490.0
2021-06-29 15:00:00,NSE:BIOFILCHEM,68.95,69.1,68.1,68.85,3783.0
2021-06-30 09:00:00,NSE:BIOFILCHEM,69.3,69.85,68.15,68.65,4915.0
2021-06-30 09:45:00,NSE:BIOFILCHEM,68.8,68.85,68.0,68.6,3340.0
2021-06-30 10:30:00,NSE:BIOFILCHEM,68.05,68.45,68.0,68.4,1003.0
2021-06-30 11:15:00,NSE:BIOFILCHEM,68.4,68.4,68.05,68.35,1507.0
2021-06-30 12:00:00,NSE:BIOFILCHEM,68.35,68.55,68.2,68.55,1765.0
2021-06-30 12:45:00,NSE:BIOFILCHEM,68.2,68.6,68.2,68.35,972.0
2021-06-30 13:30:00,NSE:BIOFILCHEM,68.3,68.4,68.1,68.35,7390.0
2021-06-30 14:15:00,NSE:BIOFILCHEM,68.35,68.35,68.0,68.2,1723.0
2021-06-30 15:00:00,NSE:BIOFILCHEM,68.1,68.35,67.5,68.35,3383.0
2021-07-01 09:00:00,NSE:BIOFILCHEM,67.55,67.55,65.05,66.9,15398.0
2021-07-01 09:45:00,NSE:BIOFILCHEM,66.9,67.0,66.1,66.75,7997.0
2021-07-01 10:30:00,NSE:BIOFILCHEM,66.9,66.95,66.75,66.8,3981.0
2021-07-01 11:15:00,NSE:BIOFILCHEM,66.9,66.9,66.8,66.9,350.0
2021-07-01 12:00:00,NSE:BIOFILCHEM,66.9,66.95,66.8,66.85,763.0
2021-07-01 12:45:00,NSE:BIOFILCHEM,66.8,66.95,66.8,66.8,1552.0
2021-07-01 13:30:00,NSE:BIOFILCHEM,66.8,67.0,66.8,66.8,2010.0
2021-07-01 14:15:00,NSE:BIOFILCHEM,67.0,67.0,66.8,66.95,2465.0
2021-07-01 15:00:00,NSE:BIOFILCHEM,66.95,67.1,66.5,66.95,4647.0
2021-07-02 09:00:00,NSE:BIOFILCHEM,67.8,67.8,67.25,67.75,2991.0
2021-07-02 09:45:00,NSE:BIOFILCHEM,67.65,67.95,67.35,67.5,2724.0
2021-07-02 10:30:00,NSE:BIOFILCHEM,67.5,67.5,67.25,67.45,1453.0
2021-07-02 11:15:00,NSE:BIOFILCHEM,67.5,67.5,67.35,67.35,6907.0
2021-07-02 12:00:00,NSE:BIOFILCHEM,67.4,67.4,67.35,67.4,1090.0
2021-07-02 12:45:00,NSE:BIOFILCHEM,67.4,67.4,67.0,67.3,4735.0
2021-07-02 13:30:00,NSE:BIOFILCHEM,67.15,67.3,67.05,67.3,807.0
2021-07-02 14:15:00,NSE:BIOFILCHEM,67.3,67.4,67.0,67.35,2184.0
2021-07-02 15:00:00,NSE:BIOFILCHEM,67.3,67.5,67.0,67.5,5250.0
2021-07-05 09:00:00,NSE:BIOFILCHEM,67.5,68.65,67.5,67.75,4060.0
2021-07-05 09:45:00,NSE:BIOFILCHEM,67.9,68.2,67.55,68.0,6436.0
2021-07-05 10:30:00,NSE:BIOFILCHEM,68.05,68.1,67.8,67.85,1888.0
2021-07-05 11:15:00,NSE:BIOFILCHEM,67.85,68.15,67.8,67.9,1342.0
2021-07-05 12:00:00,NSE:BIOFILCHEM,68.15,68.3,68.1,68.25,1423.0
2021-07-05 12:45:00,NSE:BIOFILCHEM,68.3,68.45,68.0,68.3,6475.0
2021-07-05 13:30:00,NSE:BIOFILCHEM,68.2,68.25,68.0,68.0,2162.0
2021-07-05 14:15:00,NSE:BIOFILCHEM,68.0,68.05,67.5,67.7,5256.0
2021-07-05 15:00:00,NSE:BIOFILCHEM,67.7,68.4,67.55,68.4,5130.0
2021-07-06 09:00:00,NSE:BIOFILCHEM,68.05,68.55,67.0,67.6,6265.0
2021-07-06 09:45:00,NSE:BIOFILCHEM,67.45,67.8,67.0,67.8,5040.0
2021-07-06 10:30:00,NSE:BIOFILCHEM,67.8,67.95,67.4,67.75,1840.0
2021-07-06 11:15:00,NSE:BIOFILCHEM,67.75,67.8,67.05,67.25,2751.0
2021-07-06 12:00:00,NSE:BIOFILCHEM,67.45,67.5,67.15,67.5,2516.0
2021-07-06 12:45:00,NSE:BIOFILCHEM,67.5,67.9,67.3,67.4,6292.0
2021-07-06 13:30:00,NSE:BIOFILCHEM,67.75,67.75,67.1,67.2,3631.0
2021-07-06 14:15:00,NSE:BIOFILCHEM,67.6,68.05,67.25,67.85,4632.0
2021-07-06 15:00:00,NSE:BIOFILCHEM,67.9,67.95,67.05,67.4,4781.0
2021-07-07 09:00:00,NSE:BIOFILCHEM,67.3,67.3,66.0,66.0,5585.0
2021-07-07 09:45:00,NSE:BIOFILCHEM,66.0,66.9,65.85,66.55,5868.0
2021-07-07 10:30:00,NSE:BIOFILCHEM,66.2,66.95,66.1,66.55,2194.0
2021-07-07 11:15:00,NSE:BIOFILCHEM,66.65,68.7,65.85,67.95,13223.0
2021-07-07 12:00:00,NSE:BIOFILCHEM,68.3,69.45,67.5,68.7,27555.0
2021-07-07 12:45:00,NSE:BIOFILCHEM,68.15,68.7,67.6,67.85,1663.0
2021-07-07 13:30:00,NSE:BIOFILCHEM,67.85,68.2,67.75,67.85,2056.0
2021-07-07 14:15:00,NSE:BIOFILCHEM,67.85,67.95,67.25,67.7,4653.0
2021-07-07 15:00:00,NSE:BIOFILCHEM,67.45,69.0,67.45,68.65,7183.0
2021-07-08 09:00:00,NSE:BIOFILCHEM,69.5,69.5,67.3,67.5,3510.0
2021-07-08 09:45:00,NSE:BIOFILCHEM,67.45,67.8,66.55,67.45,6385.0
2021-07-08 10:30:00,NSE:BIOFILCHEM,67.15,67.7,67.15,67.25,1471.0
2021-07-08 11:15:00,NSE:BIOFILCHEM,67.5,67.55,67.15,67.55,1447.0
2021-07-08 12:00:00,NSE:BIOFILCHEM,67.6,67.7,67.0,67.1,2277.0
2021-07-08 12:45:00,NSE:BIOFILCHEM,67.1,67.35,66.8,67.0,3079.0
2021-07-08 13:30:00,NSE:BIOFILCHEM,66.8,67.7,66.8,66.85,1723.0
2021-07-08 14:15:00,NSE:BIOFILCHEM,66.8,67.35,66.8,67.15,1193.0
2021-07-08 15:00:00,NSE:BIOFILCHEM,67.15,67.75,66.8,67.6,4060.0
2021-07-09 09:00:00,NSE:BIOFILCHEM,68.0,68.0,66.75,67.65,2753.0
2021-07-09 09:45:00,NSE:BIOFILCHEM,67.85,67.85,66.45,66.6,4666.0
2021-07-09 10:30:00,NSE:BIOFILCHEM,66.65,66.85,66.6,66.85,1281.0
2021-07-09 11:15:00,NSE:BIOFILCHEM,66.85,66.95,66.15,66.95,5441.0
2021-07-09 12:00:00,NSE:BIOFILCHEM,66.8,67.35,66.65,66.8,2258.0
2021-07-09 12:45:00,NSE:BIOFILCHEM,67.1,67.1,66.9,66.9,969.0
2021-07-09 13:30:00,NSE:BIOFILCHEM,67.05,67.1,66.9,67.05,1328.0
2021-07-09 14:15:00,NSE:BIOFILCHEM,67.0,67.1,67.0,67.0,1257.0
2021-07-09 15:00:00,NSE:BIOFILCHEM,67.0,67.1,66.75,66.9,2839.0
2021-07-12 09:00:00,NSE:BIOFILCHEM,66.5,67.0,66.0,66.8,3624.0
2021-07-12 09:45:00,NSE:BIOFILCHEM,66.7,66.8,66.25,66.7,5959.0
2021-07-12 10:30:00,NSE:BIOFILCHEM,66.7,67.15,66.7,67.15,2052.0
2021-07-12 11:15:00,NSE:BIOFILCHEM,67.15,67.15,66.9,67.0,556.0
2021-07-12 12:00:00,NSE:BIOFILCHEM,67.15,67.5,66.9,67.15,2431.0
2021-07-12 12:45:00,NSE:BIOFILCHEM,67.15,67.5,65.8,66.35,20863.0
2021-07-12 13:30:00,NSE:BIOFILCHEM,66.35,66.45,65.8,66.35,4730.0
2021-07-12 14:15:00,NSE:BIOFILCHEM,66.25,66.5,66.1,66.25,1242.0
2021-07-12 15:00:00,NSE:BIOFILCHEM,66.5,66.5,65.5,65.85,5963.0
2021-07-12 15:45:00,NSE:BIOFILCHEM,66.0,66.0,66.0,66.0,1.0
2021-07-13 09:00:00,NSE:BIOFILCHEM,66.65,67.25,66.0,66.45,4066.0
2021-07-13 09:45:00,NSE:BIOFILCHEM,66.4,66.4,66.05,66.25,4008.0
2021-07-13 10:30:00,NSE:BIOFILCHEM,66.1,70.1,66.0,70.0,26977.0
2021-07-13 11:15:00,NSE:BIOFILCHEM,70.1,72.6,70.0,72.6,96313.0
2021-07-13 12:00:00,NSE:BIOFILCHEM,72.6,72.6,72.6,72.6,12117.0
2021-07-13 12:45:00,NSE:BIOFILCHEM,72.6,72.6,72.6,72.6,7842.0
2021-07-13 13:30:00,NSE:BIOFILCHEM,72.6,72.6,72.6,72.6,2363.0
2021-07-13 14:15:00,NSE:BIOFILCHEM,72.6,72.6,72.6,72.6,2360.0
2021-07-13 15:00:00,NSE:BIOFILCHEM,72.6,72.6,72.6,72.6,3224.0
2021-07-14 09:00:00,NSE:BIOFILCHEM,75.45,79.0,74.0,76.5,253925.0
2021-07-14 09:45:00,NSE:BIOFILCHEM,77.15,78.5,75.8,77.7,95022.0
2021-07-14 10:30:00,NSE:BIOFILCHEM,77.7,78.45,76.4,76.9,43924.0
2021-07-14 11:15:00,NSE:BIOFILCHEM,76.9,77.25,76.0,77.25,23697.0
2021-07-14 12:00:00,NSE:BIOFILCHEM,77.15,79.85,77.15,79.75,371440.0
2021-07-14 12:45:00,NSE:BIOFILCHEM,79.8,79.85,79.05,79.85,62801.0
2021-07-14 13:30:00,NSE:BIOFILCHEM,79.85,79.85,79.85,79.85,3211.0
2021-07-14 14:15:00,NSE:BIOFILCHEM,79.85,79.85,79.85,79.85,3560.0
2021-07-14 15:00:00,NSE:BIOFILCHEM,79.85,79.85,79.85,79.85,7614.0
2021-07-14 15:45:00,NSE:BIOFILCHEM,79.85,79.85,79.85,79.85,1.0
2021-07-15 09:00:00,NSE:BIOFILCHEM,84.4,87.8,82.45,87.8,423877.0
2021-07-15 09:45:00,NSE:BIOFILCHEM,87.8,87.8,85.0,87.8,367529.0
2021-07-15 10:30:00,NSE:BIOFILCHEM,87.8,87.8,87.8,87.8,10295.0
2021-07-15 11:15:00,NSE:BIOFILCHEM,87.8,87.8,87.8,87.8,10122.0
2021-07-15 12:00:00,NSE:BIOFILCHEM,87.8,87.8,87.8,87.8,2435.0
2021-07-15 12:45:00,NSE:BIOFILCHEM,87.8,87.8,87.8,87.8,2408.0
2021-07-15 13:30:00,NSE:BIOFILCHEM,87.8,87.8,87.8,87.8,2444.0
2021-07-15 14:15:00,NSE:BIOFILCHEM,87.8,87.8,87.8,87.8,4515.0
2021-07-15 15:00:00,NSE:BIOFILCHEM,87.8,87.8,87.8,87.8,4762.0
2021-07-16 09:00:00,NSE:BIOFILCHEM,92.15,92.15,83.55,83.6,448199.0
2021-07-16 09:45:00,NSE:BIOFILCHEM,83.6,85.55,83.45,83.45,143013.0
2021-07-16 10:30:00,NSE:BIOFILCHEM,83.45,83.45,83.45,83.45,6789.0
2021-07-16 11:15:00,NSE:BIOFILCHEM,83.45,83.45,83.45,83.45,6236.0
2021-07-16 12:00:00,NSE:BIOFILCHEM,83.45,83.45,83.45,83.45,2737.0
2021-07-16 12:45:00,NSE:BIOFILCHEM,83.45,83.45,83.45,83.45,1434.0
2021-07-16 13:30:00,NSE:BIOFILCHEM,83.45,83.45,83.45,83.45,1960.0
2021-07-16 14:15:00,NSE:BIOFILCHEM,83.45,83.45,83.45,83.45,4492.0
2021-07-16 15:00:00,NSE:BIOFILCHEM,83.45,83.45,83.45,83.45,4821.0
2021-07-19 09:00:00,NSE:BIOFILCHEM,79.3,79.3,79.3,79.3,8193.0
2021-07-19 09:45:00,NSE:BIOFILCHEM,79.3,79.3,79.3,79.3,7973.0
2021-07-19 10:30:00,NSE:BIOFILCHEM,79.3,79.3,79.3,79.3,3245.0
2021-07-19 11:15:00,NSE:BIOFILCHEM,79.3,79.3,79.3,79.3,2646.0
2021-07-19 12:00:00,NSE:BIOFILCHEM,79.3,79.3,79.3,79.3,1723.0
2021-07-19 12:45:00,NSE:BIOFILCHEM,79.3,79.3,79.3,79.3,2792.0
2021-07-19 13:30:00,NSE:BIOFILCHEM,79.3,79.3,79.3,79.3,2147.0
2021-07-19 14:15:00,NSE:BIOFILCHEM,79.3,79.3,79.3,79.3,1068.0
2021-07-19 15:00:00,NSE:BIOFILCHEM,79.3,79.3,79.3,79.3,1850.0
2021-07-20 09:00:00,NSE:BIOFILCHEM,75.35,75.35,75.35,75.35,9437.0
2021-07-20 09:45:00,NSE:BIOFILCHEM,75.35,75.35,75.35,75.35,5175.0
2021-07-20 10:30:00,NSE:BIOFILCHEM,75.35,75.35,75.35,75.35,552.0
2021-07-20 11:15:00,NSE:BIOFILCHEM,75.35,75.35,75.35,75.35,2387.0
2021-07-20 12:00:00,NSE:BIOFILCHEM,75.35,75.35,75.35,75.35,814.0
2021-07-20 12:45:00,NSE:BIOFILCHEM,75.35,75.35,75.35,75.35,1104.0
2021-07-20 13:30:00,NSE:BIOFILCHEM,75.35,75.35,75.35,75.35,1323.0
2021-07-20 14:15:00,NSE:BIOFILCHEM,75.35,75.35,75.35,75.35,238.0
2021-07-20 15:00:00,NSE:BIOFILCHEM,75.35,75.35,75.35,75.35,1004.0
2021-07-20 15:45:00,NSE:BIOFILCHEM,75.35,75.35,75.35,75.35,5.0
2021-07-22 09:00:00,NSE:BIOFILCHEM,73.05,79.1,71.6,76.9,379425.0
2021-07-22 09:45:00,NSE:BIOFILCHEM,77.1,78.4,73.5,76.2,54165.0
2021-07-22 10:30:00,NSE:BIOFILCHEM,76.3,76.3,71.6,71.6,63609.0
2021-07-22 11:15:00,NSE:BIOFILCHEM,71.6,71.6,71.6,71.6,17258.0
2021-07-22 12:00:00,NSE:BIOFILCHEM,71.6,73.35,71.6,73.0,42671.0
2021-07-22 12:45:00,NSE:BIOFILCHEM,73.0,73.4,72.0,73.1,17453.0
2021-07-22 13:30:00,NSE:BIOFILCHEM,73.1,73.1,72.5,72.6,5705.0
2021-07-22 14:15:00,NSE:BIOFILCHEM,72.5,73.25,71.6,71.65,34650.0
2021-07-22 15:00:00,NSE:BIOFILCHEM,72.0,72.0,71.6,71.6,13753.0
2021-07-23 09:00:00,NSE:BIOFILCHEM,71.0,74.8,70.95,72.7,27954.0
2021-07-23 09:45:00,NSE:BIOFILCHEM,72.65,73.0,72.0,72.3,11850.0
2021-07-23 10:30:00,NSE:BIOFILCHEM,72.6,73.45,70.95,71.05,11029.0
2021-07-23 11:15:00,NSE:BIOFILCHEM,70.95,71.0,68.6,70.45,11095.0
2021-07-23 12:00:00,NSE:BIOFILCHEM,70.4,71.5,70.0,71.4,4099.0
2021-07-23 12:45:00,NSE:BIOFILCHEM,71.35,71.4,71.05,71.05,3330.0
2021-07-23 13:30:00,NSE:BIOFILCHEM,71.35,71.35,70.05,70.9,6133.0
2021-07-23 14:15:00,NSE:BIOFILCHEM,70.45,71.0,70.35,70.35,2827.0
2021-07-23 15:00:00,NSE:BIOFILCHEM,70.35,70.55,69.6,70.55,9902.0
2021-07-26 09:00:00,NSE:BIOFILCHEM,72.0,72.85,68.45,69.25,16357.0
2021-07-26 09:45:00,NSE:BIOFILCHEM,69.25,72.05,69.25,71.75,9817.0
2021-07-26 10:30:00,NSE:BIOFILCHEM,71.7,73.4,71.55,72.35,20526.0
2021-07-26 11:15:00,NSE:BIOFILCHEM,72.65,73.4,72.05,73.3,5444.0
2021-07-26 12:00:00,NSE:BIOFILCHEM,73.3,73.35,72.6,72.8,4636.0
2021-07-26 12:45:00,NSE:BIOFILCHEM,72.8,72.8,71.55,71.95,6446.0
2021-07-26 13:30:00,NSE:BIOFILCHEM,71.9,72.8,71.55,71.65,4465.0
2021-07-26 14:15:00,NSE:BIOFILCHEM,72.2,72.8,71.95,72.2,7857.0
2021-07-26 15:00:00,NSE:BIOFILCHEM,72.25,72.5,71.6,72.0,9009.0
2021-07-27 09:00:00,NSE:BIOFILCHEM,73.25,74.5,72.3,73.1,23064.0
2021-07-27 09:45:00,NSE:BIOFILCHEM,73.2,73.4,72.5,73.2,7416.0
2021-07-27 10:30:00,NSE:BIOFILCHEM,73.2,73.3,72.75,72.75,5449.0
2021-07-27 11:15:00,NSE:BIOFILCHEM,72.75,73.15,72.7,72.9,5872.0
2021-07-27 12:00:00,NSE:BIOFILCHEM,72.75,73.05,72.5,72.5,4932.0
2021-07-27 12:45:00,NSE:BIOFILCHEM,72.4,72.45,70.2,70.8,15564.0
2021-07-27 13:30:00,NSE:BIOFILCHEM,70.8,71.55,70.35,70.85,10263.0
2021-07-27 14:15:00,NSE:BIOFILCHEM,70.85,71.8,70.65,71.5,11381.0
2021-07-27 15:00:00,NSE:BIOFILCHEM,71.0,71.8,71.0,71.75,5453.0
2021-07-28 09:00:00,NSE:BIOFILCHEM,72.35,72.35,70.15,70.25,6663.0
2021-07-28 09:45:00,NSE:BIOFILCHEM,70.25,70.95,69.5,69.75,13959.0
2021-07-28 10:30:00,NSE:BIOFILCHEM,69.7,69.75,69.0,69.5,6527.0
2021-07-28 11:15:00,NSE:BIOFILCHEM,69.5,70.35,69.05,70.35,8544.0
2021-07-28 12:00:00,NSE:BIOFILCHEM,69.8,70.55,69.55,70.05,1574.0
2021-07-28 12:45:00,NSE:BIOFILCHEM,70.45,70.85,70.0,70.85,3393.0
2021-07-28 13:30:00,NSE:BIOFILCHEM,70.85,71.35,70.4,70.4,2205.0
2021-07-28 14:15:00,NSE:BIOFILCHEM,70.4,70.7,70.0,70.0,2997.0
2021-07-28 15:00:00,NSE:BIOFILCHEM,70.05,70.55,69.55,70.1,5322.0
2021-07-29 09:00:00,NSE:BIOFILCHEM,69.15,70.6,69.15,70.0,6507.0
2021-07-29 09:45:00,NSE:BIOFILCHEM,70.0,73.6,69.5,72.85,58790.0
2021-07-29 10:30:00,NSE:BIOFILCHEM,72.95,73.0,72.1,72.1,5473.0
2021-07-29 11:15:00,NSE:BIOFILCHEM,72.5,72.8,72.0,72.35,4376.0
2021-07-29 12:00:00,NSE:BIOFILCHEM,72.35,73.55,72.1,72.7,19140.0
2021-07-29 12:45:00,NSE:BIOFILCHEM,72.65,73.45,72.3,73.45,13248.0
2021-07-29 13:30:00,NSE:BIOFILCHEM,73.45,73.45,72.6,72.6,7223.0
2021-07-29 14:15:00,NSE:BIOFILCHEM,72.65,72.9,72.35,72.45,6498.0
2021-07-29 15:00:00,NSE:BIOFILCHEM,72.45,72.45,71.25,71.95,14949.0
2021-07-30 09:00:00,NSE:BIOFILCHEM,72.15,72.2,69.55,70.95,9465.0
2021-07-30 09:45:00,NSE:BIOFILCHEM,70.45,71.75,70.0,71.4,3782.0
2021-07-30 10:30:00,NSE:BIOFILCHEM,71.05,72.0,71.05,71.45,3186.0
2021-07-30 11:15:00,NSE:BIOFILCHEM,71.85,71.85,71.2,71.25,862.0
2021-07-30 12:00:00,NSE:BIOFILCHEM,71.25,71.5,71.2,71.25,2380.0
2021-07-30 12:45:00,NSE:BIOFILCHEM,71.05,71.35,71.0,71.1,1134.0
2021-07-30 13:30:00,NSE:BIOFILCHEM,71.1,71.3,71.0,71.2,1100.0
2021-07-30 14:15:00,NSE:BIOFILCHEM,70.7,71.35,70.1,70.65,2639.0
2021-07-30 15:00:00,NSE:BIOFILCHEM,70.25,70.9,69.6,69.8,12259.0
2021-08-02 09:00:00,NSE:BIOFILCHEM,71.9,71.9,70.2,70.55,5189.0
2021-08-02 09:45:00,NSE:BIOFILCHEM,70.7,71.5,70.7,70.8,5640.0
2021-08-02 10:30:00,NSE:BIOFILCHEM,70.8,70.85,70.65,70.8,5948.0
2021-08-02 11:15:00,NSE:BIOFILCHEM,70.7,71.1,70.3,70.3,5958.0
2021-08-02 12:00:00,NSE:BIOFILCHEM,70.3,70.8,70.25,70.65,1933.0
2021-08-02 12:45:00,NSE:BIOFILCHEM,70.7,70.9,70.4,70.7,1574.0
2021-08-02 13:30:00,NSE:BIOFILCHEM,70.4,70.75,70.35,70.55,1880.0
2021-08-02 14:15:00,NSE:BIOFILCHEM,70.75,71.05,70.35,70.7,5450.0
2021-08-02 15:00:00,NSE:BIOFILCHEM,70.85,71.1,70.55,71.05,8353.0
2021-08-03 09:00:00,NSE:BIOFILCHEM,70.2,71.45,69.9,70.1,10440.0
2021-08-03 09:45:00,NSE:BIOFILCHEM,70.4,71.05,70.05,70.75,7930.0
2021-08-03 10:30:00,NSE:BIOFILCHEM,70.75,71.25,70.0,70.65,9064.0
2021-08-03 11:15:00,NSE:BIOFILCHEM,70.65,70.65,70.35,70.45,1033.0
2021-08-03 12:00:00,NSE:BIOFILCHEM,70.35,71.05,70.3,70.9,3449.0
2021-08-03 12:45:00,NSE:BIOFILCHEM,70.55,70.9,70.45,70.55,3086.0
2021-08-03 13:30:00,NSE:BIOFILCHEM,70.55,71.1,70.25,70.5,5676.0
2021-08-03 14:15:00,NSE:BIOFILCHEM,70.3,70.35,69.0,70.0,14888.0
2021-08-03 15:00:00,NSE:BIOFILCHEM,70.05,70.25,69.5,69.9,6084.0
2021-08-04 09:00:00,NSE:BIOFILCHEM,69.9,70.4,69.6,70.05,4274.0
2021-08-04 09:45:00,NSE:BIOFILCHEM,70.05,71.2,70.0,70.35,6147.0
2021-08-04 10:30:00,NSE:BIOFILCHEM,70.3,70.45,70.0,70.0,1997.0
2021-08-04 11:15:00,NSE:BIOFILCHEM,70.0,70.3,68.45,69.45,7162.0
2021-08-04 12:00:00,NSE:BIOFILCHEM,69.5,69.85,69.0,69.6,4304.0
2021-08-04 12:45:00,NSE:BIOFILCHEM,69.25,70.15,69.25,70.0,1332.0
2021-08-04 13:30:00,NSE:BIOFILCHEM,70.05,70.25,69.75,69.85,1023.0
2021-08-04 14:15:00,NSE:BIOFILCHEM,69.75,69.75,69.0,69.2,2464.0
2021-08-04 15:00:00,NSE:BIOFILCHEM,68.7,69.55,68.5,69.1,5860.0
2021-08-05 09:00:00,NSE:BIOFILCHEM,67.0,68.85,67.0,68.5,24347.0
2021-08-05 09:45:00,NSE:BIOFILCHEM,68.5,69.1,68.4,68.75,6717.0
2021-08-05 10:30:00,NSE:BIOFILCHEM,68.5,69.05,68.4,68.8,6637.0
2021-08-05 11:15:00,NSE:BIOFILCHEM,68.8,69.7,68.8,69.15,3420.0
2021-08-05 12:00:00,NSE:BIOFILCHEM,69.2,72.25,69.2,72.0,71579.0
2021-08-05 12:45:00,NSE:BIOFILCHEM,72.0,72.25,71.7,71.85,16132.0
2021-08-05 13:30:00,NSE:BIOFILCHEM,71.85,72.25,71.3,72.2,13076.0
2021-08-05 14:15:00,NSE:BIOFILCHEM,72.15,72.25,71.45,72.25,9486.0
2021-08-05 15:00:00,NSE:BIOFILCHEM,72.25,72.25,71.7,71.8,13918.0
2021-08-06 09:00:00,NSE:BIOFILCHEM,73.0,73.0,70.05,70.95,10003.0
2021-08-06 09:45:00,NSE:BIOFILCHEM,70.95,71.3,70.05,70.5,9694.0
2021-08-06 10:30:00,NSE:BIOFILCHEM,70.5,70.5,69.8,70.2,10845.0
2021-08-06 11:15:00,NSE:BIOFILCHEM,70.05,70.45,69.9,70.4,3993.0
2021-08-06 12:00:00,NSE:BIOFILCHEM,70.45,70.45,70.0,70.0,8454.0
2021-08-06 12:45:00,NSE:BIOFILCHEM,70.1,70.2,69.0,69.7,8144.0
2021-08-06 13:30:00,NSE:BIOFILCHEM,69.85,70.0,69.65,69.7,1520.0
2021-08-06 14:15:00,NSE:BIOFILCHEM,69.85,70.15,69.4,69.7,2979.0
2021-08-06 15:00:00,NSE:BIOFILCHEM,69.45,69.85,69.05,69.4,20142.0
2021-08-09 09:00:00,NSE:BIOFILCHEM,70.4,70.4,68.5,68.5,6107.0
2021-08-09 09:45:00,NSE:BIOFILCHEM,68.55,69.9,68.55,69.25,5746.0
2021-08-09 10:30:00,NSE:BIOFILCHEM,69.25,69.7,69.25,69.35,6948.0
2021-08-09 11:15:00,NSE:BIOFILCHEM,69.65,70.0,69.35,69.7,1041.0
2021-08-09 12:00:00,NSE:BIOFILCHEM,69.5,69.65,69.45,69.6,305.0
2021-08-09 12:45:00,NSE:BIOFILCHEM,69.45,69.65,69.25,69.4,532.0
2021-08-09 13:30:00,NSE:BIOFILCHEM,69.25,69.85,69.25,69.4,1444.0
2021-08-09 14:15:00,NSE:BIOFILCHEM,69.4,69.4,69.1,69.15,1778.0
2021-08-09 15:00:00,NSE:BIOFILCHEM,69.15,69.4,69.1,69.1,1696.0
2021-08-10 09:00:00,NSE:BIOFILCHEM,68.05,69.55,68.05,68.3,5502.0
2021-08-10 09:45:00,NSE:BIOFILCHEM,68.45,68.55,68.05,68.3,2564.0
2021-08-10 10:30:00,NSE:BIOFILCHEM,68.55,68.8,68.1,68.75,3450.0
2021-08-10 11:15:00,NSE:BIOFILCHEM,68.7,68.7,68.0,68.45,5802.0
2021-08-10 12:00:00,NSE:BIOFILCHEM,68.45,68.65,68.3,68.65,1481.0
2021-08-10 12:45:00,NSE:BIOFILCHEM,68.5,68.7,67.95,68.7,12580.0
2021-08-10 13:30:00,NSE:BIOFILCHEM,68.6,68.7,66.0,66.85,23287.0
2021-08-10 14:15:00,NSE:BIOFILCHEM,66.85,67.0,66.0,66.9,9115.0
2021-08-10 15:00:00,NSE:BIOFILCHEM,66.9,68.65,66.35,67.0,13345.0
2021-08-10 15:45:00,NSE:BIOFILCHEM,66.95,67.0,66.95,67.0,1200.0
2021-08-11 09:00:00,NSE:BIOFILCHEM,67.95,67.95,65.05,65.05,6471.0
2021-08-11 09:45:00,NSE:BIOFILCHEM,65.0,65.7,64.1,64.75,7922.0
2021-08-11 10:30:00,NSE:BIOFILCHEM,64.75,65.0,64.0,64.3,8752.0
2021-08-11 11:15:00,NSE:BIOFILCHEM,64.7,64.85,64.0,64.85,5300.0
2021-08-11 12:00:00,NSE:BIOFILCHEM,64.85,65.05,64.7,65.0,2792.0
2021-08-11 12:45:00,NSE:BIOFILCHEM,65.0,65.2,64.55,65.05,3238.0
2021-08-11 13:30:00,NSE:BIOFILCHEM,65.05,65.8,65.05,65.55,2998.0
2021-08-11 14:15:00,NSE:BIOFILCHEM,65.4,65.55,65.0,65.25,3242.0
2021-08-11 15:00:00,NSE:BIOFILCHEM,65.5,68.9,65.2,66.3,5167.0
2021-08-12 09:00:00,NSE:BIOFILCHEM,67.0,68.25,67.0,68.1,3169.0
2021-08-12 09:45:00,NSE:BIOFILCHEM,68.0,68.45,67.75,68.3,1954.0
2021-08-12 10:30:00,NSE:BIOFILCHEM,68.2,68.45,68.1,68.15,1173.0
2021-08-12 11:15:00,NSE:BIOFILCHEM,68.25,68.3,67.7,68.3,1803.0
2021-08-12 12:00:00,NSE:BIOFILCHEM,68.2,68.4,68.1,68.3,1266.0
2021-08-12 12:45:00,NSE:BIOFILCHEM,68.3,68.3,67.7,68.1,1261.0
2021-08-12 13:30:00,NSE:BIOFILCHEM,67.9,68.2,67.55,67.55,1629.0
2021-08-12 14:15:00,NSE:BIOFILCHEM,67.7,67.9,67.5,67.5,1266.0
2021-08-12 15:00:00,NSE:BIOFILCHEM,67.85,67.85,66.2,67.0,5994.0
2021-08-12 15:45:00,NSE:BIOFILCHEM,67.1,67.1,67.1,67.1,149.0
2021-08-13 09:00:00,NSE:BIOFILCHEM,68.7,68.85,68.0,68.0,3217.0
2021-08-13 09:45:00,NSE:BIOFILCHEM,67.5,68.6,67.25,68.2,3561.0
2021-08-13 10:30:00,NSE:BIOFILCHEM,68.2,68.7,67.95,68.25,3016.0
2021-08-13 11:15:00,NSE:BIOFILCHEM,68.45,68.5,68.0,68.3,2414.0
2021-08-13 12:00:00,NSE:BIOFILCHEM,68.3,68.35,67.75,68.35,2073.0
2021-08-13 12:45:00,NSE:BIOFILCHEM,68.3,68.75,67.0,68.0,6725.0
2021-08-13 13:30:00,NSE:BIOFILCHEM,68.5,68.5,67.1,67.65,1185.0
2021-08-13 14:15:00,NSE:BIOFILCHEM,67.75,68.4,67.55,68.2,2436.0
2021-08-13 15:00:00,NSE:BIOFILCHEM,68.2,68.2,67.0,67.4,5317.0
