datetime,symbol,open,high,low,close,volume
2019-05-10 12:00:00,NSE:MANAKSIA,36.0,36.0,35.85,35.85,202.0
2019-05-10 12:45:00,NSE:MANAKSIA,35.85,35.85,35.85,35.85,40.0
2019-05-10 13:30:00,NSE:MANAKSIA,35.9,35.9,35.9,35.9,12.0
2019-05-10 14:15:00,NSE:MANAKSIA,35.9,36.7,35.9,36.5,2065.0
2019-05-10 15:00:00,NSE:MANAKSIA,36.7,36.7,36.0,36.45,737.0
2019-05-13 09:00:00,NSE:MANAKSIA,35.6,37.05,35.6,35.85,73.0
2019-05-13 09:45:00,NSE:MANAKSIA,35.85,36.6,35.7,35.7,153.0
2019-05-13 10:30:00,NSE:MANAKSIA,35.7,35.8,34.4,35.8,3405.0
2019-05-13 11:15:00,NSE:MANAKSIA,35.5,35.5,35.0,35.0,932.0
2019-05-13 12:00:00,NSE:MANAKSIA,35.0,35.0,34.1,34.2,5655.0
2019-05-13 12:45:00,NSE:MANAKSIA,34.2,35.15,34.2,34.5,2880.0
2019-05-13 13:30:00,NSE:MANAKSIA,34.55,34.55,34.4,34.4,20.0
2019-05-13 14:15:00,NSE:MANAKSIA,34.4,34.75,34.4,34.45,1129.0
2019-05-13 15:00:00,NSE:MANAKSIA,34.55,34.85,34.45,34.45,1639.0
2019-05-13 15:45:00,NSE:MANAKSIA,34.75,34.75,34.75,34.75,460.0
2019-05-14 09:00:00,NSE:MANAKSIA,35.55,35.55,35.55,35.55,10.0
2019-05-14 09:45:00,NSE:MANAKSIA,35.55,35.55,35.55,35.55,200.0
2019-05-14 11:15:00,NSE:MANAKSIA,34.1,34.15,34.1,34.15,501.0
2019-05-14 12:00:00,NSE:MANAKSIA,35.4,35.4,34.25,34.25,101.0
2019-05-14 12:45:00,NSE:MANAKSIA,35.45,35.55,34.3,35.55,403.0
2019-05-14 13:30:00,NSE:MANAKSIA,35.6,35.6,35.6,35.6,250.0
2019-05-14 14:15:00,NSE:MANAKSIA,36.8,36.8,36.0,36.0,3.0
2019-05-14 15:00:00,NSE:MANAKSIA,35.6,36.45,35.6,35.95,962.0
2019-05-15 10:30:00,NSE:MANAKSIA,35.6,35.6,35.55,35.55,150.0
2019-05-15 11:15:00,NSE:MANAKSIA,35.9,35.9,35.9,35.9,300.0
2019-05-15 12:00:00,NSE:MANAKSIA,35.5,35.5,35.5,35.5,37.0
2019-05-15 14:15:00,NSE:MANAKSIA,35.5,35.8,35.5,35.8,101.0
2019-05-15 15:00:00,NSE:MANAKSIA,35.5,35.5,35.5,35.5,544.0
2019-05-16 09:00:00,NSE:MANAKSIA,34.5,34.7,34.5,34.55,154.0
2019-05-16 09:45:00,NSE:MANAKSIA,34.6,35.0,34.6,35.0,216.0
2019-05-16 10:30:00,NSE:MANAKSIA,35.0,35.0,35.0,35.0,395.0
2019-05-16 11:15:00,NSE:MANAKSIA,35.0,35.7,35.0,35.65,1027.0
2019-05-16 12:00:00,NSE:MANAKSIA,35.65,35.7,35.25,35.25,911.0
2019-05-16 12:45:00,NSE:MANAKSIA,35.8,35.9,35.8,35.9,454.0
2019-05-16 13:30:00,NSE:MANAKSIA,36.4,37.2,35.7,37.0,1711.0
2019-05-16 14:15:00,NSE:MANAKSIA,37.0,37.0,36.5,37.0,1892.0
2019-05-16 15:00:00,NSE:MANAKSIA,37.0,37.75,37.0,37.75,2547.0
2019-05-17 09:00:00,NSE:MANAKSIA,36.5,36.8,36.05,36.8,239.0
2019-05-17 09:45:00,NSE:MANAKSIA,36.55,36.55,36.5,36.5,16.0
2019-05-17 10:30:00,NSE:MANAKSIA,36.4,36.65,36.4,36.5,440.0
2019-05-17 11:15:00,NSE:MANAKSIA,37.2,37.2,37.2,37.2,4.0
2019-05-17 13:30:00,NSE:MANAKSIA,36.5,37.0,36.5,37.0,445.0
2019-05-17 14:15:00,NSE:MANAKSIA,36.5,37.0,36.5,37.0,2430.0
2019-05-17 15:00:00,NSE:MANAKSIA,37.05,37.1,37.05,37.1,990.0
2019-05-20 09:00:00,NSE:MANAKSIA,39.8,39.8,37.9,38.55,2971.0
2019-05-20 09:45:00,NSE:MANAKSIA,39.2,39.5,38.3,39.5,1463.0
2019-05-20 10:30:00,NSE:MANAKSIA,39.3,39.3,38.45,38.45,402.0
2019-05-20 11:15:00,NSE:MANAKSIA,39.1,39.1,38.45,38.45,75.0
2019-05-20 12:00:00,NSE:MANAKSIA,38.8,39.45,38.4,39.45,3063.0
2019-05-20 12:45:00,NSE:MANAKSIA,39.4,39.4,38.45,39.35,2180.0
2019-05-20 13:30:00,NSE:MANAKSIA,38.5,39.3,38.5,38.65,972.0
2019-05-20 14:15:00,NSE:MANAKSIA,38.65,39.2,38.4,38.55,1057.0
2019-05-20 15:00:00,NSE:MANAKSIA,38.45,38.75,37.6,37.6,4263.0
2019-05-20 15:45:00,NSE:MANAKSIA,38.2,38.2,38.2,38.2,100.0
2019-05-21 09:00:00,NSE:MANAKSIA,38.0,39.5,38.0,39.25,2059.0
2019-05-21 09:45:00,NSE:MANAKSIA,39.2,39.2,38.15,39.1,3069.0
2019-05-21 10:30:00,NSE:MANAKSIA,39.05,39.05,37.7,37.7,768.0
2019-05-21 11:15:00,NSE:MANAKSIA,37.7,37.7,37.65,37.7,710.0
2019-05-21 12:00:00,NSE:MANAKSIA,37.7,37.7,37.45,37.45,1579.0
2019-05-21 12:45:00,NSE:MANAKSIA,37.45,37.95,36.9,37.0,2002.0
2019-05-21 13:30:00,NSE:MANAKSIA,36.95,37.0,36.9,37.0,237.0
2019-05-21 14:15:00,NSE:MANAKSIA,37.0,37.0,36.95,36.95,672.0
2019-05-21 15:00:00,NSE:MANAKSIA,37.5,37.6,37.5,37.6,1051.0
2019-05-22 09:45:00,NSE:MANAKSIA,38.0,38.0,38.0,38.0,201.0
2019-05-22 11:15:00,NSE:MANAKSIA,38.0,38.0,38.0,38.0,501.0
2019-05-22 12:00:00,NSE:MANAKSIA,38.0,38.0,38.0,38.0,399.0
2019-05-22 12:45:00,NSE:MANAKSIA,38.0,38.0,37.75,38.0,401.0
2019-05-22 13:30:00,NSE:MANAKSIA,38.3,38.5,38.3,38.3,453.0
2019-05-22 14:15:00,NSE:MANAKSIA,38.15,38.75,38.1,38.1,2579.0
2019-05-22 15:00:00,NSE:MANAKSIA,38.2,38.6,38.2,38.6,150.0
2019-05-23 09:45:00,NSE:MANAKSIA,38.4,38.4,38.1,38.15,124.0
2019-05-23 10:30:00,NSE:MANAKSIA,38.4,38.4,38.0,38.0,523.0
2019-05-23 11:15:00,NSE:MANAKSIA,38.0,38.3,37.55,37.55,256.0
2019-05-23 12:00:00,NSE:MANAKSIA,37.6,37.6,37.6,37.6,96.0
2019-05-23 12:45:00,NSE:MANAKSIA,38.25,38.4,38.25,38.4,2768.0
2019-05-23 13:30:00,NSE:MANAKSIA,38.5,38.5,37.2,37.2,3765.0
2019-05-23 14:15:00,NSE:MANAKSIA,37.35,37.35,37.3,37.35,9.0
2019-05-23 15:00:00,NSE:MANAKSIA,38.05,38.4,37.25,37.25,730.0
2019-05-24 09:45:00,NSE:MANAKSIA,37.5,38.7,37.5,38.7,400.0
2019-05-24 10:30:00,NSE:MANAKSIA,38.7,38.7,38.7,38.7,110.0
2019-05-24 12:00:00,NSE:MANAKSIA,37.7,37.7,37.7,37.7,49.0
2019-05-24 12:45:00,NSE:MANAKSIA,38.6,38.65,37.7,37.7,347.0
2019-05-24 14:15:00,NSE:MANAKSIA,37.7,38.5,37.7,38.5,47.0
2019-05-24 15:00:00,NSE:MANAKSIA,38.65,38.7,37.85,38.7,867.0
2019-05-27 09:00:00,NSE:MANAKSIA,39.95,39.95,38.6,38.6,126.0
2019-05-27 09:45:00,NSE:MANAKSIA,38.4,38.4,37.8,37.8,597.0
2019-05-27 10:30:00,NSE:MANAKSIA,38.4,38.4,37.8,38.4,550.0
2019-05-27 11:15:00,NSE:MANAKSIA,38.15,38.4,38.15,38.4,814.0
2019-05-27 12:00:00,NSE:MANAKSIA,38.4,38.75,38.25,38.75,530.0
2019-05-27 12:45:00,NSE:MANAKSIA,38.25,38.25,38.15,38.15,437.0
2019-05-27 13:30:00,NSE:MANAKSIA,38.65,38.65,38.65,38.65,300.0
2019-05-27 14:15:00,NSE:MANAKSIA,38.25,38.75,38.15,38.2,2257.0
2019-05-27 15:00:00,NSE:MANAKSIA,38.7,38.7,38.7,38.7,1.0
2019-05-28 09:00:00,NSE:MANAKSIA,38.45,38.45,38.35,38.35,90.0
2019-05-28 09:45:00,NSE:MANAKSIA,38.75,38.75,38.75,38.75,200.0
2019-05-28 10:30:00,NSE:MANAKSIA,38.75,38.75,38.75,38.75,10.0
2019-05-28 11:15:00,NSE:MANAKSIA,38.35,38.35,38.3,38.3,526.0
2019-05-28 12:45:00,NSE:MANAKSIA,38.5,38.75,38.5,38.75,300.0
2019-05-28 14:15:00,NSE:MANAKSIA,38.75,38.75,38.75,38.75,800.0
2019-05-28 15:00:00,NSE:MANAKSIA,38.75,38.75,38.75,38.75,15.0
2019-05-29 09:00:00,NSE:MANAKSIA,38.35,38.75,38.35,38.75,610.0
2019-05-29 09:45:00,NSE:MANAKSIA,38.6,38.6,38.6,38.6,1.0
2019-05-29 11:15:00,NSE:MANAKSIA,38.75,38.75,38.75,38.75,148.0
2019-05-29 12:00:00,NSE:MANAKSIA,38.6,38.85,38.4,38.4,203.0
2019-05-29 12:45:00,NSE:MANAKSIA,38.35,38.35,38.35,38.35,246.0
2019-05-29 13:30:00,NSE:MANAKSIA,38.3,38.3,38.3,38.3,200.0
2019-05-29 14:15:00,NSE:MANAKSIA,38.3,38.45,38.3,38.35,7810.0
2019-05-29 15:00:00,NSE:MANAKSIA,37.5,37.6,37.5,37.6,1004.0
2019-05-30 09:00:00,NSE:MANAKSIA,39.25,39.25,38.0,38.0,226.0
2019-05-30 09:45:00,NSE:MANAKSIA,37.85,39.35,37.85,39.15,901.0
2019-05-30 10:30:00,NSE:MANAKSIA,39.15,39.25,38.6,39.2,2749.0
2019-05-30 11:15:00,NSE:MANAKSIA,38.75,38.75,38.75,38.75,76.0
2019-05-30 12:45:00,NSE:MANAKSIA,38.75,38.75,38.75,38.75,54.0
2019-05-30 13:30:00,NSE:MANAKSIA,38.75,38.75,38.75,38.75,345.0
2019-05-30 14:15:00,NSE:MANAKSIA,38.6,39.0,38.6,39.0,5073.0
2019-05-30 15:00:00,NSE:MANAKSIA,38.6,39.2,38.6,39.2,5564.0
2019-05-31 09:00:00,NSE:MANAKSIA,37.7,37.95,37.7,37.95,40.0
2019-05-31 09:45:00,NSE:MANAKSIA,37.75,38.85,37.75,38.8,1151.0
2019-05-31 10:30:00,NSE:MANAKSIA,37.85,38.75,37.85,38.05,4302.0
2019-05-31 11:15:00,NSE:MANAKSIA,38.05,38.05,38.05,38.05,1.0
2019-05-31 12:00:00,NSE:MANAKSIA,37.8,37.8,37.8,37.8,4250.0
2019-05-31 12:45:00,NSE:MANAKSIA,38.55,38.55,37.8,37.8,198.0
2019-05-31 13:30:00,NSE:MANAKSIA,37.5,38.3,37.25,37.25,1175.0
2019-05-31 14:15:00,NSE:MANAKSIA,37.3,37.3,37.3,37.3,4009.0
2019-05-31 15:00:00,NSE:MANAKSIA,37.4,37.5,37.3,37.3,1450.0
2019-06-03 09:00:00,NSE:MANAKSIA,38.15,38.15,37.35,38.0,450.0
2019-06-03 09:45:00,NSE:MANAKSIA,37.35,37.95,37.35,37.5,5302.0
2019-06-03 10:30:00,NSE:MANAKSIA,37.5,37.5,37.5,37.5,50.0
2019-06-03 11:15:00,NSE:MANAKSIA,37.5,37.6,37.5,37.6,5002.0
2019-06-03 12:00:00,NSE:MANAKSIA,37.6,38.15,37.6,38.15,2598.0
2019-06-03 12:45:00,NSE:MANAKSIA,38.15,38.15,38.15,38.15,1.0
2019-06-03 13:30:00,NSE:MANAKSIA,37.7,37.7,37.45,37.45,5172.0
2019-06-03 14:15:00,NSE:MANAKSIA,37.45,37.45,37.45,37.45,900.0
2019-06-03 15:00:00,NSE:MANAKSIA,37.6,38.2,37.35,37.45,6481.0
2019-06-04 09:00:00,NSE:MANAKSIA,37.2,37.2,37.2,37.2,8.0
2019-06-04 09:45:00,NSE:MANAKSIA,37.0,38.35,37.0,38.0,105.0
2019-06-04 10:30:00,NSE:MANAKSIA,37.55,38.0,37.35,38.0,50106.0
2019-06-04 11:15:00,NSE:MANAKSIA,37.5,37.85,37.3,37.85,70215.0
2019-06-04 12:00:00,NSE:MANAKSIA,37.45,38.7,37.45,38.0,318.0
2019-06-04 12:45:00,NSE:MANAKSIA,38.0,38.2,37.35,37.5,83780.0
2019-06-04 13:30:00,NSE:MANAKSIA,37.5,37.5,37.25,37.5,5236.0
2019-06-04 14:15:00,NSE:MANAKSIA,37.5,37.5,37.25,37.25,37550.0
2019-06-04 15:00:00,NSE:MANAKSIA,37.35,37.35,37.25,37.35,15066.0
2019-06-06 09:00:00,NSE:MANAKSIA,38.9,38.9,37.55,38.7,1559.0
2019-06-06 09:45:00,NSE:MANAKSIA,38.65,38.65,38.1,38.1,11.0
2019-06-06 10:30:00,NSE:MANAKSIA,38.4,38.4,38.4,38.4,10.0
2019-06-06 11:15:00,NSE:MANAKSIA,38.75,40.0,38.3,38.9,7977.0
2019-06-06 12:00:00,NSE:MANAKSIA,38.8,38.9,37.05,37.75,49331.0
2019-06-06 12:45:00,NSE:MANAKSIA,37.75,38.1,37.75,37.75,1400.0
2019-06-06 13:30:00,NSE:MANAKSIA,38.15,38.15,37.0,37.15,51210.0
2019-06-06 14:15:00,NSE:MANAKSIA,37.4,37.7,37.4,37.7,895.0
2019-06-06 15:00:00,NSE:MANAKSIA,37.4,38.0,37.15,37.35,2035.0
2019-06-07 09:00:00,NSE:MANAKSIA,36.6,36.8,36.6,36.8,500.0
2019-06-07 09:45:00,NSE:MANAKSIA,37.0,40.1,36.75,36.75,69352.0
2019-06-07 10:30:00,NSE:MANAKSIA,37.5,38.65,37.25,38.45,10521.0
2019-06-07 11:15:00,NSE:MANAKSIA,38.45,38.45,37.4,37.5,100233.0
2019-06-07 12:00:00,NSE:MANAKSIA,37.5,37.5,37.5,37.5,1.0
2019-06-07 12:45:00,NSE:MANAKSIA,37.5,37.5,37.5,37.5,136.0
2019-06-07 13:30:00,NSE:MANAKSIA,37.55,37.9,37.35,37.35,46718.0
2019-06-07 14:15:00,NSE:MANAKSIA,37.35,37.4,37.3,37.4,51648.0
2019-06-07 15:00:00,NSE:MANAKSIA,37.5,37.6,37.45,37.45,6537.0
2019-06-10 09:00:00,NSE:MANAKSIA,39.25,39.25,38.0,38.0,916.0
2019-06-10 09:45:00,NSE:MANAKSIA,38.0,38.5,37.45,37.45,52281.0
2019-06-10 10:30:00,NSE:MANAKSIA,37.9,38.2,37.5,37.55,4926.0
2019-06-10 11:15:00,NSE:MANAKSIA,37.7,38.0,37.5,38.0,76258.0
2019-06-10 12:00:00,NSE:MANAKSIA,38.0,38.0,37.35,37.35,51100.0
2019-06-10 12:45:00,NSE:MANAKSIA,37.4,37.9,37.25,37.5,25672.0
2019-06-10 13:30:00,NSE:MANAKSIA,37.5,37.85,37.25,37.65,53323.0
2019-06-10 14:15:00,NSE:MANAKSIA,37.9,38.2,37.25,38.2,31418.0
2019-06-10 15:00:00,NSE:MANAKSIA,38.0,38.0,37.2,37.8,3320.0
2019-06-11 09:00:00,NSE:MANAKSIA,38.9,38.9,38.9,38.9,100.0
2019-06-11 09:45:00,NSE:MANAKSIA,37.95,38.55,37.5,37.5,81555.0
2019-06-11 10:30:00,NSE:MANAKSIA,37.9,37.9,37.25,37.25,111652.0
2019-06-11 11:15:00,NSE:MANAKSIA,37.45,37.9,37.15,37.35,78879.0
2019-06-11 12:00:00,NSE:MANAKSIA,37.35,37.4,37.15,37.15,21914.0
2019-06-11 12:45:00,NSE:MANAKSIA,37.15,37.6,37.1,37.4,77556.0
2019-06-11 13:30:00,NSE:MANAKSIA,37.1,37.45,36.6,36.6,104062.0
2019-06-11 14:15:00,NSE:MANAKSIA,36.35,37.15,36.35,37.1,1363.0
2019-06-11 15:00:00,NSE:MANAKSIA,37.0,37.0,36.0,36.0,2169.0
2019-06-12 09:00:00,NSE:MANAKSIA,38.0,38.9,37.55,38.5,21196.0
2019-06-12 09:45:00,NSE:MANAKSIA,38.5,38.5,37.8,38.45,4503.0
2019-06-12 10:30:00,NSE:MANAKSIA,38.2,38.5,38.0,38.0,3564.0
2019-06-12 11:15:00,NSE:MANAKSIA,38.1,38.1,37.8,37.8,2731.0
2019-06-12 12:00:00,NSE:MANAKSIA,37.8,38.0,37.8,38.0,864.0
2019-06-12 12:45:00,NSE:MANAKSIA,38.0,38.05,37.8,37.8,1476.0
2019-06-12 13:30:00,NSE:MANAKSIA,37.8,37.8,37.5,37.7,1284.0
2019-06-12 14:15:00,NSE:MANAKSIA,37.55,38.1,37.55,38.1,6846.0
2019-06-12 15:00:00,NSE:MANAKSIA,38.05,38.2,37.6,38.05,8378.0
2019-06-13 09:00:00,NSE:MANAKSIA,37.5,38.6,36.75,38.3,1132.0
2019-06-13 09:45:00,NSE:MANAKSIA,37.5,37.5,37.0,37.0,325.0
2019-06-13 10:30:00,NSE:MANAKSIA,37.0,38.0,37.0,37.05,1006.0
2019-06-13 11:15:00,NSE:MANAKSIA,37.9,37.9,37.9,37.9,566.0
2019-06-13 12:00:00,NSE:MANAKSIA,37.0,37.85,37.0,37.85,1506.0
2019-06-13 12:45:00,NSE:MANAKSIA,37.0,37.0,37.0,37.0,1170.0
2019-06-13 13:30:00,NSE:MANAKSIA,37.75,37.75,37.05,37.05,201.0
2019-06-13 14:15:00,NSE:MANAKSIA,37.7,38.15,37.7,38.0,1335.0
2019-06-13 15:00:00,NSE:MANAKSIA,37.75,38.15,37.75,38.0,720.0
2019-06-14 09:00:00,NSE:MANAKSIA,38.0,38.0,38.0,38.0,100.0
2019-06-14 09:45:00,NSE:MANAKSIA,37.7,37.75,37.5,37.5,238.0
2019-06-14 10:30:00,NSE:MANAKSIA,37.5,38.0,37.5,38.0,514.0
2019-06-14 11:15:00,NSE:MANAKSIA,37.65,37.65,37.6,37.6,400.0
2019-06-14 12:00:00,NSE:MANAKSIA,37.0,37.15,37.0,37.15,515.0
2019-06-14 12:45:00,NSE:MANAKSIA,37.15,37.15,36.3,36.35,3178.0
2019-06-14 13:30:00,NSE:MANAKSIA,36.35,36.75,36.1,36.75,1600.0
2019-06-14 14:15:00,NSE:MANAKSIA,36.6,37.4,36.6,36.95,1277.0
2019-06-14 15:00:00,NSE:MANAKSIA,36.7,38.0,36.7,38.0,4012.0
2019-06-17 09:00:00,NSE:MANAKSIA,36.85,37.5,36.85,37.5,174.0
2019-06-17 09:45:00,NSE:MANAKSIA,37.1,37.8,37.1,37.8,542.0
2019-06-17 10:30:00,NSE:MANAKSIA,37.15,37.15,35.65,35.7,4077.0
2019-06-17 11:15:00,NSE:MANAKSIA,35.7,36.35,35.7,36.05,1680.0
2019-06-17 12:00:00,NSE:MANAKSIA,36.0,36.35,35.45,35.5,1836.0
2019-06-17 12:45:00,NSE:MANAKSIA,35.7,35.7,35.7,35.7,1.0
2019-06-17 13:30:00,NSE:MANAKSIA,36.0,36.5,35.6,35.6,1122.0
2019-06-17 15:00:00,NSE:MANAKSIA,36.15,37.0,35.75,36.25,2351.0
2019-06-18 09:00:00,NSE:MANAKSIA,35.5,38.5,35.5,36.75,2627.0
2019-06-18 09:45:00,NSE:MANAKSIA,36.75,37.15,36.55,36.65,5347.0
2019-06-18 10:30:00,NSE:MANAKSIA,37.1,37.4,36.6,36.6,2834.0
2019-06-18 11:15:00,NSE:MANAKSIA,36.75,38.4,36.55,37.35,14577.0
2019-06-18 12:00:00,NSE:MANAKSIA,37.3,37.3,36.7,37.0,1806.0
2019-06-18 12:45:00,NSE:MANAKSIA,37.0,38.0,37.0,37.55,2863.0
2019-06-18 13:30:00,NSE:MANAKSIA,37.05,37.3,36.85,37.3,184.0
2019-06-18 14:15:00,NSE:MANAKSIA,37.3,37.45,36.8,36.8,267.0
2019-06-18 15:00:00,NSE:MANAKSIA,37.45,37.45,36.55,37.0,6593.0
2019-06-19 09:00:00,NSE:MANAKSIA,36.0,37.4,36.0,36.5,5699.0
2019-06-19 09:45:00,NSE:MANAKSIA,36.55,37.3,36.55,37.2,54.0
2019-06-19 10:30:00,NSE:MANAKSIA,36.6,36.6,36.6,36.6,20.0
2019-06-19 11:15:00,NSE:MANAKSIA,37.0,37.0,36.5,36.5,1398.0
2019-06-19 12:00:00,NSE:MANAKSIA,36.8,36.8,36.25,36.4,779.0
2019-06-19 12:45:00,NSE:MANAKSIA,36.25,37.1,36.25,37.1,285.0
2019-06-19 13:30:00,NSE:MANAKSIA,36.25,36.4,36.25,36.4,5172.0
2019-06-19 14:15:00,NSE:MANAKSIA,36.3,36.3,36.3,36.3,368.0
2019-06-19 15:00:00,NSE:MANAKSIA,36.9,37.4,36.4,37.4,719.0
2019-06-20 09:00:00,NSE:MANAKSIA,36.1,36.7,36.1,36.35,62.0
2019-06-20 09:45:00,NSE:MANAKSIA,36.3,36.55,36.3,36.55,13700.0
2019-06-20 10:30:00,NSE:MANAKSIA,36.7,36.7,36.55,36.7,47.0
2019-06-20 11:15:00,NSE:MANAKSIA,36.35,37.15,36.35,37.1,5329.0
2019-06-20 12:00:00,NSE:MANAKSIA,36.7,36.7,36.7,36.7,5100.0
2019-06-20 12:45:00,NSE:MANAKSIA,36.7,37.3,36.7,37.3,154.0
2019-06-20 13:30:00,NSE:MANAKSIA,36.8,36.8,36.8,36.8,1.0
2019-06-20 14:15:00,NSE:MANAKSIA,37.4,37.4,36.85,36.85,505.0
2019-06-20 15:00:00,NSE:MANAKSIA,37.3,37.4,36.85,37.4,234.0
2019-06-21 09:00:00,NSE:MANAKSIA,37.0,37.65,36.15,36.9,1698.0
2019-06-21 09:45:00,NSE:MANAKSIA,36.0,36.05,36.0,36.05,5032.0
2019-06-21 11:15:00,NSE:MANAKSIA,36.15,36.3,36.15,36.2,1450.0
2019-06-21 12:00:00,NSE:MANAKSIA,36.55,36.55,36.25,36.25,51.0
2019-06-21 12:45:00,NSE:MANAKSIA,36.25,36.25,36.25,36.25,104.0
2019-06-21 13:30:00,NSE:MANAKSIA,36.25,36.5,36.2,36.5,700.0
2019-06-21 14:15:00,NSE:MANAKSIA,36.25,36.5,36.25,36.5,20049.0
2019-06-21 15:00:00,NSE:MANAKSIA,36.5,36.5,33.6,34.3,28843.0
2019-06-21 15:45:00,NSE:MANAKSIA,35.25,35.25,35.25,35.25,400.0
2019-06-24 09:00:00,NSE:MANAKSIA,35.0,35.05,35.0,35.05,14.0
2019-06-24 09:45:00,NSE:MANAKSIA,36.0,36.5,35.3,35.7,7905.0
2019-06-24 10:30:00,NSE:MANAKSIA,35.3,35.75,35.3,35.65,245.0
2019-06-24 11:15:00,NSE:MANAKSIA,35.25,35.95,35.25,35.95,1070.0
2019-06-24 12:00:00,NSE:MANAKSIA,35.25,35.25,35.25,35.25,10.0
2019-06-24 12:45:00,NSE:MANAKSIA,36.0,36.25,35.95,36.25,211.0
2019-06-24 13:30:00,NSE:MANAKSIA,36.15,36.15,35.3,35.6,162.0
2019-06-24 14:15:00,NSE:MANAKSIA,35.3,36.25,35.3,35.75,1598.0
2019-06-24 15:00:00,NSE:MANAKSIA,36.0,36.0,34.0,34.0,18960.0
2019-06-25 09:00:00,NSE:MANAKSIA,34.0,35.45,34.0,34.5,191.0
2019-06-25 09:45:00,NSE:MANAKSIA,34.65,35.7,34.65,35.7,8051.0
2019-06-25 11:15:00,NSE:MANAKSIA,35.1,35.15,34.65,35.15,511.0
2019-06-25 12:00:00,NSE:MANAKSIA,35.25,35.95,35.25,35.95,110.0
2019-06-25 12:45:00,NSE:MANAKSIA,35.3,35.6,35.3,35.5,195.0
2019-06-25 13:30:00,NSE:MANAKSIA,35.35,35.5,34.9,34.9,3247.0
2019-06-25 14:15:00,NSE:MANAKSIA,34.6,35.3,34.6,34.8,4771.0
2019-06-25 15:00:00,NSE:MANAKSIA,35.1,35.35,34.7,35.3,2297.0
2019-06-26 09:00:00,NSE:MANAKSIA,34.9,35.3,34.1,34.95,1502.0
2019-06-26 09:45:00,NSE:MANAKSIA,35.0,35.1,35.0,35.1,180.0
2019-06-26 10:30:00,NSE:MANAKSIA,35.2,35.2,34.8,34.85,478.0
2019-06-26 11:15:00,NSE:MANAKSIA,35.0,35.0,34.7,34.7,639.0
2019-06-26 12:00:00,NSE:MANAKSIA,34.6,35.0,34.6,35.0,561.0
2019-06-26 12:45:00,NSE:MANAKSIA,36.0,36.0,34.5,35.85,9816.0
2019-06-26 13:30:00,NSE:MANAKSIA,35.05,35.35,34.95,35.1,414.0
2019-06-26 14:15:00,NSE:MANAKSIA,35.15,35.85,35.15,35.4,624.0
2019-06-26 15:00:00,NSE:MANAKSIA,35.45,35.8,35.15,35.8,2381.0
2019-06-27 09:00:00,NSE:MANAKSIA,34.2,35.45,34.2,35.45,83.0
2019-06-27 09:45:00,NSE:MANAKSIA,35.95,36.35,35.8,35.85,7097.0
2019-06-27 10:30:00,NSE:MANAKSIA,35.85,36.35,35.85,36.05,559.0
2019-06-27 11:15:00,NSE:MANAKSIA,36.05,36.05,36.05,36.05,1.0
2019-06-27 12:00:00,NSE:MANAKSIA,36.5,36.55,35.45,36.55,7314.0
2019-06-27 12:45:00,NSE:MANAKSIA,35.7,36.5,35.7,36.5,1021.0
2019-06-27 13:30:00,NSE:MANAKSIA,36.5,36.5,36.5,36.5,75.0
2019-06-27 14:15:00,NSE:MANAKSIA,36.0,36.0,35.95,36.0,350.0
2019-06-27 15:00:00,NSE:MANAKSIA,36.05,36.45,35.55,36.0,857.0
2019-06-28 09:00:00,NSE:MANAKSIA,35.1,36.45,35.1,36.0,175.0
2019-06-28 09:45:00,NSE:MANAKSIA,35.5,36.2,35.25,35.65,5011.0
2019-06-28 10:30:00,NSE:MANAKSIA,35.65,35.65,35.6,35.65,90.0
2019-06-28 11:15:00,NSE:MANAKSIA,35.95,36.2,35.65,36.2,136.0
2019-06-28 12:00:00,NSE:MANAKSIA,35.65,35.85,35.65,35.85,76.0
2019-06-28 12:45:00,NSE:MANAKSIA,36.25,36.25,36.25,36.25,100.0
2019-06-28 13:30:00,NSE:MANAKSIA,36.2,36.2,35.5,35.5,380.0
2019-06-28 14:15:00,NSE:MANAKSIA,35.3,35.65,35.3,35.3,239.0
2019-06-28 15:00:00,NSE:MANAKSIA,35.85,35.85,35.3,35.35,389.0
2019-07-01 09:00:00,NSE:MANAKSIA,35.0,36.7,35.0,36.05,111.0
2019-07-01 09:45:00,NSE:MANAKSIA,36.5,36.5,35.35,35.35,5042.0
2019-07-01 10:30:00,NSE:MANAKSIA,36.35,36.35,35.55,35.55,313.0
2019-07-01 11:15:00,NSE:MANAKSIA,35.55,36.05,35.55,36.05,502.0
2019-07-01 12:00:00,NSE:MANAKSIA,35.6,35.6,35.35,35.35,822.0
2019-07-01 12:45:00,NSE:MANAKSIA,35.5,35.5,35.2,35.2,644.0
2019-07-01 14:15:00,NSE:MANAKSIA,35.2,35.2,35.0,35.1,3450.0
2019-07-01 15:00:00,NSE:MANAKSIA,35.35,35.4,35.1,35.15,117.0
2019-07-02 09:00:00,NSE:MANAKSIA,35.0,36.15,35.0,35.15,5045.0
2019-07-02 09:45:00,NSE:MANAKSIA,35.2,35.2,35.15,35.2,256.0
2019-07-02 10:30:00,NSE:MANAKSIA,35.2,35.45,35.15,35.15,281.0
2019-07-02 11:15:00,NSE:MANAKSIA,35.15,35.45,35.1,35.35,1375.0
2019-07-02 12:00:00,NSE:MANAKSIA,35.2,35.45,35.2,35.45,198.0
2019-07-02 12:45:00,NSE:MANAKSIA,35.1,35.7,35.1,35.65,766.0
2019-07-02 13:30:00,NSE:MANAKSIA,35.75,35.75,35.75,35.75,510.0
2019-07-02 14:15:00,NSE:MANAKSIA,35.75,35.75,35.55,35.6,102.0
2019-07-02 15:00:00,NSE:MANAKSIA,35.6,35.85,35.1,35.85,659.0
2019-07-03 09:00:00,NSE:MANAKSIA,34.8,35.9,34.8,35.35,1585.0
2019-07-03 09:45:00,NSE:MANAKSIA,35.5,36.25,35.5,36.0,1747.0
2019-07-03 10:30:00,NSE:MANAKSIA,36.5,37.85,36.0,37.5,18079.0
2019-07-03 11:15:00,NSE:MANAKSIA,37.5,37.5,36.5,36.6,2581.0
2019-07-03 12:00:00,NSE:MANAKSIA,36.55,36.8,36.35,36.6,528.0
2019-07-03 12:45:00,NSE:MANAKSIA,36.6,37.5,36.6,37.5,3367.0
2019-07-03 13:30:00,NSE:MANAKSIA,37.9,37.95,37.0,37.0,3744.0
2019-07-03 14:15:00,NSE:MANAKSIA,37.15,38.4,37.15,37.7,5550.0
2019-07-03 15:00:00,NSE:MANAKSIA,38.05,38.4,37.6,38.0,4633.0
2019-07-04 09:00:00,NSE:MANAKSIA,38.05,38.05,38.0,38.0,222.0
2019-07-04 09:45:00,NSE:MANAKSIA,37.5,37.5,37.05,37.5,236.0
2019-07-04 10:30:00,NSE:MANAKSIA,37.5,37.5,37.5,37.5,100.0
2019-07-04 11:15:00,NSE:MANAKSIA,37.5,37.5,37.4,37.4,352.0
2019-07-04 12:00:00,NSE:MANAKSIA,37.5,37.5,37.2,37.5,2321.0
2019-07-04 12:45:00,NSE:MANAKSIA,37.2,37.2,37.05,37.05,718.0
2019-07-04 13:30:00,NSE:MANAKSIA,37.1,37.1,37.1,37.1,4.0
2019-07-04 14:15:00,NSE:MANAKSIA,37.1,37.1,37.1,37.1,151.0
2019-07-04 15:00:00,NSE:MANAKSIA,37.1,37.3,36.35,36.95,3092.0
2019-07-05 09:00:00,NSE:MANAKSIA,38.85,38.85,35.35,37.75,1785.0
2019-07-05 09:45:00,NSE:MANAKSIA,37.7,37.95,36.25,36.95,3201.0
2019-07-05 10:30:00,NSE:MANAKSIA,37.05,37.05,37.05,37.05,50.0
2019-07-05 11:15:00,NSE:MANAKSIA,37.05,37.4,37.05,37.4,156.0
2019-07-05 12:00:00,NSE:MANAKSIA,37.3,38.0,37.25,37.25,902.0
2019-07-05 12:45:00,NSE:MANAKSIA,37.95,37.95,37.25,37.5,1184.0
2019-07-05 13:30:00,NSE:MANAKSIA,37.5,38.0,37.5,38.0,1094.0
2019-07-05 14:15:00,NSE:MANAKSIA,37.65,37.65,37.05,37.45,1010.0
2019-07-05 15:00:00,NSE:MANAKSIA,37.0,37.0,37.0,37.0,995.0
2019-07-08 09:00:00,NSE:MANAKSIA,37.6,37.6,36.2,36.25,163.0
2019-07-08 09:45:00,NSE:MANAKSIA,36.25,36.25,36.25,36.25,145.0
2019-07-08 10:30:00,NSE:MANAKSIA,36.65,36.95,36.3,36.45,860.0
2019-07-08 11:15:00,NSE:MANAKSIA,36.5,36.9,36.35,36.75,783.0
2019-07-08 12:00:00,NSE:MANAKSIA,36.7,36.9,35.9,36.45,2788.0
2019-07-08 12:45:00,NSE:MANAKSIA,36.5,36.5,35.5,35.9,5110.0
2019-07-08 13:30:00,NSE:MANAKSIA,35.75,36.45,35.65,35.65,351.0
2019-07-08 14:15:00,NSE:MANAKSIA,35.9,35.95,35.9,35.95,102.0
2019-07-08 15:00:00,NSE:MANAKSIA,35.65,35.9,35.65,35.85,1052.0
2019-07-09 09:00:00,NSE:MANAKSIA,34.25,36.1,34.25,35.3,72.0
2019-07-09 09:45:00,NSE:MANAKSIA,35.55,36.9,35.55,35.7,586.0
2019-07-09 10:30:00,NSE:MANAKSIA,35.6,35.6,35.5,35.6,490.0
2019-07-09 11:15:00,NSE:MANAKSIA,35.55,36.95,35.5,36.55,392.0
2019-07-09 12:00:00,NSE:MANAKSIA,36.35,36.65,35.55,36.15,200.0
2019-07-09 12:45:00,NSE:MANAKSIA,35.5,36.55,35.5,36.0,407.0
2019-07-09 14:15:00,NSE:MANAKSIA,36.7,38.85,36.7,37.75,9156.0
2019-07-09 15:00:00,NSE:MANAKSIA,37.05,37.05,36.45,36.95,2947.0
2019-07-10 09:00:00,NSE:MANAKSIA,35.7,37.0,35.7,36.6,112.0
2019-07-10 09:45:00,NSE:MANAKSIA,36.5,37.3,36.35,36.95,301.0
2019-07-10 10:30:00,NSE:MANAKSIA,36.55,36.9,36.15,36.15,838.0
2019-07-10 11:15:00,NSE:MANAKSIA,36.25,36.25,36.2,36.25,102.0
2019-07-10 12:00:00,NSE:MANAKSIA,36.25,36.75,35.75,36.65,5408.0
2019-07-10 12:45:00,NSE:MANAKSIA,35.95,36.0,35.95,36.0,794.0
2019-07-10 13:30:00,NSE:MANAKSIA,35.95,35.95,35.8,35.8,7.0
2019-07-10 14:15:00,NSE:MANAKSIA,36.0,36.0,35.45,35.45,3317.0
2019-07-10 15:00:00,NSE:MANAKSIA,35.4,35.7,35.1,35.25,3298.0
2019-07-11 09:00:00,NSE:MANAKSIA,35.0,36.55,35.0,36.55,417.0
2019-07-11 09:45:00,NSE:MANAKSIA,36.5,36.5,35.85,35.85,29.0
2019-07-11 11:15:00,NSE:MANAKSIA,35.55,35.55,35.55,35.55,1.0
2019-07-11 12:00:00,NSE:MANAKSIA,35.3,35.6,35.3,35.6,2971.0
2019-07-11 12:45:00,NSE:MANAKSIA,35.55,35.55,35.35,35.35,102.0
2019-07-11 13:30:00,NSE:MANAKSIA,35.45,35.45,35.35,35.35,201.0
2019-07-11 14:15:00,NSE:MANAKSIA,35.35,35.45,35.35,35.45,233.0
2019-07-11 15:00:00,NSE:MANAKSIA,35.35,35.55,35.35,35.55,961.0
2019-07-12 09:00:00,NSE:MANAKSIA,35.0,37.9,34.6,35.25,7331.0
2019-07-12 09:45:00,NSE:MANAKSIA,35.35,35.7,35.35,35.7,72.0
2019-07-12 10:30:00,NSE:MANAKSIA,35.5,35.85,35.5,35.8,271.0
2019-07-12 11:15:00,NSE:MANAKSIA,35.35,35.35,35.35,35.35,200.0
2019-07-12 12:00:00,NSE:MANAKSIA,35.65,35.65,35.6,35.6,40.0
2019-07-12 12:45:00,NSE:MANAKSIA,36.15,36.15,36.15,36.15,401.0
2019-07-12 13:30:00,NSE:MANAKSIA,36.0,36.0,36.0,36.0,328.0
2019-07-12 14:15:00,NSE:MANAKSIA,35.45,35.5,35.4,35.4,320.0
2019-07-12 15:00:00,NSE:MANAKSIA,35.5,35.5,35.4,35.5,612.0
2019-07-15 09:00:00,NSE:MANAKSIA,35.0,36.65,34.75,35.2,1137.0
2019-07-15 09:45:00,NSE:MANAKSIA,34.9,35.3,34.9,35.1,8171.0
2019-07-15 11:15:00,NSE:MANAKSIA,35.15,35.95,35.05,35.95,471.0
2019-07-15 12:00:00,NSE:MANAKSIA,35.5,36.35,35.3,35.3,465.0
2019-07-15 13:30:00,NSE:MANAKSIA,35.4,35.4,35.4,35.4,1.0
2019-07-15 14:15:00,NSE:MANAKSIA,35.4,35.4,35.15,35.2,154.0
2019-07-15 15:00:00,NSE:MANAKSIA,35.3,35.85,35.15,35.8,392.0
2019-07-16 09:00:00,NSE:MANAKSIA,35.3,39.35,35.1,36.7,8153.0
2019-07-16 09:45:00,NSE:MANAKSIA,36.7,36.85,36.15,36.2,828.0
2019-07-16 10:30:00,NSE:MANAKSIA,36.7,36.7,36.35,36.45,133.0
2019-07-16 11:15:00,NSE:MANAKSIA,36.45,36.45,36.3,36.3,1085.0
2019-07-16 12:00:00,NSE:MANAKSIA,36.0,36.0,35.55,35.55,6226.0
2019-07-16 12:45:00,NSE:MANAKSIA,35.85,36.0,35.5,35.65,224.0
2019-07-16 13:30:00,NSE:MANAKSIA,35.9,35.9,35.6,35.6,202.0
2019-07-16 14:15:00,NSE:MANAKSIA,35.35,35.65,35.35,35.4,59.0
2019-07-16 15:00:00,NSE:MANAKSIA,35.65,36.3,35.45,36.3,382.0
2019-07-17 09:00:00,NSE:MANAKSIA,36.85,36.85,35.9,36.7,2169.0
2019-07-17 09:45:00,NSE:MANAKSIA,37.5,37.5,35.6,35.85,3877.0
2019-07-17 11:15:00,NSE:MANAKSIA,36.5,36.8,36.05,36.65,617.0
2019-07-17 12:45:00,NSE:MANAKSIA,36.65,36.65,36.65,36.65,100.0
2019-07-17 14:15:00,NSE:MANAKSIA,36.6,36.6,36.15,36.15,110.0
2019-07-17 15:00:00,NSE:MANAKSIA,36.3,36.3,35.5,35.5,2045.0
2019-07-18 09:00:00,NSE:MANAKSIA,35.3,36.15,35.3,35.3,96.0
2019-07-18 10:30:00,NSE:MANAKSIA,36.0,36.0,36.0,36.0,10.0
2019-07-18 12:45:00,NSE:MANAKSIA,35.55,35.55,35.55,35.55,251.0
2019-07-18 13:30:00,NSE:MANAKSIA,35.95,36.1,34.55,34.9,1647.0
2019-07-18 14:15:00,NSE:MANAKSIA,34.7,34.9,34.6,34.6,469.0
2019-07-18 15:00:00,NSE:MANAKSIA,34.9,35.55,34.6,34.85,543.0
2019-07-19 09:00:00,NSE:MANAKSIA,37.3,37.3,34.95,35.6,11.0
2019-07-19 10:30:00,NSE:MANAKSIA,35.0,35.0,35.0,35.0,5.0
2019-07-19 11:15:00,NSE:MANAKSIA,35.0,35.0,34.85,34.85,1015.0
2019-07-19 12:00:00,NSE:MANAKSIA,34.55,34.7,34.5,34.7,670.0
2019-07-19 12:45:00,NSE:MANAKSIA,35.0,35.0,34.7,34.7,22.0
2019-07-19 13:30:00,NSE:MANAKSIA,34.7,34.8,34.55,34.8,534.0
2019-07-19 14:15:00,NSE:MANAKSIA,34.6,34.65,34.6,34.65,145.0
2019-07-19 15:00:00,NSE:MANAKSIA,34.7,34.8,34.6,34.6,1087.0
2019-07-22 09:00:00,NSE:MANAKSIA,34.05,34.7,34.05,34.7,1129.0
2019-07-22 09:45:00,NSE:MANAKSIA,34.0,34.05,34.0,34.05,1002.0
2019-07-22 10:30:00,NSE:MANAKSIA,34.0,34.0,33.95,33.95,1200.0
2019-07-22 12:00:00,NSE:MANAKSIA,34.0,34.25,32.8,33.35,5651.0
2019-07-22 12:45:00,NSE:MANAKSIA,33.05,33.05,31.65,31.65,5341.0
2019-07-22 13:30:00,NSE:MANAKSIA,31.95,32.8,31.95,32.05,6713.0
2019-07-22 14:15:00,NSE:MANAKSIA,32.5,32.5,32.5,32.5,329.0
2019-07-22 15:00:00,NSE:MANAKSIA,32.35,32.5,32.35,32.5,5158.0
2019-07-23 09:00:00,NSE:MANAKSIA,31.8,33.0,31.8,32.05,257.0
2019-07-23 09:45:00,NSE:MANAKSIA,32.05,32.65,32.05,32.65,649.0
2019-07-23 10:30:00,NSE:MANAKSIA,32.65,32.9,32.2,32.75,2728.0
2019-07-23 11:15:00,NSE:MANAKSIA,32.3,32.5,32.3,32.45,869.0
2019-07-23 12:00:00,NSE:MANAKSIA,32.45,32.45,32.45,32.45,589.0
2019-07-23 12:45:00,NSE:MANAKSIA,32.45,32.45,32.35,32.35,271.0
2019-07-23 13:30:00,NSE:MANAKSIA,32.45,32.45,32.45,32.45,5.0
2019-07-23 14:15:00,NSE:MANAKSIA,32.45,32.45,32.45,32.45,20.0
2019-07-23 15:00:00,NSE:MANAKSIA,32.35,32.95,32.3,32.45,3808.0
2019-07-24 09:00:00,NSE:MANAKSIA,31.1,32.45,31.1,32.35,303.0
2019-07-24 09:45:00,NSE:MANAKSIA,32.35,32.35,32.35,32.35,500.0
2019-07-24 11:15:00,NSE:MANAKSIA,32.05,32.05,32.05,32.05,1.0
2019-07-24 12:00:00,NSE:MANAKSIA,32.3,32.3,32.05,32.05,188.0
2019-07-24 12:45:00,NSE:MANAKSIA,32.5,32.5,32.5,32.5,285.0
2019-07-24 13:30:00,NSE:MANAKSIA,32.5,32.5,32.05,32.05,336.0
2019-07-24 15:00:00,NSE:MANAKSIA,32.3,32.5,32.1,32.5,865.0
2019-07-25 09:00:00,NSE:MANAKSIA,31.6,31.6,31.4,31.4,583.0
2019-07-25 09:45:00,NSE:MANAKSIA,31.5,32.5,31.5,32.5,1544.0
2019-07-25 10:30:00,NSE:MANAKSIA,32.45,32.45,31.65,32.35,505.0
2019-07-25 11:15:00,NSE:MANAKSIA,32.35,32.35,31.65,31.65,75.0
2019-07-25 12:00:00,NSE:MANAKSIA,32.25,32.25,32.0,32.0,125.0
2019-07-25 12:45:00,NSE:MANAKSIA,31.65,31.65,30.1,30.5,5043.0
2019-07-25 13:30:00,NSE:MANAKSIA,30.8,31.3,30.8,30.85,300.0
2019-07-25 14:15:00,NSE:MANAKSIA,30.85,30.95,30.65,30.65,118.0
2019-07-25 15:00:00,NSE:MANAKSIA,30.6,31.2,30.6,31.15,928.0
2019-07-26 09:00:00,NSE:MANAKSIA,30.15,32.35,30.15,31.65,291.0
2019-07-26 09:45:00,NSE:MANAKSIA,32.0,32.0,30.4,31.0,1043.0
2019-07-26 10:30:00,NSE:MANAKSIA,30.4,31.0,30.2,31.0,2933.0
2019-07-26 11:15:00,NSE:MANAKSIA,31.0,31.0,30.4,30.4,170.0
2019-07-26 12:00:00,NSE:MANAKSIA,30.95,31.75,30.95,31.5,7441.0
2019-07-26 12:45:00,NSE:MANAKSIA,31.25,31.25,30.65,31.0,2376.0
2019-07-26 13:30:00,NSE:MANAKSIA,31.0,31.0,31.0,31.0,883.0
2019-07-26 14:15:00,NSE:MANAKSIA,30.5,31.0,30.5,31.0,6324.0
2019-07-26 15:00:00,NSE:MANAKSIA,31.0,31.65,30.95,31.5,1191.0
2019-07-26 15:45:00,NSE:MANAKSIA,31.4,31.4,31.4,31.4,185.0
2019-07-29 09:00:00,NSE:MANAKSIA,31.45,31.5,30.35,31.5,2749.0
2019-07-29 09:45:00,NSE:MANAKSIA,31.0,31.5,31.0,31.0,2020.0
2019-07-29 10:30:00,NSE:MANAKSIA,31.45,31.45,31.4,31.4,150.0
2019-07-29 11:15:00,NSE:MANAKSIA,31.4,31.4,31.0,31.0,1100.0
2019-07-29 12:00:00,NSE:MANAKSIA,30.9,30.9,30.5,30.5,261.0
2019-07-29 12:45:00,NSE:MANAKSIA,30.5,30.9,30.5,30.9,493.0
2019-07-29 13:30:00,NSE:MANAKSIA,30.6,30.6,30.6,30.6,1.0
2019-07-29 14:15:00,NSE:MANAKSIA,30.85,30.85,30.6,30.6,540.0
2019-07-29 15:00:00,NSE:MANAKSIA,30.5,30.7,30.5,30.7,3205.0
2019-07-30 09:00:00,NSE:MANAKSIA,30.0,31.0,30.0,30.25,1246.0
2019-07-30 09:45:00,NSE:MANAKSIA,30.5,30.75,30.5,30.5,22.0
2019-07-30 10:30:00,NSE:MANAKSIA,30.75,30.75,30.5,30.5,2.0
2019-07-30 11:15:00,NSE:MANAKSIA,30.5,30.5,30.3,30.3,329.0
2019-07-30 12:00:00,NSE:MANAKSIA,30.3,30.3,30.3,30.3,50.0
2019-07-30 12:45:00,NSE:MANAKSIA,30.0,30.3,30.0,30.3,478.0
2019-07-30 14:15:00,NSE:MANAKSIA,30.05,30.25,29.6,30.25,1631.0
2019-07-30 15:00:00,NSE:MANAKSIA,29.8,30.0,29.8,29.85,158.0
2019-07-31 09:00:00,NSE:MANAKSIA,29.05,29.25,28.2,29.1,1960.0
2019-07-31 09:45:00,NSE:MANAKSIA,29.2,32.4,29.2,30.1,2181.0
2019-07-31 10:30:00,NSE:MANAKSIA,30.1,30.1,29.35,29.35,413.0
2019-07-31 11:15:00,NSE:MANAKSIA,29.75,29.8,29.7,29.7,1016.0
2019-07-31 12:00:00,NSE:MANAKSIA,29.7,31.0,29.7,30.95,955.0
2019-07-31 12:45:00,NSE:MANAKSIA,30.1,30.85,30.1,30.85,2.0
2019-07-31 13:30:00,NSE:MANAKSIA,30.05,30.15,30.05,30.15,21.0
2019-07-31 14:15:00,NSE:MANAKSIA,30.9,30.9,30.9,30.9,1000.0
2019-07-31 15:00:00,NSE:MANAKSIA,30.9,31.5,30.1,31.15,3857.0
2019-08-01 09:00:00,NSE:MANAKSIA,29.5,31.95,29.5,30.2,47.0
2019-08-01 09:45:00,NSE:MANAKSIA,30.55,31.5,30.25,30.3,1046.0
2019-08-01 10:30:00,NSE:MANAKSIA,31.0,31.0,31.0,31.0,368.0
2019-08-01 11:15:00,NSE:MANAKSIA,31.0,31.85,31.0,31.75,258.0
2019-08-01 12:00:00,NSE:MANAKSIA,30.5,30.5,29.85,30.3,18586.0
2019-08-01 12:45:00,NSE:MANAKSIA,29.85,30.0,29.85,30.0,211.0
2019-08-01 14:15:00,NSE:MANAKSIA,29.95,30.0,29.85,29.85,1158.0
2019-08-01 15:00:00,NSE:MANAKSIA,29.4,30.3,29.4,30.3,1976.0
2019-08-02 09:00:00,NSE:MANAKSIA,29.2,30.3,29.2,30.3,171.0
2019-08-02 09:45:00,NSE:MANAKSIA,30.3,30.3,30.0,30.0,471.0
2019-08-02 10:30:00,NSE:MANAKSIA,30.3,30.3,30.3,30.3,121.0
2019-08-02 12:00:00,NSE:MANAKSIA,30.25,30.3,30.25,30.3,1342.0
2019-08-02 12:45:00,NSE:MANAKSIA,30.3,30.3,30.3,30.3,817.0
2019-08-02 14:15:00,NSE:MANAKSIA,30.5,31.0,30.35,31.0,1498.0
2019-08-02 15:00:00,NSE:MANAKSIA,31.0,31.4,30.45,31.4,8151.0
2019-08-02 15:45:00,NSE:MANAKSIA,31.0,31.0,31.0,31.0,1024.0
2019-08-05 09:00:00,NSE:MANAKSIA,29.8,31.8,29.8,31.75,906.0
2019-08-05 09:45:00,NSE:MANAKSIA,30.0,31.45,29.9,30.0,853.0
2019-08-05 10:30:00,NSE:MANAKSIA,30.3,30.95,30.3,30.95,2.0
2019-08-05 11:15:00,NSE:MANAKSIA,31.45,31.45,30.8,30.8,171.0
2019-08-05 12:00:00,NSE:MANAKSIA,31.0,31.35,30.7,31.05,1701.0
2019-08-05 12:45:00,NSE:MANAKSIA,31.25,31.4,30.65,30.7,2751.0
2019-08-05 13:30:00,NSE:MANAKSIA,30.7,30.7,30.7,30.7,1.0
2019-08-05 14:15:00,NSE:MANAKSIA,31.4,31.4,30.7,31.0,267.0
2019-08-05 15:00:00,NSE:MANAKSIA,31.45,31.5,30.75,31.4,957.0
2019-08-06 09:00:00,NSE:MANAKSIA,30.6,30.85,30.6,30.85,369.0
2019-08-06 09:45:00,NSE:MANAKSIA,31.6,31.8,31.2,31.7,2500.0
2019-08-06 10:30:00,NSE:MANAKSIA,32.0,32.0,32.0,32.0,112.0
2019-08-06 11:15:00,NSE:MANAKSIA,31.05,31.45,30.9,30.9,195225.0
2019-08-06 12:00:00,NSE:MANAKSIA,31.3,31.8,31.3,31.75,1077.0
2019-08-06 13:30:00,NSE:MANAKSIA,31.5,31.75,31.5,31.75,313.0
2019-08-06 14:15:00,NSE:MANAKSIA,31.3,31.9,31.3,31.9,342.0
2019-08-06 15:00:00,NSE:MANAKSIA,31.85,31.85,31.45,31.85,1885.0
2019-08-07 09:00:00,NSE:MANAKSIA,32.5,32.5,32.5,32.5,36.0
2019-08-07 09:45:00,NSE:MANAKSIA,32.35,32.35,31.0,31.75,880.0
2019-08-07 10:30:00,NSE:MANAKSIA,32.25,32.25,32.25,32.25,100.0
2019-08-07 11:15:00,NSE:MANAKSIA,32.25,32.3,31.75,31.75,550.0
2019-08-07 12:00:00,NSE:MANAKSIA,32.0,32.0,32.0,32.0,32.0
2019-08-07 12:45:00,NSE:MANAKSIA,31.85,31.85,31.85,31.85,30.0
2019-08-07 13:30:00,NSE:MANAKSIA,31.4,31.9,31.4,31.9,1006.0
2019-08-07 14:15:00,NSE:MANAKSIA,32.3,32.3,32.05,32.05,345.0
2019-08-07 15:00:00,NSE:MANAKSIA,31.8,31.8,30.6,30.6,502.0
2019-08-07 15:45:00,NSE:MANAKSIA,31.25,31.25,31.25,31.25,35.0
2019-08-08 09:00:00,NSE:MANAKSIA,30.8,32.45,30.75,32.3,3103.0
2019-08-08 09:45:00,NSE:MANAKSIA,31.75,32.2,31.75,32.2,23.0
2019-08-08 10:30:00,NSE:MANAKSIA,31.55,32.2,31.2,32.2,17210.0
2019-08-08 11:15:00,NSE:MANAKSIA,31.0,31.0,30.85,31.0,129862.0
2019-08-08 12:00:00,NSE:MANAKSIA,31.3,31.9,30.7,30.7,9043.0
2019-08-08 12:45:00,NSE:MANAKSIA,30.7,31.85,30.55,30.85,3499.0
2019-08-08 13:30:00,NSE:MANAKSIA,30.7,30.7,30.7,30.7,44.0
2019-08-08 15:00:00,NSE:MANAKSIA,30.95,30.95,30.7,30.7,187.0
2019-08-09 09:00:00,NSE:MANAKSIA,32.0,32.0,31.85,32.0,231.0
2019-08-09 09:45:00,NSE:MANAKSIA,31.85,32.0,31.85,31.9,51.0
2019-08-09 10:30:00,NSE:MANAKSIA,32.0,32.3,32.0,32.3,65.0
2019-08-09 11:15:00,NSE:MANAKSIA,31.6,32.2,31.6,32.2,185.0
2019-08-09 12:00:00,NSE:MANAKSIA,32.2,32.2,32.2,32.2,17.0
2019-08-09 12:45:00,NSE:MANAKSIA,31.95,31.95,31.55,31.55,100.0
2019-08-09 13:30:00,NSE:MANAKSIA,31.55,31.55,31.55,31.55,157.0
2019-08-09 14:15:00,NSE:MANAKSIA,31.5,31.5,31.5,31.5,926.0
2019-08-09 15:00:00,NSE:MANAKSIA,31.5,31.55,31.5,31.55,1210.0
2019-08-13 09:00:00,NSE:MANAKSIA,31.3,31.55,31.3,31.3,186.0
2019-08-13 09:45:00,NSE:MANAKSIA,31.3,31.6,30.8,30.8,386.0
2019-08-13 10:30:00,NSE:MANAKSIA,30.75,31.85,30.05,31.0,2076.0
2019-08-13 11:15:00,NSE:MANAKSIA,30.85,31.0,30.25,30.9,4599.0
2019-08-13 12:00:00,NSE:MANAKSIA,30.55,30.85,30.45,30.75,183.0
2019-08-13 12:45:00,NSE:MANAKSIA,30.8,30.8,30.8,30.8,2.0
2019-08-13 13:30:00,NSE:MANAKSIA,30.5,30.5,28.65,29.95,3209.0
2019-08-13 14:15:00,NSE:MANAKSIA,29.85,29.85,29.05,29.1,378.0
2019-08-13 15:00:00,NSE:MANAKSIA,29.85,29.85,28.7,29.15,1541.0
2019-08-14 09:00:00,NSE:MANAKSIA,30.9,30.9,30.25,30.25,234.0
2019-08-14 09:45:00,NSE:MANAKSIA,30.4,30.5,30.4,30.5,693.0
2019-08-14 10:30:00,NSE:MANAKSIA,30.7,30.7,30.5,30.5,653.0
2019-08-14 11:15:00,NSE:MANAKSIA,30.1,30.75,30.1,30.75,750.0
2019-08-14 12:00:00,NSE:MANAKSIA,31.0,31.1,30.5,31.0,2315.0
2019-08-14 12:45:00,NSE:MANAKSIA,30.3,30.9,30.3,30.5,102.0
2019-08-14 13:30:00,NSE:MANAKSIA,30.5,31.4,30.45,31.25,2230.0
2019-08-14 14:15:00,NSE:MANAKSIA,31.0,31.0,31.0,31.0,1000.0
2019-08-14 15:00:00,NSE:MANAKSIA,31.1,31.4,30.2,30.25,3801.0
2019-08-16 09:00:00,NSE:MANAKSIA,30.25,31.7,30.25,31.15,2010.0
2019-08-16 09:45:00,NSE:MANAKSIA,31.15,31.5,30.7,30.7,399.0
2019-08-16 10:30:00,NSE:MANAKSIA,31.15,31.35,30.75,31.0,3862.0
2019-08-16 11:15:00,NSE:MANAKSIA,31.05,31.45,31.0,31.0,157.0
2019-08-16 12:00:00,NSE:MANAKSIA,30.45,30.5,30.45,30.45,2928.0
2019-08-16 12:45:00,NSE:MANAKSIA,30.95,30.95,30.95,30.95,257.0
2019-08-16 14:15:00,NSE:MANAKSIA,31.0,31.0,30.9,30.9,62.0
2019-08-16 15:00:00,NSE:MANAKSIA,30.7,31.5,30.55,31.5,315.0
2019-08-19 09:00:00,NSE:MANAKSIA,32.4,32.4,30.6,31.05,54.0
2019-08-19 09:45:00,NSE:MANAKSIA,31.5,31.75,31.5,31.75,102.0
2019-08-19 10:30:00,NSE:MANAKSIA,31.75,31.75,31.5,31.75,180.0
2019-08-19 11:15:00,NSE:MANAKSIA,31.5,31.75,31.5,31.75,748.0
2019-08-19 12:00:00,NSE:MANAKSIA,31.5,31.75,31.5,31.75,55.0
2019-08-19 12:45:00,NSE:MANAKSIA,31.5,31.5,31.5,31.5,21.0
2019-08-19 13:30:00,NSE:MANAKSIA,31.5,31.5,31.5,31.5,150.0
2019-08-19 14:15:00,NSE:MANAKSIA,31.5,31.75,31.5,31.75,365.0
2019-08-19 15:00:00,NSE:MANAKSIA,32.0,32.0,31.9,32.0,706.0
2019-08-20 09:45:00,NSE:MANAKSIA,31.9,31.9,31.9,31.9,30.0
2019-08-20 10:30:00,NSE:MANAKSIA,31.75,31.75,31.5,31.5,12.0
2019-08-20 11:15:00,NSE:MANAKSIA,31.5,31.6,31.3,31.6,3631.0
2019-08-20 12:00:00,NSE:MANAKSIA,31.3,31.6,29.45,30.05,4611.0
2019-08-20 12:45:00,NSE:MANAKSIA,30.1,30.35,30.1,30.35,106.0
2019-08-20 13:30:00,NSE:MANAKSIA,30.3,30.35,30.15,30.2,371.0
2019-08-20 14:15:00,NSE:MANAKSIA,30.35,30.4,30.35,30.4,337.0
2019-08-20 15:00:00,NSE:MANAKSIA,30.5,31.5,30.2,31.5,1712.0
2019-08-21 10:30:00,NSE:MANAKSIA,31.0,31.35,31.0,31.0,122.0
2019-08-21 11:15:00,NSE:MANAKSIA,31.0,31.0,30.4,30.75,1380.0
2019-08-21 12:00:00,NSE:MANAKSIA,30.55,30.85,30.05,30.25,3468.0
2019-08-21 12:45:00,NSE:MANAKSIA,30.15,31.15,30.15,30.95,1853.0
2019-08-21 13:30:00,NSE:MANAKSIA,30.95,30.95,30.95,30.95,100.0
2019-08-21 14:15:00,NSE:MANAKSIA,30.4,30.9,30.4,30.55,41.0
2019-08-21 15:00:00,NSE:MANAKSIA,30.55,30.95,30.5,30.8,144.0
2019-08-22 09:00:00,NSE:MANAKSIA,31.65,31.65,31.65,31.65,10.0
2019-08-22 09:45:00,NSE:MANAKSIA,30.45,30.6,30.45,30.6,9.0
2019-08-22 10:30:00,NSE:MANAKSIA,30.6,30.6,30.0,30.3,1545.0
2019-08-22 11:15:00,NSE:MANAKSIA,30.3,30.3,29.65,29.95,520.0
2019-08-22 12:00:00,NSE:MANAKSIA,29.95,29.95,29.75,29.75,145.0
2019-08-22 12:45:00,NSE:MANAKSIA,29.85,29.85,29.55,29.55,539.0
2019-08-22 13:30:00,NSE:MANAKSIA,29.85,30.35,29.1,30.35,1730.0
2019-08-22 14:15:00,NSE:MANAKSIA,29.05,29.85,29.05,29.7,573.0
2019-08-22 15:00:00,NSE:MANAKSIA,29.5,29.95,29.5,29.5,334.0
2019-08-23 09:45:00,NSE:MANAKSIA,30.8,30.8,29.2,29.3,94.0
2019-08-23 10:30:00,NSE:MANAKSIA,30.3,30.3,30.3,30.3,10.0
2019-08-23 11:15:00,NSE:MANAKSIA,30.0,30.05,29.85,30.0,966.0
2019-08-23 12:00:00,NSE:MANAKSIA,29.85,30.05,29.75,29.75,31.0
2019-08-23 12:45:00,NSE:MANAKSIA,29.75,30.05,29.75,30.05,71.0
2019-08-23 13:30:00,NSE:MANAKSIA,29.7,30.2,29.7,30.2,370.0
2019-08-23 14:15:00,NSE:MANAKSIA,30.2,30.2,30.2,30.2,50.0
2019-08-23 15:00:00,NSE:MANAKSIA,30.2,30.75,29.85,30.7,3281.0
2019-08-26 09:00:00,NSE:MANAKSIA,32.45,32.45,30.2,31.0,232.0
2019-08-26 09:45:00,NSE:MANAKSIA,30.95,30.95,29.65,30.3,1107.0
2019-08-26 10:30:00,NSE:MANAKSIA,30.2,30.2,30.0,30.0,101.0
2019-08-26 11:15:00,NSE:MANAKSIA,30.0,30.0,29.5,29.7,1505.0
2019-08-26 12:00:00,NSE:MANAKSIA,29.9,29.9,29.9,29.9,1.0
2019-08-26 12:45:00,NSE:MANAKSIA,30.0,30.2,30.0,30.2,644.0
2019-08-26 13:30:00,NSE:MANAKSIA,30.0,30.1,30.0,30.1,264.0
2019-08-26 14:15:00,NSE:MANAKSIA,30.25,30.3,30.25,30.3,433.0
2019-08-26 15:00:00,NSE:MANAKSIA,30.35,30.9,30.25,30.25,606.0
2019-08-27 09:45:00,NSE:MANAKSIA,31.4,31.4,29.45,31.25,271.0
2019-08-27 10:30:00,NSE:MANAKSIA,30.3,30.5,30.3,30.5,14.0
2019-08-27 11:15:00,NSE:MANAKSIA,30.25,31.1,30.2,30.65,247.0
2019-08-27 12:00:00,NSE:MANAKSIA,31.1,31.15,30.2,31.0,759.0
2019-08-27 12:45:00,NSE:MANAKSIA,31.0,31.3,30.25,30.3,640.0
2019-08-27 13:30:00,NSE:MANAKSIA,30.5,30.75,30.5,30.75,54.0
2019-08-27 15:00:00,NSE:MANAKSIA,30.3,30.3,30.3,30.3,40.0
2019-08-28 09:00:00,NSE:MANAKSIA,31.55,31.55,30.35,30.35,140.0
2019-08-28 09:45:00,NSE:MANAKSIA,30.5,31.5,30.5,31.5,44.0
2019-08-28 10:30:00,NSE:MANAKSIA,30.35,31.35,30.35,30.6,532.0
2019-08-28 11:15:00,NSE:MANAKSIA,30.6,31.0,30.6,30.6,52.0
2019-08-28 12:00:00,NSE:MANAKSIA,31.3,31.3,31.25,31.25,973.0
2019-08-28 12:45:00,NSE:MANAKSIA,30.45,30.45,30.45,30.45,180.0
2019-08-28 15:00:00,NSE:MANAKSIA,30.45,30.45,29.4,29.4,7150.0
2019-08-29 09:00:00,NSE:MANAKSIA,29.8,30.65,29.8,30.65,50.0
2019-08-29 09:45:00,NSE:MANAKSIA,30.4,30.4,30.4,30.4,1.0
2019-08-29 10:30:00,NSE:MANAKSIA,29.8,30.45,29.8,30.45,14.0
2019-08-29 11:15:00,NSE:MANAKSIA,30.45,30.5,30.45,30.5,176.0
2019-08-29 12:00:00,NSE:MANAKSIA,30.1,30.3,29.85,29.85,1641.0
2019-08-29 12:45:00,NSE:MANAKSIA,29.95,30.5,29.95,30.1,527.0
2019-08-29 13:30:00,NSE:MANAKSIA,30.1,30.1,30.1,30.1,300.0
2019-08-29 14:15:00,NSE:MANAKSIA,30.25,30.5,30.25,30.25,1098.0
2019-08-29 15:00:00,NSE:MANAKSIA,30.25,30.5,30.25,30.5,210.0
2019-08-30 09:00:00,NSE:MANAKSIA,31.2,31.2,31.0,31.0,102.0
2019-08-30 09:45:00,NSE:MANAKSIA,30.5,31.0,30.5,30.95,110.0
2019-08-30 10:30:00,NSE:MANAKSIA,30.5,30.5,30.5,30.5,25.0
2019-08-30 12:00:00,NSE:MANAKSIA,30.5,30.5,30.5,30.5,145.0
2019-08-30 12:45:00,NSE:MANAKSIA,30.5,30.5,30.45,30.45,1002.0
2019-08-30 14:15:00,NSE:MANAKSIA,30.45,30.45,30.45,30.45,52.0
2019-08-30 15:00:00,NSE:MANAKSIA,30.9,30.95,30.8,30.8,116.0
2019-09-03 09:00:00,NSE:MANAKSIA,30.65,30.65,30.65,30.65,14.0
2019-09-03 09:45:00,NSE:MANAKSIA,30.65,30.65,30.65,30.65,100.0
2019-09-03 10:30:00,NSE:MANAKSIA,30.95,31.5,30.95,31.5,6101.0
2019-09-03 11:15:00,NSE:MANAKSIA,31.4,31.4,31.05,31.4,127.0
2019-09-03 12:00:00,NSE:MANAKSIA,31.05,31.05,31.05,31.05,225.0
2019-09-03 13:30:00,NSE:MANAKSIA,31.4,32.45,31.4,31.75,5434.0
2019-09-03 14:15:00,NSE:MANAKSIA,31.1,31.4,31.05,31.4,133.0
2019-09-03 15:00:00,NSE:MANAKSIA,31.25,31.4,31.25,31.25,181.0
2019-09-04 09:00:00,NSE:MANAKSIA,30.6,30.75,30.5,30.75,4.0
2019-09-04 09:45:00,NSE:MANAKSIA,31.8,31.8,31.8,31.8,33.0
2019-09-04 10:30:00,NSE:MANAKSIA,30.85,30.85,30.85,30.85,3.0
2019-09-04 13:30:00,NSE:MANAKSIA,31.0,31.0,31.0,31.0,23.0
2019-09-04 14:15:00,NSE:MANAKSIA,30.8,31.65,30.8,31.45,526.0
2019-09-04 15:00:00,NSE:MANAKSIA,31.7,31.7,31.55,31.65,520.0
2019-09-05 09:00:00,NSE:MANAKSIA,32.2,32.2,29.75,31.0,710.0
2019-09-05 09:45:00,NSE:MANAKSIA,31.5,32.0,31.0,32.0,1070.0
2019-09-05 10:30:00,NSE:MANAKSIA,31.25,31.25,31.25,31.25,49.0
2019-09-05 11:15:00,NSE:MANAKSIA,31.55,31.55,31.55,31.55,45.0
2019-09-05 12:00:00,NSE:MANAKSIA,31.85,31.85,31.85,31.85,1.0
2019-09-05 12:45:00,NSE:MANAKSIA,31.55,31.55,31.55,31.55,40.0
2019-09-05 14:15:00,NSE:MANAKSIA,32.0,32.0,31.6,32.0,579.0
2019-09-05 15:00:00,NSE:MANAKSIA,32.0,32.0,32.0,32.0,555.0
2019-09-06 09:45:00,NSE:MANAKSIA,31.95,32.0,31.95,32.0,1863.0
2019-09-06 10:30:00,NSE:MANAKSIA,32.35,32.35,32.35,32.35,2.0
2019-09-06 12:00:00,NSE:MANAKSIA,32.55,32.55,32.55,32.55,50.0
2019-09-06 12:45:00,NSE:MANAKSIA,32.45,32.45,32.45,32.45,1.0
2019-09-06 13:30:00,NSE:MANAKSIA,32.45,32.5,32.45,32.45,330.0
2019-09-06 14:15:00,NSE:MANAKSIA,32.45,32.45,31.15,31.15,2265.0
2019-09-06 15:00:00,NSE:MANAKSIA,31.3,31.55,31.3,31.4,208.0
2019-09-09 11:15:00,NSE:MANAKSIA,32.15,32.2,31.3,31.35,20738.0
2019-09-09 12:00:00,NSE:MANAKSIA,31.5,32.0,31.35,31.95,31219.0
2019-09-09 12:45:00,NSE:MANAKSIA,32.05,32.05,31.7,31.7,243.0
2019-09-09 14:15:00,NSE:MANAKSIA,32.2,32.2,32.2,32.2,513.0
2019-09-09 15:00:00,NSE:MANAKSIA,32.25,32.5,32.05,32.5,556.0
2019-09-11 09:00:00,NSE:MANAKSIA,32.85,33.0,32.85,33.0,1376.0
2019-09-11 09:45:00,NSE:MANAKSIA,32.95,32.95,32.9,32.9,350.0
2019-09-11 10:30:00,NSE:MANAKSIA,32.8,32.8,32.6,32.8,1041.0
2019-09-11 11:15:00,NSE:MANAKSIA,32.9,33.75,32.9,33.5,91016.0
2019-09-11 12:00:00,NSE:MANAKSIA,33.45,33.5,33.0,33.0,898.0
2019-09-11 12:45:00,NSE:MANAKSIA,33.55,33.6,33.2,33.6,3637.0
2019-09-11 13:30:00,NSE:MANAKSIA,33.7,33.7,33.4,33.4,264.0
2019-09-11 14:15:00,NSE:MANAKSIA,33.7,33.7,33.5,33.7,4370.0
2019-09-11 15:00:00,NSE:MANAKSIA,33.75,33.95,33.7,33.75,667.0
2019-09-12 09:00:00,NSE:MANAKSIA,34.6,34.6,33.7,34.55,122.0
2019-09-12 09:45:00,NSE:MANAKSIA,35.0,35.0,34.9,34.9,1461.0
2019-09-12 10:30:00,NSE:MANAKSIA,34.9,35.0,34.25,34.25,250074.0
2019-09-12 11:15:00,NSE:MANAKSIA,34.75,34.85,34.3,34.3,1548.0
2019-09-12 12:00:00,NSE:MANAKSIA,34.3,34.8,34.3,34.8,840.0
2019-09-12 12:45:00,NSE:MANAKSIA,35.0,35.95,35.0,35.4,5343.0
2019-09-12 13:30:00,NSE:MANAKSIA,35.25,35.25,35.25,35.25,1.0
2019-09-12 14:15:00,NSE:MANAKSIA,35.15,35.25,35.1,35.25,738.0
2019-09-12 15:00:00,NSE:MANAKSIA,35.1,35.25,35.1,35.1,143.0
2019-09-13 09:00:00,NSE:MANAKSIA,37.85,37.9,36.2,37.1,15334.0
2019-09-13 09:45:00,NSE:MANAKSIA,37.45,37.45,35.75,36.8,17072.0
2019-09-13 10:30:00,NSE:MANAKSIA,36.8,38.0,36.6,37.5,6072.0
2019-09-13 11:15:00,NSE:MANAKSIA,37.9,37.9,37.25,37.8,2553.0
2019-09-13 12:00:00,NSE:MANAKSIA,37.8,37.85,37.35,37.85,2292.0
2019-09-13 12:45:00,NSE:MANAKSIA,37.85,37.85,37.4,37.85,1398.0
2019-09-13 13:30:00,NSE:MANAKSIA,37.85,38.7,37.85,38.7,15761.0
2019-09-13 14:15:00,NSE:MANAKSIA,38.7,39.75,38.0,38.6,17262.0
2019-09-13 15:00:00,NSE:MANAKSIA,38.6,38.85,38.15,38.85,10630.0
2019-09-16 09:00:00,NSE:MANAKSIA,38.75,38.75,36.15,36.9,10709.0
2019-09-16 09:45:00,NSE:MANAKSIA,37.0,37.45,36.55,37.4,1429.0
2019-09-16 10:30:00,NSE:MANAKSIA,37.3,38.45,36.8,38.0,11874.0
2019-09-16 11:15:00,NSE:MANAKSIA,37.6,38.4,37.55,37.95,2299.0
2019-09-16 12:00:00,NSE:MANAKSIA,38.0,38.0,37.7,37.7,868.0
2019-09-16 12:45:00,NSE:MANAKSIA,37.7,37.7,37.0,37.05,3114.0
2019-09-16 13:30:00,NSE:MANAKSIA,37.0,37.65,36.65,37.4,5239.0
2019-09-16 14:15:00,NSE:MANAKSIA,37.5,37.5,36.7,37.3,2753.0
2019-09-16 15:00:00,NSE:MANAKSIA,37.25,37.25,36.55,36.55,2314.0
2019-09-17 09:00:00,NSE:MANAKSIA,35.0,37.5,33.8,36.15,5670.0
2019-09-17 09:45:00,NSE:MANAKSIA,36.15,36.5,36.15,36.4,1174.0
2019-09-17 10:30:00,NSE:MANAKSIA,36.4,36.4,36.15,36.15,597.0
2019-09-17 11:15:00,NSE:MANAKSIA,36.4,36.4,36.15,36.4,1422.0
2019-09-17 12:00:00,NSE:MANAKSIA,36.4,36.4,36.4,36.4,50.0
2019-09-17 12:45:00,NSE:MANAKSIA,36.2,36.3,36.2,36.3,934.0
2019-09-17 13:30:00,NSE:MANAKSIA,36.15,36.15,35.85,35.85,1677.0
2019-09-17 14:15:00,NSE:MANAKSIA,36.0,36.3,35.8,36.3,4234.0
2019-09-17 15:00:00,NSE:MANAKSIA,35.8,36.25,35.8,35.8,1939.0
2019-09-18 09:00:00,NSE:MANAKSIA,35.45,35.7,35.1,35.65,593.0
2019-09-18 09:45:00,NSE:MANAKSIA,35.7,35.7,35.5,35.55,2302.0
2019-09-18 10:30:00,NSE:MANAKSIA,35.35,35.35,34.5,34.8,2073.0
2019-09-18 11:15:00,NSE:MANAKSIA,34.55,34.85,34.25,34.85,1037.0
2019-09-18 12:00:00,NSE:MANAKSIA,34.35,34.7,34.35,34.65,440.0
2019-09-18 12:45:00,NSE:MANAKSIA,34.6,34.65,34.4,34.4,310.0
2019-09-18 13:30:00,NSE:MANAKSIA,34.4,34.7,34.4,34.5,282.0
2019-09-18 14:15:00,NSE:MANAKSIA,34.45,34.7,34.45,34.5,679.0
2019-09-18 15:00:00,NSE:MANAKSIA,34.55,34.95,34.55,34.6,1326.0
2019-09-18 15:45:00,NSE:MANAKSIA,34.75,34.75,34.75,34.75,10.0
2019-09-19 09:00:00,NSE:MANAKSIA,35.5,36.45,34.4,35.85,607.0
2019-09-19 09:45:00,NSE:MANAKSIA,35.75,35.75,34.4,34.8,101159.0
2019-09-19 10:30:00,NSE:MANAKSIA,34.5,34.55,34.5,34.55,58.0
2019-09-19 11:15:00,NSE:MANAKSIA,34.85,34.85,34.6,34.6,135.0
2019-09-19 12:45:00,NSE:MANAKSIA,34.9,35.5,34.9,35.5,442.0
2019-09-19 13:30:00,NSE:MANAKSIA,35.5,35.65,33.7,33.7,106371.0
2019-09-19 14:15:00,NSE:MANAKSIA,33.55,34.5,33.15,34.5,2738.0
2019-09-19 15:00:00,NSE:MANAKSIA,33.0,33.5,32.6,33.1,3782.0
2019-09-20 09:00:00,NSE:MANAKSIA,33.15,34.65,33.15,34.55,72.0
2019-09-20 09:45:00,NSE:MANAKSIA,34.55,34.6,33.5,33.5,80148.0
2019-09-20 10:30:00,NSE:MANAKSIA,33.5,34.7,33.5,34.7,690.0
2019-09-20 11:15:00,NSE:MANAKSIA,34.95,36.0,33.7,34.3,3695.0
2019-09-20 12:00:00,NSE:MANAKSIA,35.1,36.0,34.6,35.95,2053.0
2019-09-20 12:45:00,NSE:MANAKSIA,34.95,35.95,34.55,34.75,6492.0
2019-09-20 13:30:00,NSE:MANAKSIA,34.9,35.9,34.9,35.9,613.0
2019-09-20 14:15:00,NSE:MANAKSIA,35.4,35.4,35.2,35.2,1787.0
2019-09-20 15:00:00,NSE:MANAKSIA,35.25,35.5,35.2,35.25,562.0
2019-09-23 09:00:00,NSE:MANAKSIA,38.95,38.95,34.5,35.8,42682.0
2019-09-23 09:45:00,NSE:MANAKSIA,35.8,35.8,35.75,35.75,1707.0
2019-09-23 10:30:00,NSE:MANAKSIA,35.4,35.55,35.3,35.55,838.0
2019-09-23 11:15:00,NSE:MANAKSIA,35.55,35.6,35.45,35.5,2515.0
2019-09-23 12:00:00,NSE:MANAKSIA,35.6,36.1,35.5,35.5,53871.0
2019-09-23 12:45:00,NSE:MANAKSIA,35.5,35.95,35.5,35.95,30289.0
2019-09-23 13:30:00,NSE:MANAKSIA,35.6,36.0,35.6,36.0,1341.0
2019-09-23 14:15:00,NSE:MANAKSIA,36.5,37.35,36.05,36.8,2370.0
2019-09-23 15:00:00,NSE:MANAKSIA,36.05,36.4,35.95,35.95,2585.0
2019-09-23 15:45:00,NSE:MANAKSIA,35.95,35.95,35.95,35.95,10.0
2019-09-24 09:00:00,NSE:MANAKSIA,36.25,36.95,36.0,36.0,560.0
2019-09-24 09:45:00,NSE:MANAKSIA,36.45,36.95,35.6,36.6,1393.0
2019-09-24 10:30:00,NSE:MANAKSIA,36.0,36.0,35.7,36.0,2359.0
2019-09-24 11:15:00,NSE:MANAKSIA,35.75,36.15,35.75,36.05,452.0
2019-09-24 12:00:00,NSE:MANAKSIA,35.75,36.0,35.75,35.8,245.0
2019-09-24 12:45:00,NSE:MANAKSIA,36.15,36.75,35.75,36.45,1156.0
2019-09-24 13:30:00,NSE:MANAKSIA,35.8,36.5,35.5,35.5,3446.0
2019-09-24 14:15:00,NSE:MANAKSIA,35.95,35.95,35.6,35.6,11.0
2019-09-24 15:00:00,NSE:MANAKSIA,35.8,36.2,35.6,35.85,913.0
2019-09-25 09:00:00,NSE:MANAKSIA,35.65,36.7,35.6,36.5,1966.0
2019-09-25 09:45:00,NSE:MANAKSIA,36.5,36.6,36.5,36.6,51.0
2019-09-25 10:30:00,NSE:MANAKSIA,35.35,36.05,35.35,35.5,100211.0
2019-09-25 11:15:00,NSE:MANAKSIA,35.65,35.65,35.65,35.65,387.0
2019-09-25 12:00:00,NSE:MANAKSIA,35.65,35.65,35.65,35.65,66.0
2019-09-25 12:45:00,NSE:MANAKSIA,35.8,35.8,35.6,35.6,100206.0
2019-09-25 13:30:00,NSE:MANAKSIA,35.55,35.55,35.2,35.25,2864.0
2019-09-25 14:15:00,NSE:MANAKSIA,35.65,35.65,35.1,35.1,236.0
2019-09-25 15:00:00,NSE:MANAKSIA,35.1,35.55,35.0,35.0,1155.0
2019-09-26 09:00:00,NSE:MANAKSIA,36.2,36.2,35.05,35.05,307.0
2019-09-26 09:45:00,NSE:MANAKSIA,35.5,36.3,35.05,36.3,822.0
2019-09-26 10:30:00,NSE:MANAKSIA,36.3,36.7,35.5,36.7,95208.0
2019-09-26 11:15:00,NSE:MANAKSIA,35.6,36.2,35.55,36.2,1200.0
2019-09-26 12:00:00,NSE:MANAKSIA,36.2,36.2,35.5,35.5,104291.0
2019-09-26 12:45:00,NSE:MANAKSIA,35.5,35.5,35.4,35.4,5758.0
2019-09-26 13:30:00,NSE:MANAKSIA,35.5,35.55,35.5,35.55,950.0
2019-09-26 14:15:00,NSE:MANAKSIA,35.55,35.95,35.55,35.95,2303.0
2019-09-26 15:00:00,NSE:MANAKSIA,35.95,36.6,35.95,36.1,4231.0
2019-09-27 09:00:00,NSE:MANAKSIA,37.8,37.8,35.55,36.0,525.0
2019-09-27 09:45:00,NSE:MANAKSIA,35.6,36.8,35.6,35.7,1399.0
2019-09-27 10:30:00,NSE:MANAKSIA,35.65,35.9,35.65,35.9,97.0
2019-09-27 11:15:00,NSE:MANAKSIA,35.9,36.9,35.6,35.6,100008.0
2019-09-27 12:00:00,NSE:MANAKSIA,36.45,36.45,35.65,35.8,212.0
2019-09-27 12:45:00,NSE:MANAKSIA,35.75,35.8,35.75,35.8,63.0
2019-09-27 13:30:00,NSE:MANAKSIA,35.6,35.6,35.15,35.6,5093.0
2019-09-27 14:15:00,NSE:MANAKSIA,35.5,35.5,35.45,35.45,76.0
2019-09-27 15:00:00,NSE:MANAKSIA,35.45,35.85,35.1,35.3,1300.0
2019-09-30 09:00:00,NSE:MANAKSIA,35.0,35.6,35.0,35.2,145.0
2019-09-30 09:45:00,NSE:MANAKSIA,35.2,36.6,34.6,34.6,2519.0
2019-09-30 10:30:00,NSE:MANAKSIA,34.65,35.95,34.65,34.75,319.0
2019-09-30 11:15:00,NSE:MANAKSIA,34.7,35.5,33.9,34.2,3826.0
2019-09-30 12:00:00,NSE:MANAKSIA,34.35,35.0,34.35,35.0,165.0
2019-09-30 12:45:00,NSE:MANAKSIA,34.35,34.95,34.35,34.75,200.0
2019-09-30 13:30:00,NSE:MANAKSIA,34.4,34.4,34.3,34.3,446.0
2019-09-30 14:15:00,NSE:MANAKSIA,34.45,35.35,34.2,35.0,87547.0
2019-09-30 15:00:00,NSE:MANAKSIA,34.2,35.95,34.2,35.1,1854.0
2019-10-01 09:00:00,NSE:MANAKSIA,35.1,35.1,34.55,34.6,358.0
2019-10-01 09:45:00,NSE:MANAKSIA,34.6,34.65,34.45,34.5,159.0
2019-10-01 10:30:00,NSE:MANAKSIA,34.5,34.95,34.5,34.5,940.0
2019-10-01 11:15:00,NSE:MANAKSIA,34.45,34.45,34.4,34.4,580.0
2019-10-01 12:00:00,NSE:MANAKSIA,34.4,34.4,34.4,34.4,220.0
2019-10-01 13:30:00,NSE:MANAKSIA,35.0,35.55,34.4,34.4,2645.0
2019-10-01 14:15:00,NSE:MANAKSIA,34.4,34.75,34.4,34.65,150.0
2019-10-01 15:00:00,NSE:MANAKSIA,34.4,34.7,34.4,34.45,2369.0
2019-10-03 09:00:00,NSE:MANAKSIA,33.55,34.05,33.55,34.0,166.0
2019-10-03 09:45:00,NSE:MANAKSIA,34.9,34.9,34.15,34.8,732.0
2019-10-03 10:30:00,NSE:MANAKSIA,34.15,34.15,34.15,34.15,250.0
2019-10-03 11:15:00,NSE:MANAKSIA,34.9,34.9,34.15,34.15,501.0
2019-10-03 12:00:00,NSE:MANAKSIA,34.2,34.2,34.2,34.2,38.0
2019-10-03 13:30:00,NSE:MANAKSIA,34.25,34.25,34.2,34.25,700.0
2019-10-03 14:15:00,NSE:MANAKSIA,34.75,34.75,33.55,33.55,4627.0
2019-10-03 15:00:00,NSE:MANAKSIA,34.0,34.0,33.55,33.6,401.0
2019-10-04 09:00:00,NSE:MANAKSIA,32.5,33.5,32.5,33.45,263.0
2019-10-04 09:45:00,NSE:MANAKSIA,33.6,33.6,33.1,33.4,838.0
2019-10-04 10:30:00,NSE:MANAKSIA,33.15,33.15,33.1,33.1,151.0
2019-10-04 11:15:00,NSE:MANAKSIA,33.3,33.3,33.1,33.1,7.0
2019-10-04 12:00:00,NSE:MANAKSIA,33.25,33.4,33.2,33.2,1218.0
2019-10-04 12:45:00,NSE:MANAKSIA,33.4,33.4,33.1,33.4,719.0
2019-10-04 13:30:00,NSE:MANAKSIA,33.15,33.15,32.3,32.5,3410.0
2019-10-04 14:15:00,NSE:MANAKSIA,32.55,33.3,32.55,33.25,325.0
2019-10-04 15:00:00,NSE:MANAKSIA,32.55,33.05,32.1,32.8,2985.0
2019-10-07 09:45:00,NSE:MANAKSIA,32.65,32.65,32.65,32.65,1.0
2019-10-07 10:30:00,NSE:MANAKSIA,33.05,33.05,32.05,32.7,1314.0
2019-10-07 11:15:00,NSE:MANAKSIA,32.25,32.25,32.2,32.2,210.0
2019-10-07 12:00:00,NSE:MANAKSIA,32.25,32.25,32.25,32.25,24.0
2019-10-07 12:45:00,NSE:MANAKSIA,32.0,32.4,32.0,32.4,1402.0
2019-10-07 13:30:00,NSE:MANAKSIA,32.4,32.45,32.05,32.1,103.0
2019-10-07 14:15:00,NSE:MANAKSIA,32.1,32.4,32.1,32.4,184.0
2019-10-07 15:00:00,NSE:MANAKSIA,32.1,32.1,32.0,32.0,383.0
2019-10-09 09:00:00,NSE:MANAKSIA,32.0,34.15,32.0,33.1,3065.0
2019-10-09 09:45:00,NSE:MANAKSIA,33.1,33.1,32.6,32.6,2468.0
2019-10-09 10:30:00,NSE:MANAKSIA,32.6,32.65,32.3,32.3,1076.0
2019-10-09 12:00:00,NSE:MANAKSIA,32.7,32.7,32.7,32.7,500.0
2019-10-09 12:45:00,NSE:MANAKSIA,32.45,32.45,32.45,32.45,10.0
2019-10-09 13:30:00,NSE:MANAKSIA,32.35,32.35,32.35,32.35,500.0
2019-10-09 14:15:00,NSE:MANAKSIA,32.15,32.15,32.0,32.0,2068.0
2019-10-09 15:00:00,NSE:MANAKSIA,32.0,33.0,32.0,33.0,925.0
2019-10-10 09:45:00,NSE:MANAKSIA,32.4,32.65,32.4,32.65,203.0
2019-10-10 10:30:00,NSE:MANAKSIA,32.65,32.8,32.65,32.8,40.0
2019-10-10 11:15:00,NSE:MANAKSIA,33.0,33.0,32.7,32.95,716.0
2019-10-10 12:00:00,NSE:MANAKSIA,32.95,32.95,32.95,32.95,69.0
2019-10-10 12:45:00,NSE:MANAKSIA,32.9,32.9,32.7,32.7,93.0
2019-10-10 13:30:00,NSE:MANAKSIA,32.65,32.65,32.1,32.65,1333.0
2019-10-10 14:15:00,NSE:MANAKSIA,32.65,32.65,32.15,32.3,13.0
2019-10-10 15:00:00,NSE:MANAKSIA,32.15,33.0,32.1,33.0,1761.0
2019-10-11 09:00:00,NSE:MANAKSIA,32.8,33.0,32.75,32.75,666.0
2019-10-11 09:45:00,NSE:MANAKSIA,32.75,33.0,32.75,32.75,1297.0
2019-10-11 10:30:00,NSE:MANAKSIA,32.8,32.95,32.75,32.95,635.0
2019-10-11 11:15:00,NSE:MANAKSIA,32.9,32.9,32.9,32.9,5.0
2019-10-11 12:00:00,NSE:MANAKSIA,32.8,32.8,32.8,32.8,11.0
2019-10-11 12:45:00,NSE:MANAKSIA,32.8,32.8,32.5,32.5,811.0
2019-10-11 13:30:00,NSE:MANAKSIA,32.35,32.35,32.1,32.1,587.0
2019-10-11 14:15:00,NSE:MANAKSIA,32.1,32.4,32.0,32.4,2222.0
2019-10-11 15:00:00,NSE:MANAKSIA,32.4,32.6,32.1,32.1,994.0
2019-10-14 09:45:00,NSE:MANAKSIA,32.2,32.2,32.2,32.2,10.0
2019-10-14 10:30:00,NSE:MANAKSIA,32.95,32.95,32.25,32.25,7.0
2019-10-14 11:15:00,NSE:MANAKSIA,32.25,32.25,32.25,32.25,41.0
2019-10-14 12:00:00,NSE:MANAKSIA,33.0,33.0,33.0,33.0,300.0
2019-10-14 12:45:00,NSE:MANAKSIA,33.0,33.0,33.0,33.0,1.0
2019-10-14 13:30:00,NSE:MANAKSIA,32.6,32.6,32.6,32.6,10.0
2019-10-14 14:15:00,NSE:MANAKSIA,32.55,32.9,32.55,32.9,15.0
2019-10-14 15:00:00,NSE:MANAKSIA,33.0,33.0,32.55,33.0,456.0
2019-10-15 12:00:00,NSE:MANAKSIA,32.7,32.7,32.4,32.4,138.0
2019-10-15 12:45:00,NSE:MANAKSIA,32.2,32.2,32.0,32.0,376.0
2019-10-15 13:30:00,NSE:MANAKSIA,31.95,31.95,30.55,30.8,8341.0
2019-10-15 14:15:00,NSE:MANAKSIA,30.8,31.35,30.8,31.35,916.0
2019-10-15 15:00:00,NSE:MANAKSIA,31.3,31.95,31.3,31.35,827.0
2019-10-15 15:45:00,NSE:MANAKSIA,31.65,31.65,31.65,31.65,5.0
2019-10-16 09:00:00,NSE:MANAKSIA,31.0,32.75,31.0,31.55,704.0
2019-10-16 09:45:00,NSE:MANAKSIA,31.7,31.9,31.25,31.9,931.0
2019-10-16 10:30:00,NSE:MANAKSIA,31.95,31.95,31.95,31.95,1.0
2019-10-16 11:15:00,NSE:MANAKSIA,32.4,32.4,32.4,32.4,450.0
2019-10-16 12:00:00,NSE:MANAKSIA,32.4,32.4,32.4,32.4,250.0
2019-10-16 12:45:00,NSE:MANAKSIA,32.4,32.4,31.25,32.35,238.0
2019-10-16 13:30:00,NSE:MANAKSIA,31.5,31.5,31.25,31.25,11.0
2019-10-16 14:15:00,NSE:MANAKSIA,31.25,32.5,31.25,32.5,511.0
2019-10-16 15:00:00,NSE:MANAKSIA,32.5,32.5,32.5,32.5,728.0
2019-10-16 15:45:00,NSE:MANAKSIA,32.5,32.5,32.5,32.5,25.0
2019-10-17 09:00:00,NSE:MANAKSIA,32.25,32.9,31.05,32.8,452.0
2019-10-17 09:45:00,NSE:MANAKSIA,31.25,31.8,31.25,31.4,43.0
2019-10-17 10:30:00,NSE:MANAKSIA,31.4,31.6,31.4,31.6,104.0
2019-10-17 11:15:00,NSE:MANAKSIA,32.0,32.0,32.0,32.0,1.0
2019-10-17 12:00:00,NSE:MANAKSIA,31.55,32.0,31.55,32.0,110.0
2019-10-17 12:45:00,NSE:MANAKSIA,31.2,31.25,31.2,31.25,2043.0
2019-10-17 13:30:00,NSE:MANAKSIA,31.35,31.5,31.35,31.5,65.0
2019-10-17 14:15:00,NSE:MANAKSIA,31.55,31.8,31.55,31.6,87.0
2019-10-17 15:00:00,NSE:MANAKSIA,31.6,31.6,31.5,31.5,452.0
2019-10-18 09:00:00,NSE:MANAKSIA,31.75,31.75,31.75,31.75,3.0
2019-10-18 09:45:00,NSE:MANAKSIA,31.7,32.5,31.5,32.5,400.0
2019-10-18 10:30:00,NSE:MANAKSIA,32.7,33.2,31.7,32.9,1884.0
2019-10-18 11:15:00,NSE:MANAKSIA,32.0,32.8,31.75,31.75,166.0
2019-10-18 12:00:00,NSE:MANAKSIA,31.9,32.7,31.9,32.7,1010.0
2019-10-18 13:30:00,NSE:MANAKSIA,32.6,33.45,32.05,33.45,1834.0
2019-10-18 14:15:00,NSE:MANAKSIA,32.55,33.2,32.55,33.2,487.0
2019-10-18 15:00:00,NSE:MANAKSIA,33.1,33.15,32.55,32.85,412.0
2019-10-22 09:00:00,NSE:MANAKSIA,32.1,32.8,32.1,32.8,250.0
2019-10-22 09:45:00,NSE:MANAKSIA,32.85,33.15,32.85,33.15,536.0
2019-10-22 12:00:00,NSE:MANAKSIA,33.4,33.4,32.95,32.95,16.0
2019-10-22 12:45:00,NSE:MANAKSIA,33.4,33.5,32.95,33.0,811.0
2019-10-22 13:30:00,NSE:MANAKSIA,32.95,33.5,32.85,32.85,133.0
2019-10-22 14:15:00,NSE:MANAKSIA,33.4,33.4,32.7,32.7,528.0
2019-10-22 15:00:00,NSE:MANAKSIA,32.7,34.5,32.3,32.55,1853.0
2019-10-23 09:00:00,NSE:MANAKSIA,34.7,34.7,34.7,34.7,10.0
2019-10-23 09:45:00,NSE:MANAKSIA,34.0,34.0,33.25,33.25,581.0
2019-10-23 10:30:00,NSE:MANAKSIA,32.75,32.75,32.75,32.75,16.0
2019-10-23 11:15:00,NSE:MANAKSIA,33.8,34.0,32.75,32.75,383.0
2019-10-23 12:45:00,NSE:MANAKSIA,33.95,33.95,33.95,33.95,1.0
2019-10-23 14:15:00,NSE:MANAKSIA,34.0,34.0,34.0,34.0,100.0
2019-10-23 15:00:00,NSE:MANAKSIA,33.95,34.15,33.95,34.0,511.0
2019-10-24 09:00:00,NSE:MANAKSIA,34.75,34.75,32.55,34.7,551.0
2019-10-24 09:45:00,NSE:MANAKSIA,35.0,35.0,33.55,33.55,1571.0
2019-10-24 10:30:00,NSE:MANAKSIA,34.4,34.4,33.7,33.7,334.0
2019-10-24 11:15:00,NSE:MANAKSIA,33.7,33.7,33.7,33.7,104.0
2019-10-24 12:45:00,NSE:MANAKSIA,33.65,34.2,33.55,33.55,200.0
2019-10-24 13:30:00,NSE:MANAKSIA,33.5,33.5,33.5,33.5,301.0
2019-10-24 15:00:00,NSE:MANAKSIA,33.5,34.35,33.1,33.1,1369.0
2019-10-25 09:45:00,NSE:MANAKSIA,34.0,34.0,34.0,34.0,18.0
2019-10-25 10:30:00,NSE:MANAKSIA,33.45,34.5,33.45,34.5,1469.0
2019-10-25 12:00:00,NSE:MANAKSIA,34.5,34.5,34.15,34.45,367.0
2019-10-25 12:45:00,NSE:MANAKSIA,34.05,34.4,34.05,34.4,346.0
2019-10-25 13:30:00,NSE:MANAKSIA,34.05,34.45,33.8,34.45,408.0
2019-10-25 14:15:00,NSE:MANAKSIA,34.45,34.45,34.15,34.15,610.0
2019-10-25 15:00:00,NSE:MANAKSIA,33.2,35.0,33.2,34.5,688.0
2019-10-27 17:45:00,NSE:MANAKSIA,33.6,35.25,33.6,34.8,1170.0
2019-10-27 18:30:00,NSE:MANAKSIA,34.3,34.8,33.4,33.45,1780.0
2019-10-29 09:45:00,NSE:MANAKSIA,33.55,34.8,33.55,34.8,115.0
2019-10-29 10:30:00,NSE:MANAKSIA,34.15,34.15,34.15,34.15,50.0
2019-10-29 11:15:00,NSE:MANAKSIA,34.15,34.65,34.15,34.65,83.0
2019-10-29 12:00:00,NSE:MANAKSIA,34.65,34.65,33.85,33.85,770.0
2019-10-29 12:45:00,NSE:MANAKSIA,34.65,34.65,33.9,33.9,130.0
2019-10-29 14:15:00,NSE:MANAKSIA,34.05,34.05,34.05,34.05,100.0
2019-10-29 15:00:00,NSE:MANAKSIA,34.05,34.8,34.05,34.8,477.0
2019-10-30 09:00:00,NSE:MANAKSIA,33.55,34.9,33.55,34.9,32.0
2019-10-30 09:45:00,NSE:MANAKSIA,33.8,34.8,33.8,34.05,1357.0
2019-10-30 10:30:00,NSE:MANAKSIA,33.95,33.95,33.55,33.6,2049.0
2019-10-30 11:15:00,NSE:MANAKSIA,34.0,34.55,33.6,33.6,1110.0
2019-10-30 12:00:00,NSE:MANAKSIA,33.75,34.05,33.75,34.05,135.0
2019-10-30 12:45:00,NSE:MANAKSIA,34.1,34.4,34.05,34.4,211.0
2019-10-30 14:15:00,NSE:MANAKSIA,34.2,34.2,34.1,34.1,768.0
2019-10-30 15:00:00,NSE:MANAKSIA,34.1,34.2,34.1,34.2,1004.0
2019-10-31 09:00:00,NSE:MANAKSIA,34.75,34.75,34.6,34.7,210.0
2019-10-31 09:45:00,NSE:MANAKSIA,34.65,34.65,34.5,34.6,383.0
2019-10-31 10:30:00,NSE:MANAKSIA,34.2,34.65,34.2,34.25,91.0
2019-10-31 11:15:00,NSE:MANAKSIA,34.6,34.7,34.6,34.7,424.0
2019-10-31 12:00:00,NSE:MANAKSIA,34.6,34.7,34.3,34.3,1983.0
2019-10-31 13:30:00,NSE:MANAKSIA,34.25,34.35,34.25,34.35,436.0
2019-10-31 15:00:00,NSE:MANAKSIA,34.65,34.7,33.6,34.7,966.0
2019-11-01 09:00:00,NSE:MANAKSIA,33.25,33.75,33.25,33.75,210.0
2019-11-01 09:45:00,NSE:MANAKSIA,34.5,34.6,33.9,33.9,1516.0
2019-11-01 10:30:00,NSE:MANAKSIA,34.1,34.1,34.1,34.1,92.0
2019-11-01 11:15:00,NSE:MANAKSIA,34.15,35.05,34.15,34.5,3120.0
2019-11-01 12:00:00,NSE:MANAKSIA,34.7,36.5,34.45,35.0,4642.0
2019-11-01 12:45:00,NSE:MANAKSIA,35.6,35.6,35.0,35.0,301.0
2019-11-01 13:30:00,NSE:MANAKSIA,35.45,35.45,35.0,35.0,2021.0
2019-11-01 14:15:00,NSE:MANAKSIA,34.95,35.4,34.6,34.6,840.0
2019-11-01 15:00:00,NSE:MANAKSIA,34.6,34.9,34.15,34.55,2622.0
2019-11-04 09:00:00,NSE:MANAKSIA,36.0,38.5,34.35,38.3,7547.0
2019-11-04 09:45:00,NSE:MANAKSIA,37.0,39.8,36.5,39.15,16113.0
2019-11-04 10:30:00,NSE:MANAKSIA,39.15,39.15,38.35,38.35,8331.0
2019-11-04 11:15:00,NSE:MANAKSIA,38.55,38.95,38.35,38.35,988.0
2019-11-04 12:00:00,NSE:MANAKSIA,38.35,38.7,38.1,38.5,1955.0
2019-11-04 12:45:00,NSE:MANAKSIA,38.5,38.95,38.25,38.3,1634.0
2019-11-04 13:30:00,NSE:MANAKSIA,38.3,38.6,37.6,38.05,3033.0
2019-11-04 14:15:00,NSE:MANAKSIA,38.15,38.15,37.35,37.8,3113.0
2019-11-04 15:00:00,NSE:MANAKSIA,37.85,37.85,37.4,37.65,2695.0
2019-11-05 09:00:00,NSE:MANAKSIA,38.9,38.9,37.5,38.0,324.0
2019-11-05 09:45:00,NSE:MANAKSIA,38.0,38.8,38.0,38.7,6165.0
2019-11-05 10:30:00,NSE:MANAKSIA,38.7,39.45,38.35,38.75,14972.0
2019-11-05 11:15:00,NSE:MANAKSIA,38.85,39.15,38.55,38.6,3213.0
2019-11-05 12:00:00,NSE:MANAKSIA,38.6,38.6,38.35,38.35,10324.0
2019-11-05 12:45:00,NSE:MANAKSIA,38.35,38.4,38.35,38.4,200.0
2019-11-05 13:30:00,NSE:MANAKSIA,38.4,38.5,38.0,38.45,1780.0
2019-11-05 14:15:00,NSE:MANAKSIA,38.45,38.45,38.0,38.1,2964.0
2019-11-05 15:00:00,NSE:MANAKSIA,38.15,38.5,38.15,38.5,1916.0
2019-11-06 09:00:00,NSE:MANAKSIA,38.3,38.35,37.15,37.9,3622.0
2019-11-06 09:45:00,NSE:MANAKSIA,37.9,38.2,37.25,37.85,1516.0
2019-11-06 10:30:00,NSE:MANAKSIA,38.0,38.0,37.75,37.75,316.0
2019-11-06 11:15:00,NSE:MANAKSIA,38.2,38.2,37.95,37.95,748.0
2019-11-06 12:00:00,NSE:MANAKSIA,38.2,38.2,37.95,38.2,564.0
2019-11-06 12:45:00,NSE:MANAKSIA,38.35,38.35,38.35,38.35,258.0
2019-11-06 13:30:00,NSE:MANAKSIA,38.55,38.8,38.0,38.6,2618.0
2019-11-06 14:15:00,NSE:MANAKSIA,38.3,38.65,38.0,38.05,2374.0
2019-11-06 15:00:00,NSE:MANAKSIA,38.05,38.6,38.0,38.6,1273.0
2019-11-07 09:00:00,NSE:MANAKSIA,39.65,40.95,38.75,39.6,11603.0
2019-11-07 09:45:00,NSE:MANAKSIA,39.85,39.85,38.3,38.85,18357.0
2019-11-07 10:30:00,NSE:MANAKSIA,39.0,39.35,39.0,39.2,920.0
2019-11-07 11:15:00,NSE:MANAKSIA,39.15,39.3,39.15,39.15,821.0
2019-11-07 12:00:00,NSE:MANAKSIA,39.15,39.3,39.05,39.05,1335.0
2019-11-07 12:45:00,NSE:MANAKSIA,39.05,39.3,39.05,39.3,194.0
2019-11-07 13:30:00,NSE:MANAKSIA,39.15,39.3,39.15,39.3,2727.0
2019-11-07 14:15:00,NSE:MANAKSIA,39.2,39.3,39.2,39.2,1550.0
2019-11-07 15:00:00,NSE:MANAKSIA,39.2,40.5,39.1,39.7,8202.0
2019-11-08 09:00:00,NSE:MANAKSIA,39.55,39.55,39.55,39.55,163.0
2019-11-08 09:45:00,NSE:MANAKSIA,39.35,39.35,38.4,39.0,2909.0
2019-11-08 10:30:00,NSE:MANAKSIA,39.0,39.25,38.65,38.65,2709.0
2019-11-08 11:15:00,NSE:MANAKSIA,38.95,39.0,38.85,39.0,741.0
2019-11-08 12:00:00,NSE:MANAKSIA,38.8,39.0,38.8,39.0,1506.0
2019-11-08 12:45:00,NSE:MANAKSIA,39.0,39.0,38.45,38.45,1365.0
2019-11-08 13:30:00,NSE:MANAKSIA,38.55,38.55,38.55,38.55,284.0
2019-11-08 14:15:00,NSE:MANAKSIA,38.5,38.5,38.15,38.4,3743.0
2019-11-08 15:00:00,NSE:MANAKSIA,38.4,38.4,38.2,38.2,1982.0
2019-11-11 09:00:00,NSE:MANAKSIA,38.95,40.8,38.45,39.7,4275.0
2019-11-11 09:45:00,NSE:MANAKSIA,39.7,40.4,39.7,40.2,2970.0
2019-11-11 10:30:00,NSE:MANAKSIA,39.9,40.1,39.2,39.2,2694.0
2019-11-11 11:15:00,NSE:MANAKSIA,39.15,39.45,38.95,38.95,3488.0
2019-11-11 12:00:00,NSE:MANAKSIA,39.0,39.0,38.5,38.5,1421.0
2019-11-11 12:45:00,NSE:MANAKSIA,39.8,39.8,39.1,39.15,3022.0
2019-11-11 13:30:00,NSE:MANAKSIA,39.5,39.5,38.65,38.95,296.0
2019-11-11 14:15:00,NSE:MANAKSIA,38.7,39.0,38.7,39.0,1291.0
2019-11-11 15:00:00,NSE:MANAKSIA,39.0,39.0,38.6,38.7,3725.0
2019-11-11 15:45:00,NSE:MANAKSIA,38.85,38.85,38.85,38.85,500.0
2019-11-13 09:00:00,NSE:MANAKSIA,40.5,40.8,39.65,39.65,28407.0
2019-11-13 09:45:00,NSE:MANAKSIA,39.65,40.3,39.65,40.0,10407.0
2019-11-13 10:30:00,NSE:MANAKSIA,39.95,40.0,39.65,39.9,2058.0
2019-11-13 11:15:00,NSE:MANAKSIA,39.9,39.9,39.25,39.25,6881.0
2019-11-13 12:00:00,NSE:MANAKSIA,39.5,39.55,39.5,39.55,550.0
2019-11-13 12:45:00,NSE:MANAKSIA,39.75,39.8,39.55,39.6,808.0
2019-11-13 13:30:00,NSE:MANAKSIA,39.6,39.8,39.6,39.8,913.0
2019-11-13 14:15:00,NSE:MANAKSIA,39.8,39.85,39.8,39.8,969.0
2019-11-13 15:00:00,NSE:MANAKSIA,39.8,39.8,39.3,39.4,11731.0
2019-11-13 15:45:00,NSE:MANAKSIA,39.55,39.55,39.55,39.55,1000.0
2019-11-14 09:00:00,NSE:MANAKSIA,40.05,40.1,39.5,39.8,386.0
2019-11-14 09:45:00,NSE:MANAKSIA,39.9,39.9,39.35,39.8,314.0
2019-11-14 10:30:00,NSE:MANAKSIA,39.5,39.95,39.45,39.95,992.0
2019-11-14 11:15:00,NSE:MANAKSIA,39.95,40.0,39.7,39.8,2609.0
2019-11-14 12:00:00,NSE:MANAKSIA,39.95,39.95,39.7,39.9,863.0
2019-11-14 12:45:00,NSE:MANAKSIA,39.8,39.95,39.7,39.7,4496.0
2019-11-14 13:30:00,NSE:MANAKSIA,39.8,39.8,39.4,39.65,1701.0
2019-11-14 14:15:00,NSE:MANAKSIA,39.65,39.65,39.4,39.4,2070.0
2019-11-14 15:00:00,NSE:MANAKSIA,39.7,40.0,39.45,39.45,3812.0
2019-11-15 09:00:00,NSE:MANAKSIA,40.15,40.15,39.8,40.0,1104.0
2019-11-15 09:45:00,NSE:MANAKSIA,39.7,40.1,39.5,40.0,3374.0
2019-11-15 10:30:00,NSE:MANAKSIA,40.1,40.15,39.75,40.0,4312.0
2019-11-15 11:15:00,NSE:MANAKSIA,40.15,40.15,39.8,39.9,2342.0
2019-11-15 12:00:00,NSE:MANAKSIA,39.95,39.95,39.95,39.95,50.0
2019-11-15 12:45:00,NSE:MANAKSIA,39.95,40.0,39.8,40.0,2159.0
2019-11-15 13:30:00,NSE:MANAKSIA,40.0,40.3,40.0,40.1,720.0
2019-11-15 14:15:00,NSE:MANAKSIA,40.15,40.25,39.6,39.6,1379.0
2019-11-15 15:00:00,NSE:MANAKSIA,40.15,40.25,39.75,40.05,2406.0
2019-11-18 09:00:00,NSE:MANAKSIA,40.05,41.25,40.0,40.8,18444.0
2019-11-18 09:45:00,NSE:MANAKSIA,40.7,40.75,40.55,40.6,3315.0
2019-11-18 10:30:00,NSE:MANAKSIA,40.5,40.7,40.3,40.3,9978.0
2019-11-18 11:15:00,NSE:MANAKSIA,40.6,40.6,40.2,40.3,5461.0
2019-11-18 12:00:00,NSE:MANAKSIA,40.3,40.3,40.2,40.25,1492.0
2019-11-18 12:45:00,NSE:MANAKSIA,40.3,40.45,40.3,40.35,2503.0
2019-11-18 13:30:00,NSE:MANAKSIA,40.45,40.5,40.4,40.5,2196.0
2019-11-18 14:15:00,NSE:MANAKSIA,40.4,40.7,40.35,40.7,5847.0
2019-11-18 15:00:00,NSE:MANAKSIA,40.7,40.7,40.3,40.3,28366.0
2019-11-18 15:45:00,NSE:MANAKSIA,40.5,40.5,40.5,40.5,100.0
2019-11-19 09:00:00,NSE:MANAKSIA,40.9,40.9,40.05,40.5,8068.0
2019-11-19 09:45:00,NSE:MANAKSIA,40.3,40.45,39.95,39.95,8747.0
2019-11-19 10:30:00,NSE:MANAKSIA,40.3,40.3,39.8,40.0,5659.0
2019-11-19 11:15:00,NSE:MANAKSIA,39.95,40.25,39.95,40.2,8577.0
2019-11-19 12:00:00,NSE:MANAKSIA,39.8,40.4,39.8,40.3,3553.0
2019-11-19 12:45:00,NSE:MANAKSIA,39.95,40.25,39.95,40.1,7422.0
2019-11-19 13:30:00,NSE:MANAKSIA,40.1,40.1,39.9,40.0,1040.0
2019-11-19 14:15:00,NSE:MANAKSIA,40.0,40.0,39.8,39.9,7422.0
2019-11-19 15:00:00,NSE:MANAKSIA,39.9,39.95,39.55,39.85,24454.0
2019-11-20 09:00:00,NSE:MANAKSIA,37.15,37.15,35.3,36.4,10200.0
2019-11-20 09:45:00,NSE:MANAKSIA,36.65,36.7,36.05,36.7,1428.0
2019-11-20 10:30:00,NSE:MANAKSIA,36.9,37.4,36.4,36.75,5855.0
2019-11-20 11:15:00,NSE:MANAKSIA,37.05,37.05,36.75,36.85,1835.0
2019-11-20 12:00:00,NSE:MANAKSIA,36.8,36.95,36.5,36.5,810.0
2019-11-20 12:45:00,NSE:MANAKSIA,36.55,36.7,36.3,36.6,2542.0
2019-11-20 13:30:00,NSE:MANAKSIA,36.6,36.65,36.45,36.45,636.0
2019-11-20 14:15:00,NSE:MANAKSIA,36.4,36.45,36.3,36.3,1599.0
2019-11-20 15:00:00,NSE:MANAKSIA,36.35,36.55,36.35,36.45,2994.0
2019-11-21 09:00:00,NSE:MANAKSIA,34.4,36.1,34.4,35.65,774.0
2019-11-21 09:45:00,NSE:MANAKSIA,35.8,35.9,35.6,35.9,257.0
2019-11-21 10:30:00,NSE:MANAKSIA,35.7,35.7,35.2,35.2,3025.0
2019-11-21 11:15:00,NSE:MANAKSIA,35.8,35.8,35.35,35.65,4712.0
2019-11-21 12:00:00,NSE:MANAKSIA,35.7,35.7,35.35,35.35,1006.0
2019-11-21 12:45:00,NSE:MANAKSIA,35.4,35.65,35.35,35.35,701.0
2019-11-21 13:30:00,NSE:MANAKSIA,35.2,35.2,34.8,35.2,3223.0
2019-11-21 14:15:00,NSE:MANAKSIA,35.15,35.2,34.85,34.85,2261.0
2019-11-21 15:00:00,NSE:MANAKSIA,34.85,34.85,33.8,33.8,6650.0
2019-11-22 09:00:00,NSE:MANAKSIA,33.2,34.5,33.2,33.65,2297.0
2019-11-22 09:45:00,NSE:MANAKSIA,34.1,34.4,33.6,34.4,2772.0
2019-11-22 10:30:00,NSE:MANAKSIA,34.4,34.4,34.4,34.4,53.0
2019-11-22 11:15:00,NSE:MANAKSIA,34.4,34.4,34.4,34.4,100.0
2019-11-22 12:00:00,NSE:MANAKSIA,34.8,34.8,34.8,34.8,600.0
2019-11-22 12:45:00,NSE:MANAKSIA,34.7,34.7,34.15,34.2,242.0
2019-11-22 13:30:00,NSE:MANAKSIA,34.65,34.75,34.0,34.0,1030.0
2019-11-22 14:15:00,NSE:MANAKSIA,34.1,34.1,34.1,34.1,10.0
2019-11-22 15:00:00,NSE:MANAKSIA,34.75,34.75,34.0,34.0,705.0
2019-11-22 15:45:00,NSE:MANAKSIA,34.4,34.4,34.4,34.4,3.0
2019-11-25 09:00:00,NSE:MANAKSIA,34.5,34.5,33.55,33.55,1093.0
2019-11-25 09:45:00,NSE:MANAKSIA,34.35,34.4,33.75,33.95,1022.0
2019-11-25 10:30:00,NSE:MANAKSIA,33.95,33.95,33.8,33.95,554.0
2019-11-25 11:15:00,NSE:MANAKSIA,33.9,33.9,33.9,33.9,357.0
2019-11-25 12:00:00,NSE:MANAKSIA,33.9,34.1,33.9,34.1,5695.0
2019-11-25 12:45:00,NSE:MANAKSIA,34.1,34.1,34.1,34.1,495.0
2019-11-25 13:30:00,NSE:MANAKSIA,33.75,34.15,33.75,34.15,602.0
2019-11-25 14:15:00,NSE:MANAKSIA,33.9,34.5,33.85,34.0,271186.0
2019-11-25 15:00:00,NSE:MANAKSIA,34.35,34.9,34.3,34.9,1353.0
2019-11-26 09:00:00,NSE:MANAKSIA,34.8,34.95,34.7,34.95,469.0
2019-11-26 09:45:00,NSE:MANAKSIA,34.65,34.95,34.55,34.9,4324.0
2019-11-26 10:30:00,NSE:MANAKSIA,34.9,34.9,34.7,34.7,1051.0
2019-11-26 11:15:00,NSE:MANAKSIA,34.7,34.7,34.7,34.7,500.0
2019-11-26 12:00:00,NSE:MANAKSIA,34.7,34.85,33.85,34.45,1637.0
2019-11-26 12:45:00,NSE:MANAKSIA,34.15,34.45,34.0,34.45,155209.0
2019-11-26 13:30:00,NSE:MANAKSIA,34.2,34.2,34.2,34.2,2.0
2019-11-26 14:15:00,NSE:MANAKSIA,34.2,34.2,34.1,34.1,1705.0
2019-11-26 15:00:00,NSE:MANAKSIA,34.1,34.1,34.0,34.0,5944.0
2019-11-27 09:00:00,NSE:MANAKSIA,33.85,34.0,33.85,34.0,500.0
2019-11-27 09:45:00,NSE:MANAKSIA,34.0,34.0,33.9,34.0,2789.0
2019-11-27 10:30:00,NSE:MANAKSIA,34.05,34.6,34.05,34.5,4863.0
2019-11-27 11:15:00,NSE:MANAKSIA,34.5,34.5,34.5,34.5,1.0
2019-11-27 12:00:00,NSE:MANAKSIA,34.4,34.5,34.4,34.5,301.0
2019-11-27 12:45:00,NSE:MANAKSIA,34.25,34.25,34.1,34.1,699.0
2019-11-27 13:30:00,NSE:MANAKSIA,34.45,34.45,34.45,34.45,30.0
2019-11-27 14:15:00,NSE:MANAKSIA,34.25,34.8,34.25,34.8,1100.0
2019-11-27 15:00:00,NSE:MANAKSIA,34.75,34.8,34.5,34.8,150406.0
2019-11-28 09:00:00,NSE:MANAKSIA,34.6,34.6,34.5,34.5,450.0
2019-11-28 09:45:00,NSE:MANAKSIA,34.5,34.8,34.5,34.55,302.0
2019-11-28 10:30:00,NSE:MANAKSIA,34.75,34.75,34.5,34.75,203.0
2019-11-28 11:15:00,NSE:MANAKSIA,34.1,34.7,34.1,34.7,667.0
2019-11-28 12:00:00,NSE:MANAKSIA,34.65,34.7,34.15,34.5,44013.0
2019-11-28 12:45:00,NSE:MANAKSIA,34.25,34.5,34.25,34.5,41.0
2019-11-28 13:30:00,NSE:MANAKSIA,34.35,34.7,34.35,34.35,378.0
2019-11-28 14:15:00,NSE:MANAKSIA,34.5,34.8,34.5,34.8,3166.0
2019-11-28 15:00:00,NSE:MANAKSIA,34.7,35.0,34.7,34.8,2629.0
2019-11-28 15:45:00,NSE:MANAKSIA,34.85,34.85,34.85,34.85,1.0
2019-11-29 09:00:00,NSE:MANAKSIA,34.1,34.8,34.1,34.8,551.0
2019-11-29 09:45:00,NSE:MANAKSIA,34.8,34.8,34.75,34.8,101.0
2019-11-29 10:30:00,NSE:MANAKSIA,35.0,35.0,34.65,35.0,1014.0
2019-11-29 11:15:00,NSE:MANAKSIA,34.95,34.95,34.95,34.95,270.0
2019-11-29 12:00:00,NSE:MANAKSIA,34.95,34.95,34.55,34.55,430.0
2019-11-29 12:45:00,NSE:MANAKSIA,34.75,34.9,34.65,34.65,353.0
2019-11-29 13:30:00,NSE:MANAKSIA,34.9,34.95,34.75,34.75,421.0
2019-11-29 14:15:00,NSE:MANAKSIA,34.75,34.85,34.75,34.85,19.0
2019-11-29 15:00:00,NSE:MANAKSIA,34.75,34.95,34.55,34.95,3061.0
2019-12-02 09:00:00,NSE:MANAKSIA,35.0,35.0,34.15,34.15,2593.0
2019-12-02 09:45:00,NSE:MANAKSIA,34.6,34.75,34.35,34.35,578.0
2019-12-02 10:30:00,NSE:MANAKSIA,34.45,34.8,34.45,34.65,1375.0
2019-12-02 11:15:00,NSE:MANAKSIA,34.6,34.65,34.5,34.65,550.0
2019-12-02 12:00:00,NSE:MANAKSIA,34.65,35.1,34.65,35.1,3077.0
2019-12-02 12:45:00,NSE:MANAKSIA,34.95,35.25,34.75,35.25,209.0
2019-12-02 13:30:00,NSE:MANAKSIA,35.25,35.45,35.0,35.0,2062.0
2019-12-02 14:15:00,NSE:MANAKSIA,35.25,35.4,34.65,34.65,1822.0
2019-12-02 15:00:00,NSE:MANAKSIA,34.75,35.0,34.7,34.7,1235.0
2019-12-03 09:00:00,NSE:MANAKSIA,34.5,35.1,34.5,35.1,461.0
2019-12-03 10:30:00,NSE:MANAKSIA,34.75,35.0,34.75,35.0,30555.0
2019-12-03 11:15:00,NSE:MANAKSIA,34.85,34.9,34.45,34.5,1157.0
2019-12-03 12:00:00,NSE:MANAKSIA,34.5,34.5,34.5,34.5,69.0
2019-12-03 12:45:00,NSE:MANAKSIA,34.8,34.8,34.4,34.45,559.0
2019-12-03 13:30:00,NSE:MANAKSIA,34.3,34.75,33.85,34.5,8894.0
2019-12-03 14:15:00,NSE:MANAKSIA,34.45,34.45,33.6,33.65,81589.0
2019-12-03 15:00:00,NSE:MANAKSIA,33.8,34.15,33.75,34.15,3674.0
2019-12-04 09:00:00,NSE:MANAKSIA,34.45,34.45,33.2,33.5,1303.0
2019-12-04 09:45:00,NSE:MANAKSIA,33.75,34.0,33.75,33.9,355.0
2019-12-04 10:30:00,NSE:MANAKSIA,33.9,33.9,33.55,33.55,120.0
2019-12-04 11:15:00,NSE:MANAKSIA,34.4,34.4,34.4,34.4,200.0
2019-12-04 12:00:00,NSE:MANAKSIA,34.4,34.4,33.55,33.95,1310.0
2019-12-04 15:00:00,NSE:MANAKSIA,34.0,34.2,33.5,34.15,1376.0
2019-12-04 15:45:00,NSE:MANAKSIA,33.7,33.7,33.7,33.7,2.0
2019-12-05 09:00:00,NSE:MANAKSIA,33.7,34.15,33.7,34.0,109.0
2019-12-05 09:45:00,NSE:MANAKSIA,33.3,33.65,33.0,33.35,4175.0
2019-12-05 10:30:00,NSE:MANAKSIA,33.4,33.7,33.25,33.7,653.0
2019-12-05 11:15:00,NSE:MANAKSIA,33.7,33.7,33.2,33.45,1054.0
2019-12-05 12:45:00,NSE:MANAKSIA,33.6,33.7,33.6,33.6,694.0
2019-12-05 13:30:00,NSE:MANAKSIA,33.6,33.7,33.6,33.7,203.0
2019-12-05 14:15:00,NSE:MANAKSIA,33.7,33.7,33.35,33.35,3228.0
2019-12-05 15:00:00,NSE:MANAKSIA,33.65,33.65,33.4,33.4,3134.0
2019-12-06 09:45:00,NSE:MANAKSIA,33.9,34.0,33.2,33.95,1502.0
2019-12-06 10:30:00,NSE:MANAKSIA,33.4,33.9,33.4,33.9,700.0
2019-12-06 11:15:00,NSE:MANAKSIA,33.45,33.45,33.15,33.15,1500.0
2019-12-06 12:45:00,NSE:MANAKSIA,33.25,33.25,33.25,33.25,40.0
2019-12-06 14:15:00,NSE:MANAKSIA,33.4,33.4,33.4,33.4,41.0
2019-12-06 15:00:00,NSE:MANAKSIA,33.35,33.35,33.1,33.1,2260.0
2019-12-09 09:00:00,NSE:MANAKSIA,33.9,33.9,33.85,33.85,109.0
2019-12-09 09:45:00,NSE:MANAKSIA,33.7,33.85,33.3,33.3,1297.0
2019-12-09 10:30:00,NSE:MANAKSIA,33.3,33.7,33.3,33.7,388.0
2019-12-09 11:15:00,NSE:MANAKSIA,33.6,33.6,33.25,33.25,245.0
2019-12-09 12:00:00,NSE:MANAKSIA,33.25,33.25,33.25,33.25,103.0
2019-12-09 12:45:00,NSE:MANAKSIA,33.6,33.6,33.6,33.6,50.0
2019-12-09 13:30:00,NSE:MANAKSIA,33.6,33.6,33.4,33.4,244.0
2019-12-09 14:15:00,NSE:MANAKSIA,33.4,33.6,33.4,33.6,1988.0
2019-12-09 15:00:00,NSE:MANAKSIA,33.3,33.3,33.3,33.3,1450.0
2019-12-10 09:00:00,NSE:MANAKSIA,33.65,33.65,33.3,33.3,425.0
2019-12-10 09:45:00,NSE:MANAKSIA,33.0,33.3,33.0,33.05,332.0
2019-12-10 10:30:00,NSE:MANAKSIA,33.0,33.5,33.0,33.5,442.0
2019-12-10 11:15:00,NSE:MANAKSIA,33.4,33.4,33.4,33.4,200.0
2019-12-10 12:00:00,NSE:MANAKSIA,33.4,33.4,33.1,33.1,375.0
2019-12-10 12:45:00,NSE:MANAKSIA,33.4,33.4,33.4,33.4,14.0
2019-12-10 13:30:00,NSE:MANAKSIA,33.1,33.25,33.0,33.15,3509.0
2019-12-10 14:15:00,NSE:MANAKSIA,32.8,33.5,32.8,32.9,703.0
2019-12-10 15:00:00,NSE:MANAKSIA,33.3,33.45,32.95,33.45,104.0
2019-12-11 09:00:00,NSE:MANAKSIA,33.05,33.05,33.05,33.05,600.0
2019-12-11 09:45:00,NSE:MANAKSIA,33.2,33.3,33.1,33.1,250.0
2019-12-11 10:30:00,NSE:MANAKSIA,33.1,33.3,33.1,33.3,350.0
2019-12-11 11:15:00,NSE:MANAKSIA,33.1,33.3,32.8,32.8,2715.0
2019-12-11 12:00:00,NSE:MANAKSIA,32.85,33.3,32.8,33.3,1133.0
2019-12-11 12:45:00,NSE:MANAKSIA,33.3,33.3,33.3,33.3,30.0
2019-12-11 14:15:00,NSE:MANAKSIA,33.05,33.05,33.05,33.05,40.0
2019-12-11 15:00:00,NSE:MANAKSIA,32.8,33.2,32.8,33.1,601.0
2019-12-12 09:00:00,NSE:MANAKSIA,33.35,33.35,33.35,33.35,259.0
2019-12-12 09:45:00,NSE:MANAKSIA,33.35,33.35,32.25,33.1,1578.0
2019-12-12 10:30:00,NSE:MANAKSIA,33.25,33.35,33.05,33.15,603.0
2019-12-12 11:15:00,NSE:MANAKSIA,33.35,33.35,33.15,33.15,205.0
2019-12-12 12:00:00,NSE:MANAKSIA,33.2,33.2,33.0,33.0,1090.0
2019-12-12 13:30:00,NSE:MANAKSIA,33.95,33.95,33.6,33.75,1012.0
2019-12-12 14:15:00,NSE:MANAKSIA,33.5,33.5,33.45,33.45,106.0
2019-12-12 15:00:00,NSE:MANAKSIA,33.5,33.7,33.5,33.6,523.0
2019-12-13 09:00:00,NSE:MANAKSIA,34.15,34.15,33.1,33.1,55.0
2019-12-13 09:45:00,NSE:MANAKSIA,34.0,34.0,33.1,33.45,800.0
2019-12-13 10:30:00,NSE:MANAKSIA,33.25,33.25,33.25,33.25,100.0
2019-12-13 11:15:00,NSE:MANAKSIA,33.3,33.3,33.3,33.3,1.0
2019-12-13 12:00:00,NSE:MANAKSIA,33.3,33.3,33.3,33.3,11.0
2019-12-13 12:45:00,NSE:MANAKSIA,33.3,33.6,33.3,33.6,96.0
2019-12-13 13:30:00,NSE:MANAKSIA,33.3,33.3,33.0,33.05,2083.0
2019-12-13 14:15:00,NSE:MANAKSIA,33.05,33.65,33.05,33.45,22.0
2019-12-13 15:00:00,NSE:MANAKSIA,33.3,33.5,33.05,33.05,1245.0
2019-12-16 09:00:00,NSE:MANAKSIA,32.6,33.5,32.6,33.5,247.0
2019-12-16 09:45:00,NSE:MANAKSIA,33.5,33.5,33.25,33.25,14.0
2019-12-16 10:30:00,NSE:MANAKSIA,33.05,33.5,33.05,33.35,254.0
2019-12-16 11:15:00,NSE:MANAKSIA,33.1,33.85,33.1,33.4,698.0
2019-12-16 12:00:00,NSE:MANAKSIA,33.5,33.65,33.5,33.6,253.0
2019-12-16 12:45:00,NSE:MANAKSIA,33.5,33.8,33.5,33.6,136.0
2019-12-16 13:30:00,NSE:MANAKSIA,33.3,33.3,33.3,33.3,4.0
2019-12-16 14:15:00,NSE:MANAKSIA,33.3,33.3,33.3,33.3,50.0
2019-12-16 15:00:00,NSE:MANAKSIA,33.3,33.8,32.85,32.85,1120.0
2019-12-17 09:00:00,NSE:MANAKSIA,33.45,33.45,32.2,32.3,1227.0
2019-12-17 09:45:00,NSE:MANAKSIA,32.75,33.25,32.6,33.25,311.0
2019-12-17 10:30:00,NSE:MANAKSIA,33.2,33.25,33.2,33.25,1000.0
2019-12-17 11:15:00,NSE:MANAKSIA,33.2,33.25,32.65,33.2,667.0
2019-12-17 12:00:00,NSE:MANAKSIA,32.8,33.35,32.8,33.25,1451.0
2019-12-17 12:45:00,NSE:MANAKSIA,32.8,33.3,32.75,33.3,1323.0
2019-12-17 13:30:00,NSE:MANAKSIA,33.3,33.3,33.3,33.3,42.0
2019-12-17 15:00:00,NSE:MANAKSIA,33.3,33.5,33.3,33.5,2005.0
2019-12-18 09:00:00,NSE:MANAKSIA,33.4,33.45,33.0,33.45,421.0
2019-12-18 09:45:00,NSE:MANAKSIA,33.45,33.5,33.15,33.25,1692.0
2019-12-18 10:30:00,NSE:MANAKSIA,33.25,33.25,33.25,33.25,9173.0
2019-12-18 11:15:00,NSE:MANAKSIA,33.25,33.25,33.25,33.25,3275.0
2019-12-18 12:00:00,NSE:MANAKSIA,33.1,33.1,33.0,33.0,416.0
2019-12-18 12:45:00,NSE:MANAKSIA,33.1,33.1,33.0,33.0,100.0
2019-12-18 13:30:00,NSE:MANAKSIA,33.0,33.0,33.0,33.0,50.0
2019-12-18 14:15:00,NSE:MANAKSIA,33.0,33.05,32.8,33.05,2010.0
2019-12-18 15:00:00,NSE:MANAKSIA,32.8,33.2,32.75,32.75,1484.0
2019-12-19 09:00:00,NSE:MANAKSIA,33.2,33.2,33.2,33.2,7.0
2019-12-19 10:30:00,NSE:MANAKSIA,33.2,33.2,33.2,33.2,20.0
2019-12-19 11:15:00,NSE:MANAKSIA,33.2,33.2,32.75,32.75,196.0
2019-12-19 12:00:00,NSE:MANAKSIA,33.15,33.2,33.15,33.2,99.0
2019-12-19 13:30:00,NSE:MANAKSIA,33.4,33.4,33.1,33.1,227.0
2019-12-19 14:15:00,NSE:MANAKSIA,33.45,33.45,33.45,33.45,453.0
2019-12-19 15:00:00,NSE:MANAKSIA,33.0,33.4,32.95,33.4,385.0
2019-12-20 09:00:00,NSE:MANAKSIA,32.4,33.0,32.4,32.9,401.0
2019-12-20 09:45:00,NSE:MANAKSIA,32.9,33.1,32.9,33.1,30.0
2019-12-20 10:30:00,NSE:MANAKSIA,33.2,33.4,33.0,33.0,750.0
2019-12-20 11:15:00,NSE:MANAKSIA,33.05,33.5,33.05,33.25,1493.0
2019-12-20 12:00:00,NSE:MANAKSIA,33.25,33.4,33.25,33.4,400.0
2019-12-20 13:30:00,NSE:MANAKSIA,33.15,33.4,33.05,33.4,651.0
2019-12-20 15:00:00,NSE:MANAKSIA,33.5,33.5,32.35,32.85,4449.0
2019-12-23 09:00:00,NSE:MANAKSIA,34.85,34.85,32.1,33.75,1995.0
2019-12-23 09:45:00,NSE:MANAKSIA,33.6,33.65,33.6,33.65,167.0
2019-12-23 10:30:00,NSE:MANAKSIA,33.6,33.65,33.1,33.65,1094.0
2019-12-23 11:15:00,NSE:MANAKSIA,33.65,33.7,33.2,33.65,2007.0
2019-12-23 12:00:00,NSE:MANAKSIA,33.65,33.7,33.2,33.2,246.0
2019-12-23 12:45:00,NSE:MANAKSIA,33.65,33.75,33.5,33.5,177.0
2019-12-23 13:30:00,NSE:MANAKSIA,33.3,33.3,33.25,33.25,290.0
2019-12-23 14:15:00,NSE:MANAKSIA,33.3,33.6,33.25,33.6,32.0
2019-12-23 15:00:00,NSE:MANAKSIA,33.6,33.6,33.0,33.0,1087.0
2019-12-24 09:00:00,NSE:MANAKSIA,34.7,34.7,33.35,33.35,101.0
2019-12-24 09:45:00,NSE:MANAKSIA,33.5,33.6,33.35,33.35,590.0
2019-12-24 10:30:00,NSE:MANAKSIA,33.55,33.55,33.45,33.45,310.0
2019-12-24 11:15:00,NSE:MANAKSIA,33.1,33.35,33.1,33.35,350.0
2019-12-24 12:00:00,NSE:MANAKSIA,33.35,33.4,33.3,33.3,250.0
2019-12-24 13:30:00,NSE:MANAKSIA,33.5,33.5,33.5,33.5,2620.0
2019-12-24 14:15:00,NSE:MANAKSIA,33.3,33.4,33.15,33.4,288.0
2019-12-24 15:00:00,NSE:MANAKSIA,33.25,33.5,32.2,33.05,2522.0
2019-12-26 09:00:00,NSE:MANAKSIA,33.1,33.1,32.55,32.7,695.0
2019-12-26 09:45:00,NSE:MANAKSIA,32.7,34.45,32.7,34.3,5229.0
2019-12-26 10:30:00,NSE:MANAKSIA,34.35,34.35,33.6,33.65,856.0
2019-12-26 11:15:00,NSE:MANAKSIA,34.3,34.3,33.7,33.7,31.0
2019-12-26 12:00:00,NSE:MANAKSIA,33.55,34.2,33.55,34.2,108.0
2019-12-26 12:45:00,NSE:MANAKSIA,34.05,34.2,33.55,33.6,473.0
2019-12-26 13:30:00,NSE:MANAKSIA,34.25,34.5,33.6,33.7,6589.0
2019-12-26 15:00:00,NSE:MANAKSIA,34.4,34.4,33.75,34.3,261.0
2019-12-27 09:45:00,NSE:MANAKSIA,34.25,34.7,34.25,34.25,545.0
2019-12-27 10:30:00,NSE:MANAKSIA,34.25,34.65,34.25,34.25,108.0
2019-12-27 11:15:00,NSE:MANAKSIA,34.75,34.75,34.75,34.75,370.0
2019-12-27 12:00:00,NSE:MANAKSIA,34.6,34.8,34.55,34.8,1108.0
2019-12-27 12:45:00,NSE:MANAKSIA,34.35,34.75,34.3,34.3,54.0
2019-12-27 13:30:00,NSE:MANAKSIA,34.25,34.25,33.65,33.65,1178.0
2019-12-27 14:15:00,NSE:MANAKSIA,34.0,34.45,33.65,34.45,1210.0
2019-12-27 15:00:00,NSE:MANAKSIA,34.05,34.3,34.05,34.15,144.0
2019-12-30 09:00:00,NSE:MANAKSIA,34.7,34.7,34.7,34.7,1.0
2019-12-30 09:45:00,NSE:MANAKSIA,34.6,34.6,33.5,33.5,954.0
2019-12-30 10:30:00,NSE:MANAKSIA,33.9,33.9,33.9,33.9,250.0
2019-12-30 11:15:00,NSE:MANAKSIA,33.95,33.95,33.85,33.85,2.0
2019-12-30 12:00:00,NSE:MANAKSIA,33.6,33.65,33.6,33.65,126.0
2019-12-30 12:45:00,NSE:MANAKSIA,33.6,33.6,33.6,33.6,64.0
2019-12-30 13:30:00,NSE:MANAKSIA,33.85,33.85,33.45,33.45,4278.0
2019-12-30 14:15:00,NSE:MANAKSIA,33.65,33.65,33.65,33.65,10.0
2019-12-30 15:00:00,NSE:MANAKSIA,34.05,34.4,33.7,33.7,763.0
2019-12-31 09:00:00,NSE:MANAKSIA,34.6,34.6,34.6,34.6,1.0
2019-12-31 09:45:00,NSE:MANAKSIA,34.4,34.4,33.75,33.75,354.0
2019-12-31 10:30:00,NSE:MANAKSIA,33.75,34.5,33.75,34.45,283.0
2019-12-31 11:15:00,NSE:MANAKSIA,34.5,34.5,33.85,33.85,47.0
2019-12-31 12:45:00,NSE:MANAKSIA,34.35,34.35,34.35,34.35,2.0
2019-12-31 13:30:00,NSE:MANAKSIA,34.35,34.35,34.35,34.35,1.0
2019-12-31 14:15:00,NSE:MANAKSIA,34.35,34.6,34.0,34.6,341.0
2019-12-31 15:00:00,NSE:MANAKSIA,34.55,34.6,33.75,33.95,792.0
2020-01-01 09:00:00,NSE:MANAKSIA,34.45,34.45,33.65,33.65,52.0
2020-01-01 10:30:00,NSE:MANAKSIA,33.95,34.4,33.95,34.35,125.0
2020-01-01 11:15:00,NSE:MANAKSIA,34.2,34.2,34.2,34.2,1.0
2020-01-01 12:00:00,NSE:MANAKSIA,34.2,34.2,34.2,34.2,30.0
2020-01-01 12:45:00,NSE:MANAKSIA,34.2,34.2,34.2,34.2,30.0
2020-01-01 13:30:00,NSE:MANAKSIA,34.5,34.6,34.15,34.15,564.0
2020-01-01 14:15:00,NSE:MANAKSIA,34.5,34.5,33.65,33.65,1190.0
2020-01-01 15:00:00,NSE:MANAKSIA,33.75,34.0,33.6,33.6,321.0
2020-01-02 09:00:00,NSE:MANAKSIA,34.55,35.0,33.7,34.2,403.0
2020-01-02 09:45:00,NSE:MANAKSIA,34.45,34.45,34.45,34.45,152.0
2020-01-02 10:30:00,NSE:MANAKSIA,34.45,34.55,34.4,34.5,866.0
2020-01-02 11:15:00,NSE:MANAKSIA,34.5,34.5,33.95,34.0,4041.0
2020-01-02 12:00:00,NSE:MANAKSIA,34.0,34.0,33.9,33.95,15666.0
2020-01-02 12:45:00,NSE:MANAKSIA,34.0,34.0,33.9,34.0,10841.0
2020-01-02 13:30:00,NSE:MANAKSIA,34.0,34.45,34.0,34.45,24220.0
2020-01-02 14:15:00,NSE:MANAKSIA,34.4,34.75,34.1,34.75,5711.0
2020-01-02 15:00:00,NSE:MANAKSIA,34.3,34.8,33.75,34.7,11771.0
2020-01-02 15:45:00,NSE:MANAKSIA,34.0,34.0,34.0,34.0,3000.0
2020-01-03 09:00:00,NSE:MANAKSIA,35.0,35.0,34.6,34.7,563.0
2020-01-03 09:45:00,NSE:MANAKSIA,34.8,34.8,34.1,34.8,811.0
2020-01-03 10:30:00,NSE:MANAKSIA,34.15,34.15,34.0,34.0,108.0
2020-01-03 11:15:00,NSE:MANAKSIA,34.05,34.1,34.0,34.1,62.0
2020-01-03 12:00:00,NSE:MANAKSIA,34.25,35.05,34.25,34.4,1658.0
2020-01-03 12:45:00,NSE:MANAKSIA,35.15,35.2,35.0,35.0,520.0
2020-01-03 13:30:00,NSE:MANAKSIA,34.9,34.9,34.9,34.9,126.0
2020-01-03 14:15:00,NSE:MANAKSIA,34.9,34.9,34.35,34.35,137.0
2020-01-03 15:00:00,NSE:MANAKSIA,34.55,34.8,34.55,34.8,414.0
2020-01-06 09:00:00,NSE:MANAKSIA,33.5,34.25,33.5,33.8,1964.0
2020-01-06 09:45:00,NSE:MANAKSIA,33.8,34.5,33.6,34.5,980.0
2020-01-06 10:30:00,NSE:MANAKSIA,34.75,35.05,34.5,34.5,4180.0
2020-01-06 11:15:00,NSE:MANAKSIA,35.0,35.0,34.9,34.9,83.0
2020-01-06 12:00:00,NSE:MANAKSIA,34.95,35.35,34.3,35.25,1309.0
2020-01-06 12:45:00,NSE:MANAKSIA,35.15,35.15,35.15,35.15,4.0
2020-01-06 14:15:00,NSE:MANAKSIA,35.0,35.0,34.55,34.95,345.0
2020-01-06 15:00:00,NSE:MANAKSIA,34.3,35.0,34.3,34.35,412.0
2020-01-06 15:45:00,NSE:MANAKSIA,34.6,34.6,34.6,34.6,554.0
2020-01-07 09:00:00,NSE:MANAKSIA,36.8,36.8,32.0,34.95,2910.0
2020-01-07 09:45:00,NSE:MANAKSIA,35.05,35.05,34.3,34.7,2127.0
2020-01-07 10:30:00,NSE:MANAKSIA,34.6,34.6,34.3,34.3,179.0
2020-01-07 11:15:00,NSE:MANAKSIA,34.5,34.85,34.15,34.15,748.0
2020-01-07 12:45:00,NSE:MANAKSIA,34.2,34.85,34.15,34.15,1227.0
2020-01-07 13:30:00,NSE:MANAKSIA,34.05,34.3,34.05,34.3,21.0
2020-01-07 14:15:00,NSE:MANAKSIA,34.7,35.2,34.7,35.2,866.0
2020-01-07 15:00:00,NSE:MANAKSIA,35.15,35.45,34.2,34.2,3896.0
2020-01-08 09:00:00,NSE:MANAKSIA,35.75,35.75,33.5,34.05,231.0
2020-01-08 09:45:00,NSE:MANAKSIA,34.0,34.1,33.65,33.8,6050.0
2020-01-08 10:30:00,NSE:MANAKSIA,33.9,34.5,33.8,34.5,1174.0
2020-01-08 11:15:00,NSE:MANAKSIA,34.1,34.1,34.1,34.1,20.0
2020-01-08 12:00:00,NSE:MANAKSIA,34.1,34.1,33.8,34.05,5055.0
2020-01-08 12:45:00,NSE:MANAKSIA,34.05,34.05,34.0,34.0,1098.0
2020-01-08 13:30:00,NSE:MANAKSIA,34.0,34.0,33.95,33.95,525.0
2020-01-08 14:15:00,NSE:MANAKSIA,34.5,34.5,33.95,34.35,541.0
2020-01-08 15:00:00,NSE:MANAKSIA,34.25,34.5,34.25,34.5,410.0
2020-01-09 09:00:00,NSE:MANAKSIA,35.5,35.5,34.5,35.0,298.0
2020-01-09 09:45:00,NSE:MANAKSIA,35.0,35.0,34.95,35.0,1350.0
2020-01-09 10:30:00,NSE:MANAKSIA,35.2,35.25,35.2,35.25,230.0
2020-01-09 11:15:00,NSE:MANAKSIA,35.0,35.0,35.0,35.0,102.0
2020-01-09 12:00:00,NSE:MANAKSIA,35.0,35.25,35.0,35.25,521.0
2020-01-09 12:45:00,NSE:MANAKSIA,34.65,34.65,34.65,34.65,40.0
2020-01-09 13:30:00,NSE:MANAKSIA,34.65,34.65,34.65,34.65,3.0
2020-01-09 15:00:00,NSE:MANAKSIA,34.95,35.0,34.2,34.2,2175.0
2020-01-10 09:00:00,NSE:MANAKSIA,35.5,35.5,34.25,35.35,351.0
2020-01-10 09:45:00,NSE:MANAKSIA,34.6,34.6,34.5,34.55,725.0
2020-01-10 10:30:00,NSE:MANAKSIA,34.95,35.0,34.9,35.0,615.0
2020-01-10 11:15:00,NSE:MANAKSIA,35.0,35.0,34.75,34.75,135.0
2020-01-10 12:00:00,NSE:MANAKSIA,34.45,34.8,34.45,34.45,1268.0
2020-01-10 12:45:00,NSE:MANAKSIA,34.8,34.85,34.8,34.85,12.0
2020-01-10 13:30:00,NSE:MANAKSIA,34.9,35.2,34.1,34.5,1350.0
2020-01-10 14:15:00,NSE:MANAKSIA,34.5,34.8,34.5,34.65,190.0
2020-01-10 15:00:00,NSE:MANAKSIA,34.7,34.85,34.6,34.85,1250.0
2020-01-10 15:45:00,NSE:MANAKSIA,34.7,34.7,34.7,34.7,50.0
2020-01-13 09:00:00,NSE:MANAKSIA,34.7,35.5,34.15,35.15,180.0
2020-01-13 09:45:00,NSE:MANAKSIA,36.2,36.2,34.8,34.8,5365.0
2020-01-13 10:30:00,NSE:MANAKSIA,34.85,35.45,34.85,35.35,37.0
2020-01-13 11:15:00,NSE:MANAKSIA,34.95,35.4,34.95,34.95,1461.0
2020-01-13 12:00:00,NSE:MANAKSIA,35.1,35.4,34.95,35.4,2069.0
2020-01-13 12:45:00,NSE:MANAKSIA,34.9,35.35,34.9,35.35,51.0
2020-01-13 13:30:00,NSE:MANAKSIA,35.0,35.0,34.9,34.9,648.0
2020-01-13 14:15:00,NSE:MANAKSIA,34.95,34.95,34.7,34.95,710.0
2020-01-13 15:00:00,NSE:MANAKSIA,35.0,35.35,34.8,34.95,2717.0
2020-01-14 09:00:00,NSE:MANAKSIA,36.4,36.4,34.25,35.0,642.0
2020-01-14 09:45:00,NSE:MANAKSIA,35.45,35.45,35.0,35.3,77.0
2020-01-14 10:30:00,NSE:MANAKSIA,35.25,35.25,34.9,34.9,236.0
2020-01-14 11:15:00,NSE:MANAKSIA,34.95,35.2,34.9,34.9,631.0
2020-01-14 12:00:00,NSE:MANAKSIA,35.2,35.4,34.9,35.35,17762.0
2020-01-14 12:45:00,NSE:MANAKSIA,35.35,35.45,35.0,35.2,8484.0
2020-01-14 13:30:00,NSE:MANAKSIA,35.15,35.15,35.0,35.15,352.0
2020-01-14 14:15:00,NSE:MANAKSIA,35.0,35.3,35.0,35.0,1539.0
2020-01-14 15:00:00,NSE:MANAKSIA,35.25,35.85,35.05,35.55,3466.0
2020-01-15 09:00:00,NSE:MANAKSIA,36.35,36.35,35.0,35.0,286.0
2020-01-15 09:45:00,NSE:MANAKSIA,35.0,35.6,35.0,35.45,1123.0
2020-01-15 10:30:00,NSE:MANAKSIA,36.0,36.3,35.5,35.9,1438.0
2020-01-15 11:15:00,NSE:MANAKSIA,35.8,35.8,35.55,35.75,712.0
2020-01-15 12:00:00,NSE:MANAKSIA,35.45,35.75,35.45,35.75,2523.0
2020-01-15 12:45:00,NSE:MANAKSIA,35.75,35.75,35.75,35.75,1.0
2020-01-15 13:30:00,NSE:MANAKSIA,35.45,35.45,35.45,35.45,3.0
2020-01-15 14:15:00,NSE:MANAKSIA,35.75,35.75,34.95,34.95,5335.0
2020-01-15 15:00:00,NSE:MANAKSIA,35.1,35.75,35.1,35.7,4340.0
2020-01-16 09:00:00,NSE:MANAKSIA,35.9,35.9,35.1,35.1,351.0
2020-01-16 09:45:00,NSE:MANAKSIA,35.9,36.45,35.15,36.45,2117.0
2020-01-16 10:30:00,NSE:MANAKSIA,35.65,36.5,35.65,36.0,2787.0
2020-01-16 11:15:00,NSE:MANAKSIA,36.25,36.4,35.15,35.9,5668.0
2020-01-16 12:00:00,NSE:MANAKSIA,35.35,36.0,35.35,36.0,403.0
2020-01-16 12:45:00,NSE:MANAKSIA,36.0,36.4,36.0,36.3,1769.0
2020-01-16 13:30:00,NSE:MANAKSIA,36.5,37.25,36.1,36.95,5324.0
2020-01-16 14:15:00,NSE:MANAKSIA,36.65,37.05,36.15,36.5,1288.0
2020-01-16 15:00:00,NSE:MANAKSIA,36.15,36.75,36.15,36.25,1171.0
2020-01-17 09:00:00,NSE:MANAKSIA,37.75,37.75,36.0,36.65,47.0
2020-01-17 09:45:00,NSE:MANAKSIA,36.75,36.75,36.6,36.6,731.0
2020-01-17 10:30:00,NSE:MANAKSIA,37.7,37.7,36.9,37.0,6266.0
2020-01-17 11:15:00,NSE:MANAKSIA,37.0,37.0,36.7,36.7,1128.0
2020-01-17 12:00:00,NSE:MANAKSIA,36.7,36.9,36.3,36.5,2521.0
2020-01-17 12:45:00,NSE:MANAKSIA,36.7,36.7,36.7,36.7,7.0
2020-01-17 13:30:00,NSE:MANAKSIA,36.55,36.7,36.25,36.7,1751.0
2020-01-17 14:15:00,NSE:MANAKSIA,36.7,36.75,36.7,36.75,50.0
2020-01-17 15:00:00,NSE:MANAKSIA,36.7,37.0,36.3,36.5,4382.0
2020-01-20 09:00:00,NSE:MANAKSIA,37.5,37.5,36.5,36.9,207.0
2020-01-20 09:45:00,NSE:MANAKSIA,36.95,36.95,36.25,36.25,152.0
2020-01-20 10:30:00,NSE:MANAKSIA,36.45,36.9,36.35,36.65,1164.0
2020-01-20 11:15:00,NSE:MANAKSIA,36.35,36.8,36.35,36.35,958.0
2020-01-20 12:00:00,NSE:MANAKSIA,36.35,36.55,36.35,36.35,141.0
2020-01-20 12:45:00,NSE:MANAKSIA,36.2,36.25,36.2,36.25,314.0
2020-01-20 13:30:00,NSE:MANAKSIA,36.2,36.2,35.2,35.25,1419.0
2020-01-20 14:15:00,NSE:MANAKSIA,35.35,36.2,35.35,36.2,685.0
2020-01-20 15:00:00,NSE:MANAKSIA,35.8,35.8,35.55,35.8,276.0
2020-01-21 09:00:00,NSE:MANAKSIA,36.85,36.85,34.2,35.25,2059.0
2020-01-21 09:45:00,NSE:MANAKSIA,35.15,35.5,35.0,35.0,721.0
2020-01-21 11:15:00,NSE:MANAKSIA,35.25,36.0,35.25,35.5,1011.0
2020-01-21 12:00:00,NSE:MANAKSIA,35.6,35.6,35.3,35.3,403.0
2020-01-21 12:45:00,NSE:MANAKSIA,35.3,35.3,34.7,34.7,945.0
2020-01-21 13:30:00,NSE:MANAKSIA,35.35,35.4,34.8,34.85,479.0
2020-01-21 14:15:00,NSE:MANAKSIA,35.0,35.5,35.0,35.0,10397.0
2020-01-21 15:00:00,NSE:MANAKSIA,35.0,35.05,34.7,34.95,1586.0
2020-01-22 09:00:00,NSE:MANAKSIA,35.95,35.95,34.6,35.0,2618.0
2020-01-22 09:45:00,NSE:MANAKSIA,35.0,35.0,35.0,35.0,50.0
2020-01-22 10:30:00,NSE:MANAKSIA,35.0,35.45,34.65,35.45,650.0
2020-01-22 11:15:00,NSE:MANAKSIA,35.4,35.45,35.4,35.45,4725.0
2020-01-22 12:00:00,NSE:MANAKSIA,35.45,35.45,35.45,35.45,71.0
2020-01-22 12:45:00,NSE:MANAKSIA,35.45,35.45,35.45,35.45,1.0
2020-01-22 13:30:00,NSE:MANAKSIA,35.0,35.2,34.75,35.1,716.0
2020-01-22 15:00:00,NSE:MANAKSIA,34.8,34.8,34.75,34.75,536.0
2020-01-23 09:00:00,NSE:MANAKSIA,35.85,35.85,34.05,34.85,239.0
2020-01-23 09:45:00,NSE:MANAKSIA,35.9,35.9,35.85,35.9,745.0
2020-01-23 10:30:00,NSE:MANAKSIA,36.45,36.45,35.3,36.15,298.0
2020-01-23 11:15:00,NSE:MANAKSIA,36.15,36.15,35.65,35.65,1078.0
2020-01-23 12:00:00,NSE:MANAKSIA,35.9,35.9,35.3,35.3,51.0
2020-01-23 12:45:00,NSE:MANAKSIA,35.6,35.9,35.6,35.6,403.0
2020-01-23 13:30:00,NSE:MANAKSIA,35.5,35.5,35.5,35.5,1.0
2020-01-23 14:15:00,NSE:MANAKSIA,35.6,35.65,35.6,35.65,1468.0
2020-01-23 15:00:00,NSE:MANAKSIA,35.4,35.65,35.1,35.15,1491.0
2020-01-24 09:00:00,NSE:MANAKSIA,35.95,35.95,35.95,35.95,1.0
2020-01-24 09:45:00,NSE:MANAKSIA,35.45,35.5,35.45,35.5,120.0
2020-01-24 10:30:00,NSE:MANAKSIA,35.5,35.5,35.5,35.5,6.0
2020-01-24 11:15:00,NSE:MANAKSIA,35.45,35.45,34.8,34.8,5405.0
2020-01-24 12:00:00,NSE:MANAKSIA,35.0,35.2,35.0,35.2,14.0
2020-01-24 12:45:00,NSE:MANAKSIA,35.2,35.2,35.0,35.0,201.0
2020-01-24 13:30:00,NSE:MANAKSIA,35.2,35.2,34.95,35.2,1296.0
2020-01-24 14:15:00,NSE:MANAKSIA,35.15,35.15,35.1,35.1,21.0
2020-01-24 15:00:00,NSE:MANAKSIA,35.0,35.25,34.5,34.6,3980.0
2020-01-27 09:00:00,NSE:MANAKSIA,35.9,35.9,35.05,35.05,108.0
2020-01-27 09:45:00,NSE:MANAKSIA,35.05,35.15,34.7,34.7,403.0
2020-01-27 10:30:00,NSE:MANAKSIA,35.1,35.1,35.1,35.1,120.0
2020-01-27 11:15:00,NSE:MANAKSIA,35.4,35.4,35.1,35.1,2287.0
2020-01-27 12:00:00,NSE:MANAKSIA,34.75,34.75,34.75,34.75,200.0
2020-01-27 12:45:00,NSE:MANAKSIA,35.0,35.2,35.0,35.2,19.0
2020-01-27 13:30:00,NSE:MANAKSIA,35.2,35.25,35.2,35.25,250.0
2020-01-27 14:15:00,NSE:MANAKSIA,35.25,35.25,35.1,35.2,201.0
2020-01-27 15:00:00,NSE:MANAKSIA,35.2,35.2,34.75,34.75,217.0
2020-01-28 09:00:00,NSE:MANAKSIA,35.7,35.7,34.35,35.0,1354.0
2020-01-28 09:45:00,NSE:MANAKSIA,34.35,34.95,34.35,34.95,352.0
2020-01-28 10:30:00,NSE:MANAKSIA,35.0,35.5,34.45,35.4,1469.0
2020-01-28 11:15:00,NSE:MANAKSIA,34.4,35.0,34.4,34.7,500.0
2020-01-28 12:00:00,NSE:MANAKSIA,34.55,35.3,34.55,35.3,189.0
2020-01-28 12:45:00,NSE:MANAKSIA,35.3,35.3,34.75,35.25,3.0
2020-01-28 13:30:00,NSE:MANAKSIA,35.25,35.5,34.75,35.5,2141.0
2020-01-28 14:15:00,NSE:MANAKSIA,35.5,35.5,34.75,34.75,2022.0
2020-01-28 15:00:00,NSE:MANAKSIA,35.1,35.5,34.75,35.0,2745.0
2020-01-29 09:00:00,NSE:MANAKSIA,35.4,35.6,34.25,35.05,445.0
2020-01-29 09:45:00,NSE:MANAKSIA,34.55,35.3,34.55,34.95,1118.0
2020-01-29 10:30:00,NSE:MANAKSIA,34.55,35.0,34.55,34.65,705.0
2020-01-29 11:15:00,NSE:MANAKSIA,34.7,34.7,34.55,34.6,288.0
2020-01-29 12:00:00,NSE:MANAKSIA,34.6,34.95,34.6,34.6,300.0
2020-01-29 12:45:00,NSE:MANAKSIA,34.7,34.9,34.7,34.9,85.0
2020-01-29 13:30:00,NSE:MANAKSIA,34.65,34.8,34.35,34.45,1853.0
2020-01-29 14:15:00,NSE:MANAKSIA,34.6,34.75,34.6,34.75,172.0
2020-01-29 15:00:00,NSE:MANAKSIA,34.55,34.7,34.5,34.55,672.0
2020-01-30 09:00:00,NSE:MANAKSIA,34.55,34.55,34.3,34.5,58.0
2020-01-30 09:45:00,NSE:MANAKSIA,34.3,34.3,33.55,34.2,1679.0
2020-01-30 10:30:00,NSE:MANAKSIA,34.2,34.3,34.2,34.2,866.0
2020-01-30 12:00:00,NSE:MANAKSIA,34.3,34.3,34.3,34.3,33.0
2020-01-30 12:45:00,NSE:MANAKSIA,34.25,34.25,33.55,34.2,4007.0
2020-01-30 13:30:00,NSE:MANAKSIA,34.0,34.0,33.6,33.65,115.0
2020-01-30 14:15:00,NSE:MANAKSIA,33.95,34.3,33.7,33.7,907.0
2020-01-30 15:00:00,NSE:MANAKSIA,33.75,33.75,33.75,33.75,31.0
2020-01-31 09:00:00,NSE:MANAKSIA,33.05,34.05,33.05,34.05,525.0
2020-01-31 09:45:00,NSE:MANAKSIA,34.1,34.1,34.0,34.0,892.0
2020-01-31 10:30:00,NSE:MANAKSIA,34.0,34.0,34.0,34.0,649.0
2020-01-31 11:15:00,NSE:MANAKSIA,34.0,34.0,34.0,34.0,500.0
2020-01-31 12:00:00,NSE:MANAKSIA,34.0,34.0,33.95,33.95,17.0
2020-01-31 12:45:00,NSE:MANAKSIA,34.0,34.0,33.95,34.0,13.0
2020-01-31 14:15:00,NSE:MANAKSIA,34.05,34.05,34.05,34.05,171.0
2020-01-31 15:00:00,NSE:MANAKSIA,34.15,34.15,34.15,34.15,830.0
2020-02-01 09:00:00,NSE:MANAKSIA,33.2,33.2,33.2,33.2,50.0
2020-02-01 09:45:00,NSE:MANAKSIA,34.25,34.25,34.25,34.25,1.0
2020-02-01 10:30:00,NSE:MANAKSIA,34.2,34.2,33.55,33.55,501.0
2020-02-01 11:15:00,NSE:MANAKSIA,34.15,34.25,34.1,34.25,8050.0
2020-02-01 12:00:00,NSE:MANAKSIA,34.1,34.1,33.9,34.0,2869.0
2020-02-01 12:45:00,NSE:MANAKSIA,34.0,34.15,33.9,33.9,2323.0
2020-02-01 13:30:00,NSE:MANAKSIA,34.1,34.1,33.75,33.75,193.0
2020-02-01 14:15:00,NSE:MANAKSIA,33.75,34.0,33.55,33.55,1250.0
2020-02-01 15:00:00,NSE:MANAKSIA,34.0,34.25,33.6,34.25,6020.0
2020-02-03 09:00:00,NSE:MANAKSIA,35.45,35.45,34.0,34.4,302.0
2020-02-03 09:45:00,NSE:MANAKSIA,34.4,34.5,34.4,34.5,621.0
2020-02-03 10:30:00,NSE:MANAKSIA,34.2,34.2,34.05,34.05,150.0
2020-02-03 11:15:00,NSE:MANAKSIA,34.45,34.5,34.0,34.5,1241.0
2020-02-03 12:00:00,NSE:MANAKSIA,34.6,34.6,34.15,34.15,3375.0
2020-02-03 12:45:00,NSE:MANAKSIA,34.15,34.15,34.15,34.15,1.0
2020-02-03 13:30:00,NSE:MANAKSIA,34.45,34.45,33.55,34.45,4007.0
2020-02-03 14:15:00,NSE:MANAKSIA,34.1,34.65,34.0,34.0,3242.0
2020-02-03 15:00:00,NSE:MANAKSIA,34.0,34.55,34.0,34.1,1628.0
2020-02-04 09:00:00,NSE:MANAKSIA,35.3,35.3,34.05,34.6,10801.0
2020-02-04 09:45:00,NSE:MANAKSIA,34.6,34.6,34.5,34.5,2298.0
2020-02-04 10:30:00,NSE:MANAKSIA,34.6,34.6,34.2,34.2,4764.0
2020-02-04 11:15:00,NSE:MANAKSIA,34.3,34.9,34.3,34.9,102.0
2020-02-04 12:45:00,NSE:MANAKSIA,34.95,35.05,34.5,35.05,7597.0
2020-02-04 13:30:00,NSE:MANAKSIA,35.05,35.1,34.3,34.3,325.0
2020-02-04 14:15:00,NSE:MANAKSIA,34.5,34.8,34.5,34.8,563.0
2020-02-04 15:00:00,NSE:MANAKSIA,34.4,35.05,34.4,35.05,2387.0
2020-02-05 09:00:00,NSE:MANAKSIA,34.5,34.5,34.0,34.5,46.0
2020-02-05 09:45:00,NSE:MANAKSIA,34.6,35.0,34.6,34.9,1374.0
2020-02-05 10:30:00,NSE:MANAKSIA,35.45,35.45,35.0,35.0,3449.0
2020-02-05 11:15:00,NSE:MANAKSIA,35.45,35.5,35.0,35.15,3599.0
2020-02-05 12:00:00,NSE:MANAKSIA,35.4,36.5,35.4,36.0,18164.0
2020-02-05 12:45:00,NSE:MANAKSIA,36.05,36.05,36.0,36.0,795.0
2020-02-05 13:30:00,NSE:MANAKSIA,36.0,36.5,36.0,36.0,3727.0
2020-02-05 14:15:00,NSE:MANAKSIA,36.0,36.7,36.0,36.15,9366.0
2020-02-05 15:00:00,NSE:MANAKSIA,36.15,36.9,36.05,36.9,4585.0
2020-02-06 09:00:00,NSE:MANAKSIA,38.5,38.5,36.65,36.65,6627.0
2020-02-06 09:45:00,NSE:MANAKSIA,36.75,37.3,36.55,36.8,4209.0
2020-02-06 10:30:00,NSE:MANAKSIA,36.8,36.8,36.75,36.75,6417.0
2020-02-06 11:15:00,NSE:MANAKSIA,36.9,36.9,36.75,36.75,4043.0
2020-02-06 12:00:00,NSE:MANAKSIA,36.75,37.1,36.75,37.1,4377.0
2020-02-06 12:45:00,NSE:MANAKSIA,36.75,37.1,36.75,36.75,525.0
2020-02-06 13:30:00,NSE:MANAKSIA,36.75,36.75,36.75,36.75,5325.0
2020-02-06 14:15:00,NSE:MANAKSIA,36.75,37.05,36.75,37.05,830.0
2020-02-06 15:00:00,NSE:MANAKSIA,37.05,37.05,36.75,37.0,22335.0
2020-02-07 09:00:00,NSE:MANAKSIA,36.0,37.8,36.0,37.8,2125.0
2020-02-07 09:45:00,NSE:MANAKSIA,37.8,38.65,36.25,38.25,6621.0
2020-02-07 10:30:00,NSE:MANAKSIA,38.1,38.45,38.0,38.05,12655.0
2020-02-07 11:15:00,NSE:MANAKSIA,38.0,38.1,37.5,37.8,107028.0
2020-02-07 12:00:00,NSE:MANAKSIA,38.1,38.1,37.55,37.55,196.0
2020-02-07 12:45:00,NSE:MANAKSIA,37.8,37.9,37.8,37.8,9704.0
2020-02-07 13:30:00,NSE:MANAKSIA,37.8,37.85,37.55,37.55,271.0
2020-02-07 14:15:00,NSE:MANAKSIA,37.55,37.9,37.55,37.9,187.0
2020-02-07 15:00:00,NSE:MANAKSIA,37.9,37.9,37.5,37.6,1679.0
2020-02-10 09:00:00,NSE:MANAKSIA,37.15,37.15,37.15,37.15,6.0
2020-02-10 09:45:00,NSE:MANAKSIA,38.0,38.3,37.2,38.3,276.0
2020-02-10 10:30:00,NSE:MANAKSIA,37.9,37.9,37.55,37.55,1029.0
2020-02-10 11:15:00,NSE:MANAKSIA,37.55,38.3,37.5,37.8,10572.0
2020-02-10 12:00:00,NSE:MANAKSIA,38.45,38.95,38.0,38.95,830.0
2020-02-10 12:45:00,NSE:MANAKSIA,38.75,38.75,38.25,38.25,65.0
2020-02-10 13:30:00,NSE:MANAKSIA,38.25,38.5,38.25,38.5,2026.0
2020-02-10 14:15:00,NSE:MANAKSIA,38.3,38.85,38.25,38.5,2030.0
2020-02-10 15:00:00,NSE:MANAKSIA,38.55,38.55,38.5,38.55,1344.0
2020-02-11 09:00:00,NSE:MANAKSIA,38.0,38.0,36.25,37.35,1629.0
2020-02-11 09:45:00,NSE:MANAKSIA,37.45,37.75,37.0,37.3,1287.0
2020-02-11 10:30:00,NSE:MANAKSIA,37.3,37.3,37.05,37.05,625.0
2020-02-11 11:15:00,NSE:MANAKSIA,37.0,37.25,37.0,37.25,890.0
2020-02-11 12:00:00,NSE:MANAKSIA,37.0,37.7,37.0,37.3,1096.0
2020-02-11 12:45:00,NSE:MANAKSIA,37.35,37.55,37.35,37.5,410.0
2020-02-11 13:30:00,NSE:MANAKSIA,37.0,37.55,37.0,37.45,740.0
2020-02-11 14:15:00,NSE:MANAKSIA,37.25,37.25,37.25,37.25,101.0
2020-02-11 15:00:00,NSE:MANAKSIA,37.3,37.3,37.25,37.25,317.0
2020-02-12 09:45:00,NSE:MANAKSIA,37.8,38.4,37.5,37.5,83.0
2020-02-12 10:30:00,NSE:MANAKSIA,37.8,40.0,37.5,40.0,6750.0
2020-02-12 11:15:00,NSE:MANAKSIA,40.45,42.0,38.75,41.3,65123.0
2020-02-12 12:00:00,NSE:MANAKSIA,41.4,44.5,41.0,44.1,198343.0
2020-02-12 12:45:00,NSE:MANAKSIA,44.5,44.7,41.0,43.05,56940.0
2020-02-12 13:30:00,NSE:MANAKSIA,43.0,43.7,42.05,43.5,26041.0
2020-02-12 14:15:00,NSE:MANAKSIA,43.6,44.0,42.75,43.0,26093.0
2020-02-12 15:00:00,NSE:MANAKSIA,43.05,43.75,40.5,42.45,41307.0
2020-02-13 09:00:00,NSE:MANAKSIA,41.7,44.65,41.0,44.55,42946.0
2020-02-13 09:45:00,NSE:MANAKSIA,44.25,44.55,43.5,43.75,16060.0
2020-02-13 10:30:00,NSE:MANAKSIA,44.05,44.15,43.0,43.6,21212.0
2020-02-13 11:15:00,NSE:MANAKSIA,43.3,43.8,43.25,43.75,5987.0
2020-02-13 12:00:00,NSE:MANAKSIA,43.9,43.9,43.15,43.4,1476.0
2020-02-13 12:45:00,NSE:MANAKSIA,43.25,43.45,43.0,43.25,11048.0
2020-02-13 13:30:00,NSE:MANAKSIA,42.2,43.4,42.2,43.0,15740.0
2020-02-13 14:15:00,NSE:MANAKSIA,43.0,43.3,43.0,43.2,5577.0
2020-02-13 15:00:00,NSE:MANAKSIA,43.2,43.5,43.0,43.2,10148.0
2020-02-14 09:00:00,NSE:MANAKSIA,44.15,44.15,43.0,43.4,1794.0
2020-02-14 09:45:00,NSE:MANAKSIA,43.25,43.4,43.25,43.35,2279.0
2020-02-14 10:30:00,NSE:MANAKSIA,43.0,43.65,43.0,43.5,23920.0
2020-02-14 11:15:00,NSE:MANAKSIA,43.5,43.6,43.5,43.5,2077.0
2020-02-14 12:00:00,NSE:MANAKSIA,43.5,43.65,43.05,43.55,2936.0
2020-02-14 12:45:00,NSE:MANAKSIA,43.5,43.75,43.5,43.55,1231.0
2020-02-14 13:30:00,NSE:MANAKSIA,43.75,43.75,43.55,43.55,1021.0
2020-02-14 14:15:00,NSE:MANAKSIA,43.55,43.6,43.5,43.55,3823.0
2020-02-14 15:00:00,NSE:MANAKSIA,43.5,43.7,43.5,43.5,14828.0
2020-02-17 09:00:00,NSE:MANAKSIA,43.5,43.9,43.0,43.5,10545.0
2020-02-17 09:45:00,NSE:MANAKSIA,43.5,43.8,43.5,43.7,2533.0
2020-02-17 10:30:00,NSE:MANAKSIA,43.6,43.7,43.5,43.5,1635.0
2020-02-17 11:15:00,NSE:MANAKSIA,43.65,43.65,43.5,43.55,628.0
2020-02-17 12:00:00,NSE:MANAKSIA,43.55,43.75,43.55,43.75,1340.0
2020-02-17 12:45:00,NSE:MANAKSIA,43.75,43.75,43.55,43.55,307.0
2020-02-17 13:30:00,NSE:MANAKSIA,43.55,43.7,43.5,43.55,2021.0
2020-02-17 14:15:00,NSE:MANAKSIA,43.5,43.55,41.65,43.4,13221.0
2020-02-17 15:00:00,NSE:MANAKSIA,43.5,43.7,43.5,43.5,17948.0
2020-02-18 09:00:00,NSE:MANAKSIA,43.5,43.65,43.5,43.6,3071.0
2020-02-18 09:45:00,NSE:MANAKSIA,43.6,43.65,43.5,43.5,9410.0
2020-02-18 10:30:00,NSE:MANAKSIA,43.65,43.65,43.5,43.5,10331.0
2020-02-18 11:15:00,NSE:MANAKSIA,43.55,43.55,43.5,43.5,3960.0
2020-02-18 12:00:00,NSE:MANAKSIA,43.5,43.6,43.5,43.5,3965.0
2020-02-18 12:45:00,NSE:MANAKSIA,43.5,43.5,43.5,43.5,1864.0
2020-02-18 13:30:00,NSE:MANAKSIA,44.35,44.35,43.1,43.5,2052.0
2020-02-18 14:15:00,NSE:MANAKSIA,43.75,49.0,43.75,46.45,28138.0
2020-02-18 15:00:00,NSE:MANAKSIA,46.25,46.85,45.0,45.35,9269.0
2020-02-18 15:45:00,NSE:MANAKSIA,45.85,45.85,45.85,45.85,450.0
2020-02-19 09:00:00,NSE:MANAKSIA,45.9,48.5,45.9,46.8,9484.0
2020-02-19 09:45:00,NSE:MANAKSIA,47.0,47.1,46.75,47.0,3315.0
2020-02-19 10:30:00,NSE:MANAKSIA,46.95,47.0,46.4,46.4,2631.0
2020-02-19 11:15:00,NSE:MANAKSIA,46.35,46.5,45.0,45.4,1730.0
2020-02-19 12:00:00,NSE:MANAKSIA,45.4,46.2,45.4,46.2,1089.0
2020-02-19 12:45:00,NSE:MANAKSIA,46.2,46.95,45.5,45.7,2626.0
2020-02-19 13:30:00,NSE:MANAKSIA,45.2,46.85,45.2,45.5,1794.0
2020-02-19 14:15:00,NSE:MANAKSIA,45.9,46.05,45.5,45.5,545.0
2020-02-19 15:00:00,NSE:MANAKSIA,46.2,46.2,45.55,46.1,3708.0
2020-02-20 09:00:00,NSE:MANAKSIA,45.0,47.4,43.8,44.3,5630.0
2020-02-20 09:45:00,NSE:MANAKSIA,44.3,44.65,43.5,43.9,4289.0
2020-02-20 10:30:00,NSE:MANAKSIA,43.8,45.7,43.8,43.85,1215.0
2020-02-20 11:15:00,NSE:MANAKSIA,43.9,45.7,43.9,44.55,1137.0
2020-02-20 12:00:00,NSE:MANAKSIA,44.2,44.6,44.15,44.6,773.0
2020-02-20 12:45:00,NSE:MANAKSIA,44.1,44.2,44.1,44.2,251.0
2020-02-20 13:30:00,NSE:MANAKSIA,44.35,45.5,44.35,45.45,665.0
2020-02-20 14:15:00,NSE:MANAKSIA,45.3,45.3,45.0,45.0,823.0
2020-02-20 15:00:00,NSE:MANAKSIA,44.95,45.0,43.7,43.7,3546.0
2020-02-24 09:00:00,NSE:MANAKSIA,46.0,46.0,43.2,43.6,1403.0
2020-02-24 09:45:00,NSE:MANAKSIA,43.6,43.6,42.5,43.5,2890.0
2020-02-24 10:30:00,NSE:MANAKSIA,43.8,44.2,43.5,43.5,125.0
2020-02-24 11:15:00,NSE:MANAKSIA,43.5,44.2,43.5,44.2,111.0
2020-02-24 12:00:00,NSE:MANAKSIA,43.5,43.5,43.5,43.5,202.0
2020-02-24 12:45:00,NSE:MANAKSIA,43.5,44.0,43.5,44.0,1270.0
2020-02-24 13:30:00,NSE:MANAKSIA,43.5,43.5,43.5,43.5,1400.0
2020-02-24 14:15:00,NSE:MANAKSIA,43.5,43.5,42.9,42.9,1128.0
2020-02-24 15:00:00,NSE:MANAKSIA,42.9,43.6,42.9,43.0,5996.0
2020-02-25 09:00:00,NSE:MANAKSIA,43.0,44.85,43.0,44.0,1666.0
2020-02-25 09:45:00,NSE:MANAKSIA,44.0,44.0,43.5,43.5,1369.0
2020-02-25 10:30:00,NSE:MANAKSIA,43.55,43.95,43.55,43.95,311.0
2020-02-25 11:15:00,NSE:MANAKSIA,43.6,43.95,43.6,43.6,394.0
2020-02-25 12:00:00,NSE:MANAKSIA,43.65,44.0,43.5,43.7,7303.0
2020-02-25 12:45:00,NSE:MANAKSIA,43.7,44.0,43.5,43.8,1033.0
2020-02-25 13:30:00,NSE:MANAKSIA,43.8,43.8,43.5,43.5,1005.0
2020-02-25 14:15:00,NSE:MANAKSIA,43.5,44.0,43.5,43.5,1972.0
2020-02-25 15:00:00,NSE:MANAKSIA,43.5,43.7,43.5,43.55,2735.0
2020-02-26 09:00:00,NSE:MANAKSIA,43.7,45.5,43.7,44.85,3581.0
2020-02-26 09:45:00,NSE:MANAKSIA,44.9,44.9,44.15,44.3,1479.0
2020-02-26 10:30:00,NSE:MANAKSIA,44.65,46.5,44.65,45.55,7480.0
2020-02-26 11:15:00,NSE:MANAKSIA,45.9,46.0,45.5,46.0,1229.0
2020-02-26 12:00:00,NSE:MANAKSIA,46.0,46.2,46.0,46.0,4692.0
2020-02-26 12:45:00,NSE:MANAKSIA,46.0,46.4,46.0,46.3,715.0
2020-02-26 13:30:00,NSE:MANAKSIA,46.3,46.45,45.55,46.0,2810.0
2020-02-26 14:15:00,NSE:MANAKSIA,46.0,46.0,44.95,45.0,3940.0
2020-02-26 15:00:00,NSE:MANAKSIA,44.85,45.0,44.55,44.65,3983.0
2020-02-27 09:00:00,NSE:MANAKSIA,46.9,46.9,43.15,43.75,1037.0
2020-02-27 09:45:00,NSE:MANAKSIA,43.75,44.35,43.65,43.8,1203.0
2020-02-27 10:30:00,NSE:MANAKSIA,43.65,45.2,43.55,45.0,779.0
2020-02-27 11:15:00,NSE:MANAKSIA,45.05,45.75,45.05,45.7,860.0
2020-02-27 12:00:00,NSE:MANAKSIA,45.5,45.55,44.7,45.0,395.0
2020-02-27 12:45:00,NSE:MANAKSIA,45.55,45.55,45.25,45.55,783.0
2020-02-27 13:30:00,NSE:MANAKSIA,45.5,45.7,44.95,45.45,4956.0
2020-02-27 14:15:00,NSE:MANAKSIA,45.3,45.5,45.1,45.2,874.0
2020-02-27 15:00:00,NSE:MANAKSIA,45.2,45.2,44.1,45.0,1453.0
2020-02-28 09:00:00,NSE:MANAKSIA,42.5,44.95,42.5,43.65,5155.0
2020-02-28 09:45:00,NSE:MANAKSIA,43.6,43.95,43.25,43.5,6413.0
2020-02-28 10:30:00,NSE:MANAKSIA,43.5,44.35,42.25,44.35,5149.0
2020-02-28 11:15:00,NSE:MANAKSIA,44.35,44.35,43.2,43.9,2146.0
2020-02-28 12:00:00,NSE:MANAKSIA,43.4,43.7,43.4,43.5,683.0
2020-02-28 12:45:00,NSE:MANAKSIA,43.55,45.0,43.55,44.55,1844.0
2020-02-28 13:30:00,NSE:MANAKSIA,45.0,46.95,44.6,46.25,9309.0
2020-02-28 14:15:00,NSE:MANAKSIA,46.25,46.3,44.05,44.1,4377.0
2020-02-28 15:00:00,NSE:MANAKSIA,44.0,44.05,43.9,44.0,4021.0
2020-03-02 09:00:00,NSE:MANAKSIA,52.8,52.8,50.15,51.45,111236.0
2020-03-02 09:45:00,NSE:MANAKSIA,51.05,52.7,51.05,52.3,57549.0
2020-03-02 10:30:00,NSE:MANAKSIA,52.2,52.6,52.1,52.4,30970.0
2020-03-02 11:15:00,NSE:MANAKSIA,52.4,52.5,51.3,51.3,61055.0
2020-03-02 12:00:00,NSE:MANAKSIA,51.35,51.7,50.75,51.0,41679.0
2020-03-02 12:45:00,NSE:MANAKSIA,51.0,51.3,50.7,50.9,20452.0
2020-03-02 13:30:00,NSE:MANAKSIA,50.9,51.4,50.9,50.9,16696.0
2020-03-02 14:15:00,NSE:MANAKSIA,50.95,51.0,47.7,48.35,62624.0
2020-03-02 15:00:00,NSE:MANAKSIA,48.3,50.9,48.15,49.4,374282.0
2020-03-03 09:00:00,NSE:MANAKSIA,51.8,53.4,50.0,50.45,77622.0
2020-03-03 09:45:00,NSE:MANAKSIA,50.25,50.9,49.6,49.8,34021.0
2020-03-03 10:30:00,NSE:MANAKSIA,49.85,50.35,49.4,49.9,19007.0
2020-03-03 11:15:00,NSE:MANAKSIA,50.0,50.1,49.1,49.25,28220.0
2020-03-03 12:00:00,NSE:MANAKSIA,49.25,49.3,48.65,49.0,15884.0
2020-03-03 12:45:00,NSE:MANAKSIA,49.0,51.5,49.0,49.8,49795.0
2020-03-03 13:30:00,NSE:MANAKSIA,50.0,52.0,50.0,50.25,34230.0
2020-03-03 14:15:00,NSE:MANAKSIA,49.9,50.85,49.85,50.8,15983.0
2020-03-03 15:00:00,NSE:MANAKSIA,50.9,52.2,50.9,51.55,68476.0
2020-03-03 15:45:00,NSE:MANAKSIA,51.65,51.65,51.65,51.65,10.0
2020-03-04 09:00:00,NSE:MANAKSIA,49.25,51.5,49.25,50.1,18836.0
2020-03-04 09:45:00,NSE:MANAKSIA,50.9,51.0,50.1,51.0,7698.0
2020-03-04 10:30:00,NSE:MANAKSIA,50.95,50.95,49.65,49.65,7371.0
2020-03-04 11:15:00,NSE:MANAKSIA,50.0,50.0,49.6,49.65,9691.0
2020-03-04 12:00:00,NSE:MANAKSIA,50.0,50.7,49.5,49.65,10116.0
2020-03-04 12:45:00,NSE:MANAKSIA,50.65,51.0,49.5,49.5,19207.0
2020-03-04 13:30:00,NSE:MANAKSIA,50.4,50.4,49.1,49.2,14720.0
2020-03-04 14:15:00,NSE:MANAKSIA,49.95,49.95,49.15,49.75,6776.0
2020-03-04 15:00:00,NSE:MANAKSIA,49.75,49.9,49.1,49.85,20962.0
2020-03-05 09:00:00,NSE:MANAKSIA,42.0,42.0,40.05,40.5,7967.0
2020-03-05 09:45:00,NSE:MANAKSIA,40.5,41.15,40.05,40.9,3402.0
2020-03-05 10:30:00,NSE:MANAKSIA,40.9,40.9,40.15,40.5,2002.0
2020-03-05 11:15:00,NSE:MANAKSIA,40.9,41.95,40.15,41.0,964.0
2020-03-05 12:00:00,NSE:MANAKSIA,40.95,41.7,40.95,41.7,1855.0
2020-03-05 12:45:00,NSE:MANAKSIA,41.7,42.0,41.7,41.75,1029.0
2020-03-05 13:30:00,NSE:MANAKSIA,42.0,42.0,41.8,41.8,195.0
2020-03-05 14:15:00,NSE:MANAKSIA,41.7,41.7,40.9,40.9,4132.0
2020-03-05 15:00:00,NSE:MANAKSIA,40.55,41.55,40.5,41.35,4302.0
2020-03-06 09:00:00,NSE:MANAKSIA,40.25,40.5,38.7,38.7,4710.0
2020-03-06 09:45:00,NSE:MANAKSIA,38.7,38.75,38.7,38.7,4037.0
2020-03-06 10:30:00,NSE:MANAKSIA,38.7,38.7,38.7,38.7,326.0
2020-03-06 11:15:00,NSE:MANAKSIA,38.7,38.7,38.7,38.7,1345.0
2020-03-06 12:00:00,NSE:MANAKSIA,38.7,38.7,38.7,38.7,2100.0
2020-03-06 12:45:00,NSE:MANAKSIA,38.7,38.7,38.7,38.7,50.0
2020-03-06 15:00:00,NSE:MANAKSIA,38.7,38.7,38.7,38.7,1030.0
2020-03-09 09:00:00,NSE:MANAKSIA,36.8,36.8,36.8,36.8,528.0
2020-03-09 09:45:00,NSE:MANAKSIA,36.8,36.8,36.8,36.8,906.0
2020-03-09 10:30:00,NSE:MANAKSIA,36.8,36.8,36.8,36.8,26.0
2020-03-09 11:15:00,NSE:MANAKSIA,36.8,36.8,36.8,36.8,1150.0
2020-03-09 12:00:00,NSE:MANAKSIA,36.8,36.8,36.8,36.8,420.0
2020-03-09 12:45:00,NSE:MANAKSIA,36.8,36.8,36.8,36.8,88.0
2020-03-09 13:30:00,NSE:MANAKSIA,36.8,36.8,36.8,36.8,40.0
2020-03-09 14:15:00,NSE:MANAKSIA,36.8,36.8,36.8,36.8,110.0
2020-03-09 15:00:00,NSE:MANAKSIA,36.8,36.8,36.8,36.8,4.0
2020-03-11 09:00:00,NSE:MANAKSIA,35.0,35.0,35.0,35.0,580.0
2020-03-11 09:45:00,NSE:MANAKSIA,35.0,35.0,35.0,35.0,12.0
2020-03-11 10:30:00,NSE:MANAKSIA,35.0,35.0,35.0,35.0,6.0
2020-03-11 11:15:00,NSE:MANAKSIA,35.0,35.0,35.0,35.0,400.0
2020-03-11 12:00:00,NSE:MANAKSIA,35.0,35.0,35.0,35.0,15.0
2020-03-11 12:45:00,NSE:MANAKSIA,35.0,35.0,35.0,35.0,585.0
2020-03-11 14:15:00,NSE:MANAKSIA,35.0,35.0,35.0,35.0,10.0
2020-03-11 15:00:00,NSE:MANAKSIA,35.0,35.0,35.0,35.0,34.0
2020-03-11 15:45:00,NSE:MANAKSIA,35.0,35.0,35.0,35.0,100.0
2020-03-12 09:00:00,NSE:MANAKSIA,33.25,33.25,33.25,33.25,1400.0
2020-03-12 09:45:00,NSE:MANAKSIA,33.25,33.25,33.25,33.25,120.0
2020-03-12 10:30:00,NSE:MANAKSIA,33.25,33.25,33.25,33.25,200.0
2020-03-12 11:15:00,NSE:MANAKSIA,33.25,33.25,33.25,33.25,155.0
2020-03-12 12:00:00,NSE:MANAKSIA,33.25,33.25,33.25,33.25,279.0
2020-03-12 12:45:00,NSE:MANAKSIA,33.25,33.25,33.25,33.25,126.0
2020-03-12 14:15:00,NSE:MANAKSIA,33.25,33.25,33.25,33.25,851.0
2020-03-12 15:00:00,NSE:MANAKSIA,33.25,33.25,33.25,33.25,88.0
2020-03-13 09:00:00,NSE:MANAKSIA,31.6,31.6,31.6,31.6,1245.0
2020-03-13 09:45:00,NSE:MANAKSIA,31.6,31.6,31.6,31.6,1245.0
2020-03-13 10:30:00,NSE:MANAKSIA,31.6,31.6,31.6,31.6,1187.0
2020-03-13 11:15:00,NSE:MANAKSIA,31.6,31.6,31.6,31.6,3053.0
2020-03-13 12:00:00,NSE:MANAKSIA,31.6,31.6,31.6,31.6,5992.0
2020-03-13 12:45:00,NSE:MANAKSIA,31.6,31.6,31.6,31.6,1372.0
2020-03-13 13:30:00,NSE:MANAKSIA,31.6,31.6,31.6,31.6,1720.0
2020-03-13 14:15:00,NSE:MANAKSIA,31.6,31.6,31.6,31.6,385.0
2020-03-13 15:00:00,NSE:MANAKSIA,31.6,31.6,31.6,31.6,1201.0
2020-03-13 15:45:00,NSE:MANAKSIA,31.6,31.6,31.6,31.6,100.0
2020-03-16 09:00:00,NSE:MANAKSIA,30.05,30.05,30.05,30.05,1573.0
2020-03-16 09:45:00,NSE:MANAKSIA,30.05,30.05,30.05,30.05,426.0
2020-03-16 10:30:00,NSE:MANAKSIA,30.05,30.05,30.05,30.05,1020.0
2020-03-16 11:15:00,NSE:MANAKSIA,30.05,30.05,30.05,30.05,865.0
2020-03-16 12:00:00,NSE:MANAKSIA,30.05,30.05,30.05,30.05,100.0
2020-03-16 12:45:00,NSE:MANAKSIA,30.05,30.05,30.05,30.05,1223.0
2020-03-16 13:30:00,NSE:MANAKSIA,30.05,30.05,30.05,30.05,815.0
2020-03-16 14:15:00,NSE:MANAKSIA,30.05,30.05,30.05,30.05,382.0
2020-03-16 15:00:00,NSE:MANAKSIA,30.05,30.05,30.05,30.05,180.0
2020-03-17 09:00:00,NSE:MANAKSIA,28.55,28.55,28.55,28.55,6039.0
2020-03-17 09:45:00,NSE:MANAKSIA,28.55,28.55,28.55,28.55,11540.0
2020-03-17 10:30:00,NSE:MANAKSIA,28.55,30.0,28.55,28.55,9966.0
2020-03-17 11:15:00,NSE:MANAKSIA,28.55,29.4,28.55,29.0,1283.0
2020-03-17 12:00:00,NSE:MANAKSIA,29.0,31.5,28.6,31.4,3945.0
2020-03-17 12:45:00,NSE:MANAKSIA,29.0,30.6,29.0,29.45,2247.0
2020-03-17 13:30:00,NSE:MANAKSIA,29.6,29.8,29.6,29.75,678.0
2020-03-17 14:15:00,NSE:MANAKSIA,31.45,31.45,29.75,30.0,2866.0
2020-03-17 15:00:00,NSE:MANAKSIA,30.05,31.5,29.75,29.9,4768.0
2020-03-18 09:00:00,NSE:MANAKSIA,29.35,30.0,29.35,30.0,481.0
2020-03-18 09:45:00,NSE:MANAKSIA,29.5,30.85,29.1,30.0,11974.0
2020-03-18 10:30:00,NSE:MANAKSIA,30.0,30.0,29.1,29.1,4367.0
2020-03-18 11:15:00,NSE:MANAKSIA,29.95,30.0,29.1,30.0,13325.0
2020-03-18 12:00:00,NSE:MANAKSIA,29.35,30.85,29.35,29.4,3706.0
2020-03-18 12:45:00,NSE:MANAKSIA,29.35,30.65,29.35,30.65,1501.0
2020-03-18 13:30:00,NSE:MANAKSIA,30.6,30.6,29.85,29.85,395.0
2020-03-18 14:15:00,NSE:MANAKSIA,29.8,30.0,29.8,30.0,1104.0
2020-03-18 15:00:00,NSE:MANAKSIA,29.85,30.45,29.85,30.05,1967.0
2020-03-19 09:00:00,NSE:MANAKSIA,28.5,31.35,28.5,30.75,5711.0
2020-03-19 09:45:00,NSE:MANAKSIA,29.0,29.0,28.5,28.5,10616.0
2020-03-19 10:30:00,NSE:MANAKSIA,29.0,30.5,28.5,30.5,849.0
2020-03-19 11:15:00,NSE:MANAKSIA,30.45,30.65,30.45,30.6,345.0
2020-03-19 12:00:00,NSE:MANAKSIA,30.6,30.6,29.15,29.15,566.0
2020-03-19 12:45:00,NSE:MANAKSIA,29.5,29.5,29.5,29.5,100.0
2020-03-19 13:30:00,NSE:MANAKSIA,29.5,29.5,29.4,29.4,1000.0
2020-03-19 14:15:00,NSE:MANAKSIA,30.5,30.5,29.55,29.55,344.0
2020-03-19 15:00:00,NSE:MANAKSIA,29.55,29.75,29.5,29.75,895.0
2020-03-20 09:00:00,NSE:MANAKSIA,30.7,31.0,30.7,31.0,6352.0
2020-03-20 09:45:00,NSE:MANAKSIA,31.0,31.0,31.0,31.0,338.0
2020-03-20 10:30:00,NSE:MANAKSIA,31.0,31.0,31.0,31.0,1000.0
2020-03-20 11:15:00,NSE:MANAKSIA,31.0,31.0,30.15,31.0,8811.0
2020-03-20 12:00:00,NSE:MANAKSIA,31.0,31.0,31.0,31.0,728.0
2020-03-20 12:45:00,NSE:MANAKSIA,31.0,31.0,31.0,31.0,1.0
2020-03-20 13:30:00,NSE:MANAKSIA,31.0,31.0,31.0,31.0,100.0
2020-03-20 14:15:00,NSE:MANAKSIA,31.0,31.0,31.0,31.0,3000.0
2020-03-20 15:00:00,NSE:MANAKSIA,31.0,31.0,31.0,31.0,3580.0
2020-03-23 09:00:00,NSE:MANAKSIA,30.0,30.0,29.45,29.45,3330.0
2020-03-23 09:45:00,NSE:MANAKSIA,29.5,29.5,29.45,29.45,451.0
2020-03-23 10:30:00,NSE:MANAKSIA,29.45,32.0,29.45,29.45,121.0
2020-03-23 11:15:00,NSE:MANAKSIA,29.5,30.0,29.45,29.45,6074.0
2020-03-23 12:00:00,NSE:MANAKSIA,29.45,30.0,29.45,29.5,1974.0
2020-03-23 12:45:00,NSE:MANAKSIA,29.5,29.55,29.45,29.45,1689.0
2020-03-23 13:30:00,NSE:MANAKSIA,29.45,29.45,29.45,29.45,36.0
2020-03-23 14:15:00,NSE:MANAKSIA,29.45,29.45,29.45,29.45,960.0
2020-03-23 15:00:00,NSE:MANAKSIA,29.45,29.45,29.45,29.45,210.0
2020-03-24 09:00:00,NSE:MANAKSIA,29.45,29.45,28.0,28.0,5429.0
2020-03-24 09:45:00,NSE:MANAKSIA,28.0,28.0,28.0,28.0,2179.0
2020-03-24 10:30:00,NSE:MANAKSIA,28.0,28.0,28.0,28.0,3049.0
2020-03-24 11:15:00,NSE:MANAKSIA,28.0,30.0,28.0,30.0,784.0
2020-03-24 12:00:00,NSE:MANAKSIA,28.0,28.0,28.0,28.0,396.0
2020-03-24 12:45:00,NSE:MANAKSIA,28.0,29.2,28.0,29.2,3025.0
2020-03-24 13:30:00,NSE:MANAKSIA,30.0,30.0,28.1,28.3,611.0
2020-03-24 14:15:00,NSE:MANAKSIA,28.3,29.0,28.2,28.9,1421.0
2020-03-24 15:00:00,NSE:MANAKSIA,28.9,28.9,28.0,28.0,4380.0
2020-03-25 09:00:00,NSE:MANAKSIA,29.5,29.5,28.0,28.0,758.0
2020-03-25 09:45:00,NSE:MANAKSIA,27.05,27.1,26.9,27.0,2555.0
2020-03-25 10:30:00,NSE:MANAKSIA,27.0,28.0,27.0,27.95,282.0
2020-03-25 11:15:00,NSE:MANAKSIA,27.9,27.9,27.6,27.6,314.0
2020-03-25 12:00:00,NSE:MANAKSIA,27.55,27.55,27.0,27.0,1349.0
2020-03-25 12:45:00,NSE:MANAKSIA,27.0,27.55,27.0,27.55,518.0
2020-03-25 13:30:00,NSE:MANAKSIA,27.55,29.0,27.55,29.0,2921.0
2020-03-25 14:15:00,NSE:MANAKSIA,29.0,29.45,28.5,28.7,2911.0
2020-03-25 15:00:00,NSE:MANAKSIA,28.7,29.45,28.7,28.75,2034.0
2020-03-26 09:00:00,NSE:MANAKSIA,29.9,29.9,29.0,29.0,305.0
2020-03-26 09:45:00,NSE:MANAKSIA,29.0,29.4,29.0,29.4,399.0
2020-03-26 10:30:00,NSE:MANAKSIA,29.3,29.3,28.2,28.2,1216.0
2020-03-26 11:15:00,NSE:MANAKSIA,28.2,29.6,28.2,29.6,1011.0
2020-03-26 12:00:00,NSE:MANAKSIA,28.5,29.55,28.5,29.55,1300.0
2020-03-26 12:45:00,NSE:MANAKSIA,27.4,27.4,27.4,27.4,4067.0
2020-03-26 13:30:00,NSE:MANAKSIA,27.4,27.4,27.4,27.4,2614.0
2020-03-26 14:15:00,NSE:MANAKSIA,27.4,27.4,27.4,27.4,1389.0
2020-03-26 15:00:00,NSE:MANAKSIA,27.4,29.3,27.4,29.3,1219.0
2020-03-27 09:00:00,NSE:MANAKSIA,28.1,29.0,28.1,28.2,1955.0
2020-03-27 09:45:00,NSE:MANAKSIA,28.2,29.0,28.2,28.2,956.0
2020-03-27 10:30:00,NSE:MANAKSIA,28.25,28.9,28.25,28.85,725.0
2020-03-27 11:15:00,NSE:MANAKSIA,28.0,28.9,28.0,28.9,837.0
2020-03-27 12:00:00,NSE:MANAKSIA,28.9,28.9,28.9,28.9,252.0
2020-03-27 12:45:00,NSE:MANAKSIA,28.8,28.8,27.85,27.85,188.0
2020-03-27 13:30:00,NSE:MANAKSIA,27.8,28.8,27.8,28.8,1145.0
2020-03-27 14:15:00,NSE:MANAKSIA,28.75,28.75,28.0,28.5,243.0
2020-03-27 15:00:00,NSE:MANAKSIA,28.5,28.5,27.9,27.9,690.0
2020-03-30 09:00:00,NSE:MANAKSIA,26.9,28.0,26.9,26.9,1480.0
2020-03-30 09:45:00,NSE:MANAKSIA,26.9,27.9,26.7,26.75,3812.0
2020-03-30 10:30:00,NSE:MANAKSIA,26.9,26.9,26.7,26.7,1870.0
2020-03-30 11:15:00,NSE:MANAKSIA,27.85,27.85,27.8,27.8,511.0
2020-03-30 12:00:00,NSE:MANAKSIA,27.05,27.05,27.05,27.05,2.0
2020-03-30 12:45:00,NSE:MANAKSIA,27.75,27.8,27.75,27.8,108.0
2020-03-30 13:30:00,NSE:MANAKSIA,27.25,27.8,27.05,27.8,269.0
2020-03-30 14:15:00,NSE:MANAKSIA,27.05,27.75,27.05,27.75,208.0
2020-03-30 15:00:00,NSE:MANAKSIA,27.05,27.05,27.05,27.05,194.0
2020-03-31 09:00:00,NSE:MANAKSIA,27.95,27.95,27.0,27.0,418.0
2020-03-31 09:45:00,NSE:MANAKSIA,27.0,27.0,27.0,27.0,1131.0
2020-03-31 10:30:00,NSE:MANAKSIA,27.95,27.95,27.0,27.95,1483.0
2020-03-31 11:15:00,NSE:MANAKSIA,27.95,28.0,27.95,27.95,800.0
2020-03-31 12:00:00,NSE:MANAKSIA,27.1,28.0,26.8,28.0,2553.0
2020-03-31 12:45:00,NSE:MANAKSIA,27.95,27.95,27.95,27.95,10.0
2020-03-31 13:30:00,NSE:MANAKSIA,27.0,27.0,27.0,27.0,1000.0
2020-03-31 14:15:00,NSE:MANAKSIA,27.05,28.3,27.05,27.05,1573.0
2020-03-31 15:00:00,NSE:MANAKSIA,27.2,27.2,27.05,27.1,850.0
2020-04-01 09:45:00,NSE:MANAKSIA,27.05,28.2,27.0,28.2,152.0
2020-04-01 10:30:00,NSE:MANAKSIA,27.25,28.0,27.25,28.0,398.0
2020-04-01 11:15:00,NSE:MANAKSIA,28.05,28.05,27.7,27.7,282.0
2020-04-01 12:00:00,NSE:MANAKSIA,27.7,28.05,27.7,27.7,584.0
2020-04-01 12:45:00,NSE:MANAKSIA,27.8,28.0,27.75,28.0,630.0
2020-04-01 13:30:00,NSE:MANAKSIA,28.05,28.05,27.9,28.0,610.0
2020-04-01 14:15:00,NSE:MANAKSIA,28.1,28.1,27.9,27.95,624.0
2020-04-01 15:00:00,NSE:MANAKSIA,28.0,28.5,28.0,28.35,1399.0
2020-04-03 09:00:00,NSE:MANAKSIA,29.7,29.75,28.0,29.65,1170.0
2020-04-03 09:45:00,NSE:MANAKSIA,29.6,29.6,28.8,28.8,602.0
2020-04-03 10:30:00,NSE:MANAKSIA,28.8,29.0,28.65,29.0,1769.0
2020-04-03 11:15:00,NSE:MANAKSIA,29.75,29.75,29.75,29.75,2244.0
2020-04-03 12:00:00,NSE:MANAKSIA,29.75,29.75,29.75,29.75,738.0
2020-04-03 13:30:00,NSE:MANAKSIA,29.75,29.75,29.75,29.75,210.0
2020-04-03 14:15:00,NSE:MANAKSIA,29.75,29.75,29.75,29.75,201.0
2020-04-07 09:00:00,NSE:MANAKSIA,31.2,31.2,31.0,31.2,1751.0
2020-04-07 09:45:00,NSE:MANAKSIA,31.2,31.2,31.2,31.2,1459.0
2020-04-07 10:30:00,NSE:MANAKSIA,31.2,31.2,31.2,31.2,832.0
2020-04-07 11:15:00,NSE:MANAKSIA,31.0,31.2,31.0,31.2,205.0
2020-04-07 12:00:00,NSE:MANAKSIA,31.2,31.2,31.05,31.1,175.0
2020-04-07 12:45:00,NSE:MANAKSIA,31.1,31.1,31.1,31.1,27.0
2020-04-07 13:30:00,NSE:MANAKSIA,31.2,31.2,31.2,31.2,2.0
2020-04-07 14:15:00,NSE:MANAKSIA,31.2,31.2,31.2,31.2,1084.0
2020-04-07 15:00:00,NSE:MANAKSIA,31.2,31.2,31.2,31.2,1.0
2020-04-08 09:00:00,NSE:MANAKSIA,32.7,32.75,32.7,32.7,1437.0
2020-04-08 09:45:00,NSE:MANAKSIA,32.7,32.75,31.6,32.75,1389.0
2020-04-08 10:30:00,NSE:MANAKSIA,32.75,32.75,32.75,32.75,478.0
2020-04-08 11:15:00,NSE:MANAKSIA,32.75,32.75,32.75,32.75,14.0
2020-04-08 12:00:00,NSE:MANAKSIA,32.75,32.75,32.75,32.75,922.0
2020-04-08 12:45:00,NSE:MANAKSIA,32.75,32.75,32.75,32.75,26.0
2020-04-08 13:30:00,NSE:MANAKSIA,32.75,32.75,32.75,32.75,800.0
2020-04-08 14:15:00,NSE:MANAKSIA,32.75,32.75,32.7,32.75,695.0
2020-04-08 15:00:00,NSE:MANAKSIA,32.75,32.75,32.0,32.7,1370.0
2020-04-08 15:45:00,NSE:MANAKSIA,32.4,32.4,32.4,32.4,1000.0
2020-04-09 09:00:00,NSE:MANAKSIA,32.6,32.7,32.6,32.7,102.0
2020-04-09 09:45:00,NSE:MANAKSIA,33.9,33.9,32.05,32.25,945.0
2020-04-09 10:30:00,NSE:MANAKSIA,33.6,33.6,32.45,32.85,1805.0
2020-04-09 11:15:00,NSE:MANAKSIA,32.85,32.85,32.05,32.1,1730.0
2020-04-09 12:00:00,NSE:MANAKSIA,32.75,32.75,32.75,32.75,294.0
2020-04-09 12:45:00,NSE:MANAKSIA,32.85,32.85,32.4,32.85,955.0
2020-04-09 13:30:00,NSE:MANAKSIA,32.85,32.85,32.85,32.85,1136.0
2020-04-09 14:15:00,NSE:MANAKSIA,32.3,32.3,32.25,32.25,1550.0
2020-04-09 15:00:00,NSE:MANAKSIA,32.95,33.0,32.25,32.95,1185.0
2020-04-13 09:00:00,NSE:MANAKSIA,32.9,32.9,31.3,31.3,1033.0
2020-04-13 09:45:00,NSE:MANAKSIA,31.3,32.8,31.3,32.75,915.0
2020-04-13 10:30:00,NSE:MANAKSIA,32.7,32.7,32.0,32.0,190.0
2020-04-13 11:15:00,NSE:MANAKSIA,32.75,32.75,32.75,32.75,85.0
2020-04-13 12:00:00,NSE:MANAKSIA,33.2,33.2,32.8,32.8,340.0
2020-04-13 12:45:00,NSE:MANAKSIA,32.5,33.2,32.5,33.2,124.0
2020-04-13 13:30:00,NSE:MANAKSIA,33.2,33.75,32.05,32.35,1002.0
2020-04-13 14:15:00,NSE:MANAKSIA,32.35,32.35,32.3,32.35,465.0
2020-04-13 15:00:00,NSE:MANAKSIA,32.3,32.95,32.0,32.95,2000.0
2020-04-15 09:00:00,NSE:MANAKSIA,31.0,33.9,31.0,33.2,438.0
2020-04-15 09:45:00,NSE:MANAKSIA,33.0,33.0,33.0,33.0,108.0
2020-04-15 10:30:00,NSE:MANAKSIA,33.2,33.2,32.1,33.1,1911.0
2020-04-15 11:15:00,NSE:MANAKSIA,33.1,33.1,33.0,33.0,44.0
2020-04-15 12:00:00,NSE:MANAKSIA,33.2,33.75,33.2,33.75,2000.0
2020-04-15 12:45:00,NSE:MANAKSIA,33.65,33.65,32.6,33.65,3176.0
2020-04-15 13:30:00,NSE:MANAKSIA,33.8,34.0,33.8,33.8,1300.0
2020-04-15 14:15:00,NSE:MANAKSIA,32.8,33.9,32.65,32.65,1518.0
2020-04-15 15:00:00,NSE:MANAKSIA,32.8,33.6,32.8,33.6,1614.0
2020-04-16 09:00:00,NSE:MANAKSIA,31.9,33.95,31.9,33.95,85.0
2020-04-16 09:45:00,NSE:MANAKSIA,32.3,34.0,32.3,33.95,852.0
2020-04-16 10:30:00,NSE:MANAKSIA,33.0,33.0,33.0,33.0,1.0
2020-04-16 11:15:00,NSE:MANAKSIA,33.5,33.9,33.1,33.9,701.0
2020-04-16 12:00:00,NSE:MANAKSIA,33.6,33.6,33.6,33.6,250.0
2020-04-16 12:45:00,NSE:MANAKSIA,33.6,33.6,33.2,33.25,1000.0
2020-04-16 13:30:00,NSE:MANAKSIA,33.25,33.8,33.2,33.8,1365.0
2020-04-16 14:15:00,NSE:MANAKSIA,33.8,33.8,33.8,33.8,2.0
2020-04-16 15:00:00,NSE:MANAKSIA,33.8,33.9,33.8,33.9,201.0
2020-04-17 09:00:00,NSE:MANAKSIA,35.4,35.4,33.5,33.5,184.0
2020-04-17 09:45:00,NSE:MANAKSIA,34.8,34.9,33.95,33.95,2326.0
2020-04-17 10:30:00,NSE:MANAKSIA,33.95,34.9,33.7,33.7,2159.0
2020-04-17 11:15:00,NSE:MANAKSIA,33.75,33.75,33.75,33.75,100.0
2020-04-17 12:00:00,NSE:MANAKSIA,33.75,33.75,33.75,33.75,50.0
2020-04-17 12:45:00,NSE:MANAKSIA,34.0,34.0,34.0,34.0,585.0
2020-04-17 13:30:00,NSE:MANAKSIA,33.55,33.6,33.55,33.6,1941.0
2020-04-17 14:15:00,NSE:MANAKSIA,33.6,33.6,33.6,33.6,100.0
2020-04-17 15:00:00,NSE:MANAKSIA,33.6,34.85,33.0,34.0,1148.0
2020-04-20 09:00:00,NSE:MANAKSIA,34.9,34.9,34.75,34.75,26.0
2020-04-20 09:45:00,NSE:MANAKSIA,34.75,34.75,34.0,34.6,410.0
2020-04-20 10:30:00,NSE:MANAKSIA,34.0,34.0,33.85,33.85,110.0
2020-04-20 11:15:00,NSE:MANAKSIA,33.9,33.9,33.9,33.9,330.0
2020-04-20 12:00:00,NSE:MANAKSIA,33.9,33.9,33.9,33.9,45.0
2020-04-20 13:30:00,NSE:MANAKSIA,34.35,34.35,34.35,34.35,655.0
2020-04-20 14:15:00,NSE:MANAKSIA,34.3,34.3,34.0,34.0,1170.0
2020-04-20 15:00:00,NSE:MANAKSIA,34.0,34.0,33.7,33.7,627.0
2020-04-21 09:00:00,NSE:MANAKSIA,34.45,34.5,34.4,34.45,1355.0
2020-04-21 09:45:00,NSE:MANAKSIA,33.0,33.05,33.0,33.05,200.0
2020-04-21 10:30:00,NSE:MANAKSIA,34.0,34.0,33.25,34.0,461.0
2020-04-21 11:15:00,NSE:MANAKSIA,33.25,33.25,33.25,33.25,66.0
2020-04-21 12:00:00,NSE:MANAKSIA,33.5,33.5,33.5,33.5,150.0
2020-04-21 12:45:00,NSE:MANAKSIA,33.3,33.3,33.25,33.25,1316.0
2020-04-21 13:30:00,NSE:MANAKSIA,33.8,33.8,33.8,33.8,17.0
2020-04-21 15:00:00,NSE:MANAKSIA,33.8,33.85,33.35,33.8,1297.0
2020-04-22 09:00:00,NSE:MANAKSIA,34.25,34.25,32.3,32.3,1010.0
2020-04-22 10:30:00,NSE:MANAKSIA,33.4,34.0,33.4,34.0,31.0
2020-04-22 11:15:00,NSE:MANAKSIA,33.9,33.9,33.5,33.5,2121.0
2020-04-22 12:00:00,NSE:MANAKSIA,33.2,33.2,32.35,32.35,2468.0
2020-04-22 12:45:00,NSE:MANAKSIA,32.35,32.35,32.35,32.35,1009.0
2020-04-22 13:30:00,NSE:MANAKSIA,32.4,32.4,32.4,32.4,50.0
2020-04-22 15:00:00,NSE:MANAKSIA,32.3,32.3,32.15,32.15,4850.0
2020-04-23 09:00:00,NSE:MANAKSIA,32.1,32.1,32.0,32.0,140.0
2020-04-23 09:45:00,NSE:MANAKSIA,31.5,31.5,31.1,31.25,737.0
2020-04-23 10:30:00,NSE:MANAKSIA,32.0,32.0,31.8,31.8,340.0
2020-04-23 11:15:00,NSE:MANAKSIA,31.85,33.9,31.85,33.9,3754.0
2020-04-23 12:00:00,NSE:MANAKSIA,33.9,33.9,33.9,33.9,1011.0
2020-04-23 12:45:00,NSE:MANAKSIA,33.9,33.9,33.9,33.9,40.0
2020-04-23 13:30:00,NSE:MANAKSIA,33.9,33.9,33.9,33.9,200.0
2020-04-23 14:15:00,NSE:MANAKSIA,33.9,33.9,33.9,33.9,800.0
2020-04-24 09:00:00,NSE:MANAKSIA,34.0,34.0,34.0,34.0,200.0
2020-04-24 09:45:00,NSE:MANAKSIA,32.75,34.1,32.75,34.05,983.0
2020-04-24 10:30:00,NSE:MANAKSIA,34.1,35.0,34.1,34.95,5977.0
2020-04-24 11:15:00,NSE:MANAKSIA,34.1,35.0,34.1,35.0,685.0
2020-04-24 12:00:00,NSE:MANAKSIA,34.0,34.0,34.0,34.0,10.0
2020-04-24 12:45:00,NSE:MANAKSIA,34.1,34.1,34.05,34.05,300.0
2020-04-24 13:30:00,NSE:MANAKSIA,34.0,34.0,34.0,34.0,100.0
2020-04-24 14:15:00,NSE:MANAKSIA,34.1,34.1,33.0,33.0,6686.0
2020-04-24 15:00:00,NSE:MANAKSIA,33.0,33.95,32.45,32.45,3617.0
2020-04-27 09:00:00,NSE:MANAKSIA,33.9,33.9,33.85,33.85,201.0
2020-04-27 09:45:00,NSE:MANAKSIA,33.65,33.65,32.9,32.9,115.0
2020-04-27 10:30:00,NSE:MANAKSIA,33.7,33.7,33.55,33.55,255.0
2020-04-27 11:15:00,NSE:MANAKSIA,33.2,33.2,33.2,33.2,100.0
2020-04-27 12:00:00,NSE:MANAKSIA,33.2,33.2,33.2,33.2,100.0
2020-04-27 12:45:00,NSE:MANAKSIA,33.85,33.85,33.2,33.8,265.0
2020-04-27 13:30:00,NSE:MANAKSIA,33.2,33.2,33.2,33.2,373.0
2020-04-27 14:15:00,NSE:MANAKSIA,33.1,33.1,33.1,33.1,100.0
2020-04-27 15:00:00,NSE:MANAKSIA,33.0,33.85,32.55,33.85,736.0
2020-04-28 09:45:00,NSE:MANAKSIA,33.0,33.0,33.0,33.0,105.0
2020-04-28 10:30:00,NSE:MANAKSIA,33.2,33.2,32.0,32.0,280.0
2020-04-28 11:15:00,NSE:MANAKSIA,32.2,32.2,32.0,32.0,330.0
2020-04-28 12:00:00,NSE:MANAKSIA,33.6,33.6,33.6,33.6,100.0
2020-04-28 13:30:00,NSE:MANAKSIA,33.5,33.5,33.5,33.5,6.0
2020-04-28 14:15:00,NSE:MANAKSIA,32.5,33.6,32.5,33.45,350.0
2020-04-28 15:00:00,NSE:MANAKSIA,33.25,33.45,32.5,32.5,136.0
2020-04-29 09:00:00,NSE:MANAKSIA,32.0,33.55,32.0,33.55,5.0
2020-04-29 09:45:00,NSE:MANAKSIA,32.3,33.0,32.3,33.0,1500.0
2020-04-29 10:30:00,NSE:MANAKSIA,33.0,33.0,33.0,33.0,301.0
2020-04-29 11:15:00,NSE:MANAKSIA,32.95,32.95,32.95,32.95,70.0
2020-04-29 12:00:00,NSE:MANAKSIA,32.5,32.5,32.15,32.15,250.0
2020-04-29 12:45:00,NSE:MANAKSIA,32.4,32.4,32.4,32.4,26.0
2020-04-29 13:30:00,NSE:MANAKSIA,33.0,33.0,32.0,32.0,1439.0
2020-04-29 14:15:00,NSE:MANAKSIA,32.95,32.95,32.05,32.9,662.0
2020-04-29 15:00:00,NSE:MANAKSIA,32.15,32.95,31.4,32.95,1269.0
2020-04-30 09:00:00,NSE:MANAKSIA,32.2,33.7,32.0,32.25,1112.0
2020-04-30 09:45:00,NSE:MANAKSIA,32.25,33.25,32.25,33.25,108.0
2020-04-30 10:30:00,NSE:MANAKSIA,33.2,33.2,32.35,33.0,839.0
2020-04-30 11:15:00,NSE:MANAKSIA,33.0,33.0,32.0,32.2,1298.0
2020-04-30 12:00:00,NSE:MANAKSIA,32.5,32.5,32.25,32.25,67.0
2020-04-30 13:30:00,NSE:MANAKSIA,32.8,33.25,32.35,33.25,1152.0
2020-04-30 14:15:00,NSE:MANAKSIA,32.4,33.0,32.4,33.0,314.0
2020-04-30 15:00:00,NSE:MANAKSIA,32.4,32.4,32.4,32.4,145.0
2020-05-04 09:45:00,NSE:MANAKSIA,32.3,32.3,31.35,31.35,493.0
2020-05-04 10:30:00,NSE:MANAKSIA,32.4,32.4,32.2,32.4,221.0
2020-05-04 11:15:00,NSE:MANAKSIA,32.4,32.4,32.35,32.35,439.0
2020-05-04 12:00:00,NSE:MANAKSIA,32.35,32.4,32.0,32.4,553.0
2020-05-04 12:45:00,NSE:MANAKSIA,32.4,32.5,32.4,32.5,1500.0
2020-05-04 13:30:00,NSE:MANAKSIA,32.0,32.0,32.0,32.0,277.0
2020-05-04 14:15:00,NSE:MANAKSIA,32.75,33.0,32.75,33.0,275.0
2020-05-04 15:00:00,NSE:MANAKSIA,32.95,33.0,32.25,32.9,450.0
2020-05-05 09:00:00,NSE:MANAKSIA,33.0,33.0,31.6,31.6,3.0
2020-05-05 09:45:00,NSE:MANAKSIA,32.0,32.0,32.0,32.0,107.0
2020-05-05 10:30:00,NSE:MANAKSIA,31.85,33.05,31.85,32.0,295.0
2020-05-05 11:15:00,NSE:MANAKSIA,32.0,32.1,32.0,32.1,300.0
2020-05-05 12:00:00,NSE:MANAKSIA,32.1,32.1,32.1,32.1,306.0
2020-05-05 13:30:00,NSE:MANAKSIA,32.4,32.4,32.15,32.15,50.0
2020-05-05 15:00:00,NSE:MANAKSIA,32.1,32.1,31.85,31.85,600.0
2020-05-06 09:00:00,NSE:MANAKSIA,31.85,32.95,31.85,32.9,890.0
2020-05-06 09:45:00,NSE:MANAKSIA,31.25,32.75,31.25,31.7,521.0
2020-05-06 10:30:00,NSE:MANAKSIA,31.75,31.75,31.75,31.75,150.0
2020-05-06 11:15:00,NSE:MANAKSIA,32.0,32.75,32.0,32.75,2149.0
2020-05-06 12:00:00,NSE:MANAKSIA,32.0,32.75,32.0,32.75,600.0
2020-05-06 12:45:00,NSE:MANAKSIA,32.75,33.0,32.75,33.0,5010.0
2020-05-06 13:30:00,NSE:MANAKSIA,32.95,32.95,32.95,32.95,2.0
2020-05-06 14:15:00,NSE:MANAKSIA,32.2,32.95,32.2,32.95,701.0
2020-05-06 15:00:00,NSE:MANAKSIA,32.9,32.9,32.9,32.9,10.0
2020-05-07 09:45:00,NSE:MANAKSIA,33.0,33.0,32.05,32.05,11.0
2020-05-07 10:30:00,NSE:MANAKSIA,33.0,33.0,33.0,33.0,18.0
2020-05-07 11:15:00,NSE:MANAKSIA,32.95,32.95,32.2,32.2,160.0
2020-05-07 14:15:00,NSE:MANAKSIA,32.95,32.95,32.95,32.95,705.0
2020-05-07 15:00:00,NSE:MANAKSIA,32.9,32.95,32.7,32.7,163.0
2020-05-08 09:00:00,NSE:MANAKSIA,33.95,33.95,31.55,32.8,610.0
2020-05-08 09:45:00,NSE:MANAKSIA,32.8,32.8,31.3,32.7,6172.0
2020-05-08 10:30:00,NSE:MANAKSIA,31.8,31.8,31.8,31.8,20.0
2020-05-08 11:15:00,NSE:MANAKSIA,31.7,32.55,31.7,31.8,561.0
2020-05-08 12:00:00,NSE:MANAKSIA,32.3,32.3,31.75,31.75,60.0
2020-05-08 12:45:00,NSE:MANAKSIA,31.75,31.75,31.75,31.75,110.0
2020-05-08 13:30:00,NSE:MANAKSIA,32.0,32.0,32.0,32.0,10.0
2020-05-08 14:15:00,NSE:MANAKSIA,32.0,32.0,32.0,32.0,16.0
2020-05-08 15:00:00,NSE:MANAKSIA,32.0,32.3,32.0,32.3,1098.0
2020-05-11 09:00:00,NSE:MANAKSIA,32.5,32.5,32.5,32.5,5.0
2020-05-11 09:45:00,NSE:MANAKSIA,32.0,32.4,30.9,32.4,607.0
2020-05-11 10:30:00,NSE:MANAKSIA,31.2,32.35,31.2,32.35,83.0
2020-05-11 11:15:00,NSE:MANAKSIA,32.3,32.3,32.3,32.3,1.0
2020-05-11 12:00:00,NSE:MANAKSIA,32.05,32.3,31.25,32.3,48.0
2020-05-11 12:45:00,NSE:MANAKSIA,31.25,31.3,31.25,31.3,400.0
2020-05-11 14:15:00,NSE:MANAKSIA,32.15,32.15,32.15,32.15,5.0
2020-05-11 15:00:00,NSE:MANAKSIA,32.0,32.15,32.0,32.15,28.0
2020-05-12 09:00:00,NSE:MANAKSIA,30.6,32.45,30.6,32.2,289.0
2020-05-12 09:45:00,NSE:MANAKSIA,30.8,31.0,30.8,31.0,1321.0
2020-05-12 10:30:00,NSE:MANAKSIA,31.0,31.35,31.0,31.2,1207.0
2020-05-12 11:15:00,NSE:MANAKSIA,31.2,31.2,31.1,31.1,101.0
2020-05-12 12:00:00,NSE:MANAKSIA,31.2,31.2,31.2,31.2,858.0
2020-05-12 12:45:00,NSE:MANAKSIA,31.2,31.25,31.2,31.25,697.0
2020-05-12 13:30:00,NSE:MANAKSIA,31.1,31.25,31.1,31.25,395.0
2020-05-12 15:00:00,NSE:MANAKSIA,32.2,32.2,32.2,32.2,1.0
2020-05-13 09:00:00,NSE:MANAKSIA,30.6,30.6,30.6,30.6,1502.0
2020-05-13 09:45:00,NSE:MANAKSIA,31.25,32.35,31.1,32.0,556.0
2020-05-13 10:30:00,NSE:MANAKSIA,32.0,32.0,31.25,31.25,506.0
2020-05-13 11:15:00,NSE:MANAKSIA,32.0,32.0,31.1,32.0,1379.0
2020-05-13 12:00:00,NSE:MANAKSIA,31.35,31.95,31.35,31.95,303.0
2020-05-13 12:45:00,NSE:MANAKSIA,31.35,31.95,31.35,31.95,1030.0
2020-05-13 13:30:00,NSE:MANAKSIA,31.3,32.0,31.3,32.0,1270.0
2020-05-13 14:15:00,NSE:MANAKSIA,32.0,32.0,31.95,31.95,530.0
2020-05-13 15:00:00,NSE:MANAKSIA,31.45,32.1,31.45,32.1,167.0
2020-05-14 09:00:00,NSE:MANAKSIA,33.2,33.2,32.0,32.0,51.0
2020-05-14 09:45:00,NSE:MANAKSIA,31.05,32.7,31.05,32.7,19.0
2020-05-14 11:15:00,NSE:MANAKSIA,32.05,32.05,31.25,31.25,24.0
2020-05-14 12:00:00,NSE:MANAKSIA,32.0,32.05,32.0,32.05,100.0
2020-05-14 13:30:00,NSE:MANAKSIA,31.4,31.4,31.35,31.35,100.0
2020-05-14 14:15:00,NSE:MANAKSIA,31.6,31.6,31.6,31.6,30.0
2020-05-14 15:00:00,NSE:MANAKSIA,31.4,31.6,31.4,31.4,345.0
2020-05-15 09:00:00,NSE:MANAKSIA,31.0,31.05,31.0,31.0,82.0
2020-05-15 09:45:00,NSE:MANAKSIA,31.0,32.4,31.0,32.4,124.0
2020-05-15 10:30:00,NSE:MANAKSIA,32.4,32.4,31.0,31.0,480.0
2020-05-15 11:15:00,NSE:MANAKSIA,32.2,32.2,31.05,31.05,124.0
2020-05-15 12:00:00,NSE:MANAKSIA,31.7,32.25,31.7,32.25,1021.0
2020-05-15 14:15:00,NSE:MANAKSIA,32.15,32.15,32.0,32.0,96.0
2020-05-15 15:00:00,NSE:MANAKSIA,31.85,32.2,31.85,32.2,568.0
2020-05-18 09:00:00,NSE:MANAKSIA,31.75,32.7,31.75,32.7,103.0
2020-05-18 09:45:00,NSE:MANAKSIA,31.75,32.0,30.7,31.1,515.0
2020-05-18 10:30:00,NSE:MANAKSIA,31.1,32.6,30.75,30.75,609.0
2020-05-18 11:15:00,NSE:MANAKSIA,31.95,31.95,31.95,31.95,60.0
2020-05-18 12:00:00,NSE:MANAKSIA,31.05,31.05,31.05,31.05,3.0
2020-05-18 12:45:00,NSE:MANAKSIA,31.05,31.05,31.05,31.05,250.0
2020-05-18 15:00:00,NSE:MANAKSIA,31.5,31.5,31.1,31.1,101.0
2020-05-19 09:00:00,NSE:MANAKSIA,31.1,31.1,31.1,31.1,71.0
2020-05-19 09:45:00,NSE:MANAKSIA,32.0,32.0,31.15,31.15,1500.0
2020-05-19 10:30:00,NSE:MANAKSIA,31.15,31.15,31.15,31.15,53.0
2020-05-19 11:15:00,NSE:MANAKSIA,32.0,32.0,32.0,32.0,789.0
2020-05-19 12:00:00,NSE:MANAKSIA,32.0,32.0,31.5,31.5,340.0
2020-05-19 12:45:00,NSE:MANAKSIA,31.5,31.5,31.5,31.5,161.0
2020-05-19 13:30:00,NSE:MANAKSIA,32.0,32.0,31.5,31.5,1533.0
2020-05-19 14:15:00,NSE:MANAKSIA,31.0,31.0,31.0,31.0,164.0
2020-05-19 15:00:00,NSE:MANAKSIA,31.5,31.5,31.5,31.5,5.0
2020-05-20 09:45:00,NSE:MANAKSIA,31.5,31.5,31.05,31.5,108.0
2020-05-20 11:15:00,NSE:MANAKSIA,31.5,31.5,31.5,31.5,106.0
2020-05-20 12:45:00,NSE:MANAKSIA,32.35,32.35,32.35,32.35,70.0
2020-05-20 14:15:00,NSE:MANAKSIA,32.3,32.3,32.3,32.3,100.0
2020-05-20 15:00:00,NSE:MANAKSIA,32.3,32.3,32.1,32.1,50.0
2020-05-21 09:45:00,NSE:MANAKSIA,31.15,31.15,31.15,31.15,16.0
2020-05-21 10:30:00,NSE:MANAKSIA,31.25,31.3,31.25,31.25,87.0
2020-05-21 11:15:00,NSE:MANAKSIA,31.25,31.25,31.25,31.25,36.0
2020-05-21 12:00:00,NSE:MANAKSIA,32.45,32.45,32.45,32.45,50.0
2020-05-21 12:45:00,NSE:MANAKSIA,31.25,31.25,31.25,31.25,200.0
2020-05-21 14:15:00,NSE:MANAKSIA,31.5,31.5,31.5,31.5,100.0
2020-05-21 15:00:00,NSE:MANAKSIA,32.2,32.2,31.6,31.75,230.0
2020-05-22 09:45:00,NSE:MANAKSIA,31.75,31.75,31.75,31.75,33.0
2020-05-22 10:30:00,NSE:MANAKSIA,31.55,31.55,31.5,31.55,225.0
2020-05-22 11:15:00,NSE:MANAKSIA,31.25,31.25,31.0,31.0,1161.0
2020-05-22 12:00:00,NSE:MANAKSIA,31.0,31.05,30.9,30.9,112.0
2020-05-22 13:30:00,NSE:MANAKSIA,31.25,31.25,31.05,31.05,203.0
2020-05-22 14:15:00,NSE:MANAKSIA,31.25,31.25,31.1,31.25,270.0
2020-05-22 15:00:00,NSE:MANAKSIA,31.25,31.75,31.2,31.75,863.0
2020-05-26 09:00:00,NSE:MANAKSIA,31.75,31.75,31.4,31.4,101.0
2020-05-26 10:30:00,NSE:MANAKSIA,31.85,31.85,31.45,31.45,215.0
2020-05-26 11:15:00,NSE:MANAKSIA,31.4,31.8,31.4,31.7,629.0
2020-05-26 12:00:00,NSE:MANAKSIA,31.7,31.7,30.0,30.0,3515.0
2020-05-26 12:45:00,NSE:MANAKSIA,31.6,31.6,30.5,30.5,114.0
2020-05-26 13:30:00,NSE:MANAKSIA,31.5,31.5,31.0,31.0,115.0
2020-05-26 14:15:00,NSE:MANAKSIA,30.5,31.05,30.5,31.0,450.0
2020-05-26 15:00:00,NSE:MANAKSIA,30.6,30.7,30.6,30.7,186.0
2020-05-27 09:00:00,NSE:MANAKSIA,30.15,32.0,29.5,32.0,2009.0
2020-05-27 09:45:00,NSE:MANAKSIA,30.4,31.95,30.4,31.85,140.0
2020-05-27 10:30:00,NSE:MANAKSIA,30.45,31.8,30.45,30.45,139.0
2020-05-27 11:15:00,NSE:MANAKSIA,31.45,31.45,30.4,30.4,824.0
2020-05-27 12:00:00,NSE:MANAKSIA,30.4,31.05,30.4,31.05,251.0
2020-05-27 12:45:00,NSE:MANAKSIA,31.0,31.0,31.0,31.0,110.0
2020-05-27 13:30:00,NSE:MANAKSIA,31.0,31.0,31.0,31.0,960.0
2020-05-27 14:15:00,NSE:MANAKSIA,31.1,31.1,31.0,31.0,600.0
2020-05-27 15:00:00,NSE:MANAKSIA,31.5,31.5,31.0,31.0,965.0
2020-05-28 09:00:00,NSE:MANAKSIA,30.55,32.4,30.55,32.4,116.0
2020-05-28 09:45:00,NSE:MANAKSIA,32.3,32.3,30.6,32.15,289.0
2020-05-28 10:30:00,NSE:MANAKSIA,30.6,32.05,30.6,31.65,2173.0
2020-05-28 11:15:00,NSE:MANAKSIA,30.5,31.1,30.2,31.1,1553.0
2020-05-28 12:00:00,NSE:MANAKSIA,30.75,31.25,30.75,31.2,251.0
2020-05-28 12:45:00,NSE:MANAKSIA,31.2,31.2,31.2,31.2,100.0
2020-05-28 13:30:00,NSE:MANAKSIA,31.2,31.2,30.85,30.85,815.0
2020-05-28 14:15:00,NSE:MANAKSIA,31.15,31.15,31.0,31.0,410.0
2020-05-28 15:00:00,NSE:MANAKSIA,31.15,31.15,31.0,31.15,132.0
2020-05-29 09:00:00,NSE:MANAKSIA,30.75,30.8,29.95,30.0,6242.0
2020-05-29 09:45:00,NSE:MANAKSIA,30.0,30.0,29.9,30.0,10952.0
2020-05-29 10:30:00,NSE:MANAKSIA,30.0,30.0,29.9,30.0,5101.0
2020-05-29 11:15:00,NSE:MANAKSIA,30.0,30.0,29.9,30.0,4195.0
2020-05-29 12:00:00,NSE:MANAKSIA,30.0,30.8,30.0,30.8,340.0
2020-05-29 12:45:00,NSE:MANAKSIA,30.75,30.75,30.55,30.55,16.0
2020-05-29 13:30:00,NSE:MANAKSIA,30.85,30.95,30.8,30.95,806.0
2020-05-29 14:15:00,NSE:MANAKSIA,30.55,30.95,30.2,30.95,1854.0
2020-05-29 15:00:00,NSE:MANAKSIA,30.75,30.95,30.25,30.75,2202.0
2020-05-29 15:45:00,NSE:MANAKSIA,30.4,30.4,30.4,30.4,49.0
2020-06-01 09:00:00,NSE:MANAKSIA,29.8,31.75,29.8,31.45,990.0
2020-06-01 09:45:00,NSE:MANAKSIA,31.5,31.9,31.0,31.9,2255.0
2020-06-01 10:30:00,NSE:MANAKSIA,31.9,31.9,31.4,31.85,2371.0
2020-06-01 11:15:00,NSE:MANAKSIA,31.85,31.85,31.4,31.5,156.0
2020-06-01 12:00:00,NSE:MANAKSIA,31.85,31.85,31.4,31.4,150.0
2020-06-01 12:45:00,NSE:MANAKSIA,31.85,31.85,31.4,31.85,61.0
2020-06-01 13:30:00,NSE:MANAKSIA,31.4,31.4,31.4,31.4,350.0
2020-06-01 14:15:00,NSE:MANAKSIA,31.4,31.9,31.0,31.85,2760.0
2020-06-01 15:00:00,NSE:MANAKSIA,31.8,31.9,31.4,31.9,1543.0
2020-06-02 09:00:00,NSE:MANAKSIA,31.8,32.85,31.65,32.8,3094.0
2020-06-02 09:45:00,NSE:MANAKSIA,32.85,32.85,32.05,32.6,1169.0
2020-06-02 10:30:00,NSE:MANAKSIA,32.6,32.6,32.0,32.0,891.0
2020-06-02 11:15:00,NSE:MANAKSIA,32.0,32.0,31.75,31.9,900.0
2020-06-02 12:00:00,NSE:MANAKSIA,31.85,31.9,31.7,31.9,767.0
2020-06-02 12:45:00,NSE:MANAKSIA,31.75,31.9,31.7,31.9,1271.0
2020-06-02 13:30:00,NSE:MANAKSIA,31.9,31.9,31.8,31.8,1878.0
2020-06-02 14:15:00,NSE:MANAKSIA,31.9,31.9,31.9,31.9,1512.0
2020-06-02 15:00:00,NSE:MANAKSIA,32.0,32.0,31.8,32.0,6994.0
2020-06-02 15:45:00,NSE:MANAKSIA,32.0,32.0,32.0,32.0,2.0
2020-06-03 09:00:00,NSE:MANAKSIA,32.0,32.95,31.75,32.95,896.0
2020-06-03 09:45:00,NSE:MANAKSIA,32.6,32.8,32.0,32.0,1165.0
2020-06-03 10:30:00,NSE:MANAKSIA,32.65,32.8,31.95,32.7,3049.0
2020-06-03 11:15:00,NSE:MANAKSIA,32.55,32.6,31.95,32.6,2522.0
2020-06-03 12:00:00,NSE:MANAKSIA,32.55,32.65,32.0,32.0,2695.0
2020-06-03 12:45:00,NSE:MANAKSIA,32.8,32.8,31.95,31.95,3350.0
2020-06-03 13:30:00,NSE:MANAKSIA,32.0,32.0,31.95,32.0,2144.0
2020-06-03 14:15:00,NSE:MANAKSIA,32.0,32.7,32.0,32.7,1703.0
2020-06-03 15:00:00,NSE:MANAKSIA,32.85,32.85,32.05,32.45,3040.0
2020-06-04 09:00:00,NSE:MANAKSIA,33.95,33.95,31.95,32.0,4528.0
2020-06-04 09:45:00,NSE:MANAKSIA,32.0,32.05,31.8,32.0,2601.0
2020-06-04 10:30:00,NSE:MANAKSIA,32.0,32.0,32.0,32.0,1529.0
2020-06-04 11:15:00,NSE:MANAKSIA,32.0,32.0,31.8,31.8,1765.0
2020-06-04 12:00:00,NSE:MANAKSIA,32.0,32.0,32.0,32.0,500.0
2020-06-04 12:45:00,NSE:MANAKSIA,32.0,32.0,31.95,31.95,107.0
2020-06-04 13:30:00,NSE:MANAKSIA,32.0,32.0,31.8,31.95,309.0
2020-06-04 14:15:00,NSE:MANAKSIA,31.95,32.0,31.8,32.0,635.0
2020-06-04 15:00:00,NSE:MANAKSIA,32.0,32.55,32.0,32.5,1007.0
2020-06-05 09:00:00,NSE:MANAKSIA,32.25,32.9,32.25,32.9,600.0
2020-06-05 09:45:00,NSE:MANAKSIA,32.9,32.9,32.25,32.65,1264.0
2020-06-05 10:30:00,NSE:MANAKSIA,32.8,33.5,32.8,33.5,3500.0
2020-06-05 11:15:00,NSE:MANAKSIA,33.5,34.9,33.5,33.8,2990.0
2020-06-05 12:00:00,NSE:MANAKSIA,33.5,33.8,33.5,33.55,383.0
2020-06-05 12:45:00,NSE:MANAKSIA,34.1,34.9,34.1,34.4,4617.0
2020-06-05 13:30:00,NSE:MANAKSIA,34.4,35.45,34.4,35.45,19370.0
2020-06-05 14:15:00,NSE:MANAKSIA,35.45,35.45,35.0,35.45,8821.0
2020-06-05 15:00:00,NSE:MANAKSIA,35.45,35.45,35.0,35.0,2239.0
2020-06-08 09:00:00,NSE:MANAKSIA,37.0,38.75,36.0,38.0,5131.0
2020-06-08 09:45:00,NSE:MANAKSIA,38.1,38.45,38.0,38.0,7433.0
2020-06-08 10:30:00,NSE:MANAKSIA,38.05,38.5,38.0,38.4,2841.0
2020-06-08 11:15:00,NSE:MANAKSIA,38.2,38.6,38.2,38.3,3078.0
2020-06-08 12:00:00,NSE:MANAKSIA,38.3,38.3,37.0,37.0,4870.0
2020-06-08 12:45:00,NSE:MANAKSIA,37.05,37.5,37.0,37.15,2457.0
2020-06-08 13:30:00,NSE:MANAKSIA,37.15,37.5,36.55,37.0,1165.0
2020-06-08 14:15:00,NSE:MANAKSIA,37.0,37.0,36.0,36.15,2658.0
2020-06-08 15:00:00,NSE:MANAKSIA,36.4,37.5,36.4,37.05,1788.0
2020-06-09 09:00:00,NSE:MANAKSIA,38.05,38.5,36.8,36.8,1840.0
2020-06-09 09:45:00,NSE:MANAKSIA,36.8,38.15,36.8,37.05,1906.0
2020-06-09 10:30:00,NSE:MANAKSIA,37.9,37.9,37.15,37.7,1206.0
2020-06-09 11:15:00,NSE:MANAKSIA,37.35,37.45,37.0,37.45,305.0
2020-06-09 12:00:00,NSE:MANAKSIA,36.9,37.7,36.7,37.25,1852.0
2020-06-09 12:45:00,NSE:MANAKSIA,37.25,37.3,37.2,37.2,630.0
2020-06-09 13:30:00,NSE:MANAKSIA,37.0,37.05,36.5,36.5,1099.0
2020-06-09 14:15:00,NSE:MANAKSIA,36.55,36.55,36.1,36.2,1182.0
2020-06-09 15:00:00,NSE:MANAKSIA,36.2,36.2,36.1,36.2,1182.0
2020-06-10 09:00:00,NSE:MANAKSIA,38.7,38.7,34.2,36.05,5312.0
2020-06-10 09:45:00,NSE:MANAKSIA,36.85,37.0,36.1,36.1,2751.0
2020-06-10 10:30:00,NSE:MANAKSIA,36.95,37.7,36.0,36.0,1676.0
2020-06-10 11:15:00,NSE:MANAKSIA,37.3,37.3,36.05,36.05,949.0
2020-06-10 12:00:00,NSE:MANAKSIA,36.05,36.1,36.05,36.05,610.0
2020-06-10 12:45:00,NSE:MANAKSIA,36.1,36.4,36.0,36.35,196.0
2020-06-10 13:30:00,NSE:MANAKSIA,36.35,36.45,36.2,36.45,267.0
2020-06-10 14:15:00,NSE:MANAKSIA,36.45,36.5,36.0,36.5,607.0
2020-06-10 15:00:00,NSE:MANAKSIA,36.45,36.45,36.0,36.15,1994.0
2020-06-11 09:00:00,NSE:MANAKSIA,37.0,37.0,34.5,36.0,2085.0
2020-06-11 09:45:00,NSE:MANAKSIA,36.0,36.0,35.05,35.55,1316.0
2020-06-11 10:30:00,NSE:MANAKSIA,35.55,35.9,35.2,35.25,1573.0
2020-06-11 11:15:00,NSE:MANAKSIA,35.8,35.8,35.2,35.75,880.0
2020-06-11 12:00:00,NSE:MANAKSIA,36.7,36.7,35.75,35.75,185.0
2020-06-11 12:45:00,NSE:MANAKSIA,35.75,36.75,35.75,36.75,48.0
2020-06-11 13:30:00,NSE:MANAKSIA,36.0,36.4,35.5,35.5,363.0
2020-06-11 14:15:00,NSE:MANAKSIA,35.3,35.5,35.2,35.45,312.0
2020-06-11 15:00:00,NSE:MANAKSIA,35.2,36.35,34.7,36.2,2024.0
2020-06-11 15:45:00,NSE:MANAKSIA,35.1,35.1,35.1,35.1,27.0
2020-06-12 09:00:00,NSE:MANAKSIA,38.6,38.6,33.95,36.3,37584.0
2020-06-12 09:45:00,NSE:MANAKSIA,36.0,37.0,34.2,35.95,6328.0
2020-06-12 10:30:00,NSE:MANAKSIA,35.95,36.5,35.8,36.05,2712.0
2020-06-12 11:15:00,NSE:MANAKSIA,36.05,36.45,36.05,36.25,1035.0
2020-06-12 12:00:00,NSE:MANAKSIA,36.45,36.45,36.2,36.2,508.0
2020-06-12 12:45:00,NSE:MANAKSIA,36.45,36.8,36.05,36.25,3789.0
2020-06-12 13:30:00,NSE:MANAKSIA,36.2,36.5,36.2,36.45,951.0
2020-06-12 14:15:00,NSE:MANAKSIA,36.45,36.75,36.2,36.7,1867.0
2020-06-12 15:00:00,NSE:MANAKSIA,36.75,37.5,36.45,37.5,4629.0
2020-06-12 15:45:00,NSE:MANAKSIA,37.15,37.15,37.15,37.15,200.0
2020-06-15 09:00:00,NSE:MANAKSIA,39.5,39.5,37.15,37.15,5320.0
2020-06-15 09:45:00,NSE:MANAKSIA,37.3,38.2,36.15,37.4,6078.0
2020-06-15 10:30:00,NSE:MANAKSIA,37.5,37.5,37.3,37.3,81.0
2020-06-15 11:15:00,NSE:MANAKSIA,37.3,37.3,36.25,36.85,20883.0
2020-06-15 12:00:00,NSE:MANAKSIA,36.85,36.85,36.15,36.15,679.0
2020-06-15 12:45:00,NSE:MANAKSIA,36.8,36.85,36.75,36.75,524.0
2020-06-15 13:30:00,NSE:MANAKSIA,36.85,36.95,36.75,36.95,557.0
2020-06-15 14:15:00,NSE:MANAKSIA,37.25,37.4,37.0,37.35,803.0
2020-06-15 15:00:00,NSE:MANAKSIA,36.2,37.3,36.2,37.3,1434.0
2020-06-16 09:00:00,NSE:MANAKSIA,37.15,38.0,37.1,37.6,8655.0
2020-06-16 09:45:00,NSE:MANAKSIA,37.8,37.9,37.6,37.6,27311.0
2020-06-16 10:30:00,NSE:MANAKSIA,37.3,37.8,37.2,37.2,967.0
2020-06-16 11:15:00,NSE:MANAKSIA,37.45,37.45,37.1,37.2,955.0
2020-06-16 12:00:00,NSE:MANAKSIA,37.2,37.45,37.1,37.3,2808.0
2020-06-16 12:45:00,NSE:MANAKSIA,37.4,37.4,36.65,36.65,1069.0
2020-06-16 13:30:00,NSE:MANAKSIA,36.65,36.65,36.5,36.65,1012.0
2020-06-16 14:15:00,NSE:MANAKSIA,36.5,36.5,36.35,36.5,2300.0
2020-06-16 15:00:00,NSE:MANAKSIA,36.55,37.45,35.55,36.25,6753.0
2020-06-17 09:00:00,NSE:MANAKSIA,36.0,36.65,35.15,36.6,889.0
2020-06-17 09:45:00,NSE:MANAKSIA,36.2,37.25,35.8,36.6,1936.0
2020-06-17 10:30:00,NSE:MANAKSIA,36.4,37.2,36.4,37.0,897.0
2020-06-17 12:00:00,NSE:MANAKSIA,37.0,37.0,36.45,36.95,1837.0
2020-06-17 12:45:00,NSE:MANAKSIA,36.5,37.0,36.45,37.0,2745.0
2020-06-17 13:30:00,NSE:MANAKSIA,36.75,37.0,36.75,37.0,22.0
2020-06-17 14:15:00,NSE:MANAKSIA,36.6,36.95,36.5,36.5,1001.0
2020-06-17 15:00:00,NSE:MANAKSIA,37.0,37.0,36.35,36.6,2425.0
2020-06-18 09:00:00,NSE:MANAKSIA,38.7,38.7,36.6,37.2,5367.0
2020-06-18 09:45:00,NSE:MANAKSIA,37.15,37.55,36.6,37.3,2995.0
2020-06-18 10:30:00,NSE:MANAKSIA,37.3,37.35,36.8,36.8,1182.0
2020-06-18 11:15:00,NSE:MANAKSIA,36.8,37.3,36.8,37.3,1235.0
2020-06-18 12:00:00,NSE:MANAKSIA,37.3,37.3,37.0,37.2,179.0
2020-06-18 12:45:00,NSE:MANAKSIA,37.05,37.15,36.7,37.15,849.0
2020-06-18 13:30:00,NSE:MANAKSIA,37.15,37.15,36.7,37.05,267.0
2020-06-18 14:15:00,NSE:MANAKSIA,37.1,37.45,37.1,37.3,2001.0
2020-06-18 15:00:00,NSE:MANAKSIA,37.3,38.0,35.5,36.65,16970.0
2020-06-19 09:00:00,NSE:MANAKSIA,37.5,37.85,37.35,37.5,2737.0
2020-06-19 09:45:00,NSE:MANAKSIA,37.9,39.85,37.85,39.85,50977.0
2020-06-19 10:30:00,NSE:MANAKSIA,39.65,40.6,39.5,40.6,22742.0
2020-06-19 11:15:00,NSE:MANAKSIA,40.45,40.6,40.05,40.45,43863.0
2020-06-19 12:00:00,NSE:MANAKSIA,40.25,40.45,40.25,40.45,9061.0
2020-06-19 12:45:00,NSE:MANAKSIA,40.25,40.25,39.55,40.25,6046.0
2020-06-19 13:30:00,NSE:MANAKSIA,40.15,40.25,39.8,39.9,6496.0
2020-06-19 14:15:00,NSE:MANAKSIA,39.95,40.15,39.5,40.0,19493.0
2020-06-19 15:00:00,NSE:MANAKSIA,39.75,40.0,39.75,39.75,8724.0
2020-06-19 15:45:00,NSE:MANAKSIA,39.8,39.8,39.8,39.8,20.0
2020-06-22 09:00:00,NSE:MANAKSIA,40.35,42.0,40.35,40.95,4364.0
2020-06-22 09:45:00,NSE:MANAKSIA,40.4,41.2,40.4,41.1,5774.0
2020-06-22 10:30:00,NSE:MANAKSIA,41.2,41.2,40.4,40.9,11207.0
2020-06-22 11:15:00,NSE:MANAKSIA,40.5,40.75,40.4,40.7,1967.0
2020-06-22 12:00:00,NSE:MANAKSIA,40.75,40.75,40.1,40.2,4606.0
2020-06-22 12:45:00,NSE:MANAKSIA,40.2,40.6,40.2,40.3,475.0
2020-06-22 13:30:00,NSE:MANAKSIA,40.6,40.65,40.35,40.4,2150.0
2020-06-22 14:15:00,NSE:MANAKSIA,40.35,40.45,40.0,40.05,3214.0
2020-06-22 15:00:00,NSE:MANAKSIA,40.5,40.55,38.45,40.0,5159.0
2020-06-22 15:45:00,NSE:MANAKSIA,39.8,39.8,39.8,39.8,28.0
2020-06-23 09:00:00,NSE:MANAKSIA,42.0,42.0,40.2,40.25,665.0
2020-06-23 09:45:00,NSE:MANAKSIA,40.45,40.6,40.0,40.5,1791.0
2020-06-23 10:30:00,NSE:MANAKSIA,40.4,41.2,40.0,40.05,2553.0
2020-06-23 11:15:00,NSE:MANAKSIA,40.0,40.35,39.6,40.05,1769.0
2020-06-23 12:00:00,NSE:MANAKSIA,40.8,40.8,39.9,40.0,1119.0
2020-06-23 12:45:00,NSE:MANAKSIA,40.2,42.25,39.35,39.65,5451.0
2020-06-23 13:30:00,NSE:MANAKSIA,39.95,40.45,39.95,40.4,1064.0
2020-06-23 14:15:00,NSE:MANAKSIA,40.6,40.9,40.2,40.25,894.0
2020-06-23 15:00:00,NSE:MANAKSIA,40.5,41.3,40.5,40.65,4281.0
2020-06-24 09:00:00,NSE:MANAKSIA,41.35,41.35,39.8,40.5,2432.0
2020-06-24 09:45:00,NSE:MANAKSIA,40.45,40.5,39.65,40.0,4075.0
2020-06-24 10:30:00,NSE:MANAKSIA,40.0,40.05,39.8,39.8,1386.0
2020-06-24 11:15:00,NSE:MANAKSIA,39.9,40.0,39.1,39.15,5567.0
2020-06-24 12:00:00,NSE:MANAKSIA,39.15,39.75,39.1,39.45,1826.0
2020-06-24 12:45:00,NSE:MANAKSIA,39.45,39.5,39.0,39.45,916.0
2020-06-24 13:30:00,NSE:MANAKSIA,39.4,40.5,39.2,40.0,1513.0
2020-06-24 14:15:00,NSE:MANAKSIA,40.1,40.6,39.4,39.95,5950.0
2020-06-24 15:00:00,NSE:MANAKSIA,39.5,40.2,38.75,40.0,3266.0
2020-06-25 09:00:00,NSE:MANAKSIA,38.2,38.95,38.1,38.4,670.0
2020-06-25 09:45:00,NSE:MANAKSIA,38.95,38.95,38.45,38.45,695.0
2020-06-25 10:30:00,NSE:MANAKSIA,38.6,39.05,38.2,38.2,2350.0
2020-06-25 11:15:00,NSE:MANAKSIA,38.65,39.5,38.65,39.5,773.0
2020-06-25 12:00:00,NSE:MANAKSIA,39.05,39.35,39.0,39.25,1270.0
2020-06-25 12:45:00,NSE:MANAKSIA,39.25,39.55,38.7,38.7,1601.0
2020-06-25 13:30:00,NSE:MANAKSIA,38.8,39.65,38.8,39.05,2649.0
2020-06-25 14:15:00,NSE:MANAKSIA,39.45,39.45,38.8,39.4,546.0
2020-06-25 15:00:00,NSE:MANAKSIA,38.85,39.3,38.85,39.3,1001.0
2020-06-25 15:45:00,NSE:MANAKSIA,39.05,39.05,39.05,39.05,141.0
2020-06-26 09:00:00,NSE:MANAKSIA,38.55,40.0,38.55,39.1,1507.0
2020-06-26 09:45:00,NSE:MANAKSIA,39.6,39.85,38.85,38.85,2380.0
2020-06-26 10:30:00,NSE:MANAKSIA,38.85,39.65,38.85,38.85,622.0
2020-06-26 11:15:00,NSE:MANAKSIA,38.85,39.3,38.8,38.8,1065.0
2020-06-26 12:00:00,NSE:MANAKSIA,38.8,38.95,38.05,38.9,3089.0
2020-06-26 12:45:00,NSE:MANAKSIA,38.2,38.45,37.85,38.1,2495.0
2020-06-26 13:30:00,NSE:MANAKSIA,38.35,38.35,37.85,37.85,883.0
2020-06-26 14:15:00,NSE:MANAKSIA,37.85,38.55,37.85,38.15,1997.0
2020-06-26 15:00:00,NSE:MANAKSIA,38.0,38.25,37.85,37.9,1094.0
2020-06-26 15:45:00,NSE:MANAKSIA,38.0,38.0,38.0,38.0,185.0
2020-06-29 09:00:00,NSE:MANAKSIA,37.0,40.5,37.0,39.0,1933.0
2020-06-29 09:45:00,NSE:MANAKSIA,38.15,38.5,37.8,38.5,1035.0
2020-06-29 10:30:00,NSE:MANAKSIA,38.35,38.9,38.05,38.05,2877.0
2020-06-29 11:15:00,NSE:MANAKSIA,38.2,38.5,38.1,38.1,788.0
2020-06-29 12:00:00,NSE:MANAKSIA,38.1,38.55,38.1,38.55,1355.0
2020-06-29 12:45:00,NSE:MANAKSIA,38.6,38.6,38.45,38.45,2045.0
2020-06-29 13:30:00,NSE:MANAKSIA,38.45,39.55,38.45,39.0,2444.0
2020-06-29 14:15:00,NSE:MANAKSIA,39.0,39.0,38.5,38.85,2805.0
2020-06-29 15:00:00,NSE:MANAKSIA,38.9,38.9,38.25,38.45,3651.0
2020-06-30 09:00:00,NSE:MANAKSIA,39.05,39.65,37.2,38.7,1764.0
2020-06-30 09:45:00,NSE:MANAKSIA,38.7,38.9,38.5,38.55,2050.0
2020-06-30 10:30:00,NSE:MANAKSIA,38.55,38.55,38.0,38.35,3562.0
2020-06-30 11:15:00,NSE:MANAKSIA,38.5,38.5,37.6,37.6,3869.0
2020-06-30 12:00:00,NSE:MANAKSIA,37.65,38.3,37.65,38.3,746.0
2020-06-30 12:45:00,NSE:MANAKSIA,37.85,38.1,37.8,37.8,998.0
2020-06-30 13:30:00,NSE:MANAKSIA,37.8,38.15,37.25,37.7,5300.0
2020-06-30 14:15:00,NSE:MANAKSIA,37.7,37.75,36.9,37.05,5660.0
2020-06-30 15:00:00,NSE:MANAKSIA,37.25,37.5,37.25,37.25,4075.0
2020-07-01 09:00:00,NSE:MANAKSIA,36.25,37.2,36.25,37.2,980.0
2020-07-01 09:45:00,NSE:MANAKSIA,37.85,37.85,37.2,37.2,4997.0
2020-07-01 10:30:00,NSE:MANAKSIA,37.2,37.6,37.2,37.55,1197.0
2020-07-01 11:15:00,NSE:MANAKSIA,37.6,37.9,37.15,37.75,1291.0
2020-07-01 12:00:00,NSE:MANAKSIA,37.55,37.6,37.2,37.2,313.0
2020-07-01 12:45:00,NSE:MANAKSIA,37.0,37.2,37.0,37.2,690.0
2020-07-01 13:30:00,NSE:MANAKSIA,37.2,37.35,37.2,37.2,460.0
2020-07-01 14:15:00,NSE:MANAKSIA,37.15,37.15,36.25,36.85,1509.0
2020-07-01 15:00:00,NSE:MANAKSIA,36.85,36.9,36.05,36.9,9071.0
2020-07-02 09:00:00,NSE:MANAKSIA,37.1,37.95,36.35,36.95,4150.0
2020-07-02 09:45:00,NSE:MANAKSIA,36.9,36.9,36.5,36.8,1142.0
2020-07-02 10:30:00,NSE:MANAKSIA,36.4,36.4,36.2,36.2,2081.0
2020-07-02 11:15:00,NSE:MANAKSIA,36.05,36.2,34.2,35.1,7592.0
2020-07-02 12:00:00,NSE:MANAKSIA,35.05,35.45,34.95,35.0,8449.0
2020-07-02 12:45:00,NSE:MANAKSIA,34.95,35.0,34.6,35.0,8659.0
2020-07-02 13:30:00,NSE:MANAKSIA,35.0,35.0,34.5,34.95,5195.0
2020-07-02 14:15:00,NSE:MANAKSIA,34.95,35.0,34.65,34.7,4519.0
2020-07-02 15:00:00,NSE:MANAKSIA,34.75,35.0,34.75,35.0,4462.0
2020-07-03 09:00:00,NSE:MANAKSIA,34.6,36.9,34.6,35.95,462.0
2020-07-03 09:45:00,NSE:MANAKSIA,35.9,35.9,35.0,35.05,1451.0
2020-07-03 10:30:00,NSE:MANAKSIA,35.0,35.1,34.95,35.0,2229.0
2020-07-03 11:15:00,NSE:MANAKSIA,35.0,35.0,34.9,35.0,5029.0
2020-07-03 12:00:00,NSE:MANAKSIA,35.0,35.45,35.0,35.45,290.0
2020-07-03 12:45:00,NSE:MANAKSIA,35.3,35.65,34.6,34.95,2000.0
2020-07-03 13:30:00,NSE:MANAKSIA,34.95,35.5,34.95,35.5,2240.0
2020-07-03 14:15:00,NSE:MANAKSIA,35.65,35.65,35.15,35.5,254.0
2020-07-03 15:00:00,NSE:MANAKSIA,35.0,35.5,35.0,35.5,7776.0
2020-07-03 15:45:00,NSE:MANAKSIA,35.45,35.45,35.45,35.45,25.0
2020-07-06 09:00:00,NSE:MANAKSIA,36.15,36.2,35.45,36.2,324.0
2020-07-06 09:45:00,NSE:MANAKSIA,35.6,37.2,35.6,36.7,6879.0
2020-07-06 10:30:00,NSE:MANAKSIA,36.35,36.7,36.25,36.35,788.0
2020-07-06 11:15:00,NSE:MANAKSIA,36.3,36.4,36.25,36.3,1299.0
2020-07-06 12:00:00,NSE:MANAKSIA,36.4,36.4,36.0,36.3,1789.0
2020-07-06 12:45:00,NSE:MANAKSIA,36.3,36.3,36.2,36.2,173.0
2020-07-06 13:30:00,NSE:MANAKSIA,36.15,36.15,36.05,36.05,540.0
2020-07-06 14:15:00,NSE:MANAKSIA,36.15,36.3,36.05,36.3,793.0
2020-07-06 15:00:00,NSE:MANAKSIA,36.3,36.8,36.3,36.5,5035.0
2020-07-07 09:00:00,NSE:MANAKSIA,36.5,36.5,35.5,35.8,902.0
2020-07-07 09:45:00,NSE:MANAKSIA,35.8,35.8,35.45,35.5,959.0
2020-07-07 10:30:00,NSE:MANAKSIA,35.75,35.75,35.55,35.65,440.0
2020-07-07 11:15:00,NSE:MANAKSIA,35.6,35.65,35.5,35.5,1082.0
2020-07-07 12:00:00,NSE:MANAKSIA,35.55,35.65,35.35,35.35,1897.0
2020-07-07 12:45:00,NSE:MANAKSIA,35.4,35.4,35.3,35.4,1319.0
2020-07-07 13:30:00,NSE:MANAKSIA,35.4,35.4,35.35,35.4,1333.0
2020-07-07 14:15:00,NSE:MANAKSIA,35.4,35.5,35.3,35.35,1691.0
2020-07-07 15:00:00,NSE:MANAKSIA,35.35,35.75,35.35,35.75,2829.0
2020-07-08 09:00:00,NSE:MANAKSIA,35.0,36.85,35.0,36.85,1057.0
2020-07-08 09:45:00,NSE:MANAKSIA,36.5,36.7,34.8,34.9,12486.0
2020-07-08 10:30:00,NSE:MANAKSIA,34.8,34.95,34.8,34.95,1324.0
2020-07-08 11:15:00,NSE:MANAKSIA,35.0,35.0,34.95,34.95,4020.0
2020-07-08 12:00:00,NSE:MANAKSIA,34.95,35.0,34.95,35.0,7556.0
2020-07-08 12:45:00,NSE:MANAKSIA,35.0,35.0,35.0,35.0,4176.0
2020-07-08 13:30:00,NSE:MANAKSIA,35.0,35.0,34.95,34.95,139.0
2020-07-08 14:15:00,NSE:MANAKSIA,34.95,34.95,31.95,32.55,50639.0
2020-07-08 15:00:00,NSE:MANAKSIA,32.5,33.15,31.95,32.5,58960.0
2020-07-09 09:00:00,NSE:MANAKSIA,33.5,34.0,32.55,33.9,6025.0
2020-07-09 09:45:00,NSE:MANAKSIA,33.85,33.85,33.45,33.7,2190.0
2020-07-09 10:30:00,NSE:MANAKSIA,33.7,33.9,33.6,33.9,2702.0
2020-07-09 11:15:00,NSE:MANAKSIA,33.65,33.65,33.45,33.45,1595.0
2020-07-09 12:00:00,NSE:MANAKSIA,33.45,33.8,33.4,33.4,971.0
2020-07-09 12:45:00,NSE:MANAKSIA,33.8,33.8,33.4,33.45,1461.0
2020-07-09 13:30:00,NSE:MANAKSIA,33.5,33.75,33.5,33.75,492.0
2020-07-09 14:15:00,NSE:MANAKSIA,33.75,34.0,33.6,34.0,3828.0
2020-07-09 15:00:00,NSE:MANAKSIA,33.95,34.45,33.95,34.2,3182.0
2020-07-10 09:00:00,NSE:MANAKSIA,35.45,35.45,34.2,34.8,3874.0
2020-07-10 09:45:00,NSE:MANAKSIA,34.6,35.0,34.6,34.95,1402.0
2020-07-10 10:30:00,NSE:MANAKSIA,34.85,34.85,34.5,34.5,1683.0
2020-07-10 11:15:00,NSE:MANAKSIA,34.6,34.6,34.1,34.15,1048.0
2020-07-10 12:00:00,NSE:MANAKSIA,34.4,34.6,34.25,34.55,876.0
2020-07-10 12:45:00,NSE:MANAKSIA,34.2,34.55,34.2,34.55,492.0
2020-07-10 13:30:00,NSE:MANAKSIA,34.6,34.65,34.3,34.3,1891.0
2020-07-10 14:15:00,NSE:MANAKSIA,34.35,34.7,34.35,34.5,390.0
2020-07-10 15:00:00,NSE:MANAKSIA,34.6,34.65,34.05,34.2,6063.0
2020-07-13 09:00:00,NSE:MANAKSIA,35.0,35.0,34.05,34.45,252.0
2020-07-13 09:45:00,NSE:MANAKSIA,34.85,34.9,33.95,34.0,2826.0
2020-07-13 10:30:00,NSE:MANAKSIA,34.1,34.6,34.05,34.6,3625.0
2020-07-13 11:15:00,NSE:MANAKSIA,34.7,34.9,34.25,34.25,6768.0
2020-07-13 12:00:00,NSE:MANAKSIA,34.25,34.7,34.25,34.25,238.0
2020-07-13 12:45:00,NSE:MANAKSIA,34.6,35.1,34.45,35.05,7847.0
2020-07-13 13:30:00,NSE:MANAKSIA,35.05,35.4,34.6,34.6,1038.0
2020-07-13 14:15:00,NSE:MANAKSIA,34.6,34.6,34.6,34.6,137.0
2020-07-13 15:00:00,NSE:MANAKSIA,34.6,36.0,34.5,34.8,8272.0
2020-07-13 15:45:00,NSE:MANAKSIA,35.3,35.3,35.3,35.3,104.0
2020-07-14 09:00:00,NSE:MANAKSIA,35.3,35.3,34.1,34.2,1510.0
2020-07-14 09:45:00,NSE:MANAKSIA,34.2,34.75,34.15,34.2,920.0
2020-07-14 10:30:00,NSE:MANAKSIA,34.15,34.7,34.1,34.5,2888.0
2020-07-14 11:15:00,NSE:MANAKSIA,34.5,34.6,34.25,34.25,1770.0
2020-07-14 12:00:00,NSE:MANAKSIA,34.6,34.6,34.4,34.6,672.0
2020-07-14 12:45:00,NSE:MANAKSIA,34.45,34.45,34.3,34.3,856.0
2020-07-14 13:30:00,NSE:MANAKSIA,34.4,34.45,34.15,34.15,2651.0
2020-07-14 14:15:00,NSE:MANAKSIA,34.15,34.2,34.15,34.2,171.0
2020-07-14 15:00:00,NSE:MANAKSIA,34.3,34.55,34.25,34.25,2706.0
2020-07-15 09:00:00,NSE:MANAKSIA,34.5,34.5,33.3,33.7,3084.0
2020-07-15 09:45:00,NSE:MANAKSIA,33.7,34.6,33.35,34.3,5684.0
2020-07-15 10:30:00,NSE:MANAKSIA,33.95,34.5,33.95,34.4,1062.0
2020-07-15 11:15:00,NSE:MANAKSIA,34.4,34.45,34.05,34.4,539.0
2020-07-15 12:00:00,NSE:MANAKSIA,34.4,34.4,34.1,34.1,700.0
2020-07-15 12:45:00,NSE:MANAKSIA,34.15,34.5,34.15,34.3,1417.0
2020-07-15 13:30:00,NSE:MANAKSIA,34.5,34.6,34.05,34.4,2639.0
2020-07-15 14:15:00,NSE:MANAKSIA,34.35,34.7,34.0,34.7,3665.0
2020-07-15 15:00:00,NSE:MANAKSIA,34.5,34.5,33.6,34.35,3739.0
2020-07-15 15:45:00,NSE:MANAKSIA,34.05,34.05,34.05,34.05,100.0
2020-07-16 09:00:00,NSE:MANAKSIA,34.6,34.6,33.1,33.95,1164.0
2020-07-16 09:45:00,NSE:MANAKSIA,33.9,33.9,33.05,33.8,2293.0
2020-07-16 10:30:00,NSE:MANAKSIA,33.25,33.85,33.25,33.85,1495.0
2020-07-16 11:15:00,NSE:MANAKSIA,33.85,34.4,33.85,33.85,2851.0
2020-07-16 12:00:00,NSE:MANAKSIA,33.65,33.65,33.5,33.5,1112.0
2020-07-16 12:45:00,NSE:MANAKSIA,33.95,33.95,33.9,33.9,68.0
2020-07-16 13:30:00,NSE:MANAKSIA,33.95,33.95,32.55,33.5,4615.0
2020-07-16 14:15:00,NSE:MANAKSIA,33.1,33.5,33.1,33.3,131.0
2020-07-16 15:00:00,NSE:MANAKSIA,33.45,33.7,33.0,33.0,5335.0
2020-07-17 09:00:00,NSE:MANAKSIA,33.3,34.0,33.3,33.6,502.0
2020-07-17 09:45:00,NSE:MANAKSIA,34.3,34.55,33.7,33.7,3312.0
2020-07-17 10:30:00,NSE:MANAKSIA,34.25,34.25,33.5,33.9,2679.0
2020-07-17 11:15:00,NSE:MANAKSIA,33.95,34.05,33.95,34.05,1095.0
2020-07-17 12:00:00,NSE:MANAKSIA,34.1,34.15,33.65,34.1,671.0
2020-07-17 12:45:00,NSE:MANAKSIA,33.7,34.15,33.65,33.7,700.0
2020-07-17 13:30:00,NSE:MANAKSIA,33.7,33.7,33.7,33.7,125.0
2020-07-17 14:15:00,NSE:MANAKSIA,33.65,34.1,33.3,34.1,3876.0
2020-07-17 15:00:00,NSE:MANAKSIA,34.0,34.15,33.45,33.8,3712.0
2020-07-20 09:00:00,NSE:MANAKSIA,34.95,34.95,33.35,34.0,847.0
2020-07-20 09:45:00,NSE:MANAKSIA,34.0,34.4,33.55,33.9,366.0
2020-07-20 10:30:00,NSE:MANAKSIA,34.15,34.15,33.55,34.15,820.0
2020-07-20 11:15:00,NSE:MANAKSIA,34.15,34.2,34.05,34.1,1821.0
2020-07-20 12:00:00,NSE:MANAKSIA,34.05,34.1,34.05,34.1,210.0
2020-07-20 12:45:00,NSE:MANAKSIA,33.7,34.05,33.7,33.75,2609.0
2020-07-20 13:30:00,NSE:MANAKSIA,33.75,34.0,33.75,34.0,30.0
2020-07-20 14:15:00,NSE:MANAKSIA,33.8,34.0,33.7,33.95,3584.0
2020-07-20 15:00:00,NSE:MANAKSIA,33.75,34.0,33.75,33.95,513.0
2020-07-21 09:00:00,NSE:MANAKSIA,34.2,34.2,33.5,33.8,1329.0
2020-07-21 09:45:00,NSE:MANAKSIA,33.8,33.8,33.55,33.8,2155.0
2020-07-21 10:30:00,NSE:MANAKSIA,33.8,33.8,33.7,33.7,1240.0
2020-07-21 11:15:00,NSE:MANAKSIA,33.7,34.2,33.65,33.75,4332.0
2020-07-21 12:00:00,NSE:MANAKSIA,33.75,34.25,33.75,34.25,1876.0
2020-07-21 12:45:00,NSE:MANAKSIA,33.75,34.15,33.75,33.8,1014.0
2020-07-21 13:30:00,NSE:MANAKSIA,34.2,34.2,34.0,34.2,262.0
2020-07-21 14:15:00,NSE:MANAKSIA,34.2,34.2,33.8,33.85,543.0
2020-07-21 15:00:00,NSE:MANAKSIA,34.15,34.15,33.8,33.8,1435.0
2020-07-22 09:00:00,NSE:MANAKSIA,33.7,34.05,33.7,34.05,15.0
2020-07-22 09:45:00,NSE:MANAKSIA,33.8,33.8,33.7,33.75,106.0
2020-07-22 10:30:00,NSE:MANAKSIA,34.0,34.0,33.65,33.95,530.0
2020-07-22 11:15:00,NSE:MANAKSIA,33.95,33.95,33.7,33.95,602.0
2020-07-22 12:00:00,NSE:MANAKSIA,33.75,34.2,33.65,33.7,1085.0
2020-07-22 12:45:00,NSE:MANAKSIA,33.7,33.95,33.7,33.75,1251.0
2020-07-22 13:30:00,NSE:MANAKSIA,33.75,33.95,33.75,33.95,198.0
2020-07-22 14:15:00,NSE:MANAKSIA,33.9,33.95,33.8,33.95,225.0
2020-07-22 15:00:00,NSE:MANAKSIA,33.8,33.9,33.75,33.75,210.0
2020-07-23 09:00:00,NSE:MANAKSIA,33.4,34.2,33.4,33.7,1235.0
2020-07-23 09:45:00,NSE:MANAKSIA,33.85,34.25,33.7,34.25,941.0
2020-07-23 10:30:00,NSE:MANAKSIA,34.15,34.15,33.8,34.15,1124.0
2020-07-23 11:15:00,NSE:MANAKSIA,34.1,34.15,33.8,33.8,898.0
2020-07-23 12:00:00,NSE:MANAKSIA,34.0,34.1,34.0,34.1,2663.0
2020-07-23 12:45:00,NSE:MANAKSIA,34.2,34.25,34.1,34.25,252.0
2020-07-23 13:30:00,NSE:MANAKSIA,34.25,34.4,34.25,34.35,597.0
2020-07-23 14:15:00,NSE:MANAKSIA,34.15,34.35,34.0,34.0,1623.0
2020-07-23 15:00:00,NSE:MANAKSIA,34.05,34.2,34.0,34.0,1214.0
2020-07-23 15:45:00,NSE:MANAKSIA,34.0,34.0,34.0,34.0,150.0
2020-07-24 09:00:00,NSE:MANAKSIA,34.0,34.2,33.6,34.1,1069.0
2020-07-24 09:45:00,NSE:MANAKSIA,33.8,34.25,33.8,34.25,3030.0
2020-07-24 10:30:00,NSE:MANAKSIA,34.0,34.0,33.85,34.0,626.0
2020-07-24 11:15:00,NSE:MANAKSIA,33.8,34.0,33.8,33.8,631.0
2020-07-24 12:00:00,NSE:MANAKSIA,34.0,34.0,33.8,33.8,254.0
2020-07-24 12:45:00,NSE:MANAKSIA,34.0,34.0,33.7,33.7,1934.0
2020-07-24 13:30:00,NSE:MANAKSIA,33.7,34.0,33.7,34.0,2693.0
2020-07-24 14:15:00,NSE:MANAKSIA,34.0,34.25,34.0,34.25,1854.0
2020-07-24 15:00:00,NSE:MANAKSIA,34.05,34.15,33.95,34.05,1401.0
2020-07-27 09:00:00,NSE:MANAKSIA,35.75,35.75,33.8,33.95,3817.0
2020-07-27 09:45:00,NSE:MANAKSIA,33.75,33.95,33.75,33.95,270.0
2020-07-27 10:30:00,NSE:MANAKSIA,33.95,33.95,33.75,33.9,1155.0
2020-07-27 11:15:00,NSE:MANAKSIA,33.75,33.9,33.7,33.7,551.0
2020-07-27 12:00:00,NSE:MANAKSIA,33.7,33.9,33.7,33.85,89.0
2020-07-27 12:45:00,NSE:MANAKSIA,33.85,33.9,33.85,33.9,11.0
2020-07-27 13:30:00,NSE:MANAKSIA,33.9,33.9,33.7,33.85,141.0
2020-07-27 14:15:00,NSE:MANAKSIA,33.85,33.85,33.7,33.7,71.0
2020-07-27 15:00:00,NSE:MANAKSIA,33.7,33.9,33.7,33.9,185.0
2020-07-28 09:00:00,NSE:MANAKSIA,33.9,33.9,33.5,33.5,1142.0
2020-07-28 09:45:00,NSE:MANAKSIA,33.5,33.75,33.5,33.75,368.0
2020-07-28 10:30:00,NSE:MANAKSIA,34.55,34.55,33.7,33.75,1831.0
2020-07-28 11:15:00,NSE:MANAKSIA,33.75,34.45,33.75,34.2,3116.0
2020-07-28 12:00:00,NSE:MANAKSIA,34.2,34.2,34.2,34.2,150.0
2020-07-28 12:45:00,NSE:MANAKSIA,33.85,34.5,33.85,34.45,1470.0
2020-07-28 13:30:00,NSE:MANAKSIA,34.5,34.5,33.85,34.35,1112.0
2020-07-28 14:15:00,NSE:MANAKSIA,34.35,34.35,33.9,33.9,3.0
2020-07-28 15:00:00,NSE:MANAKSIA,34.4,34.4,33.9,34.4,694.0
2020-07-29 09:00:00,NSE:MANAKSIA,33.65,33.85,33.65,33.8,35.0
2020-07-29 09:45:00,NSE:MANAKSIA,33.8,33.9,33.8,33.8,112.0
2020-07-29 10:30:00,NSE:MANAKSIA,34.0,34.2,34.0,34.2,33.0
2020-07-29 11:15:00,NSE:MANAKSIA,34.0,34.0,34.0,34.0,356.0
2020-07-29 12:00:00,NSE:MANAKSIA,34.0,34.5,33.85,34.5,1489.0
2020-07-29 12:45:00,NSE:MANAKSIA,34.2,34.2,34.2,34.2,100.0
2020-07-29 13:30:00,NSE:MANAKSIA,34.0,34.0,33.8,33.8,1914.0
2020-07-29 14:15:00,NSE:MANAKSIA,33.95,33.95,33.65,33.65,1078.0
2020-07-29 15:00:00,NSE:MANAKSIA,33.55,33.95,33.2,33.55,2917.0
2020-07-30 09:00:00,NSE:MANAKSIA,34.4,34.4,33.2,33.5,1560.0
2020-07-30 09:45:00,NSE:MANAKSIA,33.5,33.95,33.5,33.95,365.0
2020-07-30 10:30:00,NSE:MANAKSIA,33.9,33.9,33.85,33.85,521.0
2020-07-30 11:15:00,NSE:MANAKSIA,33.85,33.85,33.4,33.45,1321.0
2020-07-30 12:00:00,NSE:MANAKSIA,33.45,33.45,33.35,33.4,1488.0
2020-07-30 12:45:00,NSE:MANAKSIA,33.4,33.4,33.25,33.25,547.0
2020-07-30 13:30:00,NSE:MANAKSIA,33.1,33.3,33.1,33.25,1210.0
2020-07-30 14:15:00,NSE:MANAKSIA,33.15,33.4,33.0,33.1,3028.0
2020-07-30 15:00:00,NSE:MANAKSIA,33.05,33.3,33.0,33.3,1210.0
2020-07-31 09:00:00,NSE:MANAKSIA,33.75,33.75,33.75,33.75,5.0
2020-07-31 09:45:00,NSE:MANAKSIA,33.05,33.45,33.05,33.45,8730.0
2020-07-31 10:30:00,NSE:MANAKSIA,33.65,33.7,33.2,33.65,4986.0
2020-07-31 11:15:00,NSE:MANAKSIA,33.25,33.65,33.25,33.3,372.0
2020-07-31 12:00:00,NSE:MANAKSIA,33.5,33.6,33.25,33.25,599.0
2020-07-31 12:45:00,NSE:MANAKSIA,33.6,33.6,33.6,33.6,12.0
2020-07-31 13:30:00,NSE:MANAKSIA,33.6,35.2,33.3,35.2,10931.0
2020-07-31 14:15:00,NSE:MANAKSIA,35.05,35.05,34.3,34.5,9023.0
2020-07-31 15:00:00,NSE:MANAKSIA,34.65,34.65,34.25,34.25,2669.0
2020-08-03 09:00:00,NSE:MANAKSIA,35.7,35.7,34.0,34.25,1310.0
2020-08-03 09:45:00,NSE:MANAKSIA,34.35,34.35,33.6,34.0,3285.0
2020-08-03 10:30:00,NSE:MANAKSIA,34.25,34.25,34.0,34.0,1918.0
2020-08-03 11:15:00,NSE:MANAKSIA,33.95,34.0,33.95,33.95,1635.0
2020-08-03 12:00:00,NSE:MANAKSIA,33.95,34.3,33.95,33.95,1249.0
2020-08-03 12:45:00,NSE:MANAKSIA,33.8,34.2,33.8,34.2,790.0
2020-08-03 13:30:00,NSE:MANAKSIA,33.85,34.15,33.8,34.15,720.0
2020-08-03 14:15:00,NSE:MANAKSIA,34.15,34.25,33.9,34.25,309.0
2020-08-03 15:00:00,NSE:MANAKSIA,34.0,34.2,33.6,33.6,1290.0
2020-08-04 09:00:00,NSE:MANAKSIA,35.15,35.15,33.55,33.65,782.0
2020-08-04 09:45:00,NSE:MANAKSIA,33.7,33.95,33.7,33.95,129.0
2020-08-04 10:30:00,NSE:MANAKSIA,33.95,33.95,33.7,33.95,12.0
2020-08-04 11:15:00,NSE:MANAKSIA,33.75,33.9,33.5,33.9,3775.0
2020-08-04 12:00:00,NSE:MANAKSIA,34.0,34.0,33.7,34.0,800.0
2020-08-04 12:45:00,NSE:MANAKSIA,34.0,34.1,33.95,34.1,306.0
2020-08-04 13:30:00,NSE:MANAKSIA,34.1,34.15,33.7,34.15,553.0
2020-08-04 14:15:00,NSE:MANAKSIA,34.15,34.5,33.0,33.5,13122.0
2020-08-04 15:00:00,NSE:MANAKSIA,33.4,33.5,33.05,33.05,2540.0
2020-08-05 09:00:00,NSE:MANAKSIA,34.85,34.85,33.05,33.8,1287.0
2020-08-05 09:45:00,NSE:MANAKSIA,33.25,33.8,33.25,33.8,834.0
2020-08-05 10:30:00,NSE:MANAKSIA,33.8,34.2,33.8,33.8,1395.0
2020-08-05 11:15:00,NSE:MANAKSIA,34.1,34.45,34.05,34.05,335.0
2020-08-05 12:00:00,NSE:MANAKSIA,34.25,34.4,34.0,34.3,902.0
2020-08-05 12:45:00,NSE:MANAKSIA,34.3,34.3,34.0,34.0,771.0
2020-08-05 13:30:00,NSE:MANAKSIA,33.95,34.0,33.9,33.9,1070.0
2020-08-05 14:15:00,NSE:MANAKSIA,34.0,34.5,33.6,34.0,5628.0
2020-08-05 15:00:00,NSE:MANAKSIA,34.0,34.0,33.85,33.85,1288.0
2020-08-05 15:45:00,NSE:MANAKSIA,33.95,33.95,33.95,33.95,121.0
2020-08-06 09:00:00,NSE:MANAKSIA,33.5,33.95,33.3,33.5,18275.0
2020-08-06 09:45:00,NSE:MANAKSIA,33.0,33.75,33.0,33.5,4213.0
2020-08-06 10:30:00,NSE:MANAKSIA,33.5,33.85,33.3,33.85,1586.0
2020-08-06 11:15:00,NSE:MANAKSIA,33.9,33.9,33.65,33.85,952.0
2020-08-06 12:00:00,NSE:MANAKSIA,33.85,33.85,33.6,33.85,31.0
2020-08-06 12:45:00,NSE:MANAKSIA,33.85,33.9,33.65,33.65,313.0
2020-08-06 13:30:00,NSE:MANAKSIA,33.6,33.9,33.6,33.7,1435.0
2020-08-06 14:15:00,NSE:MANAKSIA,33.55,34.45,33.55,34.45,2150.0
2020-08-06 15:00:00,NSE:MANAKSIA,33.55,34.4,33.55,34.25,7705.0
2020-08-07 09:00:00,NSE:MANAKSIA,35.75,35.75,33.7,34.2,9056.0
2020-08-07 09:45:00,NSE:MANAKSIA,34.2,34.35,34.2,34.25,666.0
2020-08-07 10:30:00,NSE:MANAKSIA,34.05,34.5,34.0,34.0,5256.0
2020-08-07 11:15:00,NSE:MANAKSIA,34.4,35.0,34.0,34.3,6931.0
2020-08-07 12:00:00,NSE:MANAKSIA,34.5,35.7,34.3,34.95,14063.0
2020-08-07 12:45:00,NSE:MANAKSIA,34.75,35.0,34.65,34.65,8153.0
2020-08-07 13:30:00,NSE:MANAKSIA,34.9,34.9,33.4,33.95,19685.0
2020-08-07 14:15:00,NSE:MANAKSIA,33.7,34.5,33.7,34.0,941.0
2020-08-07 15:00:00,NSE:MANAKSIA,34.0,34.0,33.05,33.45,11502.0
2020-08-10 09:00:00,NSE:MANAKSIA,33.9,34.4,33.05,33.15,39360.0
2020-08-10 09:45:00,NSE:MANAKSIA,33.55,33.6,33.4,33.6,2829.0
2020-08-10 10:30:00,NSE:MANAKSIA,33.5,33.65,33.5,33.5,2304.0
2020-08-10 11:15:00,NSE:MANAKSIA,33.55,33.75,33.3,33.3,6576.0
2020-08-10 12:00:00,NSE:MANAKSIA,33.3,33.6,33.3,33.35,17576.0
2020-08-10 12:45:00,NSE:MANAKSIA,33.4,33.65,33.35,33.55,1332.0
2020-08-10 13:30:00,NSE:MANAKSIA,33.55,33.9,33.55,33.75,3096.0
2020-08-10 14:15:00,NSE:MANAKSIA,33.75,34.0,33.7,33.75,3491.0
2020-08-10 15:00:00,NSE:MANAKSIA,33.8,34.0,33.75,33.75,1174.0
2020-08-11 09:00:00,NSE:MANAKSIA,34.65,34.65,33.3,33.85,25342.0
2020-08-11 09:45:00,NSE:MANAKSIA,33.7,33.95,33.3,33.8,23376.0
2020-08-11 10:30:00,NSE:MANAKSIA,33.95,33.95,33.6,33.65,2240.0
2020-08-11 11:15:00,NSE:MANAKSIA,33.9,33.95,33.65,33.7,1988.0
2020-08-11 12:00:00,NSE:MANAKSIA,33.9,34.15,33.35,33.6,13288.0
2020-08-11 12:45:00,NSE:MANAKSIA,33.6,33.6,33.5,33.6,578.0
2020-08-11 13:30:00,NSE:MANAKSIA,33.6,33.85,33.6,33.8,1924.0
2020-08-11 14:15:00,NSE:MANAKSIA,33.8,33.8,33.6,33.75,1770.0
2020-08-11 15:00:00,NSE:MANAKSIA,33.75,33.8,33.6,33.8,5073.0
2020-08-11 15:45:00,NSE:MANAKSIA,33.6,33.6,33.6,33.6,25.0
2020-08-12 09:00:00,NSE:MANAKSIA,33.6,34.1,33.6,33.75,2406.0
2020-08-12 09:45:00,NSE:MANAKSIA,33.7,34.1,33.3,33.3,21496.0
2020-08-12 10:30:00,NSE:MANAKSIA,33.3,33.75,33.3,33.7,3718.0
2020-08-12 11:15:00,NSE:MANAKSIA,33.7,33.9,33.7,33.9,2490.0
2020-08-12 12:00:00,NSE:MANAKSIA,33.9,33.9,33.7,33.7,2708.0
2020-08-12 12:45:00,NSE:MANAKSIA,33.7,33.7,33.65,33.65,11021.0
2020-08-12 13:30:00,NSE:MANAKSIA,33.6,34.35,33.6,34.2,9943.0
2020-08-12 14:15:00,NSE:MANAKSIA,34.2,34.2,33.8,34.0,1764.0
2020-08-12 15:00:00,NSE:MANAKSIA,33.85,34.35,33.85,34.3,2488.0
2020-08-13 09:00:00,NSE:MANAKSIA,34.5,35.3,34.05,35.15,17065.0
2020-08-13 09:45:00,NSE:MANAKSIA,35.15,37.2,35.0,36.0,34842.0
2020-08-13 10:30:00,NSE:MANAKSIA,36.0,36.3,35.4,35.75,6164.0
2020-08-13 11:15:00,NSE:MANAKSIA,35.7,36.9,35.45,36.15,29831.0
2020-08-13 12:00:00,NSE:MANAKSIA,35.9,36.0,35.5,36.0,3531.0
2020-08-13 12:45:00,NSE:MANAKSIA,36.0,36.0,35.55,35.6,3392.0
2020-08-13 13:30:00,NSE:MANAKSIA,35.9,36.25,35.6,35.65,2651.0
2020-08-13 14:15:00,NSE:MANAKSIA,35.65,36.8,35.6,35.95,8708.0
2020-08-13 15:00:00,NSE:MANAKSIA,36.6,36.75,35.8,36.15,7055.0
2020-08-14 09:00:00,NSE:MANAKSIA,36.5,37.5,36.05,36.95,6756.0
2020-08-14 09:45:00,NSE:MANAKSIA,36.95,36.95,35.9,36.4,11037.0
2020-08-14 10:30:00,NSE:MANAKSIA,36.3,36.8,36.05,36.4,10490.0
2020-08-14 11:15:00,NSE:MANAKSIA,36.3,36.85,36.3,36.85,9820.0
2020-08-14 12:00:00,NSE:MANAKSIA,36.65,36.85,36.5,36.5,1100.0
2020-08-14 12:45:00,NSE:MANAKSIA,36.75,36.75,36.4,36.5,2177.0
2020-08-14 13:30:00,NSE:MANAKSIA,36.5,36.5,35.7,35.95,8850.0
2020-08-14 14:15:00,NSE:MANAKSIA,35.65,35.75,35.15,35.5,2841.0
2020-08-14 15:00:00,NSE:MANAKSIA,35.4,35.9,35.3,35.9,4985.0
2020-08-17 09:00:00,NSE:MANAKSIA,36.0,37.0,36.0,36.8,8432.0
2020-08-17 09:45:00,NSE:MANAKSIA,36.7,36.7,36.2,36.5,4422.0
2020-08-17 10:30:00,NSE:MANAKSIA,36.45,37.5,36.45,36.55,10487.0
2020-08-17 11:15:00,NSE:MANAKSIA,36.55,36.8,36.2,36.4,5072.0
2020-08-17 12:00:00,NSE:MANAKSIA,36.65,36.75,36.65,36.65,482.0
2020-08-17 12:45:00,NSE:MANAKSIA,36.75,36.75,36.55,36.75,2056.0
2020-08-17 13:30:00,NSE:MANAKSIA,36.55,36.95,36.55,36.85,7064.0
2020-08-17 14:15:00,NSE:MANAKSIA,36.8,36.8,36.3,36.5,3511.0
2020-08-17 15:00:00,NSE:MANAKSIA,36.5,36.6,36.3,36.3,2107.0
2020-08-17 15:45:00,NSE:MANAKSIA,36.45,36.45,36.45,36.45,100.0
2020-08-18 09:00:00,NSE:MANAKSIA,36.45,37.15,36.0,36.0,4528.0
2020-08-18 09:45:00,NSE:MANAKSIA,36.05,36.5,36.0,36.1,2883.0
2020-08-18 10:30:00,NSE:MANAKSIA,36.0,36.4,36.0,36.35,3937.0
2020-08-18 11:15:00,NSE:MANAKSIA,36.0,36.7,35.95,36.15,15665.0
2020-08-18 12:00:00,NSE:MANAKSIA,36.95,37.7,36.25,37.15,16606.0
2020-08-18 12:45:00,NSE:MANAKSIA,37.15,37.7,37.0,37.65,8559.0
2020-08-18 13:30:00,NSE:MANAKSIA,37.55,39.0,37.45,38.25,43728.0
2020-08-18 14:15:00,NSE:MANAKSIA,38.5,39.05,38.0,38.5,39609.0
2020-08-18 15:00:00,NSE:MANAKSIA,38.55,38.85,38.2,38.55,24458.0
2020-08-19 09:00:00,NSE:MANAKSIA,40.3,40.85,40.1,40.4,176505.0
2020-08-19 09:45:00,NSE:MANAKSIA,40.3,40.55,38.75,39.8,79806.0
2020-08-19 10:30:00,NSE:MANAKSIA,39.9,40.2,39.5,39.8,17515.0
2020-08-19 11:15:00,NSE:MANAKSIA,39.8,39.9,39.6,39.8,6010.0
2020-08-19 12:00:00,NSE:MANAKSIA,39.65,39.9,39.65,39.9,4125.0
2020-08-19 12:45:00,NSE:MANAKSIA,39.9,40.0,39.65,39.8,6800.0
2020-08-19 13:30:00,NSE:MANAKSIA,39.8,40.2,39.8,40.1,16541.0
2020-08-19 14:15:00,NSE:MANAKSIA,40.1,40.35,39.3,39.75,19519.0
2020-08-19 15:00:00,NSE:MANAKSIA,39.75,39.75,38.75,39.7,22018.0
2020-08-19 15:45:00,NSE:MANAKSIA,39.2,39.2,39.2,39.2,50.0
2020-08-20 09:00:00,NSE:MANAKSIA,39.1,39.2,38.0,38.75,10450.0
2020-08-20 09:45:00,NSE:MANAKSIA,38.75,41.1,38.75,40.25,59664.0
2020-08-20 10:30:00,NSE:MANAKSIA,40.05,40.25,39.5,39.5,4654.0
2020-08-20 11:15:00,NSE:MANAKSIA,40.1,40.7,39.2,40.05,5304.0
2020-08-20 12:00:00,NSE:MANAKSIA,40.75,40.75,39.0,39.8,4196.0
2020-08-20 12:45:00,NSE:MANAKSIA,40.0,40.0,39.25,39.65,10150.0
2020-08-20 13:30:00,NSE:MANAKSIA,39.65,39.65,39.2,39.2,1333.0
2020-08-20 14:15:00,NSE:MANAKSIA,39.25,39.5,39.0,39.2,5343.0
2020-08-20 15:00:00,NSE:MANAKSIA,39.15,39.7,38.75,38.75,14012.0
2020-08-21 09:00:00,NSE:MANAKSIA,40.0,40.0,38.85,39.7,4616.0
2020-08-21 09:45:00,NSE:MANAKSIA,39.65,40.2,39.15,39.35,6849.0
2020-08-21 10:30:00,NSE:MANAKSIA,39.15,39.85,39.15,39.4,11452.0
2020-08-21 11:15:00,NSE:MANAKSIA,39.6,39.7,39.25,39.35,3405.0
2020-08-21 12:00:00,NSE:MANAKSIA,39.25,39.35,39.05,39.05,2681.0
2020-08-21 12:45:00,NSE:MANAKSIA,39.1,39.1,38.75,38.95,3741.0
2020-08-21 13:30:00,NSE:MANAKSIA,38.95,38.95,38.5,38.85,3087.0
2020-08-21 14:15:00,NSE:MANAKSIA,38.9,38.95,38.65,38.65,3206.0
2020-08-21 15:00:00,NSE:MANAKSIA,38.8,39.0,38.7,39.0,6737.0
2020-08-24 09:00:00,NSE:MANAKSIA,39.3,39.85,38.85,39.2,3110.0
2020-08-24 09:45:00,NSE:MANAKSIA,39.4,39.65,39.15,39.15,8078.0
2020-08-24 10:30:00,NSE:MANAKSIA,39.55,39.55,39.05,39.25,3346.0
2020-08-24 11:15:00,NSE:MANAKSIA,39.05,39.3,39.05,39.3,2565.0
2020-08-24 12:00:00,NSE:MANAKSIA,39.1,39.3,39.0,39.0,3116.0
2020-08-24 12:45:00,NSE:MANAKSIA,39.2,39.3,39.1,39.3,5271.0
2020-08-24 13:30:00,NSE:MANAKSIA,39.25,39.5,39.15,39.5,1590.0
2020-08-24 14:15:00,NSE:MANAKSIA,39.3,41.4,39.3,40.2,45621.0
2020-08-24 15:00:00,NSE:MANAKSIA,40.45,40.8,39.7,40.55,23283.0
2020-08-24 15:45:00,NSE:MANAKSIA,40.35,40.35,40.35,40.35,500.0
2020-08-25 09:00:00,NSE:MANAKSIA,40.65,40.7,39.6,39.7,10027.0
2020-08-25 09:45:00,NSE:MANAKSIA,39.9,39.95,39.5,39.5,5181.0
2020-08-25 10:30:00,NSE:MANAKSIA,39.5,40.2,39.5,39.6,7928.0
2020-08-25 11:15:00,NSE:MANAKSIA,39.8,39.8,39.3,39.3,2572.0
2020-08-25 12:00:00,NSE:MANAKSIA,39.6,39.6,39.4,39.4,445.0
2020-08-25 12:45:00,NSE:MANAKSIA,39.6,39.65,39.45,39.45,742.0
2020-08-25 13:30:00,NSE:MANAKSIA,39.45,40.15,39.45,40.15,3580.0
2020-08-25 14:15:00,NSE:MANAKSIA,40.0,40.45,39.65,39.95,12176.0
2020-08-25 15:00:00,NSE:MANAKSIA,39.7,40.4,39.65,40.2,16827.0
2020-08-25 15:45:00,NSE:MANAKSIA,40.15,40.15,40.15,40.15,1.0
2020-08-26 09:00:00,NSE:MANAKSIA,40.0,41.85,40.0,41.85,30105.0
2020-08-26 09:45:00,NSE:MANAKSIA,41.45,43.8,41.45,42.55,190536.0
2020-08-26 10:30:00,NSE:MANAKSIA,42.55,46.9,42.4,44.9,215788.0
2020-08-26 11:15:00,NSE:MANAKSIA,44.85,45.5,44.15,44.55,27214.0
2020-08-26 12:00:00,NSE:MANAKSIA,44.55,44.55,43.6,43.6,22243.0
2020-08-26 12:45:00,NSE:MANAKSIA,44.0,44.1,43.7,43.8,3783.0
2020-08-26 13:30:00,NSE:MANAKSIA,43.75,43.9,43.55,43.65,5773.0
2020-08-26 14:15:00,NSE:MANAKSIA,43.65,43.95,42.7,43.0,13523.0
2020-08-26 15:00:00,NSE:MANAKSIA,42.9,44.5,42.65,43.7,22907.0
2020-08-27 09:00:00,NSE:MANAKSIA,46.5,46.5,43.6,43.95,25185.0
2020-08-27 09:45:00,NSE:MANAKSIA,43.95,43.95,42.55,43.2,9170.0
2020-08-27 10:30:00,NSE:MANAKSIA,43.25,43.75,43.05,43.3,5011.0
2020-08-27 11:15:00,NSE:MANAKSIA,43.35,43.9,43.25,43.5,4087.0
2020-08-27 12:00:00,NSE:MANAKSIA,43.5,43.55,43.25,43.55,3895.0
2020-08-27 12:45:00,NSE:MANAKSIA,43.75,43.8,43.2,43.2,4065.0
2020-08-27 13:30:00,NSE:MANAKSIA,43.1,45.35,42.3,43.25,26936.0
2020-08-27 14:15:00,NSE:MANAKSIA,43.3,43.4,42.6,42.95,4115.0
2020-08-27 15:00:00,NSE:MANAKSIA,42.65,43.35,42.5,42.5,6755.0
2020-08-27 15:45:00,NSE:MANAKSIA,42.85,42.85,42.85,42.85,300.0
2020-08-28 09:00:00,NSE:MANAKSIA,44.6,44.6,42.3,42.85,5191.0
2020-08-28 09:45:00,NSE:MANAKSIA,43.0,44.0,42.9,43.35,9944.0
2020-08-28 10:30:00,NSE:MANAKSIA,43.05,43.6,43.0,43.6,2698.0
2020-08-28 11:15:00,NSE:MANAKSIA,43.1,43.9,43.05,43.3,6306.0
2020-08-28 12:00:00,NSE:MANAKSIA,43.3,43.8,43.3,43.35,1704.0
2020-08-28 12:45:00,NSE:MANAKSIA,43.65,43.65,43.1,43.1,3629.0
2020-08-28 13:30:00,NSE:MANAKSIA,43.1,43.25,42.75,42.75,3848.0
2020-08-28 14:15:00,NSE:MANAKSIA,42.6,43.05,42.6,42.8,2159.0
2020-08-28 15:00:00,NSE:MANAKSIA,42.65,42.95,42.05,42.65,8919.0
2020-08-31 09:00:00,NSE:MANAKSIA,42.65,43.0,42.5,42.9,3537.0
2020-08-31 09:45:00,NSE:MANAKSIA,42.95,43.05,42.4,42.65,6728.0
2020-08-31 10:30:00,NSE:MANAKSIA,42.9,42.9,40.55,40.55,10679.0
2020-08-31 11:15:00,NSE:MANAKSIA,40.5,40.6,38.75,39.95,7869.0
2020-08-31 12:00:00,NSE:MANAKSIA,40.0,40.35,39.7,40.0,1058.0
2020-08-31 12:45:00,NSE:MANAKSIA,40.0,40.4,40.0,40.0,7460.0
2020-08-31 13:30:00,NSE:MANAKSIA,39.95,40.3,39.55,39.75,2567.0
2020-08-31 14:15:00,NSE:MANAKSIA,39.55,40.0,39.35,39.85,4082.0
2020-08-31 15:00:00,NSE:MANAKSIA,39.6,40.0,39.5,40.0,6058.0
2020-08-31 15:45:00,NSE:MANAKSIA,39.9,39.9,39.9,39.9,1.0
2020-09-01 09:00:00,NSE:MANAKSIA,39.9,39.9,38.6,39.5,818.0
2020-09-01 09:45:00,NSE:MANAKSIA,39.4,39.5,38.8,39.45,4311.0
2020-09-01 10:30:00,NSE:MANAKSIA,39.05,39.65,39.0,39.05,1309.0
2020-09-01 11:15:00,NSE:MANAKSIA,39.45,39.5,39.0,39.0,1100.0
2020-09-01 12:00:00,NSE:MANAKSIA,39.0,39.5,39.0,39.25,727.0
2020-09-01 12:45:00,NSE:MANAKSIA,39.05,39.05,39.05,39.05,259.0
2020-09-01 13:30:00,NSE:MANAKSIA,39.4,39.75,39.05,39.7,2169.0
2020-09-01 14:15:00,NSE:MANAKSIA,39.55,39.6,39.1,39.6,344.0
2020-09-01 15:00:00,NSE:MANAKSIA,39.5,39.65,39.5,39.65,1926.0
2020-09-02 09:00:00,NSE:MANAKSIA,39.9,40.15,39.1,39.9,285.0
2020-09-02 09:45:00,NSE:MANAKSIA,39.25,39.9,39.05,39.55,1128.0
2020-09-02 10:30:00,NSE:MANAKSIA,39.55,42.5,39.5,41.6,11050.0
2020-09-02 11:15:00,NSE:MANAKSIA,40.3,41.95,40.3,41.4,2197.0
2020-09-02 12:00:00,NSE:MANAKSIA,41.4,41.85,39.6,40.4,2982.0
2020-09-02 12:45:00,NSE:MANAKSIA,40.45,41.3,40.45,41.3,2516.0
2020-09-02 13:30:00,NSE:MANAKSIA,41.0,41.15,39.7,41.0,1137.0
2020-09-02 14:15:00,NSE:MANAKSIA,40.95,41.75,40.95,41.65,4091.0
2020-09-02 15:00:00,NSE:MANAKSIA,41.7,41.95,41.5,41.6,3140.0
2020-09-03 09:00:00,NSE:MANAKSIA,42.0,43.2,41.1,42.55,6862.0
2020-09-03 09:45:00,NSE:MANAKSIA,42.0,42.05,41.15,41.5,4959.0
2020-09-03 10:30:00,NSE:MANAKSIA,41.9,41.9,41.2,41.35,1337.0
2020-09-03 11:15:00,NSE:MANAKSIA,41.5,41.85,41.0,41.85,3953.0
2020-09-03 12:00:00,NSE:MANAKSIA,41.15,41.25,41.15,41.2,561.0
2020-09-03 12:45:00,NSE:MANAKSIA,41.2,41.6,41.0,41.6,221.0
2020-09-03 13:30:00,NSE:MANAKSIA,41.2,41.55,41.0,41.0,1343.0
2020-09-03 14:15:00,NSE:MANAKSIA,41.5,43.2,41.5,42.6,15376.0
2020-09-03 15:00:00,NSE:MANAKSIA,42.85,42.85,41.7,42.7,6317.0
2020-09-04 09:00:00,NSE:MANAKSIA,41.45,41.45,40.55,41.3,1344.0
2020-09-04 09:45:00,NSE:MANAKSIA,41.1,41.85,40.6,41.75,2950.0
2020-09-04 10:30:00,NSE:MANAKSIA,41.6,41.6,41.1,41.1,1100.0
2020-09-04 11:15:00,NSE:MANAKSIA,41.5,41.5,41.0,41.25,1934.0
2020-09-04 12:00:00,NSE:MANAKSIA,41.05,41.5,41.05,41.1,1747.0
2020-09-04 12:45:00,NSE:MANAKSIA,41.5,41.7,41.05,41.7,2864.0
2020-09-04 13:30:00,NSE:MANAKSIA,41.5,41.5,40.8,40.8,5336.0
2020-09-04 14:15:00,NSE:MANAKSIA,40.75,40.95,40.5,40.9,3578.0
2020-09-04 15:00:00,NSE:MANAKSIA,41.0,41.0,38.55,40.2,10630.0
2020-09-07 09:00:00,NSE:MANAKSIA,41.8,41.8,39.1,39.65,3184.0
2020-09-07 09:45:00,NSE:MANAKSIA,39.9,39.9,39.5,39.7,2808.0
2020-09-07 10:30:00,NSE:MANAKSIA,39.75,40.55,39.65,40.05,747.0
2020-09-07 11:15:00,NSE:MANAKSIA,40.35,40.5,40.05,40.5,492.0
2020-09-07 12:00:00,NSE:MANAKSIA,40.5,40.5,40.0,40.5,1430.0
2020-09-07 12:45:00,NSE:MANAKSIA,40.4,40.4,40.1,40.15,490.0
2020-09-07 13:30:00,NSE:MANAKSIA,40.1,40.4,39.0,39.9,7805.0
2020-09-07 14:15:00,NSE:MANAKSIA,39.9,39.9,39.65,39.65,415.0
2020-09-07 15:00:00,NSE:MANAKSIA,39.6,40.25,39.55,40.15,2693.0
2020-09-08 09:00:00,NSE:MANAKSIA,40.45,42.0,40.45,41.9,29550.0
2020-09-08 09:45:00,NSE:MANAKSIA,41.9,41.9,41.25,41.6,4526.0
2020-09-08 10:30:00,NSE:MANAKSIA,41.35,42.95,41.25,41.8,29039.0
2020-09-08 11:15:00,NSE:MANAKSIA,41.95,41.95,41.65,41.65,1177.0
2020-09-08 12:00:00,NSE:MANAKSIA,41.65,41.95,41.1,41.15,8125.0
2020-09-08 12:45:00,NSE:MANAKSIA,41.1,41.15,40.7,40.7,3324.0
2020-09-08 13:30:00,NSE:MANAKSIA,40.7,40.8,40.35,40.8,3638.0
2020-09-08 14:15:00,NSE:MANAKSIA,40.8,40.8,39.5,40.35,7249.0
2020-09-08 15:00:00,NSE:MANAKSIA,39.65,40.2,39.2,40.2,5947.0
2020-09-08 15:45:00,NSE:MANAKSIA,39.55,39.55,39.55,39.55,180.0
2020-09-09 09:00:00,NSE:MANAKSIA,39.0,40.75,39.0,39.6,1670.0
2020-09-09 09:45:00,NSE:MANAKSIA,39.6,39.8,39.5,39.55,1695.0
2020-09-09 10:30:00,NSE:MANAKSIA,39.5,39.7,39.35,39.35,1178.0
2020-09-09 11:15:00,NSE:MANAKSIA,39.65,39.65,38.7,38.7,1446.0
2020-09-09 12:00:00,NSE:MANAKSIA,38.7,39.0,37.55,37.8,3388.0
2020-09-09 12:45:00,NSE:MANAKSIA,37.9,38.8,37.85,38.8,663.0
2020-09-09 13:30:00,NSE:MANAKSIA,38.75,39.25,38.0,39.25,2719.0
2020-09-09 14:15:00,NSE:MANAKSIA,38.4,39.25,38.4,39.2,1202.0
2020-09-09 15:00:00,NSE:MANAKSIA,38.5,39.0,38.5,38.7,955.0
2020-09-10 09:00:00,NSE:MANAKSIA,38.5,39.7,38.5,39.45,4276.0
2020-09-10 09:45:00,NSE:MANAKSIA,39.6,40.4,39.35,40.4,1887.0
2020-09-10 10:30:00,NSE:MANAKSIA,39.75,39.95,39.55,39.95,675.0
2020-09-10 11:15:00,NSE:MANAKSIA,39.55,40.35,39.2,39.65,7614.0
2020-09-10 12:00:00,NSE:MANAKSIA,39.65,39.65,39.1,39.45,2968.0
2020-09-10 12:45:00,NSE:MANAKSIA,39.05,39.45,39.05,39.45,511.0
2020-09-10 13:30:00,NSE:MANAKSIA,39.1,39.35,39.05,39.35,231.0
2020-09-10 14:15:00,NSE:MANAKSIA,39.05,39.9,39.05,39.9,6430.0
2020-09-10 15:00:00,NSE:MANAKSIA,40.0,40.4,39.6,39.6,10411.0
2020-09-11 09:00:00,NSE:MANAKSIA,40.75,40.75,39.05,39.7,1917.0
2020-09-11 09:45:00,NSE:MANAKSIA,39.7,40.2,39.7,40.2,731.0
2020-09-11 10:30:00,NSE:MANAKSIA,40.2,40.2,39.75,40.2,556.0
2020-09-11 11:15:00,NSE:MANAKSIA,40.05,40.2,39.7,39.9,1682.0
2020-09-11 12:00:00,NSE:MANAKSIA,40.1,40.1,40.1,40.1,116.0
2020-09-11 12:45:00,NSE:MANAKSIA,40.1,40.1,40.0,40.0,825.0
2020-09-11 13:30:00,NSE:MANAKSIA,39.8,39.8,37.65,38.5,24488.0
2020-09-11 14:15:00,NSE:MANAKSIA,38.5,39.45,38.5,39.45,7114.0
2020-09-11 15:00:00,NSE:MANAKSIA,39.5,39.95,39.0,39.95,9471.0
2020-09-14 09:00:00,NSE:MANAKSIA,40.4,41.0,39.6,40.2,5019.0
2020-09-14 09:45:00,NSE:MANAKSIA,40.2,40.65,40.2,40.6,1586.0
2020-09-14 10:30:00,NSE:MANAKSIA,40.55,40.55,40.15,40.2,1703.0
2020-09-14 11:15:00,NSE:MANAKSIA,40.5,40.5,40.1,40.35,1955.0
2020-09-14 12:00:00,NSE:MANAKSIA,40.45,40.5,40.2,40.2,327.0
2020-09-14 12:45:00,NSE:MANAKSIA,40.1,40.2,39.5,40.0,3547.0
2020-09-14 13:30:00,NSE:MANAKSIA,40.0,40.0,39.1,39.45,1606.0
2020-09-14 14:15:00,NSE:MANAKSIA,39.45,39.45,38.65,39.4,3920.0
2020-09-14 15:00:00,NSE:MANAKSIA,39.1,40.2,39.1,39.2,6470.0
2020-09-14 15:45:00,NSE:MANAKSIA,39.7,39.7,39.7,39.7,118.0
2020-09-15 09:00:00,NSE:MANAKSIA,39.95,40.4,39.6,39.6,1345.0
2020-09-15 09:45:00,NSE:MANAKSIA,40.4,40.4,39.2,39.55,3755.0
2020-09-15 10:30:00,NSE:MANAKSIA,39.5,39.8,39.1,39.75,3245.0
2020-09-15 11:15:00,NSE:MANAKSIA,39.65,39.65,39.65,39.65,80.0
2020-09-15 12:00:00,NSE:MANAKSIA,39.7,39.7,39.7,39.7,204.0
2020-09-15 12:45:00,NSE:MANAKSIA,39.65,39.9,39.5,39.9,1131.0
2020-09-15 13:30:00,NSE:MANAKSIA,39.65,39.8,39.2,39.2,2377.0
2020-09-15 14:15:00,NSE:MANAKSIA,39.7,39.7,39.25,39.3,1205.0
2020-09-15 15:00:00,NSE:MANAKSIA,39.35,39.65,39.25,39.3,5468.0
2020-09-16 09:00:00,NSE:MANAKSIA,40.8,40.8,39.4,39.4,623.0
2020-09-16 09:45:00,NSE:MANAKSIA,39.4,39.8,39.0,39.75,1040.0
2020-09-16 10:30:00,NSE:MANAKSIA,39.25,43.35,39.25,41.85,756783.0
2020-09-16 11:15:00,NSE:MANAKSIA,40.85,41.5,39.95,40.0,14905.0
2020-09-16 12:00:00,NSE:MANAKSIA,40.3,40.95,40.0,40.65,7298.0
2020-09-16 12:45:00,NSE:MANAKSIA,40.55,40.95,40.4,40.45,2977.0
2020-09-16 13:30:00,NSE:MANAKSIA,40.45,40.45,40.05,40.3,2365.0
2020-09-16 14:15:00,NSE:MANAKSIA,40.3,41.25,40.2,41.0,11741.0
2020-09-16 15:00:00,NSE:MANAKSIA,41.2,41.65,40.9,41.3,15626.0
2020-09-17 09:00:00,NSE:MANAKSIA,42.75,42.75,41.55,42.7,25580.0
2020-09-17 09:45:00,NSE:MANAKSIA,42.5,42.5,41.35,42.35,11162.0
2020-09-17 10:30:00,NSE:MANAKSIA,42.3,42.5,41.5,42.5,8879.0
2020-09-17 11:15:00,NSE:MANAKSIA,42.5,42.6,41.9,42.0,5453.0
2020-09-17 12:00:00,NSE:MANAKSIA,42.0,42.1,41.85,42.1,2196.0
2020-09-17 12:45:00,NSE:MANAKSIA,42.05,42.45,42.0,42.2,4301.0
2020-09-17 13:30:00,NSE:MANAKSIA,42.4,42.4,42.2,42.2,914.0
2020-09-17 14:15:00,NSE:MANAKSIA,42.45,42.45,42.1,42.15,1871.0
2020-09-17 15:00:00,NSE:MANAKSIA,42.15,42.3,41.1,41.55,13142.0
2020-09-18 09:00:00,NSE:MANAKSIA,42.0,42.0,41.2,41.5,2305.0
2020-09-18 09:45:00,NSE:MANAKSIA,41.5,41.7,41.35,41.5,2593.0
2020-09-18 10:30:00,NSE:MANAKSIA,41.35,41.45,41.2,41.4,799.0
2020-09-18 11:15:00,NSE:MANAKSIA,41.4,41.7,41.4,41.7,1331.0
2020-09-18 12:00:00,NSE:MANAKSIA,41.4,42.5,41.4,42.45,2775.0
2020-09-18 12:45:00,NSE:MANAKSIA,41.65,42.0,41.6,41.6,567.0
2020-09-18 13:30:00,NSE:MANAKSIA,41.95,41.95,41.55,41.8,1941.0
2020-09-18 14:15:00,NSE:MANAKSIA,41.6,41.6,40.85,41.05,5660.0
2020-09-18 15:00:00,NSE:MANAKSIA,41.3,41.4,41.0,41.05,2460.0
2020-09-21 09:00:00,NSE:MANAKSIA,41.0,42.65,41.0,42.0,10834.0
2020-09-21 09:45:00,NSE:MANAKSIA,42.0,42.0,41.65,41.7,3436.0
2020-09-21 10:30:00,NSE:MANAKSIA,41.65,41.75,41.35,41.5,2934.0
2020-09-21 11:15:00,NSE:MANAKSIA,41.4,41.6,41.3,41.5,3212.0
2020-09-21 12:00:00,NSE:MANAKSIA,41.3,41.4,41.3,41.4,1595.0
2020-09-21 12:45:00,NSE:MANAKSIA,41.35,41.5,41.15,41.15,2410.0
2020-09-21 13:30:00,NSE:MANAKSIA,41.15,41.4,40.45,40.45,7610.0
2020-09-21 14:15:00,NSE:MANAKSIA,40.4,40.9,39.65,40.0,8396.0
2020-09-21 15:00:00,NSE:MANAKSIA,40.0,41.3,39.85,40.65,9307.0
2020-09-22 09:00:00,NSE:MANAKSIA,39.35,40.9,39.05,39.05,8937.0
2020-09-22 09:45:00,NSE:MANAKSIA,39.1,39.95,38.8,39.25,1136.0
2020-09-22 10:30:00,NSE:MANAKSIA,39.25,40.0,39.25,39.9,1716.0
2020-09-22 11:15:00,NSE:MANAKSIA,39.9,40.0,39.5,39.65,782.0
2020-09-22 12:00:00,NSE:MANAKSIA,40.0,40.0,39.65,40.0,1421.0
2020-09-22 12:45:00,NSE:MANAKSIA,40.0,40.25,40.0,40.2,655.0
2020-09-22 13:30:00,NSE:MANAKSIA,40.2,40.3,39.65,39.65,1521.0
2020-09-22 14:15:00,NSE:MANAKSIA,39.55,40.5,39.3,40.35,851.0
2020-09-22 15:00:00,NSE:MANAKSIA,39.7,40.2,39.6,39.65,2204.0
2020-09-22 15:45:00,NSE:MANAKSIA,39.8,39.8,39.8,39.8,1.0
2020-09-23 09:00:00,NSE:MANAKSIA,39.8,41.0,39.8,40.25,760.0
2020-09-23 09:45:00,NSE:MANAKSIA,40.25,40.3,40.25,40.25,248.0
2020-09-23 10:30:00,NSE:MANAKSIA,40.25,40.25,40.25,40.25,178.0
2020-09-23 11:15:00,NSE:MANAKSIA,40.0,40.4,40.0,40.1,3439.0
2020-09-23 12:00:00,NSE:MANAKSIA,40.0,40.0,40.0,40.0,536.0
2020-09-23 12:45:00,NSE:MANAKSIA,40.4,40.4,40.0,40.25,101.0
2020-09-23 13:30:00,NSE:MANAKSIA,40.1,40.6,39.9,39.9,1619.0
2020-09-23 14:15:00,NSE:MANAKSIA,40.0,40.45,40.0,40.0,2531.0
2020-09-23 15:00:00,NSE:MANAKSIA,40.3,40.3,39.6,40.2,3392.0
2020-09-24 09:00:00,NSE:MANAKSIA,39.0,39.95,37.6,37.65,14987.0
2020-09-24 09:45:00,NSE:MANAKSIA,37.5,38.55,37.45,38.25,4600.0
2020-09-24 10:30:00,NSE:MANAKSIA,38.2,38.4,38.1,38.1,2098.0
2020-09-24 11:15:00,NSE:MANAKSIA,38.25,38.25,38.05,38.2,1940.0
2020-09-24 12:00:00,NSE:MANAKSIA,38.15,38.15,38.05,38.05,85.0
2020-09-24 12:45:00,NSE:MANAKSIA,38.2,38.3,38.15,38.15,284.0
2020-09-24 13:30:00,NSE:MANAKSIA,38.15,38.15,38.1,38.1,1504.0
2020-09-24 14:15:00,NSE:MANAKSIA,38.4,38.5,38.0,38.35,4565.0
2020-09-24 15:00:00,NSE:MANAKSIA,38.45,39.4,38.1,38.2,4820.0
2020-09-25 09:00:00,NSE:MANAKSIA,39.0,39.9,39.0,39.9,1768.0
2020-09-25 09:45:00,NSE:MANAKSIA,39.85,39.85,39.2,39.2,434.0
2020-09-25 10:30:00,NSE:MANAKSIA,39.0,39.0,38.9,38.95,2547.0
2020-09-25 11:15:00,NSE:MANAKSIA,38.55,38.95,38.55,38.95,503.0
2020-09-25 12:00:00,NSE:MANAKSIA,39.15,39.15,38.85,39.0,1024.0
2020-09-25 12:45:00,NSE:MANAKSIA,39.0,39.45,39.0,39.35,38.0
2020-09-25 13:30:00,NSE:MANAKSIA,39.0,39.45,39.0,39.1,405.0
2020-09-25 14:15:00,NSE:MANAKSIA,39.45,39.5,39.15,39.5,181439.0
2020-09-25 15:00:00,NSE:MANAKSIA,39.5,39.6,39.35,39.5,7191.0
2020-09-25 15:45:00,NSE:MANAKSIA,39.5,39.5,39.5,39.5,100.0
2020-09-28 09:00:00,NSE:MANAKSIA,39.55,41.0,39.55,40.55,2979.0
2020-09-28 09:45:00,NSE:MANAKSIA,40.45,40.5,40.05,40.2,1422.0
2020-09-28 10:30:00,NSE:MANAKSIA,40.1,40.5,39.9,40.0,2208.0
2020-09-28 11:15:00,NSE:MANAKSIA,39.8,40.3,39.65,39.65,772.0
2020-09-28 12:00:00,NSE:MANAKSIA,39.85,40.35,39.6,39.6,1508.0
2020-09-28 12:45:00,NSE:MANAKSIA,40.1,40.3,39.6,40.25,2453.0
2020-09-28 13:30:00,NSE:MANAKSIA,40.4,40.7,39.65,40.7,3676.0
2020-09-28 14:15:00,NSE:MANAKSIA,40.6,40.65,40.45,40.5,1771.0
2020-09-28 15:00:00,NSE:MANAKSIA,40.5,40.6,40.3,40.4,8374.0
2020-09-29 09:00:00,NSE:MANAKSIA,41.35,41.35,40.25,40.75,1603.0
2020-09-29 09:45:00,NSE:MANAKSIA,40.75,40.75,40.25,40.3,565.0
2020-09-29 10:30:00,NSE:MANAKSIA,40.3,40.65,40.1,40.1,1668.0
2020-09-29 11:15:00,NSE:MANAKSIA,40.1,40.6,40.1,40.6,541.0
2020-09-29 12:00:00,NSE:MANAKSIA,40.6,40.6,40.1,40.25,835.0
2020-09-29 12:45:00,NSE:MANAKSIA,40.2,40.2,40.1,40.15,12.0
2020-09-29 13:30:00,NSE:MANAKSIA,40.15,40.15,39.7,39.7,226.0
2020-09-29 14:15:00,NSE:MANAKSIA,40.15,40.15,39.7,40.1,971.0
2020-09-29 15:00:00,NSE:MANAKSIA,40.0,40.0,39.8,40.0,2506.0
2020-09-30 09:00:00,NSE:MANAKSIA,40.95,40.95,40.05,40.35,321.0
2020-09-30 09:45:00,NSE:MANAKSIA,40.1,40.1,39.6,39.6,1260.0
2020-09-30 10:30:00,NSE:MANAKSIA,39.1,39.6,39.1,39.6,668.0
2020-09-30 11:15:00,NSE:MANAKSIA,39.75,39.75,39.55,39.7,742.0
2020-09-30 12:00:00,NSE:MANAKSIA,39.65,39.7,39.65,39.65,247.0
2020-09-30 12:45:00,NSE:MANAKSIA,39.65,39.65,39.65,39.65,164.0
2020-09-30 13:30:00,NSE:MANAKSIA,39.7,40.0,39.65,40.0,1398.0
2020-09-30 14:15:00,NSE:MANAKSIA,39.75,39.95,39.75,39.75,633.0
2020-09-30 15:00:00,NSE:MANAKSIA,39.75,40.4,39.75,40.0,2100.0
2020-09-30 15:45:00,NSE:MANAKSIA,40.0,40.0,40.0,40.0,31.0
2020-10-01 09:00:00,NSE:MANAKSIA,39.9,40.2,39.9,40.1,1966.0
2020-10-01 09:45:00,NSE:MANAKSIA,40.1,40.6,39.9,40.0,537.0
2020-10-01 10:30:00,NSE:MANAKSIA,40.05,40.5,40.0,40.5,540.0
2020-10-01 11:15:00,NSE:MANAKSIA,40.55,40.55,40.05,40.05,45.0
2020-10-01 12:00:00,NSE:MANAKSIA,40.15,40.15,39.8,39.8,892.0
2020-10-01 12:45:00,NSE:MANAKSIA,40.45,40.45,39.6,39.6,1129.0
2020-10-01 13:30:00,NSE:MANAKSIA,40.2,40.2,39.65,39.65,226.0
2020-10-01 15:00:00,NSE:MANAKSIA,39.75,39.9,39.2,39.8,2533.0
2020-10-01 15:45:00,NSE:MANAKSIA,39.5,39.5,39.5,39.5,131.0
2020-10-05 09:00:00,NSE:MANAKSIA,39.35,40.5,39.35,40.3,654.0
2020-10-05 09:45:00,NSE:MANAKSIA,40.0,40.45,39.6,39.95,2188.0
2020-10-05 10:30:00,NSE:MANAKSIA,39.95,40.5,39.65,40.3,1836.0
2020-10-05 11:15:00,NSE:MANAKSIA,40.3,40.3,40.0,40.0,1280.0
2020-10-05 12:00:00,NSE:MANAKSIA,39.8,40.25,39.8,40.25,564.0
2020-10-05 12:45:00,NSE:MANAKSIA,40.25,40.3,40.2,40.2,335.0
2020-10-05 13:30:00,NSE:MANAKSIA,39.85,39.9,39.85,39.9,86.0
2020-10-05 14:15:00,NSE:MANAKSIA,40.2,40.3,39.95,40.25,1397.0
2020-10-05 15:00:00,NSE:MANAKSIA,40.0,40.45,40.0,40.0,826.0
2020-10-06 09:00:00,NSE:MANAKSIA,40.75,40.8,39.65,40.0,906.0
2020-10-06 09:45:00,NSE:MANAKSIA,40.05,41.2,40.05,41.0,6195.0
2020-10-06 10:30:00,NSE:MANAKSIA,41.15,42.0,41.0,41.0,17940.0
2020-10-06 11:15:00,NSE:MANAKSIA,41.5,41.5,39.6,40.45,5947.0
2020-10-06 12:00:00,NSE:MANAKSIA,40.5,40.5,40.45,40.45,415.0
2020-10-06 12:45:00,NSE:MANAKSIA,40.45,40.85,39.75,40.85,7286.0
2020-10-06 13:30:00,NSE:MANAKSIA,39.5,39.6,39.5,39.6,3129.0
2020-10-06 14:15:00,NSE:MANAKSIA,40.1,40.3,39.7,40.25,901.0
2020-10-06 15:00:00,NSE:MANAKSIA,40.1,40.15,39.75,39.8,8418.0
2020-10-07 09:00:00,NSE:MANAKSIA,39.95,39.95,39.5,39.5,142.0
2020-10-07 09:45:00,NSE:MANAKSIA,40.35,40.35,39.65,40.0,643.0
2020-10-07 10:30:00,NSE:MANAKSIA,40.0,40.0,39.75,39.75,1790.0
2020-10-07 11:15:00,NSE:MANAKSIA,39.9,39.9,39.8,39.8,132.0
2020-10-07 12:00:00,NSE:MANAKSIA,39.8,39.85,39.75,39.85,232.0
2020-10-07 12:45:00,NSE:MANAKSIA,39.5,39.8,39.5,39.75,946.0
2020-10-07 13:30:00,NSE:MANAKSIA,39.85,40.0,39.4,39.4,635.0
2020-10-07 14:15:00,NSE:MANAKSIA,39.45,39.85,39.45,39.8,540.0
2020-10-07 15:00:00,NSE:MANAKSIA,39.8,39.8,39.55,39.6,447.0
2020-10-08 09:00:00,NSE:MANAKSIA,39.05,40.45,39.05,39.8,1081.0
2020-10-08 09:45:00,NSE:MANAKSIA,39.8,40.1,39.8,40.1,683.0
2020-10-08 10:30:00,NSE:MANAKSIA,40.15,40.3,39.6,39.6,832.0
2020-10-08 11:15:00,NSE:MANAKSIA,39.65,39.9,39.6,39.65,546.0
2020-10-08 12:00:00,NSE:MANAKSIA,39.9,39.9,39.75,39.75,302.0
2020-10-08 12:45:00,NSE:MANAKSIA,39.7,39.85,39.65,39.85,375.0
2020-10-08 13:30:00,NSE:MANAKSIA,39.55,39.95,39.55,39.95,745.0
2020-10-08 14:15:00,NSE:MANAKSIA,39.6,39.95,39.5,39.5,2737.0
2020-10-08 15:00:00,NSE:MANAKSIA,39.5,39.7,39.45,39.5,1018.0
2020-10-09 09:00:00,NSE:MANAKSIA,39.05,39.6,39.05,39.2,938.0
2020-10-09 09:45:00,NSE:MANAKSIA,39.3,39.95,39.15,39.7,1962.0
2020-10-09 10:30:00,NSE:MANAKSIA,39.9,39.9,38.75,38.9,5383.0
2020-10-09 11:15:00,NSE:MANAKSIA,38.9,39.45,38.9,39.0,3091.0
2020-10-09 12:00:00,NSE:MANAKSIA,39.0,39.0,38.9,38.9,3063.0
2020-10-09 12:45:00,NSE:MANAKSIA,38.8,39.3,38.75,38.75,1347.0
2020-10-09 13:30:00,NSE:MANAKSIA,39.3,39.8,38.8,39.05,1491.0
2020-10-09 14:15:00,NSE:MANAKSIA,39.0,39.85,39.0,39.85,6493.0
2020-10-09 15:00:00,NSE:MANAKSIA,39.8,39.95,39.35,39.85,9932.0
2020-10-12 09:00:00,NSE:MANAKSIA,40.95,40.95,39.8,40.35,615.0
2020-10-12 09:45:00,NSE:MANAKSIA,39.8,40.2,39.5,39.55,1480.0
2020-10-12 10:30:00,NSE:MANAKSIA,39.6,40.15,39.6,40.1,454.0
2020-10-12 11:15:00,NSE:MANAKSIA,39.95,39.95,39.7,39.7,50.0
2020-10-12 12:00:00,NSE:MANAKSIA,40.2,40.2,39.5,39.85,1482.0
2020-10-12 12:45:00,NSE:MANAKSIA,39.55,39.8,39.45,39.45,610.0
2020-10-12 13:30:00,NSE:MANAKSIA,39.5,39.95,39.5,39.9,1793.0
2020-10-12 14:15:00,NSE:MANAKSIA,39.9,39.9,39.6,39.6,278.0
2020-10-12 15:00:00,NSE:MANAKSIA,39.55,39.85,39.0,39.0,1001.0
2020-10-12 15:45:00,NSE:MANAKSIA,39.45,39.45,39.45,39.45,41.0
2020-10-13 09:00:00,NSE:MANAKSIA,38.6,39.55,38.6,38.95,1251.0
2020-10-13 09:45:00,NSE:MANAKSIA,38.95,39.35,38.65,39.3,4626.0
2020-10-13 10:30:00,NSE:MANAKSIA,39.3,39.35,38.95,38.95,149.0
2020-10-13 11:15:00,NSE:MANAKSIA,39.35,39.4,38.5,38.55,1229.0
2020-10-13 12:00:00,NSE:MANAKSIA,38.7,38.95,38.6,38.95,1147.0
2020-10-13 12:45:00,NSE:MANAKSIA,38.95,39.05,38.95,39.05,540.0
2020-10-13 13:30:00,NSE:MANAKSIA,39.05,39.05,39.0,39.0,165.0
2020-10-13 14:15:00,NSE:MANAKSIA,39.0,39.05,38.7,39.0,1442.0
2020-10-13 15:00:00,NSE:MANAKSIA,39.0,39.0,38.5,38.5,3154.0
2020-10-14 09:00:00,NSE:MANAKSIA,38.7,38.95,38.0,38.3,1377.0
2020-10-14 09:45:00,NSE:MANAKSIA,38.3,38.3,38.3,38.3,500.0
2020-10-14 10:30:00,NSE:MANAKSIA,38.3,39.85,38.3,39.5,3424.0
2020-10-14 11:15:00,NSE:MANAKSIA,39.1,39.4,38.25,39.05,7673.0
2020-10-14 12:00:00,NSE:MANAKSIA,39.1,39.1,38.3,38.75,1976.0
2020-10-14 12:45:00,NSE:MANAKSIA,38.6,38.6,38.4,38.4,524.0
2020-10-14 13:30:00,NSE:MANAKSIA,38.5,39.3,38.5,39.25,1118.0
2020-10-14 14:15:00,NSE:MANAKSIA,39.0,39.5,39.0,39.5,600.0
2020-10-14 15:00:00,NSE:MANAKSIA,39.15,39.5,38.7,38.7,668.0
2020-10-15 09:00:00,NSE:MANAKSIA,39.55,39.55,39.0,39.35,55.0
2020-10-15 09:45:00,NSE:MANAKSIA,39.35,39.5,38.9,38.95,934.0
2020-10-15 10:30:00,NSE:MANAKSIA,38.95,39.2,38.95,39.2,135.0
2020-10-15 11:15:00,NSE:MANAKSIA,39.2,39.2,39.1,39.1,180.0
2020-10-15 12:00:00,NSE:MANAKSIA,39.0,39.0,38.75,38.75,729.0
2020-10-15 12:45:00,NSE:MANAKSIA,39.1,39.1,39.1,39.1,22.0
2020-10-15 13:30:00,NSE:MANAKSIA,39.45,39.45,38.8,38.85,755.0
2020-10-15 14:15:00,NSE:MANAKSIA,38.95,39.35,38.95,38.95,390.0
2020-10-15 15:00:00,NSE:MANAKSIA,39.0,39.0,38.0,38.0,9883.0
2020-10-16 09:00:00,NSE:MANAKSIA,39.15,39.15,37.55,39.15,561.0
2020-10-16 09:45:00,NSE:MANAKSIA,39.1,39.1,38.55,38.95,91.0
2020-10-16 10:30:00,NSE:MANAKSIA,38.85,38.9,38.75,38.9,230.0
2020-10-16 11:15:00,NSE:MANAKSIA,38.9,38.95,38.75,38.75,363.0
2020-10-16 12:00:00,NSE:MANAKSIA,38.95,38.95,38.1,38.1,204.0
2020-10-16 12:45:00,NSE:MANAKSIA,38.1,38.5,38.1,38.5,518.0
2020-10-16 13:30:00,NSE:MANAKSIA,38.15,38.35,38.0,38.0,8020.0
2020-10-16 14:15:00,NSE:MANAKSIA,38.0,38.25,38.0,38.25,1272.0
2020-10-16 15:00:00,NSE:MANAKSIA,38.35,38.5,38.1,38.35,3272.0
2020-10-19 09:00:00,NSE:MANAKSIA,37.65,38.95,37.65,38.3,168.0
2020-10-19 09:45:00,NSE:MANAKSIA,38.7,38.8,38.35,38.35,14.0
2020-10-19 10:30:00,NSE:MANAKSIA,38.35,38.65,38.1,38.55,522.0
2020-10-19 11:15:00,NSE:MANAKSIA,38.9,38.9,38.15,38.2,1702.0
2020-10-19 12:00:00,NSE:MANAKSIA,38.2,38.2,38.0,38.05,3306.0
2020-10-19 12:45:00,NSE:MANAKSIA,38.3,38.3,38.0,38.3,4166.0
2020-10-19 13:30:00,NSE:MANAKSIA,38.3,38.3,38.05,38.05,31.0
2020-10-19 14:15:00,NSE:MANAKSIA,38.05,38.3,38.05,38.3,470.0
2020-10-19 15:00:00,NSE:MANAKSIA,38.3,38.65,38.0,38.0,3314.0
2020-10-20 09:00:00,NSE:MANAKSIA,39.7,39.7,38.55,38.6,11393.0
2020-10-20 09:45:00,NSE:MANAKSIA,38.9,38.9,38.75,38.9,603.0
2020-10-20 10:30:00,NSE:MANAKSIA,38.9,39.5,38.8,38.85,5942.0
2020-10-20 11:15:00,NSE:MANAKSIA,39.4,39.95,39.0,39.1,5880.0
2020-10-20 12:00:00,NSE:MANAKSIA,39.45,39.45,39.1,39.1,771.0
2020-10-20 12:45:00,NSE:MANAKSIA,39.1,39.1,39.1,39.1,99.0
2020-10-20 13:30:00,NSE:MANAKSIA,39.1,39.1,38.95,39.1,486.0
2020-10-20 14:15:00,NSE:MANAKSIA,39.45,39.5,38.9,39.35,1884.0
2020-10-20 15:00:00,NSE:MANAKSIA,39.35,39.4,37.5,38.5,13869.0
2020-10-21 09:00:00,NSE:MANAKSIA,39.15,39.15,38.6,38.6,1603.0
2020-10-21 09:45:00,NSE:MANAKSIA,39.0,39.2,38.65,39.2,1493.0
2020-10-21 10:30:00,NSE:MANAKSIA,39.2,39.2,38.95,39.15,405.0
2020-10-21 11:15:00,NSE:MANAKSIA,39.1,39.1,38.9,38.9,432.0
2020-10-21 12:00:00,NSE:MANAKSIA,38.95,39.0,38.9,39.0,955.0
2020-10-21 12:45:00,NSE:MANAKSIA,38.9,39.15,38.9,39.0,546.0
2020-10-21 13:30:00,NSE:MANAKSIA,38.9,38.9,38.9,38.9,1593.0
2020-10-21 14:15:00,NSE:MANAKSIA,38.85,38.9,38.1,38.8,1647.0
2020-10-21 15:00:00,NSE:MANAKSIA,38.7,39.2,38.6,39.2,2359.0
2020-10-22 09:00:00,NSE:MANAKSIA,39.1,39.1,38.1,38.1,1116.0
2020-10-22 09:45:00,NSE:MANAKSIA,38.65,38.65,38.6,38.6,118.0
2020-10-22 10:30:00,NSE:MANAKSIA,38.3,38.6,38.05,38.55,2992.0
2020-10-22 11:15:00,NSE:MANAKSIA,38.55,38.7,38.45,38.7,554.0
2020-10-22 12:00:00,NSE:MANAKSIA,38.45,38.75,38.45,38.45,568.0
2020-10-22 12:45:00,NSE:MANAKSIA,38.45,38.55,38.45,38.5,3466.0
2020-10-22 13:30:00,NSE:MANAKSIA,38.45,39.0,38.45,39.0,1290.0
2020-10-22 14:15:00,NSE:MANAKSIA,39.0,39.05,38.95,38.95,906.0
2020-10-22 15:00:00,NSE:MANAKSIA,38.95,39.3,38.5,39.15,7376.0
2020-10-23 09:00:00,NSE:MANAKSIA,39.25,39.25,38.3,39.15,3214.0
2020-10-23 09:45:00,NSE:MANAKSIA,38.85,39.25,38.8,39.25,788.0
2020-10-23 10:30:00,NSE:MANAKSIA,39.2,39.2,38.8,38.8,1541.0
2020-10-23 11:15:00,NSE:MANAKSIA,39.1,39.1,38.8,38.8,300.0
2020-10-23 12:00:00,NSE:MANAKSIA,39.05,39.1,38.9,38.9,281.0
2020-10-23 13:30:00,NSE:MANAKSIA,38.85,38.9,38.8,38.8,2434.0
2020-10-23 14:15:00,NSE:MANAKSIA,38.75,39.2,38.75,39.15,500.0
2020-10-23 15:00:00,NSE:MANAKSIA,39.1,39.1,38.4,39.0,3209.0
2020-10-26 09:00:00,NSE:MANAKSIA,38.05,39.2,38.05,38.85,781.0
2020-10-26 09:45:00,NSE:MANAKSIA,38.9,39.1,38.9,39.0,3354.0
2020-10-26 10:30:00,NSE:MANAKSIA,39.0,39.25,38.8,39.2,5953.0
2020-10-26 11:15:00,NSE:MANAKSIA,39.2,39.2,38.7,38.7,1687.0
2020-10-26 12:00:00,NSE:MANAKSIA,38.75,39.1,38.7,39.1,224.0
2020-10-26 12:45:00,NSE:MANAKSIA,38.85,39.0,38.8,39.0,661.0
2020-10-26 13:30:00,NSE:MANAKSIA,39.2,39.2,38.75,38.75,796.0
2020-10-26 14:15:00,NSE:MANAKSIA,38.8,39.05,38.75,39.0,1503.0
2020-10-26 15:00:00,NSE:MANAKSIA,39.05,39.15,38.8,38.8,447.0
2020-10-27 09:00:00,NSE:MANAKSIA,39.0,39.2,38.8,39.0,1307.0
2020-10-27 09:45:00,NSE:MANAKSIA,39.2,40.65,38.95,39.75,13216.0
2020-10-27 10:30:00,NSE:MANAKSIA,39.75,39.95,39.35,39.4,1071.0
2020-10-27 11:15:00,NSE:MANAKSIA,39.2,39.8,39.2,39.75,762.0
2020-10-27 12:00:00,NSE:MANAKSIA,39.7,39.7,39.35,39.7,1115.0
2020-10-27 12:45:00,NSE:MANAKSIA,39.7,39.75,39.45,39.45,634.0
2020-10-27 13:30:00,NSE:MANAKSIA,39.8,39.8,39.7,39.7,519.0
2020-10-27 14:15:00,NSE:MANAKSIA,39.7,39.85,39.35,39.85,3763.0
2020-10-27 15:00:00,NSE:MANAKSIA,40.4,40.4,39.0,39.75,66311.0
2020-10-28 09:00:00,NSE:MANAKSIA,39.75,39.95,39.75,39.9,378.0
2020-10-28 09:45:00,NSE:MANAKSIA,39.9,39.95,39.75,39.75,1517.0
2020-10-28 10:30:00,NSE:MANAKSIA,39.55,39.7,39.55,39.7,187.0
2020-10-28 11:15:00,NSE:MANAKSIA,39.75,39.75,39.6,39.65,1344.0
2020-10-28 12:00:00,NSE:MANAKSIA,39.65,39.8,39.6,39.8,1278.0
2020-10-28 12:45:00,NSE:MANAKSIA,39.95,39.95,39.4,39.4,2467.0
2020-10-28 13:30:00,NSE:MANAKSIA,39.9,39.9,39.3,39.35,949.0
2020-10-28 14:15:00,NSE:MANAKSIA,39.35,39.65,39.35,39.35,250.0
2020-10-28 15:00:00,NSE:MANAKSIA,39.2,39.55,39.1,39.1,1823.0
2020-10-29 09:00:00,NSE:MANAKSIA,38.7,38.85,37.55,38.75,5343.0
2020-10-29 09:45:00,NSE:MANAKSIA,38.75,38.75,38.0,38.25,7735.0
2020-10-29 10:30:00,NSE:MANAKSIA,38.25,38.6,38.05,38.25,1956.0
2020-10-29 11:15:00,NSE:MANAKSIA,38.7,38.7,38.3,38.3,600.0
2020-10-29 12:00:00,NSE:MANAKSIA,38.25,39.4,38.0,38.4,9358.0
2020-10-29 12:45:00,NSE:MANAKSIA,38.4,39.9,38.4,39.05,4850.0
2020-10-29 13:30:00,NSE:MANAKSIA,39.6,39.65,38.95,39.35,8913.0
2020-10-29 14:15:00,NSE:MANAKSIA,39.2,39.35,38.6,38.65,4647.0
2020-10-29 15:00:00,NSE:MANAKSIA,38.65,39.15,38.5,38.55,2122.0
2020-10-30 09:00:00,NSE:MANAKSIA,39.6,39.6,37.6,39.35,1800.0
2020-10-30 09:45:00,NSE:MANAKSIA,39.1,39.5,38.6,39.15,1961.0
2020-10-30 10:30:00,NSE:MANAKSIA,39.15,39.4,39.0,39.3,1046.0
2020-10-30 11:15:00,NSE:MANAKSIA,38.5,38.65,38.1,38.25,3765.0
2020-10-30 12:00:00,NSE:MANAKSIA,38.75,38.75,38.2,38.75,1325.0
2020-10-30 12:45:00,NSE:MANAKSIA,38.7,38.7,38.7,38.7,700.0
2020-10-30 13:30:00,NSE:MANAKSIA,37.5,38.7,37.5,38.25,11581.0
2020-10-30 14:15:00,NSE:MANAKSIA,38.45,38.5,38.45,38.5,75.0
2020-10-30 15:00:00,NSE:MANAKSIA,38.5,38.5,38.25,38.25,3167.0
2020-11-02 09:00:00,NSE:MANAKSIA,38.15,38.35,38.15,38.35,126.0
2020-11-02 09:45:00,NSE:MANAKSIA,38.7,39.35,38.3,38.95,815.0
2020-11-02 10:30:00,NSE:MANAKSIA,39.25,39.25,38.45,38.95,921.0
2020-11-02 11:15:00,NSE:MANAKSIA,38.95,38.95,38.7,38.95,645.0
2020-11-02 12:00:00,NSE:MANAKSIA,38.7,38.9,38.65,38.9,111.0
2020-11-02 12:45:00,NSE:MANAKSIA,38.65,38.9,38.55,38.8,140.0
2020-11-02 13:30:00,NSE:MANAKSIA,38.8,38.85,38.65,38.65,250.0
2020-11-02 14:15:00,NSE:MANAKSIA,38.85,38.85,38.65,38.7,3039.0
2020-11-02 15:00:00,NSE:MANAKSIA,38.85,38.85,38.05,38.05,6937.0
2020-11-02 15:45:00,NSE:MANAKSIA,38.35,38.35,38.35,38.35,100.0
2020-11-03 09:00:00,NSE:MANAKSIA,38.0,39.4,38.0,38.9,785.0
2020-11-03 09:45:00,NSE:MANAKSIA,38.5,38.5,38.25,38.25,2077.0
2020-11-03 10:30:00,NSE:MANAKSIA,38.55,38.55,38.45,38.45,101.0
2020-11-03 11:15:00,NSE:MANAKSIA,38.25,38.45,38.2,38.45,260.0
2020-11-03 12:00:00,NSE:MANAKSIA,38.5,38.5,38.5,38.5,10.0
2020-11-03 12:45:00,NSE:MANAKSIA,38.25,38.45,38.15,38.45,837.0
2020-11-03 13:30:00,NSE:MANAKSIA,38.15,38.2,38.15,38.15,90.0
2020-11-03 14:15:00,NSE:MANAKSIA,38.2,38.2,38.2,38.2,6.0
2020-11-03 15:00:00,NSE:MANAKSIA,38.45,38.45,38.15,38.35,711.0
2020-11-04 09:00:00,NSE:MANAKSIA,38.8,38.85,38.3,38.85,193.0
2020-11-04 09:45:00,NSE:MANAKSIA,38.25,38.75,38.1,38.15,874.0
2020-11-04 10:30:00,NSE:MANAKSIA,38.15,38.75,38.0,38.7,5870.0
2020-11-04 11:15:00,NSE:MANAKSIA,38.1,38.7,37.75,38.4,6941.0
2020-11-04 12:00:00,NSE:MANAKSIA,38.6,38.6,38.55,38.55,1052.0
2020-11-04 12:45:00,NSE:MANAKSIA,38.5,38.75,37.85,38.5,5317.0
2020-11-04 13:30:00,NSE:MANAKSIA,38.45,38.45,38.05,38.05,102.0
2020-11-04 14:15:00,NSE:MANAKSIA,38.4,38.4,38.05,38.4,702.0
2020-11-04 15:00:00,NSE:MANAKSIA,38.15,38.45,37.75,37.95,2104.0
2020-11-05 09:00:00,NSE:MANAKSIA,38.2,38.85,35.85,38.35,12868.0
2020-11-05 09:45:00,NSE:MANAKSIA,38.3,38.3,37.35,37.95,1455.0
2020-11-05 10:30:00,NSE:MANAKSIA,37.95,38.25,37.7,37.7,478.0
2020-11-05 11:15:00,NSE:MANAKSIA,38.1,38.1,37.8,37.8,1777.0
2020-11-05 12:00:00,NSE:MANAKSIA,38.05,38.2,37.95,38.1,1710.0
2020-11-05 12:45:00,NSE:MANAKSIA,38.2,38.3,38.1,38.2,2153.0
2020-11-05 13:30:00,NSE:MANAKSIA,38.25,38.25,38.25,38.25,227.0
2020-11-05 14:15:00,NSE:MANAKSIA,38.05,38.2,38.0,38.2,1998.0
2020-11-05 15:00:00,NSE:MANAKSIA,38.35,38.45,38.0,38.15,5923.0
2020-11-06 09:00:00,NSE:MANAKSIA,39.2,39.2,37.7,38.35,313.0
2020-11-06 09:45:00,NSE:MANAKSIA,38.35,38.35,37.9,37.9,1854.0
2020-11-06 10:30:00,NSE:MANAKSIA,38.2,38.2,37.75,37.75,2983.0
2020-11-06 11:15:00,NSE:MANAKSIA,38.4,38.4,37.6,37.6,9828.0
2020-11-06 12:00:00,NSE:MANAKSIA,37.75,38.5,37.75,38.5,2384.0
2020-11-06 12:45:00,NSE:MANAKSIA,38.5,38.6,37.8,37.8,366.0
2020-11-06 13:30:00,NSE:MANAKSIA,37.9,37.9,37.9,37.9,310.0
2020-11-06 14:15:00,NSE:MANAKSIA,38.45,38.95,37.9,37.9,4198.0
2020-11-06 15:00:00,NSE:MANAKSIA,37.9,38.4,37.9,38.15,1973.0
2020-11-09 09:00:00,NSE:MANAKSIA,39.5,39.5,38.05,38.7,388.0
2020-11-09 09:45:00,NSE:MANAKSIA,38.7,38.75,38.6,38.7,1304.0
2020-11-09 10:30:00,NSE:MANAKSIA,38.7,38.7,38.35,38.65,401.0
2020-11-09 11:15:00,NSE:MANAKSIA,38.65,38.65,38.4,38.4,193.0
2020-11-09 12:00:00,NSE:MANAKSIA,38.4,38.7,38.1,38.1,1594.0
2020-11-09 12:45:00,NSE:MANAKSIA,38.7,38.7,38.2,38.65,428.0
2020-11-09 13:30:00,NSE:MANAKSIA,38.65,38.65,38.15,38.15,326.0
2020-11-09 14:15:00,NSE:MANAKSIA,38.7,38.7,37.9,38.0,11933.0
2020-11-09 15:00:00,NSE:MANAKSIA,38.0,38.15,37.8,38.0,6748.0
2020-11-10 09:00:00,NSE:MANAKSIA,37.35,38.05,37.3,38.0,3484.0
2020-11-10 09:45:00,NSE:MANAKSIA,38.0,38.45,38.0,38.0,4401.0
2020-11-10 10:30:00,NSE:MANAKSIA,38.0,38.0,37.8,38.0,3059.0
2020-11-10 11:15:00,NSE:MANAKSIA,37.95,38.0,37.85,37.85,667.0
2020-11-10 12:00:00,NSE:MANAKSIA,38.0,38.0,37.9,37.9,359.0
2020-11-10 12:45:00,NSE:MANAKSIA,37.9,38.0,37.85,38.0,551.0
2020-11-10 13:30:00,NSE:MANAKSIA,37.85,38.0,37.85,38.0,197.0
2020-11-10 14:15:00,NSE:MANAKSIA,38.0,38.0,37.8,37.8,1651.0
2020-11-10 15:00:00,NSE:MANAKSIA,38.0,39.15,37.6,38.25,87041.0
2020-11-11 09:00:00,NSE:MANAKSIA,38.9,38.9,38.0,38.3,9091.0
2020-11-11 09:45:00,NSE:MANAKSIA,38.3,38.35,37.85,38.0,31789.0
2020-11-11 10:30:00,NSE:MANAKSIA,38.0,38.0,37.8,37.8,1316.0
2020-11-11 11:15:00,NSE:MANAKSIA,37.8,37.85,37.8,37.85,958.0
2020-11-11 12:00:00,NSE:MANAKSIA,37.85,37.85,37.6,37.85,1849.0
2020-11-11 12:45:00,NSE:MANAKSIA,37.85,38.0,37.8,38.0,2666.0
2020-11-11 13:30:00,NSE:MANAKSIA,38.0,38.0,37.95,38.0,1708.0
2020-11-11 14:15:00,NSE:MANAKSIA,38.0,38.0,37.9,38.0,4474.0
2020-11-11 15:00:00,NSE:MANAKSIA,38.0,38.5,37.95,37.95,20389.0
2020-11-11 15:45:00,NSE:MANAKSIA,38.2,38.2,38.2,38.2,1.0
2020-11-12 09:00:00,NSE:MANAKSIA,38.6,38.9,38.0,38.3,1254.0
2020-11-12 09:45:00,NSE:MANAKSIA,38.3,38.3,37.7,38.05,41554.0
2020-11-12 10:30:00,NSE:MANAKSIA,38.0,38.0,37.75,37.95,3468.0
2020-11-12 11:15:00,NSE:MANAKSIA,37.95,40.2,37.95,39.0,61785.0
2020-11-12 12:00:00,NSE:MANAKSIA,38.95,39.0,38.4,38.95,3126.0
2020-11-12 12:45:00,NSE:MANAKSIA,38.7,38.7,38.35,38.4,12889.0
2020-11-12 13:30:00,NSE:MANAKSIA,38.4,38.7,38.25,38.7,5203.0
2020-11-12 14:15:00,NSE:MANAKSIA,38.5,38.65,38.1,38.25,13361.0
2020-11-12 15:00:00,NSE:MANAKSIA,38.45,38.6,37.95,38.3,86837.0
2020-11-13 09:00:00,NSE:MANAKSIA,39.4,39.4,38.05,38.25,6564.0
2020-11-13 09:45:00,NSE:MANAKSIA,38.25,39.6,38.15,39.05,33226.0
2020-11-13 10:30:00,NSE:MANAKSIA,39.5,39.7,38.55,39.0,25341.0
2020-11-13 11:15:00,NSE:MANAKSIA,38.85,40.0,38.85,39.35,164769.0
2020-11-13 12:00:00,NSE:MANAKSIA,39.35,39.45,39.2,39.35,6750.0
2020-11-13 12:45:00,NSE:MANAKSIA,39.45,39.45,39.2,39.4,6272.0
2020-11-13 13:30:00,NSE:MANAKSIA,39.4,39.4,39.1,39.1,6944.0
2020-11-13 14:15:00,NSE:MANAKSIA,39.35,39.35,39.0,39.35,10685.0
2020-11-13 15:00:00,NSE:MANAKSIA,39.25,39.45,39.15,39.3,9395.0
2020-11-14 17:45:00,NSE:MANAKSIA,39.75,41.95,39.5,40.65,30815.0
2020-11-14 18:30:00,NSE:MANAKSIA,40.65,40.75,40.05,40.5,46677.0
2020-11-14 19:15:00,NSE:MANAKSIA,40.4,40.4,40.4,40.4,100.0
2020-11-17 09:00:00,NSE:MANAKSIA,40.6,41.3,40.4,40.9,21279.0
2020-11-17 09:45:00,NSE:MANAKSIA,40.75,40.95,40.4,40.6,9916.0
2020-11-17 10:30:00,NSE:MANAKSIA,40.55,40.65,40.5,40.55,1964.0
2020-11-17 11:15:00,NSE:MANAKSIA,40.6,40.6,39.7,39.95,27752.0
2020-11-17 12:00:00,NSE:MANAKSIA,40.0,40.0,39.9,40.0,4436.0
2020-11-17 12:45:00,NSE:MANAKSIA,40.0,40.0,39.8,40.0,2686.0
2020-11-17 13:30:00,NSE:MANAKSIA,40.0,40.0,40.0,40.0,1813.0
2020-11-17 14:15:00,NSE:MANAKSIA,40.0,40.0,39.8,39.95,4606.0
2020-11-17 15:00:00,NSE:MANAKSIA,39.95,40.4,39.9,40.0,32887.0
2020-11-18 09:00:00,NSE:MANAKSIA,40.8,40.8,39.9,39.9,3184.0
2020-11-18 09:45:00,NSE:MANAKSIA,39.9,40.25,39.8,40.0,5013.0
2020-11-18 10:30:00,NSE:MANAKSIA,40.0,40.05,39.9,40.0,5653.0
2020-11-18 11:15:00,NSE:MANAKSIA,40.0,40.0,39.9,39.9,267.0
2020-11-18 12:00:00,NSE:MANAKSIA,39.9,40.0,39.9,39.9,1456.0
2020-11-18 12:45:00,NSE:MANAKSIA,39.85,40.15,39.8,39.8,3590.0
2020-11-18 13:30:00,NSE:MANAKSIA,39.8,40.15,39.8,40.0,14919.0
2020-11-18 14:15:00,NSE:MANAKSIA,40.0,40.0,39.8,39.9,5029.0
2020-11-18 15:00:00,NSE:MANAKSIA,39.85,40.0,39.85,39.85,2797.0
2020-11-19 09:00:00,NSE:MANAKSIA,40.0,40.0,39.8,40.0,6221.0
2020-11-19 09:45:00,NSE:MANAKSIA,40.0,40.4,39.85,40.0,17831.0
2020-11-19 10:30:00,NSE:MANAKSIA,40.0,40.45,39.9,40.0,22612.0
2020-11-19 11:15:00,NSE:MANAKSIA,40.0,40.55,39.85,40.45,72884.0
2020-11-19 12:00:00,NSE:MANAKSIA,40.45,40.85,40.15,40.5,7973.0
2020-11-19 12:45:00,NSE:MANAKSIA,40.3,40.5,40.2,40.45,3964.0
2020-11-19 13:30:00,NSE:MANAKSIA,40.5,40.8,40.25,40.3,7386.0
2020-11-19 14:15:00,NSE:MANAKSIA,40.25,40.25,40.05,40.2,23318.0
2020-11-19 15:00:00,NSE:MANAKSIA,40.25,40.25,40.1,40.15,10202.0
2020-11-20 09:00:00,NSE:MANAKSIA,40.15,40.9,40.15,40.6,3156.0
2020-11-20 09:45:00,NSE:MANAKSIA,40.6,40.9,40.5,40.8,20813.0
2020-11-20 10:30:00,NSE:MANAKSIA,40.85,41.05,40.65,40.8,12996.0
2020-11-20 11:15:00,NSE:MANAKSIA,40.95,40.95,40.3,40.65,30521.0
2020-11-20 12:00:00,NSE:MANAKSIA,40.45,40.75,40.3,40.75,7563.0
2020-11-20 12:45:00,NSE:MANAKSIA,40.7,40.75,40.5,40.75,8483.0
2020-11-20 13:30:00,NSE:MANAKSIA,40.75,43.4,40.7,42.45,90371.0
2020-11-20 14:15:00,NSE:MANAKSIA,42.45,43.95,41.55,43.55,79663.0
2020-11-20 15:00:00,NSE:MANAKSIA,43.6,43.6,42.1,42.6,70166.0
2020-11-23 09:00:00,NSE:MANAKSIA,43.5,43.5,42.05,42.45,9118.0
2020-11-23 09:45:00,NSE:MANAKSIA,42.45,42.45,41.8,41.8,17938.0
2020-11-23 10:30:00,NSE:MANAKSIA,41.8,43.95,41.0,42.55,19564.0
2020-11-23 11:15:00,NSE:MANAKSIA,42.5,43.3,42.3,42.3,5983.0
2020-11-23 12:00:00,NSE:MANAKSIA,42.25,42.85,42.25,42.3,4077.0
2020-11-23 12:45:00,NSE:MANAKSIA,42.35,42.55,42.3,42.35,2895.0
2020-11-23 13:30:00,NSE:MANAKSIA,42.55,42.8,42.25,42.5,2754.0
2020-11-23 14:15:00,NSE:MANAKSIA,42.45,42.85,42.35,42.5,4274.0
2020-11-23 15:00:00,NSE:MANAKSIA,42.6,42.8,41.85,42.25,7064.0
2020-11-24 09:00:00,NSE:MANAKSIA,42.9,42.9,42.3,42.45,2668.0
2020-11-24 09:45:00,NSE:MANAKSIA,42.45,42.8,42.4,42.7,3450.0
2020-11-24 10:30:00,NSE:MANAKSIA,42.5,42.65,42.05,42.2,5092.0
2020-11-24 11:15:00,NSE:MANAKSIA,42.5,43.0,42.3,42.75,8017.0
2020-11-24 12:00:00,NSE:MANAKSIA,42.7,45.0,42.5,43.95,142610.0
2020-11-24 12:45:00,NSE:MANAKSIA,43.95,44.0,43.25,43.5,11686.0
2020-11-24 13:30:00,NSE:MANAKSIA,43.5,44.45,43.3,44.0,22065.0
2020-11-24 14:15:00,NSE:MANAKSIA,44.0,45.4,43.75,44.8,80568.0
2020-11-24 15:00:00,NSE:MANAKSIA,45.0,45.5,44.5,45.0,91151.0
2020-11-25 09:00:00,NSE:MANAKSIA,45.1,46.6,45.1,45.3,31625.0
2020-11-25 09:45:00,NSE:MANAKSIA,45.3,45.75,44.15,44.3,11448.0
2020-11-25 10:30:00,NSE:MANAKSIA,44.2,44.2,43.1,43.7,22206.0
2020-11-25 11:15:00,NSE:MANAKSIA,43.7,43.7,43.25,43.5,2545.0
2020-11-25 12:00:00,NSE:MANAKSIA,43.5,43.55,43.05,43.05,14200.0
2020-11-25 12:45:00,NSE:MANAKSIA,43.5,43.55,43.25,43.5,4594.0
2020-11-25 13:30:00,NSE:MANAKSIA,43.55,43.55,42.75,43.05,9422.0
2020-11-25 14:15:00,NSE:MANAKSIA,43.05,43.25,42.7,43.05,11725.0
2020-11-25 15:00:00,NSE:MANAKSIA,43.05,43.1,42.75,42.8,11284.0
2020-11-26 09:00:00,NSE:MANAKSIA,42.8,43.55,42.8,43.45,1038.0
2020-11-26 09:45:00,NSE:MANAKSIA,43.0,43.2,42.6,42.9,2703.0
2020-11-26 10:30:00,NSE:MANAKSIA,42.9,42.9,42.7,42.9,1352.0
2020-11-26 11:15:00,NSE:MANAKSIA,42.9,43.2,42.75,43.0,1997.0
2020-11-26 12:00:00,NSE:MANAKSIA,43.3,43.4,42.85,43.0,4060.0
2020-11-26 12:45:00,NSE:MANAKSIA,42.85,43.0,42.85,42.95,782.0
2020-11-26 13:30:00,NSE:MANAKSIA,43.0,43.05,42.8,42.9,2764.0
2020-11-26 14:15:00,NSE:MANAKSIA,43.15,43.3,42.8,42.95,2133.0
2020-11-26 15:00:00,NSE:MANAKSIA,43.0,43.35,42.9,43.0,7522.0
2020-11-27 09:00:00,NSE:MANAKSIA,43.95,44.0,42.55,43.4,4872.0
2020-11-27 09:45:00,NSE:MANAKSIA,43.4,44.25,43.4,43.9,2145.0
2020-11-27 10:30:00,NSE:MANAKSIA,43.95,43.95,43.4,43.6,3802.0
2020-11-27 11:15:00,NSE:MANAKSIA,43.9,43.9,43.65,43.65,2002.0
2020-11-27 12:00:00,NSE:MANAKSIA,43.85,43.95,43.65,43.9,6864.0
2020-11-27 12:45:00,NSE:MANAKSIA,43.85,43.95,43.85,43.9,3676.0
2020-11-27 13:30:00,NSE:MANAKSIA,43.9,43.95,43.85,43.85,3617.0
2020-11-27 14:15:00,NSE:MANAKSIA,43.85,43.95,43.5,43.85,3248.0
2020-11-27 15:00:00,NSE:MANAKSIA,43.85,43.85,43.55,43.6,2635.0
2020-12-01 09:00:00,NSE:MANAKSIA,43.75,45.0,43.05,44.9,23949.0
2020-12-01 09:45:00,NSE:MANAKSIA,44.8,46.25,44.7,46.0,29753.0
2020-12-01 10:30:00,NSE:MANAKSIA,46.1,46.1,45.0,45.0,18573.0
2020-12-01 11:15:00,NSE:MANAKSIA,45.0,45.35,44.1,44.95,7839.0
2020-12-01 12:00:00,NSE:MANAKSIA,44.9,44.95,43.95,44.95,19090.0
2020-12-01 12:45:00,NSE:MANAKSIA,44.8,45.0,44.5,44.65,2661.0
2020-12-01 13:30:00,NSE:MANAKSIA,44.85,44.85,44.5,44.85,1962.0
2020-12-01 14:15:00,NSE:MANAKSIA,44.85,45.2,44.45,45.15,8847.0
2020-12-01 15:00:00,NSE:MANAKSIA,44.85,45.05,44.7,44.9,10878.0
2020-12-02 09:00:00,NSE:MANAKSIA,45.9,45.9,45.0,45.5,11446.0
2020-12-02 09:45:00,NSE:MANAKSIA,45.5,45.75,44.25,44.9,14475.0
2020-12-02 10:30:00,NSE:MANAKSIA,44.9,44.95,44.65,44.9,962.0
2020-12-02 11:15:00,NSE:MANAKSIA,44.9,45.0,44.65,44.95,8267.0
2020-12-02 12:00:00,NSE:MANAKSIA,45.25,45.4,44.85,45.0,6989.0
2020-12-02 12:45:00,NSE:MANAKSIA,45.0,45.1,44.65,45.0,5796.0
2020-12-02 13:30:00,NSE:MANAKSIA,45.0,45.0,44.05,44.35,4730.0
2020-12-02 14:15:00,NSE:MANAKSIA,44.3,44.85,44.05,44.7,2325.0
2020-12-02 15:00:00,NSE:MANAKSIA,44.65,45.5,44.1,44.75,10792.0
2020-12-03 09:00:00,NSE:MANAKSIA,44.75,45.75,44.75,44.85,8110.0
2020-12-03 09:45:00,NSE:MANAKSIA,44.95,46.0,44.95,45.65,19365.0
2020-12-03 10:30:00,NSE:MANAKSIA,45.65,45.8,45.1,45.5,8723.0
2020-12-03 11:15:00,NSE:MANAKSIA,45.45,45.75,45.1,45.2,3035.0
2020-12-03 12:00:00,NSE:MANAKSIA,45.2,45.65,44.9,45.45,13124.0
2020-12-03 12:45:00,NSE:MANAKSIA,45.45,45.65,45.4,45.55,6032.0
2020-12-03 13:30:00,NSE:MANAKSIA,45.55,45.55,45.25,45.35,3190.0
2020-12-03 14:15:00,NSE:MANAKSIA,45.45,45.5,45.3,45.45,3493.0
2020-12-03 15:00:00,NSE:MANAKSIA,45.4,45.5,45.2,45.25,7424.0
2020-12-04 09:00:00,NSE:MANAKSIA,46.0,46.2,45.15,45.8,11544.0
2020-12-04 09:45:00,NSE:MANAKSIA,45.75,46.0,45.75,45.8,12823.0
2020-12-04 10:30:00,NSE:MANAKSIA,45.85,46.0,45.45,45.65,7964.0
2020-12-04 11:15:00,NSE:MANAKSIA,45.8,45.8,45.45,45.6,16992.0
2020-12-04 12:00:00,NSE:MANAKSIA,45.5,45.6,45.35,45.4,5171.0
2020-12-04 12:45:00,NSE:MANAKSIA,45.4,45.4,44.6,44.8,2922.0
2020-12-04 13:30:00,NSE:MANAKSIA,44.9,45.0,44.9,45.0,1006.0
2020-12-04 14:15:00,NSE:MANAKSIA,45.0,45.55,44.9,45.4,4008.0
2020-12-04 15:00:00,NSE:MANAKSIA,45.35,45.4,45.1,45.25,9053.0
2020-12-07 09:00:00,NSE:MANAKSIA,45.9,46.2,45.45,45.9,6382.0
2020-12-07 09:45:00,NSE:MANAKSIA,46.0,46.2,45.7,46.0,10831.0
2020-12-07 10:30:00,NSE:MANAKSIA,45.95,46.1,45.8,46.1,4018.0
2020-12-07 11:15:00,NSE:MANAKSIA,45.85,46.0,45.85,46.0,1150.0
2020-12-07 12:00:00,NSE:MANAKSIA,46.15,46.15,46.0,46.0,2859.0
2020-12-07 12:45:00,NSE:MANAKSIA,46.15,46.35,45.9,46.35,4206.0
2020-12-07 13:30:00,NSE:MANAKSIA,46.35,46.35,46.05,46.25,6694.0
2020-12-07 14:15:00,NSE:MANAKSIA,46.2,48.0,46.0,47.0,81519.0
2020-12-07 15:00:00,NSE:MANAKSIA,46.95,50.0,46.85,49.65,128244.0
2020-12-07 15:45:00,NSE:MANAKSIA,49.2,49.2,49.2,49.2,971.0
2020-12-08 09:00:00,NSE:MANAKSIA,50.0,50.85,49.3,49.8,27371.0
2020-12-08 09:45:00,NSE:MANAKSIA,49.8,53.0,49.15,52.55,56802.0
2020-12-08 10:30:00,NSE:MANAKSIA,52.8,52.9,50.0,50.5,136230.0
2020-12-08 11:15:00,NSE:MANAKSIA,50.75,50.95,50.1,50.5,11482.0
2020-12-08 12:00:00,NSE:MANAKSIA,50.55,51.0,49.95,50.85,26633.0
2020-12-08 12:45:00,NSE:MANAKSIA,51.0,52.1,50.4,51.55,27809.0
2020-12-08 13:30:00,NSE:MANAKSIA,51.75,51.75,51.0,51.0,5770.0
2020-12-08 14:15:00,NSE:MANAKSIA,51.15,51.7,51.1,51.2,14047.0
2020-12-08 15:00:00,NSE:MANAKSIA,51.3,53.3,50.95,52.8,134099.0
2020-12-09 09:00:00,NSE:MANAKSIA,52.85,54.65,51.15,53.65,48865.0
2020-12-09 09:45:00,NSE:MANAKSIA,53.45,53.7,53.0,53.05,42140.0
2020-12-09 10:30:00,NSE:MANAKSIA,53.25,53.55,53.0,53.05,32832.0
2020-12-09 11:15:00,NSE:MANAKSIA,53.2,54.1,53.0,53.3,39984.0
2020-12-09 12:00:00,NSE:MANAKSIA,53.4,54.55,52.2,53.6,84263.0
2020-12-09 12:45:00,NSE:MANAKSIA,54.65,55.9,54.0,55.75,195514.0
2020-12-09 13:30:00,NSE:MANAKSIA,55.8,56.5,55.0,55.05,79644.0
2020-12-09 14:15:00,NSE:MANAKSIA,55.05,55.45,54.7,54.75,24111.0
2020-12-09 15:00:00,NSE:MANAKSIA,54.95,54.95,53.7,54.25,25753.0
2020-12-09 15:45:00,NSE:MANAKSIA,54.1,54.25,54.1,54.1,1503.0
2020-12-10 09:00:00,NSE:MANAKSIA,54.25,55.4,53.25,53.3,48965.0
2020-12-10 09:45:00,NSE:MANAKSIA,53.5,53.7,51.65,52.5,57334.0
2020-12-10 10:30:00,NSE:MANAKSIA,52.5,53.2,52.25,53.1,36204.0
2020-12-10 11:15:00,NSE:MANAKSIA,53.1,53.55,52.9,53.0,28444.0
2020-12-10 12:00:00,NSE:MANAKSIA,53.05,53.8,52.7,53.6,22964.0
2020-12-10 12:45:00,NSE:MANAKSIA,53.65,53.75,52.95,53.0,20593.0
2020-12-10 13:30:00,NSE:MANAKSIA,53.2,53.2,52.35,52.75,30818.0
2020-12-10 14:15:00,NSE:MANAKSIA,52.75,55.95,52.7,55.35,37298.0
2020-12-10 15:00:00,NSE:MANAKSIA,55.45,56.0,53.7,55.05,64266.0
2020-12-11 09:00:00,NSE:MANAKSIA,55.5,57.4,55.35,56.0,102116.0
2020-12-11 09:45:00,NSE:MANAKSIA,56.0,56.5,55.75,56.3,16266.0
2020-12-11 10:30:00,NSE:MANAKSIA,56.3,56.5,56.0,56.35,27625.0
2020-12-11 11:15:00,NSE:MANAKSIA,56.35,62.5,56.35,61.75,966223.0
2020-12-11 12:00:00,NSE:MANAKSIA,61.55,63.45,61.0,62.7,412405.0
2020-12-11 12:45:00,NSE:MANAKSIA,62.5,64.0,61.4,61.6,391731.0
2020-12-11 13:30:00,NSE:MANAKSIA,61.6,62.5,60.0,60.85,197098.0
2020-12-11 14:15:00,NSE:MANAKSIA,60.65,61.4,60.0,61.1,103210.0
2020-12-11 15:00:00,NSE:MANAKSIA,61.05,61.25,59.85,60.0,161476.0
2020-12-11 15:45:00,NSE:MANAKSIA,60.45,60.45,60.0,60.0,450.0
2020-12-14 09:00:00,NSE:MANAKSIA,61.25,62.85,61.15,62.5,234131.0
2020-12-14 09:45:00,NSE:MANAKSIA,62.4,64.0,62.15,63.05,250469.0
2020-12-14 10:30:00,NSE:MANAKSIA,63.25,64.8,63.0,63.7,176160.0
2020-12-14 11:15:00,NSE:MANAKSIA,63.7,64.05,62.9,63.85,58158.0
2020-12-14 12:00:00,NSE:MANAKSIA,63.9,64.0,63.1,63.55,21923.0
2020-12-14 12:45:00,NSE:MANAKSIA,63.65,63.75,63.2,63.2,14847.0
2020-12-14 13:30:00,NSE:MANAKSIA,63.25,63.25,62.6,62.95,26265.0
2020-12-14 14:15:00,NSE:MANAKSIA,62.95,63.3,62.7,62.9,23656.0
2020-12-14 15:00:00,NSE:MANAKSIA,62.9,63.25,62.8,63.0,62137.0
2020-12-14 15:45:00,NSE:MANAKSIA,63.0,63.0,63.0,63.0,649.0
2020-12-15 09:00:00,NSE:MANAKSIA,63.3,63.45,60.5,60.9,44900.0
2020-12-15 09:45:00,NSE:MANAKSIA,60.8,61.4,60.1,61.15,37336.0
2020-12-15 10:30:00,NSE:MANAKSIA,61.15,61.4,61.0,61.35,13138.0
2020-12-15 11:15:00,NSE:MANAKSIA,61.2,61.8,61.1,61.1,5822.0
2020-12-15 12:00:00,NSE:MANAKSIA,61.1,61.8,60.8,61.8,14709.0
2020-12-15 12:45:00,NSE:MANAKSIA,61.5,61.8,61.2,61.5,6788.0
2020-12-15 13:30:00,NSE:MANAKSIA,61.5,61.65,61.15,61.6,8605.0
2020-12-15 14:15:00,NSE:MANAKSIA,61.4,61.55,60.95,61.4,13092.0
2020-12-15 15:00:00,NSE:MANAKSIA,61.45,61.6,61.05,61.1,16200.0
2020-12-15 15:45:00,NSE:MANAKSIA,61.25,61.25,61.25,61.25,201.0
2020-12-16 09:00:00,NSE:MANAKSIA,64.0,64.0,62.25,62.5,14329.0
2020-12-16 09:45:00,NSE:MANAKSIA,62.3,63.5,61.5,62.55,39833.0
2020-12-16 10:30:00,NSE:MANAKSIA,62.5,62.85,62.2,62.3,5837.0
2020-12-16 11:15:00,NSE:MANAKSIA,62.3,62.45,61.75,61.8,6986.0
2020-12-16 12:00:00,NSE:MANAKSIA,61.8,62.4,61.5,61.9,6607.0
2020-12-16 12:45:00,NSE:MANAKSIA,61.95,62.0,61.65,61.8,3978.0
2020-12-16 13:30:00,NSE:MANAKSIA,62.0,62.0,61.8,61.9,6867.0
2020-12-16 14:15:00,NSE:MANAKSIA,61.8,62.3,61.6,61.65,9785.0
2020-12-16 15:00:00,NSE:MANAKSIA,61.75,61.75,61.0,61.35,19572.0
2020-12-16 15:45:00,NSE:MANAKSIA,61.35,61.35,61.35,61.35,560.0
2020-12-17 09:00:00,NSE:MANAKSIA,61.35,61.35,60.55,61.0,7995.0
2020-12-17 09:45:00,NSE:MANAKSIA,60.95,61.0,60.55,60.75,14371.0
2020-12-17 10:30:00,NSE:MANAKSIA,60.7,61.0,60.0,60.65,21058.0
2020-12-17 11:15:00,NSE:MANAKSIA,60.9,60.9,60.05,60.3,10749.0
2020-12-17 12:00:00,NSE:MANAKSIA,60.25,60.3,59.55,59.9,19693.0
2020-12-17 12:45:00,NSE:MANAKSIA,59.85,60.2,59.55,60.15,12279.0
2020-12-17 13:30:00,NSE:MANAKSIA,60.05,60.2,59.5,59.9,9065.0
2020-12-17 14:15:00,NSE:MANAKSIA,59.6,59.7,58.1,58.4,34568.0
2020-12-17 15:00:00,NSE:MANAKSIA,58.4,58.4,58.1,58.4,15003.0
2020-12-17 15:45:00,NSE:MANAKSIA,58.25,58.4,58.25,58.25,12.0
2020-12-18 09:00:00,NSE:MANAKSIA,58.5,59.85,56.05,56.4,41878.0
2020-12-18 09:45:00,NSE:MANAKSIA,56.4,57.45,56.25,57.2,15618.0
2020-12-18 10:30:00,NSE:MANAKSIA,57.0,57.7,56.6,57.6,8578.0
2020-12-18 11:15:00,NSE:MANAKSIA,57.15,57.4,56.0,56.85,14605.0
2020-12-18 12:00:00,NSE:MANAKSIA,56.85,56.85,56.25,56.35,6002.0
2020-12-18 12:45:00,NSE:MANAKSIA,56.6,57.7,56.4,57.6,5732.0
2020-12-18 13:30:00,NSE:MANAKSIA,57.6,57.6,56.55,56.85,10844.0
2020-12-18 14:15:00,NSE:MANAKSIA,56.95,56.95,56.35,56.8,8153.0
2020-12-18 15:00:00,NSE:MANAKSIA,56.8,57.35,56.5,56.95,17539.0
2020-12-18 15:45:00,NSE:MANAKSIA,56.85,56.85,56.85,56.85,100.0
2020-12-21 09:00:00,NSE:MANAKSIA,57.7,57.75,55.2,56.35,11490.0
2020-12-21 09:45:00,NSE:MANAKSIA,56.35,56.95,56.0,56.8,6180.0
2020-12-21 10:30:00,NSE:MANAKSIA,56.85,57.0,56.3,56.9,4226.0
2020-12-21 11:15:00,NSE:MANAKSIA,56.7,57.0,55.7,56.0,8136.0
2020-12-21 12:00:00,NSE:MANAKSIA,56.0,56.2,55.0,55.65,10849.0
2020-12-21 12:45:00,NSE:MANAKSIA,55.9,55.9,54.9,55.2,5861.0
2020-12-21 13:30:00,NSE:MANAKSIA,55.3,55.3,52.3,53.05,15774.0
2020-12-21 14:15:00,NSE:MANAKSIA,53.05,53.05,50.0,50.0,32294.0
2020-12-21 15:00:00,NSE:MANAKSIA,50.55,52.35,50.55,51.75,24001.0
2020-12-22 09:00:00,NSE:MANAKSIA,51.75,52.95,41.4,47.75,63490.0
2020-12-22 09:45:00,NSE:MANAKSIA,47.75,51.0,47.6,50.75,21879.0
2020-12-22 10:30:00,NSE:MANAKSIA,50.75,51.45,50.45,51.1,9179.0
2020-12-22 11:15:00,NSE:MANAKSIA,51.1,51.15,50.6,50.85,8218.0
2020-12-22 12:00:00,NSE:MANAKSIA,50.8,50.85,50.6,50.8,1953.0
2020-12-22 12:45:00,NSE:MANAKSIA,50.9,51.05,50.8,51.05,2469.0
2020-12-22 13:30:00,NSE:MANAKSIA,51.1,52.95,51.0,52.9,8197.0
2020-12-22 14:15:00,NSE:MANAKSIA,52.9,52.95,50.25,52.2,24124.0
2020-12-22 15:00:00,NSE:MANAKSIA,52.25,52.4,51.1,52.0,15692.0
2020-12-23 09:00:00,NSE:MANAKSIA,52.0,53.7,51.65,52.6,6116.0
2020-12-23 09:45:00,NSE:MANAKSIA,52.6,53.0,52.55,52.9,9601.0
2020-12-23 10:30:00,NSE:MANAKSIA,52.85,54.45,52.85,54.0,5470.0
2020-12-23 11:15:00,NSE:MANAKSIA,53.75,54.35,53.55,54.25,4832.0
2020-12-23 12:00:00,NSE:MANAKSIA,53.9,54.9,53.9,54.55,6734.0
2020-12-23 12:45:00,NSE:MANAKSIA,54.8,54.95,53.9,54.5,6737.0
2020-12-23 13:30:00,NSE:MANAKSIA,54.1,54.15,53.5,53.5,5401.0
2020-12-23 14:15:00,NSE:MANAKSIA,53.5,54.05,53.45,54.0,7935.0
2020-12-23 15:00:00,NSE:MANAKSIA,53.85,54.15,53.5,54.05,9401.0
2020-12-24 09:00:00,NSE:MANAKSIA,56.15,56.5,54.65,56.45,12780.0
2020-12-24 09:45:00,NSE:MANAKSIA,56.5,56.5,55.8,56.4,15743.0
2020-12-24 10:30:00,NSE:MANAKSIA,56.5,56.55,55.8,55.9,8806.0
2020-12-24 11:15:00,NSE:MANAKSIA,55.8,55.8,55.05,55.3,7677.0
2020-12-24 12:00:00,NSE:MANAKSIA,55.35,55.45,55.05,55.4,3383.0
2020-12-24 12:45:00,NSE:MANAKSIA,55.4,55.45,55.15,55.4,1095.0
2020-12-24 13:30:00,NSE:MANAKSIA,55.45,55.6,55.2,55.3,1786.0
2020-12-24 14:15:00,NSE:MANAKSIA,55.35,55.7,55.35,55.5,5796.0
2020-12-24 15:00:00,NSE:MANAKSIA,55.4,55.6,55.3,55.55,9083.0
2020-12-28 09:00:00,NSE:MANAKSIA,57.1,57.5,56.2,57.2,32222.0
2020-12-28 09:45:00,NSE:MANAKSIA,57.15,58.2,57.1,57.9,34958.0
2020-12-28 10:30:00,NSE:MANAKSIA,58.05,58.2,57.75,58.0,6961.0
2020-12-28 11:15:00,NSE:MANAKSIA,58.0,58.4,57.75,58.4,5703.0
2020-12-28 12:00:00,NSE:MANAKSIA,58.25,58.65,58.1,58.6,8533.0
2020-12-28 12:45:00,NSE:MANAKSIA,58.25,58.8,58.05,58.1,7348.0
2020-12-28 13:30:00,NSE:MANAKSIA,58.1,58.65,58.1,58.45,6345.0
2020-12-28 14:15:00,NSE:MANAKSIA,58.3,58.65,58.2,58.55,4825.0
2020-12-28 15:00:00,NSE:MANAKSIA,58.55,58.6,58.2,58.45,9432.0
2020-12-28 15:45:00,NSE:MANAKSIA,58.45,58.45,58.45,58.45,350.0
2020-12-29 09:00:00,NSE:MANAKSIA,59.5,61.6,58.85,61.05,37132.0
2020-12-29 09:45:00,NSE:MANAKSIA,61.1,61.25,59.65,59.9,16157.0
2020-12-29 10:30:00,NSE:MANAKSIA,59.85,59.85,58.0,58.4,20183.0
2020-12-29 11:15:00,NSE:MANAKSIA,58.4,59.6,58.05,59.25,10622.0
2020-12-29 12:00:00,NSE:MANAKSIA,59.15,59.25,58.65,58.7,2787.0
2020-12-29 12:45:00,NSE:MANAKSIA,58.6,58.7,58.1,58.6,9541.0
2020-12-29 13:30:00,NSE:MANAKSIA,58.6,58.9,58.55,58.9,3493.0
2020-12-29 14:15:00,NSE:MANAKSIA,58.9,59.0,58.65,58.95,4018.0
2020-12-29 15:00:00,NSE:MANAKSIA,58.85,59.45,58.55,58.8,8203.0
2020-12-30 09:00:00,NSE:MANAKSIA,58.7,59.75,58.55,59.75,6810.0
2020-12-30 09:45:00,NSE:MANAKSIA,59.7,59.7,58.6,58.85,5383.0
2020-12-30 10:30:00,NSE:MANAKSIA,58.85,58.85,58.6,58.8,1061.0
2020-12-30 11:15:00,NSE:MANAKSIA,58.7,58.85,58.05,58.3,4346.0
2020-12-30 12:00:00,NSE:MANAKSIA,58.35,58.35,57.4,57.6,8565.0
2020-12-30 12:45:00,NSE:MANAKSIA,57.6,58.2,57.6,58.15,3201.0
2020-12-30 13:30:00,NSE:MANAKSIA,58.1,58.65,58.0,58.65,5744.0
2020-12-30 14:15:00,NSE:MANAKSIA,58.65,58.65,58.25,58.5,3180.0
2020-12-30 15:00:00,NSE:MANAKSIA,58.45,59.35,58.4,58.45,3512.0
2020-12-31 09:00:00,NSE:MANAKSIA,58.7,59.6,58.25,58.55,5352.0
2020-12-31 09:45:00,NSE:MANAKSIA,59.2,59.2,57.4,58.15,14224.0
2020-12-31 10:30:00,NSE:MANAKSIA,58.15,58.5,57.75,57.9,6262.0
2020-12-31 11:15:00,NSE:MANAKSIA,58.0,58.0,57.7,57.95,4310.0
2020-12-31 12:00:00,NSE:MANAKSIA,58.0,58.0,57.7,58.0,4250.0
2020-12-31 12:45:00,NSE:MANAKSIA,57.8,58.6,57.8,58.35,2884.0
2020-12-31 13:30:00,NSE:MANAKSIA,58.35,58.35,57.85,57.9,10538.0
2020-12-31 14:15:00,NSE:MANAKSIA,57.8,58.0,57.75,58.0,5346.0
2020-12-31 15:00:00,NSE:MANAKSIA,57.95,58.0,57.4,57.8,10243.0
2020-12-31 15:45:00,NSE:MANAKSIA,57.8,57.8,57.65,57.65,301.0
2021-01-01 09:00:00,NSE:MANAKSIA,57.8,59.0,56.95,58.25,3853.0
2021-01-01 09:45:00,NSE:MANAKSIA,58.4,58.5,57.9,58.25,11443.0
2021-01-01 10:30:00,NSE:MANAKSIA,58.4,59.3,58.0,58.7,9739.0
2021-01-01 11:15:00,NSE:MANAKSIA,58.35,59.0,58.15,59.0,8204.0
2021-01-01 12:00:00,NSE:MANAKSIA,58.65,58.75,58.4,58.75,1300.0
2021-01-01 12:45:00,NSE:MANAKSIA,58.5,58.8,58.2,58.2,2114.0
2021-01-01 13:30:00,NSE:MANAKSIA,58.3,58.75,58.2,58.65,2275.0
2021-01-01 14:15:00,NSE:MANAKSIA,58.65,58.85,58.25,58.5,5694.0
2021-01-01 15:00:00,NSE:MANAKSIA,58.5,58.55,58.15,58.15,10309.0
2021-01-04 09:00:00,NSE:MANAKSIA,59.0,61.0,58.95,59.8,42360.0
2021-01-04 09:45:00,NSE:MANAKSIA,59.6,59.75,59.0,59.2,16629.0
2021-01-04 10:30:00,NSE:MANAKSIA,59.2,59.5,57.7,58.5,19470.0
2021-01-04 11:15:00,NSE:MANAKSIA,58.5,59.05,58.2,59.05,8742.0
2021-01-04 12:00:00,NSE:MANAKSIA,59.15,59.65,59.0,59.4,10170.0
2021-01-04 12:45:00,NSE:MANAKSIA,59.4,59.7,59.25,59.3,1717.0
2021-01-04 13:30:00,NSE:MANAKSIA,59.5,59.7,59.4,59.5,6448.0
2021-01-04 14:15:00,NSE:MANAKSIA,59.3,59.4,59.15,59.2,6883.0
2021-01-04 15:00:00,NSE:MANAKSIA,59.2,59.45,59.05,59.35,8202.0
2021-01-04 15:45:00,NSE:MANAKSIA,59.35,59.35,59.35,59.35,526.0
2021-01-05 09:00:00,NSE:MANAKSIA,59.4,59.4,57.75,58.85,12491.0
2021-01-05 09:45:00,NSE:MANAKSIA,58.5,58.85,58.1,58.35,7266.0
2021-01-05 10:30:00,NSE:MANAKSIA,58.4,58.4,57.8,58.1,19047.0
2021-01-05 11:15:00,NSE:MANAKSIA,58.2,58.5,58.1,58.3,8029.0
2021-01-05 12:00:00,NSE:MANAKSIA,58.3,58.7,58.3,58.55,7946.0
2021-01-05 12:45:00,NSE:MANAKSIA,58.7,58.75,58.35,58.5,2496.0
2021-01-05 13:30:00,NSE:MANAKSIA,58.35,58.55,58.2,58.45,8548.0
2021-01-05 14:15:00,NSE:MANAKSIA,58.3,58.45,58.0,58.0,11653.0
2021-01-05 15:00:00,NSE:MANAKSIA,58.35,58.45,58.0,58.2,7390.0
2021-01-05 15:45:00,NSE:MANAKSIA,58.2,58.2,58.2,58.2,60.0
2021-01-06 09:00:00,NSE:MANAKSIA,59.95,59.95,58.0,58.65,8697.0
2021-01-06 09:45:00,NSE:MANAKSIA,58.65,58.95,57.75,57.85,8721.0
2021-01-06 10:30:00,NSE:MANAKSIA,57.9,58.0,57.75,57.75,8607.0
2021-01-06 11:15:00,NSE:MANAKSIA,57.85,57.95,57.7,57.85,4817.0
2021-01-06 12:00:00,NSE:MANAKSIA,57.95,58.0,57.85,57.85,1479.0
2021-01-06 12:45:00,NSE:MANAKSIA,57.85,58.0,57.15,57.6,12793.0
2021-01-06 13:30:00,NSE:MANAKSIA,57.3,57.7,56.5,56.65,10840.0
2021-01-06 14:15:00,NSE:MANAKSIA,57.35,57.75,57.0,57.75,5980.0
2021-01-06 15:00:00,NSE:MANAKSIA,57.5,57.7,57.35,57.35,5685.0
2021-01-07 09:00:00,NSE:MANAKSIA,57.7,58.5,57.7,58.15,2838.0
2021-01-07 09:45:00,NSE:MANAKSIA,58.4,58.45,58.05,58.25,10905.0
2021-01-07 10:30:00,NSE:MANAKSIA,58.2,58.3,56.7,57.8,17168.0
2021-01-07 11:15:00,NSE:MANAKSIA,57.8,58.15,57.55,58.0,6837.0
2021-01-07 12:00:00,NSE:MANAKSIA,58.05,58.35,57.75,58.3,6140.0
2021-01-07 12:45:00,NSE:MANAKSIA,58.3,58.45,58.05,58.05,12444.0
2021-01-07 13:30:00,NSE:MANAKSIA,58.05,58.1,57.7,57.7,2012.0
2021-01-07 14:15:00,NSE:MANAKSIA,57.7,57.9,57.6,57.85,4490.0
2021-01-07 15:00:00,NSE:MANAKSIA,57.55,58.0,57.05,57.5,10288.0
2021-01-07 15:45:00,NSE:MANAKSIA,57.45,57.5,57.45,57.45,626.0
2021-01-08 09:00:00,NSE:MANAKSIA,58.5,58.5,57.5,57.8,3932.0
2021-01-08 09:45:00,NSE:MANAKSIA,57.8,57.8,57.3,57.3,6832.0
2021-01-08 10:30:00,NSE:MANAKSIA,57.65,57.95,57.4,57.85,5229.0
2021-01-08 11:15:00,NSE:MANAKSIA,57.85,57.85,57.45,57.5,2357.0
2021-01-08 12:00:00,NSE:MANAKSIA,57.45,57.95,57.15,57.95,9289.0
2021-01-08 12:45:00,NSE:MANAKSIA,57.95,57.95,57.5,57.55,3852.0
2021-01-08 13:30:00,NSE:MANAKSIA,57.6,57.65,57.35,57.55,2215.0
2021-01-08 14:15:00,NSE:MANAKSIA,57.55,57.6,57.4,57.55,2172.0
2021-01-08 15:00:00,NSE:MANAKSIA,57.55,57.9,57.15,57.7,7048.0
2021-01-11 09:00:00,NSE:MANAKSIA,59.75,59.75,57.25,57.35,8208.0
2021-01-11 09:45:00,NSE:MANAKSIA,57.35,57.4,56.7,57.15,10364.0
2021-01-11 10:30:00,NSE:MANAKSIA,57.0,57.3,56.25,56.95,9900.0
2021-01-11 11:15:00,NSE:MANAKSIA,56.9,57.1,56.7,57.0,3709.0
2021-01-11 12:00:00,NSE:MANAKSIA,56.85,57.15,56.7,56.75,8904.0
2021-01-11 12:45:00,NSE:MANAKSIA,56.7,56.85,56.45,56.75,11743.0
2021-01-11 13:30:00,NSE:MANAKSIA,56.75,56.85,56.45,56.7,4837.0
2021-01-11 14:15:00,NSE:MANAKSIA,56.55,56.7,56.35,56.65,6738.0
2021-01-11 15:00:00,NSE:MANAKSIA,56.7,56.75,56.4,56.4,5904.0
2021-01-11 15:45:00,NSE:MANAKSIA,56.6,56.6,56.6,56.6,1500.0
2021-01-12 09:00:00,NSE:MANAKSIA,57.5,57.5,55.8,56.25,10844.0
2021-01-12 09:45:00,NSE:MANAKSIA,56.2,56.2,55.9,56.2,9944.0
2021-01-12 10:30:00,NSE:MANAKSIA,56.05,56.3,55.8,55.85,8608.0
2021-01-12 11:15:00,NSE:MANAKSIA,56.0,56.0,55.5,56.0,11849.0
2021-01-12 12:00:00,NSE:MANAKSIA,56.0,56.1,55.85,55.9,5807.0
2021-01-12 12:45:00,NSE:MANAKSIA,56.0,56.0,55.75,56.0,3864.0
2021-01-12 13:30:00,NSE:MANAKSIA,56.05,56.25,55.8,56.15,3281.0
2021-01-12 14:15:00,NSE:MANAKSIA,56.1,56.25,55.95,56.25,2736.0
2021-01-12 15:00:00,NSE:MANAKSIA,56.2,56.2,56.0,56.1,6438.0
2021-01-12 15:45:00,NSE:MANAKSIA,56.1,56.1,56.1,56.1,1007.0
2021-01-13 09:00:00,NSE:MANAKSIA,56.1,56.85,55.55,56.25,13577.0
2021-01-13 09:45:00,NSE:MANAKSIA,56.25,56.75,55.8,56.15,14981.0
2021-01-13 10:30:00,NSE:MANAKSIA,56.25,56.25,55.45,55.5,13533.0
2021-01-13 11:15:00,NSE:MANAKSIA,55.6,55.65,55.25,55.25,9072.0
2021-01-13 12:00:00,NSE:MANAKSIA,55.45,55.45,55.25,55.3,1359.0
2021-01-13 12:45:00,NSE:MANAKSIA,55.4,55.55,55.25,55.55,4129.0
2021-01-13 13:30:00,NSE:MANAKSIA,55.4,55.65,55.05,55.15,3674.0
2021-01-13 14:15:00,NSE:MANAKSIA,55.35,55.65,55.0,55.35,8771.0
2021-01-13 15:00:00,NSE:MANAKSIA,55.4,55.4,55.0,55.15,6407.0
2021-01-13 15:45:00,NSE:MANAKSIA,55.15,55.15,55.15,55.15,372.0
2021-01-14 09:00:00,NSE:MANAKSIA,55.0,56.0,54.8,55.2,3846.0
2021-01-14 09:45:00,NSE:MANAKSIA,55.35,55.35,54.6,54.75,5730.0
2021-01-14 10:30:00,NSE:MANAKSIA,54.95,55.3,54.15,55.0,86569.0
2021-01-14 11:15:00,NSE:MANAKSIA,54.75,54.95,54.4,54.9,9058.0
2021-01-14 12:00:00,NSE:MANAKSIA,54.9,54.95,54.55,54.65,7876.0
2021-01-14 12:45:00,NSE:MANAKSIA,54.8,54.8,54.6,54.75,1641.0
2021-01-14 13:30:00,NSE:MANAKSIA,54.75,55.3,54.6,55.2,22048.0
2021-01-14 14:15:00,NSE:MANAKSIA,55.0,55.3,54.55,55.25,6671.0
2021-01-14 15:00:00,NSE:MANAKSIA,55.25,55.3,54.5,54.85,5945.0
2021-01-14 15:45:00,NSE:MANAKSIA,54.85,54.85,54.6,54.6,340.0
2021-01-15 09:00:00,NSE:MANAKSIA,55.75,56.45,55.0,55.45,4307.0
2021-01-15 09:45:00,NSE:MANAKSIA,55.6,55.6,54.75,54.75,4723.0
2021-01-15 10:30:00,NSE:MANAKSIA,54.95,54.95,54.5,54.7,1949.0
2021-01-15 11:15:00,NSE:MANAKSIA,54.9,54.9,54.5,54.75,3484.0
2021-01-15 12:00:00,NSE:MANAKSIA,54.75,54.9,54.5,54.65,1608.0
2021-01-15 12:45:00,NSE:MANAKSIA,54.85,55.7,54.85,55.2,1717.0
2021-01-15 13:30:00,NSE:MANAKSIA,55.45,55.45,54.9,55.15,1778.0
2021-01-15 14:15:00,NSE:MANAKSIA,55.0,55.2,54.7,54.95,2903.0
2021-01-15 15:00:00,NSE:MANAKSIA,54.95,55.2,54.5,55.0,3073.0
2021-01-18 09:00:00,NSE:MANAKSIA,54.85,54.85,53.6,54.25,8669.0
2021-01-18 09:45:00,NSE:MANAKSIA,54.25,54.75,53.7,54.1,7735.0
2021-01-18 10:30:00,NSE:MANAKSIA,54.35,54.4,53.65,53.7,8095.0
2021-01-18 11:15:00,NSE:MANAKSIA,53.85,53.95,53.65,53.9,4547.0
2021-01-18 12:00:00,NSE:MANAKSIA,53.9,54.0,53.55,53.9,3102.0
2021-01-18 12:45:00,NSE:MANAKSIA,54.0,54.5,54.0,54.35,7142.0
2021-01-18 13:30:00,NSE:MANAKSIA,54.35,54.35,53.9,54.3,1973.0
2021-01-18 14:15:00,NSE:MANAKSIA,54.15,54.4,54.1,54.3,1789.0
2021-01-18 15:00:00,NSE:MANAKSIA,54.2,54.45,53.8,53.8,5045.0
2021-01-19 09:00:00,NSE:MANAKSIA,54.05,55.5,54.05,54.85,10145.0
2021-01-19 09:45:00,NSE:MANAKSIA,54.85,54.85,54.5,54.85,2091.0
2021-01-19 10:30:00,NSE:MANAKSIA,54.85,54.85,54.4,54.65,1995.0
2021-01-19 11:15:00,NSE:MANAKSIA,54.65,54.85,54.65,54.65,663.0
2021-01-19 12:00:00,NSE:MANAKSIA,54.85,54.95,54.65,54.95,1114.0
2021-01-19 12:45:00,NSE:MANAKSIA,54.95,55.15,53.65,54.1,26324.0
2021-01-19 13:30:00,NSE:MANAKSIA,54.0,54.2,53.7,53.95,8116.0
2021-01-19 14:15:00,NSE:MANAKSIA,54.0,54.1,53.9,54.1,6001.0
2021-01-19 15:00:00,NSE:MANAKSIA,54.1,54.35,53.8,54.2,4881.0
2021-01-19 15:45:00,NSE:MANAKSIA,54.0,54.0,54.0,54.0,851.0
2021-01-20 09:00:00,NSE:MANAKSIA,54.8,55.5,54.2,54.2,2641.0
2021-01-20 09:45:00,NSE:MANAKSIA,54.5,54.85,54.25,54.8,3878.0
2021-01-20 10:30:00,NSE:MANAKSIA,54.55,55.0,54.5,54.65,1372.0
2021-01-20 11:15:00,NSE:MANAKSIA,54.7,54.95,54.3,54.95,1297.0
2021-01-20 12:00:00,NSE:MANAKSIA,54.8,54.95,54.2,54.45,5523.0
2021-01-20 12:45:00,NSE:MANAKSIA,54.3,54.45,53.6,54.0,2882.0
2021-01-20 13:30:00,NSE:MANAKSIA,54.2,54.5,53.85,54.0,2496.0
2021-01-20 14:15:00,NSE:MANAKSIA,54.15,54.45,54.0,54.05,1040.0
2021-01-20 15:00:00,NSE:MANAKSIA,54.0,54.3,53.65,53.65,6797.0
2021-01-21 09:00:00,NSE:MANAKSIA,54.95,54.95,53.85,54.1,1973.0
2021-01-21 09:45:00,NSE:MANAKSIA,54.1,54.25,53.8,54.2,3482.0
2021-01-21 10:30:00,NSE:MANAKSIA,54.15,54.25,54.05,54.2,924.0
2021-01-21 11:15:00,NSE:MANAKSIA,54.15,54.2,54.0,54.1,1794.0
2021-01-21 12:00:00,NSE:MANAKSIA,54.1,54.1,53.9,54.0,2428.0
2021-01-21 12:45:00,NSE:MANAKSIA,54.0,54.1,53.95,53.95,657.0
2021-01-21 13:30:00,NSE:MANAKSIA,53.9,54.0,53.8,54.0,1059.0
2021-01-21 14:15:00,NSE:MANAKSIA,53.8,54.0,53.5,53.75,5989.0
2021-01-21 15:00:00,NSE:MANAKSIA,53.75,53.85,52.7,53.2,13906.0
2021-01-22 09:00:00,NSE:MANAKSIA,54.5,54.5,53.05,53.65,2284.0
2021-01-22 09:45:00,NSE:MANAKSIA,53.55,53.55,53.0,53.3,1393.0
2021-01-22 10:30:00,NSE:MANAKSIA,53.45,53.45,53.0,53.3,13246.0
2021-01-22 11:15:00,NSE:MANAKSIA,53.05,53.3,53.0,53.2,1941.0
2021-01-22 12:00:00,NSE:MANAKSIA,53.05,53.25,52.85,53.0,2951.0
2021-01-22 12:45:00,NSE:MANAKSIA,53.0,53.0,52.4,52.65,3892.0
2021-01-22 13:30:00,NSE:MANAKSIA,52.65,53.0,52.5,52.95,3757.0
2021-01-22 14:15:00,NSE:MANAKSIA,52.75,53.25,52.6,52.75,3263.0
2021-01-22 15:00:00,NSE:MANAKSIA,52.75,53.25,52.25,52.55,5705.0
2021-01-22 15:45:00,NSE:MANAKSIA,52.55,52.55,52.55,52.55,75.0
2021-01-25 09:00:00,NSE:MANAKSIA,53.65,53.65,52.05,52.05,4537.0
2021-01-25 09:45:00,NSE:MANAKSIA,51.45,52.5,51.1,52.5,7603.0
2021-01-25 10:30:00,NSE:MANAKSIA,52.7,52.8,52.3,52.7,3821.0
2021-01-25 11:15:00,NSE:MANAKSIA,52.7,52.75,52.35,52.35,2432.0
2021-01-25 12:00:00,NSE:MANAKSIA,52.0,52.4,52.0,52.05,2376.0
2021-01-25 12:45:00,NSE:MANAKSIA,52.05,52.4,51.8,52.4,3939.0
2021-01-25 13:30:00,NSE:MANAKSIA,51.95,52.4,51.85,51.95,3589.0
2021-01-25 14:15:00,NSE:MANAKSIA,52.35,52.45,52.0,52.45,868.0
2021-01-25 15:00:00,NSE:MANAKSIA,52.4,52.4,50.4,50.8,7116.0
2021-01-25 15:45:00,NSE:MANAKSIA,51.45,51.45,51.45,51.45,45.0
2021-01-27 09:00:00,NSE:MANAKSIA,51.5,53.6,51.5,52.3,8939.0
2021-01-27 09:45:00,NSE:MANAKSIA,52.3,52.95,52.3,52.8,2365.0
2021-01-27 10:30:00,NSE:MANAKSIA,52.8,52.95,52.55,52.95,2092.0
2021-01-27 11:15:00,NSE:MANAKSIA,52.9,53.0,52.5,52.6,1381.0
2021-01-27 12:00:00,NSE:MANAKSIA,52.5,52.6,51.85,52.15,10498.0
2021-01-27 12:45:00,NSE:MANAKSIA,52.15,52.5,52.15,52.5,2195.0
2021-01-27 13:30:00,NSE:MANAKSIA,52.45,52.45,52.05,52.4,1714.0
2021-01-27 14:15:00,NSE:MANAKSIA,52.4,52.4,51.8,51.95,5161.0
2021-01-27 15:00:00,NSE:MANAKSIA,51.95,52.5,51.8,52.05,3667.0
2021-01-28 09:00:00,NSE:MANAKSIA,52.05,52.05,50.7,51.8,4262.0
2021-01-28 09:45:00,NSE:MANAKSIA,51.15,52.5,51.05,51.5,21137.0
2021-01-28 10:30:00,NSE:MANAKSIA,51.5,51.6,51.1,51.6,2158.0
2021-01-28 11:15:00,NSE:MANAKSIA,51.75,51.75,51.45,51.75,4057.0
2021-01-28 12:00:00,NSE:MANAKSIA,51.55,51.7,51.1,51.55,5002.0
2021-01-28 12:45:00,NSE:MANAKSIA,51.7,51.7,51.25,51.6,1568.0
2021-01-28 13:30:00,NSE:MANAKSIA,51.55,51.75,51.25,51.7,1081.0
2021-01-28 14:15:00,NSE:MANAKSIA,51.5,51.7,51.25,51.5,1611.0
2021-01-28 15:00:00,NSE:MANAKSIA,51.5,51.6,51.0,51.5,4688.0
2021-01-29 09:00:00,NSE:MANAKSIA,53.0,53.0,51.75,52.3,1306.0
2021-01-29 09:45:00,NSE:MANAKSIA,52.05,52.35,51.65,52.05,2479.0
2021-01-29 10:30:00,NSE:MANAKSIA,52.15,52.2,52.0,52.2,879.0
2021-01-29 11:15:00,NSE:MANAKSIA,52.2,52.9,52.2,52.5,6204.0
2021-01-29 12:00:00,NSE:MANAKSIA,52.2,52.2,52.05,52.05,4268.0
2021-01-29 12:45:00,NSE:MANAKSIA,52.2,52.45,52.2,52.45,663.0
2021-01-29 13:30:00,NSE:MANAKSIA,52.2,52.2,51.0,51.5,8383.0
2021-01-29 14:15:00,NSE:MANAKSIA,51.55,52.35,51.5,51.6,2044.0
2021-01-29 15:00:00,NSE:MANAKSIA,51.6,51.6,51.0,51.55,7297.0
2021-02-01 09:00:00,NSE:MANAKSIA,52.75,52.75,51.6,51.75,1464.0
2021-02-01 09:45:00,NSE:MANAKSIA,51.85,51.9,51.05,51.75,4542.0
2021-02-01 10:30:00,NSE:MANAKSIA,51.85,51.95,51.5,51.8,505.0
2021-02-01 11:15:00,NSE:MANAKSIA,51.8,51.9,51.75,51.75,794.0
2021-02-01 12:00:00,NSE:MANAKSIA,51.5,51.8,51.3,51.45,1898.0
2021-02-01 12:45:00,NSE:MANAKSIA,51.45,51.75,51.45,51.75,1498.0
2021-02-01 13:30:00,NSE:MANAKSIA,51.5,51.8,51.5,51.75,1935.0
2021-02-01 14:15:00,NSE:MANAKSIA,51.75,51.8,51.15,51.6,4046.0
2021-02-01 15:00:00,NSE:MANAKSIA,51.6,51.85,51.6,51.6,2927.0
2021-02-02 09:00:00,NSE:MANAKSIA,52.9,53.0,51.7,52.65,3952.0
2021-02-02 09:45:00,NSE:MANAKSIA,52.7,52.95,52.0,52.3,5621.0
2021-02-02 10:30:00,NSE:MANAKSIA,52.2,52.2,51.85,52.15,937.0
2021-02-02 11:15:00,NSE:MANAKSIA,52.05,52.25,51.85,52.25,3592.0
2021-02-02 12:00:00,NSE:MANAKSIA,51.8,52.15,51.8,51.9,1979.0
2021-02-02 12:45:00,NSE:MANAKSIA,51.8,52.0,51.8,52.0,1552.0
2021-02-02 13:30:00,NSE:MANAKSIA,52.0,52.1,51.65,52.05,7884.0
2021-02-02 14:15:00,NSE:MANAKSIA,52.0,52.4,52.0,52.15,3073.0
2021-02-02 15:00:00,NSE:MANAKSIA,52.25,52.35,51.8,51.8,2365.0
2021-02-03 09:00:00,NSE:MANAKSIA,52.75,52.8,52.1,52.3,2506.0
2021-02-03 09:45:00,NSE:MANAKSIA,52.4,52.7,52.0,52.4,4344.0
2021-02-03 10:30:00,NSE:MANAKSIA,52.25,52.4,51.3,52.2,9586.0
2021-02-03 11:15:00,NSE:MANAKSIA,52.4,52.4,52.0,52.25,1553.0
2021-02-03 12:00:00,NSE:MANAKSIA,52.2,52.4,52.05,52.35,1104.0
2021-02-03 12:45:00,NSE:MANAKSIA,52.25,52.5,52.0,52.5,4176.0
2021-02-03 13:30:00,NSE:MANAKSIA,52.15,52.45,52.15,52.45,918.0
2021-02-03 14:15:00,NSE:MANAKSIA,52.2,52.5,52.2,52.45,7759.0
2021-02-03 15:00:00,NSE:MANAKSIA,52.4,52.5,52.15,52.15,5226.0
2021-02-04 09:00:00,NSE:MANAKSIA,52.25,52.8,52.25,52.8,2025.0
2021-02-04 09:45:00,NSE:MANAKSIA,52.8,55.7,52.7,54.7,22412.0
2021-02-04 10:30:00,NSE:MANAKSIA,54.7,54.85,54.3,54.65,4771.0
2021-02-04 11:15:00,NSE:MANAKSIA,54.65,54.7,53.95,54.45,12030.0
2021-02-04 12:00:00,NSE:MANAKSIA,54.45,54.45,53.5,53.8,8017.0
2021-02-04 12:45:00,NSE:MANAKSIA,53.8,53.8,53.2,53.35,5731.0
2021-02-04 13:30:00,NSE:MANAKSIA,53.5,53.5,53.35,53.5,1046.0
2021-02-04 14:15:00,NSE:MANAKSIA,53.7,54.15,53.35,54.15,3381.0
2021-02-04 15:00:00,NSE:MANAKSIA,54.0,54.15,53.4,54.0,2886.0
2021-02-05 09:00:00,NSE:MANAKSIA,54.25,55.4,54.25,54.5,6023.0
2021-02-05 09:45:00,NSE:MANAKSIA,54.7,54.75,54.3,54.35,2812.0
2021-02-05 10:30:00,NSE:MANAKSIA,54.35,54.4,53.7,53.7,4619.0
2021-02-05 11:15:00,NSE:MANAKSIA,54.05,54.05,53.5,54.0,3102.0
2021-02-05 12:00:00,NSE:MANAKSIA,53.9,54.3,53.9,54.0,1110.0
2021-02-05 12:45:00,NSE:MANAKSIA,54.25,54.3,53.95,54.1,1184.0
2021-02-05 13:30:00,NSE:MANAKSIA,54.1,54.1,53.9,54.1,832.0
2021-02-05 14:15:00,NSE:MANAKSIA,53.95,54.15,53.6,53.75,3110.0
2021-02-05 15:00:00,NSE:MANAKSIA,53.75,53.9,53.05,53.9,6257.0
2021-02-08 09:00:00,NSE:MANAKSIA,54.85,54.85,53.15,53.15,5248.0
2021-02-08 09:45:00,NSE:MANAKSIA,53.35,54.8,53.25,53.9,9051.0
2021-02-08 10:30:00,NSE:MANAKSIA,53.9,54.45,53.45,54.45,3967.0
2021-02-08 11:15:00,NSE:MANAKSIA,54.0,54.5,53.3,53.55,5288.0
2021-02-08 12:00:00,NSE:MANAKSIA,53.4,54.4,53.25,54.25,1910.0
2021-02-08 12:45:00,NSE:MANAKSIA,54.1,54.35,53.5,54.35,578.0
2021-02-08 13:30:00,NSE:MANAKSIA,54.3,54.4,54.1,54.3,1528.0
2021-02-08 14:15:00,NSE:MANAKSIA,54.35,54.4,52.55,53.4,13860.0
2021-02-08 15:00:00,NSE:MANAKSIA,53.3,53.4,53.0,53.4,2168.0
2021-02-09 09:00:00,NSE:MANAKSIA,54.2,55.0,53.7,54.6,5625.0
2021-02-09 09:45:00,NSE:MANAKSIA,54.4,54.55,54.0,54.1,3787.0
2021-02-09 10:30:00,NSE:MANAKSIA,54.25,54.3,53.7,53.75,5477.0
2021-02-09 11:15:00,NSE:MANAKSIA,53.75,53.9,53.7,53.7,1022.0
2021-02-09 12:00:00,NSE:MANAKSIA,53.6,53.85,53.6,53.65,2361.0
2021-02-09 12:45:00,NSE:MANAKSIA,53.8,54.0,53.65,53.85,2711.0
2021-02-09 13:30:00,NSE:MANAKSIA,53.85,54.05,53.85,53.85,1095.0
2021-02-09 14:15:00,NSE:MANAKSIA,54.05,54.05,53.5,53.95,5943.0
2021-02-09 15:00:00,NSE:MANAKSIA,54.0,54.0,53.65,54.0,3645.0
2021-02-10 09:00:00,NSE:MANAKSIA,54.5,54.5,53.2,54.0,1573.0
2021-02-10 09:45:00,NSE:MANAKSIA,54.0,54.25,53.65,53.85,3692.0
2021-02-10 10:30:00,NSE:MANAKSIA,53.6,53.95,53.5,53.7,3485.0
2021-02-10 11:15:00,NSE:MANAKSIA,53.7,54.0,53.65,53.95,3747.0
2021-02-10 12:00:00,NSE:MANAKSIA,53.75,53.95,53.75,53.8,806.0
2021-02-10 12:45:00,NSE:MANAKSIA,53.75,53.95,53.7,53.9,1269.0
2021-02-10 13:30:00,NSE:MANAKSIA,53.8,54.0,53.75,54.0,1526.0
2021-02-10 14:15:00,NSE:MANAKSIA,54.0,54.25,53.75,54.05,3028.0
2021-02-10 15:00:00,NSE:MANAKSIA,54.3,54.85,54.05,54.85,6041.0
2021-02-11 09:00:00,NSE:MANAKSIA,55.2,55.3,54.45,54.75,6550.0
2021-02-11 09:45:00,NSE:MANAKSIA,54.7,54.75,54.2,54.6,4646.0
2021-02-11 10:30:00,NSE:MANAKSIA,54.6,54.85,54.35,54.75,1958.0
2021-02-11 11:15:00,NSE:MANAKSIA,54.7,54.75,54.35,54.35,4521.0
2021-02-11 12:00:00,NSE:MANAKSIA,54.35,54.4,54.1,54.1,1051.0
2021-02-11 12:45:00,NSE:MANAKSIA,54.05,54.7,54.0,54.7,3766.0
2021-02-11 13:30:00,NSE:MANAKSIA,54.65,54.65,54.4,54.4,2219.0
2021-02-11 14:15:00,NSE:MANAKSIA,54.5,54.5,54.05,54.35,4554.0
2021-02-11 15:00:00,NSE:MANAKSIA,54.35,54.75,53.7,54.75,12626.0
2021-02-12 09:00:00,NSE:MANAKSIA,54.95,54.95,53.35,53.75,2551.0
2021-02-12 09:45:00,NSE:MANAKSIA,54.0,54.8,53.7,54.25,1851.0
2021-02-12 10:30:00,NSE:MANAKSIA,54.25,54.8,54.1,54.55,1555.0
2021-02-12 11:15:00,NSE:MANAKSIA,54.55,58.0,54.2,55.95,45909.0
2021-02-12 12:00:00,NSE:MANAKSIA,55.95,56.9,55.5,56.4,18601.0
2021-02-12 12:45:00,NSE:MANAKSIA,56.25,56.4,55.9,56.15,4429.0
2021-02-12 13:30:00,NSE:MANAKSIA,55.85,56.15,55.05,55.9,4263.0
2021-02-12 14:15:00,NSE:MANAKSIA,55.9,56.5,55.9,56.1,12085.0
2021-02-12 15:00:00,NSE:MANAKSIA,56.0,56.3,55.05,56.0,15264.0
2021-02-15 09:00:00,NSE:MANAKSIA,56.5,56.95,52.9,54.7,29380.0
2021-02-15 09:45:00,NSE:MANAKSIA,54.7,54.9,54.1,54.25,14537.0
2021-02-15 10:30:00,NSE:MANAKSIA,54.35,54.5,54.1,54.1,8585.0
2021-02-15 11:15:00,NSE:MANAKSIA,54.15,54.55,54.05,54.2,7849.0
2021-02-15 12:00:00,NSE:MANAKSIA,54.1,54.5,54.1,54.2,2781.0
2021-02-15 12:45:00,NSE:MANAKSIA,54.5,54.85,54.2,54.25,2776.0
2021-02-15 13:30:00,NSE:MANAKSIA,54.45,54.6,54.15,54.5,1819.0
2021-02-15 14:15:00,NSE:MANAKSIA,54.5,54.7,54.25,54.55,2382.0
2021-02-15 15:00:00,NSE:MANAKSIA,54.55,54.7,54.2,54.2,10430.0
2021-02-16 09:00:00,NSE:MANAKSIA,54.0,54.1,53.45,53.8,6130.0
2021-02-16 09:45:00,NSE:MANAKSIA,53.95,54.0,53.7,53.8,2916.0
2021-02-16 10:30:00,NSE:MANAKSIA,53.8,54.95,53.7,54.4,7310.0
2021-02-16 11:15:00,NSE:MANAKSIA,54.35,54.6,53.85,53.85,5199.0
2021-02-16 12:00:00,NSE:MANAKSIA,53.55,54.0,53.55,54.0,3502.0
2021-02-16 12:45:00,NSE:MANAKSIA,53.95,53.95,53.6,53.7,809.0
2021-02-16 13:30:00,NSE:MANAKSIA,54.05,54.05,53.55,53.85,5168.0
2021-02-16 14:15:00,NSE:MANAKSIA,53.95,53.95,53.5,53.55,1532.0
2021-02-16 15:00:00,NSE:MANAKSIA,53.45,53.85,53.3,53.3,3427.0
2021-02-17 09:00:00,NSE:MANAKSIA,54.0,54.8,53.0,53.5,4951.0
2021-02-17 09:45:00,NSE:MANAKSIA,53.5,53.8,53.3,53.55,3308.0
2021-02-17 10:30:00,NSE:MANAKSIA,53.6,54.1,53.6,53.95,3931.0
2021-02-17 11:15:00,NSE:MANAKSIA,53.8,54.1,53.8,53.95,1212.0
2021-02-17 12:00:00,NSE:MANAKSIA,54.0,54.0,53.8,53.85,990.0
2021-02-17 12:45:00,NSE:MANAKSIA,53.8,53.8,53.5,53.8,2476.0
2021-02-17 13:30:00,NSE:MANAKSIA,53.8,54.15,53.6,54.1,7813.0
2021-02-17 14:15:00,NSE:MANAKSIA,54.1,54.2,53.6,53.8,3091.0
2021-02-17 15:00:00,NSE:MANAKSIA,53.6,54.0,53.5,53.5,2198.0
2021-02-18 09:00:00,NSE:MANAKSIA,53.7,54.5,53.6,53.85,3545.0
2021-02-18 09:45:00,NSE:MANAKSIA,53.5,54.2,53.5,54.0,6134.0
2021-02-18 10:30:00,NSE:MANAKSIA,53.7,53.95,53.7,53.95,693.0
2021-02-18 11:15:00,NSE:MANAKSIA,53.8,54.0,53.7,53.8,3292.0
2021-02-18 12:00:00,NSE:MANAKSIA,53.95,54.2,53.85,54.2,3601.0
2021-02-18 12:45:00,NSE:MANAKSIA,54.25,54.3,53.85,53.9,3548.0
2021-02-18 13:30:00,NSE:MANAKSIA,53.9,54.3,53.9,53.95,2477.0
2021-02-18 14:15:00,NSE:MANAKSIA,53.9,54.35,53.9,54.25,6189.0
2021-02-18 15:00:00,NSE:MANAKSIA,54.35,54.5,54.1,54.5,6880.0
2021-02-19 09:00:00,NSE:MANAKSIA,54.45,54.45,53.7,53.8,2059.0
2021-02-19 09:45:00,NSE:MANAKSIA,53.9,54.0,53.7,54.0,3389.0
2021-02-19 10:30:00,NSE:MANAKSIA,54.0,54.3,53.9,54.1,6623.0
2021-02-19 11:15:00,NSE:MANAKSIA,54.05,54.05,53.75,54.0,2619.0
2021-02-19 12:00:00,NSE:MANAKSIA,54.0,54.25,53.95,54.15,2179.0
2021-02-19 12:45:00,NSE:MANAKSIA,54.0,54.0,53.85,53.9,8736.0
2021-02-19 13:30:00,NSE:MANAKSIA,53.95,54.0,52.85,52.85,20875.0
2021-02-19 14:15:00,NSE:MANAKSIA,53.25,53.55,52.8,53.0,4470.0
2021-02-19 15:00:00,NSE:MANAKSIA,53.05,54.3,53.0,54.25,11095.0
2021-02-19 15:45:00,NSE:MANAKSIA,53.4,53.4,53.4,53.4,35.0
2021-02-22 09:00:00,NSE:MANAKSIA,54.2,54.5,53.6,53.85,22943.0
2021-02-22 09:45:00,NSE:MANAKSIA,53.8,54.2,53.8,54.0,7766.0
2021-02-22 10:30:00,NSE:MANAKSIA,53.9,53.95,52.55,53.35,9615.0
2021-02-22 11:15:00,NSE:MANAKSIA,53.35,53.7,53.1,53.7,1455.0
2021-02-22 12:00:00,NSE:MANAKSIA,53.5,53.65,53.25,53.3,1438.0
2021-02-22 12:45:00,NSE:MANAKSIA,53.7,53.7,53.3,53.35,1060.0
2021-02-22 13:30:00,NSE:MANAKSIA,53.35,53.55,53.0,53.35,1175.0
2021-02-22 14:15:00,NSE:MANAKSIA,53.35,53.5,52.5,53.05,6242.0
2021-02-22 15:00:00,NSE:MANAKSIA,53.1,53.35,52.55,52.85,4698.0
2021-02-22 15:45:00,NSE:MANAKSIA,52.85,52.85,52.85,52.85,75.0
2021-02-23 09:00:00,NSE:MANAKSIA,52.6,53.5,52.6,53.1,4499.0
2021-02-23 09:45:00,NSE:MANAKSIA,53.25,53.3,52.9,53.05,4456.0
2021-02-23 10:30:00,NSE:MANAKSIA,52.9,53.2,52.7,52.75,13165.0
2021-02-23 11:15:00,NSE:MANAKSIA,52.95,53.0,52.75,52.8,3467.0
2021-02-23 12:00:00,NSE:MANAKSIA,52.8,53.0,52.8,53.0,2450.0
2021-02-23 12:45:00,NSE:MANAKSIA,52.8,53.4,52.8,53.2,12138.0
2021-02-23 13:30:00,NSE:MANAKSIA,53.2,53.2,53.1,53.1,1266.0
2021-02-23 14:15:00,NSE:MANAKSIA,53.1,53.3,53.1,53.3,445.0
2021-02-23 15:00:00,NSE:MANAKSIA,53.25,53.5,53.1,53.15,2752.0
2021-02-24 09:00:00,NSE:MANAKSIA,54.0,54.45,53.5,54.05,10041.0
2021-02-24 09:45:00,NSE:MANAKSIA,54.25,54.25,53.75,54.1,3945.0
2021-02-24 10:30:00,NSE:MANAKSIA,54.1,54.1,53.7,53.8,1089.0
2021-02-24 11:15:00,NSE:MANAKSIA,53.75,54.3,53.75,54.2,4621.0
2021-02-24 15:45:00,NSE:MANAKSIA,54.15,54.45,53.6,54.2,4817.0
2021-02-24 16:30:00,NSE:MANAKSIA,54.2,54.4,53.85,53.85,4022.0
2021-02-25 09:00:00,NSE:MANAKSIA,54.0,54.45,54.0,54.1,1498.0
2021-02-25 09:45:00,NSE:MANAKSIA,54.1,54.4,54.1,54.1,1821.0
2021-02-25 10:30:00,NSE:MANAKSIA,54.1,54.25,53.85,54.1,5400.0
2021-02-25 11:15:00,NSE:MANAKSIA,53.85,54.1,53.85,54.0,3937.0
2021-02-25 12:00:00,NSE:MANAKSIA,53.85,54.3,53.8,54.0,4598.0
2021-02-25 12:45:00,NSE:MANAKSIA,54.0,54.2,53.8,54.0,5975.0
2021-02-25 13:30:00,NSE:MANAKSIA,54.1,54.75,54.0,54.45,6082.0
2021-02-25 14:15:00,NSE:MANAKSIA,54.5,54.75,54.3,54.5,5048.0
2021-02-25 15:00:00,NSE:MANAKSIA,54.4,54.8,54.3,54.8,13830.0
2021-02-26 09:00:00,NSE:MANAKSIA,54.45,55.3,53.2,54.5,14443.0
2021-02-26 09:45:00,NSE:MANAKSIA,54.5,55.3,54.4,54.7,4171.0
2021-02-26 10:30:00,NSE:MANAKSIA,55.0,55.2,54.6,54.85,8000.0
2021-02-26 11:15:00,NSE:MANAKSIA,54.8,54.85,54.2,54.55,4238.0
2021-02-26 12:00:00,NSE:MANAKSIA,54.7,54.7,53.6,54.3,9205.0
2021-02-26 12:45:00,NSE:MANAKSIA,54.0,54.5,54.0,54.15,1037.0
2021-02-26 13:30:00,NSE:MANAKSIA,54.15,54.5,54.15,54.5,2084.0
2021-02-26 14:15:00,NSE:MANAKSIA,54.2,54.5,54.1,54.5,2767.0
2021-02-26 15:00:00,NSE:MANAKSIA,54.7,54.7,54.0,54.5,9453.0
2021-03-01 09:00:00,NSE:MANAKSIA,55.2,55.35,53.5,54.2,10178.0
2021-03-01 09:45:00,NSE:MANAKSIA,54.4,54.5,54.25,54.5,3088.0
2021-03-01 10:30:00,NSE:MANAKSIA,54.4,54.5,54.35,54.45,3905.0
2021-03-01 11:15:00,NSE:MANAKSIA,54.4,54.5,54.0,54.3,6961.0
2021-03-01 12:00:00,NSE:MANAKSIA,54.3,54.3,54.1,54.1,903.0
2021-03-01 12:45:00,NSE:MANAKSIA,54.25,54.25,54.05,54.2,2442.0
2021-03-01 13:30:00,NSE:MANAKSIA,54.25,54.25,54.05,54.1,2127.0
2021-03-01 14:15:00,NSE:MANAKSIA,54.25,54.25,54.0,54.15,3605.0
2021-03-01 15:00:00,NSE:MANAKSIA,54.0,54.2,54.0,54.0,2126.0
2021-03-02 09:00:00,NSE:MANAKSIA,54.85,54.85,53.3,54.2,6579.0
2021-03-02 09:45:00,NSE:MANAKSIA,54.35,54.45,53.85,54.0,10098.0
2021-03-02 10:30:00,NSE:MANAKSIA,53.9,54.05,53.8,54.0,7326.0
2021-03-02 11:15:00,NSE:MANAKSIA,53.95,54.1,53.95,54.1,2418.0
2021-03-02 12:00:00,NSE:MANAKSIA,54.1,54.25,54.0,54.2,2183.0
2021-03-02 12:45:00,NSE:MANAKSIA,54.0,54.2,54.0,54.05,1270.0
2021-03-02 13:30:00,NSE:MANAKSIA,54.3,54.5,54.1,54.5,2491.0
2021-03-02 14:15:00,NSE:MANAKSIA,54.2,54.5,54.15,54.45,2162.0
2021-03-02 15:00:00,NSE:MANAKSIA,54.5,54.5,54.2,54.45,8025.0
2021-03-02 15:45:00,NSE:MANAKSIA,54.35,54.35,54.35,54.35,7.0
2021-03-03 09:00:00,NSE:MANAKSIA,54.75,55.2,54.4,55.05,22164.0
2021-03-03 09:45:00,NSE:MANAKSIA,54.8,55.2,54.75,55.2,17917.0
2021-03-03 10:30:00,NSE:MANAKSIA,55.2,56.9,55.2,56.0,29525.0
2021-03-03 11:15:00,NSE:MANAKSIA,55.85,56.3,55.7,55.8,6372.0
2021-03-03 12:00:00,NSE:MANAKSIA,55.8,56.05,55.4,55.8,8315.0
2021-03-03 12:45:00,NSE:MANAKSIA,55.8,55.9,55.5,55.6,4304.0
2021-03-03 13:30:00,NSE:MANAKSIA,55.7,55.9,55.4,55.4,2415.0
2021-03-03 14:15:00,NSE:MANAKSIA,55.4,55.9,55.35,55.65,3100.0
2021-03-03 15:00:00,NSE:MANAKSIA,55.65,56.0,55.2,55.8,10667.0
2021-03-04 09:00:00,NSE:MANAKSIA,55.0,55.55,54.4,54.85,5773.0
2021-03-04 09:45:00,NSE:MANAKSIA,54.6,55.15,54.6,54.85,5656.0
2021-03-04 10:30:00,NSE:MANAKSIA,54.85,54.95,54.65,54.7,2083.0
2021-03-04 11:15:00,NSE:MANAKSIA,55.0,55.4,54.7,55.3,6614.0
2021-03-04 12:00:00,NSE:MANAKSIA,55.4,55.4,54.8,55.35,2028.0
2021-03-04 12:45:00,NSE:MANAKSIA,55.4,55.4,54.85,55.05,1550.0
2021-03-04 13:30:00,NSE:MANAKSIA,54.9,55.2,54.9,54.95,1086.0
2021-03-04 14:15:00,NSE:MANAKSIA,55.1,55.1,54.85,54.9,4834.0
2021-03-04 15:00:00,NSE:MANAKSIA,55.0,55.0,54.6,54.6,4605.0
2021-03-05 09:00:00,NSE:MANAKSIA,55.5,55.5,54.6,54.95,2524.0
2021-03-05 09:45:00,NSE:MANAKSIA,54.8,55.4,54.6,55.15,2014.0
2021-03-05 10:30:00,NSE:MANAKSIA,54.6,54.95,54.1,54.7,4313.0
2021-03-05 11:15:00,NSE:MANAKSIA,54.5,54.8,54.4,54.7,1119.0
2021-03-05 12:00:00,NSE:MANAKSIA,54.65,54.75,54.2,54.2,1496.0
2021-03-05 12:45:00,NSE:MANAKSIA,54.35,54.4,54.15,54.25,1878.0
2021-03-05 13:30:00,NSE:MANAKSIA,54.25,54.25,54.0,54.0,4782.0
2021-03-05 14:15:00,NSE:MANAKSIA,53.8,54.05,53.7,53.8,3425.0
2021-03-05 15:00:00,NSE:MANAKSIA,53.8,54.05,53.35,54.05,8503.0
2021-03-08 09:00:00,NSE:MANAKSIA,54.7,56.0,53.6,55.6,18437.0
2021-03-08 09:45:00,NSE:MANAKSIA,55.3,55.3,54.65,54.65,5938.0
2021-03-08 10:30:00,NSE:MANAKSIA,54.7,54.8,53.0,54.0,29438.0
2021-03-08 11:15:00,NSE:MANAKSIA,54.0,54.15,53.95,54.05,61252.0
2021-03-08 12:00:00,NSE:MANAKSIA,54.1,54.55,53.95,54.55,3287.0
2021-03-08 12:45:00,NSE:MANAKSIA,54.2,55.6,54.2,55.3,14972.0
2021-03-08 13:30:00,NSE:MANAKSIA,55.45,55.8,55.0,55.0,10792.0
2021-03-08 14:15:00,NSE:MANAKSIA,55.45,56.0,55.1,55.8,22734.0
2021-03-08 15:00:00,NSE:MANAKSIA,55.8,56.0,55.0,56.0,43173.0
2021-03-09 09:00:00,NSE:MANAKSIA,56.45,57.9,55.1,56.8,39153.0
2021-03-09 09:45:00,NSE:MANAKSIA,56.8,57.4,56.05,57.0,27502.0
2021-03-09 10:30:00,NSE:MANAKSIA,57.0,57.5,56.55,56.8,13556.0
2021-03-09 11:15:00,NSE:MANAKSIA,56.8,57.0,56.4,56.4,9637.0
2021-03-09 12:00:00,NSE:MANAKSIA,56.05,56.3,55.8,55.9,13987.0
2021-03-09 12:45:00,NSE:MANAKSIA,55.9,55.95,55.6,55.6,3307.0
2021-03-09 13:30:00,NSE:MANAKSIA,55.5,56.2,55.2,55.75,11839.0
2021-03-09 14:15:00,NSE:MANAKSIA,55.75,55.75,55.35,55.6,3409.0
2021-03-09 15:00:00,NSE:MANAKSIA,55.4,56.75,55.2,56.2,23509.0
2021-03-09 15:45:00,NSE:MANAKSIA,56.2,56.2,56.2,56.2,383.0
2021-03-10 09:00:00,NSE:MANAKSIA,56.7,57.3,56.2,56.4,7136.0
2021-03-10 09:45:00,NSE:MANAKSIA,56.45,56.45,55.5,55.95,27067.0
2021-03-10 10:30:00,NSE:MANAKSIA,55.65,55.9,55.2,55.45,19193.0
2021-03-10 11:15:00,NSE:MANAKSIA,55.5,55.5,54.25,55.1,4642.0
2021-03-10 12:00:00,NSE:MANAKSIA,55.0,55.45,54.85,55.2,4099.0
2021-03-10 12:45:00,NSE:MANAKSIA,55.25,55.9,55.25,55.5,2880.0
2021-03-10 13:30:00,NSE:MANAKSIA,55.2,55.5,55.1,55.25,1491.0
2021-03-10 14:15:00,NSE:MANAKSIA,55.5,55.5,55.2,55.25,690.0
2021-03-10 15:00:00,NSE:MANAKSIA,55.25,55.5,55.1,55.4,11914.0
2021-03-12 09:00:00,NSE:MANAKSIA,56.0,56.95,55.25,55.65,16850.0
2021-03-12 09:45:00,NSE:MANAKSIA,55.65,56.85,55.5,55.7,32123.0
2021-03-12 10:30:00,NSE:MANAKSIA,55.85,56.0,55.65,55.7,1674.0
2021-03-12 11:15:00,NSE:MANAKSIA,55.65,55.85,55.25,55.5,4447.0
2021-03-12 12:00:00,NSE:MANAKSIA,55.5,56.8,55.5,55.95,39771.0
2021-03-12 12:45:00,NSE:MANAKSIA,55.95,56.0,55.65,55.65,1434.0
2021-03-12 13:30:00,NSE:MANAKSIA,55.7,55.9,54.75,55.0,11682.0
2021-03-12 14:15:00,NSE:MANAKSIA,55.0,55.45,54.7,55.0,4036.0
2021-03-12 15:00:00,NSE:MANAKSIA,55.0,55.4,54.7,55.4,8920.0
2021-03-15 09:00:00,NSE:MANAKSIA,54.65,55.45,54.65,54.85,7415.0
2021-03-15 09:45:00,NSE:MANAKSIA,54.8,55.25,54.8,54.9,5048.0
2021-03-15 10:30:00,NSE:MANAKSIA,54.9,55.2,54.8,55.2,1080.0
2021-03-15 11:15:00,NSE:MANAKSIA,54.95,55.0,54.35,54.35,8921.0
2021-03-15 12:00:00,NSE:MANAKSIA,54.6,54.6,54.4,54.5,404.0
2021-03-15 12:45:00,NSE:MANAKSIA,54.35,54.5,54.25,54.4,1394.0
2021-03-15 13:30:00,NSE:MANAKSIA,54.4,54.4,54.0,54.2,3602.0
2021-03-15 14:15:00,NSE:MANAKSIA,54.35,54.45,53.65,54.0,12016.0
2021-03-15 15:00:00,NSE:MANAKSIA,54.3,54.35,54.0,54.35,4757.0
2021-03-16 09:00:00,NSE:MANAKSIA,53.75,55.1,53.75,54.95,6472.0
2021-03-16 09:45:00,NSE:MANAKSIA,54.8,54.9,54.75,54.75,1318.0
2021-03-16 10:30:00,NSE:MANAKSIA,54.75,55.1,54.7,55.0,9896.0
2021-03-16 11:15:00,NSE:MANAKSIA,54.9,55.0,54.65,54.95,2443.0
2021-03-16 12:00:00,NSE:MANAKSIA,54.95,55.4,54.55,55.0,50421.0
2021-03-16 12:45:00,NSE:MANAKSIA,55.0,55.0,54.65,54.9,1395.0
2021-03-16 13:30:00,NSE:MANAKSIA,54.85,55.4,54.6,55.0,9748.0
2021-03-16 14:15:00,NSE:MANAKSIA,55.15,55.4,55.05,55.1,4239.0
2021-03-16 15:00:00,NSE:MANAKSIA,55.15,55.4,54.6,55.35,4444.0
2021-03-17 09:00:00,NSE:MANAKSIA,55.85,55.85,54.85,54.85,2384.0
2021-03-17 09:45:00,NSE:MANAKSIA,54.8,55.4,54.5,54.95,4629.0
2021-03-17 10:30:00,NSE:MANAKSIA,54.75,54.75,54.5,54.5,1847.0
2021-03-17 11:15:00,NSE:MANAKSIA,54.65,54.7,54.1,54.15,2974.0
2021-03-17 12:00:00,NSE:MANAKSIA,54.25,54.4,54.1,54.1,304.0
2021-03-17 12:45:00,NSE:MANAKSIA,54.3,54.3,53.8,54.2,3952.0
2021-03-17 13:30:00,NSE:MANAKSIA,54.05,54.2,53.4,53.4,42828.0
2021-03-17 14:15:00,NSE:MANAKSIA,53.4,53.7,53.2,53.55,1667.0
2021-03-17 15:00:00,NSE:MANAKSIA,53.55,53.55,53.1,53.45,9242.0
2021-03-18 09:00:00,NSE:MANAKSIA,53.5,54.5,53.25,53.5,1745.0
2021-03-18 09:45:00,NSE:MANAKSIA,53.5,53.5,53.0,53.05,4366.0
2021-03-18 10:30:00,NSE:MANAKSIA,53.3,53.3,53.05,53.05,3812.0
2021-03-18 11:15:00,NSE:MANAKSIA,52.8,53.45,52.6,53.25,8950.0
2021-03-18 12:00:00,NSE:MANAKSIA,53.15,53.15,52.75,53.1,3664.0
2021-03-18 12:45:00,NSE:MANAKSIA,53.0,53.4,52.9,53.1,3564.0
2021-03-18 13:30:00,NSE:MANAKSIA,52.9,53.1,52.75,53.0,2954.0
2021-03-18 14:15:00,NSE:MANAKSIA,53.0,53.0,51.2,51.6,19129.0
2021-03-18 15:00:00,NSE:MANAKSIA,51.55,51.9,51.25,51.9,7351.0
2021-03-18 15:45:00,NSE:MANAKSIA,51.55,51.9,51.55,51.9,100.0
2021-03-19 09:00:00,NSE:MANAKSIA,51.55,51.55,49.35,49.6,5884.0
2021-03-19 09:45:00,NSE:MANAKSIA,49.6,50.45,49.6,50.2,8259.0
2021-03-19 10:30:00,NSE:MANAKSIA,50.35,51.6,50.3,51.0,36404.0
2021-03-19 11:15:00,NSE:MANAKSIA,51.0,51.5,50.45,51.5,8658.0
2021-03-19 12:00:00,NSE:MANAKSIA,51.5,51.5,51.1,51.35,3275.0
2021-03-19 12:45:00,NSE:MANAKSIA,51.35,51.35,51.3,51.3,126.0
2021-03-19 13:30:00,NSE:MANAKSIA,51.3,52.6,51.3,52.25,2553.0
2021-03-19 14:15:00,NSE:MANAKSIA,52.2,52.25,51.05,51.8,3075.0
2021-03-19 15:00:00,NSE:MANAKSIA,51.8,51.8,51.3,51.45,2474.0
2021-03-22 09:00:00,NSE:MANAKSIA,52.95,52.95,51.75,52.3,1701.0
2021-03-22 09:45:00,NSE:MANAKSIA,52.6,53.15,52.4,52.4,1479.0
2021-03-22 10:30:00,NSE:MANAKSIA,52.2,52.35,51.6,51.8,3929.0
2021-03-22 11:15:00,NSE:MANAKSIA,51.7,52.25,51.7,52.0,2653.0
2021-03-22 12:00:00,NSE:MANAKSIA,52.25,52.25,51.7,51.7,976.0
2021-03-22 12:45:00,NSE:MANAKSIA,51.7,52.15,51.5,52.1,5000.0
2021-03-22 13:30:00,NSE:MANAKSIA,52.1,52.15,51.75,51.9,144.0
2021-03-22 14:15:00,NSE:MANAKSIA,51.9,51.9,51.5,51.5,987.0
2021-03-22 15:00:00,NSE:MANAKSIA,51.7,51.7,51.05,51.05,6121.0
2021-03-23 09:00:00,NSE:MANAKSIA,51.0,52.4,50.7,51.6,6714.0
2021-03-23 09:45:00,NSE:MANAKSIA,51.85,52.7,51.85,52.35,4847.0
2021-03-23 10:30:00,NSE:MANAKSIA,52.45,52.45,51.7,51.7,2473.0
2021-03-23 11:15:00,NSE:MANAKSIA,51.9,51.9,51.4,51.55,1335.0
2021-03-23 12:00:00,NSE:MANAKSIA,51.4,51.65,51.3,51.45,3417.0
2021-03-23 12:45:00,NSE:MANAKSIA,51.45,51.45,51.35,51.45,1680.0
2021-03-23 13:30:00,NSE:MANAKSIA,51.3,51.4,50.8,51.35,6056.0
2021-03-23 14:15:00,NSE:MANAKSIA,51.3,51.3,50.55,50.9,4718.0
2021-03-23 15:00:00,NSE:MANAKSIA,50.9,50.9,50.6,50.85,7728.0
2021-03-24 09:00:00,NSE:MANAKSIA,51.75,51.75,50.7,51.15,3636.0
2021-03-24 09:45:00,NSE:MANAKSIA,51.35,51.35,50.7,50.9,3881.0
2021-03-24 10:30:00,NSE:MANAKSIA,50.85,51.1,50.5,50.55,1458.0
2021-03-24 11:15:00,NSE:MANAKSIA,50.45,51.5,50.45,51.2,1757.0
2021-03-24 12:00:00,NSE:MANAKSIA,51.2,51.35,51.0,51.35,703.0
2021-03-24 12:45:00,NSE:MANAKSIA,51.2,51.3,51.05,51.25,375.0
2021-03-24 13:30:00,NSE:MANAKSIA,51.25,51.25,50.7,50.7,3205.0
2021-03-24 14:15:00,NSE:MANAKSIA,51.0,51.0,50.75,50.75,2276.0
2021-03-24 15:00:00,NSE:MANAKSIA,50.9,50.9,49.35,50.0,16304.0
2021-03-25 09:00:00,NSE:MANAKSIA,50.2,50.25,49.2,49.6,2330.0
2021-03-25 09:45:00,NSE:MANAKSIA,49.75,49.75,49.1,49.35,12104.0
2021-03-25 10:30:00,NSE:MANAKSIA,49.45,49.65,49.3,49.4,2940.0
2021-03-25 11:15:00,NSE:MANAKSIA,49.55,49.7,49.0,49.6,9718.0
2021-03-25 12:00:00,NSE:MANAKSIA,49.2,49.45,49.1,49.1,4387.0
2021-03-25 12:45:00,NSE:MANAKSIA,49.45,49.45,48.8,48.8,5449.0
2021-03-25 13:30:00,NSE:MANAKSIA,48.9,49.45,48.45,49.1,17725.0
2021-03-25 14:15:00,NSE:MANAKSIA,49.5,49.55,49.15,49.2,4397.0
2021-03-25 15:00:00,NSE:MANAKSIA,49.15,49.35,48.2,49.0,4480.0
2021-03-26 09:00:00,NSE:MANAKSIA,49.0,50.25,49.0,49.9,5544.0
2021-03-26 09:45:00,NSE:MANAKSIA,49.8,49.95,49.65,49.8,1987.0
2021-03-26 10:30:00,NSE:MANAKSIA,49.75,49.95,49.05,49.55,11736.0
2021-03-26 11:15:00,NSE:MANAKSIA,49.5,49.8,49.35,49.7,1599.0
2021-03-26 12:00:00,NSE:MANAKSIA,49.7,49.7,49.0,49.55,1717.0
2021-03-26 12:45:00,NSE:MANAKSIA,49.65,49.95,49.6,49.95,536.0
2021-03-26 13:30:00,NSE:MANAKSIA,49.95,49.95,49.5,49.85,671.0
2021-03-26 14:15:00,NSE:MANAKSIA,49.55,49.85,49.55,49.55,3972.0
2021-03-26 15:00:00,NSE:MANAKSIA,49.6,49.6,49.25,49.25,5229.0
2021-03-30 09:00:00,NSE:MANAKSIA,49.95,50.75,49.45,50.35,1998.0
2021-03-30 09:45:00,NSE:MANAKSIA,50.55,51.7,50.1,51.0,17217.0
2021-03-30 10:30:00,NSE:MANAKSIA,51.0,51.4,50.55,51.0,7135.0
2021-03-30 11:15:00,NSE:MANAKSIA,51.0,51.0,50.1,50.6,4702.0
2021-03-30 12:00:00,NSE:MANAKSIA,50.15,50.7,50.15,50.7,647.0
2021-03-30 12:45:00,NSE:MANAKSIA,50.7,51.15,50.3,50.55,4406.0
2021-03-30 13:30:00,NSE:MANAKSIA,50.75,50.8,50.45,50.8,5270.0
2021-03-30 14:15:00,NSE:MANAKSIA,50.35,50.75,50.1,50.25,2021.0
2021-03-30 15:00:00,NSE:MANAKSIA,50.25,50.45,50.1,50.3,2344.0
2021-03-31 09:00:00,NSE:MANAKSIA,49.8,50.7,49.5,49.95,2189.0
2021-03-31 09:45:00,NSE:MANAKSIA,50.0,50.5,49.75,50.0,2273.0
2021-03-31 10:30:00,NSE:MANAKSIA,50.05,50.25,49.6,50.05,5897.0
2021-03-31 11:15:00,NSE:MANAKSIA,49.9,50.3,49.75,50.3,3753.0
2021-03-31 12:00:00,NSE:MANAKSIA,50.3,50.95,50.3,50.8,3449.0
2021-03-31 12:45:00,NSE:MANAKSIA,50.6,50.85,50.15,50.7,8092.0
2021-03-31 13:30:00,NSE:MANAKSIA,50.3,50.65,50.3,50.55,263.0
2021-03-31 14:15:00,NSE:MANAKSIA,50.2,50.45,50.15,50.25,1727.0
2021-03-31 15:00:00,NSE:MANAKSIA,50.15,51.0,50.15,51.0,3000.0
2021-04-01 09:00:00,NSE:MANAKSIA,50.05,51.1,50.05,51.0,745.0
2021-04-01 09:45:00,NSE:MANAKSIA,51.05,51.2,50.5,50.9,1866.0
2021-04-01 10:30:00,NSE:MANAKSIA,50.85,51.3,50.8,51.25,1622.0
2021-04-01 11:15:00,NSE:MANAKSIA,51.25,52.35,51.25,51.9,7010.0
2021-04-01 12:00:00,NSE:MANAKSIA,51.9,51.95,51.45,51.75,1286.0
2021-04-01 12:45:00,NSE:MANAKSIA,51.75,51.9,51.55,51.9,1138.0
2021-04-01 13:30:00,NSE:MANAKSIA,51.9,51.95,51.55,51.6,1030.0
2021-04-01 14:15:00,NSE:MANAKSIA,51.9,51.95,51.6,51.7,1952.0
2021-04-01 15:00:00,NSE:MANAKSIA,51.8,51.95,51.65,51.8,8645.0
2021-04-01 15:45:00,NSE:MANAKSIA,51.8,51.8,51.8,51.8,12.0
2021-04-05 09:00:00,NSE:MANAKSIA,53.0,53.0,51.8,52.05,3055.0
2021-04-05 09:45:00,NSE:MANAKSIA,52.0,52.0,50.85,51.25,3405.0
2021-04-05 10:30:00,NSE:MANAKSIA,51.25,51.25,50.0,50.0,3437.0
2021-04-05 11:15:00,NSE:MANAKSIA,50.3,50.45,49.85,50.2,1310.0
2021-04-05 12:00:00,NSE:MANAKSIA,50.3,50.6,50.05,50.35,1382.0
2021-04-05 12:45:00,NSE:MANAKSIA,50.4,51.0,50.35,50.6,1566.0
2021-04-05 13:30:00,NSE:MANAKSIA,50.7,50.95,50.7,50.7,688.0
2021-04-05 14:15:00,NSE:MANAKSIA,50.95,50.95,50.65,50.9,1304.0
2021-04-05 15:00:00,NSE:MANAKSIA,50.9,51.0,50.65,50.65,2523.0
2021-04-06 09:00:00,NSE:MANAKSIA,51.5,52.5,50.2,50.4,1662.0
2021-04-06 09:45:00,NSE:MANAKSIA,51.45,51.45,50.85,51.0,1233.0
2021-04-06 10:30:00,NSE:MANAKSIA,50.85,51.8,50.7,51.7,3156.0
2021-04-06 11:15:00,NSE:MANAKSIA,51.35,51.65,51.3,51.45,1253.0
2021-04-06 12:00:00,NSE:MANAKSIA,51.7,51.7,51.2,51.25,1932.0
2021-04-06 12:45:00,NSE:MANAKSIA,51.3,51.5,50.7,51.45,3920.0
2021-04-06 13:30:00,NSE:MANAKSIA,51.45,51.5,50.95,51.1,3277.0
2021-04-06 14:15:00,NSE:MANAKSIA,51.2,51.45,51.2,51.25,173.0
2021-04-06 15:00:00,NSE:MANAKSIA,51.3,51.5,51.15,51.4,3772.0
2021-04-07 09:00:00,NSE:MANAKSIA,51.9,53.55,50.65,51.9,6693.0
2021-04-07 09:45:00,NSE:MANAKSIA,51.9,52.15,51.6,51.9,2622.0
2021-04-07 10:30:00,NSE:MANAKSIA,51.95,51.95,51.45,51.45,1333.0
2021-04-07 11:15:00,NSE:MANAKSIA,51.45,51.75,51.1,51.75,1571.0
2021-04-07 12:00:00,NSE:MANAKSIA,51.85,51.85,51.3,51.5,2028.0
2021-04-07 12:45:00,NSE:MANAKSIA,51.5,51.5,51.3,51.5,888.0
2021-04-07 13:30:00,NSE:MANAKSIA,51.5,51.5,51.3,51.3,609.0
2021-04-07 14:15:00,NSE:MANAKSIA,51.3,51.5,51.15,51.4,658.0
2021-04-07 15:00:00,NSE:MANAKSIA,51.4,51.75,51.05,51.05,1709.0
2021-04-08 09:00:00,NSE:MANAKSIA,51.7,52.0,51.65,51.7,1725.0
2021-04-08 09:45:00,NSE:MANAKSIA,51.9,52.3,51.5,52.1,7721.0
2021-04-08 10:30:00,NSE:MANAKSIA,52.15,52.15,51.65,52.0,1247.0
2021-04-08 11:15:00,NSE:MANAKSIA,51.9,52.3,51.85,52.05,2100.0
2021-04-08 12:00:00,NSE:MANAKSIA,52.25,52.25,51.7,52.1,1216.0
2021-04-08 12:45:00,NSE:MANAKSIA,52.05,52.1,51.7,51.95,1412.0
2021-04-08 13:30:00,NSE:MANAKSIA,51.75,52.95,51.75,52.7,15914.0
2021-04-08 14:15:00,NSE:MANAKSIA,52.7,52.8,52.0,52.05,2439.0
2021-04-08 15:00:00,NSE:MANAKSIA,52.3,52.7,51.95,52.2,5956.0
2021-04-09 09:00:00,NSE:MANAKSIA,51.9,53.45,51.7,53.45,16904.0
2021-04-09 09:45:00,NSE:MANAKSIA,53.45,55.9,53.0,55.9,65072.0
2021-04-09 10:30:00,NSE:MANAKSIA,55.55,55.9,55.5,55.5,51290.0
2021-04-09 11:15:00,NSE:MANAKSIA,55.5,56.4,55.5,56.3,41946.0
2021-04-09 12:00:00,NSE:MANAKSIA,56.25,56.4,55.6,56.3,19507.0
2021-04-09 12:45:00,NSE:MANAKSIA,56.35,56.85,56.1,56.15,26856.0
2021-04-09 13:30:00,NSE:MANAKSIA,56.15,56.95,56.15,56.6,37311.0
2021-04-09 14:15:00,NSE:MANAKSIA,56.5,56.95,56.5,56.5,18536.0
2021-04-09 15:00:00,NSE:MANAKSIA,56.5,56.7,55.5,56.6,29567.0
2021-04-12 09:00:00,NSE:MANAKSIA,57.0,57.0,52.05,53.9,27432.0
2021-04-12 09:45:00,NSE:MANAKSIA,53.75,53.9,52.85,52.85,26009.0
2021-04-12 10:30:00,NSE:MANAKSIA,52.95,53.0,52.7,53.0,2658.0
2021-04-12 11:15:00,NSE:MANAKSIA,53.0,53.0,51.9,51.9,21681.0
2021-04-12 12:00:00,NSE:MANAKSIA,52.55,52.55,50.7,51.0,14099.0
2021-04-12 12:45:00,NSE:MANAKSIA,51.0,51.4,50.75,51.3,3977.0
2021-04-12 13:30:00,NSE:MANAKSIA,51.4,51.4,50.7,51.15,8513.0
2021-04-12 14:15:00,NSE:MANAKSIA,51.0,51.5,50.85,51.0,3789.0
2021-04-12 15:00:00,NSE:MANAKSIA,51.35,51.5,50.15,50.5,11384.0
2021-04-13 09:00:00,NSE:MANAKSIA,51.3,52.85,50.75,52.85,4306.0
2021-04-13 09:45:00,NSE:MANAKSIA,52.55,53.9,52.55,53.4,8462.0
2021-04-13 10:30:00,NSE:MANAKSIA,53.35,54.6,52.8,52.9,7686.0
2021-04-13 11:15:00,NSE:MANAKSIA,53.2,53.2,52.6,52.85,2301.0
2021-04-13 12:00:00,NSE:MANAKSIA,52.8,52.8,52.6,52.6,5839.0
2021-04-13 12:45:00,NSE:MANAKSIA,52.75,52.9,52.5,52.85,2330.0
2021-04-13 13:30:00,NSE:MANAKSIA,52.85,53.25,52.75,53.0,1860.0
2021-04-13 14:15:00,NSE:MANAKSIA,53.2,54.8,53.0,54.8,14942.0
2021-04-13 15:00:00,NSE:MANAKSIA,54.4,55.4,54.0,54.5,20425.0
2021-04-13 15:45:00,NSE:MANAKSIA,54.8,54.8,54.8,54.8,45.0
2021-04-15 09:00:00,NSE:MANAKSIA,54.55,54.9,53.25,53.25,9414.0
2021-04-15 09:45:00,NSE:MANAKSIA,53.3,54.2,53.3,53.95,3904.0
2021-04-15 10:30:00,NSE:MANAKSIA,53.6,53.9,53.1,53.25,4641.0
2021-04-15 11:15:00,NSE:MANAKSIA,53.25,53.35,53.1,53.3,1048.0
2021-04-15 12:00:00,NSE:MANAKSIA,53.3,53.55,53.1,53.1,2235.0
2021-04-15 12:45:00,NSE:MANAKSIA,53.5,53.75,53.1,53.25,1885.0
2021-04-15 13:30:00,NSE:MANAKSIA,53.5,53.75,53.3,53.5,522.0
2021-04-15 14:15:00,NSE:MANAKSIA,53.6,53.6,53.3,53.3,913.0
2021-04-15 15:00:00,NSE:MANAKSIA,53.5,53.6,53.2,53.4,4809.0
2021-04-15 15:45:00,NSE:MANAKSIA,53.35,53.35,53.35,53.35,5.0
2021-04-16 09:00:00,NSE:MANAKSIA,54.75,54.75,53.4,53.45,1677.0
2021-04-16 09:45:00,NSE:MANAKSIA,53.6,53.6,53.05,53.3,7733.0
2021-04-16 10:30:00,NSE:MANAKSIA,53.25,53.4,53.15,53.15,1333.0
2021-04-16 11:15:00,NSE:MANAKSIA,53.35,53.4,53.25,53.3,1139.0
2021-04-16 12:00:00,NSE:MANAKSIA,53.35,55.55,53.25,54.95,26944.0
2021-04-16 12:45:00,NSE:MANAKSIA,54.95,55.0,54.35,54.5,2712.0
2021-04-16 13:30:00,NSE:MANAKSIA,54.5,55.8,54.5,55.15,21166.0
2021-04-16 14:15:00,NSE:MANAKSIA,55.3,55.5,55.0,55.15,7718.0
2021-04-16 15:00:00,NSE:MANAKSIA,55.1,55.25,54.2,55.25,14077.0
2021-04-19 09:00:00,NSE:MANAKSIA,54.0,54.0,48.0,52.2,21478.0
2021-04-19 09:45:00,NSE:MANAKSIA,52.0,53.0,52.0,53.0,13676.0
2021-04-19 10:30:00,NSE:MANAKSIA,52.85,53.0,51.9,52.45,23249.0
2021-04-19 11:15:00,NSE:MANAKSIA,52.45,52.55,52.05,52.3,3482.0
2021-04-19 12:00:00,NSE:MANAKSIA,52.35,52.4,51.6,51.6,12255.0
2021-04-19 12:45:00,NSE:MANAKSIA,51.5,51.85,51.5,51.6,12200.0
2021-04-19 13:30:00,NSE:MANAKSIA,51.25,52.0,51.25,51.8,3153.0
2021-04-19 14:15:00,NSE:MANAKSIA,52.05,52.95,52.05,52.75,5379.0
2021-04-19 15:00:00,NSE:MANAKSIA,52.7,53.15,52.4,52.95,7853.0
2021-04-20 09:00:00,NSE:MANAKSIA,52.95,54.45,52.35,53.6,4635.0
2021-04-20 09:45:00,NSE:MANAKSIA,53.75,54.3,53.4,54.3,2522.0
2021-04-20 10:30:00,NSE:MANAKSIA,53.85,54.0,53.05,53.45,4665.0
2021-04-20 11:15:00,NSE:MANAKSIA,53.45,53.45,53.05,53.2,604.0
2021-04-20 12:00:00,NSE:MANAKSIA,53.35,53.35,52.6,53.0,1612.0
2021-04-20 12:45:00,NSE:MANAKSIA,52.65,53.3,52.65,53.0,966.0
2021-04-20 13:30:00,NSE:MANAKSIA,53.0,53.3,52.95,53.3,1090.0
2021-04-20 14:15:00,NSE:MANAKSIA,53.05,53.3,53.0,53.05,6256.0
2021-04-20 15:00:00,NSE:MANAKSIA,53.0,53.25,52.55,53.25,10178.0
2021-04-22 09:00:00,NSE:MANAKSIA,54.1,54.6,52.05,54.15,6120.0
2021-04-22 09:45:00,NSE:MANAKSIA,54.15,54.15,53.4,53.75,11290.0
2021-04-22 10:30:00,NSE:MANAKSIA,53.75,54.1,53.75,53.75,334.0
2021-04-22 11:15:00,NSE:MANAKSIA,53.9,54.25,53.7,54.25,5199.0
2021-04-22 12:00:00,NSE:MANAKSIA,54.25,54.25,53.7,53.75,2969.0
2021-04-22 12:45:00,NSE:MANAKSIA,53.7,54.1,53.7,53.75,587.0
2021-04-22 13:30:00,NSE:MANAKSIA,53.75,54.45,53.7,54.1,4565.0
2021-04-22 14:15:00,NSE:MANAKSIA,54.25,54.25,53.3,53.55,1839.0
2021-04-22 15:00:00,NSE:MANAKSIA,53.7,54.0,53.25,54.0,4978.0
2021-04-22 15:45:00,NSE:MANAKSIA,53.8,53.8,53.8,53.8,15.0
2021-04-23 09:00:00,NSE:MANAKSIA,55.45,55.45,53.25,54.7,12397.0
2021-04-23 09:45:00,NSE:MANAKSIA,54.8,55.0,54.7,54.95,3300.0
2021-04-23 10:30:00,NSE:MANAKSIA,54.95,55.05,54.7,54.9,2800.0
2021-04-23 11:15:00,NSE:MANAKSIA,54.7,54.85,54.5,54.5,6717.0
2021-04-23 12:00:00,NSE:MANAKSIA,54.6,54.8,54.5,54.65,2588.0
2021-04-23 12:45:00,NSE:MANAKSIA,54.75,54.75,54.5,54.55,2413.0
2021-04-23 13:30:00,NSE:MANAKSIA,54.55,54.85,54.0,54.45,3077.0
2021-04-23 14:15:00,NSE:MANAKSIA,54.45,54.45,53.8,54.25,7067.0
2021-04-23 15:00:00,NSE:MANAKSIA,54.25,54.5,54.25,54.25,8957.0
2021-04-26 09:00:00,NSE:MANAKSIA,55.0,55.1,53.85,54.45,4071.0
2021-04-26 09:45:00,NSE:MANAKSIA,54.4,54.9,54.4,54.6,5821.0
2021-04-26 10:30:00,NSE:MANAKSIA,54.85,58.3,54.65,58.3,179846.0
2021-04-26 11:15:00,NSE:MANAKSIA,58.5,60.4,58.05,60.0,502384.0
2021-04-26 12:00:00,NSE:MANAKSIA,59.65,60.7,59.1,59.8,144547.0
2021-04-26 12:45:00,NSE:MANAKSIA,59.8,61.95,59.6,61.1,167257.0
2021-04-26 13:30:00,NSE:MANAKSIA,61.1,61.8,59.75,60.3,55685.0
2021-04-26 14:15:00,NSE:MANAKSIA,60.2,61.6,59.25,61.2,77695.0
2021-04-26 15:00:00,NSE:MANAKSIA,61.2,62.2,60.15,61.35,220542.0
2021-04-26 15:45:00,NSE:MANAKSIA,61.35,61.35,61.35,61.35,122.0
2021-04-27 09:00:00,NSE:MANAKSIA,61.3,61.95,59.15,60.95,50711.0
2021-04-27 09:45:00,NSE:MANAKSIA,61.3,61.65,59.45,59.6,64504.0
2021-04-27 10:30:00,NSE:MANAKSIA,59.7,61.4,59.7,60.75,74729.0
2021-04-27 11:15:00,NSE:MANAKSIA,60.45,60.45,59.8,59.9,10311.0
2021-04-27 12:00:00,NSE:MANAKSIA,60.15,60.15,58.45,59.2,31545.0
2021-04-27 12:45:00,NSE:MANAKSIA,59.2,59.3,57.8,58.45,52745.0
2021-04-27 13:30:00,NSE:MANAKSIA,58.4,58.5,57.45,58.35,33401.0
2021-04-27 14:15:00,NSE:MANAKSIA,58.25,58.25,56.75,57.75,84000.0
2021-04-27 15:00:00,NSE:MANAKSIA,57.7,57.9,57.45,57.8,24547.0
2021-04-28 09:00:00,NSE:MANAKSIA,58.65,59.1,57.95,58.05,10690.0
2021-04-28 09:45:00,NSE:MANAKSIA,58.05,58.45,57.8,57.8,8790.0
2021-04-28 10:30:00,NSE:MANAKSIA,56.75,57.55,56.7,57.0,14279.0
2021-04-28 11:15:00,NSE:MANAKSIA,57.0,57.45,56.75,57.2,7158.0
2021-04-28 12:00:00,NSE:MANAKSIA,57.1,57.45,56.85,57.0,4824.0
2021-04-28 12:45:00,NSE:MANAKSIA,57.35,57.35,57.0,57.3,2152.0
2021-04-28 13:30:00,NSE:MANAKSIA,57.35,57.55,57.0,57.3,2825.0
2021-04-28 14:15:00,NSE:MANAKSIA,57.3,57.5,56.65,56.7,10267.0
2021-04-28 15:00:00,NSE:MANAKSIA,56.65,57.2,56.65,57.0,9744.0
2021-04-28 15:45:00,NSE:MANAKSIA,57.0,57.0,57.0,57.0,100.0
2021-04-29 09:00:00,NSE:MANAKSIA,58.15,59.2,57.1,57.5,13398.0
2021-04-29 09:45:00,NSE:MANAKSIA,57.2,57.6,56.8,57.05,10582.0
2021-04-29 10:30:00,NSE:MANAKSIA,56.9,57.1,56.5,56.8,6560.0
2021-04-29 11:15:00,NSE:MANAKSIA,56.8,56.95,56.5,56.6,2847.0
2021-04-29 12:00:00,NSE:MANAKSIA,56.8,57.45,56.7,57.3,9869.0
2021-04-29 12:45:00,NSE:MANAKSIA,57.35,57.4,57.15,57.25,1242.0
2021-04-29 13:30:00,NSE:MANAKSIA,57.6,58.25,57.35,57.5,23728.0
2021-04-29 14:15:00,NSE:MANAKSIA,57.6,57.6,57.0,57.25,6414.0
2021-04-29 15:00:00,NSE:MANAKSIA,57.1,57.15,56.55,56.85,10993.0
2021-04-30 09:00:00,NSE:MANAKSIA,56.85,57.7,56.85,57.6,4584.0
2021-04-30 09:45:00,NSE:MANAKSIA,57.5,58.05,57.45,57.55,10323.0
2021-04-30 10:30:00,NSE:MANAKSIA,57.65,57.65,56.95,56.95,6870.0
2021-04-30 11:15:00,NSE:MANAKSIA,57.35,57.5,57.05,57.15,3103.0
2021-04-30 12:00:00,NSE:MANAKSIA,57.05,57.15,56.75,56.95,8494.0
2021-04-30 12:45:00,NSE:MANAKSIA,56.95,57.15,56.9,57.1,1974.0
2021-04-30 13:30:00,NSE:MANAKSIA,57.15,57.15,56.5,56.95,7663.0
2021-04-30 14:15:00,NSE:MANAKSIA,56.8,56.8,56.5,56.55,6317.0
2021-04-30 15:00:00,NSE:MANAKSIA,56.8,56.85,55.75,56.3,14001.0
2021-05-03 09:00:00,NSE:MANAKSIA,57.45,57.45,56.5,56.85,7933.0
2021-05-03 09:45:00,NSE:MANAKSIA,56.95,57.4,56.95,57.0,7594.0
2021-05-03 10:30:00,NSE:MANAKSIA,57.0,57.3,56.8,56.8,9744.0
2021-05-03 11:15:00,NSE:MANAKSIA,56.95,57.2,56.65,56.75,3707.0
2021-05-03 12:00:00,NSE:MANAKSIA,56.65,57.9,56.55,57.1,16951.0
2021-05-03 12:45:00,NSE:MANAKSIA,57.0,57.5,56.55,57.0,9951.0
2021-05-03 13:30:00,NSE:MANAKSIA,57.2,57.2,56.7,56.85,10009.0
2021-05-03 14:15:00,NSE:MANAKSIA,56.8,57.9,56.8,57.15,14954.0
2021-05-03 15:00:00,NSE:MANAKSIA,57.4,57.85,56.9,57.85,12859.0
2021-05-04 09:00:00,NSE:MANAKSIA,57.95,58.0,57.0,57.2,16711.0
2021-05-04 09:45:00,NSE:MANAKSIA,57.05,57.3,56.75,57.3,13739.0
2021-05-04 10:30:00,NSE:MANAKSIA,57.25,57.85,57.05,57.35,23594.0
2021-05-04 11:15:00,NSE:MANAKSIA,57.4,59.0,57.2,57.95,68425.0
2021-05-04 12:00:00,NSE:MANAKSIA,57.9,58.05,57.15,57.3,8754.0
2021-05-04 12:45:00,NSE:MANAKSIA,57.4,57.4,56.9,57.35,13477.0
2021-05-04 13:30:00,NSE:MANAKSIA,57.4,57.4,56.7,57.0,14963.0
2021-05-04 14:15:00,NSE:MANAKSIA,57.0,57.0,55.3,55.9,26738.0
2021-05-04 15:00:00,NSE:MANAKSIA,56.0,56.0,55.35,55.5,12263.0
2021-05-04 15:45:00,NSE:MANAKSIA,55.6,55.6,55.5,55.5,265.0
2021-05-05 09:00:00,NSE:MANAKSIA,56.45,57.15,56.25,56.4,6803.0
2021-05-05 09:45:00,NSE:MANAKSIA,56.25,56.6,56.1,56.1,2841.0
2021-05-05 10:30:00,NSE:MANAKSIA,56.2,56.3,55.75,56.1,2547.0
2021-05-05 11:15:00,NSE:MANAKSIA,56.0,56.25,55.6,56.0,13440.0
2021-05-05 12:00:00,NSE:MANAKSIA,56.05,56.05,55.0,55.25,24119.0
2021-05-05 12:45:00,NSE:MANAKSIA,55.25,55.25,55.0,55.05,6890.0
2021-05-05 13:30:00,NSE:MANAKSIA,55.1,55.5,55.1,55.35,1640.0
2021-05-05 14:15:00,NSE:MANAKSIA,55.35,55.45,55.15,55.35,3547.0
2021-05-05 15:00:00,NSE:MANAKSIA,55.3,55.65,55.15,55.25,7255.0
2021-05-06 09:00:00,NSE:MANAKSIA,56.4,56.4,55.2,55.25,6904.0
2021-05-06 09:45:00,NSE:MANAKSIA,55.35,55.85,54.8,55.05,16578.0
2021-05-06 10:30:00,NSE:MANAKSIA,55.05,55.2,54.8,54.95,7736.0
2021-05-06 11:15:00,NSE:MANAKSIA,54.95,55.0,53.75,54.1,22547.0
2021-05-06 12:00:00,NSE:MANAKSIA,54.4,54.5,53.7,54.0,20587.0
2021-05-06 12:45:00,NSE:MANAKSIA,54.35,54.55,54.05,54.5,4011.0
2021-05-06 13:30:00,NSE:MANAKSIA,54.5,54.5,54.0,54.4,17419.0
2021-05-06 14:15:00,NSE:MANAKSIA,54.3,54.3,53.85,54.0,8288.0
2021-05-06 15:00:00,NSE:MANAKSIA,53.9,54.0,53.6,53.8,25335.0
2021-05-06 15:45:00,NSE:MANAKSIA,53.8,53.8,53.8,53.8,50.0
2021-05-07 09:00:00,NSE:MANAKSIA,54.95,55.3,54.2,55.15,11328.0
2021-05-07 09:45:00,NSE:MANAKSIA,55.0,56.9,54.8,56.0,82059.0
2021-05-07 10:30:00,NSE:MANAKSIA,56.0,56.35,55.75,56.05,7045.0
2021-05-07 11:15:00,NSE:MANAKSIA,55.9,56.35,55.8,56.1,7184.0
2021-05-07 12:00:00,NSE:MANAKSIA,56.1,56.3,55.9,55.95,6746.0
2021-05-07 12:45:00,NSE:MANAKSIA,55.95,56.15,55.9,56.1,4106.0
2021-05-07 13:30:00,NSE:MANAKSIA,56.15,56.3,56.05,56.2,12551.0
2021-05-07 14:15:00,NSE:MANAKSIA,56.7,57.7,56.35,57.3,65014.0
2021-05-07 15:00:00,NSE:MANAKSIA,57.15,57.3,56.15,56.7,27631.0
2021-05-07 15:45:00,NSE:MANAKSIA,56.7,56.7,56.7,56.7,24.0
2021-05-10 09:00:00,NSE:MANAKSIA,59.9,61.25,59.05,59.7,88826.0
2021-05-10 09:45:00,NSE:MANAKSIA,59.6,60.35,59.3,59.8,82206.0
2021-05-10 10:30:00,NSE:MANAKSIA,59.9,61.2,59.8,61.2,100720.0
2021-05-10 11:15:00,NSE:MANAKSIA,61.15,61.3,60.15,60.85,59341.0
2021-05-10 12:00:00,NSE:MANAKSIA,60.6,63.5,60.6,62.4,218421.0
2021-05-10 12:45:00,NSE:MANAKSIA,62.4,63.8,62.0,63.4,99222.0
2021-05-10 13:30:00,NSE:MANAKSIA,63.4,67.85,62.8,66.75,489962.0
2021-05-10 14:15:00,NSE:MANAKSIA,66.65,68.0,66.05,68.0,298465.0
2021-05-10 15:00:00,NSE:MANAKSIA,68.0,68.0,68.0,68.0,64377.0
2021-05-11 09:00:00,NSE:MANAKSIA,69.8,74.0,65.65,66.75,550246.0
2021-05-11 09:45:00,NSE:MANAKSIA,66.55,67.75,66.55,67.25,84033.0
2021-05-11 10:30:00,NSE:MANAKSIA,67.25,67.25,65.25,66.05,98719.0
2021-05-11 11:15:00,NSE:MANAKSIA,66.05,66.45,65.35,66.3,40475.0
2021-05-11 12:00:00,NSE:MANAKSIA,66.25,68.0,66.05,67.3,65278.0
2021-05-11 12:45:00,NSE:MANAKSIA,67.35,67.7,66.35,66.65,53932.0
2021-05-11 13:30:00,NSE:MANAKSIA,66.6,67.2,66.3,66.75,14059.0
2021-05-11 14:15:00,NSE:MANAKSIA,66.7,67.0,66.05,66.5,40025.0
2021-05-11 15:00:00,NSE:MANAKSIA,66.45,66.6,66.0,66.3,53504.0
2021-05-11 15:45:00,NSE:MANAKSIA,66.3,66.3,66.3,66.3,10.0
2021-05-12 09:00:00,NSE:MANAKSIA,66.4,68.25,65.9,66.45,65598.0
2021-05-12 09:45:00,NSE:MANAKSIA,66.75,67.05,65.55,65.9,39624.0
2021-05-12 10:30:00,NSE:MANAKSIA,66.15,66.15,65.1,65.5,31263.0
2021-05-12 11:15:00,NSE:MANAKSIA,65.5,66.0,65.25,65.65,15806.0
2021-05-12 12:00:00,NSE:MANAKSIA,65.5,65.8,65.25,65.45,12116.0
2021-05-12 12:45:00,NSE:MANAKSIA,65.45,66.0,65.2,65.6,18059.0
2021-05-12 13:30:00,NSE:MANAKSIA,65.6,65.8,64.85,65.3,14267.0
2021-05-12 14:15:00,NSE:MANAKSIA,65.45,65.5,62.1,62.35,34508.0
2021-05-12 15:00:00,NSE:MANAKSIA,62.5,64.0,62.0,63.5,30430.0
2021-05-14 09:00:00,NSE:MANAKSIA,64.4,64.4,62.0,62.75,26869.0
2021-05-14 09:45:00,NSE:MANAKSIA,62.4,62.85,61.75,62.4,23117.0
2021-05-14 10:30:00,NSE:MANAKSIA,62.4,63.0,61.8,62.55,15241.0
2021-05-14 11:15:00,NSE:MANAKSIA,62.45,62.45,61.2,61.35,16047.0
2021-05-14 12:00:00,NSE:MANAKSIA,61.2,61.8,60.25,61.35,23113.0
2021-05-14 12:45:00,NSE:MANAKSIA,61.35,61.7,60.5,60.9,11615.0
2021-05-14 13:30:00,NSE:MANAKSIA,61.15,61.3,60.55,61.2,10985.0
2021-05-14 14:15:00,NSE:MANAKSIA,61.15,61.75,61.0,61.4,17854.0
2021-05-14 15:00:00,NSE:MANAKSIA,61.5,61.5,60.75,61.0,17424.0
2021-05-14 15:45:00,NSE:MANAKSIA,61.0,61.0,61.0,61.0,70.0
2021-05-17 09:00:00,NSE:MANAKSIA,61.6,63.0,61.4,62.15,12406.0
2021-05-17 09:45:00,NSE:MANAKSIA,62.0,62.5,61.9,62.3,14862.0
2021-05-17 10:30:00,NSE:MANAKSIA,62.5,62.9,61.85,62.8,16962.0
2021-05-17 11:15:00,NSE:MANAKSIA,62.8,64.25,62.7,64.05,40096.0
2021-05-17 12:00:00,NSE:MANAKSIA,63.9,64.05,62.25,62.6,14250.0
2021-05-17 12:45:00,NSE:MANAKSIA,62.7,63.25,62.7,62.85,5167.0
2021-05-17 13:30:00,NSE:MANAKSIA,62.8,63.8,62.7,63.8,7370.0
2021-05-17 14:15:00,NSE:MANAKSIA,63.9,64.8,63.4,63.4,39364.0
2021-05-17 15:00:00,NSE:MANAKSIA,63.5,63.85,62.7,62.95,26235.0
2021-05-17 15:45:00,NSE:MANAKSIA,63.05,63.05,62.95,63.05,2755.0
2021-05-18 09:00:00,NSE:MANAKSIA,63.5,64.0,63.25,64.0,12389.0
2021-05-18 09:45:00,NSE:MANAKSIA,64.0,64.5,63.3,63.6,20786.0
2021-05-18 10:30:00,NSE:MANAKSIA,63.7,64.55,63.5,64.5,20068.0
2021-05-18 11:15:00,NSE:MANAKSIA,64.5,64.8,64.0,64.2,16301.0
2021-05-18 12:00:00,NSE:MANAKSIA,64.3,64.4,63.6,63.85,7765.0
2021-05-18 12:45:00,NSE:MANAKSIA,63.7,65.0,63.6,64.55,21062.0
2021-05-18 13:30:00,NSE:MANAKSIA,64.5,64.85,63.7,63.9,6485.0
2021-05-18 14:15:00,NSE:MANAKSIA,64.0,64.3,63.6,64.1,9404.0
2021-05-18 15:00:00,NSE:MANAKSIA,64.0,64.35,63.5,63.85,14166.0
2021-05-19 09:00:00,NSE:MANAKSIA,63.8,66.75,62.7,64.15,53039.0
2021-05-19 09:45:00,NSE:MANAKSIA,63.95,64.25,63.6,63.85,10946.0
2021-05-19 10:30:00,NSE:MANAKSIA,63.9,63.9,63.5,63.75,4640.0
2021-05-19 11:15:00,NSE:MANAKSIA,63.75,64.0,63.55,63.6,8054.0
2021-05-19 12:00:00,NSE:MANAKSIA,63.55,63.8,63.2,63.8,6083.0
2021-05-19 12:45:00,NSE:MANAKSIA,64.0,64.0,63.55,63.75,1741.0
2021-05-19 13:30:00,NSE:MANAKSIA,63.85,63.9,63.2,63.55,5124.0
2021-05-19 14:15:00,NSE:MANAKSIA,63.6,64.15,63.1,63.75,13955.0
2021-05-19 15:00:00,NSE:MANAKSIA,64.0,64.3,63.8,64.3,10696.0
2021-05-19 15:45:00,NSE:MANAKSIA,64.0,64.0,64.0,64.0,500.0
2021-05-20 09:00:00,NSE:MANAKSIA,64.95,65.55,62.55,62.9,23826.0
2021-05-20 09:45:00,NSE:MANAKSIA,63.4,63.95,62.9,63.5,7234.0
2021-05-20 10:30:00,NSE:MANAKSIA,63.7,64.0,63.05,63.9,5885.0
2021-05-20 11:15:00,NSE:MANAKSIA,63.95,63.95,63.25,63.6,4953.0
2021-05-20 12:00:00,NSE:MANAKSIA,63.65,63.65,63.0,63.05,8445.0
2021-05-20 12:45:00,NSE:MANAKSIA,63.1,63.6,62.75,63.2,8933.0
2021-05-20 13:30:00,NSE:MANAKSIA,62.85,63.5,62.85,63.35,7479.0
2021-05-20 14:15:00,NSE:MANAKSIA,63.35,63.65,61.2,62.4,21282.0
2021-05-20 15:00:00,NSE:MANAKSIA,62.7,63.25,62.15,62.5,14576.0
2021-05-21 09:00:00,NSE:MANAKSIA,63.9,63.9,62.75,62.75,5003.0
2021-05-21 09:45:00,NSE:MANAKSIA,63.0,63.85,62.05,63.4,12824.0
2021-05-21 10:30:00,NSE:MANAKSIA,63.05,63.45,62.7,63.25,15221.0
2021-05-21 11:15:00,NSE:MANAKSIA,63.25,63.4,62.65,63.1,4924.0
2021-05-21 12:00:00,NSE:MANAKSIA,63.1,63.2,62.7,63.05,4528.0
2021-05-21 12:45:00,NSE:MANAKSIA,63.0,63.0,62.75,62.75,3058.0
2021-05-21 13:30:00,NSE:MANAKSIA,62.7,63.0,62.5,62.65,2979.0
2021-05-21 14:15:00,NSE:MANAKSIA,62.95,63.0,62.3,62.35,9734.0
2021-05-21 15:00:00,NSE:MANAKSIA,62.3,62.55,62.3,62.35,14946.0
2021-05-24 09:00:00,NSE:MANAKSIA,64.5,67.0,62.1,65.55,84190.0
2021-05-24 09:45:00,NSE:MANAKSIA,65.3,65.85,65.0,65.75,21063.0
2021-05-24 10:30:00,NSE:MANAKSIA,65.85,66.0,65.05,65.2,15834.0
2021-05-24 11:15:00,NSE:MANAKSIA,65.4,65.95,65.0,65.3,12947.0
2021-05-24 12:00:00,NSE:MANAKSIA,65.25,65.85,65.0,65.7,10964.0
2021-05-24 12:45:00,NSE:MANAKSIA,65.5,65.7,65.1,65.55,10119.0
2021-05-24 13:30:00,NSE:MANAKSIA,65.55,65.95,65.55,65.85,9967.0
2021-05-24 14:15:00,NSE:MANAKSIA,65.85,65.9,65.25,65.5,24264.0
2021-05-24 15:00:00,NSE:MANAKSIA,65.45,65.75,65.15,65.45,10515.0
2021-05-24 15:45:00,NSE:MANAKSIA,65.45,65.45,65.45,65.45,162.0
2021-05-25 09:00:00,NSE:MANAKSIA,66.7,66.75,65.5,65.8,18854.0
2021-05-25 09:45:00,NSE:MANAKSIA,66.0,66.0,65.5,65.6,7398.0
2021-05-25 10:30:00,NSE:MANAKSIA,65.6,65.9,65.5,65.65,5833.0
2021-05-25 11:15:00,NSE:MANAKSIA,65.5,65.75,65.5,65.55,2725.0
2021-05-25 12:00:00,NSE:MANAKSIA,65.55,66.55,65.55,66.45,16706.0
2021-05-25 12:45:00,NSE:MANAKSIA,66.5,66.65,66.05,66.1,9664.0
2021-05-25 13:30:00,NSE:MANAKSIA,66.15,66.3,65.75,65.8,7031.0
2021-05-25 14:15:00,NSE:MANAKSIA,65.8,66.15,65.7,65.7,5999.0
2021-05-25 15:00:00,NSE:MANAKSIA,65.85,66.0,65.45,65.7,10466.0
2021-05-25 15:45:00,NSE:MANAKSIA,65.7,65.9,65.7,65.9,483.0
2021-05-26 09:00:00,NSE:MANAKSIA,65.7,66.25,64.4,64.8,23289.0
2021-05-26 09:45:00,NSE:MANAKSIA,64.65,65.2,64.65,65.0,4294.0
2021-05-26 10:30:00,NSE:MANAKSIA,64.85,65.05,64.6,64.8,9781.0
2021-05-26 11:15:00,NSE:MANAKSIA,64.85,65.6,64.85,65.5,10141.0
2021-05-26 12:00:00,NSE:MANAKSIA,65.3,65.55,65.1,65.5,9104.0
2021-05-26 12:45:00,NSE:MANAKSIA,65.4,65.4,64.9,65.25,2850.0
2021-05-26 13:30:00,NSE:MANAKSIA,65.25,65.45,64.5,64.75,8821.0
2021-05-26 14:15:00,NSE:MANAKSIA,64.75,64.95,64.6,64.65,2184.0
2021-05-26 15:00:00,NSE:MANAKSIA,64.85,64.85,64.5,64.7,8404.0
2021-05-27 09:00:00,NSE:MANAKSIA,65.35,65.85,64.7,64.7,9486.0
2021-05-27 09:45:00,NSE:MANAKSIA,64.65,65.2,64.65,64.9,7037.0
2021-05-27 10:30:00,NSE:MANAKSIA,65.1,66.9,64.8,65.5,19602.0
2021-05-27 11:15:00,NSE:MANAKSIA,65.35,65.55,64.95,65.5,4890.0
2021-05-27 12:00:00,NSE:MANAKSIA,65.1,65.5,65.05,65.45,7421.0
2021-05-27 12:45:00,NSE:MANAKSIA,65.25,65.5,65.0,65.05,8998.0
2021-05-27 13:30:00,NSE:MANAKSIA,65.0,65.4,65.0,65.15,8509.0
2021-05-27 14:15:00,NSE:MANAKSIA,65.05,65.3,64.8,65.2,5781.0
2021-05-27 15:00:00,NSE:MANAKSIA,65.2,65.3,64.8,65.3,8480.0
2021-05-28 09:00:00,NSE:MANAKSIA,65.3,66.15,65.3,65.85,9647.0
2021-05-28 09:45:00,NSE:MANAKSIA,66.0,66.0,65.0,65.55,8514.0
2021-05-28 10:30:00,NSE:MANAKSIA,65.6,65.75,65.2,65.4,8596.0
2021-05-28 11:15:00,NSE:MANAKSIA,65.3,65.35,64.55,64.6,5392.0
2021-05-28 12:00:00,NSE:MANAKSIA,64.6,65.35,64.6,64.95,3079.0
2021-05-28 12:45:00,NSE:MANAKSIA,65.0,65.25,64.65,65.25,3478.0
2021-05-28 13:30:00,NSE:MANAKSIA,65.0,65.1,64.05,64.8,9224.0
2021-05-28 14:15:00,NSE:MANAKSIA,64.75,65.0,64.4,64.45,3898.0
2021-05-28 15:00:00,NSE:MANAKSIA,64.75,64.95,64.15,64.6,7251.0
2021-05-28 15:45:00,NSE:MANAKSIA,64.5,64.5,64.5,64.5,8.0
2021-05-31 09:00:00,NSE:MANAKSIA,64.0,64.0,63.4,63.5,11512.0
2021-05-31 09:45:00,NSE:MANAKSIA,63.75,63.75,62.25,63.05,16677.0
2021-05-31 10:30:00,NSE:MANAKSIA,63.1,63.65,62.75,63.0,16570.0
2021-05-31 11:15:00,NSE:MANAKSIA,62.75,63.45,62.6,63.05,6621.0
2021-05-31 12:00:00,NSE:MANAKSIA,63.25,63.4,63.1,63.35,1831.0
2021-05-31 12:45:00,NSE:MANAKSIA,63.35,63.35,62.95,63.0,3814.0
2021-05-31 13:30:00,NSE:MANAKSIA,63.15,63.3,62.55,63.25,3579.0
2021-05-31 14:15:00,NSE:MANAKSIA,62.85,63.25,62.5,63.15,15168.0
2021-05-31 15:00:00,NSE:MANAKSIA,62.75,63.15,62.75,63.15,15546.0
2021-06-01 09:00:00,NSE:MANAKSIA,63.5,63.5,62.8,63.1,5155.0
2021-06-01 09:45:00,NSE:MANAKSIA,63.45,63.45,62.65,62.9,8026.0
2021-06-01 10:30:00,NSE:MANAKSIA,62.95,62.95,62.25,62.65,5067.0
2021-06-01 11:15:00,NSE:MANAKSIA,62.4,62.7,62.2,62.25,4394.0
2021-06-01 12:00:00,NSE:MANAKSIA,62.1,62.3,61.5,62.05,5887.0
2021-06-01 12:45:00,NSE:MANAKSIA,62.05,62.5,61.85,62.45,2530.0
2021-06-01 13:30:00,NSE:MANAKSIA,62.5,62.85,62.05,62.85,4296.0
2021-06-01 14:15:00,NSE:MANAKSIA,62.55,62.85,62.5,62.7,1821.0
2021-06-01 15:00:00,NSE:MANAKSIA,62.7,64.0,62.55,63.0,10925.0
2021-06-01 15:45:00,NSE:MANAKSIA,63.3,63.3,63.3,63.3,100.0
2021-06-02 09:00:00,NSE:MANAKSIA,64.7,64.7,63.0,63.7,7330.0
2021-06-02 09:45:00,NSE:MANAKSIA,63.65,64.25,63.65,64.1,6097.0
2021-06-02 10:30:00,NSE:MANAKSIA,64.1,64.1,63.8,64.0,3960.0
2021-06-02 11:15:00,NSE:MANAKSIA,64.05,64.05,63.8,63.8,2958.0
2021-06-02 12:00:00,NSE:MANAKSIA,63.9,63.9,63.55,63.85,2809.0
2021-06-02 12:45:00,NSE:MANAKSIA,63.85,64.0,63.1,63.4,6174.0
2021-06-02 13:30:00,NSE:MANAKSIA,63.4,63.4,62.8,63.0,9138.0
2021-06-02 14:15:00,NSE:MANAKSIA,62.95,63.25,62.8,63.25,23679.0
2021-06-02 15:00:00,NSE:MANAKSIA,63.25,63.25,61.0,62.4,104812.0
2021-06-03 09:00:00,NSE:MANAKSIA,62.5,64.25,61.6,64.0,19466.0
2021-06-03 09:45:00,NSE:MANAKSIA,64.0,64.2,63.8,64.2,36080.0
2021-06-03 10:30:00,NSE:MANAKSIA,64.15,64.15,63.8,63.95,12808.0
2021-06-03 11:15:00,NSE:MANAKSIA,64.0,64.05,63.85,63.95,13095.0
2021-06-03 12:00:00,NSE:MANAKSIA,63.95,64.1,63.85,63.9,15258.0
2021-06-03 12:45:00,NSE:MANAKSIA,63.85,64.0,63.75,63.8,16821.0
2021-06-03 13:30:00,NSE:MANAKSIA,63.8,63.8,63.6,63.6,3251.0
2021-06-03 14:15:00,NSE:MANAKSIA,63.8,63.8,63.15,63.75,13736.0
2021-06-03 15:00:00,NSE:MANAKSIA,63.75,63.75,61.0,61.85,178456.0
2021-06-04 09:00:00,NSE:MANAKSIA,64.0,64.0,62.55,63.4,23464.0
2021-06-04 09:45:00,NSE:MANAKSIA,63.4,63.7,63.1,63.6,6320.0
2021-06-04 10:30:00,NSE:MANAKSIA,63.6,63.6,61.1,61.6,24372.0
2021-06-04 11:15:00,NSE:MANAKSIA,62.15,62.8,60.5,62.5,42723.0
2021-06-04 12:00:00,NSE:MANAKSIA,62.4,62.7,61.9,62.0,8844.0
2021-06-04 12:45:00,NSE:MANAKSIA,62.0,62.4,61.6,62.3,9048.0
2021-06-04 13:30:00,NSE:MANAKSIA,62.3,62.5,62.05,62.35,5719.0
2021-06-04 14:15:00,NSE:MANAKSIA,62.4,62.85,62.35,62.5,9565.0
2021-06-04 15:00:00,NSE:MANAKSIA,62.7,63.45,62.6,63.0,17000.0
2021-06-07 09:00:00,NSE:MANAKSIA,63.8,64.15,63.25,64.0,20699.0
2021-06-07 09:45:00,NSE:MANAKSIA,64.0,64.05,63.6,63.8,12076.0
2021-06-07 10:30:00,NSE:MANAKSIA,63.5,63.8,63.5,63.8,6207.0
2021-06-07 11:15:00,NSE:MANAKSIA,63.8,63.8,63.35,63.5,7479.0
2021-06-07 12:00:00,NSE:MANAKSIA,63.5,63.6,62.95,62.95,12613.0
2021-06-07 12:45:00,NSE:MANAKSIA,63.0,63.25,62.6,62.75,12028.0
2021-06-07 13:30:00,NSE:MANAKSIA,62.75,63.1,62.65,63.1,4566.0
2021-06-07 14:15:00,NSE:MANAKSIA,63.1,63.4,62.95,63.15,7159.0
2021-06-07 15:00:00,NSE:MANAKSIA,63.25,64.5,63.0,63.95,45511.0
2021-06-08 09:00:00,NSE:MANAKSIA,64.25,65.0,64.05,64.05,25286.0
2021-06-08 09:45:00,NSE:MANAKSIA,64.05,64.35,63.45,64.05,10605.0
2021-06-08 10:30:00,NSE:MANAKSIA,64.15,64.75,64.0,64.4,10255.0
2021-06-08 11:15:00,NSE:MANAKSIA,64.5,64.8,63.8,64.5,9109.0
2021-06-08 12:00:00,NSE:MANAKSIA,64.7,64.75,64.45,64.5,6975.0
2021-06-08 12:45:00,NSE:MANAKSIA,64.45,64.5,64.1,64.4,5024.0
2021-06-08 13:30:00,NSE:MANAKSIA,64.4,64.65,64.15,64.45,5008.0
2021-06-08 14:15:00,NSE:MANAKSIA,64.5,64.6,64.3,64.5,4778.0
2021-06-08 15:00:00,NSE:MANAKSIA,64.4,64.7,63.8,64.3,15993.0
2021-06-09 09:00:00,NSE:MANAKSIA,65.5,66.9,65.2,66.0,68955.0
2021-06-09 09:45:00,NSE:MANAKSIA,65.8,66.25,65.7,66.2,18199.0
2021-06-09 10:30:00,NSE:MANAKSIA,66.15,66.3,65.8,65.8,10233.0
2021-06-09 11:15:00,NSE:MANAKSIA,65.85,66.15,65.7,65.8,11716.0
2021-06-09 12:00:00,NSE:MANAKSIA,65.8,65.9,65.6,65.75,8372.0
2021-06-09 12:45:00,NSE:MANAKSIA,65.8,65.9,65.1,65.35,28079.0
2021-06-09 13:30:00,NSE:MANAKSIA,65.35,65.75,65.2,65.5,6617.0
2021-06-09 14:15:00,NSE:MANAKSIA,65.35,65.6,65.1,65.5,27375.0
2021-06-09 15:00:00,NSE:MANAKSIA,65.6,67.0,65.6,66.55,131318.0
2021-06-10 09:00:00,NSE:MANAKSIA,71.0,73.95,70.15,72.8,666186.0
2021-06-10 09:45:00,NSE:MANAKSIA,73.0,73.95,72.0,72.05,209552.0
2021-06-10 10:30:00,NSE:MANAKSIA,72.05,72.25,71.0,71.3,61674.0
2021-06-10 11:15:00,NSE:MANAKSIA,71.3,71.35,70.35,70.8,55703.0
2021-06-10 12:00:00,NSE:MANAKSIA,70.75,72.5,70.55,71.55,54530.0
2021-06-10 12:45:00,NSE:MANAKSIA,71.5,71.6,70.6,70.9,21847.0
2021-06-10 13:30:00,NSE:MANAKSIA,71.0,71.65,70.95,71.25,19902.0
2021-06-10 14:15:00,NSE:MANAKSIA,71.2,71.5,70.6,70.75,30948.0
2021-06-10 15:00:00,NSE:MANAKSIA,70.7,71.1,70.5,70.75,64051.0
2021-06-11 09:00:00,NSE:MANAKSIA,71.3,72.45,70.75,71.55,55190.0
2021-06-11 09:45:00,NSE:MANAKSIA,71.3,71.6,71.0,71.5,16253.0
2021-06-11 10:30:00,NSE:MANAKSIA,71.5,71.5,70.6,71.5,25721.0
2021-06-11 11:15:00,NSE:MANAKSIA,71.45,71.45,68.0,68.7,49628.0
2021-06-11 12:00:00,NSE:MANAKSIA,68.2,69.85,68.2,69.85,16815.0
2021-06-11 12:45:00,NSE:MANAKSIA,70.0,70.0,69.5,69.5,6969.0
2021-06-11 13:30:00,NSE:MANAKSIA,69.5,69.85,69.45,69.85,4928.0
2021-06-11 14:15:00,NSE:MANAKSIA,69.85,70.45,69.05,69.3,30440.0
2021-06-11 15:00:00,NSE:MANAKSIA,69.1,70.2,69.05,69.8,39488.0
2021-06-11 15:45:00,NSE:MANAKSIA,69.75,69.75,69.75,69.75,200.0
2021-06-14 09:00:00,NSE:MANAKSIA,72.0,72.5,70.1,71.05,86832.0
2021-06-14 09:45:00,NSE:MANAKSIA,70.95,76.95,70.95,75.4,427293.0
2021-06-14 10:30:00,NSE:MANAKSIA,75.25,75.6,74.0,75.0,134884.0
2021-06-14 11:15:00,NSE:MANAKSIA,74.9,75.7,74.7,75.05,47010.0
2021-06-14 12:00:00,NSE:MANAKSIA,75.0,75.9,74.85,75.45,42913.0
2021-06-14 12:45:00,NSE:MANAKSIA,75.5,76.0,75.2,75.55,27874.0
2021-06-14 13:30:00,NSE:MANAKSIA,75.55,77.45,75.3,76.9,239449.0
2021-06-14 14:15:00,NSE:MANAKSIA,76.9,76.95,75.3,75.95,69916.0
2021-06-14 15:00:00,NSE:MANAKSIA,75.75,77.5,75.5,77.3,134810.0
2021-06-15 09:00:00,NSE:MANAKSIA,77.45,78.2,75.1,76.6,129372.0
2021-06-15 09:45:00,NSE:MANAKSIA,76.65,76.7,72.6,74.35,159322.0
2021-06-15 10:30:00,NSE:MANAKSIA,73.95,74.55,72.85,74.45,80637.0
2021-06-15 11:15:00,NSE:MANAKSIA,74.65,74.9,73.9,74.25,24440.0
2021-06-15 12:00:00,NSE:MANAKSIA,74.5,74.7,74.0,74.5,18715.0
2021-06-15 12:45:00,NSE:MANAKSIA,74.5,74.7,74.2,74.45,15246.0
2021-06-15 13:30:00,NSE:MANAKSIA,74.4,74.5,73.9,74.0,30223.0
2021-06-15 14:15:00,NSE:MANAKSIA,73.9,74.1,73.3,73.65,32532.0
2021-06-15 15:00:00,NSE:MANAKSIA,73.5,73.65,73.1,73.5,77962.0
2021-06-16 09:00:00,NSE:MANAKSIA,69.0,69.0,63.9,66.25,458251.0
2021-06-16 09:45:00,NSE:MANAKSIA,66.45,67.05,65.65,65.65,167773.0
2021-06-16 10:30:00,NSE:MANAKSIA,65.8,65.8,64.85,65.6,107890.0
2021-06-16 11:15:00,NSE:MANAKSIA,65.6,66.3,65.5,66.3,50154.0
2021-06-16 12:00:00,NSE:MANAKSIA,66.25,66.85,66.05,66.4,38647.0
2021-06-16 12:45:00,NSE:MANAKSIA,66.5,67.05,66.2,66.9,39272.0
2021-06-16 13:30:00,NSE:MANAKSIA,66.9,66.95,66.25,66.6,38701.0
2021-06-16 14:15:00,NSE:MANAKSIA,66.5,66.85,66.25,66.25,25831.0
2021-06-16 15:00:00,NSE:MANAKSIA,66.3,66.5,66.15,66.25,101654.0
2021-06-17 09:00:00,NSE:MANAKSIA,66.0,66.35,65.1,65.85,45521.0
2021-06-17 09:45:00,NSE:MANAKSIA,65.85,66.0,65.55,65.7,20101.0
2021-06-17 10:30:00,NSE:MANAKSIA,65.75,65.9,65.55,65.6,9823.0
2021-06-17 11:15:00,NSE:MANAKSIA,65.7,65.75,65.5,65.5,12291.0
2021-06-17 12:00:00,NSE:MANAKSIA,65.5,65.6,65.05,65.15,22247.0
2021-06-17 12:45:00,NSE:MANAKSIA,65.15,65.2,64.7,64.75,17396.0
2021-06-17 13:30:00,NSE:MANAKSIA,64.65,65.15,64.15,64.2,13435.0
2021-06-17 14:15:00,NSE:MANAKSIA,64.15,64.35,63.55,63.75,41226.0
2021-06-17 15:00:00,NSE:MANAKSIA,63.75,64.55,63.7,64.0,23128.0
2021-06-18 09:00:00,NSE:MANAKSIA,65.5,65.5,64.05,64.3,35534.0
2021-06-18 09:45:00,NSE:MANAKSIA,64.3,64.5,62.5,63.0,41136.0
2021-06-18 10:30:00,NSE:MANAKSIA,63.15,63.15,60.7,62.0,47859.0
2021-06-18 11:15:00,NSE:MANAKSIA,61.9,61.95,61.45,61.95,8102.0
2021-06-18 12:00:00,NSE:MANAKSIA,61.95,62.3,61.7,62.3,16321.0
2021-06-18 12:45:00,NSE:MANAKSIA,62.45,62.95,62.2,62.7,10692.0
2021-06-18 13:30:00,NSE:MANAKSIA,62.8,63.95,62.5,63.5,13191.0
2021-06-18 14:15:00,NSE:MANAKSIA,63.35,63.45,61.5,62.5,25962.0
2021-06-18 15:00:00,NSE:MANAKSIA,62.55,62.7,62.0,62.7,14148.0
2021-06-18 15:45:00,NSE:MANAKSIA,62.35,62.35,62.35,62.35,41.0
2021-06-21 09:00:00,NSE:MANAKSIA,62.0,63.55,60.5,62.4,29575.0
2021-06-21 09:45:00,NSE:MANAKSIA,62.3,62.6,61.6,62.5,10607.0
2021-06-21 10:30:00,NSE:MANAKSIA,62.6,63.8,62.5,63.55,10995.0
2021-06-21 11:15:00,NSE:MANAKSIA,63.45,63.5,62.9,62.95,6785.0
2021-06-21 12:00:00,NSE:MANAKSIA,63.15,63.2,61.65,62.2,18691.0
2021-06-21 12:45:00,NSE:MANAKSIA,62.15,62.85,62.15,62.8,7258.0
2021-06-21 13:30:00,NSE:MANAKSIA,62.8,63.3,62.65,63.3,5142.0
2021-06-21 14:15:00,NSE:MANAKSIA,63.3,63.9,63.25,63.45,17940.0
2021-06-21 15:00:00,NSE:MANAKSIA,63.45,64.0,63.0,63.9,18396.0
2021-06-22 09:00:00,NSE:MANAKSIA,64.25,65.75,64.25,65.5,23858.0
2021-06-22 09:45:00,NSE:MANAKSIA,65.4,65.5,64.55,64.6,7233.0
2021-06-22 10:30:00,NSE:MANAKSIA,64.8,64.85,64.2,64.45,8924.0
2021-06-22 11:15:00,NSE:MANAKSIA,64.6,64.75,64.25,64.3,5401.0
2021-06-22 12:00:00,NSE:MANAKSIA,64.3,64.6,64.2,64.4,6357.0
2021-06-22 12:45:00,NSE:MANAKSIA,64.65,64.75,64.45,64.75,1987.0
2021-06-22 13:30:00,NSE:MANAKSIA,64.75,65.2,64.6,64.9,10269.0
2021-06-22 14:15:00,NSE:MANAKSIA,64.9,65.5,64.85,65.35,16218.0
2021-06-22 15:00:00,NSE:MANAKSIA,65.35,65.35,64.0,64.0,24061.0
2021-06-22 15:45:00,NSE:MANAKSIA,64.75,64.75,64.0,64.0,15.0
2021-06-23 09:00:00,NSE:MANAKSIA,65.5,66.8,65.05,65.4,29171.0
2021-06-23 09:45:00,NSE:MANAKSIA,65.35,66.0,65.05,65.05,17108.0
2021-06-23 10:30:00,NSE:MANAKSIA,65.1,65.4,64.75,65.05,15939.0
2021-06-23 11:15:00,NSE:MANAKSIA,65.05,65.1,61.0,64.3,129557.0
2021-06-23 12:00:00,NSE:MANAKSIA,64.6,64.85,64.0,64.4,10494.0
2021-06-23 12:45:00,NSE:MANAKSIA,64.6,64.9,63.5,63.75,10477.0
2021-06-23 13:30:00,NSE:MANAKSIA,63.85,64.5,63.85,64.2,8313.0
2021-06-23 14:15:00,NSE:MANAKSIA,64.15,64.15,63.2,63.3,14584.0
2021-06-23 15:00:00,NSE:MANAKSIA,63.0,63.45,62.3,62.8,28837.0
2021-06-24 09:00:00,NSE:MANAKSIA,64.45,64.45,63.15,63.8,15605.0
2021-06-24 09:45:00,NSE:MANAKSIA,63.7,64.05,63.5,63.65,13361.0
2021-06-24 10:30:00,NSE:MANAKSIA,63.5,63.5,62.85,63.15,6322.0
2021-06-24 11:15:00,NSE:MANAKSIA,63.0,63.5,62.95,63.3,5100.0
2021-06-24 12:00:00,NSE:MANAKSIA,63.3,63.5,63.0,63.05,1805.0
2021-06-24 12:45:00,NSE:MANAKSIA,63.05,63.5,62.7,63.4,10281.0
2021-06-24 13:30:00,NSE:MANAKSIA,63.4,63.5,63.05,63.1,2915.0
2021-06-24 14:15:00,NSE:MANAKSIA,62.95,63.25,62.7,63.1,5446.0
2021-06-24 15:00:00,NSE:MANAKSIA,62.95,63.15,61.8,62.0,16002.0
2021-06-25 09:00:00,NSE:MANAKSIA,63.95,65.0,63.6,64.15,23510.0
2021-06-25 09:45:00,NSE:MANAKSIA,64.25,64.5,64.0,64.15,15114.0
2021-06-25 10:30:00,NSE:MANAKSIA,64.0,69.25,64.0,67.05,310153.0
2021-06-25 11:15:00,NSE:MANAKSIA,67.05,67.1,66.65,66.9,17753.0
2021-06-25 12:00:00,NSE:MANAKSIA,66.7,67.0,66.6,66.7,5378.0
2021-06-25 12:45:00,NSE:MANAKSIA,66.65,67.15,66.6,67.15,14479.0
2021-06-25 13:30:00,NSE:MANAKSIA,67.15,67.3,65.7,65.85,35439.0
2021-06-25 14:15:00,NSE:MANAKSIA,65.85,66.0,65.3,65.65,23451.0
2021-06-25 15:00:00,NSE:MANAKSIA,65.5,65.8,64.15,65.0,69144.0
2021-06-28 09:00:00,NSE:MANAKSIA,66.2,66.2,64.0,65.45,35905.0
2021-06-28 09:45:00,NSE:MANAKSIA,65.45,65.55,64.8,64.8,16285.0
2021-06-28 10:30:00,NSE:MANAKSIA,64.95,65.1,64.75,64.9,3776.0
2021-06-28 11:15:00,NSE:MANAKSIA,64.9,64.9,64.55,64.8,4143.0
2021-06-28 12:00:00,NSE:MANAKSIA,64.8,65.1,64.55,64.9,4771.0
2021-06-28 12:45:00,NSE:MANAKSIA,64.95,65.35,64.8,65.25,2605.0
2021-06-28 13:30:00,NSE:MANAKSIA,65.25,65.25,64.8,64.9,4218.0
2021-06-28 14:15:00,NSE:MANAKSIA,64.9,64.95,64.1,64.65,9385.0
2021-06-28 15:00:00,NSE:MANAKSIA,64.4,64.85,64.1,64.6,9723.0
2021-06-28 15:45:00,NSE:MANAKSIA,64.45,64.6,64.45,64.6,400.0
2021-06-29 09:00:00,NSE:MANAKSIA,65.55,65.85,64.4,64.8,11165.0
2021-06-29 09:45:00,NSE:MANAKSIA,64.8,67.0,64.8,66.85,87618.0
2021-06-29 10:30:00,NSE:MANAKSIA,66.8,67.0,66.3,66.6,20622.0
2021-06-29 11:15:00,NSE:MANAKSIA,66.6,67.0,66.0,66.6,20231.0
2021-06-29 12:00:00,NSE:MANAKSIA,66.6,66.8,66.2,66.65,3242.0
2021-06-29 12:45:00,NSE:MANAKSIA,66.5,66.55,66.0,66.25,6575.0
2021-06-29 13:30:00,NSE:MANAKSIA,66.25,66.4,65.9,65.9,17428.0
2021-06-29 14:15:00,NSE:MANAKSIA,65.85,66.15,65.35,65.6,11157.0
2021-06-29 15:00:00,NSE:MANAKSIA,65.5,65.8,65.2,65.65,9836.0
2021-06-29 15:45:00,NSE:MANAKSIA,65.45,65.65,65.45,65.65,94.0
2021-06-30 09:00:00,NSE:MANAKSIA,66.0,66.65,65.35,65.65,12439.0
2021-06-30 09:45:00,NSE:MANAKSIA,65.6,65.8,65.0,65.7,10706.0
2021-06-30 10:30:00,NSE:MANAKSIA,65.4,65.8,65.3,65.35,3040.0
2021-06-30 11:15:00,NSE:MANAKSIA,65.45,65.85,65.45,65.7,4088.0
2021-06-30 12:00:00,NSE:MANAKSIA,65.6,65.7,65.35,65.55,2463.0
2021-06-30 12:45:00,NSE:MANAKSIA,65.55,66.0,65.55,65.9,2247.0
2021-06-30 13:30:00,NSE:MANAKSIA,65.9,65.95,64.9,65.15,14784.0
2021-06-30 14:15:00,NSE:MANAKSIA,65.1,65.2,64.2,64.45,18140.0
2021-06-30 15:00:00,NSE:MANAKSIA,64.5,65.0,64.0,65.0,9966.0
2021-06-30 15:45:00,NSE:MANAKSIA,64.35,64.35,64.35,64.35,61.0
2021-07-01 09:00:00,NSE:MANAKSIA,65.45,65.45,64.65,65.35,9369.0
2021-07-01 09:45:00,NSE:MANAKSIA,65.45,65.6,65.25,65.35,5991.0
2021-07-01 10:30:00,NSE:MANAKSIA,65.25,65.3,64.75,65.0,2393.0
2021-07-01 11:15:00,NSE:MANAKSIA,65.0,65.0,64.6,64.85,14263.0
2021-07-01 12:00:00,NSE:MANAKSIA,64.75,64.9,64.7,64.7,647.0
2021-07-01 12:45:00,NSE:MANAKSIA,64.65,64.85,64.65,64.7,1315.0
2021-07-01 13:30:00,NSE:MANAKSIA,64.65,64.85,64.65,64.8,6893.0
2021-07-01 14:15:00,NSE:MANAKSIA,64.8,64.85,64.7,64.7,5609.0
2021-07-01 15:00:00,NSE:MANAKSIA,64.75,64.9,64.65,64.75,12388.0
2021-07-02 09:00:00,NSE:MANAKSIA,65.8,65.8,65.0,65.15,4017.0
2021-07-02 09:45:00,NSE:MANAKSIA,65.2,65.2,65.05,65.15,10811.0
2021-07-02 10:30:00,NSE:MANAKSIA,65.15,65.2,65.05,65.2,4348.0
2021-07-02 11:15:00,NSE:MANAKSIA,65.05,65.15,65.05,65.1,8875.0
2021-07-02 12:00:00,NSE:MANAKSIA,65.05,65.25,65.05,65.05,1931.0
2021-07-02 12:45:00,NSE:MANAKSIA,65.05,65.1,64.25,64.65,11472.0
2021-07-02 13:30:00,NSE:MANAKSIA,64.6,64.85,64.25,64.7,9418.0
2021-07-02 14:15:00,NSE:MANAKSIA,64.65,64.65,64.35,64.4,5270.0
2021-07-02 15:00:00,NSE:MANAKSIA,64.35,64.75,64.05,64.05,8863.0
2021-07-05 09:00:00,NSE:MANAKSIA,64.05,65.25,63.75,64.6,14773.0
2021-07-05 09:45:00,NSE:MANAKSIA,64.7,64.75,64.0,64.45,17564.0
2021-07-05 10:30:00,NSE:MANAKSIA,64.35,64.65,64.1,64.1,5968.0
2021-07-05 11:15:00,NSE:MANAKSIA,64.3,64.3,63.8,64.0,10289.0
2021-07-05 12:00:00,NSE:MANAKSIA,64.0,64.2,63.7,64.2,4720.0
2021-07-05 12:45:00,NSE:MANAKSIA,63.8,64.2,63.8,64.0,6265.0
2021-07-05 13:30:00,NSE:MANAKSIA,64.0,64.05,63.8,64.0,10039.0
2021-07-05 14:15:00,NSE:MANAKSIA,64.0,64.45,63.9,64.35,11575.0
2021-07-05 15:00:00,NSE:MANAKSIA,64.15,64.7,63.85,64.25,14393.0
2021-07-06 09:00:00,NSE:MANAKSIA,65.75,65.8,64.25,65.3,22452.0
2021-07-06 09:45:00,NSE:MANAKSIA,65.3,66.5,65.25,66.3,41263.0
2021-07-06 10:30:00,NSE:MANAKSIA,66.2,66.2,65.6,65.7,8101.0
2021-07-06 11:15:00,NSE:MANAKSIA,65.85,65.85,65.2,65.5,9723.0
2021-07-06 12:00:00,NSE:MANAKSIA,65.35,65.65,65.3,65.65,6342.0
2021-07-06 12:45:00,NSE:MANAKSIA,65.6,65.65,65.3,65.4,2940.0
2021-07-06 13:30:00,NSE:MANAKSIA,65.4,65.6,65.4,65.45,2235.0
2021-07-06 14:15:00,NSE:MANAKSIA,65.35,65.6,64.3,64.4,14058.0
2021-07-06 15:00:00,NSE:MANAKSIA,64.3,65.0,63.8,64.95,28846.0
2021-07-06 15:45:00,NSE:MANAKSIA,64.35,64.35,64.35,64.35,15.0
2021-07-07 09:00:00,NSE:MANAKSIA,64.35,65.45,64.25,64.6,8559.0
2021-07-07 09:45:00,NSE:MANAKSIA,64.6,65.35,64.5,65.0,6594.0
2021-07-07 10:30:00,NSE:MANAKSIA,64.85,65.05,64.7,64.8,15491.0
2021-07-07 11:15:00,NSE:MANAKSIA,64.8,64.85,64.25,64.5,5307.0
2021-07-07 12:00:00,NSE:MANAKSIA,64.45,65.15,64.25,64.75,3800.0
2021-07-07 12:45:00,NSE:MANAKSIA,64.75,64.75,64.55,64.65,539.0
2021-07-07 13:30:00,NSE:MANAKSIA,64.6,64.75,64.25,64.5,7573.0
2021-07-07 14:15:00,NSE:MANAKSIA,64.5,64.65,64.2,64.5,14064.0
2021-07-07 15:00:00,NSE:MANAKSIA,64.35,64.65,64.15,64.6,5828.0
2021-07-08 09:00:00,NSE:MANAKSIA,65.35,65.35,63.15,64.75,20661.0
2021-07-08 09:45:00,NSE:MANAKSIA,64.8,66.6,64.35,66.5,68539.0
2021-07-08 10:30:00,NSE:MANAKSIA,66.5,66.5,65.6,65.85,29546.0
2021-07-08 11:15:00,NSE:MANAKSIA,65.85,66.25,65.6,65.9,10194.0
2021-07-08 12:00:00,NSE:MANAKSIA,65.9,66.2,65.6,65.95,9524.0
2021-07-08 12:45:00,NSE:MANAKSIA,65.9,67.65,65.7,67.65,73785.0
2021-07-08 13:30:00,NSE:MANAKSIA,67.35,70.45,67.35,68.95,530276.0
2021-07-08 14:15:00,NSE:MANAKSIA,68.75,68.8,67.3,68.05,76263.0
2021-07-08 15:00:00,NSE:MANAKSIA,68.25,68.25,67.65,67.9,58070.0
2021-07-09 09:00:00,NSE:MANAKSIA,68.35,69.35,67.85,68.35,51548.0
2021-07-09 09:45:00,NSE:MANAKSIA,68.5,69.85,68.4,68.9,33903.0
2021-07-09 10:30:00,NSE:MANAKSIA,69.0,69.0,67.2,67.2,25174.0
2021-07-09 11:15:00,NSE:MANAKSIA,67.3,67.85,67.05,67.45,10432.0
2021-07-09 12:00:00,NSE:MANAKSIA,67.5,67.6,66.8,67.2,8864.0
2021-07-09 12:45:00,NSE:MANAKSIA,67.25,67.25,66.75,67.0,9142.0
2021-07-09 13:30:00,NSE:MANAKSIA,67.0,67.4,66.95,67.0,4192.0
2021-07-09 14:15:00,NSE:MANAKSIA,67.0,67.65,66.8,67.0,12641.0
2021-07-09 15:00:00,NSE:MANAKSIA,66.85,67.25,66.5,66.55,24795.0
2021-07-12 09:00:00,NSE:MANAKSIA,67.65,67.65,66.1,66.8,16774.0
2021-07-12 09:45:00,NSE:MANAKSIA,66.8,67.05,66.5,66.5,10874.0
2021-07-12 10:30:00,NSE:MANAKSIA,66.5,66.65,66.0,66.55,12889.0
2021-07-12 11:15:00,NSE:MANAKSIA,66.5,69.85,66.5,69.2,154439.0
2021-07-12 12:00:00,NSE:MANAKSIA,69.25,69.4,68.45,68.95,27125.0
2021-07-12 12:45:00,NSE:MANAKSIA,68.95,68.95,67.75,68.2,25620.0
2021-07-12 13:30:00,NSE:MANAKSIA,68.2,68.75,68.05,68.45,7434.0
2021-07-12 14:15:00,NSE:MANAKSIA,68.45,68.45,67.85,68.15,13769.0
2021-07-12 15:00:00,NSE:MANAKSIA,68.15,68.85,68.05,68.85,19562.0
2021-07-12 15:45:00,NSE:MANAKSIA,68.2,68.2,68.2,68.2,3.0
2021-07-13 09:00:00,NSE:MANAKSIA,69.5,69.5,68.0,68.25,15441.0
2021-07-13 09:45:00,NSE:MANAKSIA,68.35,68.9,68.15,68.5,14719.0
2021-07-13 10:30:00,NSE:MANAKSIA,68.5,68.6,67.4,67.95,12974.0
2021-07-13 11:15:00,NSE:MANAKSIA,67.8,68.2,67.5,68.05,4926.0
2021-07-13 12:00:00,NSE:MANAKSIA,68.25,68.4,68.0,68.05,2325.0
2021-07-13 12:45:00,NSE:MANAKSIA,68.05,68.2,67.8,68.0,8871.0
2021-07-13 13:30:00,NSE:MANAKSIA,68.0,68.3,68.0,68.1,4983.0
2021-07-13 14:15:00,NSE:MANAKSIA,68.15,68.25,67.5,68.15,12345.0
2021-07-13 15:00:00,NSE:MANAKSIA,68.25,68.4,67.6,67.8,13365.0
2021-07-13 15:45:00,NSE:MANAKSIA,68.0,68.0,68.0,68.0,100.0
2021-07-14 09:00:00,NSE:MANAKSIA,68.0,68.85,67.75,68.55,17948.0
2021-07-14 09:45:00,NSE:MANAKSIA,68.6,69.85,68.1,68.75,29850.0
2021-07-14 10:30:00,NSE:MANAKSIA,68.85,69.2,68.75,68.9,16431.0
2021-07-14 11:15:00,NSE:MANAKSIA,69.0,69.5,68.9,69.05,11253.0
2021-07-14 12:00:00,NSE:MANAKSIA,69.05,69.45,68.95,69.3,13578.0
2021-07-14 12:45:00,NSE:MANAKSIA,69.3,69.5,68.85,68.85,10775.0
2021-07-14 13:30:00,NSE:MANAKSIA,68.8,69.4,68.75,68.9,4207.0
2021-07-14 14:15:00,NSE:MANAKSIA,68.95,69.25,68.5,68.75,7272.0
2021-07-14 15:00:00,NSE:MANAKSIA,68.85,69.5,68.3,68.8,22866.0
2021-07-15 09:00:00,NSE:MANAKSIA,69.95,71.5,69.75,71.25,136275.0
2021-07-15 09:45:00,NSE:MANAKSIA,71.05,72.8,70.8,71.0,135073.0
2021-07-15 10:30:00,NSE:MANAKSIA,71.1,71.65,70.7,70.95,29012.0
2021-07-15 11:15:00,NSE:MANAKSIA,70.85,71.5,70.7,71.25,12942.0
2021-07-15 12:00:00,NSE:MANAKSIA,71.25,71.55,70.95,71.35,10283.0
2021-07-15 12:45:00,NSE:MANAKSIA,71.5,71.5,70.95,71.15,7352.0
2021-07-15 13:30:00,NSE:MANAKSIA,71.15,71.45,71.0,71.25,8641.0
2021-07-15 14:15:00,NSE:MANAKSIA,71.1,71.6,70.95,71.3,21572.0
2021-07-15 15:00:00,NSE:MANAKSIA,71.3,71.5,70.8,71.25,23466.0
2021-07-16 09:00:00,NSE:MANAKSIA,71.8,71.8,70.1,70.4,24281.0
2021-07-16 09:45:00,NSE:MANAKSIA,70.35,71.5,70.1,71.35,37516.0
2021-07-16 10:30:00,NSE:MANAKSIA,71.3,71.65,70.5,70.5,19749.0
2021-07-16 11:15:00,NSE:MANAKSIA,70.5,71.2,70.5,71.15,5398.0
2021-07-16 12:00:00,NSE:MANAKSIA,71.1,71.1,70.5,70.75,7993.0
2021-07-16 12:45:00,NSE:MANAKSIA,70.75,71.1,70.55,71.0,11493.0
2021-07-16 13:30:00,NSE:MANAKSIA,71.0,71.0,70.45,70.6,3197.0
2021-07-16 14:15:00,NSE:MANAKSIA,70.7,70.85,70.25,70.4,7585.0
2021-07-16 15:00:00,NSE:MANAKSIA,70.4,71.2,70.25,71.1,22147.0
2021-07-16 15:45:00,NSE:MANAKSIA,70.75,70.75,70.75,70.75,1.0
2021-07-19 09:00:00,NSE:MANAKSIA,71.0,71.2,70.0,70.7,22781.0
2021-07-19 09:45:00,NSE:MANAKSIA,70.65,70.85,70.4,70.5,8251.0
2021-07-19 10:30:00,NSE:MANAKSIA,70.4,70.55,70.2,70.55,5677.0
2021-07-19 11:15:00,NSE:MANAKSIA,70.55,70.65,70.05,70.1,5951.0
2021-07-19 12:00:00,NSE:MANAKSIA,70.2,70.35,70.0,70.1,4185.0
2021-07-19 12:45:00,NSE:MANAKSIA,70.0,70.2,69.1,69.65,23791.0
2021-07-19 13:30:00,NSE:MANAKSIA,69.65,69.85,69.45,69.75,2031.0
2021-07-19 14:15:00,NSE:MANAKSIA,69.75,70.0,69.2,69.35,6872.0
2021-07-19 15:00:00,NSE:MANAKSIA,69.35,69.5,69.1,69.3,8227.0
2021-07-20 09:00:00,NSE:MANAKSIA,69.3,70.5,68.0,68.8,22856.0
2021-07-20 09:45:00,NSE:MANAKSIA,68.85,69.5,68.65,69.0,11278.0
2021-07-20 10:30:00,NSE:MANAKSIA,69.1,69.15,67.05,67.35,21713.0
2021-07-20 11:15:00,NSE:MANAKSIA,67.2,67.8,66.5,67.45,8017.0
2021-07-20 12:00:00,NSE:MANAKSIA,67.45,67.5,66.7,67.5,13746.0
2021-07-20 12:45:00,NSE:MANAKSIA,67.85,68.15,66.55,67.7,10288.0
2021-07-20 13:30:00,NSE:MANAKSIA,67.5,67.55,67.4,67.4,2312.0
2021-07-20 14:15:00,NSE:MANAKSIA,67.4,69.0,67.1,68.3,14370.0
2021-07-20 15:00:00,NSE:MANAKSIA,68.3,68.75,67.55,68.4,15129.0
2021-07-20 15:45:00,NSE:MANAKSIA,68.25,68.25,68.25,68.25,25.0
2021-07-22 09:00:00,NSE:MANAKSIA,69.0,70.9,68.7,69.4,23492.0
2021-07-22 09:45:00,NSE:MANAKSIA,69.45,75.45,69.45,73.65,458362.0
2021-07-22 10:30:00,NSE:MANAKSIA,73.7,74.85,72.85,73.3,110470.0
2021-07-22 11:15:00,NSE:MANAKSIA,73.3,73.9,72.6,73.9,54066.0
2021-07-22 12:00:00,NSE:MANAKSIA,73.9,73.9,72.15,72.4,39024.0
2021-07-22 12:45:00,NSE:MANAKSIA,72.4,72.95,71.8,71.85,43317.0
2021-07-22 13:30:00,NSE:MANAKSIA,72.0,72.8,71.5,71.9,25634.0
2021-07-22 14:15:00,NSE:MANAKSIA,72.0,72.65,71.6,71.8,16051.0
2021-07-22 15:00:00,NSE:MANAKSIA,71.8,72.05,71.5,71.9,32577.0
2021-07-23 09:00:00,NSE:MANAKSIA,72.2,73.0,71.1,71.4,37959.0
2021-07-23 09:45:00,NSE:MANAKSIA,71.15,71.75,70.1,71.5,36352.0
2021-07-23 10:30:00,NSE:MANAKSIA,71.4,71.9,69.85,70.6,22846.0
2021-07-23 11:15:00,NSE:MANAKSIA,70.75,70.85,70.25,70.5,4547.0
2021-07-23 12:00:00,NSE:MANAKSIA,70.8,70.8,70.2,70.35,7351.0
2021-07-23 12:45:00,NSE:MANAKSIA,70.35,71.0,70.35,71.0,3761.0
2021-07-23 13:30:00,NSE:MANAKSIA,70.95,71.2,70.9,71.0,4725.0
2021-07-23 14:15:00,NSE:MANAKSIA,71.0,71.4,70.85,70.9,9232.0
2021-07-23 15:00:00,NSE:MANAKSIA,70.95,71.2,70.5,71.0,13894.0
2021-07-23 15:45:00,NSE:MANAKSIA,70.75,71.0,70.75,71.0,500.0
2021-07-26 09:00:00,NSE:MANAKSIA,71.0,71.5,69.75,70.5,19455.0
2021-07-26 09:45:00,NSE:MANAKSIA,70.65,71.75,70.35,71.2,11810.0
2021-07-26 10:30:00,NSE:MANAKSIA,71.35,71.35,70.8,70.9,8720.0
2021-07-26 11:15:00,NSE:MANAKSIA,70.7,70.85,69.4,70.25,15800.0
2021-07-26 12:00:00,NSE:MANAKSIA,70.2,70.7,70.0,70.3,6607.0
2021-07-26 12:45:00,NSE:MANAKSIA,70.3,71.5,70.05,71.4,12866.0
2021-07-26 13:30:00,NSE:MANAKSIA,70.85,70.95,70.45,70.45,6052.0
2021-07-26 14:15:00,NSE:MANAKSIA,70.2,70.55,70.0,70.15,7574.0
2021-07-26 15:00:00,NSE:MANAKSIA,70.0,70.25,69.1,69.5,20029.0
2021-07-27 09:00:00,NSE:MANAKSIA,69.8,71.45,69.8,70.9,14286.0
2021-07-27 09:45:00,NSE:MANAKSIA,70.7,71.15,70.3,70.5,7659.0
2021-07-27 10:30:00,NSE:MANAKSIA,70.5,70.5,70.3,70.5,3679.0
2021-07-27 11:15:00,NSE:MANAKSIA,70.5,70.95,70.35,70.75,6014.0
2021-07-27 12:00:00,NSE:MANAKSIA,70.75,70.85,70.1,70.4,6065.0
2021-07-27 12:45:00,NSE:MANAKSIA,70.25,70.4,70.0,70.25,5816.0
2021-07-27 13:30:00,NSE:MANAKSIA,70.0,70.2,69.8,70.0,14782.0
2021-07-27 14:15:00,NSE:MANAKSIA,70.0,70.1,69.0,69.25,5961.0
2021-07-27 15:00:00,NSE:MANAKSIA,69.1,69.4,68.65,68.8,16646.0
2021-07-28 09:00:00,NSE:MANAKSIA,70.45,70.45,68.5,68.9,12284.0
2021-07-28 09:45:00,NSE:MANAKSIA,68.6,69.65,68.45,69.25,9411.0
2021-07-28 10:30:00,NSE:MANAKSIA,69.25,69.35,67.25,68.55,26834.0
2021-07-28 11:15:00,NSE:MANAKSIA,68.9,69.45,68.15,69.25,13223.0
2021-07-28 12:00:00,NSE:MANAKSIA,69.25,69.9,69.05,69.35,5834.0
2021-07-28 12:45:00,NSE:MANAKSIA,69.35,70.4,69.1,70.3,8473.0
2021-07-28 13:30:00,NSE:MANAKSIA,70.3,70.3,69.05,69.6,4366.0
2021-07-28 14:15:00,NSE:MANAKSIA,69.55,69.6,69.0,69.5,7211.0
2021-07-28 15:00:00,NSE:MANAKSIA,69.35,69.9,69.05,69.75,8825.0
2021-07-28 15:45:00,NSE:MANAKSIA,69.55,69.55,69.55,69.55,20.0
2021-07-29 09:00:00,NSE:MANAKSIA,70.45,70.7,69.6,70.1,11931.0
2021-07-29 09:45:00,NSE:MANAKSIA,70.0,70.45,69.85,69.9,5263.0
2021-07-29 10:30:00,NSE:MANAKSIA,70.0,70.3,69.15,69.8,7460.0
2021-07-29 11:15:00,NSE:MANAKSIA,69.9,71.85,69.9,71.0,28526.0
2021-07-29 12:00:00,NSE:MANAKSIA,71.0,71.5,70.0,70.35,16400.0
2021-07-29 12:45:00,NSE:MANAKSIA,70.35,70.75,70.35,70.6,7177.0
2021-07-29 13:30:00,NSE:MANAKSIA,70.45,70.6,70.0,70.5,9631.0
2021-07-29 14:15:00,NSE:MANAKSIA,70.5,71.0,70.05,70.05,15360.0
2021-07-29 15:00:00,NSE:MANAKSIA,70.3,70.3,69.65,69.95,16162.0
2021-07-29 15:45:00,NSE:MANAKSIA,69.95,69.95,69.95,69.95,106.0
2021-07-30 09:00:00,NSE:MANAKSIA,70.75,71.45,70.2,70.7,11133.0
2021-07-30 09:45:00,NSE:MANAKSIA,70.65,70.9,69.65,69.75,8727.0
2021-07-30 10:30:00,NSE:MANAKSIA,70.0,70.65,69.8,70.0,5071.0
2021-07-30 11:15:00,NSE:MANAKSIA,70.05,70.2,69.75,70.1,5865.0
2021-07-30 12:00:00,NSE:MANAKSIA,70.15,70.4,70.1,70.1,1393.0
2021-07-30 12:45:00,NSE:MANAKSIA,70.15,70.3,69.95,70.1,4990.0
2021-07-30 13:30:00,NSE:MANAKSIA,69.85,70.05,69.85,70.0,1362.0
2021-07-30 14:15:00,NSE:MANAKSIA,69.95,70.6,69.55,69.65,26054.0
2021-07-30 15:00:00,NSE:MANAKSIA,69.55,70.45,69.35,69.5,8976.0
2021-07-30 15:45:00,NSE:MANAKSIA,69.95,69.95,69.95,69.95,30.0
2021-08-02 09:00:00,NSE:MANAKSIA,70.85,71.2,70.2,71.2,11819.0
2021-08-02 09:45:00,NSE:MANAKSIA,71.25,71.35,70.75,71.15,9219.0
2021-08-02 10:30:00,NSE:MANAKSIA,71.1,71.35,71.0,71.2,4891.0
2021-08-02 11:15:00,NSE:MANAKSIA,71.2,75.5,71.2,73.6,174017.0
2021-08-02 12:00:00,NSE:MANAKSIA,73.6,73.95,73.15,73.35,23440.0
2021-08-02 12:45:00,NSE:MANAKSIA,73.35,73.45,73.0,73.0,7289.0
2021-08-02 13:30:00,NSE:MANAKSIA,73.0,73.55,72.9,72.9,10936.0
2021-08-02 14:15:00,NSE:MANAKSIA,72.9,73.15,72.7,72.7,17272.0
2021-08-02 15:00:00,NSE:MANAKSIA,72.7,73.35,72.55,72.85,24648.0
2021-08-03 09:00:00,NSE:MANAKSIA,73.9,74.25,73.5,73.9,23237.0
2021-08-03 09:45:00,NSE:MANAKSIA,73.8,73.9,73.7,73.7,12249.0
2021-08-03 10:30:00,NSE:MANAKSIA,73.7,73.85,73.5,73.55,9745.0
2021-08-03 11:15:00,NSE:MANAKSIA,73.5,73.55,73.3,73.3,7820.0
2021-08-03 12:00:00,NSE:MANAKSIA,73.35,73.35,72.05,72.75,8195.0
2021-08-03 12:45:00,NSE:MANAKSIA,72.55,72.95,72.55,72.75,6507.0
2021-08-03 13:30:00,NSE:MANAKSIA,72.65,72.85,72.5,72.5,2727.0
2021-08-03 14:15:00,NSE:MANAKSIA,72.7,72.7,71.3,71.8,8222.0
2021-08-03 15:00:00,NSE:MANAKSIA,71.95,73.0,71.95,72.35,16906.0
2021-08-03 15:45:00,NSE:MANAKSIA,72.8,72.8,72.8,72.8,70.0
2021-08-04 09:00:00,NSE:MANAKSIA,74.2,74.2,72.65,72.75,9930.0
2021-08-04 09:45:00,NSE:MANAKSIA,72.75,73.2,72.25,73.0,11946.0
2021-08-04 10:30:00,NSE:MANAKSIA,72.95,73.0,72.1,72.1,7060.0
2021-08-04 11:15:00,NSE:MANAKSIA,73.0,73.2,71.8,72.3,18661.0
2021-08-04 12:00:00,NSE:MANAKSIA,72.4,72.5,70.5,71.0,11491.0
2021-08-04 12:45:00,NSE:MANAKSIA,70.65,71.0,70.1,70.3,4155.0
2021-08-04 13:30:00,NSE:MANAKSIA,70.25,71.4,69.7,70.3,15397.0
2021-08-04 14:15:00,NSE:MANAKSIA,70.55,70.65,69.3,69.7,5035.0
2021-08-04 15:00:00,NSE:MANAKSIA,69.6,69.95,69.3,69.65,16421.0
2021-08-05 09:00:00,NSE:MANAKSIA,70.0,72.9,69.5,69.7,29896.0
2021-08-05 09:45:00,NSE:MANAKSIA,69.65,70.0,69.05,69.6,16148.0
2021-08-05 10:30:00,NSE:MANAKSIA,69.5,70.2,69.5,69.75,14434.0
2021-08-05 11:15:00,NSE:MANAKSIA,69.75,70.85,69.75,70.85,11561.0
2021-08-05 12:00:00,NSE:MANAKSIA,70.6,70.8,70.4,70.75,2484.0
2021-08-05 12:45:00,NSE:MANAKSIA,70.55,70.65,70.15,70.45,3776.0
2021-08-05 13:30:00,NSE:MANAKSIA,70.2,70.85,70.2,70.85,4409.0
2021-08-05 14:15:00,NSE:MANAKSIA,70.6,71.15,69.9,69.95,20378.0
2021-08-05 15:00:00,NSE:MANAKSIA,69.95,70.5,69.5,69.85,10996.0
2021-08-06 09:00:00,NSE:MANAKSIA,72.0,72.0,68.05,70.7,11106.0
2021-08-06 09:45:00,NSE:MANAKSIA,70.65,71.55,70.4,71.05,7271.0
2021-08-06 10:30:00,NSE:MANAKSIA,71.0,71.15,70.5,70.75,7513.0
2021-08-06 11:15:00,NSE:MANAKSIA,71.3,71.55,70.5,70.7,4074.0
2021-08-06 12:00:00,NSE:MANAKSIA,70.7,70.75,70.25,70.3,3697.0
2021-08-06 12:45:00,NSE:MANAKSIA,70.3,70.9,70.3,70.8,3673.0
2021-08-06 13:30:00,NSE:MANAKSIA,70.6,71.0,70.5,71.0,5248.0
2021-08-06 14:15:00,NSE:MANAKSIA,70.95,71.0,70.35,70.55,2685.0
2021-08-06 15:00:00,NSE:MANAKSIA,70.5,71.0,70.2,70.45,5324.0
2021-08-09 09:00:00,NSE:MANAKSIA,70.15,71.45,70.15,70.95,9913.0
2021-08-09 09:45:00,NSE:MANAKSIA,70.8,71.0,70.7,70.8,7683.0
2021-08-09 10:30:00,NSE:MANAKSIA,70.9,70.9,70.4,70.55,2940.0
2021-08-09 11:15:00,NSE:MANAKSIA,70.4,70.6,70.0,70.0,5953.0
2021-08-09 12:00:00,NSE:MANAKSIA,70.0,70.3,69.6,69.95,21207.0
2021-08-09 12:45:00,NSE:MANAKSIA,70.0,70.15,69.65,69.65,4375.0
2021-08-09 13:30:00,NSE:MANAKSIA,69.9,70.0,69.75,69.85,8531.0
2021-08-09 14:15:00,NSE:MANAKSIA,69.95,70.0,69.25,69.7,28554.0
2021-08-09 15:00:00,NSE:MANAKSIA,69.45,70.95,69.45,70.6,33880.0
2021-08-09 15:45:00,NSE:MANAKSIA,70.35,70.35,70.35,70.35,50.0
2021-08-10 09:00:00,NSE:MANAKSIA,71.7,72.0,70.85,70.95,67990.0
2021-08-10 09:45:00,NSE:MANAKSIA,71.0,71.0,70.05,70.15,11725.0
2021-08-10 10:30:00,NSE:MANAKSIA,70.15,70.35,68.85,69.1,12010.0
2021-08-10 11:15:00,NSE:MANAKSIA,69.15,69.4,68.6,69.25,6145.0
2021-08-10 12:00:00,NSE:MANAKSIA,69.3,69.3,68.8,68.95,4409.0
2021-08-10 12:45:00,NSE:MANAKSIA,69.1,69.1,68.05,68.2,8975.0
2021-08-10 13:30:00,NSE:MANAKSIA,68.25,68.5,65.0,65.1,13334.0
2021-08-10 14:15:00,NSE:MANAKSIA,65.55,65.55,62.55,65.4,24931.0
2021-08-10 15:00:00,NSE:MANAKSIA,65.25,65.45,64.0,64.5,30887.0
2021-08-11 09:00:00,NSE:MANAKSIA,65.9,68.35,64.25,64.5,24261.0
2021-08-11 09:45:00,NSE:MANAKSIA,64.35,64.35,62.4,63.05,19004.0
2021-08-11 10:30:00,NSE:MANAKSIA,61.6,62.95,61.5,61.95,25512.0
2021-08-11 11:15:00,NSE:MANAKSIA,62.45,62.5,61.1,62.1,27043.0
2021-08-11 12:00:00,NSE:MANAKSIA,62.1,64.4,61.5,64.3,16824.0
2021-08-11 12:45:00,NSE:MANAKSIA,63.95,64.95,63.7,64.9,5179.0
2021-08-11 13:30:00,NSE:MANAKSIA,64.95,64.95,63.15,63.85,6474.0
2021-08-11 14:15:00,NSE:MANAKSIA,63.85,65.7,63.75,64.6,20148.0
2021-08-11 15:00:00,NSE:MANAKSIA,64.75,65.0,64.35,64.65,14354.0
2021-08-12 09:00:00,NSE:MANAKSIA,71.0,72.7,70.05,71.45,221273.0
2021-08-12 09:45:00,NSE:MANAKSIA,71.35,71.55,69.3,70.1,62326.0
2021-08-12 10:30:00,NSE:MANAKSIA,70.15,72.25,69.75,71.85,62792.0
2021-08-12 11:15:00,NSE:MANAKSIA,71.85,71.85,71.05,71.2,19361.0
2021-08-12 12:00:00,NSE:MANAKSIA,71.15,71.95,71.05,71.4,20649.0
2021-08-12 12:45:00,NSE:MANAKSIA,71.4,72.0,71.1,71.5,20535.0
2021-08-12 13:30:00,NSE:MANAKSIA,71.6,72.2,71.1,71.45,30852.0
2021-08-12 14:15:00,NSE:MANAKSIA,71.6,72.3,71.3,71.4,47254.0
2021-08-12 15:00:00,NSE:MANAKSIA,71.45,72.2,71.35,71.8,58711.0
2021-08-13 09:00:00,NSE:MANAKSIA,72.85,73.3,70.65,71.6,34043.0
2021-08-13 09:45:00,NSE:MANAKSIA,71.4,71.75,71.0,71.55,10790.0
2021-08-13 10:30:00,NSE:MANAKSIA,71.7,71.7,70.75,70.85,16780.0
2021-08-13 11:15:00,NSE:MANAKSIA,70.85,71.4,70.05,70.55,23530.0
2021-08-13 12:00:00,NSE:MANAKSIA,70.8,70.8,70.4,70.5,4140.0
2021-08-13 12:45:00,NSE:MANAKSIA,70.75,70.75,70.25,70.25,4569.0
2021-08-13 13:30:00,NSE:MANAKSIA,70.25,70.85,70.25,70.4,2790.0
2021-08-13 14:15:00,NSE:MANAKSIA,70.5,70.65,70.2,70.45,7351.0
2021-08-13 15:00:00,NSE:MANAKSIA,70.4,70.75,70.15,70.25,17349.0
