datetime,symbol,open,high,low,close,volume
2019-05-23 15:00:00,NSE:ORIENTABRA,22.8,23.0,22.65,23.0,3253.0
2019-05-24 09:00:00,NSE:ORIENTABRA,22.9,23.25,22.85,23.25,1965.0
2019-05-24 09:45:00,NSE:ORIENTABRA,23.0,23.0,22.9,22.9,10930.0
2019-05-24 10:30:00,NSE:ORIENTABRA,22.65,23.0,22.65,23.0,601.0
2019-05-24 11:15:00,NSE:ORIENTABRA,22.9,22.9,22.75,22.9,1548.0
2019-05-24 12:00:00,NSE:ORIENTABRA,22.9,22.9,22.8,22.8,1000.0
2019-05-24 12:45:00,NSE:ORIENTABRA,22.9,23.0,22.8,23.0,3450.0
2019-05-24 13:30:00,NSE:ORIENTABRA,23.0,23.0,22.85,22.85,508.0
2019-05-24 14:15:00,NSE:ORIENTABRA,22.85,23.05,22.85,23.0,2525.0
2019-05-24 15:00:00,NSE:ORIENTABRA,23.1,23.3,23.05,23.15,6621.0
2019-05-27 09:00:00,NSE:ORIENTABRA,23.9,23.9,22.8,23.4,438.0
2019-05-27 09:45:00,NSE:ORIENTABRA,23.4,23.6,23.05,23.55,919.0
2019-05-27 10:30:00,NSE:ORIENTABRA,23.5,23.9,23.15,23.6,6406.0
2019-05-27 11:15:00,NSE:ORIENTABRA,24.0,24.25,24.0,24.2,1702.0
2019-05-27 12:00:00,NSE:ORIENTABRA,24.0,24.1,23.85,24.05,2259.0
2019-05-27 12:45:00,NSE:ORIENTABRA,24.0,24.05,23.85,24.05,2598.0
2019-05-27 13:30:00,NSE:ORIENTABRA,24.0,24.0,23.8,23.8,1474.0
2019-05-27 14:15:00,NSE:ORIENTABRA,23.7,24.0,23.7,24.0,3449.0
2019-05-27 15:00:00,NSE:ORIENTABRA,24.05,24.05,23.8,24.0,4694.0
2019-05-27 15:45:00,NSE:ORIENTABRA,24.0,24.0,24.0,24.0,5.0
2019-05-28 09:00:00,NSE:ORIENTABRA,24.0,24.3,23.65,23.75,555.0
2019-05-28 09:45:00,NSE:ORIENTABRA,23.75,24.0,23.7,23.95,3669.0
2019-05-28 10:30:00,NSE:ORIENTABRA,24.0,24.0,23.3,23.4,12071.0
2019-05-28 11:15:00,NSE:ORIENTABRA,23.35,23.75,23.35,23.35,3641.0
2019-05-28 12:00:00,NSE:ORIENTABRA,24.25,24.25,23.6,23.6,4052.0
2019-05-28 12:45:00,NSE:ORIENTABRA,24.0,24.2,23.7,23.7,1097.0
2019-05-28 13:30:00,NSE:ORIENTABRA,23.75,23.75,23.7,23.7,131.0
2019-05-28 14:15:00,NSE:ORIENTABRA,23.75,23.75,23.7,23.75,1193.0
2019-05-28 15:00:00,NSE:ORIENTABRA,23.75,23.95,23.35,23.35,2464.0
2019-05-29 09:00:00,NSE:ORIENTABRA,24.25,24.25,23.8,23.8,102.0
2019-05-29 09:45:00,NSE:ORIENTABRA,23.9,24.25,23.8,24.15,2538.0
2019-05-29 10:30:00,NSE:ORIENTABRA,23.8,24.0,23.8,23.85,2377.0
2019-05-29 11:15:00,NSE:ORIENTABRA,23.8,24.0,23.8,23.85,416.0
2019-05-29 12:00:00,NSE:ORIENTABRA,23.85,23.85,23.85,23.85,50.0
2019-05-29 12:45:00,NSE:ORIENTABRA,23.85,23.85,23.8,23.8,828.0
2019-05-29 13:30:00,NSE:ORIENTABRA,23.75,23.9,23.7,23.7,635.0
2019-05-29 14:15:00,NSE:ORIENTABRA,23.75,23.75,23.7,23.7,391.0
2019-05-29 15:00:00,NSE:ORIENTABRA,23.65,23.8,23.65,23.65,414.0
2019-05-30 09:00:00,NSE:ORIENTABRA,24.0,24.0,23.95,23.95,30.0
2019-05-30 09:45:00,NSE:ORIENTABRA,23.95,23.95,23.95,23.95,50.0
2019-05-30 10:30:00,NSE:ORIENTABRA,23.55,23.95,23.45,23.95,1499.0
2019-05-30 11:15:00,NSE:ORIENTABRA,23.7,24.0,23.5,24.0,9354.0
2019-05-30 12:00:00,NSE:ORIENTABRA,23.5,24.0,23.5,24.0,6502.0
2019-05-30 12:45:00,NSE:ORIENTABRA,24.0,24.35,24.0,24.35,468.0
2019-05-30 13:30:00,NSE:ORIENTABRA,24.15,24.25,24.1,24.25,1108.0
2019-05-30 14:15:00,NSE:ORIENTABRA,24.25,24.3,24.0,24.0,8673.0
2019-05-30 15:00:00,NSE:ORIENTABRA,24.15,24.15,24.15,24.15,501.0
2019-05-31 09:00:00,NSE:ORIENTABRA,24.5,24.6,23.65,24.55,5836.0
2019-05-31 09:45:00,NSE:ORIENTABRA,23.9,23.9,23.9,23.9,52.0
2019-05-31 10:30:00,NSE:ORIENTABRA,24.45,24.45,24.0,24.0,2026.0
2019-05-31 11:15:00,NSE:ORIENTABRA,24.0,24.0,23.9,24.0,584.0
2019-05-31 12:00:00,NSE:ORIENTABRA,24.05,24.1,24.05,24.1,100.0
2019-05-31 12:45:00,NSE:ORIENTABRA,23.9,23.95,23.9,23.95,210.0
2019-05-31 13:30:00,NSE:ORIENTABRA,23.55,24.1,23.55,24.05,6291.0
2019-05-31 14:15:00,NSE:ORIENTABRA,24.0,24.0,23.85,23.9,2572.0
2019-05-31 15:00:00,NSE:ORIENTABRA,23.9,24.1,23.5,23.5,1912.0
2019-06-03 09:00:00,NSE:ORIENTABRA,22.35,23.3,22.3,22.65,19201.0
2019-06-03 09:45:00,NSE:ORIENTABRA,22.85,22.85,22.55,22.8,755.0
2019-06-03 10:30:00,NSE:ORIENTABRA,22.8,22.8,22.55,22.55,2522.0
2019-06-03 11:15:00,NSE:ORIENTABRA,22.7,22.8,22.55,22.8,2297.0
2019-06-03 12:00:00,NSE:ORIENTABRA,22.75,22.75,22.6,22.6,700.0
2019-06-03 12:45:00,NSE:ORIENTABRA,22.65,22.65,22.65,22.65,60.0
2019-06-03 13:30:00,NSE:ORIENTABRA,22.6,22.65,22.6,22.65,242.0
2019-06-03 14:15:00,NSE:ORIENTABRA,22.65,22.75,22.65,22.75,1100.0
2019-06-03 15:00:00,NSE:ORIENTABRA,22.75,22.8,22.55,22.55,2680.0
2019-06-04 09:00:00,NSE:ORIENTABRA,22.2,22.4,22.2,22.4,310.0
2019-06-04 09:45:00,NSE:ORIENTABRA,22.6,22.85,22.5,22.85,550.0
2019-06-04 10:30:00,NSE:ORIENTABRA,22.6,23.15,22.6,22.75,3665.0
2019-06-04 11:15:00,NSE:ORIENTABRA,22.9,23.2,22.9,22.95,1249.0
2019-06-04 12:00:00,NSE:ORIENTABRA,23.15,23.4,23.15,23.4,1969.0
2019-06-04 12:45:00,NSE:ORIENTABRA,23.5,23.5,22.75,22.75,2878.0
2019-06-04 13:30:00,NSE:ORIENTABRA,22.75,22.75,22.75,22.75,1.0
2019-06-04 14:15:00,NSE:ORIENTABRA,23.2,23.2,22.8,22.8,775.0
2019-06-04 15:00:00,NSE:ORIENTABRA,22.85,23.2,22.8,22.8,1068.0
2019-06-06 09:45:00,NSE:ORIENTABRA,22.35,22.35,22.3,22.3,4003.0
2019-06-06 10:30:00,NSE:ORIENTABRA,22.3,22.3,22.2,22.25,1386.0
2019-06-06 11:15:00,NSE:ORIENTABRA,22.55,22.55,22.55,22.55,185.0
2019-06-06 12:00:00,NSE:ORIENTABRA,22.3,22.4,22.2,22.4,2384.0
2019-06-06 12:45:00,NSE:ORIENTABRA,22.45,22.45,22.25,22.25,320.0
2019-06-06 13:30:00,NSE:ORIENTABRA,22.2,22.2,22.2,22.2,51.0
2019-06-06 14:15:00,NSE:ORIENTABRA,22.25,22.25,22.2,22.25,2111.0
2019-06-06 15:00:00,NSE:ORIENTABRA,22.35,22.35,22.35,22.35,1508.0
2019-06-07 09:00:00,NSE:ORIENTABRA,22.5,22.5,22.0,22.0,2031.0
2019-06-07 09:45:00,NSE:ORIENTABRA,22.45,22.5,22.05,22.5,707.0
2019-06-07 10:30:00,NSE:ORIENTABRA,22.55,22.55,21.9,22.0,564.0
2019-06-07 11:15:00,NSE:ORIENTABRA,22.0,22.45,22.0,22.1,1661.0
2019-06-07 12:00:00,NSE:ORIENTABRA,22.3,22.3,22.3,22.3,47.0
2019-06-07 12:45:00,NSE:ORIENTABRA,22.0,22.25,21.9,22.2,1440.0
2019-06-07 13:30:00,NSE:ORIENTABRA,22.35,22.35,21.9,22.3,2056.0
2019-06-07 14:15:00,NSE:ORIENTABRA,22.3,22.35,21.9,22.3,2640.0
2019-06-07 15:00:00,NSE:ORIENTABRA,22.3,22.3,21.9,21.9,510.0
2019-06-10 09:45:00,NSE:ORIENTABRA,22.5,22.95,22.25,22.25,1827.0
2019-06-10 10:30:00,NSE:ORIENTABRA,22.25,22.3,22.25,22.25,85.0
2019-06-10 11:15:00,NSE:ORIENTABRA,22.2,22.2,22.2,22.2,135.0
2019-06-10 12:00:00,NSE:ORIENTABRA,22.0,22.0,21.75,21.75,4183.0
2019-06-10 12:45:00,NSE:ORIENTABRA,21.7,21.9,21.45,21.7,2287.0
2019-06-10 13:30:00,NSE:ORIENTABRA,21.85,22.0,21.85,22.0,120.0
2019-06-10 14:15:00,NSE:ORIENTABRA,22.0,22.0,22.0,22.0,10.0
2019-06-10 15:00:00,NSE:ORIENTABRA,22.0,22.0,22.0,22.0,612.0
2019-06-11 09:00:00,NSE:ORIENTABRA,21.0,21.95,21.0,21.35,983.0
2019-06-11 09:45:00,NSE:ORIENTABRA,21.55,21.8,21.55,21.75,414.0
2019-06-11 10:30:00,NSE:ORIENTABRA,21.75,21.9,21.7,21.7,430.0
2019-06-11 11:15:00,NSE:ORIENTABRA,21.7,21.7,21.25,21.25,2386.0
2019-06-11 12:00:00,NSE:ORIENTABRA,21.2,21.35,21.15,21.3,3488.0
2019-06-11 12:45:00,NSE:ORIENTABRA,21.35,21.35,21.35,21.35,720.0
2019-06-11 14:15:00,NSE:ORIENTABRA,21.3,21.7,21.2,21.2,3168.0
2019-06-11 15:00:00,NSE:ORIENTABRA,21.35,21.35,21.15,21.2,2548.0
2019-06-12 09:00:00,NSE:ORIENTABRA,21.4,21.5,21.25,21.3,526.0
2019-06-12 09:45:00,NSE:ORIENTABRA,21.0,21.45,21.0,21.45,4667.0
2019-06-12 10:30:00,NSE:ORIENTABRA,21.2,21.35,21.05,21.35,99.0
2019-06-12 11:15:00,NSE:ORIENTABRA,21.3,21.35,21.3,21.35,152.0
2019-06-12 12:00:00,NSE:ORIENTABRA,21.35,21.35,21.35,21.35,300.0
2019-06-12 12:45:00,NSE:ORIENTABRA,21.25,21.35,21.2,21.2,1689.0
2019-06-12 13:30:00,NSE:ORIENTABRA,21.25,21.25,21.25,21.25,848.0
2019-06-12 14:15:00,NSE:ORIENTABRA,21.25,21.25,21.2,21.2,1587.0
2019-06-12 15:00:00,NSE:ORIENTABRA,21.15,21.2,21.15,21.15,579.0
2019-06-13 09:00:00,NSE:ORIENTABRA,21.1,21.55,21.1,21.55,71.0
2019-06-13 09:45:00,NSE:ORIENTABRA,21.25,21.25,21.1,21.1,146.0
2019-06-13 10:30:00,NSE:ORIENTABRA,21.1,21.25,21.0,21.2,2014.0
2019-06-13 11:15:00,NSE:ORIENTABRA,21.2,21.2,21.2,21.2,100.0
2019-06-13 12:00:00,NSE:ORIENTABRA,21.15,21.15,21.15,21.15,108.0
2019-06-13 13:30:00,NSE:ORIENTABRA,21.1,21.1,21.0,21.0,984.0
2019-06-13 14:15:00,NSE:ORIENTABRA,21.15,21.15,21.05,21.15,512.0
2019-06-13 15:00:00,NSE:ORIENTABRA,21.0,21.1,21.0,21.0,2022.0
2019-06-14 09:00:00,NSE:ORIENTABRA,21.0,21.4,21.0,21.4,610.0
2019-06-14 09:45:00,NSE:ORIENTABRA,21.2,21.2,21.2,21.2,250.0
2019-06-14 10:30:00,NSE:ORIENTABRA,21.0,21.0,21.0,21.0,550.0
2019-06-14 11:15:00,NSE:ORIENTABRA,21.0,21.15,21.0,21.15,108.0
2019-06-14 12:00:00,NSE:ORIENTABRA,21.0,21.0,20.6,20.6,522.0
2019-06-14 12:45:00,NSE:ORIENTABRA,20.95,20.95,20.95,20.95,100.0
2019-06-14 13:30:00,NSE:ORIENTABRA,20.8,20.85,20.7,20.85,6304.0
2019-06-14 14:15:00,NSE:ORIENTABRA,20.6,21.15,20.6,20.7,736.0
2019-06-14 15:00:00,NSE:ORIENTABRA,20.7,20.7,20.7,20.7,117.0
2019-06-14 15:45:00,NSE:ORIENTABRA,20.7,20.7,20.7,20.7,13.0
2019-06-17 09:00:00,NSE:ORIENTABRA,21.1,21.1,20.5,20.95,339.0
2019-06-17 09:45:00,NSE:ORIENTABRA,20.9,20.95,19.95,20.15,3269.0
2019-06-17 10:30:00,NSE:ORIENTABRA,19.95,20.35,19.8,19.95,3119.0
2019-06-17 11:15:00,NSE:ORIENTABRA,20.0,20.0,19.5,19.85,3100.0
2019-06-17 12:00:00,NSE:ORIENTABRA,19.65,19.65,19.55,19.55,4232.0
2019-06-17 12:45:00,NSE:ORIENTABRA,19.6,19.7,19.55,19.55,660.0
2019-06-17 13:30:00,NSE:ORIENTABRA,19.65,19.7,19.0,19.65,1842.0
2019-06-17 14:15:00,NSE:ORIENTABRA,19.4,20.0,19.3,19.3,6796.0
2019-06-17 15:00:00,NSE:ORIENTABRA,19.3,19.3,18.6,18.8,7954.0
2019-06-18 09:00:00,NSE:ORIENTABRA,18.95,19.35,18.95,19.05,1255.0
2019-06-18 09:45:00,NSE:ORIENTABRA,19.0,19.0,18.8,18.8,1907.0
2019-06-18 10:30:00,NSE:ORIENTABRA,18.8,19.0,18.0,18.8,4150.0
2019-06-18 11:15:00,NSE:ORIENTABRA,18.3,18.8,18.3,18.4,3294.0
2019-06-18 12:00:00,NSE:ORIENTABRA,18.3,18.4,18.25,18.25,1643.0
2019-06-18 12:45:00,NSE:ORIENTABRA,18.4,18.4,18.2,18.2,2611.0
2019-06-18 13:30:00,NSE:ORIENTABRA,18.05,18.25,18.0,18.05,3084.0
2019-06-18 14:15:00,NSE:ORIENTABRA,18.1,18.2,18.1,18.2,4006.0
2019-06-18 15:00:00,NSE:ORIENTABRA,18.2,18.2,18.15,18.15,2646.0
2019-06-18 15:45:00,NSE:ORIENTABRA,18.2,18.2,18.2,18.2,50.0
2019-06-19 09:00:00,NSE:ORIENTABRA,18.65,18.65,18.45,18.45,1326.0
2019-06-19 09:45:00,NSE:ORIENTABRA,18.35,18.45,17.9,17.95,3176.0
2019-06-19 10:30:00,NSE:ORIENTABRA,18.0,18.0,17.7,17.85,1289.0
2019-06-19 11:15:00,NSE:ORIENTABRA,17.8,17.85,17.55,17.7,6056.0
2019-06-19 12:00:00,NSE:ORIENTABRA,18.3,18.3,18.15,18.15,320.0
2019-06-19 12:45:00,NSE:ORIENTABRA,17.8,18.05,17.8,17.9,101.0
2019-06-19 13:30:00,NSE:ORIENTABRA,18.05,18.1,18.05,18.1,2367.0
2019-06-19 14:15:00,NSE:ORIENTABRA,18.1,18.15,17.8,17.8,1670.0
2019-06-19 15:00:00,NSE:ORIENTABRA,18.05,18.15,17.9,18.15,178.0
2019-06-20 09:00:00,NSE:ORIENTABRA,17.1,17.7,17.1,17.45,1202.0
2019-06-20 09:45:00,NSE:ORIENTABRA,18.15,18.15,17.0,17.2,7714.0
2019-06-20 10:30:00,NSE:ORIENTABRA,17.2,18.55,17.2,18.1,11688.0
2019-06-20 11:15:00,NSE:ORIENTABRA,18.15,18.2,18.15,18.2,457.0
2019-06-20 12:00:00,NSE:ORIENTABRA,18.2,18.3,17.9,17.9,1811.0
2019-06-20 12:45:00,NSE:ORIENTABRA,17.95,17.95,17.8,17.85,374.0
2019-06-20 13:30:00,NSE:ORIENTABRA,17.8,17.8,17.75,17.75,1099.0
2019-06-20 14:15:00,NSE:ORIENTABRA,17.9,17.9,17.8,17.9,274.0
2019-06-20 15:00:00,NSE:ORIENTABRA,17.8,17.95,17.75,17.9,1531.0
2019-06-21 09:00:00,NSE:ORIENTABRA,17.55,18.35,17.55,18.35,48.0
2019-06-21 09:45:00,NSE:ORIENTABRA,17.7,18.35,17.7,17.9,378.0
2019-06-21 10:30:00,NSE:ORIENTABRA,18.0,18.3,18.0,18.0,882.0
2019-06-21 11:15:00,NSE:ORIENTABRA,17.9,18.1,17.7,18.0,2334.0
2019-06-21 12:00:00,NSE:ORIENTABRA,18.0,18.0,18.0,18.0,1118.0
2019-06-21 12:45:00,NSE:ORIENTABRA,17.85,17.85,17.65,17.65,297.0
2019-06-21 13:30:00,NSE:ORIENTABRA,17.95,18.4,17.95,18.2,1460.0
2019-06-21 14:15:00,NSE:ORIENTABRA,18.15,18.25,17.9,17.9,2492.0
2019-06-21 15:00:00,NSE:ORIENTABRA,18.0,18.0,17.9,17.9,795.0
2019-06-24 09:00:00,NSE:ORIENTABRA,18.1,18.1,18.0,18.0,804.0
2019-06-24 09:45:00,NSE:ORIENTABRA,18.0,18.2,18.0,18.2,300.0
2019-06-24 10:30:00,NSE:ORIENTABRA,17.75,18.45,17.3,17.65,1557.0
2019-06-24 11:15:00,NSE:ORIENTABRA,18.2,18.2,17.7,17.8,304.0
2019-06-24 12:00:00,NSE:ORIENTABRA,18.0,18.0,17.8,17.8,56.0
2019-06-24 12:45:00,NSE:ORIENTABRA,17.75,17.8,17.7,17.7,3058.0
2019-06-24 13:30:00,NSE:ORIENTABRA,17.85,17.85,17.8,17.8,628.0
2019-06-24 14:15:00,NSE:ORIENTABRA,17.8,18.0,17.7,17.75,546.0
2019-06-24 15:00:00,NSE:ORIENTABRA,17.75,17.75,17.55,17.55,5174.0
2019-06-25 09:00:00,NSE:ORIENTABRA,17.55,17.55,17.15,17.15,1821.0
2019-06-25 09:45:00,NSE:ORIENTABRA,17.1,17.55,17.1,17.55,1460.0
2019-06-25 10:30:00,NSE:ORIENTABRA,17.3,17.3,17.25,17.25,220.0
2019-06-25 11:15:00,NSE:ORIENTABRA,17.45,17.45,17.45,17.45,325.0
2019-06-25 12:00:00,NSE:ORIENTABRA,17.4,17.4,17.0,17.3,4914.0
2019-06-25 12:45:00,NSE:ORIENTABRA,17.3,17.35,17.3,17.3,1320.0
2019-06-25 13:30:00,NSE:ORIENTABRA,17.45,17.45,17.2,17.2,2250.0
2019-06-25 14:15:00,NSE:ORIENTABRA,17.1,17.1,17.05,17.05,625.0
2019-06-25 15:00:00,NSE:ORIENTABRA,17.1,17.3,17.1,17.3,1480.0
2019-06-26 09:00:00,NSE:ORIENTABRA,17.9,17.95,16.8,17.0,6741.0
2019-06-26 09:45:00,NSE:ORIENTABRA,17.0,17.5,17.0,17.2,3976.0
2019-06-26 10:30:00,NSE:ORIENTABRA,17.2,17.35,17.1,17.3,1344.0
2019-06-26 11:15:00,NSE:ORIENTABRA,17.3,17.6,17.05,17.05,2396.0
2019-06-26 12:00:00,NSE:ORIENTABRA,17.35,17.35,17.05,17.3,1002.0
2019-06-26 12:45:00,NSE:ORIENTABRA,17.15,17.15,17.0,17.0,2269.0
2019-06-26 13:30:00,NSE:ORIENTABRA,17.0,17.25,17.0,17.25,1519.0
2019-06-26 14:15:00,NSE:ORIENTABRA,17.25,17.3,17.15,17.2,160.0
2019-06-26 15:00:00,NSE:ORIENTABRA,17.15,17.2,17.0,17.0,4651.0
2019-06-27 09:00:00,NSE:ORIENTABRA,17.7,17.7,16.95,17.5,120.0
2019-06-27 09:45:00,NSE:ORIENTABRA,17.1,17.45,17.05,17.05,261.0
2019-06-27 10:30:00,NSE:ORIENTABRA,17.4,17.4,17.05,17.15,1489.0
2019-06-27 11:15:00,NSE:ORIENTABRA,17.1,17.3,17.1,17.3,928.0
2019-06-27 12:00:00,NSE:ORIENTABRA,17.3,17.4,17.2,17.4,1079.0
2019-06-27 12:45:00,NSE:ORIENTABRA,17.4,17.5,17.3,17.3,2054.0
2019-06-27 13:30:00,NSE:ORIENTABRA,17.3,17.5,17.25,17.4,1291.0
2019-06-27 14:15:00,NSE:ORIENTABRA,17.4,17.45,17.4,17.45,3054.0
2019-06-27 15:00:00,NSE:ORIENTABRA,17.35,17.95,17.35,17.95,7402.0
2019-06-27 15:45:00,NSE:ORIENTABRA,17.55,17.55,17.55,17.55,68.0
2019-06-28 09:45:00,NSE:ORIENTABRA,17.3,17.3,17.3,17.3,50.0
2019-06-28 10:30:00,NSE:ORIENTABRA,17.55,17.65,17.55,17.65,2056.0
2019-06-28 11:15:00,NSE:ORIENTABRA,17.65,18.0,17.65,17.75,1909.0
2019-06-28 12:00:00,NSE:ORIENTABRA,17.75,18.2,17.75,18.0,3628.0
2019-06-28 12:45:00,NSE:ORIENTABRA,17.8,18.1,17.8,18.1,594.0
2019-06-28 13:30:00,NSE:ORIENTABRA,18.2,18.3,18.05,18.3,2129.0
2019-06-28 14:15:00,NSE:ORIENTABRA,18.25,18.3,18.05,18.05,1175.0
2019-06-28 15:00:00,NSE:ORIENTABRA,18.05,18.3,17.9,18.3,840.0
2019-07-01 09:00:00,NSE:ORIENTABRA,18.9,18.9,18.05,18.6,609.0
2019-07-01 09:45:00,NSE:ORIENTABRA,18.55,18.9,18.3,18.5,1043.0
2019-07-01 10:30:00,NSE:ORIENTABRA,18.7,18.9,18.7,18.8,403.0
2019-07-01 11:15:00,NSE:ORIENTABRA,18.8,18.8,18.75,18.75,803.0
2019-07-01 12:00:00,NSE:ORIENTABRA,18.6,18.6,18.5,18.55,1044.0
2019-07-01 12:45:00,NSE:ORIENTABRA,18.5,18.75,18.5,18.75,193.0
2019-07-01 13:30:00,NSE:ORIENTABRA,18.8,18.8,18.5,18.5,1764.0
2019-07-01 14:15:00,NSE:ORIENTABRA,18.5,18.5,18.5,18.5,1100.0
2019-07-01 15:00:00,NSE:ORIENTABRA,18.5,18.6,18.35,18.35,1475.0
2019-07-01 15:45:00,NSE:ORIENTABRA,18.5,18.5,18.5,18.5,50.0
2019-07-02 09:00:00,NSE:ORIENTABRA,18.05,18.95,18.05,18.95,501.0
2019-07-02 09:45:00,NSE:ORIENTABRA,18.85,18.85,18.35,18.35,270.0
2019-07-02 10:30:00,NSE:ORIENTABRA,18.35,18.85,18.3,18.75,2185.0
2019-07-02 11:15:00,NSE:ORIENTABRA,18.7,18.7,18.7,18.7,400.0
2019-07-02 12:00:00,NSE:ORIENTABRA,18.5,18.75,18.5,18.7,1001.0
2019-07-02 12:45:00,NSE:ORIENTABRA,18.7,18.7,18.5,18.55,1212.0
2019-07-02 13:30:00,NSE:ORIENTABRA,18.65,18.65,18.55,18.55,1164.0
2019-07-02 14:15:00,NSE:ORIENTABRA,18.65,18.85,18.5,18.6,3122.0
2019-07-02 15:00:00,NSE:ORIENTABRA,18.6,18.6,18.45,18.45,1985.0
2019-07-03 09:00:00,NSE:ORIENTABRA,18.2,18.2,18.2,18.2,100.0
2019-07-03 09:45:00,NSE:ORIENTABRA,18.2,18.9,18.2,18.9,719.0
2019-07-03 10:30:00,NSE:ORIENTABRA,18.7,19.55,18.7,19.5,19161.0
2019-07-03 11:15:00,NSE:ORIENTABRA,19.2,19.25,18.6,18.6,2304.0
2019-07-03 12:00:00,NSE:ORIENTABRA,19.2,19.2,18.9,18.9,743.0
2019-07-03 12:45:00,NSE:ORIENTABRA,19.0,19.0,19.0,19.0,100.0
2019-07-03 13:30:00,NSE:ORIENTABRA,19.0,19.0,19.0,19.0,246.0
2019-07-03 14:15:00,NSE:ORIENTABRA,19.0,19.2,19.0,19.15,1277.0
2019-07-03 15:00:00,NSE:ORIENTABRA,19.15,19.35,19.15,19.35,2080.0
2019-07-03 15:45:00,NSE:ORIENTABRA,19.25,19.25,19.25,19.25,200.0
2019-07-04 09:00:00,NSE:ORIENTABRA,19.25,19.25,19.25,19.25,10.0
2019-07-04 09:45:00,NSE:ORIENTABRA,19.1,19.25,19.1,19.25,300.0
2019-07-04 10:30:00,NSE:ORIENTABRA,19.15,19.25,19.1,19.25,991.0
2019-07-04 11:15:00,NSE:ORIENTABRA,19.25,19.25,19.25,19.25,192.0
2019-07-04 12:00:00,NSE:ORIENTABRA,19.25,19.25,19.25,19.25,4054.0
2019-07-04 12:45:00,NSE:ORIENTABRA,19.25,19.25,19.25,19.25,200.0
2019-07-04 14:15:00,NSE:ORIENTABRA,19.35,19.35,19.25,19.25,101.0
2019-07-04 15:00:00,NSE:ORIENTABRA,19.2,19.3,19.2,19.2,654.0
2019-07-05 09:00:00,NSE:ORIENTABRA,19.5,19.9,19.25,19.5,5570.0
2019-07-05 09:45:00,NSE:ORIENTABRA,19.5,19.7,19.5,19.55,1238.0
2019-07-05 10:30:00,NSE:ORIENTABRA,19.55,19.6,19.45,19.6,1212.0
2019-07-05 11:15:00,NSE:ORIENTABRA,19.65,19.95,19.65,19.7,4505.0
2019-07-05 12:00:00,NSE:ORIENTABRA,19.7,19.8,19.7,19.75,538.0
2019-07-05 12:45:00,NSE:ORIENTABRA,19.65,19.65,19.45,19.5,767.0
2019-07-05 13:30:00,NSE:ORIENTABRA,19.3,19.3,19.3,19.3,10.0
2019-07-05 14:15:00,NSE:ORIENTABRA,19.5,19.5,19.3,19.3,2335.0
2019-07-05 15:00:00,NSE:ORIENTABRA,19.5,19.85,19.35,19.55,3331.0
2019-07-08 09:00:00,NSE:ORIENTABRA,19.55,19.55,18.5,18.5,619.0
2019-07-08 09:45:00,NSE:ORIENTABRA,18.55,19.0,18.55,18.75,452.0
2019-07-08 10:30:00,NSE:ORIENTABRA,18.75,19.0,18.7,18.7,165.0
2019-07-08 11:15:00,NSE:ORIENTABRA,19.25,19.25,18.7,18.7,63.0
2019-07-08 12:00:00,NSE:ORIENTABRA,19.2,19.2,19.2,19.2,25.0
2019-07-08 12:45:00,NSE:ORIENTABRA,18.65,18.65,18.35,18.4,1112.0
2019-07-08 15:00:00,NSE:ORIENTABRA,18.55,18.55,18.3,18.3,65.0
2019-07-09 09:00:00,NSE:ORIENTABRA,18.3,18.3,17.25,18.0,3099.0
2019-07-09 09:45:00,NSE:ORIENTABRA,18.1,18.1,18.0,18.05,2900.0
2019-07-09 10:30:00,NSE:ORIENTABRA,18.25,18.25,18.05,18.05,104.0
2019-07-09 11:15:00,NSE:ORIENTABRA,18.0,18.05,18.0,18.05,566.0
2019-07-09 12:00:00,NSE:ORIENTABRA,18.05,18.2,18.05,18.05,1013.0
2019-07-09 12:45:00,NSE:ORIENTABRA,18.0,18.0,18.0,18.0,872.0
2019-07-09 13:30:00,NSE:ORIENTABRA,18.1,18.25,18.05,18.25,518.0
2019-07-09 14:15:00,NSE:ORIENTABRA,18.25,19.75,18.25,19.75,3691.0
2019-07-09 15:00:00,NSE:ORIENTABRA,19.55,19.6,18.55,19.25,17404.0
2019-07-10 09:00:00,NSE:ORIENTABRA,18.6,19.2,18.6,19.05,729.0
2019-07-10 09:45:00,NSE:ORIENTABRA,19.15,19.4,18.65,19.4,1595.0
2019-07-10 10:30:00,NSE:ORIENTABRA,19.3,19.3,18.8,18.85,440.0
2019-07-10 11:15:00,NSE:ORIENTABRA,19.0,19.0,18.95,18.95,816.0
2019-07-10 12:00:00,NSE:ORIENTABRA,18.85,18.85,18.5,18.75,3960.0
2019-07-10 12:45:00,NSE:ORIENTABRA,18.25,18.3,17.9,18.1,3851.0
2019-07-10 13:30:00,NSE:ORIENTABRA,19.0,19.0,18.3,18.3,2562.0
2019-07-10 14:15:00,NSE:ORIENTABRA,18.25,18.3,18.15,18.3,402.0
2019-07-10 15:00:00,NSE:ORIENTABRA,18.3,18.6,17.8,18.0,4887.0
2019-07-11 09:00:00,NSE:ORIENTABRA,18.9,18.9,18.9,18.9,200.0
2019-07-11 09:45:00,NSE:ORIENTABRA,18.85,18.85,18.15,18.2,352.0
2019-07-11 10:30:00,NSE:ORIENTABRA,18.8,18.8,18.65,18.65,1068.0
2019-07-11 11:15:00,NSE:ORIENTABRA,18.4,18.4,18.4,18.4,50.0
2019-07-11 12:00:00,NSE:ORIENTABRA,18.35,18.5,18.35,18.4,800.0
2019-07-11 12:45:00,NSE:ORIENTABRA,18.0,18.35,18.0,18.35,1414.0
2019-07-11 13:30:00,NSE:ORIENTABRA,18.35,18.45,18.15,18.25,797.0
2019-07-11 15:00:00,NSE:ORIENTABRA,18.35,18.35,18.2,18.2,566.0
2019-07-12 09:00:00,NSE:ORIENTABRA,18.2,18.2,18.2,18.2,46.0
2019-07-12 09:45:00,NSE:ORIENTABRA,18.3,18.3,18.3,18.3,38.0
2019-07-12 10:30:00,NSE:ORIENTABRA,18.1,18.4,18.1,18.4,505.0
2019-07-12 11:15:00,NSE:ORIENTABRA,18.2,18.3,18.15,18.3,825.0
2019-07-12 12:00:00,NSE:ORIENTABRA,18.3,18.3,18.3,18.3,100.0
2019-07-12 12:45:00,NSE:ORIENTABRA,18.15,18.15,18.15,18.15,114.0
2019-07-12 13:30:00,NSE:ORIENTABRA,18.2,18.3,18.2,18.3,903.0
2019-07-12 14:15:00,NSE:ORIENTABRA,18.2,18.2,18.15,18.15,348.0
2019-07-12 15:00:00,NSE:ORIENTABRA,18.15,18.15,18.1,18.1,207.0
2019-07-15 09:00:00,NSE:ORIENTABRA,18.15,18.15,18.15,18.15,100.0
2019-07-15 09:45:00,NSE:ORIENTABRA,18.3,18.3,18.3,18.3,100.0
2019-07-15 10:30:00,NSE:ORIENTABRA,18.3,18.75,18.3,18.5,2253.0
2019-07-15 11:15:00,NSE:ORIENTABRA,18.35,18.35,18.1,18.1,109.0
2019-07-15 12:45:00,NSE:ORIENTABRA,18.25,18.3,18.25,18.25,1200.0
2019-07-15 13:30:00,NSE:ORIENTABRA,18.25,18.25,18.25,18.25,240.0
2019-07-15 14:15:00,NSE:ORIENTABRA,18.3,18.3,17.75,17.75,2884.0
2019-07-15 15:00:00,NSE:ORIENTABRA,17.8,18.1,17.2,18.1,5727.0
2019-07-16 09:00:00,NSE:ORIENTABRA,18.1,18.1,18.1,18.1,10.0
2019-07-16 09:45:00,NSE:ORIENTABRA,17.95,17.95,17.95,17.95,30.0
2019-07-16 10:30:00,NSE:ORIENTABRA,17.95,17.95,17.2,17.75,892.0
2019-07-16 12:00:00,NSE:ORIENTABRA,17.65,17.7,17.5,17.7,202.0
2019-07-16 12:45:00,NSE:ORIENTABRA,17.65,17.65,17.5,17.5,259.0
2019-07-16 13:30:00,NSE:ORIENTABRA,17.5,17.5,17.35,17.35,130.0
2019-07-16 14:15:00,NSE:ORIENTABRA,17.5,17.5,17.35,17.5,856.0
2019-07-16 15:00:00,NSE:ORIENTABRA,17.65,17.65,17.5,17.65,707.0
2019-07-17 09:00:00,NSE:ORIENTABRA,17.05,17.35,17.05,17.3,791.0
2019-07-17 09:45:00,NSE:ORIENTABRA,17.35,17.35,17.35,17.35,3.0
2019-07-17 10:30:00,NSE:ORIENTABRA,17.8,17.8,17.4,17.7,1160.0
2019-07-17 11:15:00,NSE:ORIENTABRA,17.65,17.75,17.4,17.75,1985.0
2019-07-17 12:00:00,NSE:ORIENTABRA,17.6,17.6,17.5,17.5,350.0
2019-07-17 12:45:00,NSE:ORIENTABRA,17.9,17.9,17.85,17.85,684.0
2019-07-17 13:30:00,NSE:ORIENTABRA,17.8,17.8,17.75,17.8,460.0
2019-07-17 14:15:00,NSE:ORIENTABRA,17.75,17.8,17.35,17.35,4268.0
2019-07-17 15:00:00,NSE:ORIENTABRA,17.55,17.85,17.4,17.85,2357.0
2019-07-17 15:45:00,NSE:ORIENTABRA,17.8,17.8,17.8,17.8,1.0
2019-07-18 09:00:00,NSE:ORIENTABRA,17.8,17.8,17.55,17.55,2.0
2019-07-18 09:45:00,NSE:ORIENTABRA,17.85,18.05,17.3,18.05,703.0
2019-07-18 10:30:00,NSE:ORIENTABRA,17.95,17.95,17.7,17.7,283.0
2019-07-18 11:15:00,NSE:ORIENTABRA,17.85,18.0,17.85,18.0,108.0
2019-07-18 12:00:00,NSE:ORIENTABRA,18.0,18.0,18.0,18.0,430.0
2019-07-18 13:30:00,NSE:ORIENTABRA,17.95,17.95,17.3,17.75,2236.0
2019-07-18 15:00:00,NSE:ORIENTABRA,17.65,18.0,17.1,18.0,3292.0
2019-07-19 09:00:00,NSE:ORIENTABRA,17.4,17.4,17.4,17.4,1000.0
2019-07-19 09:45:00,NSE:ORIENTABRA,17.05,17.15,17.05,17.15,2206.0
2019-07-19 10:30:00,NSE:ORIENTABRA,17.15,17.35,17.15,17.35,595.0
2019-07-19 11:15:00,NSE:ORIENTABRA,17.25,17.25,17.2,17.2,1350.0
2019-07-19 12:00:00,NSE:ORIENTABRA,17.15,17.3,17.15,17.2,3295.0
2019-07-19 12:45:00,NSE:ORIENTABRA,17.2,17.2,17.2,17.2,519.0
2019-07-19 13:30:00,NSE:ORIENTABRA,17.2,17.2,17.0,17.0,2013.0
2019-07-19 14:15:00,NSE:ORIENTABRA,17.05,17.05,16.65,16.8,6235.0
2019-07-19 15:00:00,NSE:ORIENTABRA,16.8,17.0,16.8,17.0,968.0
2019-07-22 09:00:00,NSE:ORIENTABRA,16.85,16.95,16.85,16.9,641.0
2019-07-22 09:45:00,NSE:ORIENTABRA,16.9,16.95,16.9,16.95,644.0
2019-07-22 10:30:00,NSE:ORIENTABRA,17.2,17.2,16.95,17.2,1858.0
2019-07-22 11:15:00,NSE:ORIENTABRA,17.45,17.45,16.7,16.8,2566.0
2019-07-22 12:00:00,NSE:ORIENTABRA,17.0,17.0,16.9,16.95,412.0
2019-07-22 12:45:00,NSE:ORIENTABRA,16.95,16.95,16.85,16.85,10.0
2019-07-22 13:30:00,NSE:ORIENTABRA,16.9,16.95,16.8,16.8,1203.0
2019-07-22 14:15:00,NSE:ORIENTABRA,16.8,16.8,16.8,16.8,150.0
2019-07-22 15:00:00,NSE:ORIENTABRA,16.85,16.85,16.8,16.8,688.0
2019-07-23 09:00:00,NSE:ORIENTABRA,16.8,17.35,16.5,17.35,1308.0
2019-07-23 09:45:00,NSE:ORIENTABRA,17.3,17.45,17.3,17.35,154.0
2019-07-23 10:30:00,NSE:ORIENTABRA,17.4,17.5,17.4,17.5,4700.0
2019-07-23 11:15:00,NSE:ORIENTABRA,17.3,17.75,17.3,17.55,1005.0
2019-07-23 12:00:00,NSE:ORIENTABRA,17.45,17.75,17.4,17.75,435.0
2019-07-23 12:45:00,NSE:ORIENTABRA,17.75,17.75,17.75,17.75,63.0
2019-07-23 13:30:00,NSE:ORIENTABRA,17.75,18.9,17.75,18.8,4039.0
2019-07-23 14:15:00,NSE:ORIENTABRA,18.55,18.75,18.15,18.5,4265.0
2019-07-23 15:00:00,NSE:ORIENTABRA,18.3,18.8,18.25,18.45,2369.0
2019-07-24 09:00:00,NSE:ORIENTABRA,18.5,19.15,18.0,18.3,5710.0
2019-07-24 09:45:00,NSE:ORIENTABRA,18.5,18.9,18.05,18.5,2484.0
2019-07-24 10:30:00,NSE:ORIENTABRA,18.25,18.65,18.25,18.35,212.0
2019-07-24 11:15:00,NSE:ORIENTABRA,18.3,18.3,18.2,18.2,655.0
2019-07-24 12:00:00,NSE:ORIENTABRA,18.1,18.2,18.05,18.2,1245.0
2019-07-24 12:45:00,NSE:ORIENTABRA,18.25,18.3,18.25,18.3,575.0
2019-07-24 13:30:00,NSE:ORIENTABRA,18.4,18.4,18.4,18.4,5.0
2019-07-24 14:15:00,NSE:ORIENTABRA,18.3,18.3,18.05,18.05,65.0
2019-07-24 15:00:00,NSE:ORIENTABRA,18.3,18.5,18.15,18.15,64.0
2019-07-25 09:45:00,NSE:ORIENTABRA,18.15,18.15,17.85,17.85,74.0
2019-07-25 10:30:00,NSE:ORIENTABRA,17.85,18.75,17.8,17.8,1239.0
2019-07-25 11:15:00,NSE:ORIENTABRA,18.0,18.35,17.8,18.35,3000.0
2019-07-25 12:00:00,NSE:ORIENTABRA,18.1,18.1,18.1,18.1,195.0
2019-07-25 12:45:00,NSE:ORIENTABRA,17.85,17.85,17.8,17.8,272.0
2019-07-25 13:30:00,NSE:ORIENTABRA,17.8,17.8,17.8,17.8,200.0
2019-07-25 14:15:00,NSE:ORIENTABRA,17.8,17.85,17.8,17.85,100.0
2019-07-25 15:00:00,NSE:ORIENTABRA,17.85,17.85,17.75,17.75,1418.0
2019-07-26 09:00:00,NSE:ORIENTABRA,19.7,19.7,17.6,17.65,861.0
2019-07-26 09:45:00,NSE:ORIENTABRA,17.6,18.8,17.5,17.8,1597.0
2019-07-26 10:30:00,NSE:ORIENTABRA,17.8,18.35,17.8,17.9,250.0
2019-07-26 11:15:00,NSE:ORIENTABRA,17.9,19.9,17.9,18.75,4681.0
2019-07-26 12:00:00,NSE:ORIENTABRA,18.65,19.0,18.6,19.0,8400.0
2019-07-26 12:45:00,NSE:ORIENTABRA,19.0,19.0,18.6,18.6,433.0
2019-07-26 13:30:00,NSE:ORIENTABRA,18.6,18.6,18.6,18.6,300.0
2019-07-26 14:15:00,NSE:ORIENTABRA,18.8,18.8,18.55,18.8,652.0
2019-07-26 15:00:00,NSE:ORIENTABRA,18.5,18.8,18.5,18.75,694.0
2019-07-29 09:45:00,NSE:ORIENTABRA,18.5,18.5,18.5,18.5,2055.0
2019-07-29 10:30:00,NSE:ORIENTABRA,18.5,18.5,18.45,18.5,184.0
2019-07-29 11:15:00,NSE:ORIENTABRA,18.15,18.2,18.1,18.1,582.0
2019-07-29 12:00:00,NSE:ORIENTABRA,18.15,18.45,17.95,18.05,2300.0
2019-07-29 13:30:00,NSE:ORIENTABRA,18.3,18.3,18.15,18.3,607.0
2019-07-29 14:15:00,NSE:ORIENTABRA,18.05,18.05,17.6,17.8,805.0
2019-07-29 15:00:00,NSE:ORIENTABRA,18.3,18.3,17.8,18.0,1106.0
2019-07-30 09:00:00,NSE:ORIENTABRA,18.25,18.25,17.9,18.0,9.0
2019-07-30 09:45:00,NSE:ORIENTABRA,17.9,18.2,17.9,18.2,300.0
2019-07-30 10:30:00,NSE:ORIENTABRA,18.25,18.25,17.75,17.75,839.0
2019-07-30 11:15:00,NSE:ORIENTABRA,18.35,18.35,18.35,18.35,56.0
2019-07-30 12:00:00,NSE:ORIENTABRA,17.75,17.8,17.75,17.8,100.0
2019-07-30 12:45:00,NSE:ORIENTABRA,17.8,17.8,17.7,17.7,550.0
2019-07-30 14:15:00,NSE:ORIENTABRA,17.65,17.65,17.6,17.6,300.0
2019-07-30 15:00:00,NSE:ORIENTABRA,17.6,17.6,17.0,17.0,3147.0
2019-07-31 09:00:00,NSE:ORIENTABRA,17.05,17.05,16.25,16.55,512.0
2019-07-31 09:45:00,NSE:ORIENTABRA,16.55,16.95,16.55,16.95,1599.0
2019-07-31 10:30:00,NSE:ORIENTABRA,17.0,17.8,17.0,17.3,4014.0
2019-07-31 11:15:00,NSE:ORIENTABRA,17.25,17.25,17.2,17.25,1403.0
2019-07-31 12:00:00,NSE:ORIENTABRA,17.2,17.2,17.2,17.2,1025.0
2019-07-31 12:45:00,NSE:ORIENTABRA,17.2,17.4,17.2,17.4,139.0
2019-07-31 13:30:00,NSE:ORIENTABRA,17.2,17.25,17.2,17.25,589.0
2019-07-31 14:15:00,NSE:ORIENTABRA,17.5,17.7,17.25,17.25,5978.0
2019-07-31 15:00:00,NSE:ORIENTABRA,17.25,18.3,17.25,17.8,1804.0
2019-08-01 09:00:00,NSE:ORIENTABRA,18.0,18.0,16.9,16.9,1112.0
2019-08-01 09:45:00,NSE:ORIENTABRA,17.0,17.15,16.9,17.15,2567.0
2019-08-01 10:30:00,NSE:ORIENTABRA,17.15,17.15,17.1,17.1,1050.0
2019-08-01 11:15:00,NSE:ORIENTABRA,17.1,17.1,17.1,17.1,100.0
2019-08-01 12:00:00,NSE:ORIENTABRA,17.25,17.5,17.05,17.45,2374.0
2019-08-01 12:45:00,NSE:ORIENTABRA,17.4,17.4,17.4,17.4,25.0
2019-08-01 13:30:00,NSE:ORIENTABRA,17.4,17.5,17.3,17.3,3387.0
2019-08-01 14:15:00,NSE:ORIENTABRA,17.5,17.5,17.3,17.3,2000.0
2019-08-01 15:00:00,NSE:ORIENTABRA,17.45,17.5,17.4,17.5,105.0
2019-08-02 09:00:00,NSE:ORIENTABRA,17.45,18.0,15.65,16.05,6835.0
2019-08-02 09:45:00,NSE:ORIENTABRA,16.2,16.75,15.75,16.1,6270.0
2019-08-02 10:30:00,NSE:ORIENTABRA,16.0,16.6,16.0,16.6,3029.0
2019-08-02 11:15:00,NSE:ORIENTABRA,16.55,16.6,16.55,16.6,152.0
2019-08-02 12:00:00,NSE:ORIENTABRA,16.6,16.7,16.6,16.6,365.0
2019-08-02 12:45:00,NSE:ORIENTABRA,16.6,16.6,16.25,16.25,1382.0
2019-08-02 13:30:00,NSE:ORIENTABRA,16.3,16.3,16.3,16.3,300.0
2019-08-02 14:15:00,NSE:ORIENTABRA,16.5,17.05,16.5,17.0,1621.0
2019-08-02 15:00:00,NSE:ORIENTABRA,17.0,17.05,16.5,16.75,686.0
2019-08-05 09:00:00,NSE:ORIENTABRA,16.5,16.5,16.5,16.5,370.0
2019-08-05 09:45:00,NSE:ORIENTABRA,16.5,16.5,16.5,16.5,60.0
2019-08-05 10:30:00,NSE:ORIENTABRA,16.55,16.55,16.5,16.5,453.0
2019-08-05 11:15:00,NSE:ORIENTABRA,17.6,17.6,17.1,17.35,560.0
2019-08-05 12:00:00,NSE:ORIENTABRA,17.1,17.1,16.75,16.75,367.0
2019-08-05 12:45:00,NSE:ORIENTABRA,17.2,17.2,17.2,17.2,5.0
2019-08-05 14:15:00,NSE:ORIENTABRA,17.5,17.5,17.5,17.5,150.0
2019-08-05 15:00:00,NSE:ORIENTABRA,16.95,17.1,16.95,16.95,45.0
2019-08-06 09:00:00,NSE:ORIENTABRA,16.55,17.0,16.55,17.0,1500.0
2019-08-06 09:45:00,NSE:ORIENTABRA,16.9,17.3,16.9,17.05,2809.0
2019-08-06 10:30:00,NSE:ORIENTABRA,17.25,17.25,17.0,17.0,511.0
2019-08-06 12:00:00,NSE:ORIENTABRA,16.75,17.3,16.75,17.3,651.0
2019-08-06 12:45:00,NSE:ORIENTABRA,16.75,17.2,16.75,17.2,1840.0
2019-08-06 13:30:00,NSE:ORIENTABRA,16.75,16.75,16.75,16.75,1000.0
2019-08-06 15:00:00,NSE:ORIENTABRA,17.0,17.3,17.0,17.3,390.0
2019-08-07 09:00:00,NSE:ORIENTABRA,16.3,17.1,16.3,16.6,5033.0
2019-08-07 09:45:00,NSE:ORIENTABRA,16.85,17.05,16.6,16.9,1735.0
2019-08-07 10:30:00,NSE:ORIENTABRA,16.65,17.15,16.6,17.05,1843.0
2019-08-07 12:00:00,NSE:ORIENTABRA,17.05,17.2,17.0,17.0,1196.0
2019-08-07 12:45:00,NSE:ORIENTABRA,17.0,17.15,16.85,17.15,400.0
2019-08-07 13:30:00,NSE:ORIENTABRA,17.0,17.0,17.0,17.0,13.0
2019-08-07 14:15:00,NSE:ORIENTABRA,17.15,18.0,16.85,16.85,8843.0
2019-08-07 15:00:00,NSE:ORIENTABRA,17.1,17.1,16.8,16.8,2204.0
2019-08-08 09:00:00,NSE:ORIENTABRA,16.8,16.8,16.8,16.8,750.0
2019-08-08 09:45:00,NSE:ORIENTABRA,16.8,17.05,16.8,17.0,201.0
2019-08-08 10:30:00,NSE:ORIENTABRA,17.2,17.5,17.2,17.4,2382.0
2019-08-08 11:15:00,NSE:ORIENTABRA,17.2,17.3,17.15,17.15,53.0
2019-08-08 12:45:00,NSE:ORIENTABRA,17.05,17.05,17.05,17.05,86.0
2019-08-08 13:30:00,NSE:ORIENTABRA,17.05,17.05,17.05,17.05,14.0
2019-08-08 14:15:00,NSE:ORIENTABRA,17.2,17.25,17.2,17.25,52.0
2019-08-08 15:00:00,NSE:ORIENTABRA,17.0,17.2,16.8,16.8,2008.0
2019-08-09 09:00:00,NSE:ORIENTABRA,17.45,17.45,17.45,17.45,500.0
2019-08-09 09:45:00,NSE:ORIENTABRA,17.45,17.85,17.1,17.85,1100.0
2019-08-09 10:30:00,NSE:ORIENTABRA,17.9,18.0,17.6,17.6,7371.0
2019-08-09 11:15:00,NSE:ORIENTABRA,17.9,17.9,17.85,17.85,333.0
2019-08-09 12:00:00,NSE:ORIENTABRA,17.8,17.8,17.8,17.8,2001.0
2019-08-09 12:45:00,NSE:ORIENTABRA,17.8,17.8,17.8,17.8,2000.0
2019-08-09 13:30:00,NSE:ORIENTABRA,17.9,17.9,17.7,17.7,2993.0
2019-08-09 14:15:00,NSE:ORIENTABRA,17.8,17.85,17.75,17.85,465.0
2019-08-09 15:00:00,NSE:ORIENTABRA,17.85,18.25,17.85,17.85,1710.0
2019-08-13 09:00:00,NSE:ORIENTABRA,19.0,19.0,18.2,18.2,355.0
2019-08-13 09:45:00,NSE:ORIENTABRA,18.4,18.7,18.4,18.7,527.0
2019-08-13 10:30:00,NSE:ORIENTABRA,18.7,18.7,18.4,18.7,986.0
2019-08-13 11:15:00,NSE:ORIENTABRA,18.6,18.7,18.6,18.65,553.0
2019-08-13 12:00:00,NSE:ORIENTABRA,18.6,18.95,18.6,18.95,5368.0
2019-08-13 12:45:00,NSE:ORIENTABRA,19.0,19.45,19.0,19.05,8589.0
2019-08-13 13:30:00,NSE:ORIENTABRA,19.0,19.4,19.0,19.1,2779.0
2019-08-13 14:15:00,NSE:ORIENTABRA,19.2,19.2,18.85,18.85,2344.0
2019-08-13 15:00:00,NSE:ORIENTABRA,19.0,19.0,18.8,18.8,499.0
2019-08-14 09:00:00,NSE:ORIENTABRA,18.5,18.5,18.5,18.5,1005.0
2019-08-14 09:45:00,NSE:ORIENTABRA,18.6,18.6,17.9,18.0,2840.0
2019-08-14 10:30:00,NSE:ORIENTABRA,18.0,18.0,17.9,18.0,2489.0
2019-08-14 11:15:00,NSE:ORIENTABRA,18.0,18.15,18.0,18.15,209.0
2019-08-14 12:00:00,NSE:ORIENTABRA,18.05,18.05,18.05,18.05,51.0
2019-08-14 12:45:00,NSE:ORIENTABRA,18.05,18.05,17.95,17.95,1423.0
2019-08-14 13:30:00,NSE:ORIENTABRA,18.0,18.25,18.0,18.25,503.0
2019-08-14 14:15:00,NSE:ORIENTABRA,18.25,18.3,18.0,18.0,1001.0
2019-08-14 15:00:00,NSE:ORIENTABRA,18.0,18.0,17.95,18.0,85.0
2019-08-16 09:00:00,NSE:ORIENTABRA,18.0,18.3,17.8,18.3,2408.0
2019-08-16 09:45:00,NSE:ORIENTABRA,18.35,18.35,17.75,17.75,1157.0
2019-08-16 10:30:00,NSE:ORIENTABRA,18.15,18.15,17.9,18.15,68.0
2019-08-16 11:15:00,NSE:ORIENTABRA,18.2,18.3,18.2,18.3,1152.0
2019-08-16 12:45:00,NSE:ORIENTABRA,18.35,18.35,18.2,18.2,605.0
2019-08-16 13:30:00,NSE:ORIENTABRA,18.3,18.3,17.9,17.9,1524.0
2019-08-16 14:15:00,NSE:ORIENTABRA,17.9,17.9,17.9,17.9,200.0
2019-08-16 15:00:00,NSE:ORIENTABRA,18.05,18.05,17.8,17.8,161.0
2019-08-19 09:00:00,NSE:ORIENTABRA,18.1,18.7,18.1,18.7,275.0
2019-08-19 09:45:00,NSE:ORIENTABRA,18.1,18.15,18.05,18.05,900.0
2019-08-19 10:30:00,NSE:ORIENTABRA,18.4,18.4,18.0,18.3,2966.0
2019-08-19 11:15:00,NSE:ORIENTABRA,18.25,18.3,18.25,18.3,2345.0
2019-08-19 12:00:00,NSE:ORIENTABRA,18.35,18.9,18.35,18.75,5136.0
2019-08-19 12:45:00,NSE:ORIENTABRA,18.7,18.8,18.45,18.6,658.0
2019-08-19 13:30:00,NSE:ORIENTABRA,18.5,18.5,18.35,18.35,1921.0
2019-08-19 14:15:00,NSE:ORIENTABRA,18.35,18.35,18.35,18.35,150.0
2019-08-19 15:00:00,NSE:ORIENTABRA,18.2,18.3,18.2,18.25,1718.0
2019-08-20 09:00:00,NSE:ORIENTABRA,17.9,17.9,17.9,17.9,1.0
2019-08-20 09:45:00,NSE:ORIENTABRA,18.1,18.1,18.1,18.1,1.0
2019-08-20 10:30:00,NSE:ORIENTABRA,18.7,18.7,18.7,18.7,150.0
2019-08-20 11:15:00,NSE:ORIENTABRA,18.1,18.7,18.05,18.05,160.0
2019-08-20 12:45:00,NSE:ORIENTABRA,18.0,18.0,17.9,17.9,301.0
2019-08-20 13:30:00,NSE:ORIENTABRA,17.9,18.25,17.75,17.8,724.0
2019-08-20 14:15:00,NSE:ORIENTABRA,17.75,18.25,17.75,17.85,589.0
2019-08-20 15:00:00,NSE:ORIENTABRA,17.85,18.95,17.8,18.6,7129.0
2019-08-21 09:00:00,NSE:ORIENTABRA,19.15,19.15,17.3,18.2,355.0
2019-08-21 09:45:00,NSE:ORIENTABRA,18.25,18.4,18.25,18.25,542.0
2019-08-21 10:30:00,NSE:ORIENTABRA,18.25,18.25,18.0,18.0,6.0
2019-08-21 11:15:00,NSE:ORIENTABRA,18.1,18.1,17.55,17.6,2858.0
2019-08-21 12:00:00,NSE:ORIENTABRA,17.6,17.8,17.5,17.5,1327.0
2019-08-21 12:45:00,NSE:ORIENTABRA,17.75,17.75,17.75,17.75,104.0
2019-08-21 13:30:00,NSE:ORIENTABRA,17.9,17.9,17.75,17.9,411.0
2019-08-21 14:15:00,NSE:ORIENTABRA,17.75,17.75,17.7,17.7,935.0
2019-08-21 15:00:00,NSE:ORIENTABRA,17.7,17.7,17.3,17.4,606.0
2019-08-22 09:00:00,NSE:ORIENTABRA,17.0,17.0,17.0,17.0,500.0
2019-08-22 09:45:00,NSE:ORIENTABRA,17.05,17.55,16.8,17.1,1006.0
2019-08-22 10:30:00,NSE:ORIENTABRA,16.9,16.9,16.9,16.9,1000.0
2019-08-22 11:15:00,NSE:ORIENTABRA,16.95,17.2,16.95,17.2,556.0
2019-08-22 12:00:00,NSE:ORIENTABRA,17.15,17.15,17.15,17.15,1.0
2019-08-22 12:45:00,NSE:ORIENTABRA,16.95,16.95,16.95,16.95,400.0
2019-08-22 13:30:00,NSE:ORIENTABRA,16.95,16.95,16.95,16.95,5.0
2019-08-22 14:15:00,NSE:ORIENTABRA,17.0,17.1,16.9,16.9,1079.0
2019-08-22 15:00:00,NSE:ORIENTABRA,16.95,16.95,16.8,16.85,1058.0
2019-08-23 09:00:00,NSE:ORIENTABRA,17.15,17.15,16.9,16.9,104.0
2019-08-23 09:45:00,NSE:ORIENTABRA,17.0,17.0,17.0,17.0,95.0
2019-08-23 10:30:00,NSE:ORIENTABRA,17.05,17.05,17.0,17.0,150.0
2019-08-23 12:00:00,NSE:ORIENTABRA,17.0,17.0,16.95,17.0,81.0
2019-08-23 12:45:00,NSE:ORIENTABRA,17.0,17.0,17.0,17.0,501.0
2019-08-23 13:30:00,NSE:ORIENTABRA,17.0,17.2,17.0,17.2,776.0
2019-08-23 14:15:00,NSE:ORIENTABRA,17.2,17.2,17.0,17.0,665.0
2019-08-23 15:00:00,NSE:ORIENTABRA,17.0,17.05,17.0,17.0,1172.0
2019-08-26 09:00:00,NSE:ORIENTABRA,18.0,18.0,18.0,18.0,50.0
2019-08-26 09:45:00,NSE:ORIENTABRA,17.85,17.85,17.55,17.75,1001.0
2019-08-26 10:30:00,NSE:ORIENTABRA,17.7,17.7,17.35,17.7,2665.0
2019-08-26 11:15:00,NSE:ORIENTABRA,17.4,17.4,17.4,17.4,3.0
2019-08-26 12:00:00,NSE:ORIENTABRA,17.75,17.75,16.5,17.55,2473.0
2019-08-26 12:45:00,NSE:ORIENTABRA,17.15,17.35,17.05,17.35,416.0
2019-08-26 13:30:00,NSE:ORIENTABRA,17.35,17.35,17.25,17.25,412.0
2019-08-26 14:15:00,NSE:ORIENTABRA,17.1,17.25,17.1,17.25,503.0
2019-08-26 15:00:00,NSE:ORIENTABRA,17.2,17.5,17.2,17.5,410.0
2019-08-27 09:00:00,NSE:ORIENTABRA,17.3,17.3,17.25,17.25,635.0
2019-08-27 09:45:00,NSE:ORIENTABRA,17.3,17.8,17.3,17.8,3104.0
2019-08-27 10:30:00,NSE:ORIENTABRA,17.65,17.65,17.6,17.65,1188.0
2019-08-27 11:15:00,NSE:ORIENTABRA,17.65,17.65,17.4,17.5,6285.0
2019-08-27 12:00:00,NSE:ORIENTABRA,17.45,17.45,17.35,17.35,2106.0
2019-08-27 12:45:00,NSE:ORIENTABRA,17.35,17.4,17.3,17.4,2055.0
2019-08-27 13:30:00,NSE:ORIENTABRA,17.4,17.4,17.25,17.25,798.0
2019-08-27 14:15:00,NSE:ORIENTABRA,17.25,17.25,17.25,17.25,730.0
2019-08-27 15:00:00,NSE:ORIENTABRA,17.15,17.3,17.15,17.3,1067.0
2019-08-28 09:00:00,NSE:ORIENTABRA,17.9,17.9,17.1,17.1,237.0
2019-08-28 09:45:00,NSE:ORIENTABRA,17.25,17.45,17.25,17.45,235.0
2019-08-28 10:30:00,NSE:ORIENTABRA,17.35,17.45,17.35,17.45,554.0
2019-08-28 11:15:00,NSE:ORIENTABRA,17.7,17.75,17.7,17.75,1108.0
2019-08-28 12:00:00,NSE:ORIENTABRA,17.75,17.8,17.75,17.8,213.0
2019-08-28 12:45:00,NSE:ORIENTABRA,17.4,17.4,17.4,17.4,145.0
2019-08-28 13:30:00,NSE:ORIENTABRA,17.35,17.45,17.25,17.25,125.0
2019-08-28 14:15:00,NSE:ORIENTABRA,17.2,17.5,17.15,17.15,657.0
2019-08-28 15:00:00,NSE:ORIENTABRA,17.4,17.45,17.05,17.45,1302.0
2019-08-29 09:00:00,NSE:ORIENTABRA,17.5,17.75,17.3,17.4,1062.0
2019-08-29 09:45:00,NSE:ORIENTABRA,17.4,17.55,17.4,17.55,101.0
2019-08-29 10:30:00,NSE:ORIENTABRA,17.5,17.5,17.05,17.3,687.0
2019-08-29 11:15:00,NSE:ORIENTABRA,17.35,17.35,17.1,17.1,280.0
2019-08-29 12:00:00,NSE:ORIENTABRA,17.0,17.15,16.75,17.1,1923.0
2019-08-29 14:15:00,NSE:ORIENTABRA,17.0,17.0,16.5,16.7,4564.0
2019-08-29 15:00:00,NSE:ORIENTABRA,16.7,16.85,16.6,16.85,732.0
2019-08-30 09:00:00,NSE:ORIENTABRA,16.85,16.85,16.85,16.85,60.0
2019-08-30 10:30:00,NSE:ORIENTABRA,17.45,17.45,17.45,17.45,550.0
2019-08-30 11:15:00,NSE:ORIENTABRA,17.4,17.4,16.5,16.5,7043.0
2019-08-30 12:00:00,NSE:ORIENTABRA,16.6,16.6,16.4,16.45,1993076.0
2019-08-30 12:45:00,NSE:ORIENTABRA,16.55,16.55,16.55,16.55,100.0
2019-08-30 13:30:00,NSE:ORIENTABRA,16.65,16.9,16.65,16.9,137.0
2019-08-30 14:15:00,NSE:ORIENTABRA,16.9,16.95,16.65,16.95,2350.0
2019-08-30 15:00:00,NSE:ORIENTABRA,17.0,17.2,16.85,17.2,1025.0
2019-09-03 09:00:00,NSE:ORIENTABRA,16.6,16.7,16.6,16.7,11.0
2019-09-03 09:45:00,NSE:ORIENTABRA,17.15,17.15,16.6,17.15,467.0
2019-09-03 10:30:00,NSE:ORIENTABRA,17.0,17.05,17.0,17.05,497.0
2019-09-03 11:15:00,NSE:ORIENTABRA,17.4,17.4,17.1,17.4,359.0
2019-09-03 12:00:00,NSE:ORIENTABRA,17.35,17.35,17.1,17.1,1020.0
2019-09-03 12:45:00,NSE:ORIENTABRA,17.3,17.3,17.3,17.3,31.0
2019-09-03 13:30:00,NSE:ORIENTABRA,17.05,17.1,17.0,17.0,104.0
2019-09-03 14:15:00,NSE:ORIENTABRA,17.2,17.2,17.0,17.0,696.0
2019-09-03 15:00:00,NSE:ORIENTABRA,16.2,17.25,16.2,16.7,2054.0
2019-09-04 09:00:00,NSE:ORIENTABRA,16.7,16.7,16.5,16.6,305.0
2019-09-04 10:30:00,NSE:ORIENTABRA,17.35,17.35,17.35,17.35,150.0
2019-09-04 11:15:00,NSE:ORIENTABRA,16.75,16.75,16.75,16.75,100.0
2019-09-04 12:45:00,NSE:ORIENTABRA,17.0,17.1,17.0,17.1,250.0
2019-09-04 13:30:00,NSE:ORIENTABRA,17.1,17.1,17.0,17.0,265.0
2019-09-04 14:15:00,NSE:ORIENTABRA,16.9,16.9,16.75,16.75,1122.0
2019-09-04 15:00:00,NSE:ORIENTABRA,16.5,16.65,16.45,16.45,11212.0
2019-09-04 15:45:00,NSE:ORIENTABRA,16.55,16.55,16.55,16.55,46.0
2019-09-05 09:00:00,NSE:ORIENTABRA,16.6,17.9,16.6,17.45,1640.0
2019-09-05 09:45:00,NSE:ORIENTABRA,17.05,17.2,16.7,17.2,1358.0
2019-09-05 10:30:00,NSE:ORIENTABRA,16.75,17.0,16.75,17.0,402.0
2019-09-05 11:15:00,NSE:ORIENTABRA,16.85,17.2,16.75,16.9,1280.0
2019-09-05 12:00:00,NSE:ORIENTABRA,16.95,17.0,16.9,16.9,322.0
2019-09-05 12:45:00,NSE:ORIENTABRA,16.75,16.75,16.75,16.75,25.0
2019-09-05 13:30:00,NSE:ORIENTABRA,16.85,16.85,16.75,16.8,110.0
2019-09-05 14:15:00,NSE:ORIENTABRA,16.85,16.85,16.8,16.8,196.0
2019-09-05 15:00:00,NSE:ORIENTABRA,16.7,16.9,16.65,16.7,5080.0
2019-09-06 09:00:00,NSE:ORIENTABRA,16.7,16.8,16.65,16.65,946.0
2019-09-06 09:45:00,NSE:ORIENTABRA,16.7,16.7,16.65,16.7,2311.0
2019-09-06 10:30:00,NSE:ORIENTABRA,16.8,16.95,16.8,16.9,1600.0
2019-09-06 11:15:00,NSE:ORIENTABRA,16.8,17.0,16.65,17.0,3618.0
2019-09-06 12:00:00,NSE:ORIENTABRA,16.7,16.9,16.55,16.55,1280.0
2019-09-06 12:45:00,NSE:ORIENTABRA,16.8,16.8,16.8,16.8,1604.0
2019-09-06 13:30:00,NSE:ORIENTABRA,16.8,16.85,16.8,16.85,500.0
2019-09-06 14:15:00,NSE:ORIENTABRA,16.8,16.8,16.7,16.8,1772.0
2019-09-06 15:00:00,NSE:ORIENTABRA,16.7,16.7,16.65,16.65,647.0
2019-09-09 09:45:00,NSE:ORIENTABRA,16.9,16.9,16.85,16.9,1014.0
2019-09-09 10:30:00,NSE:ORIENTABRA,16.9,17.05,16.9,17.05,905.0
2019-09-09 11:15:00,NSE:ORIENTABRA,17.05,17.05,16.75,17.05,2221.0
2019-09-09 12:00:00,NSE:ORIENTABRA,17.0,17.05,17.0,17.05,1123.0
2019-09-09 12:45:00,NSE:ORIENTABRA,17.1,17.2,17.1,17.2,518.0
2019-09-09 13:30:00,NSE:ORIENTABRA,17.2,17.2,16.85,16.9,4563.0
2019-09-09 14:15:00,NSE:ORIENTABRA,16.9,16.95,16.85,16.95,3708.0
2019-09-09 15:00:00,NSE:ORIENTABRA,16.95,16.95,16.85,16.9,3303.0
2019-09-11 09:00:00,NSE:ORIENTABRA,17.5,17.5,17.15,17.15,894.0
2019-09-11 09:45:00,NSE:ORIENTABRA,17.2,17.4,17.2,17.3,2993.0
2019-09-11 10:30:00,NSE:ORIENTABRA,17.3,17.35,17.15,17.2,10986.0
2019-09-11 11:15:00,NSE:ORIENTABRA,17.5,17.5,17.2,17.45,2059.0
2019-09-11 12:00:00,NSE:ORIENTABRA,17.4,17.4,17.25,17.25,405.0
2019-09-11 12:45:00,NSE:ORIENTABRA,17.25,17.25,17.05,17.05,2414.0
2019-09-11 13:30:00,NSE:ORIENTABRA,17.25,17.35,17.25,17.35,1500.0
2019-09-11 14:15:00,NSE:ORIENTABRA,17.3,17.35,17.3,17.3,3012.0
2019-09-11 15:00:00,NSE:ORIENTABRA,17.3,17.4,17.3,17.35,6351.0
2019-09-12 09:00:00,NSE:ORIENTABRA,17.7,18.45,17.7,18.45,5961.0
2019-09-12 09:45:00,NSE:ORIENTABRA,18.4,18.4,18.0,18.05,7908.0
2019-09-12 10:30:00,NSE:ORIENTABRA,18.0,18.0,17.95,17.95,2078.0
2019-09-12 11:15:00,NSE:ORIENTABRA,18.0,18.25,17.85,17.85,4485.0
2019-09-12 12:00:00,NSE:ORIENTABRA,17.85,17.85,17.8,17.8,1466.0
2019-09-12 12:45:00,NSE:ORIENTABRA,17.85,18.0,17.85,17.9,637.0
2019-09-12 13:30:00,NSE:ORIENTABRA,18.2,18.2,17.85,17.85,6094.0
2019-09-12 14:15:00,NSE:ORIENTABRA,17.8,17.85,17.8,17.85,781.0
2019-09-12 15:00:00,NSE:ORIENTABRA,17.9,17.9,17.7,17.8,2632.0
2019-09-13 09:00:00,NSE:ORIENTABRA,19.4,19.4,18.2,18.35,5006.0
2019-09-13 09:45:00,NSE:ORIENTABRA,18.35,19.0,18.25,18.75,6339.0
2019-09-13 10:30:00,NSE:ORIENTABRA,18.7,19.2,18.7,19.0,10184.0
2019-09-13 11:15:00,NSE:ORIENTABRA,19.0,19.75,18.9,19.3,18794.0
2019-09-13 12:00:00,NSE:ORIENTABRA,19.3,19.35,19.05,19.35,1873.0
2019-09-13 12:45:00,NSE:ORIENTABRA,19.2,19.45,18.75,19.25,7130.0
2019-09-13 13:30:00,NSE:ORIENTABRA,19.3,19.35,19.2,19.2,1440.0
2019-09-13 14:15:00,NSE:ORIENTABRA,19.2,19.45,19.2,19.25,7966.0
2019-09-13 15:00:00,NSE:ORIENTABRA,19.4,19.4,19.25,19.3,12616.0
2019-09-16 09:00:00,NSE:ORIENTABRA,18.9,19.95,18.7,19.35,10924.0
2019-09-16 09:45:00,NSE:ORIENTABRA,19.35,19.75,19.35,19.4,7371.0
2019-09-16 10:30:00,NSE:ORIENTABRA,19.55,19.75,19.4,19.75,2610.0
2019-09-16 11:15:00,NSE:ORIENTABRA,19.75,19.75,19.2,19.2,4365.0
2019-09-16 12:00:00,NSE:ORIENTABRA,19.2,19.4,19.2,19.4,630.0
2019-09-16 12:45:00,NSE:ORIENTABRA,19.4,19.4,19.3,19.3,798.0
2019-09-16 13:30:00,NSE:ORIENTABRA,19.25,19.4,19.2,19.25,780.0
2019-09-16 14:15:00,NSE:ORIENTABRA,19.3,19.35,19.15,19.2,2430.0
2019-09-16 15:00:00,NSE:ORIENTABRA,19.25,19.6,19.2,19.4,6612.0
2019-09-17 09:45:00,NSE:ORIENTABRA,19.5,19.8,19.3,19.5,2302.0
2019-09-17 10:30:00,NSE:ORIENTABRA,19.55,19.7,19.25,19.3,5416.0
2019-09-17 11:15:00,NSE:ORIENTABRA,19.3,19.5,19.0,19.05,3316.0
2019-09-17 12:00:00,NSE:ORIENTABRA,19.05,19.25,19.0,19.15,407.0
2019-09-17 12:45:00,NSE:ORIENTABRA,19.05,19.05,18.75,18.9,5265.0
2019-09-17 13:30:00,NSE:ORIENTABRA,18.85,18.85,18.6,18.6,552.0
2019-09-17 14:15:00,NSE:ORIENTABRA,18.75,19.15,18.75,19.0,2162.0
2019-09-17 15:00:00,NSE:ORIENTABRA,18.8,18.8,18.45,18.55,4068.0
2019-09-18 09:00:00,NSE:ORIENTABRA,18.7,18.9,18.7,18.7,1200.0
2019-09-18 09:45:00,NSE:ORIENTABRA,18.7,18.7,18.25,18.25,304.0
2019-09-18 10:30:00,NSE:ORIENTABRA,18.7,18.7,18.6,18.6,206.0
2019-09-18 12:00:00,NSE:ORIENTABRA,18.7,18.7,18.7,18.7,545.0
2019-09-18 12:45:00,NSE:ORIENTABRA,18.7,18.7,18.65,18.65,329.0
2019-09-18 13:30:00,NSE:ORIENTABRA,18.65,18.7,18.6,18.7,2441.0
2019-09-18 14:15:00,NSE:ORIENTABRA,18.55,18.9,18.55,18.9,855.0
2019-09-18 15:00:00,NSE:ORIENTABRA,18.95,19.25,18.7,19.25,1052.0
2019-09-19 09:00:00,NSE:ORIENTABRA,19.0,19.0,18.3,18.6,420.0
2019-09-19 09:45:00,NSE:ORIENTABRA,18.5,19.0,18.35,19.0,510.0
2019-09-19 10:30:00,NSE:ORIENTABRA,18.85,18.9,18.7,18.9,829.0
2019-09-19 11:15:00,NSE:ORIENTABRA,18.6,18.65,18.6,18.65,510.0
2019-09-19 12:00:00,NSE:ORIENTABRA,18.1,18.3,18.1,18.2,1852.0
2019-09-19 12:45:00,NSE:ORIENTABRA,18.2,18.4,18.2,18.3,1106.0
2019-09-19 13:30:00,NSE:ORIENTABRA,18.25,18.25,17.8,18.0,1265.0
2019-09-19 14:15:00,NSE:ORIENTABRA,18.0,18.2,17.55,17.55,3944.0
2019-09-19 15:00:00,NSE:ORIENTABRA,17.95,18.05,17.95,18.0,2591.0
2019-09-20 09:00:00,NSE:ORIENTABRA,17.3,18.35,17.3,18.35,507.0
2019-09-20 10:30:00,NSE:ORIENTABRA,17.8,18.5,17.65,18.5,2748.0
2019-09-20 11:15:00,NSE:ORIENTABRA,18.5,18.5,18.5,18.5,451.0
2019-09-20 12:00:00,NSE:ORIENTABRA,18.7,18.9,18.5,18.5,3411.0
2019-09-20 12:45:00,NSE:ORIENTABRA,18.75,18.85,18.2,18.35,7583.0
2019-09-20 13:30:00,NSE:ORIENTABRA,18.3,18.75,18.1,18.1,2326.0
2019-09-20 14:15:00,NSE:ORIENTABRA,18.5,18.6,18.15,18.3,2230.0
2019-09-20 15:00:00,NSE:ORIENTABRA,18.3,18.55,18.3,18.4,1948.0
2019-09-23 09:00:00,NSE:ORIENTABRA,18.55,18.65,18.35,18.35,1572.0
2019-09-23 09:45:00,NSE:ORIENTABRA,18.4,18.8,18.4,18.6,1607.0
2019-09-23 10:30:00,NSE:ORIENTABRA,18.6,18.85,18.5,18.5,5391.0
2019-09-23 11:15:00,NSE:ORIENTABRA,18.75,18.75,18.5,18.5,127.0
2019-09-23 12:45:00,NSE:ORIENTABRA,18.5,18.55,18.5,18.5,2051.0
2019-09-23 13:30:00,NSE:ORIENTABRA,18.6,18.6,18.45,18.45,2408.0
2019-09-23 14:15:00,NSE:ORIENTABRA,18.45,18.45,17.4,18.4,2641.0
2019-09-23 15:00:00,NSE:ORIENTABRA,18.3,18.3,17.8,18.3,1264.0
2019-09-24 09:00:00,NSE:ORIENTABRA,18.25,18.25,18.25,18.25,4.0
2019-09-24 09:45:00,NSE:ORIENTABRA,18.25,18.8,18.25,18.35,1194.0
2019-09-24 10:30:00,NSE:ORIENTABRA,18.35,18.9,18.35,18.85,2326.0
2019-09-24 11:15:00,NSE:ORIENTABRA,18.65,18.8,18.2,18.45,3255.0
2019-09-24 12:00:00,NSE:ORIENTABRA,18.45,18.75,18.4,18.4,269.0
2019-09-24 12:45:00,NSE:ORIENTABRA,18.4,18.4,18.4,18.4,80.0
2019-09-24 13:30:00,NSE:ORIENTABRA,18.5,18.75,18.5,18.75,700.0
2019-09-24 14:15:00,NSE:ORIENTABRA,18.7,18.7,18.5,18.55,296.0
2019-09-24 15:00:00,NSE:ORIENTABRA,18.7,18.9,18.45,18.9,4379.0
2019-09-24 15:45:00,NSE:ORIENTABRA,18.75,18.75,18.75,18.75,6.0
2019-09-25 09:00:00,NSE:ORIENTABRA,19.3,19.3,18.3,18.75,608.0
2019-09-25 09:45:00,NSE:ORIENTABRA,18.75,18.85,18.5,18.5,4042.0
2019-09-25 10:30:00,NSE:ORIENTABRA,18.75,18.75,18.45,18.45,2549.0
2019-09-25 12:00:00,NSE:ORIENTABRA,18.45,18.5,18.0,18.05,17387.0
2019-09-25 12:45:00,NSE:ORIENTABRA,18.2,18.2,18.05,18.15,2390.0
2019-09-25 13:30:00,NSE:ORIENTABRA,18.0,18.0,17.8,17.85,4013.0
2019-09-25 14:15:00,NSE:ORIENTABRA,17.85,17.85,17.6,17.75,1425.0
2019-09-25 15:00:00,NSE:ORIENTABRA,17.7,17.95,17.5,17.95,1682331.0
2019-09-26 09:00:00,NSE:ORIENTABRA,17.95,18.25,17.9,18.25,203.0
2019-09-26 09:45:00,NSE:ORIENTABRA,17.65,18.2,17.4,17.9,7610.0
2019-09-26 10:30:00,NSE:ORIENTABRA,17.75,17.85,17.6,17.85,3315.0
2019-09-26 11:15:00,NSE:ORIENTABRA,17.75,17.85,17.5,17.7,2631.0
2019-09-26 12:00:00,NSE:ORIENTABRA,17.8,17.8,17.55,17.75,1102.0
2019-09-26 12:45:00,NSE:ORIENTABRA,18.0,18.0,17.95,17.95,1426.0
2019-09-26 13:30:00,NSE:ORIENTABRA,17.5,17.9,17.5,17.85,3113.0
2019-09-26 14:15:00,NSE:ORIENTABRA,17.85,17.85,17.7,17.7,1201.0
2019-09-26 15:00:00,NSE:ORIENTABRA,17.75,17.85,17.5,17.5,1756.0
2019-09-27 09:00:00,NSE:ORIENTABRA,17.7,17.7,17.7,17.7,6.0
2019-09-27 09:45:00,NSE:ORIENTABRA,17.85,18.2,17.85,18.2,1502.0
2019-09-27 10:30:00,NSE:ORIENTABRA,17.95,18.2,17.95,17.95,1032.0
2019-09-27 11:15:00,NSE:ORIENTABRA,18.05,18.05,17.9,17.9,840.0
2019-09-27 12:00:00,NSE:ORIENTABRA,17.8,17.8,17.5,17.5,2561.0
2019-09-27 12:45:00,NSE:ORIENTABRA,18.0,18.0,17.95,17.95,1101.0
2019-09-27 13:30:00,NSE:ORIENTABRA,17.6,17.6,17.5,17.5,4331.0
2019-09-27 14:15:00,NSE:ORIENTABRA,17.55,17.7,17.55,17.55,1807.0
2019-09-27 15:00:00,NSE:ORIENTABRA,17.7,17.8,17.55,17.75,1885.0
2019-09-30 09:00:00,NSE:ORIENTABRA,17.1,17.3,17.1,17.3,504.0
2019-09-30 09:45:00,NSE:ORIENTABRA,17.7,17.7,17.35,17.5,690.0
2019-09-30 10:30:00,NSE:ORIENTABRA,17.5,17.5,17.45,17.45,1445.0
2019-09-30 11:15:00,NSE:ORIENTABRA,17.45,17.45,17.35,17.35,157.0
2019-09-30 12:00:00,NSE:ORIENTABRA,17.4,17.4,17.4,17.4,800.0
2019-09-30 12:45:00,NSE:ORIENTABRA,17.4,17.65,17.05,17.65,2848.0
2019-09-30 13:30:00,NSE:ORIENTABRA,17.5,17.5,17.3,17.3,800.0
2019-09-30 14:15:00,NSE:ORIENTABRA,17.5,17.5,17.4,17.4,1711.0
2019-09-30 15:00:00,NSE:ORIENTABRA,17.3,17.55,17.3,17.55,1403743.0
2019-10-01 09:45:00,NSE:ORIENTABRA,17.3,17.3,17.25,17.25,74.0
2019-10-01 10:30:00,NSE:ORIENTABRA,17.3,17.9,17.05,17.4,4764.0
2019-10-01 11:15:00,NSE:ORIENTABRA,17.45,17.45,17.4,17.4,204.0
2019-10-01 12:00:00,NSE:ORIENTABRA,17.85,17.85,17.2,17.2,1056.0
2019-10-01 12:45:00,NSE:ORIENTABRA,17.15,17.4,17.15,17.4,1050.0
2019-10-01 13:30:00,NSE:ORIENTABRA,17.3,17.3,17.25,17.25,151.0
2019-10-01 14:15:00,NSE:ORIENTABRA,17.0,17.3,17.0,17.3,1361.0
2019-10-01 15:00:00,NSE:ORIENTABRA,17.25,17.25,16.95,17.05,1687.0
2019-10-03 09:00:00,NSE:ORIENTABRA,17.7,17.7,17.0,17.5,521.0
2019-10-03 09:45:00,NSE:ORIENTABRA,17.1,17.45,17.0,17.4,1733.0
2019-10-03 11:15:00,NSE:ORIENTABRA,17.0,17.2,17.0,17.2,229.0
2019-10-03 12:00:00,NSE:ORIENTABRA,17.2,17.2,17.05,17.05,63.0
2019-10-03 12:45:00,NSE:ORIENTABRA,17.2,17.2,17.05,17.1,611.0
2019-10-03 13:30:00,NSE:ORIENTABRA,17.0,17.15,16.9,16.9,2730.0
2019-10-03 14:15:00,NSE:ORIENTABRA,16.9,17.0,16.9,16.9,950.0
2019-10-03 15:00:00,NSE:ORIENTABRA,17.0,17.1,16.55,16.75,6491.0
2019-10-04 09:45:00,NSE:ORIENTABRA,16.95,17.0,16.85,17.0,357.0
2019-10-04 10:30:00,NSE:ORIENTABRA,16.95,16.95,16.7,16.75,1354.0
2019-10-04 11:15:00,NSE:ORIENTABRA,16.6,16.6,16.6,16.6,800.0
2019-10-04 12:00:00,NSE:ORIENTABRA,16.85,16.85,16.6,16.6,2285.0
2019-10-04 12:45:00,NSE:ORIENTABRA,16.85,16.85,16.85,16.85,300.0
2019-10-04 13:30:00,NSE:ORIENTABRA,16.75,16.75,16.5,16.5,1215.0
2019-10-04 14:15:00,NSE:ORIENTABRA,16.5,16.85,16.5,16.85,1403.0
2019-10-04 15:00:00,NSE:ORIENTABRA,16.7,16.7,16.1,16.35,7582.0
2019-10-07 09:00:00,NSE:ORIENTABRA,17.45,17.5,16.25,17.4,12647.0
2019-10-07 09:45:00,NSE:ORIENTABRA,17.45,17.45,16.85,16.85,6572.0
2019-10-07 10:30:00,NSE:ORIENTABRA,16.85,16.85,16.7,16.7,516.0
2019-10-07 11:15:00,NSE:ORIENTABRA,17.0,17.0,16.8,16.8,201.0
2019-10-07 12:00:00,NSE:ORIENTABRA,16.8,16.8,16.65,16.65,825.0
2019-10-07 12:45:00,NSE:ORIENTABRA,16.65,16.85,16.6,16.8,1464.0
2019-10-07 13:30:00,NSE:ORIENTABRA,16.65,16.75,16.65,16.75,251.0
2019-10-07 14:15:00,NSE:ORIENTABRA,16.5,16.85,16.5,16.8,5693.0
2019-10-07 15:00:00,NSE:ORIENTABRA,16.8,16.8,16.5,16.5,7447.0
2019-10-09 09:45:00,NSE:ORIENTABRA,16.85,17.3,16.4,16.4,1771.0
2019-10-09 10:30:00,NSE:ORIENTABRA,16.5,16.5,16.5,16.5,800.0
2019-10-09 11:15:00,NSE:ORIENTABRA,16.5,16.75,16.45,16.45,1230.0
2019-10-09 12:00:00,NSE:ORIENTABRA,16.7,17.1,16.4,16.4,6390.0
2019-10-09 12:45:00,NSE:ORIENTABRA,16.4,16.4,16.4,16.4,101.0
2019-10-09 13:30:00,NSE:ORIENTABRA,17.0,17.0,16.5,16.5,2850.0
2019-10-09 14:15:00,NSE:ORIENTABRA,16.95,17.05,16.55,16.6,3377.0
2019-10-09 15:00:00,NSE:ORIENTABRA,16.55,17.0,16.55,17.0,6550.0
2019-10-09 15:45:00,NSE:ORIENTABRA,16.7,16.7,16.7,16.7,119.0
2019-10-10 09:00:00,NSE:ORIENTABRA,16.8,17.15,16.75,17.05,2292.0
2019-10-10 09:45:00,NSE:ORIENTABRA,17.0,17.4,16.85,16.85,1042.0
2019-10-10 10:30:00,NSE:ORIENTABRA,17.05,17.05,16.65,16.65,626.0
2019-10-10 11:15:00,NSE:ORIENTABRA,16.75,17.1,16.75,16.8,6535.0
2019-10-10 12:00:00,NSE:ORIENTABRA,17.0,17.0,16.9,17.0,2994.0
2019-10-10 12:45:00,NSE:ORIENTABRA,17.0,17.05,17.0,17.05,10500.0
2019-10-10 13:30:00,NSE:ORIENTABRA,16.95,16.95,16.9,16.9,268.0
2019-10-10 14:15:00,NSE:ORIENTABRA,16.9,16.95,16.8,16.8,300.0
2019-10-10 15:00:00,NSE:ORIENTABRA,16.8,16.95,16.5,16.55,6052.0
2019-10-10 15:45:00,NSE:ORIENTABRA,16.65,16.65,16.65,16.65,2.0
2019-10-11 09:45:00,NSE:ORIENTABRA,16.75,16.75,16.35,16.4,813.0
2019-10-11 11:15:00,NSE:ORIENTABRA,16.4,16.9,16.4,16.9,3920.0
2019-10-11 12:00:00,NSE:ORIENTABRA,16.95,16.95,16.75,16.75,250.0
2019-10-11 12:45:00,NSE:ORIENTABRA,16.85,16.85,16.7,16.7,123.0
2019-10-11 13:30:00,NSE:ORIENTABRA,16.55,16.65,16.5,16.55,2167.0
2019-10-11 14:15:00,NSE:ORIENTABRA,16.55,16.7,16.55,16.55,69.0
2019-10-11 15:00:00,NSE:ORIENTABRA,16.55,16.55,16.55,16.55,609.0
2019-10-14 09:00:00,NSE:ORIENTABRA,16.95,17.0,16.95,17.0,601.0
2019-10-14 09:45:00,NSE:ORIENTABRA,16.2,16.85,16.2,16.85,1241.0
2019-10-14 10:30:00,NSE:ORIENTABRA,16.85,16.9,16.6,16.9,1163.0
2019-10-14 11:15:00,NSE:ORIENTABRA,16.9,16.9,16.45,16.45,26.0
2019-10-14 12:00:00,NSE:ORIENTABRA,16.6,16.7,16.55,16.55,1370.0
2019-10-14 12:45:00,NSE:ORIENTABRA,16.7,16.7,16.7,16.7,236.0
2019-10-14 13:30:00,NSE:ORIENTABRA,16.5,16.65,16.5,16.65,11.0
2019-10-14 14:15:00,NSE:ORIENTABRA,16.55,16.55,16.5,16.5,4269.0
2019-10-14 15:00:00,NSE:ORIENTABRA,16.55,16.55,16.5,16.55,5057.0
2019-10-15 09:00:00,NSE:ORIENTABRA,16.9,16.9,16.9,16.9,1.0
2019-10-15 09:45:00,NSE:ORIENTABRA,16.4,16.4,16.4,16.4,131.0
2019-10-15 10:30:00,NSE:ORIENTABRA,16.4,16.85,16.25,16.35,2859.0
2019-10-15 11:15:00,NSE:ORIENTABRA,16.35,16.8,16.35,16.8,866.0
2019-10-15 12:00:00,NSE:ORIENTABRA,16.25,16.3,16.25,16.3,2000.0
2019-10-15 12:45:00,NSE:ORIENTABRA,16.45,16.5,16.45,16.45,1840.0
2019-10-15 13:30:00,NSE:ORIENTABRA,17.0,17.0,16.75,16.75,5004.0
2019-10-15 14:15:00,NSE:ORIENTABRA,16.75,16.75,16.75,16.75,2253.0
2019-10-15 15:00:00,NSE:ORIENTABRA,16.75,16.75,16.25,16.35,3404.0
2019-10-16 09:00:00,NSE:ORIENTABRA,16.45,17.0,16.3,17.0,1003.0
2019-10-16 09:45:00,NSE:ORIENTABRA,16.4,16.45,16.15,16.45,2914.0
2019-10-16 10:30:00,NSE:ORIENTABRA,16.4,16.4,16.3,16.3,7050.0
2019-10-16 11:15:00,NSE:ORIENTABRA,16.5,16.5,16.25,16.25,1015.0
2019-10-16 12:00:00,NSE:ORIENTABRA,16.25,16.25,16.2,16.25,2000.0
2019-10-16 12:45:00,NSE:ORIENTABRA,16.25,16.25,16.15,16.15,400.0
2019-10-16 13:30:00,NSE:ORIENTABRA,16.15,16.25,16.15,16.25,500.0
2019-10-16 14:15:00,NSE:ORIENTABRA,16.25,16.4,16.2,16.2,2855.0
2019-10-16 15:00:00,NSE:ORIENTABRA,16.2,16.3,16.15,16.2,1671.0
2019-10-17 09:00:00,NSE:ORIENTABRA,16.0,16.0,15.8,16.0,232.0
2019-10-17 09:45:00,NSE:ORIENTABRA,16.5,16.5,16.1,16.15,1518.0
2019-10-17 10:30:00,NSE:ORIENTABRA,16.35,16.35,16.3,16.3,145.0
2019-10-17 11:15:00,NSE:ORIENTABRA,16.0,16.35,16.0,16.35,1821.0
2019-10-17 12:00:00,NSE:ORIENTABRA,16.2,16.2,16.2,16.2,21.0
2019-10-17 12:45:00,NSE:ORIENTABRA,16.2,16.2,16.2,16.2,150.0
2019-10-17 13:30:00,NSE:ORIENTABRA,16.2,16.2,16.15,16.15,300.0
2019-10-17 14:15:00,NSE:ORIENTABRA,16.0,16.05,16.0,16.05,3100.0
2019-10-17 15:00:00,NSE:ORIENTABRA,16.4,16.4,16.4,16.4,1104.0
2019-10-18 09:00:00,NSE:ORIENTABRA,16.2,17.0,16.2,16.75,9959.0
2019-10-18 09:45:00,NSE:ORIENTABRA,16.8,16.8,16.55,16.6,2891.0
2019-10-18 10:30:00,NSE:ORIENTABRA,16.6,16.8,16.6,16.8,4047.0
2019-10-18 11:15:00,NSE:ORIENTABRA,16.8,16.8,16.8,16.8,1840.0
2019-10-18 12:00:00,NSE:ORIENTABRA,16.9,17.0,16.9,17.0,6894.0
2019-10-18 12:45:00,NSE:ORIENTABRA,17.0,17.0,16.8,16.9,3640.0
2019-10-18 13:30:00,NSE:ORIENTABRA,17.0,17.0,16.9,17.0,3097.0
2019-10-18 14:15:00,NSE:ORIENTABRA,17.0,17.0,16.9,17.0,7393.0
2019-10-18 15:00:00,NSE:ORIENTABRA,16.9,17.0,16.8,16.9,10165.0
2019-10-22 09:00:00,NSE:ORIENTABRA,16.9,17.0,16.8,16.8,9920.0
2019-10-22 09:45:00,NSE:ORIENTABRA,17.0,17.0,16.8,16.8,2730.0
2019-10-22 10:30:00,NSE:ORIENTABRA,16.8,17.0,16.8,17.0,966.0
2019-10-22 11:15:00,NSE:ORIENTABRA,17.0,17.0,17.0,17.0,1758.0
2019-10-22 12:00:00,NSE:ORIENTABRA,16.8,16.85,16.8,16.85,2051.0
2019-10-22 12:45:00,NSE:ORIENTABRA,16.95,17.0,16.9,16.9,3310.0
2019-10-22 13:30:00,NSE:ORIENTABRA,16.85,16.9,16.8,16.9,4799.0
2019-10-22 14:15:00,NSE:ORIENTABRA,16.9,17.0,16.85,16.9,3582.0
2019-10-22 15:00:00,NSE:ORIENTABRA,16.95,17.0,16.9,17.0,4675.0
2019-10-23 09:00:00,NSE:ORIENTABRA,17.2,17.2,16.95,17.0,641.0
2019-10-23 09:45:00,NSE:ORIENTABRA,17.0,17.0,16.45,16.7,1011.0
2019-10-23 10:30:00,NSE:ORIENTABRA,16.55,17.0,16.55,16.6,9.0
2019-10-23 11:15:00,NSE:ORIENTABRA,17.0,17.0,16.65,16.65,3420.0
2019-10-23 12:00:00,NSE:ORIENTABRA,16.7,16.7,16.7,16.7,1.0
2019-10-23 12:45:00,NSE:ORIENTABRA,16.95,16.95,16.95,16.95,320.0
2019-10-23 13:30:00,NSE:ORIENTABRA,16.85,16.85,16.8,16.8,889.0
2019-10-23 14:15:00,NSE:ORIENTABRA,16.9,16.9,16.7,16.7,2375.0
2019-10-23 15:00:00,NSE:ORIENTABRA,16.9,16.9,16.7,16.7,1108.0
2019-10-24 09:00:00,NSE:ORIENTABRA,16.75,16.95,16.75,16.95,352.0
2019-10-24 09:45:00,NSE:ORIENTABRA,16.95,17.0,16.75,17.0,2734.0
2019-10-24 10:30:00,NSE:ORIENTABRA,16.9,16.9,16.9,16.9,29.0
2019-10-24 11:15:00,NSE:ORIENTABRA,16.9,16.9,16.9,16.9,652.0
2019-10-24 12:00:00,NSE:ORIENTABRA,16.85,16.95,16.1,16.55,6789.0
2019-10-24 12:45:00,NSE:ORIENTABRA,16.95,16.95,16.15,16.2,10320.0
2019-10-24 13:30:00,NSE:ORIENTABRA,16.1,16.3,16.0,16.2,11272.0
2019-10-24 14:15:00,NSE:ORIENTABRA,16.15,16.25,16.15,16.25,1602.0
2019-10-24 15:00:00,NSE:ORIENTABRA,16.15,16.3,16.05,16.1,4112.0
2019-10-25 09:00:00,NSE:ORIENTABRA,16.75,16.75,16.2,16.2,151.0
2019-10-25 09:45:00,NSE:ORIENTABRA,16.2,16.4,16.2,16.4,350.0
2019-10-25 10:30:00,NSE:ORIENTABRA,16.4,16.4,16.2,16.25,1495.0
2019-10-25 11:15:00,NSE:ORIENTABRA,16.45,16.55,16.45,16.55,1000.0
2019-10-25 12:00:00,NSE:ORIENTABRA,16.35,16.5,16.35,16.45,378.0
2019-10-25 12:45:00,NSE:ORIENTABRA,16.45,16.45,16.25,16.25,1038.0
2019-10-25 14:15:00,NSE:ORIENTABRA,16.25,16.5,16.05,16.2,6431.0
2019-10-25 15:00:00,NSE:ORIENTABRA,16.5,16.5,16.2,16.2,3408.0
2019-10-27 17:45:00,NSE:ORIENTABRA,16.85,16.85,16.6,16.85,199.0
2019-10-27 18:30:00,NSE:ORIENTABRA,16.75,17.0,16.5,16.6,5709.0
2019-10-29 10:30:00,NSE:ORIENTABRA,16.75,16.9,16.75,16.9,71.0
2019-10-29 11:15:00,NSE:ORIENTABRA,16.85,17.0,16.75,16.75,1256.0
2019-10-29 12:00:00,NSE:ORIENTABRA,16.8,16.9,16.75,16.75,1579.0
2019-10-29 12:45:00,NSE:ORIENTABRA,16.9,16.9,16.7,16.85,753.0
2019-10-29 13:30:00,NSE:ORIENTABRA,17.0,17.0,16.25,16.6,2238.0
2019-10-29 14:15:00,NSE:ORIENTABRA,16.4,16.5,16.4,16.5,1226.0
2019-10-29 15:00:00,NSE:ORIENTABRA,16.5,16.8,16.5,16.6,1179.0
2019-10-30 09:00:00,NSE:ORIENTABRA,17.15,17.15,16.65,17.05,46.0
2019-10-30 09:45:00,NSE:ORIENTABRA,17.1,17.1,16.5,16.85,2226.0
2019-10-30 10:30:00,NSE:ORIENTABRA,16.75,16.9,16.75,16.9,224.0
2019-10-30 11:15:00,NSE:ORIENTABRA,16.75,17.05,16.7,16.7,3671.0
2019-10-30 12:00:00,NSE:ORIENTABRA,16.8,16.8,16.2,16.7,6878.0
2019-10-30 12:45:00,NSE:ORIENTABRA,16.4,16.5,16.4,16.5,2975.0
2019-10-30 13:30:00,NSE:ORIENTABRA,16.7,16.7,16.4,16.65,423.0
2019-10-30 14:15:00,NSE:ORIENTABRA,16.7,16.9,16.65,16.8,3455.0
2019-10-30 15:00:00,NSE:ORIENTABRA,16.8,17.5,16.8,17.15,8136.0
2019-10-31 09:00:00,NSE:ORIENTABRA,16.65,17.4,16.65,17.4,575.0
2019-10-31 09:45:00,NSE:ORIENTABRA,17.15,17.4,17.15,17.4,813.0
2019-10-31 10:30:00,NSE:ORIENTABRA,17.4,17.5,17.25,17.5,1485.0
2019-10-31 11:15:00,NSE:ORIENTABRA,17.5,17.5,17.3,17.5,533.0
2019-10-31 12:00:00,NSE:ORIENTABRA,17.45,17.45,17.45,17.45,25.0
2019-10-31 13:30:00,NSE:ORIENTABRA,17.3,17.6,17.25,17.5,6025.0
2019-10-31 14:15:00,NSE:ORIENTABRA,17.5,17.5,17.4,17.4,1030.0
2019-10-31 15:00:00,NSE:ORIENTABRA,17.3,17.5,17.3,17.5,5558.0
2019-11-01 09:00:00,NSE:ORIENTABRA,17.9,17.9,16.95,17.8,3070.0
2019-11-01 09:45:00,NSE:ORIENTABRA,17.75,17.75,17.5,17.7,618.0
2019-11-01 10:30:00,NSE:ORIENTABRA,17.5,17.8,17.5,17.7,3253.0
2019-11-01 11:15:00,NSE:ORIENTABRA,17.85,18.2,17.8,18.0,10549.0
2019-11-01 12:00:00,NSE:ORIENTABRA,17.9,18.5,17.8,18.3,1730.0
2019-11-01 12:45:00,NSE:ORIENTABRA,18.05,18.15,18.0,18.0,1621.0
2019-11-01 13:30:00,NSE:ORIENTABRA,18.0,18.25,17.9,18.25,1950.0
2019-11-01 14:15:00,NSE:ORIENTABRA,18.15,18.2,18.15,18.15,501.0
2019-11-01 15:00:00,NSE:ORIENTABRA,18.15,18.2,17.85,17.95,5793.0
2019-11-04 09:00:00,NSE:ORIENTABRA,20.5,20.55,19.65,20.25,57378.0
2019-11-04 09:45:00,NSE:ORIENTABRA,20.1,20.4,20.0,20.25,25257.0
2019-11-04 10:30:00,NSE:ORIENTABRA,20.3,20.4,20.05,20.25,14261.0
2019-11-04 11:15:00,NSE:ORIENTABRA,20.3,20.35,20.0,20.15,18056.0
2019-11-04 12:00:00,NSE:ORIENTABRA,20.25,20.25,19.9,19.9,6790.0
2019-11-04 12:45:00,NSE:ORIENTABRA,19.9,20.0,19.65,19.9,6108.0
2019-11-04 13:30:00,NSE:ORIENTABRA,19.8,19.9,19.8,19.9,1719.0
2019-11-04 14:15:00,NSE:ORIENTABRA,19.95,20.0,19.7,19.7,9365.0
2019-11-04 15:00:00,NSE:ORIENTABRA,19.7,19.85,19.25,19.5,23635.0
2019-11-05 09:00:00,NSE:ORIENTABRA,19.95,21.35,19.8,20.15,28277.0
2019-11-05 09:45:00,NSE:ORIENTABRA,20.1,20.3,19.45,19.5,18746.0
2019-11-05 10:30:00,NSE:ORIENTABRA,19.5,20.0,19.5,20.0,9513.0
2019-11-05 11:15:00,NSE:ORIENTABRA,20.05,20.05,19.8,19.8,3859.0
2019-11-05 12:00:00,NSE:ORIENTABRA,19.7,19.75,19.55,19.75,3828.0
2019-11-05 12:45:00,NSE:ORIENTABRA,19.75,19.75,19.6,19.6,405.0
2019-11-05 13:30:00,NSE:ORIENTABRA,19.65,19.95,19.65,19.75,10940.0
2019-11-05 14:15:00,NSE:ORIENTABRA,19.9,19.95,19.7,19.7,1465.0
2019-11-05 15:00:00,NSE:ORIENTABRA,19.9,20.0,19.85,20.0,8352.0
2019-11-06 09:00:00,NSE:ORIENTABRA,19.5,20.15,19.5,19.9,2540.0
2019-11-06 09:45:00,NSE:ORIENTABRA,19.9,20.05,19.8,20.05,6431.0
2019-11-06 10:30:00,NSE:ORIENTABRA,20.0,20.1,19.8,19.85,1512.0
2019-11-06 11:15:00,NSE:ORIENTABRA,20.0,20.15,19.8,20.0,2901.0
2019-11-06 12:00:00,NSE:ORIENTABRA,19.95,20.15,19.85,20.0,3397.0
2019-11-06 12:45:00,NSE:ORIENTABRA,19.85,19.85,19.8,19.8,670.0
2019-11-06 13:30:00,NSE:ORIENTABRA,19.8,20.15,19.7,19.85,3535.0
2019-11-06 14:15:00,NSE:ORIENTABRA,20.1,20.15,19.6,19.65,7379.0
2019-11-06 15:00:00,NSE:ORIENTABRA,19.65,20.0,19.65,19.75,1490.0
2019-11-07 09:00:00,NSE:ORIENTABRA,19.7,20.75,19.7,19.9,5571.0
2019-11-07 09:45:00,NSE:ORIENTABRA,19.9,19.9,19.8,19.8,350.0
2019-11-07 10:30:00,NSE:ORIENTABRA,19.9,19.9,19.5,19.7,215.0
2019-11-07 11:15:00,NSE:ORIENTABRA,19.7,19.85,19.65,19.65,1916.0
2019-11-07 12:00:00,NSE:ORIENTABRA,19.8,19.8,19.6,19.7,1178.0
2019-11-07 12:45:00,NSE:ORIENTABRA,19.7,19.7,19.7,19.7,400.0
2019-11-07 13:30:00,NSE:ORIENTABRA,19.8,20.0,19.8,20.0,401.0
2019-11-07 14:15:00,NSE:ORIENTABRA,19.95,19.95,19.75,19.75,208.0
2019-11-07 15:00:00,NSE:ORIENTABRA,19.9,19.9,19.55,19.6,2935.0
2019-11-07 15:45:00,NSE:ORIENTABRA,19.6,19.6,19.6,19.6,95.0
2019-11-08 09:00:00,NSE:ORIENTABRA,19.5,19.95,18.65,19.65,8950.0
2019-11-08 09:45:00,NSE:ORIENTABRA,19.7,19.7,19.45,19.5,510.0
2019-11-08 10:30:00,NSE:ORIENTABRA,19.4,19.4,18.95,19.0,3858.0
2019-11-08 11:15:00,NSE:ORIENTABRA,19.0,19.0,18.9,18.9,4173.0
2019-11-08 12:00:00,NSE:ORIENTABRA,18.9,19.15,18.9,19.1,4177.0
2019-11-08 12:45:00,NSE:ORIENTABRA,19.15,19.35,19.15,19.2,1033.0
2019-11-08 13:30:00,NSE:ORIENTABRA,19.2,19.2,19.2,19.2,313.0
2019-11-08 14:15:00,NSE:ORIENTABRA,19.2,19.2,19.2,19.2,289.0
2019-11-08 15:00:00,NSE:ORIENTABRA,19.15,19.15,18.7,18.7,5996.0
2019-11-11 09:00:00,NSE:ORIENTABRA,18.1,18.9,18.1,18.6,1401.0
2019-11-11 09:45:00,NSE:ORIENTABRA,18.9,19.0,18.35,18.65,5691.0
2019-11-11 10:30:00,NSE:ORIENTABRA,18.5,18.65,18.5,18.55,127.0
2019-11-11 11:15:00,NSE:ORIENTABRA,18.55,18.7,18.55,18.6,229.0
2019-11-11 12:00:00,NSE:ORIENTABRA,18.55,18.7,18.5,18.7,600.0
2019-11-11 12:45:00,NSE:ORIENTABRA,18.5,18.75,18.25,18.55,3661.0
2019-11-11 13:30:00,NSE:ORIENTABRA,18.55,18.55,18.35,18.35,1105.0
2019-11-11 14:15:00,NSE:ORIENTABRA,18.4,18.4,18.35,18.4,1850.0
2019-11-11 15:00:00,NSE:ORIENTABRA,18.15,18.3,18.1,18.1,8942.0
2019-11-13 09:00:00,NSE:ORIENTABRA,17.55,18.3,17.55,18.3,1001.0
2019-11-13 09:45:00,NSE:ORIENTABRA,18.25,18.25,18.2,18.2,700.0
2019-11-13 10:30:00,NSE:ORIENTABRA,18.3,18.4,18.1,18.3,1151.0
2019-11-13 11:15:00,NSE:ORIENTABRA,18.1,18.3,17.9,18.0,2836.0
2019-11-13 12:00:00,NSE:ORIENTABRA,18.0,18.15,17.8,17.95,1051.0
2019-11-13 12:45:00,NSE:ORIENTABRA,18.1,18.15,17.9,17.9,1150.0
2019-11-13 13:30:00,NSE:ORIENTABRA,17.9,18.1,17.8,18.1,1284.0
2019-11-13 14:15:00,NSE:ORIENTABRA,18.15,18.2,18.0,18.0,4110.0
2019-11-13 15:00:00,NSE:ORIENTABRA,18.3,18.3,18.05,18.05,1209.0
2019-11-14 09:00:00,NSE:ORIENTABRA,20.2,20.2,17.9,18.25,2705.0
2019-11-14 09:45:00,NSE:ORIENTABRA,18.25,18.5,18.1,18.5,1150.0
2019-11-14 10:30:00,NSE:ORIENTABRA,18.15,18.4,18.1,18.4,129.0
2019-11-14 11:15:00,NSE:ORIENTABRA,18.4,18.5,18.25,18.4,620.0
2019-11-14 12:00:00,NSE:ORIENTABRA,18.25,18.35,18.25,18.35,2289.0
2019-11-14 12:45:00,NSE:ORIENTABRA,18.25,18.25,18.05,18.05,455.0
2019-11-14 13:30:00,NSE:ORIENTABRA,18.1,18.1,18.1,18.1,50.0
2019-11-14 14:15:00,NSE:ORIENTABRA,18.1,18.3,17.95,18.05,3868.0
2019-11-14 15:00:00,NSE:ORIENTABRA,18.25,18.3,18.25,18.3,406.0
2019-11-15 09:00:00,NSE:ORIENTABRA,17.8,18.9,17.5,18.4,3716.0
2019-11-15 09:45:00,NSE:ORIENTABRA,18.35,18.35,18.1,18.1,415.0
2019-11-15 10:30:00,NSE:ORIENTABRA,18.5,18.5,18.2,18.2,1007.0
2019-11-15 11:15:00,NSE:ORIENTABRA,18.45,18.45,18.1,18.1,150.0
2019-11-15 12:00:00,NSE:ORIENTABRA,18.2,18.2,18.2,18.2,101.0
2019-11-15 12:45:00,NSE:ORIENTABRA,18.2,18.2,18.2,18.2,54.0
2019-11-15 13:30:00,NSE:ORIENTABRA,18.1,18.1,18.0,18.0,243.0
2019-11-15 14:15:00,NSE:ORIENTABRA,18.05,18.05,18.05,18.05,150.0
2019-11-15 15:00:00,NSE:ORIENTABRA,18.05,18.3,18.0,18.3,1255.0
2019-11-18 09:00:00,NSE:ORIENTABRA,17.8,18.0,17.8,18.0,652.0
2019-11-18 09:45:00,NSE:ORIENTABRA,18.0,18.25,17.65,17.7,489.0
2019-11-18 10:30:00,NSE:ORIENTABRA,17.7,18.1,17.7,18.1,261.0
2019-11-18 11:15:00,NSE:ORIENTABRA,17.95,18.0,17.95,18.0,403.0
2019-11-18 12:00:00,NSE:ORIENTABRA,18.0,18.0,17.75,18.0,434.0
2019-11-18 13:30:00,NSE:ORIENTABRA,18.05,18.05,18.05,18.05,3.0
2019-11-18 14:15:00,NSE:ORIENTABRA,17.85,17.95,17.8,17.95,3025.0
2019-11-18 15:00:00,NSE:ORIENTABRA,17.85,18.15,17.8,18.15,1787.0
2019-11-19 09:00:00,NSE:ORIENTABRA,17.6,18.0,17.6,17.6,2478.0
2019-11-19 09:45:00,NSE:ORIENTABRA,17.9,18.0,17.7,18.0,852.0
2019-11-19 10:30:00,NSE:ORIENTABRA,17.75,18.0,17.75,18.0,1275.0
2019-11-19 11:15:00,NSE:ORIENTABRA,18.0,18.0,17.8,17.8,620.0
2019-11-19 12:00:00,NSE:ORIENTABRA,17.75,17.75,17.75,17.75,435.0
2019-11-19 13:30:00,NSE:ORIENTABRA,17.9,17.95,17.9,17.9,852.0
2019-11-19 14:15:00,NSE:ORIENTABRA,17.9,17.9,17.9,17.9,158.0
2019-11-19 15:00:00,NSE:ORIENTABRA,17.75,17.9,17.75,17.85,1600.0
2019-11-20 09:00:00,NSE:ORIENTABRA,18.05,18.05,18.05,18.05,50.0
2019-11-20 09:45:00,NSE:ORIENTABRA,18.0,18.05,17.9,18.0,1384.0
2019-11-20 10:30:00,NSE:ORIENTABRA,18.0,18.0,17.9,18.0,544.0
2019-11-20 11:15:00,NSE:ORIENTABRA,18.0,18.0,18.0,18.0,75.0
2019-11-20 12:00:00,NSE:ORIENTABRA,17.95,18.0,17.9,18.0,976.0
2019-11-20 12:45:00,NSE:ORIENTABRA,18.0,18.0,18.0,18.0,208.0
2019-11-20 13:30:00,NSE:ORIENTABRA,18.0,18.0,17.8,17.95,1133.0
2019-11-20 14:15:00,NSE:ORIENTABRA,17.95,18.0,17.8,18.0,875.0
2019-11-20 15:00:00,NSE:ORIENTABRA,17.8,17.8,17.35,17.55,6055.0
2019-11-21 09:00:00,NSE:ORIENTABRA,18.35,18.35,18.05,18.05,200.0
2019-11-21 09:45:00,NSE:ORIENTABRA,18.05,18.05,18.05,18.05,50.0
2019-11-21 10:30:00,NSE:ORIENTABRA,17.95,17.95,17.85,17.9,102.0
2019-11-21 11:15:00,NSE:ORIENTABRA,17.3,17.8,17.3,17.8,2301.0
2019-11-21 12:00:00,NSE:ORIENTABRA,17.75,17.8,17.2,17.7,1667.0
2019-11-21 12:45:00,NSE:ORIENTABRA,17.7,17.7,17.7,17.7,303.0
2019-11-21 13:30:00,NSE:ORIENTABRA,17.7,17.9,17.3,17.3,715.0
2019-11-21 14:15:00,NSE:ORIENTABRA,17.35,17.4,17.25,17.35,2519.0
2019-11-21 15:00:00,NSE:ORIENTABRA,17.35,17.35,17.35,17.35,303.0
2019-11-22 09:00:00,NSE:ORIENTABRA,17.15,17.5,16.25,16.9,7163.0
2019-11-22 09:45:00,NSE:ORIENTABRA,16.95,17.15,16.55,17.15,4041.0
2019-11-22 10:30:00,NSE:ORIENTABRA,17.35,17.35,17.05,17.2,1510.0
2019-11-22 11:15:00,NSE:ORIENTABRA,17.2,17.55,17.2,17.3,6827.0
2019-11-22 12:00:00,NSE:ORIENTABRA,17.55,17.55,17.3,17.3,3442.0
2019-11-22 12:45:00,NSE:ORIENTABRA,17.5,17.55,17.3,17.3,1305.0
2019-11-22 13:30:00,NSE:ORIENTABRA,17.1,17.5,17.1,17.15,509.0
2019-11-22 14:15:00,NSE:ORIENTABRA,17.15,17.5,17.0,17.1,4248.0
2019-11-22 15:00:00,NSE:ORIENTABRA,17.05,17.2,17.05,17.2,1071.0
2019-11-25 09:00:00,NSE:ORIENTABRA,17.5,17.5,17.5,17.5,150.0
2019-11-25 09:45:00,NSE:ORIENTABRA,17.5,17.8,17.1,17.3,2469.0
2019-11-25 10:30:00,NSE:ORIENTABRA,17.5,17.8,17.2,17.3,664.0
2019-11-25 11:15:00,NSE:ORIENTABRA,17.3,17.55,17.3,17.3,6931.0
2019-11-25 12:00:00,NSE:ORIENTABRA,17.5,17.5,17.35,17.35,1200.0
2019-11-25 12:45:00,NSE:ORIENTABRA,17.35,17.35,17.2,17.2,1503.0
2019-11-25 13:30:00,NSE:ORIENTABRA,17.25,17.25,17.15,17.15,4302.0
2019-11-25 14:15:00,NSE:ORIENTABRA,17.25,17.25,17.25,17.25,150.0
2019-11-25 15:00:00,NSE:ORIENTABRA,17.1,17.2,17.1,17.2,2217.0
2019-11-26 09:00:00,NSE:ORIENTABRA,17.9,17.9,17.15,17.15,43.0
2019-11-26 09:45:00,NSE:ORIENTABRA,17.2,17.4,17.2,17.4,700.0
2019-11-26 10:30:00,NSE:ORIENTABRA,17.4,17.4,17.2,17.35,1048.0
2019-11-26 11:15:00,NSE:ORIENTABRA,17.2,17.25,17.15,17.25,848.0
2019-11-26 12:00:00,NSE:ORIENTABRA,17.3,17.35,16.5,17.25,11980.0
2019-11-26 12:45:00,NSE:ORIENTABRA,17.1,17.2,17.0,17.0,401.0
2019-11-26 13:30:00,NSE:ORIENTABRA,17.0,17.0,17.0,17.0,200.0
2019-11-26 14:15:00,NSE:ORIENTABRA,17.0,17.0,17.0,17.0,1069.0
2019-11-26 15:00:00,NSE:ORIENTABRA,16.95,16.95,16.95,16.95,145.0
2019-11-27 09:00:00,NSE:ORIENTABRA,17.05,17.05,17.0,17.0,100.0
2019-11-27 09:45:00,NSE:ORIENTABRA,17.0,17.2,17.0,17.15,1150.0
2019-11-27 10:30:00,NSE:ORIENTABRA,17.15,17.3,17.05,17.25,7521.0
2019-11-27 11:15:00,NSE:ORIENTABRA,17.25,17.45,17.2,17.45,5876.0
2019-11-27 12:00:00,NSE:ORIENTABRA,17.4,17.8,17.4,17.5,6228.0
2019-11-27 12:45:00,NSE:ORIENTABRA,17.55,17.65,17.5,17.5,2744.0
2019-11-27 13:30:00,NSE:ORIENTABRA,17.6,17.6,17.5,17.5,1883.0
2019-11-27 14:15:00,NSE:ORIENTABRA,17.5,17.65,17.5,17.6,4046.0
2019-11-27 15:00:00,NSE:ORIENTABRA,17.1,17.5,17.1,17.3,6556.0
2019-11-28 09:00:00,NSE:ORIENTABRA,17.35,17.6,17.35,17.6,3665.0
2019-11-28 09:45:00,NSE:ORIENTABRA,17.6,17.65,17.6,17.6,1494.0
2019-11-28 10:30:00,NSE:ORIENTABRA,17.6,17.75,17.6,17.75,726.0
2019-11-28 11:15:00,NSE:ORIENTABRA,17.65,17.95,17.5,17.65,2426.0
2019-11-28 12:00:00,NSE:ORIENTABRA,17.25,17.25,17.25,17.25,2000.0
2019-11-28 12:45:00,NSE:ORIENTABRA,17.75,17.75,17.75,17.75,370.0
2019-11-28 13:30:00,NSE:ORIENTABRA,17.5,17.5,17.35,17.35,187.0
2019-11-28 14:15:00,NSE:ORIENTABRA,17.35,17.5,17.3,17.3,2150.0
2019-11-28 15:00:00,NSE:ORIENTABRA,17.45,17.45,17.35,17.35,2249.0
2019-11-29 09:00:00,NSE:ORIENTABRA,17.2,17.2,17.15,17.2,60.0
2019-11-29 09:45:00,NSE:ORIENTABRA,17.25,17.9,17.25,17.9,3173.0
2019-11-29 10:30:00,NSE:ORIENTABRA,17.8,17.8,17.5,17.5,250.0
2019-11-29 11:15:00,NSE:ORIENTABRA,17.4,17.45,17.4,17.45,750.0
2019-11-29 12:00:00,NSE:ORIENTABRA,17.4,17.4,17.35,17.4,860.0
2019-11-29 12:45:00,NSE:ORIENTABRA,17.4,17.4,17.25,17.4,1151.0
2019-11-29 14:15:00,NSE:ORIENTABRA,17.4,17.4,17.35,17.35,289.0
2019-11-29 15:00:00,NSE:ORIENTABRA,17.45,17.45,17.45,17.45,457.0
2019-12-02 09:00:00,NSE:ORIENTABRA,17.2,17.5,17.05,17.5,1620.0
2019-12-02 09:45:00,NSE:ORIENTABRA,17.3,17.3,17.15,17.15,2097.0
2019-12-02 10:30:00,NSE:ORIENTABRA,17.15,17.2,17.0,17.2,5215.0
2019-12-02 11:15:00,NSE:ORIENTABRA,17.4,17.4,17.0,17.35,3816.0
2019-12-02 12:45:00,NSE:ORIENTABRA,17.35,17.35,17.1,17.1,752.0
2019-12-02 14:15:00,NSE:ORIENTABRA,17.15,17.15,17.0,17.1,3610.0
2019-12-02 15:00:00,NSE:ORIENTABRA,17.0,17.15,17.0,17.0,3905.0
2019-12-03 09:00:00,NSE:ORIENTABRA,17.15,17.15,17.15,17.15,250.0
2019-12-03 09:45:00,NSE:ORIENTABRA,17.2,17.35,17.2,17.3,650.0
2019-12-03 10:30:00,NSE:ORIENTABRA,17.15,17.35,16.9,16.95,31181.0
2019-12-03 11:15:00,NSE:ORIENTABRA,16.95,17.5,16.95,17.3,17750.0
2019-12-03 12:00:00,NSE:ORIENTABRA,17.4,17.4,17.0,17.0,2204.0
2019-12-03 12:45:00,NSE:ORIENTABRA,17.05,17.05,17.05,17.05,191.0
2019-12-03 13:30:00,NSE:ORIENTABRA,17.05,17.05,17.05,17.05,1.0
2019-12-03 14:15:00,NSE:ORIENTABRA,17.05,17.15,17.0,17.0,3796.0
2019-12-03 15:00:00,NSE:ORIENTABRA,17.2,17.2,17.0,17.1,975.0
2019-12-03 15:45:00,NSE:ORIENTABRA,17.1,17.1,17.1,17.1,8.0
2019-12-04 09:00:00,NSE:ORIENTABRA,17.15,17.4,17.15,17.4,110.0
2019-12-04 09:45:00,NSE:ORIENTABRA,16.55,17.2,16.55,17.2,916.0
2019-12-04 10:30:00,NSE:ORIENTABRA,16.95,16.95,16.95,16.95,147.0
2019-12-04 11:15:00,NSE:ORIENTABRA,17.3,17.3,16.95,16.95,1412.0
2019-12-04 12:00:00,NSE:ORIENTABRA,16.95,17.15,16.85,17.15,1715.0
2019-12-04 12:45:00,NSE:ORIENTABRA,17.1,17.1,16.9,16.9,2881.0
2019-12-04 13:30:00,NSE:ORIENTABRA,16.85,17.0,16.75,17.0,2630.0
2019-12-04 14:15:00,NSE:ORIENTABRA,16.85,17.1,16.85,16.9,1468.0
2019-12-04 15:00:00,NSE:ORIENTABRA,16.9,16.9,16.85,16.85,701.0
2019-12-05 09:00:00,NSE:ORIENTABRA,16.9,17.15,16.9,17.1,1440.0
2019-12-05 09:45:00,NSE:ORIENTABRA,17.1,17.1,17.1,17.1,85.0
2019-12-05 10:30:00,NSE:ORIENTABRA,17.1,17.1,16.55,16.7,4538.0
2019-12-05 11:15:00,NSE:ORIENTABRA,16.8,16.85,16.8,16.8,880.0
2019-12-05 12:00:00,NSE:ORIENTABRA,16.75,16.8,16.6,16.65,1312.0
2019-12-05 12:45:00,NSE:ORIENTABRA,16.7,16.7,16.55,16.55,7349.0
2019-12-05 13:30:00,NSE:ORIENTABRA,16.55,16.8,16.55,16.6,9127.0
2019-12-05 14:15:00,NSE:ORIENTABRA,16.8,16.8,16.65,16.75,691.0
2019-12-05 15:00:00,NSE:ORIENTABRA,16.65,16.75,16.65,16.7,1046.0
2019-12-06 09:00:00,NSE:ORIENTABRA,16.65,16.65,16.65,16.65,40.0
2019-12-06 09:45:00,NSE:ORIENTABRA,16.65,16.8,16.5,16.5,6549.0
2019-12-06 10:30:00,NSE:ORIENTABRA,16.45,16.85,16.45,16.85,210.0
2019-12-06 11:15:00,NSE:ORIENTABRA,16.45,16.45,16.3,16.3,2429.0
2019-12-06 12:00:00,NSE:ORIENTABRA,16.3,16.45,16.3,16.4,134.0
2019-12-06 12:45:00,NSE:ORIENTABRA,16.45,16.45,16.45,16.45,26.0
2019-12-06 13:30:00,NSE:ORIENTABRA,16.45,16.7,16.3,16.3,3172.0
2019-12-06 14:15:00,NSE:ORIENTABRA,16.3,16.5,16.3,16.3,365.0
2019-12-06 15:00:00,NSE:ORIENTABRA,16.35,16.45,16.35,16.35,1507.0
2019-12-06 15:45:00,NSE:ORIENTABRA,16.35,16.35,16.35,16.35,4.0
2019-12-09 09:00:00,NSE:ORIENTABRA,16.35,16.35,16.05,16.05,400.0
2019-12-09 09:45:00,NSE:ORIENTABRA,16.05,16.25,16.05,16.25,1594.0
2019-12-09 10:30:00,NSE:ORIENTABRA,16.25,16.25,16.15,16.15,849.0
2019-12-09 11:15:00,NSE:ORIENTABRA,16.3,16.5,16.3,16.45,191.0
2019-12-09 12:00:00,NSE:ORIENTABRA,16.4,16.4,16.4,16.4,40.0
2019-12-09 12:45:00,NSE:ORIENTABRA,16.35,16.35,16.2,16.2,341.0
2019-12-09 13:30:00,NSE:ORIENTABRA,16.3,16.3,16.3,16.3,30.0
2019-12-09 14:15:00,NSE:ORIENTABRA,16.2,16.25,16.15,16.25,418.0
2019-12-09 15:00:00,NSE:ORIENTABRA,16.15,16.3,16.1,16.3,1131.0
2019-12-10 09:00:00,NSE:ORIENTABRA,16.3,16.45,16.3,16.3,721.0
2019-12-10 09:45:00,NSE:ORIENTABRA,16.3,16.4,16.25,16.25,1557.0
2019-12-10 10:30:00,NSE:ORIENTABRA,16.25,16.25,16.25,16.25,451.0
2019-12-10 11:15:00,NSE:ORIENTABRA,16.25,16.4,16.25,16.25,145.0
2019-12-10 12:00:00,NSE:ORIENTABRA,16.25,16.25,16.1,16.15,3578.0
2019-12-10 12:45:00,NSE:ORIENTABRA,16.1,16.1,16.05,16.05,3200.0
2019-12-10 13:30:00,NSE:ORIENTABRA,16.15,16.2,16.0,16.0,1573.0
2019-12-10 14:15:00,NSE:ORIENTABRA,16.15,16.15,16.0,16.0,126.0
2019-12-10 15:00:00,NSE:ORIENTABRA,16.15,16.15,16.0,16.15,948.0
2019-12-11 09:00:00,NSE:ORIENTABRA,16.65,16.65,16.65,16.65,250.0
2019-12-11 10:30:00,NSE:ORIENTABRA,16.35,16.4,16.1,16.2,1182.0
2019-12-11 11:15:00,NSE:ORIENTABRA,16.2,16.2,16.2,16.2,100.0
2019-12-11 12:00:00,NSE:ORIENTABRA,16.2,16.3,16.1,16.2,1846.0
2019-12-11 12:45:00,NSE:ORIENTABRA,16.1,16.1,16.1,16.1,300.0
2019-12-11 13:30:00,NSE:ORIENTABRA,16.25,16.3,16.2,16.2,348.0
2019-12-11 14:15:00,NSE:ORIENTABRA,16.15,16.4,16.15,16.15,470.0
2019-12-11 15:00:00,NSE:ORIENTABRA,16.3,16.4,16.05,16.4,2257.0
2019-12-12 09:00:00,NSE:ORIENTABRA,15.95,16.5,15.55,16.15,2650.0
2019-12-12 09:45:00,NSE:ORIENTABRA,16.15,16.4,15.95,16.25,908.0
2019-12-12 10:30:00,NSE:ORIENTABRA,16.25,16.35,16.15,16.35,1550.0
2019-12-12 11:15:00,NSE:ORIENTABRA,16.3,16.3,16.05,16.05,850.0
2019-12-12 12:00:00,NSE:ORIENTABRA,16.25,16.35,16.0,16.35,4755.0
2019-12-12 12:45:00,NSE:ORIENTABRA,16.35,16.4,16.2,16.25,2870.0
2019-12-12 13:30:00,NSE:ORIENTABRA,16.25,16.35,16.25,16.35,72.0
2019-12-12 14:15:00,NSE:ORIENTABRA,16.35,16.4,16.35,16.4,686.0
2019-12-12 15:00:00,NSE:ORIENTABRA,16.4,16.4,16.35,16.35,2661.0
2019-12-13 09:00:00,NSE:ORIENTABRA,16.1,16.5,16.0,16.5,304.0
2019-12-13 09:45:00,NSE:ORIENTABRA,16.5,16.7,16.25,16.35,1022.0
2019-12-13 10:30:00,NSE:ORIENTABRA,16.25,16.25,16.25,16.25,500.0
2019-12-13 11:15:00,NSE:ORIENTABRA,16.35,16.35,16.35,16.35,436.0
2019-12-13 12:00:00,NSE:ORIENTABRA,16.4,16.4,16.4,16.4,2054.0
2019-12-13 12:45:00,NSE:ORIENTABRA,16.4,16.4,16.2,16.2,2105.0
2019-12-13 13:30:00,NSE:ORIENTABRA,16.25,16.4,16.2,16.3,119.0
2019-12-13 14:15:00,NSE:ORIENTABRA,16.3,16.4,16.25,16.25,2356.0
2019-12-13 15:00:00,NSE:ORIENTABRA,16.3,17.0,16.25,17.0,4843.0
2019-12-16 09:00:00,NSE:ORIENTABRA,17.1,17.1,16.2,16.35,3476.0
2019-12-16 09:45:00,NSE:ORIENTABRA,16.35,16.5,16.35,16.5,5.0
2019-12-16 10:30:00,NSE:ORIENTABRA,16.5,16.5,16.25,16.3,4210.0
2019-12-16 11:15:00,NSE:ORIENTABRA,16.3,16.3,16.1,16.1,864.0
2019-12-16 12:00:00,NSE:ORIENTABRA,16.15,16.15,16.1,16.1,850.0
2019-12-16 12:45:00,NSE:ORIENTABRA,16.3,16.3,16.3,16.3,566.0
2019-12-16 13:30:00,NSE:ORIENTABRA,16.2,16.25,16.2,16.25,530.0
2019-12-16 14:15:00,NSE:ORIENTABRA,16.25,16.25,16.2,16.2,317.0
2019-12-16 15:00:00,NSE:ORIENTABRA,16.1,16.15,16.1,16.1,3882.0
2019-12-17 09:00:00,NSE:ORIENTABRA,16.3,16.35,16.1,16.3,5176.0
2019-12-17 09:45:00,NSE:ORIENTABRA,16.3,16.3,16.25,16.25,295.0
2019-12-17 10:30:00,NSE:ORIENTABRA,16.4,16.4,16.25,16.25,604.0
2019-12-17 11:15:00,NSE:ORIENTABRA,16.45,16.55,16.4,16.4,3151.0
2019-12-17 12:00:00,NSE:ORIENTABRA,16.4,16.55,16.4,16.55,31.0
2019-12-17 12:45:00,NSE:ORIENTABRA,16.5,16.5,16.0,16.45,4479.0
2019-12-17 13:30:00,NSE:ORIENTABRA,16.45,16.45,16.45,16.45,210.0
2019-12-17 14:15:00,NSE:ORIENTABRA,16.2,16.4,15.55,15.85,26113.0
2019-12-17 15:00:00,NSE:ORIENTABRA,15.9,16.05,15.5,15.85,9424.0
2019-12-18 09:00:00,NSE:ORIENTABRA,15.8,16.05,15.8,15.9,1650.0
2019-12-18 09:45:00,NSE:ORIENTABRA,15.95,16.25,15.95,16.0,864.0
2019-12-18 10:30:00,NSE:ORIENTABRA,16.0,16.2,15.9,15.9,2088.0
2019-12-18 11:15:00,NSE:ORIENTABRA,15.85,16.05,15.85,16.0,4850.0
2019-12-18 12:00:00,NSE:ORIENTABRA,16.05,16.2,16.0,16.15,1416.0
2019-12-18 12:45:00,NSE:ORIENTABRA,16.25,16.25,16.05,16.15,655.0
2019-12-18 13:30:00,NSE:ORIENTABRA,16.05,16.15,16.05,16.15,1700.0
2019-12-18 14:15:00,NSE:ORIENTABRA,16.1,16.25,16.1,16.15,304.0
2019-12-18 15:00:00,NSE:ORIENTABRA,16.1,16.25,16.1,16.25,4101.0
2019-12-19 09:00:00,NSE:ORIENTABRA,15.7,16.0,15.7,15.8,1986.0
2019-12-19 09:45:00,NSE:ORIENTABRA,15.85,16.1,15.8,16.1,676.0
2019-12-19 10:30:00,NSE:ORIENTABRA,16.1,16.1,16.0,16.0,2202.0
2019-12-19 11:15:00,NSE:ORIENTABRA,15.9,16.1,15.9,16.0,425.0
2019-12-19 12:00:00,NSE:ORIENTABRA,16.0,16.0,15.9,16.0,1476.0
2019-12-19 12:45:00,NSE:ORIENTABRA,15.8,16.0,15.8,15.9,4059.0
2019-12-19 13:30:00,NSE:ORIENTABRA,15.9,16.0,15.9,16.0,2367.0
2019-12-19 14:15:00,NSE:ORIENTABRA,16.0,16.0,15.8,16.0,750.0
2019-12-19 15:00:00,NSE:ORIENTABRA,16.0,16.0,15.8,15.8,1414.0
2019-12-20 09:00:00,NSE:ORIENTABRA,15.7,15.8,15.7,15.8,12.0
2019-12-20 09:45:00,NSE:ORIENTABRA,15.8,16.0,15.65,15.95,17066.0
2019-12-20 10:30:00,NSE:ORIENTABRA,15.95,15.95,15.5,15.75,7108.0
2019-12-20 11:15:00,NSE:ORIENTABRA,15.75,15.85,15.65,15.65,2813.0
2019-12-20 12:00:00,NSE:ORIENTABRA,15.55,15.8,15.55,15.75,1287.0
2019-12-20 12:45:00,NSE:ORIENTABRA,15.7,15.7,15.65,15.65,202.0
2019-12-20 13:30:00,NSE:ORIENTABRA,15.65,15.75,15.65,15.75,482.0
2019-12-20 14:15:00,NSE:ORIENTABRA,15.7,15.75,15.65,15.65,2129.0
2019-12-20 15:00:00,NSE:ORIENTABRA,15.65,15.75,15.65,15.7,2724.0
2019-12-23 09:00:00,NSE:ORIENTABRA,15.65,15.7,15.65,15.7,1700.0
2019-12-23 09:45:00,NSE:ORIENTABRA,15.65,15.7,15.4,15.65,937.0
2019-12-23 10:30:00,NSE:ORIENTABRA,15.65,15.95,15.6,15.6,2293.0
2019-12-23 11:15:00,NSE:ORIENTABRA,15.55,15.55,15.55,15.55,2191.0
2019-12-23 12:00:00,NSE:ORIENTABRA,15.75,15.75,15.55,15.75,1312.0
2019-12-23 12:45:00,NSE:ORIENTABRA,15.85,15.85,15.55,15.55,699.0
2019-12-23 13:30:00,NSE:ORIENTABRA,15.6,15.75,15.6,15.75,320.0
2019-12-23 14:15:00,NSE:ORIENTABRA,15.75,15.8,15.7,15.7,1050.0
2019-12-23 15:00:00,NSE:ORIENTABRA,15.7,15.8,15.55,15.55,799.0
2019-12-24 09:00:00,NSE:ORIENTABRA,15.95,15.95,15.9,15.9,1015.0
2019-12-24 09:45:00,NSE:ORIENTABRA,15.5,15.85,15.5,15.85,70.0
2019-12-24 10:30:00,NSE:ORIENTABRA,15.7,15.7,15.7,15.7,17.0
2019-12-24 11:15:00,NSE:ORIENTABRA,15.75,15.75,15.5,15.65,1898.0
2019-12-24 12:00:00,NSE:ORIENTABRA,15.5,15.5,15.45,15.45,593.0
2019-12-24 12:45:00,NSE:ORIENTABRA,15.7,15.8,15.7,15.8,744.0
2019-12-24 13:30:00,NSE:ORIENTABRA,15.6,15.75,15.55,15.55,259.0
2019-12-24 14:15:00,NSE:ORIENTABRA,15.6,15.8,15.55,15.8,678.0
2019-12-24 15:00:00,NSE:ORIENTABRA,14.55,15.3,14.3,14.8,60404.0
2019-12-26 09:00:00,NSE:ORIENTABRA,15.5,15.9,14.95,15.65,5964.0
2019-12-26 09:45:00,NSE:ORIENTABRA,15.65,15.85,15.25,15.4,9215.0
2019-12-26 10:30:00,NSE:ORIENTABRA,15.4,15.65,15.3,15.45,839.0
2019-12-26 11:15:00,NSE:ORIENTABRA,15.6,15.9,15.5,15.6,3984.0
2019-12-26 12:00:00,NSE:ORIENTABRA,15.55,15.75,15.55,15.6,919.0
2019-12-26 12:45:00,NSE:ORIENTABRA,15.65,15.85,15.65,15.85,1716.0
2019-12-26 13:30:00,NSE:ORIENTABRA,15.75,15.8,15.75,15.75,2054.0
2019-12-26 14:15:00,NSE:ORIENTABRA,15.75,15.75,15.65,15.65,4262.0
2019-12-26 15:00:00,NSE:ORIENTABRA,15.65,15.7,15.6,15.65,4774.0
2019-12-27 09:00:00,NSE:ORIENTABRA,15.8,15.8,15.8,15.8,1500.0
2019-12-27 09:45:00,NSE:ORIENTABRA,15.5,15.5,15.5,15.5,1076.0
2019-12-27 10:30:00,NSE:ORIENTABRA,15.35,15.4,15.15,15.15,1900.0
2019-12-27 11:15:00,NSE:ORIENTABRA,15.1,15.65,15.0,15.5,7272.0
2019-12-27 12:00:00,NSE:ORIENTABRA,15.1,15.4,15.0,15.35,6085.0
2019-12-27 12:45:00,NSE:ORIENTABRA,15.35,15.5,15.05,15.15,3678.0
2019-12-27 13:30:00,NSE:ORIENTABRA,15.15,15.3,15.1,15.1,6409.0
2019-12-27 14:15:00,NSE:ORIENTABRA,15.25,15.25,15.0,15.1,4468.0
2019-12-27 15:00:00,NSE:ORIENTABRA,15.0,15.15,14.8,15.15,8656.0
2019-12-30 09:00:00,NSE:ORIENTABRA,15.65,16.0,15.1,15.25,6380.0
2019-12-30 09:45:00,NSE:ORIENTABRA,15.2,15.35,15.2,15.3,475.0
2019-12-30 10:30:00,NSE:ORIENTABRA,15.3,15.3,15.25,15.25,101.0
2019-12-30 11:15:00,NSE:ORIENTABRA,15.35,15.35,15.2,15.2,1189.0
2019-12-30 12:00:00,NSE:ORIENTABRA,15.2,15.2,15.1,15.1,4900.0
2019-12-30 12:45:00,NSE:ORIENTABRA,15.1,15.2,15.1,15.2,723.0
2019-12-30 13:30:00,NSE:ORIENTABRA,15.15,15.15,15.1,15.1,694.0
2019-12-30 14:15:00,NSE:ORIENTABRA,15.2,15.9,15.15,15.25,3163.0
2019-12-30 15:00:00,NSE:ORIENTABRA,15.4,15.5,15.15,15.4,1396.0
2019-12-31 09:45:00,NSE:ORIENTABRA,15.1,15.6,15.1,15.6,901.0
2019-12-31 10:30:00,NSE:ORIENTABRA,15.55,16.0,15.25,15.85,15486.0
2019-12-31 11:15:00,NSE:ORIENTABRA,15.6,15.85,15.6,15.75,228.0
2019-12-31 12:00:00,NSE:ORIENTABRA,15.7,15.75,15.7,15.75,279.0
2019-12-31 12:45:00,NSE:ORIENTABRA,15.7,15.75,15.7,15.75,302.0
2019-12-31 13:30:00,NSE:ORIENTABRA,15.8,15.95,15.7,15.7,1456.0
2019-12-31 14:15:00,NSE:ORIENTABRA,15.7,15.9,15.7,15.9,700.0
2019-12-31 15:00:00,NSE:ORIENTABRA,15.75,15.8,15.7,15.7,1709.0
2019-12-31 15:45:00,NSE:ORIENTABRA,15.75,15.75,15.75,15.75,25.0
2020-01-01 09:00:00,NSE:ORIENTABRA,16.0,16.0,15.3,15.7,5350.0
2020-01-01 09:45:00,NSE:ORIENTABRA,15.3,15.75,15.3,15.4,3384.0
2020-01-01 10:30:00,NSE:ORIENTABRA,15.5,15.5,15.4,15.4,555.0
2020-01-01 11:15:00,NSE:ORIENTABRA,15.5,15.7,15.4,15.4,1387.0
2020-01-01 12:00:00,NSE:ORIENTABRA,15.4,15.7,15.35,15.7,1363.0
2020-01-01 12:45:00,NSE:ORIENTABRA,15.7,15.75,15.5,15.75,944.0
2020-01-01 13:30:00,NSE:ORIENTABRA,15.5,15.75,15.5,15.6,350.0
2020-01-01 14:15:00,NSE:ORIENTABRA,15.6,15.75,15.6,15.75,205.0
2020-01-01 15:00:00,NSE:ORIENTABRA,15.65,15.9,15.6,15.8,1810.0
2020-01-02 09:00:00,NSE:ORIENTABRA,15.8,15.9,15.45,15.65,2416.0
2020-01-02 09:45:00,NSE:ORIENTABRA,15.9,15.9,15.6,15.65,399.0
2020-01-02 10:30:00,NSE:ORIENTABRA,15.8,15.9,15.7,15.9,1670.0
2020-01-02 11:15:00,NSE:ORIENTABRA,15.85,16.55,15.85,16.55,39853.0
2020-01-02 12:00:00,NSE:ORIENTABRA,16.75,16.95,16.05,16.75,17940.0
2020-01-02 12:45:00,NSE:ORIENTABRA,16.55,16.9,16.55,16.9,2377.0
2020-01-02 13:30:00,NSE:ORIENTABRA,16.9,17.5,16.75,17.25,18808.0
2020-01-02 14:15:00,NSE:ORIENTABRA,17.3,17.3,16.85,17.1,7363.0
2020-01-02 15:00:00,NSE:ORIENTABRA,17.15,17.9,17.15,17.6,19350.0
2020-01-03 09:00:00,NSE:ORIENTABRA,17.75,17.85,17.25,17.7,1992.0
2020-01-03 09:45:00,NSE:ORIENTABRA,17.5,18.5,17.5,18.35,16807.0
2020-01-03 10:30:00,NSE:ORIENTABRA,18.15,18.3,17.75,17.75,4612.0
2020-01-03 11:15:00,NSE:ORIENTABRA,18.05,18.05,17.35,18.0,5490.0
2020-01-03 12:00:00,NSE:ORIENTABRA,18.0,18.0,17.7,17.7,8754.0
2020-01-03 12:45:00,NSE:ORIENTABRA,17.65,18.0,17.65,17.75,7289.0
2020-01-03 13:30:00,NSE:ORIENTABRA,17.8,18.0,17.7,17.95,4696.0
2020-01-03 14:15:00,NSE:ORIENTABRA,17.6,17.95,17.35,17.9,9610.0
2020-01-03 15:00:00,NSE:ORIENTABRA,17.9,17.9,17.15,17.5,8703.0
2020-01-03 15:45:00,NSE:ORIENTABRA,17.4,17.4,17.4,17.4,121.0
2020-01-06 09:00:00,NSE:ORIENTABRA,17.3,17.3,16.2,16.25,7699.0
2020-01-06 09:45:00,NSE:ORIENTABRA,16.6,16.85,15.55,15.95,23194.0
2020-01-06 10:30:00,NSE:ORIENTABRA,15.95,16.25,15.75,16.1,9503.0
2020-01-06 11:15:00,NSE:ORIENTABRA,16.1,16.1,15.85,16.1,3188.0
2020-01-06 12:00:00,NSE:ORIENTABRA,16.5,16.5,15.95,16.15,2434.0
2020-01-06 12:45:00,NSE:ORIENTABRA,16.15,16.3,16.1,16.2,1890.0
2020-01-06 13:30:00,NSE:ORIENTABRA,16.3,16.3,16.0,16.05,7474.0
2020-01-06 14:15:00,NSE:ORIENTABRA,16.05,16.3,16.05,16.15,2463.0
2020-01-06 15:00:00,NSE:ORIENTABRA,16.25,16.3,16.1,16.15,2205.0
2020-01-07 09:00:00,NSE:ORIENTABRA,16.0,16.75,16.0,16.25,3138.0
2020-01-07 09:45:00,NSE:ORIENTABRA,16.25,16.25,16.25,16.25,100.0
2020-01-07 10:30:00,NSE:ORIENTABRA,16.25,16.6,15.95,16.05,14141.0
2020-01-07 11:15:00,NSE:ORIENTABRA,16.05,16.2,16.05,16.2,272.0
2020-01-07 12:00:00,NSE:ORIENTABRA,16.05,16.3,16.05,16.3,2837.0
2020-01-07 12:45:00,NSE:ORIENTABRA,16.1,16.2,16.1,16.1,1050.0
2020-01-07 13:30:00,NSE:ORIENTABRA,16.05,16.05,16.05,16.05,584.0
2020-01-07 14:15:00,NSE:ORIENTABRA,16.05,16.05,16.05,16.05,300.0
2020-01-07 15:00:00,NSE:ORIENTABRA,16.05,18.4,16.05,17.1,61252.0
2020-01-08 09:00:00,NSE:ORIENTABRA,16.9,18.15,16.9,17.75,22105.0
2020-01-08 09:45:00,NSE:ORIENTABRA,17.9,19.0,17.75,18.95,114376.0
2020-01-08 10:30:00,NSE:ORIENTABRA,18.8,18.8,17.25,17.45,70531.0
2020-01-08 11:15:00,NSE:ORIENTABRA,17.3,17.5,17.2,17.5,5778.0
2020-01-08 12:00:00,NSE:ORIENTABRA,17.5,17.65,17.45,17.6,5781.0
2020-01-08 12:45:00,NSE:ORIENTABRA,17.55,17.6,17.4,17.4,5998.0
2020-01-08 13:30:00,NSE:ORIENTABRA,17.45,17.75,17.25,17.5,3518.0
2020-01-08 14:15:00,NSE:ORIENTABRA,17.6,17.7,17.55,17.7,3728.0
2020-01-08 15:00:00,NSE:ORIENTABRA,17.7,17.75,17.3,17.45,15112.0
2020-01-09 09:00:00,NSE:ORIENTABRA,18.3,18.3,17.35,17.8,2886.0
2020-01-09 09:45:00,NSE:ORIENTABRA,17.9,18.2,17.8,18.2,11312.0
2020-01-09 10:30:00,NSE:ORIENTABRA,18.0,18.5,17.95,18.2,25499.0
2020-01-09 11:15:00,NSE:ORIENTABRA,18.2,18.4,18.0,18.15,2916.0
2020-01-09 12:00:00,NSE:ORIENTABRA,18.15,18.2,18.0,18.0,3716.0
2020-01-09 12:45:00,NSE:ORIENTABRA,18.0,18.2,18.0,18.2,744.0
2020-01-09 13:30:00,NSE:ORIENTABRA,18.0,18.05,18.0,18.0,3954.0
2020-01-09 14:15:00,NSE:ORIENTABRA,18.1,18.2,18.1,18.2,1609.0
2020-01-09 15:00:00,NSE:ORIENTABRA,18.0,18.2,17.8,18.2,4695.0
2020-01-10 09:00:00,NSE:ORIENTABRA,18.2,18.2,17.5,17.85,2176.0
2020-01-10 09:45:00,NSE:ORIENTABRA,17.85,18.55,17.85,18.35,8360.0
2020-01-10 10:30:00,NSE:ORIENTABRA,18.35,18.5,18.0,18.2,4581.0
2020-01-10 11:15:00,NSE:ORIENTABRA,18.15,18.4,18.15,18.2,3757.0
2020-01-10 12:00:00,NSE:ORIENTABRA,18.4,18.4,18.15,18.15,550.0
2020-01-10 12:45:00,NSE:ORIENTABRA,18.15,18.5,18.15,18.25,10546.0
2020-01-10 13:30:00,NSE:ORIENTABRA,18.25,18.25,18.2,18.2,5661.0
2020-01-10 14:15:00,NSE:ORIENTABRA,18.2,18.3,18.0,18.0,5754.0
2020-01-10 15:00:00,NSE:ORIENTABRA,18.0,18.15,18.0,18.0,4621.0
2020-01-13 09:00:00,NSE:ORIENTABRA,18.0,18.45,18.0,18.05,4109.0
2020-01-13 09:45:00,NSE:ORIENTABRA,18.4,18.4,18.05,18.05,999.0
2020-01-13 10:30:00,NSE:ORIENTABRA,18.05,18.05,18.05,18.05,20.0
2020-01-13 11:15:00,NSE:ORIENTABRA,18.15,18.15,18.05,18.05,362.0
2020-01-13 12:00:00,NSE:ORIENTABRA,18.35,18.4,18.1,18.1,806.0
2020-01-13 12:45:00,NSE:ORIENTABRA,18.2,18.25,18.2,18.25,435.0
2020-01-13 13:30:00,NSE:ORIENTABRA,18.3,18.3,18.3,18.3,15.0
2020-01-13 14:15:00,NSE:ORIENTABRA,18.1,18.4,18.1,18.4,3332.0
2020-01-13 15:00:00,NSE:ORIENTABRA,18.45,18.55,18.3,18.5,17186.0
2020-01-14 09:00:00,NSE:ORIENTABRA,18.5,18.6,18.3,18.3,568.0
2020-01-14 09:45:00,NSE:ORIENTABRA,18.3,18.3,18.2,18.25,11359.0
2020-01-14 11:15:00,NSE:ORIENTABRA,18.3,18.3,17.95,18.15,10010.0
2020-01-14 12:00:00,NSE:ORIENTABRA,18.0,18.2,17.95,17.95,852.0
2020-01-14 12:45:00,NSE:ORIENTABRA,18.0,18.25,18.0,18.25,4400.0
2020-01-14 13:30:00,NSE:ORIENTABRA,18.0,18.1,17.5,18.05,6102.0
2020-01-14 14:15:00,NSE:ORIENTABRA,18.05,18.05,17.65,17.65,2766.0
2020-01-14 15:00:00,NSE:ORIENTABRA,17.85,18.5,17.85,18.2,7984.0
2020-01-15 09:00:00,NSE:ORIENTABRA,18.5,18.5,18.1,18.1,1599.0
2020-01-15 09:45:00,NSE:ORIENTABRA,18.1,18.1,17.85,17.95,1768.0
2020-01-15 10:30:00,NSE:ORIENTABRA,17.9,18.1,17.9,18.1,1046.0
2020-01-15 11:15:00,NSE:ORIENTABRA,18.05,18.1,17.4,18.0,24850.0
2020-01-15 12:00:00,NSE:ORIENTABRA,18.0,18.4,17.95,18.35,17576.0
2020-01-15 12:45:00,NSE:ORIENTABRA,18.35,18.45,18.1,18.45,9606.0
2020-01-15 13:30:00,NSE:ORIENTABRA,18.4,20.2,18.4,19.55,101354.0
2020-01-15 14:15:00,NSE:ORIENTABRA,19.65,19.7,19.0,19.3,48183.0
2020-01-15 15:00:00,NSE:ORIENTABRA,19.3,19.4,19.1,19.25,6169.0
2020-01-16 09:00:00,NSE:ORIENTABRA,19.95,19.95,18.15,18.75,32104.0
2020-01-16 09:45:00,NSE:ORIENTABRA,18.75,18.9,18.65,18.8,19207.0
2020-01-16 10:30:00,NSE:ORIENTABRA,18.8,18.9,18.6,18.85,7095.0
2020-01-16 11:15:00,NSE:ORIENTABRA,18.85,18.95,18.85,18.85,6308.0
2020-01-16 12:00:00,NSE:ORIENTABRA,18.5,19.0,18.5,18.85,18078.0
2020-01-16 12:45:00,NSE:ORIENTABRA,18.85,19.45,18.85,19.3,27876.0
2020-01-16 13:30:00,NSE:ORIENTABRA,19.3,19.45,19.25,19.25,6642.0
2020-01-16 14:15:00,NSE:ORIENTABRA,19.25,19.4,18.9,19.05,13572.0
2020-01-16 15:00:00,NSE:ORIENTABRA,19.05,19.5,19.0,19.3,69223.0
2020-01-17 09:00:00,NSE:ORIENTABRA,19.5,19.5,18.6,19.15,4637.0
2020-01-17 09:45:00,NSE:ORIENTABRA,19.35,19.6,19.3,19.5,5103.0
2020-01-17 10:30:00,NSE:ORIENTABRA,19.5,19.5,19.25,19.25,6689.0
2020-01-17 11:15:00,NSE:ORIENTABRA,19.25,19.4,18.8,19.25,4581.0
2020-01-17 12:00:00,NSE:ORIENTABRA,19.2,19.2,19.05,19.2,604.0
2020-01-17 12:45:00,NSE:ORIENTABRA,19.2,19.3,17.7,19.0,54013.0
2020-01-17 13:30:00,NSE:ORIENTABRA,18.8,18.9,18.75,18.8,1327.0
2020-01-17 14:15:00,NSE:ORIENTABRA,18.9,18.95,18.55,18.65,7076.0
2020-01-17 15:00:00,NSE:ORIENTABRA,18.65,18.9,18.3,18.9,11545.0
2020-01-17 15:45:00,NSE:ORIENTABRA,18.5,18.5,18.5,18.5,6.0
2020-01-20 09:00:00,NSE:ORIENTABRA,19.0,19.0,18.5,18.9,5431.0
2020-01-20 09:45:00,NSE:ORIENTABRA,18.55,18.7,18.55,18.6,625.0
2020-01-20 10:30:00,NSE:ORIENTABRA,18.6,18.9,18.6,18.9,717.0
2020-01-20 11:15:00,NSE:ORIENTABRA,18.65,18.65,18.65,18.65,788.0
2020-01-20 12:00:00,NSE:ORIENTABRA,18.65,18.85,18.6,18.6,358.0
2020-01-20 12:45:00,NSE:ORIENTABRA,18.6,18.85,18.5,18.5,477.0
2020-01-20 13:30:00,NSE:ORIENTABRA,18.5,18.55,18.5,18.55,1039.0
2020-01-20 14:15:00,NSE:ORIENTABRA,18.75,18.75,18.5,18.7,1544.0
2020-01-20 15:00:00,NSE:ORIENTABRA,18.65,18.9,18.25,18.45,13008.0
2020-01-21 09:00:00,NSE:ORIENTABRA,18.05,18.65,18.05,18.2,578.0
2020-01-21 09:45:00,NSE:ORIENTABRA,18.1,18.35,18.05,18.15,2209.0
2020-01-21 10:30:00,NSE:ORIENTABRA,18.25,18.6,18.1,18.2,6336.0
2020-01-21 11:15:00,NSE:ORIENTABRA,18.1,18.4,18.05,18.25,1578.0
2020-01-21 12:00:00,NSE:ORIENTABRA,18.2,18.4,18.2,18.4,820.0
2020-01-21 12:45:00,NSE:ORIENTABRA,18.4,18.5,18.4,18.5,696.0
2020-01-21 13:30:00,NSE:ORIENTABRA,18.4,18.4,18.4,18.4,1.0
2020-01-21 14:15:00,NSE:ORIENTABRA,18.25,18.5,18.25,18.4,661.0
2020-01-21 15:00:00,NSE:ORIENTABRA,18.25,18.5,18.25,18.25,1389.0
2020-01-22 09:00:00,NSE:ORIENTABRA,18.65,18.65,18.35,18.35,38.0
2020-01-22 09:45:00,NSE:ORIENTABRA,18.35,18.7,18.15,18.25,6898.0
2020-01-22 10:30:00,NSE:ORIENTABRA,18.4,18.4,18.25,18.25,822.0
2020-01-22 11:15:00,NSE:ORIENTABRA,18.3,18.4,18.3,18.4,1210.0
2020-01-22 12:00:00,NSE:ORIENTABRA,18.45,18.45,18.35,18.4,1672.0
2020-01-22 12:45:00,NSE:ORIENTABRA,18.45,18.45,18.45,18.45,30.0
2020-01-22 13:30:00,NSE:ORIENTABRA,18.45,18.45,18.3,18.3,1833.0
2020-01-22 14:15:00,NSE:ORIENTABRA,18.3,18.5,18.3,18.3,4252.0
2020-01-22 15:00:00,NSE:ORIENTABRA,18.45,18.5,18.3,18.5,6104.0
2020-01-23 09:00:00,NSE:ORIENTABRA,18.5,18.5,18.5,18.5,29.0
2020-01-23 09:45:00,NSE:ORIENTABRA,18.25,19.5,18.0,18.4,13155.0
2020-01-23 10:30:00,NSE:ORIENTABRA,18.4,18.45,18.1,18.15,1858.0
2020-01-23 11:15:00,NSE:ORIENTABRA,18.15,18.15,18.15,18.15,1340.0
2020-01-23 12:45:00,NSE:ORIENTABRA,18.25,18.25,18.25,18.25,500.0
2020-01-23 13:30:00,NSE:ORIENTABRA,18.35,18.4,18.35,18.4,201.0
2020-01-23 14:15:00,NSE:ORIENTABRA,18.35,18.4,18.25,18.25,1246.0
2020-01-23 15:00:00,NSE:ORIENTABRA,18.3,18.4,18.15,18.15,3105.0
2020-01-24 09:00:00,NSE:ORIENTABRA,17.75,18.7,17.75,18.2,1587.0
2020-01-24 09:45:00,NSE:ORIENTABRA,18.2,18.35,18.15,18.2,3418.0
2020-01-24 10:30:00,NSE:ORIENTABRA,18.4,18.75,18.0,18.05,8311.0
2020-01-24 11:15:00,NSE:ORIENTABRA,18.0,18.3,17.95,18.0,8345.0
2020-01-24 12:00:00,NSE:ORIENTABRA,18.0,18.25,17.9,18.2,3057.0
2020-01-24 12:45:00,NSE:ORIENTABRA,18.2,18.2,18.2,18.2,1220.0
2020-01-24 13:30:00,NSE:ORIENTABRA,18.1,18.2,18.0,18.2,2467.0
2020-01-24 14:15:00,NSE:ORIENTABRA,18.2,18.25,18.05,18.2,534.0
2020-01-24 15:00:00,NSE:ORIENTABRA,18.15,18.15,17.8,17.8,10611.0
2020-01-27 09:00:00,NSE:ORIENTABRA,18.0,18.0,17.75,17.75,1864.0
2020-01-27 09:45:00,NSE:ORIENTABRA,17.95,18.0,17.95,18.0,1038.0
2020-01-27 10:30:00,NSE:ORIENTABRA,18.0,18.25,18.0,18.05,714.0
2020-01-27 11:15:00,NSE:ORIENTABRA,18.05,18.25,17.85,18.25,300.0
2020-01-27 12:45:00,NSE:ORIENTABRA,18.0,18.0,17.9,17.9,220.0
2020-01-27 13:30:00,NSE:ORIENTABRA,17.85,18.0,17.85,18.0,401.0
2020-01-27 14:15:00,NSE:ORIENTABRA,18.05,18.05,17.5,17.6,57471.0
2020-01-27 15:00:00,NSE:ORIENTABRA,17.55,17.7,17.5,17.5,11942.0
2020-01-28 09:00:00,NSE:ORIENTABRA,17.5,18.65,17.5,17.75,2222.0
2020-01-28 09:45:00,NSE:ORIENTABRA,17.75,17.95,17.7,17.75,3125.0
2020-01-28 10:30:00,NSE:ORIENTABRA,17.75,17.95,17.75,17.95,1272.0
2020-01-28 11:15:00,NSE:ORIENTABRA,17.8,17.9,17.8,17.9,704.0
2020-01-28 12:00:00,NSE:ORIENTABRA,17.9,17.95,17.75,17.75,1976.0
2020-01-28 12:45:00,NSE:ORIENTABRA,17.75,17.8,17.75,17.8,11.0
2020-01-28 13:30:00,NSE:ORIENTABRA,17.75,18.15,17.75,18.0,1039.0
2020-01-28 14:15:00,NSE:ORIENTABRA,17.8,18.0,17.45,17.5,8287.0
2020-01-28 15:00:00,NSE:ORIENTABRA,17.7,17.75,17.45,17.5,1246.0
2020-01-29 09:00:00,NSE:ORIENTABRA,18.0,18.0,17.6,17.75,555.0
2020-01-29 09:45:00,NSE:ORIENTABRA,17.6,17.6,17.55,17.6,1824.0
2020-01-29 10:30:00,NSE:ORIENTABRA,17.6,17.6,17.55,17.55,778.0
2020-01-29 11:15:00,NSE:ORIENTABRA,17.55,17.55,17.2,17.45,11142.0
2020-01-29 12:00:00,NSE:ORIENTABRA,17.35,17.4,17.3,17.3,2425.0
2020-01-29 12:45:00,NSE:ORIENTABRA,17.4,17.4,17.4,17.4,2668.0
2020-01-29 13:30:00,NSE:ORIENTABRA,17.5,17.5,17.3,17.5,1008.0
2020-01-29 14:15:00,NSE:ORIENTABRA,17.45,17.45,17.4,17.4,410.0
2020-01-29 15:00:00,NSE:ORIENTABRA,17.3,17.95,17.2,17.2,8821.0
2020-01-30 09:00:00,NSE:ORIENTABRA,17.25,17.75,17.25,17.75,2601.0
2020-01-30 09:45:00,NSE:ORIENTABRA,17.75,17.9,17.75,17.75,2014.0
2020-01-30 10:30:00,NSE:ORIENTABRA,17.5,17.5,17.3,17.35,1025.0
2020-01-30 11:15:00,NSE:ORIENTABRA,17.7,17.7,17.3,17.7,1388.0
2020-01-30 12:00:00,NSE:ORIENTABRA,17.7,18.0,17.3,18.0,9699.0
2020-01-30 12:45:00,NSE:ORIENTABRA,17.85,18.15,17.85,18.15,4576.0
2020-01-30 13:30:00,NSE:ORIENTABRA,17.95,18.05,17.7,17.7,7175.0
2020-01-30 14:15:00,NSE:ORIENTABRA,17.9,18.0,17.8,18.0,2910.0
2020-01-30 15:00:00,NSE:ORIENTABRA,18.1,18.1,17.5,18.0,5830.0
2020-01-31 09:00:00,NSE:ORIENTABRA,18.7,18.9,18.2,18.65,22629.0
2020-01-31 09:45:00,NSE:ORIENTABRA,18.65,18.75,18.35,18.4,9845.0
2020-01-31 10:30:00,NSE:ORIENTABRA,18.4,18.4,18.25,18.4,11581.0
2020-01-31 11:15:00,NSE:ORIENTABRA,18.4,18.6,18.2,18.6,8240.0
2020-01-31 12:00:00,NSE:ORIENTABRA,18.65,18.65,18.25,18.45,11715.0
2020-01-31 12:45:00,NSE:ORIENTABRA,18.45,18.5,18.3,18.5,4274.0
2020-01-31 13:30:00,NSE:ORIENTABRA,18.55,18.55,18.4,18.4,1780.0
2020-01-31 14:15:00,NSE:ORIENTABRA,18.5,18.85,18.5,18.5,31304.0
2020-01-31 15:00:00,NSE:ORIENTABRA,18.5,18.7,18.45,18.45,8077.0
2020-02-01 09:00:00,NSE:ORIENTABRA,18.7,18.75,18.7,18.7,1021.0
2020-02-01 09:45:00,NSE:ORIENTABRA,18.7,18.7,18.5,18.5,943.0
2020-02-01 10:30:00,NSE:ORIENTABRA,18.65,18.8,18.65,18.65,2503.0
2020-02-01 11:15:00,NSE:ORIENTABRA,18.8,18.8,18.5,18.5,3483.0
2020-02-01 12:00:00,NSE:ORIENTABRA,18.85,18.85,18.45,18.45,6277.0
2020-02-01 12:45:00,NSE:ORIENTABRA,18.45,18.55,18.45,18.55,2527.0
2020-02-01 13:30:00,NSE:ORIENTABRA,18.4,18.55,18.0,18.0,2353.0
2020-02-01 14:15:00,NSE:ORIENTABRA,18.25,18.45,18.0,18.4,1761.0
2020-02-01 15:00:00,NSE:ORIENTABRA,18.4,18.4,18.1,18.25,1215.0
2020-02-03 09:00:00,NSE:ORIENTABRA,18.9,18.9,18.0,18.05,5860.0
2020-02-03 09:45:00,NSE:ORIENTABRA,18.15,18.4,18.05,18.3,4486.0
2020-02-03 10:30:00,NSE:ORIENTABRA,18.55,18.75,18.35,18.5,3308.0
2020-02-03 11:15:00,NSE:ORIENTABRA,18.5,18.5,18.1,18.3,3087.0
2020-02-03 12:00:00,NSE:ORIENTABRA,18.3,18.7,18.25,18.25,1781.0
2020-02-03 12:45:00,NSE:ORIENTABRA,18.25,18.65,18.0,18.1,6648.0
2020-02-03 13:30:00,NSE:ORIENTABRA,18.15,18.3,18.05,18.25,12504.0
2020-02-03 14:15:00,NSE:ORIENTABRA,18.2,18.2,18.2,18.2,700.0
2020-02-03 15:00:00,NSE:ORIENTABRA,18.2,18.2,18.0,18.0,2310.0
2020-02-04 09:00:00,NSE:ORIENTABRA,17.9,18.5,17.25,17.7,14898.0
2020-02-04 09:45:00,NSE:ORIENTABRA,17.85,17.9,17.45,17.6,9099.0
2020-02-04 10:30:00,NSE:ORIENTABRA,17.6,17.6,17.35,17.5,6078.0
2020-02-04 11:15:00,NSE:ORIENTABRA,17.5,17.6,17.4,17.4,4104.0
2020-02-04 12:00:00,NSE:ORIENTABRA,17.4,17.45,17.25,17.35,1533.0
2020-02-04 12:45:00,NSE:ORIENTABRA,17.25,17.6,17.25,17.55,2763.0
2020-02-04 13:30:00,NSE:ORIENTABRA,17.5,17.6,17.45,17.45,7532.0
2020-02-04 14:15:00,NSE:ORIENTABRA,17.45,17.6,17.45,17.5,3592.0
2020-02-04 15:00:00,NSE:ORIENTABRA,17.6,17.6,17.45,17.45,2177.0
2020-02-05 09:00:00,NSE:ORIENTABRA,18.7,18.7,17.65,17.7,17267.0
2020-02-05 09:45:00,NSE:ORIENTABRA,17.7,18.0,17.7,17.8,14409.0
2020-02-05 10:30:00,NSE:ORIENTABRA,17.85,17.85,17.65,17.65,365.0
2020-02-05 11:15:00,NSE:ORIENTABRA,17.55,17.7,17.55,17.7,310.0
2020-02-05 12:00:00,NSE:ORIENTABRA,17.65,17.7,17.6,17.7,928.0
2020-02-05 12:45:00,NSE:ORIENTABRA,17.7,17.7,17.65,17.65,168.0
2020-02-05 13:30:00,NSE:ORIENTABRA,17.65,17.75,17.6,17.75,1605.0
2020-02-05 14:15:00,NSE:ORIENTABRA,17.75,17.95,17.6,17.75,11306.0
2020-02-05 15:00:00,NSE:ORIENTABRA,17.6,18.2,17.6,18.2,7181.0
2020-02-06 09:00:00,NSE:ORIENTABRA,18.05,18.05,17.75,17.75,21.0
2020-02-06 09:45:00,NSE:ORIENTABRA,17.9,18.7,17.9,18.7,2542.0
2020-02-06 10:30:00,NSE:ORIENTABRA,18.45,18.5,18.2,18.25,3039.0
2020-02-06 11:15:00,NSE:ORIENTABRA,18.2,18.6,18.2,18.2,3369.0
2020-02-06 12:00:00,NSE:ORIENTABRA,18.15,18.4,18.15,18.35,223.0
2020-02-06 12:45:00,NSE:ORIENTABRA,18.5,18.5,18.3,18.5,833.0
2020-02-06 13:30:00,NSE:ORIENTABRA,18.3,18.35,18.25,18.25,1179.0
2020-02-06 14:15:00,NSE:ORIENTABRA,18.25,18.25,18.15,18.15,1451.0
2020-02-06 15:00:00,NSE:ORIENTABRA,18.15,18.2,18.1,18.15,6196.0
2020-02-07 09:00:00,NSE:ORIENTABRA,18.7,18.7,18.2,18.25,2913.0
2020-02-07 09:45:00,NSE:ORIENTABRA,18.25,18.45,18.25,18.25,3761.0
2020-02-07 10:30:00,NSE:ORIENTABRA,18.25,18.3,18.25,18.3,423.0
2020-02-07 11:15:00,NSE:ORIENTABRA,18.5,18.7,18.3,18.55,3545.0
2020-02-07 12:00:00,NSE:ORIENTABRA,18.4,18.6,18.35,18.35,1098.0
2020-02-07 12:45:00,NSE:ORIENTABRA,18.5,18.5,18.35,18.5,1768.0
2020-02-07 13:30:00,NSE:ORIENTABRA,18.35,18.45,18.25,18.45,1408.0
2020-02-07 14:15:00,NSE:ORIENTABRA,18.0,18.25,17.65,17.8,20774.0
2020-02-07 15:00:00,NSE:ORIENTABRA,17.75,18.0,17.75,17.8,13477.0
2020-02-10 09:00:00,NSE:ORIENTABRA,17.8,17.85,17.7,17.7,708.0
2020-02-10 09:45:00,NSE:ORIENTABRA,17.8,17.8,17.5,17.5,240.0
2020-02-10 10:30:00,NSE:ORIENTABRA,17.5,17.75,17.5,17.75,1225.0
2020-02-10 11:15:00,NSE:ORIENTABRA,17.5,17.7,17.5,17.7,585.0
2020-02-10 12:00:00,NSE:ORIENTABRA,17.7,18.0,17.7,17.8,1320.0
2020-02-10 13:30:00,NSE:ORIENTABRA,17.6,17.6,17.6,17.6,250.0
2020-02-10 14:15:00,NSE:ORIENTABRA,17.8,18.0,17.8,17.95,804.0
2020-02-10 15:00:00,NSE:ORIENTABRA,18.0,18.15,17.65,18.15,3087.0
2020-02-11 09:00:00,NSE:ORIENTABRA,18.45,18.45,17.9,17.9,33.0
2020-02-11 09:45:00,NSE:ORIENTABRA,17.7,18.25,17.7,18.25,378.0
2020-02-11 10:30:00,NSE:ORIENTABRA,17.85,18.05,17.75,18.05,868.0
2020-02-11 11:15:00,NSE:ORIENTABRA,18.05,18.2,18.0,18.0,623.0
2020-02-11 12:00:00,NSE:ORIENTABRA,18.0,18.25,18.0,18.25,375.0
2020-02-11 12:45:00,NSE:ORIENTABRA,18.05,18.15,18.0,18.0,415.0
2020-02-11 13:30:00,NSE:ORIENTABRA,18.0,18.1,18.0,18.1,1672.0
2020-02-11 14:15:00,NSE:ORIENTABRA,17.9,18.15,17.9,17.95,1773.0
2020-02-11 15:00:00,NSE:ORIENTABRA,18.15,18.15,17.8,17.8,415.0
2020-02-12 09:00:00,NSE:ORIENTABRA,18.0,18.05,17.85,17.85,158.0
2020-02-12 10:30:00,NSE:ORIENTABRA,17.9,18.4,17.75,18.4,2806.0
2020-02-12 11:15:00,NSE:ORIENTABRA,18.0,18.0,17.8,17.8,1189.0
2020-02-12 12:00:00,NSE:ORIENTABRA,17.5,17.7,17.5,17.7,796.0
2020-02-12 13:30:00,NSE:ORIENTABRA,17.65,17.65,17.65,17.65,400.0
2020-02-12 14:15:00,NSE:ORIENTABRA,17.85,17.85,17.8,17.8,523.0
2020-02-12 15:00:00,NSE:ORIENTABRA,17.9,17.9,17.7,17.9,1417.0
2020-02-13 09:00:00,NSE:ORIENTABRA,17.5,18.0,17.5,17.55,901.0
2020-02-13 09:45:00,NSE:ORIENTABRA,17.55,17.55,17.55,17.55,1073.0
2020-02-13 10:30:00,NSE:ORIENTABRA,17.5,17.55,17.05,17.3,8058.0
2020-02-13 11:15:00,NSE:ORIENTABRA,17.4,17.55,17.4,17.55,7.0
2020-02-13 12:00:00,NSE:ORIENTABRA,17.5,17.65,17.35,17.65,544.0
2020-02-13 12:45:00,NSE:ORIENTABRA,17.35,18.0,17.35,17.65,2851.0
2020-02-13 13:30:00,NSE:ORIENTABRA,18.0,18.0,17.65,17.95,460.0
2020-02-13 14:15:00,NSE:ORIENTABRA,17.95,17.95,17.7,17.85,208.0
2020-02-13 15:00:00,NSE:ORIENTABRA,17.9,18.25,17.9,18.0,3066.0
2020-02-14 09:00:00,NSE:ORIENTABRA,18.05,18.05,17.8,17.8,40.0
2020-02-14 09:45:00,NSE:ORIENTABRA,17.8,17.8,17.6,17.65,1200.0
2020-02-14 10:30:00,NSE:ORIENTABRA,17.65,17.65,17.65,17.65,130.0
2020-02-14 11:15:00,NSE:ORIENTABRA,17.65,17.8,17.6,17.8,162.0
2020-02-14 12:00:00,NSE:ORIENTABRA,17.55,17.65,17.4,17.55,2961.0
2020-02-14 12:45:00,NSE:ORIENTABRA,17.55,17.65,17.55,17.65,63.0
2020-02-14 13:30:00,NSE:ORIENTABRA,17.55,17.55,17.55,17.55,392.0
2020-02-14 14:15:00,NSE:ORIENTABRA,17.55,17.65,17.5,17.65,1024.0
2020-02-14 15:00:00,NSE:ORIENTABRA,17.6,17.6,17.4,17.4,907.0
2020-02-17 09:00:00,NSE:ORIENTABRA,18.0,18.0,17.05,17.7,733.0
2020-02-17 09:45:00,NSE:ORIENTABRA,17.3,17.7,17.3,17.6,763.0
2020-02-17 10:30:00,NSE:ORIENTABRA,17.6,17.6,17.35,17.55,742.0
2020-02-17 11:15:00,NSE:ORIENTABRA,17.55,17.55,17.55,17.55,410.0
2020-02-17 12:00:00,NSE:ORIENTABRA,17.6,17.75,17.5,17.5,3358.0
2020-02-17 12:45:00,NSE:ORIENTABRA,17.55,17.55,17.5,17.5,1980.0
2020-02-17 13:30:00,NSE:ORIENTABRA,17.5,17.5,17.5,17.5,24.0
2020-02-17 14:15:00,NSE:ORIENTABRA,17.8,17.8,17.4,17.6,9471.0
2020-02-17 15:00:00,NSE:ORIENTABRA,17.7,17.9,17.6,17.6,10280.0
2020-02-18 09:00:00,NSE:ORIENTABRA,18.2,18.2,17.5,17.5,1251.0
2020-02-18 09:45:00,NSE:ORIENTABRA,17.45,17.45,17.05,17.1,1675.0
2020-02-18 10:30:00,NSE:ORIENTABRA,17.1,17.25,17.05,17.2,624.0
2020-02-18 11:15:00,NSE:ORIENTABRA,17.2,17.3,17.2,17.3,400.0
2020-02-18 12:00:00,NSE:ORIENTABRA,17.3,17.45,17.3,17.45,2114.0
2020-02-18 12:45:00,NSE:ORIENTABRA,17.45,17.45,17.45,17.45,150.0
2020-02-18 14:15:00,NSE:ORIENTABRA,17.3,17.4,17.1,17.2,1908.0
2020-02-18 15:00:00,NSE:ORIENTABRA,17.2,17.45,17.2,17.45,2513.0
2020-02-19 09:00:00,NSE:ORIENTABRA,17.4,17.4,17.4,17.4,650.0
2020-02-19 09:45:00,NSE:ORIENTABRA,17.4,17.4,17.1,17.1,1208.0
2020-02-19 10:30:00,NSE:ORIENTABRA,17.15,17.2,17.15,17.2,569.0
2020-02-19 11:15:00,NSE:ORIENTABRA,17.25,17.4,17.25,17.3,2116.0
2020-02-19 12:00:00,NSE:ORIENTABRA,17.25,17.35,17.25,17.35,554.0
2020-02-19 12:45:00,NSE:ORIENTABRA,17.25,17.25,17.2,17.2,200.0
2020-02-19 13:30:00,NSE:ORIENTABRA,17.4,17.4,17.4,17.4,150.0
2020-02-19 14:15:00,NSE:ORIENTABRA,17.3,17.4,17.25,17.4,1104.0
2020-02-19 15:00:00,NSE:ORIENTABRA,17.25,17.3,17.2,17.25,517.0
2020-02-20 09:00:00,NSE:ORIENTABRA,17.5,17.75,17.45,17.45,2504.0
2020-02-20 09:45:00,NSE:ORIENTABRA,17.35,17.45,17.35,17.45,520.0
2020-02-20 10:30:00,NSE:ORIENTABRA,17.3,17.45,17.3,17.45,1496.0
2020-02-20 11:15:00,NSE:ORIENTABRA,17.45,17.45,17.35,17.35,524.0
2020-02-20 12:00:00,NSE:ORIENTABRA,17.45,17.6,17.35,17.6,984.0
2020-02-20 12:45:00,NSE:ORIENTABRA,17.45,17.45,17.45,17.45,341.0
2020-02-20 13:30:00,NSE:ORIENTABRA,17.4,17.4,17.3,17.3,2000.0
2020-02-20 15:00:00,NSE:ORIENTABRA,17.45,17.5,17.45,17.5,798.0
2020-02-24 09:00:00,NSE:ORIENTABRA,17.45,17.7,17.45,17.7,3588.0
2020-02-24 09:45:00,NSE:ORIENTABRA,17.55,17.7,17.55,17.55,2302.0
2020-02-24 10:30:00,NSE:ORIENTABRA,17.55,17.55,17.55,17.55,1275.0
2020-02-24 11:15:00,NSE:ORIENTABRA,17.55,17.55,17.55,17.55,10060.0
2020-02-24 12:00:00,NSE:ORIENTABRA,17.75,17.8,17.55,17.8,254.0
2020-02-24 12:45:00,NSE:ORIENTABRA,17.75,17.75,17.75,17.75,3835.0
2020-02-24 13:30:00,NSE:ORIENTABRA,17.6,17.6,17.55,17.55,2.0
2020-02-24 14:15:00,NSE:ORIENTABRA,17.55,17.55,17.45,17.45,2135.0
2020-02-24 15:00:00,NSE:ORIENTABRA,17.45,17.45,17.25,17.25,1123.0
2020-02-25 09:00:00,NSE:ORIENTABRA,17.15,17.2,17.15,17.2,396.0
2020-02-25 09:45:00,NSE:ORIENTABRA,17.35,17.8,17.35,17.4,1523.0
2020-02-25 10:30:00,NSE:ORIENTABRA,17.4,17.4,17.4,17.4,40.0
2020-02-25 11:15:00,NSE:ORIENTABRA,17.4,17.4,17.35,17.35,200.0
2020-02-25 12:00:00,NSE:ORIENTABRA,17.55,17.55,17.35,17.35,250.0
2020-02-25 12:45:00,NSE:ORIENTABRA,17.3,17.5,17.15,17.4,6704.0
2020-02-25 13:30:00,NSE:ORIENTABRA,17.35,17.35,17.1,17.1,695.0
2020-02-25 14:15:00,NSE:ORIENTABRA,17.1,17.1,16.4,16.5,10256.0
2020-02-25 15:00:00,NSE:ORIENTABRA,16.6,16.6,16.15,16.4,8371.0
2020-02-26 09:00:00,NSE:ORIENTABRA,16.45,16.45,15.8,15.8,3826.0
2020-02-26 09:45:00,NSE:ORIENTABRA,15.8,15.85,15.7,15.85,955.0
2020-02-26 10:30:00,NSE:ORIENTABRA,15.8,15.85,15.8,15.85,1271.0
2020-02-26 11:15:00,NSE:ORIENTABRA,15.85,15.85,15.85,15.85,409.0
2020-02-26 12:00:00,NSE:ORIENTABRA,15.9,16.0,15.85,16.0,1568.0
2020-02-26 12:45:00,NSE:ORIENTABRA,16.0,16.0,16.0,16.0,100.0
2020-02-26 13:30:00,NSE:ORIENTABRA,16.0,16.0,16.0,16.0,988.0
2020-02-26 14:15:00,NSE:ORIENTABRA,15.9,15.9,15.7,15.7,6530.0
2020-02-26 15:00:00,NSE:ORIENTABRA,16.3,16.3,15.7,15.7,7654.0
2020-02-26 15:45:00,NSE:ORIENTABRA,15.8,15.8,15.8,15.8,250.0
2020-02-27 09:00:00,NSE:ORIENTABRA,16.0,16.2,15.95,16.2,1304.0
2020-02-27 09:45:00,NSE:ORIENTABRA,16.5,16.5,16.2,16.2,1517.0
2020-02-27 10:30:00,NSE:ORIENTABRA,16.4,16.7,16.4,16.4,12866.0
2020-02-27 11:15:00,NSE:ORIENTABRA,16.4,16.4,16.3,16.4,1100.0
2020-02-27 12:00:00,NSE:ORIENTABRA,16.4,16.5,16.2,16.2,4598.0
2020-02-27 12:45:00,NSE:ORIENTABRA,16.25,16.55,16.25,16.55,305.0
2020-02-27 14:15:00,NSE:ORIENTABRA,16.35,16.35,16.35,16.35,1.0
2020-02-27 15:00:00,NSE:ORIENTABRA,16.6,16.6,16.2,16.2,2070.0
2020-02-28 09:00:00,NSE:ORIENTABRA,16.3,16.35,16.2,16.2,19777.0
2020-02-28 09:45:00,NSE:ORIENTABRA,16.0,16.0,15.35,15.5,6646.0
2020-02-28 10:30:00,NSE:ORIENTABRA,15.5,15.95,15.3,15.65,8137.0
2020-02-28 11:15:00,NSE:ORIENTABRA,15.6,15.7,15.25,15.7,10140.0
2020-02-28 12:00:00,NSE:ORIENTABRA,15.95,15.95,15.75,15.85,1242.0
2020-02-28 12:45:00,NSE:ORIENTABRA,15.95,15.95,15.65,15.8,8050.0
2020-02-28 13:30:00,NSE:ORIENTABRA,15.9,15.95,15.7,15.7,803.0
2020-02-28 14:15:00,NSE:ORIENTABRA,15.7,15.7,15.35,15.35,8269.0
2020-02-28 15:00:00,NSE:ORIENTABRA,15.35,15.6,15.25,15.35,2120.0
2020-03-02 09:00:00,NSE:ORIENTABRA,17.6,17.6,15.35,16.0,1182.0
2020-03-02 09:45:00,NSE:ORIENTABRA,15.6,15.8,15.55,15.8,535.0
2020-03-02 10:30:00,NSE:ORIENTABRA,15.6,15.95,15.6,15.65,5751.0
2020-03-02 12:00:00,NSE:ORIENTABRA,15.8,15.8,15.65,15.65,132.0
2020-03-02 12:45:00,NSE:ORIENTABRA,15.65,15.75,15.55,15.55,2365.0
2020-03-02 13:30:00,NSE:ORIENTABRA,15.65,15.65,15.25,15.25,9256.0
2020-03-02 14:15:00,NSE:ORIENTABRA,15.25,15.25,15.1,15.1,1676.0
2020-03-02 15:00:00,NSE:ORIENTABRA,15.1,15.25,14.65,15.25,5122.0
2020-03-02 15:45:00,NSE:ORIENTABRA,15.1,15.1,15.1,15.1,250.0
2020-03-03 09:00:00,NSE:ORIENTABRA,15.1,15.85,14.85,14.85,8230.0
2020-03-03 09:45:00,NSE:ORIENTABRA,14.95,15.0,14.8,14.8,4878.0
2020-03-03 10:30:00,NSE:ORIENTABRA,14.9,14.9,14.75,14.8,2597.0
2020-03-03 11:15:00,NSE:ORIENTABRA,14.8,14.85,14.8,14.85,907.0
2020-03-03 12:00:00,NSE:ORIENTABRA,14.9,15.0,14.65,14.65,1306.0
2020-03-03 12:45:00,NSE:ORIENTABRA,14.7,14.7,14.7,14.7,3.0
2020-03-03 13:30:00,NSE:ORIENTABRA,14.85,14.9,14.85,14.9,1132.0
2020-03-03 14:15:00,NSE:ORIENTABRA,14.75,14.9,14.75,14.9,250.0
2020-03-03 15:00:00,NSE:ORIENTABRA,14.9,14.9,14.85,14.85,6866.0
2020-03-04 09:00:00,NSE:ORIENTABRA,15.9,15.9,14.9,14.9,976.0
2020-03-04 09:45:00,NSE:ORIENTABRA,14.8,14.95,14.7,14.8,1427.0
2020-03-04 10:30:00,NSE:ORIENTABRA,14.7,14.8,14.25,14.25,2884.0
2020-03-04 11:15:00,NSE:ORIENTABRA,14.5,14.5,14.5,14.5,2009.0
2020-03-04 12:00:00,NSE:ORIENTABRA,14.6,14.6,14.5,14.6,1695.0
2020-03-04 12:45:00,NSE:ORIENTABRA,14.6,14.6,14.25,14.4,3449.0
2020-03-04 13:30:00,NSE:ORIENTABRA,14.35,14.35,14.2,14.35,2084.0
2020-03-04 14:15:00,NSE:ORIENTABRA,14.25,14.6,14.1,14.25,2103.0
2020-03-04 15:00:00,NSE:ORIENTABRA,14.25,14.55,14.25,14.5,3386.0
2020-03-05 09:00:00,NSE:ORIENTABRA,14.6,14.8,14.6,14.8,87.0
2020-03-05 09:45:00,NSE:ORIENTABRA,15.25,15.35,14.5,14.5,2916.0
2020-03-05 10:30:00,NSE:ORIENTABRA,14.95,14.95,14.95,14.95,50.0
2020-03-05 11:15:00,NSE:ORIENTABRA,14.7,14.7,14.65,14.65,18.0
2020-03-05 12:00:00,NSE:ORIENTABRA,14.65,14.65,14.65,14.65,321.0
2020-03-05 12:45:00,NSE:ORIENTABRA,14.8,14.8,14.6,14.8,621.0
2020-03-05 13:30:00,NSE:ORIENTABRA,14.65,14.7,14.6,14.6,1416.0
2020-03-05 14:15:00,NSE:ORIENTABRA,14.6,14.75,14.6,14.75,1077.0
2020-03-05 15:00:00,NSE:ORIENTABRA,14.75,15.0,14.75,14.8,973.0
2020-03-06 09:00:00,NSE:ORIENTABRA,14.3,14.35,14.2,14.2,2760.0
2020-03-06 09:45:00,NSE:ORIENTABRA,14.2,14.4,14.0,14.4,1375.0
2020-03-06 10:30:00,NSE:ORIENTABRA,14.25,14.4,14.0,14.3,5077.0
2020-03-06 11:15:00,NSE:ORIENTABRA,14.4,14.4,13.9,14.0,5668.0
2020-03-06 12:00:00,NSE:ORIENTABRA,14.0,14.0,13.9,14.0,1541.0
2020-03-06 12:45:00,NSE:ORIENTABRA,14.35,14.4,14.35,14.4,222.0
2020-03-06 13:30:00,NSE:ORIENTABRA,14.4,14.4,14.25,14.4,1626.0
2020-03-06 14:15:00,NSE:ORIENTABRA,14.45,14.5,14.05,14.5,4150.0
2020-03-06 15:00:00,NSE:ORIENTABRA,14.15,14.3,13.9,13.9,5782.0
2020-03-09 09:00:00,NSE:ORIENTABRA,14.6,14.6,13.9,13.9,653.0
2020-03-09 09:45:00,NSE:ORIENTABRA,14.5,14.5,13.85,13.85,355.0
2020-03-09 10:30:00,NSE:ORIENTABRA,14.0,14.1,13.8,14.0,5856.0
2020-03-09 11:15:00,NSE:ORIENTABRA,13.8,14.0,13.6,13.9,5182.0
2020-03-09 12:00:00,NSE:ORIENTABRA,13.95,14.0,13.8,13.85,1060.0
2020-03-09 12:45:00,NSE:ORIENTABRA,13.85,13.85,13.85,13.85,1.0
2020-03-09 13:30:00,NSE:ORIENTABRA,14.0,14.0,13.4,13.9,2128.0
2020-03-09 14:15:00,NSE:ORIENTABRA,13.9,13.9,13.55,13.7,5327.0
2020-03-09 15:00:00,NSE:ORIENTABRA,13.7,13.7,13.0,13.0,8444.0
2020-03-11 09:00:00,NSE:ORIENTABRA,14.0,14.0,12.95,13.25,4190.0
2020-03-11 09:45:00,NSE:ORIENTABRA,13.7,13.85,13.35,13.7,1045.0
2020-03-11 10:30:00,NSE:ORIENTABRA,13.35,13.65,13.35,13.65,214.0
2020-03-11 11:15:00,NSE:ORIENTABRA,13.5,13.85,13.5,13.85,401.0
2020-03-11 12:00:00,NSE:ORIENTABRA,13.55,13.55,13.2,13.5,1859.0
2020-03-11 12:45:00,NSE:ORIENTABRA,13.5,13.75,13.2,13.4,2214.0
2020-03-11 13:30:00,NSE:ORIENTABRA,13.8,13.9,13.55,13.55,991.0
2020-03-11 14:15:00,NSE:ORIENTABRA,13.4,13.75,13.4,13.75,595.0
2020-03-11 15:00:00,NSE:ORIENTABRA,13.55,13.95,13.1,13.25,3466.0
2020-03-12 09:00:00,NSE:ORIENTABRA,12.1,12.8,12.05,12.5,4761.0
2020-03-12 09:45:00,NSE:ORIENTABRA,12.25,12.5,11.65,11.95,4659.0
2020-03-12 10:30:00,NSE:ORIENTABRA,11.95,12.0,11.75,11.75,2982.0
2020-03-12 11:15:00,NSE:ORIENTABRA,11.9,12.0,11.5,11.95,4300.0
2020-03-12 12:00:00,NSE:ORIENTABRA,11.9,12.45,11.75,12.45,1412.0
2020-03-12 12:45:00,NSE:ORIENTABRA,12.45,12.75,12.45,12.7,194.0
2020-03-12 13:30:00,NSE:ORIENTABRA,12.45,12.5,12.45,12.5,1600.0
2020-03-12 14:15:00,NSE:ORIENTABRA,12.5,12.5,12.0,12.3,1427.0
2020-03-12 15:00:00,NSE:ORIENTABRA,12.1,12.3,12.1,12.1,874.0
2020-03-12 15:45:00,NSE:ORIENTABRA,12.2,12.2,12.2,12.2,140.0
2020-03-13 09:00:00,NSE:ORIENTABRA,10.6,10.6,10.6,10.6,902.0
2020-03-13 09:45:00,NSE:ORIENTABRA,10.6,12.0,10.0,10.5,4716.0
2020-03-13 10:30:00,NSE:ORIENTABRA,10.5,12.95,10.45,11.35,4477.0
2020-03-13 11:15:00,NSE:ORIENTABRA,11.35,11.6,11.2,11.3,3244.0
2020-03-13 12:00:00,NSE:ORIENTABRA,11.7,14.4,11.3,11.9,7407.0
2020-03-13 12:45:00,NSE:ORIENTABRA,12.45,13.7,12.45,13.1,1568.0
2020-03-13 13:30:00,NSE:ORIENTABRA,13.15,13.7,12.75,13.2,4237.0
2020-03-13 14:15:00,NSE:ORIENTABRA,13.2,13.5,12.8,13.0,4026.0
2020-03-13 15:00:00,NSE:ORIENTABRA,13.0,14.0,12.9,13.2,4284.0
2020-03-16 09:00:00,NSE:ORIENTABRA,14.3,14.3,11.55,12.35,7152.0
2020-03-16 09:45:00,NSE:ORIENTABRA,12.35,12.85,12.0,12.45,8788.0
2020-03-16 10:30:00,NSE:ORIENTABRA,11.6,12.35,11.6,12.15,11960.0
2020-03-16 11:15:00,NSE:ORIENTABRA,12.15,12.25,11.95,11.95,2597.0
2020-03-16 12:00:00,NSE:ORIENTABRA,11.95,12.8,11.9,12.8,7198.0
2020-03-16 12:45:00,NSE:ORIENTABRA,12.35,12.35,12.1,12.15,2282.0
2020-03-16 13:30:00,NSE:ORIENTABRA,12.1,12.1,12.1,12.1,507.0
2020-03-16 14:15:00,NSE:ORIENTABRA,12.1,12.15,12.1,12.15,1706.0
2020-03-16 15:00:00,NSE:ORIENTABRA,12.15,12.45,12.1,12.4,1656.0
2020-03-16 15:45:00,NSE:ORIENTABRA,12.1,12.1,12.1,12.1,20.0
2020-03-17 09:00:00,NSE:ORIENTABRA,12.1,12.55,11.3,12.55,3598.0
2020-03-17 09:45:00,NSE:ORIENTABRA,12.95,13.0,12.35,12.35,3070.0
2020-03-17 10:30:00,NSE:ORIENTABRA,12.6,13.25,12.55,13.0,2921.0
2020-03-17 11:15:00,NSE:ORIENTABRA,12.6,12.9,12.0,12.05,10211.0
2020-03-17 12:00:00,NSE:ORIENTABRA,12.45,12.45,12.1,12.45,225.0
2020-03-17 12:45:00,NSE:ORIENTABRA,12.2,12.5,12.15,12.15,2706.0
2020-03-17 13:30:00,NSE:ORIENTABRA,12.2,12.35,12.2,12.35,2061.0
2020-03-17 14:15:00,NSE:ORIENTABRA,12.2,12.35,12.2,12.35,1476.0
2020-03-17 15:00:00,NSE:ORIENTABRA,12.35,12.35,11.65,11.65,8076.0
2020-03-18 09:00:00,NSE:ORIENTABRA,12.0,12.05,11.6,11.95,7336.0
2020-03-18 09:45:00,NSE:ORIENTABRA,11.9,11.9,11.4,11.4,1884.0
2020-03-18 10:30:00,NSE:ORIENTABRA,11.5,11.5,11.35,11.4,3684.0
2020-03-18 11:15:00,NSE:ORIENTABRA,11.7,11.7,11.25,11.25,7044.0
2020-03-18 12:00:00,NSE:ORIENTABRA,11.4,11.6,11.25,11.3,3341.0
2020-03-18 12:45:00,NSE:ORIENTABRA,11.6,11.65,11.3,11.5,12510.0
2020-03-18 13:30:00,NSE:ORIENTABRA,11.5,11.65,11.35,11.35,2379.0
2020-03-18 14:15:00,NSE:ORIENTABRA,11.4,11.75,11.4,11.5,3048.0
2020-03-18 15:00:00,NSE:ORIENTABRA,11.5,11.5,11.2,11.2,1971.0
2020-03-19 09:00:00,NSE:ORIENTABRA,11.5,11.5,10.75,11.35,541.0
2020-03-19 09:45:00,NSE:ORIENTABRA,11.35,11.35,11.0,11.0,3729.0
2020-03-19 10:30:00,NSE:ORIENTABRA,11.0,11.3,11.0,11.0,931.0
2020-03-19 11:15:00,NSE:ORIENTABRA,11.15,11.15,11.0,11.05,856.0
2020-03-19 12:00:00,NSE:ORIENTABRA,11.1,11.15,11.0,11.0,2239.0
2020-03-19 12:45:00,NSE:ORIENTABRA,11.0,11.05,10.95,11.0,2589.0
2020-03-19 13:30:00,NSE:ORIENTABRA,11.05,11.05,10.75,11.05,1523.0
2020-03-19 14:15:00,NSE:ORIENTABRA,11.1,12.2,11.05,12.1,9918.0
2020-03-19 15:00:00,NSE:ORIENTABRA,11.95,12.2,11.7,12.2,3164.0
2020-03-19 15:45:00,NSE:ORIENTABRA,11.95,11.95,11.95,11.95,1.0
2020-03-20 09:00:00,NSE:ORIENTABRA,12.5,13.35,11.8,11.8,1091.0
2020-03-20 09:45:00,NSE:ORIENTABRA,11.65,11.85,11.5,11.6,460.0
2020-03-20 10:30:00,NSE:ORIENTABRA,11.95,12.45,11.9,11.95,9081.0
2020-03-20 11:15:00,NSE:ORIENTABRA,12.35,12.4,12.1,12.4,1789.0
2020-03-20 12:00:00,NSE:ORIENTABRA,12.4,12.5,12.4,12.5,2045.0
2020-03-20 13:30:00,NSE:ORIENTABRA,12.45,12.45,12.15,12.15,240.0
2020-03-20 14:15:00,NSE:ORIENTABRA,12.4,12.4,11.65,11.65,5395.0
2020-03-20 15:00:00,NSE:ORIENTABRA,11.65,12.0,11.65,12.0,2605.0
2020-03-23 09:00:00,NSE:ORIENTABRA,10.1,10.1,10.05,10.05,2500.0
2020-03-23 09:45:00,NSE:ORIENTABRA,11.15,11.15,11.15,11.15,201.0
2020-03-23 10:30:00,NSE:ORIENTABRA,11.15,11.7,10.0,11.6,2600.0
2020-03-23 11:15:00,NSE:ORIENTABRA,10.35,11.1,10.3,10.55,1181.0
2020-03-23 12:00:00,NSE:ORIENTABRA,10.55,11.05,10.5,10.5,1690.0
2020-03-23 12:45:00,NSE:ORIENTABRA,11.0,11.0,10.95,10.95,102.0
2020-03-23 13:30:00,NSE:ORIENTABRA,10.95,11.05,10.85,11.05,4610.0
2020-03-23 14:15:00,NSE:ORIENTABRA,11.05,11.15,10.7,10.7,3592.0
2020-03-23 15:00:00,NSE:ORIENTABRA,11.15,11.15,10.75,11.15,2197.0
2020-03-24 09:00:00,NSE:ORIENTABRA,11.95,12.5,11.0,11.0,1778.0
2020-03-24 09:45:00,NSE:ORIENTABRA,10.65,10.95,10.5,10.6,2942.0
2020-03-24 10:30:00,NSE:ORIENTABRA,10.6,10.9,10.6,10.9,602.0
2020-03-24 11:15:00,NSE:ORIENTABRA,10.65,10.65,10.6,10.6,700.0
2020-03-24 12:00:00,NSE:ORIENTABRA,10.9,10.9,10.6,10.6,1123.0
2020-03-24 12:45:00,NSE:ORIENTABRA,10.65,10.9,10.65,10.9,350.0
2020-03-24 13:30:00,NSE:ORIENTABRA,10.7,10.7,10.7,10.7,537.0
2020-03-24 14:15:00,NSE:ORIENTABRA,10.6,10.9,10.6,10.9,1638.0
2020-03-24 15:00:00,NSE:ORIENTABRA,10.8,11.05,10.45,10.45,2120.0
2020-03-25 09:00:00,NSE:ORIENTABRA,11.0,11.25,10.25,10.3,210.0
2020-03-25 09:45:00,NSE:ORIENTABRA,10.35,10.35,10.1,10.1,5786.0
2020-03-25 10:30:00,NSE:ORIENTABRA,10.0,10.65,10.0,10.6,6151.0
2020-03-25 11:15:00,NSE:ORIENTABRA,10.5,10.6,10.2,10.2,306.0
2020-03-25 12:00:00,NSE:ORIENTABRA,10.2,10.2,10.1,10.1,1133.0
2020-03-25 12:45:00,NSE:ORIENTABRA,10.3,10.3,10.2,10.2,104.0
2020-03-25 13:30:00,NSE:ORIENTABRA,10.2,11.0,10.05,11.0,5992.0
2020-03-25 14:15:00,NSE:ORIENTABRA,10.65,11.0,10.6,11.0,1745.0
2020-03-25 15:00:00,NSE:ORIENTABRA,10.95,10.95,10.85,10.85,468.0
2020-03-26 09:45:00,NSE:ORIENTABRA,10.55,10.6,10.55,10.6,600.0
2020-03-26 10:30:00,NSE:ORIENTABRA,11.2,11.25,10.9,10.9,714.0
2020-03-26 11:15:00,NSE:ORIENTABRA,11.15,11.2,10.9,10.9,135.0
2020-03-26 12:00:00,NSE:ORIENTABRA,11.2,11.2,11.15,11.15,107.0
2020-03-26 12:45:00,NSE:ORIENTABRA,11.25,11.8,10.55,11.15,5901.0
2020-03-26 13:30:00,NSE:ORIENTABRA,11.4,11.4,10.8,10.8,154.0
2020-03-26 14:15:00,NSE:ORIENTABRA,11.0,11.25,11.0,11.25,65.0
2020-03-26 15:00:00,NSE:ORIENTABRA,10.85,11.3,10.85,11.3,45.0
2020-03-27 09:00:00,NSE:ORIENTABRA,11.25,11.6,11.25,11.55,278.0
2020-03-27 09:45:00,NSE:ORIENTABRA,11.45,11.6,11.25,11.25,4371.0
2020-03-27 10:30:00,NSE:ORIENTABRA,11.3,11.3,11.0,11.0,7548.0
2020-03-27 11:15:00,NSE:ORIENTABRA,11.0,11.0,10.55,10.55,3483.0
2020-03-27 12:00:00,NSE:ORIENTABRA,10.9,11.0,10.9,10.9,1505.0
2020-03-27 12:45:00,NSE:ORIENTABRA,10.9,10.95,10.9,10.95,214.0
2020-03-27 13:30:00,NSE:ORIENTABRA,10.95,11.0,10.65,10.65,2025.0
2020-03-27 14:15:00,NSE:ORIENTABRA,10.8,10.8,10.4,10.65,6831.0
2020-03-27 15:00:00,NSE:ORIENTABRA,10.55,10.8,10.45,10.55,3558.0
2020-03-30 09:00:00,NSE:ORIENTABRA,10.95,10.95,10.25,10.3,23.0
2020-03-30 09:45:00,NSE:ORIENTABRA,10.5,10.5,10.5,10.5,27.0
2020-03-30 10:30:00,NSE:ORIENTABRA,10.5,10.75,10.3,10.7,2073.0
2020-03-30 11:15:00,NSE:ORIENTABRA,10.8,11.0,10.45,10.45,1164.0
2020-03-30 12:00:00,NSE:ORIENTABRA,10.95,10.95,10.65,10.65,325.0
2020-03-30 12:45:00,NSE:ORIENTABRA,10.9,10.95,10.7,10.7,3520.0
2020-03-30 13:30:00,NSE:ORIENTABRA,10.55,10.9,10.55,10.85,1120.0
2020-03-30 14:15:00,NSE:ORIENTABRA,10.85,10.85,10.6,10.6,128.0
2020-03-30 15:00:00,NSE:ORIENTABRA,10.85,10.95,10.65,10.65,2002943.0
2020-03-31 09:00:00,NSE:ORIENTABRA,11.2,11.5,11.15,11.45,1518.0
2020-03-31 09:45:00,NSE:ORIENTABRA,11.45,11.45,11.05,11.05,3516.0
2020-03-31 10:30:00,NSE:ORIENTABRA,11.0,11.55,11.0,11.15,3623.0
2020-03-31 11:15:00,NSE:ORIENTABRA,11.4,11.55,11.2,11.5,1362.0
2020-03-31 12:00:00,NSE:ORIENTABRA,11.2,11.45,11.2,11.2,601.0
2020-03-31 12:45:00,NSE:ORIENTABRA,11.15,11.25,11.05,11.25,410.0
2020-03-31 13:30:00,NSE:ORIENTABRA,11.25,11.25,11.15,11.25,301488.0
2020-03-31 14:15:00,NSE:ORIENTABRA,11.1,12.0,11.1,11.45,206770.0
2020-03-31 15:00:00,NSE:ORIENTABRA,11.2,11.5,11.2,11.5,1356.0
2020-04-01 09:00:00,NSE:ORIENTABRA,12.4,12.4,11.5,11.5,1919.0
2020-04-01 09:45:00,NSE:ORIENTABRA,11.5,11.7,11.5,11.7,1362.0
2020-04-01 10:30:00,NSE:ORIENTABRA,11.55,12.0,11.55,12.0,1692.0
2020-04-01 11:15:00,NSE:ORIENTABRA,11.8,12.1,11.5,11.5,4769.0
2020-04-01 12:00:00,NSE:ORIENTABRA,11.5,11.8,11.25,11.8,2419.0
2020-04-01 12:45:00,NSE:ORIENTABRA,11.45,11.45,11.45,11.45,1064.0
2020-04-01 13:30:00,NSE:ORIENTABRA,11.5,11.65,11.5,11.5,264.0
2020-04-01 14:15:00,NSE:ORIENTABRA,11.4,11.45,11.4,11.45,446.0
2020-04-01 15:00:00,NSE:ORIENTABRA,11.35,11.5,11.25,11.25,2899.0
2020-04-03 09:00:00,NSE:ORIENTABRA,11.0,11.0,10.25,10.85,1320.0
2020-04-03 09:45:00,NSE:ORIENTABRA,10.95,11.0,10.6,10.85,2158.0
2020-04-03 10:30:00,NSE:ORIENTABRA,10.8,10.8,10.35,10.5,4736.0
2020-04-03 11:15:00,NSE:ORIENTABRA,10.5,10.9,10.5,10.9,2033.0
2020-04-03 12:00:00,NSE:ORIENTABRA,11.0,11.0,10.9,10.9,1743.0
2020-04-03 12:45:00,NSE:ORIENTABRA,10.95,10.95,10.75,10.9,683.0
2020-04-03 13:30:00,NSE:ORIENTABRA,10.9,10.9,10.5,10.5,6340.0
2020-04-03 14:15:00,NSE:ORIENTABRA,10.5,10.65,10.45,10.65,3316.0
2020-04-03 15:00:00,NSE:ORIENTABRA,10.6,10.8,10.5,10.7,4020.0
2020-04-07 09:00:00,NSE:ORIENTABRA,10.7,10.85,10.7,10.8,1735.0
2020-04-07 09:45:00,NSE:ORIENTABRA,10.75,11.0,10.75,11.0,3943.0
2020-04-07 10:30:00,NSE:ORIENTABRA,11.0,11.0,11.0,11.0,1517.0
2020-04-07 11:15:00,NSE:ORIENTABRA,11.0,11.1,10.95,11.1,3020.0
2020-04-07 12:00:00,NSE:ORIENTABRA,11.1,11.25,10.85,11.25,4265.0
2020-04-07 12:45:00,NSE:ORIENTABRA,11.1,11.1,11.05,11.05,446.0
2020-04-07 13:30:00,NSE:ORIENTABRA,11.2,11.2,11.2,11.2,9.0
2020-04-07 14:15:00,NSE:ORIENTABRA,11.15,11.25,11.1,11.1,1258.0
2020-04-07 15:00:00,NSE:ORIENTABRA,11.25,11.3,11.1,11.3,914.0
2020-04-08 09:00:00,NSE:ORIENTABRA,11.0,11.15,10.4,11.05,3837.0
2020-04-08 09:45:00,NSE:ORIENTABRA,11.15,11.25,11.0,11.25,2922.0
2020-04-08 10:30:00,NSE:ORIENTABRA,11.25,11.6,11.2,11.6,5151.0
2020-04-08 11:15:00,NSE:ORIENTABRA,11.5,11.5,11.15,11.45,2647.0
2020-04-08 12:00:00,NSE:ORIENTABRA,11.3,11.3,11.2,11.2,798.0
2020-04-08 12:45:00,NSE:ORIENTABRA,11.2,11.25,11.1,11.25,993.0
2020-04-08 13:30:00,NSE:ORIENTABRA,11.25,11.25,11.25,11.25,106.0
2020-04-08 14:15:00,NSE:ORIENTABRA,11.25,11.45,11.2,11.45,2078.0
2020-04-08 15:00:00,NSE:ORIENTABRA,11.35,11.35,11.2,11.3,1036.0
2020-04-09 09:00:00,NSE:ORIENTABRA,11.35,11.5,11.25,11.5,2551.0
2020-04-09 09:45:00,NSE:ORIENTABRA,11.5,11.6,11.4,11.4,5501.0
2020-04-09 10:30:00,NSE:ORIENTABRA,11.4,11.5,11.2,11.45,3880.0
2020-04-09 11:15:00,NSE:ORIENTABRA,11.4,11.65,11.4,11.65,6586.0
2020-04-09 12:00:00,NSE:ORIENTABRA,11.55,11.65,11.55,11.6,2500.0
2020-04-09 12:45:00,NSE:ORIENTABRA,11.6,12.0,11.6,12.0,8479.0
2020-04-09 13:30:00,NSE:ORIENTABRA,11.9,11.9,11.9,11.9,603.0
2020-04-09 14:15:00,NSE:ORIENTABRA,11.7,11.9,11.7,11.9,680.0
2020-04-09 15:00:00,NSE:ORIENTABRA,11.9,11.9,11.65,11.65,1381.0
2020-04-13 09:00:00,NSE:ORIENTABRA,11.0,12.45,11.0,12.0,4725.0
2020-04-13 09:45:00,NSE:ORIENTABRA,11.95,12.25,11.8,12.25,6095.0
2020-04-13 10:30:00,NSE:ORIENTABRA,11.85,12.3,11.85,12.3,1997.0
2020-04-13 11:15:00,NSE:ORIENTABRA,12.3,12.3,12.0,12.0,304.0
2020-04-13 12:00:00,NSE:ORIENTABRA,12.25,12.25,12.25,12.25,20.0
2020-04-13 12:45:00,NSE:ORIENTABRA,12.25,12.25,12.05,12.05,603.0
2020-04-13 13:30:00,NSE:ORIENTABRA,12.25,12.4,12.1,12.25,1750.0
2020-04-13 14:15:00,NSE:ORIENTABRA,12.1,12.4,12.1,12.4,2562.0
2020-04-13 15:00:00,NSE:ORIENTABRA,12.25,12.5,12.2,12.2,1183.0
2020-04-15 09:00:00,NSE:ORIENTABRA,12.35,12.9,12.35,12.8,2850.0
2020-04-15 09:45:00,NSE:ORIENTABRA,12.85,13.1,12.8,13.1,3492.0
2020-04-15 10:30:00,NSE:ORIENTABRA,12.85,13.05,12.8,13.05,2985.0
2020-04-15 11:15:00,NSE:ORIENTABRA,12.85,13.05,12.85,13.0,1785.0
2020-04-15 12:00:00,NSE:ORIENTABRA,12.9,13.0,12.85,13.0,1139.0
2020-04-15 12:45:00,NSE:ORIENTABRA,13.0,13.05,12.8,12.8,3318.0
2020-04-15 13:30:00,NSE:ORIENTABRA,12.8,12.9,12.8,12.8,3301.0
2020-04-15 14:15:00,NSE:ORIENTABRA,12.8,12.8,12.05,12.5,4120.0
2020-04-15 15:00:00,NSE:ORIENTABRA,12.65,12.65,12.6,12.6,702.0
2020-04-16 09:00:00,NSE:ORIENTABRA,12.9,13.0,12.9,13.0,407.0
2020-04-16 09:45:00,NSE:ORIENTABRA,13.0,13.4,12.7,12.9,7954.0
2020-04-16 10:30:00,NSE:ORIENTABRA,13.0,13.4,13.0,13.25,2757.0
2020-04-16 11:15:00,NSE:ORIENTABRA,13.45,13.45,12.8,12.8,4865.0
2020-04-16 12:00:00,NSE:ORIENTABRA,13.0,13.25,12.95,13.05,1191.0
2020-04-16 12:45:00,NSE:ORIENTABRA,13.25,13.3,13.2,13.2,1333.0
2020-04-16 13:30:00,NSE:ORIENTABRA,13.2,13.3,13.2,13.3,192.0
2020-04-16 14:15:00,NSE:ORIENTABRA,13.1,13.25,13.1,13.2,527.0
2020-04-16 15:00:00,NSE:ORIENTABRA,13.25,13.45,13.25,13.4,4134.0
2020-04-17 09:00:00,NSE:ORIENTABRA,13.75,13.8,13.55,13.8,6927.0
2020-04-17 09:45:00,NSE:ORIENTABRA,13.85,13.85,13.45,13.45,7686.0
2020-04-17 10:30:00,NSE:ORIENTABRA,13.5,13.7,13.3,13.45,3489.0
2020-04-17 11:15:00,NSE:ORIENTABRA,13.55,13.55,13.55,13.55,392.0
2020-04-17 12:00:00,NSE:ORIENTABRA,13.5,13.55,13.4,13.5,999.0
2020-04-17 12:45:00,NSE:ORIENTABRA,13.6,13.6,13.5,13.55,813.0
2020-04-17 13:30:00,NSE:ORIENTABRA,13.75,13.75,13.75,13.75,1200.0
2020-04-17 14:15:00,NSE:ORIENTABRA,13.9,13.9,13.8,13.9,3289.0
2020-04-17 15:00:00,NSE:ORIENTABRA,13.9,14.25,13.7,14.0,15201.0
2020-04-20 09:00:00,NSE:ORIENTABRA,14.95,14.95,14.1,14.15,4621.0
2020-04-20 09:45:00,NSE:ORIENTABRA,14.15,15.0,14.15,14.7,11446.0
2020-04-20 10:30:00,NSE:ORIENTABRA,14.85,14.9,14.4,14.75,6480.0
2020-04-20 11:15:00,NSE:ORIENTABRA,14.6,14.65,14.4,14.4,5451.0
2020-04-20 12:00:00,NSE:ORIENTABRA,14.6,15.1,14.6,14.9,8538.0
2020-04-20 12:45:00,NSE:ORIENTABRA,15.1,15.1,14.7,15.0,8586.0
2020-04-20 13:30:00,NSE:ORIENTABRA,15.0,15.1,15.0,15.0,8783.0
2020-04-20 14:15:00,NSE:ORIENTABRA,15.0,15.05,14.8,14.85,5023.0
2020-04-20 15:00:00,NSE:ORIENTABRA,14.95,15.05,14.65,14.7,12423.0
2020-04-21 09:00:00,NSE:ORIENTABRA,14.1,14.9,14.0,14.45,6601.0
2020-04-21 09:45:00,NSE:ORIENTABRA,14.2,14.55,14.2,14.3,4095.0
2020-04-21 10:30:00,NSE:ORIENTABRA,14.4,14.4,14.15,14.2,2476.0
2020-04-21 11:15:00,NSE:ORIENTABRA,14.35,14.45,14.2,14.2,3504.0
2020-04-21 12:00:00,NSE:ORIENTABRA,14.3,14.3,14.05,14.05,3001.0
2020-04-21 12:45:00,NSE:ORIENTABRA,14.05,14.2,13.6,13.8,8402.0
2020-04-21 13:30:00,NSE:ORIENTABRA,13.75,13.75,13.75,13.75,5.0
2020-04-21 14:15:00,NSE:ORIENTABRA,13.75,13.85,13.75,13.85,1060.0
2020-04-21 15:00:00,NSE:ORIENTABRA,13.75,13.95,13.75,13.9,1980.0
2020-04-22 09:00:00,NSE:ORIENTABRA,13.35,13.7,13.1,13.6,6064.0
2020-04-22 09:45:00,NSE:ORIENTABRA,13.5,13.5,13.1,13.5,682.0
2020-04-22 10:30:00,NSE:ORIENTABRA,13.55,13.55,13.25,13.45,1885.0
2020-04-22 11:15:00,NSE:ORIENTABRA,13.3,13.45,13.25,13.35,2750.0
2020-04-22 12:00:00,NSE:ORIENTABRA,13.4,13.4,13.3,13.35,1442.0
2020-04-22 12:45:00,NSE:ORIENTABRA,13.4,13.75,13.4,13.65,1232.0
2020-04-22 13:30:00,NSE:ORIENTABRA,13.5,13.7,13.5,13.7,1608.0
2020-04-22 14:15:00,NSE:ORIENTABRA,13.3,13.5,13.3,13.5,1200.0
2020-04-22 15:00:00,NSE:ORIENTABRA,13.3,13.5,13.3,13.5,1849.0
2020-04-23 09:00:00,NSE:ORIENTABRA,15.55,15.55,13.9,14.15,1539.0
2020-04-23 09:45:00,NSE:ORIENTABRA,14.15,14.15,13.5,14.0,1418.0
2020-04-23 10:30:00,NSE:ORIENTABRA,14.0,14.0,13.6,13.6,1727.0
2020-04-23 11:15:00,NSE:ORIENTABRA,13.9,13.95,13.75,13.95,1335.0
2020-04-23 12:00:00,NSE:ORIENTABRA,13.85,13.95,13.75,13.95,964.0
2020-04-23 12:45:00,NSE:ORIENTABRA,13.95,14.05,13.75,14.0,2858.0
2020-04-23 13:30:00,NSE:ORIENTABRA,13.95,14.0,13.7,14.0,678.0
2020-04-23 14:15:00,NSE:ORIENTABRA,13.9,14.0,13.55,13.55,4906.0
2020-04-23 15:00:00,NSE:ORIENTABRA,13.95,13.95,13.75,13.9,2619.0
2020-04-24 09:00:00,NSE:ORIENTABRA,13.5,13.8,13.2,13.35,2128.0
2020-04-24 09:45:00,NSE:ORIENTABRA,13.4,13.6,13.4,13.6,1020.0
2020-04-24 10:30:00,NSE:ORIENTABRA,13.45,13.7,13.25,13.3,3128.0
2020-04-24 11:15:00,NSE:ORIENTABRA,13.55,13.7,13.4,13.4,591.0
2020-04-24 12:00:00,NSE:ORIENTABRA,13.4,13.65,13.4,13.4,35.0
2020-04-24 12:45:00,NSE:ORIENTABRA,13.45,13.7,13.4,13.65,885.0
2020-04-24 13:30:00,NSE:ORIENTABRA,13.65,13.7,13.65,13.7,1301.0
2020-04-24 14:15:00,NSE:ORIENTABRA,13.45,13.65,13.45,13.65,3182.0
2020-04-24 15:00:00,NSE:ORIENTABRA,13.6,13.65,13.5,13.65,1438.0
2020-04-27 09:00:00,NSE:ORIENTABRA,13.35,13.5,13.35,13.45,582.0
2020-04-27 09:45:00,NSE:ORIENTABRA,13.65,13.65,13.35,13.35,666.0
2020-04-27 10:30:00,NSE:ORIENTABRA,13.65,13.65,13.65,13.65,51.0
2020-04-27 11:15:00,NSE:ORIENTABRA,12.95,13.6,12.95,13.6,4704.0
2020-04-27 12:00:00,NSE:ORIENTABRA,13.5,13.5,13.5,13.5,200.0
2020-04-27 12:45:00,NSE:ORIENTABRA,13.5,13.5,13.5,13.5,301.0
2020-04-27 13:30:00,NSE:ORIENTABRA,13.5,13.5,13.1,13.15,1899.0
2020-04-27 14:15:00,NSE:ORIENTABRA,13.2,13.2,13.15,13.15,101.0
2020-04-27 15:00:00,NSE:ORIENTABRA,13.25,13.25,13.2,13.25,894.0
2020-04-28 09:00:00,NSE:ORIENTABRA,12.6,13.5,12.6,13.1,260.0
2020-04-28 09:45:00,NSE:ORIENTABRA,13.15,13.3,13.15,13.3,600.0
2020-04-28 10:30:00,NSE:ORIENTABRA,13.15,13.3,13.15,13.3,403.0
2020-04-28 11:15:00,NSE:ORIENTABRA,13.25,13.25,13.25,13.25,40.0
2020-04-28 12:00:00,NSE:ORIENTABRA,13.15,13.35,13.15,13.35,2373.0
2020-04-28 12:45:00,NSE:ORIENTABRA,13.1,13.35,13.1,13.35,263.0
2020-04-28 13:30:00,NSE:ORIENTABRA,13.1,13.1,13.1,13.1,400.0
2020-04-28 14:15:00,NSE:ORIENTABRA,13.3,13.35,13.3,13.35,115.0
2020-04-28 15:00:00,NSE:ORIENTABRA,13.05,13.45,13.0,13.45,1014.0
2020-04-29 09:00:00,NSE:ORIENTABRA,13.45,13.45,13.45,13.45,100.0
2020-04-29 09:45:00,NSE:ORIENTABRA,13.4,13.4,13.15,13.15,250.0
2020-04-29 10:30:00,NSE:ORIENTABRA,13.4,13.4,13.4,13.4,52.0
2020-04-29 11:15:00,NSE:ORIENTABRA,13.3,13.3,13.3,13.3,10.0
2020-04-29 12:00:00,NSE:ORIENTABRA,13.55,13.55,13.55,13.55,500.0
2020-04-29 12:45:00,NSE:ORIENTABRA,13.5,13.5,13.3,13.5,300.0
2020-04-29 13:30:00,NSE:ORIENTABRA,13.5,13.55,13.5,13.55,669.0
2020-04-29 14:15:00,NSE:ORIENTABRA,13.5,13.5,13.5,13.5,2619.0
2020-04-29 15:00:00,NSE:ORIENTABRA,13.6,13.6,12.95,13.1,11917.0
2020-04-30 09:00:00,NSE:ORIENTABRA,13.15,13.15,13.15,13.15,500.0
2020-04-30 09:45:00,NSE:ORIENTABRA,13.15,13.35,13.15,13.15,612.0
2020-04-30 10:30:00,NSE:ORIENTABRA,13.15,13.3,13.15,13.25,726.0
2020-04-30 11:15:00,NSE:ORIENTABRA,13.25,13.25,13.1,13.1,1097.0
2020-04-30 12:00:00,NSE:ORIENTABRA,13.15,13.4,13.15,13.4,2657.0
2020-04-30 12:45:00,NSE:ORIENTABRA,13.4,13.45,13.15,13.2,5414.0
2020-04-30 13:30:00,NSE:ORIENTABRA,13.5,13.5,13.5,13.5,301.0
2020-04-30 14:15:00,NSE:ORIENTABRA,13.5,13.5,13.25,13.35,2641.0
2020-04-30 15:00:00,NSE:ORIENTABRA,13.4,13.4,13.15,13.15,2089.0
2020-05-04 09:00:00,NSE:ORIENTABRA,13.25,13.25,12.55,13.25,1855.0
2020-05-04 09:45:00,NSE:ORIENTABRA,13.2,13.2,12.5,12.6,3381.0
2020-05-04 10:30:00,NSE:ORIENTABRA,12.8,12.85,12.5,12.85,1694.0
2020-05-04 11:15:00,NSE:ORIENTABRA,12.8,12.8,12.6,12.6,5.0
2020-05-04 12:45:00,NSE:ORIENTABRA,12.6,12.85,12.6,12.85,30.0
2020-05-04 13:30:00,NSE:ORIENTABRA,12.85,12.85,12.85,12.85,170.0
2020-05-04 14:15:00,NSE:ORIENTABRA,12.8,12.8,12.75,12.8,840.0
2020-05-04 15:00:00,NSE:ORIENTABRA,12.9,12.9,12.5,12.6,2979.0
2020-05-05 09:00:00,NSE:ORIENTABRA,12.8,12.8,12.8,12.8,50.0
2020-05-05 09:45:00,NSE:ORIENTABRA,12.8,12.8,12.7,12.7,1094.0
2020-05-05 10:30:00,NSE:ORIENTABRA,12.65,12.7,12.55,12.7,1299.0
2020-05-05 11:15:00,NSE:ORIENTABRA,12.7,12.7,12.55,12.55,236.0
2020-05-05 12:00:00,NSE:ORIENTABRA,12.6,12.6,12.35,12.35,1752.0
2020-05-05 12:45:00,NSE:ORIENTABRA,12.55,12.55,12.45,12.45,91.0
2020-05-05 13:30:00,NSE:ORIENTABRA,12.45,12.45,12.3,12.3,200.0
2020-05-05 14:15:00,NSE:ORIENTABRA,12.5,12.5,12.4,12.4,290.0
2020-05-05 15:00:00,NSE:ORIENTABRA,12.6,12.65,12.25,12.45,4927.0
2020-05-06 09:00:00,NSE:ORIENTABRA,12.4,12.45,12.4,12.45,3550.0
2020-05-06 09:45:00,NSE:ORIENTABRA,12.7,14.0,12.7,13.25,23153.0
2020-05-06 10:30:00,NSE:ORIENTABRA,13.1,13.1,12.95,13.1,1223.0
2020-05-06 11:15:00,NSE:ORIENTABRA,13.0,13.15,13.0,13.15,450.0
2020-05-06 12:00:00,NSE:ORIENTABRA,13.0,13.0,13.0,13.0,1000.0
2020-05-06 12:45:00,NSE:ORIENTABRA,12.9,12.9,12.85,12.85,125.0
2020-05-06 13:30:00,NSE:ORIENTABRA,13.0,13.0,12.85,13.0,1426.0
2020-05-06 14:15:00,NSE:ORIENTABRA,13.1,13.1,12.7,12.7,5669.0
2020-05-06 15:00:00,NSE:ORIENTABRA,12.6,13.1,12.6,13.1,2747.0
2020-05-06 15:45:00,NSE:ORIENTABRA,12.9,12.9,12.9,12.9,42.0
2020-05-07 09:00:00,NSE:ORIENTABRA,12.5,12.95,12.5,12.95,1051.0
2020-05-07 09:45:00,NSE:ORIENTABRA,12.85,13.0,12.7,12.75,951.0
2020-05-07 10:30:00,NSE:ORIENTABRA,12.65,13.05,12.65,13.0,3198.0
2020-05-07 11:15:00,NSE:ORIENTABRA,13.0,13.0,12.95,12.95,906.0
2020-05-07 12:00:00,NSE:ORIENTABRA,12.8,13.15,12.75,13.1,1382.0
2020-05-07 12:45:00,NSE:ORIENTABRA,13.1,13.1,13.1,13.1,36.0
2020-05-07 13:30:00,NSE:ORIENTABRA,12.85,13.05,12.85,13.05,351.0
2020-05-07 14:15:00,NSE:ORIENTABRA,13.0,13.0,12.65,12.65,877.0
2020-05-07 15:00:00,NSE:ORIENTABRA,12.85,12.85,12.75,12.75,518.0
2020-05-08 09:00:00,NSE:ORIENTABRA,12.65,12.9,12.65,12.85,3029.0
2020-05-08 09:45:00,NSE:ORIENTABRA,12.75,12.85,12.75,12.85,311.0
2020-05-08 10:30:00,NSE:ORIENTABRA,12.75,12.85,12.75,12.85,1595.0
2020-05-08 11:15:00,NSE:ORIENTABRA,12.85,13.15,12.8,13.15,1021.0
2020-05-08 12:00:00,NSE:ORIENTABRA,13.15,13.15,12.85,13.05,600.0
2020-05-08 12:45:00,NSE:ORIENTABRA,12.85,12.85,12.85,12.85,664.0
2020-05-08 13:30:00,NSE:ORIENTABRA,12.85,12.9,12.8,12.9,2949.0
2020-05-08 14:15:00,NSE:ORIENTABRA,12.8,12.95,12.8,12.8,807.0
2020-05-08 15:00:00,NSE:ORIENTABRA,12.8,13.2,12.8,12.8,1495.0
2020-05-11 09:00:00,NSE:ORIENTABRA,12.9,14.2,12.9,13.55,1283.0
2020-05-11 09:45:00,NSE:ORIENTABRA,14.0,14.2,13.6,13.65,6988.0
2020-05-11 10:30:00,NSE:ORIENTABRA,13.65,13.65,13.45,13.6,1841.0
2020-05-11 11:15:00,NSE:ORIENTABRA,13.45,13.65,13.4,13.4,1851.0
2020-05-11 12:00:00,NSE:ORIENTABRA,13.35,13.7,13.35,13.7,1144.0
2020-05-11 12:45:00,NSE:ORIENTABRA,13.4,13.65,13.4,13.65,450.0
2020-05-11 13:30:00,NSE:ORIENTABRA,13.5,13.6,13.5,13.5,1405.0
2020-05-11 14:15:00,NSE:ORIENTABRA,13.6,13.65,13.55,13.65,863.0
2020-05-11 15:00:00,NSE:ORIENTABRA,13.7,13.7,13.45,13.55,5164.0
2020-05-12 09:00:00,NSE:ORIENTABRA,13.05,13.6,13.0,13.05,658.0
2020-05-12 09:45:00,NSE:ORIENTABRA,13.05,13.05,12.75,13.0,1467.0
2020-05-12 10:30:00,NSE:ORIENTABRA,12.85,13.0,12.85,13.0,158.0
2020-05-12 11:15:00,NSE:ORIENTABRA,12.8,12.8,12.6,12.6,1063.0
2020-05-12 12:00:00,NSE:ORIENTABRA,12.7,12.95,12.7,12.9,3138.0
2020-05-12 12:45:00,NSE:ORIENTABRA,12.95,13.05,12.95,13.0,819.0
2020-05-12 13:30:00,NSE:ORIENTABRA,12.9,13.0,12.9,13.0,1180.0
2020-05-12 14:15:00,NSE:ORIENTABRA,13.0,13.0,12.95,13.0,1174.0
2020-05-12 15:00:00,NSE:ORIENTABRA,12.95,13.0,12.9,13.0,697.0
2020-05-13 09:00:00,NSE:ORIENTABRA,13.4,14.1,13.35,13.6,6516.0
2020-05-13 09:45:00,NSE:ORIENTABRA,13.6,13.6,13.25,13.4,1232.0
2020-05-13 10:30:00,NSE:ORIENTABRA,13.35,13.4,13.35,13.4,702.0
2020-05-13 12:00:00,NSE:ORIENTABRA,13.35,13.35,13.35,13.35,86.0
2020-05-13 12:45:00,NSE:ORIENTABRA,13.4,13.4,13.2,13.2,2258.0
2020-05-13 13:30:00,NSE:ORIENTABRA,13.2,13.2,12.8,13.0,5049.0
2020-05-13 14:15:00,NSE:ORIENTABRA,13.0,13.15,12.85,13.0,483.0
2020-05-13 15:00:00,NSE:ORIENTABRA,13.0,13.2,13.0,13.15,1151.0
2020-05-14 09:00:00,NSE:ORIENTABRA,13.05,13.1,12.6,12.9,3614.0
2020-05-14 09:45:00,NSE:ORIENTABRA,12.9,13.1,12.9,13.1,2154.0
2020-05-14 10:30:00,NSE:ORIENTABRA,13.05,13.05,12.95,12.95,525.0
2020-05-14 11:15:00,NSE:ORIENTABRA,12.95,12.95,12.95,12.95,1.0
2020-05-14 12:00:00,NSE:ORIENTABRA,13.0,13.1,13.0,13.1,247.0
2020-05-14 12:45:00,NSE:ORIENTABRA,13.1,13.4,13.05,13.1,802.0
2020-05-14 13:30:00,NSE:ORIENTABRA,13.35,13.35,13.35,13.35,100.0
2020-05-14 14:15:00,NSE:ORIENTABRA,13.15,13.2,13.1,13.2,190.0
2020-05-14 15:00:00,NSE:ORIENTABRA,13.25,13.5,13.25,13.5,3439.0
2020-05-15 09:00:00,NSE:ORIENTABRA,13.45,13.45,13.4,13.4,7.0
2020-05-15 09:45:00,NSE:ORIENTABRA,13.4,13.4,12.75,12.75,3220.0
2020-05-15 10:30:00,NSE:ORIENTABRA,12.75,12.8,12.75,12.8,221.0
2020-05-15 11:15:00,NSE:ORIENTABRA,12.8,12.95,12.75,12.95,550.0
2020-05-15 12:00:00,NSE:ORIENTABRA,12.9,12.9,12.75,12.75,4899.0
2020-05-15 12:45:00,NSE:ORIENTABRA,12.55,12.9,12.55,12.9,672.0
2020-05-15 13:30:00,NSE:ORIENTABRA,12.75,12.9,12.75,12.9,166.0
2020-05-15 14:15:00,NSE:ORIENTABRA,12.9,12.9,12.75,12.9,1729.0
2020-05-15 15:00:00,NSE:ORIENTABRA,12.8,12.8,12.2,12.45,12211.0
2020-05-18 09:00:00,NSE:ORIENTABRA,12.05,12.5,12.05,12.1,425.0
2020-05-18 09:45:00,NSE:ORIENTABRA,12.45,12.45,12.45,12.45,107.0
2020-05-18 10:30:00,NSE:ORIENTABRA,12.3,12.4,12.3,12.4,1642.0
2020-05-18 11:15:00,NSE:ORIENTABRA,12.3,12.45,12.2,12.25,2469.0
2020-05-18 12:00:00,NSE:ORIENTABRA,12.25,12.45,12.2,12.45,891.0
2020-05-18 12:45:00,NSE:ORIENTABRA,12.2,12.4,12.2,12.3,836.0
2020-05-18 13:30:00,NSE:ORIENTABRA,12.4,12.45,12.3,12.45,147.0
2020-05-18 14:15:00,NSE:ORIENTABRA,12.45,12.45,12.2,12.2,1425.0
2020-05-18 15:00:00,NSE:ORIENTABRA,12.15,12.45,12.15,12.2,1874.0
2020-05-19 09:00:00,NSE:ORIENTABRA,12.35,12.35,12.35,12.35,120.0
2020-05-19 09:45:00,NSE:ORIENTABRA,12.4,12.75,12.35,12.45,7009.0
2020-05-19 10:30:00,NSE:ORIENTABRA,12.4,12.5,12.25,12.5,1895.0
2020-05-19 11:15:00,NSE:ORIENTABRA,12.4,12.4,12.3,12.4,1639.0
2020-05-19 12:00:00,NSE:ORIENTABRA,12.35,12.5,12.35,12.5,463.0
2020-05-19 12:45:00,NSE:ORIENTABRA,12.5,12.5,12.5,12.5,225.0
2020-05-19 13:30:00,NSE:ORIENTABRA,12.4,12.45,12.4,12.45,224.0
2020-05-19 14:15:00,NSE:ORIENTABRA,12.35,12.35,12.2,12.2,3752.0
2020-05-19 15:00:00,NSE:ORIENTABRA,12.15,12.75,12.15,12.5,3664.0
2020-05-20 09:00:00,NSE:ORIENTABRA,12.25,12.5,12.25,12.5,314.0
2020-05-20 09:45:00,NSE:ORIENTABRA,12.45,12.75,12.45,12.7,2241.0
2020-05-20 10:30:00,NSE:ORIENTABRA,12.5,12.65,12.4,12.65,6526.0
2020-05-20 11:15:00,NSE:ORIENTABRA,12.55,12.55,12.45,12.5,1207.0
2020-05-20 12:00:00,NSE:ORIENTABRA,12.55,12.55,12.4,12.55,754.0
2020-05-20 12:45:00,NSE:ORIENTABRA,12.55,12.55,12.35,12.45,208.0
2020-05-20 13:30:00,NSE:ORIENTABRA,12.55,12.55,12.0,12.2,9738.0
2020-05-20 14:15:00,NSE:ORIENTABRA,12.2,12.4,12.2,12.3,3118.0
2020-05-20 15:00:00,NSE:ORIENTABRA,12.3,12.35,12.2,12.25,3238.0
2020-05-20 15:45:00,NSE:ORIENTABRA,12.3,12.3,12.3,12.3,772.0
2020-05-21 09:00:00,NSE:ORIENTABRA,12.4,12.6,12.25,12.5,1400.0
2020-05-21 09:45:00,NSE:ORIENTABRA,12.6,12.65,12.5,12.65,5674.0
2020-05-21 10:30:00,NSE:ORIENTABRA,12.7,13.7,12.7,13.15,24319.0
2020-05-21 11:15:00,NSE:ORIENTABRA,13.15,13.45,13.15,13.35,3652.0
2020-05-21 12:00:00,NSE:ORIENTABRA,13.3,13.35,13.0,13.25,1154.0
2020-05-21 12:45:00,NSE:ORIENTABRA,13.25,13.4,13.05,13.1,8487.0
2020-05-21 13:30:00,NSE:ORIENTABRA,13.25,13.5,13.1,13.45,18902.0
2020-05-21 14:15:00,NSE:ORIENTABRA,13.45,13.45,13.1,13.15,8054.0
2020-05-21 15:00:00,NSE:ORIENTABRA,13.25,13.25,12.85,12.9,6327.0
2020-05-22 09:00:00,NSE:ORIENTABRA,13.2,13.2,12.55,12.8,1681.0
2020-05-22 09:45:00,NSE:ORIENTABRA,13.1,13.1,12.75,12.75,1017.0
2020-05-22 10:30:00,NSE:ORIENTABRA,12.75,12.75,12.55,12.7,1331.0
2020-05-22 11:15:00,NSE:ORIENTABRA,12.4,12.7,12.4,12.7,1484.0
2020-05-22 12:00:00,NSE:ORIENTABRA,12.8,12.8,12.8,12.8,40.0
2020-05-22 12:45:00,NSE:ORIENTABRA,12.85,12.85,12.55,12.55,137.0
2020-05-22 13:30:00,NSE:ORIENTABRA,12.4,12.45,12.4,12.45,3001.0
2020-05-22 14:15:00,NSE:ORIENTABRA,12.7,12.7,12.7,12.7,100.0
2020-05-22 15:00:00,NSE:ORIENTABRA,12.5,12.75,12.5,12.5,428.0
2020-05-26 09:00:00,NSE:ORIENTABRA,13.7,13.7,12.2,13.05,844.0
2020-05-26 09:45:00,NSE:ORIENTABRA,12.9,12.9,12.25,12.25,2221.0
2020-05-26 10:30:00,NSE:ORIENTABRA,12.55,12.55,12.3,12.5,2250.0
2020-05-26 11:15:00,NSE:ORIENTABRA,12.35,12.4,12.05,12.4,5227.0
2020-05-26 12:00:00,NSE:ORIENTABRA,12.25,12.6,12.25,12.6,311.0
2020-05-26 12:45:00,NSE:ORIENTABRA,12.35,12.55,12.35,12.45,545.0
2020-05-26 13:30:00,NSE:ORIENTABRA,12.45,12.75,12.3,12.7,5181.0
2020-05-26 14:15:00,NSE:ORIENTABRA,12.5,12.7,12.5,12.5,1043.0
2020-05-26 15:00:00,NSE:ORIENTABRA,12.5,12.55,12.2,12.2,5587.0
2020-05-26 15:45:00,NSE:ORIENTABRA,12.35,12.35,12.35,12.35,180.0
2020-05-27 09:00:00,NSE:ORIENTABRA,12.35,12.45,12.35,12.45,1270.0
2020-05-27 09:45:00,NSE:ORIENTABRA,12.4,12.4,12.4,12.4,1.0
2020-05-27 10:30:00,NSE:ORIENTABRA,12.65,12.65,12.5,12.5,58.0
2020-05-27 11:15:00,NSE:ORIENTABRA,12.6,12.6,12.45,12.45,321.0
2020-05-27 12:00:00,NSE:ORIENTABRA,12.7,12.7,12.45,12.6,1816.0
2020-05-27 12:45:00,NSE:ORIENTABRA,12.6,12.6,12.5,12.5,289.0
2020-05-27 13:30:00,NSE:ORIENTABRA,12.5,12.65,12.4,12.65,1213.0
2020-05-27 14:15:00,NSE:ORIENTABRA,12.6,12.7,12.45,12.5,1541.0
2020-05-27 15:00:00,NSE:ORIENTABRA,12.5,12.5,12.3,12.35,2740.0
2020-05-28 09:00:00,NSE:ORIENTABRA,12.4,12.4,12.35,12.35,225.0
2020-05-28 09:45:00,NSE:ORIENTABRA,12.65,12.65,12.45,12.55,300.0
2020-05-28 10:30:00,NSE:ORIENTABRA,12.5,12.7,12.5,12.5,2804.0
2020-05-28 11:15:00,NSE:ORIENTABRA,12.5,12.65,12.5,12.65,208.0
2020-05-28 12:00:00,NSE:ORIENTABRA,12.7,12.7,12.55,12.55,159.0
2020-05-28 12:45:00,NSE:ORIENTABRA,12.6,12.6,12.5,12.55,7351.0
2020-05-28 13:30:00,NSE:ORIENTABRA,12.55,12.85,12.55,12.65,2850.0
2020-05-28 14:15:00,NSE:ORIENTABRA,12.7,12.7,12.5,12.5,2115.0
2020-05-28 15:00:00,NSE:ORIENTABRA,12.6,12.6,12.5,12.5,1222.0
2020-05-29 09:00:00,NSE:ORIENTABRA,12.8,12.85,12.55,12.55,346.0
2020-05-29 09:45:00,NSE:ORIENTABRA,12.6,12.85,12.5,12.65,3978.0
2020-05-29 10:30:00,NSE:ORIENTABRA,12.75,12.9,12.5,12.75,3709.0
2020-05-29 11:15:00,NSE:ORIENTABRA,12.6,12.8,12.6,12.75,1158.0
2020-05-29 12:00:00,NSE:ORIENTABRA,12.85,13.0,12.7,12.7,2043.0
2020-05-29 12:45:00,NSE:ORIENTABRA,12.85,12.85,12.7,12.7,128.0
2020-05-29 13:30:00,NSE:ORIENTABRA,12.85,12.85,12.8,12.85,172.0
2020-05-29 14:15:00,NSE:ORIENTABRA,12.8,12.8,12.5,12.55,6482.0
2020-05-29 15:00:00,NSE:ORIENTABRA,12.55,12.8,12.5,12.6,5080.0
2020-06-01 09:00:00,NSE:ORIENTABRA,13.6,13.6,12.6,13.15,3016.0
2020-06-01 09:45:00,NSE:ORIENTABRA,13.15,13.15,12.8,13.05,15501.0
2020-06-01 10:30:00,NSE:ORIENTABRA,12.85,12.95,12.8,12.8,6130.0
2020-06-01 11:15:00,NSE:ORIENTABRA,12.8,12.95,12.75,12.85,6095.0
2020-06-01 12:00:00,NSE:ORIENTABRA,12.75,13.1,12.75,13.0,4298.0
2020-06-01 12:45:00,NSE:ORIENTABRA,12.85,13.1,12.8,12.8,3289.0
2020-06-01 13:30:00,NSE:ORIENTABRA,13.05,13.05,12.8,13.0,3820.0
2020-06-01 14:15:00,NSE:ORIENTABRA,12.8,12.95,12.8,12.95,1611.0
2020-06-01 15:00:00,NSE:ORIENTABRA,12.95,13.0,12.85,12.95,7386.0
2020-06-01 15:45:00,NSE:ORIENTABRA,12.95,12.95,12.95,12.95,500.0
2020-06-02 09:00:00,NSE:ORIENTABRA,12.75,13.05,12.75,13.05,164.0
2020-06-02 09:45:00,NSE:ORIENTABRA,13.05,13.9,13.05,13.4,14498.0
2020-06-02 10:30:00,NSE:ORIENTABRA,13.4,13.5,13.2,13.2,9906.0
2020-06-02 11:15:00,NSE:ORIENTABRA,13.2,13.35,13.0,13.0,8451.0
2020-06-02 12:00:00,NSE:ORIENTABRA,13.0,13.3,13.0,13.25,9180.0
2020-06-02 12:45:00,NSE:ORIENTABRA,13.25,13.25,13.15,13.15,385.0
2020-06-02 13:30:00,NSE:ORIENTABRA,13.25,13.35,13.1,13.3,2695.0
2020-06-02 14:15:00,NSE:ORIENTABRA,13.35,13.7,13.3,13.65,11712.0
2020-06-02 15:00:00,NSE:ORIENTABRA,13.55,13.85,13.4,13.85,14005.0
2020-06-02 15:45:00,NSE:ORIENTABRA,13.6,13.6,13.6,13.6,1000.0
2020-06-03 09:00:00,NSE:ORIENTABRA,13.9,14.5,13.8,13.9,8951.0
2020-06-03 09:45:00,NSE:ORIENTABRA,13.9,14.0,13.8,13.8,15020.0
2020-06-03 10:30:00,NSE:ORIENTABRA,13.85,13.9,13.65,13.9,3280.0
2020-06-03 11:15:00,NSE:ORIENTABRA,13.7,13.8,13.7,13.8,426.0
2020-06-03 12:00:00,NSE:ORIENTABRA,13.8,14.2,13.7,13.7,7625.0
2020-06-03 12:45:00,NSE:ORIENTABRA,14.05,14.2,14.0,14.2,9350.0
2020-06-03 13:30:00,NSE:ORIENTABRA,14.2,14.2,14.0,14.2,2496.0
2020-06-03 14:15:00,NSE:ORIENTABRA,14.2,14.2,14.05,14.05,1405.0
2020-06-03 15:00:00,NSE:ORIENTABRA,14.0,14.0,13.8,13.95,5693.0
2020-06-04 09:00:00,NSE:ORIENTABRA,14.0,14.0,13.4,13.9,1155.0
2020-06-04 09:45:00,NSE:ORIENTABRA,13.5,13.95,13.5,13.75,1403.0
2020-06-04 10:30:00,NSE:ORIENTABRA,13.8,14.0,13.8,13.8,3598.0
2020-06-04 11:15:00,NSE:ORIENTABRA,13.8,14.0,13.8,13.95,1016.0
2020-06-04 12:00:00,NSE:ORIENTABRA,13.9,13.9,13.8,13.8,1466.0
2020-06-04 12:45:00,NSE:ORIENTABRA,13.9,13.9,13.85,13.9,204.0
2020-06-04 13:30:00,NSE:ORIENTABRA,13.9,13.95,13.7,13.75,2651.0
2020-06-04 14:15:00,NSE:ORIENTABRA,13.85,13.95,13.85,13.9,832.0
2020-06-04 15:00:00,NSE:ORIENTABRA,13.9,14.2,13.9,14.0,6509.0
2020-06-05 09:00:00,NSE:ORIENTABRA,13.85,14.55,13.85,14.45,760.0
2020-06-05 09:45:00,NSE:ORIENTABRA,14.4,14.4,14.05,14.4,3096.0
2020-06-05 10:30:00,NSE:ORIENTABRA,14.2,14.45,14.0,14.35,7929.0
2020-06-05 11:15:00,NSE:ORIENTABRA,14.1,14.35,14.0,14.25,2553.0
2020-06-05 12:00:00,NSE:ORIENTABRA,14.45,14.45,14.25,14.35,3850.0
2020-06-05 12:45:00,NSE:ORIENTABRA,14.45,14.45,14.25,14.25,3015.0
2020-06-05 13:30:00,NSE:ORIENTABRA,14.3,16.4,14.3,16.15,130282.0
2020-06-05 14:15:00,NSE:ORIENTABRA,16.2,16.5,15.9,16.3,68541.0
2020-06-05 15:00:00,NSE:ORIENTABRA,16.35,16.4,15.9,16.1,36728.0
2020-06-08 09:00:00,NSE:ORIENTABRA,18.1,18.45,16.1,16.35,39824.0
2020-06-08 09:45:00,NSE:ORIENTABRA,16.65,17.2,16.4,16.9,21170.0
2020-06-08 10:30:00,NSE:ORIENTABRA,16.9,17.2,16.7,17.15,12833.0
2020-06-08 11:15:00,NSE:ORIENTABRA,17.05,17.15,16.9,17.05,4339.0
2020-06-08 12:00:00,NSE:ORIENTABRA,17.0,17.0,16.45,16.5,8611.0
2020-06-08 12:45:00,NSE:ORIENTABRA,16.5,16.5,16.2,16.35,15677.0
2020-06-08 13:30:00,NSE:ORIENTABRA,16.5,16.6,16.3,16.6,1858.0
2020-06-08 14:15:00,NSE:ORIENTABRA,16.6,16.8,16.3,16.75,6521.0
2020-06-08 15:00:00,NSE:ORIENTABRA,16.8,16.8,16.45,16.45,6949.0
2020-06-09 09:00:00,NSE:ORIENTABRA,16.7,17.65,15.95,15.95,15926.0
2020-06-09 09:45:00,NSE:ORIENTABRA,15.95,16.5,15.55,16.15,12038.0
2020-06-09 10:30:00,NSE:ORIENTABRA,16.0,16.0,15.75,15.95,3521.0
2020-06-09 11:15:00,NSE:ORIENTABRA,16.0,16.05,15.75,16.05,6372.0
2020-06-09 12:00:00,NSE:ORIENTABRA,13.7,15.75,13.7,15.75,111388.0
2020-06-09 12:45:00,NSE:ORIENTABRA,15.55,15.75,15.35,15.4,7823.0
2020-06-09 13:30:00,NSE:ORIENTABRA,15.4,15.45,15.0,15.45,11564.0
2020-06-09 14:15:00,NSE:ORIENTABRA,15.4,15.45,15.05,15.25,7148.0
2020-06-09 15:00:00,NSE:ORIENTABRA,15.25,15.3,15.0,15.0,9297.0
2020-06-10 09:00:00,NSE:ORIENTABRA,15.8,16.0,14.6,14.8,11533.0
2020-06-10 09:45:00,NSE:ORIENTABRA,15.0,15.3,14.75,14.75,6421.0
2020-06-10 10:30:00,NSE:ORIENTABRA,15.0,15.05,14.9,15.0,5061.0
2020-06-10 11:15:00,NSE:ORIENTABRA,14.95,15.45,14.95,15.35,3925.0
2020-06-10 12:00:00,NSE:ORIENTABRA,15.35,15.5,15.0,15.45,6759.0
2020-06-10 12:45:00,NSE:ORIENTABRA,15.2,15.7,15.2,15.25,3768.0
2020-06-10 13:30:00,NSE:ORIENTABRA,15.6,15.6,15.35,15.5,4700.0
2020-06-10 14:15:00,NSE:ORIENTABRA,15.35,15.35,15.05,15.35,7088.0
2020-06-10 15:00:00,NSE:ORIENTABRA,15.5,15.5,15.25,15.5,4871.0
2020-06-11 09:00:00,NSE:ORIENTABRA,15.45,15.5,15.1,15.3,5815.0
2020-06-11 09:45:00,NSE:ORIENTABRA,15.5,15.65,15.3,15.3,4225.0
2020-06-11 10:30:00,NSE:ORIENTABRA,15.3,15.5,15.3,15.45,1461.0
2020-06-11 11:15:00,NSE:ORIENTABRA,15.45,15.45,15.35,15.45,758.0
2020-06-11 12:00:00,NSE:ORIENTABRA,15.45,15.45,15.1,15.4,3818.0
2020-06-11 12:45:00,NSE:ORIENTABRA,15.35,15.35,15.1,15.1,425.0
2020-06-11 13:30:00,NSE:ORIENTABRA,15.15,15.4,15.05,15.1,2346.0
2020-06-11 14:15:00,NSE:ORIENTABRA,15.35,15.35,15.0,15.2,3838.0
2020-06-11 15:00:00,NSE:ORIENTABRA,15.0,15.2,14.75,15.1,8110.0
2020-06-12 09:00:00,NSE:ORIENTABRA,14.8,14.85,13.5,14.8,7550.0
2020-06-12 09:45:00,NSE:ORIENTABRA,14.45,14.9,14.25,14.25,3481.0
2020-06-12 10:30:00,NSE:ORIENTABRA,14.5,14.5,13.75,13.9,21122.0
2020-06-12 11:15:00,NSE:ORIENTABRA,14.0,14.25,13.9,14.2,14128.0
2020-06-12 12:00:00,NSE:ORIENTABRA,14.2,14.2,14.1,14.1,1213.0
2020-06-12 12:45:00,NSE:ORIENTABRA,14.2,14.3,14.2,14.3,2550.0
2020-06-12 13:30:00,NSE:ORIENTABRA,14.35,14.45,14.25,14.4,1805.0
2020-06-12 14:15:00,NSE:ORIENTABRA,14.35,14.55,14.2,14.55,5173.0
2020-06-12 15:00:00,NSE:ORIENTABRA,14.5,14.75,14.3,14.65,2963.0
2020-06-15 09:00:00,NSE:ORIENTABRA,14.05,14.85,14.05,14.45,4078.0
2020-06-15 09:45:00,NSE:ORIENTABRA,14.45,14.5,14.15,14.3,3547.0
2020-06-15 10:30:00,NSE:ORIENTABRA,14.5,14.9,14.5,14.9,3023.0
2020-06-15 11:15:00,NSE:ORIENTABRA,14.35,14.7,14.35,14.7,4750.0
2020-06-15 12:00:00,NSE:ORIENTABRA,14.7,14.9,14.7,14.9,8321.0
2020-06-15 12:45:00,NSE:ORIENTABRA,14.75,14.75,14.6,14.6,3870.0
2020-06-15 13:30:00,NSE:ORIENTABRA,14.55,14.7,14.55,14.6,2161.0
2020-06-15 14:15:00,NSE:ORIENTABRA,14.7,14.9,14.7,14.9,5084.0
2020-06-15 15:00:00,NSE:ORIENTABRA,14.85,14.9,14.7,14.8,3712.0
2020-06-15 15:45:00,NSE:ORIENTABRA,14.8,14.8,14.8,14.8,80.0
2020-06-16 09:00:00,NSE:ORIENTABRA,14.95,15.8,14.4,14.9,10135.0
2020-06-16 09:45:00,NSE:ORIENTABRA,15.0,15.0,14.75,14.75,836.0
2020-06-16 10:30:00,NSE:ORIENTABRA,14.9,14.95,14.9,14.9,2027.0
2020-06-16 11:15:00,NSE:ORIENTABRA,14.75,15.0,14.55,15.0,3120.0
2020-06-16 12:00:00,NSE:ORIENTABRA,14.9,14.95,14.5,14.55,2692.0
2020-06-16 12:45:00,NSE:ORIENTABRA,14.95,14.95,14.55,14.55,1020.0
2020-06-16 13:30:00,NSE:ORIENTABRA,14.7,14.7,14.5,14.5,1982.0
2020-06-16 14:15:00,NSE:ORIENTABRA,14.55,14.7,14.5,14.5,1220.0
2020-06-16 15:00:00,NSE:ORIENTABRA,14.55,14.7,14.5,14.5,1700.0
2020-06-17 09:00:00,NSE:ORIENTABRA,15.75,15.75,14.8,15.0,10197.0
2020-06-17 09:45:00,NSE:ORIENTABRA,15.05,15.05,14.25,14.9,5940.0
2020-06-17 10:30:00,NSE:ORIENTABRA,14.85,14.85,14.5,14.5,1791.0
2020-06-17 11:15:00,NSE:ORIENTABRA,14.75,14.8,14.5,14.8,691.0
2020-06-17 12:00:00,NSE:ORIENTABRA,14.8,14.9,14.7,14.7,1133.0
2020-06-17 12:45:00,NSE:ORIENTABRA,14.85,15.35,14.75,15.3,10115.0
2020-06-17 13:30:00,NSE:ORIENTABRA,15.0,15.3,14.9,15.0,2078.0
2020-06-17 14:15:00,NSE:ORIENTABRA,14.85,15.05,14.85,14.9,569.0
2020-06-17 15:00:00,NSE:ORIENTABRA,15.05,15.2,14.85,15.2,7985.0
2020-06-18 09:00:00,NSE:ORIENTABRA,14.6,15.5,14.5,15.4,9559.0
2020-06-18 09:45:00,NSE:ORIENTABRA,14.6,15.15,14.6,15.1,9748.0
2020-06-18 10:30:00,NSE:ORIENTABRA,15.2,15.5,15.2,15.45,10255.0
2020-06-18 11:15:00,NSE:ORIENTABRA,15.4,15.5,15.15,15.4,7545.0
2020-06-18 12:00:00,NSE:ORIENTABRA,15.45,15.5,15.3,15.5,2883.0
2020-06-18 12:45:00,NSE:ORIENTABRA,15.4,16.2,15.3,16.1,18423.0
2020-06-18 13:30:00,NSE:ORIENTABRA,16.1,16.1,15.6,15.95,6229.0
2020-06-18 14:15:00,NSE:ORIENTABRA,15.6,16.2,15.6,15.85,12496.0
2020-06-18 15:00:00,NSE:ORIENTABRA,15.85,15.95,15.45,15.7,8001.0
2020-06-19 09:00:00,NSE:ORIENTABRA,16.2,16.25,15.55,15.85,1641.0
2020-06-19 09:45:00,NSE:ORIENTABRA,15.8,15.85,15.7,15.8,4427.0
2020-06-19 10:30:00,NSE:ORIENTABRA,16.0,16.0,15.8,16.0,2208.0
2020-06-19 11:15:00,NSE:ORIENTABRA,16.0,16.0,15.8,15.95,2439.0
2020-06-19 12:00:00,NSE:ORIENTABRA,15.85,15.85,13.7,15.0,69540.0
2020-06-19 12:45:00,NSE:ORIENTABRA,15.0,15.05,14.7,14.75,19883.0
2020-06-19 13:30:00,NSE:ORIENTABRA,14.9,15.2,14.75,14.85,9400.0
2020-06-19 14:15:00,NSE:ORIENTABRA,14.8,15.05,14.8,14.95,6022.0
2020-06-19 15:00:00,NSE:ORIENTABRA,15.0,15.15,14.8,14.95,9765.0
2020-06-22 09:00:00,NSE:ORIENTABRA,15.05,15.85,15.05,15.75,5128.0
2020-06-22 09:45:00,NSE:ORIENTABRA,15.7,16.45,15.7,16.35,51025.0
2020-06-22 10:30:00,NSE:ORIENTABRA,16.25,16.35,15.75,16.15,34378.0
2020-06-22 11:15:00,NSE:ORIENTABRA,16.1,16.1,15.9,15.95,5688.0
2020-06-22 12:00:00,NSE:ORIENTABRA,16.1,16.1,15.0,15.8,32642.0
2020-06-22 12:45:00,NSE:ORIENTABRA,15.6,15.9,15.25,15.85,20010.0
2020-06-22 13:30:00,NSE:ORIENTABRA,15.95,16.1,15.8,16.1,12981.0
2020-06-22 14:15:00,NSE:ORIENTABRA,16.0,16.3,16.0,16.1,17847.0
2020-06-22 15:00:00,NSE:ORIENTABRA,16.1,16.25,16.0,16.25,33100.0
2020-06-22 15:45:00,NSE:ORIENTABRA,16.2,16.2,16.2,16.2,50.0
2020-06-23 09:00:00,NSE:ORIENTABRA,16.45,16.45,15.9,16.3,5643.0
2020-06-23 09:45:00,NSE:ORIENTABRA,16.15,16.75,15.9,16.6,25707.0
2020-06-23 10:30:00,NSE:ORIENTABRA,16.6,16.8,16.55,16.55,8160.0
2020-06-23 11:15:00,NSE:ORIENTABRA,16.55,17.4,16.35,17.25,27214.0
2020-06-23 12:00:00,NSE:ORIENTABRA,17.15,17.25,16.85,17.05,13700.0
2020-06-23 12:45:00,NSE:ORIENTABRA,17.15,17.15,16.85,16.85,3973.0
2020-06-23 13:30:00,NSE:ORIENTABRA,17.0,17.0,16.85,16.85,6091.0
2020-06-23 14:15:00,NSE:ORIENTABRA,16.85,17.0,16.85,16.9,3222.0
2020-06-23 15:00:00,NSE:ORIENTABRA,16.95,17.0,16.9,17.0,9985.0
2020-06-24 09:00:00,NSE:ORIENTABRA,16.4,17.5,16.4,17.45,2254.0
2020-06-24 09:45:00,NSE:ORIENTABRA,17.4,17.5,17.15,17.3,15364.0
2020-06-24 10:30:00,NSE:ORIENTABRA,17.15,17.75,17.0,17.25,27407.0
2020-06-24 11:15:00,NSE:ORIENTABRA,17.15,17.15,16.85,16.9,5630.0
2020-06-24 12:00:00,NSE:ORIENTABRA,16.9,17.0,16.8,16.95,9032.0
2020-06-24 12:45:00,NSE:ORIENTABRA,17.0,17.0,16.75,16.9,5130.0
2020-06-24 13:30:00,NSE:ORIENTABRA,16.9,16.9,16.4,16.8,3762.0
2020-06-24 14:15:00,NSE:ORIENTABRA,16.5,16.75,16.1,16.6,4996.0
2020-06-24 15:00:00,NSE:ORIENTABRA,16.3,16.6,16.25,16.55,5003.0
2020-06-25 09:00:00,NSE:ORIENTABRA,16.4,16.9,16.2,16.65,3369.0
2020-06-25 09:45:00,NSE:ORIENTABRA,16.7,17.1,16.3,16.4,9844.0
2020-06-25 10:30:00,NSE:ORIENTABRA,16.55,16.9,16.5,16.55,2969.0
2020-06-25 11:15:00,NSE:ORIENTABRA,16.55,16.6,16.45,16.45,2248.0
2020-06-25 12:00:00,NSE:ORIENTABRA,16.6,16.6,16.3,16.6,4782.0
2020-06-25 12:45:00,NSE:ORIENTABRA,16.55,16.6,16.1,16.1,4075.0
2020-06-25 13:30:00,NSE:ORIENTABRA,16.5,16.55,16.3,16.55,4077.0
2020-06-25 14:15:00,NSE:ORIENTABRA,16.55,16.65,16.5,16.5,453.0
2020-06-25 15:00:00,NSE:ORIENTABRA,16.45,16.75,16.4,16.55,8798.0
2020-06-26 09:00:00,NSE:ORIENTABRA,16.1,16.5,16.1,16.5,350.0
2020-06-26 09:45:00,NSE:ORIENTABRA,16.8,18.0,16.8,17.9,33006.0
2020-06-26 10:30:00,NSE:ORIENTABRA,17.9,17.9,17.15,17.5,8825.0
2020-06-26 11:15:00,NSE:ORIENTABRA,17.3,17.35,17.0,17.2,7440.0
2020-06-26 12:00:00,NSE:ORIENTABRA,17.15,17.2,16.85,17.2,4011.0
2020-06-26 12:45:00,NSE:ORIENTABRA,17.0,17.1,16.95,16.95,1971.0
2020-06-26 13:30:00,NSE:ORIENTABRA,17.1,17.15,16.95,17.0,1875.0
2020-06-26 14:15:00,NSE:ORIENTABRA,17.0,17.1,17.0,17.1,1805.0
2020-06-26 15:00:00,NSE:ORIENTABRA,17.15,17.15,17.0,17.15,4760.0
2020-06-29 09:00:00,NSE:ORIENTABRA,17.05,17.9,16.95,17.05,4460.0
2020-06-29 09:45:00,NSE:ORIENTABRA,17.05,17.3,17.0,17.3,5897.0
2020-06-29 10:30:00,NSE:ORIENTABRA,17.3,17.5,17.25,17.45,14658.0
2020-06-29 11:15:00,NSE:ORIENTABRA,17.4,17.65,17.0,17.3,13660.0
2020-06-29 12:00:00,NSE:ORIENTABRA,17.25,17.25,17.0,17.15,3093.0
2020-06-29 12:45:00,NSE:ORIENTABRA,17.15,17.15,17.0,17.0,577.0
2020-06-29 13:30:00,NSE:ORIENTABRA,17.0,17.0,16.8,16.8,2479.0
2020-06-29 14:15:00,NSE:ORIENTABRA,17.0,17.05,16.8,16.95,3907.0
2020-06-29 15:00:00,NSE:ORIENTABRA,16.95,16.95,16.75,16.85,3403.0
2020-06-30 09:00:00,NSE:ORIENTABRA,17.9,17.9,17.1,17.4,3934.0
2020-06-30 09:45:00,NSE:ORIENTABRA,17.4,17.65,17.4,17.6,10196.0
2020-06-30 10:30:00,NSE:ORIENTABRA,17.5,17.55,17.15,17.2,12173.0
2020-06-30 11:15:00,NSE:ORIENTABRA,17.4,17.5,17.25,17.3,2520.0
2020-06-30 12:00:00,NSE:ORIENTABRA,17.3,17.5,17.3,17.5,4597.0
2020-06-30 12:45:00,NSE:ORIENTABRA,17.5,17.55,17.3,17.4,8261.0
2020-06-30 13:30:00,NSE:ORIENTABRA,17.4,17.4,16.9,16.9,10334.0
2020-06-30 14:15:00,NSE:ORIENTABRA,16.9,16.95,16.3,16.7,14202.0
2020-06-30 15:00:00,NSE:ORIENTABRA,16.85,17.1,16.7,16.7,4079.0
2020-07-01 09:00:00,NSE:ORIENTABRA,16.95,16.95,16.6,16.75,2953.0
2020-07-01 09:45:00,NSE:ORIENTABRA,16.75,17.3,16.75,17.3,7717.0
2020-07-01 10:30:00,NSE:ORIENTABRA,17.2,17.35,17.0,17.0,2591.0
2020-07-01 11:15:00,NSE:ORIENTABRA,17.05,17.5,16.85,17.4,5942.0
2020-07-01 12:00:00,NSE:ORIENTABRA,17.5,17.55,17.2,17.45,8815.0
2020-07-01 12:45:00,NSE:ORIENTABRA,17.25,17.4,17.2,17.3,2593.0
2020-07-01 13:30:00,NSE:ORIENTABRA,17.35,17.35,17.25,17.35,508.0
2020-07-01 14:15:00,NSE:ORIENTABRA,17.35,17.35,17.0,17.25,4251.0
2020-07-01 15:00:00,NSE:ORIENTABRA,17.25,17.35,17.15,17.35,3072.0
2020-07-02 09:00:00,NSE:ORIENTABRA,17.0,17.45,17.0,17.25,3297.0
2020-07-02 09:45:00,NSE:ORIENTABRA,17.4,18.25,17.4,17.65,18687.0
2020-07-02 10:30:00,NSE:ORIENTABRA,17.7,17.9,17.65,17.8,2075.0
2020-07-02 11:15:00,NSE:ORIENTABRA,17.75,17.75,17.5,17.5,3275.0
2020-07-02 12:00:00,NSE:ORIENTABRA,17.7,17.8,17.5,17.5,1824.0
2020-07-02 12:45:00,NSE:ORIENTABRA,17.85,20.4,17.55,19.7,215802.0
2020-07-02 13:30:00,NSE:ORIENTABRA,19.7,20.4,19.6,19.9,159145.0
2020-07-02 14:15:00,NSE:ORIENTABRA,19.75,19.85,19.5,19.8,54862.0
2020-07-02 15:00:00,NSE:ORIENTABRA,19.7,19.8,19.4,19.65,37356.0
2020-07-03 09:00:00,NSE:ORIENTABRA,20.1,20.4,19.4,19.55,55489.0
2020-07-03 09:45:00,NSE:ORIENTABRA,19.55,19.8,19.0,19.05,26495.0
2020-07-03 10:30:00,NSE:ORIENTABRA,19.25,19.25,18.5,18.75,25669.0
2020-07-03 11:15:00,NSE:ORIENTABRA,18.7,18.8,18.5,18.75,12866.0
2020-07-03 12:00:00,NSE:ORIENTABRA,18.5,19.4,18.1,19.0,22060.0
2020-07-03 12:45:00,NSE:ORIENTABRA,19.0,19.25,19.0,19.0,6718.0
2020-07-03 13:30:00,NSE:ORIENTABRA,19.0,19.0,18.2,18.5,13776.0
2020-07-03 14:15:00,NSE:ORIENTABRA,18.3,19.3,18.3,19.05,16533.0
2020-07-03 15:00:00,NSE:ORIENTABRA,19.05,19.2,19.0,19.0,7438.0
2020-07-06 09:00:00,NSE:ORIENTABRA,19.05,20.0,18.25,18.6,24954.0
2020-07-06 09:45:00,NSE:ORIENTABRA,18.6,18.85,18.4,18.85,9552.0
2020-07-06 10:30:00,NSE:ORIENTABRA,18.85,19.4,18.7,19.2,7667.0
2020-07-06 11:15:00,NSE:ORIENTABRA,19.2,19.5,19.05,19.15,5790.0
2020-07-06 12:00:00,NSE:ORIENTABRA,18.3,19.1,18.3,18.9,15651.0
2020-07-06 12:45:00,NSE:ORIENTABRA,18.75,19.0,18.7,18.9,1682.0
2020-07-06 13:30:00,NSE:ORIENTABRA,18.95,19.0,18.85,19.0,9338.0
2020-07-06 14:15:00,NSE:ORIENTABRA,18.95,19.0,18.65,18.8,5726.0
2020-07-06 15:00:00,NSE:ORIENTABRA,18.7,19.0,18.7,18.95,9282.0
2020-07-06 15:45:00,NSE:ORIENTABRA,18.85,18.85,18.85,18.85,1.0
2020-07-07 09:00:00,NSE:ORIENTABRA,18.85,18.85,18.15,18.35,10549.0
2020-07-07 09:45:00,NSE:ORIENTABRA,18.6,18.7,18.45,18.65,1906.0
2020-07-07 10:30:00,NSE:ORIENTABRA,18.5,18.8,18.45,18.45,4954.0
2020-07-07 11:15:00,NSE:ORIENTABRA,18.45,18.5,18.25,18.4,3731.0
2020-07-07 12:00:00,NSE:ORIENTABRA,18.3,18.45,18.3,18.45,4711.0
2020-07-07 12:45:00,NSE:ORIENTABRA,18.45,18.45,18.3,18.45,3513.0
2020-07-07 13:30:00,NSE:ORIENTABRA,18.45,18.45,18.4,18.4,3242.0
2020-07-07 14:15:00,NSE:ORIENTABRA,18.45,18.45,18.4,18.45,4871.0
2020-07-07 15:00:00,NSE:ORIENTABRA,18.45,18.45,18.3,18.4,7751.0
2020-07-08 09:00:00,NSE:ORIENTABRA,18.4,18.7,18.25,18.7,1788.0
2020-07-08 09:45:00,NSE:ORIENTABRA,18.7,18.95,18.4,18.7,3900.0
2020-07-08 10:30:00,NSE:ORIENTABRA,18.85,19.4,18.5,18.5,16415.0
2020-07-08 11:15:00,NSE:ORIENTABRA,18.6,19.0,18.6,19.0,2775.0
2020-07-08 12:00:00,NSE:ORIENTABRA,19.0,19.0,18.85,19.0,8120.0
2020-07-08 12:45:00,NSE:ORIENTABRA,18.9,19.0,18.85,18.85,6136.0
2020-07-08 13:30:00,NSE:ORIENTABRA,18.85,19.0,18.85,18.95,3225.0
2020-07-08 14:15:00,NSE:ORIENTABRA,18.95,18.95,18.85,18.95,7422.0
2020-07-08 15:00:00,NSE:ORIENTABRA,18.95,19.0,18.4,18.4,15044.0
2020-07-09 09:00:00,NSE:ORIENTABRA,18.5,19.3,18.5,18.9,1516.0
2020-07-09 09:45:00,NSE:ORIENTABRA,18.9,19.0,18.85,18.9,3366.0
2020-07-09 10:30:00,NSE:ORIENTABRA,19.0,19.1,19.0,19.0,10005.0
2020-07-09 11:15:00,NSE:ORIENTABRA,18.9,19.0,18.6,18.7,4739.0
2020-07-09 12:00:00,NSE:ORIENTABRA,18.7,19.15,18.65,18.75,20114.0
2020-07-09 12:45:00,NSE:ORIENTABRA,19.0,19.1,19.0,19.0,6191.0
2020-07-09 13:30:00,NSE:ORIENTABRA,19.05,19.1,19.0,19.1,1700.0
2020-07-09 14:15:00,NSE:ORIENTABRA,19.1,19.15,19.0,19.1,4634.0
2020-07-09 15:00:00,NSE:ORIENTABRA,19.1,19.25,19.1,19.25,11072.0
2020-07-10 09:00:00,NSE:ORIENTABRA,19.25,19.25,18.2,18.9,2283.0
2020-07-10 09:45:00,NSE:ORIENTABRA,18.9,19.3,18.75,18.95,6278.0
2020-07-10 10:30:00,NSE:ORIENTABRA,18.95,18.95,18.25,18.4,22265.0
2020-07-10 11:15:00,NSE:ORIENTABRA,18.55,18.6,18.25,18.3,6589.0
2020-07-10 12:00:00,NSE:ORIENTABRA,18.4,18.75,18.4,18.75,4177.0
2020-07-10 12:45:00,NSE:ORIENTABRA,18.6,18.75,18.55,18.75,1731.0
2020-07-10 13:30:00,NSE:ORIENTABRA,18.65,18.75,18.65,18.7,446.0
2020-07-10 14:15:00,NSE:ORIENTABRA,18.7,18.7,18.45,18.65,16811.0
2020-07-10 15:00:00,NSE:ORIENTABRA,18.5,18.7,18.5,18.55,8678.0
2020-07-13 09:00:00,NSE:ORIENTABRA,18.7,19.3,18.7,18.9,1654.0
2020-07-13 09:45:00,NSE:ORIENTABRA,19.0,19.0,18.75,18.85,2993.0
2020-07-13 10:30:00,NSE:ORIENTABRA,18.8,18.95,18.6,18.6,4032.0
2020-07-13 11:15:00,NSE:ORIENTABRA,18.95,18.95,18.5,18.7,6532.0
2020-07-13 12:00:00,NSE:ORIENTABRA,18.7,18.7,18.4,18.5,4012.0
2020-07-13 12:45:00,NSE:ORIENTABRA,18.5,18.5,18.35,18.35,2175.0
2020-07-13 13:30:00,NSE:ORIENTABRA,18.35,18.6,18.35,18.45,454.0
2020-07-13 14:15:00,NSE:ORIENTABRA,18.45,18.45,18.25,18.4,2589.0
2020-07-13 15:00:00,NSE:ORIENTABRA,18.45,18.45,18.4,18.4,2427.0
2020-07-14 09:00:00,NSE:ORIENTABRA,18.4,18.45,18.35,18.45,3254.0
2020-07-14 09:45:00,NSE:ORIENTABRA,18.45,18.45,18.35,18.45,1685.0
2020-07-14 10:30:00,NSE:ORIENTABRA,18.3,18.3,17.85,17.9,14095.0
2020-07-14 11:15:00,NSE:ORIENTABRA,17.9,18.2,17.9,18.2,4027.0
2020-07-14 12:00:00,NSE:ORIENTABRA,18.05,18.45,18.05,18.4,2591.0
2020-07-14 12:45:00,NSE:ORIENTABRA,18.1,18.4,18.1,18.1,1460.0
2020-07-14 13:30:00,NSE:ORIENTABRA,18.15,18.35,18.1,18.1,975.0
2020-07-14 14:15:00,NSE:ORIENTABRA,18.0,18.3,18.0,18.0,5458.0
2020-07-14 15:00:00,NSE:ORIENTABRA,18.1,18.2,18.0,18.2,3047.0
2020-07-15 09:00:00,NSE:ORIENTABRA,18.2,18.2,18.2,18.2,205.0
2020-07-15 09:45:00,NSE:ORIENTABRA,18.25,18.4,18.2,18.2,463.0
2020-07-15 10:30:00,NSE:ORIENTABRA,18.2,18.2,18.2,18.2,20.0
2020-07-15 11:15:00,NSE:ORIENTABRA,18.2,18.6,18.2,18.6,2495.0
2020-07-15 12:00:00,NSE:ORIENTABRA,18.5,20.25,18.5,18.95,82097.0
2020-07-15 12:45:00,NSE:ORIENTABRA,18.7,19.45,18.5,19.0,39428.0
2020-07-15 13:30:00,NSE:ORIENTABRA,19.05,19.05,18.85,18.85,5058.0
2020-07-15 14:15:00,NSE:ORIENTABRA,18.75,18.95,18.3,18.45,12499.0
2020-07-15 15:00:00,NSE:ORIENTABRA,18.45,18.7,18.3,18.35,7239.0
2020-07-15 15:45:00,NSE:ORIENTABRA,18.45,18.45,18.45,18.45,5.0
2020-07-16 09:00:00,NSE:ORIENTABRA,18.45,18.6,18.4,18.4,1094.0
2020-07-16 09:45:00,NSE:ORIENTABRA,18.6,18.6,18.6,18.6,169.0
2020-07-16 10:30:00,NSE:ORIENTABRA,18.6,18.6,18.05,18.4,473.0
2020-07-16 11:15:00,NSE:ORIENTABRA,18.4,18.4,18.1,18.15,151.0
2020-07-16 12:00:00,NSE:ORIENTABRA,18.3,18.35,18.3,18.35,249.0
2020-07-16 12:45:00,NSE:ORIENTABRA,18.35,18.35,18.35,18.35,105.0
2020-07-16 13:30:00,NSE:ORIENTABRA,18.3,18.45,18.3,18.45,1270.0
2020-07-16 14:15:00,NSE:ORIENTABRA,18.4,18.6,18.25,18.6,4200.0
2020-07-16 15:00:00,NSE:ORIENTABRA,18.6,19.5,18.5,19.05,76022.0
2020-07-17 09:00:00,NSE:ORIENTABRA,19.45,19.45,18.25,19.15,6440.0
2020-07-17 09:45:00,NSE:ORIENTABRA,19.05,19.05,18.8,18.95,1830.0
2020-07-17 10:30:00,NSE:ORIENTABRA,18.95,19.1,18.95,18.95,1984.0
2020-07-17 11:15:00,NSE:ORIENTABRA,18.95,19.15,18.9,18.95,2450.0
2020-07-17 12:00:00,NSE:ORIENTABRA,18.95,18.95,18.65,18.65,4963.0
2020-07-17 12:45:00,NSE:ORIENTABRA,18.7,18.75,18.5,18.65,12304.0
2020-07-17 13:30:00,NSE:ORIENTABRA,18.65,18.65,18.3,18.45,2190.0
2020-07-17 14:15:00,NSE:ORIENTABRA,18.45,18.5,18.25,18.4,8502.0
2020-07-17 15:00:00,NSE:ORIENTABRA,18.45,18.65,18.35,18.65,5255.0
2020-07-20 09:00:00,NSE:ORIENTABRA,18.65,19.3,18.6,18.95,6675.0
2020-07-20 09:45:00,NSE:ORIENTABRA,18.9,19.0,18.65,18.7,2514.0
2020-07-20 10:30:00,NSE:ORIENTABRA,18.65,18.8,18.55,18.55,3722.0
2020-07-20 11:15:00,NSE:ORIENTABRA,18.55,18.75,18.45,18.45,3511.0
2020-07-20 12:00:00,NSE:ORIENTABRA,18.5,18.7,18.45,18.55,3490.0
2020-07-20 12:45:00,NSE:ORIENTABRA,18.6,18.6,18.6,18.6,101.0
2020-07-20 13:30:00,NSE:ORIENTABRA,18.6,18.65,18.45,18.6,1495.0
2020-07-20 14:15:00,NSE:ORIENTABRA,18.45,18.6,18.4,18.45,1601.0
2020-07-20 15:00:00,NSE:ORIENTABRA,18.4,18.55,18.25,18.3,3389.0
2020-07-20 15:45:00,NSE:ORIENTABRA,18.4,18.4,18.4,18.4,50.0
2020-07-21 09:00:00,NSE:ORIENTABRA,18.5,18.75,18.5,18.7,1314.0
2020-07-21 09:45:00,NSE:ORIENTABRA,18.7,18.7,18.5,18.5,2702.0
2020-07-21 10:30:00,NSE:ORIENTABRA,18.75,18.75,18.45,18.5,6315.0
2020-07-21 11:15:00,NSE:ORIENTABRA,18.5,18.6,18.4,18.6,1978.0
2020-07-21 12:00:00,NSE:ORIENTABRA,18.45,18.45,18.1,18.1,4500.0
2020-07-21 12:45:00,NSE:ORIENTABRA,18.3,18.4,18.2,18.4,822.0
2020-07-21 13:30:00,NSE:ORIENTABRA,18.2,18.35,18.1,18.1,4107.0
2020-07-21 14:15:00,NSE:ORIENTABRA,18.2,18.2,18.15,18.15,2695.0
2020-07-21 15:00:00,NSE:ORIENTABRA,18.15,18.2,18.1,18.1,4378.0
2020-07-21 15:45:00,NSE:ORIENTABRA,18.15,18.15,18.15,18.15,5.0
2020-07-22 09:00:00,NSE:ORIENTABRA,18.1,18.65,18.1,18.45,3948.0
2020-07-22 09:45:00,NSE:ORIENTABRA,18.4,18.4,18.15,18.25,1815.0
2020-07-22 10:30:00,NSE:ORIENTABRA,18.2,18.85,18.2,18.7,8015.0
2020-07-22 11:15:00,NSE:ORIENTABRA,18.6,18.7,18.55,18.7,3645.0
2020-07-22 12:00:00,NSE:ORIENTABRA,18.7,18.7,18.5,18.7,2419.0
2020-07-22 12:45:00,NSE:ORIENTABRA,18.7,18.8,18.55,18.55,4375.0
2020-07-22 13:30:00,NSE:ORIENTABRA,18.55,18.6,18.2,18.25,4954.0
2020-07-22 14:15:00,NSE:ORIENTABRA,18.25,18.4,18.15,18.2,2147.0
2020-07-22 15:00:00,NSE:ORIENTABRA,18.2,18.4,18.05,18.05,7322.0
2020-07-23 09:00:00,NSE:ORIENTABRA,18.9,19.6,18.3,18.3,4181.0
2020-07-23 09:45:00,NSE:ORIENTABRA,18.5,18.5,18.25,18.25,1141.0
2020-07-23 10:30:00,NSE:ORIENTABRA,18.25,18.4,18.25,18.3,2562.0
2020-07-23 11:15:00,NSE:ORIENTABRA,18.3,18.3,18.15,18.15,1997.0
2020-07-23 12:00:00,NSE:ORIENTABRA,18.2,18.2,18.15,18.2,2883.0
2020-07-23 12:45:00,NSE:ORIENTABRA,18.15,18.2,18.1,18.2,602.0
2020-07-23 13:30:00,NSE:ORIENTABRA,18.2,18.2,18.1,18.15,1470.0
2020-07-23 14:15:00,NSE:ORIENTABRA,18.1,18.2,18.05,18.2,2124.0
2020-07-23 15:00:00,NSE:ORIENTABRA,18.1,18.2,17.9,18.0,17870.0
2020-07-23 15:45:00,NSE:ORIENTABRA,18.0,18.0,18.0,18.0,50.0
2020-07-24 09:00:00,NSE:ORIENTABRA,18.0,18.15,17.55,18.0,1853.0
2020-07-24 09:45:00,NSE:ORIENTABRA,18.0,18.0,17.55,17.55,8525.0
2020-07-24 10:30:00,NSE:ORIENTABRA,17.75,17.75,17.65,17.75,2017.0
2020-07-24 11:15:00,NSE:ORIENTABRA,17.7,17.7,17.7,17.7,1636.0
2020-07-24 12:00:00,NSE:ORIENTABRA,17.75,17.95,17.7,17.7,3830.0
2020-07-24 12:45:00,NSE:ORIENTABRA,17.7,17.7,17.7,17.7,551.0
2020-07-24 13:30:00,NSE:ORIENTABRA,17.65,17.85,17.65,17.65,1715.0
2020-07-24 14:15:00,NSE:ORIENTABRA,17.65,17.75,17.6,17.6,3547.0
2020-07-24 15:00:00,NSE:ORIENTABRA,17.65,17.75,17.55,17.75,10279.0
2020-07-27 09:00:00,NSE:ORIENTABRA,17.7,18.1,17.7,17.9,2269.0
2020-07-27 09:45:00,NSE:ORIENTABRA,17.9,17.9,17.15,17.45,7856.0
2020-07-27 10:30:00,NSE:ORIENTABRA,17.4,17.65,17.15,17.55,7163.0
2020-07-27 11:15:00,NSE:ORIENTABRA,17.5,17.9,17.35,17.55,4305.0
2020-07-27 12:00:00,NSE:ORIENTABRA,17.5,17.65,17.35,17.35,1313.0
2020-07-27 12:45:00,NSE:ORIENTABRA,17.35,17.35,17.05,17.05,8828.0
2020-07-27 13:30:00,NSE:ORIENTABRA,17.05,17.25,16.85,16.9,11486.0
2020-07-27 14:15:00,NSE:ORIENTABRA,16.9,16.95,16.8,16.9,3856.0
2020-07-27 15:00:00,NSE:ORIENTABRA,16.9,17.0,16.8,16.9,4462.0
2020-07-28 09:00:00,NSE:ORIENTABRA,17.5,17.5,16.9,16.9,1434.0
2020-07-28 09:45:00,NSE:ORIENTABRA,17.1,17.1,16.8,17.0,3397.0
2020-07-28 10:30:00,NSE:ORIENTABRA,17.0,17.0,16.8,16.8,2577.0
2020-07-28 11:15:00,NSE:ORIENTABRA,16.8,16.8,16.75,16.75,2002.0
2020-07-28 12:00:00,NSE:ORIENTABRA,16.75,16.9,16.6,16.6,7073.0
2020-07-28 12:45:00,NSE:ORIENTABRA,16.6,16.7,16.55,16.65,1298.0
2020-07-28 13:30:00,NSE:ORIENTABRA,16.7,16.7,16.55,16.6,2768.0
2020-07-28 14:15:00,NSE:ORIENTABRA,16.6,16.7,16.55,16.6,2327.0
2020-07-28 15:00:00,NSE:ORIENTABRA,16.7,16.75,16.55,16.55,5389.0
2020-07-28 15:45:00,NSE:ORIENTABRA,16.6,16.6,16.6,16.6,50.0
2020-07-29 09:00:00,NSE:ORIENTABRA,16.75,16.9,16.5,16.6,2582.0
2020-07-29 09:45:00,NSE:ORIENTABRA,16.65,16.8,16.35,16.35,6253.0
2020-07-29 10:30:00,NSE:ORIENTABRA,16.5,16.7,16.35,16.7,7644.0
2020-07-29 11:15:00,NSE:ORIENTABRA,16.8,17.9,16.8,17.25,21610.0
2020-07-29 12:00:00,NSE:ORIENTABRA,17.05,17.25,16.85,17.2,7000.0
2020-07-29 12:45:00,NSE:ORIENTABRA,17.1,17.2,16.85,16.85,1886.0
2020-07-29 13:30:00,NSE:ORIENTABRA,16.8,16.85,16.5,16.8,4656.0
2020-07-29 14:15:00,NSE:ORIENTABRA,16.8,17.2,16.75,17.05,6738.0
2020-07-29 15:00:00,NSE:ORIENTABRA,16.9,17.05,16.9,16.95,1419.0
2020-07-30 09:00:00,NSE:ORIENTABRA,17.5,17.5,16.7,17.0,3964.0
2020-07-30 09:45:00,NSE:ORIENTABRA,16.75,16.95,16.75,16.85,299.0
2020-07-30 10:30:00,NSE:ORIENTABRA,17.1,17.1,16.85,16.9,3956.0
2020-07-30 11:15:00,NSE:ORIENTABRA,16.9,17.0,16.9,16.95,2602.0
2020-07-30 12:00:00,NSE:ORIENTABRA,17.05,17.05,16.95,17.05,879.0
2020-07-30 12:45:00,NSE:ORIENTABRA,16.95,17.05,16.85,16.9,2263.0
2020-07-30 13:30:00,NSE:ORIENTABRA,17.0,17.0,16.95,16.95,110.0
2020-07-30 14:15:00,NSE:ORIENTABRA,16.9,16.95,16.1,16.25,32984.0
2020-07-30 15:00:00,NSE:ORIENTABRA,16.45,16.5,16.0,16.2,25502.0
2020-07-31 09:00:00,NSE:ORIENTABRA,16.5,16.5,15.65,15.7,4677.0
2020-07-31 09:45:00,NSE:ORIENTABRA,15.95,16.2,15.75,15.75,1763.0
2020-07-31 10:30:00,NSE:ORIENTABRA,15.9,15.9,15.6,15.85,2680.0
2020-07-31 11:15:00,NSE:ORIENTABRA,15.85,16.1,15.8,16.05,2288.0
2020-07-31 12:00:00,NSE:ORIENTABRA,16.1,16.1,15.8,15.8,1022.0
2020-07-31 12:45:00,NSE:ORIENTABRA,16.05,16.1,15.95,16.1,118.0
2020-07-31 13:30:00,NSE:ORIENTABRA,16.4,17.5,16.4,17.35,23359.0
2020-07-31 14:15:00,NSE:ORIENTABRA,17.2,17.75,16.5,17.3,22312.0
2020-07-31 15:00:00,NSE:ORIENTABRA,17.4,17.4,17.05,17.15,4975.0
2020-08-03 09:00:00,NSE:ORIENTABRA,17.55,17.55,16.65,16.85,3668.0
2020-08-03 09:45:00,NSE:ORIENTABRA,16.85,17.55,16.85,16.85,5293.0
2020-08-03 10:30:00,NSE:ORIENTABRA,16.8,17.1,16.7,17.1,2824.0
2020-08-03 11:15:00,NSE:ORIENTABRA,16.9,16.9,16.9,16.9,922.0
2020-08-03 12:00:00,NSE:ORIENTABRA,16.9,17.0,16.9,17.0,948.0
2020-08-03 12:45:00,NSE:ORIENTABRA,17.0,17.3,16.95,17.0,639.0
2020-08-03 13:30:00,NSE:ORIENTABRA,17.25,17.4,17.0,17.0,1609.0
2020-08-03 14:15:00,NSE:ORIENTABRA,16.95,16.95,16.75,16.85,716.0
2020-08-03 15:00:00,NSE:ORIENTABRA,16.95,17.0,16.7,16.7,8060.0
2020-08-03 15:45:00,NSE:ORIENTABRA,16.9,16.9,16.9,16.9,117.0
2020-08-04 09:00:00,NSE:ORIENTABRA,16.6,16.85,16.6,16.75,602.0
2020-08-04 09:45:00,NSE:ORIENTABRA,16.9,17.0,16.75,17.0,1613.0
2020-08-04 10:30:00,NSE:ORIENTABRA,16.8,16.95,16.8,16.95,70.0
2020-08-04 11:15:00,NSE:ORIENTABRA,16.8,16.95,16.8,16.95,1462.0
2020-08-04 12:00:00,NSE:ORIENTABRA,16.85,16.85,16.8,16.8,1925.0
2020-08-04 12:45:00,NSE:ORIENTABRA,16.9,16.95,16.8,16.85,697.0
2020-08-04 13:30:00,NSE:ORIENTABRA,16.8,16.8,16.8,16.8,900.0
2020-08-04 14:15:00,NSE:ORIENTABRA,16.8,16.95,16.55,16.65,4896.0
2020-08-04 15:00:00,NSE:ORIENTABRA,16.8,16.8,16.65,16.7,613.0
2020-08-05 09:00:00,NSE:ORIENTABRA,17.0,18.5,17.0,17.35,13661.0
2020-08-05 09:45:00,NSE:ORIENTABRA,17.3,17.65,17.1,17.3,13899.0
2020-08-05 10:30:00,NSE:ORIENTABRA,17.3,17.45,17.05,17.05,9858.0
2020-08-05 11:15:00,NSE:ORIENTABRA,17.05,17.3,17.0,17.25,7800.0
2020-08-05 12:00:00,NSE:ORIENTABRA,17.35,17.35,17.25,17.25,1150.0
2020-08-05 12:45:00,NSE:ORIENTABRA,17.3,17.5,17.2,17.5,5805.0
2020-08-05 13:30:00,NSE:ORIENTABRA,17.35,17.6,17.25,17.25,8790.0
2020-08-05 14:15:00,NSE:ORIENTABRA,17.15,17.5,17.05,17.45,14596.0
2020-08-05 15:00:00,NSE:ORIENTABRA,17.35,17.65,17.25,17.65,10367.0
2020-08-06 09:00:00,NSE:ORIENTABRA,18.0,18.0,17.15,17.2,4555.0
2020-08-06 09:45:00,NSE:ORIENTABRA,17.2,17.65,17.2,17.3,7717.0
2020-08-06 10:30:00,NSE:ORIENTABRA,17.3,17.5,17.3,17.3,1749.0
2020-08-06 11:15:00,NSE:ORIENTABRA,17.5,18.05,17.5,18.0,16281.0
2020-08-06 12:00:00,NSE:ORIENTABRA,18.0,18.45,18.0,18.0,8350.0
2020-08-06 12:45:00,NSE:ORIENTABRA,18.05,18.1,17.75,17.95,3537.0
2020-08-06 13:30:00,NSE:ORIENTABRA,17.6,18.05,17.6,17.9,13762.0
2020-08-06 14:15:00,NSE:ORIENTABRA,17.9,18.0,17.7,17.75,8895.0
2020-08-06 15:00:00,NSE:ORIENTABRA,18.05,18.1,17.8,18.1,3039.0
2020-08-07 09:00:00,NSE:ORIENTABRA,17.8,18.0,17.7,17.7,3840.0
2020-08-07 09:45:00,NSE:ORIENTABRA,17.9,17.95,17.55,17.6,3678.0
2020-08-07 10:30:00,NSE:ORIENTABRA,17.75,17.75,17.45,17.7,14940.0
2020-08-07 11:15:00,NSE:ORIENTABRA,17.75,17.8,17.5,17.75,5683.0
2020-08-07 12:00:00,NSE:ORIENTABRA,17.75,18.0,17.75,17.75,2586.0
2020-08-07 12:45:00,NSE:ORIENTABRA,17.95,17.95,17.75,17.75,200.0
2020-08-07 13:30:00,NSE:ORIENTABRA,17.75,17.75,17.75,17.75,600.0
2020-08-07 14:15:00,NSE:ORIENTABRA,17.95,17.95,17.55,17.55,785.0
2020-08-07 15:00:00,NSE:ORIENTABRA,17.65,17.7,17.5,17.5,5115.0
2020-08-10 09:00:00,NSE:ORIENTABRA,17.6,18.35,17.4,17.6,1087.0
2020-08-10 09:45:00,NSE:ORIENTABRA,17.65,17.7,17.45,17.55,2471.0
2020-08-10 10:30:00,NSE:ORIENTABRA,17.55,17.85,17.55,17.85,1704.0
2020-08-10 11:15:00,NSE:ORIENTABRA,17.8,17.8,17.4,17.5,7048.0
2020-08-10 12:00:00,NSE:ORIENTABRA,17.5,17.9,17.4,17.75,2301.0
2020-08-10 12:45:00,NSE:ORIENTABRA,17.75,17.75,17.55,17.55,3246.0
2020-08-10 13:30:00,NSE:ORIENTABRA,17.55,17.6,17.4,17.4,3350.0
2020-08-10 14:15:00,NSE:ORIENTABRA,17.6,17.6,17.4,17.6,1366.0
2020-08-10 15:00:00,NSE:ORIENTABRA,17.5,17.6,17.45,17.45,2497.0
2020-08-11 09:00:00,NSE:ORIENTABRA,17.5,17.55,17.5,17.5,550.0
2020-08-11 09:45:00,NSE:ORIENTABRA,17.65,17.8,17.6,17.65,1659.0
2020-08-11 10:30:00,NSE:ORIENTABRA,17.65,17.75,17.6,17.7,4485.0
2020-08-11 11:15:00,NSE:ORIENTABRA,17.65,17.75,17.55,17.7,5509.0
2020-08-11 12:00:00,NSE:ORIENTABRA,17.7,17.7,17.5,17.55,3162.0
2020-08-11 12:45:00,NSE:ORIENTABRA,17.55,17.65,17.35,17.55,4129.0
2020-08-11 13:30:00,NSE:ORIENTABRA,17.55,17.6,17.35,17.35,1746.0
2020-08-11 14:15:00,NSE:ORIENTABRA,17.35,17.35,17.1,17.25,3552.0
2020-08-11 15:00:00,NSE:ORIENTABRA,17.2,17.3,17.1,17.3,1017.0
2020-08-12 09:00:00,NSE:ORIENTABRA,18.6,18.6,16.8,17.3,803.0
2020-08-12 09:45:00,NSE:ORIENTABRA,17.5,17.5,17.45,17.45,633.0
2020-08-12 10:30:00,NSE:ORIENTABRA,17.25,17.45,16.95,17.05,4963.0
2020-08-12 11:15:00,NSE:ORIENTABRA,17.15,17.2,16.85,17.2,2643.0
2020-08-12 12:00:00,NSE:ORIENTABRA,17.3,17.3,17.3,17.3,204.0
2020-08-12 12:45:00,NSE:ORIENTABRA,17.35,17.4,17.1,17.1,419.0
2020-08-12 13:30:00,NSE:ORIENTABRA,17.15,17.5,17.15,17.25,7290.0
2020-08-12 14:15:00,NSE:ORIENTABRA,17.25,17.45,17.25,17.45,959.0
2020-08-12 15:00:00,NSE:ORIENTABRA,17.4,18.0,17.4,17.9,4583.0
2020-08-13 09:00:00,NSE:ORIENTABRA,17.9,17.9,17.45,17.9,3520.0
2020-08-13 09:45:00,NSE:ORIENTABRA,17.85,17.9,17.55,17.85,3739.0
2020-08-13 10:30:00,NSE:ORIENTABRA,17.8,17.85,17.55,17.65,3759.0
2020-08-13 11:15:00,NSE:ORIENTABRA,17.85,17.9,17.5,17.9,4335.0
2020-08-13 12:00:00,NSE:ORIENTABRA,17.65,17.85,17.65,17.75,416.0
2020-08-13 12:45:00,NSE:ORIENTABRA,17.75,17.9,17.75,17.8,4081.0
2020-08-13 13:30:00,NSE:ORIENTABRA,17.8,17.95,17.8,17.8,390.0
2020-08-13 14:15:00,NSE:ORIENTABRA,17.8,18.1,17.8,17.9,3929.0
2020-08-13 15:00:00,NSE:ORIENTABRA,17.9,18.0,17.8,17.85,6444.0
2020-08-14 09:00:00,NSE:ORIENTABRA,17.8,17.85,17.55,17.55,969.0
2020-08-14 09:45:00,NSE:ORIENTABRA,17.6,17.85,17.6,17.65,803.0
2020-08-14 10:30:00,NSE:ORIENTABRA,17.6,17.75,17.6,17.65,1727.0
2020-08-14 11:15:00,NSE:ORIENTABRA,17.6,18.05,17.6,17.7,6564.0
2020-08-14 12:00:00,NSE:ORIENTABRA,18.1,18.1,17.7,17.7,2614.0
2020-08-14 12:45:00,NSE:ORIENTABRA,17.7,17.9,17.7,17.9,1498.0
2020-08-14 13:30:00,NSE:ORIENTABRA,17.75,17.8,17.55,17.55,7348.0
2020-08-14 14:15:00,NSE:ORIENTABRA,17.6,17.65,17.45,17.45,7858.0
2020-08-14 15:00:00,NSE:ORIENTABRA,17.6,17.7,17.3,17.45,1601.0
2020-08-17 09:00:00,NSE:ORIENTABRA,17.6,18.05,17.3,17.85,3250.0
2020-08-17 09:45:00,NSE:ORIENTABRA,17.85,18.0,17.55,17.9,3600.0
2020-08-17 10:30:00,NSE:ORIENTABRA,17.85,17.85,17.8,17.85,1112.0
2020-08-17 11:15:00,NSE:ORIENTABRA,17.85,18.0,17.8,17.8,6427.0
2020-08-17 12:00:00,NSE:ORIENTABRA,18.0,18.0,17.85,17.85,3516.0
2020-08-17 12:45:00,NSE:ORIENTABRA,17.8,17.95,17.8,17.85,1528.0
2020-08-17 13:30:00,NSE:ORIENTABRA,17.8,18.0,17.8,18.0,11154.0
2020-08-17 14:15:00,NSE:ORIENTABRA,18.0,18.0,17.95,18.0,1202.0
2020-08-17 15:00:00,NSE:ORIENTABRA,18.0,18.0,17.8,17.85,5574.0
2020-08-18 09:00:00,NSE:ORIENTABRA,18.3,18.3,17.85,17.85,1455.0
2020-08-18 09:45:00,NSE:ORIENTABRA,18.1,20.2,17.95,20.1,87438.0
2020-08-18 10:30:00,NSE:ORIENTABRA,20.05,20.1,19.05,19.5,93976.0
2020-08-18 11:15:00,NSE:ORIENTABRA,19.7,19.7,19.2,19.6,32964.0
2020-08-18 12:00:00,NSE:ORIENTABRA,19.5,19.65,19.2,19.2,10674.0
2020-08-18 12:45:00,NSE:ORIENTABRA,19.35,19.4,19.1,19.35,14378.0
2020-08-18 13:30:00,NSE:ORIENTABRA,19.35,19.4,19.1,19.4,2490.0
2020-08-18 14:15:00,NSE:ORIENTABRA,19.25,19.5,19.15,19.15,11081.0
2020-08-18 15:00:00,NSE:ORIENTABRA,19.15,19.3,19.05,19.3,22629.0
2020-08-19 09:00:00,NSE:ORIENTABRA,19.9,19.9,18.55,19.1,14198.0
2020-08-19 09:45:00,NSE:ORIENTABRA,19.35,20.05,19.1,19.8,36081.0
2020-08-19 10:30:00,NSE:ORIENTABRA,19.65,19.9,19.5,19.9,29282.0
2020-08-19 11:15:00,NSE:ORIENTABRA,19.8,19.9,19.0,19.6,27133.0
2020-08-19 12:00:00,NSE:ORIENTABRA,19.6,19.8,19.55,19.7,15219.0
2020-08-19 12:45:00,NSE:ORIENTABRA,19.7,19.85,19.7,19.85,12723.0
2020-08-19 13:30:00,NSE:ORIENTABRA,19.85,19.85,19.7,19.8,4837.0
2020-08-19 14:15:00,NSE:ORIENTABRA,19.75,19.8,19.55,19.8,9513.0
2020-08-19 15:00:00,NSE:ORIENTABRA,19.85,20.0,19.25,19.8,62287.0
2020-08-20 09:00:00,NSE:ORIENTABRA,19.7,20.4,19.7,20.25,24416.0
2020-08-20 09:45:00,NSE:ORIENTABRA,19.8,20.35,19.8,20.0,16322.0
2020-08-20 10:30:00,NSE:ORIENTABRA,20.0,20.25,20.0,20.05,8064.0
2020-08-20 11:15:00,NSE:ORIENTABRA,20.05,20.1,19.95,20.05,5018.0
2020-08-20 12:00:00,NSE:ORIENTABRA,20.05,20.4,20.05,20.35,17370.0
2020-08-20 12:45:00,NSE:ORIENTABRA,20.35,20.35,20.15,20.2,1603.0
2020-08-20 13:30:00,NSE:ORIENTABRA,20.3,20.3,19.9,20.0,9974.0
2020-08-20 14:15:00,NSE:ORIENTABRA,19.9,20.0,19.9,19.9,3499.0
2020-08-20 15:00:00,NSE:ORIENTABRA,20.0,20.15,19.9,20.15,9204.0
2020-08-21 09:00:00,NSE:ORIENTABRA,20.5,21.5,20.0,21.05,58510.0
2020-08-21 09:45:00,NSE:ORIENTABRA,21.0,21.2,20.85,20.85,23352.0
2020-08-21 10:30:00,NSE:ORIENTABRA,20.8,21.1,20.7,21.0,20996.0
2020-08-21 11:15:00,NSE:ORIENTABRA,21.0,21.15,20.8,20.95,7690.0
2020-08-21 12:00:00,NSE:ORIENTABRA,21.1,21.2,20.95,21.0,17672.0
2020-08-21 12:45:00,NSE:ORIENTABRA,21.15,21.35,21.0,21.1,13640.0
2020-08-21 13:30:00,NSE:ORIENTABRA,21.25,22.0,21.25,21.65,46960.0
2020-08-21 14:15:00,NSE:ORIENTABRA,21.7,21.7,21.2,21.4,35134.0
2020-08-21 15:00:00,NSE:ORIENTABRA,21.3,21.5,21.1,21.25,27487.0
2020-08-24 09:00:00,NSE:ORIENTABRA,21.85,21.85,21.35,21.75,15632.0
2020-08-24 09:45:00,NSE:ORIENTABRA,21.65,22.0,21.6,21.8,28543.0
2020-08-24 10:30:00,NSE:ORIENTABRA,21.8,21.9,21.65,21.65,14621.0
2020-08-24 11:15:00,NSE:ORIENTABRA,21.75,21.8,21.5,21.5,11712.0
2020-08-24 12:00:00,NSE:ORIENTABRA,21.4,21.75,21.4,21.5,7460.0
2020-08-24 12:45:00,NSE:ORIENTABRA,21.6,21.75,21.5,21.5,4378.0
2020-08-24 13:30:00,NSE:ORIENTABRA,21.5,21.65,21.35,21.35,17413.0
2020-08-24 14:15:00,NSE:ORIENTABRA,21.4,21.7,21.25,21.6,15966.0
2020-08-24 15:00:00,NSE:ORIENTABRA,21.6,23.05,21.6,22.25,85000.0
2020-08-25 09:00:00,NSE:ORIENTABRA,22.5,23.5,22.5,22.9,40589.0
2020-08-25 09:45:00,NSE:ORIENTABRA,22.9,23.1,22.5,22.5,37883.0
2020-08-25 10:30:00,NSE:ORIENTABRA,22.5,22.6,22.05,22.3,49209.0
2020-08-25 11:15:00,NSE:ORIENTABRA,22.25,22.6,22.25,22.4,27827.0
2020-08-25 12:00:00,NSE:ORIENTABRA,22.5,22.5,22.25,22.25,6898.0
2020-08-25 12:45:00,NSE:ORIENTABRA,22.2,22.3,21.5,22.0,18955.0
2020-08-25 13:30:00,NSE:ORIENTABRA,22.0,22.0,21.55,21.75,6570.0
2020-08-25 14:15:00,NSE:ORIENTABRA,21.75,21.95,21.5,21.75,30256.0
2020-08-25 15:00:00,NSE:ORIENTABRA,21.8,21.8,21.25,21.25,25292.0
2020-08-26 09:00:00,NSE:ORIENTABRA,21.6,22.6,21.5,22.1,13320.0
2020-08-26 09:45:00,NSE:ORIENTABRA,22.05,22.2,21.65,21.7,10511.0
2020-08-26 10:30:00,NSE:ORIENTABRA,21.65,21.8,20.65,20.9,26577.0
2020-08-26 11:15:00,NSE:ORIENTABRA,20.95,21.2,20.9,21.15,6423.0
2020-08-26 12:00:00,NSE:ORIENTABRA,21.15,21.3,20.95,21.0,9370.0
2020-08-26 12:45:00,NSE:ORIENTABRA,21.25,21.3,21.0,21.1,6150.0
2020-08-26 13:30:00,NSE:ORIENTABRA,21.05,21.3,20.95,21.1,1914.0
2020-08-26 14:15:00,NSE:ORIENTABRA,21.3,21.3,21.05,21.2,1376.0
2020-08-26 15:00:00,NSE:ORIENTABRA,21.2,21.3,20.9,21.0,5621.0
2020-08-26 15:45:00,NSE:ORIENTABRA,21.05,21.05,21.05,21.05,50.0
2020-08-27 09:00:00,NSE:ORIENTABRA,21.95,21.95,20.75,21.0,19790.0
2020-08-27 09:45:00,NSE:ORIENTABRA,21.0,21.2,20.55,21.05,16386.0
2020-08-27 10:30:00,NSE:ORIENTABRA,21.05,21.2,20.9,21.1,6819.0
2020-08-27 11:15:00,NSE:ORIENTABRA,21.1,21.5,20.9,21.4,13811.0
2020-08-27 12:00:00,NSE:ORIENTABRA,21.4,23.3,21.4,23.1,100669.0
2020-08-27 12:45:00,NSE:ORIENTABRA,23.15,23.15,22.55,22.8,17674.0
2020-08-27 13:30:00,NSE:ORIENTABRA,22.8,22.85,22.2,22.6,51758.0
2020-08-27 14:15:00,NSE:ORIENTABRA,22.6,23.0,22.25,22.65,15475.0
2020-08-27 15:00:00,NSE:ORIENTABRA,22.55,22.85,22.4,22.5,17057.0
2020-08-28 09:00:00,NSE:ORIENTABRA,22.5,23.4,22.05,23.2,19873.0
2020-08-28 09:45:00,NSE:ORIENTABRA,23.1,23.1,22.5,22.6,11088.0
2020-08-28 10:30:00,NSE:ORIENTABRA,22.6,22.9,22.5,22.5,9364.0
2020-08-28 11:15:00,NSE:ORIENTABRA,22.15,22.5,22.05,22.45,10491.0
2020-08-28 12:00:00,NSE:ORIENTABRA,22.4,22.4,22.05,22.25,6036.0
2020-08-28 12:45:00,NSE:ORIENTABRA,22.3,22.3,21.9,21.9,19867.0
2020-08-28 13:30:00,NSE:ORIENTABRA,22.0,22.0,21.8,21.9,5475.0
2020-08-28 14:15:00,NSE:ORIENTABRA,21.9,21.9,21.5,21.5,20842.0
2020-08-28 15:00:00,NSE:ORIENTABRA,21.4,21.7,21.4,21.6,7567.0
2020-08-31 09:00:00,NSE:ORIENTABRA,22.2,22.25,20.85,21.65,5760.0
2020-08-31 09:45:00,NSE:ORIENTABRA,21.15,21.5,21.05,21.2,7974.0
2020-08-31 10:30:00,NSE:ORIENTABRA,21.15,21.3,20.8,20.8,12180.0
2020-08-31 11:15:00,NSE:ORIENTABRA,20.8,20.85,19.0,19.85,41258.0
2020-08-31 12:00:00,NSE:ORIENTABRA,19.7,19.9,19.55,19.8,28457.0
2020-08-31 12:45:00,NSE:ORIENTABRA,19.8,19.85,19.0,19.4,31571.0
2020-08-31 13:30:00,NSE:ORIENTABRA,19.2,19.4,19.15,19.4,11308.0
2020-08-31 14:15:00,NSE:ORIENTABRA,19.4,19.4,19.05,19.3,10859.0
2020-08-31 15:00:00,NSE:ORIENTABRA,19.3,19.5,19.05,19.3,14608.0
2020-09-01 09:00:00,NSE:ORIENTABRA,20.5,20.5,18.85,19.9,8986.0
2020-09-01 09:45:00,NSE:ORIENTABRA,19.6,19.95,18.55,19.3,3955.0
2020-09-01 10:30:00,NSE:ORIENTABRA,18.7,19.4,18.7,19.35,1494.0
2020-09-01 11:15:00,NSE:ORIENTABRA,19.15,19.4,18.9,19.05,3604.0
2020-09-01 12:00:00,NSE:ORIENTABRA,19.05,19.05,18.9,19.05,1151.0
2020-09-01 12:45:00,NSE:ORIENTABRA,18.95,19.75,18.95,19.4,4084.0
2020-09-01 13:30:00,NSE:ORIENTABRA,19.4,19.4,19.05,19.1,800.0
2020-09-01 14:15:00,NSE:ORIENTABRA,19.3,19.6,19.3,19.5,951.0
2020-09-01 15:00:00,NSE:ORIENTABRA,19.5,19.6,19.4,19.5,1132.0
2020-09-02 09:00:00,NSE:ORIENTABRA,19.7,19.7,19.0,19.3,1586.0
2020-09-02 09:45:00,NSE:ORIENTABRA,19.45,19.75,19.4,19.65,5623.0
2020-09-02 10:30:00,NSE:ORIENTABRA,19.7,19.75,19.7,19.75,4028.0
2020-09-02 11:15:00,NSE:ORIENTABRA,19.65,19.75,19.15,19.55,3522.0
2020-09-02 12:00:00,NSE:ORIENTABRA,19.25,19.5,19.2,19.5,1116.0
2020-09-02 12:45:00,NSE:ORIENTABRA,19.1,19.5,19.1,19.5,1078.0
2020-09-02 13:30:00,NSE:ORIENTABRA,19.25,19.5,19.25,19.5,786.0
2020-09-02 14:15:00,NSE:ORIENTABRA,19.55,19.55,19.2,19.3,1483.0
2020-09-02 15:00:00,NSE:ORIENTABRA,19.3,19.55,19.3,19.35,4005.0
2020-09-03 09:00:00,NSE:ORIENTABRA,19.35,19.75,18.8,19.0,10238.0
2020-09-03 09:45:00,NSE:ORIENTABRA,19.0,19.15,18.9,19.15,9088.0
2020-09-03 10:30:00,NSE:ORIENTABRA,18.95,19.15,18.75,18.95,11216.0
2020-09-03 11:15:00,NSE:ORIENTABRA,18.9,19.0,18.75,18.9,7501.0
2020-09-03 12:00:00,NSE:ORIENTABRA,18.9,19.0,18.85,18.85,3400.0
2020-09-03 12:45:00,NSE:ORIENTABRA,18.85,18.85,18.8,18.85,7799.0
2020-09-03 13:30:00,NSE:ORIENTABRA,18.85,18.85,18.4,18.5,32966.0
2020-09-03 14:15:00,NSE:ORIENTABRA,18.65,18.7,18.45,18.5,10171.0
2020-09-03 15:00:00,NSE:ORIENTABRA,18.55,18.95,18.55,18.85,9017.0
2020-09-03 15:45:00,NSE:ORIENTABRA,18.75,18.75,18.75,18.75,150.0
2020-09-04 09:00:00,NSE:ORIENTABRA,19.0,19.0,18.6,18.9,911.0
2020-09-04 09:45:00,NSE:ORIENTABRA,18.75,19.0,18.65,18.8,4305.0
2020-09-04 10:30:00,NSE:ORIENTABRA,18.75,18.8,18.7,18.7,1053.0
2020-09-04 11:15:00,NSE:ORIENTABRA,18.95,19.0,18.75,18.75,1196.0
2020-09-04 12:00:00,NSE:ORIENTABRA,18.7,18.95,18.7,18.7,1560.0
2020-09-04 12:45:00,NSE:ORIENTABRA,18.7,18.7,18.7,18.7,801.0
2020-09-04 13:30:00,NSE:ORIENTABRA,18.9,19.0,18.7,18.95,3427.0
2020-09-04 14:15:00,NSE:ORIENTABRA,18.9,19.0,18.65,19.0,4219.0
2020-09-04 15:00:00,NSE:ORIENTABRA,18.7,19.0,18.0,18.1,35749.0
2020-09-07 09:00:00,NSE:ORIENTABRA,18.9,18.9,18.35,18.45,3478.0
2020-09-07 09:45:00,NSE:ORIENTABRA,18.35,18.4,18.05,18.15,8505.0
2020-09-07 10:30:00,NSE:ORIENTABRA,18.1,18.4,18.1,18.4,5907.0
2020-09-07 11:15:00,NSE:ORIENTABRA,18.25,18.25,18.2,18.2,982.0
2020-09-07 12:00:00,NSE:ORIENTABRA,18.25,18.25,18.15,18.25,325.0
2020-09-07 12:45:00,NSE:ORIENTABRA,18.25,18.25,18.2,18.2,508.0
2020-09-07 13:30:00,NSE:ORIENTABRA,18.2,18.25,18.0,18.1,4944.0
2020-09-07 14:15:00,NSE:ORIENTABRA,18.25,18.25,18.15,18.15,358.0
2020-09-07 15:00:00,NSE:ORIENTABRA,18.15,18.25,18.1,18.25,5014.0
2020-09-08 09:00:00,NSE:ORIENTABRA,18.25,18.25,17.6,18.15,6461.0
2020-09-08 09:45:00,NSE:ORIENTABRA,18.1,18.25,17.95,18.1,4577.0
2020-09-08 10:30:00,NSE:ORIENTABRA,18.05,18.25,18.0,18.05,3374.0
2020-09-08 11:15:00,NSE:ORIENTABRA,18.1,18.15,18.0,18.15,1313.0
2020-09-08 12:00:00,NSE:ORIENTABRA,18.15,18.2,18.15,18.2,368.0
2020-09-08 12:45:00,NSE:ORIENTABRA,18.2,18.2,18.05,18.2,275.0
2020-09-08 13:30:00,NSE:ORIENTABRA,18.05,18.05,17.95,17.95,966.0
2020-09-08 14:15:00,NSE:ORIENTABRA,18.0,18.05,17.9,17.9,1184.0
2020-09-08 15:00:00,NSE:ORIENTABRA,17.9,18.15,17.9,18.05,9363.0
2020-09-08 15:45:00,NSE:ORIENTABRA,18.05,18.05,18.05,18.05,0.0
2020-09-09 09:00:00,NSE:ORIENTABRA,17.0,17.9,17.0,17.85,8743.0
2020-09-09 09:45:00,NSE:ORIENTABRA,17.6,17.8,17.4,17.7,3891.0
2020-09-09 10:30:00,NSE:ORIENTABRA,17.7,17.7,17.15,17.5,2703.0
2020-09-09 11:15:00,NSE:ORIENTABRA,17.65,17.65,17.55,17.55,1396.0
2020-09-09 12:00:00,NSE:ORIENTABRA,17.65,17.65,17.55,17.55,2210.0
2020-09-09 12:45:00,NSE:ORIENTABRA,17.55,17.65,17.55,17.65,53.0
2020-09-09 13:30:00,NSE:ORIENTABRA,17.55,17.55,17.15,17.5,8711.0
2020-09-09 14:15:00,NSE:ORIENTABRA,17.55,17.8,17.5,17.8,1775.0
2020-09-09 15:00:00,NSE:ORIENTABRA,17.75,18.5,17.75,18.2,2487.0
2020-09-10 09:00:00,NSE:ORIENTABRA,18.2,18.85,18.2,18.2,394.0
2020-09-10 09:45:00,NSE:ORIENTABRA,18.5,18.7,18.5,18.7,1619.0
2020-09-10 10:30:00,NSE:ORIENTABRA,18.7,18.7,18.35,18.65,2639.0
2020-09-10 11:15:00,NSE:ORIENTABRA,18.7,18.7,18.05,18.35,3768.0
2020-09-10 12:00:00,NSE:ORIENTABRA,18.3,18.4,17.55,18.05,11025.0
2020-09-10 12:45:00,NSE:ORIENTABRA,18.05,18.05,17.8,17.8,622.0
2020-09-10 13:30:00,NSE:ORIENTABRA,17.8,18.2,17.75,17.75,2038.0
2020-09-10 14:15:00,NSE:ORIENTABRA,17.85,18.25,17.85,18.15,1362.0
2020-09-10 15:00:00,NSE:ORIENTABRA,18.0,18.6,17.75,17.9,8325.0
2020-09-11 09:00:00,NSE:ORIENTABRA,18.3,18.3,17.8,17.95,1876.0
2020-09-11 09:45:00,NSE:ORIENTABRA,17.9,18.05,17.9,18.05,200.0
2020-09-11 10:30:00,NSE:ORIENTABRA,18.05,18.15,17.75,17.9,1639.0
2020-09-11 11:15:00,NSE:ORIENTABRA,18.0,18.1,18.0,18.0,43.0
2020-09-11 12:00:00,NSE:ORIENTABRA,17.9,17.9,17.75,17.8,2258.0
2020-09-11 12:45:00,NSE:ORIENTABRA,17.8,18.0,17.8,17.85,436.0
2020-09-11 13:30:00,NSE:ORIENTABRA,17.85,17.85,17.8,17.8,565.0
2020-09-11 14:15:00,NSE:ORIENTABRA,17.8,18.0,17.8,18.0,3899.0
2020-09-11 15:00:00,NSE:ORIENTABRA,18.1,18.15,18.0,18.0,1201.0
2020-09-14 09:00:00,NSE:ORIENTABRA,18.05,18.75,18.05,18.2,932.0
2020-09-14 09:45:00,NSE:ORIENTABRA,18.15,18.35,18.15,18.2,2893.0
2020-09-14 10:30:00,NSE:ORIENTABRA,18.3,18.5,18.3,18.5,474.0
2020-09-14 11:15:00,NSE:ORIENTABRA,18.65,18.95,18.5,18.7,8057.0
2020-09-14 12:00:00,NSE:ORIENTABRA,18.75,18.75,18.5,18.5,2129.0
2020-09-14 12:45:00,NSE:ORIENTABRA,18.5,18.55,18.35,18.55,920.0
2020-09-14 13:30:00,NSE:ORIENTABRA,18.55,18.6,18.5,18.5,1890.0
2020-09-14 14:15:00,NSE:ORIENTABRA,18.4,18.5,18.4,18.5,600.0
2020-09-14 15:00:00,NSE:ORIENTABRA,18.6,18.7,18.45,18.55,2234.0
2020-09-15 09:00:00,NSE:ORIENTABRA,18.65,18.65,18.2,18.2,6129.0
2020-09-15 09:45:00,NSE:ORIENTABRA,18.4,18.6,18.4,18.45,510.0
2020-09-15 10:30:00,NSE:ORIENTABRA,18.55,18.55,18.5,18.5,6540.0
2020-09-15 11:15:00,NSE:ORIENTABRA,18.5,18.6,18.5,18.5,6964.0
2020-09-15 12:00:00,NSE:ORIENTABRA,18.5,18.55,18.5,18.5,2702.0
2020-09-15 12:45:00,NSE:ORIENTABRA,18.5,18.75,18.5,18.75,1501.0
2020-09-15 13:30:00,NSE:ORIENTABRA,18.55,18.75,18.5,18.5,5055.0
2020-09-15 14:15:00,NSE:ORIENTABRA,18.7,18.85,18.7,18.75,1760.0
2020-09-15 15:00:00,NSE:ORIENTABRA,18.65,19.2,18.65,18.75,4149.0
2020-09-16 09:00:00,NSE:ORIENTABRA,18.0,18.7,18.0,18.65,13991.0
2020-09-16 09:45:00,NSE:ORIENTABRA,18.65,18.7,18.4,18.6,5789.0
2020-09-16 10:30:00,NSE:ORIENTABRA,18.5,18.5,18.35,18.35,2837.0
2020-09-16 11:15:00,NSE:ORIENTABRA,18.35,18.9,18.35,18.65,4624.0
2020-09-16 12:00:00,NSE:ORIENTABRA,18.55,18.55,18.55,18.55,1000.0
2020-09-16 12:45:00,NSE:ORIENTABRA,18.55,18.8,18.55,18.6,681.0
2020-09-16 13:30:00,NSE:ORIENTABRA,18.6,18.6,18.6,18.6,508.0
2020-09-16 14:15:00,NSE:ORIENTABRA,18.6,18.6,18.45,18.45,339.0
2020-09-16 15:00:00,NSE:ORIENTABRA,18.45,18.95,18.45,18.95,819.0
2020-09-17 09:00:00,NSE:ORIENTABRA,18.85,18.85,18.35,18.75,632.0
2020-09-17 09:45:00,NSE:ORIENTABRA,18.6,18.8,18.6,18.8,155.0
2020-09-17 10:30:00,NSE:ORIENTABRA,18.8,18.8,18.5,18.65,691.0
2020-09-17 12:00:00,NSE:ORIENTABRA,18.65,18.85,18.6,18.85,4577.0
2020-09-17 12:45:00,NSE:ORIENTABRA,18.8,18.9,18.8,18.9,195.0
2020-09-17 13:30:00,NSE:ORIENTABRA,18.9,18.9,18.9,18.9,600.0
2020-09-17 14:15:00,NSE:ORIENTABRA,18.8,18.9,18.7,18.9,1070.0
2020-09-17 15:00:00,NSE:ORIENTABRA,18.9,18.9,18.85,18.9,2353.0
2020-09-18 09:00:00,NSE:ORIENTABRA,18.9,19.7,18.8,19.7,16418.0
2020-09-18 09:45:00,NSE:ORIENTABRA,19.5,21.6,19.5,21.15,203338.0
2020-09-18 10:30:00,NSE:ORIENTABRA,21.15,21.85,21.05,21.45,105285.0
2020-09-18 11:15:00,NSE:ORIENTABRA,21.5,21.95,21.25,21.9,59262.0
2020-09-18 12:00:00,NSE:ORIENTABRA,21.85,22.5,21.7,22.15,148821.0
2020-09-18 12:45:00,NSE:ORIENTABRA,22.05,22.1,21.6,21.85,35111.0
2020-09-18 13:30:00,NSE:ORIENTABRA,21.8,21.9,21.7,21.7,15389.0
2020-09-18 14:15:00,NSE:ORIENTABRA,21.7,21.8,21.35,21.55,52403.0
2020-09-18 15:00:00,NSE:ORIENTABRA,21.55,21.75,21.4,21.6,43075.0
2020-09-21 09:00:00,NSE:ORIENTABRA,22.35,24.25,22.05,24.0,206993.0
2020-09-21 09:45:00,NSE:ORIENTABRA,24.05,24.35,23.6,23.8,172703.0
2020-09-21 10:30:00,NSE:ORIENTABRA,23.8,23.85,23.35,23.7,41083.0
2020-09-21 11:15:00,NSE:ORIENTABRA,23.7,23.9,23.6,23.75,37374.0
2020-09-21 12:00:00,NSE:ORIENTABRA,23.7,23.75,23.45,23.65,18470.0
2020-09-21 12:45:00,NSE:ORIENTABRA,23.65,23.75,23.45,23.55,17499.0
2020-09-21 13:30:00,NSE:ORIENTABRA,23.45,23.55,23.05,23.05,43741.0
2020-09-21 14:15:00,NSE:ORIENTABRA,23.05,23.1,22.65,22.9,50312.0
2020-09-21 15:00:00,NSE:ORIENTABRA,22.85,22.9,22.5,22.7,41416.0
2020-09-22 09:00:00,NSE:ORIENTABRA,22.4,22.9,20.7,21.1,44103.0
2020-09-22 09:45:00,NSE:ORIENTABRA,21.1,21.1,20.15,20.9,60401.0
2020-09-22 10:30:00,NSE:ORIENTABRA,20.9,21.35,20.9,21.05,16872.0
2020-09-22 11:15:00,NSE:ORIENTABRA,21.05,21.1,20.85,21.1,8324.0
2020-09-22 12:00:00,NSE:ORIENTABRA,21.0,21.1,20.9,20.9,4136.0
2020-09-22 12:45:00,NSE:ORIENTABRA,21.05,21.9,21.05,21.85,23977.0
2020-09-22 13:30:00,NSE:ORIENTABRA,21.85,21.95,21.6,21.6,9272.0
2020-09-22 14:15:00,NSE:ORIENTABRA,21.6,21.7,21.25,21.4,13508.0
2020-09-22 15:00:00,NSE:ORIENTABRA,21.4,21.4,20.95,21.15,8953.0
2020-09-23 09:00:00,NSE:ORIENTABRA,21.9,22.4,21.15,21.95,18532.0
2020-09-23 09:45:00,NSE:ORIENTABRA,21.95,22.05,21.15,21.6,12704.0
2020-09-23 10:30:00,NSE:ORIENTABRA,21.6,22.0,21.45,21.8,9622.0
2020-09-23 11:15:00,NSE:ORIENTABRA,21.8,21.8,21.4,21.5,4970.0
2020-09-23 12:00:00,NSE:ORIENTABRA,21.4,21.4,20.55,20.8,38462.0
2020-09-23 12:45:00,NSE:ORIENTABRA,20.8,20.9,20.4,20.65,19685.0
2020-09-23 13:30:00,NSE:ORIENTABRA,20.65,20.65,20.4,20.45,4622.0
2020-09-23 14:15:00,NSE:ORIENTABRA,20.3,20.65,20.25,20.5,5503.0
2020-09-23 15:00:00,NSE:ORIENTABRA,20.6,20.6,20.3,20.45,12195.0
2020-09-24 09:00:00,NSE:ORIENTABRA,20.25,20.4,19.65,20.4,5959.0
2020-09-24 09:45:00,NSE:ORIENTABRA,20.35,20.4,19.8,20.0,6355.0
2020-09-24 10:30:00,NSE:ORIENTABRA,19.9,20.0,19.75,19.75,3927.0
2020-09-24 11:15:00,NSE:ORIENTABRA,19.75,19.95,19.7,19.9,1825.0
2020-09-24 12:00:00,NSE:ORIENTABRA,19.9,19.9,19.6,19.75,1522.0
2020-09-24 12:45:00,NSE:ORIENTABRA,19.65,20.7,19.65,20.45,14650.0
2020-09-24 13:30:00,NSE:ORIENTABRA,20.25,20.45,19.8,19.8,12963.0
2020-09-24 14:15:00,NSE:ORIENTABRA,19.95,19.95,19.7,19.7,2348.0
2020-09-24 15:00:00,NSE:ORIENTABRA,19.7,19.85,19.55,19.85,3404.0
2020-09-25 09:00:00,NSE:ORIENTABRA,19.85,20.3,19.85,20.15,3693.0
2020-09-25 09:45:00,NSE:ORIENTABRA,20.15,20.2,20.0,20.2,2746.0
2020-09-25 10:30:00,NSE:ORIENTABRA,20.3,20.45,20.0,20.4,7668.0
2020-09-25 11:15:00,NSE:ORIENTABRA,20.3,20.4,20.1,20.15,6702.0
2020-09-25 12:00:00,NSE:ORIENTABRA,20.35,20.35,20.15,20.35,3440.0
2020-09-25 12:45:00,NSE:ORIENTABRA,20.2,20.5,20.2,20.5,1851.0
2020-09-25 13:30:00,NSE:ORIENTABRA,20.8,20.8,20.5,20.5,8854.0
2020-09-25 14:15:00,NSE:ORIENTABRA,20.5,20.7,20.4,20.65,2710.0
2020-09-25 15:00:00,NSE:ORIENTABRA,20.55,20.7,20.5,20.65,6533.0
2020-09-28 09:00:00,NSE:ORIENTABRA,20.65,21.45,20.3,20.7,6992.0
2020-09-28 09:45:00,NSE:ORIENTABRA,20.75,21.0,20.7,20.9,658.0
2020-09-28 10:30:00,NSE:ORIENTABRA,21.0,21.0,20.7,20.7,3065.0
2020-09-28 11:15:00,NSE:ORIENTABRA,20.7,20.8,20.6,20.8,2282.0
2020-09-28 12:00:00,NSE:ORIENTABRA,20.75,20.9,20.7,20.85,1164.0
2020-09-28 12:45:00,NSE:ORIENTABRA,20.85,20.85,20.65,20.65,1090.0
2020-09-28 13:30:00,NSE:ORIENTABRA,20.6,20.6,20.15,20.25,18801.0
2020-09-28 14:15:00,NSE:ORIENTABRA,20.45,20.45,20.3,20.4,1713.0
2020-09-28 15:00:00,NSE:ORIENTABRA,20.4,20.45,20.2,20.2,12345.0
2020-09-28 15:45:00,NSE:ORIENTABRA,20.3,20.3,20.3,20.3,99.0
2020-09-29 09:00:00,NSE:ORIENTABRA,20.3,20.85,19.65,20.2,3875.0
2020-09-29 09:45:00,NSE:ORIENTABRA,20.2,20.4,19.75,19.9,2814.0
2020-09-29 10:30:00,NSE:ORIENTABRA,20.0,20.15,19.85,19.85,1282.0
2020-09-29 11:15:00,NSE:ORIENTABRA,19.85,20.0,19.8,19.85,366.0
2020-09-29 12:00:00,NSE:ORIENTABRA,19.9,20.35,19.85,20.35,1191.0
2020-09-29 12:45:00,NSE:ORIENTABRA,20.3,20.3,19.85,19.95,911.0
2020-09-29 13:30:00,NSE:ORIENTABRA,20.2,20.2,20.0,20.0,1096.0
2020-09-29 14:15:00,NSE:ORIENTABRA,20.05,20.2,20.0,20.2,1129.0
2020-09-29 15:00:00,NSE:ORIENTABRA,20.0,20.1,19.95,20.05,2495.0
2020-09-30 09:00:00,NSE:ORIENTABRA,19.8,20.2,19.8,20.2,1805.0
2020-09-30 09:45:00,NSE:ORIENTABRA,20.15,20.15,19.65,19.8,1449.0
2020-09-30 10:30:00,NSE:ORIENTABRA,19.9,20.15,19.9,20.0,365.0
2020-09-30 11:15:00,NSE:ORIENTABRA,19.95,20.15,19.75,19.85,1307.0
2020-09-30 12:00:00,NSE:ORIENTABRA,19.85,19.95,19.8,19.95,181.0
2020-09-30 12:45:00,NSE:ORIENTABRA,19.9,19.95,19.9,19.95,268.0
2020-09-30 13:30:00,NSE:ORIENTABRA,19.95,19.95,19.8,19.8,262.0
2020-09-30 14:15:00,NSE:ORIENTABRA,19.95,19.95,19.8,19.95,2396.0
2020-09-30 15:00:00,NSE:ORIENTABRA,19.85,19.95,19.65,19.7,2281.0
2020-10-01 09:00:00,NSE:ORIENTABRA,19.8,20.45,19.5,20.05,15496.0
2020-10-01 09:45:00,NSE:ORIENTABRA,20.0,20.4,19.8,20.0,7376.0
2020-10-01 10:30:00,NSE:ORIENTABRA,19.9,19.95,19.8,19.8,488.0
2020-10-01 11:15:00,NSE:ORIENTABRA,19.8,19.95,19.7,19.95,3899.0
2020-10-01 12:00:00,NSE:ORIENTABRA,19.95,19.95,19.8,19.85,2647.0
2020-10-01 12:45:00,NSE:ORIENTABRA,19.95,20.05,19.85,20.05,3045.0
2020-10-01 13:30:00,NSE:ORIENTABRA,19.9,20.35,19.9,20.0,4924.0
2020-10-01 14:15:00,NSE:ORIENTABRA,20.0,20.35,20.0,20.15,3289.0
2020-10-01 15:00:00,NSE:ORIENTABRA,19.8,20.25,19.8,20.2,4502.0
2020-10-05 09:00:00,NSE:ORIENTABRA,20.05,20.35,19.85,19.9,11004.0
2020-10-05 09:45:00,NSE:ORIENTABRA,20.0,20.3,19.85,20.05,9159.0
2020-10-05 10:30:00,NSE:ORIENTABRA,20.05,20.25,20.05,20.05,3291.0
2020-10-05 11:15:00,NSE:ORIENTABRA,20.0,20.25,20.0,20.0,1283.0
2020-10-05 12:00:00,NSE:ORIENTABRA,20.0,20.1,19.9,19.9,1996.0
2020-10-05 12:45:00,NSE:ORIENTABRA,20.0,20.0,19.7,19.7,10233.0
2020-10-05 13:30:00,NSE:ORIENTABRA,19.65,19.85,19.65,19.7,554.0
2020-10-05 14:15:00,NSE:ORIENTABRA,19.9,19.95,19.75,19.95,2075.0
2020-10-05 15:00:00,NSE:ORIENTABRA,19.8,20.0,19.75,20.0,2148.0
2020-10-06 09:00:00,NSE:ORIENTABRA,19.85,20.7,19.85,20.1,1187.0
2020-10-06 09:45:00,NSE:ORIENTABRA,20.05,20.15,19.7,20.0,6469.0
2020-10-06 10:30:00,NSE:ORIENTABRA,20.05,20.05,19.95,20.0,2731.0
2020-10-06 11:15:00,NSE:ORIENTABRA,19.95,19.95,19.8,19.8,610.0
2020-10-06 12:00:00,NSE:ORIENTABRA,20.0,20.0,19.4,19.55,7683.0
2020-10-06 12:45:00,NSE:ORIENTABRA,19.6,19.7,19.5,19.65,6242.0
2020-10-06 13:30:00,NSE:ORIENTABRA,19.65,20.4,19.55,19.9,5565.0
2020-10-06 14:15:00,NSE:ORIENTABRA,19.95,20.05,19.85,19.9,1709.0
2020-10-06 15:00:00,NSE:ORIENTABRA,20.05,20.05,19.75,19.9,5118.0
2020-10-07 09:00:00,NSE:ORIENTABRA,20.0,20.0,19.55,19.8,2959.0
2020-10-07 09:45:00,NSE:ORIENTABRA,19.8,19.95,19.75,19.8,3864.0
2020-10-07 10:30:00,NSE:ORIENTABRA,19.85,19.85,19.7,19.75,2216.0
2020-10-07 11:15:00,NSE:ORIENTABRA,19.7,19.8,19.7,19.7,1204.0
2020-10-07 12:00:00,NSE:ORIENTABRA,19.7,19.8,19.7,19.8,21.0
2020-10-07 12:45:00,NSE:ORIENTABRA,19.8,19.8,19.8,19.8,20.0
2020-10-07 13:30:00,NSE:ORIENTABRA,19.8,19.8,19.5,19.6,3929.0
2020-10-07 14:15:00,NSE:ORIENTABRA,19.7,19.75,19.6,19.75,644.0
2020-10-07 15:00:00,NSE:ORIENTABRA,19.65,19.65,19.5,19.65,3083.0
2020-10-08 09:00:00,NSE:ORIENTABRA,19.3,19.8,19.3,19.75,1361.0
2020-10-08 09:45:00,NSE:ORIENTABRA,19.55,19.75,19.5,19.55,3382.0
2020-10-08 10:30:00,NSE:ORIENTABRA,19.6,19.6,19.4,19.45,1314.0
2020-10-08 11:15:00,NSE:ORIENTABRA,19.4,19.5,19.15,19.15,2973.0
2020-10-08 12:00:00,NSE:ORIENTABRA,19.2,19.45,19.2,19.45,450.0
2020-10-08 12:45:00,NSE:ORIENTABRA,19.45,19.6,19.3,19.3,838.0
2020-10-08 13:30:00,NSE:ORIENTABRA,19.55,19.6,19.55,19.6,730.0
2020-10-08 14:15:00,NSE:ORIENTABRA,19.6,19.6,19.25,19.25,2534.0
2020-10-08 15:00:00,NSE:ORIENTABRA,19.4,19.4,19.25,19.3,2369.0
2020-10-09 09:00:00,NSE:ORIENTABRA,19.35,19.65,19.35,19.45,3490.0
2020-10-09 09:45:00,NSE:ORIENTABRA,19.45,19.75,19.4,19.45,3438.0
2020-10-09 10:30:00,NSE:ORIENTABRA,19.45,19.75,19.45,19.55,6788.0
2020-10-09 11:15:00,NSE:ORIENTABRA,19.6,19.9,19.55,19.85,5447.0
2020-10-09 12:00:00,NSE:ORIENTABRA,19.7,19.85,19.7,19.8,3747.0
2020-10-09 12:45:00,NSE:ORIENTABRA,19.7,19.8,19.65,19.75,1830.0
2020-10-09 13:30:00,NSE:ORIENTABRA,19.6,19.75,19.55,19.6,2152.0
2020-10-09 14:15:00,NSE:ORIENTABRA,19.6,19.65,19.3,19.3,12061.0
2020-10-09 15:00:00,NSE:ORIENTABRA,19.4,19.7,19.1,19.1,4964.0
2020-10-12 09:00:00,NSE:ORIENTABRA,19.4,19.7,19.2,19.6,2317.0
2020-10-12 09:45:00,NSE:ORIENTABRA,19.3,19.55,19.25,19.3,2908.0
2020-10-12 10:30:00,NSE:ORIENTABRA,19.3,19.5,19.2,19.3,3636.0
2020-10-12 11:15:00,NSE:ORIENTABRA,19.25,19.4,19.0,19.25,14891.0
2020-10-12 12:00:00,NSE:ORIENTABRA,19.05,19.05,18.7,18.75,7670.0
2020-10-12 12:45:00,NSE:ORIENTABRA,18.75,19.3,18.75,19.3,3415.0
2020-10-12 13:30:00,NSE:ORIENTABRA,18.7,19.1,18.7,19.05,3803.0
2020-10-12 14:15:00,NSE:ORIENTABRA,18.7,19.05,18.7,18.95,2334.0
2020-10-12 15:00:00,NSE:ORIENTABRA,18.9,18.95,18.75,18.95,3980.0
2020-10-13 09:00:00,NSE:ORIENTABRA,18.45,18.95,18.45,18.9,534.0
2020-10-13 09:45:00,NSE:ORIENTABRA,18.95,18.95,18.75,18.9,1447.0
2020-10-13 10:30:00,NSE:ORIENTABRA,18.85,19.2,18.85,19.2,3266.0
2020-10-13 11:15:00,NSE:ORIENTABRA,19.2,19.5,18.95,19.0,6460.0
2020-10-13 12:00:00,NSE:ORIENTABRA,19.05,19.2,19.05,19.1,350.0
2020-10-13 12:45:00,NSE:ORIENTABRA,19.1,19.35,19.05,19.05,1848.0
2020-10-13 13:30:00,NSE:ORIENTABRA,19.05,19.15,19.0,19.0,1643.0
2020-10-13 14:15:00,NSE:ORIENTABRA,19.0,19.25,18.95,19.25,4525.0
2020-10-13 15:00:00,NSE:ORIENTABRA,19.0,19.15,18.95,18.95,1384.0
2020-10-14 09:00:00,NSE:ORIENTABRA,19.3,19.3,18.6,18.9,547.0
2020-10-14 09:45:00,NSE:ORIENTABRA,18.8,18.9,18.7,18.7,834.0
2020-10-14 10:30:00,NSE:ORIENTABRA,18.75,19.3,18.75,19.3,1901.0
2020-10-14 11:15:00,NSE:ORIENTABRA,19.0,19.0,18.7,18.7,1656.0
2020-10-14 12:00:00,NSE:ORIENTABRA,19.1,19.5,19.1,19.4,7941.0
2020-10-14 12:45:00,NSE:ORIENTABRA,19.45,19.45,19.3,19.3,750.0
2020-10-14 13:30:00,NSE:ORIENTABRA,19.35,19.6,19.15,19.6,12655.0
2020-10-14 14:15:00,NSE:ORIENTABRA,19.3,19.55,19.2,19.3,2362.0
2020-10-14 15:00:00,NSE:ORIENTABRA,19.5,19.7,19.3,19.3,6625.0
2020-10-15 09:00:00,NSE:ORIENTABRA,19.55,19.7,19.3,19.4,595.0
2020-10-15 09:45:00,NSE:ORIENTABRA,19.45,19.45,19.3,19.3,361.0
2020-10-15 10:30:00,NSE:ORIENTABRA,19.3,19.45,19.2,19.45,1233.0
2020-10-15 11:15:00,NSE:ORIENTABRA,19.9,19.9,19.75,19.75,1010.0
2020-10-15 12:00:00,NSE:ORIENTABRA,19.75,19.75,19.3,19.75,608.0
2020-10-15 12:45:00,NSE:ORIENTABRA,19.75,19.95,19.5,19.5,3006.0
2020-10-15 13:30:00,NSE:ORIENTABRA,19.45,20.0,19.45,19.55,3300.0
2020-10-15 14:15:00,NSE:ORIENTABRA,19.5,19.65,19.1,19.1,7864.0
2020-10-15 15:00:00,NSE:ORIENTABRA,19.35,19.35,19.0,19.0,5127.0
2020-10-16 09:00:00,NSE:ORIENTABRA,18.95,19.45,18.95,19.1,670.0
2020-10-16 09:45:00,NSE:ORIENTABRA,19.05,19.25,18.95,18.95,525.0
2020-10-16 10:30:00,NSE:ORIENTABRA,18.95,19.2,18.95,19.2,517.0
2020-10-16 11:15:00,NSE:ORIENTABRA,19.0,19.4,19.0,19.25,958.0
2020-10-16 12:00:00,NSE:ORIENTABRA,19.4,19.45,19.4,19.45,1885.0
2020-10-16 12:45:00,NSE:ORIENTABRA,19.5,19.5,18.8,19.05,5127.0
2020-10-16 13:30:00,NSE:ORIENTABRA,19.25,19.25,18.75,19.05,4366.0
2020-10-16 14:15:00,NSE:ORIENTABRA,18.75,19.2,18.6,19.2,4451.0
2020-10-16 15:00:00,NSE:ORIENTABRA,19.2,19.5,19.05,19.25,3452.0
2020-10-19 09:00:00,NSE:ORIENTABRA,19.25,19.4,19.0,19.0,1519.0
2020-10-19 09:45:00,NSE:ORIENTABRA,19.0,19.0,18.95,18.95,1587.0
2020-10-19 10:30:00,NSE:ORIENTABRA,18.95,19.1,18.95,19.0,1772.0
2020-10-19 11:15:00,NSE:ORIENTABRA,19.0,19.3,19.0,19.0,2875.0
2020-10-19 12:00:00,NSE:ORIENTABRA,19.4,19.4,19.2,19.3,721.0
2020-10-19 12:45:00,NSE:ORIENTABRA,19.15,19.3,19.05,19.3,1304.0
2020-10-19 13:30:00,NSE:ORIENTABRA,19.2,19.2,19.15,19.15,1200.0
2020-10-19 14:15:00,NSE:ORIENTABRA,19.25,19.25,19.15,19.15,441.0
2020-10-19 15:00:00,NSE:ORIENTABRA,19.15,19.3,19.15,19.3,1580.0
2020-10-20 09:00:00,NSE:ORIENTABRA,19.3,19.5,18.4,18.95,3740.0
2020-10-20 09:45:00,NSE:ORIENTABRA,19.2,19.35,19.0,19.0,218.0
2020-10-20 10:30:00,NSE:ORIENTABRA,19.0,19.3,19.0,19.05,1717.0
2020-10-20 11:15:00,NSE:ORIENTABRA,19.0,19.0,18.9,19.0,321.0
2020-10-20 12:00:00,NSE:ORIENTABRA,18.9,19.05,18.9,18.9,744.0
2020-10-20 12:45:00,NSE:ORIENTABRA,19.0,19.05,18.9,18.95,276.0
2020-10-20 13:30:00,NSE:ORIENTABRA,19.05,19.05,18.9,19.05,2586.0
2020-10-20 14:15:00,NSE:ORIENTABRA,19.25,19.45,19.0,19.45,3665.0
2020-10-20 15:00:00,NSE:ORIENTABRA,18.9,19.4,18.9,19.4,4909.0
2020-10-21 09:00:00,NSE:ORIENTABRA,19.3,20.3,19.25,19.25,15851.0
2020-10-21 09:45:00,NSE:ORIENTABRA,19.5,19.5,19.35,19.5,456.0
2020-10-21 10:30:00,NSE:ORIENTABRA,19.5,19.5,19.35,19.35,295.0
2020-10-21 11:15:00,NSE:ORIENTABRA,19.45,19.45,19.3,19.3,227.0
2020-10-21 12:00:00,NSE:ORIENTABRA,19.45,19.45,19.3,19.3,213.0
2020-10-21 12:45:00,NSE:ORIENTABRA,19.45,19.45,19.0,19.3,6247.0
2020-10-21 13:30:00,NSE:ORIENTABRA,19.0,19.25,18.9,19.0,4960.0
2020-10-21 14:15:00,NSE:ORIENTABRA,19.0,19.55,19.0,19.55,11536.0
2020-10-21 15:00:00,NSE:ORIENTABRA,19.45,19.7,19.35,19.7,2257.0
2020-10-22 09:00:00,NSE:ORIENTABRA,19.45,19.5,18.9,19.2,1366.0
2020-10-22 09:45:00,NSE:ORIENTABRA,18.9,19.8,18.9,19.45,1313.0
2020-10-22 10:30:00,NSE:ORIENTABRA,19.35,19.45,19.15,19.15,1385.0
2020-10-22 11:15:00,NSE:ORIENTABRA,19.15,19.65,19.15,19.25,1433.0
2020-10-22 12:00:00,NSE:ORIENTABRA,19.25,19.25,19.0,19.0,511.0
2020-10-22 12:45:00,NSE:ORIENTABRA,19.0,19.2,19.0,19.0,1182.0
2020-10-22 13:30:00,NSE:ORIENTABRA,19.0,19.0,19.0,19.0,100.0
2020-10-22 14:15:00,NSE:ORIENTABRA,19.2,19.25,19.0,19.25,1350.0
2020-10-22 15:00:00,NSE:ORIENTABRA,19.0,19.25,19.0,19.2,1491.0
2020-10-23 09:00:00,NSE:ORIENTABRA,19.7,19.7,19.7,19.7,503.0
2020-10-23 09:45:00,NSE:ORIENTABRA,19.65,19.65,19.1,19.3,2609.0
2020-10-23 10:30:00,NSE:ORIENTABRA,19.35,19.6,19.3,19.6,930.0
2020-10-23 11:15:00,NSE:ORIENTABRA,19.65,19.65,19.25,19.5,1372.0
2020-10-23 12:00:00,NSE:ORIENTABRA,19.3,19.6,19.3,19.6,825.0
2020-10-23 12:45:00,NSE:ORIENTABRA,19.4,19.55,19.4,19.5,276.0
2020-10-23 13:30:00,NSE:ORIENTABRA,19.45,19.55,19.0,19.4,5367.0
2020-10-23 14:15:00,NSE:ORIENTABRA,19.4,19.55,19.3,19.5,3491.0
2020-10-23 15:00:00,NSE:ORIENTABRA,19.5,19.55,19.25,19.55,3886.0
2020-10-26 09:00:00,NSE:ORIENTABRA,19.5,19.5,19.2,19.2,448.0
2020-10-26 09:45:00,NSE:ORIENTABRA,19.2,19.5,19.2,19.5,1157.0
2020-10-26 10:30:00,NSE:ORIENTABRA,19.4,19.4,19.4,19.4,44.0
2020-10-26 11:15:00,NSE:ORIENTABRA,19.4,19.4,19.3,19.3,1355.0
2020-10-26 12:00:00,NSE:ORIENTABRA,19.4,19.4,19.2,19.2,344.0
2020-10-26 12:45:00,NSE:ORIENTABRA,19.2,19.4,19.2,19.4,159.0
2020-10-26 13:30:00,NSE:ORIENTABRA,19.2,19.45,19.2,19.25,260.0
2020-10-26 14:15:00,NSE:ORIENTABRA,19.35,19.75,19.2,19.75,854.0
2020-10-26 15:00:00,NSE:ORIENTABRA,19.3,19.65,19.3,19.55,95.0
2020-10-27 09:00:00,NSE:ORIENTABRA,18.85,19.2,18.85,19.0,507.0
2020-10-27 09:45:00,NSE:ORIENTABRA,19.05,19.55,19.05,19.2,153.0
2020-10-27 10:30:00,NSE:ORIENTABRA,19.65,19.65,19.0,19.25,3831.0
2020-10-27 11:15:00,NSE:ORIENTABRA,19.2,19.4,19.1,19.4,2539.0
2020-10-27 12:00:00,NSE:ORIENTABRA,19.3,19.3,19.25,19.25,489.0
2020-10-27 12:45:00,NSE:ORIENTABRA,19.15,19.15,19.15,19.15,184.0
2020-10-27 13:30:00,NSE:ORIENTABRA,19.3,19.3,19.3,19.3,441.0
2020-10-27 14:15:00,NSE:ORIENTABRA,19.3,19.3,19.25,19.25,322.0
2020-10-27 15:00:00,NSE:ORIENTABRA,19.2,19.3,18.85,19.0,5912.0
2020-10-27 15:45:00,NSE:ORIENTABRA,19.05,19.05,19.05,19.05,0.0
2020-10-28 09:00:00,NSE:ORIENTABRA,19.1,19.25,18.9,18.9,2066.0
2020-10-28 09:45:00,NSE:ORIENTABRA,19.15,19.15,19.05,19.05,254.0
2020-10-28 10:30:00,NSE:ORIENTABRA,19.3,20.1,19.05,19.95,28505.0
2020-10-28 11:15:00,NSE:ORIENTABRA,19.95,20.95,19.85,20.7,78089.0
2020-10-28 12:00:00,NSE:ORIENTABRA,20.7,21.65,20.4,20.4,52653.0
2020-10-28 12:45:00,NSE:ORIENTABRA,20.5,20.6,20.25,20.3,12678.0
2020-10-28 13:30:00,NSE:ORIENTABRA,20.4,20.4,19.7,19.75,8284.0
2020-10-28 14:15:00,NSE:ORIENTABRA,19.85,20.2,19.65,19.85,5746.0
2020-10-28 15:00:00,NSE:ORIENTABRA,19.85,20.0,19.7,19.85,4015.0
2020-10-29 09:00:00,NSE:ORIENTABRA,19.8,20.6,19.55,20.3,8743.0
2020-10-29 09:45:00,NSE:ORIENTABRA,20.3,20.5,19.75,19.8,8424.0
2020-10-29 10:30:00,NSE:ORIENTABRA,19.8,20.35,19.75,20.0,7640.0
2020-10-29 11:15:00,NSE:ORIENTABRA,20.15,20.15,20.05,20.15,452.0
2020-10-29 12:00:00,NSE:ORIENTABRA,20.15,20.15,19.95,19.95,1200.0
2020-10-29 12:45:00,NSE:ORIENTABRA,19.9,20.0,19.8,19.85,1605.0
2020-10-29 13:30:00,NSE:ORIENTABRA,19.8,20.1,19.8,19.8,1306.0
2020-10-29 14:15:00,NSE:ORIENTABRA,19.9,19.9,19.75,19.8,3133.0
2020-10-29 15:00:00,NSE:ORIENTABRA,19.8,20.1,19.8,19.8,3498.0
2020-10-30 09:00:00,NSE:ORIENTABRA,20.0,20.05,19.1,19.85,1722.0
2020-10-30 09:45:00,NSE:ORIENTABRA,19.85,19.9,19.6,19.9,301.0
2020-10-30 10:30:00,NSE:ORIENTABRA,19.75,19.8,19.7,19.8,462.0
2020-10-30 11:15:00,NSE:ORIENTABRA,19.8,19.8,19.6,19.6,3608.0
2020-10-30 12:00:00,NSE:ORIENTABRA,19.6,19.65,19.55,19.55,2202.0
2020-10-30 12:45:00,NSE:ORIENTABRA,19.55,19.8,19.55,19.6,3462.0
2020-10-30 13:30:00,NSE:ORIENTABRA,19.75,19.8,19.55,19.75,653.0
2020-10-30 14:15:00,NSE:ORIENTABRA,19.75,19.75,19.55,19.75,354.0
2020-10-30 15:00:00,NSE:ORIENTABRA,19.75,19.75,19.55,19.55,2166.0
2020-11-02 09:00:00,NSE:ORIENTABRA,19.3,19.9,19.3,19.75,1276.0
2020-11-02 09:45:00,NSE:ORIENTABRA,19.65,19.65,19.3,19.55,203.0
2020-11-02 10:30:00,NSE:ORIENTABRA,19.35,19.75,19.35,19.45,2681.0
2020-11-02 11:15:00,NSE:ORIENTABRA,19.5,19.5,19.5,19.5,5.0
2020-11-02 12:00:00,NSE:ORIENTABRA,19.8,19.8,19.75,19.75,631.0
2020-11-02 12:45:00,NSE:ORIENTABRA,19.65,19.65,19.5,19.5,300.0
2020-11-02 13:30:00,NSE:ORIENTABRA,19.55,19.85,19.55,19.6,1321.0
2020-11-02 14:15:00,NSE:ORIENTABRA,19.7,19.7,19.65,19.65,254.0
2020-11-02 15:00:00,NSE:ORIENTABRA,19.85,19.9,19.7,19.9,3222.0
2020-11-03 09:00:00,NSE:ORIENTABRA,19.4,20.4,19.4,19.75,4144.0
2020-11-03 09:45:00,NSE:ORIENTABRA,19.85,19.95,19.5,19.55,1832.0
2020-11-03 10:30:00,NSE:ORIENTABRA,19.55,19.95,19.4,19.7,6779.0
2020-11-03 11:15:00,NSE:ORIENTABRA,19.75,20.25,19.7,20.15,12467.0
2020-11-03 12:00:00,NSE:ORIENTABRA,20.1,20.45,20.1,20.4,26335.0
2020-11-03 12:45:00,NSE:ORIENTABRA,20.4,20.45,20.3,20.3,13784.0
2020-11-03 13:30:00,NSE:ORIENTABRA,20.3,20.3,20.1,20.2,5799.0
2020-11-03 14:15:00,NSE:ORIENTABRA,20.2,20.4,20.2,20.3,1397.0
2020-11-03 15:00:00,NSE:ORIENTABRA,20.3,20.35,20.2,20.2,7735.0
2020-11-04 09:00:00,NSE:ORIENTABRA,20.0,20.0,19.6,19.7,11604.0
2020-11-04 09:45:00,NSE:ORIENTABRA,19.9,19.9,19.7,19.8,2790.0
2020-11-04 10:30:00,NSE:ORIENTABRA,19.65,19.8,19.6,19.6,8429.0
2020-11-04 11:15:00,NSE:ORIENTABRA,19.6,19.8,19.5,19.65,4931.0
2020-11-04 12:00:00,NSE:ORIENTABRA,19.7,19.8,19.6,19.7,936.0
2020-11-04 12:45:00,NSE:ORIENTABRA,19.8,19.8,19.6,19.7,2892.0
2020-11-04 13:30:00,NSE:ORIENTABRA,19.65,19.75,19.55,19.65,5500.0
2020-11-04 14:15:00,NSE:ORIENTABRA,19.65,19.7,19.5,19.7,2748.0
2020-11-04 15:00:00,NSE:ORIENTABRA,19.65,19.65,19.45,19.5,4526.0
2020-11-05 09:00:00,NSE:ORIENTABRA,19.4,20.0,19.4,19.7,2160.0
2020-11-05 09:45:00,NSE:ORIENTABRA,19.7,19.7,19.5,19.6,447.0
2020-11-05 10:30:00,NSE:ORIENTABRA,19.6,19.7,19.6,19.65,1551.0
2020-11-05 11:15:00,NSE:ORIENTABRA,19.5,19.5,19.4,19.45,1527.0
2020-11-05 12:00:00,NSE:ORIENTABRA,19.6,19.65,19.45,19.65,753.0
2020-11-05 12:45:00,NSE:ORIENTABRA,19.7,19.7,19.5,19.5,310.0
2020-11-05 13:30:00,NSE:ORIENTABRA,19.3,19.5,19.3,19.5,4402.0
2020-11-05 14:15:00,NSE:ORIENTABRA,19.4,19.45,19.35,19.4,2439.0
2020-11-05 15:00:00,NSE:ORIENTABRA,19.45,19.55,19.3,19.3,822.0
2020-11-06 09:00:00,NSE:ORIENTABRA,19.25,19.7,19.25,19.25,4293.0
2020-11-06 09:45:00,NSE:ORIENTABRA,19.4,19.45,19.0,19.2,4281.0
2020-11-06 10:30:00,NSE:ORIENTABRA,19.2,19.3,19.05,19.25,4265.0
2020-11-06 11:15:00,NSE:ORIENTABRA,19.25,19.25,19.05,19.2,1531.0
2020-11-06 12:00:00,NSE:ORIENTABRA,19.2,19.3,19.0,19.15,1750.0
2020-11-06 12:45:00,NSE:ORIENTABRA,19.15,19.15,18.9,18.95,3516.0
2020-11-06 13:30:00,NSE:ORIENTABRA,19.05,19.15,18.85,19.0,8480.0
2020-11-06 14:15:00,NSE:ORIENTABRA,19.0,19.1,18.85,18.95,4800.0
2020-11-06 15:00:00,NSE:ORIENTABRA,18.9,19.0,18.85,18.95,10631.0
2020-11-09 09:00:00,NSE:ORIENTABRA,19.65,19.65,18.9,19.1,4500.0
2020-11-09 09:45:00,NSE:ORIENTABRA,19.0,19.25,18.85,19.15,2998.0
2020-11-09 10:30:00,NSE:ORIENTABRA,18.95,19.1,18.95,19.0,713.0
2020-11-09 11:15:00,NSE:ORIENTABRA,19.1,19.15,19.0,19.1,1135.0
2020-11-09 12:00:00,NSE:ORIENTABRA,18.95,18.95,18.8,18.9,7470.0
2020-11-09 12:45:00,NSE:ORIENTABRA,18.8,18.9,18.75,18.8,1162.0
2020-11-09 13:30:00,NSE:ORIENTABRA,18.8,19.0,18.7,18.9,2238.0
2020-11-09 14:15:00,NSE:ORIENTABRA,19.0,19.0,18.9,18.9,36.0
2020-11-09 15:00:00,NSE:ORIENTABRA,18.9,19.5,18.85,19.15,5406.0
2020-11-10 09:00:00,NSE:ORIENTABRA,18.6,19.2,18.6,18.8,55.0
2020-11-10 09:45:00,NSE:ORIENTABRA,18.85,19.45,18.85,19.0,5628.0
2020-11-10 10:30:00,NSE:ORIENTABRA,19.2,19.2,19.0,19.0,1845.0
2020-11-10 11:15:00,NSE:ORIENTABRA,19.0,19.1,18.95,18.95,1046.0
2020-11-10 12:00:00,NSE:ORIENTABRA,18.95,19.2,18.95,19.2,2724.0
2020-11-10 12:45:00,NSE:ORIENTABRA,19.2,19.25,19.1,19.1,3302.0
2020-11-10 13:30:00,NSE:ORIENTABRA,19.1,19.1,18.25,18.65,25404.0
2020-11-10 14:15:00,NSE:ORIENTABRA,18.5,18.85,18.25,18.6,4967.0
2020-11-10 15:00:00,NSE:ORIENTABRA,18.8,18.8,18.65,18.75,2108.0
2020-11-11 09:00:00,NSE:ORIENTABRA,18.4,18.8,18.4,18.45,257.0
2020-11-11 09:45:00,NSE:ORIENTABRA,18.7,18.75,18.55,18.55,3921.0
2020-11-11 10:30:00,NSE:ORIENTABRA,18.6,18.6,18.6,18.6,21.0
2020-11-11 11:15:00,NSE:ORIENTABRA,18.6,18.75,18.55,18.55,1787.0
2020-11-11 12:00:00,NSE:ORIENTABRA,18.75,18.75,18.5,18.5,8061.0
2020-11-11 12:45:00,NSE:ORIENTABRA,18.65,18.65,18.35,18.35,4205.0
2020-11-11 13:30:00,NSE:ORIENTABRA,18.4,18.45,18.4,18.45,4115.0
2020-11-11 14:15:00,NSE:ORIENTABRA,18.45,18.7,18.4,18.7,2277.0
2020-11-11 15:00:00,NSE:ORIENTABRA,18.7,18.7,18.4,18.4,4006.0
2020-11-11 15:45:00,NSE:ORIENTABRA,18.5,18.5,18.5,18.5,30.0
2020-11-12 09:00:00,NSE:ORIENTABRA,18.5,18.85,18.5,18.5,3996.0
2020-11-12 09:45:00,NSE:ORIENTABRA,18.5,18.7,18.5,18.7,2321.0
2020-11-12 10:30:00,NSE:ORIENTABRA,18.7,18.7,18.4,18.55,992.0
2020-11-12 11:15:00,NSE:ORIENTABRA,18.65,18.65,18.45,18.45,1151.0
2020-11-12 12:00:00,NSE:ORIENTABRA,18.5,18.65,18.5,18.65,2475.0
2020-11-12 12:45:00,NSE:ORIENTABRA,18.65,18.65,18.45,18.65,405.0
2020-11-12 13:30:00,NSE:ORIENTABRA,18.6,18.6,18.6,18.6,104.0
2020-11-12 14:15:00,NSE:ORIENTABRA,18.6,18.6,18.4,18.4,102.0
2020-11-12 15:00:00,NSE:ORIENTABRA,18.6,18.6,18.25,18.6,7243.0
2020-11-13 09:00:00,NSE:ORIENTABRA,18.1,18.6,18.1,18.6,1250.0
2020-11-13 09:45:00,NSE:ORIENTABRA,18.5,18.6,18.25,18.25,2353.0
2020-11-13 10:30:00,NSE:ORIENTABRA,18.25,18.6,18.25,18.6,2518.0
2020-11-13 11:15:00,NSE:ORIENTABRA,18.65,18.65,18.4,18.4,1951.0
2020-11-13 12:00:00,NSE:ORIENTABRA,18.5,18.5,18.4,18.5,1147.0
2020-11-13 12:45:00,NSE:ORIENTABRA,18.5,18.5,18.5,18.5,1.0
2020-11-13 13:30:00,NSE:ORIENTABRA,18.4,18.55,18.4,18.55,3218.0
2020-11-13 14:15:00,NSE:ORIENTABRA,18.55,18.6,18.45,18.45,1519.0
2020-11-13 15:00:00,NSE:ORIENTABRA,18.45,18.5,18.4,18.45,664.0
2020-11-14 17:45:00,NSE:ORIENTABRA,18.45,19.0,18.45,18.7,2051.0
2020-11-14 18:30:00,NSE:ORIENTABRA,18.75,19.0,18.6,18.6,22061.0
2020-11-17 09:00:00,NSE:ORIENTABRA,19.0,19.0,18.6,18.7,1179.0
2020-11-17 09:45:00,NSE:ORIENTABRA,18.7,18.95,18.7,18.8,1056.0
2020-11-17 10:30:00,NSE:ORIENTABRA,18.85,18.9,18.5,18.65,7911.0
2020-11-17 11:15:00,NSE:ORIENTABRA,18.55,18.7,18.5,18.5,971.0
2020-11-17 12:00:00,NSE:ORIENTABRA,18.6,18.8,18.6,18.75,1306.0
2020-11-17 12:45:00,NSE:ORIENTABRA,18.75,18.85,18.7,18.8,5229.0
2020-11-17 13:30:00,NSE:ORIENTABRA,18.85,18.95,18.8,18.8,3465.0
2020-11-17 14:15:00,NSE:ORIENTABRA,18.8,20.5,18.75,20.4,72732.0
2020-11-17 15:00:00,NSE:ORIENTABRA,20.35,20.9,20.0,20.45,59436.0
2020-11-18 09:00:00,NSE:ORIENTABRA,20.5,20.9,19.65,20.45,15341.0
2020-11-18 09:45:00,NSE:ORIENTABRA,20.4,20.6,19.75,20.2,17025.0
2020-11-18 10:30:00,NSE:ORIENTABRA,20.0,20.0,19.9,19.9,3285.0
2020-11-18 11:15:00,NSE:ORIENTABRA,19.95,20.15,19.9,20.0,5574.0
2020-11-18 12:00:00,NSE:ORIENTABRA,20.0,20.05,19.85,19.95,1897.0
2020-11-18 12:45:00,NSE:ORIENTABRA,19.95,20.0,19.8,20.0,4249.0
2020-11-18 13:30:00,NSE:ORIENTABRA,20.0,20.15,19.9,20.0,4482.0
2020-11-18 14:15:00,NSE:ORIENTABRA,20.0,20.1,19.9,19.9,9052.0
2020-11-18 15:00:00,NSE:ORIENTABRA,20.1,20.15,20.0,20.15,2826.0
2020-11-19 09:00:00,NSE:ORIENTABRA,20.05,20.1,19.4,19.65,5707.0
2020-11-19 09:45:00,NSE:ORIENTABRA,19.65,19.85,19.65,19.7,1480.0
2020-11-19 10:30:00,NSE:ORIENTABRA,19.75,19.85,19.7,19.7,1236.0
2020-11-19 11:15:00,NSE:ORIENTABRA,19.7,19.9,19.7,19.9,2488.0
2020-11-19 12:00:00,NSE:ORIENTABRA,19.9,20.2,19.9,20.1,7495.0
2020-11-19 12:45:00,NSE:ORIENTABRA,20.3,21.85,20.25,21.3,84860.0
2020-11-19 13:30:00,NSE:ORIENTABRA,21.3,21.4,20.8,21.4,32524.0
2020-11-19 14:15:00,NSE:ORIENTABRA,21.25,21.25,20.65,20.7,30478.0
2020-11-19 15:00:00,NSE:ORIENTABRA,20.7,21.25,20.7,21.1,20819.0
2020-11-20 09:00:00,NSE:ORIENTABRA,21.1,21.9,20.7,21.8,16858.0
2020-11-20 09:45:00,NSE:ORIENTABRA,21.8,21.8,21.3,21.3,15429.0
2020-11-20 10:30:00,NSE:ORIENTABRA,21.4,22.25,21.3,21.9,29871.0
2020-11-20 11:15:00,NSE:ORIENTABRA,21.85,21.95,21.5,21.55,8171.0
2020-11-20 12:00:00,NSE:ORIENTABRA,21.55,21.7,21.55,21.55,2088.0
2020-11-20 12:45:00,NSE:ORIENTABRA,21.55,21.55,21.0,21.1,3767.0
2020-11-20 13:30:00,NSE:ORIENTABRA,21.1,21.25,21.1,21.25,1097.0
2020-11-20 14:15:00,NSE:ORIENTABRA,21.25,21.35,21.2,21.3,1653.0
2020-11-20 15:00:00,NSE:ORIENTABRA,21.2,21.25,21.0,21.0,10671.0
2020-11-23 09:00:00,NSE:ORIENTABRA,21.5,21.5,20.8,20.85,3307.0
2020-11-23 09:45:00,NSE:ORIENTABRA,21.35,21.35,20.95,21.0,2112.0
2020-11-23 10:30:00,NSE:ORIENTABRA,21.05,21.5,21.05,21.2,3898.0
2020-11-23 11:15:00,NSE:ORIENTABRA,21.4,21.4,21.2,21.25,6522.0
2020-11-23 12:00:00,NSE:ORIENTABRA,21.3,21.3,21.0,21.0,1911.0
2020-11-23 12:45:00,NSE:ORIENTABRA,21.0,21.1,20.95,21.1,3271.0
2020-11-23 13:30:00,NSE:ORIENTABRA,21.1,21.1,20.9,20.9,3439.0
2020-11-23 14:15:00,NSE:ORIENTABRA,21.0,21.0,20.9,20.9,1393.0
2020-11-23 15:00:00,NSE:ORIENTABRA,20.9,21.0,20.75,20.8,16188.0
2020-11-24 09:00:00,NSE:ORIENTABRA,21.45,21.45,21.0,21.1,3950.0
2020-11-24 09:45:00,NSE:ORIENTABRA,21.1,21.3,20.95,20.95,1718.0
2020-11-24 10:30:00,NSE:ORIENTABRA,20.95,21.25,20.4,21.0,3125.0
2020-11-24 11:15:00,NSE:ORIENTABRA,21.0,21.1,20.5,20.85,3536.0
2020-11-24 12:00:00,NSE:ORIENTABRA,20.4,20.7,20.4,20.5,2387.0
2020-11-24 12:45:00,NSE:ORIENTABRA,20.5,20.5,20.4,20.4,475.0
2020-11-24 13:30:00,NSE:ORIENTABRA,20.45,20.7,20.4,20.55,5128.0
2020-11-24 14:15:00,NSE:ORIENTABRA,20.5,21.1,20.5,20.85,16086.0
2020-11-24 15:00:00,NSE:ORIENTABRA,20.6,20.8,20.4,20.7,10806.0
2020-11-25 09:00:00,NSE:ORIENTABRA,20.5,21.35,20.5,21.35,3299.0
2020-11-25 09:45:00,NSE:ORIENTABRA,20.75,21.15,20.5,20.6,3671.0
2020-11-25 10:30:00,NSE:ORIENTABRA,20.6,20.6,20.3,20.5,5074.0
2020-11-25 11:15:00,NSE:ORIENTABRA,20.5,20.5,20.35,20.35,1128.0
2020-11-25 12:00:00,NSE:ORIENTABRA,20.5,20.6,20.0,20.0,5378.0
2020-11-25 12:45:00,NSE:ORIENTABRA,20.1,20.6,20.1,20.6,12420.0
2020-11-25 13:30:00,NSE:ORIENTABRA,20.2,20.6,19.95,20.3,6131.0
2020-11-25 14:15:00,NSE:ORIENTABRA,19.75,20.3,19.75,20.3,789.0
2020-11-25 15:00:00,NSE:ORIENTABRA,20.3,20.55,20.2,20.45,2527.0
2020-11-26 09:00:00,NSE:ORIENTABRA,20.0,20.6,19.9,20.0,477.0
2020-11-26 09:45:00,NSE:ORIENTABRA,20.0,20.5,19.7,20.15,2091.0
2020-11-26 10:30:00,NSE:ORIENTABRA,20.15,20.15,18.5,19.6,15112.0
2020-11-26 11:15:00,NSE:ORIENTABRA,19.6,19.65,19.5,19.6,3879.0
2020-11-26 12:00:00,NSE:ORIENTABRA,19.5,19.65,19.3,19.6,3087.0
2020-11-26 12:45:00,NSE:ORIENTABRA,19.65,19.85,19.65,19.85,849.0
2020-11-26 13:30:00,NSE:ORIENTABRA,19.85,19.9,19.65,19.8,4425.0
2020-11-26 14:15:00,NSE:ORIENTABRA,19.8,20.05,19.7,20.0,7905.0
2020-11-26 15:00:00,NSE:ORIENTABRA,19.85,19.85,19.7,19.7,6917.0
2020-11-26 15:45:00,NSE:ORIENTABRA,19.75,19.75,19.75,19.75,100.0
2020-11-27 09:00:00,NSE:ORIENTABRA,20.4,20.4,19.7,19.7,1980.0
2020-11-27 09:45:00,NSE:ORIENTABRA,20.2,20.25,19.85,19.85,245.0
2020-11-27 10:30:00,NSE:ORIENTABRA,19.85,20.25,19.85,20.2,1630.0
2020-11-27 11:15:00,NSE:ORIENTABRA,19.95,19.95,19.85,19.85,3450.0
2020-11-27 12:00:00,NSE:ORIENTABRA,20.2,20.2,20.0,20.0,1410.0
2020-11-27 12:45:00,NSE:ORIENTABRA,20.0,20.2,20.0,20.2,1576.0
2020-11-27 13:30:00,NSE:ORIENTABRA,20.05,20.05,19.5,19.6,15618.0
2020-11-27 14:15:00,NSE:ORIENTABRA,19.6,20.0,19.6,20.0,8683.0
2020-11-27 15:00:00,NSE:ORIENTABRA,20.2,20.2,19.65,19.65,5223.0
2020-12-01 09:00:00,NSE:ORIENTABRA,20.25,20.3,19.65,19.9,9609.0
2020-12-01 09:45:00,NSE:ORIENTABRA,19.95,21.3,19.95,20.55,44982.0
2020-12-01 10:30:00,NSE:ORIENTABRA,20.55,20.55,20.25,20.5,7817.0
2020-12-01 11:15:00,NSE:ORIENTABRA,20.4,20.45,20.3,20.45,1918.0
2020-12-01 12:00:00,NSE:ORIENTABRA,20.4,20.45,20.3,20.45,3873.0
2020-12-01 12:45:00,NSE:ORIENTABRA,20.5,20.95,20.35,20.95,162590.0
2020-12-01 13:30:00,NSE:ORIENTABRA,20.95,20.95,20.8,20.9,27084.0
2020-12-01 14:15:00,NSE:ORIENTABRA,20.95,21.75,20.9,21.5,69762.0
2020-12-01 15:00:00,NSE:ORIENTABRA,21.5,23.8,21.5,23.35,701938.0
2020-12-02 09:00:00,NSE:ORIENTABRA,23.0,23.45,22.3,22.7,97649.0
2020-12-02 09:45:00,NSE:ORIENTABRA,22.7,22.95,21.6,22.35,95613.0
2020-12-02 10:30:00,NSE:ORIENTABRA,22.1,24.3,22.1,24.05,159220.0
2020-12-02 11:15:00,NSE:ORIENTABRA,24.05,24.25,23.65,23.9,144029.0
2020-12-02 12:00:00,NSE:ORIENTABRA,24.0,24.2,23.85,24.0,46480.0
2020-12-02 12:45:00,NSE:ORIENTABRA,24.05,24.15,23.1,23.5,48649.0
2020-12-02 13:30:00,NSE:ORIENTABRA,23.35,23.8,22.85,23.25,29637.0
2020-12-02 14:15:00,NSE:ORIENTABRA,23.2,23.55,23.05,23.45,19326.0
2020-12-02 15:00:00,NSE:ORIENTABRA,23.5,23.7,23.4,23.7,37494.0
2020-12-02 15:45:00,NSE:ORIENTABRA,23.55,23.55,23.55,23.55,200.0
2020-12-03 09:00:00,NSE:ORIENTABRA,23.8,23.85,23.0,23.2,9855.0
2020-12-03 09:45:00,NSE:ORIENTABRA,23.2,23.5,23.05,23.3,15891.0
2020-12-03 10:30:00,NSE:ORIENTABRA,23.2,23.25,22.65,22.65,29315.0
2020-12-03 11:15:00,NSE:ORIENTABRA,22.7,23.2,22.1,22.95,32520.0
2020-12-03 12:00:00,NSE:ORIENTABRA,22.9,23.1,22.75,22.8,9789.0
2020-12-03 12:45:00,NSE:ORIENTABRA,22.95,24.2,22.3,24.2,208642.0
2020-12-03 13:30:00,NSE:ORIENTABRA,24.15,25.05,24.1,24.45,132260.0
2020-12-03 14:15:00,NSE:ORIENTABRA,24.15,24.2,23.55,23.7,34649.0
2020-12-03 15:00:00,NSE:ORIENTABRA,23.7,23.9,23.55,23.7,28160.0
2020-12-03 15:45:00,NSE:ORIENTABRA,23.75,23.75,23.75,23.75,10.0
2020-12-04 09:00:00,NSE:ORIENTABRA,24.5,24.7,23.6,23.7,27201.0
2020-12-04 09:45:00,NSE:ORIENTABRA,23.7,23.7,23.2,23.35,22810.0
2020-12-04 10:30:00,NSE:ORIENTABRA,23.35,23.5,23.25,23.4,5521.0
2020-12-04 11:15:00,NSE:ORIENTABRA,23.4,23.5,23.2,23.2,12275.0
2020-12-04 12:00:00,NSE:ORIENTABRA,23.1,23.4,22.8,23.0,18609.0
2020-12-04 12:45:00,NSE:ORIENTABRA,23.0,24.35,22.65,23.05,32361.0
2020-12-04 13:30:00,NSE:ORIENTABRA,23.0,23.25,22.8,23.15,26375.0
2020-12-04 14:15:00,NSE:ORIENTABRA,23.45,23.45,23.1,23.1,5798.0
2020-12-04 15:00:00,NSE:ORIENTABRA,23.1,23.25,22.8,23.1,18517.0
2020-12-07 09:00:00,NSE:ORIENTABRA,23.0,23.55,23.0,23.1,4897.0
2020-12-07 09:45:00,NSE:ORIENTABRA,23.1,23.2,22.1,22.9,29896.0
2020-12-07 10:30:00,NSE:ORIENTABRA,22.9,23.3,22.75,22.95,17281.0
2020-12-07 11:15:00,NSE:ORIENTABRA,22.85,23.05,22.85,23.0,5064.0
2020-12-07 12:00:00,NSE:ORIENTABRA,23.0,23.05,22.9,22.9,8888.0
2020-12-07 12:45:00,NSE:ORIENTABRA,22.9,23.1,22.8,23.0,12851.0
2020-12-07 13:30:00,NSE:ORIENTABRA,23.0,23.15,23.0,23.0,4567.0
2020-12-07 14:15:00,NSE:ORIENTABRA,23.0,23.1,22.8,22.85,15104.0
2020-12-07 15:00:00,NSE:ORIENTABRA,23.0,23.1,22.75,22.75,23544.0
2020-12-08 09:00:00,NSE:ORIENTABRA,23.0,23.6,23.0,23.6,5788.0
2020-12-08 09:45:00,NSE:ORIENTABRA,23.65,23.65,23.0,23.1,22673.0
2020-12-08 10:30:00,NSE:ORIENTABRA,23.15,23.25,22.9,22.9,10465.0
2020-12-08 11:15:00,NSE:ORIENTABRA,22.9,22.95,22.8,22.8,4813.0
2020-12-08 12:00:00,NSE:ORIENTABRA,22.95,23.1,22.8,23.0,7520.0
2020-12-08 12:45:00,NSE:ORIENTABRA,23.0,23.25,22.75,23.05,10331.0
2020-12-08 13:30:00,NSE:ORIENTABRA,22.95,23.1,22.75,23.0,13460.0
2020-12-08 14:15:00,NSE:ORIENTABRA,23.1,23.1,22.7,22.75,14269.0
2020-12-08 15:00:00,NSE:ORIENTABRA,22.75,22.8,22.4,22.7,21157.0
2020-12-08 15:45:00,NSE:ORIENTABRA,22.65,22.7,22.65,22.7,600.0
2020-12-09 09:00:00,NSE:ORIENTABRA,22.65,23.25,22.5,22.85,21511.0
2020-12-09 09:45:00,NSE:ORIENTABRA,22.85,23.2,22.7,22.8,9319.0
2020-12-09 10:30:00,NSE:ORIENTABRA,22.8,22.85,22.6,22.6,5997.0
2020-12-09 11:15:00,NSE:ORIENTABRA,22.6,22.75,22.6,22.75,3571.0
2020-12-09 12:00:00,NSE:ORIENTABRA,22.7,22.8,22.55,22.6,2830.0
2020-12-09 12:45:00,NSE:ORIENTABRA,22.6,22.6,22.5,22.5,5022.0
2020-12-09 13:30:00,NSE:ORIENTABRA,22.5,22.7,22.5,22.55,2465.0
2020-12-09 14:15:00,NSE:ORIENTABRA,22.5,22.75,22.45,22.55,13720.0
2020-12-09 15:00:00,NSE:ORIENTABRA,22.65,22.65,22.1,22.15,31684.0
2020-12-09 15:45:00,NSE:ORIENTABRA,22.35,22.35,22.15,22.15,727.0
2020-12-10 09:00:00,NSE:ORIENTABRA,22.5,23.2,22.1,22.35,4054.0
2020-12-10 09:45:00,NSE:ORIENTABRA,22.25,22.5,21.95,22.3,6795.0
2020-12-10 10:30:00,NSE:ORIENTABRA,22.25,22.3,22.1,22.1,2425.0
2020-12-10 11:15:00,NSE:ORIENTABRA,22.25,22.4,22.15,22.15,7613.0
2020-12-10 12:00:00,NSE:ORIENTABRA,22.15,22.3,22.0,22.0,3811.0
2020-12-10 12:45:00,NSE:ORIENTABRA,22.3,22.3,22.1,22.1,2572.0
2020-12-10 13:30:00,NSE:ORIENTABRA,22.1,22.2,21.95,21.95,4092.0
2020-12-10 14:15:00,NSE:ORIENTABRA,22.3,22.5,22.05,22.5,7547.0
2020-12-10 15:00:00,NSE:ORIENTABRA,22.35,22.75,22.35,22.4,9828.0
2020-12-11 09:00:00,NSE:ORIENTABRA,22.95,22.95,22.0,22.75,7720.0
2020-12-11 09:45:00,NSE:ORIENTABRA,22.7,22.7,22.25,22.4,5388.0
2020-12-11 10:30:00,NSE:ORIENTABRA,22.4,22.5,22.2,22.2,15244.0
2020-12-11 11:15:00,NSE:ORIENTABRA,22.2,22.25,22.1,22.15,3443.0
2020-12-11 12:00:00,NSE:ORIENTABRA,22.25,22.25,22.1,22.15,4418.0
2020-12-11 12:45:00,NSE:ORIENTABRA,22.1,22.15,22.0,22.1,5149.0
2020-12-11 13:30:00,NSE:ORIENTABRA,22.05,22.45,22.05,22.4,3926.0
2020-12-11 14:15:00,NSE:ORIENTABRA,22.1,22.25,21.9,22.15,12824.0
2020-12-11 15:00:00,NSE:ORIENTABRA,22.0,22.15,21.9,22.0,10065.0
2020-12-11 15:45:00,NSE:ORIENTABRA,22.0,22.0,22.0,22.0,5781.0
2020-12-14 09:00:00,NSE:ORIENTABRA,22.25,22.3,21.8,22.0,7365.0
2020-12-14 09:45:00,NSE:ORIENTABRA,21.85,22.7,21.85,22.3,10599.0
2020-12-14 10:30:00,NSE:ORIENTABRA,22.4,22.45,22.35,22.4,6881.0
2020-12-14 11:15:00,NSE:ORIENTABRA,22.5,22.5,22.35,22.4,3388.0
2020-12-14 12:00:00,NSE:ORIENTABRA,22.35,22.6,22.35,22.4,1955.0
2020-12-14 12:45:00,NSE:ORIENTABRA,22.4,22.55,22.35,22.45,4081.0
2020-12-14 13:30:00,NSE:ORIENTABRA,22.2,22.2,22.0,22.0,6593.0
2020-12-14 14:15:00,NSE:ORIENTABRA,22.25,22.45,22.05,22.15,8644.0
2020-12-14 15:00:00,NSE:ORIENTABRA,22.25,22.4,22.0,22.2,5921.0
2020-12-15 09:00:00,NSE:ORIENTABRA,21.9,22.0,21.1,21.2,40159.0
2020-12-15 09:45:00,NSE:ORIENTABRA,21.35,21.4,20.75,20.85,36735.0
2020-12-15 10:30:00,NSE:ORIENTABRA,20.9,21.0,20.85,21.0,9886.0
2020-12-15 11:15:00,NSE:ORIENTABRA,21.1,21.3,21.0,21.2,8250.0
2020-12-15 12:00:00,NSE:ORIENTABRA,21.2,21.35,21.1,21.2,8334.0
2020-12-15 12:45:00,NSE:ORIENTABRA,21.35,21.55,21.25,21.5,9699.0
2020-12-15 13:30:00,NSE:ORIENTABRA,21.5,21.5,21.35,21.5,8593.0
2020-12-15 14:15:00,NSE:ORIENTABRA,21.4,21.5,21.25,21.3,15911.0
2020-12-15 15:00:00,NSE:ORIENTABRA,21.15,21.4,21.15,21.25,10344.0
2020-12-15 15:45:00,NSE:ORIENTABRA,21.25,21.3,21.25,21.3,820.0
2020-12-16 09:00:00,NSE:ORIENTABRA,21.3,22.25,21.3,22.0,32301.0
2020-12-16 09:45:00,NSE:ORIENTABRA,22.0,24.0,22.0,23.85,219213.0
2020-12-16 10:30:00,NSE:ORIENTABRA,23.85,24.2,23.5,23.8,155151.0
2020-12-16 11:15:00,NSE:ORIENTABRA,23.8,24.0,23.0,23.3,58255.0
2020-12-16 12:00:00,NSE:ORIENTABRA,23.25,23.45,23.1,23.35,14702.0
2020-12-16 12:45:00,NSE:ORIENTABRA,23.35,23.35,23.05,23.1,13883.0
2020-12-16 13:30:00,NSE:ORIENTABRA,23.05,23.55,23.05,23.25,19576.0
2020-12-16 14:15:00,NSE:ORIENTABRA,23.25,23.35,23.1,23.25,11908.0
2020-12-16 15:00:00,NSE:ORIENTABRA,23.2,23.2,22.8,22.8,27003.0
2020-12-16 15:45:00,NSE:ORIENTABRA,23.0,23.0,23.0,23.0,60.0
2020-12-17 09:00:00,NSE:ORIENTABRA,23.4,23.4,22.55,22.8,11288.0
2020-12-17 09:45:00,NSE:ORIENTABRA,22.8,23.3,22.6,23.15,24777.0
2020-12-17 10:30:00,NSE:ORIENTABRA,23.2,23.2,22.8,22.8,12853.0
2020-12-17 11:15:00,NSE:ORIENTABRA,22.9,22.9,22.6,22.85,4625.0
2020-12-17 12:00:00,NSE:ORIENTABRA,22.85,22.85,22.6,22.85,8138.0
2020-12-17 12:45:00,NSE:ORIENTABRA,22.85,22.85,22.75,22.85,5187.0
2020-12-17 13:30:00,NSE:ORIENTABRA,22.75,22.85,22.75,22.8,5322.0
2020-12-17 14:15:00,NSE:ORIENTABRA,22.85,22.85,22.75,22.85,11566.0
2020-12-17 15:00:00,NSE:ORIENTABRA,22.8,22.9,22.45,22.45,25155.0
2020-12-18 09:00:00,NSE:ORIENTABRA,22.7,23.0,21.6,22.15,4255.0
2020-12-18 09:45:00,NSE:ORIENTABRA,22.0,22.2,21.5,21.9,13143.0
2020-12-18 10:30:00,NSE:ORIENTABRA,21.75,22.3,21.75,22.1,11473.0
2020-12-18 11:15:00,NSE:ORIENTABRA,22.2,22.3,22.1,22.3,3651.0
2020-12-18 12:00:00,NSE:ORIENTABRA,22.3,22.3,22.1,22.1,3836.0
2020-12-18 12:45:00,NSE:ORIENTABRA,22.2,22.25,22.1,22.1,938.0
2020-12-18 13:30:00,NSE:ORIENTABRA,22.1,22.25,22.1,22.1,3413.0
2020-12-18 14:15:00,NSE:ORIENTABRA,22.2,22.25,22.1,22.2,4742.0
2020-12-18 15:00:00,NSE:ORIENTABRA,22.25,22.3,22.0,22.0,8598.0
2020-12-21 09:00:00,NSE:ORIENTABRA,22.0,22.8,21.65,21.7,4073.0
2020-12-21 09:45:00,NSE:ORIENTABRA,22.0,22.5,21.7,21.9,7253.0
2020-12-21 10:30:00,NSE:ORIENTABRA,21.9,22.35,21.85,22.25,10930.0
2020-12-21 11:15:00,NSE:ORIENTABRA,22.25,22.3,22.05,22.25,2744.0
2020-12-21 12:00:00,NSE:ORIENTABRA,22.25,22.25,21.8,21.8,4498.0
2020-12-21 12:45:00,NSE:ORIENTABRA,21.85,22.1,21.6,21.75,11966.0
2020-12-21 13:30:00,NSE:ORIENTABRA,21.75,21.95,21.15,21.15,13335.0
2020-12-21 14:15:00,NSE:ORIENTABRA,21.15,21.9,20.35,20.95,36908.0
2020-12-21 15:00:00,NSE:ORIENTABRA,21.0,21.5,20.55,21.05,25940.0
2020-12-22 09:00:00,NSE:ORIENTABRA,20.9,21.45,20.25,20.25,9752.0
2020-12-22 09:45:00,NSE:ORIENTABRA,20.2,20.9,19.6,20.7,13966.0
2020-12-22 10:30:00,NSE:ORIENTABRA,20.7,20.7,20.45,20.6,1032.0
2020-12-22 11:15:00,NSE:ORIENTABRA,20.7,20.95,20.3,20.45,6981.0
2020-12-22 12:00:00,NSE:ORIENTABRA,20.0,20.45,20.0,20.2,1245.0
2020-12-22 12:45:00,NSE:ORIENTABRA,20.25,20.85,20.25,20.85,1588.0
2020-12-22 13:30:00,NSE:ORIENTABRA,20.45,20.9,20.3,20.9,5815.0
2020-12-22 14:15:00,NSE:ORIENTABRA,20.8,21.1,20.65,20.65,10147.0
2020-12-22 15:00:00,NSE:ORIENTABRA,20.9,22.0,20.75,21.15,18478.0
2020-12-23 09:00:00,NSE:ORIENTABRA,21.5,21.85,20.8,21.7,1848.0
2020-12-23 09:45:00,NSE:ORIENTABRA,21.7,22.0,21.35,22.0,5946.0
2020-12-23 10:30:00,NSE:ORIENTABRA,21.35,21.95,21.35,21.95,2403.0
2020-12-23 11:15:00,NSE:ORIENTABRA,21.85,21.85,21.5,21.75,13637.0
2020-12-23 12:00:00,NSE:ORIENTABRA,21.7,21.9,21.6,21.65,7218.0
2020-12-23 12:45:00,NSE:ORIENTABRA,21.65,21.95,21.65,21.95,6779.0
2020-12-23 13:30:00,NSE:ORIENTABRA,21.75,21.95,21.75,21.75,2488.0
2020-12-23 14:15:00,NSE:ORIENTABRA,21.75,22.0,21.75,21.8,5466.0
2020-12-23 15:00:00,NSE:ORIENTABRA,21.75,22.0,21.65,22.0,7852.0
2020-12-24 09:00:00,NSE:ORIENTABRA,22.0,22.35,21.65,22.35,12465.0
2020-12-24 09:45:00,NSE:ORIENTABRA,22.3,22.5,22.05,22.2,21605.0
2020-12-24 10:30:00,NSE:ORIENTABRA,22.2,22.5,22.2,22.25,15810.0
2020-12-24 11:15:00,NSE:ORIENTABRA,22.25,22.25,22.0,22.0,8109.0
2020-12-24 12:00:00,NSE:ORIENTABRA,22.0,23.55,22.0,23.3,244525.0
2020-12-24 12:45:00,NSE:ORIENTABRA,23.25,23.55,23.0,23.0,95386.0
2020-12-24 13:30:00,NSE:ORIENTABRA,23.05,23.25,22.5,22.75,38612.0
2020-12-24 14:15:00,NSE:ORIENTABRA,22.75,22.8,22.65,22.75,45367.0
2020-12-24 15:00:00,NSE:ORIENTABRA,22.75,22.75,22.15,22.4,12061.0
2020-12-24 15:45:00,NSE:ORIENTABRA,22.4,22.4,22.4,22.4,895.0
2020-12-28 09:00:00,NSE:ORIENTABRA,23.5,23.5,22.85,23.1,30041.0
2020-12-28 09:45:00,NSE:ORIENTABRA,23.1,23.15,22.4,22.9,32909.0
2020-12-28 10:30:00,NSE:ORIENTABRA,22.95,23.1,22.65,22.9,19075.0
2020-12-28 11:15:00,NSE:ORIENTABRA,22.8,23.0,22.8,22.85,2637.0
2020-12-28 12:00:00,NSE:ORIENTABRA,22.9,22.9,22.0,22.3,18941.0
2020-12-28 12:45:00,NSE:ORIENTABRA,22.4,22.7,22.1,22.6,4835.0
2020-12-28 13:30:00,NSE:ORIENTABRA,22.6,22.75,22.5,22.65,9149.0
2020-12-28 14:15:00,NSE:ORIENTABRA,22.7,22.75,22.6,22.7,7488.0
2020-12-28 15:00:00,NSE:ORIENTABRA,22.75,22.8,22.55,22.8,10525.0
2020-12-29 09:00:00,NSE:ORIENTABRA,22.65,23.2,22.35,22.65,9724.0
2020-12-29 09:45:00,NSE:ORIENTABRA,22.6,22.7,22.4,22.5,19175.0
2020-12-29 10:30:00,NSE:ORIENTABRA,22.55,22.85,22.3,22.35,19549.0
2020-12-29 11:15:00,NSE:ORIENTABRA,22.35,22.4,22.3,22.4,3449.0
2020-12-29 12:00:00,NSE:ORIENTABRA,22.4,22.4,22.15,22.4,5757.0
2020-12-29 12:45:00,NSE:ORIENTABRA,22.3,22.4,22.3,22.4,1107.0
2020-12-29 13:30:00,NSE:ORIENTABRA,22.3,23.2,22.25,23.1,32076.0
2020-12-29 14:15:00,NSE:ORIENTABRA,23.2,23.5,22.85,23.0,42816.0
2020-12-29 15:00:00,NSE:ORIENTABRA,22.9,23.05,22.75,22.8,15584.0
2020-12-30 09:00:00,NSE:ORIENTABRA,23.25,23.25,21.1,23.0,29935.0
2020-12-30 09:45:00,NSE:ORIENTABRA,23.0,23.25,22.9,23.2,31023.0
2020-12-30 10:30:00,NSE:ORIENTABRA,23.15,23.15,22.8,23.05,11599.0
2020-12-30 11:15:00,NSE:ORIENTABRA,23.05,23.65,23.0,23.5,93459.0
2020-12-30 12:00:00,NSE:ORIENTABRA,23.4,23.4,23.0,23.1,18062.0
2020-12-30 12:45:00,NSE:ORIENTABRA,23.0,23.0,22.65,22.85,12621.0
2020-12-30 13:30:00,NSE:ORIENTABRA,22.75,23.0,22.75,22.9,15448.0
2020-12-30 14:15:00,NSE:ORIENTABRA,22.8,23.0,22.75,22.75,18908.0
2020-12-30 15:00:00,NSE:ORIENTABRA,22.75,22.9,22.6,22.9,12489.0
2020-12-31 09:00:00,NSE:ORIENTABRA,22.75,23.3,22.75,23.05,6940.0
2020-12-31 09:45:00,NSE:ORIENTABRA,23.0,23.15,22.9,22.9,11561.0
2020-12-31 10:30:00,NSE:ORIENTABRA,22.9,23.05,22.8,22.8,8578.0
2020-12-31 11:15:00,NSE:ORIENTABRA,22.8,22.9,22.65,22.85,14685.0
2020-12-31 12:00:00,NSE:ORIENTABRA,22.7,22.9,22.7,22.7,5704.0
2020-12-31 12:45:00,NSE:ORIENTABRA,22.6,22.75,22.55,22.65,15247.0
2020-12-31 13:30:00,NSE:ORIENTABRA,22.7,22.75,22.45,22.65,15984.0
2020-12-31 14:15:00,NSE:ORIENTABRA,22.7,22.7,22.55,22.65,8715.0
2020-12-31 15:00:00,NSE:ORIENTABRA,22.65,22.75,22.55,22.7,11136.0
2021-01-01 09:00:00,NSE:ORIENTABRA,22.4,23.05,22.4,23.0,12841.0
2021-01-01 09:45:00,NSE:ORIENTABRA,23.05,23.05,22.75,23.0,4814.0
2021-01-01 10:30:00,NSE:ORIENTABRA,23.0,23.0,22.8,22.8,2498.0
2021-01-01 11:15:00,NSE:ORIENTABRA,22.9,23.0,22.75,23.0,3156.0
2021-01-01 12:00:00,NSE:ORIENTABRA,22.65,22.95,22.65,22.75,3744.0
2021-01-01 12:45:00,NSE:ORIENTABRA,22.85,23.0,22.8,22.95,6967.0
2021-01-01 13:30:00,NSE:ORIENTABRA,22.95,22.95,22.5,22.8,12960.0
2021-01-01 14:15:00,NSE:ORIENTABRA,22.8,22.85,22.7,22.85,3285.0
2021-01-01 15:00:00,NSE:ORIENTABRA,22.75,23.85,22.6,23.7,155969.0
2021-01-04 09:00:00,NSE:ORIENTABRA,24.4,24.95,24.0,24.7,127437.0
2021-01-04 09:45:00,NSE:ORIENTABRA,24.7,24.75,24.25,24.35,43993.0
2021-01-04 10:30:00,NSE:ORIENTABRA,24.35,24.5,23.5,23.65,64147.0
2021-01-04 11:15:00,NSE:ORIENTABRA,23.8,24.3,23.75,24.1,24814.0
2021-01-04 12:00:00,NSE:ORIENTABRA,24.0,24.25,24.0,24.1,30214.0
2021-01-04 12:45:00,NSE:ORIENTABRA,24.2,24.25,24.0,24.05,16814.0
2021-01-04 13:30:00,NSE:ORIENTABRA,24.05,24.2,24.0,24.05,14851.0
2021-01-04 14:15:00,NSE:ORIENTABRA,24.25,24.25,23.85,24.0,21522.0
2021-01-04 15:00:00,NSE:ORIENTABRA,24.0,24.2,23.8,23.95,23130.0
2021-01-04 15:45:00,NSE:ORIENTABRA,24.05,24.05,24.05,24.05,297.0
2021-01-05 09:00:00,NSE:ORIENTABRA,24.0,24.9,23.5,24.25,18431.0
2021-01-05 09:45:00,NSE:ORIENTABRA,24.2,24.3,23.8,23.9,21895.0
2021-01-05 10:30:00,NSE:ORIENTABRA,23.95,24.5,23.85,24.4,22654.0
2021-01-05 11:15:00,NSE:ORIENTABRA,24.45,24.45,24.05,24.2,12581.0
2021-01-05 12:00:00,NSE:ORIENTABRA,24.2,24.4,24.15,24.2,6099.0
2021-01-05 12:45:00,NSE:ORIENTABRA,24.2,24.3,24.0,24.25,14441.0
2021-01-05 13:30:00,NSE:ORIENTABRA,24.3,24.3,23.8,24.2,13964.0
2021-01-05 14:15:00,NSE:ORIENTABRA,24.3,24.4,24.15,24.25,6276.0
2021-01-05 15:00:00,NSE:ORIENTABRA,24.1,24.3,24.0,24.25,16097.0
2021-01-05 15:45:00,NSE:ORIENTABRA,24.1,24.1,24.1,24.1,2000.0
2021-01-06 09:00:00,NSE:ORIENTABRA,24.35,24.8,24.0,24.25,22333.0
2021-01-06 09:45:00,NSE:ORIENTABRA,24.25,24.3,24.15,24.3,13083.0
2021-01-06 10:30:00,NSE:ORIENTABRA,24.3,24.5,24.1,24.25,16197.0
2021-01-06 11:15:00,NSE:ORIENTABRA,24.15,24.3,23.5,23.8,25848.0
2021-01-06 12:00:00,NSE:ORIENTABRA,23.75,24.0,23.7,23.85,9219.0
2021-01-06 12:45:00,NSE:ORIENTABRA,23.95,24.0,23.65,23.65,6055.0
2021-01-06 13:30:00,NSE:ORIENTABRA,23.7,23.7,23.3,23.5,13999.0
2021-01-06 14:15:00,NSE:ORIENTABRA,23.5,23.55,23.3,23.45,10336.0
2021-01-06 15:00:00,NSE:ORIENTABRA,23.55,23.85,23.25,23.65,10740.0
2021-01-07 09:00:00,NSE:ORIENTABRA,23.9,24.35,23.6,24.1,21978.0
2021-01-07 09:45:00,NSE:ORIENTABRA,24.1,24.55,23.95,23.95,41606.0
2021-01-07 10:30:00,NSE:ORIENTABRA,24.0,24.1,23.95,23.95,6841.0
2021-01-07 11:15:00,NSE:ORIENTABRA,24.0,24.0,23.7,24.0,8598.0
2021-01-07 12:00:00,NSE:ORIENTABRA,24.0,24.2,23.95,24.2,7738.0
2021-01-07 12:45:00,NSE:ORIENTABRA,24.0,24.0,23.5,23.85,23847.0
2021-01-07 13:30:00,NSE:ORIENTABRA,23.85,23.9,23.6,23.75,14998.0
2021-01-07 14:15:00,NSE:ORIENTABRA,23.75,23.9,23.65,23.85,7686.0
2021-01-07 15:00:00,NSE:ORIENTABRA,23.9,23.9,23.6,23.9,11338.0
2021-01-08 09:00:00,NSE:ORIENTABRA,24.45,24.45,23.7,23.9,5684.0
2021-01-08 09:45:00,NSE:ORIENTABRA,23.8,24.0,23.75,23.95,5933.0
2021-01-08 10:30:00,NSE:ORIENTABRA,23.95,24.8,23.8,24.8,49321.0
2021-01-08 11:15:00,NSE:ORIENTABRA,24.8,26.75,24.75,26.45,537748.0
2021-01-08 12:00:00,NSE:ORIENTABRA,26.3,26.9,26.0,26.0,105734.0
2021-01-08 12:45:00,NSE:ORIENTABRA,26.0,26.3,25.8,26.2,44425.0
2021-01-08 13:30:00,NSE:ORIENTABRA,26.1,26.3,25.85,25.9,60031.0
2021-01-08 14:15:00,NSE:ORIENTABRA,25.85,25.85,24.75,25.2,74857.0
2021-01-08 15:00:00,NSE:ORIENTABRA,25.2,25.65,25.2,25.4,57834.0
2021-01-08 15:45:00,NSE:ORIENTABRA,25.4,25.4,25.25,25.4,1765.0
2021-01-11 09:00:00,NSE:ORIENTABRA,25.9,26.45,25.0,25.5,64085.0
2021-01-11 09:45:00,NSE:ORIENTABRA,25.55,25.6,24.6,24.6,57103.0
2021-01-11 10:30:00,NSE:ORIENTABRA,24.75,24.75,24.1,24.5,22086.0
2021-01-11 11:15:00,NSE:ORIENTABRA,24.5,24.7,24.45,24.7,16756.0
2021-01-11 12:00:00,NSE:ORIENTABRA,24.75,24.75,24.35,24.4,4631.0
2021-01-11 12:45:00,NSE:ORIENTABRA,24.45,24.7,24.3,24.7,13526.0
2021-01-11 13:30:00,NSE:ORIENTABRA,24.35,24.9,24.35,24.7,18761.0
2021-01-11 14:15:00,NSE:ORIENTABRA,24.8,24.9,24.4,24.7,13231.0
2021-01-11 15:00:00,NSE:ORIENTABRA,24.65,25.25,24.5,25.0,28047.0
2021-01-11 15:45:00,NSE:ORIENTABRA,24.8,24.8,24.8,24.8,200.0
2021-01-12 09:00:00,NSE:ORIENTABRA,25.25,26.2,24.5,25.95,54003.0
2021-01-12 09:45:00,NSE:ORIENTABRA,25.95,26.1,25.3,25.95,82763.0
2021-01-12 10:30:00,NSE:ORIENTABRA,25.95,26.2,25.7,26.05,44513.0
2021-01-12 11:15:00,NSE:ORIENTABRA,26.0,26.15,25.7,25.8,30526.0
2021-01-12 12:00:00,NSE:ORIENTABRA,25.85,25.95,25.8,25.8,4110.0
2021-01-12 12:45:00,NSE:ORIENTABRA,25.75,25.8,25.6,25.7,10511.0
2021-01-12 13:30:00,NSE:ORIENTABRA,25.75,26.0,25.6,25.85,27440.0
2021-01-12 14:15:00,NSE:ORIENTABRA,25.9,25.9,25.6,25.7,16330.0
2021-01-12 15:00:00,NSE:ORIENTABRA,25.6,25.95,25.6,25.8,33798.0
2021-01-12 15:45:00,NSE:ORIENTABRA,25.7,25.8,25.7,25.7,30.0
2021-01-13 09:00:00,NSE:ORIENTABRA,25.45,26.15,25.45,25.85,14084.0
2021-01-13 09:45:00,NSE:ORIENTABRA,25.8,25.85,25.6,25.65,17173.0
2021-01-13 10:30:00,NSE:ORIENTABRA,25.8,25.8,25.3,25.55,6967.0
2021-01-13 11:15:00,NSE:ORIENTABRA,25.4,25.55,24.6,24.6,22846.0
2021-01-13 12:00:00,NSE:ORIENTABRA,24.7,25.05,24.65,25.0,13715.0
2021-01-13 12:45:00,NSE:ORIENTABRA,25.0,25.0,24.7,24.85,10178.0
2021-01-13 13:30:00,NSE:ORIENTABRA,24.8,24.85,24.65,24.75,7334.0
2021-01-13 14:15:00,NSE:ORIENTABRA,24.8,24.95,24.75,24.95,10407.0
2021-01-13 15:00:00,NSE:ORIENTABRA,24.95,25.0,24.75,24.8,17641.0
2021-01-14 09:00:00,NSE:ORIENTABRA,24.55,25.8,24.05,25.8,55150.0
2021-01-14 09:45:00,NSE:ORIENTABRA,25.85,27.7,25.6,27.6,430941.0
2021-01-14 10:30:00,NSE:ORIENTABRA,27.7,28.85,27.5,28.4,563192.0
2021-01-14 11:15:00,NSE:ORIENTABRA,28.3,28.75,28.1,28.25,108748.0
2021-01-14 12:00:00,NSE:ORIENTABRA,28.2,28.5,28.05,28.15,70298.0
2021-01-14 12:45:00,NSE:ORIENTABRA,28.2,28.7,28.1,28.7,79016.0
2021-01-14 13:30:00,NSE:ORIENTABRA,28.7,29.4,28.6,29.2,329362.0
2021-01-14 14:15:00,NSE:ORIENTABRA,29.15,29.3,28.1,28.5,185922.0
2021-01-14 15:00:00,NSE:ORIENTABRA,28.5,28.55,27.65,28.0,159943.0
2021-01-14 15:45:00,NSE:ORIENTABRA,28.0,28.0,28.0,28.0,328.0
2021-01-15 09:00:00,NSE:ORIENTABRA,28.6,28.6,25.5,26.8,195272.0
2021-01-15 09:45:00,NSE:ORIENTABRA,26.85,27.0,26.25,26.9,45252.0
2021-01-15 10:30:00,NSE:ORIENTABRA,27.0,27.0,26.4,26.4,32420.0
2021-01-15 11:15:00,NSE:ORIENTABRA,26.45,26.75,25.7,25.7,79354.0
2021-01-15 12:00:00,NSE:ORIENTABRA,25.6,25.95,24.85,25.95,137987.0
2021-01-15 12:45:00,NSE:ORIENTABRA,25.95,26.1,25.6,25.75,26834.0
2021-01-15 13:30:00,NSE:ORIENTABRA,25.8,25.95,25.6,25.6,14074.0
2021-01-15 14:15:00,NSE:ORIENTABRA,25.6,26.2,25.35,25.8,51177.0
2021-01-15 15:00:00,NSE:ORIENTABRA,25.7,26.25,25.65,25.9,51291.0
2021-01-15 15:45:00,NSE:ORIENTABRA,25.9,25.9,25.9,25.9,25.0
2021-01-18 09:00:00,NSE:ORIENTABRA,25.4,25.8,25.15,25.3,25257.0
2021-01-18 09:45:00,NSE:ORIENTABRA,25.3,25.8,25.25,25.3,23445.0
2021-01-18 10:30:00,NSE:ORIENTABRA,25.25,25.45,25.1,25.4,17930.0
2021-01-18 11:15:00,NSE:ORIENTABRA,25.3,25.35,25.1,25.3,14480.0
2021-01-18 12:00:00,NSE:ORIENTABRA,25.25,25.4,25.25,25.35,5076.0
2021-01-18 12:45:00,NSE:ORIENTABRA,25.4,25.45,25.15,25.15,13607.0
2021-01-18 13:30:00,NSE:ORIENTABRA,25.25,25.5,25.1,25.4,10301.0
2021-01-18 14:15:00,NSE:ORIENTABRA,25.35,25.5,25.1,25.25,10630.0
2021-01-18 15:00:00,NSE:ORIENTABRA,25.25,25.3,25.05,25.15,13359.0
2021-01-18 15:45:00,NSE:ORIENTABRA,25.15,25.15,25.15,25.15,1021.0
2021-01-19 09:00:00,NSE:ORIENTABRA,25.2,25.65,25.2,25.4,14624.0
2021-01-19 09:45:00,NSE:ORIENTABRA,25.3,25.5,25.3,25.5,2805.0
2021-01-19 10:30:00,NSE:ORIENTABRA,25.35,25.5,25.25,25.25,9084.0
2021-01-19 11:15:00,NSE:ORIENTABRA,25.25,25.35,25.2,25.3,12263.0
2021-01-19 12:00:00,NSE:ORIENTABRA,25.3,25.5,25.2,25.5,7711.0
2021-01-19 12:45:00,NSE:ORIENTABRA,25.5,27.7,25.3,26.75,89794.0
2021-01-19 13:30:00,NSE:ORIENTABRA,26.75,26.75,26.15,26.5,24603.0
2021-01-19 14:15:00,NSE:ORIENTABRA,26.5,26.7,26.4,26.6,14666.0
2021-01-19 15:00:00,NSE:ORIENTABRA,26.5,26.6,26.0,26.25,30711.0
2021-01-20 09:00:00,NSE:ORIENTABRA,26.2,27.05,26.1,26.25,25551.0
2021-01-20 09:45:00,NSE:ORIENTABRA,26.3,26.8,26.2,26.65,14743.0
2021-01-20 10:30:00,NSE:ORIENTABRA,26.55,26.6,26.3,26.3,5051.0
2021-01-20 11:15:00,NSE:ORIENTABRA,26.45,26.5,26.3,26.35,3165.0
2021-01-20 12:00:00,NSE:ORIENTABRA,26.45,26.45,26.3,26.3,6349.0
2021-01-20 12:45:00,NSE:ORIENTABRA,26.3,26.4,26.2,26.25,7888.0
2021-01-20 13:30:00,NSE:ORIENTABRA,26.25,26.35,26.25,26.3,2197.0
2021-01-20 14:15:00,NSE:ORIENTABRA,26.3,26.3,26.15,26.15,2972.0
2021-01-20 15:00:00,NSE:ORIENTABRA,26.15,26.3,25.85,26.1,14640.0
2021-01-21 09:00:00,NSE:ORIENTABRA,26.4,26.4,25.7,25.95,13055.0
2021-01-21 09:45:00,NSE:ORIENTABRA,25.8,25.95,25.75,25.9,3164.0
2021-01-21 10:30:00,NSE:ORIENTABRA,25.9,25.95,25.6,25.95,5439.0
2021-01-21 11:15:00,NSE:ORIENTABRA,25.7,25.85,25.5,25.8,9715.0
2021-01-21 12:00:00,NSE:ORIENTABRA,25.75,26.15,25.65,25.9,13662.0
2021-01-21 12:45:00,NSE:ORIENTABRA,25.9,26.0,25.5,25.65,10890.0
2021-01-21 13:30:00,NSE:ORIENTABRA,25.65,25.7,25.5,25.7,9889.0
2021-01-21 14:15:00,NSE:ORIENTABRA,25.55,25.7,25.3,25.3,6755.0
2021-01-21 15:00:00,NSE:ORIENTABRA,25.5,25.5,25.1,25.3,12293.0
2021-01-21 15:45:00,NSE:ORIENTABRA,25.25,25.3,25.25,25.25,537.0
2021-01-22 09:00:00,NSE:ORIENTABRA,24.8,26.4,24.75,25.3,8988.0
2021-01-22 09:45:00,NSE:ORIENTABRA,25.35,26.0,25.35,25.9,13516.0
2021-01-22 10:30:00,NSE:ORIENTABRA,25.8,25.95,25.5,25.5,12164.0
2021-01-22 11:15:00,NSE:ORIENTABRA,25.5,25.5,25.15,25.25,2904.0
2021-01-22 12:00:00,NSE:ORIENTABRA,25.3,25.35,25.0,25.05,5999.0
2021-01-22 12:45:00,NSE:ORIENTABRA,25.15,25.15,24.8,24.9,6664.0
2021-01-22 13:30:00,NSE:ORIENTABRA,24.75,24.95,24.7,24.95,3546.0
2021-01-22 14:15:00,NSE:ORIENTABRA,25.0,25.0,24.85,24.9,5423.0
2021-01-22 15:00:00,NSE:ORIENTABRA,24.85,25.1,24.65,24.85,30295.0
2021-01-25 09:00:00,NSE:ORIENTABRA,25.25,25.3,24.3,24.3,5730.0
2021-01-25 09:45:00,NSE:ORIENTABRA,24.3,24.55,24.05,24.35,13661.0
2021-01-25 10:30:00,NSE:ORIENTABRA,24.35,24.65,24.35,24.4,5139.0
2021-01-25 11:15:00,NSE:ORIENTABRA,24.45,24.55,24.4,24.45,3907.0
2021-01-25 12:00:00,NSE:ORIENTABRA,24.5,24.5,24.45,24.5,1006.0
2021-01-25 12:45:00,NSE:ORIENTABRA,24.4,24.55,24.4,24.5,631.0
2021-01-25 13:30:00,NSE:ORIENTABRA,24.6,24.65,24.45,24.45,4187.0
2021-01-25 14:15:00,NSE:ORIENTABRA,24.5,24.5,24.35,24.5,9354.0
2021-01-25 15:00:00,NSE:ORIENTABRA,24.35,24.5,24.05,24.2,5663.0
2021-01-25 15:45:00,NSE:ORIENTABRA,24.2,24.2,24.2,24.2,790.0
2021-01-27 09:00:00,NSE:ORIENTABRA,24.3,24.9,24.2,24.6,7053.0
2021-01-27 09:45:00,NSE:ORIENTABRA,24.45,24.6,24.15,24.15,8114.0
2021-01-27 10:30:00,NSE:ORIENTABRA,24.15,24.25,23.9,23.95,10208.0
2021-01-27 11:15:00,NSE:ORIENTABRA,24.0,24.15,24.0,24.05,4405.0
2021-01-27 12:00:00,NSE:ORIENTABRA,24.2,24.2,24.0,24.0,350.0
2021-01-27 12:45:00,NSE:ORIENTABRA,24.05,24.15,23.95,24.1,876.0
2021-01-27 13:30:00,NSE:ORIENTABRA,23.95,24.1,23.95,24.0,2361.0
2021-01-27 14:15:00,NSE:ORIENTABRA,23.9,23.9,23.6,23.9,9475.0
2021-01-27 15:00:00,NSE:ORIENTABRA,23.9,24.0,23.7,23.85,7512.0
2021-01-28 09:00:00,NSE:ORIENTABRA,24.55,24.55,23.8,24.15,3261.0
2021-01-28 09:45:00,NSE:ORIENTABRA,24.0,24.4,24.0,24.4,1742.0
2021-01-28 10:30:00,NSE:ORIENTABRA,24.4,24.4,24.2,24.3,1833.0
2021-01-28 11:15:00,NSE:ORIENTABRA,24.3,24.4,24.15,24.35,1337.0
2021-01-28 12:00:00,NSE:ORIENTABRA,24.2,24.2,23.95,24.05,11987.0
2021-01-28 12:45:00,NSE:ORIENTABRA,24.0,24.0,24.0,24.0,68.0
2021-01-28 13:30:00,NSE:ORIENTABRA,24.0,24.1,23.5,23.6,5842.0
2021-01-28 14:15:00,NSE:ORIENTABRA,23.9,24.1,23.65,23.8,4201.0
2021-01-28 15:00:00,NSE:ORIENTABRA,23.85,24.4,23.2,23.65,18797.0
2021-01-29 09:00:00,NSE:ORIENTABRA,24.5,24.65,24.15,24.4,5579.0
2021-01-29 09:45:00,NSE:ORIENTABRA,24.35,24.35,24.05,24.25,5179.0
2021-01-29 10:30:00,NSE:ORIENTABRA,24.1,24.3,24.05,24.1,2966.0
2021-01-29 11:15:00,NSE:ORIENTABRA,24.05,24.15,24.0,24.15,1896.0
2021-01-29 12:00:00,NSE:ORIENTABRA,24.15,24.15,23.95,24.1,1567.0
2021-01-29 12:45:00,NSE:ORIENTABRA,24.1,24.1,23.95,23.95,1059.0
2021-01-29 13:30:00,NSE:ORIENTABRA,23.95,24.1,23.8,23.95,2077.0
2021-01-29 14:15:00,NSE:ORIENTABRA,23.95,24.8,23.9,24.6,14394.0
2021-01-29 15:00:00,NSE:ORIENTABRA,24.65,24.75,24.4,24.7,27309.0
2021-01-29 15:45:00,NSE:ORIENTABRA,24.6,24.6,24.6,24.6,5.0
2021-02-01 09:00:00,NSE:ORIENTABRA,25.4,25.4,24.0,24.95,37929.0
2021-02-01 09:45:00,NSE:ORIENTABRA,24.95,25.2,24.7,25.15,16024.0
2021-02-01 10:30:00,NSE:ORIENTABRA,25.15,25.8,25.15,25.45,32729.0
2021-02-01 11:15:00,NSE:ORIENTABRA,25.5,25.95,25.3,25.5,12857.0
2021-02-01 12:00:00,NSE:ORIENTABRA,25.65,25.65,25.15,25.3,24664.0
2021-02-01 12:45:00,NSE:ORIENTABRA,25.2,25.35,25.2,25.35,4675.0
2021-02-01 13:30:00,NSE:ORIENTABRA,25.35,25.5,25.15,25.3,7132.0
2021-02-01 14:15:00,NSE:ORIENTABRA,25.2,25.6,25.2,25.25,13316.0
2021-02-01 15:00:00,NSE:ORIENTABRA,25.6,25.6,25.25,25.5,12216.0
2021-02-02 09:00:00,NSE:ORIENTABRA,25.5,25.9,25.0,25.2,7799.0
2021-02-02 09:45:00,NSE:ORIENTABRA,25.2,25.8,25.2,25.45,8209.0
2021-02-02 10:30:00,NSE:ORIENTABRA,25.35,25.5,25.15,25.3,11225.0
2021-02-02 11:15:00,NSE:ORIENTABRA,25.3,25.3,25.05,25.1,4345.0
2021-02-02 12:00:00,NSE:ORIENTABRA,25.2,25.4,25.2,25.4,3791.0
2021-02-02 12:45:00,NSE:ORIENTABRA,25.15,25.3,25.15,25.3,94.0
2021-02-02 13:30:00,NSE:ORIENTABRA,25.25,25.5,25.15,25.2,6908.0
2021-02-02 14:15:00,NSE:ORIENTABRA,25.25,25.4,25.0,25.15,5953.0
2021-02-02 15:00:00,NSE:ORIENTABRA,25.05,25.35,24.6,24.7,13393.0
2021-02-03 09:00:00,NSE:ORIENTABRA,25.0,25.0,24.6,24.75,14291.0
2021-02-03 09:45:00,NSE:ORIENTABRA,24.8,25.0,24.65,24.7,25892.0
2021-02-03 10:30:00,NSE:ORIENTABRA,24.85,24.9,24.65,24.8,8805.0
2021-02-03 11:15:00,NSE:ORIENTABRA,24.8,24.8,24.65,24.8,12409.0
2021-02-03 12:00:00,NSE:ORIENTABRA,24.8,24.8,24.65,24.75,4028.0
2021-02-03 12:45:00,NSE:ORIENTABRA,24.75,24.8,24.65,24.7,11431.0
2021-02-03 13:30:00,NSE:ORIENTABRA,24.7,24.75,24.6,24.6,5748.0
2021-02-03 14:15:00,NSE:ORIENTABRA,24.6,24.85,24.6,24.65,6472.0
2021-02-03 15:00:00,NSE:ORIENTABRA,24.7,24.7,24.4,24.55,11396.0
2021-02-03 15:45:00,NSE:ORIENTABRA,24.55,24.55,24.55,24.55,188.0
2021-02-04 09:00:00,NSE:ORIENTABRA,24.85,25.0,24.65,24.7,9976.0
2021-02-04 09:45:00,NSE:ORIENTABRA,24.7,24.7,23.75,24.2,44751.0
2021-02-04 10:30:00,NSE:ORIENTABRA,24.05,24.05,23.65,23.8,50102.0
2021-02-04 11:15:00,NSE:ORIENTABRA,23.85,24.0,23.85,23.9,16573.0
2021-02-04 12:00:00,NSE:ORIENTABRA,23.9,24.0,23.7,24.0,11975.0
2021-02-04 12:45:00,NSE:ORIENTABRA,24.0,24.1,23.9,24.1,6546.0
2021-02-04 13:30:00,NSE:ORIENTABRA,24.1,24.15,24.0,24.0,6706.0
2021-02-04 14:15:00,NSE:ORIENTABRA,23.95,24.0,23.9,23.95,3500.0
2021-02-04 15:00:00,NSE:ORIENTABRA,23.95,24.1,23.9,23.95,15470.0
2021-02-04 15:45:00,NSE:ORIENTABRA,23.95,23.95,23.95,23.95,10.0
2021-02-05 09:00:00,NSE:ORIENTABRA,23.8,24.25,23.8,24.05,7977.0
2021-02-05 09:45:00,NSE:ORIENTABRA,24.15,24.2,23.9,23.9,7138.0
2021-02-05 10:30:00,NSE:ORIENTABRA,24.0,24.1,23.85,24.05,5559.0
2021-02-05 11:15:00,NSE:ORIENTABRA,24.05,24.05,23.85,23.9,3132.0
2021-02-05 12:00:00,NSE:ORIENTABRA,23.9,24.1,23.9,24.05,5093.0
2021-02-05 12:45:00,NSE:ORIENTABRA,24.05,24.2,24.05,24.15,3052.0
2021-02-05 13:30:00,NSE:ORIENTABRA,24.15,24.15,23.9,23.95,2128.0
2021-02-05 14:15:00,NSE:ORIENTABRA,24.1,24.1,23.95,23.95,767.0
2021-02-05 15:00:00,NSE:ORIENTABRA,23.95,24.1,23.8,23.9,6822.0
2021-02-08 09:00:00,NSE:ORIENTABRA,24.55,24.55,23.7,24.3,5032.0
2021-02-08 09:45:00,NSE:ORIENTABRA,24.15,24.2,24.0,24.15,4160.0
2021-02-08 10:30:00,NSE:ORIENTABRA,24.15,24.2,24.0,24.1,8117.0
2021-02-08 11:15:00,NSE:ORIENTABRA,24.05,24.15,23.9,24.1,2102.0
2021-02-08 12:00:00,NSE:ORIENTABRA,24.05,24.2,24.05,24.2,5478.0
2021-02-08 12:45:00,NSE:ORIENTABRA,24.15,24.5,24.15,24.4,8892.0
2021-02-08 13:30:00,NSE:ORIENTABRA,24.3,24.5,24.25,24.5,2837.0
2021-02-08 14:15:00,NSE:ORIENTABRA,24.15,24.35,24.0,24.05,4786.0
2021-02-08 15:00:00,NSE:ORIENTABRA,24.2,24.3,24.0,24.0,4148.0
2021-02-08 15:45:00,NSE:ORIENTABRA,24.1,24.1,24.1,24.1,500.0
2021-02-09 09:00:00,NSE:ORIENTABRA,24.6,24.6,23.8,23.85,4587.0
2021-02-09 09:45:00,NSE:ORIENTABRA,23.9,24.0,23.8,23.95,9698.0
2021-02-09 10:30:00,NSE:ORIENTABRA,23.95,24.15,23.9,24.1,4849.0
2021-02-09 11:15:00,NSE:ORIENTABRA,24.05,24.05,23.85,23.85,4226.0
2021-02-09 12:00:00,NSE:ORIENTABRA,23.85,23.95,23.85,23.9,2875.0
2021-02-09 12:45:00,NSE:ORIENTABRA,23.9,23.95,23.9,23.95,929.0
2021-02-09 13:30:00,NSE:ORIENTABRA,23.95,24.0,23.95,24.0,213.0
2021-02-09 14:15:00,NSE:ORIENTABRA,23.9,23.9,23.85,23.85,3922.0
2021-02-09 15:00:00,NSE:ORIENTABRA,23.85,23.95,23.8,23.85,5151.0
2021-02-10 09:00:00,NSE:ORIENTABRA,23.9,24.3,23.2,23.6,3954.0
2021-02-10 09:45:00,NSE:ORIENTABRA,23.6,23.7,23.5,23.5,8371.0
2021-02-10 10:30:00,NSE:ORIENTABRA,23.4,23.5,23.15,23.45,14404.0
2021-02-10 11:15:00,NSE:ORIENTABRA,23.45,23.5,23.4,23.5,1434.0
2021-02-10 12:00:00,NSE:ORIENTABRA,23.4,23.5,23.35,23.5,1975.0
2021-02-10 12:45:00,NSE:ORIENTABRA,23.5,23.55,23.4,23.45,2690.0
2021-02-10 13:30:00,NSE:ORIENTABRA,23.5,23.5,23.3,23.3,3792.0
2021-02-10 14:15:00,NSE:ORIENTABRA,23.45,23.55,23.35,23.45,2697.0
2021-02-10 15:00:00,NSE:ORIENTABRA,23.4,23.5,23.35,23.45,3766.0
2021-02-11 09:00:00,NSE:ORIENTABRA,23.65,23.7,23.3,23.35,8074.0
2021-02-11 09:45:00,NSE:ORIENTABRA,23.3,23.6,23.3,23.35,3878.0
2021-02-11 10:30:00,NSE:ORIENTABRA,23.35,23.5,23.35,23.5,2261.0
2021-02-11 11:15:00,NSE:ORIENTABRA,23.4,23.55,23.4,23.55,3718.0
2021-02-11 12:00:00,NSE:ORIENTABRA,23.4,23.4,22.85,23.35,28429.0
2021-02-11 12:45:00,NSE:ORIENTABRA,23.35,23.35,23.15,23.35,1928.0
2021-02-11 13:30:00,NSE:ORIENTABRA,23.35,23.35,23.2,23.3,2654.0
2021-02-11 14:15:00,NSE:ORIENTABRA,23.35,23.5,23.05,23.05,13476.0
2021-02-11 15:00:00,NSE:ORIENTABRA,23.15,23.9,23.1,23.15,14554.0
2021-02-12 09:00:00,NSE:ORIENTABRA,23.35,23.45,22.8,23.1,22751.0
2021-02-12 09:45:00,NSE:ORIENTABRA,23.2,23.2,23.0,23.1,7435.0
2021-02-12 10:30:00,NSE:ORIENTABRA,23.0,23.5,23.0,23.35,23173.0
2021-02-12 11:15:00,NSE:ORIENTABRA,23.4,23.45,23.3,23.3,987.0
2021-02-12 12:00:00,NSE:ORIENTABRA,23.3,23.3,23.05,23.05,6592.0
2021-02-12 12:45:00,NSE:ORIENTABRA,23.2,23.35,23.2,23.35,3956.0
2021-02-12 13:30:00,NSE:ORIENTABRA,23.35,23.35,23.2,23.2,3200.0
2021-02-12 14:15:00,NSE:ORIENTABRA,23.2,23.3,23.2,23.25,1204.0
2021-02-12 15:00:00,NSE:ORIENTABRA,23.2,23.4,23.1,23.4,4901.0
2021-02-15 09:00:00,NSE:ORIENTABRA,23.9,23.9,23.25,23.4,5430.0
2021-02-15 09:45:00,NSE:ORIENTABRA,23.4,23.45,23.3,23.45,2612.0
2021-02-15 10:30:00,NSE:ORIENTABRA,23.5,23.5,23.25,23.35,6218.0
2021-02-15 11:15:00,NSE:ORIENTABRA,23.35,23.5,23.3,23.45,1839.0
2021-02-15 12:00:00,NSE:ORIENTABRA,23.45,23.45,23.3,23.4,2747.0
2021-02-15 12:45:00,NSE:ORIENTABRA,23.3,23.45,23.3,23.3,1234.0
2021-02-15 13:30:00,NSE:ORIENTABRA,23.3,23.4,23.25,23.25,2250.0
2021-02-15 14:15:00,NSE:ORIENTABRA,23.25,23.35,23.25,23.25,1373.0
2021-02-15 15:00:00,NSE:ORIENTABRA,23.25,23.35,23.15,23.2,7569.0
2021-02-16 09:00:00,NSE:ORIENTABRA,23.4,23.4,23.2,23.25,2907.0
2021-02-16 09:45:00,NSE:ORIENTABRA,23.25,23.35,23.25,23.25,590.0
2021-02-16 10:30:00,NSE:ORIENTABRA,23.25,23.25,23.1,23.15,597.0
2021-02-16 11:15:00,NSE:ORIENTABRA,23.1,23.15,22.95,23.0,5134.0
2021-02-16 12:00:00,NSE:ORIENTABRA,23.0,23.0,22.85,22.95,3879.0
2021-02-16 12:45:00,NSE:ORIENTABRA,22.95,22.95,22.8,22.9,1106.0
2021-02-16 13:30:00,NSE:ORIENTABRA,22.8,22.9,22.8,22.85,2085.0
2021-02-16 14:15:00,NSE:ORIENTABRA,22.95,23.0,22.75,22.8,2566.0
2021-02-16 15:00:00,NSE:ORIENTABRA,22.8,22.95,22.8,22.8,4394.0
2021-02-17 09:00:00,NSE:ORIENTABRA,23.0,23.0,22.2,22.45,21221.0
2021-02-17 09:45:00,NSE:ORIENTABRA,22.45,22.55,22.3,22.45,19849.0
2021-02-17 10:30:00,NSE:ORIENTABRA,22.45,22.5,22.35,22.45,6566.0
2021-02-17 11:15:00,NSE:ORIENTABRA,22.45,22.5,22.3,22.5,14272.0
2021-02-17 12:00:00,NSE:ORIENTABRA,22.4,22.55,22.4,22.55,3269.0
2021-02-17 12:45:00,NSE:ORIENTABRA,22.55,22.6,22.5,22.5,1102.0
2021-02-17 13:30:00,NSE:ORIENTABRA,22.55,22.55,22.4,22.4,2903.0
2021-02-17 14:15:00,NSE:ORIENTABRA,22.55,22.55,22.45,22.55,2537.0
2021-02-17 15:00:00,NSE:ORIENTABRA,22.55,22.7,22.45,22.55,7219.0
2021-02-17 15:45:00,NSE:ORIENTABRA,22.55,22.55,22.55,22.55,100.0
2021-02-18 09:00:00,NSE:ORIENTABRA,22.4,23.4,22.4,23.25,13738.0
2021-02-18 09:45:00,NSE:ORIENTABRA,23.15,23.3,23.05,23.15,19233.0
2021-02-18 10:30:00,NSE:ORIENTABRA,23.2,23.25,23.15,23.25,7536.0
2021-02-18 11:15:00,NSE:ORIENTABRA,23.25,23.95,23.25,23.75,41468.0
2021-02-18 12:00:00,NSE:ORIENTABRA,23.8,23.8,23.1,23.2,14555.0
2021-02-18 12:45:00,NSE:ORIENTABRA,23.2,23.4,23.15,23.3,4969.0
2021-02-18 13:30:00,NSE:ORIENTABRA,23.3,23.45,23.15,23.45,5858.0
2021-02-18 14:15:00,NSE:ORIENTABRA,23.4,23.45,23.2,23.4,4914.0
2021-02-18 15:00:00,NSE:ORIENTABRA,23.2,23.5,23.15,23.5,9051.0
2021-02-18 15:45:00,NSE:ORIENTABRA,23.25,23.25,23.25,23.25,104.0
2021-02-19 09:00:00,NSE:ORIENTABRA,23.8,23.8,23.05,23.45,3259.0
2021-02-19 09:45:00,NSE:ORIENTABRA,23.45,23.45,23.25,23.45,2002.0
2021-02-19 10:30:00,NSE:ORIENTABRA,23.35,23.35,23.1,23.1,13267.0
2021-02-19 11:15:00,NSE:ORIENTABRA,23.25,23.3,23.1,23.1,6341.0
2021-02-19 12:00:00,NSE:ORIENTABRA,23.1,23.1,22.95,23.0,7273.0
2021-02-19 12:45:00,NSE:ORIENTABRA,23.0,23.0,22.85,22.85,9252.0
2021-02-19 13:30:00,NSE:ORIENTABRA,22.85,22.95,22.8,22.8,6565.0
2021-02-19 14:15:00,NSE:ORIENTABRA,22.8,22.9,22.75,22.8,2226.0
2021-02-19 15:00:00,NSE:ORIENTABRA,22.8,22.9,22.65,22.85,12890.0
2021-02-22 09:00:00,NSE:ORIENTABRA,23.25,23.25,22.7,22.9,2706.0
2021-02-22 09:45:00,NSE:ORIENTABRA,22.9,22.9,22.5,22.55,3800.0
2021-02-22 10:30:00,NSE:ORIENTABRA,22.5,22.6,22.5,22.6,2285.0
2021-02-22 11:15:00,NSE:ORIENTABRA,22.6,22.65,22.55,22.55,881.0
2021-02-22 12:00:00,NSE:ORIENTABRA,22.55,22.55,22.1,22.3,13558.0
2021-02-22 12:45:00,NSE:ORIENTABRA,22.35,22.45,22.2,22.45,2891.0
2021-02-22 13:30:00,NSE:ORIENTABRA,22.45,22.45,22.25,22.35,747.0
2021-02-22 14:15:00,NSE:ORIENTABRA,22.35,22.4,22.1,22.4,2539.0
2021-02-22 15:00:00,NSE:ORIENTABRA,22.25,22.45,22.1,22.1,12458.0
2021-02-23 09:00:00,NSE:ORIENTABRA,23.05,23.05,22.25,22.35,5041.0
2021-02-23 09:45:00,NSE:ORIENTABRA,22.5,22.6,22.25,22.6,2782.0
2021-02-23 10:30:00,NSE:ORIENTABRA,22.6,22.75,22.55,22.55,7124.0
2021-02-23 11:15:00,NSE:ORIENTABRA,22.7,22.85,22.5,22.55,6701.0
2021-02-23 12:00:00,NSE:ORIENTABRA,22.6,22.65,22.55,22.6,292.0
2021-02-23 12:45:00,NSE:ORIENTABRA,22.55,22.8,22.55,22.8,2518.0
2021-02-23 13:30:00,NSE:ORIENTABRA,22.75,22.75,22.65,22.65,183.0
2021-02-23 14:15:00,NSE:ORIENTABRA,22.8,23.05,22.8,22.95,6934.0
2021-02-23 15:00:00,NSE:ORIENTABRA,22.85,22.95,22.25,22.7,18214.0
2021-02-24 09:00:00,NSE:ORIENTABRA,23.15,23.15,22.7,22.7,1150.0
2021-02-24 09:45:00,NSE:ORIENTABRA,22.85,23.0,22.65,22.7,3536.0
2021-02-24 10:30:00,NSE:ORIENTABRA,22.6,23.0,22.6,22.9,22534.0
2021-02-24 11:15:00,NSE:ORIENTABRA,22.95,23.0,22.9,22.9,6598.0
2021-02-24 15:45:00,NSE:ORIENTABRA,22.9,23.0,22.75,23.0,5128.0
2021-02-24 16:30:00,NSE:ORIENTABRA,23.0,23.0,22.95,23.0,3783.0
2021-02-25 09:00:00,NSE:ORIENTABRA,23.6,23.6,22.95,23.0,4689.0
2021-02-25 09:45:00,NSE:ORIENTABRA,23.05,23.1,23.0,23.0,4743.0
2021-02-25 10:30:00,NSE:ORIENTABRA,23.0,23.2,22.9,23.15,5047.0
2021-02-25 11:15:00,NSE:ORIENTABRA,23.15,23.25,23.0,23.0,6988.0
2021-02-25 12:00:00,NSE:ORIENTABRA,23.1,23.15,23.0,23.15,2141.0
2021-02-25 12:45:00,NSE:ORIENTABRA,23.15,23.15,22.85,23.05,6498.0
2021-02-25 13:30:00,NSE:ORIENTABRA,23.05,23.05,22.8,22.95,4385.0
2021-02-25 14:15:00,NSE:ORIENTABRA,22.95,22.95,22.85,22.85,5279.0
2021-02-25 15:00:00,NSE:ORIENTABRA,22.85,23.05,22.8,22.85,9270.0
2021-02-26 09:00:00,NSE:ORIENTABRA,22.85,22.9,22.4,22.9,2198.0
2021-02-26 09:45:00,NSE:ORIENTABRA,22.85,22.85,22.65,22.65,3648.0
2021-02-26 10:30:00,NSE:ORIENTABRA,22.6,22.85,22.6,22.75,1790.0
2021-02-26 11:15:00,NSE:ORIENTABRA,22.8,22.8,22.5,22.5,4928.0
2021-02-26 12:00:00,NSE:ORIENTABRA,22.5,22.6,22.35,22.35,7026.0
2021-02-26 12:45:00,NSE:ORIENTABRA,22.35,22.55,22.35,22.55,4640.0
2021-02-26 13:30:00,NSE:ORIENTABRA,22.55,22.7,22.3,22.35,2210.0
2021-02-26 14:15:00,NSE:ORIENTABRA,22.35,22.7,22.35,22.7,8766.0
2021-02-26 15:00:00,NSE:ORIENTABRA,22.7,22.7,22.4,22.5,9431.0
2021-02-26 15:45:00,NSE:ORIENTABRA,22.5,22.5,22.5,22.5,1.0
2021-03-01 09:00:00,NSE:ORIENTABRA,22.95,22.95,22.7,22.75,8328.0
2021-03-01 09:45:00,NSE:ORIENTABRA,22.8,22.85,22.5,22.85,7001.0
2021-03-01 10:30:00,NSE:ORIENTABRA,22.8,23.1,22.7,23.1,10060.0
2021-03-01 11:15:00,NSE:ORIENTABRA,23.15,23.75,23.1,23.25,15349.0
2021-03-01 12:00:00,NSE:ORIENTABRA,23.05,23.2,23.0,23.15,3808.0
2021-03-01 12:45:00,NSE:ORIENTABRA,23.1,23.15,23.05,23.1,2253.0
2021-03-01 13:30:00,NSE:ORIENTABRA,23.0,23.2,22.85,22.85,4512.0
2021-03-01 14:15:00,NSE:ORIENTABRA,22.95,23.0,22.8,23.0,4303.0
2021-03-01 15:00:00,NSE:ORIENTABRA,22.85,22.95,22.8,22.85,7131.0
2021-03-01 15:45:00,NSE:ORIENTABRA,22.85,22.85,22.85,22.85,370.0
2021-03-02 09:00:00,NSE:ORIENTABRA,23.05,23.3,23.05,23.2,1172.0
2021-03-02 09:45:00,NSE:ORIENTABRA,23.15,23.8,23.15,23.4,13937.0
2021-03-02 10:30:00,NSE:ORIENTABRA,23.3,23.3,23.15,23.15,1900.0
2021-03-02 11:15:00,NSE:ORIENTABRA,23.25,23.55,23.15,23.3,6161.0
2021-03-02 12:00:00,NSE:ORIENTABRA,23.35,23.45,23.0,23.25,8142.0
2021-03-02 12:45:00,NSE:ORIENTABRA,23.25,23.25,23.1,23.1,967.0
2021-03-02 13:30:00,NSE:ORIENTABRA,23.1,23.2,23.1,23.15,2740.0
2021-03-02 14:15:00,NSE:ORIENTABRA,23.15,23.2,23.1,23.15,1221.0
2021-03-02 15:00:00,NSE:ORIENTABRA,23.15,23.2,22.55,22.75,14122.0
2021-03-02 15:45:00,NSE:ORIENTABRA,22.9,22.9,22.75,22.9,1372.0
2021-03-03 09:00:00,NSE:ORIENTABRA,22.9,23.75,22.9,23.4,9870.0
2021-03-03 09:45:00,NSE:ORIENTABRA,23.35,23.4,23.25,23.25,6185.0
2021-03-03 10:30:00,NSE:ORIENTABRA,23.25,25.4,23.2,24.2,153435.0
2021-03-03 11:15:00,NSE:ORIENTABRA,24.2,24.3,24.15,24.15,11188.0
2021-03-03 12:00:00,NSE:ORIENTABRA,24.25,24.8,24.2,24.55,25614.0
2021-03-03 12:45:00,NSE:ORIENTABRA,24.75,24.85,24.5,24.6,13630.0
2021-03-03 13:30:00,NSE:ORIENTABRA,24.4,24.5,24.1,24.15,4904.0
2021-03-03 14:15:00,NSE:ORIENTABRA,24.15,24.3,24.1,24.2,8912.0
2021-03-03 15:00:00,NSE:ORIENTABRA,24.2,24.5,24.0,24.2,25121.0
2021-03-03 15:45:00,NSE:ORIENTABRA,24.2,24.2,24.2,24.2,10.0
2021-03-04 09:00:00,NSE:ORIENTABRA,24.15,24.2,23.85,24.0,10711.0
2021-03-04 09:45:00,NSE:ORIENTABRA,24.0,24.0,23.7,23.9,13456.0
2021-03-04 10:30:00,NSE:ORIENTABRA,23.9,23.9,23.4,23.8,31691.0
2021-03-04 11:15:00,NSE:ORIENTABRA,23.8,24.0,23.7,23.8,4382.0
2021-03-04 12:00:00,NSE:ORIENTABRA,23.8,24.2,23.8,23.9,3586.0
2021-03-04 12:45:00,NSE:ORIENTABRA,23.95,24.35,23.9,24.25,18871.0
2021-03-04 13:30:00,NSE:ORIENTABRA,24.15,24.3,23.95,23.95,4090.0
2021-03-04 14:15:00,NSE:ORIENTABRA,23.95,24.25,23.85,24.25,3149.0
2021-03-04 15:00:00,NSE:ORIENTABRA,24.25,24.3,24.0,24.3,14747.0
2021-03-05 09:00:00,NSE:ORIENTABRA,24.25,24.4,24.05,24.05,9342.0
2021-03-05 09:45:00,NSE:ORIENTABRA,24.0,24.35,24.0,24.3,2804.0
2021-03-05 10:30:00,NSE:ORIENTABRA,24.2,24.35,24.05,24.15,5485.0
2021-03-05 11:15:00,NSE:ORIENTABRA,24.15,24.15,23.85,23.95,5344.0
2021-03-05 12:00:00,NSE:ORIENTABRA,24.0,24.0,23.85,23.85,1525.0
2021-03-05 12:45:00,NSE:ORIENTABRA,24.0,24.05,23.85,24.0,1192.0
2021-03-05 13:30:00,NSE:ORIENTABRA,24.0,24.05,23.65,23.65,1718.0
2021-03-05 14:15:00,NSE:ORIENTABRA,23.6,23.6,23.15,23.25,17545.0
2021-03-05 15:00:00,NSE:ORIENTABRA,23.3,23.45,23.15,23.3,10816.0
2021-03-08 09:00:00,NSE:ORIENTABRA,23.85,23.9,23.5,23.7,1729.0
2021-03-08 09:45:00,NSE:ORIENTABRA,23.7,23.7,23.2,23.65,12853.0
2021-03-08 10:30:00,NSE:ORIENTABRA,23.55,23.7,23.5,23.65,3655.0
2021-03-08 11:15:00,NSE:ORIENTABRA,23.7,23.8,23.7,23.7,6741.0
2021-03-08 12:00:00,NSE:ORIENTABRA,23.7,23.7,23.55,23.55,1014.0
2021-03-08 12:45:00,NSE:ORIENTABRA,23.55,23.65,23.45,23.45,3391.0
2021-03-08 13:30:00,NSE:ORIENTABRA,23.45,23.95,23.45,23.6,4081.0
2021-03-08 14:15:00,NSE:ORIENTABRA,23.5,23.7,23.5,23.55,1695.0
2021-03-08 15:00:00,NSE:ORIENTABRA,23.6,23.6,23.45,23.45,2407.0
2021-03-09 09:00:00,NSE:ORIENTABRA,23.3,23.7,23.3,23.7,1589.0
2021-03-09 09:45:00,NSE:ORIENTABRA,23.55,23.8,23.35,23.55,7933.0
2021-03-09 10:30:00,NSE:ORIENTABRA,23.6,23.75,23.45,23.75,2391.0
2021-03-09 11:15:00,NSE:ORIENTABRA,23.55,23.9,23.5,23.75,48010.0
2021-03-09 12:00:00,NSE:ORIENTABRA,23.8,24.6,23.7,23.7,32585.0
2021-03-09 12:45:00,NSE:ORIENTABRA,23.85,23.95,23.65,23.75,12007.0
2021-03-09 13:30:00,NSE:ORIENTABRA,23.75,23.85,23.6,23.6,6865.0
2021-03-09 14:15:00,NSE:ORIENTABRA,23.65,23.9,23.6,23.8,6263.0
2021-03-09 15:00:00,NSE:ORIENTABRA,23.85,24.25,23.8,24.2,23587.0
2021-03-09 15:45:00,NSE:ORIENTABRA,24.0,24.0,24.0,24.0,134.0
2021-03-10 09:00:00,NSE:ORIENTABRA,24.35,24.35,23.7,23.9,7551.0
2021-03-10 09:45:00,NSE:ORIENTABRA,23.95,24.0,23.9,23.9,5308.0
2021-03-10 10:30:00,NSE:ORIENTABRA,23.9,24.0,23.3,23.3,7594.0
2021-03-10 11:15:00,NSE:ORIENTABRA,23.55,23.95,23.55,23.85,6557.0
2021-03-10 12:00:00,NSE:ORIENTABRA,23.85,23.9,23.7,23.75,3151.0
2021-03-10 12:45:00,NSE:ORIENTABRA,23.65,23.65,23.4,23.5,8297.0
2021-03-10 13:30:00,NSE:ORIENTABRA,23.5,23.7,23.5,23.7,624.0
2021-03-10 14:15:00,NSE:ORIENTABRA,23.7,23.9,23.6,23.7,2595.0
2021-03-10 15:00:00,NSE:ORIENTABRA,23.7,23.75,23.6,23.75,4577.0
2021-03-12 09:00:00,NSE:ORIENTABRA,24.1,24.15,23.6,23.9,9200.0
2021-03-12 09:45:00,NSE:ORIENTABRA,23.95,23.95,23.6,23.7,3663.0
2021-03-12 10:30:00,NSE:ORIENTABRA,23.8,23.8,23.5,23.6,7734.0
2021-03-12 11:15:00,NSE:ORIENTABRA,23.6,23.75,23.5,23.65,7813.0
2021-03-12 12:00:00,NSE:ORIENTABRA,23.7,23.95,23.7,23.7,4146.0
2021-03-12 12:45:00,NSE:ORIENTABRA,23.7,23.7,23.5,23.5,4434.0
2021-03-12 13:30:00,NSE:ORIENTABRA,23.45,23.75,23.15,23.5,9620.0
2021-03-12 14:15:00,NSE:ORIENTABRA,23.35,23.5,23.3,23.45,6450.0
2021-03-12 15:00:00,NSE:ORIENTABRA,23.45,23.6,23.2,23.35,9987.0
2021-03-12 15:45:00,NSE:ORIENTABRA,23.35,23.35,23.35,23.35,13.0
2021-03-15 09:00:00,NSE:ORIENTABRA,24.0,24.0,22.65,22.65,6991.0
2021-03-15 09:45:00,NSE:ORIENTABRA,22.7,23.0,22.55,23.0,7254.0
2021-03-15 10:30:00,NSE:ORIENTABRA,23.0,23.25,22.9,23.0,3317.0
2021-03-15 11:15:00,NSE:ORIENTABRA,23.0,23.0,22.85,22.85,1616.0
2021-03-15 12:00:00,NSE:ORIENTABRA,22.9,23.0,22.9,23.0,1842.0
2021-03-15 12:45:00,NSE:ORIENTABRA,23.0,23.0,23.0,23.0,739.0
2021-03-15 13:30:00,NSE:ORIENTABRA,23.0,23.0,22.8,22.95,3426.0
2021-03-15 14:15:00,NSE:ORIENTABRA,22.85,23.0,22.7,22.85,2069.0
2021-03-15 15:00:00,NSE:ORIENTABRA,22.8,23.0,22.45,22.7,27541.0
2021-03-16 09:00:00,NSE:ORIENTABRA,22.9,23.25,22.75,23.15,2906.0
2021-03-16 09:45:00,NSE:ORIENTABRA,23.1,23.4,23.0,23.1,11624.0
2021-03-16 10:30:00,NSE:ORIENTABRA,23.1,24.45,23.0,24.25,34447.0
2021-03-16 11:15:00,NSE:ORIENTABRA,24.25,24.95,24.0,24.25,132418.0
2021-03-16 12:00:00,NSE:ORIENTABRA,24.2,24.3,23.8,23.8,14179.0
2021-03-16 12:45:00,NSE:ORIENTABRA,23.65,23.75,23.4,23.7,21201.0
2021-03-16 13:30:00,NSE:ORIENTABRA,23.7,23.75,23.4,23.75,3179.0
2021-03-16 14:15:00,NSE:ORIENTABRA,23.75,23.75,23.55,23.75,3253.0
2021-03-16 15:00:00,NSE:ORIENTABRA,23.75,23.9,23.5,23.5,16567.0
2021-03-17 09:00:00,NSE:ORIENTABRA,24.1,24.1,23.3,23.4,8687.0
2021-03-17 09:45:00,NSE:ORIENTABRA,23.4,23.45,23.05,23.15,22771.0
2021-03-17 10:30:00,NSE:ORIENTABRA,23.15,23.2,22.9,22.9,10293.0
2021-03-17 11:15:00,NSE:ORIENTABRA,22.95,23.2,22.95,23.15,1347.0
2021-03-17 12:00:00,NSE:ORIENTABRA,23.2,23.25,23.1,23.2,194.0
2021-03-17 12:45:00,NSE:ORIENTABRA,23.15,23.2,23.0,23.2,2458.0
2021-03-17 13:30:00,NSE:ORIENTABRA,23.0,23.05,22.85,23.0,4053.0
2021-03-17 14:15:00,NSE:ORIENTABRA,23.0,23.0,22.85,22.95,4555.0
2021-03-17 15:00:00,NSE:ORIENTABRA,22.85,23.2,22.8,22.85,9795.0
2021-03-17 15:45:00,NSE:ORIENTABRA,22.9,22.9,22.85,22.85,893.0
2021-03-18 09:00:00,NSE:ORIENTABRA,23.5,23.5,22.75,23.0,2873.0
2021-03-18 09:45:00,NSE:ORIENTABRA,23.0,23.25,22.85,22.85,3909.0
2021-03-18 10:30:00,NSE:ORIENTABRA,22.85,23.05,22.85,22.95,1599.0
2021-03-18 11:15:00,NSE:ORIENTABRA,22.85,23.05,22.5,22.7,3603.0
2021-03-18 12:00:00,NSE:ORIENTABRA,22.7,22.8,22.7,22.8,664.0
2021-03-18 12:45:00,NSE:ORIENTABRA,22.8,22.8,22.7,22.7,1130.0
2021-03-18 13:30:00,NSE:ORIENTABRA,22.6,22.6,20.75,21.3,101219.0
2021-03-18 14:15:00,NSE:ORIENTABRA,21.2,22.15,21.0,22.0,33504.0
2021-03-18 15:00:00,NSE:ORIENTABRA,21.75,22.4,21.75,22.0,11045.0
2021-03-18 15:45:00,NSE:ORIENTABRA,22.0,22.0,22.0,22.0,10.0
2021-03-19 09:00:00,NSE:ORIENTABRA,22.0,22.25,20.7,21.35,15532.0
2021-03-19 09:45:00,NSE:ORIENTABRA,21.2,21.65,21.05,21.65,6839.0
2021-03-19 10:30:00,NSE:ORIENTABRA,21.6,21.75,21.45,21.7,4121.0
2021-03-19 11:15:00,NSE:ORIENTABRA,21.6,21.6,21.6,21.6,219.0
2021-03-19 12:00:00,NSE:ORIENTABRA,21.6,21.6,21.0,21.4,10850.0
2021-03-19 12:45:00,NSE:ORIENTABRA,21.45,21.9,21.45,21.9,5110.0
2021-03-19 13:30:00,NSE:ORIENTABRA,21.9,21.9,21.65,21.65,852.0
2021-03-19 14:15:00,NSE:ORIENTABRA,21.7,22.0,21.7,21.75,1971.0
2021-03-19 15:00:00,NSE:ORIENTABRA,21.75,22.0,21.35,21.35,4911.0
2021-03-22 09:00:00,NSE:ORIENTABRA,22.0,22.45,21.8,22.05,5826.0
2021-03-22 09:45:00,NSE:ORIENTABRA,22.05,22.5,22.05,22.3,2648.0
2021-03-22 10:30:00,NSE:ORIENTABRA,22.3,22.4,21.7,21.8,8748.0
2021-03-22 11:15:00,NSE:ORIENTABRA,21.8,21.8,21.6,21.8,1320.0
2021-03-22 12:00:00,NSE:ORIENTABRA,21.6,21.75,21.6,21.75,2428.0
2021-03-22 12:45:00,NSE:ORIENTABRA,22.05,22.05,21.65,21.9,3428.0
2021-03-22 13:30:00,NSE:ORIENTABRA,21.8,21.95,21.8,21.95,196.0
2021-03-22 14:15:00,NSE:ORIENTABRA,21.95,21.95,21.85,21.85,242.0
2021-03-22 15:00:00,NSE:ORIENTABRA,21.75,21.95,21.5,21.6,20145.0
2021-03-23 09:00:00,NSE:ORIENTABRA,21.7,22.15,21.7,21.9,9882.0
2021-03-23 09:45:00,NSE:ORIENTABRA,22.0,22.0,21.9,21.9,2046.0
2021-03-23 10:30:00,NSE:ORIENTABRA,22.0,22.0,21.85,22.0,788.0
2021-03-23 11:15:00,NSE:ORIENTABRA,21.85,21.85,21.8,21.8,2716.0
2021-03-23 12:00:00,NSE:ORIENTABRA,21.8,21.8,21.75,21.8,2342.0
2021-03-23 12:45:00,NSE:ORIENTABRA,21.85,21.85,21.5,21.8,3144.0
2021-03-23 13:30:00,NSE:ORIENTABRA,21.8,21.8,21.55,21.7,1157.0
2021-03-23 14:15:00,NSE:ORIENTABRA,21.7,21.75,21.5,21.5,5263.0
2021-03-23 15:00:00,NSE:ORIENTABRA,21.55,21.8,21.5,21.5,2443.0
2021-03-24 09:00:00,NSE:ORIENTABRA,21.5,21.85,21.45,21.85,3784.0
2021-03-24 09:45:00,NSE:ORIENTABRA,21.75,21.75,21.35,21.4,2641.0
2021-03-24 10:30:00,NSE:ORIENTABRA,21.4,21.6,21.4,21.6,998.0
2021-03-24 11:15:00,NSE:ORIENTABRA,21.6,21.6,21.25,21.25,3277.0
2021-03-24 12:00:00,NSE:ORIENTABRA,21.5,21.55,21.5,21.5,763.0
2021-03-24 12:45:00,NSE:ORIENTABRA,21.55,21.55,21.5,21.5,500.0
2021-03-24 13:30:00,NSE:ORIENTABRA,21.6,21.6,21.5,21.5,2745.0
2021-03-24 14:15:00,NSE:ORIENTABRA,21.6,21.65,21.4,21.45,8832.0
2021-03-24 15:00:00,NSE:ORIENTABRA,21.45,21.5,21.35,21.35,4192.0
2021-03-25 09:00:00,NSE:ORIENTABRA,21.5,21.6,21.2,21.2,1703.0
2021-03-25 09:45:00,NSE:ORIENTABRA,21.25,21.45,21.2,21.45,3582.0
2021-03-25 10:30:00,NSE:ORIENTABRA,21.3,21.5,21.25,21.25,2077.0
2021-03-25 11:15:00,NSE:ORIENTABRA,21.25,21.25,21.1,21.1,2091.0
2021-03-25 12:00:00,NSE:ORIENTABRA,21.05,21.05,20.9,21.0,1755.0
2021-03-25 12:45:00,NSE:ORIENTABRA,20.7,21.1,20.6,20.8,8494.0
2021-03-25 13:30:00,NSE:ORIENTABRA,20.85,21.15,20.2,21.15,7263.0
2021-03-25 14:15:00,NSE:ORIENTABRA,21.15,21.2,20.95,21.0,3000.0
2021-03-25 15:00:00,NSE:ORIENTABRA,20.85,21.25,20.65,21.25,2751.0
2021-03-26 09:00:00,NSE:ORIENTABRA,21.35,21.5,21.2,21.4,8152.0
2021-03-26 09:45:00,NSE:ORIENTABRA,21.35,21.35,21.2,21.35,528.0
2021-03-26 10:30:00,NSE:ORIENTABRA,21.2,21.4,21.2,21.3,1049.0
2021-03-26 11:15:00,NSE:ORIENTABRA,21.35,21.45,21.35,21.45,4090.0
2021-03-26 12:00:00,NSE:ORIENTABRA,21.45,21.45,20.6,21.4,11064.0
2021-03-26 12:45:00,NSE:ORIENTABRA,21.15,21.35,20.85,21.05,16141.0
2021-03-26 13:30:00,NSE:ORIENTABRA,21.0,21.2,21.0,21.2,3327.0
2021-03-26 14:15:00,NSE:ORIENTABRA,21.05,21.2,20.95,21.15,2689.0
2021-03-26 15:00:00,NSE:ORIENTABRA,20.95,21.25,20.95,21.25,5555.0
2021-03-30 09:00:00,NSE:ORIENTABRA,21.0,21.4,20.9,21.4,2308.0
2021-03-30 09:45:00,NSE:ORIENTABRA,21.25,21.4,21.0,21.1,10354.0
2021-03-30 10:30:00,NSE:ORIENTABRA,21.15,21.3,21.0,21.2,4772.0
2021-03-30 11:15:00,NSE:ORIENTABRA,21.35,21.4,21.15,21.15,954.0
2021-03-30 12:00:00,NSE:ORIENTABRA,21.1,21.1,21.1,21.1,597.0
2021-03-30 12:45:00,NSE:ORIENTABRA,21.1,21.1,21.0,21.1,2513.0
2021-03-30 13:30:00,NSE:ORIENTABRA,21.0,21.05,20.8,21.05,2793.0
2021-03-30 14:15:00,NSE:ORIENTABRA,20.95,20.95,20.7,20.8,1769.0
2021-03-30 15:00:00,NSE:ORIENTABRA,20.8,21.0,20.65,20.65,11600.0
2021-03-30 15:45:00,NSE:ORIENTABRA,20.75,20.75,20.75,20.75,5.0
2021-03-31 09:00:00,NSE:ORIENTABRA,21.4,21.4,21.1,21.3,1431.0
2021-03-31 09:45:00,NSE:ORIENTABRA,21.25,21.25,21.0,21.0,1213.0
2021-03-31 10:30:00,NSE:ORIENTABRA,21.0,21.05,21.0,21.0,2898.0
2021-03-31 11:15:00,NSE:ORIENTABRA,21.0,21.0,20.7,20.9,2751.0
2021-03-31 12:00:00,NSE:ORIENTABRA,20.9,20.9,20.9,20.9,854.0
2021-03-31 12:45:00,NSE:ORIENTABRA,20.9,20.9,20.7,20.8,5102.0
2021-03-31 13:30:00,NSE:ORIENTABRA,20.7,20.8,20.7,20.75,470.0
2021-03-31 14:15:00,NSE:ORIENTABRA,20.7,20.9,20.7,20.8,2650.0
2021-03-31 15:00:00,NSE:ORIENTABRA,20.8,20.9,20.7,20.9,3949.0
2021-04-01 09:00:00,NSE:ORIENTABRA,21.75,21.75,20.8,21.0,5751.0
2021-04-01 09:45:00,NSE:ORIENTABRA,21.05,21.1,21.0,21.1,4980.0
2021-04-01 10:30:00,NSE:ORIENTABRA,20.85,21.1,20.8,21.1,8189.0
2021-04-01 11:15:00,NSE:ORIENTABRA,21.2,21.35,21.05,21.25,4085.0
2021-04-01 12:00:00,NSE:ORIENTABRA,21.25,21.35,21.25,21.25,3381.0
2021-04-01 12:45:00,NSE:ORIENTABRA,21.35,21.35,21.25,21.25,1900.0
2021-04-01 13:30:00,NSE:ORIENTABRA,21.25,21.5,21.25,21.5,1403.0
2021-04-01 14:15:00,NSE:ORIENTABRA,21.5,21.6,21.2,21.6,5961.0
2021-04-01 15:00:00,NSE:ORIENTABRA,21.25,21.6,21.25,21.55,2264.0
2021-04-01 15:45:00,NSE:ORIENTABRA,21.45,21.45,21.45,21.45,40.0
2021-04-05 09:00:00,NSE:ORIENTABRA,21.45,21.7,21.0,21.0,10552.0
2021-04-05 09:45:00,NSE:ORIENTABRA,21.0,21.0,20.4,20.75,28963.0
2021-04-05 10:30:00,NSE:ORIENTABRA,20.75,20.75,19.2,20.05,21830.0
2021-04-05 11:15:00,NSE:ORIENTABRA,20.1,20.65,20.0,20.55,14959.0
2021-04-05 12:00:00,NSE:ORIENTABRA,20.55,20.8,20.5,20.8,4699.0
2021-04-05 12:45:00,NSE:ORIENTABRA,20.85,20.9,20.7,20.9,3151.0
2021-04-05 13:30:00,NSE:ORIENTABRA,20.9,20.9,20.75,20.9,955.0
2021-04-05 14:15:00,NSE:ORIENTABRA,20.9,20.9,20.7,20.9,3954.0
2021-04-05 15:00:00,NSE:ORIENTABRA,20.9,21.15,20.3,20.3,11102.0
2021-04-06 09:00:00,NSE:ORIENTABRA,21.0,21.55,20.8,21.3,3596.0
2021-04-06 09:45:00,NSE:ORIENTABRA,21.3,21.3,21.05,21.3,2212.0
2021-04-06 10:30:00,NSE:ORIENTABRA,21.3,21.3,21.15,21.3,3276.0
2021-04-06 11:15:00,NSE:ORIENTABRA,21.2,21.3,21.1,21.1,1096.0
2021-04-06 12:00:00,NSE:ORIENTABRA,21.3,21.3,21.0,21.15,4748.0
2021-04-06 12:45:00,NSE:ORIENTABRA,21.15,21.15,20.8,20.9,3062.0
2021-04-06 13:30:00,NSE:ORIENTABRA,20.9,21.0,20.85,20.85,1918.0
2021-04-06 14:15:00,NSE:ORIENTABRA,20.9,21.2,20.9,20.95,1000.0
2021-04-06 15:00:00,NSE:ORIENTABRA,21.05,21.35,20.9,21.25,5570.0
2021-04-07 09:00:00,NSE:ORIENTABRA,21.9,21.9,21.1,21.25,9211.0
2021-04-07 09:45:00,NSE:ORIENTABRA,21.25,21.25,21.15,21.15,2579.0
2021-04-07 10:30:00,NSE:ORIENTABRA,21.2,21.25,21.2,21.25,368.0
2021-04-07 11:15:00,NSE:ORIENTABRA,21.2,21.4,21.15,21.4,6418.0
2021-04-07 12:00:00,NSE:ORIENTABRA,21.45,21.45,21.25,21.25,864.0
2021-04-07 12:45:00,NSE:ORIENTABRA,21.25,21.5,21.25,21.45,6336.0
2021-04-07 13:30:00,NSE:ORIENTABRA,21.45,21.45,21.35,21.45,61.0
2021-04-07 14:15:00,NSE:ORIENTABRA,21.45,21.45,21.35,21.35,842.0
2021-04-07 15:00:00,NSE:ORIENTABRA,21.45,21.45,21.0,21.2,11935.0
2021-04-08 09:00:00,NSE:ORIENTABRA,21.4,21.75,21.2,21.75,11409.0
2021-04-08 09:45:00,NSE:ORIENTABRA,21.75,21.75,21.45,21.45,4540.0
2021-04-08 10:30:00,NSE:ORIENTABRA,21.35,21.5,21.3,21.4,2301.0
2021-04-08 11:15:00,NSE:ORIENTABRA,21.4,22.3,21.4,21.6,12558.0
2021-04-08 12:00:00,NSE:ORIENTABRA,21.75,21.95,21.75,21.95,2624.0
2021-04-08 12:45:00,NSE:ORIENTABRA,21.95,21.95,21.8,21.95,1849.0
2021-04-08 13:30:00,NSE:ORIENTABRA,21.9,22.1,21.85,22.05,15188.0
2021-04-08 14:15:00,NSE:ORIENTABRA,22.05,22.3,22.0,22.2,23751.0
2021-04-08 15:00:00,NSE:ORIENTABRA,22.2,22.7,22.1,22.35,31406.0
2021-04-08 15:45:00,NSE:ORIENTABRA,22.35,22.35,22.35,22.35,25.0
2021-04-09 09:00:00,NSE:ORIENTABRA,23.25,23.5,22.9,22.9,43304.0
2021-04-09 09:45:00,NSE:ORIENTABRA,22.9,23.5,22.9,23.2,27405.0
2021-04-09 10:30:00,NSE:ORIENTABRA,23.3,23.3,22.95,23.25,10156.0
2021-04-09 11:15:00,NSE:ORIENTABRA,23.1,23.25,23.0,23.05,5437.0
2021-04-09 12:00:00,NSE:ORIENTABRA,23.05,23.3,23.0,23.15,18561.0
2021-04-09 12:45:00,NSE:ORIENTABRA,23.2,23.25,23.1,23.2,10422.0
2021-04-09 13:30:00,NSE:ORIENTABRA,23.2,23.2,22.9,22.9,8792.0
2021-04-09 14:15:00,NSE:ORIENTABRA,22.9,23.1,22.85,23.05,5264.0
2021-04-09 15:00:00,NSE:ORIENTABRA,23.0,23.4,23.0,23.3,9374.0
2021-04-12 09:00:00,NSE:ORIENTABRA,23.35,23.35,21.6,22.0,17031.0
2021-04-12 09:45:00,NSE:ORIENTABRA,22.05,22.5,22.05,22.3,15890.0
2021-04-12 10:30:00,NSE:ORIENTABRA,22.3,22.5,21.6,21.8,18830.0
2021-04-12 11:15:00,NSE:ORIENTABRA,21.75,21.9,21.5,21.55,20622.0
2021-04-12 12:00:00,NSE:ORIENTABRA,21.7,21.75,21.5,21.6,8528.0
2021-04-12 12:45:00,NSE:ORIENTABRA,21.65,21.75,21.6,21.7,988.0
2021-04-12 13:30:00,NSE:ORIENTABRA,21.75,21.8,21.6,21.65,2119.0
2021-04-12 14:15:00,NSE:ORIENTABRA,21.65,21.75,21.55,21.6,2214.0
2021-04-12 15:00:00,NSE:ORIENTABRA,21.6,21.8,21.5,21.5,7656.0
2021-04-13 09:00:00,NSE:ORIENTABRA,22.0,22.4,21.95,22.0,4282.0
2021-04-13 09:45:00,NSE:ORIENTABRA,21.95,22.0,21.85,21.95,1437.0
2021-04-13 10:30:00,NSE:ORIENTABRA,22.0,22.1,21.9,21.95,2689.0
2021-04-13 11:15:00,NSE:ORIENTABRA,21.85,22.0,21.85,22.0,430.0
2021-04-13 12:00:00,NSE:ORIENTABRA,22.0,22.0,21.2,21.7,3643.0
2021-04-13 12:45:00,NSE:ORIENTABRA,21.75,21.75,21.45,21.55,2172.0
2021-04-13 13:30:00,NSE:ORIENTABRA,21.75,21.75,21.5,21.7,3373.0
2021-04-13 14:15:00,NSE:ORIENTABRA,21.75,22.1,21.7,21.95,6141.0
2021-04-13 15:00:00,NSE:ORIENTABRA,21.95,22.05,21.8,21.8,6038.0
2021-04-15 09:00:00,NSE:ORIENTABRA,21.85,22.85,21.8,22.3,20656.0
2021-04-15 09:45:00,NSE:ORIENTABRA,22.2,22.3,21.45,21.85,3740.0
2021-04-15 10:30:00,NSE:ORIENTABRA,21.85,22.0,21.5,21.6,3703.0
2021-04-15 11:15:00,NSE:ORIENTABRA,21.6,21.65,21.45,21.65,2286.0
2021-04-15 12:00:00,NSE:ORIENTABRA,21.65,21.9,21.5,21.9,2998.0
2021-04-15 12:45:00,NSE:ORIENTABRA,21.85,22.0,21.65,21.85,2260.0
2021-04-15 13:30:00,NSE:ORIENTABRA,21.85,21.95,21.8,21.8,2589.0
2021-04-15 14:15:00,NSE:ORIENTABRA,21.8,21.8,21.6,21.7,2312.0
2021-04-15 15:00:00,NSE:ORIENTABRA,21.7,21.7,21.45,21.5,18008.0
2021-04-15 15:45:00,NSE:ORIENTABRA,21.5,21.5,21.5,21.5,3.0
2021-04-16 09:00:00,NSE:ORIENTABRA,21.8,21.8,21.55,21.6,1344.0
2021-04-16 09:45:00,NSE:ORIENTABRA,21.6,21.8,21.5,21.8,3762.0
2021-04-16 10:30:00,NSE:ORIENTABRA,21.8,21.95,21.7,21.7,1743.0
2021-04-16 11:15:00,NSE:ORIENTABRA,21.9,21.9,21.7,21.85,2279.0
2021-04-16 12:00:00,NSE:ORIENTABRA,21.8,21.8,21.7,21.8,1350.0
2021-04-16 12:45:00,NSE:ORIENTABRA,21.65,21.8,21.65,21.8,302.0
2021-04-16 13:30:00,NSE:ORIENTABRA,21.7,21.8,21.65,21.8,764.0
2021-04-16 14:15:00,NSE:ORIENTABRA,21.65,21.8,21.55,21.55,2896.0
2021-04-16 15:00:00,NSE:ORIENTABRA,21.6,21.7,21.5,21.55,5670.0
2021-04-19 09:00:00,NSE:ORIENTABRA,20.6,21.45,20.55,20.7,13546.0
2021-04-19 09:45:00,NSE:ORIENTABRA,20.85,21.05,20.55,20.9,5720.0
2021-04-19 10:30:00,NSE:ORIENTABRA,21.05,21.2,20.8,20.9,4600.0
2021-04-19 11:15:00,NSE:ORIENTABRA,21.0,21.45,20.85,21.45,7262.0
2021-04-19 12:00:00,NSE:ORIENTABRA,20.9,21.25,20.85,20.85,1514.0
2021-04-19 12:45:00,NSE:ORIENTABRA,20.9,21.0,20.85,21.0,280.0
2021-04-19 13:30:00,NSE:ORIENTABRA,20.9,21.0,20.85,21.0,610.0
2021-04-19 14:15:00,NSE:ORIENTABRA,21.0,21.0,20.9,20.9,312.0
2021-04-19 15:00:00,NSE:ORIENTABRA,20.9,21.0,20.8,21.0,6017.0
2021-04-20 09:00:00,NSE:ORIENTABRA,20.85,21.4,20.85,21.2,5702.0
2021-04-20 09:45:00,NSE:ORIENTABRA,21.25,21.4,21.15,21.2,1062.0
2021-04-20 10:30:00,NSE:ORIENTABRA,21.2,21.9,21.2,21.75,10995.0
2021-04-20 11:15:00,NSE:ORIENTABRA,21.55,21.55,21.45,21.45,221.0
2021-04-20 12:00:00,NSE:ORIENTABRA,21.4,21.4,21.15,21.15,1618.0
2021-04-20 12:45:00,NSE:ORIENTABRA,21.25,21.25,21.05,21.05,1111.0
2021-04-20 13:30:00,NSE:ORIENTABRA,21.05,21.15,21.0,21.0,2337.0
2021-04-20 14:15:00,NSE:ORIENTABRA,21.2,21.2,20.9,20.95,1849.0
2021-04-20 15:00:00,NSE:ORIENTABRA,20.95,21.65,20.95,21.65,5226.0
2021-04-22 09:00:00,NSE:ORIENTABRA,21.0,21.2,20.7,20.95,3429.0
2021-04-22 09:45:00,NSE:ORIENTABRA,20.95,21.9,20.8,21.6,16731.0
2021-04-22 10:30:00,NSE:ORIENTABRA,21.9,21.9,21.35,21.5,25697.0
2021-04-22 11:15:00,NSE:ORIENTABRA,21.6,21.7,21.4,21.7,5738.0
2021-04-22 12:00:00,NSE:ORIENTABRA,21.7,21.9,21.7,21.75,5364.0
2021-04-22 12:45:00,NSE:ORIENTABRA,21.75,21.85,21.5,21.75,6727.0
2021-04-22 13:30:00,NSE:ORIENTABRA,21.85,21.9,21.55,21.8,8262.0
2021-04-22 14:15:00,NSE:ORIENTABRA,21.8,21.8,21.6,21.6,2054.0
2021-04-22 15:00:00,NSE:ORIENTABRA,21.8,22.0,21.6,21.8,10683.0
2021-04-23 09:00:00,NSE:ORIENTABRA,21.15,22.4,21.15,22.3,5555.0
2021-04-23 09:45:00,NSE:ORIENTABRA,22.35,22.45,22.2,22.3,3700.0
2021-04-23 10:30:00,NSE:ORIENTABRA,22.4,24.0,22.15,23.8,104838.0
2021-04-23 11:15:00,NSE:ORIENTABRA,23.8,23.8,23.05,23.3,88700.0
2021-04-23 12:00:00,NSE:ORIENTABRA,23.3,23.5,23.1,23.5,18211.0
2021-04-23 12:45:00,NSE:ORIENTABRA,23.5,24.3,23.5,23.55,54026.0
2021-04-23 13:30:00,NSE:ORIENTABRA,23.6,24.15,23.15,23.75,68906.0
2021-04-23 14:15:00,NSE:ORIENTABRA,23.8,23.8,22.95,22.95,46977.0
2021-04-23 15:00:00,NSE:ORIENTABRA,23.2,23.9,23.2,23.3,34264.0
2021-04-26 09:00:00,NSE:ORIENTABRA,23.8,24.3,23.5,23.8,30256.0
2021-04-26 09:45:00,NSE:ORIENTABRA,23.8,24.15,23.7,23.95,26308.0
2021-04-26 10:30:00,NSE:ORIENTABRA,23.95,25.9,23.95,25.25,213353.0
2021-04-26 11:15:00,NSE:ORIENTABRA,25.2,26.15,25.05,25.85,211920.0
2021-04-26 12:00:00,NSE:ORIENTABRA,25.85,25.9,25.1,25.3,102288.0
2021-04-26 12:45:00,NSE:ORIENTABRA,25.3,25.3,25.1,25.15,18916.0
2021-04-26 13:30:00,NSE:ORIENTABRA,25.15,25.2,25.05,25.2,18909.0
2021-04-26 14:15:00,NSE:ORIENTABRA,25.2,25.3,25.05,25.05,24494.0
2021-04-26 15:00:00,NSE:ORIENTABRA,25.05,25.1,24.7,24.95,70477.0
2021-04-26 15:45:00,NSE:ORIENTABRA,24.95,25.0,24.95,24.95,926.0
2021-04-27 09:00:00,NSE:ORIENTABRA,25.2,25.2,24.85,25.2,28805.0
2021-04-27 09:45:00,NSE:ORIENTABRA,25.15,25.3,24.85,24.85,13296.0
2021-04-27 10:30:00,NSE:ORIENTABRA,24.85,24.9,24.35,24.5,63054.0
2021-04-27 11:15:00,NSE:ORIENTABRA,24.5,24.5,24.25,24.4,14697.0
2021-04-27 12:00:00,NSE:ORIENTABRA,24.3,24.45,24.25,24.25,6986.0
2021-04-27 12:45:00,NSE:ORIENTABRA,24.4,24.5,24.1,24.4,18479.0
2021-04-27 13:30:00,NSE:ORIENTABRA,24.4,24.4,24.2,24.3,9401.0
2021-04-27 14:15:00,NSE:ORIENTABRA,24.35,24.4,24.25,24.25,15205.0
2021-04-27 15:00:00,NSE:ORIENTABRA,24.35,24.4,24.0,24.3,23506.0
2021-04-28 09:00:00,NSE:ORIENTABRA,24.4,24.4,23.5,23.65,9135.0
2021-04-28 09:45:00,NSE:ORIENTABRA,23.65,23.75,23.35,23.75,20380.0
2021-04-28 10:30:00,NSE:ORIENTABRA,23.65,23.85,23.5,23.65,3920.0
2021-04-28 11:15:00,NSE:ORIENTABRA,23.5,24.6,23.5,24.1,44277.0
2021-04-28 12:00:00,NSE:ORIENTABRA,24.1,24.5,24.0,24.45,15349.0
2021-04-28 12:45:00,NSE:ORIENTABRA,24.3,24.3,24.2,24.2,2929.0
2021-04-28 13:30:00,NSE:ORIENTABRA,24.2,24.25,24.0,24.0,2498.0
2021-04-28 14:15:00,NSE:ORIENTABRA,24.0,24.65,23.95,24.55,51561.0
2021-04-28 15:00:00,NSE:ORIENTABRA,24.5,24.55,23.95,23.95,54097.0
2021-04-29 09:00:00,NSE:ORIENTABRA,24.4,24.5,24.1,24.1,2644.0
2021-04-29 09:45:00,NSE:ORIENTABRA,24.05,24.05,23.7,23.8,13747.0
2021-04-29 10:30:00,NSE:ORIENTABRA,23.75,23.8,23.35,23.55,14478.0
2021-04-29 11:15:00,NSE:ORIENTABRA,23.6,23.75,23.6,23.7,2321.0
2021-04-29 12:00:00,NSE:ORIENTABRA,23.6,23.9,23.5,23.65,9045.0
2021-04-29 12:45:00,NSE:ORIENTABRA,23.65,23.75,23.4,23.75,22487.0
2021-04-29 13:30:00,NSE:ORIENTABRA,23.75,23.85,23.55,23.55,17101.0
2021-04-29 14:15:00,NSE:ORIENTABRA,23.6,23.75,23.55,23.6,6760.0
2021-04-29 15:00:00,NSE:ORIENTABRA,23.6,23.75,23.15,23.5,35685.0
2021-04-29 15:45:00,NSE:ORIENTABRA,23.5,23.5,23.5,23.5,236.0
2021-04-30 09:00:00,NSE:ORIENTABRA,23.2,23.8,23.2,23.8,7357.0
2021-04-30 09:45:00,NSE:ORIENTABRA,23.75,23.85,23.65,23.75,8525.0
2021-04-30 10:30:00,NSE:ORIENTABRA,23.75,23.8,23.45,23.55,7565.0
2021-04-30 11:15:00,NSE:ORIENTABRA,23.55,23.65,23.4,23.45,3845.0
2021-04-30 12:00:00,NSE:ORIENTABRA,23.75,25.4,23.75,24.75,99918.0
2021-04-30 12:45:00,NSE:ORIENTABRA,24.75,25.15,24.65,24.85,48823.0
2021-04-30 13:30:00,NSE:ORIENTABRA,24.85,24.95,24.65,24.65,22245.0
2021-04-30 14:15:00,NSE:ORIENTABRA,24.75,24.9,24.65,24.8,16921.0
2021-04-30 15:00:00,NSE:ORIENTABRA,24.8,24.85,24.5,24.5,29072.0
2021-05-03 09:00:00,NSE:ORIENTABRA,25.0,25.05,24.7,24.85,9454.0
2021-05-03 09:45:00,NSE:ORIENTABRA,24.9,26.15,24.85,25.8,98962.0
2021-05-03 10:30:00,NSE:ORIENTABRA,25.9,26.0,25.7,25.9,30397.0
2021-05-03 11:15:00,NSE:ORIENTABRA,25.75,26.0,25.6,25.85,37116.0
2021-05-03 12:00:00,NSE:ORIENTABRA,25.75,25.8,25.5,25.65,25807.0
2021-05-03 12:45:00,NSE:ORIENTABRA,25.65,25.75,25.5,25.6,19433.0
2021-05-03 13:30:00,NSE:ORIENTABRA,25.55,25.7,25.55,25.7,14044.0
2021-05-03 14:15:00,NSE:ORIENTABRA,25.6,25.75,25.55,25.75,10948.0
2021-05-03 15:00:00,NSE:ORIENTABRA,25.75,25.8,25.55,25.7,33693.0
2021-05-04 09:00:00,NSE:ORIENTABRA,25.95,26.35,25.5,25.9,24329.0
2021-05-04 09:45:00,NSE:ORIENTABRA,26.0,26.4,25.5,26.35,88909.0
2021-05-04 10:30:00,NSE:ORIENTABRA,26.35,26.35,25.75,25.9,37917.0
2021-05-04 11:15:00,NSE:ORIENTABRA,25.95,25.95,25.65,25.65,9431.0
2021-05-04 12:00:00,NSE:ORIENTABRA,25.75,25.75,25.1,25.6,20556.0
2021-05-04 12:45:00,NSE:ORIENTABRA,25.6,25.65,24.75,24.95,13702.0
2021-05-04 13:30:00,NSE:ORIENTABRA,24.9,25.15,24.5,24.95,25206.0
2021-05-04 14:15:00,NSE:ORIENTABRA,25.0,25.5,24.7,24.75,21877.0
2021-05-04 15:00:00,NSE:ORIENTABRA,24.6,24.75,24.3,24.55,22464.0
2021-05-05 09:00:00,NSE:ORIENTABRA,25.0,25.25,24.85,25.2,7453.0
2021-05-05 09:45:00,NSE:ORIENTABRA,25.2,25.3,25.05,25.2,16306.0
2021-05-05 10:30:00,NSE:ORIENTABRA,25.1,25.5,25.1,25.25,8009.0
2021-05-05 11:15:00,NSE:ORIENTABRA,25.3,25.3,24.75,24.75,11401.0
2021-05-05 12:00:00,NSE:ORIENTABRA,24.95,25.2,24.8,25.0,6494.0
2021-05-05 12:45:00,NSE:ORIENTABRA,25.0,25.5,25.0,25.4,19618.0
2021-05-05 13:30:00,NSE:ORIENTABRA,25.4,25.75,25.35,25.45,38582.0
2021-05-05 14:15:00,NSE:ORIENTABRA,25.5,25.75,25.15,25.25,16346.0
2021-05-05 15:00:00,NSE:ORIENTABRA,25.25,25.65,25.1,25.1,19765.0
2021-05-05 15:45:00,NSE:ORIENTABRA,25.4,25.4,25.4,25.4,458.0
2021-05-06 09:00:00,NSE:ORIENTABRA,25.8,25.8,25.5,25.6,13789.0
2021-05-06 09:45:00,NSE:ORIENTABRA,25.6,25.6,25.1,25.25,9684.0
2021-05-06 10:30:00,NSE:ORIENTABRA,25.2,25.35,25.15,25.15,17377.0
2021-05-06 11:15:00,NSE:ORIENTABRA,25.2,25.2,25.1,25.1,1336.0
2021-05-06 12:00:00,NSE:ORIENTABRA,25.1,25.5,25.1,25.5,14314.0
2021-05-06 12:45:00,NSE:ORIENTABRA,25.6,25.75,25.3,25.6,31832.0
2021-05-06 13:30:00,NSE:ORIENTABRA,25.55,25.8,25.3,25.55,9837.0
2021-05-06 14:15:00,NSE:ORIENTABRA,25.5,25.5,25.1,25.5,36081.0
2021-05-06 15:00:00,NSE:ORIENTABRA,25.5,25.65,25.1,25.5,22433.0
2021-05-06 15:45:00,NSE:ORIENTABRA,25.45,25.45,25.45,25.45,28.0
2021-05-07 09:00:00,NSE:ORIENTABRA,26.75,27.6,26.7,27.3,451129.0
2021-05-07 09:45:00,NSE:ORIENTABRA,27.3,27.3,26.75,27.2,125281.0
2021-05-07 10:30:00,NSE:ORIENTABRA,27.2,27.3,27.0,27.05,56603.0
2021-05-07 11:15:00,NSE:ORIENTABRA,27.05,27.05,26.65,26.85,49801.0
2021-05-07 12:00:00,NSE:ORIENTABRA,26.85,27.0,26.65,27.0,26730.0
2021-05-07 12:45:00,NSE:ORIENTABRA,26.95,27.05,26.75,26.75,29333.0
2021-05-07 13:30:00,NSE:ORIENTABRA,26.75,27.0,26.7,26.75,23769.0
2021-05-07 14:15:00,NSE:ORIENTABRA,26.85,26.85,26.4,26.6,41830.0
2021-05-07 15:00:00,NSE:ORIENTABRA,26.5,26.75,26.25,26.75,96659.0
2021-05-07 15:45:00,NSE:ORIENTABRA,26.5,26.5,26.5,26.5,500.0
2021-05-10 09:00:00,NSE:ORIENTABRA,27.3,28.65,27.15,28.15,183032.0
2021-05-10 09:45:00,NSE:ORIENTABRA,28.25,28.3,27.65,27.85,100034.0
2021-05-10 10:30:00,NSE:ORIENTABRA,27.85,28.0,27.6,27.8,55121.0
2021-05-10 11:15:00,NSE:ORIENTABRA,27.7,27.9,27.5,27.8,38282.0
2021-05-10 12:00:00,NSE:ORIENTABRA,27.75,28.0,27.75,27.9,23168.0
2021-05-10 12:45:00,NSE:ORIENTABRA,27.9,27.95,27.8,27.9,12269.0
2021-05-10 13:30:00,NSE:ORIENTABRA,27.95,28.0,27.8,27.9,22468.0
2021-05-10 14:15:00,NSE:ORIENTABRA,27.85,27.95,27.75,27.8,23960.0
2021-05-10 15:00:00,NSE:ORIENTABRA,27.9,27.9,27.65,27.75,57918.0
2021-05-10 15:45:00,NSE:ORIENTABRA,27.75,27.75,27.75,27.75,1831.0
2021-05-11 09:00:00,NSE:ORIENTABRA,27.75,27.75,27.2,27.45,43981.0
2021-05-11 09:45:00,NSE:ORIENTABRA,27.3,28.45,27.3,28.2,89140.0
2021-05-11 10:30:00,NSE:ORIENTABRA,28.2,28.4,27.8,28.05,45441.0
2021-05-11 11:15:00,NSE:ORIENTABRA,28.0,28.15,27.7,28.0,28543.0
2021-05-11 12:00:00,NSE:ORIENTABRA,28.0,28.2,27.9,28.1,19060.0
2021-05-11 12:45:00,NSE:ORIENTABRA,28.2,28.4,28.0,28.1,54804.0
2021-05-11 13:30:00,NSE:ORIENTABRA,28.1,28.35,28.1,28.35,24163.0
2021-05-11 14:15:00,NSE:ORIENTABRA,28.35,28.4,28.2,28.3,53125.0
2021-05-11 15:00:00,NSE:ORIENTABRA,28.3,28.9,28.3,28.8,114259.0
2021-05-11 15:45:00,NSE:ORIENTABRA,28.65,28.8,28.65,28.8,105.0
2021-05-12 09:00:00,NSE:ORIENTABRA,27.15,27.6,25.1,25.6,390034.0
2021-05-12 09:45:00,NSE:ORIENTABRA,25.6,25.6,24.6,24.7,255562.0
2021-05-12 10:30:00,NSE:ORIENTABRA,24.8,24.9,24.45,24.7,119892.0
2021-05-12 11:15:00,NSE:ORIENTABRA,24.6,24.75,24.35,24.7,59137.0
2021-05-12 12:00:00,NSE:ORIENTABRA,24.75,25.2,24.65,25.0,83882.0
2021-05-12 12:45:00,NSE:ORIENTABRA,25.0,25.15,24.9,25.0,28361.0
2021-05-12 13:30:00,NSE:ORIENTABRA,25.0,25.0,24.5,24.7,76546.0
2021-05-12 14:15:00,NSE:ORIENTABRA,24.8,25.0,24.65,24.8,56221.0
2021-05-12 15:00:00,NSE:ORIENTABRA,24.8,24.95,24.6,24.65,87005.0
2021-05-12 15:45:00,NSE:ORIENTABRA,24.75,24.75,24.65,24.75,189.0
2021-05-14 09:00:00,NSE:ORIENTABRA,24.3,24.95,24.3,24.5,65566.0
2021-05-14 09:45:00,NSE:ORIENTABRA,24.5,24.5,24.2,24.45,37524.0
2021-05-14 10:30:00,NSE:ORIENTABRA,24.3,24.35,24.0,24.0,23566.0
2021-05-14 11:15:00,NSE:ORIENTABRA,24.0,24.1,23.75,23.75,16098.0
2021-05-14 12:00:00,NSE:ORIENTABRA,23.75,23.9,23.7,23.9,7891.0
2021-05-14 12:45:00,NSE:ORIENTABRA,23.9,23.9,23.75,23.9,8805.0
2021-05-14 13:30:00,NSE:ORIENTABRA,23.9,23.95,23.75,23.9,15111.0
2021-05-14 14:15:00,NSE:ORIENTABRA,23.9,23.95,23.8,23.85,9037.0
2021-05-14 15:00:00,NSE:ORIENTABRA,23.8,24.05,23.7,23.85,32572.0
2021-05-14 15:45:00,NSE:ORIENTABRA,23.85,23.85,23.85,23.85,360.0
2021-05-17 09:00:00,NSE:ORIENTABRA,24.1,24.25,23.9,24.05,21841.0
2021-05-17 09:45:00,NSE:ORIENTABRA,24.05,24.15,23.9,24.05,13235.0
2021-05-17 10:30:00,NSE:ORIENTABRA,24.05,24.4,24.05,24.4,17358.0
2021-05-17 11:15:00,NSE:ORIENTABRA,24.4,24.4,23.95,23.95,15874.0
2021-05-17 12:00:00,NSE:ORIENTABRA,23.95,24.1,23.95,24.0,4039.0
2021-05-17 12:45:00,NSE:ORIENTABRA,24.0,24.1,23.85,23.9,9997.0
2021-05-17 13:30:00,NSE:ORIENTABRA,23.9,24.05,23.85,24.05,8864.0
2021-05-17 14:15:00,NSE:ORIENTABRA,24.05,24.3,24.0,24.05,20913.0
2021-05-17 15:00:00,NSE:ORIENTABRA,24.05,24.05,23.9,23.95,17113.0
2021-05-17 15:45:00,NSE:ORIENTABRA,23.95,23.95,23.95,23.95,391.0
2021-05-18 09:00:00,NSE:ORIENTABRA,24.2,24.35,24.0,24.05,19098.0
2021-05-18 09:45:00,NSE:ORIENTABRA,24.05,24.15,24.0,24.05,5647.0
2021-05-18 10:30:00,NSE:ORIENTABRA,24.05,24.1,24.0,24.1,5653.0
2021-05-18 11:15:00,NSE:ORIENTABRA,24.1,24.1,23.95,24.05,8798.0
2021-05-18 12:00:00,NSE:ORIENTABRA,24.1,24.1,24.0,24.0,8804.0
2021-05-18 12:45:00,NSE:ORIENTABRA,24.1,24.1,24.0,24.05,1784.0
2021-05-18 13:30:00,NSE:ORIENTABRA,24.05,24.05,24.0,24.0,2786.0
2021-05-18 14:15:00,NSE:ORIENTABRA,24.0,24.05,23.95,24.0,8815.0
2021-05-18 15:00:00,NSE:ORIENTABRA,23.95,24.1,23.75,23.8,17550.0
2021-05-18 15:45:00,NSE:ORIENTABRA,23.85,23.85,23.8,23.8,1100.0
2021-05-19 09:00:00,NSE:ORIENTABRA,23.7,23.8,23.55,23.8,6529.0
2021-05-19 09:45:00,NSE:ORIENTABRA,23.8,23.9,23.6,23.6,14244.0
2021-05-19 10:30:00,NSE:ORIENTABRA,23.7,23.8,23.4,23.8,11551.0
2021-05-19 11:15:00,NSE:ORIENTABRA,23.8,25.4,23.8,25.0,200727.0
2021-05-19 12:00:00,NSE:ORIENTABRA,25.0,26.1,25.0,25.9,146219.0
2021-05-19 12:45:00,NSE:ORIENTABRA,25.9,26.0,25.5,25.55,76940.0
2021-05-19 13:30:00,NSE:ORIENTABRA,25.5,25.7,25.05,25.55,49857.0
2021-05-19 14:15:00,NSE:ORIENTABRA,25.55,25.6,25.15,25.4,32661.0
2021-05-19 15:00:00,NSE:ORIENTABRA,25.25,25.35,25.1,25.35,48524.0
2021-05-20 09:00:00,NSE:ORIENTABRA,25.7,25.75,25.15,25.2,35942.0
2021-05-20 09:45:00,NSE:ORIENTABRA,25.2,25.45,25.2,25.25,17459.0
2021-05-20 10:30:00,NSE:ORIENTABRA,25.5,25.5,25.3,25.4,8146.0
2021-05-20 11:15:00,NSE:ORIENTABRA,25.4,25.45,25.2,25.3,8273.0
2021-05-20 12:00:00,NSE:ORIENTABRA,25.2,25.4,25.15,25.4,9607.0
2021-05-20 12:45:00,NSE:ORIENTABRA,25.4,25.45,25.15,25.2,8976.0
2021-05-20 13:30:00,NSE:ORIENTABRA,25.2,25.3,25.15,25.15,6209.0
2021-05-20 14:15:00,NSE:ORIENTABRA,25.15,25.2,25.15,25.2,4470.0
2021-05-20 15:00:00,NSE:ORIENTABRA,25.15,25.25,24.75,25.05,20301.0
2021-05-20 15:45:00,NSE:ORIENTABRA,25.05,25.05,25.05,25.05,650.0
2021-05-21 09:00:00,NSE:ORIENTABRA,25.05,25.5,25.0,25.25,14685.0
2021-05-21 09:45:00,NSE:ORIENTABRA,25.2,25.55,25.15,25.4,12252.0
2021-05-21 10:30:00,NSE:ORIENTABRA,25.3,25.4,25.15,25.2,2869.0
2021-05-21 11:15:00,NSE:ORIENTABRA,25.2,25.3,25.0,25.0,14463.0
2021-05-21 12:00:00,NSE:ORIENTABRA,25.1,25.1,24.8,25.05,4297.0
2021-05-21 12:45:00,NSE:ORIENTABRA,25.05,25.1,24.75,24.9,3176.0
2021-05-21 13:30:00,NSE:ORIENTABRA,24.85,25.05,24.65,24.8,15368.0
2021-05-21 14:15:00,NSE:ORIENTABRA,24.8,25.0,24.75,25.0,8204.0
2021-05-21 15:00:00,NSE:ORIENTABRA,24.85,24.95,24.4,24.6,17799.0
2021-05-21 15:45:00,NSE:ORIENTABRA,24.6,24.6,24.6,24.6,500.0
2021-05-24 09:00:00,NSE:ORIENTABRA,24.9,24.9,24.5,24.7,9523.0
2021-05-24 09:45:00,NSE:ORIENTABRA,24.7,24.8,24.55,24.6,8909.0
2021-05-24 10:30:00,NSE:ORIENTABRA,24.5,24.65,24.25,24.45,8726.0
2021-05-24 11:15:00,NSE:ORIENTABRA,24.45,24.8,24.4,24.6,8902.0
2021-05-24 12:00:00,NSE:ORIENTABRA,24.75,24.85,24.5,24.65,7740.0
2021-05-24 12:45:00,NSE:ORIENTABRA,24.65,24.75,24.6,24.6,1355.0
2021-05-24 13:30:00,NSE:ORIENTABRA,24.6,24.65,24.55,24.6,3069.0
2021-05-24 14:15:00,NSE:ORIENTABRA,24.6,24.65,24.45,24.45,6343.0
2021-05-24 15:00:00,NSE:ORIENTABRA,24.5,24.5,24.35,24.35,9654.0
2021-05-24 15:45:00,NSE:ORIENTABRA,24.4,24.4,24.35,24.4,502.0
2021-05-25 09:00:00,NSE:ORIENTABRA,24.7,25.0,24.5,24.7,9795.0
2021-05-25 09:45:00,NSE:ORIENTABRA,24.7,24.75,24.5,24.7,10038.0
2021-05-25 10:30:00,NSE:ORIENTABRA,24.7,24.7,24.5,24.6,9106.0
2021-05-25 11:15:00,NSE:ORIENTABRA,24.5,24.6,24.45,24.5,6114.0
2021-05-25 12:00:00,NSE:ORIENTABRA,24.5,24.6,24.45,24.55,8034.0
2021-05-25 12:45:00,NSE:ORIENTABRA,24.5,24.6,24.45,24.45,4380.0
2021-05-25 13:30:00,NSE:ORIENTABRA,24.5,24.5,24.45,24.45,5823.0
2021-05-25 14:15:00,NSE:ORIENTABRA,24.5,24.5,24.1,24.2,15953.0
2021-05-25 15:00:00,NSE:ORIENTABRA,24.15,24.3,24.1,24.3,9933.0
2021-05-26 09:00:00,NSE:ORIENTABRA,24.65,24.65,24.25,24.35,2697.0
2021-05-26 09:45:00,NSE:ORIENTABRA,24.25,24.5,24.25,24.5,3276.0
2021-05-26 10:30:00,NSE:ORIENTABRA,24.5,24.9,24.4,24.8,10853.0
2021-05-26 11:15:00,NSE:ORIENTABRA,24.8,24.95,24.65,24.7,19169.0
2021-05-26 12:00:00,NSE:ORIENTABRA,24.8,25.6,24.7,25.2,70519.0
2021-05-26 12:45:00,NSE:ORIENTABRA,25.2,25.5,24.9,24.9,23650.0
2021-05-26 13:30:00,NSE:ORIENTABRA,24.95,25.35,24.95,25.2,13002.0
2021-05-26 14:15:00,NSE:ORIENTABRA,25.2,25.5,25.0,25.25,19595.0
2021-05-26 15:00:00,NSE:ORIENTABRA,25.25,25.25,24.8,25.0,23261.0
2021-05-26 15:45:00,NSE:ORIENTABRA,25.0,25.0,25.0,25.0,75.0
2021-05-27 09:00:00,NSE:ORIENTABRA,25.5,25.55,25.05,25.05,17018.0
2021-05-27 09:45:00,NSE:ORIENTABRA,25.05,25.45,25.0,25.3,11541.0
2021-05-27 10:30:00,NSE:ORIENTABRA,25.25,25.35,25.05,25.05,6890.0
2021-05-27 11:15:00,NSE:ORIENTABRA,25.15,25.35,25.05,25.15,8966.0
2021-05-27 12:00:00,NSE:ORIENTABRA,25.25,25.5,25.15,25.15,23382.0
2021-05-27 12:45:00,NSE:ORIENTABRA,25.1,25.2,25.05,25.05,5878.0
2021-05-27 13:30:00,NSE:ORIENTABRA,25.05,25.15,25.0,25.0,5991.0
2021-05-27 14:15:00,NSE:ORIENTABRA,25.15,25.15,24.9,25.0,13593.0
2021-05-27 15:00:00,NSE:ORIENTABRA,25.05,25.55,24.85,25.3,39370.0
2021-05-27 15:45:00,NSE:ORIENTABRA,25.3,25.3,25.25,25.25,1000.0
2021-05-28 09:00:00,NSE:ORIENTABRA,25.1,25.6,25.1,25.45,4188.0
2021-05-28 09:45:00,NSE:ORIENTABRA,25.4,25.4,24.7,24.85,26317.0
2021-05-28 10:30:00,NSE:ORIENTABRA,24.85,24.85,24.6,24.6,18710.0
2021-05-28 11:15:00,NSE:ORIENTABRA,24.75,24.95,24.6,24.65,10298.0
2021-05-28 12:00:00,NSE:ORIENTABRA,24.7,24.75,24.5,24.6,4749.0
2021-05-28 12:45:00,NSE:ORIENTABRA,24.6,24.75,24.6,24.75,1023.0
2021-05-28 13:30:00,NSE:ORIENTABRA,24.8,24.9,24.8,24.9,1254.0
2021-05-28 14:15:00,NSE:ORIENTABRA,24.85,24.85,24.3,24.5,21220.0
2021-05-28 15:00:00,NSE:ORIENTABRA,24.5,24.6,24.3,24.4,16757.0
2021-05-28 15:45:00,NSE:ORIENTABRA,24.45,24.45,24.4,24.45,940.0
2021-05-31 09:00:00,NSE:ORIENTABRA,24.75,24.75,24.3,24.4,4052.0
2021-05-31 09:45:00,NSE:ORIENTABRA,24.5,24.65,24.4,24.6,5128.0
2021-05-31 10:30:00,NSE:ORIENTABRA,24.65,24.65,24.55,24.6,2134.0
2021-05-31 11:15:00,NSE:ORIENTABRA,24.65,24.65,24.6,24.65,1881.0
2021-05-31 12:00:00,NSE:ORIENTABRA,24.6,24.65,24.55,24.55,2710.0
2021-05-31 12:45:00,NSE:ORIENTABRA,24.65,24.65,24.3,24.55,14069.0
2021-05-31 13:30:00,NSE:ORIENTABRA,24.6,24.6,24.4,24.5,4683.0
2021-05-31 14:15:00,NSE:ORIENTABRA,24.5,24.6,24.4,24.4,3549.0
2021-05-31 15:00:00,NSE:ORIENTABRA,24.4,24.5,24.4,24.4,7791.0
2021-05-31 15:45:00,NSE:ORIENTABRA,24.45,24.45,24.45,24.45,200.0
2021-06-01 09:00:00,NSE:ORIENTABRA,24.25,24.65,24.25,24.45,4123.0
2021-06-01 09:45:00,NSE:ORIENTABRA,24.35,24.5,23.9,24.0,24196.0
2021-06-01 10:30:00,NSE:ORIENTABRA,24.15,24.2,23.95,23.95,6049.0
2021-06-01 11:15:00,NSE:ORIENTABRA,24.0,24.1,23.6,23.8,14336.0
2021-06-01 12:00:00,NSE:ORIENTABRA,23.85,24.05,23.75,23.8,10219.0
2021-06-01 12:45:00,NSE:ORIENTABRA,23.9,24.1,23.8,24.1,10960.0
2021-06-01 13:30:00,NSE:ORIENTABRA,24.05,24.15,23.9,23.9,3358.0
2021-06-01 14:15:00,NSE:ORIENTABRA,24.1,24.15,23.8,23.8,7755.0
2021-06-01 15:00:00,NSE:ORIENTABRA,23.8,23.85,23.6,23.85,29917.0
2021-06-02 09:00:00,NSE:ORIENTABRA,24.25,24.25,23.6,24.0,2847.0
2021-06-02 09:45:00,NSE:ORIENTABRA,24.0,24.1,23.6,23.95,12895.0
2021-06-02 10:30:00,NSE:ORIENTABRA,23.8,23.95,23.7,23.85,4172.0
2021-06-02 11:15:00,NSE:ORIENTABRA,23.95,24.0,23.9,24.0,2095.0
2021-06-02 12:00:00,NSE:ORIENTABRA,23.9,24.0,23.9,23.9,1521.0
2021-06-02 12:45:00,NSE:ORIENTABRA,24.1,24.15,24.05,24.1,1870.0
2021-06-02 13:30:00,NSE:ORIENTABRA,24.1,24.2,24.05,24.2,1754.0
2021-06-02 14:15:00,NSE:ORIENTABRA,24.1,24.15,24.0,24.1,8023.0
2021-06-02 15:00:00,NSE:ORIENTABRA,24.0,24.05,23.85,23.9,7226.0
2021-06-03 09:00:00,NSE:ORIENTABRA,24.6,24.6,24.0,24.2,1644.0
2021-06-03 09:45:00,NSE:ORIENTABRA,24.1,24.5,24.1,24.25,11911.0
2021-06-03 10:30:00,NSE:ORIENTABRA,24.25,24.3,24.15,24.2,6443.0
2021-06-03 11:15:00,NSE:ORIENTABRA,24.2,24.35,24.2,24.2,4478.0
2021-06-03 12:00:00,NSE:ORIENTABRA,24.25,24.45,24.25,24.3,5285.0
2021-06-03 12:45:00,NSE:ORIENTABRA,24.45,24.5,24.3,24.35,3578.0
2021-06-03 13:30:00,NSE:ORIENTABRA,24.45,24.45,24.35,24.4,1618.0
2021-06-03 14:15:00,NSE:ORIENTABRA,24.35,24.8,24.35,24.6,24402.0
2021-06-03 15:00:00,NSE:ORIENTABRA,24.5,24.75,24.5,24.7,23358.0
2021-06-04 09:00:00,NSE:ORIENTABRA,24.8,26.5,24.8,25.95,196956.0
2021-06-04 09:45:00,NSE:ORIENTABRA,25.95,26.15,25.7,26.1,102427.0
2021-06-04 10:30:00,NSE:ORIENTABRA,26.05,26.25,25.85,26.05,62831.0
2021-06-04 11:15:00,NSE:ORIENTABRA,26.1,26.3,25.85,26.0,75326.0
2021-06-04 12:00:00,NSE:ORIENTABRA,26.0,26.1,25.95,26.0,34718.0
2021-06-04 12:45:00,NSE:ORIENTABRA,25.95,26.05,25.85,25.9,39507.0
2021-06-04 13:30:00,NSE:ORIENTABRA,25.95,26.0,25.85,25.85,19110.0
2021-06-04 14:15:00,NSE:ORIENTABRA,25.95,25.95,25.8,25.9,26987.0
2021-06-04 15:00:00,NSE:ORIENTABRA,25.8,25.95,25.7,25.8,51156.0
2021-06-07 09:00:00,NSE:ORIENTABRA,26.2,27.9,26.0,27.45,251207.0
2021-06-07 09:45:00,NSE:ORIENTABRA,27.2,27.75,27.2,27.65,97128.0
2021-06-07 10:30:00,NSE:ORIENTABRA,27.5,27.85,27.5,27.7,43090.0
2021-06-07 11:15:00,NSE:ORIENTABRA,27.65,27.8,27.45,27.75,52519.0
2021-06-07 12:00:00,NSE:ORIENTABRA,27.8,27.8,27.55,27.65,50786.0
2021-06-07 12:45:00,NSE:ORIENTABRA,27.65,27.8,27.35,27.55,29834.0
2021-06-07 13:30:00,NSE:ORIENTABRA,27.55,27.75,27.35,27.5,31493.0
2021-06-07 14:15:00,NSE:ORIENTABRA,27.5,27.65,27.4,27.45,21703.0
2021-06-07 15:00:00,NSE:ORIENTABRA,27.55,27.55,27.25,27.25,65042.0
2021-06-07 15:45:00,NSE:ORIENTABRA,27.35,27.35,27.35,27.35,10.0
2021-06-08 09:00:00,NSE:ORIENTABRA,27.7,27.8,27.0,27.0,61561.0
2021-06-08 09:45:00,NSE:ORIENTABRA,27.0,27.15,26.4,26.8,32189.0
2021-06-08 10:30:00,NSE:ORIENTABRA,26.7,26.9,26.65,26.7,15114.0
2021-06-08 11:15:00,NSE:ORIENTABRA,26.7,27.0,26.5,26.65,19138.0
2021-06-08 12:00:00,NSE:ORIENTABRA,26.85,26.9,26.5,26.5,10624.0
2021-06-08 12:45:00,NSE:ORIENTABRA,26.55,26.75,26.5,26.55,6139.0
2021-06-08 13:30:00,NSE:ORIENTABRA,26.65,26.85,26.55,26.55,11142.0
2021-06-08 14:15:00,NSE:ORIENTABRA,26.55,27.1,26.55,26.85,22911.0
2021-06-08 15:00:00,NSE:ORIENTABRA,26.8,27.3,26.8,27.0,35565.0
2021-06-09 09:00:00,NSE:ORIENTABRA,27.3,27.3,26.65,26.65,21259.0
2021-06-09 09:45:00,NSE:ORIENTABRA,26.65,26.9,26.5,26.75,14648.0
2021-06-09 10:30:00,NSE:ORIENTABRA,26.85,27.75,26.75,27.5,55998.0
2021-06-09 11:15:00,NSE:ORIENTABRA,27.5,27.5,26.6,27.1,89459.0
2021-06-09 12:00:00,NSE:ORIENTABRA,27.05,27.3,26.95,27.2,16095.0
2021-06-09 12:45:00,NSE:ORIENTABRA,27.2,27.2,26.25,26.4,31265.0
2021-06-09 13:30:00,NSE:ORIENTABRA,26.2,26.6,26.2,26.4,15909.0
2021-06-09 14:15:00,NSE:ORIENTABRA,26.5,26.5,26.25,26.5,16302.0
2021-06-09 15:00:00,NSE:ORIENTABRA,26.4,26.6,26.1,26.1,20956.0
2021-06-10 09:00:00,NSE:ORIENTABRA,26.0,26.4,25.75,25.95,45034.0
2021-06-10 09:45:00,NSE:ORIENTABRA,26.05,26.1,25.9,26.0,31338.0
2021-06-10 10:30:00,NSE:ORIENTABRA,26.05,26.05,25.8,26.0,31938.0
2021-06-10 11:15:00,NSE:ORIENTABRA,25.95,26.15,25.85,26.05,16277.0
2021-06-10 12:00:00,NSE:ORIENTABRA,26.2,26.2,26.0,26.15,7331.0
2021-06-10 12:45:00,NSE:ORIENTABRA,26.2,26.2,26.1,26.15,8492.0
2021-06-10 13:30:00,NSE:ORIENTABRA,26.15,26.8,26.15,26.7,55866.0
2021-06-10 14:15:00,NSE:ORIENTABRA,26.7,27.0,26.55,26.85,54293.0
2021-06-10 15:00:00,NSE:ORIENTABRA,26.8,27.0,26.7,27.0,33829.0
2021-06-11 09:00:00,NSE:ORIENTABRA,27.9,27.9,26.85,26.95,35678.0
2021-06-11 09:45:00,NSE:ORIENTABRA,26.65,26.75,26.25,26.6,46572.0
2021-06-11 10:30:00,NSE:ORIENTABRA,26.6,26.95,26.3,26.9,44266.0
2021-06-11 11:15:00,NSE:ORIENTABRA,26.75,27.7,26.75,27.5,157247.0
2021-06-11 12:00:00,NSE:ORIENTABRA,27.55,27.55,27.1,27.35,31285.0
2021-06-11 12:45:00,NSE:ORIENTABRA,27.45,27.55,27.15,27.45,16481.0
2021-06-11 13:30:00,NSE:ORIENTABRA,27.5,27.65,27.0,27.2,33286.0
2021-06-11 14:15:00,NSE:ORIENTABRA,27.15,27.25,26.95,27.1,31966.0
2021-06-11 15:00:00,NSE:ORIENTABRA,27.1,27.1,26.55,26.9,37449.0
2021-06-11 15:45:00,NSE:ORIENTABRA,26.9,26.9,26.9,26.9,15.0
2021-06-14 09:00:00,NSE:ORIENTABRA,27.6,27.6,25.75,26.2,40388.0
2021-06-14 09:45:00,NSE:ORIENTABRA,26.2,26.65,26.1,26.5,16189.0
2021-06-14 10:30:00,NSE:ORIENTABRA,26.65,26.7,26.35,26.7,12201.0
2021-06-14 11:15:00,NSE:ORIENTABRA,26.7,26.7,26.35,26.45,10162.0
2021-06-14 12:00:00,NSE:ORIENTABRA,26.45,26.55,26.4,26.55,6843.0
2021-06-14 12:45:00,NSE:ORIENTABRA,26.6,26.75,26.45,26.6,19637.0
2021-06-14 13:30:00,NSE:ORIENTABRA,26.7,26.7,26.35,26.5,9963.0
2021-06-14 14:15:00,NSE:ORIENTABRA,26.4,26.5,26.3,26.4,8688.0
2021-06-14 15:00:00,NSE:ORIENTABRA,26.5,26.65,26.3,26.65,22153.0
2021-06-14 15:45:00,NSE:ORIENTABRA,26.4,26.4,26.4,26.4,1000.0
2021-06-15 09:00:00,NSE:ORIENTABRA,26.5,27.3,26.5,27.0,25563.0
2021-06-15 09:45:00,NSE:ORIENTABRA,27.0,27.0,26.8,26.85,9720.0
2021-06-15 10:30:00,NSE:ORIENTABRA,26.85,26.95,26.8,26.85,5624.0
2021-06-15 11:15:00,NSE:ORIENTABRA,26.85,26.95,26.65,26.8,13175.0
2021-06-15 12:00:00,NSE:ORIENTABRA,26.65,26.75,26.45,26.45,8206.0
2021-06-15 12:45:00,NSE:ORIENTABRA,26.55,26.55,26.4,26.45,12037.0
2021-06-15 13:30:00,NSE:ORIENTABRA,26.45,26.5,26.2,26.45,8895.0
2021-06-15 14:15:00,NSE:ORIENTABRA,26.5,26.5,26.4,26.45,3431.0
2021-06-15 15:00:00,NSE:ORIENTABRA,26.4,26.5,26.2,26.5,13736.0
2021-06-15 15:45:00,NSE:ORIENTABRA,26.25,26.5,26.25,26.5,250.0
2021-06-16 09:00:00,NSE:ORIENTABRA,26.35,27.1,26.25,26.7,18848.0
2021-06-16 09:45:00,NSE:ORIENTABRA,26.6,26.6,26.15,26.25,9959.0
2021-06-16 10:30:00,NSE:ORIENTABRA,26.2,26.5,26.1,26.45,7769.0
2021-06-16 11:15:00,NSE:ORIENTABRA,26.45,26.45,26.3,26.45,3304.0
2021-06-16 12:00:00,NSE:ORIENTABRA,26.25,26.35,26.25,26.3,2215.0
2021-06-16 12:45:00,NSE:ORIENTABRA,26.3,26.45,26.3,26.45,2937.0
2021-06-16 13:30:00,NSE:ORIENTABRA,26.45,26.45,26.35,26.35,8683.0
2021-06-16 14:15:00,NSE:ORIENTABRA,26.45,26.55,26.25,26.25,9991.0
2021-06-16 15:00:00,NSE:ORIENTABRA,26.25,26.35,26.15,26.25,9498.0
2021-06-17 09:00:00,NSE:ORIENTABRA,26.4,26.4,25.85,26.1,20732.0
2021-06-17 09:45:00,NSE:ORIENTABRA,26.1,26.3,25.9,26.15,16129.0
2021-06-17 10:30:00,NSE:ORIENTABRA,26.25,26.35,26.1,26.25,3636.0
2021-06-17 11:15:00,NSE:ORIENTABRA,26.35,26.5,26.0,26.45,10137.0
2021-06-17 12:00:00,NSE:ORIENTABRA,26.45,26.6,26.0,26.0,18436.0
2021-06-17 12:45:00,NSE:ORIENTABRA,26.0,26.35,26.0,26.3,18909.0
2021-06-17 13:30:00,NSE:ORIENTABRA,26.35,26.4,26.05,26.1,13154.0
2021-06-17 14:15:00,NSE:ORIENTABRA,26.15,26.15,25.9,26.0,14526.0
2021-06-17 15:00:00,NSE:ORIENTABRA,26.0,26.0,25.6,25.8,14139.0
2021-06-18 09:00:00,NSE:ORIENTABRA,25.55,26.3,25.5,25.85,4236.0
2021-06-18 09:45:00,NSE:ORIENTABRA,25.8,25.85,25.35,25.4,11778.0
2021-06-18 10:30:00,NSE:ORIENTABRA,25.35,25.35,24.3,24.6,42052.0
2021-06-18 11:15:00,NSE:ORIENTABRA,24.55,25.05,24.55,25.05,24675.0
2021-06-18 12:00:00,NSE:ORIENTABRA,25.05,25.1,24.7,25.1,15644.0
2021-06-18 12:45:00,NSE:ORIENTABRA,25.1,25.1,24.9,24.95,3527.0
2021-06-18 13:30:00,NSE:ORIENTABRA,24.95,26.2,24.8,25.75,50253.0
2021-06-18 14:15:00,NSE:ORIENTABRA,25.6,28.3,25.6,28.15,532308.0
2021-06-18 15:00:00,NSE:ORIENTABRA,28.1,28.15,27.65,27.9,119773.0
2021-06-21 09:00:00,NSE:ORIENTABRA,27.5,30.0,27.15,29.7,416265.0
2021-06-21 09:45:00,NSE:ORIENTABRA,29.85,30.5,29.6,29.75,461476.0
2021-06-21 10:30:00,NSE:ORIENTABRA,29.8,30.5,29.3,30.1,272832.0
2021-06-21 11:15:00,NSE:ORIENTABRA,30.1,30.15,29.25,29.65,124243.0
2021-06-21 12:00:00,NSE:ORIENTABRA,29.75,29.8,29.45,29.6,39663.0
2021-06-21 12:45:00,NSE:ORIENTABRA,29.55,29.8,29.5,29.75,40558.0
2021-06-21 13:30:00,NSE:ORIENTABRA,29.6,29.75,29.4,29.7,42757.0
2021-06-21 14:15:00,NSE:ORIENTABRA,29.6,29.8,29.2,29.5,94649.0
2021-06-21 15:00:00,NSE:ORIENTABRA,29.65,30.5,29.45,30.4,302990.0
2021-06-22 09:00:00,NSE:ORIENTABRA,31.8,32.7,31.05,31.75,468287.0
2021-06-22 09:45:00,NSE:ORIENTABRA,31.85,36.3,31.75,34.9,1890719.0
2021-06-22 10:30:00,NSE:ORIENTABRA,34.85,35.7,34.85,35.35,357373.0
2021-06-22 11:15:00,NSE:ORIENTABRA,35.35,35.85,35.1,35.85,292914.0
2021-06-22 12:00:00,NSE:ORIENTABRA,35.8,36.3,35.4,36.3,734164.0
2021-06-22 12:45:00,NSE:ORIENTABRA,36.3,36.3,36.3,36.3,27159.0
2021-06-22 13:30:00,NSE:ORIENTABRA,36.3,36.3,36.3,36.3,21856.0
2021-06-22 14:15:00,NSE:ORIENTABRA,36.3,36.3,36.3,36.3,30342.0
2021-06-22 15:00:00,NSE:ORIENTABRA,36.3,36.3,36.3,36.3,79575.0
2021-06-23 09:00:00,NSE:ORIENTABRA,38.4,38.65,32.5,34.8,989973.0
2021-06-23 09:45:00,NSE:ORIENTABRA,34.95,35.0,32.95,33.7,454065.0
2021-06-23 10:30:00,NSE:ORIENTABRA,33.75,34.55,33.5,34.05,152441.0
2021-06-23 11:15:00,NSE:ORIENTABRA,34.05,34.5,33.8,33.9,50715.0
2021-06-23 12:00:00,NSE:ORIENTABRA,34.0,34.2,33.85,34.0,37770.0
2021-06-23 12:45:00,NSE:ORIENTABRA,34.0,34.05,33.45,34.05,82766.0
2021-06-23 13:30:00,NSE:ORIENTABRA,34.05,34.2,33.65,33.7,44787.0
2021-06-23 14:15:00,NSE:ORIENTABRA,33.7,33.85,33.15,33.45,113493.0
2021-06-23 15:00:00,NSE:ORIENTABRA,33.55,33.55,33.0,33.15,149255.0
2021-06-24 09:00:00,NSE:ORIENTABRA,32.75,34.65,32.75,34.5,200960.0
2021-06-24 09:45:00,NSE:ORIENTABRA,34.5,34.8,33.2,33.75,159828.0
2021-06-24 10:30:00,NSE:ORIENTABRA,33.65,33.75,33.05,33.25,38834.0
2021-06-24 11:15:00,NSE:ORIENTABRA,33.25,33.6,33.2,33.35,16393.0
2021-06-24 12:00:00,NSE:ORIENTABRA,33.35,34.0,33.3,33.7,34494.0
2021-06-24 12:45:00,NSE:ORIENTABRA,33.8,33.9,33.2,33.35,25757.0
2021-06-24 13:30:00,NSE:ORIENTABRA,33.4,33.5,32.8,33.0,44424.0
2021-06-24 14:15:00,NSE:ORIENTABRA,33.0,33.0,32.7,32.7,25406.0
2021-06-24 15:00:00,NSE:ORIENTABRA,32.8,32.8,32.1,32.4,72700.0
2021-06-25 09:00:00,NSE:ORIENTABRA,32.35,32.8,31.45,31.8,95870.0
2021-06-25 09:45:00,NSE:ORIENTABRA,31.8,31.9,31.2,31.2,54324.0
2021-06-25 10:30:00,NSE:ORIENTABRA,31.3,31.3,30.6,30.85,144230.0
2021-06-25 11:15:00,NSE:ORIENTABRA,30.7,30.85,30.7,30.75,27880.0
2021-06-25 12:00:00,NSE:ORIENTABRA,30.65,31.35,30.65,31.25,57029.0
2021-06-25 12:45:00,NSE:ORIENTABRA,31.2,31.6,31.0,31.05,27328.0
2021-06-25 13:30:00,NSE:ORIENTABRA,31.05,31.15,30.9,31.0,17586.0
2021-06-25 14:15:00,NSE:ORIENTABRA,31.0,31.2,30.9,31.15,25036.0
2021-06-25 15:00:00,NSE:ORIENTABRA,31.2,31.2,30.6,30.85,71448.0
2021-06-28 09:00:00,NSE:ORIENTABRA,31.2,31.8,31.05,31.35,61129.0
2021-06-28 09:45:00,NSE:ORIENTABRA,31.35,31.35,30.65,30.75,45269.0
2021-06-28 10:30:00,NSE:ORIENTABRA,30.7,30.9,30.4,30.75,31542.0
2021-06-28 11:15:00,NSE:ORIENTABRA,30.75,31.0,30.7,31.0,13485.0
2021-06-28 12:00:00,NSE:ORIENTABRA,31.0,31.5,30.85,31.4,24398.0
2021-06-28 12:45:00,NSE:ORIENTABRA,31.45,31.45,31.0,31.2,19183.0
2021-06-28 13:30:00,NSE:ORIENTABRA,31.1,31.4,31.1,31.25,31042.0
2021-06-28 14:15:00,NSE:ORIENTABRA,31.2,32.8,31.1,32.7,91105.0
2021-06-28 15:00:00,NSE:ORIENTABRA,32.65,33.85,32.35,32.95,198389.0
2021-06-29 09:00:00,NSE:ORIENTABRA,33.1,33.65,32.5,33.2,114500.0
2021-06-29 09:45:00,NSE:ORIENTABRA,33.2,33.25,32.5,32.8,42431.0
2021-06-29 10:30:00,NSE:ORIENTABRA,32.8,33.25,32.65,33.15,11247.0
2021-06-29 11:15:00,NSE:ORIENTABRA,33.15,33.25,32.4,32.5,25413.0
2021-06-29 12:00:00,NSE:ORIENTABRA,32.5,32.9,32.5,32.7,6667.0
2021-06-29 12:45:00,NSE:ORIENTABRA,32.75,33.1,32.55,32.8,14887.0
2021-06-29 13:30:00,NSE:ORIENTABRA,32.85,32.85,32.5,32.6,6788.0
2021-06-29 14:15:00,NSE:ORIENTABRA,32.5,32.7,31.6,31.8,30494.0
2021-06-29 15:00:00,NSE:ORIENTABRA,31.85,32.55,31.85,32.55,33814.0
2021-06-30 09:00:00,NSE:ORIENTABRA,33.4,33.45,32.6,32.95,27620.0
2021-06-30 09:45:00,NSE:ORIENTABRA,32.8,33.0,32.6,32.85,9404.0
2021-06-30 10:30:00,NSE:ORIENTABRA,32.75,32.85,32.55,32.6,13362.0
2021-06-30 11:15:00,NSE:ORIENTABRA,32.55,32.6,32.35,32.35,6337.0
2021-06-30 12:00:00,NSE:ORIENTABRA,32.45,32.7,31.95,32.65,21825.0
2021-06-30 12:45:00,NSE:ORIENTABRA,32.75,32.9,32.4,32.4,10280.0
2021-06-30 13:30:00,NSE:ORIENTABRA,32.5,32.65,32.05,32.4,23934.0
2021-06-30 14:15:00,NSE:ORIENTABRA,32.1,32.35,32.0,32.1,8422.0
2021-06-30 15:00:00,NSE:ORIENTABRA,32.1,32.15,31.6,31.7,24336.0
2021-07-01 09:00:00,NSE:ORIENTABRA,31.4,32.0,31.1,31.45,29226.0
2021-07-01 09:45:00,NSE:ORIENTABRA,31.45,31.7,31.15,31.55,26135.0
2021-07-01 10:30:00,NSE:ORIENTABRA,31.55,33.0,31.5,31.85,62867.0
2021-07-01 11:15:00,NSE:ORIENTABRA,31.85,32.0,31.6,31.6,14889.0
2021-07-01 12:00:00,NSE:ORIENTABRA,31.7,32.0,31.3,31.3,36244.0
2021-07-01 12:45:00,NSE:ORIENTABRA,31.3,31.45,30.8,31.2,48276.0
2021-07-01 13:30:00,NSE:ORIENTABRA,31.2,31.35,30.65,30.9,29767.0
2021-07-01 14:15:00,NSE:ORIENTABRA,30.85,31.1,30.8,30.95,18159.0
2021-07-01 15:00:00,NSE:ORIENTABRA,30.95,31.1,30.85,30.9,34002.0
2021-07-02 09:00:00,NSE:ORIENTABRA,30.65,31.8,30.65,31.15,37049.0
2021-07-02 09:45:00,NSE:ORIENTABRA,31.1,31.45,31.1,31.4,10422.0
2021-07-02 10:30:00,NSE:ORIENTABRA,31.5,31.6,31.0,31.15,29873.0
2021-07-02 11:15:00,NSE:ORIENTABRA,31.15,31.15,30.5,30.6,60962.0
2021-07-02 12:00:00,NSE:ORIENTABRA,30.55,30.85,30.4,30.7,25587.0
2021-07-02 12:45:00,NSE:ORIENTABRA,30.75,30.8,30.4,30.75,21526.0
2021-07-02 13:30:00,NSE:ORIENTABRA,30.7,30.75,30.6,30.7,5016.0
2021-07-02 14:15:00,NSE:ORIENTABRA,30.65,30.75,30.55,30.7,9081.0
2021-07-02 15:00:00,NSE:ORIENTABRA,30.75,30.75,30.2,30.45,41019.0
2021-07-05 09:00:00,NSE:ORIENTABRA,30.5,31.5,30.5,30.95,167174.0
2021-07-05 09:45:00,NSE:ORIENTABRA,30.85,32.2,30.5,32.0,123857.0
2021-07-05 10:30:00,NSE:ORIENTABRA,32.0,33.0,32.0,32.6,113291.0
2021-07-05 11:15:00,NSE:ORIENTABRA,32.75,32.8,32.4,32.6,47175.0
2021-07-05 12:00:00,NSE:ORIENTABRA,32.65,32.7,32.25,32.7,37809.0
2021-07-05 12:45:00,NSE:ORIENTABRA,32.7,34.0,32.6,33.9,233996.0
2021-07-05 13:30:00,NSE:ORIENTABRA,33.9,34.7,33.35,33.55,275895.0
2021-07-05 14:15:00,NSE:ORIENTABRA,33.65,33.8,32.8,33.2,116148.0
2021-07-05 15:00:00,NSE:ORIENTABRA,33.2,33.9,32.65,33.0,154495.0
2021-07-06 09:00:00,NSE:ORIENTABRA,34.0,34.9,33.7,34.35,169547.0
2021-07-06 09:45:00,NSE:ORIENTABRA,34.2,34.7,34.0,34.2,91874.0
2021-07-06 10:30:00,NSE:ORIENTABRA,34.3,34.5,34.0,34.2,50293.0
2021-07-06 11:15:00,NSE:ORIENTABRA,34.1,34.25,34.0,34.1,19607.0
2021-07-06 12:00:00,NSE:ORIENTABRA,34.1,34.15,33.65,34.0,38867.0
2021-07-06 12:45:00,NSE:ORIENTABRA,34.15,34.15,33.65,33.8,43744.0
2021-07-06 13:30:00,NSE:ORIENTABRA,33.75,34.05,33.7,33.9,23781.0
2021-07-06 14:15:00,NSE:ORIENTABRA,33.9,34.0,33.1,33.3,72617.0
2021-07-06 15:00:00,NSE:ORIENTABRA,33.35,33.55,33.05,33.3,35487.0
2021-07-07 09:00:00,NSE:ORIENTABRA,33.55,34.4,32.55,34.0,106525.0
2021-07-07 09:45:00,NSE:ORIENTABRA,34.0,34.0,33.25,33.45,34566.0
2021-07-07 10:30:00,NSE:ORIENTABRA,33.6,33.7,33.45,33.7,8251.0
2021-07-07 11:15:00,NSE:ORIENTABRA,33.7,33.7,33.5,33.6,13221.0
2021-07-07 12:00:00,NSE:ORIENTABRA,33.7,33.7,33.5,33.6,5656.0
2021-07-07 12:45:00,NSE:ORIENTABRA,33.6,33.65,32.7,33.1,32036.0
2021-07-07 13:30:00,NSE:ORIENTABRA,33.25,33.5,32.95,33.1,17565.0
2021-07-07 14:15:00,NSE:ORIENTABRA,33.0,33.65,33.0,33.35,23531.0
2021-07-07 15:00:00,NSE:ORIENTABRA,33.4,33.65,33.3,33.5,20311.0
2021-07-08 09:00:00,NSE:ORIENTABRA,34.0,34.3,33.3,33.4,47556.0
2021-07-08 09:45:00,NSE:ORIENTABRA,33.25,33.85,33.25,33.5,18229.0
2021-07-08 10:30:00,NSE:ORIENTABRA,33.5,33.95,33.5,33.6,15885.0
2021-07-08 11:15:00,NSE:ORIENTABRA,33.6,33.75,33.4,33.55,8219.0
2021-07-08 12:00:00,NSE:ORIENTABRA,33.4,33.65,33.3,33.4,26168.0
2021-07-08 12:45:00,NSE:ORIENTABRA,33.65,33.65,33.2,33.2,14457.0
2021-07-08 13:30:00,NSE:ORIENTABRA,33.2,33.55,33.1,33.1,22607.0
2021-07-08 14:15:00,NSE:ORIENTABRA,33.1,33.35,32.0,32.6,71561.0
2021-07-08 15:00:00,NSE:ORIENTABRA,32.55,32.9,32.3,32.85,23511.0
2021-07-09 09:00:00,NSE:ORIENTABRA,32.65,33.2,31.75,32.45,32127.0
2021-07-09 09:45:00,NSE:ORIENTABRA,32.45,32.9,32.4,32.8,29807.0
2021-07-09 10:30:00,NSE:ORIENTABRA,32.65,32.95,32.65,32.8,25447.0
2021-07-09 11:15:00,NSE:ORIENTABRA,32.9,32.95,32.65,32.85,5911.0
2021-07-09 12:00:00,NSE:ORIENTABRA,32.75,33.45,32.7,33.4,29790.0
2021-07-09 12:45:00,NSE:ORIENTABRA,33.4,33.55,33.05,33.25,13835.0
2021-07-09 13:30:00,NSE:ORIENTABRA,33.25,33.3,32.95,33.0,15446.0
2021-07-09 14:15:00,NSE:ORIENTABRA,32.85,33.1,32.7,32.75,14531.0
2021-07-09 15:00:00,NSE:ORIENTABRA,32.85,32.95,32.65,32.7,23997.0
2021-07-12 09:00:00,NSE:ORIENTABRA,33.45,33.8,33.15,33.5,67053.0
2021-07-12 09:45:00,NSE:ORIENTABRA,33.5,34.4,33.4,33.95,77937.0
2021-07-12 10:30:00,NSE:ORIENTABRA,33.95,33.95,33.7,33.75,22237.0
2021-07-12 11:15:00,NSE:ORIENTABRA,33.85,33.9,33.75,33.75,7291.0
2021-07-12 12:00:00,NSE:ORIENTABRA,33.8,33.9,33.65,33.9,16953.0
2021-07-12 12:45:00,NSE:ORIENTABRA,33.75,33.9,33.5,33.5,14400.0
2021-07-12 13:30:00,NSE:ORIENTABRA,33.6,33.75,33.4,33.6,18708.0
2021-07-12 14:15:00,NSE:ORIENTABRA,33.45,33.55,33.25,33.3,25577.0
2021-07-12 15:00:00,NSE:ORIENTABRA,33.3,33.5,33.15,33.35,28595.0
2021-07-12 15:45:00,NSE:ORIENTABRA,33.3,33.3,33.3,33.3,150.0
2021-07-13 09:00:00,NSE:ORIENTABRA,33.3,33.95,32.3,32.7,109362.0
2021-07-13 09:45:00,NSE:ORIENTABRA,32.7,32.85,32.5,32.8,31893.0
2021-07-13 10:30:00,NSE:ORIENTABRA,32.8,33.25,32.8,33.05,37879.0
2021-07-13 11:15:00,NSE:ORIENTABRA,33.0,33.05,32.95,33.05,6603.0
2021-07-13 12:00:00,NSE:ORIENTABRA,32.95,33.1,32.65,32.9,29573.0
2021-07-13 12:45:00,NSE:ORIENTABRA,32.9,33.3,32.8,33.05,21789.0
2021-07-13 13:30:00,NSE:ORIENTABRA,33.05,33.15,32.85,32.95,10648.0
2021-07-13 14:15:00,NSE:ORIENTABRA,32.85,33.15,32.75,32.95,30095.0
2021-07-13 15:00:00,NSE:ORIENTABRA,33.0,33.0,32.5,32.65,29024.0
2021-07-14 09:00:00,NSE:ORIENTABRA,32.6,32.95,32.4,32.7,48209.0
2021-07-14 09:45:00,NSE:ORIENTABRA,32.65,34.0,32.5,34.0,97373.0
2021-07-14 10:30:00,NSE:ORIENTABRA,34.0,35.6,33.95,34.85,476765.0
2021-07-14 11:15:00,NSE:ORIENTABRA,34.9,35.0,34.35,34.7,77201.0
2021-07-14 12:00:00,NSE:ORIENTABRA,34.6,34.95,34.1,34.45,57651.0
2021-07-14 12:45:00,NSE:ORIENTABRA,34.4,34.65,34.3,34.5,44269.0
2021-07-14 13:30:00,NSE:ORIENTABRA,34.5,34.55,34.05,34.4,21968.0
2021-07-14 14:15:00,NSE:ORIENTABRA,34.25,34.5,34.05,34.2,27917.0
2021-07-14 15:00:00,NSE:ORIENTABRA,34.05,34.3,34.0,34.1,58057.0
2021-07-15 09:00:00,NSE:ORIENTABRA,34.35,34.35,33.45,33.6,53188.0
2021-07-15 09:45:00,NSE:ORIENTABRA,33.75,33.9,33.5,33.75,14040.0
2021-07-15 10:30:00,NSE:ORIENTABRA,33.75,34.5,33.75,34.15,29046.0
2021-07-15 11:15:00,NSE:ORIENTABRA,34.15,34.2,33.6,33.85,17730.0
2021-07-15 12:00:00,NSE:ORIENTABRA,33.75,33.9,33.6,33.75,2440.0
2021-07-15 12:45:00,NSE:ORIENTABRA,33.75,33.85,33.7,33.85,4053.0
2021-07-15 13:30:00,NSE:ORIENTABRA,33.7,33.85,33.5,33.55,17044.0
2021-07-15 14:15:00,NSE:ORIENTABRA,33.75,33.9,33.6,33.8,18177.0
2021-07-15 15:00:00,NSE:ORIENTABRA,33.65,33.75,33.25,33.6,18908.0
2021-07-15 15:45:00,NSE:ORIENTABRA,33.5,33.6,33.5,33.6,22.0
2021-07-16 09:00:00,NSE:ORIENTABRA,34.0,34.0,32.65,33.3,33026.0
2021-07-16 09:45:00,NSE:ORIENTABRA,33.3,33.45,32.85,33.0,14866.0
2021-07-16 10:30:00,NSE:ORIENTABRA,33.2,33.45,32.9,33.0,30553.0
2021-07-16 11:15:00,NSE:ORIENTABRA,33.0,33.2,32.9,33.2,6630.0
2021-07-16 12:00:00,NSE:ORIENTABRA,33.2,33.2,33.05,33.05,1641.0
2021-07-16 12:45:00,NSE:ORIENTABRA,33.05,33.15,33.0,33.0,3904.0
2021-07-16 13:30:00,NSE:ORIENTABRA,33.1,33.1,32.8,32.8,18087.0
2021-07-16 14:15:00,NSE:ORIENTABRA,32.85,33.3,32.8,33.1,30941.0
2021-07-16 15:00:00,NSE:ORIENTABRA,33.0,33.2,32.9,33.2,18410.0
2021-07-19 09:00:00,NSE:ORIENTABRA,33.2,33.9,32.8,33.8,42046.0
2021-07-19 09:45:00,NSE:ORIENTABRA,33.55,34.65,33.3,33.7,112699.0
2021-07-19 10:30:00,NSE:ORIENTABRA,33.55,33.95,33.25,33.95,37349.0
2021-07-19 11:15:00,NSE:ORIENTABRA,33.95,34.1,33.65,34.0,34024.0
2021-07-19 12:00:00,NSE:ORIENTABRA,34.0,34.2,33.75,33.75,15185.0
2021-07-19 12:45:00,NSE:ORIENTABRA,33.75,33.95,33.6,33.6,9265.0
2021-07-19 13:30:00,NSE:ORIENTABRA,33.7,33.7,33.25,33.3,32142.0
2021-07-19 14:15:00,NSE:ORIENTABRA,33.3,33.5,33.2,33.25,20713.0
2021-07-19 15:00:00,NSE:ORIENTABRA,33.3,33.65,33.0,33.2,30356.0
2021-07-20 09:00:00,NSE:ORIENTABRA,33.9,37.0,33.3,36.4,770891.0
2021-07-20 09:45:00,NSE:ORIENTABRA,36.25,38.7,36.25,37.7,1224368.0
2021-07-20 10:30:00,NSE:ORIENTABRA,37.7,38.35,36.7,38.0,381912.0
2021-07-20 11:15:00,NSE:ORIENTABRA,38.1,38.15,37.0,37.35,166612.0
2021-07-20 12:00:00,NSE:ORIENTABRA,37.15,37.4,36.75,37.2,196730.0
2021-07-20 12:45:00,NSE:ORIENTABRA,37.2,37.25,36.8,36.9,81589.0
2021-07-20 13:30:00,NSE:ORIENTABRA,36.9,37.0,36.0,36.4,189290.0
2021-07-20 14:15:00,NSE:ORIENTABRA,36.4,36.95,36.2,36.25,108536.0
2021-07-20 15:00:00,NSE:ORIENTABRA,36.35,36.4,35.5,36.15,221942.0
2021-07-22 09:00:00,NSE:ORIENTABRA,37.0,37.85,36.4,37.0,224715.0
2021-07-22 09:45:00,NSE:ORIENTABRA,37.0,37.1,36.45,36.65,40405.0
2021-07-22 10:30:00,NSE:ORIENTABRA,36.65,37.15,36.5,36.8,51464.0
2021-07-22 11:15:00,NSE:ORIENTABRA,36.9,37.0,36.7,36.7,22573.0
2021-07-22 12:00:00,NSE:ORIENTABRA,36.75,36.95,36.6,36.75,19121.0
2021-07-22 12:45:00,NSE:ORIENTABRA,36.8,36.8,36.4,36.4,19776.0
2021-07-22 13:30:00,NSE:ORIENTABRA,36.4,36.75,36.25,36.7,32698.0
2021-07-22 14:15:00,NSE:ORIENTABRA,36.6,36.7,36.25,36.45,29308.0
2021-07-22 15:00:00,NSE:ORIENTABRA,36.45,36.5,36.15,36.3,45323.0
2021-07-23 09:00:00,NSE:ORIENTABRA,36.75,36.75,35.05,35.1,93307.0
2021-07-23 09:45:00,NSE:ORIENTABRA,35.15,35.75,34.55,34.7,81850.0
2021-07-23 10:30:00,NSE:ORIENTABRA,34.8,35.1,34.65,34.95,26958.0
2021-07-23 11:15:00,NSE:ORIENTABRA,34.8,35.1,34.8,34.95,13277.0
2021-07-23 12:00:00,NSE:ORIENTABRA,34.95,35.35,34.8,35.15,12719.0
2021-07-23 12:45:00,NSE:ORIENTABRA,35.25,35.25,35.15,35.15,10818.0
2021-07-23 13:30:00,NSE:ORIENTABRA,35.15,35.75,35.0,35.4,21358.0
2021-07-23 14:15:00,NSE:ORIENTABRA,35.35,35.6,34.75,34.85,34294.0
2021-07-23 15:00:00,NSE:ORIENTABRA,34.9,35.0,34.55,34.7,37366.0
2021-07-26 09:00:00,NSE:ORIENTABRA,34.7,34.95,33.55,33.95,100358.0
2021-07-26 09:45:00,NSE:ORIENTABRA,33.9,34.25,33.75,34.25,47942.0
2021-07-26 10:30:00,NSE:ORIENTABRA,34.25,35.9,34.1,35.75,97811.0
2021-07-26 11:15:00,NSE:ORIENTABRA,35.65,36.5,35.6,35.8,108045.0
2021-07-26 12:00:00,NSE:ORIENTABRA,35.7,35.8,35.55,35.75,11167.0
2021-07-26 12:45:00,NSE:ORIENTABRA,35.65,35.75,35.3,35.5,25558.0
2021-07-26 13:30:00,NSE:ORIENTABRA,35.3,35.8,34.85,35.25,31599.0
2021-07-26 14:15:00,NSE:ORIENTABRA,35.25,36.2,34.65,35.65,86825.0
2021-07-26 15:00:00,NSE:ORIENTABRA,35.6,35.75,35.0,35.3,39193.0
2021-07-27 09:00:00,NSE:ORIENTABRA,35.5,35.9,35.0,35.6,73232.0
2021-07-27 09:45:00,NSE:ORIENTABRA,35.6,35.7,35.2,35.3,39952.0
2021-07-27 10:30:00,NSE:ORIENTABRA,35.15,35.6,34.55,34.7,49482.0
2021-07-27 11:15:00,NSE:ORIENTABRA,34.75,35.1,34.7,34.75,19719.0
2021-07-27 12:00:00,NSE:ORIENTABRA,34.85,34.95,34.4,34.5,17938.0
2021-07-27 12:45:00,NSE:ORIENTABRA,34.45,34.55,34.0,34.1,41836.0
2021-07-27 13:30:00,NSE:ORIENTABRA,34.15,34.2,33.45,33.85,41117.0
2021-07-27 14:15:00,NSE:ORIENTABRA,33.85,34.2,33.75,34.2,11505.0
2021-07-27 15:00:00,NSE:ORIENTABRA,34.2,34.2,33.75,34.0,29862.0
2021-07-28 09:00:00,NSE:ORIENTABRA,34.05,34.9,34.05,34.4,56182.0
2021-07-28 09:45:00,NSE:ORIENTABRA,34.25,34.25,32.95,33.4,118801.0
2021-07-28 10:30:00,NSE:ORIENTABRA,33.55,33.55,32.75,33.0,39418.0
2021-07-28 11:15:00,NSE:ORIENTABRA,33.0,33.0,31.8,32.7,78225.0
2021-07-28 12:00:00,NSE:ORIENTABRA,32.7,33.6,32.7,33.4,33135.0
2021-07-28 12:45:00,NSE:ORIENTABRA,33.25,33.65,33.0,33.25,24314.0
2021-07-28 13:30:00,NSE:ORIENTABRA,33.25,33.35,33.0,33.0,8227.0
2021-07-28 14:15:00,NSE:ORIENTABRA,33.15,33.7,32.7,33.4,45510.0
2021-07-28 15:00:00,NSE:ORIENTABRA,33.35,33.4,32.7,33.15,18787.0
2021-07-29 09:00:00,NSE:ORIENTABRA,33.4,33.85,33.2,33.8,51830.0
2021-07-29 09:45:00,NSE:ORIENTABRA,33.7,34.9,33.3,34.9,60803.0
2021-07-29 10:30:00,NSE:ORIENTABRA,34.9,35.5,34.25,34.5,134548.0
2021-07-29 11:15:00,NSE:ORIENTABRA,34.75,34.75,33.8,33.8,26944.0
2021-07-29 12:00:00,NSE:ORIENTABRA,33.8,34.5,33.8,34.1,44039.0
2021-07-29 12:45:00,NSE:ORIENTABRA,34.1,35.0,34.1,34.85,24185.0
2021-07-29 13:30:00,NSE:ORIENTABRA,34.75,35.0,34.7,34.7,14482.0
2021-07-29 14:15:00,NSE:ORIENTABRA,34.85,34.85,34.0,34.0,17418.0
2021-07-29 15:00:00,NSE:ORIENTABRA,34.2,34.4,33.9,34.1,37134.0
2021-07-29 15:45:00,NSE:ORIENTABRA,34.05,34.1,34.05,34.1,510.0
2021-07-30 09:00:00,NSE:ORIENTABRA,34.4,34.7,34.15,34.35,47416.0
2021-07-30 09:45:00,NSE:ORIENTABRA,34.3,34.5,33.6,34.5,39107.0
2021-07-30 10:30:00,NSE:ORIENTABRA,34.45,34.65,34.1,34.3,33568.0
2021-07-30 11:15:00,NSE:ORIENTABRA,34.45,34.8,34.15,34.3,11447.0
2021-07-30 12:00:00,NSE:ORIENTABRA,34.3,36.5,34.3,36.35,306260.0
2021-07-30 12:45:00,NSE:ORIENTABRA,36.35,36.4,34.6,34.75,181452.0
2021-07-30 13:30:00,NSE:ORIENTABRA,34.75,35.1,34.55,34.8,49233.0
2021-07-30 14:15:00,NSE:ORIENTABRA,34.8,35.1,34.7,34.7,46273.0
2021-07-30 15:00:00,NSE:ORIENTABRA,34.8,35.0,34.3,34.55,53056.0
2021-08-02 09:00:00,NSE:ORIENTABRA,35.05,36.25,35.05,35.9,79848.0
2021-08-02 09:45:00,NSE:ORIENTABRA,36.0,36.4,35.5,35.8,31565.0
2021-08-02 10:30:00,NSE:ORIENTABRA,35.7,36.0,35.65,35.7,27791.0
2021-08-02 11:15:00,NSE:ORIENTABRA,35.8,35.8,35.3,35.55,18220.0
2021-08-02 12:00:00,NSE:ORIENTABRA,35.55,35.8,35.5,35.6,8200.0
2021-08-02 12:45:00,NSE:ORIENTABRA,35.75,35.75,35.4,35.4,6702.0
2021-08-02 13:30:00,NSE:ORIENTABRA,35.35,35.8,35.3,35.55,14428.0
2021-08-02 14:15:00,NSE:ORIENTABRA,35.55,35.65,35.2,35.3,13958.0
2021-08-02 15:00:00,NSE:ORIENTABRA,35.4,35.65,35.3,35.3,23967.0
2021-08-03 09:00:00,NSE:ORIENTABRA,36.0,36.25,35.65,35.9,29669.0
2021-08-03 09:45:00,NSE:ORIENTABRA,35.9,36.0,35.25,35.4,43906.0
2021-08-03 10:30:00,NSE:ORIENTABRA,35.4,35.7,35.3,35.45,41122.0
2021-08-03 11:15:00,NSE:ORIENTABRA,35.45,35.65,35.35,35.4,10943.0
2021-08-03 12:00:00,NSE:ORIENTABRA,35.4,35.6,35.4,35.4,11285.0
2021-08-03 12:45:00,NSE:ORIENTABRA,35.4,35.6,35.3,35.45,13477.0
2021-08-03 13:30:00,NSE:ORIENTABRA,35.4,35.4,34.7,34.95,33662.0
2021-08-03 14:15:00,NSE:ORIENTABRA,34.95,35.1,34.7,34.7,13284.0
2021-08-03 15:00:00,NSE:ORIENTABRA,34.7,34.9,34.55,34.75,19053.0
2021-08-03 15:45:00,NSE:ORIENTABRA,34.7,34.7,34.7,34.7,1854.0
2021-08-04 09:00:00,NSE:ORIENTABRA,35.1,35.45,34.7,35.0,26761.0
2021-08-04 09:45:00,NSE:ORIENTABRA,35.0,35.05,34.3,34.55,35813.0
2021-08-04 10:30:00,NSE:ORIENTABRA,34.55,34.7,34.5,34.55,26651.0
2021-08-04 11:15:00,NSE:ORIENTABRA,34.65,34.65,34.0,34.1,27168.0
2021-08-04 12:00:00,NSE:ORIENTABRA,34.0,34.2,33.5,33.75,23519.0
2021-08-04 12:45:00,NSE:ORIENTABRA,33.75,33.8,33.45,33.45,17165.0
2021-08-04 13:30:00,NSE:ORIENTABRA,33.5,33.95,33.45,33.8,10646.0
2021-08-04 14:15:00,NSE:ORIENTABRA,33.85,34.0,33.5,33.7,16935.0
2021-08-04 15:00:00,NSE:ORIENTABRA,33.8,33.85,33.5,33.5,36153.0
2021-08-04 15:45:00,NSE:ORIENTABRA,33.7,33.7,33.5,33.5,557.0
2021-08-05 09:00:00,NSE:ORIENTABRA,34.1,34.1,33.3,33.55,24480.0
2021-08-05 09:45:00,NSE:ORIENTABRA,33.55,33.55,32.8,32.95,33097.0
2021-08-05 10:30:00,NSE:ORIENTABRA,33.05,33.5,32.7,33.1,21312.0
2021-08-05 11:15:00,NSE:ORIENTABRA,33.05,33.45,32.95,33.1,19895.0
2021-08-05 12:00:00,NSE:ORIENTABRA,33.2,33.4,33.2,33.25,4062.0
2021-08-05 12:45:00,NSE:ORIENTABRA,33.25,33.35,32.6,32.85,18922.0
2021-08-05 13:30:00,NSE:ORIENTABRA,32.9,33.35,32.65,32.85,34487.0
2021-08-05 14:15:00,NSE:ORIENTABRA,32.85,33.0,32.7,32.9,15462.0
2021-08-05 15:00:00,NSE:ORIENTABRA,32.9,33.45,32.7,33.05,25054.0
2021-08-06 09:00:00,NSE:ORIENTABRA,33.35,33.95,32.95,33.75,62132.0
2021-08-06 09:45:00,NSE:ORIENTABRA,33.65,34.3,33.5,33.7,46015.0
2021-08-06 10:30:00,NSE:ORIENTABRA,33.6,33.85,33.4,33.5,35918.0
2021-08-06 11:15:00,NSE:ORIENTABRA,33.55,34.7,33.5,34.1,55511.0
2021-08-06 12:00:00,NSE:ORIENTABRA,34.1,34.35,33.9,34.05,15331.0
2021-08-06 12:45:00,NSE:ORIENTABRA,34.15,34.2,33.3,33.3,33496.0
2021-08-06 13:30:00,NSE:ORIENTABRA,33.45,34.05,33.2,34.0,56241.0
2021-08-06 14:15:00,NSE:ORIENTABRA,34.1,34.4,33.75,33.95,33508.0
2021-08-06 15:00:00,NSE:ORIENTABRA,33.95,34.25,33.55,33.75,26503.0
2021-08-09 09:00:00,NSE:ORIENTABRA,34.5,34.9,33.9,33.95,35375.0
2021-08-09 09:45:00,NSE:ORIENTABRA,34.05,34.3,33.8,33.95,16099.0
2021-08-09 10:30:00,NSE:ORIENTABRA,34.05,34.2,33.55,33.9,22490.0
2021-08-09 11:15:00,NSE:ORIENTABRA,33.9,33.95,33.35,33.4,20555.0
2021-08-09 12:00:00,NSE:ORIENTABRA,33.4,33.8,33.25,33.45,16678.0
2021-08-09 12:45:00,NSE:ORIENTABRA,33.65,33.65,33.15,33.35,10649.0
2021-08-09 13:30:00,NSE:ORIENTABRA,33.35,33.7,33.0,33.4,22496.0
2021-08-09 14:15:00,NSE:ORIENTABRA,33.2,33.4,33.15,33.3,9976.0
2021-08-09 15:00:00,NSE:ORIENTABRA,33.15,33.2,32.65,32.95,24381.0
2021-08-10 09:00:00,NSE:ORIENTABRA,33.45,33.5,32.95,33.2,26327.0
2021-08-10 09:45:00,NSE:ORIENTABRA,32.95,33.2,32.7,32.95,12843.0
2021-08-10 10:30:00,NSE:ORIENTABRA,32.8,34.7,32.6,33.55,27662.0
2021-08-10 11:15:00,NSE:ORIENTABRA,33.7,33.95,33.15,33.55,22000.0
2021-08-10 12:00:00,NSE:ORIENTABRA,33.4,33.85,33.4,33.85,18213.0
2021-08-10 12:45:00,NSE:ORIENTABRA,33.75,33.75,33.0,33.0,11500.0
2021-08-10 13:30:00,NSE:ORIENTABRA,33.0,33.1,31.05,31.15,66874.0
2021-08-10 14:15:00,NSE:ORIENTABRA,31.15,31.85,31.0,31.7,33808.0
2021-08-10 15:00:00,NSE:ORIENTABRA,31.7,31.85,31.0,31.3,46978.0
2021-08-11 09:00:00,NSE:ORIENTABRA,31.9,32.2,30.2,30.45,52005.0
2021-08-11 09:45:00,NSE:ORIENTABRA,30.45,30.9,28.3,29.2,84523.0
2021-08-11 10:30:00,NSE:ORIENTABRA,29.05,29.15,28.0,28.6,87002.0
2021-08-11 11:15:00,NSE:ORIENTABRA,28.6,30.0,28.4,29.05,43683.0
2021-08-11 12:00:00,NSE:ORIENTABRA,28.9,31.15,28.8,30.4,52852.0
2021-08-11 12:45:00,NSE:ORIENTABRA,30.35,30.6,29.7,30.15,35344.0
2021-08-11 13:30:00,NSE:ORIENTABRA,30.35,30.45,29.8,30.1,10160.0
2021-08-11 14:15:00,NSE:ORIENTABRA,30.15,30.35,29.85,30.2,12485.0
2021-08-11 15:00:00,NSE:ORIENTABRA,30.3,30.3,29.7,29.75,28207.0
2021-08-11 15:45:00,NSE:ORIENTABRA,29.9,29.9,29.9,29.9,80.0
2021-08-12 09:00:00,NSE:ORIENTABRA,30.35,31.3,30.0,30.5,108576.0
2021-08-12 09:45:00,NSE:ORIENTABRA,30.65,31.4,30.4,31.0,50971.0
2021-08-12 10:30:00,NSE:ORIENTABRA,31.15,31.35,30.7,31.35,18840.0
2021-08-12 11:15:00,NSE:ORIENTABRA,31.15,31.35,30.85,31.2,17827.0
2021-08-12 12:00:00,NSE:ORIENTABRA,31.1,31.3,31.05,31.2,5142.0
2021-08-12 12:45:00,NSE:ORIENTABRA,31.15,31.2,31.0,31.15,4312.0
2021-08-12 13:30:00,NSE:ORIENTABRA,31.2,31.25,31.1,31.1,4121.0
2021-08-12 14:15:00,NSE:ORIENTABRA,31.0,31.3,31.0,31.3,5507.0
2021-08-12 15:00:00,NSE:ORIENTABRA,31.2,31.5,31.05,31.25,20542.0
2021-08-13 09:00:00,NSE:ORIENTABRA,31.05,31.95,31.05,31.65,27026.0
2021-08-13 09:45:00,NSE:ORIENTABRA,31.6,33.85,31.5,33.4,180381.0
2021-08-13 10:30:00,NSE:ORIENTABRA,33.4,33.8,33.3,33.3,99100.0
2021-08-13 11:15:00,NSE:ORIENTABRA,33.25,33.5,33.0,33.0,23297.0
2021-08-13 12:00:00,NSE:ORIENTABRA,33.0,33.2,32.75,32.9,17283.0
2021-08-13 12:45:00,NSE:ORIENTABRA,32.85,33.15,32.75,33.0,32080.0
2021-08-13 13:30:00,NSE:ORIENTABRA,33.1,33.1,32.7,32.85,15015.0
2021-08-13 14:15:00,NSE:ORIENTABRA,32.85,32.95,32.7,32.9,8241.0
2021-08-13 15:00:00,NSE:ORIENTABRA,32.85,32.95,32.25,32.4,35690.0
