datetime,symbol,open,high,low,close,volume
2021-04-27 15:06:00,NSE:APLAPOLLO,1316.55,1317.7,1309.1,1310.95,2927.0
2021-04-27 15:09:00,NSE:APLAPOLLO,1310.95,1321.0,1310.95,1317.35,3564.0
2021-04-27 15:12:00,NSE:APLAPOLLO,1317.4,1319.25,1315.0,1315.0,362.0
2021-04-27 15:15:00,NSE:APLAPOLLO,1315.0,1317.0,1307.65,1309.05,1997.0
2021-04-27 15:18:00,NSE:APLAPOLLO,1309.05,1314.35,1309.05,1310.15,2366.0
2021-04-27 15:21:00,NSE:APLAPOLLO,1310.3,1315.95,1306.4,1312.15,2484.0
2021-04-27 15:24:00,NSE:APLAPOLLO,1312.15,1314.25,1308.0,1311.0,959.0
2021-04-27 15:27:00,NSE:APLAPOLLO,1309.05,1315.0,1308.0,1310.0,1668.0
2021-04-27 15:30:00,NSE:APLAPOLLO,1310.0,1310.0,1310.0,1310.0,10.0
2021-04-27 15:39:00,NSE:APLAPOLLO,1313.1,1313.1,1313.1,1313.1,30.0
2021-04-27 15:45:00,NSE:APLAPOLLO,1313.1,1313.1,1313.1,1313.1,1.0
2021-04-27 15:48:00,NSE:APLAPOLLO,1313.1,1313.1,1313.1,1313.1,2.0
2021-04-28 09:06:00,NSE:APLAPOLLO,1317.0,1317.0,1317.0,1317.0,16.0
2021-04-28 09:15:00,NSE:APLAPOLLO,1316.55,1337.9,1316.15,1336.0,2519.0
2021-04-28 09:18:00,NSE:APLAPOLLO,1336.0,1336.0,1325.0,1327.9,1918.0
2021-04-28 09:21:00,NSE:APLAPOLLO,1327.35,1327.4,1323.35,1326.05,1198.0
2021-04-28 09:24:00,NSE:APLAPOLLO,1326.05,1326.1,1322.0,1322.95,2620.0
2021-04-28 09:27:00,NSE:APLAPOLLO,1323.85,1325.0,1322.05,1324.05,695.0
2021-04-28 09:30:00,NSE:APLAPOLLO,1324.05,1324.45,1316.0,1317.0,3798.0
2021-04-28 09:33:00,NSE:APLAPOLLO,1318.0,1321.15,1317.1,1320.0,421.0
2021-04-28 09:36:00,NSE:APLAPOLLO,1320.0,1320.6,1316.6,1318.0,1559.0
2021-04-28 09:39:00,NSE:APLAPOLLO,1318.0,1321.9,1318.0,1321.3,1599.0
2021-04-28 09:42:00,NSE:APLAPOLLO,1320.15,1322.0,1320.15,1321.0,741.0
2021-04-28 09:45:00,NSE:APLAPOLLO,1321.0,1325.05,1319.85,1325.05,1289.0
2021-04-28 09:48:00,NSE:APLAPOLLO,1325.05,1327.0,1320.05,1320.05,389.0
2021-04-28 09:51:00,NSE:APLAPOLLO,1320.05,1321.95,1320.0,1321.95,386.0
2021-04-28 09:54:00,NSE:APLAPOLLO,1322.0,1322.7,1320.05,1320.05,451.0
2021-04-28 09:57:00,NSE:APLAPOLLO,1320.05,1322.15,1320.05,1320.2,412.0
2021-04-28 10:00:00,NSE:APLAPOLLO,1320.3,1322.0,1320.2,1321.0,251.0
2021-04-28 10:03:00,NSE:APLAPOLLO,1321.0,1321.0,1320.1,1320.15,1370.0
2021-04-28 10:06:00,NSE:APLAPOLLO,1320.35,1321.9,1320.1,1321.55,297.0
2021-04-28 10:09:00,NSE:APLAPOLLO,1321.1,1321.5,1319.95,1320.0,886.0
2021-04-28 10:12:00,NSE:APLAPOLLO,1319.15,1320.0,1318.05,1318.05,308.0
2021-04-28 10:15:00,NSE:APLAPOLLO,1318.05,1318.05,1312.1,1314.0,1020.0
2021-04-28 10:18:00,NSE:APLAPOLLO,1315.0,1319.75,1314.0,1319.15,533.0
2021-04-28 10:21:00,NSE:APLAPOLLO,1319.3,1319.95,1316.0,1316.0,208.0
2021-04-28 10:24:00,NSE:APLAPOLLO,1315.1,1317.6,1315.1,1316.55,222.0
2021-04-28 10:27:00,NSE:APLAPOLLO,1316.15,1320.0,1316.15,1318.35,368.0
2021-04-28 10:30:00,NSE:APLAPOLLO,1318.0,1320.0,1317.0,1318.6,152.0
2021-04-28 10:33:00,NSE:APLAPOLLO,1319.8,1319.8,1318.5,1318.5,189.0
2021-04-28 10:36:00,NSE:APLAPOLLO,1318.2,1318.2,1314.05,1316.15,2276.0
2021-04-28 10:39:00,NSE:APLAPOLLO,1316.3,1319.05,1316.3,1319.05,143.0
2021-04-28 10:42:00,NSE:APLAPOLLO,1318.95,1318.95,1317.35,1317.35,17.0
2021-04-28 10:45:00,NSE:APLAPOLLO,1318.75,1318.75,1316.0,1318.65,233.0
2021-04-28 10:48:00,NSE:APLAPOLLO,1318.95,1318.95,1316.95,1317.0,214.0
2021-04-28 10:51:00,NSE:APLAPOLLO,1317.0,1317.8,1317.0,1317.0,13.0
2021-04-28 10:54:00,NSE:APLAPOLLO,1317.7,1317.7,1314.55,1317.1,867.0
2021-04-28 10:57:00,NSE:APLAPOLLO,1316.35,1317.05,1315.0,1317.0,143.0
2021-04-28 11:00:00,NSE:APLAPOLLO,1316.0,1316.9,1314.2,1315.0,438.0
2021-04-28 11:03:00,NSE:APLAPOLLO,1315.15,1315.15,1313.0,1313.0,1283.0
2021-04-28 11:06:00,NSE:APLAPOLLO,1313.5,1313.95,1313.0,1313.05,172.0
2021-04-28 11:09:00,NSE:APLAPOLLO,1313.5,1313.9,1312.0,1312.0,614.0
2021-04-28 11:12:00,NSE:APLAPOLLO,1312.25,1313.85,1312.25,1312.95,411.0
2021-04-28 11:15:00,NSE:APLAPOLLO,1312.9,1313.0,1312.3,1312.3,182.0
2021-04-28 11:18:00,NSE:APLAPOLLO,1312.35,1313.15,1310.25,1312.0,459.0
2021-04-28 11:21:00,NSE:APLAPOLLO,1313.6,1314.55,1313.1,1313.1,262.0
2021-04-28 11:24:00,NSE:APLAPOLLO,1313.8,1313.8,1310.0,1310.05,1192.0
2021-04-28 11:27:00,NSE:APLAPOLLO,1310.05,1310.05,1308.35,1310.0,718.0
2021-04-28 11:30:00,NSE:APLAPOLLO,1309.2,1310.25,1308.45,1310.0,165.0
2021-04-28 11:33:00,NSE:APLAPOLLO,1310.05,1310.05,1308.5,1308.8,381.0
2021-04-28 11:36:00,NSE:APLAPOLLO,1309.0,1309.95,1308.5,1308.5,74.0
2021-04-28 11:39:00,NSE:APLAPOLLO,1308.55,1309.7,1308.55,1309.35,33.0
2021-04-28 11:42:00,NSE:APLAPOLLO,1309.35,1310.0,1309.35,1309.55,51.0
2021-04-28 11:45:00,NSE:APLAPOLLO,1309.55,1309.55,1309.0,1309.0,13.0
2021-04-28 11:48:00,NSE:APLAPOLLO,1309.2,1310.05,1309.2,1309.25,103.0
2021-04-28 11:51:00,NSE:APLAPOLLO,1309.0,1310.95,1308.55,1309.1,341.0
2021-04-28 11:54:00,NSE:APLAPOLLO,1308.35,1310.0,1308.0,1308.5,135.0
2021-04-28 11:57:00,NSE:APLAPOLLO,1309.2,1311.0,1305.65,1307.85,5472.0
2021-04-28 12:00:00,NSE:APLAPOLLO,1308.15,1308.15,1305.0,1307.0,670.0
2021-04-28 12:03:00,NSE:APLAPOLLO,1310.0,1310.65,1308.0,1310.15,14408.0
2021-04-28 12:06:00,NSE:APLAPOLLO,1311.0,1312.9,1310.0,1312.85,3250.0
2021-04-28 12:09:00,NSE:APLAPOLLO,1312.2,1315.0,1310.6,1315.0,484.0
2021-04-28 12:12:00,NSE:APLAPOLLO,1315.0,1316.0,1313.45,1313.45,318.0
2021-04-28 12:15:00,NSE:APLAPOLLO,1313.5,1315.8,1313.5,1313.5,67.0
2021-04-28 12:18:00,NSE:APLAPOLLO,1313.5,1314.3,1310.45,1310.45,456.0
2021-04-28 12:21:00,NSE:APLAPOLLO,1313.25,1313.45,1310.05,1310.7,260.0
2021-04-28 12:24:00,NSE:APLAPOLLO,1310.4,1310.9,1310.0,1310.9,165.0
2021-04-28 12:27:00,NSE:APLAPOLLO,1310.9,1313.0,1310.0,1311.55,472.0
2021-04-28 12:30:00,NSE:APLAPOLLO,1311.5,1312.2,1311.0,1311.0,47.0
2021-04-28 12:33:00,NSE:APLAPOLLO,1311.0,1312.05,1310.45,1312.05,44.0
2021-04-28 12:36:00,NSE:APLAPOLLO,1312.05,1312.45,1310.0,1311.35,156.0
2021-04-28 12:39:00,NSE:APLAPOLLO,1311.1,1313.0,1310.5,1312.25,177.0
2021-04-28 12:42:00,NSE:APLAPOLLO,1312.95,1313.9,1311.8,1313.9,178.0
2021-04-28 12:45:00,NSE:APLAPOLLO,1312.15,1313.5,1311.05,1312.0,125.0
2021-04-28 12:48:00,NSE:APLAPOLLO,1312.05,1312.9,1312.0,1312.0,278.0
2021-04-28 12:51:00,NSE:APLAPOLLO,1312.0,1312.7,1310.55,1312.7,491.0
2021-04-28 12:54:00,NSE:APLAPOLLO,1312.6,1312.95,1311.2,1312.0,788.0
2021-04-28 12:57:00,NSE:APLAPOLLO,1311.5,1312.45,1311.15,1311.15,97.0
2021-04-28 13:00:00,NSE:APLAPOLLO,1311.15,1312.7,1311.15,1311.2,36.0
2021-04-28 13:03:00,NSE:APLAPOLLO,1311.25,1311.75,1311.2,1311.75,107.0
2021-04-28 13:06:00,NSE:APLAPOLLO,1312.5,1312.5,1310.0,1310.0,2626.0
2021-04-28 13:09:00,NSE:APLAPOLLO,1311.1,1311.6,1310.5,1310.85,313.0
2021-04-28 13:12:00,NSE:APLAPOLLO,1310.85,1311.95,1310.55,1311.6,619.0
2021-04-28 13:15:00,NSE:APLAPOLLO,1311.6,1311.6,1310.4,1311.6,183.0
2021-04-28 13:18:00,NSE:APLAPOLLO,1310.75,1311.6,1310.45,1310.85,219.0
2021-04-28 13:21:00,NSE:APLAPOLLO,1310.45,1310.7,1310.4,1310.4,104.0
2021-04-28 13:24:00,NSE:APLAPOLLO,1310.4,1312.0,1310.4,1311.45,111.0
2021-04-28 13:27:00,NSE:APLAPOLLO,1311.35,1313.45,1310.5,1313.2,597.0
2021-04-28 13:30:00,NSE:APLAPOLLO,1314.25,1314.25,1310.55,1313.25,382.0
2021-04-28 13:33:00,NSE:APLAPOLLO,1313.25,1313.65,1311.35,1312.25,113.0
2021-04-28 13:36:00,NSE:APLAPOLLO,1310.55,1313.65,1310.55,1313.65,200.0
2021-04-28 13:39:00,NSE:APLAPOLLO,1312.6,1313.65,1311.5,1313.1,275.0
2021-04-28 13:42:00,NSE:APLAPOLLO,1312.55,1313.65,1311.75,1311.75,114.0
2021-04-28 13:45:00,NSE:APLAPOLLO,1311.75,1312.0,1311.25,1312.0,99.0
2021-04-28 13:48:00,NSE:APLAPOLLO,1311.3,1311.8,1311.05,1311.15,108.0
2021-04-28 13:51:00,NSE:APLAPOLLO,1311.45,1313.1,1311.45,1312.0,108.0
2021-04-28 13:54:00,NSE:APLAPOLLO,1313.5,1314.95,1313.5,1314.95,242.0
2021-04-28 13:57:00,NSE:APLAPOLLO,1313.2,1314.15,1312.6,1312.6,61.0
2021-04-28 14:00:00,NSE:APLAPOLLO,1310.55,1313.5,1310.55,1312.0,485.0
2021-04-28 14:03:00,NSE:APLAPOLLO,1312.05,1312.95,1310.05,1310.05,324.0
2021-04-28 14:06:00,NSE:APLAPOLLO,1311.0,1311.6,1310.0,1311.6,468.0
2021-04-28 14:09:00,NSE:APLAPOLLO,1311.75,1312.8,1310.45,1311.2,61.0
2021-04-28 14:12:00,NSE:APLAPOLLO,1310.65,1312.9,1310.65,1312.9,188.0
2021-04-28 14:15:00,NSE:APLAPOLLO,1312.35,1312.9,1311.65,1312.05,125.0
2021-04-28 14:18:00,NSE:APLAPOLLO,1312.95,1312.95,1312.0,1312.0,143.0
2021-04-28 14:21:00,NSE:APLAPOLLO,1312.0,1312.95,1312.0,1312.0,165.0
2021-04-28 14:24:00,NSE:APLAPOLLO,1312.0,1312.95,1312.0,1312.2,78.0
2021-04-28 14:27:00,NSE:APLAPOLLO,1312.0,1312.0,1310.1,1310.15,262.0
2021-04-28 14:30:00,NSE:APLAPOLLO,1310.0,1312.0,1310.0,1311.95,227.0
2021-04-28 14:33:00,NSE:APLAPOLLO,1311.05,1312.0,1310.1,1312.0,158.0
2021-04-28 14:36:00,NSE:APLAPOLLO,1312.0,1314.0,1310.35,1314.0,1308.0
2021-04-28 14:39:00,NSE:APLAPOLLO,1314.0,1314.95,1314.0,1314.15,801.0
2021-04-28 14:42:00,NSE:APLAPOLLO,1314.05,1315.0,1314.0,1315.0,297.0
2021-04-28 14:45:00,NSE:APLAPOLLO,1314.05,1315.0,1314.0,1314.4,2195.0
2021-04-28 14:48:00,NSE:APLAPOLLO,1314.4,1314.95,1314.0,1314.0,1171.0
2021-04-28 14:51:00,NSE:APLAPOLLO,1314.0,1314.7,1305.0,1307.0,4717.0
2021-04-28 14:54:00,NSE:APLAPOLLO,1307.0,1307.0,1305.6,1305.6,172.0
2021-04-28 14:57:00,NSE:APLAPOLLO,1305.6,1311.0,1301.75,1311.0,3011.0
2021-04-28 15:00:00,NSE:APLAPOLLO,1310.4,1311.5,1310.05,1311.5,354.0
2021-04-28 15:03:00,NSE:APLAPOLLO,1311.5,1326.0,1310.45,1326.0,9376.0
2021-04-28 15:06:00,NSE:APLAPOLLO,1325.0,1327.3,1321.4,1321.4,10057.0
2021-04-28 15:09:00,NSE:APLAPOLLO,1320.0,1320.0,1316.05,1318.3,783.0
2021-04-28 15:12:00,NSE:APLAPOLLO,1317.5,1319.85,1316.8,1319.5,956.0
2021-04-28 15:15:00,NSE:APLAPOLLO,1318.55,1319.9,1316.1,1319.2,1655.0
2021-04-28 15:18:00,NSE:APLAPOLLO,1319.2,1320.0,1313.3,1315.85,2443.0
2021-04-28 15:21:00,NSE:APLAPOLLO,1314.85,1322.0,1312.0,1319.8,1259.0
2021-04-28 15:24:00,NSE:APLAPOLLO,1317.1,1319.0,1306.5,1306.5,1622.0
2021-04-28 15:27:00,NSE:APLAPOLLO,1316.9,1316.9,1305.1,1311.95,831.0
2021-04-28 15:45:00,NSE:APLAPOLLO,1321.15,1321.15,1321.15,1321.15,25.0
2021-04-28 15:51:00,NSE:APLAPOLLO,1321.15,1321.15,1321.15,1321.15,6.0
2021-04-29 09:06:00,NSE:APLAPOLLO,1329.0,1329.0,1329.0,1329.0,10.0
2021-04-29 09:15:00,NSE:APLAPOLLO,1322.4,1332.9,1320.1,1327.35,921.0
2021-04-29 09:18:00,NSE:APLAPOLLO,1324.85,1326.75,1313.05,1313.05,1135.0
2021-04-29 09:21:00,NSE:APLAPOLLO,1313.0,1317.5,1311.05,1315.85,847.0
2021-04-29 09:24:00,NSE:APLAPOLLO,1315.8,1324.15,1315.4,1320.0,1157.0
2021-04-29 09:27:00,NSE:APLAPOLLO,1321.0,1322.15,1319.0,1321.05,1103.0
2021-04-29 09:30:00,NSE:APLAPOLLO,1320.75,1322.3,1315.5,1315.5,524.0
2021-04-29 09:33:00,NSE:APLAPOLLO,1315.05,1319.55,1312.55,1316.85,945.0
2021-04-29 09:36:00,NSE:APLAPOLLO,1315.9,1317.6,1313.75,1315.1,562.0
2021-04-29 09:39:00,NSE:APLAPOLLO,1315.1,1316.65,1314.0,1315.2,308.0
2021-04-29 09:42:00,NSE:APLAPOLLO,1315.2,1319.5,1315.05,1317.25,544.0
2021-04-29 09:45:00,NSE:APLAPOLLO,1315.65,1316.6,1315.5,1315.9,344.0
2021-04-29 09:48:00,NSE:APLAPOLLO,1317.0,1318.7,1305.0,1309.35,3522.0
2021-04-29 09:51:00,NSE:APLAPOLLO,1307.8,1312.05,1307.8,1309.0,433.0
2021-04-29 09:54:00,NSE:APLAPOLLO,1310.0,1311.4,1308.05,1309.0,1134.0
2021-04-29 09:57:00,NSE:APLAPOLLO,1309.0,1309.05,1305.05,1305.7,1066.0
2021-04-29 10:00:00,NSE:APLAPOLLO,1305.05,1306.8,1304.0,1304.15,1300.0
2021-04-29 10:03:00,NSE:APLAPOLLO,1304.35,1307.15,1301.75,1306.25,1048.0
2021-04-29 10:06:00,NSE:APLAPOLLO,1304.4,1310.9,1304.35,1308.85,410.0
2021-04-29 10:09:00,NSE:APLAPOLLO,1307.2,1309.15,1307.0,1308.1,600.0
2021-04-29 10:12:00,NSE:APLAPOLLO,1307.0,1308.25,1306.0,1306.0,234.0
2021-04-29 10:15:00,NSE:APLAPOLLO,1306.0,1308.0,1305.0,1305.0,809.0
2021-04-29 10:18:00,NSE:APLAPOLLO,1305.1,1306.2,1305.1,1305.1,174.0
2021-04-29 10:21:00,NSE:APLAPOLLO,1305.1,1305.1,1301.65,1303.05,1346.0
2021-04-29 10:24:00,NSE:APLAPOLLO,1303.05,1304.55,1303.05,1304.3,584.0
2021-04-29 10:27:00,NSE:APLAPOLLO,1304.3,1305.0,1304.0,1304.25,271.0
2021-04-29 10:30:00,NSE:APLAPOLLO,1304.0,1305.0,1304.0,1304.05,231.0
2021-04-29 10:33:00,NSE:APLAPOLLO,1304.05,1304.95,1304.0,1304.95,528.0
2021-04-29 10:36:00,NSE:APLAPOLLO,1304.3,1307.0,1304.0,1304.0,332.0
2021-04-29 10:39:00,NSE:APLAPOLLO,1304.25,1304.95,1303.55,1304.4,1102.0
2021-04-29 10:42:00,NSE:APLAPOLLO,1303.5,1308.15,1303.5,1303.5,1309.0
2021-04-29 10:45:00,NSE:APLAPOLLO,1303.2,1303.2,1300.0,1300.1,1268.0
2021-04-29 10:48:00,NSE:APLAPOLLO,1301.45,1301.45,1300.05,1301.0,342.0
2021-04-29 10:51:00,NSE:APLAPOLLO,1301.0,1301.0,1297.5,1297.5,1853.0
2021-04-29 10:54:00,NSE:APLAPOLLO,1304.6,1305.0,1297.0,1304.05,2157.0
2021-04-29 10:57:00,NSE:APLAPOLLO,1302.4,1302.5,1299.35,1299.35,624.0
2021-04-29 11:00:00,NSE:APLAPOLLO,1299.4,1310.05,1298.0,1310.0,2435.0
2021-04-29 11:03:00,NSE:APLAPOLLO,1310.25,1310.25,1303.4,1308.0,1665.0
2021-04-29 11:06:00,NSE:APLAPOLLO,1308.0,1312.0,1308.0,1308.4,1877.0
2021-04-29 11:09:00,NSE:APLAPOLLO,1306.85,1306.85,1301.95,1302.25,464.0
2021-04-29 11:12:00,NSE:APLAPOLLO,1303.8,1316.05,1302.3,1313.25,1818.0
2021-04-29 11:15:00,NSE:APLAPOLLO,1311.25,1312.05,1307.45,1308.65,636.0
2021-04-29 11:18:00,NSE:APLAPOLLO,1308.85,1309.7,1305.9,1307.75,524.0
2021-04-29 11:21:00,NSE:APLAPOLLO,1306.45,1311.05,1306.3,1311.05,346.0
2021-04-29 11:24:00,NSE:APLAPOLLO,1311.1,1315.0,1306.5,1313.0,1176.0
2021-04-29 11:27:00,NSE:APLAPOLLO,1310.3,1318.6,1310.05,1318.05,860.0
2021-04-29 11:30:00,NSE:APLAPOLLO,1319.0,1320.0,1310.55,1315.0,1240.0
2021-04-29 11:33:00,NSE:APLAPOLLO,1315.0,1315.0,1311.3,1311.35,688.0
2021-04-29 11:36:00,NSE:APLAPOLLO,1314.55,1314.55,1310.6,1310.75,415.0
2021-04-29 11:39:00,NSE:APLAPOLLO,1310.7,1312.45,1310.55,1312.45,223.0
2021-04-29 11:42:00,NSE:APLAPOLLO,1311.35,1311.35,1311.0,1311.0,139.0
2021-04-29 11:45:00,NSE:APLAPOLLO,1311.0,1311.05,1310.55,1310.55,156.0
2021-04-29 11:48:00,NSE:APLAPOLLO,1310.95,1310.95,1310.5,1310.5,151.0
2021-04-29 11:51:00,NSE:APLAPOLLO,1310.5,1311.0,1310.5,1311.0,151.0
2021-04-29 11:54:00,NSE:APLAPOLLO,1311.0,1312.35,1310.5,1310.5,343.0
2021-04-29 11:57:00,NSE:APLAPOLLO,1310.4,1312.3,1309.35,1312.3,1559.0
2021-04-29 12:00:00,NSE:APLAPOLLO,1310.6,1316.1,1310.05,1314.4,541.0
2021-04-29 12:03:00,NSE:APLAPOLLO,1315.55,1316.95,1313.5,1316.95,244.0
2021-04-29 12:06:00,NSE:APLAPOLLO,1315.2,1322.15,1315.0,1322.15,2576.0
2021-04-29 12:09:00,NSE:APLAPOLLO,1320.2,1320.2,1315.0,1318.75,1024.0
2021-04-29 12:12:00,NSE:APLAPOLLO,1315.55,1318.55,1315.05,1317.0,317.0
2021-04-29 12:15:00,NSE:APLAPOLLO,1318.35,1320.05,1317.0,1317.25,537.0
2021-04-29 12:18:00,NSE:APLAPOLLO,1317.25,1320.45,1317.25,1317.25,357.0
2021-04-29 12:21:00,NSE:APLAPOLLO,1317.5,1319.1,1317.05,1319.0,208.0
2021-04-29 12:24:00,NSE:APLAPOLLO,1319.0,1319.9,1317.0,1317.0,289.0
2021-04-29 12:27:00,NSE:APLAPOLLO,1317.0,1319.75,1315.05,1316.95,423.0
2021-04-29 12:30:00,NSE:APLAPOLLO,1315.1,1317.0,1315.1,1317.0,189.0
2021-04-29 12:33:00,NSE:APLAPOLLO,1317.0,1319.5,1317.0,1319.5,257.0
2021-04-29 12:36:00,NSE:APLAPOLLO,1318.2,1321.95,1318.2,1320.0,382.0
2021-04-29 12:39:00,NSE:APLAPOLLO,1320.0,1320.85,1320.0,1320.0,176.0
2021-04-29 12:42:00,NSE:APLAPOLLO,1320.0,1320.8,1320.0,1320.05,168.0
2021-04-29 12:45:00,NSE:APLAPOLLO,1320.05,1320.8,1320.0,1320.8,1381.0
2021-04-29 12:48:00,NSE:APLAPOLLO,1321.05,1323.4,1320.0,1321.45,1046.0
2021-04-29 12:51:00,NSE:APLAPOLLO,1321.35,1323.0,1320.0,1320.25,933.0
2021-04-29 12:54:00,NSE:APLAPOLLO,1320.0,1322.85,1320.0,1320.0,457.0
2021-04-29 12:57:00,NSE:APLAPOLLO,1320.05,1320.8,1320.05,1320.05,136.0
2021-04-29 13:00:00,NSE:APLAPOLLO,1320.05,1320.8,1320.05,1320.1,223.0
2021-04-29 13:03:00,NSE:APLAPOLLO,1320.1,1322.85,1320.05,1321.8,423.0
2021-04-29 13:06:00,NSE:APLAPOLLO,1322.0,1325.0,1321.0,1322.1,1668.0
2021-04-29 13:09:00,NSE:APLAPOLLO,1322.05,1322.8,1321.1,1321.1,467.0
2021-04-29 13:12:00,NSE:APLAPOLLO,1321.1,1322.1,1321.1,1321.2,293.0
2021-04-29 13:15:00,NSE:APLAPOLLO,1321.15,1321.6,1320.1,1320.1,230.0
2021-04-29 13:18:00,NSE:APLAPOLLO,1320.1,1320.7,1320.1,1320.1,211.0
2021-04-29 13:21:00,NSE:APLAPOLLO,1320.1,1320.1,1320.0,1320.0,1296.0
2021-04-29 13:24:00,NSE:APLAPOLLO,1320.0,1320.05,1320.0,1320.0,275.0
2021-04-29 13:27:00,NSE:APLAPOLLO,1320.65,1322.55,1320.1,1320.1,317.0
2021-04-29 13:30:00,NSE:APLAPOLLO,1320.1,1321.35,1320.1,1320.1,180.0
2021-04-29 13:33:00,NSE:APLAPOLLO,1320.1,1320.1,1320.0,1320.0,875.0
2021-04-29 13:36:00,NSE:APLAPOLLO,1320.0,1320.05,1320.0,1320.0,1071.0
2021-04-29 13:39:00,NSE:APLAPOLLO,1320.0,1320.6,1320.0,1320.0,201.0
2021-04-29 13:42:00,NSE:APLAPOLLO,1320.0,1320.6,1320.0,1320.0,1791.0
2021-04-29 13:45:00,NSE:APLAPOLLO,1320.0,1320.0,1320.0,1320.0,150.0
2021-04-29 13:48:00,NSE:APLAPOLLO,1320.0,1320.4,1320.0,1320.0,2048.0
2021-04-29 13:51:00,NSE:APLAPOLLO,1320.0,1320.05,1317.7,1317.7,2557.0
2021-04-29 13:54:00,NSE:APLAPOLLO,1317.7,1317.7,1315.1,1316.0,860.0
2021-04-29 13:57:00,NSE:APLAPOLLO,1315.9,1316.5,1315.55,1315.7,434.0
2021-04-29 14:00:00,NSE:APLAPOLLO,1315.55,1317.6,1315.55,1316.7,241.0
2021-04-29 14:03:00,NSE:APLAPOLLO,1316.75,1322.05,1316.7,1320.55,2573.0
2021-04-29 14:06:00,NSE:APLAPOLLO,1320.15,1320.5,1320.0,1320.0,5995.0
2021-04-29 14:09:00,NSE:APLAPOLLO,1320.0,1320.0,1316.7,1318.75,980.0
2021-04-29 14:12:00,NSE:APLAPOLLO,1318.95,1320.5,1318.7,1320.5,259.0
2021-04-29 14:15:00,NSE:APLAPOLLO,1320.0,1322.0,1320.0,1320.0,590.0
2021-04-29 14:18:00,NSE:APLAPOLLO,1320.0,1321.05,1320.0,1320.1,368.0
2021-04-29 14:21:00,NSE:APLAPOLLO,1320.1,1321.5,1320.1,1320.65,459.0
2021-04-29 14:24:00,NSE:APLAPOLLO,1320.65,1323.15,1320.15,1320.7,367.0
2021-04-29 14:27:00,NSE:APLAPOLLO,1321.95,1323.2,1320.5,1321.85,655.0
2021-04-29 14:30:00,NSE:APLAPOLLO,1321.6,1321.85,1321.6,1321.6,450.0
2021-04-29 14:33:00,NSE:APLAPOLLO,1321.75,1323.0,1321.6,1322.2,216.0
2021-04-29 14:36:00,NSE:APLAPOLLO,1322.2,1323.7,1322.2,1323.7,707.0
2021-04-29 14:39:00,NSE:APLAPOLLO,1323.7,1323.7,1321.1,1321.1,878.0
2021-04-29 14:42:00,NSE:APLAPOLLO,1321.1,1321.4,1320.0,1320.0,1429.0
2021-04-29 14:45:00,NSE:APLAPOLLO,1320.0,1320.7,1320.0,1320.0,4439.0
2021-04-29 14:48:00,NSE:APLAPOLLO,1320.0,1323.0,1320.0,1323.0,872.0
2021-04-29 14:51:00,NSE:APLAPOLLO,1323.0,1335.0,1323.0,1330.55,9239.0
2021-04-29 14:54:00,NSE:APLAPOLLO,1330.6,1332.0,1330.0,1330.0,6165.0
2021-04-29 14:57:00,NSE:APLAPOLLO,1330.0,1330.3,1320.1,1330.0,6929.0
2021-04-29 15:00:00,NSE:APLAPOLLO,1331.35,1342.35,1330.0,1340.55,8174.0
2021-04-29 15:03:00,NSE:APLAPOLLO,1340.05,1341.8,1336.75,1336.75,3648.0
2021-04-29 15:06:00,NSE:APLAPOLLO,1337.9,1339.2,1329.85,1333.85,458.0
2021-04-29 15:09:00,NSE:APLAPOLLO,1333.8,1335.0,1330.8,1330.8,1013.0
2021-04-29 15:12:00,NSE:APLAPOLLO,1330.8,1332.4,1324.0,1324.0,1050.0
2021-04-29 15:15:00,NSE:APLAPOLLO,1322.2,1327.0,1321.0,1323.05,1962.0
2021-04-29 15:18:00,NSE:APLAPOLLO,1324.45,1327.0,1323.0,1323.0,2040.0
2021-04-29 15:21:00,NSE:APLAPOLLO,1323.25,1324.4,1323.0,1324.4,1626.0
2021-04-29 15:24:00,NSE:APLAPOLLO,1324.85,1325.3,1324.0,1324.95,2813.0
2021-04-29 15:27:00,NSE:APLAPOLLO,1324.95,1326.0,1318.55,1318.55,2060.0
2021-04-29 15:30:00,NSE:APLAPOLLO,1318.55,1318.55,1318.55,1318.55,3.0
2021-04-30 09:06:00,NSE:APLAPOLLO,1315.0,1315.0,1315.0,1315.0,62.0
2021-04-30 09:15:00,NSE:APLAPOLLO,1308.0,1309.85,1303.5,1308.85,21015.0
2021-04-30 09:18:00,NSE:APLAPOLLO,1308.35,1310.0,1306.0,1307.45,1811.0
2021-04-30 09:21:00,NSE:APLAPOLLO,1306.3,1308.0,1306.0,1306.9,614.0
2021-04-30 09:24:00,NSE:APLAPOLLO,1307.95,1314.9,1306.9,1312.85,1523.0
2021-04-30 09:27:00,NSE:APLAPOLLO,1312.0,1322.2,1311.4,1320.3,1491.0
2021-04-30 09:30:00,NSE:APLAPOLLO,1319.5,1320.9,1309.5,1315.0,22432.0
2021-04-30 09:33:00,NSE:APLAPOLLO,1314.8,1321.4,1312.05,1321.0,954.0
2021-04-30 09:36:00,NSE:APLAPOLLO,1319.6,1321.75,1310.0,1310.0,7106.0
2021-04-30 09:39:00,NSE:APLAPOLLO,1310.0,1316.1,1310.0,1316.0,1113.0
2021-04-30 09:42:00,NSE:APLAPOLLO,1314.3,1316.0,1311.35,1311.35,19582.0
2021-04-30 09:45:00,NSE:APLAPOLLO,1312.85,1312.95,1312.05,1312.5,209.0
2021-04-30 09:48:00,NSE:APLAPOLLO,1312.5,1316.0,1312.5,1315.3,287.0
2021-04-30 09:51:00,NSE:APLAPOLLO,1315.25,1316.8,1315.0,1315.9,649.0
2021-04-30 09:54:00,NSE:APLAPOLLO,1316.55,1319.9,1311.1,1311.1,569.0
2021-04-30 09:57:00,NSE:APLAPOLLO,1311.1,1313.0,1311.1,1311.25,169.0
2021-04-30 10:00:00,NSE:APLAPOLLO,1313.0,1313.0,1311.25,1312.0,18605.0
2021-04-30 10:03:00,NSE:APLAPOLLO,1312.05,1312.95,1309.0,1309.6,1913.0
2021-04-30 10:06:00,NSE:APLAPOLLO,1310.05,1314.05,1310.05,1310.8,203.0
2021-04-30 10:09:00,NSE:APLAPOLLO,1312.0,1312.0,1308.5,1309.55,1067.0
2021-04-30 10:12:00,NSE:APLAPOLLO,1309.6,1310.3,1309.5,1310.0,106.0
2021-04-30 10:15:00,NSE:APLAPOLLO,1319.9,1324.85,1319.9,1321.2,2449.0
2021-04-30 10:18:00,NSE:APLAPOLLO,1320.65,1322.8,1320.55,1320.55,484.0
2021-04-30 10:21:00,NSE:APLAPOLLO,1320.55,1321.95,1320.0,1320.5,19776.0
2021-04-30 10:24:00,NSE:APLAPOLLO,1321.0,1324.85,1320.5,1324.3,687.0
2021-04-30 10:27:00,NSE:APLAPOLLO,1323.95,1324.65,1320.7,1322.1,18775.0
2021-04-30 10:30:00,NSE:APLAPOLLO,1321.7,1321.7,1320.05,1320.15,233.0
2021-04-30 10:33:00,NSE:APLAPOLLO,1321.0,1322.85,1320.2,1320.45,349.0
2021-04-30 10:36:00,NSE:APLAPOLLO,1320.45,1322.45,1320.45,1320.95,557.0
2021-04-30 10:39:00,NSE:APLAPOLLO,1320.45,1321.95,1320.0,1320.65,1429.0
2021-04-30 10:42:00,NSE:APLAPOLLO,1321.0,1321.2,1320.05,1320.05,75.0
2021-04-30 10:45:00,NSE:APLAPOLLO,1320.0,1322.5,1320.0,1321.05,18823.0
2021-04-30 10:48:00,NSE:APLAPOLLO,1321.05,1322.15,1320.35,1320.95,323.0
2021-04-30 10:51:00,NSE:APLAPOLLO,1320.75,1322.0,1320.0,1320.1,626.0
2021-04-30 10:54:00,NSE:APLAPOLLO,1320.5,1321.95,1320.0,1321.95,647.0
2021-04-30 10:57:00,NSE:APLAPOLLO,1320.05,1320.3,1320.0,1320.3,178.0
2021-04-30 11:00:00,NSE:APLAPOLLO,1320.1,1321.0,1320.05,1320.05,18786.0
2021-04-30 11:03:00,NSE:APLAPOLLO,1320.05,1322.5,1320.0,1320.0,1117.0
2021-04-30 11:06:00,NSE:APLAPOLLO,1320.05,1321.55,1320.05,1320.05,126.0
2021-04-30 11:09:00,NSE:APLAPOLLO,1320.05,1321.45,1320.05,1320.1,207.0
2021-04-30 11:12:00,NSE:APLAPOLLO,1320.1,1321.25,1320.0,1320.1,400.0
2021-04-30 11:15:00,NSE:APLAPOLLO,1321.0,1321.05,1312.9,1312.9,19921.0
2021-04-30 11:18:00,NSE:APLAPOLLO,1312.1,1317.9,1311.2,1313.9,19988.0
2021-04-30 11:21:00,NSE:APLAPOLLO,1315.25,1316.0,1313.65,1314.85,335.0
2021-04-30 11:24:00,NSE:APLAPOLLO,1314.85,1315.9,1314.2,1314.25,99.0
2021-04-30 11:27:00,NSE:APLAPOLLO,1315.8,1315.8,1311.0,1311.95,590.0
2021-04-30 11:30:00,NSE:APLAPOLLO,1312.05,1313.0,1311.0,1311.15,18940.0
2021-04-30 11:33:00,NSE:APLAPOLLO,1312.95,1313.0,1311.15,1313.0,140.0
2021-04-30 11:36:00,NSE:APLAPOLLO,1311.75,1312.6,1311.2,1311.25,88.0
2021-04-30 11:39:00,NSE:APLAPOLLO,1311.25,1311.25,1311.0,1311.0,224.0
2021-04-30 11:42:00,NSE:APLAPOLLO,1310.8,1314.1,1310.0,1314.1,1655.0
2021-04-30 11:45:00,NSE:APLAPOLLO,1314.9,1315.95,1312.05,1312.25,113.0
2021-04-30 11:48:00,NSE:APLAPOLLO,1310.75,1312.7,1310.15,1310.4,18685.0
2021-04-30 11:51:00,NSE:APLAPOLLO,1310.9,1311.45,1310.15,1310.35,203.0
2021-04-30 11:54:00,NSE:APLAPOLLO,1310.35,1311.8,1310.35,1310.35,135.0
2021-04-30 11:57:00,NSE:APLAPOLLO,1310.4,1311.75,1310.05,1311.0,184.0
2021-04-30 12:00:00,NSE:APLAPOLLO,1311.0,1311.1,1310.2,1310.2,18612.0
2021-04-30 12:03:00,NSE:APLAPOLLO,1310.2,1311.0,1310.1,1311.0,96.0
2021-04-30 12:06:00,NSE:APLAPOLLO,1310.1,1312.2,1310.1,1311.45,311.0
2021-04-30 12:09:00,NSE:APLAPOLLO,1311.45,1312.85,1311.4,1311.5,57.0
2021-04-30 12:12:00,NSE:APLAPOLLO,1311.4,1312.85,1311.4,1311.4,102.0
2021-04-30 12:15:00,NSE:APLAPOLLO,1311.4,1312.65,1311.4,1311.4,183.0
2021-04-30 12:18:00,NSE:APLAPOLLO,1311.4,1312.65,1311.4,1312.0,18564.0
2021-04-30 12:21:00,NSE:APLAPOLLO,1312.0,1313.5,1311.8,1311.95,171.0
2021-04-30 12:24:00,NSE:APLAPOLLO,1311.95,1313.5,1311.4,1313.5,217.0
2021-04-30 12:27:00,NSE:APLAPOLLO,1311.95,1314.0,1311.6,1312.4,2200.0
2021-04-30 12:30:00,NSE:APLAPOLLO,1312.6,1314.9,1312.6,1313.45,18825.0
2021-04-30 12:33:00,NSE:APLAPOLLO,1313.3,1315.25,1313.3,1314.05,396.0
2021-04-30 12:36:00,NSE:APLAPOLLO,1314.05,1315.25,1310.65,1315.0,1222.0
2021-04-30 12:39:00,NSE:APLAPOLLO,1314.05,1315.0,1314.0,1314.05,331.0
2021-04-30 12:42:00,NSE:APLAPOLLO,1315.25,1315.25,1314.1,1314.15,122.0
2021-04-30 12:45:00,NSE:APLAPOLLO,1314.15,1317.15,1314.15,1315.7,18811.0
2021-04-30 12:48:00,NSE:APLAPOLLO,1315.9,1317.1,1314.9,1315.1,663.0
2021-04-30 12:51:00,NSE:APLAPOLLO,1316.25,1317.9,1315.05,1317.9,411.0
2021-04-30 12:54:00,NSE:APLAPOLLO,1316.5,1319.95,1316.05,1316.85,2977.0
2021-04-30 12:57:00,NSE:APLAPOLLO,1316.5,1320.0,1316.5,1318.25,1175.0
2021-04-30 13:00:00,NSE:APLAPOLLO,1318.25,1319.05,1316.9,1317.05,18600.0
2021-04-30 13:03:00,NSE:APLAPOLLO,1317.05,1317.6,1316.0,1316.05,191.0
2021-04-30 13:06:00,NSE:APLAPOLLO,1316.05,1319.95,1316.05,1317.1,691.0
2021-04-30 13:09:00,NSE:APLAPOLLO,1317.05,1320.0,1316.95,1318.35,823.0
2021-04-30 13:12:00,NSE:APLAPOLLO,1318.0,1320.0,1316.05,1316.05,19308.0
2021-04-30 13:15:00,NSE:APLAPOLLO,1316.1,1318.1,1316.05,1317.85,127.0
2021-04-30 13:18:00,NSE:APLAPOLLO,1317.75,1320.0,1316.05,1318.1,667.0
2021-04-30 13:21:00,NSE:APLAPOLLO,1319.95,1320.15,1317.85,1319.0,382.0
2021-04-30 13:24:00,NSE:APLAPOLLO,1319.0,1320.25,1319.0,1319.05,274.0
2021-04-30 13:27:00,NSE:APLAPOLLO,1319.05,1320.15,1319.05,1320.15,584.0
2021-04-30 13:30:00,NSE:APLAPOLLO,1319.1,1320.1,1319.0,1319.0,23705.0
2021-04-30 13:33:00,NSE:APLAPOLLO,1316.3,1319.1,1316.3,1316.3,1367.0
2021-04-30 13:36:00,NSE:APLAPOLLO,1317.0,1318.8,1316.0,1317.05,211.0
2021-04-30 13:39:00,NSE:APLAPOLLO,1318.05,1318.05,1316.9,1316.9,112.0
2021-04-30 13:42:00,NSE:APLAPOLLO,1316.9,1319.0,1316.3,1317.2,330.0
2021-04-30 13:45:00,NSE:APLAPOLLO,1316.6,1318.0,1316.05,1316.1,19964.0
2021-04-30 13:48:00,NSE:APLAPOLLO,1316.1,1317.35,1316.0,1316.0,657.0
2021-04-30 13:51:00,NSE:APLAPOLLO,1316.0,1316.25,1315.0,1315.0,1286.0
2021-04-30 13:54:00,NSE:APLAPOLLO,1315.0,1316.6,1314.1,1314.1,658.0
2021-04-30 13:57:00,NSE:APLAPOLLO,1314.25,1316.15,1314.25,1315.0,61.0
2021-04-30 14:00:00,NSE:APLAPOLLO,1316.3,1316.3,1315.0,1315.0,18877.0
2021-04-30 14:03:00,NSE:APLAPOLLO,1315.0,1315.0,1315.0,1315.0,165.0
2021-04-30 14:06:00,NSE:APLAPOLLO,1315.0,1315.9,1315.0,1315.1,198.0
2021-04-30 14:09:00,NSE:APLAPOLLO,1315.0,1316.0,1315.0,1316.0,217.0
2021-04-30 14:12:00,NSE:APLAPOLLO,1315.0,1320.0,1315.0,1317.2,3035.0
2021-04-30 14:15:00,NSE:APLAPOLLO,1316.8,1316.8,1315.05,1315.35,18563.0
2021-04-30 14:18:00,NSE:APLAPOLLO,1316.85,1316.9,1315.0,1315.05,5180.0
2021-04-30 14:21:00,NSE:APLAPOLLO,1315.05,1316.7,1315.0,1316.7,144.0
2021-04-30 14:24:00,NSE:APLAPOLLO,1315.65,1315.95,1315.0,1315.05,108.0
2021-04-30 14:27:00,NSE:APLAPOLLO,1315.15,1316.0,1315.0,1315.0,106.0
2021-04-30 14:30:00,NSE:APLAPOLLO,1315.0,1316.0,1311.0,1311.0,20006.0
2021-04-30 14:33:00,NSE:APLAPOLLO,1311.0,1313.3,1310.2,1312.0,308.0
2021-04-30 14:36:00,NSE:APLAPOLLO,1313.0,1313.6,1310.8,1310.8,87.0
2021-04-30 14:39:00,NSE:APLAPOLLO,1310.65,1311.95,1310.15,1310.5,435.0
2021-04-30 14:42:00,NSE:APLAPOLLO,1310.8,1312.55,1310.8,1311.7,279.0
2021-04-30 14:45:00,NSE:APLAPOLLO,1311.8,1313.5,1311.8,1312.05,203.0
2021-04-30 14:48:00,NSE:APLAPOLLO,1312.05,1314.85,1312.0,1313.0,18849.0
2021-04-30 14:51:00,NSE:APLAPOLLO,1314.8,1317.0,1312.0,1314.2,2151.0
2021-04-30 14:54:00,NSE:APLAPOLLO,1314.15,1314.9,1312.05,1312.25,343.0
2021-04-30 14:57:00,NSE:APLAPOLLO,1311.95,1312.0,1310.0,1310.0,20107.0
2021-04-30 15:00:00,NSE:APLAPOLLO,1310.95,1312.0,1308.05,1308.05,1837.0
2021-04-30 15:03:00,NSE:APLAPOLLO,1308.05,1310.9,1308.0,1310.9,2483.0
2021-04-30 15:06:00,NSE:APLAPOLLO,1309.85,1310.85,1309.8,1309.8,209.0
2021-04-30 15:09:00,NSE:APLAPOLLO,1309.8,1310.0,1307.0,1308.35,4015.0
2021-04-30 15:12:00,NSE:APLAPOLLO,1307.05,1307.05,1297.5,1299.0,4907.0
2021-04-30 15:15:00,NSE:APLAPOLLO,1299.0,1302.45,1297.6,1297.6,4063.0
2021-04-30 15:18:00,NSE:APLAPOLLO,1297.6,1299.7,1296.0,1298.25,1343.0
2021-04-30 15:21:00,NSE:APLAPOLLO,1297.15,1298.9,1296.1,1297.8,3427.0
2021-04-30 15:24:00,NSE:APLAPOLLO,1296.15,1297.85,1296.15,1296.7,721.0
2021-04-30 15:27:00,NSE:APLAPOLLO,1296.4,1297.95,1296.0,1296.0,3779.0
2021-04-30 15:42:00,NSE:APLAPOLLO,1302.25,1302.25,1296.0,1296.0,10.0
2021-05-03 09:06:00,NSE:APLAPOLLO,1305.0,1305.0,1305.0,1305.0,544.0
2021-05-03 09:15:00,NSE:APLAPOLLO,1309.0,1329.0,1309.0,1322.8,3218.0
2021-05-03 09:18:00,NSE:APLAPOLLO,1320.65,1323.0,1315.2,1315.2,1347.0
2021-05-03 09:21:00,NSE:APLAPOLLO,1316.4,1324.95,1311.15,1323.4,1552.0
2021-05-03 09:24:00,NSE:APLAPOLLO,1323.7,1323.7,1318.05,1318.85,1132.0
2021-05-03 09:27:00,NSE:APLAPOLLO,1320.0,1323.15,1315.0,1315.5,39534.0
2021-05-03 09:30:00,NSE:APLAPOLLO,1315.0,1333.0,1315.0,1327.9,4544.0
2021-05-03 09:33:00,NSE:APLAPOLLO,1327.6,1338.9,1326.0,1336.35,2666.0
2021-05-03 09:36:00,NSE:APLAPOLLO,1336.55,1337.6,1326.8,1334.6,2206.0
2021-05-03 09:39:00,NSE:APLAPOLLO,1334.7,1335.0,1331.9,1333.95,1561.0
2021-05-03 09:42:00,NSE:APLAPOLLO,1333.05,1333.9,1331.0,1332.95,3169.0
2021-05-03 09:45:00,NSE:APLAPOLLO,1332.0,1332.95,1330.15,1332.95,717.0
2021-05-03 09:48:00,NSE:APLAPOLLO,1332.2,1336.7,1331.75,1336.0,2825.0
2021-05-03 09:51:00,NSE:APLAPOLLO,1336.0,1337.95,1335.2,1336.25,1083.0
2021-05-03 09:54:00,NSE:APLAPOLLO,1336.2,1340.0,1335.25,1336.7,2298.0
2021-05-03 09:57:00,NSE:APLAPOLLO,1337.3,1338.6,1336.55,1337.15,892.0
2021-05-03 10:00:00,NSE:APLAPOLLO,1338.25,1338.95,1337.15,1338.9,482.0
2021-05-03 10:03:00,NSE:APLAPOLLO,1337.6,1340.0,1336.05,1336.2,908.0
2021-05-03 10:06:00,NSE:APLAPOLLO,1337.75,1338.0,1332.2,1333.35,3412.0
2021-05-03 10:09:00,NSE:APLAPOLLO,1333.4,1333.75,1326.7,1326.7,1386.0
2021-05-03 10:12:00,NSE:APLAPOLLO,1327.0,1329.85,1325.65,1329.85,1086.0
2021-05-03 10:15:00,NSE:APLAPOLLO,1329.95,1334.2,1328.9,1333.45,1707.0
2021-05-03 10:18:00,NSE:APLAPOLLO,1331.15,1332.65,1330.0,1331.35,959.0
2021-05-03 10:21:00,NSE:APLAPOLLO,1330.05,1331.3,1327.0,1330.25,6063.0
2021-05-03 10:24:00,NSE:APLAPOLLO,1330.4,1335.0,1330.0,1335.0,3010.0
2021-05-03 10:27:00,NSE:APLAPOLLO,1334.05,1338.0,1330.1,1337.05,2163.0
2021-05-03 10:30:00,NSE:APLAPOLLO,1337.05,1339.0,1336.0,1337.0,1039.0
2021-05-03 10:33:00,NSE:APLAPOLLO,1336.0,1336.95,1330.3,1331.35,806.0
2021-05-03 10:36:00,NSE:APLAPOLLO,1330.05,1334.9,1330.05,1334.9,597.0
2021-05-03 10:39:00,NSE:APLAPOLLO,1336.0,1336.0,1331.75,1332.35,2046.0
2021-05-03 10:42:00,NSE:APLAPOLLO,1332.4,1353.0,1330.1,1343.0,16435.0
2021-05-03 10:45:00,NSE:APLAPOLLO,1341.2,1343.7,1336.0,1337.5,2144.0
2021-05-03 10:48:00,NSE:APLAPOLLO,1336.85,1339.75,1336.5,1339.75,712.0
2021-05-03 10:51:00,NSE:APLAPOLLO,1339.85,1339.85,1336.5,1336.7,702.0
2021-05-03 10:54:00,NSE:APLAPOLLO,1336.7,1337.9,1335.0,1336.5,419.0
2021-05-03 10:57:00,NSE:APLAPOLLO,1333.85,1335.0,1332.1,1334.5,1281.0
2021-05-03 11:00:00,NSE:APLAPOLLO,1335.0,1337.95,1330.05,1330.1,2653.0
2021-05-03 11:03:00,NSE:APLAPOLLO,1330.0,1333.9,1330.0,1330.3,3596.0
2021-05-03 11:06:00,NSE:APLAPOLLO,1330.15,1332.0,1330.0,1330.05,975.0
2021-05-03 11:09:00,NSE:APLAPOLLO,1330.05,1331.7,1330.0,1331.45,513.0
2021-05-03 11:12:00,NSE:APLAPOLLO,1331.0,1335.1,1330.0,1330.0,1297.0
2021-05-03 11:15:00,NSE:APLAPOLLO,1330.0,1331.2,1330.0,1330.0,252.0
2021-05-03 11:18:00,NSE:APLAPOLLO,1330.0,1335.0,1330.0,1330.1,1643.0
2021-05-03 11:21:00,NSE:APLAPOLLO,1330.1,1331.2,1330.0,1330.95,493.0
2021-05-03 11:24:00,NSE:APLAPOLLO,1330.1,1339.85,1330.05,1337.3,3122.0
2021-05-03 11:27:00,NSE:APLAPOLLO,1336.05,1336.95,1330.1,1330.1,295.0
2021-05-03 11:30:00,NSE:APLAPOLLO,1330.15,1333.35,1330.0,1330.05,1243.0
2021-05-03 11:33:00,NSE:APLAPOLLO,1330.0,1334.65,1330.0,1332.9,551.0
2021-05-03 11:36:00,NSE:APLAPOLLO,1332.6,1340.0,1332.6,1337.6,902.0
2021-05-03 11:39:00,NSE:APLAPOLLO,1335.95,1336.95,1334.05,1334.25,285.0
2021-05-03 11:42:00,NSE:APLAPOLLO,1334.2,1334.25,1330.0,1331.15,1817.0
2021-05-03 11:45:00,NSE:APLAPOLLO,1331.15,1331.35,1330.0,1330.0,759.0
2021-05-03 11:48:00,NSE:APLAPOLLO,1330.0,1336.9,1330.0,1332.75,980.0
2021-05-03 11:51:00,NSE:APLAPOLLO,1332.9,1332.9,1330.05,1330.5,184.0
2021-05-03 11:54:00,NSE:APLAPOLLO,1330.5,1333.45,1330.5,1330.55,593.0
2021-05-03 11:57:00,NSE:APLAPOLLO,1330.55,1337.55,1330.55,1337.0,833.0
2021-05-03 12:00:00,NSE:APLAPOLLO,1337.0,1338.0,1336.5,1338.0,575.0
2021-05-03 12:03:00,NSE:APLAPOLLO,1336.9,1342.0,1335.5,1342.0,2142.0
2021-05-03 12:06:00,NSE:APLAPOLLO,1340.55,1341.65,1336.35,1336.35,413.0
2021-05-03 12:09:00,NSE:APLAPOLLO,1335.7,1339.95,1331.2,1335.0,373.0
2021-05-03 12:12:00,NSE:APLAPOLLO,1333.25,1336.55,1333.0,1334.65,641.0
2021-05-03 12:15:00,NSE:APLAPOLLO,1334.0,1335.0,1330.1,1330.1,1659.0
2021-05-03 12:18:00,NSE:APLAPOLLO,1330.15,1330.65,1330.0,1330.0,559.0
2021-05-03 12:21:00,NSE:APLAPOLLO,1330.0,1331.0,1330.0,1330.0,724.0
2021-05-03 12:24:00,NSE:APLAPOLLO,1330.0,1330.95,1330.0,1330.0,625.0
2021-05-03 12:27:00,NSE:APLAPOLLO,1330.0,1330.8,1330.0,1330.0,1013.0
2021-05-03 12:30:00,NSE:APLAPOLLO,1330.0,1331.6,1330.0,1331.6,1030.0
2021-05-03 12:33:00,NSE:APLAPOLLO,1331.0,1331.5,1320.0,1322.8,3414.0
2021-05-03 12:36:00,NSE:APLAPOLLO,1321.1,1331.0,1321.1,1326.9,2102.0
2021-05-03 12:39:00,NSE:APLAPOLLO,1326.8,1333.75,1325.5,1328.3,2706.0
2021-05-03 12:42:00,NSE:APLAPOLLO,1327.0,1329.55,1327.0,1329.45,143.0
2021-05-03 12:45:00,NSE:APLAPOLLO,1328.0,1329.95,1327.6,1329.65,406.0
2021-05-03 12:48:00,NSE:APLAPOLLO,1328.05,1329.45,1324.5,1327.7,539.0
2021-05-03 12:51:00,NSE:APLAPOLLO,1326.1,1337.85,1324.05,1335.9,6434.0
2021-05-03 12:54:00,NSE:APLAPOLLO,1336.05,1339.0,1332.3,1337.45,1111.0
2021-05-03 12:57:00,NSE:APLAPOLLO,1333.85,1339.8,1333.85,1338.0,2879.0
2021-05-03 13:00:00,NSE:APLAPOLLO,1338.0,1340.0,1328.1,1328.5,1174.0
2021-05-03 13:03:00,NSE:APLAPOLLO,1328.5,1332.95,1328.5,1330.0,352.0
2021-05-03 13:06:00,NSE:APLAPOLLO,1329.1,1334.6,1328.2,1328.35,1100.0
2021-05-03 13:09:00,NSE:APLAPOLLO,1328.4,1330.0,1328.4,1328.75,188.0
2021-05-03 13:12:00,NSE:APLAPOLLO,1328.75,1332.95,1328.75,1328.75,732.0
2021-05-03 13:15:00,NSE:APLAPOLLO,1328.75,1328.95,1328.0,1328.0,508.0
2021-05-03 13:18:00,NSE:APLAPOLLO,1327.95,1327.95,1325.05,1325.2,122.0
2021-05-03 13:21:00,NSE:APLAPOLLO,1325.5,1327.9,1321.25,1322.35,1155.0
2021-05-03 13:24:00,NSE:APLAPOLLO,1324.35,1327.5,1324.35,1326.0,175.0
2021-05-03 13:27:00,NSE:APLAPOLLO,1327.6,1335.0,1326.0,1329.4,2578.0
2021-05-03 13:30:00,NSE:APLAPOLLO,1331.7,1331.7,1326.25,1326.25,294.0
2021-05-03 13:33:00,NSE:APLAPOLLO,1326.25,1327.05,1325.05,1326.0,289.0
2021-05-03 13:36:00,NSE:APLAPOLLO,1326.0,1330.0,1325.0,1330.0,2224.0
2021-05-03 13:39:00,NSE:APLAPOLLO,1328.0,1335.5,1326.05,1335.0,2977.0
2021-05-03 13:42:00,NSE:APLAPOLLO,1331.9,1335.0,1330.0,1330.9,1204.0
2021-05-03 13:45:00,NSE:APLAPOLLO,1330.15,1331.85,1330.0,1330.0,1225.0
2021-05-03 13:48:00,NSE:APLAPOLLO,1330.0,1331.4,1330.0,1331.0,932.0
2021-05-03 13:51:00,NSE:APLAPOLLO,1331.0,1331.6,1330.0,1330.0,943.0
2021-05-03 13:54:00,NSE:APLAPOLLO,1330.0,1331.0,1330.0,1330.0,1218.0
2021-05-03 13:57:00,NSE:APLAPOLLO,1330.0,1331.05,1330.0,1330.0,863.0
2021-05-03 14:00:00,NSE:APLAPOLLO,1330.0,1335.0,1330.0,1332.65,1594.0
2021-05-03 14:03:00,NSE:APLAPOLLO,1332.65,1335.0,1331.0,1331.8,1435.0
2021-05-03 14:06:00,NSE:APLAPOLLO,1331.85,1335.1,1331.0,1334.3,1368.0
2021-05-03 14:09:00,NSE:APLAPOLLO,1333.5,1336.0,1330.25,1330.25,819.0
2021-05-03 14:12:00,NSE:APLAPOLLO,1330.25,1331.4,1325.15,1328.0,807.0
2021-05-03 14:15:00,NSE:APLAPOLLO,1326.6,1331.6,1326.6,1328.0,658.0
2021-05-03 14:18:00,NSE:APLAPOLLO,1328.0,1329.5,1326.35,1328.0,554.0
2021-05-03 14:21:00,NSE:APLAPOLLO,1328.0,1329.45,1327.05,1327.25,253.0
2021-05-03 14:24:00,NSE:APLAPOLLO,1327.25,1329.25,1327.15,1327.15,631.0
2021-05-03 14:27:00,NSE:APLAPOLLO,1327.15,1328.55,1325.0,1325.0,1082.0
2021-05-03 14:30:00,NSE:APLAPOLLO,1324.0,1326.5,1321.95,1325.05,596.0
2021-05-03 14:33:00,NSE:APLAPOLLO,1325.05,1334.65,1325.0,1332.7,2930.0
2021-05-03 14:36:00,NSE:APLAPOLLO,1330.2,1336.0,1326.2,1335.0,2316.0
2021-05-03 14:39:00,NSE:APLAPOLLO,1332.1,1335.05,1325.5,1331.6,2972.0
2021-05-03 14:42:00,NSE:APLAPOLLO,1330.1,1332.95,1330.0,1332.95,1042.0
2021-05-03 14:45:00,NSE:APLAPOLLO,1330.05,1336.85,1330.0,1335.0,3053.0
2021-05-03 14:48:00,NSE:APLAPOLLO,1335.0,1342.0,1335.0,1342.0,3350.0
2021-05-03 14:51:00,NSE:APLAPOLLO,1342.5,1351.95,1340.0,1343.0,11931.0
2021-05-03 14:54:00,NSE:APLAPOLLO,1343.0,1355.0,1343.0,1350.25,4940.0
2021-05-03 14:57:00,NSE:APLAPOLLO,1350.0,1351.9,1350.0,1350.0,3056.0
2021-05-03 15:00:00,NSE:APLAPOLLO,1350.0,1364.85,1350.0,1362.0,8653.0
2021-05-03 15:03:00,NSE:APLAPOLLO,1361.2,1368.0,1361.0,1365.95,6292.0
2021-05-03 15:06:00,NSE:APLAPOLLO,1365.2,1372.2,1361.1,1362.15,4269.0
2021-05-03 15:09:00,NSE:APLAPOLLO,1361.75,1367.05,1355.0,1355.0,4743.0
2021-05-03 15:12:00,NSE:APLAPOLLO,1353.25,1353.25,1345.0,1345.1,2228.0
2021-05-03 15:15:00,NSE:APLAPOLLO,1346.25,1350.0,1345.0,1348.25,2388.0
2021-05-03 15:18:00,NSE:APLAPOLLO,1348.15,1350.0,1344.2,1349.95,2474.0
2021-05-03 15:21:00,NSE:APLAPOLLO,1350.0,1350.0,1347.2,1349.8,3172.0
2021-05-03 15:24:00,NSE:APLAPOLLO,1349.8,1350.0,1345.0,1345.0,4126.0
2021-05-03 15:27:00,NSE:APLAPOLLO,1345.0,1350.0,1341.65,1345.0,5245.0
2021-05-03 15:30:00,NSE:APLAPOLLO,1345.0,1345.0,1345.0,1345.0,5.0
2021-05-03 15:39:00,NSE:APLAPOLLO,1356.0,1356.0,1356.0,1356.0,1.0
2021-05-04 09:06:00,NSE:APLAPOLLO,1370.0,1370.0,1370.0,1370.0,228.0
2021-05-04 09:15:00,NSE:APLAPOLLO,1370.4,1385.0,1369.0,1370.0,3344.0
2021-05-04 09:18:00,NSE:APLAPOLLO,1369.9,1378.95,1369.05,1378.95,4364.0
2021-05-04 09:21:00,NSE:APLAPOLLO,1377.45,1378.6,1371.0,1371.0,602.0
2021-05-04 09:24:00,NSE:APLAPOLLO,1371.05,1371.7,1356.05,1365.2,4063.0
2021-05-04 09:27:00,NSE:APLAPOLLO,1367.9,1371.95,1364.55,1369.2,2270.0
2021-05-04 09:30:00,NSE:APLAPOLLO,1370.65,1370.65,1368.0,1368.0,763.0
2021-05-04 09:33:00,NSE:APLAPOLLO,1364.9,1369.95,1364.25,1367.85,460.0
2021-05-04 09:36:00,NSE:APLAPOLLO,1367.85,1369.0,1362.2,1364.85,796.0
2021-05-04 09:39:00,NSE:APLAPOLLO,1363.2,1366.1,1361.1,1362.95,2715.0
2021-05-04 09:42:00,NSE:APLAPOLLO,1362.95,1362.95,1358.0,1358.05,641.0
2021-05-04 09:45:00,NSE:APLAPOLLO,1358.0,1361.7,1357.5,1357.5,454.0
2021-05-04 09:48:00,NSE:APLAPOLLO,1358.85,1358.85,1339.95,1344.9,3298.0
2021-05-04 09:51:00,NSE:APLAPOLLO,1343.3,1344.05,1330.0,1344.05,5825.0
2021-05-04 09:54:00,NSE:APLAPOLLO,1344.9,1350.05,1344.9,1350.05,736.0
2021-05-04 09:57:00,NSE:APLAPOLLO,1350.1,1351.15,1348.55,1349.25,464.0
2021-05-04 10:00:00,NSE:APLAPOLLO,1350.0,1351.0,1348.25,1350.75,268.0
2021-05-04 10:03:00,NSE:APLAPOLLO,1349.4,1351.55,1349.0,1351.0,1150.0
2021-05-04 10:06:00,NSE:APLAPOLLO,1351.0,1351.55,1350.0,1351.5,746.0
2021-05-04 10:09:00,NSE:APLAPOLLO,1351.0,1351.55,1346.5,1346.6,3469.0
2021-05-04 10:12:00,NSE:APLAPOLLO,1346.85,1349.05,1342.25,1349.05,767.0
2021-05-04 10:15:00,NSE:APLAPOLLO,1348.05,1350.0,1348.0,1349.0,251.0
2021-05-04 10:18:00,NSE:APLAPOLLO,1349.0,1350.55,1349.0,1349.0,1463.0
2021-05-04 10:21:00,NSE:APLAPOLLO,1349.0,1349.0,1345.05,1348.6,674.0
2021-05-04 10:24:00,NSE:APLAPOLLO,1346.9,1349.35,1345.0,1345.7,1227.0
2021-05-04 10:27:00,NSE:APLAPOLLO,1345.7,1348.9,1345.15,1346.1,187.0
2021-05-04 10:30:00,NSE:APLAPOLLO,1345.65,1348.0,1345.35,1346.85,402.0
2021-05-04 10:33:00,NSE:APLAPOLLO,1347.0,1348.0,1346.3,1347.1,1357.0
2021-05-04 10:36:00,NSE:APLAPOLLO,1350.0,1350.75,1348.05,1348.05,6910.0
2021-05-04 10:39:00,NSE:APLAPOLLO,1349.4,1350.0,1348.0,1348.6,606.0
2021-05-04 10:42:00,NSE:APLAPOLLO,1349.7,1351.95,1348.65,1349.95,10366.0
2021-05-04 10:45:00,NSE:APLAPOLLO,1348.55,1350.25,1348.0,1350.2,11297.0
2021-05-04 10:48:00,NSE:APLAPOLLO,1349.05,1350.2,1346.25,1346.25,2234.0
2021-05-04 10:51:00,NSE:APLAPOLLO,1345.95,1350.0,1345.7,1349.95,1287.0
2021-05-04 10:54:00,NSE:APLAPOLLO,1347.8,1350.0,1346.5,1346.5,1254.0
2021-05-04 10:57:00,NSE:APLAPOLLO,1346.5,1346.5,1345.0,1345.05,404.0
2021-05-04 11:00:00,NSE:APLAPOLLO,1345.05,1345.95,1345.05,1345.2,173.0
2021-05-04 11:03:00,NSE:APLAPOLLO,1345.15,1349.35,1345.15,1348.8,2343.0
2021-05-04 11:06:00,NSE:APLAPOLLO,1348.8,1349.95,1348.15,1348.15,1073.0
2021-05-04 11:09:00,NSE:APLAPOLLO,1348.0,1350.0,1348.0,1348.25,831.0
2021-05-04 11:12:00,NSE:APLAPOLLO,1348.2,1349.45,1348.05,1348.85,451.0
2021-05-04 11:15:00,NSE:APLAPOLLO,1348.85,1349.25,1348.85,1349.0,175.0
2021-05-04 11:18:00,NSE:APLAPOLLO,1349.0,1349.5,1349.0,1349.5,103.0
2021-05-04 11:21:00,NSE:APLAPOLLO,1349.0,1349.5,1349.0,1349.0,158.0
2021-05-04 11:24:00,NSE:APLAPOLLO,1349.0,1349.45,1347.0,1347.0,451.0
2021-05-04 11:27:00,NSE:APLAPOLLO,1347.05,1347.5,1347.05,1347.05,87.0
2021-05-04 11:30:00,NSE:APLAPOLLO,1347.05,1348.25,1347.0,1347.1,2092.0
2021-05-04 11:33:00,NSE:APLAPOLLO,1347.1,1348.15,1346.0,1346.2,1339.0
2021-05-04 11:36:00,NSE:APLAPOLLO,1346.2,1350.0,1346.0,1347.85,1686.0
2021-05-04 11:39:00,NSE:APLAPOLLO,1347.1,1347.95,1346.05,1346.25,250.0
2021-05-04 11:42:00,NSE:APLAPOLLO,1346.15,1348.5,1346.0,1347.2,550.0
2021-05-04 11:45:00,NSE:APLAPOLLO,1346.9,1350.0,1346.35,1347.9,5063.0
2021-05-04 11:48:00,NSE:APLAPOLLO,1348.85,1350.0,1347.85,1348.75,286.0
2021-05-04 11:51:00,NSE:APLAPOLLO,1348.7,1350.0,1348.7,1349.05,495.0
2021-05-04 11:54:00,NSE:APLAPOLLO,1349.05,1350.0,1347.05,1347.05,554.0
2021-05-04 11:57:00,NSE:APLAPOLLO,1347.75,1348.0,1346.55,1346.6,70.0
2021-05-04 12:00:00,NSE:APLAPOLLO,1346.6,1348.0,1346.4,1346.75,115.0
2021-05-04 12:03:00,NSE:APLAPOLLO,1348.0,1348.0,1346.35,1346.35,160.0
2021-05-04 12:06:00,NSE:APLAPOLLO,1346.35,1347.95,1346.05,1346.1,97.0
2021-05-04 12:09:00,NSE:APLAPOLLO,1346.1,1347.85,1346.0,1346.3,253.0
2021-05-04 12:12:00,NSE:APLAPOLLO,1347.95,1349.6,1346.9,1348.4,186.0
2021-05-04 12:15:00,NSE:APLAPOLLO,1348.4,1350.0,1348.0,1348.8,270.0
2021-05-04 12:18:00,NSE:APLAPOLLO,1348.8,1349.9,1348.0,1348.0,111.0
2021-05-04 12:21:00,NSE:APLAPOLLO,1348.75,1348.75,1348.0,1348.0,445.0
2021-05-04 12:24:00,NSE:APLAPOLLO,1348.0,1348.6,1348.0,1348.5,126.0
2021-05-04 12:27:00,NSE:APLAPOLLO,1349.0,1349.5,1348.45,1349.2,835.0
2021-05-04 12:30:00,NSE:APLAPOLLO,1349.1,1349.75,1348.65,1349.0,379.0
2021-05-04 12:33:00,NSE:APLAPOLLO,1349.7,1349.75,1348.45,1348.45,503.0
2021-05-04 12:36:00,NSE:APLAPOLLO,1349.0,1349.0,1348.45,1348.45,357.0
2021-05-04 12:39:00,NSE:APLAPOLLO,1348.45,1349.0,1346.55,1347.3,1602.0
2021-05-04 12:42:00,NSE:APLAPOLLO,1348.0,1348.95,1344.95,1348.0,3731.0
2021-05-04 12:45:00,NSE:APLAPOLLO,1348.0,1350.0,1348.0,1348.5,2622.0
2021-05-04 12:48:00,NSE:APLAPOLLO,1348.95,1348.95,1344.4,1345.0,7803.0
2021-05-04 12:51:00,NSE:APLAPOLLO,1345.0,1347.5,1345.0,1346.0,130.0
2021-05-04 12:54:00,NSE:APLAPOLLO,1346.0,1346.0,1345.5,1345.5,87.0
2021-05-04 12:57:00,NSE:APLAPOLLO,1346.0,1346.8,1345.0,1346.8,304.0
2021-05-04 13:00:00,NSE:APLAPOLLO,1346.8,1346.8,1346.8,1346.8,71.0
2021-05-04 13:03:00,NSE:APLAPOLLO,1346.8,1346.8,1343.65,1343.65,264.0
2021-05-04 13:06:00,NSE:APLAPOLLO,1343.45,1345.4,1343.0,1343.4,151.0
2021-05-04 13:09:00,NSE:APLAPOLLO,1345.0,1345.45,1343.35,1344.05,163.0
2021-05-04 13:12:00,NSE:APLAPOLLO,1344.05,1345.1,1344.05,1344.05,52.0
2021-05-04 13:15:00,NSE:APLAPOLLO,1344.05,1344.05,1340.2,1340.55,935.0
2021-05-04 13:18:00,NSE:APLAPOLLO,1341.0,1343.05,1340.15,1341.0,463.0
2021-05-04 13:21:00,NSE:APLAPOLLO,1341.0,1342.2,1341.0,1341.8,351.0
2021-05-04 13:24:00,NSE:APLAPOLLO,1341.75,1341.75,1340.0,1340.0,15414.0
2021-05-04 13:27:00,NSE:APLAPOLLO,1340.0,1340.7,1330.0,1330.9,4604.0
2021-05-04 13:30:00,NSE:APLAPOLLO,1332.5,1333.2,1330.0,1330.15,932.0
2021-05-04 13:33:00,NSE:APLAPOLLO,1330.0,1330.0,1322.0,1325.1,2285.0
2021-05-04 13:36:00,NSE:APLAPOLLO,1325.0,1325.9,1317.0,1317.95,2233.0
2021-05-04 13:39:00,NSE:APLAPOLLO,1319.15,1323.3,1319.0,1323.3,779.0
2021-05-04 13:42:00,NSE:APLAPOLLO,1324.1,1329.0,1320.0,1327.85,3351.0
2021-05-04 13:45:00,NSE:APLAPOLLO,1329.05,1330.0,1323.0,1323.0,2295.0
2021-05-04 13:48:00,NSE:APLAPOLLO,1326.1,1326.1,1321.0,1321.65,1636.0
2021-05-04 13:51:00,NSE:APLAPOLLO,1321.3,1327.9,1321.3,1323.6,1382.0
2021-05-04 13:54:00,NSE:APLAPOLLO,1324.0,1326.25,1324.0,1324.75,964.0
2021-05-04 13:57:00,NSE:APLAPOLLO,1324.7,1325.0,1323.55,1323.6,142.0
2021-05-04 14:00:00,NSE:APLAPOLLO,1323.55,1325.0,1320.15,1321.25,979.0
2021-05-04 14:03:00,NSE:APLAPOLLO,1322.9,1324.9,1321.35,1322.35,508.0
2021-05-04 14:06:00,NSE:APLAPOLLO,1324.0,1324.45,1322.25,1323.0,145.0
2021-05-04 14:09:00,NSE:APLAPOLLO,1323.05,1326.0,1323.0,1323.5,355.0
2021-05-04 14:12:00,NSE:APLAPOLLO,1322.8,1323.5,1320.0,1320.0,1882.0
2021-05-04 14:15:00,NSE:APLAPOLLO,1321.0,1323.75,1321.0,1322.05,236.0
2021-05-04 14:18:00,NSE:APLAPOLLO,1323.0,1323.5,1320.05,1320.1,221.0
2021-05-04 14:21:00,NSE:APLAPOLLO,1321.9,1321.95,1320.35,1320.6,156.0
2021-05-04 14:24:00,NSE:APLAPOLLO,1320.6,1322.0,1320.6,1320.95,622.0
2021-05-04 14:27:00,NSE:APLAPOLLO,1320.95,1324.5,1320.95,1322.25,768.0
2021-05-04 14:30:00,NSE:APLAPOLLO,1323.9,1324.0,1321.4,1321.4,580.0
2021-05-04 14:33:00,NSE:APLAPOLLO,1321.5,1321.85,1319.3,1321.85,1491.0
2021-05-04 14:36:00,NSE:APLAPOLLO,1320.15,1323.35,1320.1,1320.5,292.0
2021-05-04 14:39:00,NSE:APLAPOLLO,1320.0,1323.0,1319.2,1319.3,1094.0
2021-05-04 14:42:00,NSE:APLAPOLLO,1320.4,1322.5,1319.25,1321.0,294.0
2021-05-04 14:45:00,NSE:APLAPOLLO,1322.6,1322.6,1319.2,1321.7,1748.0
2021-05-04 14:48:00,NSE:APLAPOLLO,1321.0,1321.45,1319.2,1320.95,308.0
2021-05-04 14:51:00,NSE:APLAPOLLO,1320.9,1321.0,1319.25,1320.9,630.0
2021-05-04 14:54:00,NSE:APLAPOLLO,1320.9,1321.15,1319.3,1320.0,317.0
2021-05-04 14:57:00,NSE:APLAPOLLO,1320.0,1320.8,1319.2,1320.1,911.0
2021-05-04 15:00:00,NSE:APLAPOLLO,1321.0,1321.0,1319.0,1319.0,3625.0
2021-05-04 15:03:00,NSE:APLAPOLLO,1318.25,1320.0,1317.0,1319.8,1334.0
2021-05-04 15:06:00,NSE:APLAPOLLO,1317.1,1318.65,1312.0,1313.15,2119.0
2021-05-04 15:09:00,NSE:APLAPOLLO,1313.15,1324.35,1313.15,1323.75,1447.0
2021-05-04 15:12:00,NSE:APLAPOLLO,1320.8,1323.0,1320.5,1320.55,1190.0
2021-05-04 15:15:00,NSE:APLAPOLLO,1320.5,1321.5,1313.7,1316.75,863.0
2021-05-04 15:18:00,NSE:APLAPOLLO,1318.15,1320.0,1306.25,1307.7,2552.0
2021-05-04 15:21:00,NSE:APLAPOLLO,1306.35,1314.95,1306.35,1312.0,807.0
2021-05-04 15:24:00,NSE:APLAPOLLO,1312.0,1318.05,1312.0,1318.05,857.0
2021-05-04 15:27:00,NSE:APLAPOLLO,1317.3,1317.95,1310.0,1317.0,2150.0
2021-05-04 15:30:00,NSE:APLAPOLLO,1317.0,1317.0,1317.0,1317.0,5.0
2021-05-04 15:42:00,NSE:APLAPOLLO,1316.5,1316.5,1316.5,1316.5,9.0
2021-05-04 15:45:00,NSE:APLAPOLLO,1316.5,1316.5,1316.5,1316.5,41.0
2021-05-04 15:48:00,NSE:APLAPOLLO,1316.5,1316.5,1316.5,1316.5,10.0
2021-05-05 09:06:00,NSE:APLAPOLLO,1320.05,1320.05,1320.05,1320.05,336.0
2021-05-05 09:15:00,NSE:APLAPOLLO,1332.95,1332.95,1324.0,1324.05,1244.0
2021-05-05 09:18:00,NSE:APLAPOLLO,1324.0,1327.15,1320.1,1320.1,889.0
2021-05-05 09:21:00,NSE:APLAPOLLO,1322.75,1322.75,1310.05,1313.1,1620.0
2021-05-05 09:24:00,NSE:APLAPOLLO,1312.25,1315.0,1310.85,1313.85,552.0
2021-05-05 09:27:00,NSE:APLAPOLLO,1315.95,1317.95,1313.85,1315.7,1059.0
2021-05-05 09:30:00,NSE:APLAPOLLO,1314.05,1322.0,1314.05,1320.15,1009.0
2021-05-05 09:33:00,NSE:APLAPOLLO,1320.45,1320.6,1314.0,1316.25,788.0
2021-05-05 09:36:00,NSE:APLAPOLLO,1316.65,1319.55,1315.0,1315.25,1062.0
2021-05-05 09:39:00,NSE:APLAPOLLO,1318.05,1323.75,1316.6,1323.7,809.0
2021-05-05 09:42:00,NSE:APLAPOLLO,1321.9,1323.85,1321.35,1321.55,172.0
2021-05-05 09:45:00,NSE:APLAPOLLO,1323.8,1323.8,1320.75,1320.75,231.0
2021-05-05 09:48:00,NSE:APLAPOLLO,1320.75,1323.25,1315.0,1316.8,3420.0
2021-05-05 09:51:00,NSE:APLAPOLLO,1315.0,1315.7,1315.0,1315.7,69.0
2021-05-05 09:54:00,NSE:APLAPOLLO,1316.1,1318.1,1315.7,1315.7,235.0
2021-05-05 09:57:00,NSE:APLAPOLLO,1315.65,1317.3,1315.65,1315.65,51.0
2021-05-05 10:00:00,NSE:APLAPOLLO,1316.25,1316.25,1315.65,1315.65,200.0
2021-05-05 10:03:00,NSE:APLAPOLLO,1316.2,1316.2,1305.0,1307.85,4403.0
2021-05-05 10:06:00,NSE:APLAPOLLO,1308.0,1308.3,1307.85,1308.1,492.0
2021-05-05 10:09:00,NSE:APLAPOLLO,1308.1,1310.05,1308.0,1309.0,211.0
2021-05-05 10:12:00,NSE:APLAPOLLO,1309.0,1313.7,1309.0,1310.75,234.0
2021-05-05 10:15:00,NSE:APLAPOLLO,1310.6,1311.3,1302.9,1310.8,1771.0
2021-05-05 10:18:00,NSE:APLAPOLLO,1309.0,1309.35,1305.25,1308.2,327.0
2021-05-05 10:21:00,NSE:APLAPOLLO,1308.0,1308.35,1302.55,1304.1,5936.0
2021-05-05 10:24:00,NSE:APLAPOLLO,1304.55,1309.5,1304.0,1308.45,695.0
2021-05-05 10:27:00,NSE:APLAPOLLO,1308.25,1310.4,1306.9,1306.9,226.0
2021-05-05 10:30:00,NSE:APLAPOLLO,1306.9,1310.3,1306.9,1307.1,252.0
2021-05-05 10:33:00,NSE:APLAPOLLO,1307.1,1308.0,1306.05,1306.35,256.0
2021-05-05 10:36:00,NSE:APLAPOLLO,1307.0,1307.25,1306.95,1307.0,102.0
2021-05-05 10:39:00,NSE:APLAPOLLO,1307.15,1309.45,1307.15,1307.6,297.0
2021-05-05 10:42:00,NSE:APLAPOLLO,1308.1,1312.6,1307.6,1311.05,252.0
2021-05-05 10:45:00,NSE:APLAPOLLO,1310.75,1311.85,1309.65,1310.95,76.0
2021-05-05 10:48:00,NSE:APLAPOLLO,1310.0,1312.65,1310.0,1311.95,270.0
2021-05-05 10:51:00,NSE:APLAPOLLO,1310.05,1310.85,1310.0,1310.0,767.0
2021-05-05 10:54:00,NSE:APLAPOLLO,1311.05,1312.95,1310.0,1310.0,2384.0
2021-05-05 10:57:00,NSE:APLAPOLLO,1312.0,1312.7,1310.05,1310.4,1321.0
2021-05-05 11:00:00,NSE:APLAPOLLO,1310.1,1312.05,1310.1,1310.1,33.0
2021-05-05 11:03:00,NSE:APLAPOLLO,1310.1,1310.55,1310.1,1310.35,135.0
2021-05-05 11:06:00,NSE:APLAPOLLO,1311.35,1311.6,1310.0,1310.35,180.0
2021-05-05 11:09:00,NSE:APLAPOLLO,1311.0,1311.0,1310.0,1310.0,598.0
2021-05-05 11:12:00,NSE:APLAPOLLO,1310.0,1313.4,1310.0,1312.65,4996.0
2021-05-05 11:15:00,NSE:APLAPOLLO,1310.6,1311.45,1306.95,1306.95,786.0
2021-05-05 11:18:00,NSE:APLAPOLLO,1306.95,1311.8,1306.95,1307.75,1076.0
2021-05-05 11:21:00,NSE:APLAPOLLO,1307.75,1309.15,1307.75,1307.9,160.0
2021-05-05 11:24:00,NSE:APLAPOLLO,1307.9,1309.25,1307.9,1307.9,135.0
2021-05-05 11:27:00,NSE:APLAPOLLO,1307.9,1307.9,1307.85,1307.9,106.0
2021-05-05 11:30:00,NSE:APLAPOLLO,1307.9,1309.15,1307.9,1308.0,388.0
2021-05-05 11:33:00,NSE:APLAPOLLO,1308.0,1308.4,1307.9,1307.9,237.0
2021-05-05 11:36:00,NSE:APLAPOLLO,1307.9,1308.0,1307.9,1307.9,156.0
2021-05-05 11:39:00,NSE:APLAPOLLO,1307.9,1307.9,1306.95,1306.95,372.0
2021-05-05 11:42:00,NSE:APLAPOLLO,1306.6,1310.25,1306.6,1308.05,723.0
2021-05-05 11:45:00,NSE:APLAPOLLO,1308.4,1314.0,1307.7,1314.0,894.0
2021-05-05 11:48:00,NSE:APLAPOLLO,1314.0,1318.15,1310.0,1310.2,478.0
2021-05-05 11:51:00,NSE:APLAPOLLO,1308.6,1308.7,1307.45,1307.5,162.0
2021-05-05 11:54:00,NSE:APLAPOLLO,1307.6,1315.0,1307.6,1315.0,332.0
2021-05-05 11:57:00,NSE:APLAPOLLO,1315.05,1317.5,1315.0,1315.15,392.0
2021-05-05 12:00:00,NSE:APLAPOLLO,1315.05,1315.25,1315.0,1315.0,238.0
2021-05-05 12:03:00,NSE:APLAPOLLO,1315.0,1315.4,1315.0,1315.0,4525.0
2021-05-05 12:06:00,NSE:APLAPOLLO,1315.0,1315.05,1310.25,1310.25,644.0
2021-05-05 12:09:00,NSE:APLAPOLLO,1310.25,1313.8,1308.0,1312.25,506.0
2021-05-05 12:12:00,NSE:APLAPOLLO,1311.9,1312.2,1310.0,1310.0,110.0
2021-05-05 12:15:00,NSE:APLAPOLLO,1310.0,1311.3,1310.0,1311.05,746.0
2021-05-05 12:18:00,NSE:APLAPOLLO,1310.05,1312.75,1310.05,1311.45,90.0
2021-05-05 12:21:00,NSE:APLAPOLLO,1311.3,1313.35,1311.0,1311.45,120.0
2021-05-05 12:24:00,NSE:APLAPOLLO,1311.45,1312.35,1311.3,1311.3,158.0
2021-05-05 12:27:00,NSE:APLAPOLLO,1311.3,1311.6,1311.3,1311.3,80.0
2021-05-05 12:30:00,NSE:APLAPOLLO,1311.3,1311.6,1311.0,1311.1,1036.0
2021-05-05 12:33:00,NSE:APLAPOLLO,1311.0,1311.15,1311.0,1311.0,216.0
2021-05-05 12:36:00,NSE:APLAPOLLO,1311.0,1311.15,1311.0,1311.0,110.0
2021-05-05 12:39:00,NSE:APLAPOLLO,1311.0,1311.0,1306.8,1307.65,5445.0
2021-05-05 12:42:00,NSE:APLAPOLLO,1307.65,1310.4,1307.25,1308.0,640.0
2021-05-05 12:45:00,NSE:APLAPOLLO,1308.0,1308.6,1307.65,1307.95,213.0
2021-05-05 12:48:00,NSE:APLAPOLLO,1307.95,1310.0,1307.95,1309.5,163.0
2021-05-05 12:51:00,NSE:APLAPOLLO,1308.25,1312.05,1306.0,1312.05,20251.0
2021-05-05 12:54:00,NSE:APLAPOLLO,1310.65,1313.0,1310.0,1313.0,31375.0
2021-05-05 12:57:00,NSE:APLAPOLLO,1312.15,1317.3,1311.65,1315.0,2024.0
2021-05-05 13:00:00,NSE:APLAPOLLO,1313.2,1315.0,1311.35,1313.3,642.0
2021-05-05 13:03:00,NSE:APLAPOLLO,1312.7,1312.7,1308.7,1310.1,279.0
2021-05-05 13:06:00,NSE:APLAPOLLO,1310.1,1313.8,1309.0,1311.55,247.0
2021-05-05 13:09:00,NSE:APLAPOLLO,1311.1,1311.8,1307.05,1307.5,165.0
2021-05-05 13:12:00,NSE:APLAPOLLO,1307.5,1310.05,1307.5,1309.0,506.0
2021-05-05 13:15:00,NSE:APLAPOLLO,1309.0,1314.95,1308.5,1312.95,442.0
2021-05-05 13:18:00,NSE:APLAPOLLO,1313.25,1315.15,1312.8,1314.9,1090.0
2021-05-05 13:21:00,NSE:APLAPOLLO,1313.65,1315.0,1313.2,1314.95,4305.0
2021-05-05 13:24:00,NSE:APLAPOLLO,1313.0,1314.5,1308.0,1308.0,979.0
2021-05-05 13:27:00,NSE:APLAPOLLO,1308.0,1309.8,1308.0,1309.8,190.0
2021-05-05 13:30:00,NSE:APLAPOLLO,1309.8,1309.8,1308.15,1308.6,225.0
2021-05-05 13:33:00,NSE:APLAPOLLO,1308.6,1310.6,1308.2,1308.25,149.0
2021-05-05 13:36:00,NSE:APLAPOLLO,1308.25,1311.55,1308.25,1310.05,169.0
2021-05-05 13:39:00,NSE:APLAPOLLO,1310.35,1312.95,1310.05,1311.2,653.0
2021-05-05 13:42:00,NSE:APLAPOLLO,1310.8,1311.6,1305.9,1306.85,1567.0
2021-05-05 13:45:00,NSE:APLAPOLLO,1306.9,1308.0,1306.9,1307.0,496.0
2021-05-05 13:48:00,NSE:APLAPOLLO,1307.0,1308.0,1307.0,1307.0,176.0
2021-05-05 13:51:00,NSE:APLAPOLLO,1307.1,1308.0,1307.0,1307.85,426.0
2021-05-05 13:54:00,NSE:APLAPOLLO,1307.0,1310.0,1307.0,1307.95,315.0
2021-05-05 13:57:00,NSE:APLAPOLLO,1307.95,1308.15,1306.0,1306.0,516.0
2021-05-05 14:00:00,NSE:APLAPOLLO,1306.0,1308.0,1305.0,1308.0,547.0
2021-05-05 14:03:00,NSE:APLAPOLLO,1308.0,1309.4,1308.0,1308.05,171.0
2021-05-05 14:06:00,NSE:APLAPOLLO,1308.05,1308.65,1308.05,1308.05,320.0
2021-05-05 14:09:00,NSE:APLAPOLLO,1308.05,1310.0,1308.05,1308.5,234.0
2021-05-05 14:12:00,NSE:APLAPOLLO,1308.7,1312.55,1304.1,1312.0,1989.0
2021-05-05 14:15:00,NSE:APLAPOLLO,1312.0,1312.35,1304.15,1305.15,1002.0
2021-05-05 14:18:00,NSE:APLAPOLLO,1304.15,1308.75,1303.0,1306.0,1818.0
2021-05-05 14:21:00,NSE:APLAPOLLO,1306.1,1306.75,1293.05,1299.6,4698.0
2021-05-05 14:24:00,NSE:APLAPOLLO,1297.85,1302.15,1297.85,1299.1,1979.0
2021-05-05 14:27:00,NSE:APLAPOLLO,1299.1,1299.85,1295.55,1297.3,799.0
2021-05-05 14:30:00,NSE:APLAPOLLO,1297.05,1299.9,1295.7,1299.9,259.0
2021-05-05 14:33:00,NSE:APLAPOLLO,1299.3,1300.65,1296.2,1300.65,4409.0
2021-05-05 14:36:00,NSE:APLAPOLLO,1299.55,1299.55,1295.85,1296.9,2342.0
2021-05-05 14:39:00,NSE:APLAPOLLO,1295.4,1299.65,1295.05,1295.05,3693.0
2021-05-05 14:42:00,NSE:APLAPOLLO,1296.5,1297.65,1293.0,1293.3,3802.0
2021-05-05 14:45:00,NSE:APLAPOLLO,1292.9,1297.0,1292.9,1295.35,8396.0
2021-05-05 14:48:00,NSE:APLAPOLLO,1294.4,1298.95,1294.4,1298.95,1511.0
2021-05-05 14:51:00,NSE:APLAPOLLO,1298.95,1307.2,1295.5,1300.2,6361.0
2021-05-05 14:54:00,NSE:APLAPOLLO,1300.15,1302.0,1300.0,1302.0,1632.0
2021-05-05 14:57:00,NSE:APLAPOLLO,1300.4,1311.0,1300.05,1302.6,8082.0
2021-05-05 15:00:00,NSE:APLAPOLLO,1302.6,1306.6,1301.0,1304.15,3036.0
2021-05-05 15:03:00,NSE:APLAPOLLO,1304.0,1304.0,1300.15,1301.75,1997.0
2021-05-05 15:06:00,NSE:APLAPOLLO,1300.5,1302.0,1300.35,1300.35,2443.0
2021-05-05 15:09:00,NSE:APLAPOLLO,1300.35,1304.0,1299.95,1302.0,3484.0
2021-05-05 15:12:00,NSE:APLAPOLLO,1302.1,1303.25,1300.05,1302.35,3709.0
2021-05-05 15:15:00,NSE:APLAPOLLO,1302.55,1311.65,1302.05,1307.8,4642.0
2021-05-05 15:18:00,NSE:APLAPOLLO,1307.8,1308.9,1299.65,1302.7,5568.0
2021-05-05 15:21:00,NSE:APLAPOLLO,1302.6,1302.6,1296.0,1297.05,2308.0
2021-05-05 15:24:00,NSE:APLAPOLLO,1296.55,1300.0,1296.55,1299.9,3197.0
2021-05-05 15:27:00,NSE:APLAPOLLO,1299.9,1304.0,1295.0,1296.0,2066.0
2021-05-05 15:39:00,NSE:APLAPOLLO,1302.85,1302.85,1296.0,1296.0,215.0
2021-05-05 15:54:00,NSE:APLAPOLLO,1302.85,1302.85,1296.0,1296.0,369.0
2021-05-06 09:06:00,NSE:APLAPOLLO,1302.85,1302.85,1302.85,1302.85,62.0
2021-05-06 09:15:00,NSE:APLAPOLLO,1302.85,1302.85,1295.75,1302.4,564.0
2021-05-06 09:18:00,NSE:APLAPOLLO,1302.2,1307.8,1291.9,1291.9,2366.0
2021-05-06 09:21:00,NSE:APLAPOLLO,1292.7,1297.85,1280.1,1292.9,5983.0
2021-05-06 09:24:00,NSE:APLAPOLLO,1292.45,1295.95,1290.5,1294.4,796.0
2021-05-06 09:27:00,NSE:APLAPOLLO,1294.75,1298.95,1290.15,1291.0,742.0
2021-05-06 09:30:00,NSE:APLAPOLLO,1291.45,1293.45,1287.15,1287.7,816.0
2021-05-06 09:33:00,NSE:APLAPOLLO,1292.75,1292.75,1287.8,1287.95,591.0
2021-05-06 09:36:00,NSE:APLAPOLLO,1291.45,1293.5,1287.95,1289.15,1360.0
2021-05-06 09:39:00,NSE:APLAPOLLO,1292.1,1292.1,1287.15,1288.8,1400.0
2021-05-06 09:42:00,NSE:APLAPOLLO,1287.8,1288.4,1285.05,1288.0,1262.0
2021-05-06 09:45:00,NSE:APLAPOLLO,1287.65,1288.8,1282.0,1283.1,8191.0
2021-05-06 09:48:00,NSE:APLAPOLLO,1283.1,1288.1,1281.5,1286.6,2669.0
2021-05-06 09:51:00,NSE:APLAPOLLO,1285.45,1290.0,1285.0,1288.9,6881.0
2021-05-06 09:54:00,NSE:APLAPOLLO,1286.0,1287.9,1285.0,1286.05,2408.0
2021-05-06 09:57:00,NSE:APLAPOLLO,1287.15,1289.0,1286.15,1288.0,853.0
2021-05-06 10:00:00,NSE:APLAPOLLO,1288.0,1289.9,1286.25,1287.25,834.0
2021-05-06 10:03:00,NSE:APLAPOLLO,1287.25,1290.2,1285.0,1286.0,2108.0
2021-05-06 10:06:00,NSE:APLAPOLLO,1285.0,1286.1,1285.0,1285.1,1129.0
2021-05-06 10:09:00,NSE:APLAPOLLO,1286.25,1286.25,1285.0,1285.0,451.0
2021-05-06 10:12:00,NSE:APLAPOLLO,1285.05,1285.1,1285.0,1285.05,279.0
2021-05-06 10:15:00,NSE:APLAPOLLO,1285.05,1287.15,1285.05,1286.95,266.0
2021-05-06 10:18:00,NSE:APLAPOLLO,1285.95,1287.0,1285.1,1285.45,1560.0
2021-05-06 10:21:00,NSE:APLAPOLLO,1286.5,1286.5,1285.0,1285.05,753.0
2021-05-06 10:24:00,NSE:APLAPOLLO,1285.05,1286.15,1285.0,1285.0,593.0
2021-05-06 10:27:00,NSE:APLAPOLLO,1285.0,1286.0,1285.0,1285.0,1238.0
2021-05-06 10:30:00,NSE:APLAPOLLO,1285.0,1285.0,1281.1,1282.9,1001.0
2021-05-06 10:33:00,NSE:APLAPOLLO,1282.9,1284.1,1281.0,1284.1,996.0
2021-05-06 10:36:00,NSE:APLAPOLLO,1284.0,1286.0,1283.3,1284.6,707.0
2021-05-06 10:39:00,NSE:APLAPOLLO,1284.85,1286.0,1284.0,1284.65,174.0
2021-05-06 10:42:00,NSE:APLAPOLLO,1285.05,1286.0,1285.0,1285.2,796.0
2021-05-06 10:45:00,NSE:APLAPOLLO,1285.9,1286.05,1285.0,1285.85,12224.0
2021-05-06 10:48:00,NSE:APLAPOLLO,1285.85,1286.0,1285.85,1286.0,132.0
2021-05-06 10:51:00,NSE:APLAPOLLO,1286.3,1288.7,1286.05,1287.9,269.0
2021-05-06 10:54:00,NSE:APLAPOLLO,1287.1,1288.95,1286.4,1286.45,320.0
2021-05-06 10:57:00,NSE:APLAPOLLO,1286.55,1289.4,1286.4,1287.0,2498.0
2021-05-06 11:00:00,NSE:APLAPOLLO,1288.1,1288.95,1285.0,1286.85,4659.0
2021-05-06 11:03:00,NSE:APLAPOLLO,1286.8,1288.9,1286.5,1287.2,224.0
2021-05-06 11:06:00,NSE:APLAPOLLO,1287.0,1288.05,1286.45,1286.6,156.0
2021-05-06 11:09:00,NSE:APLAPOLLO,1286.55,1288.95,1286.55,1287.75,151.0
2021-05-06 11:12:00,NSE:APLAPOLLO,1288.95,1288.95,1287.65,1288.9,166.0
2021-05-06 11:15:00,NSE:APLAPOLLO,1288.9,1289.0,1286.9,1287.1,359.0
2021-05-06 11:18:00,NSE:APLAPOLLO,1290.05,1293.0,1290.0,1291.9,1658.0
2021-05-06 11:21:00,NSE:APLAPOLLO,1291.9,1293.8,1291.2,1293.8,344.0
2021-05-06 11:24:00,NSE:APLAPOLLO,1293.5,1293.95,1291.45,1291.45,289.0
2021-05-06 11:27:00,NSE:APLAPOLLO,1291.8,1293.85,1291.55,1293.85,282.0
2021-05-06 11:30:00,NSE:APLAPOLLO,1293.0,1295.95,1291.55,1293.05,716.0
2021-05-06 11:33:00,NSE:APLAPOLLO,1293.05,1294.4,1292.05,1292.5,234.0
2021-05-06 11:36:00,NSE:APLAPOLLO,1292.65,1293.55,1291.55,1291.55,290.0
2021-05-06 11:39:00,NSE:APLAPOLLO,1292.75,1293.45,1291.55,1292.3,281.0
2021-05-06 11:42:00,NSE:APLAPOLLO,1293.9,1294.0,1292.9,1292.9,322.0
2021-05-06 11:45:00,NSE:APLAPOLLO,1293.9,1294.25,1292.05,1292.1,467.0
2021-05-06 11:48:00,NSE:APLAPOLLO,1292.1,1294.0,1292.05,1292.1,449.0
2021-05-06 11:51:00,NSE:APLAPOLLO,1292.1,1293.9,1292.1,1292.4,133.0
2021-05-06 11:54:00,NSE:APLAPOLLO,1292.4,1292.45,1292.4,1292.4,62.0
2021-05-06 11:57:00,NSE:APLAPOLLO,1292.4,1293.0,1292.4,1292.45,73.0
2021-05-06 12:00:00,NSE:APLAPOLLO,1292.45,1293.0,1292.45,1292.5,138.0
2021-05-06 12:03:00,NSE:APLAPOLLO,1292.5,1295.95,1292.05,1293.7,586.0
2021-05-06 12:06:00,NSE:APLAPOLLO,1292.35,1294.0,1292.1,1292.15,74.0
2021-05-06 12:09:00,NSE:APLAPOLLO,1292.05,1293.75,1290.0,1290.0,1533.0
2021-05-06 12:12:00,NSE:APLAPOLLO,1290.15,1291.7,1290.15,1290.4,80.0
2021-05-06 12:15:00,NSE:APLAPOLLO,1290.2,1291.95,1290.2,1291.9,361.0
2021-05-06 12:18:00,NSE:APLAPOLLO,1291.95,1293.0,1290.2,1291.9,469.0
2021-05-06 12:21:00,NSE:APLAPOLLO,1291.95,1293.9,1291.95,1292.2,287.0
2021-05-06 12:24:00,NSE:APLAPOLLO,1293.1,1293.5,1292.2,1292.2,182.0
2021-05-06 12:27:00,NSE:APLAPOLLO,1292.2,1293.5,1292.1,1292.4,222.0
2021-05-06 12:30:00,NSE:APLAPOLLO,1292.25,1293.45,1291.55,1292.2,292.0
2021-05-06 12:33:00,NSE:APLAPOLLO,1293.4,1293.5,1292.35,1292.7,60.0
2021-05-06 12:36:00,NSE:APLAPOLLO,1292.7,1293.5,1292.0,1292.7,127.0
2021-05-06 12:39:00,NSE:APLAPOLLO,1292.7,1293.5,1292.7,1293.5,38.0
2021-05-06 12:42:00,NSE:APLAPOLLO,1292.7,1293.5,1291.05,1291.05,198.0
2021-05-06 12:45:00,NSE:APLAPOLLO,1291.05,1292.0,1291.0,1291.0,65.0
2021-05-06 12:48:00,NSE:APLAPOLLO,1291.0,1292.0,1291.0,1291.1,151.0
2021-05-06 12:51:00,NSE:APLAPOLLO,1291.0,1291.0,1290.0,1290.7,12259.0
2021-05-06 12:54:00,NSE:APLAPOLLO,1290.85,1292.0,1290.05,1290.3,377.0
2021-05-06 12:57:00,NSE:APLAPOLLO,1290.0,1292.25,1290.0,1290.9,648.0
2021-05-06 13:00:00,NSE:APLAPOLLO,1291.9,1291.9,1291.05,1291.05,1175.0
2021-05-06 13:03:00,NSE:APLAPOLLO,1291.05,1291.85,1290.05,1290.05,108.0
2021-05-06 13:06:00,NSE:APLAPOLLO,1290.05,1291.0,1290.05,1290.2,132.0
2021-05-06 13:09:00,NSE:APLAPOLLO,1290.2,1291.4,1290.2,1291.15,122.0
2021-05-06 13:12:00,NSE:APLAPOLLO,1291.15,1291.9,1291.15,1291.9,86.0
2021-05-06 13:15:00,NSE:APLAPOLLO,1291.25,1291.95,1291.0,1291.9,161.0
2021-05-06 13:18:00,NSE:APLAPOLLO,1291.95,1293.0,1291.1,1291.6,92.0
2021-05-06 13:21:00,NSE:APLAPOLLO,1291.0,1291.8,1291.0,1291.05,118.0
2021-05-06 13:24:00,NSE:APLAPOLLO,1291.05,1291.1,1291.05,1291.05,32.0
2021-05-06 13:27:00,NSE:APLAPOLLO,1291.05,1291.8,1290.0,1291.0,747.0
2021-05-06 13:30:00,NSE:APLAPOLLO,1290.95,1292.0,1290.95,1292.0,713.0
2021-05-06 13:33:00,NSE:APLAPOLLO,1292.0,1292.85,1292.0,1292.0,452.0
2021-05-06 13:36:00,NSE:APLAPOLLO,1292.0,1292.65,1292.0,1292.0,278.0
2021-05-06 13:39:00,NSE:APLAPOLLO,1292.0,1292.9,1292.0,1292.15,40.0
2021-05-06 13:42:00,NSE:APLAPOLLO,1292.15,1292.8,1289.75,1289.75,2150.0
2021-05-06 13:45:00,NSE:APLAPOLLO,1289.75,1292.0,1289.75,1291.15,1660.0
2021-05-06 13:48:00,NSE:APLAPOLLO,1291.15,1292.05,1290.2,1290.2,91.0
2021-05-06 13:51:00,NSE:APLAPOLLO,1290.2,1291.0,1289.65,1289.8,1180.0
2021-05-06 13:54:00,NSE:APLAPOLLO,1290.05,1291.0,1288.75,1288.75,1130.0
2021-05-06 13:57:00,NSE:APLAPOLLO,1288.15,1292.85,1288.15,1290.5,608.0
2021-05-06 14:00:00,NSE:APLAPOLLO,1291.35,1293.0,1288.55,1288.55,1115.0
2021-05-06 14:03:00,NSE:APLAPOLLO,1290.4,1290.7,1290.15,1290.4,223.0
2021-05-06 14:06:00,NSE:APLAPOLLO,1290.4,1294.15,1290.1,1290.85,1576.0
2021-05-06 14:09:00,NSE:APLAPOLLO,1291.85,1291.85,1290.35,1290.75,142.0
2021-05-06 14:12:00,NSE:APLAPOLLO,1290.2,1291.2,1290.2,1290.3,206.0
2021-05-06 14:15:00,NSE:APLAPOLLO,1290.3,1292.3,1290.25,1290.25,189.0
2021-05-06 14:18:00,NSE:APLAPOLLO,1290.25,1291.6,1290.25,1290.25,356.0
2021-05-06 14:21:00,NSE:APLAPOLLO,1290.2,1291.35,1290.2,1290.3,109.0
2021-05-06 14:24:00,NSE:APLAPOLLO,1291.0,1291.1,1290.3,1291.1,29.0
2021-05-06 14:27:00,NSE:APLAPOLLO,1290.4,1292.05,1290.25,1292.05,328.0
2021-05-06 14:30:00,NSE:APLAPOLLO,1290.45,1292.0,1290.45,1291.4,64.0
2021-05-06 14:33:00,NSE:APLAPOLLO,1290.5,1292.25,1290.45,1290.65,462.0
2021-05-06 14:36:00,NSE:APLAPOLLO,1290.75,1290.9,1290.0,1290.0,5851.0
2021-05-06 14:39:00,NSE:APLAPOLLO,1291.05,1292.05,1290.05,1292.05,162.0
2021-05-06 14:42:00,NSE:APLAPOLLO,1294.5,1294.7,1290.55,1293.65,714.0
2021-05-06 14:45:00,NSE:APLAPOLLO,1292.05,1302.05,1292.05,1300.0,3093.0
2021-05-06 14:48:00,NSE:APLAPOLLO,1300.0,1300.75,1300.0,1300.0,1929.0
2021-05-06 14:51:00,NSE:APLAPOLLO,1300.0,1301.0,1300.0,1300.0,1382.0
2021-05-06 14:54:00,NSE:APLAPOLLO,1300.0,1300.75,1300.0,1300.0,1690.0
2021-05-06 14:57:00,NSE:APLAPOLLO,1300.4,1306.15,1296.0,1305.6,6454.0
2021-05-06 15:00:00,NSE:APLAPOLLO,1305.75,1323.95,1305.2,1313.35,9376.0
2021-05-06 15:03:00,NSE:APLAPOLLO,1313.15,1314.95,1310.0,1312.05,4120.0
2021-05-06 15:06:00,NSE:APLAPOLLO,1312.1,1312.1,1310.0,1310.0,2269.0
2021-05-06 15:09:00,NSE:APLAPOLLO,1310.0,1310.8,1310.0,1310.0,1832.0
2021-05-06 15:12:00,NSE:APLAPOLLO,1310.8,1312.5,1299.55,1300.0,2769.0
2021-05-06 15:15:00,NSE:APLAPOLLO,1300.0,1304.65,1297.0,1300.0,1498.0
2021-05-06 15:18:00,NSE:APLAPOLLO,1298.05,1304.0,1298.05,1303.65,1865.0
2021-05-06 15:21:00,NSE:APLAPOLLO,1301.65,1303.75,1298.35,1299.1,2774.0
2021-05-06 15:24:00,NSE:APLAPOLLO,1299.1,1299.75,1295.0,1297.35,7462.0
2021-05-06 15:27:00,NSE:APLAPOLLO,1297.35,1301.8,1297.3,1300.0,1433.0
2021-05-06 15:39:00,NSE:APLAPOLLO,1306.15,1306.15,1306.15,1306.15,20.0
2021-05-06 15:42:00,NSE:APLAPOLLO,1306.15,1306.15,1300.0,1306.15,130.0
2021-05-06 15:45:00,NSE:APLAPOLLO,1306.15,1306.15,1306.15,1306.15,100.0
2021-05-06 15:48:00,NSE:APLAPOLLO,1306.15,1306.15,1306.15,1306.15,85.0
2021-05-07 09:06:00,NSE:APLAPOLLO,1301.1,1301.1,1301.1,1301.1,148.0
2021-05-07 09:15:00,NSE:APLAPOLLO,1302.05,1309.75,1302.05,1303.2,1370.0
2021-05-07 09:18:00,NSE:APLAPOLLO,1303.0,1303.0,1292.8,1294.1,1265.0
2021-05-07 09:21:00,NSE:APLAPOLLO,1295.4,1299.0,1281.0,1281.0,2105.0
2021-05-07 09:24:00,NSE:APLAPOLLO,1281.05,1281.05,1260.0,1267.6,8184.0
2021-05-07 09:27:00,NSE:APLAPOLLO,1267.3,1286.95,1267.3,1284.5,3832.0
2021-05-07 09:30:00,NSE:APLAPOLLO,1284.0,1286.85,1283.5,1283.6,1787.0
2021-05-07 09:33:00,NSE:APLAPOLLO,1283.6,1287.0,1283.6,1286.05,472.0
2021-05-07 09:36:00,NSE:APLAPOLLO,1286.05,1289.95,1286.05,1289.0,340.0
2021-05-07 09:39:00,NSE:APLAPOLLO,1289.0,1290.85,1287.2,1289.05,491.0
2021-05-07 09:42:00,NSE:APLAPOLLO,1289.95,1291.15,1287.0,1287.0,1177.0
2021-05-07 09:45:00,NSE:APLAPOLLO,1287.0,1289.0,1285.5,1286.95,1504.0
2021-05-07 09:48:00,NSE:APLAPOLLO,1286.0,1287.6,1285.1,1285.35,649.0
2021-05-07 09:51:00,NSE:APLAPOLLO,1286.35,1289.95,1285.85,1286.85,406.0
2021-05-07 09:54:00,NSE:APLAPOLLO,1287.0,1290.0,1286.85,1289.1,265.0
2021-05-07 09:57:00,NSE:APLAPOLLO,1289.15,1291.65,1287.95,1288.05,234.0
2021-05-07 10:00:00,NSE:APLAPOLLO,1289.2,1290.95,1288.0,1289.35,208.0
2021-05-07 10:03:00,NSE:APLAPOLLO,1291.2,1291.9,1285.3,1285.3,334.0
2021-05-07 10:06:00,NSE:APLAPOLLO,1286.65,1288.9,1286.65,1287.35,237.0
2021-05-07 10:09:00,NSE:APLAPOLLO,1285.0,1287.55,1285.0,1286.1,629.0
2021-05-07 10:12:00,NSE:APLAPOLLO,1287.7,1287.7,1276.05,1277.2,2998.0
2021-05-07 10:15:00,NSE:APLAPOLLO,1280.0,1284.0,1275.85,1277.75,4853.0
2021-05-07 10:18:00,NSE:APLAPOLLO,1280.0,1284.2,1277.0,1280.55,2691.0
2021-05-07 10:21:00,NSE:APLAPOLLO,1278.55,1279.9,1275.85,1279.45,1610.0
2021-05-07 10:24:00,NSE:APLAPOLLO,1279.0,1281.5,1278.0,1280.15,444.0
2021-05-07 10:27:00,NSE:APLAPOLLO,1281.95,1284.15,1280.0,1281.95,614.0
2021-05-07 10:30:00,NSE:APLAPOLLO,1285.0,1285.3,1281.8,1281.8,508.0
2021-05-07 10:33:00,NSE:APLAPOLLO,1281.8,1282.1,1280.05,1280.45,867.0
2021-05-07 10:36:00,NSE:APLAPOLLO,1280.45,1283.65,1280.45,1282.65,214.0
2021-05-07 10:39:00,NSE:APLAPOLLO,1284.25,1285.6,1282.35,1284.45,92.0
2021-05-07 10:42:00,NSE:APLAPOLLO,1285.65,1285.8,1280.05,1281.5,667.0
2021-05-07 10:45:00,NSE:APLAPOLLO,1281.65,1282.65,1281.0,1282.05,325.0
2021-05-07 10:48:00,NSE:APLAPOLLO,1283.05,1285.2,1282.0,1283.85,285.0
2021-05-07 10:51:00,NSE:APLAPOLLO,1285.35,1288.0,1284.4,1286.0,298.0
2021-05-07 10:54:00,NSE:APLAPOLLO,1286.0,1287.9,1286.0,1286.3,489.0
2021-05-07 10:57:00,NSE:APLAPOLLO,1287.35,1288.6,1287.3,1287.55,185.0
2021-05-07 11:00:00,NSE:APLAPOLLO,1288.6,1288.6,1278.6,1278.6,2628.0
2021-05-07 11:03:00,NSE:APLAPOLLO,1278.0,1283.95,1278.0,1282.0,791.0
2021-05-07 11:06:00,NSE:APLAPOLLO,1282.0,1284.25,1280.35,1282.75,127.0
2021-05-07 11:09:00,NSE:APLAPOLLO,1284.0,1285.6,1282.5,1284.0,172.0
2021-05-07 11:12:00,NSE:APLAPOLLO,1284.0,1285.25,1279.0,1280.05,1196.0
2021-05-07 11:15:00,NSE:APLAPOLLO,1281.25,1281.6,1279.1,1279.85,1309.0
2021-05-07 11:18:00,NSE:APLAPOLLO,1279.85,1282.3,1279.75,1280.0,1017.0
2021-05-07 11:21:00,NSE:APLAPOLLO,1280.0,1280.0,1277.0,1277.1,1386.0
2021-05-07 11:24:00,NSE:APLAPOLLO,1277.0,1278.8,1277.0,1278.0,800.0
2021-05-07 11:27:00,NSE:APLAPOLLO,1278.0,1282.9,1278.0,1278.4,780.0
2021-05-07 11:30:00,NSE:APLAPOLLO,1278.45,1278.95,1275.05,1275.3,2324.0
2021-05-07 11:33:00,NSE:APLAPOLLO,1275.85,1279.2,1275.85,1277.3,1825.0
2021-05-07 11:36:00,NSE:APLAPOLLO,1277.3,1277.7,1275.85,1276.7,536.0
2021-05-07 11:39:00,NSE:APLAPOLLO,1276.6,1278.45,1276.0,1277.55,1232.0
2021-05-07 11:42:00,NSE:APLAPOLLO,1277.55,1280.0,1275.0,1276.15,4134.0
2021-05-07 11:45:00,NSE:APLAPOLLO,1276.15,1278.8,1275.0,1278.0,1322.0
2021-05-07 11:48:00,NSE:APLAPOLLO,1278.0,1278.55,1276.05,1278.0,1812.0
2021-05-07 11:51:00,NSE:APLAPOLLO,1278.0,1278.05,1275.2,1277.2,2000.0
2021-05-07 11:54:00,NSE:APLAPOLLO,1277.2,1278.55,1275.15,1276.95,1695.0
2021-05-07 11:57:00,NSE:APLAPOLLO,1276.95,1278.1,1276.0,1276.45,998.0
2021-05-07 12:00:00,NSE:APLAPOLLO,1276.45,1282.0,1266.0,1272.15,107178.0
2021-05-07 12:03:00,NSE:APLAPOLLO,1273.25,1275.95,1272.65,1273.15,621.0
2021-05-07 12:06:00,NSE:APLAPOLLO,1273.15,1275.0,1273.15,1273.2,575.0
2021-05-07 12:09:00,NSE:APLAPOLLO,1273.2,1275.55,1270.2,1271.95,1217.0
2021-05-07 12:12:00,NSE:APLAPOLLO,1271.0,1273.6,1271.0,1272.5,586.0
2021-05-07 12:15:00,NSE:APLAPOLLO,1272.5,1273.7,1272.0,1272.05,344.0
2021-05-07 12:18:00,NSE:APLAPOLLO,1272.1,1273.75,1267.05,1268.0,1661.0
2021-05-07 12:21:00,NSE:APLAPOLLO,1268.0,1272.35,1267.05,1268.85,918.0
2021-05-07 12:24:00,NSE:APLAPOLLO,1269.1,1272.4,1268.1,1271.95,502.0
2021-05-07 12:27:00,NSE:APLAPOLLO,1271.35,1272.0,1268.1,1268.3,464.0
2021-05-07 12:30:00,NSE:APLAPOLLO,1270.2,1272.85,1268.3,1270.05,472.0
2021-05-07 12:33:00,NSE:APLAPOLLO,1271.6,1272.2,1268.1,1272.0,3323.0
2021-05-07 12:36:00,NSE:APLAPOLLO,1269.5,1275.75,1268.05,1275.75,1341.0
2021-05-07 12:39:00,NSE:APLAPOLLO,1275.1,1275.45,1269.0,1274.45,4033.0
2021-05-07 12:42:00,NSE:APLAPOLLO,1273.05,1274.75,1272.05,1274.15,330.0
2021-05-07 12:45:00,NSE:APLAPOLLO,1273.0,1274.8,1272.05,1274.1,417.0
2021-05-07 12:48:00,NSE:APLAPOLLO,1274.1,1275.0,1274.1,1274.1,646.0
2021-05-07 12:51:00,NSE:APLAPOLLO,1274.1,1275.0,1274.1,1275.0,654.0
2021-05-07 12:54:00,NSE:APLAPOLLO,1274.1,1276.0,1274.1,1274.15,306.0
2021-05-07 12:57:00,NSE:APLAPOLLO,1274.15,1275.0,1271.55,1272.0,491.0
2021-05-07 13:00:00,NSE:APLAPOLLO,1271.1,1274.95,1270.0,1270.3,7347.0
2021-05-07 13:03:00,NSE:APLAPOLLO,1270.65,1271.3,1267.0,1268.0,3411.0
2021-05-07 13:06:00,NSE:APLAPOLLO,1268.0,1270.95,1268.0,1268.6,330.0
2021-05-07 13:09:00,NSE:APLAPOLLO,1268.6,1271.1,1267.0,1270.0,1066.0
2021-05-07 13:12:00,NSE:APLAPOLLO,1270.05,1272.4,1270.05,1271.0,683.0
2021-05-07 13:15:00,NSE:APLAPOLLO,1271.0,1272.4,1271.0,1271.05,355.0
2021-05-07 13:18:00,NSE:APLAPOLLO,1271.05,1274.95,1268.2,1269.7,1405.0
2021-05-07 13:21:00,NSE:APLAPOLLO,1270.3,1272.95,1270.2,1270.4,663.0
2021-05-07 13:24:00,NSE:APLAPOLLO,1270.35,1274.2,1270.2,1271.25,3173.0
2021-05-07 13:27:00,NSE:APLAPOLLO,1271.25,1275.0,1271.25,1273.0,663.0
2021-05-07 13:30:00,NSE:APLAPOLLO,1273.05,1273.05,1271.3,1271.3,334.0
2021-05-07 13:33:00,NSE:APLAPOLLO,1271.3,1273.45,1270.0,1270.0,370.0
2021-05-07 13:36:00,NSE:APLAPOLLO,1270.0,1274.7,1268.35,1272.05,1180.0
2021-05-07 13:39:00,NSE:APLAPOLLO,1272.0,1274.7,1271.95,1272.0,407.0
2021-05-07 13:42:00,NSE:APLAPOLLO,1271.95,1274.3,1271.95,1273.0,707.0
2021-05-07 13:45:00,NSE:APLAPOLLO,1273.0,1273.6,1273.0,1273.05,715.0
2021-05-07 13:48:00,NSE:APLAPOLLO,1273.05,1273.7,1273.0,1273.0,318.0
2021-05-07 13:51:00,NSE:APLAPOLLO,1273.0,1274.15,1271.95,1271.95,562.0
2021-05-07 13:54:00,NSE:APLAPOLLO,1273.45,1283.5,1271.95,1281.0,18752.0
2021-05-07 13:57:00,NSE:APLAPOLLO,1280.1,1286.05,1279.95,1286.0,4704.0
2021-05-07 14:00:00,NSE:APLAPOLLO,1286.0,1286.0,1281.3,1283.05,4264.0
2021-05-07 14:03:00,NSE:APLAPOLLO,1283.05,1283.3,1274.05,1275.0,3400.0
2021-05-07 14:06:00,NSE:APLAPOLLO,1275.0,1280.35,1273.4,1278.05,1331.0
2021-05-07 14:09:00,NSE:APLAPOLLO,1278.05,1278.3,1275.0,1276.9,1003.0
2021-05-07 14:12:00,NSE:APLAPOLLO,1276.9,1278.6,1276.0,1276.0,562.0
2021-05-07 14:15:00,NSE:APLAPOLLO,1276.0,1276.6,1276.0,1276.1,964.0
2021-05-07 14:18:00,NSE:APLAPOLLO,1276.1,1277.05,1276.1,1276.2,1409.0
2021-05-07 14:21:00,NSE:APLAPOLLO,1276.2,1280.0,1275.0,1276.9,5066.0
2021-05-07 14:24:00,NSE:APLAPOLLO,1276.9,1279.1,1276.9,1277.4,829.0
2021-05-07 14:27:00,NSE:APLAPOLLO,1277.4,1280.0,1276.05,1277.45,3922.0
2021-05-07 14:30:00,NSE:APLAPOLLO,1277.35,1282.1,1275.0,1280.75,21304.0
2021-05-07 14:33:00,NSE:APLAPOLLO,1278.05,1279.05,1276.8,1277.45,1287.0
2021-05-07 14:36:00,NSE:APLAPOLLO,1277.35,1277.65,1277.3,1277.45,572.0
2021-05-07 14:39:00,NSE:APLAPOLLO,1277.35,1278.0,1277.3,1277.3,888.0
2021-05-07 14:42:00,NSE:APLAPOLLO,1277.35,1278.0,1275.2,1275.3,2246.0
2021-05-07 14:45:00,NSE:APLAPOLLO,1275.25,1277.0,1275.25,1276.05,848.0
2021-05-07 14:48:00,NSE:APLAPOLLO,1276.0,1277.0,1276.0,1276.0,491.0
2021-05-07 14:51:00,NSE:APLAPOLLO,1276.0,1276.65,1275.1,1275.1,1193.0
2021-05-07 14:54:00,NSE:APLAPOLLO,1275.1,1276.25,1273.45,1276.25,3057.0
2021-05-07 14:57:00,NSE:APLAPOLLO,1276.25,1281.65,1274.9,1280.0,1966.0
2021-05-07 15:00:00,NSE:APLAPOLLO,1280.0,1295.15,1280.0,1290.1,26275.0
2021-05-07 15:03:00,NSE:APLAPOLLO,1290.0,1290.0,1277.15,1278.95,4247.0
2021-05-07 15:06:00,NSE:APLAPOLLO,1278.95,1283.0,1278.95,1282.1,1188.0
2021-05-07 15:09:00,NSE:APLAPOLLO,1281.05,1281.05,1276.6,1276.6,1636.0
2021-05-07 15:12:00,NSE:APLAPOLLO,1276.0,1276.0,1272.95,1275.0,1795.0
2021-05-07 15:15:00,NSE:APLAPOLLO,1275.1,1275.15,1271.6,1271.95,1187.0
2021-05-07 15:18:00,NSE:APLAPOLLO,1270.3,1275.05,1269.3,1275.05,2553.0
2021-05-07 15:21:00,NSE:APLAPOLLO,1275.05,1278.0,1275.05,1277.0,2539.0
2021-05-07 15:24:00,NSE:APLAPOLLO,1277.0,1277.0,1268.25,1268.9,2193.0
2021-05-07 15:27:00,NSE:APLAPOLLO,1268.7,1269.0,1256.0,1260.0,6291.0
2021-05-07 15:30:00,NSE:APLAPOLLO,1258.8,1258.8,1258.8,1258.8,3.0
2021-05-07 15:42:00,NSE:APLAPOLLO,1281.8,1281.8,1281.8,1281.8,1.0
2021-05-07 15:51:00,NSE:APLAPOLLO,1281.8,1281.8,1281.8,1281.8,1.0
2021-05-10 09:06:00,NSE:APLAPOLLO,1260.0,1260.0,1260.0,1260.0,667.0
2021-05-10 09:15:00,NSE:APLAPOLLO,1268.35,1268.95,1253.0,1261.55,6948.0
2021-05-10 09:18:00,NSE:APLAPOLLO,1265.0,1265.0,1255.0,1258.25,1798.0
2021-05-10 09:21:00,NSE:APLAPOLLO,1256.1,1262.45,1256.1,1261.05,6227.0
2021-05-10 09:24:00,NSE:APLAPOLLO,1264.0,1264.0,1257.25,1258.6,2606.0
2021-05-10 09:27:00,NSE:APLAPOLLO,1258.55,1260.6,1258.5,1259.45,3483.0
2021-05-10 09:30:00,NSE:APLAPOLLO,1259.45,1262.5,1258.5,1261.2,3941.0
2021-05-10 09:33:00,NSE:APLAPOLLO,1260.0,1261.35,1258.5,1258.5,2856.0
2021-05-10 09:36:00,NSE:APLAPOLLO,1260.0,1260.05,1256.75,1260.05,4970.0
2021-05-10 09:39:00,NSE:APLAPOLLO,1260.0,1262.7,1260.0,1260.0,2272.0
2021-05-10 09:42:00,NSE:APLAPOLLO,1260.05,1265.05,1260.05,1264.35,2698.0
2021-05-10 09:45:00,NSE:APLAPOLLO,1262.95,1263.95,1261.0,1262.8,1406.0
2021-05-10 09:48:00,NSE:APLAPOLLO,1261.3,1269.1,1261.0,1266.05,2799.0
2021-05-10 09:51:00,NSE:APLAPOLLO,1266.0,1266.9,1265.05,1265.95,775.0
2021-05-10 09:54:00,NSE:APLAPOLLO,1265.05,1265.15,1265.0,1265.05,4120.0
2021-05-10 09:57:00,NSE:APLAPOLLO,1265.0,1265.05,1262.0,1262.4,4032.0
2021-05-10 10:00:00,NSE:APLAPOLLO,1262.4,1271.2,1262.4,1268.95,1523.0
2021-05-10 10:03:00,NSE:APLAPOLLO,1268.7,1272.0,1268.6,1269.0,1021.0
2021-05-10 10:06:00,NSE:APLAPOLLO,1269.1,1270.6,1263.85,1268.25,3840.0
2021-05-10 10:09:00,NSE:APLAPOLLO,1267.35,1269.2,1266.6,1267.0,124.0
2021-05-10 10:12:00,NSE:APLAPOLLO,1267.0,1268.05,1267.0,1267.1,193.0
2021-05-10 10:15:00,NSE:APLAPOLLO,1267.0,1270.4,1261.6,1265.05,13513.0
2021-05-10 10:18:00,NSE:APLAPOLLO,1265.0,1268.3,1265.0,1265.05,339.0
2021-05-10 10:21:00,NSE:APLAPOLLO,1265.05,1265.4,1265.0,1265.2,2252.0
2021-05-10 10:24:00,NSE:APLAPOLLO,1265.3,1265.55,1265.0,1265.0,1018.0
2021-05-10 10:27:00,NSE:APLAPOLLO,1265.0,1266.0,1265.0,1265.0,95.0
2021-05-10 10:30:00,NSE:APLAPOLLO,1265.0,1265.1,1265.0,1265.05,2349.0
2021-05-10 10:33:00,NSE:APLAPOLLO,1265.05,1265.05,1265.0,1265.0,1277.0
2021-05-10 10:36:00,NSE:APLAPOLLO,1265.0,1265.05,1265.0,1265.0,744.0
2021-05-10 10:39:00,NSE:APLAPOLLO,1265.0,1265.05,1265.0,1265.0,831.0
2021-05-10 10:42:00,NSE:APLAPOLLO,1265.0,1265.05,1265.0,1265.0,792.0
2021-05-10 10:45:00,NSE:APLAPOLLO,1265.0,1267.0,1264.25,1265.05,2077.0
2021-05-10 10:48:00,NSE:APLAPOLLO,1265.05,1266.35,1265.0,1265.05,876.0
2021-05-10 10:51:00,NSE:APLAPOLLO,1265.5,1265.5,1265.0,1265.0,2150.0
2021-05-10 10:54:00,NSE:APLAPOLLO,1265.0,1265.6,1264.0,1265.0,4691.0
2021-05-10 10:57:00,NSE:APLAPOLLO,1265.0,1266.0,1265.0,1265.1,4152.0
2021-05-10 11:00:00,NSE:APLAPOLLO,1265.0,1265.1,1265.0,1265.0,1671.0
2021-05-10 11:03:00,NSE:APLAPOLLO,1265.0,1268.0,1264.85,1265.85,3321.0
2021-05-10 11:06:00,NSE:APLAPOLLO,1265.85,1267.95,1265.05,1265.05,344.0
2021-05-10 11:09:00,NSE:APLAPOLLO,1265.05,1267.35,1265.05,1265.1,380.0
2021-05-10 11:12:00,NSE:APLAPOLLO,1265.1,1265.75,1265.05,1265.05,366.0
2021-05-10 11:15:00,NSE:APLAPOLLO,1265.05,1265.05,1265.0,1265.0,708.0
2021-05-10 11:18:00,NSE:APLAPOLLO,1265.0,1268.25,1264.65,1268.25,7818.0
2021-05-10 11:21:00,NSE:APLAPOLLO,1267.35,1269.95,1265.0,1265.1,2654.0
2021-05-10 11:24:00,NSE:APLAPOLLO,1265.15,1268.5,1265.15,1266.7,270.0
2021-05-10 11:27:00,NSE:APLAPOLLO,1266.65,1268.8,1265.1,1265.85,993.0
2021-05-10 11:30:00,NSE:APLAPOLLO,1265.05,1285.0,1265.05,1282.0,8616.0
2021-05-10 11:33:00,NSE:APLAPOLLO,1281.95,1285.45,1273.0,1275.05,24591.0
2021-05-10 11:36:00,NSE:APLAPOLLO,1275.0,1277.0,1270.0,1273.0,11344.0
2021-05-10 11:39:00,NSE:APLAPOLLO,1275.0,1279.45,1273.0,1276.15,2168.0
2021-05-10 11:42:00,NSE:APLAPOLLO,1276.15,1279.55,1275.0,1276.55,3297.0
2021-05-10 11:45:00,NSE:APLAPOLLO,1276.55,1277.75,1276.1,1276.15,1194.0
2021-05-10 11:48:00,NSE:APLAPOLLO,1276.2,1277.4,1276.1,1276.1,2545.0
2021-05-10 11:51:00,NSE:APLAPOLLO,1276.1,1276.1,1276.0,1276.0,1402.0
2021-05-10 11:54:00,NSE:APLAPOLLO,1276.0,1276.05,1275.0,1275.0,1888.0
2021-05-10 11:57:00,NSE:APLAPOLLO,1275.0,1278.65,1275.0,1278.5,2846.0
2021-05-10 12:00:00,NSE:APLAPOLLO,1277.0,1278.4,1275.25,1278.05,1359.0
2021-05-10 12:03:00,NSE:APLAPOLLO,1276.6,1278.05,1275.25,1275.25,356.0
2021-05-10 12:06:00,NSE:APLAPOLLO,1275.25,1275.7,1275.1,1275.15,552.0
2021-05-10 12:09:00,NSE:APLAPOLLO,1275.25,1275.25,1275.15,1275.15,528.0
2021-05-10 12:12:00,NSE:APLAPOLLO,1275.15,1275.15,1275.0,1275.0,1219.0
2021-05-10 12:15:00,NSE:APLAPOLLO,1275.0,1275.05,1275.0,1275.0,512.0
2021-05-10 12:18:00,NSE:APLAPOLLO,1275.0,1275.05,1275.0,1275.0,1720.0
2021-05-10 12:21:00,NSE:APLAPOLLO,1275.0,1275.05,1275.0,1275.0,1065.0
2021-05-10 12:24:00,NSE:APLAPOLLO,1275.0,1275.05,1275.0,1275.0,1259.0
2021-05-10 12:27:00,NSE:APLAPOLLO,1275.0,1275.05,1275.0,1275.05,3162.0
2021-05-10 12:30:00,NSE:APLAPOLLO,1275.0,1275.0,1271.6,1272.6,12255.0
2021-05-10 12:33:00,NSE:APLAPOLLO,1272.6,1274.95,1272.6,1273.3,1501.0
2021-05-10 12:36:00,NSE:APLAPOLLO,1273.3,1274.95,1272.4,1272.4,238.0
2021-05-10 12:39:00,NSE:APLAPOLLO,1273.0,1274.6,1272.3,1273.05,870.0
2021-05-10 12:42:00,NSE:APLAPOLLO,1273.0,1274.3,1273.0,1273.25,243.0
2021-05-10 12:45:00,NSE:APLAPOLLO,1273.25,1275.6,1273.25,1274.9,8797.0
2021-05-10 12:48:00,NSE:APLAPOLLO,1273.4,1274.6,1273.25,1273.25,300.0
2021-05-10 12:51:00,NSE:APLAPOLLO,1273.25,1274.35,1272.75,1272.75,724.0
2021-05-10 12:54:00,NSE:APLAPOLLO,1272.75,1274.15,1272.75,1272.85,846.0
2021-05-10 12:57:00,NSE:APLAPOLLO,1272.85,1273.95,1272.85,1273.3,1108.0
2021-05-10 13:00:00,NSE:APLAPOLLO,1273.3,1273.95,1272.05,1272.15,852.0
2021-05-10 13:03:00,NSE:APLAPOLLO,1272.15,1273.95,1272.0,1273.35,1236.0
2021-05-10 13:06:00,NSE:APLAPOLLO,1273.3,1274.15,1272.15,1272.15,344.0
2021-05-10 13:09:00,NSE:APLAPOLLO,1272.15,1274.8,1272.15,1273.2,779.0
2021-05-10 13:12:00,NSE:APLAPOLLO,1274.0,1274.95,1271.5,1272.7,918.0
2021-05-10 13:15:00,NSE:APLAPOLLO,1272.7,1274.9,1271.8,1272.15,1353.0
2021-05-10 13:18:00,NSE:APLAPOLLO,1272.15,1273.8,1271.45,1272.8,691.0
2021-05-10 13:21:00,NSE:APLAPOLLO,1272.9,1272.9,1271.65,1271.65,733.0
2021-05-10 13:24:00,NSE:APLAPOLLO,1271.75,1274.0,1271.75,1272.05,387.0
2021-05-10 13:27:00,NSE:APLAPOLLO,1272.05,1272.9,1272.05,1272.05,376.0
2021-05-10 13:30:00,NSE:APLAPOLLO,1272.05,1273.85,1272.0,1273.0,939.0
2021-05-10 13:33:00,NSE:APLAPOLLO,1272.4,1273.05,1272.4,1272.4,219.0
2021-05-10 13:36:00,NSE:APLAPOLLO,1272.4,1272.7,1272.4,1272.6,500.0
2021-05-10 13:39:00,NSE:APLAPOLLO,1272.4,1272.7,1272.2,1272.35,771.0
2021-05-10 13:42:00,NSE:APLAPOLLO,1272.35,1272.8,1271.75,1271.8,898.0
2021-05-10 13:45:00,NSE:APLAPOLLO,1271.8,1272.85,1271.8,1271.8,254.0
2021-05-10 13:48:00,NSE:APLAPOLLO,1271.8,1272.0,1271.8,1271.8,277.0
2021-05-10 13:51:00,NSE:APLAPOLLO,1271.8,1273.5,1271.8,1272.6,1367.0
2021-05-10 13:54:00,NSE:APLAPOLLO,1272.5,1274.25,1271.15,1272.55,1123.0
2021-05-10 13:57:00,NSE:APLAPOLLO,1272.55,1274.45,1272.55,1273.2,212.0
2021-05-10 14:00:00,NSE:APLAPOLLO,1273.2,1276.0,1270.35,1271.6,1975.0
2021-05-10 14:03:00,NSE:APLAPOLLO,1271.6,1274.0,1271.6,1271.7,1762.0
2021-05-10 14:06:00,NSE:APLAPOLLO,1271.75,1274.0,1271.05,1274.0,1680.0
2021-05-10 14:09:00,NSE:APLAPOLLO,1273.15,1274.0,1270.9,1271.85,1358.0
2021-05-10 14:12:00,NSE:APLAPOLLO,1271.85,1273.7,1270.8,1272.15,839.0
2021-05-10 14:15:00,NSE:APLAPOLLO,1272.15,1274.0,1271.3,1272.7,1248.0
2021-05-10 14:18:00,NSE:APLAPOLLO,1271.4,1273.05,1271.1,1271.4,718.0
2021-05-10 14:21:00,NSE:APLAPOLLO,1271.4,1273.05,1271.35,1272.55,878.0
2021-05-10 14:24:00,NSE:APLAPOLLO,1272.55,1273.4,1271.65,1271.65,255.0
2021-05-10 14:27:00,NSE:APLAPOLLO,1271.6,1272.85,1270.05,1272.0,2126.0
2021-05-10 14:30:00,NSE:APLAPOLLO,1272.0,1273.9,1272.0,1272.5,284.0
2021-05-10 14:33:00,NSE:APLAPOLLO,1272.5,1272.5,1272.0,1272.0,2239.0
2021-05-10 14:36:00,NSE:APLAPOLLO,1272.0,1272.5,1272.0,1272.0,222.0
2021-05-10 14:39:00,NSE:APLAPOLLO,1272.0,1272.05,1272.0,1272.0,430.0
2021-05-10 14:42:00,NSE:APLAPOLLO,1272.05,1272.05,1272.0,1272.0,1601.0
2021-05-10 14:45:00,NSE:APLAPOLLO,1272.0,1273.85,1272.0,1272.05,842.0
2021-05-10 14:48:00,NSE:APLAPOLLO,1273.5,1273.5,1272.0,1272.0,442.0
2021-05-10 14:51:00,NSE:APLAPOLLO,1271.95,1271.95,1265.3,1265.55,3046.0
2021-05-10 14:54:00,NSE:APLAPOLLO,1266.95,1266.95,1265.5,1265.5,660.0
2021-05-10 14:57:00,NSE:APLAPOLLO,1266.65,1266.65,1265.5,1265.75,689.0
2021-05-10 15:00:00,NSE:APLAPOLLO,1265.5,1265.7,1255.0,1255.1,6315.0
2021-05-10 15:03:00,NSE:APLAPOLLO,1255.4,1262.8,1251.0,1261.35,6716.0
2021-05-10 15:06:00,NSE:APLAPOLLO,1261.35,1264.9,1256.4,1257.15,2295.0
2021-05-10 15:09:00,NSE:APLAPOLLO,1259.25,1263.9,1256.6,1263.85,2141.0
2021-05-10 15:12:00,NSE:APLAPOLLO,1262.55,1263.75,1259.05,1260.0,1891.0
2021-05-10 15:15:00,NSE:APLAPOLLO,1260.0,1263.6,1259.2,1262.4,2440.0
2021-05-10 15:18:00,NSE:APLAPOLLO,1262.95,1262.95,1259.35,1262.3,2035.0
2021-05-10 15:21:00,NSE:APLAPOLLO,1262.35,1262.35,1261.1,1261.7,2319.0
2021-05-10 15:24:00,NSE:APLAPOLLO,1261.7,1261.7,1258.2,1258.2,2117.0
2021-05-10 15:27:00,NSE:APLAPOLLO,1258.25,1258.95,1252.0,1254.8,2296.0
2021-05-10 15:51:00,NSE:APLAPOLLO,1258.7,1258.7,1254.8,1258.7,165.0
2021-05-10 15:54:00,NSE:APLAPOLLO,1258.7,1258.7,1254.8,1254.8,50.0
2021-05-10 15:57:00,NSE:APLAPOLLO,1258.7,1258.7,1258.7,1258.7,1.0
2021-05-11 09:06:00,NSE:APLAPOLLO,1249.9,1249.9,1249.9,1249.9,243.0
2021-05-11 09:15:00,NSE:APLAPOLLO,1249.7,1249.7,1240.05,1249.0,1684.0
2021-05-11 09:18:00,NSE:APLAPOLLO,1248.2,1248.85,1240.0,1241.6,2590.0
2021-05-11 09:21:00,NSE:APLAPOLLO,1244.05,1244.05,1235.6,1236.4,1888.0
2021-05-11 09:24:00,NSE:APLAPOLLO,1236.05,1248.0,1235.0,1243.0,3400.0
2021-05-11 09:27:00,NSE:APLAPOLLO,1243.75,1245.95,1243.0,1245.2,906.0
2021-05-11 09:30:00,NSE:APLAPOLLO,1246.0,1246.0,1242.15,1243.25,1097.0
2021-05-11 09:33:00,NSE:APLAPOLLO,1243.1,1243.25,1236.0,1237.0,1568.0
2021-05-11 09:36:00,NSE:APLAPOLLO,1237.0,1239.25,1237.0,1237.95,1581.0
2021-05-11 09:39:00,NSE:APLAPOLLO,1238.0,1240.0,1238.0,1239.0,846.0
2021-05-11 09:42:00,NSE:APLAPOLLO,1239.0,1241.85,1237.05,1237.05,2535.0
2021-05-11 09:45:00,NSE:APLAPOLLO,1237.05,1241.35,1237.05,1240.95,1528.0
2021-05-11 09:48:00,NSE:APLAPOLLO,1241.1,1243.15,1238.55,1239.0,1442.0
2021-05-11 09:51:00,NSE:APLAPOLLO,1238.55,1239.0,1237.65,1238.5,722.0
2021-05-11 09:54:00,NSE:APLAPOLLO,1237.9,1241.9,1234.75,1237.95,2496.0
2021-05-11 09:57:00,NSE:APLAPOLLO,1237.0,1237.8,1234.8,1235.05,1120.0
2021-05-11 10:00:00,NSE:APLAPOLLO,1236.1,1239.2,1235.05,1236.35,1784.0
2021-05-11 10:03:00,NSE:APLAPOLLO,1236.2,1239.0,1235.75,1239.0,1098.0
2021-05-11 10:06:00,NSE:APLAPOLLO,1239.0,1245.0,1239.0,1245.0,1706.0
2021-05-11 10:09:00,NSE:APLAPOLLO,1245.25,1246.85,1245.0,1245.0,952.0
2021-05-11 10:12:00,NSE:APLAPOLLO,1245.1,1245.15,1241.0,1241.45,4576.0
2021-05-11 10:15:00,NSE:APLAPOLLO,1241.45,1241.95,1239.95,1241.15,936.0
2021-05-11 10:18:00,NSE:APLAPOLLO,1241.0,1246.0,1241.0,1243.1,1960.0
2021-05-11 10:21:00,NSE:APLAPOLLO,1243.55,1246.9,1243.55,1246.05,1127.0
2021-05-11 10:24:00,NSE:APLAPOLLO,1246.05,1246.85,1245.0,1245.05,929.0
2021-05-11 10:27:00,NSE:APLAPOLLO,1245.15,1253.0,1245.05,1250.8,2211.0
2021-05-11 10:30:00,NSE:APLAPOLLO,1250.35,1255.4,1250.25,1252.0,2209.0
2021-05-11 10:33:00,NSE:APLAPOLLO,1252.85,1255.1,1250.8,1252.0,1288.0
2021-05-11 10:36:00,NSE:APLAPOLLO,1251.1,1253.1,1251.0,1251.0,754.0
2021-05-11 10:39:00,NSE:APLAPOLLO,1251.0,1252.6,1250.2,1252.35,976.0
2021-05-11 10:42:00,NSE:APLAPOLLO,1251.0,1252.9,1250.0,1251.3,1744.0
2021-05-11 10:45:00,NSE:APLAPOLLO,1251.25,1253.05,1251.25,1251.3,509.0
2021-05-11 10:48:00,NSE:APLAPOLLO,1251.3,1251.3,1251.25,1251.25,745.0
2021-05-11 10:51:00,NSE:APLAPOLLO,1251.25,1254.1,1251.25,1254.1,1502.0
2021-05-11 10:54:00,NSE:APLAPOLLO,1254.1,1257.85,1253.3,1253.6,1740.0
2021-05-11 10:57:00,NSE:APLAPOLLO,1252.55,1255.75,1252.45,1254.0,986.0
2021-05-11 11:00:00,NSE:APLAPOLLO,1252.85,1255.05,1252.85,1253.75,877.0
2021-05-11 11:03:00,NSE:APLAPOLLO,1253.75,1256.0,1252.1,1252.25,1078.0
2021-05-11 11:06:00,NSE:APLAPOLLO,1252.1,1252.25,1251.25,1251.35,1132.0
2021-05-11 11:09:00,NSE:APLAPOLLO,1251.35,1252.25,1251.35,1252.15,919.0
2021-05-11 11:12:00,NSE:APLAPOLLO,1252.15,1252.15,1251.25,1251.25,748.0
2021-05-11 11:15:00,NSE:APLAPOLLO,1251.25,1251.25,1250.0,1250.0,2015.0
2021-05-11 11:18:00,NSE:APLAPOLLO,1250.0,1250.95,1250.0,1250.0,1120.0
2021-05-11 11:21:00,NSE:APLAPOLLO,1250.0,1251.8,1250.0,1250.6,1786.0
2021-05-11 11:24:00,NSE:APLAPOLLO,1250.0,1250.6,1250.0,1250.25,825.0
2021-05-11 11:27:00,NSE:APLAPOLLO,1250.25,1250.6,1250.25,1250.25,671.0
2021-05-11 11:30:00,NSE:APLAPOLLO,1250.25,1250.6,1250.25,1250.25,628.0
2021-05-11 11:33:00,NSE:APLAPOLLO,1250.25,1251.15,1250.25,1250.25,1800.0
2021-05-11 11:36:00,NSE:APLAPOLLO,1250.25,1251.55,1250.0,1250.0,446.0
2021-05-11 11:39:00,NSE:APLAPOLLO,1250.0,1251.0,1250.0,1250.05,757.0
2021-05-11 11:42:00,NSE:APLAPOLLO,1250.0,1250.9,1250.0,1250.1,750.0
2021-05-11 11:45:00,NSE:APLAPOLLO,1250.15,1251.95,1250.0,1250.55,538.0
2021-05-11 11:48:00,NSE:APLAPOLLO,1251.15,1251.15,1250.55,1250.55,846.0
2021-05-11 11:51:00,NSE:APLAPOLLO,1250.6,1251.9,1250.55,1251.85,783.0
2021-05-11 11:54:00,NSE:APLAPOLLO,1250.65,1253.15,1250.35,1251.2,4482.0
2021-05-11 11:57:00,NSE:APLAPOLLO,1250.35,1251.95,1245.9,1245.95,6415.0
2021-05-11 12:00:00,NSE:APLAPOLLO,1245.95,1245.95,1245.2,1245.4,993.0
2021-05-11 12:03:00,NSE:APLAPOLLO,1245.4,1246.25,1245.4,1245.6,569.0
2021-05-11 12:06:00,NSE:APLAPOLLO,1245.6,1246.4,1245.2,1245.55,823.0
2021-05-11 12:09:00,NSE:APLAPOLLO,1245.2,1245.55,1244.2,1244.5,917.0
2021-05-11 12:12:00,NSE:APLAPOLLO,1244.5,1244.9,1243.6,1243.6,2007.0
2021-05-11 12:15:00,NSE:APLAPOLLO,1243.65,1246.6,1243.65,1244.4,1395.0
2021-05-11 12:18:00,NSE:APLAPOLLO,1244.4,1249.6,1243.8,1244.9,1331.0
2021-05-11 12:21:00,NSE:APLAPOLLO,1244.9,1253.65,1243.6,1250.0,4122.0
2021-05-11 12:24:00,NSE:APLAPOLLO,1250.0,1251.75,1245.35,1246.25,5394.0
2021-05-11 12:27:00,NSE:APLAPOLLO,1246.25,1246.25,1243.1,1245.5,679.0
2021-05-11 12:30:00,NSE:APLAPOLLO,1245.0,1245.3,1243.0,1243.5,968.0
2021-05-11 12:33:00,NSE:APLAPOLLO,1243.5,1244.05,1242.6,1243.85,710.0
2021-05-11 12:36:00,NSE:APLAPOLLO,1243.1,1245.95,1243.05,1245.0,867.0
2021-05-11 12:39:00,NSE:APLAPOLLO,1245.0,1245.0,1242.2,1242.2,1938.0
2021-05-11 12:42:00,NSE:APLAPOLLO,1242.2,1243.05,1240.4,1242.8,7271.0
2021-05-11 12:45:00,NSE:APLAPOLLO,1241.9,1243.0,1240.1,1242.05,933.0
2021-05-11 12:48:00,NSE:APLAPOLLO,1242.05,1244.9,1241.05,1244.65,1288.0
2021-05-11 12:51:00,NSE:APLAPOLLO,1244.55,1245.0,1242.4,1244.0,1050.0
2021-05-11 12:54:00,NSE:APLAPOLLO,1243.05,1247.25,1242.95,1247.25,1904.0
2021-05-11 12:57:00,NSE:APLAPOLLO,1247.25,1247.45,1244.4,1247.1,997.0
2021-05-11 13:00:00,NSE:APLAPOLLO,1245.4,1247.3,1244.95,1247.25,633.0
2021-05-11 13:03:00,NSE:APLAPOLLO,1247.25,1247.9,1245.3,1247.85,923.0
2021-05-11 13:06:00,NSE:APLAPOLLO,1247.25,1247.25,1243.4,1245.0,932.0
2021-05-11 13:09:00,NSE:APLAPOLLO,1245.0,1245.5,1244.0,1244.0,1078.0
2021-05-11 13:12:00,NSE:APLAPOLLO,1244.0,1251.0,1244.0,1250.0,4384.0
2021-05-11 13:15:00,NSE:APLAPOLLO,1250.0,1250.8,1250.0,1250.5,5579.0
2021-05-11 13:18:00,NSE:APLAPOLLO,1250.5,1251.0,1250.5,1251.0,1633.0
2021-05-11 13:21:00,NSE:APLAPOLLO,1250.5,1251.0,1250.5,1250.5,2029.0
2021-05-11 13:24:00,NSE:APLAPOLLO,1250.5,1255.0,1248.0,1251.35,3816.0
2021-05-11 13:27:00,NSE:APLAPOLLO,1251.35,1255.0,1250.05,1254.0,1918.0
2021-05-11 13:30:00,NSE:APLAPOLLO,1253.35,1254.85,1253.15,1253.15,1279.0
2021-05-11 13:33:00,NSE:APLAPOLLO,1253.15,1254.0,1253.15,1253.2,1317.0
2021-05-11 13:36:00,NSE:APLAPOLLO,1253.2,1253.25,1253.2,1253.2,1108.0
2021-05-11 13:39:00,NSE:APLAPOLLO,1253.2,1253.3,1253.2,1253.3,642.0
2021-05-11 13:42:00,NSE:APLAPOLLO,1253.3,1253.55,1253.2,1253.2,1007.0
2021-05-11 13:45:00,NSE:APLAPOLLO,1253.2,1253.25,1252.7,1252.7,967.0
2021-05-11 13:48:00,NSE:APLAPOLLO,1252.7,1255.95,1250.0,1250.0,4543.0
2021-05-11 13:51:00,NSE:APLAPOLLO,1250.05,1251.6,1250.0,1250.35,1144.0
2021-05-11 13:54:00,NSE:APLAPOLLO,1250.0,1250.35,1250.0,1250.35,3545.0
2021-05-11 13:57:00,NSE:APLAPOLLO,1250.0,1252.55,1250.0,1250.05,711.0
2021-05-11 14:00:00,NSE:APLAPOLLO,1250.2,1252.3,1250.2,1251.15,745.0
2021-05-11 14:03:00,NSE:APLAPOLLO,1251.15,1255.0,1250.0,1251.35,2608.0
2021-05-11 14:06:00,NSE:APLAPOLLO,1251.05,1254.95,1251.05,1252.6,701.0
2021-05-11 14:09:00,NSE:APLAPOLLO,1252.7,1253.6,1252.5,1252.55,958.0
2021-05-11 14:12:00,NSE:APLAPOLLO,1252.55,1254.0,1252.55,1252.65,950.0
2021-05-11 14:15:00,NSE:APLAPOLLO,1252.65,1254.4,1251.5,1251.55,771.0
2021-05-11 14:18:00,NSE:APLAPOLLO,1251.55,1252.7,1251.55,1251.6,792.0
2021-05-11 14:21:00,NSE:APLAPOLLO,1252.75,1253.25,1251.6,1251.65,981.0
2021-05-11 14:24:00,NSE:APLAPOLLO,1251.65,1252.0,1251.4,1251.6,758.0
2021-05-11 14:27:00,NSE:APLAPOLLO,1251.6,1251.7,1251.1,1251.1,979.0
2021-05-11 14:30:00,NSE:APLAPOLLO,1251.1,1251.7,1250.6,1250.6,1090.0
2021-05-11 14:33:00,NSE:APLAPOLLO,1250.1,1251.3,1250.1,1250.35,543.0
2021-05-11 14:36:00,NSE:APLAPOLLO,1250.35,1251.2,1250.35,1250.4,785.0
2021-05-11 14:39:00,NSE:APLAPOLLO,1250.4,1256.0,1250.4,1255.05,6353.0
2021-05-11 14:42:00,NSE:APLAPOLLO,1255.05,1255.6,1251.45,1251.55,6545.0
2021-05-11 14:45:00,NSE:APLAPOLLO,1252.1,1252.75,1250.7,1250.7,746.0
2021-05-11 14:48:00,NSE:APLAPOLLO,1250.85,1254.1,1250.7,1252.15,956.0
2021-05-11 14:51:00,NSE:APLAPOLLO,1252.15,1252.65,1251.05,1251.15,779.0
2021-05-11 14:54:00,NSE:APLAPOLLO,1251.15,1251.15,1250.1,1250.1,1072.0
2021-05-11 14:57:00,NSE:APLAPOLLO,1250.1,1250.1,1245.0,1246.2,2755.0
2021-05-11 15:00:00,NSE:APLAPOLLO,1246.2,1248.0,1246.0,1248.0,1161.0
2021-05-11 15:03:00,NSE:APLAPOLLO,1248.0,1250.95,1245.5,1250.0,1230.0
2021-05-11 15:06:00,NSE:APLAPOLLO,1250.0,1250.7,1250.0,1250.0,773.0
2021-05-11 15:09:00,NSE:APLAPOLLO,1250.0,1250.75,1250.0,1250.0,974.0
2021-05-11 15:12:00,NSE:APLAPOLLO,1250.0,1250.15,1250.0,1250.0,912.0
2021-05-11 15:15:00,NSE:APLAPOLLO,1250.0,1253.5,1250.0,1250.3,1492.0
2021-05-11 15:18:00,NSE:APLAPOLLO,1250.0,1255.0,1245.0,1253.15,3553.0
2021-05-11 15:21:00,NSE:APLAPOLLO,1253.15,1254.0,1250.25,1252.4,1400.0
2021-05-11 15:24:00,NSE:APLAPOLLO,1252.35,1252.35,1246.1,1246.1,3122.0
2021-05-11 15:27:00,NSE:APLAPOLLO,1246.05,1247.95,1245.15,1247.95,1017.0
2021-05-11 15:39:00,NSE:APLAPOLLO,1249.4,1249.4,1249.4,1249.4,441.0
2021-05-11 15:48:00,NSE:APLAPOLLO,1249.4,1249.4,1249.4,1249.4,40.0
2021-05-11 15:51:00,NSE:APLAPOLLO,1249.4,1249.4,1249.4,1249.4,25.0
2021-05-12 09:06:00,NSE:APLAPOLLO,1250.0,1250.0,1250.0,1250.0,68.0
2021-05-12 09:15:00,NSE:APLAPOLLO,1249.95,1280.15,1248.1,1273.45,2636.0
2021-05-12 09:18:00,NSE:APLAPOLLO,1273.7,1273.7,1260.65,1262.55,1890.0
2021-05-12 09:21:00,NSE:APLAPOLLO,1262.6,1262.6,1253.6,1261.2,1103.0
2021-05-12 09:24:00,NSE:APLAPOLLO,1261.2,1261.25,1255.5,1255.8,876.0
2021-05-12 09:27:00,NSE:APLAPOLLO,1255.05,1258.15,1254.05,1257.4,1145.0
2021-05-12 09:30:00,NSE:APLAPOLLO,1257.65,1257.65,1250.1,1251.0,1494.0
2021-05-12 09:33:00,NSE:APLAPOLLO,1251.0,1251.25,1250.1,1250.1,1277.0
2021-05-12 09:36:00,NSE:APLAPOLLO,1250.1,1251.05,1250.1,1250.2,750.0
2021-05-12 09:39:00,NSE:APLAPOLLO,1250.2,1251.8,1250.1,1250.15,871.0
2021-05-12 09:42:00,NSE:APLAPOLLO,1250.15,1253.65,1250.15,1251.3,897.0
2021-05-12 09:45:00,NSE:APLAPOLLO,1251.25,1251.65,1250.1,1250.1,657.0
2021-05-12 09:48:00,NSE:APLAPOLLO,1250.1,1250.25,1250.0,1250.05,1459.0
2021-05-12 09:51:00,NSE:APLAPOLLO,1250.1,1251.25,1249.0,1250.0,761.0
2021-05-12 09:54:00,NSE:APLAPOLLO,1250.0,1252.95,1250.0,1251.0,1354.0
2021-05-12 09:57:00,NSE:APLAPOLLO,1250.15,1251.8,1249.0,1249.4,773.0
2021-05-12 10:00:00,NSE:APLAPOLLO,1249.4,1250.35,1249.4,1250.3,272.0
2021-05-12 10:03:00,NSE:APLAPOLLO,1250.3,1250.3,1249.5,1249.5,933.0
2021-05-12 10:06:00,NSE:APLAPOLLO,1249.5,1250.9,1249.0,1249.45,881.0
2021-05-12 10:09:00,NSE:APLAPOLLO,1249.0,1250.0,1248.8,1249.0,1976.0
2021-05-12 10:12:00,NSE:APLAPOLLO,1249.0,1250.25,1249.0,1250.0,690.0
2021-05-12 10:15:00,NSE:APLAPOLLO,1250.0,1250.95,1249.4,1250.0,1275.0
2021-05-12 10:18:00,NSE:APLAPOLLO,1250.2,1250.2,1249.4,1249.5,1006.0
2021-05-12 10:21:00,NSE:APLAPOLLO,1250.0,1250.0,1245.65,1247.1,1174.0
2021-05-12 10:24:00,NSE:APLAPOLLO,1247.1,1248.5,1247.1,1247.45,372.0
2021-05-12 10:27:00,NSE:APLAPOLLO,1247.45,1248.15,1247.45,1247.5,352.0
2021-05-12 10:30:00,NSE:APLAPOLLO,1247.5,1248.0,1247.5,1247.6,337.0
2021-05-12 10:33:00,NSE:APLAPOLLO,1247.6,1248.75,1247.5,1247.6,514.0
2021-05-12 10:36:00,NSE:APLAPOLLO,1247.6,1248.0,1247.6,1247.6,495.0
2021-05-12 10:39:00,NSE:APLAPOLLO,1247.6,1248.0,1244.0,1244.1,3683.0
2021-05-12 10:42:00,NSE:APLAPOLLO,1244.1,1249.0,1244.0,1245.8,758.0
2021-05-12 10:45:00,NSE:APLAPOLLO,1245.8,1248.2,1244.2,1244.2,597.0
2021-05-12 10:48:00,NSE:APLAPOLLO,1244.3,1248.0,1244.05,1246.85,472.0
2021-05-12 10:51:00,NSE:APLAPOLLO,1245.05,1246.8,1244.25,1245.55,328.0
2021-05-12 10:54:00,NSE:APLAPOLLO,1245.55,1246.95,1244.0,1245.4,341.0
2021-05-12 10:57:00,NSE:APLAPOLLO,1245.4,1246.9,1238.75,1238.8,1818.0
2021-05-12 11:00:00,NSE:APLAPOLLO,1240.0,1247.0,1240.0,1246.35,512.0
2021-05-12 11:03:00,NSE:APLAPOLLO,1246.35,1247.0,1244.85,1245.0,310.0
2021-05-12 11:06:00,NSE:APLAPOLLO,1245.0,1246.05,1244.0,1244.0,145.0
2021-05-12 11:09:00,NSE:APLAPOLLO,1244.0,1244.85,1244.0,1244.05,89.0
2021-05-12 11:12:00,NSE:APLAPOLLO,1244.05,1246.3,1244.0,1245.3,151.0
2021-05-12 11:15:00,NSE:APLAPOLLO,1245.3,1246.95,1245.05,1245.05,90.0
2021-05-12 11:18:00,NSE:APLAPOLLO,1245.0,1250.15,1245.0,1250.0,17970.0
2021-05-12 11:21:00,NSE:APLAPOLLO,1250.0,1250.15,1250.0,1250.0,2161.0
2021-05-12 11:24:00,NSE:APLAPOLLO,1250.0,1250.2,1250.0,1250.0,1571.0
2021-05-12 11:27:00,NSE:APLAPOLLO,1250.0,1250.2,1250.0,1250.0,727.0
2021-05-12 11:30:00,NSE:APLAPOLLO,1250.0,1250.05,1250.0,1250.0,948.0
2021-05-12 11:33:00,NSE:APLAPOLLO,1250.0,1250.05,1250.0,1250.0,914.0
2021-05-12 11:36:00,NSE:APLAPOLLO,1250.0,1250.0,1249.0,1249.0,231.0
2021-05-12 11:39:00,NSE:APLAPOLLO,1249.55,1250.0,1247.7,1248.0,457.0
2021-05-12 11:42:00,NSE:APLAPOLLO,1248.0,1248.25,1246.55,1246.6,1044.0
2021-05-12 11:45:00,NSE:APLAPOLLO,1246.65,1248.25,1246.55,1247.05,377.0
2021-05-12 11:48:00,NSE:APLAPOLLO,1247.05,1249.15,1247.05,1247.6,87.0
2021-05-12 11:51:00,NSE:APLAPOLLO,1247.6,1251.35,1247.0,1248.5,11665.0
2021-05-12 11:54:00,NSE:APLAPOLLO,1248.5,1250.05,1248.5,1249.45,514.0
2021-05-12 11:57:00,NSE:APLAPOLLO,1249.45,1250.6,1249.4,1250.05,1028.0
2021-05-12 12:00:00,NSE:APLAPOLLO,1250.35,1253.95,1249.35,1249.35,808.0
2021-05-12 12:03:00,NSE:APLAPOLLO,1250.0,1251.25,1249.05,1249.15,735.0
2021-05-12 12:06:00,NSE:APLAPOLLO,1250.05,1252.75,1246.8,1246.95,626.0
2021-05-12 12:09:00,NSE:APLAPOLLO,1246.95,1251.95,1246.95,1250.2,662.0
2021-05-12 12:12:00,NSE:APLAPOLLO,1250.2,1251.95,1246.55,1250.0,1566.0
2021-05-12 12:15:00,NSE:APLAPOLLO,1251.7,1251.7,1247.0,1248.65,6894.0
2021-05-12 12:18:00,NSE:APLAPOLLO,1248.65,1250.15,1248.65,1249.2,983.0
2021-05-12 12:21:00,NSE:APLAPOLLO,1249.2,1250.0,1249.2,1249.2,216.0
2021-05-12 12:24:00,NSE:APLAPOLLO,1249.2,1249.2,1249.2,1249.2,228.0
2021-05-12 12:27:00,NSE:APLAPOLLO,1250.0,1250.0,1249.2,1249.2,179.0
2021-05-12 12:30:00,NSE:APLAPOLLO,1249.2,1250.05,1249.2,1249.3,686.0
2021-05-12 12:33:00,NSE:APLAPOLLO,1249.3,1250.0,1249.0,1249.35,747.0
2021-05-12 12:36:00,NSE:APLAPOLLO,1249.35,1250.0,1249.35,1249.5,111.0
2021-05-12 12:39:00,NSE:APLAPOLLO,1249.5,1250.0,1249.5,1249.5,320.0
2021-05-12 12:42:00,NSE:APLAPOLLO,1249.5,1250.0,1249.5,1249.5,108.0
2021-05-12 12:45:00,NSE:APLAPOLLO,1250.0,1250.0,1249.5,1249.5,136.0
2021-05-12 12:48:00,NSE:APLAPOLLO,1249.5,1250.0,1249.5,1249.5,235.0
2021-05-12 12:51:00,NSE:APLAPOLLO,1249.5,1250.0,1249.5,1249.5,176.0
2021-05-12 12:54:00,NSE:APLAPOLLO,1249.5,1250.0,1249.5,1249.95,513.0
2021-05-12 12:57:00,NSE:APLAPOLLO,1249.95,1250.0,1248.05,1248.65,472.0
2021-05-12 13:00:00,NSE:APLAPOLLO,1248.1,1249.75,1248.1,1249.75,255.0
2021-05-12 13:03:00,NSE:APLAPOLLO,1250.0,1252.7,1248.25,1251.0,16388.0
2021-05-12 13:06:00,NSE:APLAPOLLO,1251.35,1252.0,1248.25,1249.45,2728.0
2021-05-12 13:09:00,NSE:APLAPOLLO,1250.0,1250.0,1249.4,1249.4,268.0
2021-05-12 13:12:00,NSE:APLAPOLLO,1250.0,1250.75,1249.4,1249.6,959.0
2021-05-12 13:15:00,NSE:APLAPOLLO,1250.0,1252.0,1249.6,1250.0,1586.0
2021-05-12 13:18:00,NSE:APLAPOLLO,1250.0,1252.0,1250.0,1250.15,2274.0
2021-05-12 13:21:00,NSE:APLAPOLLO,1250.0,1250.15,1250.0,1250.0,1783.0
2021-05-12 13:24:00,NSE:APLAPOLLO,1250.15,1250.15,1250.0,1250.0,1009.0
2021-05-12 13:27:00,NSE:APLAPOLLO,1250.0,1250.15,1250.0,1250.0,1188.0
2021-05-12 13:30:00,NSE:APLAPOLLO,1250.0,1250.15,1250.0,1250.0,1190.0
2021-05-12 13:33:00,NSE:APLAPOLLO,1250.0,1250.15,1250.0,1250.0,1189.0
2021-05-12 13:36:00,NSE:APLAPOLLO,1250.0,1250.95,1250.0,1250.1,1722.0
2021-05-12 13:39:00,NSE:APLAPOLLO,1250.1,1250.5,1250.1,1250.1,1173.0
2021-05-12 13:42:00,NSE:APLAPOLLO,1250.1,1251.0,1250.0,1250.0,823.0
2021-05-12 13:45:00,NSE:APLAPOLLO,1250.0,1250.2,1250.0,1250.05,962.0
2021-05-12 13:48:00,NSE:APLAPOLLO,1250.05,1250.2,1250.0,1250.0,1021.0
2021-05-12 13:51:00,NSE:APLAPOLLO,1250.0,1250.2,1250.0,1250.0,1640.0
2021-05-12 13:54:00,NSE:APLAPOLLO,1250.0,1250.0,1250.0,1250.0,797.0
2021-05-12 13:57:00,NSE:APLAPOLLO,1250.0,1250.15,1250.0,1250.0,2412.0
2021-05-12 14:00:00,NSE:APLAPOLLO,1250.0,1250.15,1250.0,1250.0,982.0
2021-05-12 14:03:00,NSE:APLAPOLLO,1250.0,1251.95,1250.0,1250.15,1455.0
2021-05-12 14:06:00,NSE:APLAPOLLO,1250.15,1250.55,1250.15,1250.15,785.0
2021-05-12 14:09:00,NSE:APLAPOLLO,1250.15,1250.55,1250.15,1250.15,1188.0
2021-05-12 14:12:00,NSE:APLAPOLLO,1250.15,1250.55,1250.0,1250.55,2614.0
2021-05-12 14:15:00,NSE:APLAPOLLO,1250.15,1250.95,1250.0,1250.05,9299.0
2021-05-12 14:18:00,NSE:APLAPOLLO,1250.05,1250.7,1250.05,1250.05,750.0
2021-05-12 14:21:00,NSE:APLAPOLLO,1250.05,1250.05,1247.45,1248.0,911.0
2021-05-12 14:24:00,NSE:APLAPOLLO,1248.0,1249.35,1248.0,1248.1,348.0
2021-05-12 14:27:00,NSE:APLAPOLLO,1248.1,1248.2,1248.1,1248.2,249.0
2021-05-12 14:30:00,NSE:APLAPOLLO,1248.2,1249.95,1247.8,1247.95,652.0
2021-05-12 14:33:00,NSE:APLAPOLLO,1248.05,1250.0,1247.95,1249.25,457.0
2021-05-12 14:36:00,NSE:APLAPOLLO,1249.25,1249.85,1247.95,1248.35,527.0
2021-05-12 14:39:00,NSE:APLAPOLLO,1249.45,1249.95,1246.8,1247.1,489.0
2021-05-12 14:42:00,NSE:APLAPOLLO,1247.1,1250.6,1247.1,1250.0,4961.0
2021-05-12 14:45:00,NSE:APLAPOLLO,1248.65,1250.0,1248.65,1250.0,279.0
2021-05-12 14:48:00,NSE:APLAPOLLO,1248.9,1250.55,1248.9,1249.1,407.0
2021-05-12 14:51:00,NSE:APLAPOLLO,1249.1,1250.0,1245.7,1246.2,1197.0
2021-05-12 14:54:00,NSE:APLAPOLLO,1246.2,1250.6,1244.05,1250.6,6120.0
2021-05-12 14:57:00,NSE:APLAPOLLO,1250.0,1252.0,1250.0,1250.0,883.0
2021-05-12 15:00:00,NSE:APLAPOLLO,1250.0,1251.95,1250.0,1251.0,3967.0
2021-05-12 15:03:00,NSE:APLAPOLLO,1251.0,1257.1,1251.0,1257.1,4952.0
2021-05-12 15:06:00,NSE:APLAPOLLO,1256.4,1259.0,1250.15,1251.1,1515.0
2021-05-12 15:09:00,NSE:APLAPOLLO,1251.1,1254.4,1250.0,1250.8,2543.0
2021-05-12 15:12:00,NSE:APLAPOLLO,1250.2,1251.25,1250.2,1250.45,580.0
2021-05-12 15:15:00,NSE:APLAPOLLO,1250.45,1250.85,1237.1,1248.4,5457.0
2021-05-12 15:18:00,NSE:APLAPOLLO,1248.4,1249.95,1248.4,1249.85,774.0
2021-05-12 15:21:00,NSE:APLAPOLLO,1249.75,1250.95,1248.2,1250.9,1527.0
2021-05-12 15:24:00,NSE:APLAPOLLO,1249.15,1250.95,1248.2,1249.05,2177.0
2021-05-12 15:27:00,NSE:APLAPOLLO,1250.9,1251.05,1249.05,1250.5,1446.0
2021-05-12 15:42:00,NSE:APLAPOLLO,1249.2,1249.2,1249.2,1249.2,26.0
2021-05-12 15:45:00,NSE:APLAPOLLO,1249.2,1249.2,1249.2,1249.2,24.0
2021-05-12 15:51:00,NSE:APLAPOLLO,1249.2,1249.2,1249.2,1249.2,10.0
2021-05-14 09:06:00,NSE:APLAPOLLO,1249.4,1249.4,1249.4,1249.4,158.0
2021-05-14 09:15:00,NSE:APLAPOLLO,1255.0,1276.75,1255.0,1275.0,345119.0
2021-05-14 09:18:00,NSE:APLAPOLLO,1277.65,1277.85,1267.9,1270.0,3055.0
2021-05-14 09:21:00,NSE:APLAPOLLO,1270.0,1270.0,1262.0,1262.0,1230.0
2021-05-14 09:24:00,NSE:APLAPOLLO,1260.0,1261.3,1245.0,1248.65,2303.0
2021-05-14 09:27:00,NSE:APLAPOLLO,1248.35,1248.35,1240.05,1240.05,865.0
2021-05-14 09:30:00,NSE:APLAPOLLO,1237.55,1245.95,1235.0,1245.95,2814.0
2021-05-14 09:33:00,NSE:APLAPOLLO,1244.35,1247.25,1244.35,1247.25,2886.0
2021-05-14 09:36:00,NSE:APLAPOLLO,1247.25,1248.65,1246.1,1248.65,1595.0
2021-05-14 09:39:00,NSE:APLAPOLLO,1248.65,1249.4,1246.55,1249.4,489.0
2021-05-14 09:42:00,NSE:APLAPOLLO,1249.4,1249.4,1246.1,1247.0,610.0
2021-05-14 09:45:00,NSE:APLAPOLLO,1246.1,1247.95,1246.1,1247.9,494.0
2021-05-14 09:48:00,NSE:APLAPOLLO,1247.9,1247.9,1246.0,1246.0,1197.0
2021-05-14 09:51:00,NSE:APLAPOLLO,1246.0,1254.7,1246.0,1253.35,13838.0
2021-05-14 09:54:00,NSE:APLAPOLLO,1254.6,1258.25,1252.95,1255.7,1082.0
2021-05-14 09:57:00,NSE:APLAPOLLO,1255.7,1255.7,1249.6,1249.9,7313.0
2021-05-14 10:00:00,NSE:APLAPOLLO,1249.8,1250.4,1246.0,1246.1,2404.0
2021-05-14 10:03:00,NSE:APLAPOLLO,1246.1,1247.75,1246.1,1246.5,526.0
2021-05-14 10:06:00,NSE:APLAPOLLO,1246.5,1246.5,1242.3,1242.3,1109.0
2021-05-14 10:09:00,NSE:APLAPOLLO,1243.45,1250.0,1243.45,1246.0,1184.0
2021-05-14 10:12:00,NSE:APLAPOLLO,1244.5,1246.15,1240.05,1243.2,590.0
2021-05-14 10:15:00,NSE:APLAPOLLO,1243.2,1247.9,1242.0,1245.9,1483.0
2021-05-14 10:18:00,NSE:APLAPOLLO,1245.6,1247.95,1245.2,1247.9,678.0
2021-05-14 10:21:00,NSE:APLAPOLLO,1247.05,1249.45,1243.0,1249.45,1072.0
2021-05-14 10:24:00,NSE:APLAPOLLO,1250.0,1250.0,1244.0,1244.0,670.0
2021-05-14 10:27:00,NSE:APLAPOLLO,1244.0,1246.2,1244.0,1245.05,3690.0
2021-05-14 10:30:00,NSE:APLAPOLLO,1245.25,1247.1,1245.25,1245.35,812.0
2021-05-14 10:33:00,NSE:APLAPOLLO,1245.25,1245.3,1245.0,1245.0,481.0
2021-05-14 10:36:00,NSE:APLAPOLLO,1245.0,1245.1,1245.0,1245.0,477.0
2021-05-14 10:39:00,NSE:APLAPOLLO,1245.1,1245.2,1245.0,1245.2,2999.0
2021-05-14 10:42:00,NSE:APLAPOLLO,1245.25,1247.55,1245.1,1246.0,429.0
2021-05-14 10:45:00,NSE:APLAPOLLO,1246.0,1246.15,1245.15,1245.15,665.0
2021-05-14 10:48:00,NSE:APLAPOLLO,1245.0,1245.15,1245.0,1245.15,444.0
2021-05-14 10:51:00,NSE:APLAPOLLO,1245.0,1245.15,1245.0,1245.0,622.0
2021-05-14 10:54:00,NSE:APLAPOLLO,1245.15,1245.15,1245.0,1245.15,429.0
2021-05-14 10:57:00,NSE:APLAPOLLO,1245.0,1245.15,1245.0,1245.15,480.0
2021-05-14 11:00:00,NSE:APLAPOLLO,1245.0,1248.0,1245.0,1247.25,537.0
2021-05-14 11:03:00,NSE:APLAPOLLO,1247.25,1249.8,1245.35,1247.1,901.0
2021-05-14 11:06:00,NSE:APLAPOLLO,1247.1,1247.75,1245.0,1245.0,764.0
2021-05-14 11:09:00,NSE:APLAPOLLO,1245.3,1247.25,1245.0,1245.25,668.0
2021-05-14 11:12:00,NSE:APLAPOLLO,1245.25,1245.25,1245.0,1245.0,966.0
2021-05-14 11:15:00,NSE:APLAPOLLO,1245.0,1245.25,1245.0,1245.0,12176.0
2021-05-14 11:18:00,NSE:APLAPOLLO,1245.15,1245.15,1245.0,1245.0,5582.0
2021-05-14 11:21:00,NSE:APLAPOLLO,1245.0,1245.15,1245.0,1245.0,1114.0
2021-05-14 11:24:00,NSE:APLAPOLLO,1245.15,1245.15,1245.0,1245.15,507.0
2021-05-14 11:27:00,NSE:APLAPOLLO,1245.25,1246.0,1245.0,1246.0,923.0
2021-05-14 11:30:00,NSE:APLAPOLLO,1246.0,1246.0,1245.0,1245.0,1270.0
2021-05-14 11:33:00,NSE:APLAPOLLO,1245.0,1245.0,1241.1,1241.1,1146.0
2021-05-14 11:36:00,NSE:APLAPOLLO,1240.1,1240.1,1236.0,1238.25,2906.0
2021-05-14 11:39:00,NSE:APLAPOLLO,1237.4,1238.25,1235.0,1235.2,797.0
2021-05-14 11:42:00,NSE:APLAPOLLO,1235.0,1235.9,1225.0,1225.05,2858.0
2021-05-14 11:45:00,NSE:APLAPOLLO,1226.4,1226.4,1225.1,1225.1,556.0
2021-05-14 11:48:00,NSE:APLAPOLLO,1225.2,1228.25,1225.0,1228.25,764.0
2021-05-14 11:51:00,NSE:APLAPOLLO,1227.0,1228.15,1225.0,1225.0,664.0
2021-05-14 11:54:00,NSE:APLAPOLLO,1225.0,1226.4,1225.0,1226.4,545.0
2021-05-14 11:57:00,NSE:APLAPOLLO,1225.0,1226.4,1220.05,1220.1,1395.0
2021-05-14 12:00:00,NSE:APLAPOLLO,1220.05,1220.05,1216.5,1218.1,1197.0
2021-05-14 12:03:00,NSE:APLAPOLLO,1218.0,1218.95,1213.8,1213.8,1331.0
2021-05-14 12:06:00,NSE:APLAPOLLO,1213.0,1216.2,1211.0,1215.45,1266.0
2021-05-14 12:09:00,NSE:APLAPOLLO,1215.45,1218.7,1214.0,1218.0,612.0
2021-05-14 12:12:00,NSE:APLAPOLLO,1218.0,1218.0,1215.5,1217.95,717.0
2021-05-14 12:15:00,NSE:APLAPOLLO,1217.95,1217.95,1215.1,1215.1,761.0
2021-05-14 12:18:00,NSE:APLAPOLLO,1215.7,1218.0,1215.1,1217.2,949.0
2021-05-14 12:21:00,NSE:APLAPOLLO,1216.5,1227.45,1216.5,1224.7,760.0
2021-05-14 12:24:00,NSE:APLAPOLLO,1224.2,1224.2,1219.8,1220.9,671.0
2021-05-14 12:27:00,NSE:APLAPOLLO,1220.9,1223.95,1218.1,1223.95,719.0
2021-05-14 12:30:00,NSE:APLAPOLLO,1223.95,1225.95,1222.95,1223.0,621.0
2021-05-14 12:33:00,NSE:APLAPOLLO,1222.2,1223.0,1222.0,1222.6,444.0
2021-05-14 12:36:00,NSE:APLAPOLLO,1222.6,1222.6,1219.0,1221.35,834.0
2021-05-14 12:39:00,NSE:APLAPOLLO,1220.5,1220.5,1219.3,1220.05,541.0
2021-05-14 12:42:00,NSE:APLAPOLLO,1220.8,1221.1,1218.7,1221.1,468.0
2021-05-14 12:45:00,NSE:APLAPOLLO,1220.6,1222.25,1219.8,1221.4,719.0
2021-05-14 12:48:00,NSE:APLAPOLLO,1221.4,1222.05,1218.2,1220.95,667.0
2021-05-14 12:51:00,NSE:APLAPOLLO,1219.05,1225.4,1219.05,1220.15,772.0
2021-05-14 12:54:00,NSE:APLAPOLLO,1220.55,1224.5,1220.25,1221.55,743.0
2021-05-14 12:57:00,NSE:APLAPOLLO,1221.55,1221.55,1217.4,1218.85,950.0
2021-05-14 13:00:00,NSE:APLAPOLLO,1218.85,1223.2,1217.45,1223.2,990.0
2021-05-14 13:03:00,NSE:APLAPOLLO,1223.0,1223.0,1220.05,1220.1,586.0
2021-05-14 13:06:00,NSE:APLAPOLLO,1220.1,1223.2,1219.45,1223.2,643.0
2021-05-14 13:09:00,NSE:APLAPOLLO,1223.2,1224.5,1221.8,1224.5,899.0
2021-05-14 13:12:00,NSE:APLAPOLLO,1224.5,1224.5,1221.0,1221.05,565.0
2021-05-14 13:15:00,NSE:APLAPOLLO,1221.05,1221.6,1220.0,1220.85,582.0
2021-05-14 13:18:00,NSE:APLAPOLLO,1220.0,1220.7,1215.55,1218.7,990.0
2021-05-14 13:21:00,NSE:APLAPOLLO,1218.7,1218.7,1216.35,1218.55,470.0
2021-05-14 13:24:00,NSE:APLAPOLLO,1218.0,1218.8,1215.1,1217.3,1305.0
2021-05-14 13:27:00,NSE:APLAPOLLO,1217.1,1217.1,1215.1,1215.15,1289.0
2021-05-14 13:30:00,NSE:APLAPOLLO,1216.0,1219.3,1215.1,1218.0,1165.0
2021-05-14 13:33:00,NSE:APLAPOLLO,1218.0,1218.0,1215.1,1215.15,931.0
2021-05-14 13:36:00,NSE:APLAPOLLO,1215.1,1215.15,1212.0,1212.0,3625.0
2021-05-14 13:39:00,NSE:APLAPOLLO,1212.8,1215.1,1211.0,1214.85,1098.0
2021-05-14 13:42:00,NSE:APLAPOLLO,1214.85,1214.85,1210.55,1212.9,618.0
2021-05-14 13:45:00,NSE:APLAPOLLO,1212.85,1213.7,1210.15,1213.7,734.0
2021-05-14 13:48:00,NSE:APLAPOLLO,1213.2,1214.95,1209.0,1210.45,1408.0
2021-05-14 13:51:00,NSE:APLAPOLLO,1208.9,1211.1,1205.55,1211.1,1443.0
2021-05-14 13:54:00,NSE:APLAPOLLO,1209.1,1211.0,1208.0,1208.0,676.0
2021-05-14 13:57:00,NSE:APLAPOLLO,1211.85,1211.85,1208.0,1208.0,1241.0
2021-05-14 14:00:00,NSE:APLAPOLLO,1207.1,1209.9,1207.0,1209.9,794.0
2021-05-14 14:03:00,NSE:APLAPOLLO,1209.9,1211.1,1208.7,1209.9,683.0
2021-05-14 14:06:00,NSE:APLAPOLLO,1211.1,1211.1,1208.0,1208.0,691.0
2021-05-14 14:09:00,NSE:APLAPOLLO,1209.0,1209.0,1207.2,1207.2,397.0
2021-05-14 14:12:00,NSE:APLAPOLLO,1207.1,1209.0,1207.0,1208.95,880.0
2021-05-14 14:15:00,NSE:APLAPOLLO,1208.9,1209.4,1206.0,1209.25,1164.0
2021-05-14 14:18:00,NSE:APLAPOLLO,1209.2,1213.55,1209.2,1212.05,722.0
2021-05-14 14:21:00,NSE:APLAPOLLO,1212.95,1212.95,1206.0,1209.5,914.0
2021-05-14 14:24:00,NSE:APLAPOLLO,1208.15,1208.25,1205.8,1205.8,461.0
2021-05-14 14:27:00,NSE:APLAPOLLO,1205.8,1207.4,1205.75,1206.8,524.0
2021-05-14 14:30:00,NSE:APLAPOLLO,1206.8,1207.85,1205.6,1207.75,1295.0
2021-05-14 14:33:00,NSE:APLAPOLLO,1207.5,1210.95,1206.3,1210.95,713.0
2021-05-14 14:36:00,NSE:APLAPOLLO,1211.55,1213.45,1211.55,1212.0,596.0
2021-05-14 14:39:00,NSE:APLAPOLLO,1210.95,1210.95,1207.0,1208.05,682.0
2021-05-14 14:42:00,NSE:APLAPOLLO,1208.05,1208.05,1205.6,1205.6,812.0
2021-05-14 14:45:00,NSE:APLAPOLLO,1205.85,1208.0,1205.55,1207.0,921.0
2021-05-14 14:48:00,NSE:APLAPOLLO,1208.0,1208.6,1206.1,1207.25,588.0
2021-05-14 14:51:00,NSE:APLAPOLLO,1207.0,1207.6,1205.55,1206.75,866.0
2021-05-14 14:54:00,NSE:APLAPOLLO,1206.75,1207.05,1206.0,1206.0,687.0
2021-05-14 14:57:00,NSE:APLAPOLLO,1207.2,1208.0,1205.55,1206.5,10383.0
2021-05-14 15:00:00,NSE:APLAPOLLO,1207.15,1209.0,1205.0,1209.0,6482.0
2021-05-14 15:03:00,NSE:APLAPOLLO,1209.0,1209.0,1206.0,1206.0,972.0
2021-05-14 15:06:00,NSE:APLAPOLLO,1206.45,1206.45,1205.2,1205.95,1198.0
2021-05-14 15:09:00,NSE:APLAPOLLO,1205.2,1205.85,1200.1,1201.05,2768.0
2021-05-14 15:12:00,NSE:APLAPOLLO,1201.05,1208.95,1201.05,1202.0,5358.0
2021-05-14 15:15:00,NSE:APLAPOLLO,1201.15,1205.0,1200.1,1200.95,6301.0
2021-05-14 15:18:00,NSE:APLAPOLLO,1200.95,1200.95,1186.95,1189.0,7952.0
2021-05-14 15:21:00,NSE:APLAPOLLO,1187.85,1187.85,1177.7,1177.7,6619.0
2021-05-14 15:24:00,NSE:APLAPOLLO,1179.0,1188.2,1178.9,1180.2,6869.0
2021-05-14 15:27:00,NSE:APLAPOLLO,1184.05,1190.0,1180.1,1190.0,3634.0
2021-05-14 15:30:00,NSE:APLAPOLLO,1190.0,1190.0,1190.0,1190.0,10.0
2021-05-14 15:39:00,NSE:APLAPOLLO,1195.2,1195.2,1190.0,1195.2,461.0
2021-05-14 15:42:00,NSE:APLAPOLLO,1195.2,1195.2,1195.2,1195.2,51.0
2021-05-17 09:06:00,NSE:APLAPOLLO,1200.0,1200.0,1200.0,1200.0,322.0
2021-05-17 09:15:00,NSE:APLAPOLLO,1207.55,1238.0,1207.55,1222.5,2954.0
2021-05-17 09:18:00,NSE:APLAPOLLO,1223.5,1226.0,1216.6,1222.9,1218.0
2021-05-17 09:21:00,NSE:APLAPOLLO,1222.0,1222.9,1218.0,1220.0,1266.0
2021-05-17 09:24:00,NSE:APLAPOLLO,1220.0,1224.15,1220.0,1223.0,1002.0
2021-05-17 09:27:00,NSE:APLAPOLLO,1221.3,1222.95,1215.0,1215.6,892.0
2021-05-17 09:30:00,NSE:APLAPOLLO,1215.55,1218.45,1203.0,1203.0,1066.0
2021-05-17 09:33:00,NSE:APLAPOLLO,1203.0,1215.0,1203.0,1207.95,2502.0
2021-05-17 09:36:00,NSE:APLAPOLLO,1208.3,1209.75,1199.15,1199.3,3533.0
2021-05-17 09:39:00,NSE:APLAPOLLO,1200.0,1201.35,1196.8,1199.8,11945.0
2021-05-17 09:42:00,NSE:APLAPOLLO,1199.8,1200.0,1199.0,1200.0,930.0
2021-05-17 09:45:00,NSE:APLAPOLLO,1200.0,1200.0,1191.5,1192.0,1692.0
2021-05-17 09:48:00,NSE:APLAPOLLO,1192.95,1198.3,1190.0,1196.0,1483.0
2021-05-17 09:51:00,NSE:APLAPOLLO,1196.0,1199.4,1194.95,1199.15,253.0
2021-05-17 09:54:00,NSE:APLAPOLLO,1199.35,1199.7,1197.9,1199.7,80.0
2021-05-17 09:57:00,NSE:APLAPOLLO,1199.75,1200.0,1198.4,1200.0,634.0
2021-05-17 10:00:00,NSE:APLAPOLLO,1199.95,1200.0,1197.2,1199.2,334.0
2021-05-17 10:03:00,NSE:APLAPOLLO,1199.2,1200.0,1197.3,1197.3,467.0
2021-05-17 10:06:00,NSE:APLAPOLLO,1199.15,1199.3,1197.0,1197.35,921.0
2021-05-17 10:09:00,NSE:APLAPOLLO,1197.3,1200.0,1197.0,1198.0,1825.0
2021-05-17 10:12:00,NSE:APLAPOLLO,1199.4,1199.5,1197.1,1197.45,367.0
2021-05-17 10:15:00,NSE:APLAPOLLO,1199.2,1199.4,1196.0,1197.95,109.0
2021-05-17 10:18:00,NSE:APLAPOLLO,1199.3,1199.4,1197.3,1198.95,274.0
2021-05-17 10:21:00,NSE:APLAPOLLO,1198.95,1199.0,1197.5,1198.75,117.0
2021-05-17 10:24:00,NSE:APLAPOLLO,1198.75,1199.0,1195.9,1195.9,1155.0
2021-05-17 10:27:00,NSE:APLAPOLLO,1196.45,1198.35,1196.2,1197.55,406.0
2021-05-17 10:30:00,NSE:APLAPOLLO,1197.45,1197.85,1196.2,1196.45,80.0
2021-05-17 10:33:00,NSE:APLAPOLLO,1196.0,1197.25,1195.7,1196.0,323.0
2021-05-17 10:36:00,NSE:APLAPOLLO,1196.75,1197.15,1195.5,1197.15,197.0
2021-05-17 10:39:00,NSE:APLAPOLLO,1197.15,1198.0,1196.05,1197.0,740.0
2021-05-17 10:42:00,NSE:APLAPOLLO,1197.0,1197.45,1195.25,1196.35,194.0
2021-05-17 10:45:00,NSE:APLAPOLLO,1197.7,1197.7,1195.65,1197.0,105.0
2021-05-17 10:48:00,NSE:APLAPOLLO,1197.0,1197.95,1197.0,1197.0,238.0
2021-05-17 10:51:00,NSE:APLAPOLLO,1196.0,1197.4,1195.55,1197.4,456.0
2021-05-17 10:54:00,NSE:APLAPOLLO,1197.4,1197.95,1196.45,1197.95,67.0
2021-05-17 10:57:00,NSE:APLAPOLLO,1196.45,1197.95,1196.15,1197.2,74.0
2021-05-17 11:00:00,NSE:APLAPOLLO,1196.1,1197.2,1195.8,1196.75,161.0
2021-05-17 11:03:00,NSE:APLAPOLLO,1196.75,1197.0,1191.05,1192.0,1255.0
2021-05-17 11:06:00,NSE:APLAPOLLO,1192.0,1192.0,1190.0,1191.95,4863.0
2021-05-17 11:09:00,NSE:APLAPOLLO,1191.95,1191.95,1190.0,1191.05,1050.0
2021-05-17 11:12:00,NSE:APLAPOLLO,1190.0,1194.8,1190.0,1193.25,1586.0
2021-05-17 11:15:00,NSE:APLAPOLLO,1194.0,1195.9,1192.0,1192.0,746.0
2021-05-17 11:18:00,NSE:APLAPOLLO,1193.9,1194.65,1190.4,1191.6,553.0
2021-05-17 11:21:00,NSE:APLAPOLLO,1193.7,1194.2,1192.3,1194.2,267.0
2021-05-17 11:24:00,NSE:APLAPOLLO,1193.95,1194.8,1192.0,1193.8,312.0
2021-05-17 11:27:00,NSE:APLAPOLLO,1192.0,1193.85,1192.0,1193.85,106.0
2021-05-17 11:30:00,NSE:APLAPOLLO,1193.8,1194.0,1193.0,1193.9,16.0
2021-05-17 11:33:00,NSE:APLAPOLLO,1193.75,1194.45,1193.05,1194.35,222.0
2021-05-17 11:36:00,NSE:APLAPOLLO,1194.45,1194.45,1192.5,1192.5,672.0
2021-05-17 11:39:00,NSE:APLAPOLLO,1192.5,1192.85,1190.9,1192.4,891.0
2021-05-17 11:42:00,NSE:APLAPOLLO,1192.4,1194.0,1190.5,1191.15,24254.0
2021-05-17 11:45:00,NSE:APLAPOLLO,1191.9,1192.4,1191.0,1191.0,1590.0
2021-05-17 11:48:00,NSE:APLAPOLLO,1190.0,1190.8,1187.35,1189.25,2310.0
2021-05-17 11:51:00,NSE:APLAPOLLO,1188.0,1189.45,1187.0,1188.0,784.0
2021-05-17 11:54:00,NSE:APLAPOLLO,1188.0,1189.95,1187.95,1188.0,1981.0
2021-05-17 11:57:00,NSE:APLAPOLLO,1188.0,1188.0,1187.85,1188.0,1110.0
2021-05-17 12:00:00,NSE:APLAPOLLO,1188.0,1188.0,1186.2,1188.0,2058.0
2021-05-17 12:03:00,NSE:APLAPOLLO,1188.0,1189.05,1187.0,1188.0,1168.0
2021-05-17 12:06:00,NSE:APLAPOLLO,1188.0,1190.95,1188.0,1190.35,1825.0
2021-05-17 12:09:00,NSE:APLAPOLLO,1190.5,1191.35,1189.0,1190.0,1565.0
2021-05-17 12:12:00,NSE:APLAPOLLO,1190.0,1190.0,1189.0,1190.0,2002.0
2021-05-17 12:15:00,NSE:APLAPOLLO,1190.0,1191.15,1189.05,1190.85,939.0
2021-05-17 12:18:00,NSE:APLAPOLLO,1190.75,1191.0,1189.95,1189.95,584.0
2021-05-17 12:21:00,NSE:APLAPOLLO,1189.95,1189.95,1189.1,1189.95,1211.0
2021-05-17 12:24:00,NSE:APLAPOLLO,1189.95,1190.0,1189.0,1189.0,262.0
2021-05-17 12:27:00,NSE:APLAPOLLO,1189.0,1189.95,1189.0,1189.95,221.0
2021-05-17 12:30:00,NSE:APLAPOLLO,1189.95,1190.0,1189.05,1189.85,332.0
2021-05-17 12:33:00,NSE:APLAPOLLO,1189.95,1190.0,1189.0,1189.4,1448.0
2021-05-17 12:36:00,NSE:APLAPOLLO,1189.4,1190.0,1189.05,1190.0,87.0
2021-05-17 12:39:00,NSE:APLAPOLLO,1189.05,1190.0,1189.05,1190.0,59.0
2021-05-17 12:42:00,NSE:APLAPOLLO,1190.0,1190.0,1189.0,1190.0,656.0
2021-05-17 12:45:00,NSE:APLAPOLLO,1190.0,1190.0,1189.95,1190.0,396.0
2021-05-17 12:48:00,NSE:APLAPOLLO,1190.0,1190.75,1189.85,1190.0,874.0
2021-05-17 12:51:00,NSE:APLAPOLLO,1190.0,1190.0,1190.0,1190.0,67.0
2021-05-17 12:54:00,NSE:APLAPOLLO,1190.0,1190.0,1189.0,1189.0,690.0
2021-05-17 12:57:00,NSE:APLAPOLLO,1188.6,1188.6,1187.6,1187.7,212.0
2021-05-17 13:00:00,NSE:APLAPOLLO,1187.95,1189.95,1185.0,1186.45,1794.0
2021-05-17 13:03:00,NSE:APLAPOLLO,1186.6,1188.15,1186.6,1187.4,197.0
2021-05-17 13:06:00,NSE:APLAPOLLO,1187.4,1189.05,1186.5,1189.05,139.0
2021-05-17 13:09:00,NSE:APLAPOLLO,1189.1,1190.6,1188.45,1190.0,283.0
2021-05-17 13:12:00,NSE:APLAPOLLO,1190.0,1199.8,1190.0,1197.95,857.0
2021-05-17 13:15:00,NSE:APLAPOLLO,1197.95,1197.95,1195.55,1195.55,502.0
2021-05-17 13:18:00,NSE:APLAPOLLO,1195.15,1197.35,1195.15,1196.95,278.0
2021-05-17 13:21:00,NSE:APLAPOLLO,1196.75,1199.85,1196.45,1197.0,849.0
2021-05-17 13:24:00,NSE:APLAPOLLO,1196.35,1196.75,1193.5,1195.3,702.0
2021-05-17 13:27:00,NSE:APLAPOLLO,1195.75,1203.3,1195.75,1202.5,2193.0
2021-05-17 13:30:00,NSE:APLAPOLLO,1202.5,1210.0,1202.5,1209.6,1899.0
2021-05-17 13:33:00,NSE:APLAPOLLO,1210.2,1225.0,1210.2,1223.0,7394.0
2021-05-17 13:36:00,NSE:APLAPOLLO,1223.0,1237.9,1217.2,1237.0,8271.0
2021-05-17 13:39:00,NSE:APLAPOLLO,1237.0,1237.9,1229.25,1230.75,7353.0
2021-05-17 13:42:00,NSE:APLAPOLLO,1230.7,1233.0,1230.2,1231.0,1021.0
2021-05-17 13:45:00,NSE:APLAPOLLO,1231.7,1235.05,1231.7,1235.05,1197.0
2021-05-17 13:48:00,NSE:APLAPOLLO,1236.45,1238.15,1234.95,1236.95,1553.0
2021-05-17 13:51:00,NSE:APLAPOLLO,1236.05,1236.15,1231.3,1231.3,733.0
2021-05-17 13:54:00,NSE:APLAPOLLO,1230.85,1231.95,1225.0,1229.45,1662.0
2021-05-17 13:57:00,NSE:APLAPOLLO,1230.0,1232.95,1228.05,1232.95,1990.0
2021-05-17 14:00:00,NSE:APLAPOLLO,1232.25,1234.0,1230.0,1234.0,929.0
2021-05-17 14:03:00,NSE:APLAPOLLO,1232.1,1234.0,1226.35,1226.35,6064.0
2021-05-17 14:06:00,NSE:APLAPOLLO,1227.7,1227.95,1225.55,1226.0,1323.0
2021-05-17 14:09:00,NSE:APLAPOLLO,1226.0,1228.0,1226.0,1227.0,230.0
2021-05-17 14:12:00,NSE:APLAPOLLO,1228.0,1229.45,1227.0,1227.1,487.0
2021-05-17 14:15:00,NSE:APLAPOLLO,1227.1,1228.0,1227.0,1228.0,209.0
2021-05-17 14:18:00,NSE:APLAPOLLO,1228.0,1228.5,1226.1,1226.1,235.0
2021-05-17 14:21:00,NSE:APLAPOLLO,1226.1,1228.6,1226.1,1228.6,497.0
2021-05-17 14:24:00,NSE:APLAPOLLO,1229.9,1229.9,1225.7,1228.95,1245.0
2021-05-17 14:27:00,NSE:APLAPOLLO,1228.95,1229.95,1224.05,1224.05,570.0
2021-05-17 14:30:00,NSE:APLAPOLLO,1225.65,1229.85,1225.0,1226.0,1340.0
2021-05-17 14:33:00,NSE:APLAPOLLO,1226.55,1227.45,1224.6,1227.45,142.0
2021-05-17 14:36:00,NSE:APLAPOLLO,1227.0,1227.65,1223.55,1224.85,1125.0
2021-05-17 14:39:00,NSE:APLAPOLLO,1222.15,1224.75,1221.5,1224.7,452.0
2021-05-17 14:42:00,NSE:APLAPOLLO,1224.0,1224.75,1218.75,1218.75,972.0
2021-05-17 14:45:00,NSE:APLAPOLLO,1220.0,1224.95,1217.55,1223.9,1899.0
2021-05-17 14:48:00,NSE:APLAPOLLO,1223.95,1223.95,1218.45,1220.0,306.0
2021-05-17 14:51:00,NSE:APLAPOLLO,1220.0,1225.0,1220.0,1225.0,2092.0
2021-05-17 14:54:00,NSE:APLAPOLLO,1224.9,1225.0,1224.8,1225.0,980.0
2021-05-17 14:57:00,NSE:APLAPOLLO,1224.95,1233.45,1224.9,1233.45,2185.0
2021-05-17 15:00:00,NSE:APLAPOLLO,1233.9,1244.0,1233.9,1243.0,4597.0
2021-05-17 15:03:00,NSE:APLAPOLLO,1244.0,1248.0,1241.9,1242.95,3270.0
2021-05-17 15:06:00,NSE:APLAPOLLO,1244.0,1245.0,1242.85,1244.3,1759.0
2021-05-17 15:09:00,NSE:APLAPOLLO,1244.15,1248.0,1237.5,1248.0,3476.0
2021-05-17 15:12:00,NSE:APLAPOLLO,1248.0,1248.9,1247.1,1247.1,2295.0
2021-05-17 15:15:00,NSE:APLAPOLLO,1247.95,1258.0,1247.25,1258.0,8667.0
2021-05-17 15:18:00,NSE:APLAPOLLO,1259.0,1264.95,1257.15,1262.3,6564.0
2021-05-17 15:21:00,NSE:APLAPOLLO,1262.3,1265.0,1262.0,1265.0,2504.0
2021-05-17 15:24:00,NSE:APLAPOLLO,1266.0,1276.0,1266.0,1272.0,6239.0
2021-05-17 15:27:00,NSE:APLAPOLLO,1272.0,1274.95,1267.05,1268.0,2748.0
2021-05-17 15:45:00,NSE:APLAPOLLO,1255.4,1255.4,1255.4,1255.4,5.0
2021-05-17 15:54:00,NSE:APLAPOLLO,1255.4,1255.4,1255.4,1255.4,4.0
2021-05-18 09:06:00,NSE:APLAPOLLO,1286.05,1286.05,1286.05,1286.05,365.0
2021-05-18 09:15:00,NSE:APLAPOLLO,1286.0,1286.0,1255.45,1282.45,3752.0
2021-05-18 09:18:00,NSE:APLAPOLLO,1282.45,1283.25,1270.7,1272.55,1652.0
2021-05-18 09:21:00,NSE:APLAPOLLO,1272.5,1273.05,1266.9,1266.9,899.0
2021-05-18 09:24:00,NSE:APLAPOLLO,1266.05,1266.05,1258.8,1258.8,1638.0
2021-05-18 09:27:00,NSE:APLAPOLLO,1258.0,1259.75,1256.8,1259.75,923.0
2021-05-18 09:30:00,NSE:APLAPOLLO,1259.75,1260.0,1256.75,1259.95,5474.0
2021-05-18 09:33:00,NSE:APLAPOLLO,1259.95,1275.65,1258.95,1273.0,11099.0
2021-05-18 09:36:00,NSE:APLAPOLLO,1273.0,1273.0,1265.0,1267.35,3280.0
2021-05-18 09:39:00,NSE:APLAPOLLO,1270.0,1270.0,1262.7,1263.0,2359.0
2021-05-18 09:42:00,NSE:APLAPOLLO,1263.0,1263.8,1262.25,1262.25,1110.0
2021-05-18 09:45:00,NSE:APLAPOLLO,1262.25,1267.0,1262.25,1265.45,892.0
2021-05-18 09:48:00,NSE:APLAPOLLO,1265.4,1266.7,1261.2,1262.0,6236.0
2021-05-18 09:51:00,NSE:APLAPOLLO,1262.0,1262.1,1258.0,1258.0,1396.0
2021-05-18 09:54:00,NSE:APLAPOLLO,1257.25,1259.8,1257.0,1257.35,858.0
2021-05-18 09:57:00,NSE:APLAPOLLO,1258.0,1259.0,1252.05,1253.9,1401.0
2021-05-18 10:00:00,NSE:APLAPOLLO,1253.35,1256.0,1253.0,1254.0,832.0
2021-05-18 10:03:00,NSE:APLAPOLLO,1253.85,1253.85,1250.0,1250.0,1153.0
2021-05-18 10:06:00,NSE:APLAPOLLO,1250.0,1250.55,1248.15,1248.15,1106.0
2021-05-18 10:09:00,NSE:APLAPOLLO,1248.85,1256.6,1244.8,1254.0,2999.0
2021-05-18 10:12:00,NSE:APLAPOLLO,1253.8,1253.8,1250.0,1250.1,2442.0
2021-05-18 10:15:00,NSE:APLAPOLLO,1250.1,1251.6,1245.0,1248.6,3109.0
2021-05-18 10:18:00,NSE:APLAPOLLO,1248.6,1250.0,1245.0,1246.95,1737.0
2021-05-18 10:21:00,NSE:APLAPOLLO,1247.65,1248.6,1246.6,1247.9,431.0
2021-05-18 10:24:00,NSE:APLAPOLLO,1248.0,1250.0,1248.0,1248.85,629.0
2021-05-18 10:27:00,NSE:APLAPOLLO,1248.0,1251.9,1248.0,1251.9,1159.0
2021-05-18 10:30:00,NSE:APLAPOLLO,1251.5,1254.3,1248.35,1249.9,2697.0
2021-05-18 10:33:00,NSE:APLAPOLLO,1249.95,1250.25,1249.95,1250.0,915.0
2021-05-18 10:36:00,NSE:APLAPOLLO,1250.1,1250.5,1249.5,1250.0,3037.0
2021-05-18 10:39:00,NSE:APLAPOLLO,1249.05,1258.25,1249.05,1257.85,2821.0
2021-05-18 10:42:00,NSE:APLAPOLLO,1256.7,1259.15,1248.8,1248.8,4584.0
2021-05-18 10:45:00,NSE:APLAPOLLO,1250.0,1261.25,1248.25,1261.25,2823.0
2021-05-18 10:48:00,NSE:APLAPOLLO,1261.25,1266.55,1258.65,1258.65,3652.0
2021-05-18 10:51:00,NSE:APLAPOLLO,1258.65,1267.1,1258.65,1262.2,4406.0
2021-05-18 10:54:00,NSE:APLAPOLLO,1261.75,1261.75,1253.15,1257.95,656.0
2021-05-18 10:57:00,NSE:APLAPOLLO,1255.6,1263.0,1253.8,1253.95,1971.0
2021-05-18 11:00:00,NSE:APLAPOLLO,1253.95,1253.95,1247.3,1251.85,1089.0
2021-05-18 11:03:00,NSE:APLAPOLLO,1251.85,1252.2,1250.2,1250.4,472.0
2021-05-18 11:06:00,NSE:APLAPOLLO,1250.4,1252.35,1249.95,1250.0,612.0
2021-05-18 11:09:00,NSE:APLAPOLLO,1250.0,1250.0,1248.7,1248.7,273.0
2021-05-18 11:12:00,NSE:APLAPOLLO,1248.7,1250.0,1248.7,1250.0,31.0
2021-05-18 11:15:00,NSE:APLAPOLLO,1249.75,1251.0,1249.75,1250.0,426.0
2021-05-18 11:18:00,NSE:APLAPOLLO,1249.85,1252.5,1249.85,1251.25,617.0
2021-05-18 11:21:00,NSE:APLAPOLLO,1251.1,1251.6,1250.0,1250.1,544.0
2021-05-18 11:24:00,NSE:APLAPOLLO,1250.0,1252.0,1250.0,1252.0,460.0
2021-05-18 11:27:00,NSE:APLAPOLLO,1251.85,1251.9,1250.0,1251.1,432.0
2021-05-18 11:30:00,NSE:APLAPOLLO,1250.2,1252.0,1250.0,1250.35,535.0
2021-05-18 11:33:00,NSE:APLAPOLLO,1250.25,1251.2,1250.0,1250.95,458.0
2021-05-18 11:36:00,NSE:APLAPOLLO,1250.2,1251.65,1250.05,1251.65,487.0
2021-05-18 11:39:00,NSE:APLAPOLLO,1251.65,1253.0,1251.65,1251.85,2787.0
2021-05-18 11:42:00,NSE:APLAPOLLO,1251.85,1252.0,1251.0,1251.05,428.0
2021-05-18 11:45:00,NSE:APLAPOLLO,1250.25,1251.05,1250.05,1250.05,564.0
2021-05-18 11:48:00,NSE:APLAPOLLO,1250.1,1250.75,1250.0,1250.5,543.0
2021-05-18 11:51:00,NSE:APLAPOLLO,1250.6,1250.85,1250.0,1250.15,2361.0
2021-05-18 11:54:00,NSE:APLAPOLLO,1250.15,1251.45,1250.15,1250.4,423.0
2021-05-18 11:57:00,NSE:APLAPOLLO,1250.35,1250.5,1250.0,1250.1,1067.0
2021-05-18 12:00:00,NSE:APLAPOLLO,1250.0,1255.4,1250.0,1253.6,2559.0
2021-05-18 12:03:00,NSE:APLAPOLLO,1253.5,1254.2,1250.15,1251.0,710.0
2021-05-18 12:06:00,NSE:APLAPOLLO,1251.0,1251.25,1250.0,1250.4,472.0
2021-05-18 12:09:00,NSE:APLAPOLLO,1250.0,1250.6,1250.0,1250.0,924.0
2021-05-18 12:12:00,NSE:APLAPOLLO,1250.05,1250.15,1248.0,1248.7,661.0
2021-05-18 12:15:00,NSE:APLAPOLLO,1248.8,1248.8,1248.55,1248.6,110.0
2021-05-18 12:18:00,NSE:APLAPOLLO,1248.6,1248.6,1247.4,1247.95,213.0
2021-05-18 12:21:00,NSE:APLAPOLLO,1250.0,1250.0,1249.65,1249.65,113857.0
2021-05-18 12:24:00,NSE:APLAPOLLO,1249.65,1251.6,1249.65,1250.25,3918.0
2021-05-18 12:27:00,NSE:APLAPOLLO,1250.2,1250.2,1250.0,1250.05,2081.0
2021-05-18 12:30:00,NSE:APLAPOLLO,1250.05,1250.35,1250.0,1250.05,496.0
2021-05-18 12:33:00,NSE:APLAPOLLO,1250.05,1250.75,1250.0,1250.0,987.0
2021-05-18 12:36:00,NSE:APLAPOLLO,1250.0,1250.9,1250.0,1250.0,2001.0
2021-05-18 12:39:00,NSE:APLAPOLLO,1250.0,1252.4,1250.0,1251.0,514.0
2021-05-18 12:42:00,NSE:APLAPOLLO,1251.1,1251.1,1247.0,1247.0,1866.0
2021-05-18 12:45:00,NSE:APLAPOLLO,1247.65,1247.65,1246.15,1246.15,210.0
2021-05-18 12:48:00,NSE:APLAPOLLO,1246.7,1249.15,1245.15,1248.0,662.0
2021-05-18 12:51:00,NSE:APLAPOLLO,1248.5,1248.55,1245.1,1248.55,660.0
2021-05-18 12:54:00,NSE:APLAPOLLO,1248.15,1248.3,1247.9,1247.9,205.0
2021-05-18 12:57:00,NSE:APLAPOLLO,1247.0,1247.3,1245.5,1246.0,329.0
2021-05-18 13:00:00,NSE:APLAPOLLO,1246.85,1246.85,1244.0,1244.9,479.0
2021-05-18 13:03:00,NSE:APLAPOLLO,1244.8,1244.8,1243.65,1244.0,737.0
2021-05-18 13:06:00,NSE:APLAPOLLO,1244.0,1244.5,1237.0,1238.95,2002.0
2021-05-18 13:09:00,NSE:APLAPOLLO,1238.95,1241.15,1233.0,1233.85,1042.0
2021-05-18 13:12:00,NSE:APLAPOLLO,1232.0,1232.0,1223.0,1229.5,2424.0
2021-05-18 13:15:00,NSE:APLAPOLLO,1229.35,1235.5,1227.35,1230.0,2599.0
2021-05-18 13:18:00,NSE:APLAPOLLO,1229.25,1231.6,1229.1,1231.6,969.0
2021-05-18 13:21:00,NSE:APLAPOLLO,1231.6,1235.0,1230.0,1231.85,2732.0
2021-05-18 13:24:00,NSE:APLAPOLLO,1230.6,1231.8,1225.2,1225.2,5681.0
2021-05-18 13:27:00,NSE:APLAPOLLO,1225.0,1230.95,1225.0,1230.95,711.0
2021-05-18 13:30:00,NSE:APLAPOLLO,1230.9,1230.9,1227.85,1228.0,628.0
2021-05-18 13:33:00,NSE:APLAPOLLO,1229.0,1230.0,1227.75,1227.75,997.0
2021-05-18 13:36:00,NSE:APLAPOLLO,1227.15,1229.7,1225.9,1227.95,1079.0
2021-05-18 13:39:00,NSE:APLAPOLLO,1227.0,1228.8,1226.1,1227.45,731.0
2021-05-18 13:42:00,NSE:APLAPOLLO,1227.0,1230.25,1227.0,1230.05,755.0
2021-05-18 13:45:00,NSE:APLAPOLLO,1230.0,1230.8,1228.4,1229.9,578.0
2021-05-18 13:48:00,NSE:APLAPOLLO,1229.9,1233.45,1227.15,1227.9,1044.0
2021-05-18 13:51:00,NSE:APLAPOLLO,1227.25,1230.15,1227.2,1227.2,752.0
2021-05-18 13:54:00,NSE:APLAPOLLO,1227.3,1230.75,1227.25,1230.5,1053.0
2021-05-18 13:57:00,NSE:APLAPOLLO,1231.55,1232.7,1230.0,1232.1,1372.0
2021-05-18 14:00:00,NSE:APLAPOLLO,1232.0,1232.0,1230.0,1230.0,957.0
2021-05-18 14:03:00,NSE:APLAPOLLO,1230.0,1230.65,1230.0,1230.0,746.0
2021-05-18 14:06:00,NSE:APLAPOLLO,1230.0,1230.65,1230.0,1230.05,2302.0
2021-05-18 14:09:00,NSE:APLAPOLLO,1230.0,1230.6,1230.0,1230.0,1014.0
2021-05-18 14:12:00,NSE:APLAPOLLO,1230.05,1230.55,1230.0,1230.05,539.0
2021-05-18 14:15:00,NSE:APLAPOLLO,1230.05,1230.95,1225.15,1226.05,1522.0
2021-05-18 14:18:00,NSE:APLAPOLLO,1226.0,1227.0,1225.0,1225.1,1305.0
2021-05-18 14:21:00,NSE:APLAPOLLO,1225.1,1226.15,1223.4,1225.0,780.0
2021-05-18 14:24:00,NSE:APLAPOLLO,1226.4,1228.7,1225.0,1225.05,1039.0
2021-05-18 14:27:00,NSE:APLAPOLLO,1226.25,1227.45,1225.0,1226.3,1178.0
2021-05-18 14:30:00,NSE:APLAPOLLO,1225.15,1231.0,1225.15,1229.9,982.0
2021-05-18 14:33:00,NSE:APLAPOLLO,1229.55,1230.6,1227.1,1229.4,222.0
2021-05-18 14:36:00,NSE:APLAPOLLO,1229.4,1230.65,1229.0,1229.8,345.0
2021-05-18 14:39:00,NSE:APLAPOLLO,1229.8,1230.75,1229.3,1230.0,210.0
2021-05-18 14:42:00,NSE:APLAPOLLO,1230.45,1232.25,1230.45,1232.15,244.0
2021-05-18 14:45:00,NSE:APLAPOLLO,1232.15,1233.35,1231.85,1232.7,721.0
2021-05-18 14:48:00,NSE:APLAPOLLO,1232.7,1241.5,1232.7,1240.0,4481.0
2021-05-18 14:51:00,NSE:APLAPOLLO,1240.85,1240.9,1235.5,1235.5,1737.0
2021-05-18 14:54:00,NSE:APLAPOLLO,1234.95,1241.0,1231.0,1240.05,3239.0
2021-05-18 14:57:00,NSE:APLAPOLLO,1240.25,1251.0,1240.1,1251.0,4551.0
2021-05-18 15:00:00,NSE:APLAPOLLO,1251.0,1251.8,1250.0,1250.5,2743.0
2021-05-18 15:03:00,NSE:APLAPOLLO,1250.0,1250.5,1250.0,1250.0,12800.0
2021-05-18 15:06:00,NSE:APLAPOLLO,1250.05,1251.0,1250.0,1251.0,2038.0
2021-05-18 15:09:00,NSE:APLAPOLLO,1251.0,1260.95,1250.5,1253.0,26604.0
2021-05-18 15:12:00,NSE:APLAPOLLO,1253.0,1254.0,1250.05,1250.05,2218.0
2021-05-18 15:15:00,NSE:APLAPOLLO,1251.9,1253.75,1250.0,1253.65,1492.0
2021-05-18 15:18:00,NSE:APLAPOLLO,1253.6,1253.6,1250.0,1250.8,1576.0
2021-05-18 15:21:00,NSE:APLAPOLLO,1250.45,1253.0,1250.45,1253.0,1261.0
2021-05-18 15:24:00,NSE:APLAPOLLO,1253.0,1254.0,1252.35,1253.95,2005.0
2021-05-18 15:27:00,NSE:APLAPOLLO,1253.95,1253.95,1244.55,1250.0,634.0
2021-05-18 15:51:00,NSE:APLAPOLLO,1255.05,1255.05,1255.05,1255.05,1.0
2021-05-18 15:57:00,NSE:APLAPOLLO,1255.05,1255.05,1255.05,1255.05,2.0
2021-05-19 09:06:00,NSE:APLAPOLLO,1250.0,1250.0,1250.0,1250.0,16.0
2021-05-19 09:15:00,NSE:APLAPOLLO,1248.5,1256.0,1242.35,1256.0,751.0
2021-05-19 09:18:00,NSE:APLAPOLLO,1259.75,1270.0,1258.0,1268.2,1695.0
2021-05-19 09:21:00,NSE:APLAPOLLO,1266.5,1267.5,1259.2,1259.25,800.0
2021-05-19 09:24:00,NSE:APLAPOLLO,1259.15,1259.15,1255.1,1257.7,504.0
2021-05-19 09:27:00,NSE:APLAPOLLO,1258.0,1270.0,1258.0,1263.0,3268.0
2021-05-19 09:30:00,NSE:APLAPOLLO,1263.0,1269.0,1262.3,1268.0,451.0
2021-05-19 09:33:00,NSE:APLAPOLLO,1268.0,1268.0,1266.1,1266.5,587.0
2021-05-19 09:36:00,NSE:APLAPOLLO,1266.5,1267.0,1266.5,1267.0,116.0
2021-05-19 09:39:00,NSE:APLAPOLLO,1266.5,1268.0,1266.5,1267.6,460.0
2021-05-19 09:42:00,NSE:APLAPOLLO,1267.0,1267.6,1265.0,1265.0,871.0
2021-05-19 09:45:00,NSE:APLAPOLLO,1265.0,1265.0,1262.35,1264.2,201.0
2021-05-19 09:48:00,NSE:APLAPOLLO,1264.2,1265.65,1264.2,1265.05,211.0
2021-05-19 09:51:00,NSE:APLAPOLLO,1266.1,1268.0,1265.8,1268.0,167.0
2021-05-19 09:54:00,NSE:APLAPOLLO,1268.0,1268.0,1263.4,1265.3,761.0
2021-05-19 09:57:00,NSE:APLAPOLLO,1266.2,1267.4,1265.0,1266.7,125.0
2021-05-19 10:00:00,NSE:APLAPOLLO,1266.7,1267.6,1264.4,1264.6,348.0
2021-05-19 10:03:00,NSE:APLAPOLLO,1265.55,1265.55,1264.4,1264.4,85.0
2021-05-19 10:06:00,NSE:APLAPOLLO,1265.95,1266.7,1264.85,1264.95,399.0
2021-05-19 10:09:00,NSE:APLAPOLLO,1264.75,1267.1,1264.75,1266.0,282.0
2021-05-19 10:12:00,NSE:APLAPOLLO,1265.0,1266.0,1264.05,1266.0,1044.0
2021-05-19 10:15:00,NSE:APLAPOLLO,1264.55,1275.0,1264.55,1274.0,3379.0
2021-05-19 10:18:00,NSE:APLAPOLLO,1273.85,1275.0,1272.45,1274.75,1451.0
2021-05-19 10:21:00,NSE:APLAPOLLO,1274.75,1275.0,1272.9,1274.95,1478.0
2021-05-19 10:24:00,NSE:APLAPOLLO,1274.95,1275.0,1272.0,1272.0,1278.0
2021-05-19 10:27:00,NSE:APLAPOLLO,1272.5,1272.5,1270.6,1272.0,1966.0
2021-05-19 10:30:00,NSE:APLAPOLLO,1271.55,1273.8,1270.85,1273.8,1307.0
2021-05-19 10:33:00,NSE:APLAPOLLO,1273.85,1275.5,1273.5,1273.55,5206.0
2021-05-19 10:36:00,NSE:APLAPOLLO,1274.85,1275.0,1273.55,1273.85,1055.0
2021-05-19 10:39:00,NSE:APLAPOLLO,1274.25,1274.4,1269.2,1270.45,2053.0
2021-05-19 10:42:00,NSE:APLAPOLLO,1270.4,1271.0,1269.0,1269.55,693.0
2021-05-19 10:45:00,NSE:APLAPOLLO,1269.55,1270.0,1267.1,1268.6,288.0
2021-05-19 10:48:00,NSE:APLAPOLLO,1268.6,1270.0,1267.7,1270.0,1165.0
2021-05-19 10:51:00,NSE:APLAPOLLO,1270.0,1271.0,1268.0,1271.0,1013.0
2021-05-19 10:54:00,NSE:APLAPOLLO,1271.0,1271.0,1270.0,1271.0,414.0
2021-05-19 10:57:00,NSE:APLAPOLLO,1271.0,1271.5,1269.7,1271.5,1307.0
2021-05-19 11:00:00,NSE:APLAPOLLO,1271.5,1272.0,1271.2,1272.0,1457.0
2021-05-19 11:03:00,NSE:APLAPOLLO,1272.0,1275.0,1271.8,1273.25,2409.0
2021-05-19 11:06:00,NSE:APLAPOLLO,1273.25,1274.95,1271.25,1274.65,1637.0
2021-05-19 11:09:00,NSE:APLAPOLLO,1274.95,1275.0,1272.7,1274.6,1581.0
2021-05-19 11:12:00,NSE:APLAPOLLO,1274.6,1274.7,1273.3,1274.7,2130.0
2021-05-19 11:15:00,NSE:APLAPOLLO,1274.7,1277.55,1269.95,1269.95,3164.0
2021-05-19 11:18:00,NSE:APLAPOLLO,1269.55,1270.0,1268.25,1270.0,2059.0
2021-05-19 11:21:00,NSE:APLAPOLLO,1270.0,1270.0,1268.0,1270.0,1580.0
2021-05-19 11:24:00,NSE:APLAPOLLO,1270.0,1270.0,1268.5,1270.0,1470.0
2021-05-19 11:27:00,NSE:APLAPOLLO,1269.65,1270.75,1268.25,1270.0,1155.0
2021-05-19 11:30:00,NSE:APLAPOLLO,1270.0,1271.0,1268.6,1270.0,2017.0
2021-05-19 11:33:00,NSE:APLAPOLLO,1270.0,1270.0,1269.0,1269.8,1074.0
2021-05-19 11:36:00,NSE:APLAPOLLO,1269.85,1269.85,1268.35,1269.85,1563.0
2021-05-19 11:39:00,NSE:APLAPOLLO,1269.85,1269.85,1268.95,1269.85,308.0
2021-05-19 11:42:00,NSE:APLAPOLLO,1269.55,1269.85,1269.05,1269.85,125.0
2021-05-19 11:45:00,NSE:APLAPOLLO,1269.85,1269.85,1269.7,1269.8,223.0
2021-05-19 11:48:00,NSE:APLAPOLLO,1269.6,1269.85,1269.2,1269.75,224.0
2021-05-19 11:51:00,NSE:APLAPOLLO,1269.7,1269.85,1269.2,1269.7,792.0
2021-05-19 11:54:00,NSE:APLAPOLLO,1269.7,1269.7,1269.0,1269.5,90.0
2021-05-19 11:57:00,NSE:APLAPOLLO,1269.5,1269.6,1269.0,1269.35,251.0
2021-05-19 12:00:00,NSE:APLAPOLLO,1269.3,1269.6,1269.0,1269.5,84.0
2021-05-19 12:03:00,NSE:APLAPOLLO,1269.5,1269.5,1268.95,1269.0,339.0
2021-05-19 12:06:00,NSE:APLAPOLLO,1269.0,1269.0,1267.25,1268.2,240.0
2021-05-19 12:09:00,NSE:APLAPOLLO,1268.25,1268.95,1266.35,1266.35,264.0
2021-05-19 12:12:00,NSE:APLAPOLLO,1267.85,1269.85,1267.8,1269.85,31884.0
2021-05-19 12:15:00,NSE:APLAPOLLO,1269.85,1269.85,1268.95,1269.85,1219.0
2021-05-19 12:18:00,NSE:APLAPOLLO,1269.85,1270.05,1269.2,1270.0,2785.0
2021-05-19 12:21:00,NSE:APLAPOLLO,1270.0,1270.0,1269.0,1270.0,663.0
2021-05-19 12:24:00,NSE:APLAPOLLO,1269.95,1270.0,1269.9,1270.0,1101.0
2021-05-19 12:27:00,NSE:APLAPOLLO,1270.0,1270.0,1269.45,1269.95,1217.0
2021-05-19 12:30:00,NSE:APLAPOLLO,1269.9,1270.0,1269.15,1269.15,970.0
2021-05-19 12:33:00,NSE:APLAPOLLO,1269.0,1269.2,1267.8,1268.95,945.0
2021-05-19 12:36:00,NSE:APLAPOLLO,1268.55,1269.2,1267.25,1267.85,1121.0
2021-05-19 12:39:00,NSE:APLAPOLLO,1267.7,1267.85,1266.7,1267.8,1095.0
2021-05-19 12:42:00,NSE:APLAPOLLO,1267.15,1267.85,1265.9,1267.85,1353.0
2021-05-19 12:45:00,NSE:APLAPOLLO,1267.15,1267.85,1266.0,1267.8,1105.0
2021-05-19 12:48:00,NSE:APLAPOLLO,1267.8,1267.85,1267.15,1267.85,977.0
2021-05-19 12:51:00,NSE:APLAPOLLO,1267.85,1267.85,1266.25,1267.1,1002.0
2021-05-19 12:54:00,NSE:APLAPOLLO,1267.7,1267.85,1267.0,1267.0,717.0
2021-05-19 12:57:00,NSE:APLAPOLLO,1266.8,1267.85,1266.55,1267.8,686.0
2021-05-19 13:00:00,NSE:APLAPOLLO,1267.85,1267.85,1265.7,1265.7,860.0
2021-05-19 13:03:00,NSE:APLAPOLLO,1266.15,1267.85,1266.15,1267.85,676.0
2021-05-19 13:06:00,NSE:APLAPOLLO,1267.75,1267.85,1266.0,1267.8,589.0
2021-05-19 13:09:00,NSE:APLAPOLLO,1267.85,1269.95,1267.3,1269.0,820.0
2021-05-19 13:12:00,NSE:APLAPOLLO,1269.0,1269.0,1267.7,1268.95,814.0
2021-05-19 13:15:00,NSE:APLAPOLLO,1269.0,1269.0,1267.95,1269.0,793.0
2021-05-19 13:18:00,NSE:APLAPOLLO,1268.9,1269.0,1268.3,1269.0,671.0
2021-05-19 13:21:00,NSE:APLAPOLLO,1269.0,1269.0,1267.7,1268.95,717.0
2021-05-19 13:24:00,NSE:APLAPOLLO,1269.0,1269.0,1264.0,1267.3,1860.0
2021-05-19 13:27:00,NSE:APLAPOLLO,1268.7,1268.75,1266.45,1267.45,714.0
2021-05-19 13:30:00,NSE:APLAPOLLO,1267.5,1268.8,1266.1,1268.7,745.0
2021-05-19 13:33:00,NSE:APLAPOLLO,1268.7,1269.0,1267.75,1268.95,883.0
2021-05-19 13:36:00,NSE:APLAPOLLO,1268.7,1268.95,1264.95,1264.95,1382.0
2021-05-19 13:39:00,NSE:APLAPOLLO,1265.0,1265.0,1264.0,1265.0,828.0
2021-05-19 13:42:00,NSE:APLAPOLLO,1265.0,1268.8,1264.4,1268.8,838.0
2021-05-19 13:45:00,NSE:APLAPOLLO,1268.8,1268.8,1265.0,1267.25,605.0
2021-05-19 13:48:00,NSE:APLAPOLLO,1266.1,1267.25,1265.0,1266.0,634.0
2021-05-19 13:51:00,NSE:APLAPOLLO,1266.3,1267.25,1265.65,1267.25,930.0
2021-05-19 13:54:00,NSE:APLAPOLLO,1267.25,1267.25,1265.2,1267.25,662.0
2021-05-19 13:57:00,NSE:APLAPOLLO,1267.25,1269.85,1266.6,1269.85,638.0
2021-05-19 14:00:00,NSE:APLAPOLLO,1270.0,1274.0,1269.1,1272.35,695.0
2021-05-19 14:03:00,NSE:APLAPOLLO,1270.65,1271.95,1270.0,1270.8,82.0
2021-05-19 14:06:00,NSE:APLAPOLLO,1270.05,1271.45,1270.05,1270.2,346.0
2021-05-19 14:09:00,NSE:APLAPOLLO,1270.0,1271.0,1270.0,1271.0,192.0
2021-05-19 14:12:00,NSE:APLAPOLLO,1270.05,1270.95,1270.0,1270.0,18.0
2021-05-19 14:15:00,NSE:APLAPOLLO,1270.8,1271.35,1268.85,1271.35,2046.0
2021-05-19 14:18:00,NSE:APLAPOLLO,1270.6,1270.6,1270.0,1270.0,107.0
2021-05-19 14:21:00,NSE:APLAPOLLO,1270.05,1270.6,1270.0,1270.0,93.0
2021-05-19 14:24:00,NSE:APLAPOLLO,1270.6,1274.0,1270.6,1274.0,1915.0
2021-05-19 14:27:00,NSE:APLAPOLLO,1274.0,1274.0,1271.85,1271.85,84.0
2021-05-19 14:30:00,NSE:APLAPOLLO,1273.3,1273.3,1267.3,1267.3,87.0
2021-05-19 14:33:00,NSE:APLAPOLLO,1268.55,1268.55,1266.65,1266.65,13.0
2021-05-19 14:36:00,NSE:APLAPOLLO,1266.3,1268.6,1266.3,1268.5,66.0
2021-05-19 14:39:00,NSE:APLAPOLLO,1268.6,1268.6,1262.95,1263.95,1574.0
2021-05-19 14:42:00,NSE:APLAPOLLO,1263.5,1264.35,1262.15,1263.55,454.0
2021-05-19 14:45:00,NSE:APLAPOLLO,1265.2,1275.0,1265.2,1274.95,7008.0
2021-05-19 14:48:00,NSE:APLAPOLLO,1274.5,1274.5,1272.5,1272.5,425.0
2021-05-19 14:51:00,NSE:APLAPOLLO,1273.85,1275.0,1271.4,1273.25,853.0
2021-05-19 14:54:00,NSE:APLAPOLLO,1273.25,1274.65,1266.3,1266.3,659.0
2021-05-19 14:57:00,NSE:APLAPOLLO,1268.3,1268.3,1265.0,1267.65,2277.0
2021-05-19 15:00:00,NSE:APLAPOLLO,1268.15,1268.15,1265.95,1266.6,52.0
2021-05-19 15:03:00,NSE:APLAPOLLO,1266.6,1280.75,1265.0,1280.05,5680.0
2021-05-19 15:06:00,NSE:APLAPOLLO,1281.0,1282.45,1280.0,1280.0,3275.0
2021-05-19 15:09:00,NSE:APLAPOLLO,1280.0,1295.0,1280.0,1291.0,9887.0
2021-05-19 15:12:00,NSE:APLAPOLLO,1291.5,1300.0,1290.8,1297.0,7508.0
2021-05-19 15:15:00,NSE:APLAPOLLO,1296.05,1298.95,1291.25,1292.6,3779.0
2021-05-19 15:18:00,NSE:APLAPOLLO,1293.0,1298.0,1293.0,1293.55,3726.0
2021-05-19 15:21:00,NSE:APLAPOLLO,1296.85,1297.0,1293.05,1293.1,955.0
2021-05-19 15:24:00,NSE:APLAPOLLO,1293.0,1293.0,1290.05,1290.3,1011.0
2021-05-19 15:27:00,NSE:APLAPOLLO,1290.6,1290.6,1287.9,1289.0,1440.0
2021-05-19 15:45:00,NSE:APLAPOLLO,1288.4,1288.4,1288.4,1288.4,28.0
2021-05-19 15:51:00,NSE:APLAPOLLO,1288.4,1288.4,1288.4,1288.4,1.0
2021-05-20 09:06:00,NSE:APLAPOLLO,1300.0,1300.0,1300.0,1300.0,257.0
2021-05-20 09:15:00,NSE:APLAPOLLO,1295.6,1297.15,1283.75,1285.0,1880.0
2021-05-20 09:18:00,NSE:APLAPOLLO,1284.5,1284.5,1275.05,1276.95,1312.0
2021-05-20 09:21:00,NSE:APLAPOLLO,1276.95,1277.0,1271.1,1271.1,1176.0
2021-05-20 09:24:00,NSE:APLAPOLLO,1272.35,1273.0,1270.0,1273.0,888.0
2021-05-20 09:27:00,NSE:APLAPOLLO,1272.0,1273.0,1270.0,1270.0,585.0
2021-05-20 09:30:00,NSE:APLAPOLLO,1273.85,1275.1,1271.05,1271.4,756.0
2021-05-20 09:33:00,NSE:APLAPOLLO,1272.75,1275.35,1271.4,1275.35,334.0
2021-05-20 09:36:00,NSE:APLAPOLLO,1275.4,1275.75,1272.0,1275.0,885.0
2021-05-20 09:39:00,NSE:APLAPOLLO,1274.9,1275.0,1272.1,1272.1,280.0
2021-05-20 09:42:00,NSE:APLAPOLLO,1272.0,1272.0,1263.2,1266.8,1553.0
2021-05-20 09:45:00,NSE:APLAPOLLO,1265.05,1269.9,1265.05,1269.9,759.0
2021-05-20 09:48:00,NSE:APLAPOLLO,1269.8,1274.0,1269.8,1270.0,501.0
2021-05-20 09:51:00,NSE:APLAPOLLO,1271.5,1274.85,1271.5,1274.85,123.0
2021-05-20 09:54:00,NSE:APLAPOLLO,1275.0,1275.0,1271.8,1273.5,1642.0
2021-05-20 09:57:00,NSE:APLAPOLLO,1272.4,1272.4,1267.35,1271.2,504.0
2021-05-20 10:00:00,NSE:APLAPOLLO,1270.8,1274.95,1269.7,1274.95,3149.0
2021-05-20 10:03:00,NSE:APLAPOLLO,1275.0,1275.0,1271.05,1271.05,339.0
2021-05-20 10:06:00,NSE:APLAPOLLO,1275.0,1275.0,1272.1,1274.0,2148.0
2021-05-20 10:09:00,NSE:APLAPOLLO,1275.0,1275.0,1273.6,1273.6,203.0
2021-05-20 10:12:00,NSE:APLAPOLLO,1273.6,1276.75,1273.6,1276.75,141.0
2021-05-20 10:15:00,NSE:APLAPOLLO,1277.1,1281.4,1275.25,1278.25,386.0
2021-05-20 10:18:00,NSE:APLAPOLLO,1277.35,1277.35,1272.0,1275.45,904.0
2021-05-20 10:21:00,NSE:APLAPOLLO,1277.95,1281.0,1277.95,1279.5,346.0
2021-05-20 10:24:00,NSE:APLAPOLLO,1279.5,1279.5,1276.0,1276.35,255.0
2021-05-20 10:27:00,NSE:APLAPOLLO,1277.15,1277.65,1276.35,1276.35,48.0
2021-05-20 10:30:00,NSE:APLAPOLLO,1277.9,1278.0,1276.55,1276.75,116.0
2021-05-20 10:33:00,NSE:APLAPOLLO,1278.3,1278.3,1275.0,1276.8,912.0
2021-05-20 10:36:00,NSE:APLAPOLLO,1275.1,1281.5,1275.1,1280.55,661.0
2021-05-20 10:39:00,NSE:APLAPOLLO,1280.55,1281.15,1278.0,1278.0,178.0
2021-05-20 10:42:00,NSE:APLAPOLLO,1279.15,1282.0,1279.15,1280.95,284.0
2021-05-20 10:45:00,NSE:APLAPOLLO,1282.45,1284.9,1280.0,1284.9,567.0
2021-05-20 10:48:00,NSE:APLAPOLLO,1280.8,1285.0,1280.8,1285.0,63.0
2021-05-20 10:51:00,NSE:APLAPOLLO,1286.0,1286.5,1282.2,1283.1,215.0
2021-05-20 10:54:00,NSE:APLAPOLLO,1283.1,1289.95,1283.1,1285.4,577.0
2021-05-20 10:57:00,NSE:APLAPOLLO,1282.4,1287.6,1280.0,1280.0,1705.0
2021-05-20 11:00:00,NSE:APLAPOLLO,1279.25,1279.35,1270.0,1270.0,1755.0
2021-05-20 11:03:00,NSE:APLAPOLLO,1270.55,1277.95,1270.0,1277.65,166.0
2021-05-20 11:06:00,NSE:APLAPOLLO,1277.65,1282.4,1277.6,1279.9,229.0
2021-05-20 11:09:00,NSE:APLAPOLLO,1281.5,1282.0,1279.75,1282.0,45.0
2021-05-20 11:12:00,NSE:APLAPOLLO,1282.0,1282.75,1278.8,1280.5,270.0
2021-05-20 11:15:00,NSE:APLAPOLLO,1279.05,1280.15,1279.05,1280.15,24.0
2021-05-20 11:18:00,NSE:APLAPOLLO,1280.05,1281.55,1280.05,1280.05,39.0
2021-05-20 11:21:00,NSE:APLAPOLLO,1280.05,1281.95,1279.95,1281.8,131.0
2021-05-20 11:24:00,NSE:APLAPOLLO,1279.0,1280.2,1279.0,1279.95,126.0
2021-05-20 11:27:00,NSE:APLAPOLLO,1279.95,1279.95,1279.0,1279.0,139.0
2021-05-20 11:30:00,NSE:APLAPOLLO,1279.05,1279.95,1279.05,1279.95,190.0
2021-05-20 11:33:00,NSE:APLAPOLLO,1279.95,1284.7,1279.95,1283.3,214.0
2021-05-20 11:36:00,NSE:APLAPOLLO,1284.95,1284.95,1283.35,1283.35,25.0
2021-05-20 11:39:00,NSE:APLAPOLLO,1283.35,1285.0,1280.0,1281.9,812.0
2021-05-20 11:42:00,NSE:APLAPOLLO,1281.95,1282.85,1281.1,1282.85,38.0
2021-05-20 11:45:00,NSE:APLAPOLLO,1283.4,1284.15,1283.4,1283.8,58.0
2021-05-20 11:48:00,NSE:APLAPOLLO,1283.8,1283.8,1277.55,1277.55,426.0
2021-05-20 11:51:00,NSE:APLAPOLLO,1279.95,1279.95,1279.95,1279.95,102.0
2021-05-20 11:54:00,NSE:APLAPOLLO,1277.95,1278.1,1275.0,1278.1,219.0
2021-05-20 11:57:00,NSE:APLAPOLLO,1278.1,1278.6,1269.5,1269.5,1524.0
2021-05-20 12:00:00,NSE:APLAPOLLO,1268.75,1270.0,1267.6,1269.4,166.0
2021-05-20 12:03:00,NSE:APLAPOLLO,1270.0,1273.3,1269.4,1273.3,1544.0
2021-05-20 12:06:00,NSE:APLAPOLLO,1273.3,1275.75,1272.0,1275.5,287.0
2021-05-20 12:09:00,NSE:APLAPOLLO,1275.5,1280.5,1275.45,1277.25,288.0
2021-05-20 12:12:00,NSE:APLAPOLLO,1277.1,1277.1,1277.1,1277.1,17.0
2021-05-20 12:15:00,NSE:APLAPOLLO,1276.1,1280.0,1276.1,1279.75,223.0
2021-05-20 12:18:00,NSE:APLAPOLLO,1280.0,1280.0,1275.75,1279.0,340.0
2021-05-20 12:21:00,NSE:APLAPOLLO,1279.0,1280.0,1276.15,1280.0,417.0
2021-05-20 12:24:00,NSE:APLAPOLLO,1280.4,1280.75,1280.4,1280.75,94.0
2021-05-20 12:27:00,NSE:APLAPOLLO,1280.5,1280.5,1278.25,1278.85,113.0
2021-05-20 12:30:00,NSE:APLAPOLLO,1278.85,1278.85,1274.8,1275.0,427.0
2021-05-20 12:33:00,NSE:APLAPOLLO,1275.7,1277.15,1274.65,1275.5,156.0
2021-05-20 12:36:00,NSE:APLAPOLLO,1275.5,1277.35,1275.0,1275.1,142.0
2021-05-20 12:39:00,NSE:APLAPOLLO,1275.65,1276.2,1274.0,1274.0,157.0
2021-05-20 12:42:00,NSE:APLAPOLLO,1275.15,1275.15,1274.95,1275.0,68.0
2021-05-20 12:45:00,NSE:APLAPOLLO,1276.45,1276.8,1275.0,1275.0,148.0
2021-05-20 12:48:00,NSE:APLAPOLLO,1275.0,1275.0,1275.0,1275.0,28.0
2021-05-20 12:51:00,NSE:APLAPOLLO,1276.5,1277.65,1272.0,1275.0,1077.0
2021-05-20 12:54:00,NSE:APLAPOLLO,1277.7,1277.7,1275.0,1276.7,898.0
2021-05-20 12:57:00,NSE:APLAPOLLO,1274.95,1277.75,1274.0,1275.0,961.0
2021-05-20 13:00:00,NSE:APLAPOLLO,1276.4,1277.5,1273.05,1275.0,939.0
2021-05-20 13:03:00,NSE:APLAPOLLO,1276.95,1277.45,1273.75,1277.4,896.0
2021-05-20 13:06:00,NSE:APLAPOLLO,1276.45,1278.6,1274.5,1276.55,1042.0
2021-05-20 13:09:00,NSE:APLAPOLLO,1276.75,1278.95,1272.0,1278.85,738.0
2021-05-20 13:12:00,NSE:APLAPOLLO,1278.95,1278.95,1269.8,1277.5,2265.0
2021-05-20 13:15:00,NSE:APLAPOLLO,1277.5,1278.9,1277.0,1278.5,736.0
2021-05-20 13:18:00,NSE:APLAPOLLO,1278.5,1280.0,1278.5,1279.9,338.0
2021-05-20 13:21:00,NSE:APLAPOLLO,1279.9,1279.9,1275.0,1275.0,907.0
2021-05-20 13:24:00,NSE:APLAPOLLO,1275.0,1275.0,1273.0,1275.0,528.0
2021-05-20 13:27:00,NSE:APLAPOLLO,1275.0,1276.9,1273.6,1276.65,348.0
2021-05-20 13:30:00,NSE:APLAPOLLO,1276.65,1277.6,1276.65,1277.6,11.0
2021-05-20 13:33:00,NSE:APLAPOLLO,1277.6,1278.0,1275.6,1275.6,251.0
2021-05-20 13:36:00,NSE:APLAPOLLO,1275.6,1275.6,1274.2,1275.0,87.0
2021-05-20 13:39:00,NSE:APLAPOLLO,1275.0,1276.45,1274.4,1276.45,143.0
2021-05-20 13:42:00,NSE:APLAPOLLO,1276.45,1279.6,1275.0,1278.35,261.0
2021-05-20 13:45:00,NSE:APLAPOLLO,1278.9,1284.0,1278.0,1280.75,1782.0
2021-05-20 13:48:00,NSE:APLAPOLLO,1280.75,1281.0,1280.0,1281.0,150.0
2021-05-20 13:51:00,NSE:APLAPOLLO,1281.0,1282.7,1280.5,1280.5,119.0
2021-05-20 13:54:00,NSE:APLAPOLLO,1280.0,1281.7,1280.0,1280.0,397.0
2021-05-20 13:57:00,NSE:APLAPOLLO,1280.0,1282.5,1280.0,1280.0,354.0
2021-05-20 14:00:00,NSE:APLAPOLLO,1284.9,1284.9,1282.0,1282.0,649.0
2021-05-20 14:03:00,NSE:APLAPOLLO,1280.05,1281.55,1280.05,1280.05,11.0
2021-05-20 14:06:00,NSE:APLAPOLLO,1280.0,1281.85,1280.0,1280.4,238.0
2021-05-20 14:09:00,NSE:APLAPOLLO,1280.3,1280.3,1279.95,1279.95,262.0
2021-05-20 14:12:00,NSE:APLAPOLLO,1277.6,1279.15,1277.6,1278.9,70.0
2021-05-20 14:15:00,NSE:APLAPOLLO,1277.6,1277.6,1275.1,1275.65,241.0
2021-05-20 14:18:00,NSE:APLAPOLLO,1275.7,1277.95,1275.7,1276.75,344.0
2021-05-20 14:21:00,NSE:APLAPOLLO,1277.0,1277.0,1275.0,1275.05,301.0
2021-05-20 14:24:00,NSE:APLAPOLLO,1274.5,1274.5,1272.8,1272.85,489.0
2021-05-20 14:27:00,NSE:APLAPOLLO,1274.6,1274.75,1272.95,1273.9,107.0
2021-05-20 14:30:00,NSE:APLAPOLLO,1273.9,1274.4,1273.05,1273.1,126.0
2021-05-20 14:33:00,NSE:APLAPOLLO,1273.1,1274.3,1273.05,1273.1,187.0
2021-05-20 14:36:00,NSE:APLAPOLLO,1274.1,1274.1,1273.3,1274.1,104.0
2021-05-20 14:39:00,NSE:APLAPOLLO,1274.1,1274.1,1274.0,1274.0,170.0
2021-05-20 14:42:00,NSE:APLAPOLLO,1273.85,1274.0,1273.75,1273.9,162.0
2021-05-20 14:45:00,NSE:APLAPOLLO,1273.75,1273.9,1270.35,1271.6,405.0
2021-05-20 14:48:00,NSE:APLAPOLLO,1270.4,1270.4,1270.4,1270.4,25.0
2021-05-20 14:51:00,NSE:APLAPOLLO,1270.4,1273.25,1270.4,1273.2,129.0
2021-05-20 14:54:00,NSE:APLAPOLLO,1272.15,1273.25,1272.15,1273.25,34.0
2021-05-20 14:57:00,NSE:APLAPOLLO,1271.9,1271.9,1269.0,1269.0,385.0
2021-05-20 15:00:00,NSE:APLAPOLLO,1270.0,1270.0,1266.55,1266.6,598.0
2021-05-20 15:03:00,NSE:APLAPOLLO,1266.65,1269.95,1265.5,1268.75,578.0
2021-05-20 15:06:00,NSE:APLAPOLLO,1269.5,1269.95,1267.0,1269.95,210.0
2021-05-20 15:09:00,NSE:APLAPOLLO,1270.0,1271.95,1269.55,1271.0,555.0
2021-05-20 15:12:00,NSE:APLAPOLLO,1271.0,1271.0,1265.5,1265.6,811.0
2021-05-20 15:15:00,NSE:APLAPOLLO,1265.65,1268.05,1265.35,1266.4,818.0
2021-05-20 15:18:00,NSE:APLAPOLLO,1271.05,1271.05,1266.4,1267.75,1568.0
2021-05-20 15:21:00,NSE:APLAPOLLO,1267.25,1267.3,1265.0,1265.0,3300.0
2021-05-20 15:24:00,NSE:APLAPOLLO,1265.0,1269.45,1265.0,1265.0,1408.0
2021-05-20 15:27:00,NSE:APLAPOLLO,1265.05,1266.0,1264.4,1266.0,662.0
2021-05-20 15:42:00,NSE:APLAPOLLO,1266.75,1266.75,1266.75,1266.75,5.0
2021-05-21 09:06:00,NSE:APLAPOLLO,1267.0,1267.0,1267.0,1267.0,35.0
2021-05-21 09:15:00,NSE:APLAPOLLO,1279.4,1280.95,1271.4,1278.1,1844.0
2021-05-21 09:18:00,NSE:APLAPOLLO,1278.25,1285.0,1278.25,1282.85,1033.0
2021-05-21 09:21:00,NSE:APLAPOLLO,1283.75,1284.5,1280.0,1281.95,241.0
2021-05-21 09:24:00,NSE:APLAPOLLO,1280.4,1281.75,1275.0,1278.75,3026.0
2021-05-21 09:27:00,NSE:APLAPOLLO,1276.4,1280.95,1276.0,1276.75,1725.0
2021-05-21 09:30:00,NSE:APLAPOLLO,1276.05,1278.25,1272.45,1272.45,521.0
2021-05-21 09:33:00,NSE:APLAPOLLO,1272.5,1278.85,1272.35,1276.9,328.0
2021-05-21 09:36:00,NSE:APLAPOLLO,1276.95,1277.75,1276.0,1277.75,101.0
2021-05-21 09:39:00,NSE:APLAPOLLO,1276.85,1277.75,1275.65,1275.65,201.0
2021-05-21 09:42:00,NSE:APLAPOLLO,1275.15,1277.15,1275.15,1276.35,172.0
2021-05-21 09:45:00,NSE:APLAPOLLO,1276.3,1276.3,1269.8,1272.0,764.0
2021-05-21 09:48:00,NSE:APLAPOLLO,1272.0,1279.1,1272.0,1279.0,1204.0
2021-05-21 09:51:00,NSE:APLAPOLLO,1279.0,1279.0,1273.65,1274.95,661.0
2021-05-21 09:54:00,NSE:APLAPOLLO,1274.0,1275.35,1273.6,1274.85,600.0
2021-05-21 09:57:00,NSE:APLAPOLLO,1273.6,1274.25,1272.25,1273.45,290.0
2021-05-21 10:00:00,NSE:APLAPOLLO,1272.55,1274.15,1272.5,1272.9,314.0
2021-05-21 10:03:00,NSE:APLAPOLLO,1273.9,1274.2,1272.65,1274.2,57.0
2021-05-21 10:06:00,NSE:APLAPOLLO,1273.0,1274.8,1272.55,1274.0,442.0
2021-05-21 10:09:00,NSE:APLAPOLLO,1272.65,1273.95,1272.0,1272.0,520.0
2021-05-21 10:12:00,NSE:APLAPOLLO,1272.95,1273.95,1272.0,1272.95,743.0
2021-05-21 10:15:00,NSE:APLAPOLLO,1272.7,1272.7,1270.35,1272.05,1353.0
2021-05-21 10:18:00,NSE:APLAPOLLO,1271.1,1272.0,1270.55,1270.55,110.0
2021-05-21 10:21:00,NSE:APLAPOLLO,1270.55,1271.9,1267.95,1269.9,1090.0
2021-05-21 10:24:00,NSE:APLAPOLLO,1268.65,1270.5,1268.65,1269.5,150.0
2021-05-21 10:27:00,NSE:APLAPOLLO,1269.5,1283.35,1269.5,1275.75,3627.0
2021-05-21 10:30:00,NSE:APLAPOLLO,1274.75,1275.6,1273.2,1273.2,45.0
2021-05-21 10:33:00,NSE:APLAPOLLO,1273.25,1274.45,1273.0,1273.1,112.0
2021-05-21 10:36:00,NSE:APLAPOLLO,1273.2,1277.0,1273.2,1275.1,249.0
2021-05-21 10:39:00,NSE:APLAPOLLO,1274.9,1276.4,1273.85,1273.85,798.0
2021-05-21 10:42:00,NSE:APLAPOLLO,1273.1,1273.25,1271.8,1271.8,201.0
2021-05-21 10:45:00,NSE:APLAPOLLO,1271.5,1271.5,1270.0,1270.6,667.0
2021-05-21 10:48:00,NSE:APLAPOLLO,1270.05,1271.5,1270.05,1270.25,79.0
2021-05-21 10:51:00,NSE:APLAPOLLO,1270.05,1271.8,1270.0,1270.1,213.0
2021-05-21 10:54:00,NSE:APLAPOLLO,1270.1,1271.3,1268.85,1270.05,121.0
2021-05-21 10:57:00,NSE:APLAPOLLO,1270.05,1270.05,1268.0,1268.25,142.0
2021-05-21 11:00:00,NSE:APLAPOLLO,1268.25,1268.25,1266.0,1268.0,815.0
2021-05-21 11:03:00,NSE:APLAPOLLO,1267.5,1269.7,1267.5,1269.45,226.0
2021-05-21 11:06:00,NSE:APLAPOLLO,1267.5,1269.0,1267.0,1267.0,302.0
2021-05-21 11:09:00,NSE:APLAPOLLO,1267.0,1268.1,1265.0,1265.0,608.0
2021-05-21 11:12:00,NSE:APLAPOLLO,1264.35,1266.05,1264.35,1264.6,135.0
2021-05-21 11:15:00,NSE:APLAPOLLO,1264.6,1265.9,1264.55,1265.9,254.0
2021-05-21 11:18:00,NSE:APLAPOLLO,1264.8,1265.95,1264.8,1265.25,67.0
2021-05-21 11:21:00,NSE:APLAPOLLO,1265.25,1268.65,1263.65,1265.15,507.0
2021-05-21 11:24:00,NSE:APLAPOLLO,1264.2,1273.45,1263.0,1267.85,1138.0
2021-05-21 11:27:00,NSE:APLAPOLLO,1269.35,1273.05,1269.35,1271.3,314.0
2021-05-21 11:30:00,NSE:APLAPOLLO,1271.25,1271.25,1267.1,1269.6,380.0
2021-05-21 11:33:00,NSE:APLAPOLLO,1267.45,1270.0,1266.5,1270.0,337.0
2021-05-21 11:36:00,NSE:APLAPOLLO,1268.15,1269.75,1266.0,1266.0,405.0
2021-05-21 11:39:00,NSE:APLAPOLLO,1266.0,1269.0,1262.0,1264.85,1571.0
2021-05-21 11:42:00,NSE:APLAPOLLO,1262.55,1264.7,1262.55,1263.0,285.0
2021-05-21 11:45:00,NSE:APLAPOLLO,1263.2,1265.35,1263.2,1264.9,79.0
2021-05-21 11:48:00,NSE:APLAPOLLO,1264.9,1265.85,1264.9,1265.25,60.0
2021-05-21 11:51:00,NSE:APLAPOLLO,1264.9,1266.0,1263.9,1265.5,218.0
2021-05-21 11:54:00,NSE:APLAPOLLO,1264.45,1265.15,1260.0,1260.8,1323.0
2021-05-21 11:57:00,NSE:APLAPOLLO,1260.0,1261.85,1258.0,1259.1,632.0
2021-05-21 12:00:00,NSE:APLAPOLLO,1259.0,1259.45,1256.45,1258.7,509.0
2021-05-21 12:03:00,NSE:APLAPOLLO,1256.45,1258.15,1256.45,1258.0,93.0
2021-05-21 12:06:00,NSE:APLAPOLLO,1258.0,1259.0,1257.2,1258.1,113.0
2021-05-21 12:09:00,NSE:APLAPOLLO,1258.0,1258.0,1255.0,1255.0,665.0
2021-05-21 12:12:00,NSE:APLAPOLLO,1255.25,1256.2,1253.7,1255.05,196.0
2021-05-21 12:15:00,NSE:APLAPOLLO,1255.05,1256.1,1254.45,1255.65,344.0
2021-05-21 12:18:00,NSE:APLAPOLLO,1255.75,1256.25,1254.5,1254.5,670.0
2021-05-21 12:21:00,NSE:APLAPOLLO,1255.3,1256.2,1251.25,1255.3,925.0
2021-05-21 12:24:00,NSE:APLAPOLLO,1255.3,1256.25,1254.45,1254.45,474.0
2021-05-21 12:27:00,NSE:APLAPOLLO,1254.0,1255.45,1253.0,1255.45,1132.0
2021-05-21 12:30:00,NSE:APLAPOLLO,1255.45,1256.25,1254.9,1255.0,472.0
2021-05-21 12:33:00,NSE:APLAPOLLO,1255.0,1256.25,1255.0,1256.25,619.0
2021-05-21 12:36:00,NSE:APLAPOLLO,1256.25,1256.25,1256.2,1256.25,1418.0
2021-05-21 12:39:00,NSE:APLAPOLLO,1256.25,1261.3,1256.25,1261.3,1770.0
2021-05-21 12:42:00,NSE:APLAPOLLO,1261.85,1263.7,1258.65,1258.65,162.0
2021-05-21 12:45:00,NSE:APLAPOLLO,1257.45,1258.25,1254.0,1254.0,333.0
2021-05-21 12:48:00,NSE:APLAPOLLO,1256.4,1258.3,1256.4,1258.3,15.0
2021-05-21 12:51:00,NSE:APLAPOLLO,1258.3,1259.0,1258.3,1259.0,356.0
2021-05-21 12:54:00,NSE:APLAPOLLO,1258.85,1259.0,1258.05,1258.75,1501.0
2021-05-21 12:57:00,NSE:APLAPOLLO,1258.7,1259.0,1256.3,1259.0,696.0
2021-05-21 13:00:00,NSE:APLAPOLLO,1258.1,1258.1,1258.1,1258.1,24.0
2021-05-21 13:03:00,NSE:APLAPOLLO,1258.0,1258.0,1256.0,1256.0,599.0
2021-05-21 13:06:00,NSE:APLAPOLLO,1258.0,1260.0,1258.0,1259.05,181.0
2021-05-21 13:09:00,NSE:APLAPOLLO,1260.0,1263.8,1260.0,1263.0,880.0
2021-05-21 13:12:00,NSE:APLAPOLLO,1263.0,1263.0,1260.0,1260.0,562.0
2021-05-21 13:15:00,NSE:APLAPOLLO,1262.65,1262.65,1249.9,1255.0,6642.0
2021-05-21 13:18:00,NSE:APLAPOLLO,1253.2,1255.0,1251.0,1251.0,533.0
2021-05-21 13:21:00,NSE:APLAPOLLO,1252.8,1253.45,1250.75,1253.1,1181.0
2021-05-21 13:24:00,NSE:APLAPOLLO,1253.8,1254.2,1253.8,1254.1,57.0
2021-05-21 13:27:00,NSE:APLAPOLLO,1254.2,1254.2,1247.15,1247.15,913.0
2021-05-21 13:30:00,NSE:APLAPOLLO,1247.9,1249.3,1245.0,1246.7,1247.0
2021-05-21 13:33:00,NSE:APLAPOLLO,1247.2,1249.95,1247.2,1249.95,170.0
2021-05-21 13:36:00,NSE:APLAPOLLO,1249.8,1249.8,1245.65,1248.0,765.0
2021-05-21 13:39:00,NSE:APLAPOLLO,1247.85,1247.85,1247.5,1247.5,25.0
2021-05-21 13:42:00,NSE:APLAPOLLO,1247.95,1251.15,1247.95,1251.15,130.0
2021-05-21 13:45:00,NSE:APLAPOLLO,1250.0,1251.5,1250.0,1250.0,123.0
2021-05-21 13:48:00,NSE:APLAPOLLO,1250.0,1250.0,1246.55,1246.55,319.0
2021-05-21 13:51:00,NSE:APLAPOLLO,1248.55,1248.7,1247.0,1248.0,190.0
2021-05-21 13:54:00,NSE:APLAPOLLO,1248.0,1253.8,1248.0,1251.7,453.0
2021-05-21 13:57:00,NSE:APLAPOLLO,1253.0,1253.0,1252.0,1252.65,47.0
2021-05-21 14:00:00,NSE:APLAPOLLO,1252.0,1252.0,1250.45,1250.45,57.0
2021-05-21 14:03:00,NSE:APLAPOLLO,1251.0,1251.0,1249.35,1251.0,596.0
2021-05-21 14:06:00,NSE:APLAPOLLO,1249.35,1250.75,1249.3,1250.0,410.0
2021-05-21 14:09:00,NSE:APLAPOLLO,1248.2,1249.55,1245.05,1248.4,991.0
2021-05-21 14:12:00,NSE:APLAPOLLO,1247.6,1249.85,1247.0,1249.65,76.0
2021-05-21 14:15:00,NSE:APLAPOLLO,1250.85,1252.0,1250.85,1251.95,303.0
2021-05-21 14:18:00,NSE:APLAPOLLO,1252.0,1255.1,1252.0,1254.9,919.0
2021-05-21 14:21:00,NSE:APLAPOLLO,1256.2,1256.4,1252.5,1252.5,131.0
2021-05-21 14:24:00,NSE:APLAPOLLO,1251.8,1254.05,1249.55,1249.55,379.0
2021-05-21 14:27:00,NSE:APLAPOLLO,1249.55,1251.0,1249.05,1250.45,197.0
2021-05-21 14:30:00,NSE:APLAPOLLO,1251.15,1251.15,1249.55,1250.85,120.0
2021-05-21 14:33:00,NSE:APLAPOLLO,1250.85,1252.15,1249.05,1251.15,611.0
2021-05-21 14:36:00,NSE:APLAPOLLO,1250.95,1254.55,1250.95,1253.7,78.0
2021-05-21 14:39:00,NSE:APLAPOLLO,1253.7,1253.7,1251.0,1252.65,360.0
2021-05-21 14:42:00,NSE:APLAPOLLO,1252.65,1253.7,1252.2,1253.15,190.0
2021-05-21 14:45:00,NSE:APLAPOLLO,1253.0,1254.35,1253.0,1254.35,271.0
2021-05-21 14:48:00,NSE:APLAPOLLO,1254.35,1258.0,1253.0,1253.0,410.0
2021-05-21 14:51:00,NSE:APLAPOLLO,1252.75,1254.05,1252.2,1253.95,397.0
2021-05-21 14:54:00,NSE:APLAPOLLO,1253.1,1255.45,1252.25,1252.25,308.0
2021-05-21 14:57:00,NSE:APLAPOLLO,1254.3,1254.3,1252.2,1252.2,99.0
2021-05-21 15:00:00,NSE:APLAPOLLO,1251.45,1251.45,1249.0,1249.0,726.0
2021-05-21 15:03:00,NSE:APLAPOLLO,1248.0,1249.95,1247.0,1249.75,184.0
2021-05-21 15:06:00,NSE:APLAPOLLO,1249.75,1252.85,1249.55,1251.5,460.0
2021-05-21 15:09:00,NSE:APLAPOLLO,1251.5,1254.0,1251.5,1254.0,226.0
2021-05-21 15:12:00,NSE:APLAPOLLO,1254.0,1257.2,1250.2,1252.7,572.0
2021-05-21 15:15:00,NSE:APLAPOLLO,1252.0,1257.0,1251.2,1254.95,1986.0
2021-05-21 15:18:00,NSE:APLAPOLLO,1253.5,1255.0,1252.05,1254.35,430.0
2021-05-21 15:21:00,NSE:APLAPOLLO,1254.05,1254.05,1252.05,1252.1,1081.0
2021-05-21 15:24:00,NSE:APLAPOLLO,1252.15,1252.2,1250.0,1251.0,355.0
2021-05-21 15:27:00,NSE:APLAPOLLO,1250.0,1251.85,1250.0,1250.95,551.0
2021-05-21 15:39:00,NSE:APLAPOLLO,1253.05,1253.05,1253.05,1253.05,2.0
2021-05-21 15:42:00,NSE:APLAPOLLO,1253.05,1253.05,1253.05,1253.05,2.0
2021-05-21 15:48:00,NSE:APLAPOLLO,1253.05,1253.05,1253.05,1253.05,3.0
2021-05-24 09:06:00,NSE:APLAPOLLO,1251.0,1251.0,1251.0,1251.0,877.0
2021-05-24 09:15:00,NSE:APLAPOLLO,1259.75,1262.0,1252.75,1255.0,1280.0
2021-05-24 09:18:00,NSE:APLAPOLLO,1255.0,1256.2,1252.0,1252.0,1251.0
2021-05-24 09:21:00,NSE:APLAPOLLO,1252.0,1252.0,1250.0,1250.4,649.0
2021-05-24 09:24:00,NSE:APLAPOLLO,1248.75,1248.75,1240.9,1242.75,1587.0
2021-05-24 09:27:00,NSE:APLAPOLLO,1244.0,1246.25,1240.0,1246.25,1385.0
2021-05-24 09:30:00,NSE:APLAPOLLO,1246.25,1249.35,1244.8,1249.35,639.0
2021-05-24 09:33:00,NSE:APLAPOLLO,1249.95,1252.1,1249.95,1251.95,1008.0
2021-05-24 09:36:00,NSE:APLAPOLLO,1250.75,1250.75,1245.0,1245.3,1156.0
2021-05-24 09:39:00,NSE:APLAPOLLO,1247.1,1248.95,1245.0,1245.05,440.0
2021-05-24 09:42:00,NSE:APLAPOLLO,1247.15,1250.1,1245.05,1250.1,700.0
2021-05-24 09:45:00,NSE:APLAPOLLO,1249.95,1249.95,1245.0,1246.0,924.0
2021-05-24 09:48:00,NSE:APLAPOLLO,1247.85,1248.7,1245.05,1246.55,413.0
2021-05-24 09:51:00,NSE:APLAPOLLO,1245.3,1248.8,1245.15,1245.15,335.0
2021-05-24 09:54:00,NSE:APLAPOLLO,1247.95,1247.95,1242.5,1242.5,563.0
2021-05-24 09:57:00,NSE:APLAPOLLO,1241.85,1244.65,1241.85,1242.1,483.0
2021-05-24 10:00:00,NSE:APLAPOLLO,1242.2,1245.1,1242.2,1243.7,414.0
2021-05-24 10:03:00,NSE:APLAPOLLO,1244.55,1246.9,1244.55,1246.5,464.0
2021-05-24 10:06:00,NSE:APLAPOLLO,1245.6,1246.45,1242.0,1242.25,634.0
2021-05-24 10:09:00,NSE:APLAPOLLO,1242.4,1243.85,1240.0,1242.7,452.0
2021-05-24 10:12:00,NSE:APLAPOLLO,1243.45,1251.65,1243.05,1250.0,1930.0
2021-05-24 10:15:00,NSE:APLAPOLLO,1251.0,1259.3,1250.0,1257.35,1426.0
2021-05-24 10:18:00,NSE:APLAPOLLO,1258.75,1258.75,1251.85,1252.95,5381.0
2021-05-24 10:21:00,NSE:APLAPOLLO,1252.4,1253.5,1247.7,1247.7,830.0
2021-05-24 10:24:00,NSE:APLAPOLLO,1245.0,1247.65,1243.1,1246.3,399.0
2021-05-24 10:27:00,NSE:APLAPOLLO,1246.05,1247.3,1243.0,1247.3,328.0
2021-05-24 10:30:00,NSE:APLAPOLLO,1245.15,1248.0,1244.0,1246.6,85.0
2021-05-24 10:33:00,NSE:APLAPOLLO,1247.7,1250.0,1245.3,1249.85,515.0
2021-05-24 10:36:00,NSE:APLAPOLLO,1250.0,1250.0,1248.2,1248.3,146.0
2021-05-24 10:39:00,NSE:APLAPOLLO,1249.8,1249.85,1245.0,1248.75,608.0
2021-05-24 10:42:00,NSE:APLAPOLLO,1249.45,1249.85,1247.8,1248.3,117.0
2021-05-24 10:45:00,NSE:APLAPOLLO,1249.6,1250.0,1248.25,1250.0,410.0
2021-05-24 10:48:00,NSE:APLAPOLLO,1250.0,1250.0,1249.05,1250.0,389.0
2021-05-24 10:51:00,NSE:APLAPOLLO,1248.2,1253.05,1248.05,1251.6,837.0
2021-05-24 10:54:00,NSE:APLAPOLLO,1251.9,1252.15,1250.0,1251.85,320.0
2021-05-24 10:57:00,NSE:APLAPOLLO,1252.15,1252.9,1250.0,1250.0,879.0
2021-05-24 11:00:00,NSE:APLAPOLLO,1250.45,1250.45,1245.8,1247.35,1568.0
2021-05-24 11:03:00,NSE:APLAPOLLO,1248.35,1252.7,1247.2,1252.7,62.0
2021-05-24 11:06:00,NSE:APLAPOLLO,1252.8,1252.8,1248.95,1248.95,370.0
2021-05-24 11:09:00,NSE:APLAPOLLO,1249.1,1249.1,1246.8,1248.9,438.0
2021-05-24 11:12:00,NSE:APLAPOLLO,1247.15,1248.0,1246.55,1246.55,572.0
2021-05-24 11:15:00,NSE:APLAPOLLO,1247.0,1247.95,1245.35,1245.85,223.0
2021-05-24 11:18:00,NSE:APLAPOLLO,1247.0,1247.0,1245.2,1245.2,269.0
2021-05-24 11:21:00,NSE:APLAPOLLO,1246.0,1247.95,1246.0,1247.85,186.0
2021-05-24 11:24:00,NSE:APLAPOLLO,1248.95,1249.45,1248.75,1249.45,49.0
2021-05-24 11:27:00,NSE:APLAPOLLO,1248.75,1250.55,1247.95,1249.3,137.0
2021-05-24 11:30:00,NSE:APLAPOLLO,1249.05,1249.25,1248.5,1248.5,109.0
2021-05-24 11:33:00,NSE:APLAPOLLO,1246.8,1248.2,1246.7,1247.55,589.0
2021-05-24 11:36:00,NSE:APLAPOLLO,1247.65,1249.25,1247.65,1247.9,227.0
2021-05-24 11:39:00,NSE:APLAPOLLO,1249.25,1249.45,1248.05,1249.4,122.0
2021-05-24 11:42:00,NSE:APLAPOLLO,1248.0,1249.5,1248.0,1248.2,153.0
2021-05-24 11:45:00,NSE:APLAPOLLO,1249.9,1250.55,1249.9,1250.55,407.0
2021-05-24 11:48:00,NSE:APLAPOLLO,1252.15,1252.95,1251.0,1251.0,323.0
2021-05-24 11:51:00,NSE:APLAPOLLO,1250.0,1251.0,1250.0,1251.0,189.0
2021-05-24 11:54:00,NSE:APLAPOLLO,1250.0,1250.0,1249.15,1249.15,238.0
2021-05-24 11:57:00,NSE:APLAPOLLO,1249.85,1251.55,1249.85,1251.55,144.0
2021-05-24 12:00:00,NSE:APLAPOLLO,1252.0,1252.05,1250.6,1252.0,541.0
2021-05-24 12:03:00,NSE:APLAPOLLO,1252.95,1253.15,1252.0,1252.1,356.0
2021-05-24 12:06:00,NSE:APLAPOLLO,1252.0,1253.0,1252.0,1252.05,325.0
2021-05-24 12:09:00,NSE:APLAPOLLO,1253.0,1260.0,1252.0,1260.0,1844.0
2021-05-24 12:12:00,NSE:APLAPOLLO,1259.0,1263.8,1258.95,1263.8,513.0
2021-05-24 12:15:00,NSE:APLAPOLLO,1264.0,1269.05,1264.0,1268.0,732.0
2021-05-24 12:18:00,NSE:APLAPOLLO,1268.85,1268.85,1265.35,1265.35,438.0
2021-05-24 12:21:00,NSE:APLAPOLLO,1265.0,1266.6,1264.8,1266.6,521.0
2021-05-24 12:24:00,NSE:APLAPOLLO,1266.3,1266.7,1265.0,1265.9,270.0
2021-05-24 12:27:00,NSE:APLAPOLLO,1265.95,1266.95,1265.0,1266.7,374.0
2021-05-24 12:30:00,NSE:APLAPOLLO,1266.1,1266.7,1265.15,1266.7,428.0
2021-05-24 12:33:00,NSE:APLAPOLLO,1266.7,1267.5,1266.7,1267.5,498.0
2021-05-24 12:36:00,NSE:APLAPOLLO,1266.75,1266.75,1263.85,1264.7,336.0
2021-05-24 12:39:00,NSE:APLAPOLLO,1263.85,1264.95,1263.85,1264.55,66.0
2021-05-24 12:42:00,NSE:APLAPOLLO,1263.85,1264.0,1260.65,1261.95,187.0
2021-05-24 12:45:00,NSE:APLAPOLLO,1262.95,1263.75,1260.8,1263.75,583.0
2021-05-24 12:48:00,NSE:APLAPOLLO,1263.95,1266.1,1262.75,1266.1,1383.0
2021-05-24 12:51:00,NSE:APLAPOLLO,1266.1,1266.9,1262.8,1262.8,685.0
2021-05-24 12:54:00,NSE:APLAPOLLO,1261.75,1263.45,1258.2,1259.85,527.0
2021-05-24 12:57:00,NSE:APLAPOLLO,1260.0,1260.0,1255.0,1258.4,516.0
2021-05-24 13:00:00,NSE:APLAPOLLO,1258.6,1258.6,1256.05,1257.0,640.0
2021-05-24 13:03:00,NSE:APLAPOLLO,1257.0,1260.0,1257.0,1258.05,512.0
2021-05-24 13:06:00,NSE:APLAPOLLO,1258.0,1258.35,1258.0,1258.0,514.0
2021-05-24 13:09:00,NSE:APLAPOLLO,1258.0,1260.0,1258.0,1258.15,368.0
2021-05-24 13:12:00,NSE:APLAPOLLO,1258.15,1258.15,1253.0,1253.0,624.0
2021-05-24 13:15:00,NSE:APLAPOLLO,1253.0,1255.65,1251.05,1252.0,730.0
2021-05-24 13:18:00,NSE:APLAPOLLO,1252.65,1255.7,1251.0,1251.6,1130.0
2021-05-24 13:21:00,NSE:APLAPOLLO,1251.5,1253.0,1251.3,1252.1,364.0
2021-05-24 13:24:00,NSE:APLAPOLLO,1252.0,1253.65,1251.0,1251.05,1323.0
2021-05-24 13:27:00,NSE:APLAPOLLO,1252.0,1254.55,1251.25,1251.25,454.0
2021-05-24 13:30:00,NSE:APLAPOLLO,1251.7,1256.1,1251.7,1256.1,22.0
2021-05-24 13:33:00,NSE:APLAPOLLO,1255.2,1259.8,1255.2,1259.1,216.0
2021-05-24 13:36:00,NSE:APLAPOLLO,1259.1,1259.85,1259.1,1259.75,214.0
2021-05-24 13:39:00,NSE:APLAPOLLO,1259.75,1259.75,1256.8,1258.25,427.0
2021-05-24 13:42:00,NSE:APLAPOLLO,1258.35,1258.35,1258.2,1258.2,58.0
2021-05-24 13:45:00,NSE:APLAPOLLO,1258.2,1258.35,1257.15,1258.35,80.0
2021-05-24 13:48:00,NSE:APLAPOLLO,1258.0,1259.5,1257.6,1259.3,86.0
2021-05-24 13:51:00,NSE:APLAPOLLO,1259.5,1259.8,1256.95,1256.95,378.0
2021-05-24 13:54:00,NSE:APLAPOLLO,1257.0,1258.25,1252.0,1252.0,1080.0
2021-05-24 13:57:00,NSE:APLAPOLLO,1251.0,1253.0,1251.0,1253.0,1516.0
2021-05-24 14:00:00,NSE:APLAPOLLO,1253.0,1256.55,1252.0,1256.55,34.0
2021-05-24 14:03:00,NSE:APLAPOLLO,1256.55,1258.15,1256.55,1258.0,95.0
2021-05-24 14:06:00,NSE:APLAPOLLO,1259.55,1259.6,1256.95,1257.15,281.0
2021-05-24 14:09:00,NSE:APLAPOLLO,1257.4,1258.35,1255.9,1255.9,215.0
2021-05-24 14:12:00,NSE:APLAPOLLO,1255.1,1255.4,1255.1,1255.4,4.0
2021-05-24 14:15:00,NSE:APLAPOLLO,1256.65,1258.0,1256.65,1258.0,111.0
2021-05-24 14:18:00,NSE:APLAPOLLO,1258.0,1259.1,1256.0,1256.0,1015.0
2021-05-24 14:21:00,NSE:APLAPOLLO,1258.1,1258.6,1257.2,1258.0,31.0
2021-05-24 14:24:00,NSE:APLAPOLLO,1258.0,1258.75,1257.55,1257.55,340.0
2021-05-24 14:27:00,NSE:APLAPOLLO,1256.05,1258.15,1256.05,1258.15,277.0
2021-05-24 14:30:00,NSE:APLAPOLLO,1258.0,1258.0,1257.0,1257.85,53.0
2021-05-24 14:33:00,NSE:APLAPOLLO,1257.85,1260.0,1257.85,1259.9,694.0
2021-05-24 14:36:00,NSE:APLAPOLLO,1259.35,1260.0,1259.35,1259.35,396.0
2021-05-24 14:39:00,NSE:APLAPOLLO,1259.35,1261.35,1259.35,1260.15,330.0
2021-05-24 14:42:00,NSE:APLAPOLLO,1261.0,1262.5,1260.8,1261.3,350.0
2021-05-24 14:45:00,NSE:APLAPOLLO,1261.3,1261.3,1260.15,1261.25,160.0
2021-05-24 14:48:00,NSE:APLAPOLLO,1261.25,1261.25,1258.1,1258.15,469.0
2021-05-24 14:51:00,NSE:APLAPOLLO,1258.15,1259.9,1258.15,1259.9,618.0
2021-05-24 14:54:00,NSE:APLAPOLLO,1259.0,1260.0,1258.9,1260.0,167.0
2021-05-24 14:57:00,NSE:APLAPOLLO,1260.0,1263.0,1260.0,1263.0,557.0
2021-05-24 15:00:00,NSE:APLAPOLLO,1263.5,1264.6,1258.95,1258.95,960.0
2021-05-24 15:03:00,NSE:APLAPOLLO,1258.95,1259.95,1255.0,1255.0,1700.0
2021-05-24 15:06:00,NSE:APLAPOLLO,1253.15,1253.15,1250.25,1250.25,1913.0
2021-05-24 15:09:00,NSE:APLAPOLLO,1250.25,1251.55,1250.1,1250.45,1208.0
2021-05-24 15:12:00,NSE:APLAPOLLO,1251.1,1252.65,1250.5,1252.65,421.0
2021-05-24 15:15:00,NSE:APLAPOLLO,1252.75,1253.0,1251.1,1252.0,591.0
2021-05-24 15:18:00,NSE:APLAPOLLO,1252.55,1255.45,1251.1,1251.1,608.0
2021-05-24 15:21:00,NSE:APLAPOLLO,1251.5,1254.05,1250.0,1253.7,1942.0
2021-05-24 15:24:00,NSE:APLAPOLLO,1254.05,1254.05,1251.05,1251.1,246.0
2021-05-24 15:27:00,NSE:APLAPOLLO,1252.0,1252.0,1245.0,1247.0,1300.0
2021-05-24 15:48:00,NSE:APLAPOLLO,1253.3,1253.3,1253.3,1253.3,8.0
2021-05-25 09:06:00,NSE:APLAPOLLO,1254.0,1254.0,1254.0,1254.0,100.0
2021-05-25 09:15:00,NSE:APLAPOLLO,1257.35,1257.45,1250.95,1254.75,611.0
2021-05-25 09:18:00,NSE:APLAPOLLO,1254.7,1263.95,1254.7,1259.55,1593.0
2021-05-25 09:21:00,NSE:APLAPOLLO,1259.45,1259.45,1256.7,1256.9,265.0
2021-05-25 09:24:00,NSE:APLAPOLLO,1256.9,1258.75,1256.9,1257.05,150.0
2021-05-25 09:27:00,NSE:APLAPOLLO,1257.05,1258.0,1256.1,1257.0,433.0
2021-05-25 09:30:00,NSE:APLAPOLLO,1256.1,1256.8,1255.0,1256.8,164.0
2021-05-25 09:33:00,NSE:APLAPOLLO,1255.45,1258.4,1255.45,1255.55,332.0
2021-05-25 09:36:00,NSE:APLAPOLLO,1255.0,1255.0,1251.0,1253.25,1385.0
2021-05-25 09:39:00,NSE:APLAPOLLO,1252.3,1254.9,1252.3,1253.8,101.0
2021-05-25 09:42:00,NSE:APLAPOLLO,1255.15,1258.1,1255.15,1256.95,510.0
2021-05-25 09:45:00,NSE:APLAPOLLO,1258.1,1258.25,1256.75,1257.95,18.0
2021-05-25 09:48:00,NSE:APLAPOLLO,1256.25,1256.65,1256.0,1256.0,339.0
2021-05-25 09:51:00,NSE:APLAPOLLO,1256.3,1257.9,1256.0,1257.9,73.0
2021-05-25 09:54:00,NSE:APLAPOLLO,1257.9,1258.6,1256.05,1258.6,296.0
2021-05-25 09:57:00,NSE:APLAPOLLO,1256.9,1256.9,1256.0,1256.0,528.0
2021-05-25 10:00:00,NSE:APLAPOLLO,1257.2,1264.95,1256.0,1263.0,2192.0
2021-05-25 10:03:00,NSE:APLAPOLLO,1263.0,1264.75,1263.0,1263.05,416.0
2021-05-25 10:06:00,NSE:APLAPOLLO,1263.95,1263.95,1259.35,1259.35,328.0
2021-05-25 10:09:00,NSE:APLAPOLLO,1259.4,1261.2,1257.35,1257.35,361.0
2021-05-25 10:12:00,NSE:APLAPOLLO,1258.9,1259.95,1258.0,1258.2,1408.0
2021-05-25 10:15:00,NSE:APLAPOLLO,1258.1,1259.05,1255.5,1255.95,1785.0
2021-05-25 10:18:00,NSE:APLAPOLLO,1256.0,1257.2,1253.0,1253.7,725.0
2021-05-25 10:21:00,NSE:APLAPOLLO,1253.7,1254.2,1252.75,1254.2,321.0
2021-05-25 10:24:00,NSE:APLAPOLLO,1253.05,1255.65,1253.05,1255.65,778.0
2021-05-25 10:27:00,NSE:APLAPOLLO,1257.35,1257.35,1253.5,1253.5,1593.0
2021-05-25 10:30:00,NSE:APLAPOLLO,1255.0,1255.0,1254.0,1254.0,368.0
2021-05-25 10:33:00,NSE:APLAPOLLO,1253.5,1256.35,1253.5,1256.35,687.0
2021-05-25 10:36:00,NSE:APLAPOLLO,1257.45,1260.15,1257.0,1260.1,1534.0
2021-05-25 10:39:00,NSE:APLAPOLLO,1260.05,1260.05,1257.0,1260.0,2532.0
2021-05-25 10:42:00,NSE:APLAPOLLO,1261.0,1271.0,1261.0,1268.95,3925.0
2021-05-25 10:45:00,NSE:APLAPOLLO,1270.95,1279.5,1267.35,1276.05,12775.0
2021-05-25 10:48:00,NSE:APLAPOLLO,1276.05,1276.7,1269.75,1270.65,969.0
2021-05-25 10:51:00,NSE:APLAPOLLO,1269.85,1275.05,1267.4,1275.05,1259.0
2021-05-25 10:54:00,NSE:APLAPOLLO,1275.95,1275.95,1273.35,1275.0,234.0
2021-05-25 10:57:00,NSE:APLAPOLLO,1275.0,1275.95,1271.6,1272.0,1276.0
2021-05-25 11:00:00,NSE:APLAPOLLO,1271.95,1271.95,1270.55,1270.85,201.0
2021-05-25 11:03:00,NSE:APLAPOLLO,1271.8,1271.95,1271.0,1271.0,196.0
2021-05-25 11:06:00,NSE:APLAPOLLO,1271.0,1271.0,1270.0,1270.0,1499.0
2021-05-25 11:09:00,NSE:APLAPOLLO,1270.7,1270.7,1270.0,1270.0,179.0
2021-05-25 11:12:00,NSE:APLAPOLLO,1271.0,1271.0,1270.5,1270.75,198.0
2021-05-25 11:15:00,NSE:APLAPOLLO,1270.75,1272.6,1270.2,1272.0,303.0
2021-05-25 11:18:00,NSE:APLAPOLLO,1271.9,1271.95,1271.25,1271.25,53.0
2021-05-25 11:21:00,NSE:APLAPOLLO,1270.55,1275.0,1270.0,1273.0,1769.0
2021-05-25 11:24:00,NSE:APLAPOLLO,1273.0,1275.0,1271.5,1274.0,448.0
2021-05-25 11:27:00,NSE:APLAPOLLO,1273.85,1273.85,1272.3,1272.3,49.0
2021-05-25 11:30:00,NSE:APLAPOLLO,1273.85,1274.0,1272.05,1272.25,240.0
2021-05-25 11:33:00,NSE:APLAPOLLO,1273.15,1273.15,1269.7,1270.5,11793.0
2021-05-25 11:36:00,NSE:APLAPOLLO,1270.45,1270.45,1269.9,1270.0,1640.0
2021-05-25 11:39:00,NSE:APLAPOLLO,1270.0,1270.0,1268.85,1270.0,1201.0
2021-05-25 11:42:00,NSE:APLAPOLLO,1270.0,1270.0,1267.25,1270.0,968.0
2021-05-25 11:45:00,NSE:APLAPOLLO,1269.65,1270.4,1268.25,1270.4,898.0
2021-05-25 11:48:00,NSE:APLAPOLLO,1270.4,1271.55,1269.3,1270.0,1542.0
2021-05-25 11:51:00,NSE:APLAPOLLO,1269.3,1270.35,1269.3,1270.15,1034.0
2021-05-25 11:54:00,NSE:APLAPOLLO,1269.35,1270.25,1269.35,1270.25,982.0
2021-05-25 11:57:00,NSE:APLAPOLLO,1270.25,1270.65,1267.55,1270.2,13427.0
2021-05-25 12:00:00,NSE:APLAPOLLO,1269.6,1271.25,1266.9,1270.45,1004.0
2021-05-25 12:03:00,NSE:APLAPOLLO,1270.1,1270.9,1268.95,1270.0,1074.0
2021-05-25 12:06:00,NSE:APLAPOLLO,1270.05,1270.05,1267.35,1267.9,2637.0
2021-05-25 12:09:00,NSE:APLAPOLLO,1269.2,1270.35,1268.0,1269.75,969.0
2021-05-25 12:12:00,NSE:APLAPOLLO,1269.65,1271.45,1269.65,1271.45,1356.0
2021-05-25 12:15:00,NSE:APLAPOLLO,1273.35,1273.95,1271.55,1273.45,609.0
2021-05-25 12:18:00,NSE:APLAPOLLO,1273.45,1274.0,1271.65,1273.95,408.0
2021-05-25 12:21:00,NSE:APLAPOLLO,1273.95,1273.95,1271.65,1271.65,86.0
2021-05-25 12:24:00,NSE:APLAPOLLO,1271.25,1272.95,1270.0,1271.95,1360.0
2021-05-25 12:27:00,NSE:APLAPOLLO,1270.25,1270.25,1270.0,1270.1,549.0
2021-05-25 12:30:00,NSE:APLAPOLLO,1270.1,1270.1,1270.1,1270.1,4.0
2021-05-25 12:33:00,NSE:APLAPOLLO,1270.1,1272.4,1270.1,1272.1,871.0
2021-05-25 12:36:00,NSE:APLAPOLLO,1270.1,1271.6,1270.1,1271.2,202.0
2021-05-25 12:39:00,NSE:APLAPOLLO,1271.2,1271.6,1271.2,1271.6,23.0
2021-05-25 12:42:00,NSE:APLAPOLLO,1270.05,1272.1,1270.05,1272.0,178.0
2021-05-25 12:45:00,NSE:APLAPOLLO,1272.0,1272.05,1271.05,1272.05,45.0
2021-05-25 12:48:00,NSE:APLAPOLLO,1271.0,1272.5,1271.0,1271.3,655.0
2021-05-25 12:51:00,NSE:APLAPOLLO,1272.5,1273.7,1272.5,1273.0,322.0
2021-05-25 12:54:00,NSE:APLAPOLLO,1273.0,1273.5,1273.0,1273.0,113.0
2021-05-25 12:57:00,NSE:APLAPOLLO,1274.0,1274.0,1270.0,1270.0,8199.0
2021-05-25 13:00:00,NSE:APLAPOLLO,1270.05,1270.85,1270.05,1270.05,39.0
2021-05-25 13:03:00,NSE:APLAPOLLO,1270.15,1270.8,1270.0,1270.8,178.0
2021-05-25 13:06:00,NSE:APLAPOLLO,1271.0,1271.4,1270.1,1270.1,92.0
2021-05-25 13:09:00,NSE:APLAPOLLO,1270.1,1270.5,1270.0,1270.5,1193.0
2021-05-25 13:12:00,NSE:APLAPOLLO,1270.05,1270.5,1269.35,1269.5,194.0
2021-05-25 13:15:00,NSE:APLAPOLLO,1268.0,1271.0,1268.0,1270.0,3349.0
2021-05-25 13:18:00,NSE:APLAPOLLO,1267.3,1271.0,1265.0,1270.0,3353.0
2021-05-25 13:21:00,NSE:APLAPOLLO,1270.1,1274.0,1269.05,1270.95,1086.0
2021-05-25 13:24:00,NSE:APLAPOLLO,1270.0,1270.5,1270.0,1270.0,551.0
2021-05-25 13:27:00,NSE:APLAPOLLO,1270.6,1270.6,1270.0,1270.05,399.0
2021-05-25 13:30:00,NSE:APLAPOLLO,1270.05,1270.15,1270.0,1270.15,354.0
2021-05-25 13:33:00,NSE:APLAPOLLO,1270.15,1275.0,1270.05,1273.0,1841.0
2021-05-25 13:36:00,NSE:APLAPOLLO,1272.75,1272.75,1271.7,1272.75,3.0
2021-05-25 13:39:00,NSE:APLAPOLLO,1272.5,1272.75,1270.1,1272.75,343.0
2021-05-25 13:42:00,NSE:APLAPOLLO,1270.7,1272.0,1270.0,1271.4,262.0
2021-05-25 13:45:00,NSE:APLAPOLLO,1270.1,1271.2,1270.0,1271.2,103.0
2021-05-25 13:48:00,NSE:APLAPOLLO,1271.2,1271.65,1269.1,1270.9,7307.0
2021-05-25 13:51:00,NSE:APLAPOLLO,1269.0,1275.0,1269.0,1275.0,4318.0
2021-05-25 13:54:00,NSE:APLAPOLLO,1274.95,1274.95,1272.0,1273.75,243.0
2021-05-25 13:57:00,NSE:APLAPOLLO,1271.65,1273.45,1270.5,1272.0,141.0
2021-05-25 14:00:00,NSE:APLAPOLLO,1270.0,1271.95,1270.0,1271.6,686.0
2021-05-25 14:03:00,NSE:APLAPOLLO,1270.1,1272.0,1270.0,1271.9,887.0
2021-05-25 14:06:00,NSE:APLAPOLLO,1270.0,1271.7,1270.0,1271.4,526.0
2021-05-25 14:09:00,NSE:APLAPOLLO,1270.25,1272.0,1270.0,1272.0,1947.0
2021-05-25 14:12:00,NSE:APLAPOLLO,1272.0,1273.7,1270.05,1272.55,587.0
2021-05-25 14:15:00,NSE:APLAPOLLO,1272.1,1272.1,1270.0,1271.25,387.0
2021-05-25 14:18:00,NSE:APLAPOLLO,1270.0,1271.25,1270.0,1271.0,541.0
2021-05-25 14:21:00,NSE:APLAPOLLO,1270.0,1271.0,1270.0,1270.0,343.0
2021-05-25 14:24:00,NSE:APLAPOLLO,1270.0,1271.0,1270.0,1270.25,915.0
2021-05-25 14:27:00,NSE:APLAPOLLO,1270.0,1272.7,1270.0,1272.65,1086.0
2021-05-25 14:30:00,NSE:APLAPOLLO,1270.0,1274.6,1269.1,1274.55,2367.0
2021-05-25 14:33:00,NSE:APLAPOLLO,1275.0,1277.95,1275.0,1276.35,1152.0
2021-05-25 14:36:00,NSE:APLAPOLLO,1275.65,1276.0,1275.0,1275.0,716.0
2021-05-25 14:39:00,NSE:APLAPOLLO,1275.0,1276.4,1275.0,1276.05,312.0
2021-05-25 14:42:00,NSE:APLAPOLLO,1277.0,1280.35,1277.0,1280.35,1952.0
2021-05-25 14:45:00,NSE:APLAPOLLO,1279.2,1280.35,1275.1,1275.1,866.0
2021-05-25 14:48:00,NSE:APLAPOLLO,1275.0,1275.5,1275.0,1275.5,1723.0
2021-05-25 14:51:00,NSE:APLAPOLLO,1275.0,1275.5,1275.0,1275.0,1267.0
2021-05-25 14:54:00,NSE:APLAPOLLO,1275.0,1275.0,1270.5,1271.5,501.0
2021-05-25 14:57:00,NSE:APLAPOLLO,1270.5,1276.2,1270.0,1276.2,1496.0
2021-05-25 15:00:00,NSE:APLAPOLLO,1275.0,1276.4,1275.0,1275.25,664.0
2021-05-25 15:03:00,NSE:APLAPOLLO,1275.15,1275.15,1271.45,1273.35,781.0
2021-05-25 15:06:00,NSE:APLAPOLLO,1271.95,1273.3,1271.25,1272.8,448.0
2021-05-25 15:09:00,NSE:APLAPOLLO,1271.25,1272.8,1271.25,1272.5,214.0
2021-05-25 15:12:00,NSE:APLAPOLLO,1271.35,1272.4,1270.05,1272.35,830.0
2021-05-25 15:15:00,NSE:APLAPOLLO,1272.2,1272.25,1270.0,1271.3,2888.0
2021-05-25 15:18:00,NSE:APLAPOLLO,1271.3,1274.5,1270.35,1274.45,1384.0
2021-05-25 15:21:00,NSE:APLAPOLLO,1274.5,1274.5,1270.75,1271.3,3299.0
2021-05-25 15:24:00,NSE:APLAPOLLO,1271.25,1271.95,1270.0,1270.1,1686.0
2021-05-25 15:27:00,NSE:APLAPOLLO,1270.0,1271.95,1270.0,1270.0,2249.0
2021-05-25 15:39:00,NSE:APLAPOLLO,1271.65,1271.65,1271.65,1271.65,2.0
2021-05-25 15:42:00,NSE:APLAPOLLO,1271.65,1271.65,1271.65,1271.65,25.0
2021-05-25 15:48:00,NSE:APLAPOLLO,1271.65,1271.65,1270.0,1270.0,143.0
2021-05-26 09:06:00,NSE:APLAPOLLO,1284.95,1284.95,1284.95,1284.95,28.0
2021-05-26 09:15:00,NSE:APLAPOLLO,1271.55,1271.55,1252.2,1271.0,175204.0
2021-05-26 09:18:00,NSE:APLAPOLLO,1270.45,1271.45,1268.95,1268.95,255.0
2021-05-26 09:21:00,NSE:APLAPOLLO,1266.55,1268.55,1262.0,1262.0,786.0
2021-05-26 09:24:00,NSE:APLAPOLLO,1262.0,1271.6,1262.0,1266.05,1857.0
2021-05-26 09:27:00,NSE:APLAPOLLO,1265.1,1267.45,1263.1,1264.3,582.0
2021-05-26 09:30:00,NSE:APLAPOLLO,1267.1,1267.1,1260.0,1262.0,733.0
2021-05-26 09:33:00,NSE:APLAPOLLO,1262.0,1265.0,1262.0,1262.35,121.0
2021-05-26 09:36:00,NSE:APLAPOLLO,1262.55,1264.3,1262.1,1263.8,83.0
2021-05-26 09:39:00,NSE:APLAPOLLO,1263.0,1267.1,1263.0,1265.35,161.0
2021-05-26 09:42:00,NSE:APLAPOLLO,1266.05,1267.0,1266.0,1266.0,105.0
2021-05-26 09:45:00,NSE:APLAPOLLO,1266.05,1267.15,1266.0,1266.15,46.0
2021-05-26 09:48:00,NSE:APLAPOLLO,1266.1,1269.7,1266.0,1268.6,169.0
2021-05-26 09:51:00,NSE:APLAPOLLO,1269.55,1270.0,1266.0,1266.6,735.0
2021-05-26 09:54:00,NSE:APLAPOLLO,1266.45,1267.5,1265.15,1265.85,132.0
2021-05-26 09:57:00,NSE:APLAPOLLO,1265.65,1271.0,1265.65,1270.25,353.0
2021-05-26 10:00:00,NSE:APLAPOLLO,1269.05,1271.65,1268.1,1268.35,393.0
2021-05-26 10:03:00,NSE:APLAPOLLO,1268.1,1269.65,1268.1,1268.5,175.0
2021-05-26 10:06:00,NSE:APLAPOLLO,1268.5,1268.5,1268.1,1268.1,195.0
2021-05-26 10:09:00,NSE:APLAPOLLO,1268.1,1268.6,1265.65,1268.2,885.0
2021-05-26 10:12:00,NSE:APLAPOLLO,1268.2,1270.3,1266.7,1268.8,675.0
2021-05-26 10:15:00,NSE:APLAPOLLO,1268.2,1269.35,1267.0,1267.15,70.0
2021-05-26 10:18:00,NSE:APLAPOLLO,1267.15,1267.15,1265.25,1265.25,256.0
2021-05-26 10:21:00,NSE:APLAPOLLO,1264.1,1270.2,1262.6,1270.0,4289.0
2021-05-26 10:24:00,NSE:APLAPOLLO,1270.0,1270.05,1266.5,1268.0,2281.0
2021-05-26 10:27:00,NSE:APLAPOLLO,1266.55,1267.15,1263.2,1263.2,260.0
2021-05-26 10:30:00,NSE:APLAPOLLO,1263.55,1266.0,1262.75,1262.75,600.0
2021-05-26 10:33:00,NSE:APLAPOLLO,1263.5,1263.5,1262.5,1262.5,89.0
2021-05-26 10:36:00,NSE:APLAPOLLO,1262.5,1264.15,1262.45,1263.15,147.0
2021-05-26 10:39:00,NSE:APLAPOLLO,1263.05,1265.7,1263.05,1264.0,180.0
2021-05-26 10:42:00,NSE:APLAPOLLO,1264.0,1264.75,1262.7,1262.7,109.0
2021-05-26 10:45:00,NSE:APLAPOLLO,1262.7,1263.15,1262.05,1262.05,149.0
2021-05-26 10:48:00,NSE:APLAPOLLO,1262.05,1262.55,1261.0,1261.2,225.0
2021-05-26 10:51:00,NSE:APLAPOLLO,1261.15,1262.4,1261.15,1261.5,141.0
2021-05-26 10:54:00,NSE:APLAPOLLO,1261.5,1262.8,1261.5,1261.5,87.0
2021-05-26 10:57:00,NSE:APLAPOLLO,1261.5,1262.4,1261.0,1261.0,64.0
2021-05-26 11:00:00,NSE:APLAPOLLO,1261.0,1261.95,1260.25,1261.2,184.0
2021-05-26 11:03:00,NSE:APLAPOLLO,1260.45,1261.2,1256.0,1256.0,665.0
2021-05-26 11:06:00,NSE:APLAPOLLO,1256.75,1260.3,1256.75,1258.3,249.0
2021-05-26 11:09:00,NSE:APLAPOLLO,1258.2,1260.5,1257.75,1258.1,107.0
2021-05-26 11:12:00,NSE:APLAPOLLO,1258.1,1259.8,1258.1,1258.2,97.0
2021-05-26 11:15:00,NSE:APLAPOLLO,1258.2,1258.95,1257.2,1257.95,293.0
2021-05-26 11:18:00,NSE:APLAPOLLO,1257.4,1257.45,1256.5,1256.5,345.0
2021-05-26 11:21:00,NSE:APLAPOLLO,1256.65,1256.65,1253.05,1254.7,455.0
2021-05-26 11:24:00,NSE:APLAPOLLO,1254.7,1259.1,1254.0,1255.85,454.0
2021-05-26 11:27:00,NSE:APLAPOLLO,1255.85,1256.75,1253.0,1253.25,686.0
2021-05-26 11:30:00,NSE:APLAPOLLO,1254.35,1254.35,1250.0,1253.35,2837.0
2021-05-26 11:33:00,NSE:APLAPOLLO,1252.3,1255.2,1252.3,1255.2,189.0
2021-05-26 11:36:00,NSE:APLAPOLLO,1255.55,1257.5,1255.55,1255.9,83.0
2021-05-26 11:39:00,NSE:APLAPOLLO,1255.85,1257.55,1255.25,1256.15,69.0
2021-05-26 11:42:00,NSE:APLAPOLLO,1255.6,1257.05,1253.5,1254.8,242.0
2021-05-26 11:45:00,NSE:APLAPOLLO,1255.6,1256.85,1255.0,1256.0,129.0
2021-05-26 11:48:00,NSE:APLAPOLLO,1256.05,1257.15,1255.25,1255.25,155.0
2021-05-26 11:51:00,NSE:APLAPOLLO,1255.0,1255.6,1252.3,1252.3,537.0
2021-05-26 11:54:00,NSE:APLAPOLLO,1253.55,1255.15,1253.55,1254.2,163.0
2021-05-26 11:57:00,NSE:APLAPOLLO,1255.15,1257.2,1253.0,1253.35,527.0
2021-05-26 12:00:00,NSE:APLAPOLLO,1254.55,1254.75,1253.1,1254.75,48.0
2021-05-26 12:03:00,NSE:APLAPOLLO,1254.75,1254.75,1253.3,1253.5,73.0
2021-05-26 12:06:00,NSE:APLAPOLLO,1254.75,1254.75,1253.5,1254.75,59.0
2021-05-26 12:09:00,NSE:APLAPOLLO,1254.8,1255.15,1254.8,1255.15,235.0
2021-05-26 12:12:00,NSE:APLAPOLLO,1255.7,1258.0,1255.7,1257.9,338.0
2021-05-26 12:15:00,NSE:APLAPOLLO,1257.9,1260.0,1256.95,1256.95,910.0
2021-05-26 12:18:00,NSE:APLAPOLLO,1258.3,1258.3,1257.05,1257.05,29.0
2021-05-26 12:21:00,NSE:APLAPOLLO,1255.05,1255.8,1253.35,1255.5,604.0
2021-05-26 12:24:00,NSE:APLAPOLLO,1255.1,1255.1,1253.35,1253.35,50.0
2021-05-26 12:27:00,NSE:APLAPOLLO,1253.3,1254.45,1253.3,1254.0,46.0
2021-05-26 12:30:00,NSE:APLAPOLLO,1254.0,1254.0,1250.5,1250.5,508.0
2021-05-26 12:33:00,NSE:APLAPOLLO,1251.7,1252.0,1251.0,1251.0,777.0
2021-05-26 12:36:00,NSE:APLAPOLLO,1251.0,1251.95,1250.0,1251.0,592.0
2021-05-26 12:39:00,NSE:APLAPOLLO,1250.0,1250.0,1248.0,1249.95,1894.0
2021-05-26 12:42:00,NSE:APLAPOLLO,1249.95,1253.65,1249.0,1253.65,741.0
2021-05-26 12:45:00,NSE:APLAPOLLO,1253.65,1254.0,1250.45,1252.75,236.0
2021-05-26 12:48:00,NSE:APLAPOLLO,1252.7,1253.7,1252.35,1253.65,312.0
2021-05-26 12:51:00,NSE:APLAPOLLO,1253.65,1254.0,1253.65,1253.9,83.0
2021-05-26 12:54:00,NSE:APLAPOLLO,1253.9,1253.95,1252.35,1252.35,46.0
2021-05-26 12:57:00,NSE:APLAPOLLO,1252.0,1252.8,1251.25,1252.8,98.0
2021-05-26 13:00:00,NSE:APLAPOLLO,1252.75,1252.8,1250.0,1251.6,306.0
2021-05-26 13:03:00,NSE:APLAPOLLO,1250.0,1251.95,1250.0,1251.45,413.0
2021-05-26 13:06:00,NSE:APLAPOLLO,1250.0,1251.45,1250.0,1250.45,361.0
2021-05-26 13:09:00,NSE:APLAPOLLO,1251.8,1252.4,1251.25,1252.4,486.0
2021-05-26 13:12:00,NSE:APLAPOLLO,1252.0,1254.0,1252.0,1254.0,180.0
2021-05-26 13:15:00,NSE:APLAPOLLO,1254.35,1254.35,1253.95,1254.3,66.0
2021-05-26 13:18:00,NSE:APLAPOLLO,1254.35,1254.7,1254.0,1254.0,120.0
2021-05-26 13:21:00,NSE:APLAPOLLO,1254.0,1254.7,1254.0,1254.7,21.0
2021-05-26 13:24:00,NSE:APLAPOLLO,1254.95,1255.35,1254.25,1254.25,428.0
2021-05-26 13:27:00,NSE:APLAPOLLO,1255.7,1255.75,1255.0,1255.75,292.0
2021-05-26 13:30:00,NSE:APLAPOLLO,1255.9,1255.9,1254.05,1255.75,85.0
2021-05-26 13:33:00,NSE:APLAPOLLO,1255.75,1255.9,1254.05,1254.4,74.0
2021-05-26 13:36:00,NSE:APLAPOLLO,1254.0,1255.6,1254.0,1255.1,161.0
2021-05-26 13:39:00,NSE:APLAPOLLO,1255.3,1255.95,1255.1,1255.95,403.0
2021-05-26 13:42:00,NSE:APLAPOLLO,1255.95,1255.95,1252.9,1253.5,831.0
2021-05-26 13:48:00,NSE:APLAPOLLO,1253.8,1254.15,1250.45,1253.4,131.0
2021-05-26 13:51:00,NSE:APLAPOLLO,1250.45,1250.45,1250.45,1250.45,150.0
2021-05-26 13:54:00,NSE:APLAPOLLO,1252.55,1255.3,1250.65,1255.3,811.0
2021-05-26 13:57:00,NSE:APLAPOLLO,1254.6,1255.95,1254.45,1254.45,406.0
2021-05-26 14:00:00,NSE:APLAPOLLO,1255.85,1255.85,1253.85,1253.85,40.0
2021-05-26 14:03:00,NSE:APLAPOLLO,1255.35,1255.35,1254.05,1254.05,33.0
2021-05-26 14:06:00,NSE:APLAPOLLO,1255.0,1255.0,1254.05,1254.05,144.0
2021-05-26 14:09:00,NSE:APLAPOLLO,1254.95,1254.95,1254.95,1254.95,51.0
2021-05-26 14:12:00,NSE:APLAPOLLO,1254.95,1254.95,1251.3,1251.3,499.0
2021-05-26 14:15:00,NSE:APLAPOLLO,1251.3,1252.0,1251.3,1251.55,250.0
2021-05-26 14:18:00,NSE:APLAPOLLO,1252.0,1252.85,1251.5,1252.85,114.0
2021-05-26 14:21:00,NSE:APLAPOLLO,1252.85,1253.05,1251.5,1253.05,297.0
2021-05-26 14:24:00,NSE:APLAPOLLO,1253.55,1253.55,1252.0,1252.0,136.0
2021-05-26 14:27:00,NSE:APLAPOLLO,1252.25,1253.15,1251.55,1252.7,150.0
2021-05-26 14:30:00,NSE:APLAPOLLO,1251.55,1253.2,1251.5,1253.0,481.0
2021-05-26 14:33:00,NSE:APLAPOLLO,1252.8,1253.0,1252.75,1253.0,405.0
2021-05-26 14:36:00,NSE:APLAPOLLO,1253.25,1253.7,1252.85,1253.25,304.0
2021-05-26 14:39:00,NSE:APLAPOLLO,1254.95,1257.45,1254.95,1254.95,2282.0
2021-05-26 14:42:00,NSE:APLAPOLLO,1253.95,1257.35,1253.95,1257.35,145.0
2021-05-26 14:45:00,NSE:APLAPOLLO,1256.4,1261.15,1256.4,1260.0,4092.0
2021-05-26 14:48:00,NSE:APLAPOLLO,1260.0,1260.0,1254.5,1255.0,419.0
2021-05-26 14:51:00,NSE:APLAPOLLO,1253.1,1254.1,1252.65,1254.1,187.0
2021-05-26 14:54:00,NSE:APLAPOLLO,1252.7,1253.45,1251.0,1251.0,696.0
2021-05-26 14:57:00,NSE:APLAPOLLO,1250.7,1252.15,1250.7,1252.15,265.0
2021-05-26 15:00:00,NSE:APLAPOLLO,1252.15,1253.9,1252.15,1253.9,216.0
2021-05-26 15:03:00,NSE:APLAPOLLO,1254.45,1254.85,1253.55,1253.55,471.0
2021-05-26 15:06:00,NSE:APLAPOLLO,1251.45,1251.45,1250.1,1250.1,581.0
2021-05-26 15:09:00,NSE:APLAPOLLO,1250.1,1252.3,1250.1,1251.9,809.0
2021-05-26 15:12:00,NSE:APLAPOLLO,1252.45,1252.45,1245.6,1246.0,8097.0
2021-05-26 15:15:00,NSE:APLAPOLLO,1246.0,1249.7,1246.0,1248.65,987.0
2021-05-26 15:18:00,NSE:APLAPOLLO,1247.95,1248.35,1245.55,1247.7,1441.0
2021-05-26 15:21:00,NSE:APLAPOLLO,1248.0,1248.0,1245.55,1247.95,1042.0
2021-05-26 15:24:00,NSE:APLAPOLLO,1247.95,1247.95,1246.0,1247.0,1014.0
2021-05-26 15:27:00,NSE:APLAPOLLO,1247.0,1247.85,1245.5,1245.55,816.0
2021-05-26 15:39:00,NSE:APLAPOLLO,1249.25,1249.25,1245.55,1245.55,35.0
2021-05-26 15:42:00,NSE:APLAPOLLO,1249.25,1249.25,1249.25,1249.25,15.0
2021-05-26 15:45:00,NSE:APLAPOLLO,1249.25,1249.25,1249.25,1249.25,3.0
2021-05-26 15:51:00,NSE:APLAPOLLO,1249.25,1249.25,1245.55,1249.25,164.0
2021-05-27 09:06:00,NSE:APLAPOLLO,1251.0,1251.0,1251.0,1251.0,39.0
2021-05-27 09:15:00,NSE:APLAPOLLO,1257.95,1261.8,1255.45,1255.6,566.0
2021-05-27 09:18:00,NSE:APLAPOLLO,1251.0,1256.7,1247.05,1247.05,2595.0
2021-05-27 09:21:00,NSE:APLAPOLLO,1249.95,1250.35,1248.55,1249.8,1138.0
2021-05-27 09:24:00,NSE:APLAPOLLO,1250.0,1250.0,1247.05,1248.45,590.0
2021-05-27 09:27:00,NSE:APLAPOLLO,1248.45,1249.95,1248.1,1248.1,292.0
2021-05-27 09:30:00,NSE:APLAPOLLO,1247.3,1250.0,1247.3,1249.55,403.0
2021-05-27 09:33:00,NSE:APLAPOLLO,1249.05,1250.0,1247.5,1250.0,183.0
2021-05-27 09:36:00,NSE:APLAPOLLO,1250.0,1250.0,1247.25,1247.25,371.0
2021-05-27 09:39:00,NSE:APLAPOLLO,1248.0,1248.35,1246.05,1246.1,66.0
2021-05-27 09:42:00,NSE:APLAPOLLO,1246.5,1249.5,1246.5,1249.45,275.0
2021-05-27 09:45:00,NSE:APLAPOLLO,1249.45,1250.0,1248.75,1250.0,100.0
2021-05-27 09:48:00,NSE:APLAPOLLO,1250.0,1250.1,1248.75,1249.05,553.0
2021-05-27 09:51:00,NSE:APLAPOLLO,1247.3,1248.75,1247.3,1247.95,276.0
2021-05-27 09:54:00,NSE:APLAPOLLO,1247.95,1247.95,1243.0,1246.0,2037.0
2021-05-27 09:57:00,NSE:APLAPOLLO,1245.0,1245.5,1245.0,1245.0,84.0
2021-05-27 10:00:00,NSE:APLAPOLLO,1246.0,1246.0,1246.0,1246.0,300.0
2021-05-27 10:03:00,NSE:APLAPOLLO,1246.0,1246.0,1231.05,1232.1,2588.0
2021-05-27 10:06:00,NSE:APLAPOLLO,1232.9,1240.0,1227.85,1240.0,5168.0
2021-05-27 10:09:00,NSE:APLAPOLLO,1240.05,1242.2,1232.65,1242.2,1357.0
2021-05-27 10:12:00,NSE:APLAPOLLO,1240.9,1245.85,1240.9,1244.3,293.0
2021-05-27 10:15:00,NSE:APLAPOLLO,1244.1,1245.9,1242.05,1243.15,389.0
2021-05-27 10:18:00,NSE:APLAPOLLO,1243.3,1245.7,1243.3,1244.1,71.0
2021-05-27 10:21:00,NSE:APLAPOLLO,1244.05,1244.75,1239.95,1240.05,714.0
2021-05-27 10:24:00,NSE:APLAPOLLO,1240.55,1243.3,1238.25,1238.25,577.0
2021-05-27 10:27:00,NSE:APLAPOLLO,1239.9,1242.9,1238.15,1240.6,223.0
2021-05-27 10:30:00,NSE:APLAPOLLO,1240.55,1243.8,1240.55,1242.05,110.0
2021-05-27 10:33:00,NSE:APLAPOLLO,1242.0,1242.0,1240.0,1240.05,108.0
2021-05-27 10:36:00,NSE:APLAPOLLO,1240.05,1241.0,1240.0,1240.95,194.0
2021-05-27 10:39:00,NSE:APLAPOLLO,1240.0,1245.5,1240.0,1245.5,1101.0
2021-05-27 10:42:00,NSE:APLAPOLLO,1245.95,1252.0,1245.95,1248.5,5056.0
2021-05-27 10:45:00,NSE:APLAPOLLO,1247.45,1247.45,1244.0,1244.95,118.0
2021-05-27 10:48:00,NSE:APLAPOLLO,1244.95,1244.95,1243.75,1243.75,77.0
2021-05-27 10:51:00,NSE:APLAPOLLO,1244.0,1246.5,1243.25,1245.0,339.0
2021-05-27 10:54:00,NSE:APLAPOLLO,1245.0,1250.0,1245.0,1250.0,1023.0
2021-05-27 10:57:00,NSE:APLAPOLLO,1250.0,1250.0,1249.95,1249.95,82.0
2021-05-27 11:00:00,NSE:APLAPOLLO,1248.0,1249.85,1243.25,1244.85,1023.0
2021-05-27 11:03:00,NSE:APLAPOLLO,1244.05,1247.45,1244.05,1247.45,129.0
2021-05-27 11:06:00,NSE:APLAPOLLO,1248.75,1249.85,1247.4,1247.5,120.0
2021-05-27 11:09:00,NSE:APLAPOLLO,1247.5,1249.8,1247.5,1249.8,55.0
2021-05-27 11:12:00,NSE:APLAPOLLO,1247.5,1247.5,1245.65,1247.25,19.0
2021-05-27 11:15:00,NSE:APLAPOLLO,1245.65,1245.65,1237.9,1237.9,1290.0
2021-05-27 11:18:00,NSE:APLAPOLLO,1238.4,1241.55,1236.55,1241.55,276.0
2021-05-27 11:21:00,NSE:APLAPOLLO,1245.55,1246.0,1242.4,1246.0,242.0
2021-05-27 11:24:00,NSE:APLAPOLLO,1245.65,1246.95,1244.65,1246.95,171.0
2021-05-27 11:27:00,NSE:APLAPOLLO,1246.85,1246.85,1243.25,1244.0,198.0
2021-05-27 11:30:00,NSE:APLAPOLLO,1244.0,1245.5,1243.25,1243.9,152.0
2021-05-27 11:33:00,NSE:APLAPOLLO,1244.35,1245.95,1244.35,1245.95,20.0
2021-05-27 11:36:00,NSE:APLAPOLLO,1245.0,1245.0,1245.0,1245.0,303.0
2021-05-27 11:39:00,NSE:APLAPOLLO,1244.75,1245.5,1244.05,1244.05,156.0
2021-05-27 11:42:00,NSE:APLAPOLLO,1244.9,1244.9,1244.9,1244.9,10.0
2021-05-27 11:45:00,NSE:APLAPOLLO,1244.05,1245.0,1244.05,1245.0,72.0
2021-05-27 11:48:00,NSE:APLAPOLLO,1246.0,1246.0,1245.0,1245.0,1173.0
2021-05-27 11:51:00,NSE:APLAPOLLO,1245.95,1246.0,1244.85,1245.75,1331.0
2021-05-27 11:54:00,NSE:APLAPOLLO,1245.75,1245.75,1245.75,1245.75,649.0
2021-05-27 11:57:00,NSE:APLAPOLLO,1245.7,1247.95,1244.85,1246.5,664.0
2021-05-27 12:00:00,NSE:APLAPOLLO,1245.5,1246.5,1244.95,1246.3,368.0
2021-05-27 12:03:00,NSE:APLAPOLLO,1245.0,1245.0,1244.55,1244.55,152.0
2021-05-27 12:06:00,NSE:APLAPOLLO,1244.5,1244.55,1244.25,1244.55,225.0
2021-05-27 12:09:00,NSE:APLAPOLLO,1244.55,1245.2,1244.55,1245.2,71.0
2021-05-27 12:12:00,NSE:APLAPOLLO,1245.2,1245.2,1243.6,1244.0,654.0
2021-05-27 12:15:00,NSE:APLAPOLLO,1244.0,1244.0,1243.15,1243.15,21.0
2021-05-27 12:18:00,NSE:APLAPOLLO,1244.0,1245.25,1244.0,1245.25,103.0
2021-05-27 12:21:00,NSE:APLAPOLLO,1245.25,1245.25,1243.3,1245.25,696.0
2021-05-27 12:24:00,NSE:APLAPOLLO,1245.25,1245.25,1245.25,1245.25,81.0
2021-05-27 12:27:00,NSE:APLAPOLLO,1245.0,1245.25,1245.0,1245.0,126.0
2021-05-27 12:30:00,NSE:APLAPOLLO,1245.0,1245.0,1240.85,1244.6,1171.0
2021-05-27 12:33:00,NSE:APLAPOLLO,1244.7,1245.0,1242.7,1242.7,115.0
2021-05-27 12:36:00,NSE:APLAPOLLO,1244.75,1244.75,1243.05,1244.1,50.0
2021-05-27 12:39:00,NSE:APLAPOLLO,1241.7,1242.95,1240.55,1242.4,1121.0
2021-05-27 12:42:00,NSE:APLAPOLLO,1240.0,1249.25,1240.0,1249.25,2344.0
2021-05-27 12:45:00,NSE:APLAPOLLO,1248.95,1248.95,1245.0,1248.2,259.0
2021-05-27 12:48:00,NSE:APLAPOLLO,1248.65,1248.75,1247.9,1247.9,53.0
2021-05-27 12:51:00,NSE:APLAPOLLO,1248.0,1248.0,1245.0,1245.0,243.0
2021-05-27 12:54:00,NSE:APLAPOLLO,1244.0,1249.5,1244.0,1249.5,1113.0
2021-05-27 12:57:00,NSE:APLAPOLLO,1249.4,1249.4,1245.0,1247.4,131.0
2021-05-27 13:00:00,NSE:APLAPOLLO,1248.45,1249.0,1248.0,1248.0,16.0
2021-05-27 13:03:00,NSE:APLAPOLLO,1245.0,1246.35,1243.75,1245.6,361.0
2021-05-27 13:06:00,NSE:APLAPOLLO,1245.6,1245.6,1245.6,1245.6,3.0
2021-05-27 13:09:00,NSE:APLAPOLLO,1244.55,1244.55,1243.1,1243.1,227.0
2021-05-27 13:15:00,NSE:APLAPOLLO,1243.45,1244.6,1243.45,1244.6,72.0
2021-05-27 13:18:00,NSE:APLAPOLLO,1245.0,1248.7,1245.0,1246.7,508.0
2021-05-27 13:21:00,NSE:APLAPOLLO,1246.7,1246.7,1245.9,1246.7,184.0
2021-05-27 13:24:00,NSE:APLAPOLLO,1245.85,1246.55,1245.75,1246.55,93.0
2021-05-27 13:27:00,NSE:APLAPOLLO,1246.0,1246.55,1246.0,1246.0,14.0
2021-05-27 13:30:00,NSE:APLAPOLLO,1246.0,1246.0,1246.0,1246.0,28.0
2021-05-27 13:33:00,NSE:APLAPOLLO,1247.85,1248.3,1247.85,1248.3,155.0
2021-05-27 13:36:00,NSE:APLAPOLLO,1248.3,1248.3,1239.5,1240.0,2440.0
2021-05-27 13:39:00,NSE:APLAPOLLO,1239.95,1248.25,1239.55,1245.6,1386.0
2021-05-27 13:42:00,NSE:APLAPOLLO,1247.9,1247.9,1242.45,1244.25,380.0
2021-05-27 13:45:00,NSE:APLAPOLLO,1244.7,1244.7,1240.0,1240.0,448.0
2021-05-27 13:48:00,NSE:APLAPOLLO,1239.5,1240.0,1238.9,1240.0,666.0
2021-05-27 13:51:00,NSE:APLAPOLLO,1240.0,1240.0,1239.0,1240.0,63.0
2021-05-27 13:54:00,NSE:APLAPOLLO,1240.0,1241.5,1236.05,1241.5,1281.0
2021-05-27 13:57:00,NSE:APLAPOLLO,1241.5,1243.05,1241.5,1241.7,144.0
2021-05-27 14:00:00,NSE:APLAPOLLO,1241.8,1243.15,1241.8,1242.05,58.0
2021-05-27 14:03:00,NSE:APLAPOLLO,1242.15,1248.0,1242.0,1245.25,2032.0
2021-05-27 14:06:00,NSE:APLAPOLLO,1245.05,1245.25,1244.7,1244.7,20.0
2021-05-27 14:09:00,NSE:APLAPOLLO,1244.7,1246.35,1240.05,1244.05,1198.0
2021-05-27 14:12:00,NSE:APLAPOLLO,1245.95,1248.0,1242.2,1243.8,3475.0
2021-05-27 14:15:00,NSE:APLAPOLLO,1245.2,1245.2,1242.9,1242.9,273.0
2021-05-27 14:18:00,NSE:APLAPOLLO,1242.9,1243.8,1242.9,1243.8,12.0
2021-05-27 14:21:00,NSE:APLAPOLLO,1242.9,1242.9,1241.5,1242.0,1396.0
2021-05-27 14:24:00,NSE:APLAPOLLO,1242.0,1242.0,1242.0,1242.0,3.0
2021-05-27 14:27:00,NSE:APLAPOLLO,1241.15,1241.25,1240.3,1241.25,284.0
2021-05-27 14:30:00,NSE:APLAPOLLO,1240.3,1241.15,1240.3,1240.95,25.0
2021-05-27 14:33:00,NSE:APLAPOLLO,1241.0,1245.45,1240.7,1243.1,2059.0
2021-05-27 14:36:00,NSE:APLAPOLLO,1243.05,1243.7,1240.05,1241.3,510.0
2021-05-27 14:39:00,NSE:APLAPOLLO,1240.55,1242.6,1240.55,1241.15,524.0
2021-05-27 14:42:00,NSE:APLAPOLLO,1241.0,1243.0,1240.5,1242.0,370.0
2021-05-27 14:45:00,NSE:APLAPOLLO,1241.85,1242.05,1240.95,1240.95,829.0
2021-05-27 14:48:00,NSE:APLAPOLLO,1242.1,1242.4,1235.25,1240.0,2466.0
2021-05-27 14:51:00,NSE:APLAPOLLO,1240.0,1240.0,1235.0,1238.65,789.0
2021-05-27 14:54:00,NSE:APLAPOLLO,1235.0,1238.3,1235.0,1235.55,4445.0
2021-05-27 14:57:00,NSE:APLAPOLLO,1236.5,1237.6,1234.0,1234.0,1631.0
2021-05-27 15:00:00,NSE:APLAPOLLO,1234.0,1290.45,1234.0,1290.45,26747.0
2021-05-27 15:03:00,NSE:APLAPOLLO,1293.9,1299.0,1286.35,1292.4,23272.0
2021-05-27 15:06:00,NSE:APLAPOLLO,1294.0,1296.15,1289.95,1295.65,13008.0
2021-05-27 15:09:00,NSE:APLAPOLLO,1295.65,1295.65,1288.8,1291.2,27460.0
2021-05-27 15:12:00,NSE:APLAPOLLO,1291.9,1292.95,1286.1,1292.95,19868.0
2021-05-27 15:15:00,NSE:APLAPOLLO,1291.9,1318.0,1291.9,1316.65,36177.0
2021-05-27 15:18:00,NSE:APLAPOLLO,1315.0,1319.35,1304.95,1304.95,22211.0
2021-05-27 15:21:00,NSE:APLAPOLLO,1305.0,1314.25,1295.9,1314.25,16891.0
2021-05-27 15:24:00,NSE:APLAPOLLO,1315.0,1335.0,1305.0,1333.3,39236.0
2021-05-27 15:27:00,NSE:APLAPOLLO,1334.75,1370.95,1325.0,1340.0,25527.0
2021-05-27 15:30:00,NSE:APLAPOLLO,1335.0,1335.0,1335.0,1335.0,13.0
2021-05-27 15:39:00,NSE:APLAPOLLO,1303.5,1335.0,1303.5,1335.0,1337.0
2021-05-27 15:51:00,NSE:APLAPOLLO,1303.5,1303.5,1303.5,1303.5,7.0
2021-05-28 09:06:00,NSE:APLAPOLLO,1339.9,1339.9,1339.9,1339.9,382.0
2021-05-28 09:15:00,NSE:APLAPOLLO,1346.45,1357.3,1335.0,1348.2,7526.0
2021-05-28 09:18:00,NSE:APLAPOLLO,1348.2,1348.2,1334.15,1335.0,6089.0
2021-05-28 09:21:00,NSE:APLAPOLLO,1335.05,1335.05,1323.85,1324.0,4999.0
2021-05-28 09:24:00,NSE:APLAPOLLO,1324.95,1324.95,1317.2,1320.25,3683.0
2021-05-28 09:27:00,NSE:APLAPOLLO,1321.0,1323.0,1321.0,1322.5,1909.0
2021-05-28 09:30:00,NSE:APLAPOLLO,1321.15,1322.9,1319.0,1319.95,2327.0
2021-05-28 09:33:00,NSE:APLAPOLLO,1320.0,1326.95,1319.3,1324.25,1619.0
2021-05-28 09:36:00,NSE:APLAPOLLO,1325.1,1328.5,1321.25,1326.95,1330.0
2021-05-28 09:39:00,NSE:APLAPOLLO,1330.0,1333.55,1321.25,1322.95,2329.0
2021-05-28 09:42:00,NSE:APLAPOLLO,1321.0,1325.6,1316.75,1322.8,1678.0
2021-05-28 09:45:00,NSE:APLAPOLLO,1322.8,1322.8,1320.45,1321.95,866.0
2021-05-28 09:48:00,NSE:APLAPOLLO,1321.95,1322.55,1317.0,1321.0,1972.0
2021-05-28 09:51:00,NSE:APLAPOLLO,1320.0,1321.0,1317.3,1320.05,886.0
2021-05-28 09:54:00,NSE:APLAPOLLO,1320.05,1320.05,1316.0,1317.4,1041.0
2021-05-28 09:57:00,NSE:APLAPOLLO,1316.0,1316.0,1312.2,1314.9,1263.0
2021-05-28 10:00:00,NSE:APLAPOLLO,1313.0,1316.75,1313.0,1315.45,2893.0
2021-05-28 10:03:00,NSE:APLAPOLLO,1315.75,1315.85,1311.65,1313.35,614.0
2021-05-28 10:06:00,NSE:APLAPOLLO,1312.45,1314.95,1312.2,1314.95,315.0
2021-05-28 10:09:00,NSE:APLAPOLLO,1314.3,1314.55,1307.05,1309.0,1959.0
2021-05-28 10:12:00,NSE:APLAPOLLO,1309.0,1309.0,1301.0,1306.6,1820.0
2021-05-28 10:15:00,NSE:APLAPOLLO,1305.05,1305.05,1297.65,1299.5,1917.0
2021-05-28 10:18:00,NSE:APLAPOLLO,1299.5,1303.7,1290.9,1303.05,1728.0
2021-05-28 10:21:00,NSE:APLAPOLLO,1301.6,1305.55,1300.55,1303.5,953.0
2021-05-28 10:24:00,NSE:APLAPOLLO,1302.35,1305.25,1301.0,1303.6,564.0
2021-05-28 10:27:00,NSE:APLAPOLLO,1304.85,1306.0,1303.6,1306.0,567.0
2021-05-28 10:30:00,NSE:APLAPOLLO,1306.0,1315.0,1306.0,1312.55,2533.0
2021-05-28 10:33:00,NSE:APLAPOLLO,1312.6,1316.0,1311.6,1311.95,1649.0
2021-05-28 10:36:00,NSE:APLAPOLLO,1310.85,1312.55,1301.3,1306.1,2223.0
2021-05-28 10:39:00,NSE:APLAPOLLO,1307.25,1320.0,1307.25,1312.0,2491.0
2021-05-28 10:42:00,NSE:APLAPOLLO,1313.15,1313.4,1308.55,1308.55,688.0
2021-05-28 10:45:00,NSE:APLAPOLLO,1310.8,1313.65,1307.9,1310.75,716.0
2021-05-28 10:48:00,NSE:APLAPOLLO,1309.9,1312.0,1309.65,1310.4,400.0
2021-05-28 10:51:00,NSE:APLAPOLLO,1310.35,1310.35,1307.6,1309.3,406.0
2021-05-28 10:54:00,NSE:APLAPOLLO,1308.5,1311.5,1306.05,1311.15,636.0
2021-05-28 10:57:00,NSE:APLAPOLLO,1311.05,1312.0,1309.05,1309.05,494.0
2021-05-28 11:00:00,NSE:APLAPOLLO,1308.2,1311.45,1308.2,1311.1,566.0
2021-05-28 11:03:00,NSE:APLAPOLLO,1311.1,1313.0,1308.25,1312.9,944.0
2021-05-28 11:06:00,NSE:APLAPOLLO,1312.3,1315.5,1312.3,1313.6,885.0
2021-05-28 11:09:00,NSE:APLAPOLLO,1314.95,1315.9,1313.4,1314.0,580.0
2021-05-28 11:12:00,NSE:APLAPOLLO,1314.0,1315.4,1312.85,1314.9,294.0
2021-05-28 11:15:00,NSE:APLAPOLLO,1313.75,1314.95,1308.2,1310.3,1145.0
2021-05-28 11:18:00,NSE:APLAPOLLO,1311.05,1311.95,1308.2,1310.2,928.0
2021-05-28 11:21:00,NSE:APLAPOLLO,1310.2,1313.1,1309.1,1311.75,508.0
2021-05-28 11:24:00,NSE:APLAPOLLO,1311.7,1311.7,1308.15,1308.15,1792.0
2021-05-28 11:27:00,NSE:APLAPOLLO,1309.95,1309.95,1302.25,1303.95,4337.0
2021-05-28 11:30:00,NSE:APLAPOLLO,1305.6,1306.35,1303.05,1304.1,935.0
2021-05-28 11:33:00,NSE:APLAPOLLO,1303.05,1303.95,1301.0,1302.25,3044.0
2021-05-28 11:36:00,NSE:APLAPOLLO,1301.0,1303.65,1300.6,1303.0,546.0
2021-05-28 11:39:00,NSE:APLAPOLLO,1303.0,1303.8,1300.55,1302.5,594.0
2021-05-28 11:42:00,NSE:APLAPOLLO,1302.95,1303.85,1301.0,1302.75,361.0
2021-05-28 11:45:00,NSE:APLAPOLLO,1302.85,1304.5,1301.9,1304.5,417.0
2021-05-28 11:48:00,NSE:APLAPOLLO,1302.55,1304.35,1302.25,1303.0,439.0
2021-05-28 11:51:00,NSE:APLAPOLLO,1303.7,1308.4,1303.7,1306.85,566.0
2021-05-28 11:54:00,NSE:APLAPOLLO,1308.4,1311.6,1307.3,1311.5,352.0
2021-05-28 11:57:00,NSE:APLAPOLLO,1311.4,1311.95,1308.75,1310.35,347.0
2021-05-28 12:00:00,NSE:APLAPOLLO,1310.4,1311.95,1308.1,1310.3,252.0
2021-05-28 12:03:00,NSE:APLAPOLLO,1309.7,1311.45,1307.75,1309.75,309.0
2021-05-28 12:06:00,NSE:APLAPOLLO,1310.3,1310.75,1308.8,1310.1,495.0
2021-05-28 12:09:00,NSE:APLAPOLLO,1311.5,1311.5,1308.6,1309.0,470.0
2021-05-28 12:12:00,NSE:APLAPOLLO,1310.15,1310.15,1305.15,1305.25,714.0
2021-05-28 12:15:00,NSE:APLAPOLLO,1306.3,1307.45,1304.8,1307.45,375.0
2021-05-28 12:18:00,NSE:APLAPOLLO,1307.35,1310.0,1307.15,1307.45,365.0
2021-05-28 12:21:00,NSE:APLAPOLLO,1307.05,1309.8,1305.95,1308.0,391.0
2021-05-28 12:24:00,NSE:APLAPOLLO,1309.45,1309.9,1308.45,1308.45,172.0
2021-05-28 12:27:00,NSE:APLAPOLLO,1309.75,1309.9,1308.25,1308.25,202.0
2021-05-28 12:30:00,NSE:APLAPOLLO,1309.7,1309.85,1308.0,1309.1,437.0
2021-05-28 12:33:00,NSE:APLAPOLLO,1308.6,1309.5,1306.9,1308.0,467.0
2021-05-28 12:36:00,NSE:APLAPOLLO,1308.9,1309.45,1307.0,1307.05,350.0
2021-05-28 12:39:00,NSE:APLAPOLLO,1307.95,1309.05,1303.0,1303.55,1433.0
2021-05-28 12:42:00,NSE:APLAPOLLO,1304.95,1305.0,1303.0,1303.05,435.0
2021-05-28 12:45:00,NSE:APLAPOLLO,1303.0,1307.05,1303.0,1304.85,724.0
2021-05-28 12:48:00,NSE:APLAPOLLO,1304.0,1305.0,1298.0,1302.35,1949.0
2021-05-28 12:51:00,NSE:APLAPOLLO,1301.6,1304.7,1301.6,1304.7,354.0
2021-05-28 12:54:00,NSE:APLAPOLLO,1304.7,1307.05,1303.8,1303.9,591.0
2021-05-28 12:57:00,NSE:APLAPOLLO,1304.95,1305.0,1302.6,1305.0,395.0
2021-05-28 13:00:00,NSE:APLAPOLLO,1305.0,1307.0,1303.1,1306.0,662.0
2021-05-28 13:03:00,NSE:APLAPOLLO,1307.5,1308.05,1306.0,1306.25,330.0
2021-05-28 13:06:00,NSE:APLAPOLLO,1307.0,1308.35,1304.95,1307.25,599.0
2021-05-28 13:09:00,NSE:APLAPOLLO,1308.3,1309.35,1307.15,1307.65,258.0
2021-05-28 13:12:00,NSE:APLAPOLLO,1309.1,1309.15,1306.4,1307.15,227.0
2021-05-28 13:15:00,NSE:APLAPOLLO,1308.9,1309.0,1305.65,1308.6,293.0
2021-05-28 13:18:00,NSE:APLAPOLLO,1308.65,1308.9,1307.0,1307.1,250.0
2021-05-28 13:21:00,NSE:APLAPOLLO,1308.3,1309.5,1307.05,1309.5,746.0
2021-05-28 13:24:00,NSE:APLAPOLLO,1309.5,1311.5,1307.45,1307.45,861.0
2021-05-28 13:27:00,NSE:APLAPOLLO,1308.7,1310.45,1306.25,1309.55,402.0
2021-05-28 13:30:00,NSE:APLAPOLLO,1310.2,1310.2,1306.4,1306.55,336.0
2021-05-28 13:33:00,NSE:APLAPOLLO,1306.75,1309.3,1306.45,1307.4,307.0
2021-05-28 13:36:00,NSE:APLAPOLLO,1307.05,1309.7,1307.0,1308.1,352.0
2021-05-28 13:39:00,NSE:APLAPOLLO,1308.1,1309.55,1306.65,1306.95,310.0
2021-05-28 13:42:00,NSE:APLAPOLLO,1307.75,1308.9,1306.55,1306.75,387.0
2021-05-28 13:45:00,NSE:APLAPOLLO,1306.75,1307.45,1302.2,1302.2,849.0
2021-05-28 13:48:00,NSE:APLAPOLLO,1303.3,1303.3,1295.6,1301.3,2084.0
2021-05-28 13:51:00,NSE:APLAPOLLO,1301.45,1302.25,1297.25,1300.05,491.0
2021-05-28 13:54:00,NSE:APLAPOLLO,1300.05,1305.8,1300.05,1304.05,278.0
2021-05-28 13:57:00,NSE:APLAPOLLO,1305.05,1305.55,1302.65,1305.55,757.0
2021-05-28 14:00:00,NSE:APLAPOLLO,1304.8,1306.4,1300.55,1303.0,408.0
2021-05-28 14:03:00,NSE:APLAPOLLO,1305.55,1306.0,1303.75,1304.1,278.0
2021-05-28 14:06:00,NSE:APLAPOLLO,1306.0,1306.0,1302.65,1303.8,501.0
2021-05-28 14:09:00,NSE:APLAPOLLO,1302.8,1304.5,1300.1,1301.75,995.0
2021-05-28 14:12:00,NSE:APLAPOLLO,1301.75,1302.75,1299.0,1302.0,555.0
2021-05-28 14:15:00,NSE:APLAPOLLO,1302.05,1303.85,1300.0,1302.5,1557.0
2021-05-28 14:18:00,NSE:APLAPOLLO,1302.5,1304.35,1301.0,1302.35,396.0
2021-05-28 14:21:00,NSE:APLAPOLLO,1302.35,1304.95,1302.0,1304.1,609.0
2021-05-28 14:24:00,NSE:APLAPOLLO,1304.65,1304.95,1301.0,1303.95,518.0
2021-05-28 14:27:00,NSE:APLAPOLLO,1303.85,1305.0,1301.95,1303.65,623.0
2021-05-28 14:30:00,NSE:APLAPOLLO,1303.65,1307.95,1303.65,1303.7,1299.0
2021-05-28 14:33:00,NSE:APLAPOLLO,1304.8,1306.75,1302.3,1302.3,1306.0
2021-05-28 14:36:00,NSE:APLAPOLLO,1303.45,1303.75,1300.0,1301.95,975.0
2021-05-28 14:39:00,NSE:APLAPOLLO,1301.95,1304.7,1300.7,1301.6,860.0
2021-05-28 14:42:00,NSE:APLAPOLLO,1302.8,1303.0,1301.35,1303.0,326.0
2021-05-28 14:45:00,NSE:APLAPOLLO,1303.0,1303.0,1299.7,1300.45,439.0
2021-05-28 14:48:00,NSE:APLAPOLLO,1300.45,1301.0,1298.0,1299.95,820.0
2021-05-28 14:51:00,NSE:APLAPOLLO,1299.95,1300.0,1297.6,1299.5,726.0
2021-05-28 14:54:00,NSE:APLAPOLLO,1300.0,1300.0,1298.0,1299.9,486.0
2021-05-28 14:57:00,NSE:APLAPOLLO,1299.85,1300.0,1298.0,1300.0,294.0
2021-05-28 15:00:00,NSE:APLAPOLLO,1300.0,1300.0,1298.4,1299.95,355.0
2021-05-28 15:03:00,NSE:APLAPOLLO,1298.4,1300.0,1298.4,1299.5,525.0
2021-05-28 15:06:00,NSE:APLAPOLLO,1299.95,1300.0,1299.0,1300.0,628.0
2021-05-28 15:09:00,NSE:APLAPOLLO,1300.0,1300.0,1295.9,1298.85,707.0
2021-05-28 15:12:00,NSE:APLAPOLLO,1298.85,1299.0,1296.95,1298.9,1353.0
2021-05-28 15:15:00,NSE:APLAPOLLO,1298.9,1301.95,1292.2,1297.0,5602.0
2021-05-28 15:18:00,NSE:APLAPOLLO,1296.85,1297.3,1291.75,1291.75,1926.0
2021-05-28 15:21:00,NSE:APLAPOLLO,1291.35,1300.65,1290.0,1300.65,2699.0
2021-05-28 15:24:00,NSE:APLAPOLLO,1300.7,1301.9,1290.55,1296.55,2166.0
2021-05-28 15:27:00,NSE:APLAPOLLO,1296.45,1298.9,1295.0,1295.9,1054.0
2021-05-28 15:42:00,NSE:APLAPOLLO,1297.85,1297.85,1297.85,1297.85,1.0
2021-05-28 15:51:00,NSE:APLAPOLLO,1297.85,1297.85,1297.85,1297.85,5.0
2021-05-31 09:06:00,NSE:APLAPOLLO,1300.0,1300.0,1300.0,1300.0,263.0
2021-05-31 09:15:00,NSE:APLAPOLLO,1306.95,1315.0,1300.0,1301.85,1639.0
2021-05-31 09:18:00,NSE:APLAPOLLO,1309.2,1320.0,1305.35,1318.6,1529.0
2021-05-31 09:21:00,NSE:APLAPOLLO,1318.6,1322.4,1318.6,1322.4,1815.0
2021-05-31 09:24:00,NSE:APLAPOLLO,1322.5,1325.7,1320.0,1323.85,2827.0
2021-05-31 09:27:00,NSE:APLAPOLLO,1323.65,1323.85,1317.1,1318.0,3911.0
2021-05-31 09:30:00,NSE:APLAPOLLO,1318.05,1318.05,1316.0,1317.0,883.0
2021-05-31 09:33:00,NSE:APLAPOLLO,1317.0,1319.95,1317.0,1319.6,402.0
2021-05-31 09:36:00,NSE:APLAPOLLO,1318.35,1318.35,1317.0,1318.35,1014.0
2021-05-31 09:39:00,NSE:APLAPOLLO,1318.3,1323.9,1318.0,1319.95,1588.0
2021-05-31 09:42:00,NSE:APLAPOLLO,1320.0,1323.7,1319.1,1319.55,1415.0
2021-05-31 09:45:00,NSE:APLAPOLLO,1319.95,1323.0,1319.95,1322.95,290.0
2021-05-31 09:48:00,NSE:APLAPOLLO,1323.0,1323.0,1320.4,1321.0,418.0
2021-05-31 09:51:00,NSE:APLAPOLLO,1321.7,1325.0,1321.25,1324.95,1484.0
2021-05-31 09:54:00,NSE:APLAPOLLO,1325.0,1325.0,1321.95,1322.0,870.0
2021-05-31 09:57:00,NSE:APLAPOLLO,1323.0,1323.0,1320.05,1320.05,1046.0
2021-05-31 10:00:00,NSE:APLAPOLLO,1320.0,1321.7,1319.0,1321.7,611.0
2021-05-31 10:03:00,NSE:APLAPOLLO,1320.6,1321.8,1320.6,1321.8,68.0
2021-05-31 10:06:00,NSE:APLAPOLLO,1321.0,1322.15,1317.65,1318.3,1489.0
2021-05-31 10:09:00,NSE:APLAPOLLO,1319.5,1319.5,1311.45,1316.05,2544.0
2021-05-31 10:12:00,NSE:APLAPOLLO,1314.4,1316.05,1308.0,1308.0,1935.0
2021-05-31 10:15:00,NSE:APLAPOLLO,1308.0,1310.2,1302.5,1304.8,8047.0
2021-05-31 10:18:00,NSE:APLAPOLLO,1304.6,1309.6,1302.15,1306.0,4226.0
2021-05-31 10:21:00,NSE:APLAPOLLO,1308.0,1309.5,1307.75,1308.55,443.0
2021-05-31 10:24:00,NSE:APLAPOLLO,1309.85,1309.85,1303.0,1303.0,1543.0
2021-05-31 10:27:00,NSE:APLAPOLLO,1302.35,1313.3,1302.15,1309.45,3439.0
2021-05-31 10:30:00,NSE:APLAPOLLO,1309.4,1314.85,1308.05,1311.9,1173.0
2021-05-31 10:33:00,NSE:APLAPOLLO,1311.85,1311.85,1308.0,1309.65,496.0
2021-05-31 10:36:00,NSE:APLAPOLLO,1309.6,1309.6,1306.85,1308.6,807.0
2021-05-31 10:39:00,NSE:APLAPOLLO,1308.7,1310.0,1306.6,1308.5,967.0
2021-05-31 10:42:00,NSE:APLAPOLLO,1308.0,1308.55,1306.4,1306.4,1141.0
2021-05-31 10:45:00,NSE:APLAPOLLO,1306.55,1308.1,1303.0,1305.0,1796.0
2021-05-31 10:48:00,NSE:APLAPOLLO,1302.0,1307.0,1302.0,1304.85,685.0
2021-05-31 10:51:00,NSE:APLAPOLLO,1307.55,1308.65,1304.8,1305.05,597.0
2021-05-31 10:54:00,NSE:APLAPOLLO,1306.5,1307.95,1304.7,1307.0,762.0
2021-05-31 10:57:00,NSE:APLAPOLLO,1307.5,1307.95,1305.0,1307.25,556.0
2021-05-31 11:00:00,NSE:APLAPOLLO,1307.3,1307.3,1303.45,1303.45,526.0
2021-05-31 11:03:00,NSE:APLAPOLLO,1304.85,1306.95,1303.6,1306.7,466.0
2021-05-31 11:06:00,NSE:APLAPOLLO,1306.7,1306.95,1305.0,1306.3,363.0
2021-05-31 11:09:00,NSE:APLAPOLLO,1306.3,1306.3,1303.8,1305.75,945.0
2021-05-31 11:12:00,NSE:APLAPOLLO,1304.35,1307.55,1303.65,1305.65,2506.0
2021-05-31 11:15:00,NSE:APLAPOLLO,1307.1,1308.35,1305.4,1306.85,788.0
2021-05-31 11:18:00,NSE:APLAPOLLO,1306.8,1308.7,1305.65,1305.65,504.0
2021-05-31 11:21:00,NSE:APLAPOLLO,1306.95,1307.0,1305.5,1306.95,695.0
2021-05-31 11:24:00,NSE:APLAPOLLO,1305.0,1309.0,1303.25,1304.15,2101.0
2021-05-31 11:27:00,NSE:APLAPOLLO,1306.1,1306.1,1303.2,1303.2,594.0
2021-05-31 11:30:00,NSE:APLAPOLLO,1305.0,1306.4,1303.25,1303.4,2148.0
2021-05-31 11:33:00,NSE:APLAPOLLO,1303.4,1305.85,1303.0,1305.85,2891.0
2021-05-31 11:36:00,NSE:APLAPOLLO,1305.0,1305.45,1303.35,1305.45,1877.0
2021-05-31 11:39:00,NSE:APLAPOLLO,1306.05,1306.05,1302.0,1302.95,1334.0
2021-05-31 11:42:00,NSE:APLAPOLLO,1305.8,1305.8,1303.45,1303.5,438.0
2021-05-31 11:45:00,NSE:APLAPOLLO,1303.0,1305.45,1300.9,1300.9,2843.0
2021-05-31 11:48:00,NSE:APLAPOLLO,1302.15,1303.85,1300.5,1303.65,317.0
2021-05-31 11:51:00,NSE:APLAPOLLO,1303.0,1304.05,1300.05,1300.05,3095.0
2021-05-31 11:54:00,NSE:APLAPOLLO,1300.0,1300.45,1297.35,1300.3,1279.0
2021-05-31 11:57:00,NSE:APLAPOLLO,1300.0,1301.0,1299.2,1300.9,922.0
2021-05-31 12:00:00,NSE:APLAPOLLO,1300.75,1300.95,1299.2,1300.65,131.0
2021-05-31 12:03:00,NSE:APLAPOLLO,1299.2,1300.6,1299.2,1299.2,59.0
2021-05-31 12:06:00,NSE:APLAPOLLO,1299.2,1300.4,1299.2,1299.3,585.0
2021-05-31 12:09:00,NSE:APLAPOLLO,1300.45,1300.5,1299.2,1300.05,1913.0
2021-05-31 12:12:00,NSE:APLAPOLLO,1300.5,1300.5,1299.2,1300.5,204.0
2021-05-31 12:15:00,NSE:APLAPOLLO,1300.45,1302.35,1299.0,1302.35,470.0
2021-05-31 12:18:00,NSE:APLAPOLLO,1302.45,1302.45,1301.0,1301.05,453.0
2021-05-31 12:21:00,NSE:APLAPOLLO,1300.2,1302.7,1300.2,1301.6,59.0
2021-05-31 12:24:00,NSE:APLAPOLLO,1301.6,1303.55,1301.6,1302.7,221.0
2021-05-31 12:27:00,NSE:APLAPOLLO,1302.85,1304.0,1301.65,1304.0,1578.0
2021-05-31 12:30:00,NSE:APLAPOLLO,1303.3,1307.1,1302.25,1305.35,1456.0
2021-05-31 12:33:00,NSE:APLAPOLLO,1305.05,1308.5,1304.1,1306.65,217.0
2021-05-31 12:36:00,NSE:APLAPOLLO,1307.85,1307.95,1297.0,1302.2,2378.0
2021-05-31 12:39:00,NSE:APLAPOLLO,1301.7,1302.65,1300.35,1301.15,87.0
2021-05-31 12:42:00,NSE:APLAPOLLO,1302.7,1310.0,1301.75,1310.0,2299.0
2021-05-31 12:45:00,NSE:APLAPOLLO,1311.0,1311.0,1301.45,1301.45,2415.0
2021-05-31 12:48:00,NSE:APLAPOLLO,1301.05,1304.05,1300.6,1301.4,424.0
2021-05-31 12:51:00,NSE:APLAPOLLO,1302.75,1304.0,1300.5,1300.7,526.0
2021-05-31 12:54:00,NSE:APLAPOLLO,1300.5,1304.0,1299.9,1301.3,821.0
2021-05-31 12:57:00,NSE:APLAPOLLO,1299.9,1301.5,1299.05,1301.45,340.0
2021-05-31 13:00:00,NSE:APLAPOLLO,1300.2,1305.3,1300.05,1301.8,781.0
2021-05-31 13:03:00,NSE:APLAPOLLO,1300.85,1301.0,1300.15,1301.0,7.0
2021-05-31 13:06:00,NSE:APLAPOLLO,1301.75,1304.05,1301.15,1302.5,245.0
2021-05-31 13:09:00,NSE:APLAPOLLO,1302.9,1302.9,1300.5,1301.9,244.0
2021-05-31 13:12:00,NSE:APLAPOLLO,1302.0,1302.0,1300.05,1302.0,95.0
2021-05-31 13:15:00,NSE:APLAPOLLO,1301.95,1301.95,1300.0,1300.2,307.0
2021-05-31 13:18:00,NSE:APLAPOLLO,1300.0,1301.9,1299.4,1301.3,185.0
2021-05-31 13:21:00,NSE:APLAPOLLO,1301.95,1301.95,1300.3,1300.35,75.0
2021-05-31 13:24:00,NSE:APLAPOLLO,1301.0,1301.75,1301.0,1301.75,84.0
2021-05-31 13:27:00,NSE:APLAPOLLO,1301.75,1301.75,1300.9,1300.9,27.0
2021-05-31 13:30:00,NSE:APLAPOLLO,1301.95,1302.7,1300.5,1302.65,338.0
2021-05-31 13:33:00,NSE:APLAPOLLO,1303.1,1303.1,1295.0,1301.2,1908.0
2021-05-31 13:36:00,NSE:APLAPOLLO,1299.9,1302.95,1297.35,1301.6,621.0
2021-05-31 13:39:00,NSE:APLAPOLLO,1301.65,1303.0,1300.05,1301.1,198.0
2021-05-31 13:42:00,NSE:APLAPOLLO,1298.85,1305.05,1296.95,1302.85,1213.0
2021-05-31 13:45:00,NSE:APLAPOLLO,1302.8,1302.8,1299.6,1300.3,604.0
2021-05-31 13:48:00,NSE:APLAPOLLO,1300.85,1301.35,1300.0,1300.0,73.0
2021-05-31 13:51:00,NSE:APLAPOLLO,1300.0,1300.4,1298.0,1300.4,108.0
2021-05-31 13:54:00,NSE:APLAPOLLO,1300.35,1301.95,1297.9,1301.9,710.0
2021-05-31 13:57:00,NSE:APLAPOLLO,1303.3,1304.4,1300.0,1302.3,525.0
2021-05-31 14:00:00,NSE:APLAPOLLO,1302.1,1303.35,1301.4,1302.05,190.0
2021-05-31 14:03:00,NSE:APLAPOLLO,1303.4,1303.4,1300.55,1300.55,63.0
2021-05-31 14:09:00,NSE:APLAPOLLO,1301.0,1303.15,1300.55,1303.15,71.0
2021-05-31 14:12:00,NSE:APLAPOLLO,1300.2,1303.15,1300.2,1300.2,95.0
2021-05-31 14:15:00,NSE:APLAPOLLO,1300.25,1301.4,1300.0,1300.0,1131.0
2021-05-31 14:18:00,NSE:APLAPOLLO,1298.05,1300.45,1298.0,1300.35,245.0
2021-05-31 14:21:00,NSE:APLAPOLLO,1299.5,1301.35,1298.65,1299.5,295.0
2021-05-31 14:24:00,NSE:APLAPOLLO,1299.15,1300.0,1298.1,1299.0,986.0
2021-05-31 14:27:00,NSE:APLAPOLLO,1298.65,1301.35,1298.0,1300.85,1772.0
2021-05-31 14:30:00,NSE:APLAPOLLO,1302.0,1302.0,1300.0,1301.0,1329.0
2021-05-31 14:33:00,NSE:APLAPOLLO,1301.0,1302.2,1298.0,1301.95,1740.0
2021-05-31 14:36:00,NSE:APLAPOLLO,1301.95,1301.95,1300.0,1300.0,277.0
2021-05-31 14:39:00,NSE:APLAPOLLO,1300.0,1301.9,1300.0,1300.1,1254.0
2021-05-31 14:42:00,NSE:APLAPOLLO,1301.35,1301.85,1299.0,1301.05,352.0
2021-05-31 14:45:00,NSE:APLAPOLLO,1300.0,1301.85,1300.0,1300.35,394.0
2021-05-31 14:48:00,NSE:APLAPOLLO,1300.2,1301.75,1299.2,1301.3,620.0
2021-05-31 14:51:00,NSE:APLAPOLLO,1301.0,1301.0,1299.65,1301.0,1378.0
2021-05-31 14:54:00,NSE:APLAPOLLO,1299.7,1301.6,1299.7,1300.95,2299.0
2021-05-31 14:57:00,NSE:APLAPOLLO,1301.0,1301.9,1300.0,1301.85,5338.0
2021-05-31 15:00:00,NSE:APLAPOLLO,1301.9,1301.9,1299.8,1301.85,5118.0
2021-05-31 15:03:00,NSE:APLAPOLLO,1301.5,1302.0,1300.2,1302.0,4384.0
2021-05-31 15:06:00,NSE:APLAPOLLO,1303.4,1308.0,1301.1,1302.05,1690.0
2021-05-31 15:09:00,NSE:APLAPOLLO,1302.65,1305.0,1300.1,1300.1,2255.0
2021-05-31 15:12:00,NSE:APLAPOLLO,1300.05,1301.95,1299.4,1301.85,4283.0
2021-05-31 15:15:00,NSE:APLAPOLLO,1300.05,1303.15,1300.0,1301.55,4324.0
2021-05-31 15:18:00,NSE:APLAPOLLO,1301.75,1301.75,1298.55,1298.55,1144.0
2021-05-31 15:21:00,NSE:APLAPOLLO,1298.55,1300.1,1298.0,1300.0,1593.0
2021-05-31 15:24:00,NSE:APLAPOLLO,1300.0,1300.0,1299.8,1299.8,903.0
2021-05-31 15:27:00,NSE:APLAPOLLO,1299.8,1305.0,1298.0,1299.0,2406.0
2021-05-31 15:39:00,NSE:APLAPOLLO,1301.15,1301.15,1301.15,1301.15,1.0
2021-05-31 15:48:00,NSE:APLAPOLLO,1301.15,1301.15,1299.0,1299.0,29.0
2021-06-01 09:06:00,NSE:APLAPOLLO,1317.0,1317.0,1317.0,1317.0,40.0
2021-06-01 09:15:00,NSE:APLAPOLLO,1319.0,1319.4,1305.85,1309.1,2788.0
2021-06-01 09:18:00,NSE:APLAPOLLO,1309.1,1310.45,1300.25,1303.05,4103.0
2021-06-01 09:21:00,NSE:APLAPOLLO,1305.1,1305.75,1302.15,1305.1,1138.0
2021-06-01 09:24:00,NSE:APLAPOLLO,1305.65,1308.8,1303.2,1305.65,1832.0
2021-06-01 09:27:00,NSE:APLAPOLLO,1305.55,1305.55,1292.0,1293.9,2080.0
2021-06-01 09:30:00,NSE:APLAPOLLO,1295.7,1296.95,1293.6,1296.2,1180.0
2021-06-01 09:33:00,NSE:APLAPOLLO,1295.8,1301.5,1293.55,1299.9,535.0
2021-06-01 09:36:00,NSE:APLAPOLLO,1299.8,1302.45,1299.8,1300.8,258.0
2021-06-01 09:39:00,NSE:APLAPOLLO,1302.05,1302.9,1298.0,1302.9,540.0
2021-06-01 09:42:00,NSE:APLAPOLLO,1301.75,1302.95,1301.0,1302.05,296.0
2021-06-01 09:45:00,NSE:APLAPOLLO,1302.05,1304.15,1301.45,1303.45,884.0
2021-06-01 09:48:00,NSE:APLAPOLLO,1304.25,1308.05,1301.5,1305.05,1180.0
2021-06-01 09:51:00,NSE:APLAPOLLO,1305.25,1308.95,1299.05,1300.0,1314.0
2021-06-01 09:54:00,NSE:APLAPOLLO,1300.0,1301.95,1299.3,1301.5,300.0
2021-06-01 09:57:00,NSE:APLAPOLLO,1301.35,1301.35,1297.1,1299.75,215.0
2021-06-01 10:00:00,NSE:APLAPOLLO,1299.75,1301.1,1298.75,1300.2,250.0
2021-06-01 10:03:00,NSE:APLAPOLLO,1299.5,1301.45,1298.55,1300.0,146.0
2021-06-01 10:06:00,NSE:APLAPOLLO,1301.85,1307.1,1300.45,1304.0,311.0
2021-06-01 10:09:00,NSE:APLAPOLLO,1305.45,1307.1,1301.25,1301.25,355.0
2021-06-01 10:12:00,NSE:APLAPOLLO,1301.25,1306.2,1300.8,1304.25,1073.0
2021-06-01 10:15:00,NSE:APLAPOLLO,1304.9,1304.9,1298.05,1300.25,887.0
2021-06-01 10:18:00,NSE:APLAPOLLO,1301.5,1303.85,1300.05,1301.0,425.0
2021-06-01 10:21:00,NSE:APLAPOLLO,1301.0,1302.55,1298.15,1300.75,1102.0
2021-06-01 10:24:00,NSE:APLAPOLLO,1300.75,1301.35,1297.8,1299.3,2248.0
2021-06-01 10:27:00,NSE:APLAPOLLO,1299.0,1301.0,1298.0,1298.85,105.0
2021-06-01 10:30:00,NSE:APLAPOLLO,1301.35,1301.55,1299.6,1301.55,2194.0
2021-06-01 10:33:00,NSE:APLAPOLLO,1301.75,1301.75,1301.75,1301.75,21.0
2021-06-01 10:36:00,NSE:APLAPOLLO,1301.75,1301.85,1300.6,1301.85,111.0
2021-06-01 10:39:00,NSE:APLAPOLLO,1301.85,1301.95,1300.6,1301.95,149.0
2021-06-01 10:42:00,NSE:APLAPOLLO,1302.0,1302.0,1298.85,1298.9,273.0
2021-06-01 10:45:00,NSE:APLAPOLLO,1300.25,1300.65,1294.9,1298.8,499.0
2021-06-01 10:48:00,NSE:APLAPOLLO,1294.45,1299.05,1294.0,1295.75,621.0
2021-06-01 10:51:00,NSE:APLAPOLLO,1293.5,1295.45,1291.75,1295.0,437.0
2021-06-01 10:54:00,NSE:APLAPOLLO,1294.35,1295.95,1294.1,1295.6,141.0
2021-06-01 10:57:00,NSE:APLAPOLLO,1294.2,1295.5,1294.1,1295.0,82.0
2021-06-01 11:00:00,NSE:APLAPOLLO,1294.1,1295.7,1292.3,1294.55,136.0
2021-06-01 11:03:00,NSE:APLAPOLLO,1295.05,1295.55,1294.85,1295.55,19.0
2021-06-01 11:06:00,NSE:APLAPOLLO,1295.6,1295.6,1295.0,1295.0,32.0
2021-06-01 11:09:00,NSE:APLAPOLLO,1294.25,1294.65,1292.8,1294.4,157.0
2021-06-01 11:12:00,NSE:APLAPOLLO,1292.95,1294.9,1284.95,1284.95,1898.0
2021-06-01 11:15:00,NSE:APLAPOLLO,1283.6,1288.15,1282.0,1286.45,1926.0
2021-06-01 11:18:00,NSE:APLAPOLLO,1286.0,1287.05,1282.05,1282.25,400.0
2021-06-01 11:21:00,NSE:APLAPOLLO,1284.1,1285.0,1282.35,1284.5,92.0
2021-06-01 11:24:00,NSE:APLAPOLLO,1284.5,1285.0,1283.65,1285.0,165.0
2021-06-01 11:27:00,NSE:APLAPOLLO,1285.0,1285.0,1284.05,1284.25,153.0
2021-06-01 11:30:00,NSE:APLAPOLLO,1284.95,1293.1,1284.1,1293.1,366.0
2021-06-01 11:33:00,NSE:APLAPOLLO,1293.55,1293.55,1291.5,1292.5,120.0
2021-06-01 11:36:00,NSE:APLAPOLLO,1292.3,1292.5,1289.4,1291.05,101.0
2021-06-01 11:39:00,NSE:APLAPOLLO,1291.05,1291.05,1286.4,1289.1,123.0
2021-06-01 11:42:00,NSE:APLAPOLLO,1290.7,1291.05,1287.75,1291.05,97.0
2021-06-01 11:45:00,NSE:APLAPOLLO,1291.05,1298.0,1291.05,1298.0,494.0
2021-06-01 11:48:00,NSE:APLAPOLLO,1297.2,1297.95,1291.1,1293.45,451.0
2021-06-01 11:51:00,NSE:APLAPOLLO,1292.2,1295.05,1292.0,1295.05,88.0
2021-06-01 11:54:00,NSE:APLAPOLLO,1295.05,1296.6,1293.2,1293.2,206.0
2021-06-01 11:57:00,NSE:APLAPOLLO,1293.4,1293.95,1293.4,1293.6,26.0
2021-06-01 12:00:00,NSE:APLAPOLLO,1292.35,1293.95,1292.1,1293.95,144.0
2021-06-01 12:03:00,NSE:APLAPOLLO,1293.25,1293.5,1290.05,1290.05,34.0
2021-06-01 12:06:00,NSE:APLAPOLLO,1292.85,1293.95,1290.0,1293.95,175.0
2021-06-01 12:09:00,NSE:APLAPOLLO,1293.8,1299.5,1293.25,1297.95,205.0
2021-06-01 12:12:00,NSE:APLAPOLLO,1296.65,1296.65,1293.2,1294.0,32.0
2021-06-01 12:15:00,NSE:APLAPOLLO,1294.75,1295.0,1292.45,1294.0,2140.0
2021-06-01 12:18:00,NSE:APLAPOLLO,1294.95,1296.4,1292.3,1294.4,254.0
2021-06-01 12:21:00,NSE:APLAPOLLO,1294.8,1294.8,1291.0,1291.0,39.0
2021-06-01 12:24:00,NSE:APLAPOLLO,1293.95,1293.95,1293.2,1293.4,17.0
2021-06-01 12:27:00,NSE:APLAPOLLO,1292.0,1292.0,1290.95,1291.3,22.0
2021-06-01 12:30:00,NSE:APLAPOLLO,1290.55,1293.25,1290.55,1293.2,28.0
2021-06-01 12:33:00,NSE:APLAPOLLO,1293.2,1293.35,1290.0,1290.0,196.0
2021-06-01 12:36:00,NSE:APLAPOLLO,1290.0,1291.95,1289.05,1291.9,75.0
2021-06-01 12:39:00,NSE:APLAPOLLO,1293.85,1293.85,1292.35,1293.85,45.0
2021-06-01 12:42:00,NSE:APLAPOLLO,1293.85,1293.85,1292.3,1292.3,50.0
2021-06-01 12:45:00,NSE:APLAPOLLO,1293.5,1293.9,1293.5,1293.9,62.0
2021-06-01 12:48:00,NSE:APLAPOLLO,1294.0,1300.5,1294.0,1296.9,468.0
2021-06-01 12:51:00,NSE:APLAPOLLO,1294.95,1296.35,1294.95,1296.35,583.0
2021-06-01 12:54:00,NSE:APLAPOLLO,1296.35,1298.5,1296.05,1297.95,197.0
2021-06-01 12:57:00,NSE:APLAPOLLO,1298.4,1300.6,1298.4,1300.6,304.0
2021-06-01 13:00:00,NSE:APLAPOLLO,1300.0,1300.0,1297.0,1297.0,102.0
2021-06-01 13:03:00,NSE:APLAPOLLO,1297.5,1301.0,1294.4,1296.15,1371.0
2021-06-01 13:06:00,NSE:APLAPOLLO,1296.15,1296.15,1295.1,1296.05,20.0
2021-06-01 13:09:00,NSE:APLAPOLLO,1296.15,1296.15,1296.0,1296.15,33.0
2021-06-01 13:12:00,NSE:APLAPOLLO,1296.15,1298.5,1292.25,1297.55,542.0
2021-06-01 13:15:00,NSE:APLAPOLLO,1293.95,1297.55,1293.95,1294.85,404.0
2021-06-01 13:18:00,NSE:APLAPOLLO,1294.85,1296.7,1294.0,1296.7,62.0
2021-06-01 13:21:00,NSE:APLAPOLLO,1293.95,1296.65,1293.95,1294.85,388.0
2021-06-01 13:24:00,NSE:APLAPOLLO,1296.6,1296.6,1296.6,1296.6,8.0
2021-06-01 13:27:00,NSE:APLAPOLLO,1296.6,1296.6,1294.6,1296.2,177.0
2021-06-01 13:30:00,NSE:APLAPOLLO,1296.2,1296.45,1291.0,1295.5,537.0
2021-06-01 13:33:00,NSE:APLAPOLLO,1296.15,1296.5,1292.9,1296.5,117.0
2021-06-01 13:36:00,NSE:APLAPOLLO,1296.55,1301.45,1296.55,1301.45,268.0
2021-06-01 13:39:00,NSE:APLAPOLLO,1299.1,1300.45,1297.8,1297.8,164.0
2021-06-01 13:42:00,NSE:APLAPOLLO,1297.8,1299.1,1296.0,1296.6,213.0
2021-06-01 13:45:00,NSE:APLAPOLLO,1296.4,1297.15,1295.05,1295.05,39.0
2021-06-01 13:48:00,NSE:APLAPOLLO,1296.25,1297.15,1296.25,1297.0,23.0
2021-06-01 13:51:00,NSE:APLAPOLLO,1295.05,1296.85,1295.05,1296.85,64.0
2021-06-01 13:54:00,NSE:APLAPOLLO,1295.8,1299.1,1295.8,1298.65,480.0
2021-06-01 13:57:00,NSE:APLAPOLLO,1297.8,1297.8,1296.1,1296.1,25.0
2021-06-01 14:00:00,NSE:APLAPOLLO,1296.0,1297.1,1295.75,1297.1,39.0
2021-06-01 14:03:00,NSE:APLAPOLLO,1297.3,1297.4,1292.05,1296.7,3209.0
2021-06-01 14:06:00,NSE:APLAPOLLO,1296.7,1297.45,1294.45,1297.45,1518.0
2021-06-01 14:09:00,NSE:APLAPOLLO,1298.0,1298.0,1296.0,1297.95,116.0
2021-06-01 14:12:00,NSE:APLAPOLLO,1297.95,1297.95,1296.0,1297.95,560.0
2021-06-01 14:15:00,NSE:APLAPOLLO,1296.0,1297.25,1295.05,1297.05,150.0
2021-06-01 14:18:00,NSE:APLAPOLLO,1295.45,1296.95,1295.4,1296.0,288.0
2021-06-01 14:21:00,NSE:APLAPOLLO,1296.9,1296.95,1296.0,1296.0,135.0
2021-06-01 14:24:00,NSE:APLAPOLLO,1297.0,1297.0,1297.0,1297.0,6.0
2021-06-01 14:27:00,NSE:APLAPOLLO,1297.0,1297.0,1295.05,1296.9,533.0
2021-06-01 14:30:00,NSE:APLAPOLLO,1296.0,1296.9,1296.0,1296.9,77.0
2021-06-01 14:33:00,NSE:APLAPOLLO,1296.9,1296.9,1296.0,1296.0,318.0
2021-06-01 14:36:00,NSE:APLAPOLLO,1296.0,1296.0,1295.0,1296.0,529.0
2021-06-01 14:39:00,NSE:APLAPOLLO,1296.05,1296.15,1296.0,1296.15,343.0
2021-06-01 14:42:00,NSE:APLAPOLLO,1296.2,1296.8,1296.0,1296.8,21.0
2021-06-01 14:45:00,NSE:APLAPOLLO,1296.0,1296.9,1296.0,1296.9,55.0
2021-06-01 14:48:00,NSE:APLAPOLLO,1296.9,1296.9,1296.0,1296.8,28.0
2021-06-01 14:51:00,NSE:APLAPOLLO,1296.0,1297.25,1296.0,1296.0,1804.0
2021-06-01 14:54:00,NSE:APLAPOLLO,1295.05,1297.25,1295.05,1296.1,366.0
2021-06-01 14:57:00,NSE:APLAPOLLO,1296.1,1297.45,1296.1,1297.45,124.0
2021-06-01 15:00:00,NSE:APLAPOLLO,1297.45,1297.5,1296.25,1297.5,143.0
2021-06-01 15:03:00,NSE:APLAPOLLO,1297.5,1299.6,1297.5,1297.6,746.0
2021-06-01 15:06:00,NSE:APLAPOLLO,1297.5,1297.6,1296.25,1296.25,1429.0
2021-06-01 15:09:00,NSE:APLAPOLLO,1296.25,1297.6,1296.0,1296.0,609.0
2021-06-01 15:12:00,NSE:APLAPOLLO,1296.05,1298.7,1296.05,1298.1,602.0
2021-06-01 15:15:00,NSE:APLAPOLLO,1297.95,1297.95,1296.0,1296.2,4019.0
2021-06-01 15:18:00,NSE:APLAPOLLO,1296.1,1300.0,1296.1,1298.0,1722.0
2021-06-01 15:21:00,NSE:APLAPOLLO,1297.15,1299.75,1297.05,1298.1,1094.0
2021-06-01 15:24:00,NSE:APLAPOLLO,1298.95,1300.0,1298.05,1300.0,957.0
2021-06-01 15:27:00,NSE:APLAPOLLO,1299.8,1300.0,1297.0,1300.0,1179.0
2021-06-01 15:45:00,NSE:APLAPOLLO,1297.4,1297.4,1297.4,1297.4,20.0
2021-06-02 09:06:00,NSE:APLAPOLLO,1319.0,1319.0,1319.0,1319.0,429.0
2021-06-02 09:15:00,NSE:APLAPOLLO,1306.7,1311.95,1305.6,1307.0,681.0
2021-06-02 09:18:00,NSE:APLAPOLLO,1306.8,1310.95,1300.25,1310.15,936.0
2021-06-02 09:21:00,NSE:APLAPOLLO,1309.95,1310.0,1307.8,1308.0,480.0
2021-06-02 09:24:00,NSE:APLAPOLLO,1308.0,1309.7,1305.9,1306.15,276.0
2021-06-02 09:27:00,NSE:APLAPOLLO,1306.9,1310.0,1306.5,1306.5,391.0
2021-06-02 09:30:00,NSE:APLAPOLLO,1306.6,1309.05,1306.0,1306.85,273.0
2021-06-02 09:33:00,NSE:APLAPOLLO,1308.95,1309.0,1303.5,1305.0,1042.0
2021-06-02 09:36:00,NSE:APLAPOLLO,1304.65,1308.7,1304.65,1307.2,753.0
2021-06-02 09:39:00,NSE:APLAPOLLO,1308.45,1309.6,1303.55,1303.55,1699.0
2021-06-02 09:42:00,NSE:APLAPOLLO,1304.45,1307.0,1302.5,1304.3,792.0
2021-06-02 09:45:00,NSE:APLAPOLLO,1304.0,1304.85,1301.65,1302.9,138.0
2021-06-02 09:48:00,NSE:APLAPOLLO,1304.3,1304.75,1302.0,1302.0,995.0
2021-06-02 09:51:00,NSE:APLAPOLLO,1302.25,1304.25,1300.3,1303.45,400.0
2021-06-02 09:54:00,NSE:APLAPOLLO,1304.2,1304.25,1296.0,1300.0,787.0
2021-06-02 09:57:00,NSE:APLAPOLLO,1298.65,1298.65,1285.5,1297.5,1094.0
2021-06-02 10:00:00,NSE:APLAPOLLO,1297.65,1300.0,1292.2,1292.2,1215.0
2021-06-02 10:03:00,NSE:APLAPOLLO,1292.2,1294.45,1290.95,1293.3,375.0
2021-06-02 10:06:00,NSE:APLAPOLLO,1293.25,1294.9,1291.3,1294.9,488.0
2021-06-02 10:09:00,NSE:APLAPOLLO,1294.0,1295.0,1293.1,1294.3,667.0
2021-06-02 10:12:00,NSE:APLAPOLLO,1295.0,1301.0,1295.0,1300.95,1075.0
2021-06-02 10:15:00,NSE:APLAPOLLO,1300.0,1301.4,1296.85,1301.1,429.0
2021-06-02 10:18:00,NSE:APLAPOLLO,1301.1,1306.85,1296.85,1306.85,3109.0
2021-06-02 10:21:00,NSE:APLAPOLLO,1307.2,1307.2,1303.5,1306.7,584.0
2021-06-02 10:24:00,NSE:APLAPOLLO,1306.65,1309.75,1306.45,1307.9,877.0
2021-06-02 10:27:00,NSE:APLAPOLLO,1307.9,1308.2,1305.5,1306.0,479.0
2021-06-02 10:30:00,NSE:APLAPOLLO,1308.2,1310.5,1306.4,1307.9,1266.0
2021-06-02 10:33:00,NSE:APLAPOLLO,1310.0,1310.55,1308.0,1309.75,179.0
2021-06-02 10:36:00,NSE:APLAPOLLO,1309.4,1309.4,1307.9,1308.0,164.0
2021-06-02 10:39:00,NSE:APLAPOLLO,1307.95,1307.95,1300.5,1302.9,542.0
2021-06-02 10:42:00,NSE:APLAPOLLO,1304.4,1304.4,1302.7,1302.95,108.0
2021-06-02 10:45:00,NSE:APLAPOLLO,1303.75,1304.3,1302.75,1304.3,125.0
2021-06-02 10:48:00,NSE:APLAPOLLO,1304.35,1304.45,1303.05,1303.05,72.0
2021-06-02 10:51:00,NSE:APLAPOLLO,1304.35,1305.8,1304.35,1305.8,98.0
2021-06-02 10:54:00,NSE:APLAPOLLO,1305.7,1305.7,1301.85,1301.85,169.0
2021-06-02 10:57:00,NSE:APLAPOLLO,1301.8,1301.9,1292.0,1292.55,2087.0
2021-06-02 11:00:00,NSE:APLAPOLLO,1292.3,1299.5,1292.0,1295.75,793.0
2021-06-02 11:03:00,NSE:APLAPOLLO,1295.05,1297.95,1291.2,1297.0,713.0
2021-06-02 11:06:00,NSE:APLAPOLLO,1295.0,1296.0,1292.0,1292.6,981.0
2021-06-02 11:09:00,NSE:APLAPOLLO,1292.6,1295.75,1292.6,1293.0,167.0
2021-06-02 11:12:00,NSE:APLAPOLLO,1293.0,1295.35,1290.05,1295.35,959.0
2021-06-02 11:15:00,NSE:APLAPOLLO,1295.75,1295.75,1295.35,1295.35,407.0
2021-06-02 11:18:00,NSE:APLAPOLLO,1294.5,1294.5,1293.2,1293.2,332.0
2021-06-02 11:21:00,NSE:APLAPOLLO,1293.0,1293.15,1291.1,1291.1,232.0
2021-06-02 11:24:00,NSE:APLAPOLLO,1291.1,1294.5,1291.1,1291.8,919.0
2021-06-02 11:27:00,NSE:APLAPOLLO,1291.7,1296.8,1290.55,1294.0,636.0
2021-06-02 11:30:00,NSE:APLAPOLLO,1294.85,1294.85,1288.6,1288.65,2851.0
2021-06-02 11:33:00,NSE:APLAPOLLO,1288.65,1290.0,1288.65,1288.95,791.0
2021-06-02 11:36:00,NSE:APLAPOLLO,1289.95,1289.95,1288.0,1289.7,868.0
2021-06-02 11:39:00,NSE:APLAPOLLO,1289.7,1289.7,1285.55,1285.85,839.0
2021-06-02 11:42:00,NSE:APLAPOLLO,1285.55,1285.85,1274.75,1274.95,3680.0
2021-06-02 11:45:00,NSE:APLAPOLLO,1274.95,1279.95,1274.5,1279.5,1694.0
2021-06-02 11:48:00,NSE:APLAPOLLO,1280.0,1280.0,1279.25,1280.0,686.0
2021-06-02 11:51:00,NSE:APLAPOLLO,1280.0,1280.0,1278.0,1278.1,406.0
2021-06-02 11:54:00,NSE:APLAPOLLO,1278.85,1279.35,1277.05,1278.05,328.0
2021-06-02 11:57:00,NSE:APLAPOLLO,1279.0,1279.0,1274.0,1274.5,2022.0
2021-06-02 12:00:00,NSE:APLAPOLLO,1275.9,1275.9,1273.95,1274.8,199.0
2021-06-02 12:03:00,NSE:APLAPOLLO,1274.8,1274.8,1262.6,1267.05,3163.0
2021-06-02 12:06:00,NSE:APLAPOLLO,1268.8,1274.05,1268.8,1271.0,956.0
2021-06-02 12:09:00,NSE:APLAPOLLO,1271.0,1271.0,1265.0,1265.0,838.0
2021-06-02 12:12:00,NSE:APLAPOLLO,1265.0,1269.1,1264.55,1269.1,1986.0
2021-06-02 12:15:00,NSE:APLAPOLLO,1269.1,1269.1,1265.7,1266.0,1438.0
2021-06-02 12:18:00,NSE:APLAPOLLO,1268.0,1268.95,1266.0,1266.0,492.0
2021-06-02 12:21:00,NSE:APLAPOLLO,1266.0,1266.0,1264.05,1265.0,921.0
2021-06-02 12:24:00,NSE:APLAPOLLO,1265.0,1268.85,1264.6,1266.0,796.0
2021-06-02 12:27:00,NSE:APLAPOLLO,1266.0,1266.0,1265.0,1266.0,1050.0
2021-06-02 12:30:00,NSE:APLAPOLLO,1266.0,1267.0,1266.0,1267.0,517.0
2021-06-02 12:33:00,NSE:APLAPOLLO,1267.0,1267.0,1264.4,1265.95,873.0
2021-06-02 12:36:00,NSE:APLAPOLLO,1266.0,1270.0,1266.0,1269.9,748.0
2021-06-02 12:39:00,NSE:APLAPOLLO,1273.2,1273.2,1271.0,1272.0,375.0
2021-06-02 12:42:00,NSE:APLAPOLLO,1272.35,1272.35,1265.0,1266.0,5320.0
2021-06-02 12:45:00,NSE:APLAPOLLO,1265.05,1275.2,1265.05,1275.0,4653.0
2021-06-02 12:48:00,NSE:APLAPOLLO,1275.1,1278.9,1272.05,1277.05,1326.0
2021-06-02 12:51:00,NSE:APLAPOLLO,1278.85,1279.0,1265.45,1271.7,4230.0
2021-06-02 12:54:00,NSE:APLAPOLLO,1274.0,1274.0,1270.5,1272.3,397.0
2021-06-02 12:57:00,NSE:APLAPOLLO,1272.3,1272.3,1271.0,1271.4,273.0
2021-06-02 13:00:00,NSE:APLAPOLLO,1273.2,1273.2,1270.65,1271.05,294.0
2021-06-02 13:03:00,NSE:APLAPOLLO,1273.0,1273.0,1271.05,1272.45,456.0
2021-06-02 13:06:00,NSE:APLAPOLLO,1272.45,1272.8,1270.95,1272.8,527.0
2021-06-02 13:09:00,NSE:APLAPOLLO,1273.0,1273.95,1271.15,1271.15,354.0
2021-06-02 13:12:00,NSE:APLAPOLLO,1274.0,1274.0,1273.95,1273.95,1022.0
2021-06-02 13:15:00,NSE:APLAPOLLO,1272.15,1273.3,1271.3,1271.3,191.0
2021-06-02 13:18:00,NSE:APLAPOLLO,1271.3,1273.05,1270.65,1273.05,677.0
2021-06-02 13:21:00,NSE:APLAPOLLO,1273.15,1275.6,1272.0,1275.55,419.0
2021-06-02 13:24:00,NSE:APLAPOLLO,1275.6,1276.35,1273.05,1276.35,312.0
2021-06-02 13:27:00,NSE:APLAPOLLO,1276.3,1276.3,1275.1,1276.3,96.0
2021-06-02 13:30:00,NSE:APLAPOLLO,1276.3,1278.0,1275.0,1275.95,1050.0
2021-06-02 13:33:00,NSE:APLAPOLLO,1276.4,1276.75,1274.9,1274.95,425.0
2021-06-02 13:36:00,NSE:APLAPOLLO,1276.7,1277.4,1275.0,1276.9,207.0
2021-06-02 13:39:00,NSE:APLAPOLLO,1276.5,1276.6,1274.95,1276.6,274.0
2021-06-02 13:42:00,NSE:APLAPOLLO,1277.0,1277.5,1274.9,1274.9,432.0
2021-06-02 13:45:00,NSE:APLAPOLLO,1277.45,1277.9,1272.7,1274.95,1075.0
2021-06-02 13:48:00,NSE:APLAPOLLO,1275.55,1277.0,1275.35,1277.0,624.0
2021-06-02 13:51:00,NSE:APLAPOLLO,1277.55,1277.55,1275.7,1275.9,127.0
2021-06-02 13:54:00,NSE:APLAPOLLO,1275.9,1277.2,1274.6,1274.65,301.0
2021-06-02 13:57:00,NSE:APLAPOLLO,1274.6,1274.6,1274.0,1274.3,255.0
2021-06-02 14:00:00,NSE:APLAPOLLO,1274.85,1276.2,1274.85,1276.15,129.0
2021-06-02 14:03:00,NSE:APLAPOLLO,1275.7,1275.7,1271.0,1272.1,1435.0
2021-06-02 14:06:00,NSE:APLAPOLLO,1271.5,1271.65,1270.0,1270.45,1264.0
2021-06-02 14:09:00,NSE:APLAPOLLO,1271.05,1274.7,1271.05,1274.7,535.0
2021-06-02 14:12:00,NSE:APLAPOLLO,1274.0,1274.0,1268.35,1271.7,1535.0
2021-06-02 14:15:00,NSE:APLAPOLLO,1270.7,1271.0,1268.0,1268.0,513.0
2021-06-02 14:18:00,NSE:APLAPOLLO,1269.8,1269.8,1269.0,1269.8,329.0
2021-06-02 14:21:00,NSE:APLAPOLLO,1271.95,1271.95,1271.95,1271.95,133.0
2021-06-02 14:24:00,NSE:APLAPOLLO,1272.05,1274.0,1268.95,1268.95,1345.0
2021-06-02 14:27:00,NSE:APLAPOLLO,1268.95,1269.0,1268.15,1268.95,442.0
2021-06-02 14:30:00,NSE:APLAPOLLO,1268.95,1269.0,1267.0,1269.0,1526.0
2021-06-02 14:33:00,NSE:APLAPOLLO,1269.0,1269.0,1268.0,1268.0,279.0
2021-06-02 14:36:00,NSE:APLAPOLLO,1268.0,1269.0,1265.0,1269.0,1861.0
2021-06-02 14:39:00,NSE:APLAPOLLO,1269.0,1269.0,1267.95,1268.25,759.0
2021-06-02 14:42:00,NSE:APLAPOLLO,1268.25,1270.1,1266.05,1270.1,621.0
2021-06-02 14:45:00,NSE:APLAPOLLO,1269.75,1271.6,1269.0,1271.5,745.0
2021-06-02 14:48:00,NSE:APLAPOLLO,1275.0,1276.95,1272.55,1272.55,1488.0
2021-06-02 14:51:00,NSE:APLAPOLLO,1273.1,1274.3,1267.35,1267.35,1149.0
2021-06-02 14:54:00,NSE:APLAPOLLO,1268.0,1270.0,1267.5,1270.0,828.0
2021-06-02 14:57:00,NSE:APLAPOLLO,1270.0,1270.0,1264.0,1264.9,3759.0
2021-06-02 15:00:00,NSE:APLAPOLLO,1264.9,1267.25,1264.45,1266.45,1535.0
2021-06-02 15:03:00,NSE:APLAPOLLO,1266.45,1268.8,1260.0,1268.4,5869.0
2021-06-02 15:06:00,NSE:APLAPOLLO,1268.15,1269.75,1268.15,1269.7,683.0
2021-06-02 15:09:00,NSE:APLAPOLLO,1270.0,1274.75,1269.55,1273.35,1989.0
2021-06-02 15:12:00,NSE:APLAPOLLO,1273.35,1276.2,1273.15,1275.6,1511.0
2021-06-02 15:15:00,NSE:APLAPOLLO,1275.6,1276.0,1270.0,1272.75,3522.0
2021-06-02 15:18:00,NSE:APLAPOLLO,1273.0,1273.0,1271.55,1272.15,3090.0
2021-06-02 15:21:00,NSE:APLAPOLLO,1272.1,1276.1,1271.95,1275.45,1887.0
2021-06-02 15:24:00,NSE:APLAPOLLO,1275.45,1279.0,1275.45,1278.5,3414.0
2021-06-02 15:27:00,NSE:APLAPOLLO,1278.0,1283.0,1277.3,1283.0,4598.0
2021-06-02 15:30:00,NSE:APLAPOLLO,1282.0,1282.0,1282.0,1282.0,1.0
2021-06-02 15:51:00,NSE:APLAPOLLO,1271.9,1271.9,1271.9,1271.9,5.0
2021-06-03 09:06:00,NSE:APLAPOLLO,1285.0,1285.0,1285.0,1285.0,578.0
2021-06-03 09:15:00,NSE:APLAPOLLO,1290.9,1307.4,1288.05,1304.95,6454.0
2021-06-03 09:18:00,NSE:APLAPOLLO,1306.0,1306.0,1296.3,1300.0,2831.0
2021-06-03 09:21:00,NSE:APLAPOLLO,1299.95,1309.4,1299.95,1304.25,3696.0
2021-06-03 09:24:00,NSE:APLAPOLLO,1304.0,1307.0,1303.55,1306.7,2863.0
2021-06-03 09:27:00,NSE:APLAPOLLO,1306.7,1306.9,1303.55,1303.6,1476.0
2021-06-03 09:30:00,NSE:APLAPOLLO,1303.6,1305.85,1300.5,1303.25,2909.0
2021-06-03 09:33:00,NSE:APLAPOLLO,1304.65,1304.65,1302.55,1303.0,818.0
2021-06-03 09:36:00,NSE:APLAPOLLO,1303.0,1304.5,1301.1,1301.1,1932.0
2021-06-03 09:39:00,NSE:APLAPOLLO,1301.0,1303.0,1299.0,1300.0,2606.0
2021-06-03 09:42:00,NSE:APLAPOLLO,1301.5,1302.6,1300.05,1300.05,1415.0
2021-06-03 09:45:00,NSE:APLAPOLLO,1300.05,1300.5,1298.0,1299.75,2071.0
2021-06-03 09:48:00,NSE:APLAPOLLO,1300.0,1300.0,1292.45,1296.9,1763.0
2021-06-03 09:51:00,NSE:APLAPOLLO,1296.9,1298.0,1294.75,1298.0,1174.0
2021-06-03 09:54:00,NSE:APLAPOLLO,1297.05,1298.0,1297.05,1298.0,586.0
2021-06-03 09:57:00,NSE:APLAPOLLO,1297.95,1303.1,1297.85,1302.5,1252.0
2021-06-03 10:00:00,NSE:APLAPOLLO,1300.4,1304.15,1300.4,1303.05,1260.0
2021-06-03 10:03:00,NSE:APLAPOLLO,1301.3,1306.0,1300.0,1306.0,1316.0
2021-06-03 10:06:00,NSE:APLAPOLLO,1306.5,1309.0,1306.5,1307.4,1927.0
2021-06-03 10:09:00,NSE:APLAPOLLO,1307.0,1309.9,1307.0,1308.85,3358.0
2021-06-03 10:12:00,NSE:APLAPOLLO,1308.85,1314.0,1308.0,1312.8,3135.0
2021-06-03 10:15:00,NSE:APLAPOLLO,1311.15,1315.4,1310.95,1315.35,3323.0
2021-06-03 10:18:00,NSE:APLAPOLLO,1315.0,1325.0,1315.0,1318.0,11526.0
2021-06-03 10:21:00,NSE:APLAPOLLO,1320.75,1322.1,1315.05,1319.95,3996.0
2021-06-03 10:24:00,NSE:APLAPOLLO,1320.0,1320.95,1316.05,1317.9,1301.0
2021-06-03 10:27:00,NSE:APLAPOLLO,1317.9,1317.9,1315.5,1315.65,559.0
2021-06-03 10:30:00,NSE:APLAPOLLO,1316.5,1316.5,1310.55,1311.55,3796.0
2021-06-03 10:33:00,NSE:APLAPOLLO,1311.65,1313.8,1311.65,1313.0,1097.0
2021-06-03 10:36:00,NSE:APLAPOLLO,1311.95,1312.9,1310.55,1310.95,1357.0
2021-06-03 10:39:00,NSE:APLAPOLLO,1310.9,1311.0,1307.0,1307.15,2820.0
2021-06-03 10:42:00,NSE:APLAPOLLO,1309.0,1309.65,1307.05,1309.0,3234.0
2021-06-03 10:45:00,NSE:APLAPOLLO,1309.45,1310.0,1308.0,1308.05,1330.0
2021-06-03 10:48:00,NSE:APLAPOLLO,1308.0,1309.5,1308.0,1308.05,331.0
2021-06-03 10:51:00,NSE:APLAPOLLO,1308.05,1309.0,1307.0,1307.25,615.0
2021-06-03 10:54:00,NSE:APLAPOLLO,1308.7,1309.7,1307.0,1307.05,3387.0
2021-06-03 10:57:00,NSE:APLAPOLLO,1307.05,1309.4,1307.05,1307.4,664.0
2021-06-03 11:00:00,NSE:APLAPOLLO,1307.1,1309.85,1307.1,1307.4,525.0
2021-06-03 11:03:00,NSE:APLAPOLLO,1307.4,1309.7,1307.3,1308.0,381.0
2021-06-03 11:06:00,NSE:APLAPOLLO,1309.0,1310.95,1309.0,1309.65,941.0
2021-06-03 11:09:00,NSE:APLAPOLLO,1309.55,1311.0,1307.35,1310.0,3116.0
2021-06-03 11:12:00,NSE:APLAPOLLO,1308.1,1310.0,1302.35,1302.35,3386.0
2021-06-03 11:15:00,NSE:APLAPOLLO,1302.25,1307.35,1302.25,1303.4,301.0
2021-06-03 11:18:00,NSE:APLAPOLLO,1305.0,1306.75,1303.45,1304.65,485.0
2021-06-03 11:21:00,NSE:APLAPOLLO,1306.1,1309.7,1304.65,1309.7,523.0
2021-06-03 11:24:00,NSE:APLAPOLLO,1308.7,1309.5,1303.6,1303.9,1442.0
2021-06-03 11:27:00,NSE:APLAPOLLO,1303.9,1310.9,1303.9,1308.6,1554.0
2021-06-03 11:30:00,NSE:APLAPOLLO,1308.8,1310.25,1306.0,1306.0,263.0
2021-06-03 11:33:00,NSE:APLAPOLLO,1305.1,1307.6,1304.55,1307.05,240.0
2021-06-03 11:36:00,NSE:APLAPOLLO,1307.95,1307.95,1297.0,1297.0,6180.0
2021-06-03 11:39:00,NSE:APLAPOLLO,1296.8,1300.05,1291.35,1295.2,6016.0
2021-06-03 11:42:00,NSE:APLAPOLLO,1295.6,1306.55,1295.35,1300.05,1465.0
2021-06-03 11:45:00,NSE:APLAPOLLO,1300.05,1301.0,1298.1,1300.0,1056.0
2021-06-03 11:48:00,NSE:APLAPOLLO,1299.95,1303.0,1298.5,1302.05,451.0
2021-06-03 11:51:00,NSE:APLAPOLLO,1302.05,1305.0,1299.25,1300.4,1068.0
2021-06-03 11:54:00,NSE:APLAPOLLO,1300.4,1305.2,1300.35,1300.4,237.0
2021-06-03 11:57:00,NSE:APLAPOLLO,1300.4,1303.7,1300.4,1301.2,294.0
2021-06-03 12:00:00,NSE:APLAPOLLO,1301.25,1307.0,1301.1,1305.25,701.0
2021-06-03 12:03:00,NSE:APLAPOLLO,1303.05,1307.0,1301.9,1303.45,772.0
2021-06-03 12:06:00,NSE:APLAPOLLO,1303.65,1306.1,1302.15,1302.25,764.0
2021-06-03 12:09:00,NSE:APLAPOLLO,1302.25,1308.0,1302.05,1302.7,1449.0
2021-06-03 12:12:00,NSE:APLAPOLLO,1304.85,1305.8,1301.0,1305.0,1402.0
2021-06-03 12:15:00,NSE:APLAPOLLO,1305.0,1306.95,1305.0,1305.05,801.0
2021-06-03 12:18:00,NSE:APLAPOLLO,1305.05,1306.55,1305.0,1305.0,101.0
2021-06-03 12:21:00,NSE:APLAPOLLO,1305.0,1306.6,1305.0,1306.25,379.0
2021-06-03 12:24:00,NSE:APLAPOLLO,1306.65,1306.65,1303.0,1306.0,1749.0
2021-06-03 12:27:00,NSE:APLAPOLLO,1306.55,1306.55,1301.75,1301.75,1223.0
2021-06-03 12:30:00,NSE:APLAPOLLO,1301.75,1306.35,1301.75,1306.35,2380.0
2021-06-03 12:33:00,NSE:APLAPOLLO,1306.4,1309.9,1306.0,1306.0,1265.0
2021-06-03 12:36:00,NSE:APLAPOLLO,1306.0,1307.5,1305.0,1305.0,660.0
2021-06-03 12:39:00,NSE:APLAPOLLO,1305.0,1305.7,1303.65,1303.7,584.0
2021-06-03 12:42:00,NSE:APLAPOLLO,1303.75,1306.95,1303.75,1304.7,1454.0
2021-06-03 12:45:00,NSE:APLAPOLLO,1306.35,1306.35,1304.75,1304.75,392.0
2021-06-03 12:48:00,NSE:APLAPOLLO,1306.25,1306.6,1304.65,1304.65,498.0
2021-06-03 12:51:00,NSE:APLAPOLLO,1304.55,1306.35,1304.05,1304.1,445.0
2021-06-03 12:54:00,NSE:APLAPOLLO,1306.0,1306.15,1303.1,1303.55,353.0
2021-06-03 12:57:00,NSE:APLAPOLLO,1305.6,1306.2,1303.5,1305.0,1785.0
2021-06-03 13:00:00,NSE:APLAPOLLO,1304.9,1306.0,1302.05,1302.2,856.0
2021-06-03 13:03:00,NSE:APLAPOLLO,1304.95,1305.4,1302.9,1303.05,223.0
2021-06-03 13:06:00,NSE:APLAPOLLO,1305.15,1305.85,1303.05,1305.0,6931.0
2021-06-03 13:09:00,NSE:APLAPOLLO,1305.0,1306.35,1302.0,1302.3,4801.0
2021-06-03 13:12:00,NSE:APLAPOLLO,1304.25,1304.9,1302.6,1303.8,326.0
2021-06-03 13:15:00,NSE:APLAPOLLO,1304.65,1305.9,1303.05,1304.15,1571.0
2021-06-03 13:18:00,NSE:APLAPOLLO,1305.8,1305.8,1301.0,1301.0,12586.0
2021-06-03 13:21:00,NSE:APLAPOLLO,1301.3,1304.2,1301.05,1303.0,2468.0
2021-06-03 13:24:00,NSE:APLAPOLLO,1303.35,1307.0,1301.25,1303.6,11028.0
2021-06-03 13:27:00,NSE:APLAPOLLO,1301.8,1306.95,1296.05,1297.0,22297.0
2021-06-03 13:30:00,NSE:APLAPOLLO,1299.6,1304.95,1296.5,1302.0,2268.0
2021-06-03 13:33:00,NSE:APLAPOLLO,1302.25,1306.9,1300.0,1301.85,12081.0
2021-06-03 13:36:00,NSE:APLAPOLLO,1305.0,1307.9,1302.0,1307.5,16373.0
2021-06-03 13:39:00,NSE:APLAPOLLO,1307.0,1308.95,1307.0,1308.95,407.0
2021-06-03 13:42:00,NSE:APLAPOLLO,1308.0,1320.0,1308.0,1320.0,5639.0
2021-06-03 13:45:00,NSE:APLAPOLLO,1320.0,1325.0,1317.35,1320.0,7901.0
2021-06-03 13:48:00,NSE:APLAPOLLO,1320.05,1323.6,1320.0,1323.55,2871.0
2021-06-03 13:51:00,NSE:APLAPOLLO,1320.85,1324.0,1320.0,1324.0,11324.0
2021-06-03 13:54:00,NSE:APLAPOLLO,1324.0,1334.5,1323.25,1333.45,13029.0
2021-06-03 13:57:00,NSE:APLAPOLLO,1332.0,1337.15,1330.0,1333.0,11309.0
2021-06-03 14:00:00,NSE:APLAPOLLO,1331.5,1335.1,1330.8,1331.95,6678.0
2021-06-03 14:03:00,NSE:APLAPOLLO,1331.8,1331.8,1323.0,1325.7,3675.0
2021-06-03 14:06:00,NSE:APLAPOLLO,1324.1,1325.4,1315.05,1319.9,3442.0
2021-06-03 14:09:00,NSE:APLAPOLLO,1319.45,1333.95,1319.45,1332.65,4260.0
2021-06-03 14:12:00,NSE:APLAPOLLO,1331.0,1332.9,1330.15,1330.3,1672.0
2021-06-03 14:15:00,NSE:APLAPOLLO,1330.2,1331.5,1330.0,1330.9,3001.0
2021-06-03 14:18:00,NSE:APLAPOLLO,1330.0,1332.0,1330.0,1331.95,31828.0
2021-06-03 14:21:00,NSE:APLAPOLLO,1331.95,1334.6,1331.0,1334.6,2822.0
2021-06-03 14:24:00,NSE:APLAPOLLO,1333.0,1350.0,1331.3,1343.0,25667.0
2021-06-03 14:27:00,NSE:APLAPOLLO,1344.3,1350.0,1336.05,1343.0,14370.0
2021-06-03 14:30:00,NSE:APLAPOLLO,1340.45,1347.2,1335.2,1335.6,5755.0
2021-06-03 14:33:00,NSE:APLAPOLLO,1338.6,1340.0,1335.15,1336.5,1670.0
2021-06-03 14:36:00,NSE:APLAPOLLO,1336.5,1339.95,1334.6,1336.35,3491.0
2021-06-03 14:39:00,NSE:APLAPOLLO,1334.0,1335.75,1332.1,1333.0,3557.0
2021-06-03 14:42:00,NSE:APLAPOLLO,1333.0,1344.45,1332.3,1344.45,21981.0
2021-06-03 14:45:00,NSE:APLAPOLLO,1344.4,1355.0,1341.3,1350.7,31295.0
2021-06-03 14:48:00,NSE:APLAPOLLO,1349.05,1349.05,1330.05,1338.6,48164.0
2021-06-03 14:51:00,NSE:APLAPOLLO,1338.6,1339.75,1331.55,1333.0,16435.0
2021-06-03 14:54:00,NSE:APLAPOLLO,1333.45,1333.45,1314.35,1319.0,17881.0
2021-06-03 14:57:00,NSE:APLAPOLLO,1319.0,1329.9,1316.1,1328.0,13260.0
2021-06-03 15:00:00,NSE:APLAPOLLO,1328.0,1333.0,1322.35,1333.0,6244.0
2021-06-03 15:03:00,NSE:APLAPOLLO,1332.0,1339.8,1332.0,1339.4,8248.0
2021-06-03 15:06:00,NSE:APLAPOLLO,1338.2,1344.8,1338.2,1341.0,14652.0
2021-06-03 15:09:00,NSE:APLAPOLLO,1341.0,1341.0,1335.2,1338.95,3893.0
2021-06-03 15:12:00,NSE:APLAPOLLO,1338.95,1338.95,1330.1,1331.8,8066.0
2021-06-03 15:15:00,NSE:APLAPOLLO,1331.8,1335.0,1330.1,1334.85,4346.0
2021-06-03 15:18:00,NSE:APLAPOLLO,1334.85,1334.85,1330.1,1330.35,8928.0
2021-06-03 15:21:00,NSE:APLAPOLLO,1330.1,1331.3,1330.1,1330.9,5494.0
2021-06-03 15:24:00,NSE:APLAPOLLO,1330.15,1334.55,1326.05,1334.55,4556.0
2021-06-03 15:27:00,NSE:APLAPOLLO,1334.0,1338.0,1328.0,1328.0,7717.0
2021-06-03 15:30:00,NSE:APLAPOLLO,1330.0,1330.0,1330.0,1330.0,5.0
2021-06-03 15:39:00,NSE:APLAPOLLO,1334.35,1334.35,1330.0,1330.0,5.0
2021-06-04 09:06:00,NSE:APLAPOLLO,1352.0,1352.0,1352.0,1352.0,1526.0
2021-06-04 09:15:00,NSE:APLAPOLLO,1349.95,1377.9,1349.95,1359.95,40711.0
2021-06-04 09:18:00,NSE:APLAPOLLO,1361.5,1363.45,1352.05,1356.85,12543.0
2021-06-04 09:21:00,NSE:APLAPOLLO,1356.8,1357.0,1346.35,1349.95,15522.0
2021-06-04 09:24:00,NSE:APLAPOLLO,1346.4,1362.4,1345.0,1362.4,25620.0
2021-06-04 09:27:00,NSE:APLAPOLLO,1363.5,1371.0,1363.5,1371.0,14087.0
2021-06-04 09:30:00,NSE:APLAPOLLO,1373.55,1390.0,1369.55,1370.15,44906.0
2021-06-04 09:33:00,NSE:APLAPOLLO,1371.2,1384.6,1368.25,1382.0,12351.0
2021-06-04 09:36:00,NSE:APLAPOLLO,1380.0,1400.0,1379.5,1400.0,29132.0
2021-06-04 09:39:00,NSE:APLAPOLLO,1400.95,1418.0,1400.95,1408.15,37252.0
2021-06-04 09:42:00,NSE:APLAPOLLO,1408.15,1418.0,1402.85,1407.1,23273.0
2021-06-04 09:45:00,NSE:APLAPOLLO,1407.1,1412.0,1405.15,1406.0,7881.0
2021-06-04 09:48:00,NSE:APLAPOLLO,1405.55,1408.0,1397.45,1402.85,33259.0
2021-06-04 09:51:00,NSE:APLAPOLLO,1402.95,1403.0,1398.25,1398.25,8073.0
2021-06-04 09:54:00,NSE:APLAPOLLO,1398.05,1399.45,1395.15,1399.0,5285.0
2021-06-04 09:57:00,NSE:APLAPOLLO,1398.7,1410.0,1398.55,1409.05,26846.0
2021-06-04 10:00:00,NSE:APLAPOLLO,1410.0,1410.0,1404.05,1404.05,7886.0
2021-06-04 10:03:00,NSE:APLAPOLLO,1405.55,1406.0,1402.15,1403.65,2481.0
2021-06-04 10:06:00,NSE:APLAPOLLO,1403.85,1408.3,1402.6,1407.45,8454.0
2021-06-04 10:09:00,NSE:APLAPOLLO,1407.5,1407.5,1401.0,1404.0,2683.0
2021-06-04 10:12:00,NSE:APLAPOLLO,1404.0,1405.9,1403.0,1405.0,78329.0
2021-06-04 10:15:00,NSE:APLAPOLLO,1403.95,1405.9,1400.4,1401.2,13132.0
2021-06-04 10:18:00,NSE:APLAPOLLO,1401.2,1402.95,1396.8,1399.0,5817.0
2021-06-04 10:21:00,NSE:APLAPOLLO,1399.0,1400.0,1396.0,1398.05,2735.0
2021-06-04 10:24:00,NSE:APLAPOLLO,1397.0,1397.75,1395.0,1395.5,1528.0
2021-06-04 10:27:00,NSE:APLAPOLLO,1395.0,1398.0,1390.55,1398.0,4584.0
2021-06-04 10:30:00,NSE:APLAPOLLO,1397.0,1397.4,1392.0,1392.0,1633.0
2021-06-04 10:33:00,NSE:APLAPOLLO,1393.25,1395.8,1390.0,1390.2,3126.0
2021-06-04 10:36:00,NSE:APLAPOLLO,1390.15,1390.9,1376.0,1377.9,10940.0
2021-06-04 10:39:00,NSE:APLAPOLLO,1378.0,1392.35,1377.55,1389.0,6557.0
2021-06-04 10:42:00,NSE:APLAPOLLO,1389.0,1389.0,1386.0,1386.9,1196.0
2021-06-04 10:45:00,NSE:APLAPOLLO,1386.9,1386.9,1383.25,1383.75,2120.0
2021-06-04 10:48:00,NSE:APLAPOLLO,1383.25,1385.0,1382.4,1384.4,1487.0
2021-06-04 10:51:00,NSE:APLAPOLLO,1384.8,1384.95,1382.6,1384.0,2025.0
2021-06-04 10:54:00,NSE:APLAPOLLO,1383.95,1385.0,1383.05,1383.8,683.0
2021-06-04 10:57:00,NSE:APLAPOLLO,1385.0,1393.7,1384.3,1386.5,3868.0
2021-06-04 11:00:00,NSE:APLAPOLLO,1386.5,1392.0,1385.2,1391.45,1516.0
2021-06-04 11:03:00,NSE:APLAPOLLO,1390.05,1393.5,1390.0,1390.0,2283.0
2021-06-04 11:06:00,NSE:APLAPOLLO,1391.7,1392.9,1390.0,1390.4,1322.0
2021-06-04 11:09:00,NSE:APLAPOLLO,1390.3,1392.0,1386.05,1386.7,3165.0
2021-06-04 11:12:00,NSE:APLAPOLLO,1387.4,1388.85,1384.0,1385.0,2404.0
2021-06-04 11:15:00,NSE:APLAPOLLO,1384.8,1388.25,1384.8,1388.05,731.0
2021-06-04 11:18:00,NSE:APLAPOLLO,1386.85,1388.4,1382.0,1382.65,1336.0
2021-06-04 11:21:00,NSE:APLAPOLLO,1385.0,1388.0,1385.0,1387.0,3222.0
2021-06-04 11:24:00,NSE:APLAPOLLO,1387.0,1389.7,1386.45,1386.45,1646.0
2021-06-04 11:27:00,NSE:APLAPOLLO,1386.55,1388.65,1383.0,1384.45,6132.0
2021-06-04 11:30:00,NSE:APLAPOLLO,1384.45,1386.55,1383.05,1383.75,944.0
2021-06-04 11:33:00,NSE:APLAPOLLO,1383.5,1386.95,1381.45,1386.1,2294.0
2021-06-04 11:36:00,NSE:APLAPOLLO,1385.25,1388.2,1384.5,1385.1,876.0
2021-06-04 11:39:00,NSE:APLAPOLLO,1385.0,1386.0,1383.65,1384.2,3562.0
2021-06-04 11:42:00,NSE:APLAPOLLO,1384.6,1386.9,1384.05,1385.35,834.0
2021-06-04 11:45:00,NSE:APLAPOLLO,1384.95,1386.5,1382.5,1383.05,1115.0
2021-06-04 11:48:00,NSE:APLAPOLLO,1383.1,1390.0,1381.35,1383.4,3359.0
2021-06-04 11:51:00,NSE:APLAPOLLO,1383.25,1385.0,1383.0,1383.85,614.0
2021-06-04 11:54:00,NSE:APLAPOLLO,1383.5,1386.75,1383.0,1384.45,546.0
2021-06-04 11:57:00,NSE:APLAPOLLO,1384.25,1385.0,1378.0,1383.4,3616.0
2021-06-04 12:00:00,NSE:APLAPOLLO,1383.35,1385.0,1381.6,1383.0,950.0
2021-06-04 12:03:00,NSE:APLAPOLLO,1382.95,1385.0,1382.6,1383.9,630.0
2021-06-04 12:06:00,NSE:APLAPOLLO,1384.4,1384.95,1380.05,1382.75,1574.0
2021-06-04 12:09:00,NSE:APLAPOLLO,1380.35,1382.2,1380.0,1380.3,1107.0
2021-06-04 12:12:00,NSE:APLAPOLLO,1380.25,1381.95,1380.0,1380.15,525.0
2021-06-04 12:15:00,NSE:APLAPOLLO,1380.15,1381.45,1378.45,1380.0,932.0
2021-06-04 12:18:00,NSE:APLAPOLLO,1379.7,1382.0,1378.55,1381.45,1176.0
2021-06-04 12:21:00,NSE:APLAPOLLO,1381.5,1385.0,1379.0,1381.05,1267.0
2021-06-04 12:24:00,NSE:APLAPOLLO,1381.0,1384.45,1379.6,1381.1,1887.0
2021-06-04 12:27:00,NSE:APLAPOLLO,1381.1,1383.85,1378.25,1379.0,1282.0
2021-06-04 12:30:00,NSE:APLAPOLLO,1379.0,1379.95,1378.15,1378.9,910.0
2021-06-04 12:33:00,NSE:APLAPOLLO,1378.95,1379.55,1376.2,1377.6,2119.0
2021-06-04 12:36:00,NSE:APLAPOLLO,1377.7,1379.8,1375.95,1379.55,2511.0
2021-06-04 12:39:00,NSE:APLAPOLLO,1379.5,1381.85,1378.2,1381.85,1354.0
2021-06-04 12:42:00,NSE:APLAPOLLO,1381.5,1382.3,1379.2,1380.0,1169.0
2021-06-04 12:45:00,NSE:APLAPOLLO,1380.0,1380.0,1379.0,1380.0,2016.0
2021-06-04 12:48:00,NSE:APLAPOLLO,1379.55,1381.55,1379.0,1379.05,592.0
2021-06-04 12:51:00,NSE:APLAPOLLO,1379.0,1380.0,1375.65,1378.5,1294.0
2021-06-04 12:54:00,NSE:APLAPOLLO,1380.0,1383.3,1380.0,1381.4,1823.0
2021-06-04 12:57:00,NSE:APLAPOLLO,1381.75,1384.3,1381.05,1382.15,1110.0
2021-06-04 13:00:00,NSE:APLAPOLLO,1382.15,1385.15,1382.0,1383.25,1342.0
2021-06-04 13:03:00,NSE:APLAPOLLO,1382.15,1384.8,1380.55,1381.85,2912.0
2021-06-04 13:06:00,NSE:APLAPOLLO,1381.8,1384.0,1380.0,1382.9,2347.0
2021-06-04 13:09:00,NSE:APLAPOLLO,1382.15,1383.5,1379.0,1379.05,1601.0
2021-06-04 13:12:00,NSE:APLAPOLLO,1379.05,1381.65,1379.0,1379.9,847.0
2021-06-04 13:15:00,NSE:APLAPOLLO,1379.85,1380.05,1379.5,1379.55,1170.0
2021-06-04 13:18:00,NSE:APLAPOLLO,1379.65,1381.25,1379.65,1380.0,2952.0
2021-06-04 13:21:00,NSE:APLAPOLLO,1380.0,1380.0,1378.45,1379.95,965.0
2021-06-04 13:24:00,NSE:APLAPOLLO,1378.5,1380.0,1375.2,1375.2,2659.0
2021-06-04 13:27:00,NSE:APLAPOLLO,1373.4,1374.9,1371.0,1373.1,5834.0
2021-06-04 13:30:00,NSE:APLAPOLLO,1374.5,1374.5,1370.0,1371.1,2333.0
2021-06-04 13:33:00,NSE:APLAPOLLO,1371.8,1372.45,1370.0,1370.5,1725.0
2021-06-04 13:36:00,NSE:APLAPOLLO,1371.0,1371.0,1368.05,1369.35,1694.0
2021-06-04 13:39:00,NSE:APLAPOLLO,1369.35,1370.05,1369.25,1369.7,757.0
2021-06-04 13:42:00,NSE:APLAPOLLO,1370.0,1371.15,1369.25,1370.0,729.0
2021-06-04 13:45:00,NSE:APLAPOLLO,1370.0,1370.0,1368.8,1369.0,873.0
2021-06-04 13:48:00,NSE:APLAPOLLO,1369.0,1369.5,1368.8,1369.0,1368.0
2021-06-04 13:51:00,NSE:APLAPOLLO,1368.8,1369.0,1367.65,1368.0,3170.0
2021-06-04 13:54:00,NSE:APLAPOLLO,1367.65,1368.0,1365.75,1367.0,864.0
2021-06-04 13:57:00,NSE:APLAPOLLO,1367.05,1368.05,1367.0,1367.95,2979.0
2021-06-04 14:00:00,NSE:APLAPOLLO,1367.95,1367.95,1365.2,1366.85,1073.0
2021-06-04 14:03:00,NSE:APLAPOLLO,1367.15,1369.4,1365.85,1367.3,1547.0
2021-06-04 14:06:00,NSE:APLAPOLLO,1368.0,1368.0,1367.0,1367.4,711.0
2021-06-04 14:09:00,NSE:APLAPOLLO,1367.45,1369.0,1367.4,1369.0,1347.0
2021-06-04 14:12:00,NSE:APLAPOLLO,1369.0,1369.0,1367.0,1367.2,2277.0
2021-06-04 14:15:00,NSE:APLAPOLLO,1367.0,1367.7,1364.15,1366.3,981.0
2021-06-04 14:18:00,NSE:APLAPOLLO,1366.3,1368.0,1365.0,1367.35,784.0
2021-06-04 14:21:00,NSE:APLAPOLLO,1367.35,1367.4,1364.0,1365.85,1138.0
2021-06-04 14:24:00,NSE:APLAPOLLO,1365.8,1366.0,1364.7,1364.7,1312.0
2021-06-04 14:27:00,NSE:APLAPOLLO,1365.0,1365.0,1357.3,1359.0,7752.0
2021-06-04 14:30:00,NSE:APLAPOLLO,1359.05,1361.35,1357.25,1359.95,2799.0
2021-06-04 14:33:00,NSE:APLAPOLLO,1359.95,1359.95,1357.05,1358.0,1915.0
2021-06-04 14:36:00,NSE:APLAPOLLO,1358.0,1359.0,1352.6,1353.0,4791.0
2021-06-04 14:39:00,NSE:APLAPOLLO,1352.55,1353.0,1346.5,1350.0,10800.0
2021-06-04 14:42:00,NSE:APLAPOLLO,1348.7,1348.7,1337.25,1338.75,10655.0
2021-06-04 14:45:00,NSE:APLAPOLLO,1338.75,1342.05,1338.75,1341.15,8086.0
2021-06-04 14:48:00,NSE:APLAPOLLO,1341.1,1342.4,1338.0,1338.0,13761.0
2021-06-04 14:51:00,NSE:APLAPOLLO,1339.6,1340.15,1336.9,1338.15,4140.0
2021-06-04 14:54:00,NSE:APLAPOLLO,1338.2,1342.9,1338.15,1340.45,4368.0
2021-06-04 14:57:00,NSE:APLAPOLLO,1340.45,1341.5,1339.55,1340.0,6089.0
2021-06-04 15:00:00,NSE:APLAPOLLO,1339.55,1340.05,1339.0,1340.0,3711.0
2021-06-04 15:03:00,NSE:APLAPOLLO,1340.0,1340.0,1338.0,1339.9,4164.0
2021-06-04 15:06:00,NSE:APLAPOLLO,1339.9,1341.0,1338.15,1340.0,2733.0
2021-06-04 15:09:00,NSE:APLAPOLLO,1340.0,1340.0,1339.0,1340.0,4411.0
2021-06-04 15:12:00,NSE:APLAPOLLO,1340.05,1340.05,1339.55,1340.0,2464.0
2021-06-04 15:15:00,NSE:APLAPOLLO,1339.6,1340.0,1328.85,1337.85,14778.0
2021-06-04 15:18:00,NSE:APLAPOLLO,1337.85,1338.4,1320.0,1322.05,17006.0
2021-06-04 15:21:00,NSE:APLAPOLLO,1320.45,1321.65,1302.0,1319.85,15069.0
2021-06-04 15:24:00,NSE:APLAPOLLO,1319.0,1319.9,1311.1,1313.45,7686.0
2021-06-04 15:27:00,NSE:APLAPOLLO,1314.9,1314.9,1301.0,1309.9,22015.0
2021-06-04 15:39:00,NSE:APLAPOLLO,1322.65,1322.65,1322.65,1322.65,100.0
2021-06-07 09:06:00,NSE:APLAPOLLO,1332.4,1332.4,1332.4,1332.4,780.0
2021-06-07 09:15:00,NSE:APLAPOLLO,1330.0,1344.9,1323.0,1342.1,48791.0
2021-06-07 09:18:00,NSE:APLAPOLLO,1344.9,1346.95,1333.0,1335.45,32059.0
2021-06-07 09:21:00,NSE:APLAPOLLO,1336.95,1344.35,1336.15,1342.9,5007.0
2021-06-07 09:24:00,NSE:APLAPOLLO,1343.8,1343.8,1339.1,1339.1,2241.0
2021-06-07 09:27:00,NSE:APLAPOLLO,1339.1,1339.1,1334.75,1334.75,1819.0
2021-06-07 09:30:00,NSE:APLAPOLLO,1334.75,1336.95,1334.75,1336.4,2192.0
2021-06-07 09:33:00,NSE:APLAPOLLO,1336.05,1336.65,1333.35,1334.5,1596.0
2021-06-07 09:36:00,NSE:APLAPOLLO,1333.85,1334.35,1331.0,1331.0,1199.0
2021-06-07 09:39:00,NSE:APLAPOLLO,1331.9,1332.65,1330.0,1331.75,1310.0
2021-06-07 09:42:00,NSE:APLAPOLLO,1330.8,1331.65,1322.5,1324.65,5262.0
2021-06-07 09:45:00,NSE:APLAPOLLO,1324.7,1325.35,1320.0,1320.5,4935.0
2021-06-07 09:48:00,NSE:APLAPOLLO,1321.6,1324.2,1321.3,1322.65,1747.0
2021-06-07 09:51:00,NSE:APLAPOLLO,1323.35,1325.8,1320.55,1325.2,2083.0
2021-06-07 09:54:00,NSE:APLAPOLLO,1325.2,1327.7,1320.95,1325.75,1749.0
2021-06-07 09:57:00,NSE:APLAPOLLO,1325.85,1336.15,1325.85,1335.0,1815.0
2021-06-07 10:00:00,NSE:APLAPOLLO,1336.15,1337.0,1332.35,1333.6,950.0
2021-06-07 10:03:00,NSE:APLAPOLLO,1333.25,1333.5,1327.0,1329.0,1033.0
2021-06-07 10:06:00,NSE:APLAPOLLO,1329.0,1329.1,1325.05,1327.95,1193.0
2021-06-07 10:09:00,NSE:APLAPOLLO,1328.0,1329.25,1326.8,1328.8,732.0
2021-06-07 10:12:00,NSE:APLAPOLLO,1328.8,1328.8,1327.3,1328.2,821.0
2021-06-07 10:15:00,NSE:APLAPOLLO,1327.85,1328.2,1326.65,1328.0,1132.0
2021-06-07 10:18:00,NSE:APLAPOLLO,1328.2,1328.35,1325.2,1327.05,926.0
2021-06-07 10:21:00,NSE:APLAPOLLO,1327.05,1329.25,1326.0,1329.25,1567.0
2021-06-07 10:24:00,NSE:APLAPOLLO,1329.25,1330.65,1329.25,1330.5,1235.0
2021-06-07 10:27:00,NSE:APLAPOLLO,1330.35,1330.65,1327.55,1328.0,1043.0
2021-06-07 10:30:00,NSE:APLAPOLLO,1328.0,1328.75,1326.7,1328.75,1347.0
2021-06-07 10:33:00,NSE:APLAPOLLO,1328.75,1329.35,1326.45,1327.85,1769.0
2021-06-07 10:36:00,NSE:APLAPOLLO,1327.8,1329.35,1326.9,1329.3,1309.0
2021-06-07 10:39:00,NSE:APLAPOLLO,1329.3,1329.65,1328.45,1329.65,839.0
2021-06-07 10:42:00,NSE:APLAPOLLO,1329.65,1330.0,1329.0,1330.0,973.0
2021-06-07 10:45:00,NSE:APLAPOLLO,1330.0,1331.0,1328.7,1329.75,1537.0
2021-06-07 10:48:00,NSE:APLAPOLLO,1330.2,1330.2,1328.7,1329.85,486.0
2021-06-07 10:51:00,NSE:APLAPOLLO,1329.75,1330.85,1329.1,1330.0,722.0
2021-06-07 10:54:00,NSE:APLAPOLLO,1330.0,1330.3,1328.3,1329.35,2096.0
2021-06-07 10:57:00,NSE:APLAPOLLO,1329.6,1330.9,1327.1,1327.2,858.0
2021-06-07 11:00:00,NSE:APLAPOLLO,1328.0,1329.65,1325.95,1325.95,854.0
2021-06-07 11:03:00,NSE:APLAPOLLO,1327.25,1328.0,1325.55,1325.55,519.0
2021-06-07 11:06:00,NSE:APLAPOLLO,1328.0,1328.0,1326.45,1327.45,228.0
2021-06-07 11:09:00,NSE:APLAPOLLO,1327.45,1328.4,1327.1,1328.4,306.0
2021-06-07 11:12:00,NSE:APLAPOLLO,1328.4,1329.2,1325.25,1326.1,1880.0
2021-06-07 11:15:00,NSE:APLAPOLLO,1326.8,1326.95,1326.0,1326.0,654.0
2021-06-07 11:18:00,NSE:APLAPOLLO,1326.0,1326.95,1320.5,1320.5,4972.0
2021-06-07 11:21:00,NSE:APLAPOLLO,1321.4,1323.3,1305.1,1307.2,7393.0
2021-06-07 11:24:00,NSE:APLAPOLLO,1307.2,1310.1,1298.0,1298.95,12095.0
2021-06-07 11:27:00,NSE:APLAPOLLO,1298.95,1302.85,1298.15,1300.0,6638.0
2021-06-07 11:30:00,NSE:APLAPOLLO,1300.0,1307.25,1299.45,1299.85,6438.0
2021-06-07 11:33:00,NSE:APLAPOLLO,1300.0,1301.85,1299.9,1300.45,4592.0
2021-06-07 11:36:00,NSE:APLAPOLLO,1300.4,1314.0,1300.25,1314.0,1286.0
2021-06-07 11:39:00,NSE:APLAPOLLO,1314.0,1316.0,1310.7,1314.0,3038.0
2021-06-07 11:42:00,NSE:APLAPOLLO,1314.0,1325.7,1311.95,1322.75,8834.0
2021-06-07 11:45:00,NSE:APLAPOLLO,1321.25,1328.0,1320.05,1321.5,13399.0
2021-06-07 11:48:00,NSE:APLAPOLLO,1321.45,1321.8,1312.0,1314.65,3493.0
2021-06-07 11:51:00,NSE:APLAPOLLO,1314.9,1319.3,1314.9,1319.3,2316.0
2021-06-07 11:54:00,NSE:APLAPOLLO,1319.3,1320.1,1318.45,1318.55,2067.0
2021-06-07 11:57:00,NSE:APLAPOLLO,1318.55,1318.55,1315.0,1315.1,1479.0
2021-06-07 12:00:00,NSE:APLAPOLLO,1315.9,1315.9,1305.5,1306.5,4711.0
2021-06-07 12:03:00,NSE:APLAPOLLO,1305.65,1309.8,1305.0,1307.8,2670.0
2021-06-07 12:06:00,NSE:APLAPOLLO,1307.8,1310.8,1306.15,1310.8,3674.0
2021-06-07 12:09:00,NSE:APLAPOLLO,1310.6,1312.15,1310.6,1312.15,820.0
2021-06-07 12:12:00,NSE:APLAPOLLO,1312.15,1318.25,1311.35,1318.0,3320.0
2021-06-07 12:15:00,NSE:APLAPOLLO,1318.0,1318.0,1311.95,1313.45,6177.0
2021-06-07 12:18:00,NSE:APLAPOLLO,1313.45,1316.35,1312.0,1312.85,1324.0
2021-06-07 12:21:00,NSE:APLAPOLLO,1312.9,1312.9,1311.15,1312.5,1014.0
2021-06-07 12:24:00,NSE:APLAPOLLO,1312.5,1313.2,1310.0,1310.8,1547.0
2021-06-07 12:27:00,NSE:APLAPOLLO,1311.35,1312.0,1310.0,1311.55,762.0
2021-06-07 12:30:00,NSE:APLAPOLLO,1311.55,1312.0,1311.45,1312.0,2396.0
2021-06-07 12:33:00,NSE:APLAPOLLO,1312.05,1315.75,1312.0,1315.65,1283.0
2021-06-07 12:36:00,NSE:APLAPOLLO,1315.5,1320.45,1315.5,1319.85,1725.0
2021-06-07 12:39:00,NSE:APLAPOLLO,1320.0,1322.45,1319.95,1321.95,1092.0
2021-06-07 12:42:00,NSE:APLAPOLLO,1323.0,1326.25,1323.0,1324.95,4352.0
2021-06-07 12:45:00,NSE:APLAPOLLO,1325.35,1328.15,1320.35,1325.05,15463.0
2021-06-07 12:48:00,NSE:APLAPOLLO,1326.4,1333.0,1324.5,1333.0,33972.0
2021-06-07 12:51:00,NSE:APLAPOLLO,1331.8,1342.0,1331.8,1340.1,6754.0
2021-06-07 12:54:00,NSE:APLAPOLLO,1337.0,1338.0,1318.9,1319.7,19931.0
2021-06-07 12:57:00,NSE:APLAPOLLO,1318.85,1320.0,1318.8,1319.85,1667.0
2021-06-07 13:00:00,NSE:APLAPOLLO,1320.0,1320.0,1319.9,1320.0,1819.0
2021-06-07 13:03:00,NSE:APLAPOLLO,1319.95,1320.0,1318.7,1319.55,1256.0
2021-06-07 13:06:00,NSE:APLAPOLLO,1319.05,1319.05,1314.5,1314.5,2045.0
2021-06-07 13:09:00,NSE:APLAPOLLO,1313.5,1317.3,1313.15,1317.0,1884.0
2021-06-07 13:12:00,NSE:APLAPOLLO,1316.95,1319.1,1316.0,1316.5,853.0
2021-06-07 13:15:00,NSE:APLAPOLLO,1317.65,1319.95,1317.65,1319.3,887.0
2021-06-07 13:18:00,NSE:APLAPOLLO,1319.95,1332.4,1319.25,1332.4,7099.0
2021-06-07 13:21:00,NSE:APLAPOLLO,1330.4,1334.0,1330.0,1330.0,1777.0
2021-06-07 13:24:00,NSE:APLAPOLLO,1330.0,1331.15,1328.55,1328.95,3166.0
2021-06-07 13:27:00,NSE:APLAPOLLO,1328.45,1331.0,1325.0,1330.0,8593.0
2021-06-07 13:30:00,NSE:APLAPOLLO,1330.0,1334.9,1330.0,1331.95,1704.0
2021-06-07 13:33:00,NSE:APLAPOLLO,1332.7,1332.7,1329.9,1329.9,808.0
2021-06-07 13:36:00,NSE:APLAPOLLO,1330.0,1330.7,1330.0,1330.05,688.0
2021-06-07 13:39:00,NSE:APLAPOLLO,1330.0,1331.0,1330.0,1330.0,1720.0
2021-06-07 13:42:00,NSE:APLAPOLLO,1330.0,1330.9,1329.1,1330.0,815.0
2021-06-07 13:45:00,NSE:APLAPOLLO,1330.0,1332.0,1330.0,1330.4,1712.0
2021-06-07 13:48:00,NSE:APLAPOLLO,1330.55,1332.0,1329.0,1332.0,931.0
2021-06-07 13:51:00,NSE:APLAPOLLO,1332.0,1334.4,1331.25,1334.4,838.0
2021-06-07 13:54:00,NSE:APLAPOLLO,1334.65,1337.0,1333.95,1336.9,1227.0
2021-06-07 13:57:00,NSE:APLAPOLLO,1336.05,1336.95,1335.0,1336.1,2629.0
2021-06-07 14:00:00,NSE:APLAPOLLO,1336.05,1337.8,1336.0,1336.95,1670.0
2021-06-07 14:03:00,NSE:APLAPOLLO,1336.95,1338.35,1336.3,1337.95,2246.0
2021-06-07 14:06:00,NSE:APLAPOLLO,1337.9,1337.9,1336.0,1336.05,659.0
2021-06-07 14:09:00,NSE:APLAPOLLO,1336.5,1338.95,1335.5,1335.5,829.0
2021-06-07 14:12:00,NSE:APLAPOLLO,1335.5,1337.15,1335.05,1336.4,939.0
2021-06-07 14:15:00,NSE:APLAPOLLO,1336.6,1340.0,1335.1,1337.65,2455.0
2021-06-07 14:18:00,NSE:APLAPOLLO,1337.0,1340.4,1337.0,1340.0,2319.0
2021-06-07 14:21:00,NSE:APLAPOLLO,1340.0,1343.05,1340.0,1343.05,2900.0
2021-06-07 14:24:00,NSE:APLAPOLLO,1343.0,1343.7,1341.0,1341.4,1140.0
2021-06-07 14:27:00,NSE:APLAPOLLO,1343.0,1352.0,1341.35,1349.7,11052.0
2021-06-07 14:30:00,NSE:APLAPOLLO,1349.7,1350.0,1344.7,1346.15,2044.0
2021-06-07 14:33:00,NSE:APLAPOLLO,1345.15,1346.2,1344.45,1344.45,731.0
2021-06-07 14:36:00,NSE:APLAPOLLO,1344.55,1344.55,1342.0,1343.0,1333.0
2021-06-07 14:39:00,NSE:APLAPOLLO,1343.0,1343.9,1342.65,1343.3,496.0
2021-06-07 14:42:00,NSE:APLAPOLLO,1343.3,1344.0,1342.0,1342.8,767.0
2021-06-07 14:45:00,NSE:APLAPOLLO,1342.8,1343.6,1341.05,1343.0,580.0
2021-06-07 14:48:00,NSE:APLAPOLLO,1343.0,1344.0,1342.0,1342.0,518.0
2021-06-07 14:51:00,NSE:APLAPOLLO,1342.75,1342.9,1341.5,1341.5,1677.0
2021-06-07 14:54:00,NSE:APLAPOLLO,1341.5,1343.25,1341.5,1341.95,1061.0
2021-06-07 14:57:00,NSE:APLAPOLLO,1342.0,1343.65,1342.0,1342.3,543.0
2021-06-07 15:00:00,NSE:APLAPOLLO,1343.25,1343.25,1342.0,1342.7,710.0
2021-06-07 15:03:00,NSE:APLAPOLLO,1342.4,1342.7,1341.5,1341.5,291.0
2021-06-07 15:06:00,NSE:APLAPOLLO,1342.6,1343.0,1341.5,1342.6,3087.0
2021-06-07 15:09:00,NSE:APLAPOLLO,1342.4,1346.15,1341.75,1344.5,2011.0
2021-06-07 15:12:00,NSE:APLAPOLLO,1342.95,1345.4,1342.25,1343.15,1918.0
2021-06-07 15:15:00,NSE:APLAPOLLO,1344.2,1344.25,1341.6,1343.0,1421.0
2021-06-07 15:18:00,NSE:APLAPOLLO,1343.5,1346.0,1343.0,1344.35,3448.0
2021-06-07 15:21:00,NSE:APLAPOLLO,1344.25,1348.8,1344.25,1348.8,2681.0
2021-06-07 15:24:00,NSE:APLAPOLLO,1349.75,1355.45,1348.8,1355.1,8710.0
2021-06-07 15:27:00,NSE:APLAPOLLO,1355.4,1358.0,1350.0,1355.0,3876.0
2021-06-07 15:39:00,NSE:APLAPOLLO,1348.25,1355.0,1348.25,1355.0,5.0
2021-06-08 09:06:00,NSE:APLAPOLLO,1360.0,1360.0,1360.0,1360.0,542.0
2021-06-08 09:15:00,NSE:APLAPOLLO,1357.9,1368.0,1355.25,1365.25,4268.0
2021-06-08 09:18:00,NSE:APLAPOLLO,1366.95,1367.95,1364.35,1367.15,1377.0
2021-06-08 09:21:00,NSE:APLAPOLLO,1367.15,1369.2,1365.0,1368.25,1752.0
2021-06-08 09:24:00,NSE:APLAPOLLO,1368.1,1372.2,1368.1,1370.7,2610.0
2021-06-08 09:27:00,NSE:APLAPOLLO,1369.2,1370.8,1366.0,1366.0,1286.0
2021-06-08 09:30:00,NSE:APLAPOLLO,1366.45,1368.4,1366.0,1367.95,721.0
2021-06-08 09:33:00,NSE:APLAPOLLO,1367.0,1367.0,1340.0,1343.85,11947.0
2021-06-08 09:36:00,NSE:APLAPOLLO,1344.0,1349.9,1341.2,1349.4,1442.0
2021-06-08 09:39:00,NSE:APLAPOLLO,1349.35,1353.95,1347.35,1353.4,838.0
2021-06-08 09:42:00,NSE:APLAPOLLO,1352.55,1354.0,1351.75,1351.75,1025.0
2021-06-08 09:45:00,NSE:APLAPOLLO,1350.05,1351.0,1345.05,1346.8,1618.0
2021-06-08 09:48:00,NSE:APLAPOLLO,1346.7,1348.15,1343.05,1343.55,983.0
2021-06-08 09:51:00,NSE:APLAPOLLO,1345.65,1349.6,1344.5,1348.2,783.0
2021-06-08 09:54:00,NSE:APLAPOLLO,1350.0,1355.0,1347.55,1347.55,1271.0
2021-06-08 09:57:00,NSE:APLAPOLLO,1348.55,1348.55,1340.1,1342.7,2415.0
2021-06-08 10:00:00,NSE:APLAPOLLO,1341.5,1343.3,1341.05,1341.05,797.0
2021-06-08 10:03:00,NSE:APLAPOLLO,1341.0,1342.55,1337.9,1341.2,1275.0
2021-06-08 10:06:00,NSE:APLAPOLLO,1341.8,1349.9,1341.5,1345.25,1250.0
2021-06-08 10:09:00,NSE:APLAPOLLO,1345.5,1353.1,1345.5,1350.45,1590.0
2021-06-08 10:12:00,NSE:APLAPOLLO,1351.35,1355.0,1350.0,1353.4,661.0
2021-06-08 10:15:00,NSE:APLAPOLLO,1354.8,1355.0,1353.5,1353.7,316.0
2021-06-08 10:18:00,NSE:APLAPOLLO,1353.75,1363.9,1353.75,1363.9,1742.0
2021-06-08 10:21:00,NSE:APLAPOLLO,1364.35,1364.9,1360.0,1360.5,930.0
2021-06-08 10:24:00,NSE:APLAPOLLO,1360.4,1363.6,1359.35,1359.35,1313.0
2021-06-08 10:27:00,NSE:APLAPOLLO,1358.55,1361.85,1352.2,1352.2,1268.0
2021-06-08 10:30:00,NSE:APLAPOLLO,1352.05,1355.0,1352.05,1354.0,281.0
2021-06-08 10:33:00,NSE:APLAPOLLO,1353.9,1356.15,1353.6,1356.1,296.0
2021-06-08 10:36:00,NSE:APLAPOLLO,1355.2,1362.9,1355.2,1359.85,1407.0
2021-06-08 10:39:00,NSE:APLAPOLLO,1359.85,1361.2,1357.9,1357.95,445.0
2021-06-08 10:42:00,NSE:APLAPOLLO,1356.0,1358.0,1355.0,1357.2,293.0
2021-06-08 10:45:00,NSE:APLAPOLLO,1356.6,1359.0,1356.6,1358.4,169.0
2021-06-08 10:48:00,NSE:APLAPOLLO,1358.65,1360.0,1358.0,1360.0,877.0
2021-06-08 10:51:00,NSE:APLAPOLLO,1361.0,1364.0,1361.0,1362.5,538.0
2021-06-08 10:54:00,NSE:APLAPOLLO,1362.5,1365.0,1360.05,1360.7,2891.0
2021-06-08 10:57:00,NSE:APLAPOLLO,1362.0,1363.35,1360.95,1363.15,310.0
2021-06-08 11:00:00,NSE:APLAPOLLO,1361.75,1362.85,1360.1,1360.1,1336.0
2021-06-08 11:03:00,NSE:APLAPOLLO,1361.0,1362.95,1359.0,1362.25,639.0
2021-06-08 11:06:00,NSE:APLAPOLLO,1360.1,1360.1,1359.15,1360.0,285.0
2021-06-08 11:09:00,NSE:APLAPOLLO,1360.0,1360.0,1359.0,1359.0,320.0
2021-06-08 11:12:00,NSE:APLAPOLLO,1358.0,1359.2,1357.05,1358.3,265.0
2021-06-08 11:15:00,NSE:APLAPOLLO,1357.15,1360.0,1356.65,1360.0,229.0
2021-06-08 11:18:00,NSE:APLAPOLLO,1358.8,1364.25,1358.8,1362.55,395.0
2021-06-08 11:21:00,NSE:APLAPOLLO,1361.5,1362.25,1361.5,1362.25,76.0
2021-06-08 11:24:00,NSE:APLAPOLLO,1363.35,1363.95,1357.8,1358.0,780.0
2021-06-08 11:27:00,NSE:APLAPOLLO,1358.0,1358.95,1357.4,1358.95,106.0
2021-06-08 11:30:00,NSE:APLAPOLLO,1360.0,1363.0,1359.5,1359.5,505.0
2021-06-08 11:33:00,NSE:APLAPOLLO,1360.45,1362.8,1360.0,1362.8,134.0
2021-06-08 11:36:00,NSE:APLAPOLLO,1363.0,1363.25,1358.4,1358.4,180.0
2021-06-08 11:39:00,NSE:APLAPOLLO,1359.55,1359.6,1358.6,1359.6,47.0
2021-06-08 11:42:00,NSE:APLAPOLLO,1359.6,1359.6,1358.0,1358.1,253.0
2021-06-08 11:45:00,NSE:APLAPOLLO,1359.0,1360.85,1358.05,1360.85,429.0
2021-06-08 11:48:00,NSE:APLAPOLLO,1360.85,1360.9,1358.9,1358.9,141.0
2021-06-08 11:51:00,NSE:APLAPOLLO,1358.95,1358.95,1358.9,1358.9,354.0
2021-06-08 11:54:00,NSE:APLAPOLLO,1359.0,1359.75,1358.0,1359.45,359.0
2021-06-08 11:57:00,NSE:APLAPOLLO,1359.45,1359.45,1357.1,1357.1,165.0
2021-06-08 12:00:00,NSE:APLAPOLLO,1357.0,1357.1,1351.8,1353.8,1485.0
2021-06-08 12:03:00,NSE:APLAPOLLO,1353.05,1353.65,1352.0,1352.0,275.0
2021-06-08 12:06:00,NSE:APLAPOLLO,1351.2,1353.95,1350.9,1353.95,540.0
2021-06-08 12:09:00,NSE:APLAPOLLO,1353.8,1354.0,1352.95,1352.95,377.0
2021-06-08 12:12:00,NSE:APLAPOLLO,1353.95,1353.95,1352.85,1353.65,430.0
2021-06-08 12:15:00,NSE:APLAPOLLO,1353.65,1354.0,1353.0,1354.0,441.0
2021-06-08 12:18:00,NSE:APLAPOLLO,1354.0,1354.0,1353.8,1353.95,382.0
2021-06-08 12:21:00,NSE:APLAPOLLO,1353.95,1354.0,1353.95,1353.95,137.0
2021-06-08 12:24:00,NSE:APLAPOLLO,1354.0,1354.0,1353.05,1354.0,120.0
2021-06-08 12:27:00,NSE:APLAPOLLO,1354.0,1354.0,1352.85,1353.8,236.0
2021-06-08 12:30:00,NSE:APLAPOLLO,1353.85,1354.0,1352.3,1352.3,327.0
2021-06-08 12:33:00,NSE:APLAPOLLO,1352.5,1354.0,1352.5,1354.0,411.0
2021-06-08 12:36:00,NSE:APLAPOLLO,1354.0,1354.0,1352.0,1353.4,194.0
2021-06-08 12:39:00,NSE:APLAPOLLO,1353.4,1354.0,1352.95,1354.0,259.0
2021-06-08 12:42:00,NSE:APLAPOLLO,1353.0,1354.0,1352.0,1354.0,338.0
2021-06-08 12:45:00,NSE:APLAPOLLO,1354.0,1354.0,1352.8,1352.8,232.0
2021-06-08 12:48:00,NSE:APLAPOLLO,1354.0,1354.0,1353.95,1354.0,491.0
2021-06-08 12:51:00,NSE:APLAPOLLO,1353.95,1354.0,1353.8,1353.8,168.0
2021-06-08 12:54:00,NSE:APLAPOLLO,1352.8,1352.9,1352.0,1352.9,282.0
2021-06-08 12:57:00,NSE:APLAPOLLO,1352.9,1354.0,1352.9,1354.0,33.0
2021-06-08 13:00:00,NSE:APLAPOLLO,1354.0,1363.6,1354.0,1363.55,1495.0
2021-06-08 13:03:00,NSE:APLAPOLLO,1362.55,1362.55,1356.35,1358.2,661.0
2021-06-08 13:06:00,NSE:APLAPOLLO,1356.95,1359.1,1354.1,1359.0,668.0
2021-06-08 13:09:00,NSE:APLAPOLLO,1359.0,1359.9,1358.25,1358.65,610.0
2021-06-08 13:12:00,NSE:APLAPOLLO,1358.7,1359.8,1358.0,1358.0,241.0
2021-06-08 13:15:00,NSE:APLAPOLLO,1359.75,1359.75,1354.0,1354.85,770.0
2021-06-08 13:18:00,NSE:APLAPOLLO,1353.85,1355.0,1353.85,1353.85,50.0
2021-06-08 13:21:00,NSE:APLAPOLLO,1354.3,1354.85,1353.05,1353.05,155.0
2021-06-08 13:24:00,NSE:APLAPOLLO,1352.0,1353.9,1348.5,1351.3,7841.0
2021-06-08 13:27:00,NSE:APLAPOLLO,1352.8,1352.95,1349.0,1352.95,3101.0
2021-06-08 13:30:00,NSE:APLAPOLLO,1352.9,1353.4,1349.1,1351.7,1084.0
2021-06-08 13:33:00,NSE:APLAPOLLO,1353.4,1357.4,1353.4,1355.05,295.0
2021-06-08 13:36:00,NSE:APLAPOLLO,1357.35,1361.0,1356.4,1361.0,1034.0
2021-06-08 13:39:00,NSE:APLAPOLLO,1360.0,1360.7,1355.7,1357.2,659.0
2021-06-08 13:42:00,NSE:APLAPOLLO,1355.55,1356.0,1351.8,1353.2,615.0
2021-06-08 13:45:00,NSE:APLAPOLLO,1351.85,1360.0,1351.45,1357.15,1287.0
2021-06-08 13:48:00,NSE:APLAPOLLO,1359.95,1363.8,1358.4,1363.4,4030.0
2021-06-08 13:51:00,NSE:APLAPOLLO,1365.0,1366.0,1363.45,1364.0,3915.0
2021-06-08 13:54:00,NSE:APLAPOLLO,1364.0,1365.0,1362.25,1362.25,379.0
2021-06-08 13:57:00,NSE:APLAPOLLO,1364.0,1364.15,1362.3,1362.3,185.0
2021-06-08 14:00:00,NSE:APLAPOLLO,1362.75,1364.15,1362.2,1363.55,103.0
2021-06-08 14:03:00,NSE:APLAPOLLO,1362.6,1364.95,1361.05,1363.25,493.0
2021-06-08 14:06:00,NSE:APLAPOLLO,1364.5,1366.0,1363.6,1365.1,669.0
2021-06-08 14:09:00,NSE:APLAPOLLO,1365.75,1365.75,1364.85,1365.55,188.0
2021-06-08 14:12:00,NSE:APLAPOLLO,1365.55,1368.2,1364.15,1368.0,1386.0
2021-06-08 14:15:00,NSE:APLAPOLLO,1368.65,1369.6,1367.5,1367.5,1491.0
2021-06-08 14:18:00,NSE:APLAPOLLO,1368.0,1369.0,1366.5,1369.0,403.0
2021-06-08 14:21:00,NSE:APLAPOLLO,1368.1,1368.1,1366.25,1366.25,1421.0
2021-06-08 14:24:00,NSE:APLAPOLLO,1366.1,1366.75,1364.45,1364.45,138.0
2021-06-08 14:27:00,NSE:APLAPOLLO,1365.0,1366.85,1363.5,1365.5,310.0
2021-06-08 14:30:00,NSE:APLAPOLLO,1365.5,1370.0,1365.5,1368.0,1025.0
2021-06-08 14:33:00,NSE:APLAPOLLO,1367.0,1370.6,1365.15,1370.05,2697.0
2021-06-08 14:36:00,NSE:APLAPOLLO,1370.05,1371.85,1369.9,1371.35,2864.0
2021-06-08 14:39:00,NSE:APLAPOLLO,1371.6,1371.6,1369.8,1370.05,479.0
2021-06-08 14:42:00,NSE:APLAPOLLO,1370.05,1371.0,1368.95,1371.0,489.0
2021-06-08 14:45:00,NSE:APLAPOLLO,1370.0,1371.85,1369.9,1370.0,682.0
2021-06-08 14:48:00,NSE:APLAPOLLO,1371.0,1371.0,1370.0,1370.1,412.0
2021-06-08 14:51:00,NSE:APLAPOLLO,1370.0,1370.65,1369.0,1370.65,2600.0
2021-06-08 14:54:00,NSE:APLAPOLLO,1370.0,1371.1,1370.0,1371.1,1178.0
2021-06-08 14:57:00,NSE:APLAPOLLO,1371.1,1372.5,1370.25,1371.9,1404.0
2021-06-08 15:00:00,NSE:APLAPOLLO,1371.6,1372.7,1369.95,1370.5,5425.0
2021-06-08 15:03:00,NSE:APLAPOLLO,1370.35,1376.75,1370.35,1376.75,2529.0
2021-06-08 15:06:00,NSE:APLAPOLLO,1376.4,1376.95,1370.05,1373.5,1711.0
2021-06-08 15:09:00,NSE:APLAPOLLO,1372.0,1372.15,1370.0,1371.3,1757.0
2021-06-08 15:12:00,NSE:APLAPOLLO,1371.3,1371.9,1370.05,1370.05,1118.0
2021-06-08 15:15:00,NSE:APLAPOLLO,1370.05,1371.0,1368.45,1370.15,2611.0
2021-06-08 15:18:00,NSE:APLAPOLLO,1370.95,1371.0,1368.1,1370.0,5083.0
2021-06-08 15:21:00,NSE:APLAPOLLO,1369.1,1370.9,1368.9,1370.0,1302.0
2021-06-08 15:24:00,NSE:APLAPOLLO,1370.0,1371.0,1369.75,1370.95,1590.0
2021-06-08 15:27:00,NSE:APLAPOLLO,1370.2,1370.9,1369.0,1370.0,1597.0
2021-06-08 15:30:00,NSE:APLAPOLLO,1370.0,1370.0,1370.0,1370.0,47.0
2021-06-08 15:45:00,NSE:APLAPOLLO,1370.95,1370.95,1370.0,1370.0,10.0
2021-06-09 09:06:00,NSE:APLAPOLLO,1383.0,1383.0,1383.0,1383.0,893.0
2021-06-09 09:15:00,NSE:APLAPOLLO,1390.0,1393.95,1378.05,1380.95,5966.0
2021-06-09 09:18:00,NSE:APLAPOLLO,1379.0,1384.0,1378.15,1382.8,1603.0
2021-06-09 09:21:00,NSE:APLAPOLLO,1382.0,1383.85,1380.0,1383.0,1291.0
2021-06-09 09:24:00,NSE:APLAPOLLO,1383.1,1384.0,1379.95,1379.95,2694.0
2021-06-09 09:27:00,NSE:APLAPOLLO,1379.75,1385.0,1377.95,1385.0,1910.0
2021-06-09 09:30:00,NSE:APLAPOLLO,1385.0,1386.45,1380.05,1382.3,1360.0
2021-06-09 09:33:00,NSE:APLAPOLLO,1382.25,1382.25,1371.9,1373.3,2510.0
2021-06-09 09:36:00,NSE:APLAPOLLO,1373.3,1374.0,1371.1,1372.95,674.0
2021-06-09 09:39:00,NSE:APLAPOLLO,1373.0,1376.65,1373.0,1376.5,1475.0
2021-06-09 09:42:00,NSE:APLAPOLLO,1376.95,1380.55,1376.9,1380.55,475.0
2021-06-09 09:45:00,NSE:APLAPOLLO,1380.55,1381.1,1378.0,1380.55,549.0
2021-06-09 09:48:00,NSE:APLAPOLLO,1380.7,1380.7,1378.0,1380.0,329.0
2021-06-09 09:51:00,NSE:APLAPOLLO,1379.15,1382.5,1379.15,1381.4,312.0
2021-06-09 09:54:00,NSE:APLAPOLLO,1381.4,1381.4,1378.2,1378.55,518.0
2021-06-09 09:57:00,NSE:APLAPOLLO,1379.0,1380.0,1376.0,1376.1,1117.0
2021-06-09 10:00:00,NSE:APLAPOLLO,1376.1,1378.0,1376.0,1376.95,496.0
2021-06-09 10:03:00,NSE:APLAPOLLO,1377.5,1377.8,1376.5,1377.7,96.0
2021-06-09 10:06:00,NSE:APLAPOLLO,1378.0,1378.0,1375.2,1376.8,920.0
2021-06-09 10:09:00,NSE:APLAPOLLO,1377.15,1377.15,1372.2,1372.6,1653.0
2021-06-09 10:12:00,NSE:APLAPOLLO,1372.0,1372.0,1368.95,1369.4,1891.0
2021-06-09 10:15:00,NSE:APLAPOLLO,1369.6,1371.85,1368.05,1371.85,395.0
2021-06-09 10:18:00,NSE:APLAPOLLO,1370.25,1371.8,1368.7,1371.0,650.0
2021-06-09 10:21:00,NSE:APLAPOLLO,1370.9,1376.95,1370.6,1375.35,1916.0
2021-06-09 10:24:00,NSE:APLAPOLLO,1376.55,1379.5,1375.35,1379.5,731.0
2021-06-09 10:27:00,NSE:APLAPOLLO,1378.35,1379.6,1377.3,1379.6,1007.0
2021-06-09 10:30:00,NSE:APLAPOLLO,1379.6,1380.0,1379.35,1379.35,502.0
2021-06-09 10:33:00,NSE:APLAPOLLO,1379.3,1379.35,1377.4,1378.7,270.0
2021-06-09 10:36:00,NSE:APLAPOLLO,1377.6,1378.7,1377.6,1378.0,81.0
2021-06-09 10:39:00,NSE:APLAPOLLO,1377.5,1379.1,1377.5,1378.95,127.0
2021-06-09 10:42:00,NSE:APLAPOLLO,1378.95,1381.0,1378.95,1380.95,807.0
2021-06-09 10:45:00,NSE:APLAPOLLO,1380.95,1382.6,1380.1,1380.65,547.0
2021-06-09 10:48:00,NSE:APLAPOLLO,1380.65,1382.3,1380.0,1380.4,690.0
2021-06-09 10:51:00,NSE:APLAPOLLO,1381.0,1382.0,1380.2,1382.0,1325.0
2021-06-09 10:54:00,NSE:APLAPOLLO,1382.0,1384.3,1382.0,1384.0,1061.0
2021-06-09 10:57:00,NSE:APLAPOLLO,1384.0,1386.65,1384.0,1385.75,429.0
2021-06-09 11:00:00,NSE:APLAPOLLO,1385.5,1385.5,1383.65,1383.65,310.0
2021-06-09 11:03:00,NSE:APLAPOLLO,1383.6,1383.6,1379.75,1382.0,822.0
2021-06-09 11:06:00,NSE:APLAPOLLO,1382.0,1382.0,1380.65,1382.0,89.0
2021-06-09 11:09:00,NSE:APLAPOLLO,1380.65,1380.65,1377.5,1377.5,227.0
2021-06-09 11:12:00,NSE:APLAPOLLO,1377.5,1380.65,1377.5,1380.4,787.0
2021-06-09 11:15:00,NSE:APLAPOLLO,1380.4,1380.4,1379.8,1380.0,63.0
2021-06-09 11:18:00,NSE:APLAPOLLO,1379.0,1379.5,1378.0,1379.1,644.0
2021-06-09 11:21:00,NSE:APLAPOLLO,1378.35,1378.9,1375.9,1376.9,1113.0
2021-06-09 11:24:00,NSE:APLAPOLLO,1376.85,1380.0,1376.0,1379.85,233.0
2021-06-09 11:27:00,NSE:APLAPOLLO,1380.0,1380.0,1378.5,1379.95,394.0
2021-06-09 11:30:00,NSE:APLAPOLLO,1379.8,1380.0,1378.55,1380.0,323.0
2021-06-09 11:33:00,NSE:APLAPOLLO,1380.0,1380.0,1378.75,1378.75,219.0
2021-06-09 11:36:00,NSE:APLAPOLLO,1379.9,1380.0,1377.1,1379.45,405.0
2021-06-09 11:39:00,NSE:APLAPOLLO,1379.05,1379.95,1378.2,1379.45,358.0
2021-06-09 11:42:00,NSE:APLAPOLLO,1379.45,1380.0,1378.05,1379.45,163.0
2021-06-09 11:45:00,NSE:APLAPOLLO,1379.45,1380.0,1379.4,1379.6,483.0
2021-06-09 11:48:00,NSE:APLAPOLLO,1379.6,1379.65,1377.0,1378.95,509.0
2021-06-09 11:51:00,NSE:APLAPOLLO,1378.35,1379.85,1377.3,1379.45,173.0
2021-06-09 11:54:00,NSE:APLAPOLLO,1379.45,1380.0,1375.0,1379.0,903.0
2021-06-09 11:57:00,NSE:APLAPOLLO,1379.25,1379.7,1378.75,1379.5,299.0
2021-06-09 12:00:00,NSE:APLAPOLLO,1379.5,1379.65,1378.1,1378.1,370.0
2021-06-09 12:03:00,NSE:APLAPOLLO,1378.65,1387.9,1377.5,1377.65,7771.0
2021-06-09 12:06:00,NSE:APLAPOLLO,1379.35,1385.5,1378.25,1382.5,1201.0
2021-06-09 12:09:00,NSE:APLAPOLLO,1382.15,1384.0,1380.65,1383.0,281.0
2021-06-09 12:12:00,NSE:APLAPOLLO,1381.25,1382.9,1379.3,1379.95,874.0
2021-06-09 12:15:00,NSE:APLAPOLLO,1379.85,1380.0,1378.85,1379.75,444.0
2021-06-09 12:18:00,NSE:APLAPOLLO,1379.65,1380.0,1378.0,1379.25,426.0
2021-06-09 12:21:00,NSE:APLAPOLLO,1379.25,1379.25,1378.0,1378.0,274.0
2021-06-09 12:24:00,NSE:APLAPOLLO,1378.0,1378.65,1376.15,1378.65,715.0
2021-06-09 12:27:00,NSE:APLAPOLLO,1378.7,1379.2,1377.0,1378.9,354.0
2021-06-09 12:30:00,NSE:APLAPOLLO,1379.0,1379.25,1375.0,1375.6,1345.0
2021-06-09 12:33:00,NSE:APLAPOLLO,1375.6,1377.0,1375.6,1375.6,471.0
2021-06-09 12:36:00,NSE:APLAPOLLO,1375.6,1376.4,1375.0,1375.4,289.0
2021-06-09 12:39:00,NSE:APLAPOLLO,1375.55,1377.0,1375.55,1376.95,587.0
2021-06-09 12:42:00,NSE:APLAPOLLO,1376.95,1377.0,1376.85,1377.0,539.0
2021-06-09 12:45:00,NSE:APLAPOLLO,1377.0,1377.0,1376.85,1377.0,542.0
2021-06-09 12:48:00,NSE:APLAPOLLO,1377.0,1379.25,1376.0,1379.25,604.0
2021-06-09 12:51:00,NSE:APLAPOLLO,1379.25,1380.0,1379.25,1380.0,518.0
2021-06-09 12:54:00,NSE:APLAPOLLO,1380.0,1380.0,1378.75,1380.0,905.0
2021-06-09 12:57:00,NSE:APLAPOLLO,1380.05,1380.65,1380.0,1380.65,375.0
2021-06-09 13:00:00,NSE:APLAPOLLO,1380.65,1381.35,1380.65,1381.0,838.0
2021-06-09 13:03:00,NSE:APLAPOLLO,1380.75,1383.0,1378.65,1378.65,1000.0
2021-06-09 13:06:00,NSE:APLAPOLLO,1380.0,1380.0,1377.0,1377.05,834.0
2021-06-09 13:09:00,NSE:APLAPOLLO,1377.15,1378.7,1373.6,1375.0,1712.0
2021-06-09 13:12:00,NSE:APLAPOLLO,1374.4,1374.4,1352.75,1361.65,7315.0
2021-06-09 13:15:00,NSE:APLAPOLLO,1369.9,1374.7,1364.4,1370.8,3587.0
2021-06-09 13:18:00,NSE:APLAPOLLO,1370.8,1372.65,1362.15,1370.0,2276.0
2021-06-09 13:21:00,NSE:APLAPOLLO,1370.0,1375.15,1367.35,1374.5,4117.0
2021-06-09 13:24:00,NSE:APLAPOLLO,1376.6,1376.6,1370.05,1370.05,904.0
2021-06-09 13:27:00,NSE:APLAPOLLO,1371.95,1375.0,1370.0,1375.0,984.0
2021-06-09 13:30:00,NSE:APLAPOLLO,1374.95,1378.0,1372.75,1378.0,1364.0
2021-06-09 13:33:00,NSE:APLAPOLLO,1377.85,1380.0,1376.9,1377.8,1469.0
2021-06-09 13:36:00,NSE:APLAPOLLO,1379.5,1379.65,1371.0,1371.0,1843.0
2021-06-09 13:39:00,NSE:APLAPOLLO,1373.0,1373.0,1368.15,1369.75,885.0
2021-06-09 13:42:00,NSE:APLAPOLLO,1369.85,1370.0,1369.85,1370.0,808.0
2021-06-09 13:45:00,NSE:APLAPOLLO,1370.0,1370.0,1369.0,1370.0,549.0
2021-06-09 13:48:00,NSE:APLAPOLLO,1370.0,1370.0,1369.85,1370.0,622.0
2021-06-09 13:51:00,NSE:APLAPOLLO,1370.0,1370.0,1365.3,1370.0,907.0
2021-06-09 13:54:00,NSE:APLAPOLLO,1370.0,1370.0,1368.75,1369.75,575.0
2021-06-09 13:57:00,NSE:APLAPOLLO,1370.0,1370.0,1368.75,1369.95,789.0
2021-06-09 14:00:00,NSE:APLAPOLLO,1369.95,1369.95,1363.95,1364.85,1176.0
2021-06-09 14:03:00,NSE:APLAPOLLO,1365.0,1369.75,1364.85,1367.0,967.0
2021-06-09 14:06:00,NSE:APLAPOLLO,1367.0,1369.25,1367.0,1369.0,555.0
2021-06-09 14:09:00,NSE:APLAPOLLO,1368.85,1369.95,1366.15,1368.2,1262.0
2021-06-09 14:12:00,NSE:APLAPOLLO,1368.95,1369.95,1368.65,1369.95,547.0
2021-06-09 14:15:00,NSE:APLAPOLLO,1369.95,1370.0,1368.9,1370.0,772.0
2021-06-09 14:18:00,NSE:APLAPOLLO,1370.0,1375.0,1369.9,1374.85,1238.0
2021-06-09 14:21:00,NSE:APLAPOLLO,1374.95,1376.05,1373.95,1374.95,584.0
2021-06-09 14:24:00,NSE:APLAPOLLO,1374.95,1375.65,1373.1,1374.45,760.0
2021-06-09 14:27:00,NSE:APLAPOLLO,1375.0,1375.0,1371.3,1373.15,674.0
2021-06-09 14:30:00,NSE:APLAPOLLO,1371.8,1373.0,1370.0,1371.9,893.0
2021-06-09 14:33:00,NSE:APLAPOLLO,1373.0,1373.0,1362.55,1364.75,1317.0
2021-06-09 14:36:00,NSE:APLAPOLLO,1365.0,1365.0,1362.3,1363.9,1023.0
2021-06-09 14:39:00,NSE:APLAPOLLO,1363.0,1363.85,1360.0,1363.3,2250.0
2021-06-09 14:42:00,NSE:APLAPOLLO,1363.5,1363.5,1351.8,1357.45,3449.0
2021-06-09 14:45:00,NSE:APLAPOLLO,1357.45,1359.8,1350.0,1358.05,1767.0
2021-06-09 14:48:00,NSE:APLAPOLLO,1358.85,1359.95,1356.0,1357.45,955.0
2021-06-09 14:51:00,NSE:APLAPOLLO,1357.75,1360.0,1356.4,1359.15,613.0
2021-06-09 14:54:00,NSE:APLAPOLLO,1358.3,1365.0,1358.3,1362.5,896.0
2021-06-09 14:57:00,NSE:APLAPOLLO,1364.65,1364.95,1361.85,1364.0,845.0
2021-06-09 15:00:00,NSE:APLAPOLLO,1364.0,1365.0,1363.7,1364.5,707.0
2021-06-09 15:03:00,NSE:APLAPOLLO,1365.0,1367.7,1364.05,1367.7,1992.0
2021-06-09 15:06:00,NSE:APLAPOLLO,1367.2,1372.0,1367.2,1372.0,1853.0
2021-06-09 15:09:00,NSE:APLAPOLLO,1371.35,1373.45,1371.35,1372.4,1694.0
2021-06-09 15:12:00,NSE:APLAPOLLO,1372.25,1373.05,1370.1,1370.55,1492.0
2021-06-09 15:15:00,NSE:APLAPOLLO,1370.35,1371.95,1370.15,1371.65,1411.0
2021-06-09 15:18:00,NSE:APLAPOLLO,1371.2,1371.7,1369.25,1369.75,2444.0
2021-06-09 15:21:00,NSE:APLAPOLLO,1371.45,1371.95,1369.35,1369.35,2170.0
2021-06-09 15:24:00,NSE:APLAPOLLO,1368.0,1368.0,1366.0,1366.65,1523.0
2021-06-09 15:27:00,NSE:APLAPOLLO,1366.4,1370.0,1356.1,1366.1,1400.0
2021-06-09 15:39:00,NSE:APLAPOLLO,1369.05,1369.05,1369.05,1369.05,1.0
2021-06-10 09:06:00,NSE:APLAPOLLO,1378.9,1378.9,1378.9,1378.9,130.0
2021-06-10 09:15:00,NSE:APLAPOLLO,1376.55,1386.25,1372.65,1380.15,2991.0
2021-06-10 09:18:00,NSE:APLAPOLLO,1380.15,1384.8,1380.15,1383.25,2186.0
2021-06-10 09:21:00,NSE:APLAPOLLO,1385.0,1385.95,1382.0,1385.0,2843.0
2021-06-10 09:24:00,NSE:APLAPOLLO,1385.05,1385.9,1383.4,1384.8,2152.0
2021-06-10 09:27:00,NSE:APLAPOLLO,1384.65,1385.0,1378.8,1380.0,4735.0
2021-06-10 09:30:00,NSE:APLAPOLLO,1379.0,1381.6,1374.95,1375.35,4321.0
2021-06-10 09:33:00,NSE:APLAPOLLO,1376.7,1378.9,1376.15,1376.25,1033.0
2021-06-10 09:36:00,NSE:APLAPOLLO,1376.25,1380.9,1376.25,1380.9,2384.0
2021-06-10 09:39:00,NSE:APLAPOLLO,1380.7,1383.95,1380.7,1383.85,1109.0
2021-06-10 09:42:00,NSE:APLAPOLLO,1383.85,1385.65,1382.0,1385.65,1171.0
2021-06-10 09:45:00,NSE:APLAPOLLO,1385.7,1385.7,1381.0,1381.3,1608.0
2021-06-10 09:48:00,NSE:APLAPOLLO,1381.3,1383.65,1381.3,1383.65,367.0
2021-06-10 09:51:00,NSE:APLAPOLLO,1383.7,1386.9,1383.7,1386.5,2054.0
2021-06-10 09:54:00,NSE:APLAPOLLO,1386.9,1387.0,1385.2,1385.95,921.0
2021-06-10 09:57:00,NSE:APLAPOLLO,1385.25,1386.0,1383.75,1385.1,3866.0
2021-06-10 10:00:00,NSE:APLAPOLLO,1385.15,1386.0,1385.0,1385.05,3161.0
2021-06-10 10:03:00,NSE:APLAPOLLO,1385.8,1386.25,1385.0,1385.0,697.0
2021-06-10 10:06:00,NSE:APLAPOLLO,1385.35,1386.75,1385.35,1386.0,733.0
2021-06-10 10:09:00,NSE:APLAPOLLO,1386.0,1389.0,1386.0,1388.9,1890.0
2021-06-10 10:12:00,NSE:APLAPOLLO,1388.5,1389.5,1388.05,1388.05,836.0
2021-06-10 10:15:00,NSE:APLAPOLLO,1389.35,1391.0,1388.6,1389.85,3469.0
2021-06-10 10:18:00,NSE:APLAPOLLO,1389.9,1390.05,1385.8,1389.6,22235.0
2021-06-10 10:21:00,NSE:APLAPOLLO,1389.15,1395.0,1388.65,1393.65,2333.0
2021-06-10 10:24:00,NSE:APLAPOLLO,1393.95,1395.0,1391.7,1394.7,771.0
2021-06-10 10:27:00,NSE:APLAPOLLO,1394.9,1394.9,1390.7,1392.0,473.0
2021-06-10 10:30:00,NSE:APLAPOLLO,1391.9,1392.0,1388.6,1391.4,984.0
2021-06-10 10:33:00,NSE:APLAPOLLO,1390.7,1392.6,1390.7,1392.25,908.0
2021-06-10 10:36:00,NSE:APLAPOLLO,1392.6,1393.0,1392.25,1392.6,608.0
2021-06-10 10:39:00,NSE:APLAPOLLO,1392.25,1393.0,1392.25,1392.6,580.0
2021-06-10 10:42:00,NSE:APLAPOLLO,1392.25,1392.5,1392.15,1392.5,583.0
2021-06-10 10:45:00,NSE:APLAPOLLO,1392.25,1392.25,1390.95,1392.1,412.0
2021-06-10 10:48:00,NSE:APLAPOLLO,1391.4,1392.5,1391.4,1392.45,296.0
2021-06-10 10:51:00,NSE:APLAPOLLO,1392.45,1392.75,1392.45,1392.65,872.0
2021-06-10 10:54:00,NSE:APLAPOLLO,1392.5,1392.95,1391.2,1392.95,914.0
2021-06-10 10:57:00,NSE:APLAPOLLO,1393.0,1393.0,1392.0,1392.0,953.0
2021-06-10 11:00:00,NSE:APLAPOLLO,1392.45,1396.0,1392.0,1395.65,8826.0
2021-06-10 11:03:00,NSE:APLAPOLLO,1396.0,1396.4,1395.0,1395.0,1185.0
2021-06-10 11:06:00,NSE:APLAPOLLO,1395.0,1395.5,1395.0,1395.0,1150.0
2021-06-10 11:09:00,NSE:APLAPOLLO,1395.0,1395.45,1395.0,1395.0,1105.0
2021-06-10 11:12:00,NSE:APLAPOLLO,1395.45,1399.0,1394.2,1398.15,4825.0
2021-06-10 11:15:00,NSE:APLAPOLLO,1397.9,1399.5,1395.0,1399.05,5831.0
2021-06-10 11:18:00,NSE:APLAPOLLO,1399.8,1400.0,1398.3,1399.0,3417.0
2021-06-10 11:21:00,NSE:APLAPOLLO,1399.0,1405.0,1399.0,1403.7,14175.0
2021-06-10 11:24:00,NSE:APLAPOLLO,1403.0,1403.0,1400.0,1400.4,959.0
2021-06-10 11:27:00,NSE:APLAPOLLO,1400.4,1400.95,1400.0,1400.05,1879.0
2021-06-10 11:30:00,NSE:APLAPOLLO,1401.5,1402.9,1400.0,1401.75,2279.0
2021-06-10 11:33:00,NSE:APLAPOLLO,1401.7,1402.7,1400.0,1400.05,746.0
2021-06-10 11:36:00,NSE:APLAPOLLO,1400.05,1402.5,1400.0,1400.05,3105.0
2021-06-10 11:39:00,NSE:APLAPOLLO,1400.0,1401.95,1400.0,1401.6,414.0
2021-06-10 11:42:00,NSE:APLAPOLLO,1401.3,1401.3,1396.6,1396.65,1351.0
2021-06-10 11:45:00,NSE:APLAPOLLO,1396.4,1401.0,1395.8,1400.1,903.0
2021-06-10 11:48:00,NSE:APLAPOLLO,1400.05,1401.0,1400.05,1400.05,775.0
2021-06-10 11:51:00,NSE:APLAPOLLO,1400.05,1401.0,1399.95,1400.05,1204.0
2021-06-10 11:54:00,NSE:APLAPOLLO,1400.05,1401.0,1397.55,1397.55,4478.0
2021-06-10 11:57:00,NSE:APLAPOLLO,1399.2,1401.5,1399.2,1400.05,11370.0
2021-06-10 12:00:00,NSE:APLAPOLLO,1400.05,1401.95,1400.0,1400.25,1227.0
2021-06-10 12:03:00,NSE:APLAPOLLO,1400.3,1401.6,1400.0,1400.05,918.0
2021-06-10 12:06:00,NSE:APLAPOLLO,1400.45,1400.75,1400.0,1400.0,1287.0
2021-06-10 12:09:00,NSE:APLAPOLLO,1400.45,1401.3,1400.1,1400.2,321.0
2021-06-10 12:12:00,NSE:APLAPOLLO,1400.2,1401.15,1400.2,1400.2,208.0
2021-06-10 12:15:00,NSE:APLAPOLLO,1400.2,1400.65,1400.15,1400.2,442.0
2021-06-10 12:18:00,NSE:APLAPOLLO,1400.2,1401.2,1400.15,1401.0,543.0
2021-06-10 12:21:00,NSE:APLAPOLLO,1400.7,1400.9,1400.0,1400.25,4091.0
2021-06-10 12:24:00,NSE:APLAPOLLO,1400.0,1400.9,1400.0,1400.9,370.0
2021-06-10 12:27:00,NSE:APLAPOLLO,1400.6,1400.9,1400.5,1400.5,404.0
2021-06-10 12:30:00,NSE:APLAPOLLO,1400.5,1404.0,1400.5,1404.0,7265.0
2021-06-10 12:33:00,NSE:APLAPOLLO,1404.5,1405.0,1394.9,1400.15,9059.0
2021-06-10 12:36:00,NSE:APLAPOLLO,1400.15,1401.1,1400.0,1400.1,11211.0
2021-06-10 12:39:00,NSE:APLAPOLLO,1400.2,1402.0,1400.05,1401.6,1024.0
2021-06-10 12:42:00,NSE:APLAPOLLO,1401.45,1401.55,1400.0,1400.0,3268.0
2021-06-10 12:45:00,NSE:APLAPOLLO,1400.0,1401.4,1400.0,1400.0,1073.0
2021-06-10 12:48:00,NSE:APLAPOLLO,1400.35,1403.0,1400.0,1403.0,1459.0
2021-06-10 12:51:00,NSE:APLAPOLLO,1403.9,1404.7,1400.1,1400.5,1197.0
2021-06-10 12:54:00,NSE:APLAPOLLO,1400.6,1403.95,1400.6,1403.1,525.0
2021-06-10 12:57:00,NSE:APLAPOLLO,1403.1,1403.4,1402.3,1402.3,438.0
2021-06-10 13:00:00,NSE:APLAPOLLO,1402.25,1403.6,1402.05,1402.3,411.0
2021-06-10 13:03:00,NSE:APLAPOLLO,1402.3,1403.2,1402.0,1402.45,429.0
2021-06-10 13:06:00,NSE:APLAPOLLO,1402.8,1403.8,1400.1,1400.8,1530.0
2021-06-10 13:09:00,NSE:APLAPOLLO,1400.1,1402.9,1400.1,1401.4,572.0
2021-06-10 13:12:00,NSE:APLAPOLLO,1402.2,1409.4,1401.4,1408.85,6905.0
2021-06-10 13:15:00,NSE:APLAPOLLO,1410.0,1410.0,1408.0,1408.25,2186.0
2021-06-10 13:18:00,NSE:APLAPOLLO,1408.05,1409.05,1407.55,1408.0,1500.0
2021-06-10 13:21:00,NSE:APLAPOLLO,1408.0,1410.0,1407.55,1409.0,2249.0
2021-06-10 13:24:00,NSE:APLAPOLLO,1409.5,1417.45,1409.0,1416.0,18925.0
2021-06-10 13:27:00,NSE:APLAPOLLO,1416.0,1420.0,1415.05,1419.55,8220.0
2021-06-10 13:30:00,NSE:APLAPOLLO,1419.5,1427.95,1418.5,1427.95,7780.0
2021-06-10 13:33:00,NSE:APLAPOLLO,1427.1,1435.05,1425.0,1433.85,13673.0
2021-06-10 13:36:00,NSE:APLAPOLLO,1433.95,1440.0,1431.0,1439.25,18064.0
2021-06-10 13:39:00,NSE:APLAPOLLO,1439.3,1445.0,1435.9,1438.65,23409.0
2021-06-10 13:42:00,NSE:APLAPOLLO,1436.25,1446.0,1433.15,1436.65,18678.0
2021-06-10 13:45:00,NSE:APLAPOLLO,1436.35,1458.0,1433.0,1454.8,48776.0
2021-06-10 13:48:00,NSE:APLAPOLLO,1454.8,1458.0,1440.7,1448.65,23528.0
2021-06-10 13:51:00,NSE:APLAPOLLO,1446.8,1450.0,1434.0,1435.0,9002.0
2021-06-10 13:54:00,NSE:APLAPOLLO,1435.0,1445.05,1430.2,1445.0,9846.0
2021-06-10 13:57:00,NSE:APLAPOLLO,1445.0,1445.75,1440.0,1442.5,4708.0
2021-06-10 14:00:00,NSE:APLAPOLLO,1442.8,1443.0,1432.0,1434.05,4902.0
2021-06-10 14:03:00,NSE:APLAPOLLO,1433.75,1435.0,1430.0,1432.5,8584.0
2021-06-10 14:06:00,NSE:APLAPOLLO,1430.9,1433.25,1422.6,1424.5,11683.0
2021-06-10 14:09:00,NSE:APLAPOLLO,1424.95,1425.0,1415.0,1417.85,8279.0
2021-06-10 14:12:00,NSE:APLAPOLLO,1417.85,1432.7,1417.4,1429.6,6033.0
2021-06-10 14:15:00,NSE:APLAPOLLO,1426.15,1433.65,1411.35,1420.65,8978.0
2021-06-10 14:18:00,NSE:APLAPOLLO,1420.5,1425.35,1420.5,1424.6,3972.0
2021-06-10 14:21:00,NSE:APLAPOLLO,1423.1,1428.2,1422.85,1425.45,4545.0
2021-06-10 14:24:00,NSE:APLAPOLLO,1425.45,1433.0,1425.45,1431.7,4388.0
2021-06-10 14:27:00,NSE:APLAPOLLO,1431.85,1434.9,1426.0,1429.95,5159.0
2021-06-10 14:30:00,NSE:APLAPOLLO,1428.75,1431.0,1427.0,1430.95,3377.0
2021-06-10 14:33:00,NSE:APLAPOLLO,1430.0,1434.0,1429.0,1434.0,2340.0
2021-06-10 14:36:00,NSE:APLAPOLLO,1433.9,1435.0,1432.55,1435.0,5174.0
2021-06-10 14:39:00,NSE:APLAPOLLO,1435.0,1435.0,1430.35,1431.3,4241.0
2021-06-10 14:42:00,NSE:APLAPOLLO,1431.3,1435.0,1430.15,1434.0,2894.0
2021-06-10 14:45:00,NSE:APLAPOLLO,1432.45,1434.0,1432.0,1433.05,2550.0
2021-06-10 14:48:00,NSE:APLAPOLLO,1433.65,1434.0,1432.15,1432.15,4017.0
2021-06-10 14:51:00,NSE:APLAPOLLO,1432.95,1433.0,1428.1,1431.3,4017.0
2021-06-10 14:54:00,NSE:APLAPOLLO,1431.3,1433.0,1428.0,1429.1,3397.0
2021-06-10 14:57:00,NSE:APLAPOLLO,1429.2,1431.0,1426.0,1431.0,3586.0
2021-06-10 15:00:00,NSE:APLAPOLLO,1430.95,1433.5,1430.95,1433.05,5681.0
2021-06-10 15:03:00,NSE:APLAPOLLO,1432.65,1433.4,1429.6,1433.4,3265.0
2021-06-10 15:06:00,NSE:APLAPOLLO,1433.4,1433.4,1429.0,1430.1,3087.0
2021-06-10 15:09:00,NSE:APLAPOLLO,1430.55,1432.8,1429.1,1429.1,3634.0
2021-06-10 15:12:00,NSE:APLAPOLLO,1429.0,1430.0,1426.2,1428.55,4035.0
2021-06-10 15:15:00,NSE:APLAPOLLO,1428.55,1430.0,1420.65,1420.65,107856.0
2021-06-10 15:18:00,NSE:APLAPOLLO,1420.65,1422.65,1415.0,1415.85,23266.0
2021-06-10 15:21:00,NSE:APLAPOLLO,1416.55,1429.9,1416.55,1425.65,7034.0
2021-06-10 15:24:00,NSE:APLAPOLLO,1425.95,1426.0,1421.0,1421.15,4318.0
2021-06-10 15:27:00,NSE:APLAPOLLO,1423.9,1425.0,1415.0,1425.0,6212.0
2021-06-10 15:39:00,NSE:APLAPOLLO,1425.5,1425.5,1425.0,1425.0,100.0
2021-06-11 09:06:00,NSE:APLAPOLLO,1435.0,1435.0,1435.0,1435.0,402.0
2021-06-11 09:15:00,NSE:APLAPOLLO,1439.8,1450.0,1438.0,1446.4,4915.0
2021-06-11 09:18:00,NSE:APLAPOLLO,1446.7,1469.95,1446.4,1465.0,11622.0
2021-06-11 09:21:00,NSE:APLAPOLLO,1466.45,1478.6,1448.45,1448.45,15613.0
2021-06-11 09:24:00,NSE:APLAPOLLO,1447.9,1459.25,1447.0,1450.0,5355.0
2021-06-11 09:27:00,NSE:APLAPOLLO,1450.0,1452.0,1447.5,1449.15,5114.0
2021-06-11 09:30:00,NSE:APLAPOLLO,1449.25,1450.0,1445.0,1449.3,3305.0
2021-06-11 09:33:00,NSE:APLAPOLLO,1448.4,1450.0,1446.4,1449.0,2725.0
2021-06-11 09:36:00,NSE:APLAPOLLO,1449.1,1449.7,1445.1,1446.45,1769.0
2021-06-11 09:39:00,NSE:APLAPOLLO,1446.6,1449.7,1445.85,1448.7,1391.0
2021-06-11 09:42:00,NSE:APLAPOLLO,1448.1,1449.85,1446.4,1448.1,1326.0
2021-06-11 09:45:00,NSE:APLAPOLLO,1448.7,1448.95,1446.95,1448.7,1449.0
2021-06-11 09:48:00,NSE:APLAPOLLO,1448.65,1449.1,1445.75,1445.75,2489.0
2021-06-11 09:51:00,NSE:APLAPOLLO,1447.95,1448.95,1445.2,1448.65,1465.0
2021-06-11 09:54:00,NSE:APLAPOLLO,1448.6,1449.45,1447.0,1447.0,1184.0
2021-06-11 09:57:00,NSE:APLAPOLLO,1447.05,1447.45,1445.4,1445.45,1189.0
2021-06-11 10:00:00,NSE:APLAPOLLO,1445.5,1446.85,1445.0,1446.85,1340.0
2021-06-11 10:03:00,NSE:APLAPOLLO,1446.6,1446.8,1445.0,1445.05,1545.0
2021-06-11 10:06:00,NSE:APLAPOLLO,1445.65,1447.0,1445.0,1445.2,2073.0
2021-06-11 10:09:00,NSE:APLAPOLLO,1446.1,1448.65,1445.05,1445.05,1546.0
2021-06-11 10:12:00,NSE:APLAPOLLO,1445.8,1447.9,1445.15,1445.15,1000.0
2021-06-11 10:15:00,NSE:APLAPOLLO,1446.0,1446.85,1445.05,1446.8,1184.0
2021-06-11 10:18:00,NSE:APLAPOLLO,1446.8,1447.0,1445.85,1446.05,1367.0
2021-06-11 10:21:00,NSE:APLAPOLLO,1446.0,1447.0,1446.0,1446.1,975.0
2021-06-11 10:24:00,NSE:APLAPOLLO,1446.95,1447.15,1445.9,1446.15,1164.0
2021-06-11 10:27:00,NSE:APLAPOLLO,1446.7,1448.95,1446.1,1447.45,1002.0
2021-06-11 10:30:00,NSE:APLAPOLLO,1447.85,1450.0,1447.05,1447.05,1851.0
2021-06-11 10:33:00,NSE:APLAPOLLO,1447.65,1448.5,1447.05,1447.95,1073.0
2021-06-11 10:36:00,NSE:APLAPOLLO,1447.95,1448.7,1446.65,1447.5,1253.0
2021-06-11 10:39:00,NSE:APLAPOLLO,1448.05,1448.35,1445.0,1446.25,1482.0
2021-06-11 10:42:00,NSE:APLAPOLLO,1447.5,1448.45,1445.0,1445.0,2475.0
2021-06-11 10:45:00,NSE:APLAPOLLO,1445.0,1448.0,1445.0,1446.35,1316.0
2021-06-11 10:48:00,NSE:APLAPOLLO,1447.95,1448.65,1445.8,1448.0,1483.0
2021-06-11 10:51:00,NSE:APLAPOLLO,1450.0,1455.0,1447.05,1453.5,4447.0
2021-06-11 10:54:00,NSE:APLAPOLLO,1454.7,1458.35,1449.35,1456.95,4959.0
2021-06-11 10:57:00,NSE:APLAPOLLO,1458.0,1460.0,1445.15,1445.5,4616.0
2021-06-11 11:00:00,NSE:APLAPOLLO,1446.95,1446.95,1440.65,1440.7,2932.0
2021-06-11 11:03:00,NSE:APLAPOLLO,1442.8,1442.8,1430.15,1439.7,3779.0
2021-06-11 11:06:00,NSE:APLAPOLLO,1439.0,1445.0,1435.6,1443.3,1899.0
2021-06-11 11:09:00,NSE:APLAPOLLO,1444.5,1448.6,1435.0,1441.05,1842.0
2021-06-11 11:12:00,NSE:APLAPOLLO,1440.0,1447.95,1437.4,1437.4,1537.0
2021-06-11 11:15:00,NSE:APLAPOLLO,1439.6,1449.0,1439.6,1446.25,1890.0
2021-06-11 11:18:00,NSE:APLAPOLLO,1446.2,1447.6,1443.45,1446.0,1210.0
2021-06-11 11:21:00,NSE:APLAPOLLO,1446.0,1448.8,1445.6,1446.1,824.0
2021-06-11 11:24:00,NSE:APLAPOLLO,1447.7,1448.0,1446.05,1447.65,1156.0
2021-06-11 11:27:00,NSE:APLAPOLLO,1448.0,1448.25,1445.05,1447.0,1080.0
2021-06-11 11:30:00,NSE:APLAPOLLO,1446.95,1446.95,1441.65,1444.0,1320.0
2021-06-11 11:33:00,NSE:APLAPOLLO,1445.0,1445.95,1441.45,1443.0,954.0
2021-06-11 11:36:00,NSE:APLAPOLLO,1443.0,1446.0,1443.0,1443.8,825.0
2021-06-11 11:39:00,NSE:APLAPOLLO,1444.5,1447.5,1443.1,1445.15,2513.0
2021-06-11 11:42:00,NSE:APLAPOLLO,1446.1,1447.0,1442.75,1446.5,1298.0
2021-06-11 11:45:00,NSE:APLAPOLLO,1446.95,1446.95,1443.55,1445.7,827.0
2021-06-11 11:48:00,NSE:APLAPOLLO,1445.75,1446.0,1444.0,1444.0,1012.0
2021-06-11 11:51:00,NSE:APLAPOLLO,1444.4,1446.0,1440.1,1440.1,2188.0
2021-06-11 11:54:00,NSE:APLAPOLLO,1440.1,1445.5,1436.0,1445.5,1676.0
2021-06-11 11:57:00,NSE:APLAPOLLO,1444.6,1445.7,1443.25,1444.15,1024.0
2021-06-11 12:00:00,NSE:APLAPOLLO,1445.95,1445.95,1440.95,1443.2,1166.0
2021-06-11 12:03:00,NSE:APLAPOLLO,1445.0,1446.0,1444.4,1446.0,902.0
2021-06-11 12:06:00,NSE:APLAPOLLO,1445.5,1447.0,1440.0,1440.0,1896.0
2021-06-11 12:09:00,NSE:APLAPOLLO,1438.7,1440.0,1437.0,1438.0,1012.0
2021-06-11 12:12:00,NSE:APLAPOLLO,1439.5,1440.0,1434.75,1440.0,2382.0
2021-06-11 12:15:00,NSE:APLAPOLLO,1440.0,1444.2,1438.05,1444.0,1012.0
2021-06-11 12:18:00,NSE:APLAPOLLO,1444.0,1445.0,1440.25,1443.8,947.0
2021-06-11 12:21:00,NSE:APLAPOLLO,1443.8,1443.95,1440.3,1443.95,1189.0
2021-06-11 12:24:00,NSE:APLAPOLLO,1443.05,1443.95,1442.0,1443.9,916.0
2021-06-11 12:27:00,NSE:APLAPOLLO,1443.85,1443.95,1442.0,1442.15,1024.0
2021-06-11 12:30:00,NSE:APLAPOLLO,1443.95,1444.0,1439.3,1440.95,1428.0
2021-06-11 12:33:00,NSE:APLAPOLLO,1442.95,1443.95,1441.15,1442.3,731.0
2021-06-11 12:36:00,NSE:APLAPOLLO,1443.35,1443.5,1441.55,1441.65,840.0
2021-06-11 12:39:00,NSE:APLAPOLLO,1443.4,1443.85,1441.85,1443.85,903.0
2021-06-11 12:42:00,NSE:APLAPOLLO,1443.85,1443.9,1439.2,1441.4,1485.0
2021-06-11 12:45:00,NSE:APLAPOLLO,1440.2,1443.95,1440.2,1443.8,982.0
2021-06-11 12:48:00,NSE:APLAPOLLO,1443.8,1443.9,1442.05,1443.1,746.0
2021-06-11 12:51:00,NSE:APLAPOLLO,1443.95,1444.0,1440.05,1444.0,1644.0
2021-06-11 12:54:00,NSE:APLAPOLLO,1443.4,1444.3,1441.6,1443.95,927.0
2021-06-11 12:57:00,NSE:APLAPOLLO,1444.0,1444.5,1440.05,1442.5,1137.0
2021-06-11 13:00:00,NSE:APLAPOLLO,1441.95,1444.0,1440.05,1440.85,989.0
2021-06-11 13:03:00,NSE:APLAPOLLO,1440.8,1441.55,1435.65,1439.45,2423.0
2021-06-11 13:06:00,NSE:APLAPOLLO,1439.4,1440.0,1436.9,1439.2,2459.0
2021-06-11 13:09:00,NSE:APLAPOLLO,1439.15,1440.0,1437.75,1439.75,2764.0
2021-06-11 13:12:00,NSE:APLAPOLLO,1438.6,1440.0,1438.05,1438.25,794.0
2021-06-11 13:15:00,NSE:APLAPOLLO,1439.5,1439.95,1435.1,1437.7,1294.0
2021-06-11 13:18:00,NSE:APLAPOLLO,1436.95,1438.0,1435.65,1437.0,976.0
2021-06-11 13:21:00,NSE:APLAPOLLO,1437.05,1438.0,1435.0,1436.3,1345.0
2021-06-11 13:24:00,NSE:APLAPOLLO,1437.25,1438.0,1435.2,1436.65,1180.0
2021-06-11 13:27:00,NSE:APLAPOLLO,1436.65,1438.0,1436.05,1437.95,1459.0
2021-06-11 13:30:00,NSE:APLAPOLLO,1438.0,1438.0,1436.25,1437.75,1088.0
2021-06-11 13:33:00,NSE:APLAPOLLO,1437.75,1440.0,1437.75,1438.65,1184.0
2021-06-11 13:36:00,NSE:APLAPOLLO,1439.9,1440.0,1436.25,1437.85,1196.0
2021-06-11 13:39:00,NSE:APLAPOLLO,1437.8,1439.95,1437.8,1438.95,988.0
2021-06-11 13:42:00,NSE:APLAPOLLO,1439.55,1440.0,1439.55,1439.9,1656.0
2021-06-11 13:45:00,NSE:APLAPOLLO,1440.0,1440.0,1438.05,1439.75,2027.0
2021-06-11 13:48:00,NSE:APLAPOLLO,1440.0,1444.0,1439.75,1443.95,2223.0
2021-06-11 13:51:00,NSE:APLAPOLLO,1444.0,1444.85,1440.2,1440.45,1523.0
2021-06-11 13:54:00,NSE:APLAPOLLO,1440.7,1444.9,1440.7,1441.5,1716.0
2021-06-11 13:57:00,NSE:APLAPOLLO,1442.9,1442.9,1438.2,1438.65,2015.0
2021-06-11 14:00:00,NSE:APLAPOLLO,1439.3,1441.9,1439.3,1440.5,1218.0
2021-06-11 14:03:00,NSE:APLAPOLLO,1440.5,1442.0,1439.8,1441.6,1461.0
2021-06-11 14:06:00,NSE:APLAPOLLO,1441.85,1441.95,1439.95,1441.95,1214.0
2021-06-11 14:09:00,NSE:APLAPOLLO,1441.95,1442.0,1440.0,1441.0,1494.0
2021-06-11 14:12:00,NSE:APLAPOLLO,1441.0,1442.0,1440.45,1441.85,1197.0
2021-06-11 14:15:00,NSE:APLAPOLLO,1441.9,1443.0,1438.95,1441.0,1814.0
2021-06-11 14:18:00,NSE:APLAPOLLO,1440.4,1443.9,1440.4,1443.5,1175.0
2021-06-11 14:21:00,NSE:APLAPOLLO,1443.9,1444.8,1439.2,1439.2,2524.0
2021-06-11 14:24:00,NSE:APLAPOLLO,1440.0,1442.0,1439.35,1440.65,1664.0
2021-06-11 14:27:00,NSE:APLAPOLLO,1442.0,1442.0,1440.05,1442.0,1478.0
2021-06-11 14:30:00,NSE:APLAPOLLO,1442.0,1443.8,1440.55,1442.2,1304.0
2021-06-11 14:33:00,NSE:APLAPOLLO,1442.2,1443.85,1442.05,1442.7,1207.0
2021-06-11 14:36:00,NSE:APLAPOLLO,1442.7,1443.5,1437.0,1438.95,2063.0
2021-06-11 14:39:00,NSE:APLAPOLLO,1438.95,1439.0,1436.3,1437.1,1407.0
2021-06-11 14:42:00,NSE:APLAPOLLO,1437.05,1438.65,1437.0,1438.0,1650.0
2021-06-11 14:45:00,NSE:APLAPOLLO,1437.75,1438.0,1436.0,1437.3,1914.0
2021-06-11 14:48:00,NSE:APLAPOLLO,1437.65,1437.85,1436.05,1437.0,1577.0
2021-06-11 14:51:00,NSE:APLAPOLLO,1437.85,1437.85,1435.1,1435.55,2288.0
2021-06-11 14:54:00,NSE:APLAPOLLO,1435.05,1442.4,1435.05,1440.1,1569.0
2021-06-11 14:57:00,NSE:APLAPOLLO,1441.65,1443.0,1440.1,1443.0,1683.0
2021-06-11 15:00:00,NSE:APLAPOLLO,1443.0,1443.0,1440.2,1442.3,2152.0
2021-06-11 15:03:00,NSE:APLAPOLLO,1441.9,1442.6,1438.4,1440.2,2034.0
2021-06-11 15:06:00,NSE:APLAPOLLO,1439.8,1440.05,1438.15,1439.25,1821.0
2021-06-11 15:09:00,NSE:APLAPOLLO,1440.0,1443.45,1439.8,1443.0,2512.0
2021-06-11 15:12:00,NSE:APLAPOLLO,1443.45,1443.45,1438.75,1441.1,1909.0
2021-06-11 15:15:00,NSE:APLAPOLLO,1442.0,1442.55,1440.9,1441.05,2386.0
2021-06-11 15:18:00,NSE:APLAPOLLO,1441.05,1442.0,1439.95,1439.95,3439.0
2021-06-11 15:21:00,NSE:APLAPOLLO,1440.0,1440.0,1437.1,1437.1,3076.0
2021-06-11 15:24:00,NSE:APLAPOLLO,1437.15,1438.05,1436.4,1438.0,2430.0
2021-06-11 15:27:00,NSE:APLAPOLLO,1438.0,1438.95,1436.0,1438.75,3658.0
2021-06-11 15:39:00,NSE:APLAPOLLO,1440.15,1440.15,1440.15,1440.15,1.0
2021-06-14 09:06:00,NSE:APLAPOLLO,1444.0,1444.0,1444.0,1444.0,262.0
2021-06-14 09:15:00,NSE:APLAPOLLO,1445.0,1468.95,1445.0,1455.0,3977.0
2021-06-14 09:18:00,NSE:APLAPOLLO,1455.85,1459.8,1445.7,1448.05,3931.0
2021-06-14 09:21:00,NSE:APLAPOLLO,1449.35,1449.35,1432.45,1437.0,3254.0
2021-06-14 09:24:00,NSE:APLAPOLLO,1437.0,1439.05,1405.0,1413.15,6085.0
2021-06-14 09:27:00,NSE:APLAPOLLO,1410.0,1425.2,1410.0,1417.0,2509.0
2021-06-14 09:30:00,NSE:APLAPOLLO,1417.95,1418.05,1410.1,1411.1,2216.0
2021-06-14 09:33:00,NSE:APLAPOLLO,1414.1,1415.0,1410.1,1413.1,960.0
2021-06-14 09:36:00,NSE:APLAPOLLO,1413.05,1429.95,1413.05,1428.0,2295.0
2021-06-14 09:39:00,NSE:APLAPOLLO,1428.0,1429.6,1422.75,1425.0,2642.0
2021-06-14 09:42:00,NSE:APLAPOLLO,1423.55,1425.0,1422.05,1422.45,788.0
2021-06-14 09:45:00,NSE:APLAPOLLO,1423.7,1427.0,1420.2,1426.0,1894.0
2021-06-14 09:48:00,NSE:APLAPOLLO,1426.0,1430.0,1421.3,1429.25,830.0
2021-06-14 09:51:00,NSE:APLAPOLLO,1430.0,1439.0,1425.55,1439.0,3084.0
2021-06-14 09:54:00,NSE:APLAPOLLO,1435.35,1439.0,1435.05,1437.95,2062.0
2021-06-14 09:57:00,NSE:APLAPOLLO,1437.1,1441.95,1435.1,1440.0,2023.0
2021-06-14 10:00:00,NSE:APLAPOLLO,1441.0,1442.0,1438.2,1440.1,753.0
2021-06-14 10:03:00,NSE:APLAPOLLO,1440.1,1440.85,1431.8,1433.2,1702.0
2021-06-14 10:06:00,NSE:APLAPOLLO,1433.15,1434.8,1429.15,1430.4,943.0
2021-06-14 10:09:00,NSE:APLAPOLLO,1430.35,1431.95,1430.05,1430.1,607.0
2021-06-14 10:12:00,NSE:APLAPOLLO,1432.0,1432.0,1425.0,1427.3,1103.0
2021-06-14 10:15:00,NSE:APLAPOLLO,1425.3,1428.9,1425.0,1425.05,655.0
2021-06-14 10:18:00,NSE:APLAPOLLO,1425.0,1430.15,1425.0,1430.15,417.0
2021-06-14 10:21:00,NSE:APLAPOLLO,1430.25,1431.55,1428.6,1431.2,173.0
2021-06-14 10:24:00,NSE:APLAPOLLO,1430.7,1431.95,1428.5,1428.5,241.0
2021-06-14 10:27:00,NSE:APLAPOLLO,1429.8,1439.95,1428.55,1438.4,4054.0
2021-06-14 10:30:00,NSE:APLAPOLLO,1438.65,1438.65,1434.25,1434.25,833.0
2021-06-14 10:33:00,NSE:APLAPOLLO,1433.65,1436.0,1432.0,1435.7,1801.0
2021-06-14 10:36:00,NSE:APLAPOLLO,1435.7,1436.0,1433.55,1435.05,648.0
2021-06-14 10:39:00,NSE:APLAPOLLO,1436.8,1438.0,1435.0,1435.85,1036.0
2021-06-14 10:42:00,NSE:APLAPOLLO,1437.0,1438.0,1430.1,1430.55,6120.0
2021-06-14 10:45:00,NSE:APLAPOLLO,1430.5,1431.95,1425.1,1425.1,399.0
2021-06-14 10:48:00,NSE:APLAPOLLO,1425.1,1430.95,1425.1,1429.15,291.0
2021-06-14 10:51:00,NSE:APLAPOLLO,1430.95,1431.3,1428.5,1431.0,514.0
2021-06-14 10:54:00,NSE:APLAPOLLO,1430.0,1432.15,1428.5,1430.5,691.0
2021-06-14 10:57:00,NSE:APLAPOLLO,1429.55,1433.55,1429.3,1431.0,286.0
2021-06-14 11:00:00,NSE:APLAPOLLO,1432.55,1433.95,1430.3,1431.1,350.0
2021-06-14 11:03:00,NSE:APLAPOLLO,1432.85,1432.95,1430.15,1432.0,263.0
2021-06-14 11:06:00,NSE:APLAPOLLO,1432.5,1432.9,1425.1,1425.1,2562.0
2021-06-14 11:09:00,NSE:APLAPOLLO,1425.1,1427.25,1425.1,1426.6,250.0
2021-06-14 11:12:00,NSE:APLAPOLLO,1426.65,1429.5,1425.1,1428.25,371.0
2021-06-14 11:15:00,NSE:APLAPOLLO,1427.2,1431.3,1427.2,1430.05,318.0
2021-06-14 11:18:00,NSE:APLAPOLLO,1431.55,1431.55,1428.25,1428.25,194.0
2021-06-14 11:21:00,NSE:APLAPOLLO,1428.2,1430.3,1427.9,1428.55,234.0
2021-06-14 11:24:00,NSE:APLAPOLLO,1428.5,1430.7,1427.0,1428.0,215.0
2021-06-14 11:27:00,NSE:APLAPOLLO,1427.95,1428.0,1426.15,1427.95,277.0
2021-06-14 11:30:00,NSE:APLAPOLLO,1427.0,1428.0,1426.05,1426.3,203.0
2021-06-14 11:33:00,NSE:APLAPOLLO,1426.35,1430.75,1426.35,1430.0,379.0
2021-06-14 11:36:00,NSE:APLAPOLLO,1429.95,1431.0,1428.2,1428.55,727.0
2021-06-14 11:39:00,NSE:APLAPOLLO,1429.8,1430.35,1428.55,1428.75,166.0
2021-06-14 11:42:00,NSE:APLAPOLLO,1429.2,1430.65,1428.0,1428.05,155.0
2021-06-14 11:45:00,NSE:APLAPOLLO,1428.0,1432.0,1428.0,1430.2,311.0
2021-06-14 11:48:00,NSE:APLAPOLLO,1430.15,1431.75,1428.5,1430.75,196.0
2021-06-14 11:51:00,NSE:APLAPOLLO,1429.1,1430.75,1428.0,1429.3,184.0
2021-06-14 11:54:00,NSE:APLAPOLLO,1428.0,1431.2,1427.45,1431.2,234.0
2021-06-14 11:57:00,NSE:APLAPOLLO,1430.0,1430.1,1429.0,1430.1,185.0
2021-06-14 12:00:00,NSE:APLAPOLLO,1433.45,1434.4,1433.0,1433.05,610.0
2021-06-14 12:03:00,NSE:APLAPOLLO,1434.0,1436.0,1434.0,1436.0,538.0
2021-06-14 12:06:00,NSE:APLAPOLLO,1436.5,1436.95,1435.0,1435.35,708.0
2021-06-14 12:09:00,NSE:APLAPOLLO,1435.05,1436.5,1434.0,1435.5,469.0
2021-06-14 12:12:00,NSE:APLAPOLLO,1434.05,1436.5,1434.0,1436.35,1941.0
2021-06-14 12:15:00,NSE:APLAPOLLO,1435.15,1435.3,1431.05,1431.15,733.0
2021-06-14 12:18:00,NSE:APLAPOLLO,1432.35,1434.3,1431.6,1432.1,218.0
2021-06-14 12:21:00,NSE:APLAPOLLO,1431.65,1433.6,1431.5,1433.6,338.0
2021-06-14 12:24:00,NSE:APLAPOLLO,1432.05,1433.6,1432.05,1432.1,314.0
2021-06-14 12:27:00,NSE:APLAPOLLO,1433.55,1434.85,1432.0,1434.0,1019.0
2021-06-14 12:30:00,NSE:APLAPOLLO,1434.0,1434.95,1432.2,1434.55,26136.0
2021-06-14 12:33:00,NSE:APLAPOLLO,1434.0,1435.0,1434.0,1434.4,4786.0
2021-06-14 12:36:00,NSE:APLAPOLLO,1434.45,1436.5,1434.35,1436.5,1752.0
2021-06-14 12:39:00,NSE:APLAPOLLO,1435.85,1436.5,1435.0,1435.75,887.0
2021-06-14 12:42:00,NSE:APLAPOLLO,1435.75,1436.0,1434.95,1435.0,377.0
2021-06-14 12:45:00,NSE:APLAPOLLO,1436.0,1436.8,1434.95,1436.0,10122.0
2021-06-14 12:48:00,NSE:APLAPOLLO,1436.0,1436.0,1435.0,1435.0,475.0
2021-06-14 12:51:00,NSE:APLAPOLLO,1436.0,1436.0,1435.0,1435.0,1123.0
2021-06-14 12:54:00,NSE:APLAPOLLO,1435.0,1438.0,1435.0,1437.0,1093.0
2021-06-14 12:57:00,NSE:APLAPOLLO,1436.55,1437.0,1435.0,1436.9,407.0
2021-06-14 13:00:00,NSE:APLAPOLLO,1435.2,1437.0,1435.0,1435.0,321.0
2021-06-14 13:03:00,NSE:APLAPOLLO,1435.0,1436.8,1435.0,1436.8,117.0
2021-06-14 13:06:00,NSE:APLAPOLLO,1436.75,1436.75,1435.0,1435.0,138.0
2021-06-14 13:09:00,NSE:APLAPOLLO,1436.6,1437.0,1435.0,1437.0,312.0
2021-06-14 13:12:00,NSE:APLAPOLLO,1435.7,1436.65,1435.0,1435.05,207.0
2021-06-14 13:15:00,NSE:APLAPOLLO,1435.0,1438.25,1435.0,1437.4,1039.0
2021-06-14 13:18:00,NSE:APLAPOLLO,1436.5,1438.85,1435.0,1436.55,642.0
2021-06-14 13:21:00,NSE:APLAPOLLO,1435.9,1438.9,1435.9,1437.0,348.0
2021-06-14 13:24:00,NSE:APLAPOLLO,1440.6,1441.0,1440.0,1440.0,1038.0
2021-06-14 13:27:00,NSE:APLAPOLLO,1440.0,1445.0,1440.0,1443.5,1823.0
2021-06-14 13:30:00,NSE:APLAPOLLO,1442.35,1444.6,1435.05,1438.5,1510.0
2021-06-14 13:33:00,NSE:APLAPOLLO,1437.2,1437.2,1435.05,1436.6,275.0
2021-06-14 13:36:00,NSE:APLAPOLLO,1435.1,1438.05,1433.0,1437.95,4071.0
2021-06-14 13:39:00,NSE:APLAPOLLO,1435.0,1440.8,1435.0,1439.85,4854.0
2021-06-14 13:42:00,NSE:APLAPOLLO,1439.7,1440.9,1435.0,1435.0,26550.0
2021-06-14 13:45:00,NSE:APLAPOLLO,1435.7,1438.6,1435.0,1436.5,2137.0
2021-06-14 13:48:00,NSE:APLAPOLLO,1436.4,1436.5,1435.15,1436.0,1109.0
2021-06-14 13:51:00,NSE:APLAPOLLO,1435.15,1436.0,1431.8,1434.5,2621.0
2021-06-14 13:54:00,NSE:APLAPOLLO,1432.35,1435.45,1431.75,1432.7,868.0
2021-06-14 13:57:00,NSE:APLAPOLLO,1432.65,1436.0,1430.0,1433.75,3520.0
2021-06-14 14:00:00,NSE:APLAPOLLO,1432.95,1439.0,1432.95,1436.1,1744.0
2021-06-14 14:03:00,NSE:APLAPOLLO,1435.65,1437.0,1435.5,1435.55,264.0
2021-06-14 14:06:00,NSE:APLAPOLLO,1435.55,1437.0,1435.0,1435.85,322.0
2021-06-14 14:09:00,NSE:APLAPOLLO,1435.8,1436.9,1435.05,1435.85,571.0
2021-06-14 14:12:00,NSE:APLAPOLLO,1436.95,1436.95,1435.0,1435.0,1673.0
2021-06-14 14:15:00,NSE:APLAPOLLO,1435.0,1435.65,1435.0,1435.65,467.0
2021-06-14 14:18:00,NSE:APLAPOLLO,1435.0,1437.0,1432.95,1437.0,3099.0
2021-06-14 14:21:00,NSE:APLAPOLLO,1437.0,1443.55,1437.0,1441.05,3479.0
2021-06-14 14:24:00,NSE:APLAPOLLO,1440.6,1449.5,1440.0,1447.55,3122.0
2021-06-14 14:27:00,NSE:APLAPOLLO,1447.5,1448.75,1445.0,1446.45,1108.0
2021-06-14 14:30:00,NSE:APLAPOLLO,1445.0,1449.45,1445.0,1448.0,1535.0
2021-06-14 14:33:00,NSE:APLAPOLLO,1447.95,1451.0,1447.0,1451.0,3966.0
2021-06-14 14:36:00,NSE:APLAPOLLO,1451.0,1455.25,1450.6,1455.25,2923.0
2021-06-14 14:39:00,NSE:APLAPOLLO,1454.05,1457.0,1446.4,1451.0,22118.0
2021-06-14 14:42:00,NSE:APLAPOLLO,1450.95,1458.0,1450.0,1456.3,1359.0
2021-06-14 14:45:00,NSE:APLAPOLLO,1457.25,1465.0,1456.85,1457.8,3698.0
2021-06-14 14:48:00,NSE:APLAPOLLO,1457.95,1462.7,1456.05,1457.85,2917.0
2021-06-14 14:51:00,NSE:APLAPOLLO,1458.8,1465.0,1458.8,1461.95,8804.0
2021-06-14 14:54:00,NSE:APLAPOLLO,1462.0,1462.0,1460.0,1460.0,792.0
2021-06-14 14:57:00,NSE:APLAPOLLO,1460.3,1460.3,1456.7,1456.7,838.0
2021-06-14 15:00:00,NSE:APLAPOLLO,1457.05,1458.0,1450.95,1452.45,880.0
2021-06-14 15:03:00,NSE:APLAPOLLO,1450.1,1453.95,1440.55,1442.85,39019.0
2021-06-14 15:06:00,NSE:APLAPOLLO,1441.0,1444.0,1441.0,1442.05,5673.0
2021-06-14 15:09:00,NSE:APLAPOLLO,1442.0,1442.45,1435.3,1441.45,4530.0
2021-06-14 15:12:00,NSE:APLAPOLLO,1439.05,1441.0,1436.05,1436.05,1344.0
2021-06-14 15:15:00,NSE:APLAPOLLO,1437.7,1438.0,1435.55,1435.55,1140.0
2021-06-14 15:18:00,NSE:APLAPOLLO,1436.0,1441.85,1435.75,1441.85,5850.0
2021-06-14 15:21:00,NSE:APLAPOLLO,1441.85,1445.1,1440.0,1445.1,2422.0
2021-06-14 15:24:00,NSE:APLAPOLLO,1445.1,1454.0,1445.0,1450.0,2518.0
2021-06-14 15:27:00,NSE:APLAPOLLO,1450.0,1470.0,1450.0,1460.0,9122.0
2021-06-14 15:42:00,NSE:APLAPOLLO,1446.15,1446.15,1446.15,1446.15,5.0
2021-06-15 09:06:00,NSE:APLAPOLLO,1480.0,1480.0,1480.0,1480.0,1477.0
2021-06-15 09:15:00,NSE:APLAPOLLO,1477.25,1477.8,1463.0,1470.4,2691.0
2021-06-15 09:18:00,NSE:APLAPOLLO,1473.0,1475.0,1457.05,1470.7,6645.0
2021-06-15 09:21:00,NSE:APLAPOLLO,1468.85,1490.0,1468.85,1489.35,12437.0
2021-06-15 09:24:00,NSE:APLAPOLLO,1488.45,1505.0,1488.45,1501.05,11607.0
2021-06-15 09:27:00,NSE:APLAPOLLO,1502.7,1502.7,1490.0,1493.0,3881.0
2021-06-15 09:30:00,NSE:APLAPOLLO,1491.15,1493.9,1466.55,1469.0,9703.0
2021-06-15 09:33:00,NSE:APLAPOLLO,1469.75,1469.95,1466.0,1466.0,22788.0
2021-06-15 09:36:00,NSE:APLAPOLLO,1466.5,1471.95,1463.75,1470.45,12535.0
2021-06-15 09:39:00,NSE:APLAPOLLO,1471.2,1471.2,1465.0,1467.95,2477.0
2021-06-15 09:42:00,NSE:APLAPOLLO,1466.0,1467.95,1464.3,1467.95,4915.0
2021-06-15 09:45:00,NSE:APLAPOLLO,1467.95,1470.9,1467.3,1469.95,2132.0
2021-06-15 09:48:00,NSE:APLAPOLLO,1467.85,1474.65,1467.85,1473.25,3646.0
2021-06-15 09:51:00,NSE:APLAPOLLO,1474.0,1476.1,1471.3,1476.1,3824.0
2021-06-15 09:54:00,NSE:APLAPOLLO,1474.55,1477.95,1472.35,1476.25,2189.0
2021-06-15 09:57:00,NSE:APLAPOLLO,1477.15,1477.5,1472.5,1476.9,1698.0
2021-06-15 10:00:00,NSE:APLAPOLLO,1475.95,1480.0,1474.6,1479.0,3202.0
2021-06-15 10:03:00,NSE:APLAPOLLO,1480.0,1484.35,1480.0,1483.9,3613.0
2021-06-15 10:06:00,NSE:APLAPOLLO,1482.8,1486.0,1482.35,1485.35,4972.0
2021-06-15 10:09:00,NSE:APLAPOLLO,1485.35,1485.9,1480.25,1485.0,2898.0
2021-06-15 10:12:00,NSE:APLAPOLLO,1484.55,1485.0,1481.7,1484.9,1064.0
2021-06-15 10:15:00,NSE:APLAPOLLO,1484.0,1484.9,1482.05,1484.9,1305.0
2021-06-15 10:18:00,NSE:APLAPOLLO,1484.85,1499.9,1484.55,1497.7,7955.0
2021-06-15 10:21:00,NSE:APLAPOLLO,1497.7,1498.0,1492.5,1497.45,2492.0
2021-06-15 10:24:00,NSE:APLAPOLLO,1498.5,1500.0,1495.0,1499.75,9364.0
2021-06-15 10:27:00,NSE:APLAPOLLO,1499.7,1500.0,1497.05,1499.0,1606.0
2021-06-15 10:30:00,NSE:APLAPOLLO,1499.0,1499.0,1495.55,1495.55,2094.0
2021-06-15 10:33:00,NSE:APLAPOLLO,1496.85,1498.0,1494.45,1497.85,1971.0
2021-06-15 10:36:00,NSE:APLAPOLLO,1496.2,1499.05,1496.2,1499.05,2703.0
2021-06-15 10:39:00,NSE:APLAPOLLO,1499.05,1500.75,1497.05,1500.65,4500.0
2021-06-15 10:42:00,NSE:APLAPOLLO,1500.7,1501.0,1500.0,1500.0,2529.0
2021-06-15 10:45:00,NSE:APLAPOLLO,1501.0,1503.0,1501.0,1502.7,6513.0
2021-06-15 10:48:00,NSE:APLAPOLLO,1502.55,1502.95,1498.3,1500.2,2285.0
2021-06-15 10:51:00,NSE:APLAPOLLO,1500.05,1501.8,1498.4,1501.25,12995.0
2021-06-15 10:54:00,NSE:APLAPOLLO,1501.25,1504.0,1498.5,1499.8,26096.0
2021-06-15 10:57:00,NSE:APLAPOLLO,1500.7,1502.3,1498.2,1501.95,18033.0
2021-06-15 11:00:00,NSE:APLAPOLLO,1502.9,1502.95,1500.15,1502.95,1441.0
2021-06-15 11:03:00,NSE:APLAPOLLO,1502.55,1502.9,1500.25,1502.9,1545.0
2021-06-15 11:06:00,NSE:APLAPOLLO,1502.9,1503.95,1501.05,1503.95,2251.0
2021-06-15 11:09:00,NSE:APLAPOLLO,1504.0,1516.7,1502.9,1514.8,16871.0
2021-06-15 11:12:00,NSE:APLAPOLLO,1515.0,1518.0,1510.75,1511.3,4831.0
2021-06-15 11:15:00,NSE:APLAPOLLO,1511.3,1513.25,1501.1,1512.55,3923.0
2021-06-15 11:18:00,NSE:APLAPOLLO,1512.55,1514.9,1509.8,1513.45,2207.0
2021-06-15 11:21:00,NSE:APLAPOLLO,1514.0,1514.0,1509.5,1511.0,1306.0
2021-06-15 11:24:00,NSE:APLAPOLLO,1511.05,1513.2,1500.7,1502.0,3432.0
2021-06-15 11:27:00,NSE:APLAPOLLO,1502.0,1503.0,1495.0,1495.0,12129.0
2021-06-15 11:30:00,NSE:APLAPOLLO,1495.0,1500.2,1491.2,1497.5,65256.0
2021-06-15 11:33:00,NSE:APLAPOLLO,1496.9,1497.5,1495.0,1495.6,1755.0
2021-06-15 11:36:00,NSE:APLAPOLLO,1495.4,1497.0,1487.6,1487.6,7960.0
2021-06-15 11:39:00,NSE:APLAPOLLO,1486.05,1490.0,1483.0,1490.0,3404.0
2021-06-15 11:42:00,NSE:APLAPOLLO,1490.0,1490.0,1488.0,1489.25,2026.0
2021-06-15 11:45:00,NSE:APLAPOLLO,1490.0,1490.0,1489.1,1490.0,3588.0
2021-06-15 11:48:00,NSE:APLAPOLLO,1489.1,1494.95,1488.0,1494.95,1802.0
2021-06-15 11:51:00,NSE:APLAPOLLO,1493.45,1496.95,1490.0,1490.0,18225.0
2021-06-15 11:54:00,NSE:APLAPOLLO,1490.0,1490.0,1488.1,1490.0,1019.0
2021-06-15 11:57:00,NSE:APLAPOLLO,1488.4,1495.0,1488.4,1492.45,1386.0
2021-06-15 12:00:00,NSE:APLAPOLLO,1493.0,1497.9,1491.7,1495.0,2981.0
2021-06-15 12:03:00,NSE:APLAPOLLO,1493.15,1496.75,1492.5,1495.45,1243.0
2021-06-15 12:06:00,NSE:APLAPOLLO,1493.0,1496.2,1492.3,1494.0,1044.0
2021-06-15 12:09:00,NSE:APLAPOLLO,1494.0,1497.95,1493.5,1496.5,1138.0
2021-06-15 12:12:00,NSE:APLAPOLLO,1498.8,1499.0,1496.85,1498.7,1288.0
2021-06-15 12:15:00,NSE:APLAPOLLO,1499.0,1500.0,1494.5,1495.3,2030.0
2021-06-15 12:18:00,NSE:APLAPOLLO,1497.15,1499.0,1493.0,1495.25,1508.0
2021-06-15 12:21:00,NSE:APLAPOLLO,1495.95,1499.85,1495.0,1499.5,1241.0
2021-06-15 12:24:00,NSE:APLAPOLLO,1500.0,1500.25,1493.85,1499.55,5270.0
2021-06-15 12:27:00,NSE:APLAPOLLO,1499.55,1500.0,1495.0,1497.1,1085.0
2021-06-15 12:30:00,NSE:APLAPOLLO,1497.15,1498.6,1494.85,1494.85,1161.0
2021-06-15 12:33:00,NSE:APLAPOLLO,1495.0,1495.0,1492.05,1494.5,1987.0
2021-06-15 12:36:00,NSE:APLAPOLLO,1495.0,1497.0,1494.5,1495.0,2181.0
2021-06-15 12:39:00,NSE:APLAPOLLO,1495.0,1500.75,1495.0,1500.0,1889.0
2021-06-15 12:42:00,NSE:APLAPOLLO,1500.75,1501.0,1500.0,1500.4,1578.0
2021-06-15 12:45:00,NSE:APLAPOLLO,1500.4,1501.0,1495.45,1499.95,1917.0
2021-06-15 12:48:00,NSE:APLAPOLLO,1499.95,1502.5,1496.45,1502.5,3582.0
2021-06-15 12:51:00,NSE:APLAPOLLO,1502.1,1502.1,1496.7,1500.0,2840.0
2021-06-15 12:54:00,NSE:APLAPOLLO,1498.9,1500.0,1498.9,1499.95,2919.0
2021-06-15 12:57:00,NSE:APLAPOLLO,1500.0,1500.0,1498.8,1500.0,4308.0
2021-06-15 13:00:00,NSE:APLAPOLLO,1500.0,1500.0,1499.25,1499.6,1780.0
2021-06-15 13:03:00,NSE:APLAPOLLO,1500.0,1501.0,1499.55,1501.0,2200.0
2021-06-15 13:06:00,NSE:APLAPOLLO,1501.0,1501.0,1499.9,1500.0,2718.0
2021-06-15 13:09:00,NSE:APLAPOLLO,1499.9,1500.85,1499.4,1499.6,5203.0
2021-06-15 13:12:00,NSE:APLAPOLLO,1499.5,1500.0,1499.5,1500.0,1425.0
2021-06-15 13:15:00,NSE:APLAPOLLO,1500.0,1503.1,1499.4,1500.0,3064.0
2021-06-15 13:18:00,NSE:APLAPOLLO,1499.2,1505.0,1499.2,1505.0,1643.0
2021-06-15 13:21:00,NSE:APLAPOLLO,1504.6,1510.0,1503.35,1509.2,1559.0
2021-06-15 13:24:00,NSE:APLAPOLLO,1508.05,1514.5,1504.05,1513.95,5406.0
2021-06-15 13:27:00,NSE:APLAPOLLO,1511.65,1513.95,1508.05,1510.0,1265.0
2021-06-15 13:30:00,NSE:APLAPOLLO,1511.35,1513.0,1503.4,1503.4,2112.0
2021-06-15 13:33:00,NSE:APLAPOLLO,1505.0,1508.15,1503.0,1505.45,2133.0
2021-06-15 13:36:00,NSE:APLAPOLLO,1505.8,1510.0,1505.3,1509.65,1254.0
2021-06-15 13:39:00,NSE:APLAPOLLO,1510.0,1510.0,1504.95,1508.9,2450.0
2021-06-15 13:42:00,NSE:APLAPOLLO,1508.0,1509.25,1500.85,1500.85,2026.0
2021-06-15 13:45:00,NSE:APLAPOLLO,1502.0,1502.0,1496.0,1496.75,5041.0
2021-06-15 13:48:00,NSE:APLAPOLLO,1498.3,1505.0,1496.85,1502.95,1565.0
2021-06-15 13:51:00,NSE:APLAPOLLO,1502.95,1505.0,1501.05,1504.0,1701.0
2021-06-15 13:54:00,NSE:APLAPOLLO,1504.0,1505.0,1501.7,1501.8,1318.0
2021-06-15 13:57:00,NSE:APLAPOLLO,1503.0,1504.9,1501.75,1502.75,1402.0
2021-06-15 14:00:00,NSE:APLAPOLLO,1502.5,1505.0,1502.5,1503.7,1524.0
2021-06-15 14:03:00,NSE:APLAPOLLO,1504.5,1505.0,1503.7,1503.75,1168.0
2021-06-15 14:06:00,NSE:APLAPOLLO,1505.0,1505.0,1503.05,1504.0,1302.0
2021-06-15 14:09:00,NSE:APLAPOLLO,1505.0,1505.0,1504.0,1504.1,1288.0
2021-06-15 14:12:00,NSE:APLAPOLLO,1505.0,1505.0,1504.05,1505.0,1738.0
2021-06-15 14:15:00,NSE:APLAPOLLO,1504.95,1505.0,1503.0,1503.0,1468.0
2021-06-15 14:18:00,NSE:APLAPOLLO,1503.1,1504.8,1503.0,1503.1,1606.0
2021-06-15 14:21:00,NSE:APLAPOLLO,1503.1,1505.0,1503.05,1503.05,1692.0
2021-06-15 14:24:00,NSE:APLAPOLLO,1504.55,1504.65,1501.75,1504.65,1681.0
2021-06-15 14:27:00,NSE:APLAPOLLO,1502.7,1505.0,1502.3,1503.1,1508.0
2021-06-15 14:30:00,NSE:APLAPOLLO,1504.5,1505.0,1503.1,1504.0,1355.0
2021-06-15 14:33:00,NSE:APLAPOLLO,1503.2,1504.0,1501.15,1502.95,1690.0
2021-06-15 14:36:00,NSE:APLAPOLLO,1501.6,1504.0,1498.9,1501.5,2374.0
2021-06-15 14:39:00,NSE:APLAPOLLO,1501.5,1502.0,1495.55,1495.55,3653.0
2021-06-15 14:42:00,NSE:APLAPOLLO,1497.6,1499.4,1493.85,1499.4,2639.0
2021-06-15 14:45:00,NSE:APLAPOLLO,1499.35,1500.0,1494.0,1495.0,3189.0
2021-06-15 14:48:00,NSE:APLAPOLLO,1495.0,1495.0,1492.85,1494.0,1828.0
2021-06-15 14:51:00,NSE:APLAPOLLO,1494.0,1495.0,1492.4,1494.95,2234.0
2021-06-15 14:54:00,NSE:APLAPOLLO,1495.0,1500.0,1493.8,1500.0,3507.0
2021-06-15 14:57:00,NSE:APLAPOLLO,1500.0,1500.55,1498.1,1500.5,1507.0
2021-06-15 15:00:00,NSE:APLAPOLLO,1500.0,1501.1,1498.85,1499.35,1625.0
2021-06-15 15:03:00,NSE:APLAPOLLO,1500.0,1501.0,1497.3,1500.65,1927.0
2021-06-15 15:06:00,NSE:APLAPOLLO,1500.7,1500.7,1495.5,1496.9,2455.0
2021-06-15 15:09:00,NSE:APLAPOLLO,1497.0,1500.65,1495.55,1499.95,2763.0
2021-06-15 15:12:00,NSE:APLAPOLLO,1499.8,1500.0,1496.0,1498.0,2674.0
2021-06-15 15:15:00,NSE:APLAPOLLO,1498.0,1505.0,1495.25,1504.95,4267.0
2021-06-15 15:18:00,NSE:APLAPOLLO,1504.0,1509.9,1501.1,1504.85,3086.0
2021-06-15 15:21:00,NSE:APLAPOLLO,1504.4,1505.0,1503.8,1505.0,2643.0
2021-06-15 15:24:00,NSE:APLAPOLLO,1504.7,1504.7,1496.35,1498.95,2982.0
2021-06-15 15:27:00,NSE:APLAPOLLO,1498.95,1505.0,1497.05,1503.0,502646.0
2021-06-15 15:30:00,NSE:APLAPOLLO,1505.0,1505.0,1505.0,1505.0,7.0
2021-06-15 15:39:00,NSE:APLAPOLLO,1498.6,1498.6,1498.6,1498.6,1.0
2021-06-16 09:06:00,NSE:APLAPOLLO,1521.7,1521.7,1521.7,1521.7,483.0
2021-06-16 09:15:00,NSE:APLAPOLLO,1521.7,1565.0,1504.55,1509.9,7975.0
2021-06-16 09:18:00,NSE:APLAPOLLO,1510.0,1524.4,1510.0,1524.4,2837.0
2021-06-16 09:21:00,NSE:APLAPOLLO,1521.1,1523.45,1492.65,1500.0,7817.0
2021-06-16 09:24:00,NSE:APLAPOLLO,1500.0,1504.95,1496.7,1498.2,4340.0
2021-06-16 09:27:00,NSE:APLAPOLLO,1498.55,1500.0,1495.55,1499.95,4393.0
2021-06-16 09:30:00,NSE:APLAPOLLO,1499.95,1502.0,1499.95,1502.0,3040.0
2021-06-16 09:33:00,NSE:APLAPOLLO,1501.95,1502.0,1497.9,1500.0,2671.0
2021-06-16 09:36:00,NSE:APLAPOLLO,1500.0,1500.0,1498.5,1500.0,1571.0
2021-06-16 09:39:00,NSE:APLAPOLLO,1500.0,1501.95,1485.6,1485.6,3678.0
2021-06-16 09:42:00,NSE:APLAPOLLO,1487.35,1490.95,1480.1,1482.0,2662.0
2021-06-16 09:45:00,NSE:APLAPOLLO,1482.0,1488.55,1480.55,1484.0,1960.0
2021-06-16 09:48:00,NSE:APLAPOLLO,1485.9,1486.65,1471.0,1471.05,5642.0
2021-06-16 09:51:00,NSE:APLAPOLLO,1471.0,1477.9,1470.1,1477.9,1914.0
2021-06-16 09:54:00,NSE:APLAPOLLO,1478.1,1482.8,1475.7,1482.8,3227.0
2021-06-16 09:57:00,NSE:APLAPOLLO,1482.8,1484.95,1480.0,1482.35,1328.0
2021-06-16 10:00:00,NSE:APLAPOLLO,1483.75,1485.0,1482.35,1485.0,967.0
2021-06-16 10:03:00,NSE:APLAPOLLO,1485.7,1491.25,1485.4,1491.0,1447.0
2021-06-16 10:06:00,NSE:APLAPOLLO,1489.6,1489.9,1486.0,1489.9,618.0
2021-06-16 10:09:00,NSE:APLAPOLLO,1489.9,1491.6,1486.85,1491.45,1073.0
2021-06-16 10:12:00,NSE:APLAPOLLO,1491.5,1491.6,1488.95,1488.95,642.0
2021-06-16 10:15:00,NSE:APLAPOLLO,1485.95,1485.95,1480.55,1482.25,1333.0
2021-06-16 10:18:00,NSE:APLAPOLLO,1482.25,1483.8,1480.0,1482.0,668.0
2021-06-16 10:21:00,NSE:APLAPOLLO,1481.95,1482.0,1480.0,1480.95,521.0
2021-06-16 10:24:00,NSE:APLAPOLLO,1480.0,1483.95,1477.05,1477.05,1316.0
2021-06-16 10:27:00,NSE:APLAPOLLO,1478.1,1479.0,1476.1,1477.65,666.0
2021-06-16 10:30:00,NSE:APLAPOLLO,1478.0,1479.55,1471.2,1477.3,2492.0
2021-06-16 10:33:00,NSE:APLAPOLLO,1478.95,1480.0,1477.45,1480.0,1903.0
2021-06-16 10:36:00,NSE:APLAPOLLO,1484.0,1490.05,1482.75,1489.65,632.0
2021-06-16 10:39:00,NSE:APLAPOLLO,1489.65,1492.0,1485.05,1491.45,678.0
2021-06-16 10:42:00,NSE:APLAPOLLO,1491.45,1492.95,1490.0,1492.6,420.0
2021-06-16 10:45:00,NSE:APLAPOLLO,1492.6,1495.0,1491.05,1495.0,388.0
2021-06-16 10:48:00,NSE:APLAPOLLO,1495.0,1495.0,1491.05,1494.0,518.0
2021-06-16 10:51:00,NSE:APLAPOLLO,1494.35,1500.0,1493.0,1498.45,1707.0
2021-06-16 10:54:00,NSE:APLAPOLLO,1498.45,1499.9,1497.5,1499.0,643.0
2021-06-16 10:57:00,NSE:APLAPOLLO,1499.0,1499.0,1492.25,1498.95,940.0
2021-06-16 11:00:00,NSE:APLAPOLLO,1499.0,1499.0,1497.05,1497.2,795.0
2021-06-16 11:03:00,NSE:APLAPOLLO,1498.45,1500.0,1496.0,1497.85,1372.0
2021-06-16 11:06:00,NSE:APLAPOLLO,1499.0,1499.95,1496.5,1498.4,338.0
2021-06-16 11:09:00,NSE:APLAPOLLO,1499.35,1500.0,1497.25,1499.35,693.0
2021-06-16 11:12:00,NSE:APLAPOLLO,1499.35,1500.0,1490.7,1496.1,2962.0
2021-06-16 11:15:00,NSE:APLAPOLLO,1496.1,1497.0,1491.15,1497.0,2405.0
2021-06-16 11:18:00,NSE:APLAPOLLO,1497.0,1498.2,1491.65,1495.0,1685.0
2021-06-16 11:21:00,NSE:APLAPOLLO,1495.0,1497.9,1493.45,1494.15,502.0
2021-06-16 11:24:00,NSE:APLAPOLLO,1496.1,1497.85,1494.0,1495.35,428.0
2021-06-16 11:27:00,NSE:APLAPOLLO,1495.35,1500.35,1495.35,1500.0,12160.0
2021-06-16 11:30:00,NSE:APLAPOLLO,1499.5,1500.0,1499.5,1499.5,585.0
2021-06-16 11:33:00,NSE:APLAPOLLO,1500.0,1500.0,1496.2,1497.0,2234.0
2021-06-16 11:36:00,NSE:APLAPOLLO,1497.0,1498.0,1496.4,1497.3,626.0
2021-06-16 11:39:00,NSE:APLAPOLLO,1497.25,1498.0,1496.0,1496.95,594.0
2021-06-16 11:42:00,NSE:APLAPOLLO,1497.55,1498.0,1495.15,1496.4,779.0
2021-06-16 11:45:00,NSE:APLAPOLLO,1496.95,1497.0,1493.6,1497.0,764.0
2021-06-16 11:48:00,NSE:APLAPOLLO,1496.95,1498.0,1495.65,1496.3,368.0
2021-06-16 11:51:00,NSE:APLAPOLLO,1498.0,1498.0,1496.5,1497.1,538.0
2021-06-16 11:54:00,NSE:APLAPOLLO,1498.0,1499.0,1497.1,1497.55,545.0
2021-06-16 11:57:00,NSE:APLAPOLLO,1498.9,1499.0,1497.5,1497.85,505.0
2021-06-16 12:00:00,NSE:APLAPOLLO,1498.95,1499.0,1497.5,1499.0,732.0
2021-06-16 12:03:00,NSE:APLAPOLLO,1498.75,1499.0,1498.55,1498.6,768.0
2021-06-16 12:06:00,NSE:APLAPOLLO,1499.0,1499.95,1498.1,1498.15,2389.0
2021-06-16 12:09:00,NSE:APLAPOLLO,1499.5,1500.5,1498.1,1500.0,976.0
2021-06-16 12:12:00,NSE:APLAPOLLO,1500.5,1500.5,1498.7,1498.9,1325.0
2021-06-16 12:15:00,NSE:APLAPOLLO,1500.0,1500.0,1498.9,1499.95,608.0
2021-06-16 12:18:00,NSE:APLAPOLLO,1500.0,1500.0,1498.7,1499.95,1249.0
2021-06-16 12:21:00,NSE:APLAPOLLO,1499.95,1500.0,1498.8,1498.8,503.0
2021-06-16 12:24:00,NSE:APLAPOLLO,1499.0,1499.9,1498.7,1499.6,437.0
2021-06-16 12:27:00,NSE:APLAPOLLO,1499.65,1500.0,1498.7,1498.7,930.0
2021-06-16 12:30:00,NSE:APLAPOLLO,1498.7,1499.35,1498.05,1499.25,581.0
2021-06-16 12:33:00,NSE:APLAPOLLO,1499.25,1500.0,1498.05,1499.3,965.0
2021-06-16 12:36:00,NSE:APLAPOLLO,1499.9,1500.0,1498.05,1499.65,499.0
2021-06-16 12:39:00,NSE:APLAPOLLO,1499.95,1499.95,1495.05,1496.3,1401.0
2021-06-16 12:42:00,NSE:APLAPOLLO,1496.3,1496.95,1487.8,1493.4,2636.0
2021-06-16 12:45:00,NSE:APLAPOLLO,1494.0,1494.0,1492.0,1492.35,480.0
2021-06-16 12:48:00,NSE:APLAPOLLO,1493.0,1494.0,1492.0,1492.05,565.0
2021-06-16 12:51:00,NSE:APLAPOLLO,1493.0,1494.0,1492.1,1493.85,318.0
2021-06-16 12:54:00,NSE:APLAPOLLO,1493.9,1494.0,1492.15,1492.75,431.0
2021-06-16 12:57:00,NSE:APLAPOLLO,1493.95,1496.3,1492.85,1496.3,1123.0
2021-06-16 13:00:00,NSE:APLAPOLLO,1496.8,1497.0,1492.05,1492.25,1094.0
2021-06-16 13:03:00,NSE:APLAPOLLO,1493.6,1494.0,1492.25,1493.9,344.0
2021-06-16 13:06:00,NSE:APLAPOLLO,1494.0,1494.0,1493.25,1493.55,2690.0
2021-06-16 13:09:00,NSE:APLAPOLLO,1493.5,1494.0,1493.2,1493.2,333.0
2021-06-16 13:12:00,NSE:APLAPOLLO,1493.95,1494.0,1493.15,1493.8,404.0
2021-06-16 13:15:00,NSE:APLAPOLLO,1494.0,1497.0,1493.1,1494.2,506.0
2021-06-16 13:18:00,NSE:APLAPOLLO,1495.0,1496.9,1493.05,1493.2,1919.0
2021-06-16 13:21:00,NSE:APLAPOLLO,1495.1,1495.1,1490.0,1491.05,1478.0
2021-06-16 13:24:00,NSE:APLAPOLLO,1492.85,1496.45,1491.45,1493.4,547.0
2021-06-16 13:27:00,NSE:APLAPOLLO,1494.8,1497.0,1493.55,1494.8,448.0
2021-06-16 13:30:00,NSE:APLAPOLLO,1496.6,1497.0,1494.2,1495.3,487.0
2021-06-16 13:33:00,NSE:APLAPOLLO,1497.0,1497.0,1494.4,1495.1,737.0
2021-06-16 13:36:00,NSE:APLAPOLLO,1494.85,1497.0,1494.7,1497.0,632.0
2021-06-16 13:39:00,NSE:APLAPOLLO,1496.85,1497.0,1495.1,1495.55,624.0
2021-06-16 13:42:00,NSE:APLAPOLLO,1496.95,1496.95,1491.5,1493.6,1197.0
2021-06-16 13:45:00,NSE:APLAPOLLO,1495.2,1497.0,1493.45,1493.55,660.0
2021-06-16 13:48:00,NSE:APLAPOLLO,1495.4,1497.0,1493.8,1496.95,510.0
2021-06-16 13:51:00,NSE:APLAPOLLO,1496.95,1497.0,1494.8,1495.05,638.0
2021-06-16 13:54:00,NSE:APLAPOLLO,1496.95,1497.0,1495.05,1496.95,980.0
2021-06-16 13:57:00,NSE:APLAPOLLO,1495.6,1497.0,1494.05,1496.95,1086.0
2021-06-16 14:00:00,NSE:APLAPOLLO,1496.95,1497.0,1495.05,1495.45,632.0
2021-06-16 14:03:00,NSE:APLAPOLLO,1495.45,1497.0,1494.15,1494.2,936.0
2021-06-16 14:06:00,NSE:APLAPOLLO,1495.0,1496.35,1492.45,1495.6,1112.0
2021-06-16 14:09:00,NSE:APLAPOLLO,1495.7,1495.7,1492.95,1492.95,156628.0
2021-06-16 14:12:00,NSE:APLAPOLLO,1492.95,1497.0,1492.0,1496.95,1356.0
2021-06-16 14:15:00,NSE:APLAPOLLO,1496.9,1496.95,1490.0,1490.8,2991.0
2021-06-16 14:18:00,NSE:APLAPOLLO,1490.8,1493.0,1490.8,1491.6,722.0
2021-06-16 14:21:00,NSE:APLAPOLLO,1491.8,1493.0,1490.8,1492.95,693.0
2021-06-16 14:24:00,NSE:APLAPOLLO,1492.95,1493.0,1490.0,1490.25,1233.0
2021-06-16 14:27:00,NSE:APLAPOLLO,1492.3,1493.0,1490.3,1491.45,415.0
2021-06-16 14:30:00,NSE:APLAPOLLO,1493.0,1496.8,1491.05,1495.0,1588.0
2021-06-16 14:33:00,NSE:APLAPOLLO,1495.0,1495.0,1493.2,1494.2,735.0
2021-06-16 14:36:00,NSE:APLAPOLLO,1495.0,1495.0,1494.05,1495.0,552.0
2021-06-16 14:39:00,NSE:APLAPOLLO,1494.05,1495.0,1493.15,1493.55,1630.0
2021-06-16 14:42:00,NSE:APLAPOLLO,1493.55,1495.0,1493.55,1495.0,1465.0
2021-06-16 14:45:00,NSE:APLAPOLLO,1495.0,1495.0,1493.6,1495.0,618.0
2021-06-16 14:48:00,NSE:APLAPOLLO,1495.0,1498.0,1493.6,1495.0,1244.0
2021-06-16 14:51:00,NSE:APLAPOLLO,1495.0,1495.0,1494.0,1495.0,503.0
2021-06-16 14:54:00,NSE:APLAPOLLO,1494.0,1498.0,1494.0,1497.0,2624.0
2021-06-16 14:57:00,NSE:APLAPOLLO,1497.95,1498.4,1492.2,1492.35,2169.0
2021-06-16 15:00:00,NSE:APLAPOLLO,1492.35,1495.0,1491.05,1492.4,1369.0
2021-06-16 15:03:00,NSE:APLAPOLLO,1492.4,1492.4,1480.1,1485.25,3889.0
2021-06-16 15:06:00,NSE:APLAPOLLO,1486.45,1490.25,1485.0,1485.0,2550.0
2021-06-16 15:09:00,NSE:APLAPOLLO,1485.0,1485.0,1475.0,1484.3,5544.0
2021-06-16 15:12:00,NSE:APLAPOLLO,1482.75,1495.0,1482.5,1494.1,2004.0
2021-06-16 15:15:00,NSE:APLAPOLLO,1494.1,1497.8,1488.0,1489.0,2156.0
2021-06-16 15:18:00,NSE:APLAPOLLO,1489.1,1496.05,1489.0,1489.75,7082.0
2021-06-16 15:21:00,NSE:APLAPOLLO,1489.15,1493.85,1481.15,1484.7,1783.0
2021-06-16 15:24:00,NSE:APLAPOLLO,1484.4,1491.8,1483.75,1485.0,2002.0
2021-06-16 15:27:00,NSE:APLAPOLLO,1483.5,1490.0,1480.2,1490.0,1256.0
2021-06-16 15:42:00,NSE:APLAPOLLO,1487.85,1487.85,1487.85,1487.85,20.0
2021-06-17 09:06:00,NSE:APLAPOLLO,1485.0,1485.0,1485.0,1485.0,1012.0
2021-06-17 09:15:00,NSE:APLAPOLLO,1486.0,1498.0,1481.65,1495.7,6018.0
2021-06-17 09:18:00,NSE:APLAPOLLO,1496.0,1525.0,1496.0,1519.05,5180.0
2021-06-17 09:21:00,NSE:APLAPOLLO,1512.95,1518.15,1505.05,1509.6,2853.0
2021-06-17 09:24:00,NSE:APLAPOLLO,1497.9,1511.65,1497.9,1506.0,16148.0
2021-06-17 09:27:00,NSE:APLAPOLLO,1505.65,1512.85,1505.65,1512.85,1006.0
2021-06-17 09:30:00,NSE:APLAPOLLO,1514.0,1515.0,1507.9,1510.95,2579.0
2021-06-17 09:33:00,NSE:APLAPOLLO,1510.95,1518.8,1510.95,1516.65,2535.0
2021-06-17 09:36:00,NSE:APLAPOLLO,1518.6,1522.0,1516.45,1522.0,2680.0
2021-06-17 09:39:00,NSE:APLAPOLLO,1522.9,1524.0,1515.1,1522.75,2664.0
2021-06-17 09:42:00,NSE:APLAPOLLO,1522.75,1523.0,1519.0,1520.45,1577.0
2021-06-17 09:45:00,NSE:APLAPOLLO,1519.0,1524.0,1518.15,1519.0,2570.0
2021-06-17 09:48:00,NSE:APLAPOLLO,1519.05,1522.0,1517.05,1522.0,3942.0
2021-06-17 09:51:00,NSE:APLAPOLLO,1522.0,1522.0,1515.0,1518.5,2119.0
2021-06-17 09:54:00,NSE:APLAPOLLO,1519.65,1519.95,1516.85,1519.0,922.0
2021-06-17 09:57:00,NSE:APLAPOLLO,1518.85,1519.75,1516.6,1518.0,954.0
2021-06-17 10:00:00,NSE:APLAPOLLO,1517.75,1518.0,1516.7,1518.0,846.0
2021-06-17 10:03:00,NSE:APLAPOLLO,1518.0,1519.85,1517.0,1518.65,874.0
2021-06-17 10:06:00,NSE:APLAPOLLO,1518.05,1524.0,1517.6,1524.0,1162.0
2021-06-17 10:09:00,NSE:APLAPOLLO,1524.45,1540.4,1524.45,1538.55,12280.0
2021-06-17 10:12:00,NSE:APLAPOLLO,1539.65,1540.0,1529.85,1540.0,155828.0
2021-06-17 10:15:00,NSE:APLAPOLLO,1540.0,1540.0,1518.05,1535.05,57547.0
2021-06-17 10:18:00,NSE:APLAPOLLO,1535.3,1536.95,1531.65,1534.9,1003.0
2021-06-17 10:21:00,NSE:APLAPOLLO,1534.9,1538.95,1533.6,1538.95,828.0
2021-06-17 10:24:00,NSE:APLAPOLLO,1538.55,1538.95,1538.0,1538.75,1046.0
2021-06-17 10:27:00,NSE:APLAPOLLO,1538.75,1540.0,1537.55,1539.95,1501.0
2021-06-17 10:30:00,NSE:APLAPOLLO,1540.0,1545.15,1539.45,1544.0,4566.0
2021-06-17 10:33:00,NSE:APLAPOLLO,1544.95,1545.0,1537.45,1539.9,1453.0
2021-06-17 10:36:00,NSE:APLAPOLLO,1541.3,1545.0,1539.15,1544.3,3376.0
2021-06-17 10:39:00,NSE:APLAPOLLO,1544.9,1545.0,1541.4,1544.75,905.0
2021-06-17 10:42:00,NSE:APLAPOLLO,1545.0,1545.15,1543.1,1544.45,1005.0
2021-06-17 10:45:00,NSE:APLAPOLLO,1543.75,1545.0,1540.55,1543.9,1696.0
2021-06-17 10:48:00,NSE:APLAPOLLO,1543.95,1544.0,1541.7,1541.8,1041.0
2021-06-17 10:51:00,NSE:APLAPOLLO,1541.75,1543.95,1540.15,1543.95,637.0
2021-06-17 10:54:00,NSE:APLAPOLLO,1544.0,1547.0,1542.8,1546.95,2712.0
2021-06-17 10:57:00,NSE:APLAPOLLO,1547.0,1549.0,1547.0,1548.0,1483.0
2021-06-17 11:00:00,NSE:APLAPOLLO,1548.0,1548.0,1546.0,1546.55,903.0
2021-06-17 11:03:00,NSE:APLAPOLLO,1547.55,1554.0,1546.45,1553.0,14416.0
2021-06-17 11:06:00,NSE:APLAPOLLO,1553.0,1555.0,1550.65,1552.05,2649.0
2021-06-17 11:09:00,NSE:APLAPOLLO,1552.0,1553.0,1546.65,1550.0,1867.0
2021-06-17 11:12:00,NSE:APLAPOLLO,1550.0,1550.05,1545.05,1546.7,1416.0
2021-06-17 11:15:00,NSE:APLAPOLLO,1546.95,1549.95,1539.0,1543.95,2171.0
2021-06-17 11:18:00,NSE:APLAPOLLO,1544.0,1545.0,1543.3,1544.95,1686.0
2021-06-17 11:21:00,NSE:APLAPOLLO,1543.45,1549.75,1543.45,1549.7,904.0
2021-06-17 11:24:00,NSE:APLAPOLLO,1549.9,1550.0,1546.6,1548.5,795.0
2021-06-17 11:27:00,NSE:APLAPOLLO,1548.55,1551.45,1547.15,1550.05,22019.0
2021-06-17 11:30:00,NSE:APLAPOLLO,1550.0,1551.7,1550.0,1550.35,6612.0
2021-06-17 11:33:00,NSE:APLAPOLLO,1550.15,1551.45,1550.0,1550.95,2638.0
2021-06-17 11:36:00,NSE:APLAPOLLO,1550.05,1552.45,1550.0,1550.1,1829.0
2021-06-17 11:39:00,NSE:APLAPOLLO,1550.05,1550.1,1546.1,1549.95,2589.0
2021-06-17 11:42:00,NSE:APLAPOLLO,1550.35,1551.0,1549.25,1551.0,1067.0
2021-06-17 11:45:00,NSE:APLAPOLLO,1551.45,1553.0,1550.0,1550.65,655.0
2021-06-17 11:48:00,NSE:APLAPOLLO,1551.7,1552.0,1550.0,1551.25,1102.0
2021-06-17 11:51:00,NSE:APLAPOLLO,1550.05,1553.0,1550.0,1552.1,1166.0
2021-06-17 11:54:00,NSE:APLAPOLLO,1552.15,1552.15,1550.0,1550.1,762.0
2021-06-17 11:57:00,NSE:APLAPOLLO,1550.1,1552.0,1550.0,1550.4,2265.0
2021-06-17 12:00:00,NSE:APLAPOLLO,1550.35,1552.45,1550.0,1550.0,949.0
2021-06-17 12:03:00,NSE:APLAPOLLO,1551.0,1551.9,1550.0,1550.05,657.0
2021-06-17 12:06:00,NSE:APLAPOLLO,1550.05,1551.85,1550.0,1551.0,1258.0
2021-06-17 12:09:00,NSE:APLAPOLLO,1550.05,1554.0,1550.05,1551.15,1584.0
2021-06-17 12:12:00,NSE:APLAPOLLO,1551.15,1554.0,1551.15,1552.0,2027.0
2021-06-17 12:15:00,NSE:APLAPOLLO,1552.0,1555.0,1550.0,1550.0,3864.0
2021-06-17 12:18:00,NSE:APLAPOLLO,1551.95,1551.95,1550.0,1551.65,839.0
2021-06-17 12:21:00,NSE:APLAPOLLO,1551.65,1551.75,1550.05,1551.75,762.0
2021-06-17 12:24:00,NSE:APLAPOLLO,1551.8,1554.05,1550.05,1553.5,1053.0
2021-06-17 12:27:00,NSE:APLAPOLLO,1552.05,1558.1,1552.05,1555.8,8571.0
2021-06-17 12:30:00,NSE:APLAPOLLO,1555.0,1558.7,1553.6,1555.4,2362.0
2021-06-17 12:33:00,NSE:APLAPOLLO,1557.1,1558.0,1556.4,1557.0,1166.0
2021-06-17 12:36:00,NSE:APLAPOLLO,1556.6,1565.75,1556.6,1562.8,12164.0
2021-06-17 12:39:00,NSE:APLAPOLLO,1563.05,1572.0,1561.6,1570.5,9495.0
2021-06-17 12:42:00,NSE:APLAPOLLO,1570.7,1570.95,1568.25,1570.85,5389.0
2021-06-17 12:45:00,NSE:APLAPOLLO,1570.85,1576.85,1569.3,1574.4,12489.0
2021-06-17 12:48:00,NSE:APLAPOLLO,1574.95,1581.2,1573.6,1579.75,7494.0
2021-06-17 12:51:00,NSE:APLAPOLLO,1579.7,1591.5,1579.5,1585.5,19765.0
2021-06-17 12:54:00,NSE:APLAPOLLO,1587.2,1590.0,1578.0,1578.75,9342.0
2021-06-17 12:57:00,NSE:APLAPOLLO,1580.0,1587.75,1565.9,1570.0,18441.0
2021-06-17 13:00:00,NSE:APLAPOLLO,1570.0,1575.5,1570.0,1570.1,3088.0
2021-06-17 13:03:00,NSE:APLAPOLLO,1570.0,1574.45,1570.0,1570.05,2776.0
2021-06-17 13:06:00,NSE:APLAPOLLO,1570.0,1573.3,1570.0,1571.05,1590.0
2021-06-17 13:09:00,NSE:APLAPOLLO,1572.8,1573.0,1570.85,1571.45,915.0
2021-06-17 13:12:00,NSE:APLAPOLLO,1571.45,1572.95,1571.0,1571.0,1425.0
2021-06-17 13:15:00,NSE:APLAPOLLO,1570.65,1571.65,1570.55,1570.7,1486.0
2021-06-17 13:18:00,NSE:APLAPOLLO,1570.7,1580.15,1570.7,1580.0,8560.0
2021-06-17 13:21:00,NSE:APLAPOLLO,1579.25,1582.0,1578.8,1580.0,5201.0
2021-06-17 13:24:00,NSE:APLAPOLLO,1581.1,1584.95,1580.05,1582.9,3118.0
2021-06-17 13:27:00,NSE:APLAPOLLO,1583.4,1588.0,1580.0,1580.0,6267.0
2021-06-17 13:30:00,NSE:APLAPOLLO,1580.65,1591.5,1580.0,1591.5,9671.0
2021-06-17 13:33:00,NSE:APLAPOLLO,1590.05,1597.4,1586.7,1594.25,10654.0
2021-06-17 13:36:00,NSE:APLAPOLLO,1594.25,1594.25,1590.0,1590.0,3596.0
2021-06-17 13:39:00,NSE:APLAPOLLO,1590.1,1598.0,1590.1,1596.15,12529.0
2021-06-17 13:42:00,NSE:APLAPOLLO,1597.1,1597.3,1574.0,1583.0,18471.0
2021-06-17 13:45:00,NSE:APLAPOLLO,1583.0,1584.75,1580.0,1580.5,2997.0
2021-06-17 13:48:00,NSE:APLAPOLLO,1580.5,1582.15,1580.2,1581.0,2482.0
2021-06-17 13:51:00,NSE:APLAPOLLO,1580.05,1581.5,1580.0,1580.0,4460.0
2021-06-17 13:54:00,NSE:APLAPOLLO,1581.05,1581.05,1574.0,1575.0,9390.0
2021-06-17 13:57:00,NSE:APLAPOLLO,1577.0,1578.5,1575.0,1575.5,3735.0
2021-06-17 14:00:00,NSE:APLAPOLLO,1576.0,1580.0,1575.35,1579.25,5448.0
2021-06-17 14:03:00,NSE:APLAPOLLO,1580.0,1585.25,1577.75,1583.1,3675.0
2021-06-17 14:06:00,NSE:APLAPOLLO,1583.1,1586.0,1579.9,1579.9,4301.0
2021-06-17 14:09:00,NSE:APLAPOLLO,1580.0,1582.85,1578.2,1580.05,4690.0
2021-06-17 14:12:00,NSE:APLAPOLLO,1580.0,1587.1,1580.0,1586.75,5787.0
2021-06-17 14:15:00,NSE:APLAPOLLO,1586.7,1590.95,1585.0,1590.0,10707.0
2021-06-17 14:18:00,NSE:APLAPOLLO,1590.0,1599.0,1590.0,1591.8,23675.0
2021-06-17 14:21:00,NSE:APLAPOLLO,1591.8,1592.7,1580.65,1582.5,5450.0
2021-06-17 14:24:00,NSE:APLAPOLLO,1582.5,1584.65,1580.75,1580.75,4962.0
2021-06-17 14:27:00,NSE:APLAPOLLO,1580.7,1587.6,1580.0,1587.6,7065.0
2021-06-17 14:30:00,NSE:APLAPOLLO,1585.05,1593.9,1585.05,1593.05,5536.0
2021-06-17 14:33:00,NSE:APLAPOLLO,1591.95,1593.05,1586.05,1588.05,4348.0
2021-06-17 14:36:00,NSE:APLAPOLLO,1588.75,1589.95,1575.0,1582.35,14760.0
2021-06-17 14:39:00,NSE:APLAPOLLO,1579.85,1583.85,1578.2,1579.2,3796.0
2021-06-17 14:42:00,NSE:APLAPOLLO,1578.4,1579.95,1574.0,1578.05,4495.0
2021-06-17 14:45:00,NSE:APLAPOLLO,1578.8,1578.8,1567.0,1568.0,8080.0
2021-06-17 14:48:00,NSE:APLAPOLLO,1567.85,1572.35,1565.0,1567.3,5576.0
2021-06-17 14:51:00,NSE:APLAPOLLO,1567.25,1568.0,1555.6,1563.25,7866.0
2021-06-17 14:54:00,NSE:APLAPOLLO,1563.1,1563.1,1555.0,1559.8,8054.0
2021-06-17 14:57:00,NSE:APLAPOLLO,1559.7,1564.55,1558.55,1558.6,8495.0
2021-06-17 15:00:00,NSE:APLAPOLLO,1559.8,1565.0,1559.8,1562.25,4463.0
2021-06-17 15:03:00,NSE:APLAPOLLO,1561.7,1565.0,1550.05,1554.2,8907.0
2021-06-17 15:06:00,NSE:APLAPOLLO,1554.9,1563.05,1554.9,1561.25,4400.0
2021-06-17 15:09:00,NSE:APLAPOLLO,1560.65,1565.0,1559.55,1564.7,4539.0
2021-06-17 15:12:00,NSE:APLAPOLLO,1565.0,1565.0,1560.3,1564.1,4631.0
2021-06-17 15:15:00,NSE:APLAPOLLO,1564.1,1565.0,1558.0,1564.6,9107.0
2021-06-17 15:18:00,NSE:APLAPOLLO,1564.4,1578.85,1563.1,1571.1,11570.0
2021-06-17 15:21:00,NSE:APLAPOLLO,1571.05,1571.5,1565.0,1571.5,5887.0
2021-06-17 15:24:00,NSE:APLAPOLLO,1574.85,1575.0,1563.8,1564.0,6336.0
2021-06-17 15:27:00,NSE:APLAPOLLO,1564.0,1565.0,1561.2,1565.0,4373.0
2021-06-17 15:30:00,NSE:APLAPOLLO,1565.0,1565.0,1565.0,1565.0,10.0
2021-06-17 15:39:00,NSE:APLAPOLLO,1564.4,1564.4,1564.4,1564.4,5.0
2021-06-18 09:06:00,NSE:APLAPOLLO,1578.8,1578.8,1578.8,1578.8,387.0
2021-06-18 09:15:00,NSE:APLAPOLLO,1578.75,1579.6,1566.0,1568.4,3185.0
2021-06-18 09:18:00,NSE:APLAPOLLO,1568.55,1568.75,1547.0,1550.0,3837.0
2021-06-18 09:21:00,NSE:APLAPOLLO,1551.25,1552.0,1539.95,1544.25,4386.0
2021-06-18 09:24:00,NSE:APLAPOLLO,1546.05,1554.0,1542.8,1550.0,3494.0
2021-06-18 09:27:00,NSE:APLAPOLLO,1550.0,1554.0,1549.0,1550.0,1671.0
2021-06-18 09:30:00,NSE:APLAPOLLO,1553.9,1564.0,1553.9,1559.0,2783.0
2021-06-18 09:33:00,NSE:APLAPOLLO,1559.0,1573.55,1559.0,1563.55,3027.0
2021-06-18 09:36:00,NSE:APLAPOLLO,1565.3,1565.95,1561.0,1565.4,1303.0
2021-06-18 09:39:00,NSE:APLAPOLLO,1567.7,1567.7,1564.55,1565.0,559.0
2021-06-18 09:42:00,NSE:APLAPOLLO,1565.0,1565.65,1557.3,1557.3,1213.0
2021-06-18 09:45:00,NSE:APLAPOLLO,1559.25,1560.8,1555.0,1555.0,706.0
2021-06-18 09:48:00,NSE:APLAPOLLO,1555.8,1555.8,1550.05,1552.55,1663.0
2021-06-18 09:51:00,NSE:APLAPOLLO,1550.95,1556.8,1545.0,1545.0,2799.0
2021-06-18 09:54:00,NSE:APLAPOLLO,1545.0,1546.9,1538.1,1538.1,2290.0
2021-06-18 09:57:00,NSE:APLAPOLLO,1535.0,1536.65,1527.95,1530.75,3572.0
2021-06-18 10:00:00,NSE:APLAPOLLO,1528.6,1537.9,1526.95,1537.05,2790.0
2021-06-18 10:03:00,NSE:APLAPOLLO,1537.15,1544.95,1537.15,1543.0,2195.0
2021-06-18 10:06:00,NSE:APLAPOLLO,1544.95,1549.05,1542.0,1544.35,1275.0
2021-06-18 10:09:00,NSE:APLAPOLLO,1544.6,1545.35,1537.95,1543.0,1346.0
2021-06-18 10:12:00,NSE:APLAPOLLO,1544.1,1544.85,1535.0,1535.0,1984.0
2021-06-18 10:15:00,NSE:APLAPOLLO,1535.0,1538.0,1532.65,1538.0,1995.0
2021-06-18 10:18:00,NSE:APLAPOLLO,1540.0,1540.0,1537.15,1539.7,1042.0
2021-06-18 10:21:00,NSE:APLAPOLLO,1537.45,1545.45,1537.45,1540.0,2048.0
2021-06-18 10:24:00,NSE:APLAPOLLO,1538.55,1543.0,1535.0,1538.55,1985.0
2021-06-18 10:27:00,NSE:APLAPOLLO,1538.25,1538.25,1530.1,1532.55,4152.0
2021-06-18 10:30:00,NSE:APLAPOLLO,1530.5,1538.0,1530.0,1537.85,2046.0
2021-06-18 10:33:00,NSE:APLAPOLLO,1535.25,1541.8,1535.0,1539.2,1651.0
2021-06-18 10:36:00,NSE:APLAPOLLO,1539.15,1539.6,1535.0,1536.05,1046.0
2021-06-18 10:39:00,NSE:APLAPOLLO,1537.9,1538.8,1535.0,1535.0,1680.0
2021-06-18 10:42:00,NSE:APLAPOLLO,1535.5,1539.75,1535.5,1537.6,608.0
2021-06-18 10:45:00,NSE:APLAPOLLO,1537.55,1540.0,1537.0,1538.2,652.0
2021-06-18 10:48:00,NSE:APLAPOLLO,1538.0,1540.0,1535.0,1535.2,1183.0
2021-06-18 10:51:00,NSE:APLAPOLLO,1535.0,1538.7,1535.0,1536.25,2242.0
2021-06-18 10:54:00,NSE:APLAPOLLO,1538.25,1539.25,1532.0,1532.05,3367.0
2021-06-18 10:57:00,NSE:APLAPOLLO,1532.05,1532.5,1506.7,1517.75,5555.0
2021-06-18 11:00:00,NSE:APLAPOLLO,1520.25,1528.7,1520.0,1524.35,2027.0
2021-06-18 11:03:00,NSE:APLAPOLLO,1526.95,1528.95,1520.05,1528.35,1812.0
2021-06-18 11:06:00,NSE:APLAPOLLO,1528.35,1529.45,1521.05,1521.05,2118.0
2021-06-18 11:09:00,NSE:APLAPOLLO,1525.0,1532.9,1523.65,1525.0,2429.0
2021-06-18 11:12:00,NSE:APLAPOLLO,1525.8,1531.25,1523.0,1526.05,1967.0
2021-06-18 11:15:00,NSE:APLAPOLLO,1526.7,1528.55,1525.05,1527.6,946.0
2021-06-18 11:18:00,NSE:APLAPOLLO,1527.55,1532.0,1526.7,1531.0,904.0
2021-06-18 11:21:00,NSE:APLAPOLLO,1531.75,1531.75,1528.05,1528.95,804.0
2021-06-18 11:24:00,NSE:APLAPOLLO,1530.0,1530.0,1529.0,1530.0,826.0
2021-06-18 11:27:00,NSE:APLAPOLLO,1529.5,1532.0,1529.5,1531.75,1163.0
2021-06-18 11:30:00,NSE:APLAPOLLO,1530.1,1532.0,1530.0,1530.45,1135.0
2021-06-18 11:33:00,NSE:APLAPOLLO,1531.95,1532.0,1530.55,1532.0,501.0
2021-06-18 11:36:00,NSE:APLAPOLLO,1531.7,1532.0,1530.1,1530.95,566.0
2021-06-18 11:39:00,NSE:APLAPOLLO,1530.25,1537.0,1530.25,1536.9,965.0
2021-06-18 11:42:00,NSE:APLAPOLLO,1537.0,1544.75,1535.05,1544.65,1493.0
2021-06-18 11:45:00,NSE:APLAPOLLO,1544.65,1549.0,1542.45,1547.85,1434.0
2021-06-18 11:48:00,NSE:APLAPOLLO,1547.0,1548.95,1543.9,1544.7,821.0
2021-06-18 11:51:00,NSE:APLAPOLLO,1542.75,1545.0,1536.45,1540.5,844.0
2021-06-18 11:54:00,NSE:APLAPOLLO,1539.7,1542.2,1538.1,1540.0,449.0
2021-06-18 11:57:00,NSE:APLAPOLLO,1538.8,1548.0,1538.8,1547.45,405.0
2021-06-18 12:00:00,NSE:APLAPOLLO,1547.95,1548.0,1545.0,1547.45,435.0
2021-06-18 12:03:00,NSE:APLAPOLLO,1547.95,1549.0,1545.05,1548.95,383.0
2021-06-18 12:06:00,NSE:APLAPOLLO,1546.35,1548.95,1545.0,1548.4,573.0
2021-06-18 12:09:00,NSE:APLAPOLLO,1545.0,1545.0,1538.0,1539.3,1314.0
2021-06-18 12:12:00,NSE:APLAPOLLO,1539.3,1540.0,1537.25,1539.95,346.0
2021-06-18 12:15:00,NSE:APLAPOLLO,1540.0,1540.0,1537.5,1539.45,417.0
2021-06-18 12:18:00,NSE:APLAPOLLO,1539.7,1540.0,1535.15,1536.0,1494.0
2021-06-18 12:21:00,NSE:APLAPOLLO,1535.2,1537.95,1535.0,1536.25,576.0
2021-06-18 12:24:00,NSE:APLAPOLLO,1537.95,1538.0,1535.65,1536.75,645.0
2021-06-18 12:27:00,NSE:APLAPOLLO,1536.75,1538.0,1536.1,1538.0,478.0
2021-06-18 12:30:00,NSE:APLAPOLLO,1537.95,1539.95,1536.75,1539.95,706.0
2021-06-18 12:33:00,NSE:APLAPOLLO,1539.9,1550.0,1536.3,1549.05,622420.0
2021-06-18 12:36:00,NSE:APLAPOLLO,1547.7,1549.95,1537.95,1546.65,1581.0
2021-06-18 12:39:00,NSE:APLAPOLLO,1546.65,1555.35,1546.65,1549.6,2243.0
2021-06-18 12:42:00,NSE:APLAPOLLO,1550.75,1552.75,1548.1,1549.3,1179.0
2021-06-18 12:45:00,NSE:APLAPOLLO,1548.1,1549.3,1547.4,1547.4,451.0
2021-06-18 12:48:00,NSE:APLAPOLLO,1547.45,1549.0,1547.4,1547.45,333.0
2021-06-18 12:51:00,NSE:APLAPOLLO,1548.95,1548.95,1545.0,1547.45,514.0
2021-06-18 12:54:00,NSE:APLAPOLLO,1547.4,1548.8,1545.15,1547.8,308.0
2021-06-18 12:57:00,NSE:APLAPOLLO,1547.1,1547.8,1544.75,1546.9,561.0
2021-06-18 13:00:00,NSE:APLAPOLLO,1546.95,1547.3,1545.05,1546.5,555.0
2021-06-18 13:03:00,NSE:APLAPOLLO,1545.95,1546.95,1544.15,1546.45,449.0
2021-06-18 13:06:00,NSE:APLAPOLLO,1544.75,1546.45,1544.5,1545.0,427.0
2021-06-18 13:09:00,NSE:APLAPOLLO,1544.5,1545.1,1544.0,1545.1,576.0
2021-06-18 13:12:00,NSE:APLAPOLLO,1545.1,1546.6,1544.1,1546.45,656.0
2021-06-18 13:15:00,NSE:APLAPOLLO,1545.0,1546.5,1544.0,1544.8,943.0
2021-06-18 13:18:00,NSE:APLAPOLLO,1544.85,1548.4,1543.55,1547.35,710.0
2021-06-18 13:21:00,NSE:APLAPOLLO,1548.4,1549.0,1546.7,1549.0,630.0
2021-06-18 13:24:00,NSE:APLAPOLLO,1547.95,1547.95,1542.05,1543.8,852.0
2021-06-18 13:27:00,NSE:APLAPOLLO,1545.65,1547.0,1541.5,1541.5,1121.0
2021-06-18 13:30:00,NSE:APLAPOLLO,1541.05,1542.0,1535.1,1540.0,2572.0
2021-06-18 13:33:00,NSE:APLAPOLLO,1537.4,1544.35,1537.35,1539.55,497.0
2021-06-18 13:36:00,NSE:APLAPOLLO,1540.8,1545.0,1539.8,1544.9,1114.0
2021-06-18 13:39:00,NSE:APLAPOLLO,1542.0,1542.0,1540.0,1541.0,569.0
2021-06-18 13:42:00,NSE:APLAPOLLO,1540.0,1542.0,1540.0,1541.0,377.0
2021-06-18 13:45:00,NSE:APLAPOLLO,1540.0,1546.9,1539.25,1546.9,550.0
2021-06-18 13:48:00,NSE:APLAPOLLO,1546.75,1546.75,1542.0,1545.3,884.0
2021-06-18 13:51:00,NSE:APLAPOLLO,1546.45,1546.85,1540.15,1542.0,905.0
2021-06-18 13:54:00,NSE:APLAPOLLO,1540.85,1546.9,1540.05,1546.75,1085.0
2021-06-18 13:57:00,NSE:APLAPOLLO,1544.7,1550.7,1543.2,1547.7,965.0
2021-06-18 14:00:00,NSE:APLAPOLLO,1548.2,1550.0,1546.05,1546.05,416.0
2021-06-18 14:03:00,NSE:APLAPOLLO,1546.05,1550.0,1546.05,1548.75,385.0
2021-06-18 14:06:00,NSE:APLAPOLLO,1547.6,1548.7,1544.5,1545.25,256.0
2021-06-18 14:09:00,NSE:APLAPOLLO,1546.0,1549.95,1544.65,1547.8,388.0
2021-06-18 14:12:00,NSE:APLAPOLLO,1547.8,1549.5,1545.95,1547.75,184.0
2021-06-18 14:15:00,NSE:APLAPOLLO,1546.2,1550.0,1544.8,1550.0,170.0
2021-06-18 14:18:00,NSE:APLAPOLLO,1549.1,1550.0,1547.4,1549.2,266.0
2021-06-18 14:21:00,NSE:APLAPOLLO,1548.0,1549.2,1545.1,1545.2,444.0
2021-06-18 14:24:00,NSE:APLAPOLLO,1546.0,1546.0,1543.4,1545.4,519.0
2021-06-18 14:27:00,NSE:APLAPOLLO,1545.45,1545.45,1539.9,1542.25,2332.0
2021-06-18 14:30:00,NSE:APLAPOLLO,1544.0,1550.0,1538.0,1548.05,286023.0
2021-06-18 14:33:00,NSE:APLAPOLLO,1546.4,1548.05,1543.6,1543.6,816.0
2021-06-18 14:36:00,NSE:APLAPOLLO,1543.55,1544.7,1538.4,1538.95,1421.0
2021-06-18 14:39:00,NSE:APLAPOLLO,1538.5,1545.45,1538.0,1543.0,1852.0
2021-06-18 14:42:00,NSE:APLAPOLLO,1543.0,1543.0,1540.0,1541.1,1399.0
2021-06-18 14:45:00,NSE:APLAPOLLO,1540.0,1541.95,1540.0,1541.95,1032.0
2021-06-18 14:48:00,NSE:APLAPOLLO,1541.95,1554.25,1541.0,1551.1,75391.0
2021-06-18 14:51:00,NSE:APLAPOLLO,1551.1,1552.15,1545.65,1546.95,1834.0
2021-06-18 14:54:00,NSE:APLAPOLLO,1546.9,1551.9,1545.0,1550.35,3618.0
2021-06-18 14:57:00,NSE:APLAPOLLO,1551.05,1551.05,1550.0,1550.0,3904.0
2021-06-18 15:00:00,NSE:APLAPOLLO,1550.0,1551.45,1550.0,1550.6,5290.0
2021-06-18 15:03:00,NSE:APLAPOLLO,1550.0,1565.5,1550.0,1565.5,7721.0
2021-06-18 15:06:00,NSE:APLAPOLLO,1565.4,1572.95,1560.45,1560.5,7781.0
2021-06-18 15:09:00,NSE:APLAPOLLO,1560.05,1560.9,1545.0,1552.4,5236.0
2021-06-18 15:12:00,NSE:APLAPOLLO,1550.0,1550.0,1541.0,1544.7,4144.0
2021-06-18 15:15:00,NSE:APLAPOLLO,1543.75,1544.8,1541.0,1543.1,4605.0
2021-06-18 15:18:00,NSE:APLAPOLLO,1543.0,1546.9,1543.0,1544.55,5290.0
2021-06-18 15:21:00,NSE:APLAPOLLO,1544.05,1549.85,1544.05,1545.7,4618.0
2021-06-18 15:24:00,NSE:APLAPOLLO,1545.05,1545.9,1534.2,1534.2,5221.0
2021-06-18 15:27:00,NSE:APLAPOLLO,1534.15,1540.0,1534.15,1540.0,2938.0
2021-06-18 15:42:00,NSE:APLAPOLLO,1549.9,1549.9,1549.9,1549.9,9.0
2021-06-21 09:06:00,NSE:APLAPOLLO,1525.0,1525.0,1525.0,1525.0,206.0
2021-06-21 09:15:00,NSE:APLAPOLLO,1522.05,1544.7,1510.0,1516.3,3974.0
2021-06-21 09:18:00,NSE:APLAPOLLO,1518.75,1544.95,1516.3,1540.05,3045.0
2021-06-21 09:21:00,NSE:APLAPOLLO,1541.65,1549.95,1537.1,1548.7,2505.0
2021-06-21 09:24:00,NSE:APLAPOLLO,1546.1,1554.2,1542.1,1554.2,2795.0
2021-06-21 09:27:00,NSE:APLAPOLLO,1554.0,1566.0,1552.4,1554.95,2376.0
2021-06-21 09:30:00,NSE:APLAPOLLO,1553.7,1556.3,1550.0,1555.1,1216.0
2021-06-21 09:33:00,NSE:APLAPOLLO,1555.7,1569.0,1553.8,1566.8,2600.0
2021-06-21 09:36:00,NSE:APLAPOLLO,1565.55,1567.0,1562.05,1564.0,476.0
2021-06-21 09:39:00,NSE:APLAPOLLO,1564.0,1564.75,1562.2,1564.35,547.0
2021-06-21 09:42:00,NSE:APLAPOLLO,1564.75,1564.75,1555.0,1555.25,862.0
2021-06-21 09:45:00,NSE:APLAPOLLO,1555.05,1559.8,1553.25,1557.6,1894.0
2021-06-21 09:48:00,NSE:APLAPOLLO,1554.7,1554.7,1546.85,1553.45,723.0
2021-06-21 09:51:00,NSE:APLAPOLLO,1553.9,1553.9,1550.0,1551.2,1212.0
2021-06-21 09:54:00,NSE:APLAPOLLO,1550.55,1554.3,1550.0,1554.3,1624.0
2021-06-21 09:57:00,NSE:APLAPOLLO,1552.4,1554.6,1551.0,1551.0,318.0
2021-06-21 10:00:00,NSE:APLAPOLLO,1552.7,1552.9,1550.65,1552.15,175.0
2021-06-21 10:03:00,NSE:APLAPOLLO,1550.65,1554.45,1550.25,1554.15,211.0
2021-06-21 10:06:00,NSE:APLAPOLLO,1553.4,1554.7,1552.45,1554.7,166.0
2021-06-21 10:09:00,NSE:APLAPOLLO,1552.9,1558.95,1552.9,1557.8,724.0
2021-06-21 10:12:00,NSE:APLAPOLLO,1557.25,1562.25,1556.7,1562.2,1139.0
2021-06-21 10:15:00,NSE:APLAPOLLO,1562.05,1563.0,1556.4,1561.75,1171.0
2021-06-21 10:18:00,NSE:APLAPOLLO,1561.1,1572.6,1560.25,1571.95,2096.0
2021-06-21 10:21:00,NSE:APLAPOLLO,1571.95,1576.45,1570.2,1576.45,921.0
2021-06-21 10:24:00,NSE:APLAPOLLO,1576.75,1608.0,1576.75,1606.0,10105.0
2021-06-21 10:27:00,NSE:APLAPOLLO,1606.0,1607.95,1590.15,1596.75,5739.0
2021-06-21 10:30:00,NSE:APLAPOLLO,1598.8,1601.0,1592.5,1596.0,7361.0
2021-06-21 10:33:00,NSE:APLAPOLLO,1596.0,1596.8,1593.2,1594.55,839.0
2021-06-21 10:36:00,NSE:APLAPOLLO,1594.1,1595.0,1580.0,1589.35,1756.0
2021-06-21 10:39:00,NSE:APLAPOLLO,1589.3,1589.9,1585.6,1585.6,1270.0
2021-06-21 10:42:00,NSE:APLAPOLLO,1585.4,1590.0,1585.4,1585.95,286.0
2021-06-21 10:45:00,NSE:APLAPOLLO,1587.2,1589.0,1585.6,1586.4,491.0
2021-06-21 10:48:00,NSE:APLAPOLLO,1586.35,1588.0,1585.45,1587.95,285.0
2021-06-21 10:51:00,NSE:APLAPOLLO,1586.85,1588.0,1585.55,1588.0,315.0
2021-06-21 10:54:00,NSE:APLAPOLLO,1588.6,1588.65,1585.45,1585.7,293.0
2021-06-21 10:57:00,NSE:APLAPOLLO,1585.5,1587.45,1585.0,1585.15,403.0
2021-06-21 11:00:00,NSE:APLAPOLLO,1586.95,1587.25,1575.05,1575.5,1454.0
2021-06-21 11:03:00,NSE:APLAPOLLO,1575.5,1582.65,1575.0,1582.65,600.0
2021-06-21 11:06:00,NSE:APLAPOLLO,1580.8,1583.1,1580.05,1581.0,263.0
2021-06-21 11:09:00,NSE:APLAPOLLO,1581.5,1585.45,1581.0,1585.05,147.0
2021-06-21 11:12:00,NSE:APLAPOLLO,1586.45,1588.8,1586.4,1588.65,221.0
2021-06-21 11:15:00,NSE:APLAPOLLO,1588.65,1588.65,1585.0,1587.0,375.0
2021-06-21 11:18:00,NSE:APLAPOLLO,1584.45,1585.45,1583.55,1583.55,114.0
2021-06-21 11:21:00,NSE:APLAPOLLO,1584.0,1587.4,1584.0,1585.05,312.0
2021-06-21 11:24:00,NSE:APLAPOLLO,1585.8,1587.9,1585.8,1585.85,124.0
2021-06-21 11:27:00,NSE:APLAPOLLO,1585.85,1587.0,1583.15,1585.05,186.0
2021-06-21 11:30:00,NSE:APLAPOLLO,1586.9,1587.4,1585.1,1587.3,140.0
2021-06-21 11:33:00,NSE:APLAPOLLO,1587.3,1587.3,1585.15,1586.85,65.0
2021-06-21 11:36:00,NSE:APLAPOLLO,1585.1,1589.65,1585.0,1588.0,1467.0
2021-06-21 11:39:00,NSE:APLAPOLLO,1587.0,1589.9,1585.6,1586.55,328.0
2021-06-21 11:42:00,NSE:APLAPOLLO,1586.7,1588.75,1585.85,1587.35,349.0
2021-06-21 11:45:00,NSE:APLAPOLLO,1588.05,1588.8,1586.55,1587.55,51.0
2021-06-21 11:48:00,NSE:APLAPOLLO,1586.4,1589.9,1586.25,1589.85,214.0
2021-06-21 11:51:00,NSE:APLAPOLLO,1589.6,1589.6,1586.45,1586.75,70.0
2021-06-21 11:54:00,NSE:APLAPOLLO,1588.4,1589.9,1586.4,1589.9,542.0
2021-06-21 11:57:00,NSE:APLAPOLLO,1587.55,1589.0,1585.75,1585.75,728.0
2021-06-21 12:00:00,NSE:APLAPOLLO,1585.0,1586.1,1585.0,1585.0,1377.0
2021-06-21 12:03:00,NSE:APLAPOLLO,1585.0,1585.5,1585.0,1585.25,183.0
2021-06-21 12:06:00,NSE:APLAPOLLO,1585.0,1587.35,1585.0,1585.0,202.0
2021-06-21 12:09:00,NSE:APLAPOLLO,1585.0,1585.0,1580.0,1580.0,437.0
2021-06-21 12:12:00,NSE:APLAPOLLO,1580.0,1581.55,1575.05,1577.9,2416.0
2021-06-21 12:15:00,NSE:APLAPOLLO,1577.95,1580.15,1577.25,1579.0,2375.0
2021-06-21 12:18:00,NSE:APLAPOLLO,1578.7,1579.35,1577.2,1578.4,242.0
2021-06-21 12:21:00,NSE:APLAPOLLO,1579.35,1580.0,1578.45,1579.95,117.0
2021-06-21 12:24:00,NSE:APLAPOLLO,1579.9,1580.0,1578.85,1580.0,428.0
2021-06-21 12:27:00,NSE:APLAPOLLO,1580.0,1580.95,1579.0,1579.0,285.0
2021-06-21 12:30:00,NSE:APLAPOLLO,1579.05,1581.0,1575.0,1579.6,1626.0
2021-06-21 12:33:00,NSE:APLAPOLLO,1580.65,1581.9,1577.25,1577.25,2182.0
2021-06-21 12:36:00,NSE:APLAPOLLO,1577.05,1580.2,1576.6,1579.95,132.0
2021-06-21 12:39:00,NSE:APLAPOLLO,1578.25,1580.6,1576.8,1578.35,148.0
2021-06-21 12:42:00,NSE:APLAPOLLO,1576.8,1578.4,1575.0,1575.0,78.0
2021-06-21 12:45:00,NSE:APLAPOLLO,1576.15,1580.35,1575.0,1580.0,6116.0
2021-06-21 12:48:00,NSE:APLAPOLLO,1580.0,1589.0,1580.0,1587.0,726.0
2021-06-21 12:51:00,NSE:APLAPOLLO,1587.0,1589.0,1584.1,1584.1,372.0
2021-06-21 12:54:00,NSE:APLAPOLLO,1585.1,1588.35,1583.15,1587.95,1326.0
2021-06-21 12:57:00,NSE:APLAPOLLO,1587.2,1589.0,1586.85,1586.85,286.0
2021-06-21 13:00:00,NSE:APLAPOLLO,1587.0,1589.95,1586.75,1587.55,294.0
2021-06-21 13:03:00,NSE:APLAPOLLO,1589.55,1595.0,1588.2,1594.0,979.0
2021-06-21 13:06:00,NSE:APLAPOLLO,1593.9,1593.95,1590.0,1591.75,796.0
2021-06-21 13:09:00,NSE:APLAPOLLO,1590.35,1593.85,1587.85,1592.3,16638.0
2021-06-21 13:12:00,NSE:APLAPOLLO,1591.85,1593.7,1590.0,1590.0,520.0
2021-06-21 13:15:00,NSE:APLAPOLLO,1590.0,1592.95,1590.0,1590.05,802.0
2021-06-21 13:18:00,NSE:APLAPOLLO,1590.0,1592.95,1590.0,1592.1,1058.0
2021-06-21 13:21:00,NSE:APLAPOLLO,1592.0,1593.15,1592.0,1592.05,459.0
2021-06-21 13:24:00,NSE:APLAPOLLO,1592.0,1593.6,1590.0,1592.25,1442.0
2021-06-21 13:27:00,NSE:APLAPOLLO,1592.25,1593.5,1592.0,1592.0,343.0
2021-06-21 13:30:00,NSE:APLAPOLLO,1592.25,1592.4,1592.0,1592.0,927.0
2021-06-21 13:33:00,NSE:APLAPOLLO,1592.05,1594.85,1592.0,1594.05,1525.0
2021-06-21 13:36:00,NSE:APLAPOLLO,1594.05,1598.7,1594.0,1597.0,1161.0
2021-06-21 13:39:00,NSE:APLAPOLLO,1595.2,1598.0,1595.1,1595.7,530947.0
2021-06-21 13:42:00,NSE:APLAPOLLO,1595.7,1602.0,1595.65,1600.1,2753.0
2021-06-21 13:45:00,NSE:APLAPOLLO,1600.1,1601.0,1596.05,1596.05,1404.0
2021-06-21 13:48:00,NSE:APLAPOLLO,1596.15,1596.15,1595.0,1595.0,1159.0
2021-06-21 13:51:00,NSE:APLAPOLLO,1595.0,1596.9,1595.0,1595.4,1241.0
2021-06-21 13:54:00,NSE:APLAPOLLO,1595.4,1595.5,1594.0,1595.5,2249.0
2021-06-21 13:57:00,NSE:APLAPOLLO,1596.0,1599.5,1595.0,1595.0,1346.0
2021-06-21 14:00:00,NSE:APLAPOLLO,1595.0,1596.9,1595.0,1595.0,2686.0
2021-06-21 14:03:00,NSE:APLAPOLLO,1595.0,1596.8,1595.0,1595.6,444.0
2021-06-21 14:06:00,NSE:APLAPOLLO,1595.6,1597.4,1595.0,1597.0,1874.0
2021-06-21 14:09:00,NSE:APLAPOLLO,1597.0,1597.4,1595.0,1595.0,672.0
2021-06-21 14:12:00,NSE:APLAPOLLO,1595.0,1595.65,1595.0,1595.0,791.0
2021-06-21 14:15:00,NSE:APLAPOLLO,1595.05,1596.0,1595.0,1595.0,413.0
2021-06-21 14:18:00,NSE:APLAPOLLO,1596.0,1596.0,1595.0,1595.0,1309.0
2021-06-21 14:21:00,NSE:APLAPOLLO,1595.05,1596.0,1595.0,1595.0,588.0
2021-06-21 14:24:00,NSE:APLAPOLLO,1595.3,1596.75,1595.0,1595.15,464.0
2021-06-21 14:27:00,NSE:APLAPOLLO,1596.0,1596.0,1595.15,1596.0,618.0
2021-06-21 14:30:00,NSE:APLAPOLLO,1595.55,1596.95,1595.0,1595.0,473.0
2021-06-21 14:33:00,NSE:APLAPOLLO,1595.0,1598.8,1595.0,1597.05,1531.0
2021-06-21 14:36:00,NSE:APLAPOLLO,1597.05,1601.95,1597.0,1600.05,4013.0
2021-06-21 14:39:00,NSE:APLAPOLLO,1600.1,1601.5,1597.05,1599.15,1300.0
2021-06-21 14:42:00,NSE:APLAPOLLO,1599.35,1602.25,1599.2,1600.5,992.0
2021-06-21 14:45:00,NSE:APLAPOLLO,1600.25,1602.0,1600.25,1600.35,601.0
2021-06-21 14:48:00,NSE:APLAPOLLO,1600.35,1603.0,1600.0,1601.25,1517.0
2021-06-21 14:51:00,NSE:APLAPOLLO,1601.3,1614.0,1601.3,1608.15,11365.0
2021-06-21 14:54:00,NSE:APLAPOLLO,1608.75,1614.0,1607.8,1612.8,2860.0
2021-06-21 14:57:00,NSE:APLAPOLLO,1612.8,1613.0,1610.0,1610.0,1347.0
2021-06-21 15:00:00,NSE:APLAPOLLO,1610.0,1623.65,1610.0,1622.35,7533.0
2021-06-21 15:03:00,NSE:APLAPOLLO,1623.0,1629.0,1620.95,1625.45,20693.0
2021-06-21 15:06:00,NSE:APLAPOLLO,1625.85,1628.45,1621.8,1624.95,7154.0
2021-06-21 15:09:00,NSE:APLAPOLLO,1625.0,1628.65,1624.95,1625.85,3709.0
2021-06-21 15:12:00,NSE:APLAPOLLO,1627.0,1628.35,1625.0,1626.65,2130.0
2021-06-21 15:15:00,NSE:APLAPOLLO,1626.6,1627.2,1625.0,1625.1,3442.0
2021-06-21 15:18:00,NSE:APLAPOLLO,1625.3,1627.45,1624.1,1627.45,3350.0
2021-06-21 15:21:00,NSE:APLAPOLLO,1626.8,1630.0,1624.0,1625.0,5324.0
2021-06-21 15:24:00,NSE:APLAPOLLO,1624.6,1626.0,1622.85,1623.7,5082.0
2021-06-21 15:27:00,NSE:APLAPOLLO,1625.0,1625.0,1618.05,1623.8,4639.0
2021-06-21 15:39:00,NSE:APLAPOLLO,1624.75,1624.75,1624.75,1624.75,1.0
2021-06-22 09:06:00,NSE:APLAPOLLO,1644.0,1644.0,1644.0,1644.0,563.0
2021-06-22 09:15:00,NSE:APLAPOLLO,1643.95,1644.7,1640.0,1641.6,3123.0
2021-06-22 09:18:00,NSE:APLAPOLLO,1641.55,1642.3,1617.8,1621.25,5076.0
2021-06-22 09:21:00,NSE:APLAPOLLO,1621.95,1644.7,1621.25,1644.0,4273.0
2021-06-22 09:24:00,NSE:APLAPOLLO,1644.0,1644.05,1634.05,1637.9,1660.0
2021-06-22 09:27:00,NSE:APLAPOLLO,1637.45,1642.95,1633.6,1640.85,4284.0
2021-06-22 09:30:00,NSE:APLAPOLLO,1642.95,1642.95,1634.35,1639.9,1414.0
2021-06-22 09:33:00,NSE:APLAPOLLO,1635.0,1640.0,1635.0,1638.5,643.0
2021-06-22 09:36:00,NSE:APLAPOLLO,1639.8,1639.95,1637.15,1638.8,1443.0
2021-06-22 09:39:00,NSE:APLAPOLLO,1638.0,1639.9,1628.05,1628.05,2836.0
2021-06-22 09:42:00,NSE:APLAPOLLO,1628.05,1631.95,1620.05,1623.75,1527.0
2021-06-22 09:45:00,NSE:APLAPOLLO,1624.65,1629.95,1622.45,1623.9,2173.0
2021-06-22 09:48:00,NSE:APLAPOLLO,1624.0,1625.0,1622.0,1622.0,1074.0
2021-06-22 09:51:00,NSE:APLAPOLLO,1622.0,1627.95,1622.0,1623.5,1308.0
2021-06-22 09:54:00,NSE:APLAPOLLO,1623.5,1623.95,1621.65,1621.65,948.0
2021-06-22 09:57:00,NSE:APLAPOLLO,1622.1,1624.75,1621.4,1623.8,748.0
2021-06-22 10:00:00,NSE:APLAPOLLO,1623.8,1627.0,1622.05,1625.5,1610.0
2021-06-22 10:03:00,NSE:APLAPOLLO,1625.5,1625.5,1621.5,1621.7,721.0
2021-06-22 10:06:00,NSE:APLAPOLLO,1621.55,1624.25,1621.55,1622.05,408.0
2021-06-22 10:09:00,NSE:APLAPOLLO,1623.0,1623.0,1620.05,1620.05,462.0
2021-06-22 10:12:00,NSE:APLAPOLLO,1619.15,1619.4,1608.55,1613.3,2939.0
2021-06-22 10:15:00,NSE:APLAPOLLO,1613.3,1619.55,1612.1,1619.0,971.0
2021-06-22 10:18:00,NSE:APLAPOLLO,1619.95,1622.55,1618.05,1620.35,466.0
2021-06-22 10:21:00,NSE:APLAPOLLO,1619.4,1619.6,1615.2,1615.45,557.0
2021-06-22 10:24:00,NSE:APLAPOLLO,1613.2,1615.25,1610.95,1610.95,572.0
2021-06-22 10:27:00,NSE:APLAPOLLO,1610.05,1622.15,1608.85,1621.2,1765.0
2021-06-22 10:30:00,NSE:APLAPOLLO,1621.2,1621.2,1612.95,1618.0,1221.0
2021-06-22 10:33:00,NSE:APLAPOLLO,1618.4,1622.0,1617.85,1621.35,1008.0
2021-06-22 10:36:00,NSE:APLAPOLLO,1620.0,1621.15,1612.0,1620.9,654.0
2021-06-22 10:39:00,NSE:APLAPOLLO,1619.9,1620.9,1618.7,1618.7,100.0
2021-06-22 10:42:00,NSE:APLAPOLLO,1616.0,1621.0,1616.0,1618.0,731.0
2021-06-22 10:45:00,NSE:APLAPOLLO,1617.15,1620.0,1617.15,1620.0,209.0
2021-06-22 10:48:00,NSE:APLAPOLLO,1619.5,1620.0,1617.0,1618.75,377.0
2021-06-22 10:51:00,NSE:APLAPOLLO,1617.4,1618.75,1616.55,1616.55,133.0
2021-06-22 10:54:00,NSE:APLAPOLLO,1616.5,1618.4,1616.4,1618.4,185.0
2021-06-22 10:57:00,NSE:APLAPOLLO,1618.0,1618.75,1616.45,1616.45,422.0
2021-06-22 11:00:00,NSE:APLAPOLLO,1617.65,1618.4,1614.8,1618.4,487.0
2021-06-22 11:03:00,NSE:APLAPOLLO,1618.35,1618.75,1615.9,1618.6,192.0
2021-06-22 11:06:00,NSE:APLAPOLLO,1618.7,1619.5,1617.25,1619.25,258.0
2021-06-22 11:09:00,NSE:APLAPOLLO,1619.2,1624.95,1618.6,1620.7,1116.0
2021-06-22 11:12:00,NSE:APLAPOLLO,1620.45,1621.2,1612.65,1612.65,1613.0
2021-06-22 11:15:00,NSE:APLAPOLLO,1613.05,1615.25,1611.0,1611.0,1336.0
2021-06-22 11:18:00,NSE:APLAPOLLO,1612.95,1615.0,1611.0,1613.75,1194.0
2021-06-22 11:21:00,NSE:APLAPOLLO,1614.25,1614.25,1610.0,1612.75,1385.0
2021-06-22 11:24:00,NSE:APLAPOLLO,1613.7,1614.8,1610.05,1612.8,1181.0
2021-06-22 11:27:00,NSE:APLAPOLLO,1614.95,1615.0,1611.45,1613.5,677.0
2021-06-22 11:30:00,NSE:APLAPOLLO,1611.0,1613.0,1610.1,1610.25,467.0
2021-06-22 11:33:00,NSE:APLAPOLLO,1612.0,1612.55,1610.1,1610.2,164.0
2021-06-22 11:36:00,NSE:APLAPOLLO,1610.55,1613.6,1610.1,1610.1,328.0
2021-06-22 11:39:00,NSE:APLAPOLLO,1611.0,1612.2,1609.0,1609.0,1462.0
2021-06-22 11:42:00,NSE:APLAPOLLO,1609.55,1611.65,1609.55,1609.7,275.0
2021-06-22 11:45:00,NSE:APLAPOLLO,1609.7,1612.1,1609.0,1611.0,602.0
2021-06-22 11:48:00,NSE:APLAPOLLO,1610.55,1612.0,1610.05,1611.05,283.0
2021-06-22 11:51:00,NSE:APLAPOLLO,1612.0,1612.0,1611.0,1611.0,160.0
2021-06-22 11:54:00,NSE:APLAPOLLO,1611.0,1611.9,1611.0,1611.0,733.0
2021-06-22 11:57:00,NSE:APLAPOLLO,1611.0,1614.7,1611.0,1614.05,1196.0
2021-06-22 12:00:00,NSE:APLAPOLLO,1614.85,1614.85,1614.0,1614.5,57.0
2021-06-22 12:03:00,NSE:APLAPOLLO,1614.5,1614.5,1613.45,1613.45,326.0
2021-06-22 12:06:00,NSE:APLAPOLLO,1614.0,1614.8,1611.0,1611.05,425.0
2021-06-22 12:09:00,NSE:APLAPOLLO,1611.05,1613.75,1610.0,1611.8,469.0
2021-06-22 12:12:00,NSE:APLAPOLLO,1611.8,1614.2,1611.5,1612.95,474.0
2021-06-22 12:15:00,NSE:APLAPOLLO,1612.55,1613.0,1610.75,1610.75,221.0
2021-06-22 12:18:00,NSE:APLAPOLLO,1610.75,1611.45,1610.6,1610.6,192.0
2021-06-22 12:21:00,NSE:APLAPOLLO,1610.75,1610.75,1605.5,1606.1,875.0
2021-06-22 12:24:00,NSE:APLAPOLLO,1606.1,1611.95,1606.1,1611.2,230.0
2021-06-22 12:27:00,NSE:APLAPOLLO,1610.3,1611.2,1605.5,1608.4,1314.0
2021-06-22 12:30:00,NSE:APLAPOLLO,1608.4,1608.4,1605.0,1605.8,316.0
2021-06-22 12:33:00,NSE:APLAPOLLO,1606.7,1608.55,1606.15,1608.0,652.0
2021-06-22 12:36:00,NSE:APLAPOLLO,1607.25,1607.6,1605.65,1606.55,149.0
2021-06-22 12:39:00,NSE:APLAPOLLO,1606.55,1606.55,1602.0,1603.65,1673.0
2021-06-22 12:42:00,NSE:APLAPOLLO,1604.3,1605.3,1602.5,1602.5,453.0
2021-06-22 12:45:00,NSE:APLAPOLLO,1604.35,1605.3,1602.3,1605.3,825.0
2021-06-22 12:48:00,NSE:APLAPOLLO,1603.5,1605.3,1603.1,1605.25,588.0
2021-06-22 12:51:00,NSE:APLAPOLLO,1605.0,1605.45,1602.95,1604.55,271.0
2021-06-22 12:54:00,NSE:APLAPOLLO,1604.55,1607.7,1603.0,1607.7,447.0
2021-06-22 12:57:00,NSE:APLAPOLLO,1607.7,1607.7,1602.3,1604.55,1554.0
2021-06-22 13:00:00,NSE:APLAPOLLO,1604.8,1610.0,1604.75,1610.0,2002.0
2021-06-22 13:03:00,NSE:APLAPOLLO,1608.5,1610.0,1607.9,1609.95,618.0
2021-06-22 13:06:00,NSE:APLAPOLLO,1609.95,1609.95,1602.3,1603.95,1040.0
2021-06-22 13:09:00,NSE:APLAPOLLO,1602.95,1604.95,1602.9,1604.95,202.0
2021-06-22 13:12:00,NSE:APLAPOLLO,1605.0,1605.0,1603.8,1604.3,1100.0
2021-06-22 13:15:00,NSE:APLAPOLLO,1605.0,1605.0,1603.8,1604.95,867.0
2021-06-22 13:18:00,NSE:APLAPOLLO,1605.0,1608.55,1604.95,1606.1,790.0
2021-06-22 13:21:00,NSE:APLAPOLLO,1607.3,1609.0,1605.65,1609.0,272.0
2021-06-22 13:24:00,NSE:APLAPOLLO,1608.1,1609.15,1602.85,1604.5,954.0
2021-06-22 13:27:00,NSE:APLAPOLLO,1603.05,1606.95,1603.0,1606.95,280.0
2021-06-22 13:30:00,NSE:APLAPOLLO,1606.4,1607.0,1603.65,1606.3,395.0
2021-06-22 13:33:00,NSE:APLAPOLLO,1606.25,1609.0,1605.0,1609.0,711.0
2021-06-22 13:36:00,NSE:APLAPOLLO,1608.05,1609.9,1605.05,1605.5,1431.0
2021-06-22 13:39:00,NSE:APLAPOLLO,1605.4,1608.0,1605.4,1608.0,503.0
2021-06-22 13:42:00,NSE:APLAPOLLO,1606.75,1608.0,1605.05,1607.5,459.0
2021-06-22 13:45:00,NSE:APLAPOLLO,1606.55,1607.6,1604.8,1607.4,1561.0
2021-06-22 13:48:00,NSE:APLAPOLLO,1607.4,1607.75,1597.1,1606.2,4337.0
2021-06-22 13:51:00,NSE:APLAPOLLO,1603.65,1607.75,1603.65,1605.45,972.0
2021-06-22 13:54:00,NSE:APLAPOLLO,1605.45,1608.0,1601.45,1603.75,705.0
2021-06-22 13:57:00,NSE:APLAPOLLO,1605.35,1606.8,1602.7,1605.45,290.0
2021-06-22 14:00:00,NSE:APLAPOLLO,1605.75,1607.25,1600.0,1607.25,978.0
2021-06-22 14:03:00,NSE:APLAPOLLO,1605.4,1607.1,1600.55,1605.0,627.0
2021-06-22 14:06:00,NSE:APLAPOLLO,1605.0,1610.0,1605.0,1609.25,3302.0
2021-06-22 14:09:00,NSE:APLAPOLLO,1609.95,1610.0,1609.3,1609.9,220.0
2021-06-22 14:12:00,NSE:APLAPOLLO,1610.0,1610.0,1608.0,1608.9,273.0
2021-06-22 14:15:00,NSE:APLAPOLLO,1609.95,1610.0,1608.95,1610.0,232.0
2021-06-22 14:18:00,NSE:APLAPOLLO,1609.95,1610.0,1609.65,1610.0,287.0
2021-06-22 14:21:00,NSE:APLAPOLLO,1610.0,1610.0,1609.55,1609.75,595.0
2021-06-22 14:24:00,NSE:APLAPOLLO,1609.75,1610.0,1609.45,1609.95,250.0
2021-06-22 14:27:00,NSE:APLAPOLLO,1610.0,1610.0,1609.5,1609.5,576.0
2021-06-22 14:30:00,NSE:APLAPOLLO,1609.5,1611.0,1609.5,1610.0,645.0
2021-06-22 14:33:00,NSE:APLAPOLLO,1610.0,1611.0,1609.65,1609.8,461.0
2021-06-22 14:36:00,NSE:APLAPOLLO,1609.75,1609.95,1608.1,1609.95,348.0
2021-06-22 14:39:00,NSE:APLAPOLLO,1609.95,1609.95,1608.1,1608.1,546.0
2021-06-22 14:42:00,NSE:APLAPOLLO,1608.1,1609.35,1605.0,1607.6,733.0
2021-06-22 14:45:00,NSE:APLAPOLLO,1607.6,1609.75,1606.3,1607.65,755.0
2021-06-22 14:48:00,NSE:APLAPOLLO,1608.35,1609.5,1606.3,1608.1,844.0
2021-06-22 14:51:00,NSE:APLAPOLLO,1608.05,1609.7,1604.35,1604.35,1201.0
2021-06-22 14:54:00,NSE:APLAPOLLO,1606.0,1606.0,1604.0,1605.8,292.0
2021-06-22 14:57:00,NSE:APLAPOLLO,1605.95,1607.5,1604.0,1606.35,233.0
2021-06-22 15:00:00,NSE:APLAPOLLO,1605.65,1609.0,1605.65,1609.0,591.0
2021-06-22 15:03:00,NSE:APLAPOLLO,1609.0,1609.95,1606.5,1607.95,1496.0
2021-06-22 15:06:00,NSE:APLAPOLLO,1607.95,1609.3,1607.0,1607.75,804.0
2021-06-22 15:09:00,NSE:APLAPOLLO,1610.0,1610.0,1607.0,1608.85,808.0
2021-06-22 15:12:00,NSE:APLAPOLLO,1608.0,1611.0,1607.4,1610.1,1291.0
2021-06-22 15:15:00,NSE:APLAPOLLO,1610.3,1611.0,1609.0,1611.0,1114.0
2021-06-22 15:18:00,NSE:APLAPOLLO,1611.0,1611.5,1606.5,1606.5,2454.0
2021-06-22 15:21:00,NSE:APLAPOLLO,1606.5,1608.5,1605.3,1608.0,2240.0
2021-06-22 15:24:00,NSE:APLAPOLLO,1608.05,1610.0,1604.95,1608.65,1571.0
2021-06-22 15:27:00,NSE:APLAPOLLO,1608.05,1611.0,1605.0,1611.0,1776.0
2021-06-22 15:39:00,NSE:APLAPOLLO,1608.65,1608.65,1608.65,1608.65,5.0
